THERMO_OK climate=ok score=78
THERMO_LIVE /Users/christophe/ace777-test-day1/Index_Maison/thermo/live.json
FUNDING now=7.8e-05 avg30=6.006e-05 prevMonth=2.193e-05
MISSION_OK combo=-0.7163 cycle=252 alert=red
  ALPHA fills=1 pnl=-1.4899
  BETA  fills=9 pnl=0.7736
  HULK  bags=9 pnl=-6.377
Résumé horaire Cortana — 2026-07-30T16:36Z. Climat CALME, score 78/100. BTC mark 6.5e+04, 1h 0.25%, 4h -0.06%, 24h 1.51%. Funding now 7.8e-05 · moy 30j 6.006e-05. Long/Short 1.276 · OI 1.064e+05 · taker 1.18. Whales proxy : 0 prints ≥500k$ (≈0$). ACE LIVE NUAGE_SETUP_AVANT_LIVE_COLOR.log · SKIP 477 · PnL sess -0.716 · heat 2.1. Portefeuille lecture : ACE -0.716 · Hulk -6.38 · total -7.09. Avis Cortana : sentiment plutôt constructif — thermo calme, pas de feu rouge. Je reste vigilant sur le funding et le duo ; pas de GO implicite.
[sentiment=BULLISH]
THERMO_OK climate=ok score=79
THERMO_LIVE /Users/christophe/ace777-test-day1/Index_Maison/thermo/live.json
FUNDING now=5.8e-05 avg30=6.006e-05 prevMonth=2.193e-05
MISSION_OK combo=-1.1652 cycle=639 alert=red
  ALPHA fills=3 pnl=-1.5139
  BETA  fills=24 pnl=0.3487
  HULK  bags=11 pnl=-6.377
Résumé Cortana. Climat calme, score 79 sur cent. Bitcoin cours 64891 dollars, une heure 0.16%, quatre heures -0.16%, vingt-quatre heures 1.71%. Taux de financement actuel 5.8e-05, moyenne trente jours 6.006e-05. Ratio long court 1.26, intérêt ouvert 1e+05, ratio acheteur 1.3. Baleines : 1 grosses transactions, environ 6e+05 dollars. Ace en direct, 974 passés, bénéfice session -1.17$, chaleur 4. Portefeuille : Ace -1.17$, Hulk -6.38$, total -7.54$. Avis Cortana : sentiment plutôt constructif — thermo calme, pas de feu rouge. Je reste vigilant sur le funding et le duo ; pas de GO implicite.
[sentiment=BULLISH]
[voix:say:Thomas] Cortana. Résumé Cortana. Climat calme, score soixante-dix-neuf sur cent. Bitcoin cours 64891 dollars, une heure zéro virgule un six pour cent, quatre heures moi…
[voix] Cortana. Résumé Cortana. Climat calme, score soixante-dix-neuf sur cent. Bitcoin cours 64891 dollars, une heure zéro virgule un six pour cent, quatre heures moins zéro virgule un six pour cent, vingt-quatre heures un virgule sept un pour cent. Taux de financement actuel zéro virgule zéro zéro zéro zéro, moyenne trente jours zéro virgule zéro zéro zéro zéro. Ratio position longue court un virgule deux six, intérêt ouvert un zéro zéro zéro zéro zéro, ratio acheteur un virgule trois. Baleines : un grosses transactions, environ six zéro zéro zéro zéro zéro dollars. Ace en direct, neuf cent soixante-quatorze passés, bénéfice session moins un virgule un sept dollars, chaleur 4. Portefeuille : Ace moins un virgule un sept dollars, Hulk moins six virgule trois huit dollars, total moins sept virgule cinq quatre dollars. Avis Cortana : sentiment plutôt constructif — thermo calme, pas de feu rouge. Je reste vigilant sur le taux de financement et le duo ; pas de GO implicite.
THERMO_OK climate=ok score=85
THERMO_LIVE /Users/christophe/ace777-test-day1/Index_Maison/thermo/live.json
FUNDING now=4.2e-05 avg30=6.006e-05 prevMonth=2.193e-05
MISSION_OK combo=-1.2587 cycle=773 alert=red
  ALPHA fills=3 pnl=-1.5139
  BETA  fills=26 pnl=0.2552
  HULK  bags=11 pnl=-6.377
Résumé Cortana, mode pédagogique. Climat calme, score 85 sur cent. Avis climat : calme, score 85 — thermo plutôt clément ; bon pour observer, pas une invitation à monter le risque. Bitcoin cours 64710 dollars, une heure -0.20%, quatre heures 0.09%, vingt-quatre heures 0.99%. Avis prix : sur une heure, le bitcoin bouge peu — marché plutôt plat. Taux de financement actuel 0.000042, moyenne trente jours 0.00006, mois précédent 0.000022. Avis : un peu plus bas que la moyenne des trente jours, et au-dessus de la moyenne du mois précédent. En clair : funding positif soft — les longs paient encore les shorts, rien d’extrême Ratio long court 1.26, intérêt ouvert 1e+05, ratio acheteur 0.96. Avis positionnement : équilibre long-court assez classique ; l’intérêt ouvert donne la taille des paris ouverts — à croiser avec le prix, pas seul. Baleines : 1 grosses transactions, environ 6e+05 dollars. Avis baleines : 1 print(s) au-dessus du seuil — activité institutionnelle ou whale possible, à croiser avec le prix. Ace en direct, 988 passés, bénéfice session -1.26$, chaleur 4. Avis stacks : chaleur Ace dans une zone moyenne ; beaucoup de SKIP : le filtre refuse souvent — sagesse ou marché trop sale ; Hulk aussi dans le rouge — les deux stacks demandent de l’œil. Portefeuille : Ace -1.26$, Hulk -6.38$, total -7.64$. Synthèse : sentiment neutre à légèrement positif. On laisse tourner le setup ; je sniffe, je ne décide pas à ta place.
[sentiment=NEUTRE]
[voix:MUETTE] Cortana. Résumé Cortana, mode pédagogique. Climat calme, score quatre-vingt-cinq sur cent. Avis climat : calme, score qu…
[voix:ok] Cortana. Résumé Cortana, mode pédagogique. Climat calme, score quatre-vingt-cinq sur cent. Avis climat : calme, score quatre-vingt-cinq — thermo plutôt clément ; bon pour observer, pas une invitation …
THERMO_OK climate=ok score=100
THERMO_LIVE /Users/christophe/ace777-test-day1/Index_Maison/thermo/live.json
FUNDING now=None avg30=None prevMonth=None
MISSION_OK combo=-1.8825 cycle=357 alert=red
  ALPHA fills=4 pnl=-1.5943
  BETA  fills=59 pnl=-0.2882
  HULK  bags=11 pnl=-6.377
Résumé Cortana, mode pédagogique. Climat calme, score 100 sur cent. Avis climat : calme, score 100 — thermo plutôt clément ; bon pour observer, pas une invitation à monter le risque. Bitcoin cours n/d dollars, une heure n/d, quatre heures n/d, vingt-quatre heures n/d. Avis prix : lecture incomplète. Taux de financement actuel non disponible, moyenne trente jours non disponible, mois précédent non disponible. Avis : je n’ai pas assez d’historique funding pour comparer. Ratio long court n/d, intérêt ouvert n/d, ratio acheteur n/d. Avis positionnement : . Baleines : 0 grosses transactions, environ 0 dollars. Avis baleines : pas de gros print proxy pour l’instant — silence ne veut pas dire calme absolu, juste rien d’énorme sur l’échantillon. Ace en direct, 929 passés, bénéfice session -1.88$, chaleur 6. Avis stacks : chaleur Ace dans une zone moyenne ; beaucoup de SKIP : le filtre refuse souvent — sagesse ou marché trop sale ; Hulk aussi dans le rouge — les deux stacks demandent de l’œil. Portefeuille : Ace -1.88$, Hulk -6.38$, total -8.26$. Synthèse : sentiment neutre à légèrement positif. On laisse tourner le setup ; je sniffe, je ne décide pas à ta place.
[sentiment=NEUTRE]
[voix:WARN] edge KO (gen_fail) — pas de repli say (CORTANA_TTS=edge)
[voix:edge:fr-FR-VivienneMultilingualNeural:echec_gen] Cortana. Résumé Cortana, mode pédagogique. Climat calme, score cent sur cent. Avis climat : calme, score cent — thermo plutôt clément ; bon pour observer, pas u…
[voix:ok] Cortana. Résumé Cortana, mode pédagogique. Climat calme, score cent sur cent. Avis climat : calme, score cent — thermo plutôt clément ; bon pour observer, pas une invitation à monter le risque. Bitcoi…
THERMO_OK climate=ok score=80
THERMO_LIVE /Users/christophe/ace777-test-day1/Index_Maison/thermo/live.json
FUNDING now=4.2e-05 avg30=6.006e-05 prevMonth=2.193e-05
MISSION_OK combo=-1.8825 cycle=357 alert=red
  ALPHA fills=4 pnl=-1.5943
  BETA  fills=59 pnl=-0.2882
  HULK  bags=11 pnl=-6.377
Résumé Cortana, mode pédagogique. Climat calme, score 80 sur cent. Avis climat : calme, score 80 — thermo plutôt clément ; bon pour observer, pas une invitation à monter le risque. Bitcoin cours 64777 dollars, une heure -0.01%, quatre heures -0.02%, vingt-quatre heures 1.84%. Avis prix : sur une heure, le bitcoin bouge peu — marché plutôt plat. Taux de financement actuel 0.000042, moyenne trente jours 0.00006, mois précédent 0.000022. Avis : un peu plus bas que la moyenne des trente jours, et au-dessus de la moyenne du mois précédent. En clair : funding positif soft — les longs paient encore les shorts, rien d’extrême Ratio long court 1.25, intérêt ouvert 1e+05, ratio acheteur 1.3. Avis positionnement : équilibre long-court assez classique ; les acheteurs agressifs dominent un peu (taker) ; l’intérêt ouvert donne la taille des paris ouverts — à croiser avec le prix, pas seul. Baleines : 0 grosses transactions, environ 0 dollars. Avis baleines : pas de gros print proxy pour l’instant — silence ne veut pas dire calme absolu, juste rien d’énorme sur l’échantillon. Ace en direct, 926 passés, bénéfice session -1.88$, chaleur 6. Avis stacks : chaleur Ace dans une zone moyenne ; beaucoup de SKIP : le filtre refuse souvent — sagesse ou marché trop sale ; Hulk aussi dans le rouge — les deux stacks demandent de l’œil. Portefeuille : Ace -1.88$, Hulk -6.38$, total -8.26$. Synthèse : sentiment plutôt constructif — thermo calme, pas de feu rouge. Je reste vigilante sur le funding et le duo ; pas de GO implicite.
[sentiment=BULLISH]
[voix:edge:fr-FR-VivienneMultilingualNeural] Cortana. Résumé Cortana, mode pédagogique. Climat calme, score quatre-vingts sur cent. Avis climat : calme, score quatre-vingts — thermo plutôt clément ; bon po…
[voix:ok] Cortana. Résumé Cortana, mode pédagogique. Climat calme, score quatre-vingts sur cent. Avis climat : calme, score quatre-vingts — thermo plutôt clément ; bon pour observer, pas une invitation à monter…
THERMO_OK climate=ok score=79
THERMO_LIVE /Users/christophe/ace777-test-day1/Index_Maison/thermo/live.json
FUNDING now=6.4e-05 avg30=6.006e-05 prevMonth=2.193e-05
MISSION_OK combo=-3.164 cycle=299 alert=red
  ALPHA fills=6 pnl=-4.3498
  BETA  fills=107 pnl=1.1858
  HULK  bags=11 pnl=-6.377
Résumé Cortana, mode pédagogique. Climat calme, score 79 sur cent. Avis climat : calme, score 79 — thermo plutôt clément ; bon pour observer, pas une invitation à monter le risque. Bitcoin cours 64769 dollars, une heure 0.03%, quatre heures -0.11%, vingt-quatre heures 1.81%. Avis prix : sur une heure, le bitcoin bouge peu — marché plutôt plat. Taux de financement actuel 0.000064, moyenne trente jours 0.00006, mois précédent 0.000022. Avis : proche de la moyenne des trente jours, et au-dessus de la moyenne du mois précédent. En clair : funding positif soft — les longs paient encore les shorts, rien d’extrême Ratio long court 1.25, intérêt ouvert 1e+05, ratio acheteur 1.1. Avis positionnement : équilibre long-court assez classique ; l’intérêt ouvert donne la taille des paris ouverts — à croiser avec le prix, pas seul. Baleines : 0 grosses transactions, environ 0 dollars. Avis baleines : pas de gros print proxy pour l’instant — silence ne veut pas dire calme absolu, juste rien d’énorme sur l’échantillon. Ace en direct, 860 passés, bénéfice session -3.16$, chaleur 1e+01. Avis stacks : chaleur Ace élevée — beaucoup d’activité ou de stress moteur ; session Ace en recul — normal de ralentir les conclusions ; beaucoup de SKIP : le filtre refuse souvent — sagesse ou marché trop sale. Portefeuille : Ace -3.16$, Hulk -6.38$, total -9.54$. Synthèse : sentiment plutôt constructif — thermo calme, pas de feu rouge. Je reste vigilante sur le funding et le duo ; pas de GO implicite.
[sentiment=BULLISH]
[voix:edge:fr-FR-VivienneMultilingualNeural] Cortana. Résumé Cortana, mode pédagogique. Climat calme, score soixante-dix-neuf sur cent. Avis climat : calme, score soixante-dix-neuf — thermo plutôt clément …
[voix:ok] Cortana. Résumé Cortana, mode pédagogique. Climat calme, score soixante-dix-neuf sur cent. Avis climat : calme, score soixante-dix-neuf — thermo plutôt clément ; bon pour observer, pas une invitation …
THERMO_OK climate=ok score=79
THERMO_LIVE /Users/christophe/ace777-test-day1/Index_Maison/thermo/live.json
FUNDING now=8.6e-05 avg30=6.006e-05 prevMonth=2.193e-05
MISSION_OK combo=-2.8606 cycle=208 alert=red
  ALPHA fills=6 pnl=-4.3498
  BETA  fills=119 pnl=1.4892
  HULK  bags=11 pnl=-6.377
Résumé Cortana, mode pédagogique. Climat calme, score 79 sur cent. Avis climat : calme, score 79 — thermo plutôt clément ; bon pour observer, pas une invitation à monter le risque. Bitcoin cours 64897 dollars, une heure 0.29%, quatre heures 0.35%, vingt-quatre heures 1.41%. Avis prix : sur une heure, le bitcoin bouge peu — marché plutôt plat. Taux de financement actuel 0.000086, moyenne trente jours 0.00006, mois précédent 0.000022. Avis : un peu plus haut que la moyenne des trente jours, et au-dessus de la moyenne du mois précédent. En clair : funding positif soft — les longs paient encore les shorts, rien d’extrême Ratio long court 1.25, intérêt ouvert 1e+05, ratio acheteur 1.3. Avis positionnement : équilibre long-court assez classique ; les acheteurs agressifs dominent un peu (taker) ; l’intérêt ouvert donne la taille des paris ouverts — à croiser avec le prix, pas seul. Baleines : 0 grosses transactions, environ 0 dollars. Avis baleines : pas de gros print proxy pour l’instant — silence ne veut pas dire calme absolu, juste rien d’énorme sur l’échantillon. Ace en direct, 888 passés, bénéfice session -2.86$, chaleur 9. Avis stacks : chaleur Ace élevée — beaucoup d’activité ou de stress moteur ; beaucoup de SKIP : le filtre refuse souvent — sagesse ou marché trop sale ; Hulk aussi dans le rouge — les deux stacks demandent de l’œil. Portefeuille : Ace -2.86$, Hulk -6.38$, total -9.24$. Synthèse : sentiment neutre à légèrement positif. On laisse tourner le setup ; je sniffe, je ne décide pas à ta place.
[sentiment=NEUTRE]
[voix:edge:fr-FR-VivienneMultilingualNeural] Cortana. Résumé Cortana, mode pédagogique. Climat calme, score soixante-dix-neuf sur cent. Avis climat : calme, score soixante-dix-neuf — thermo plutôt clément …
[voix:ok] Cortana. Résumé Cortana, mode pédagogique. Climat calme, score soixante-dix-neuf sur cent. Avis climat : calme, score soixante-dix-neuf — thermo plutôt clément ; bon pour observer, pas une invitation …
THERMO_OK climate=ok score=78
THERMO_LIVE /Users/christophe/ace777-test-day1/Index_Maison/thermo/live.json
FUNDING now=0.0001 avg30=6.006e-05 prevMonth=2.193e-05
MISSION_OK combo=-2.1247 cycle=626 alert=red
  ALPHA fills=6 pnl=-4.3498
  BETA  fills=154 pnl=2.2251
  HULK  bags=11 pnl=-6.377
Résumé Cortana, mode pédagogique. Climat calme, score 78 sur cent. Avis climat : calme, score 78 — thermo plutôt clément ; bon pour observer, pas une invitation à monter le risque. Bitcoin cours 64841 dollars, une heure 0.02%, quatre heures 0.10%, vingt-quatre heures 1.27%. Avis prix : sur une heure, le bitcoin bouge peu — marché plutôt plat. Taux de financement actuel 0.0001, moyenne trente jours 0.00006, mois précédent 0.000022. Avis : un peu plus haut que la moyenne des trente jours, et au-dessus de la moyenne du mois précédent. En clair : funding positif soft — les longs paient encore les shorts, rien d’extrême Ratio long court 1.24, intérêt ouvert 1e+05, ratio acheteur 1.2. Avis positionnement : équilibre long-court assez classique ; l’intérêt ouvert donne la taille des paris ouverts — à croiser avec le prix, pas seul. Baleines : 1 grosses transactions, environ 6e+05 dollars. Avis baleines : 1 print(s) au-dessus du seuil — activité institutionnelle ou whale possible, à croiser avec le prix. Ace en direct, 952 passés, bénéfice session -2.12$, chaleur 6. Avis stacks : chaleur Ace dans une zone moyenne ; beaucoup de SKIP : le filtre refuse souvent — sagesse ou marché trop sale ; Hulk aussi dans le rouge — les deux stacks demandent de l’œil. Portefeuille : Ace -2.12$, Hulk -6.38$, total -8.50$. Synthèse : sentiment neutre à légèrement positif. On laisse tourner le setup ; je sniffe, je ne décide pas à ta place.
[sentiment=NEUTRE]
[voix:edge:fr-FR-VivienneMultilingualNeural] Cortana. Résumé Cortana, mode pédagogique. Climat calme, score soixante-dix-huit sur cent. Avis climat : calme, score soixante-dix-huit — thermo plutôt clément …
[voix:ok] Cortana. Résumé Cortana, mode pédagogique. Climat calme, score soixante-dix-huit sur cent. Avis climat : calme, score soixante-dix-huit — thermo plutôt clément ; bon pour observer, pas une invitation …
THERMO_OK climate=ok score=76
THERMO_LIVE /Users/christophe/ace777-test-day1/Index_Maison/thermo/live.json
FUNDING now=0.0001 avg30=6.056e-05 prevMonth=2.254e-05
MISSION_OK combo=-0.9695 cycle=799 alert=red
  ALPHA fills=7 pnl=-4.3498
  BETA  fills=169 pnl=3.3803
  HULK  bags=11 pnl=-6.377
Résumé Cortana, mode pédagogique. Climat calme, score 76 sur cent. Avis climat : calme, score 76 — thermo plutôt clément ; bon pour observer, pas une invitation à monter le risque. Bitcoin cours 64723 dollars, une heure -0.04%, quatre heures -0.04%, vingt-quatre heures 1.61%. Avis prix : sur une heure, le bitcoin bouge peu — marché plutôt plat. Taux de financement actuel 0.0001, moyenne trente jours 0.000061, mois précédent 0.000023. Avis : un peu plus haut que la moyenne des trente jours, et au-dessus de la moyenne du mois précédent. En clair : funding positif soft — les longs paient encore les shorts, rien d’extrême Ratio long court 1.25, intérêt ouvert 1e+05, ratio acheteur 0.99. Avis positionnement : équilibre long-court assez classique ; l’intérêt ouvert donne la taille des paris ouverts — à croiser avec le prix, pas seul. Baleines : 1 grosses transactions, environ 8e+05 dollars. Avis baleines : 1 print(s) au-dessus du seuil — activité institutionnelle ou whale possible, à croiser avec le prix. Ace en direct, 944 passés, bénéfice session -0.97$, chaleur 3. Avis stacks : chaleur Ace dans une zone moyenne ; beaucoup de SKIP : le filtre refuse souvent — sagesse ou marché trop sale ; Hulk aussi dans le rouge — les deux stacks demandent de l’œil. Portefeuille : Ace -0.97$, Hulk -6.38$, total -7.35$. Synthèse : sentiment plutôt constructif — thermo calme, pas de feu rouge. Je reste vigilante sur le funding et le duo ; pas de GO implicite.
[sentiment=BULLISH]
[voix:edge:fr-FR-VivienneMultilingualNeural] Cortana. Résumé Cortana, mode pédagogique. Climat calme, score soixante-seize sur cent. Avis climat : calme, score soixante-seize — thermo plutôt clément ; bon …
[voix:ok] Cortana. Résumé Cortana, mode pédagogique. Climat calme, score soixante-seize sur cent. Avis climat : calme, score soixante-seize — thermo plutôt clément ; bon pour observer, pas une invitation à mont…
THERMO_OK climate=ok score=81
THERMO_LIVE /Users/christophe/ace777-test-day1/Index_Maison/thermo/live.json
FUNDING now=0.0001 avg30=6.056e-05 prevMonth=2.254e-05
MISSION_OK combo=-0.9695 cycle=799 alert=red
  ALPHA fills=7 pnl=-4.3498
  BETA  fills=169 pnl=3.3803
  HULK  bags=11 pnl=-6.377
Résumé Cortana, mode pédagogique. Climat calme, score 81 sur cent. Avis climat : calme, score 81 — thermo plutôt clément ; bon pour observer, pas une invitation à monter le risque. Bitcoin cours 64612 dollars, une heure -0.14%, quatre heures -0.15%, vingt-quatre heures 0.66%. Avis prix : sur une heure, le bitcoin bouge peu — marché plutôt plat. Taux de financement actuel 0.0001, moyenne trente jours 0.000061, mois précédent 0.000023. Avis : un peu plus haut que la moyenne des trente jours, et au-dessus de la moyenne du mois précédent. En clair : funding positif soft — les longs paient encore les shorts, rien d’extrême Ratio long court 1.25, intérêt ouvert 1e+05, ratio acheteur 0.88. Avis positionnement : équilibre long-court assez classique ; l’intérêt ouvert donne la taille des paris ouverts — à croiser avec le prix, pas seul. Baleines : 2 grosses transactions, environ 1e+06 dollars. Avis baleines : 2 print(s) au-dessus du seuil — activité institutionnelle ou whale possible, à croiser avec le prix. Ace en direct, 944 passés, bénéfice session -0.97$, chaleur 3. Avis stacks : chaleur Ace dans une zone moyenne ; beaucoup de SKIP : le filtre refuse souvent — sagesse ou marché trop sale ; Hulk aussi dans le rouge — les deux stacks demandent de l’œil. Portefeuille : Ace -0.97$, Hulk -6.38$, total -7.35$. Synthèse : sentiment neutre à légèrement positif. On laisse tourner le setup ; je sniffe, je ne décide pas à ta place.
[sentiment=NEUTRE]
[voix:edge:fr-FR-VivienneMultilingualNeural] Cortana. Résumé Cortana, mode pédagogique. Climat calme, score quatre-vingt-un sur cent. Avis climat : calme, score quatre-vingt-un — thermo plutôt clément ; bo…
[voix:ok] Cortana. Résumé Cortana, mode pédagogique. Climat calme, score quatre-vingt-un sur cent. Avis climat : calme, score quatre-vingt-un — thermo plutôt clément ; bon pour observer, pas une invitation à mo…
THERMO_OK climate=ok score=83
THERMO_LIVE /Users/christophe/ace777-test-day1/Index_Maison/thermo/live.json
FUNDING now=0.0001 avg30=6.056e-05 prevMonth=2.254e-05
MISSION_OK combo=-0.9695 cycle=799 alert=red
  ALPHA fills=7 pnl=-4.3498
  BETA  fills=169 pnl=3.3803
  HULK  bags=11 pnl=-6.377
Résumé Cortana, mode pédagogique. Climat calme, score 83 sur cent. Avis climat : calme, score 83 — thermo plutôt clément ; bon pour observer, pas une invitation à monter le risque. Bitcoin cours 64211 dollars, une heure -0.51%, quatre heures -0.96%, vingt-quatre heures 0.08%. Avis prix : sur une heure, légère baisse ; journée plutôt range. Taux de financement actuel 0.0001, moyenne trente jours 0.000061, mois précédent 0.000023. Avis : un peu plus haut que la moyenne des trente jours, et au-dessus de la moyenne du mois précédent. En clair : funding positif soft — les longs paient encore les shorts, rien d’extrême Ratio long court 1.33, intérêt ouvert 1e+05, ratio acheteur 1.3. Avis positionnement : équilibre long-court assez classique ; les acheteurs agressifs dominent un peu (taker) ; l’intérêt ouvert donne la taille des paris ouverts — à croiser avec le prix, pas seul. Baleines : 1 grosses transactions, environ 5e+05 dollars. Avis baleines : 1 print(s) au-dessus du seuil — activité institutionnelle ou whale possible, à croiser avec le prix. Ace en direct, 944 passés, bénéfice session -0.97$, chaleur 3. Avis stacks : chaleur Ace dans une zone moyenne ; beaucoup de SKIP : le filtre refuse souvent — sagesse ou marché trop sale ; Hulk aussi dans le rouge — les deux stacks demandent de l’œil. Portefeuille : Ace -0.97$, Hulk -6.38$, total -7.35$. Synthèse : sentiment neutre à légèrement positif. On laisse tourner le setup ; je sniffe, je ne décide pas à ta place.
[sentiment=NEUTRE]
[voix:edge:fr-FR-VivienneMultilingualNeural] Cortana. Résumé Cortana, mode pédagogique. Climat calme, score quatre-vingt-trois sur cent. Avis climat : calme, score quatre-vingt-trois — thermo plutôt clémen…
[voix:ok] Cortana. Résumé Cortana, mode pédagogique. Climat calme, score quatre-vingt-trois sur cent. Avis climat : calme, score quatre-vingt-trois — thermo plutôt clément ; bon pour observer, pas une invitatio…
THERMO_OK climate=ok score=80
THERMO_LIVE /Users/christophe/ace777-test-day1/Index_Maison/thermo/live.json
FUNDING now=0.0001 avg30=6.056e-05 prevMonth=2.254e-05
MISSION_OK combo=-0.9695 cycle=799 alert=red
  ALPHA fills=7 pnl=-4.3498
  BETA  fills=169 pnl=3.3803
  HULK  bags=11 pnl=-6.377
Résumé Cortana, mode pédagogique. Climat calme, score 80 sur cent. Avis climat : calme, score 80 — thermo plutôt clément ; bon pour observer, pas une invitation à monter le risque. Bitcoin cours 64365 dollars, une heure 0.15%, quatre heures -0.59%, vingt-quatre heures 0.33%. Avis prix : sur une heure, le bitcoin bouge peu — marché plutôt plat ; journée plutôt range. Taux de financement actuel 0.0001, moyenne trente jours 0.000061, mois précédent 0.000023. Avis : un peu plus haut que la moyenne des trente jours, et au-dessus de la moyenne du mois précédent. En clair : funding positif soft — les longs paient encore les shorts, rien d’extrême Ratio long court 1.41, intérêt ouvert 1e+05, ratio acheteur 1. Avis positionnement : beaucoup plus de longs que de shorts — foule plutôt acheteuse, risque de squeeze baissier si ça casse ; l’intérêt ouvert donne la taille des paris ouverts — à croiser avec le prix, pas seul. Baleines : 0 grosses transactions, environ 0 dollars. Avis baleines : pas de gros print proxy pour l’instant — silence ne veut pas dire calme absolu, juste rien d’énorme sur l’échantillon. Ace en direct, 944 passés, bénéfice session -0.97$, chaleur 3. Avis stacks : chaleur Ace dans une zone moyenne ; beaucoup de SKIP : le filtre refuse souvent — sagesse ou marché trop sale ; Hulk aussi dans le rouge — les deux stacks demandent de l’œil. Portefeuille : Ace -0.97$, Hulk -6.38$, total -7.35$. Synthèse : sentiment neutre à légèrement positif. On laisse tourner le setup ; je sniffe, je ne décide pas à ta place.
[sentiment=NEUTRE]
[voix:edge:fr-FR-VivienneMultilingualNeural] Cortana. Résumé Cortana, mode pédagogique. Climat calme, score quatre-vingts sur cent. Avis climat : calme, score quatre-vingts — thermo plutôt clément ; bon po…
[voix:ok] Cortana. Résumé Cortana, mode pédagogique. Climat calme, score quatre-vingts sur cent. Avis climat : calme, score quatre-vingts — thermo plutôt clément ; bon pour observer, pas une invitation à monter…
THERMO_OK climate=ok score=78
THERMO_LIVE /Users/christophe/ace777-test-day1/Index_Maison/thermo/live.json
FUNDING now=0.0001 avg30=6.056e-05 prevMonth=2.254e-05
MISSION_OK combo=-0.9695 cycle=799 alert=red
  ALPHA fills=7 pnl=-4.3498
  BETA  fills=169 pnl=3.3803
  HULK  bags=11 pnl=-6.377
Résumé Cortana, mode pédagogique. Climat calme, score 78 sur cent. Avis climat : calme, score 78 — thermo plutôt clément ; bon pour observer, pas une invitation à monter le risque. Bitcoin cours 64351 dollars, une heure 0.11%, quatre heures -0.29%, vingt-quatre heures 0.55%. Avis prix : sur une heure, le bitcoin bouge peu — marché plutôt plat. Taux de financement actuel 0.0001, moyenne trente jours 0.000061, mois précédent 0.000023. Avis : un peu plus haut que la moyenne des trente jours, et au-dessus de la moyenne du mois précédent. En clair : funding positif soft — les longs paient encore les shorts, rien d’extrême Ratio long court 1.46, intérêt ouvert 1e+05, ratio acheteur 1.3. Avis positionnement : beaucoup plus de longs que de shorts — foule plutôt acheteuse, risque de squeeze baissier si ça casse ; les acheteurs agressifs dominent un peu (taker) ; l’intérêt ouvert donne la taille des paris ouverts — à croiser avec le prix, pas seul. Baleines : 2 grosses transactions, environ 1e+06 dollars. Avis baleines : 2 print(s) au-dessus du seuil — activité institutionnelle ou whale possible, à croiser avec le prix. Ace en direct, 944 passés, bénéfice session -0.97$, chaleur 3. Avis stacks : chaleur Ace dans une zone moyenne ; beaucoup de SKIP : le filtre refuse souvent — sagesse ou marché trop sale ; Hulk aussi dans le rouge — les deux stacks demandent de l’œil. Portefeuille : Ace -0.97$, Hulk -6.38$, total -7.35$. Synthèse : sentiment neutre à légèrement positif. On laisse tourner le setup ; je sniffe, je ne décide pas à ta place.
[sentiment=NEUTRE]
[voix:edge:fr-FR-VivienneMultilingualNeural] Cortana. Résumé Cortana, mode pédagogique. Climat calme, score soixante-dix-huit sur cent. Avis climat : calme, score soixante-dix-huit — thermo plutôt clément …
[voix:ok] Cortana. Résumé Cortana, mode pédagogique. Climat calme, score soixante-dix-huit sur cent. Avis climat : calme, score soixante-dix-huit — thermo plutôt clément ; bon pour observer, pas une invitation …
THERMO_OK climate=ok score=77
THERMO_LIVE /Users/christophe/ace777-test-day1/Index_Maison/thermo/live.json
FUNDING now=0.0001 avg30=6.056e-05 prevMonth=2.254e-05
MISSION_OK combo=-0.9695 cycle=799 alert=red
  ALPHA fills=7 pnl=-4.3498
  BETA  fills=169 pnl=3.3803
  HULK  bags=11 pnl=-6.377
Résumé Cortana, mode pédagogique. Climat calme, score 77 sur cent. Avis climat : calme, score 77 — thermo plutôt clément ; bon pour observer, pas une invitation à monter le risque. Bitcoin cours 64380 dollars, une heure 0.15%, quatre heures -0.24%, vingt-quatre heures 0.67%. Avis prix : sur une heure, le bitcoin bouge peu — marché plutôt plat. Taux de financement actuel 0.0001, moyenne trente jours 0.000061, mois précédent 0.000023. Avis : un peu plus haut que la moyenne des trente jours, et au-dessus de la moyenne du mois précédent. En clair : funding positif soft — les longs paient encore les shorts, rien d’extrême Ratio long court 1.47, intérêt ouvert 1e+05, ratio acheteur 1.3. Avis positionnement : beaucoup plus de longs que de shorts — foule plutôt acheteuse, risque de squeeze baissier si ça casse ; les acheteurs agressifs dominent un peu (taker) ; l’intérêt ouvert donne la taille des paris ouverts — à croiser avec le prix, pas seul. Baleines : 2 grosses transactions, environ 1e+06 dollars. Avis baleines : 2 print(s) au-dessus du seuil — activité institutionnelle ou whale possible, à croiser avec le prix. Ace en direct, 944 passés, bénéfice session -0.97$, chaleur 3. Avis stacks : chaleur Ace dans une zone moyenne ; beaucoup de SKIP : le filtre refuse souvent — sagesse ou marché trop sale ; Hulk aussi dans le rouge — les deux stacks demandent de l’œil. Portefeuille : Ace -0.97$, Hulk -6.38$, total -7.35$. Synthèse : sentiment neutre à légèrement positif. On laisse tourner le setup ; je sniffe, je ne décide pas à ta place.
[sentiment=NEUTRE]
[voix:edge:fr-FR-VivienneMultilingualNeural] Cortana. Résumé Cortana, mode pédagogique. Climat calme, score soixante-dix-sept sur cent. Avis climat : calme, score soixante-dix-sept — thermo plutôt clément …
[voix:ok] Cortana. Résumé Cortana, mode pédagogique. Climat calme, score soixante-dix-sept sur cent. Avis climat : calme, score soixante-dix-sept — thermo plutôt clément ; bon pour observer, pas une invitation …
THERMO_OK climate=ok score=77
THERMO_LIVE /Users/christophe/ace777-test-day1/Index_Maison/thermo/live.json
FUNDING now=0.0001 avg30=6.056e-05 prevMonth=2.254e-05
MISSION_OK combo=-0.1989 cycle=341 alert=red since=2026-07-31T05:16Z
  ALPHA fills=0 pnl=0.0 (life fills=241 pnl=159.8789)
  BETA  fills=14 pnl=-0.1989 (life fills=4456 pnl=20.4065)
  HULK  bags=11 pnl=-6.377
Résumé Cortana, mode pédagogique. Climat calme, score 77 sur cent. Avis climat : calme, score 77 — thermo plutôt clément ; bon pour observer, pas une invitation à monter le risque. Bitcoin cours 64337 dollars, une heure 0.00%, quatre heures 0.10%, vingt-quatre heures 0.59%. Avis prix : sur une heure, le bitcoin bouge peu — marché plutôt plat. Taux de financement actuel 0.0001, moyenne trente jours 0.000061, mois précédent 0.000023. Avis : un peu plus haut que la moyenne des trente jours, et au-dessus de la moyenne du mois précédent. En clair : funding positif soft — les longs paient encore les shorts, rien d’extrême Ratio long court 1.49, intérêt ouvert 1e+05, ratio acheteur 1.3. Avis positionnement : beaucoup plus de longs que de shorts — foule plutôt acheteuse, risque de squeeze baissier si ça casse ; les acheteurs agressifs dominent un peu (taker) ; l’intérêt ouvert donne la taille des paris ouverts — à croiser avec le prix, pas seul. Baleines : 0 grosses transactions, environ 0 dollars. Avis baleines : pas de gros print proxy pour l’instant — silence ne veut pas dire calme absolu, juste rien d’énorme sur l’échantillon. Ace en direct, 968 passés, bénéfice session 176.39$, chaleur 1e+02. Avis stacks : chaleur Ace élevée — beaucoup d’activité ou de stress moteur ; session Ace positive — bien, sans crier victoire ; beaucoup de SKIP : le filtre refuse souvent — sagesse ou marché trop sale. Portefeuille : Ace -0.20$, Hulk -6.38$, total -6.58$. Synthèse : sentiment neutre à légèrement positif. On laisse tourner le setup ; je sniffe, je ne décide pas à ta place.
[sentiment=NEUTRE]
[voix:edge:fr-FR-VivienneMultilingualNeural] Cortana. Résumé Cortana, mode pédagogique. Climat calme, score soixante-dix-sept sur cent. Avis climat : calme, score soixante-dix-sept — thermo plutôt clément …
[voix:ok] Cortana. Résumé Cortana, mode pédagogique. Climat calme, score soixante-dix-sept sur cent. Avis climat : calme, score soixante-dix-sept — thermo plutôt clément ; bon pour observer, pas une invitation …
THERMO_OK climate=ok score=80
THERMO_LIVE /Users/christophe/ace777-test-day1/Index_Maison/thermo/live.json
FUNDING now=0.0001 avg30=6.056e-05 prevMonth=2.254e-05
MISSION_OK combo=0.3299 cycle=605 alert=red since=2026-07-31T05:16Z
  ALPHA fills=0 pnl=0.0 (life fills=241 pnl=159.8789)
  BETA  fills=28 pnl=0.3299 (life fills=4470 pnl=20.9353)
  HULK  bags=11 pnl=-6.377
Résumé Cortana, mode pédagogique. Climat calme, score 80 sur cent. Avis climat : calme, score 80 — thermo plutôt clément ; bon pour observer, pas une invitation à monter le risque. Bitcoin cours 64010 dollars, une heure -0.31%, quatre heures -0.52%, vingt-quatre heures -0.01%. Avis prix : sur une heure, légère baisse ; journée plutôt range. Taux de financement actuel 0.0001, moyenne trente jours 0.000061, mois précédent 0.000023. Avis : un peu plus haut que la moyenne des trente jours, et au-dessus de la moyenne du mois précédent. En clair : funding positif soft — les longs paient encore les shorts, rien d’extrême Ratio long court 1.5, intérêt ouvert 1e+05, ratio acheteur 1. Avis positionnement : beaucoup plus de longs que de shorts — foule plutôt acheteuse, risque de squeeze baissier si ça casse ; l’intérêt ouvert donne la taille des paris ouverts — à croiser avec le prix, pas seul. Baleines : 1 grosses transactions, environ 8e+05 dollars. Avis baleines : 1 print(s) au-dessus du seuil — activité institutionnelle ou whale possible, à croiser avec le prix. Ace en direct, 984 passés, bénéfice session 176.92$, chaleur 1e+02. Avis stacks : chaleur Ace élevée — beaucoup d’activité ou de stress moteur ; session Ace positive — bien, sans crier victoire ; beaucoup de SKIP : le filtre refuse souvent — sagesse ou marché trop sale. Portefeuille : Ace 0.33$, Hulk -6.38$, total -6.05$. Synthèse : sentiment neutre à légèrement positif. On laisse tourner le setup ; je sniffe, je ne décide pas à ta place.
[sentiment=NEUTRE]
[voix:edge:fr-FR-VivienneMultilingualNeural] Cortana. Résumé Cortana, mode pédagogique. Climat calme, score quatre-vingts sur cent. Avis climat : calme, score quatre-vingts — thermo plutôt clément ; bon po…
[voix:ok] Cortana. Résumé Cortana, mode pédagogique. Climat calme, score quatre-vingts sur cent. Avis climat : calme, score quatre-vingts — thermo plutôt clément ; bon pour observer, pas une invitation à monter…
THERMO_OK climate=ok score=78
THERMO_LIVE /Users/christophe/ace777-test-day1/Index_Maison/thermo/live.json
FUNDING now=8.3e-05 avg30=6.14e-05 prevMonth=2.226e-05
MISSION_OK combo=1.0193 cycle=748 alert=red since=2026-07-31T05:16Z
  ALPHA fills=0 pnl=0.0 (life fills=241 pnl=159.8789)
  BETA  fills=33 pnl=1.0193 (life fills=4475 pnl=21.6247)
  HULK  bags=11 pnl=-6.377
Résumé Cortana, mode pédagogique. Climat calme, score 78 sur cent. Avis climat : calme, score 78 — thermo plutôt clément ; bon pour observer, pas une invitation à monter le risque. Bitcoin cours 63863 dollars, une heure -0.07%, quatre heures -0.65%, vingt-quatre heures -0.34%. Avis prix : sur une heure, le bitcoin bouge peu — marché plutôt plat ; journée plutôt range. Taux de financement actuel 0.000083, moyenne trente jours 0.000061, mois précédent 0.000022. Avis : un peu plus haut que la moyenne des trente jours, et au-dessus de la moyenne du mois précédent. En clair : funding positif soft — les longs paient encore les shorts, rien d’extrême Ratio long court 1.57, intérêt ouvert 1e+05, ratio acheteur 0.69. Avis positionnement : beaucoup plus de longs que de shorts — foule plutôt acheteuse, risque de squeeze baissier si ça casse ; les vendeurs agressifs dominent un peu (taker) ; l’intérêt ouvert donne la taille des paris ouverts — à croiser avec le prix, pas seul. Baleines : 2 grosses transactions, environ 2e+06 dollars. Avis baleines : 2 print(s) au-dessus du seuil — activité institutionnelle ou whale possible, à croiser avec le prix. Ace en direct, 977 passés, bénéfice session 177.61$, chaleur 1e+02. Avis stacks : chaleur Ace élevée — beaucoup d’activité ou de stress moteur ; session Ace positive — bien, sans crier victoire ; beaucoup de SKIP : le filtre refuse souvent — sagesse ou marché trop sale. Portefeuille : Ace 1.02$, Hulk -6.38$, total -5.36$. Synthèse : sentiment neutre à légèrement positif. On laisse tourner le setup ; je sniffe, je ne décide pas à ta place.
[sentiment=NEUTRE]
[voix:edge:fr-FR-VivienneMultilingualNeural] Cortana. Résumé Cortana, mode pédagogique. Climat calme, score soixante-dix-huit sur cent. Avis climat : calme, score soixante-dix-huit — thermo plutôt clément …
[voix:ok] Cortana. Résumé Cortana, mode pédagogique. Climat calme, score soixante-dix-huit sur cent. Avis climat : calme, score soixante-dix-huit — thermo plutôt clément ; bon pour observer, pas une invitation …
THERMO_OK climate=ok score=74
THERMO_LIVE /Users/christophe/ace777-test-day1/Index_Maison/thermo/live.json
FUNDING now=6e-05 avg30=6.14e-05 prevMonth=2.226e-05
MISSION_OK combo=-1.7995 cycle=993 alert=red since=2026-07-31T05:16Z
  ALPHA fills=2 pnl=-3.3345 (life fills=243 pnl=156.5444)
  BETA  fills=47 pnl=1.535 (life fills=4489 pnl=22.1404)
  HULK  bags=11 pnl=-6.377
Résumé Cortana, mode pédagogique. Climat calme, score 74 sur cent. Avis climat : calme, score 74 — thermo plutôt clément ; bon pour observer, pas une invitation à monter le risque. Bitcoin cours 63672 dollars, une heure -0.20%, quatre heures -1.03%, vingt-quatre heures -1.24%. Avis prix : sur une heure, le bitcoin bouge peu — marché plutôt plat. Taux de financement actuel 0.00006, moyenne trente jours 0.000061, mois précédent 0.000022. Avis : proche de la moyenne des trente jours, et au-dessus de la moyenne du mois précédent. En clair : funding positif soft — les longs paient encore les shorts, rien d’extrême Ratio long court 1.6, intérêt ouvert 1e+05, ratio acheteur 1.1. Avis positionnement : beaucoup plus de longs que de shorts — foule plutôt acheteuse, risque de squeeze baissier si ça casse ; l’intérêt ouvert donne la taille des paris ouverts — à croiser avec le prix, pas seul. Baleines : 1 grosses transactions, environ 6e+05 dollars. Avis baleines : 1 print(s) au-dessus du seuil — activité institutionnelle ou whale possible, à croiser avec le prix. Ace en direct, 963 passés, bénéfice session 174.79$, chaleur 1e+02. Avis stacks : chaleur Ace élevée — beaucoup d’activité ou de stress moteur ; session Ace positive — bien, sans crier victoire ; beaucoup de SKIP : le filtre refuse souvent — sagesse ou marché trop sale. Portefeuille : Ace -1.80$, Hulk -6.38$, total -8.18$. Synthèse : sentiment neutre à légèrement positif. On laisse tourner le setup ; je sniffe, je ne décide pas à ta place.
[sentiment=NEUTRE]
[voix:edge:fr-FR-VivienneMultilingualNeural] Cortana. Résumé Cortana, mode pédagogique. Climat calme, score soixante-quatorze sur cent. Avis climat : calme, score soixante-quatorze — thermo plutôt clément …
[voix:ok] Cortana. Résumé Cortana, mode pédagogique. Climat calme, score soixante-quatorze sur cent. Avis climat : calme, score soixante-quatorze — thermo plutôt clément ; bon pour observer, pas une invitation …
THERMO_OK climate=ok score=75
THERMO_LIVE /Users/christophe/ace777-test-day1/Index_Maison/thermo/live.json
FUNDING now=4.1e-05 avg30=6.14e-05 prevMonth=2.226e-05
MISSION_OK combo=0.1007 cycle=258 alert=nominal since=2026-07-31T09:38Z
  ALPHA fills=1 pnl=0.0 (life fills=244 pnl=156.5444)
  BETA  fills=17 pnl=0.1007 (life fills=4506 pnl=22.2411)
  HULK  bags=15 pnl=0.0
Résumé Cortana, mode pédagogique. Climat calme, score 75 sur cent. Avis climat : calme, score 75 — thermo plutôt clément ; bon pour observer, pas une invitation à monter le risque. Bitcoin cours 63790 dollars, une heure 0.16%, quatre heures -0.65%, vingt-quatre heures -1.25%. Avis prix : sur une heure, le bitcoin bouge peu — marché plutôt plat. Taux de financement actuel 0.000041, moyenne trente jours 0.000061, mois précédent 0.000022. Avis : un peu plus bas que la moyenne des trente jours, et au-dessus de la moyenne du mois précédent. En clair : funding positif soft — les longs paient encore les shorts, rien d’extrême Ratio long court 1.65, intérêt ouvert 1e+05, ratio acheteur 1. Avis positionnement : beaucoup plus de longs que de shorts — foule plutôt acheteuse, risque de squeeze baissier si ça casse ; l’intérêt ouvert donne la taille des paris ouverts — à croiser avec le prix, pas seul. Baleines : 2 grosses transactions, environ 2e+06 dollars. Avis baleines : 2 print(s) au-dessus du seuil — activité institutionnelle ou whale possible, à croiser avec le prix. Ace en direct, 944 passés, bénéfice session 174.89$, chaleur 1e+02. Avis stacks : chaleur Ace élevée — beaucoup d’activité ou de stress moteur ; session Ace positive — bien, sans crier victoire ; beaucoup de SKIP : le filtre refuse souvent — sagesse ou marché trop sale. Portefeuille : Ace 0.10$, Hulk 0.00$, total 0.10$. Synthèse : sentiment plutôt constructif — thermo calme, pas de feu rouge. Je reste vigilante sur le funding et le duo ; pas de GO implicite.
[sentiment=BULLISH]
[voix:edge:fr-FR-VivienneMultilingualNeural] Cortana. Résumé Cortana, mode pédagogique. Climat calme, score soixante-quinze sur cent. Avis climat : calme, score soixante-quinze — thermo plutôt clément ; bo…
[voix:ok] Cortana. Résumé Cortana, mode pédagogique. Climat calme, score soixante-quinze sur cent. Avis climat : calme, score soixante-quinze — thermo plutôt clément ; bon pour observer, pas une invitation à mo…
THERMO_OK climate=ok score=76
THERMO_LIVE /Users/christophe/ace777-test-day1/Index_Maison/thermo/live.json
FUNDING now=2.1e-05 avg30=6.14e-05 prevMonth=2.226e-05
MISSION_OK combo=1.2313 cycle=544 alert=nominal since=2026-07-31T09:38Z
  ALPHA fills=1 pnl=0.0 (life fills=244 pnl=156.5444)
  BETA  fills=30 pnl=1.2313 (life fills=4519 pnl=23.3717)
  HULK  bags=4 pnl=0.0
Résumé Cortana, mode pédagogique. Climat calme, score 76 sur cent. Avis climat : calme, score 76 — thermo plutôt clément ; bon pour observer, pas une invitation à monter le risque. Bitcoin cours 63856 dollars, une heure -0.06%, quatre heures -0.09%, vingt-quatre heures -1.09%. Avis prix : sur une heure, le bitcoin bouge peu — marché plutôt plat. Taux de financement actuel 0.000021, moyenne trente jours 0.000061, mois précédent 0.000022. Avis : un peu plus bas que la moyenne des trente jours, et sous la moyenne du mois précédent. En clair : funding positif soft — les longs paient encore les shorts, rien d’extrême Ratio long court 1.75, intérêt ouvert 1e+05, ratio acheteur 1.5. Avis positionnement : beaucoup plus de longs que de shorts — foule plutôt acheteuse, risque de squeeze baissier si ça casse ; les acheteurs agressifs dominent un peu (taker) ; l’intérêt ouvert donne la taille des paris ouverts — à croiser avec le prix, pas seul. Baleines : 0 grosses transactions, environ 0 dollars. Avis baleines : pas de gros print proxy pour l’instant — silence ne veut pas dire calme absolu, juste rien d’énorme sur l’échantillon. Ace en direct, 976 passés, bénéfice session 176.02$, chaleur 1e+02. Avis stacks : chaleur Ace élevée — beaucoup d’activité ou de stress moteur ; session Ace positive — bien, sans crier victoire ; beaucoup de SKIP : le filtre refuse souvent — sagesse ou marché trop sale. Portefeuille : Ace 1.23$, Hulk 0.00$, total 1.23$. Synthèse : sentiment plutôt constructif — thermo calme, pas de feu rouge. Je reste vigilante sur le funding et le duo ; pas de GO implicite.
[sentiment=BULLISH]
[voix:edge:fr-FR-VivienneMultilingualNeural] Cortana. Résumé Cortana, mode pédagogique. Climat calme, score soixante-seize sur cent. Avis climat : calme, score soixante-seize — thermo plutôt clément ; bon …
[voix:ok] Cortana. Résumé Cortana, mode pédagogique. Climat calme, score soixante-seize sur cent. Avis climat : calme, score soixante-seize — thermo plutôt clément ; bon pour observer, pas une invitation à mont…
THERMO_OK climate=ok score=72
THERMO_LIVE /Users/christophe/ace777-test-day1/Index_Maison/thermo/live.json
FUNDING now=1.7e-05 avg30=6.14e-05 prevMonth=2.226e-05
MISSION_OK combo=1.1537 cycle=803 alert=nominal since=2026-07-31T09:38Z
  ALPHA fills=1 pnl=0.0 (life fills=244 pnl=156.5444)
  BETA  fills=36 pnl=1.1537 (life fills=4525 pnl=23.2941)
  HULK  bags=5 pnl=0.0
Résumé Cortana, mode pédagogique. Climat calme, score 72 sur cent. Avis climat : calme, score 72 — thermo plutôt clément ; bon pour observer, pas une invitation à monter le risque. Bitcoin cours 63625 dollars, une heure -0.29%, quatre heures -0.32%, vingt-quatre heures -1.94%. Avis prix : sur une heure, le bitcoin bouge peu — marché plutôt plat. Taux de financement actuel 0.000017, moyenne trente jours 0.000061, mois précédent 0.000022. Avis : un peu plus bas que la moyenne des trente jours, et sous la moyenne du mois précédent. En clair : funding positif soft — les longs paient encore les shorts, rien d’extrême Ratio long court 1.71, intérêt ouvert 1e+05, ratio acheteur 0.81. Avis positionnement : beaucoup plus de longs que de shorts — foule plutôt acheteuse, risque de squeeze baissier si ça casse ; les vendeurs agressifs dominent un peu (taker) ; l’intérêt ouvert donne la taille des paris ouverts — à croiser avec le prix, pas seul. Baleines : 2 grosses transactions, environ 2e+06 dollars. Avis baleines : 2 print(s) au-dessus du seuil — activité institutionnelle ou whale possible, à croiser avec le prix. Ace en direct, 986 passés, bénéfice session 175.94$, chaleur 1e+02. Avis stacks : chaleur Ace élevée — beaucoup d’activité ou de stress moteur ; session Ace positive — bien, sans crier victoire ; beaucoup de SKIP : le filtre refuse souvent — sagesse ou marché trop sale. Portefeuille : Ace 1.15$, Hulk 0.00$, total 1.15$. Synthèse : sentiment neutre à légèrement positif. On laisse tourner le setup ; je sniffe, je ne décide pas à ta place.
[sentiment=NEUTRE]
[voix:edge:fr-FR-VivienneMultilingualNeural] Cortana. Résumé Cortana, mode pédagogique. Climat calme, score soixante-douze sur cent. Avis climat : calme, score soixante-douze — thermo plutôt clément ; bon …
[voix:ok] Cortana. Résumé Cortana, mode pédagogique. Climat calme, score soixante-douze sur cent. Avis climat : calme, score soixante-douze — thermo plutôt clément ; bon pour observer, pas une invitation à mont…
THERMO_OK climate=ok score=88 DEGRADED=oi,mark,funding,chg24,fearGreed
THERMO_LIVE /Users/christophe/ace777-test-day1/Index_Maison/thermo/live.json
FUNDING now=1.7e-05 avg30=None prevMonth=None
MISSION_OK combo=8.6662 cycle=924 alert=nominal since=2026-07-31T09:38Z
  ALPHA fills=2 pnl=8.0032 (life fills=245 pnl=164.5476)
  BETA  fills=38 pnl=0.663 (life fills=4527 pnl=22.8034)
  HULK  bags=5 pnl=0.0
Résumé Cortana, mode pédagogique. Climat calme, score 88 sur cent. Avis climat : calme, score 88 — thermo plutôt clément ; bon pour observer, pas une invitation à monter le risque. Bitcoin cours 63625 dollars, une heure n/d, quatre heures n/d, vingt-quatre heures -1.94%. Avis prix : lecture incomplète. Taux de financement actuel 0.000017, moyenne trente jours non disponible, mois précédent non disponible. Avis : En clair : funding positif soft — les longs paient encore les shorts, rien d’extrême.  Ratio long court n/d, intérêt ouvert 1e+05, ratio acheteur n/d. Avis positionnement : l’intérêt ouvert donne la taille des paris ouverts — à croiser avec le prix, pas seul. Baleines : 0 grosses transactions, environ 0 dollars. Avis baleines : pas de gros print proxy pour l’instant — silence ne veut pas dire calme absolu, juste rien d’énorme sur l’échantillon. Ace en direct, 975 passés, bénéfice session 183.46$, chaleur 1e+02. Avis stacks : chaleur Ace élevée — beaucoup d’activité ou de stress moteur ; session Ace positive — bien, sans crier victoire ; beaucoup de SKIP : le filtre refuse souvent — sagesse ou marché trop sale. Portefeuille : Ace 8.67$, Hulk 0.00$, total 8.67$. Synthèse : sentiment neutre à légèrement positif. On laisse tourner le setup ; je sniffe, je ne décide pas à ta place.
[sentiment=NEUTRE]
[voix:WARN] edge KO (gen_fail) — pas de repli say (CORTANA_TTS=edge)
[voix:edge:fr-FR-VivienneMultilingualNeural:echec_gen] Cortana. Résumé Cortana, mode pédagogique. Climat calme, score quatre-vingt-huit sur cent. Avis climat : calme, score quatre-vingt-huit — thermo plutôt clément …
[voix:ok] Cortana. Résumé Cortana, mode pédagogique. Climat calme, score quatre-vingt-huit sur cent. Avis climat : calme, score quatre-vingt-huit — thermo plutôt clément ; bon pour observer, pas une invitation …
THERMO_OK climate=warn score=61
THERMO_LIVE /Users/christophe/ace777-test-day1/Index_Maison/thermo/live.json
FUNDING now=4.1e-05 avg30=6.14e-05 prevMonth=2.226e-05
MISSION_OK combo=-5.3801 cycle=175 alert=amber since=2026-07-31T14:07Z
  ALPHA fills=2 pnl=-0.8881 (life fills=247 pnl=163.6595)
  BETA  fills=24 pnl=-4.492 (life fills=4551 pnl=18.3114)
  HULK  bags=4 pnl=0.0
Résumé Cortana, mode pédagogique. Climat attention, score 61 sur cent. Avis climat : attention, score 61 — ni festin ni alarme ; on reste en mode lecture. Bitcoin cours 62671 dollars, une heure -0.92%, quatre heures -1.91%, vingt-quatre heures -3.29%. Avis prix : sur une heure, légère baisse ; sur vingt-quatre heures c’est clairement rouge. Taux de financement actuel 0.000041, moyenne trente jours 0.000061, mois précédent 0.000022. Avis : un peu plus bas que la moyenne des trente jours, et au-dessus de la moyenne du mois précédent. En clair : funding positif soft — les longs paient encore les shorts, rien d’extrême Ratio long court 1.8, intérêt ouvert 1e+05, ratio acheteur 0.82. Avis positionnement : beaucoup plus de longs que de shorts — foule plutôt acheteuse, risque de squeeze baissier si ça casse ; les vendeurs agressifs dominent un peu (taker) ; l’intérêt ouvert donne la taille des paris ouverts — à croiser avec le prix, pas seul. Baleines : 1 grosses transactions, environ 2e+06 dollars. Avis baleines : 1 print(s) au-dessus du seuil — activité institutionnelle ou whale possible, à croiser avec le prix. Ace en direct, 915 passés, bénéfice session 178.01$, chaleur 1e+02. Avis stacks : chaleur Ace élevée — beaucoup d’activité ou de stress moteur ; session Ace positive — bien, sans crier victoire ; beaucoup de SKIP : le filtre refuse souvent — sagesse ou marché trop sale. Portefeuille : Ace -5.38$, Hulk 0.00$, total -5.38$. Synthèse : prudence. Indices mitigés ou session un peu rouge — surveille skips et recul Hulk plus Ace, garde le doigt sur arrêt.
[sentiment=CAUTIOUS]
[voix:edge:fr-FR-VivienneMultilingualNeural] Cortana. Résumé Cortana, mode pédagogique. Climat attention, score soixante et un sur cent. Avis climat : attention, score soixante et un — ni festin ni alarme …
[voix:ok] Cortana. Résumé Cortana, mode pédagogique. Climat attention, score soixante et un sur cent. Avis climat : attention, score soixante et un — ni festin ni alarme ; on reste en mode lecture. Bitcoin cour…
THERMO_OK climate=warn score=52
THERMO_LIVE /Users/christophe/ace777-test-day1/Index_Maison/thermo/live.json
FUNDING now=5.1e-05 avg30=6.14e-05 prevMonth=2.226e-05
MISSION_OK combo=-4.6256 cycle=539 alert=amber since=2026-07-31T14:07Z
  ALPHA fills=2 pnl=-0.8881 (life fills=247 pnl=163.6595)
  BETA  fills=72 pnl=-3.7375 (life fills=4599 pnl=19.0659)
  HULK  bags=4 pnl=0.0
Résumé Cortana, mode pédagogique. Climat attention, score 52 sur cent. Avis climat : attention, score 52 — ni festin ni alarme ; on reste en mode lecture. Bitcoin cours 62731 dollars, une heure 0.12%, quatre heures -1.63%, vingt-quatre heures -3.02%. Avis prix : sur une heure, le bitcoin bouge peu — marché plutôt plat ; sur vingt-quatre heures c’est clairement rouge. Taux de financement actuel 0.000051, moyenne trente jours 0.000061, mois précédent 0.000022. Avis : un peu plus bas que la moyenne des trente jours, et au-dessus de la moyenne du mois précédent. En clair : funding positif soft — les longs paient encore les shorts, rien d’extrême Ratio long court 2.21, intérêt ouvert 1e+05, ratio acheteur 0.99. Avis positionnement : beaucoup plus de longs que de shorts — foule plutôt acheteuse, risque de squeeze baissier si ça casse ; l’intérêt ouvert donne la taille des paris ouverts — à croiser avec le prix, pas seul. Baleines : 0 grosses transactions, environ 0 dollars. Avis baleines : pas de gros print proxy pour l’instant — silence ne veut pas dire calme absolu, juste rien d’énorme sur l’échantillon. Ace en direct, 859 passés, bénéfice session 178.83$, chaleur 1e+02. Avis stacks : chaleur Ace élevée — beaucoup d’activité ou de stress moteur ; session Ace positive — bien, sans crier victoire ; beaucoup de SKIP : le filtre refuse souvent — sagesse ou marché trop sale. Portefeuille : Ace -4.63$, Hulk 0.00$, total -4.63$. Synthèse : sentiment défensif. Climat ou portefeuilles sous pression — préfère hygiène ou pause plutôt qu’élargir le risque.
[sentiment=BEARISH]
[voix:edge:fr-FR-VivienneMultilingualNeural] Cortana. Résumé Cortana, mode pédagogique. Climat attention, score cinquante-deux sur cent. Avis climat : attention, score cinquante-deux — ni festin ni alarme …
[voix:ok] Cortana. Résumé Cortana, mode pédagogique. Climat attention, score cinquante-deux sur cent. Avis climat : attention, score cinquante-deux — ni festin ni alarme ; on reste en mode lecture. Bitcoin cour…
THERMO_OK climate=warn score=49
THERMO_LIVE /Users/christophe/ace777-test-day1/Index_Maison/thermo/live.json
FUNDING now=7.4e-05 avg30=6.124e-05 prevMonth=2.193e-05
MISSION_OK combo=-2.6149 cycle=895 alert=amber since=2026-07-31T14:07Z
  ALPHA fills=4 pnl=3.0567 (life fills=249 pnl=167.6043)
  BETA  fills=127 pnl=-5.6716 (life fills=4654 pnl=17.1318)
  HULK  bags=3 pnl=-1.7718
Résumé Cortana, mode pédagogique. Climat attention, score 49 sur cent. Avis climat : attention, score 49 — ni festin ni alarme ; on reste en mode lecture. Bitcoin cours 62840 dollars, une heure 0.22%, quatre heures -1.40%, vingt-quatre heures -2.94%. Avis prix : sur une heure, le bitcoin bouge peu — marché plutôt plat ; sur vingt-quatre heures c’est clairement rouge. Taux de financement actuel 0.000074, moyenne trente jours 0.000061, mois précédent 0.000022. Avis : un peu plus haut que la moyenne des trente jours, et au-dessus de la moyenne du mois précédent. En clair : funding positif soft — les longs paient encore les shorts, rien d’extrême Ratio long court 2.27, intérêt ouvert 1e+05, ratio acheteur 1.3. Avis positionnement : beaucoup plus de longs que de shorts — foule plutôt acheteuse, risque de squeeze baissier si ça casse ; les acheteurs agressifs dominent un peu (taker) ; l’intérêt ouvert donne la taille des paris ouverts — à croiser avec le prix, pas seul. Baleines : 1 grosses transactions, environ 6e+05 dollars. Avis baleines : 1 print(s) au-dessus du seuil — activité institutionnelle ou whale possible, à croiser avec le prix. Ace en direct, 857 passés, bénéfice session 180.84$, chaleur 1e+02. Avis stacks : chaleur Ace élevée — beaucoup d’activité ou de stress moteur ; session Ace positive — bien, sans crier victoire ; beaucoup de SKIP : le filtre refuse souvent — sagesse ou marché trop sale. Portefeuille : Ace -2.61$, Hulk -1.77$, total -4.39$. Synthèse : sentiment défensif. Climat ou portefeuilles sous pression — préfère hygiène ou pause plutôt qu’élargir le risque.
[sentiment=BEARISH]
[voix:edge:fr-FR-VivienneMultilingualNeural] Cortana. Résumé Cortana, mode pédagogique. Climat attention, score quarante-neuf sur cent. Avis climat : attention, score quarante-neuf — ni festin ni alarme ; …
[voix:ok] Cortana. Résumé Cortana, mode pédagogique. Climat attention, score quarante-neuf sur cent. Avis climat : attention, score quarante-neuf — ni festin ni alarme ; on reste en mode lecture. Bitcoin cours …
THERMO_OK climate=warn score=47
THERMO_LIVE /Users/christophe/ace777-test-day1/Index_Maison/thermo/live.json
FUNDING now=9.6e-05 avg30=6.124e-05 prevMonth=2.193e-05
MISSION_OK combo=-2.8918 cycle=1229 alert=amber since=2026-07-31T14:07Z
  ALPHA fills=6 pnl=2.8561 (life fills=251 pnl=167.4037)
  BETA  fills=157 pnl=-5.7479 (life fills=4684 pnl=17.0555)
  HULK  bags=3 pnl=-1.7718
Résumé Cortana, mode pédagogique. Climat attention, score 47 sur cent. Avis climat : attention, score 47 — ni festin ni alarme ; on reste en mode lecture. Bitcoin cours 63117 dollars, une heure 0.42%, quatre heures -0.21%, vingt-quatre heures -2.75%. Avis prix : sur une heure, légère hausse ; sur vingt-quatre heures c’est clairement rouge. Taux de financement actuel 0.000096, moyenne trente jours 0.000061, mois précédent 0.000022. Avis : un peu plus haut que la moyenne des trente jours, et au-dessus de la moyenne du mois précédent. En clair : funding positif soft — les longs paient encore les shorts, rien d’extrême Ratio long court 2.32, intérêt ouvert 1e+05, ratio acheteur 1.2. Avis positionnement : beaucoup plus de longs que de shorts — foule plutôt acheteuse, risque de squeeze baissier si ça casse ; les acheteurs agressifs dominent un peu (taker) ; l’intérêt ouvert donne la taille des paris ouverts — à croiser avec le prix, pas seul. Baleines : 0 grosses transactions, environ 0 dollars. Avis baleines : pas de gros print proxy pour l’instant — silence ne veut pas dire calme absolu, juste rien d’énorme sur l’échantillon. Ace en direct, 897 passés, bénéfice session 180.57$, chaleur 1e+02. Avis stacks : chaleur Ace élevée — beaucoup d’activité ou de stress moteur ; session Ace positive — bien, sans crier victoire ; beaucoup de SKIP : le filtre refuse souvent — sagesse ou marché trop sale. Portefeuille : Ace -2.89$, Hulk -1.77$, total -4.66$. Synthèse : sentiment défensif. Climat ou portefeuilles sous pression — préfère hygiène ou pause plutôt qu’élargir le risque.
[sentiment=BEARISH]
[voix:edge:fr-FR-VivienneMultilingualNeural] Cortana. Résumé Cortana, mode pédagogique. Climat attention, score quarante-sept sur cent. Avis climat : attention, score quarante-sept — ni festin ni alarme ; …
[voix:ok] Cortana. Résumé Cortana, mode pédagogique. Climat attention, score quarante-sept sur cent. Avis climat : attention, score quarante-sept — ni festin ni alarme ; on reste en mode lecture. Bitcoin cours …
THERMO_OK climate=warn score=49
THERMO_LIVE /Users/christophe/ace777-test-day1/Index_Maison/thermo/live.json
FUNDING now=9.3e-05 avg30=6.124e-05 prevMonth=2.193e-05
MISSION_OK combo=0 cycle=44 alert=nominal since=2026-07-31T18:44Z
  ALPHA fills=0 pnl=0.0 (life fills=251 pnl=167.4037)
  BETA  fills=0 pnl=0.0 (life fills=4688 pnl=16.8069)
  HULK  bags=4 pnl=0.0
Résumé Cortana, mode pédagogique. Climat attention, score 49 sur cent. Avis climat : attention, score 49 — ni festin ni alarme ; on reste en mode lecture. Bitcoin cours 63094 dollars, une heure -0.20%, quatre heures 0.68%, vingt-quatre heures -2.44%. Avis prix : sur une heure, le bitcoin bouge peu — marché plutôt plat ; sur vingt-quatre heures c’est clairement rouge. Taux de financement actuel 0.000093, moyenne trente jours 0.000061, mois précédent 0.000022. Avis : un peu plus haut que la moyenne des trente jours, et au-dessus de la moyenne du mois précédent. En clair : funding positif soft — les longs paient encore les shorts, rien d’extrême Ratio long court 2.29, intérêt ouvert 1e+05, ratio acheteur 1.2. Avis positionnement : beaucoup plus de longs que de shorts — foule plutôt acheteuse, risque de squeeze baissier si ça casse ; l’intérêt ouvert donne la taille des paris ouverts — à croiser avec le prix, pas seul. Baleines : 0 grosses transactions, environ 0 dollars. Avis baleines : pas de gros print proxy pour l’instant — silence ne veut pas dire calme absolu, juste rien d’énorme sur l’échantillon. Ace en direct, 876 passés, bénéfice session 180.32$, chaleur 1e+02. Avis stacks : chaleur Ace élevée — beaucoup d’activité ou de stress moteur ; session Ace positive — bien, sans crier victoire ; beaucoup de SKIP : le filtre refuse souvent — sagesse ou marché trop sale. Portefeuille : Ace 0.00$, Hulk 0.00$, total 0.00$. Synthèse : sentiment défensif. Climat ou portefeuilles sous pression — préfère hygiène ou pause plutôt qu’élargir le risque.
[sentiment=BEARISH]
[voix:edge:fr-FR-VivienneMultilingualNeural] Cortana. Résumé Cortana, mode pédagogique. Climat attention, score quarante-neuf sur cent. Avis climat : attention, score quarante-neuf — ni festin ni alarme ; …
[voix:ok] Cortana. Résumé Cortana, mode pédagogique. Climat attention, score quarante-neuf sur cent. Avis climat : attention, score quarante-neuf — ni festin ni alarme ; on reste en mode lecture. Bitcoin cours …
THERMO_OK climate=warn score=50
THERMO_LIVE /Users/christophe/ace777-test-day1/Index_Maison/thermo/live.json
FUNDING now=8.5e-05 avg30=6.124e-05 prevMonth=2.193e-05
MISSION_OK combo=0 cycle=46 alert=nominal since=2026-07-31T19:06Z
  ALPHA fills=0 pnl=0.0 (life fills=251 pnl=167.4037)
  BETA  fills=0 pnl=0.0 (life fills=4688 pnl=16.8069)
  HULK  bags=3 pnl=0.0
Résumé Cortana, mode pédagogique. Climat attention, score 50 sur cent. Avis climat : attention, score 50 — ni festin ni alarme ; on reste en mode lecture. Bitcoin cours 62998 dollars, une heure -0.11%, quatre heures 0.47%, vingt-quatre heures -2.78%. Avis prix : sur une heure, le bitcoin bouge peu — marché plutôt plat ; sur vingt-quatre heures c’est clairement rouge. Taux de financement actuel 0.000085, moyenne trente jours 0.000061, mois précédent 0.000022. Avis : un peu plus haut que la moyenne des trente jours, et au-dessus de la moyenne du mois précédent. En clair : funding positif soft — les longs paient encore les shorts, rien d’extrême Ratio long court 2.24, intérêt ouvert 1e+05, ratio acheteur 0.65. Avis positionnement : beaucoup plus de longs que de shorts — foule plutôt acheteuse, risque de squeeze baissier si ça casse ; les vendeurs agressifs dominent un peu (taker) ; l’intérêt ouvert donne la taille des paris ouverts — à croiser avec le prix, pas seul. Baleines : 0 grosses transactions, environ 0 dollars. Avis baleines : pas de gros print proxy pour l’instant — silence ne veut pas dire calme absolu, juste rien d’énorme sur l’échantillon. Ace en direct, 840 passés, bénéfice session 180.32$, chaleur 1e+02. Avis stacks : chaleur Ace élevée — beaucoup d’activité ou de stress moteur ; session Ace positive — bien, sans crier victoire ; beaucoup de SKIP : le filtre refuse souvent — sagesse ou marché trop sale. Portefeuille : Ace 0.00$, Hulk 0.00$, total 0.00$. Synthèse : sentiment défensif. Climat ou portefeuilles sous pression — préfère hygiène ou pause plutôt qu’élargir le risque.
[sentiment=BEARISH]
[voix:edge:fr-FR-VivienneMultilingualNeural] Cortana. Résumé Cortana, mode pédagogique. Climat attention, score cinquante sur cent. Avis climat : attention, score cinquante — ni festin ni alarme ; on reste…
[voix:ok] Cortana. Résumé Cortana, mode pédagogique. Climat attention, score cinquante sur cent. Avis climat : attention, score cinquante — ni festin ni alarme ; on reste en mode lecture. Bitcoin cours 62998 do…
THERMO_OK climate=warn score=51
THERMO_LIVE /Users/christophe/ace777-test-day1/Index_Maison/thermo/live.json
FUNDING now=6.9e-05 avg30=6.124e-05 prevMonth=2.193e-05
MISSION_OK combo=0 cycle=46 alert=nominal since=2026-07-31T19:06Z
  ALPHA fills=0 pnl=0.0 (life fills=251 pnl=167.4037)
  BETA  fills=0 pnl=0.0 (life fills=4688 pnl=16.8069)
  HULK  bags=3 pnl=0.0
Résumé Cortana, mode pédagogique. Climat attention, score 51 sur cent. Avis climat : attention, score 51 — ni festin ni alarme ; on reste en mode lecture. Bitcoin cours 62907 dollars, une heure -0.07%, quatre heures 0.09%, vingt-quatre heures -2.91%. Avis prix : sur une heure, le bitcoin bouge peu — marché plutôt plat ; sur vingt-quatre heures c’est clairement rouge. Taux de financement actuel 0.000069, moyenne trente jours 0.000061, mois précédent 0.000022. Avis : un peu plus haut que la moyenne des trente jours, et au-dessus de la moyenne du mois précédent. En clair : funding positif soft — les longs paient encore les shorts, rien d’extrême Ratio long court 2.21, intérêt ouvert 1e+05, ratio acheteur 0.65. Avis positionnement : beaucoup plus de longs que de shorts — foule plutôt acheteuse, risque de squeeze baissier si ça casse ; les vendeurs agressifs dominent un peu (taker) ; l’intérêt ouvert donne la taille des paris ouverts — à croiser avec le prix, pas seul. Baleines : 2 grosses transactions, environ 1e+06 dollars. Avis baleines : 2 print(s) au-dessus du seuil — activité institutionnelle ou whale possible, à croiser avec le prix. Ace en direct, 840 passés, bénéfice session 180.32$, chaleur 1e+02. Avis stacks : chaleur Ace élevée — beaucoup d’activité ou de stress moteur ; session Ace positive — bien, sans crier victoire ; beaucoup de SKIP : le filtre refuse souvent — sagesse ou marché trop sale. Portefeuille : Ace 0.00$, Hulk 0.00$, total 0.00$. Synthèse : sentiment défensif. Climat ou portefeuilles sous pression — préfère hygiène ou pause plutôt qu’élargir le risque.
[sentiment=BEARISH]
[voix:edge:fr-FR-VivienneMultilingualNeural] Cortana. Résumé Cortana, mode pédagogique. Climat attention, score cinquante et un sur cent. Avis climat : attention, score cinquante et un — ni festin ni alarm…
[voix:ok] Cortana. Résumé Cortana, mode pédagogique. Climat attention, score cinquante et un sur cent. Avis climat : attention, score cinquante et un — ni festin ni alarme ; on reste en mode lecture. Bitcoin co…
THERMO_OK climate=warn score=52
THERMO_LIVE /Users/christophe/ace777-test-day1/Index_Maison/thermo/live.json
FUNDING now=6e-05 avg30=6.124e-05 prevMonth=2.193e-05
MISSION_OK combo=0 cycle=46 alert=nominal since=2026-07-31T19:06Z
  ALPHA fills=0 pnl=0.0 (life fills=251 pnl=167.4037)
  BETA  fills=0 pnl=0.0 (life fills=4688 pnl=16.8069)
  HULK  bags=3 pnl=0.0
Résumé Cortana, mode pédagogique. Climat attention, score 52 sur cent. Avis climat : attention, score 52 — ni festin ni alarme ; on reste en mode lecture. Bitcoin cours 62889 dollars, une heure -0.05%, quatre heures -0.27%, vingt-quatre heures -2.81%. Avis prix : sur une heure, le bitcoin bouge peu — marché plutôt plat ; sur vingt-quatre heures c’est clairement rouge. Taux de financement actuel 0.00006, moyenne trente jours 0.000061, mois précédent 0.000022. Avis : proche de la moyenne des trente jours, et au-dessus de la moyenne du mois précédent. En clair : funding positif soft — les longs paient encore les shorts, rien d’extrême Ratio long court 2.21, intérêt ouvert 1e+05, ratio acheteur 1.1. Avis positionnement : beaucoup plus de longs que de shorts — foule plutôt acheteuse, risque de squeeze baissier si ça casse ; l’intérêt ouvert donne la taille des paris ouverts — à croiser avec le prix, pas seul. Baleines : 0 grosses transactions, environ 0 dollars. Avis baleines : pas de gros print proxy pour l’instant — silence ne veut pas dire calme absolu, juste rien d’énorme sur l’échantillon. Ace en direct, 840 passés, bénéfice session 180.32$, chaleur 1e+02. Avis stacks : chaleur Ace élevée — beaucoup d’activité ou de stress moteur ; session Ace positive — bien, sans crier victoire ; beaucoup de SKIP : le filtre refuse souvent — sagesse ou marché trop sale. Portefeuille : Ace 0.00$, Hulk 0.00$, total 0.00$. Synthèse : sentiment défensif. Climat ou portefeuilles sous pression — préfère hygiène ou pause plutôt qu’élargir le risque.
[sentiment=BEARISH]
[voix:edge:fr-FR-VivienneMultilingualNeural] Cortana. Résumé Cortana, mode pédagogique. Climat attention, score cinquante-deux sur cent. Avis climat : attention, score cinquante-deux — ni festin ni alarme …
[voix:ok] Cortana. Résumé Cortana, mode pédagogique. Climat attention, score cinquante-deux sur cent. Avis climat : attention, score cinquante-deux — ni festin ni alarme ; on reste en mode lecture. Bitcoin cour…
THERMO_OK climate=warn score=52
THERMO_LIVE /Users/christophe/ace777-test-day1/Index_Maison/thermo/live.json
FUNDING now=5.1e-05 avg30=6.124e-05 prevMonth=2.193e-05
MISSION_OK combo=0 cycle=46 alert=nominal since=2026-07-31T19:06Z
  ALPHA fills=0 pnl=0.0 (life fills=251 pnl=167.4037)
  BETA  fills=0 pnl=0.0 (life fills=4688 pnl=16.8069)
  HULK  bags=3 pnl=0.0
Résumé Cortana, mode pédagogique. Climat attention, score 52 sur cent. Avis climat : attention, score 52 — ni festin ni alarme ; on reste en mode lecture. Bitcoin cours 62934 dollars, une heure 0.03%, quatre heures -0.02%, vingt-quatre heures -2.95%. Avis prix : sur une heure, le bitcoin bouge peu — marché plutôt plat ; sur vingt-quatre heures c’est clairement rouge. Taux de financement actuel 0.000051, moyenne trente jours 0.000061, mois précédent 0.000022. Avis : un peu plus bas que la moyenne des trente jours, et au-dessus de la moyenne du mois précédent. En clair : funding positif soft — les longs paient encore les shorts, rien d’extrême Ratio long court 2.21, intérêt ouvert 1e+05, ratio acheteur 1. Avis positionnement : beaucoup plus de longs que de shorts — foule plutôt acheteuse, risque de squeeze baissier si ça casse ; l’intérêt ouvert donne la taille des paris ouverts — à croiser avec le prix, pas seul. Baleines : 1 grosses transactions, environ 6e+05 dollars. Avis baleines : 1 print(s) au-dessus du seuil — activité institutionnelle ou whale possible, à croiser avec le prix. Ace en direct, 840 passés, bénéfice session 180.32$, chaleur 1e+02. Avis stacks : chaleur Ace élevée — beaucoup d’activité ou de stress moteur ; session Ace positive — bien, sans crier victoire ; beaucoup de SKIP : le filtre refuse souvent — sagesse ou marché trop sale. Portefeuille : Ace 0.00$, Hulk 0.00$, total 0.00$. Synthèse : sentiment défensif. Climat ou portefeuilles sous pression — préfère hygiène ou pause plutôt qu’élargir le risque.
[sentiment=BEARISH]
[voix:edge:fr-FR-VivienneMultilingualNeural] Cortana. Résumé Cortana, mode pédagogique. Climat attention, score cinquante-deux sur cent. Avis climat : attention, score cinquante-deux — ni festin ni alarme …
[voix:ok] Cortana. Résumé Cortana, mode pédagogique. Climat attention, score cinquante-deux sur cent. Avis climat : attention, score cinquante-deux — ni festin ni alarme ; on reste en mode lecture. Bitcoin cour…
THERMO_OK climate=warn score=53
THERMO_LIVE /Users/christophe/ace777-test-day1/Index_Maison/thermo/live.json
FUNDING now=4.2e-05 avg30=6.081e-05 prevMonth=6.067e-05
MISSION_OK combo=0 cycle=46 alert=nominal since=2026-07-31T19:06Z
  ALPHA fills=0 pnl=0.0 (life fills=251 pnl=167.4037)
  BETA  fills=0 pnl=0.0 (life fills=4688 pnl=16.8069)
  HULK  bags=3 pnl=0.0
Résumé Cortana, mode pédagogique. Climat attention, score 53 sur cent. Avis climat : attention, score 53 — ni festin ni alarme ; on reste en mode lecture. Bitcoin cours 62922 dollars, une heure 0.10%, quatre heures -0.01%, vingt-quatre heures -2.98%. Avis prix : sur une heure, le bitcoin bouge peu — marché plutôt plat ; sur vingt-quatre heures c’est clairement rouge. Taux de financement actuel 0.000042, moyenne trente jours 0.000061, mois précédent 0.000061. Avis : un peu plus bas que la moyenne des trente jours, et sous la moyenne du mois précédent. En clair : funding positif soft — les longs paient encore les shorts, rien d’extrême Ratio long court 2.21, intérêt ouvert 1e+05, ratio acheteur 0.67. Avis positionnement : beaucoup plus de longs que de shorts — foule plutôt acheteuse, risque de squeeze baissier si ça casse ; les vendeurs agressifs dominent un peu (taker) ; l’intérêt ouvert donne la taille des paris ouverts — à croiser avec le prix, pas seul. Baleines : 0 grosses transactions, environ 0 dollars. Avis baleines : pas de gros print proxy pour l’instant — silence ne veut pas dire calme absolu, juste rien d’énorme sur l’échantillon. Ace en direct, 840 passés, bénéfice session 180.32$, chaleur 1e+02. Avis stacks : chaleur Ace élevée — beaucoup d’activité ou de stress moteur ; session Ace positive — bien, sans crier victoire ; beaucoup de SKIP : le filtre refuse souvent — sagesse ou marché trop sale. Portefeuille : Ace 0.00$, Hulk 0.00$, total 0.00$. Synthèse : sentiment défensif. Climat ou portefeuilles sous pression — préfère hygiène ou pause plutôt qu’élargir le risque.
[sentiment=BEARISH]
[voix:edge:fr-FR-VivienneMultilingualNeural] Cortana. Résumé Cortana, mode pédagogique. Climat attention, score cinquante-trois sur cent. Avis climat : attention, score cinquante-trois — ni festin ni alarm…
[voix:ok] Cortana. Résumé Cortana, mode pédagogique. Climat attention, score cinquante-trois sur cent. Avis climat : attention, score cinquante-trois — ni festin ni alarme ; on reste en mode lecture. Bitcoin co…
THERMO_OK climate=warn score=52
THERMO_LIVE /Users/christophe/ace777-test-day1/Index_Maison/thermo/live.json
FUNDING now=4e-05 avg30=6.081e-05 prevMonth=6.067e-05
MISSION_OK combo=0 cycle=46 alert=nominal since=2026-07-31T19:06Z
  ALPHA fills=0 pnl=0.0 (life fills=251 pnl=167.4037)
  BETA  fills=0 pnl=0.0 (life fills=4688 pnl=16.8069)
  HULK  bags=3 pnl=0.0
Résumé Cortana, mode pédagogique. Climat attention, score 52 sur cent. Avis climat : attention, score 52 — ni festin ni alarme ; on reste en mode lecture. Bitcoin cours 62922 dollars, une heure 0.02%, quatre heures -0.00%, vingt-quatre heures -3.18%. Avis prix : sur une heure, le bitcoin bouge peu — marché plutôt plat ; sur vingt-quatre heures c’est clairement rouge. Taux de financement actuel 0.00004, moyenne trente jours 0.000061, mois précédent 0.000061. Avis : un peu plus bas que la moyenne des trente jours, et sous la moyenne du mois précédent. En clair : funding positif soft — les longs paient encore les shorts, rien d’extrême Ratio long court 2.21, intérêt ouvert 1e+05, ratio acheteur 1.2. Avis positionnement : beaucoup plus de longs que de shorts — foule plutôt acheteuse, risque de squeeze baissier si ça casse ; les acheteurs agressifs dominent un peu (taker) ; l’intérêt ouvert donne la taille des paris ouverts — à croiser avec le prix, pas seul. Baleines : 1 grosses transactions, environ 1e+06 dollars. Avis baleines : 1 print(s) au-dessus du seuil — activité institutionnelle ou whale possible, à croiser avec le prix. Ace en direct, 840 passés, bénéfice session 180.32$, chaleur 1e+02. Avis stacks : chaleur Ace élevée — beaucoup d’activité ou de stress moteur ; session Ace positive — bien, sans crier victoire ; beaucoup de SKIP : le filtre refuse souvent — sagesse ou marché trop sale. Portefeuille : Ace 0.00$, Hulk 0.00$, total 0.00$. Synthèse : sentiment défensif. Climat ou portefeuilles sous pression — préfère hygiène ou pause plutôt qu’élargir le risque.
[sentiment=BEARISH]
[voix:edge:fr-FR-VivienneMultilingualNeural] Cortana. Résumé Cortana, mode pédagogique. Climat attention, score cinquante-deux sur cent. Avis climat : attention, score cinquante-deux — ni festin ni alarme …
[voix:ok] Cortana. Résumé Cortana, mode pédagogique. Climat attention, score cinquante-deux sur cent. Avis climat : attention, score cinquante-deux — ni festin ni alarme ; on reste en mode lecture. Bitcoin cour…
THERMO_OK climate=warn score=60
THERMO_LIVE /Users/christophe/ace777-test-day1/Index_Maison/thermo/live.json
FUNDING now=3.3e-05 avg30=6.081e-05 prevMonth=6.067e-05
MISSION_OK combo=0 cycle=46 alert=nominal since=2026-07-31T19:06Z
  ALPHA fills=0 pnl=0.0 (life fills=251 pnl=167.4037)
  BETA  fills=0 pnl=0.0 (life fills=4688 pnl=16.8069)
  HULK  bags=3 pnl=0.0
Résumé Cortana, mode pédagogique. Climat attention, score 60 sur cent. Avis climat : attention, score 60 — ni festin ni alarme ; on reste en mode lecture. Bitcoin cours 63051 dollars, une heure 0.08%, quatre heures 0.02%, vingt-quatre heures -1.81%. Avis prix : sur une heure, le bitcoin bouge peu — marché plutôt plat. Taux de financement actuel 0.000033, moyenne trente jours 0.000061, mois précédent 0.000061. Avis : un peu plus bas que la moyenne des trente jours, et sous la moyenne du mois précédent. En clair : funding positif soft — les longs paient encore les shorts, rien d’extrême Ratio long court 2.2, intérêt ouvert 1e+05, ratio acheteur 1. Avis positionnement : beaucoup plus de longs que de shorts — foule plutôt acheteuse, risque de squeeze baissier si ça casse ; l’intérêt ouvert donne la taille des paris ouverts — à croiser avec le prix, pas seul. Baleines : 0 grosses transactions, environ 0 dollars. Avis baleines : pas de gros print proxy pour l’instant — silence ne veut pas dire calme absolu, juste rien d’énorme sur l’échantillon. Ace en direct, 840 passés, bénéfice session 180.32$, chaleur 1e+02. Avis stacks : chaleur Ace élevée — beaucoup d’activité ou de stress moteur ; session Ace positive — bien, sans crier victoire ; beaucoup de SKIP : le filtre refuse souvent — sagesse ou marché trop sale. Portefeuille : Ace 0.00$, Hulk 0.00$, total 0.00$. Synthèse : prudence. Indices mitigés ou session un peu rouge — surveille skips et recul Hulk plus Ace, garde le doigt sur arrêt.
[sentiment=CAUTIOUS]
[voix:edge:fr-FR-VivienneMultilingualNeural] Cortana. Résumé Cortana, mode pédagogique. Climat attention, score soixante sur cent. Avis climat : attention, score soixante — ni festin ni alarme ; on reste e…
[voix:ok] Cortana. Résumé Cortana, mode pédagogique. Climat attention, score soixante sur cent. Avis climat : attention, score soixante — ni festin ni alarme ; on reste en mode lecture. Bitcoin cours 63051 doll…
THERMO_OK climate=warn score=62
THERMO_LIVE /Users/christophe/ace777-test-day1/Index_Maison/thermo/live.json
FUNDING now=3.3e-05 avg30=6.081e-05 prevMonth=6.067e-05
MISSION_OK combo=0 cycle=23 alert=nominal since=2026-08-01T00:00Z
  ALPHA fills=0 pnl=0.0 (life fills=251 pnl=167.4037)
  BETA  fills=0 pnl=0.0 (life fills=4688 pnl=16.8069)
  HULK  bags=3 pnl=0.0
Résumé Cortana, mode pédagogique. Climat attention, score 62 sur cent. Avis climat : attention, score 62 — ni festin ni alarme ; on reste en mode lecture. Bitcoin cours 63026 dollars, une heure -0.04%, quatre heures 0.08%, vingt-quatre heures -1.45%. Avis prix : sur une heure, le bitcoin bouge peu — marché plutôt plat. Taux de financement actuel 0.000033, moyenne trente jours 0.000061, mois précédent 0.000061. Avis : un peu plus bas que la moyenne des trente jours, et sous la moyenne du mois précédent. En clair : funding positif soft — les longs paient encore les shorts, rien d’extrême Ratio long court 2.2, intérêt ouvert 1e+05, ratio acheteur 0.72. Avis positionnement : beaucoup plus de longs que de shorts — foule plutôt acheteuse, risque de squeeze baissier si ça casse ; les vendeurs agressifs dominent un peu (taker) ; l’intérêt ouvert donne la taille des paris ouverts — à croiser avec le prix, pas seul. Baleines : 0 grosses transactions, environ 0 dollars. Avis baleines : pas de gros print proxy pour l’instant — silence ne veut pas dire calme absolu, juste rien d’énorme sur l’échantillon. Ace en direct, 841 passés, bénéfice session 180.32$, chaleur 1e+02. Avis stacks : chaleur Ace élevée — beaucoup d’activité ou de stress moteur ; session Ace positive — bien, sans crier victoire ; beaucoup de SKIP : le filtre refuse souvent — sagesse ou marché trop sale. Portefeuille : Ace 0.00$, Hulk 0.00$, total 0.00$. Synthèse : prudence. Indices mitigés ou session un peu rouge — surveille skips et recul Hulk plus Ace, garde le doigt sur arrêt.
[sentiment=CAUTIOUS]
[voix:edge:fr-FR-VivienneMultilingualNeural] Cortana. Résumé Cortana, mode pédagogique. Climat attention, score soixante-deux sur cent. Avis climat : attention, score soixante-deux — ni festin ni alarme ; …
[voix:ok] Cortana. Résumé Cortana, mode pédagogique. Climat attention, score soixante-deux sur cent. Avis climat : attention, score soixante-deux — ni festin ni alarme ; on reste en mode lecture. Bitcoin cours …
THERMO_OK climate=warn score=65
THERMO_LIVE /Users/christophe/ace777-test-day1/Index_Maison/thermo/live.json
FUNDING now=3.2e-05 avg30=6.058e-05 prevMonth=6.081e-05
MISSION_OK combo=-0.0389 cycle=405 alert=amber since=2026-08-01T00:00Z
  ALPHA fills=0 pnl=0.0 (life fills=251 pnl=167.4037)
  BETA  fills=6 pnl=-0.0389 (life fills=4694 pnl=16.7679)
  HULK  bags=3 pnl=0.0
Résumé Cortana, mode pédagogique. Climat attention, score 65 sur cent. Avis climat : attention, score 65 — ni festin ni alarme ; on reste en mode lecture. Bitcoin cours 63127 dollars, une heure 0.16%, quatre heures 0.08%, vingt-quatre heures -1.07%. Avis prix : sur une heure, le bitcoin bouge peu — marché plutôt plat. Taux de financement actuel 0.000032, moyenne trente jours 0.000061, mois précédent 0.000061. Avis : un peu plus bas que la moyenne des trente jours, et sous la moyenne du mois précédent. En clair : funding positif soft — les longs paient encore les shorts, rien d’extrême Ratio long court 2.17, intérêt ouvert 1e+05, ratio acheteur 0.82. Avis positionnement : beaucoup plus de longs que de shorts — foule plutôt acheteuse, risque de squeeze baissier si ça casse ; les vendeurs agressifs dominent un peu (taker) ; l’intérêt ouvert donne la taille des paris ouverts — à croiser avec le prix, pas seul. Baleines : 1 grosses transactions, environ 7e+05 dollars. Avis baleines : 1 print(s) au-dessus du seuil — activité institutionnelle ou whale possible, à croiser avec le prix. Ace en direct, 909 passés, bénéfice session 180.28$, chaleur 1e+02. Avis stacks : chaleur Ace élevée — beaucoup d’activité ou de stress moteur ; session Ace positive — bien, sans crier victoire ; beaucoup de SKIP : le filtre refuse souvent — sagesse ou marché trop sale. Portefeuille : Ace -0.04$, Hulk 0.00$, total -0.04$. Synthèse : prudence. Indices mitigés ou session un peu rouge — surveille skips et recul Hulk plus Ace, garde le doigt sur arrêt.
[sentiment=CAUTIOUS]
[voix:edge:fr-FR-VivienneMultilingualNeural] Cortana. Résumé Cortana, mode pédagogique. Climat attention, score soixante-cinq sur cent. Avis climat : attention, score soixante-cinq — ni festin ni alarme ; …
[voix:ok] Cortana. Résumé Cortana, mode pédagogique. Climat attention, score soixante-cinq sur cent. Avis climat : attention, score soixante-cinq — ni festin ni alarme ; on reste en mode lecture. Bitcoin cours …
THERMO_OK climate=warn score=66
THERMO_LIVE /Users/christophe/ace777-test-day1/Index_Maison/thermo/live.json
FUNDING now=3e-05 avg30=6.058e-05 prevMonth=6.081e-05
MISSION_OK combo=0.0699 cycle=777 alert=nominal since=2026-08-01T00:00Z
  ALPHA fills=0 pnl=0.0 (life fills=251 pnl=167.4037)
  BETA  fills=31 pnl=0.0699 (life fills=4719 pnl=16.8768)
  HULK  bags=3 pnl=0.0
Résumé Cortana, mode pédagogique. Climat attention, score 66 sur cent. Avis climat : attention, score 66 — ni festin ni alarme ; on reste en mode lecture. Bitcoin cours 63016 dollars, une heure -0.02%, quatre heures -0.06%, vingt-quatre heures -1.06%. Avis prix : sur une heure, le bitcoin bouge peu — marché plutôt plat. Taux de financement actuel 0.00003, moyenne trente jours 0.000061, mois précédent 0.000061. Avis : un peu plus bas que la moyenne des trente jours, et sous la moyenne du mois précédent. En clair : funding positif soft — les longs paient encore les shorts, rien d’extrême Ratio long court 2.14, intérêt ouvert 1e+05, ratio acheteur 0.75. Avis positionnement : beaucoup plus de longs que de shorts — foule plutôt acheteuse, risque de squeeze baissier si ça casse ; les vendeurs agressifs dominent un peu (taker) ; l’intérêt ouvert donne la taille des paris ouverts — à croiser avec le prix, pas seul. Baleines : 1 grosses transactions, environ 7e+05 dollars. Avis baleines : 1 print(s) au-dessus du seuil — activité institutionnelle ou whale possible, à croiser avec le prix. Ace en direct, 966 passés, bénéfice session 180.39$, chaleur 1e+02. Avis stacks : chaleur Ace élevée — beaucoup d’activité ou de stress moteur ; session Ace positive — bien, sans crier victoire ; beaucoup de SKIP : le filtre refuse souvent — sagesse ou marché trop sale. Portefeuille : Ace 0.07$, Hulk 0.00$, total 0.07$. Synthèse : prudence. Indices mitigés ou session un peu rouge — surveille skips et recul Hulk plus Ace, garde le doigt sur arrêt.
[sentiment=CAUTIOUS]
[voix:edge:fr-FR-VivienneMultilingualNeural] Cortana. Résumé Cortana, mode pédagogique. Climat attention, score soixante-six sur cent. Avis climat : attention, score soixante-six — ni festin ni alarme ; on…
[voix:ok] Cortana. Résumé Cortana, mode pédagogique. Climat attention, score soixante-six sur cent. Avis climat : attention, score soixante-six — ni festin ni alarme ; on reste en mode lecture. Bitcoin cours 63…
THERMO_OK climate=warn score=65
THERMO_LIVE /Users/christophe/ace777-test-day1/Index_Maison/thermo/live.json
FUNDING now=2.2e-05 avg30=6.058e-05 prevMonth=6.081e-05
MISSION_OK combo=0.118 cycle=1191 alert=nominal since=2026-08-01T00:00Z
  ALPHA fills=3 pnl=0.759 (life fills=254 pnl=168.1627)
  BETA  fills=68 pnl=-0.641 (life fills=4756 pnl=16.1659)
  HULK  bags=4 pnl=0.0
Résumé Cortana, mode pédagogique. Climat attention, score 65 sur cent. Avis climat : attention, score 65 — ni festin ni alarme ; on reste en mode lecture. Bitcoin cours 63014 dollars, une heure -0.02%, quatre heures -0.01%, vingt-quatre heures -1.49%. Avis prix : sur une heure, le bitcoin bouge peu — marché plutôt plat. Taux de financement actuel 0.000022, moyenne trente jours 0.000061, mois précédent 0.000061. Avis : un peu plus bas que la moyenne des trente jours, et sous la moyenne du mois précédent. En clair : funding positif soft — les longs paient encore les shorts, rien d’extrême Ratio long court 2.12, intérêt ouvert 1e+05, ratio acheteur 0.99. Avis positionnement : beaucoup plus de longs que de shorts — foule plutôt acheteuse, risque de squeeze baissier si ça casse ; l’intérêt ouvert donne la taille des paris ouverts — à croiser avec le prix, pas seul. Baleines : 0 grosses transactions, environ 0 dollars. Avis baleines : pas de gros print proxy pour l’instant — silence ne veut pas dire calme absolu, juste rien d’énorme sur l’échantillon. Ace en direct, 929 passés, bénéfice session 180.43$, chaleur 1e+02. Avis stacks : chaleur Ace élevée — beaucoup d’activité ou de stress moteur ; session Ace positive — bien, sans crier victoire ; beaucoup de SKIP : le filtre refuse souvent — sagesse ou marché trop sale. Portefeuille : Ace 0.12$, Hulk 0.00$, total 0.12$. Synthèse : prudence. Indices mitigés ou session un peu rouge — surveille skips et recul Hulk plus Ace, garde le doigt sur arrêt.
[sentiment=CAUTIOUS]
[voix:edge:fr-FR-VivienneMultilingualNeural] Cortana. Résumé Cortana, mode pédagogique. Climat attention, score soixante-cinq sur cent. Avis climat : attention, score soixante-cinq — ni festin ni alarme ; …
[voix:ok] Cortana. Résumé Cortana, mode pédagogique. Climat attention, score soixante-cinq sur cent. Avis climat : attention, score soixante-cinq — ni festin ni alarme ; on reste en mode lecture. Bitcoin cours …
THERMO_OK climate=warn score=68
THERMO_LIVE /Users/christophe/ace777-test-day1/Index_Maison/thermo/live.json
FUNDING now=2e-05 avg30=6.058e-05 prevMonth=6.081e-05
MISSION_OK combo=0.4027 cycle=1477 alert=nominal since=2026-08-01T00:00Z
  ALPHA fills=4 pnl=0.759 (life fills=255 pnl=168.1627)
  BETA  fills=98 pnl=-0.3563 (life fills=4786 pnl=16.4506)
  HULK  bags=4 pnl=0.0
Résumé Cortana, mode pédagogique. Climat attention, score 68 sur cent. Avis climat : attention, score 68 — ni festin ni alarme ; on reste en mode lecture. Bitcoin cours 63094 dollars, une heure 0.08%, quatre heures -0.01%, vingt-quatre heures -0.98%. Avis prix : sur une heure, le bitcoin bouge peu — marché plutôt plat. Taux de financement actuel 0.00002, moyenne trente jours 0.000061, mois précédent 0.000061. Avis : un peu plus bas que la moyenne des trente jours, et sous la moyenne du mois précédent. En clair : funding positif soft — les longs paient encore les shorts, rien d’extrême Ratio long court 2.1, intérêt ouvert 1e+05, ratio acheteur 0.84. Avis positionnement : beaucoup plus de longs que de shorts — foule plutôt acheteuse, risque de squeeze baissier si ça casse ; les vendeurs agressifs dominent un peu (taker) ; l’intérêt ouvert donne la taille des paris ouverts — à croiser avec le prix, pas seul. Baleines : 1 grosses transactions, environ 6e+05 dollars. Avis baleines : 1 print(s) au-dessus du seuil — activité institutionnelle ou whale possible, à croiser avec le prix. Ace en direct, 925 passés, bénéfice session 180.72$, chaleur 1e+02. Avis stacks : chaleur Ace élevée — beaucoup d’activité ou de stress moteur ; session Ace positive — bien, sans crier victoire ; beaucoup de SKIP : le filtre refuse souvent — sagesse ou marché trop sale. Portefeuille : Ace 0.40$, Hulk 0.00$, total 0.40$. Synthèse : prudence. Indices mitigés ou session un peu rouge — surveille skips et recul Hulk plus Ace, garde le doigt sur arrêt.
[sentiment=CAUTIOUS]
[voix:edge:fr-FR-VivienneMultilingualNeural] Cortana. Résumé Cortana, mode pédagogique. Climat attention, score soixante-huit sur cent. Avis climat : attention, score soixante-huit — ni festin ni alarme ; …
[voix:ok] Cortana. Résumé Cortana, mode pédagogique. Climat attention, score soixante-huit sur cent. Avis climat : attention, score soixante-huit — ni festin ni alarme ; on reste en mode lecture. Bitcoin cours …
THERMO_OK climate=warn score=68
THERMO_LIVE /Users/christophe/ace777-test-day1/Index_Maison/thermo/live.json
FUNDING now=2.5e-05 avg30=6.058e-05 prevMonth=6.081e-05
MISSION_OK combo=0.4027 cycle=1477 alert=nominal since=2026-08-01T00:00Z
  ALPHA fills=4 pnl=0.759 (life fills=255 pnl=168.1627)
  BETA  fills=98 pnl=-0.3563 (life fills=4786 pnl=16.4506)
  HULK  bags=4 pnl=0.0
Résumé Cortana, mode pédagogique. Climat attention, score 68 sur cent. Avis climat : attention, score 68 — ni festin ni alarme ; on reste en mode lecture. Bitcoin cours 63076 dollars, une heure 0.01%, quatre heures 0.09%, vingt-quatre heures -1.00%. Avis prix : sur une heure, le bitcoin bouge peu — marché plutôt plat. Taux de financement actuel 0.000025, moyenne trente jours 0.000061, mois précédent 0.000061. Avis : un peu plus bas que la moyenne des trente jours, et sous la moyenne du mois précédent. En clair : funding positif soft — les longs paient encore les shorts, rien d’extrême Ratio long court 2.1, intérêt ouvert 1e+05, ratio acheteur 1.4. Avis positionnement : beaucoup plus de longs que de shorts — foule plutôt acheteuse, risque de squeeze baissier si ça casse ; les acheteurs agressifs dominent un peu (taker) ; l’intérêt ouvert donne la taille des paris ouverts — à croiser avec le prix, pas seul. Baleines : 0 grosses transactions, environ 0 dollars. Avis baleines : pas de gros print proxy pour l’instant — silence ne veut pas dire calme absolu, juste rien d’énorme sur l’échantillon. Ace en direct, 925 passés, bénéfice session 180.72$, chaleur 1e+02. Avis stacks : chaleur Ace élevée — beaucoup d’activité ou de stress moteur ; session Ace positive — bien, sans crier victoire ; beaucoup de SKIP : le filtre refuse souvent — sagesse ou marché trop sale. Portefeuille : Ace 0.40$, Hulk 0.00$, total 0.40$. Synthèse : prudence. Indices mitigés ou session un peu rouge — surveille skips et recul Hulk plus Ace, garde le doigt sur arrêt.
[sentiment=CAUTIOUS]
[voix:edge:fr-FR-VivienneMultilingualNeural] Cortana. Résumé Cortana, mode pédagogique. Climat attention, score soixante-huit sur cent. Avis climat : attention, score soixante-huit — ni festin ni alarme ; …
[voix:ok] Cortana. Résumé Cortana, mode pédagogique. Climat attention, score soixante-huit sur cent. Avis climat : attention, score soixante-huit — ni festin ni alarme ; on reste en mode lecture. Bitcoin cours …
THERMO_OK climate=ok score=71
THERMO_LIVE /Users/christophe/ace777-test-day1/Index_Maison/thermo/live.json
FUNDING now=2.7e-05 avg30=6.058e-05 prevMonth=6.081e-05
MISSION_OK combo=0.4027 cycle=4 alert=amber since=2026-08-01T00:00Z
  ALPHA fills=4 pnl=0.759 (life fills=255 pnl=168.1627)
  BETA  fills=98 pnl=-0.3563 (life fills=4786 pnl=16.4506)
  HULK  bags=3 pnl=-1.3706
Résumé Cortana, mode pédagogique. Climat calme, score 71 sur cent. Avis climat : calme, score 71 — thermo plutôt clément ; bon pour observer, pas une invitation à monter le risque. Bitcoin cours 63056 dollars, une heure 0.03%, quatre heures 0.04%, vingt-quatre heures 0.46%. Avis prix : sur une heure, le bitcoin bouge peu — marché plutôt plat ; journée plutôt range. Taux de financement actuel 0.000027, moyenne trente jours 0.000061, mois précédent 0.000061. Avis : un peu plus bas que la moyenne des trente jours, et sous la moyenne du mois précédent. En clair : funding positif soft — les longs paient encore les shorts, rien d’extrême Ratio long court 2.09, intérêt ouvert 1e+05, ratio acheteur 0.58. Avis positionnement : beaucoup plus de longs que de shorts — foule plutôt acheteuse, risque de squeeze baissier si ça casse ; les vendeurs agressifs dominent un peu (taker) ; l’intérêt ouvert donne la taille des paris ouverts — à croiser avec le prix, pas seul. Baleines : 0 grosses transactions, environ 0 dollars. Avis baleines : pas de gros print proxy pour l’instant — silence ne veut pas dire calme absolu, juste rien d’énorme sur l’échantillon. Ace en direct, 921 passés, bénéfice session 180.72$, chaleur 1e+02. Avis stacks : chaleur Ace élevée — beaucoup d’activité ou de stress moteur ; session Ace positive — bien, sans crier victoire ; beaucoup de SKIP : le filtre refuse souvent — sagesse ou marché trop sale. Portefeuille : Ace 0.40$, Hulk -1.37$, total -0.97$. Synthèse : sentiment neutre à légèrement positif. On laisse tourner le setup ; je sniffe, je ne décide pas à ta place.
[sentiment=NEUTRE]
[voix:edge:fr-FR-VivienneMultilingualNeural] Cortana. Résumé Cortana, mode pédagogique. Climat calme, score soixante-onze sur cent. Avis climat : calme, score soixante-onze — thermo plutôt clément ; bon po…
[voix:ok] Cortana. Résumé Cortana, mode pédagogique. Climat calme, score soixante-onze sur cent. Avis climat : calme, score soixante-onze — thermo plutôt clément ; bon pour observer, pas une invitation à monter…
THERMO_OK climate=warn score=69
THERMO_LIVE /Users/christophe/ace777-test-day1/Index_Maison/thermo/live.json
FUNDING now=3.3e-05 avg30=6.058e-05 prevMonth=6.081e-05
MISSION_OK combo=0.9288 cycle=362 alert=amber since=2026-08-01T00:00Z
  ALPHA fills=4 pnl=0.759 (life fills=255 pnl=168.1627)
  BETA  fills=113 pnl=0.1698 (life fills=4801 pnl=16.9766)
  HULK  bags=3 pnl=-1.3706
Résumé Cortana, mode pédagogique. Climat attention, score 69 sur cent. Avis climat : attention, score 69 — ni festin ni alarme ; on reste en mode lecture. Bitcoin cours 63068 dollars, une heure -0.05%, quatre heures 0.04%, vingt-quatre heures 0.68%. Avis prix : sur une heure, le bitcoin bouge peu — marché plutôt plat. Taux de financement actuel 0.000033, moyenne trente jours 0.000061, mois précédent 0.000061. Avis : un peu plus bas que la moyenne des trente jours, et sous la moyenne du mois précédent. En clair : funding positif soft — les longs paient encore les shorts, rien d’extrême Ratio long court 2.09, intérêt ouvert 1e+05, ratio acheteur 1.4. Avis positionnement : beaucoup plus de longs que de shorts — foule plutôt acheteuse, risque de squeeze baissier si ça casse ; les acheteurs agressifs dominent un peu (taker) ; l’intérêt ouvert donne la taille des paris ouverts — à croiser avec le prix, pas seul. Baleines : 0 grosses transactions, environ 0 dollars. Avis baleines : pas de gros print proxy pour l’instant — silence ne veut pas dire calme absolu, juste rien d’énorme sur l’échantillon. Ace en direct, 967 passés, bénéfice session 181.25$, chaleur 1e+02. Avis stacks : chaleur Ace élevée — beaucoup d’activité ou de stress moteur ; session Ace positive — bien, sans crier victoire ; beaucoup de SKIP : le filtre refuse souvent — sagesse ou marché trop sale. Portefeuille : Ace 0.93$, Hulk -1.37$, total -0.44$. Synthèse : prudence. Indices mitigés ou session un peu rouge — surveille skips et recul Hulk plus Ace, garde le doigt sur arrêt.
[sentiment=CAUTIOUS]
[voix:edge:fr-FR-VivienneMultilingualNeural] Cortana. Résumé Cortana, mode pédagogique. Climat attention, score soixante-neuf sur cent. Avis climat : attention, score soixante-neuf — ni festin ni alarme ; …
[voix:ok] Cortana. Résumé Cortana, mode pédagogique. Climat attention, score soixante-neuf sur cent. Avis climat : attention, score soixante-neuf — ni festin ni alarme ; on reste en mode lecture. Bitcoin cours …
THERMO_OK climate=ok score=72
THERMO_LIVE /Users/christophe/ace777-test-day1/Index_Maison/thermo/live.json
FUNDING now=4e-05 avg30=6.039e-05 prevMonth=6.043e-05
MISSION_OK combo=0.8949 cycle=725 alert=amber since=2026-08-01T00:00Z
  ALPHA fills=4 pnl=0.759 (life fills=255 pnl=168.1627)
  BETA  fills=138 pnl=0.1359 (life fills=4826 pnl=16.9427)
  HULK  bags=3 pnl=-1.3706
Résumé Cortana, mode pédagogique. Climat calme, score 72 sur cent. Avis climat : calme, score 72 — thermo plutôt clément ; bon pour observer, pas une invitation à monter le risque. Bitcoin cours 62913 dollars, une heure -0.11%, quatre heures -0.26%, vingt-quatre heures 0.08%. Avis prix : sur une heure, le bitcoin bouge peu — marché plutôt plat ; journée plutôt range. Taux de financement actuel 0.00004, moyenne trente jours 0.00006, mois précédent 0.00006. Avis : un peu plus bas que la moyenne des trente jours, et sous la moyenne du mois précédent. En clair : funding positif soft — les longs paient encore les shorts, rien d’extrême Ratio long court 2.07, intérêt ouvert 1e+05, ratio acheteur 0.57. Avis positionnement : beaucoup plus de longs que de shorts — foule plutôt acheteuse, risque de squeeze baissier si ça casse ; les vendeurs agressifs dominent un peu (taker) ; l’intérêt ouvert donne la taille des paris ouverts — à croiser avec le prix, pas seul. Baleines : 0 grosses transactions, environ 0 dollars. Avis baleines : pas de gros print proxy pour l’instant — silence ne veut pas dire calme absolu, juste rien d’énorme sur l’échantillon. Ace en direct, 968 passés, bénéfice session 181.21$, chaleur 1e+02. Avis stacks : chaleur Ace élevée — beaucoup d’activité ou de stress moteur ; session Ace positive — bien, sans crier victoire ; beaucoup de SKIP : le filtre refuse souvent — sagesse ou marché trop sale. Portefeuille : Ace 0.89$, Hulk -1.37$, total -0.48$. Synthèse : sentiment neutre à légèrement positif. On laisse tourner le setup ; je sniffe, je ne décide pas à ta place.
[sentiment=NEUTRE]
[voix:edge:fr-FR-VivienneMultilingualNeural] Cortana. Résumé Cortana, mode pédagogique. Climat calme, score soixante-douze sur cent. Avis climat : calme, score soixante-douze — thermo plutôt clément ; bon …
[voix:ok] Cortana. Résumé Cortana, mode pédagogique. Climat calme, score soixante-douze sur cent. Avis climat : calme, score soixante-douze — thermo plutôt clément ; bon pour observer, pas une invitation à mont…
THERMO_OK climate=ok score=72
THERMO_LIVE /Users/christophe/ace777-test-day1/Index_Maison/thermo/live.json
FUNDING now=5e-05 avg30=6.039e-05 prevMonth=6.043e-05
MISSION_OK combo=3.4573 cycle=1082 alert=amber since=2026-08-01T00:00Z
  ALPHA fills=8 pnl=3.5065 (life fills=259 pnl=170.9102)
  BETA  fills=181 pnl=-0.0492 (life fills=4869 pnl=16.7577)
  HULK  bags=3 pnl=-1.3706
Résumé Cortana, mode pédagogique. Climat calme, score 72 sur cent. Avis climat : calme, score 72 — thermo plutôt clément ; bon pour observer, pas une invitation à monter le risque. Bitcoin cours 62856 dollars, une heure -0.07%, quatre heures -0.29%, vingt-quatre heures -0.01%. Avis prix : sur une heure, le bitcoin bouge peu — marché plutôt plat ; journée plutôt range. Taux de financement actuel 0.00005, moyenne trente jours 0.00006, mois précédent 0.00006. Avis : un peu plus bas que la moyenne des trente jours, et sous la moyenne du mois précédent. En clair : funding positif soft — les longs paient encore les shorts, rien d’extrême Ratio long court 2.06, intérêt ouvert 1e+05, ratio acheteur 0.73. Avis positionnement : beaucoup plus de longs que de shorts — foule plutôt acheteuse, risque de squeeze baissier si ça casse ; les vendeurs agressifs dominent un peu (taker) ; l’intérêt ouvert donne la taille des paris ouverts — à croiser avec le prix, pas seul. Baleines : 0 grosses transactions, environ 0 dollars. Avis baleines : pas de gros print proxy pour l’instant — silence ne veut pas dire calme absolu, juste rien d’énorme sur l’échantillon. Ace en direct, 906 passés, bénéfice session 183.77$, chaleur 1e+02. Avis stacks : chaleur Ace élevée — beaucoup d’activité ou de stress moteur ; session Ace positive — bien, sans crier victoire ; beaucoup de SKIP : le filtre refuse souvent — sagesse ou marché trop sale. Portefeuille : Ace 3.46$, Hulk -1.37$, total 2.09$. Synthèse : sentiment neutre à légèrement positif. On laisse tourner le setup ; je sniffe, je ne décide pas à ta place.
[sentiment=NEUTRE]
[voix:edge:fr-FR-VivienneMultilingualNeural] Cortana. Résumé Cortana, mode pédagogique. Climat calme, score soixante-douze sur cent. Avis climat : calme, score soixante-douze — thermo plutôt clément ; bon …
[voix:ok] Cortana. Résumé Cortana, mode pédagogique. Climat calme, score soixante-douze sur cent. Avis climat : calme, score soixante-douze — thermo plutôt clément ; bon pour observer, pas une invitation à mont…
THERMO_OK climate=warn score=67
THERMO_LIVE /Users/christophe/ace777-test-day1/Index_Maison/thermo/live.json
FUNDING now=5.8e-05 avg30=6.039e-05 prevMonth=6.043e-05
MISSION_OK combo=4.6433 cycle=1376 alert=amber since=2026-08-01T00:00Z
  ALPHA fills=9 pnl=4.9962 (life fills=260 pnl=172.3999)
  BETA  fills=201 pnl=-0.3529 (life fills=4889 pnl=16.454)
  HULK  bags=3 pnl=-1.3706
Résumé Cortana, mode pédagogique. Climat attention, score 67 sur cent. Avis climat : attention, score 67 — ni festin ni alarme ; on reste en mode lecture. Bitcoin cours 62554 dollars, une heure -0.20%, quatre heures -0.85%, vingt-quatre heures -0.89%. Avis prix : sur une heure, le bitcoin bouge peu — marché plutôt plat. Taux de financement actuel 0.000058, moyenne trente jours 0.00006, mois précédent 0.00006. Avis : proche de la moyenne des trente jours, En clair : funding positif soft — les longs paient encore les shorts, rien d’extrême.  Ratio long court 2.02, intérêt ouvert 1e+05, ratio acheteur 0.73. Avis positionnement : beaucoup plus de longs que de shorts — foule plutôt acheteuse, risque de squeeze baissier si ça casse ; les vendeurs agressifs dominent un peu (taker) ; l’intérêt ouvert donne la taille des paris ouverts — à croiser avec le prix, pas seul. Baleines : 0 grosses transactions, environ 0 dollars. Avis baleines : pas de gros print proxy pour l’instant — silence ne veut pas dire calme absolu, juste rien d’énorme sur l’échantillon. Ace en direct, 927 passés, bénéfice session 184.96$, chaleur 1e+02. Avis stacks : chaleur Ace élevée — beaucoup d’activité ou de stress moteur ; session Ace positive — bien, sans crier victoire ; beaucoup de SKIP : le filtre refuse souvent — sagesse ou marché trop sale. Portefeuille : Ace 4.64$, Hulk -1.37$, total 3.27$. Synthèse : prudence. Indices mitigés ou session un peu rouge — surveille skips et recul Hulk plus Ace, garde le doigt sur arrêt.
[sentiment=CAUTIOUS]
[voix:edge:fr-FR-VivienneMultilingualNeural] Cortana. Résumé Cortana, mode pédagogique. Climat attention, score soixante-sept sur cent. Avis climat : attention, score soixante-sept — ni festin ni alarme ; …
[voix:ok] Cortana. Résumé Cortana, mode pédagogique. Climat attention, score soixante-sept sur cent. Avis climat : attention, score soixante-sept — ni festin ni alarme ; on reste en mode lecture. Bitcoin cours …
THERMO_OK climate=warn score=66
THERMO_LIVE /Users/christophe/ace777-test-day1/Index_Maison/thermo/live.json
FUNDING now=5.6e-05 avg30=6.039e-05 prevMonth=6.043e-05
MISSION_OK combo=4.6433 cycle=1376 alert=amber since=2026-08-01T00:00Z
  ALPHA fills=9 pnl=4.9962 (life fills=260 pnl=172.3999)
  BETA  fills=201 pnl=-0.3529 (life fills=4889 pnl=16.454)
  HULK  bags=3 pnl=-1.3706
Résumé Cortana, mode pédagogique. Climat attention, score 66 sur cent. Avis climat : attention, score 66 — ni festin ni alarme ; on reste en mode lecture. Bitcoin cours 62523 dollars, une heure -0.06%, quatre heures -0.73%, vingt-quatre heures -0.76%. Avis prix : sur une heure, le bitcoin bouge peu — marché plutôt plat. Taux de financement actuel 0.000056, moyenne trente jours 0.00006, mois précédent 0.00006. Avis : proche de la moyenne des trente jours, et sous la moyenne du mois précédent. En clair : funding positif soft — les longs paient encore les shorts, rien d’extrême Ratio long court 2.12, intérêt ouvert 1e+05, ratio acheteur 0.78. Avis positionnement : beaucoup plus de longs que de shorts — foule plutôt acheteuse, risque de squeeze baissier si ça casse ; les vendeurs agressifs dominent un peu (taker) ; l’intérêt ouvert donne la taille des paris ouverts — à croiser avec le prix, pas seul. Baleines : 0 grosses transactions, environ 0 dollars. Avis baleines : pas de gros print proxy pour l’instant — silence ne veut pas dire calme absolu, juste rien d’énorme sur l’échantillon. Ace en direct, 927 passés, bénéfice session 184.96$, chaleur 1e+02. Avis stacks : chaleur Ace élevée — beaucoup d’activité ou de stress moteur ; session Ace positive — bien, sans crier victoire ; beaucoup de SKIP : le filtre refuse souvent — sagesse ou marché trop sale. Portefeuille : Ace 4.64$, Hulk -1.37$, total 3.27$. Synthèse : prudence. Indices mitigés ou session un peu rouge — surveille skips et recul Hulk plus Ace, garde le doigt sur arrêt.
[sentiment=CAUTIOUS]
[voix:edge:fr-FR-VivienneMultilingualNeural] Cortana. Résumé Cortana, mode pédagogique. Climat attention, score soixante-six sur cent. Avis climat : attention, score soixante-six — ni festin ni alarme ; on…
[voix:ok] Cortana. Résumé Cortana, mode pédagogique. Climat attention, score soixante-six sur cent. Avis climat : attention, score soixante-six — ni festin ni alarme ; on reste en mode lecture. Bitcoin cours 62…
THERMO_OK climate=warn score=67
THERMO_LIVE /Users/christophe/ace777-test-day1/Index_Maison/thermo/live.json
FUNDING now=4.9e-05 avg30=6.039e-05 prevMonth=6.043e-05
MISSION_OK combo=4.7272 cycle=160 alert=amber since=2026-08-01T00:00Z
  ALPHA fills=9 pnl=4.9962 (life fills=260 pnl=172.3999)
  BETA  fills=209 pnl=-0.269 (life fills=4897 pnl=16.5379)
  HULK  bags=4 pnl=-1.3706
Résumé Cortana, mode pédagogique. Climat attention, score 67 sur cent. Avis climat : attention, score 67 — ni festin ni alarme ; on reste en mode lecture. Bitcoin cours 62554 dollars, une heure 0.08%, quatre heures -0.55%, vingt-quatre heures -0.64%. Avis prix : sur une heure, le bitcoin bouge peu — marché plutôt plat. Taux de financement actuel 0.000049, moyenne trente jours 0.00006, mois précédent 0.00006. Avis : un peu plus bas que la moyenne des trente jours, et sous la moyenne du mois précédent. En clair : funding positif soft — les longs paient encore les shorts, rien d’extrême Ratio long court 2.14, intérêt ouvert 1e+05, ratio acheteur 0.94. Avis positionnement : beaucoup plus de longs que de shorts — foule plutôt acheteuse, risque de squeeze baissier si ça casse ; l’intérêt ouvert donne la taille des paris ouverts — à croiser avec le prix, pas seul. Baleines : 0 grosses transactions, environ 0 dollars. Avis baleines : pas de gros print proxy pour l’instant — silence ne veut pas dire calme absolu, juste rien d’énorme sur l’échantillon. Ace en direct, 955 passés, bénéfice session 185.04$, chaleur 1e+02. Avis stacks : chaleur Ace élevée — beaucoup d’activité ou de stress moteur ; session Ace positive — bien, sans crier victoire ; beaucoup de SKIP : le filtre refuse souvent — sagesse ou marché trop sale. Portefeuille : Ace 4.73$, Hulk -1.37$, total 3.36$. Synthèse : prudence. Indices mitigés ou session un peu rouge — surveille skips et recul Hulk plus Ace, garde le doigt sur arrêt.
[sentiment=CAUTIOUS]
[voix:edge:fr-FR-VivienneMultilingualNeural] Cortana. Résumé Cortana, mode pédagogique. Climat attention, score soixante-sept sur cent. Avis climat : attention, score soixante-sept — ni festin ni alarme ; …
[voix:ok] Cortana. Résumé Cortana, mode pédagogique. Climat attention, score soixante-sept sur cent. Avis climat : attention, score soixante-sept — ni festin ni alarme ; on reste en mode lecture. Bitcoin cours …
THERMO_OK climate=warn score=68
THERMO_LIVE /Users/christophe/ace777-test-day1/Index_Maison/thermo/live.json
FUNDING now=4.6e-05 avg30=6.039e-05 prevMonth=6.043e-05
MISSION_OK combo=-1.3958 cycle=469 alert=amber since=2026-08-01T00:00Z
  ALPHA fills=11 pnl=0.2535 (life fills=262 pnl=167.6572)
  BETA  fills=234 pnl=-1.6493 (life fills=4922 pnl=15.1575)
  HULK  bags=4 pnl=-1.3706
Résumé Cortana, mode pédagogique. Climat attention, score 68 sur cent. Avis climat : attention, score 68 — ni festin ni alarme ; on reste en mode lecture. Bitcoin cours 62793 dollars, une heure 0.26%, quatre heures 0.17%, vingt-quatre heures -0.30%. Avis prix : sur une heure, le bitcoin bouge peu — marché plutôt plat ; journée plutôt range. Taux de financement actuel 0.000046, moyenne trente jours 0.00006, mois précédent 0.00006. Avis : un peu plus bas que la moyenne des trente jours, et sous la moyenne du mois précédent. En clair : funding positif soft — les longs paient encore les shorts, rien d’extrême Ratio long court 2.16, intérêt ouvert 1e+05, ratio acheteur 1.4. Avis positionnement : beaucoup plus de longs que de shorts — foule plutôt acheteuse, risque de squeeze baissier si ça casse ; les acheteurs agressifs dominent un peu (taker) ; l’intérêt ouvert donne la taille des paris ouverts — à croiser avec le prix, pas seul. Baleines : 0 grosses transactions, environ 0 dollars. Avis baleines : pas de gros print proxy pour l’instant — silence ne veut pas dire calme absolu, juste rien d’énorme sur l’échantillon. Ace en direct, 944 passés, bénéfice session 178.92$, chaleur 1e+02. Avis stacks : chaleur Ace élevée — beaucoup d’activité ou de stress moteur ; session Ace positive — bien, sans crier victoire ; beaucoup de SKIP : le filtre refuse souvent — sagesse ou marché trop sale. Portefeuille : Ace -1.40$, Hulk -1.37$, total -2.77$. Synthèse : prudence. Indices mitigés ou session un peu rouge — surveille skips et recul Hulk plus Ace, garde le doigt sur arrêt.
[sentiment=CAUTIOUS]
[voix:edge:fr-FR-VivienneMultilingualNeural] Cortana. Résumé Cortana, mode pédagogique. Climat attention, score soixante-huit sur cent. Avis climat : attention, score soixante-huit — ni festin ni alarme ; …
[voix:ok] Cortana. Résumé Cortana, mode pédagogique. Climat attention, score soixante-huit sur cent. Avis climat : attention, score soixante-huit — ni festin ni alarme ; on reste en mode lecture. Bitcoin cours …
THERMO_OK climate=warn score=69
THERMO_LIVE /Users/christophe/ace777-test-day1/Index_Maison/thermo/live.json
FUNDING now=4.7e-05 avg30=6.039e-05 prevMonth=6.043e-05
MISSION_OK combo=-1.5287 cycle=841 alert=amber since=2026-08-01T00:00Z
  ALPHA fills=14 pnl=0.1044 (life fills=265 pnl=167.5081)
  BETA  fills=262 pnl=-1.6331 (life fills=4950 pnl=15.1738)
  HULK  bags=4 pnl=-1.3706
Résumé Cortana, mode pédagogique. Climat attention, score 69 sur cent. Avis climat : attention, score 69 — ni festin ni alarme ; on reste en mode lecture. Bitcoin cours 62823 dollars, une heure 0.06%, quatre heures 0.43%, vingt-quatre heures -0.14%. Avis prix : sur une heure, le bitcoin bouge peu — marché plutôt plat ; journée plutôt range. Taux de financement actuel 0.000047, moyenne trente jours 0.00006, mois précédent 0.00006. Avis : un peu plus bas que la moyenne des trente jours, et sous la moyenne du mois précédent. En clair : funding positif soft — les longs paient encore les shorts, rien d’extrême Ratio long court 2.18, intérêt ouvert 1e+05, ratio acheteur 1.5. Avis positionnement : beaucoup plus de longs que de shorts — foule plutôt acheteuse, risque de squeeze baissier si ça casse ; les acheteurs agressifs dominent un peu (taker) ; l’intérêt ouvert donne la taille des paris ouverts — à croiser avec le prix, pas seul. Baleines : 0 grosses transactions, environ 0 dollars. Avis baleines : pas de gros print proxy pour l’instant — silence ne veut pas dire calme absolu, juste rien d’énorme sur l’échantillon. Ace en direct, 943 passés, bénéfice session 178.79$, chaleur 1e+02. Avis stacks : chaleur Ace élevée — beaucoup d’activité ou de stress moteur ; session Ace positive — bien, sans crier victoire ; beaucoup de SKIP : le filtre refuse souvent — sagesse ou marché trop sale. Portefeuille : Ace -1.53$, Hulk -1.37$, total -2.90$. Synthèse : prudence. Indices mitigés ou session un peu rouge — surveille skips et recul Hulk plus Ace, garde le doigt sur arrêt.
[sentiment=CAUTIOUS]
[voix:edge:fr-FR-VivienneMultilingualNeural] Cortana. Résumé Cortana, mode pédagogique. Climat attention, score soixante-neuf sur cent. Avis climat : attention, score soixante-neuf — ni festin ni alarme ; …
[voix:ok] Cortana. Résumé Cortana, mode pédagogique. Climat attention, score soixante-neuf sur cent. Avis climat : attention, score soixante-neuf — ni festin ni alarme ; on reste en mode lecture. Bitcoin cours …
THERMO_OK climate=warn score=68
THERMO_LIVE /Users/christophe/ace777-test-day1/Index_Maison/thermo/live.json
FUNDING now=4.8e-05 avg30=6.039e-05 prevMonth=6.043e-05
MISSION_OK combo=-2.0101 cycle=1219 alert=amber since=2026-08-01T00:00Z
  ALPHA fills=15 pnl=0.1044 (life fills=266 pnl=167.5081)
  BETA  fills=288 pnl=-2.1145 (life fills=4976 pnl=14.6924)
  HULK  bags=3 pnl=-3.0853
Résumé Cortana, mode pédagogique. Climat attention, score 68 sur cent. Avis climat : attention, score 68 — ni festin ni alarme ; on reste en mode lecture. Bitcoin cours 62796 dollars, une heure -0.01%, quatre heures 0.47%, vingt-quatre heures -0.23%. Avis prix : sur une heure, le bitcoin bouge peu — marché plutôt plat ; journée plutôt range. Taux de financement actuel 0.000048, moyenne trente jours 0.00006, mois précédent 0.00006. Avis : un peu plus bas que la moyenne des trente jours, et sous la moyenne du mois précédent. En clair : funding positif soft — les longs paient encore les shorts, rien d’extrême Ratio long court 2.18, intérêt ouvert 1e+05, ratio acheteur 0.67. Avis positionnement : beaucoup plus de longs que de shorts — foule plutôt acheteuse, risque de squeeze baissier si ça casse ; les vendeurs agressifs dominent un peu (taker) ; l’intérêt ouvert donne la taille des paris ouverts — à croiser avec le prix, pas seul. Baleines : 0 grosses transactions, environ 0 dollars. Avis baleines : pas de gros print proxy pour l’instant — silence ne veut pas dire calme absolu, juste rien d’énorme sur l’échantillon. Ace en direct, 952 passés, bénéfice session 178.31$, chaleur 1e+02. Avis stacks : chaleur Ace élevée — beaucoup d’activité ou de stress moteur ; session Ace positive — bien, sans crier victoire ; beaucoup de SKIP : le filtre refuse souvent — sagesse ou marché trop sale. Portefeuille : Ace -2.01$, Hulk -3.09$, total -5.10$. Synthèse : prudence. Indices mitigés ou session un peu rouge — surveille skips et recul Hulk plus Ace, garde le doigt sur arrêt.
[sentiment=CAUTIOUS]
[voix:edge:fr-FR-VivienneMultilingualNeural] Cortana. Résumé Cortana, mode pédagogique. Climat attention, score soixante-huit sur cent. Avis climat : attention, score soixante-huit — ni festin ni alarme ; …
[voix:ok] Cortana. Résumé Cortana, mode pédagogique. Climat attention, score soixante-huit sur cent. Avis climat : attention, score soixante-huit — ni festin ni alarme ; on reste en mode lecture. Bitcoin cours …
THERMO_OK climate=warn score=69
THERMO_LIVE /Users/christophe/ace777-test-day1/Index_Maison/thermo/live.json
FUNDING now=4.1e-05 avg30=5.978e-05 prevMonth=6.067e-05
MISSION_OK combo=-0.0026 cycle=1354 alert=amber since=2026-08-02T00:00Z
  ALPHA fills=0 pnl=0.0 (life fills=266 pnl=167.5081)
  BETA  fills=1 pnl=-0.0026 (life fills=4989 pnl=14.8986)
  HULK  bags=3 pnl=-3.0853
Résumé Cortana, mode pédagogique. Climat attention, score 69 sur cent. Avis climat : attention, score 69 — ni festin ni alarme ; on reste en mode lecture. Bitcoin cours 62840 dollars, une heure 0.08%, quatre heures 0.33%, vingt-quatre heures -0.20%. Avis prix : sur une heure, le bitcoin bouge peu — marché plutôt plat ; journée plutôt range. Taux de financement actuel 0.000041, moyenne trente jours 0.00006, mois précédent 0.000061. Avis : un peu plus bas que la moyenne des trente jours, et sous la moyenne du mois précédent. En clair : funding positif soft — les longs paient encore les shorts, rien d’extrême Ratio long court 2.19, intérêt ouvert 1e+05, ratio acheteur 1.3. Avis positionnement : beaucoup plus de longs que de shorts — foule plutôt acheteuse, risque de squeeze baissier si ça casse ; les acheteurs agressifs dominent un peu (taker) ; l’intérêt ouvert donne la taille des paris ouverts — à croiser avec le prix, pas seul. Baleines : 0 grosses transactions, environ 0 dollars. Avis baleines : pas de gros print proxy pour l’instant — silence ne veut pas dire calme absolu, juste rien d’énorme sur l’échantillon. Ace en direct, 947 passés, bénéfice session 178.51$, chaleur 1e+02. Avis stacks : chaleur Ace élevée — beaucoup d’activité ou de stress moteur ; session Ace positive — bien, sans crier victoire ; beaucoup de SKIP : le filtre refuse souvent — sagesse ou marché trop sale. Portefeuille : Ace -0.00$, Hulk -3.09$, total -3.09$. Synthèse : prudence. Indices mitigés ou session un peu rouge — surveille skips et recul Hulk plus Ace, garde le doigt sur arrêt.
[sentiment=CAUTIOUS]
[voix:edge:fr-FR-VivienneMultilingualNeural] Cortana. Résumé Cortana, mode pédagogique. Climat attention, score soixante-neuf sur cent. Avis climat : attention, score soixante-neuf — ni festin ni alarme ; …
[voix:ok] Cortana. Résumé Cortana, mode pédagogique. Climat attention, score soixante-neuf sur cent. Avis climat : attention, score soixante-neuf — ni festin ni alarme ; on reste en mode lecture. Bitcoin cours …
THERMO_OK climate=warn score=68
THERMO_LIVE /Users/christophe/ace777-test-day1/Index_Maison/thermo/live.json
FUNDING now=5e-05 avg30=5.978e-05 prevMonth=6.067e-05
MISSION_OK combo=-0.0026 cycle=1354 alert=red since=2026-08-02T00:00Z
  ALPHA fills=0 pnl=0.0 (life fills=266 pnl=167.5081)
  BETA  fills=1 pnl=-0.0026 (life fills=4989 pnl=14.8986)
  HULK  bags=2 pnl=-5.0617
Résumé Cortana, mode pédagogique. Climat attention, score 68 sur cent. Avis climat : attention, score 68 — ni festin ni alarme ; on reste en mode lecture. Bitcoin cours 62983 dollars, une heure 0.27%, quatre heures 0.30%, vingt-quatre heures 0.06%. Avis prix : sur une heure, le bitcoin bouge peu — marché plutôt plat ; journée plutôt range. Taux de financement actuel 0.00005, moyenne trente jours 0.00006, mois précédent 0.000061. Avis : un peu plus bas que la moyenne des trente jours, et sous la moyenne du mois précédent. En clair : funding positif soft — les longs paient encore les shorts, rien d’extrême Ratio long court 2.21, intérêt ouvert 1e+05, ratio acheteur 1. Avis positionnement : beaucoup plus de longs que de shorts — foule plutôt acheteuse, risque de squeeze baissier si ça casse ; l’intérêt ouvert donne la taille des paris ouverts — à croiser avec le prix, pas seul. Baleines : 0 grosses transactions, environ 0 dollars. Avis baleines : pas de gros print proxy pour l’instant — silence ne veut pas dire calme absolu, juste rien d’énorme sur l’échantillon. Ace en direct, 947 passés, bénéfice session 178.51$, chaleur 1e+02. Avis stacks : chaleur Ace élevée — beaucoup d’activité ou de stress moteur ; session Ace positive — bien, sans crier victoire ; beaucoup de SKIP : le filtre refuse souvent — sagesse ou marché trop sale. Portefeuille : Ace -0.00$, Hulk -5.06$, total -5.06$. Synthèse : prudence. Indices mitigés ou session un peu rouge — surveille skips et recul Hulk plus Ace, garde le doigt sur arrêt.
[sentiment=CAUTIOUS]
[voix:edge:fr-FR-VivienneMultilingualNeural] Cortana. Résumé Cortana, mode pédagogique. Climat attention, score soixante-huit sur cent. Avis climat : attention, score soixante-huit — ni festin ni alarme ; …
[voix:ok] Cortana. Résumé Cortana, mode pédagogique. Climat attention, score soixante-huit sur cent. Avis climat : attention, score soixante-huit — ni festin ni alarme ; on reste en mode lecture. Bitcoin cours …
THERMO_OK climate=warn score=65
THERMO_LIVE /Users/christophe/ace777-test-day1/Index_Maison/thermo/live.json
FUNDING now=5.8e-05 avg30=5.978e-05 prevMonth=6.067e-05
MISSION_OK combo=-0.0026 cycle=1354 alert=red since=2026-08-02T00:00Z
  ALPHA fills=0 pnl=0.0 (life fills=266 pnl=167.5081)
  BETA  fills=1 pnl=-0.0026 (life fills=4989 pnl=14.8986)
  HULK  bags=2 pnl=-5.0617
Résumé Cortana, mode pédagogique. Climat attention, score 65 sur cent. Avis climat : attention, score 65 — ni festin ni alarme ; on reste en mode lecture. Bitcoin cours 63399 dollars, une heure 0.69%, quatre heures 0.95%, vingt-quatre heures 0.57%. Avis prix : sur une heure, légère hausse. Taux de financement actuel 0.000058, moyenne trente jours 0.00006, mois précédent 0.000061. Avis : proche de la moyenne des trente jours, En clair : funding positif soft — les longs paient encore les shorts, rien d’extrême.  Ratio long court 2.21, intérêt ouvert 1e+05, ratio acheteur 1.6. Avis positionnement : beaucoup plus de longs que de shorts — foule plutôt acheteuse, risque de squeeze baissier si ça casse ; les acheteurs agressifs dominent un peu (taker) ; l’intérêt ouvert donne la taille des paris ouverts — à croiser avec le prix, pas seul. Baleines : 2 grosses transactions, environ 2e+06 dollars. Avis baleines : 2 gros print(s), somme élevée — quelqu’un de gros a frappé ; je note, je ne traduis pas ça en ordre. Ace en direct, 947 passés, bénéfice session 178.51$, chaleur 1e+02. Avis stacks : chaleur Ace élevée — beaucoup d’activité ou de stress moteur ; session Ace positive — bien, sans crier victoire ; beaucoup de SKIP : le filtre refuse souvent — sagesse ou marché trop sale. Portefeuille : Ace -0.00$, Hulk -5.06$, total -5.06$. Synthèse : prudence. Indices mitigés ou session un peu rouge — surveille skips et recul Hulk plus Ace, garde le doigt sur arrêt.
[sentiment=CAUTIOUS]
[voix:edge:fr-FR-VivienneMultilingualNeural] Cortana. Résumé Cortana, mode pédagogique. Climat attention, score soixante-cinq sur cent. Avis climat : attention, score soixante-cinq — ni festin ni alarme ; …
[voix:ok] Cortana. Résumé Cortana, mode pédagogique. Climat attention, score soixante-cinq sur cent. Avis climat : attention, score soixante-cinq — ni festin ni alarme ; on reste en mode lecture. Bitcoin cours …
THERMO_OK climate=warn score=66
THERMO_LIVE /Users/christophe/ace777-test-day1/Index_Maison/thermo/live.json
FUNDING now=6.7e-05 avg30=5.978e-05 prevMonth=6.067e-05
MISSION_OK combo=-0.0026 cycle=1354 alert=red since=2026-08-02T00:00Z
  ALPHA fills=0 pnl=0.0 (life fills=266 pnl=167.5081)
  BETA  fills=1 pnl=-0.0026 (life fills=4989 pnl=14.8986)
  HULK  bags=2 pnl=-5.0617
Résumé Cortana, mode pédagogique. Climat attention, score 66 sur cent. Avis climat : attention, score 66 — ni festin ni alarme ; on reste en mode lecture. Bitcoin cours 63406 dollars, une heure -0.03%, quatre heures 0.98%, vingt-quatre heures 0.67%. Avis prix : sur une heure, le bitcoin bouge peu — marché plutôt plat. Taux de financement actuel 0.000067, moyenne trente jours 0.00006, mois précédent 0.000061. Avis : un peu plus haut que la moyenne des trente jours, et au-dessus de la moyenne du mois précédent. En clair : funding positif soft — les longs paient encore les shorts, rien d’extrême Ratio long court 2.12, intérêt ouvert 1e+05, ratio acheteur 1.3. Avis positionnement : beaucoup plus de longs que de shorts — foule plutôt acheteuse, risque de squeeze baissier si ça casse ; les acheteurs agressifs dominent un peu (taker) ; l’intérêt ouvert donne la taille des paris ouverts — à croiser avec le prix, pas seul. Baleines : 0 grosses transactions, environ 0 dollars. Avis baleines : pas de gros print proxy pour l’instant — silence ne veut pas dire calme absolu, juste rien d’énorme sur l’échantillon. Ace en direct, 947 passés, bénéfice session 178.51$, chaleur 1e+02. Avis stacks : chaleur Ace élevée — beaucoup d’activité ou de stress moteur ; session Ace positive — bien, sans crier victoire ; beaucoup de SKIP : le filtre refuse souvent — sagesse ou marché trop sale. Portefeuille : Ace -0.00$, Hulk -5.06$, total -5.06$. Synthèse : prudence. Indices mitigés ou session un peu rouge — surveille skips et recul Hulk plus Ace, garde le doigt sur arrêt.
[sentiment=CAUTIOUS]
[voix:edge:fr-FR-VivienneMultilingualNeural] Cortana. Résumé Cortana, mode pédagogique. Climat attention, score soixante-six sur cent. Avis climat : attention, score soixante-six — ni festin ni alarme ; on…
[voix:ok] Cortana. Résumé Cortana, mode pédagogique. Climat attention, score soixante-six sur cent. Avis climat : attention, score soixante-six — ni festin ni alarme ; on reste en mode lecture. Bitcoin cours 63…
THERMO_OK climate=warn score=65
THERMO_LIVE /Users/christophe/ace777-test-day1/Index_Maison/thermo/live.json
FUNDING now=7.9e-05 avg30=5.978e-05 prevMonth=6.067e-05
MISSION_OK combo=-0.0026 cycle=1354 alert=red since=2026-08-02T00:00Z
  ALPHA fills=0 pnl=0.0 (life fills=266 pnl=167.5081)
  BETA  fills=1 pnl=-0.0026 (life fills=4989 pnl=14.8986)
  HULK  bags=2 pnl=-5.0617
Résumé Cortana, mode pédagogique. Climat attention, score 65 sur cent. Avis climat : attention, score 65 — ni festin ni alarme ; on reste en mode lecture. Bitcoin cours 63584 dollars, une heure 0.23%, quatre heures 1.23%, vingt-quatre heures 0.82%. Avis prix : sur une heure, le bitcoin bouge peu — marché plutôt plat. Taux de financement actuel 0.000079, moyenne trente jours 0.00006, mois précédent 0.000061. Avis : un peu plus haut que la moyenne des trente jours, et au-dessus de la moyenne du mois précédent. En clair : funding positif soft — les longs paient encore les shorts, rien d’extrême Ratio long court 2.04, intérêt ouvert 1e+05, ratio acheteur 1. Avis positionnement : beaucoup plus de longs que de shorts — foule plutôt acheteuse, risque de squeeze baissier si ça casse ; l’intérêt ouvert donne la taille des paris ouverts — à croiser avec le prix, pas seul. Baleines : 1 grosses transactions, environ 1e+06 dollars. Avis baleines : 1 print(s) au-dessus du seuil — activité institutionnelle ou whale possible, à croiser avec le prix. Ace en direct, 947 passés, bénéfice session 178.51$, chaleur 1e+02. Avis stacks : chaleur Ace élevée — beaucoup d’activité ou de stress moteur ; session Ace positive — bien, sans crier victoire ; beaucoup de SKIP : le filtre refuse souvent — sagesse ou marché trop sale. Portefeuille : Ace -0.00$, Hulk -5.06$, total -5.06$. Synthèse : prudence. Indices mitigés ou session un peu rouge — surveille skips et recul Hulk plus Ace, garde le doigt sur arrêt.
[sentiment=CAUTIOUS]
[voix:edge:fr-FR-VivienneMultilingualNeural] Cortana. Résumé Cortana, mode pédagogique. Climat attention, score soixante-cinq sur cent. Avis climat : attention, score soixante-cinq — ni festin ni alarme ; …
[voix:ok] Cortana. Résumé Cortana, mode pédagogique. Climat attention, score soixante-cinq sur cent. Avis climat : attention, score soixante-cinq — ni festin ni alarme ; on reste en mode lecture. Bitcoin cours …
THERMO_OK climate=warn score=66
THERMO_LIVE /Users/christophe/ace777-test-day1/Index_Maison/thermo/live.json
FUNDING now=9.6e-05 avg30=5.978e-05 prevMonth=6.067e-05
MISSION_OK combo=-0.0026 cycle=1354 alert=red since=2026-08-02T00:00Z
  ALPHA fills=0 pnl=0.0 (life fills=266 pnl=167.5081)
  BETA  fills=1 pnl=-0.0026 (life fills=4989 pnl=14.8986)
  HULK  bags=2 pnl=-5.0617
Résumé Cortana, mode pédagogique. Climat attention, score 66 sur cent. Avis climat : attention, score 66 — ni festin ni alarme ; on reste en mode lecture. Bitcoin cours 63434 dollars, une heure 0.01%, quatre heures 0.02%, vingt-quatre heures 0.69%. Avis prix : sur une heure, le bitcoin bouge peu — marché plutôt plat. Taux de financement actuel 0.000096, moyenne trente jours 0.00006, mois précédent 0.000061. Avis : un peu plus haut que la moyenne des trente jours, et au-dessus de la moyenne du mois précédent. En clair : funding positif soft — les longs paient encore les shorts, rien d’extrême Ratio long court 1.98, intérêt ouvert 1e+05, ratio acheteur 1.3. Avis positionnement : beaucoup plus de longs que de shorts — foule plutôt acheteuse, risque de squeeze baissier si ça casse ; les acheteurs agressifs dominent un peu (taker) ; l’intérêt ouvert donne la taille des paris ouverts — à croiser avec le prix, pas seul. Baleines : 1 grosses transactions, environ 1e+06 dollars. Avis baleines : 1 print(s) au-dessus du seuil — activité institutionnelle ou whale possible, à croiser avec le prix. Ace en direct, 947 passés, bénéfice session 178.51$, chaleur 1e+02. Avis stacks : chaleur Ace élevée — beaucoup d’activité ou de stress moteur ; session Ace positive — bien, sans crier victoire ; beaucoup de SKIP : le filtre refuse souvent — sagesse ou marché trop sale. Portefeuille : Ace -0.00$, Hulk -5.06$, total -5.06$. Synthèse : prudence. Indices mitigés ou session un peu rouge — surveille skips et recul Hulk plus Ace, garde le doigt sur arrêt.
[sentiment=CAUTIOUS]
[voix:edge:fr-FR-VivienneMultilingualNeural] Cortana. Résumé Cortana, mode pédagogique. Climat attention, score soixante-six sur cent. Avis climat : attention, score soixante-six — ni festin ni alarme ; on…
[voix:ok] Cortana. Résumé Cortana, mode pédagogique. Climat attention, score soixante-six sur cent. Avis climat : attention, score soixante-six — ni festin ni alarme ; on reste en mode lecture. Bitcoin cours 63…
THERMO_OK climate=warn score=67
THERMO_LIVE /Users/christophe/ace777-test-day1/Index_Maison/thermo/live.json
FUNDING now=9.8e-05 avg30=5.978e-05 prevMonth=6.067e-05
MISSION_OK combo=0.2515 cycle=365 alert=red since=2026-08-02T00:00Z
  ALPHA fills=3 pnl=-0.0164 (life fills=56 pnl=-41.7262)
  BETA  fills=17 pnl=0.2679 (life fills=348 pnl=8.2728)
  HULK  bags=2 pnl=-5.0617
Résumé Cortana, mode pédagogique. Climat attention, score 67 sur cent. Avis climat : attention, score 67 — ni festin ni alarme ; on reste en mode lecture. Bitcoin cours 63463 dollars, une heure 0.01%, quatre heures 0.05%, vingt-quatre heures 0.64%. Avis prix : sur une heure, le bitcoin bouge peu — marché plutôt plat. Taux de financement actuel 0.000098, moyenne trente jours 0.00006, mois précédent 0.000061. Avis : un peu plus haut que la moyenne des trente jours, et au-dessus de la moyenne du mois précédent. En clair : funding positif soft — les longs paient encore les shorts, rien d’extrême Ratio long court 1.93, intérêt ouvert 1e+05, ratio acheteur 0.82. Avis positionnement : beaucoup plus de longs que de shorts — foule plutôt acheteuse, risque de squeeze baissier si ça casse ; les vendeurs agressifs dominent un peu (taker) ; l’intérêt ouvert donne la taille des paris ouverts — à croiser avec le prix, pas seul. Baleines : 0 grosses transactions, environ 0 dollars. Avis baleines : pas de gros print proxy pour l’instant — silence ne veut pas dire calme absolu, juste rien d’énorme sur l’échantillon. Ace en direct, 963 passés, bénéfice session -33.45$, chaleur 1e+02. Avis stacks : chaleur Ace élevée — beaucoup d’activité ou de stress moteur ; session Ace en recul — normal de ralentir les conclusions ; beaucoup de SKIP : le filtre refuse souvent — sagesse ou marché trop sale. Portefeuille : Ace 0.25$, Hulk -5.06$, total -4.81$. Synthèse : sentiment défensif. Climat ou portefeuilles sous pression — préfère hygiène ou pause plutôt qu’élargir le risque.
[sentiment=BEARISH]
[voix:edge:fr-FR-VivienneMultilingualNeural] Cortana. Résumé Cortana, mode pédagogique. Climat attention, score soixante-sept sur cent. Avis climat : attention, score soixante-sept — ni festin ni alarme ; …
[voix:ok] Cortana. Résumé Cortana, mode pédagogique. Climat attention, score soixante-sept sur cent. Avis climat : attention, score soixante-sept — ni festin ni alarme ; on reste en mode lecture. Bitcoin cours …
THERMO_OK climate=warn score=68
THERMO_LIVE /Users/christophe/ace777-test-day1/Index_Maison/thermo/live.json
FUNDING now=8.8e-05 avg30=5.966e-05 prevMonth=6.081e-05
MISSION_OK combo=-0.6372 cycle=755 alert=red since=2026-08-02T00:00Z
  ALPHA fills=7 pnl=-1.1302 (life fills=60 pnl=-42.84)
  BETA  fills=26 pnl=0.493 (life fills=357 pnl=8.4979)
  HULK  bags=3 pnl=-5.0617
Résumé Cortana, mode pédagogique. Climat attention, score 68 sur cent. Avis climat : attention, score 68 — ni festin ni alarme ; on reste en mode lecture. Bitcoin cours 63475 dollars, une heure 0.01%, quatre heures -0.13%, vingt-quatre heures 0.67%. Avis prix : sur une heure, le bitcoin bouge peu — marché plutôt plat. Taux de financement actuel 0.000088, moyenne trente jours 0.00006, mois précédent 0.000061. Avis : un peu plus haut que la moyenne des trente jours, et au-dessus de la moyenne du mois précédent. En clair : funding positif soft — les longs paient encore les shorts, rien d’extrême Ratio long court 1.92, intérêt ouvert 1e+05, ratio acheteur 0.73. Avis positionnement : beaucoup plus de longs que de shorts — foule plutôt acheteuse, risque de squeeze baissier si ça casse ; les vendeurs agressifs dominent un peu (taker) ; l’intérêt ouvert donne la taille des paris ouverts — à croiser avec le prix, pas seul. Baleines : 1 grosses transactions, environ 1e+06 dollars. Avis baleines : 1 print(s) au-dessus du seuil — activité institutionnelle ou whale possible, à croiser avec le prix. Ace en direct, 977 passés, bénéfice session -34.34$, chaleur 1e+02. Avis stacks : chaleur Ace élevée — beaucoup d’activité ou de stress moteur ; session Ace en recul — normal de ralentir les conclusions ; beaucoup de SKIP : le filtre refuse souvent — sagesse ou marché trop sale. Portefeuille : Ace -0.64$, Hulk -5.06$, total -5.70$. Synthèse : sentiment défensif. Climat ou portefeuilles sous pression — préfère hygiène ou pause plutôt qu’élargir le risque.
[sentiment=BEARISH]
[voix:edge:fr-FR-VivienneMultilingualNeural] Cortana. Résumé Cortana, mode pédagogique. Climat attention, score soixante-huit sur cent. Avis climat : attention, score soixante-huit — ni festin ni alarme ; …
[voix:ok] Cortana. Résumé Cortana, mode pédagogique. Climat attention, score soixante-huit sur cent. Avis climat : attention, score soixante-huit — ni festin ni alarme ; on reste en mode lecture. Bitcoin cours …
THERMO_OK climate=ok score=71
THERMO_LIVE /Users/christophe/ace777-test-day1/Index_Maison/thermo/live.json
FUNDING now=8.3e-05 avg30=5.966e-05 prevMonth=6.081e-05
MISSION_OK combo=-0.039 cycle=1145 alert=red since=2026-08-02T00:00Z
  ALPHA fills=7 pnl=-1.1302 (life fills=60 pnl=-42.84)
  BETA  fills=35 pnl=1.0912 (life fills=366 pnl=9.0961)
  HULK  bags=3 pnl=-5.0617
Résumé Cortana, mode pédagogique. Climat calme, score 71 sur cent. Avis climat : calme, score 71 — thermo plutôt clément ; bon pour observer, pas une invitation à monter le risque. Bitcoin cours 63239 dollars, une heure 0.12%, quatre heures -0.29%, vingt-quatre heures 0.24%. Avis prix : sur une heure, le bitcoin bouge peu — marché plutôt plat ; journée plutôt range. Taux de financement actuel 0.000083, moyenne trente jours 0.00006, mois précédent 0.000061. Avis : un peu plus haut que la moyenne des trente jours, et au-dessus de la moyenne du mois précédent. En clair : funding positif soft — les longs paient encore les shorts, rien d’extrême Ratio long court 1.89, intérêt ouvert 1e+05, ratio acheteur 0.47. Avis positionnement : beaucoup plus de longs que de shorts — foule plutôt acheteuse, risque de squeeze baissier si ça casse ; les vendeurs agressifs dominent un peu (taker) ; l’intérêt ouvert donne la taille des paris ouverts — à croiser avec le prix, pas seul. Baleines : 2 grosses transactions, environ 1e+06 dollars. Avis baleines : 2 print(s) au-dessus du seuil — activité institutionnelle ou whale possible, à croiser avec le prix. Ace en direct, 996 passés, bénéfice session -33.74$, chaleur 1e+02. Avis stacks : chaleur Ace élevée — beaucoup d’activité ou de stress moteur ; session Ace en recul — normal de ralentir les conclusions ; beaucoup de SKIP : le filtre refuse souvent — sagesse ou marché trop sale. Portefeuille : Ace -0.04$, Hulk -5.06$, total -5.10$. Synthèse : prudence. Indices mitigés ou session un peu rouge — surveille skips et recul Hulk plus Ace, garde le doigt sur arrêt.
[sentiment=CAUTIOUS]
[voix:edge:fr-FR-VivienneMultilingualNeural] Cortana. Résumé Cortana, mode pédagogique. Climat calme, score soixante-onze sur cent. Avis climat : calme, score soixante-onze — thermo plutôt clément ; bon po…
[voix:ok] Cortana. Résumé Cortana, mode pédagogique. Climat calme, score soixante-onze sur cent. Avis climat : calme, score soixante-onze — thermo plutôt clément ; bon pour observer, pas une invitation à monter…
THERMO_OK climate=ok score=70
THERMO_LIVE /Users/christophe/ace777-test-day1/Index_Maison/thermo/live.json
FUNDING now=8.2e-05 avg30=5.966e-05 prevMonth=6.081e-05
MISSION_OK combo=0.3972 cycle=53 alert=red since=2026-08-02T00:00Z
  ALPHA fills=0 pnl=0.0 (life fills=0 pnl=0.0)
  BETA  fills=2 pnl=0.3972 (life fills=2 pnl=0.3972)
  HULK  bags=3 pnl=-5.0617
Résumé Cortana, mode pédagogique. Climat calme, score 70 sur cent. Avis climat : calme, score 70 — thermo plutôt clément ; bon pour observer, pas une invitation à monter le risque. Bitcoin cours 63183 dollars, une heure -0.11%, quatre heures -0.44%, vingt-quatre heures 0.31%. Avis prix : sur une heure, le bitcoin bouge peu — marché plutôt plat ; journée plutôt range. Taux de financement actuel 0.000082, moyenne trente jours 0.00006, mois précédent 0.000061. Avis : un peu plus haut que la moyenne des trente jours, et au-dessus de la moyenne du mois précédent. En clair : funding positif soft — les longs paient encore les shorts, rien d’extrême Ratio long court 1.93, intérêt ouvert 1e+05, ratio acheteur 1.1. Avis positionnement : beaucoup plus de longs que de shorts — foule plutôt acheteuse, risque de squeeze baissier si ça casse ; l’intérêt ouvert donne la taille des paris ouverts — à croiser avec le prix, pas seul. Baleines : 1 grosses transactions, environ 9e+05 dollars. Avis baleines : 1 print(s) au-dessus du seuil — activité institutionnelle ou whale possible, à croiser avec le prix. Ace en direct, 100 passés, bénéfice session 0.40$, chaleur 1. Avis stacks : chaleur Ace basse — moteur plutôt soft ; Hulk aussi dans le rouge — les deux stacks demandent de l’œil. Portefeuille : Ace 0.40$, Hulk -5.06$, total -4.66$. Synthèse : sentiment neutre à légèrement positif. On laisse tourner le setup ; je sniffe, je ne décide pas à ta place.
[sentiment=NEUTRE]
[voix:edge:fr-FR-VivienneMultilingualNeural] Cortana. Résumé Cortana, mode pédagogique. Climat calme, score soixante-dix sur cent. Avis climat : calme, score soixante-dix — thermo plutôt clément ; bon pour…
[voix:ok] Cortana. Résumé Cortana, mode pédagogique. Climat calme, score soixante-dix sur cent. Avis climat : calme, score soixante-dix — thermo plutôt clément ; bon pour observer, pas une invitation à monter l…
THERMO_OK climate=ok score=71
THERMO_LIVE /Users/christophe/ace777-test-day1/Index_Maison/thermo/live.json
FUNDING now=8.2e-05 avg30=5.966e-05 prevMonth=6.081e-05
MISSION_OK combo=0.8441 cycle=430 alert=red since=2026-08-02T00:00Z
  ALPHA fills=0 pnl=0.0 (life fills=0 pnl=0.0)
  BETA  fills=6 pnl=0.8441 (life fills=6 pnl=0.8441)
  HULK  bags=3 pnl=-5.0617
Résumé Cortana, mode pédagogique. Climat calme, score 71 sur cent. Avis climat : calme, score 71 — thermo plutôt clément ; bon pour observer, pas une invitation à monter le risque. Bitcoin cours 63144 dollars, une heure -0.05%, quatre heures -0.51%, vingt-quatre heures 0.18%. Avis prix : sur une heure, le bitcoin bouge peu — marché plutôt plat ; journée plutôt range. Taux de financement actuel 0.000082, moyenne trente jours 0.00006, mois précédent 0.000061. Avis : un peu plus haut que la moyenne des trente jours, et au-dessus de la moyenne du mois précédent. En clair : funding positif soft — les longs paient encore les shorts, rien d’extrême Ratio long court 1.92, intérêt ouvert 1e+05, ratio acheteur 0.89. Avis positionnement : beaucoup plus de longs que de shorts — foule plutôt acheteuse, risque de squeeze baissier si ça casse ; l’intérêt ouvert donne la taille des paris ouverts — à croiser avec le prix, pas seul. Baleines : 0 grosses transactions, environ 0 dollars. Avis baleines : pas de gros print proxy pour l’instant — silence ne veut pas dire calme absolu, juste rien d’énorme sur l’échantillon. Ace en direct, 848 passés, bénéfice session 0.84$, chaleur 2. Avis stacks : chaleur Ace dans une zone moyenne ; beaucoup de SKIP : le filtre refuse souvent — sagesse ou marché trop sale ; Hulk aussi dans le rouge — les deux stacks demandent de l’œil. Portefeuille : Ace 0.84$, Hulk -5.06$, total -4.22$. Synthèse : sentiment neutre à légèrement positif. On laisse tourner le setup ; je sniffe, je ne décide pas à ta place.
[sentiment=NEUTRE]
[voix:edge:fr-FR-VivienneMultilingualNeural] Cortana. Résumé Cortana, mode pédagogique. Climat calme, score soixante-onze sur cent. Avis climat : calme, score soixante-onze — thermo plutôt clément ; bon po…
[voix:ok] Cortana. Résumé Cortana, mode pédagogique. Climat calme, score soixante-onze sur cent. Avis climat : calme, score soixante-onze — thermo plutôt clément ; bon pour observer, pas une invitation à monter…
THERMO_OK climate=ok score=71
THERMO_LIVE /Users/christophe/ace777-test-day1/Index_Maison/thermo/live.json
FUNDING now=9.2e-05 avg30=5.966e-05 prevMonth=6.081e-05
MISSION_OK combo=-7.2092 cycle=770 alert=red since=2026-08-02T00:00Z
  ALPHA fills=3 pnl=-7.66 (life fills=3 pnl=-7.66)
  BETA  fills=23 pnl=0.4508 (life fills=23 pnl=0.4508)
  HULK  bags=3 pnl=-5.0617
Résumé Cortana, mode pédagogique. Climat calme, score 71 sur cent. Avis climat : calme, score 71 — thermo plutôt clément ; bon pour observer, pas une invitation à monter le risque. Bitcoin cours 63156 dollars, une heure 0.24%, quatre heures -0.02%, vingt-quatre heures 0.12%. Avis prix : sur une heure, le bitcoin bouge peu — marché plutôt plat ; journée plutôt range. Taux de financement actuel 0.000092, moyenne trente jours 0.00006, mois précédent 0.000061. Avis : un peu plus haut que la moyenne des trente jours, et au-dessus de la moyenne du mois précédent. En clair : funding positif soft — les longs paient encore les shorts, rien d’extrême Ratio long court 1.91, intérêt ouvert 1e+05, ratio acheteur 0.76. Avis positionnement : beaucoup plus de longs que de shorts — foule plutôt acheteuse, risque de squeeze baissier si ça casse ; les vendeurs agressifs dominent un peu (taker) ; l’intérêt ouvert donne la taille des paris ouverts — à croiser avec le prix, pas seul. Baleines : 0 grosses transactions, environ 0 dollars. Avis baleines : pas de gros print proxy pour l’instant — silence ne veut pas dire calme absolu, juste rien d’énorme sur l’échantillon. Ace en direct, 990 passés, bénéfice session -7.21$, chaleur 2e+01. Avis stacks : chaleur Ace élevée — beaucoup d’activité ou de stress moteur ; session Ace en recul — normal de ralentir les conclusions ; beaucoup de SKIP : le filtre refuse souvent — sagesse ou marché trop sale. Portefeuille : Ace -7.21$, Hulk -5.06$, total -12.27$. Synthèse : prudence. Indices mitigés ou session un peu rouge — surveille skips et recul Hulk plus Ace, garde le doigt sur arrêt.
[sentiment=CAUTIOUS]
[voix:edge:fr-FR-VivienneMultilingualNeural] Cortana. Résumé Cortana, mode pédagogique. Climat calme, score soixante-onze sur cent. Avis climat : calme, score soixante-onze — thermo plutôt clément ; bon po…
[voix:ok] Cortana. Résumé Cortana, mode pédagogique. Climat calme, score soixante-onze sur cent. Avis climat : calme, score soixante-onze — thermo plutôt clément ; bon pour observer, pas une invitation à monter…
THERMO_OK climate=ok score=71
THERMO_LIVE /Users/christophe/ace777-test-day1/Index_Maison/thermo/live.json
FUNDING now=8.9e-05 avg30=5.966e-05 prevMonth=6.081e-05
MISSION_OK combo=-8.6073 cycle=1129 alert=red since=2026-08-02T00:00Z
  ALPHA fills=4 pnl=-9.285 (life fills=4 pnl=-9.285)
  BETA  fills=31 pnl=0.6777 (life fills=31 pnl=0.6777)
  HULK  bags=4 pnl=-5.0617
Résumé Cortana, mode pédagogique. Climat calme, score 71 sur cent. Avis climat : calme, score 71 — thermo plutôt clément ; bon pour observer, pas une invitation à monter le risque. Bitcoin cours 63059 dollars, une heure -0.06%, quatre heures -0.30%, vingt-quatre heures -0.01%. Avis prix : sur une heure, le bitcoin bouge peu — marché plutôt plat ; journée plutôt range. Taux de financement actuel 0.000089, moyenne trente jours 0.00006, mois précédent 0.000061. Avis : un peu plus haut que la moyenne des trente jours, et au-dessus de la moyenne du mois précédent. En clair : funding positif soft — les longs paient encore les shorts, rien d’extrême Ratio long court 1.92, intérêt ouvert 1e+05, ratio acheteur 1. Avis positionnement : beaucoup plus de longs que de shorts — foule plutôt acheteuse, risque de squeeze baissier si ça casse ; l’intérêt ouvert donne la taille des paris ouverts — à croiser avec le prix, pas seul. Baleines : 1 grosses transactions, environ 2e+06 dollars. Avis baleines : 1 print(s) au-dessus du seuil — activité institutionnelle ou whale possible, à croiser avec le prix. Ace en direct, 990 passés, bénéfice session -8.61$, chaleur 3e+01. Avis stacks : chaleur Ace élevée — beaucoup d’activité ou de stress moteur ; session Ace en recul — normal de ralentir les conclusions ; beaucoup de SKIP : le filtre refuse souvent — sagesse ou marché trop sale. Portefeuille : Ace -8.61$, Hulk -5.06$, total -13.67$. Synthèse : prudence. Indices mitigés ou session un peu rouge — surveille skips et recul Hulk plus Ace, garde le doigt sur arrêt.
[sentiment=CAUTIOUS]
[voix:edge:fr-FR-VivienneMultilingualNeural] Cortana. Résumé Cortana, mode pédagogique. Climat calme, score soixante-onze sur cent. Avis climat : calme, score soixante-onze — thermo plutôt clément ; bon po…
[voix:ok] Cortana. Résumé Cortana, mode pédagogique. Climat calme, score soixante-onze sur cent. Avis climat : calme, score soixante-onze — thermo plutôt clément ; bon pour observer, pas une invitation à monter…
THERMO_OK climate=ok score=72
THERMO_LIVE /Users/christophe/ace777-test-day1/Index_Maison/thermo/live.json
FUNDING now=8.6e-05 avg30=5.966e-05 prevMonth=6.081e-05
MISSION_OK combo=-8.6073 cycle=1514 alert=red since=2026-08-02T00:00Z
  ALPHA fills=4 pnl=-9.285 (life fills=4 pnl=-9.285)
  BETA  fills=31 pnl=0.6777 (life fills=31 pnl=0.6777)
  HULK  bags=4 pnl=-5.0617
Résumé Cortana, mode pédagogique. Climat calme, score 72 sur cent. Avis climat : calme, score 72 — thermo plutôt clément ; bon pour observer, pas une invitation à monter le risque. Bitcoin cours 63085 dollars, une heure -0.02%, quatre heures -0.14%, vingt-quatre heures -0.01%. Avis prix : sur une heure, le bitcoin bouge peu — marché plutôt plat ; journée plutôt range. Taux de financement actuel 0.000086, moyenne trente jours 0.00006, mois précédent 0.000061. Avis : un peu plus haut que la moyenne des trente jours, et au-dessus de la moyenne du mois précédent. En clair : funding positif soft — les longs paient encore les shorts, rien d’extrême Ratio long court 1.92, intérêt ouvert 1e+05, ratio acheteur 1.2. Avis positionnement : beaucoup plus de longs que de shorts — foule plutôt acheteuse, risque de squeeze baissier si ça casse ; l’intérêt ouvert donne la taille des paris ouverts — à croiser avec le prix, pas seul. Baleines : 0 grosses transactions, environ 0 dollars. Avis baleines : pas de gros print proxy pour l’instant — silence ne veut pas dire calme absolu, juste rien d’énorme sur l’échantillon. Ace en direct, 1020 passés, bénéfice session -8.61$, chaleur 3e+01. Avis stacks : chaleur Ace élevée — beaucoup d’activité ou de stress moteur ; session Ace en recul — normal de ralentir les conclusions ; beaucoup de SKIP : le filtre refuse souvent — sagesse ou marché trop sale. Portefeuille : Ace -8.61$, Hulk -5.06$, total -13.67$. Synthèse : prudence. Indices mitigés ou session un peu rouge — surveille skips et recul Hulk plus Ace, garde le doigt sur arrêt.
[sentiment=CAUTIOUS]
[voix:edge:fr-FR-VivienneMultilingualNeural] Cortana. Résumé Cortana, mode pédagogique. Climat calme, score soixante-douze sur cent. Avis climat : calme, score soixante-douze — thermo plutôt clément ; bon …
[voix:ok] Cortana. Résumé Cortana, mode pédagogique. Climat calme, score soixante-douze sur cent. Avis climat : calme, score soixante-douze — thermo plutôt clément ; bon pour observer, pas une invitation à mont…
THERMO_OK climate=ok score=71
THERMO_LIVE /Users/christophe/ace777-test-day1/Index_Maison/thermo/live.json
FUNDING now=8e-05 avg30=5.966e-05 prevMonth=6.081e-05
MISSION_OK combo=-8.6073 cycle=1918 alert=red since=2026-08-02T00:00Z
  ALPHA fills=4 pnl=-9.285 (life fills=4 pnl=-9.285)
  BETA  fills=31 pnl=0.6777 (life fills=31 pnl=0.6777)
  HULK  bags=4 pnl=-5.0617
Résumé Cortana, mode pédagogique. Climat calme, score 71 sur cent. Avis climat : calme, score 71 — thermo plutôt clément ; bon pour observer, pas une invitation à monter le risque. Bitcoin cours 63100 dollars, une heure 0.09%, quatre heures 0.15%, vingt-quatre heures 0.11%. Avis prix : sur une heure, le bitcoin bouge peu — marché plutôt plat ; journée plutôt range. Taux de financement actuel 0.00008, moyenne trente jours 0.00006, mois précédent 0.000061. Avis : un peu plus haut que la moyenne des trente jours, et au-dessus de la moyenne du mois précédent. En clair : funding positif soft — les longs paient encore les shorts, rien d’extrême Ratio long court 1.94, intérêt ouvert 1e+05, ratio acheteur 0.96. Avis positionnement : beaucoup plus de longs que de shorts — foule plutôt acheteuse, risque de squeeze baissier si ça casse ; l’intérêt ouvert donne la taille des paris ouverts — à croiser avec le prix, pas seul. Baleines : 1 grosses transactions, environ 6e+05 dollars. Avis baleines : 1 print(s) au-dessus du seuil — activité institutionnelle ou whale possible, à croiser avec le prix. Ace en direct, 1019 passés, bénéfice session -8.61$, chaleur 3e+01. Avis stacks : chaleur Ace élevée — beaucoup d’activité ou de stress moteur ; session Ace en recul — normal de ralentir les conclusions ; beaucoup de SKIP : le filtre refuse souvent — sagesse ou marché trop sale. Portefeuille : Ace -8.61$, Hulk -5.06$, total -13.67$. Synthèse : prudence. Indices mitigés ou session un peu rouge — surveille skips et recul Hulk plus Ace, garde le doigt sur arrêt.
[sentiment=CAUTIOUS]
[voix:edge:fr-FR-VivienneMultilingualNeural] Cortana. Résumé Cortana, mode pédagogique. Climat calme, score soixante-onze sur cent. Avis climat : calme, score soixante-onze — thermo plutôt clément ; bon po…
[voix:ok] Cortana. Résumé Cortana, mode pédagogique. Climat calme, score soixante-onze sur cent. Avis climat : calme, score soixante-onze — thermo plutôt clément ; bon pour observer, pas une invitation à monter…
THERMO_OK climate=ok score=70
THERMO_LIVE /Users/christophe/ace777-test-day1/Index_Maison/thermo/live.json
FUNDING now=8.1e-05 avg30=6.01e-05 prevMonth=6.043e-05
MISSION_OK combo=-8.534 cycle=2355 alert=red since=2026-08-02T00:00Z
  ALPHA fills=4 pnl=-9.285 (life fills=4 pnl=-9.285)
  BETA  fills=32 pnl=0.751 (life fills=32 pnl=0.751)
  HULK  bags=4 pnl=-5.0617
Résumé Cortana, mode pédagogique. Climat calme, score 70 sur cent. Avis climat : calme, score 70 — thermo plutôt clément ; bon pour observer, pas une invitation à monter le risque. Bitcoin cours 63138 dollars, une heure 0.11%, quatre heures 0.09%, vingt-quatre heures 0.35%. Avis prix : sur une heure, le bitcoin bouge peu — marché plutôt plat ; journée plutôt range. Taux de financement actuel 0.000081, moyenne trente jours 0.00006, mois précédent 0.00006. Avis : un peu plus haut que la moyenne des trente jours, et au-dessus de la moyenne du mois précédent. En clair : funding positif soft — les longs paient encore les shorts, rien d’extrême Ratio long court 1.95, intérêt ouvert 1e+05, ratio acheteur 1.2. Avis positionnement : beaucoup plus de longs que de shorts — foule plutôt acheteuse, risque de squeeze baissier si ça casse ; l’intérêt ouvert donne la taille des paris ouverts — à croiser avec le prix, pas seul. Baleines : 0 grosses transactions, environ 0 dollars. Avis baleines : pas de gros print proxy pour l’instant — silence ne veut pas dire calme absolu, juste rien d’énorme sur l’échantillon. Ace en direct, 1015 passés, bénéfice session -8.53$, chaleur 3e+01. Avis stacks : chaleur Ace élevée — beaucoup d’activité ou de stress moteur ; session Ace en recul — normal de ralentir les conclusions ; beaucoup de SKIP : le filtre refuse souvent — sagesse ou marché trop sale. Portefeuille : Ace -8.53$, Hulk -5.06$, total -13.60$. Synthèse : prudence. Indices mitigés ou session un peu rouge — surveille skips et recul Hulk plus Ace, garde le doigt sur arrêt.
[sentiment=CAUTIOUS]
[voix:edge:fr-FR-VivienneMultilingualNeural] Cortana. Résumé Cortana, mode pédagogique. Climat calme, score soixante-dix sur cent. Avis climat : calme, score soixante-dix — thermo plutôt clément ; bon pour…
[voix:ok] Cortana. Résumé Cortana, mode pédagogique. Climat calme, score soixante-dix sur cent. Avis climat : calme, score soixante-dix — thermo plutôt clément ; bon pour observer, pas une invitation à monter l…
THERMO_OK climate=warn score=66
THERMO_LIVE /Users/christophe/ace777-test-day1/Index_Maison/thermo/live.json
FUNDING now=8.6e-05 avg30=6.01e-05 prevMonth=6.043e-05
MISSION_OK combo=-8.534 cycle=2800 alert=red since=2026-08-02T00:00Z
  ALPHA fills=4 pnl=-9.285 (life fills=4 pnl=-9.285)
  BETA  fills=32 pnl=0.751 (life fills=32 pnl=0.751)
  HULK  bags=5 pnl=-5.0617
Résumé Cortana, mode pédagogique. Climat attention, score 66 sur cent. Avis climat : attention, score 66 — ni festin ni alarme ; on reste en mode lecture. Bitcoin cours 63287 dollars, une heure 0.20%, quatre heures 0.30%, vingt-quatre heures 0.78%. Avis prix : sur une heure, le bitcoin bouge peu — marché plutôt plat. Taux de financement actuel 0.000086, moyenne trente jours 0.00006, mois précédent 0.00006. Avis : un peu plus haut que la moyenne des trente jours, et au-dessus de la moyenne du mois précédent. En clair : funding positif soft — les longs paient encore les shorts, rien d’extrême Ratio long court 1.98, intérêt ouvert 1e+05, ratio acheteur 1.6. Avis positionnement : beaucoup plus de longs que de shorts — foule plutôt acheteuse, risque de squeeze baissier si ça casse ; les acheteurs agressifs dominent un peu (taker) ; l’intérêt ouvert donne la taille des paris ouverts — à croiser avec le prix, pas seul. Baleines : 0 grosses transactions, environ 0 dollars. Avis baleines : pas de gros print proxy pour l’instant — silence ne veut pas dire calme absolu, juste rien d’énorme sur l’échantillon. Ace en direct, 1019 passés, bénéfice session -8.53$, chaleur 3e+01. Avis stacks : chaleur Ace élevée — beaucoup d’activité ou de stress moteur ; session Ace en recul — normal de ralentir les conclusions ; beaucoup de SKIP : le filtre refuse souvent — sagesse ou marché trop sale. Portefeuille : Ace -8.53$, Hulk -5.06$, total -13.60$. Synthèse : sentiment défensif. Climat ou portefeuilles sous pression — préfère hygiène ou pause plutôt qu’élargir le risque.
[sentiment=BEARISH]
[voix:edge:fr-FR-VivienneMultilingualNeural] Cortana. Résumé Cortana, mode pédagogique. Climat attention, score soixante-six sur cent. Avis climat : attention, score soixante-six — ni festin ni alarme ; on…
[voix:ok] Cortana. Résumé Cortana, mode pédagogique. Climat attention, score soixante-six sur cent. Avis climat : attention, score soixante-six — ni festin ni alarme ; on reste en mode lecture. Bitcoin cours 63…
THERMO_OK climate=warn score=60
THERMO_LIVE /Users/christophe/ace777-test-day1/Index_Maison/thermo/live.json
FUNDING now=9.8e-05 avg30=6.01e-05 prevMonth=6.043e-05
MISSION_OK combo=-8.5387 cycle=135 alert=red since=2026-08-02T00:00Z
  ALPHA fills=4 pnl=-9.285 (life fills=4 pnl=-9.285)
  BETA  fills=33 pnl=0.7463 (life fills=33 pnl=0.7463)
  HULK  bags=5 pnl=-5.0617
Résumé Cortana, mode pédagogique. Climat attention, score 60 sur cent. Avis climat : attention, score 60 — ni festin ni alarme ; on reste en mode lecture. Bitcoin cours 63370 dollars, une heure 0.14%, quatre heures 0.52%, vingt-quatre heures 1.57%. Avis prix : sur une heure, le bitcoin bouge peu — marché plutôt plat. Taux de financement actuel 0.000098, moyenne trente jours 0.00006, mois précédent 0.00006. Avis : un peu plus haut que la moyenne des trente jours, et au-dessus de la moyenne du mois précédent. En clair : funding positif soft — les longs paient encore les shorts, rien d’extrême Ratio long court 2, intérêt ouvert 1e+05, ratio acheteur 1.9. Avis positionnement : beaucoup plus de longs que de shorts — foule plutôt acheteuse, risque de squeeze baissier si ça casse ; les acheteurs agressifs dominent un peu (taker) ; l’intérêt ouvert donne la taille des paris ouverts — à croiser avec le prix, pas seul. Baleines : 0 grosses transactions, environ 0 dollars. Avis baleines : pas de gros print proxy pour l’instant — silence ne veut pas dire calme absolu, juste rien d’énorme sur l’échantillon. Ace en direct, 1017 passés, bénéfice session -8.54$, chaleur 3e+01. Avis stacks : chaleur Ace élevée — beaucoup d’activité ou de stress moteur ; session Ace en recul — normal de ralentir les conclusions ; beaucoup de SKIP : le filtre refuse souvent — sagesse ou marché trop sale. Portefeuille : Ace -8.54$, Hulk -5.06$, total -13.60$. Synthèse : prudence. Indices mitigés ou session un peu rouge — surveille skips et recul Hulk plus Ace, garde le doigt sur arrêt.
[sentiment=CAUTIOUS]
[voix:edge:fr-FR-VivienneMultilingualNeural] Cortana. Résumé Cortana, mode pédagogique. Climat attention, score soixante sur cent. Avis climat : attention, score soixante — ni festin ni alarme ; on reste e…
[voix:ok] Cortana. Résumé Cortana, mode pédagogique. Climat attention, score soixante sur cent. Avis climat : attention, score soixante — ni festin ni alarme ; on reste en mode lecture. Bitcoin cours 63370 doll…
THERMO_OK climate=warn score=61
THERMO_LIVE /Users/christophe/ace777-test-day1/Index_Maison/thermo/live.json
FUNDING now=0.0001 avg30=6.01e-05 prevMonth=6.043e-05
MISSION_OK combo=-8.5387 cycle=529 alert=red since=2026-08-02T00:00Z
  ALPHA fills=4 pnl=-9.285 (life fills=4 pnl=-9.285)
  BETA  fills=33 pnl=0.7463 (life fills=33 pnl=0.7463)
  HULK  bags=5 pnl=-5.0617
Résumé Cortana, mode pédagogique. Climat attention, score 61 sur cent. Avis climat : attention, score 61 — ni festin ni alarme ; on reste en mode lecture. Bitcoin cours 63358 dollars, une heure -0.01%, quatre heures 0.44%, vingt-quatre heures 1.46%. Avis prix : sur une heure, le bitcoin bouge peu — marché plutôt plat. Taux de financement actuel 0.0001, moyenne trente jours 0.00006, mois précédent 0.00006. Avis : un peu plus haut que la moyenne des trente jours, et au-dessus de la moyenne du mois précédent. En clair : funding positif soft — les longs paient encore les shorts, rien d’extrême Ratio long court 2, intérêt ouvert 1e+05, ratio acheteur 1.5. Avis positionnement : beaucoup plus de longs que de shorts — foule plutôt acheteuse, risque de squeeze baissier si ça casse ; les acheteurs agressifs dominent un peu (taker) ; l’intérêt ouvert donne la taille des paris ouverts — à croiser avec le prix, pas seul. Baleines : 0 grosses transactions, environ 0 dollars. Avis baleines : pas de gros print proxy pour l’instant — silence ne veut pas dire calme absolu, juste rien d’énorme sur l’échantillon. Ace en direct, 1020 passés, bénéfice session -8.54$, chaleur 3e+01. Avis stacks : chaleur Ace élevée — beaucoup d’activité ou de stress moteur ; session Ace en recul — normal de ralentir les conclusions ; beaucoup de SKIP : le filtre refuse souvent — sagesse ou marché trop sale. Portefeuille : Ace -8.54$, Hulk -5.06$, total -13.60$. Synthèse : sentiment défensif. Climat ou portefeuilles sous pression — préfère hygiène ou pause plutôt qu’élargir le risque.
[sentiment=BEARISH]
[voix:edge:fr-FR-VivienneMultilingualNeural] Cortana. Résumé Cortana, mode pédagogique. Climat attention, score soixante et un sur cent. Avis climat : attention, score soixante et un — ni festin ni alarme …
[voix:ok] Cortana. Résumé Cortana, mode pédagogique. Climat attention, score soixante et un sur cent. Avis climat : attention, score soixante et un — ni festin ni alarme ; on reste en mode lecture. Bitcoin cour…
THERMO_OK climate=warn score=61
THERMO_LIVE /Users/christophe/ace777-test-day1/Index_Maison/thermo/live.json
FUNDING now=0.0001 avg30=6.01e-05 prevMonth=6.043e-05
MISSION_OK combo=-8.5387 cycle=585 alert=red since=2026-08-02T00:00Z
  ALPHA fills=4 pnl=-9.285 (life fills=4 pnl=-9.285)
  BETA  fills=33 pnl=0.7463 (life fills=33 pnl=0.7463)
  HULK  bags=5 pnl=-5.0617
Résumé Cortana, mode pédagogique. Climat attention, score 61 sur cent. Avis climat : attention, score 61 — ni festin ni alarme ; on reste en mode lecture. Bitcoin cours 63414 dollars, une heure -0.03%, quatre heures 0.40%, vingt-quatre heures 1.38%. Avis prix : sur une heure, le bitcoin bouge peu — marché plutôt plat. Taux de financement actuel 0.0001, moyenne trente jours 0.00006, mois précédent 0.00006. Avis : un peu plus haut que la moyenne des trente jours, et au-dessus de la moyenne du mois précédent. En clair : funding positif soft — les longs paient encore les shorts, rien d’extrême Ratio long court 2, intérêt ouvert 1e+05, ratio acheteur 1.6. Avis positionnement : beaucoup plus de longs que de shorts — foule plutôt acheteuse, risque de squeeze baissier si ça casse ; les acheteurs agressifs dominent un peu (taker) ; l’intérêt ouvert donne la taille des paris ouverts — à croiser avec le prix, pas seul. Baleines : 0 grosses transactions, environ 0 dollars. Avis baleines : pas de gros print proxy pour l’instant — silence ne veut pas dire calme absolu, juste rien d’énorme sur l’échantillon. Ace en direct, 1016 passés, bénéfice session -8.54$, chaleur 3e+01. Avis stacks : chaleur Ace élevée — beaucoup d’activité ou de stress moteur ; session Ace en recul — normal de ralentir les conclusions ; beaucoup de SKIP : le filtre refuse souvent — sagesse ou marché trop sale. Portefeuille : Ace -8.54$, Hulk -5.06$, total -13.60$. Synthèse : sentiment défensif. Climat ou portefeuilles sous pression — préfère hygiène ou pause plutôt qu’élargir le risque.
[sentiment=BEARISH]
[voix:edge:fr-FR-VivienneMultilingualNeural] Cortana. Résumé Cortana, mode pédagogique. Climat attention, score soixante et un sur cent. Avis climat : attention, score soixante et un — ni festin ni alarme …
[voix:ok] Cortana. Résumé Cortana, mode pédagogique. Climat attention, score soixante et un sur cent. Avis climat : attention, score soixante et un — ni festin ni alarme ; on reste en mode lecture. Bitcoin cour…
THERMO_OK climate=warn score=61
THERMO_LIVE /Users/christophe/ace777-test-day1/Index_Maison/thermo/live.json
FUNDING now=0.0001 avg30=6.01e-05 prevMonth=6.043e-05
MISSION_OK combo=-8.5387 cycle=585 alert=red since=2026-08-02T00:00Z
  ALPHA fills=4 pnl=-9.285 (life fills=4 pnl=-9.285)
  BETA  fills=33 pnl=0.7463 (life fills=33 pnl=0.7463)
  HULK  bags=5 pnl=-5.0617
Résumé Cortana, mode pédagogique. Climat attention, score 61 sur cent. Avis climat : attention, score 61 — ni festin ni alarme ; on reste en mode lecture. Bitcoin cours 63654 dollars, une heure 0.34%, quatre heures 0.65%, vingt-quatre heures 1.37%. Avis prix : sur une heure, légère hausse. Taux de financement actuel 0.0001, moyenne trente jours 0.00006, mois précédent 0.00006. Avis : un peu plus haut que la moyenne des trente jours, et au-dessus de la moyenne du mois précédent. En clair : funding positif soft — les longs paient encore les shorts, rien d’extrême Ratio long court 1.99, intérêt ouvert 1e+05, ratio acheteur 1.1. Avis positionnement : beaucoup plus de longs que de shorts — foule plutôt acheteuse, risque de squeeze baissier si ça casse ; l’intérêt ouvert donne la taille des paris ouverts — à croiser avec le prix, pas seul. Baleines : 2 grosses transactions, environ 2e+06 dollars. Avis baleines : 2 gros print(s), somme élevée — quelqu’un de gros a frappé ; je note, je ne traduis pas ça en ordre. Ace en direct, 1016 passés, bénéfice session -8.54$, chaleur 3e+01. Avis stacks : chaleur Ace élevée — beaucoup d’activité ou de stress moteur ; session Ace en recul — normal de ralentir les conclusions ; beaucoup de SKIP : le filtre refuse souvent — sagesse ou marché trop sale. Portefeuille : Ace -8.54$, Hulk -5.06$, total -13.60$. Synthèse : sentiment défensif. Climat ou portefeuilles sous pression — préfère hygiène ou pause plutôt qu’élargir le risque.
[sentiment=BEARISH]
[voix:edge:fr-FR-VivienneMultilingualNeural] Cortana. Résumé Cortana, mode pédagogique. Climat attention, score soixante et un sur cent. Avis climat : attention, score soixante et un — ni festin ni alarme …
[voix:ok] Cortana. Résumé Cortana, mode pédagogique. Climat attention, score soixante et un sur cent. Avis climat : attention, score soixante et un — ni festin ni alarme ; on reste en mode lecture. Bitcoin cour…
THERMO_OK climate=warn score=63
THERMO_LIVE /Users/christophe/ace777-test-day1/Index_Maison/thermo/live.json
FUNDING now=0.0001 avg30=6.01e-05 prevMonth=6.043e-05
MISSION_OK combo=-8.5387 cycle=585 alert=red since=2026-08-02T00:00Z
  ALPHA fills=4 pnl=-9.285 (life fills=4 pnl=-9.285)
  BETA  fills=33 pnl=0.7463 (life fills=33 pnl=0.7463)
  HULK  bags=5 pnl=-5.0617
Résumé Cortana, mode pédagogique. Climat attention, score 63 sur cent. Avis climat : attention, score 63 — ni festin ni alarme ; on reste en mode lecture. Bitcoin cours 63426 dollars, une heure -0.21%, quatre heures 0.10%, vingt-quatre heures 0.98%. Avis prix : sur une heure, le bitcoin bouge peu — marché plutôt plat. Taux de financement actuel 0.0001, moyenne trente jours 0.00006, mois précédent 0.00006. Avis : un peu plus haut que la moyenne des trente jours, et au-dessus de la moyenne du mois précédent. En clair : funding positif soft — les longs paient encore les shorts, rien d’extrême Ratio long court 1.99, intérêt ouvert 1e+05, ratio acheteur 1.3. Avis positionnement : beaucoup plus de longs que de shorts — foule plutôt acheteuse, risque de squeeze baissier si ça casse ; les acheteurs agressifs dominent un peu (taker) ; l’intérêt ouvert donne la taille des paris ouverts — à croiser avec le prix, pas seul. Baleines : 0 grosses transactions, environ 0 dollars. Avis baleines : pas de gros print proxy pour l’instant — silence ne veut pas dire calme absolu, juste rien d’énorme sur l’échantillon. Ace en direct, 1016 passés, bénéfice session -8.54$, chaleur 3e+01. Avis stacks : chaleur Ace élevée — beaucoup d’activité ou de stress moteur ; session Ace en recul — normal de ralentir les conclusions ; beaucoup de SKIP : le filtre refuse souvent — sagesse ou marché trop sale. Portefeuille : Ace -8.54$, Hulk -5.06$, total -13.60$. Synthèse : sentiment défensif. Climat ou portefeuilles sous pression — préfère hygiène ou pause plutôt qu’élargir le risque.
[sentiment=BEARISH]
[voix:edge:fr-FR-VivienneMultilingualNeural] Cortana. Résumé Cortana, mode pédagogique. Climat attention, score soixante-trois sur cent. Avis climat : attention, score soixante-trois — ni festin ni alarme …
[voix:ok] Cortana. Résumé Cortana, mode pédagogique. Climat attention, score soixante-trois sur cent. Avis climat : attention, score soixante-trois — ni festin ni alarme ; on reste en mode lecture. Bitcoin cour…
THERMO_OK climate=warn score=63
THERMO_LIVE /Users/christophe/ace777-test-day1/Index_Maison/thermo/live.json
FUNDING now=0.0001 avg30=6.01e-05 prevMonth=6.043e-05
MISSION_OK combo=-8.5387 cycle=585 alert=red since=2026-08-02T00:00Z
  ALPHA fills=4 pnl=-9.285 (life fills=4 pnl=-9.285)
  BETA  fills=33 pnl=0.7463 (life fills=33 pnl=0.7463)
  HULK  bags=5 pnl=-5.0617
Résumé Cortana, mode pédagogique. Climat attention, score 63 sur cent. Avis climat : attention, score 63 — ni festin ni alarme ; on reste en mode lecture. Bitcoin cours 63495 dollars, une heure 0.15%, quatre heures 0.10%, vingt-quatre heures 1.11%. Avis prix : sur une heure, le bitcoin bouge peu — marché plutôt plat. Taux de financement actuel 0.0001, moyenne trente jours 0.00006, mois précédent 0.00006. Avis : un peu plus haut que la moyenne des trente jours, et au-dessus de la moyenne du mois précédent. En clair : funding positif soft — les longs paient encore les shorts, rien d’extrême Ratio long court 1.96, intérêt ouvert 1e+05, ratio acheteur 0.86. Avis positionnement : beaucoup plus de longs que de shorts — foule plutôt acheteuse, risque de squeeze baissier si ça casse ; l’intérêt ouvert donne la taille des paris ouverts — à croiser avec le prix, pas seul. Baleines : 0 grosses transactions, environ 0 dollars. Avis baleines : pas de gros print proxy pour l’instant — silence ne veut pas dire calme absolu, juste rien d’énorme sur l’échantillon. Ace en direct, 1016 passés, bénéfice session -8.54$, chaleur 3e+01. Avis stacks : chaleur Ace élevée — beaucoup d’activité ou de stress moteur ; session Ace en recul — normal de ralentir les conclusions ; beaucoup de SKIP : le filtre refuse souvent — sagesse ou marché trop sale. Portefeuille : Ace -8.54$, Hulk -5.06$, total -13.60$. Synthèse : sentiment défensif. Climat ou portefeuilles sous pression — préfère hygiène ou pause plutôt qu’élargir le risque.
[sentiment=BEARISH]
[voix:edge:fr-FR-VivienneMultilingualNeural] Cortana. Résumé Cortana, mode pédagogique. Climat attention, score soixante-trois sur cent. Avis climat : attention, score soixante-trois — ni festin ni alarme …
[voix:ok] Cortana. Résumé Cortana, mode pédagogique. Climat attention, score soixante-trois sur cent. Avis climat : attention, score soixante-trois — ni festin ni alarme ; on reste en mode lecture. Bitcoin cour…
THERMO_OK climate=warn score=66
THERMO_LIVE /Users/christophe/ace777-test-day1/Index_Maison/thermo/live.json
FUNDING now=0.0001 avg30=6.01e-05 prevMonth=6.067e-05
MISSION_OK combo=-8.5387 cycle=585 alert=red since=2026-08-02T00:00Z
  ALPHA fills=4 pnl=-9.285 (life fills=4 pnl=-9.285)
  BETA  fills=33 pnl=0.7463 (life fills=33 pnl=0.7463)
  HULK  bags=5 pnl=-5.0617
Résumé Cortana, mode pédagogique. Climat attention, score 66 sur cent. Avis climat : attention, score 66 — ni festin ni alarme ; on reste en mode lecture. Bitcoin cours 63296 dollars, une heure -0.39%, quatre heures -0.28%, vingt-quatre heures 0.78%. Avis prix : sur une heure, légère baisse. Taux de financement actuel 0.0001, moyenne trente jours 0.00006, mois précédent 0.000061. Avis : un peu plus haut que la moyenne des trente jours, et au-dessus de la moyenne du mois précédent. En clair : funding positif soft — les longs paient encore les shorts, rien d’extrême Ratio long court 1.94, intérêt ouvert 1e+05, ratio acheteur 0.97. Avis positionnement : beaucoup plus de longs que de shorts — foule plutôt acheteuse, risque de squeeze baissier si ça casse ; l’intérêt ouvert donne la taille des paris ouverts — à croiser avec le prix, pas seul. Baleines : 0 grosses transactions, environ 0 dollars. Avis baleines : pas de gros print proxy pour l’instant — silence ne veut pas dire calme absolu, juste rien d’énorme sur l’échantillon. Ace en direct, 1016 passés, bénéfice session -8.54$, chaleur 3e+01. Avis stacks : chaleur Ace élevée — beaucoup d’activité ou de stress moteur ; session Ace en recul — normal de ralentir les conclusions ; beaucoup de SKIP : le filtre refuse souvent — sagesse ou marché trop sale. Portefeuille : Ace -8.54$, Hulk -5.06$, total -13.60$. Synthèse : sentiment défensif. Climat ou portefeuilles sous pression — préfère hygiène ou pause plutôt qu’élargir le risque.
[sentiment=BEARISH]
[voix:edge:fr-FR-VivienneMultilingualNeural] Cortana. Résumé Cortana, mode pédagogique. Climat attention, score soixante-six sur cent. Avis climat : attention, score soixante-six — ni festin ni alarme ; on…
[voix:ok] Cortana. Résumé Cortana, mode pédagogique. Climat attention, score soixante-six sur cent. Avis climat : attention, score soixante-six — ni festin ni alarme ; on reste en mode lecture. Bitcoin cours 63…
THERMO_OK climate=warn score=69
THERMO_LIVE /Users/christophe/ace777-test-day1/Index_Maison/thermo/live.json
FUNDING now=0.0001 avg30=6.01e-05 prevMonth=6.067e-05
MISSION_OK combo=-8.5387 cycle=585 alert=red since=2026-08-02T00:00Z
  ALPHA fills=4 pnl=-9.285 (life fills=4 pnl=-9.285)
  BETA  fills=33 pnl=0.7463 (life fills=33 pnl=0.7463)
  HULK  bags=5 pnl=-5.0617
Résumé Cortana, mode pédagogique. Climat attention, score 69 sur cent. Avis climat : attention, score 69 — ni festin ni alarme ; on reste en mode lecture. Bitcoin cours 63152 dollars, une heure -0.06%, quatre heures -0.39%, vingt-quatre heures 0.31%. Avis prix : sur une heure, le bitcoin bouge peu — marché plutôt plat ; journée plutôt range. Taux de financement actuel 0.0001, moyenne trente jours 0.00006, mois précédent 0.000061. Avis : un peu plus haut que la moyenne des trente jours, et au-dessus de la moyenne du mois précédent. En clair : funding positif soft — les longs paient encore les shorts, rien d’extrême Ratio long court 1.93, intérêt ouvert 1e+05, ratio acheteur 0.93. Avis positionnement : beaucoup plus de longs que de shorts — foule plutôt acheteuse, risque de squeeze baissier si ça casse ; l’intérêt ouvert donne la taille des paris ouverts — à croiser avec le prix, pas seul. Baleines : 1 grosses transactions, environ 7e+05 dollars. Avis baleines : 1 print(s) au-dessus du seuil — activité institutionnelle ou whale possible, à croiser avec le prix. Ace en direct, 1016 passés, bénéfice session -8.54$, chaleur 3e+01. Avis stacks : chaleur Ace élevée — beaucoup d’activité ou de stress moteur ; session Ace en recul — normal de ralentir les conclusions ; beaucoup de SKIP : le filtre refuse souvent — sagesse ou marché trop sale. Portefeuille : Ace -8.54$, Hulk -5.06$, total -13.60$. Synthèse : sentiment défensif. Climat ou portefeuilles sous pression — préfère hygiène ou pause plutôt qu’élargir le risque.
[sentiment=BEARISH]
[voix:edge:fr-FR-VivienneMultilingualNeural] Cortana. Résumé Cortana, mode pédagogique. Climat attention, score soixante-neuf sur cent. Avis climat : attention, score soixante-neuf — ni festin ni alarme ; …
[voix:ok] Cortana. Résumé Cortana, mode pédagogique. Climat attention, score soixante-neuf sur cent. Avis climat : attention, score soixante-neuf — ni festin ni alarme ; on reste en mode lecture. Bitcoin cours …
THERMO_OK climate=warn score=68
THERMO_LIVE /Users/christophe/ace777-test-day1/Index_Maison/thermo/live.json
FUNDING now=0.0001 avg30=6.01e-05 prevMonth=6.067e-05
MISSION_OK combo=-8.5387 cycle=585 alert=red since=2026-08-02T00:00Z
  ALPHA fills=4 pnl=-9.285 (life fills=4 pnl=-9.285)
  BETA  fills=33 pnl=0.7463 (life fills=33 pnl=0.7463)
  HULK  bags=5 pnl=-5.0617
Résumé Cortana, mode pédagogique. Climat attention, score 68 sur cent. Avis climat : attention, score 68 — ni festin ni alarme ; on reste en mode lecture. Bitcoin cours 63141 dollars, une heure 0.04%, quatre heures -0.64%, vingt-quatre heures -0.47%. Avis prix : sur une heure, le bitcoin bouge peu — marché plutôt plat ; journée plutôt range. Taux de financement actuel 0.0001, moyenne trente jours 0.00006, mois précédent 0.000061. Avis : un peu plus haut que la moyenne des trente jours, et au-dessus de la moyenne du mois précédent. En clair : funding positif soft — les longs paient encore les shorts, rien d’extrême Ratio long court 1.93, intérêt ouvert 1e+05, ratio acheteur 1.1. Avis positionnement : beaucoup plus de longs que de shorts — foule plutôt acheteuse, risque de squeeze baissier si ça casse ; l’intérêt ouvert donne la taille des paris ouverts — à croiser avec le prix, pas seul. Baleines : 0 grosses transactions, environ 0 dollars. Avis baleines : pas de gros print proxy pour l’instant — silence ne veut pas dire calme absolu, juste rien d’énorme sur l’échantillon. Ace en direct, 1016 passés, bénéfice session -8.54$, chaleur 3e+01. Avis stacks : chaleur Ace élevée — beaucoup d’activité ou de stress moteur ; session Ace en recul — normal de ralentir les conclusions ; beaucoup de SKIP : le filtre refuse souvent — sagesse ou marché trop sale. Portefeuille : Ace -8.54$, Hulk -5.06$, total -13.60$. Synthèse : sentiment défensif. Climat ou portefeuilles sous pression — préfère hygiène ou pause plutôt qu’élargir le risque.
[sentiment=BEARISH]
[voix:edge:fr-FR-VivienneMultilingualNeural] Cortana. Résumé Cortana, mode pédagogique. Climat attention, score soixante-huit sur cent. Avis climat : attention, score soixante-huit — ni festin ni alarme ; …
[voix:ok] Cortana. Résumé Cortana, mode pédagogique. Climat attention, score soixante-huit sur cent. Avis climat : attention, score soixante-huit — ni festin ni alarme ; on reste en mode lecture. Bitcoin cours …
THERMO_OK climate=warn score=65
THERMO_LIVE /Users/christophe/ace777-test-day1/Index_Maison/thermo/live.json
FUNDING now=0.0001 avg30=6.01e-05 prevMonth=6.067e-05
MISSION_OK combo=-8.5387 cycle=585 alert=red since=2026-08-02T00:00Z
  ALPHA fills=4 pnl=-9.285 (life fills=4 pnl=-9.285)
  BETA  fills=33 pnl=0.7463 (life fills=33 pnl=0.7463)
  HULK  bags=5 pnl=-5.0617
Résumé Cortana, mode pédagogique. Climat attention, score 65 sur cent. Avis climat : attention, score 65 — ni festin ni alarme ; on reste en mode lecture. Bitcoin cours 62900 dollars, une heure 0.10%, quatre heures -0.63%, vingt-quatre heures -0.94%. Avis prix : sur une heure, le bitcoin bouge peu — marché plutôt plat. Taux de financement actuel 0.0001, moyenne trente jours 0.00006, mois précédent 0.000061. Avis : un peu plus haut que la moyenne des trente jours, et au-dessus de la moyenne du mois précédent. En clair : funding positif soft — les longs paient encore les shorts, rien d’extrême Ratio long court 1.94, intérêt ouvert 1e+05, ratio acheteur 0.79. Avis positionnement : beaucoup plus de longs que de shorts — foule plutôt acheteuse, risque de squeeze baissier si ça casse ; les vendeurs agressifs dominent un peu (taker) ; l’intérêt ouvert donne la taille des paris ouverts — à croiser avec le prix, pas seul. Baleines : 0 grosses transactions, environ 0 dollars. Avis baleines : pas de gros print proxy pour l’instant — silence ne veut pas dire calme absolu, juste rien d’énorme sur l’échantillon. Ace en direct, 1016 passés, bénéfice session -8.54$, chaleur 3e+01. Avis stacks : chaleur Ace élevée — beaucoup d’activité ou de stress moteur ; session Ace en recul — normal de ralentir les conclusions ; beaucoup de SKIP : le filtre refuse souvent — sagesse ou marché trop sale. Portefeuille : Ace -8.54$, Hulk -5.06$, total -13.60$. Synthèse : sentiment défensif. Climat ou portefeuilles sous pression — préfère hygiène ou pause plutôt qu’élargir le risque.
[sentiment=BEARISH]
[voix:edge:fr-FR-VivienneMultilingualNeural] Cortana. Résumé Cortana, mode pédagogique. Climat attention, score soixante-cinq sur cent. Avis climat : attention, score soixante-cinq — ni festin ni alarme ; …
[voix:ok] Cortana. Résumé Cortana, mode pédagogique. Climat attention, score soixante-cinq sur cent. Avis climat : attention, score soixante-cinq — ni festin ni alarme ; on reste en mode lecture. Bitcoin cours …
THERMO_OK climate=warn score=64
THERMO_LIVE /Users/christophe/ace777-test-day1/Index_Maison/thermo/live.json
FUNDING now=0.0001 avg30=6.01e-05 prevMonth=6.067e-05
MISSION_OK combo=-8.5387 cycle=585 alert=red since=2026-08-02T00:00Z
  ALPHA fills=4 pnl=-9.285 (life fills=4 pnl=-9.285)
  BETA  fills=33 pnl=0.7463 (life fills=33 pnl=0.7463)
  HULK  bags=5 pnl=-5.0617
Résumé Cortana, mode pédagogique. Climat attention, score 64 sur cent. Avis climat : attention, score 64 — ni festin ni alarme ; on reste en mode lecture. Bitcoin cours 62807 dollars, une heure 0.07%, quatre heures -0.60%, vingt-quatre heures -1.05%. Avis prix : sur une heure, le bitcoin bouge peu — marché plutôt plat. Taux de financement actuel 0.0001, moyenne trente jours 0.00006, mois précédent 0.000061. Avis : un peu plus haut que la moyenne des trente jours, et au-dessus de la moyenne du mois précédent. En clair : funding positif soft — les longs paient encore les shorts, rien d’extrême Ratio long court 1.97, intérêt ouvert 1e+05, ratio acheteur 1. Avis positionnement : beaucoup plus de longs que de shorts — foule plutôt acheteuse, risque de squeeze baissier si ça casse ; l’intérêt ouvert donne la taille des paris ouverts — à croiser avec le prix, pas seul. Baleines : 0 grosses transactions, environ 0 dollars. Avis baleines : pas de gros print proxy pour l’instant — silence ne veut pas dire calme absolu, juste rien d’énorme sur l’échantillon. Ace en direct, 1016 passés, bénéfice session -8.54$, chaleur 3e+01. Avis stacks : chaleur Ace élevée — beaucoup d’activité ou de stress moteur ; session Ace en recul — normal de ralentir les conclusions ; beaucoup de SKIP : le filtre refuse souvent — sagesse ou marché trop sale. Portefeuille : Ace -8.54$, Hulk -5.06$, total -13.60$. Synthèse : sentiment défensif. Climat ou portefeuilles sous pression — préfère hygiène ou pause plutôt qu’élargir le risque.
[sentiment=BEARISH]
[voix:edge:fr-FR-VivienneMultilingualNeural] Cortana. Résumé Cortana, mode pédagogique. Climat attention, score soixante-quatre sur cent. Avis climat : attention, score soixante-quatre — ni festin ni alarm…
[voix:ok] Cortana. Résumé Cortana, mode pédagogique. Climat attention, score soixante-quatre sur cent. Avis climat : attention, score soixante-quatre — ni festin ni alarme ; on reste en mode lecture. Bitcoin co…
THERMO_OK climate=warn score=63
THERMO_LIVE /Users/christophe/ace777-test-day1/Index_Maison/thermo/live.json
FUNDING now=0.0001 avg30=6.01e-05 prevMonth=6.067e-05
MISSION_OK combo=-8.5387 cycle=585 alert=red since=2026-08-02T00:00Z
  ALPHA fills=4 pnl=-9.285 (life fills=4 pnl=-9.285)
  BETA  fills=33 pnl=0.7463 (life fills=33 pnl=0.7463)
  HULK  bags=5 pnl=-5.0617
Résumé Cortana, mode pédagogique. Climat attention, score 63 sur cent. Avis climat : attention, score 63 — ni festin ni alarme ; on reste en mode lecture. Bitcoin cours 62800 dollars, une heure 0.01%, quatre heures -0.50%, vingt-quatre heures -0.98%. Avis prix : sur une heure, le bitcoin bouge peu — marché plutôt plat. Taux de financement actuel 0.0001, moyenne trente jours 0.00006, mois précédent 0.000061. Avis : un peu plus haut que la moyenne des trente jours, et au-dessus de la moyenne du mois précédent. En clair : funding positif soft — les longs paient encore les shorts, rien d’extrême Ratio long court 2, intérêt ouvert 1e+05, ratio acheteur 1. Avis positionnement : beaucoup plus de longs que de shorts — foule plutôt acheteuse, risque de squeeze baissier si ça casse ; l’intérêt ouvert donne la taille des paris ouverts — à croiser avec le prix, pas seul. Baleines : 1 grosses transactions, environ 6e+05 dollars. Avis baleines : 1 print(s) au-dessus du seuil — activité institutionnelle ou whale possible, à croiser avec le prix. Ace en direct, 1016 passés, bénéfice session -8.54$, chaleur 3e+01. Avis stacks : chaleur Ace élevée — beaucoup d’activité ou de stress moteur ; session Ace en recul — normal de ralentir les conclusions ; beaucoup de SKIP : le filtre refuse souvent — sagesse ou marché trop sale. Portefeuille : Ace -8.54$, Hulk -5.06$, total -13.60$. Synthèse : sentiment défensif. Climat ou portefeuilles sous pression — préfère hygiène ou pause plutôt qu’élargir le risque.
[sentiment=BEARISH]
[voix:edge:fr-FR-VivienneMultilingualNeural] Cortana. Résumé Cortana, mode pédagogique. Climat attention, score soixante-trois sur cent. Avis climat : attention, score soixante-trois — ni festin ni alarme …
[voix:ok] Cortana. Résumé Cortana, mode pédagogique. Climat attention, score soixante-trois sur cent. Avis climat : attention, score soixante-trois — ni festin ni alarme ; on reste en mode lecture. Bitcoin cour…
THERMO_OK climate=warn score=62
THERMO_LIVE /Users/christophe/ace777-test-day1/Index_Maison/thermo/live.json
FUNDING now=8.2e-05 avg30=6.01e-05 prevMonth=6.067e-05
MISSION_OK combo=-8.5387 cycle=585 alert=red since=2026-08-02T00:00Z
  ALPHA fills=4 pnl=-9.285 (life fills=4 pnl=-9.285)
  BETA  fills=33 pnl=0.7463 (life fills=33 pnl=0.7463)
  HULK  bags=5 pnl=-5.0617
Résumé Cortana, mode pédagogique. Climat attention, score 62 sur cent. Avis climat : attention, score 62 — ni festin ni alarme ; on reste en mode lecture. Bitcoin cours 62553 dollars, une heure -0.06%, quatre heures -0.45%, vingt-quatre heures -1.44%. Avis prix : sur une heure, le bitcoin bouge peu — marché plutôt plat. Taux de financement actuel 0.000082, moyenne trente jours 0.00006, mois précédent 0.000061. Avis : un peu plus haut que la moyenne des trente jours, et au-dessus de la moyenne du mois précédent. En clair : funding positif soft — les longs paient encore les shorts, rien d’extrême Ratio long court 2, intérêt ouvert 1e+05, ratio acheteur 0.74. Avis positionnement : beaucoup plus de longs que de shorts — foule plutôt acheteuse, risque de squeeze baissier si ça casse ; les vendeurs agressifs dominent un peu (taker) ; l’intérêt ouvert donne la taille des paris ouverts — à croiser avec le prix, pas seul. Baleines : 0 grosses transactions, environ 0 dollars. Avis baleines : pas de gros print proxy pour l’instant — silence ne veut pas dire calme absolu, juste rien d’énorme sur l’échantillon. Ace en direct, 1016 passés, bénéfice session -8.54$, chaleur 3e+01. Avis stacks : chaleur Ace élevée — beaucoup d’activité ou de stress moteur ; session Ace en recul — normal de ralentir les conclusions ; beaucoup de SKIP : le filtre refuse souvent — sagesse ou marché trop sale. Portefeuille : Ace -8.54$, Hulk -5.06$, total -13.60$. Synthèse : sentiment défensif. Climat ou portefeuilles sous pression — préfère hygiène ou pause plutôt qu’élargir le risque.
[sentiment=BEARISH]
[voix:edge:fr-FR-VivienneMultilingualNeural] Cortana. Résumé Cortana, mode pédagogique. Climat attention, score soixante-deux sur cent. Avis climat : attention, score soixante-deux — ni festin ni alarme ; …
[voix:ok] Cortana. Résumé Cortana, mode pédagogique. Climat attention, score soixante-deux sur cent. Avis climat : attention, score soixante-deux — ni festin ni alarme ; on reste en mode lecture. Bitcoin cours …
THERMO_OK climate=warn score=63
THERMO_LIVE /Users/christophe/ace777-test-day1/Index_Maison/thermo/live.json
FUNDING now=5.6e-05 avg30=5.97e-05 prevMonth=6.081e-05
MISSION_OK combo=-8.5387 cycle=585 alert=red since=2026-08-02T00:00Z
  ALPHA fills=4 pnl=-9.285 (life fills=4 pnl=-9.285)
  BETA  fills=33 pnl=0.7463 (life fills=33 pnl=0.7463)
  HULK  bags=5 pnl=-5.0617
Résumé Cortana, mode pédagogique. Climat attention, score 63 sur cent. Avis climat : attention, score 63 — ni festin ni alarme ; on reste en mode lecture. Bitcoin cours 62486 dollars, une heure -0.18%, quatre heures -0.46%, vingt-quatre heures -1.53%. Avis prix : sur une heure, le bitcoin bouge peu — marché plutôt plat. Taux de financement actuel 0.000056, moyenne trente jours 0.00006, mois précédent 0.000061. Avis : proche de la moyenne des trente jours, et sous la moyenne du mois précédent. En clair : funding positif soft — les longs paient encore les shorts, rien d’extrême Ratio long court 2.04, intérêt ouvert 1e+05, ratio acheteur 1.1. Avis positionnement : beaucoup plus de longs que de shorts — foule plutôt acheteuse, risque de squeeze baissier si ça casse ; l’intérêt ouvert donne la taille des paris ouverts — à croiser avec le prix, pas seul. Baleines : 1 grosses transactions, environ 5e+05 dollars. Avis baleines : 1 print(s) au-dessus du seuil — activité institutionnelle ou whale possible, à croiser avec le prix. Ace en direct, 1016 passés, bénéfice session -8.54$, chaleur 3e+01. Avis stacks : chaleur Ace élevée — beaucoup d’activité ou de stress moteur ; session Ace en recul — normal de ralentir les conclusions ; beaucoup de SKIP : le filtre refuse souvent — sagesse ou marché trop sale. Portefeuille : Ace -8.54$, Hulk -5.06$, total -13.60$. Synthèse : sentiment défensif. Climat ou portefeuilles sous pression — préfère hygiène ou pause plutôt qu’élargir le risque.
[sentiment=BEARISH]
[voix:edge:fr-FR-VivienneMultilingualNeural] Cortana. Résumé Cortana, mode pédagogique. Climat attention, score soixante-trois sur cent. Avis climat : attention, score soixante-trois — ni festin ni alarme …
[voix:ok] Cortana. Résumé Cortana, mode pédagogique. Climat attention, score soixante-trois sur cent. Avis climat : attention, score soixante-trois — ni festin ni alarme ; on reste en mode lecture. Bitcoin cour…
THERMO_OK climate=warn score=65
THERMO_LIVE /Users/christophe/ace777-test-day1/Index_Maison/thermo/live.json
FUNDING now=4.3e-05 avg30=5.97e-05 prevMonth=6.081e-05
MISSION_OK combo=-8.5387 cycle=585 alert=red since=2026-08-02T00:00Z
  ALPHA fills=4 pnl=-9.285 (life fills=4 pnl=-9.285)
  BETA  fills=33 pnl=0.7463 (life fills=33 pnl=0.7463)
  HULK  bags=5 pnl=-5.0617
Résumé Cortana, mode pédagogique. Climat attention, score 65 sur cent. Avis climat : attention, score 65 — ni festin ni alarme ; on reste en mode lecture. Bitcoin cours 62607 dollars, une heure 0.15%, quatre heures -0.31%, vingt-quatre heures -1.00%. Avis prix : sur une heure, le bitcoin bouge peu — marché plutôt plat. Taux de financement actuel 0.000043, moyenne trente jours 0.00006, mois précédent 0.000061. Avis : un peu plus bas que la moyenne des trente jours, et sous la moyenne du mois précédent. En clair : funding positif soft — les longs paient encore les shorts, rien d’extrême Ratio long court 2.14, intérêt ouvert 1e+05, ratio acheteur 0.83. Avis positionnement : beaucoup plus de longs que de shorts — foule plutôt acheteuse, risque de squeeze baissier si ça casse ; les vendeurs agressifs dominent un peu (taker) ; l’intérêt ouvert donne la taille des paris ouverts — à croiser avec le prix, pas seul. Baleines : 2 grosses transactions, environ 1e+06 dollars. Avis baleines : 2 print(s) au-dessus du seuil — activité institutionnelle ou whale possible, à croiser avec le prix. Ace en direct, 1016 passés, bénéfice session -8.54$, chaleur 3e+01. Avis stacks : chaleur Ace élevée — beaucoup d’activité ou de stress moteur ; session Ace en recul — normal de ralentir les conclusions ; beaucoup de SKIP : le filtre refuse souvent — sagesse ou marché trop sale. Portefeuille : Ace -8.54$, Hulk -5.06$, total -13.60$. Synthèse : sentiment défensif. Climat ou portefeuilles sous pression — préfère hygiène ou pause plutôt qu’élargir le risque.
[sentiment=BEARISH]
[voix:edge:fr-FR-VivienneMultilingualNeural] Cortana. Résumé Cortana, mode pédagogique. Climat attention, score soixante-cinq sur cent. Avis climat : attention, score soixante-cinq — ni festin ni alarme ; …
[voix:ok] Cortana. Résumé Cortana, mode pédagogique. Climat attention, score soixante-cinq sur cent. Avis climat : attention, score soixante-cinq — ni festin ni alarme ; on reste en mode lecture. Bitcoin cours …
THERMO_OK climate=warn score=67
THERMO_LIVE /Users/christophe/ace777-test-day1/Index_Maison/thermo/live.json
FUNDING now=3.7e-05 avg30=5.97e-05 prevMonth=6.081e-05
MISSION_OK combo=-8.5387 cycle=585 alert=red since=2026-08-02T00:00Z
  ALPHA fills=4 pnl=-9.285 (life fills=4 pnl=-9.285)
  BETA  fills=33 pnl=0.7463 (life fills=33 pnl=0.7463)
  HULK  bags=5 pnl=-5.0617
Résumé Cortana, mode pédagogique. Climat attention, score 67 sur cent. Avis climat : attention, score 67 — ni festin ni alarme ; on reste en mode lecture. Bitcoin cours 62793 dollars, une heure -0.02%, quatre heures 0.31%, vingt-quatre heures -0.62%. Avis prix : sur une heure, le bitcoin bouge peu — marché plutôt plat. Taux de financement actuel 0.000037, moyenne trente jours 0.00006, mois précédent 0.000061. Avis : un peu plus bas que la moyenne des trente jours, et sous la moyenne du mois précédent. En clair : funding positif soft — les longs paient encore les shorts, rien d’extrême Ratio long court 2.21, intérêt ouvert 1e+05, ratio acheteur 1.4. Avis positionnement : beaucoup plus de longs que de shorts — foule plutôt acheteuse, risque de squeeze baissier si ça casse ; les acheteurs agressifs dominent un peu (taker) ; l’intérêt ouvert donne la taille des paris ouverts — à croiser avec le prix, pas seul. Baleines : 0 grosses transactions, environ 0 dollars. Avis baleines : pas de gros print proxy pour l’instant — silence ne veut pas dire calme absolu, juste rien d’énorme sur l’échantillon. Ace en direct, 1016 passés, bénéfice session -8.54$, chaleur 3e+01. Avis stacks : chaleur Ace élevée — beaucoup d’activité ou de stress moteur ; session Ace en recul — normal de ralentir les conclusions ; beaucoup de SKIP : le filtre refuse souvent — sagesse ou marché trop sale. Portefeuille : Ace -8.54$, Hulk -5.06$, total -13.60$. Synthèse : sentiment défensif. Climat ou portefeuilles sous pression — préfère hygiène ou pause plutôt qu’élargir le risque.
[sentiment=BEARISH]
[voix:edge:fr-FR-VivienneMultilingualNeural] Cortana. Résumé Cortana, mode pédagogique. Climat attention, score soixante-sept sur cent. Avis climat : attention, score soixante-sept — ni festin ni alarme ; …
[voix:ok] Cortana. Résumé Cortana, mode pédagogique. Climat attention, score soixante-sept sur cent. Avis climat : attention, score soixante-sept — ni festin ni alarme ; on reste en mode lecture. Bitcoin cours …
THERMO_OK climate=warn score=67
THERMO_LIVE /Users/christophe/ace777-test-day1/Index_Maison/thermo/live.json
FUNDING now=3.6e-05 avg30=5.97e-05 prevMonth=6.081e-05
MISSION_OK combo=-8.5387 cycle=585 alert=red since=2026-08-02T00:00Z
  ALPHA fills=4 pnl=-9.285 (life fills=4 pnl=-9.285)
  BETA  fills=33 pnl=0.7463 (life fills=33 pnl=0.7463)
  HULK  bags=5 pnl=-5.0617
Résumé Cortana, mode pédagogique. Climat attention, score 67 sur cent. Avis climat : attention, score 67 — ni festin ni alarme ; on reste en mode lecture. Bitcoin cours 62708 dollars, une heure -0.00%, quatre heures 0.19%, vingt-quatre heures -0.65%. Avis prix : sur une heure, le bitcoin bouge peu — marché plutôt plat. Taux de financement actuel 0.000036, moyenne trente jours 0.00006, mois précédent 0.000061. Avis : un peu plus bas que la moyenne des trente jours, et sous la moyenne du mois précédent. En clair : funding positif soft — les longs paient encore les shorts, rien d’extrême Ratio long court 2.17, intérêt ouvert 1e+05, ratio acheteur 0.72. Avis positionnement : beaucoup plus de longs que de shorts — foule plutôt acheteuse, risque de squeeze baissier si ça casse ; les vendeurs agressifs dominent un peu (taker) ; l’intérêt ouvert donne la taille des paris ouverts — à croiser avec le prix, pas seul. Baleines : 0 grosses transactions, environ 0 dollars. Avis baleines : pas de gros print proxy pour l’instant — silence ne veut pas dire calme absolu, juste rien d’énorme sur l’échantillon. Ace en direct, 1016 passés, bénéfice session -8.54$, chaleur 3e+01. Avis stacks : chaleur Ace élevée — beaucoup d’activité ou de stress moteur ; session Ace en recul — normal de ralentir les conclusions ; beaucoup de SKIP : le filtre refuse souvent — sagesse ou marché trop sale. Portefeuille : Ace -8.54$, Hulk -5.06$, total -13.60$. Synthèse : sentiment défensif. Climat ou portefeuilles sous pression — préfère hygiène ou pause plutôt qu’élargir le risque.
[sentiment=BEARISH]
[voix:edge:fr-FR-VivienneMultilingualNeural] Cortana. Résumé Cortana, mode pédagogique. Climat attention, score soixante-sept sur cent. Avis climat : attention, score soixante-sept — ni festin ni alarme ; …
[voix:ok] Cortana. Résumé Cortana, mode pédagogique. Climat attention, score soixante-sept sur cent. Avis climat : attention, score soixante-sept — ni festin ni alarme ; on reste en mode lecture. Bitcoin cours …
THERMO_OK climate=warn score=67
THERMO_LIVE /Users/christophe/ace777-test-day1/Index_Maison/thermo/live.json
FUNDING now=2.9e-05 avg30=5.97e-05 prevMonth=6.081e-05
MISSION_OK combo=-8.5387 cycle=585 alert=red since=2026-08-02T00:00Z
  ALPHA fills=4 pnl=-9.285 (life fills=4 pnl=-9.285)
  BETA  fills=33 pnl=0.7463 (life fills=33 pnl=0.7463)
  HULK  bags=5 pnl=-5.0617
Résumé Cortana, mode pédagogique. Climat attention, score 67 sur cent. Avis climat : attention, score 67 — ni festin ni alarme ; on reste en mode lecture. Bitcoin cours 62609 dollars, une heure 0.12%, quatre heures 0.15%, vingt-quatre heures -0.93%. Avis prix : sur une heure, le bitcoin bouge peu — marché plutôt plat. Taux de financement actuel 0.000029, moyenne trente jours 0.00006, mois précédent 0.000061. Avis : un peu plus bas que la moyenne des trente jours, et sous la moyenne du mois précédent. En clair : funding positif soft — les longs paient encore les shorts, rien d’extrême Ratio long court 2.16, intérêt ouvert 1e+05, ratio acheteur 0.62. Avis positionnement : beaucoup plus de longs que de shorts — foule plutôt acheteuse, risque de squeeze baissier si ça casse ; les vendeurs agressifs dominent un peu (taker) ; l’intérêt ouvert donne la taille des paris ouverts — à croiser avec le prix, pas seul. Baleines : 2 grosses transactions, environ 3e+06 dollars. Avis baleines : 2 gros print(s), somme élevée — quelqu’un de gros a frappé ; je note, je ne traduis pas ça en ordre. Ace en direct, 1016 passés, bénéfice session -8.54$, chaleur 3e+01. Avis stacks : chaleur Ace élevée — beaucoup d’activité ou de stress moteur ; session Ace en recul — normal de ralentir les conclusions ; beaucoup de SKIP : le filtre refuse souvent — sagesse ou marché trop sale. Portefeuille : Ace -8.54$, Hulk -5.06$, total -13.60$. Synthèse : sentiment défensif. Climat ou portefeuilles sous pression — préfère hygiène ou pause plutôt qu’élargir le risque.
[sentiment=BEARISH]
[voix:edge:fr-FR-VivienneMultilingualNeural] Cortana. Résumé Cortana, mode pédagogique. Climat attention, score soixante-sept sur cent. Avis climat : attention, score soixante-sept — ni festin ni alarme ; …
[voix:ok] Cortana. Résumé Cortana, mode pédagogique. Climat attention, score soixante-sept sur cent. Avis climat : attention, score soixante-sept — ni festin ni alarme ; on reste en mode lecture. Bitcoin cours …
THERMO_OK climate=warn score=68
THERMO_LIVE /Users/christophe/ace777-test-day1/Index_Maison/thermo/live.json
FUNDING now=2e-05 avg30=5.97e-05 prevMonth=6.081e-05
MISSION_OK combo=-8.5387 cycle=585 alert=red since=2026-08-02T00:00Z
  ALPHA fills=4 pnl=-9.285 (life fills=4 pnl=-9.285)
  BETA  fills=33 pnl=0.7463 (life fills=33 pnl=0.7463)
  HULK  bags=5 pnl=-5.0617
Résumé Cortana, mode pédagogique. Climat attention, score 68 sur cent. Avis climat : attention, score 68 — ni festin ni alarme ; on reste en mode lecture. Bitcoin cours 62588 dollars, une heure -0.12%, quatre heures -0.34%, vingt-quatre heures -0.76%. Avis prix : sur une heure, le bitcoin bouge peu — marché plutôt plat. Taux de financement actuel 0.00002, moyenne trente jours 0.00006, mois précédent 0.000061. Avis : un peu plus bas que la moyenne des trente jours, et sous la moyenne du mois précédent. En clair : funding positif soft — les longs paient encore les shorts, rien d’extrême Ratio long court 2.17, intérêt ouvert 1e+05, ratio acheteur 1.1. Avis positionnement : beaucoup plus de longs que de shorts — foule plutôt acheteuse, risque de squeeze baissier si ça casse ; l’intérêt ouvert donne la taille des paris ouverts — à croiser avec le prix, pas seul. Baleines : 1 grosses transactions, environ 7e+05 dollars. Avis baleines : 1 print(s) au-dessus du seuil — activité institutionnelle ou whale possible, à croiser avec le prix. Ace en direct, 1016 passés, bénéfice session -8.54$, chaleur 3e+01. Avis stacks : chaleur Ace élevée — beaucoup d’activité ou de stress moteur ; session Ace en recul — normal de ralentir les conclusions ; beaucoup de SKIP : le filtre refuse souvent — sagesse ou marché trop sale. Portefeuille : Ace -8.54$, Hulk -5.06$, total -13.60$. Synthèse : sentiment défensif. Climat ou portefeuilles sous pression — préfère hygiène ou pause plutôt qu’élargir le risque.
[sentiment=BEARISH]
[voix:edge:fr-FR-VivienneMultilingualNeural] Cortana. Résumé Cortana, mode pédagogique. Climat attention, score soixante-huit sur cent. Avis climat : attention, score soixante-huit — ni festin ni alarme ; …
[voix:ok] Cortana. Résumé Cortana, mode pédagogique. Climat attention, score soixante-huit sur cent. Avis climat : attention, score soixante-huit — ni festin ni alarme ; on reste en mode lecture. Bitcoin cours …
THERMO_OK climate=warn score=67
THERMO_LIVE /Users/christophe/ace777-test-day1/Index_Maison/thermo/live.json
FUNDING now=3.4e-05 avg30=5.97e-05 prevMonth=6.081e-05
MISSION_OK combo=-8.5387 cycle=585 alert=red since=2026-08-02T00:00Z
  ALPHA fills=4 pnl=-9.285 (life fills=4 pnl=-9.285)
  BETA  fills=33 pnl=0.7463 (life fills=33 pnl=0.7463)
  HULK  bags=5 pnl=-5.0617
Résumé Cortana, mode pédagogique. Climat attention, score 67 sur cent. Avis climat : attention, score 67 — ni festin ni alarme ; on reste en mode lecture. Bitcoin cours 63752 dollars, une heure 0.68%, quatre heures 1.65%, vingt-quatre heures 1.07%. Avis prix : sur une heure, légère hausse. Taux de financement actuel 0.000034, moyenne trente jours 0.00006, mois précédent 0.000061. Avis : un peu plus bas que la moyenne des trente jours, et sous la moyenne du mois précédent. En clair : funding positif soft — les longs paient encore les shorts, rien d’extrême Ratio long court 2.09, intérêt ouvert 1e+05, ratio acheteur 1.2. Avis positionnement : beaucoup plus de longs que de shorts — foule plutôt acheteuse, risque de squeeze baissier si ça casse ; les acheteurs agressifs dominent un peu (taker) ; l’intérêt ouvert donne la taille des paris ouverts — à croiser avec le prix, pas seul. Baleines : 2 grosses transactions, environ 2e+06 dollars. Avis baleines : 2 gros print(s), somme élevée — quelqu’un de gros a frappé ; je note, je ne traduis pas ça en ordre. Ace en direct, 1016 passés, bénéfice session -8.54$, chaleur 3e+01. Avis stacks : chaleur Ace élevée — beaucoup d’activité ou de stress moteur ; session Ace en recul — normal de ralentir les conclusions ; beaucoup de SKIP : le filtre refuse souvent — sagesse ou marché trop sale. Portefeuille : Ace -8.54$, Hulk -5.06$, total -13.60$. Synthèse : sentiment défensif. Climat ou portefeuilles sous pression — préfère hygiène ou pause plutôt qu’élargir le risque.
[sentiment=BEARISH]
[voix:edge:fr-FR-VivienneMultilingualNeural] Cortana. Résumé Cortana, mode pédagogique. Climat attention, score soixante-sept sur cent. Avis climat : attention, score soixante-sept — ni festin ni alarme ; …
[voix:ok] Cortana. Résumé Cortana, mode pédagogique. Climat attention, score soixante-sept sur cent. Avis climat : attention, score soixante-sept — ni festin ni alarme ; on reste en mode lecture. Bitcoin cours …
THERMO_OK climate=ok score=76
THERMO_LIVE /Users/christophe/ace777-test-day1/Index_Maison/thermo/live.json
FUNDING now=3e-05 avg30=5.97e-05 prevMonth=6.081e-05
MISSION_OK combo=-8.5387 cycle=585 alert=red since=2026-08-02T00:00Z
  ALPHA fills=4 pnl=-9.285 (life fills=4 pnl=-9.285)
  BETA  fills=33 pnl=0.7463 (life fills=33 pnl=0.7463)
  HULK  bags=5 pnl=-5.0617
Résumé Cortana, mode pédagogique. Climat calme, score 76 sur cent. Avis climat : calme, score 76 — thermo plutôt clément ; bon pour observer, pas une invitation à monter le risque. Bitcoin cours 63742 dollars, une heure -0.27%, quatre heures 1.96%, vingt-quatre heures 0.99%. Avis prix : sur une heure, le bitcoin bouge peu — marché plutôt plat. Taux de financement actuel 0.00003, moyenne trente jours 0.00006, mois précédent 0.000061. Avis : un peu plus bas que la moyenne des trente jours, et sous la moyenne du mois précédent. En clair : funding positif soft — les longs paient encore les shorts, rien d’extrême Ratio long court 1.71, intérêt ouvert 1e+05, ratio acheteur 1. Avis positionnement : beaucoup plus de longs que de shorts — foule plutôt acheteuse, risque de squeeze baissier si ça casse ; l’intérêt ouvert donne la taille des paris ouverts — à croiser avec le prix, pas seul. Baleines : 0 grosses transactions, environ 0 dollars. Avis baleines : pas de gros print proxy pour l’instant — silence ne veut pas dire calme absolu, juste rien d’énorme sur l’échantillon. Ace en direct, 1016 passés, bénéfice session -8.54$, chaleur 3e+01. Avis stacks : chaleur Ace élevée — beaucoup d’activité ou de stress moteur ; session Ace en recul — normal de ralentir les conclusions ; beaucoup de SKIP : le filtre refuse souvent — sagesse ou marché trop sale. Portefeuille : Ace -8.54$, Hulk -5.06$, total -13.60$. Synthèse : sentiment neutre à légèrement positif. On laisse tourner le setup ; je sniffe, je ne décide pas à ta place.
[sentiment=NEUTRE]
[voix:edge:fr-FR-VivienneMultilingualNeural] Cortana. Résumé Cortana, mode pédagogique. Climat calme, score soixante-seize sur cent. Avis climat : calme, score soixante-seize — thermo plutôt clément ; bon …
[voix:ok] Cortana. Résumé Cortana, mode pédagogique. Climat calme, score soixante-seize sur cent. Avis climat : calme, score soixante-seize — thermo plutôt clément ; bon pour observer, pas une invitation à mont…
THERMO_OK climate=ok score=80
THERMO_LIVE /Users/christophe/ace777-test-day1/Index_Maison/thermo/live.json
FUNDING now=1.6e-05 avg30=5.892e-05 prevMonth=6.043e-05
MISSION_OK combo=-8.5387 cycle=585 alert=red since=2026-08-02T00:00Z
  ALPHA fills=4 pnl=-9.285 (life fills=4 pnl=-9.285)
  BETA  fills=33 pnl=0.7463 (life fills=33 pnl=0.7463)
  HULK  bags=5 pnl=-5.0617
Résumé Cortana, mode pédagogique. Climat calme, score 80 sur cent. Avis climat : calme, score 80 — thermo plutôt clément ; bon pour observer, pas une invitation à monter le risque. Bitcoin cours 63777 dollars, une heure 0.18%, quatre heures 1.77%, vingt-quatre heures 0.94%. Avis prix : sur une heure, le bitcoin bouge peu — marché plutôt plat. Taux de financement actuel 0.000016, moyenne trente jours 0.000059, mois précédent 0.00006. Avis : un peu plus bas que la moyenne des trente jours, et sous la moyenne du mois précédent. En clair : funding positif soft — les longs paient encore les shorts, rien d’extrême Ratio long court 1.6, intérêt ouvert 1e+05, ratio acheteur 0.68. Avis positionnement : beaucoup plus de longs que de shorts — foule plutôt acheteuse, risque de squeeze baissier si ça casse ; les vendeurs agressifs dominent un peu (taker) ; l’intérêt ouvert donne la taille des paris ouverts — à croiser avec le prix, pas seul. Baleines : 0 grosses transactions, environ 0 dollars. Avis baleines : pas de gros print proxy pour l’instant — silence ne veut pas dire calme absolu, juste rien d’énorme sur l’échantillon. Ace en direct, 1016 passés, bénéfice session -8.54$, chaleur 3e+01. Avis stacks : chaleur Ace élevée — beaucoup d’activité ou de stress moteur ; session Ace en recul — normal de ralentir les conclusions ; beaucoup de SKIP : le filtre refuse souvent — sagesse ou marché trop sale. Portefeuille : Ace -8.54$, Hulk -5.06$, total -13.60$. Synthèse : sentiment neutre à légèrement positif. On laisse tourner le setup ; je sniffe, je ne décide pas à ta place.
[sentiment=NEUTRE]
[voix:edge:fr-FR-VivienneMultilingualNeural] Cortana. Résumé Cortana, mode pédagogique. Climat calme, score quatre-vingts sur cent. Avis climat : calme, score quatre-vingts — thermo plutôt clément ; bon po…
[voix:ok] Cortana. Résumé Cortana, mode pédagogique. Climat calme, score quatre-vingts sur cent. Avis climat : calme, score quatre-vingts — thermo plutôt clément ; bon pour observer, pas une invitation à monter…
THERMO_OK climate=ok score=82
THERMO_LIVE /Users/christophe/ace777-test-day1/Index_Maison/thermo/live.json
FUNDING now=7e-06 avg30=5.892e-05 prevMonth=6.043e-05
MISSION_OK combo=-8.5387 cycle=585 alert=red since=2026-08-02T00:00Z
  ALPHA fills=4 pnl=-9.285 (life fills=4 pnl=-9.285)
  BETA  fills=33 pnl=0.7463 (life fills=33 pnl=0.7463)
  HULK  bags=5 pnl=-5.0617
Résumé Cortana, mode pédagogique. Climat calme, score 82 sur cent. Avis climat : calme, score 82 — thermo plutôt clément ; bon pour observer, pas une invitation à monter le risque. Bitcoin cours 63880 dollars, une heure 0.21%, quatre heures 0.88%, vingt-quatre heures 0.96%. Avis prix : sur une heure, le bitcoin bouge peu — marché plutôt plat. Taux de financement actuel 0.000007, moyenne trente jours 0.000059, mois précédent 0.00006. Avis : un peu plus bas que la moyenne des trente jours, et sous la moyenne du mois précédent. En clair : funding positif soft — les longs paient encore les shorts, rien d’extrême Ratio long court 1.56, intérêt ouvert 1e+05, ratio acheteur 0.82. Avis positionnement : beaucoup plus de longs que de shorts — foule plutôt acheteuse, risque de squeeze baissier si ça casse ; les vendeurs agressifs dominent un peu (taker) ; l’intérêt ouvert donne la taille des paris ouverts — à croiser avec le prix, pas seul. Baleines : 0 grosses transactions, environ 0 dollars. Avis baleines : pas de gros print proxy pour l’instant — silence ne veut pas dire calme absolu, juste rien d’énorme sur l’échantillon. Ace en direct, 1016 passés, bénéfice session -8.54$, chaleur 3e+01. Avis stacks : chaleur Ace élevée — beaucoup d’activité ou de stress moteur ; session Ace en recul — normal de ralentir les conclusions ; beaucoup de SKIP : le filtre refuse souvent — sagesse ou marché trop sale. Portefeuille : Ace -8.54$, Hulk -5.06$, total -13.60$. Synthèse : sentiment neutre à légèrement positif. On laisse tourner le setup ; je sniffe, je ne décide pas à ta place.
[sentiment=NEUTRE]
[voix:edge:fr-FR-VivienneMultilingualNeural] Cortana. Résumé Cortana, mode pédagogique. Climat calme, score quatre-vingt-deux sur cent. Avis climat : calme, score quatre-vingt-deux — thermo plutôt clément …
[voix:ok] Cortana. Résumé Cortana, mode pédagogique. Climat calme, score quatre-vingt-deux sur cent. Avis climat : calme, score quatre-vingt-deux — thermo plutôt clément ; bon pour observer, pas une invitation …
THERMO_OK climate=ok score=85
THERMO_LIVE /Users/christophe/ace777-test-day1/Index_Maison/thermo/live.json
FUNDING now=-1e-06 avg30=5.892e-05 prevMonth=6.043e-05
MISSION_OK combo=-8.5387 cycle=585 alert=red since=2026-08-02T00:00Z
  ALPHA fills=4 pnl=-9.285 (life fills=4 pnl=-9.285)
  BETA  fills=33 pnl=0.7463 (life fills=33 pnl=0.7463)
  HULK  bags=5 pnl=-5.0617
Résumé Cortana, mode pédagogique. Climat calme, score 85 sur cent. Avis climat : calme, score 85 — thermo plutôt clément ; bon pour observer, pas une invitation à monter le risque. Bitcoin cours 63760 dollars, une heure -0.18%, quatre heures -0.26%, vingt-quatre heures 0.54%. Avis prix : sur une heure, le bitcoin bouge peu — marché plutôt plat. Taux de financement actuel -0.000001, moyenne trente jours 0.000059, mois précédent 0.00006. Avis : un peu plus bas que la moyenne des trente jours, et sous la moyenne du mois précédent. En clair : presque neutre — coût de levier faible Ratio long court 1.52, intérêt ouvert 1e+05, ratio acheteur 1.5. Avis positionnement : beaucoup plus de longs que de shorts — foule plutôt acheteuse, risque de squeeze baissier si ça casse ; les acheteurs agressifs dominent un peu (taker) ; l’intérêt ouvert donne la taille des paris ouverts — à croiser avec le prix, pas seul. Baleines : 2 grosses transactions, environ 2e+06 dollars. Avis baleines : 2 print(s) au-dessus du seuil — activité institutionnelle ou whale possible, à croiser avec le prix. Ace en direct, 1016 passés, bénéfice session -8.54$, chaleur 3e+01. Avis stacks : chaleur Ace élevée — beaucoup d’activité ou de stress moteur ; session Ace en recul — normal de ralentir les conclusions ; beaucoup de SKIP : le filtre refuse souvent — sagesse ou marché trop sale. Portefeuille : Ace -8.54$, Hulk -5.06$, total -13.60$. Synthèse : sentiment neutre à légèrement positif. On laisse tourner le setup ; je sniffe, je ne décide pas à ta place.
[sentiment=NEUTRE]
[voix:edge:fr-FR-VivienneMultilingualNeural] Cortana. Résumé Cortana, mode pédagogique. Climat calme, score quatre-vingt-cinq sur cent. Avis climat : calme, score quatre-vingt-cinq — thermo plutôt clément …
[voix:ok] Cortana. Résumé Cortana, mode pédagogique. Climat calme, score quatre-vingt-cinq sur cent. Avis climat : calme, score quatre-vingt-cinq — thermo plutôt clément ; bon pour observer, pas une invitation …
THERMO_OK climate=ok score=84
THERMO_LIVE /Users/christophe/ace777-test-day1/Index_Maison/thermo/live.json
FUNDING now=-6e-06 avg30=5.892e-05 prevMonth=6.043e-05
MISSION_OK combo=-8.5387 cycle=585 alert=red since=2026-08-02T00:00Z
  ALPHA fills=4 pnl=-9.285 (life fills=4 pnl=-9.285)
  BETA  fills=33 pnl=0.7463 (life fills=33 pnl=0.7463)
  HULK  bags=5 pnl=-5.0617
Résumé Cortana, mode pédagogique. Climat calme, score 84 sur cent. Avis climat : calme, score 84 — thermo plutôt clément ; bon pour observer, pas une invitation à monter le risque. Bitcoin cours 63879 dollars, une heure 0.09%, quatre heures 0.36%, vingt-quatre heures 0.75%. Avis prix : sur une heure, le bitcoin bouge peu — marché plutôt plat. Taux de financement actuel -0.000006, moyenne trente jours 0.000059, mois précédent 0.00006. Avis : un peu plus bas que la moyenne des trente jours, et sous la moyenne du mois précédent. En clair : presque neutre — coût de levier faible Ratio long court 1.5, intérêt ouvert 1e+05, ratio acheteur 0.97. Avis positionnement : beaucoup plus de longs que de shorts — foule plutôt acheteuse, risque de squeeze baissier si ça casse ; l’intérêt ouvert donne la taille des paris ouverts — à croiser avec le prix, pas seul. Baleines : 0 grosses transactions, environ 0 dollars. Avis baleines : pas de gros print proxy pour l’instant — silence ne veut pas dire calme absolu, juste rien d’énorme sur l’échantillon. Ace en direct, 1016 passés, bénéfice session -8.54$, chaleur 3e+01. Avis stacks : chaleur Ace élevée — beaucoup d’activité ou de stress moteur ; session Ace en recul — normal de ralentir les conclusions ; beaucoup de SKIP : le filtre refuse souvent — sagesse ou marché trop sale. Portefeuille : Ace -8.54$, Hulk -5.06$, total -13.60$. Synthèse : sentiment neutre à légèrement positif. On laisse tourner le setup ; je sniffe, je ne décide pas à ta place.
[sentiment=NEUTRE]
[voix:edge:fr-FR-VivienneMultilingualNeural] Cortana. Résumé Cortana, mode pédagogique. Climat calme, score quatre-vingt-quatre sur cent. Avis climat : calme, score quatre-vingt-quatre — thermo plutôt clém…
[voix:ok] Cortana. Résumé Cortana, mode pédagogique. Climat calme, score quatre-vingt-quatre sur cent. Avis climat : calme, score quatre-vingt-quatre — thermo plutôt clément ; bon pour observer, pas une invitat…
THERMO_OK climate=ok score=85
THERMO_LIVE /Users/christophe/ace777-test-day1/Index_Maison/thermo/live.json
FUNDING now=-1.5e-05 avg30=5.892e-05 prevMonth=6.043e-05
MISSION_OK combo=-8.5387 cycle=585 alert=red since=2026-08-02T00:00Z
  ALPHA fills=4 pnl=-9.285 (life fills=4 pnl=-9.285)
  BETA  fills=33 pnl=0.7463 (life fills=33 pnl=0.7463)
  HULK  bags=5 pnl=-5.0617
Résumé Cortana, mode pédagogique. Climat calme, score 85 sur cent. Avis climat : calme, score 85 — thermo plutôt clément ; bon pour observer, pas une invitation à monter le risque. Bitcoin cours 63741 dollars, une heure -0.15%, quatre heures 0.01%, vingt-quatre heures 0.47%. Avis prix : sur une heure, le bitcoin bouge peu — marché plutôt plat ; journée plutôt range. Taux de financement actuel -0.000015, moyenne trente jours 0.000059, mois précédent 0.00006. Avis : un peu plus bas que la moyenne des trente jours, et sous la moyenne du mois précédent. En clair : presque neutre — coût de levier faible Ratio long court 1.48, intérêt ouvert 1e+05, ratio acheteur 1.2. Avis positionnement : beaucoup plus de longs que de shorts — foule plutôt acheteuse, risque de squeeze baissier si ça casse ; les acheteurs agressifs dominent un peu (taker) ; l’intérêt ouvert donne la taille des paris ouverts — à croiser avec le prix, pas seul. Baleines : 1 grosses transactions, environ 6e+05 dollars. Avis baleines : 1 print(s) au-dessus du seuil — activité institutionnelle ou whale possible, à croiser avec le prix. Ace en direct, 1016 passés, bénéfice session -8.54$, chaleur 3e+01. Avis stacks : chaleur Ace élevée — beaucoup d’activité ou de stress moteur ; session Ace en recul — normal de ralentir les conclusions ; beaucoup de SKIP : le filtre refuse souvent — sagesse ou marché trop sale. Portefeuille : Ace -8.54$, Hulk -5.06$, total -13.60$. Synthèse : sentiment neutre à légèrement positif. On laisse tourner le setup ; je sniffe, je ne décide pas à ta place.
[sentiment=NEUTRE]
[voix:edge:fr-FR-VivienneMultilingualNeural] Cortana. Résumé Cortana, mode pédagogique. Climat calme, score quatre-vingt-cinq sur cent. Avis climat : calme, score quatre-vingt-cinq — thermo plutôt clément …
[voix:ok] Cortana. Résumé Cortana, mode pédagogique. Climat calme, score quatre-vingt-cinq sur cent. Avis climat : calme, score quatre-vingt-cinq — thermo plutôt clément ; bon pour observer, pas une invitation …
THERMO_OK climate=ok score=90
THERMO_LIVE /Users/christophe/ace777-test-day1/Index_Maison/thermo/live.json
FUNDING now=1e-06 avg30=5.892e-05 prevMonth=6.043e-05
MISSION_OK combo=-8.5387 cycle=585 alert=red since=2026-08-02T00:00Z
  ALPHA fills=4 pnl=-9.285 (life fills=4 pnl=-9.285)
  BETA  fills=33 pnl=0.7463 (life fills=33 pnl=0.7463)
  HULK  bags=5 pnl=-5.0617
Résumé Cortana, mode pédagogique. Climat calme, score 90 sur cent. Avis climat : calme, score 90 — thermo plutôt clément ; bon pour observer, pas une invitation à monter le risque. Bitcoin cours 63558 dollars, une heure -0.33%, quatre heures -0.51%, vingt-quatre heures -0.00%. Avis prix : sur une heure, légère baisse ; journée plutôt range. Taux de financement actuel 0.000001, moyenne trente jours 0.000059, mois précédent 0.00006. Avis : un peu plus bas que la moyenne des trente jours, et sous la moyenne du mois précédent. En clair : funding positif soft — les longs paient encore les shorts, rien d’extrême Ratio long court 1.47, intérêt ouvert 1e+05, ratio acheteur 0.71. Avis positionnement : beaucoup plus de longs que de shorts — foule plutôt acheteuse, risque de squeeze baissier si ça casse ; les vendeurs agressifs dominent un peu (taker) ; l’intérêt ouvert donne la taille des paris ouverts — à croiser avec le prix, pas seul. Baleines : 4 grosses transactions, environ 5e+06 dollars. Avis baleines : 4 gros print(s), somme élevée — quelqu’un de gros a frappé ; je note, je ne traduis pas ça en ordre. Ace en direct, 1016 passés, bénéfice session -8.54$, chaleur 3e+01. Avis stacks : chaleur Ace élevée — beaucoup d’activité ou de stress moteur ; session Ace en recul — normal de ralentir les conclusions ; beaucoup de SKIP : le filtre refuse souvent — sagesse ou marché trop sale. Portefeuille : Ace -8.54$, Hulk -5.06$, total -13.60$. Synthèse : sentiment neutre à légèrement positif. On laisse tourner le setup ; je sniffe, je ne décide pas à ta place.
[sentiment=NEUTRE]
[voix:edge:fr-FR-VivienneMultilingualNeural] Cortana. Résumé Cortana, mode pédagogique. Climat calme, score quatre-vingt-dix sur cent. Avis climat : calme, score quatre-vingt-dix — thermo plutôt clément ; …
[voix:ok] Cortana. Résumé Cortana, mode pédagogique. Climat calme, score quatre-vingt-dix sur cent. Avis climat : calme, score quatre-vingt-dix — thermo plutôt clément ; bon pour observer, pas une invitation à …
THERMO_OK climate=ok score=87
THERMO_LIVE /Users/christophe/ace777-test-day1/Index_Maison/thermo/live.json
FUNDING now=1.5e-05 avg30=5.892e-05 prevMonth=6.043e-05
MISSION_OK combo=-8.5387 cycle=585 alert=red since=2026-08-02T00:00Z
  ALPHA fills=4 pnl=-9.285 (life fills=4 pnl=-9.285)
  BETA  fills=33 pnl=0.7463 (life fills=33 pnl=0.7463)
  HULK  bags=5 pnl=-5.0617
Résumé Cortana, mode pédagogique. Climat calme, score 87 sur cent. Avis climat : calme, score 87 — thermo plutôt clément ; bon pour observer, pas une invitation à monter le risque. Bitcoin cours 63572 dollars, une heure 0.02%, quatre heures -0.41%, vingt-quatre heures 0.26%. Avis prix : sur une heure, le bitcoin bouge peu — marché plutôt plat ; journée plutôt range. Taux de financement actuel 0.000015, moyenne trente jours 0.000059, mois précédent 0.00006. Avis : un peu plus bas que la moyenne des trente jours, et sous la moyenne du mois précédent. En clair : funding positif soft — les longs paient encore les shorts, rien d’extrême Ratio long court 1.46, intérêt ouvert 1e+05, ratio acheteur 0.66. Avis positionnement : beaucoup plus de longs que de shorts — foule plutôt acheteuse, risque de squeeze baissier si ça casse ; les vendeurs agressifs dominent un peu (taker) ; l’intérêt ouvert donne la taille des paris ouverts — à croiser avec le prix, pas seul. Baleines : 0 grosses transactions, environ 0 dollars. Avis baleines : pas de gros print proxy pour l’instant — silence ne veut pas dire calme absolu, juste rien d’énorme sur l’échantillon. Ace en direct, 1016 passés, bénéfice session -8.54$, chaleur 3e+01. Avis stacks : chaleur Ace élevée — beaucoup d’activité ou de stress moteur ; session Ace en recul — normal de ralentir les conclusions ; beaucoup de SKIP : le filtre refuse souvent — sagesse ou marché trop sale. Portefeuille : Ace -8.54$, Hulk -5.06$, total -13.60$. Synthèse : sentiment neutre à légèrement positif. On laisse tourner le setup ; je sniffe, je ne décide pas à ta place.
[sentiment=NEUTRE]
[voix:edge:fr-FR-VivienneMultilingualNeural] Cortana. Résumé Cortana, mode pédagogique. Climat calme, score quatre-vingt-sept sur cent. Avis climat : calme, score quatre-vingt-sept — thermo plutôt clément …
[voix:ok] Cortana. Résumé Cortana, mode pédagogique. Climat calme, score quatre-vingt-sept sur cent. Avis climat : calme, score quatre-vingt-sept — thermo plutôt clément ; bon pour observer, pas une invitation …
THERMO_OK climate=ok score=86
THERMO_LIVE /Users/christophe/ace777-test-day1/Index_Maison/thermo/live.json
FUNDING now=3.1e-05 avg30=5.82e-05 prevMonth=6.067e-05
MISSION_OK combo=-8.5387 cycle=585 alert=red since=2026-08-02T00:00Z
  ALPHA fills=4 pnl=-9.285 (life fills=4 pnl=-9.285)
  BETA  fills=33 pnl=0.7463 (life fills=33 pnl=0.7463)
  HULK  bags=5 pnl=-5.0617
Résumé Cortana, mode pédagogique. Climat calme, score 86 sur cent. Avis climat : calme, score 86 — thermo plutôt clément ; bon pour observer, pas une invitation à monter le risque. Bitcoin cours 63497 dollars, une heure 0.00%, quatre heures -0.40%, vingt-quatre heures -0.01%. Avis prix : sur une heure, le bitcoin bouge peu — marché plutôt plat ; journée plutôt range. Taux de financement actuel 0.000031, moyenne trente jours 0.000058, mois précédent 0.000061. Avis : un peu plus bas que la moyenne des trente jours, et sous la moyenne du mois précédent. En clair : funding positif soft — les longs paient encore les shorts, rien d’extrême Ratio long court 1.49, intérêt ouvert 1e+05, ratio acheteur 0.92. Avis positionnement : beaucoup plus de longs que de shorts — foule plutôt acheteuse, risque de squeeze baissier si ça casse ; l’intérêt ouvert donne la taille des paris ouverts — à croiser avec le prix, pas seul. Baleines : 1 grosses transactions, environ 8e+05 dollars. Avis baleines : 1 print(s) au-dessus du seuil — activité institutionnelle ou whale possible, à croiser avec le prix. Ace en direct, 1016 passés, bénéfice session -8.54$, chaleur 3e+01. Avis stacks : chaleur Ace élevée — beaucoup d’activité ou de stress moteur ; session Ace en recul — normal de ralentir les conclusions ; beaucoup de SKIP : le filtre refuse souvent — sagesse ou marché trop sale. Portefeuille : Ace -8.54$, Hulk -5.06$, total -13.60$. Synthèse : sentiment neutre à légèrement positif. On laisse tourner le setup ; je sniffe, je ne décide pas à ta place.
[sentiment=NEUTRE]
[voix:edge:fr-FR-VivienneMultilingualNeural] Cortana. Résumé Cortana, mode pédagogique. Climat calme, score quatre-vingt-six sur cent. Avis climat : calme, score quatre-vingt-six — thermo plutôt clément ; …
[voix:ok] Cortana. Résumé Cortana, mode pédagogique. Climat calme, score quatre-vingt-six sur cent. Avis climat : calme, score quatre-vingt-six — thermo plutôt clément ; bon pour observer, pas une invitation à …
THERMO_OK climate=ok score=85
THERMO_LIVE /Users/christophe/ace777-test-day1/Index_Maison/thermo/live.json
FUNDING now=3.6e-05 avg30=5.82e-05 prevMonth=6.067e-05
MISSION_OK combo=-8.5387 cycle=585 alert=red since=2026-08-02T00:00Z
  ALPHA fills=4 pnl=-9.285 (life fills=4 pnl=-9.285)
  BETA  fills=33 pnl=0.7463 (life fills=33 pnl=0.7463)
  HULK  bags=5 pnl=-5.0617
Résumé Cortana, mode pédagogique. Climat calme, score 85 sur cent. Avis climat : calme, score 85 — thermo plutôt clément ; bon pour observer, pas une invitation à monter le risque. Bitcoin cours 63400 dollars, une heure 0.10%, quatre heures -0.25%, vingt-quatre heures 0.17%. Avis prix : sur une heure, le bitcoin bouge peu — marché plutôt plat ; journée plutôt range. Taux de financement actuel 0.000036, moyenne trente jours 0.000058, mois précédent 0.000061. Avis : un peu plus bas que la moyenne des trente jours, et sous la moyenne du mois précédent. En clair : funding positif soft — les longs paient encore les shorts, rien d’extrême Ratio long court 1.49, intérêt ouvert 1e+05, ratio acheteur 1.3. Avis positionnement : beaucoup plus de longs que de shorts — foule plutôt acheteuse, risque de squeeze baissier si ça casse ; les acheteurs agressifs dominent un peu (taker) ; l’intérêt ouvert donne la taille des paris ouverts — à croiser avec le prix, pas seul. Baleines : 0 grosses transactions, environ 0 dollars. Avis baleines : pas de gros print proxy pour l’instant — silence ne veut pas dire calme absolu, juste rien d’énorme sur l’échantillon. Ace en direct, 1016 passés, bénéfice session -8.54$, chaleur 3e+01. Avis stacks : chaleur Ace élevée — beaucoup d’activité ou de stress moteur ; session Ace en recul — normal de ralentir les conclusions ; beaucoup de SKIP : le filtre refuse souvent — sagesse ou marché trop sale. Portefeuille : Ace -8.54$, Hulk -5.06$, total -13.60$. Synthèse : sentiment neutre à légèrement positif. On laisse tourner le setup ; je sniffe, je ne décide pas à ta place.
[sentiment=NEUTRE]
[voix:edge:fr-FR-VivienneMultilingualNeural] Cortana. Résumé Cortana, mode pédagogique. Climat calme, score quatre-vingt-cinq sur cent. Avis climat : calme, score quatre-vingt-cinq — thermo plutôt clément …
[voix:ok] Cortana. Résumé Cortana, mode pédagogique. Climat calme, score quatre-vingt-cinq sur cent. Avis climat : calme, score quatre-vingt-cinq — thermo plutôt clément ; bon pour observer, pas une invitation …
THERMO_OK climate=ok score=81
THERMO_LIVE /Users/christophe/ace777-test-day1/Index_Maison/thermo/live.json
FUNDING now=8.7e-05 avg30=5.791e-05 prevMonth=6.081e-05
MISSION_OK combo=-8.5387 cycle=585 alert=red since=2026-08-02T00:00Z
  ALPHA fills=4 pnl=-9.285 (life fills=4 pnl=-9.285)
  BETA  fills=33 pnl=0.7463 (life fills=33 pnl=0.7463)
  HULK  bags=5 pnl=-5.0617
Résumé Cortana, mode pédagogique. Climat calme, score 81 sur cent. Avis climat : calme, score 81 — thermo plutôt clément ; bon pour observer, pas une invitation à monter le risque. Bitcoin cours 63965 dollars, une heure 0.49%, quatre heures 0.37%, vingt-quatre heures 0.27%. Avis prix : sur une heure, légère hausse ; journée plutôt range. Taux de financement actuel 0.000087, moyenne trente jours 0.000058, mois précédent 0.000061. Avis : un peu plus haut que la moyenne des trente jours, et au-dessus de la moyenne du mois précédent. En clair : funding positif soft — les longs paient encore les shorts, rien d’extrême Ratio long court 1.42, intérêt ouvert 1e+05, ratio acheteur 1. Avis positionnement : beaucoup plus de longs que de shorts — foule plutôt acheteuse, risque de squeeze baissier si ça casse ; l’intérêt ouvert donne la taille des paris ouverts — à croiser avec le prix, pas seul. Baleines : 1 grosses transactions, environ 8e+05 dollars. Avis baleines : 1 print(s) au-dessus du seuil — activité institutionnelle ou whale possible, à croiser avec le prix. Ace en direct, 1016 passés, bénéfice session -8.54$, chaleur 3e+01. Avis stacks : chaleur Ace élevée — beaucoup d’activité ou de stress moteur ; session Ace en recul — normal de ralentir les conclusions ; beaucoup de SKIP : le filtre refuse souvent — sagesse ou marché trop sale. Portefeuille : Ace -8.54$, Hulk -5.06$, total -13.60$. Synthèse : sentiment neutre à légèrement positif. On laisse tourner le setup ; je sniffe, je ne décide pas à ta place.
[sentiment=NEUTRE]
[voix:edge:fr-FR-VivienneMultilingualNeural] Cortana. Résumé Cortana, mode pédagogique. Climat calme, score quatre-vingt-un sur cent. Avis climat : calme, score quatre-vingt-un — thermo plutôt clément ; bo…
[voix:ok] Cortana. Résumé Cortana, mode pédagogique. Climat calme, score quatre-vingt-un sur cent. Avis climat : calme, score quatre-vingt-un — thermo plutôt clément ; bon pour observer, pas une invitation à mo…
THERMO_OK climate=ok score=83
THERMO_LIVE /Users/christophe/ace777-test-day1/Index_Maison/thermo/live.json
FUNDING now=8.1e-05 avg30=5.791e-05 prevMonth=6.081e-05
MISSION_OK combo=-8.5387 cycle=585 alert=red since=2026-08-02T00:00Z
  ALPHA fills=4 pnl=-9.285 (life fills=4 pnl=-9.285)
  BETA  fills=33 pnl=0.7463 (life fills=33 pnl=0.7463)
  HULK  bags=5 pnl=-5.0617
Résumé Cortana, mode pédagogique. Climat calme, score 83 sur cent. Avis climat : calme, score 83 — thermo plutôt clément ; bon pour observer, pas une invitation à monter le risque. Bitcoin cours 63804 dollars, une heure -0.46%, quatre heures -0.15%, vingt-quatre heures 0.11%. Avis prix : sur une heure, légère baisse ; journée plutôt range. Taux de financement actuel 0.000081, moyenne trente jours 0.000058, mois précédent 0.000061. Avis : un peu plus haut que la moyenne des trente jours, et au-dessus de la moyenne du mois précédent. En clair : funding positif soft — les longs paient encore les shorts, rien d’extrême Ratio long court 1.38, intérêt ouvert 1e+05, ratio acheteur 1.2. Avis positionnement : équilibre long-court assez classique ; l’intérêt ouvert donne la taille des paris ouverts — à croiser avec le prix, pas seul. Baleines : 0 grosses transactions, environ 0 dollars. Avis baleines : pas de gros print proxy pour l’instant — silence ne veut pas dire calme absolu, juste rien d’énorme sur l’échantillon. Ace en direct, 1016 passés, bénéfice session -8.54$, chaleur 3e+01. Avis stacks : chaleur Ace élevée — beaucoup d’activité ou de stress moteur ; session Ace en recul — normal de ralentir les conclusions ; beaucoup de SKIP : le filtre refuse souvent — sagesse ou marché trop sale. Portefeuille : Ace -8.54$, Hulk -5.06$, total -13.60$. Synthèse : sentiment neutre à légèrement positif. On laisse tourner le setup ; je sniffe, je ne décide pas à ta place.
[sentiment=NEUTRE]
[voix:edge:fr-FR-VivienneMultilingualNeural] Cortana. Résumé Cortana, mode pédagogique. Climat calme, score quatre-vingt-trois sur cent. Avis climat : calme, score quatre-vingt-trois — thermo plutôt clémen…
[voix:ok] Cortana. Résumé Cortana, mode pédagogique. Climat calme, score quatre-vingt-trois sur cent. Avis climat : calme, score quatre-vingt-trois — thermo plutôt clément ; bon pour observer, pas une invitatio…
THERMO_OK climate=ok score=84
THERMO_LIVE /Users/christophe/ace777-test-day1/Index_Maison/thermo/live.json
FUNDING now=6.8e-05 avg30=5.781e-05 prevMonth=6.043e-05
MISSION_OK combo=-8.5387 cycle=585 alert=red since=2026-08-02T00:00Z
  ALPHA fills=4 pnl=-9.285 (life fills=4 pnl=-9.285)
  BETA  fills=33 pnl=0.7463 (life fills=33 pnl=0.7463)
  HULK  bags=5 pnl=-5.0617
Résumé Cortana, mode pédagogique. Climat calme, score 84 sur cent. Avis climat : calme, score 84 — thermo plutôt clément ; bon pour observer, pas une invitation à monter le risque. Bitcoin cours 63943 dollars, une heure -0.23%, quatre heures 0.10%, vingt-quatre heures 0.28%. Avis prix : sur une heure, le bitcoin bouge peu — marché plutôt plat ; journée plutôt range. Taux de financement actuel 0.000068, moyenne trente jours 0.000058, mois précédent 0.00006. Avis : un peu plus haut que la moyenne des trente jours, et au-dessus de la moyenne du mois précédent. En clair : funding positif soft — les longs paient encore les shorts, rien d’extrême Ratio long court 1.37, intérêt ouvert 1e+05, ratio acheteur 0.93. Avis positionnement : équilibre long-court assez classique ; l’intérêt ouvert donne la taille des paris ouverts — à croiser avec le prix, pas seul. Baleines : 0 grosses transactions, environ 0 dollars. Avis baleines : pas de gros print proxy pour l’instant — silence ne veut pas dire calme absolu, juste rien d’énorme sur l’échantillon. Ace en direct, 1016 passés, bénéfice session -8.54$, chaleur 3e+01. Avis stacks : chaleur Ace élevée — beaucoup d’activité ou de stress moteur ; session Ace en recul — normal de ralentir les conclusions ; beaucoup de SKIP : le filtre refuse souvent — sagesse ou marché trop sale. Portefeuille : Ace -8.54$, Hulk -5.06$, total -13.60$. Synthèse : sentiment neutre à légèrement positif. On laisse tourner le setup ; je sniffe, je ne décide pas à ta place.
[sentiment=NEUTRE]
[voix:edge:fr-FR-VivienneMultilingualNeural] Cortana. Résumé Cortana, mode pédagogique. Climat calme, score quatre-vingt-quatre sur cent. Avis climat : calme, score quatre-vingt-quatre — thermo plutôt clém…
[voix:ok] Cortana. Résumé Cortana, mode pédagogique. Climat calme, score quatre-vingt-quatre sur cent. Avis climat : calme, score quatre-vingt-quatre — thermo plutôt clément ; bon pour observer, pas une invitat…
THERMO_OK climate=ok score=84
THERMO_LIVE /Users/christophe/ace777-test-day1/Index_Maison/thermo/live.json
FUNDING now=6.2e-05 avg30=5.781e-05 prevMonth=6.043e-05
MISSION_OK combo=-8.5387 cycle=585 alert=red since=2026-08-02T00:00Z
  ALPHA fills=4 pnl=-9.285 (life fills=4 pnl=-9.285)
  BETA  fills=33 pnl=0.7463 (life fills=33 pnl=0.7463)
  HULK  bags=5 pnl=-5.0617
Résumé Cortana, mode pédagogique. Climat calme, score 84 sur cent. Avis climat : calme, score 84 — thermo plutôt clément ; bon pour observer, pas une invitation à monter le risque. Bitcoin cours 64120 dollars, une heure 0.28%, quatre heures 0.70%, vingt-quatre heures 0.36%. Avis prix : sur une heure, le bitcoin bouge peu — marché plutôt plat ; journée plutôt range. Taux de financement actuel 0.000062, moyenne trente jours 0.000058, mois précédent 0.00006. Avis : proche de la moyenne des trente jours, En clair : funding positif soft — les longs paient encore les shorts, rien d’extrême.  Ratio long court 1.36, intérêt ouvert 1e+05, ratio acheteur 0.91. Avis positionnement : équilibre long-court assez classique ; l’intérêt ouvert donne la taille des paris ouverts — à croiser avec le prix, pas seul. Baleines : 0 grosses transactions, environ 0 dollars. Avis baleines : pas de gros print proxy pour l’instant — silence ne veut pas dire calme absolu, juste rien d’énorme sur l’échantillon. Ace en direct, 1016 passés, bénéfice session -8.54$, chaleur 3e+01. Avis stacks : chaleur Ace élevée — beaucoup d’activité ou de stress moteur ; session Ace en recul — normal de ralentir les conclusions ; beaucoup de SKIP : le filtre refuse souvent — sagesse ou marché trop sale. Portefeuille : Ace -8.54$, Hulk -5.06$, total -13.60$. Synthèse : sentiment neutre à légèrement positif. On laisse tourner le setup ; je sniffe, je ne décide pas à ta place.
[sentiment=NEUTRE]
[voix:edge:fr-FR-VivienneMultilingualNeural] Cortana. Résumé Cortana, mode pédagogique. Climat calme, score quatre-vingt-quatre sur cent. Avis climat : calme, score quatre-vingt-quatre — thermo plutôt clém…
[voix:ok] Cortana. Résumé Cortana, mode pédagogique. Climat calme, score quatre-vingt-quatre sur cent. Avis climat : calme, score quatre-vingt-quatre — thermo plutôt clément ; bon pour observer, pas une invitat…
THERMO_OK climate=ok score=84
THERMO_LIVE /Users/christophe/ace777-test-day1/Index_Maison/thermo/live.json
FUNDING now=4.4e-05 avg30=5.781e-05 prevMonth=6.043e-05
MISSION_OK combo=-8.5387 cycle=585 alert=red since=2026-08-02T00:00Z
  ALPHA fills=4 pnl=-9.285 (life fills=4 pnl=-9.285)
  BETA  fills=33 pnl=0.7463 (life fills=33 pnl=0.7463)
  HULK  bags=5 pnl=-5.0617
Résumé Cortana, mode pédagogique. Climat calme, score 84 sur cent. Avis climat : calme, score 84 — thermo plutôt clément ; bon pour observer, pas une invitation à monter le risque. Bitcoin cours 64254 dollars, une heure 0.49%, quatre heures 0.24%, vingt-quatre heures 0.72%. Avis prix : sur une heure, légère hausse. Taux de financement actuel 0.000044, moyenne trente jours 0.000058, mois précédent 0.00006. Avis : un peu plus bas que la moyenne des trente jours, et sous la moyenne du mois précédent. En clair : funding positif soft — les longs paient encore les shorts, rien d’extrême Ratio long court 1.35, intérêt ouvert 1e+05, ratio acheteur 0.83. Avis positionnement : équilibre long-court assez classique ; les vendeurs agressifs dominent un peu (taker) ; l’intérêt ouvert donne la taille des paris ouverts — à croiser avec le prix, pas seul. Baleines : 1 grosses transactions, environ 7e+05 dollars. Avis baleines : 1 print(s) au-dessus du seuil — activité institutionnelle ou whale possible, à croiser avec le prix. Ace en direct, 1016 passés, bénéfice session -8.54$, chaleur 3e+01. Avis stacks : chaleur Ace élevée — beaucoup d’activité ou de stress moteur ; session Ace en recul — normal de ralentir les conclusions ; beaucoup de SKIP : le filtre refuse souvent — sagesse ou marché trop sale. Portefeuille : Ace -8.54$, Hulk -5.06$, total -13.60$. Synthèse : sentiment neutre à légèrement positif. On laisse tourner le setup ; je sniffe, je ne décide pas à ta place.
[sentiment=NEUTRE]
[voix:edge:fr-FR-VivienneMultilingualNeural] Cortana. Résumé Cortana, mode pédagogique. Climat calme, score quatre-vingt-quatre sur cent. Avis climat : calme, score quatre-vingt-quatre — thermo plutôt clém…
[voix:ok] Cortana. Résumé Cortana, mode pédagogique. Climat calme, score quatre-vingt-quatre sur cent. Avis climat : calme, score quatre-vingt-quatre — thermo plutôt clément ; bon pour observer, pas une invitat…
THERMO_OK climate=ok score=87
THERMO_LIVE /Users/christophe/ace777-test-day1/Index_Maison/thermo/live.json
FUNDING now=2.2e-05 avg30=5.781e-05 prevMonth=6.043e-05
MISSION_OK combo=-8.5387 cycle=585 alert=red since=2026-08-02T00:00Z
  ALPHA fills=4 pnl=-9.285 (life fills=4 pnl=-9.285)
  BETA  fills=33 pnl=0.7463 (life fills=33 pnl=0.7463)
  HULK  bags=5 pnl=-5.0617
Résumé Cortana, mode pédagogique. Climat calme, score 87 sur cent. Avis climat : calme, score 87 — thermo plutôt clément ; bon pour observer, pas une invitation à monter le risque. Bitcoin cours 64285 dollars, une heure 0.04%, quatre heures 0.32%, vingt-quatre heures 0.64%. Avis prix : sur une heure, le bitcoin bouge peu — marché plutôt plat. Taux de financement actuel 0.000022, moyenne trente jours 0.000058, mois précédent 0.00006. Avis : un peu plus bas que la moyenne des trente jours, et sous la moyenne du mois précédent. En clair : funding positif soft — les longs paient encore les shorts, rien d’extrême Ratio long court 1.34, intérêt ouvert 1e+05, ratio acheteur 1.4. Avis positionnement : équilibre long-court assez classique ; les acheteurs agressifs dominent un peu (taker) ; l’intérêt ouvert donne la taille des paris ouverts — à croiser avec le prix, pas seul. Baleines : 0 grosses transactions, environ 0 dollars. Avis baleines : pas de gros print proxy pour l’instant — silence ne veut pas dire calme absolu, juste rien d’énorme sur l’échantillon. Ace en direct, 1016 passés, bénéfice session -8.54$, chaleur 3e+01. Avis stacks : chaleur Ace élevée — beaucoup d’activité ou de stress moteur ; session Ace en recul — normal de ralentir les conclusions ; beaucoup de SKIP : le filtre refuse souvent — sagesse ou marché trop sale. Portefeuille : Ace -8.54$, Hulk -5.06$, total -13.60$. Synthèse : sentiment neutre à légèrement positif. On laisse tourner le setup ; je sniffe, je ne décide pas à ta place.
[sentiment=NEUTRE]
[voix:edge:fr-FR-VivienneMultilingualNeural] Cortana. Résumé Cortana, mode pédagogique. Climat calme, score quatre-vingt-sept sur cent. Avis climat : calme, score quatre-vingt-sept — thermo plutôt clément …
[voix:ok] Cortana. Résumé Cortana, mode pédagogique. Climat calme, score quatre-vingt-sept sur cent. Avis climat : calme, score quatre-vingt-sept — thermo plutôt clément ; bon pour observer, pas une invitation …
THERMO_OK climate=ok score=88
THERMO_LIVE /Users/christophe/ace777-test-day1/Index_Maison/thermo/live.json
FUNDING now=1e-06 avg30=5.781e-05 prevMonth=6.043e-05
MISSION_OK combo=-8.5387 cycle=585 alert=red since=2026-08-02T00:00Z
  ALPHA fills=4 pnl=-9.285 (life fills=4 pnl=-9.285)
  BETA  fills=33 pnl=0.7463 (life fills=33 pnl=0.7463)
  HULK  bags=5 pnl=-5.0617
Résumé Cortana, mode pédagogique. Climat calme, score 88 sur cent. Avis climat : calme, score 88 — thermo plutôt clément ; bon pour observer, pas une invitation à monter le risque. Bitcoin cours 64305 dollars, une heure 0.17%, quatre heures 0.59%, vingt-quatre heures 0.87%. Avis prix : sur une heure, le bitcoin bouge peu — marché plutôt plat. Taux de financement actuel 0.000001, moyenne trente jours 0.000058, mois précédent 0.00006. Avis : un peu plus bas que la moyenne des trente jours, et sous la moyenne du mois précédent. En clair : funding positif soft — les longs paient encore les shorts, rien d’extrême Ratio long court 1.33, intérêt ouvert 1e+05, ratio acheteur 1. Avis positionnement : équilibre long-court assez classique ; l’intérêt ouvert donne la taille des paris ouverts — à croiser avec le prix, pas seul. Baleines : 0 grosses transactions, environ 0 dollars. Avis baleines : pas de gros print proxy pour l’instant — silence ne veut pas dire calme absolu, juste rien d’énorme sur l’échantillon. Ace en direct, 1016 passés, bénéfice session -8.54$, chaleur 3e+01. Avis stacks : chaleur Ace élevée — beaucoup d’activité ou de stress moteur ; session Ace en recul — normal de ralentir les conclusions ; beaucoup de SKIP : le filtre refuse souvent — sagesse ou marché trop sale. Portefeuille : Ace -8.54$, Hulk -5.06$, total -13.60$. Synthèse : sentiment neutre à légèrement positif. On laisse tourner le setup ; je sniffe, je ne décide pas à ta place.
[sentiment=NEUTRE]
[voix:WARN] edge KO (error) — pas de repli say (CORTANA_TTS=edge)
[voix:edge:fr-FR-VivienneMultilingualNeural:echec_gen] Cortana. Résumé Cortana, mode pédagogique. Climat calme, score quatre-vingt-huit sur cent. Avis climat : calme, score quatre-vingt-huit — thermo plutôt clément …
[voix:ok] Cortana. Résumé Cortana, mode pédagogique. Climat calme, score quatre-vingt-huit sur cent. Avis climat : calme, score quatre-vingt-huit — thermo plutôt clément ; bon pour observer, pas une invitation …
THERMO_OK climate=ok score=95 DEGRADED=oi,mark,funding,chg24,fearGreed
THERMO_LIVE /Users/christophe/ace777-test-day1/Index_Maison/thermo/live.json
FUNDING now=1e-06 avg30=None prevMonth=None
MISSION_OK combo=-8.5387 cycle=585 alert=red since=2026-08-02T00:00Z
  ALPHA fills=4 pnl=-9.285 (life fills=4 pnl=-9.285)
  BETA  fills=33 pnl=0.7463 (life fills=33 pnl=0.7463)
  HULK  bags=5 pnl=-5.0617
Résumé Cortana, mode pédagogique. Climat calme, score 95 sur cent. Avis climat : calme, score 95 — thermo plutôt clément ; bon pour observer, pas une invitation à monter le risque. Bitcoin cours 64305 dollars, une heure n/d, quatre heures n/d, vingt-quatre heures 0.87%. Avis prix : lecture incomplète. Taux de financement actuel 0.000001, moyenne trente jours non disponible, mois précédent non disponible. Avis : En clair : funding positif soft — les longs paient encore les shorts, rien d’extrême.  Ratio long court n/d, intérêt ouvert 1e+05, ratio acheteur n/d. Avis positionnement : l’intérêt ouvert donne la taille des paris ouverts — à croiser avec le prix, pas seul. Baleines : 0 grosses transactions, environ 0 dollars. Avis baleines : pas de gros print proxy pour l’instant — silence ne veut pas dire calme absolu, juste rien d’énorme sur l’échantillon. Ace en direct, 1016 passés, bénéfice session -8.54$, chaleur 3e+01. Avis stacks : chaleur Ace élevée — beaucoup d’activité ou de stress moteur ; session Ace en recul — normal de ralentir les conclusions ; beaucoup de SKIP : le filtre refuse souvent — sagesse ou marché trop sale. Portefeuille : Ace -8.54$, Hulk -5.06$, total -13.60$. Synthèse : sentiment neutre à légèrement positif. On laisse tourner le setup ; je sniffe, je ne décide pas à ta place.
[sentiment=NEUTRE]
[voix:WARN] edge KO (gen_fail) — pas de repli say (CORTANA_TTS=edge)
[voix:edge:fr-FR-VivienneMultilingualNeural:echec_gen] Cortana. Résumé Cortana, mode pédagogique. Climat calme, score quatre-vingt-quinze sur cent. Avis climat : calme, score quatre-vingt-quinze — thermo plutôt clém…
[voix:ok] Cortana. Résumé Cortana, mode pédagogique. Climat calme, score quatre-vingt-quinze sur cent. Avis climat : calme, score quatre-vingt-quinze — thermo plutôt clément ; bon pour observer, pas une invitat…
THERMO_OK climate=ok score=90
THERMO_LIVE /Users/christophe/ace777-test-day1/Index_Maison/thermo/live.json
FUNDING now=1e-05 avg30=5.714e-05 prevMonth=6.067e-05
MISSION_OK combo=-8.5387 cycle=585 alert=red since=2026-08-02T00:00Z
  ALPHA fills=4 pnl=-9.285 (life fills=4 pnl=-9.285)
  BETA  fills=33 pnl=0.7463 (life fills=33 pnl=0.7463)
  HULK  bags=5 pnl=-5.0617
Résumé Cortana, mode pédagogique. Climat calme, score 90 sur cent. Avis climat : calme, score 90 — thermo plutôt clément ; bon pour observer, pas une invitation à monter le risque. Bitcoin cours 64282 dollars, une heure 0.22%, quatre heures -0.04%, vingt-quatre heures 0.62%. Avis prix : sur une heure, le bitcoin bouge peu — marché plutôt plat. Taux de financement actuel 0.00001, moyenne trente jours 0.000057, mois précédent 0.000061. Avis : un peu plus bas que la moyenne des trente jours, et sous la moyenne du mois précédent. En clair : funding positif soft — les longs paient encore les shorts, rien d’extrême Ratio long court 1.27, intérêt ouvert 1e+05, ratio acheteur 1.6. Avis positionnement : équilibre long-court assez classique ; les acheteurs agressifs dominent un peu (taker) ; l’intérêt ouvert donne la taille des paris ouverts — à croiser avec le prix, pas seul. Baleines : 0 grosses transactions, environ 0 dollars. Avis baleines : pas de gros print proxy pour l’instant — silence ne veut pas dire calme absolu, juste rien d’énorme sur l’échantillon. Ace en direct, 1016 passés, bénéfice session -8.54$, chaleur 3e+01. Avis stacks : chaleur Ace élevée — beaucoup d’activité ou de stress moteur ; session Ace en recul — normal de ralentir les conclusions ; beaucoup de SKIP : le filtre refuse souvent — sagesse ou marché trop sale. Portefeuille : Ace -8.54$, Hulk -5.06$, total -13.60$. Synthèse : sentiment neutre à légèrement positif. On laisse tourner le setup ; je sniffe, je ne décide pas à ta place.
[sentiment=NEUTRE]
[voix:edge:fr-FR-VivienneMultilingualNeural] Cortana. Résumé Cortana, mode pédagogique. Climat calme, score quatre-vingt-dix sur cent. Avis climat : calme, score quatre-vingt-dix — thermo plutôt clément ; …
[voix:ok] Cortana. Résumé Cortana, mode pédagogique. Climat calme, score quatre-vingt-dix sur cent. Avis climat : calme, score quatre-vingt-dix — thermo plutôt clément ; bon pour observer, pas une invitation à …
THERMO_OK climate=ok score=88
THERMO_LIVE /Users/christophe/ace777-test-day1/Index_Maison/thermo/live.json
FUNDING now=1.6e-05 avg30=5.714e-05 prevMonth=6.067e-05
MISSION_OK combo=-8.5387 cycle=585 alert=red since=2026-08-02T00:00Z
  ALPHA fills=4 pnl=-9.285 (life fills=4 pnl=-9.285)
  BETA  fills=33 pnl=0.7463 (life fills=33 pnl=0.7463)
  HULK  bags=5 pnl=-5.0617
Résumé Cortana, mode pédagogique. Climat calme, score 88 sur cent. Avis climat : calme, score 88 — thermo plutôt clément ; bon pour observer, pas une invitation à monter le risque. Bitcoin cours 64286 dollars, une heure -0.03%, quatre heures -0.09%, vingt-quatre heures 0.81%. Avis prix : sur une heure, le bitcoin bouge peu — marché plutôt plat. Taux de financement actuel 0.000016, moyenne trente jours 0.000057, mois précédent 0.000061. Avis : un peu plus bas que la moyenne des trente jours, et sous la moyenne du mois précédent. En clair : funding positif soft — les longs paient encore les shorts, rien d’extrême Ratio long court 1.25, intérêt ouvert 1e+05, ratio acheteur 1. Avis positionnement : équilibre long-court assez classique ; l’intérêt ouvert donne la taille des paris ouverts — à croiser avec le prix, pas seul. Baleines : 3 grosses transactions, environ 2e+06 dollars. Avis baleines : 3 gros print(s), somme élevée — quelqu’un de gros a frappé ; je note, je ne traduis pas ça en ordre. Ace en direct, 1016 passés, bénéfice session -8.54$, chaleur 3e+01. Avis stacks : chaleur Ace élevée — beaucoup d’activité ou de stress moteur ; session Ace en recul — normal de ralentir les conclusions ; beaucoup de SKIP : le filtre refuse souvent — sagesse ou marché trop sale. Portefeuille : Ace -8.54$, Hulk -5.06$, total -13.60$. Synthèse : sentiment neutre à légèrement positif. On laisse tourner le setup ; je sniffe, je ne décide pas à ta place.
[sentiment=NEUTRE]
[voix:edge:fr-FR-VivienneMultilingualNeural] Cortana. Résumé Cortana, mode pédagogique. Climat calme, score quatre-vingt-huit sur cent. Avis climat : calme, score quatre-vingt-huit — thermo plutôt clément …
[voix:ok] Cortana. Résumé Cortana, mode pédagogique. Climat calme, score quatre-vingt-huit sur cent. Avis climat : calme, score quatre-vingt-huit — thermo plutôt clément ; bon pour observer, pas une invitation …
THERMO_OK climate=ok score=89
THERMO_LIVE /Users/christophe/ace777-test-day1/Index_Maison/thermo/live.json
FUNDING now=9e-06 avg30=5.714e-05 prevMonth=6.067e-05
MISSION_OK combo=-8.5387 cycle=585 alert=red since=2026-08-02T00:00Z
  ALPHA fills=4 pnl=-9.285 (life fills=4 pnl=-9.285)
  BETA  fills=33 pnl=0.7463 (life fills=33 pnl=0.7463)
  HULK  bags=5 pnl=-5.0617
Résumé Cortana, mode pédagogique. Climat calme, score 89 sur cent. Avis climat : calme, score 89 — thermo plutôt clément ; bon pour observer, pas une invitation à monter le risque. Bitcoin cours 64118 dollars, une heure -0.17%, quatre heures -0.05%, vingt-quatre heures 0.88%. Avis prix : sur une heure, le bitcoin bouge peu — marché plutôt plat. Taux de financement actuel 0.000009, moyenne trente jours 0.000057, mois précédent 0.000061. Avis : un peu plus bas que la moyenne des trente jours, et sous la moyenne du mois précédent. En clair : funding positif soft — les longs paient encore les shorts, rien d’extrême Ratio long court 1.25, intérêt ouvert 1e+05, ratio acheteur 1.1. Avis positionnement : équilibre long-court assez classique ; l’intérêt ouvert donne la taille des paris ouverts — à croiser avec le prix, pas seul. Baleines : 1 grosses transactions, environ 6e+05 dollars. Avis baleines : 1 print(s) au-dessus du seuil — activité institutionnelle ou whale possible, à croiser avec le prix. Ace en direct, 1016 passés, bénéfice session -8.54$, chaleur 3e+01. Avis stacks : chaleur Ace élevée — beaucoup d’activité ou de stress moteur ; session Ace en recul — normal de ralentir les conclusions ; beaucoup de SKIP : le filtre refuse souvent — sagesse ou marché trop sale. Portefeuille : Ace -8.54$, Hulk -5.06$, total -13.60$. Synthèse : sentiment neutre à légèrement positif. On laisse tourner le setup ; je sniffe, je ne décide pas à ta place.
[sentiment=NEUTRE]
[voix:edge:fr-FR-VivienneMultilingualNeural] Cortana. Résumé Cortana, mode pédagogique. Climat calme, score quatre-vingt-neuf sur cent. Avis climat : calme, score quatre-vingt-neuf — thermo plutôt clément …
[voix:ok] Cortana. Résumé Cortana, mode pédagogique. Climat calme, score quatre-vingt-neuf sur cent. Avis climat : calme, score quatre-vingt-neuf — thermo plutôt clément ; bon pour observer, pas une invitation …
THERMO_OK climate=ok score=87
THERMO_LIVE /Users/christophe/ace777-test-day1/Index_Maison/thermo/live.json
FUNDING now=1.6e-05 avg30=5.657e-05 prevMonth=6.081e-05
MISSION_OK combo=-8.5387 cycle=585 alert=red since=2026-08-02T00:00Z
  ALPHA fills=4 pnl=-9.285 (life fills=4 pnl=-9.285)
  BETA  fills=33 pnl=0.7463 (life fills=33 pnl=0.7463)
  HULK  bags=5 pnl=-5.0617
Résumé Cortana, mode pédagogique. Climat calme, score 87 sur cent. Avis climat : calme, score 87 — thermo plutôt clément ; bon pour observer, pas une invitation à monter le risque. Bitcoin cours 64161 dollars, une heure 0.03%, quatre heures 0.03%, vingt-quatre heures 0.93%. Avis prix : sur une heure, le bitcoin bouge peu — marché plutôt plat. Taux de financement actuel 0.000016, moyenne trente jours 0.000057, mois précédent 0.000061. Avis : un peu plus bas que la moyenne des trente jours, et sous la moyenne du mois précédent. En clair : funding positif soft — les longs paient encore les shorts, rien d’extrême Ratio long court 1.27, intérêt ouvert 1e+05, ratio acheteur 1.1. Avis positionnement : équilibre long-court assez classique ; l’intérêt ouvert donne la taille des paris ouverts — à croiser avec le prix, pas seul. Baleines : 0 grosses transactions, environ 0 dollars. Avis baleines : pas de gros print proxy pour l’instant — silence ne veut pas dire calme absolu, juste rien d’énorme sur l’échantillon. Ace en direct, 1016 passés, bénéfice session -8.54$, chaleur 3e+01. Avis stacks : chaleur Ace élevée — beaucoup d’activité ou de stress moteur ; session Ace en recul — normal de ralentir les conclusions ; beaucoup de SKIP : le filtre refuse souvent — sagesse ou marché trop sale. Portefeuille : Ace -8.54$, Hulk -5.06$, total -13.60$. Synthèse : sentiment neutre à légèrement positif. On laisse tourner le setup ; je sniffe, je ne décide pas à ta place.
[sentiment=NEUTRE]
[voix:edge:fr-FR-VivienneMultilingualNeural] Cortana. Résumé Cortana, mode pédagogique. Climat calme, score quatre-vingt-sept sur cent. Avis climat : calme, score quatre-vingt-sept — thermo plutôt clément …
[voix:ok] Cortana. Résumé Cortana, mode pédagogique. Climat calme, score quatre-vingt-sept sur cent. Avis climat : calme, score quatre-vingt-sept — thermo plutôt clément ; bon pour observer, pas une invitation …
THERMO_OK climate=ok score=86
THERMO_LIVE /Users/christophe/ace777-test-day1/Index_Maison/thermo/live.json
FUNDING now=2.9e-05 avg30=5.657e-05 prevMonth=6.081e-05
MISSION_OK combo=-8.5387 cycle=585 alert=red since=2026-08-02T00:00Z
  ALPHA fills=4 pnl=-9.285 (life fills=4 pnl=-9.285)
  BETA  fills=33 pnl=0.7463 (life fills=33 pnl=0.7463)
  HULK  bags=5 pnl=-5.0617
Résumé Cortana, mode pédagogique. Climat calme, score 86 sur cent. Avis climat : calme, score 86 — thermo plutôt clément ; bon pour observer, pas une invitation à monter le risque. Bitcoin cours 64131 dollars, une heure 0.05%, quatre heures -0.28%, vingt-quatre heures 0.89%. Avis prix : sur une heure, le bitcoin bouge peu — marché plutôt plat. Taux de financement actuel 0.000029, moyenne trente jours 0.000057, mois précédent 0.000061. Avis : un peu plus bas que la moyenne des trente jours, et sous la moyenne du mois précédent. En clair : funding positif soft — les longs paient encore les shorts, rien d’extrême Ratio long court 1.29, intérêt ouvert 1e+05, ratio acheteur 0.96. Avis positionnement : équilibre long-court assez classique ; l’intérêt ouvert donne la taille des paris ouverts — à croiser avec le prix, pas seul. Baleines : 0 grosses transactions, environ 0 dollars. Avis baleines : pas de gros print proxy pour l’instant — silence ne veut pas dire calme absolu, juste rien d’énorme sur l’échantillon. Ace en direct, 1016 passés, bénéfice session -8.54$, chaleur 3e+01. Avis stacks : chaleur Ace élevée — beaucoup d’activité ou de stress moteur ; session Ace en recul — normal de ralentir les conclusions ; beaucoup de SKIP : le filtre refuse souvent — sagesse ou marché trop sale. Portefeuille : Ace -8.54$, Hulk -5.06$, total -13.60$. Synthèse : sentiment neutre à légèrement positif. On laisse tourner le setup ; je sniffe, je ne décide pas à ta place.
[sentiment=NEUTRE]
[voix:edge:fr-FR-VivienneMultilingualNeural] Cortana. Résumé Cortana, mode pédagogique. Climat calme, score quatre-vingt-six sur cent. Avis climat : calme, score quatre-vingt-six — thermo plutôt clément ; …
[voix:ok] Cortana. Résumé Cortana, mode pédagogique. Climat calme, score quatre-vingt-six sur cent. Avis climat : calme, score quatre-vingt-six — thermo plutôt clément ; bon pour observer, pas une invitation à …
THERMO_OK climate=ok score=84
THERMO_LIVE /Users/christophe/ace777-test-day1/Index_Maison/thermo/live.json
FUNDING now=3.7e-05 avg30=5.657e-05 prevMonth=6.081e-05
MISSION_OK combo=-8.5387 cycle=585 alert=red since=2026-08-02T00:00Z
  ALPHA fills=4 pnl=-9.285 (life fills=4 pnl=-9.285)
  BETA  fills=33 pnl=0.7463 (life fills=33 pnl=0.7463)
  HULK  bags=5 pnl=-5.0617
Résumé Cortana, mode pédagogique. Climat calme, score 84 sur cent. Avis climat : calme, score 84 — thermo plutôt clément ; bon pour observer, pas une invitation à monter le risque. Bitcoin cours 64215 dollars, une heure 0.12%, quatre heures -0.03%, vingt-quatre heures 1.14%. Avis prix : sur une heure, le bitcoin bouge peu — marché plutôt plat. Taux de financement actuel 0.000037, moyenne trente jours 0.000057, mois précédent 0.000061. Avis : un peu plus bas que la moyenne des trente jours, et sous la moyenne du mois précédent. En clair : funding positif soft — les longs paient encore les shorts, rien d’extrême Ratio long court 1.3, intérêt ouvert 1e+05, ratio acheteur 0.72. Avis positionnement : équilibre long-court assez classique ; les vendeurs agressifs dominent un peu (taker) ; l’intérêt ouvert donne la taille des paris ouverts — à croiser avec le prix, pas seul. Baleines : 1 grosses transactions, environ 9e+05 dollars. Avis baleines : 1 print(s) au-dessus du seuil — activité institutionnelle ou whale possible, à croiser avec le prix. Ace en direct, 1016 passés, bénéfice session -8.54$, chaleur 3e+01. Avis stacks : chaleur Ace élevée — beaucoup d’activité ou de stress moteur ; session Ace en recul — normal de ralentir les conclusions ; beaucoup de SKIP : le filtre refuse souvent — sagesse ou marché trop sale. Portefeuille : Ace -8.54$, Hulk -5.06$, total -13.60$. Synthèse : sentiment neutre à légèrement positif. On laisse tourner le setup ; je sniffe, je ne décide pas à ta place.
[sentiment=NEUTRE]
[voix:edge:fr-FR-VivienneMultilingualNeural] Cortana. Résumé Cortana, mode pédagogique. Climat calme, score quatre-vingt-quatre sur cent. Avis climat : calme, score quatre-vingt-quatre — thermo plutôt clém…
[voix:ok] Cortana. Résumé Cortana, mode pédagogique. Climat calme, score quatre-vingt-quatre sur cent. Avis climat : calme, score quatre-vingt-quatre — thermo plutôt clément ; bon pour observer, pas une invitat…
THERMO_OK climate=ok score=88
THERMO_LIVE /Users/christophe/ace777-test-day1/Index_Maison/thermo/live.json
FUNDING now=3.6e-05 avg30=5.657e-05 prevMonth=6.081e-05
MISSION_OK combo=-8.5387 cycle=585 alert=red since=2026-08-02T00:00Z
  ALPHA fills=4 pnl=-9.285 (life fills=4 pnl=-9.285)
  BETA  fills=33 pnl=0.7463 (life fills=33 pnl=0.7463)
  HULK  bags=5 pnl=-5.0617
Résumé Cortana, mode pédagogique. Climat calme, score 88 sur cent. Avis climat : calme, score 88 — thermo plutôt clément ; bon pour observer, pas une invitation à monter le risque. Bitcoin cours 64031 dollars, une heure -0.01%, quatre heures -0.18%, vingt-quatre heures 0.43%. Avis prix : sur une heure, le bitcoin bouge peu — marché plutôt plat ; journée plutôt range. Taux de financement actuel 0.000036, moyenne trente jours 0.000057, mois précédent 0.000061. Avis : un peu plus bas que la moyenne des trente jours, et sous la moyenne du mois précédent. En clair : funding positif soft — les longs paient encore les shorts, rien d’extrême Ratio long court 1.3, intérêt ouvert 1e+05, ratio acheteur 0.76. Avis positionnement : équilibre long-court assez classique ; les vendeurs agressifs dominent un peu (taker) ; l’intérêt ouvert donne la taille des paris ouverts — à croiser avec le prix, pas seul. Baleines : 0 grosses transactions, environ 0 dollars. Avis baleines : pas de gros print proxy pour l’instant — silence ne veut pas dire calme absolu, juste rien d’énorme sur l’échantillon. Ace en direct, 1016 passés, bénéfice session -8.54$, chaleur 3e+01. Avis stacks : chaleur Ace élevée — beaucoup d’activité ou de stress moteur ; session Ace en recul — normal de ralentir les conclusions ; beaucoup de SKIP : le filtre refuse souvent — sagesse ou marché trop sale. Portefeuille : Ace -8.54$, Hulk -5.06$, total -13.60$. Synthèse : sentiment neutre à légèrement positif. On laisse tourner le setup ; je sniffe, je ne décide pas à ta place.
[sentiment=NEUTRE]
[voix:edge:fr-FR-VivienneMultilingualNeural] Cortana. Résumé Cortana, mode pédagogique. Climat calme, score quatre-vingt-huit sur cent. Avis climat : calme, score quatre-vingt-huit — thermo plutôt clément …
[voix:ok] Cortana. Résumé Cortana, mode pédagogique. Climat calme, score quatre-vingt-huit sur cent. Avis climat : calme, score quatre-vingt-huit — thermo plutôt clément ; bon pour observer, pas une invitation …
THERMO_OK climate=ok score=84
THERMO_LIVE /Users/christophe/ace777-test-day1/Index_Maison/thermo/live.json
FUNDING now=4.1e-05 avg30=5.657e-05 prevMonth=6.081e-05
MISSION_OK combo=-8.5387 cycle=585 alert=red since=2026-08-02T00:00Z
  ALPHA fills=4 pnl=-9.285 (life fills=4 pnl=-9.285)
  BETA  fills=33 pnl=0.7463 (life fills=33 pnl=0.7463)
  HULK  bags=5 pnl=-5.0617
Résumé Cortana, mode pédagogique. Climat calme, score 84 sur cent. Avis climat : calme, score 84 — thermo plutôt clément ; bon pour observer, pas une invitation à monter le risque. Bitcoin cours 64390 dollars, une heure 0.55%, quatre heures 0.47%, vingt-quatre heures 0.93%. Avis prix : sur une heure, légère hausse. Taux de financement actuel 0.000041, moyenne trente jours 0.000057, mois précédent 0.000061. Avis : un peu plus bas que la moyenne des trente jours, et sous la moyenne du mois précédent. En clair : funding positif soft — les longs paient encore les shorts, rien d’extrême Ratio long court 1.31, intérêt ouvert 1e+05, ratio acheteur 1. Avis positionnement : équilibre long-court assez classique ; l’intérêt ouvert donne la taille des paris ouverts — à croiser avec le prix, pas seul. Baleines : 1 grosses transactions, environ 5e+05 dollars. Avis baleines : 1 print(s) au-dessus du seuil — activité institutionnelle ou whale possible, à croiser avec le prix. Ace en direct, 1016 passés, bénéfice session -8.54$, chaleur 3e+01. Avis stacks : chaleur Ace élevée — beaucoup d’activité ou de stress moteur ; session Ace en recul — normal de ralentir les conclusions ; beaucoup de SKIP : le filtre refuse souvent — sagesse ou marché trop sale. Portefeuille : Ace -8.54$, Hulk -5.06$, total -13.60$. Synthèse : sentiment neutre à légèrement positif. On laisse tourner le setup ; je sniffe, je ne décide pas à ta place.
[sentiment=NEUTRE]
[voix:edge:fr-FR-VivienneMultilingualNeural] Cortana. Résumé Cortana, mode pédagogique. Climat calme, score quatre-vingt-quatre sur cent. Avis climat : calme, score quatre-vingt-quatre — thermo plutôt clém…
[voix:ok] Cortana. Résumé Cortana, mode pédagogique. Climat calme, score quatre-vingt-quatre sur cent. Avis climat : calme, score quatre-vingt-quatre — thermo plutôt clément ; bon pour observer, pas une invitat…
THERMO_OK climate=ok score=90
THERMO_LIVE /Users/christophe/ace777-test-day1/Index_Maison/thermo/live.json
FUNDING now=3.8e-05 avg30=5.657e-05 prevMonth=6.081e-05
MISSION_OK combo=-8.5387 cycle=585 alert=red since=2026-08-02T00:00Z
  ALPHA fills=4 pnl=-9.285 (life fills=4 pnl=-9.285)
  BETA  fills=33 pnl=0.7463 (life fills=33 pnl=0.7463)
  HULK  bags=5 pnl=-5.0617
Résumé Cortana, mode pédagogique. Climat calme, score 90 sur cent. Avis climat : calme, score 90 — thermo plutôt clément ; bon pour observer, pas une invitation à monter le risque. Bitcoin cours 63871 dollars, une heure -0.70%, quatre heures -0.44%, vingt-quatre heures -0.16%. Avis prix : sur une heure, légère baisse ; journée plutôt range. Taux de financement actuel 0.000038, moyenne trente jours 0.000057, mois précédent 0.000061. Avis : un peu plus bas que la moyenne des trente jours, et sous la moyenne du mois précédent. En clair : funding positif soft — les longs paient encore les shorts, rien d’extrême Ratio long court 1.25, intérêt ouvert 1e+05, ratio acheteur 1. Avis positionnement : équilibre long-court assez classique ; l’intérêt ouvert donne la taille des paris ouverts — à croiser avec le prix, pas seul. Baleines : 1 grosses transactions, environ 8e+05 dollars. Avis baleines : 1 print(s) au-dessus du seuil — activité institutionnelle ou whale possible, à croiser avec le prix. Ace en direct, 1016 passés, bénéfice session -8.54$, chaleur 3e+01. Avis stacks : chaleur Ace élevée — beaucoup d’activité ou de stress moteur ; session Ace en recul — normal de ralentir les conclusions ; beaucoup de SKIP : le filtre refuse souvent — sagesse ou marché trop sale. Portefeuille : Ace -8.54$, Hulk -5.06$, total -13.60$. Synthèse : sentiment neutre à légèrement positif. On laisse tourner le setup ; je sniffe, je ne décide pas à ta place.
[sentiment=NEUTRE]
[voix:edge:fr-FR-VivienneMultilingualNeural] Cortana. Résumé Cortana, mode pédagogique. Climat calme, score quatre-vingt-dix sur cent. Avis climat : calme, score quatre-vingt-dix — thermo plutôt clément ; …
[voix:ok] Cortana. Résumé Cortana, mode pédagogique. Climat calme, score quatre-vingt-dix sur cent. Avis climat : calme, score quatre-vingt-dix — thermo plutôt clément ; bon pour observer, pas une invitation à …
THERMO_OK climate=ok score=86
THERMO_LIVE /Users/christophe/ace777-test-day1/Index_Maison/thermo/live.json
FUNDING now=4.3e-05 avg30=5.657e-05 prevMonth=6.081e-05
MISSION_OK combo=-8.5387 cycle=585 alert=red since=2026-08-02T00:00Z
  ALPHA fills=4 pnl=-9.285 (life fills=4 pnl=-9.285)
  BETA  fills=33 pnl=0.7463 (life fills=33 pnl=0.7463)
  HULK  bags=5 pnl=-5.0617
Résumé Cortana, mode pédagogique. Climat calme, score 86 sur cent. Avis climat : calme, score 86 — thermo plutôt clément ; bon pour observer, pas une invitation à monter le risque. Bitcoin cours 64292 dollars, une heure -0.15%, quatre heures 0.40%, vingt-quatre heures 0.58%. Avis prix : sur une heure, le bitcoin bouge peu — marché plutôt plat. Taux de financement actuel 0.000043, moyenne trente jours 0.000057, mois précédent 0.000061. Avis : un peu plus bas que la moyenne des trente jours, et sous la moyenne du mois précédent. En clair : funding positif soft — les longs paient encore les shorts, rien d’extrême Ratio long court 1.29, intérêt ouvert 1e+05, ratio acheteur 0.97. Avis positionnement : équilibre long-court assez classique ; l’intérêt ouvert donne la taille des paris ouverts — à croiser avec le prix, pas seul. Baleines : 0 grosses transactions, environ 0 dollars. Avis baleines : pas de gros print proxy pour l’instant — silence ne veut pas dire calme absolu, juste rien d’énorme sur l’échantillon. Ace en direct, 1016 passés, bénéfice session -8.54$, chaleur 3e+01. Avis stacks : chaleur Ace élevée — beaucoup d’activité ou de stress moteur ; session Ace en recul — normal de ralentir les conclusions ; beaucoup de SKIP : le filtre refuse souvent — sagesse ou marché trop sale. Portefeuille : Ace -8.54$, Hulk -5.06$, total -13.60$. Synthèse : sentiment neutre à légèrement positif. On laisse tourner le setup ; je sniffe, je ne décide pas à ta place.
[sentiment=NEUTRE]
[voix:edge:fr-FR-VivienneMultilingualNeural] Cortana. Résumé Cortana, mode pédagogique. Climat calme, score quatre-vingt-six sur cent. Avis climat : calme, score quatre-vingt-six — thermo plutôt clément ; …
[voix:ok] Cortana. Résumé Cortana, mode pédagogique. Climat calme, score quatre-vingt-six sur cent. Avis climat : calme, score quatre-vingt-six — thermo plutôt clément ; bon pour observer, pas une invitation à …
THERMO_OK climate=ok score=87
THERMO_LIVE /Users/christophe/ace777-test-day1/Index_Maison/thermo/live.json
FUNDING now=3.1e-05 avg30=5.657e-05 prevMonth=6.081e-05
MISSION_OK combo=-8.5387 cycle=585 alert=red since=2026-08-02T00:00Z
  ALPHA fills=4 pnl=-9.285 (life fills=4 pnl=-9.285)
  BETA  fills=33 pnl=0.7463 (life fills=33 pnl=0.7463)
  HULK  bags=5 pnl=-5.0617
Résumé Cortana, mode pédagogique. Climat calme, score 87 sur cent. Avis climat : calme, score 87 — thermo plutôt clément ; bon pour observer, pas une invitation à monter le risque. Bitcoin cours 64566 dollars, une heure 0.19%, quatre heures 0.81%, vingt-quatre heures 0.96%. Avis prix : sur une heure, le bitcoin bouge peu — marché plutôt plat. Taux de financement actuel 0.000031, moyenne trente jours 0.000057, mois précédent 0.000061. Avis : un peu plus bas que la moyenne des trente jours, et sous la moyenne du mois précédent. En clair : funding positif soft — les longs paient encore les shorts, rien d’extrême Ratio long court 1.22, intérêt ouvert 1e+05, ratio acheteur 1. Avis positionnement : équilibre long-court assez classique ; l’intérêt ouvert donne la taille des paris ouverts — à croiser avec le prix, pas seul. Baleines : 0 grosses transactions, environ 0 dollars. Avis baleines : pas de gros print proxy pour l’instant — silence ne veut pas dire calme absolu, juste rien d’énorme sur l’échantillon. Ace en direct, 1016 passés, bénéfice session -8.54$, chaleur 3e+01. Avis stacks : chaleur Ace élevée — beaucoup d’activité ou de stress moteur ; session Ace en recul — normal de ralentir les conclusions ; beaucoup de SKIP : le filtre refuse souvent — sagesse ou marché trop sale. Portefeuille : Ace -8.54$, Hulk -5.06$, total -13.60$. Synthèse : sentiment neutre à légèrement positif. On laisse tourner le setup ; je sniffe, je ne décide pas à ta place.
[sentiment=NEUTRE]
[voix:edge:fr-FR-VivienneMultilingualNeural] Cortana. Résumé Cortana, mode pédagogique. Climat calme, score quatre-vingt-sept sur cent. Avis climat : calme, score quatre-vingt-sept — thermo plutôt clément …
[voix:ok] Cortana. Résumé Cortana, mode pédagogique. Climat calme, score quatre-vingt-sept sur cent. Avis climat : calme, score quatre-vingt-sept — thermo plutôt clément ; bon pour observer, pas une invitation …
THERMO_OK climate=ok score=87
THERMO_LIVE /Users/christophe/ace777-test-day1/Index_Maison/thermo/live.json
FUNDING now=2.5e-05 avg30=5.576e-05 prevMonth=6.043e-05
MISSION_OK combo=-8.5387 cycle=585 alert=red since=2026-08-02T00:00Z
  ALPHA fills=4 pnl=-9.285 (life fills=4 pnl=-9.285)
  BETA  fills=33 pnl=0.7463 (life fills=33 pnl=0.7463)
  HULK  bags=5 pnl=-5.0617
Résumé Cortana, mode pédagogique. Climat calme, score 87 sur cent. Avis climat : calme, score 87 — thermo plutôt clément ; bon pour observer, pas une invitation à monter le risque. Bitcoin cours 64618 dollars, une heure 0.40%, quatre heures 0.49%, vingt-quatre heures 1.08%. Avis prix : sur une heure, légère hausse. Taux de financement actuel 0.000025, moyenne trente jours 0.000056, mois précédent 0.00006. Avis : un peu plus bas que la moyenne des trente jours, et sous la moyenne du mois précédent. En clair : funding positif soft — les longs paient encore les shorts, rien d’extrême Ratio long court 1.2, intérêt ouvert 1e+05, ratio acheteur 1.3. Avis positionnement : équilibre long-court assez classique ; les acheteurs agressifs dominent un peu (taker) ; l’intérêt ouvert donne la taille des paris ouverts — à croiser avec le prix, pas seul. Baleines : 1 grosses transactions, environ 7e+05 dollars. Avis baleines : 1 print(s) au-dessus du seuil — activité institutionnelle ou whale possible, à croiser avec le prix. Ace en direct, 1016 passés, bénéfice session -8.54$, chaleur 3e+01. Avis stacks : chaleur Ace élevée — beaucoup d’activité ou de stress moteur ; session Ace en recul — normal de ralentir les conclusions ; beaucoup de SKIP : le filtre refuse souvent — sagesse ou marché trop sale. Portefeuille : Ace -8.54$, Hulk -5.06$, total -13.60$. Synthèse : sentiment neutre à légèrement positif. On laisse tourner le setup ; je sniffe, je ne décide pas à ta place.
[sentiment=NEUTRE]
[voix:edge:fr-FR-VivienneMultilingualNeural] Cortana. Résumé Cortana, mode pédagogique. Climat calme, score quatre-vingt-sept sur cent. Avis climat : calme, score quatre-vingt-sept — thermo plutôt clément …
[voix:ok] Cortana. Résumé Cortana, mode pédagogique. Climat calme, score quatre-vingt-sept sur cent. Avis climat : calme, score quatre-vingt-sept — thermo plutôt clément ; bon pour observer, pas une invitation …
THERMO_OK climate=ok score=88
THERMO_LIVE /Users/christophe/ace777-test-day1/Index_Maison/thermo/live.json
FUNDING now=2e-05 avg30=5.576e-05 prevMonth=6.043e-05
MISSION_OK combo=-8.5387 cycle=585 alert=red since=2026-08-02T00:00Z
  ALPHA fills=4 pnl=-9.285 (life fills=4 pnl=-9.285)
  BETA  fills=33 pnl=0.7463 (life fills=33 pnl=0.7463)
  HULK  bags=5 pnl=-5.0617
Résumé Cortana, mode pédagogique. Climat calme, score 88 sur cent. Avis climat : calme, score 88 — thermo plutôt clément ; bon pour observer, pas une invitation à monter le risque. Bitcoin cours 64694 dollars, une heure 0.10%, quatre heures 0.48%, vingt-quatre heures 1.08%. Avis prix : sur une heure, le bitcoin bouge peu — marché plutôt plat. Taux de financement actuel 0.00002, moyenne trente jours 0.000056, mois précédent 0.00006. Avis : un peu plus bas que la moyenne des trente jours, et sous la moyenne du mois précédent. En clair : funding positif soft — les longs paient encore les shorts, rien d’extrême Ratio long court 1.18, intérêt ouvert 1e+05, ratio acheteur 1.1. Avis positionnement : équilibre long-court assez classique ; l’intérêt ouvert donne la taille des paris ouverts — à croiser avec le prix, pas seul. Baleines : 1 grosses transactions, environ 8e+05 dollars. Avis baleines : 1 print(s) au-dessus du seuil — activité institutionnelle ou whale possible, à croiser avec le prix. Ace en direct, 1016 passés, bénéfice session -8.54$, chaleur 3e+01. Avis stacks : chaleur Ace élevée — beaucoup d’activité ou de stress moteur ; session Ace en recul — normal de ralentir les conclusions ; beaucoup de SKIP : le filtre refuse souvent — sagesse ou marché trop sale. Portefeuille : Ace -8.54$, Hulk -5.06$, total -13.60$. Synthèse : sentiment neutre à légèrement positif. On laisse tourner le setup ; je sniffe, je ne décide pas à ta place.
[sentiment=NEUTRE]
[voix:edge:fr-FR-VivienneMultilingualNeural] Cortana. Résumé Cortana, mode pédagogique. Climat calme, score quatre-vingt-huit sur cent. Avis climat : calme, score quatre-vingt-huit — thermo plutôt clément …
[voix:ok] Cortana. Résumé Cortana, mode pédagogique. Climat calme, score quatre-vingt-huit sur cent. Avis climat : calme, score quatre-vingt-huit — thermo plutôt clément ; bon pour observer, pas une invitation …
THERMO_OK climate=ok score=91
THERMO_LIVE /Users/christophe/ace777-test-day1/Index_Maison/thermo/live.json
FUNDING now=1.2e-05 avg30=5.576e-05 prevMonth=6.043e-05
MISSION_OK combo=-8.5387 cycle=585 alert=red since=2026-08-02T00:00Z
  ALPHA fills=4 pnl=-9.285 (life fills=4 pnl=-9.285)
  BETA  fills=33 pnl=0.7463 (life fills=33 pnl=0.7463)
  HULK  bags=5 pnl=-5.0617
Résumé Cortana, mode pédagogique. Climat calme, score 91 sur cent. Avis climat : calme, score 91 — thermo plutôt clément ; bon pour observer, pas une invitation à monter le risque. Bitcoin cours 64742 dollars, une heure 0.01%, quatre heures 0.46%, vingt-quatre heures 0.74%. Avis prix : sur une heure, le bitcoin bouge peu — marché plutôt plat. Taux de financement actuel 0.000012, moyenne trente jours 0.000056, mois précédent 0.00006. Avis : un peu plus bas que la moyenne des trente jours, et sous la moyenne du mois précédent. En clair : funding positif soft — les longs paient encore les shorts, rien d’extrême Ratio long court 1.17, intérêt ouvert 1e+05, ratio acheteur 1.3. Avis positionnement : équilibre long-court assez classique ; les acheteurs agressifs dominent un peu (taker) ; l’intérêt ouvert donne la taille des paris ouverts — à croiser avec le prix, pas seul. Baleines : 1 grosses transactions, environ 6e+05 dollars. Avis baleines : 1 print(s) au-dessus du seuil — activité institutionnelle ou whale possible, à croiser avec le prix. Ace en direct, 1016 passés, bénéfice session -8.54$, chaleur 3e+01. Avis stacks : chaleur Ace élevée — beaucoup d’activité ou de stress moteur ; session Ace en recul — normal de ralentir les conclusions ; beaucoup de SKIP : le filtre refuse souvent — sagesse ou marché trop sale. Portefeuille : Ace -8.54$, Hulk -5.06$, total -13.60$. Synthèse : sentiment neutre à légèrement positif. On laisse tourner le setup ; je sniffe, je ne décide pas à ta place.
[sentiment=NEUTRE]
[voix:edge:fr-FR-VivienneMultilingualNeural] Cortana. Résumé Cortana, mode pédagogique. Climat calme, score quatre-vingt-onze sur cent. Avis climat : calme, score quatre-vingt-onze — thermo plutôt clément …
[voix:ok] Cortana. Résumé Cortana, mode pédagogique. Climat calme, score quatre-vingt-onze sur cent. Avis climat : calme, score quatre-vingt-onze — thermo plutôt clément ; bon pour observer, pas une invitation …
THERMO_OK climate=ok score=95 DEGRADED=oi,mark,funding,chg24,fearGreed
THERMO_LIVE /Users/christophe/ace777-test-day1/Index_Maison/thermo/live.json
FUNDING now=1.2e-05 avg30=None prevMonth=None
MISSION_OK combo=-8.5387 cycle=585 alert=red since=2026-08-02T00:00Z
  ALPHA fills=4 pnl=-9.285 (life fills=4 pnl=-9.285)
  BETA  fills=33 pnl=0.7463 (life fills=33 pnl=0.7463)
  HULK  bags=5 pnl=-5.0617
Résumé Cortana, mode pédagogique. Climat calme, score 95 sur cent. Avis climat : calme, score 95 — thermo plutôt clément ; bon pour observer, pas une invitation à monter le risque. Bitcoin cours 64737 dollars, une heure n/d, quatre heures n/d, vingt-quatre heures 0.71%. Avis prix : lecture incomplète. Taux de financement actuel 0.000012, moyenne trente jours non disponible, mois précédent non disponible. Avis : En clair : funding positif soft — les longs paient encore les shorts, rien d’extrême.  Ratio long court n/d, intérêt ouvert 1e+05, ratio acheteur n/d. Avis positionnement : l’intérêt ouvert donne la taille des paris ouverts — à croiser avec le prix, pas seul. Baleines : 0 grosses transactions, environ 0 dollars. Avis baleines : pas de gros print proxy pour l’instant — silence ne veut pas dire calme absolu, juste rien d’énorme sur l’échantillon. Ace en direct, 1016 passés, bénéfice session -8.54$, chaleur 3e+01. Avis stacks : chaleur Ace élevée — beaucoup d’activité ou de stress moteur ; session Ace en recul — normal de ralentir les conclusions ; beaucoup de SKIP : le filtre refuse souvent — sagesse ou marché trop sale. Portefeuille : Ace -8.54$, Hulk -5.06$, total -13.60$. Synthèse : sentiment neutre à légèrement positif. On laisse tourner le setup ; je sniffe, je ne décide pas à ta place.
[sentiment=NEUTRE]
[voix:WARN] edge KO (gen_fail) — pas de repli say (CORTANA_TTS=edge)
[voix:edge:fr-FR-VivienneMultilingualNeural:echec_gen] Cortana. Résumé Cortana, mode pédagogique. Climat calme, score quatre-vingt-quinze sur cent. Avis climat : calme, score quatre-vingt-quinze — thermo plutôt clém…
[voix:ok] Cortana. Résumé Cortana, mode pédagogique. Climat calme, score quatre-vingt-quinze sur cent. Avis climat : calme, score quatre-vingt-quinze — thermo plutôt clément ; bon pour observer, pas une invitat…
THERMO_OK climate=ok score=95 DEGRADED=oi,mark,funding,chg24,fearGreed
THERMO_LIVE /Users/christophe/ace777-test-day1/Index_Maison/thermo/live.json
FUNDING now=1.2e-05 avg30=None prevMonth=None
MISSION_OK combo=-8.5387 cycle=585 alert=red since=2026-08-02T00:00Z
  ALPHA fills=4 pnl=-9.285 (life fills=4 pnl=-9.285)
  BETA  fills=33 pnl=0.7463 (life fills=33 pnl=0.7463)
  HULK  bags=5 pnl=-5.0617
Résumé Cortana, mode pédagogique. Climat calme, score 95 sur cent. Avis climat : calme, score 95 — thermo plutôt clément ; bon pour observer, pas une invitation à monter le risque. Bitcoin cours 64737 dollars, une heure n/d, quatre heures n/d, vingt-quatre heures 0.71%. Avis prix : lecture incomplète. Taux de financement actuel 0.000012, moyenne trente jours non disponible, mois précédent non disponible. Avis : En clair : funding positif soft — les longs paient encore les shorts, rien d’extrême.  Ratio long court n/d, intérêt ouvert 1e+05, ratio acheteur n/d. Avis positionnement : l’intérêt ouvert donne la taille des paris ouverts — à croiser avec le prix, pas seul. Baleines : 0 grosses transactions, environ 0 dollars. Avis baleines : pas de gros print proxy pour l’instant — silence ne veut pas dire calme absolu, juste rien d’énorme sur l’échantillon. Ace en direct, 1016 passés, bénéfice session -8.54$, chaleur 3e+01. Avis stacks : chaleur Ace élevée — beaucoup d’activité ou de stress moteur ; session Ace en recul — normal de ralentir les conclusions ; beaucoup de SKIP : le filtre refuse souvent — sagesse ou marché trop sale. Portefeuille : Ace -8.54$, Hulk -5.06$, total -13.60$. Synthèse : sentiment neutre à légèrement positif. On laisse tourner le setup ; je sniffe, je ne décide pas à ta place.
[sentiment=NEUTRE]
[voix:WARN] edge KO (gen_fail) — pas de repli say (CORTANA_TTS=edge)
[voix:edge:fr-FR-VivienneMultilingualNeural:echec_gen] Cortana. Résumé Cortana, mode pédagogique. Climat calme, score quatre-vingt-quinze sur cent. Avis climat : calme, score quatre-vingt-quinze — thermo plutôt clém…
[voix:ok] Cortana. Résumé Cortana, mode pédagogique. Climat calme, score quatre-vingt-quinze sur cent. Avis climat : calme, score quatre-vingt-quinze — thermo plutôt clément ; bon pour observer, pas une invitat…
THERMO_OK climate=ok score=89
THERMO_LIVE /Users/christophe/ace777-test-day1/Index_Maison/thermo/live.json
FUNDING now=3.3e-05 avg30=5.576e-05 prevMonth=6.043e-05
MISSION_OK combo=-8.5387 cycle=585 alert=red since=2026-08-02T00:00Z
  ALPHA fills=4 pnl=-9.285 (life fills=4 pnl=-9.285)
  BETA  fills=33 pnl=0.7463 (life fills=33 pnl=0.7463)
  HULK  bags=5 pnl=-5.0617
Résumé Cortana, mode pédagogique. Climat calme, score 89 sur cent. Avis climat : calme, score 89 — thermo plutôt clément ; bon pour observer, pas une invitation à monter le risque. Bitcoin cours 64716 dollars, une heure -0.14%, quatre heures -0.03%, vingt-quatre heures 0.88%. Avis prix : sur une heure, le bitcoin bouge peu — marché plutôt plat. Taux de financement actuel 0.000033, moyenne trente jours 0.000056, mois précédent 0.00006. Avis : un peu plus bas que la moyenne des trente jours, et sous la moyenne du mois précédent. En clair : funding positif soft — les longs paient encore les shorts, rien d’extrême Ratio long court 1.15, intérêt ouvert 1e+05, ratio acheteur 1.7. Avis positionnement : équilibre long-court assez classique ; les acheteurs agressifs dominent un peu (taker) ; l’intérêt ouvert donne la taille des paris ouverts — à croiser avec le prix, pas seul. Baleines : 3 grosses transactions, environ 4e+06 dollars. Avis baleines : 3 gros print(s), somme élevée — quelqu’un de gros a frappé ; je note, je ne traduis pas ça en ordre. Ace en direct, 1016 passés, bénéfice session -8.54$, chaleur 3e+01. Avis stacks : chaleur Ace élevée — beaucoup d’activité ou de stress moteur ; session Ace en recul — normal de ralentir les conclusions ; beaucoup de SKIP : le filtre refuse souvent — sagesse ou marché trop sale. Portefeuille : Ace -8.54$, Hulk -5.06$, total -13.60$. Synthèse : sentiment neutre à légèrement positif. On laisse tourner le setup ; je sniffe, je ne décide pas à ta place.
[sentiment=NEUTRE]
[voix:edge:fr-FR-VivienneMultilingualNeural] Cortana. Résumé Cortana, mode pédagogique. Climat calme, score quatre-vingt-neuf sur cent. Avis climat : calme, score quatre-vingt-neuf — thermo plutôt clément …
[voix:ok] Cortana. Résumé Cortana, mode pédagogique. Climat calme, score quatre-vingt-neuf sur cent. Avis climat : calme, score quatre-vingt-neuf — thermo plutôt clément ; bon pour observer, pas une invitation …
THERMO_OK climate=ok score=89
THERMO_LIVE /Users/christophe/ace777-test-day1/Index_Maison/thermo/live.json
FUNDING now=5.1e-05 avg30=5.576e-05 prevMonth=6.043e-05
MISSION_OK combo=-8.5387 cycle=585 alert=red since=2026-08-02T00:00Z
  ALPHA fills=4 pnl=-9.285 (life fills=4 pnl=-9.285)
  BETA  fills=33 pnl=0.7463 (life fills=33 pnl=0.7463)
  HULK  bags=5 pnl=-5.0617
Résumé Cortana, mode pédagogique. Climat calme, score 89 sur cent. Avis climat : calme, score 89 — thermo plutôt clément ; bon pour observer, pas une invitation à monter le risque. Bitcoin cours 64616 dollars, une heure -0.15%, quatre heures -0.23%, vingt-quatre heures 0.61%. Avis prix : sur une heure, le bitcoin bouge peu — marché plutôt plat. Taux de financement actuel 0.000051, moyenne trente jours 0.000056, mois précédent 0.00006. Avis : un peu plus bas que la moyenne des trente jours, et sous la moyenne du mois précédent. En clair : funding positif soft — les longs paient encore les shorts, rien d’extrême Ratio long court 1.14, intérêt ouvert 1e+05, ratio acheteur 1.1. Avis positionnement : équilibre long-court assez classique ; l’intérêt ouvert donne la taille des paris ouverts — à croiser avec le prix, pas seul. Baleines : 1 grosses transactions, environ 1e+06 dollars. Avis baleines : 1 print(s) au-dessus du seuil — activité institutionnelle ou whale possible, à croiser avec le prix. Ace en direct, 1016 passés, bénéfice session -8.54$, chaleur 3e+01. Avis stacks : chaleur Ace élevée — beaucoup d’activité ou de stress moteur ; session Ace en recul — normal de ralentir les conclusions ; beaucoup de SKIP : le filtre refuse souvent — sagesse ou marché trop sale. Portefeuille : Ace -8.54$, Hulk -5.06$, total -13.60$. Synthèse : sentiment neutre à légèrement positif. On laisse tourner le setup ; je sniffe, je ne décide pas à ta place.
[sentiment=NEUTRE]
[voix:edge:fr-FR-VivienneMultilingualNeural] Cortana. Résumé Cortana, mode pédagogique. Climat calme, score quatre-vingt-neuf sur cent. Avis climat : calme, score quatre-vingt-neuf — thermo plutôt clément …
[voix:ok] Cortana. Résumé Cortana, mode pédagogique. Climat calme, score quatre-vingt-neuf sur cent. Avis climat : calme, score quatre-vingt-neuf — thermo plutôt clément ; bon pour observer, pas une invitation …
THERMO_OK climate=ok score=92 DEGRADED=oi,mark,funding,chg24,fearGreed
THERMO_LIVE /Users/christophe/ace777-test-day1/Index_Maison/thermo/live.json
FUNDING now=5.1e-05 avg30=None prevMonth=None
MISSION_OK combo=-8.5387 cycle=585 alert=red since=2026-08-02T00:00Z
  ALPHA fills=4 pnl=-9.285 (life fills=4 pnl=-9.285)
  BETA  fills=33 pnl=0.7463 (life fills=33 pnl=0.7463)
  HULK  bags=5 pnl=-5.0617
Résumé Cortana, mode pédagogique. Climat calme, score 92 sur cent. Avis climat : calme, score 92 — thermo plutôt clément ; bon pour observer, pas une invitation à monter le risque. Bitcoin cours 64616 dollars, une heure n/d, quatre heures n/d, vingt-quatre heures 0.61%. Avis prix : lecture incomplète. Taux de financement actuel 0.000051, moyenne trente jours non disponible, mois précédent non disponible. Avis : En clair : funding positif soft — les longs paient encore les shorts, rien d’extrême.  Ratio long court n/d, intérêt ouvert 1e+05, ratio acheteur n/d. Avis positionnement : l’intérêt ouvert donne la taille des paris ouverts — à croiser avec le prix, pas seul. Baleines : 0 grosses transactions, environ 0 dollars. Avis baleines : pas de gros print proxy pour l’instant — silence ne veut pas dire calme absolu, juste rien d’énorme sur l’échantillon. Ace en direct, 1016 passés, bénéfice session -8.54$, chaleur 3e+01. Avis stacks : chaleur Ace élevée — beaucoup d’activité ou de stress moteur ; session Ace en recul — normal de ralentir les conclusions ; beaucoup de SKIP : le filtre refuse souvent — sagesse ou marché trop sale. Portefeuille : Ace -8.54$, Hulk -5.06$, total -13.60$. Synthèse : sentiment neutre à légèrement positif. On laisse tourner le setup ; je sniffe, je ne décide pas à ta place.
[sentiment=NEUTRE]
[voix:WARN] edge KO (gen_fail) — pas de repli say (CORTANA_TTS=edge)
[voix:edge:fr-FR-VivienneMultilingualNeural:echec_gen] Cortana. Résumé Cortana, mode pédagogique. Climat calme, score quatre-vingt-douze sur cent. Avis climat : calme, score quatre-vingt-douze — thermo plutôt clémen…
[voix:ok] Cortana. Résumé Cortana, mode pédagogique. Climat calme, score quatre-vingt-douze sur cent. Avis climat : calme, score quatre-vingt-douze — thermo plutôt clément ; bon pour observer, pas une invitatio…
THERMO_OK climate=ok score=88
THERMO_LIVE /Users/christophe/ace777-test-day1/Index_Maison/thermo/live.json
FUNDING now=3e-05 avg30=5.538e-05 prevMonth=6.067e-05
MISSION_OK combo=-8.5387 cycle=585 alert=red since=2026-08-02T00:00Z
  ALPHA fills=4 pnl=-9.285 (life fills=4 pnl=-9.285)
  BETA  fills=33 pnl=0.7463 (life fills=33 pnl=0.7463)
  HULK  bags=5 pnl=-5.0617
Résumé Cortana, mode pédagogique. Climat calme, score 88 sur cent. Avis climat : calme, score 88 — thermo plutôt clément ; bon pour observer, pas une invitation à monter le risque. Bitcoin cours 64904 dollars, une heure 0.11%, quatre heures 0.63%, vingt-quatre heures 1.21%. Avis prix : sur une heure, le bitcoin bouge peu — marché plutôt plat. Taux de financement actuel 0.00003, moyenne trente jours 0.000055, mois précédent 0.000061. Avis : un peu plus bas que la moyenne des trente jours, et sous la moyenne du mois précédent. En clair : funding positif soft — les longs paient encore les shorts, rien d’extrême Ratio long court 1.12, intérêt ouvert 1e+05, ratio acheteur 0.67. Avis positionnement : équilibre long-court assez classique ; les vendeurs agressifs dominent un peu (taker) ; l’intérêt ouvert donne la taille des paris ouverts — à croiser avec le prix, pas seul. Baleines : 0 grosses transactions, environ 0 dollars. Avis baleines : pas de gros print proxy pour l’instant — silence ne veut pas dire calme absolu, juste rien d’énorme sur l’échantillon. Ace en direct, 1016 passés, bénéfice session -8.54$, chaleur 3e+01. Avis stacks : chaleur Ace élevée — beaucoup d’activité ou de stress moteur ; session Ace en recul — normal de ralentir les conclusions ; beaucoup de SKIP : le filtre refuse souvent — sagesse ou marché trop sale. Portefeuille : Ace -8.54$, Hulk -5.06$, total -13.60$. Synthèse : sentiment neutre à légèrement positif. On laisse tourner le setup ; je sniffe, je ne décide pas à ta place.
[sentiment=NEUTRE]
[voix:edge:fr-FR-VivienneMultilingualNeural] Cortana. Résumé Cortana, mode pédagogique. Climat calme, score quatre-vingt-huit sur cent. Avis climat : calme, score quatre-vingt-huit — thermo plutôt clément …
[voix:ok] Cortana. Résumé Cortana, mode pédagogique. Climat calme, score quatre-vingt-huit sur cent. Avis climat : calme, score quatre-vingt-huit — thermo plutôt clément ; bon pour observer, pas une invitation …
THERMO_OK climate=ok score=90
THERMO_LIVE /Users/christophe/ace777-test-day1/Index_Maison/thermo/live.json
FUNDING now=2.8e-05 avg30=5.503e-05 prevMonth=6.081e-05
MISSION_OK combo=-8.5387 cycle=585 alert=red since=2026-08-02T00:00Z
  ALPHA fills=4 pnl=-9.285 (life fills=4 pnl=-9.285)
  BETA  fills=33 pnl=0.7463 (life fills=33 pnl=0.7463)
  HULK  bags=5 pnl=-5.0617
Résumé Cortana, mode pédagogique. Climat calme, score 90 sur cent. Avis climat : calme, score 90 — thermo plutôt clément ; bon pour observer, pas une invitation à monter le risque. Bitcoin cours 64763 dollars, une heure -0.04%, quatre heures 0.10%, vingt-quatre heures 0.94%. Avis prix : sur une heure, le bitcoin bouge peu — marché plutôt plat. Taux de financement actuel 0.000028, moyenne trente jours 0.000055, mois précédent 0.000061. Avis : un peu plus bas que la moyenne des trente jours, et sous la moyenne du mois précédent. En clair : funding positif soft — les longs paient encore les shorts, rien d’extrême Ratio long court 1.11, intérêt ouvert 1e+05, ratio acheteur 0.89. Avis positionnement : équilibre long-court assez classique ; l’intérêt ouvert donne la taille des paris ouverts — à croiser avec le prix, pas seul. Baleines : 0 grosses transactions, environ 0 dollars. Avis baleines : pas de gros print proxy pour l’instant — silence ne veut pas dire calme absolu, juste rien d’énorme sur l’échantillon. Ace en direct, 1016 passés, bénéfice session -8.54$, chaleur 3e+01. Avis stacks : chaleur Ace élevée — beaucoup d’activité ou de stress moteur ; session Ace en recul — normal de ralentir les conclusions ; beaucoup de SKIP : le filtre refuse souvent — sagesse ou marché trop sale. Portefeuille : Ace -8.54$, Hulk -5.06$, total -13.60$. Synthèse : sentiment neutre à légèrement positif. On laisse tourner le setup ; je sniffe, je ne décide pas à ta place.
[sentiment=NEUTRE]
[voix:edge:fr-FR-VivienneMultilingualNeural] Cortana. Résumé Cortana, mode pédagogique. Climat calme, score quatre-vingt-dix sur cent. Avis climat : calme, score quatre-vingt-dix — thermo plutôt clément ; …
[voix:ok] Cortana. Résumé Cortana, mode pédagogique. Climat calme, score quatre-vingt-dix sur cent. Avis climat : calme, score quatre-vingt-dix — thermo plutôt clément ; bon pour observer, pas une invitation à …
THERMO_OK climate=ok score=89
THERMO_LIVE /Users/christophe/ace777-test-day1/Index_Maison/thermo/live.json
FUNDING now=3.1e-05 avg30=5.503e-05 prevMonth=6.081e-05
MISSION_OK combo=-8.5387 cycle=585 alert=red since=2026-08-02T00:00Z
  ALPHA fills=4 pnl=-9.285 (life fills=4 pnl=-9.285)
  BETA  fills=33 pnl=0.7463 (life fills=33 pnl=0.7463)
  HULK  bags=5 pnl=-5.0617
Résumé Cortana, mode pédagogique. Climat calme, score 89 sur cent. Avis climat : calme, score 89 — thermo plutôt clément ; bon pour observer, pas une invitation à monter le risque. Bitcoin cours 64815 dollars, une heure -0.17%, quatre heures -0.11%, vingt-quatre heures 1.04%. Avis prix : sur une heure, le bitcoin bouge peu — marché plutôt plat. Taux de financement actuel 0.000031, moyenne trente jours 0.000055, mois précédent 0.000061. Avis : un peu plus bas que la moyenne des trente jours, et sous la moyenne du mois précédent. En clair : funding positif soft — les longs paient encore les shorts, rien d’extrême Ratio long court 1.11, intérêt ouvert 1e+05, ratio acheteur 1.2. Avis positionnement : équilibre long-court assez classique ; les acheteurs agressifs dominent un peu (taker) ; l’intérêt ouvert donne la taille des paris ouverts — à croiser avec le prix, pas seul. Baleines : 2 grosses transactions, environ 2e+06 dollars. Avis baleines : 2 gros print(s), somme élevée — quelqu’un de gros a frappé ; je note, je ne traduis pas ça en ordre. Ace en direct, 1016 passés, bénéfice session -8.54$, chaleur 3e+01. Avis stacks : chaleur Ace élevée — beaucoup d’activité ou de stress moteur ; session Ace en recul — normal de ralentir les conclusions ; beaucoup de SKIP : le filtre refuse souvent — sagesse ou marché trop sale. Portefeuille : Ace -8.54$, Hulk -5.06$, total -13.60$. Synthèse : sentiment neutre à légèrement positif. On laisse tourner le setup ; je sniffe, je ne décide pas à ta place.
[sentiment=NEUTRE]
[voix:edge:fr-FR-VivienneMultilingualNeural] Cortana. Résumé Cortana, mode pédagogique. Climat calme, score quatre-vingt-neuf sur cent. Avis climat : calme, score quatre-vingt-neuf — thermo plutôt clément …
[voix:ok] Cortana. Résumé Cortana, mode pédagogique. Climat calme, score quatre-vingt-neuf sur cent. Avis climat : calme, score quatre-vingt-neuf — thermo plutôt clément ; bon pour observer, pas une invitation …
THERMO_OK climate=ok score=91
THERMO_LIVE /Users/christophe/ace777-test-day1/Index_Maison/thermo/live.json
FUNDING now=1.4e-05 avg30=5.503e-05 prevMonth=6.081e-05
MISSION_OK combo=-8.5387 cycle=585 alert=red since=2026-08-02T00:00Z
  ALPHA fills=4 pnl=-9.285 (life fills=4 pnl=-9.285)
  BETA  fills=33 pnl=0.7463 (life fills=33 pnl=0.7463)
  HULK  bags=5 pnl=-5.0617
Résumé Cortana, mode pédagogique. Climat calme, score 91 sur cent. Avis climat : calme, score 91 — thermo plutôt clément ; bon pour observer, pas une invitation à monter le risque. Bitcoin cours 64640 dollars, une heure -0.01%, quatre heures -0.29%, vingt-quatre heures 0.78%. Avis prix : sur une heure, le bitcoin bouge peu — marché plutôt plat. Taux de financement actuel 0.000014, moyenne trente jours 0.000055, mois précédent 0.000061. Avis : un peu plus bas que la moyenne des trente jours, et sous la moyenne du mois précédent. En clair : funding positif soft — les longs paient encore les shorts, rien d’extrême Ratio long court 1.13, intérêt ouvert 1e+05, ratio acheteur 0.8. Avis positionnement : équilibre long-court assez classique ; les vendeurs agressifs dominent un peu (taker) ; l’intérêt ouvert donne la taille des paris ouverts — à croiser avec le prix, pas seul. Baleines : 0 grosses transactions, environ 0 dollars. Avis baleines : pas de gros print proxy pour l’instant — silence ne veut pas dire calme absolu, juste rien d’énorme sur l’échantillon. Ace en direct, 1016 passés, bénéfice session -8.54$, chaleur 3e+01. Avis stacks : chaleur Ace élevée — beaucoup d’activité ou de stress moteur ; session Ace en recul — normal de ralentir les conclusions ; beaucoup de SKIP : le filtre refuse souvent — sagesse ou marché trop sale. Portefeuille : Ace -8.54$, Hulk -5.06$, total -13.60$. Synthèse : sentiment neutre à légèrement positif. On laisse tourner le setup ; je sniffe, je ne décide pas à ta place.
[sentiment=NEUTRE]
[voix:edge:fr-FR-VivienneMultilingualNeural] Cortana. Résumé Cortana, mode pédagogique. Climat calme, score quatre-vingt-onze sur cent. Avis climat : calme, score quatre-vingt-onze — thermo plutôt clément …
[voix:ok] Cortana. Résumé Cortana, mode pédagogique. Climat calme, score quatre-vingt-onze sur cent. Avis climat : calme, score quatre-vingt-onze — thermo plutôt clément ; bon pour observer, pas une invitation …
THERMO_OK climate=ok score=92
THERMO_LIVE /Users/christophe/ace777-test-day1/Index_Maison/thermo/live.json
FUNDING now=0.0 avg30=5.503e-05 prevMonth=6.081e-05
MISSION_OK combo=-8.5387 cycle=585 alert=red since=2026-08-02T00:00Z
  ALPHA fills=4 pnl=-9.285 (life fills=4 pnl=-9.285)
  BETA  fills=33 pnl=0.7463 (life fills=33 pnl=0.7463)
  HULK  bags=5 pnl=-5.0617
Résumé Cortana, mode pédagogique. Climat calme, score 92 sur cent. Avis climat : calme, score 92 — thermo plutôt clément ; bon pour observer, pas une invitation à monter le risque. Bitcoin cours 64567 dollars, une heure -0.03%, quatre heures -0.34%, vingt-quatre heures 0.83%. Avis prix : sur une heure, le bitcoin bouge peu — marché plutôt plat. Taux de financement actuel quasi zéro, moyenne trente jours 0.000055, mois précédent 0.000061. Avis : un peu plus bas que la moyenne des trente jours, et sous la moyenne du mois précédent. En clair : presque neutre — coût de levier faible Ratio long court 1.15, intérêt ouvert 1e+05, ratio acheteur 1.1. Avis positionnement : équilibre long-court assez classique ; l’intérêt ouvert donne la taille des paris ouverts — à croiser avec le prix, pas seul. Baleines : 2 grosses transactions, environ 1e+06 dollars. Avis baleines : 2 print(s) au-dessus du seuil — activité institutionnelle ou whale possible, à croiser avec le prix. Ace en direct, 1016 passés, bénéfice session -8.54$, chaleur 3e+01. Avis stacks : chaleur Ace élevée — beaucoup d’activité ou de stress moteur ; session Ace en recul — normal de ralentir les conclusions ; beaucoup de SKIP : le filtre refuse souvent — sagesse ou marché trop sale. Portefeuille : Ace -8.54$, Hulk -5.06$, total -13.60$. Synthèse : sentiment neutre à légèrement positif. On laisse tourner le setup ; je sniffe, je ne décide pas à ta place.
[sentiment=NEUTRE]
[voix:edge:fr-FR-VivienneMultilingualNeural] Cortana. Résumé Cortana, mode pédagogique. Climat calme, score quatre-vingt-douze sur cent. Avis climat : calme, score quatre-vingt-douze — thermo plutôt clémen…
[voix:ok] Cortana. Résumé Cortana, mode pédagogique. Climat calme, score quatre-vingt-douze sur cent. Avis climat : calme, score quatre-vingt-douze — thermo plutôt clément ; bon pour observer, pas une invitatio…
THERMO_OK climate=ok score=95
THERMO_LIVE /Users/christophe/ace777-test-day1/Index_Maison/thermo/live.json
FUNDING now=9e-06 avg30=5.503e-05 prevMonth=6.081e-05
MISSION_OK combo=-8.5387 cycle=585 alert=red since=2026-08-02T00:00Z
  ALPHA fills=4 pnl=-9.285 (life fills=4 pnl=-9.285)
  BETA  fills=33 pnl=0.7463 (life fills=33 pnl=0.7463)
  HULK  bags=5 pnl=-5.0617
Résumé Cortana, mode pédagogique. Climat calme, score 95 sur cent. Avis climat : calme, score 95 — thermo plutôt clément ; bon pour observer, pas une invitation à monter le risque. Bitcoin cours 64522 dollars, une heure -0.12%, quatre heures -0.62%, vingt-quatre heures 0.04%. Avis prix : sur une heure, le bitcoin bouge peu — marché plutôt plat ; journée plutôt range. Taux de financement actuel 0.000009, moyenne trente jours 0.000055, mois précédent 0.000061. Avis : un peu plus bas que la moyenne des trente jours, et sous la moyenne du mois précédent. En clair : funding positif soft — les longs paient encore les shorts, rien d’extrême Ratio long court 1.18, intérêt ouvert 1e+05, ratio acheteur 1.1. Avis positionnement : équilibre long-court assez classique ; l’intérêt ouvert donne la taille des paris ouverts — à croiser avec le prix, pas seul. Baleines : 0 grosses transactions, environ 0 dollars. Avis baleines : pas de gros print proxy pour l’instant — silence ne veut pas dire calme absolu, juste rien d’énorme sur l’échantillon. Ace en direct, 1016 passés, bénéfice session -8.54$, chaleur 3e+01. Avis stacks : chaleur Ace élevée — beaucoup d’activité ou de stress moteur ; session Ace en recul — normal de ralentir les conclusions ; beaucoup de SKIP : le filtre refuse souvent — sagesse ou marché trop sale. Portefeuille : Ace -8.54$, Hulk -5.06$, total -13.60$. Synthèse : sentiment neutre à légèrement positif. On laisse tourner le setup ; je sniffe, je ne décide pas à ta place.
[sentiment=NEUTRE]
[voix:edge:fr-FR-VivienneMultilingualNeural] Cortana. Résumé Cortana, mode pédagogique. Climat calme, score quatre-vingt-quinze sur cent. Avis climat : calme, score quatre-vingt-quinze — thermo plutôt clém…
[voix:ok] Cortana. Résumé Cortana, mode pédagogique. Climat calme, score quatre-vingt-quinze sur cent. Avis climat : calme, score quatre-vingt-quinze — thermo plutôt clément ; bon pour observer, pas une invitat…
THERMO_OK climate=ok score=92
THERMO_LIVE /Users/christophe/ace777-test-day1/Index_Maison/thermo/live.json
FUNDING now=2.2e-05 avg30=5.503e-05 prevMonth=6.081e-05
MISSION_OK combo=-8.5387 cycle=585 alert=red since=2026-08-02T00:00Z
  ALPHA fills=4 pnl=-9.285 (life fills=4 pnl=-9.285)
  BETA  fills=33 pnl=0.7463 (life fills=33 pnl=0.7463)
  HULK  bags=5 pnl=-5.0617
Résumé Cortana, mode pédagogique. Climat calme, score 92 sur cent. Avis climat : calme, score 92 — thermo plutôt clément ; bon pour observer, pas une invitation à monter le risque. Bitcoin cours 64172 dollars, une heure -0.34%, quatre heures -0.74%, vingt-quatre heures 0.44%. Avis prix : sur une heure, légère baisse ; journée plutôt range. Taux de financement actuel 0.000022, moyenne trente jours 0.000055, mois précédent 0.000061. Avis : un peu plus bas que la moyenne des trente jours, et sous la moyenne du mois précédent. En clair : funding positif soft — les longs paient encore les shorts, rien d’extrême Ratio long court 1.18, intérêt ouvert 1e+05, ratio acheteur 1.1. Avis positionnement : équilibre long-court assez classique ; l’intérêt ouvert donne la taille des paris ouverts — à croiser avec le prix, pas seul. Baleines : 0 grosses transactions, environ 0 dollars. Avis baleines : pas de gros print proxy pour l’instant — silence ne veut pas dire calme absolu, juste rien d’énorme sur l’échantillon. Ace en direct, 1016 passés, bénéfice session -8.54$, chaleur 3e+01. Avis stacks : chaleur Ace élevée — beaucoup d’activité ou de stress moteur ; session Ace en recul — normal de ralentir les conclusions ; beaucoup de SKIP : le filtre refuse souvent — sagesse ou marché trop sale. Portefeuille : Ace -8.54$, Hulk -5.06$, total -13.60$. Synthèse : sentiment neutre à légèrement positif. On laisse tourner le setup ; je sniffe, je ne décide pas à ta place.
[sentiment=NEUTRE]
[voix:edge:fr-FR-VivienneMultilingualNeural] Cortana. Résumé Cortana, mode pédagogique. Climat calme, score quatre-vingt-douze sur cent. Avis climat : calme, score quatre-vingt-douze — thermo plutôt clémen…
[voix:ok] Cortana. Résumé Cortana, mode pédagogique. Climat calme, score quatre-vingt-douze sur cent. Avis climat : calme, score quatre-vingt-douze — thermo plutôt clément ; bon pour observer, pas une invitatio…
THERMO_OK climate=ok score=89
THERMO_LIVE /Users/christophe/ace777-test-day1/Index_Maison/thermo/live.json
FUNDING now=4.2e-05 avg30=5.503e-05 prevMonth=6.081e-05
MISSION_OK combo=-8.5387 cycle=585 alert=red since=2026-08-02T00:00Z
  ALPHA fills=4 pnl=-9.285 (life fills=4 pnl=-9.285)
  BETA  fills=33 pnl=0.7463 (life fills=33 pnl=0.7463)
  HULK  bags=5 pnl=-5.0617
Résumé Cortana, mode pédagogique. Climat calme, score 89 sur cent. Avis climat : calme, score 89 — thermo plutôt clément ; bon pour observer, pas une invitation à monter le risque. Bitcoin cours 64594 dollars, une heure 0.29%, quatre heures 0.00%, vingt-quatre heures 0.41%. Avis prix : sur une heure, le bitcoin bouge peu — marché plutôt plat ; journée plutôt range. Taux de financement actuel 0.000042, moyenne trente jours 0.000055, mois précédent 0.000061. Avis : un peu plus bas que la moyenne des trente jours, et sous la moyenne du mois précédent. En clair : funding positif soft — les longs paient encore les shorts, rien d’extrême Ratio long court 1.22, intérêt ouvert 1e+05, ratio acheteur 1. Avis positionnement : équilibre long-court assez classique ; l’intérêt ouvert donne la taille des paris ouverts — à croiser avec le prix, pas seul. Baleines : 0 grosses transactions, environ 0 dollars. Avis baleines : pas de gros print proxy pour l’instant — silence ne veut pas dire calme absolu, juste rien d’énorme sur l’échantillon. Ace en direct, 1016 passés, bénéfice session -8.54$, chaleur 3e+01. Avis stacks : chaleur Ace élevée — beaucoup d’activité ou de stress moteur ; session Ace en recul — normal de ralentir les conclusions ; beaucoup de SKIP : le filtre refuse souvent — sagesse ou marché trop sale. Portefeuille : Ace -8.54$, Hulk -5.06$, total -13.60$. Synthèse : sentiment neutre à légèrement positif. On laisse tourner le setup ; je sniffe, je ne décide pas à ta place.
[sentiment=NEUTRE]
[voix:edge:fr-FR-VivienneMultilingualNeural] Cortana. Résumé Cortana, mode pédagogique. Climat calme, score quatre-vingt-neuf sur cent. Avis climat : calme, score quatre-vingt-neuf — thermo plutôt clément …
[voix:ok] Cortana. Résumé Cortana, mode pédagogique. Climat calme, score quatre-vingt-neuf sur cent. Avis climat : calme, score quatre-vingt-neuf — thermo plutôt clément ; bon pour observer, pas une invitation …
THERMO_OK climate=ok score=89
THERMO_LIVE /Users/christophe/ace777-test-day1/Index_Maison/thermo/live.json
FUNDING now=5.8e-05 avg30=5.503e-05 prevMonth=6.081e-05
MISSION_OK combo=-8.5387 cycle=585 alert=red since=2026-08-02T00:00Z
  ALPHA fills=4 pnl=-9.285 (life fills=4 pnl=-9.285)
  BETA  fills=33 pnl=0.7463 (life fills=33 pnl=0.7463)
  HULK  bags=5 pnl=-5.0617
Résumé Cortana, mode pédagogique. Climat calme, score 89 sur cent. Avis climat : calme, score 89 — thermo plutôt clément ; bon pour observer, pas une invitation à monter le risque. Bitcoin cours 64768 dollars, une heure 0.03%, quatre heures 0.27%, vingt-quatre heures 0.29%. Avis prix : sur une heure, le bitcoin bouge peu — marché plutôt plat ; journée plutôt range. Taux de financement actuel 0.000058, moyenne trente jours 0.000055, mois précédent 0.000061. Avis : proche de la moyenne des trente jours, En clair : funding positif soft — les longs paient encore les shorts, rien d’extrême.  Ratio long court 1.19, intérêt ouvert 1e+05, ratio acheteur 1.2. Avis positionnement : équilibre long-court assez classique ; l’intérêt ouvert donne la taille des paris ouverts — à croiser avec le prix, pas seul. Baleines : 0 grosses transactions, environ 0 dollars. Avis baleines : pas de gros print proxy pour l’instant — silence ne veut pas dire calme absolu, juste rien d’énorme sur l’échantillon. Ace en direct, 1016 passés, bénéfice session -8.54$, chaleur 3e+01. Avis stacks : chaleur Ace élevée — beaucoup d’activité ou de stress moteur ; session Ace en recul — normal de ralentir les conclusions ; beaucoup de SKIP : le filtre refuse souvent — sagesse ou marché trop sale. Portefeuille : Ace -8.54$, Hulk -5.06$, total -13.60$. Synthèse : sentiment neutre à légèrement positif. On laisse tourner le setup ; je sniffe, je ne décide pas à ta place.
[sentiment=NEUTRE]
[voix:edge:fr-FR-VivienneMultilingualNeural] Cortana. Résumé Cortana, mode pédagogique. Climat calme, score quatre-vingt-neuf sur cent. Avis climat : calme, score quatre-vingt-neuf — thermo plutôt clément …
[voix:ok] Cortana. Résumé Cortana, mode pédagogique. Climat calme, score quatre-vingt-neuf sur cent. Avis climat : calme, score quatre-vingt-neuf — thermo plutôt clément ; bon pour observer, pas une invitation …
THERMO_OK climate=ok score=90
THERMO_LIVE /Users/christophe/ace777-test-day1/Index_Maison/thermo/live.json
FUNDING now=5.9e-05 avg30=5.493e-05 prevMonth=6.043e-05
MISSION_OK combo=-8.5387 cycle=585 alert=red since=2026-08-02T00:00Z
  ALPHA fills=4 pnl=-9.285 (life fills=4 pnl=-9.285)
  BETA  fills=33 pnl=0.7463 (life fills=33 pnl=0.7463)
  HULK  bags=5 pnl=-5.0617
Résumé Cortana, mode pédagogique. Climat calme, score 90 sur cent. Avis climat : calme, score 90 — thermo plutôt clément ; bon pour observer, pas une invitation à monter le risque. Bitcoin cours 64726 dollars, une heure 0.19%, quatre heures 0.52%, vingt-quatre heures 0.12%. Avis prix : sur une heure, le bitcoin bouge peu — marché plutôt plat ; journée plutôt range. Taux de financement actuel 0.000059, moyenne trente jours 0.000055, mois précédent 0.00006. Avis : proche de la moyenne des trente jours, En clair : funding positif soft — les longs paient encore les shorts, rien d’extrême.  Ratio long court 1.15, intérêt ouvert 1e+05, ratio acheteur 0.99. Avis positionnement : équilibre long-court assez classique ; l’intérêt ouvert donne la taille des paris ouverts — à croiser avec le prix, pas seul. Baleines : 0 grosses transactions, environ 0 dollars. Avis baleines : pas de gros print proxy pour l’instant — silence ne veut pas dire calme absolu, juste rien d’énorme sur l’échantillon. Ace en direct, 1016 passés, bénéfice session -8.54$, chaleur 3e+01. Avis stacks : chaleur Ace élevée — beaucoup d’activité ou de stress moteur ; session Ace en recul — normal de ralentir les conclusions ; beaucoup de SKIP : le filtre refuse souvent — sagesse ou marché trop sale. Portefeuille : Ace -8.54$, Hulk -5.06$, total -13.60$. Synthèse : sentiment neutre à légèrement positif. On laisse tourner le setup ; je sniffe, je ne décide pas à ta place.
[sentiment=NEUTRE]
[voix:edge:fr-FR-VivienneMultilingualNeural] Cortana. Résumé Cortana, mode pédagogique. Climat calme, score quatre-vingt-dix sur cent. Avis climat : calme, score quatre-vingt-dix — thermo plutôt clément ; …
[voix:ok] Cortana. Résumé Cortana, mode pédagogique. Climat calme, score quatre-vingt-dix sur cent. Avis climat : calme, score quatre-vingt-dix — thermo plutôt clément ; bon pour observer, pas une invitation à …
THERMO_OK climate=ok score=91
THERMO_LIVE /Users/christophe/ace777-test-day1/Index_Maison/thermo/live.json
FUNDING now=5.3e-05 avg30=5.493e-05 prevMonth=6.043e-05
MISSION_OK combo=-8.5387 cycle=585 alert=red since=2026-08-02T00:00Z
  ALPHA fills=4 pnl=-9.285 (life fills=4 pnl=-9.285)
  BETA  fills=33 pnl=0.7463 (life fills=33 pnl=0.7463)
  HULK  bags=5 pnl=-5.0617
Résumé Cortana, mode pédagogique. Climat calme, score 91 sur cent. Avis climat : calme, score 91 — thermo plutôt clément ; bon pour observer, pas une invitation à monter le risque. Bitcoin cours 64574 dollars, une heure -0.23%, quatre heures 0.26%, vingt-quatre heures -0.14%. Avis prix : sur une heure, le bitcoin bouge peu — marché plutôt plat ; journée plutôt range. Taux de financement actuel 0.000053, moyenne trente jours 0.000055, mois précédent 0.00006. Avis : proche de la moyenne des trente jours, et sous la moyenne du mois précédent. En clair : funding positif soft — les longs paient encore les shorts, rien d’extrême Ratio long court 1.16, intérêt ouvert 1e+05, ratio acheteur 1.2. Avis positionnement : équilibre long-court assez classique ; l’intérêt ouvert donne la taille des paris ouverts — à croiser avec le prix, pas seul. Baleines : 1 grosses transactions, environ 5e+05 dollars. Avis baleines : 1 print(s) au-dessus du seuil — activité institutionnelle ou whale possible, à croiser avec le prix. Ace en direct, 1016 passés, bénéfice session -8.54$, chaleur 3e+01. Avis stacks : chaleur Ace élevée — beaucoup d’activité ou de stress moteur ; session Ace en recul — normal de ralentir les conclusions ; beaucoup de SKIP : le filtre refuse souvent — sagesse ou marché trop sale. Portefeuille : Ace -8.54$, Hulk -5.06$, total -13.60$. Synthèse : sentiment neutre à légèrement positif. On laisse tourner le setup ; je sniffe, je ne décide pas à ta place.
[sentiment=NEUTRE]
[voix:edge:fr-FR-VivienneMultilingualNeural] Cortana. Résumé Cortana, mode pédagogique. Climat calme, score quatre-vingt-onze sur cent. Avis climat : calme, score quatre-vingt-onze — thermo plutôt clément …
[voix:ok] Cortana. Résumé Cortana, mode pédagogique. Climat calme, score quatre-vingt-onze sur cent. Avis climat : calme, score quatre-vingt-onze — thermo plutôt clément ; bon pour observer, pas une invitation …
THERMO_OK climate=ok score=89
THERMO_LIVE /Users/christophe/ace777-test-day1/Index_Maison/thermo/live.json
FUNDING now=4.4e-05 avg30=5.493e-05 prevMonth=6.043e-05
MISSION_OK combo=-8.5387 cycle=585 alert=red since=2026-08-02T00:00Z
  ALPHA fills=4 pnl=-9.285 (life fills=4 pnl=-9.285)
  BETA  fills=33 pnl=0.7463 (life fills=33 pnl=0.7463)
  HULK  bags=5 pnl=-5.0617
Résumé Cortana, mode pédagogique. Climat calme, score 89 sur cent. Avis climat : calme, score 89 — thermo plutôt clément ; bon pour observer, pas une invitation à monter le risque. Bitcoin cours 64385 dollars, une heure -0.31%, quatre heures -0.56%, vingt-quatre heures -0.61%. Avis prix : sur une heure, légère baisse. Taux de financement actuel 0.000044, moyenne trente jours 0.000055, mois précédent 0.00006. Avis : un peu plus bas que la moyenne des trente jours, et sous la moyenne du mois précédent. En clair : funding positif soft — les longs paient encore les shorts, rien d’extrême Ratio long court 1.15, intérêt ouvert 1e+05, ratio acheteur 1. Avis positionnement : équilibre long-court assez classique ; l’intérêt ouvert donne la taille des paris ouverts — à croiser avec le prix, pas seul. Baleines : 0 grosses transactions, environ 0 dollars. Avis baleines : pas de gros print proxy pour l’instant — silence ne veut pas dire calme absolu, juste rien d’énorme sur l’échantillon. Ace en direct, 1016 passés, bénéfice session -8.54$, chaleur 3e+01. Avis stacks : chaleur Ace élevée — beaucoup d’activité ou de stress moteur ; session Ace en recul — normal de ralentir les conclusions ; beaucoup de SKIP : le filtre refuse souvent — sagesse ou marché trop sale. Portefeuille : Ace -8.54$, Hulk -5.06$, total -13.60$. Synthèse : sentiment neutre à légèrement positif. On laisse tourner le setup ; je sniffe, je ne décide pas à ta place.
[sentiment=NEUTRE]
[voix:edge:fr-FR-VivienneMultilingualNeural] Cortana. Résumé Cortana, mode pédagogique. Climat calme, score quatre-vingt-neuf sur cent. Avis climat : calme, score quatre-vingt-neuf — thermo plutôt clément …
[voix:ok] Cortana. Résumé Cortana, mode pédagogique. Climat calme, score quatre-vingt-neuf sur cent. Avis climat : calme, score quatre-vingt-neuf — thermo plutôt clément ; bon pour observer, pas une invitation …
THERMO_OK climate=ok score=90
THERMO_LIVE /Users/christophe/ace777-test-day1/Index_Maison/thermo/live.json
FUNDING now=2.8e-05 avg30=5.493e-05 prevMonth=6.043e-05
MISSION_OK combo=-8.5387 cycle=585 alert=red since=2026-08-02T00:00Z
  ALPHA fills=4 pnl=-9.285 (life fills=4 pnl=-9.285)
  BETA  fills=33 pnl=0.7463 (life fills=33 pnl=0.7463)
  HULK  bags=5 pnl=-5.0617
Résumé Cortana, mode pédagogique. Climat calme, score 90 sur cent. Avis climat : calme, score 90 — thermo plutôt clément ; bon pour observer, pas une invitation à monter le risque. Bitcoin cours 64383 dollars, une heure -0.01%, quatre heures -0.35%, vingt-quatre heures -0.72%. Avis prix : sur une heure, le bitcoin bouge peu — marché plutôt plat. Taux de financement actuel 0.000028, moyenne trente jours 0.000055, mois précédent 0.00006. Avis : un peu plus bas que la moyenne des trente jours, et sous la moyenne du mois précédent. En clair : funding positif soft — les longs paient encore les shorts, rien d’extrême Ratio long court 1.16, intérêt ouvert 1e+05, ratio acheteur 0.89. Avis positionnement : équilibre long-court assez classique ; l’intérêt ouvert donne la taille des paris ouverts — à croiser avec le prix, pas seul. Baleines : 0 grosses transactions, environ 0 dollars. Avis baleines : pas de gros print proxy pour l’instant — silence ne veut pas dire calme absolu, juste rien d’énorme sur l’échantillon. Ace en direct, 1016 passés, bénéfice session -8.54$, chaleur 3e+01. Avis stacks : chaleur Ace élevée — beaucoup d’activité ou de stress moteur ; session Ace en recul — normal de ralentir les conclusions ; beaucoup de SKIP : le filtre refuse souvent — sagesse ou marché trop sale. Portefeuille : Ace -8.54$, Hulk -5.06$, total -13.60$. Synthèse : sentiment neutre à légèrement positif. On laisse tourner le setup ; je sniffe, je ne décide pas à ta place.
[sentiment=NEUTRE]
[voix:edge:fr-FR-VivienneMultilingualNeural] Cortana. Résumé Cortana, mode pédagogique. Climat calme, score quatre-vingt-dix sur cent. Avis climat : calme, score quatre-vingt-dix — thermo plutôt clément ; …
[voix:ok] Cortana. Résumé Cortana, mode pédagogique. Climat calme, score quatre-vingt-dix sur cent. Avis climat : calme, score quatre-vingt-dix — thermo plutôt clément ; bon pour observer, pas une invitation à …
THERMO_OK climate=ok score=91
THERMO_LIVE /Users/christophe/ace777-test-day1/Index_Maison/thermo/live.json
FUNDING now=1.3e-05 avg30=5.493e-05 prevMonth=6.043e-05
MISSION_OK combo=-8.5387 cycle=585 alert=red since=2026-08-02T00:00Z
  ALPHA fills=4 pnl=-9.285 (life fills=4 pnl=-9.285)
  BETA  fills=33 pnl=0.7463 (life fills=33 pnl=0.7463)
  HULK  bags=5 pnl=-5.0617
Résumé Cortana, mode pédagogique. Climat calme, score 91 sur cent. Avis climat : calme, score 91 — thermo plutôt clément ; bon pour observer, pas une invitation à monter le risque. Bitcoin cours 64408 dollars, une heure -0.01%, quatre heures -0.49%, vingt-quatre heures -0.72%. Avis prix : sur une heure, le bitcoin bouge peu — marché plutôt plat. Taux de financement actuel 0.000013, moyenne trente jours 0.000055, mois précédent 0.00006. Avis : un peu plus bas que la moyenne des trente jours, et sous la moyenne du mois précédent. En clair : funding positif soft — les longs paient encore les shorts, rien d’extrême Ratio long court 1.18, intérêt ouvert 1e+05, ratio acheteur 0.9. Avis positionnement : équilibre long-court assez classique ; l’intérêt ouvert donne la taille des paris ouverts — à croiser avec le prix, pas seul. Baleines : 1 grosses transactions, environ 9e+05 dollars. Avis baleines : 1 print(s) au-dessus du seuil — activité institutionnelle ou whale possible, à croiser avec le prix. Ace en direct, 1016 passés, bénéfice session -8.54$, chaleur 3e+01. Avis stacks : chaleur Ace élevée — beaucoup d’activité ou de stress moteur ; session Ace en recul — normal de ralentir les conclusions ; beaucoup de SKIP : le filtre refuse souvent — sagesse ou marché trop sale. Portefeuille : Ace -8.54$, Hulk -5.06$, total -13.60$. Synthèse : sentiment neutre à légèrement positif. On laisse tourner le setup ; je sniffe, je ne décide pas à ta place.
[sentiment=NEUTRE]
[voix:edge:fr-FR-VivienneMultilingualNeural] Cortana. Résumé Cortana, mode pédagogique. Climat calme, score quatre-vingt-onze sur cent. Avis climat : calme, score quatre-vingt-onze — thermo plutôt clément …
[voix:ok] Cortana. Résumé Cortana, mode pédagogique. Climat calme, score quatre-vingt-onze sur cent. Avis climat : calme, score quatre-vingt-onze — thermo plutôt clément ; bon pour observer, pas une invitation …
THERMO_OK climate=ok score=92
THERMO_LIVE /Users/christophe/ace777-test-day1/Index_Maison/thermo/live.json
FUNDING now=1e-05 avg30=5.493e-05 prevMonth=6.043e-05
MISSION_OK combo=-8.5387 cycle=585 alert=red since=2026-08-02T00:00Z
  ALPHA fills=4 pnl=-9.285 (life fills=4 pnl=-9.285)
  BETA  fills=33 pnl=0.7463 (life fills=33 pnl=0.7463)
  HULK  bags=5 pnl=-5.0617
Résumé Cortana, mode pédagogique. Climat calme, score 92 sur cent. Avis climat : calme, score 92 — thermo plutôt clément ; bon pour observer, pas une invitation à monter le risque. Bitcoin cours 64414 dollars, une heure 0.02%, quatre heures -0.26%, vingt-quatre heures -0.49%. Avis prix : sur une heure, le bitcoin bouge peu — marché plutôt plat ; journée plutôt range. Taux de financement actuel 0.00001, moyenne trente jours 0.000055, mois précédent 0.00006. Avis : un peu plus bas que la moyenne des trente jours, et sous la moyenne du mois précédent. En clair : funding positif soft — les longs paient encore les shorts, rien d’extrême Ratio long court 1.19, intérêt ouvert 1e+05, ratio acheteur 0.8. Avis positionnement : équilibre long-court assez classique ; les vendeurs agressifs dominent un peu (taker) ; l’intérêt ouvert donne la taille des paris ouverts — à croiser avec le prix, pas seul. Baleines : 0 grosses transactions, environ 0 dollars. Avis baleines : pas de gros print proxy pour l’instant — silence ne veut pas dire calme absolu, juste rien d’énorme sur l’échantillon. Ace en direct, 1016 passés, bénéfice session -8.54$, chaleur 3e+01. Avis stacks : chaleur Ace élevée — beaucoup d’activité ou de stress moteur ; session Ace en recul — normal de ralentir les conclusions ; beaucoup de SKIP : le filtre refuse souvent — sagesse ou marché trop sale. Portefeuille : Ace -8.54$, Hulk -5.06$, total -13.60$. Synthèse : sentiment neutre à légèrement positif. On laisse tourner le setup ; je sniffe, je ne décide pas à ta place.
[sentiment=NEUTRE]
[voix:edge:fr-FR-VivienneMultilingualNeural] Cortana. Résumé Cortana, mode pédagogique. Climat calme, score quatre-vingt-douze sur cent. Avis climat : calme, score quatre-vingt-douze — thermo plutôt clémen…
[voix:ok] Cortana. Résumé Cortana, mode pédagogique. Climat calme, score quatre-vingt-douze sur cent. Avis climat : calme, score quatre-vingt-douze — thermo plutôt clément ; bon pour observer, pas une invitatio…
THERMO_OK climate=ok score=96 DEGRADED=oi,mark,funding,chg24,fearGreed
THERMO_LIVE /Users/christophe/ace777-test-day1/Index_Maison/thermo/live.json
FUNDING now=1e-05 avg30=None prevMonth=None
MISSION_OK combo=-8.5387 cycle=585 alert=red since=2026-08-02T00:00Z
  ALPHA fills=4 pnl=-9.285 (life fills=4 pnl=-9.285)
  BETA  fills=33 pnl=0.7463 (life fills=33 pnl=0.7463)
  HULK  bags=5 pnl=-5.0617
Résumé Cortana, mode pédagogique. Climat calme, score 96 sur cent. Avis climat : calme, score 96 — thermo plutôt clément ; bon pour observer, pas une invitation à monter le risque. Bitcoin cours 64414 dollars, une heure n/d, quatre heures n/d, vingt-quatre heures -0.49%. Avis prix : journée plutôt range. Taux de financement actuel 0.00001, moyenne trente jours non disponible, mois précédent non disponible. Avis : En clair : funding positif soft — les longs paient encore les shorts, rien d’extrême.  Ratio long court n/d, intérêt ouvert 1e+05, ratio acheteur n/d. Avis positionnement : l’intérêt ouvert donne la taille des paris ouverts — à croiser avec le prix, pas seul. Baleines : 0 grosses transactions, environ 0 dollars. Avis baleines : pas de gros print proxy pour l’instant — silence ne veut pas dire calme absolu, juste rien d’énorme sur l’échantillon. Ace en direct, 1016 passés, bénéfice session -8.54$, chaleur 3e+01. Avis stacks : chaleur Ace élevée — beaucoup d’activité ou de stress moteur ; session Ace en recul — normal de ralentir les conclusions ; beaucoup de SKIP : le filtre refuse souvent — sagesse ou marché trop sale. Portefeuille : Ace -8.54$, Hulk -5.06$, total -13.60$. Synthèse : sentiment neutre à légèrement positif. On laisse tourner le setup ; je sniffe, je ne décide pas à ta place.
[sentiment=NEUTRE]
[voix:WARN] edge KO (gen_fail) — pas de repli say (CORTANA_TTS=edge)
[voix:edge:fr-FR-VivienneMultilingualNeural:echec_gen] Cortana. Résumé Cortana, mode pédagogique. Climat calme, score quatre-vingt-seize sur cent. Avis climat : calme, score quatre-vingt-seize — thermo plutôt clémen…
[voix:ok] Cortana. Résumé Cortana, mode pédagogique. Climat calme, score quatre-vingt-seize sur cent. Avis climat : calme, score quatre-vingt-seize — thermo plutôt clément ; bon pour observer, pas une invitatio…
THERMO_OK climate=ok score=88
THERMO_LIVE /Users/christophe/ace777-test-day1/Index_Maison/thermo/live.json
FUNDING now=6.3e-05 avg30=5.491e-05 prevMonth=6.081e-05
MISSION_OK combo=-8.5387 cycle=585 alert=red since=2026-08-02T00:00Z
  ALPHA fills=4 pnl=-9.285 (life fills=4 pnl=-9.285)
  BETA  fills=33 pnl=0.7463 (life fills=33 pnl=0.7463)
  HULK  bags=5 pnl=-5.0617
Résumé Cortana, mode pédagogique. Climat calme, score 88 sur cent. Avis climat : calme, score 88 — thermo plutôt clément ; bon pour observer, pas une invitation à monter le risque. Bitcoin cours 65094 dollars, une heure 0.23%, quatre heures 0.41%, vingt-quatre heures 0.92%. Avis prix : sur une heure, le bitcoin bouge peu — marché plutôt plat. Taux de financement actuel 0.000063, moyenne trente jours 0.000055, mois précédent 0.000061. Avis : un peu plus haut que la moyenne des trente jours, En clair : funding positif soft — les longs paient encore les shorts, rien d’extrême.  Ratio long court 1.06, intérêt ouvert 1e+05, ratio acheteur 0.94. Avis positionnement : équilibre long-court assez classique ; l’intérêt ouvert donne la taille des paris ouverts — à croiser avec le prix, pas seul. Baleines : 1 grosses transactions, environ 6e+05 dollars. Avis baleines : 1 print(s) au-dessus du seuil — activité institutionnelle ou whale possible, à croiser avec le prix. Ace en direct, 1016 passés, bénéfice session -8.54$, chaleur 3e+01. Avis stacks : chaleur Ace élevée — beaucoup d’activité ou de stress moteur ; session Ace en recul — normal de ralentir les conclusions ; beaucoup de SKIP : le filtre refuse souvent — sagesse ou marché trop sale. Portefeuille : Ace -8.54$, Hulk -5.06$, total -13.60$. Synthèse : sentiment neutre à légèrement positif. On laisse tourner le setup ; je sniffe, je ne décide pas à ta place.
[sentiment=NEUTRE]
[voix:edge:fr-FR-VivienneMultilingualNeural] Cortana. Résumé Cortana, mode pédagogique. Climat calme, score quatre-vingt-huit sur cent. Avis climat : calme, score quatre-vingt-huit — thermo plutôt clément …
[voix:ok] Cortana. Résumé Cortana, mode pédagogique. Climat calme, score quatre-vingt-huit sur cent. Avis climat : calme, score quatre-vingt-huit — thermo plutôt clément ; bon pour observer, pas une invitation …
THERMO_OK climate=ok score=91
THERMO_LIVE /Users/christophe/ace777-test-day1/Index_Maison/thermo/live.json
FUNDING now=6.1e-05 avg30=5.491e-05 prevMonth=6.081e-05
MISSION_OK combo=-8.5387 cycle=585 alert=red since=2026-08-02T00:00Z
  ALPHA fills=4 pnl=-9.285 (life fills=4 pnl=-9.285)
  BETA  fills=33 pnl=0.7463 (life fills=33 pnl=0.7463)
  HULK  bags=5 pnl=-5.0617
Résumé Cortana, mode pédagogique. Climat calme, score 91 sur cent. Avis climat : calme, score 91 — thermo plutôt clément ; bon pour observer, pas une invitation à monter le risque. Bitcoin cours 64993 dollars, une heure 0.10%, quatre heures -0.00%, vingt-quatre heures 0.30%. Avis prix : sur une heure, le bitcoin bouge peu — marché plutôt plat ; journée plutôt range. Taux de financement actuel 0.000061, moyenne trente jours 0.000055, mois précédent 0.000061. Avis : un peu plus haut que la moyenne des trente jours, En clair : funding positif soft — les longs paient encore les shorts, rien d’extrême.  Ratio long court 1.06, intérêt ouvert 1e+05, ratio acheteur 0.97. Avis positionnement : équilibre long-court assez classique ; l’intérêt ouvert donne la taille des paris ouverts — à croiser avec le prix, pas seul. Baleines : 1 grosses transactions, environ 6e+05 dollars. Avis baleines : 1 print(s) au-dessus du seuil — activité institutionnelle ou whale possible, à croiser avec le prix. Ace en direct, 1016 passés, bénéfice session -8.54$, chaleur 3e+01. Avis stacks : chaleur Ace élevée — beaucoup d’activité ou de stress moteur ; session Ace en recul — normal de ralentir les conclusions ; beaucoup de SKIP : le filtre refuse souvent — sagesse ou marché trop sale. Portefeuille : Ace -8.54$, Hulk -5.06$, total -13.60$. Synthèse : sentiment neutre à légèrement positif. On laisse tourner le setup ; je sniffe, je ne décide pas à ta place.
[sentiment=NEUTRE]
[voix:edge:fr-FR-VivienneMultilingualNeural] Cortana. Résumé Cortana, mode pédagogique. Climat calme, score quatre-vingt-onze sur cent. Avis climat : calme, score quatre-vingt-onze — thermo plutôt clément …
[voix:ok] Cortana. Résumé Cortana, mode pédagogique. Climat calme, score quatre-vingt-onze sur cent. Avis climat : calme, score quatre-vingt-onze — thermo plutôt clément ; bon pour observer, pas une invitation …
THERMO_OK climate=ok score=93 DEGRADED=mark,funding,chg24
THERMO_LIVE /Users/christophe/ace777-test-day1/Index_Maison/thermo/live.json
FUNDING now=6.1e-05 avg30=5.481e-05 prevMonth=6.043e-05
MISSION_OK combo=-8.5387 cycle=585 alert=red since=2026-08-02T00:00Z
  ALPHA fills=4 pnl=-9.285 (life fills=4 pnl=-9.285)
  BETA  fills=33 pnl=0.7463 (life fills=33 pnl=0.7463)
  HULK  bags=5 pnl=-5.0617
Résumé Cortana, mode pédagogique. Climat calme, score 93 sur cent. Avis climat : calme, score 93 — thermo plutôt clément ; bon pour observer, pas une invitation à monter le risque. Bitcoin cours 64993 dollars, une heure 0.08%, quatre heures -0.49%, vingt-quatre heures 0.30%. Avis prix : sur une heure, le bitcoin bouge peu — marché plutôt plat ; journée plutôt range. Taux de financement actuel 0.000061, moyenne trente jours 0.000055, mois précédent 0.00006. Avis : un peu plus haut que la moyenne des trente jours, En clair : funding positif soft — les longs paient encore les shorts, rien d’extrême.  Ratio long court n/d, intérêt ouvert 1e+05, ratio acheteur 1.3. Avis positionnement : les acheteurs agressifs dominent un peu (taker) ; l’intérêt ouvert donne la taille des paris ouverts — à croiser avec le prix, pas seul. Baleines : 0 grosses transactions, environ 0 dollars. Avis baleines : pas de gros print proxy pour l’instant — silence ne veut pas dire calme absolu, juste rien d’énorme sur l’échantillon. Ace en direct, 1016 passés, bénéfice session -8.54$, chaleur 3e+01. Avis stacks : chaleur Ace élevée — beaucoup d’activité ou de stress moteur ; session Ace en recul — normal de ralentir les conclusions ; beaucoup de SKIP : le filtre refuse souvent — sagesse ou marché trop sale. Portefeuille : Ace -8.54$, Hulk -5.06$, total -13.60$. Synthèse : sentiment neutre à légèrement positif. On laisse tourner le setup ; je sniffe, je ne décide pas à ta place.
[sentiment=NEUTRE]
[voix:edge:fr-FR-VivienneMultilingualNeural] Cortana. Résumé Cortana, mode pédagogique. Climat calme, score quatre-vingt-treize sur cent. Avis climat : calme, score quatre-vingt-treize — thermo plutôt clém…
[voix:ok] Cortana. Résumé Cortana, mode pédagogique. Climat calme, score quatre-vingt-treize sur cent. Avis climat : calme, score quatre-vingt-treize — thermo plutôt clément ; bon pour observer, pas une invitat…
THERMO_OK climate=ok score=93
THERMO_LIVE /Users/christophe/ace777-test-day1/Index_Maison/thermo/live.json
FUNDING now=5.8e-05 avg30=5.481e-05 prevMonth=6.043e-05
MISSION_OK combo=-8.5387 cycle=585 alert=red since=2026-08-02T00:00Z
  ALPHA fills=4 pnl=-9.285 (life fills=4 pnl=-9.285)
  BETA  fills=33 pnl=0.7463 (life fills=33 pnl=0.7463)
  HULK  bags=5 pnl=-5.0617
Résumé Cortana, mode pédagogique. Climat calme, score 93 sur cent. Avis climat : calme, score 93 — thermo plutôt clément ; bon pour observer, pas une invitation à monter le risque. Bitcoin cours 64634 dollars, une heure -0.21%, quatre heures -0.53%, vingt-quatre heures 0.08%. Avis prix : sur une heure, le bitcoin bouge peu — marché plutôt plat ; journée plutôt range. Taux de financement actuel 0.000058, moyenne trente jours 0.000055, mois précédent 0.00006. Avis : proche de la moyenne des trente jours, En clair : funding positif soft — les longs paient encore les shorts, rien d’extrême.  Ratio long court 1.07, intérêt ouvert 1e+05, ratio acheteur 1.1. Avis positionnement : équilibre long-court assez classique ; l’intérêt ouvert donne la taille des paris ouverts — à croiser avec le prix, pas seul. Baleines : 2 grosses transactions, environ 1e+06 dollars. Avis baleines : 2 print(s) au-dessus du seuil — activité institutionnelle ou whale possible, à croiser avec le prix. Ace en direct, 1016 passés, bénéfice session -8.54$, chaleur 3e+01. Avis stacks : chaleur Ace élevée — beaucoup d’activité ou de stress moteur ; session Ace en recul — normal de ralentir les conclusions ; beaucoup de SKIP : le filtre refuse souvent — sagesse ou marché trop sale. Portefeuille : Ace -8.54$, Hulk -5.06$, total -13.60$. Synthèse : sentiment neutre à légèrement positif. On laisse tourner le setup ; je sniffe, je ne décide pas à ta place.
[sentiment=NEUTRE]
[voix:WARN] edge KO (error) — pas de repli say (CORTANA_TTS=edge)
[voix:edge:fr-FR-VivienneMultilingualNeural:echec_gen] Cortana. Résumé Cortana, mode pédagogique. Climat calme, score quatre-vingt-treize sur cent. Avis climat : calme, score quatre-vingt-treize — thermo plutôt clém…
[voix:ok] Cortana. Résumé Cortana, mode pédagogique. Climat calme, score quatre-vingt-treize sur cent. Avis climat : calme, score quatre-vingt-treize — thermo plutôt clément ; bon pour observer, pas une invitat…
THERMO_OK climate=ok score=88
THERMO_LIVE /Users/christophe/ace777-test-day1/Index_Maison/thermo/live.json
FUNDING now=6.5e-05 avg30=5.481e-05 prevMonth=6.043e-05
MISSION_OK combo=-8.5387 cycle=585 alert=red since=2026-08-02T00:00Z
  ALPHA fills=4 pnl=-9.285 (life fills=4 pnl=-9.285)
  BETA  fills=33 pnl=0.7463 (life fills=33 pnl=0.7463)
  HULK  bags=5 pnl=-5.0617
Résumé Cortana, mode pédagogique. Climat calme, score 88 sur cent. Avis climat : calme, score 88 — thermo plutôt clément ; bon pour observer, pas une invitation à monter le risque. Bitcoin cours 64750 dollars, une heure 0.01%, quatre heures -0.27%, vingt-quatre heures 0.52%. Avis prix : sur une heure, le bitcoin bouge peu — marché plutôt plat. Taux de financement actuel 0.000065, moyenne trente jours 0.000055, mois précédent 0.00006. Avis : un peu plus haut que la moyenne des trente jours, et au-dessus de la moyenne du mois précédent. En clair : funding positif soft — les longs paient encore les shorts, rien d’extrême Ratio long court 1.12, intérêt ouvert 1e+05, ratio acheteur 0.87. Avis positionnement : équilibre long-court assez classique ; l’intérêt ouvert donne la taille des paris ouverts — à croiser avec le prix, pas seul. Baleines : 0 grosses transactions, environ 0 dollars. Avis baleines : pas de gros print proxy pour l’instant — silence ne veut pas dire calme absolu, juste rien d’énorme sur l’échantillon. Ace en direct, 1016 passés, bénéfice session -8.54$, chaleur 3e+01. Avis stacks : chaleur Ace élevée — beaucoup d’activité ou de stress moteur ; session Ace en recul — normal de ralentir les conclusions ; beaucoup de SKIP : le filtre refuse souvent — sagesse ou marché trop sale. Portefeuille : Ace -8.54$, Hulk -5.06$, total -13.60$. Synthèse : sentiment neutre à légèrement positif. On laisse tourner le setup ; je sniffe, je ne décide pas à ta place.
[sentiment=NEUTRE]
[voix:edge:fr-FR-VivienneMultilingualNeural] Cortana. Résumé Cortana, mode pédagogique. Climat calme, score quatre-vingt-huit sur cent. Avis climat : calme, score quatre-vingt-huit — thermo plutôt clément …
[voix:ok] Cortana. Résumé Cortana, mode pédagogique. Climat calme, score quatre-vingt-huit sur cent. Avis climat : calme, score quatre-vingt-huit — thermo plutôt clément ; bon pour observer, pas une invitation …
THERMO_OK climate=ok score=86
THERMO_LIVE /Users/christophe/ace777-test-day1/Index_Maison/thermo/live.json
FUNDING now=7.3e-05 avg30=5.481e-05 prevMonth=6.043e-05
MISSION_OK combo=-8.5387 cycle=585 alert=red since=2026-08-02T00:00Z
  ALPHA fills=4 pnl=-9.285 (life fills=4 pnl=-9.285)
  BETA  fills=33 pnl=0.7463 (life fills=33 pnl=0.7463)
  HULK  bags=5 pnl=-5.0617
Résumé Cortana, mode pédagogique. Climat calme, score 86 sur cent. Avis climat : calme, score 86 — thermo plutôt clément ; bon pour observer, pas une invitation à monter le risque. Bitcoin cours 64951 dollars, une heure 0.36%, quatre heures 0.10%, vingt-quatre heures 0.88%. Avis prix : sur une heure, légère hausse. Taux de financement actuel 0.000073, moyenne trente jours 0.000055, mois précédent 0.00006. Avis : un peu plus haut que la moyenne des trente jours, et au-dessus de la moyenne du mois précédent. En clair : funding positif soft — les longs paient encore les shorts, rien d’extrême Ratio long court 1.12, intérêt ouvert 1e+05, ratio acheteur 1.4. Avis positionnement : équilibre long-court assez classique ; les acheteurs agressifs dominent un peu (taker) ; l’intérêt ouvert donne la taille des paris ouverts — à croiser avec le prix, pas seul. Baleines : 0 grosses transactions, environ 0 dollars. Avis baleines : pas de gros print proxy pour l’instant — silence ne veut pas dire calme absolu, juste rien d’énorme sur l’échantillon. Ace en direct, 1016 passés, bénéfice session -8.54$, chaleur 3e+01. Avis stacks : chaleur Ace élevée — beaucoup d’activité ou de stress moteur ; session Ace en recul — normal de ralentir les conclusions ; beaucoup de SKIP : le filtre refuse souvent — sagesse ou marché trop sale. Portefeuille : Ace -8.54$, Hulk -5.06$, total -13.60$. Synthèse : sentiment neutre à légèrement positif. On laisse tourner le setup ; je sniffe, je ne décide pas à ta place.
[sentiment=NEUTRE]
[voix:edge:fr-FR-VivienneMultilingualNeural] Cortana. Résumé Cortana, mode pédagogique. Climat calme, score quatre-vingt-six sur cent. Avis climat : calme, score quatre-vingt-six — thermo plutôt clément ; …
[voix:ok] Cortana. Résumé Cortana, mode pédagogique. Climat calme, score quatre-vingt-six sur cent. Avis climat : calme, score quatre-vingt-six — thermo plutôt clément ; bon pour observer, pas une invitation à …
THERMO_OK climate=ok score=87
THERMO_LIVE /Users/christophe/ace777-test-day1/Index_Maison/thermo/live.json
FUNDING now=6.4e-05 avg30=5.481e-05 prevMonth=6.043e-05
MISSION_OK combo=-8.5387 cycle=585 alert=amber since=2026-08-02T00:00Z
  ALPHA fills=4 pnl=-9.285 (life fills=4 pnl=-9.285)
  BETA  fills=33 pnl=0.7463 (life fills=33 pnl=0.7463)
  HULK  bags=0 pnl=0.0
Résumé Cortana, mode pédagogique. Climat calme, score 87 sur cent. Avis climat : calme, score 87 — thermo plutôt clément ; bon pour observer, pas une invitation à monter le risque. Bitcoin cours 64940 dollars, une heure 0.01%, quatre heures 0.25%, vingt-quatre heures 0.79%. Avis prix : sur une heure, le bitcoin bouge peu — marché plutôt plat. Taux de financement actuel 0.000064, moyenne trente jours 0.000055, mois précédent 0.00006. Avis : un peu plus haut que la moyenne des trente jours, et au-dessus de la moyenne du mois précédent. En clair : funding positif soft — les longs paient encore les shorts, rien d’extrême Ratio long court 1.12, intérêt ouvert 1e+05, ratio acheteur 1. Avis positionnement : équilibre long-court assez classique ; l’intérêt ouvert donne la taille des paris ouverts — à croiser avec le prix, pas seul. Baleines : 1 grosses transactions, environ 1e+06 dollars. Avis baleines : 1 print(s) au-dessus du seuil — activité institutionnelle ou whale possible, à croiser avec le prix. Ace en direct, 1016 passés, bénéfice session -8.54$, chaleur 3e+01. Avis stacks : chaleur Ace élevée — beaucoup d’activité ou de stress moteur ; session Ace en recul — normal de ralentir les conclusions ; beaucoup de SKIP : le filtre refuse souvent — sagesse ou marché trop sale. Portefeuille : Ace -8.54$, Hulk 0.00$, total -8.54$. Synthèse : sentiment neutre à légèrement positif. On laisse tourner le setup ; je sniffe, je ne décide pas à ta place.
[sentiment=NEUTRE]
[voix:edge:fr-FR-VivienneMultilingualNeural] Cortana. Résumé Cortana, mode pédagogique. Climat calme, score quatre-vingt-sept sur cent. Avis climat : calme, score quatre-vingt-sept — thermo plutôt clément …
[voix:ok] Cortana. Résumé Cortana, mode pédagogique. Climat calme, score quatre-vingt-sept sur cent. Avis climat : calme, score quatre-vingt-sept — thermo plutôt clément ; bon pour observer, pas une invitation …
THERMO_OK climate=ok score=87
THERMO_LIVE /Users/christophe/ace777-test-day1/Index_Maison/thermo/live.json
FUNDING now=6.5e-05 avg30=5.481e-05 prevMonth=6.043e-05
MISSION_OK combo=-8.5387 cycle=585 alert=amber since=2026-08-02T00:00Z
  ALPHA fills=4 pnl=-9.285 (life fills=4 pnl=-9.285)
  BETA  fills=33 pnl=0.7463 (life fills=33 pnl=0.7463)
  HULK  bags=0 pnl=0.0
Résumé Cortana, mode pédagogique. Climat calme, score 87 sur cent. Avis climat : calme, score 87 — thermo plutôt clément ; bon pour observer, pas une invitation à monter le risque. Bitcoin cours 64945 dollars, une heure 0.00%, quatre heures 0.32%, vingt-quatre heures 0.83%. Avis prix : sur une heure, le bitcoin bouge peu — marché plutôt plat. Taux de financement actuel 0.000065, moyenne trente jours 0.000055, mois précédent 0.00006. Avis : un peu plus haut que la moyenne des trente jours, et au-dessus de la moyenne du mois précédent. En clair : funding positif soft — les longs paient encore les shorts, rien d’extrême Ratio long court 1.11, intérêt ouvert 1e+05, ratio acheteur 0.91. Avis positionnement : équilibre long-court assez classique ; l’intérêt ouvert donne la taille des paris ouverts — à croiser avec le prix, pas seul. Baleines : 1 grosses transactions, environ 6e+05 dollars. Avis baleines : 1 print(s) au-dessus du seuil — activité institutionnelle ou whale possible, à croiser avec le prix. Ace en direct, 1016 passés, bénéfice session -8.54$, chaleur 3e+01. Avis stacks : chaleur Ace élevée — beaucoup d’activité ou de stress moteur ; session Ace en recul — normal de ralentir les conclusions ; beaucoup de SKIP : le filtre refuse souvent — sagesse ou marché trop sale. Portefeuille : Ace -8.54$, Hulk 0.00$, total -8.54$. Synthèse : sentiment neutre à légèrement positif. On laisse tourner le setup ; je sniffe, je ne décide pas à ta place.
[sentiment=NEUTRE]
[voix:edge:fr-FR-VivienneMultilingualNeural] Cortana. Résumé Cortana, mode pédagogique. Climat calme, score quatre-vingt-sept sur cent. Avis climat : calme, score quatre-vingt-sept — thermo plutôt clément …
[voix:ok] Cortana. Résumé Cortana, mode pédagogique. Climat calme, score quatre-vingt-sept sur cent. Avis climat : calme, score quatre-vingt-sept — thermo plutôt clément ; bon pour observer, pas une invitation …
THERMO_OK climate=ok score=87
THERMO_LIVE /Users/christophe/ace777-test-day1/Index_Maison/thermo/live.json
FUNDING now=6.1e-05 avg30=5.481e-05 prevMonth=6.043e-05
MISSION_OK combo=-8.5387 cycle=585 alert=amber since=2026-08-02T00:00Z
  ALPHA fills=4 pnl=-9.285 (life fills=4 pnl=-9.285)
  BETA  fills=33 pnl=0.7463 (life fills=33 pnl=0.7463)
  HULK  bags=0 pnl=0.0
Résumé Cortana, mode pédagogique. Climat calme, score 87 sur cent. Avis climat : calme, score 87 — thermo plutôt clément ; bon pour observer, pas une invitation à monter le risque. Bitcoin cours 64892 dollars, une heure -0.01%, quatre heures 0.28%, vingt-quatre heures 0.88%. Avis prix : sur une heure, le bitcoin bouge peu — marché plutôt plat. Taux de financement actuel 0.000061, moyenne trente jours 0.000055, mois précédent 0.00006. Avis : un peu plus haut que la moyenne des trente jours, En clair : funding positif soft — les longs paient encore les shorts, rien d’extrême.  Ratio long court 1.1, intérêt ouvert 1e+05, ratio acheteur 1.2. Avis positionnement : équilibre long-court assez classique ; l’intérêt ouvert donne la taille des paris ouverts — à croiser avec le prix, pas seul. Baleines : 1 grosses transactions, environ 7e+05 dollars. Avis baleines : 1 print(s) au-dessus du seuil — activité institutionnelle ou whale possible, à croiser avec le prix. Ace en direct, 1016 passés, bénéfice session -8.54$, chaleur 3e+01. Avis stacks : chaleur Ace élevée — beaucoup d’activité ou de stress moteur ; session Ace en recul — normal de ralentir les conclusions ; beaucoup de SKIP : le filtre refuse souvent — sagesse ou marché trop sale. Portefeuille : Ace -8.54$, Hulk 0.00$, total -8.54$. Synthèse : sentiment neutre à légèrement positif. On laisse tourner le setup ; je sniffe, je ne décide pas à ta place.
[sentiment=NEUTRE]
[voix:edge:fr-FR-VivienneMultilingualNeural] Cortana. Résumé Cortana, mode pédagogique. Climat calme, score quatre-vingt-sept sur cent. Avis climat : calme, score quatre-vingt-sept — thermo plutôt clément …
[voix:ok] Cortana. Résumé Cortana, mode pédagogique. Climat calme, score quatre-vingt-sept sur cent. Avis climat : calme, score quatre-vingt-sept — thermo plutôt clément ; bon pour observer, pas une invitation …
THERMO_OK climate=ok score=88
THERMO_LIVE /Users/christophe/ace777-test-day1/Index_Maison/thermo/live.json
FUNDING now=5.6e-05 avg30=5.481e-05 prevMonth=6.043e-05
MISSION_OK combo=-8.5387 cycle=585 alert=amber since=2026-08-02T00:00Z
  ALPHA fills=4 pnl=-9.285 (life fills=4 pnl=-9.285)
  BETA  fills=33 pnl=0.7463 (life fills=33 pnl=0.7463)
  HULK  bags=0 pnl=0.0
Résumé Cortana, mode pédagogique. Climat calme, score 88 sur cent. Avis climat : calme, score 88 — thermo plutôt clément ; bon pour observer, pas une invitation à monter le risque. Bitcoin cours 64885 dollars, une heure 0.04%, quatre heures -0.07%, vingt-quatre heures 0.92%. Avis prix : sur une heure, le bitcoin bouge peu — marché plutôt plat. Taux de financement actuel 0.000056, moyenne trente jours 0.000055, mois précédent 0.00006. Avis : proche de la moyenne des trente jours, et sous la moyenne du mois précédent. En clair : funding positif soft — les longs paient encore les shorts, rien d’extrême Ratio long court 1.1, intérêt ouvert 1e+05, ratio acheteur 0.74. Avis positionnement : équilibre long-court assez classique ; les vendeurs agressifs dominent un peu (taker) ; l’intérêt ouvert donne la taille des paris ouverts — à croiser avec le prix, pas seul. Baleines : 0 grosses transactions, environ 0 dollars. Avis baleines : pas de gros print proxy pour l’instant — silence ne veut pas dire calme absolu, juste rien d’énorme sur l’échantillon. Ace en direct, 1016 passés, bénéfice session -8.54$, chaleur 3e+01. Avis stacks : chaleur Ace élevée — beaucoup d’activité ou de stress moteur ; session Ace en recul — normal de ralentir les conclusions ; beaucoup de SKIP : le filtre refuse souvent — sagesse ou marché trop sale. Portefeuille : Ace -8.54$, Hulk 0.00$, total -8.54$. Synthèse : sentiment neutre à légèrement positif. On laisse tourner le setup ; je sniffe, je ne décide pas à ta place.
[sentiment=NEUTRE]
[voix:edge:fr-FR-VivienneMultilingualNeural] Cortana. Résumé Cortana, mode pédagogique. Climat calme, score quatre-vingt-huit sur cent. Avis climat : calme, score quatre-vingt-huit — thermo plutôt clément …
[voix:ok] Cortana. Résumé Cortana, mode pédagogique. Climat calme, score quatre-vingt-huit sur cent. Avis climat : calme, score quatre-vingt-huit — thermo plutôt clément ; bon pour observer, pas une invitation …
THERMO_OK climate=ok score=88
THERMO_LIVE /Users/christophe/ace777-test-day1/Index_Maison/thermo/live.json
FUNDING now=5.1e-05 avg30=5.475e-05 prevMonth=6.067e-05
MISSION_OK combo=-8.5387 cycle=585 alert=amber since=2026-08-02T00:00Z
  ALPHA fills=4 pnl=-9.285 (life fills=4 pnl=-9.285)
  BETA  fills=33 pnl=0.7463 (life fills=33 pnl=0.7463)
  HULK  bags=0 pnl=0.0
Résumé Cortana, mode pédagogique. Climat calme, score 88 sur cent. Avis climat : calme, score 88 — thermo plutôt clément ; bon pour observer, pas une invitation à monter le risque. Bitcoin cours 64890 dollars, une heure 0.00%, quatre heures -0.01%, vingt-quatre heures 0.96%. Avis prix : sur une heure, le bitcoin bouge peu — marché plutôt plat. Taux de financement actuel 0.000051, moyenne trente jours 0.000055, mois précédent 0.000061. Avis : proche de la moyenne des trente jours, et sous la moyenne du mois précédent. En clair : funding positif soft — les longs paient encore les shorts, rien d’extrême Ratio long court 1.1, intérêt ouvert 1e+05, ratio acheteur 1.2. Avis positionnement : équilibre long-court assez classique ; l’intérêt ouvert donne la taille des paris ouverts — à croiser avec le prix, pas seul. Baleines : 1 grosses transactions, environ 6e+05 dollars. Avis baleines : 1 print(s) au-dessus du seuil — activité institutionnelle ou whale possible, à croiser avec le prix. Ace en direct, 1016 passés, bénéfice session -8.54$, chaleur 3e+01. Avis stacks : chaleur Ace élevée — beaucoup d’activité ou de stress moteur ; session Ace en recul — normal de ralentir les conclusions ; beaucoup de SKIP : le filtre refuse souvent — sagesse ou marché trop sale. Portefeuille : Ace -8.54$, Hulk 0.00$, total -8.54$. Synthèse : sentiment neutre à légèrement positif. On laisse tourner le setup ; je sniffe, je ne décide pas à ta place.
[sentiment=NEUTRE]
[voix:edge:fr-FR-VivienneMultilingualNeural] Cortana. Résumé Cortana, mode pédagogique. Climat calme, score quatre-vingt-huit sur cent. Avis climat : calme, score quatre-vingt-huit — thermo plutôt clément …
[voix:ok] Cortana. Résumé Cortana, mode pédagogique. Climat calme, score quatre-vingt-huit sur cent. Avis climat : calme, score quatre-vingt-huit — thermo plutôt clément ; bon pour observer, pas une invitation …
THERMO_OK climate=ok score=90
THERMO_LIVE /Users/christophe/ace777-test-day1/Index_Maison/thermo/live.json
FUNDING now=3.5e-05 avg30=5.475e-05 prevMonth=6.067e-05
MISSION_OK combo=-8.5387 cycle=585 alert=amber since=2026-08-02T00:00Z
  ALPHA fills=4 pnl=-9.285 (life fills=4 pnl=-9.285)
  BETA  fills=33 pnl=0.7463 (life fills=33 pnl=0.7463)
  HULK  bags=0 pnl=0.0
Résumé Cortana, mode pédagogique. Climat calme, score 90 sur cent. Avis climat : calme, score 90 — thermo plutôt clément ; bon pour observer, pas une invitation à monter le risque. Bitcoin cours 64880 dollars, une heure -0.00%, quatre heures 0.03%, vingt-quatre heures 0.79%. Avis prix : sur une heure, le bitcoin bouge peu — marché plutôt plat. Taux de financement actuel 0.000035, moyenne trente jours 0.000055, mois précédent 0.000061. Avis : un peu plus bas que la moyenne des trente jours, et sous la moyenne du mois précédent. En clair : funding positif soft — les longs paient encore les shorts, rien d’extrême Ratio long court 1.11, intérêt ouvert 1e+05, ratio acheteur 1.1. Avis positionnement : équilibre long-court assez classique ; l’intérêt ouvert donne la taille des paris ouverts — à croiser avec le prix, pas seul. Baleines : 0 grosses transactions, environ 0 dollars. Avis baleines : pas de gros print proxy pour l’instant — silence ne veut pas dire calme absolu, juste rien d’énorme sur l’échantillon. Ace en direct, 1016 passés, bénéfice session -8.54$, chaleur 3e+01. Avis stacks : chaleur Ace élevée — beaucoup d’activité ou de stress moteur ; session Ace en recul — normal de ralentir les conclusions ; beaucoup de SKIP : le filtre refuse souvent — sagesse ou marché trop sale. Portefeuille : Ace -8.54$, Hulk 0.00$, total -8.54$. Synthèse : sentiment neutre à légèrement positif. On laisse tourner le setup ; je sniffe, je ne décide pas à ta place.
[sentiment=NEUTRE]
[voix:edge:fr-FR-VivienneMultilingualNeural] Cortana. Résumé Cortana, mode pédagogique. Climat calme, score quatre-vingt-dix sur cent. Avis climat : calme, score quatre-vingt-dix — thermo plutôt clément ; …
[voix:ok] Cortana. Résumé Cortana, mode pédagogique. Climat calme, score quatre-vingt-dix sur cent. Avis climat : calme, score quatre-vingt-dix — thermo plutôt clément ; bon pour observer, pas une invitation à …
THERMO_OK climate=ok score=89
THERMO_LIVE /Users/christophe/ace777-test-day1/Index_Maison/thermo/live.json
FUNDING now=3.5e-05 avg30=5.475e-05 prevMonth=6.067e-05
MISSION_OK combo=-8.5387 cycle=585 alert=amber since=2026-08-02T00:00Z
  ALPHA fills=4 pnl=-9.285 (life fills=4 pnl=-9.285)
  BETA  fills=33 pnl=0.7463 (life fills=33 pnl=0.7463)
  HULK  bags=0 pnl=0.0
Résumé Cortana, mode pédagogique. Climat calme, score 89 sur cent. Avis climat : calme, score 89 — thermo plutôt clément ; bon pour observer, pas une invitation à monter le risque. Bitcoin cours 64900 dollars, une heure 0.02%, quatre heures 0.02%, vingt-quatre heures 0.89%. Avis prix : sur une heure, le bitcoin bouge peu — marché plutôt plat. Taux de financement actuel 0.000035, moyenne trente jours 0.000055, mois précédent 0.000061. Avis : un peu plus bas que la moyenne des trente jours, et sous la moyenne du mois précédent. En clair : funding positif soft — les longs paient encore les shorts, rien d’extrême Ratio long court 1.11, intérêt ouvert 1e+05, ratio acheteur 0.94. Avis positionnement : équilibre long-court assez classique ; l’intérêt ouvert donne la taille des paris ouverts — à croiser avec le prix, pas seul. Baleines : 1 grosses transactions, environ 1e+06 dollars. Avis baleines : 1 print(s) au-dessus du seuil — activité institutionnelle ou whale possible, à croiser avec le prix. Ace en direct, 1016 passés, bénéfice session -8.54$, chaleur 3e+01. Avis stacks : chaleur Ace élevée — beaucoup d’activité ou de stress moteur ; session Ace en recul — normal de ralentir les conclusions ; beaucoup de SKIP : le filtre refuse souvent — sagesse ou marché trop sale. Portefeuille : Ace -8.54$, Hulk 0.00$, total -8.54$. Synthèse : sentiment neutre à légèrement positif. On laisse tourner le setup ; je sniffe, je ne décide pas à ta place.
[sentiment=NEUTRE]
[voix:edge:fr-FR-VivienneMultilingualNeural] Cortana. Résumé Cortana, mode pédagogique. Climat calme, score quatre-vingt-neuf sur cent. Avis climat : calme, score quatre-vingt-neuf — thermo plutôt clément …
[voix:ok] Cortana. Résumé Cortana, mode pédagogique. Climat calme, score quatre-vingt-neuf sur cent. Avis climat : calme, score quatre-vingt-neuf — thermo plutôt clément ; bon pour observer, pas une invitation …
THERMO_OK climate=ok score=88
THERMO_LIVE /Users/christophe/ace777-test-day1/Index_Maison/thermo/live.json
FUNDING now=3.9e-05 avg30=5.475e-05 prevMonth=6.067e-05
MISSION_OK combo=-8.5387 cycle=585 alert=amber since=2026-08-02T00:00Z
  ALPHA fills=4 pnl=-9.285 (life fills=4 pnl=-9.285)
  BETA  fills=33 pnl=0.7463 (life fills=33 pnl=0.7463)
  HULK  bags=0 pnl=0.0
Résumé Cortana, mode pédagogique. Climat calme, score 88 sur cent. Avis climat : calme, score 88 — thermo plutôt clément ; bon pour observer, pas une invitation à monter le risque. Bitcoin cours 64948 dollars, une heure -0.08%, quatre heures 0.09%, vingt-quatre heures 1.01%. Avis prix : sur une heure, le bitcoin bouge peu — marché plutôt plat. Taux de financement actuel 0.000039, moyenne trente jours 0.000055, mois précédent 0.000061. Avis : un peu plus bas que la moyenne des trente jours, et sous la moyenne du mois précédent. En clair : funding positif soft — les longs paient encore les shorts, rien d’extrême Ratio long court 1.11, intérêt ouvert 1e+05, ratio acheteur 1.6. Avis positionnement : équilibre long-court assez classique ; les acheteurs agressifs dominent un peu (taker) ; l’intérêt ouvert donne la taille des paris ouverts — à croiser avec le prix, pas seul. Baleines : 1 grosses transactions, environ 1e+06 dollars. Avis baleines : 1 print(s) au-dessus du seuil — activité institutionnelle ou whale possible, à croiser avec le prix. Ace en direct, 1016 passés, bénéfice session -8.54$, chaleur 3e+01. Avis stacks : chaleur Ace élevée — beaucoup d’activité ou de stress moteur ; session Ace en recul — normal de ralentir les conclusions ; beaucoup de SKIP : le filtre refuse souvent — sagesse ou marché trop sale. Portefeuille : Ace -8.54$, Hulk 0.00$, total -8.54$. Synthèse : sentiment neutre à légèrement positif. On laisse tourner le setup ; je sniffe, je ne décide pas à ta place.
[sentiment=NEUTRE]
[voix:edge:fr-FR-VivienneMultilingualNeural] Cortana. Résumé Cortana, mode pédagogique. Climat calme, score quatre-vingt-huit sur cent. Avis climat : calme, score quatre-vingt-huit — thermo plutôt clément …
[voix:ok] Cortana. Résumé Cortana, mode pédagogique. Climat calme, score quatre-vingt-huit sur cent. Avis climat : calme, score quatre-vingt-huit — thermo plutôt clément ; bon pour observer, pas une invitation …
THERMO_OK climate=ok score=88
THERMO_LIVE /Users/christophe/ace777-test-day1/Index_Maison/thermo/live.json
FUNDING now=3e-05 avg30=5.475e-05 prevMonth=6.067e-05
MISSION_OK combo=-8.5387 cycle=585 alert=amber since=2026-08-02T00:00Z
  ALPHA fills=4 pnl=-9.285 (life fills=4 pnl=-9.285)
  BETA  fills=33 pnl=0.7463 (life fills=33 pnl=0.7463)
  HULK  bags=0 pnl=0.0
Résumé Cortana, mode pédagogique. Climat calme, score 88 sur cent. Avis climat : calme, score 88 — thermo plutôt clément ; bon pour observer, pas une invitation à monter le risque. Bitcoin cours 64972 dollars, une heure -0.01%, quatre heures 0.14%, vingt-quatre heures 1.16%. Avis prix : sur une heure, le bitcoin bouge peu — marché plutôt plat. Taux de financement actuel 0.00003, moyenne trente jours 0.000055, mois précédent 0.000061. Avis : un peu plus bas que la moyenne des trente jours, et sous la moyenne du mois précédent. En clair : funding positif soft — les longs paient encore les shorts, rien d’extrême Ratio long court 1.11, intérêt ouvert 1e+05, ratio acheteur 0.98. Avis positionnement : équilibre long-court assez classique ; l’intérêt ouvert donne la taille des paris ouverts — à croiser avec le prix, pas seul. Baleines : 0 grosses transactions, environ 0 dollars. Avis baleines : pas de gros print proxy pour l’instant — silence ne veut pas dire calme absolu, juste rien d’énorme sur l’échantillon. Ace en direct, 1016 passés, bénéfice session -8.54$, chaleur 3e+01. Avis stacks : chaleur Ace élevée — beaucoup d’activité ou de stress moteur ; session Ace en recul — normal de ralentir les conclusions ; beaucoup de SKIP : le filtre refuse souvent — sagesse ou marché trop sale. Portefeuille : Ace -8.54$, Hulk 0.00$, total -8.54$. Synthèse : sentiment neutre à légèrement positif. On laisse tourner le setup ; je sniffe, je ne décide pas à ta place.
[sentiment=NEUTRE]
[voix:edge:fr-FR-VivienneMultilingualNeural] Cortana. Résumé Cortana, mode pédagogique. Climat calme, score quatre-vingt-huit sur cent. Avis climat : calme, score quatre-vingt-huit — thermo plutôt clément …
[voix:ok] Cortana. Résumé Cortana, mode pédagogique. Climat calme, score quatre-vingt-huit sur cent. Avis climat : calme, score quatre-vingt-huit — thermo plutôt clément ; bon pour observer, pas une invitation …
THERMO_OK climate=ok score=89
THERMO_LIVE /Users/christophe/ace777-test-day1/Index_Maison/thermo/live.json
FUNDING now=3.4e-05 avg30=5.475e-05 prevMonth=6.067e-05
MISSION_OK combo=-8.5387 cycle=585 alert=amber since=2026-08-02T00:00Z
  ALPHA fills=4 pnl=-9.285 (life fills=4 pnl=-9.285)
  BETA  fills=33 pnl=0.7463 (life fills=33 pnl=0.7463)
  HULK  bags=0 pnl=0.0
Résumé Cortana, mode pédagogique. Climat calme, score 89 sur cent. Avis climat : calme, score 89 — thermo plutôt clément ; bon pour observer, pas une invitation à monter le risque. Bitcoin cours 64950 dollars, une heure -0.03%, quatre heures 0.09%, vingt-quatre heures 0.91%. Avis prix : sur une heure, le bitcoin bouge peu — marché plutôt plat. Taux de financement actuel 0.000034, moyenne trente jours 0.000055, mois précédent 0.000061. Avis : un peu plus bas que la moyenne des trente jours, et sous la moyenne du mois précédent. En clair : funding positif soft — les longs paient encore les shorts, rien d’extrême Ratio long court 1.11, intérêt ouvert 1e+05, ratio acheteur 1.2. Avis positionnement : équilibre long-court assez classique ; l’intérêt ouvert donne la taille des paris ouverts — à croiser avec le prix, pas seul. Baleines : 0 grosses transactions, environ 0 dollars. Avis baleines : pas de gros print proxy pour l’instant — silence ne veut pas dire calme absolu, juste rien d’énorme sur l’échantillon. Ace en direct, 1016 passés, bénéfice session -8.54$, chaleur 3e+01. Avis stacks : chaleur Ace élevée — beaucoup d’activité ou de stress moteur ; session Ace en recul — normal de ralentir les conclusions ; beaucoup de SKIP : le filtre refuse souvent — sagesse ou marché trop sale. Portefeuille : Ace -8.54$, Hulk 0.00$, total -8.54$. Synthèse : sentiment neutre à légèrement positif. On laisse tourner le setup ; je sniffe, je ne décide pas à ta place.
[sentiment=NEUTRE]
[voix:edge:fr-FR-VivienneMultilingualNeural] Cortana. Résumé Cortana, mode pédagogique. Climat calme, score quatre-vingt-neuf sur cent. Avis climat : calme, score quatre-vingt-neuf — thermo plutôt clément …
[voix:ok] Cortana. Résumé Cortana, mode pédagogique. Climat calme, score quatre-vingt-neuf sur cent. Avis climat : calme, score quatre-vingt-neuf — thermo plutôt clément ; bon pour observer, pas une invitation …
THERMO_OK climate=ok score=92 DEGRADED=oi,mark,funding,chg24,fearGreed
THERMO_LIVE /Users/christophe/ace777-test-day1/Index_Maison/thermo/live.json
FUNDING now=3.4e-05 avg30=None prevMonth=None
MISSION_OK combo=-8.5387 cycle=585 alert=amber since=2026-08-02T00:00Z
  ALPHA fills=4 pnl=-9.285 (life fills=4 pnl=-9.285)
  BETA  fills=33 pnl=0.7463 (life fills=33 pnl=0.7463)
  HULK  bags=0 pnl=0.0
Résumé Cortana, mode pédagogique. Climat calme, score 92 sur cent. Avis climat : calme, score 92 — thermo plutôt clément ; bon pour observer, pas une invitation à monter le risque. Bitcoin cours 64950 dollars, une heure n/d, quatre heures n/d, vingt-quatre heures 0.91%. Avis prix : lecture incomplète. Taux de financement actuel 0.000034, moyenne trente jours non disponible, mois précédent non disponible. Avis : En clair : funding positif soft — les longs paient encore les shorts, rien d’extrême.  Ratio long court n/d, intérêt ouvert 1e+05, ratio acheteur n/d. Avis positionnement : l’intérêt ouvert donne la taille des paris ouverts — à croiser avec le prix, pas seul. Baleines : 0 grosses transactions, environ 0 dollars. Avis baleines : pas de gros print proxy pour l’instant — silence ne veut pas dire calme absolu, juste rien d’énorme sur l’échantillon. Ace en direct, 1016 passés, bénéfice session -8.54$, chaleur 3e+01. Avis stacks : chaleur Ace élevée — beaucoup d’activité ou de stress moteur ; session Ace en recul — normal de ralentir les conclusions ; beaucoup de SKIP : le filtre refuse souvent — sagesse ou marché trop sale. Portefeuille : Ace -8.54$, Hulk 0.00$, total -8.54$. Synthèse : sentiment neutre à légèrement positif. On laisse tourner le setup ; je sniffe, je ne décide pas à ta place.
[sentiment=NEUTRE]
[voix:WARN] edge KO (gen_fail) — pas de repli say (CORTANA_TTS=edge)
[voix:edge:fr-FR-VivienneMultilingualNeural:echec_gen] Cortana. Résumé Cortana, mode pédagogique. Climat calme, score quatre-vingt-douze sur cent. Avis climat : calme, score quatre-vingt-douze — thermo plutôt clémen…
[voix:ok] Cortana. Résumé Cortana, mode pédagogique. Climat calme, score quatre-vingt-douze sur cent. Avis climat : calme, score quatre-vingt-douze — thermo plutôt clément ; bon pour observer, pas une invitatio…
THERMO_OK climate=ok score=87
THERMO_LIVE /Users/christophe/ace777-test-day1/Index_Maison/thermo/live.json
FUNDING now=5.9e-05 avg30=5.461e-05 prevMonth=6.081e-05
MISSION_OK combo=-8.5387 cycle=585 alert=amber since=2026-08-02T00:00Z
  ALPHA fills=4 pnl=-9.285 (life fills=4 pnl=-9.285)
  BETA  fills=33 pnl=0.7463 (life fills=33 pnl=0.7463)
  HULK  bags=0 pnl=0.0
Résumé Cortana, mode pédagogique. Climat calme, score 87 sur cent. Avis climat : calme, score 87 — thermo plutôt clément ; bon pour observer, pas une invitation à monter le risque. Bitcoin cours 64939 dollars, une heure 0.00%, quatre heures -0.06%, vingt-quatre heures 0.87%. Avis prix : sur une heure, le bitcoin bouge peu — marché plutôt plat. Taux de financement actuel 0.000059, moyenne trente jours 0.000055, mois précédent 0.000061. Avis : un peu plus haut que la moyenne des trente jours, En clair : funding positif soft — les longs paient encore les shorts, rien d’extrême.  Ratio long court 1.11, intérêt ouvert 1e+05, ratio acheteur 0.9. Avis positionnement : équilibre long-court assez classique ; l’intérêt ouvert donne la taille des paris ouverts — à croiser avec le prix, pas seul. Baleines : 0 grosses transactions, environ 0 dollars. Avis baleines : pas de gros print proxy pour l’instant — silence ne veut pas dire calme absolu, juste rien d’énorme sur l’échantillon. Ace en direct, 1016 passés, bénéfice session -8.54$, chaleur 3e+01. Avis stacks : chaleur Ace élevée — beaucoup d’activité ou de stress moteur ; session Ace en recul — normal de ralentir les conclusions ; beaucoup de SKIP : le filtre refuse souvent — sagesse ou marché trop sale. Portefeuille : Ace -8.54$, Hulk 0.00$, total -8.54$. Synthèse : sentiment neutre à légèrement positif. On laisse tourner le setup ; je sniffe, je ne décide pas à ta place.
[sentiment=NEUTRE]
[voix:edge:fr-FR-VivienneMultilingualNeural] Cortana. Résumé Cortana, mode pédagogique. Climat calme, score quatre-vingt-sept sur cent. Avis climat : calme, score quatre-vingt-sept — thermo plutôt clément …
[voix:ok] Cortana. Résumé Cortana, mode pédagogique. Climat calme, score quatre-vingt-sept sur cent. Avis climat : calme, score quatre-vingt-sept — thermo plutôt clément ; bon pour observer, pas une invitation …
THERMO_OK climate=ok score=89
THERMO_LIVE /Users/christophe/ace777-test-day1/Index_Maison/thermo/live.json
FUNDING now=7.1e-05 avg30=5.461e-05 prevMonth=6.081e-05
MISSION_OK combo=-8.5387 cycle=585 alert=amber since=2026-08-02T00:00Z
  ALPHA fills=4 pnl=-9.285 (life fills=4 pnl=-9.285)
  BETA  fills=33 pnl=0.7463 (life fills=33 pnl=0.7463)
  HULK  bags=0 pnl=0.0
Résumé Cortana, mode pédagogique. Climat calme, score 89 sur cent. Avis climat : calme, score 89 — thermo plutôt clément ; bon pour observer, pas une invitation à monter le risque. Bitcoin cours 64992 dollars, une heure 0.04%, quatre heures 0.04%, vingt-quatre heures 0.36%. Avis prix : sur une heure, le bitcoin bouge peu — marché plutôt plat ; journée plutôt range. Taux de financement actuel 0.000071, moyenne trente jours 0.000055, mois précédent 0.000061. Avis : un peu plus haut que la moyenne des trente jours, et au-dessus de la moyenne du mois précédent. En clair : funding positif soft — les longs paient encore les shorts, rien d’extrême Ratio long court 1.12, intérêt ouvert 1e+05, ratio acheteur 1.3. Avis positionnement : équilibre long-court assez classique ; les acheteurs agressifs dominent un peu (taker) ; l’intérêt ouvert donne la taille des paris ouverts — à croiser avec le prix, pas seul. Baleines : 0 grosses transactions, environ 0 dollars. Avis baleines : pas de gros print proxy pour l’instant — silence ne veut pas dire calme absolu, juste rien d’énorme sur l’échantillon. Ace en direct, 1016 passés, bénéfice session -8.54$, chaleur 3e+01. Avis stacks : chaleur Ace élevée — beaucoup d’activité ou de stress moteur ; session Ace en recul — normal de ralentir les conclusions ; beaucoup de SKIP : le filtre refuse souvent — sagesse ou marché trop sale. Portefeuille : Ace -8.54$, Hulk 0.00$, total -8.54$. Synthèse : sentiment neutre à légèrement positif. On laisse tourner le setup ; je sniffe, je ne décide pas à ta place.
[sentiment=NEUTRE]
[voix:edge:fr-FR-VivienneMultilingualNeural] Cortana. Résumé Cortana, mode pédagogique. Climat calme, score quatre-vingt-neuf sur cent. Avis climat : calme, score quatre-vingt-neuf — thermo plutôt clément …
[voix:ok] Cortana. Résumé Cortana, mode pédagogique. Climat calme, score quatre-vingt-neuf sur cent. Avis climat : calme, score quatre-vingt-neuf — thermo plutôt clément ; bon pour observer, pas une invitation …
THERMO_OK climate=ok score=90
THERMO_LIVE /Users/christophe/ace777-test-day1/Index_Maison/thermo/live.json
FUNDING now=6.5e-05 avg30=5.461e-05 prevMonth=6.081e-05
MISSION_OK combo=-8.5387 cycle=585 alert=amber since=2026-08-02T00:00Z
  ALPHA fills=4 pnl=-9.285 (life fills=4 pnl=-9.285)
  BETA  fills=33 pnl=0.7463 (life fills=33 pnl=0.7463)
  HULK  bags=0 pnl=0.0
Résumé Cortana, mode pédagogique. Climat calme, score 90 sur cent. Avis climat : calme, score 90 — thermo plutôt clément ; bon pour observer, pas une invitation à monter le risque. Bitcoin cours 64969 dollars, une heure 0.01%, quatre heures -0.02%, vingt-quatre heures 0.23%. Avis prix : sur une heure, le bitcoin bouge peu — marché plutôt plat ; journée plutôt range. Taux de financement actuel 0.000065, moyenne trente jours 0.000055, mois précédent 0.000061. Avis : un peu plus haut que la moyenne des trente jours, et au-dessus de la moyenne du mois précédent. En clair : funding positif soft — les longs paient encore les shorts, rien d’extrême Ratio long court 1.12, intérêt ouvert 1e+05, ratio acheteur 1.1. Avis positionnement : équilibre long-court assez classique ; l’intérêt ouvert donne la taille des paris ouverts — à croiser avec le prix, pas seul. Baleines : 3 grosses transactions, environ 2e+06 dollars. Avis baleines : 3 gros print(s), somme élevée — quelqu’un de gros a frappé ; je note, je ne traduis pas ça en ordre. Ace en direct, 1016 passés, bénéfice session -8.54$, chaleur 3e+01. Avis stacks : chaleur Ace élevée — beaucoup d’activité ou de stress moteur ; session Ace en recul — normal de ralentir les conclusions ; beaucoup de SKIP : le filtre refuse souvent — sagesse ou marché trop sale. Portefeuille : Ace -8.54$, Hulk 0.00$, total -8.54$. Synthèse : sentiment neutre à légèrement positif. On laisse tourner le setup ; je sniffe, je ne décide pas à ta place.
[sentiment=NEUTRE]
[voix:edge:fr-FR-VivienneMultilingualNeural] Cortana. Résumé Cortana, mode pédagogique. Climat calme, score quatre-vingt-dix sur cent. Avis climat : calme, score quatre-vingt-dix — thermo plutôt clément ; …
[voix:ok] Cortana. Résumé Cortana, mode pédagogique. Climat calme, score quatre-vingt-dix sur cent. Avis climat : calme, score quatre-vingt-dix — thermo plutôt clément ; bon pour observer, pas une invitation à …
THERMO_OK climate=ok score=90
THERMO_LIVE /Users/christophe/ace777-test-day1/Index_Maison/thermo/live.json
FUNDING now=6.2e-05 avg30=5.461e-05 prevMonth=6.081e-05
MISSION_OK combo=-8.5387 cycle=585 alert=amber since=2026-08-02T00:00Z
  ALPHA fills=4 pnl=-9.285 (life fills=4 pnl=-9.285)
  BETA  fills=33 pnl=0.7463 (life fills=33 pnl=0.7463)
  HULK  bags=0 pnl=0.0
Résumé Cortana, mode pédagogique. Climat calme, score 90 sur cent. Avis climat : calme, score 90 — thermo plutôt clément ; bon pour observer, pas une invitation à monter le risque. Bitcoin cours 64948 dollars, une heure -0.05%, quatre heures 0.02%, vingt-quatre heures -0.23%. Avis prix : sur une heure, le bitcoin bouge peu — marché plutôt plat ; journée plutôt range. Taux de financement actuel 0.000062, moyenne trente jours 0.000055, mois précédent 0.000061. Avis : un peu plus haut que la moyenne des trente jours, En clair : funding positif soft — les longs paient encore les shorts, rien d’extrême.  Ratio long court 1.13, intérêt ouvert 1e+05, ratio acheteur 1.1. Avis positionnement : équilibre long-court assez classique ; l’intérêt ouvert donne la taille des paris ouverts — à croiser avec le prix, pas seul. Baleines : 0 grosses transactions, environ 0 dollars. Avis baleines : pas de gros print proxy pour l’instant — silence ne veut pas dire calme absolu, juste rien d’énorme sur l’échantillon. Ace en direct, 1016 passés, bénéfice session -8.54$, chaleur 3e+01. Avis stacks : chaleur Ace élevée — beaucoup d’activité ou de stress moteur ; session Ace en recul — normal de ralentir les conclusions ; beaucoup de SKIP : le filtre refuse souvent — sagesse ou marché trop sale. Portefeuille : Ace -8.54$, Hulk 0.00$, total -8.54$. Synthèse : sentiment neutre à légèrement positif. On laisse tourner le setup ; je sniffe, je ne décide pas à ta place.
[sentiment=NEUTRE]
[voix:edge:fr-FR-VivienneMultilingualNeural] Cortana. Résumé Cortana, mode pédagogique. Climat calme, score quatre-vingt-dix sur cent. Avis climat : calme, score quatre-vingt-dix — thermo plutôt clément ; …
[voix:ok] Cortana. Résumé Cortana, mode pédagogique. Climat calme, score quatre-vingt-dix sur cent. Avis climat : calme, score quatre-vingt-dix — thermo plutôt clément ; bon pour observer, pas une invitation à …
THERMO_OK climate=ok score=90
THERMO_LIVE /Users/christophe/ace777-test-day1/Index_Maison/thermo/live.json
FUNDING now=6.2e-05 avg30=5.461e-05 prevMonth=6.081e-05
MISSION_OK combo=-8.5387 cycle=585 alert=amber since=2026-08-02T00:00Z
  ALPHA fills=4 pnl=-9.285 (life fills=4 pnl=-9.285)
  BETA  fills=33 pnl=0.7463 (life fills=33 pnl=0.7463)
  HULK  bags=0 pnl=0.0
Résumé Cortana, mode pédagogique. Climat calme, score 90 sur cent. Avis climat : calme, score 90 — thermo plutôt clément ; bon pour observer, pas une invitation à monter le risque. Bitcoin cours 64949 dollars, une heure 0.02%, quatre heures -0.02%, vingt-quatre heures -0.23%. Avis prix : sur une heure, le bitcoin bouge peu — marché plutôt plat ; journée plutôt range. Taux de financement actuel 0.000062, moyenne trente jours 0.000055, mois précédent 0.000061. Avis : un peu plus haut que la moyenne des trente jours, En clair : funding positif soft — les longs paient encore les shorts, rien d’extrême.  Ratio long court 1.12, intérêt ouvert 1e+05, ratio acheteur 0.92. Avis positionnement : équilibre long-court assez classique ; l’intérêt ouvert donne la taille des paris ouverts — à croiser avec le prix, pas seul. Baleines : 0 grosses transactions, environ 0 dollars. Avis baleines : pas de gros print proxy pour l’instant — silence ne veut pas dire calme absolu, juste rien d’énorme sur l’échantillon. Ace en direct, 1016 passés, bénéfice session -8.54$, chaleur 3e+01. Avis stacks : chaleur Ace élevée — beaucoup d’activité ou de stress moteur ; session Ace en recul — normal de ralentir les conclusions ; beaucoup de SKIP : le filtre refuse souvent — sagesse ou marché trop sale. Portefeuille : Ace -8.54$, Hulk 0.00$, total -8.54$. Synthèse : sentiment neutre à légèrement positif. On laisse tourner le setup ; je sniffe, je ne décide pas à ta place.
[sentiment=NEUTRE]
[voix:edge:fr-FR-VivienneMultilingualNeural] Cortana. Résumé Cortana, mode pédagogique. Climat calme, score quatre-vingt-dix sur cent. Avis climat : calme, score quatre-vingt-dix — thermo plutôt clément ; …
[voix:ok] Cortana. Résumé Cortana, mode pédagogique. Climat calme, score quatre-vingt-dix sur cent. Avis climat : calme, score quatre-vingt-dix — thermo plutôt clément ; bon pour observer, pas une invitation à …
THERMO_OK climate=ok score=89
THERMO_LIVE /Users/christophe/ace777-test-day1/Index_Maison/thermo/live.json
FUNDING now=6.3e-05 avg30=5.461e-05 prevMonth=6.081e-05
MISSION_OK combo=-8.5387 cycle=585 alert=amber since=2026-08-02T00:00Z
  ALPHA fills=4 pnl=-9.285 (life fills=4 pnl=-9.285)
  BETA  fills=33 pnl=0.7463 (life fills=33 pnl=0.7463)
  HULK  bags=0 pnl=0.0
Résumé Cortana, mode pédagogique. Climat calme, score 89 sur cent. Avis climat : calme, score 89 — thermo plutôt clément ; bon pour observer, pas une invitation à monter le risque. Bitcoin cours 64979 dollars, une heure 0.01%, quatre heures 0.03%, vingt-quatre heures -0.43%. Avis prix : sur une heure, le bitcoin bouge peu — marché plutôt plat ; journée plutôt range. Taux de financement actuel 0.000063, moyenne trente jours 0.000055, mois précédent 0.000061. Avis : un peu plus haut que la moyenne des trente jours, En clair : funding positif soft — les longs paient encore les shorts, rien d’extrême.  Ratio long court 1.13, intérêt ouvert 1e+05, ratio acheteur 1.1. Avis positionnement : équilibre long-court assez classique ; l’intérêt ouvert donne la taille des paris ouverts — à croiser avec le prix, pas seul. Baleines : 0 grosses transactions, environ 0 dollars. Avis baleines : pas de gros print proxy pour l’instant — silence ne veut pas dire calme absolu, juste rien d’énorme sur l’échantillon. Ace en direct, 1016 passés, bénéfice session -8.54$, chaleur 3e+01. Avis stacks : chaleur Ace élevée — beaucoup d’activité ou de stress moteur ; session Ace en recul — normal de ralentir les conclusions ; beaucoup de SKIP : le filtre refuse souvent — sagesse ou marché trop sale. Portefeuille : Ace -8.54$, Hulk 0.00$, total -8.54$. Synthèse : sentiment neutre à légèrement positif. On laisse tourner le setup ; je sniffe, je ne décide pas à ta place.
[sentiment=NEUTRE]
[voix:edge:fr-FR-VivienneMultilingualNeural] Cortana. Résumé Cortana, mode pédagogique. Climat calme, score quatre-vingt-neuf sur cent. Avis climat : calme, score quatre-vingt-neuf — thermo plutôt clément …
[voix:ok] Cortana. Résumé Cortana, mode pédagogique. Climat calme, score quatre-vingt-neuf sur cent. Avis climat : calme, score quatre-vingt-neuf — thermo plutôt clément ; bon pour observer, pas une invitation …
THERMO_OK climate=ok score=92
THERMO_LIVE /Users/christophe/ace777-test-day1/Index_Maison/thermo/live.json
FUNDING now=5.6e-05 avg30=5.461e-05 prevMonth=6.081e-05
MISSION_OK combo=-8.5387 cycle=585 alert=amber since=2026-08-02T00:00Z
  ALPHA fills=4 pnl=-9.285 (life fills=4 pnl=-9.285)
  BETA  fills=33 pnl=0.7463 (life fills=33 pnl=0.7463)
  HULK  bags=0 pnl=0.0
Résumé Cortana, mode pédagogique. Climat calme, score 92 sur cent. Avis climat : calme, score 92 — thermo plutôt clément ; bon pour observer, pas une invitation à monter le risque. Bitcoin cours 65146 dollars, une heure 0.25%, quatre heures 0.25%, vingt-quatre heures 0.05%. Avis prix : sur une heure, le bitcoin bouge peu — marché plutôt plat ; journée plutôt range. Taux de financement actuel 0.000056, moyenne trente jours 0.000055, mois précédent 0.000061. Avis : proche de la moyenne des trente jours, et sous la moyenne du mois précédent. En clair : funding positif soft — les longs paient encore les shorts, rien d’extrême Ratio long court 1.13, intérêt ouvert 1e+05, ratio acheteur 1.2. Avis positionnement : équilibre long-court assez classique ; l’intérêt ouvert donne la taille des paris ouverts — à croiser avec le prix, pas seul. Baleines : 1 grosses transactions, environ 5e+05 dollars. Avis baleines : 1 print(s) au-dessus du seuil — activité institutionnelle ou whale possible, à croiser avec le prix. Ace en direct, 1016 passés, bénéfice session -8.54$, chaleur 3e+01. Avis stacks : chaleur Ace élevée — beaucoup d’activité ou de stress moteur ; session Ace en recul — normal de ralentir les conclusions ; beaucoup de SKIP : le filtre refuse souvent — sagesse ou marché trop sale. Portefeuille : Ace -8.54$, Hulk 0.00$, total -8.54$. Synthèse : sentiment neutre à légèrement positif. On laisse tourner le setup ; je sniffe, je ne décide pas à ta place.
[sentiment=NEUTRE]
[voix:edge:fr-FR-VivienneMultilingualNeural] Cortana. Résumé Cortana, mode pédagogique. Climat calme, score quatre-vingt-douze sur cent. Avis climat : calme, score quatre-vingt-douze — thermo plutôt clémen…
[voix:ok] Cortana. Résumé Cortana, mode pédagogique. Climat calme, score quatre-vingt-douze sur cent. Avis climat : calme, score quatre-vingt-douze — thermo plutôt clément ; bon pour observer, pas une invitatio…
THERMO_OK climate=ok score=91
THERMO_LIVE /Users/christophe/ace777-test-day1/Index_Maison/thermo/live.json
FUNDING now=5.6e-05 avg30=5.461e-05 prevMonth=6.081e-05
MISSION_OK combo=-8.5387 cycle=585 alert=amber since=2026-08-02T00:00Z
  ALPHA fills=4 pnl=-9.285 (life fills=4 pnl=-9.285)
  BETA  fills=33 pnl=0.7463 (life fills=33 pnl=0.7463)
  HULK  bags=0 pnl=0.0
Résumé Cortana, mode pédagogique. Climat calme, score 91 sur cent. Avis climat : calme, score 91 — thermo plutôt clément ; bon pour observer, pas une invitation à monter le risque. Bitcoin cours 65040 dollars, une heure -0.10%, quatre heures 0.15%, vingt-quatre heures 0.13%. Avis prix : sur une heure, le bitcoin bouge peu — marché plutôt plat ; journée plutôt range. Taux de financement actuel 0.000056, moyenne trente jours 0.000055, mois précédent 0.000061. Avis : proche de la moyenne des trente jours, et sous la moyenne du mois précédent. En clair : funding positif soft — les longs paient encore les shorts, rien d’extrême Ratio long court 1.14, intérêt ouvert 1e+05, ratio acheteur 1.4. Avis positionnement : équilibre long-court assez classique ; les acheteurs agressifs dominent un peu (taker) ; l’intérêt ouvert donne la taille des paris ouverts — à croiser avec le prix, pas seul. Baleines : 0 grosses transactions, environ 0 dollars. Avis baleines : pas de gros print proxy pour l’instant — silence ne veut pas dire calme absolu, juste rien d’énorme sur l’échantillon. Ace en direct, 1016 passés, bénéfice session -8.54$, chaleur 3e+01. Avis stacks : chaleur Ace élevée — beaucoup d’activité ou de stress moteur ; session Ace en recul — normal de ralentir les conclusions ; beaucoup de SKIP : le filtre refuse souvent — sagesse ou marché trop sale. Portefeuille : Ace -8.54$, Hulk 0.00$, total -8.54$. Synthèse : sentiment neutre à légèrement positif. On laisse tourner le setup ; je sniffe, je ne décide pas à ta place.
[sentiment=NEUTRE]
[voix:edge:fr-FR-VivienneMultilingualNeural] Cortana. Résumé Cortana, mode pédagogique. Climat calme, score quatre-vingt-onze sur cent. Avis climat : calme, score quatre-vingt-onze — thermo plutôt clément …
[voix:ok] Cortana. Résumé Cortana, mode pédagogique. Climat calme, score quatre-vingt-onze sur cent. Avis climat : calme, score quatre-vingt-onze — thermo plutôt clément ; bon pour observer, pas une invitation …
THERMO_OK climate=ok score=91
THERMO_LIVE /Users/christophe/ace777-test-day1/Index_Maison/thermo/live.json
FUNDING now=5.6e-05 avg30=5.471e-05 prevMonth=6.043e-05
MISSION_OK combo=-8.5387 cycle=585 alert=amber since=2026-08-02T00:00Z
  ALPHA fills=4 pnl=-9.285 (life fills=4 pnl=-9.285)
  BETA  fills=33 pnl=0.7463 (life fills=33 pnl=0.7463)
  HULK  bags=0 pnl=0.0
Résumé Cortana, mode pédagogique. Climat calme, score 91 sur cent. Avis climat : calme, score 91 — thermo plutôt clément ; bon pour observer, pas une invitation à monter le risque. Bitcoin cours 65034 dollars, une heure -0.02%, quatre heures 0.09%, vingt-quatre heures 0.16%. Avis prix : sur une heure, le bitcoin bouge peu — marché plutôt plat ; journée plutôt range. Taux de financement actuel 0.000056, moyenne trente jours 0.000055, mois précédent 0.00006. Avis : proche de la moyenne des trente jours, et sous la moyenne du mois précédent. En clair : funding positif soft — les longs paient encore les shorts, rien d’extrême Ratio long court 1.14, intérêt ouvert 1e+05, ratio acheteur 0.78. Avis positionnement : équilibre long-court assez classique ; les vendeurs agressifs dominent un peu (taker) ; l’intérêt ouvert donne la taille des paris ouverts — à croiser avec le prix, pas seul. Baleines : 0 grosses transactions, environ 0 dollars. Avis baleines : pas de gros print proxy pour l’instant — silence ne veut pas dire calme absolu, juste rien d’énorme sur l’échantillon. Ace en direct, 1016 passés, bénéfice session -8.54$, chaleur 3e+01. Avis stacks : chaleur Ace élevée — beaucoup d’activité ou de stress moteur ; session Ace en recul — normal de ralentir les conclusions ; beaucoup de SKIP : le filtre refuse souvent — sagesse ou marché trop sale. Portefeuille : Ace -8.54$, Hulk 0.00$, total -8.54$. Synthèse : sentiment neutre à légèrement positif. On laisse tourner le setup ; je sniffe, je ne décide pas à ta place.
[sentiment=NEUTRE]
[voix:edge:fr-FR-VivienneMultilingualNeural] Cortana. Résumé Cortana, mode pédagogique. Climat calme, score quatre-vingt-onze sur cent. Avis climat : calme, score quatre-vingt-onze — thermo plutôt clément …
[voix:ok] Cortana. Résumé Cortana, mode pédagogique. Climat calme, score quatre-vingt-onze sur cent. Avis climat : calme, score quatre-vingt-onze — thermo plutôt clément ; bon pour observer, pas une invitation …
THERMO_OK climate=ok score=87
THERMO_LIVE /Users/christophe/ace777-test-day1/Index_Maison/thermo/live.json
FUNDING now=6.6e-05 avg30=5.471e-05 prevMonth=6.043e-05
MISSION_OK combo=-8.5387 cycle=585 alert=amber since=2026-08-02T00:00Z
  ALPHA fills=4 pnl=-9.285 (life fills=4 pnl=-9.285)
  BETA  fills=33 pnl=0.7463 (life fills=33 pnl=0.7463)
  HULK  bags=0 pnl=0.0
Résumé Cortana, mode pédagogique. Climat calme, score 87 sur cent. Avis climat : calme, score 87 — thermo plutôt clément ; bon pour observer, pas une invitation à monter le risque. Bitcoin cours 65096 dollars, une heure 0.06%, quatre heures 0.17%, vingt-quatre heures 0.68%. Avis prix : sur une heure, le bitcoin bouge peu — marché plutôt plat. Taux de financement actuel 0.000066, moyenne trente jours 0.000055, mois précédent 0.00006. Avis : un peu plus haut que la moyenne des trente jours, et au-dessus de la moyenne du mois précédent. En clair : funding positif soft — les longs paient encore les shorts, rien d’extrême Ratio long court 1.14, intérêt ouvert 1e+05, ratio acheteur 1.1. Avis positionnement : équilibre long-court assez classique ; l’intérêt ouvert donne la taille des paris ouverts — à croiser avec le prix, pas seul. Baleines : 1 grosses transactions, environ 5e+05 dollars. Avis baleines : 1 print(s) au-dessus du seuil — activité institutionnelle ou whale possible, à croiser avec le prix. Ace en direct, 1016 passés, bénéfice session -8.54$, chaleur 3e+01. Avis stacks : chaleur Ace élevée — beaucoup d’activité ou de stress moteur ; session Ace en recul — normal de ralentir les conclusions ; beaucoup de SKIP : le filtre refuse souvent — sagesse ou marché trop sale. Portefeuille : Ace -8.54$, Hulk 0.00$, total -8.54$. Synthèse : sentiment neutre à légèrement positif. On laisse tourner le setup ; je sniffe, je ne décide pas à ta place.
[sentiment=NEUTRE]
[voix:edge:fr-FR-VivienneMultilingualNeural] Cortana. Résumé Cortana, mode pédagogique. Climat calme, score quatre-vingt-sept sur cent. Avis climat : calme, score quatre-vingt-sept — thermo plutôt clément …
[voix:ok] Cortana. Résumé Cortana, mode pédagogique. Climat calme, score quatre-vingt-sept sur cent. Avis climat : calme, score quatre-vingt-sept — thermo plutôt clément ; bon pour observer, pas une invitation …
THERMO_OK climate=ok score=88
THERMO_LIVE /Users/christophe/ace777-test-day1/Index_Maison/thermo/live.json
FUNDING now=6.8e-05 avg30=5.471e-05 prevMonth=6.043e-05
MISSION_OK combo=-8.5387 cycle=585 alert=amber since=2026-08-02T00:00Z
  ALPHA fills=4 pnl=-9.285 (life fills=4 pnl=-9.285)
  BETA  fills=33 pnl=0.7463 (life fills=33 pnl=0.7463)
  HULK  bags=0 pnl=0.0
Résumé Cortana, mode pédagogique. Climat calme, score 88 sur cent. Avis climat : calme, score 88 — thermo plutôt clément ; bon pour observer, pas une invitation à monter le risque. Bitcoin cours 65027 dollars, une heure -0.09%, quatre heures -0.11%, vingt-quatre heures 0.53%. Avis prix : sur une heure, le bitcoin bouge peu — marché plutôt plat. Taux de financement actuel 0.000068, moyenne trente jours 0.000055, mois précédent 0.00006. Avis : un peu plus haut que la moyenne des trente jours, et au-dessus de la moyenne du mois précédent. En clair : funding positif soft — les longs paient encore les shorts, rien d’extrême Ratio long court 1.14, intérêt ouvert 1e+05, ratio acheteur 1.3. Avis positionnement : équilibre long-court assez classique ; les acheteurs agressifs dominent un peu (taker) ; l’intérêt ouvert donne la taille des paris ouverts — à croiser avec le prix, pas seul. Baleines : 0 grosses transactions, environ 0 dollars. Avis baleines : pas de gros print proxy pour l’instant — silence ne veut pas dire calme absolu, juste rien d’énorme sur l’échantillon. Ace en direct, 1016 passés, bénéfice session -8.54$, chaleur 3e+01. Avis stacks : chaleur Ace élevée — beaucoup d’activité ou de stress moteur ; session Ace en recul — normal de ralentir les conclusions ; beaucoup de SKIP : le filtre refuse souvent — sagesse ou marché trop sale. Portefeuille : Ace -8.54$, Hulk 0.00$, total -8.54$. Synthèse : sentiment neutre à légèrement positif. On laisse tourner le setup ; je sniffe, je ne décide pas à ta place.
[sentiment=NEUTRE]
[voix:edge:fr-FR-VivienneMultilingualNeural] Cortana. Résumé Cortana, mode pédagogique. Climat calme, score quatre-vingt-huit sur cent. Avis climat : calme, score quatre-vingt-huit — thermo plutôt clément …
[voix:ok] Cortana. Résumé Cortana, mode pédagogique. Climat calme, score quatre-vingt-huit sur cent. Avis climat : calme, score quatre-vingt-huit — thermo plutôt clément ; bon pour observer, pas une invitation …
THERMO_OK climate=ok score=90
THERMO_LIVE /Users/christophe/ace777-test-day1/Index_Maison/thermo/live.json
FUNDING now=7.1e-05 avg30=5.471e-05 prevMonth=6.043e-05
MISSION_OK combo=-8.5387 cycle=585 alert=amber since=2026-08-02T00:00Z
  ALPHA fills=4 pnl=-9.285 (life fills=4 pnl=-9.285)
  BETA  fills=33 pnl=0.7463 (life fills=33 pnl=0.7463)
  HULK  bags=0 pnl=0.0
Résumé Cortana, mode pédagogique. Climat calme, score 90 sur cent. Avis climat : calme, score 90 — thermo plutôt clément ; bon pour observer, pas une invitation à monter le risque. Bitcoin cours 65030 dollars, une heure 0.02%, quatre heures -0.03%, vingt-quatre heures 0.10%. Avis prix : sur une heure, le bitcoin bouge peu — marché plutôt plat ; journée plutôt range. Taux de financement actuel 0.000071, moyenne trente jours 0.000055, mois précédent 0.00006. Avis : un peu plus haut que la moyenne des trente jours, et au-dessus de la moyenne du mois précédent. En clair : funding positif soft — les longs paient encore les shorts, rien d’extrême Ratio long court 1.14, intérêt ouvert 1e+05, ratio acheteur 0.73. Avis positionnement : équilibre long-court assez classique ; les vendeurs agressifs dominent un peu (taker) ; l’intérêt ouvert donne la taille des paris ouverts — à croiser avec le prix, pas seul. Baleines : 1 grosses transactions, environ 8e+05 dollars. Avis baleines : 1 print(s) au-dessus du seuil — activité institutionnelle ou whale possible, à croiser avec le prix. Ace en direct, 1016 passés, bénéfice session -8.54$, chaleur 3e+01. Avis stacks : chaleur Ace élevée — beaucoup d’activité ou de stress moteur ; session Ace en recul — normal de ralentir les conclusions ; beaucoup de SKIP : le filtre refuse souvent — sagesse ou marché trop sale. Portefeuille : Ace -8.54$, Hulk 0.00$, total -8.54$. Synthèse : sentiment neutre à légèrement positif. On laisse tourner le setup ; je sniffe, je ne décide pas à ta place.
[sentiment=NEUTRE]
[voix:edge:fr-FR-VivienneMultilingualNeural] Cortana. Résumé Cortana, mode pédagogique. Climat calme, score quatre-vingt-dix sur cent. Avis climat : calme, score quatre-vingt-dix — thermo plutôt clément ; …
[voix:ok] Cortana. Résumé Cortana, mode pédagogique. Climat calme, score quatre-vingt-dix sur cent. Avis climat : calme, score quatre-vingt-dix — thermo plutôt clément ; bon pour observer, pas une invitation à …
THERMO_OK climate=ok score=93 DEGRADED=oi,mark,funding,chg24,fearGreed
THERMO_LIVE /Users/christophe/ace777-test-day1/Index_Maison/thermo/live.json
FUNDING now=7.1e-05 avg30=None prevMonth=None
MISSION_OK combo=-8.5387 cycle=585 alert=amber since=2026-08-02T00:00Z
  ALPHA fills=4 pnl=-9.285 (life fills=4 pnl=-9.285)
  BETA  fills=33 pnl=0.7463 (life fills=33 pnl=0.7463)
  HULK  bags=0 pnl=0.0
Résumé Cortana, mode pédagogique. Climat calme, score 93 sur cent. Avis climat : calme, score 93 — thermo plutôt clément ; bon pour observer, pas une invitation à monter le risque. Bitcoin cours 65030 dollars, une heure n/d, quatre heures n/d, vingt-quatre heures 0.10%. Avis prix : journée plutôt range. Taux de financement actuel 0.000071, moyenne trente jours non disponible, mois précédent non disponible. Avis : En clair : funding positif soft — les longs paient encore les shorts, rien d’extrême.  Ratio long court n/d, intérêt ouvert 1e+05, ratio acheteur n/d. Avis positionnement : l’intérêt ouvert donne la taille des paris ouverts — à croiser avec le prix, pas seul. Baleines : 0 grosses transactions, environ 0 dollars. Avis baleines : pas de gros print proxy pour l’instant — silence ne veut pas dire calme absolu, juste rien d’énorme sur l’échantillon. Ace en direct, 1016 passés, bénéfice session -8.54$, chaleur 3e+01. Avis stacks : chaleur Ace élevée — beaucoup d’activité ou de stress moteur ; session Ace en recul — normal de ralentir les conclusions ; beaucoup de SKIP : le filtre refuse souvent — sagesse ou marché trop sale. Portefeuille : Ace -8.54$, Hulk 0.00$, total -8.54$. Synthèse : sentiment neutre à légèrement positif. On laisse tourner le setup ; je sniffe, je ne décide pas à ta place.
[sentiment=NEUTRE]
[voix:WARN] edge KO (gen_fail) — pas de repli say (CORTANA_TTS=edge)
[voix:edge:fr-FR-VivienneMultilingualNeural:echec_gen] Cortana. Résumé Cortana, mode pédagogique. Climat calme, score quatre-vingt-treize sur cent. Avis climat : calme, score quatre-vingt-treize — thermo plutôt clém…
[voix:ok] Cortana. Résumé Cortana, mode pédagogique. Climat calme, score quatre-vingt-treize sur cent. Avis climat : calme, score quatre-vingt-treize — thermo plutôt clément ; bon pour observer, pas une invitat…
THERMO_OK climate=ok score=88
THERMO_LIVE /Users/christophe/ace777-test-day1/Index_Maison/thermo/live.json
FUNDING now=7.4e-05 avg30=5.42e-05 prevMonth=6.067e-05
MISSION_OK combo=-8.5387 cycle=585 alert=amber since=2026-08-02T00:00Z
  ALPHA fills=4 pnl=-9.285 (life fills=4 pnl=-9.285)
  BETA  fills=33 pnl=0.7463 (life fills=33 pnl=0.7463)
  HULK  bags=0 pnl=0.0
Résumé Cortana, mode pédagogique. Climat calme, score 88 sur cent. Avis climat : calme, score 88 — thermo plutôt clément ; bon pour observer, pas une invitation à monter le risque. Bitcoin cours 64781 dollars, une heure 0.01%, quatre heures -0.03%, vingt-quatre heures -0.26%. Avis prix : sur une heure, le bitcoin bouge peu — marché plutôt plat ; journée plutôt range. Taux de financement actuel 0.000074, moyenne trente jours 0.000054, mois précédent 0.000061. Avis : un peu plus haut que la moyenne des trente jours, et au-dessus de la moyenne du mois précédent. En clair : funding positif soft — les longs paient encore les shorts, rien d’extrême Ratio long court 1.17, intérêt ouvert 1e+05, ratio acheteur 1.3. Avis positionnement : équilibre long-court assez classique ; les acheteurs agressifs dominent un peu (taker) ; l’intérêt ouvert donne la taille des paris ouverts — à croiser avec le prix, pas seul. Baleines : 0 grosses transactions, environ 0 dollars. Avis baleines : pas de gros print proxy pour l’instant — silence ne veut pas dire calme absolu, juste rien d’énorme sur l’échantillon. Ace en direct, 1016 passés, bénéfice session -8.54$, chaleur 3e+01. Avis stacks : chaleur Ace élevée — beaucoup d’activité ou de stress moteur ; session Ace en recul — normal de ralentir les conclusions ; beaucoup de SKIP : le filtre refuse souvent — sagesse ou marché trop sale. Portefeuille : Ace -8.54$, Hulk 0.00$, total -8.54$. Synthèse : sentiment neutre à légèrement positif. On laisse tourner le setup ; je sniffe, je ne décide pas à ta place.
[sentiment=NEUTRE]
[voix:edge:fr-FR-VivienneMultilingualNeural] Cortana. Résumé Cortana, mode pédagogique. Climat calme, score quatre-vingt-huit sur cent. Avis climat : calme, score quatre-vingt-huit — thermo plutôt clément …
[voix:ok] Cortana. Résumé Cortana, mode pédagogique. Climat calme, score quatre-vingt-huit sur cent. Avis climat : calme, score quatre-vingt-huit — thermo plutôt clément ; bon pour observer, pas une invitation …
THERMO_OK climate=ok score=87
THERMO_LIVE /Users/christophe/ace777-test-day1/Index_Maison/thermo/live.json
FUNDING now=7.9e-05 avg30=5.42e-05 prevMonth=6.067e-05
MISSION_OK combo=-8.5387 cycle=585 alert=amber since=2026-08-02T00:00Z
  ALPHA fills=4 pnl=-9.285 (life fills=4 pnl=-9.285)
  BETA  fills=33 pnl=0.7463 (life fills=33 pnl=0.7463)
  HULK  bags=0 pnl=0.0
Résumé Cortana, mode pédagogique. Climat calme, score 87 sur cent. Avis climat : calme, score 87 — thermo plutôt clément ; bon pour observer, pas une invitation à monter le risque. Bitcoin cours 64822 dollars, une heure -0.00%, quatre heures 0.10%, vingt-quatre heures -0.25%. Avis prix : sur une heure, le bitcoin bouge peu — marché plutôt plat ; journée plutôt range. Taux de financement actuel 0.000079, moyenne trente jours 0.000054, mois précédent 0.000061. Avis : un peu plus haut que la moyenne des trente jours, et au-dessus de la moyenne du mois précédent. En clair : funding positif soft — les longs paient encore les shorts, rien d’extrême Ratio long court 1.2, intérêt ouvert 1e+05, ratio acheteur 1.4. Avis positionnement : équilibre long-court assez classique ; les acheteurs agressifs dominent un peu (taker) ; l’intérêt ouvert donne la taille des paris ouverts — à croiser avec le prix, pas seul. Baleines : 0 grosses transactions, environ 0 dollars. Avis baleines : pas de gros print proxy pour l’instant — silence ne veut pas dire calme absolu, juste rien d’énorme sur l’échantillon. Ace en direct, 1016 passés, bénéfice session -8.54$, chaleur 3e+01. Avis stacks : chaleur Ace élevée — beaucoup d’activité ou de stress moteur ; session Ace en recul — normal de ralentir les conclusions ; beaucoup de SKIP : le filtre refuse souvent — sagesse ou marché trop sale. Portefeuille : Ace -8.54$, Hulk 0.00$, total -8.54$. Synthèse : sentiment neutre à légèrement positif. On laisse tourner le setup ; je sniffe, je ne décide pas à ta place.
[sentiment=NEUTRE]
[voix:edge:fr-FR-VivienneMultilingualNeural] Cortana. Résumé Cortana, mode pédagogique. Climat calme, score quatre-vingt-sept sur cent. Avis climat : calme, score quatre-vingt-sept — thermo plutôt clément …
[voix:ok] Cortana. Résumé Cortana, mode pédagogique. Climat calme, score quatre-vingt-sept sur cent. Avis climat : calme, score quatre-vingt-sept — thermo plutôt clément ; bon pour observer, pas une invitation …
THERMO_OK climate=ok score=89
THERMO_LIVE /Users/christophe/ace777-test-day1/Index_Maison/thermo/live.json
FUNDING now=6.6e-05 avg30=5.413e-05 prevMonth=6.081e-05
MISSION_OK combo=-8.5387 cycle=585 alert=amber since=2026-08-02T00:00Z
  ALPHA fills=4 pnl=-9.285 (life fills=4 pnl=-9.285)
  BETA  fills=33 pnl=0.7463 (life fills=33 pnl=0.7463)
  HULK  bags=0 pnl=0.0
Résumé Cortana, mode pédagogique. Climat calme, score 89 sur cent. Avis climat : calme, score 89 — thermo plutôt clément ; bon pour observer, pas une invitation à monter le risque. Bitcoin cours 64892 dollars, une heure 0.15%, quatre heures 0.20%, vingt-quatre heures -0.07%. Avis prix : sur une heure, le bitcoin bouge peu — marché plutôt plat ; journée plutôt range. Taux de financement actuel 0.000066, moyenne trente jours 0.000054, mois précédent 0.000061. Avis : un peu plus haut que la moyenne des trente jours, et au-dessus de la moyenne du mois précédent. En clair : funding positif soft — les longs paient encore les shorts, rien d’extrême Ratio long court 1.2, intérêt ouvert 1e+05, ratio acheteur 0.81. Avis positionnement : équilibre long-court assez classique ; les vendeurs agressifs dominent un peu (taker) ; l’intérêt ouvert donne la taille des paris ouverts — à croiser avec le prix, pas seul. Baleines : 0 grosses transactions, environ 0 dollars. Avis baleines : pas de gros print proxy pour l’instant — silence ne veut pas dire calme absolu, juste rien d’énorme sur l’échantillon. Ace en direct, 1016 passés, bénéfice session -8.54$, chaleur 3e+01. Avis stacks : chaleur Ace élevée — beaucoup d’activité ou de stress moteur ; session Ace en recul — normal de ralentir les conclusions ; beaucoup de SKIP : le filtre refuse souvent — sagesse ou marché trop sale. Portefeuille : Ace -8.54$, Hulk 0.00$, total -8.54$. Synthèse : sentiment neutre à légèrement positif. On laisse tourner le setup ; je sniffe, je ne décide pas à ta place.
[sentiment=NEUTRE]
[voix:edge:fr-FR-VivienneMultilingualNeural] Cortana. Résumé Cortana, mode pédagogique. Climat calme, score quatre-vingt-neuf sur cent. Avis climat : calme, score quatre-vingt-neuf — thermo plutôt clément …
[voix:ok] Cortana. Résumé Cortana, mode pédagogique. Climat calme, score quatre-vingt-neuf sur cent. Avis climat : calme, score quatre-vingt-neuf — thermo plutôt clément ; bon pour observer, pas une invitation …
THERMO_OK climate=ok score=89
THERMO_LIVE /Users/christophe/ace777-test-day1/Index_Maison/thermo/live.json
FUNDING now=5.8e-05 avg30=5.413e-05 prevMonth=6.081e-05
MISSION_OK combo=-8.5387 cycle=585 alert=amber since=2026-08-02T00:00Z
  ALPHA fills=4 pnl=-9.285 (life fills=4 pnl=-9.285)
  BETA  fills=33 pnl=0.7463 (life fills=33 pnl=0.7463)
  HULK  bags=0 pnl=0.0
Résumé Cortana, mode pédagogique. Climat calme, score 89 sur cent. Avis climat : calme, score 89 — thermo plutôt clément ; bon pour observer, pas une invitation à monter le risque. Bitcoin cours 64793 dollars, une heure 0.00%, quatre heures 0.02%, vingt-quatre heures -0.29%. Avis prix : sur une heure, le bitcoin bouge peu — marché plutôt plat ; journée plutôt range. Taux de financement actuel 0.000058, moyenne trente jours 0.000054, mois précédent 0.000061. Avis : proche de la moyenne des trente jours, En clair : funding positif soft — les longs paient encore les shorts, rien d’extrême.  Ratio long court 1.2, intérêt ouvert 1e+05, ratio acheteur 1.2. Avis positionnement : équilibre long-court assez classique ; l’intérêt ouvert donne la taille des paris ouverts — à croiser avec le prix, pas seul. Baleines : 1 grosses transactions, environ 6e+05 dollars. Avis baleines : 1 print(s) au-dessus du seuil — activité institutionnelle ou whale possible, à croiser avec le prix. Ace en direct, 1016 passés, bénéfice session -8.54$, chaleur 3e+01. Avis stacks : chaleur Ace élevée — beaucoup d’activité ou de stress moteur ; session Ace en recul — normal de ralentir les conclusions ; beaucoup de SKIP : le filtre refuse souvent — sagesse ou marché trop sale. Portefeuille : Ace -8.54$, Hulk 0.00$, total -8.54$. Synthèse : sentiment neutre à légèrement positif. On laisse tourner le setup ; je sniffe, je ne décide pas à ta place.
[sentiment=NEUTRE]
[voix:edge:fr-FR-VivienneMultilingualNeural] Cortana. Résumé Cortana, mode pédagogique. Climat calme, score quatre-vingt-neuf sur cent. Avis climat : calme, score quatre-vingt-neuf — thermo plutôt clément …
[voix:ok] Cortana. Résumé Cortana, mode pédagogique. Climat calme, score quatre-vingt-neuf sur cent. Avis climat : calme, score quatre-vingt-neuf — thermo plutôt clément ; bon pour observer, pas une invitation …
THERMO_OK climate=ok score=91
THERMO_LIVE /Users/christophe/ace777-test-day1/Index_Maison/thermo/live.json
FUNDING now=4.7e-05 avg30=5.413e-05 prevMonth=6.081e-05
MISSION_OK combo=-8.5387 cycle=585 alert=amber since=2026-08-02T00:00Z
  ALPHA fills=4 pnl=-9.285 (life fills=4 pnl=-9.285)
  BETA  fills=33 pnl=0.7463 (life fills=33 pnl=0.7463)
  HULK  bags=0 pnl=0.0
Résumé Cortana, mode pédagogique. Climat calme, score 91 sur cent. Avis climat : calme, score 91 — thermo plutôt clément ; bon pour observer, pas une invitation à monter le risque. Bitcoin cours 64919 dollars, une heure 0.11%, quatre heures 0.15%, vingt-quatre heures -0.08%. Avis prix : sur une heure, le bitcoin bouge peu — marché plutôt plat ; journée plutôt range. Taux de financement actuel 0.000047, moyenne trente jours 0.000054, mois précédent 0.000061. Avis : un peu plus bas que la moyenne des trente jours, et sous la moyenne du mois précédent. En clair : funding positif soft — les longs paient encore les shorts, rien d’extrême Ratio long court 1.21, intérêt ouvert 1e+05, ratio acheteur 1.3. Avis positionnement : équilibre long-court assez classique ; les acheteurs agressifs dominent un peu (taker) ; l’intérêt ouvert donne la taille des paris ouverts — à croiser avec le prix, pas seul. Baleines : 1 grosses transactions, environ 3e+06 dollars. Avis baleines : 1 gros print(s), somme élevée — quelqu’un de gros a frappé ; je note, je ne traduis pas ça en ordre. Ace en direct, 1016 passés, bénéfice session -8.54$, chaleur 3e+01. Avis stacks : chaleur Ace élevée — beaucoup d’activité ou de stress moteur ; session Ace en recul — normal de ralentir les conclusions ; beaucoup de SKIP : le filtre refuse souvent — sagesse ou marché trop sale. Portefeuille : Ace -8.54$, Hulk 0.00$, total -8.54$. Synthèse : sentiment neutre à légèrement positif. On laisse tourner le setup ; je sniffe, je ne décide pas à ta place.
[sentiment=NEUTRE]
[voix:edge:fr-FR-VivienneMultilingualNeural] Cortana. Résumé Cortana, mode pédagogique. Climat calme, score quatre-vingt-onze sur cent. Avis climat : calme, score quatre-vingt-onze — thermo plutôt clément …
[voix:ok] Cortana. Résumé Cortana, mode pédagogique. Climat calme, score quatre-vingt-onze sur cent. Avis climat : calme, score quatre-vingt-onze — thermo plutôt clément ; bon pour observer, pas une invitation …
THERMO_OK climate=ok score=91
THERMO_LIVE /Users/christophe/ace777-test-day1/Index_Maison/thermo/live.json
FUNDING now=4.3e-05 avg30=5.413e-05 prevMonth=6.081e-05
MISSION_OK combo=-8.5387 cycle=585 alert=amber since=2026-08-02T00:00Z
  ALPHA fills=4 pnl=-9.285 (life fills=4 pnl=-9.285)
  BETA  fills=33 pnl=0.7463 (life fills=33 pnl=0.7463)
  HULK  bags=0 pnl=0.0
Résumé Cortana, mode pédagogique. Climat calme, score 91 sur cent. Avis climat : calme, score 91 — thermo plutôt clément ; bon pour observer, pas une invitation à monter le risque. Bitcoin cours 64949 dollars, une heure 0.03%, quatre heures 0.24%, vingt-quatre heures -0.01%. Avis prix : sur une heure, le bitcoin bouge peu — marché plutôt plat ; journée plutôt range. Taux de financement actuel 0.000043, moyenne trente jours 0.000054, mois précédent 0.000061. Avis : un peu plus bas que la moyenne des trente jours, et sous la moyenne du mois précédent. En clair : funding positif soft — les longs paient encore les shorts, rien d’extrême Ratio long court 1.2, intérêt ouvert 1e+05, ratio acheteur 1.2. Avis positionnement : équilibre long-court assez classique ; les acheteurs agressifs dominent un peu (taker) ; l’intérêt ouvert donne la taille des paris ouverts — à croiser avec le prix, pas seul. Baleines : 2 grosses transactions, environ 1e+06 dollars. Avis baleines : 2 print(s) au-dessus du seuil — activité institutionnelle ou whale possible, à croiser avec le prix. Ace en direct, 1016 passés, bénéfice session -8.54$, chaleur 3e+01. Avis stacks : chaleur Ace élevée — beaucoup d’activité ou de stress moteur ; session Ace en recul — normal de ralentir les conclusions ; beaucoup de SKIP : le filtre refuse souvent — sagesse ou marché trop sale. Portefeuille : Ace -8.54$, Hulk 0.00$, total -8.54$. Synthèse : sentiment neutre à légèrement positif. On laisse tourner le setup ; je sniffe, je ne décide pas à ta place.
[sentiment=NEUTRE]
[voix:edge:fr-FR-VivienneMultilingualNeural] Cortana. Résumé Cortana, mode pédagogique. Climat calme, score quatre-vingt-onze sur cent. Avis climat : calme, score quatre-vingt-onze — thermo plutôt clément …
[voix:ok] Cortana. Résumé Cortana, mode pédagogique. Climat calme, score quatre-vingt-onze sur cent. Avis climat : calme, score quatre-vingt-onze — thermo plutôt clément ; bon pour observer, pas une invitation …
THERMO_OK climate=ok score=91
THERMO_LIVE /Users/christophe/ace777-test-day1/Index_Maison/thermo/live.json
FUNDING now=5e-05 avg30=5.413e-05 prevMonth=6.081e-05
MISSION_OK combo=-8.5387 cycle=585 alert=amber since=2026-08-02T00:00Z
  ALPHA fills=4 pnl=-9.285 (life fills=4 pnl=-9.285)
  BETA  fills=33 pnl=0.7463 (life fills=33 pnl=0.7463)
  HULK  bags=0 pnl=0.0
Résumé Cortana, mode pédagogique. Climat calme, score 91 sur cent. Avis climat : calme, score 91 — thermo plutôt clément ; bon pour observer, pas une invitation à monter le risque. Bitcoin cours 64916 dollars, une heure -0.01%, quatre heures 0.19%, vingt-quatre heures -0.07%. Avis prix : sur une heure, le bitcoin bouge peu — marché plutôt plat ; journée plutôt range. Taux de financement actuel 0.00005, moyenne trente jours 0.000054, mois précédent 0.000061. Avis : proche de la moyenne des trente jours, et sous la moyenne du mois précédent. En clair : funding positif soft — les longs paient encore les shorts, rien d’extrême Ratio long court 1.19, intérêt ouvert 1e+05, ratio acheteur 0.89. Avis positionnement : équilibre long-court assez classique ; l’intérêt ouvert donne la taille des paris ouverts — à croiser avec le prix, pas seul. Baleines : 0 grosses transactions, environ 0 dollars. Avis baleines : pas de gros print proxy pour l’instant — silence ne veut pas dire calme absolu, juste rien d’énorme sur l’échantillon. Ace en direct, 1016 passés, bénéfice session -8.54$, chaleur 3e+01. Avis stacks : chaleur Ace élevée — beaucoup d’activité ou de stress moteur ; session Ace en recul — normal de ralentir les conclusions ; beaucoup de SKIP : le filtre refuse souvent — sagesse ou marché trop sale. Portefeuille : Ace -8.54$, Hulk 0.00$, total -8.54$. Synthèse : sentiment neutre à légèrement positif. On laisse tourner le setup ; je sniffe, je ne décide pas à ta place.
[sentiment=NEUTRE]
[voix:edge:fr-FR-VivienneMultilingualNeural] Cortana. Résumé Cortana, mode pédagogique. Climat calme, score quatre-vingt-onze sur cent. Avis climat : calme, score quatre-vingt-onze — thermo plutôt clément …
[voix:ok] Cortana. Résumé Cortana, mode pédagogique. Climat calme, score quatre-vingt-onze sur cent. Avis climat : calme, score quatre-vingt-onze — thermo plutôt clément ; bon pour observer, pas une invitation …
THERMO_OK climate=ok score=90
THERMO_LIVE /Users/christophe/ace777-test-day1/Index_Maison/thermo/live.json
FUNDING now=5.7e-05 avg30=5.413e-05 prevMonth=6.081e-05
MISSION_OK combo=-8.5387 cycle=585 alert=amber since=2026-08-02T00:00Z
  ALPHA fills=4 pnl=-9.285 (life fills=4 pnl=-9.285)
  BETA  fills=33 pnl=0.7463 (life fills=33 pnl=0.7463)
  HULK  bags=0 pnl=0.0
Résumé Cortana, mode pédagogique. Climat calme, score 90 sur cent. Avis climat : calme, score 90 — thermo plutôt clément ; bon pour observer, pas une invitation à monter le risque. Bitcoin cours 65035 dollars, une heure 0.16%, quatre heures 0.28%, vingt-quatre heures 0.07%. Avis prix : sur une heure, le bitcoin bouge peu — marché plutôt plat ; journée plutôt range. Taux de financement actuel 0.000057, moyenne trente jours 0.000054, mois précédent 0.000061. Avis : proche de la moyenne des trente jours, et sous la moyenne du mois précédent. En clair : funding positif soft — les longs paient encore les shorts, rien d’extrême Ratio long court 1.18, intérêt ouvert 1e+05, ratio acheteur 0.7. Avis positionnement : équilibre long-court assez classique ; les vendeurs agressifs dominent un peu (taker) ; l’intérêt ouvert donne la taille des paris ouverts — à croiser avec le prix, pas seul. Baleines : 1 grosses transactions, environ 7e+05 dollars. Avis baleines : 1 print(s) au-dessus du seuil — activité institutionnelle ou whale possible, à croiser avec le prix. Ace en direct, 1016 passés, bénéfice session -8.54$, chaleur 3e+01. Avis stacks : chaleur Ace élevée — beaucoup d’activité ou de stress moteur ; session Ace en recul — normal de ralentir les conclusions ; beaucoup de SKIP : le filtre refuse souvent — sagesse ou marché trop sale. Portefeuille : Ace -8.54$, Hulk 0.00$, total -8.54$. Synthèse : sentiment neutre à légèrement positif. On laisse tourner le setup ; je sniffe, je ne décide pas à ta place.
[sentiment=NEUTRE]
[voix:edge:fr-FR-VivienneMultilingualNeural] Cortana. Résumé Cortana, mode pédagogique. Climat calme, score quatre-vingt-dix sur cent. Avis climat : calme, score quatre-vingt-dix — thermo plutôt clément ; …
[voix:ok] Cortana. Résumé Cortana, mode pédagogique. Climat calme, score quatre-vingt-dix sur cent. Avis climat : calme, score quatre-vingt-dix — thermo plutôt clément ; bon pour observer, pas une invitation à …
THERMO_OK climate=ok score=90
THERMO_LIVE /Users/christophe/ace777-test-day1/Index_Maison/thermo/live.json
FUNDING now=6.3e-05 avg30=5.413e-05 prevMonth=6.081e-05
MISSION_OK combo=-8.5387 cycle=585 alert=amber since=2026-08-02T00:00Z
  ALPHA fills=4 pnl=-9.285 (life fills=4 pnl=-9.285)
  BETA  fills=33 pnl=0.7463 (life fills=33 pnl=0.7463)
  HULK  bags=0 pnl=0.0
Résumé Cortana, mode pédagogique. Climat calme, score 90 sur cent. Avis climat : calme, score 90 — thermo plutôt clément ; bon pour observer, pas une invitation à monter le risque. Bitcoin cours 65175 dollars, une heure -0.03%, quatre heures 0.38%, vingt-quatre heures 0.05%. Avis prix : sur une heure, le bitcoin bouge peu — marché plutôt plat ; journée plutôt range. Taux de financement actuel 0.000063, moyenne trente jours 0.000054, mois précédent 0.000061. Avis : un peu plus haut que la moyenne des trente jours, En clair : funding positif soft — les longs paient encore les shorts, rien d’extrême.  Ratio long court 1.16, intérêt ouvert 1e+05, ratio acheteur 1.7. Avis positionnement : équilibre long-court assez classique ; les acheteurs agressifs dominent un peu (taker) ; l’intérêt ouvert donne la taille des paris ouverts — à croiser avec le prix, pas seul. Baleines : 1 grosses transactions, environ 1e+06 dollars. Avis baleines : 1 print(s) au-dessus du seuil — activité institutionnelle ou whale possible, à croiser avec le prix. Ace en direct, 1016 passés, bénéfice session -8.54$, chaleur 3e+01. Avis stacks : chaleur Ace élevée — beaucoup d’activité ou de stress moteur ; session Ace en recul — normal de ralentir les conclusions ; beaucoup de SKIP : le filtre refuse souvent — sagesse ou marché trop sale. Portefeuille : Ace -8.54$, Hulk 0.00$, total -8.54$. Synthèse : sentiment neutre à légèrement positif. On laisse tourner le setup ; je sniffe, je ne décide pas à ta place.
[sentiment=NEUTRE]
[voix:edge:fr-FR-VivienneMultilingualNeural] Cortana. Résumé Cortana, mode pédagogique. Climat calme, score quatre-vingt-dix sur cent. Avis climat : calme, score quatre-vingt-dix — thermo plutôt clément ; …
[voix:ok] Cortana. Résumé Cortana, mode pédagogique. Climat calme, score quatre-vingt-dix sur cent. Avis climat : calme, score quatre-vingt-dix — thermo plutôt clément ; bon pour observer, pas une invitation à …
THERMO_OK climate=ok score=90
THERMO_LIVE /Users/christophe/ace777-test-day1/Index_Maison/thermo/live.json
FUNDING now=6.5e-05 avg30=5.413e-05 prevMonth=6.081e-05
MISSION_OK combo=-8.5387 cycle=585 alert=amber since=2026-08-02T00:00Z
  ALPHA fills=4 pnl=-9.285 (life fills=4 pnl=-9.285)
  BETA  fills=33 pnl=0.7463 (life fills=33 pnl=0.7463)
  HULK  bags=0 pnl=0.0
Résumé Cortana, mode pédagogique. Climat calme, score 90 sur cent. Avis climat : calme, score 90 — thermo plutôt clément ; bon pour observer, pas une invitation à monter le risque. Bitcoin cours 65200 dollars, une heure -0.06%, quatre heures 0.43%, vingt-quatre heures 0.23%. Avis prix : sur une heure, le bitcoin bouge peu — marché plutôt plat ; journée plutôt range. Taux de financement actuel 0.000065, moyenne trente jours 0.000054, mois précédent 0.000061. Avis : un peu plus haut que la moyenne des trente jours, et au-dessus de la moyenne du mois précédent. En clair : funding positif soft — les longs paient encore les shorts, rien d’extrême Ratio long court 1.14, intérêt ouvert 1e+05, ratio acheteur 1.1. Avis positionnement : équilibre long-court assez classique ; l’intérêt ouvert donne la taille des paris ouverts — à croiser avec le prix, pas seul. Baleines : 2 grosses transactions, environ 2e+06 dollars. Avis baleines : 2 print(s) au-dessus du seuil — activité institutionnelle ou whale possible, à croiser avec le prix. Ace en direct, 1016 passés, bénéfice session -8.54$, chaleur 3e+01. Avis stacks : chaleur Ace élevée — beaucoup d’activité ou de stress moteur ; session Ace en recul — normal de ralentir les conclusions ; beaucoup de SKIP : le filtre refuse souvent — sagesse ou marché trop sale. Portefeuille : Ace -8.54$, Hulk 0.00$, total -8.54$. Synthèse : sentiment neutre à légèrement positif. On laisse tourner le setup ; je sniffe, je ne décide pas à ta place.
[sentiment=NEUTRE]
[voix:edge:fr-FR-VivienneMultilingualNeural] Cortana. Résumé Cortana, mode pédagogique. Climat calme, score quatre-vingt-dix sur cent. Avis climat : calme, score quatre-vingt-dix — thermo plutôt clément ; …
[voix:ok] Cortana. Résumé Cortana, mode pédagogique. Climat calme, score quatre-vingt-dix sur cent. Avis climat : calme, score quatre-vingt-dix — thermo plutôt clément ; bon pour observer, pas une invitation à …
THERMO_OK climate=ok score=88
THERMO_LIVE /Users/christophe/ace777-test-day1/Index_Maison/thermo/live.json
FUNDING now=7.6e-05 avg30=5.386e-05 prevMonth=6.043e-05
MISSION_OK combo=-8.5387 cycle=585 alert=amber since=2026-08-02T00:00Z
  ALPHA fills=4 pnl=-9.285 (life fills=4 pnl=-9.285)
  BETA  fills=33 pnl=0.7463 (life fills=33 pnl=0.7463)
  HULK  bags=0 pnl=0.0
Résumé Cortana, mode pédagogique. Climat calme, score 88 sur cent. Avis climat : calme, score 88 — thermo plutôt clément ; bon pour observer, pas une invitation à monter le risque. Bitcoin cours 65217 dollars, une heure 0.01%, quatre heures 0.44%, vingt-quatre heures 0.31%. Avis prix : sur une heure, le bitcoin bouge peu — marché plutôt plat ; journée plutôt range. Taux de financement actuel 0.000076, moyenne trente jours 0.000054, mois précédent 0.00006. Avis : un peu plus haut que la moyenne des trente jours, et au-dessus de la moyenne du mois précédent. En clair : funding positif soft — les longs paient encore les shorts, rien d’extrême Ratio long court 1.13, intérêt ouvert 1e+05, ratio acheteur 0.83. Avis positionnement : équilibre long-court assez classique ; les vendeurs agressifs dominent un peu (taker) ; l’intérêt ouvert donne la taille des paris ouverts — à croiser avec le prix, pas seul. Baleines : 1 grosses transactions, environ 9e+05 dollars. Avis baleines : 1 print(s) au-dessus du seuil — activité institutionnelle ou whale possible, à croiser avec le prix. Ace en direct, 1016 passés, bénéfice session -8.54$, chaleur 3e+01. Avis stacks : chaleur Ace élevée — beaucoup d’activité ou de stress moteur ; session Ace en recul — normal de ralentir les conclusions ; beaucoup de SKIP : le filtre refuse souvent — sagesse ou marché trop sale. Portefeuille : Ace -8.54$, Hulk 0.00$, total -8.54$. Synthèse : sentiment neutre à légèrement positif. On laisse tourner le setup ; je sniffe, je ne décide pas à ta place.
[sentiment=NEUTRE]
[voix:edge:fr-FR-VivienneMultilingualNeural] Cortana. Résumé Cortana, mode pédagogique. Climat calme, score quatre-vingt-huit sur cent. Avis climat : calme, score quatre-vingt-huit — thermo plutôt clément …
[voix:ok] Cortana. Résumé Cortana, mode pédagogique. Climat calme, score quatre-vingt-huit sur cent. Avis climat : calme, score quatre-vingt-huit — thermo plutôt clément ; bon pour observer, pas une invitation …
THERMO_OK climate=ok score=89
THERMO_LIVE /Users/christophe/ace777-test-day1/Index_Maison/thermo/live.json
FUNDING now=8e-05 avg30=5.386e-05 prevMonth=6.043e-05
MISSION_OK combo=-8.5387 cycle=585 alert=amber since=2026-08-02T00:00Z
  ALPHA fills=4 pnl=-9.285 (life fills=4 pnl=-9.285)
  BETA  fills=33 pnl=0.7463 (life fills=33 pnl=0.7463)
  HULK  bags=0 pnl=0.0
Résumé Cortana, mode pédagogique. Climat calme, score 89 sur cent. Avis climat : calme, score 89 — thermo plutôt clément ; bon pour observer, pas une invitation à monter le risque. Bitcoin cours 65206 dollars, une heure 0.00%, quatre heures 0.02%, vingt-quatre heures 0.17%. Avis prix : sur une heure, le bitcoin bouge peu — marché plutôt plat ; journée plutôt range. Taux de financement actuel 0.00008, moyenne trente jours 0.000054, mois précédent 0.00006. Avis : un peu plus haut que la moyenne des trente jours, et au-dessus de la moyenne du mois précédent. En clair : funding positif soft — les longs paient encore les shorts, rien d’extrême Ratio long court 1.12, intérêt ouvert 1e+05, ratio acheteur 0.88. Avis positionnement : équilibre long-court assez classique ; l’intérêt ouvert donne la taille des paris ouverts — à croiser avec le prix, pas seul. Baleines : 0 grosses transactions, environ 0 dollars. Avis baleines : pas de gros print proxy pour l’instant — silence ne veut pas dire calme absolu, juste rien d’énorme sur l’échantillon. Ace en direct, 1016 passés, bénéfice session -8.54$, chaleur 3e+01. Avis stacks : chaleur Ace élevée — beaucoup d’activité ou de stress moteur ; session Ace en recul — normal de ralentir les conclusions ; beaucoup de SKIP : le filtre refuse souvent — sagesse ou marché trop sale. Portefeuille : Ace -8.54$, Hulk 0.00$, total -8.54$. Synthèse : sentiment neutre à légèrement positif. On laisse tourner le setup ; je sniffe, je ne décide pas à ta place.
[sentiment=NEUTRE]
[voix:edge:fr-FR-VivienneMultilingualNeural] Cortana. Résumé Cortana, mode pédagogique. Climat calme, score quatre-vingt-neuf sur cent. Avis climat : calme, score quatre-vingt-neuf — thermo plutôt clément …
[voix:ok] Cortana. Résumé Cortana, mode pédagogique. Climat calme, score quatre-vingt-neuf sur cent. Avis climat : calme, score quatre-vingt-neuf — thermo plutôt clément ; bon pour observer, pas une invitation …
THERMO_OK climate=ok score=87
THERMO_LIVE /Users/christophe/ace777-test-day1/Index_Maison/thermo/live.json
FUNDING now=9.3e-05 avg30=5.386e-05 prevMonth=6.043e-05
MISSION_OK combo=-8.5387 cycle=585 alert=amber since=2026-08-02T00:00Z
  ALPHA fills=4 pnl=-9.285 (life fills=4 pnl=-9.285)
  BETA  fills=33 pnl=0.7463 (life fills=33 pnl=0.7463)
  HULK  bags=0 pnl=0.0
Résumé Cortana, mode pédagogique. Climat calme, score 87 sur cent. Avis climat : calme, score 87 — thermo plutôt clément ; bon pour observer, pas une invitation à monter le risque. Bitcoin cours 65194 dollars, une heure 0.04%, quatre heures -0.07%, vingt-quatre heures 0.26%. Avis prix : sur une heure, le bitcoin bouge peu — marché plutôt plat ; journée plutôt range. Taux de financement actuel 0.000093, moyenne trente jours 0.000054, mois précédent 0.00006. Avis : un peu plus haut que la moyenne des trente jours, et au-dessus de la moyenne du mois précédent. En clair : funding positif soft — les longs paient encore les shorts, rien d’extrême Ratio long court 1.12, intérêt ouvert 1e+05, ratio acheteur 0.72. Avis positionnement : équilibre long-court assez classique ; les vendeurs agressifs dominent un peu (taker) ; l’intérêt ouvert donne la taille des paris ouverts — à croiser avec le prix, pas seul. Baleines : 0 grosses transactions, environ 0 dollars. Avis baleines : pas de gros print proxy pour l’instant — silence ne veut pas dire calme absolu, juste rien d’énorme sur l’échantillon. Ace en direct, 1016 passés, bénéfice session -8.54$, chaleur 3e+01. Avis stacks : chaleur Ace élevée — beaucoup d’activité ou de stress moteur ; session Ace en recul — normal de ralentir les conclusions ; beaucoup de SKIP : le filtre refuse souvent — sagesse ou marché trop sale. Portefeuille : Ace -8.54$, Hulk 0.00$, total -8.54$. Synthèse : sentiment neutre à légèrement positif. On laisse tourner le setup ; je sniffe, je ne décide pas à ta place.
[sentiment=NEUTRE]
[voix:edge:fr-FR-VivienneMultilingualNeural] Cortana. Résumé Cortana, mode pédagogique. Climat calme, score quatre-vingt-sept sur cent. Avis climat : calme, score quatre-vingt-sept — thermo plutôt clément …
[voix:ok] Cortana. Résumé Cortana, mode pédagogique. Climat calme, score quatre-vingt-sept sur cent. Avis climat : calme, score quatre-vingt-sept — thermo plutôt clément ; bon pour observer, pas une invitation …
THERMO_OK climate=ok score=87
THERMO_LIVE /Users/christophe/ace777-test-day1/Index_Maison/thermo/live.json
FUNDING now=9.8e-05 avg30=5.386e-05 prevMonth=6.043e-05
MISSION_OK combo=-8.5387 cycle=585 alert=amber since=2026-08-02T00:00Z
  ALPHA fills=4 pnl=-9.285 (life fills=4 pnl=-9.285)
  BETA  fills=33 pnl=0.7463 (life fills=33 pnl=0.7463)
  HULK  bags=0 pnl=0.0
Résumé Cortana, mode pédagogique. Climat calme, score 87 sur cent. Avis climat : calme, score 87 — thermo plutôt clément ; bon pour observer, pas une invitation à monter le risque. Bitcoin cours 65159 dollars, une heure -0.02%, quatre heures -0.08%, vingt-quatre heures 0.23%. Avis prix : sur une heure, le bitcoin bouge peu — marché plutôt plat ; journée plutôt range. Taux de financement actuel 0.000098, moyenne trente jours 0.000054, mois précédent 0.00006. Avis : un peu plus haut que la moyenne des trente jours, et au-dessus de la moyenne du mois précédent. En clair : funding positif soft — les longs paient encore les shorts, rien d’extrême Ratio long court 1.11, intérêt ouvert 1e+05, ratio acheteur 0.66. Avis positionnement : équilibre long-court assez classique ; les vendeurs agressifs dominent un peu (taker) ; l’intérêt ouvert donne la taille des paris ouverts — à croiser avec le prix, pas seul. Baleines : 0 grosses transactions, environ 0 dollars. Avis baleines : pas de gros print proxy pour l’instant — silence ne veut pas dire calme absolu, juste rien d’énorme sur l’échantillon. Ace en direct, 1016 passés, bénéfice session -8.54$, chaleur 3e+01. Avis stacks : chaleur Ace élevée — beaucoup d’activité ou de stress moteur ; session Ace en recul — normal de ralentir les conclusions ; beaucoup de SKIP : le filtre refuse souvent — sagesse ou marché trop sale. Portefeuille : Ace -8.54$, Hulk 0.00$, total -8.54$. Synthèse : sentiment neutre à légèrement positif. On laisse tourner le setup ; je sniffe, je ne décide pas à ta place.
[sentiment=NEUTRE]
[voix:edge:fr-FR-VivienneMultilingualNeural] Cortana. Résumé Cortana, mode pédagogique. Climat calme, score quatre-vingt-sept sur cent. Avis climat : calme, score quatre-vingt-sept — thermo plutôt clément …
[voix:ok] Cortana. Résumé Cortana, mode pédagogique. Climat calme, score quatre-vingt-sept sur cent. Avis climat : calme, score quatre-vingt-sept — thermo plutôt clément ; bon pour observer, pas une invitation …
THERMO_OK climate=ok score=88
THERMO_LIVE /Users/christophe/ace777-test-day1/Index_Maison/thermo/live.json
FUNDING now=9.6e-05 avg30=5.386e-05 prevMonth=6.043e-05
MISSION_OK combo=-8.5387 cycle=585 alert=amber since=2026-08-02T00:00Z
  ALPHA fills=4 pnl=-9.285 (life fills=4 pnl=-9.285)
  BETA  fills=33 pnl=0.7463 (life fills=33 pnl=0.7463)
  HULK  bags=0 pnl=0.0
Résumé Cortana, mode pédagogique. Climat calme, score 88 sur cent. Avis climat : calme, score 88 — thermo plutôt clément ; bon pour observer, pas une invitation à monter le risque. Bitcoin cours 65108 dollars, une heure -0.07%, quatre heures -0.15%, vingt-quatre heures 0.08%. Avis prix : sur une heure, le bitcoin bouge peu — marché plutôt plat ; journée plutôt range. Taux de financement actuel 0.000096, moyenne trente jours 0.000054, mois précédent 0.00006. Avis : un peu plus haut que la moyenne des trente jours, et au-dessus de la moyenne du mois précédent. En clair : funding positif soft — les longs paient encore les shorts, rien d’extrême Ratio long court 1.11, intérêt ouvert 1e+05, ratio acheteur 0.7. Avis positionnement : équilibre long-court assez classique ; les vendeurs agressifs dominent un peu (taker) ; l’intérêt ouvert donne la taille des paris ouverts — à croiser avec le prix, pas seul. Baleines : 0 grosses transactions, environ 0 dollars. Avis baleines : pas de gros print proxy pour l’instant — silence ne veut pas dire calme absolu, juste rien d’énorme sur l’échantillon. Ace en direct, 1016 passés, bénéfice session -8.54$, chaleur 3e+01. Avis stacks : chaleur Ace élevée — beaucoup d’activité ou de stress moteur ; session Ace en recul — normal de ralentir les conclusions ; beaucoup de SKIP : le filtre refuse souvent — sagesse ou marché trop sale. Portefeuille : Ace -8.54$, Hulk 0.00$, total -8.54$. Synthèse : sentiment neutre à légèrement positif. On laisse tourner le setup ; je sniffe, je ne décide pas à ta place.
[sentiment=NEUTRE]
[voix:edge:fr-FR-VivienneMultilingualNeural] Cortana. Résumé Cortana, mode pédagogique. Climat calme, score quatre-vingt-huit sur cent. Avis climat : calme, score quatre-vingt-huit — thermo plutôt clément …
[voix:ok] Cortana. Résumé Cortana, mode pédagogique. Climat calme, score quatre-vingt-huit sur cent. Avis climat : calme, score quatre-vingt-huit — thermo plutôt clément ; bon pour observer, pas une invitation …
THERMO_OK climate=ok score=88
THERMO_LIVE /Users/christophe/ace777-test-day1/Index_Maison/thermo/live.json
FUNDING now=9.3e-05 avg30=5.386e-05 prevMonth=6.043e-05
MISSION_OK combo=-8.5387 cycle=585 alert=amber since=2026-08-02T00:00Z
  ALPHA fills=4 pnl=-9.285 (life fills=4 pnl=-9.285)
  BETA  fills=33 pnl=0.7463 (life fills=33 pnl=0.7463)
  HULK  bags=0 pnl=0.0
Résumé Cortana, mode pédagogique. Climat calme, score 88 sur cent. Avis climat : calme, score 88 — thermo plutôt clément ; bon pour observer, pas une invitation à monter le risque. Bitcoin cours 65154 dollars, une heure 0.06%, quatre heures -0.02%, vingt-quatre heures 0.21%. Avis prix : sur une heure, le bitcoin bouge peu — marché plutôt plat ; journée plutôt range. Taux de financement actuel 0.000093, moyenne trente jours 0.000054, mois précédent 0.00006. Avis : un peu plus haut que la moyenne des trente jours, et au-dessus de la moyenne du mois précédent. En clair : funding positif soft — les longs paient encore les shorts, rien d’extrême Ratio long court 1.1, intérêt ouvert 1e+05, ratio acheteur 0.81. Avis positionnement : équilibre long-court assez classique ; les vendeurs agressifs dominent un peu (taker) ; l’intérêt ouvert donne la taille des paris ouverts — à croiser avec le prix, pas seul. Baleines : 0 grosses transactions, environ 0 dollars. Avis baleines : pas de gros print proxy pour l’instant — silence ne veut pas dire calme absolu, juste rien d’énorme sur l’échantillon. Ace en direct, 1016 passés, bénéfice session -8.54$, chaleur 3e+01. Avis stacks : chaleur Ace élevée — beaucoup d’activité ou de stress moteur ; session Ace en recul — normal de ralentir les conclusions ; beaucoup de SKIP : le filtre refuse souvent — sagesse ou marché trop sale. Portefeuille : Ace -8.54$, Hulk 0.00$, total -8.54$. Synthèse : sentiment neutre à légèrement positif. On laisse tourner le setup ; je sniffe, je ne décide pas à ta place.
[sentiment=NEUTRE]
[voix:edge:fr-FR-VivienneMultilingualNeural] Cortana. Résumé Cortana, mode pédagogique. Climat calme, score quatre-vingt-huit sur cent. Avis climat : calme, score quatre-vingt-huit — thermo plutôt clément …
[voix:ok] Cortana. Résumé Cortana, mode pédagogique. Climat calme, score quatre-vingt-huit sur cent. Avis climat : calme, score quatre-vingt-huit — thermo plutôt clément ; bon pour observer, pas une invitation …
THERMO_OK climate=ok score=88
THERMO_LIVE /Users/christophe/ace777-test-day1/Index_Maison/thermo/live.json
FUNDING now=9e-05 avg30=5.386e-05 prevMonth=6.043e-05
MISSION_OK combo=-8.5387 cycle=585 alert=amber since=2026-08-02T00:00Z
  ALPHA fills=4 pnl=-9.285 (life fills=4 pnl=-9.285)
  BETA  fills=33 pnl=0.7463 (life fills=33 pnl=0.7463)
  HULK  bags=0 pnl=0.0
Résumé Cortana, mode pédagogique. Climat calme, score 88 sur cent. Avis climat : calme, score 88 — thermo plutôt clément ; bon pour observer, pas une invitation à monter le risque. Bitcoin cours 65065 dollars, une heure -0.15%, quatre heures -0.16%, vingt-quatre heures 0.21%. Avis prix : sur une heure, le bitcoin bouge peu — marché plutôt plat ; journée plutôt range. Taux de financement actuel 0.00009, moyenne trente jours 0.000054, mois précédent 0.00006. Avis : un peu plus haut que la moyenne des trente jours, et au-dessus de la moyenne du mois précédent. En clair : funding positif soft — les longs paient encore les shorts, rien d’extrême Ratio long court 1.11, intérêt ouvert 1e+05, ratio acheteur 1.1. Avis positionnement : équilibre long-court assez classique ; l’intérêt ouvert donne la taille des paris ouverts — à croiser avec le prix, pas seul. Baleines : 0 grosses transactions, environ 0 dollars. Avis baleines : pas de gros print proxy pour l’instant — silence ne veut pas dire calme absolu, juste rien d’énorme sur l’échantillon. Ace en direct, 1016 passés, bénéfice session -8.54$, chaleur 3e+01. Avis stacks : chaleur Ace élevée — beaucoup d’activité ou de stress moteur ; session Ace en recul — normal de ralentir les conclusions ; beaucoup de SKIP : le filtre refuse souvent — sagesse ou marché trop sale. Portefeuille : Ace -8.54$, Hulk 0.00$, total -8.54$. Synthèse : sentiment neutre à légèrement positif. On laisse tourner le setup ; je sniffe, je ne décide pas à ta place.
[sentiment=NEUTRE]
[voix:edge:fr-FR-VivienneMultilingualNeural] Cortana. Résumé Cortana, mode pédagogique. Climat calme, score quatre-vingt-huit sur cent. Avis climat : calme, score quatre-vingt-huit — thermo plutôt clément …
[voix:ok] Cortana. Résumé Cortana, mode pédagogique. Climat calme, score quatre-vingt-huit sur cent. Avis climat : calme, score quatre-vingt-huit — thermo plutôt clément ; bon pour observer, pas une invitation …
THERMO_OK climate=ok score=90 DEGRADED=oi,mark,funding,chg24,fearGreed
THERMO_LIVE /Users/christophe/ace777-test-day1/Index_Maison/thermo/live.json
FUNDING now=9e-05 avg30=None prevMonth=None
MISSION_OK combo=-8.5387 cycle=585 alert=amber since=2026-08-02T00:00Z
  ALPHA fills=4 pnl=-9.285 (life fills=4 pnl=-9.285)
  BETA  fills=33 pnl=0.7463 (life fills=33 pnl=0.7463)
  HULK  bags=0 pnl=0.0
Résumé Cortana, mode pédagogique. Climat calme, score 90 sur cent. Avis climat : calme, score 90 — thermo plutôt clément ; bon pour observer, pas une invitation à monter le risque. Bitcoin cours 65065 dollars, une heure n/d, quatre heures n/d, vingt-quatre heures 0.21%. Avis prix : journée plutôt range. Taux de financement actuel 0.00009, moyenne trente jours non disponible, mois précédent non disponible. Avis : En clair : funding positif soft — les longs paient encore les shorts, rien d’extrême.  Ratio long court n/d, intérêt ouvert 1e+05, ratio acheteur n/d. Avis positionnement : l’intérêt ouvert donne la taille des paris ouverts — à croiser avec le prix, pas seul. Baleines : 0 grosses transactions, environ 0 dollars. Avis baleines : pas de gros print proxy pour l’instant — silence ne veut pas dire calme absolu, juste rien d’énorme sur l’échantillon. Ace en direct, 1016 passés, bénéfice session -8.54$, chaleur 3e+01. Avis stacks : chaleur Ace élevée — beaucoup d’activité ou de stress moteur ; session Ace en recul — normal de ralentir les conclusions ; beaucoup de SKIP : le filtre refuse souvent — sagesse ou marché trop sale. Portefeuille : Ace -8.54$, Hulk 0.00$, total -8.54$. Synthèse : sentiment neutre à légèrement positif. On laisse tourner le setup ; je sniffe, je ne décide pas à ta place.
[sentiment=NEUTRE]
[voix:WARN] edge KO (gen_fail) — pas de repli say (CORTANA_TTS=edge)
[voix:edge:fr-FR-VivienneMultilingualNeural:echec_gen] Cortana. Résumé Cortana, mode pédagogique. Climat calme, score quatre-vingt-dix sur cent. Avis climat : calme, score quatre-vingt-dix — thermo plutôt clément ; …
[voix:ok] Cortana. Résumé Cortana, mode pédagogique. Climat calme, score quatre-vingt-dix sur cent. Avis climat : calme, score quatre-vingt-dix — thermo plutôt clément ; bon pour observer, pas une invitation à …
THERMO_OK climate=ok score=87
THERMO_LIVE /Users/christophe/ace777-test-day1/Index_Maison/thermo/live.json
FUNDING now=6.7e-05 avg30=5.358e-05 prevMonth=6.067e-05
MISSION_OK combo=-8.5387 cycle=585 alert=amber since=2026-08-02T00:00Z
  ALPHA fills=4 pnl=-9.285 (life fills=4 pnl=-9.285)
  BETA  fills=33 pnl=0.7463 (life fills=33 pnl=0.7463)
  HULK  bags=0 pnl=0.0
Résumé Cortana, mode pédagogique. Climat calme, score 87 sur cent. Avis climat : calme, score 87 — thermo plutôt clément ; bon pour observer, pas une invitation à monter le risque. Bitcoin cours 65147 dollars, une heure 0.05%, quatre heures 0.11%, vingt-quatre heures 0.52%. Avis prix : sur une heure, le bitcoin bouge peu — marché plutôt plat. Taux de financement actuel 0.000067, moyenne trente jours 0.000054, mois précédent 0.000061. Avis : un peu plus haut que la moyenne des trente jours, et au-dessus de la moyenne du mois précédent. En clair : funding positif soft — les longs paient encore les shorts, rien d’extrême Ratio long court 1.16, intérêt ouvert 1e+05, ratio acheteur 1.5. Avis positionnement : équilibre long-court assez classique ; les acheteurs agressifs dominent un peu (taker) ; l’intérêt ouvert donne la taille des paris ouverts — à croiser avec le prix, pas seul. Baleines : 0 grosses transactions, environ 0 dollars. Avis baleines : pas de gros print proxy pour l’instant — silence ne veut pas dire calme absolu, juste rien d’énorme sur l’échantillon. Ace en direct, 1016 passés, bénéfice session -8.54$, chaleur 3e+01. Avis stacks : chaleur Ace élevée — beaucoup d’activité ou de stress moteur ; session Ace en recul — normal de ralentir les conclusions ; beaucoup de SKIP : le filtre refuse souvent — sagesse ou marché trop sale. Portefeuille : Ace -8.54$, Hulk 0.00$, total -8.54$. Synthèse : sentiment neutre à légèrement positif. On laisse tourner le setup ; je sniffe, je ne décide pas à ta place.
[sentiment=NEUTRE]
[voix:edge:fr-FR-VivienneMultilingualNeural] Cortana. Résumé Cortana, mode pédagogique. Climat calme, score quatre-vingt-sept sur cent. Avis climat : calme, score quatre-vingt-sept — thermo plutôt clément …
[voix:ok] Cortana. Résumé Cortana, mode pédagogique. Climat calme, score quatre-vingt-sept sur cent. Avis climat : calme, score quatre-vingt-sept — thermo plutôt clément ; bon pour observer, pas une invitation …
THERMO_OK climate=ok score=86
THERMO_LIVE /Users/christophe/ace777-test-day1/Index_Maison/thermo/live.json
FUNDING now=7.5e-05 avg30=5.358e-05 prevMonth=6.067e-05
MISSION_OK combo=-8.5387 cycle=585 alert=amber since=2026-08-02T00:00Z
  ALPHA fills=4 pnl=-9.285 (life fills=4 pnl=-9.285)
  BETA  fills=33 pnl=0.7463 (life fills=33 pnl=0.7463)
  HULK  bags=0 pnl=0.0
Résumé Cortana, mode pédagogique. Climat calme, score 86 sur cent. Avis climat : calme, score 86 — thermo plutôt clément ; bon pour observer, pas une invitation à monter le risque. Bitcoin cours 65312 dollars, une heure 0.05%, quatre heures 0.56%, vingt-quatre heures 0.77%. Avis prix : sur une heure, le bitcoin bouge peu — marché plutôt plat. Taux de financement actuel 0.000075, moyenne trente jours 0.000054, mois précédent 0.000061. Avis : un peu plus haut que la moyenne des trente jours, et au-dessus de la moyenne du mois précédent. En clair : funding positif soft — les longs paient encore les shorts, rien d’extrême Ratio long court 1.13, intérêt ouvert 1e+05, ratio acheteur 1.2. Avis positionnement : équilibre long-court assez classique ; les acheteurs agressifs dominent un peu (taker) ; l’intérêt ouvert donne la taille des paris ouverts — à croiser avec le prix, pas seul. Baleines : 2 grosses transactions, environ 1e+06 dollars. Avis baleines : 2 print(s) au-dessus du seuil — activité institutionnelle ou whale possible, à croiser avec le prix. Ace en direct, 1016 passés, bénéfice session -8.54$, chaleur 3e+01. Avis stacks : chaleur Ace élevée — beaucoup d’activité ou de stress moteur ; session Ace en recul — normal de ralentir les conclusions ; beaucoup de SKIP : le filtre refuse souvent — sagesse ou marché trop sale. Portefeuille : Ace -8.54$, Hulk 0.00$, total -8.54$. Synthèse : sentiment neutre à légèrement positif. On laisse tourner le setup ; je sniffe, je ne décide pas à ta place.
[sentiment=NEUTRE]
[voix:edge:fr-FR-VivienneMultilingualNeural] Cortana. Résumé Cortana, mode pédagogique. Climat calme, score quatre-vingt-six sur cent. Avis climat : calme, score quatre-vingt-six — thermo plutôt clément ; …
[voix:ok] Cortana. Résumé Cortana, mode pédagogique. Climat calme, score quatre-vingt-six sur cent. Avis climat : calme, score quatre-vingt-six — thermo plutôt clément ; bon pour observer, pas une invitation à …
THERMO_OK climate=ok score=86
THERMO_LIVE /Users/christophe/ace777-test-day1/Index_Maison/thermo/live.json
FUNDING now=8.8e-05 avg30=5.435e-05 prevMonth=6.081e-05
MISSION_OK combo=-8.5387 cycle=585 alert=amber since=2026-08-02T00:00Z
  ALPHA fills=4 pnl=-9.285 (life fills=4 pnl=-9.285)
  BETA  fills=33 pnl=0.7463 (life fills=33 pnl=0.7463)
  HULK  bags=0 pnl=0.0
Résumé Cortana, mode pédagogique. Climat calme, score 86 sur cent. Avis climat : calme, score 86 — thermo plutôt clément ; bon pour observer, pas une invitation à monter le risque. Bitcoin cours 65267 dollars, une heure 0.13%, quatre heures 0.44%, vingt-quatre heures 0.62%. Avis prix : sur une heure, le bitcoin bouge peu — marché plutôt plat. Taux de financement actuel 0.000088, moyenne trente jours 0.000054, mois précédent 0.000061. Avis : un peu plus haut que la moyenne des trente jours, et au-dessus de la moyenne du mois précédent. En clair : funding positif soft — les longs paient encore les shorts, rien d’extrême Ratio long court 1.11, intérêt ouvert 1e+05, ratio acheteur 0.85. Avis positionnement : équilibre long-court assez classique ; les vendeurs agressifs dominent un peu (taker) ; l’intérêt ouvert donne la taille des paris ouverts — à croiser avec le prix, pas seul. Baleines : 0 grosses transactions, environ 0 dollars. Avis baleines : pas de gros print proxy pour l’instant — silence ne veut pas dire calme absolu, juste rien d’énorme sur l’échantillon. Ace en direct, 1016 passés, bénéfice session -8.54$, chaleur 3e+01. Avis stacks : chaleur Ace élevée — beaucoup d’activité ou de stress moteur ; session Ace en recul — normal de ralentir les conclusions ; beaucoup de SKIP : le filtre refuse souvent — sagesse ou marché trop sale. Portefeuille : Ace -8.54$, Hulk 0.00$, total -8.54$. Synthèse : sentiment neutre à légèrement positif. On laisse tourner le setup ; je sniffe, je ne décide pas à ta place.
[sentiment=NEUTRE]
[voix:edge:fr-FR-VivienneMultilingualNeural] Cortana. Résumé Cortana, mode pédagogique. Climat calme, score quatre-vingt-six sur cent. Avis climat : calme, score quatre-vingt-six — thermo plutôt clément ; …
[voix:ok] Cortana. Résumé Cortana, mode pédagogique. Climat calme, score quatre-vingt-six sur cent. Avis climat : calme, score quatre-vingt-six — thermo plutôt clément ; bon pour observer, pas une invitation à …
THERMO_OK climate=ok score=87
THERMO_LIVE /Users/christophe/ace777-test-day1/Index_Maison/thermo/live.json
FUNDING now=9.3e-05 avg30=5.435e-05 prevMonth=6.081e-05
MISSION_OK combo=-8.5387 cycle=585 alert=amber since=2026-08-02T00:00Z
  ALPHA fills=4 pnl=-9.285 (life fills=4 pnl=-9.285)
  BETA  fills=33 pnl=0.7463 (life fills=33 pnl=0.7463)
  HULK  bags=0 pnl=0.0
Résumé Cortana, mode pédagogique. Climat calme, score 87 sur cent. Avis climat : calme, score 87 — thermo plutôt clément ; bon pour observer, pas une invitation à monter le risque. Bitcoin cours 65070 dollars, une heure -0.24%, quatre heures -0.08%, vingt-quatre heures 0.45%. Avis prix : sur une heure, le bitcoin bouge peu — marché plutôt plat ; journée plutôt range. Taux de financement actuel 0.000093, moyenne trente jours 0.000054, mois précédent 0.000061. Avis : un peu plus haut que la moyenne des trente jours, et au-dessus de la moyenne du mois précédent. En clair : funding positif soft — les longs paient encore les shorts, rien d’extrême Ratio long court 1.1, intérêt ouvert 1e+05, ratio acheteur 1.1. Avis positionnement : équilibre long-court assez classique ; l’intérêt ouvert donne la taille des paris ouverts — à croiser avec le prix, pas seul. Baleines : 1 grosses transactions, environ 1e+06 dollars. Avis baleines : 1 print(s) au-dessus du seuil — activité institutionnelle ou whale possible, à croiser avec le prix. Ace en direct, 1016 passés, bénéfice session -8.54$, chaleur 3e+01. Avis stacks : chaleur Ace élevée — beaucoup d’activité ou de stress moteur ; session Ace en recul — normal de ralentir les conclusions ; beaucoup de SKIP : le filtre refuse souvent — sagesse ou marché trop sale. Portefeuille : Ace -8.54$, Hulk 0.00$, total -8.54$. Synthèse : sentiment neutre à légèrement positif. On laisse tourner le setup ; je sniffe, je ne décide pas à ta place.
[sentiment=NEUTRE]
[voix:edge:fr-FR-VivienneMultilingualNeural] Cortana. Résumé Cortana, mode pédagogique. Climat calme, score quatre-vingt-sept sur cent. Avis climat : calme, score quatre-vingt-sept — thermo plutôt clément …
[voix:ok] Cortana. Résumé Cortana, mode pédagogique. Climat calme, score quatre-vingt-sept sur cent. Avis climat : calme, score quatre-vingt-sept — thermo plutôt clément ; bon pour observer, pas une invitation …
THERMO_OK climate=ok score=88
THERMO_LIVE /Users/christophe/ace777-test-day1/Index_Maison/thermo/live.json
FUNDING now=8.7e-05 avg30=5.435e-05 prevMonth=6.081e-05
MISSION_OK combo=-8.5387 cycle=585 alert=amber since=2026-08-02T00:00Z
  ALPHA fills=4 pnl=-9.285 (life fills=4 pnl=-9.285)
  BETA  fills=33 pnl=0.7463 (life fills=33 pnl=0.7463)
  HULK  bags=0 pnl=0.0
Résumé Cortana, mode pédagogique. Climat calme, score 88 sur cent. Avis climat : calme, score 88 — thermo plutôt clément ; bon pour observer, pas une invitation à monter le risque. Bitcoin cours 65002 dollars, une heure 0.09%, quatre heures -0.42%, vingt-quatre heures 0.14%. Avis prix : sur une heure, le bitcoin bouge peu — marché plutôt plat ; journée plutôt range. Taux de financement actuel 0.000087, moyenne trente jours 0.000054, mois précédent 0.000061. Avis : un peu plus haut que la moyenne des trente jours, et au-dessus de la moyenne du mois précédent. En clair : funding positif soft — les longs paient encore les shorts, rien d’extrême Ratio long court 1.15, intérêt ouvert 1e+05, ratio acheteur 0.84. Avis positionnement : équilibre long-court assez classique ; les vendeurs agressifs dominent un peu (taker) ; l’intérêt ouvert donne la taille des paris ouverts — à croiser avec le prix, pas seul. Baleines : 1 grosses transactions, environ 6e+05 dollars. Avis baleines : 1 print(s) au-dessus du seuil — activité institutionnelle ou whale possible, à croiser avec le prix. Ace en direct, 1016 passés, bénéfice session -8.54$, chaleur 3e+01. Avis stacks : chaleur Ace élevée — beaucoup d’activité ou de stress moteur ; session Ace en recul — normal de ralentir les conclusions ; beaucoup de SKIP : le filtre refuse souvent — sagesse ou marché trop sale. Portefeuille : Ace -8.54$, Hulk 0.00$, total -8.54$. Synthèse : sentiment neutre à légèrement positif. On laisse tourner le setup ; je sniffe, je ne décide pas à ta place.
[sentiment=NEUTRE]
[voix:edge:fr-FR-VivienneMultilingualNeural] Cortana. Résumé Cortana, mode pédagogique. Climat calme, score quatre-vingt-huit sur cent. Avis climat : calme, score quatre-vingt-huit — thermo plutôt clément …
[voix:ok] Cortana. Résumé Cortana, mode pédagogique. Climat calme, score quatre-vingt-huit sur cent. Avis climat : calme, score quatre-vingt-huit — thermo plutôt clément ; bon pour observer, pas une invitation …
THERMO_OK climate=ok score=87
THERMO_LIVE /Users/christophe/ace777-test-day1/Index_Maison/thermo/live.json
FUNDING now=8.9e-05 avg30=5.435e-05 prevMonth=6.081e-05
MISSION_OK combo=-8.5387 cycle=585 alert=amber since=2026-08-02T00:00Z
  ALPHA fills=4 pnl=-9.285 (life fills=4 pnl=-9.285)
  BETA  fills=33 pnl=0.7463 (life fills=33 pnl=0.7463)
  HULK  bags=0 pnl=0.0
Résumé Cortana, mode pédagogique. Climat calme, score 87 sur cent. Avis climat : calme, score 87 — thermo plutôt clément ; bon pour observer, pas une invitation à monter le risque. Bitcoin cours 65040 dollars, une heure 0.08%, quatre heures -0.22%, vingt-quatre heures 0.12%. Avis prix : sur une heure, le bitcoin bouge peu — marché plutôt plat ; journée plutôt range. Taux de financement actuel 0.000089, moyenne trente jours 0.000054, mois précédent 0.000061. Avis : un peu plus haut que la moyenne des trente jours, et au-dessus de la moyenne du mois précédent. En clair : funding positif soft — les longs paient encore les shorts, rien d’extrême Ratio long court 1.17, intérêt ouvert 1e+05, ratio acheteur 1.5. Avis positionnement : équilibre long-court assez classique ; les acheteurs agressifs dominent un peu (taker) ; l’intérêt ouvert donne la taille des paris ouverts — à croiser avec le prix, pas seul. Baleines : 0 grosses transactions, environ 0 dollars. Avis baleines : pas de gros print proxy pour l’instant — silence ne veut pas dire calme absolu, juste rien d’énorme sur l’échantillon. Ace en direct, 1016 passés, bénéfice session -8.54$, chaleur 3e+01. Avis stacks : chaleur Ace élevée — beaucoup d’activité ou de stress moteur ; session Ace en recul — normal de ralentir les conclusions ; beaucoup de SKIP : le filtre refuse souvent — sagesse ou marché trop sale. Portefeuille : Ace -8.54$, Hulk 0.00$, total -8.54$. Synthèse : sentiment neutre à légèrement positif. On laisse tourner le setup ; je sniffe, je ne décide pas à ta place.
[sentiment=NEUTRE]
[voix:edge:fr-FR-VivienneMultilingualNeural] Cortana. Résumé Cortana, mode pédagogique. Climat calme, score quatre-vingt-sept sur cent. Avis climat : calme, score quatre-vingt-sept — thermo plutôt clément …
[voix:ok] Cortana. Résumé Cortana, mode pédagogique. Climat calme, score quatre-vingt-sept sur cent. Avis climat : calme, score quatre-vingt-sept — thermo plutôt clément ; bon pour observer, pas une invitation …
THERMO_OK climate=ok score=88
THERMO_LIVE /Users/christophe/ace777-test-day1/Index_Maison/thermo/live.json
FUNDING now=8.6e-05 avg30=5.435e-05 prevMonth=6.081e-05
MISSION_OK combo=-8.5387 cycle=585 alert=amber since=2026-08-02T00:00Z
  ALPHA fills=4 pnl=-9.285 (life fills=4 pnl=-9.285)
  BETA  fills=33 pnl=0.7463 (life fills=33 pnl=0.7463)
  HULK  bags=0 pnl=0.0
Résumé Cortana, mode pédagogique. Climat calme, score 88 sur cent. Avis climat : calme, score 88 — thermo plutôt clément ; bon pour observer, pas une invitation à monter le risque. Bitcoin cours 64980 dollars, une heure -0.18%, quatre heures -0.37%, vingt-quatre heures 0.10%. Avis prix : sur une heure, le bitcoin bouge peu — marché plutôt plat ; journée plutôt range. Taux de financement actuel 0.000086, moyenne trente jours 0.000054, mois précédent 0.000061. Avis : un peu plus haut que la moyenne des trente jours, et au-dessus de la moyenne du mois précédent. En clair : funding positif soft — les longs paient encore les shorts, rien d’extrême Ratio long court 1.17, intérêt ouvert 1e+05, ratio acheteur 1.2. Avis positionnement : équilibre long-court assez classique ; les acheteurs agressifs dominent un peu (taker) ; l’intérêt ouvert donne la taille des paris ouverts — à croiser avec le prix, pas seul. Baleines : 2 grosses transactions, environ 1e+06 dollars. Avis baleines : 2 print(s) au-dessus du seuil — activité institutionnelle ou whale possible, à croiser avec le prix. Ace en direct, 1016 passés, bénéfice session -8.54$, chaleur 3e+01. Avis stacks : chaleur Ace élevée — beaucoup d’activité ou de stress moteur ; session Ace en recul — normal de ralentir les conclusions ; beaucoup de SKIP : le filtre refuse souvent — sagesse ou marché trop sale. Portefeuille : Ace -8.54$, Hulk 0.00$, total -8.54$. Synthèse : sentiment neutre à légèrement positif. On laisse tourner le setup ; je sniffe, je ne décide pas à ta place.
[sentiment=NEUTRE]
[voix:edge:fr-FR-VivienneMultilingualNeural] Cortana. Résumé Cortana, mode pédagogique. Climat calme, score quatre-vingt-huit sur cent. Avis climat : calme, score quatre-vingt-huit — thermo plutôt clément …
[voix:ok] Cortana. Résumé Cortana, mode pédagogique. Climat calme, score quatre-vingt-huit sur cent. Avis climat : calme, score quatre-vingt-huit — thermo plutôt clément ; bon pour observer, pas une invitation …
