[1;36m--- ACE777 STRICT CLONE FUTURES TESTNET ---[0m
[1;36mLeverage ramp ON:[0m [1;36mstart=13 end=13 cycles=180[0m
[1;32mV8 Resonance ON:[0m [1;36mimpulse_thr=0.96 dt_ms=64 aspiration=1.618@37.8deg void_lock=TRUE shock_exit=TRUE[0m
[1;32mV8 Tension ON:[0m [1;36mwall_drop=6.5% dt_ms=64 filter=0.85 depth=20[0m
[1;36mSymbol=BTCUSDT[0m [1;32mLeverage=13[0m [1;36mBuyUSDT=800 Orders=TRUE[0m
mode=OFF radar_adj=0 mom= conf=0
[1;36m20:05:04[0m [1;32mx13[0m [1;36m#1[0m SKIP tension=[1;31m5.35020826[0m [0m| duo no_state
mode=OFF radar_adj=0 mom= conf=0
[1;36m20:05:13[0m [1;32mx13[0m [1;36m#2[0m SKIP tension=[1;36m0.00000000[0m [0m| momentum_too_small [1;31mconf=0.3496[0m
mode=OFF radar_adj=0 mom= conf=0
[1;36m20:05:23[0m [1;32mx13[0m [1;36m#3[0m SKIP tension=[1;36m0.00120366[0m [0m| momentum_too_small [1;31mconf=0.002[0m
mode=OFF radar_adj=0 mom= conf=0
[1;36m20:05:32[0m [1;32mx13[0m [1;36m#4[0m SKIP tension=[1;36m0.00001222[0m [0m| momentum_too_small [1;31mconf=0.0[0m
mode=OFF radar_adj=0 mom= conf=0
[1;36m20:05:42[0m [1;32mx13[0m [1;36m#5[0m SKIP tension=[1;36m0.00000000[0m [0m| momentum_too_small [1;31mconf=0.3496[0m
mode=OFF radar_adj=0 mom= conf=0
[1;36m20:05:51[0m [1;32mx13[0m [1;36m#6[0m SKIP tension=[1;36m0.00001658[0m [0m| momentum_too_small [1;31mconf=0.0[0m
mode=OFF radar_adj=0 mom= conf=0
[1;36m20:06:01[0m [1;32mx13[0m [1;36m#7[0m SKIP tension=[1;36m0.00000230[0m [0m| momentum_too_small [1;31mconf=0.0[0m
mode=OFF radar_adj=0 mom= conf=0
[1;36m20:06:11[0m [1;32mx13[0m [1;36m#8[0m SKIP tension=[1;36m0.00002100[0m [0m| momentum_too_small [1;31mconf=0.0[0m
mode=OFF radar_adj=0 mom= conf=0
[1;36m20:06:20[0m [1;32mx13[0m [1;36m#9[0m SKIP tension=[1;36m0.00002027[0m [0m| momentum_too_small [1;31mconf=0.0[0m
mode=OFF radar_adj=0 mom= conf=0
[1;36m20:06:30[0m [1;32mx13[0m [1;36m#10[0m SKIP tension=[1;36m0.00002027[0m [0m| momentum_too_small [1;31mconf=0.0[0m
mode=OFF radar_adj=0 mom= conf=0
[1;36m20:06:40[0m [1;32mx13[0m [1;36m#11[0m SKIP tension=[1;36m0.00001889[0m [0m| momentum_too_small [1;31mconf=0.0[0m
mode=OFF radar_adj=0 mom= conf=0
[1;36m20:06:50[0m [1;32mx13[0m [1;36m#12[0m SKIP tension=[1;36m0.00001981[0m [0m| momentum_too_small [1;31mconf=0.0[0m
mode=OFF radar_adj=0 mom= conf=0
[1;36m20:07:00[0m [1;32mx13[0m [1;36m#13[0m SKIP tension=[1;36m0.00002811[0m [0m| momentum_too_small [1;31mconf=0.0[0m
mode=OFF radar_adj=0 mom= conf=0
[1;36m20:07:10[0m [1;32mx13[0m [1;36m#14[0m SKIP tension=[1;36m0.00001797[0m [0m| momentum_too_small [1;31mconf=0.0[0m
mode=OFF radar_adj=0 mom= conf=0
[1;36m20:07:20[0m [1;32mx13[0m [1;36m#15[0m SKIP tension=[1;36m0.00002212[0m [0m| momentum_too_small [1;31mconf=0.0[0m
mode=OFF radar_adj=0 mom= conf=0
[1;36m20:07:29[0m [1;32mx13[0m [1;36m#16[0m SKIP tension=[1;36m0.00001981[0m [0m| momentum_too_small [1;31mconf=0.0[0m
mode=OFF radar_adj=0 mom= conf=0
[1;36m20:07:39[0m [1;32mx13[0m [1;36m#17[0m SKIP tension=[1;36m0.00001798[0m [0m| momentum_too_small [1;31mconf=0.0[0m
mode=OFF radar_adj=0 mom= conf=0
[1;36m20:07:49[0m [1;32mx13[0m [1;36m#18[0m SKIP tension=[1;36m0.00002997[0m [0m| momentum_too_small [1;31mconf=0.0[0m
mode=OFF radar_adj=0 mom= conf=0
[1;36m20:07:59[0m [1;32mx13[0m [1;36m#19[0m SKIP tension=[1;36m0.00001429[0m [0m| momentum_too_small [1;31mconf=0.0[0m
mode=OFF radar_adj=0 mom= conf=0
[1;36m20:08:08[0m [1;32mx13[0m [1;36m#20[0m SKIP tension=[1;36m0.00001567[0m [0m| momentum_too_small [1;31mconf=0.0[0m
mode=OFF radar_adj=0 mom= conf=0
[1;36m20:08:18[0m [1;32mx13[0m [1;36m#21[0m SKIP tension=[1;36m0.00001014[0m [0m| momentum_too_small [1;31mconf=0.0[0m
mode=OFF radar_adj=0 mom= conf=0
[1;36m20:08:28[0m [1;32mx13[0m [1;36m#22[0m SKIP tension=[1;36m0.19582376[0m [0m| direction_unclear [1;31mconf=0.326[0m
mode=OFF radar_adj=0 mom= conf=0
[1;36m20:08:38[0m [1;32mx13[0m [1;36m#23[0m SKIP tension=[1;36m0.00200507[0m [0m| momentum_too_small [1;31mconf=0.0033[0m
mode=OFF radar_adj=0 mom= conf=0
[1;36m20:08:48[0m [1;32mx13[0m [1;36m#24[0m SKIP tension=[1;32m1.46039386[0m [0m| duo no_state
mode=OFF radar_adj=0 mom= conf=0
[1;36m20:08:59[0m [1;32mx13[0m [1;36m#25[0m SKIP tension=[1;36m0.00002864[0m [0m| momentum_too_small [1;31mconf=0.0[0m
mode=OFF radar_adj=0 mom= conf=0
[1;36m20:09:08[0m [1;32mx13[0m [1;36m#26[0m SKIP tension=[1;36m0.00200534[0m [0m| momentum_too_small [1;31mconf=0.0033[0m
mode=OFF radar_adj=0 mom= conf=0
[1;36m20:09:18[0m [1;32mx13[0m [1;36m#27[0m SKIP tension=[1;36m0.00000424[0m [0m| momentum_too_small [1;31mconf=0.0[0m
mode=OFF radar_adj=0 mom= conf=0
[1;36m20:09:28[0m [1;32mx13[0m [1;36m#28[0m SKIP tension=[1;36m0.00000000[0m [0m| momentum_too_small [1;31mconf=0.3496[0m
mode=OFF radar_adj=0 mom= conf=0
[1;36m20:09:37[0m [1;32mx13[0m [1;36m#29[0m SKIP tension=[1;36m0.00001303[0m [0m| momentum_too_small [1;31mconf=0.0[0m
mode=OFF radar_adj=0 mom= conf=0
[1;36m20:09:47[0m [1;32mx13[0m [1;36m#30[0m SKIP tension=[1;36m0.00007670[0m [0m| momentum_too_small [1;31mconf=0.0001[0m
mode=OFF radar_adj=0 mom= conf=0
[1;36m20:09:57[0m [1;32mx13[0m [1;36m#31[0m SKIP tension=[1;36m0.77449982[0m [0m| wall_not_collapsed
mode=OFF radar_adj=0 mom= conf=0
[1;36m20:10:06[0m [1;32mx13[0m [1;36m#32[0m SKIP tension=[1;36m0.47858889[0m [0m| wall_not_collapsed
mode=OFF radar_adj=0 mom= conf=0
[1;36m20:10:16[0m [1;32mx13[0m [1;36m#33[0m SKIP tension=[1;32m1.14815421[0m [0m| duo no_state
mode=OFF radar_adj=0 mom= conf=0
[1;36m20:10:26[0m [1;32mx13[0m [1;36m#34[0m SKIP tension=[1;36m0.00000000[0m [0m| momentum_too_small [1;31mconf=0.3496[0m
mode=OFF radar_adj=0 mom= conf=0
[1;36m20:10:36[0m [1;32mx13[0m [1;36m#35[0m SKIP tension=[1;36m0.07248835[0m [0m| direction_unclear [1;31mconf=0.1207[0m
mode=OFF radar_adj=0 mom= conf=0
[1;36m20:10:45[0m [1;32mx13[0m [1;36m#36[0m SKIP tension=[1;36m0.00000000[0m [0m| momentum_too_small [1;31mconf=0.3496[0m
mode=OFF radar_adj=0 mom= conf=0
[1;36m20:10:56[0m [1;32mx13[0m [1;36m#37[0m SKIP tension=[1;36m0.00002922[0m [0m| momentum_too_small [1;31mconf=0.0[0m
mode=OFF radar_adj=0 mom= conf=0
[1;36m20:11:07[0m [1;32mx13[0m [1;36m#38[0m SKIP tension=[1;36m0.00001784[0m [0m| momentum_too_small [1;31mconf=0.0[0m
mode=OFF radar_adj=0 mom= conf=0
[1;36m20:11:16[0m [1;32mx13[0m [1;36m#39[0m SKIP tension=[1;36m0.02631350[0m [0m| direction_unclear [1;31mconf=0.0422[0m
mode=OFF radar_adj=0 mom= conf=0
[1;36m20:11:26[0m [1;32mx13[0m [1;36m#40[0m SKIP tension=[1;36m0.00000000[0m [0m| momentum_too_small [1;31mconf=0.336[0m
mode=OFF radar_adj=0 mom= conf=0
[1;36m20:11:35[0m [1;32mx13[0m [1;36m#41[0m SKIP tension=[1;36m0.00000000[0m [0m| momentum_too_small [1;31mconf=0.336[0m
mode=OFF radar_adj=0 mom= conf=0
[1;36m20:11:45[0m [1;32mx13[0m [1;36m#42[0m SKIP [1;33m| tension_stale age=3391ms>800ms (NUAGE)[0m
mode=OFF radar_adj=0 mom= conf=0
[1;36m20:11:56[0m [1;32mx13[0m [1;36m#43[0m SKIP tension=[1;36m0.00000910[0m [0m| momentum_too_small [1;31mconf=0.0[0m
mode=OFF radar_adj=0 mom= conf=0
[1;36m20:12:05[0m [1;32mx13[0m [1;36m#44[0m SKIP tension=[1;36m0.00000314[0m [0m| momentum_too_small [1;31mconf=0.0[0m
mode=OFF radar_adj=0 mom= conf=0
[1;36m20:12:15[0m [1;32mx13[0m [1;36m#45[0m SKIP tension=[1;36m0.00190345[0m [0m| momentum_too_small [1;31mconf=0.003[0m
mode=OFF radar_adj=0 mom= conf=0
[1;36m20:12:24[0m [1;32mx13[0m [1;36m#46[0m SKIP tension=[1;36m0.00000000[0m [0m| momentum_too_small [1;31mconf=0.336[0m
mode=OFF radar_adj=0 mom= conf=0
[1;36m20:12:34[0m [1;32mx13[0m [1;36m#47[0m SKIP tension=[1;36m0.00000000[0m [0m| momentum_too_small [1;31mconf=0.336[0m
mode=OFF radar_adj=0 mom= conf=0
[1;36m20:12:43[0m [1;32mx13[0m [1;36m#48[0m SKIP tension=[1;36m0.00000000[0m [0m| momentum_too_small [1;31mconf=0.343[0m
mode=OFF radar_adj=0 mom= conf=0
[1;36m20:12:54[0m [1;32mx13[0m [1;36m#49[0m SKIP tension=[1;36m0.00001921[0m [0m| momentum_too_small [1;31mconf=0.0[0m
mode=OFF radar_adj=0 mom= conf=0
[1;36m20:13:04[0m [1;32mx13[0m [1;36m#50[0m SKIP tension=[1;36m0.00000832[0m [0m| momentum_too_small [1;31mconf=0.0[0m
mode=OFF radar_adj=0 mom= conf=0
[1;36m20:13:14[0m [1;32mx13[0m [1;36m#51[0m SKIP tension=[1;32m1.34495734[0m [0m| duo no_trigger
mode=OFF radar_adj=0 mom= conf=0
[1;36m20:13:25[0m [1;32mx13[0m [1;36m#52[0m SKIP tension=[1;32m1.06970953[0m [0m| duo no_trigger
mode=OFF radar_adj=0 mom= conf=0
[1;36m20:13:35[0m [1;32mx13[0m [1;36m#53[0m SKIP tension=[1;36m0.00002012[0m [0m| momentum_too_small [1;31mconf=0.0[0m
mode=OFF radar_adj=0 mom= conf=0
[1;36m20:13:45[0m [1;32mx13[0m [1;36m#54[0m SKIP tension=[1;36m0.00210042[0m [0m| momentum_too_small [1;31mconf=0.0034[0m
mode=OFF radar_adj=0 mom= conf=0
[1;36m20:13:56[0m [1;32mx13[0m [1;36m#55[0m SKIP tension=[1;36m0.00002156[0m [0m| momentum_too_small [1;31mconf=0.0[0m
mode=OFF radar_adj=0 mom= conf=0
[1;36m20:14:05[0m [1;32mx13[0m [1;36m#56[0m SKIP tension=[1;36m0.00001725[0m [0m| momentum_too_small [1;31mconf=0.0[0m
mode=OFF radar_adj=0 mom= conf=0
[1;36m20:14:15[0m [1;32mx13[0m [1;36m#57[0m SKIP tension=[1;36m0.00208782[0m [0m| momentum_too_small [1;31mconf=0.0034[0m
mode=OFF radar_adj=0 mom= conf=0
[1;36m20:14:25[0m [1;32mx13[0m [1;36m#58[0m SKIP tension=[1;36m0.00002204[0m [0m| momentum_too_small [1;31mconf=0.0[0m
mode=OFF radar_adj=0 mom= conf=0
[1;36m20:14:35[0m [1;32mx13[0m [1;36m#59[0m SKIP tension=[1;36m0.00001964[0m [0m| momentum_too_small [1;31mconf=0.0[0m
mode=OFF radar_adj=0 mom= conf=0
[1;36m20:14:44[0m [1;32mx13[0m [1;36m#60[0m SKIP tension=[1;36m0.00002396[0m [0m| momentum_too_small [1;31mconf=0.0[0m
mode=OFF radar_adj=0 mom= conf=0
[1;36m20:14:55[0m [1;32mx13[0m [1;36m#61[0m SKIP tension=[1;36m0.00004313[0m [0m| momentum_too_small [1;31mconf=0.0001[0m
mode=OFF radar_adj=0 mom= conf=0
[1;36m20:15:05[0m [1;32mx13[0m [1;36m#62[0m SKIP tension=[1;36m0.00003310[0m [0m| momentum_too_small [1;31mconf=0.0001[0m
mode=OFF radar_adj=0 mom= conf=0
[1;36m20:15:15[0m [1;32mx13[0m [1;36m#63[0m SKIP tension=[1;36m0.00000000[0m [0m| momentum_too_small [1;31mconf=0.3437[0m
mode=OFF radar_adj=0 mom= conf=0
[1;36m20:15:24[0m [1;32mx13[0m [1;36m#64[0m SKIP tension=[1;36m0.00002448[0m [0m| momentum_too_small [1;31mconf=0.0[0m
mode=OFF radar_adj=0 mom= conf=0
[1;36m20:15:34[0m [1;32mx13[0m [1;36m#65[0m SKIP tension=[1;36m0.00047254[0m [0m| momentum_too_small [1;31mconf=0.0008[0m
mode=OFF radar_adj=0 mom= conf=0
[1;36m20:15:44[0m [1;32mx13[0m [1;36m#66[0m SKIP tension=[1;36m0.00002016[0m [0m| momentum_too_small [1;31mconf=0.0[0m
mode=OFF radar_adj=0 mom= conf=0
[1;36m20:15:54[0m [1;32mx13[0m [1;36m#67[0m SKIP tension=[1;36m0.00001824[0m [0m| momentum_too_small [1;31mconf=0.0[0m
mode=OFF radar_adj=0 mom= conf=0
[1;36m20:16:04[0m [1;32mx13[0m [1;36m#68[0m SKIP tension=[1;36m0.00012291[0m [0m| momentum_too_small [1;31mconf=0.0002[0m
mode=OFF radar_adj=0 mom= conf=0
[1;36m20:16:14[0m [1;32mx13[0m [1;36m#69[0m SKIP tension=[1;36m0.00000720[0m [0m| momentum_too_small [1;31mconf=0.0[0m
mode=OFF radar_adj=0 mom= conf=0
[1;36m20:16:24[0m [1;32mx13[0m [1;36m#70[0m SKIP tension=[1;36m0.00009748[0m [0m| momentum_too_small [1;31mconf=0.0002[0m
mode=OFF radar_adj=0 mom= conf=0
[1;36m20:16:34[0m [1;32mx13[0m [1;36m#71[0m SKIP tension=[1;36m0.00001969[0m [0m| momentum_too_small [1;31mconf=0.0[0m
mode=OFF radar_adj=0 mom= conf=0
[1;36m20:16:44[0m [1;32mx13[0m [1;36m#72[0m SKIP tension=[1;36m0.00001585[0m [0m| momentum_too_small [1;31mconf=0.0[0m
mode=OFF radar_adj=0 mom= conf=0
[1;36m20:16:55[0m [1;32mx13[0m [1;36m#73[0m SKIP tension=[1;36m0.00002690[0m [0m| momentum_too_small [1;31mconf=0.0[0m
mode=OFF radar_adj=0 mom= conf=0
[1;36m20:17:05[0m [1;32mx13[0m [1;36m#74[0m SKIP tension=[1;36m0.00001345[0m [0m| momentum_too_small [1;31mconf=0.0[0m
mode=OFF radar_adj=0 mom= conf=0
[1;36m20:17:15[0m [1;32mx13[0m [1;36m#75[0m SKIP tension=[1;36m0.00002065[0m [0m| momentum_too_small [1;31mconf=0.0[0m
mode=OFF radar_adj=0 mom= conf=0
[1;36m20:17:25[0m [1;32mx13[0m [1;36m#76[0m SKIP tension=[1;36m0.00002354[0m [0m| momentum_too_small [1;31mconf=0.0[0m
mode=OFF radar_adj=0 mom= conf=0
[1;36m20:17:35[0m [1;32mx13[0m [1;36m#77[0m SKIP tension=[1;36m0.00002066[0m [0m| momentum_too_small [1;31mconf=0.0[0m
mode=OFF radar_adj=0 mom= conf=0
[1;36m20:17:45[0m [1;32mx13[0m [1;36m#78[0m SKIP tension=[1;36m0.00002354[0m [0m| momentum_too_small [1;31mconf=0.0[0m
mode=OFF radar_adj=0 mom= conf=0
[1;36m20:17:55[0m [1;32mx13[0m [1;36m#79[0m SKIP tension=[1;36m0.00001058[0m [0m| momentum_too_small [1;31mconf=0.0[0m
mode=OFF radar_adj=0 mom= conf=0
[1;36m20:18:05[0m [1;32mx13[0m [1;36m#80[0m SKIP tension=[1;36m0.00002932[0m [0m| momentum_too_small [1;31mconf=0.0[0m
mode=OFF radar_adj=0 mom= conf=0
[1;36m20:18:16[0m [1;32mx13[0m [1;36m#81[0m SKIP tension=[1;36m0.00001298[0m [0m| momentum_too_small [1;31mconf=0.0[0m
mode=OFF radar_adj=0 mom= conf=0
[1;36m20:18:25[0m [1;32mx13[0m [1;36m#82[0m SKIP tension=[1;36m0.00005458[0m [0m| momentum_too_small [1;31mconf=0.0001[0m
mode=OFF radar_adj=0 mom= conf=0
[1;36m20:18:35[0m [1;32mx13[0m [1;36m#83[0m SKIP tension=[1;36m0.00003289[0m [0m| momentum_too_small [1;31mconf=0.0001[0m
mode=OFF radar_adj=0 mom= conf=0
[1;36m20:18:45[0m [1;32mx13[0m [1;36m#84[0m SKIP tension=[1;36m0.00000754[0m [0m| momentum_too_small [1;31mconf=0.0[0m
mode=OFF radar_adj=0 mom= conf=0
[1;36m20:18:56[0m [1;32mx13[0m [1;36m#85[0m SKIP tension=[1;36m0.00010503[0m [0m| momentum_too_small [1;31mconf=0.0002[0m
mode=OFF radar_adj=0 mom= conf=0
[1;36m20:19:07[0m [1;32mx13[0m [1;36m#86[0m SKIP tension=[1;36m0.00002407[0m [0m| momentum_too_small [1;31mconf=0.0[0m
mode=OFF radar_adj=0 mom= conf=0
[1;36m20:19:16[0m [1;32mx13[0m [1;36m#87[0m SKIP tension=[1;36m0.00003294[0m [0m| momentum_too_small [1;31mconf=0.0001[0m
mode=OFF radar_adj=0 mom= conf=0
[1;36m20:19:27[0m [1;32mx13[0m [1;36m#88[0m SKIP tension=[1;36m0.00002377[0m [0m| momentum_too_small [1;31mconf=0.0[0m
mode=OFF radar_adj=0 mom= conf=0
[1;36m20:19:37[0m [1;32mx13[0m [1;36m#89[0m SKIP tension=[1;36m0.00002028[0m [0m| momentum_too_small [1;31mconf=0.0[0m
mode=OFF radar_adj=0 mom= conf=0
[1;36m20:19:47[0m [1;32mx13[0m [1;36m#90[0m SKIP tension=[1;36m0.28076518[0m [0m| wall_not_collapsed
mode=OFF radar_adj=0 mom= conf=0
[1;36m20:19:58[0m [1;32mx13[0m [1;36m#91[0m SKIP tension=[1;36m0.00003134[0m [0m| momentum_too_small [1;31mconf=0.0001[0m
mode=OFF radar_adj=0 mom= conf=0
[1;36m20:20:08[0m [1;32mx13[0m [1;36m#92[0m SKIP tension=[1;36m0.30300583[0m [0m| wall_not_collapsed
mode=OFF radar_adj=0 mom= conf=0
[1;36m20:20:18[0m [1;32mx13[0m [1;36m#93[0m SKIP tension=[1;36m0.00002840[0m [0m| momentum_too_small [1;31mconf=0.0[0m
mode=OFF radar_adj=0 mom= conf=0
[1;36m20:20:28[0m [1;32mx13[0m [1;36m#94[0m SKIP tension=[1;36m0.33000308[0m [0m| wall_not_collapsed
mode=OFF radar_adj=0 mom= conf=0
[1;36m20:20:38[0m [1;32mx13[0m [1;36m#95[0m SKIP tension=[1;36m0.00003653[0m [0m| momentum_too_small [1;31mconf=0.0001[0m
mode=OFF radar_adj=0 mom= conf=0
[1;36m20:20:48[0m [1;32mx13[0m [1;36m#96[0m SKIP tension=[1;36m0.31328342[0m [0m| wall_not_collapsed
mode=OFF radar_adj=0 mom= conf=0
[1;36m20:20:59[0m [1;32mx13[0m [1;36m#97[0m SKIP tension=[1;36m0.36316792[0m [0m| wall_not_collapsed
mode=OFF radar_adj=0 mom= conf=0
[1;36m20:21:09[0m [1;32mx13[0m [1;36m#98[0m SKIP tension=[1;36m0.38369546[0m [0m| wall_not_collapsed
mode=OFF radar_adj=0 mom= conf=0
[1;36m20:21:19[0m [1;32mx13[0m [1;36m#99[0m SKIP tension=[1;36m0.40253138[0m [0m| wall_not_collapsed
mode=OFF radar_adj=0 mom= conf=0
[1;36m20:21:29[0m [1;32mx13[0m [1;36m#100[0m SKIP tension=[1;36m0.00005024[0m [0m| momentum_too_small [1;31mconf=0.0001[0m
mode=OFF radar_adj=0 mom= conf=0
[1;36m20:21:40[0m [1;32mx13[0m [1;36m#101[0m SKIP tension=[1;36m0.00004517[0m [0m| momentum_too_small [1;31mconf=0.0001[0m
mode=OFF radar_adj=0 mom= conf=0
[1;36m20:21:50[0m [1;32mx13[0m [1;36m#102[0m SKIP tension=[1;36m0.00014307[0m [0m| momentum_too_small [1;31mconf=0.0001[0m
mode=OFF radar_adj=0 mom= conf=0
[1;36m20:22:01[0m [1;32mx13[0m [1;36m#103[0m SKIP tension=[1;31m7.72539979[0m [0m| spread_too_wide [1;33mconf=0.5[0m
mode=OFF radar_adj=0 mom= conf=0
[1;36m20:22:11[0m [1;32mx13[0m [1;36m#104[0m SKIP tension=[1;36m0.00000942[0m [0m| spread_too_wide [1;31mconf=0.0[0m
mode=OFF radar_adj=0 mom= conf=0
[1;36m20:22:21[0m [1;32mx13[0m [1;36m#105[0m SKIP tension=[1;36m0.09095934[0m [0m| direction_unclear [1;31mconf=0.1513[0m
mode=OFF radar_adj=0 mom= conf=0
[1;36m20:22:31[0m [1;32mx13[0m [1;36m#106[0m SKIP tension=[1;36m0.00000811[0m [0m| momentum_too_small [1;31mconf=0.0[0m
mode=OFF radar_adj=0 mom= conf=0
[1;36m20:22:41[0m [1;32mx13[0m [1;36m#107[0m SKIP tension=[1;36m0.00000000[0m [0m| momentum_too_small [1;31mconf=0.3493[0m
mode=OFF radar_adj=0 mom= conf=0
[1;36m20:22:51[0m [1;32mx13[0m [1;36m#108[0m SKIP tension=[1;36m0.00232612[0m [0m| momentum_too_small [1;31mconf=0.0039[0m
mode=OFF radar_adj=0 mom= conf=0
[1;36m20:23:02[0m [1;32mx13[0m [1;36m#109[0m SKIP tension=[1;32m1.20575535[0m [0m| duo no_trigger
mode=OFF radar_adj=0 mom= conf=0
[1;36m20:23:12[0m [1;32mx13[0m [1;36m#110[0m SKIP tension=[1;36m0.00000933[0m [0m| momentum_too_small [1;31mconf=0.0[0m
mode=OFF radar_adj=0 mom= conf=0
[1;36m20:23:23[0m [1;32mx13[0m [1;36m#111[0m SKIP tension=[1;36m0.33039440[0m [0m| wall_not_collapsed
mode=OFF radar_adj=0 mom= conf=0
[1;36m20:23:33[0m [1;32mx13[0m [1;36m#112[0m SKIP tension=[1;36m0.43401208[0m [0m| wall_not_collapsed
mode=OFF radar_adj=0 mom= conf=0
[1;36m20:23:43[0m [1;32mx13[0m [1;36m#113[0m SKIP tension=[1;36m0.20145467[0m [0m| wall_not_collapsed
mode=OFF radar_adj=0 mom= conf=0
[1;36m20:23:55[0m [1;32mx13[0m [1;36m#114[0m SKIP tension=[1;31m2.20493598[0m [0m| duo no_trigger
mode=OFF radar_adj=0 mom= conf=0
[1;36m20:24:06[0m [1;32mx13[0m [1;36m#115[0m SKIP tension=[1;36m0.01105656[0m [0m| direction_unclear [1;31mconf=0.017[0m
mode=OFF radar_adj=0 mom= conf=0
[1;36m20:24:17[0m [1;32mx13[0m [1;36m#116[0m SKIP tension=[1;36m0.27485305[0m [0m| wall_not_collapsed
mode=OFF radar_adj=0 mom= conf=0
[1;36m20:24:28[0m [1;32mx13[0m [1;36m#117[0m SKIP tension=[1;36m0.00188100[0m [0m| momentum_too_small [1;31mconf=0.0026[0m
mode=OFF radar_adj=0 mom= conf=0
[1;36m20:24:41[0m [1;32mx13[0m [1;36m#118[0m SKIP tension=[1;36m0.00000000[0m [0m| momentum_too_small [1;31mconf=0.2955[0m
mode=OFF radar_adj=0 mom= conf=0
[1;36m20:24:52[0m [1;32mx13[0m [1;36m#119[0m SKIP tension=[1;36m0.00000000[0m [0m| momentum_too_small [1;31mconf=0.3004[0m
mode=OFF radar_adj=0 mom= conf=0
[1;36m20:25:04[0m [1;32mx13[0m [1;36m#120[0m SKIP tension=[1;36m0.00000000[0m [0m| momentum_too_small [1;31mconf=0.3493[0m
mode=OFF radar_adj=0 mom= conf=0
[1;36m20:25:16[0m [1;32mx13[0m [1;36m#121[0m SKIP tension=[1;36m0.00000000[0m [0m| momentum_too_small [1;31mconf=0.3004[0m
mode=OFF radar_adj=0 mom= conf=0
[1;36m20:25:26[0m [1;32mx13[0m [1;36m#122[0m SKIP tension=[1;36m0.10915821[0m [0m| direction_unclear [1;31mconf=0.1561[0m
mode=OFF radar_adj=0 mom= conf=0
[1;36m20:25:38[0m [1;32mx13[0m [1;36m#123[0m SKIP tension=[1;36m0.00173185[0m [0m| momentum_too_small [1;31mconf=0.0025[0m
mode=OFF radar_adj=0 mom= conf=0
[1;36m20:25:48[0m [1;32mx13[0m [1;36m#124[0m SKIP tension=[1;36m0.00001758[0m [0m| momentum_too_small [1;31mconf=0.0[0m
mode=OFF radar_adj=0 mom= conf=0
[1;36m20:26:02[0m [1;32mx13[0m [1;36m#125[0m SKIP tension=[1;36m0.19692365[0m [0m| direction_unclear [1;31mconf=0.3049[0m
mode=OFF radar_adj=0 mom= conf=0
[1;36m20:26:13[0m [1;32mx13[0m [1;36m#126[0m SKIP tension=[1;36m0.00000000[0m [0m| momentum_too_small [1;31mconf=0.3252[0m
mode=OFF radar_adj=0 mom= conf=0
[1;36m20:26:24[0m [1;32mx13[0m [1;36m#127[0m SKIP tension=[1;36m0.00000000[0m [0m| momentum_too_small [1;31mconf=0.3252[0m
mode=OFF radar_adj=0 mom= conf=0
[1;36m20:26:35[0m [1;32mx13[0m [1;36m#128[0m SKIP tension=[1;36m0.37418176[0m [0m| wall_not_collapsed
mode=OFF radar_adj=0 mom= conf=0
[1;36m20:26:45[0m [1;32mx13[0m [1;36m#129[0m SKIP tension=[1;36m0.66885828[0m [0m| wall_not_collapsed
mode=OFF radar_adj=0 mom= conf=0
[1;36m20:26:59[0m [1;32mx13[0m [1;36m#130[0m SKIP [1;33m| tension_stale age=4369ms>800ms (NUAGE)[0m
mode=OFF radar_adj=0 mom= conf=0
[1;36m20:27:11[0m [1;32mx13[0m [1;36m#131[0m SKIP [1;33m| tension_stale age=5642ms>800ms (NUAGE)[0m
mode=OFF radar_adj=0 mom= conf=0
[1;36m20:27:21[0m [1;32mx13[0m [1;36m#132[0m SKIP tension=[1;36m0.00000515[0m [0m| momentum_too_small [1;31mconf=0.0[0m
mode=OFF radar_adj=0 mom= conf=0
[1;36m20:27:32[0m [1;32mx13[0m [1;36m#133[0m SKIP tension=[1;36m0.30089687[0m [0m| wall_not_collapsed
mode=OFF radar_adj=0 mom= conf=0
[1;36m20:27:43[0m [1;32mx13[0m [1;36m#134[0m SKIP [1;33m| tension_stale age=7072ms>800ms (NUAGE)[0m
mode=OFF radar_adj=0 mom= conf=0
[1;36m20:27:56[0m [1;32mx13[0m [1;36m#135[0m SKIP tension=[1;36m0.00000000[0m [0m| momentum_too_small [1;31mconf=0.3252[0m
mode=OFF radar_adj=0 mom= conf=0
[1;36m20:28:07[0m [1;32mx13[0m [1;36m#136[0m SKIP tension=[1;36m0.01275778[0m [0m| direction_unclear [1;31mconf=0.0198[0m
mode=OFF radar_adj=0 mom= conf=0
[1;36m20:28:17[0m [1;32mx13[0m [1;36m#137[0m SKIP tension=[1;36m0.00002059[0m [0m| momentum_too_small [1;31mconf=0.0[0m
mode=OFF radar_adj=0 mom= conf=0
[1;36m20:28:29[0m [1;32mx13[0m [1;36m#138[0m SKIP tension=[1;36m0.00001754[0m [0m| momentum_too_small [1;31mconf=0.0[0m
mode=OFF radar_adj=0 mom= conf=0
[1;36m20:28:39[0m [1;32mx13[0m [1;36m#139[0m SKIP tension=[1;36m0.37568865[0m [0m| wall_not_collapsed
mode=OFF radar_adj=0 mom= conf=0
[1;36m20:28:50[0m [1;32mx13[0m [1;36m#140[0m SKIP tension=[1;36m0.00001717[0m [0m| momentum_too_small [1;31mconf=0.0[0m
mode=OFF radar_adj=0 mom= conf=0
[1;36m20:29:02[0m [1;32mx13[0m [1;36m#141[0m SKIP tension=[1;36m0.00000350[0m [0m| momentum_too_small [1;31mconf=0.0[0m
mode=OFF radar_adj=0 mom= conf=0
[1;36m20:29:13[0m [1;32mx13[0m [1;36m#142[0m SKIP tension=[1;36m0.00038279[0m [0m| momentum_too_small [1;31mconf=0.0006[0m
mode=OFF radar_adj=0 mom= conf=0
[1;36m20:29:24[0m [1;32mx13[0m [1;36m#143[0m SKIP tension=[1;36m0.00002009[0m [0m| momentum_too_small [1;31mconf=0.0[0m
mode=OFF radar_adj=0 mom= conf=0
[1;36m20:29:34[0m [1;32mx13[0m [1;36m#144[0m SKIP tension=[1;36m0.00000315[0m [0m| momentum_too_small [1;31mconf=0.0[0m
mode=OFF radar_adj=0 mom= conf=0
[1;36m20:29:44[0m [1;32mx13[0m [1;36m#145[0m SKIP tension=[1;36m0.00007720[0m [0m| momentum_too_small [1;31mconf=0.0001[0m
mode=OFF radar_adj=0 mom= conf=0
[1;36m20:29:55[0m [1;32mx13[0m [1;36m#146[0m SKIP tension=[1;36m0.00000000[0m [0m| momentum_too_small [1;31mconf=0.3427[0m
mode=OFF radar_adj=0 mom= conf=0
[1;36m20:30:07[0m [1;32mx13[0m [1;36m#147[0m SKIP [1;33m| tension_stale age=8776ms>800ms (NUAGE)[0m
mode=OFF radar_adj=0 mom= conf=0
[1;36m20:30:18[0m [1;32mx13[0m [1;36m#148[0m SKIP tension=[1;36m0.00000000[0m [0m| momentum_too_small [1;31mconf=0.3483[0m
mode=OFF radar_adj=0 mom= conf=0
[1;36m20:30:28[0m [1;32mx13[0m [1;36m#149[0m SKIP tension=[1;31m3.64722559[0m [0m| duo no_trigger
mode=OFF radar_adj=0 mom= conf=0
[1;36m20:30:39[0m [1;32mx13[0m [1;36m#150[0m SKIP tension=[1;36m0.00000633[0m [0m| momentum_too_small [1;31mconf=0.0[0m
mode=OFF radar_adj=0 mom= conf=0
[1;36m20:30:50[0m [1;32mx13[0m [1;36m#151[0m SKIP tension=[1;36m0.00000000[0m [0m| momentum_too_small [1;31mconf=0.3476[0m
mode=OFF radar_adj=0 mom= conf=0
[1;36m20:31:02[0m [1;32mx13[0m [1;36m#152[0m SKIP tension=[1;32m1.53342594[0m [0m| duo no_trigger
mode=OFF radar_adj=0 mom= conf=0
[1;36m20:31:14[0m [1;32mx13[0m [1;36m#153[0m SKIP tension=[1;36m0.61359924[0m [0m| wall_not_collapsed
mode=OFF radar_adj=0 mom= conf=0
[1;36m20:31:33[0m [1;32mx13[0m [1;36m#154[0m SKIP [1;33m| tension_stale age=3041ms>800ms (NUAGE)[0m
mode=OFF radar_adj=0 mom= conf=0
[1;36m20:31:43[0m [1;32mx13[0m [1;36m#155[0m SKIP tension=[1;36m0.26729311[0m [0m| wall_not_collapsed
mode=OFF radar_adj=0 mom= conf=0
[1;36m20:31:57[0m [1;32mx13[0m [1;36m#156[0m SKIP [1;33m| tension_stale age=5885ms>800ms (NUAGE)[0m
mode=OFF radar_adj=0 mom= conf=0
[1;36m20:32:07[0m [1;32mx13[0m [1;36m#157[0m SKIP tension=[1;36m0.50472497[0m [0m| wall_not_collapsed
mode=OFF radar_adj=0 mom= conf=0
[1;36m20:32:19[0m [1;32mx13[0m [1;36m#158[0m SKIP tension=[1;36m0.00081033[0m [0m| momentum_too_small [1;31mconf=0.0011[0m
mode=OFF radar_adj=0 mom= conf=0
[1;36m20:32:30[0m [1;32mx13[0m [1;36m#159[0m SKIP tension=[1;36m0.00003943[0m [0m| momentum_too_small [1;31mconf=0.0001[0m
mode=OFF radar_adj=0 mom= conf=0
[1;36m20:32:41[0m [1;32mx13[0m [1;36m#160[0m SKIP tension=[1;36m0.00153575[0m [0m| momentum_too_small [1;31mconf=0.0022[0m
mode=OFF radar_adj=0 mom= conf=0
[1;36m20:32:54[0m [1;32mx13[0m [1;36m#161[0m SKIP tension=[1;36m0.00000355[0m [0m| momentum_too_small [1;31mconf=0.0[0m
mode=OFF radar_adj=0 mom= conf=0
[1;36m20:33:05[0m [1;32mx13[0m [1;36m#162[0m SKIP tension=[1;36m0.00001467[0m [0m| momentum_too_small [1;31mconf=0.0[0m
mode=OFF radar_adj=0 mom= conf=0
[1;36m20:33:16[0m [1;32mx13[0m [1;36m#163[0m SKIP tension=[1;36m0.46664576[0m [0m| wall_not_collapsed
mode=OFF radar_adj=0 mom= conf=0
[1;36m20:33:26[0m [1;32mx13[0m [1;36m#164[0m SKIP tension=[1;36m0.00000000[0m [0m| momentum_too_small [1;31mconf=0.3234[0m
mode=OFF radar_adj=0 mom= conf=0
[1;36m20:33:39[0m [1;32mx13[0m [1;36m#165[0m SKIP [1;33m| tension_stale age=872ms>800ms (NUAGE)[0m
mode=OFF radar_adj=0 mom= conf=0
[1;36m20:33:50[0m [1;32mx13[0m [1;36m#166[0m SKIP tension=[1;36m0.00009528[0m [0m| momentum_too_small [1;31mconf=0.0001[0m
mode=OFF radar_adj=0 mom= conf=0
[1;36m20:34:03[0m [1;32mx13[0m [1;36m#167[0m SKIP tension=[1;36m0.00000000[0m [0m| momentum_too_small [1;31mconf=0.3234[0m
mode=OFF radar_adj=0 mom= conf=0
[1;36m20:34:14[0m [1;32mx13[0m [1;36m#168[0m SKIP tension=[1;36m0.00000000[0m [0m| momentum_too_small [1;31mconf=0.3234[0m
mode=OFF radar_adj=0 mom= conf=0
[1;36m20:34:24[0m [1;32mx13[0m [1;36m#169[0m SKIP tension=[1;36m0.00000282[0m [0m| momentum_too_small [1;31mconf=0.0[0m
mode=OFF radar_adj=0 mom= conf=0
[1;36m20:34:35[0m [1;32mx13[0m [1;36m#170[0m SKIP tension=[1;36m0.00002141[0m [0m| momentum_too_small [1;31mconf=0.0[0m
mode=OFF radar_adj=0 mom= conf=0
[1;36m20:34:45[0m [1;32mx13[0m [1;36m#171[0m SKIP tension=[1;36m0.00000353[0m [0m| momentum_too_small [1;31mconf=0.0[0m
mode=OFF radar_adj=0 mom= conf=0
[1;36m20:34:58[0m [1;32mx13[0m [1;36m#172[0m SKIP tension=[1;36m0.00000000[0m [0m| momentum_too_small [1;31mconf=0.3035[0m
mode=OFF radar_adj=0 mom= conf=0
[1;36m20:35:09[0m [1;32mx13[0m [1;36m#173[0m SKIP tension=[1;36m0.26507724[0m [0m| wall_not_collapsed
mode=OFF radar_adj=0 mom= conf=0
[1;36m20:35:20[0m [1;32mx13[0m [1;36m#174[0m SKIP tension=[1;36m0.00000000[0m [0m| momentum_too_small [1;31mconf=0.336[0m
mode=OFF radar_adj=0 mom= conf=0
[1;36m20:35:32[0m [1;32mx13[0m [1;36m#175[0m SKIP tension=[1;32m1.45602109[0m [0m| duo no_trigger
mode=OFF radar_adj=0 mom= conf=0
[1;36m20:35:43[0m [1;32mx13[0m [1;36m#176[0m SKIP tension=[1;32m1.24002565[0m [0m| duo no_trigger
mode=OFF radar_adj=0 mom= conf=0
[1;36m20:35:56[0m [1;32mx13[0m [1;36m#177[0m SKIP tension=[1;36m0.00000000[0m [0m| momentum_too_small [1;31mconf=0.292[0m
mode=OFF radar_adj=0 mom= conf=0
[1;36m20:36:09[0m [1;32mx13[0m [1;36m#178[0m SKIP tension=[1;36m0.00000000[0m [0m| momentum_too_small [1;31mconf=0.2693[0m
mode=OFF radar_adj=0 mom= conf=0
[1;36m20:36:20[0m [1;32mx13[0m [1;36m#179[0m SKIP tension=[1;36m0.08317490[0m [0m| direction_unclear [1;31mconf=0.106[0m
mode=OFF radar_adj=0 mom= conf=0
[1;36m20:36:30[0m [1;32mx13[0m [1;36m#180[0m SKIP tension=[1;36m0.40591632[0m [0m| wall_not_collapsed
mode=OFF radar_adj=0 mom= conf=0
[1;36m20:36:42[0m [1;32mx13[0m [1;36m#181[0m SKIP tension=[1;36m0.08314948[0m [0m| direction_unclear [1;31mconf=0.1358[0m
mode=OFF radar_adj=0 mom= conf=0
[1;36m20:36:52[0m [1;32mx13[0m [1;36m#182[0m SKIP tension=[1;36m0.00000419[0m [0m| momentum_too_small [1;31mconf=0.0[0m
mode=OFF radar_adj=0 mom= conf=0
[1;36m20:37:04[0m [1;32mx13[0m [1;36m#183[0m SKIP tension=[1;36m0.00000402[0m [0m| momentum_too_small [1;31mconf=0.0[0m
mode=OFF radar_adj=0 mom= conf=0
[1;36m20:37:15[0m [1;32mx13[0m [1;36m#184[0m SKIP tension=[1;32m1.02892769[0m [0m| duo no_trigger
mode=OFF radar_adj=0 mom= conf=0
[1;36m20:37:27[0m [1;32mx13[0m [1;36m#185[0m SKIP tension=[1;36m0.00000000[0m [0m| momentum_too_small [1;31mconf=0.2682[0m
mode=OFF radar_adj=0 mom= conf=0
[1;36m20:37:42[0m [1;32mx13[0m [1;36m#186[0m SKIP tension=[1;36m0.00000000[0m [0m| momentum_too_small [1;31mconf=0.2459[0m
mode=OFF radar_adj=0 mom= conf=0
[1;36m20:37:54[0m [1;32mx13[0m [1;36m#187[0m SKIP tension=[1;36m0.00000000[0m [0m| momentum_too_small [1;31mconf=0.2459[0m
mode=OFF radar_adj=0 mom= conf=0
[1;36m20:38:06[0m [1;32mx13[0m [1;36m#188[0m SKIP tension=[1;36m0.19421675[0m [0m| direction_unclear [1;31mconf=0.0099[0m
mode=OFF radar_adj=0 mom= conf=0
[1;36m20:38:17[0m [1;32mx13[0m [1;36m#189[0m SKIP tension=[1;36m0.74025350[0m [0m| wall_not_collapsed
mode=OFF radar_adj=0 mom= conf=0
[1;36m20:38:27[0m [1;32mx13[0m [1;36m#190[0m SKIP tension=[1;36m0.00002204[0m [0m| momentum_too_small [1;31mconf=0.0[0m
mode=OFF radar_adj=0 mom= conf=0
[1;36m20:38:40[0m [1;32mx13[0m [1;36m#191[0m SKIP tension=[1;31m5.35336312[0m [0m| duo no_trigger
mode=OFF radar_adj=0 mom= conf=0
[1;36m20:38:51[0m [1;32mx13[0m [1;36m#192[0m SKIP tension=[1;36m0.00013687[0m [0m| spread_too_wide [1;31mconf=0.0001[0m
mode=OFF radar_adj=0 mom= conf=0
[1;36m20:39:04[0m [1;32mx13[0m [1;36m#193[0m SKIP tension=[1;31m3.15795009[0m [0m| tactic long vs short
mode=OFF radar_adj=0 mom= conf=0
[1;36m20:39:16[0m [1;32mx13[0m [1;36m#194[0m SKIP tension=[1;36m0.00000000[0m [0m| momentum_too_small [1;31mconf=0.3318[0m
mode=OFF radar_adj=0 mom= conf=0
[1;36m20:39:27[0m [1;32mx13[0m [1;36m#195[0m SKIP tension=[1;36m0.00154951[0m [0m| momentum_too_small [1;31mconf=0.0024[0m
mode=OFF radar_adj=0 mom= conf=0
[1;36m20:39:40[0m [1;32mx13[0m [1;36m#196[0m SKIP tension=[1;36m0.02436391[0m [0m| direction_unclear [1;31mconf=0.0126[0m
mode=OFF radar_adj=0 mom= conf=0
[1;36m20:39:50[0m [1;32mx13[0m [1;36m#197[0m SKIP tension=[1;36m0.76561445[0m [0m| wall_not_collapsed
mode=OFF radar_adj=0 mom= conf=0
[1;36m20:40:03[0m [1;32mx13[0m [1;36m#198[0m SKIP tension=[1;36m0.00000000[0m [0m| momentum_too_small [1;31mconf=0.3322[0m
mode=OFF radar_adj=0 mom= conf=0
[1;36m20:40:15[0m [1;32mx13[0m [1;36m#199[0m SKIP tension=[1;36m0.00000000[0m [0m| momentum_too_small [1;31mconf=0.3479[0m
mode=OFF radar_adj=0 mom= conf=0
[1;36m20:40:31[0m [1;32mx13[0m [1;36m#200[0m SKIP tension=[1;36m0.34638091[0m [0m| wall_not_collapsed
mode=OFF radar_adj=0 mom= conf=0
[1;36m20:40:41[0m [1;32mx13[0m [1;36m#201[0m SKIP tension=[1;36m0.50949208[0m [0m| wall_not_collapsed
mode=OFF radar_adj=0 mom= conf=0
[1;36m20:40:55[0m [1;32mx13[0m [1;36m#202[0m SKIP tension=[1;32m1.19693143[0m [0m| duo no_trigger
mode=OFF radar_adj=0 mom= conf=0
[1;36m20:41:08[0m [1;32mx13[0m [1;36m#203[0m SKIP tension=[1;32m1.06069270[0m [0m| duo no_trigger
mode=OFF radar_adj=0 mom= conf=0
[1;36m20:41:22[0m [1;32mx13[0m [1;36m#204[0m SKIP tension=[1;31m2.03778313[0m [0m| duo no_trigger
mode=OFF radar_adj=0 mom= conf=0
[1;36m20:41:32[0m [1;32mx13[0m [1;36m#205[0m SKIP tension=[1;36m0.00000000[0m [0m| momentum_too_small [1;31mconf=0.2839[0m
mode=OFF radar_adj=0 mom= conf=0
[1;36m20:41:44[0m [1;32mx13[0m [1;36m#206[0m SKIP tension=[1;36m0.00000000[0m [0m| momentum_too_small [1;31mconf=0.2839[0m
mode=OFF radar_adj=0 mom= conf=0
[1;36m20:41:59[0m [1;32mx13[0m [1;36m#207[0m SKIP tension=[1;36m0.00285588[0m [0m| momentum_too_small [1;31mconf=0.0036[0m
mode=OFF radar_adj=0 mom= conf=0
[1;36m20:42:11[0m [1;32mx13[0m [1;36m#208[0m SKIP tension=[1;36m0.00000000[0m [0m| momentum_too_small [1;31mconf=0.2899[0m
mode=OFF radar_adj=0 mom= conf=0
[1;36m20:42:23[0m [1;32mx13[0m [1;36m#209[0m SKIP tension=[1;36m0.00118163[0m [0m| momentum_too_small [1;31mconf=0.0015[0m
mode=OFF radar_adj=0 mom= conf=0
[1;36m20:42:34[0m [1;32mx13[0m [1;36m#210[0m SKIP tension=[1;36m0.00000000[0m [0m| momentum_too_small [1;31mconf=0.2822[0m
mode=OFF radar_adj=0 mom= conf=0
[1;36m20:42:45[0m [1;32mx13[0m [1;36m#211[0m SKIP tension=[1;36m0.00001546[0m [0m| momentum_too_small [1;31mconf=0.0[0m
mode=OFF radar_adj=0 mom= conf=0
[1;36m20:42:58[0m [1;32mx13[0m [1;36m#212[0m SKIP tension=[1;36m0.00000000[0m [0m| momentum_too_small [1;31mconf=0.2598[0m
mode=OFF radar_adj=0 mom= conf=0
[1;36m20:43:10[0m [1;32mx13[0m [1;36m#213[0m SKIP tension=[1;31m5.66126018[0m [0m| duo no_trigger
mode=OFF radar_adj=0 mom= conf=0
[1;36m20:43:22[0m [1;32mx13[0m [1;36m#214[0m SKIP tension=[1;36m0.00000000[0m [0m| momentum_too_small [1;31mconf=0.2808[0m
mode=OFF radar_adj=0 mom= conf=0
[1;36m20:43:33[0m [1;32mx13[0m [1;36m#215[0m SKIP tension=[1;36m0.00000000[0m [0m| momentum_too_small [1;31mconf=0.329[0m
mode=OFF radar_adj=0 mom= conf=0
[1;36m20:43:45[0m [1;32mx13[0m [1;36m#216[0m SKIP tension=[1;36m0.00000000[0m [0m| momentum_too_small [1;31mconf=0.3287[0m
mode=OFF radar_adj=0 mom= conf=0
[1;36m20:43:58[0m [1;32mx13[0m [1;36m#217[0m SKIP tension=[1;36m0.00029040[0m [0m| momentum_too_small [1;31mconf=0.0004[0m
mode=OFF radar_adj=0 mom= conf=0
[1;36m20:44:09[0m [1;32mx13[0m [1;36m#218[0m SKIP tension=[1;36m0.34782471[0m [0m| wall_not_collapsed
mode=OFF radar_adj=0 mom= conf=0
[1;36m20:44:21[0m [1;32mx13[0m [1;36m#219[0m SKIP tension=[1;36m0.00432218[0m [0m| momentum_too_small [1;31mconf=0.0058[0m
mode=OFF radar_adj=0 mom= conf=0
[1;36m20:44:32[0m [1;32mx13[0m [1;36m#220[0m SKIP [1;33m| tension_stale age=935ms>800ms (NUAGE)[0m
mode=OFF radar_adj=0 mom= conf=0
[1;36m20:44:44[0m [1;32mx13[0m [1;36m#221[0m SKIP tension=[1;36m0.00001227[0m [0m| momentum_too_small [1;31mconf=0.0[0m
mode=OFF radar_adj=0 mom= conf=0
[1;36m20:44:56[0m [1;32mx13[0m [1;36m#222[0m SKIP tension=[1;36m0.00271070[0m [0m| momentum_too_small [1;31mconf=0.0034[0m
mode=OFF radar_adj=0 mom= conf=0
[1;36m20:45:08[0m [1;32mx13[0m [1;36m#223[0m SKIP tension=[1;36m0.05008432[0m [0m| direction_unclear [1;31mconf=0.0583[0m
mode=OFF radar_adj=0 mom= conf=0
[1;36m20:45:20[0m [1;32mx13[0m [1;36m#224[0m SKIP [1;33m| tension_stale age=5725ms>800ms (NUAGE)[0m
mode=OFF radar_adj=0 mom= conf=0
[1;36m20:45:35[0m [1;32mx13[0m [1;36m#225[0m SKIP tension=[1;36m0.00005842[0m [0m| momentum_too_small [1;31mconf=0.0001[0m
mode=OFF radar_adj=0 mom= conf=0
[1;36m20:45:47[0m [1;32mx13[0m [1;36m#226[0m SKIP tension=[1;36m0.00000000[0m [0m| spread_too_wide [1;31mconf=0.0[0m
mode=OFF radar_adj=0 mom= conf=0
[1;36m20:46:01[0m [1;32mx13[0m [1;36m#227[0m SKIP [1;33m| tension_stale age=12141ms>800ms (NUAGE)[0m
mode=OFF radar_adj=0 mom= conf=0
[1;36m20:46:12[0m [1;32mx13[0m [1;36m#228[0m SKIP tension=[1;36m0.00000000[0m [0m| momentum_too_small [1;31mconf=0.2535[0m
mode=OFF radar_adj=0 mom= conf=0
[1;36m20:46:24[0m [1;32mx13[0m [1;36m#229[0m SKIP tension=[1;36m0.20380213[0m [0m| low_confidence [1;31mconf=0.246[0m
mode=OFF radar_adj=0 mom= conf=0
[1;36m20:46:35[0m [1;32mx13[0m [1;36m#230[0m SKIP tension=[1;36m0.00007299[0m [0m| momentum_too_small [1;31mconf=0.0001[0m
mode=OFF radar_adj=0 mom= conf=0
[1;36m20:46:46[0m [1;32mx13[0m [1;36m#231[0m SKIP tension=[1;36m0.00003319[0m [0m| momentum_too_small [1;31mconf=0.0[0m
mode=OFF radar_adj=0 mom= conf=0
[1;36m20:46:58[0m [1;32mx13[0m [1;36m#232[0m SKIP tension=[1;36m0.00001713[0m [0m| momentum_too_small [1;31mconf=0.0[0m
mode=OFF radar_adj=0 mom= conf=0
[1;36m20:47:13[0m [1;32mx13[0m [1;36m#233[0m SKIP tension=[1;36m0.00000000[0m [0m| momentum_too_small [1;31mconf=0.3357[0m
mode=OFF radar_adj=0 mom= conf=0
[1;36m20:47:32[0m [1;32mx13[0m [1;36m#234[0m SKIP tension=[1;36m0.29586624[0m [0m| wall_not_collapsed
mode=OFF radar_adj=0 mom= conf=0
[1;36m20:47:43[0m [1;32mx13[0m [1;36m#235[0m SKIP tension=[1;36m0.02452213[0m [0m| direction_unclear [1;31mconf=0.0296[0m
mode=OFF radar_adj=0 mom= conf=0
[1;36m20:47:56[0m [1;32mx13[0m [1;36m#236[0m SKIP tension=[1;36m0.15664935[0m [0m| direction_unclear [1;31mconf=0.1888[0m
mode=OFF radar_adj=0 mom= conf=0
[1;36m20:48:08[0m [1;32mx13[0m [1;36m#237[0m SKIP tension=[1;36m0.00001560[0m [0m| momentum_too_small [1;31mconf=0.0[0m
mode=OFF radar_adj=0 mom= conf=0
[1;36m20:48:19[0m [1;32mx13[0m [1;36m#238[0m SKIP tension=[1;36m0.00000000[0m [0m| momentum_too_small [1;31mconf=0.2385[0m
mode=OFF radar_adj=0 mom= conf=0
[1;36m20:48:31[0m [1;32mx13[0m [1;36m#239[0m SKIP tension=[1;36m0.00002415[0m [0m| momentum_too_small [1;31mconf=0.0[0m
mode=OFF radar_adj=0 mom= conf=0
[1;36m20:48:43[0m [1;32mx13[0m [1;36m#240[0m SKIP [1;33m| tension_stale age=6986ms>800ms (NUAGE)[0m
mode=OFF radar_adj=0 mom= conf=0
[1;36m20:48:58[0m [1;32mx13[0m [1;36m#241[0m SKIP tension=[1;36m0.07414924[0m [0m| direction_unclear [1;31mconf=0.0774[0m
mode=OFF radar_adj=0 mom= conf=0
[1;36m20:49:09[0m [1;32mx13[0m [1;36m#242[0m SKIP tension=[1;36m0.70489039[0m [0m| wall_not_collapsed
mode=OFF radar_adj=0 mom= conf=0
[1;36m20:49:24[0m [1;32mx13[0m [1;36m#243[0m SKIP tension=[1;36m0.00004868[0m [0m| momentum_too_small [1;31mconf=0.0001[0m
mode=OFF radar_adj=0 mom= conf=0
[1;36m20:49:37[0m [1;32mx13[0m [1;36m#244[0m SKIP tension=[1;36m0.00000000[0m [0m| momentum_too_small [1;31mconf=0.3472[0m
mode=OFF radar_adj=0 mom= conf=0
[1;36m20:49:48[0m [1;32mx13[0m [1;36m#245[0m SKIP tension=[1;36m0.00001229[0m [0m| momentum_too_small [1;31mconf=0.0[0m
mode=OFF radar_adj=0 mom= conf=0
[1;36m20:50:03[0m [1;32mx13[0m [1;36m#246[0m SKIP [1;33m| tension_stale age=952ms>800ms (NUAGE)[0m
mode=OFF radar_adj=0 mom= conf=0
[1;36m20:50:16[0m [1;32mx13[0m [1;36m#247[0m SKIP [1;33m| tension_stale age=3424ms>800ms (NUAGE)[0m
mode=OFF radar_adj=0 mom= conf=0
[1;36m20:50:27[0m [1;32mx13[0m [1;36m#248[0m SKIP tension=[1;36m0.00000000[0m [0m| momentum_too_small [1;31mconf=0.3479[0m
mode=OFF radar_adj=0 mom= conf=0
[1;36m20:50:39[0m [1;32mx13[0m [1;36m#249[0m SKIP tension=[1;36m0.00005536[0m [0m| momentum_too_small [1;31mconf=0.0001[0m
mode=OFF radar_adj=0 mom= conf=0
[1;36m20:50:51[0m [1;32mx13[0m [1;36m#250[0m SKIP tension=[1;36m0.00000000[0m [0m| momentum_too_small [1;31mconf=0.3496[0m
mode=OFF radar_adj=0 mom= conf=0
[1;36m20:51:04[0m [1;32mx13[0m [1;36m#251[0m SKIP tension=[1;36m0.28304994[0m [0m| wall_not_collapsed
mode=OFF radar_adj=0 mom= conf=0
[1;36m20:51:15[0m [1;32mx13[0m [1;36m#252[0m SKIP tension=[1;36m0.00079961[0m [0m| momentum_too_small [1;31mconf=0.0013[0m
mode=OFF radar_adj=0 mom= conf=0
[1;36m20:51:26[0m [1;32mx13[0m [1;36m#253[0m SKIP tension=[1;36m0.33155382[0m [0m| wall_not_collapsed
mode=OFF radar_adj=0 mom= conf=0
[1;36m20:51:38[0m [1;32mx13[0m [1;36m#254[0m SKIP tension=[1;36m0.00009135[0m [0m| momentum_too_small [1;31mconf=0.0002[0m
mode=OFF radar_adj=0 mom= conf=0
[1;36m20:51:49[0m [1;32mx13[0m [1;36m#255[0m SKIP tension=[1;36m0.41610556[0m [0m| wall_not_collapsed
mode=OFF radar_adj=0 mom= conf=0
[1;36m20:52:03[0m [1;32mx13[0m [1;36m#256[0m SKIP tension=[1;36m0.69986101[0m [0m| wall_not_collapsed
mode=OFF radar_adj=0 mom= conf=0
[1;36m20:52:15[0m [1;32mx13[0m [1;36m#257[0m SKIP [1;33m| tension_stale age=10841ms>800ms (NUAGE)[0m
mode=OFF radar_adj=0 mom= conf=0
[1;36m20:52:29[0m [1;32mx13[0m [1;36m#258[0m SKIP [1;33m| tension_stale age=2529ms>800ms (NUAGE)[0m
mode=OFF radar_adj=0 mom= conf=0
[1;36m20:52:44[0m [1;32mx13[0m [1;36m#259[0m SKIP tension=[1;36m0.00000000[0m [0m| momentum_too_small [1;31mconf=0.3493[0m
mode=OFF radar_adj=0 mom= conf=0
[1;36m20:52:58[0m [1;32mx13[0m [1;36m#260[0m SKIP tension=[1;36m0.00000000[0m [0m| momentum_too_small [1;31mconf=0.3493[0m
mode=OFF radar_adj=0 mom= conf=0
[1;36m20:53:12[0m [1;32mx13[0m [1;36m#261[0m SKIP tension=[1;36m0.52637365[0m [0m| wall_not_collapsed
mode=OFF radar_adj=0 mom= conf=0
[1;36m20:53:24[0m [1;32mx13[0m [1;36m#262[0m SKIP tension=[1;36m0.54930973[0m [0m| wall_not_collapsed
mode=OFF radar_adj=0 mom= conf=0
[1;36m20:53:38[0m [1;32mx13[0m [1;36m#263[0m SKIP tension=[1;36m0.00083682[0m [0m| momentum_too_small [1;31mconf=0.0014[0m
mode=OFF radar_adj=0 mom= conf=0
[1;36m20:53:50[0m [1;32mx13[0m [1;36m#264[0m SKIP tension=[1;36m0.00000000[0m [0m| momentum_too_small [1;31mconf=0.3472[0m
mode=OFF radar_adj=0 mom= conf=0
[1;36m20:54:05[0m [1;32mx13[0m [1;36m#265[0m SKIP tension=[1;36m0.00246146[0m [0m| momentum_too_small [1;31mconf=0.0041[0m
mode=OFF radar_adj=0 mom= conf=0
[1;36m20:54:17[0m [1;32mx13[0m [1;36m#266[0m SKIP tension=[1;36m0.00000000[0m [0m| momentum_too_small [1;31mconf=0.3465[0m
mode=OFF radar_adj=0 mom= conf=0
[1;36m20:54:31[0m [1;32mx13[0m [1;36m#267[0m SKIP tension=[1;36m0.00024975[0m [0m| momentum_too_small [1;31mconf=0.0004[0m
mode=OFF radar_adj=0 mom= conf=0
[1;36m20:54:45[0m [1;32mx13[0m [1;36m#268[0m SKIP tension=[1;36m0.00002064[0m [0m| momentum_too_small [1;31mconf=0.0[0m
mode=OFF radar_adj=0 mom= conf=0
[1;36m20:55:01[0m [1;32mx13[0m [1;36m#269[0m SKIP tension=[1;36m0.00053804[0m [0m| momentum_too_small [1;31mconf=0.0009[0m
mode=OFF radar_adj=0 mom= conf=0
[1;36m20:55:14[0m [1;32mx13[0m [1;36m#270[0m SKIP tension=[1;36m0.00000000[0m [0m| momentum_too_small [1;31mconf=0.3472[0m
mode=OFF radar_adj=0 mom= conf=0
[1;36m20:55:27[0m [1;32mx13[0m [1;36m#271[0m SKIP tension=[1;36m0.00046149[0m [0m| momentum_too_small [1;31mconf=0.0008[0m
mode=OFF radar_adj=0 mom= conf=0
[1;36m20:55:40[0m [1;32mx13[0m [1;36m#272[0m SKIP tension=[1;36m0.18244234[0m [0m| direction_unclear [1;31mconf=0.3016[0m
mode=OFF radar_adj=0 mom= conf=0
[1;36m20:55:57[0m [1;32mx13[0m [1;36m#273[0m SKIP tension=[1;36m0.18260327[0m [0m| direction_unclear [1;31mconf=0.3019[0m
mode=OFF radar_adj=0 mom= conf=0
[1;36m20:56:10[0m [1;32mx13[0m [1;36m#274[0m SKIP tension=[1;36m0.00004262[0m [0m| momentum_too_small [1;31mconf=0.0001[0m
mode=OFF radar_adj=0 mom= conf=0
[1;36m20:56:22[0m [1;32mx13[0m [1;36m#275[0m SKIP tension=[1;36m0.00071211[0m [0m| momentum_too_small [1;31mconf=0.0012[0m
mode=OFF radar_adj=0 mom= conf=0
[1;36m20:56:36[0m [1;32mx13[0m [1;36m#276[0m SKIP tension=[1;36m0.00298863[0m [0m| momentum_too_small [1;31mconf=0.0049[0m
mode=OFF radar_adj=0 mom= conf=0
[1;36m20:56:49[0m [1;32mx13[0m [1;36m#277[0m SKIP tension=[1;36m0.18283383[0m [0m| direction_unclear [1;31mconf=0.3005[0m
mode=OFF radar_adj=0 mom= conf=0
[1;36m20:57:05[0m [1;32mx13[0m [1;36m#278[0m SKIP tension=[1;36m0.00008062[0m [0m| momentum_too_small [1;31mconf=0.0001[0m
mode=OFF radar_adj=0 mom= conf=0
[1;36m20:57:18[0m [1;32mx13[0m [1;36m#279[0m SKIP tension=[1;36m0.00002082[0m [0m| momentum_too_small [1;31mconf=0.0[0m
mode=OFF radar_adj=0 mom= conf=0
[1;36m20:57:30[0m [1;32mx13[0m [1;36m#280[0m SKIP tension=[1;36m0.18400581[0m [0m| direction_unclear [1;31mconf=0.3024[0m
mode=OFF radar_adj=0 mom= conf=0
[1;36m20:57:43[0m [1;32mx13[0m [1;36m#281[0m SKIP tension=[1;36m0.18320717[0m [0m| direction_unclear [1;31mconf=0.3011[0m
mode=OFF radar_adj=0 mom= conf=0
[1;36m20:57:56[0m [1;32mx13[0m [1;36m#282[0m SKIP tension=[1;36m0.00002136[0m [0m| momentum_too_small [1;31mconf=0.0[0m
mode=OFF radar_adj=0 mom= conf=0
[1;36m20:58:10[0m [1;32mx13[0m [1;36m#283[0m SKIP tension=[1;36m0.09192688[0m [0m| direction_unclear [1;31mconf=0.0131[0m
mode=OFF radar_adj=0 mom= conf=0
[1;36m20:58:23[0m [1;32mx13[0m [1;36m#284[0m SKIP tension=[1;36m0.02630850[0m [0m| direction_unclear [1;31mconf=0.0432[0m
mode=OFF radar_adj=0 mom= conf=0
[1;36m20:58:34[0m [1;32mx13[0m [1;36m#285[0m SKIP tension=[1;36m0.01471725[0m [0m| direction_unclear [1;31mconf=0.0242[0m
mode=OFF radar_adj=0 mom= conf=0
[1;36m20:58:47[0m [1;32mx13[0m [1;36m#286[0m SKIP tension=[1;36m0.00000000[0m [0m| momentum_too_small [1;31mconf=0.3451[0m
mode=OFF radar_adj=0 mom= conf=0
[1;36m20:59:01[0m [1;32mx13[0m [1;36m#287[0m SKIP tension=[1;36m0.14874315[0m [0m| direction_unclear [1;31mconf=0.2444[0m
mode=OFF radar_adj=0 mom= conf=0
[1;36m20:59:14[0m [1;32mx13[0m [1;36m#288[0m SKIP tension=[1;36m0.00001649[0m [0m| momentum_too_small [1;31mconf=0.0[0m
mode=OFF radar_adj=0 mom= conf=0
[1;36m20:59:27[0m [1;32mx13[0m [1;36m#289[0m SKIP tension=[1;36m0.00002538[0m [0m| momentum_too_small [1;31mconf=0.0[0m
mode=OFF radar_adj=0 mom= conf=0
[1;36m20:59:41[0m [1;32mx13[0m [1;36m#290[0m SKIP tension=[1;36m0.01787711[0m [0m| direction_unclear [1;31mconf=0.0115[0m
mode=OFF radar_adj=0 mom= conf=0
[1;36m20:59:56[0m [1;32mx13[0m [1;36m#291[0m SKIP tension=[1;36m0.00003541[0m [0m| momentum_too_small [1;31mconf=0.0001[0m
mode=OFF radar_adj=0 mom= conf=0
[1;36m21:00:11[0m [1;32mx13[0m [1;36m#292[0m SKIP tension=[1;36m0.00339189[0m [0m| momentum_too_small [1;31mconf=0.0056[0m
mode=OFF radar_adj=0 mom= conf=0
[1;36m21:00:23[0m [1;32mx13[0m [1;36m#293[0m SKIP tension=[1;36m0.02069606[0m [0m| direction_unclear [1;31mconf=0.0345[0m
mode=OFF radar_adj=0 mom= conf=0
[1;36m21:00:37[0m [1;32mx13[0m [1;36m#294[0m SKIP tension=[1;31m2.53002481[0m [0m| duo no_trigger
mode=OFF radar_adj=0 mom= conf=0
[1;36m21:00:50[0m [1;32mx13[0m [1;36m#295[0m SKIP tension=[1;33m0.85708964[0m [0m| wall_not_collapsed
mode=OFF radar_adj=0 mom= conf=0
[1;36m21:01:09[0m [1;32mx13[0m [1;36m#296[0m SKIP tension=[1;31m2.95045741[0m [0m| duo no_trigger
mode=OFF radar_adj=0 mom= conf=0
[1;36m21:01:22[0m [1;32mx13[0m [1;36m#297[0m SKIP tension=[1;31m2.49984555[0m [0m| duo no_trigger
mode=OFF radar_adj=0 mom= conf=0
[1;36m21:01:36[0m [1;32mx13[0m [1;36m#298[0m SKIP tension=[1;36m0.00000000[0m [0m| momentum_too_small [1;31mconf=0.3378[0m
mode=OFF radar_adj=0 mom= conf=0
[1;36m21:01:47[0m [1;32mx13[0m [1;36m#299[0m SKIP tension=[1;36m0.00035371[0m [0m| momentum_too_small [1;31mconf=0.0006[0m
mode=OFF radar_adj=0 mom= conf=0
[1;36m21:02:02[0m [1;32mx13[0m [1;36m#300[0m SKIP tension=[1;36m0.56759013[0m [0m| wall_not_collapsed
mode=OFF radar_adj=0 mom= conf=0
[1;36m21:02:15[0m [1;32mx13[0m [1;36m#301[0m SKIP tension=[1;36m0.00002163[0m [0m| momentum_too_small [1;31mconf=0.0[0m
mode=OFF radar_adj=0 mom= conf=0
[1;36m21:02:28[0m [1;32mx13[0m [1;36m#302[0m SKIP tension=[1;36m0.00000000[0m [0m| momentum_too_small [1;31mconf=0.3015[0m
mode=OFF radar_adj=0 mom= conf=0
[1;36m21:02:42[0m [1;32mx13[0m [1;36m#303[0m SKIP tension=[1;36m0.00039029[0m [0m| momentum_too_small [1;31mconf=0.0006[0m
mode=OFF radar_adj=0 mom= conf=0
[1;36m21:02:54[0m [1;32mx13[0m [1;36m#304[0m SKIP tension=[1;36m0.00000000[0m [0m| momentum_too_small [1;31mconf=0.3015[0m
mode=OFF radar_adj=0 mom= conf=0
[1;36m21:03:07[0m [1;32mx13[0m [1;36m#305[0m SKIP tension=[1;36m0.00470470[0m [0m| momentum_too_small [1;31mconf=0.0068[0m
mode=OFF radar_adj=0 mom= conf=0
[1;36m21:03:19[0m [1;32mx13[0m [1;36m#306[0m SKIP tension=[1;36m0.00001054[0m [0m| momentum_too_small [1;31mconf=0.0[0m
mode=OFF radar_adj=0 mom= conf=0
[1;36m21:03:32[0m [1;32mx13[0m [1;36m#307[0m SKIP tension=[1;36m0.00002400[0m [0m| momentum_too_small [1;31mconf=0.0[0m
mode=OFF radar_adj=0 mom= conf=0
[1;36m21:03:44[0m [1;32mx13[0m [1;36m#308[0m SKIP tension=[1;36m0.00002283[0m [0m| momentum_too_small [1;31mconf=0.0[0m
mode=OFF radar_adj=0 mom= conf=0
[1;36m21:03:58[0m [1;32mx13[0m [1;36m#309[0m SKIP tension=[1;36m0.00002024[0m [0m| momentum_too_small [1;31mconf=0.0[0m
mode=OFF radar_adj=0 mom= conf=0
[1;36m21:04:32[0m [1;32mx13[0m [1;36m#310[0m SKIP tension=[1;36m0.00024294[0m [0m| momentum_too_small [1;31mconf=0.0004[0m
mode=OFF radar_adj=0 mom= conf=0
[1;36m21:04:47[0m [1;32mx13[0m [1;36m#311[0m SKIP tension=[1;36m0.00004827[0m [0m| momentum_too_small [1;31mconf=0.0001[0m
mode=OFF radar_adj=0 mom= conf=0
[1;36m21:05:00[0m [1;32mx13[0m [1;36m#312[0m SKIP tension=[1;36m0.00002861[0m [0m| momentum_too_small [1;31mconf=0.0[0m
mode=OFF radar_adj=0 mom= conf=0
[1;36m21:05:12[0m [1;32mx13[0m [1;36m#313[0m SKIP tension=[1;36m0.00670173[0m [0m| momentum_too_small [1;31mconf=0.0096[0m
mode=OFF radar_adj=0 mom= conf=0
[1;36m21:05:24[0m [1;32mx13[0m [1;36m#314[0m SKIP tension=[1;36m0.00004054[0m [0m| momentum_too_small [1;31mconf=0.0001[0m
mode=OFF radar_adj=0 mom= conf=0
[1;36m21:05:42[0m [1;32mx13[0m [1;36m#315[0m SKIP tension=[1;36m0.00096466[0m [0m| momentum_too_small [1;31mconf=0.0014[0m
mode=OFF radar_adj=0 mom= conf=0
[1;36m21:05:56[0m [1;32mx13[0m [1;36m#316[0m SKIP tension=[1;36m0.00002805[0m [0m| momentum_too_small [1;31mconf=0.0[0m
mode=OFF radar_adj=0 mom= conf=0
[1;36m21:06:08[0m [1;32mx13[0m [1;36m#317[0m SKIP tension=[1;36m0.00005432[0m [0m| momentum_too_small [1;31mconf=0.0001[0m
mode=OFF radar_adj=0 mom= conf=0
[1;36m21:06:20[0m [1;32mx13[0m [1;36m#318[0m SKIP tension=[1;36m0.00003527[0m [0m| momentum_too_small [1;31mconf=0.0001[0m
mode=OFF radar_adj=0 mom= conf=0
[1;36m21:06:32[0m [1;32mx13[0m [1;36m#319[0m SKIP tension=[1;36m0.00049367[0m [0m| momentum_too_small [1;31mconf=0.0007[0m
mode=OFF radar_adj=0 mom= conf=0
[1;36m21:06:44[0m [1;32mx13[0m [1;36m#320[0m SKIP tension=[1;36m0.00002746[0m [0m| momentum_too_small [1;31mconf=0.0[0m
mode=OFF radar_adj=0 mom= conf=0
[1;36m21:06:59[0m [1;32mx13[0m [1;36m#321[0m SKIP tension=[1;36m0.00130320[0m [0m| momentum_too_small [1;31mconf=0.0019[0m
mode=OFF radar_adj=0 mom= conf=0
[1;36m21:07:10[0m [1;32mx13[0m [1;36m#322[0m SKIP tension=[1;36m0.03770352[0m [0m| direction_unclear [1;31mconf=0.0571[0m
mode=OFF radar_adj=0 mom= conf=0
[1;36m21:07:21[0m [1;32mx13[0m [1;36m#323[0m SKIP tension=[1;36m0.63398120[0m [0m| wall_not_collapsed
mode=OFF radar_adj=0 mom= conf=0
[1;36m21:07:32[0m [1;32mx13[0m [1;36m#324[0m SKIP tension=[1;36m0.00002335[0m [0m| momentum_too_small [1;31mconf=0.0[0m
mode=OFF radar_adj=0 mom= conf=0
[1;36m21:07:43[0m [1;32mx13[0m [1;36m#325[0m SKIP tension=[1;36m0.00002994[0m [0m| momentum_too_small [1;31mconf=0.0[0m
mode=OFF radar_adj=0 mom= conf=0
[1;36m21:07:57[0m [1;32mx13[0m [1;36m#326[0m SKIP tension=[1;36m0.00002934[0m [0m| momentum_too_small [1;31mconf=0.0[0m
mode=OFF radar_adj=0 mom= conf=0
[1;36m21:08:07[0m [1;32mx13[0m [1;36m#327[0m SKIP tension=[1;36m0.00002459[0m [0m| momentum_too_small [1;31mconf=0.0[0m
mode=OFF radar_adj=0 mom= conf=0
[1;36m21:08:18[0m [1;32mx13[0m [1;36m#328[0m SKIP tension=[1;36m0.00262566[0m [0m| momentum_too_small [1;31mconf=0.004[0m
mode=OFF radar_adj=0 mom= conf=0
[1;36m21:08:29[0m [1;32mx13[0m [1;36m#329[0m SKIP tension=[1;36m0.00002939[0m [0m| momentum_too_small [1;31mconf=0.0[0m
mode=OFF radar_adj=0 mom= conf=0
[1;36m21:08:39[0m [1;32mx13[0m [1;36m#330[0m SKIP tension=[1;36m0.00002939[0m [0m| momentum_too_small [1;31mconf=0.0[0m
mode=OFF radar_adj=0 mom= conf=0
[1;36m21:08:51[0m [1;32mx13[0m [1;36m#331[0m SKIP tension=[1;36m0.63404441[0m [0m| wall_not_collapsed
mode=OFF radar_adj=0 mom= conf=0
[1;36m21:09:03[0m [1;32mx13[0m [1;36m#332[0m SKIP tension=[1;36m0.00002526[0m [0m| momentum_too_small [1;31mconf=0.0[0m
mode=OFF radar_adj=0 mom= conf=0
[1;36m21:09:14[0m [1;32mx13[0m [1;36m#333[0m SKIP tension=[1;36m0.00002896[0m [0m| momentum_too_small [1;31mconf=0.0[0m
mode=OFF radar_adj=0 mom= conf=0
[1;36m21:09:31[0m [1;32mx13[0m [1;36m#334[0m SKIP [1;33m| tension_stale age=15542ms>800ms (NUAGE)[0m
mode=OFF radar_adj=0 mom= conf=0
[1;36m21:09:42[0m [1;32mx13[0m [1;36m#335[0m SKIP tension=[1;36m0.63814958[0m [0m| wall_not_collapsed
mode=OFF radar_adj=0 mom= conf=0
[1;36m21:09:54[0m [1;32mx13[0m [1;36m#336[0m SKIP [1;33m| tension_stale age=6697ms>800ms (NUAGE)[0m
mode=OFF radar_adj=0 mom= conf=0
[1;36m21:10:05[0m [1;32mx13[0m [1;36m#337[0m SKIP tension=[1;36m0.20336286[0m [0m| wall_not_collapsed
mode=OFF radar_adj=0 mom= conf=0
[1;36m21:10:15[0m [1;32mx13[0m [1;36m#338[0m SKIP tension=[1;33m0.95471547[0m [0m| wall_not_collapsed
mode=OFF radar_adj=0 mom= conf=0
[1;36m21:10:26[0m [1;32mx13[0m [1;36m#339[0m SKIP tension=[1;36m0.00000000[0m [0m| momentum_too_small [1;31mconf=0.3476[0m
mode=OFF radar_adj=0 mom= conf=0
[1;36m21:10:36[0m [1;32mx13[0m [1;36m#340[0m SKIP tension=[1;36m0.00001428[0m [0m| momentum_too_small [1;31mconf=0.0[0m
mode=OFF radar_adj=0 mom= conf=0
[1;36m21:10:47[0m [1;32mx13[0m [1;36m#341[0m SKIP tension=[1;36m0.00000000[0m [0m| momentum_too_small [1;31mconf=0.3402[0m
mode=OFF radar_adj=0 mom= conf=0
[1;36m21:11:01[0m [1;32mx13[0m [1;36m#342[0m SKIP tension=[1;36m0.00000000[0m [0m| momentum_too_small [1;31mconf=0.3479[0m
mode=OFF radar_adj=0 mom= conf=0
[1;36m21:11:11[0m [1;32mx13[0m [1;36m#343[0m SKIP tension=[1;36m0.00000000[0m [0m| momentum_too_small [1;31mconf=0.3479[0m
mode=OFF radar_adj=0 mom= conf=0
[1;36m21:11:23[0m [1;32mx13[0m [1;36m#344[0m SKIP tension=[1;36m0.00434210[0m [0m| momentum_too_small [1;31mconf=0.007[0m
mode=OFF radar_adj=0 mom= conf=0
[1;36m21:11:33[0m [1;32mx13[0m [1;36m#345[0m SKIP tension=[1;36m0.00000000[0m [0m| momentum_too_small [1;31mconf=0.3483[0m
mode=OFF radar_adj=0 mom= conf=0
[1;36m21:11:44[0m [1;32mx13[0m [1;36m#346[0m SKIP tension=[1;36m0.00000000[0m [0m| momentum_too_small [1;31mconf=0.3476[0m
mode=OFF radar_adj=0 mom= conf=0
[1;36m21:11:59[0m [1;32mx13[0m [1;36m#347[0m SKIP tension=[1;36m0.00032146[0m [0m| momentum_too_small [1;31mconf=0.0005[0m
mode=OFF radar_adj=0 mom= conf=0
[1;36m21:12:10[0m [1;32mx13[0m [1;36m#348[0m SKIP tension=[1;36m0.00000338[0m [0m| momentum_too_small [1;31mconf=0.0[0m
mode=OFF radar_adj=0 mom= conf=0
[1;36m21:12:20[0m [1;32mx13[0m [1;36m#349[0m SKIP tension=[1;36m0.00000000[0m [0m| momentum_too_small [1;31mconf=0.3455[0m
mode=OFF radar_adj=0 mom= conf=0
[1;36m21:12:30[0m [1;32mx13[0m [1;36m#350[0m SKIP tension=[1;36m0.00000000[0m [0m| momentum_too_small [1;31mconf=0.327[0m
mode=OFF radar_adj=0 mom= conf=0
[1;36m21:12:42[0m [1;32mx13[0m [1;36m#351[0m SKIP tension=[1;36m0.00001992[0m [0m| momentum_too_small [1;31mconf=0.0[0m
mode=OFF radar_adj=0 mom= conf=0
[1;36m21:12:52[0m [1;32mx13[0m [1;36m#352[0m SKIP tension=[1;36m0.00003315[0m [0m| momentum_too_small [1;31mconf=0.0001[0m
mode=OFF radar_adj=0 mom= conf=0
shockwave alpha->beta until_cycle=363
[1;33mSWARM shockwave[0m [0m| alpha -> neighbor (shock_inversion_stop)[0m
[1;36mCycle 353[0m [1;32mSOFT anomaly[0m [1;33m| pnl_abs=0.78246000 > 0.02500000[0m
[1;36mentry=21:13:09@62729.90000000[0m [1;32mx13[0m [1;36m#353[0m [1;31mBUY[0m tension=[1;32m1.41015307[0m hold=[1;36m9[0ms sec=[1;36m9[0m [0m| exit=62723.60000000 [1;32mconf=0.9402[0m [1;36mexit_time=21:13:18[0m [1;31mpnl=-0.78246000 bps=-1.00430576 pct=-0.01004306% total=-1.56236[0m
mode=OFF radar_adj=0 mom= conf=0
[1;36m21:13:32[0m [1;32mx13[0m [1;36m#354[0m SKIP tension=[1;36m0.00013810[0m [0m| momentum_too_small [1;31mconf=0.0002[0m
mode=OFF radar_adj=0 mom= conf=0
[1;36m21:13:42[0m [1;32mx13[0m [1;36m#355[0m SKIP tension=[1;36m0.00012688[0m [0m| momentum_too_small [1;31mconf=0.0002[0m
mode=OFF radar_adj=0 mom= conf=0
[1;36m21:13:53[0m [1;32mx13[0m [1;36m#356[0m SKIP tension=[1;36m0.00004531[0m [0m| momentum_too_small [1;31mconf=0.0001[0m
mode=OFF radar_adj=0 mom= conf=0
[1;36m21:14:03[0m [1;32mx13[0m [1;36m#357[0m SKIP tension=[1;36m0.22487020[0m [0m| wall_not_collapsed
mode=OFF radar_adj=0 mom= conf=0
[1;36m21:14:15[0m [1;32mx13[0m [1;36m#358[0m SKIP tension=[1;36m0.00007429[0m [0m| momentum_too_small [1;31mconf=0.0001[0m
mode=OFF radar_adj=0 mom= conf=0
[1;36m21:14:25[0m [1;32mx13[0m [1;36m#359[0m SKIP tension=[1;36m0.22489276[0m [0m| wall_not_collapsed
mode=OFF radar_adj=0 mom= conf=0
[1;36m21:14:35[0m [1;32mx13[0m [1;36m#360[0m SKIP tension=[1;36m0.00000000[0m [0m| momentum_too_small [1;31mconf=0.3364[0m
mode=OFF radar_adj=0 mom= conf=0
[1;36m21:14:46[0m [1;32mx13[0m [1;36m#361[0m SKIP tension=[1;36m0.00000000[0m [0m| momentum_too_small [1;31mconf=0.3364[0m
mode=OFF radar_adj=0 mom= conf=0
[1;36m21:14:59[0m [1;32mx13[0m [1;36m#362[0m SKIP tension=[1;36m0.00447731[0m [0m| momentum_too_small [1;31mconf=0.0071[0m
mode=OFF radar_adj=0 mom= conf=0
[1;36m21:15:10[0m [1;32mx13[0m [1;36m#363[0m SKIP tension=[1;36m0.00000000[0m [0m| momentum_too_small [1;31mconf=0.3357[0m
mode=OFF radar_adj=0 mom= conf=0
[1;36m21:15:21[0m [1;32mx13[0m [1;36m#364[0m SKIP tension=[1;36m0.00000000[0m [0m| momentum_too_small [1;31mconf=0.3197[0m
mode=OFF radar_adj=0 mom= conf=0
[1;36m21:15:32[0m [1;32mx13[0m [1;36m#365[0m SKIP tension=[1;36m0.00008546[0m [0m| momentum_too_small [1;31mconf=0.0001[0m
mode=OFF radar_adj=0 mom= conf=0
[1;36m21:15:44[0m [1;32mx13[0m [1;36m#366[0m SKIP tension=[1;36m0.00013872[0m [0m| momentum_too_small [1;31mconf=0.0002[0m
mode=OFF radar_adj=0 mom= conf=0
[1;36m21:15:56[0m [1;32mx13[0m [1;36m#367[0m SKIP tension=[1;36m0.00078608[0m [0m| momentum_too_small [1;31mconf=0.0011[0m
mode=OFF radar_adj=0 mom= conf=0
[1;36m21:16:08[0m [1;32mx13[0m [1;36m#368[0m SKIP tension=[1;36m0.00001152[0m [0m| momentum_too_small [1;31mconf=0.0[0m
mode=OFF radar_adj=0 mom= conf=0
[1;36m21:16:19[0m [1;32mx13[0m [1;36m#369[0m SKIP tension=[1;36m0.00007185[0m [0m| momentum_too_small [1;31mconf=0.0001[0m
mode=OFF radar_adj=0 mom= conf=0
[1;36m21:16:32[0m [1;32mx13[0m [1;36m#370[0m SKIP tension=[1;36m0.01289966[0m [0m| direction_unclear [1;31mconf=0.0111[0m
mode=OFF radar_adj=0 mom= conf=0
[1;36m21:16:43[0m [1;32mx13[0m [1;36m#371[0m SKIP tension=[1;33m0.99798493[0m [0m| wall_not_collapsed
mode=OFF radar_adj=0 mom= conf=0
[1;36m21:16:55[0m [1;32mx13[0m [1;36m#372[0m SKIP tension=[1;36m0.00000000[0m [0m| momentum_too_small [1;31mconf=0.3224[0m
mode=OFF radar_adj=0 mom= conf=0
[1;36m21:17:07[0m [1;32mx13[0m [1;36m#373[0m SKIP tension=[1;36m0.00007668[0m [0m| momentum_too_small [1;31mconf=0.0001[0m
mode=OFF radar_adj=0 mom= conf=0
[1;36m21:17:17[0m [1;32mx13[0m [1;36m#374[0m SKIP tension=[1;36m0.00001514[0m [0m| momentum_too_small [1;31mconf=0.0[0m
mode=OFF radar_adj=0 mom= conf=0
[1;36m21:17:28[0m [1;32mx13[0m [1;36m#375[0m SKIP tension=[1;36m0.00000000[0m [0m| momentum_too_small [1;31mconf=0.2729[0m
mode=OFF radar_adj=0 mom= conf=0
[1;36m21:17:39[0m [1;32mx13[0m [1;36m#376[0m SKIP tension=[1;36m0.00000000[0m [0m| momentum_too_small [1;31mconf=0.2729[0m
mode=OFF radar_adj=0 mom= conf=0
[1;36m21:17:51[0m [1;32mx13[0m [1;36m#377[0m SKIP [1;33m| tension_stale age=6479ms>800ms (NUAGE)[0m
mode=OFF radar_adj=0 mom= conf=0
[1;36m21:18:04[0m [1;32mx13[0m [1;36m#378[0m SKIP tension=[1;36m0.00117977[0m [0m| momentum_too_small [1;31mconf=0.0016[0m
mode=OFF radar_adj=0 mom= conf=0
[1;36m21:18:14[0m [1;32mx13[0m [1;36m#379[0m SKIP tension=[1;36m0.00001604[0m [0m| momentum_too_small [1;31mconf=0.0[0m
mode=OFF radar_adj=0 mom= conf=0
[1;36m21:18:26[0m [1;32mx13[0m [1;36m#380[0m SKIP tension=[1;36m0.00122256[0m [0m| momentum_too_small [1;31mconf=0.002[0m
mode=OFF radar_adj=0 mom= conf=0
[1;36m21:18:37[0m [1;32mx13[0m [1;36m#381[0m SKIP tension=[1;36m0.00010168[0m [0m| momentum_too_small [1;31mconf=0.0002[0m
mode=OFF radar_adj=0 mom= conf=0
[1;36m21:18:48[0m [1;32mx13[0m [1;36m#382[0m SKIP tension=[1;36m0.00023069[0m [0m| momentum_too_small [1;31mconf=0.0004[0m
mode=OFF radar_adj=0 mom= conf=0
[1;36m21:19:01[0m [1;32mx13[0m [1;36m#383[0m SKIP tension=[1;36m0.00010123[0m [0m| momentum_too_small [1;31mconf=0.0002[0m
mode=OFF radar_adj=0 mom= conf=0
[1;36m21:19:12[0m [1;32mx13[0m [1;36m#384[0m SKIP tension=[1;36m0.00000000[0m [0m| momentum_too_small [1;31mconf=0.3427[0m
mode=OFF radar_adj=0 mom= conf=0
[1;36m21:19:23[0m [1;32mx13[0m [1;36m#385[0m SKIP tension=[1;36m0.00000000[0m [0m| momentum_too_small [1;31mconf=0.3472[0m
mode=OFF radar_adj=0 mom= conf=0
[1;36m21:19:34[0m [1;32mx13[0m [1;36m#386[0m SKIP tension=[1;36m0.24661412[0m [0m| wall_not_collapsed
mode=OFF radar_adj=0 mom= conf=0
[1;36m21:19:46[0m [1;32mx13[0m [1;36m#387[0m SKIP tension=[1;36m0.00000000[0m [0m| momentum_too_small [1;31mconf=0.3469[0m
mode=OFF radar_adj=0 mom= conf=0
[1;36m21:20:00[0m [1;32mx13[0m [1;36m#388[0m SKIP tension=[1;36m0.00000000[0m [0m| momentum_too_small [1;31mconf=0.3253[0m
mode=OFF radar_adj=0 mom= conf=0
[1;36m21:20:11[0m [1;32mx13[0m [1;36m#389[0m SKIP tension=[1;36m0.00028631[0m [0m| momentum_too_small [1;31mconf=0.0004[0m
mode=OFF radar_adj=0 mom= conf=0
[1;36m21:20:23[0m [1;32mx13[0m [1;36m#390[0m SKIP tension=[1;36m0.00000409[0m [0m| momentum_too_small [1;31mconf=0.0[0m
mode=OFF radar_adj=0 mom= conf=0
[1;36m21:20:34[0m [1;32mx13[0m [1;36m#391[0m SKIP [1;33m| tension_stale age=8758ms>800ms (NUAGE)[0m
mode=OFF radar_adj=0 mom= conf=0
[1;36m21:20:46[0m [1;32mx13[0m [1;36m#392[0m SKIP tension=[1;36m0.00003065[0m [0m| momentum_too_small [1;31mconf=0.0001[0m
mode=OFF radar_adj=0 mom= conf=0
[1;36m21:20:59[0m [1;32mx13[0m [1;36m#393[0m SKIP tension=[1;33m0.97642275[0m [0m| wall_not_collapsed
mode=OFF radar_adj=0 mom= conf=0
[1;36m21:21:12[0m [1;32mx13[0m [1;36m#394[0m SKIP [1;33m| tension_stale age=863ms>800ms (NUAGE)[0m
mode=OFF radar_adj=0 mom= conf=0
[1;36m21:21:24[0m [1;32mx13[0m [1;36m#395[0m SKIP tension=[1;36m0.00000000[0m [0m| momentum_too_small [1;31mconf=0.3256[0m
mode=OFF radar_adj=0 mom= conf=0
[1;36m21:21:35[0m [1;32mx13[0m [1;36m#396[0m SKIP tension=[1;32m1.20224813[0m [0m| duo no_trigger
mode=OFF radar_adj=0 mom= conf=0
shockwave alpha->beta until_cycle=407
[1;33mSWARM shockwave[0m [0m| alpha -> neighbor (shock_inversion_stop)[0m
[1;36mCycle 397[0m [1;32mSOFT anomaly[0m [1;33m| pnl_abs=3.96023000 > 0.02500000[0m
[1;36mentry=21:21:53@62749.50000000[0m [1;32mx13[0m [1;36m#397[0m [1;31mBUY[0m tension=[1;32m1.97464259[0m hold=[1;36m12[0ms sec=[1;36m12[0m [0m| exit=62725.60000000 [1;32mconf=0.8207[0m [1;36mexit_time=21:22:05[0m [1;31mpnl=-3.96023000 bps=-3.80879529 pct=-0.03808795% total=-5.709010000000001[0m
mode=OFF radar_adj=0 mom= conf=0
[1;36m21:22:20[0m [1;32mx13[0m [1;36m#398[0m SKIP tension=[1;36m0.00000000[0m [0m| momentum_too_small [1;31mconf=0.3392[0m
mode=OFF radar_adj=0 mom= conf=0
[1;36m21:22:31[0m [1;32mx13[0m [1;36m#399[0m SKIP tension=[1;36m0.00000000[0m [0m| momentum_too_small [1;31mconf=0.3392[0m
mode=OFF radar_adj=0 mom= conf=0
[1;36m21:22:43[0m [1;32mx13[0m [1;36m#400[0m SKIP tension=[1;36m0.00000000[0m [0m| momentum_too_small [1;31mconf=0.3392[0m
mode=OFF radar_adj=0 mom= conf=0
[1;36m21:22:56[0m [1;32mx13[0m [1;36m#401[0m SKIP tension=[1;36m0.00001498[0m [0m| momentum_too_small [1;31mconf=0.0[0m
mode=OFF radar_adj=0 mom= conf=0
[1;36m21:23:09[0m [1;32mx13[0m [1;36m#402[0m SKIP tension=[1;36m0.61107536[0m [0m| wall_not_collapsed
mode=OFF radar_adj=0 mom= conf=0
[1;36m21:23:20[0m [1;32mx13[0m [1;36m#403[0m SKIP tension=[1;36m0.00008658[0m [0m| momentum_too_small [1;31mconf=0.0001[0m
mode=OFF radar_adj=0 mom= conf=0
[1;36m21:23:31[0m [1;32mx13[0m [1;36m#404[0m SKIP tension=[1;36m0.00000000[0m [0m| momentum_too_small [1;31mconf=0.3361[0m
mode=OFF radar_adj=0 mom= conf=0
[1;36m21:23:42[0m [1;32mx13[0m [1;36m#405[0m SKIP tension=[1;36m0.00000000[0m [0m| momentum_too_small [1;31mconf=0.3472[0m
mode=OFF radar_adj=0 mom= conf=0
[1;36m21:23:53[0m [1;32mx13[0m [1;36m#406[0m SKIP tension=[1;36m0.00000000[0m [0m| momentum_too_small [1;31mconf=0.3238[0m
mode=OFF radar_adj=0 mom= conf=0
[1;36m21:24:05[0m [1;32mx13[0m [1;36m#407[0m SKIP tension=[1;36m0.00000000[0m [0m| momentum_too_small [1;31mconf=0.3378[0m
mode=OFF radar_adj=0 mom= conf=0
[1;36m21:24:15[0m [1;32mx13[0m [1;36m#408[0m SKIP tension=[1;36m0.26052468[0m [0m| wall_not_collapsed
mode=OFF radar_adj=0 mom= conf=0
[1;36m21:24:27[0m [1;32mx13[0m [1;36m#409[0m SKIP tension=[1;36m0.25867442[0m [0m| wall_not_collapsed
mode=OFF radar_adj=0 mom= conf=0
[1;36m21:24:37[0m [1;32mx13[0m [1;36m#410[0m SKIP tension=[1;36m0.69492918[0m [0m| wall_not_collapsed
mode=OFF radar_adj=0 mom= conf=0
[1;36m21:24:48[0m [1;32mx13[0m [1;36m#411[0m SKIP tension=[1;36m0.71721138[0m [0m| wall_not_collapsed
mode=OFF radar_adj=0 mom= conf=0
[1;36m21:25:03[0m [1;32mx13[0m [1;36m#412[0m SKIP tension=[1;32m1.65117429[0m [0m| duo no_trigger
mode=OFF radar_adj=0 mom= conf=0
[1;36m21:25:13[0m [1;32mx13[0m [1;36m#413[0m SKIP tension=[1;36m0.00000633[0m [0m| momentum_too_small [1;31mconf=0.0[0m
mode=OFF radar_adj=0 mom= conf=0
[1;36m21:25:25[0m [1;32mx13[0m [1;36m#414[0m SKIP tension=[1;36m0.27423180[0m [0m| wall_not_collapsed
mode=OFF radar_adj=0 mom= conf=0
[1;36m21:25:36[0m [1;32mx13[0m [1;36m#415[0m SKIP tension=[1;32m1.84146148[0m [0m| duo no_trigger
mode=OFF radar_adj=0 mom= conf=0
[1;36m21:25:47[0m [1;32mx13[0m [1;36m#416[0m SKIP tension=[1;36m0.00397955[0m [0m| momentum_too_small [1;31mconf=0.0066[0m
mode=OFF radar_adj=0 mom= conf=0
[1;36m21:26:01[0m [1;32mx13[0m [1;36m#417[0m SKIP tension=[1;36m0.00000000[0m [0m| momentum_too_small [1;31mconf=0.3497[0m
mode=OFF radar_adj=0 mom= conf=0
[1;36m21:26:13[0m [1;32mx13[0m [1;36m#418[0m SKIP tension=[1;36m0.00211582[0m [0m| momentum_too_small [1;31mconf=0.0035[0m
mode=OFF radar_adj=0 mom= conf=0
[1;36m21:26:25[0m [1;32mx13[0m [1;36m#419[0m SKIP tension=[1;36m0.00000267[0m [0m| momentum_too_small [1;31mconf=0.0[0m
mode=OFF radar_adj=0 mom= conf=0
[1;36m21:26:35[0m [1;32mx13[0m [1;36m#420[0m SKIP tension=[1;36m0.00001991[0m [0m| momentum_too_small [1;31mconf=0.0[0m
mode=OFF radar_adj=0 mom= conf=0
[1;36m21:26:46[0m [1;32mx13[0m [1;36m#421[0m SKIP tension=[1;36m0.67220874[0m [0m| wall_not_collapsed
mode=OFF radar_adj=0 mom= conf=0
[1;36m21:26:59[0m [1;32mx13[0m [1;36m#422[0m SKIP tension=[1;36m0.53270088[0m [0m| wall_not_collapsed
mode=OFF radar_adj=0 mom= conf=0
[1;36m21:27:11[0m [1;32mx13[0m [1;36m#423[0m SKIP tension=[1;36m0.04736833[0m [0m| direction_unclear [1;31mconf=0.0124[0m
mode=OFF radar_adj=0 mom= conf=0
[1;36m21:27:23[0m [1;32mx13[0m [1;36m#424[0m SKIP tension=[1;33m0.94453369[0m [0m| wall_not_collapsed
mode=OFF radar_adj=0 mom= conf=0
[1;36m21:27:33[0m [1;32mx13[0m [1;36m#425[0m SKIP tension=[1;36m0.00000000[0m [0m| momentum_too_small [1;31mconf=0.313[0m
mode=OFF radar_adj=0 mom= conf=0
[1;36m21:27:44[0m [1;32mx13[0m [1;36m#426[0m SKIP tension=[1;36m0.00000000[0m [0m| momentum_too_small [1;31mconf=0.3277[0m
mode=OFF radar_adj=0 mom= conf=0
[1;36m21:27:57[0m [1;32mx13[0m [1;36m#427[0m SKIP tension=[1;36m0.00004551[0m [0m| momentum_too_small [1;31mconf=0.0001[0m
mode=OFF radar_adj=0 mom= conf=0
[1;36m21:28:09[0m [1;32mx13[0m [1;36m#428[0m SKIP tension=[1;36m0.00000000[0m [0m| momentum_too_small [1;31mconf=0.3493[0m
mode=OFF radar_adj=0 mom= conf=0
[1;36m21:28:20[0m [1;32mx13[0m [1;36m#429[0m SKIP tension=[1;36m0.00000000[0m [0m| momentum_too_small [1;31mconf=0.3486[0m
mode=OFF radar_adj=0 mom= conf=0
[1;36m21:28:30[0m [1;32mx13[0m [1;36m#430[0m SKIP tension=[1;36m0.00000000[0m [0m| momentum_too_small [1;31mconf=0.3378[0m
mode=OFF radar_adj=0 mom= conf=0
[1;36m21:28:41[0m [1;32mx13[0m [1;36m#431[0m SKIP tension=[1;36m0.00145299[0m [0m| momentum_too_small [1;31mconf=0.0023[0m
mode=OFF radar_adj=0 mom= conf=0
[1;36m21:28:52[0m [1;32mx13[0m [1;36m#432[0m SKIP tension=[1;36m0.00000000[0m [0m| momentum_too_small [1;31mconf=0.3465[0m
mode=OFF radar_adj=0 mom= conf=0
[1;36m21:29:04[0m [1;32mx13[0m [1;36m#433[0m SKIP tension=[1;32m1.01462320[0m [0m| duo no_trigger
mode=OFF radar_adj=0 mom= conf=0
[1;36m21:29:15[0m [1;32mx13[0m [1;36m#434[0m SKIP tension=[1;36m0.76107412[0m [0m| wall_not_collapsed
mode=OFF radar_adj=0 mom= conf=0
[1;36m21:29:25[0m [1;32mx13[0m [1;36m#435[0m SKIP tension=[1;36m0.00000673[0m [0m| momentum_too_small [1;31mconf=0.0[0m
mode=OFF radar_adj=0 mom= conf=0
[1;36m21:29:35[0m [1;32mx13[0m [1;36m#436[0m SKIP tension=[1;36m0.36616775[0m [0m| wall_not_collapsed
mode=OFF radar_adj=0 mom= conf=0
[1;36m21:29:45[0m [1;32mx13[0m [1;36m#437[0m SKIP tension=[1;36m0.00001675[0m [0m| momentum_too_small [1;31mconf=0.0[0m
mode=OFF radar_adj=0 mom= conf=0
[1;36m21:29:58[0m [1;32mx13[0m [1;36m#438[0m SKIP tension=[1;36m0.16549357[0m [0m| direction_unclear [1;31mconf=0.233[0m
mode=OFF radar_adj=0 mom= conf=0
[1;36m21:30:08[0m [1;32mx13[0m [1;36m#439[0m SKIP tension=[1;36m0.00002470[0m [0m| momentum_too_small [1;31mconf=0.0[0m
mode=OFF radar_adj=0 mom= conf=0
[1;36m21:30:19[0m [1;32mx13[0m [1;36m#440[0m SKIP tension=[1;36m0.00007319[0m [0m| momentum_too_small [1;31mconf=0.0001[0m
mode=OFF radar_adj=0 mom= conf=0
[1;36m21:30:30[0m [1;32mx13[0m [1;36m#441[0m SKIP tension=[1;36m0.00006860[0m [0m| momentum_too_small [1;31mconf=0.0001[0m
mode=OFF radar_adj=0 mom= conf=0
[1;36m21:30:41[0m [1;32mx13[0m [1;36m#442[0m SKIP tension=[1;36m0.00000000[0m [0m| momentum_too_small [1;31mconf=0.3207[0m
mode=OFF radar_adj=0 mom= conf=0
[1;36m21:30:53[0m [1;32mx13[0m [1;36m#443[0m SKIP tension=[1;36m0.00000534[0m [0m| momentum_too_small [1;31mconf=0.0[0m
mode=OFF radar_adj=0 mom= conf=0
[1;36m21:31:04[0m [1;32mx13[0m [1;36m#444[0m SKIP tension=[1;36m0.00000000[0m [0m| momentum_too_small [1;31mconf=0.3026[0m
mode=OFF radar_adj=0 mom= conf=0
[1;36m21:31:15[0m [1;32mx13[0m [1;36m#445[0m SKIP tension=[1;36m0.16545991[0m [0m| direction_unclear [1;31mconf=0.0114[0m
mode=OFF radar_adj=0 mom= conf=0
[1;36m21:31:26[0m [1;32mx13[0m [1;36m#446[0m SKIP tension=[1;36m0.00000000[0m [0m| momentum_too_small [1;31mconf=0.2827[0m
mode=OFF radar_adj=0 mom= conf=0
[1;36m21:31:35[0m [1;32mx13[0m [1;36m#447[0m SKIP tension=[1;36m0.30086987[0m [0m| wall_not_collapsed
mode=OFF radar_adj=0 mom= conf=0
[1;36m21:31:46[0m [1;32mx13[0m [1;36m#448[0m SKIP tension=[1;36m0.16970693[0m [0m| direction_unclear [1;31mconf=0.2766[0m
mode=OFF radar_adj=0 mom= conf=0
[1;36m21:31:57[0m [1;32mx13[0m [1;36m#449[0m SKIP tension=[1;36m0.61851660[0m [0m| wall_not_collapsed
mode=OFF radar_adj=0 mom= conf=0
[1;36m21:32:08[0m [1;32mx13[0m [1;36m#450[0m SKIP tension=[1;36m0.00000000[0m [0m| momentum_too_small [1;31mconf=0.2827[0m
mode=OFF radar_adj=0 mom= conf=0
[1;36m21:32:20[0m [1;32mx13[0m [1;36m#451[0m SKIP tension=[1;36m0.00000000[0m [0m| momentum_too_small [1;31mconf=0.2322[0m
mode=OFF radar_adj=0 mom= conf=0
[1;36m21:32:32[0m [1;32mx13[0m [1;36m#452[0m SKIP tension=[1;36m0.00007136[0m [0m| momentum_too_small [1;31mconf=0.0001[0m
mode=OFF radar_adj=0 mom= conf=0
[1;36m21:32:44[0m [1;32mx13[0m [1;36m#453[0m SKIP tension=[1;36m0.00000000[0m [0m| momentum_too_small [1;31mconf=0.2458[0m
mode=OFF radar_adj=0 mom= conf=0
[1;36m21:32:56[0m [1;32mx13[0m [1;36m#454[0m SKIP tension=[1;36m0.00000000[0m [0m| momentum_too_small [1;31mconf=0.2458[0m
mode=OFF radar_adj=0 mom= conf=0
[1;36m21:33:09[0m [1;32mx13[0m [1;36m#455[0m SKIP tension=[1;36m0.00004008[0m [0m| momentum_too_small [1;31mconf=0.0[0m
mode=OFF radar_adj=0 mom= conf=0
[1;36m21:33:20[0m [1;32mx13[0m [1;36m#456[0m SKIP tension=[1;36m0.00001778[0m [0m| momentum_too_small [1;31mconf=0.0[0m
mode=OFF radar_adj=0 mom= conf=0
[1;36m21:33:32[0m [1;32mx13[0m [1;36m#457[0m SKIP tension=[1;36m0.00000258[0m [0m| momentum_too_small [1;31mconf=0.0[0m
mode=OFF radar_adj=0 mom= conf=0
[1;36m21:33:43[0m [1;32mx13[0m [1;36m#458[0m SKIP tension=[1;36m0.00000000[0m [0m| momentum_too_small [1;31mconf=0.2981[0m
mode=OFF radar_adj=0 mom= conf=0
[1;36m21:33:55[0m [1;32mx13[0m [1;36m#459[0m SKIP tension=[1;36m0.00000000[0m [0m| momentum_too_small [1;31mconf=0.1928[0m
mode=OFF radar_adj=0 mom= conf=0
[1;36m21:34:06[0m [1;32mx13[0m [1;36m#460[0m SKIP tension=[1;36m0.00000000[0m [0m| momentum_too_small [1;31mconf=0.2984[0m
mode=OFF radar_adj=0 mom= conf=0
[1;36m21:34:15[0m [1;32mx13[0m [1;36m#461[0m SKIP tension=[1;36m0.37188850[0m [0m| wall_not_collapsed
mode=OFF radar_adj=0 mom= conf=0
[1;36m21:34:27[0m [1;32mx13[0m [1;36m#462[0m SKIP [1;33m| tension_stale age=1740ms>800ms (NUAGE)[0m
mode=OFF radar_adj=0 mom= conf=0
[1;36m21:34:37[0m [1;32mx13[0m [1;36m#463[0m SKIP tension=[1;36m0.00019685[0m [0m| momentum_too_small [1;31mconf=0.0003[0m
mode=OFF radar_adj=0 mom= conf=0
[1;36m21:34:47[0m [1;32mx13[0m [1;36m#464[0m SKIP tension=[1;36m0.00008000[0m [0m| momentum_too_small [1;31mconf=0.0001[0m
mode=OFF radar_adj=0 mom= conf=0
[1;36m21:35:00[0m [1;32mx13[0m [1;36m#465[0m SKIP tension=[1;36m0.01930678[0m [0m| direction_unclear [1;31mconf=0.0318[0m
mode=OFF radar_adj=0 mom= conf=0
[1;36m21:35:09[0m [1;32mx13[0m [1;36m#466[0m SKIP tension=[1;36m0.00001016[0m [0m| momentum_too_small [1;31mconf=0.0[0m
mode=OFF radar_adj=0 mom= conf=0
[1;36m21:35:19[0m [1;32mx13[0m [1;36m#467[0m SKIP tension=[1;36m0.12243156[0m [0m| direction_unclear [1;31mconf=0.2016[0m
mode=OFF radar_adj=0 mom= conf=0
[1;36m21:35:29[0m [1;32mx13[0m [1;36m#468[0m SKIP tension=[1;36m0.00005403[0m [0m| momentum_too_small [1;31mconf=0.0001[0m
mode=OFF radar_adj=0 mom= conf=0
[1;36m21:35:39[0m [1;32mx13[0m [1;36m#469[0m SKIP tension=[1;36m0.00000000[0m [0m| momentum_too_small [1;31mconf=0.3458[0m
mode=OFF radar_adj=0 mom= conf=0
[1;36m21:35:49[0m [1;32mx13[0m [1;36m#470[0m SKIP tension=[1;36m0.00000000[0m [0m| momentum_too_small [1;31mconf=0.3458[0m
mode=OFF radar_adj=0 mom= conf=0
[1;36m21:36:00[0m [1;32mx13[0m [1;36m#471[0m SKIP tension=[1;36m0.00000510[0m [0m| momentum_too_small [1;31mconf=0.0[0m
mode=OFF radar_adj=0 mom= conf=0
shockwave alpha->beta until_cycle=482
[1;33mSWARM shockwave[0m [0m| alpha -> neighbor (shock_inversion_stop)[0m
[1;36mCycle 472[0m [1;32mSOFT anomaly[0m [1;33m| pnl_abs=0.14904000 > 0.02500000[0m
[1;36mentry=21:36:15@62789.10000000[0m [1;32mx13[0m [1;36m#472[0m [1;31mBUY[0m tension=[1;31m2.73439083[0m hold=[1;36m8[0ms sec=[1;36m8[0m [0m| exit=62787.90000000 [1;32mconf=0.9871[0m [1;36mexit_time=21:36:23[0m [1;31mpnl=-0.14904000 bps=-0.19111597 pct=-0.00191116% total=-6.188170000000001[0m
mode=OFF radar_adj=0 mom= conf=0
[1;36mentry=21:36:41@62787.90000000[0m [1;32mx13[0m [1;36m#473[0m [1;33mBUY[0m tension=[1;32m1.18754252[0m hold=[1;36m9[0ms sec=[1;36m9[0m [0m| exit=62787.90000000 [1;32mconf=0.9871[0m [1;36mexit_time=21:36:50[0m [1;33mpnl=0.00000000 bps=0.00000000 pct=0.00000000% total=-6.171660000000001[0m
mode=OFF radar_adj=0 mom= conf=0
[1;36m21:37:03[0m [1;32mx13[0m [1;36m#474[0m SKIP tension=[1;36m0.00039248[0m [0m| momentum_too_small [1;31mconf=0.0006[0m
mode=OFF radar_adj=0 mom= conf=0
[1;36m21:37:13[0m [1;32mx13[0m [1;36m#475[0m SKIP tension=[1;32m1.10161445[0m [0m| duo no_trigger
mode=OFF radar_adj=0 mom= conf=0
[1;36m21:37:24[0m [1;32mx13[0m [1;36m#476[0m SKIP tension=[1;32m1.72163835[0m [0m| duo no_trigger
mode=OFF radar_adj=0 mom= conf=0
[1;36m21:37:34[0m [1;32mx13[0m [1;36m#477[0m SKIP tension=[1;36m0.00001227[0m [0m| momentum_too_small [1;31mconf=0.0[0m
mode=OFF radar_adj=0 mom= conf=0
[1;36m21:37:46[0m [1;32mx13[0m [1;36m#478[0m SKIP tension=[1;36m0.00000425[0m [0m| momentum_too_small [1;31mconf=0.0[0m
mode=OFF radar_adj=0 mom= conf=0
[1;36m21:38:06[0m [1;32mx13[0m [1;36m#479[0m SKIP tension=[1;36m0.00002551[0m [0m| momentum_too_small [1;31mconf=0.0[0m
mode=OFF radar_adj=0 mom= conf=0
[1;36m21:38:19[0m [1;32mx13[0m [1;36m#480[0m SKIP tension=[1;31m7.66892551[0m [0m| duo no_trigger
mode=OFF radar_adj=0 mom= conf=0
[1;36m21:38:29[0m [1;32mx13[0m [1;36m#481[0m SKIP tension=[1;36m0.00000000[0m [0m| momentum_too_small [1;31mconf=0.3455[0m
mode=OFF radar_adj=0 mom= conf=0
[1;36m21:38:39[0m [1;32mx13[0m [1;36m#482[0m SKIP tension=[1;36m0.00000000[0m [0m| momentum_too_small [1;31mconf=0.3455[0m
mode=OFF radar_adj=0 mom= conf=0
[1;36m21:38:50[0m [1;32mx13[0m [1;36m#483[0m SKIP tension=[1;31m3.64826343[0m [0m| duo no_trigger
mode=OFF radar_adj=0 mom= conf=0
[1;36m21:39:01[0m [1;32mx13[0m [1;36m#484[0m SKIP tension=[1;36m0.00003706[0m [0m| momentum_too_small [1;31mconf=0.0001[0m
mode=OFF radar_adj=0 mom= conf=0
[1;36m21:39:11[0m [1;32mx13[0m [1;36m#485[0m SKIP tension=[1;36m0.00001933[0m [0m| momentum_too_small [1;31mconf=0.0[0m
mode=OFF radar_adj=0 mom= conf=0
[1;36m21:39:21[0m [1;32mx13[0m [1;36m#486[0m SKIP tension=[1;36m0.00000000[0m [0m| momentum_too_small [1;31mconf=0.3455[0m
mode=OFF radar_adj=0 mom= conf=0
[1;36m21:39:31[0m [1;32mx13[0m [1;36m#487[0m SKIP tension=[1;36m0.00004802[0m [0m| momentum_too_small [1;31mconf=0.0001[0m
mode=OFF radar_adj=0 mom= conf=0
[1;36m21:39:40[0m [1;32mx13[0m [1;36m#488[0m SKIP tension=[1;36m0.00005545[0m [0m| momentum_too_small [1;31mconf=0.0001[0m
mode=OFF radar_adj=0 mom= conf=0
[1;36m21:39:50[0m [1;32mx13[0m [1;36m#489[0m SKIP tension=[1;36m0.00000000[0m [0m| momentum_too_small [1;31mconf=0.3441[0m
mode=OFF radar_adj=0 mom= conf=0
[1;36m21:40:00[0m [1;32mx13[0m [1;36m#490[0m SKIP tension=[1;36m0.00000000[0m [0m| momentum_too_small [1;31mconf=0.3441[0m
mode=OFF radar_adj=0 mom= conf=0
[1;36m21:40:10[0m [1;32mx13[0m [1;36m#491[0m SKIP tension=[1;36m0.00027226[0m [0m| momentum_too_small [1;31mconf=0.0004[0m
mode=OFF radar_adj=0 mom= conf=0
[1;36m21:40:20[0m [1;32mx13[0m [1;36m#492[0m SKIP tension=[1;36m0.00000178[0m [0m| momentum_too_small [1;31mconf=0.0[0m
mode=OFF radar_adj=0 mom= conf=0
[1;36m21:40:30[0m [1;32mx13[0m [1;36m#493[0m SKIP tension=[1;36m0.16623045[0m [0m| direction_unclear [1;31mconf=0.2768[0m
mode=OFF radar_adj=0 mom= conf=0
[1;36m21:40:41[0m [1;32mx13[0m [1;36m#494[0m SKIP tension=[1;36m0.00000000[0m [0m| momentum_too_small [1;31mconf=0.3497[0m
mode=OFF radar_adj=0 mom= conf=0
[1;36m21:40:50[0m [1;32mx13[0m [1;36m#495[0m SKIP tension=[1;36m0.00369159[0m [0m| momentum_too_small [1;31mconf=0.0061[0m
mode=OFF radar_adj=0 mom= conf=0
[1;36m21:41:01[0m [1;32mx13[0m [1;36m#496[0m SKIP tension=[1;36m0.38061364[0m [0m| wall_not_collapsed
mode=OFF radar_adj=0 mom= conf=0
[1;36m21:41:11[0m [1;32mx13[0m [1;36m#497[0m SKIP tension=[1;32m1.25123062[0m [0m| duo no_trigger
mode=OFF radar_adj=0 mom= conf=0
[1;36m21:41:22[0m [1;32mx13[0m [1;36m#498[0m SKIP tension=[1;33m0.85537995[0m [0m| wall_not_collapsed
mode=OFF radar_adj=0 mom= conf=0
[1;36m21:41:33[0m [1;32mx13[0m [1;36m#499[0m SKIP [1;33m| tension_stale age=8915ms>800ms (NUAGE)[0m
mode=OFF radar_adj=0 mom= conf=0
[1;36m21:41:43[0m [1;32mx13[0m [1;36m#500[0m SKIP tension=[1;36m0.00000000[0m [0m| momentum_too_small [1;31mconf=0.3441[0m
mode=OFF radar_adj=0 mom= conf=0
[1;36m21:41:53[0m [1;32mx13[0m [1;36m#501[0m SKIP tension=[1;36m0.00000000[0m [0m| momentum_too_small [1;31mconf=0.3441[0m
mode=OFF radar_adj=0 mom= conf=0
[1;36m21:42:03[0m [1;32mx13[0m [1;36m#502[0m SKIP tension=[1;36m0.00000000[0m [0m| momentum_too_small [1;31mconf=0.3441[0m
mode=OFF radar_adj=0 mom= conf=0
[1;36m21:42:13[0m [1;32mx13[0m [1;36m#503[0m SKIP tension=[1;36m0.00000000[0m [0m| momentum_too_small [1;31mconf=0.3441[0m
mode=OFF radar_adj=0 mom= conf=0
[1;36m21:42:23[0m [1;32mx13[0m [1;36m#504[0m SKIP tension=[1;36m0.73455649[0m [0m| wall_not_collapsed
mode=OFF radar_adj=0 mom= conf=0
[1;36m21:42:33[0m [1;32mx13[0m [1;36m#505[0m SKIP [1;33m| tension_stale age=7032ms>800ms (NUAGE)[0m
mode=OFF radar_adj=0 mom= conf=0
[1;36m21:42:44[0m [1;32mx13[0m [1;36m#506[0m SKIP tension=[1;32m1.40305312[0m [0m| duo no_trigger
mode=OFF radar_adj=0 mom= conf=0
[1;36m21:42:55[0m [1;32mx13[0m [1;36m#507[0m SKIP tension=[1;36m0.00039323[0m [0m| momentum_too_small [1;31mconf=0.0006[0m
mode=OFF radar_adj=0 mom= conf=0
[1;36m21:43:05[0m [1;32mx13[0m [1;36m#508[0m SKIP tension=[1;36m0.00000000[0m [0m| momentum_too_small [1;31mconf=0.3441[0m
mode=OFF radar_adj=0 mom= conf=0
[1;36m21:43:15[0m [1;32mx13[0m [1;36m#509[0m SKIP tension=[1;36m0.00000000[0m [0m| momentum_too_small [1;31mconf=0.3441[0m
mode=OFF radar_adj=0 mom= conf=0
[1;36m21:43:24[0m [1;32mx13[0m [1;36m#510[0m SKIP tension=[1;36m0.00000000[0m [0m| momentum_too_small [1;31mconf=0.3441[0m
mode=OFF radar_adj=0 mom= conf=0
[1;36m21:43:34[0m [1;32mx13[0m [1;36m#511[0m SKIP tension=[1;36m0.00002420[0m [0m| momentum_too_small [1;31mconf=0.0[0m
mode=OFF radar_adj=0 mom= conf=0
[1;36m21:43:43[0m [1;32mx13[0m [1;36m#512[0m SKIP tension=[1;36m0.00007534[0m [0m| momentum_too_small [1;31mconf=0.0001[0m
mode=OFF radar_adj=0 mom= conf=0
[1;36m21:43:53[0m [1;32mx13[0m [1;36m#513[0m SKIP tension=[1;36m0.00001930[0m [0m| momentum_too_small [1;31mconf=0.0[0m
mode=OFF radar_adj=0 mom= conf=0
[1;36m21:44:03[0m [1;32mx13[0m [1;36m#514[0m SKIP tension=[1;31m7.21748192[0m [0m| duo no_trigger
mode=OFF radar_adj=0 mom= conf=0
[1;36m21:44:14[0m [1;32mx13[0m [1;36m#515[0m SKIP tension=[1;36m0.00000000[0m [0m| momentum_too_small [1;31mconf=0.3441[0m
mode=OFF radar_adj=0 mom= conf=0
[1;36m21:44:23[0m [1;32mx13[0m [1;36m#516[0m SKIP tension=[1;36m0.00002135[0m [0m| momentum_too_small [1;31mconf=0.0[0m
mode=OFF radar_adj=0 mom= conf=0
[1;36m21:44:32[0m [1;32mx13[0m [1;36m#517[0m SKIP tension=[1;36m0.00105055[0m [0m| momentum_too_small [1;31mconf=0.0017[0m
mode=OFF radar_adj=0 mom= conf=0
[1;36m21:44:42[0m [1;32mx13[0m [1;36m#518[0m SKIP tension=[1;36m0.00005949[0m [0m| momentum_too_small [1;31mconf=0.0001[0m
mode=OFF radar_adj=0 mom= conf=0
[1;36m21:44:51[0m [1;32mx13[0m [1;36m#519[0m SKIP tension=[1;36m0.57218330[0m [0m| wall_not_collapsed
mode=OFF radar_adj=0 mom= conf=0
[1;36m21:45:01[0m [1;32mx13[0m [1;36m#520[0m SKIP tension=[1;36m0.00068419[0m [0m| momentum_too_small [1;31mconf=0.0011[0m
mode=OFF radar_adj=0 mom= conf=0
[1;36m21:45:10[0m [1;32mx13[0m [1;36m#521[0m SKIP tension=[1;33m0.86568745[0m [0m| wall_not_collapsed
mode=OFF radar_adj=0 mom= conf=0
[1;36m21:45:20[0m [1;32mx13[0m [1;36m#522[0m SKIP tension=[1;36m0.00005027[0m [0m| momentum_too_small [1;31mconf=0.0001[0m
mode=OFF radar_adj=0 mom= conf=0
[1;36m21:45:29[0m [1;32mx13[0m [1;36m#523[0m SKIP tension=[1;36m0.00000000[0m [0m| momentum_too_small [1;31mconf=0.3441[0m
mode=OFF radar_adj=0 mom= conf=0
[1;36m21:45:39[0m [1;32mx13[0m [1;36m#524[0m SKIP tension=[1;31m5.40090976[0m [0m| duo no_trigger
mode=OFF radar_adj=0 mom= conf=0
[1;36m21:45:49[0m [1;32mx13[0m [1;36m#525[0m SKIP tension=[1;36m0.00000253[0m [0m| momentum_too_small [1;31mconf=0.0[0m
mode=OFF radar_adj=0 mom= conf=0
[1;36m21:45:58[0m [1;32mx13[0m [1;36m#526[0m SKIP tension=[1;36m0.00000000[0m [0m| momentum_too_small [1;31mconf=0.3441[0m
mode=OFF radar_adj=0 mom= conf=0
[1;36m21:46:08[0m [1;32mx13[0m [1;36m#527[0m SKIP tension=[1;36m0.00000000[0m [0m| momentum_too_small [1;31mconf=0.3441[0m
mode=OFF radar_adj=0 mom= conf=0
[1;36m21:46:17[0m [1;32mx13[0m [1;36m#528[0m SKIP tension=[1;36m0.00000000[0m [0m| momentum_too_small [1;31mconf=0.3441[0m
mode=OFF radar_adj=0 mom= conf=0
[1;36m21:46:26[0m [1;32mx13[0m [1;36m#529[0m SKIP tension=[1;36m0.00000000[0m [0m| momentum_too_small [1;31mconf=0.3441[0m
mode=OFF radar_adj=0 mom= conf=0
[1;36m21:46:35[0m [1;32mx13[0m [1;36m#530[0m SKIP tension=[1;36m0.00000000[0m [0m| momentum_too_small [1;31mconf=0.3441[0m
mode=OFF radar_adj=0 mom= conf=0
[1;36m21:46:44[0m [1;32mx13[0m [1;36m#531[0m SKIP tension=[1;36m0.00000000[0m [0m| momentum_too_small [1;31mconf=0.3441[0m
mode=OFF radar_adj=0 mom= conf=0
[1;36m21:46:54[0m [1;32mx13[0m [1;36m#532[0m SKIP tension=[1;33m0.86390472[0m [0m| wall_not_collapsed
mode=OFF radar_adj=0 mom= conf=0
[1;36m21:47:04[0m [1;32mx13[0m [1;36m#533[0m SKIP tension=[1;32m1.08603504[0m [0m| duo no_trigger
mode=OFF radar_adj=0 mom= conf=0
[1;36m21:47:14[0m [1;32mx13[0m [1;36m#534[0m SKIP tension=[1;36m0.00000000[0m [0m| momentum_too_small [1;31mconf=0.3441[0m
mode=OFF radar_adj=0 mom= conf=0
[1;36m21:47:23[0m [1;32mx13[0m [1;36m#535[0m SKIP tension=[1;36m0.45170785[0m [0m| wall_not_collapsed
mode=OFF radar_adj=0 mom= conf=0
[1;36m21:47:32[0m [1;32mx13[0m [1;36m#536[0m SKIP tension=[1;36m0.00000807[0m [0m| momentum_too_small [1;31mconf=0.0[0m
mode=OFF radar_adj=0 mom= conf=0
[1;36m21:47:42[0m [1;32mx13[0m [1;36m#537[0m SKIP tension=[1;36m0.00000167[0m [0m| momentum_too_small [1;31mconf=0.0[0m
mode=OFF radar_adj=0 mom= conf=0
[1;36m21:47:52[0m [1;32mx13[0m [1;36m#538[0m SKIP tension=[1;36m0.00004205[0m [0m| momentum_too_small [1;31mconf=0.0001[0m
mode=OFF radar_adj=0 mom= conf=0
[1;36m21:48:03[0m [1;32mx13[0m [1;36m#539[0m SKIP tension=[1;31m9.00006217[0m [0m| duo no_trigger
mode=OFF radar_adj=0 mom= conf=0
[1;36m21:48:13[0m [1;32mx13[0m [1;36m#540[0m SKIP tension=[1;36m0.00000000[0m [0m| momentum_too_small [1;31mconf=0.3483[0m
mode=OFF radar_adj=0 mom= conf=0
[1;36m21:48:24[0m [1;32mx13[0m [1;36m#541[0m SKIP tension=[1;36m0.00004131[0m [0m| momentum_too_small [1;31mconf=0.0001[0m
mode=OFF radar_adj=0 mom= conf=0
[1;36m21:48:34[0m [1;32mx13[0m [1;36m#542[0m SKIP tension=[1;36m0.00000000[0m [0m| momentum_too_small [1;31mconf=0.3483[0m
mode=OFF radar_adj=0 mom= conf=0
[1;36m21:48:44[0m [1;32mx13[0m [1;36m#543[0m SKIP tension=[1;36m0.00267877[0m [0m| momentum_too_small [1;31mconf=0.0044[0m
mode=OFF radar_adj=0 mom= conf=0
[1;36m21:48:54[0m [1;32mx13[0m [1;36m#544[0m SKIP tension=[1;36m0.36267150[0m [0m| wall_not_collapsed
mode=OFF radar_adj=0 mom= conf=0
[1;36m21:49:04[0m [1;32mx13[0m [1;36m#545[0m SKIP tension=[1;36m0.00000000[0m [0m| momentum_too_small [1;31mconf=0.3479[0m
mode=OFF radar_adj=0 mom= conf=0
[1;36m21:49:13[0m [1;32mx13[0m [1;36m#546[0m SKIP tension=[1;36m0.36539043[0m [0m| wall_not_collapsed
mode=OFF radar_adj=0 mom= conf=0
[1;36m21:49:23[0m [1;32mx13[0m [1;36m#547[0m SKIP tension=[1;36m0.00000149[0m [0m| momentum_too_small [1;31mconf=0.0[0m
mode=OFF radar_adj=0 mom= conf=0
[1;36m21:49:33[0m [1;32mx13[0m [1;36m#548[0m SKIP tension=[1;36m0.00000248[0m [0m| momentum_too_small [1;31mconf=0.0[0m
mode=OFF radar_adj=0 mom= conf=0
[1;36m21:49:43[0m [1;32mx13[0m [1;36m#549[0m SKIP tension=[1;36m0.00000978[0m [0m| momentum_too_small [1;31mconf=0.0[0m
mode=OFF radar_adj=0 mom= conf=0
[1;36m21:49:52[0m [1;32mx13[0m [1;36m#550[0m SKIP tension=[1;36m0.18661631[0m [0m| direction_unclear [1;31mconf=0.3092[0m
mode=OFF radar_adj=0 mom= conf=0
[1;36m21:50:03[0m [1;32mx13[0m [1;36m#551[0m SKIP tension=[1;36m0.00000207[0m [0m| momentum_too_small [1;31mconf=0.0[0m
mode=OFF radar_adj=0 mom= conf=0
[1;36m21:50:12[0m [1;32mx13[0m [1;36m#552[0m SKIP tension=[1;36m0.00000000[0m [0m| momentum_too_small [1;31mconf=0.3479[0m
mode=OFF radar_adj=0 mom= conf=0
[1;36m21:50:22[0m [1;32mx13[0m [1;36m#553[0m SKIP tension=[1;36m0.81283142[0m [0m| wall_not_collapsed
mode=OFF radar_adj=0 mom= conf=0
[1;36m21:50:32[0m [1;32mx13[0m [1;36m#554[0m SKIP tension=[1;36m0.09626996[0m [0m| direction_unclear [1;31mconf=0.1597[0m
mode=OFF radar_adj=0 mom= conf=0
[1;36m21:50:42[0m [1;32mx13[0m [1;36m#555[0m SKIP tension=[1;36m0.00165245[0m [0m| momentum_too_small [1;31mconf=0.0027[0m
mode=OFF radar_adj=0 mom= conf=0
[1;36m21:50:52[0m [1;32mx13[0m [1;36m#556[0m SKIP tension=[1;36m0.02113112[0m [0m| direction_unclear [1;31mconf=0.0351[0m
mode=OFF radar_adj=0 mom= conf=0
[1;36m21:51:02[0m [1;32mx13[0m [1;36m#557[0m SKIP tension=[1;36m0.00205443[0m [0m| momentum_too_small [1;31mconf=0.0034[0m
mode=OFF radar_adj=0 mom= conf=0
[1;36m21:51:12[0m [1;32mx13[0m [1;36m#558[0m SKIP tension=[1;36m0.00001253[0m [0m| momentum_too_small [1;31mconf=0.0[0m
mode=OFF radar_adj=0 mom= conf=0
[1;36m21:51:22[0m [1;32mx13[0m [1;36m#559[0m SKIP tension=[1;36m0.31649783[0m [0m| wall_not_collapsed
mode=OFF radar_adj=0 mom= conf=0
[1;36m21:51:31[0m [1;32mx13[0m [1;36m#560[0m SKIP tension=[1;36m0.54728070[0m [0m| wall_not_collapsed
mode=OFF radar_adj=0 mom= conf=0
[1;36m21:51:41[0m [1;32mx13[0m [1;36m#561[0m SKIP tension=[1;36m0.00002360[0m [0m| momentum_too_small [1;31mconf=0.0[0m
mode=OFF radar_adj=0 mom= conf=0
[1;36m21:51:50[0m [1;32mx13[0m [1;36m#562[0m SKIP tension=[1;36m0.00000000[0m [0m| momentum_too_small [1;31mconf=0.3493[0m
mode=OFF radar_adj=0 mom= conf=0
[1;36m21:52:01[0m [1;32mx13[0m [1;36m#563[0m SKIP tension=[1;36m0.00000860[0m [0m| momentum_too_small [1;31mconf=0.0[0m
mode=OFF radar_adj=0 mom= conf=0
[1;36m21:52:11[0m [1;32mx13[0m [1;36m#564[0m SKIP tension=[1;36m0.10706581[0m [0m| direction_unclear [1;31mconf=0.1767[0m
mode=OFF radar_adj=0 mom= conf=0
[1;36m21:52:21[0m [1;32mx13[0m [1;36m#565[0m SKIP tension=[1;33m0.93027939[0m [0m| wall_not_collapsed
mode=OFF radar_adj=0 mom= conf=0
[1;36m21:52:31[0m [1;32mx13[0m [1;36m#566[0m SKIP tension=[1;33m0.93030147[0m [0m| wall_not_collapsed
mode=OFF radar_adj=0 mom= conf=0
[1;36m21:52:41[0m [1;32mx13[0m [1;36m#567[0m SKIP tension=[1;36m0.00005316[0m [0m| momentum_too_small [1;31mconf=0.0001[0m
mode=OFF radar_adj=0 mom= conf=0
[1;36m21:52:51[0m [1;32mx13[0m [1;36m#568[0m SKIP tension=[1;36m0.65976813[0m [0m| wall_not_collapsed
mode=OFF radar_adj=0 mom= conf=0
[1;36m21:53:01[0m [1;32mx13[0m [1;36m#569[0m SKIP tension=[1;36m0.44243880[0m [0m| wall_not_collapsed
mode=OFF radar_adj=0 mom= conf=0
[1;36m21:53:12[0m [1;32mx13[0m [1;36m#570[0m SKIP tension=[1;36m0.00000000[0m [0m| momentum_too_small [1;31mconf=0.3462[0m
mode=OFF radar_adj=0 mom= conf=0
[1;36m21:53:21[0m [1;32mx13[0m [1;36m#571[0m SKIP tension=[1;36m0.00000000[0m [0m| momentum_too_small [1;31mconf=0.3413[0m
mode=OFF radar_adj=0 mom= conf=0
[1;36m21:53:32[0m [1;32mx13[0m [1;36m#572[0m SKIP tension=[1;32m1.06640491[0m [0m| duo no_trigger
mode=OFF radar_adj=0 mom= conf=0
[1;36m21:53:42[0m [1;32mx13[0m [1;36m#573[0m SKIP tension=[1;36m0.00101640[0m [0m| momentum_too_small [1;31mconf=0.0017[0m
mode=OFF radar_adj=0 mom= conf=0
[1;36m21:53:53[0m [1;32mx13[0m [1;36m#574[0m SKIP tension=[1;36m0.00000110[0m [0m| momentum_too_small [1;31mconf=0.0[0m
mode=OFF radar_adj=0 mom= conf=0
[1;36m21:54:03[0m [1;32mx13[0m [1;36m#575[0m SKIP tension=[1;36m0.00000000[0m [0m| momentum_too_small [1;31mconf=0.3413[0m
mode=OFF radar_adj=0 mom= conf=0
[1;36m21:54:13[0m [1;32mx13[0m [1;36m#576[0m SKIP tension=[1;36m0.00001455[0m [0m| momentum_too_small [1;31mconf=0.0[0m
mode=OFF radar_adj=0 mom= conf=0
[1;36m21:54:23[0m [1;32mx13[0m [1;36m#577[0m SKIP tension=[1;36m0.00000309[0m [0m| momentum_too_small [1;31mconf=0.0[0m
mode=OFF radar_adj=0 mom= conf=0
[1;36m21:54:32[0m [1;32mx13[0m [1;36m#578[0m SKIP tension=[1;36m0.00000649[0m [0m| momentum_too_small [1;31mconf=0.0[0m
mode=OFF radar_adj=0 mom= conf=0
[1;36m21:54:42[0m [1;32mx13[0m [1;36m#579[0m SKIP tension=[1;36m0.00000947[0m [0m| momentum_too_small [1;31mconf=0.0[0m
mode=OFF radar_adj=0 mom= conf=0
[1;36m21:54:54[0m [1;32mx13[0m [1;36m#580[0m SKIP tension=[1;36m0.00000000[0m [0m| momentum_too_small [1;31mconf=0.3413[0m
mode=OFF radar_adj=0 mom= conf=0
[1;36m21:55:04[0m [1;32mx13[0m [1;36m#581[0m SKIP tension=[1;32m1.04836127[0m [0m| duo no_trigger
mode=OFF radar_adj=0 mom= conf=0
[1;36m21:55:14[0m [1;32mx13[0m [1;36m#582[0m SKIP tension=[1;36m0.23923202[0m [0m| wall_not_collapsed
mode=OFF radar_adj=0 mom= conf=0
[1;36m21:55:23[0m [1;32mx13[0m [1;36m#583[0m SKIP tension=[1;36m0.00000000[0m [0m| momentum_too_small [1;31mconf=0.3413[0m
mode=OFF radar_adj=0 mom= conf=0
[1;36m21:55:33[0m [1;32mx13[0m [1;36m#584[0m SKIP tension=[1;36m0.00000000[0m [0m| momentum_too_small [1;31mconf=0.3413[0m
mode=OFF radar_adj=0 mom= conf=0
[1;36m21:55:44[0m [1;32mx13[0m [1;36m#585[0m SKIP tension=[1;31m5.38658281[0m [0m| duo no_trigger
mode=OFF radar_adj=0 mom= conf=0
[1;36m21:55:55[0m [1;32mx13[0m [1;36m#586[0m SKIP tension=[1;31m5.40100559[0m [0m| duo no_trigger
mode=OFF radar_adj=0 mom= conf=0
[1;36m21:56:05[0m [1;32mx13[0m [1;36m#587[0m SKIP tension=[1;36m0.13624228[0m [0m| direction_unclear [1;31mconf=0.2214[0m
mode=OFF radar_adj=0 mom= conf=0
[1;36m21:56:15[0m [1;32mx13[0m [1;36m#588[0m SKIP tension=[1;36m0.00102608[0m [0m| momentum_too_small [1;31mconf=0.0017[0m
mode=OFF radar_adj=0 mom= conf=0
[1;36m21:56:25[0m [1;32mx13[0m [1;36m#589[0m SKIP tension=[1;36m0.00005286[0m [0m| momentum_too_small [1;31mconf=0.0001[0m
mode=OFF radar_adj=0 mom= conf=0
[1;36m21:56:36[0m [1;32mx13[0m [1;36m#590[0m SKIP tension=[1;36m0.00000000[0m [0m| momentum_too_small [1;31mconf=0.3469[0m
mode=OFF radar_adj=0 mom= conf=0
[1;36m21:56:45[0m [1;32mx13[0m [1;36m#591[0m SKIP tension=[1;36m0.00011330[0m [0m| momentum_too_small [1;31mconf=0.0002[0m
mode=OFF radar_adj=0 mom= conf=0
[1;36m21:56:56[0m [1;32mx13[0m [1;36m#592[0m SKIP tension=[1;36m0.00235369[0m [0m| momentum_too_small [1;31mconf=0.0039[0m
mode=OFF radar_adj=0 mom= conf=0
[1;36m21:57:08[0m [1;32mx13[0m [1;36m#593[0m SKIP tension=[1;36m0.08812410[0m [0m| direction_unclear [1;31mconf=0.1454[0m
mode=OFF radar_adj=0 mom= conf=0
[1;36m21:57:17[0m [1;32mx13[0m [1;36m#594[0m SKIP tension=[1;36m0.00274476[0m [0m| momentum_too_small [1;31mconf=0.0045[0m
mode=OFF radar_adj=0 mom= conf=0
[1;36m21:57:28[0m [1;32mx13[0m [1;36m#595[0m SKIP tension=[1;36m0.02877464[0m [0m| direction_unclear [1;31mconf=0.0472[0m
mode=OFF radar_adj=0 mom= conf=0
[1;36m21:57:37[0m [1;32mx13[0m [1;36m#596[0m SKIP tension=[1;36m0.00000385[0m [0m| momentum_too_small [1;31mconf=0.0[0m
mode=OFF radar_adj=0 mom= conf=0
[1;36m21:57:47[0m [1;32mx13[0m [1;36m#597[0m SKIP tension=[1;36m0.00000523[0m [0m| momentum_too_small [1;31mconf=0.0[0m
mode=OFF radar_adj=0 mom= conf=0
[1;36m21:57:58[0m [1;32mx13[0m [1;36m#598[0m SKIP tension=[1;36m0.00000000[0m [0m| momentum_too_small [1;31mconf=0.3413[0m
mode=OFF radar_adj=0 mom= conf=0
[1;36m21:58:08[0m [1;32mx13[0m [1;36m#599[0m SKIP tension=[1;36m0.19064274[0m [0m| direction_unclear [1;31mconf=0.3162[0m
mode=OFF radar_adj=0 mom= conf=0
[1;36m21:58:18[0m [1;32mx13[0m [1;36m#600[0m SKIP tension=[1;36m0.00000636[0m [0m| momentum_too_small [1;31mconf=0.0[0m
mode=OFF radar_adj=0 mom= conf=0
[1;36m21:58:27[0m [1;32mx13[0m [1;36m#601[0m SKIP tension=[1;36m0.00000347[0m [0m| momentum_too_small [1;31mconf=0.0[0m
mode=OFF radar_adj=0 mom= conf=0
[1;36m21:58:37[0m [1;32mx13[0m [1;36m#602[0m SKIP tension=[1;36m0.00000000[0m [0m| momentum_too_small [1;31mconf=0.3413[0m
mode=OFF radar_adj=0 mom= conf=0
[1;36m21:58:46[0m [1;32mx13[0m [1;36m#603[0m SKIP tension=[1;36m0.08743610[0m [0m| direction_unclear [1;31mconf=0.1437[0m
mode=OFF radar_adj=0 mom= conf=0
[1;36m21:58:57[0m [1;32mx13[0m [1;36m#604[0m SKIP tension=[1;36m0.00170814[0m [0m| momentum_too_small [1;31mconf=0.0028[0m
mode=OFF radar_adj=0 mom= conf=0
[1;36m21:59:06[0m [1;32mx13[0m [1;36m#605[0m SKIP tension=[1;36m0.00000267[0m [0m| momentum_too_small [1;31mconf=0.0[0m
mode=OFF radar_adj=0 mom= conf=0
[1;36m21:59:17[0m [1;32mx13[0m [1;36m#606[0m SKIP tension=[1;36m0.02919619[0m [0m| direction_unclear [1;31mconf=0.0131[0m
mode=OFF radar_adj=0 mom= conf=0
[1;36m21:59:26[0m [1;32mx13[0m [1;36m#607[0m SKIP tension=[1;36m0.00000000[0m [0m| momentum_too_small [1;31mconf=0.3413[0m
mode=OFF radar_adj=0 mom= conf=0
[1;36m21:59:36[0m [1;32mx13[0m [1;36m#608[0m SKIP tension=[1;36m0.00000000[0m [0m| momentum_too_small [1;31mconf=0.3413[0m
mode=OFF radar_adj=0 mom= conf=0
[1;36m21:59:46[0m [1;32mx13[0m [1;36m#609[0m SKIP tension=[1;36m0.00001728[0m [0m| momentum_too_small [1;31mconf=0.0[0m
mode=OFF radar_adj=0 mom= conf=0
[1;36m21:59:56[0m [1;32mx13[0m [1;36m#610[0m SKIP tension=[1;36m0.00000000[0m [0m| momentum_too_small [1;31mconf=0.3476[0m
mode=OFF radar_adj=0 mom= conf=0
[1;36m22:00:06[0m [1;32mx13[0m [1;36m#611[0m SKIP tension=[1;36m0.00000000[0m [0m| momentum_too_small [1;31mconf=0.3413[0m
mode=OFF radar_adj=0 mom= conf=0
[1;36m22:00:17[0m [1;32mx13[0m [1;36m#612[0m SKIP tension=[1;36m0.00000000[0m [0m| momentum_too_small [1;31mconf=0.3413[0m
mode=OFF radar_adj=0 mom= conf=0
[1;36m22:00:28[0m [1;32mx13[0m [1;36m#613[0m SKIP tension=[1;36m0.14001868[0m [0m| direction_unclear [1;31mconf=0.2322[0m
mode=OFF radar_adj=0 mom= conf=0
[1;36m22:00:38[0m [1;32mx13[0m [1;36m#614[0m SKIP tension=[1;36m0.00003260[0m [0m| momentum_too_small [1;31mconf=0.0001[0m
mode=OFF radar_adj=0 mom= conf=0
[1;36m22:00:48[0m [1;32mx13[0m [1;36m#615[0m SKIP [1;33m| tension_stale age=5625ms>800ms (NUAGE)[0m
mode=OFF radar_adj=0 mom= conf=0
[1;36m22:00:59[0m [1;32mx13[0m [1;36m#616[0m SKIP tension=[1;36m0.00212990[0m [0m| momentum_too_small [1;31mconf=0.0035[0m
mode=OFF radar_adj=0 mom= conf=0
[1;36m22:01:08[0m [1;32mx13[0m [1;36m#617[0m SKIP tension=[1;36m0.34583318[0m [0m| wall_not_collapsed
mode=OFF radar_adj=0 mom= conf=0
[1;36m22:01:19[0m [1;32mx13[0m [1;36m#618[0m SKIP tension=[1;36m0.00000000[0m [0m| momentum_too_small [1;31mconf=0.3486[0m
mode=OFF radar_adj=0 mom= conf=0
[1;36m22:01:29[0m [1;32mx13[0m [1;36m#619[0m SKIP tension=[1;36m0.00004930[0m [0m| momentum_too_small [1;31mconf=0.0001[0m
mode=OFF radar_adj=0 mom= conf=0
[1;36m22:01:39[0m [1;32mx13[0m [1;36m#620[0m SKIP tension=[1;33m0.93363990[0m [0m| wall_not_collapsed
mode=OFF radar_adj=0 mom= conf=0
[1;36m22:01:49[0m [1;32mx13[0m [1;36m#621[0m SKIP tension=[1;36m0.00001930[0m [0m| momentum_too_small [1;31mconf=0.0[0m
mode=OFF radar_adj=0 mom= conf=0
[1;36m22:02:00[0m [1;32mx13[0m [1;36m#622[0m SKIP [1;33m| tension_stale age=1926ms>800ms (NUAGE)[0m
mode=OFF radar_adj=0 mom= conf=0
[1;36m22:02:11[0m [1;32mx13[0m [1;36m#623[0m SKIP tension=[1;36m0.00000000[0m [0m| momentum_too_small [1;31mconf=0.3413[0m
mode=OFF radar_adj=0 mom= conf=0
[1;36m22:02:21[0m [1;32mx13[0m [1;36m#624[0m SKIP tension=[1;36m0.51243030[0m [0m| wall_not_collapsed
mode=OFF radar_adj=0 mom= conf=0
[1;36m22:02:30[0m [1;32mx13[0m [1;36m#625[0m SKIP tension=[1;36m0.00000000[0m [0m| momentum_too_small [1;31mconf=0.3483[0m
mode=OFF radar_adj=0 mom= conf=0
[1;36m22:02:40[0m [1;32mx13[0m [1;36m#626[0m SKIP tension=[1;36m0.20797781[0m [0m| wall_not_collapsed
mode=OFF radar_adj=0 mom= conf=0
[1;36m22:02:49[0m [1;32mx13[0m [1;36m#627[0m SKIP tension=[1;36m0.00000000[0m [0m| momentum_too_small [1;31mconf=0.3483[0m
mode=OFF radar_adj=0 mom= conf=0
[1;36m22:03:00[0m [1;32mx13[0m [1;36m#628[0m SKIP tension=[1;36m0.00002832[0m [0m| momentum_too_small [1;31mconf=0.0[0m
mode=OFF radar_adj=0 mom= conf=0
[1;36m22:03:10[0m [1;32mx13[0m [1;36m#629[0m SKIP [1;33m| tension_stale age=5928ms>800ms (NUAGE)[0m
mode=OFF radar_adj=0 mom= conf=0
[1;36m22:03:20[0m [1;32mx13[0m [1;36m#630[0m SKIP tension=[1;36m0.00000000[0m [0m| momentum_too_small [1;31mconf=0.3413[0m
mode=OFF radar_adj=0 mom= conf=0
[1;36m22:03:30[0m [1;32mx13[0m [1;36m#631[0m SKIP tension=[1;36m0.00000000[0m [0m| momentum_too_small [1;31mconf=0.3444[0m
mode=OFF radar_adj=0 mom= conf=0
[1;36m22:03:40[0m [1;32mx13[0m [1;36m#632[0m SKIP tension=[1;36m0.00000000[0m [0m| momentum_too_small [1;31mconf=0.3483[0m
mode=OFF radar_adj=0 mom= conf=0
[1;36m22:03:50[0m [1;32mx13[0m [1;36m#633[0m SKIP tension=[1;36m0.24134179[0m [0m| wall_not_collapsed
mode=OFF radar_adj=0 mom= conf=0
[1;36m22:04:00[0m [1;32mx13[0m [1;36m#634[0m SKIP tension=[1;33m0.92928636[0m [0m| wall_not_collapsed
mode=OFF radar_adj=0 mom= conf=0
[1;36m22:04:10[0m [1;32mx13[0m [1;36m#635[0m SKIP tension=[1;36m0.00000000[0m [0m| momentum_too_small [1;31mconf=0.3413[0m
mode=OFF radar_adj=0 mom= conf=0
[1;36m22:04:21[0m [1;32mx13[0m [1;36m#636[0m SKIP tension=[1;31m8.47703950[0m [0m| duo no_trigger
mode=OFF radar_adj=0 mom= conf=0
[1;36m22:04:31[0m [1;32mx13[0m [1;36m#637[0m SKIP tension=[1;36m0.00028519[0m [0m| momentum_too_small [1;31mconf=0.0005[0m
mode=OFF radar_adj=0 mom= conf=0
[1;36m22:04:41[0m [1;32mx13[0m [1;36m#638[0m SKIP tension=[1;36m0.73453049[0m [0m| wall_not_collapsed
mode=OFF radar_adj=0 mom= conf=0
[1;36m22:04:51[0m [1;32mx13[0m [1;36m#639[0m SKIP tension=[1;36m0.00097953[0m [0m| momentum_too_small [1;31mconf=0.0016[0m
mode=OFF radar_adj=0 mom= conf=0
[1;36m22:05:02[0m [1;32mx13[0m [1;36m#640[0m SKIP tension=[1;36m0.18062823[0m [0m| direction_unclear [1;31mconf=0.2936[0m
mode=OFF radar_adj=0 mom= conf=0
[1;36m22:05:12[0m [1;32mx13[0m [1;36m#641[0m SKIP tension=[1;36m0.00000000[0m [0m| momentum_too_small [1;31mconf=0.3413[0m
mode=OFF radar_adj=0 mom= conf=0
[1;36m22:05:21[0m [1;32mx13[0m [1;36m#642[0m SKIP tension=[1;36m0.00006434[0m [0m| momentum_too_small [1;31mconf=0.0001[0m
mode=OFF radar_adj=0 mom= conf=0
[1;36m22:05:32[0m [1;32mx13[0m [1;36m#643[0m SKIP tension=[1;36m0.00003920[0m [0m| momentum_too_small [1;31mconf=0.0001[0m
mode=OFF radar_adj=0 mom= conf=0
[1;36m22:05:41[0m [1;32mx13[0m [1;36m#644[0m SKIP tension=[1;36m0.00003598[0m [0m| momentum_too_small [1;31mconf=0.0001[0m
mode=OFF radar_adj=0 mom= conf=0
[1;36m22:05:51[0m [1;32mx13[0m [1;36m#645[0m SKIP tension=[1;36m0.00386000[0m [0m| momentum_too_small [1;31mconf=0.0061[0m
mode=OFF radar_adj=0 mom= conf=0
[1;36m22:06:01[0m [1;32mx13[0m [1;36m#646[0m SKIP tension=[1;36m0.32035226[0m [0m| wall_not_collapsed
mode=OFF radar_adj=0 mom= conf=0
[1;36m22:06:12[0m [1;32mx13[0m [1;36m#647[0m SKIP tension=[1;36m0.02204845[0m [0m| direction_unclear [1;31mconf=0.0126[0m
mode=OFF radar_adj=0 mom= conf=0
[1;36m22:06:23[0m [1;32mx13[0m [1;36m#648[0m SKIP tension=[1;36m0.00003296[0m [0m| momentum_too_small [1;31mconf=0.0001[0m
mode=OFF radar_adj=0 mom= conf=0
[1;36m22:06:32[0m [1;32mx13[0m [1;36m#649[0m SKIP tension=[1;36m0.00000000[0m [0m| momentum_too_small [1;31mconf=0.3486[0m
mode=OFF radar_adj=0 mom= conf=0
[1;36m22:06:42[0m [1;32mx13[0m [1;36m#650[0m SKIP tension=[1;36m0.00001143[0m [0m| momentum_too_small [1;31mconf=0.0[0m
mode=OFF radar_adj=0 mom= conf=0
[1;36m22:06:52[0m [1;32mx13[0m [1;36m#651[0m SKIP tension=[1;36m0.00000000[0m [0m| momentum_too_small [1;31mconf=0.3458[0m
mode=OFF radar_adj=0 mom= conf=0
[1;36m22:07:02[0m [1;32mx13[0m [1;36m#652[0m SKIP tension=[1;36m0.00000000[0m [0m| momentum_too_small [1;31mconf=0.3434[0m
mode=OFF radar_adj=0 mom= conf=0
[1;36m22:07:12[0m [1;32mx13[0m [1;36m#653[0m SKIP tension=[1;36m0.00003204[0m [0m| momentum_too_small [1;31mconf=0.0001[0m
mode=OFF radar_adj=0 mom= conf=0
[1;36m22:07:22[0m [1;32mx13[0m [1;36m#654[0m SKIP tension=[1;36m0.00004662[0m [0m| momentum_too_small [1;31mconf=0.0001[0m
mode=OFF radar_adj=0 mom= conf=0
[1;36m22:07:33[0m [1;32mx13[0m [1;36m#655[0m SKIP tension=[1;36m0.52900868[0m [0m| wall_not_collapsed
mode=OFF radar_adj=0 mom= conf=0
[1;36m22:07:42[0m [1;32mx13[0m [1;36m#656[0m SKIP tension=[1;36m0.47272588[0m [0m| wall_not_collapsed
mode=OFF radar_adj=0 mom= conf=0
[1;36m22:07:53[0m [1;32mx13[0m [1;36m#657[0m SKIP tension=[1;36m0.00151188[0m [0m| momentum_too_small [1;31mconf=0.0025[0m
mode=OFF radar_adj=0 mom= conf=0
[1;36m22:08:04[0m [1;32mx13[0m [1;36m#658[0m SKIP tension=[1;32m1.79498186[0m [0m| duo no_trigger
mode=OFF radar_adj=0 mom= conf=0
[1;36m22:08:14[0m [1;32mx13[0m [1;36m#659[0m SKIP tension=[1;36m0.56881827[0m [0m| wall_not_collapsed
mode=OFF radar_adj=0 mom= conf=0
[1;36m22:08:25[0m [1;32mx13[0m [1;36m#660[0m SKIP tension=[1;36m0.08814875[0m [0m| direction_unclear [1;31mconf=0.0133[0m
mode=OFF radar_adj=0 mom= conf=0
[1;36m22:08:34[0m [1;32mx13[0m [1;36m#661[0m SKIP tension=[1;36m0.00001297[0m [0m| momentum_too_small [1;31mconf=0.0[0m
mode=OFF radar_adj=0 mom= conf=0
[1;36m22:08:44[0m [1;32mx13[0m [1;36m#662[0m SKIP tension=[1;36m0.00000000[0m [0m| momentum_too_small [1;31mconf=0.3497[0m
mode=OFF radar_adj=0 mom= conf=0
[1;36m22:08:55[0m [1;32mx13[0m [1;36m#663[0m SKIP tension=[1;36m0.00000000[0m [0m| momentum_too_small [1;31mconf=0.3497[0m
mode=OFF radar_adj=0 mom= conf=0
[1;36m22:09:05[0m [1;32mx13[0m [1;36m#664[0m SKIP tension=[1;36m0.00000000[0m [0m| momentum_too_small [1;31mconf=0.3371[0m
mode=OFF radar_adj=0 mom= conf=0
[1;36m22:09:14[0m [1;32mx13[0m [1;36m#665[0m SKIP tension=[1;33m0.94264306[0m [0m| wall_not_collapsed
mode=OFF radar_adj=0 mom= conf=0
[1;36m22:09:23[0m [1;32mx13[0m [1;36m#666[0m SKIP tension=[1;36m0.51865833[0m [0m| wall_not_collapsed
mode=OFF radar_adj=0 mom= conf=0
[1;36m22:09:33[0m [1;32mx13[0m [1;36m#667[0m SKIP tension=[1;36m0.00000000[0m [0m| momentum_too_small [1;31mconf=0.3444[0m
mode=OFF radar_adj=0 mom= conf=0
[1;36mCycle 668[0m [1;31mENTRY 25% error[0m [1;31m| code=-2019 msg=Margin is insufficient.[0m
mode=OFF radar_adj=0 mom= conf=0
[1;36m22:09:56[0m [1;32mx13[0m [1;36m#669[0m SKIP tension=[1;36m0.19278512[0m [0m| direction_unclear [1;31mconf=0.0123[0m
mode=OFF radar_adj=0 mom= conf=0
[1;36m22:10:06[0m [1;32mx13[0m [1;36m#670[0m SKIP tension=[1;36m0.41958294[0m [0m| wall_not_collapsed
mode=OFF radar_adj=0 mom= conf=0
[1;36m22:10:15[0m [1;32mx13[0m [1;36m#671[0m SKIP tension=[1;36m0.00002286[0m [0m| momentum_too_small [1;31mconf=0.0[0m
mode=OFF radar_adj=0 mom= conf=0
[1;36m22:10:25[0m [1;32mx13[0m [1;36m#672[0m SKIP tension=[1;36m0.00003589[0m [0m| momentum_too_small [1;31mconf=0.0001[0m
mode=OFF radar_adj=0 mom= conf=0
[1;36m22:10:34[0m [1;32mx13[0m [1;36m#673[0m SKIP tension=[1;36m0.32936807[0m [0m| wall_not_collapsed
mode=OFF radar_adj=0 mom= conf=0
[1;36m22:10:44[0m [1;32mx13[0m [1;36m#674[0m SKIP tension=[1;33m0.99211120[0m [0m| wall_not_collapsed
mode=OFF radar_adj=0 mom= conf=0
[1;36m22:10:55[0m [1;32mx13[0m [1;36m#675[0m SKIP tension=[1;36m0.74656754[0m [0m| wall_not_collapsed
mode=OFF radar_adj=0 mom= conf=0
[1;36m22:11:06[0m [1;32mx13[0m [1;36m#676[0m SKIP tension=[1;32m1.52816059[0m [0m| duo no_trigger
mode=OFF radar_adj=0 mom= conf=0
[1;36m22:11:17[0m [1;32mx13[0m [1;36m#677[0m SKIP [1;33m| tension_stale age=3971ms>800ms (NUAGE)[0m
mode=OFF radar_adj=0 mom= conf=0
[1;36m22:11:26[0m [1;32mx13[0m [1;36m#678[0m SKIP tension=[1;36m0.00000000[0m [0m| momentum_too_small [1;31mconf=0.3211[0m
mode=OFF radar_adj=0 mom= conf=0
[1;36m22:11:36[0m [1;32mx13[0m [1;36m#679[0m SKIP tension=[1;36m0.26768495[0m [0m| wall_not_collapsed
mode=OFF radar_adj=0 mom= conf=0
[1;36m22:11:45[0m [1;32mx13[0m [1;36m#680[0m SKIP tension=[1;36m0.72639117[0m [0m| wall_not_collapsed
mode=OFF radar_adj=0 mom= conf=0
[1;36m22:11:56[0m [1;32mx13[0m [1;36m#681[0m SKIP tension=[1;36m0.00000000[0m [0m| momentum_too_small [1;31mconf=0.2929[0m
mode=OFF radar_adj=0 mom= conf=0
[1;36m22:12:06[0m [1;32mx13[0m [1;36m#682[0m SKIP tension=[1;36m0.00000000[0m [0m| momentum_too_small [1;31mconf=0.3201[0m
mode=OFF radar_adj=0 mom= conf=0
[1;36m22:12:16[0m [1;32mx13[0m [1;36m#683[0m SKIP tension=[1;36m0.00000000[0m [0m| momentum_too_small [1;31mconf=0.3434[0m
mode=OFF radar_adj=0 mom= conf=0
[1;36m22:12:26[0m [1;32mx13[0m [1;36m#684[0m SKIP tension=[1;36m0.00000000[0m [0m| momentum_too_small [1;31mconf=0.3493[0m
mode=OFF radar_adj=0 mom= conf=0
[1;36m22:12:38[0m [1;32mx13[0m [1;36m#685[0m SKIP tension=[1;36m0.00022018[0m [0m| momentum_too_small [1;31mconf=0.0003[0m
mode=OFF radar_adj=0 mom= conf=0
[1;36m22:12:47[0m [1;32mx13[0m [1;36m#686[0m SKIP tension=[1;36m0.07466341[0m [0m| direction_unclear [1;31mconf=0.1139[0m
mode=OFF radar_adj=0 mom= conf=0
[1;36m22:12:59[0m [1;32mx13[0m [1;36m#687[0m SKIP tension=[1;36m0.00000000[0m [0m| momentum_too_small [1;31mconf=0.3201[0m
mode=OFF radar_adj=0 mom= conf=0
[1;36m22:13:09[0m [1;32mx13[0m [1;36m#688[0m SKIP tension=[1;36m0.00297942[0m [0m| momentum_too_small [1;31mconf=0.0045[0m
mode=OFF radar_adj=0 mom= conf=0
[1;36m22:13:20[0m [1;32mx13[0m [1;36m#689[0m SKIP tension=[1;36m0.00055608[0m [0m| momentum_too_small [1;31mconf=0.0008[0m
mode=OFF radar_adj=0 mom= conf=0
[1;36m22:13:29[0m [1;32mx13[0m [1;36m#690[0m SKIP tension=[1;36m0.00014351[0m [0m| momentum_too_small [1;31mconf=0.0002[0m
mode=OFF radar_adj=0 mom= conf=0
[1;36m22:13:39[0m [1;32mx13[0m [1;36m#691[0m SKIP tension=[1;36m0.47675869[0m [0m| wall_not_collapsed
mode=OFF radar_adj=0 mom= conf=0
[1;36m22:13:49[0m [1;32mx13[0m [1;36m#692[0m SKIP tension=[1;36m0.00000000[0m [0m| momentum_too_small [1;31mconf=0.3333[0m
mode=OFF radar_adj=0 mom= conf=0
[1;36m22:13:59[0m [1;32mx13[0m [1;36m#693[0m SKIP tension=[1;36m0.00000000[0m [0m| momentum_too_small [1;31mconf=0.3448[0m
mode=OFF radar_adj=0 mom= conf=0
[1;36m22:14:10[0m [1;32mx13[0m [1;36m#694[0m SKIP tension=[1;36m0.02449793[0m [0m| direction_unclear [1;31mconf=0.0379[0m
mode=OFF radar_adj=0 mom= conf=0
[1;36m22:14:19[0m [1;32mx13[0m [1;36m#695[0m SKIP tension=[1;36m0.00014387[0m [0m| momentum_too_small [1;31mconf=0.0002[0m
mode=OFF radar_adj=0 mom= conf=0
[1;36m22:14:31[0m [1;32mx13[0m [1;36m#696[0m SKIP tension=[1;36m0.00000896[0m [0m| momentum_too_small [1;31mconf=0.0[0m
mode=OFF radar_adj=0 mom= conf=0
[1;36m22:14:40[0m [1;32mx13[0m [1;36m#697[0m SKIP tension=[1;36m0.50555064[0m [0m| wall_not_collapsed
mode=OFF radar_adj=0 mom= conf=0
[1;36m22:14:50[0m [1;32mx13[0m [1;36m#698[0m SKIP tension=[1;36m0.00003134[0m [0m| momentum_too_small [1;31mconf=0.0[0m
mode=OFF radar_adj=0 mom= conf=0
[1;36m22:15:01[0m [1;32mx13[0m [1;36m#699[0m SKIP tension=[1;36m0.00546586[0m [0m| momentum_too_small [1;31mconf=0.0085[0m
mode=OFF radar_adj=0 mom= conf=0
[1;36m22:15:11[0m [1;32mx13[0m [1;36m#700[0m SKIP tension=[1;36m0.00000000[0m [0m| momentum_too_small [1;31mconf=0.3249[0m
mode=OFF radar_adj=0 mom= conf=0
[1;36m22:15:21[0m [1;32mx13[0m [1;36m#701[0m SKIP tension=[1;36m0.00002670[0m [0m| momentum_too_small [1;31mconf=0.0[0m
mode=OFF radar_adj=0 mom= conf=0
[1;36m22:15:30[0m [1;32mx13[0m [1;36m#702[0m SKIP tension=[1;36m0.00000990[0m [0m| momentum_too_small [1;31mconf=0.0[0m
mode=OFF radar_adj=0 mom= conf=0
[1;36m22:15:41[0m [1;32mx13[0m [1;36m#703[0m SKIP tension=[1;32m1.02180419[0m [0m| duo no_trigger
mode=OFF radar_adj=0 mom= conf=0
[1;36m22:15:50[0m [1;32mx13[0m [1;36m#704[0m SKIP tension=[1;36m0.00003154[0m [0m| momentum_too_small [1;31mconf=0.0[0m
mode=OFF radar_adj=0 mom= conf=0
[1;36m22:16:00[0m [1;32mx13[0m [1;36m#705[0m SKIP tension=[1;36m0.00000000[0m [0m| momentum_too_small [1;31mconf=0.3249[0m
mode=OFF radar_adj=0 mom= conf=0
[1;36m22:16:10[0m [1;32mx13[0m [1;36m#706[0m SKIP tension=[1;36m0.00210738[0m [0m| momentum_too_small [1;31mconf=0.0033[0m
mode=OFF radar_adj=0 mom= conf=0
[1;36m22:16:20[0m [1;32mx13[0m [1;36m#707[0m SKIP tension=[1;36m0.00004567[0m [0m| momentum_too_small [1;31mconf=0.0001[0m
mode=OFF radar_adj=0 mom= conf=0
[1;36m22:16:30[0m [1;32mx13[0m [1;36m#708[0m SKIP tension=[1;36m0.56615614[0m [0m| wall_not_collapsed
mode=OFF radar_adj=0 mom= conf=0
[1;36m22:16:40[0m [1;32mx13[0m [1;36m#709[0m SKIP tension=[1;36m0.00000000[0m [0m| momentum_too_small [1;31mconf=0.3249[0m
mode=OFF radar_adj=0 mom= conf=0
[1;36m22:16:49[0m [1;32mx13[0m [1;36m#710[0m SKIP tension=[1;36m0.00000483[0m [0m| momentum_too_small [1;31mconf=0.0[0m
mode=OFF radar_adj=0 mom= conf=0
[1;36m22:17:00[0m [1;32mx13[0m [1;36m#711[0m SKIP tension=[1;36m0.00000000[0m [0m| momentum_too_small [1;31mconf=0.3448[0m
mode=OFF radar_adj=0 mom= conf=0
[1;36m22:17:09[0m [1;32mx13[0m [1;36m#712[0m SKIP tension=[1;36m0.22642708[0m [0m| wall_not_collapsed
mode=OFF radar_adj=0 mom= conf=0
[1;36m22:17:20[0m [1;32mx13[0m [1;36m#713[0m SKIP tension=[1;36m0.00000000[0m [0m| momentum_too_small [1;31mconf=0.3448[0m
mode=OFF radar_adj=0 mom= conf=0
[1;36m22:17:29[0m [1;32mx13[0m [1;36m#714[0m SKIP tension=[1;36m0.05715351[0m [0m| direction_unclear [1;31mconf=0.0952[0m
mode=OFF radar_adj=0 mom= conf=0
[1;36m22:17:39[0m [1;32mx13[0m [1;36m#715[0m SKIP tension=[1;36m0.00628178[0m [0m| momentum_too_small [1;31mconf=0.0105[0m
mode=OFF radar_adj=0 mom= conf=0
[1;36m22:17:49[0m [1;32mx13[0m [1;36m#716[0m SKIP tension=[1;36m0.00011832[0m [0m| momentum_too_small [1;31mconf=0.0002[0m
mode=OFF radar_adj=0 mom= conf=0
[1;36m22:18:00[0m [1;32mx13[0m [1;36m#717[0m SKIP tension=[1;36m0.00000000[0m [0m| momentum_too_small [1;31mconf=0.3497[0m
mode=OFF radar_adj=0 mom= conf=0
[1;36m22:18:09[0m [1;32mx13[0m [1;36m#718[0m SKIP tension=[1;36m0.00649302[0m [0m| momentum_too_small [1;31mconf=0.0108[0m
mode=OFF radar_adj=0 mom= conf=0
[1;36m22:18:19[0m [1;32mx13[0m [1;36m#719[0m SKIP tension=[1;36m0.00008870[0m [0m| momentum_too_small [1;31mconf=0.0001[0m
mode=OFF radar_adj=0 mom= conf=0
[1;36m22:18:28[0m [1;32mx13[0m [1;36m#720[0m SKIP tension=[1;36m0.00000000[0m [0m| momentum_too_small [1;31mconf=0.3493[0m
mode=OFF radar_adj=0 mom= conf=0
[1;36m22:18:38[0m [1;32mx13[0m [1;36m#721[0m SKIP tension=[1;36m0.00001394[0m [0m| momentum_too_small [1;31mconf=0.0[0m
mode=OFF radar_adj=0 mom= conf=0
[1;36m22:18:48[0m [1;32mx13[0m [1;36m#722[0m SKIP tension=[1;36m0.01233042[0m [0m| direction_unclear [1;31mconf=0.0205[0m
mode=OFF radar_adj=0 mom= conf=0
[1;36m22:19:00[0m [1;32mx13[0m [1;36m#723[0m SKIP tension=[1;31m2.57577053[0m [0m| duo no_trigger
mode=OFF radar_adj=0 mom= conf=0
[1;36m22:19:11[0m [1;32mx13[0m [1;36m#724[0m SKIP tension=[1;36m0.00288605[0m [0m| momentum_too_small [1;31mconf=0.0048[0m
mode=OFF radar_adj=0 mom= conf=0
[1;36m22:19:21[0m [1;32mx13[0m [1;36m#725[0m SKIP tension=[1;36m0.00001108[0m [0m| momentum_too_small [1;31mconf=0.0[0m
mode=OFF radar_adj=0 mom= conf=0
[1;36m22:19:31[0m [1;32mx13[0m [1;36m#726[0m SKIP tension=[1;36m0.00000000[0m [0m| momentum_too_small [1;31mconf=0.3493[0m
mode=OFF radar_adj=0 mom= conf=0
[1;36m22:19:41[0m [1;32mx13[0m [1;36m#727[0m SKIP tension=[1;36m0.00000000[0m [0m| momentum_too_small [1;31mconf=0.3493[0m
mode=OFF radar_adj=0 mom= conf=0
[1;36m22:19:50[0m [1;32mx13[0m [1;36m#728[0m SKIP tension=[1;36m0.00000000[0m [0m| momentum_too_small [1;31mconf=0.3493[0m
mode=OFF radar_adj=0 mom= conf=0
[1;36m22:20:01[0m [1;32mx13[0m [1;36m#729[0m SKIP tension=[1;36m0.16744140[0m [0m| direction_unclear [1;31mconf=0.2785[0m
mode=OFF radar_adj=0 mom= conf=0
[1;36m22:20:11[0m [1;32mx13[0m [1;36m#730[0m SKIP tension=[1;36m0.31114864[0m [0m| wall_not_collapsed
mode=OFF radar_adj=0 mom= conf=0
[1;36m22:20:20[0m [1;32mx13[0m [1;36m#731[0m SKIP tension=[1;36m0.00005094[0m [0m| momentum_too_small [1;31mconf=0.0001[0m
mode=OFF radar_adj=0 mom= conf=0
[1;36m22:20:30[0m [1;32mx13[0m [1;36m#732[0m SKIP tension=[1;36m0.00000934[0m [0m| momentum_too_small [1;31mconf=0.0[0m
mode=OFF radar_adj=0 mom= conf=0
[1;36m22:20:40[0m [1;32mx13[0m [1;36m#733[0m SKIP tension=[1;36m0.00000533[0m [0m| momentum_too_small [1;31mconf=0.0[0m
mode=OFF radar_adj=0 mom= conf=0
[1;36m22:20:50[0m [1;32mx13[0m [1;36m#734[0m SKIP tension=[1;36m0.00000000[0m [0m| momentum_too_small [1;31mconf=0.3497[0m
mode=OFF radar_adj=0 mom= conf=0
[1;36m22:21:00[0m [1;32mx13[0m [1;36m#735[0m SKIP tension=[1;36m0.00313428[0m [0m| momentum_too_small [1;31mconf=0.0052[0m
mode=OFF radar_adj=0 mom= conf=0
[1;36m22:21:10[0m [1;32mx13[0m [1;36m#736[0m SKIP tension=[1;36m0.00000000[0m [0m| momentum_too_small [1;31mconf=0.3396[0m
mode=OFF radar_adj=0 mom= conf=0
[1;36m22:21:21[0m [1;32mx13[0m [1;36m#737[0m SKIP tension=[1;32m1.44687025[0m [0m| duo no_trigger
mode=OFF radar_adj=0 mom= conf=0
[1;36m22:21:30[0m [1;32mx13[0m [1;36m#738[0m SKIP tension=[1;36m0.00049082[0m [0m| momentum_too_small [1;31mconf=0.0008[0m
mode=OFF radar_adj=0 mom= conf=0
[1;36m22:21:40[0m [1;32mx13[0m [1;36m#739[0m SKIP tension=[1;36m0.00000000[0m [0m| momentum_too_small [1;31mconf=0.3493[0m
mode=OFF radar_adj=0 mom= conf=0
[1;36m22:21:50[0m [1;32mx13[0m [1;36m#740[0m SKIP tension=[1;36m0.00000000[0m [0m| momentum_too_small [1;31mconf=0.3493[0m
mode=OFF radar_adj=0 mom= conf=0
[1;36m22:22:00[0m [1;32mx13[0m [1;36m#741[0m SKIP tension=[1;36m0.00000000[0m [0m| momentum_too_small [1;31mconf=0.3493[0m
mode=OFF radar_adj=0 mom= conf=0
[1;36m22:22:11[0m [1;32mx13[0m [1;36m#742[0m SKIP tension=[1;36m0.00001256[0m [0m| momentum_too_small [1;31mconf=0.0[0m
mode=OFF radar_adj=0 mom= conf=0
[1;36m22:22:21[0m [1;32mx13[0m [1;36m#743[0m SKIP tension=[1;36m0.00878320[0m [0m| direction_unclear [1;31mconf=0.0144[0m
mode=OFF radar_adj=0 mom= conf=0
[1;36m22:22:31[0m [1;32mx13[0m [1;36m#744[0m SKIP tension=[1;36m0.00057358[0m [0m| momentum_too_small [1;31mconf=0.0009[0m
mode=OFF radar_adj=0 mom= conf=0
[1;36m22:22:41[0m [1;32mx13[0m [1;36m#745[0m SKIP tension=[1;36m0.00005368[0m [0m| momentum_too_small [1;31mconf=0.0001[0m
mode=OFF radar_adj=0 mom= conf=0
[1;36m22:22:51[0m [1;32mx13[0m [1;36m#746[0m SKIP tension=[1;36m0.00096755[0m [0m| momentum_too_small [1;31mconf=0.0016[0m
mode=OFF radar_adj=0 mom= conf=0
[1;36m22:23:02[0m [1;32mx13[0m [1;36m#747[0m SKIP tension=[1;36m0.12010147[0m [0m| direction_unclear [1;31mconf=0.199[0m
mode=OFF radar_adj=0 mom= conf=0
[1;36m22:23:12[0m [1;32mx13[0m [1;36m#748[0m SKIP [1;33m| tension_stale age=7549ms>800ms (NUAGE)[0m
mode=OFF radar_adj=0 mom= conf=0
[1;36m22:23:22[0m [1;32mx13[0m [1;36m#749[0m SKIP tension=[1;36m0.00000000[0m [0m| momentum_too_small [1;31mconf=0.3315[0m
mode=OFF radar_adj=0 mom= conf=0
[1;36m22:23:31[0m [1;32mx13[0m [1;36m#750[0m SKIP tension=[1;36m0.00920807[0m [0m| direction_unclear [1;31mconf=0.0149[0m
mode=OFF radar_adj=0 mom= conf=0
[1;36m22:23:41[0m [1;32mx13[0m [1;36m#751[0m SKIP tension=[1;36m0.00000000[0m [0m| momentum_too_small [1;31mconf=0.3409[0m
mode=OFF radar_adj=0 mom= conf=0
[1;36m22:23:51[0m [1;32mx13[0m [1;36m#752[0m SKIP tension=[1;36m0.00050817[0m [0m| momentum_too_small [1;31mconf=0.0008[0m
mode=OFF radar_adj=0 mom= conf=0
[1;36m22:24:02[0m [1;32mx13[0m [1;36m#753[0m SKIP tension=[1;36m0.00002282[0m [0m| momentum_too_small [1;31mconf=0.0[0m
mode=OFF radar_adj=0 mom= conf=0
[1;36m22:24:12[0m [1;32mx13[0m [1;36m#754[0m SKIP tension=[1;36m0.00000000[0m [0m| momentum_too_small [1;31mconf=0.3479[0m
mode=OFF radar_adj=0 mom= conf=0
[1;36m22:24:21[0m [1;32mx13[0m [1;36m#755[0m SKIP tension=[1;36m0.00000000[0m [0m| momentum_too_small [1;31mconf=0.3479[0m
mode=OFF radar_adj=0 mom= conf=0
[1;36m22:24:31[0m [1;32mx13[0m [1;36m#756[0m SKIP tension=[1;36m0.00000000[0m [0m| momentum_too_small [1;31mconf=0.3479[0m
mode=OFF radar_adj=0 mom= conf=0
[1;36m22:24:41[0m [1;32mx13[0m [1;36m#757[0m SKIP tension=[1;36m0.00000000[0m [0m| momentum_too_small [1;31mconf=0.3479[0m
mode=OFF radar_adj=0 mom= conf=0
[1;36m22:24:51[0m [1;32mx13[0m [1;36m#758[0m SKIP tension=[1;36m0.00009848[0m [0m| momentum_too_small [1;31mconf=0.0002[0m
mode=OFF radar_adj=0 mom= conf=0
[1;36m22:25:01[0m [1;32mx13[0m [1;36m#759[0m SKIP tension=[1;36m0.00000000[0m [0m| momentum_too_small [1;31mconf=0.3479[0m
mode=OFF radar_adj=0 mom= conf=0
[1;36m22:25:11[0m [1;32mx13[0m [1;36m#760[0m SKIP tension=[1;36m0.00000449[0m [0m| momentum_too_small [1;31mconf=0.0[0m
mode=OFF radar_adj=0 mom= conf=0
[1;36m22:25:22[0m [1;32mx13[0m [1;36m#761[0m SKIP tension=[1;36m0.00931264[0m [0m| direction_unclear [1;31mconf=0.0154[0m
mode=OFF radar_adj=0 mom= conf=0
[1;36m22:25:31[0m [1;32mx13[0m [1;36m#762[0m SKIP tension=[1;36m0.00000000[0m [0m| momentum_too_small [1;31mconf=0.3479[0m
mode=OFF radar_adj=0 mom= conf=0
[1;36m22:25:42[0m [1;32mx13[0m [1;36m#763[0m SKIP tension=[1;36m0.00000000[0m [0m| momentum_too_small [1;31mconf=0.3479[0m
mode=OFF radar_adj=0 mom= conf=0
[1;36m22:25:51[0m [1;32mx13[0m [1;36m#764[0m SKIP tension=[1;36m0.00000368[0m [0m| momentum_too_small [1;31mconf=0.0[0m
mode=OFF radar_adj=0 mom= conf=0
[1;36m22:26:02[0m [1;32mx13[0m [1;36m#765[0m SKIP tension=[1;36m0.00005184[0m [0m| momentum_too_small [1;31mconf=0.0001[0m
mode=OFF radar_adj=0 mom= conf=0
[1;36m22:26:12[0m [1;32mx13[0m [1;36m#766[0m SKIP tension=[1;36m0.00000000[0m [0m| momentum_too_small [1;31mconf=0.3476[0m
mode=OFF radar_adj=0 mom= conf=0
[1;36m22:26:22[0m [1;32mx13[0m [1;36m#767[0m SKIP tension=[1;36m0.00000000[0m [0m| momentum_too_small [1;31mconf=0.326[0m
mode=OFF radar_adj=0 mom= conf=0
[1;36m22:26:32[0m [1;32mx13[0m [1;36m#768[0m SKIP tension=[1;31m6.36617593[0m [0m| duo no_trigger
mode=OFF radar_adj=0 mom= conf=0
[1;36m22:26:42[0m [1;32mx13[0m [1;36m#769[0m SKIP tension=[1;36m0.00000000[0m [0m| momentum_too_small [1;31mconf=0.349[0m
mode=OFF radar_adj=0 mom= conf=0
[1;36m22:26:53[0m [1;32mx13[0m [1;36m#770[0m SKIP tension=[1;31m9.09048268[0m [0m| duo no_trigger
mode=OFF radar_adj=0 mom= conf=0
[1;36m22:27:03[0m [1;32mx13[0m [1;36m#771[0m SKIP tension=[1;36m0.00000937[0m [0m| momentum_too_small [1;31mconf=0.0[0m
mode=OFF radar_adj=0 mom= conf=0
[1;36m22:27:13[0m [1;32mx13[0m [1;36m#772[0m SKIP tension=[1;31m7.43705010[0m [0m| tactic long vs short
mode=OFF radar_adj=0 mom= conf=0
[1;36m22:27:23[0m [1;32mx13[0m [1;36m#773[0m SKIP tension=[1;36m0.00473556[0m [0m| momentum_too_small [1;31mconf=0.0074[0m
mode=OFF radar_adj=0 mom= conf=0
[1;36m22:27:33[0m [1;32mx13[0m [1;36m#774[0m SKIP tension=[1;36m0.00000176[0m [0m| momentum_too_small [1;31mconf=0.0[0m
mode=OFF radar_adj=0 mom= conf=0
[1;36m22:27:43[0m [1;32mx13[0m [1;36m#775[0m SKIP tension=[1;31m4.25966744[0m [0m| duo no_trigger
mode=OFF radar_adj=0 mom= conf=0
[1;36m22:27:54[0m [1;32mx13[0m [1;36m#776[0m SKIP tension=[1;36m0.11886767[0m [0m| direction_unclear [1;31mconf=0.1825[0m
mode=OFF radar_adj=0 mom= conf=0
[1;36m22:28:04[0m [1;32mx13[0m [1;36m#777[0m SKIP tension=[1;36m0.00000000[0m [0m| momentum_too_small [1;31mconf=0.3089[0m
mode=OFF radar_adj=0 mom= conf=0
[1;36m22:28:15[0m [1;32mx13[0m [1;36m#778[0m SKIP [1;33m| tension_stale age=4735ms>800ms (NUAGE)[0m
mode=OFF radar_adj=0 mom= conf=0
[1;36m22:28:24[0m [1;32mx13[0m [1;36m#779[0m SKIP tension=[1;36m0.00000000[0m [0m| momentum_too_small [1;31mconf=0.3086[0m
mode=OFF radar_adj=0 mom= conf=0
[1;36m22:28:35[0m [1;32mx13[0m [1;36m#780[0m SKIP [1;33m| tension_stale age=6202ms>800ms (NUAGE)[0m
mode=OFF radar_adj=0 mom= conf=0
[1;36m22:28:45[0m [1;32mx13[0m [1;36m#781[0m SKIP [1;33m| tension_stale age=5854ms>800ms (NUAGE)[0m
mode=OFF radar_adj=0 mom= conf=0
[1;36m22:28:55[0m [1;32mx13[0m [1;36m#782[0m SKIP tension=[1;36m0.00000000[0m [0m| momentum_too_small [1;31mconf=0.3134[0m
mode=OFF radar_adj=0 mom= conf=0
[1;36m22:29:05[0m [1;32mx13[0m [1;36m#783[0m SKIP tension=[1;36m0.00000000[0m [0m| momentum_too_small [1;31mconf=0.3284[0m
mode=OFF radar_adj=0 mom= conf=0
[1;36m22:29:15[0m [1;32mx13[0m [1;36m#784[0m SKIP tension=[1;36m0.00015241[0m [0m| momentum_too_small [1;31mconf=0.0002[0m
mode=OFF radar_adj=0 mom= conf=0
[1;36m22:29:25[0m [1;32mx13[0m [1;36m#785[0m SKIP tension=[1;36m0.29782895[0m [0m| wall_not_collapsed
mode=OFF radar_adj=0 mom= conf=0
[1;36m22:29:34[0m [1;32mx13[0m [1;36m#786[0m SKIP tension=[1;36m0.00000000[0m [0m| momentum_too_small [1;31mconf=0.3378[0m
mode=OFF radar_adj=0 mom= conf=0
[1;36m22:29:44[0m [1;32mx13[0m [1;36m#787[0m SKIP tension=[1;33m0.85126295[0m [0m| wall_not_collapsed
mode=OFF radar_adj=0 mom= conf=0
[1;36m22:29:54[0m [1;32mx13[0m [1;36m#788[0m SKIP tension=[1;36m0.00000000[0m [0m| momentum_too_small [1;31mconf=0.3378[0m
mode=OFF radar_adj=0 mom= conf=0
[1;36m22:30:04[0m [1;32mx13[0m [1;36m#789[0m SKIP tension=[1;36m0.54811743[0m [0m| wall_not_collapsed
mode=OFF radar_adj=0 mom= conf=0
[1;36m22:30:13[0m [1;32mx13[0m [1;36m#790[0m SKIP tension=[1;36m0.46007841[0m [0m| wall_not_collapsed
mode=OFF radar_adj=0 mom= conf=0
[1;36m22:30:23[0m [1;32mx13[0m [1;36m#791[0m SKIP tension=[1;36m0.32990611[0m [0m| wall_not_collapsed
mode=OFF radar_adj=0 mom= conf=0
[1;36m22:30:33[0m [1;32mx13[0m [1;36m#792[0m SKIP tension=[1;36m0.00002089[0m [0m| momentum_too_small [1;31mconf=0.0[0m
mode=OFF radar_adj=0 mom= conf=0
[1;36m22:30:42[0m [1;32mx13[0m [1;36m#793[0m SKIP tension=[1;36m0.00000000[0m [0m| momentum_too_small [1;31mconf=0.2957[0m
mode=OFF radar_adj=0 mom= conf=0
[1;36m22:30:51[0m [1;32mx13[0m [1;36m#794[0m SKIP tension=[1;36m0.33748560[0m [0m| wall_not_collapsed
mode=OFF radar_adj=0 mom= conf=0
[1;36m22:31:02[0m [1;32mx13[0m [1;36m#795[0m SKIP tension=[1;36m0.00000000[0m [0m| momentum_too_small [1;31mconf=0.2957[0m
mode=OFF radar_adj=0 mom= conf=0
[1;36m22:31:12[0m [1;32mx13[0m [1;36m#796[0m SKIP tension=[1;36m0.00000554[0m [0m| momentum_too_small [1;31mconf=0.0[0m
mode=OFF radar_adj=0 mom= conf=0
[1;36m22:31:22[0m [1;32mx13[0m [1;36m#797[0m SKIP tension=[1;36m0.00099410[0m [0m| momentum_too_small [1;31mconf=0.0014[0m
mode=OFF radar_adj=0 mom= conf=0
[1;36m22:31:32[0m [1;32mx13[0m [1;36m#798[0m SKIP tension=[1;36m0.00001270[0m [0m| momentum_too_small [1;31mconf=0.0[0m
mode=OFF radar_adj=0 mom= conf=0
[1;36m22:31:42[0m [1;32mx13[0m [1;36m#799[0m SKIP tension=[1;36m0.00000000[0m [0m| momentum_too_small [1;31mconf=0.3315[0m
mode=OFF radar_adj=0 mom= conf=0
[1;36m22:31:51[0m [1;32mx13[0m [1;36m#800[0m SKIP tension=[1;36m0.00001507[0m [0m| momentum_too_small [1;31mconf=0.0[0m
mode=OFF radar_adj=0 mom= conf=0
[1;36m22:32:02[0m [1;32mx13[0m [1;36m#801[0m SKIP tension=[1;36m0.00001184[0m [0m| momentum_too_small [1;31mconf=0.0[0m
mode=OFF radar_adj=0 mom= conf=0
[1;36m22:32:12[0m [1;32mx13[0m [1;36m#802[0m SKIP [1;33m| tension_stale age=5497ms>800ms (NUAGE)[0m
mode=OFF radar_adj=0 mom= conf=0
[1;36m22:32:22[0m [1;32mx13[0m [1;36m#803[0m SKIP tension=[1;36m0.00009154[0m [0m| momentum_too_small [1;31mconf=0.0001[0m
mode=OFF radar_adj=0 mom= conf=0
[1;36m22:32:32[0m [1;32mx13[0m [1;36m#804[0m SKIP tension=[1;36m0.00019526[0m [0m| momentum_too_small [1;31mconf=0.0003[0m
mode=OFF radar_adj=0 mom= conf=0
[1;36m22:32:41[0m [1;32mx13[0m [1;36m#805[0m SKIP tension=[1;36m0.63099228[0m [0m| wall_not_collapsed
mode=OFF radar_adj=0 mom= conf=0
[1;36m22:32:51[0m [1;32mx13[0m [1;36m#806[0m SKIP tension=[1;36m0.00002239[0m [0m| momentum_too_small [1;31mconf=0.0[0m
mode=OFF radar_adj=0 mom= conf=0
[1;36m22:33:01[0m [1;32mx13[0m [1;36m#807[0m SKIP tension=[1;36m0.00000489[0m [0m| momentum_too_small [1;31mconf=0.0[0m
mode=OFF radar_adj=0 mom= conf=0
[1;36m22:33:11[0m [1;32mx13[0m [1;36m#808[0m SKIP tension=[1;36m0.00000000[0m [0m| momentum_too_small [1;31mconf=0.2957[0m
mode=OFF radar_adj=0 mom= conf=0
[1;36m22:33:21[0m [1;32mx13[0m [1;36m#809[0m SKIP tension=[1;36m0.12085687[0m [0m| direction_unclear [1;31mconf=0.2008[0m
mode=OFF radar_adj=0 mom= conf=0
[1;36m22:33:30[0m [1;32mx13[0m [1;36m#810[0m SKIP tension=[1;36m0.02170050[0m [0m| direction_unclear [1;31mconf=0.0315[0m
mode=OFF radar_adj=0 mom= conf=0
[1;36m22:33:41[0m [1;32mx13[0m [1;36m#811[0m SKIP tension=[1;33m0.87162673[0m [0m| wall_not_collapsed
mode=OFF radar_adj=0 mom= conf=0
[1;36m22:33:50[0m [1;32mx13[0m [1;36m#812[0m SKIP tension=[1;36m0.00001842[0m [0m| momentum_too_small [1;31mconf=0.0[0m
mode=OFF radar_adj=0 mom= conf=0
[1;36m22:34:01[0m [1;32mx13[0m [1;36m#813[0m SKIP tension=[1;36m0.00004289[0m [0m| momentum_too_small [1;31mconf=0.0001[0m
mode=OFF radar_adj=0 mom= conf=0
[1;36m22:34:11[0m [1;32mx13[0m [1;36m#814[0m SKIP tension=[1;36m0.00002801[0m [0m| momentum_too_small [1;31mconf=0.0[0m
mode=OFF radar_adj=0 mom= conf=0
[1;36m22:34:21[0m [1;32mx13[0m [1;36m#815[0m SKIP tension=[1;36m0.13890980[0m [0m| direction_unclear [1;31mconf=0.0121[0m
mode=OFF radar_adj=0 mom= conf=0
[1;36m22:34:31[0m [1;32mx13[0m [1;36m#816[0m SKIP tension=[1;36m0.81964675[0m [0m| wall_not_collapsed
mode=OFF radar_adj=0 mom= conf=0
[1;36m22:34:41[0m [1;32mx13[0m [1;36m#817[0m SKIP tension=[1;36m0.00001569[0m [0m| momentum_too_small [1;31mconf=0.0[0m
mode=OFF radar_adj=0 mom= conf=0
[1;36m22:34:51[0m [1;32mx13[0m [1;36m#818[0m SKIP tension=[1;36m0.00001689[0m [0m| momentum_too_small [1;31mconf=0.0[0m
mode=OFF radar_adj=0 mom= conf=0
[1;36m22:35:01[0m [1;32mx13[0m [1;36m#819[0m SKIP tension=[1;36m0.24144633[0m [0m| wall_not_collapsed
mode=OFF radar_adj=0 mom= conf=0
[1;36m22:35:11[0m [1;32mx13[0m [1;36m#820[0m SKIP tension=[1;36m0.00000000[0m [0m| momentum_too_small [1;31mconf=0.3044[0m
mode=OFF radar_adj=0 mom= conf=0
[1;36m22:35:21[0m [1;32mx13[0m [1;36m#821[0m SKIP tension=[1;36m0.00000690[0m [0m| momentum_too_small [1;31mconf=0.0[0m
mode=OFF radar_adj=0 mom= conf=0
[1;36m22:35:31[0m [1;32mx13[0m [1;36m#822[0m SKIP tension=[1;36m0.00000000[0m [0m| momentum_too_small [1;31mconf=0.3402[0m
mode=OFF radar_adj=0 mom= conf=0
[1;36m22:35:42[0m [1;32mx13[0m [1;36m#823[0m SKIP tension=[1;36m0.06923257[0m [0m| direction_unclear [1;31mconf=0.1122[0m
mode=OFF radar_adj=0 mom= conf=0
[1;36m22:35:51[0m [1;32mx13[0m [1;36m#824[0m SKIP tension=[1;36m0.11464742[0m [0m| direction_unclear [1;31mconf=0.1858[0m
mode=OFF radar_adj=0 mom= conf=0
[1;36m22:36:02[0m [1;32mx13[0m [1;36m#825[0m SKIP tension=[1;36m0.43490342[0m [0m| wall_not_collapsed
mode=OFF radar_adj=0 mom= conf=0
[1;36m22:36:11[0m [1;32mx13[0m [1;36m#826[0m SKIP tension=[1;36m0.44160904[0m [0m| wall_not_collapsed
mode=OFF radar_adj=0 mom= conf=0
[1;36m22:36:20[0m [1;32mx13[0m [1;36m#827[0m SKIP tension=[1;36m0.00000000[0m [0m| momentum_too_small [1;31mconf=0.2978[0m
mode=OFF radar_adj=0 mom= conf=0
[1;36m22:36:30[0m [1;32mx13[0m [1;36m#828[0m SKIP tension=[1;33m0.87968127[0m [0m| wall_not_collapsed
mode=OFF radar_adj=0 mom= conf=0
[1;36m22:36:40[0m [1;32mx13[0m [1;36m#829[0m SKIP tension=[1;36m0.00000000[0m [0m| momentum_too_small [1;31mconf=0.3204[0m
mode=OFF radar_adj=0 mom= conf=0
[1;36m22:36:51[0m [1;32mx13[0m [1;36m#830[0m SKIP tension=[1;36m0.00000000[0m [0m| momentum_too_small [1;31mconf=0.3235[0m
mode=OFF radar_adj=0 mom= conf=0
[1;36m22:37:01[0m [1;32mx13[0m [1;36m#831[0m SKIP tension=[1;36m0.00000000[0m [0m| momentum_too_small [1;31mconf=0.3382[0m
mode=OFF radar_adj=0 mom= conf=0
[1;36m22:37:12[0m [1;32mx13[0m [1;36m#832[0m SKIP tension=[1;36m0.00048884[0m [0m| momentum_too_small [1;31mconf=0.0008[0m
mode=OFF radar_adj=0 mom= conf=0
[1;36m22:37:22[0m [1;32mx13[0m [1;36m#833[0m SKIP tension=[1;36m0.00004853[0m [0m| momentum_too_small [1;31mconf=0.0001[0m
mode=OFF radar_adj=0 mom= conf=0
[1;36m22:37:32[0m [1;32mx13[0m [1;36m#834[0m SKIP tension=[1;36m0.00002415[0m [0m| momentum_too_small [1;31mconf=0.0[0m
mode=OFF radar_adj=0 mom= conf=0
[1;36m22:37:42[0m [1;32mx13[0m [1;36m#835[0m SKIP tension=[1;36m0.00000000[0m [0m| momentum_too_small [1;31mconf=0.3242[0m
mode=OFF radar_adj=0 mom= conf=0
[1;36m22:37:51[0m [1;32mx13[0m [1;36m#836[0m SKIP tension=[1;36m0.00257906[0m [0m| momentum_too_small [1;31mconf=0.0037[0m
mode=OFF radar_adj=0 mom= conf=0
[1;36m22:38:02[0m [1;32mx13[0m [1;36m#837[0m SKIP tension=[1;36m0.00000000[0m [0m| momentum_too_small [1;31mconf=0.2978[0m
mode=OFF radar_adj=0 mom= conf=0
[1;36m22:38:11[0m [1;32mx13[0m [1;36m#838[0m SKIP tension=[1;36m0.00000000[0m [0m| momentum_too_small [1;31mconf=0.2978[0m
mode=OFF radar_adj=0 mom= conf=0
[1;36m22:38:21[0m [1;32mx13[0m [1;36m#839[0m SKIP tension=[1;36m0.00000000[0m [0m| momentum_too_small [1;31mconf=0.2957[0m
mode=OFF radar_adj=0 mom= conf=0
[1;36m22:38:31[0m [1;32mx13[0m [1;36m#840[0m SKIP tension=[1;36m0.00000000[0m [0m| momentum_too_small [1;31mconf=0.2776[0m
mode=OFF radar_adj=0 mom= conf=0
[1;36m22:38:41[0m [1;32mx13[0m [1;36m#841[0m SKIP tension=[1;36m0.00000000[0m [0m| momentum_too_small [1;31mconf=0.3406[0m
mode=OFF radar_adj=0 mom= conf=0
[1;36m22:38:51[0m [1;32mx13[0m [1;36m#842[0m SKIP tension=[1;36m0.00002350[0m [0m| momentum_too_small [1;31mconf=0.0[0m
mode=OFF radar_adj=0 mom= conf=0
[1;36mentry=22:39:06@62824.10000000[0m [1;32mx13[0m [1;36m#843[0m [1;33mBUY[0m tension=[1;32m1.12464507[0m hold=[1;36m8[0ms sec=[1;36m8[0m [0m| exit=62824.10000000 [1;32mconf=0.994[0m [1;36mexit_time=22:39:14[0m [1;33mpnl=0.00000000 bps=0.00000000 pct=0.00000000% total=-6.171910000000001[0m
mode=OFF radar_adj=0 mom= conf=0
[1;36m22:39:26[0m [1;32mx13[0m [1;36m#844[0m SKIP tension=[1;36m0.00000000[0m [0m| momentum_too_small [1;31mconf=0.2842[0m
mode=OFF radar_adj=0 mom= conf=0
[1;36m22:39:35[0m [1;32mx13[0m [1;36m#845[0m SKIP tension=[1;36m0.00000000[0m [0m| momentum_too_small [1;31mconf=0.2744[0m
mode=OFF radar_adj=0 mom= conf=0
[1;36m22:39:45[0m [1;32mx13[0m [1;36m#846[0m SKIP tension=[1;36m0.42934202[0m [0m| wall_not_collapsed
mode=OFF radar_adj=0 mom= conf=0
[1;36m22:39:55[0m [1;32mx13[0m [1;36m#847[0m SKIP tension=[1;36m0.00000000[0m [0m| momentum_too_small [1;31mconf=0.3281[0m
mode=OFF radar_adj=0 mom= conf=0
[1;36m22:40:05[0m [1;32mx13[0m [1;36m#848[0m SKIP tension=[1;36m0.00000712[0m [0m| momentum_too_small [1;31mconf=0.0[0m
mode=OFF radar_adj=0 mom= conf=0
[1;36m22:40:14[0m [1;32mx13[0m [1;36m#849[0m SKIP tension=[1;36m0.00000000[0m [0m| momentum_too_small [1;31mconf=0.318[0m
mode=OFF radar_adj=0 mom= conf=0
[1;36m22:40:24[0m [1;32mx13[0m [1;36m#850[0m SKIP tension=[1;36m0.00000000[0m [0m| momentum_too_small [1;31mconf=0.2838[0m
mode=OFF radar_adj=0 mom= conf=0
[1;36m22:40:34[0m [1;32mx13[0m [1;36m#851[0m SKIP tension=[1;36m0.00000553[0m [0m| momentum_too_small [1;31mconf=0.0[0m
mode=OFF radar_adj=0 mom= conf=0
[1;36m22:40:43[0m [1;32mx13[0m [1;36m#852[0m SKIP tension=[1;36m0.31411577[0m [0m| wall_not_collapsed
mode=OFF radar_adj=0 mom= conf=0
[1;36m22:40:53[0m [1;32mx13[0m [1;36m#853[0m SKIP tension=[1;36m0.00181558[0m [0m| momentum_too_small [1;31mconf=0.003[0m
mode=OFF radar_adj=0 mom= conf=0
[1;36m22:41:02[0m [1;32mx13[0m [1;36m#854[0m SKIP tension=[1;36m0.00164203[0m [0m| momentum_too_small [1;31mconf=0.0027[0m
mode=OFF radar_adj=0 mom= conf=0
[1;36m22:41:12[0m [1;32mx13[0m [1;36m#855[0m SKIP tension=[1;36m0.00000000[0m [0m| momentum_too_small [1;31mconf=0.2999[0m
mode=OFF radar_adj=0 mom= conf=0
[1;36m22:41:23[0m [1;32mx13[0m [1;36m#856[0m SKIP tension=[1;36m0.00000000[0m [0m| momentum_too_small [1;31mconf=0.2804[0m
mode=OFF radar_adj=0 mom= conf=0
[1;36m22:41:32[0m [1;32mx13[0m [1;36m#857[0m SKIP tension=[1;36m0.00000815[0m [0m| momentum_too_small [1;31mconf=0.0[0m
mode=OFF radar_adj=0 mom= conf=0
[1;36m22:41:43[0m [1;32mx13[0m [1;36m#858[0m SKIP tension=[1;36m0.00000304[0m [0m| momentum_too_small [1;31mconf=0.0[0m
mode=OFF radar_adj=0 mom= conf=0
[1;36m22:41:52[0m [1;32mx13[0m [1;36m#859[0m SKIP tension=[1;33m0.85469906[0m [0m| wall_not_collapsed
mode=OFF radar_adj=0 mom= conf=0
[1;36m22:42:02[0m [1;32mx13[0m [1;36m#860[0m SKIP tension=[1;36m0.00164709[0m [0m| momentum_too_small [1;31mconf=0.0027[0m
mode=OFF radar_adj=0 mom= conf=0
[1;36m22:42:12[0m [1;32mx13[0m [1;36m#861[0m SKIP tension=[1;36m0.00000000[0m [0m| momentum_too_small [1;31mconf=0.349[0m
mode=OFF radar_adj=0 mom= conf=0
[1;36m22:42:21[0m [1;32mx13[0m [1;36m#862[0m SKIP tension=[1;36m0.12910386[0m [0m| direction_unclear [1;31mconf=0.215[0m
mode=OFF radar_adj=0 mom= conf=0
[1;36m22:42:31[0m [1;32mx13[0m [1;36m#863[0m SKIP tension=[1;36m0.00000000[0m [0m| momentum_too_small [1;31mconf=0.3497[0m
mode=OFF radar_adj=0 mom= conf=0
[1;36m22:42:41[0m [1;32mx13[0m [1;36m#864[0m SKIP tension=[1;36m0.00000000[0m [0m| momentum_too_small [1;31mconf=0.3476[0m
mode=OFF radar_adj=0 mom= conf=0
[1;36m22:42:52[0m [1;32mx13[0m [1;36m#865[0m SKIP tension=[1;36m0.03107771[0m [0m| direction_unclear [1;31mconf=0.0132[0m
mode=OFF radar_adj=0 mom= conf=0
[1;36m22:43:02[0m [1;32mx13[0m [1;36m#866[0m SKIP tension=[1;36m0.00000000[0m [0m| momentum_too_small [1;31mconf=0.3476[0m
mode=OFF radar_adj=0 mom= conf=0
[1;36m22:43:12[0m [1;32mx13[0m [1;36m#867[0m SKIP tension=[1;36m0.00356136[0m [0m| momentum_too_small [1;31mconf=0.0059[0m
mode=OFF radar_adj=0 mom= conf=0
[1;36m22:43:21[0m [1;32mx13[0m [1;36m#868[0m SKIP tension=[1;36m0.29688641[0m [0m| wall_not_collapsed
mode=OFF radar_adj=0 mom= conf=0
[1;36m22:43:31[0m [1;32mx13[0m [1;36m#869[0m SKIP tension=[1;36m0.29687935[0m [0m| wall_not_collapsed
mode=OFF radar_adj=0 mom= conf=0
[1;36m22:43:41[0m [1;32mx13[0m [1;36m#870[0m SKIP tension=[1;36m0.00000000[0m [0m| momentum_too_small [1;31mconf=0.3486[0m
mode=OFF radar_adj=0 mom= conf=0
[1;36m22:43:50[0m [1;32mx13[0m [1;36m#871[0m SKIP tension=[1;36m0.00000000[0m [0m| momentum_too_small [1;31mconf=0.3232[0m
mode=OFF radar_adj=0 mom= conf=0
[1;36m22:44:01[0m [1;32mx13[0m [1;36m#872[0m SKIP tension=[1;36m0.00000000[0m [0m| momentum_too_small [1;31mconf=0.3497[0m
mode=OFF radar_adj=0 mom= conf=0
[1;36m22:44:11[0m [1;32mx13[0m [1;36m#873[0m SKIP tension=[1;36m0.00000089[0m [0m| momentum_too_small [1;31mconf=0.0[0m
mode=OFF radar_adj=0 mom= conf=0
[1;36m22:44:21[0m [1;32mx13[0m [1;36m#874[0m SKIP tension=[1;36m0.00000000[0m [0m| momentum_too_small [1;31mconf=0.319[0m
mode=OFF radar_adj=0 mom= conf=0
[1;36m22:44:30[0m [1;32mx13[0m [1;36m#875[0m SKIP tension=[1;36m0.30268550[0m [0m| wall_not_collapsed
mode=OFF radar_adj=0 mom= conf=0
[1;36m22:44:40[0m [1;32mx13[0m [1;36m#876[0m SKIP tension=[1;36m0.00000000[0m [0m| momentum_too_small [1;31mconf=0.319[0m
mode=OFF radar_adj=0 mom= conf=0
[1;36m22:44:50[0m [1;32mx13[0m [1;36m#877[0m SKIP tension=[1;36m0.00000000[0m [0m| momentum_too_small [1;31mconf=0.319[0m
mode=OFF radar_adj=0 mom= conf=0
[1;36m22:45:00[0m [1;32mx13[0m [1;36m#878[0m SKIP tension=[1;36m0.00005934[0m [0m| momentum_too_small [1;31mconf=0.0001[0m
mode=OFF radar_adj=0 mom= conf=0
[1;36m22:45:10[0m [1;32mx13[0m [1;36m#879[0m SKIP tension=[1;36m0.00000772[0m [0m| momentum_too_small [1;31mconf=0.0[0m
mode=OFF radar_adj=0 mom= conf=0
[1;36m22:45:20[0m [1;32mx13[0m [1;36m#880[0m SKIP tension=[1;36m0.00003614[0m [0m| momentum_too_small [1;31mconf=0.0[0m
mode=OFF radar_adj=0 mom= conf=0
[1;36m22:45:29[0m [1;32mx13[0m [1;36m#881[0m SKIP tension=[1;36m0.00044332[0m [0m| momentum_too_small [1;31mconf=0.0007[0m
mode=OFF radar_adj=0 mom= conf=0
[1;36m22:45:39[0m [1;32mx13[0m [1;36m#882[0m SKIP tension=[1;36m0.00000000[0m [0m| momentum_too_small [1;31mconf=0.2995[0m
mode=OFF radar_adj=0 mom= conf=0
[1;36m22:45:48[0m [1;32mx13[0m [1;36m#883[0m SKIP tension=[1;36m0.00000000[0m [0m| momentum_too_small [1;31mconf=0.3054[0m
mode=OFF radar_adj=0 mom= conf=0
[1;36m22:45:59[0m [1;32mx13[0m [1;36m#884[0m SKIP tension=[1;36m0.00000114[0m [0m| momentum_too_small [1;31mconf=0.0[0m
mode=OFF radar_adj=0 mom= conf=0
[1;36m22:46:09[0m [1;32mx13[0m [1;36m#885[0m SKIP tension=[1;36m0.01328730[0m [0m| direction_unclear [1;31mconf=0.0215[0m
mode=OFF radar_adj=0 mom= conf=0
[1;36m22:46:18[0m [1;32mx13[0m [1;36m#886[0m SKIP tension=[1;36m0.30309370[0m [0m| wall_not_collapsed
mode=OFF radar_adj=0 mom= conf=0
[1;36m22:46:27[0m [1;32mx13[0m [1;36m#887[0m SKIP tension=[1;36m0.00054216[0m [0m| momentum_too_small [1;31mconf=0.0008[0m
mode=OFF radar_adj=0 mom= conf=0
[1;36m22:46:37[0m [1;32mx13[0m [1;36m#888[0m SKIP tension=[1;36m0.00257412[0m [0m| momentum_too_small [1;31mconf=0.0038[0m
mode=OFF radar_adj=0 mom= conf=0
[1;36m22:46:46[0m [1;32mx13[0m [1;36m#889[0m SKIP tension=[1;36m0.00001894[0m [0m| momentum_too_small [1;31mconf=0.0[0m
mode=OFF radar_adj=0 mom= conf=0
[1;36m22:46:57[0m [1;32mx13[0m [1;36m#890[0m SKIP tension=[1;36m0.00003481[0m [0m| momentum_too_small [1;31mconf=0.0001[0m
mode=OFF radar_adj=0 mom= conf=0
[1;36m22:47:07[0m [1;32mx13[0m [1;36m#891[0m SKIP tension=[1;36m0.43274174[0m [0m| wall_not_collapsed
mode=OFF radar_adj=0 mom= conf=0
[1;36m22:47:16[0m [1;32mx13[0m [1;36m#892[0m SKIP tension=[1;36m0.50007274[0m [0m| wall_not_collapsed
mode=OFF radar_adj=0 mom= conf=0
[1;36m22:47:25[0m [1;32mx13[0m [1;36m#893[0m SKIP tension=[1;36m0.00001612[0m [0m| momentum_too_small [1;31mconf=0.0[0m
mode=OFF radar_adj=0 mom= conf=0
[1;36m22:47:35[0m [1;32mx13[0m [1;36m#894[0m SKIP tension=[1;36m0.00005744[0m [0m| momentum_too_small [1;31mconf=0.0001[0m
mode=OFF radar_adj=0 mom= conf=0
[1;36m22:47:45[0m [1;32mx13[0m [1;36m#895[0m SKIP tension=[1;36m0.01150900[0m [0m| direction_unclear [1;31mconf=0.0182[0m
mode=OFF radar_adj=0 mom= conf=0
[1;36m22:47:56[0m [1;32mx13[0m [1;36m#896[0m SKIP tension=[1;36m0.00000000[0m [0m| momentum_too_small [1;31mconf=0.3312[0m
mode=OFF radar_adj=0 mom= conf=0
[1;36m22:48:06[0m [1;32mx13[0m [1;36m#897[0m SKIP tension=[1;36m0.00000000[0m [0m| momentum_too_small [1;31mconf=0.3455[0m
mode=OFF radar_adj=0 mom= conf=0
[1;36m22:48:16[0m [1;32mx13[0m [1;36m#898[0m SKIP tension=[1;36m0.00004443[0m [0m| momentum_too_small [1;31mconf=0.0001[0m
mode=OFF radar_adj=0 mom= conf=0
[1;36m22:48:26[0m [1;32mx13[0m [1;36m#899[0m SKIP tension=[1;36m0.00000000[0m [0m| momentum_too_small [1;31mconf=0.3301[0m
mode=OFF radar_adj=0 mom= conf=0
[1;36m22:48:36[0m [1;32mx13[0m [1;36m#900[0m SKIP tension=[1;36m0.41745078[0m [0m| wall_not_collapsed
mode=OFF radar_adj=0 mom= conf=0
[1;36m22:48:45[0m [1;32mx13[0m [1;36m#901[0m SKIP tension=[1;36m0.00000000[0m [0m| momentum_too_small [1;31mconf=0.3117[0m
mode=OFF radar_adj=0 mom= conf=0
[1;36m22:48:56[0m [1;32mx13[0m [1;36m#902[0m SKIP tension=[1;33m0.89189055[0m [0m| wall_not_collapsed
mode=OFF radar_adj=0 mom= conf=0
[1;36m22:49:06[0m [1;32mx13[0m [1;36m#903[0m SKIP tension=[1;36m0.00014752[0m [0m| momentum_too_small [1;31mconf=0.0002[0m
mode=OFF radar_adj=0 mom= conf=0
[1;36m22:49:15[0m [1;32mx13[0m [1;36m#904[0m SKIP tension=[1;36m0.00000000[0m [0m| momentum_too_small [1;31mconf=0.2741[0m
mode=OFF radar_adj=0 mom= conf=0
[1;36m22:49:25[0m [1;32mx13[0m [1;36m#905[0m SKIP tension=[1;36m0.41206208[0m [0m| wall_not_collapsed
mode=OFF radar_adj=0 mom= conf=0
[1;36m22:49:35[0m [1;32mx13[0m [1;36m#906[0m SKIP tension=[1;36m0.00002084[0m [0m| momentum_too_small [1;31mconf=0.0[0m
mode=OFF radar_adj=0 mom= conf=0
[1;36m22:49:45[0m [1;32mx13[0m [1;36m#907[0m SKIP tension=[1;36m0.12335446[0m [0m| direction_unclear [1;31mconf=0.161[0m
mode=OFF radar_adj=0 mom= conf=0
[1;36m22:49:56[0m [1;32mx13[0m [1;36m#908[0m SKIP [1;33m| tension_stale age=5182ms>800ms (NUAGE)[0m
mode=OFF radar_adj=0 mom= conf=0
[1;36m22:50:06[0m [1;32mx13[0m [1;36m#909[0m SKIP tension=[1;36m0.30162868[0m [0m| wall_not_collapsed
mode=OFF radar_adj=0 mom= conf=0
[1;36m22:50:17[0m [1;32mx13[0m [1;36m#910[0m SKIP tension=[1;36m0.30168201[0m [0m| wall_not_collapsed
mode=OFF radar_adj=0 mom= conf=0
[1;36m22:50:29[0m [1;32mx13[0m [1;36m#911[0m SKIP [1;33m| tension_stale age=8992ms>800ms (NUAGE)[0m
mode=OFF radar_adj=0 mom= conf=0
[1;36m22:50:41[0m [1;32mx13[0m [1;36m#912[0m SKIP tension=[1;36m0.65679988[0m [0m| wall_not_collapsed
mode=OFF radar_adj=0 mom= conf=0
[1;36m22:50:51[0m [1;32mx13[0m [1;36m#913[0m SKIP tension=[1;36m0.35628282[0m [0m| wall_not_collapsed
mode=OFF radar_adj=0 mom= conf=0
[1;36m22:51:01[0m [1;32mx13[0m [1;36m#914[0m SKIP tension=[1;36m0.35633635[0m [0m| wall_not_collapsed
mode=OFF radar_adj=0 mom= conf=0
[1;36m22:51:11[0m [1;32mx13[0m [1;36m#915[0m SKIP tension=[1;33m0.90566863[0m [0m| wall_not_collapsed
mode=OFF radar_adj=0 mom= conf=0
[1;36m22:51:21[0m [1;32mx13[0m [1;36m#916[0m SKIP tension=[1;36m0.00000000[0m [0m| momentum_too_small [1;31mconf=0.3194[0m
mode=OFF radar_adj=0 mom= conf=0
[1;36m22:51:30[0m [1;32mx13[0m [1;36m#917[0m SKIP tension=[1;36m0.31412542[0m [0m| wall_not_collapsed
mode=OFF radar_adj=0 mom= conf=0
[1;36m22:51:40[0m [1;32mx13[0m [1;36m#918[0m SKIP tension=[1;36m0.00000000[0m [0m| momentum_too_small [1;31mconf=0.3493[0m
mode=OFF radar_adj=0 mom= conf=0
[1;36m22:51:50[0m [1;32mx13[0m [1;36m#919[0m SKIP tension=[1;36m0.00028733[0m [0m| momentum_too_small [1;31mconf=0.0004[0m
mode=OFF radar_adj=0 mom= conf=0
[1;36m22:52:01[0m [1;32mx13[0m [1;36m#920[0m SKIP tension=[1;36m0.00000000[0m [0m| momentum_too_small [1;31mconf=0.296[0m
mode=OFF radar_adj=0 mom= conf=0
[1;36m22:52:10[0m [1;32mx13[0m [1;36m#921[0m SKIP tension=[1;36m0.84647613[0m [0m| wall_not_collapsed
mode=OFF radar_adj=0 mom= conf=0
[1;36m22:52:20[0m [1;32mx13[0m [1;36m#922[0m SKIP tension=[1;36m0.27580490[0m [0m| wall_not_collapsed
mode=OFF radar_adj=0 mom= conf=0
[1;36m22:52:29[0m [1;32mx13[0m [1;36m#923[0m SKIP tension=[1;36m0.00002264[0m [0m| momentum_too_small [1;31mconf=0.0[0m
mode=OFF radar_adj=0 mom= conf=0
[1;36m22:52:39[0m [1;32mx13[0m [1;36m#924[0m SKIP tension=[1;36m0.00008212[0m [0m| momentum_too_small [1;31mconf=0.0001[0m
mode=OFF radar_adj=0 mom= conf=0
[1;36m22:52:49[0m [1;32mx13[0m [1;36m#925[0m SKIP tension=[1;36m0.00000000[0m [0m| momentum_too_small [1;31mconf=0.349[0m
mode=OFF radar_adj=0 mom= conf=0
[1;36m22:52:59[0m [1;32mx13[0m [1;36m#926[0m SKIP tension=[1;36m0.00000000[0m [0m| momentum_too_small [1;31mconf=0.3486[0m
mode=OFF radar_adj=0 mom= conf=0
[1;36m22:53:09[0m [1;32mx13[0m [1;36m#927[0m SKIP tension=[1;36m0.00000000[0m [0m| momentum_too_small [1;31mconf=0.296[0m
mode=OFF radar_adj=0 mom= conf=0
[1;36m22:53:18[0m [1;32mx13[0m [1;36m#928[0m SKIP tension=[1;36m0.00000000[0m [0m| momentum_too_small [1;31mconf=0.2964[0m
mode=OFF radar_adj=0 mom= conf=0
[1;36m22:53:29[0m [1;32mx13[0m [1;36m#929[0m SKIP tension=[1;36m0.00000544[0m [0m| momentum_too_small [1;31mconf=0.0[0m
mode=OFF radar_adj=0 mom= conf=0
[1;36m22:53:39[0m [1;32mx13[0m [1;36m#930[0m SKIP tension=[1;36m0.00000000[0m [0m| momentum_too_small [1;31mconf=0.3288[0m
mode=OFF radar_adj=0 mom= conf=0
[1;36m22:53:48[0m [1;32mx13[0m [1;36m#931[0m SKIP tension=[1;36m0.00048992[0m [0m| momentum_too_small [1;31mconf=0.0007[0m
mode=OFF radar_adj=0 mom= conf=0
[1;36m22:53:59[0m [1;32mx13[0m [1;36m#932[0m SKIP tension=[1;36m0.00000363[0m [0m| momentum_too_small [1;31mconf=0.0[0m
mode=OFF radar_adj=0 mom= conf=0
[1;36m22:54:08[0m [1;32mx13[0m [1;36m#933[0m SKIP tension=[1;36m0.00000000[0m [0m| momentum_too_small [1;31mconf=0.296[0m
mode=OFF radar_adj=0 mom= conf=0
[1;36m22:54:18[0m [1;32mx13[0m [1;36m#934[0m SKIP tension=[1;36m0.00000000[0m [0m| momentum_too_small [1;31mconf=0.2964[0m
mode=OFF radar_adj=0 mom= conf=0
[1;36m22:54:28[0m [1;32mx13[0m [1;36m#935[0m SKIP tension=[1;32m1.24389373[0m [0m| duo no_trigger
mode=OFF radar_adj=0 mom= conf=0
[1;36m22:54:38[0m [1;32mx13[0m [1;36m#936[0m SKIP tension=[1;36m0.00000000[0m [0m| momentum_too_small [1;31mconf=0.3141[0m
mode=OFF radar_adj=0 mom= conf=0
[1;36m22:54:48[0m [1;32mx13[0m [1;36m#937[0m SKIP tension=[1;36m0.00000000[0m [0m| momentum_too_small [1;31mconf=0.296[0m
mode=OFF radar_adj=0 mom= conf=0
[1;36m22:54:58[0m [1;32mx13[0m [1;36m#938[0m SKIP tension=[1;36m0.00000000[0m [0m| momentum_too_small [1;31mconf=0.296[0m
mode=OFF radar_adj=0 mom= conf=0
[1;36m22:55:09[0m [1;32mx13[0m [1;36m#939[0m SKIP tension=[1;36m0.00003254[0m [0m| momentum_too_small [1;31mconf=0.0[0m
mode=OFF radar_adj=0 mom= conf=0
[1;36m22:55:18[0m [1;32mx13[0m [1;36m#940[0m SKIP tension=[1;36m0.17011643[0m [0m| direction_unclear [1;31mconf=0.239[0m
mode=OFF radar_adj=0 mom= conf=0
[1;36m22:55:28[0m [1;32mx13[0m [1;36m#941[0m SKIP tension=[1;36m0.08654145[0m [0m| direction_unclear [1;31mconf=0.1292[0m
mode=OFF radar_adj=0 mom= conf=0
[1;36m22:55:37[0m [1;32mx13[0m [1;36m#942[0m SKIP tension=[1;36m0.29577159[0m [0m| wall_not_collapsed
mode=OFF radar_adj=0 mom= conf=0
[1;36m22:55:47[0m [1;32mx13[0m [1;36m#943[0m SKIP tension=[1;36m0.16562762[0m [0m| direction_unclear [1;31mconf=0.2327[0m
mode=OFF radar_adj=0 mom= conf=0
[1;36m22:55:58[0m [1;32mx13[0m [1;36m#944[0m SKIP tension=[1;36m0.44107485[0m [0m| wall_not_collapsed
mode=OFF radar_adj=0 mom= conf=0
[1;36m22:56:07[0m [1;32mx13[0m [1;36m#945[0m SKIP tension=[1;36m0.49003520[0m [0m| wall_not_collapsed
mode=OFF radar_adj=0 mom= conf=0
[1;36m22:56:16[0m [1;32mx13[0m [1;36m#946[0m SKIP tension=[1;36m0.00000155[0m [0m| momentum_too_small [1;31mconf=0.0[0m
mode=OFF radar_adj=0 mom= conf=0
[1;36m22:56:26[0m [1;32mx13[0m [1;36m#947[0m SKIP tension=[1;36m0.00000000[0m [0m| momentum_too_small [1;31mconf=0.2842[0m
mode=OFF radar_adj=0 mom= conf=0
[1;36m22:56:35[0m [1;32mx13[0m [1;36m#948[0m SKIP tension=[1;36m0.48719397[0m [0m| wall_not_collapsed
mode=OFF radar_adj=0 mom= conf=0
[1;36m22:56:44[0m [1;32mx13[0m [1;36m#949[0m SKIP tension=[1;36m0.59826169[0m [0m| wall_not_collapsed
mode=OFF radar_adj=0 mom= conf=0
[1;36m22:56:55[0m [1;32mx13[0m [1;36m#950[0m SKIP tension=[1;36m0.00000000[0m [0m| momentum_too_small [1;31mconf=0.335[0m
mode=OFF radar_adj=0 mom= conf=0
[1;36m22:57:05[0m [1;32mx13[0m [1;36m#951[0m SKIP tension=[1;36m0.00000000[0m [0m| momentum_too_small [1;31mconf=0.335[0m
mode=OFF radar_adj=0 mom= conf=0
[1;36m22:57:14[0m [1;32mx13[0m [1;36m#952[0m SKIP tension=[1;36m0.00000000[0m [0m| momentum_too_small [1;31mconf=0.335[0m
mode=OFF radar_adj=0 mom= conf=0
[1;36m22:57:24[0m [1;32mx13[0m [1;36m#953[0m SKIP tension=[1;36m0.00058357[0m [0m| momentum_too_small [1;31mconf=0.0008[0m
mode=OFF radar_adj=0 mom= conf=0
[1;36m22:57:34[0m [1;32mx13[0m [1;36m#954[0m SKIP tension=[1;36m0.00000000[0m [0m| momentum_too_small [1;31mconf=0.2821[0m
mode=OFF radar_adj=0 mom= conf=0
[1;36m22:57:43[0m [1;32mx13[0m [1;36m#955[0m SKIP tension=[1;36m0.00042437[0m [0m| momentum_too_small [1;31mconf=0.0006[0m
mode=OFF radar_adj=0 mom= conf=0
[1;36m22:57:53[0m [1;32mx13[0m [1;36m#956[0m SKIP tension=[1;36m0.00386719[0m [0m| momentum_too_small [1;31mconf=0.0052[0m
mode=OFF radar_adj=0 mom= conf=0
[1;36m22:58:04[0m [1;32mx13[0m [1;36m#957[0m SKIP tension=[1;36m0.00001807[0m [0m| momentum_too_small [1;31mconf=0.0[0m
mode=OFF radar_adj=0 mom= conf=0
[1;36m22:58:14[0m [1;32mx13[0m [1;36m#958[0m SKIP tension=[1;36m0.00000000[0m [0m| momentum_too_small [1;31mconf=0.3497[0m
mode=OFF radar_adj=0 mom= conf=0
[1;36m22:58:24[0m [1;32mx13[0m [1;36m#959[0m SKIP tension=[1;36m0.00000000[0m [0m| momentum_too_small [1;31mconf=0.2821[0m
mode=OFF radar_adj=0 mom= conf=0
[1;36m22:58:34[0m [1;32mx13[0m [1;36m#960[0m SKIP tension=[1;36m0.00080046[0m [0m| momentum_too_small [1;31mconf=0.0012[0m
mode=OFF radar_adj=0 mom= conf=0
[1;36m22:58:43[0m [1;32mx13[0m [1;36m#961[0m SKIP tension=[1;36m0.00001270[0m [0m| momentum_too_small [1;31mconf=0.0[0m
mode=OFF radar_adj=0 mom= conf=0
[1;36m22:58:53[0m [1;32mx13[0m [1;36m#962[0m SKIP tension=[1;36m0.00001442[0m [0m| momentum_too_small [1;31mconf=0.0[0m
mode=OFF radar_adj=0 mom= conf=0
[1;36m22:59:05[0m [1;32mx13[0m [1;36m#963[0m SKIP tension=[1;31m13.14664688[0m [0m| duo no_trigger
mode=OFF radar_adj=0 mom= conf=0
[1;36m22:59:14[0m [1;32mx13[0m [1;36m#964[0m SKIP tension=[1;36m0.32188047[0m [0m| wall_not_collapsed
mode=OFF radar_adj=0 mom= conf=0
[1;36m22:59:24[0m [1;32mx13[0m [1;36m#965[0m SKIP tension=[1;36m0.00000000[0m [0m| momentum_too_small [1;31mconf=0.2821[0m
mode=OFF radar_adj=0 mom= conf=0
[1;36m22:59:34[0m [1;32mx13[0m [1;36m#966[0m SKIP tension=[1;31m4.69822052[0m [0m| duo no_trigger
mode=OFF radar_adj=0 mom= conf=0
[1;36m22:59:44[0m [1;32mx13[0m [1;36m#967[0m SKIP tension=[1;36m0.00000000[0m [0m| momentum_too_small [1;31mconf=0.2821[0m
mode=OFF radar_adj=0 mom= conf=0
[1;36m22:59:54[0m [1;32mx13[0m [1;36m#968[0m SKIP tension=[1;36m0.00012932[0m [0m| momentum_too_small [1;31mconf=0.0002[0m
mode=OFF radar_adj=0 mom= conf=0
[1;36m23:00:04[0m [1;32mx13[0m [1;36m#969[0m SKIP tension=[1;36m0.32150190[0m [0m| wall_not_collapsed
mode=OFF radar_adj=0 mom= conf=0
[1;36m23:00:14[0m [1;32mx13[0m [1;36m#970[0m SKIP tension=[1;36m0.00113387[0m [0m| momentum_too_small [1;31mconf=0.0017[0m
mode=OFF radar_adj=0 mom= conf=0
[1;36m23:00:23[0m [1;32mx13[0m [1;36m#971[0m SKIP tension=[1;36m0.28504305[0m [0m| wall_not_collapsed
mode=OFF radar_adj=0 mom= conf=0
[1;36m23:00:33[0m [1;32mx13[0m [1;36m#972[0m SKIP tension=[1;36m0.00000000[0m [0m| momentum_too_small [1;31mconf=0.3141[0m
mode=OFF radar_adj=0 mom= conf=0
[1;36m23:00:44[0m [1;32mx13[0m [1;36m#973[0m SKIP tension=[1;32m1.82883738[0m [0m| duo no_trigger
mode=OFF radar_adj=0 mom= conf=0
[1;36m23:00:54[0m [1;32mx13[0m [1;36m#974[0m SKIP tension=[1;36m0.00000000[0m [0m| momentum_too_small [1;31mconf=0.3253[0m
mode=OFF radar_adj=0 mom= conf=0
[1;36m23:01:04[0m [1;32mx13[0m [1;36m#975[0m SKIP tension=[1;36m0.00000000[0m [0m| momentum_too_small [1;31mconf=0.3448[0m
mode=OFF radar_adj=0 mom= conf=0
[1;36m23:01:13[0m [1;32mx13[0m [1;36m#976[0m SKIP tension=[1;36m0.00000000[0m [0m| momentum_too_small [1;31mconf=0.3399[0m
mode=OFF radar_adj=0 mom= conf=0
[1;36m23:01:23[0m [1;32mx13[0m [1;36m#977[0m SKIP tension=[1;36m0.00000000[0m [0m| momentum_too_small [1;31mconf=0.3399[0m
mode=OFF radar_adj=0 mom= conf=0
[1;36m23:01:32[0m [1;32mx13[0m [1;36m#978[0m SKIP tension=[1;36m0.11497047[0m [0m| direction_unclear [1;31mconf=0.1861[0m
mode=OFF radar_adj=0 mom= conf=0
[1;36m23:01:42[0m [1;32mx13[0m [1;36m#979[0m SKIP tension=[1;36m0.00003773[0m [0m| momentum_too_small [1;31mconf=0.0001[0m
mode=OFF radar_adj=0 mom= conf=0
[1;36m23:01:51[0m [1;32mx13[0m [1;36m#980[0m SKIP tension=[1;36m0.00001601[0m [0m| momentum_too_small [1;31mconf=0.0[0m
mode=OFF radar_adj=0 mom= conf=0
[1;36m23:02:03[0m [1;32mx13[0m [1;36m#981[0m SKIP tension=[1;36m0.20808737[0m [0m| wall_not_collapsed
mode=OFF radar_adj=0 mom= conf=0
[1;36m23:02:13[0m [1;32mx13[0m [1;36m#982[0m SKIP tension=[1;36m0.00000000[0m [0m| momentum_too_small [1;31mconf=0.3364[0m
mode=OFF radar_adj=0 mom= conf=0
[1;36m23:02:23[0m [1;32mx13[0m [1;36m#983[0m SKIP tension=[1;36m0.00003194[0m [0m| momentum_too_small [1;31mconf=0.0001[0m
mode=OFF radar_adj=0 mom= conf=0
[1;36m23:02:33[0m [1;32mx13[0m [1;36m#984[0m SKIP tension=[1;36m0.00001525[0m [0m| momentum_too_small [1;31mconf=0.0[0m
mode=OFF radar_adj=0 mom= conf=0
[1;36m23:02:42[0m [1;32mx13[0m [1;36m#985[0m SKIP tension=[1;36m0.00000000[0m [0m| momentum_too_small [1;31mconf=0.3364[0m
mode=OFF radar_adj=0 mom= conf=0
[1;36m23:02:52[0m [1;32mx13[0m [1;36m#986[0m SKIP tension=[1;36m0.84957393[0m [0m| wall_not_collapsed
mode=OFF radar_adj=0 mom= conf=0
[1;36m23:03:02[0m [1;32mx13[0m [1;36m#987[0m SKIP tension=[1;36m0.00000000[0m [0m| momentum_too_small [1;31mconf=0.3166[0m
mode=OFF radar_adj=0 mom= conf=0
[1;36m23:03:12[0m [1;32mx13[0m [1;36m#988[0m SKIP tension=[1;36m0.16405324[0m [0m| direction_unclear [1;31mconf=0.256[0m
mode=OFF radar_adj=0 mom= conf=0
[1;36m23:03:22[0m [1;32mx13[0m [1;36m#989[0m SKIP tension=[1;36m0.37938196[0m [0m| wall_not_collapsed
mode=OFF radar_adj=0 mom= conf=0
[1;36m23:03:31[0m [1;32mx13[0m [1;36m#990[0m SKIP tension=[1;36m0.36239396[0m [0m| wall_not_collapsed
mode=OFF radar_adj=0 mom= conf=0
[1;36m23:03:42[0m [1;32mx13[0m [1;36m#991[0m SKIP tension=[1;36m0.00000000[0m [0m| momentum_too_small [1;31mconf=0.3169[0m
mode=OFF radar_adj=0 mom= conf=0
[1;36m23:03:53[0m [1;32mx13[0m [1;36m#992[0m SKIP tension=[1;36m0.00000000[0m [0m| momentum_too_small [1;31mconf=0.343[0m
mode=OFF radar_adj=0 mom= conf=0
[1;36m23:04:03[0m [1;32mx13[0m [1;36m#993[0m SKIP tension=[1;36m0.00000000[0m [0m| momentum_too_small [1;31mconf=0.3166[0m
mode=OFF radar_adj=0 mom= conf=0
[1;36m23:04:13[0m [1;32mx13[0m [1;36m#994[0m SKIP tension=[1;36m0.00000000[0m [0m| momentum_too_small [1;31mconf=0.3166[0m
mode=OFF radar_adj=0 mom= conf=0
[1;36m23:04:22[0m [1;32mx13[0m [1;36m#995[0m SKIP tension=[1;36m0.00012372[0m [0m| momentum_too_small [1;31mconf=0.0002[0m
mode=OFF radar_adj=0 mom= conf=0
[1;36m23:04:32[0m [1;32mx13[0m [1;36m#996[0m SKIP tension=[1;36m0.00000000[0m [0m| momentum_too_small [1;31mconf=0.3183[0m
mode=OFF radar_adj=0 mom= conf=0
[1;36m23:04:41[0m [1;32mx13[0m [1;36m#997[0m SKIP tension=[1;36m0.00000000[0m [0m| momentum_too_small [1;31mconf=0.3183[0m
mode=OFF radar_adj=0 mom= conf=0
[1;36m23:04:51[0m [1;32mx13[0m [1;36m#998[0m SKIP tension=[1;36m0.56442579[0m [0m| wall_not_collapsed
mode=OFF radar_adj=0 mom= conf=0
[1;36m23:05:01[0m [1;32mx13[0m [1;36m#999[0m SKIP tension=[1;36m0.55172076[0m [0m| wall_not_collapsed
mode=OFF radar_adj=0 mom= conf=0
[1;36m23:05:11[0m [1;32mx13[0m [1;36m#1000[0m SKIP tension=[1;36m0.78334784[0m [0m| wall_not_collapsed
mode=OFF radar_adj=0 mom= conf=0
[1;36m23:05:21[0m [1;32mx13[0m [1;36m#1001[0m SKIP tension=[1;36m0.36880214[0m [0m| wall_not_collapsed
mode=OFF radar_adj=0 mom= conf=0
[1;36m23:05:30[0m [1;32mx13[0m [1;36m#1002[0m SKIP tension=[1;36m0.00002197[0m [0m| momentum_too_small [1;31mconf=0.0[0m
mode=OFF radar_adj=0 mom= conf=0
[1;36m23:05:40[0m [1;32mx13[0m [1;36m#1003[0m SKIP tension=[1;36m0.23118774[0m [0m| wall_not_collapsed
mode=OFF radar_adj=0 mom= conf=0
[1;36m23:05:51[0m [1;32mx13[0m [1;36m#1004[0m SKIP tension=[1;32m1.11575735[0m [0m| duo no_trigger
mode=OFF radar_adj=0 mom= conf=0
[1;36m23:06:02[0m [1;32mx13[0m [1;36m#1005[0m SKIP tension=[1;32m1.47095449[0m [0m| duo no_trigger
mode=OFF radar_adj=0 mom= conf=0
[1;36m23:06:13[0m [1;32mx13[0m [1;36m#1006[0m SKIP tension=[1;36m0.00002329[0m [0m| momentum_too_small [1;31mconf=0.0[0m
mode=OFF radar_adj=0 mom= conf=0
[1;36m23:06:22[0m [1;32mx13[0m [1;36m#1007[0m SKIP tension=[1;36m0.00003705[0m [0m| momentum_too_small [1;31mconf=0.0001[0m
mode=OFF radar_adj=0 mom= conf=0
[1;36m23:06:32[0m [1;32mx13[0m [1;36m#1008[0m SKIP tension=[1;36m0.59151151[0m [0m| wall_not_collapsed
mode=OFF radar_adj=0 mom= conf=0
[1;36m23:06:42[0m [1;32mx13[0m [1;36m#1009[0m SKIP tension=[1;36m0.52432450[0m [0m| wall_not_collapsed
mode=OFF radar_adj=0 mom= conf=0
[1;36m23:06:52[0m [1;32mx13[0m [1;36m#1010[0m SKIP tension=[1;33m0.89552326[0m [0m| wall_not_collapsed
mode=OFF radar_adj=0 mom= conf=0
[1;36m23:07:02[0m [1;32mx13[0m [1;36m#1011[0m SKIP tension=[1;36m0.49103858[0m [0m| wall_not_collapsed
mode=OFF radar_adj=0 mom= conf=0
[1;36m23:07:12[0m [1;32mx13[0m [1;36m#1012[0m SKIP tension=[1;36m0.00000000[0m [0m| momentum_too_small [1;31mconf=0.2786[0m
mode=OFF radar_adj=0 mom= conf=0
[1;36m23:07:22[0m [1;32mx13[0m [1;36m#1013[0m SKIP tension=[1;36m0.00000000[0m [0m| momentum_too_small [1;31mconf=0.3274[0m
mode=OFF radar_adj=0 mom= conf=0
[1;36m23:07:31[0m [1;32mx13[0m [1;36m#1014[0m SKIP tension=[1;36m0.00000000[0m [0m| momentum_too_small [1;31mconf=0.2776[0m
mode=OFF radar_adj=0 mom= conf=0
[1;36m23:07:41[0m [1;32mx13[0m [1;36m#1015[0m SKIP tension=[1;36m0.20842876[0m [0m| wall_not_collapsed
mode=OFF radar_adj=0 mom= conf=0
[1;36m23:07:50[0m [1;32mx13[0m [1;36m#1016[0m SKIP tension=[1;36m0.00000000[0m [0m| momentum_too_small [1;31mconf=0.2971[0m
mode=OFF radar_adj=0 mom= conf=0
[1;36m23:08:01[0m [1;32mx13[0m [1;36m#1017[0m SKIP tension=[1;36m0.12212216[0m [0m| direction_unclear [1;31mconf=0.1574[0m
mode=OFF radar_adj=0 mom= conf=0
[1;36m23:08:11[0m [1;32mx13[0m [1;36m#1018[0m SKIP tension=[1;36m0.36741843[0m [0m| wall_not_collapsed
mode=OFF radar_adj=0 mom= conf=0
[1;36m23:08:20[0m [1;32mx13[0m [1;36m#1019[0m SKIP tension=[1;36m0.00000922[0m [0m| momentum_too_small [1;31mconf=0.0[0m
mode=OFF radar_adj=0 mom= conf=0
[1;36m23:08:30[0m [1;32mx13[0m [1;36m#1020[0m SKIP tension=[1;36m0.00000000[0m [0m| momentum_too_small [1;31mconf=0.2706[0m
mode=OFF radar_adj=0 mom= conf=0
[1;36m23:08:40[0m [1;32mx13[0m [1;36m#1021[0m SKIP tension=[1;36m0.00000000[0m [0m| momentum_too_small [1;31mconf=0.2706[0m
mode=OFF radar_adj=0 mom= conf=0
[1;36m23:08:50[0m [1;32mx13[0m [1;36m#1022[0m SKIP tension=[1;36m0.00000592[0m [0m| momentum_too_small [1;31mconf=0.0[0m
mode=OFF radar_adj=0 mom= conf=0
[1;36m23:08:59[0m [1;32mx13[0m [1;36m#1023[0m SKIP tension=[1;36m0.00000206[0m [0m| momentum_too_small [1;31mconf=0.0[0m
mode=OFF radar_adj=0 mom= conf=0
[1;36m23:09:09[0m [1;32mx13[0m [1;36m#1024[0m SKIP tension=[1;36m0.00000000[0m [0m| momentum_too_small [1;31mconf=0.2755[0m
mode=OFF radar_adj=0 mom= conf=0
[1;36m23:09:19[0m [1;32mx13[0m [1;36m#1025[0m SKIP tension=[1;36m0.00000000[0m [0m| momentum_too_small [1;31mconf=0.2971[0m
mode=OFF radar_adj=0 mom= conf=0
[1;36m23:09:28[0m [1;32mx13[0m [1;36m#1026[0m SKIP tension=[1;36m0.00000000[0m [0m| momentum_too_small [1;31mconf=0.2706[0m
mode=OFF radar_adj=0 mom= conf=0
[1;36m23:09:38[0m [1;32mx13[0m [1;36m#1027[0m SKIP tension=[1;36m0.00000000[0m [0m| momentum_too_small [1;31mconf=0.2845[0m
mode=OFF radar_adj=0 mom= conf=0
[1;36m23:09:47[0m [1;32mx13[0m [1;36m#1028[0m SKIP tension=[1;36m0.00000000[0m [0m| momentum_too_small [1;31mconf=0.3065[0m
mode=OFF radar_adj=0 mom= conf=0
[1;36m23:09:58[0m [1;32mx13[0m [1;36m#1029[0m SKIP tension=[1;36m0.00000000[0m [0m| momentum_too_small [1;31mconf=0.3357[0m
mode=OFF radar_adj=0 mom= conf=0
[1;36m23:10:07[0m [1;32mx13[0m [1;36m#1030[0m SKIP tension=[1;36m0.10584092[0m [0m| direction_unclear [1;31mconf=0.0132[0m
mode=OFF radar_adj=0 mom= conf=0
[1;36m23:10:19[0m [1;32mx13[0m [1;36m#1031[0m SKIP tension=[1;31m3.47382161[0m [0m| duo no_trigger
mode=OFF radar_adj=0 mom= conf=0
[1;36m23:10:29[0m [1;32mx13[0m [1;36m#1032[0m SKIP tension=[1;36m0.00000000[0m [0m| momentum_too_small [1;31mconf=0.3364[0m
mode=OFF radar_adj=0 mom= conf=0
[1;36m23:10:39[0m [1;32mx13[0m [1;36m#1033[0m SKIP tension=[1;36m0.15394280[0m [0m| direction_unclear [1;31mconf=0.1989[0m
mode=OFF radar_adj=0 mom= conf=0
[1;36m23:10:50[0m [1;32mx13[0m [1;36m#1034[0m SKIP tension=[1;36m0.00000000[0m [0m| momentum_too_small [1;31mconf=0.2717[0m
mode=OFF radar_adj=0 mom= conf=0
[1;36m23:11:00[0m [1;32mx13[0m [1;36m#1035[0m SKIP tension=[1;36m0.00001765[0m [0m| momentum_too_small [1;31mconf=0.0[0m
mode=OFF radar_adj=0 mom= conf=0
[1;36m23:11:10[0m [1;32mx13[0m [1;36m#1036[0m SKIP tension=[1;36m0.00004684[0m [0m| momentum_too_small [1;31mconf=0.0001[0m
mode=OFF radar_adj=0 mom= conf=0
[1;36m23:11:20[0m [1;32mx13[0m [1;36m#1037[0m SKIP [1;33m| tension_stale age=5397ms>800ms (NUAGE)[0m
mode=OFF radar_adj=0 mom= conf=0
[1;36m23:11:30[0m [1;32mx13[0m [1;36m#1038[0m SKIP tension=[1;36m0.00000000[0m [0m| momentum_too_small [1;31mconf=0.3326[0m
mode=OFF radar_adj=0 mom= conf=0
[1;36m23:11:40[0m [1;32mx13[0m [1;36m#1039[0m SKIP tension=[1;36m0.00001277[0m [0m| momentum_too_small [1;31mconf=0.0[0m
mode=OFF radar_adj=0 mom= conf=0
[1;36m23:11:49[0m [1;32mx13[0m [1;36m#1040[0m SKIP tension=[1;36m0.16590355[0m [0m| direction_unclear [1;31mconf=0.2174[0m
mode=OFF radar_adj=0 mom= conf=0
[1;36m23:12:00[0m [1;32mx13[0m [1;36m#1041[0m SKIP [1;33m| tension_stale age=8320ms>800ms (NUAGE)[0m
mode=OFF radar_adj=0 mom= conf=0
[1;36m23:12:13[0m [1;32mx13[0m [1;36m#1042[0m SKIP tension=[1;36m0.59699226[0m [0m| wall_not_collapsed
mode=OFF radar_adj=0 mom= conf=0
[1;36m23:12:23[0m [1;32mx13[0m [1;36m#1043[0m SKIP tension=[1;36m0.59678482[0m [0m| wall_not_collapsed
mode=OFF radar_adj=0 mom= conf=0
[1;36m23:12:33[0m [1;32mx13[0m [1;36m#1044[0m SKIP tension=[1;36m0.21197938[0m [0m| wall_not_collapsed
mode=OFF radar_adj=0 mom= conf=0
[1;36m23:12:42[0m [1;32mx13[0m [1;36m#1045[0m SKIP tension=[1;36m0.00001357[0m [0m| momentum_too_small [1;31mconf=0.0[0m
mode=OFF radar_adj=0 mom= conf=0
[1;36m23:12:52[0m [1;32mx13[0m [1;36m#1046[0m SKIP tension=[1;36m0.00000000[0m [0m| momentum_too_small [1;31mconf=0.271[0m
mode=OFF radar_adj=0 mom= conf=0
[1;36m23:13:03[0m [1;32mx13[0m [1;36m#1047[0m SKIP tension=[1;36m0.00001095[0m [0m| momentum_too_small [1;31mconf=0.0[0m
mode=OFF radar_adj=0 mom= conf=0
[1;36m23:13:12[0m [1;32mx13[0m [1;36m#1048[0m SKIP tension=[1;36m0.00000968[0m [0m| momentum_too_small [1;31mconf=0.0[0m
mode=OFF radar_adj=0 mom= conf=0
[1;36m23:13:22[0m [1;32mx13[0m [1;36m#1049[0m SKIP tension=[1;36m0.00000740[0m [0m| momentum_too_small [1;31mconf=0.0[0m
mode=OFF radar_adj=0 mom= conf=0
[1;36m23:13:32[0m [1;32mx13[0m [1;36m#1050[0m SKIP tension=[1;36m0.00001288[0m [0m| momentum_too_small [1;31mconf=0.0[0m
mode=OFF radar_adj=0 mom= conf=0
[1;36m23:13:42[0m [1;32mx13[0m [1;36m#1051[0m SKIP tension=[1;36m0.14489814[0m [0m| direction_unclear [1;31mconf=0.2035[0m
mode=OFF radar_adj=0 mom= conf=0
[1;36m23:13:51[0m [1;32mx13[0m [1;36m#1052[0m SKIP tension=[1;36m0.00043624[0m [0m| momentum_too_small [1;31mconf=0.0006[0m
mode=OFF radar_adj=0 mom= conf=0
[1;36m23:14:02[0m [1;32mx13[0m [1;36m#1053[0m SKIP tension=[1;36m0.00001261[0m [0m| momentum_too_small [1;31mconf=0.0[0m
mode=OFF radar_adj=0 mom= conf=0
[1;36m23:14:12[0m [1;32mx13[0m [1;36m#1054[0m SKIP tension=[1;36m0.00000000[0m [0m| momentum_too_small [1;31mconf=0.2866[0m
mode=OFF radar_adj=0 mom= conf=0
[1;36m23:14:21[0m [1;32mx13[0m [1;36m#1055[0m SKIP tension=[1;36m0.00000877[0m [0m| momentum_too_small [1;31mconf=0.0[0m
mode=OFF radar_adj=0 mom= conf=0
[1;36m23:14:31[0m [1;32mx13[0m [1;36m#1056[0m SKIP tension=[1;36m0.00000877[0m [0m| momentum_too_small [1;31mconf=0.0[0m
mode=OFF radar_adj=0 mom= conf=0
[1;36m23:14:41[0m [1;32mx13[0m [1;36m#1057[0m SKIP tension=[1;36m0.00001453[0m [0m| momentum_too_small [1;31mconf=0.0[0m
mode=OFF radar_adj=0 mom= conf=0
[1;36m23:14:51[0m [1;32mx13[0m [1;36m#1058[0m SKIP tension=[1;36m0.00000000[0m [0m| momentum_too_small [1;31mconf=0.3075[0m
mode=OFF radar_adj=0 mom= conf=0
[1;36m23:15:03[0m [1;32mx13[0m [1;36m#1059[0m SKIP tension=[1;36m0.14341403[0m [0m| direction_unclear [1;31mconf=0.0103[0m
mode=OFF radar_adj=0 mom= conf=0
[1;36m23:15:12[0m [1;32mx13[0m [1;36m#1060[0m SKIP tension=[1;36m0.00000870[0m [0m| momentum_too_small [1;31mconf=0.0[0m
mode=OFF radar_adj=0 mom= conf=0
[1;36m23:15:23[0m [1;32mx13[0m [1;36m#1061[0m SKIP tension=[1;36m0.00000924[0m [0m| momentum_too_small [1;31mconf=0.0[0m
mode=OFF radar_adj=0 mom= conf=0
[1;36m23:15:32[0m [1;32mx13[0m [1;36m#1062[0m SKIP tension=[1;36m0.00001005[0m [0m| momentum_too_small [1;31mconf=0.0[0m
mode=OFF radar_adj=0 mom= conf=0
[1;36m23:15:42[0m [1;32mx13[0m [1;36m#1063[0m SKIP tension=[1;36m0.00001481[0m [0m| momentum_too_small [1;31mconf=0.0[0m
mode=OFF radar_adj=0 mom= conf=0
[1;36m23:15:52[0m [1;32mx13[0m [1;36m#1064[0m SKIP tension=[1;36m0.00001180[0m [0m| momentum_too_small [1;31mconf=0.0[0m
mode=OFF radar_adj=0 mom= conf=0
[1;36m23:16:02[0m [1;32mx13[0m [1;36m#1065[0m SKIP tension=[1;36m0.00001015[0m [0m| momentum_too_small [1;31mconf=0.0[0m
mode=OFF radar_adj=0 mom= conf=0
[1;36m23:16:12[0m [1;32mx13[0m [1;36m#1066[0m SKIP tension=[1;36m0.00001592[0m [0m| momentum_too_small [1;31mconf=0.0[0m
mode=OFF radar_adj=0 mom= conf=0
[1;36m23:16:21[0m [1;32mx13[0m [1;36m#1067[0m SKIP tension=[1;36m0.00000816[0m [0m| momentum_too_small [1;31mconf=0.0[0m
mode=OFF radar_adj=0 mom= conf=0
[1;36m23:16:31[0m [1;32mx13[0m [1;36m#1068[0m SKIP tension=[1;36m0.00000979[0m [0m| momentum_too_small [1;31mconf=0.0[0m
mode=OFF radar_adj=0 mom= conf=0
[1;36m23:16:41[0m [1;32mx13[0m [1;36m#1069[0m SKIP tension=[1;36m0.00003970[0m [0m| momentum_too_small [1;31mconf=0.0[0m
mode=OFF radar_adj=0 mom= conf=0
[1;36m23:16:51[0m [1;32mx13[0m [1;36m#1070[0m SKIP tension=[1;36m0.00004103[0m [0m| momentum_too_small [1;31mconf=0.0[0m
mode=OFF radar_adj=0 mom= conf=0
[1;36m23:17:02[0m [1;32mx13[0m [1;36m#1071[0m SKIP tension=[1;36m0.00000000[0m [0m| momentum_too_small [1;31mconf=0.349[0m
mode=OFF radar_adj=0 mom= conf=0
[1;36m23:17:12[0m [1;32mx13[0m [1;36m#1072[0m SKIP tension=[1;36m0.00010144[0m [0m| momentum_too_small [1;31mconf=0.0002[0m
mode=OFF radar_adj=0 mom= conf=0
[1;36m23:17:22[0m [1;32mx13[0m [1;36m#1073[0m SKIP tension=[1;36m0.00000000[0m [0m| momentum_too_small [1;31mconf=0.3497[0m
mode=OFF radar_adj=0 mom= conf=0
[1;36m23:17:31[0m [1;32mx13[0m [1;36m#1074[0m SKIP tension=[1;36m0.00002341[0m [0m| momentum_too_small [1;31mconf=0.0[0m
mode=OFF radar_adj=0 mom= conf=0
[1;36m23:17:41[0m [1;32mx13[0m [1;36m#1075[0m SKIP tension=[1;36m0.00000000[0m [0m| momentum_too_small [1;31mconf=0.3472[0m
mode=OFF radar_adj=0 mom= conf=0
[1;36m23:17:50[0m [1;32mx13[0m [1;36m#1076[0m SKIP tension=[1;36m0.32298738[0m [0m| wall_not_collapsed
mode=OFF radar_adj=0 mom= conf=0
[1;36m23:18:01[0m [1;32mx13[0m [1;36m#1077[0m SKIP tension=[1;36m0.00000000[0m [0m| momentum_too_small [1;31mconf=0.3469[0m
mode=OFF radar_adj=0 mom= conf=0
[1;36m23:18:10[0m [1;32mx13[0m [1;36m#1078[0m SKIP tension=[1;36m0.00372757[0m [0m| momentum_too_small [1;31mconf=0.0062[0m
mode=OFF radar_adj=0 mom= conf=0
[1;36m23:18:20[0m [1;32mx13[0m [1;36m#1079[0m SKIP tension=[1;36m0.00000000[0m [0m| momentum_too_small [1;31mconf=0.3469[0m
mode=OFF radar_adj=0 mom= conf=0
[1;36m23:18:30[0m [1;32mx13[0m [1;36m#1080[0m SKIP tension=[1;36m0.00006143[0m [0m| momentum_too_small [1;31mconf=0.0001[0m
mode=OFF radar_adj=0 mom= conf=0
[1;36m23:18:40[0m [1;32mx13[0m [1;36m#1081[0m SKIP tension=[1;36m0.00000000[0m [0m| momentum_too_small [1;31mconf=0.3458[0m
mode=OFF radar_adj=0 mom= conf=0
[1;36m23:18:50[0m [1;32mx13[0m [1;36m#1082[0m SKIP tension=[1;36m0.00000000[0m [0m| momentum_too_small [1;31mconf=0.3441[0m
mode=OFF radar_adj=0 mom= conf=0
[1;36m23:19:01[0m [1;32mx13[0m [1;36m#1083[0m SKIP tension=[1;36m0.00000000[0m [0m| momentum_too_small [1;31mconf=0.3441[0m
mode=OFF radar_adj=0 mom= conf=0
[1;36m23:19:10[0m [1;32mx13[0m [1;36m#1084[0m SKIP tension=[1;36m0.00445508[0m [0m| momentum_too_small [1;31mconf=0.0073[0m
mode=OFF radar_adj=0 mom= conf=0
[1;36m23:19:20[0m [1;32mx13[0m [1;36m#1085[0m SKIP tension=[1;36m0.00000000[0m [0m| momentum_too_small [1;31mconf=0.3458[0m
mode=OFF radar_adj=0 mom= conf=0
[1;36m23:19:29[0m [1;32mx13[0m [1;36m#1086[0m SKIP tension=[1;36m0.00000000[0m [0m| momentum_too_small [1;31mconf=0.3437[0m
mode=OFF radar_adj=0 mom= conf=0
[1;36m23:19:39[0m [1;32mx13[0m [1;36m#1087[0m SKIP tension=[1;36m0.00000000[0m [0m| momentum_too_small [1;31mconf=0.3361[0m
mode=OFF radar_adj=0 mom= conf=0
[1;36m23:19:49[0m [1;32mx13[0m [1;36m#1088[0m SKIP tension=[1;36m0.01454803[0m [0m| direction_unclear [1;31mconf=0.0242[0m
mode=OFF radar_adj=0 mom= conf=0
[1;36m23:20:00[0m [1;32mx13[0m [1;36m#1089[0m SKIP tension=[1;36m0.00000000[0m [0m| momentum_too_small [1;31mconf=0.3497[0m
mode=OFF radar_adj=0 mom= conf=0
[1;36m23:20:11[0m [1;32mx13[0m [1;36m#1090[0m SKIP tension=[1;36m0.00371550[0m [0m| momentum_too_small [1;31mconf=0.0059[0m
mode=OFF radar_adj=0 mom= conf=0
[1;36m23:20:20[0m [1;32mx13[0m [1;36m#1091[0m SKIP tension=[1;36m0.77973757[0m [0m| wall_not_collapsed
mode=OFF radar_adj=0 mom= conf=0
[1;36m23:20:30[0m [1;32mx13[0m [1;36m#1092[0m SKIP tension=[1;36m0.00000564[0m [0m| momentum_too_small [1;31mconf=0.0[0m
mode=OFF radar_adj=0 mom= conf=0
[1;36m23:20:40[0m [1;32mx13[0m [1;36m#1093[0m SKIP tension=[1;36m0.00000000[0m [0m| momentum_too_small [1;31mconf=0.3476[0m
mode=OFF radar_adj=0 mom= conf=0
[1;36m23:20:50[0m [1;32mx13[0m [1;36m#1094[0m SKIP tension=[1;36m0.63406251[0m [0m| wall_not_collapsed
mode=OFF radar_adj=0 mom= conf=0
[1;36m23:21:01[0m [1;32mx13[0m [1;36m#1095[0m SKIP tension=[1;36m0.00000483[0m [0m| momentum_too_small [1;31mconf=0.0[0m
mode=OFF radar_adj=0 mom= conf=0
[1;36m23:21:11[0m [1;32mx13[0m [1;36m#1096[0m SKIP tension=[1;36m0.00000000[0m [0m| momentum_too_small [1;31mconf=0.3322[0m
mode=OFF radar_adj=0 mom= conf=0
[1;36m23:21:20[0m [1;32mx13[0m [1;36m#1097[0m SKIP tension=[1;33m0.98779536[0m [0m| wall_not_collapsed
mode=OFF radar_adj=0 mom= conf=0
[1;36m23:21:30[0m [1;32mx13[0m [1;36m#1098[0m SKIP tension=[1;36m0.00000000[0m [0m| momentum_too_small [1;31mconf=0.3322[0m
mode=OFF radar_adj=0 mom= conf=0
[1;36m23:21:39[0m [1;32mx13[0m [1;36m#1099[0m SKIP tension=[1;36m0.00072716[0m [0m| momentum_too_small [1;31mconf=0.0012[0m
mode=OFF radar_adj=0 mom= conf=0
[1;36m23:21:48[0m [1;32mx13[0m [1;36m#1100[0m SKIP tension=[1;36m0.00000000[0m [0m| momentum_too_small [1;31mconf=0.3458[0m
mode=OFF radar_adj=0 mom= conf=0
[1;36m23:21:59[0m [1;32mx13[0m [1;36m#1101[0m SKIP tension=[1;36m0.02456425[0m [0m| direction_unclear [1;31mconf=0.0405[0m
mode=OFF radar_adj=0 mom= conf=0
[1;36m23:22:09[0m [1;32mx13[0m [1;36m#1102[0m SKIP tension=[1;36m0.00376084[0m [0m| momentum_too_small [1;31mconf=0.0062[0m
mode=OFF radar_adj=0 mom= conf=0
[1;36m23:22:18[0m [1;32mx13[0m [1;36m#1103[0m SKIP tension=[1;36m0.00000000[0m [0m| momentum_too_small [1;31mconf=0.3322[0m
mode=OFF radar_adj=0 mom= conf=0
[1;36m23:22:28[0m [1;32mx13[0m [1;36m#1104[0m SKIP tension=[1;36m0.00000000[0m [0m| momentum_too_small [1;31mconf=0.3197[0m
mode=OFF radar_adj=0 mom= conf=0
[1;36m23:22:37[0m [1;32mx13[0m [1;36m#1105[0m SKIP tension=[1;36m0.00000000[0m [0m| momentum_too_small [1;31mconf=0.3162[0m
mode=OFF radar_adj=0 mom= conf=0
[1;36m23:22:47[0m [1;32mx13[0m [1;36m#1106[0m SKIP tension=[1;36m0.58862638[0m [0m| wall_not_collapsed
mode=OFF radar_adj=0 mom= conf=0
[1;36m23:22:57[0m [1;32mx13[0m [1;36m#1107[0m SKIP tension=[1;36m0.00000000[0m [0m| momentum_too_small [1;31mconf=0.3479[0m
mode=OFF radar_adj=0 mom= conf=0
[1;36m23:23:07[0m [1;32mx13[0m [1;36m#1108[0m SKIP tension=[1;36m0.15257322[0m [0m| direction_unclear [1;31mconf=0.2528[0m
mode=OFF radar_adj=0 mom= conf=0
[1;36m23:23:17[0m [1;32mx13[0m [1;36m#1109[0m SKIP tension=[1;36m0.00000000[0m [0m| momentum_too_small [1;31mconf=0.3479[0m
mode=OFF radar_adj=0 mom= conf=0
[1;36m23:23:26[0m [1;32mx13[0m [1;36m#1110[0m SKIP tension=[1;36m0.00000000[0m [0m| momentum_too_small [1;31mconf=0.3479[0m
mode=OFF radar_adj=0 mom= conf=0
[1;36m23:23:36[0m [1;32mx13[0m [1;36m#1111[0m SKIP tension=[1;36m0.00001450[0m [0m| momentum_too_small [1;31mconf=0.0[0m
mode=OFF radar_adj=0 mom= conf=0
[1;36m23:23:46[0m [1;32mx13[0m [1;36m#1112[0m SKIP tension=[1;36m0.00001481[0m [0m| momentum_too_small [1;31mconf=0.0[0m
mode=OFF radar_adj=0 mom= conf=0
[1;36m23:23:56[0m [1;32mx13[0m [1;36m#1113[0m SKIP tension=[1;36m0.19076431[0m [0m| direction_unclear [1;31mconf=0.316[0m
mode=OFF radar_adj=0 mom= conf=0
[1;36m23:24:06[0m [1;32mx13[0m [1;36m#1114[0m SKIP tension=[1;36m0.00098199[0m [0m| momentum_too_small [1;31mconf=0.0014[0m
mode=OFF radar_adj=0 mom= conf=0
[1;36m23:24:15[0m [1;32mx13[0m [1;36m#1115[0m SKIP tension=[1;36m0.00000000[0m [0m| momentum_too_small [1;31mconf=0.2894[0m
mode=OFF radar_adj=0 mom= conf=0
[1;36m23:24:26[0m [1;32mx13[0m [1;36m#1116[0m SKIP tension=[1;31m2.65760140[0m [0m| duo no_trigger
mode=OFF radar_adj=0 mom= conf=0
[1;36m23:24:35[0m [1;32mx13[0m [1;36m#1117[0m SKIP tension=[1;36m0.00000000[0m [0m| momentum_too_small [1;31mconf=0.3382[0m
mode=OFF radar_adj=0 mom= conf=0
[1;36m23:24:45[0m [1;32mx13[0m [1;36m#1118[0m SKIP tension=[1;36m0.00000000[0m [0m| momentum_too_small [1;31mconf=0.2817[0m
mode=OFF radar_adj=0 mom= conf=0
[1;36m23:24:55[0m [1;32mx13[0m [1;36m#1119[0m SKIP tension=[1;36m0.00000000[0m [0m| momentum_too_small [1;31mconf=0.3315[0m
mode=OFF radar_adj=0 mom= conf=0
[1;36m23:25:05[0m [1;32mx13[0m [1;36m#1120[0m SKIP tension=[1;36m0.00000000[0m [0m| momentum_too_small [1;31mconf=0.3287[0m
mode=OFF radar_adj=0 mom= conf=0
[1;36m23:25:14[0m [1;32mx13[0m [1;36m#1121[0m SKIP tension=[1;36m0.00286736[0m [0m| momentum_too_small [1;31mconf=0.0037[0m
mode=OFF radar_adj=0 mom= conf=0
[1;36m23:25:24[0m [1;32mx13[0m [1;36m#1122[0m SKIP tension=[1;36m0.00000000[0m [0m| spread_too_wide [1;31mconf=0.0[0m
mode=OFF radar_adj=0 mom= conf=0
[1;36m23:25:34[0m [1;32mx13[0m [1;36m#1123[0m SKIP tension=[1;31m2.31147157[0m [0m| tactic short vs long
mode=OFF radar_adj=0 mom= conf=0
[1;36m23:25:43[0m [1;32mx13[0m [1;36m#1124[0m SKIP tension=[1;36m0.00000000[0m [0m| spread_too_wide [1;31mconf=0.0[0m
mode=OFF radar_adj=0 mom= conf=0
[1;36m23:25:53[0m [1;32mx13[0m [1;36m#1125[0m SKIP tension=[1;36m0.00000214[0m [0m| spread_too_wide [1;31mconf=0.0[0m
mode=OFF radar_adj=0 mom= conf=0
[1;36m23:26:04[0m [1;32mx13[0m [1;36m#1126[0m SKIP tension=[1;36m0.17392289[0m [0m| direction_unclear [1;31mconf=0.0115[0m
mode=OFF radar_adj=0 mom= conf=0
[1;36m23:26:13[0m [1;32mx13[0m [1;36m#1127[0m SKIP tension=[1;36m0.00000000[0m [0m| momentum_too_small [1;31mconf=0.3476[0m
mode=OFF radar_adj=0 mom= conf=0
[1;36m23:26:23[0m [1;32mx13[0m [1;36m#1128[0m SKIP tension=[1;36m0.00001762[0m [0m| momentum_too_small [1;31mconf=0.0[0m
mode=OFF radar_adj=0 mom= conf=0
[1;36m23:26:34[0m [1;32mx13[0m [1;36m#1129[0m SKIP [1;33m| tension_stale age=8874ms>800ms (NUAGE)[0m
mode=OFF radar_adj=0 mom= conf=0
[1;36m23:26:45[0m [1;32mx13[0m [1;36m#1130[0m SKIP tension=[1;31m2.75916669[0m [0m| duo no_trigger
mode=OFF radar_adj=0 mom= conf=0
[1;36m23:26:56[0m [1;32mx13[0m [1;36m#1131[0m SKIP tension=[1;32m1.18175088[0m [0m| duo no_trigger
mode=OFF radar_adj=0 mom= conf=0
[1;36m23:27:06[0m [1;32mx13[0m [1;36m#1132[0m SKIP tension=[1;36m0.00017051[0m [0m| momentum_too_small [1;31mconf=0.0003[0m
mode=OFF radar_adj=0 mom= conf=0
[1;36m23:27:16[0m [1;32mx13[0m [1;36m#1133[0m SKIP tension=[1;36m0.00000000[0m [0m| momentum_too_small [1;31mconf=0.3308[0m
mode=OFF radar_adj=0 mom= conf=0
[1;36m23:27:26[0m [1;32mx13[0m [1;36m#1134[0m SKIP tension=[1;32m1.84803053[0m [0m| duo no_trigger
mode=OFF radar_adj=0 mom= conf=0
[1;36m23:27:36[0m [1;32mx13[0m [1;36m#1135[0m SKIP tension=[1;36m0.00000000[0m [0m| momentum_too_small [1;31mconf=0.3479[0m
mode=OFF radar_adj=0 mom= conf=0
[1;36m23:27:46[0m [1;32mx13[0m [1;36m#1136[0m SKIP tension=[1;36m0.00031219[0m [0m| momentum_too_small [1;31mconf=0.0005[0m
mode=OFF radar_adj=0 mom= conf=0
[1;36m23:27:56[0m [1;32mx13[0m [1;36m#1137[0m SKIP tension=[1;36m0.00000000[0m [0m| momentum_too_small [1;31mconf=0.3308[0m
mode=OFF radar_adj=0 mom= conf=0
[1;36m23:28:06[0m [1;32mx13[0m [1;36m#1138[0m SKIP tension=[1;36m0.00000000[0m [0m| momentum_too_small [1;31mconf=0.3312[0m
mode=OFF radar_adj=0 mom= conf=0
[1;36m23:28:16[0m [1;32mx13[0m [1;36m#1139[0m SKIP tension=[1;36m0.00000391[0m [0m| momentum_too_small [1;31mconf=0.0[0m
mode=OFF radar_adj=0 mom= conf=0
[1;36m23:28:25[0m [1;32mx13[0m [1;36m#1140[0m SKIP tension=[1;36m0.00175183[0m [0m| momentum_too_small [1;31mconf=0.0029[0m
mode=OFF radar_adj=0 mom= conf=0
[1;36m23:28:35[0m [1;32mx13[0m [1;36m#1141[0m SKIP tension=[1;36m0.00000000[0m [0m| momentum_too_small [1;31mconf=0.3455[0m
mode=OFF radar_adj=0 mom= conf=0
[1;36m23:28:45[0m [1;32mx13[0m [1;36m#1142[0m SKIP tension=[1;36m0.00000000[0m [0m| momentum_too_small [1;31mconf=0.3455[0m
mode=OFF radar_adj=0 mom= conf=0
[1;36m23:28:56[0m [1;32mx13[0m [1;36m#1143[0m SKIP tension=[1;36m0.00000000[0m [0m| momentum_too_small [1;31mconf=0.3308[0m
mode=OFF radar_adj=0 mom= conf=0
[1;36m23:29:06[0m [1;32mx13[0m [1;36m#1144[0m SKIP tension=[1;36m0.52918481[0m [0m| wall_not_collapsed
mode=OFF radar_adj=0 mom= conf=0
[1;36m23:29:15[0m [1;32mx13[0m [1;36m#1145[0m SKIP tension=[1;36m0.39712440[0m [0m| wall_not_collapsed
mode=OFF radar_adj=0 mom= conf=0
[1;36m23:29:25[0m [1;32mx13[0m [1;36m#1146[0m SKIP tension=[1;36m0.00000018[0m [0m| momentum_too_small [1;31mconf=0.0[0m
mode=OFF radar_adj=0 mom= conf=0
[1;36m23:29:35[0m [1;32mx13[0m [1;36m#1147[0m SKIP tension=[1;36m0.00000000[0m [0m| momentum_too_small [1;31mconf=0.3448[0m
mode=OFF radar_adj=0 mom= conf=0
[1;36m23:29:45[0m [1;32mx13[0m [1;36m#1148[0m SKIP tension=[1;32m1.53657300[0m [0m| duo no_trigger
mode=OFF radar_adj=0 mom= conf=0
[1;36m23:29:56[0m [1;32mx13[0m [1;36m#1149[0m SKIP tension=[1;36m0.00000000[0m [0m| momentum_too_small [1;31mconf=0.3476[0m
mode=OFF radar_adj=0 mom= conf=0
[1;36m23:30:05[0m [1;32mx13[0m [1;36m#1150[0m SKIP tension=[1;36m0.00000000[0m [0m| momentum_too_small [1;31mconf=0.3427[0m
mode=OFF radar_adj=0 mom= conf=0
[1;36m23:30:15[0m [1;32mx13[0m [1;36m#1151[0m SKIP tension=[1;36m0.00000020[0m [0m| momentum_too_small [1;31mconf=0.0[0m
mode=OFF radar_adj=0 mom= conf=0
[1;36m23:30:25[0m [1;32mx13[0m [1;36m#1152[0m SKIP tension=[1;36m0.00411140[0m [0m| momentum_too_small [1;31mconf=0.0067[0m
mode=OFF radar_adj=0 mom= conf=0
[1;36m23:30:35[0m [1;32mx13[0m [1;36m#1153[0m SKIP tension=[1;31m2.74280592[0m [0m| duo no_trigger
mode=OFF radar_adj=0 mom= conf=0
[1;36m23:30:45[0m [1;32mx13[0m [1;36m#1154[0m SKIP tension=[1;36m0.10630739[0m [0m| direction_unclear [1;31mconf=0.1733[0m
mode=OFF radar_adj=0 mom= conf=0
[1;36m23:30:55[0m [1;32mx13[0m [1;36m#1155[0m SKIP tension=[1;36m0.35753103[0m [0m| wall_not_collapsed
mode=OFF radar_adj=0 mom= conf=0
[1;36m23:31:05[0m [1;32mx13[0m [1;36m#1156[0m SKIP tension=[1;36m0.00028619[0m [0m| momentum_too_small [1;31mconf=0.0005[0m
mode=OFF radar_adj=0 mom= conf=0
[1;36m23:31:15[0m [1;32mx13[0m [1;36m#1157[0m SKIP tension=[1;36m0.00000000[0m [0m| momentum_too_small [1;31mconf=0.3423[0m
mode=OFF radar_adj=0 mom= conf=0
[1;36m23:31:24[0m [1;32mx13[0m [1;36m#1158[0m SKIP tension=[1;36m0.00001628[0m [0m| momentum_too_small [1;31mconf=0.0[0m
mode=OFF radar_adj=0 mom= conf=0
[1;36m23:31:34[0m [1;32mx13[0m [1;36m#1159[0m SKIP tension=[1;36m0.00000000[0m [0m| momentum_too_small [1;31mconf=0.349[0m
mode=OFF radar_adj=0 mom= conf=0
[1;36m23:31:43[0m [1;32mx13[0m [1;36m#1160[0m SKIP tension=[1;36m0.00000993[0m [0m| momentum_too_small [1;31mconf=0.0[0m
mode=OFF radar_adj=0 mom= conf=0
[1;36m23:31:53[0m [1;32mx13[0m [1;36m#1161[0m SKIP tension=[1;36m0.00000000[0m [0m| momentum_too_small [1;31mconf=0.3444[0m
mode=OFF radar_adj=0 mom= conf=0
[1;36m23:32:04[0m [1;32mx13[0m [1;36m#1162[0m SKIP tension=[1;31m2.07482228[0m [0m| duo no_trigger
mode=OFF radar_adj=0 mom= conf=0
[1;36m23:32:15[0m [1;32mx13[0m [1;36m#1163[0m SKIP tension=[1;32m1.28345050[0m [0m| duo no_trigger
mode=OFF radar_adj=0 mom= conf=0
[1;36m23:32:25[0m [1;32mx13[0m [1;36m#1164[0m SKIP tension=[1;31m2.59888783[0m [0m| duo no_trigger
mode=OFF radar_adj=0 mom= conf=0
[1;36m23:32:35[0m [1;32mx13[0m [1;36m#1165[0m SKIP tension=[1;36m0.00001183[0m [0m| momentum_too_small [1;31mconf=0.0[0m
mode=OFF radar_adj=0 mom= conf=0
[1;36m23:32:45[0m [1;32mx13[0m [1;36m#1166[0m SKIP tension=[1;36m0.00000535[0m [0m| momentum_too_small [1;31mconf=0.0[0m
mode=OFF radar_adj=0 mom= conf=0
[1;36m23:32:56[0m [1;32mx13[0m [1;36m#1167[0m SKIP tension=[1;36m0.00031942[0m [0m| momentum_too_small [1;31mconf=0.0005[0m
mode=OFF radar_adj=0 mom= conf=0
[1;36m23:33:05[0m [1;32mx13[0m [1;36m#1168[0m SKIP tension=[1;36m0.00070689[0m [0m| momentum_too_small [1;31mconf=0.0011[0m
mode=OFF radar_adj=0 mom= conf=0
[1;36m23:33:15[0m [1;32mx13[0m [1;36m#1169[0m SKIP tension=[1;36m0.00002814[0m [0m| momentum_too_small [1;31mconf=0.0[0m
mode=OFF radar_adj=0 mom= conf=0
[1;36m23:33:25[0m [1;32mx13[0m [1;36m#1170[0m SKIP tension=[1;36m0.77199227[0m [0m| wall_not_collapsed
mode=OFF radar_adj=0 mom= conf=0
[1;36m23:33:34[0m [1;32mx13[0m [1;36m#1171[0m SKIP tension=[1;36m0.00000527[0m [0m| momentum_too_small [1;31mconf=0.0[0m
mode=OFF radar_adj=0 mom= conf=0
[1;36m23:33:44[0m [1;32mx13[0m [1;36m#1172[0m SKIP [1;33m| tension_stale age=2176ms>800ms (NUAGE)[0m
mode=OFF radar_adj=0 mom= conf=0
[1;36m23:33:56[0m [1;32mx13[0m [1;36m#1173[0m SKIP tension=[1;36m0.00000000[0m [0m| momentum_too_small [1;31mconf=0.3312[0m
mode=OFF radar_adj=0 mom= conf=0
[1;36m23:34:06[0m [1;32mx13[0m [1;36m#1174[0m SKIP tension=[1;36m0.21550113[0m [0m| wall_not_collapsed
mode=OFF radar_adj=0 mom= conf=0
[1;36m23:34:16[0m [1;32mx13[0m [1;36m#1175[0m SKIP tension=[1;36m0.00007158[0m [0m| momentum_too_small [1;31mconf=0.0001[0m
mode=OFF radar_adj=0 mom= conf=0
[1;36m23:34:26[0m [1;32mx13[0m [1;36m#1176[0m SKIP tension=[1;36m0.10753644[0m [0m| direction_unclear [1;31mconf=0.1649[0m
mode=OFF radar_adj=0 mom= conf=0
[1;36m23:34:36[0m [1;32mx13[0m [1;36m#1177[0m SKIP tension=[1;36m0.02389221[0m [0m| direction_unclear [1;31mconf=0.0398[0m
mode=OFF radar_adj=0 mom= conf=0
[1;36m23:34:45[0m [1;32mx13[0m [1;36m#1178[0m SKIP tension=[1;36m0.00000000[0m [0m| momentum_too_small [1;31mconf=0.3497[0m
mode=OFF radar_adj=0 mom= conf=0
[1;36m23:34:56[0m [1;32mx13[0m [1;36m#1179[0m SKIP tension=[1;36m0.47929802[0m [0m| wall_not_collapsed
mode=OFF radar_adj=0 mom= conf=0
[1;36m23:35:06[0m [1;32mx13[0m [1;36m#1180[0m SKIP tension=[1;36m0.00000000[0m [0m| momentum_too_small [1;31mconf=0.3497[0m
mode=OFF radar_adj=0 mom= conf=0
[1;36m23:35:16[0m [1;32mx13[0m [1;36m#1181[0m SKIP tension=[1;36m0.00000000[0m [0m| momentum_too_small [1;31mconf=0.3497[0m
mode=OFF radar_adj=0 mom= conf=0
[1;36m23:35:25[0m [1;32mx13[0m [1;36m#1182[0m SKIP tension=[1;36m0.00004636[0m [0m| momentum_too_small [1;31mconf=0.0001[0m
mode=OFF radar_adj=0 mom= conf=0
[1;36m23:35:36[0m [1;32mx13[0m [1;36m#1183[0m SKIP tension=[1;31m2.07452341[0m [0m| duo no_trigger
mode=OFF radar_adj=0 mom= conf=0
[1;36m23:35:45[0m [1;32mx13[0m [1;36m#1184[0m SKIP tension=[1;36m0.00001914[0m [0m| momentum_too_small [1;31mconf=0.0[0m
mode=OFF radar_adj=0 mom= conf=0
[1;36m23:35:57[0m [1;32mx13[0m [1;36m#1185[0m SKIP tension=[1;36m0.00006955[0m [0m| momentum_too_small [1;31mconf=0.0001[0m
mode=OFF radar_adj=0 mom= conf=0
[1;36m23:36:07[0m [1;32mx13[0m [1;36m#1186[0m SKIP tension=[1;31m2.00532705[0m [0m| duo no_trigger
mode=OFF radar_adj=0 mom= conf=0
[1;36m23:36:18[0m [1;32mx13[0m [1;36m#1187[0m SKIP tension=[1;36m0.34345120[0m [0m| wall_not_collapsed
mode=OFF radar_adj=0 mom= conf=0
[1;36m23:36:28[0m [1;32mx13[0m [1;36m#1188[0m SKIP tension=[1;36m0.34087226[0m [0m| wall_not_collapsed
mode=OFF radar_adj=0 mom= conf=0
[1;36m23:36:37[0m [1;32mx13[0m [1;36m#1189[0m SKIP tension=[1;36m0.00000715[0m [0m| momentum_too_small [1;31mconf=0.0[0m
mode=OFF radar_adj=0 mom= conf=0
[1;36m23:36:47[0m [1;32mx13[0m [1;36m#1190[0m SKIP tension=[1;32m1.19258577[0m [0m| duo no_trigger
mode=OFF radar_adj=0 mom= conf=0
[1;36m23:36:57[0m [1;32mx13[0m [1;36m#1191[0m SKIP tension=[1;36m0.00002068[0m [0m| momentum_too_small [1;31mconf=0.0[0m
mode=OFF radar_adj=0 mom= conf=0
[1;36m23:37:07[0m [1;32mx13[0m [1;36m#1192[0m SKIP tension=[1;36m0.00001156[0m [0m| momentum_too_small [1;31mconf=0.0[0m
mode=OFF radar_adj=0 mom= conf=0
[1;36m23:37:16[0m [1;32mx13[0m [1;36m#1193[0m SKIP tension=[1;36m0.00000181[0m [0m| momentum_too_small [1;31mconf=0.0[0m
mode=OFF radar_adj=0 mom= conf=0
[1;36m23:37:27[0m [1;32mx13[0m [1;36m#1194[0m SKIP tension=[1;32m1.50053011[0m [0m| duo no_trigger
mode=OFF radar_adj=0 mom= conf=0
[1;36m23:37:37[0m [1;32mx13[0m [1;36m#1195[0m SKIP tension=[1;36m0.00642276[0m [0m| direction_unclear [1;31mconf=0.0107[0m
mode=OFF radar_adj=0 mom= conf=0
[1;36m23:37:47[0m [1;32mx13[0m [1;36m#1196[0m SKIP [1;33m| tension_stale age=8468ms>800ms (NUAGE)[0m
mode=OFF radar_adj=0 mom= conf=0
[1;36m23:37:58[0m [1;32mx13[0m [1;36m#1197[0m SKIP tension=[1;36m0.00000000[0m [0m| momentum_too_small [1;31mconf=0.3497[0m
mode=OFF radar_adj=0 mom= conf=0
[1;36m23:38:08[0m [1;32mx13[0m [1;36m#1198[0m SKIP tension=[1;36m0.00111533[0m [0m| momentum_too_small [1;31mconf=0.0019[0m
mode=OFF radar_adj=0 mom= conf=0
[1;36m23:38:17[0m [1;32mx13[0m [1;36m#1199[0m SKIP tension=[1;36m0.00009993[0m [0m| momentum_too_small [1;31mconf=0.0002[0m
mode=OFF radar_adj=0 mom= conf=0
[1;36m23:38:28[0m [1;32mx13[0m [1;36m#1200[0m SKIP [1;33m| tension_stale age=4855ms>800ms (NUAGE)[0m
mode=OFF radar_adj=0 mom= conf=0
[1;36m23:38:37[0m [1;32mx13[0m [1;36m#1201[0m SKIP tension=[1;36m0.00000000[0m [0m| momentum_too_small [1;31mconf=0.3354[0m
mode=OFF radar_adj=0 mom= conf=0
[1;36m23:38:47[0m [1;32mx13[0m [1;36m#1202[0m SKIP tension=[1;36m0.00000000[0m [0m| momentum_too_small [1;31mconf=0.3176[0m
mode=OFF radar_adj=0 mom= conf=0
[1;36m23:38:57[0m [1;32mx13[0m [1;36m#1203[0m SKIP tension=[1;36m0.00000137[0m [0m| momentum_too_small [1;31mconf=0.0[0m
mode=OFF radar_adj=0 mom= conf=0
[1;36m23:39:06[0m [1;32mx13[0m [1;36m#1204[0m SKIP tension=[1;36m0.14099546[0m [0m| direction_unclear [1;31mconf=0.2132[0m
mode=OFF radar_adj=0 mom= conf=0
[1;36m23:39:16[0m [1;32mx13[0m [1;36m#1205[0m SKIP tension=[1;36m0.00001149[0m [0m| momentum_too_small [1;31mconf=0.0[0m
mode=OFF radar_adj=0 mom= conf=0
[1;36m23:39:25[0m [1;32mx13[0m [1;36m#1206[0m SKIP tension=[1;36m0.15929963[0m [0m| direction_unclear [1;31mconf=0.2409[0m
mode=OFF radar_adj=0 mom= conf=0
[1;36m23:39:35[0m [1;32mx13[0m [1;36m#1207[0m SKIP tension=[1;36m0.00000000[0m [0m| momentum_too_small [1;31mconf=0.3176[0m
mode=OFF radar_adj=0 mom= conf=0
[1;36m23:39:45[0m [1;32mx13[0m [1;36m#1208[0m SKIP tension=[1;36m0.16278226[0m [0m| direction_unclear [1;31mconf=0.0113[0m
mode=OFF radar_adj=0 mom= conf=0
[1;36m23:39:56[0m [1;32mx13[0m [1;36m#1209[0m SKIP tension=[1;36m0.19473944[0m [0m| direction_unclear [1;31mconf=0.3049[0m
mode=OFF radar_adj=0 mom= conf=0
[1;36m23:40:06[0m [1;32mx13[0m [1;36m#1210[0m SKIP tension=[1;36m0.00000000[0m [0m| momentum_too_small [1;31mconf=0.2957[0m
mode=OFF radar_adj=0 mom= conf=0
[1;36m23:40:16[0m [1;32mx13[0m [1;36m#1211[0m SKIP tension=[1;36m0.00000000[0m [0m| momentum_too_small [1;31mconf=0.2957[0m
mode=OFF radar_adj=0 mom= conf=0
[1;36m23:40:26[0m [1;32mx13[0m [1;36m#1212[0m SKIP tension=[1;36m0.00000831[0m [0m| momentum_too_small [1;31mconf=0.0[0m
mode=OFF radar_adj=0 mom= conf=0
[1;36m23:40:35[0m [1;32mx13[0m [1;36m#1213[0m SKIP tension=[1;36m0.00000139[0m [0m| momentum_too_small [1;31mconf=0.0[0m
mode=OFF radar_adj=0 mom= conf=0
[1;36m23:40:45[0m [1;32mx13[0m [1;36m#1214[0m SKIP tension=[1;36m0.00000000[0m [0m| momentum_too_small [1;31mconf=0.2957[0m
mode=OFF radar_adj=0 mom= conf=0
[1;36m23:40:55[0m [1;32mx13[0m [1;36m#1215[0m SKIP tension=[1;36m0.00000000[0m [0m| momentum_too_small [1;31mconf=0.2957[0m
mode=OFF radar_adj=0 mom= conf=0
[1;36m23:41:04[0m [1;32mx13[0m [1;36m#1216[0m SKIP tension=[1;36m0.00000000[0m [0m| momentum_too_small [1;31mconf=0.2957[0m
mode=OFF radar_adj=0 mom= conf=0
[1;36m23:41:16[0m [1;32mx13[0m [1;36m#1217[0m SKIP tension=[1;32m1.48974046[0m [0m| duo no_trigger
mode=OFF radar_adj=0 mom= conf=0
[1;36m23:41:25[0m [1;32mx13[0m [1;36m#1218[0m SKIP tension=[1;36m0.00000532[0m [0m| momentum_too_small [1;31mconf=0.0[0m
mode=OFF radar_adj=0 mom= conf=0
[1;36m23:41:35[0m [1;32mx13[0m [1;36m#1219[0m SKIP tension=[1;36m0.00000000[0m [0m| momentum_too_small [1;31mconf=0.2957[0m
mode=OFF radar_adj=0 mom= conf=0
[1;36m23:41:45[0m [1;32mx13[0m [1;36m#1220[0m SKIP tension=[1;36m0.00003458[0m [0m| momentum_too_small [1;31mconf=0.0[0m
mode=OFF radar_adj=0 mom= conf=0
[1;36m23:41:56[0m [1;32mx13[0m [1;36m#1221[0m SKIP tension=[1;36m0.68300919[0m [0m| wall_not_collapsed
mode=OFF radar_adj=0 mom= conf=0
[1;36m23:42:05[0m [1;32mx13[0m [1;36m#1222[0m SKIP tension=[1;36m0.63747790[0m [0m| wall_not_collapsed
mode=OFF radar_adj=0 mom= conf=0
[1;36m23:42:16[0m [1;32mx13[0m [1;36m#1223[0m SKIP tension=[1;36m0.00006134[0m [0m| momentum_too_small [1;31mconf=0.0001[0m
mode=OFF radar_adj=0 mom= conf=0
[1;36m23:42:26[0m [1;32mx13[0m [1;36m#1224[0m SKIP tension=[1;36m0.00000000[0m [0m| momentum_too_small [1;31mconf=0.2939[0m
mode=OFF radar_adj=0 mom= conf=0
[1;36m23:42:36[0m [1;32mx13[0m [1;36m#1225[0m SKIP [1;33m| tension_stale age=5698ms>800ms (NUAGE)[0m
mode=OFF radar_adj=0 mom= conf=0
[1;36m23:42:45[0m [1;32mx13[0m [1;36m#1226[0m SKIP tension=[1;33m0.96629438[0m [0m| wall_not_collapsed
mode=OFF radar_adj=0 mom= conf=0
[1;36m23:42:56[0m [1;32mx13[0m [1;36m#1227[0m SKIP tension=[1;36m0.13174229[0m [0m| direction_unclear [1;31mconf=0.2183[0m
mode=OFF radar_adj=0 mom= conf=0
[1;36m23:43:06[0m [1;32mx13[0m [1;36m#1228[0m SKIP tension=[1;36m0.00000000[0m [0m| momentum_too_small [1;31mconf=0.2661[0m
mode=OFF radar_adj=0 mom= conf=0
[1;36m23:43:15[0m [1;32mx13[0m [1;36m#1229[0m SKIP tension=[1;36m0.00030066[0m [0m| momentum_too_small [1;31mconf=0.0004[0m
mode=OFF radar_adj=0 mom= conf=0
[1;36m23:43:25[0m [1;32mx13[0m [1;36m#1230[0m SKIP tension=[1;36m0.51179372[0m [0m| wall_not_collapsed
mode=OFF radar_adj=0 mom= conf=0
[1;36m23:43:35[0m [1;32mx13[0m [1;36m#1231[0m SKIP tension=[1;33m0.97120326[0m [0m| wall_not_collapsed
mode=OFF radar_adj=0 mom= conf=0
[1;36m23:43:45[0m [1;32mx13[0m [1;36m#1232[0m SKIP tension=[1;36m0.60794584[0m [0m| wall_not_collapsed
mode=OFF radar_adj=0 mom= conf=0
[1;36m23:43:55[0m [1;32mx13[0m [1;36m#1233[0m SKIP tension=[1;36m0.00000000[0m [0m| momentum_too_small [1;31mconf=0.3389[0m
mode=OFF radar_adj=0 mom= conf=0
[1;36m23:44:05[0m [1;32mx13[0m [1;36m#1234[0m SKIP tension=[1;36m0.23194645[0m [0m| wall_not_collapsed
mode=OFF radar_adj=0 mom= conf=0
[1;36m23:44:14[0m [1;32mx13[0m [1;36m#1235[0m SKIP tension=[1;36m0.00001512[0m [0m| momentum_too_small [1;31mconf=0.0[0m
mode=OFF radar_adj=0 mom= conf=0
[1;36m23:44:25[0m [1;32mx13[0m [1;36m#1236[0m SKIP tension=[1;32m1.39648534[0m [0m| duo no_trigger
mode=OFF radar_adj=0 mom= conf=0
[1;36m23:44:34[0m [1;32mx13[0m [1;36m#1237[0m SKIP tension=[1;33m0.85825326[0m [0m| wall_not_collapsed
mode=OFF radar_adj=0 mom= conf=0
[1;36m23:44:44[0m [1;32mx13[0m [1;36m#1238[0m SKIP tension=[1;36m0.37620059[0m [0m| wall_not_collapsed
mode=OFF radar_adj=0 mom= conf=0
[1;36m23:44:55[0m [1;32mx13[0m [1;36m#1239[0m SKIP tension=[1;32m1.32724232[0m [0m| duo no_trigger
mode=OFF radar_adj=0 mom= conf=0
[1;36m23:45:05[0m [1;32mx13[0m [1;36m#1240[0m SKIP tension=[1;36m0.00492283[0m [0m| momentum_too_small [1;31mconf=0.0073[0m
mode=OFF radar_adj=0 mom= conf=0
[1;36m23:45:14[0m [1;32mx13[0m [1;36m#1241[0m SKIP tension=[1;36m0.00000000[0m [0m| momentum_too_small [1;31mconf=0.202[0m
mode=OFF radar_adj=0 mom= conf=0
[1;36m23:45:24[0m [1;32mx13[0m [1;36m#1242[0m SKIP tension=[1;32m1.92165330[0m [0m| duo no_trigger
mode=OFF radar_adj=0 mom= conf=0
[1;36m23:45:35[0m [1;32mx13[0m [1;36m#1243[0m SKIP tension=[1;36m0.60838765[0m [0m| wall_not_collapsed
mode=OFF radar_adj=0 mom= conf=0
[1;36m23:45:45[0m [1;32mx13[0m [1;36m#1244[0m SKIP [1;33m| tension_stale age=2255ms>800ms (NUAGE)[0m
mode=OFF radar_adj=0 mom= conf=0
[1;36m23:45:56[0m [1;32mx13[0m [1;36m#1245[0m SKIP tension=[1;36m0.29120486[0m [0m| wall_not_collapsed
mode=OFF radar_adj=0 mom= conf=0
[1;36m23:46:05[0m [1;32mx13[0m [1;36m#1246[0m SKIP tension=[1;36m0.47598789[0m [0m| wall_not_collapsed
mode=OFF radar_adj=0 mom= conf=0
[1;36m23:46:16[0m [1;32mx13[0m [1;36m#1247[0m SKIP tension=[1;36m0.00000000[0m [0m| momentum_too_small [1;31mconf=0.3479[0m
mode=OFF radar_adj=0 mom= conf=0
[1;36m23:46:25[0m [1;32mx13[0m [1;36m#1248[0m SKIP tension=[1;36m0.00000000[0m [0m| momentum_too_small [1;31mconf=0.3479[0m
mode=OFF radar_adj=0 mom= conf=0
[1;36m23:46:35[0m [1;32mx13[0m [1;36m#1249[0m SKIP tension=[1;36m0.00000000[0m [0m| momentum_too_small [1;31mconf=0.202[0m
mode=OFF radar_adj=0 mom= conf=0
[1;36m23:46:44[0m [1;32mx13[0m [1;36m#1250[0m SKIP tension=[1;36m0.00000000[0m [0m| momentum_too_small [1;31mconf=0.202[0m
mode=OFF radar_adj=0 mom= conf=0
[1;36m23:46:54[0m [1;32mx13[0m [1;36m#1251[0m SKIP tension=[1;36m0.47551140[0m [0m| wall_not_collapsed
mode=OFF radar_adj=0 mom= conf=0
[1;36m23:47:04[0m [1;32mx13[0m [1;36m#1252[0m SKIP tension=[1;36m0.00000000[0m [0m| momentum_too_small [1;31mconf=0.3065[0m
mode=OFF radar_adj=0 mom= conf=0
[1;36m23:47:14[0m [1;32mx13[0m [1;36m#1253[0m SKIP tension=[1;32m1.06565654[0m [0m| duo no_trigger
mode=OFF radar_adj=0 mom= conf=0
[1;36m23:47:25[0m [1;32mx13[0m [1;36m#1254[0m SKIP tension=[1;31m6.18873114[0m [0m| duo no_trigger
mode=OFF radar_adj=0 mom= conf=0
[1;36m23:47:36[0m [1;32mx13[0m [1;36m#1255[0m SKIP tension=[1;36m0.00000625[0m [0m| momentum_too_small [1;31mconf=0.0[0m
mode=OFF radar_adj=0 mom= conf=0
[1;36m23:47:47[0m [1;32mx13[0m [1;36m#1256[0m SKIP tension=[1;31m3.01473734[0m [0m| duo no_trigger
mode=OFF radar_adj=0 mom= conf=0
[1;36m23:47:57[0m [1;32mx13[0m [1;36m#1257[0m SKIP tension=[1;36m0.00000000[0m [0m| momentum_too_small [1;31mconf=0.2451[0m
mode=OFF radar_adj=0 mom= conf=0
[1;36m23:48:07[0m [1;32mx13[0m [1;36m#1258[0m SKIP tension=[1;32m1.15258246[0m [0m| duo no_trigger
mode=OFF radar_adj=0 mom= conf=0
[1;36m23:48:16[0m [1;32mx13[0m [1;36m#1259[0m SKIP tension=[1;36m0.00000000[0m [0m| momentum_too_small [1;31mconf=0.2288[0m
mode=OFF radar_adj=0 mom= conf=0
[1;36m23:48:26[0m [1;32mx13[0m [1;36m#1260[0m SKIP tension=[1;36m0.11794942[0m [0m| direction_unclear [1;31mconf=0.1134[0m
mode=OFF radar_adj=0 mom= conf=0
[1;36m23:48:35[0m [1;32mx13[0m [1;36m#1261[0m SKIP tension=[1;36m0.24785074[0m [0m| wall_not_collapsed
mode=OFF radar_adj=0 mom= conf=0
[1;36m23:48:45[0m [1;32mx13[0m [1;36m#1262[0m SKIP tension=[1;36m0.00000000[0m [0m| momentum_too_small [1;31mconf=0.3392[0m
mode=OFF radar_adj=0 mom= conf=0
[1;36m23:48:55[0m [1;32mx13[0m [1;36m#1263[0m SKIP tension=[1;36m0.00000000[0m [0m| momentum_too_small [1;31mconf=0.343[0m
mode=OFF radar_adj=0 mom= conf=0
[1;36m23:49:05[0m [1;32mx13[0m [1;36m#1264[0m SKIP tension=[1;36m0.26110080[0m [0m| wall_not_collapsed
mode=OFF radar_adj=0 mom= conf=0
[1;36m23:49:14[0m [1;32mx13[0m [1;36m#1265[0m SKIP tension=[1;36m0.00000000[0m [0m| momentum_too_small [1;31mconf=0.3479[0m
mode=OFF radar_adj=0 mom= conf=0
[1;36m23:49:24[0m [1;32mx13[0m [1;36m#1266[0m SKIP tension=[1;33m0.94580944[0m [0m| wall_not_collapsed
mode=OFF radar_adj=0 mom= conf=0
[1;36m23:49:34[0m [1;32mx13[0m [1;36m#1267[0m SKIP tension=[1;36m0.00002731[0m [0m| momentum_too_small [1;31mconf=0.0[0m
mode=OFF radar_adj=0 mom= conf=0
[1;36m23:49:44[0m [1;32mx13[0m [1;36m#1268[0m SKIP [1;33m| tension_stale age=13771ms>800ms (NUAGE)[0m
mode=OFF radar_adj=0 mom= conf=0
[1;36m23:49:55[0m [1;32mx13[0m [1;36m#1269[0m SKIP tension=[1;36m0.00000493[0m [0m| momentum_too_small [1;31mconf=0.0[0m
mode=OFF radar_adj=0 mom= conf=0
[1;36m23:50:04[0m [1;32mx13[0m [1;36m#1270[0m SKIP tension=[1;36m0.00000000[0m [0m| momentum_too_small [1;31mconf=0.2316[0m
mode=OFF radar_adj=0 mom= conf=0
[1;36m23:50:15[0m [1;32mx13[0m [1;36m#1271[0m SKIP tension=[1;32m1.45853783[0m [0m| duo no_trigger
mode=OFF radar_adj=0 mom= conf=0
[1;36m23:50:25[0m [1;32mx13[0m [1;36m#1272[0m SKIP tension=[1;31m2.52126755[0m [0m| duo no_trigger
mode=OFF radar_adj=0 mom= conf=0
[1;36m23:50:35[0m [1;32mx13[0m [1;36m#1273[0m SKIP tension=[1;36m0.12107514[0m [0m| direction_unclear [1;31mconf=0.1532[0m
mode=OFF radar_adj=0 mom= conf=0
[1;36m23:50:45[0m [1;32mx13[0m [1;36m#1274[0m SKIP tension=[1;31m2.14693542[0m [0m| duo no_trigger
mode=OFF radar_adj=0 mom= conf=0
[1;36m23:50:55[0m [1;32mx13[0m [1;36m#1275[0m SKIP tension=[1;36m0.00000000[0m [0m| momentum_too_small [1;31mconf=0.2657[0m
mode=OFF radar_adj=0 mom= conf=0
[1;36m23:51:05[0m [1;32mx13[0m [1;36m#1276[0m SKIP tension=[1;36m0.00024121[0m [0m| momentum_too_small [1;31mconf=0.0003[0m
mode=OFF radar_adj=0 mom= conf=0
[1;36m23:51:15[0m [1;32mx13[0m [1;36m#1277[0m SKIP tension=[1;36m0.00000000[0m [0m| momentum_too_small [1;31mconf=0.202[0m
mode=OFF radar_adj=0 mom= conf=0
[1;36m23:51:25[0m [1;32mx13[0m [1;36m#1278[0m SKIP tension=[1;32m1.12576950[0m [0m| duo no_trigger
mode=OFF radar_adj=0 mom= conf=0
[1;36m23:51:35[0m [1;32mx13[0m [1;36m#1279[0m SKIP tension=[1;36m0.00000000[0m [0m| momentum_too_small [1;31mconf=0.2448[0m
mode=OFF radar_adj=0 mom= conf=0
[1;36m23:51:46[0m [1;32mx13[0m [1;36m#1280[0m SKIP tension=[1;36m0.00000000[0m [0m| momentum_too_small [1;31mconf=0.3058[0m
mode=OFF radar_adj=0 mom= conf=0
[1;36m23:51:56[0m [1;32mx13[0m [1;36m#1281[0m SKIP tension=[1;36m0.00000391[0m [0m| momentum_too_small [1;31mconf=0.0[0m
mode=OFF radar_adj=0 mom= conf=0
[1;36m23:52:06[0m [1;32mx13[0m [1;36m#1282[0m SKIP tension=[1;36m0.00000398[0m [0m| momentum_too_small [1;31mconf=0.0[0m
mode=OFF radar_adj=0 mom= conf=0
[1;36m23:52:16[0m [1;32mx13[0m [1;36m#1283[0m SKIP tension=[1;36m0.00000000[0m [0m| momentum_too_small [1;31mconf=0.2626[0m
mode=OFF radar_adj=0 mom= conf=0
[1;36m23:52:26[0m [1;32mx13[0m [1;36m#1284[0m SKIP tension=[1;36m0.00000000[0m [0m| momentum_too_small [1;31mconf=0.2887[0m
mode=OFF radar_adj=0 mom= conf=0
[1;36m23:52:36[0m [1;32mx13[0m [1;36m#1285[0m SKIP tension=[1;36m0.05298050[0m [0m| direction_unclear [1;31mconf=0.0663[0m
mode=OFF radar_adj=0 mom= conf=0
[1;33mNET_RETRY[0m [0m| attempt=1/3 rc=6[0m
[1;36m23:52:50[0m [1;32mx13[0m [1;36m#1286[0m SKIP tension=[1;36m0.30478115[0m [0m| wall_not_collapsed
mode=OFF radar_adj=0 mom= conf=0
[1;36m23:53:00[0m [1;32mx13[0m [1;36m#1287[0m SKIP tension=[1;36m0.00000000[0m [0m| momentum_too_small [1;31mconf=0.2653[0m
mode=OFF radar_adj=0 mom= conf=0
[1;36m23:53:10[0m [1;32mx13[0m [1;36m#1288[0m SKIP tension=[1;36m0.00000000[0m [0m| momentum_too_small [1;31mconf=0.2323[0m
mode=OFF radar_adj=0 mom= conf=0
[1;36m23:53:21[0m [1;32mx13[0m [1;36m#1289[0m SKIP tension=[1;36m0.00001288[0m [0m| momentum_too_small [1;31mconf=0.0[0m
mode=OFF radar_adj=0 mom= conf=0
[1;36m23:53:31[0m [1;32mx13[0m [1;36m#1290[0m SKIP tension=[1;36m0.12115049[0m [0m| direction_unclear [1;31mconf=0.0104[0m
mode=OFF radar_adj=0 mom= conf=0
[1;36m23:53:45[0m [1;32mx13[0m [1;36m#1291[0m SKIP tension=[1;31m2.31843881[0m [0m| duo no_trigger
mode=OFF radar_adj=0 mom= conf=0
[1;36m23:53:55[0m [1;32mx13[0m [1;36m#1292[0m SKIP tension=[1;36m0.30524230[0m [0m| wall_not_collapsed
mode=OFF radar_adj=0 mom= conf=0
[1;36m23:54:06[0m [1;32mx13[0m [1;36m#1293[0m SKIP tension=[1;36m0.00007607[0m [0m| momentum_too_small [1;31mconf=0.0001[0m
mode=OFF radar_adj=0 mom= conf=0
[1;36m23:54:15[0m [1;32mx13[0m [1;36m#1294[0m SKIP tension=[1;36m0.00000000[0m [0m| momentum_too_small [1;31mconf=0.2619[0m
mode=OFF radar_adj=0 mom= conf=0
[1;36m23:54:31[0m [1;32mx13[0m [1;36m#1295[0m SKIP tension=[1;31m2.57777467[0m [0m| tactic long vs short
mode=OFF radar_adj=0 mom= conf=0
[1;36m23:54:41[0m [1;32mx13[0m [1;36m#1296[0m SKIP tension=[1;36m0.00120034[0m [0m| momentum_too_small [1;31mconf=0.0017[0m
mode=OFF radar_adj=0 mom= conf=0
[1;36m23:54:56[0m [1;32mx13[0m [1;36m#1297[0m SKIP tension=[1;36m0.00011755[0m [0m| momentum_too_small [1;31mconf=0.0001[0m
mode=OFF radar_adj=0 mom= conf=0
[1;36m23:55:05[0m [1;32mx13[0m [1;36m#1298[0m SKIP tension=[1;31m2.57964771[0m [0m| duo no_trigger
mode=OFF radar_adj=0 mom= conf=0
[1;36m23:55:15[0m [1;32mx13[0m [1;36m#1299[0m SKIP tension=[1;36m0.12127799[0m [0m| direction_unclear [1;31mconf=0.0133[0m
mode=OFF radar_adj=0 mom= conf=0
[1;36m23:55:27[0m [1;32mx13[0m [1;36m#1300[0m SKIP tension=[1;32m1.35016760[0m [0m| duo no_trigger
mode=OFF radar_adj=0 mom= conf=0
[1;36m23:55:36[0m [1;32mx13[0m [1;36m#1301[0m SKIP tension=[1;36m0.33932466[0m [0m| wall_not_collapsed
mode=OFF radar_adj=0 mom= conf=0
[1;36m23:55:46[0m [1;32mx13[0m [1;36m#1302[0m SKIP tension=[1;36m0.00000000[0m [0m| momentum_too_small [1;31mconf=0.2904[0m
mode=OFF radar_adj=0 mom= conf=0
[1;36m23:55:56[0m [1;32mx13[0m [1;36m#1303[0m SKIP tension=[1;36m0.00000000[0m [0m| momentum_too_small [1;31mconf=0.2608[0m
mode=OFF radar_adj=0 mom= conf=0
[1;36m23:56:06[0m [1;32mx13[0m [1;36m#1304[0m SKIP tension=[1;36m0.00000000[0m [0m| momentum_too_small [1;31mconf=0.3173[0m
mode=OFF radar_adj=0 mom= conf=0
[1;36m23:56:16[0m [1;32mx13[0m [1;36m#1305[0m SKIP tension=[1;36m0.00000000[0m [0m| momentum_too_small [1;31mconf=0.2577[0m
mode=OFF radar_adj=0 mom= conf=0
[1;36m23:56:26[0m [1;32mx13[0m [1;36m#1306[0m SKIP tension=[1;36m0.33210934[0m [0m| wall_not_collapsed
mode=OFF radar_adj=0 mom= conf=0
[1;36m23:56:35[0m [1;32mx13[0m [1;36m#1307[0m SKIP tension=[1;36m0.00000000[0m [0m| momentum_too_small [1;31mconf=0.2577[0m
mode=OFF radar_adj=0 mom= conf=0
[1;36m23:56:45[0m [1;32mx13[0m [1;36m#1308[0m SKIP tension=[1;32m1.24843748[0m [0m| duo no_trigger
mode=OFF radar_adj=0 mom= conf=0
[1;36m23:56:56[0m [1;32mx13[0m [1;36m#1309[0m SKIP tension=[1;32m1.12742561[0m [0m| duo no_trigger
mode=OFF radar_adj=0 mom= conf=0
[1;36m23:57:05[0m [1;32mx13[0m [1;36m#1310[0m SKIP tension=[1;36m0.00000000[0m [0m| momentum_too_small [1;31mconf=0.2608[0m
mode=OFF radar_adj=0 mom= conf=0
[1;36m23:57:15[0m [1;32mx13[0m [1;36m#1311[0m SKIP tension=[1;36m0.00000000[0m [0m| momentum_too_small [1;31mconf=0.2608[0m
mode=OFF radar_adj=0 mom= conf=0
[1;36m23:57:30[0m [1;32mx13[0m [1;36m#1312[0m SKIP tension=[1;36m0.00000000[0m [0m| momentum_too_small [1;31mconf=0.2608[0m
mode=OFF radar_adj=0 mom= conf=0
[1;36m23:57:40[0m [1;32mx13[0m [1;36m#1313[0m SKIP tension=[1;36m0.00000000[0m [0m| momentum_too_small [1;31mconf=0.2608[0m
mode=OFF radar_adj=0 mom= conf=0
[1;36m23:57:50[0m [1;32mx13[0m [1;36m#1314[0m SKIP tension=[1;36m0.00000000[0m [0m| momentum_too_small [1;31mconf=0.3497[0m
mode=OFF radar_adj=0 mom= conf=0
[1;36m23:57:59[0m [1;32mx13[0m [1;36m#1315[0m SKIP tension=[1;36m0.00000000[0m [0m| momentum_too_small [1;31mconf=0.3497[0m
mode=OFF radar_adj=0 mom= conf=0
[1;36m23:58:15[0m [1;32mx13[0m [1;36m#1316[0m SKIP tension=[1;36m0.05456111[0m [0m| direction_unclear [1;31mconf=0.0908[0m
mode=OFF radar_adj=0 mom= conf=0
[1;36m23:58:26[0m [1;32mx13[0m [1;36m#1317[0m SKIP tension=[1;36m0.00000000[0m [0m| momentum_too_small [1;31mconf=0.2016[0m
mode=OFF radar_adj=0 mom= conf=0
[1;36m23:58:42[0m [1;32mx13[0m [1;36m#1318[0m SKIP tension=[1;36m0.00011403[0m [0m| momentum_too_small [1;31mconf=0.0001[0m
mode=OFF radar_adj=0 mom= conf=0
[1;36m23:58:53[0m [1;32mx13[0m [1;36m#1319[0m SKIP tension=[1;31m2.58476741[0m [0m| tactic long vs short
mode=OFF radar_adj=0 mom= conf=0
[1;36m23:59:03[0m [1;32mx13[0m [1;36m#1320[0m SKIP tension=[1;36m0.00000000[0m [0m| momentum_too_small [1;31mconf=0.2577[0m
mode=OFF radar_adj=0 mom= conf=0
[1;36m23:59:12[0m [1;32mx13[0m [1;36m#1321[0m SKIP tension=[1;36m0.29986574[0m [0m| wall_not_collapsed
mode=OFF radar_adj=0 mom= conf=0
[1;36m23:59:25[0m [1;32mx13[0m [1;36m#1322[0m SKIP tension=[1;36m0.00000000[0m [0m| momentum_too_small [1;31mconf=0.3173[0m
mode=OFF radar_adj=0 mom= conf=0
[1;36m23:59:34[0m [1;32mx13[0m [1;36m#1323[0m SKIP tension=[1;36m0.00000897[0m [0m| momentum_too_small [1;31mconf=0.0[0m
mode=OFF radar_adj=0 mom= conf=0
[1;36m23:59:43[0m [1;32mx13[0m [1;36m#1324[0m SKIP tension=[1;36m0.00000000[0m [0m| momentum_too_small [1;31mconf=0.2016[0m
mode=OFF radar_adj=0 mom= conf=0
[1;36m23:59:57[0m [1;32mx13[0m [1;36m#1325[0m SKIP tension=[1;32m1.46216774[0m [0m| duo no_trigger
mode=OFF radar_adj=0 mom= conf=0
[1;36m00:00:06[0m [1;32mx13[0m [1;36m#1326[0m SKIP tension=[1;31m2.86751876[0m [0m| duo no_trigger
mode=OFF radar_adj=0 mom= conf=0
[1;36m00:00:16[0m [1;32mx13[0m [1;36m#1327[0m SKIP tension=[1;36m0.00005518[0m [0m| momentum_too_small [1;31mconf=0.0001[0m
mode=OFF radar_adj=0 mom= conf=0
[1;36m00:00:26[0m [1;32mx13[0m [1;36m#1328[0m SKIP tension=[1;31m3.14140875[0m [0m| duo no_trigger
mode=OFF radar_adj=0 mom= conf=0
[1;36m00:00:35[0m [1;32mx13[0m [1;36m#1329[0m SKIP tension=[1;32m1.12986107[0m [0m| duo no_trigger
mode=OFF radar_adj=0 mom= conf=0
[1;36m00:00:50[0m [1;32mx13[0m [1;36m#1330[0m SKIP tension=[1;36m0.00000000[0m [0m| momentum_too_small [1;31mconf=0.211[0m
mode=OFF radar_adj=0 mom= conf=0
[1;36m00:00:59[0m [1;32mx13[0m [1;36m#1331[0m SKIP tension=[1;36m0.00000000[0m [0m| momentum_too_small [1;31mconf=0.2107[0m
mode=OFF radar_adj=0 mom= conf=0
[1;36m00:01:09[0m [1;32mx13[0m [1;36m#1332[0m SKIP tension=[1;36m0.00022307[0m [0m| momentum_too_small [1;31mconf=0.0002[0m
mode=OFF radar_adj=0 mom= conf=0
[1;36m00:01:18[0m [1;32mx13[0m [1;36m#1333[0m SKIP tension=[1;36m0.00001374[0m [0m| momentum_too_small [1;31mconf=0.0[0m
mode=OFF radar_adj=0 mom= conf=0
[1;36m00:01:27[0m [1;32mx13[0m [1;36m#1334[0m SKIP tension=[1;36m0.05463338[0m [0m| direction_unclear [1;31mconf=0.0884[0m
mode=OFF radar_adj=0 mom= conf=0
[1;36m00:01:37[0m [1;32mx13[0m [1;36m#1335[0m SKIP tension=[1;36m0.00000868[0m [0m| momentum_too_small [1;31mconf=0.0[0m
mode=OFF radar_adj=0 mom= conf=0
[1;36m00:01:46[0m [1;32mx13[0m [1;36m#1336[0m SKIP tension=[1;36m0.00001091[0m [0m| momentum_too_small [1;31mconf=0.0[0m
mode=OFF radar_adj=0 mom= conf=0
[1;36m00:01:57[0m [1;32mx13[0m [1;36m#1337[0m SKIP tension=[1;36m0.00005103[0m [0m| momentum_too_small [1;31mconf=0.0001[0m
mode=OFF radar_adj=0 mom= conf=0
[1;36m00:02:07[0m [1;32mx13[0m [1;36m#1338[0m SKIP tension=[1;36m0.40729105[0m [0m| wall_not_collapsed
mode=OFF radar_adj=0 mom= conf=0
[1;36m00:02:18[0m [1;32mx13[0m [1;36m#1339[0m SKIP tension=[1;32m1.42399479[0m [0m| duo no_trigger
mode=OFF radar_adj=0 mom= conf=0
[1;36m00:02:29[0m [1;32mx13[0m [1;36m#1340[0m SKIP [1;33m| tension_stale age=1046ms>800ms (NUAGE)[0m
mode=OFF radar_adj=0 mom= conf=0
[1;36m00:02:38[0m [1;32mx13[0m [1;36m#1341[0m SKIP tension=[1;36m0.00000000[0m [0m| momentum_too_small [1;31mconf=0.3483[0m
mode=OFF radar_adj=0 mom= conf=0
[1;36m00:02:47[0m [1;32mx13[0m [1;36m#1342[0m SKIP tension=[1;36m0.23292221[0m [0m| wall_not_collapsed
mode=OFF radar_adj=0 mom= conf=0
[1;36m00:02:57[0m [1;32mx13[0m [1;36m#1343[0m SKIP tension=[1;36m0.00045427[0m [0m| momentum_too_small [1;31mconf=0.0007[0m
mode=OFF radar_adj=0 mom= conf=0
[1;36m00:03:06[0m [1;32mx13[0m [1;36m#1344[0m SKIP tension=[1;36m0.08397712[0m [0m| direction_unclear [1;31mconf=0.1379[0m
mode=OFF radar_adj=0 mom= conf=0
[1;36m00:03:17[0m [1;32mx13[0m [1;36m#1345[0m SKIP [1;33m| tension_stale age=1812ms>800ms (NUAGE)[0m
mode=OFF radar_adj=0 mom= conf=0
[1;36m00:03:31[0m [1;32mx13[0m [1;36m#1346[0m SKIP tension=[1;36m0.00039351[0m [0m| momentum_too_small [1;31mconf=0.0006[0m
mode=OFF radar_adj=0 mom= conf=0
[1;36m00:03:40[0m [1;32mx13[0m [1;36m#1347[0m SKIP tension=[1;36m0.57937990[0m [0m| wall_not_collapsed
mode=OFF radar_adj=0 mom= conf=0
[1;36m00:03:51[0m [1;32mx13[0m [1;36m#1348[0m SKIP tension=[1;33m0.94025603[0m [0m| wall_not_collapsed
mode=OFF radar_adj=0 mom= conf=0
[1;36m00:04:01[0m [1;32mx13[0m [1;36m#1349[0m SKIP tension=[1;36m0.00001804[0m [0m| momentum_too_small [1;31mconf=0.0[0m
mode=OFF radar_adj=0 mom= conf=0
[1;36m00:04:10[0m [1;32mx13[0m [1;36m#1350[0m SKIP tension=[1;36m0.00005763[0m [0m| momentum_too_small [1;31mconf=0.0001[0m
mode=OFF radar_adj=0 mom= conf=0
[1;36m00:04:19[0m [1;32mx13[0m [1;36m#1351[0m SKIP tension=[1;36m0.00000366[0m [0m| momentum_too_small [1;31mconf=0.0[0m
mode=OFF radar_adj=0 mom= conf=0
[1;36m00:04:28[0m [1;32mx13[0m [1;36m#1352[0m SKIP tension=[1;36m0.66136262[0m [0m| wall_not_collapsed
mode=OFF radar_adj=0 mom= conf=0
[1;36m00:04:38[0m [1;32mx13[0m [1;36m#1353[0m SKIP tension=[1;36m0.24901734[0m [0m| wall_not_collapsed
mode=OFF radar_adj=0 mom= conf=0
[1;36m00:04:47[0m [1;32mx13[0m [1;36m#1354[0m SKIP tension=[1;33m0.90880652[0m [0m| wall_not_collapsed
mode=OFF radar_adj=0 mom= conf=0
PROCESS_DIE | ts=2026-08-02T00:04:56Z role=HUNTER stop=STOP_ALPHA ec=0 last_cmd=ruby -e 'a=(Float(ARGV[0]) rescue 0.0); b=(Float(ARGV[1]) rescue 0.0); exit(a>=b ? 0 : 1)' -- "$1" "$2" line=647
/tmp/ace777_launch_v85_nuage_15130.sh: line 218: 15810 Done                    { cat  <<'NUAGE_PREAMBLE'

NUAGE_TENSION_MAX_AGE_MS="${NUAGE_TENSION_MAX_AGE_MS:-800}"
ALPHA_HEARTBEAT_FILE="${ALPHA_HEARTBEAT_FILE:-/tmp/alpha_heartbeat.txt}"

# PROCESS_DIE — dernière commande si set -e / signal tue bash -s (E10)
_ACE777_DIE_LOGGED=0
ace777_process_die_log() {
  local ec=${1:-$?}
  [ "${_ACE777_DIE_LOGGED:-0}" = "1" ] && return 0
  _ACE777_DIE_LOGGED=1
  echo "PROCESS_DIE | ts=$(date -u +%Y-%m-%dT%H:%M:%SZ) role=${DUO_ROLE:-?} stop=${STOP_FILE:-?} ec=${ec} last_cmd=${BASH_COMMAND:-?} line=${BASH_LINENO[0]:-?}"
}
trap 'ace777_process_die_log $?' ERR
trap 'ace777_process_die_log $?' EXIT

duo_hunter_phase_barrier() { :; }

alpha_touch_heartbeat() {
  duo_is_hunter || return 0
  date -u +%Y-%m-%dT%H:%M:%SZ > "${ALPHA_HEARTBEAT_FILE}" 2>/dev/null || true
}

nuage_cloud_tension_gate() {
  local cycle="$1"
  local max_age="${NUAGE_TENSION_MAX_AGE_MS:-800}"
  local age_ms path
  duo_is_hunter || return 0
  path="${DUO_STATE_FILE:-runs/duo_state.json}"
  age_ms="$(ruby -rjson -e '
    path = ARGV[0]
    begin
      j = JSON.parse(File.read(path))
      ts = (j["ts_ms"].to_i rescue 0)
      age = ((Time.now.to_f * 1000).to_i - ts)
      age = 0 if age < 0
      print(age)
    rescue
      print(999999)
    end
  ' -- "$path" 2>/dev/null || echo 999999)"
  if [ "$age_ms" -gt "$max_age" ]; then
    echo "$(date -u +%FT%TZ),${cycle},SKIP,SKIPPED,,,,,0,tension_stale,reason=nuage_age_ms=${age_ms} thresh=${max_age}" >> "$LOG_FILE"
    sk_lev="$C_C"; num_ge "$current_leverage" "13" && sk_lev="$C_G"; num_le "$current_leverage" "5" && sk_lev="$C_Y"
    echo "${C_C}$(date -u +%H:%M:%S)${C_N} ${sk_lev}x$current_leverage${C_N} ${C_C}#${cycle}${C_N} SKIP ${C_Y}| tension_stale age=${age_ms}ms>${max_age}ms (NUAGE)${C_N}"
    alpha_touch_heartbeat
    return 1
  fi
  return 0
}

NUAGE_PREAMBLE
 tail -n +85 "$genesis" | awk '
      /^duo_hunter_phase_barrier\(\) \{/ {
        print "duo_hunter_phase_barrier() { :; }"
        skip=1; next
      }
      skip { if (/^\}$/) skip=0; next }
      /^[[:space:]]*duo_hunter_phase_barrier "\$i"/ {
        print "  : # NUAGE bypass barrier (index ignored)"
        next
      }
      /^[[:space:]]*duo_touch_heartbeat$/ && !hb_done {
        print "  duo_touch_heartbeat"
        print "  alpha_touch_heartbeat"
        hb_done=1; next
      }
      /^[[:space:]]*raw_qty="\$\(num_div/ && !gate_done {
        print "  if duo_is_hunter; then"
        print "    nuage_cloud_tension_gate \"$i\" || { alpha_touch_heartbeat; sleep \"$SLEEP_SEC\"; continue; }"
        print "  fi"
        gate_done=1
      }
      { print }
    '; }
     15811 Terminated: 15          | bash -s
