[1;36m--- ACE777 STRICT CLONE FUTURES TESTNET ---[0m
[1;32mV8 Resonance ON:[0m [1;36mimpulse_thr=0.96 dt_ms=64 aspiration=1.618@37.8deg void_lock=TRUE shock_exit=TRUE[0m
[1;32mV8 Tension ON:[0m [1;36mwall_drop=6.5% dt_ms=64 filter=0.85 depth=20[0m
[1;36mSymbol=BTCUSDT[0m [1;32mLeverage=5[0m [1;36mBuyUSDT=200 Orders=TRUE[0m
mode=OFF radar_adj=0 mom= conf=0
[1;36m20:05:01[0m [1;33mx5[0m [1;36m#1[0m SKIP tension=[1;36m0.00000000[0m [0m| momentum_too_small [1;31mconf=0.3493[0m
mode=OFF radar_adj=0 mom= conf=0
[1;36m20:05:10[0m [1;33mx5[0m [1;36m#2[0m SKIP tension=[1;36m0.00814877[0m [0m| momentum_too_small [1;31mconf=0.0136[0m
mode=OFF radar_adj=0 mom= conf=0
[1;36m20:05:19[0m [1;33mx5[0m [1;36m#3[0m SKIP tension=[1;36m0.00059592[0m [0m| momentum_too_small [1;31mconf=0.001[0m
mode=OFF radar_adj=0 mom= conf=0
[1;36m20:05:28[0m [1;33mx5[0m [1;36m#4[0m SKIP tension=[1;36m0.49640626[0m [0m| wall_not_collapsed
mode=OFF radar_adj=0 mom= conf=0
[1;36m20:05:37[0m [1;33mx5[0m [1;36m#5[0m SKIP tension=[1;36m0.00200342[0m [0m| momentum_too_small [1;31mconf=0.0033[0m
mode=OFF radar_adj=0 mom= conf=0
[1;36m20:05:45[0m [1;33mx5[0m [1;36m#6[0m SKIP tension=[1;36m0.70307781[0m [0m| wall_not_collapsed
mode=OFF radar_adj=0 mom= conf=0
[1;36m20:05:55[0m [1;33mx5[0m [1;36m#7[0m SKIP tension=[1;36m0.74944329[0m [0m| wall_not_collapsed
mode=OFF radar_adj=0 mom= conf=0
[1;36m20:06:04[0m [1;33mx5[0m [1;36m#8[0m SKIP tension=[1;36m0.00204423[0m [0m| momentum_too_small [1;31mconf=0.0034[0m
mode=OFF radar_adj=0 mom= conf=0
[1;36m20:06:13[0m [1;33mx5[0m [1;36m#9[0m SKIP tension=[1;36m0.00003639[0m [0m| momentum_too_small [1;31mconf=0.0001[0m
mode=OFF radar_adj=0 mom= conf=0
[1;36m20:06:22[0m [1;33mx5[0m [1;36m#10[0m SKIP tension=[1;36m0.00002488[0m [0m| momentum_too_small [1;31mconf=0.0[0m
mode=OFF radar_adj=0 mom= conf=0
[1;36m20:06:31[0m [1;33mx5[0m [1;36m#11[0m SKIP tension=[1;36m0.00001566[0m [0m| momentum_too_small [1;31mconf=0.0[0m
mode=OFF radar_adj=0 mom= conf=0
[1;36m20:06:40[0m [1;33mx5[0m [1;36m#12[0m SKIP tension=[1;36m0.00071927[0m [0m| momentum_too_small [1;31mconf=0.0012[0m
mode=OFF radar_adj=0 mom= conf=0
[1;36m20:06:50[0m [1;33mx5[0m [1;36m#13[0m SKIP tension=[1;36m0.00002580[0m [0m| momentum_too_small [1;31mconf=0.0[0m
mode=OFF radar_adj=0 mom= conf=0
[1;36m20:07:00[0m [1;33mx5[0m [1;36m#14[0m SKIP tension=[1;36m0.00002811[0m [0m| momentum_too_small [1;31mconf=0.0[0m
mode=OFF radar_adj=0 mom= conf=0
[1;36m20:07:09[0m [1;33mx5[0m [1;36m#15[0m SKIP tension=[1;36m0.00001429[0m [0m| momentum_too_small [1;31mconf=0.0[0m
mode=OFF radar_adj=0 mom= conf=0
[1;36m20:07:18[0m [1;33mx5[0m [1;36m#16[0m SKIP tension=[1;36m0.00002442[0m [0m| momentum_too_small [1;31mconf=0.0[0m
mode=OFF radar_adj=0 mom= conf=0
[1;36m20:07:27[0m [1;33mx5[0m [1;36m#17[0m SKIP tension=[1;36m0.00001336[0m [0m| momentum_too_small [1;31mconf=0.0[0m
mode=OFF radar_adj=0 mom= conf=0
[1;36m20:07:36[0m [1;33mx5[0m [1;36m#18[0m SKIP tension=[1;36m0.00276668[0m [0m| momentum_too_small [1;31mconf=0.0046[0m
mode=OFF radar_adj=0 mom= conf=0
[1;36m20:07:45[0m [1;33mx5[0m [1;36m#19[0m SKIP tension=[1;36m0.00001245[0m [0m| momentum_too_small [1;31mconf=0.0[0m
mode=OFF radar_adj=0 mom= conf=0
[1;36m20:07:55[0m [1;33mx5[0m [1;36m#20[0m SKIP tension=[1;36m0.00003042[0m [0m| momentum_too_small [1;31mconf=0.0001[0m
mode=OFF radar_adj=0 mom= conf=0
[1;36m20:08:05[0m [1;33mx5[0m [1;36m#21[0m SKIP tension=[1;36m0.00001613[0m [0m| momentum_too_small [1;31mconf=0.0[0m
mode=OFF radar_adj=0 mom= conf=0
[1;36m20:08:13[0m [1;33mx5[0m [1;36m#22[0m SKIP tension=[1;36m0.00003780[0m [0m| momentum_too_small [1;31mconf=0.0001[0m
mode=OFF radar_adj=0 mom= conf=0
[1;36m20:08:23[0m [1;33mx5[0m [1;36m#23[0m SKIP tension=[1;36m0.00000000[0m [0m| momentum_too_small [1;31mconf=0.3496[0m
mode=OFF radar_adj=0 mom= conf=0
[1;36m20:08:32[0m [1;33mx5[0m [1;36m#24[0m SKIP tension=[1;36m0.00000000[0m [0m| momentum_too_small [1;31mconf=0.3496[0m
mode=OFF radar_adj=0 mom= conf=0
[1;36m20:08:41[0m [1;33mx5[0m [1;36m#25[0m SKIP tension=[1;36m0.00001132[0m [0m| momentum_too_small [1;31mconf=0.0[0m
mode=OFF radar_adj=0 mom= conf=0
[1;36m20:08:50[0m [1;33mx5[0m [1;36m#26[0m SKIP tension=[1;36m0.00000922[0m [0m| momentum_too_small [1;31mconf=0.0[0m
mode=OFF radar_adj=0 mom= conf=0
[1;36m20:09:00[0m [1;33mx5[0m [1;36m#27[0m SKIP tension=[1;36m0.00002068[0m [0m| momentum_too_small [1;31mconf=0.0[0m
mode=OFF radar_adj=0 mom= conf=0
[1;36m20:09:10[0m [1;33mx5[0m [1;36m#28[0m SKIP tension=[1;36m0.00002068[0m [0m| momentum_too_small [1;31mconf=0.0[0m
mode=OFF radar_adj=0 mom= conf=0
[1;36m20:09:19[0m [1;33mx5[0m [1;36m#29[0m SKIP tension=[1;36m0.00009267[0m [0m| momentum_too_small [1;31mconf=0.0002[0m
mode=OFF radar_adj=0 mom= conf=0
[1;36m20:09:29[0m [1;33mx5[0m [1;36m#30[0m SKIP tension=[1;36m0.00000000[0m [0m| momentum_too_small [1;31mconf=0.3496[0m
mode=OFF radar_adj=0 mom= conf=0
[1;36m20:09:38[0m [1;33mx5[0m [1;36m#31[0m SKIP tension=[1;36m0.00000000[0m [0m| momentum_too_small [1;31mconf=0.3496[0m
mode=OFF radar_adj=0 mom= conf=0
[1;36m20:09:47[0m [1;33mx5[0m [1;36m#32[0m SKIP tension=[1;36m0.00007194[0m [0m| momentum_too_small [1;31mconf=0.0001[0m
mode=OFF radar_adj=0 mom= conf=0
[1;36m20:09:57[0m [1;33mx5[0m [1;36m#33[0m SKIP tension=[1;36m0.77449410[0m [0m| wall_not_collapsed
mode=OFF radar_adj=0 mom= conf=0
[1;36m20:10:06[0m [1;33mx5[0m [1;36m#34[0m SKIP tension=[1;33m0.89999594[0m [0m| wall_not_collapsed
mode=OFF radar_adj=0 mom= conf=0
[1;36mentry=20:10:19@62515.50000000[0m [1;33mx5[0m [1;36m#35[0m [1;32mSELL[0m tension=[1;32m1.14814617[0m hold=[1;36m6[0ms sec=[1;36m6[0m [0m| exit=62515.40000000 [1;32mconf=0.999[0m [1;36mexit_time=20:10:27[0m [1;32mpnl=0.00158000 bps=0.01599603 pct=0.00015996% total=0.00158[0m
mode=OFF radar_adj=0 mom= conf=0
[1;36m20:10:38[0m [1;33mx5[0m [1;36m#36[0m SKIP tension=[1;36m0.00000000[0m [0m| momentum_too_small [1;31mconf=0.3496[0m
mode=OFF radar_adj=0 mom= conf=0
shockwave beta->alpha until_cycle=47
[1;33mSWARM shockwave[0m [0m| beta -> neighbor (fluid_exit_brake)[0m
[1;36mentry=20:10:52@62515.40000000[0m [1;33mx5[0m [1;36m#37[0m [1;31mSELL[0m tension=[1;31m3.18611010[0m hold=[1;36m9[0ms sec=[1;36m9[0m [0m| exit=62515.60000000 [1;32mconf=0.999[0m [1;36mexit_time=20:11:01[0m [1;31mpnl=-0.00316000 bps=-0.03199212 pct=-0.00031992% total=-0.00158[0m
mode=OFF radar_adj=0 mom= conf=0
[1;36m20:11:12[0m [1;33mx5[0m [1;36m#38[0m SKIP tension=[1;36m0.00002002[0m [0m| momentum_too_small [1;31mconf=0.0[0m
mode=OFF radar_adj=0 mom= conf=0
[1;36m20:11:22[0m [1;33mx5[0m [1;36m#39[0m SKIP tension=[1;36m0.00000000[0m [0m| momentum_too_small [1;31mconf=0.343[0m
mode=OFF radar_adj=0 mom= conf=0
[1;36m20:11:31[0m [1;33mx5[0m [1;36m#40[0m SKIP tension=[1;36m0.00001304[0m [0m| momentum_too_small [1;31mconf=0.0[0m
mode=OFF radar_adj=0 mom= conf=0
[1;36m20:11:40[0m [1;33mx5[0m [1;36m#41[0m SKIP tension=[1;36m0.00000800[0m [0m| momentum_too_small [1;31mconf=0.0[0m
mode=OFF radar_adj=0 mom= conf=0
[1;36m20:11:49[0m [1;33mx5[0m [1;36m#42[0m SKIP tension=[1;36m0.00002728[0m [0m| momentum_too_small [1;31mconf=0.0[0m
mode=OFF radar_adj=0 mom= conf=0
[1;36m20:11:59[0m [1;33mx5[0m [1;36m#43[0m SKIP tension=[1;36m0.00011721[0m [0m| momentum_too_small [1;31mconf=0.0002[0m
mode=OFF radar_adj=0 mom= conf=0
[1;36m20:12:08[0m [1;33mx5[0m [1;36m#44[0m SKIP tension=[1;36m0.00000000[0m [0m| momentum_too_small [1;31mconf=0.343[0m
mode=OFF radar_adj=0 mom= conf=0
[1;36m20:12:18[0m [1;33mx5[0m [1;36m#45[0m SKIP tension=[1;33m0.89601523[0m [0m| wall_not_collapsed
mode=OFF radar_adj=0 mom= conf=0
[1;36m20:12:27[0m [1;33mx5[0m [1;36m#46[0m SKIP tension=[1;36m0.00000000[0m [0m| momentum_too_small [1;31mconf=0.343[0m
mode=OFF radar_adj=0 mom= conf=0
[1;36m20:12:36[0m [1;33mx5[0m [1;36m#47[0m SKIP tension=[1;36m0.00000000[0m [0m| momentum_too_small [1;31mconf=0.343[0m
mode=OFF radar_adj=0 mom= conf=0
[1;36m20:12:45[0m [1;33mx5[0m [1;36m#48[0m SKIP tension=[1;36m0.24186292[0m [0m| wall_not_collapsed
mode=OFF radar_adj=0 mom= conf=0
[1;36m20:12:55[0m [1;33mx5[0m [1;36m#49[0m SKIP tension=[1;36m0.00000000[0m [0m| momentum_too_small [1;31mconf=0.3437[0m
mode=OFF radar_adj=0 mom= conf=0
[1;36mentry=20:13:08@62517.40000000[0m [1;33mx5[0m [1;36m#50[0m [1;33mSELL[0m tension=[1;32m1.00857257[0m hold=[1;36m7[0ms sec=[1;36m7[0m [0m| exit=62517.40000000 [1;32mconf=0.982[0m [1;36mexit_time=20:13:15[0m [1;33mpnl=-0.00000000 bps=-0.00000000 pct=-0.00000000% total=-0.00158[0m
mode=OFF radar_adj=0 mom= conf=0
[1;36m20:13:27[0m [1;33mx5[0m [1;36m#51[0m SKIP tension=[1;36m0.00001964[0m [0m| momentum_too_small [1;31mconf=0.0[0m
mode=OFF radar_adj=0 mom= conf=0
[1;36m20:13:36[0m [1;33mx5[0m [1;36m#52[0m SKIP tension=[1;36m0.00002634[0m [0m| momentum_too_small [1;31mconf=0.0[0m
mode=OFF radar_adj=0 mom= conf=0
[1;36m20:13:45[0m [1;33mx5[0m [1;36m#53[0m SKIP tension=[1;36m0.00006428[0m [0m| momentum_too_small [1;31mconf=0.0001[0m
mode=OFF radar_adj=0 mom= conf=0
[1;36m20:13:56[0m [1;33mx5[0m [1;36m#54[0m SKIP tension=[1;36m0.00001341[0m [0m| momentum_too_small [1;31mconf=0.0[0m
mode=OFF radar_adj=0 mom= conf=0
[1;36m20:14:05[0m [1;33mx5[0m [1;36m#55[0m SKIP tension=[1;36m0.00001725[0m [0m| momentum_too_small [1;31mconf=0.0[0m
mode=OFF radar_adj=0 mom= conf=0
[1;36m20:14:14[0m [1;33mx5[0m [1;36m#56[0m SKIP tension=[1;36m0.00210219[0m [0m| momentum_too_small [1;31mconf=0.0034[0m
mode=OFF radar_adj=0 mom= conf=0
[1;36m20:14:23[0m [1;33mx5[0m [1;36m#57[0m SKIP tension=[1;36m0.00002060[0m [0m| momentum_too_small [1;31mconf=0.0[0m
mode=OFF radar_adj=0 mom= conf=0
[1;36m20:14:32[0m [1;33mx5[0m [1;36m#58[0m SKIP tension=[1;36m0.00000815[0m [0m| momentum_too_small [1;31mconf=0.0[0m
mode=OFF radar_adj=0 mom= conf=0
[1;36m20:14:42[0m [1;33mx5[0m [1;36m#59[0m SKIP tension=[1;36m0.00001198[0m [0m| momentum_too_small [1;31mconf=0.0[0m
mode=OFF radar_adj=0 mom= conf=0
[1;36m20:14:51[0m [1;33mx5[0m [1;36m#60[0m SKIP tension=[1;36m0.00002013[0m [0m| momentum_too_small [1;31mconf=0.0[0m
mode=OFF radar_adj=0 mom= conf=0
[1;36m20:15:01[0m [1;33mx5[0m [1;36m#61[0m SKIP tension=[1;36m0.01438620[0m [0m| direction_unclear [1;31mconf=0.0235[0m
mode=OFF radar_adj=0 mom= conf=0
[1;36m20:15:11[0m [1;33mx5[0m [1;36m#62[0m SKIP tension=[1;36m0.00003215[0m [0m| momentum_too_small [1;31mconf=0.0001[0m
mode=OFF radar_adj=0 mom= conf=0
[1;36m20:15:20[0m [1;33mx5[0m [1;36m#63[0m SKIP tension=[1;36m0.00002112[0m [0m| momentum_too_small [1;31mconf=0.0[0m
mode=OFF radar_adj=0 mom= conf=0
[1;36m20:15:29[0m [1;33mx5[0m [1;36m#64[0m SKIP tension=[1;36m0.00001824[0m [0m| momentum_too_small [1;31mconf=0.0[0m
mode=OFF radar_adj=0 mom= conf=0
[1;36m20:15:38[0m [1;33mx5[0m [1;36m#65[0m SKIP tension=[1;36m0.00001728[0m [0m| momentum_too_small [1;31mconf=0.0[0m
mode=OFF radar_adj=0 mom= conf=0
[1;36m20:15:48[0m [1;33mx5[0m [1;36m#66[0m SKIP tension=[1;36m0.00210648[0m [0m| momentum_too_small [1;31mconf=0.0034[0m
mode=OFF radar_adj=0 mom= conf=0
[1;36m20:15:58[0m [1;33mx5[0m [1;36m#67[0m SKIP tension=[1;36m0.00002401[0m [0m| momentum_too_small [1;31mconf=0.0[0m
mode=OFF radar_adj=0 mom= conf=0
[1;36m20:16:07[0m [1;33mx5[0m [1;36m#68[0m SKIP tension=[1;36m0.00001152[0m [0m| momentum_too_small [1;31mconf=0.0[0m
mode=OFF radar_adj=0 mom= conf=0
[1;36m20:16:17[0m [1;33mx5[0m [1;36m#69[0m SKIP tension=[1;36m0.00002161[0m [0m| momentum_too_small [1;31mconf=0.0[0m
mode=OFF radar_adj=0 mom= conf=0
[1;36m20:16:26[0m [1;33mx5[0m [1;36m#70[0m SKIP tension=[1;36m0.00001681[0m [0m| momentum_too_small [1;31mconf=0.0[0m
mode=OFF radar_adj=0 mom= conf=0
[1;36m20:16:35[0m [1;33mx5[0m [1;36m#71[0m SKIP tension=[1;36m0.00003458[0m [0m| momentum_too_small [1;31mconf=0.0001[0m
mode=OFF radar_adj=0 mom= conf=0
[1;36m20:16:44[0m [1;33mx5[0m [1;36m#72[0m SKIP tension=[1;36m0.00000528[0m [0m| momentum_too_small [1;31mconf=0.0[0m
mode=OFF radar_adj=0 mom= conf=0
[1;36m20:16:55[0m [1;33mx5[0m [1;36m#73[0m SKIP tension=[1;36m0.00002690[0m [0m| momentum_too_small [1;31mconf=0.0[0m
mode=OFF radar_adj=0 mom= conf=0
[1;36m20:17:04[0m [1;33mx5[0m [1;36m#74[0m SKIP tension=[1;36m0.00001921[0m [0m| momentum_too_small [1;31mconf=0.0[0m
mode=OFF radar_adj=0 mom= conf=0
[1;36m20:17:13[0m [1;33mx5[0m [1;36m#75[0m SKIP tension=[1;36m0.00001921[0m [0m| momentum_too_small [1;31mconf=0.0[0m
mode=OFF radar_adj=0 mom= conf=0
[1;36m20:17:23[0m [1;33mx5[0m [1;36m#76[0m SKIP tension=[1;36m0.00002114[0m [0m| momentum_too_small [1;31mconf=0.0[0m
mode=OFF radar_adj=0 mom= conf=0
[1;36m20:17:32[0m [1;33mx5[0m [1;36m#77[0m SKIP tension=[1;36m0.00001777[0m [0m| momentum_too_small [1;31mconf=0.0[0m
mode=OFF radar_adj=0 mom= conf=0
[1;36m20:17:42[0m [1;33mx5[0m [1;36m#78[0m SKIP tension=[1;36m0.00002018[0m [0m| momentum_too_small [1;31mconf=0.0[0m
mode=OFF radar_adj=0 mom= conf=0
[1;36m20:17:51[0m [1;33mx5[0m [1;36m#79[0m SKIP tension=[1;36m0.00002067[0m [0m| momentum_too_small [1;31mconf=0.0[0m
mode=OFF radar_adj=0 mom= conf=0
[1;36m20:18:01[0m [1;33mx5[0m [1;36m#80[0m SKIP tension=[1;36m0.00000433[0m [0m| momentum_too_small [1;31mconf=0.0[0m
mode=OFF radar_adj=0 mom= conf=0
[1;36m20:18:11[0m [1;33mx5[0m [1;36m#81[0m SKIP tension=[1;36m0.00001539[0m [0m| momentum_too_small [1;31mconf=0.0[0m
mode=OFF radar_adj=0 mom= conf=0
[1;36m20:18:20[0m [1;33mx5[0m [1;36m#82[0m SKIP tension=[1;36m0.00001169[0m [0m| momentum_too_small [1;31mconf=0.0[0m
mode=OFF radar_adj=0 mom= conf=0
[1;36m20:18:30[0m [1;33mx5[0m [1;36m#83[0m SKIP tension=[1;36m0.04559905[0m [0m| direction_unclear [1;31mconf=0.0755[0m
mode=OFF radar_adj=0 mom= conf=0
[1;36m20:18:39[0m [1;33mx5[0m [1;36m#84[0m SKIP tension=[1;36m0.56923885[0m [0m| wall_not_collapsed
mode=OFF radar_adj=0 mom= conf=0
[1;36m20:18:49[0m [1;33mx5[0m [1;36m#85[0m SKIP tension=[1;36m0.45734816[0m [0m| wall_not_collapsed
mode=OFF radar_adj=0 mom= conf=0
[1;36m20:18:58[0m [1;33mx5[0m [1;36m#86[0m SKIP tension=[1;36m0.23341468[0m [0m| wall_not_collapsed
mode=OFF radar_adj=0 mom= conf=0
[1;36m20:19:08[0m [1;33mx5[0m [1;36m#87[0m SKIP tension=[1;36m0.24070107[0m [0m| wall_not_collapsed
mode=OFF radar_adj=0 mom= conf=0
[1;36m20:19:17[0m [1;33mx5[0m [1;36m#88[0m SKIP tension=[1;36m0.24939270[0m [0m| wall_not_collapsed
mode=OFF radar_adj=0 mom= conf=0
[1;36m20:19:27[0m [1;33mx5[0m [1;36m#89[0m SKIP tension=[1;36m0.00003083[0m [0m| momentum_too_small [1;31mconf=0.0001[0m
mode=OFF radar_adj=0 mom= conf=0
[1;36m20:19:36[0m [1;33mx5[0m [1;36m#90[0m SKIP tension=[1;36m0.00002907[0m [0m| momentum_too_small [1;31mconf=0.0[0m
mode=OFF radar_adj=0 mom= conf=0
[1;36m20:19:45[0m [1;33mx5[0m [1;36m#91[0m SKIP tension=[1;36m0.02105458[0m [0m| direction_unclear [1;31mconf=0.0345[0m
mode=OFF radar_adj=0 mom= conf=0
[1;36m20:19:55[0m [1;33mx5[0m [1;36m#92[0m SKIP tension=[1;36m0.00002916[0m [0m| momentum_too_small [1;31mconf=0.0[0m
mode=OFF radar_adj=0 mom= conf=0
[1;36m20:20:05[0m [1;33mx5[0m [1;36m#93[0m SKIP tension=[1;36m0.00004774[0m [0m| momentum_too_small [1;31mconf=0.0001[0m
mode=OFF radar_adj=0 mom= conf=0
[1;36m20:20:14[0m [1;33mx5[0m [1;36m#94[0m SKIP tension=[1;36m0.30867146[0m [0m| wall_not_collapsed
mode=OFF radar_adj=0 mom= conf=0
[1;36m20:20:23[0m [1;33mx5[0m [1;36m#95[0m SKIP tension=[1;36m0.32795130[0m [0m| wall_not_collapsed
mode=OFF radar_adj=0 mom= conf=0
[1;36m20:20:33[0m [1;33mx5[0m [1;36m#96[0m SKIP tension=[1;36m0.33693284[0m [0m| wall_not_collapsed
mode=OFF radar_adj=0 mom= conf=0
[1;36m20:20:42[0m [1;33mx5[0m [1;36m#97[0m SKIP tension=[1;36m0.34061575[0m [0m| wall_not_collapsed
mode=OFF radar_adj=0 mom= conf=0
[1;36m20:20:52[0m [1;33mx5[0m [1;36m#98[0m SKIP tension=[1;36m0.00387984[0m [0m| momentum_too_small [1;31mconf=0.0063[0m
mode=OFF radar_adj=0 mom= conf=0
[1;36m20:21:02[0m [1;33mx5[0m [1;36m#99[0m SKIP tension=[1;36m0.00002983[0m [0m| momentum_too_small [1;31mconf=0.0[0m
mode=OFF radar_adj=0 mom= conf=0
[1;36m20:21:11[0m [1;33mx5[0m [1;36m#100[0m SKIP tension=[1;36m0.00003233[0m [0m| momentum_too_small [1;31mconf=0.0001[0m
mode=OFF radar_adj=0 mom= conf=0
[1;36m20:21:21[0m [1;33mx5[0m [1;36m#101[0m SKIP tension=[1;36m0.00003923[0m [0m| momentum_too_small [1;31mconf=0.0001[0m
mode=OFF radar_adj=0 mom= conf=0
[1;36m20:21:31[0m [1;33mx5[0m [1;36m#102[0m SKIP tension=[1;36m0.00006771[0m [0m| momentum_too_small [1;31mconf=0.0001[0m
mode=OFF radar_adj=0 mom= conf=0
[1;36m20:21:41[0m [1;33mx5[0m [1;36m#103[0m SKIP tension=[1;36m0.00004980[0m [0m| momentum_too_small [1;31mconf=0.0001[0m
mode=OFF radar_adj=0 mom= conf=0
[1;36m20:21:50[0m [1;33mx5[0m [1;36m#104[0m SKIP tension=[1;36m0.00015138[0m [0m| spread_too_wide [1;31mconf=0.0001[0m
mode=OFF radar_adj=0 mom= conf=0
[1;36m20:22:01[0m [1;33mx5[0m [1;36m#105[0m SKIP tension=[1;31m7.62315223[0m [0m| spread_too_wide [1;33mconf=0.5[0m
mode=OFF radar_adj=0 mom= conf=0
[1;36m20:22:10[0m [1;33mx5[0m [1;36m#106[0m SKIP tension=[1;36m0.00000000[0m [0m| spread_too_wide [1;31mconf=0.0[0m
mode=OFF radar_adj=0 mom= conf=0
[1;36m20:22:20[0m [1;33mx5[0m [1;36m#107[0m SKIP tension=[1;36m0.00000000[0m [0m| momentum_too_small [1;31mconf=0.3493[0m
mode=OFF radar_adj=0 mom= conf=0
[1;36m20:22:29[0m [1;33mx5[0m [1;36m#108[0m SKIP tension=[1;36m0.00323406[0m [0m| momentum_too_small [1;31mconf=0.0054[0m
mode=OFF radar_adj=0 mom= conf=0
[1;36m20:22:38[0m [1;33mx5[0m [1;36m#109[0m SKIP tension=[1;36m0.00000000[0m [0m| momentum_too_small [1;31mconf=0.3493[0m
mode=OFF radar_adj=0 mom= conf=0
[1;36m20:22:48[0m [1;33mx5[0m [1;36m#110[0m SKIP tension=[1;36m0.00000000[0m [0m| momentum_too_small [1;31mconf=0.3493[0m
mode=OFF radar_adj=0 mom= conf=0
[1;36m20:22:58[0m [1;33mx5[0m [1;36m#111[0m SKIP tension=[1;36m0.00214744[0m [0m| momentum_too_small [1;31mconf=0.0035[0m
mode=OFF radar_adj=0 mom= conf=0
[1;36mCycle 112[0m [1;32mSOFT anomaly[0m [1;33m| pnl_abs=0.08224000 > 0.02500000[0m
[1;36mentry=20:23:12@62590.50000000[0m [1;33mx5[0m [1;36m#112[0m [1;32mSELL[0m tension=[1;31m4.31531962[0m hold=[1;36m7[0ms sec=[1;36m7[0m [0m| exit=62587.30000000 [1;32mconf=0.973[0m [1;36mexit_time=20:23:21[0m [1;32mpnl=0.08224000 bps=0.51125970 pct=0.00511260% total=0.08066[0m
mode=OFF radar_adj=0 mom= conf=0
[1;36mCycle 113[0m [1;32mSOFT anomaly[0m [1;33m| pnl_abs=0.06084000 > 0.02500000[0m
[1;36mentry=20:23:37@62590.50000000[0m [1;33mx5[0m [1;36m#113[0m [1;32mSELL[0m tension=[1;32m1.18442635[0m hold=[1;36m12[0ms sec=[1;36m12[0m [0m| exit=62582.70000000 [1;32mconf=0.968[0m [1;36mexit_time=20:23:49[0m [1;32mpnl=0.06084000 bps=1.24619551 pct=0.01246196% total=0.1415[0m
mode=OFF radar_adj=0 mom= conf=0
shockwave beta->alpha until_cycle=124
[1;33mSWARM shockwave[0m [0m| beta -> neighbor (fluid_exit_inversion)[0m
[1;36mCycle 114[0m [1;32mSOFT anomaly[0m [1;33m| pnl_abs=0.06084000 > 0.02500000[0m
[1;36mentry=20:24:07@62582.70000000[0m [1;33mx5[0m [1;36m#114[0m [1;31mSELL[0m tension=[1;32m1.22530605[0m hold=[1;36m11[0ms sec=[1;36m11[0m [0m| exit=62590.50000000 [1;32mconf=0.9221[0m [1;36mexit_time=20:24:19[0m [1;31mpnl=-0.06084000 bps=-1.24635083 pct=-0.01246351% total=0.08065999999999998[0m
mode=OFF radar_adj=0 mom= conf=0
[1;36m20:24:32[0m [1;33mx5[0m [1;36m#115[0m SKIP tension=[1;36m0.00002538[0m [0m| momentum_too_small [1;31mconf=0.0[0m
mode=OFF radar_adj=0 mom= conf=0
[1;36m20:24:43[0m [1;33mx5[0m [1;36m#116[0m SKIP tension=[1;36m0.00005839[0m [0m| momentum_too_small [1;31mconf=0.0001[0m
mode=OFF radar_adj=0 mom= conf=0
[1;36m20:24:55[0m [1;33mx5[0m [1;36m#117[0m SKIP tension=[1;36m0.00000000[0m [0m| momentum_too_small [1;31mconf=0.3227[0m
mode=OFF radar_adj=0 mom= conf=0
[1;36m20:25:06[0m [1;33mx5[0m [1;36m#118[0m SKIP tension=[1;36m0.00007498[0m [0m| momentum_too_small [1;31mconf=0.0001[0m
mode=OFF radar_adj=0 mom= conf=0
[1;36m20:25:17[0m [1;33mx5[0m [1;36m#119[0m SKIP tension=[1;36m0.81066518[0m [0m| wall_not_collapsed
mode=OFF radar_adj=0 mom= conf=0
[1;36m20:25:27[0m [1;33mx5[0m [1;36m#120[0m SKIP tension=[1;36m0.10956734[0m [0m| direction_unclear [1;31mconf=0.1697[0m
mode=OFF radar_adj=0 mom= conf=0
[1;36m20:25:38[0m [1;33mx5[0m [1;36m#121[0m SKIP tension=[1;36m0.00173185[0m [0m| momentum_too_small [1;31mconf=0.0027[0m
mode=OFF radar_adj=0 mom= conf=0
[1;36m20:25:48[0m [1;33mx5[0m [1;36m#122[0m SKIP tension=[1;36m0.00001758[0m [0m| momentum_too_small [1;31mconf=0.0[0m
mode=OFF radar_adj=0 mom= conf=0
[1;36m20:26:01[0m [1;33mx5[0m [1;36m#123[0m SKIP tension=[1;36m0.00000000[0m [0m| momentum_too_small [1;31mconf=0.3252[0m
mode=OFF radar_adj=0 mom= conf=0
[1;36m20:26:10[0m [1;33mx5[0m [1;36m#124[0m SKIP tension=[1;36m0.20128822[0m [0m| wall_not_collapsed
mode=OFF radar_adj=0 mom= conf=0
[1;36m20:26:21[0m [1;33mx5[0m [1;36m#125[0m SKIP tension=[1;36m0.46109839[0m [0m| wall_not_collapsed
mode=OFF radar_adj=0 mom= conf=0
[1;36m20:26:31[0m [1;33mx5[0m [1;36m#126[0m SKIP tension=[1;36m0.17939974[0m [0m| direction_unclear [1;31mconf=0.2778[0m
mode=OFF radar_adj=0 mom= conf=0
[1;36m20:26:42[0m [1;33mx5[0m [1;36m#127[0m SKIP tension=[1;36m0.00000000[0m [0m| momentum_too_small [1;31mconf=0.3252[0m
mode=OFF radar_adj=0 mom= conf=0
[1;36m20:26:52[0m [1;33mx5[0m [1;36m#128[0m SKIP tension=[1;36m0.00004191[0m [0m| momentum_too_small [1;31mconf=0.0001[0m
mode=OFF radar_adj=0 mom= conf=0
[1;36m20:27:03[0m [1;33mx5[0m [1;36m#129[0m SKIP tension=[1;36m0.00000000[0m [0m| momentum_too_small [1;31mconf=0.3252[0m
mode=OFF radar_adj=0 mom= conf=0
[1;36m20:27:14[0m [1;33mx5[0m [1;36m#130[0m SKIP tension=[1;36m0.00000440[0m [0m| momentum_too_small [1;31mconf=0.0[0m
mode=OFF radar_adj=0 mom= conf=0
[1;36m20:27:24[0m [1;33mx5[0m [1;36m#131[0m SKIP tension=[1;36m0.00000000[0m [0m| momentum_too_small [1;31mconf=0.3252[0m
mode=OFF radar_adj=0 mom= conf=0
[1;36m20:27:35[0m [1;33mx5[0m [1;36m#132[0m SKIP tension=[1;33m0.94936589[0m [0m| wall_not_collapsed
mode=OFF radar_adj=0 mom= conf=0
[1;36m20:27:44[0m [1;33mx5[0m [1;36m#133[0m SKIP tension=[1;36m0.00396924[0m [0m| momentum_too_small [1;31mconf=0.0061[0m
mode=OFF radar_adj=0 mom= conf=0
[1;36m20:27:56[0m [1;33mx5[0m [1;36m#134[0m SKIP tension=[1;36m0.00000000[0m [0m| momentum_too_small [1;31mconf=0.3252[0m
mode=OFF radar_adj=0 mom= conf=0
[1;36m20:28:06[0m [1;33mx5[0m [1;36m#135[0m SKIP tension=[1;36m0.01272975[0m [0m| direction_unclear [1;31mconf=0.0197[0m
mode=OFF radar_adj=0 mom= conf=0
[1;36m20:28:15[0m [1;33mx5[0m [1;36m#136[0m SKIP tension=[1;36m0.00000351[0m [0m| momentum_too_small [1;31mconf=0.0[0m
mode=OFF radar_adj=0 mom= conf=0
[1;36m20:28:25[0m [1;33mx5[0m [1;36m#137[0m SKIP tension=[1;36m0.00000000[0m [0m| momentum_too_small [1;31mconf=0.3287[0m
mode=OFF radar_adj=0 mom= conf=0
[1;36m20:28:35[0m [1;33mx5[0m [1;36m#138[0m SKIP tension=[1;36m0.00000000[0m [0m| momentum_too_small [1;31mconf=0.3252[0m
mode=OFF radar_adj=0 mom= conf=0
[1;36m20:28:45[0m [1;33mx5[0m [1;36m#139[0m SKIP tension=[1;36m0.00000000[0m [0m| momentum_too_small [1;31mconf=0.3252[0m
mode=OFF radar_adj=0 mom= conf=0
[1;36m20:28:56[0m [1;33mx5[0m [1;36m#140[0m SKIP tension=[1;36m0.00000000[0m [0m| momentum_too_small [1;31mconf=0.3234[0m
mode=OFF radar_adj=0 mom= conf=0
[1;36m20:29:07[0m [1;33mx5[0m [1;36m#141[0m SKIP tension=[1;36m0.00000000[0m [0m| momentum_too_small [1;31mconf=0.3234[0m
mode=OFF radar_adj=0 mom= conf=0
[1;36m20:29:16[0m [1;33mx5[0m [1;36m#142[0m SKIP tension=[1;36m0.00002148[0m [0m| momentum_too_small [1;31mconf=0.0[0m
mode=OFF radar_adj=0 mom= conf=0
[1;36m20:29:27[0m [1;33mx5[0m [1;36m#143[0m SKIP tension=[1;36m0.00000000[0m [0m| momentum_too_small [1;31mconf=0.342[0m
mode=OFF radar_adj=0 mom= conf=0
[1;36m20:29:36[0m [1;33mx5[0m [1;36m#144[0m SKIP tension=[1;36m0.01552126[0m [0m| direction_unclear [1;31mconf=0.0253[0m
mode=OFF radar_adj=0 mom= conf=0
[1;36m20:29:45[0m [1;33mx5[0m [1;36m#145[0m SKIP tension=[1;36m0.00000000[0m [0m| momentum_too_small [1;31mconf=0.3413[0m
mode=OFF radar_adj=0 mom= conf=0
[1;36m20:29:56[0m [1;33mx5[0m [1;36m#146[0m SKIP tension=[1;36m0.00000000[0m [0m| momentum_too_small [1;31mconf=0.3427[0m
mode=OFF radar_adj=0 mom= conf=0
[1;36mentry=20:30:11@62591.00000000[0m [1;33mx5[0m [1;36m#147[0m [1;32mSELL[0m tension=[1;32m1.64910427[0m hold=[1;36m9[0ms sec=[1;36m9[0m [0m| exit=62590.50000000 [1;32mconf=0.977[0m [1;36mexit_time=20:30:21[0m [1;32mpnl=0.00640000 bps=0.07988369 pct=0.00079884% total=0.08705999999999998[0m
mode=OFF radar_adj=0 mom= conf=0
[1;36m20:30:32[0m [1;33mx5[0m [1;36m#148[0m SKIP tension=[1;36m0.05577458[0m [0m| direction_unclear [1;31mconf=0.0925[0m
mode=OFF radar_adj=0 mom= conf=0
[1;36m20:30:41[0m [1;33mx5[0m [1;36m#149[0m SKIP tension=[1;36m0.00000809[0m [0m| momentum_too_small [1;31mconf=0.0[0m
mode=OFF radar_adj=0 mom= conf=0
[1;36m20:30:52[0m [1;33mx5[0m [1;36m#150[0m SKIP tension=[1;36m0.00702377[0m [0m| momentum_too_small [1;31mconf=0.0116[0m
mode=OFF radar_adj=0 mom= conf=0
shockwave beta->alpha until_cycle=161
[1;33mSWARM shockwave[0m [0m| beta -> neighbor (fluid_exit_brake)[0m
[1;36mentry=20:31:08@62590.10000000[0m [1;33mx5[0m [1;36m#151[0m [1;31mSELL[0m tension=[1;32m1.51250100[0m hold=[1;36m13[0ms sec=[1;36m13[0m [0m| exit=62590.50000000 [1;32mconf=0.995[0m [1;36mexit_time=20:31:21[0m [1;31mpnl=-0.00312000 bps=-0.06390787 pct=-0.00063908% total=0.08393999999999999[0m
mode=OFF radar_adj=0 mom= conf=0
[1;36m20:31:39[0m [1;33mx5[0m [1;36m#152[0m SKIP tension=[1;36m0.00000352[0m [0m| momentum_too_small [1;31mconf=0.0[0m
mode=OFF radar_adj=0 mom= conf=0
[1;36m20:31:50[0m [1;33mx5[0m [1;36m#153[0m SKIP tension=[1;36m0.01417520[0m [0m| direction_unclear [1;31mconf=0.0218[0m
mode=OFF radar_adj=0 mom= conf=0
[1;36m20:32:02[0m [1;33mx5[0m [1;36m#154[0m SKIP tension=[1;36m0.00053429[0m [0m| momentum_too_small [1;31mconf=0.0008[0m
mode=OFF radar_adj=0 mom= conf=0
[1;36m20:32:12[0m [1;33mx5[0m [1;36m#155[0m SKIP tension=[1;36m0.00003189[0m [0m| momentum_too_small [1;31mconf=0.0[0m
mode=OFF radar_adj=0 mom= conf=0
[1;36m20:32:22[0m [1;33mx5[0m [1;36m#156[0m SKIP tension=[1;36m0.78268491[0m [0m| wall_not_collapsed
mode=OFF radar_adj=0 mom= conf=0
[1;36m20:32:33[0m [1;33mx5[0m [1;36m#157[0m SKIP tension=[1;36m0.00000000[0m [0m| momentum_too_small [1;31mconf=0.3234[0m
mode=OFF radar_adj=0 mom= conf=0
[1;36m20:32:43[0m [1;33mx5[0m [1;36m#158[0m SKIP tension=[1;36m0.00003690[0m [0m| momentum_too_small [1;31mconf=0.0001[0m
mode=OFF radar_adj=0 mom= conf=0
[1;36mentry=20:33:02@62583.40000000[0m [1;33mx5[0m [1;36m#159[0m [1;33mSELL[0m tension=[1;31m2.46810246[0m hold=[1;36m9[0ms sec=[1;36m9[0m [0m| exit=62583.40000000 [1;32mconf=0.9461[0m [1;36mexit_time=20:33:11[0m [1;33mpnl=-0.00000000 bps=-0.00000000 pct=-0.00000000% total=0.08393999999999999[0m
mode=OFF radar_adj=0 mom= conf=0
[1;36mentry=20:33:28@62583.40000000[0m [1;33mx5[0m [1;36m#160[0m [1;33mSELL[0m tension=[1;31m11.95471909[0m hold=[1;36m9[0ms sec=[1;36m9[0m [0m| exit=62583.40000000 [1;32mconf=0.9241[0m [1;36mexit_time=20:33:37[0m [1;33mpnl=-0.00000000 bps=-0.00000000 pct=-0.00000000% total=0.08393999999999999[0m
mode=OFF radar_adj=0 mom= conf=0
[1;36mCycle 161[0m [1;32mSOFT anomaly[0m [1;33m| pnl_abs=0.19532000 > 0.02500000[0m
[1;36mentry=20:33:57@62591.00000000[0m [1;33mx5[0m [1;36m#161[0m [1;32mSELL[0m tension=[1;32m1.70462143[0m hold=[1;36m13[0ms sec=[1;36m13[0m [0m| exit=62583.40000000 [1;32mconf=0.9241[0m [1;36mexit_time=20:34:11[0m [1;32mpnl=0.19532000 bps=1.21423208 pct=0.01214232% total=0.27925999999999995[0m
mode=OFF radar_adj=0 mom= conf=0
[1;36m20:34:23[0m [1;33mx5[0m [1;36m#162[0m SKIP tension=[1;36m0.00000282[0m [0m| momentum_too_small [1;31mconf=0.0[0m
mode=OFF radar_adj=0 mom= conf=0
[1;36m20:34:33[0m [1;33mx5[0m [1;36m#163[0m SKIP tension=[1;36m0.52531467[0m [0m| wall_not_collapsed
mode=OFF radar_adj=0 mom= conf=0
[1;36m20:34:43[0m [1;33mx5[0m [1;36m#164[0m SKIP tension=[1;36m0.00000176[0m [0m| momentum_too_small [1;31mconf=0.0[0m
mode=OFF radar_adj=0 mom= conf=0
[1;36m20:34:54[0m [1;33mx5[0m [1;36m#165[0m SKIP tension=[1;36m0.00000353[0m [0m| momentum_too_small [1;31mconf=0.0[0m
mode=OFF radar_adj=0 mom= conf=0
[1;36m20:35:05[0m [1;33mx5[0m [1;36m#166[0m SKIP tension=[1;36m0.00000549[0m [0m| momentum_too_small [1;31mconf=0.0[0m
mode=OFF radar_adj=0 mom= conf=0
[1;36m20:35:15[0m [1;33mx5[0m [1;36m#167[0m SKIP tension=[1;36m0.00000561[0m [0m| momentum_too_small [1;31mconf=0.0[0m
mode=OFF radar_adj=0 mom= conf=0
[1;36m20:35:24[0m [1;33mx5[0m [1;36m#168[0m SKIP tension=[1;36m0.00000000[0m [0m| momentum_too_small [1;31mconf=0.336[0m
mode=OFF radar_adj=0 mom= conf=0
[1;36m20:35:35[0m [1;33mx5[0m [1;36m#169[0m SKIP tension=[1;36m0.00000000[0m [0m| momentum_too_small [1;31mconf=0.336[0m
mode=OFF radar_adj=0 mom= conf=0
[1;36m20:35:45[0m [1;33mx5[0m [1;36m#170[0m SKIP tension=[1;36m0.00000598[0m [0m| momentum_too_small [1;31mconf=0.0[0m
mode=OFF radar_adj=0 mom= conf=0
[1;36m20:35:57[0m [1;33mx5[0m [1;36m#171[0m SKIP tension=[1;36m0.00000000[0m [0m| momentum_too_small [1;31mconf=0.2724[0m
mode=OFF radar_adj=0 mom= conf=0
[1;36m20:36:08[0m [1;33mx5[0m [1;36m#172[0m SKIP tension=[1;36m0.00000000[0m [0m| momentum_too_small [1;31mconf=0.2693[0m
mode=OFF radar_adj=0 mom= conf=0
[1;36m20:36:18[0m [1;33mx5[0m [1;36m#173[0m SKIP tension=[1;36m0.08317490[0m [0m| direction_unclear [1;31mconf=0.1061[0m
mode=OFF radar_adj=0 mom= conf=0
[1;36m20:36:28[0m [1;33mx5[0m [1;36m#174[0m SKIP tension=[1;36m0.00000000[0m [0m| momentum_too_small [1;31mconf=0.2459[0m
mode=OFF radar_adj=0 mom= conf=0
[1;36m20:36:38[0m [1;33mx5[0m [1;36m#175[0m SKIP tension=[1;36m0.00000000[0m [0m| momentum_too_small [1;31mconf=0.343[0m
mode=OFF radar_adj=0 mom= conf=0
[1;36m20:36:47[0m [1;33mx5[0m [1;36m#176[0m SKIP tension=[1;36m0.00001123[0m [0m| momentum_too_small [1;31mconf=0.0[0m
mode=OFF radar_adj=0 mom= conf=0
[1;36m20:37:00[0m [1;33mx5[0m [1;36m#177[0m SKIP tension=[1;36m0.00000820[0m [0m| momentum_too_small [1;31mconf=0.0[0m
mode=OFF radar_adj=0 mom= conf=0
[1;36m20:37:09[0m [1;33mx5[0m [1;36m#178[0m SKIP tension=[1;36m0.01033555[0m [0m| direction_unclear [1;31mconf=0.0169[0m
mode=OFF radar_adj=0 mom= conf=0
[1;36m20:37:20[0m [1;33mx5[0m [1;36m#179[0m SKIP tension=[1;36m0.00573756[0m [0m| momentum_too_small [1;31mconf=0.0067[0m
mode=OFF radar_adj=0 mom= conf=0
[1;36m20:37:30[0m [1;33mx5[0m [1;36m#180[0m SKIP tension=[1;36m0.00001106[0m [0m| momentum_too_small [1;31mconf=0.0[0m
mode=OFF radar_adj=0 mom= conf=0
[1;36m20:37:42[0m [1;33mx5[0m [1;36m#181[0m SKIP tension=[1;36m0.00000000[0m [0m| momentum_too_small [1;31mconf=0.2459[0m
mode=OFF radar_adj=0 mom= conf=0
[1;36m20:37:52[0m [1;33mx5[0m [1;36m#182[0m SKIP tension=[1;36m0.00000608[0m [0m| momentum_too_small [1;31mconf=0.0[0m
mode=OFF radar_adj=0 mom= conf=0
[1;36m20:38:03[0m [1;33mx5[0m [1;36m#183[0m SKIP tension=[1;32m1.04291428[0m [0m| tactic long vs short
mode=OFF radar_adj=0 mom= conf=0
[1;36m20:38:13[0m [1;33mx5[0m [1;36m#184[0m SKIP tension=[1;36m0.74024056[0m [0m| wall_not_collapsed
mode=OFF radar_adj=0 mom= conf=0
[1;36m20:38:23[0m [1;33mx5[0m [1;36m#185[0m SKIP tension=[1;36m0.68591963[0m [0m| wall_not_collapsed
mode=OFF radar_adj=0 mom= conf=0
[1;36m20:38:34[0m [1;33mx5[0m [1;36m#186[0m SKIP tension=[1;36m0.00000000[0m [0m| momentum_too_small [1;31mconf=0.2459[0m
mode=OFF radar_adj=0 mom= conf=0
[1;36m20:38:44[0m [1;33mx5[0m [1;36m#187[0m SKIP tension=[1;36m0.52620407[0m [0m| wall_not_collapsed
mode=OFF radar_adj=0 mom= conf=0
[1;36mentry=20:39:02@62540.10000000[0m [1;33mx5[0m [1;36m#188[0m [1;32mSELL[0m tension=[1;31m10.63034326[0m hold=[1;36m14[0ms sec=[1;36m14[0m [0m| exit=62538.90000000 [1;32mconf=0.997[0m [1;36mexit_time=20:39:17[0m [1;32mpnl=0.00936000 bps=0.19187689 pct=0.00191877% total=0.28861999999999993[0m
mode=OFF radar_adj=0 mom= conf=0
[1;36m20:39:29[0m [1;33mx5[0m [1;36m#189[0m SKIP tension=[1;36m0.00000000[0m [0m| momentum_too_small [1;31mconf=0.3318[0m
mode=OFF radar_adj=0 mom= conf=0
[1;36m20:39:40[0m [1;33mx5[0m [1;36m#190[0m SKIP tension=[1;36m0.00000000[0m [0m| momentum_too_small [1;31mconf=0.3311[0m
mode=OFF radar_adj=0 mom= conf=0
[1;36m20:39:51[0m [1;33mx5[0m [1;36m#191[0m SKIP tension=[1;36m0.00003424[0m [0m| momentum_too_small [1;31mconf=0.0001[0m
mode=OFF radar_adj=0 mom= conf=0
[1;36m20:40:03[0m [1;33mx5[0m [1;36m#192[0m SKIP tension=[1;36m0.00000000[0m [0m| momentum_too_small [1;31mconf=0.3322[0m
mode=OFF radar_adj=0 mom= conf=0
[1;36m20:40:15[0m [1;33mx5[0m [1;36m#193[0m SKIP tension=[1;36m0.00000000[0m [0m| momentum_too_small [1;31mconf=0.3479[0m
mode=OFF radar_adj=0 mom= conf=0
[1;36m20:40:28[0m [1;33mx5[0m [1;36m#194[0m SKIP tension=[1;36m0.00010321[0m [0m| momentum_too_small [1;31mconf=0.0002[0m
mode=OFF radar_adj=0 mom= conf=0
[1;36m20:40:38[0m [1;33mx5[0m [1;36m#195[0m SKIP tension=[1;36m0.00000000[0m [0m| momentum_too_small [1;31mconf=0.3346[0m
mode=OFF radar_adj=0 mom= conf=0
[1;36m20:40:49[0m [1;33mx5[0m [1;36m#196[0m SKIP tension=[1;36m0.00004268[0m [0m| momentum_too_small [1;31mconf=0.0001[0m
mode=OFF radar_adj=0 mom= conf=0
[1;36mentry=20:41:07@62550.00000000[0m [1;33mx5[0m [1;36m#197[0m [1;33mSELL[0m tension=[1;32m1.24637556[0m hold=[1;36m9[0ms sec=[1;36m9[0m [0m| exit=62550.00000000 [1;32mconf=0.9061[0m [1;36mexit_time=20:41:17[0m [1;33mpnl=-0.00000000 bps=-0.00000000 pct=-0.00000000% total=0.28861999999999993[0m
mode=OFF radar_adj=0 mom= conf=0
[1;36m20:41:30[0m [1;33mx5[0m [1;36m#198[0m SKIP tension=[1;36m0.33797027[0m [0m| wall_not_collapsed
mode=OFF radar_adj=0 mom= conf=0
[1;36m20:41:41[0m [1;33mx5[0m [1;36m#199[0m SKIP tension=[1;36m0.00016140[0m [0m| momentum_too_small [1;31mconf=0.0002[0m
mode=OFF radar_adj=0 mom= conf=0
[1;36mCycle 200[0m [1;32mSOFT anomaly[0m [1;33m| pnl_abs=0.06552000 > 0.02500000[0m
[1;36mentry=20:42:00@62555.30000000[0m [1;33mx5[0m [1;36m#200[0m [1;32mSELL[0m tension=[1;31m5.65814716[0m hold=[1;36m10[0ms sec=[1;36m10[0m [0m| exit=62546.90000000 [1;32mconf=0.8202[0m [1;36mexit_time=20:42:10[0m [1;32mpnl=0.06552000 bps=1.34281188 pct=0.01342812% total=0.3541399999999999[0m
mode=OFF radar_adj=0 mom= conf=0
[1;36m20:42:24[0m [1;33mx5[0m [1;36m#201[0m SKIP tension=[1;36m0.04930693[0m [0m| direction_unclear [1;31mconf=0.061[0m
mode=OFF radar_adj=0 mom= conf=0
[1;36m20:42:33[0m [1;33mx5[0m [1;36m#202[0m SKIP tension=[1;36m0.00000000[0m [0m| momentum_too_small [1;31mconf=0.2822[0m
mode=OFF radar_adj=0 mom= conf=0
[1;36m20:42:44[0m [1;33mx5[0m [1;36m#203[0m SKIP tension=[1;36m0.00001546[0m [0m| momentum_too_small [1;31mconf=0.0[0m
mode=OFF radar_adj=0 mom= conf=0
[1;36m20:42:55[0m [1;33mx5[0m [1;36m#204[0m SKIP tension=[1;36m0.00000000[0m [0m| momentum_too_small [1;31mconf=0.2598[0m
mode=OFF radar_adj=0 mom= conf=0
[1;36m20:43:06[0m [1;33mx5[0m [1;36m#205[0m SKIP tension=[1;36m0.00000000[0m [0m| momentum_too_small [1;31mconf=0.3171[0m
mode=OFF radar_adj=0 mom= conf=0
[1;36m20:43:16[0m [1;33mx5[0m [1;36m#206[0m SKIP tension=[1;36m0.00000000[0m [0m| momentum_too_small [1;31mconf=0.2808[0m
mode=OFF radar_adj=0 mom= conf=0
[1;36m20:43:27[0m [1;33mx5[0m [1;36m#207[0m SKIP tension=[1;36m0.00000000[0m [0m| momentum_too_small [1;31mconf=0.2598[0m
mode=OFF radar_adj=0 mom= conf=0
shockwave beta->alpha until_cycle=218
[1;33mSWARM shockwave[0m [0m| beta -> neighbor (fluid_exit_inversion)[0m
[1;36mCycle 208[0m [1;32mSOFT anomaly[0m [1;33m| pnl_abs=0.25344000 > 0.02500000[0m
[1;36mentry=20:43:43@62545.00000000[0m [1;33mx5[0m [1;36m#208[0m [1;31mSELL[0m tension=[1;31m5.68854331[0m hold=[1;36m10[0ms sec=[1;36m10[0m [0m| exit=62564.80000000 [1;32mconf=0.999[0m [1;36mexit_time=20:43:53[0m [1;31mpnl=-0.25344000 bps=-3.16572068 pct=-0.03165721% total=0.1006999999999999[0m
mode=OFF radar_adj=0 mom= conf=0
[1;36m20:44:08[0m [1;33mx5[0m [1;36m#209[0m SKIP tension=[1;36m0.00000000[0m [0m| momentum_too_small [1;31mconf=0.3094[0m
mode=OFF radar_adj=0 mom= conf=0
[1;36m20:44:19[0m [1;33mx5[0m [1;36m#210[0m SKIP tension=[1;36m0.00000891[0m [0m| momentum_too_small [1;31mconf=0.0[0m
mode=OFF radar_adj=0 mom= conf=0
[1;36m20:44:30[0m [1;33mx5[0m [1;36m#211[0m SKIP tension=[1;36m0.00000000[0m [0m| momentum_too_small [1;31mconf=0.2748[0m
mode=OFF radar_adj=0 mom= conf=0
[1;36m20:44:40[0m [1;33mx5[0m [1;36m#212[0m SKIP tension=[1;36m0.37192975[0m [0m| wall_not_collapsed
mode=OFF radar_adj=0 mom= conf=0
[1;36m20:44:50[0m [1;33mx5[0m [1;36m#213[0m SKIP tension=[1;36m0.00005624[0m [0m| momentum_too_small [1;31mconf=0.0001[0m
mode=OFF radar_adj=0 mom= conf=0
[1;36m20:45:03[0m [1;33mx5[0m [1;36m#214[0m SKIP tension=[1;36m0.49453213[0m [0m| wall_not_collapsed
mode=OFF radar_adj=0 mom= conf=0
[1;36m20:45:13[0m [1;33mx5[0m [1;36m#215[0m SKIP tension=[1;33m0.97948725[0m [0m| wall_not_collapsed
mode=OFF radar_adj=0 mom= conf=0
shockwave beta->alpha until_cycle=226
[1;33mSWARM shockwave[0m [0m| beta -> neighbor (fluid_exit_inversion)[0m
[1;36mCycle 216[0m [1;32mSOFT anomaly[0m [1;33m| pnl_abs=0.17545000 > 0.02500000[0m
[1;36mentry=20:45:30@62533.90000000[0m [1;33mx5[0m [1;36m#216[0m [1;31mSELL[0m tension=[1;32m1.24677017[0m hold=[1;36m15[0ms sec=[1;36m15[0m [0m| exit=62565.80000000 [1;33mconf=0.6464[0m [1;36mexit_time=20:45:45[0m [1;31mpnl=-0.17545000 bps=-5.10123309 pct=-0.05101233% total=-0.0747500000000001[0m
mode=OFF radar_adj=0 mom= conf=0
[1;36m20:46:00[0m [1;33mx5[0m [1;36m#217[0m SKIP tension=[1;36m0.00061774[0m [0m| momentum_too_small [1;31mconf=0.0007[0m
mode=OFF radar_adj=0 mom= conf=0
[1;36m20:46:10[0m [1;33mx5[0m [1;36m#218[0m SKIP tension=[1;36m0.00007164[0m [0m| momentum_too_small [1;31mconf=0.0001[0m
mode=OFF radar_adj=0 mom= conf=0
[1;36m20:46:22[0m [1;33mx5[0m [1;36m#219[0m SKIP tension=[1;36m0.00000000[0m [0m| momentum_too_small [1;31mconf=0.2535[0m
mode=OFF radar_adj=0 mom= conf=0
[1;36m20:46:32[0m [1;33mx5[0m [1;36m#220[0m SKIP tension=[1;36m0.00001368[0m [0m| momentum_too_small [1;31mconf=0.0[0m
mode=OFF radar_adj=0 mom= conf=0
[1;36m20:46:43[0m [1;33mx5[0m [1;36m#221[0m SKIP tension=[1;36m0.00000000[0m [0m| momentum_too_small [1;31mconf=0.2839[0m
mode=OFF radar_adj=0 mom= conf=0
[1;36m20:46:54[0m [1;33mx5[0m [1;36m#222[0m SKIP tension=[1;36m0.00000779[0m [0m| momentum_too_small [1;31mconf=0.0[0m
mode=OFF radar_adj=0 mom= conf=0
[1;36m20:47:06[0m [1;33mx5[0m [1;36m#223[0m SKIP tension=[1;36m0.04229164[0m [0m| direction_unclear [1;31mconf=0.0676[0m
mode=OFF radar_adj=0 mom= conf=0
[1;36m20:47:28[0m [1;33mx5[0m [1;36m#224[0m SKIP tension=[1;36m0.03733077[0m [0m| direction_unclear [1;31mconf=0.045[0m
mode=OFF radar_adj=0 mom= conf=0
[1;36m20:47:38[0m [1;33mx5[0m [1;36m#225[0m SKIP tension=[1;36m0.41126629[0m [0m| wall_not_collapsed
mode=OFF radar_adj=0 mom= conf=0
[1;36m20:47:48[0m [1;33mx5[0m [1;36m#226[0m SKIP tension=[1;36m0.72505616[0m [0m| wall_not_collapsed
mode=OFF radar_adj=0 mom= conf=0
[1;36m20:48:01[0m [1;33mx5[0m [1;36m#227[0m SKIP tension=[1;36m0.46860074[0m [0m| wall_not_collapsed
mode=OFF radar_adj=0 mom= conf=0
[1;36m20:48:11[0m [1;33mx5[0m [1;36m#228[0m SKIP tension=[1;36m0.00002340[0m [0m| momentum_too_small [1;31mconf=0.0[0m
mode=OFF radar_adj=0 mom= conf=0
[1;36m20:48:23[0m [1;33mx5[0m [1;36m#229[0m SKIP tension=[1;36m0.10575414[0m [0m| direction_unclear [1;31mconf=0.1196[0m
mode=OFF radar_adj=0 mom= conf=0
[1;36m20:48:35[0m [1;33mx5[0m [1;36m#230[0m SKIP tension=[1;36m0.00025710[0m [0m| momentum_too_small [1;31mconf=0.0004[0m
mode=OFF radar_adj=0 mom= conf=0
[1;36m20:48:45[0m [1;33mx5[0m [1;36m#231[0m SKIP tension=[1;36m0.00000737[0m [0m| momentum_too_small [1;31mconf=0.0[0m
mode=OFF radar_adj=0 mom= conf=0
[1;36m20:48:58[0m [1;33mx5[0m [1;36m#232[0m SKIP tension=[1;36m0.00003903[0m [0m| momentum_too_small [1;31mconf=0.0[0m
mode=OFF radar_adj=0 mom= conf=0
[1;36m20:49:09[0m [1;33mx5[0m [1;36m#233[0m SKIP tension=[1;36m0.70488735[0m [0m| wall_not_collapsed
mode=OFF radar_adj=0 mom= conf=0
shockwave beta->alpha until_cycle=244
[1;33mSWARM shockwave[0m [0m| beta -> neighbor (shock_inversion_stop)[0m
[1;36mCycle 234[0m [1;32mSOFT anomaly[0m [1;33m| pnl_abs=0.12636000 > 0.02500000[0m
[1;36mentry=20:49:26@62576.60000000[0m [1;33mx5[0m [1;36m#234[0m [1;31mSELL[0m tension=[1;31m5.78028342[0m hold=[1;36m11[0ms sec=[1;36m11[0m [0m| exit=62592.80000000 [1;33mconf=0.7953[0m [1;36mexit_time=20:49:37[0m [1;31mpnl=-0.12636000 bps=-2.58882713 pct=-0.02588827% total=-0.2011100000000001[0m
mode=OFF radar_adj=0 mom= conf=0
shockwave beta->alpha until_cycle=245
[1;33mSWARM shockwave[0m [0m| beta -> neighbor (shock_inversion_stop)[0m
[1;36mentry=20:49:59@62592.80000000[0m [1;33mx5[0m [1;36m#235[0m [1;31mSELL[0m tension=[1;32m1.18856809[0m hold=[1;36m8[0ms sec=[1;36m8[0m [0m| exit=62593.00000000 [1;32mconf=0.991[0m [1;36mexit_time=20:50:07[0m [1;31mpnl=-0.00156000 bps=-0.03195256 pct=-0.00031953% total=-0.2026700000000001[0m
mode=OFF radar_adj=0 mom= conf=0
[1;36m20:50:22[0m [1;33mx5[0m [1;36m#236[0m SKIP tension=[1;36m0.00001098[0m [0m| momentum_too_small [1;31mconf=0.0[0m
mode=OFF radar_adj=0 mom= conf=0
[1;36m20:50:33[0m [1;33mx5[0m [1;36m#237[0m SKIP tension=[1;36m0.00022509[0m [0m| momentum_too_small [1;31mconf=0.0004[0m
mode=OFF radar_adj=0 mom= conf=0
[1;36m20:50:43[0m [1;33mx5[0m [1;36m#238[0m SKIP tension=[1;36m0.00000000[0m [0m| momentum_too_small [1;31mconf=0.3458[0m
mode=OFF radar_adj=0 mom= conf=0
[1;36m20:50:56[0m [1;33mx5[0m [1;36m#239[0m SKIP tension=[1;36m0.39519342[0m [0m| wall_not_collapsed
mode=OFF radar_adj=0 mom= conf=0
[1;36m20:51:06[0m [1;33mx5[0m [1;36m#240[0m SKIP tension=[1;36m0.57959905[0m [0m| wall_not_collapsed
mode=OFF radar_adj=0 mom= conf=0
[1;36m20:51:18[0m [1;33mx5[0m [1;36m#241[0m SKIP tension=[1;36m0.00000118[0m [0m| momentum_too_small [1;31mconf=0.0[0m
mode=OFF radar_adj=0 mom= conf=0
[1;36m20:51:28[0m [1;33mx5[0m [1;36m#242[0m SKIP tension=[1;36m0.00095884[0m [0m| momentum_too_small [1;31mconf=0.0016[0m
mode=OFF radar_adj=0 mom= conf=0
[1;36m20:51:40[0m [1;33mx5[0m [1;36m#243[0m SKIP tension=[1;36m0.36309066[0m [0m| wall_not_collapsed
mode=OFF radar_adj=0 mom= conf=0
[1;36m20:51:50[0m [1;33mx5[0m [1;36m#244[0m SKIP tension=[1;36m0.41611966[0m [0m| wall_not_collapsed
mode=OFF radar_adj=0 mom= conf=0
[1;36m20:52:02[0m [1;33mx5[0m [1;36m#245[0m SKIP tension=[1;36m0.69986101[0m [0m| wall_not_collapsed
mode=OFF radar_adj=0 mom= conf=0
[1;36mentry=20:52:18@62599.80000000[0m [1;33mx5[0m [1;36m#246[0m [1;33mSELL[0m tension=[1;32m1.32758196[0m hold=[1;36m11[0ms sec=[1;36m11[0m [0m| exit=62599.80000000 [1;32mconf=0.998[0m [1;36mexit_time=20:52:30[0m [1;33mpnl=-0.00000000 bps=-0.00000000 pct=-0.00000000% total=-0.2026700000000001[0m
mode=OFF radar_adj=0 mom= conf=0
[1;36m20:52:47[0m [1;33mx5[0m [1;36m#247[0m SKIP tension=[1;36m0.21443000[0m [0m| wall_not_collapsed
mode=OFF radar_adj=0 mom= conf=0
[1;36m20:53:00[0m [1;33mx5[0m [1;36m#248[0m SKIP tension=[1;36m0.38507442[0m [0m| wall_not_collapsed
mode=OFF radar_adj=0 mom= conf=0
[1;36m20:53:12[0m [1;33mx5[0m [1;36m#249[0m SKIP tension=[1;36m0.00001773[0m [0m| momentum_too_small [1;31mconf=0.0[0m
mode=OFF radar_adj=0 mom= conf=0
[1;36m20:53:24[0m [1;33mx5[0m [1;36m#250[0m SKIP tension=[1;36m0.54930973[0m [0m| wall_not_collapsed
mode=OFF radar_adj=0 mom= conf=0
[1;36m20:53:36[0m [1;33mx5[0m [1;36m#251[0m SKIP tension=[1;36m0.00000000[0m [0m| momentum_too_small [1;31mconf=0.3472[0m
mode=OFF radar_adj=0 mom= conf=0
[1;36m20:53:48[0m [1;33mx5[0m [1;36m#252[0m SKIP tension=[1;36m0.00000000[0m [0m| momentum_too_small [1;31mconf=0.3472[0m
mode=OFF radar_adj=0 mom= conf=0
[1;36m20:54:02[0m [1;33mx5[0m [1;36m#253[0m SKIP tension=[1;36m0.00000000[0m [0m| momentum_too_small [1;31mconf=0.3472[0m
mode=OFF radar_adj=0 mom= conf=0
[1;36m20:54:14[0m [1;33mx5[0m [1;36m#254[0m SKIP tension=[1;36m0.19765561[0m [0m| direction_unclear [1;31mconf=0.3261[0m
mode=OFF radar_adj=0 mom= conf=0
[1;36m20:54:26[0m [1;33mx5[0m [1;36m#255[0m SKIP tension=[1;36m0.19772792[0m [0m| direction_unclear [1;31mconf=0.3253[0m
mode=OFF radar_adj=0 mom= conf=0
[1;36mentry=20:54:45@62600.60000000[0m [1;33mx5[0m [1;36m#256[0m [1;33mSELL[0m tension=[1;32m1.13087580[0m hold=[1;36m13[0ms sec=[1;36m13[0m [0m| exit=62600.60000000 [1;32mconf=0.988[0m [1;36mexit_time=20:54:58[0m [1;33mpnl=-0.00000000 bps=-0.00000000 pct=-0.00000000% total=-0.2026700000000001[0m
mode=OFF radar_adj=0 mom= conf=0
[1;36mentry=20:55:19@62600.60000000[0m [1;33mx5[0m [1;36m#257[0m [1;33mSELL[0m tension=[1;32m1.26098783[0m hold=[1;36m13[0ms sec=[1;36m13[0m [0m| exit=62600.60000000 [1;32mconf=0.992[0m [1;36mexit_time=20:55:32[0m [1;33mpnl=-0.00000000 bps=-0.00000000 pct=-0.00000000% total=-0.2026700000000001[0m
mode=OFF radar_adj=0 mom= conf=0
[1;36m20:55:46[0m [1;33mx5[0m [1;36m#258[0m SKIP tension=[1;36m0.19429269[0m [0m| direction_unclear [1;31mconf=0.3212[0m
mode=OFF radar_adj=0 mom= conf=0
[1;36m20:56:01[0m [1;33mx5[0m [1;36m#259[0m SKIP tension=[1;36m0.00001819[0m [0m| momentum_too_small [1;31mconf=0.0[0m
mode=OFF radar_adj=0 mom= conf=0
[1;36m20:56:14[0m [1;33mx5[0m [1;36m#260[0m SKIP tension=[1;36m0.18274270[0m [0m| direction_unclear [1;31mconf=0.3003[0m
mode=OFF radar_adj=0 mom= conf=0
[1;36m20:56:25[0m [1;33mx5[0m [1;36m#261[0m SKIP tension=[1;36m0.00025240[0m [0m| momentum_too_small [1;31mconf=0.0004[0m
mode=OFF radar_adj=0 mom= conf=0
[1;36m20:56:37[0m [1;33mx5[0m [1;36m#262[0m SKIP tension=[1;36m0.18283805[0m [0m| direction_unclear [1;31mconf=0.3005[0m
mode=OFF radar_adj=0 mom= conf=0
[1;36m20:56:49[0m [1;33mx5[0m [1;36m#263[0m SKIP tension=[1;36m0.00002496[0m [0m| momentum_too_small [1;31mconf=0.0[0m
mode=OFF radar_adj=0 mom= conf=0
[1;36m20:57:05[0m [1;33mx5[0m [1;36m#264[0m SKIP tension=[1;36m0.00008062[0m [0m| momentum_too_small [1;31mconf=0.0001[0m
mode=OFF radar_adj=0 mom= conf=0
[1;36m20:57:16[0m [1;33mx5[0m [1;36m#265[0m SKIP tension=[1;36m0.00002446[0m [0m| momentum_too_small [1;31mconf=0.0[0m
mode=OFF radar_adj=0 mom= conf=0
[1;36m20:57:27[0m [1;33mx5[0m [1;36m#266[0m SKIP tension=[1;36m0.00002449[0m [0m| momentum_too_small [1;31mconf=0.0[0m
mode=OFF radar_adj=0 mom= conf=0
[1;36m20:57:39[0m [1;33mx5[0m [1;36m#267[0m SKIP tension=[1;36m0.00000000[0m [0m| momentum_too_small [1;31mconf=0.3451[0m
mode=OFF radar_adj=0 mom= conf=0
[1;36m20:57:50[0m [1;33mx5[0m [1;36m#268[0m SKIP tension=[1;36m0.00000573[0m [0m| momentum_too_small [1;31mconf=0.0[0m
mode=OFF radar_adj=0 mom= conf=0
[1;36m20:58:04[0m [1;33mx5[0m [1;36m#269[0m SKIP tension=[1;36m0.00002606[0m [0m| momentum_too_small [1;31mconf=0.0[0m
mode=OFF radar_adj=0 mom= conf=0
[1;36m20:58:14[0m [1;33mx5[0m [1;36m#270[0m SKIP tension=[1;36m0.02467364[0m [0m| direction_unclear [1;31mconf=0.0405[0m
mode=OFF radar_adj=0 mom= conf=0
[1;36m20:58:26[0m [1;33mx5[0m [1;36m#271[0m SKIP tension=[1;36m0.00000000[0m [0m| momentum_too_small [1;31mconf=0.3451[0m
mode=OFF radar_adj=0 mom= conf=0
[1;36m20:58:37[0m [1;33mx5[0m [1;36m#272[0m SKIP tension=[1;36m0.18332582[0m [0m| direction_unclear [1;31mconf=0.3013[0m
mode=OFF radar_adj=0 mom= conf=0
[1;36m20:58:48[0m [1;33mx5[0m [1;36m#273[0m SKIP tension=[1;36m0.00003233[0m [0m| momentum_too_small [1;31mconf=0.0001[0m
mode=OFF radar_adj=0 mom= conf=0
[1;36m20:59:02[0m [1;33mx5[0m [1;36m#274[0m SKIP tension=[1;36m0.14837520[0m [0m| direction_unclear [1;31mconf=0.2438[0m
mode=OFF radar_adj=0 mom= conf=0
[1;36m20:59:14[0m [1;33mx5[0m [1;36m#275[0m SKIP tension=[1;36m0.00002164[0m [0m| momentum_too_small [1;31mconf=0.0[0m
mode=OFF radar_adj=0 mom= conf=0
[1;36m20:59:26[0m [1;33mx5[0m [1;36m#276[0m SKIP tension=[1;36m0.00001509[0m [0m| momentum_too_small [1;31mconf=0.0[0m
mode=OFF radar_adj=0 mom= conf=0
[1;36m20:59:36[0m [1;33mx5[0m [1;36m#277[0m SKIP tension=[1;36m0.00012462[0m [0m| momentum_too_small [1;31mconf=0.0002[0m
mode=OFF radar_adj=0 mom= conf=0
[1;36m20:59:50[0m [1;33mx5[0m [1;36m#278[0m SKIP tension=[1;36m0.44592964[0m [0m| wall_not_collapsed
mode=OFF radar_adj=0 mom= conf=0
[1;36m21:00:04[0m [1;33mx5[0m [1;36m#279[0m SKIP tension=[1;36m0.13153810[0m [0m| direction_unclear [1;31mconf=0.219[0m
mode=OFF radar_adj=0 mom= conf=0
[1;36m21:00:16[0m [1;33mx5[0m [1;36m#280[0m SKIP tension=[1;36m0.00000000[0m [0m| momentum_too_small [1;31mconf=0.3496[0m
mode=OFF radar_adj=0 mom= conf=0
[1;36m21:00:27[0m [1;33mx5[0m [1;36m#281[0m SKIP tension=[1;36m0.12125926[0m [0m| direction_unclear [1;31mconf=0.2019[0m
mode=OFF radar_adj=0 mom= conf=0
[1;36m21:00:39[0m [1;33mx5[0m [1;36m#282[0m SKIP tension=[1;36m0.00371158[0m [0m| momentum_too_small [1;31mconf=0.0062[0m
mode=OFF radar_adj=0 mom= conf=0
[1;36m21:00:52[0m [1;33mx5[0m [1;36m#283[0m SKIP tension=[1;36m0.00012875[0m [0m| momentum_too_small [1;31mconf=0.0002[0m
mode=OFF radar_adj=0 mom= conf=0
shockwave beta->alpha until_cycle=294
[1;33mSWARM shockwave[0m [0m| beta -> neighbor (shock_inversion_stop)[0m
[1;36mCycle 284[0m [1;32mSOFT anomaly[0m [1;33m| pnl_abs=0.37779000 > 0.02500000[0m
[1;36mentry=21:01:16@62639.00000000[0m [1;33mx5[0m [1;36m#284[0m [1;31mSELL[0m tension=[1;31m2.94770276[0m hold=[1;36m9[0ms sec=[1;36m9[0m [0m| exit=62653.70000000 [1;32mconf=0.9521[0m [1;36mexit_time=21:01:26[0m [1;31mpnl=-0.37779000 bps=-2.34678076 pct=-0.02346781% total=-0.5804600000000001[0m
mode=OFF radar_adj=0 mom= conf=0
[1;36m21:01:42[0m [1;33mx5[0m [1;36m#285[0m SKIP tension=[1;36m0.00534237[0m [0m| momentum_too_small [1;31mconf=0.0087[0m
mode=OFF radar_adj=0 mom= conf=0
[1;36m21:01:59[0m [1;33mx5[0m [1;36m#286[0m SKIP tension=[1;36m0.00000000[0m [0m| momentum_too_small [1;31mconf=0.3273[0m
mode=OFF radar_adj=0 mom= conf=0
shockwave beta->alpha until_cycle=297
[1;33mSWARM shockwave[0m [0m| beta -> neighbor (fluid_exit_inversion)[0m
[1;36mentry=21:02:16@62673.10000000[0m [1;33mx5[0m [1;36m#287[0m [1;31mSELL[0m tension=[1;32m1.52691044[0m hold=[1;36m11[0ms sec=[1;36m11[0m [0m| exit=62675.40000000 [1;32mconf=0.9352[0m [1;36mexit_time=21:02:28[0m [1;31mpnl=-0.01794000 bps=-0.36698360 pct=-0.00366984% total=-0.5984[0m
mode=OFF radar_adj=0 mom= conf=0
[1;36m21:02:44[0m [1;33mx5[0m [1;36m#288[0m SKIP tension=[1;36m0.00255592[0m [0m| momentum_too_small [1;31mconf=0.0039[0m
mode=OFF radar_adj=0 mom= conf=0
[1;36m21:02:55[0m [1;33mx5[0m [1;36m#289[0m SKIP tension=[1;36m0.00000994[0m [0m| momentum_too_small [1;31mconf=0.0[0m
mode=OFF radar_adj=0 mom= conf=0
[1;36m21:03:08[0m [1;33mx5[0m [1;36m#290[0m SKIP tension=[1;36m0.00040614[0m [0m| momentum_too_small [1;31mconf=0.0006[0m
mode=OFF radar_adj=0 mom= conf=0
[1;36m21:03:19[0m [1;33mx5[0m [1;36m#291[0m SKIP tension=[1;36m0.00002813[0m [0m| momentum_too_small [1;31mconf=0.0[0m
mode=OFF radar_adj=0 mom= conf=0
[1;36m21:03:32[0m [1;33mx5[0m [1;36m#292[0m SKIP tension=[1;36m0.00000468[0m [0m| momentum_too_small [1;31mconf=0.0[0m
mode=OFF radar_adj=0 mom= conf=0
[1;36m21:03:44[0m [1;33mx5[0m [1;36m#293[0m SKIP tension=[1;36m0.00002283[0m [0m| momentum_too_small [1;31mconf=0.0[0m
mode=OFF radar_adj=0 mom= conf=0
[1;36m21:03:55[0m [1;33mx5[0m [1;36m#294[0m SKIP tension=[1;36m0.25503274[0m [0m| wall_not_collapsed
mode=OFF radar_adj=0 mom= conf=0
[1;36m21:04:29[0m [1;33mx5[0m [1;36m#295[0m SKIP tension=[1;36m0.03155563[0m [0m| direction_unclear [1;31mconf=0.0453[0m
mode=OFF radar_adj=0 mom= conf=0
[1;36m21:04:46[0m [1;33mx5[0m [1;36m#296[0m SKIP tension=[1;36m0.00007986[0m [0m| momentum_too_small [1;31mconf=0.0001[0m
mode=OFF radar_adj=0 mom= conf=0
[1;36m21:04:59[0m [1;33mx5[0m [1;36m#297[0m SKIP tension=[1;36m0.00001609[0m [0m| momentum_too_small [1;31mconf=0.0[0m
mode=OFF radar_adj=0 mom= conf=0
[1;36m21:05:09[0m [1;33mx5[0m [1;36m#298[0m SKIP tension=[1;36m0.00002682[0m [0m| momentum_too_small [1;31mconf=0.0[0m
mode=OFF radar_adj=0 mom= conf=0
[1;36m21:05:21[0m [1;33mx5[0m [1;36m#299[0m SKIP tension=[1;36m0.63398461[0m [0m| wall_not_collapsed
mode=OFF radar_adj=0 mom= conf=0
[1;36m21:05:34[0m [1;33mx5[0m [1;36m#300[0m SKIP tension=[1;36m0.00000775[0m [0m| momentum_too_small [1;31mconf=0.0[0m
mode=OFF radar_adj=0 mom= conf=0
[1;36m21:05:44[0m [1;33mx5[0m [1;36m#301[0m SKIP tension=[1;36m0.00002208[0m [0m| momentum_too_small [1;31mconf=0.0[0m
mode=OFF radar_adj=0 mom= conf=0
[1;36m21:05:58[0m [1;33mx5[0m [1;36m#302[0m SKIP tension=[1;36m0.00421523[0m [0m| momentum_too_small [1;31mconf=0.0061[0m
mode=OFF radar_adj=0 mom= conf=0
[1;36m21:06:09[0m [1;33mx5[0m [1;36m#303[0m SKIP tension=[1;36m0.00062615[0m [0m| momentum_too_small [1;31mconf=0.0009[0m
mode=OFF radar_adj=0 mom= conf=0
[1;36m21:06:20[0m [1;33mx5[0m [1;36m#304[0m SKIP tension=[1;36m0.00007054[0m [0m| momentum_too_small [1;31mconf=0.0001[0m
mode=OFF radar_adj=0 mom= conf=0
[1;36m21:06:32[0m [1;33mx5[0m [1;36m#305[0m SKIP tension=[1;36m0.00049367[0m [0m| momentum_too_small [1;31mconf=0.0007[0m
mode=OFF radar_adj=0 mom= conf=0
[1;36m21:06:42[0m [1;33mx5[0m [1;36m#306[0m SKIP tension=[1;36m0.00002567[0m [0m| momentum_too_small [1;31mconf=0.0[0m
mode=OFF radar_adj=0 mom= conf=0
[1;36m21:06:55[0m [1;33mx5[0m [1;36m#307[0m SKIP tension=[1;36m0.00002090[0m [0m| momentum_too_small [1;31mconf=0.0[0m
mode=OFF radar_adj=0 mom= conf=0
[1;36m21:07:06[0m [1;33mx5[0m [1;36m#308[0m SKIP tension=[1;36m0.00002150[0m [0m| momentum_too_small [1;31mconf=0.0[0m
mode=OFF radar_adj=0 mom= conf=0
[1;36m21:07:17[0m [1;33mx5[0m [1;36m#309[0m SKIP tension=[1;36m0.00345726[0m [0m| momentum_too_small [1;31mconf=0.005[0m
mode=OFF radar_adj=0 mom= conf=0
[1;36m21:07:27[0m [1;33mx5[0m [1;36m#310[0m SKIP tension=[1;36m0.00003528[0m [0m| momentum_too_small [1;31mconf=0.0001[0m
mode=OFF radar_adj=0 mom= conf=0
[1;36m21:07:38[0m [1;33mx5[0m [1;36m#311[0m SKIP tension=[1;36m0.00008995[0m [0m| momentum_too_small [1;31mconf=0.0001[0m
mode=OFF radar_adj=0 mom= conf=0
[1;36m21:07:49[0m [1;33mx5[0m [1;36m#312[0m SKIP tension=[1;36m0.00002874[0m [0m| momentum_too_small [1;31mconf=0.0[0m
mode=OFF radar_adj=0 mom= conf=0
[1;36m21:08:01[0m [1;33mx5[0m [1;36m#313[0m SKIP tension=[1;36m0.63403521[0m [0m| wall_not_collapsed
mode=OFF radar_adj=0 mom= conf=0
[1;36m21:08:11[0m [1;33mx5[0m [1;36m#314[0m SKIP tension=[1;36m0.00002219[0m [0m| momentum_too_small [1;31mconf=0.0[0m
mode=OFF radar_adj=0 mom= conf=0
[1;36m21:08:21[0m [1;33mx5[0m [1;36m#315[0m SKIP tension=[1;36m0.00002639[0m [0m| momentum_too_small [1;31mconf=0.0[0m
mode=OFF radar_adj=0 mom= conf=0
[1;36m21:08:31[0m [1;33mx5[0m [1;36m#316[0m SKIP tension=[1;36m0.00001920[0m [0m| momentum_too_small [1;31mconf=0.0[0m
mode=OFF radar_adj=0 mom= conf=0
[1;36m21:08:41[0m [1;33mx5[0m [1;36m#317[0m SKIP tension=[1;36m0.00000900[0m [0m| momentum_too_small [1;31mconf=0.0[0m
mode=OFF radar_adj=0 mom= conf=0
[1;36m21:08:52[0m [1;33mx5[0m [1;36m#318[0m SKIP tension=[1;36m0.00002549[0m [0m| momentum_too_small [1;31mconf=0.0[0m
mode=OFF radar_adj=0 mom= conf=0
[1;36m21:09:03[0m [1;33mx5[0m [1;36m#319[0m SKIP tension=[1;36m0.00003574[0m [0m| momentum_too_small [1;31mconf=0.0001[0m
mode=OFF radar_adj=0 mom= conf=0
[1;36m21:09:14[0m [1;33mx5[0m [1;36m#320[0m SKIP tension=[1;36m0.00002896[0m [0m| momentum_too_small [1;31mconf=0.0[0m
mode=OFF radar_adj=0 mom= conf=0
shockwave beta->alpha until_cycle=331
[1;33mSWARM shockwave[0m [0m| beta -> neighbor (shock_inversion_stop)[0m
[1;36mCycle 321[0m [1;32mSOFT anomaly[0m [1;33m| pnl_abs=0.18150000 > 0.02500000[0m
[1;36mentry=21:09:33@62675.40000000[0m [1;33mx5[0m [1;36m#321[0m [1;31mSELL[0m tension=[1;31m5.20720863[0m hold=[1;36m10[0ms sec=[1;36m10[0m [0m| exit=62708.40000000 [1;33mconf=0.692[0m [1;36mexit_time=21:09:43[0m [1;31mpnl=-0.18150000 bps=-5.26522368 pct=-0.05265224% total=-0.7799[0m
mode=OFF radar_adj=0 mom= conf=0
[1;36m21:09:57[0m [1;33mx5[0m [1;36m#322[0m SKIP tension=[1;36m0.00637430[0m [0m| momentum_too_small [1;31mconf=0.0106[0m
mode=OFF radar_adj=0 mom= conf=0
[1;36m21:10:07[0m [1;33mx5[0m [1;36m#323[0m SKIP tension=[1;33m0.89417372[0m [0m| wall_not_collapsed
mode=OFF radar_adj=0 mom= conf=0
[1;36m21:10:16[0m [1;33mx5[0m [1;36m#324[0m SKIP [0m| Mode Écoute: spread=0.30290000 volat=16.68991625 (attente froid)
mode=OFF radar_adj=0 mom= conf=0
[1;36m21:10:26[0m [1;33mx5[0m [1;36m#325[0m SKIP tension=[1;36m0.00000000[0m [0m| momentum_too_small [1;31mconf=0.3476[0m
mode=OFF radar_adj=0 mom= conf=0
[1;36m21:10:35[0m [1;33mx5[0m [1;36m#326[0m SKIP tension=[1;36m0.00001530[0m [0m| momentum_too_small [1;31mconf=0.0[0m
mode=OFF radar_adj=0 mom= conf=0
[1;36m21:10:45[0m [1;33mx5[0m [1;36m#327[0m SKIP tension=[1;36m0.00015094[0m [0m| momentum_too_small [1;31mconf=0.0002[0m
mode=OFF radar_adj=0 mom= conf=0
[1;36m21:10:57[0m [1;33mx5[0m [1;36m#328[0m SKIP tension=[1;36m0.31005163[0m [0m| wall_not_collapsed
mode=OFF radar_adj=0 mom= conf=0
[1;36m21:11:07[0m [1;33mx5[0m [1;36m#329[0m SKIP tension=[1;36m0.31012829[0m [0m| wall_not_collapsed
mode=OFF radar_adj=0 mom= conf=0
[1;36m21:11:16[0m [1;33mx5[0m [1;36m#330[0m SKIP tension=[1;36m0.00003759[0m [0m| momentum_too_small [1;31mconf=0.0001[0m
mode=OFF radar_adj=0 mom= conf=0
[1;36m21:11:26[0m [1;33mx5[0m [1;36m#331[0m SKIP tension=[1;36m0.00000000[0m [0m| momentum_too_small [1;31mconf=0.3402[0m
mode=OFF radar_adj=0 mom= conf=0
[1;36m21:11:36[0m [1;33mx5[0m [1;36m#332[0m SKIP tension=[1;36m0.00000000[0m [0m| momentum_too_small [1;31mconf=0.3476[0m
mode=OFF radar_adj=0 mom= conf=0
[1;36m21:11:47[0m [1;33mx5[0m [1;36m#333[0m SKIP tension=[1;36m0.00004983[0m [0m| momentum_too_small [1;31mconf=0.0001[0m
mode=OFF radar_adj=0 mom= conf=0
[1;36m21:11:59[0m [1;33mx5[0m [1;36m#334[0m SKIP tension=[1;36m0.00033140[0m [0m| momentum_too_small [1;31mconf=0.0005[0m
mode=OFF radar_adj=0 mom= conf=0
[1;36m21:12:09[0m [1;33mx5[0m [1;36m#335[0m SKIP tension=[1;36m0.00000000[0m [0m| momentum_too_small [1;31mconf=0.3294[0m
mode=OFF radar_adj=0 mom= conf=0
[1;36m21:12:20[0m [1;33mx5[0m [1;36m#336[0m SKIP tension=[1;36m0.00001446[0m [0m| momentum_too_small [1;31mconf=0.0[0m
mode=OFF radar_adj=0 mom= conf=0
[1;36m21:12:29[0m [1;33mx5[0m [1;36m#337[0m SKIP tension=[1;36m0.00000000[0m [0m| momentum_too_small [1;31mconf=0.327[0m
mode=OFF radar_adj=0 mom= conf=0
[1;36m21:12:41[0m [1;33mx5[0m [1;36m#338[0m SKIP tension=[1;36m0.00004164[0m [0m| momentum_too_small [1;31mconf=0.0001[0m
mode=OFF radar_adj=0 mom= conf=0
[1;36m21:12:51[0m [1;33mx5[0m [1;36m#339[0m SKIP tension=[1;36m0.00003315[0m [0m| momentum_too_small [1;31mconf=0.0001[0m
mode=OFF radar_adj=0 mom= conf=0
[1;36m21:13:02[0m [1;33mx5[0m [1;36m#340[0m SKIP tension=[1;36m0.31644028[0m [0m| wall_not_collapsed
mode=OFF radar_adj=0 mom= conf=0
[1;36m21:13:13[0m [1;33mx5[0m [1;36m#341[0m SKIP tension=[1;36m0.00196611[0m [0m| momentum_too_small [1;31mconf=0.0031[0m
mode=OFF radar_adj=0 mom= conf=0
[1;36m21:13:23[0m [1;33mx5[0m [1;36m#342[0m SKIP tension=[1;36m0.00246823[0m [0m| momentum_too_small [1;31mconf=0.0036[0m
mode=OFF radar_adj=0 mom= conf=0
[1;36m21:13:33[0m [1;33mx5[0m [1;36m#343[0m SKIP tension=[1;36m0.00003694[0m [0m| momentum_too_small [1;31mconf=0.0001[0m
mode=OFF radar_adj=0 mom= conf=0
[1;36m21:13:43[0m [1;33mx5[0m [1;36m#344[0m SKIP tension=[1;36m0.00017186[0m [0m| momentum_too_small [1;31mconf=0.0002[0m
mode=OFF radar_adj=0 mom= conf=0
[1;36m21:13:52[0m [1;33mx5[0m [1;36m#345[0m SKIP tension=[1;36m0.00004531[0m [0m| momentum_too_small [1;31mconf=0.0001[0m
mode=OFF radar_adj=0 mom= conf=0
[1;36m21:14:02[0m [1;33mx5[0m [1;36m#346[0m SKIP tension=[1;36m0.22485507[0m [0m| low_confidence [1;31mconf=0.2777[0m
mode=OFF radar_adj=0 mom= conf=0
[1;36m21:14:13[0m [1;33mx5[0m [1;36m#347[0m SKIP tension=[1;36m0.00005365[0m [0m| momentum_too_small [1;31mconf=0.0001[0m
mode=OFF radar_adj=0 mom= conf=0
[1;36m21:14:23[0m [1;33mx5[0m [1;36m#348[0m SKIP tension=[1;36m0.22487107[0m [0m| low_confidence [1;31mconf=0.2777[0m
mode=OFF radar_adj=0 mom= conf=0
[1;36m21:14:33[0m [1;33mx5[0m [1;36m#349[0m SKIP tension=[1;33m0.88137485[0m [0m| wall_not_collapsed
mode=OFF radar_adj=0 mom= conf=0
[1;36m21:14:44[0m [1;33mx5[0m [1;36m#350[0m SKIP tension=[1;36m0.01269985[0m [0m| direction_unclear [1;31mconf=0.0195[0m
mode=OFF radar_adj=0 mom= conf=0
[1;36m21:14:55[0m [1;33mx5[0m [1;36m#351[0m SKIP tension=[1;36m0.00015802[0m [0m| momentum_too_small [1;31mconf=0.0002[0m
mode=OFF radar_adj=0 mom= conf=0
[1;36m21:15:06[0m [1;33mx5[0m [1;36m#352[0m SKIP tension=[1;36m0.00000000[0m [0m| momentum_too_small [1;31mconf=0.3214[0m
mode=OFF radar_adj=0 mom= conf=0
[1;36m21:15:15[0m [1;33mx5[0m [1;36m#353[0m SKIP tension=[1;36m0.04445396[0m [0m| direction_unclear [1;31mconf=0.0612[0m
mode=OFF radar_adj=0 mom= conf=0
shockwave beta->alpha until_cycle=364
[1;33mSWARM shockwave[0m [0m| beta -> neighbor (shock_inversion_stop)[0m
[1;36mCycle 354[0m [1;32mSOFT anomaly[0m [1;33m| pnl_abs=0.06786000 > 0.02500000[0m
[1;36mentry=21:15:32@62723.60000000[0m [1;33mx5[0m [1;36m#354[0m [1;31mSELL[0m tension=[1;32m1.13033475[0m hold=[1;36m9[0ms sec=[1;36m9[0m [0m| exit=62732.30000000 [1;33mconf=0.5676[0m [1;36mexit_time=21:15:41[0m [1;31mpnl=-0.06786000 bps=-1.38703773 pct=-0.01387038% total=-1.63022[0m
mode=OFF radar_adj=0 mom= conf=0
[1;36m21:15:55[0m [1;33mx5[0m [1;36m#355[0m SKIP tension=[1;36m0.00000000[0m [0m| momentum_too_small [1;31mconf=0.2342[0m
mode=OFF radar_adj=0 mom= conf=0
[1;36m21:16:06[0m [1;33mx5[0m [1;36m#356[0m SKIP tension=[1;33m0.95688986[0m [0m| wall_not_collapsed
mode=OFF radar_adj=0 mom= conf=0
[1;36m21:16:16[0m [1;33mx5[0m [1;36m#357[0m SKIP tension=[1;36m0.00000000[0m [0m| momentum_too_small [1;31mconf=0.2893[0m
mode=OFF radar_adj=0 mom= conf=0
[1;36m21:16:27[0m [1;33mx5[0m [1;36m#358[0m SKIP tension=[1;36m0.00001946[0m [0m| momentum_too_small [1;31mconf=0.0[0m
mode=OFF radar_adj=0 mom= conf=0
[1;36m21:16:37[0m [1;33mx5[0m [1;36m#359[0m SKIP tension=[1;36m0.00001498[0m [0m| momentum_too_small [1;31mconf=0.0[0m
mode=OFF radar_adj=0 mom= conf=0
[1;36m21:16:48[0m [1;33mx5[0m [1;36m#360[0m SKIP tension=[1;36m0.00000000[0m [0m| momentum_too_small [1;31mconf=0.2133[0m
mode=OFF radar_adj=0 mom= conf=0
[1;36m21:17:00[0m [1;33mx5[0m [1;36m#361[0m SKIP tension=[1;36m0.00002832[0m [0m| momentum_too_small [1;31mconf=0.0[0m
mode=OFF radar_adj=0 mom= conf=0
[1;36m21:17:11[0m [1;33mx5[0m [1;36m#362[0m SKIP tension=[1;36m0.00000000[0m [0m| momentum_too_small [1;31mconf=0.1959[0m
mode=OFF radar_adj=0 mom= conf=0
[1;36m21:17:22[0m [1;33mx5[0m [1;36m#363[0m SKIP tension=[1;36m0.00001362[0m [0m| momentum_too_small [1;31mconf=0.0[0m
mode=OFF radar_adj=0 mom= conf=0
[1;36m21:17:32[0m [1;33mx5[0m [1;36m#364[0m SKIP tension=[1;36m0.00005839[0m [0m| momentum_too_small [1;31mconf=0.0001[0m
mode=OFF radar_adj=0 mom= conf=0
[1;36m21:17:42[0m [1;33mx5[0m [1;36m#365[0m SKIP tension=[1;36m0.00000000[0m [0m| momentum_too_small [1;31mconf=0.2729[0m
mode=OFF radar_adj=0 mom= conf=0
[1;36m21:17:53[0m [1;33mx5[0m [1;36m#366[0m SKIP tension=[1;36m0.00018734[0m [0m| momentum_too_small [1;31mconf=0.0002[0m
mode=OFF radar_adj=0 mom= conf=0
[1;36m21:18:05[0m [1;33mx5[0m [1;36m#367[0m SKIP tension=[1;33m0.96155569[0m [0m| wall_not_collapsed
mode=OFF radar_adj=0 mom= conf=0
shockwave beta->alpha until_cycle=378
[1;33mSWARM shockwave[0m [0m| beta -> neighbor (fluid_exit_inversion)[0m
[1;36mentry=21:18:21@62732.30000000[0m [1;33mx5[0m [1;36m#368[0m [1;31mSELL[0m tension=[1;31m2.66599557[0m hold=[1;36m14[0ms sec=[1;36m14[0m [0m| exit=62732.50000000 [1;32mconf=0.9671[0m [1;36mexit_time=21:18:35[0m [1;31mpnl=-0.00156000 bps=-0.03188150 pct=-0.00031882% total=-1.63178[0m
mode=OFF radar_adj=0 mom= conf=0
[1;36m21:18:48[0m [1;33mx5[0m [1;36m#369[0m SKIP tension=[1;36m0.00023069[0m [0m| momentum_too_small [1;31mconf=0.0004[0m
mode=OFF radar_adj=0 mom= conf=0
[1;36m21:19:01[0m [1;33mx5[0m [1;36m#370[0m SKIP tension=[1;36m0.00012270[0m [0m| momentum_too_small [1;31mconf=0.0002[0m
mode=OFF radar_adj=0 mom= conf=0
[1;36m21:19:11[0m [1;33mx5[0m [1;36m#371[0m SKIP tension=[1;36m0.00000000[0m [0m| momentum_too_small [1;31mconf=0.3427[0m
mode=OFF radar_adj=0 mom= conf=0
[1;36m21:19:21[0m [1;33mx5[0m [1;36m#372[0m SKIP tension=[1;36m0.00000000[0m [0m| momentum_too_small [1;31mconf=0.3472[0m
mode=OFF radar_adj=0 mom= conf=0
shockwave beta->alpha until_cycle=383
[1;33mSWARM shockwave[0m [0m| beta -> neighbor (fluid_exit_brake)[0m
[1;36mCycle 373[0m [1;32mSOFT anomaly[0m [1;33m| pnl_abs=0.20904000 > 0.02500000[0m
[1;36mentry=21:19:36@62736.60000000[0m [1;33mx5[0m [1;36m#373[0m [1;31mSELL[0m tension=[1;31m2.17803779[0m hold=[1;36m10[0ms sec=[1;36m10[0m [0m| exit=62763.40000000 [1;33mconf=0.6387[0m [1;36mexit_time=21:19:47[0m [1;31mpnl=-0.20904000 bps=-4.27182857 pct=-0.04271829% total=-1.84082[0m
mode=OFF radar_adj=0 mom= conf=0
[1;36m21:20:03[0m [1;33mx5[0m [1;36m#374[0m SKIP tension=[1;36m0.00006313[0m [0m| momentum_too_small [1;31mconf=0.0001[0m
mode=OFF radar_adj=0 mom= conf=0
[1;36m21:20:13[0m [1;33mx5[0m [1;36m#375[0m SKIP tension=[1;36m0.00240631[0m [0m| momentum_too_small [1;31mconf=0.004[0m
mode=OFF radar_adj=0 mom= conf=0
[1;36m21:20:24[0m [1;33mx5[0m [1;36m#376[0m SKIP tension=[1;36m0.00000000[0m [0m| momentum_too_small [1;31mconf=0.3364[0m
mode=OFF radar_adj=0 mom= conf=0
[1;36m21:20:34[0m [1;33mx5[0m [1;36m#377[0m SKIP tension=[1;36m0.54344245[0m [0m| wall_not_collapsed
mode=OFF radar_adj=0 mom= conf=0
[1;36mCycle 378[0m [1;32mSOFT anomaly[0m [1;33m| pnl_abs=0.04290000 > 0.02500000[0m
[1;36mentry=21:20:50@62749.50000000[0m [1;33mx5[0m [1;36m#378[0m [1;32mSELL[0m tension=[1;31m5.32477895[0m hold=[1;36m16[0ms sec=[1;36m16[0m [0m| exit=62744.00000000 [1;32mconf=0.9841[0m [1;36mexit_time=21:21:07[0m [1;32mpnl=0.04290000 bps=0.87650101 pct=0.00876501% total=-1.79792[0m
mode=OFF radar_adj=0 mom= conf=0
[1;36m21:21:20[0m [1;33mx5[0m [1;36m#379[0m SKIP tension=[1;36m0.00000000[0m [0m| momentum_too_small [1;31mconf=0.3368[0m
mode=OFF radar_adj=0 mom= conf=0
[1;36mCycle 380[0m [1;32mSOFT anomaly[0m [1;33m| pnl_abs=0.04914000 > 0.02500000[0m
[1;36mentry=21:21:35@62737.80000000[0m [1;33mx5[0m [1;36m#380[0m [1;32mSELL[0m tension=[1;32m1.58755044[0m hold=[1;36m22[0ms sec=[1;36m22[0m [0m| exit=62731.50000000 [1;32mconf=0.9671[0m [1;36mexit_time=21:21:57[0m [1;32mpnl=0.04914000 bps=1.00417930 pct=0.01004179% total=-1.74878[0m
mode=OFF radar_adj=0 mom= conf=0
[1;36m21:22:11[0m [1;33mx5[0m [1;36m#381[0m SKIP tension=[1;36m0.32252936[0m [0m| wall_not_collapsed
mode=OFF radar_adj=0 mom= conf=0
[1;36m21:22:23[0m [1;33mx5[0m [1;36m#382[0m SKIP tension=[1;36m0.00000000[0m [0m| momentum_too_small [1;31mconf=0.3284[0m
mode=OFF radar_adj=0 mom= conf=0
[1;36m21:22:33[0m [1;33mx5[0m [1;36m#383[0m SKIP tension=[1;36m0.00000000[0m [0m| momentum_too_small [1;31mconf=0.3284[0m
mode=OFF radar_adj=0 mom= conf=0
[1;36m21:22:44[0m [1;33mx5[0m [1;36m#384[0m SKIP tension=[1;36m0.00000000[0m [0m| momentum_too_small [1;31mconf=0.3284[0m
mode=OFF radar_adj=0 mom= conf=0
[1;36m21:22:56[0m [1;33mx5[0m [1;36m#385[0m SKIP tension=[1;36m0.00000000[0m [0m| momentum_too_small [1;31mconf=0.3221[0m
mode=OFF radar_adj=0 mom= conf=0
[1;36m21:23:08[0m [1;33mx5[0m [1;36m#386[0m SKIP tension=[1;36m0.00022049[0m [0m| momentum_too_small [1;31mconf=0.0003[0m
mode=OFF radar_adj=0 mom= conf=0
[1;36m21:23:18[0m [1;33mx5[0m [1;36m#387[0m SKIP tension=[1;36m0.22452491[0m [0m| wall_not_collapsed
mode=OFF radar_adj=0 mom= conf=0
[1;36m21:23:28[0m [1;33mx5[0m [1;36m#388[0m SKIP tension=[1;36m0.18662809[0m [0m| direction_unclear [1;31mconf=0.2863[0m
mode=OFF radar_adj=0 mom= conf=0
[1;36m21:23:38[0m [1;33mx5[0m [1;36m#389[0m SKIP tension=[1;36m0.13966924[0m [0m| direction_unclear [1;31mconf=0.2216[0m
mode=OFF radar_adj=0 mom= conf=0
[1;36m21:23:48[0m [1;33mx5[0m [1;36m#390[0m SKIP tension=[1;36m0.00000000[0m [0m| momentum_too_small [1;31mconf=0.3326[0m
mode=OFF radar_adj=0 mom= conf=0
[1;36m21:24:00[0m [1;33mx5[0m [1;36m#391[0m SKIP tension=[1;36m0.00000891[0m [0m| momentum_too_small [1;31mconf=0.0[0m
mode=OFF radar_adj=0 mom= conf=0
[1;36m21:24:10[0m [1;33mx5[0m [1;36m#392[0m SKIP tension=[1;36m0.55754318[0m [0m| wall_not_collapsed
mode=OFF radar_adj=0 mom= conf=0
[1;36m21:24:20[0m [1;33mx5[0m [1;36m#393[0m SKIP tension=[1;36m0.25903018[0m [0m| wall_not_collapsed
mode=OFF radar_adj=0 mom= conf=0
[1;36m21:24:31[0m [1;33mx5[0m [1;36m#394[0m SKIP tension=[1;36m0.11859733[0m [0m| direction_unclear [1;31mconf=0.1839[0m
mode=OFF radar_adj=0 mom= conf=0
[1;36m21:24:42[0m [1;33mx5[0m [1;36m#395[0m SKIP tension=[1;36m0.00199532[0m [0m| momentum_too_small [1;31mconf=0.0033[0m
mode=OFF radar_adj=0 mom= conf=0
[1;36m21:24:52[0m [1;33mx5[0m [1;36m#396[0m SKIP tension=[1;36m0.00000496[0m [0m| momentum_too_small [1;31mconf=0.0[0m
mode=OFF radar_adj=0 mom= conf=0
[1;36m21:25:04[0m [1;33mx5[0m [1;36m#397[0m SKIP tension=[1;36m0.00000000[0m [0m| momentum_too_small [1;31mconf=0.3493[0m
mode=OFF radar_adj=0 mom= conf=0
[1;36m21:25:14[0m [1;33mx5[0m [1;36m#398[0m SKIP tension=[1;36m0.00002648[0m [0m| momentum_too_small [1;31mconf=0.0[0m
mode=OFF radar_adj=0 mom= conf=0
[1;36m21:25:24[0m [1;33mx5[0m [1;36m#399[0m SKIP tension=[1;36m0.27423180[0m [0m| wall_not_collapsed
mode=OFF radar_adj=0 mom= conf=0
[1;36m21:25:34[0m [1;33mx5[0m [1;36m#400[0m SKIP tension=[1;36m0.13076277[0m [0m| direction_unclear [1;31mconf=0.2175[0m
mode=OFF radar_adj=0 mom= conf=0
[1;36m21:25:44[0m [1;33mx5[0m [1;36m#401[0m SKIP tension=[1;36m0.00000000[0m [0m| momentum_too_small [1;31mconf=0.3493[0m
mode=OFF radar_adj=0 mom= conf=0
[1;36m21:25:55[0m [1;33mx5[0m [1;36m#402[0m SKIP tension=[1;36m0.00000000[0m [0m| momentum_too_small [1;31mconf=0.3493[0m
mode=OFF radar_adj=0 mom= conf=0
[1;36mentry=21:26:11@62729.70000000[0m [1;33mx5[0m [1;36m#403[0m [1;33mSELL[0m tension=[1;31m2.69047019[0m hold=[1;36m11[0ms sec=[1;36m11[0m [0m| exit=62729.70000000 [1;32mconf=0.998[0m [1;36mexit_time=21:26:22[0m [1;33mpnl=-0.00000000 bps=-0.00000000 pct=-0.00000000% total=-5.709010000000001[0m
mode=OFF radar_adj=0 mom= conf=0
[1;36mentry=21:26:41@62721.20000000[0m [1;33mx5[0m [1;36m#404[0m [1;32mSELL[0m tension=[1;32m1.02354193[0m hold=[1;36m8[0ms sec=[1;36m8[0m [0m| exit=62720.00000000 [1;32mconf=0.9801[0m [1;36mexit_time=21:26:50[0m [1;32mpnl=0.00936000 bps=0.19132287 pct=0.00191323% total=-5.69965[0m
mode=OFF radar_adj=0 mom= conf=0
[1;36m21:27:05[0m [1;33mx5[0m [1;36m#405[0m SKIP tension=[1;36m0.68679016[0m [0m| wall_not_collapsed
mode=OFF radar_adj=0 mom= conf=0
[1;36m21:27:15[0m [1;33mx5[0m [1;36m#406[0m SKIP tension=[1;36m0.00000000[0m [0m| momentum_too_small [1;31mconf=0.2768[0m
mode=OFF radar_adj=0 mom= conf=0
[1;36m21:27:25[0m [1;33mx5[0m [1;36m#407[0m SKIP tension=[1;36m0.00004615[0m [0m| momentum_too_small [1;31mconf=0.0001[0m
mode=OFF radar_adj=0 mom= conf=0
[1;36m21:27:35[0m [1;33mx5[0m [1;36m#408[0m SKIP tension=[1;36m0.00014997[0m [0m| momentum_too_small [1;31mconf=0.0002[0m
mode=OFF radar_adj=0 mom= conf=0
[1;36m21:27:45[0m [1;33mx5[0m [1;36m#409[0m SKIP tension=[1;36m0.00004792[0m [0m| momentum_too_small [1;31mconf=0.0001[0m
mode=OFF radar_adj=0 mom= conf=0
[1;36m21:27:57[0m [1;33mx5[0m [1;36m#410[0m SKIP tension=[1;36m0.15468550[0m [0m| direction_unclear [1;31mconf=0.2573[0m
mode=OFF radar_adj=0 mom= conf=0
[1;36m21:28:09[0m [1;33mx5[0m [1;36m#411[0m SKIP tension=[1;36m0.00000000[0m [0m| momentum_too_small [1;31mconf=0.3493[0m
mode=OFF radar_adj=0 mom= conf=0
[1;36m21:28:20[0m [1;33mx5[0m [1;36m#412[0m SKIP tension=[1;36m0.14759721[0m [0m| direction_unclear [1;31mconf=0.245[0m
mode=OFF radar_adj=0 mom= conf=0
[1;36m21:28:29[0m [1;33mx5[0m [1;36m#413[0m SKIP tension=[1;36m0.14763958[0m [0m| direction_unclear [1;31mconf=0.2375[0m
mode=OFF radar_adj=0 mom= conf=0
[1;36m21:28:40[0m [1;33mx5[0m [1;36m#414[0m SKIP tension=[1;36m0.00000000[0m [0m| momentum_too_small [1;31mconf=0.3395[0m
mode=OFF radar_adj=0 mom= conf=0
[1;36m21:28:49[0m [1;33mx5[0m [1;36m#415[0m SKIP tension=[1;36m0.00000000[0m [0m| momentum_too_small [1;31mconf=0.3465[0m
mode=OFF radar_adj=0 mom= conf=0
[1;36m21:29:01[0m [1;33mx5[0m [1;36m#416[0m SKIP tension=[1;36m0.30940890[0m [0m| wall_not_collapsed
mode=OFF radar_adj=0 mom= conf=0
[1;36m21:29:11[0m [1;33mx5[0m [1;36m#417[0m SKIP tension=[1;36m0.33239284[0m [0m| wall_not_collapsed
mode=OFF radar_adj=0 mom= conf=0
[1;36m21:29:22[0m [1;33mx5[0m [1;36m#418[0m SKIP tension=[1;36m0.00005367[0m [0m| momentum_too_small [1;31mconf=0.0001[0m
mode=OFF radar_adj=0 mom= conf=0
[1;36m21:29:32[0m [1;33mx5[0m [1;36m#419[0m SKIP tension=[1;36m0.32973180[0m [0m| wall_not_collapsed
mode=OFF radar_adj=0 mom= conf=0
[1;36m21:29:42[0m [1;33mx5[0m [1;36m#420[0m SKIP tension=[1;36m0.45155368[0m [0m| wall_not_collapsed
mode=OFF radar_adj=0 mom= conf=0
[1;36m21:29:54[0m [1;33mx5[0m [1;36m#421[0m SKIP tension=[1;36m0.00002572[0m [0m| momentum_too_small [1;31mconf=0.0[0m
mode=OFF radar_adj=0 mom= conf=0
[1;36m21:30:04[0m [1;33mx5[0m [1;36m#422[0m SKIP tension=[1;36m0.00000207[0m [0m| momentum_too_small [1;31mconf=0.0[0m
mode=OFF radar_adj=0 mom= conf=0
[1;36m21:30:14[0m [1;33mx5[0m [1;36m#423[0m SKIP tension=[1;36m0.00007880[0m [0m| momentum_too_small [1;31mconf=0.0001[0m
mode=OFF radar_adj=0 mom= conf=0
shockwave beta->alpha until_cycle=434
[1;33mSWARM shockwave[0m [0m| beta -> neighbor (shock_inversion_stop)[0m
[1;36mCycle 424[0m [1;32mSOFT anomaly[0m [1;33m| pnl_abs=0.12168000 > 0.02500000[0m
[1;36mentry=21:30:29@62719.30000000[0m [1;33mx5[0m [1;36m#424[0m [1;31mSELL[0m tension=[1;32m1.46618585[0m hold=[1;36m9[0ms sec=[1;36m9[0m [0m| exit=62734.90000000 [1;32mconf=0.8446[0m [1;36mexit_time=21:30:38[0m [1;31mpnl=-0.12168000 bps=-2.48727266 pct=-0.02487273% total=-5.821330000000001[0m
mode=OFF radar_adj=0 mom= conf=0
[1;36m21:30:51[0m [1;33mx5[0m [1;36m#425[0m SKIP tension=[1;36m0.00000409[0m [0m| momentum_too_small [1;31mconf=0.0[0m
mode=OFF radar_adj=0 mom= conf=0
[1;36m21:31:02[0m [1;33mx5[0m [1;36m#426[0m SKIP tension=[1;36m0.00013920[0m [0m| momentum_too_small [1;31mconf=0.0002[0m
mode=OFF radar_adj=0 mom= conf=0
[1;36m21:31:13[0m [1;33mx5[0m [1;36m#427[0m SKIP tension=[1;36m0.00000000[0m [0m| momentum_too_small [1;31mconf=0.2991[0m
mode=OFF radar_adj=0 mom= conf=0
[1;36m21:31:23[0m [1;33mx5[0m [1;36m#428[0m SKIP tension=[1;36m0.00000000[0m [0m| momentum_too_small [1;31mconf=0.2991[0m
mode=OFF radar_adj=0 mom= conf=0
[1;36m21:31:32[0m [1;33mx5[0m [1;36m#429[0m SKIP tension=[1;36m0.00001154[0m [0m| momentum_too_small [1;31mconf=0.0[0m
mode=OFF radar_adj=0 mom= conf=0
[1;36m21:31:43[0m [1;33mx5[0m [1;36m#430[0m SKIP tension=[1;36m0.00001502[0m [0m| momentum_too_small [1;31mconf=0.0[0m
mode=OFF radar_adj=0 mom= conf=0
[1;36m21:31:53[0m [1;33mx5[0m [1;36m#431[0m SKIP tension=[1;36m0.38166405[0m [0m| wall_not_collapsed
mode=OFF radar_adj=0 mom= conf=0
[1;36m21:32:04[0m [1;33mx5[0m [1;36m#432[0m SKIP tension=[1;36m0.00000000[0m [0m| momentum_too_small [1;31mconf=0.2827[0m
mode=OFF radar_adj=0 mom= conf=0
[1;36m21:32:14[0m [1;33mx5[0m [1;36m#433[0m SKIP tension=[1;36m0.00001143[0m [0m| momentum_too_small [1;31mconf=0.0[0m
mode=OFF radar_adj=0 mom= conf=0
[1;36m21:32:27[0m [1;33mx5[0m [1;36m#434[0m SKIP tension=[1;36m0.75442020[0m [0m| wall_not_collapsed
mode=OFF radar_adj=0 mom= conf=0
[1;36m21:32:38[0m [1;33mx5[0m [1;36m#435[0m SKIP tension=[1;36m0.24263476[0m [0m| wall_not_collapsed
mode=OFF radar_adj=0 mom= conf=0
[1;36m21:32:49[0m [1;33mx5[0m [1;36m#436[0m SKIP tension=[1;32m1.08782762[0m [0m| tactic short vs long
mode=OFF radar_adj=0 mom= conf=0
[1;36m21:33:02[0m [1;33mx5[0m [1;36m#437[0m SKIP tension=[1;33m0.85100010[0m [0m| wall_not_collapsed
mode=OFF radar_adj=0 mom= conf=0
[1;36m21:33:13[0m [1;33mx5[0m [1;36m#438[0m SKIP tension=[1;36m0.30254712[0m [0m| wall_not_collapsed
mode=OFF radar_adj=0 mom= conf=0
[1;36m21:33:24[0m [1;33mx5[0m [1;36m#439[0m SKIP tension=[1;36m0.00000000[0m [0m| momentum_too_small [1;31mconf=0.2981[0m
mode=OFF radar_adj=0 mom= conf=0
[1;36m21:33:34[0m [1;33mx5[0m [1;36m#440[0m SKIP tension=[1;36m0.00001592[0m [0m| momentum_too_small [1;31mconf=0.0[0m
mode=OFF radar_adj=0 mom= conf=0
[1;36m21:33:45[0m [1;33mx5[0m [1;36m#441[0m SKIP tension=[1;36m0.00000210[0m [0m| momentum_too_small [1;31mconf=0.0[0m
mode=OFF radar_adj=0 mom= conf=0
[1;36m21:33:57[0m [1;33mx5[0m [1;36m#442[0m SKIP tension=[1;36m0.00001535[0m [0m| momentum_too_small [1;31mconf=0.0[0m
mode=OFF radar_adj=0 mom= conf=0
[1;36m21:34:07[0m [1;33mx5[0m [1;36m#443[0m SKIP tension=[1;36m0.00001450[0m [0m| momentum_too_small [1;31mconf=0.0[0m
mode=OFF radar_adj=0 mom= conf=0
shockwave beta->alpha until_cycle=454
[1;33mSWARM shockwave[0m [0m| beta -> neighbor (fluid_exit_inversion)[0m
[1;36mCycle 444[0m [1;32mSOFT anomaly[0m [1;33m| pnl_abs=0.21780000 > 0.02500000[0m
[1;36mentry=21:34:19@62749.50000000[0m [1;33mx5[0m [1;36m#444[0m [1;31mSELL[0m tension=[1;32m1.05077756[0m hold=[1;36m8[0ms sec=[1;36m8[0m [0m| exit=62789.10000000 [1;33mconf=0.7839[0m [1;36mexit_time=21:34:28[0m [1;31mpnl=-0.21780000 bps=-6.31080726 pct=-0.06310807% total=-6.03913[0m
mode=OFF radar_adj=0 mom= conf=0
[1;36m21:34:41[0m [1;33mx5[0m [1;36m#445[0m SKIP tension=[1;36m0.00000000[0m [0m| momentum_too_small [1;31mconf=0.3458[0m
mode=OFF radar_adj=0 mom= conf=0
[1;36m21:34:50[0m [1;33mx5[0m [1;36m#446[0m SKIP tension=[1;36m0.00000000[0m [0m| momentum_too_small [1;31mconf=0.3458[0m
mode=OFF radar_adj=0 mom= conf=0
[1;36m21:35:00[0m [1;33mx5[0m [1;36m#447[0m SKIP tension=[1;36m0.00147129[0m [0m| momentum_too_small [1;31mconf=0.0024[0m
mode=OFF radar_adj=0 mom= conf=0
[1;36m21:35:10[0m [1;33mx5[0m [1;36m#448[0m SKIP tension=[1;36m0.00000731[0m [0m| momentum_too_small [1;31mconf=0.0[0m
mode=OFF radar_adj=0 mom= conf=0
[1;36m21:35:19[0m [1;33mx5[0m [1;36m#449[0m SKIP tension=[1;36m0.12243198[0m [0m| direction_unclear [1;31mconf=0.2016[0m
mode=OFF radar_adj=0 mom= conf=0
[1;36m21:35:29[0m [1;33mx5[0m [1;36m#450[0m SKIP tension=[1;36m0.00005403[0m [0m| momentum_too_small [1;31mconf=0.0001[0m
mode=OFF radar_adj=0 mom= conf=0
[1;36m21:35:38[0m [1;33mx5[0m [1;36m#451[0m SKIP tension=[1;36m0.00000000[0m [0m| momentum_too_small [1;31mconf=0.3458[0m
mode=OFF radar_adj=0 mom= conf=0
[1;36m21:35:48[0m [1;33mx5[0m [1;36m#452[0m SKIP tension=[1;36m0.09454318[0m [0m| direction_unclear [1;31mconf=0.1557[0m
mode=OFF radar_adj=0 mom= conf=0
[1;36m21:35:59[0m [1;33mx5[0m [1;36m#453[0m SKIP tension=[1;36m0.09656884[0m [0m| direction_unclear [1;31mconf=0.159[0m
mode=OFF radar_adj=0 mom= conf=0
[1;36m21:36:09[0m [1;33mx5[0m [1;36m#454[0m SKIP tension=[1;36m0.00000000[0m [0m| momentum_too_small [1;31mconf=0.3455[0m
mode=OFF radar_adj=0 mom= conf=0
[1;36m21:36:18[0m [1;33mx5[0m [1;36m#455[0m SKIP tension=[1;36m0.00019534[0m [0m| momentum_too_small [1;31mconf=0.0003[0m
mode=OFF radar_adj=0 mom= conf=0
[1;36mentry=21:36:33@62789.20000000[0m [1;33mx5[0m [1;36m#456[0m [1;32mSELL[0m tension=[1;31m2.19608594[0m hold=[1;36m9[0ms sec=[1;36m9[0m [0m| exit=62787.90000000 [1;32mconf=0.9741[0m [1;36mexit_time=21:36:42[0m [1;32mpnl=0.01651000 bps=0.20704198 pct=0.00207042% total=-6.171660000000001[0m
mode=OFF radar_adj=0 mom= conf=0
[1;36m21:36:55[0m [1;33mx5[0m [1;36m#457[0m SKIP tension=[1;36m0.00000000[0m [0m| momentum_too_small [1;31mconf=0.3409[0m
mode=OFF radar_adj=0 mom= conf=0
[1;36m21:37:04[0m [1;33mx5[0m [1;36m#458[0m SKIP tension=[1;36m0.58736672[0m [0m| wall_not_collapsed
mode=OFF radar_adj=0 mom= conf=0
[1;36mentry=21:37:18@62787.90000000[0m [1;33mx5[0m [1;36m#459[0m [1;33mSELL[0m tension=[1;32m1.10162627[0m hold=[1;36m11[0ms sec=[1;36m11[0m [0m| exit=62787.90000000 [1;32mconf=0.9741[0m [1;36mexit_time=21:37:30[0m [1;33mpnl=-0.00000000 bps=-0.00000000 pct=-0.00000000% total=-6.171660000000001[0m
mode=OFF radar_adj=0 mom= conf=0
[1;36m21:37:43[0m [1;33mx5[0m [1;36m#460[0m SKIP tension=[1;36m0.00000000[0m [0m| momentum_too_small [1;31mconf=0.3409[0m
mode=OFF radar_adj=0 mom= conf=0
[1;36m21:38:00[0m [1;33mx5[0m [1;36m#461[0m SKIP tension=[1;36m0.00068276[0m [0m| momentum_too_small [1;31mconf=0.0011[0m
mode=OFF radar_adj=0 mom= conf=0
[1;36mentry=21:38:18@62787.90000000[0m [1;33mx5[0m [1;36m#462[0m [1;33mSELL[0m tension=[1;32m1.24649073[0m hold=[1;36m9[0ms sec=[1;36m9[0m [0m| exit=62787.90000000 [1;32mconf=0.9741[0m [1;36mexit_time=21:38:27[0m [1;33mpnl=-0.00000000 bps=-0.00000000 pct=-0.00000000% total=-6.171660000000001[0m
mode=OFF radar_adj=0 mom= conf=0
[1;36m21:38:39[0m [1;33mx5[0m [1;36m#463[0m SKIP tension=[1;36m0.00000000[0m [0m| momentum_too_small [1;31mconf=0.3409[0m
mode=OFF radar_adj=0 mom= conf=0
[1;36mentry=21:38:53@62787.90000000[0m [1;33mx5[0m [1;36m#464[0m [1;33mSELL[0m tension=[1;31m3.64826343[0m hold=[1;36m8[0ms sec=[1;36m8[0m [0m| exit=62787.90000000 [1;32mconf=0.9741[0m [1;36mexit_time=21:39:02[0m [1;33mpnl=-0.00000000 bps=-0.00000000 pct=-0.00000000% total=-6.171660000000001[0m
mode=OFF radar_adj=0 mom= conf=0
[1;36m21:39:14[0m [1;33mx5[0m [1;36m#465[0m SKIP tension=[1;36m0.00002472[0m [0m| momentum_too_small [1;31mconf=0.0[0m
mode=OFF radar_adj=0 mom= conf=0
[1;36m21:39:23[0m [1;33mx5[0m [1;36m#466[0m SKIP tension=[1;36m0.00003660[0m [0m| momentum_too_small [1;31mconf=0.0001[0m
mode=OFF radar_adj=0 mom= conf=0
[1;36m21:39:33[0m [1;33mx5[0m [1;36m#467[0m SKIP tension=[1;36m0.00278405[0m [0m| momentum_too_small [1;31mconf=0.0045[0m
mode=OFF radar_adj=0 mom= conf=0
[1;36m21:39:42[0m [1;33mx5[0m [1;36m#468[0m SKIP tension=[1;36m0.00005976[0m [0m| momentum_too_small [1;31mconf=0.0001[0m
mode=OFF radar_adj=0 mom= conf=0
[1;36m21:39:51[0m [1;33mx5[0m [1;36m#469[0m SKIP tension=[1;36m0.40207903[0m [0m| wall_not_collapsed
mode=OFF radar_adj=0 mom= conf=0
[1;36m21:40:01[0m [1;33mx5[0m [1;36m#470[0m SKIP tension=[1;36m0.00000000[0m [0m| momentum_too_small [1;31mconf=0.3382[0m
mode=OFF radar_adj=0 mom= conf=0
[1;36m21:40:11[0m [1;33mx5[0m [1;36m#471[0m SKIP tension=[1;36m0.36139010[0m [0m| wall_not_collapsed
mode=OFF radar_adj=0 mom= conf=0
[1;36m21:40:20[0m [1;33mx5[0m [1;36m#472[0m SKIP tension=[1;36m0.00000178[0m [0m| momentum_too_small [1;31mconf=0.0[0m
mode=OFF radar_adj=0 mom= conf=0
[1;36m21:40:29[0m [1;33mx5[0m [1;36m#473[0m SKIP tension=[1;36m0.00000166[0m [0m| momentum_too_small [1;31mconf=0.0[0m
mode=OFF radar_adj=0 mom= conf=0
[1;36m21:40:38[0m [1;33mx5[0m [1;36m#474[0m SKIP tension=[1;36m0.39470131[0m [0m| wall_not_collapsed
mode=OFF radar_adj=0 mom= conf=0
[1;36m21:40:48[0m [1;33mx5[0m [1;36m#475[0m SKIP tension=[1;36m0.00000000[0m [0m| momentum_too_small [1;31mconf=0.3493[0m
mode=OFF radar_adj=0 mom= conf=0
[1;36m21:40:58[0m [1;33mx5[0m [1;36m#476[0m SKIP tension=[1;36m0.00000422[0m [0m| momentum_too_small [1;31mconf=0.0[0m
mode=OFF radar_adj=0 mom= conf=0
shockwave beta->alpha until_cycle=487
[1;33mSWARM shockwave[0m [0m| beta -> neighbor (fluid_exit_inversion)[0m
[1;36mCycle 477[0m [1;32mSOFT anomaly[0m [1;33m| pnl_abs=0.02686000 > 0.02500000[0m
[1;36mentry=21:41:11@62787.50000000[0m [1;33mx5[0m [1;36m#477[0m [1;31mSELL[0m tension=[1;31m10.10351908[0m hold=[1;36m9[0ms sec=[1;36m9[0m [0m| exit=62789.20000000 [1;32mconf=0.9662[0m [1;36mexit_time=21:41:20[0m [1;31mpnl=-0.02686000 bps=-0.27075453 pct=-0.00270755% total=-6.198520000000001[0m
mode=OFF radar_adj=0 mom= conf=0
[1;36mentry=21:41:36@62787.50000000[0m [1;33mx5[0m [1;36m#478[0m [1;33mSELL[0m tension=[1;32m1.25736851[0m hold=[1;36m8[0ms sec=[1;36m8[0m [0m| exit=62787.50000000 [1;32mconf=0.9662[0m [1;36mexit_time=21:41:44[0m [1;33mpnl=-0.00000000 bps=-0.00000000 pct=-0.00000000% total=-6.198520000000001[0m
mode=OFF radar_adj=0 mom= conf=0
[1;36m21:41:57[0m [1;33mx5[0m [1;36m#479[0m SKIP tension=[1;36m0.18367179[0m [0m| direction_unclear [1;31mconf=0.2958[0m
mode=OFF radar_adj=0 mom= conf=0
[1;36m21:42:06[0m [1;33mx5[0m [1;36m#480[0m SKIP tension=[1;36m0.00000000[0m [0m| momentum_too_small [1;31mconf=0.3382[0m
mode=OFF radar_adj=0 mom= conf=0
[1;36m21:42:15[0m [1;33mx5[0m [1;36m#481[0m SKIP tension=[1;36m0.74467815[0m [0m| wall_not_collapsed
mode=OFF radar_adj=0 mom= conf=0
[1;36m21:42:24[0m [1;33mx5[0m [1;36m#482[0m SKIP tension=[1;36m0.00000000[0m [0m| momentum_too_small [1;31mconf=0.3382[0m
mode=OFF radar_adj=0 mom= conf=0
[1;36mentry=21:42:38@62787.50000000[0m [1;33mx5[0m [1;36m#483[0m [1;33mSELL[0m tension=[1;31m6.00757127[0m hold=[1;36m8[0ms sec=[1;36m8[0m [0m| exit=62787.50000000 [1;32mconf=0.9831[0m [1;36mexit_time=21:42:46[0m [1;33mpnl=-0.00000000 bps=-0.00000000 pct=-0.00000000% total=-6.198520000000001[0m
mode=OFF radar_adj=0 mom= conf=0
[1;36m21:42:59[0m [1;33mx5[0m [1;36m#484[0m SKIP tension=[1;36m0.83449168[0m [0m| wall_not_collapsed
mode=OFF radar_adj=0 mom= conf=0
[1;36m21:43:08[0m [1;33mx5[0m [1;36m#485[0m SKIP tension=[1;33m0.88033766[0m [0m| wall_not_collapsed
mode=OFF radar_adj=0 mom= conf=0
[1;36m21:43:18[0m [1;33mx5[0m [1;36m#486[0m SKIP tension=[1;36m0.00000000[0m [0m| momentum_too_small [1;31mconf=0.3441[0m
mode=OFF radar_adj=0 mom= conf=0
[1;36m21:43:27[0m [1;33mx5[0m [1;36m#487[0m SKIP tension=[1;36m0.00062924[0m [0m| momentum_too_small [1;31mconf=0.001[0m
mode=OFF radar_adj=0 mom= conf=0
[1;36m21:43:36[0m [1;33mx5[0m [1;36m#488[0m SKIP tension=[1;36m0.00005444[0m [0m| momentum_too_small [1;31mconf=0.0001[0m
mode=OFF radar_adj=0 mom= conf=0
[1;36m21:43:45[0m [1;33mx5[0m [1;36m#489[0m SKIP tension=[1;36m0.00025147[0m [0m| momentum_too_small [1;31mconf=0.0004[0m
mode=OFF radar_adj=0 mom= conf=0
[1;36mentry=21:43:59@62787.50000000[0m [1;33mx5[0m [1;36m#490[0m [1;33mSELL[0m tension=[1;31m6.26876597[0m hold=[1;36m8[0ms sec=[1;36m8[0m [0m| exit=62787.50000000 [1;32mconf=0.9831[0m [1;36mexit_time=21:44:07[0m [1;33mpnl=-0.00000000 bps=-0.00000000 pct=-0.00000000% total=-6.198520000000001[0m
mode=OFF radar_adj=0 mom= conf=0
[1;36m21:44:19[0m [1;33mx5[0m [1;36m#491[0m SKIP tension=[1;36m0.00295168[0m [0m| momentum_too_small [1;31mconf=0.0048[0m
mode=OFF radar_adj=0 mom= conf=0
[1;36m21:44:28[0m [1;33mx5[0m [1;36m#492[0m SKIP tension=[1;36m0.00000000[0m [0m| momentum_too_small [1;31mconf=0.3441[0m
mode=OFF radar_adj=0 mom= conf=0
[1;36m21:44:36[0m [1;33mx5[0m [1;36m#493[0m SKIP tension=[1;36m0.00001302[0m [0m| momentum_too_small [1;31mconf=0.0[0m
mode=OFF radar_adj=0 mom= conf=0
[1;36m21:44:46[0m [1;33mx5[0m [1;36m#494[0m SKIP tension=[1;36m0.00011209[0m [0m| momentum_too_small [1;31mconf=0.0002[0m
mode=OFF radar_adj=0 mom= conf=0
[1;36mentry=21:45:00@62787.50000000[0m [1;33mx5[0m [1;36m#495[0m [1;33mSELL[0m tension=[1;32m1.95138864[0m hold=[1;36m7[0ms sec=[1;36m7[0m [0m| exit=62787.50000000 [1;32mconf=0.9831[0m [1;36mexit_time=21:45:07[0m [1;33mpnl=-0.00000000 bps=-0.00000000 pct=-0.00000000% total=-6.198520000000001[0m
mode=OFF radar_adj=0 mom= conf=0
[1;36m21:45:18[0m [1;33mx5[0m [1;36m#496[0m SKIP tension=[1;36m0.00000948[0m [0m| momentum_too_small [1;31mconf=0.0[0m
mode=OFF radar_adj=0 mom= conf=0
[1;36m21:45:27[0m [1;33mx5[0m [1;36m#497[0m SKIP tension=[1;36m0.00001582[0m [0m| momentum_too_small [1;31mconf=0.0[0m
mode=OFF radar_adj=0 mom= conf=0
[1;36m21:45:36[0m [1;33mx5[0m [1;36m#498[0m SKIP tension=[1;36m0.00000000[0m [0m| momentum_too_small [1;31mconf=0.3444[0m
mode=OFF radar_adj=0 mom= conf=0
[1;36m21:45:44[0m [1;33mx5[0m [1;36m#499[0m SKIP tension=[1;36m0.00001267[0m [0m| momentum_too_small [1;31mconf=0.0[0m
mode=OFF radar_adj=0 mom= conf=0
[1;36mentry=21:45:58@62787.50000000[0m [1;33mx5[0m [1;36m#500[0m [1;33mSELL[0m tension=[1;32m1.04536581[0m hold=[1;36m7[0ms sec=[1;36m7[0m [0m| exit=62787.50000000 [1;32mconf=0.9831[0m [1;36mexit_time=21:46:06[0m [1;33mpnl=-0.00000000 bps=-0.00000000 pct=-0.00000000% total=-6.198520000000001[0m
mode=OFF radar_adj=0 mom= conf=0
[1;36m21:46:17[0m [1;33mx5[0m [1;36m#501[0m SKIP tension=[1;36m0.00000000[0m [0m| momentum_too_small [1;31mconf=0.3441[0m
mode=OFF radar_adj=0 mom= conf=0
[1;36m21:46:26[0m [1;33mx5[0m [1;36m#502[0m SKIP tension=[1;36m0.00000000[0m [0m| momentum_too_small [1;31mconf=0.3441[0m
mode=OFF radar_adj=0 mom= conf=0
[1;36m21:46:35[0m [1;33mx5[0m [1;36m#503[0m SKIP tension=[1;36m0.00000000[0m [0m| momentum_too_small [1;31mconf=0.3441[0m
mode=OFF radar_adj=0 mom= conf=0
[1;36m21:46:44[0m [1;33mx5[0m [1;36m#504[0m SKIP tension=[1;36m0.00000000[0m [0m| momentum_too_small [1;31mconf=0.3441[0m
mode=OFF radar_adj=0 mom= conf=0
[1;36m21:46:53[0m [1;33mx5[0m [1;36m#505[0m SKIP tension=[1;36m0.00000000[0m [0m| momentum_too_small [1;31mconf=0.3441[0m
mode=OFF radar_adj=0 mom= conf=0
[1;36m21:47:02[0m [1;33mx5[0m [1;36m#506[0m SKIP tension=[1;36m0.00000000[0m [0m| momentum_too_small [1;31mconf=0.3441[0m
mode=OFF radar_adj=0 mom= conf=0
[1;36m21:47:12[0m [1;33mx5[0m [1;36m#507[0m SKIP tension=[1;36m0.00000316[0m [0m| momentum_too_small [1;31mconf=0.0[0m
mode=OFF radar_adj=0 mom= conf=0
[1;36m21:47:20[0m [1;33mx5[0m [1;36m#508[0m SKIP tension=[1;36m0.00000000[0m [0m| momentum_too_small [1;31mconf=0.3441[0m
mode=OFF radar_adj=0 mom= conf=0
[1;36m21:47:29[0m [1;33mx5[0m [1;36m#509[0m SKIP tension=[1;36m0.00239482[0m [0m| momentum_too_small [1;31mconf=0.0039[0m
mode=OFF radar_adj=0 mom= conf=0
[1;36m21:47:39[0m [1;33mx5[0m [1;36m#510[0m SKIP tension=[1;36m0.00000835[0m [0m| momentum_too_small [1;31mconf=0.0[0m
mode=OFF radar_adj=0 mom= conf=0
[1;36m21:47:48[0m [1;33mx5[0m [1;36m#511[0m SKIP tension=[1;36m0.00006307[0m [0m| momentum_too_small [1;31mconf=0.0001[0m
mode=OFF radar_adj=0 mom= conf=0
[1;36m21:47:58[0m [1;33mx5[0m [1;36m#512[0m SKIP tension=[1;36m0.06919165[0m [0m| direction_unclear [1;31mconf=0.1134[0m
mode=OFF radar_adj=0 mom= conf=0
[1;36m21:48:07[0m [1;33mx5[0m [1;36m#513[0m SKIP tension=[1;36m0.00000000[0m [0m| momentum_too_small [1;31mconf=0.3483[0m
mode=OFF radar_adj=0 mom= conf=0
[1;36m21:48:17[0m [1;33mx5[0m [1;36m#514[0m SKIP tension=[1;36m0.00000000[0m [0m| momentum_too_small [1;31mconf=0.3483[0m
mode=OFF radar_adj=0 mom= conf=0
[1;36m21:48:26[0m [1;33mx5[0m [1;36m#515[0m SKIP tension=[1;36m0.00178279[0m [0m| momentum_too_small [1;31mconf=0.003[0m
mode=OFF radar_adj=0 mom= conf=0
[1;36m21:48:36[0m [1;33mx5[0m [1;36m#516[0m SKIP tension=[1;36m0.00070550[0m [0m| momentum_too_small [1;31mconf=0.0012[0m
mode=OFF radar_adj=0 mom= conf=0
[1;36m21:48:45[0m [1;33mx5[0m [1;36m#517[0m SKIP tension=[1;36m0.00000155[0m [0m| momentum_too_small [1;31mconf=0.0[0m
mode=OFF radar_adj=0 mom= conf=0
[1;36m21:48:55[0m [1;33mx5[0m [1;36m#518[0m SKIP tension=[1;36m0.13538469[0m [0m| direction_unclear [1;31mconf=0.2243[0m
mode=OFF radar_adj=0 mom= conf=0
[1;36m21:49:04[0m [1;33mx5[0m [1;36m#519[0m SKIP tension=[1;36m0.46474030[0m [0m| wall_not_collapsed
mode=OFF radar_adj=0 mom= conf=0
[1;36m21:49:13[0m [1;33mx5[0m [1;36m#520[0m SKIP tension=[1;36m0.36539043[0m [0m| wall_not_collapsed
mode=OFF radar_adj=0 mom= conf=0
[1;36m21:49:23[0m [1;33mx5[0m [1;36m#521[0m SKIP tension=[1;36m0.00000149[0m [0m| momentum_too_small [1;31mconf=0.0[0m
mode=OFF radar_adj=0 mom= conf=0
[1;36m21:49:32[0m [1;33mx5[0m [1;36m#522[0m SKIP tension=[1;36m0.00000000[0m [0m| momentum_too_small [1;31mconf=0.3479[0m
mode=OFF radar_adj=0 mom= conf=0
[1;36m21:49:42[0m [1;33mx5[0m [1;36m#523[0m SKIP tension=[1;36m0.00000000[0m [0m| momentum_too_small [1;31mconf=0.3479[0m
mode=OFF radar_adj=0 mom= conf=0
[1;36m21:49:51[0m [1;33mx5[0m [1;36m#524[0m SKIP tension=[1;36m0.00234989[0m [0m| momentum_too_small [1;31mconf=0.0039[0m
mode=OFF radar_adj=0 mom= conf=0
[1;36m21:50:01[0m [1;33mx5[0m [1;36m#525[0m SKIP tension=[1;36m0.00000000[0m [0m| momentum_too_small [1;31mconf=0.3479[0m
mode=OFF radar_adj=0 mom= conf=0
[1;36m21:50:10[0m [1;33mx5[0m [1;36m#526[0m SKIP tension=[1;36m0.61923772[0m [0m| wall_not_collapsed
mode=OFF radar_adj=0 mom= conf=0
[1;36m21:50:20[0m [1;33mx5[0m [1;36m#527[0m SKIP tension=[1;36m0.61924811[0m [0m| wall_not_collapsed
mode=OFF radar_adj=0 mom= conf=0
[1;36m21:50:29[0m [1;33mx5[0m [1;36m#528[0m SKIP tension=[1;36m0.00000000[0m [0m| momentum_too_small [1;31mconf=0.3483[0m
mode=OFF radar_adj=0 mom= conf=0
[1;36m21:50:38[0m [1;33mx5[0m [1;36m#529[0m SKIP tension=[1;36m0.00074856[0m [0m| momentum_too_small [1;31mconf=0.0012[0m
mode=OFF radar_adj=0 mom= conf=0
[1;36m21:50:48[0m [1;33mx5[0m [1;36m#530[0m SKIP tension=[1;36m0.00001052[0m [0m| momentum_too_small [1;31mconf=0.0[0m
mode=OFF radar_adj=0 mom= conf=0
[1;36m21:50:58[0m [1;33mx5[0m [1;36m#531[0m SKIP tension=[1;36m0.00098519[0m [0m| momentum_too_small [1;31mconf=0.0016[0m
mode=OFF radar_adj=0 mom= conf=0
[1;36m21:51:07[0m [1;33mx5[0m [1;36m#532[0m SKIP tension=[1;36m0.72843453[0m [0m| wall_not_collapsed
mode=OFF radar_adj=0 mom= conf=0
[1;36m21:51:17[0m [1;33mx5[0m [1;36m#533[0m SKIP tension=[1;36m0.00002825[0m [0m| momentum_too_small [1;31mconf=0.0[0m
mode=OFF radar_adj=0 mom= conf=0
[1;36m21:51:26[0m [1;33mx5[0m [1;36m#534[0m SKIP tension=[1;36m0.00004996[0m [0m| momentum_too_small [1;31mconf=0.0001[0m
mode=OFF radar_adj=0 mom= conf=0
[1;36m21:51:35[0m [1;33mx5[0m [1;36m#535[0m SKIP tension=[1;36m0.42926846[0m [0m| wall_not_collapsed
mode=OFF radar_adj=0 mom= conf=0
[1;36m21:51:44[0m [1;33mx5[0m [1;36m#536[0m SKIP tension=[1;36m0.00000000[0m [0m| momentum_too_small [1;31mconf=0.3493[0m
mode=OFF radar_adj=0 mom= conf=0
[1;36m21:51:55[0m [1;33mx5[0m [1;36m#537[0m SKIP tension=[1;36m0.00001973[0m [0m| momentum_too_small [1;31mconf=0.0[0m
mode=OFF radar_adj=0 mom= conf=0
[1;36m21:52:05[0m [1;33mx5[0m [1;36m#538[0m SKIP tension=[1;36m0.00003484[0m [0m| momentum_too_small [1;31mconf=0.0001[0m
mode=OFF radar_adj=0 mom= conf=0
[1;36m21:52:14[0m [1;33mx5[0m [1;36m#539[0m SKIP tension=[1;36m0.00000000[0m [0m| momentum_too_small [1;31mconf=0.3465[0m
mode=OFF radar_adj=0 mom= conf=0
[1;36m21:52:23[0m [1;33mx5[0m [1;36m#540[0m SKIP tension=[1;36m0.24943471[0m [0m| wall_not_collapsed
mode=OFF radar_adj=0 mom= conf=0
[1;36m21:52:33[0m [1;33mx5[0m [1;36m#541[0m SKIP tension=[1;36m0.00000000[0m [0m| momentum_too_small [1;31mconf=0.3483[0m
mode=OFF radar_adj=0 mom= conf=0
[1;36m21:52:42[0m [1;33mx5[0m [1;36m#542[0m SKIP tension=[1;36m0.68700860[0m [0m| wall_not_collapsed
mode=OFF radar_adj=0 mom= conf=0
[1;36m21:52:52[0m [1;33mx5[0m [1;36m#543[0m SKIP tension=[1;36m0.68589164[0m [0m| wall_not_collapsed
mode=OFF radar_adj=0 mom= conf=0
[1;36m21:53:02[0m [1;33mx5[0m [1;36m#544[0m SKIP tension=[1;36m0.00000000[0m [0m| momentum_too_small [1;31mconf=0.3462[0m
mode=OFF radar_adj=0 mom= conf=0
[1;36m21:53:12[0m [1;33mx5[0m [1;36m#545[0m SKIP tension=[1;36m0.00003611[0m [0m| momentum_too_small [1;31mconf=0.0001[0m
mode=OFF radar_adj=0 mom= conf=0
[1;36m21:53:21[0m [1;33mx5[0m [1;36m#546[0m SKIP tension=[1;36m0.32297077[0m [0m| wall_not_collapsed
mode=OFF radar_adj=0 mom= conf=0
[1;36mentry=21:53:35@62787.50000000[0m [1;33mx5[0m [1;36m#547[0m [1;33mSELL[0m tension=[1;32m1.06640491[0m hold=[1;36m9[0ms sec=[1;36m9[0m [0m| exit=62787.50000000 [1;32mconf=0.9751[0m [1;36mexit_time=21:53:44[0m [1;33mpnl=-0.00000000 bps=-0.00000000 pct=-0.00000000% total=-6.198520000000001[0m
mode=OFF radar_adj=0 mom= conf=0
[1;36m21:53:56[0m [1;33mx5[0m [1;36m#548[0m SKIP tension=[1;36m0.00000000[0m [0m| momentum_too_small [1;31mconf=0.3413[0m
mode=OFF radar_adj=0 mom= conf=0
[1;36m21:54:05[0m [1;33mx5[0m [1;36m#549[0m SKIP tension=[1;36m0.68941774[0m [0m| wall_not_collapsed
mode=OFF radar_adj=0 mom= conf=0
[1;36m21:54:15[0m [1;33mx5[0m [1;36m#550[0m SKIP tension=[1;36m0.00008048[0m [0m| momentum_too_small [1;31mconf=0.0001[0m
mode=OFF radar_adj=0 mom= conf=0
[1;36m21:54:24[0m [1;33mx5[0m [1;36m#551[0m SKIP tension=[1;36m0.56984516[0m [0m| wall_not_collapsed
mode=OFF radar_adj=0 mom= conf=0
[1;36m21:54:33[0m [1;33mx5[0m [1;36m#552[0m SKIP tension=[1;36m0.19256306[0m [0m| direction_unclear [1;31mconf=0.313[0m
mode=OFF radar_adj=0 mom= conf=0
[1;36m21:54:42[0m [1;33mx5[0m [1;36m#553[0m SKIP tension=[1;36m0.59505519[0m [0m| wall_not_collapsed
mode=OFF radar_adj=0 mom= conf=0
[1;36m21:54:52[0m [1;33mx5[0m [1;36m#554[0m SKIP tension=[1;36m0.62223956[0m [0m| wall_not_collapsed
mode=OFF radar_adj=0 mom= conf=0
[1;36m21:55:01[0m [1;33mx5[0m [1;36m#555[0m SKIP tension=[1;36m0.00000000[0m [0m| momentum_too_small [1;31mconf=0.3413[0m
mode=OFF radar_adj=0 mom= conf=0
[1;36m21:55:11[0m [1;33mx5[0m [1;36m#556[0m SKIP tension=[1;36m0.46486676[0m [0m| wall_not_collapsed
mode=OFF radar_adj=0 mom= conf=0
[1;36m21:55:20[0m [1;33mx5[0m [1;36m#557[0m SKIP tension=[1;36m0.00000301[0m [0m| momentum_too_small [1;31mconf=0.0[0m
mode=OFF radar_adj=0 mom= conf=0
[1;36m21:55:29[0m [1;33mx5[0m [1;36m#558[0m SKIP tension=[1;36m0.37936360[0m [0m| wall_not_collapsed
mode=OFF radar_adj=0 mom= conf=0
[1;36m21:55:38[0m [1;33mx5[0m [1;36m#559[0m SKIP tension=[1;36m0.00000000[0m [0m| momentum_too_small [1;31mconf=0.3413[0m
mode=OFF radar_adj=0 mom= conf=0
[1;36m21:55:48[0m [1;33mx5[0m [1;36m#560[0m SKIP tension=[1;36m0.00001303[0m [0m| momentum_too_small [1;31mconf=0.0[0m
mode=OFF radar_adj=0 mom= conf=0
[1;36m21:55:58[0m [1;33mx5[0m [1;36m#561[0m SKIP tension=[1;36m0.00000000[0m [0m| momentum_too_small [1;31mconf=0.3413[0m
mode=OFF radar_adj=0 mom= conf=0
[1;36mentry=21:56:11@62787.50000000[0m [1;33mx5[0m [1;36m#562[0m [1;33mSELL[0m tension=[1;31m3.04545188[0m hold=[1;36m9[0ms sec=[1;36m9[0m [0m| exit=62787.50000000 [1;32mconf=0.9751[0m [1;36mexit_time=21:56:20[0m [1;33mpnl=-0.00000000 bps=-0.00000000 pct=-0.00000000% total=-6.198520000000001[0m
mode=OFF radar_adj=0 mom= conf=0
[1;36m21:56:31[0m [1;33mx5[0m [1;36m#563[0m SKIP tension=[1;36m0.00000332[0m [0m| momentum_too_small [1;31mconf=0.0[0m
mode=OFF radar_adj=0 mom= conf=0
[1;36m21:56:40[0m [1;33mx5[0m [1;36m#564[0m SKIP tension=[1;36m0.12995493[0m [0m| direction_unclear [1;31mconf=0.2134[0m
mode=OFF radar_adj=0 mom= conf=0
[1;36m21:56:50[0m [1;33mx5[0m [1;36m#565[0m SKIP tension=[1;36m0.00104703[0m [0m| momentum_too_small [1;31mconf=0.0017[0m
mode=OFF radar_adj=0 mom= conf=0
[1;36m21:57:03[0m [1;33mx5[0m [1;36m#566[0m SKIP tension=[1;36m0.01693679[0m [0m| direction_unclear [1;31mconf=0.0278[0m
mode=OFF radar_adj=0 mom= conf=0
[1;36m21:57:13[0m [1;33mx5[0m [1;36m#567[0m SKIP tension=[1;36m0.00000950[0m [0m| momentum_too_small [1;31mconf=0.0[0m
mode=OFF radar_adj=0 mom= conf=0
[1;36m21:57:22[0m [1;33mx5[0m [1;36m#568[0m SKIP tension=[1;36m0.00000000[0m [0m| momentum_too_small [1;31mconf=0.3444[0m
mode=OFF radar_adj=0 mom= conf=0
[1;36m21:57:32[0m [1;33mx5[0m [1;36m#569[0m SKIP tension=[1;36m0.00000000[0m [0m| momentum_too_small [1;31mconf=0.3479[0m
mode=OFF radar_adj=0 mom= conf=0
[1;36m21:57:41[0m [1;33mx5[0m [1;36m#570[0m SKIP tension=[1;36m0.00000000[0m [0m| momentum_too_small [1;31mconf=0.3497[0m
mode=OFF radar_adj=0 mom= conf=0
[1;36m21:57:51[0m [1;33mx5[0m [1;36m#571[0m SKIP tension=[1;36m0.00000000[0m [0m| momentum_too_small [1;31mconf=0.3437[0m
mode=OFF radar_adj=0 mom= conf=0
[1;36m21:58:01[0m [1;33mx5[0m [1;36m#572[0m SKIP tension=[1;36m0.41979112[0m [0m| wall_not_collapsed
mode=OFF radar_adj=0 mom= conf=0
[1;36m21:58:10[0m [1;33mx5[0m [1;36m#573[0m SKIP tension=[1;36m0.00000380[0m [0m| momentum_too_small [1;31mconf=0.0[0m
mode=OFF radar_adj=0 mom= conf=0
[1;36m21:58:19[0m [1;33mx5[0m [1;36m#574[0m SKIP tension=[1;36m0.55693982[0m [0m| wall_not_collapsed
mode=OFF radar_adj=0 mom= conf=0
[1;36m21:58:28[0m [1;33mx5[0m [1;36m#575[0m SKIP tension=[1;36m0.27878424[0m [0m| wall_not_collapsed
mode=OFF radar_adj=0 mom= conf=0
shockwave beta->alpha until_cycle=586
[1;33mSWARM shockwave[0m [0m| beta -> neighbor (fluid_exit_inversion)[0m
[1;36mCycle 576[0m [1;32mSOFT anomaly[0m [1;33m| pnl_abs=0.03950000 > 0.02500000[0m
[1;36mentry=21:58:42@62787.50000000[0m [1;33mx5[0m [1;36m#576[0m [1;31mSELL[0m tension=[1;32m1.06502035[0m hold=[1;36m9[0ms sec=[1;36m9[0m [0m| exit=62790.00000000 [1;32mconf=0.9751[0m [1;36mexit_time=21:58:51[0m [1;31mpnl=-0.03950000 bps=-0.39816843 pct=-0.00398168% total=-6.238020000000001[0m
mode=OFF radar_adj=0 mom= conf=0
[1;36m21:59:03[0m [1;33mx5[0m [1;36m#577[0m SKIP tension=[1;36m0.00000000[0m [0m| momentum_too_small [1;31mconf=0.3444[0m
mode=OFF radar_adj=0 mom= conf=0
[1;36m21:59:13[0m [1;33mx5[0m [1;36m#578[0m SKIP tension=[1;36m0.00001335[0m [0m| momentum_too_small [1;31mconf=0.0[0m
mode=OFF radar_adj=0 mom= conf=0
[1;36m21:59:22[0m [1;33mx5[0m [1;36m#579[0m SKIP tension=[1;36m0.53921374[0m [0m| wall_not_collapsed
mode=OFF radar_adj=0 mom= conf=0
[1;36m21:59:31[0m [1;33mx5[0m [1;36m#580[0m SKIP tension=[1;36m0.00000000[0m [0m| momentum_too_small [1;31mconf=0.3413[0m
mode=OFF radar_adj=0 mom= conf=0
[1;36m21:59:41[0m [1;33mx5[0m [1;36m#581[0m SKIP tension=[1;36m0.00000000[0m [0m| momentum_too_small [1;31mconf=0.3413[0m
mode=OFF radar_adj=0 mom= conf=0
[1;36m21:59:50[0m [1;33mx5[0m [1;36m#582[0m SKIP tension=[1;36m0.00000000[0m [0m| momentum_too_small [1;31mconf=0.3476[0m
mode=OFF radar_adj=0 mom= conf=0
[1;36m22:00:00[0m [1;33mx5[0m [1;36m#583[0m SKIP tension=[1;36m0.00000000[0m [0m| momentum_too_small [1;31mconf=0.3413[0m
mode=OFF radar_adj=0 mom= conf=0
[1;36m22:00:11[0m [1;33mx5[0m [1;36m#584[0m SKIP tension=[1;36m0.00008576[0m [0m| momentum_too_small [1;31mconf=0.0001[0m
mode=OFF radar_adj=0 mom= conf=0
[1;36m22:00:21[0m [1;33mx5[0m [1;36m#585[0m SKIP tension=[1;36m0.00023121[0m [0m| momentum_too_small [1;31mconf=0.0004[0m
mode=OFF radar_adj=0 mom= conf=0
[1;36m22:00:31[0m [1;33mx5[0m [1;36m#586[0m SKIP tension=[1;36m0.00000000[0m [0m| momentum_too_small [1;31mconf=0.3483[0m
mode=OFF radar_adj=0 mom= conf=0
[1;36m22:00:40[0m [1;33mx5[0m [1;36m#587[0m SKIP tension=[1;36m0.14000418[0m [0m| direction_unclear [1;31mconf=0.2326[0m
mode=OFF radar_adj=0 mom= conf=0
[1;36m22:00:50[0m [1;33mx5[0m [1;36m#588[0m SKIP tension=[1;36m0.00000614[0m [0m| momentum_too_small [1;31mconf=0.0[0m
mode=OFF radar_adj=0 mom= conf=0
[1;36m22:01:00[0m [1;33mx5[0m [1;36m#589[0m SKIP tension=[1;36m0.00793949[0m [0m| momentum_too_small [1;31mconf=0.0132[0m
mode=OFF radar_adj=0 mom= conf=0
shockwave beta->alpha until_cycle=600
[1;33mSWARM shockwave[0m [0m| beta -> neighbor (fluid_exit_inversion)[0m
[1;36mentry=22:01:15@62789.60000000[0m [1;33mx5[0m [1;36m#590[0m [1;31mSELL[0m tension=[1;31m9.96048599[0m hold=[1;36m9[0ms sec=[1;36m9[0m [0m| exit=62790.00000000 [1;32mconf=0.999[0m [1;36mexit_time=22:01:24[0m [1;31mpnl=-0.00508000 bps=-0.06370482 pct=-0.00063705% total=-6.243100000000001[0m
mode=OFF radar_adj=0 mom= conf=0
[1;36m22:01:36[0m [1;33mx5[0m [1;36m#591[0m SKIP tension=[1;36m0.00001826[0m [0m| momentum_too_small [1;31mconf=0.0[0m
mode=OFF radar_adj=0 mom= conf=0
[1;36m22:01:45[0m [1;33mx5[0m [1;36m#592[0m SKIP tension=[1;36m0.00000367[0m [0m| momentum_too_small [1;31mconf=0.0[0m
mode=OFF radar_adj=0 mom= conf=0
[1;36m22:01:56[0m [1;33mx5[0m [1;36m#593[0m SKIP tension=[1;36m0.00166741[0m [0m| momentum_too_small [1;31mconf=0.0027[0m
mode=OFF radar_adj=0 mom= conf=0
[1;36m22:02:05[0m [1;33mx5[0m [1;36m#594[0m SKIP tension=[1;36m0.00001618[0m [0m| momentum_too_small [1;31mconf=0.0[0m
mode=OFF radar_adj=0 mom= conf=0
[1;36m22:02:14[0m [1;33mx5[0m [1;36m#595[0m SKIP tension=[1;36m0.00000000[0m [0m| momentum_too_small [1;31mconf=0.3413[0m
mode=OFF radar_adj=0 mom= conf=0
[1;36m22:02:25[0m [1;33mx5[0m [1;36m#596[0m SKIP tension=[1;36m0.00000000[0m [0m| momentum_too_small [1;31mconf=0.3444[0m
mode=OFF radar_adj=0 mom= conf=0
[1;36m22:02:34[0m [1;33mx5[0m [1;36m#597[0m SKIP tension=[1;36m0.00001593[0m [0m| momentum_too_small [1;31mconf=0.0[0m
mode=OFF radar_adj=0 mom= conf=0
[1;36m22:02:43[0m [1;33mx5[0m [1;36m#598[0m SKIP tension=[1;36m0.00000000[0m [0m| momentum_too_small [1;31mconf=0.3483[0m
mode=OFF radar_adj=0 mom= conf=0
[1;36m22:02:53[0m [1;33mx5[0m [1;36m#599[0m SKIP tension=[1;36m0.00166777[0m [0m| momentum_too_small [1;31mconf=0.0027[0m
mode=OFF radar_adj=0 mom= conf=0
[1;36m22:03:03[0m [1;33mx5[0m [1;36m#600[0m SKIP tension=[1;36m0.22227105[0m [0m| wall_not_collapsed
mode=OFF radar_adj=0 mom= conf=0
[1;36m22:03:13[0m [1;33mx5[0m [1;36m#601[0m SKIP tension=[1;36m0.00000000[0m [0m| momentum_too_small [1;31mconf=0.3413[0m
mode=OFF radar_adj=0 mom= conf=0
[1;36m22:03:22[0m [1;33mx5[0m [1;36m#602[0m SKIP tension=[1;36m0.76697920[0m [0m| wall_not_collapsed
mode=OFF radar_adj=0 mom= conf=0
[1;36mentry=22:03:36@62787.50000000[0m [1;33mx5[0m [1;36m#603[0m [1;33mSELL[0m tension=[1;31m6.29120008[0m hold=[1;36m7[0ms sec=[1;36m7[0m [0m| exit=62787.50000000 [1;32mconf=0.9841[0m [1;36mexit_time=22:03:44[0m [1;33mpnl=-0.00000000 bps=-0.00000000 pct=-0.00000000% total=-6.243100000000001[0m
mode=OFF radar_adj=0 mom= conf=0
[1;36m22:03:56[0m [1;33mx5[0m [1;36m#604[0m SKIP tension=[1;36m0.00000242[0m [0m| momentum_too_small [1;31mconf=0.0[0m
mode=OFF radar_adj=0 mom= conf=0
[1;36m22:04:06[0m [1;33mx5[0m [1;36m#605[0m SKIP tension=[1;36m0.74055727[0m [0m| wall_not_collapsed
mode=OFF radar_adj=0 mom= conf=0
[1;36m22:04:16[0m [1;33mx5[0m [1;36m#606[0m SKIP tension=[1;36m0.00000000[0m [0m| momentum_too_small [1;31mconf=0.3413[0m
mode=OFF radar_adj=0 mom= conf=0
[1;36m22:04:25[0m [1;33mx5[0m [1;36m#607[0m SKIP tension=[1;36m0.00000000[0m [0m| momentum_too_small [1;31mconf=0.3413[0m
mode=OFF radar_adj=0 mom= conf=0
[1;36m22:04:34[0m [1;33mx5[0m [1;36m#608[0m SKIP tension=[1;36m0.00000000[0m [0m| momentum_too_small [1;31mconf=0.3413[0m
mode=OFF radar_adj=0 mom= conf=0
[1;36m22:04:44[0m [1;33mx5[0m [1;36m#609[0m SKIP tension=[1;36m0.00000000[0m [0m| momentum_too_small [1;31mconf=0.3413[0m
mode=OFF radar_adj=0 mom= conf=0
[1;36m22:04:54[0m [1;33mx5[0m [1;36m#610[0m SKIP tension=[1;36m0.00000000[0m [0m| momentum_too_small [1;31mconf=0.3413[0m
mode=OFF radar_adj=0 mom= conf=0
[1;36m22:05:04[0m [1;33mx5[0m [1;36m#611[0m SKIP tension=[1;36m0.00014128[0m [0m| momentum_too_small [1;31mconf=0.0002[0m
mode=OFF radar_adj=0 mom= conf=0
[1;36m22:05:14[0m [1;33mx5[0m [1;36m#612[0m SKIP tension=[1;36m0.61856398[0m [0m| wall_not_collapsed
mode=OFF radar_adj=0 mom= conf=0
[1;36m22:05:23[0m [1;33mx5[0m [1;36m#613[0m SKIP tension=[1;36m0.00000000[0m [0m| momentum_too_small [1;31mconf=0.3413[0m
mode=OFF radar_adj=0 mom= conf=0
[1;36m22:05:33[0m [1;33mx5[0m [1;36m#614[0m SKIP tension=[1;36m0.61828380[0m [0m| wall_not_collapsed
mode=OFF radar_adj=0 mom= conf=0
[1;36m22:05:42[0m [1;33mx5[0m [1;36m#615[0m SKIP tension=[1;36m0.00000908[0m [0m| momentum_too_small [1;31mconf=0.0[0m
mode=OFF radar_adj=0 mom= conf=0
[1;36m22:05:52[0m [1;33mx5[0m [1;36m#616[0m SKIP tension=[1;36m0.00386000[0m [0m| momentum_too_small [1;31mconf=0.0061[0m
mode=OFF radar_adj=0 mom= conf=0
[1;36m22:06:01[0m [1;33mx5[0m [1;36m#617[0m SKIP tension=[1;33m0.96099409[0m [0m| wall_not_collapsed
mode=OFF radar_adj=0 mom= conf=0
[1;36m22:06:12[0m [1;33mx5[0m [1;36m#618[0m SKIP tension=[1;36m0.00011902[0m [0m| momentum_too_small [1;31mconf=0.0002[0m
mode=OFF radar_adj=0 mom= conf=0
[1;36m22:06:21[0m [1;33mx5[0m [1;36m#619[0m SKIP tension=[1;36m0.00000879[0m [0m| momentum_too_small [1;31mconf=0.0[0m
mode=OFF radar_adj=0 mom= conf=0
[1;36m22:06:31[0m [1;33mx5[0m [1;36m#620[0m SKIP tension=[1;36m0.00000000[0m [0m| momentum_too_small [1;31mconf=0.3486[0m
mode=OFF radar_adj=0 mom= conf=0
[1;36m22:06:41[0m [1;33mx5[0m [1;36m#621[0m SKIP tension=[1;36m0.00000000[0m [0m| momentum_too_small [1;31mconf=0.3483[0m
mode=OFF radar_adj=0 mom= conf=0
[1;36m22:06:49[0m [1;33mx5[0m [1;36m#622[0m SKIP tension=[1;36m0.00000381[0m [0m| momentum_too_small [1;31mconf=0.0[0m
mode=OFF radar_adj=0 mom= conf=0
[1;36m22:07:00[0m [1;33mx5[0m [1;36m#623[0m SKIP tension=[1;36m0.00000000[0m [0m| momentum_too_small [1;31mconf=0.3434[0m
mode=OFF radar_adj=0 mom= conf=0
[1;36m22:07:09[0m [1;33mx5[0m [1;36m#624[0m SKIP tension=[1;36m0.00000000[0m [0m| momentum_too_small [1;31mconf=0.3469[0m
mode=OFF radar_adj=0 mom= conf=0
[1;36m22:07:18[0m [1;33mx5[0m [1;36m#625[0m SKIP tension=[1;36m0.00000000[0m [0m| momentum_too_small [1;31mconf=0.3409[0m
mode=OFF radar_adj=0 mom= conf=0
[1;36m22:07:30[0m [1;33mx5[0m [1;36m#626[0m SKIP tension=[1;36m0.01673957[0m [0m| direction_unclear [1;31mconf=0.0272[0m
mode=OFF radar_adj=0 mom= conf=0
[1;36m22:07:40[0m [1;33mx5[0m [1;36m#627[0m SKIP tension=[1;36m0.05747295[0m [0m| direction_unclear [1;31mconf=0.0895[0m
mode=OFF radar_adj=0 mom= conf=0
[1;36m22:07:49[0m [1;33mx5[0m [1;36m#628[0m SKIP tension=[1;36m0.62176941[0m [0m| wall_not_collapsed
mode=OFF radar_adj=0 mom= conf=0
shockwave beta->alpha until_cycle=639
[1;33mSWARM shockwave[0m [0m| beta -> neighbor (fluid_exit_brake)[0m
[1;36mentry=22:08:04@62804.10000000[0m [1;33mx5[0m [1;36m#629[0m [1;31mSELL[0m tension=[1;32m1.16821245[0m hold=[1;36m8[0ms sec=[1;36m8[0m [0m| exit=62804.20000000 [1;32mconf=0.999[0m [1;36mexit_time=22:08:13[0m [1;31mpnl=-0.00127000 bps=-0.01592253 pct=-0.00015923% total=-6.244370000000001[0m
mode=OFF radar_adj=0 mom= conf=0
[1;36m22:08:24[0m [1;33mx5[0m [1;36m#630[0m SKIP tension=[1;36m0.47810124[0m [0m| wall_not_collapsed
mode=OFF radar_adj=0 mom= conf=0
[1;36m22:08:33[0m [1;33mx5[0m [1;36m#631[0m SKIP tension=[1;36m0.00006015[0m [0m| momentum_too_small [1;31mconf=0.0001[0m
mode=OFF radar_adj=0 mom= conf=0
[1;36m22:08:43[0m [1;33mx5[0m [1;36m#632[0m SKIP tension=[1;36m0.00000000[0m [0m| momentum_too_small [1;31mconf=0.3497[0m
mode=OFF radar_adj=0 mom= conf=0
[1;36m22:08:52[0m [1;33mx5[0m [1;36m#633[0m SKIP tension=[1;36m0.00002938[0m [0m| momentum_too_small [1;31mconf=0.0[0m
mode=OFF radar_adj=0 mom= conf=0
[1;36m22:09:02[0m [1;33mx5[0m [1;36m#634[0m SKIP tension=[1;36m0.00000000[0m [0m| momentum_too_small [1;31mconf=0.3371[0m
mode=OFF radar_adj=0 mom= conf=0
[1;36m22:09:12[0m [1;33mx5[0m [1;36m#635[0m SKIP tension=[1;36m0.12337820[0m [0m| direction_unclear [1;31mconf=0.1979[0m
mode=OFF radar_adj=0 mom= conf=0
[1;36m22:09:21[0m [1;33mx5[0m [1;36m#636[0m SKIP tension=[1;36m0.00001178[0m [0m| momentum_too_small [1;31mconf=0.0[0m
mode=OFF radar_adj=0 mom= conf=0
[1;36m22:09:31[0m [1;33mx5[0m [1;36m#637[0m SKIP tension=[1;36m0.00173037[0m [0m| momentum_too_small [1;31mconf=0.0028[0m
mode=OFF radar_adj=0 mom= conf=0
[1;36m22:09:41[0m [1;33mx5[0m [1;36m#638[0m SKIP tension=[1;36m0.00000000[0m [0m| momentum_too_small [1;31mconf=0.3354[0m
mode=OFF radar_adj=0 mom= conf=0
[1;36m22:09:51[0m [1;33mx5[0m [1;36m#639[0m SKIP tension=[1;36m0.00002365[0m [0m| momentum_too_small [1;31mconf=0.0[0m
mode=OFF radar_adj=0 mom= conf=0
[1;36m22:10:00[0m [1;33mx5[0m [1;36m#640[0m SKIP tension=[1;36m0.20001497[0m [0m| wall_not_collapsed
mode=OFF radar_adj=0 mom= conf=0
[1;36m22:10:10[0m [1;33mx5[0m [1;36m#641[0m SKIP tension=[1;36m0.13978625[0m [0m| direction_unclear [1;31mconf=0.2142[0m
mode=OFF radar_adj=0 mom= conf=0
[1;36m22:10:19[0m [1;33mx5[0m [1;36m#642[0m SKIP tension=[1;36m0.49813345[0m [0m| wall_not_collapsed
mode=OFF radar_adj=0 mom= conf=0
[1;36m22:10:29[0m [1;33mx5[0m [1;36m#643[0m SKIP tension=[1;33m0.89800175[0m [0m| wall_not_collapsed
mode=OFF radar_adj=0 mom= conf=0
[1;36m22:10:38[0m [1;33mx5[0m [1;36m#644[0m SKIP tension=[1;36m0.00000000[0m [0m| momentum_too_small [1;31mconf=0.2999[0m
mode=OFF radar_adj=0 mom= conf=0
[1;36m22:10:46[0m [1;33mx5[0m [1;36m#645[0m SKIP tension=[1;36m0.80676651[0m [0m| wall_not_collapsed
mode=OFF radar_adj=0 mom= conf=0
shockwave beta->alpha until_cycle=656
[1;33mSWARM shockwave[0m [0m| beta -> neighbor (shock_inversion_stop)[0m
[1;36mentry=22:11:02@62817.20000000[0m [1;33mx5[0m [1;36m#646[0m [1;31mSELL[0m tension=[1;32m1.56944343[0m hold=[1;36m7[0ms sec=[1;36m7[0m [0m| exit=62818.70000000 [1;32mconf=0.8717[0m [1;36mexit_time=22:11:09[0m [1;31mpnl=-0.02370000 bps=-0.23878810 pct=-0.00238788% total=-6.268070000000002[0m
mode=OFF radar_adj=0 mom= conf=0
[1;36m22:11:21[0m [1;33mx5[0m [1;36m#647[0m SKIP tension=[1;33m0.99246807[0m [0m| wall_not_collapsed
mode=OFF radar_adj=0 mom= conf=0
[1;36m22:11:30[0m [1;33mx5[0m [1;36m#648[0m SKIP tension=[1;33m0.94920686[0m [0m| wall_not_collapsed
mode=OFF radar_adj=0 mom= conf=0
[1;36m22:11:39[0m [1;33mx5[0m [1;36m#649[0m SKIP tension=[1;36m0.00001202[0m [0m| momentum_too_small [1;31mconf=0.0[0m
mode=OFF radar_adj=0 mom= conf=0
[1;36mentry=22:11:54@62820.70000000[0m [1;33mx5[0m [1;36m#650[0m [1;32mSELL[0m tension=[1;31m2.34519074[0m hold=[1;36m8[0ms sec=[1;36m8[0m [0m| exit=62819.70000000 [1;32mconf=0.8368[0m [1;36mexit_time=22:12:02[0m [1;32mpnl=0.01580000 bps=0.15918320 pct=0.00159183% total=-6.252270000000001[0m
mode=OFF radar_adj=0 mom= conf=0
[1;36m22:12:14[0m [1;33mx5[0m [1;36m#651[0m SKIP tension=[1;36m0.50671852[0m [0m| wall_not_collapsed
mode=OFF radar_adj=0 mom= conf=0
[1;36m22:12:24[0m [1;33mx5[0m [1;36m#652[0m SKIP tension=[1;36m0.00000000[0m [0m| momentum_too_small [1;31mconf=0.3493[0m
mode=OFF radar_adj=0 mom= conf=0
[1;36m22:12:34[0m [1;33mx5[0m [1;36m#653[0m SKIP tension=[1;36m0.00000000[0m [0m| momentum_too_small [1;31mconf=0.3197[0m
mode=OFF radar_adj=0 mom= conf=0
[1;36m22:12:45[0m [1;33mx5[0m [1;36m#654[0m SKIP tension=[1;36m0.25601184[0m [0m| wall_not_collapsed
mode=OFF radar_adj=0 mom= conf=0
[1;36m22:12:55[0m [1;33mx5[0m [1;36m#655[0m SKIP tension=[1;36m0.00000000[0m [0m| momentum_too_small [1;31mconf=0.3201[0m
mode=OFF radar_adj=0 mom= conf=0
[1;36m22:13:05[0m [1;33mx5[0m [1;36m#656[0m SKIP tension=[1;36m0.00267044[0m [0m| momentum_too_small [1;31mconf=0.0041[0m
mode=OFF radar_adj=0 mom= conf=0
[1;36m22:13:14[0m [1;33mx5[0m [1;36m#657[0m SKIP tension=[1;36m0.01534401[0m [0m| direction_unclear [1;31mconf=0.0234[0m
mode=OFF radar_adj=0 mom= conf=0
[1;36m22:13:23[0m [1;33mx5[0m [1;36m#658[0m SKIP tension=[1;36m0.25327324[0m [0m| wall_not_collapsed
mode=OFF radar_adj=0 mom= conf=0
[1;36m22:13:34[0m [1;33mx5[0m [1;36m#659[0m SKIP tension=[1;36m0.00000000[0m [0m| momentum_too_small [1;31mconf=0.3249[0m
mode=OFF radar_adj=0 mom= conf=0
[1;36m22:13:43[0m [1;33mx5[0m [1;36m#660[0m SKIP tension=[1;36m0.49115685[0m [0m| wall_not_collapsed
mode=OFF radar_adj=0 mom= conf=0
[1;36m22:13:53[0m [1;33mx5[0m [1;36m#661[0m SKIP tension=[1;36m0.49111314[0m [0m| wall_not_collapsed
mode=OFF radar_adj=0 mom= conf=0
[1;36m22:14:02[0m [1;33mx5[0m [1;36m#662[0m SKIP tension=[1;36m0.50733182[0m [0m| wall_not_collapsed
mode=OFF radar_adj=0 mom= conf=0
[1;36m22:14:12[0m [1;33mx5[0m [1;36m#663[0m SKIP tension=[1;36m0.00442439[0m [0m| momentum_too_small [1;31mconf=0.0068[0m
mode=OFF radar_adj=0 mom= conf=0
[1;36m22:14:20[0m [1;33mx5[0m [1;36m#664[0m SKIP tension=[1;36m0.52028625[0m [0m| wall_not_collapsed
mode=OFF radar_adj=0 mom= conf=0
[1;36m22:14:30[0m [1;33mx5[0m [1;36m#665[0m SKIP tension=[1;36m0.00000896[0m [0m| momentum_too_small [1;31mconf=0.0[0m
mode=OFF radar_adj=0 mom= conf=0
[1;36m22:14:39[0m [1;33mx5[0m [1;36m#666[0m SKIP tension=[1;36m0.51120531[0m [0m| wall_not_collapsed
mode=OFF radar_adj=0 mom= conf=0
[1;36m22:14:49[0m [1;33mx5[0m [1;36m#667[0m SKIP tension=[1;36m0.00003134[0m [0m| momentum_too_small [1;31mconf=0.0[0m
mode=OFF radar_adj=0 mom= conf=0
[1;36m22:14:59[0m [1;33mx5[0m [1;36m#668[0m SKIP tension=[1;36m0.00004849[0m [0m| momentum_too_small [1;31mconf=0.0001[0m
mode=OFF radar_adj=0 mom= conf=0
[1;36m22:15:08[0m [1;33mx5[0m [1;36m#669[0m SKIP tension=[1;36m0.00005686[0m [0m| momentum_too_small [1;31mconf=0.0001[0m
mode=OFF radar_adj=0 mom= conf=0
[1;36m22:15:18[0m [1;33mx5[0m [1;36m#670[0m SKIP tension=[1;36m0.00000000[0m [0m| momentum_too_small [1;31mconf=0.3249[0m
mode=OFF radar_adj=0 mom= conf=0
[1;36m22:15:27[0m [1;33mx5[0m [1;36m#671[0m SKIP tension=[1;36m0.00000000[0m [0m| momentum_too_small [1;31mconf=0.3249[0m
mode=OFF radar_adj=0 mom= conf=0
[1;36m22:15:36[0m [1;33mx5[0m [1;36m#672[0m SKIP tension=[1;36m0.00053312[0m [0m| momentum_too_small [1;31mconf=0.0008[0m
mode=OFF radar_adj=0 mom= conf=0
[1;36m22:15:45[0m [1;33mx5[0m [1;36m#673[0m SKIP tension=[1;36m0.00706812[0m [0m| momentum_too_small [1;31mconf=0.0109[0m
mode=OFF radar_adj=0 mom= conf=0
[1;36m22:15:55[0m [1;33mx5[0m [1;36m#674[0m SKIP tension=[1;36m0.03580601[0m [0m| direction_unclear [1;31mconf=0.0554[0m
mode=OFF radar_adj=0 mom= conf=0
[1;36m22:16:04[0m [1;33mx5[0m [1;36m#675[0m SKIP tension=[1;36m0.00021060[0m [0m| momentum_too_small [1;31mconf=0.0003[0m
mode=OFF radar_adj=0 mom= conf=0
[1;36m22:16:14[0m [1;33mx5[0m [1;36m#676[0m SKIP tension=[1;36m0.01157874[0m [0m| direction_unclear [1;31mconf=0.0179[0m
mode=OFF radar_adj=0 mom= conf=0
[1;36m22:16:23[0m [1;33mx5[0m [1;36m#677[0m SKIP tension=[1;36m0.06660476[0m [0m| direction_unclear [1;31mconf=0.1031[0m
mode=OFF radar_adj=0 mom= conf=0
[1;36m22:16:32[0m [1;33mx5[0m [1;36m#678[0m SKIP tension=[1;36m0.56091887[0m [0m| wall_not_collapsed
mode=OFF radar_adj=0 mom= conf=0
[1;36m22:16:42[0m [1;33mx5[0m [1;36m#679[0m SKIP tension=[1;36m0.06845149[0m [0m| direction_unclear [1;31mconf=0.1059[0m
mode=OFF radar_adj=0 mom= conf=0
[1;36m22:16:51[0m [1;33mx5[0m [1;36m#680[0m SKIP tension=[1;36m0.00000000[0m [0m| momentum_too_small [1;31mconf=0.3249[0m
mode=OFF radar_adj=0 mom= conf=0
[1;36m22:17:01[0m [1;33mx5[0m [1;36m#681[0m SKIP tension=[1;36m0.00000000[0m [0m| momentum_too_small [1;31mconf=0.3448[0m
mode=OFF radar_adj=0 mom= conf=0
[1;36m22:17:10[0m [1;33mx5[0m [1;36m#682[0m SKIP tension=[1;36m0.45963895[0m [0m| wall_not_collapsed
mode=OFF radar_adj=0 mom= conf=0
[1;36m22:17:20[0m [1;33mx5[0m [1;36m#683[0m SKIP tension=[1;36m0.00000000[0m [0m| momentum_too_small [1;31mconf=0.3448[0m
mode=OFF radar_adj=0 mom= conf=0
[1;36m22:17:29[0m [1;33mx5[0m [1;36m#684[0m SKIP tension=[1;36m0.00000000[0m [0m| momentum_too_small [1;31mconf=0.3497[0m
mode=OFF radar_adj=0 mom= conf=0
[1;36m22:17:39[0m [1;33mx5[0m [1;36m#685[0m SKIP tension=[1;36m0.00628178[0m [0m| momentum_too_small [1;31mconf=0.0105[0m
mode=OFF radar_adj=0 mom= conf=0
[1;36m22:17:48[0m [1;33mx5[0m [1;36m#686[0m SKIP tension=[1;36m0.00000000[0m [0m| momentum_too_small [1;31mconf=0.3497[0m
mode=OFF radar_adj=0 mom= conf=0
[1;36m22:17:58[0m [1;33mx5[0m [1;36m#687[0m SKIP tension=[1;36m0.00000484[0m [0m| momentum_too_small [1;31mconf=0.0[0m
mode=OFF radar_adj=0 mom= conf=0
[1;36m22:18:08[0m [1;33mx5[0m [1;36m#688[0m SKIP tension=[1;36m0.00000000[0m [0m| momentum_too_small [1;31mconf=0.3497[0m
mode=OFF radar_adj=0 mom= conf=0
[1;36m22:18:17[0m [1;33mx5[0m [1;36m#689[0m SKIP tension=[1;36m0.00000000[0m [0m| momentum_too_small [1;31mconf=0.3493[0m
mode=OFF radar_adj=0 mom= conf=0
[1;36m22:18:26[0m [1;33mx5[0m [1;36m#690[0m SKIP tension=[1;36m0.01008493[0m [0m| direction_unclear [1;31mconf=0.0168[0m
mode=OFF radar_adj=0 mom= conf=0
[1;36m22:18:35[0m [1;33mx5[0m [1;36m#691[0m SKIP tension=[1;36m0.00000000[0m [0m| momentum_too_small [1;31mconf=0.3493[0m
mode=OFF radar_adj=0 mom= conf=0
[1;36m22:18:45[0m [1;33mx5[0m [1;36m#692[0m SKIP tension=[1;36m0.00000000[0m [0m| momentum_too_small [1;31mconf=0.3493[0m
mode=OFF radar_adj=0 mom= conf=0
[1;36m22:18:55[0m [1;33mx5[0m [1;36m#693[0m SKIP tension=[1;36m0.00000000[0m [0m| momentum_too_small [1;31mconf=0.3497[0m
mode=OFF radar_adj=0 mom= conf=0
[1;36m22:19:04[0m [1;33mx5[0m [1;36m#694[0m SKIP tension=[1;36m0.00000000[0m [0m| momentum_too_small [1;31mconf=0.3497[0m
mode=OFF radar_adj=0 mom= conf=0
[1;36m22:19:14[0m [1;33mx5[0m [1;36m#695[0m SKIP tension=[1;36m0.00000000[0m [0m| momentum_too_small [1;31mconf=0.3497[0m
mode=OFF radar_adj=0 mom= conf=0
[1;36m22:19:23[0m [1;33mx5[0m [1;36m#696[0m SKIP tension=[1;36m0.00000000[0m [0m| momentum_too_small [1;31mconf=0.3493[0m
mode=OFF radar_adj=0 mom= conf=0
[1;36m22:19:33[0m [1;33mx5[0m [1;36m#697[0m SKIP tension=[1;36m0.00000000[0m [0m| momentum_too_small [1;31mconf=0.3493[0m
mode=OFF radar_adj=0 mom= conf=0
[1;36m22:19:42[0m [1;33mx5[0m [1;36m#698[0m SKIP tension=[1;36m0.00000000[0m [0m| momentum_too_small [1;31mconf=0.3493[0m
mode=OFF radar_adj=0 mom= conf=0
[1;36m22:19:51[0m [1;33mx5[0m [1;36m#699[0m SKIP tension=[1;36m0.00000525[0m [0m| momentum_too_small [1;31mconf=0.0[0m
mode=OFF radar_adj=0 mom= conf=0
[1;36m22:20:01[0m [1;33mx5[0m [1;36m#700[0m SKIP tension=[1;36m0.00000000[0m [0m| momentum_too_small [1;31mconf=0.3493[0m
mode=OFF radar_adj=0 mom= conf=0
[1;36m22:20:11[0m [1;33mx5[0m [1;36m#701[0m SKIP tension=[1;36m0.31114864[0m [0m| wall_not_collapsed
mode=OFF radar_adj=0 mom= conf=0
[1;36m22:20:20[0m [1;33mx5[0m [1;36m#702[0m SKIP tension=[1;36m0.00005800[0m [0m| momentum_too_small [1;31mconf=0.0001[0m
mode=OFF radar_adj=0 mom= conf=0
[1;36m22:20:29[0m [1;33mx5[0m [1;36m#703[0m SKIP tension=[1;36m0.00000467[0m [0m| momentum_too_small [1;31mconf=0.0[0m
mode=OFF radar_adj=0 mom= conf=0
[1;36m22:20:38[0m [1;33mx5[0m [1;36m#704[0m SKIP tension=[1;36m0.00000000[0m [0m| momentum_too_small [1;31mconf=0.3493[0m
mode=OFF radar_adj=0 mom= conf=0
[1;36m22:20:48[0m [1;33mx5[0m [1;36m#705[0m SKIP tension=[1;36m0.00000000[0m [0m| momentum_too_small [1;31mconf=0.3497[0m
mode=OFF radar_adj=0 mom= conf=0
[1;36m22:20:59[0m [1;33mx5[0m [1;36m#706[0m SKIP tension=[1;36m0.00000000[0m [0m| momentum_too_small [1;31mconf=0.3497[0m
mode=OFF radar_adj=0 mom= conf=0
[1;36m22:21:08[0m [1;33mx5[0m [1;36m#707[0m SKIP tension=[1;36m0.00000000[0m [0m| momentum_too_small [1;31mconf=0.3396[0m
mode=OFF radar_adj=0 mom= conf=0
[1;36m22:21:17[0m [1;33mx5[0m [1;36m#708[0m SKIP tension=[1;36m0.00000467[0m [0m| momentum_too_small [1;31mconf=0.0[0m
mode=OFF radar_adj=0 mom= conf=0
[1;36m22:21:26[0m [1;33mx5[0m [1;36m#709[0m SKIP tension=[1;36m0.00001052[0m [0m| momentum_too_small [1;31mconf=0.0[0m
mode=OFF radar_adj=0 mom= conf=0
[1;36m22:21:36[0m [1;33mx5[0m [1;36m#710[0m SKIP tension=[1;36m0.00005369[0m [0m| momentum_too_small [1;31mconf=0.0001[0m
mode=OFF radar_adj=0 mom= conf=0
[1;36m22:21:45[0m [1;33mx5[0m [1;36m#711[0m SKIP tension=[1;36m0.00000000[0m [0m| momentum_too_small [1;31mconf=0.3493[0m
mode=OFF radar_adj=0 mom= conf=0
[1;36mentry=22:22:00@62816.60000000[0m [1;33mx5[0m [1;36m#712[0m [1;33mSELL[0m tension=[1;31m7.72180505[0m hold=[1;36m7[0ms sec=[1;36m7[0m [0m| exit=62816.60000000 [1;32mconf=0.999[0m [1;36mexit_time=22:22:07[0m [1;33mpnl=-0.00000000 bps=-0.00000000 pct=-0.00000000% total=-6.252270000000001[0m
mode=OFF radar_adj=0 mom= conf=0
[1;36m22:22:19[0m [1;33mx5[0m [1;36m#713[0m SKIP tension=[1;36m0.00878320[0m [0m| momentum_too_small [1;31mconf=0.0144[0m
mode=OFF radar_adj=0 mom= conf=0
shockwave beta->alpha until_cycle=724
[1;33mSWARM shockwave[0m [0m| beta -> neighbor (shock_inversion_stop)[0m
[1;36mentry=22:22:33@62815.30000000[0m [1;33mx5[0m [1;36m#714[0m [1;31mSELL[0m tension=[1;31m3.37171825[0m hold=[1;36m8[0ms sec=[1;36m8[0m [0m| exit=62816.00000000 [1;32mconf=0.992[0m [1;36mexit_time=22:22:41[0m [1;31mpnl=-0.01106000 bps=-0.11143782 pct=-0.00111438% total=-6.263330000000002[0m
mode=OFF radar_adj=0 mom= conf=0
[1;36m22:22:53[0m [1;33mx5[0m [1;36m#715[0m SKIP tension=[1;36m0.00093507[0m [0m| momentum_too_small [1;31mconf=0.0015[0m
mode=OFF radar_adj=0 mom= conf=0
[1;36m22:23:02[0m [1;33mx5[0m [1;36m#716[0m SKIP tension=[1;36m0.36562926[0m [0m| wall_not_collapsed
mode=OFF radar_adj=0 mom= conf=0
[1;36mCycle 717[0m [1;32mSOFT anomaly[0m [1;33m| pnl_abs=0.07426000 > 0.02500000[0m
[1;36mentry=22:23:16@62816.00000000[0m [1;33mx5[0m [1;36m#717[0m [1;32mSELL[0m tension=[1;32m1.21250974[0m hold=[1;36m11[0ms sec=[1;36m11[0m [0m| exit=62811.30000000 [1;32mconf=0.9542[0m [1;36mexit_time=22:23:27[0m [1;32mpnl=0.07426000 bps=0.74821701 pct=0.00748217% total=-6.189070000000001[0m
mode=OFF radar_adj=0 mom= conf=0
[1;36m22:23:39[0m [1;33mx5[0m [1;36m#718[0m SKIP tension=[1;36m0.00000000[0m [0m| momentum_too_small [1;31mconf=0.3409[0m
mode=OFF radar_adj=0 mom= conf=0
[1;36m22:23:48[0m [1;33mx5[0m [1;36m#719[0m SKIP tension=[1;36m0.00000000[0m [0m| momentum_too_small [1;31mconf=0.3409[0m
mode=OFF radar_adj=0 mom= conf=0
[1;36m22:23:59[0m [1;33mx5[0m [1;36m#720[0m SKIP [0m| Mode Écoute: spread=0.09550000 volat=27.11762266 (attente froid)
mode=OFF radar_adj=0 mom= conf=0
[1;36m22:24:08[0m [1;33mx5[0m [1;36m#721[0m SKIP tension=[1;36m0.00000000[0m [0m| momentum_too_small [1;31mconf=0.3479[0m
mode=OFF radar_adj=0 mom= conf=0
[1;36m22:24:17[0m [1;33mx5[0m [1;36m#722[0m SKIP tension=[1;36m0.00000000[0m [0m| momentum_too_small [1;31mconf=0.3479[0m
mode=OFF radar_adj=0 mom= conf=0
[1;36m22:24:27[0m [1;33mx5[0m [1;36m#723[0m SKIP tension=[1;36m0.20349241[0m [0m| wall_not_collapsed
mode=OFF radar_adj=0 mom= conf=0
[1;36m22:24:37[0m [1;33mx5[0m [1;36m#724[0m SKIP tension=[1;36m0.55280252[0m [0m| wall_not_collapsed
mode=OFF radar_adj=0 mom= conf=0
[1;36m22:24:46[0m [1;33mx5[0m [1;36m#725[0m SKIP tension=[1;36m0.00000000[0m [0m| momentum_too_small [1;31mconf=0.3479[0m
mode=OFF radar_adj=0 mom= conf=0
[1;36m22:24:56[0m [1;33mx5[0m [1;36m#726[0m SKIP tension=[1;36m0.00000000[0m [0m| momentum_too_small [1;31mconf=0.3479[0m
mode=OFF radar_adj=0 mom= conf=0
[1;36m22:25:05[0m [1;33mx5[0m [1;36m#727[0m SKIP tension=[1;36m0.00000000[0m [0m| momentum_too_small [1;31mconf=0.3479[0m
mode=OFF radar_adj=0 mom= conf=0
[1;36m22:25:14[0m [1;33mx5[0m [1;36m#728[0m SKIP tension=[1;36m0.00012878[0m [0m| momentum_too_small [1;31mconf=0.0002[0m
mode=OFF radar_adj=0 mom= conf=0
[1;36m22:25:23[0m [1;33mx5[0m [1;36m#729[0m SKIP tension=[1;36m0.00000000[0m [0m| momentum_too_small [1;31mconf=0.3479[0m
mode=OFF radar_adj=0 mom= conf=0
[1;36m22:25:33[0m [1;33mx5[0m [1;36m#730[0m SKIP tension=[1;33m0.93924846[0m [0m| wall_not_collapsed
mode=OFF radar_adj=0 mom= conf=0
[1;36m22:25:43[0m [1;33mx5[0m [1;36m#731[0m SKIP tension=[1;36m0.00002307[0m [0m| momentum_too_small [1;31mconf=0.0[0m
mode=OFF radar_adj=0 mom= conf=0
[1;36mentry=22:25:58@62816.00000000[0m [1;33mx5[0m [1;36m#732[0m [1;33mSELL[0m tension=[1;31m8.05963199[0m hold=[1;36m8[0ms sec=[1;36m8[0m [0m| exit=62816.00000000 [1;32mconf=0.994[0m [1;36mexit_time=22:26:06[0m [1;33mpnl=-0.00000000 bps=-0.00000000 pct=-0.00000000% total=-6.189070000000001[0m
mode=OFF radar_adj=0 mom= conf=0
[1;36m22:26:17[0m [1;33mx5[0m [1;36m#733[0m SKIP tension=[1;36m0.00180171[0m [0m| momentum_too_small [1;31mconf=0.0028[0m
mode=OFF radar_adj=0 mom= conf=0
[1;36m22:26:26[0m [1;33mx5[0m [1;36m#734[0m SKIP tension=[1;36m0.16400593[0m [0m| direction_unclear [1;31mconf=0.2723[0m
mode=OFF radar_adj=0 mom= conf=0
[1;36m22:26:36[0m [1;33mx5[0m [1;36m#735[0m SKIP tension=[1;36m0.00000000[0m [0m| momentum_too_small [1;31mconf=0.3497[0m
mode=OFF radar_adj=0 mom= conf=0
[1;36m22:26:45[0m [1;33mx5[0m [1;36m#736[0m SKIP tension=[1;36m0.34623142[0m [0m| wall_not_collapsed
mode=OFF radar_adj=0 mom= conf=0
[1;36m22:26:55[0m [1;33mx5[0m [1;36m#737[0m SKIP tension=[1;36m0.00000000[0m [0m| momentum_too_small [1;31mconf=0.31[0m
mode=OFF radar_adj=0 mom= conf=0
[1;36m22:27:05[0m [1;33mx5[0m [1;36m#738[0m SKIP tension=[1;36m0.00140029[0m [0m| momentum_too_small [1;31mconf=0.0021[0m
mode=OFF radar_adj=0 mom= conf=0
[1;36m22:27:14[0m [1;33mx5[0m [1;36m#739[0m SKIP tension=[1;36m0.00000000[0m [0m| momentum_too_small [1;31mconf=0.3312[0m
mode=OFF radar_adj=0 mom= conf=0
[1;36m22:27:24[0m [1;33mx5[0m [1;36m#740[0m SKIP tension=[1;36m0.00000000[0m [0m| momentum_too_small [1;31mconf=0.3497[0m
mode=OFF radar_adj=0 mom= conf=0
[1;36m22:27:33[0m [1;33mx5[0m [1;36m#741[0m SKIP tension=[1;36m0.31876173[0m [0m| wall_not_collapsed
mode=OFF radar_adj=0 mom= conf=0
shockwave beta->alpha until_cycle=752
[1;33mSWARM shockwave[0m [0m| beta -> neighbor (fluid_exit_inversion)[0m
[1;36mCycle 742[0m [1;32mSOFT anomaly[0m [1;33m| pnl_abs=0.09204000 > 0.02500000[0m
[1;36mentry=22:27:47@62805.10000000[0m [1;33mx5[0m [1;36m#742[0m [1;31mSELL[0m tension=[1;31m4.25966744[0m hold=[1;36m10[0ms sec=[1;36m10[0m [0m| exit=62816.90000000 [1;32mconf=0.8836[0m [1;36mexit_time=22:27:57[0m [1;31mpnl=-0.09204000 bps=-1.87882831 pct=-0.01878828% total=-6.281110000000001[0m
mode=OFF radar_adj=0 mom= conf=0
[1;36m22:28:08[0m [1;33mx5[0m [1;36m#743[0m SKIP tension=[1;36m0.00000741[0m [0m| momentum_too_small [1;31mconf=0.0[0m
mode=OFF radar_adj=0 mom= conf=0
[1;36m22:28:17[0m [1;33mx5[0m [1;36m#744[0m SKIP tension=[1;36m0.00000618[0m [0m| momentum_too_small [1;31mconf=0.0[0m
mode=OFF radar_adj=0 mom= conf=0
[1;36m22:28:27[0m [1;33mx5[0m [1;36m#745[0m SKIP tension=[1;36m0.00000000[0m [0m| momentum_too_small [1;31mconf=0.3086[0m
mode=OFF radar_adj=0 mom= conf=0
[1;36m22:28:37[0m [1;33mx5[0m [1;36m#746[0m SKIP tension=[1;36m0.00000000[0m [0m| momentum_too_small [1;31mconf=0.3086[0m
mode=OFF radar_adj=0 mom= conf=0
[1;36m22:28:47[0m [1;33mx5[0m [1;36m#747[0m SKIP tension=[1;36m0.00003333[0m [0m| momentum_too_small [1;31mconf=0.0[0m
mode=OFF radar_adj=0 mom= conf=0
[1;36m22:28:57[0m [1;33mx5[0m [1;36m#748[0m SKIP tension=[1;36m0.00016752[0m [0m| momentum_too_small [1;31mconf=0.0003[0m
mode=OFF radar_adj=0 mom= conf=0
[1;36m22:29:07[0m [1;33mx5[0m [1;36m#749[0m SKIP tension=[1;36m0.00000000[0m [0m| momentum_too_small [1;31mconf=0.3166[0m
mode=OFF radar_adj=0 mom= conf=0
[1;36m22:29:15[0m [1;33mx5[0m [1;36m#750[0m SKIP tension=[1;36m0.00000000[0m [0m| momentum_too_small [1;31mconf=0.2971[0m
mode=OFF radar_adj=0 mom= conf=0
[1;36m22:29:25[0m [1;33mx5[0m [1;36m#751[0m SKIP tension=[1;36m0.29782895[0m [0m| wall_not_collapsed
mode=OFF radar_adj=0 mom= conf=0
[1;36m22:29:34[0m [1;33mx5[0m [1;36m#752[0m SKIP tension=[1;36m0.00000000[0m [0m| momentum_too_small [1;31mconf=0.3378[0m
mode=OFF radar_adj=0 mom= conf=0
[1;36m22:29:43[0m [1;33mx5[0m [1;36m#753[0m SKIP tension=[1;33m0.85126054[0m [0m| wall_not_collapsed
mode=OFF radar_adj=0 mom= conf=0
[1;36m22:29:53[0m [1;33mx5[0m [1;36m#754[0m SKIP tension=[1;36m0.00002290[0m [0m| momentum_too_small [1;31mconf=0.0[0m
mode=OFF radar_adj=0 mom= conf=0
[1;36m22:30:03[0m [1;33mx5[0m [1;36m#755[0m SKIP tension=[1;36m0.00000000[0m [0m| momentum_too_small [1;31mconf=0.3378[0m
mode=OFF radar_adj=0 mom= conf=0
[1;36m22:30:12[0m [1;33mx5[0m [1;36m#756[0m SKIP tension=[1;36m0.00000154[0m [0m| momentum_too_small [1;31mconf=0.0[0m
mode=OFF radar_adj=0 mom= conf=0
[1;36m22:30:21[0m [1;33mx5[0m [1;36m#757[0m SKIP tension=[1;36m0.00000000[0m [0m| momentum_too_small [1;31mconf=0.2957[0m
mode=OFF radar_adj=0 mom= conf=0
[1;36m22:30:31[0m [1;33mx5[0m [1;36m#758[0m SKIP tension=[1;36m0.00000000[0m [0m| momentum_too_small [1;31mconf=0.2957[0m
mode=OFF radar_adj=0 mom= conf=0
[1;36m22:30:40[0m [1;33mx5[0m [1;36m#759[0m SKIP tension=[1;36m0.00000000[0m [0m| momentum_too_small [1;31mconf=0.2957[0m
mode=OFF radar_adj=0 mom= conf=0
[1;36m22:30:49[0m [1;33mx5[0m [1;36m#760[0m SKIP tension=[1;36m0.00000166[0m [0m| momentum_too_small [1;31mconf=0.0[0m
mode=OFF radar_adj=0 mom= conf=0
[1;36m22:30:59[0m [1;33mx5[0m [1;36m#761[0m SKIP tension=[1;36m0.00001183[0m [0m| momentum_too_small [1;31mconf=0.0[0m
mode=OFF radar_adj=0 mom= conf=0
[1;36m22:31:08[0m [1;33mx5[0m [1;36m#762[0m SKIP tension=[1;36m0.00000428[0m [0m| momentum_too_small [1;31mconf=0.0[0m
mode=OFF radar_adj=0 mom= conf=0
[1;36m22:31:17[0m [1;33mx5[0m [1;36m#763[0m SKIP tension=[1;36m0.00000000[0m [0m| momentum_too_small [1;31mconf=0.2957[0m
mode=OFF radar_adj=0 mom= conf=0
[1;36m22:31:27[0m [1;33mx5[0m [1;36m#764[0m SKIP tension=[1;36m0.35143819[0m [0m| wall_not_collapsed
mode=OFF radar_adj=0 mom= conf=0
[1;36m22:31:37[0m [1;33mx5[0m [1;36m#765[0m SKIP tension=[1;36m0.00000000[0m [0m| momentum_too_small [1;31mconf=0.3315[0m
mode=OFF radar_adj=0 mom= conf=0
[1;36m22:31:46[0m [1;33mx5[0m [1;36m#766[0m SKIP tension=[1;36m0.18713000[0m [0m| direction_unclear [1;31mconf=0.2954[0m
mode=OFF radar_adj=0 mom= conf=0
[1;36m22:31:56[0m [1;33mx5[0m [1;36m#767[0m SKIP tension=[1;36m0.00227614[0m [0m| momentum_too_small [1;31mconf=0.0032[0m
mode=OFF radar_adj=0 mom= conf=0
[1;36m22:32:05[0m [1;33mx5[0m [1;36m#768[0m SKIP tension=[1;36m0.67012480[0m [0m| wall_not_collapsed
mode=OFF radar_adj=0 mom= conf=0
[1;36mentry=22:32:19@62820.70000000[0m [1;33mx5[0m [1;36m#769[0m [1;33mSELL[0m tension=[1;31m6.96408408[0m hold=[1;36m7[0ms sec=[1;36m7[0m [0m| exit=62820.70000000 [1;32mconf=0.9652[0m [1;36mexit_time=22:32:27[0m [1;33mpnl=-0.00000000 bps=-0.00000000 pct=-0.00000000% total=-6.281110000000001[0m
mode=OFF radar_adj=0 mom= conf=0
[1;36m22:32:40[0m [1;33mx5[0m [1;36m#770[0m SKIP tension=[1;36m0.19929270[0m [0m| direction_unclear [1;31mconf=0.2806[0m
mode=OFF radar_adj=0 mom= conf=0
[1;36m22:32:49[0m [1;33mx5[0m [1;36m#771[0m SKIP tension=[1;36m0.00000000[0m [0m| momentum_too_small [1;31mconf=0.2957[0m
mode=OFF radar_adj=0 mom= conf=0
[1;36m22:32:58[0m [1;33mx5[0m [1;36m#772[0m SKIP tension=[1;36m0.00000000[0m [0m| momentum_too_small [1;31mconf=0.2957[0m
mode=OFF radar_adj=0 mom= conf=0
[1;36m22:33:08[0m [1;33mx5[0m [1;36m#773[0m SKIP tension=[1;36m0.00000000[0m [0m| momentum_too_small [1;31mconf=0.2957[0m
mode=OFF radar_adj=0 mom= conf=0
[1;36m22:33:16[0m [1;33mx5[0m [1;36m#774[0m SKIP tension=[1;36m0.00000000[0m [0m| momentum_too_small [1;31mconf=0.349[0m
mode=OFF radar_adj=0 mom= conf=0
[1;36m22:33:25[0m [1;33mx5[0m [1;36m#775[0m SKIP tension=[1;33m0.85870978[0m [0m| wall_not_collapsed
mode=OFF radar_adj=0 mom= conf=0
[1;36m22:33:34[0m [1;33mx5[0m [1;36m#776[0m SKIP tension=[1;36m0.00000000[0m [0m| momentum_too_small [1;31mconf=0.3277[0m
mode=OFF radar_adj=0 mom= conf=0
[1;36m22:33:44[0m [1;33mx5[0m [1;36m#777[0m SKIP tension=[1;36m0.46212015[0m [0m| wall_not_collapsed
mode=OFF radar_adj=0 mom= conf=0
[1;36mCycle 778[0m [1;32mSOFT anomaly[0m [1;33m| pnl_abs=0.12402000 > 0.02500000[0m
[1;36mentry=22:33:59@62821.00000000[0m [1;33mx5[0m [1;36m#778[0m [1;32mSELL[0m tension=[1;31m6.91453613[0m hold=[1;36m7[0ms sec=[1;36m7[0m [0m| exit=62805.10000000 [1;32mconf=0.9702[0m [1;36mexit_time=22:34:06[0m [1;32mpnl=0.12402000 bps=2.53100078 pct=0.02531001% total=-6.157090000000001[0m
mode=OFF radar_adj=0 mom= conf=0
[1;36m22:34:18[0m [1;33mx5[0m [1;36m#779[0m SKIP tension=[1;36m0.00000000[0m [0m| momentum_too_small [1;31mconf=0.3176[0m
mode=OFF radar_adj=0 mom= conf=0
[1;36m22:34:27[0m [1;33mx5[0m [1;36m#780[0m SKIP tension=[1;36m0.21281769[0m [0m| low_confidence [1;31mconf=0.2986[0m
mode=OFF radar_adj=0 mom= conf=0
[1;36m22:34:35[0m [1;33mx5[0m [1;36m#781[0m SKIP tension=[1;36m0.46854567[0m [0m| wall_not_collapsed
mode=OFF radar_adj=0 mom= conf=0
[1;36m22:34:45[0m [1;33mx5[0m [1;36m#782[0m SKIP tension=[1;36m0.24002566[0m [0m| wall_not_collapsed
mode=OFF radar_adj=0 mom= conf=0
[1;36mentry=22:35:01@62821.00000000[0m [1;33mx5[0m [1;36m#783[0m [1;33mSELL[0m tension=[1;31m4.43138385[0m hold=[1;36m8[0ms sec=[1;36m8[0m [0m| exit=62821.00000000 [1;32mconf=0.8717[0m [1;36mexit_time=22:35:09[0m [1;33mpnl=-0.00000000 bps=-0.00000000 pct=-0.00000000% total=-6.157090000000001[0m
mode=OFF radar_adj=0 mom= conf=0
[1;36m22:35:21[0m [1;33mx5[0m [1;36m#784[0m SKIP tension=[1;36m0.00000690[0m [0m| momentum_too_small [1;31mconf=0.0[0m
mode=OFF radar_adj=0 mom= conf=0
[1;36m22:35:30[0m [1;33mx5[0m [1;36m#785[0m SKIP tension=[1;36m0.00000000[0m [0m| momentum_too_small [1;31mconf=0.3402[0m
mode=OFF radar_adj=0 mom= conf=0
[1;36m22:35:39[0m [1;33mx5[0m [1;36m#786[0m SKIP tension=[1;36m0.00005046[0m [0m| momentum_too_small [1;31mconf=0.0001[0m
mode=OFF radar_adj=0 mom= conf=0
[1;36m22:35:49[0m [1;33mx5[0m [1;36m#787[0m SKIP tension=[1;36m0.00000512[0m [0m| momentum_too_small [1;31mconf=0.0[0m
mode=OFF radar_adj=0 mom= conf=0
[1;36m22:35:59[0m [1;33mx5[0m [1;36m#788[0m SKIP tension=[1;36m0.00000000[0m [0m| momentum_too_small [1;31mconf=0.2946[0m
mode=OFF radar_adj=0 mom= conf=0
[1;36m22:36:08[0m [1;33mx5[0m [1;36m#789[0m SKIP tension=[1;36m0.00000000[0m [0m| momentum_too_small [1;31mconf=0.3152[0m
mode=OFF radar_adj=0 mom= conf=0
[1;36m22:36:17[0m [1;33mx5[0m [1;36m#790[0m SKIP tension=[1;36m0.61016216[0m [0m| wall_not_collapsed
mode=OFF radar_adj=0 mom= conf=0
[1;36m22:36:26[0m [1;33mx5[0m [1;36m#791[0m SKIP tension=[1;36m0.00000000[0m [0m| momentum_too_small [1;31mconf=0.2978[0m
mode=OFF radar_adj=0 mom= conf=0
[1;36m22:36:36[0m [1;33mx5[0m [1;36m#792[0m SKIP tension=[1;36m0.50739507[0m [0m| wall_not_collapsed
mode=OFF radar_adj=0 mom= conf=0
[1;36m22:36:45[0m [1;33mx5[0m [1;36m#793[0m SKIP tension=[1;36m0.00000000[0m [0m| momentum_too_small [1;31mconf=0.3235[0m
mode=OFF radar_adj=0 mom= conf=0
[1;36m22:36:55[0m [1;33mx5[0m [1;36m#794[0m SKIP tension=[1;36m0.00000000[0m [0m| momentum_too_small [1;31mconf=0.2978[0m
mode=OFF radar_adj=0 mom= conf=0
[1;36m22:37:05[0m [1;33mx5[0m [1;36m#795[0m SKIP tension=[1;36m0.00033187[0m [0m| momentum_too_small [1;31mconf=0.0005[0m
mode=OFF radar_adj=0 mom= conf=0
shockwave beta->alpha until_cycle=806
[1;33mSWARM shockwave[0m [0m| beta -> neighbor (fluid_exit_inversion)[0m
[1;36mentry=22:37:19@62813.70000000[0m [1;33mx5[0m [1;36m#796[0m [1;31mSELL[0m tension=[1;32m1.12247974[0m hold=[1;36m8[0ms sec=[1;36m8[0m [0m| exit=62815.00000000 [1;32mconf=0.9274[0m [1;36mexit_time=22:37:27[0m [1;31mpnl=-0.01014000 bps=-0.20696122 pct=-0.00206961% total=-6.167230000000001[0m
mode=OFF radar_adj=0 mom= conf=0
[1;36m22:37:39[0m [1;33mx5[0m [1;36m#797[0m SKIP tension=[1;36m0.00000000[0m [0m| momentum_too_small [1;31mconf=0.2978[0m
mode=OFF radar_adj=0 mom= conf=0
[1;36m22:37:48[0m [1;33mx5[0m [1;36m#798[0m SKIP tension=[1;36m0.00000000[0m [0m| momentum_too_small [1;31mconf=0.2978[0m
mode=OFF radar_adj=0 mom= conf=0
[1;36m22:37:59[0m [1;33mx5[0m [1;36m#799[0m SKIP tension=[1;36m0.00157806[0m [0m| momentum_too_small [1;31mconf=0.0024[0m
mode=OFF radar_adj=0 mom= conf=0
shockwave beta->alpha until_cycle=810
[1;33mSWARM shockwave[0m [0m| beta -> neighbor (shock_inversion_stop)[0m
[1;36mentry=22:38:12@62821.00000000[0m [1;33mx5[0m [1;36m#800[0m [1;31mSELL[0m tension=[1;32m1.16111515[0m hold=[1;36m8[0ms sec=[1;36m8[0m [0m| exit=62821.60000000 [1;32mconf=0.8508[0m [1;36mexit_time=22:38:20[0m [1;31mpnl=-0.00468000 bps=-0.09550946 pct=-0.00095509% total=-6.171910000000001[0m
mode=OFF radar_adj=0 mom= conf=0
[1;36m22:38:31[0m [1;33mx5[0m [1;36m#801[0m SKIP tension=[1;36m0.00000000[0m [0m| momentum_too_small [1;31mconf=0.2776[0m
mode=OFF radar_adj=0 mom= conf=0
[1;36m22:38:41[0m [1;33mx5[0m [1;36m#802[0m SKIP tension=[1;36m0.00000000[0m [0m| momentum_too_small [1;31mconf=0.3403[0m
mode=OFF radar_adj=0 mom= conf=0
[1;36m22:38:51[0m [1;33mx5[0m [1;36m#803[0m SKIP tension=[1;36m0.00002350[0m [0m| momentum_too_small [1;31mconf=0.0[0m
mode=OFF radar_adj=0 mom= conf=0
[1;36m22:39:00[0m [1;33mx5[0m [1;36m#804[0m SKIP tension=[1;36m0.30167245[0m [0m| wall_not_collapsed
mode=OFF radar_adj=0 mom= conf=0
[1;36m22:39:10[0m [1;33mx5[0m [1;36m#805[0m SKIP tension=[1;33m0.85245050[0m [0m| wall_not_collapsed
mode=OFF radar_adj=0 mom= conf=0
[1;36m22:39:19[0m [1;33mx5[0m [1;36m#806[0m SKIP tension=[1;36m0.00000000[0m [0m| momentum_too_small [1;31mconf=0.2842[0m
mode=OFF radar_adj=0 mom= conf=0
[1;36m22:39:28[0m [1;33mx5[0m [1;36m#807[0m SKIP tension=[1;36m0.00000000[0m [0m| momentum_too_small [1;31mconf=0.3406[0m
mode=OFF radar_adj=0 mom= conf=0
[1;36m22:39:37[0m [1;33mx5[0m [1;36m#808[0m SKIP tension=[1;36m0.00000000[0m [0m| momentum_too_small [1;31mconf=0.2842[0m
mode=OFF radar_adj=0 mom= conf=0
[1;36m22:39:46[0m [1;33mx5[0m [1;36m#809[0m SKIP tension=[1;36m0.00000000[0m [0m| momentum_too_small [1;31mconf=0.3169[0m
mode=OFF radar_adj=0 mom= conf=0
[1;36m22:39:56[0m [1;33mx5[0m [1;36m#810[0m SKIP tension=[1;36m0.00000692[0m [0m| momentum_too_small [1;31mconf=0.0[0m
mode=OFF radar_adj=0 mom= conf=0
[1;36m22:40:05[0m [1;33mx5[0m [1;36m#811[0m SKIP tension=[1;36m0.00000000[0m [0m| momentum_too_small [1;31mconf=0.3319[0m
mode=OFF radar_adj=0 mom= conf=0
[1;36m22:40:14[0m [1;33mx5[0m [1;36m#812[0m SKIP tension=[1;36m0.29598323[0m [0m| wall_not_collapsed
mode=OFF radar_adj=0 mom= conf=0
[1;36m22:40:23[0m [1;33mx5[0m [1;36m#813[0m SKIP tension=[1;36m0.00000791[0m [0m| momentum_too_small [1;31mconf=0.0[0m
mode=OFF radar_adj=0 mom= conf=0
[1;36m22:40:33[0m [1;33mx5[0m [1;36m#814[0m SKIP tension=[1;36m0.00000000[0m [0m| momentum_too_small [1;31mconf=0.2838[0m
mode=OFF radar_adj=0 mom= conf=0
[1;36m22:40:42[0m [1;33mx5[0m [1;36m#815[0m SKIP tension=[1;36m0.00002802[0m [0m| momentum_too_small [1;31mconf=0.0[0m
mode=OFF radar_adj=0 mom= conf=0
[1;36m22:40:51[0m [1;33mx5[0m [1;36m#816[0m SKIP tension=[1;36m0.42988459[0m [0m| wall_not_collapsed
mode=OFF radar_adj=0 mom= conf=0
[1;36m22:41:01[0m [1;33mx5[0m [1;36m#817[0m SKIP tension=[1;36m0.00000000[0m [0m| momentum_too_small [1;31mconf=0.3444[0m
mode=OFF radar_adj=0 mom= conf=0
[1;36m22:41:10[0m [1;33mx5[0m [1;36m#818[0m SKIP tension=[1;36m0.00000000[0m [0m| momentum_too_small [1;31mconf=0.2744[0m
mode=OFF radar_adj=0 mom= conf=0
[1;36m22:41:20[0m [1;33mx5[0m [1;36m#819[0m SKIP tension=[1;36m0.00000000[0m [0m| momentum_too_small [1;31mconf=0.2804[0m
mode=OFF radar_adj=0 mom= conf=0
[1;36m22:41:29[0m [1;33mx5[0m [1;36m#820[0m SKIP tension=[1;36m0.00000000[0m [0m| momentum_too_small [1;31mconf=0.2932[0m
mode=OFF radar_adj=0 mom= conf=0
[1;36m22:41:39[0m [1;33mx5[0m [1;36m#821[0m SKIP tension=[1;36m0.00000759[0m [0m| momentum_too_small [1;31mconf=0.0[0m
mode=OFF radar_adj=0 mom= conf=0
[1;36m22:41:48[0m [1;33mx5[0m [1;36m#822[0m SKIP tension=[1;36m0.00000000[0m [0m| momentum_too_small [1;31mconf=0.2744[0m
mode=OFF radar_adj=0 mom= conf=0
[1;36m22:41:58[0m [1;33mx5[0m [1;36m#823[0m SKIP tension=[1;36m0.43021751[0m [0m| wall_not_collapsed
mode=OFF radar_adj=0 mom= conf=0
[1;36m22:42:06[0m [1;33mx5[0m [1;36m#824[0m SKIP tension=[1;36m0.00000000[0m [0m| momentum_too_small [1;31mconf=0.3441[0m
mode=OFF radar_adj=0 mom= conf=0
[1;36m22:42:16[0m [1;33mx5[0m [1;36m#825[0m SKIP tension=[1;36m0.43694283[0m [0m| wall_not_collapsed
mode=OFF radar_adj=0 mom= conf=0
[1;36m22:42:25[0m [1;33mx5[0m [1;36m#826[0m SKIP tension=[1;36m0.00000000[0m [0m| momentum_too_small [1;31mconf=0.3497[0m
mode=OFF radar_adj=0 mom= conf=0
[1;36m22:42:34[0m [1;33mx5[0m [1;36m#827[0m SKIP tension=[1;36m0.00000000[0m [0m| momentum_too_small [1;31mconf=0.28[0m
mode=OFF radar_adj=0 mom= conf=0
[1;36m22:42:43[0m [1;33mx5[0m [1;36m#828[0m SKIP tension=[1;36m0.01282510[0m [0m| direction_unclear [1;31mconf=0.0212[0m
mode=OFF radar_adj=0 mom= conf=0
[1;36mentry=22:42:58@62826.80000000[0m [1;33mx5[0m [1;36m#829[0m [1;32mSELL[0m tension=[1;32m1.12954465[0m hold=[1;36m8[0ms sec=[1;36m8[0m [0m| exit=62826.70000000 [1;32mconf=0.993[0m [1;36mexit_time=22:43:07[0m [1;32mpnl=0.00158000 bps=0.01591677 pct=0.00015917% total=-6.170330000000002[0m
mode=OFF radar_adj=0 mom= conf=0
[1;36m22:43:18[0m [1;33mx5[0m [1;36m#830[0m SKIP tension=[1;36m0.00000000[0m [0m| momentum_too_small [1;31mconf=0.3497[0m
mode=OFF radar_adj=0 mom= conf=0
[1;36m22:43:28[0m [1;33mx5[0m [1;36m#831[0m SKIP tension=[1;36m0.00000000[0m [0m| momentum_too_small [1;31mconf=0.3479[0m
mode=OFF radar_adj=0 mom= conf=0
[1;36m22:43:37[0m [1;33mx5[0m [1;36m#832[0m SKIP tension=[1;36m0.00000804[0m [0m| momentum_too_small [1;31mconf=0.0[0m
mode=OFF radar_adj=0 mom= conf=0
[1;36m22:43:46[0m [1;33mx5[0m [1;36m#833[0m SKIP tension=[1;36m0.00000000[0m [0m| momentum_too_small [1;31mconf=0.3232[0m
mode=OFF radar_adj=0 mom= conf=0
shockwave beta->alpha until_cycle=844
[1;33mSWARM shockwave[0m [0m| beta -> neighbor (shock_inversion_stop)[0m
[1;36mCycle 834[0m [1;32mSOFT anomaly[0m [1;33m| pnl_abs=0.13904000 > 0.02500000[0m
[1;36mentry=22:44:01@62817.90000000[0m [1;33mx5[0m [1;36m#834[0m [1;31mSELL[0m tension=[1;32m1.13079840[0m hold=[1;36m7[0ms sec=[1;36m7[0m [0m| exit=62826.70000000 [1;32mconf=0.9234[0m [1;36mexit_time=22:44:08[0m [1;31mpnl=-0.13904000 bps=-1.40087459 pct=-0.01400875% total=-6.309370000000001[0m
mode=OFF radar_adj=0 mom= conf=0
[1;36m22:44:21[0m [1;33mx5[0m [1;36m#835[0m SKIP tension=[1;36m0.00000000[0m [0m| momentum_too_small [1;31mconf=0.319[0m
mode=OFF radar_adj=0 mom= conf=0
[1;36m22:44:30[0m [1;33mx5[0m [1;36m#836[0m SKIP tension=[1;36m0.30268550[0m [0m| wall_not_collapsed
mode=OFF radar_adj=0 mom= conf=0
[1;36m22:44:39[0m [1;33mx5[0m [1;36m#837[0m SKIP tension=[1;36m0.43772502[0m [0m| wall_not_collapsed
mode=OFF radar_adj=0 mom= conf=0
[1;36m22:44:48[0m [1;33mx5[0m [1;36m#838[0m SKIP tension=[1;36m0.43143594[0m [0m| wall_not_collapsed
mode=OFF radar_adj=0 mom= conf=0
[1;36m22:44:58[0m [1;33mx5[0m [1;36m#839[0m SKIP tension=[1;36m0.00000000[0m [0m| momentum_too_small [1;31mconf=0.319[0m
mode=OFF radar_adj=0 mom= conf=0
[1;36m22:45:08[0m [1;33mx5[0m [1;36m#840[0m SKIP tension=[1;36m0.00023918[0m [0m| momentum_too_small [1;31mconf=0.0004[0m
mode=OFF radar_adj=0 mom= conf=0
[1;36m22:45:16[0m [1;33mx5[0m [1;36m#841[0m SKIP tension=[1;36m0.00000038[0m [0m| momentum_too_small [1;31mconf=0.0[0m
mode=OFF radar_adj=0 mom= conf=0
[1;36m22:45:26[0m [1;33mx5[0m [1;36m#842[0m SKIP tension=[1;36m0.00000772[0m [0m| momentum_too_small [1;31mconf=0.0[0m
mode=OFF radar_adj=0 mom= conf=0
[1;36m22:45:35[0m [1;33mx5[0m [1;36m#843[0m SKIP tension=[1;36m0.00000000[0m [0m| momentum_too_small [1;31mconf=0.319[0m
mode=OFF radar_adj=0 mom= conf=0
[1;36m22:45:45[0m [1;33mx5[0m [1;36m#844[0m SKIP tension=[1;36m0.01202450[0m [0m| direction_unclear [1;31mconf=0.0175[0m
mode=OFF radar_adj=0 mom= conf=0
[1;36m22:45:54[0m [1;33mx5[0m [1;36m#845[0m SKIP tension=[1;36m0.43850899[0m [0m| wall_not_collapsed
mode=OFF radar_adj=0 mom= conf=0
[1;36m22:46:04[0m [1;33mx5[0m [1;36m#846[0m SKIP tension=[1;36m0.29702168[0m [0m| wall_not_collapsed
mode=OFF radar_adj=0 mom= conf=0
[1;36m22:46:13[0m [1;33mx5[0m [1;36m#847[0m SKIP tension=[1;36m0.00000349[0m [0m| momentum_too_small [1;31mconf=0.0[0m
mode=OFF radar_adj=0 mom= conf=0
[1;36m22:46:22[0m [1;33mx5[0m [1;36m#848[0m SKIP tension=[1;36m0.30306978[0m [0m| wall_not_collapsed
mode=OFF radar_adj=0 mom= conf=0
[1;36m22:46:31[0m [1;33mx5[0m [1;36m#849[0m SKIP tension=[1;36m0.00000000[0m [0m| momentum_too_small [1;31mconf=0.312[0m
mode=OFF radar_adj=0 mom= conf=0
[1;36m22:46:41[0m [1;33mx5[0m [1;36m#850[0m SKIP tension=[1;36m0.00002305[0m [0m| momentum_too_small [1;31mconf=0.0[0m
mode=OFF radar_adj=0 mom= conf=0
[1;36m22:46:50[0m [1;33mx5[0m [1;36m#851[0m SKIP tension=[1;36m0.41840104[0m [0m| wall_not_collapsed
mode=OFF radar_adj=0 mom= conf=0
[1;36m22:47:00[0m [1;33mx5[0m [1;36m#852[0m SKIP tension=[1;36m0.00003422[0m [0m| momentum_too_small [1;31mconf=0.0001[0m
mode=OFF radar_adj=0 mom= conf=0
[1;36m22:47:10[0m [1;33mx5[0m [1;36m#853[0m SKIP tension=[1;36m0.56577671[0m [0m| wall_not_collapsed
mode=OFF radar_adj=0 mom= conf=0
[1;36mCycle 854[0m [1;32mSOFT anomaly[0m [1;33m| pnl_abs=0.05080000 > 0.02500000[0m
[1;36mentry=22:47:24@62811.00000000[0m [1;33mx5[0m [1;36m#854[0m [1;32mSELL[0m tension=[1;31m2.97790623[0m hold=[1;36m8[0ms sec=[1;36m8[0m [0m| exit=62807.00000000 [1;32mconf=0.999[0m [1;36mexit_time=22:47:32[0m [1;32mpnl=0.05080000 bps=0.63683113 pct=0.00636831% total=-6.2585700000000015[0m
mode=OFF radar_adj=0 mom= conf=0
[1;36m22:47:44[0m [1;33mx5[0m [1;36m#855[0m SKIP tension=[1;36m0.00000000[0m [0m| momentum_too_small [1;31mconf=0.3312[0m
mode=OFF radar_adj=0 mom= conf=0
[1;36m22:47:54[0m [1;33mx5[0m [1;36m#856[0m SKIP tension=[1;31m2.96972464[0m [0m| tactic long vs short
mode=OFF radar_adj=0 mom= conf=0
shockwave beta->alpha until_cycle=867
[1;33mSWARM shockwave[0m [0m| beta -> neighbor (shock_inversion_stop)[0m
[1;36mentry=22:48:08@62810.40000000[0m [1;33mx5[0m [1;36m#857[0m [1;31mSELL[0m tension=[1;31m7.17188647[0m hold=[1;36m8[0ms sec=[1;36m8[0m [0m| exit=62810.50000000 [1;32mconf=0.9871[0m [1;36mexit_time=22:48:16[0m [1;31mpnl=-0.00078000 bps=-0.01592093 pct=-0.00015921% total=-6.259350000000001[0m
mode=OFF radar_adj=0 mom= conf=0
shockwave beta->alpha until_cycle=868
[1;33mSWARM shockwave[0m [0m| beta -> neighbor (shock_inversion_stop)[0m
[1;36mCycle 858[0m [1;32mSOFT anomaly[0m [1;33m| pnl_abs=0.04134000 > 0.02500000[0m
[1;36mentry=22:48:33@62810.70000000[0m [1;33mx5[0m [1;36m#858[0m [1;31mSELL[0m tension=[1;31m3.16404212[0m hold=[1;36m7[0ms sec=[1;36m7[0m [0m| exit=62816.00000000 [1;32mconf=0.9473[0m [1;36mexit_time=22:48:41[0m [1;31mpnl=-0.04134000 bps=-0.84380528 pct=-0.00843805% total=-6.300690000000001[0m
mode=OFF radar_adj=0 mom= conf=0
[1;36m22:48:52[0m [1;33mx5[0m [1;36m#859[0m SKIP tension=[1;36m0.29167611[0m [0m| wall_not_collapsed
mode=OFF radar_adj=0 mom= conf=0
[1;36m22:49:02[0m [1;33mx5[0m [1;36m#860[0m SKIP tension=[1;36m0.00000000[0m [0m| momentum_too_small [1;31mconf=0.3117[0m
mode=OFF radar_adj=0 mom= conf=0
[1;36m22:49:11[0m [1;33mx5[0m [1;36m#861[0m SKIP tension=[1;36m0.00000000[0m [0m| momentum_too_small [1;31mconf=0.2741[0m
mode=OFF radar_adj=0 mom= conf=0
[1;36m22:49:21[0m [1;33mx5[0m [1;36m#862[0m SKIP tension=[1;36m0.00001896[0m [0m| momentum_too_small [1;31mconf=0.0[0m
mode=OFF radar_adj=0 mom= conf=0
[1;36m22:49:29[0m [1;33mx5[0m [1;36m#863[0m SKIP tension=[1;36m0.00000000[0m [0m| momentum_too_small [1;31mconf=0.3409[0m
mode=OFF radar_adj=0 mom= conf=0
[1;36m22:49:40[0m [1;33mx5[0m [1;36m#864[0m SKIP tension=[1;36m0.00000864[0m [0m| momentum_too_small [1;31mconf=0.0[0m
mode=OFF radar_adj=0 mom= conf=0
[1;36m22:49:49[0m [1;33mx5[0m [1;36m#865[0m SKIP tension=[1;36m0.00000000[0m [0m| momentum_too_small [1;31mconf=0.3329[0m
mode=OFF radar_adj=0 mom= conf=0
[1;36m22:50:00[0m [1;33mx5[0m [1;36m#866[0m SKIP tension=[1;36m0.00000000[0m [0m| momentum_too_small [1;31mconf=0.319[0m
mode=OFF radar_adj=0 mom= conf=0
[1;36m22:50:09[0m [1;33mx5[0m [1;36m#867[0m SKIP tension=[1;36m0.00001092[0m [0m| momentum_too_small [1;31mconf=0.0[0m
mode=OFF radar_adj=0 mom= conf=0
[1;36m22:50:18[0m [1;33mx5[0m [1;36m#868[0m SKIP tension=[1;36m0.00000000[0m [0m| momentum_too_small [1;31mconf=0.3305[0m
mode=OFF radar_adj=0 mom= conf=0
[1;36m22:50:27[0m [1;33mx5[0m [1;36m#869[0m SKIP tension=[1;31m6.88408652[0m [0m| tactic short vs long
mode=OFF radar_adj=0 mom= conf=0
[1;36m22:50:38[0m [1;33mx5[0m [1;36m#870[0m SKIP tension=[1;32m1.36307372[0m [0m| tactic short vs long
mode=OFF radar_adj=0 mom= conf=0
[1;36m22:50:48[0m [1;33mx5[0m [1;36m#871[0m SKIP tension=[1;36m0.00000000[0m [0m| momentum_too_small [1;31mconf=0.3267[0m
mode=OFF radar_adj=0 mom= conf=0
[1;36m22:50:58[0m [1;33mx5[0m [1;36m#872[0m SKIP tension=[1;36m0.00000197[0m [0m| momentum_too_small [1;31mconf=0.0[0m
mode=OFF radar_adj=0 mom= conf=0
[1;36m22:51:08[0m [1;33mx5[0m [1;36m#873[0m SKIP tension=[1;36m0.00000000[0m [0m| momentum_too_small [1;31mconf=0.3253[0m
mode=OFF radar_adj=0 mom= conf=0
[1;36mCycle 874[0m [1;32mSOFT anomaly[0m [1;33m| pnl_abs=0.06396000 > 0.02500000[0m
[1;36mentry=22:51:22@62819.50000000[0m [1;33mx5[0m [1;36m#874[0m [1;32mSELL[0m tension=[1;31m4.16949440[0m hold=[1;36m11[0ms sec=[1;36m11[0m [0m| exit=62811.30000000 [1;32mconf=0.9184[0m [1;36mexit_time=22:51:33[0m [1;32mpnl=0.06396000 bps=1.30532717 pct=0.01305327% total=-6.236730000000001[0m
mode=OFF radar_adj=0 mom= conf=0
[1;36m22:51:44[0m [1;33mx5[0m [1;36m#875[0m SKIP tension=[1;36m0.00023247[0m [0m| momentum_too_small [1;31mconf=0.0003[0m
mode=OFF radar_adj=0 mom= conf=0
[1;36m22:51:54[0m [1;33mx5[0m [1;36m#876[0m SKIP tension=[1;36m0.00000000[0m [0m| momentum_too_small [1;31mconf=0.2957[0m
mode=OFF radar_adj=0 mom= conf=0
[1;36m22:52:04[0m [1;33mx5[0m [1;36m#877[0m SKIP tension=[1;36m0.00000000[0m [0m| momentum_too_small [1;31mconf=0.2957[0m
mode=OFF radar_adj=0 mom= conf=0
[1;36m22:52:13[0m [1;33mx5[0m [1;36m#878[0m SKIP tension=[1;36m0.00000000[0m [0m| momentum_too_small [1;31mconf=0.3134[0m
mode=OFF radar_adj=0 mom= conf=0
[1;36m22:52:23[0m [1;33mx5[0m [1;36m#879[0m SKIP tension=[1;36m0.00000000[0m [0m| momentum_too_small [1;31mconf=0.3166[0m
mode=OFF radar_adj=0 mom= conf=0
[1;36m22:52:32[0m [1;33mx5[0m [1;36m#880[0m SKIP tension=[1;36m0.00000000[0m [0m| momentum_too_small [1;31mconf=0.3162[0m
mode=OFF radar_adj=0 mom= conf=0
[1;36m22:52:41[0m [1;33mx5[0m [1;36m#881[0m SKIP tension=[1;36m0.00000995[0m [0m| momentum_too_small [1;31mconf=0.0[0m
mode=OFF radar_adj=0 mom= conf=0
[1;36m22:52:51[0m [1;33mx5[0m [1;36m#882[0m SKIP tension=[1;36m0.00003252[0m [0m| momentum_too_small [1;31mconf=0.0001[0m
mode=OFF radar_adj=0 mom= conf=0
[1;36m22:53:01[0m [1;33mx5[0m [1;36m#883[0m SKIP tension=[1;36m0.00000398[0m [0m| momentum_too_small [1;31mconf=0.0[0m
mode=OFF radar_adj=0 mom= conf=0
[1;36m22:53:11[0m [1;33mx5[0m [1;36m#884[0m SKIP tension=[1;36m0.00000000[0m [0m| momentum_too_small [1;31mconf=0.3138[0m
mode=OFF radar_adj=0 mom= conf=0
[1;36m22:53:20[0m [1;33mx5[0m [1;36m#885[0m SKIP tension=[1;36m0.00000000[0m [0m| momentum_too_small [1;31mconf=0.2964[0m
mode=OFF radar_adj=0 mom= conf=0
[1;36m22:53:29[0m [1;33mx5[0m [1;36m#886[0m SKIP tension=[1;36m0.00000000[0m [0m| momentum_too_small [1;31mconf=0.296[0m
mode=OFF radar_adj=0 mom= conf=0
[1;36m22:53:39[0m [1;33mx5[0m [1;36m#887[0m SKIP tension=[1;36m0.00000000[0m [0m| momentum_too_small [1;31mconf=0.3288[0m
mode=OFF radar_adj=0 mom= conf=0
[1;36m22:53:48[0m [1;33mx5[0m [1;36m#888[0m SKIP tension=[1;36m0.00049314[0m [0m| momentum_too_small [1;31mconf=0.0007[0m
mode=OFF radar_adj=0 mom= conf=0
[1;36m22:53:58[0m [1;33mx5[0m [1;36m#889[0m SKIP tension=[1;36m0.00000363[0m [0m| momentum_too_small [1;31mconf=0.0[0m
mode=OFF radar_adj=0 mom= conf=0
[1;36m22:54:07[0m [1;33mx5[0m [1;36m#890[0m SKIP tension=[1;36m0.65456132[0m [0m| wall_not_collapsed
mode=OFF radar_adj=0 mom= conf=0
[1;36m22:54:17[0m [1;33mx5[0m [1;36m#891[0m SKIP tension=[1;36m0.00174522[0m [0m| momentum_too_small [1;31mconf=0.0025[0m
mode=OFF radar_adj=0 mom= conf=0
[1;36m22:54:26[0m [1;33mx5[0m [1;36m#892[0m SKIP tension=[1;36m0.00000000[0m [0m| momentum_too_small [1;31mconf=0.2964[0m
mode=OFF radar_adj=0 mom= conf=0
[1;36mentry=22:54:41@62811.40000000[0m [1;33mx5[0m [1;36m#893[0m [1;33mSELL[0m tension=[1;32m1.44346362[0m hold=[1;36m7[0ms sec=[1;36m7[0m [0m| exit=62811.40000000 [1;32mconf=0.8458[0m [1;36mexit_time=22:54:49[0m [1;33mpnl=-0.00000000 bps=-0.00000000 pct=-0.00000000% total=-6.236730000000001[0m
mode=OFF radar_adj=0 mom= conf=0
[1;36m22:55:01[0m [1;33mx5[0m [1;36m#894[0m SKIP tension=[1;36m0.00003386[0m [0m| momentum_too_small [1;31mconf=0.0[0m
mode=OFF radar_adj=0 mom= conf=0
[1;36m22:55:11[0m [1;33mx5[0m [1;36m#895[0m SKIP tension=[1;36m0.00001861[0m [0m| momentum_too_small [1;31mconf=0.0[0m
mode=OFF radar_adj=0 mom= conf=0
[1;36m22:55:20[0m [1;33mx5[0m [1;36m#896[0m SKIP tension=[1;36m0.09737463[0m [0m| direction_unclear [1;31mconf=0.1368[0m
mode=OFF radar_adj=0 mom= conf=0
[1;36m22:55:29[0m [1;33mx5[0m [1;36m#897[0m SKIP tension=[1;36m0.00056351[0m [0m| momentum_too_small [1;31mconf=0.0008[0m
mode=OFF radar_adj=0 mom= conf=0
[1;36m22:55:38[0m [1;33mx5[0m [1;36m#898[0m SKIP tension=[1;36m0.45007202[0m [0m| wall_not_collapsed
mode=OFF radar_adj=0 mom= conf=0
[1;36m22:55:47[0m [1;33mx5[0m [1;36m#899[0m SKIP tension=[1;36m0.00000000[0m [0m| momentum_too_small [1;31mconf=0.295[0m
mode=OFF radar_adj=0 mom= conf=0
[1;36m22:55:57[0m [1;33mx5[0m [1;36m#900[0m SKIP tension=[1;36m0.44107485[0m [0m| wall_not_collapsed
mode=OFF radar_adj=0 mom= conf=0
[1;36m22:56:06[0m [1;33mx5[0m [1;36m#901[0m SKIP tension=[1;36m0.49003335[0m [0m| wall_not_collapsed
mode=OFF radar_adj=0 mom= conf=0
[1;36m22:56:16[0m [1;33mx5[0m [1;36m#902[0m SKIP tension=[1;36m0.13810675[0m [0m| direction_unclear [1;31mconf=0.1869[0m
mode=OFF radar_adj=0 mom= conf=0
[1;36m22:56:25[0m [1;33mx5[0m [1;36m#903[0m SKIP tension=[1;36m0.19318344[0m [0m| direction_unclear [1;31mconf=0.2614[0m
mode=OFF radar_adj=0 mom= conf=0
[1;36m22:56:34[0m [1;33mx5[0m [1;36m#904[0m SKIP tension=[1;36m0.48718603[0m [0m| wall_not_collapsed
mode=OFF radar_adj=0 mom= conf=0
[1;36m22:56:43[0m [1;33mx5[0m [1;36m#905[0m SKIP tension=[1;36m0.35044659[0m [0m| wall_not_collapsed
mode=OFF radar_adj=0 mom= conf=0
[1;36m22:56:53[0m [1;33mx5[0m [1;36m#906[0m SKIP tension=[1;36m0.00001570[0m [0m| momentum_too_small [1;31mconf=0.0[0m
mode=OFF radar_adj=0 mom= conf=0
[1;36m22:57:02[0m [1;33mx5[0m [1;36m#907[0m SKIP tension=[1;36m0.00001854[0m [0m| momentum_too_small [1;31mconf=0.0[0m
mode=OFF radar_adj=0 mom= conf=0
[1;36m22:57:12[0m [1;33mx5[0m [1;36m#908[0m SKIP tension=[1;36m0.00000000[0m [0m| momentum_too_small [1;31mconf=0.335[0m
mode=OFF radar_adj=0 mom= conf=0
[1;36m22:57:21[0m [1;33mx5[0m [1;36m#909[0m SKIP tension=[1;36m0.00001979[0m [0m| momentum_too_small [1;31mconf=0.0[0m
mode=OFF radar_adj=0 mom= conf=0
[1;36m22:57:31[0m [1;33mx5[0m [1;36m#910[0m SKIP tension=[1;36m0.00000000[0m [0m| momentum_too_small [1;31mconf=0.2825[0m
mode=OFF radar_adj=0 mom= conf=0
[1;36m22:57:40[0m [1;33mx5[0m [1;36m#911[0m SKIP tension=[1;36m0.00000000[0m [0m| momentum_too_small [1;31mconf=0.2821[0m
mode=OFF radar_adj=0 mom= conf=0
[1;36m22:57:49[0m [1;33mx5[0m [1;36m#912[0m SKIP tension=[1;36m0.00174693[0m [0m| momentum_too_small [1;31mconf=0.0023[0m
mode=OFF radar_adj=0 mom= conf=0
[1;36m22:57:59[0m [1;33mx5[0m [1;36m#913[0m SKIP tension=[1;36m0.00000000[0m [0m| momentum_too_small [1;31mconf=0.2821[0m
mode=OFF radar_adj=0 mom= conf=0
[1;36m22:58:08[0m [1;33mx5[0m [1;36m#914[0m SKIP tension=[1;36m0.32171416[0m [0m| wall_not_collapsed
mode=OFF radar_adj=0 mom= conf=0
[1;36m22:58:17[0m [1;33mx5[0m [1;36m#915[0m SKIP tension=[1;36m0.00046663[0m [0m| momentum_too_small [1;31mconf=0.0006[0m
mode=OFF radar_adj=0 mom= conf=0
[1;36m22:58:26[0m [1;33mx5[0m [1;36m#916[0m SKIP tension=[1;36m0.00000000[0m [0m| momentum_too_small [1;31mconf=0.2821[0m
mode=OFF radar_adj=0 mom= conf=0
[1;36m22:58:36[0m [1;33mx5[0m [1;36m#917[0m SKIP tension=[1;36m0.00000000[0m [0m| momentum_too_small [1;31mconf=0.2828[0m
mode=OFF radar_adj=0 mom= conf=0
[1;36m22:58:45[0m [1;33mx5[0m [1;36m#918[0m SKIP tension=[1;36m0.00004077[0m [0m| momentum_too_small [1;31mconf=0.0001[0m
mode=OFF radar_adj=0 mom= conf=0
[1;36m22:58:56[0m [1;33mx5[0m [1;36m#919[0m SKIP tension=[1;36m0.00003553[0m [0m| momentum_too_small [1;31mconf=0.0[0m
mode=OFF radar_adj=0 mom= conf=0
[1;36mentry=22:59:10@62807.30000000[0m [1;33mx5[0m [1;36m#920[0m [1;33mSELL[0m tension=[1;31m2.80545010[0m hold=[1;36m8[0ms sec=[1;36m8[0m [0m| exit=62807.30000000 [1;32mconf=0.806[0m [1;36mexit_time=22:59:18[0m [1;33mpnl=-0.00000000 bps=-0.00000000 pct=-0.00000000% total=-6.236730000000001[0m
mode=OFF radar_adj=0 mom= conf=0
[1;36m22:59:31[0m [1;33mx5[0m [1;36m#921[0m SKIP tension=[1;36m0.00000346[0m [0m| momentum_too_small [1;31mconf=0.0[0m
mode=OFF radar_adj=0 mom= conf=0
[1;36m22:59:40[0m [1;33mx5[0m [1;36m#922[0m SKIP tension=[1;36m0.00000000[0m [0m| momentum_too_small [1;31mconf=0.2821[0m
mode=OFF radar_adj=0 mom= conf=0
[1;36m22:59:48[0m [1;33mx5[0m [1;36m#923[0m SKIP tension=[1;36m0.00003280[0m [0m| momentum_too_small [1;31mconf=0.0[0m
mode=OFF radar_adj=0 mom= conf=0
[1;36m22:59:59[0m [1;33mx5[0m [1;36m#924[0m SKIP tension=[1;36m0.02524634[0m [0m| direction_unclear [1;31mconf=0.0339[0m
mode=OFF radar_adj=0 mom= conf=0
[1;36m23:00:08[0m [1;33mx5[0m [1;36m#925[0m SKIP tension=[1;36m0.03725031[0m [0m| direction_unclear [1;31mconf=0.05[0m
mode=OFF radar_adj=0 mom= conf=0
[1;36m23:00:18[0m [1;33mx5[0m [1;36m#926[0m SKIP tension=[1;36m0.00019162[0m [0m| momentum_too_small [1;31mconf=0.0003[0m
mode=OFF radar_adj=0 mom= conf=0
[1;36m23:00:26[0m [1;33mx5[0m [1;36m#927[0m SKIP tension=[1;36m0.28824325[0m [0m| wall_not_collapsed
mode=OFF radar_adj=0 mom= conf=0
[1;36m23:00:36[0m [1;33mx5[0m [1;36m#928[0m SKIP tension=[1;36m0.00027554[0m [0m| momentum_too_small [1;31mconf=0.0004[0m
mode=OFF radar_adj=0 mom= conf=0
[1;36m23:00:45[0m [1;33mx5[0m [1;36m#929[0m SKIP tension=[1;36m0.00003810[0m [0m| momentum_too_small [1;31mconf=0.0001[0m
mode=OFF radar_adj=0 mom= conf=0
[1;36m23:00:54[0m [1;33mx5[0m [1;36m#930[0m SKIP tension=[1;36m0.00000000[0m [0m| momentum_too_small [1;31mconf=0.3253[0m
mode=OFF radar_adj=0 mom= conf=0
[1;36m23:01:04[0m [1;33mx5[0m [1;36m#931[0m SKIP tension=[1;36m0.00000000[0m [0m| momentum_too_small [1;31mconf=0.3253[0m
mode=OFF radar_adj=0 mom= conf=0
[1;36m23:01:13[0m [1;33mx5[0m [1;36m#932[0m SKIP tension=[1;36m0.00000000[0m [0m| momentum_too_small [1;31mconf=0.3399[0m
mode=OFF radar_adj=0 mom= conf=0
[1;36m23:01:23[0m [1;33mx5[0m [1;36m#933[0m SKIP tension=[1;36m0.00000000[0m [0m| momentum_too_small [1;31mconf=0.3399[0m
mode=OFF radar_adj=0 mom= conf=0
[1;36m23:01:33[0m [1;33mx5[0m [1;36m#934[0m SKIP tension=[1;36m0.00004663[0m [0m| momentum_too_small [1;31mconf=0.0001[0m
mode=OFF radar_adj=0 mom= conf=0
[1;36m23:01:42[0m [1;33mx5[0m [1;36m#935[0m SKIP tension=[1;36m0.00002943[0m [0m| momentum_too_small [1;31mconf=0.0[0m
mode=OFF radar_adj=0 mom= conf=0
[1;36m23:01:51[0m [1;33mx5[0m [1;36m#936[0m SKIP tension=[1;36m0.00001601[0m [0m| momentum_too_small [1;31mconf=0.0[0m
mode=OFF radar_adj=0 mom= conf=0
[1;36m23:02:00[0m [1;33mx5[0m [1;36m#937[0m SKIP tension=[1;36m0.20531339[0m [0m| wall_not_collapsed
mode=OFF radar_adj=0 mom= conf=0
[1;36m23:02:09[0m [1;33mx5[0m [1;36m#938[0m SKIP tension=[1;36m0.00000000[0m [0m| momentum_too_small [1;31mconf=0.342[0m
mode=OFF radar_adj=0 mom= conf=0
[1;36m23:02:19[0m [1;33mx5[0m [1;36m#939[0m SKIP tension=[1;36m0.07902255[0m [0m| direction_unclear [1;31mconf=0.1266[0m
mode=OFF radar_adj=0 mom= conf=0
[1;36m23:02:27[0m [1;33mx5[0m [1;36m#940[0m SKIP tension=[1;36m0.00089188[0m [0m| momentum_too_small [1;31mconf=0.0014[0m
mode=OFF radar_adj=0 mom= conf=0
[1;36m23:02:37[0m [1;33mx5[0m [1;36m#941[0m SKIP tension=[1;36m0.00000000[0m [0m| momentum_too_small [1;31mconf=0.3364[0m
mode=OFF radar_adj=0 mom= conf=0
[1;36m23:02:46[0m [1;33mx5[0m [1;36m#942[0m SKIP tension=[1;33m0.95255416[0m [0m| wall_not_collapsed
mode=OFF radar_adj=0 mom= conf=0
[1;36m23:02:56[0m [1;33mx5[0m [1;36m#943[0m SKIP tension=[1;36m0.00089194[0m [0m| momentum_too_small [1;31mconf=0.0013[0m
mode=OFF radar_adj=0 mom= conf=0
[1;36m23:03:05[0m [1;33mx5[0m [1;36m#944[0m SKIP tension=[1;36m0.00000309[0m [0m| momentum_too_small [1;31mconf=0.0[0m
mode=OFF radar_adj=0 mom= conf=0
[1;36m23:03:14[0m [1;33mx5[0m [1;36m#945[0m SKIP tension=[1;36m0.00000000[0m [0m| momentum_too_small [1;31mconf=0.3427[0m
mode=OFF radar_adj=0 mom= conf=0
[1;36m23:03:25[0m [1;33mx5[0m [1;36m#946[0m SKIP tension=[1;36m0.00000000[0m [0m| momentum_too_small [1;31mconf=0.3166[0m
mode=OFF radar_adj=0 mom= conf=0
[1;36m23:03:34[0m [1;33mx5[0m [1;36m#947[0m SKIP tension=[1;36m0.00001605[0m [0m| momentum_too_small [1;31mconf=0.0[0m
mode=OFF radar_adj=0 mom= conf=0
[1;36m23:03:43[0m [1;33mx5[0m [1;36m#948[0m SKIP tension=[1;36m0.00000417[0m [0m| momentum_too_small [1;31mconf=0.0[0m
mode=OFF radar_adj=0 mom= conf=0
[1;36m23:03:52[0m [1;33mx5[0m [1;36m#949[0m SKIP tension=[1;36m0.00000000[0m [0m| momentum_too_small [1;31mconf=0.343[0m
mode=OFF radar_adj=0 mom= conf=0
[1;36m23:04:02[0m [1;33mx5[0m [1;36m#950[0m SKIP tension=[1;36m0.00000000[0m [0m| momentum_too_small [1;31mconf=0.3166[0m
mode=OFF radar_adj=0 mom= conf=0
[1;36m23:04:12[0m [1;33mx5[0m [1;36m#951[0m SKIP tension=[1;36m0.09515258[0m [0m| direction_unclear [1;31mconf=0.1434[0m
mode=OFF radar_adj=0 mom= conf=0
[1;36m23:04:21[0m [1;33mx5[0m [1;36m#952[0m SKIP tension=[1;36m0.00012372[0m [0m| momentum_too_small [1;31mconf=0.0002[0m
mode=OFF radar_adj=0 mom= conf=0
[1;36m23:04:31[0m [1;33mx5[0m [1;36m#953[0m SKIP tension=[1;36m0.00000000[0m [0m| momentum_too_small [1;31mconf=0.3183[0m
mode=OFF radar_adj=0 mom= conf=0
[1;36m23:04:40[0m [1;33mx5[0m [1;36m#954[0m SKIP tension=[1;36m0.00001061[0m [0m| momentum_too_small [1;31mconf=0.0[0m
mode=OFF radar_adj=0 mom= conf=0
[1;36m23:04:49[0m [1;33mx5[0m [1;36m#955[0m SKIP tension=[1;36m0.00003498[0m [0m| momentum_too_small [1;31mconf=0.0001[0m
mode=OFF radar_adj=0 mom= conf=0
[1;36m23:04:59[0m [1;33mx5[0m [1;36m#956[0m SKIP tension=[1;36m0.00000000[0m [0m| momentum_too_small [1;31mconf=0.3183[0m
mode=OFF radar_adj=0 mom= conf=0
[1;36m23:05:08[0m [1;33mx5[0m [1;36m#957[0m SKIP tension=[1;36m0.00000000[0m [0m| momentum_too_small [1;31mconf=0.3183[0m
mode=OFF radar_adj=0 mom= conf=0
[1;36m23:05:17[0m [1;33mx5[0m [1;36m#958[0m SKIP tension=[1;36m0.00000000[0m [0m| momentum_too_small [1;31mconf=0.3493[0m
mode=OFF radar_adj=0 mom= conf=0
[1;36m23:05:27[0m [1;33mx5[0m [1;36m#959[0m SKIP tension=[1;36m0.00000000[0m [0m| momentum_too_small [1;31mconf=0.3166[0m
mode=OFF radar_adj=0 mom= conf=0
[1;36m23:05:36[0m [1;33mx5[0m [1;36m#960[0m SKIP tension=[1;36m0.00000000[0m [0m| momentum_too_small [1;31mconf=0.3166[0m
mode=OFF radar_adj=0 mom= conf=0
[1;36m23:05:46[0m [1;33mx5[0m [1;36m#961[0m SKIP tension=[1;36m0.00000000[0m [0m| momentum_too_small [1;31mconf=0.3054[0m
mode=OFF radar_adj=0 mom= conf=0
[1;36mentry=23:06:01@62815.00000000[0m [1;33mx5[0m [1;36m#962[0m [1;32mSELL[0m tension=[1;32m1.11649609[0m hold=[1;36m8[0ms sec=[1;36m8[0m [0m| exit=62814.20000000 [1;32mconf=0.8707[0m [1;36mexit_time=23:06:09[0m [1;32mpnl=0.00624000 bps=0.12735812 pct=0.00127358% total=-6.230490000000001[0m
mode=OFF radar_adj=0 mom= conf=0
[1;36m23:06:21[0m [1;33mx5[0m [1;36m#963[0m SKIP tension=[1;36m0.00000724[0m [0m| momentum_too_small [1;31mconf=0.0[0m
mode=OFF radar_adj=0 mom= conf=0
[1;36m23:06:30[0m [1;33mx5[0m [1;36m#964[0m SKIP tension=[1;36m0.00008361[0m [0m| momentum_too_small [1;31mconf=0.0001[0m
mode=OFF radar_adj=0 mom= conf=0
[1;36m23:06:39[0m [1;33mx5[0m [1;36m#965[0m SKIP tension=[1;36m0.25630993[0m [0m| wall_not_collapsed
mode=OFF radar_adj=0 mom= conf=0
[1;36m23:06:49[0m [1;33mx5[0m [1;36m#966[0m SKIP tension=[1;36m0.00000550[0m [0m| momentum_too_small [1;31mconf=0.0[0m
mode=OFF radar_adj=0 mom= conf=0
[1;36m23:06:58[0m [1;33mx5[0m [1;36m#967[0m SKIP tension=[1;36m0.47677562[0m [0m| wall_not_collapsed
mode=OFF radar_adj=0 mom= conf=0
[1;36m23:07:08[0m [1;33mx5[0m [1;36m#968[0m SKIP tension=[1;36m0.00000000[0m [0m| momentum_too_small [1;31mconf=0.2786[0m
mode=OFF radar_adj=0 mom= conf=0
[1;36m23:07:17[0m [1;33mx5[0m [1;36m#969[0m SKIP tension=[1;36m0.32821162[0m [0m| wall_not_collapsed
mode=OFF radar_adj=0 mom= conf=0
[1;36m23:07:26[0m [1;33mx5[0m [1;36m#970[0m SKIP tension=[1;36m0.34278214[0m [0m| wall_not_collapsed
mode=OFF radar_adj=0 mom= conf=0
[1;36m23:07:35[0m [1;33mx5[0m [1;36m#971[0m SKIP tension=[1;36m0.00000000[0m [0m| momentum_too_small [1;31mconf=0.2755[0m
mode=OFF radar_adj=0 mom= conf=0
[1;36m23:07:44[0m [1;33mx5[0m [1;36m#972[0m SKIP tension=[1;36m0.00000000[0m [0m| momentum_too_small [1;31mconf=0.2706[0m
mode=OFF radar_adj=0 mom= conf=0
[1;36m23:07:55[0m [1;33mx5[0m [1;36m#973[0m SKIP tension=[1;36m0.11198700[0m [0m| direction_unclear [1;31mconf=0.1774[0m
mode=OFF radar_adj=0 mom= conf=0
[1;36m23:08:04[0m [1;33mx5[0m [1;36m#974[0m SKIP tension=[1;36m0.00000000[0m [0m| momentum_too_small [1;31mconf=0.2706[0m
mode=OFF radar_adj=0 mom= conf=0
[1;36m23:08:13[0m [1;33mx5[0m [1;36m#975[0m SKIP tension=[1;36m0.00000000[0m [0m| momentum_too_small [1;31mconf=0.2706[0m
mode=OFF radar_adj=0 mom= conf=0
[1;36m23:08:22[0m [1;33mx5[0m [1;36m#976[0m SKIP tension=[1;36m0.00000000[0m [0m| momentum_too_small [1;31mconf=0.2717[0m
mode=OFF radar_adj=0 mom= conf=0
[1;36m23:08:32[0m [1;33mx5[0m [1;36m#977[0m SKIP tension=[1;36m0.40025822[0m [0m| wall_not_collapsed
mode=OFF radar_adj=0 mom= conf=0
[1;36m23:08:41[0m [1;33mx5[0m [1;36m#978[0m SKIP tension=[1;36m0.00000000[0m [0m| momentum_too_small [1;31mconf=0.2706[0m
mode=OFF radar_adj=0 mom= conf=0
[1;36m23:08:51[0m [1;33mx5[0m [1;36m#979[0m SKIP tension=[1;36m0.00000000[0m [0m| momentum_too_small [1;31mconf=0.2751[0m
mode=OFF radar_adj=0 mom= conf=0
[1;36m23:09:00[0m [1;33mx5[0m [1;36m#980[0m SKIP tension=[1;36m0.00089453[0m [0m| momentum_too_small [1;31mconf=0.0012[0m
mode=OFF radar_adj=0 mom= conf=0
[1;36m23:09:10[0m [1;33mx5[0m [1;36m#981[0m SKIP tension=[1;36m0.00000000[0m [0m| momentum_too_small [1;31mconf=0.2755[0m
mode=OFF radar_adj=0 mom= conf=0
[1;36m23:09:19[0m [1;33mx5[0m [1;36m#982[0m SKIP tension=[1;36m0.00000188[0m [0m| momentum_too_small [1;31mconf=0.0[0m
mode=OFF radar_adj=0 mom= conf=0
[1;36m23:09:28[0m [1;33mx5[0m [1;36m#983[0m SKIP tension=[1;36m0.00000000[0m [0m| momentum_too_small [1;31mconf=0.2706[0m
mode=OFF radar_adj=0 mom= conf=0
[1;36m23:09:37[0m [1;33mx5[0m [1;36m#984[0m SKIP tension=[1;36m0.00001606[0m [0m| momentum_too_small [1;31mconf=0.0[0m
mode=OFF radar_adj=0 mom= conf=0
[1;36m23:09:46[0m [1;33mx5[0m [1;36m#985[0m SKIP tension=[1;36m0.00000000[0m [0m| momentum_too_small [1;31mconf=0.2845[0m
mode=OFF radar_adj=0 mom= conf=0
[1;36m23:09:56[0m [1;33mx5[0m [1;36m#986[0m SKIP tension=[1;36m0.00000000[0m [0m| momentum_too_small [1;31mconf=0.3357[0m
mode=OFF radar_adj=0 mom= conf=0
[1;36m23:10:05[0m [1;33mx5[0m [1;36m#987[0m SKIP tension=[1;36m0.00089929[0m [0m| momentum_too_small [1;31mconf=0.0015[0m
mode=OFF radar_adj=0 mom= conf=0
[1;36m23:10:15[0m [1;33mx5[0m [1;36m#988[0m SKIP tension=[1;36m0.00000000[0m [0m| momentum_too_small [1;31mconf=0.3462[0m
mode=OFF radar_adj=0 mom= conf=0
[1;36mCycle 989[0m [1;32mSOFT anomaly[0m [1;33m| pnl_abs=0.06004000 > 0.02500000[0m
[1;36mentry=23:10:28@62809.00000000[0m [1;33mx5[0m [1;36m#989[0m [1;32mSELL[0m tension=[1;31m6.16439538[0m hold=[1;36m9[0ms sec=[1;36m9[0m [0m| exit=62805.20000000 [1;32mconf=0.9622[0m [1;36mexit_time=23:10:37[0m [1;32mpnl=0.06004000 bps=0.60500884 pct=0.00605009% total=-6.170450000000001[0m
mode=OFF radar_adj=0 mom= conf=0
shockwave beta->alpha until_cycle=1000
[1;33mSWARM shockwave[0m [0m| beta -> neighbor (shock_inversion_stop)[0m
[1;36mentry=23:10:54@62805.10000000[0m [1;33mx5[0m [1;36m#990[0m [1;31mSELL[0m tension=[1;31m5.90286306[0m hold=[1;36m8[0ms sec=[1;36m8[0m [0m| exit=62805.20000000 [1;33mconf=0.7762[0m [1;36mexit_time=23:11:02[0m [1;31mpnl=-0.00078000 bps=-0.01592227 pct=-0.00015922% total=-6.171230000000001[0m
mode=OFF radar_adj=0 mom= conf=0
[1;36m23:11:13[0m [1;33mx5[0m [1;36m#991[0m SKIP tension=[1;36m0.00000000[0m [0m| momentum_too_small [1;31mconf=0.3326[0m
mode=OFF radar_adj=0 mom= conf=0
[1;36m23:11:23[0m [1;33mx5[0m [1;36m#992[0m SKIP tension=[1;36m0.00000000[0m [0m| momentum_too_small [1;31mconf=0.3326[0m
mode=OFF radar_adj=0 mom= conf=0
[1;36m23:11:32[0m [1;33mx5[0m [1;36m#993[0m SKIP tension=[1;36m0.00000000[0m [0m| momentum_too_small [1;31mconf=0.2713[0m
mode=OFF radar_adj=0 mom= conf=0
[1;36m23:11:41[0m [1;33mx5[0m [1;36m#994[0m SKIP tension=[1;36m0.64541818[0m [0m| wall_not_collapsed
mode=OFF radar_adj=0 mom= conf=0
[1;36m23:11:50[0m [1;33mx5[0m [1;36m#995[0m SKIP tension=[1;36m0.09936860[0m [0m| direction_unclear [1;31mconf=0.1302[0m
mode=OFF radar_adj=0 mom= conf=0
[1;36mentry=23:12:05@62805.10000000[0m [1;33mx5[0m [1;36m#996[0m [1;32mSELL[0m tension=[1;32m1.51547937[0m hold=[1;36m8[0ms sec=[1;36m8[0m [0m| exit=62805.00000000 [1;33mconf=0.7851[0m [1;36mexit_time=23:12:13[0m [1;32mpnl=0.00078000 bps=0.01592227 pct=0.00015922% total=-6.170450000000001[0m
mode=OFF radar_adj=0 mom= conf=0
[1;36m23:12:24[0m [1;33mx5[0m [1;36m#997[0m SKIP tension=[1;36m0.00007736[0m [0m| momentum_too_small [1;31mconf=0.0001[0m
mode=OFF radar_adj=0 mom= conf=0
[1;36m23:12:33[0m [1;33mx5[0m [1;36m#998[0m SKIP tension=[1;36m0.43182640[0m [0m| wall_not_collapsed
mode=OFF radar_adj=0 mom= conf=0
[1;36m23:12:42[0m [1;33mx5[0m [1;36m#999[0m SKIP tension=[1;36m0.00001302[0m [0m| momentum_too_small [1;31mconf=0.0[0m
mode=OFF radar_adj=0 mom= conf=0
[1;36m23:12:52[0m [1;33mx5[0m [1;36m#1000[0m SKIP tension=[1;36m0.00000000[0m [0m| momentum_too_small [1;31mconf=0.271[0m
mode=OFF radar_adj=0 mom= conf=0
[1;36m23:13:02[0m [1;33mx5[0m [1;36m#1001[0m SKIP tension=[1;36m0.00001397[0m [0m| momentum_too_small [1;31mconf=0.0[0m
mode=OFF radar_adj=0 mom= conf=0
[1;36m23:13:11[0m [1;33mx5[0m [1;36m#1002[0m SKIP tension=[1;36m0.00001189[0m [0m| momentum_too_small [1;31mconf=0.0[0m
mode=OFF radar_adj=0 mom= conf=0
[1;36m23:13:20[0m [1;33mx5[0m [1;36m#1003[0m SKIP tension=[1;36m0.14329657[0m [0m| direction_unclear [1;31mconf=0.1956[0m
mode=OFF radar_adj=0 mom= conf=0
[1;36m23:13:29[0m [1;33mx5[0m [1;36m#1004[0m SKIP tension=[1;36m0.00001315[0m [0m| momentum_too_small [1;31mconf=0.0[0m
mode=OFF radar_adj=0 mom= conf=0
[1;36m23:13:39[0m [1;33mx5[0m [1;36m#1005[0m SKIP tension=[1;36m0.00000658[0m [0m| momentum_too_small [1;31mconf=0.0[0m
mode=OFF radar_adj=0 mom= conf=0
[1;36m23:13:48[0m [1;33mx5[0m [1;36m#1006[0m SKIP tension=[1;36m0.00003699[0m [0m| momentum_too_small [1;31mconf=0.0001[0m
mode=OFF radar_adj=0 mom= conf=0
[1;36m23:13:58[0m [1;33mx5[0m [1;36m#1007[0m SKIP tension=[1;36m0.00000959[0m [0m| momentum_too_small [1;31mconf=0.0[0m
mode=OFF radar_adj=0 mom= conf=0
[1;36m23:14:07[0m [1;33mx5[0m [1;36m#1008[0m SKIP tension=[1;36m0.16598134[0m [0m| direction_unclear [1;31mconf=0.2265[0m
mode=OFF radar_adj=0 mom= conf=0
[1;36m23:14:16[0m [1;33mx5[0m [1;36m#1009[0m SKIP tension=[1;36m0.00001331[0m [0m| momentum_too_small [1;31mconf=0.0[0m
mode=OFF radar_adj=0 mom= conf=0
[1;36m23:14:25[0m [1;33mx5[0m [1;36m#1010[0m SKIP tension=[1;36m0.00001261[0m [0m| momentum_too_small [1;31mconf=0.0[0m
mode=OFF radar_adj=0 mom= conf=0
[1;36m23:14:35[0m [1;33mx5[0m [1;36m#1011[0m SKIP tension=[1;36m0.00000000[0m [0m| momentum_too_small [1;31mconf=0.271[0m
mode=OFF radar_adj=0 mom= conf=0
[1;36m23:14:44[0m [1;33mx5[0m [1;36m#1012[0m SKIP tension=[1;36m0.00001481[0m [0m| momentum_too_small [1;31mconf=0.0[0m
mode=OFF radar_adj=0 mom= conf=0
[1;36m23:14:54[0m [1;33mx5[0m [1;36m#1013[0m SKIP tension=[1;36m0.00001052[0m [0m| momentum_too_small [1;31mconf=0.0[0m
mode=OFF radar_adj=0 mom= conf=0
[1;36m23:15:04[0m [1;33mx5[0m [1;36m#1014[0m SKIP tension=[1;36m0.00001234[0m [0m| momentum_too_small [1;31mconf=0.0[0m
mode=OFF radar_adj=0 mom= conf=0
[1;36m23:15:13[0m [1;33mx5[0m [1;36m#1015[0m SKIP tension=[1;36m0.00001087[0m [0m| momentum_too_small [1;31mconf=0.0[0m
mode=OFF radar_adj=0 mom= conf=0
[1;36m23:15:23[0m [1;33mx5[0m [1;36m#1016[0m SKIP tension=[1;36m0.00000924[0m [0m| momentum_too_small [1;31mconf=0.0[0m
mode=OFF radar_adj=0 mom= conf=0
[1;36m23:15:32[0m [1;33mx5[0m [1;36m#1017[0m SKIP tension=[1;36m0.00000788[0m [0m| momentum_too_small [1;31mconf=0.0[0m
mode=OFF radar_adj=0 mom= conf=0
[1;36m23:15:41[0m [1;33mx5[0m [1;36m#1018[0m SKIP tension=[1;36m0.00002222[0m [0m| momentum_too_small [1;31mconf=0.0[0m
mode=OFF radar_adj=0 mom= conf=0
[1;36m23:15:51[0m [1;33mx5[0m [1;36m#1019[0m SKIP tension=[1;36m0.00000576[0m [0m| momentum_too_small [1;31mconf=0.0[0m
mode=OFF radar_adj=0 mom= conf=0
[1;36m23:16:01[0m [1;33mx5[0m [1;36m#1020[0m SKIP tension=[1;36m0.00004129[0m [0m| momentum_too_small [1;31mconf=0.0001[0m
mode=OFF radar_adj=0 mom= conf=0
[1;36m23:16:10[0m [1;33mx5[0m [1;36m#1021[0m SKIP tension=[1;36m0.00000851[0m [0m| momentum_too_small [1;31mconf=0.0[0m
mode=OFF radar_adj=0 mom= conf=0
[1;36m23:16:19[0m [1;33mx5[0m [1;36m#1022[0m SKIP tension=[1;36m0.00000330[0m [0m| momentum_too_small [1;31mconf=0.0[0m
mode=OFF radar_adj=0 mom= conf=0
[1;36m23:16:28[0m [1;33mx5[0m [1;36m#1023[0m SKIP tension=[1;36m0.00000843[0m [0m| momentum_too_small [1;31mconf=0.0[0m
mode=OFF radar_adj=0 mom= conf=0
shockwave beta->alpha until_cycle=1034
[1;33mSWARM shockwave[0m [0m| beta -> neighbor (fluid_exit_inversion)[0m
[1;36mCycle 1024[0m [1;32mSOFT anomaly[0m [1;33m| pnl_abs=0.22098000 > 0.02500000[0m
[1;36mentry=23:16:42@62801.00000000[0m [1;33mx5[0m [1;36m#1024[0m [1;31mSELL[0m tension=[1;31m10.23992848[0m hold=[1;36m8[0ms sec=[1;36m8[0m [0m| exit=62818.40000000 [1;33mconf=0.6916[0m [1;36mexit_time=23:16:51[0m [1;31mpnl=-0.22098000 bps=-2.77065652 pct=-0.02770657% total=-6.3914300000000015[0m
mode=OFF radar_adj=0 mom= conf=0
[1;36m23:17:03[0m [1;33mx5[0m [1;36m#1025[0m SKIP tension=[1;36m0.00000000[0m [0m| momentum_too_small [1;31mconf=0.349[0m
mode=OFF radar_adj=0 mom= conf=0
[1;36m23:17:12[0m [1;33mx5[0m [1;36m#1026[0m SKIP tension=[1;36m0.00000000[0m [0m| momentum_too_small [1;31mconf=0.3493[0m
mode=OFF radar_adj=0 mom= conf=0
[1;36m23:17:22[0m [1;33mx5[0m [1;36m#1027[0m SKIP tension=[1;36m0.00000000[0m [0m| momentum_too_small [1;31mconf=0.3497[0m
mode=OFF radar_adj=0 mom= conf=0
[1;36m23:17:31[0m [1;33mx5[0m [1;36m#1028[0m SKIP tension=[1;36m0.00002289[0m [0m| momentum_too_small [1;31mconf=0.0[0m
mode=OFF radar_adj=0 mom= conf=0
[1;36m23:17:40[0m [1;33mx5[0m [1;36m#1029[0m SKIP tension=[1;36m0.00000000[0m [0m| momentum_too_small [1;31mconf=0.3472[0m
mode=OFF radar_adj=0 mom= conf=0
[1;36m23:17:49[0m [1;33mx5[0m [1;36m#1030[0m SKIP tension=[1;36m0.32298338[0m [0m| wall_not_collapsed
mode=OFF radar_adj=0 mom= conf=0
[1;36m23:18:00[0m [1;33mx5[0m [1;36m#1031[0m SKIP tension=[1;36m0.00000000[0m [0m| momentum_too_small [1;31mconf=0.3469[0m
mode=OFF radar_adj=0 mom= conf=0
[1;36m23:18:09[0m [1;33mx5[0m [1;36m#1032[0m SKIP tension=[1;36m0.51179308[0m [0m| wall_not_collapsed
mode=OFF radar_adj=0 mom= conf=0
[1;36m23:18:18[0m [1;33mx5[0m [1;36m#1033[0m SKIP tension=[1;36m0.00000000[0m [0m| momentum_too_small [1;31mconf=0.3469[0m
mode=OFF radar_adj=0 mom= conf=0
[1;36m23:18:27[0m [1;33mx5[0m [1;36m#1034[0m SKIP tension=[1;36m0.00000000[0m [0m| momentum_too_small [1;31mconf=0.3465[0m
mode=OFF radar_adj=0 mom= conf=0
[1;36m23:18:36[0m [1;33mx5[0m [1;36m#1035[0m SKIP tension=[1;36m0.16501920[0m [0m| direction_unclear [1;31mconf=0.2717[0m
mode=OFF radar_adj=0 mom= conf=0
[1;36m23:18:46[0m [1;33mx5[0m [1;36m#1036[0m SKIP tension=[1;36m0.00097275[0m [0m| momentum_too_small [1;31mconf=0.0016[0m
mode=OFF radar_adj=0 mom= conf=0
[1;36m23:18:55[0m [1;33mx5[0m [1;36m#1037[0m SKIP tension=[1;36m0.00000000[0m [0m| momentum_too_small [1;31mconf=0.3458[0m
mode=OFF radar_adj=0 mom= conf=0
[1;36m23:19:05[0m [1;33mx5[0m [1;36m#1038[0m SKIP tension=[1;36m0.00000000[0m [0m| momentum_too_small [1;31mconf=0.3441[0m
mode=OFF radar_adj=0 mom= conf=0
[1;36m23:19:14[0m [1;33mx5[0m [1;36m#1039[0m SKIP tension=[1;36m0.00000000[0m [0m| momentum_too_small [1;31mconf=0.3437[0m
mode=OFF radar_adj=0 mom= conf=0
[1;36m23:19:23[0m [1;33mx5[0m [1;36m#1040[0m SKIP tension=[1;36m0.00000000[0m [0m| momentum_too_small [1;31mconf=0.3437[0m
mode=OFF radar_adj=0 mom= conf=0
[1;36m23:19:32[0m [1;33mx5[0m [1;36m#1041[0m SKIP tension=[1;36m0.44874217[0m [0m| wall_not_collapsed
mode=OFF radar_adj=0 mom= conf=0
[1;36m23:19:41[0m [1;33mx5[0m [1;36m#1042[0m SKIP tension=[1;33m0.86557360[0m [0m| wall_not_collapsed
mode=OFF radar_adj=0 mom= conf=0
[1;36mentry=23:19:57@62755.90000000[0m [1;33mx5[0m [1;36m#1043[0m [1;32mSELL[0m tension=[1;32m1.35124589[0m hold=[1;36m7[0ms sec=[1;36m7[0m [0m| exit=62755.80000000 [1;32mconf=0.999[0m [1;36mexit_time=23:20:04[0m [1;32mpnl=0.00078000 bps=0.01593476 pct=0.00015935% total=-6.390650000000001[0m
mode=OFF radar_adj=0 mom= conf=0
[1;36m23:20:15[0m [1;33mx5[0m [1;36m#1044[0m SKIP tension=[1;36m0.72442632[0m [0m| wall_not_collapsed
mode=OFF radar_adj=0 mom= conf=0
[1;36m23:20:25[0m [1;33mx5[0m [1;36m#1045[0m SKIP tension=[1;36m0.00000000[0m [0m| momentum_too_small [1;31mconf=0.334[0m
mode=OFF radar_adj=0 mom= conf=0
[1;36m23:20:34[0m [1;33mx5[0m [1;36m#1046[0m SKIP tension=[1;36m0.00017291[0m [0m| momentum_too_small [1;31mconf=0.0003[0m
mode=OFF radar_adj=0 mom= conf=0
[1;36mCycle 1047[0m [1;32mSOFT anomaly[0m [1;33m| pnl_abs=0.05382000 > 0.02500000[0m
[1;36mentry=23:20:49@62755.00000000[0m [1;33mx5[0m [1;36m#1047[0m [1;32mSELL[0m tension=[1;32m1.90158949[0m hold=[1;36m8[0ms sec=[1;36m8[0m [0m| exit=62748.10000000 [1;32mconf=0.9861[0m [1;36mexit_time=23:20:57[0m [1;32mpnl=0.05382000 bps=1.09951398 pct=0.01099514% total=-6.336830000000001[0m
mode=OFF radar_adj=0 mom= conf=0
[1;36m23:21:09[0m [1;33mx5[0m [1;36m#1048[0m SKIP tension=[1;36m0.00000000[0m [0m| momentum_too_small [1;31mconf=0.3322[0m
mode=OFF radar_adj=0 mom= conf=0
[1;36m23:21:18[0m [1;33mx5[0m [1;36m#1049[0m SKIP tension=[1;36m0.00001071[0m [0m| momentum_too_small [1;31mconf=0.0[0m
mode=OFF radar_adj=0 mom= conf=0
[1;36m23:21:27[0m [1;33mx5[0m [1;36m#1050[0m SKIP tension=[1;36m0.59354492[0m [0m| wall_not_collapsed
mode=OFF radar_adj=0 mom= conf=0
[1;36m23:21:37[0m [1;33mx5[0m [1;36m#1051[0m SKIP tension=[1;36m0.00105235[0m [0m| momentum_too_small [1;31mconf=0.0017[0m
mode=OFF radar_adj=0 mom= conf=0
[1;36m23:21:46[0m [1;33mx5[0m [1;36m#1052[0m SKIP tension=[1;36m0.00148150[0m [0m| momentum_too_small [1;31mconf=0.0024[0m
mode=OFF radar_adj=0 mom= conf=0
[1;36m23:21:56[0m [1;33mx5[0m [1;36m#1053[0m SKIP tension=[1;36m0.00000000[0m [0m| momentum_too_small [1;31mconf=0.3458[0m
mode=OFF radar_adj=0 mom= conf=0
[1;36m23:22:05[0m [1;33mx5[0m [1;36m#1054[0m SKIP tension=[1;36m0.22202725[0m [0m| wall_not_collapsed
mode=OFF radar_adj=0 mom= conf=0
[1;36m23:22:14[0m [1;33mx5[0m [1;36m#1055[0m SKIP tension=[1;36m0.08862341[0m [0m| direction_unclear [1;31mconf=0.1402[0m
mode=OFF radar_adj=0 mom= conf=0
[1;36m23:22:24[0m [1;33mx5[0m [1;36m#1056[0m SKIP tension=[1;36m0.00000000[0m [0m| momentum_too_small [1;31mconf=0.3322[0m
mode=OFF radar_adj=0 mom= conf=0
[1;36m23:22:34[0m [1;33mx5[0m [1;36m#1057[0m SKIP tension=[1;36m0.00010422[0m [0m| momentum_too_small [1;31mconf=0.0002[0m
mode=OFF radar_adj=0 mom= conf=0
[1;36m23:22:43[0m [1;33mx5[0m [1;36m#1058[0m SKIP tension=[1;36m0.00000000[0m [0m| momentum_too_small [1;31mconf=0.334[0m
mode=OFF radar_adj=0 mom= conf=0
[1;36m23:22:52[0m [1;33mx5[0m [1;36m#1059[0m SKIP tension=[1;36m0.08589759[0m [0m| direction_unclear [1;31mconf=0.1423[0m
mode=OFF radar_adj=0 mom= conf=0
[1;36m23:23:02[0m [1;33mx5[0m [1;36m#1060[0m SKIP tension=[1;36m0.00000000[0m [0m| momentum_too_small [1;31mconf=0.3479[0m
mode=OFF radar_adj=0 mom= conf=0
[1;36m23:23:11[0m [1;33mx5[0m [1;36m#1061[0m SKIP tension=[1;36m0.00000000[0m [0m| momentum_too_small [1;31mconf=0.3479[0m
mode=OFF radar_adj=0 mom= conf=0
[1;36m23:23:21[0m [1;33mx5[0m [1;36m#1062[0m SKIP tension=[1;36m0.61126113[0m [0m| wall_not_collapsed
mode=OFF radar_adj=0 mom= conf=0
[1;36m23:23:30[0m [1;33mx5[0m [1;36m#1063[0m SKIP tension=[1;36m0.17283659[0m [0m| direction_unclear [1;31mconf=0.2863[0m
mode=OFF radar_adj=0 mom= conf=0
[1;36m23:23:39[0m [1;33mx5[0m [1;36m#1064[0m SKIP tension=[1;36m0.18243836[0m [0m| direction_unclear [1;31mconf=0.3022[0m
mode=OFF radar_adj=0 mom= conf=0
[1;36m23:23:48[0m [1;33mx5[0m [1;36m#1065[0m SKIP tension=[1;36m0.00374881[0m [0m| momentum_too_small [1;31mconf=0.0062[0m
mode=OFF radar_adj=0 mom= conf=0
[1;36m23:23:58[0m [1;33mx5[0m [1;36m#1066[0m SKIP tension=[1;36m0.22000716[0m [0m| wall_not_collapsed
mode=OFF radar_adj=0 mom= conf=0
[1;36m23:24:07[0m [1;33mx5[0m [1;36m#1067[0m SKIP tension=[1;36m0.00000000[0m [0m| momentum_too_small [1;31mconf=0.3225[0m
mode=OFF radar_adj=0 mom= conf=0
[1;36m23:24:16[0m [1;33mx5[0m [1;36m#1068[0m SKIP tension=[1;36m0.00957742[0m [0m| momentum_too_small [1;31mconf=0.0147[0m
mode=OFF radar_adj=0 mom= conf=0
[1;36m23:24:25[0m [1;33mx5[0m [1;36m#1069[0m SKIP tension=[1;36m0.00001108[0m [0m| momentum_too_small [1;31mconf=0.0[0m
mode=OFF radar_adj=0 mom= conf=0
[1;36m23:24:34[0m [1;33mx5[0m [1;36m#1070[0m SKIP [0m| Mode Écoute: spread=2.93170000 volat=25.40115906 (attente froid)
mode=OFF radar_adj=0 mom= conf=0
[1;36m23:24:44[0m [1;33mx5[0m [1;36m#1071[0m SKIP tension=[1;36m0.00000000[0m [0m| momentum_too_small [1;31mconf=0.2817[0m
mode=OFF radar_adj=0 mom= conf=0
[1;36m23:24:53[0m [1;33mx5[0m [1;36m#1072[0m SKIP tension=[1;36m0.00000000[0m [0m| momentum_too_small [1;31mconf=0.3033[0m
mode=OFF radar_adj=0 mom= conf=0
[1;36m23:25:03[0m [1;33mx5[0m [1;36m#1073[0m SKIP tension=[1;36m0.00000000[0m [0m| momentum_too_small [1;31mconf=0.3308[0m
mode=OFF radar_adj=0 mom= conf=0
shockwave beta->alpha until_cycle=1084
[1;33mSWARM shockwave[0m [0m| beta -> neighbor (shock_inversion_stop)[0m
[1;36mCycle 1074[0m [1;32mSOFT anomaly[0m [1;33m| pnl_abs=0.05694000 > 0.02500000[0m
[1;36mentry=23:25:16@62758.90000000[0m [1;33mx5[0m [1;36m#1074[0m [1;31mSELL[0m tension=[1;32m1.05112837[0m hold=[1;36m8[0ms sec=[1;36m8[0m [0m| exit=62766.20000000 [1;32mconf=0.8656[0m [1;36mexit_time=23:25:24[0m [1;31mpnl=-0.05694000 bps=-1.16318164 pct=-0.01163182% total=-6.393770000000001[0m
mode=OFF radar_adj=0 mom= conf=0
[1;36m23:25:36[0m [1;33mx5[0m [1;36m#1075[0m SKIP tension=[1;36m0.00000000[0m [0m| momentum_too_small [1;31mconf=0.1821[0m
mode=OFF radar_adj=0 mom= conf=0
[1;36m23:25:44[0m [1;33mx5[0m [1;36m#1076[0m SKIP tension=[1;36m0.08008732[0m [0m| spread_too_wide [1;31mconf=0.0667[0m
mode=OFF radar_adj=0 mom= conf=0
[1;36m23:25:55[0m [1;33mx5[0m [1;36m#1077[0m SKIP tension=[1;36m0.00000000[0m [0m| spread_too_wide [1;31mconf=0.0[0m
mode=OFF radar_adj=0 mom= conf=0
[1;36m23:26:04[0m [1;33mx5[0m [1;36m#1078[0m SKIP tension=[1;36m0.52768506[0m [0m| wall_not_collapsed
mode=OFF radar_adj=0 mom= conf=0
[1;36m23:26:14[0m [1;33mx5[0m [1;36m#1079[0m SKIP tension=[1;36m0.00000000[0m [0m| momentum_too_small [1;31mconf=0.3476[0m
mode=OFF radar_adj=0 mom= conf=0
[1;36m23:26:23[0m [1;33mx5[0m [1;36m#1080[0m SKIP tension=[1;36m0.00001419[0m [0m| momentum_too_small [1;31mconf=0.0[0m
mode=OFF radar_adj=0 mom= conf=0
[1;36mCycle 1081[0m [1;32mSOFT anomaly[0m [1;33m| pnl_abs=0.06318000 > 0.02500000[0m
[1;36mentry=23:26:37@62756.70000000[0m [1;33mx5[0m [1;36m#1081[0m [1;32mSELL[0m tension=[1;32m1.82219343[0m hold=[1;36m9[0ms sec=[1;36m9[0m [0m| exit=62748.60000000 [1;32mconf=0.9054[0m [1;36mexit_time=23:26:46[0m [1;32mpnl=0.06318000 bps=1.29069884 pct=0.01290699% total=-6.330590000000001[0m
mode=OFF radar_adj=0 mom= conf=0
[1;36m23:26:58[0m [1;33mx5[0m [1;36m#1082[0m SKIP [0m| Mode Écoute: spread=0.03190000 volat=18.67348359 (attente froid)
mode=OFF radar_adj=0 mom= conf=0
[1;36m23:27:07[0m [1;33mx5[0m [1;36m#1083[0m SKIP tension=[1;36m0.00000000[0m [0m| momentum_too_small [1;31mconf=0.3493[0m
mode=OFF radar_adj=0 mom= conf=0
[1;36m23:27:17[0m [1;33mx5[0m [1;36m#1084[0m SKIP tension=[1;36m0.00000000[0m [0m| momentum_too_small [1;31mconf=0.3308[0m
mode=OFF radar_adj=0 mom= conf=0
[1;36m23:27:26[0m [1;33mx5[0m [1;36m#1085[0m SKIP tension=[1;36m0.00000000[0m [0m| momentum_too_small [1;31mconf=0.3493[0m
mode=OFF radar_adj=0 mom= conf=0
[1;36m23:27:36[0m [1;33mx5[0m [1;36m#1086[0m SKIP tension=[1;36m0.00000000[0m [0m| momentum_too_small [1;31mconf=0.3479[0m
mode=OFF radar_adj=0 mom= conf=0
[1;36m23:27:45[0m [1;33mx5[0m [1;36m#1087[0m SKIP tension=[1;36m0.00031219[0m [0m| momentum_too_small [1;31mconf=0.0005[0m
mode=OFF radar_adj=0 mom= conf=0
[1;36m23:27:56[0m [1;33mx5[0m [1;36m#1088[0m SKIP tension=[1;36m0.00000000[0m [0m| momentum_too_small [1;31mconf=0.3308[0m
mode=OFF radar_adj=0 mom= conf=0
[1;36mentry=23:28:10@62748.70000000[0m [1;33mx5[0m [1;36m#1089[0m [1;32mSELL[0m tension=[1;32m1.22460393[0m hold=[1;36m7[0ms sec=[1;36m7[0m [0m| exit=62748.50000000 [1;32mconf=0.9462[0m [1;36mexit_time=23:28:17[0m [1;32mpnl=0.00156000 bps=0.03187317 pct=0.00031873% total=-6.329030000000001[0m
mode=OFF radar_adj=0 mom= conf=0
[1;36m23:28:29[0m [1;33mx5[0m [1;36m#1090[0m SKIP tension=[1;36m0.00000000[0m [0m| momentum_too_small [1;31mconf=0.3455[0m
mode=OFF radar_adj=0 mom= conf=0
[1;36m23:28:38[0m [1;33mx5[0m [1;36m#1091[0m SKIP tension=[1;36m0.00000000[0m [0m| momentum_too_small [1;31mconf=0.3455[0m
mode=OFF radar_adj=0 mom= conf=0
[1;36m23:28:47[0m [1;33mx5[0m [1;36m#1092[0m SKIP tension=[1;36m0.00000000[0m [0m| momentum_too_small [1;31mconf=0.3455[0m
mode=OFF radar_adj=0 mom= conf=0
[1;36m23:28:57[0m [1;33mx5[0m [1;36m#1093[0m SKIP tension=[1;36m0.00000000[0m [0m| momentum_too_small [1;31mconf=0.3308[0m
mode=OFF radar_adj=0 mom= conf=0
[1;36m23:29:06[0m [1;33mx5[0m [1;36m#1094[0m SKIP tension=[1;36m0.00000000[0m [0m| momentum_too_small [1;31mconf=0.3308[0m
mode=OFF radar_adj=0 mom= conf=0
[1;36m23:29:15[0m [1;33mx5[0m [1;36m#1095[0m SKIP tension=[1;36m0.39712440[0m [0m| wall_not_collapsed
mode=OFF radar_adj=0 mom= conf=0
[1;36m23:29:25[0m [1;33mx5[0m [1;36m#1096[0m SKIP tension=[1;36m0.00000018[0m [0m| momentum_too_small [1;31mconf=0.0[0m
mode=OFF radar_adj=0 mom= conf=0
[1;36m23:29:35[0m [1;33mx5[0m [1;36m#1097[0m SKIP tension=[1;36m0.00000000[0m [0m| momentum_too_small [1;31mconf=0.3448[0m
mode=OFF radar_adj=0 mom= conf=0
[1;36m23:29:45[0m [1;33mx5[0m [1;36m#1098[0m SKIP tension=[1;36m0.00000000[0m [0m| momentum_too_small [1;31mconf=0.3483[0m
mode=OFF radar_adj=0 mom= conf=0
[1;36m23:29:55[0m [1;33mx5[0m [1;36m#1099[0m SKIP tension=[1;36m0.00000000[0m [0m| momentum_too_small [1;31mconf=0.3476[0m
mode=OFF radar_adj=0 mom= conf=0
[1;36m23:30:04[0m [1;33mx5[0m [1;36m#1100[0m SKIP tension=[1;36m0.00007636[0m [0m| momentum_too_small [1;31mconf=0.0001[0m
mode=OFF radar_adj=0 mom= conf=0
[1;36m23:30:14[0m [1;33mx5[0m [1;36m#1101[0m SKIP tension=[1;36m0.00006156[0m [0m| momentum_too_small [1;31mconf=0.0001[0m
mode=OFF radar_adj=0 mom= conf=0
[1;36m23:30:23[0m [1;33mx5[0m [1;36m#1102[0m SKIP tension=[1;36m0.00000000[0m [0m| momentum_too_small [1;31mconf=0.3427[0m
mode=OFF radar_adj=0 mom= conf=0
[1;36m23:30:32[0m [1;33mx5[0m [1;36m#1103[0m SKIP tension=[1;36m0.76069401[0m [0m| wall_not_collapsed
mode=OFF radar_adj=0 mom= conf=0
[1;36m23:30:42[0m [1;33mx5[0m [1;36m#1104[0m SKIP tension=[1;36m0.00048882[0m [0m| momentum_too_small [1;31mconf=0.0008[0m
mode=OFF radar_adj=0 mom= conf=0
[1;36m23:30:51[0m [1;33mx5[0m [1;36m#1105[0m SKIP tension=[1;36m0.00000000[0m [0m| momentum_too_small [1;31mconf=0.3483[0m
mode=OFF radar_adj=0 mom= conf=0
[1;36m23:31:02[0m [1;33mx5[0m [1;36m#1106[0m SKIP tension=[1;36m0.43538985[0m [0m| wall_not_collapsed
mode=OFF radar_adj=0 mom= conf=0
[1;36m23:31:11[0m [1;33mx5[0m [1;36m#1107[0m SKIP tension=[1;36m0.14551132[0m [0m| direction_unclear [1;31mconf=0.2372[0m
mode=OFF radar_adj=0 mom= conf=0
[1;36m23:31:20[0m [1;33mx5[0m [1;36m#1108[0m SKIP tension=[1;36m0.05422028[0m [0m| direction_unclear [1;31mconf=0.0884[0m
mode=OFF radar_adj=0 mom= conf=0
[1;36m23:31:28[0m [1;33mx5[0m [1;36m#1109[0m SKIP tension=[1;36m0.00001732[0m [0m| momentum_too_small [1;31mconf=0.0[0m
mode=OFF radar_adj=0 mom= conf=0
[1;36m23:31:37[0m [1;33mx5[0m [1;36m#1110[0m SKIP tension=[1;36m0.08081634[0m [0m| direction_unclear [1;31mconf=0.1343[0m
mode=OFF radar_adj=0 mom= conf=0
[1;36m23:31:46[0m [1;33mx5[0m [1;36m#1111[0m SKIP tension=[1;36m0.00000022[0m [0m| momentum_too_small [1;31mconf=0.0[0m
mode=OFF radar_adj=0 mom= conf=0
[1;36m23:31:57[0m [1;33mx5[0m [1;36m#1112[0m SKIP tension=[1;36m0.00000000[0m [0m| momentum_too_small [1;31mconf=0.3423[0m
mode=OFF radar_adj=0 mom= conf=0
[1;36m23:32:06[0m [1;33mx5[0m [1;36m#1113[0m SKIP tension=[1;36m0.44616602[0m [0m| wall_not_collapsed
mode=OFF radar_adj=0 mom= conf=0
shockwave beta->alpha until_cycle=1124
[1;33mSWARM shockwave[0m [0m| beta -> neighbor (fluid_exit_inversion)[0m
[1;36mentry=23:32:20@62748.40000000[0m [1;33mx5[0m [1;36m#1114[0m [1;31mSELL[0m tension=[1;32m1.40006823[0m hold=[1;36m12[0ms sec=[1;36m12[0m [0m| exit=62748.60000000 [1;32mconf=0.996[0m [1;36mexit_time=23:32:33[0m [1;31mpnl=-0.00156000 bps=-0.03187332 pct=-0.00031873% total=-6.330590000000001[0m
mode=OFF radar_adj=0 mom= conf=0
[1;36m23:32:44[0m [1;33mx5[0m [1;36m#1115[0m SKIP tension=[1;36m0.00000000[0m [0m| momentum_too_small [1;31mconf=0.3458[0m
mode=OFF radar_adj=0 mom= conf=0
[1;36m23:32:54[0m [1;33mx5[0m [1;36m#1116[0m SKIP tension=[1;36m0.00000000[0m [0m| momentum_too_small [1;31mconf=0.3458[0m
mode=OFF radar_adj=0 mom= conf=0
[1;36m23:33:04[0m [1;33mx5[0m [1;36m#1117[0m SKIP tension=[1;36m0.00000000[0m [0m| momentum_too_small [1;31mconf=0.3312[0m
mode=OFF radar_adj=0 mom= conf=0
[1;36m23:33:13[0m [1;33mx5[0m [1;36m#1118[0m SKIP tension=[1;36m0.00002460[0m [0m| momentum_too_small [1;31mconf=0.0[0m
mode=OFF radar_adj=0 mom= conf=0
[1;36m23:33:22[0m [1;33mx5[0m [1;36m#1119[0m SKIP tension=[1;36m0.52969307[0m [0m| wall_not_collapsed
mode=OFF radar_adj=0 mom= conf=0
[1;36m23:33:31[0m [1;33mx5[0m [1;36m#1120[0m SKIP tension=[1;36m0.00000000[0m [0m| momentum_too_small [1;31mconf=0.3312[0m
mode=OFF radar_adj=0 mom= conf=0
[1;36m23:33:41[0m [1;33mx5[0m [1;36m#1121[0m SKIP tension=[1;36m0.00003741[0m [0m| momentum_too_small [1;31mconf=0.0001[0m
mode=OFF radar_adj=0 mom= conf=0
[1;36m23:33:50[0m [1;33mx5[0m [1;36m#1122[0m SKIP tension=[1;36m0.00011313[0m [0m| momentum_too_small [1;31mconf=0.0002[0m
mode=OFF radar_adj=0 mom= conf=0
[1;36m23:34:00[0m [1;33mx5[0m [1;36m#1123[0m SKIP tension=[1;36m0.00001567[0m [0m| momentum_too_small [1;31mconf=0.0[0m
mode=OFF radar_adj=0 mom= conf=0
[1;36mentry=23:34:14@62748.60000000[0m [1;33mx5[0m [1;36m#1124[0m [1;33mSELL[0m tension=[1;32m1.61423289[0m hold=[1;36m7[0ms sec=[1;36m7[0m [0m| exit=62748.60000000 [1;32mconf=0.9641[0m [1;36mexit_time=23:34:21[0m [1;33mpnl=-0.00000000 bps=-0.00000000 pct=-0.00000000% total=-6.330590000000001[0m
mode=OFF radar_adj=0 mom= conf=0
[1;36m23:34:33[0m [1;33mx5[0m [1;36m#1125[0m SKIP tension=[1;36m0.00000000[0m [0m| momentum_too_small [1;31mconf=0.3497[0m
mode=OFF radar_adj=0 mom= conf=0
[1;36m23:34:43[0m [1;33mx5[0m [1;36m#1126[0m SKIP tension=[1;36m0.00000000[0m [0m| momentum_too_small [1;31mconf=0.3497[0m
mode=OFF radar_adj=0 mom= conf=0
[1;36mentry=23:34:58@62751.20000000[0m [1;33mx5[0m [1;36m#1127[0m [1;33mSELL[0m tension=[1;32m1.61389608[0m hold=[1;36m7[0ms sec=[1;36m7[0m [0m| exit=62751.20000000 [1;32mconf=0.999[0m [1;36mexit_time=23:35:06[0m [1;33mpnl=-0.00000000 bps=-0.00000000 pct=-0.00000000% total=-6.330590000000001[0m
mode=OFF radar_adj=0 mom= conf=0
[1;36m23:35:17[0m [1;33mx5[0m [1;36m#1128[0m SKIP tension=[1;36m0.00000000[0m [0m| momentum_too_small [1;31mconf=0.3497[0m
mode=OFF radar_adj=0 mom= conf=0
[1;36m23:35:26[0m [1;33mx5[0m [1;36m#1129[0m SKIP tension=[1;36m0.00000913[0m [0m| momentum_too_small [1;31mconf=0.0[0m
mode=OFF radar_adj=0 mom= conf=0
[1;36mentry=23:35:40@62751.30000000[0m [1;33mx5[0m [1;36m#1130[0m [1;33mSELL[0m tension=[1;31m2.00530978[0m hold=[1;36m8[0ms sec=[1;36m8[0m [0m| exit=62751.30000000 [1;32mconf=0.999[0m [1;36mexit_time=23:35:48[0m [1;33mpnl=-0.00000000 bps=-0.00000000 pct=-0.00000000% total=-6.330590000000001[0m
mode=OFF radar_adj=0 mom= conf=0
[1;36m23:36:00[0m [1;33mx5[0m [1;36m#1131[0m SKIP tension=[1;36m0.00002601[0m [0m| momentum_too_small [1;31mconf=0.0[0m
mode=OFF radar_adj=0 mom= conf=0
[1;36m23:36:10[0m [1;33mx5[0m [1;36m#1132[0m SKIP tension=[1;36m0.18892578[0m [0m| direction_unclear [1;31mconf=0.3139[0m
mode=OFF radar_adj=0 mom= conf=0
[1;36m23:36:18[0m [1;33mx5[0m [1;36m#1133[0m SKIP tension=[1;36m0.00000000[0m [0m| momentum_too_small [1;31mconf=0.3465[0m
mode=OFF radar_adj=0 mom= conf=0
[1;36m23:36:28[0m [1;33mx5[0m [1;36m#1134[0m SKIP tension=[1;36m0.00092321[0m [0m| momentum_too_small [1;31mconf=0.0015[0m
mode=OFF radar_adj=0 mom= conf=0
[1;36m23:36:36[0m [1;33mx5[0m [1;36m#1135[0m SKIP tension=[1;36m0.00000408[0m [0m| momentum_too_small [1;31mconf=0.0[0m
mode=OFF radar_adj=0 mom= conf=0
[1;36m23:36:46[0m [1;33mx5[0m [1;36m#1136[0m SKIP tension=[1;36m0.60762198[0m [0m| wall_not_collapsed
mode=OFF radar_adj=0 mom= conf=0
[1;36m23:36:55[0m [1;33mx5[0m [1;36m#1137[0m SKIP tension=[1;36m0.33591543[0m [0m| wall_not_collapsed
mode=OFF radar_adj=0 mom= conf=0
[1;36m23:37:04[0m [1;33mx5[0m [1;36m#1138[0m SKIP tension=[1;36m0.31079724[0m [0m| wall_not_collapsed
mode=OFF radar_adj=0 mom= conf=0
[1;36m23:37:13[0m [1;33mx5[0m [1;36m#1139[0m SKIP tension=[1;36m0.00000027[0m [0m| momentum_too_small [1;31mconf=0.0[0m
mode=OFF radar_adj=0 mom= conf=0
shockwave beta->alpha until_cycle=1150
[1;33mSWARM shockwave[0m [0m| beta -> neighbor (shock_inversion_stop)[0m
[1;36mCycle 1140[0m [1;32mSOFT anomaly[0m [1;33m| pnl_abs=0.16906000 > 0.02500000[0m
[1;36mentry=23:37:27@62767.30000000[0m [1;33mx5[0m [1;36m#1140[0m [1;31mSELL[0m tension=[1;31m2.57000241[0m hold=[1;36m8[0ms sec=[1;36m8[0m [0m| exit=62778.00000000 [1;32mconf=0.999[0m [1;36mexit_time=23:37:35[0m [1;31mpnl=-0.16906000 bps=-1.70470930 pct=-0.01704709% total=-6.499650000000001[0m
mode=OFF radar_adj=0 mom= conf=0
shockwave beta->alpha until_cycle=1151
[1;33mSWARM shockwave[0m [0m| beta -> neighbor (shock_inversion_stop)[0m
[1;36mCycle 1141[0m [1;32mSOFT anomaly[0m [1;33m| pnl_abs=0.03198000 > 0.02500000[0m
[1;36mentry=23:37:51@62805.20000000[0m [1;33mx5[0m [1;36m#1141[0m [1;31mSELL[0m tension=[1;31m4.71926772[0m hold=[1;36m9[0ms sec=[1;36m9[0m [0m| exit=62809.30000000 [1;32mconf=0.998[0m [1;36mexit_time=23:38:00[0m [1;31mpnl=-0.03198000 bps=-0.65281219 pct=-0.00652812% total=-6.531630000000001[0m
mode=OFF radar_adj=0 mom= conf=0
[1;36m23:38:12[0m [1;33mx5[0m [1;36m#1142[0m SKIP tension=[1;36m0.00000000[0m [0m| momentum_too_small [1;31mconf=0.3497[0m
mode=OFF radar_adj=0 mom= conf=0
[1;36m23:38:21[0m [1;33mx5[0m [1;36m#1143[0m SKIP tension=[1;36m0.13561394[0m [0m| direction_unclear [1;31mconf=0.2258[0m
mode=OFF radar_adj=0 mom= conf=0
[1;36m23:38:31[0m [1;33mx5[0m [1;36m#1144[0m SKIP tension=[1;36m0.31617849[0m [0m| wall_not_collapsed
mode=OFF radar_adj=0 mom= conf=0
[1;36m23:38:40[0m [1;33mx5[0m [1;36m#1145[0m SKIP tension=[1;36m0.72677613[0m [0m| wall_not_collapsed
mode=OFF radar_adj=0 mom= conf=0
[1;36m23:38:49[0m [1;33mx5[0m [1;36m#1146[0m SKIP tension=[1;36m0.00000000[0m [0m| momentum_too_small [1;31mconf=0.3176[0m
mode=OFF radar_adj=0 mom= conf=0
[1;36m23:38:58[0m [1;33mx5[0m [1;36m#1147[0m SKIP tension=[1;36m0.26191147[0m [0m| wall_not_collapsed
mode=OFF radar_adj=0 mom= conf=0
[1;36m23:39:07[0m [1;33mx5[0m [1;36m#1148[0m SKIP tension=[1;36m0.00000000[0m [0m| momentum_too_small [1;31mconf=0.3176[0m
mode=OFF radar_adj=0 mom= conf=0
[1;36m23:39:16[0m [1;33mx5[0m [1;36m#1149[0m SKIP tension=[1;36m0.00001149[0m [0m| momentum_too_small [1;31mconf=0.0[0m
mode=OFF radar_adj=0 mom= conf=0
[1;36m23:39:25[0m [1;33mx5[0m [1;36m#1150[0m SKIP tension=[1;36m0.15929963[0m [0m| direction_unclear [1;31mconf=0.2409[0m
mode=OFF radar_adj=0 mom= conf=0
[1;36m23:39:35[0m [1;33mx5[0m [1;36m#1151[0m SKIP tension=[1;36m0.00000000[0m [0m| momentum_too_small [1;31mconf=0.2957[0m
mode=OFF radar_adj=0 mom= conf=0
[1;36m23:39:43[0m [1;33mx5[0m [1;36m#1152[0m SKIP tension=[1;36m0.35487971[0m [0m| wall_not_collapsed
mode=OFF radar_adj=0 mom= conf=0
[1;36mentry=23:39:58@62793.70000000[0m [1;33mx5[0m [1;36m#1153[0m [1;33mSELL[0m tension=[1;32m1.89615158[0m hold=[1;36m7[0ms sec=[1;36m7[0m [0m| exit=62793.70000000 [1;32mconf=0.9393[0m [1;36mexit_time=23:40:06[0m [1;33mpnl=-0.00000000 bps=-0.00000000 pct=-0.00000000% total=-6.531630000000001[0m
mode=OFF radar_adj=0 mom= conf=0
[1;36m23:40:18[0m [1;33mx5[0m [1;36m#1154[0m SKIP tension=[1;36m0.00000000[0m [0m| momentum_too_small [1;31mconf=0.2957[0m
mode=OFF radar_adj=0 mom= conf=0
[1;36m23:40:27[0m [1;33mx5[0m [1;36m#1155[0m SKIP tension=[1;36m0.00000000[0m [0m| momentum_too_small [1;31mconf=0.2957[0m
mode=OFF radar_adj=0 mom= conf=0
[1;36m23:40:35[0m [1;33mx5[0m [1;36m#1156[0m SKIP tension=[1;36m0.00000408[0m [0m| momentum_too_small [1;31mconf=0.0[0m
mode=OFF radar_adj=0 mom= conf=0
[1;36m23:40:45[0m [1;33mx5[0m [1;36m#1157[0m SKIP tension=[1;36m0.00000000[0m [0m| momentum_too_small [1;31mconf=0.2957[0m
mode=OFF radar_adj=0 mom= conf=0
[1;36m23:40:55[0m [1;33mx5[0m [1;36m#1158[0m SKIP tension=[1;36m0.00000000[0m [0m| momentum_too_small [1;31mconf=0.2957[0m
mode=OFF radar_adj=0 mom= conf=0
[1;36m23:41:04[0m [1;33mx5[0m [1;36m#1159[0m SKIP tension=[1;36m0.00000000[0m [0m| momentum_too_small [1;31mconf=0.2957[0m
mode=OFF radar_adj=0 mom= conf=0
shockwave beta->alpha until_cycle=1170
[1;33mSWARM shockwave[0m [0m| beta -> neighbor (shock_inversion_stop)[0m
[1;36mCycle 1160[0m [1;32mSOFT anomaly[0m [1;33m| pnl_abs=0.12168000 > 0.02500000[0m
[1;36mentry=23:41:20@62793.70000000[0m [1;33mx5[0m [1;36m#1160[0m [1;31mSELL[0m tension=[1;32m1.48974046[0m hold=[1;36m7[0ms sec=[1;36m7[0m [0m| exit=62809.30000000 [1;32mconf=0.8448[0m [1;36mexit_time=23:41:27[0m [1;31mpnl=-0.12168000 bps=-2.48432566 pct=-0.02484326% total=-6.653310000000001[0m
mode=OFF radar_adj=0 mom= conf=0
[1;36m23:41:39[0m [1;33mx5[0m [1;36m#1161[0m SKIP tension=[1;36m0.00027660[0m [0m| momentum_too_small [1;31mconf=0.0004[0m
mode=OFF radar_adj=0 mom= conf=0
[1;36m23:41:50[0m [1;33mx5[0m [1;36m#1162[0m SKIP tension=[1;36m0.00000000[0m [0m| momentum_too_small [1;31mconf=0.2957[0m
mode=OFF radar_adj=0 mom= conf=0
[1;36m23:42:00[0m [1;33mx5[0m [1;36m#1163[0m SKIP tension=[1;36m0.00002591[0m [0m| momentum_too_small [1;31mconf=0.0[0m
mode=OFF radar_adj=0 mom= conf=0
[1;36m23:42:09[0m [1;33mx5[0m [1;36m#1164[0m SKIP tension=[1;36m0.68288107[0m [0m| wall_not_collapsed
mode=OFF radar_adj=0 mom= conf=0
[1;36m23:42:18[0m [1;33mx5[0m [1;36m#1165[0m SKIP tension=[1;36m0.00536100[0m [0m| momentum_too_small [1;31mconf=0.0075[0m
mode=OFF radar_adj=0 mom= conf=0
[1;36m23:42:28[0m [1;33mx5[0m [1;36m#1166[0m SKIP tension=[1;36m0.00000000[0m [0m| momentum_too_small [1;31mconf=0.3493[0m
mode=OFF radar_adj=0 mom= conf=0
[1;36m23:42:38[0m [1;33mx5[0m [1;36m#1167[0m SKIP tension=[1;36m0.29133674[0m [0m| wall_not_collapsed
mode=OFF radar_adj=0 mom= conf=0
[1;36m23:42:47[0m [1;33mx5[0m [1;36m#1168[0m SKIP tension=[1;36m0.00007184[0m [0m| momentum_too_small [1;31mconf=0.0001[0m
mode=OFF radar_adj=0 mom= conf=0
[1;36m23:42:57[0m [1;33mx5[0m [1;36m#1169[0m SKIP tension=[1;36m0.00000000[0m [0m| momentum_too_small [1;31mconf=0.3476[0m
mode=OFF radar_adj=0 mom= conf=0
[1;36m23:43:06[0m [1;33mx5[0m [1;36m#1170[0m SKIP tension=[1;36m0.00000000[0m [0m| momentum_too_small [1;31mconf=0.2661[0m
mode=OFF radar_adj=0 mom= conf=0
[1;36m23:43:16[0m [1;33mx5[0m [1;36m#1171[0m SKIP tension=[1;36m0.00010223[0m [0m| momentum_too_small [1;31mconf=0.0001[0m
mode=OFF radar_adj=0 mom= conf=0
[1;36m23:43:25[0m [1;33mx5[0m [1;36m#1172[0m SKIP tension=[1;36m0.51179372[0m [0m| wall_not_collapsed
mode=OFF radar_adj=0 mom= conf=0
[1;36m23:43:34[0m [1;33mx5[0m [1;36m#1173[0m SKIP tension=[1;33m0.97120326[0m [0m| wall_not_collapsed
mode=OFF radar_adj=0 mom= conf=0
[1;36m23:43:43[0m [1;33mx5[0m [1;36m#1174[0m SKIP tension=[1;36m0.00000432[0m [0m| momentum_too_small [1;31mconf=0.0[0m
mode=OFF radar_adj=0 mom= conf=0
[1;36m23:43:53[0m [1;33mx5[0m [1;36m#1175[0m SKIP tension=[1;36m0.00001672[0m [0m| momentum_too_small [1;31mconf=0.0[0m
mode=OFF radar_adj=0 mom= conf=0
[1;36m23:44:03[0m [1;33mx5[0m [1;36m#1176[0m SKIP tension=[1;36m0.00000000[0m [0m| momentum_too_small [1;31mconf=0.2483[0m
mode=OFF radar_adj=0 mom= conf=0
[1;36mentry=23:44:17@62776.00000000[0m [1;33mx5[0m [1;36m#1177[0m [1;33mSELL[0m tension=[1;32m1.01515031[0m hold=[1;36m8[0ms sec=[1;36m8[0m [0m| exit=62776.00000000 [1;33mconf=0.6696[0m [1;36mexit_time=23:44:25[0m [1;33mpnl=-0.00000000 bps=-0.00000000 pct=-0.00000000% total=-6.653310000000001[0m
mode=OFF radar_adj=0 mom= conf=0
[1;36mentry=23:44:41@62776.00000000[0m [1;33mx5[0m [1;36m#1178[0m [1;33mSELL[0m tension=[1;32m1.50334893[0m hold=[1;36m8[0ms sec=[1;36m8[0m [0m| exit=62776.00000000 [1;33mconf=0.6696[0m [1;36mexit_time=23:44:49[0m [1;33mpnl=-0.00000000 bps=-0.00000000 pct=-0.00000000% total=-6.653310000000001[0m
mode=OFF radar_adj=0 mom= conf=0
[1;36m23:45:02[0m [1;33mx5[0m [1;36m#1179[0m SKIP tension=[1;36m0.00000000[0m [0m| momentum_too_small [1;31mconf=0.3096[0m
mode=OFF radar_adj=0 mom= conf=0
[1;36m23:45:11[0m [1;33mx5[0m [1;36m#1180[0m SKIP tension=[1;36m0.00000000[0m [0m| momentum_too_small [1;31mconf=0.3096[0m
mode=OFF radar_adj=0 mom= conf=0
[1;36m23:45:20[0m [1;33mx5[0m [1;36m#1181[0m SKIP tension=[1;36m0.00000015[0m [0m| momentum_too_small [1;31mconf=0.0[0m
mode=OFF radar_adj=0 mom= conf=0
shockwave beta->alpha until_cycle=1192
[1;33mSWARM shockwave[0m [0m| beta -> neighbor (fluid_exit_inversion)[0m
[1;36mentry=23:45:34@62807.20000000[0m [1;33mx5[0m [1;36m#1182[0m [1;31mSELL[0m tension=[1;32m1.24607237[0m hold=[1;36m8[0ms sec=[1;36m8[0m [0m| exit=62809.20000000 [1;32mconf=0.801[0m [1;36mexit_time=23:45:42[0m [1;31mpnl=-0.01560000 bps=-0.31843483 pct=-0.00318435% total=-6.668910000000001[0m
mode=OFF radar_adj=0 mom= conf=0
[1;36m23:45:54[0m [1;33mx5[0m [1;36m#1183[0m SKIP tension=[1;36m0.00000000[0m [0m| momentum_too_small [1;31mconf=0.2023[0m
mode=OFF radar_adj=0 mom= conf=0
[1;36mentry=23:46:08@62796.90000000[0m [1;33mx5[0m [1;36m#1184[0m [1;33mSELL[0m tension=[1;31m2.67481404[0m hold=[1;36m8[0ms sec=[1;36m8[0m [0m| exit=62796.90000000 [1;33mconf=0.602[0m [1;36mexit_time=23:46:16[0m [1;33mpnl=-0.00000000 bps=-0.00000000 pct=-0.00000000% total=-6.668910000000001[0m
mode=OFF radar_adj=0 mom= conf=0
[1;36m23:46:27[0m [1;33mx5[0m [1;36m#1185[0m SKIP tension=[1;36m0.15072565[0m [0m| direction_unclear [1;31mconf=0.2497[0m
mode=OFF radar_adj=0 mom= conf=0
[1;36m23:46:36[0m [1;33mx5[0m [1;36m#1186[0m SKIP tension=[1;36m0.00000000[0m [0m| momentum_too_small [1;31mconf=0.202[0m
mode=OFF radar_adj=0 mom= conf=0
[1;36m23:46:46[0m [1;33mx5[0m [1;36m#1187[0m SKIP tension=[1;36m0.00000458[0m [0m| momentum_too_small [1;31mconf=0.0[0m
mode=OFF radar_adj=0 mom= conf=0
[1;36m23:46:55[0m [1;33mx5[0m [1;36m#1188[0m SKIP tension=[1;36m0.00000000[0m [0m| momentum_too_small [1;31mconf=0.3169[0m
mode=OFF radar_adj=0 mom= conf=0
[1;36m23:47:05[0m [1;33mx5[0m [1;36m#1189[0m SKIP tension=[1;36m0.00000000[0m [0m| momentum_too_small [1;31mconf=0.2737[0m
mode=OFF radar_adj=0 mom= conf=0
[1;36mCycle 1190[0m [1;32mSOFT anomaly[0m [1;33m| pnl_abs=0.12798000 > 0.02500000[0m
[1;36mentry=23:47:18@62796.00000000[0m [1;33mx5[0m [1;36m#1190[0m [1;32mSELL[0m tension=[1;32m1.06565654[0m hold=[1;36m11[0ms sec=[1;36m11[0m [0m| exit=62787.90000000 [1;32mconf=0.999[0m [1;36mexit_time=23:47:29[0m [1;32mpnl=0.12798000 bps=1.28989108 pct=0.01289891% total=-6.540930000000001[0m
mode=OFF radar_adj=0 mom= conf=0
[1;36m23:47:41[0m [1;33mx5[0m [1;36m#1191[0m SKIP tension=[1;36m0.00001328[0m [0m| momentum_too_small [1;31mconf=0.0[0m
mode=OFF radar_adj=0 mom= conf=0
[1;36m23:47:50[0m [1;33mx5[0m [1;36m#1192[0m SKIP tension=[1;36m0.00000400[0m [0m| momentum_too_small [1;31mconf=0.0[0m
mode=OFF radar_adj=0 mom= conf=0
[1;36m23:48:00[0m [1;33mx5[0m [1;36m#1193[0m SKIP tension=[1;36m0.00002569[0m [0m| momentum_too_small [1;31mconf=0.0[0m
mode=OFF radar_adj=0 mom= conf=0
[1;36m23:48:09[0m [1;33mx5[0m [1;36m#1194[0m SKIP tension=[1;36m0.00000000[0m [0m| momentum_too_small [1;31mconf=0.2048[0m
mode=OFF radar_adj=0 mom= conf=0
[1;36m23:48:18[0m [1;33mx5[0m [1;36m#1195[0m SKIP tension=[1;36m0.00000000[0m [0m| momentum_too_small [1;31mconf=0.2288[0m
mode=OFF radar_adj=0 mom= conf=0
[1;36m23:48:27[0m [1;33mx5[0m [1;36m#1196[0m SKIP tension=[1;36m0.00000000[0m [0m| momentum_too_small [1;31mconf=0.202[0m
mode=OFF radar_adj=0 mom= conf=0
shockwave beta->alpha until_cycle=1207
[1;33mSWARM shockwave[0m [0m| beta -> neighbor (shock_inversion_stop)[0m
[1;36mentry=23:48:41@62806.10000000[0m [1;33mx5[0m [1;36m#1197[0m [1;31mSELL[0m tension=[1;32m1.29156688[0m hold=[1;36m8[0ms sec=[1;36m8[0m [0m| exit=62806.20000000 [1;32mconf=0.9692[0m [1;36mexit_time=23:48:49[0m [1;31mpnl=-0.00078000 bps=-0.01592202 pct=-0.00015922% total=-6.541710000000001[0m
mode=OFF radar_adj=0 mom= conf=0
[1;36m23:49:01[0m [1;33mx5[0m [1;36m#1198[0m SKIP tension=[1;36m0.00000130[0m [0m| momentum_too_small [1;31mconf=0.0[0m
mode=OFF radar_adj=0 mom= conf=0
[1;36m23:49:10[0m [1;33mx5[0m [1;36m#1199[0m SKIP tension=[1;36m0.49391960[0m [0m| wall_not_collapsed
mode=OFF radar_adj=0 mom= conf=0
[1;36m23:49:20[0m [1;33mx5[0m [1;36m#1200[0m SKIP tension=[1;36m0.00000000[0m [0m| momentum_too_small [1;31mconf=0.3392[0m
mode=OFF radar_adj=0 mom= conf=0
[1;36m23:49:28[0m [1;33mx5[0m [1;36m#1201[0m SKIP tension=[1;36m0.00000909[0m [0m| momentum_too_small [1;31mconf=0.0[0m
mode=OFF radar_adj=0 mom= conf=0
[1;36mentry=23:49:42@62808.50000000[0m [1;33mx5[0m [1;36m#1202[0m [1;33mSELL[0m tension=[1;31m2.09995766[0m hold=[1;36m7[0ms sec=[1;36m7[0m [0m| exit=62808.50000000 [1;33mconf=0.586[0m [1;36mexit_time=23:49:50[0m [1;33mpnl=-0.00000000 bps=-0.00000000 pct=-0.00000000% total=-6.541710000000001[0m
mode=OFF radar_adj=0 mom= conf=0
[1;36m23:50:02[0m [1;33mx5[0m [1;36m#1203[0m SKIP tension=[1;36m0.12106459[0m [0m| direction_unclear [1;31mconf=0.1335[0m
mode=OFF radar_adj=0 mom= conf=0
[1;36m23:50:12[0m [1;33mx5[0m [1;36m#1204[0m SKIP tension=[1;36m0.00000000[0m [0m| momentum_too_small [1;31mconf=0.3082[0m
mode=OFF radar_adj=0 mom= conf=0
[1;36m23:50:21[0m [1;33mx5[0m [1;36m#1205[0m SKIP tension=[1;36m0.00000000[0m [0m| momentum_too_small [1;31mconf=0.3469[0m
mode=OFF radar_adj=0 mom= conf=0
[1;36m23:50:32[0m [1;33mx5[0m [1;36m#1206[0m SKIP tension=[1;36m0.00000000[0m [0m| momentum_too_small [1;31mconf=0.2657[0m
mode=OFF radar_adj=0 mom= conf=0
[1;36m23:50:41[0m [1;33mx5[0m [1;36m#1207[0m SKIP tension=[1;36m0.00000000[0m [0m| momentum_too_small [1;31mconf=0.3497[0m
mode=OFF radar_adj=0 mom= conf=0
[1;36m23:50:50[0m [1;33mx5[0m [1;36m#1208[0m SKIP tension=[1;36m0.00000000[0m [0m| momentum_too_small [1;31mconf=0.3497[0m
mode=OFF radar_adj=0 mom= conf=0
[1;36m23:51:01[0m [1;33mx5[0m [1;36m#1209[0m SKIP tension=[1;36m0.00000000[0m [0m| momentum_too_small [1;31mconf=0.3497[0m
mode=OFF radar_adj=0 mom= conf=0
[1;36m23:51:10[0m [1;33mx5[0m [1;36m#1210[0m SKIP tension=[1;36m0.00000046[0m [0m| momentum_too_small [1;31mconf=0.0[0m
mode=OFF radar_adj=0 mom= conf=0
[1;36m23:51:19[0m [1;33mx5[0m [1;36m#1211[0m SKIP tension=[1;36m0.00000000[0m [0m| momentum_too_small [1;31mconf=0.202[0m
mode=OFF radar_adj=0 mom= conf=0
[1;36m23:51:28[0m [1;33mx5[0m [1;36m#1212[0m SKIP tension=[1;36m0.00000000[0m [0m| momentum_too_small [1;31mconf=0.2451[0m
mode=OFF radar_adj=0 mom= conf=0
[1;36m23:51:37[0m [1;33mx5[0m [1;36m#1213[0m SKIP tension=[1;36m0.00000000[0m [0m| momentum_too_small [1;31mconf=0.2448[0m
mode=OFF radar_adj=0 mom= conf=0
[1;36m23:51:46[0m [1;33mx5[0m [1;36m#1214[0m SKIP tension=[1;36m0.00000000[0m [0m| momentum_too_small [1;31mconf=0.2448[0m
mode=OFF radar_adj=0 mom= conf=0
[1;36m23:51:57[0m [1;33mx5[0m [1;36m#1215[0m SKIP tension=[1;36m0.00000000[0m [0m| momentum_too_small [1;31mconf=0.2016[0m
mode=OFF radar_adj=0 mom= conf=0
[1;36m23:52:05[0m [1;33mx5[0m [1;36m#1216[0m SKIP tension=[1;36m0.00000149[0m [0m| momentum_too_small [1;31mconf=0.0[0m
mode=OFF radar_adj=0 mom= conf=0
shockwave beta->alpha until_cycle=1227
[1;33mSWARM shockwave[0m [0m| beta -> neighbor (shock_inversion_stop)[0m
[1;36mentry=23:52:19@62784.20000000[0m [1;33mx5[0m [1;36m#1217[0m [1;31mSELL[0m tension=[1;31m2.31271121[0m hold=[1;36m8[0ms sec=[1;36m8[0m [0m| exit=62784.30000000 [1;33mconf=0.5761[0m [1;36mexit_time=23:52:27[0m [1;31mpnl=-0.00078000 bps=-0.01592757 pct=-0.00015928% total=-6.542490000000001[0m
mode=OFF radar_adj=0 mom= conf=0
[1;36m23:52:39[0m [1;33mx5[0m [1;36m#1218[0m SKIP tension=[1;36m0.00000000[0m [0m| momentum_too_small [1;31mconf=0.2629[0m
mode=OFF radar_adj=0 mom= conf=0
[1;33mNET_RETRY[0m [0m| attempt=1/3 rc=28[0m
[1;36mentry=23:53:22@62787.40000000[0m [1;33mx5[0m [1;36m#1219[0m [1;33mSELL[0m tension=[1;31m2.31443719[0m hold=[1;36m7[0ms sec=[1;36m7[0m [0m| exit=62787.40000000 [1;33mconf=0.7939[0m [1;36mexit_time=23:53:29[0m [1;33mpnl=-0.00000000 bps=-0.00000000 pct=-0.00000000% total=-6.542490000000001[0m
mode=OFF radar_adj=0 mom= conf=0
[1;36m23:53:40[0m [1;33mx5[0m [1;36m#1220[0m SKIP tension=[1;36m0.00000000[0m [0m| momentum_too_small [1;31mconf=0.2016[0m
mode=OFF radar_adj=0 mom= conf=0
[1;36mCycle 1221[0m [1;32mSOFT anomaly[0m [1;33m| pnl_abs=0.09796000 > 0.02500000[0m
[1;36mentry=23:53:55@62786.90000000[0m [1;33mx5[0m [1;36m#1221[0m [1;32mSELL[0m tension=[1;31m2.31844480[0m hold=[1;36m7[0ms sec=[1;36m7[0m [0m| exit=62780.70000000 [1;32mconf=0.8766[0m [1;36mexit_time=23:54:02[0m [1;32mpnl=0.09796000 bps=0.98746713 pct=0.00987467% total=-6.444530000000001[0m
mode=OFF radar_adj=0 mom= conf=0
[1;36m23:54:18[0m [1;33mx5[0m [1;36m#1222[0m SKIP tension=[1;36m0.05449210[0m [0m| direction_unclear [1;31mconf=0.0778[0m
mode=OFF radar_adj=0 mom= conf=0
[1;36mentry=23:54:33@62784.00000000[0m [1;33mx5[0m [1;36m#1223[0m [1;33mSELL[0m tension=[1;31m2.31819862[0m hold=[1;36m8[0ms sec=[1;36m8[0m [0m| exit=62784.00000000 [1;32mconf=0.9044[0m [1;36mexit_time=23:54:42[0m [1;33mpnl=-0.00000000 bps=-0.00000000 pct=-0.00000000% total=-6.444530000000001[0m
mode=OFF radar_adj=0 mom= conf=0
[1;36m23:54:52[0m [1;33mx5[0m [1;36m#1224[0m SKIP tension=[1;36m0.00000000[0m [0m| momentum_too_small [1;31mconf=0.2288[0m
mode=OFF radar_adj=0 mom= conf=0
[1;36m23:55:02[0m [1;33mx5[0m [1;36m#1225[0m SKIP tension=[1;36m0.00000384[0m [0m| momentum_too_small [1;31mconf=0.0[0m
mode=OFF radar_adj=0 mom= conf=0
[1;36m23:55:11[0m [1;33mx5[0m [1;36m#1226[0m SKIP [0m| Mode Écoute: spread=0.01590000 volat=47.76362734 (attente froid)
mode=OFF radar_adj=0 mom= conf=0
[1;36m23:55:20[0m [1;33mx5[0m [1;36m#1227[0m SKIP tension=[1;36m0.00000000[0m [0m| momentum_too_small [1;31mconf=0.2734[0m
mode=OFF radar_adj=0 mom= conf=0
[1;36m23:55:30[0m [1;33mx5[0m [1;36m#1228[0m SKIP tension=[1;36m0.79236782[0m [0m| wall_not_collapsed
mode=OFF radar_adj=0 mom= conf=0
[1;36mentry=23:55:49@62792.20000000[0m [1;33mx5[0m [1;36m#1229[0m [1;33mSELL[0m tension=[1;32m1.46102663[0m hold=[1;36m9[0ms sec=[1;36m9[0m [0m| exit=62792.20000000 [1;32mconf=0.8298[0m [1;36mexit_time=23:55:58[0m [1;33mpnl=-0.00000000 bps=-0.00000000 pct=-0.00000000% total=-6.444530000000001[0m
mode=OFF radar_adj=0 mom= conf=0
[1;36m23:56:09[0m [1;33mx5[0m [1;36m#1230[0m SKIP tension=[1;36m0.29962882[0m [0m| wall_not_collapsed
mode=OFF radar_adj=0 mom= conf=0
[1;36m23:56:28[0m [1;33mx5[0m [1;36m#1231[0m SKIP tension=[1;36m0.00002133[0m [0m| momentum_too_small [1;31mconf=0.0[0m
mode=OFF radar_adj=0 mom= conf=0
[1;36m23:56:37[0m [1;33mx5[0m [1;36m#1232[0m SKIP tension=[1;36m0.00000000[0m [0m| momentum_too_small [1;31mconf=0.2577[0m
mode=OFF radar_adj=0 mom= conf=0
[1;36m23:56:47[0m [1;33mx5[0m [1;36m#1233[0m SKIP tension=[1;36m0.00000000[0m [0m| momentum_too_small [1;31mconf=0.3169[0m
mode=OFF radar_adj=0 mom= conf=0
[1;36m23:57:02[0m [1;33mx5[0m [1;36m#1234[0m SKIP tension=[1;36m0.05455308[0m [0m| direction_unclear [1;31mconf=0.0678[0m
mode=OFF radar_adj=0 mom= conf=0
[1;36m23:57:11[0m [1;33mx5[0m [1;36m#1235[0m SKIP tension=[1;36m0.33966914[0m [0m| wall_not_collapsed
mode=OFF radar_adj=0 mom= conf=0
[1;36m23:57:20[0m [1;33mx5[0m [1;36m#1236[0m SKIP tension=[1;36m0.00000000[0m [0m| momentum_too_small [1;31mconf=0.2608[0m
mode=OFF radar_adj=0 mom= conf=0
[1;36m23:57:29[0m [1;33mx5[0m [1;36m#1237[0m SKIP tension=[1;36m0.00000000[0m [0m| momentum_too_small [1;31mconf=0.2608[0m
mode=OFF radar_adj=0 mom= conf=0
[1;36m23:57:38[0m [1;33mx5[0m [1;36m#1238[0m SKIP tension=[1;36m0.00000000[0m [0m| momentum_too_small [1;31mconf=0.2608[0m
mode=OFF radar_adj=0 mom= conf=0
[1;36m23:57:48[0m [1;33mx5[0m [1;36m#1239[0m SKIP tension=[1;36m0.00000121[0m [0m| momentum_too_small [1;31mconf=0.0[0m
mode=OFF radar_adj=0 mom= conf=0
[1;36m23:58:02[0m [1;33mx5[0m [1;36m#1240[0m SKIP tension=[1;36m0.00000258[0m [0m| momentum_too_small [1;31mconf=0.0[0m
mode=OFF radar_adj=0 mom= conf=0
[1;36m23:58:13[0m [1;33mx5[0m [1;36m#1241[0m SKIP tension=[1;36m0.00000152[0m [0m| momentum_too_small [1;31mconf=0.0[0m
mode=OFF radar_adj=0 mom= conf=0
[1;36m23:58:22[0m [1;33mx5[0m [1;36m#1242[0m SKIP tension=[1;36m0.00000000[0m [0m| momentum_too_small [1;31mconf=0.2608[0m
mode=OFF radar_adj=0 mom= conf=0
[1;36m23:58:32[0m [1;33mx5[0m [1;36m#1243[0m SKIP tension=[1;36m0.00000000[0m [0m| momentum_too_small [1;31mconf=0.2016[0m
mode=OFF radar_adj=0 mom= conf=0
[1;36m23:58:40[0m [1;33mx5[0m [1;36m#1244[0m SKIP tension=[1;36m0.33241033[0m [0m| wall_not_collapsed
mode=OFF radar_adj=0 mom= conf=0
[1;36m23:58:49[0m [1;33mx5[0m [1;36m#1245[0m SKIP tension=[1;36m0.00000000[0m [0m| momentum_too_small [1;31mconf=0.2016[0m
mode=OFF radar_adj=0 mom= conf=0
[1;36m23:59:00[0m [1;33mx5[0m [1;36m#1246[0m SKIP tension=[1;36m0.12086990[0m [0m| direction_unclear [1;31mconf=0.1483[0m
mode=OFF radar_adj=0 mom= conf=0
[1;36m23:59:09[0m [1;33mx5[0m [1;36m#1247[0m SKIP tension=[1;36m0.00000000[0m [0m| momentum_too_small [1;31mconf=0.2577[0m
mode=OFF radar_adj=0 mom= conf=0
[1;36m23:59:18[0m [1;33mx5[0m [1;36m#1248[0m SKIP tension=[1;36m0.00001198[0m [0m| momentum_too_small [1;31mconf=0.0[0m
mode=OFF radar_adj=0 mom= conf=0
[1;36m23:59:27[0m [1;33mx5[0m [1;36m#1249[0m SKIP tension=[1;36m0.12138308[0m [0m| direction_unclear [1;31mconf=0.1834[0m
mode=OFF radar_adj=0 mom= conf=0
[1;36m23:59:40[0m [1;33mx5[0m [1;36m#1250[0m SKIP tension=[1;36m0.00000000[0m [0m| momentum_too_small [1;31mconf=0.2908[0m
mode=OFF radar_adj=0 mom= conf=0
[1;36m23:59:48[0m [1;33mx5[0m [1;36m#1251[0m SKIP tension=[1;36m0.00000000[0m [0m| momentum_too_small [1;31mconf=0.2016[0m
mode=OFF radar_adj=0 mom= conf=0
[1;36m23:59:57[0m [1;33mx5[0m [1;36m#1252[0m SKIP tension=[1;36m0.29988567[0m [0m| low_confidence [1;31mconf=0.2879[0m
mode=OFF radar_adj=0 mom= conf=0
[1;36m00:00:07[0m [1;33mx5[0m [1;36m#1253[0m SKIP tension=[1;36m0.00000892[0m [0m| momentum_too_small [1;31mconf=0.0[0m
mode=OFF radar_adj=0 mom= conf=0
[1;36m00:00:16[0m [1;33mx5[0m [1;36m#1254[0m SKIP tension=[1;36m0.00005100[0m [0m| momentum_too_small [1;31mconf=0.0[0m
mode=OFF radar_adj=0 mom= conf=0
[1;36m00:00:24[0m [1;33mx5[0m [1;36m#1255[0m SKIP tension=[1;31m3.14140457[0m [0m| tactic short vs long
mode=OFF radar_adj=0 mom= conf=0
[1;36m00:00:38[0m [1;33mx5[0m [1;36m#1256[0m SKIP tension=[1;36m0.83667237[0m [0m| wall_not_collapsed
mode=OFF radar_adj=0 mom= conf=0
[1;36m00:00:47[0m [1;33mx5[0m [1;36m#1257[0m SKIP tension=[1;36m0.00000000[0m [0m| momentum_too_small [1;31mconf=0.211[0m
mode=OFF radar_adj=0 mom= conf=0
[1;36m00:00:56[0m [1;33mx5[0m [1;36m#1258[0m SKIP tension=[1;36m0.00000319[0m [0m| momentum_too_small [1;31mconf=0.0[0m
mode=OFF radar_adj=0 mom= conf=0
[1;36m00:01:05[0m [1;33mx5[0m [1;36m#1259[0m SKIP tension=[1;36m0.00007406[0m [0m| momentum_too_small [1;31mconf=0.0001[0m
mode=OFF radar_adj=0 mom= conf=0
[1;36m00:01:15[0m [1;33mx5[0m [1;36m#1260[0m SKIP tension=[1;36m0.00005038[0m [0m| momentum_too_small [1;31mconf=0.0001[0m
mode=OFF radar_adj=0 mom= conf=0
[1;36m00:01:24[0m [1;33mx5[0m [1;36m#1261[0m SKIP tension=[1;36m0.27002694[0m [0m| low_confidence [1;31mconf=0.2597[0m
mode=OFF radar_adj=0 mom= conf=0
[1;36m00:01:34[0m [1;33mx5[0m [1;36m#1262[0m SKIP tension=[1;36m0.00000000[0m [0m| momentum_too_small [1;31mconf=0.3357[0m
mode=OFF radar_adj=0 mom= conf=0
[1;36m00:01:43[0m [1;33mx5[0m [1;36m#1263[0m SKIP tension=[1;36m0.00000335[0m [0m| momentum_too_small [1;31mconf=0.0[0m
mode=OFF radar_adj=0 mom= conf=0
[1;36m00:01:57[0m [1;33mx5[0m [1;36m#1264[0m SKIP tension=[1;36m0.00000000[0m [0m| momentum_too_small [1;31mconf=0.343[0m
mode=OFF radar_adj=0 mom= conf=0
shockwave beta->alpha until_cycle=1275
[1;33mSWARM shockwave[0m [0m| beta -> neighbor (shock_inversion_stop)[0m
[1;36mentry=00:02:16@62829.30000000[0m [1;33mx5[0m [1;36m#1265[0m [1;31mSELL[0m tension=[1;31m3.40153070[0m hold=[1;36m7[0ms sec=[1;36m7[0m [0m| exit=62829.40000000 [1;32mconf=0.993[0m [1;36mexit_time=00:02:24[0m [1;31mpnl=-0.00256000 bps=-0.01591614 pct=-0.00015916% total=-6.447090000000001[0m
mode=OFF radar_adj=0 mom= conf=0
[1;36m00:02:36[0m [1;33mx5[0m [1;36m#1266[0m SKIP tension=[1;36m0.00004216[0m [0m| momentum_too_small [1;31mconf=0.0001[0m
mode=OFF radar_adj=0 mom= conf=0
[1;36m00:02:46[0m [1;33mx5[0m [1;36m#1267[0m SKIP tension=[1;36m0.00000000[0m [0m| momentum_too_small [1;31mconf=0.3448[0m
mode=OFF radar_adj=0 mom= conf=0
[1;36m00:02:56[0m [1;33mx5[0m [1;36m#1268[0m SKIP tension=[1;36m0.00019581[0m [0m| momentum_too_small [1;31mconf=0.0003[0m
mode=OFF radar_adj=0 mom= conf=0
[1;36m00:03:05[0m [1;33mx5[0m [1;36m#1269[0m SKIP tension=[1;36m0.00000149[0m [0m| momentum_too_small [1;31mconf=0.0[0m
mode=OFF radar_adj=0 mom= conf=0
[1;36m00:03:13[0m [1;33mx5[0m [1;36m#1270[0m SKIP tension=[1;36m0.00000000[0m [0m| momentum_too_small [1;31mconf=0.3448[0m
mode=OFF radar_adj=0 mom= conf=0
[1;36m00:03:23[0m [1;33mx5[0m [1;36m#1271[0m SKIP tension=[1;36m0.25184077[0m [0m| wall_not_collapsed
mode=OFF radar_adj=0 mom= conf=0
[1;36m00:03:33[0m [1;33mx5[0m [1;36m#1272[0m SKIP tension=[1;36m0.27003554[0m [0m| wall_not_collapsed
mode=OFF radar_adj=0 mom= conf=0
[1;36m00:03:41[0m [1;33mx5[0m [1;36m#1273[0m SKIP tension=[1;36m0.57938004[0m [0m| wall_not_collapsed
mode=OFF radar_adj=0 mom= conf=0
[1;36m00:03:50[0m [1;33mx5[0m [1;36m#1274[0m SKIP tension=[1;36m0.00440178[0m [0m| momentum_too_small [1;31mconf=0.0071[0m
mode=OFF radar_adj=0 mom= conf=0
[1;36m00:03:59[0m [1;33mx5[0m [1;36m#1275[0m SKIP tension=[1;36m0.34237156[0m [0m| wall_not_collapsed
mode=OFF radar_adj=0 mom= conf=0
[1;36m00:04:08[0m [1;33mx5[0m [1;36m#1276[0m SKIP tension=[1;36m0.00383821[0m [0m| momentum_too_small [1;31mconf=0.0062[0m
mode=OFF radar_adj=0 mom= conf=0
[1;36m00:04:18[0m [1;33mx5[0m [1;36m#1277[0m SKIP tension=[1;36m0.20563425[0m [0m| wall_not_collapsed
mode=OFF radar_adj=0 mom= conf=0
[1;36m00:04:28[0m [1;33mx5[0m [1;36m#1278[0m SKIP tension=[1;36m0.00000997[0m [0m| momentum_too_small [1;31mconf=0.0[0m
mode=OFF radar_adj=0 mom= conf=0
[1;36m00:04:38[0m [1;33mx5[0m [1;36m#1279[0m SKIP tension=[1;36m0.24902015[0m [0m| wall_not_collapsed
mode=OFF radar_adj=0 mom= conf=0
[1;36m00:04:47[0m [1;33mx5[0m [1;36m#1280[0m SKIP tension=[1;33m0.90881223[0m [0m| wall_not_collapsed
mode=OFF radar_adj=0 mom= conf=0
PROCESS_DIE | ts=2026-08-02T00:04:52Z role=SCOUT stop=STOP_BETA ec=0 last_cmd=tension_score="$(num_div "$max_wall_drop_pct" "$IMPULSE_RESONANCE_WALL_DROP_PCT")" line=1608
/tmp/ace777_launch_v85_nuage_15130.sh: line 218: 15685 Done                    { cat  <<'NUAGE_PREAMBLE'

NUAGE_TENSION_MAX_AGE_MS="${NUAGE_TENSION_MAX_AGE_MS:-800}"
ALPHA_HEARTBEAT_FILE="${ALPHA_HEARTBEAT_FILE:-/tmp/alpha_heartbeat.txt}"

# PROCESS_DIE — dernière commande si set -e / signal tue bash -s (E10)
_ACE777_DIE_LOGGED=0
ace777_process_die_log() {
  local ec=${1:-$?}
  [ "${_ACE777_DIE_LOGGED:-0}" = "1" ] && return 0
  _ACE777_DIE_LOGGED=1
  echo "PROCESS_DIE | ts=$(date -u +%Y-%m-%dT%H:%M:%SZ) role=${DUO_ROLE:-?} stop=${STOP_FILE:-?} ec=${ec} last_cmd=${BASH_COMMAND:-?} line=${BASH_LINENO[0]:-?}"
}
trap 'ace777_process_die_log $?' ERR
trap 'ace777_process_die_log $?' EXIT

duo_hunter_phase_barrier() { :; }

alpha_touch_heartbeat() {
  duo_is_hunter || return 0
  date -u +%Y-%m-%dT%H:%M:%SZ > "${ALPHA_HEARTBEAT_FILE}" 2>/dev/null || true
}

nuage_cloud_tension_gate() {
  local cycle="$1"
  local max_age="${NUAGE_TENSION_MAX_AGE_MS:-800}"
  local age_ms path
  duo_is_hunter || return 0
  path="${DUO_STATE_FILE:-runs/duo_state.json}"
  age_ms="$(ruby -rjson -e '
    path = ARGV[0]
    begin
      j = JSON.parse(File.read(path))
      ts = (j["ts_ms"].to_i rescue 0)
      age = ((Time.now.to_f * 1000).to_i - ts)
      age = 0 if age < 0
      print(age)
    rescue
      print(999999)
    end
  ' -- "$path" 2>/dev/null || echo 999999)"
  if [ "$age_ms" -gt "$max_age" ]; then
    echo "$(date -u +%FT%TZ),${cycle},SKIP,SKIPPED,,,,,0,tension_stale,reason=nuage_age_ms=${age_ms} thresh=${max_age}" >> "$LOG_FILE"
    sk_lev="$C_C"; num_ge "$current_leverage" "13" && sk_lev="$C_G"; num_le "$current_leverage" "5" && sk_lev="$C_Y"
    echo "${C_C}$(date -u +%H:%M:%S)${C_N} ${sk_lev}x$current_leverage${C_N} ${C_C}#${cycle}${C_N} SKIP ${C_Y}| tension_stale age=${age_ms}ms>${max_age}ms (NUAGE)${C_N}"
    alpha_touch_heartbeat
    return 1
  fi
  return 0
}

NUAGE_PREAMBLE
 tail -n +85 "$genesis" | awk '
      /^duo_hunter_phase_barrier\(\) \{/ {
        print "duo_hunter_phase_barrier() { :; }"
        skip=1; next
      }
      skip { if (/^\}$/) skip=0; next }
      /^[[:space:]]*duo_hunter_phase_barrier "\$i"/ {
        print "  : # NUAGE bypass barrier (index ignored)"
        next
      }
      /^[[:space:]]*duo_touch_heartbeat$/ && !hb_done {
        print "  duo_touch_heartbeat"
        print "  alpha_touch_heartbeat"
        hb_done=1; next
      }
      /^[[:space:]]*raw_qty="\$\(num_div/ && !gate_done {
        print "  if duo_is_hunter; then"
        print "    nuage_cloud_tension_gate \"$i\" || { alpha_touch_heartbeat; sleep \"$SLEEP_SEC\"; continue; }"
        print "  fi"
        gate_done=1
      }
      { print }
    '; }
     15687 Terminated: 15          | bash -s
