[1;36m--- ACE777 STRICT CLONE FUTURES TESTNET ---[0m
[1;36mLeverage ramp ON:[0m [1;36mstart=13 end=13 cycles=180[0m
[1;32mV8 Resonance ON:[0m [1;36mimpulse_thr=0.96 dt_ms=64 aspiration=1.618@37.8deg void_lock=TRUE shock_exit=TRUE[0m
[1;32mV8 Tension ON:[0m [1;36mwall_drop=6.5% dt_ms=64 filter=0.85 depth=20[0m
[1;36mSymbol=BTCUSDT[0m [1;32mLeverage=13[0m [1;36mBuyUSDT=800 Orders=TRUE[0m
mode=OFF radar_adj=0 mom= conf=0
[1;36m22:13:32[0m [1;32mx13[0m [1;36m#1[0m SKIP tension=[1;36m0.00005560[0m [0m| momentum_too_small [1;31mconf=0.0001[0m
mode=OFF radar_adj=0 mom= conf=0
[1;36m22:13:41[0m [1;32mx13[0m [1;36m#2[0m SKIP tension=[1;36m0.00004170[0m [0m| momentum_too_small [1;31mconf=0.0001[0m
mode=OFF radar_adj=0 mom= conf=0
[1;36m22:13:50[0m [1;32mx13[0m [1;36m#3[0m SKIP tension=[1;36m0.00020158[0m [0m| momentum_too_small [1;31mconf=0.0003[0m
mode=OFF radar_adj=0 mom= conf=0
[1;36m22:13:59[0m [1;32mx13[0m [1;36m#4[0m SKIP tension=[1;36m0.00000579[0m [0m| momentum_too_small [1;31mconf=0.0[0m
mode=OFF radar_adj=0 mom= conf=0
[1;36m22:14:08[0m [1;32mx13[0m [1;36m#5[0m SKIP tension=[1;36m0.00980090[0m [0m| direction_unclear [1;31mconf=0.0161[0m
mode=OFF radar_adj=0 mom= conf=0
[1;36m22:14:16[0m [1;32mx13[0m [1;36m#6[0m SKIP tension=[1;36m0.30717570[0m [0m| wall_not_collapsed
mode=OFF radar_adj=0 mom= conf=0
[1;36m22:14:25[0m [1;32mx13[0m [1;36m#7[0m SKIP tension=[1;36m0.00001840[0m [0m| momentum_too_small [1;31mconf=0.0[0m
mode=OFF radar_adj=0 mom= conf=0
[1;36m22:14:34[0m [1;32mx13[0m [1;36m#8[0m SKIP tension=[1;36m0.00634755[0m [0m| momentum_too_small [1;31mconf=0.01[0m
mode=OFF radar_adj=0 mom= conf=0
[1;36m22:14:42[0m [1;32mx13[0m [1;36m#9[0m SKIP tension=[1;36m0.00000000[0m [0m| momentum_too_small [1;31mconf=0.3041[0m
mode=OFF radar_adj=0 mom= conf=0
[1;36m22:14:50[0m [1;32mx13[0m [1;36m#10[0m SKIP tension=[1;36m0.00000830[0m [0m| momentum_too_small [1;31mconf=0.0[0m
mode=OFF radar_adj=0 mom= conf=0
[1;36m22:14:58[0m [1;32mx13[0m [1;36m#11[0m SKIP tension=[1;36m0.00033156[0m [0m| momentum_too_small [1;31mconf=0.0005[0m
mode=OFF radar_adj=0 mom= conf=0
[1;36m22:15:09[0m [1;32mx13[0m [1;36m#12[0m SKIP tension=[1;31m2.37613088[0m [0m| duo no_state
mode=OFF radar_adj=0 mom= conf=0
[1;36m22:15:18[0m [1;32mx13[0m [1;36m#13[0m SKIP tension=[1;31m2.99821276[0m [0m| duo no_state
mode=OFF radar_adj=0 mom= conf=0
[1;36m22:15:26[0m [1;32mx13[0m [1;36m#14[0m SKIP tension=[1;36m0.00007035[0m [0m| momentum_too_small [1;31mconf=0.0001[0m
mode=OFF radar_adj=0 mom= conf=0
[1;36m22:15:41[0m [1;32mx13[0m [1;36m#15[0m SKIP tension=[1;36m0.02139257[0m [0m| direction_unclear [1;31mconf=0.0342[0m
mode=OFF radar_adj=0 mom= conf=0
[1;36m22:15:50[0m [1;32mx13[0m [1;36m#16[0m SKIP tension=[1;36m0.00013728[0m [0m| momentum_too_small [1;31mconf=0.0002[0m
mode=OFF radar_adj=0 mom= conf=0
[1;36m22:15:58[0m [1;32mx13[0m [1;36m#17[0m SKIP tension=[1;36m0.00000000[0m [0m| momentum_too_small [1;31mconf=0.3355[0m
mode=OFF radar_adj=0 mom= conf=0
[1;36m22:16:06[0m [1;32mx13[0m [1;36m#18[0m SKIP tension=[1;36m0.00000000[0m [0m| momentum_too_small [1;31mconf=0.3355[0m
mode=OFF radar_adj=0 mom= conf=0
[1;36m22:16:15[0m [1;32mx13[0m [1;36m#19[0m SKIP tension=[1;36m0.00002007[0m [0m| momentum_too_small [1;31mconf=0.0[0m
mode=OFF radar_adj=0 mom= conf=0
[1;36m22:16:23[0m [1;32mx13[0m [1;36m#20[0m SKIP tension=[1;36m0.00000000[0m [0m| momentum_too_small [1;31mconf=0.3372[0m
mode=OFF radar_adj=0 mom= conf=0
[1;36m22:16:31[0m [1;32mx13[0m [1;36m#21[0m SKIP tension=[1;32m1.33972202[0m [0m| duo no_state
mode=OFF radar_adj=0 mom= conf=0
[1;36m22:16:39[0m [1;32mx13[0m [1;36m#22[0m SKIP tension=[1;36m0.82729861[0m [0m| wall_not_collapsed
mode=OFF radar_adj=0 mom= conf=0
[1;36m22:16:52[0m [1;32mx13[0m [1;36m#23[0m SKIP tension=[1;36m0.00009640[0m [0m| momentum_too_small [1;31mconf=0.0002[0m
mode=OFF radar_adj=0 mom= conf=0
[1;36m22:17:01[0m [1;32mx13[0m [1;36m#24[0m SKIP tension=[1;31m2.95319756[0m [0m| duo no_state
mode=OFF radar_adj=0 mom= conf=0
[1;36m22:17:09[0m [1;32mx13[0m [1;36m#25[0m SKIP tension=[1;36m0.00004200[0m [0m| momentum_too_small [1;31mconf=0.0001[0m
mode=OFF radar_adj=0 mom= conf=0
[1;36m22:17:17[0m [1;32mx13[0m [1;36m#26[0m SKIP tension=[1;36m0.25606680[0m [0m| wall_not_collapsed
mode=OFF radar_adj=0 mom= conf=0
[1;36m22:17:25[0m [1;32mx13[0m [1;36m#27[0m SKIP tension=[1;36m0.00003060[0m [0m| momentum_too_small [1;31mconf=0.0[0m
mode=OFF radar_adj=0 mom= conf=0
[1;36m22:17:38[0m [1;32mx13[0m [1;36m#28[0m SKIP tension=[1;36m0.02411783[0m [0m| direction_unclear [1;31mconf=0.0391[0m
mode=OFF radar_adj=0 mom= conf=0
[1;36m22:17:48[0m [1;32mx13[0m [1;36m#29[0m SKIP tension=[1;36m0.04206719[0m [0m| direction_unclear [1;31mconf=0.0682[0m
mode=OFF radar_adj=0 mom= conf=0
[1;36m22:18:00[0m [1;32mx13[0m [1;36m#30[0m SKIP tension=[1;36m0.00003547[0m [0m| momentum_too_small [1;31mconf=0.0001[0m
mode=OFF radar_adj=0 mom= conf=0
[1;36m22:18:08[0m [1;32mx13[0m [1;36m#31[0m SKIP tension=[1;36m0.00029853[0m [0m| momentum_too_small [1;31mconf=0.0005[0m
mode=OFF radar_adj=0 mom= conf=0
[1;36m22:18:16[0m [1;32mx13[0m [1;36m#32[0m SKIP tension=[1;36m0.00000000[0m [0m| momentum_too_small [1;31mconf=0.3355[0m
mode=OFF radar_adj=0 mom= conf=0
[1;36m22:18:25[0m [1;32mx13[0m [1;36m#33[0m SKIP tension=[1;36m0.00000000[0m [0m| momentum_too_small [1;31mconf=0.3355[0m
mode=OFF radar_adj=0 mom= conf=0
[1;36m22:18:32[0m [1;32mx13[0m [1;36m#34[0m SKIP tension=[1;36m0.00007909[0m [0m| momentum_too_small [1;31mconf=0.0001[0m
mode=OFF radar_adj=0 mom= conf=0
[1;36m22:18:40[0m [1;32mx13[0m [1;36m#35[0m SKIP tension=[1;36m0.00000000[0m [0m| momentum_too_small [1;31mconf=0.3355[0m
mode=OFF radar_adj=0 mom= conf=0
[1;36m22:18:48[0m [1;32mx13[0m [1;36m#36[0m SKIP tension=[1;36m0.00006328[0m [0m| momentum_too_small [1;31mconf=0.0001[0m
mode=OFF radar_adj=0 mom= conf=0
[1;36m22:18:56[0m [1;32mx13[0m [1;36m#37[0m SKIP tension=[1;36m0.00027128[0m [0m| momentum_too_small [1;31mconf=0.0004[0m
mode=OFF radar_adj=0 mom= conf=0
[1;36m22:19:04[0m [1;32mx13[0m [1;36m#38[0m SKIP tension=[1;36m0.00000000[0m [0m| momentum_too_small [1;31mconf=0.3406[0m
mode=OFF radar_adj=0 mom= conf=0
[1;36m22:19:12[0m [1;32mx13[0m [1;36m#39[0m SKIP tension=[1;36m0.00000000[0m [0m| momentum_too_small [1;31mconf=0.3406[0m
mode=OFF radar_adj=0 mom= conf=0
[1;36m22:19:20[0m [1;32mx13[0m [1;36m#40[0m SKIP tension=[1;36m0.00000000[0m [0m| momentum_too_small [1;31mconf=0.3355[0m
mode=OFF radar_adj=0 mom= conf=0
[1;36m22:19:28[0m [1;32mx13[0m [1;36m#41[0m SKIP tension=[1;36m0.00023460[0m [0m| momentum_too_small [1;31mconf=0.0004[0m
mode=OFF radar_adj=0 mom= conf=0
[1;36m22:19:37[0m [1;32mx13[0m [1;36m#42[0m SKIP tension=[1;36m0.00000000[0m [0m| momentum_too_small [1;31mconf=0.3355[0m
mode=OFF radar_adj=0 mom= conf=0
[1;36m22:19:46[0m [1;32mx13[0m [1;36m#43[0m SKIP tension=[1;31m7.28337858[0m [0m| duo no_trigger
mode=OFF radar_adj=0 mom= conf=0
[1;36m22:19:54[0m [1;32mx13[0m [1;36m#44[0m SKIP tension=[1;36m0.00042904[0m [0m| momentum_too_small [1;31mconf=0.0007[0m
mode=OFF radar_adj=0 mom= conf=0
[1;36m22:20:02[0m [1;32mx13[0m [1;36m#45[0m SKIP tension=[1;36m0.00013374[0m [0m| momentum_too_small [1;31mconf=0.0002[0m
mode=OFF radar_adj=0 mom= conf=0
[1;36m22:20:10[0m [1;32mx13[0m [1;36m#46[0m SKIP tension=[1;31m2.72621693[0m [0m| duo no_trigger
mode=OFF radar_adj=0 mom= conf=0
[1;36m22:20:18[0m [1;32mx13[0m [1;36m#47[0m SKIP tension=[1;36m0.02521096[0m [0m| direction_unclear [1;31mconf=0.0403[0m
mode=OFF radar_adj=0 mom= conf=0
[1;36m22:20:27[0m [1;32mx13[0m [1;36m#48[0m SKIP tension=[1;36m0.00005737[0m [0m| momentum_too_small [1;31mconf=0.0001[0m
mode=OFF radar_adj=0 mom= conf=0
[1;36m22:20:35[0m [1;32mx13[0m [1;36m#49[0m SKIP tension=[1;31m2.72639944[0m [0m| duo no_trigger
mode=OFF radar_adj=0 mom= conf=0
[1;36m22:20:44[0m [1;32mx13[0m [1;36m#50[0m SKIP tension=[1;31m3.77130665[0m [0m| duo no_trigger
mode=OFF radar_adj=0 mom= conf=0
[1;36m22:20:53[0m [1;32mx13[0m [1;36m#51[0m SKIP tension=[1;31m2.72530606[0m [0m| duo no_trigger
mode=OFF radar_adj=0 mom= conf=0
[1;36m22:21:01[0m [1;32mx13[0m [1;36m#52[0m SKIP tension=[1;36m0.00045427[0m [0m| momentum_too_small [1;31mconf=0.0006[0m
mode=OFF radar_adj=0 mom= conf=0
[1;36m22:21:09[0m [1;32mx13[0m [1;36m#53[0m SKIP tension=[1;36m0.00005974[0m [0m| momentum_too_small [1;31mconf=0.0001[0m
mode=OFF radar_adj=0 mom= conf=0
[1;36m22:21:17[0m [1;32mx13[0m [1;36m#54[0m SKIP tension=[1;36m0.00000000[0m [0m| momentum_too_small [1;31mconf=0.2738[0m
mode=OFF radar_adj=0 mom= conf=0
[1;36m22:21:26[0m [1;32mx13[0m [1;36m#55[0m SKIP tension=[1;36m0.00000000[0m [0m| momentum_too_small [1;31mconf=0.2738[0m
mode=OFF radar_adj=0 mom= conf=0
[1;36m22:21:34[0m [1;32mx13[0m [1;36m#56[0m SKIP tension=[1;36m0.00000000[0m [0m| momentum_too_small [1;31mconf=0.2839[0m
mode=OFF radar_adj=0 mom= conf=0
[1;36m22:21:42[0m [1;32mx13[0m [1;36m#57[0m SKIP tension=[1;36m0.00017060[0m [0m| momentum_too_small [1;31mconf=0.0002[0m
mode=OFF radar_adj=0 mom= conf=0
[1;36m22:21:51[0m [1;32mx13[0m [1;36m#58[0m SKIP tension=[1;31m7.29303084[0m [0m| duo no_trigger
mode=OFF radar_adj=0 mom= conf=0
[1;36m22:21:59[0m [1;32mx13[0m [1;36m#59[0m SKIP tension=[1;36m0.00062781[0m [0m| momentum_too_small [1;31mconf=0.0008[0m
mode=OFF radar_adj=0 mom= conf=0
[1;36m22:22:07[0m [1;32mx13[0m [1;36m#60[0m SKIP tension=[1;36m0.00055744[0m [0m| momentum_too_small [1;31mconf=0.0007[0m
mode=OFF radar_adj=0 mom= conf=0
[1;36m22:22:15[0m [1;32mx13[0m [1;36m#61[0m SKIP tension=[1;36m0.00000000[0m [0m| momentum_too_small [1;31mconf=0.3123[0m
mode=OFF radar_adj=0 mom= conf=0
[1;36m22:22:23[0m [1;32mx13[0m [1;36m#62[0m SKIP tension=[1;36m0.00000000[0m [0m| momentum_too_small [1;31mconf=0.3123[0m
mode=OFF radar_adj=0 mom= conf=0
[1;36m22:22:32[0m [1;32mx13[0m [1;36m#63[0m SKIP tension=[1;36m0.00000000[0m [0m| momentum_too_small [1;31mconf=0.3173[0m
mode=OFF radar_adj=0 mom= conf=0
[1;36m22:22:40[0m [1;32mx13[0m [1;36m#64[0m SKIP tension=[1;36m0.00000000[0m [0m| momentum_too_small [1;31mconf=0.3173[0m
mode=OFF radar_adj=0 mom= conf=0
[1;36m22:22:49[0m [1;32mx13[0m [1;36m#65[0m SKIP tension=[1;36m0.00007022[0m [0m| momentum_too_small [1;31mconf=0.0001[0m
mode=OFF radar_adj=0 mom= conf=0
[1;36m22:22:57[0m [1;32mx13[0m [1;36m#66[0m SKIP tension=[1;36m0.00003186[0m [0m| momentum_too_small [1;31mconf=0.0[0m
mode=OFF radar_adj=0 mom= conf=0
[1;36m22:23:05[0m [1;32mx13[0m [1;36m#67[0m SKIP tension=[1;36m0.01343667[0m [0m| direction_unclear [1;31mconf=0.02[0m
mode=OFF radar_adj=0 mom= conf=0
[1;36m22:23:15[0m [1;32mx13[0m [1;36m#68[0m SKIP tension=[1;36m0.00146740[0m [0m| momentum_too_small [1;31mconf=0.0022[0m
mode=OFF radar_adj=0 mom= conf=0
[1;36m22:23:29[0m [1;32mx13[0m [1;36m#69[0m SKIP tension=[1;36m0.01037512[0m [0m| direction_unclear [1;31mconf=0.0157[0m
mode=OFF radar_adj=0 mom= conf=0
[1;36m22:23:39[0m [1;32mx13[0m [1;36m#70[0m SKIP tension=[1;36m0.00032680[0m [0m| momentum_too_small [1;31mconf=0.0005[0m
mode=OFF radar_adj=0 mom= conf=0
[1;36m22:23:47[0m [1;32mx13[0m [1;36m#71[0m SKIP tension=[1;36m0.00030166[0m [0m| momentum_too_small [1;31mconf=0.0004[0m
mode=OFF radar_adj=0 mom= conf=0
[1;36m22:23:56[0m [1;32mx13[0m [1;36m#72[0m SKIP tension=[1;36m0.00000000[0m [0m| momentum_too_small [1;31mconf=0.3123[0m
mode=OFF radar_adj=0 mom= conf=0
[1;36m22:24:04[0m [1;32mx13[0m [1;36m#73[0m SKIP tension=[1;36m0.00150370[0m [0m| momentum_too_small [1;31mconf=0.0022[0m
mode=OFF radar_adj=0 mom= conf=0
[1;36m22:24:12[0m [1;32mx13[0m [1;36m#74[0m SKIP tension=[1;36m0.00005980[0m [0m| momentum_too_small [1;31mconf=0.0001[0m
mode=OFF radar_adj=0 mom= conf=0
[1;36m22:24:20[0m [1;32mx13[0m [1;36m#75[0m SKIP tension=[1;36m0.00001110[0m [0m| momentum_too_small [1;31mconf=0.0[0m
mode=OFF radar_adj=0 mom= conf=0
[1;36m22:24:29[0m [1;32mx13[0m [1;36m#76[0m SKIP tension=[1;36m0.00005962[0m [0m| momentum_too_small [1;31mconf=0.0001[0m
mode=OFF radar_adj=0 mom= conf=0
[1;36m22:24:37[0m [1;32mx13[0m [1;36m#77[0m SKIP [1;33m| tension_stale age=3402ms>800ms (NUAGE)[0m
mode=OFF radar_adj=0 mom= conf=0
[1;36m22:24:46[0m [1;32mx13[0m [1;36m#78[0m SKIP [1;33m| tension_stale age=4490ms>800ms (NUAGE)[0m
mode=OFF radar_adj=0 mom= conf=0
[1;36m22:24:55[0m [1;32mx13[0m [1;36m#79[0m SKIP tension=[1;36m0.00000000[0m [0m| momentum_too_small [1;31mconf=0.3325[0m
mode=OFF radar_adj=0 mom= conf=0
[1;36m22:25:04[0m [1;32mx13[0m [1;36m#80[0m SKIP tension=[1;36m0.00046262[0m [0m| momentum_too_small [1;31mconf=0.0007[0m
mode=OFF radar_adj=0 mom= conf=0
[1;36m22:25:12[0m [1;32mx13[0m [1;36m#81[0m SKIP tension=[1;36m0.00000242[0m [0m| momentum_too_small [1;31mconf=0.0[0m
mode=OFF radar_adj=0 mom= conf=0
[1;36m22:25:20[0m [1;32mx13[0m [1;36m#82[0m SKIP tension=[1;36m0.00000000[0m [0m| momentum_too_small [1;31mconf=0.3321[0m
mode=OFF radar_adj=0 mom= conf=0
[1;36m22:25:30[0m [1;32mx13[0m [1;36m#83[0m SKIP tension=[1;32m1.06953365[0m [0m| duo no_trigger
mode=OFF radar_adj=0 mom= conf=0
[1;36m22:25:43[0m [1;32mx13[0m [1;36m#84[0m SKIP tension=[1;36m0.51680176[0m [0m| wall_not_collapsed
mode=OFF radar_adj=0 mom= conf=0
[1;36m22:25:52[0m [1;32mx13[0m [1;36m#85[0m SKIP tension=[1;36m0.00000000[0m [0m| momentum_too_small [1;31mconf=0.3247[0m
mode=OFF radar_adj=0 mom= conf=0
[1;36m22:26:00[0m [1;32mx13[0m [1;36m#86[0m SKIP tension=[1;36m0.00000435[0m [0m| momentum_too_small [1;31mconf=0.0[0m
mode=OFF radar_adj=0 mom= conf=0
[1;36m22:26:08[0m [1;32mx13[0m [1;36m#87[0m SKIP tension=[1;36m0.10724207[0m [0m| direction_unclear [1;31mconf=0.1657[0m
mode=OFF radar_adj=0 mom= conf=0
[1;36m22:26:17[0m [1;32mx13[0m [1;36m#88[0m SKIP tension=[1;36m0.00000000[0m [0m| momentum_too_small [1;31mconf=0.324[0m
mode=OFF radar_adj=0 mom= conf=0
[1;36m22:26:26[0m [1;32mx13[0m [1;36m#89[0m SKIP tension=[1;36m0.00000000[0m [0m| momentum_too_small [1;31mconf=0.3493[0m
mode=OFF radar_adj=0 mom= conf=0
[1;36m22:26:34[0m [1;32mx13[0m [1;36m#90[0m SKIP tension=[1;36m0.00002628[0m [0m| momentum_too_small [1;31mconf=0.0[0m
mode=OFF radar_adj=0 mom= conf=0
[1;36m22:26:42[0m [1;32mx13[0m [1;36m#91[0m SKIP tension=[1;36m0.00000000[0m [0m| momentum_too_small [1;31mconf=0.3466[0m
mode=OFF radar_adj=0 mom= conf=0
[1;36m22:26:50[0m [1;32mx13[0m [1;36m#92[0m SKIP tension=[1;36m0.00000000[0m [0m| momentum_too_small [1;31mconf=0.3345[0m
mode=OFF radar_adj=0 mom= conf=0
[1;36m22:26:59[0m [1;32mx13[0m [1;36m#93[0m SKIP tension=[1;36m0.08455542[0m [0m| direction_unclear [1;31mconf=0.0114[0m
mode=OFF radar_adj=0 mom= conf=0
[1;36m22:27:07[0m [1;32mx13[0m [1;36m#94[0m SKIP tension=[1;36m0.00000840[0m [0m| momentum_too_small [1;31mconf=0.0[0m
mode=OFF radar_adj=0 mom= conf=0
[1;36m22:27:15[0m [1;32mx13[0m [1;36m#95[0m SKIP tension=[1;36m0.00003436[0m [0m| momentum_too_small [1;31mconf=0.0[0m
mode=OFF radar_adj=0 mom= conf=0
[1;36m22:27:23[0m [1;32mx13[0m [1;36m#96[0m SKIP tension=[1;33m0.98824564[0m [0m| wall_not_collapsed
mode=OFF radar_adj=0 mom= conf=0
[1;36m22:27:38[0m [1;32mx13[0m [1;36m#97[0m SKIP tension=[1;36m0.00006212[0m [0m| momentum_too_small [1;31mconf=0.0001[0m
mode=OFF radar_adj=0 mom= conf=0
[1;36m22:27:46[0m [1;32mx13[0m [1;36m#98[0m SKIP tension=[1;36m0.00002932[0m [0m| momentum_too_small [1;31mconf=0.0[0m
mode=OFF radar_adj=0 mom= conf=0
[1;36m22:27:55[0m [1;32mx13[0m [1;36m#99[0m SKIP tension=[1;36m0.00000728[0m [0m| momentum_too_small [1;31mconf=0.0[0m
mode=OFF radar_adj=0 mom= conf=0
[1;36m22:28:03[0m [1;32mx13[0m [1;36m#100[0m SKIP tension=[1;36m0.00006076[0m [0m| momentum_too_small [1;31mconf=0.0001[0m
mode=OFF radar_adj=0 mom= conf=0
[1;36m22:28:11[0m [1;32mx13[0m [1;36m#101[0m SKIP tension=[1;36m0.00021263[0m [0m| momentum_too_small [1;31mconf=0.0002[0m
mode=OFF radar_adj=0 mom= conf=0
[1;36m22:28:19[0m [1;32mx13[0m [1;36m#102[0m SKIP tension=[1;36m0.00013688[0m [0m| momentum_too_small [1;31mconf=0.0002[0m
mode=OFF radar_adj=0 mom= conf=0
[1;36m22:28:28[0m [1;32mx13[0m [1;36m#103[0m SKIP tension=[1;36m0.00000000[0m [0m| spread_too_wide [1;31mconf=0.0[0m
mode=OFF radar_adj=0 mom= conf=0
[1;36m22:28:37[0m [1;32mx13[0m [1;36m#104[0m SKIP tension=[1;32m1.21267568[0m [0m| spread_too_wide [1;33mconf=0.5[0m
mode=OFF radar_adj=0 mom= conf=0
[1;36m22:28:45[0m [1;32mx13[0m [1;36m#105[0m SKIP tension=[1;36m0.00000000[0m [0m| spread_too_wide [1;31mconf=0.0[0m
mode=OFF radar_adj=0 mom= conf=0
[1;36m22:28:54[0m [1;32mx13[0m [1;36m#106[0m SKIP tension=[1;31m3.85943293[0m [0m| spread_too_wide [1;33mconf=0.5[0m
mode=OFF radar_adj=0 mom= conf=0
[1;36m22:29:02[0m [1;32mx13[0m [1;36m#107[0m SKIP tension=[1;36m0.00000000[0m [0m| spread_too_wide [1;31mconf=0.0[0m
mode=OFF radar_adj=0 mom= conf=0
[1;36m22:29:12[0m [1;32mx13[0m [1;36m#108[0m SKIP tension=[1;36m0.00000000[0m [0m| spread_too_wide [1;31mconf=0.0[0m
mode=OFF radar_adj=0 mom= conf=0
[1;36m22:29:21[0m [1;32mx13[0m [1;36m#109[0m SKIP tension=[1;36m0.00000000[0m [0m| momentum_too_small [1;31mconf=0.1752[0m
mode=OFF radar_adj=0 mom= conf=0
[1;36m22:29:29[0m [1;32mx13[0m [1;36m#110[0m SKIP tension=[1;36m0.00003805[0m [0m| spread_too_wide [1;31mconf=0.0[0m
mode=OFF radar_adj=0 mom= conf=0
[1;36m22:29:38[0m [1;32mx13[0m [1;36m#111[0m SKIP tension=[1;32m1.55308691[0m [0m| spread_too_wide [1;33mconf=0.5[0m
mode=OFF radar_adj=0 mom= conf=0
[1;36m22:29:46[0m [1;32mx13[0m [1;36m#112[0m SKIP tension=[1;36m0.00004403[0m [0m| spread_too_wide [1;31mconf=0.0[0m
mode=OFF radar_adj=0 mom= conf=0
[1;36m22:29:55[0m [1;32mx13[0m [1;36m#113[0m SKIP [1;33m| tension_stale age=10826ms>800ms (NUAGE)[0m
mode=OFF radar_adj=0 mom= conf=0
[1;36m22:30:04[0m [1;32mx13[0m [1;36m#114[0m SKIP tension=[1;36m0.00004079[0m [0m| momentum_too_small [1;31mconf=0.0001[0m
mode=OFF radar_adj=0 mom= conf=0
[1;36m22:30:12[0m [1;32mx13[0m [1;36m#115[0m SKIP tension=[1;36m0.00000000[0m [0m| momentum_too_small [1;31mconf=0.3129[0m
mode=OFF radar_adj=0 mom= conf=0
[1;36m22:30:22[0m [1;32mx13[0m [1;36m#116[0m SKIP tension=[1;36m0.10444456[0m [0m| direction_unclear [1;31mconf=0.1556[0m
mode=OFF radar_adj=0 mom= conf=0
[1;36m22:30:30[0m [1;32mx13[0m [1;36m#117[0m SKIP tension=[1;36m0.00000194[0m [0m| momentum_too_small [1;31mconf=0.0[0m
mode=OFF radar_adj=0 mom= conf=0
[1;36m22:30:38[0m [1;32mx13[0m [1;36m#118[0m SKIP tension=[1;36m0.00008226[0m [0m| momentum_too_small [1;31mconf=0.0001[0m
mode=OFF radar_adj=0 mom= conf=0
[1;36m22:30:46[0m [1;32mx13[0m [1;36m#119[0m SKIP tension=[1;36m0.00046780[0m [0m| spread_too_wide [1;31mconf=0.0004[0m
mode=OFF radar_adj=0 mom= conf=0
[1;36m22:30:55[0m [1;32mx13[0m [1;36m#120[0m SKIP tension=[1;36m0.16890607[0m [0m| direction_unclear [1;31mconf=0.255[0m
mode=OFF radar_adj=0 mom= conf=0
[1;36m22:31:03[0m [1;32mx13[0m [1;36m#121[0m SKIP tension=[1;36m0.00006783[0m [0m| spread_too_wide [1;31mconf=0.0001[0m
mode=OFF radar_adj=0 mom= conf=0
[1;36m22:31:11[0m [1;32mx13[0m [1;36m#122[0m SKIP tension=[1;36m0.00002474[0m [0m| momentum_too_small [1;31mconf=0.0[0m
mode=OFF radar_adj=0 mom= conf=0
[1;36m22:31:20[0m [1;32mx13[0m [1;36m#123[0m SKIP tension=[1;36m0.00038878[0m [0m| momentum_too_small [1;31mconf=0.0004[0m
mode=OFF radar_adj=0 mom= conf=0
[1;36m22:31:28[0m [1;32mx13[0m [1;36m#124[0m SKIP tension=[1;36m0.00000000[0m [0m| momentum_too_small [1;31mconf=0.3129[0m
mode=OFF radar_adj=0 mom= conf=0
[1;36m22:31:36[0m [1;32mx13[0m [1;36m#125[0m SKIP tension=[1;36m0.00000873[0m [0m| momentum_too_small [1;31mconf=0.0[0m
mode=OFF radar_adj=0 mom= conf=0
[1;36m22:31:45[0m [1;32mx13[0m [1;36m#126[0m SKIP [1;33m| tension_stale age=1406ms>800ms (NUAGE)[0m
mode=OFF radar_adj=0 mom= conf=0
[1;36m22:31:54[0m [1;32mx13[0m [1;36m#127[0m SKIP [1;33m| tension_stale age=1513ms>800ms (NUAGE)[0m
mode=OFF radar_adj=0 mom= conf=0
[1;36m22:32:07[0m [1;32mx13[0m [1;36m#128[0m SKIP tension=[1;36m0.00008847[0m [0m| momentum_too_small [1;31mconf=0.0001[0m
mode=OFF radar_adj=0 mom= conf=0
[1;36m22:32:15[0m [1;32mx13[0m [1;36m#129[0m SKIP tension=[1;36m0.00000000[0m [0m| momentum_too_small [1;31mconf=0.3129[0m
mode=OFF radar_adj=0 mom= conf=0
[1;36m22:32:26[0m [1;32mx13[0m [1;36m#130[0m SKIP tension=[1;31m2.78949034[0m [0m| duo no_trigger
mode=OFF radar_adj=0 mom= conf=0
[1;36m22:32:34[0m [1;32mx13[0m [1;36m#131[0m SKIP tension=[1;36m0.00000000[0m [0m| momentum_too_small [1;31mconf=0.3311[0m
mode=OFF radar_adj=0 mom= conf=0
[1;36m22:32:42[0m [1;32mx13[0m [1;36m#132[0m SKIP tension=[1;36m0.00000194[0m [0m| momentum_too_small [1;31mconf=0.0[0m
mode=OFF radar_adj=0 mom= conf=0
[1;36m22:32:50[0m [1;32mx13[0m [1;36m#133[0m SKIP tension=[1;33m0.90244206[0m [0m| wall_not_collapsed
mode=OFF radar_adj=0 mom= conf=0
[1;36m22:32:59[0m [1;32mx13[0m [1;36m#134[0m SKIP tension=[1;32m1.05391602[0m [0m| duo no_trigger
mode=OFF radar_adj=0 mom= conf=0
[1;36m22:33:08[0m [1;32mx13[0m [1;36m#135[0m SKIP tension=[1;36m0.00007732[0m [0m| momentum_too_small [1;31mconf=0.0001[0m
mode=OFF radar_adj=0 mom= conf=0
[1;36m22:33:16[0m [1;32mx13[0m [1;36m#136[0m SKIP tension=[1;36m0.00000048[0m [0m| momentum_too_small [1;31mconf=0.0[0m
mode=OFF radar_adj=0 mom= conf=0
[1;36m22:33:25[0m [1;32mx13[0m [1;36m#137[0m SKIP tension=[1;36m0.00001096[0m [0m| momentum_too_small [1;31mconf=0.0[0m
mode=OFF radar_adj=0 mom= conf=0
[1;36m22:33:33[0m [1;32mx13[0m [1;36m#138[0m SKIP tension=[1;36m0.00009269[0m [0m| momentum_too_small [1;31mconf=0.0001[0m
mode=OFF radar_adj=0 mom= conf=0
[1;36m22:33:53[0m [1;32mx13[0m [1;36m#139[0m SKIP tension=[1;31m2.17043551[0m [0m| duo no_trigger
mode=OFF radar_adj=0 mom= conf=0
[1;36m22:34:07[0m [1;32mx13[0m [1;36m#140[0m SKIP tension=[1;36m0.75761648[0m [0m| wall_not_collapsed
mode=OFF radar_adj=0 mom= conf=0
[1;36m22:34:20[0m [1;32mx13[0m [1;36m#141[0m SKIP tension=[1;36m0.00058265[0m [0m| momentum_too_small [1;31mconf=0.0009[0m
mode=OFF radar_adj=0 mom= conf=0
[1;36m22:34:34[0m [1;32mx13[0m [1;36m#142[0m SKIP tension=[1;36m0.67305848[0m [0m| wall_not_collapsed
mode=OFF radar_adj=0 mom= conf=0
[1;36m22:34:42[0m [1;32mx13[0m [1;36m#143[0m SKIP tension=[1;36m0.00000000[0m [0m| momentum_too_small [1;31mconf=0.3173[0m
mode=OFF radar_adj=0 mom= conf=0
[1;36m22:34:51[0m [1;32mx13[0m [1;36m#144[0m SKIP tension=[1;36m0.00000218[0m [0m| momentum_too_small [1;31mconf=0.0[0m
mode=OFF radar_adj=0 mom= conf=0
[1;36m22:34:59[0m [1;32mx13[0m [1;36m#145[0m SKIP tension=[1;32m1.91545895[0m [0m| duo no_trigger
mode=OFF radar_adj=0 mom= conf=0
[1;36m22:35:08[0m [1;32mx13[0m [1;36m#146[0m SKIP tension=[1;32m1.47683725[0m [0m| duo no_trigger
mode=OFF radar_adj=0 mom= conf=0
[1;36m22:35:21[0m [1;32mx13[0m [1;36m#147[0m SKIP tension=[1;36m0.00003540[0m [0m| momentum_too_small [1;31mconf=0.0001[0m
mode=OFF radar_adj=0 mom= conf=0
[1;36m22:35:30[0m [1;32mx13[0m [1;36m#148[0m SKIP tension=[1;36m0.00000000[0m [0m| momentum_too_small [1;31mconf=0.3493[0m
mode=OFF radar_adj=0 mom= conf=0
[1;36m22:35:39[0m [1;32mx13[0m [1;36m#149[0m SKIP tension=[1;36m0.00000000[0m [0m| momentum_too_small [1;31mconf=0.3237[0m
mode=OFF radar_adj=0 mom= conf=0
[1;36m22:35:47[0m [1;32mx13[0m [1;36m#150[0m SKIP tension=[1;36m0.00000000[0m [0m| momentum_too_small [1;31mconf=0.2253[0m
mode=OFF radar_adj=0 mom= conf=0
[1;36m22:35:55[0m [1;32mx13[0m [1;36m#151[0m SKIP tension=[1;36m0.00000194[0m [0m| momentum_too_small [1;31mconf=0.0[0m
mode=OFF radar_adj=0 mom= conf=0
[1;36m22:36:03[0m [1;32mx13[0m [1;36m#152[0m SKIP tension=[1;36m0.00003775[0m [0m| momentum_too_small [1;31mconf=0.0[0m
mode=OFF radar_adj=0 mom= conf=0
[1;36m22:36:11[0m [1;32mx13[0m [1;36m#153[0m SKIP tension=[1;32m1.23357708[0m [0m| duo no_trigger
mode=OFF radar_adj=0 mom= conf=0
[1;36m22:36:20[0m [1;32mx13[0m [1;36m#154[0m SKIP tension=[1;36m0.00003445[0m [0m| momentum_too_small [1;31mconf=0.0[0m
mode=OFF radar_adj=0 mom= conf=0
[1;36m22:36:28[0m [1;32mx13[0m [1;36m#155[0m SKIP tension=[1;36m0.00002102[0m [0m| momentum_too_small [1;31mconf=0.0[0m
mode=OFF radar_adj=0 mom= conf=0
[1;36m22:36:36[0m [1;32mx13[0m [1;36m#156[0m SKIP tension=[1;36m0.00000000[0m [0m| momentum_too_small [1;31mconf=0.2853[0m
mode=OFF radar_adj=0 mom= conf=0
[1;36m22:36:45[0m [1;32mx13[0m [1;36m#157[0m SKIP tension=[1;36m0.65044200[0m [0m| wall_not_collapsed
mode=OFF radar_adj=0 mom= conf=0
[1;36m22:36:55[0m [1;32mx13[0m [1;36m#158[0m SKIP [1;33m| tension_stale age=1041ms>800ms (NUAGE)[0m
mode=OFF radar_adj=0 mom= conf=0
[1;36m22:37:03[0m [1;32mx13[0m [1;36m#159[0m SKIP tension=[1;36m0.52919440[0m [0m| wall_not_collapsed
mode=OFF radar_adj=0 mom= conf=0
[1;36m22:37:17[0m [1;32mx13[0m [1;36m#160[0m SKIP tension=[1;36m0.06768221[0m [0m| direction_unclear [1;31mconf=0.011[0m
mode=OFF radar_adj=0 mom= conf=0
[1;36m22:37:25[0m [1;32mx13[0m [1;36m#161[0m SKIP tension=[1;36m0.00000000[0m [0m| momentum_too_small [1;31mconf=0.3335[0m
mode=OFF radar_adj=0 mom= conf=0
[1;36m22:37:33[0m [1;32mx13[0m [1;36m#162[0m SKIP tension=[1;33m0.89923353[0m [0m| wall_not_collapsed
mode=OFF radar_adj=0 mom= conf=0
[1;36m22:37:41[0m [1;32mx13[0m [1;36m#163[0m SKIP tension=[1;36m0.00001966[0m [0m| momentum_too_small [1;31mconf=0.0[0m
mode=OFF radar_adj=0 mom= conf=0
[1;36m22:37:50[0m [1;32mx13[0m [1;36m#164[0m SKIP tension=[1;36m0.06672057[0m [0m| direction_unclear [1;31mconf=0.0124[0m
mode=OFF radar_adj=0 mom= conf=0
[1;36m22:38:05[0m [1;32mx13[0m [1;36m#165[0m SKIP tension=[1;32m1.20206417[0m [0m| duo no_trigger
mode=OFF radar_adj=0 mom= conf=0
[1;36m22:38:13[0m [1;32mx13[0m [1;36m#166[0m SKIP tension=[1;36m0.00003060[0m [0m| momentum_too_small [1;31mconf=0.0[0m
mode=OFF radar_adj=0 mom= conf=0
[1;36m22:38:21[0m [1;32mx13[0m [1;36m#167[0m SKIP tension=[1;36m0.00000000[0m [0m| momentum_too_small [1;31mconf=0.3264[0m
mode=OFF radar_adj=0 mom= conf=0
[1;36m22:38:29[0m [1;32mx13[0m [1;36m#168[0m SKIP tension=[1;36m0.76508990[0m [0m| wall_not_collapsed
mode=OFF radar_adj=0 mom= conf=0
[1;36m22:38:37[0m [1;32mx13[0m [1;36m#169[0m SKIP tension=[1;36m0.00001576[0m [0m| momentum_too_small [1;31mconf=0.0[0m
mode=OFF radar_adj=0 mom= conf=0
[1;36m22:38:45[0m [1;32mx13[0m [1;36m#170[0m SKIP tension=[1;36m0.00000000[0m [0m| momentum_too_small [1;31mconf=0.3264[0m
mode=OFF radar_adj=0 mom= conf=0
[1;36m22:38:53[0m [1;32mx13[0m [1;36m#171[0m SKIP tension=[1;36m0.00024118[0m [0m| momentum_too_small [1;31mconf=0.0004[0m
mode=OFF radar_adj=0 mom= conf=0
[1;36m22:39:01[0m [1;32mx13[0m [1;36m#172[0m SKIP tension=[1;36m0.00000000[0m [0m| momentum_too_small [1;31mconf=0.3264[0m
mode=OFF radar_adj=0 mom= conf=0
[1;36m22:39:15[0m [1;32mx13[0m [1;36m#173[0m SKIP tension=[1;32m1.39023576[0m [0m| duo no_trigger
mode=OFF radar_adj=0 mom= conf=0
[1;36m22:39:23[0m [1;32mx13[0m [1;36m#174[0m SKIP tension=[1;36m0.00000597[0m [0m| momentum_too_small [1;31mconf=0.0[0m
mode=OFF radar_adj=0 mom= conf=0
[1;36m22:39:32[0m [1;32mx13[0m [1;36m#175[0m SKIP tension=[1;36m0.00002242[0m [0m| momentum_too_small [1;31mconf=0.0[0m
mode=OFF radar_adj=0 mom= conf=0
[1;36m22:39:40[0m [1;32mx13[0m [1;36m#176[0m SKIP tension=[1;36m0.00003050[0m [0m| momentum_too_small [1;31mconf=0.0[0m
mode=OFF radar_adj=0 mom= conf=0
[1;36m22:39:48[0m [1;32mx13[0m [1;36m#177[0m SKIP tension=[1;36m0.00005924[0m [0m| momentum_too_small [1;31mconf=0.0001[0m
mode=OFF radar_adj=0 mom= conf=0
[1;36m22:39:57[0m [1;32mx13[0m [1;36m#178[0m SKIP tension=[1;36m0.00005924[0m [0m| momentum_too_small [1;31mconf=0.0001[0m
mode=OFF radar_adj=0 mom= conf=0
[1;36m22:40:05[0m [1;32mx13[0m [1;36m#179[0m SKIP tension=[1;36m0.00001110[0m [0m| momentum_too_small [1;31mconf=0.0[0m
mode=OFF radar_adj=0 mom= conf=0
[1;36m22:40:15[0m [1;32mx13[0m [1;36m#180[0m SKIP tension=[1;36m0.00000666[0m [0m| momentum_too_small [1;31mconf=0.0[0m
mode=OFF radar_adj=0 mom= conf=0
[1;36m22:40:24[0m [1;32mx13[0m [1;36m#181[0m SKIP tension=[1;36m0.00001397[0m [0m| momentum_too_small [1;31mconf=0.0[0m
mode=OFF radar_adj=0 mom= conf=0
[1;36m22:40:32[0m [1;32mx13[0m [1;36m#182[0m SKIP tension=[1;36m0.24080527[0m [0m| wall_not_collapsed
mode=OFF radar_adj=0 mom= conf=0
[1;36m22:40:40[0m [1;32mx13[0m [1;36m#183[0m SKIP tension=[1;36m0.00000000[0m [0m| momentum_too_small [1;31mconf=0.3082[0m
mode=OFF radar_adj=0 mom= conf=0
[1;36m22:40:49[0m [1;32mx13[0m [1;36m#184[0m SKIP tension=[1;36m0.00000026[0m [0m| momentum_too_small [1;31mconf=0.0[0m
mode=OFF radar_adj=0 mom= conf=0
[1;36m22:40:58[0m [1;32mx13[0m [1;36m#185[0m SKIP tension=[1;36m0.00000518[0m [0m| momentum_too_small [1;31mconf=0.0[0m
mode=OFF radar_adj=0 mom= conf=0
[1;36m22:41:06[0m [1;32mx13[0m [1;36m#186[0m SKIP tension=[1;36m0.00000104[0m [0m| momentum_too_small [1;31mconf=0.0[0m
mode=OFF radar_adj=0 mom= conf=0
[1;36m22:41:14[0m [1;32mx13[0m [1;36m#187[0m SKIP tension=[1;36m0.00001711[0m [0m| momentum_too_small [1;31mconf=0.0[0m
mode=OFF radar_adj=0 mom= conf=0
[1;36m22:41:22[0m [1;32mx13[0m [1;36m#188[0m SKIP tension=[1;36m0.00000856[0m [0m| momentum_too_small [1;31mconf=0.0[0m
mode=OFF radar_adj=0 mom= conf=0
[1;36m22:41:30[0m [1;32mx13[0m [1;36m#189[0m SKIP tension=[1;36m0.00000000[0m [0m| momentum_too_small [1;31mconf=0.3362[0m
mode=OFF radar_adj=0 mom= conf=0
[1;36m22:41:38[0m [1;32mx13[0m [1;36m#190[0m SKIP tension=[1;36m0.00000052[0m [0m| momentum_too_small [1;31mconf=0.0[0m
mode=OFF radar_adj=0 mom= conf=0
[1;36m22:41:47[0m [1;32mx13[0m [1;36m#191[0m SKIP tension=[1;36m0.00000000[0m [0m| momentum_too_small [1;31mconf=0.2846[0m
mode=OFF radar_adj=0 mom= conf=0
[1;36m22:41:56[0m [1;32mx13[0m [1;36m#192[0m SKIP tension=[1;36m0.00001322[0m [0m| momentum_too_small [1;31mconf=0.0[0m
mode=OFF radar_adj=0 mom= conf=0
[1;36m22:42:04[0m [1;32mx13[0m [1;36m#193[0m SKIP tension=[1;36m0.00000583[0m [0m| momentum_too_small [1;31mconf=0.0[0m
mode=OFF radar_adj=0 mom= conf=0
[1;36m22:42:29[0m [1;32mx13[0m [1;36m#194[0m SKIP tension=[1;36m0.00006415[0m [0m| momentum_too_small [1;31mconf=0.0001[0m
mode=OFF radar_adj=0 mom= conf=0
[1;36m22:42:38[0m [1;32mx13[0m [1;36m#195[0m SKIP tension=[1;36m0.00000000[0m [0m| momentum_too_small [1;31mconf=0.3264[0m
mode=OFF radar_adj=0 mom= conf=0
[1;36m22:42:46[0m [1;32mx13[0m [1;36m#196[0m SKIP tension=[1;36m0.00000493[0m [0m| momentum_too_small [1;31mconf=0.0[0m
mode=OFF radar_adj=0 mom= conf=0
[1;36m22:43:00[0m [1;32mx13[0m [1;36m#197[0m SKIP tension=[1;36m0.00000207[0m [0m| momentum_too_small [1;31mconf=0.0[0m
mode=OFF radar_adj=0 mom= conf=0
[1;36m22:43:09[0m [1;32mx13[0m [1;36m#198[0m SKIP tension=[1;36m0.00001089[0m [0m| momentum_too_small [1;31mconf=0.0[0m
mode=OFF radar_adj=0 mom= conf=0
[1;36m22:43:18[0m [1;32mx13[0m [1;36m#199[0m SKIP tension=[1;36m0.00017503[0m [0m| momentum_too_small [1;31mconf=0.0003[0m
mode=OFF radar_adj=0 mom= conf=0
[1;36m22:43:26[0m [1;32mx13[0m [1;36m#200[0m SKIP tension=[1;36m0.24098557[0m [0m| wall_not_collapsed
mode=OFF radar_adj=0 mom= conf=0
[1;36m22:43:34[0m [1;32mx13[0m [1;36m#201[0m SKIP tension=[1;36m0.00000000[0m [0m| momentum_too_small [1;31mconf=0.3264[0m
mode=OFF radar_adj=0 mom= conf=0
[1;36m22:43:42[0m [1;32mx13[0m [1;36m#202[0m SKIP tension=[1;36m0.00010430[0m [0m| momentum_too_small [1;31mconf=0.0002[0m
mode=OFF radar_adj=0 mom= conf=0
[1;36m22:43:51[0m [1;32mx13[0m [1;36m#203[0m SKIP tension=[1;36m0.12545890[0m [0m| direction_unclear [1;31mconf=0.195[0m
mode=OFF radar_adj=0 mom= conf=0
[1;36m22:43:59[0m [1;32mx13[0m [1;36m#204[0m SKIP tension=[1;36m0.00000000[0m [0m| momentum_too_small [1;31mconf=0.2937[0m
mode=OFF radar_adj=0 mom= conf=0
[1;36m22:44:07[0m [1;32mx13[0m [1;36m#205[0m SKIP tension=[1;36m0.00000000[0m [0m| momentum_too_small [1;31mconf=0.3146[0m
mode=OFF radar_adj=0 mom= conf=0
[1;36m22:44:15[0m [1;32mx13[0m [1;36m#206[0m SKIP tension=[1;36m0.00002751[0m [0m| momentum_too_small [1;31mconf=0.0[0m
mode=OFF radar_adj=0 mom= conf=0
[1;36m22:44:24[0m [1;32mx13[0m [1;36m#207[0m SKIP tension=[1;36m0.00349888[0m [0m| momentum_too_small [1;31mconf=0.0052[0m
mode=OFF radar_adj=0 mom= conf=0
[1;36m22:44:32[0m [1;32mx13[0m [1;36m#208[0m SKIP tension=[1;36m0.00005767[0m [0m| momentum_too_small [1;31mconf=0.0001[0m
mode=OFF radar_adj=0 mom= conf=0
[1;36m22:44:40[0m [1;32mx13[0m [1;36m#209[0m SKIP tension=[1;36m0.00005815[0m [0m| momentum_too_small [1;31mconf=0.0001[0m
mode=OFF radar_adj=0 mom= conf=0
[1;36m22:44:48[0m [1;32mx13[0m [1;36m#210[0m SKIP tension=[1;36m0.00000000[0m [0m| momentum_too_small [1;31mconf=0.3257[0m
mode=OFF radar_adj=0 mom= conf=0
[1;36m22:44:58[0m [1;32mx13[0m [1;36m#211[0m SKIP tension=[1;36m0.00000000[0m [0m| momentum_too_small [1;31mconf=0.3247[0m
mode=OFF radar_adj=0 mom= conf=0
[1;36m22:45:07[0m [1;32mx13[0m [1;36m#212[0m SKIP tension=[1;36m0.00000000[0m [0m| momentum_too_small [1;31mconf=0.323[0m
mode=OFF radar_adj=0 mom= conf=0
[1;36m22:45:15[0m [1;32mx13[0m [1;36m#213[0m SKIP tension=[1;36m0.00006362[0m [0m| momentum_too_small [1;31mconf=0.0001[0m
mode=OFF radar_adj=0 mom= conf=0
[1;36m22:45:24[0m [1;32mx13[0m [1;36m#214[0m SKIP tension=[1;36m0.00000000[0m [0m| momentum_too_small [1;31mconf=0.322[0m
mode=OFF radar_adj=0 mom= conf=0
[1;36m22:45:32[0m [1;32mx13[0m [1;36m#215[0m SKIP tension=[1;36m0.00003310[0m [0m| momentum_too_small [1;31mconf=0.0001[0m
mode=OFF radar_adj=0 mom= conf=0
[1;36m22:45:40[0m [1;32mx13[0m [1;36m#216[0m SKIP tension=[1;36m0.54057950[0m [0m| wall_not_collapsed
mode=OFF radar_adj=0 mom= conf=0
[1;36m22:45:48[0m [1;32mx13[0m [1;36m#217[0m SKIP tension=[1;36m0.00000000[0m [0m| momentum_too_small [1;31mconf=0.3493[0m
mode=OFF radar_adj=0 mom= conf=0
[1;36m22:45:56[0m [1;32mx13[0m [1;36m#218[0m SKIP tension=[1;36m0.00000000[0m [0m| momentum_too_small [1;31mconf=0.3493[0m
mode=OFF radar_adj=0 mom= conf=0
[1;36m22:46:04[0m [1;32mx13[0m [1;36m#219[0m SKIP tension=[1;36m0.74754284[0m [0m| wall_not_collapsed
mode=OFF radar_adj=0 mom= conf=0
[1;36m22:46:13[0m [1;32mx13[0m [1;36m#220[0m SKIP tension=[1;32m1.44579632[0m [0m| duo no_trigger
mode=OFF radar_adj=0 mom= conf=0
[1;36m22:46:22[0m [1;32mx13[0m [1;36m#221[0m SKIP tension=[1;32m1.44596529[0m [0m| duo no_trigger
mode=OFF radar_adj=0 mom= conf=0
[1;36m22:46:36[0m [1;32mx13[0m [1;36m#222[0m SKIP tension=[1;32m1.09078175[0m [0m| duo no_trigger
mode=OFF radar_adj=0 mom= conf=0
[1;36m22:46:44[0m [1;32mx13[0m [1;36m#223[0m SKIP tension=[1;36m0.00000952[0m [0m| momentum_too_small [1;31mconf=0.0[0m
mode=OFF radar_adj=0 mom= conf=0
[1;36m22:46:53[0m [1;32mx13[0m [1;36m#224[0m SKIP tension=[1;32m1.44588092[0m [0m| duo no_trigger
mode=OFF radar_adj=0 mom= conf=0
[1;36m22:47:02[0m [1;32mx13[0m [1;36m#225[0m SKIP tension=[1;36m0.00000000[0m [0m| momentum_too_small [1;31mconf=0.3082[0m
mode=OFF radar_adj=0 mom= conf=0
[1;36m22:47:10[0m [1;32mx13[0m [1;36m#226[0m SKIP tension=[1;36m0.00003794[0m [0m| momentum_too_small [1;31mconf=0.0001[0m
mode=OFF radar_adj=0 mom= conf=0
[1;36m22:47:18[0m [1;32mx13[0m [1;36m#227[0m SKIP tension=[1;36m0.00001188[0m [0m| momentum_too_small [1;31mconf=0.0[0m
mode=OFF radar_adj=0 mom= conf=0
[1;36m22:47:27[0m [1;32mx13[0m [1;36m#228[0m SKIP tension=[1;36m0.11800599[0m [0m| direction_unclear [1;31mconf=0.1474[0m
mode=OFF radar_adj=0 mom= conf=0
[1;36m22:47:35[0m [1;32mx13[0m [1;36m#229[0m SKIP tension=[1;36m0.00000957[0m [0m| momentum_too_small [1;31mconf=0.0[0m
mode=OFF radar_adj=0 mom= conf=0
[1;36m22:47:44[0m [1;32mx13[0m [1;36m#230[0m SKIP tension=[1;36m0.12348239[0m [0m| direction_unclear [1;31mconf=0.01[0m
mode=OFF radar_adj=0 mom= conf=0
[1;36m22:47:52[0m [1;32mx13[0m [1;36m#231[0m SKIP tension=[1;36m0.00031356[0m [0m| momentum_too_small [1;31mconf=0.0004[0m
mode=OFF radar_adj=0 mom= conf=0
[1;36m22:48:00[0m [1;32mx13[0m [1;36m#232[0m SKIP tension=[1;36m0.00003120[0m [0m| momentum_too_small [1;31mconf=0.0[0m
mode=OFF radar_adj=0 mom= conf=0
[1;36m22:48:14[0m [1;32mx13[0m [1;36m#233[0m SKIP tension=[1;36m0.00001297[0m [0m| momentum_too_small [1;31mconf=0.0[0m
mode=OFF radar_adj=0 mom= conf=0
[1;36m22:48:22[0m [1;32mx13[0m [1;36m#234[0m SKIP tension=[1;36m0.13092246[0m [0m| direction_unclear [1;31mconf=0.1909[0m
mode=OFF radar_adj=0 mom= conf=0
[1;36m22:48:31[0m [1;32mx13[0m [1;36m#235[0m SKIP tension=[1;36m0.00001132[0m [0m| momentum_too_small [1;31mconf=0.0[0m
mode=OFF radar_adj=0 mom= conf=0
[1;36m22:48:40[0m [1;32mx13[0m [1;36m#236[0m SKIP tension=[1;36m0.00001268[0m [0m| momentum_too_small [1;31mconf=0.0[0m
mode=OFF radar_adj=0 mom= conf=0
[1;36m22:48:48[0m [1;32mx13[0m [1;36m#237[0m SKIP tension=[1;36m0.00001232[0m [0m| momentum_too_small [1;31mconf=0.0[0m
mode=OFF radar_adj=0 mom= conf=0
[1;36m22:48:58[0m [1;32mx13[0m [1;36m#238[0m SKIP tension=[1;36m0.00001314[0m [0m| momentum_too_small [1;31mconf=0.0[0m
mode=OFF radar_adj=0 mom= conf=0
[1;36m22:49:07[0m [1;32mx13[0m [1;36m#239[0m SKIP tension=[1;36m0.14202986[0m [0m| direction_unclear [1;31mconf=0.0121[0m
mode=OFF radar_adj=0 mom= conf=0
[1;36m22:49:16[0m [1;32mx13[0m [1;36m#240[0m SKIP tension=[1;36m0.14664618[0m [0m| direction_unclear [1;31mconf=0.0121[0m
mode=OFF radar_adj=0 mom= conf=0
[1;36m22:49:26[0m [1;32mx13[0m [1;36m#241[0m SKIP tension=[1;36m0.00000876[0m [0m| momentum_too_small [1;31mconf=0.0[0m
mode=OFF radar_adj=0 mom= conf=0
[1;36m22:49:34[0m [1;32mx13[0m [1;36m#242[0m SKIP tension=[1;36m0.00001181[0m [0m| momentum_too_small [1;31mconf=0.0[0m
mode=OFF radar_adj=0 mom= conf=0
[1;36m22:49:44[0m [1;32mx13[0m [1;36m#243[0m SKIP tension=[1;36m0.00000000[0m [0m| momentum_too_small [1;31mconf=0.317[0m
mode=OFF radar_adj=0 mom= conf=0
[1;36m22:49:53[0m [1;32mx13[0m [1;36m#244[0m SKIP tension=[1;36m0.00000266[0m [0m| momentum_too_small [1;31mconf=0.0[0m
mode=OFF radar_adj=0 mom= conf=0
[1;36m22:50:01[0m [1;32mx13[0m [1;36m#245[0m SKIP tension=[1;36m0.00000332[0m [0m| momentum_too_small [1;31mconf=0.0[0m
mode=OFF radar_adj=0 mom= conf=0
[1;36m22:50:10[0m [1;32mx13[0m [1;36m#246[0m SKIP tension=[1;36m0.00000571[0m [0m| momentum_too_small [1;31mconf=0.0[0m
mode=OFF radar_adj=0 mom= conf=0
[1;36m22:50:19[0m [1;32mx13[0m [1;36m#247[0m SKIP tension=[1;36m0.00001818[0m [0m| momentum_too_small [1;31mconf=0.0[0m
mode=OFF radar_adj=0 mom= conf=0
[1;36m22:50:27[0m [1;32mx13[0m [1;36m#248[0m SKIP tension=[1;36m0.00000000[0m [0m| momentum_too_small [1;31mconf=0.3045[0m
mode=OFF radar_adj=0 mom= conf=0
[1;36m22:50:36[0m [1;32mx13[0m [1;36m#249[0m SKIP [1;33m| tension_stale age=834ms>800ms (NUAGE)[0m
mode=OFF radar_adj=0 mom= conf=0
[1;36m22:50:44[0m [1;32mx13[0m [1;36m#250[0m SKIP tension=[1;36m0.00000819[0m [0m| momentum_too_small [1;31mconf=0.0[0m
mode=OFF radar_adj=0 mom= conf=0
[1;36m22:50:58[0m [1;32mx13[0m [1;36m#251[0m SKIP tension=[1;36m0.00001360[0m [0m| momentum_too_small [1;31mconf=0.0[0m
mode=OFF radar_adj=0 mom= conf=0
[1;36m22:51:06[0m [1;32mx13[0m [1;36m#252[0m SKIP tension=[1;36m0.17583283[0m [0m| direction_unclear [1;31mconf=0.2524[0m
mode=OFF radar_adj=0 mom= conf=0
[1;36m22:51:15[0m [1;32mx13[0m [1;36m#253[0m SKIP tension=[1;36m0.00373709[0m [0m| momentum_too_small [1;31mconf=0.0054[0m
mode=OFF radar_adj=0 mom= conf=0
[1;36m22:51:23[0m [1;32mx13[0m [1;36m#254[0m SKIP tension=[1;36m0.00002143[0m [0m| momentum_too_small [1;31mconf=0.0[0m
mode=OFF radar_adj=0 mom= conf=0
[1;36m22:51:33[0m [1;32mx13[0m [1;36m#255[0m SKIP tension=[1;36m0.00000000[0m [0m| momentum_too_small [1;31mconf=0.2961[0m
mode=OFF radar_adj=0 mom= conf=0
[1;36m22:51:41[0m [1;32mx13[0m [1;36m#256[0m SKIP tension=[1;36m0.00000000[0m [0m| momentum_too_small [1;31mconf=0.2961[0m
mode=OFF radar_adj=0 mom= conf=0
[1;36m22:51:50[0m [1;32mx13[0m [1;36m#257[0m SKIP tension=[1;36m0.31281816[0m [0m| wall_not_collapsed
mode=OFF radar_adj=0 mom= conf=0
[1;36m22:51:58[0m [1;32mx13[0m [1;36m#258[0m SKIP tension=[1;36m0.00000000[0m [0m| momentum_too_small [1;31mconf=0.2961[0m
mode=OFF radar_adj=0 mom= conf=0
[1;36m22:52:07[0m [1;32mx13[0m [1;36m#259[0m SKIP tension=[1;36m0.00004237[0m [0m| momentum_too_small [1;31mconf=0.0001[0m
mode=OFF radar_adj=0 mom= conf=0
[1;36m22:52:16[0m [1;32mx13[0m [1;36m#260[0m SKIP tension=[1;36m0.77188273[0m [0m| wall_not_collapsed
mode=OFF radar_adj=0 mom= conf=0
[1;36m22:52:25[0m [1;32mx13[0m [1;36m#261[0m SKIP tension=[1;36m0.00006183[0m [0m| momentum_too_small [1;31mconf=0.0001[0m
mode=OFF radar_adj=0 mom= conf=0
[1;36m22:52:33[0m [1;32mx13[0m [1;36m#262[0m SKIP tension=[1;36m0.84712379[0m [0m| wall_not_collapsed
mode=OFF radar_adj=0 mom= conf=0
[1;36m22:52:42[0m [1;32mx13[0m [1;36m#263[0m SKIP tension=[1;36m0.50219002[0m [0m| wall_not_collapsed
mode=OFF radar_adj=0 mom= conf=0
[1;36m22:52:50[0m [1;32mx13[0m [1;36m#264[0m SKIP tension=[1;36m0.00000000[0m [0m| momentum_too_small [1;31mconf=0.3416[0m
mode=OFF radar_adj=0 mom= conf=0
[1;36m22:52:59[0m [1;32mx13[0m [1;36m#265[0m SKIP tension=[1;36m0.00000000[0m [0m| momentum_too_small [1;31mconf=0.3416[0m
mode=OFF radar_adj=0 mom= conf=0
[1;36m22:53:07[0m [1;32mx13[0m [1;36m#266[0m SKIP tension=[1;36m0.00000000[0m [0m| momentum_too_small [1;31mconf=0.3416[0m
mode=OFF radar_adj=0 mom= conf=0
[1;36m22:53:15[0m [1;32mx13[0m [1;36m#267[0m SKIP tension=[1;36m0.78734030[0m [0m| wall_not_collapsed
mode=OFF radar_adj=0 mom= conf=0
[1;36m22:53:24[0m [1;32mx13[0m [1;36m#268[0m SKIP tension=[1;36m0.00009717[0m [0m| momentum_too_small [1;31mconf=0.0002[0m
mode=OFF radar_adj=0 mom= conf=0
[1;36m22:53:35[0m [1;32mx13[0m [1;36m#269[0m SKIP tension=[1;36m0.24264542[0m [0m| wall_not_collapsed
mode=OFF radar_adj=0 mom= conf=0
[1;36m22:53:43[0m [1;32mx13[0m [1;36m#270[0m SKIP tension=[1;36m0.00000000[0m [0m| momentum_too_small [1;31mconf=0.2947[0m
mode=OFF radar_adj=0 mom= conf=0
[1;36m22:53:51[0m [1;32mx13[0m [1;36m#271[0m SKIP tension=[1;33m0.87080138[0m [0m| wall_not_collapsed
mode=OFF radar_adj=0 mom= conf=0
[1;36m22:54:00[0m [1;32mx13[0m [1;36m#272[0m SKIP tension=[1;36m0.00003964[0m [0m| momentum_too_small [1;31mconf=0.0001[0m
mode=OFF radar_adj=0 mom= conf=0
[1;36m22:54:08[0m [1;32mx13[0m [1;36m#273[0m SKIP tension=[1;36m0.76836617[0m [0m| wall_not_collapsed
mode=OFF radar_adj=0 mom= conf=0
[1;36m22:54:16[0m [1;32mx13[0m [1;36m#274[0m SKIP tension=[1;36m0.12944443[0m [0m| direction_unclear [1;31mconf=0.1815[0m
mode=OFF radar_adj=0 mom= conf=0
[1;36m22:54:30[0m [1;32mx13[0m [1;36m#275[0m SKIP tension=[1;36m0.00000000[0m [0m| momentum_too_small [1;31mconf=0.2947[0m
mode=OFF radar_adj=0 mom= conf=0
[1;36m22:54:38[0m [1;32mx13[0m [1;36m#276[0m SKIP tension=[1;36m0.00001091[0m [0m| momentum_too_small [1;31mconf=0.0[0m
mode=OFF radar_adj=0 mom= conf=0
[1;36m22:54:47[0m [1;32mx13[0m [1;36m#277[0m SKIP tension=[1;32m1.41534602[0m [0m| duo no_trigger
mode=OFF radar_adj=0 mom= conf=0
[1;36m22:54:56[0m [1;32mx13[0m [1;36m#278[0m SKIP tension=[1;36m0.67188642[0m [0m| wall_not_collapsed
mode=OFF radar_adj=0 mom= conf=0
[1;36m22:55:05[0m [1;32mx13[0m [1;36m#279[0m SKIP tension=[1;32m1.38945749[0m [0m| duo no_trigger
mode=OFF radar_adj=0 mom= conf=0
[1;36m22:55:14[0m [1;32mx13[0m [1;36m#280[0m SKIP tension=[1;36m0.21481137[0m [0m| wall_not_collapsed
mode=OFF radar_adj=0 mom= conf=0
[1;36m22:55:23[0m [1;32mx13[0m [1;36m#281[0m SKIP tension=[1;36m0.00000000[0m [0m| momentum_too_small [1;31mconf=0.2944[0m
mode=OFF radar_adj=0 mom= conf=0
[1;36m22:55:31[0m [1;32mx13[0m [1;36m#282[0m SKIP tension=[1;36m0.40820561[0m [0m| wall_not_collapsed
mode=OFF radar_adj=0 mom= conf=0
[1;36m22:55:41[0m [1;32mx13[0m [1;36m#283[0m SKIP tension=[1;36m0.00001346[0m [0m| momentum_too_small [1;31mconf=0.0[0m
mode=OFF radar_adj=0 mom= conf=0
[1;36m22:55:51[0m [1;32mx13[0m [1;36m#284[0m SKIP tension=[1;36m0.81694932[0m [0m| wall_not_collapsed
mode=OFF radar_adj=0 mom= conf=0
[1;36m22:56:05[0m [1;32mx13[0m [1;36m#285[0m SKIP tension=[1;31m2.79028773[0m [0m| duo no_trigger
mode=OFF radar_adj=0 mom= conf=0
[1;36m22:56:14[0m [1;32mx13[0m [1;36m#286[0m SKIP tension=[1;36m0.02187417[0m [0m| direction_unclear [1;31mconf=0.0357[0m
mode=OFF radar_adj=0 mom= conf=0
[1;36m22:56:23[0m [1;32mx13[0m [1;36m#287[0m SKIP tension=[1;36m0.64891763[0m [0m| wall_not_collapsed
mode=OFF radar_adj=0 mom= conf=0
[1;36m22:56:31[0m [1;32mx13[0m [1;36m#288[0m SKIP tension=[1;36m0.00000000[0m [0m| momentum_too_small [1;31mconf=0.3497[0m
mode=OFF radar_adj=0 mom= conf=0
[1;36m22:56:40[0m [1;32mx13[0m [1;36m#289[0m SKIP tension=[1;36m0.00014640[0m [0m| momentum_too_small [1;31mconf=0.0002[0m
mode=OFF radar_adj=0 mom= conf=0
[1;36m22:56:48[0m [1;32mx13[0m [1;36m#290[0m SKIP tension=[1;36m0.00000000[0m [0m| momentum_too_small [1;31mconf=0.3487[0m
mode=OFF radar_adj=0 mom= conf=0
[1;36m22:56:57[0m [1;32mx13[0m [1;36m#291[0m SKIP tension=[1;36m0.00000000[0m [0m| momentum_too_small [1;31mconf=0.3487[0m
mode=OFF radar_adj=0 mom= conf=0
[1;36m22:57:05[0m [1;32mx13[0m [1;36m#292[0m SKIP tension=[1;36m0.00002170[0m [0m| momentum_too_small [1;31mconf=0.0[0m
mode=OFF radar_adj=0 mom= conf=0
[1;36m22:57:14[0m [1;32mx13[0m [1;36m#293[0m SKIP tension=[1;36m0.00001302[0m [0m| momentum_too_small [1;31mconf=0.0[0m
mode=OFF radar_adj=0 mom= conf=0
[1;36m22:57:27[0m [1;32mx13[0m [1;36m#294[0m SKIP tension=[1;36m0.64369303[0m [0m| wall_not_collapsed
mode=OFF radar_adj=0 mom= conf=0
[1;36m22:57:36[0m [1;32mx13[0m [1;36m#295[0m SKIP tension=[1;36m0.22715640[0m [0m| wall_not_collapsed
mode=OFF radar_adj=0 mom= conf=0
[1;36m22:57:44[0m [1;32mx13[0m [1;36m#296[0m SKIP tension=[1;36m0.00000000[0m [0m| momentum_too_small [1;31mconf=0.346[0m
mode=OFF radar_adj=0 mom= conf=0
[1;36m22:57:52[0m [1;32mx13[0m [1;36m#297[0m SKIP tension=[1;36m0.83811154[0m [0m| wall_not_collapsed
mode=OFF radar_adj=0 mom= conf=0
[1;36m22:58:01[0m [1;32mx13[0m [1;36m#298[0m SKIP tension=[1;36m0.70617507[0m [0m| wall_not_collapsed
mode=OFF radar_adj=0 mom= conf=0
[1;36m22:58:09[0m [1;32mx13[0m [1;36m#299[0m SKIP tension=[1;32m1.27715934[0m [0m| duo no_trigger
mode=OFF radar_adj=0 mom= conf=0
[1;36m22:58:23[0m [1;32mx13[0m [1;36m#300[0m SKIP tension=[1;36m0.00000000[0m [0m| momentum_too_small [1;31mconf=0.3443[0m
mode=OFF radar_adj=0 mom= conf=0
[1;36m22:58:36[0m [1;32mx13[0m [1;36m#301[0m SKIP tension=[1;36m0.00000000[0m [0m| momentum_too_small [1;31mconf=0.3443[0m
mode=OFF radar_adj=0 mom= conf=0
[1;36m22:58:44[0m [1;32mx13[0m [1;36m#302[0m SKIP tension=[1;33m0.98344124[0m [0m| wall_not_collapsed
mode=OFF radar_adj=0 mom= conf=0
[1;36m22:58:54[0m [1;32mx13[0m [1;36m#303[0m SKIP tension=[1;36m0.00000000[0m [0m| momentum_too_small [1;31mconf=0.3443[0m
mode=OFF radar_adj=0 mom= conf=0
[1;36m22:59:02[0m [1;32mx13[0m [1;36m#304[0m SKIP tension=[1;36m0.84823648[0m [0m| wall_not_collapsed
mode=OFF radar_adj=0 mom= conf=0
[1;36m22:59:10[0m [1;32mx13[0m [1;36m#305[0m SKIP tension=[1;36m0.00000721[0m [0m| momentum_too_small [1;31mconf=0.0[0m
mode=OFF radar_adj=0 mom= conf=0
[1;36m22:59:19[0m [1;32mx13[0m [1;36m#306[0m SKIP tension=[1;36m0.00017838[0m [0m| momentum_too_small [1;31mconf=0.0003[0m
mode=OFF radar_adj=0 mom= conf=0
[1;36m22:59:27[0m [1;32mx13[0m [1;36m#307[0m SKIP tension=[1;36m0.00115058[0m [0m| momentum_too_small [1;31mconf=0.0019[0m
mode=OFF radar_adj=0 mom= conf=0
[1;36m22:59:42[0m [1;32mx13[0m [1;36m#308[0m SKIP tension=[1;31m2.75339585[0m [0m| duo no_trigger
mode=OFF radar_adj=0 mom= conf=0
[1;36m23:00:00[0m [1;32mx13[0m [1;36m#309[0m SKIP tension=[1;36m0.00000000[0m [0m| momentum_too_small [1;31mconf=0.3443[0m
mode=OFF radar_adj=0 mom= conf=0
[1;36m23:00:08[0m [1;32mx13[0m [1;36m#310[0m SKIP tension=[1;36m0.00008265[0m [0m| momentum_too_small [1;31mconf=0.0001[0m
mode=OFF radar_adj=0 mom= conf=0
[1;36m23:00:17[0m [1;32mx13[0m [1;36m#311[0m SKIP tension=[1;36m0.00000000[0m [0m| momentum_too_small [1;31mconf=0.3443[0m
mode=OFF radar_adj=0 mom= conf=0
[1;36m23:00:25[0m [1;32mx13[0m [1;36m#312[0m SKIP tension=[1;36m0.00224552[0m [0m| momentum_too_small [1;31mconf=0.0037[0m
mode=OFF radar_adj=0 mom= conf=0
[1;36m23:00:34[0m [1;32mx13[0m [1;36m#313[0m SKIP tension=[1;36m0.00010321[0m [0m| momentum_too_small [1;31mconf=0.0002[0m
mode=OFF radar_adj=0 mom= conf=0
[1;36m23:00:43[0m [1;32mx13[0m [1;36m#314[0m SKIP tension=[1;36m0.00005204[0m [0m| momentum_too_small [1;31mconf=0.0001[0m
mode=OFF radar_adj=0 mom= conf=0
[1;36m23:00:56[0m [1;32mx13[0m [1;36m#315[0m SKIP tension=[1;36m0.00019325[0m [0m| momentum_too_small [1;31mconf=0.0003[0m
mode=OFF radar_adj=0 mom= conf=0
[1;36m23:01:07[0m [1;32mx13[0m [1;36m#316[0m SKIP tension=[1;32m1.59076467[0m [0m| duo no_trigger
mode=OFF radar_adj=0 mom= conf=0
[1;36m23:01:17[0m [1;32mx13[0m [1;36m#317[0m SKIP tension=[1;36m0.00016358[0m [0m| momentum_too_small [1;31mconf=0.0002[0m
mode=OFF radar_adj=0 mom= conf=0
[1;36m23:01:30[0m [1;32mx13[0m [1;36m#318[0m SKIP tension=[1;36m0.00004062[0m [0m| momentum_too_small [1;31mconf=0.0001[0m
mode=OFF radar_adj=0 mom= conf=0
[1;36m23:01:38[0m [1;32mx13[0m [1;36m#319[0m SKIP tension=[1;36m0.00002621[0m [0m| momentum_too_small [1;31mconf=0.0[0m
mode=OFF radar_adj=0 mom= conf=0
[1;36m23:01:47[0m [1;32mx13[0m [1;36m#320[0m SKIP tension=[1;32m1.72142780[0m [0m| tactic long vs short
mode=OFF radar_adj=0 mom= conf=0
[1;36m23:01:56[0m [1;32mx13[0m [1;36m#321[0m SKIP tension=[1;36m0.00000000[0m [0m| momentum_too_small [1;31mconf=0.319[0m
mode=OFF radar_adj=0 mom= conf=0
[1;36m23:02:05[0m [1;32mx13[0m [1;36m#322[0m SKIP tension=[1;36m0.00021425[0m [0m| momentum_too_small [1;31mconf=0.0003[0m
mode=OFF radar_adj=0 mom= conf=0
[1;36m23:02:13[0m [1;32mx13[0m [1;36m#323[0m SKIP tension=[1;36m0.00015765[0m [0m| momentum_too_small [1;31mconf=0.0002[0m
mode=OFF radar_adj=0 mom= conf=0
[1;36m23:02:27[0m [1;32mx13[0m [1;36m#324[0m SKIP tension=[1;36m0.00000779[0m [0m| momentum_too_small [1;31mconf=0.0[0m
mode=OFF radar_adj=0 mom= conf=0
[1;36m23:02:35[0m [1;32mx13[0m [1;36m#325[0m SKIP tension=[1;36m0.00048482[0m [0m| momentum_too_small [1;31mconf=0.0007[0m
mode=OFF radar_adj=0 mom= conf=0
[1;36m23:02:45[0m [1;32mx13[0m [1;36m#326[0m SKIP tension=[1;36m0.07750238[0m [0m| direction_unclear [1;31mconf=0.1231[0m
mode=OFF radar_adj=0 mom= conf=0
[1;36m23:02:54[0m [1;32mx13[0m [1;36m#327[0m SKIP tension=[1;36m0.00001848[0m [0m| momentum_too_small [1;31mconf=0.0[0m
mode=OFF radar_adj=0 mom= conf=0
[1;36m23:03:07[0m [1;32mx13[0m [1;36m#328[0m SKIP tension=[1;36m0.26465705[0m [0m| wall_not_collapsed
mode=OFF radar_adj=0 mom= conf=0
[1;36m23:03:15[0m [1;32mx13[0m [1;36m#329[0m SKIP tension=[1;36m0.57455211[0m [0m| wall_not_collapsed
mode=OFF radar_adj=0 mom= conf=0
[1;36m23:03:24[0m [1;32mx13[0m [1;36m#330[0m SKIP tension=[1;36m0.00000000[0m [0m| momentum_too_small [1;31mconf=0.326[0m
mode=OFF radar_adj=0 mom= conf=0
[1;36m23:03:33[0m [1;32mx13[0m [1;36m#331[0m SKIP tension=[1;32m1.49947181[0m [0m| duo no_trigger
mode=OFF radar_adj=0 mom= conf=0
[1;36m23:03:42[0m [1;32mx13[0m [1;36m#332[0m SKIP tension=[1;36m0.00000000[0m [0m| momentum_too_small [1;31mconf=0.3132[0m
mode=OFF radar_adj=0 mom= conf=0
[1;36m23:03:50[0m [1;32mx13[0m [1;36m#333[0m SKIP tension=[1;36m0.00000000[0m [0m| momentum_too_small [1;31mconf=0.3132[0m
mode=OFF radar_adj=0 mom= conf=0
[1;36m23:03:59[0m [1;32mx13[0m [1;36m#334[0m SKIP tension=[1;36m0.00002340[0m [0m| momentum_too_small [1;31mconf=0.0[0m
mode=OFF radar_adj=0 mom= conf=0
[1;36m23:04:08[0m [1;32mx13[0m [1;36m#335[0m SKIP tension=[1;36m0.00004257[0m [0m| momentum_too_small [1;31mconf=0.0001[0m
mode=OFF radar_adj=0 mom= conf=0
[1;36m23:04:16[0m [1;32mx13[0m [1;36m#336[0m SKIP tension=[1;36m0.00000000[0m [0m| momentum_too_small [1;31mconf=0.3132[0m
mode=OFF radar_adj=0 mom= conf=0
[1;36m23:04:25[0m [1;32mx13[0m [1;36m#337[0m SKIP tension=[1;36m0.00004450[0m [0m| momentum_too_small [1;31mconf=0.0001[0m
mode=OFF radar_adj=0 mom= conf=0
[1;36m23:04:33[0m [1;32mx13[0m [1;36m#338[0m SKIP tension=[1;36m0.00000000[0m [0m| momentum_too_small [1;31mconf=0.3196[0m
mode=OFF radar_adj=0 mom= conf=0
[1;36m23:04:41[0m [1;32mx13[0m [1;36m#339[0m SKIP tension=[1;36m0.00000000[0m [0m| momentum_too_small [1;31mconf=0.3196[0m
mode=OFF radar_adj=0 mom= conf=0
[1;36m23:04:50[0m [1;32mx13[0m [1;36m#340[0m SKIP [1;33m| tension_stale age=1800ms>800ms (NUAGE)[0m
mode=OFF radar_adj=0 mom= conf=0
[1;36m23:04:59[0m [1;32mx13[0m [1;36m#341[0m SKIP tension=[1;36m0.00000000[0m [0m| momentum_too_small [1;31mconf=0.3196[0m
mode=OFF radar_adj=0 mom= conf=0
[1;36m23:05:07[0m [1;32mx13[0m [1;36m#342[0m SKIP tension=[1;36m0.18242529[0m [0m| direction_unclear [1;31mconf=0.2777[0m
mode=OFF radar_adj=0 mom= conf=0
[1;36m23:05:17[0m [1;32mx13[0m [1;36m#343[0m SKIP tension=[1;36m0.00000000[0m [0m| momentum_too_small [1;31mconf=0.3409[0m
mode=OFF radar_adj=0 mom= conf=0
[1;36m23:05:25[0m [1;32mx13[0m [1;36m#344[0m SKIP tension=[1;36m0.33328019[0m [0m| wall_not_collapsed
mode=OFF radar_adj=0 mom= conf=0
[1;36m23:05:33[0m [1;32mx13[0m [1;36m#345[0m SKIP tension=[1;36m0.00000000[0m [0m| momentum_too_small [1;31mconf=0.3399[0m
mode=OFF radar_adj=0 mom= conf=0
[1;36m23:05:42[0m [1;32mx13[0m [1;36m#346[0m SKIP tension=[1;36m0.00001825[0m [0m| momentum_too_small [1;31mconf=0.0[0m
mode=OFF radar_adj=0 mom= conf=0
[1;36m23:05:50[0m [1;32mx13[0m [1;36m#347[0m SKIP tension=[1;36m0.00001156[0m [0m| momentum_too_small [1;31mconf=0.0[0m
mode=OFF radar_adj=0 mom= conf=0
[1;36m23:05:58[0m [1;32mx13[0m [1;36m#348[0m SKIP tension=[1;36m0.00000000[0m [0m| momentum_too_small [1;31mconf=0.3368[0m
mode=OFF radar_adj=0 mom= conf=0
[1;36m23:06:06[0m [1;32mx13[0m [1;36m#349[0m SKIP tension=[1;36m0.00030417[0m [0m| momentum_too_small [1;31mconf=0.0005[0m
mode=OFF radar_adj=0 mom= conf=0
[1;36m23:06:15[0m [1;32mx13[0m [1;36m#350[0m SKIP tension=[1;36m0.00001824[0m [0m| momentum_too_small [1;31mconf=0.0[0m
mode=OFF radar_adj=0 mom= conf=0
[1;36m23:06:23[0m [1;32mx13[0m [1;36m#351[0m SKIP tension=[1;36m0.64449877[0m [0m| wall_not_collapsed
mode=OFF radar_adj=0 mom= conf=0
[1;36m23:06:31[0m [1;32mx13[0m [1;36m#352[0m SKIP tension=[1;36m0.37797810[0m [0m| wall_not_collapsed
mode=OFF radar_adj=0 mom= conf=0
[1;36m23:06:40[0m [1;32mx13[0m [1;36m#353[0m SKIP tension=[1;36m0.00018326[0m [0m| momentum_too_small [1;31mconf=0.0003[0m
mode=OFF radar_adj=0 mom= conf=0
[1;36m23:06:49[0m [1;32mx13[0m [1;36m#354[0m SKIP tension=[1;36m0.00001693[0m [0m| momentum_too_small [1;31mconf=0.0[0m
mode=OFF radar_adj=0 mom= conf=0
[1;36m23:06:57[0m [1;32mx13[0m [1;36m#355[0m SKIP tension=[1;36m0.00008416[0m [0m| momentum_too_small [1;31mconf=0.0001[0m
mode=OFF radar_adj=0 mom= conf=0
[1;36m23:07:06[0m [1;32mx13[0m [1;36m#356[0m SKIP tension=[1;32m1.10629912[0m [0m| duo no_trigger
mode=OFF radar_adj=0 mom= conf=0
[1;36m23:07:15[0m [1;32mx13[0m [1;36m#357[0m SKIP tension=[1;36m0.00000000[0m [0m| momentum_too_small [1;31mconf=0.3473[0m
mode=OFF radar_adj=0 mom= conf=0
[1;36m23:07:23[0m [1;32mx13[0m [1;36m#358[0m SKIP tension=[1;36m0.00009829[0m [0m| momentum_too_small [1;31mconf=0.0002[0m
mode=OFF radar_adj=0 mom= conf=0
[1;36m23:07:32[0m [1;32mx13[0m [1;36m#359[0m SKIP tension=[1;36m0.00028593[0m [0m| momentum_too_small [1;31mconf=0.0005[0m
mode=OFF radar_adj=0 mom= conf=0
[1;36m23:07:41[0m [1;32mx13[0m [1;36m#360[0m SKIP tension=[1;36m0.00006711[0m [0m| momentum_too_small [1;31mconf=0.0001[0m
mode=OFF radar_adj=0 mom= conf=0
[1;36m23:07:50[0m [1;32mx13[0m [1;36m#361[0m SKIP tension=[1;36m0.00009396[0m [0m| momentum_too_small [1;31mconf=0.0002[0m
mode=OFF radar_adj=0 mom= conf=0
[1;36m23:07:59[0m [1;32mx13[0m [1;36m#362[0m SKIP tension=[1;36m0.00001532[0m [0m| momentum_too_small [1;31mconf=0.0[0m
mode=OFF radar_adj=0 mom= conf=0
[1;36m23:08:12[0m [1;32mx13[0m [1;36m#363[0m SKIP tension=[1;36m0.00005133[0m [0m| momentum_too_small [1;31mconf=0.0001[0m
mode=OFF radar_adj=0 mom= conf=0
[1;36m23:08:22[0m [1;32mx13[0m [1;36m#364[0m SKIP tension=[1;36m0.00000000[0m [0m| spread_too_wide [1;31mconf=0.0[0m
mode=OFF radar_adj=0 mom= conf=0
[1;36m23:08:31[0m [1;32mx13[0m [1;36m#365[0m SKIP tension=[1;36m0.00000000[0m [0m| spread_too_wide [1;31mconf=0.0[0m
mode=OFF radar_adj=0 mom= conf=0
[1;36m23:08:39[0m [1;32mx13[0m [1;36m#366[0m SKIP tension=[1;36m0.00000000[0m [0m| spread_too_wide [1;31mconf=0.0[0m
mode=OFF radar_adj=0 mom= conf=0
[1;36m23:08:48[0m [1;32mx13[0m [1;36m#367[0m SKIP tension=[1;36m0.00000000[0m [0m| spread_too_wide [1;31mconf=0.0[0m
mode=OFF radar_adj=0 mom= conf=0
[1;36m23:09:01[0m [1;32mx13[0m [1;36m#368[0m SKIP tension=[1;36m0.00000000[0m [0m| momentum_too_small [1;31mconf=0.3497[0m
mode=OFF radar_adj=0 mom= conf=0
[1;36m23:09:09[0m [1;32mx13[0m [1;36m#369[0m SKIP tension=[1;36m0.80907943[0m [0m| wall_not_collapsed
mode=OFF radar_adj=0 mom= conf=0
[1;36m23:09:18[0m [1;32mx13[0m [1;36m#370[0m SKIP tension=[1;36m0.00000000[0m [0m| momentum_too_small [1;31mconf=0.347[0m
mode=OFF radar_adj=0 mom= conf=0
[1;36m23:09:26[0m [1;32mx13[0m [1;36m#371[0m SKIP tension=[1;36m0.00000000[0m [0m| momentum_too_small [1;31mconf=0.347[0m
mode=OFF radar_adj=0 mom= conf=0
[1;36m23:09:35[0m [1;32mx13[0m [1;36m#372[0m SKIP tension=[1;36m0.00042057[0m [0m| momentum_too_small [1;31mconf=0.0007[0m
mode=OFF radar_adj=0 mom= conf=0
[1;36m23:09:44[0m [1;32mx13[0m [1;36m#373[0m SKIP tension=[1;36m0.00002833[0m [0m| momentum_too_small [1;31mconf=0.0[0m
mode=OFF radar_adj=0 mom= conf=0
[1;36m23:09:52[0m [1;32mx13[0m [1;36m#374[0m SKIP tension=[1;36m0.00005231[0m [0m| momentum_too_small [1;31mconf=0.0001[0m
mode=OFF radar_adj=0 mom= conf=0
[1;36m23:10:00[0m [1;32mx13[0m [1;36m#375[0m SKIP tension=[1;36m0.00000000[0m [0m| momentum_too_small [1;31mconf=0.347[0m
mode=OFF radar_adj=0 mom= conf=0
[1;36m23:10:09[0m [1;32mx13[0m [1;36m#376[0m SKIP tension=[1;31m2.15252219[0m [0m| duo no_trigger
mode=OFF radar_adj=0 mom= conf=0
[1;36m23:10:18[0m [1;32mx13[0m [1;36m#377[0m SKIP tension=[1;36m0.81311885[0m [0m| wall_not_collapsed
mode=OFF radar_adj=0 mom= conf=0
[1;36m23:10:26[0m [1;32mx13[0m [1;36m#378[0m SKIP tension=[1;36m0.00000250[0m [0m| momentum_too_small [1;31mconf=0.0[0m
mode=OFF radar_adj=0 mom= conf=0
[1;36m23:10:36[0m [1;32mx13[0m [1;36m#379[0m SKIP tension=[1;36m0.24737570[0m [0m| wall_not_collapsed
mode=OFF radar_adj=0 mom= conf=0
[1;36m23:10:44[0m [1;32mx13[0m [1;36m#380[0m SKIP tension=[1;36m0.16367360[0m [0m| direction_unclear [1;31mconf=0.2334[0m
mode=OFF radar_adj=0 mom= conf=0
[1;36m23:10:52[0m [1;32mx13[0m [1;36m#381[0m SKIP tension=[1;36m0.00000000[0m [0m| momentum_too_small [1;31mconf=0.2994[0m
mode=OFF radar_adj=0 mom= conf=0
[1;36m23:11:01[0m [1;32mx13[0m [1;36m#382[0m SKIP tension=[1;32m1.45176750[0m [0m| duo no_trigger
mode=OFF radar_adj=0 mom= conf=0
[1;36m23:11:09[0m [1;32mx13[0m [1;36m#383[0m SKIP tension=[1;36m0.00000565[0m [0m| momentum_too_small [1;31mconf=0.0[0m
mode=OFF radar_adj=0 mom= conf=0
[1;36m23:11:17[0m [1;32mx13[0m [1;36m#384[0m SKIP tension=[1;36m0.00001653[0m [0m| momentum_too_small [1;31mconf=0.0[0m
mode=OFF radar_adj=0 mom= conf=0
[1;36m23:11:25[0m [1;32mx13[0m [1;36m#385[0m SKIP tension=[1;36m0.00000250[0m [0m| momentum_too_small [1;31mconf=0.0[0m
mode=OFF radar_adj=0 mom= conf=0
[1;36m23:11:35[0m [1;32mx13[0m [1;36m#386[0m SKIP tension=[1;36m0.00000000[0m [0m| momentum_too_small [1;31mconf=0.3035[0m
mode=OFF radar_adj=0 mom= conf=0
[1;36m23:11:43[0m [1;32mx13[0m [1;36m#387[0m SKIP tension=[1;36m0.00000223[0m [0m| momentum_too_small [1;31mconf=0.0[0m
mode=OFF radar_adj=0 mom= conf=0
[1;36m23:11:52[0m [1;32mx13[0m [1;36m#388[0m SKIP tension=[1;36m0.00079113[0m [0m| momentum_too_small [1;31mconf=0.0011[0m
mode=OFF radar_adj=0 mom= conf=0
[1;36m23:12:00[0m [1;32mx13[0m [1;36m#389[0m SKIP tension=[1;36m0.00000000[0m [0m| momentum_too_small [1;31mconf=0.2924[0m
mode=OFF radar_adj=0 mom= conf=0
[1;36m23:12:09[0m [1;32mx13[0m [1;36m#390[0m SKIP tension=[1;36m0.13742718[0m [0m| direction_unclear [1;31mconf=0.0111[0m
mode=OFF radar_adj=0 mom= conf=0
[1;36m23:12:17[0m [1;32mx13[0m [1;36m#391[0m SKIP tension=[1;36m0.00000000[0m [0m| momentum_too_small [1;31mconf=0.2843[0m
mode=OFF radar_adj=0 mom= conf=0
[1;36m23:12:26[0m [1;32mx13[0m [1;36m#392[0m SKIP tension=[1;32m1.20182029[0m [0m| duo no_trigger
mode=OFF radar_adj=0 mom= conf=0
[1;36m23:12:35[0m [1;32mx13[0m [1;36m#393[0m SKIP tension=[1;36m0.00000150[0m [0m| momentum_too_small [1;31mconf=0.0[0m
mode=OFF radar_adj=0 mom= conf=0
[1;36m23:12:43[0m [1;32mx13[0m [1;36m#394[0m SKIP tension=[1;36m0.71358989[0m [0m| wall_not_collapsed
mode=OFF radar_adj=0 mom= conf=0
[1;36m23:12:51[0m [1;32mx13[0m [1;36m#395[0m SKIP tension=[1;36m0.48400220[0m [0m| wall_not_collapsed
mode=OFF radar_adj=0 mom= conf=0
[1;36m23:13:01[0m [1;32mx13[0m [1;36m#396[0m SKIP tension=[1;36m0.80518867[0m [0m| wall_not_collapsed
mode=OFF radar_adj=0 mom= conf=0
[1;36m23:13:10[0m [1;32mx13[0m [1;36m#397[0m SKIP tension=[1;32m1.21961570[0m [0m| duo no_trigger
mode=OFF radar_adj=0 mom= conf=0
[1;36m23:13:19[0m [1;32mx13[0m [1;36m#398[0m SKIP tension=[1;32m1.14373189[0m [0m| duo no_trigger
mode=OFF radar_adj=0 mom= conf=0
[1;36m23:13:28[0m [1;32mx13[0m [1;36m#399[0m SKIP tension=[1;36m0.00000184[0m [0m| momentum_too_small [1;31mconf=0.0[0m
mode=OFF radar_adj=0 mom= conf=0
[1;36m23:13:38[0m [1;32mx13[0m [1;36m#400[0m SKIP tension=[1;36m0.00000000[0m [0m| momentum_too_small [1;31mconf=0.347[0m
mode=OFF radar_adj=0 mom= conf=0
[1;36m23:13:47[0m [1;32mx13[0m [1;36m#401[0m SKIP tension=[1;36m0.00014316[0m [0m| momentum_too_small [1;31mconf=0.0002[0m
mode=OFF radar_adj=0 mom= conf=0
[1;36m23:13:56[0m [1;32mx13[0m [1;36m#402[0m SKIP tension=[1;32m1.20203578[0m [0m| duo no_trigger
mode=OFF radar_adj=0 mom= conf=0
[1;36m23:14:04[0m [1;32mx13[0m [1;36m#403[0m SKIP tension=[1;36m0.00001266[0m [0m| momentum_too_small [1;31mconf=0.0[0m
mode=OFF radar_adj=0 mom= conf=0
[1;36m23:14:18[0m [1;32mx13[0m [1;36m#404[0m SKIP tension=[1;36m0.00016183[0m [0m| momentum_too_small [1;31mconf=0.0002[0m
mode=OFF radar_adj=0 mom= conf=0
[1;36m23:14:31[0m [1;32mx13[0m [1;36m#405[0m SKIP tension=[1;33m0.94338576[0m [0m| wall_not_collapsed
mode=OFF radar_adj=0 mom= conf=0
[1;36m23:14:41[0m [1;32mx13[0m [1;36m#406[0m SKIP tension=[1;36m0.00002135[0m [0m| momentum_too_small [1;31mconf=0.0[0m
mode=OFF radar_adj=0 mom= conf=0
[1;36m23:14:50[0m [1;32mx13[0m [1;36m#407[0m SKIP tension=[1;36m0.00000463[0m [0m| momentum_too_small [1;31mconf=0.0[0m
mode=OFF radar_adj=0 mom= conf=0
[1;36m23:14:58[0m [1;32mx13[0m [1;36m#408[0m SKIP tension=[1;36m0.00049819[0m [0m| momentum_too_small [1;31mconf=0.0006[0m
mode=OFF radar_adj=0 mom= conf=0
[1;36m23:15:06[0m [1;32mx13[0m [1;36m#409[0m SKIP tension=[1;33m0.89525854[0m [0m| wall_not_collapsed
mode=OFF radar_adj=0 mom= conf=0
[1;36m23:15:17[0m [1;32mx13[0m [1;36m#410[0m SKIP tension=[1;32m1.30033573[0m [0m| duo no_trigger
mode=OFF radar_adj=0 mom= conf=0
[1;36m23:15:25[0m [1;32mx13[0m [1;36m#411[0m SKIP tension=[1;33m0.89899872[0m [0m| wall_not_collapsed
mode=OFF radar_adj=0 mom= conf=0
[1;36m23:15:39[0m [1;32mx13[0m [1;36m#412[0m SKIP tension=[1;36m0.81814915[0m [0m| wall_not_collapsed
mode=OFF radar_adj=0 mom= conf=0
[1;36m23:15:47[0m [1;32mx13[0m [1;36m#413[0m SKIP tension=[1;36m0.00118576[0m [0m| momentum_too_small [1;31mconf=0.0014[0m
mode=OFF radar_adj=0 mom= conf=0
[1;36m23:15:56[0m [1;32mx13[0m [1;36m#414[0m SKIP tension=[1;36m0.00001908[0m [0m| momentum_too_small [1;31mconf=0.0[0m
mode=OFF radar_adj=0 mom= conf=0
[1;36m23:16:05[0m [1;32mx13[0m [1;36m#415[0m SKIP tension=[1;36m0.00000000[0m [0m| momentum_too_small [1;31mconf=0.2657[0m
mode=OFF radar_adj=0 mom= conf=0
[1;36m23:16:16[0m [1;32mx13[0m [1;36m#416[0m SKIP tension=[1;36m0.00074993[0m [0m| momentum_too_small [1;31mconf=0.0009[0m
mode=OFF radar_adj=0 mom= conf=0
[1;36m23:16:24[0m [1;32mx13[0m [1;36m#417[0m SKIP tension=[1;36m0.00000000[0m [0m| momentum_too_small [1;31mconf=0.2411[0m
mode=OFF radar_adj=0 mom= conf=0
[1;36m23:16:33[0m [1;32mx13[0m [1;36m#418[0m SKIP tension=[1;36m0.00000678[0m [0m| momentum_too_small [1;31mconf=0.0[0m
mode=OFF radar_adj=0 mom= conf=0
[1;36m23:16:41[0m [1;32mx13[0m [1;36m#419[0m SKIP tension=[1;36m0.00002341[0m [0m| momentum_too_small [1;31mconf=0.0[0m
mode=OFF radar_adj=0 mom= conf=0
[1;36m23:16:50[0m [1;32mx13[0m [1;36m#420[0m SKIP tension=[1;32m1.09354252[0m [0m| duo no_trigger
mode=OFF radar_adj=0 mom= conf=0
[1;36m23:16:58[0m [1;32mx13[0m [1;36m#421[0m SKIP tension=[1;36m0.00000000[0m [0m| momentum_too_small [1;31mconf=0.2657[0m
mode=OFF radar_adj=0 mom= conf=0
[1;36m23:17:07[0m [1;32mx13[0m [1;36m#422[0m SKIP tension=[1;36m0.00005802[0m [0m| momentum_too_small [1;31mconf=0.0001[0m
mode=OFF radar_adj=0 mom= conf=0
[1;36m23:17:16[0m [1;32mx13[0m [1;36m#423[0m SKIP tension=[1;31m4.38969203[0m [0m| duo no_trigger
mode=OFF radar_adj=0 mom= conf=0
[1;36m23:17:26[0m [1;32mx13[0m [1;36m#424[0m SKIP tension=[1;32m1.20261964[0m [0m| duo no_trigger
mode=OFF radar_adj=0 mom= conf=0
[1;36m23:17:34[0m [1;32mx13[0m [1;36m#425[0m SKIP tension=[1;36m0.00000000[0m [0m| momentum_too_small [1;31mconf=0.3052[0m
mode=OFF radar_adj=0 mom= conf=0
[1;36m23:17:42[0m [1;32mx13[0m [1;36m#426[0m SKIP tension=[1;36m0.00000000[0m [0m| momentum_too_small [1;31mconf=0.3055[0m
mode=OFF radar_adj=0 mom= conf=0
[1;36m23:17:51[0m [1;32mx13[0m [1;36m#427[0m SKIP tension=[1;36m0.00006149[0m [0m| momentum_too_small [1;31mconf=0.0001[0m
mode=OFF radar_adj=0 mom= conf=0
[1;36m23:17:59[0m [1;32mx13[0m [1;36m#428[0m SKIP tension=[1;36m0.00000769[0m [0m| momentum_too_small [1;31mconf=0.0[0m
mode=OFF radar_adj=0 mom= conf=0
[1;36m23:18:08[0m [1;32mx13[0m [1;36m#429[0m SKIP tension=[1;36m0.00000615[0m [0m| momentum_too_small [1;31mconf=0.0[0m
mode=OFF radar_adj=0 mom= conf=0
[1;36m23:18:16[0m [1;32mx13[0m [1;36m#430[0m SKIP tension=[1;36m0.00000000[0m [0m| momentum_too_small [1;31mconf=0.2411[0m
mode=OFF radar_adj=0 mom= conf=0
[1;36m23:18:24[0m [1;32mx13[0m [1;36m#431[0m SKIP tension=[1;36m0.00000000[0m [0m| momentum_too_small [1;31mconf=0.2411[0m
mode=OFF radar_adj=0 mom= conf=0
[1;36m23:18:32[0m [1;32mx13[0m [1;36m#432[0m SKIP tension=[1;36m0.00000000[0m [0m| momentum_too_small [1;31mconf=0.3476[0m
mode=OFF radar_adj=0 mom= conf=0
[1;36m23:18:41[0m [1;32mx13[0m [1;36m#433[0m SKIP tension=[1;36m0.00000906[0m [0m| momentum_too_small [1;31mconf=0.0[0m
mode=OFF radar_adj=0 mom= conf=0
[1;36m23:18:49[0m [1;32mx13[0m [1;36m#434[0m SKIP tension=[1;36m0.00001448[0m [0m| momentum_too_small [1;31mconf=0.0[0m
mode=OFF radar_adj=0 mom= conf=0
[1;36m23:18:58[0m [1;32mx13[0m [1;36m#435[0m SKIP tension=[1;36m0.00000196[0m [0m| momentum_too_small [1;31mconf=0.0[0m
mode=OFF radar_adj=0 mom= conf=0
[1;36m23:19:06[0m [1;32mx13[0m [1;36m#436[0m SKIP tension=[1;36m0.00000000[0m [0m| momentum_too_small [1;31mconf=0.3497[0m
mode=OFF radar_adj=0 mom= conf=0
[1;36m23:19:16[0m [1;32mx13[0m [1;36m#437[0m SKIP tension=[1;31m3.58296955[0m [0m| duo no_trigger
mode=OFF radar_adj=0 mom= conf=0
[1;36m23:19:25[0m [1;32mx13[0m [1;36m#438[0m SKIP tension=[1;36m0.00003235[0m [0m| momentum_too_small [1;31mconf=0.0001[0m
mode=OFF radar_adj=0 mom= conf=0
[1;36m23:19:34[0m [1;32mx13[0m [1;36m#439[0m SKIP tension=[1;36m0.00009167[0m [0m| momentum_too_small [1;31mconf=0.0001[0m
mode=OFF radar_adj=0 mom= conf=0
[1;36m23:19:44[0m [1;32mx13[0m [1;36m#440[0m SKIP tension=[1;31m5.36666706[0m [0m| duo no_trigger
mode=OFF radar_adj=0 mom= conf=0
[1;36m23:19:52[0m [1;32mx13[0m [1;36m#441[0m SKIP tension=[1;36m0.00002681[0m [0m| momentum_too_small [1;31mconf=0.0[0m
mode=OFF radar_adj=0 mom= conf=0
[1;36m23:20:01[0m [1;32mx13[0m [1;36m#442[0m SKIP tension=[1;36m0.00000000[0m [0m| momentum_too_small [1;31mconf=0.2522[0m
mode=OFF radar_adj=0 mom= conf=0
[1;36m23:20:09[0m [1;32mx13[0m [1;36m#443[0m SKIP tension=[1;36m0.00015688[0m [0m| momentum_too_small [1;31mconf=0.0002[0m
mode=OFF radar_adj=0 mom= conf=0
[1;36m23:20:20[0m [1;32mx13[0m [1;36m#444[0m SKIP tension=[1;31m2.70602938[0m [0m| duo no_trigger
mode=OFF radar_adj=0 mom= conf=0
[1;36m23:20:33[0m [1;32mx13[0m [1;36m#445[0m SKIP tension=[1;36m0.00000000[0m [0m| momentum_too_small [1;31mconf=0.346[0m
mode=OFF radar_adj=0 mom= conf=0
[1;36m23:20:43[0m [1;32mx13[0m [1;36m#446[0m SKIP tension=[1;31m2.74638624[0m [0m| duo no_trigger
mode=OFF radar_adj=0 mom= conf=0
[1;36m23:20:52[0m [1;32mx13[0m [1;36m#447[0m SKIP tension=[1;36m0.25862555[0m [0m| wall_not_collapsed
mode=OFF radar_adj=0 mom= conf=0
[1;36m23:21:01[0m [1;32mx13[0m [1;36m#448[0m SKIP tension=[1;36m0.00000000[0m [0m| momentum_too_small [1;31mconf=0.3001[0m
mode=OFF radar_adj=0 mom= conf=0
[1;36m23:21:09[0m [1;32mx13[0m [1;36m#449[0m SKIP tension=[1;36m0.00000000[0m [0m| momentum_too_small [1;31mconf=0.2994[0m
mode=OFF radar_adj=0 mom= conf=0
[1;36m23:21:18[0m [1;32mx13[0m [1;36m#450[0m SKIP tension=[1;36m0.00000220[0m [0m| momentum_too_small [1;31mconf=0.0[0m
mode=OFF radar_adj=0 mom= conf=0
[1;36m23:21:32[0m [1;32mx13[0m [1;36m#451[0m SKIP tension=[1;36m0.48590376[0m [0m| wall_not_collapsed
mode=OFF radar_adj=0 mom= conf=0
[1;36m23:21:40[0m [1;32mx13[0m [1;36m#452[0m SKIP tension=[1;36m0.00003319[0m [0m| momentum_too_small [1;31mconf=0.0[0m
mode=OFF radar_adj=0 mom= conf=0
[1;36m23:21:54[0m [1;32mx13[0m [1;36m#453[0m SKIP tension=[1;36m0.00011503[0m [0m| momentum_too_small [1;31mconf=0.0002[0m
mode=OFF radar_adj=0 mom= conf=0
[1;36m23:22:02[0m [1;32mx13[0m [1;36m#454[0m SKIP tension=[1;36m0.00001226[0m [0m| momentum_too_small [1;31mconf=0.0[0m
mode=OFF radar_adj=0 mom= conf=0
[1;36m23:22:11[0m [1;32mx13[0m [1;36m#455[0m SKIP tension=[1;36m0.00000000[0m [0m| momentum_too_small [1;31mconf=0.2954[0m
mode=OFF radar_adj=0 mom= conf=0
[1;36m23:22:19[0m [1;32mx13[0m [1;36m#456[0m SKIP tension=[1;36m0.76588293[0m [0m| wall_not_collapsed
mode=OFF radar_adj=0 mom= conf=0
[1;36m23:22:27[0m [1;32mx13[0m [1;36m#457[0m SKIP tension=[1;32m1.20547550[0m [0m| duo no_trigger
mode=OFF radar_adj=0 mom= conf=0
[1;36m23:22:36[0m [1;32mx13[0m [1;36m#458[0m SKIP tension=[1;31m3.56892627[0m [0m| duo no_trigger
mode=OFF radar_adj=0 mom= conf=0
[1;36m23:22:45[0m [1;32mx13[0m [1;36m#459[0m SKIP tension=[1;32m1.86661938[0m [0m| duo no_trigger
mode=OFF radar_adj=0 mom= conf=0
[1;36m23:22:54[0m [1;32mx13[0m [1;36m#460[0m SKIP tension=[1;36m0.00004116[0m [0m| momentum_too_small [1;31mconf=0.0001[0m
mode=OFF radar_adj=0 mom= conf=0
[1;36m23:23:02[0m [1;32mx13[0m [1;36m#461[0m SKIP tension=[1;36m0.00000000[0m [0m| momentum_too_small [1;31mconf=0.2822[0m
mode=OFF radar_adj=0 mom= conf=0
[1;36m23:23:10[0m [1;32mx13[0m [1;36m#462[0m SKIP tension=[1;36m0.00000000[0m [0m| momentum_too_small [1;31mconf=0.317[0m
mode=OFF radar_adj=0 mom= conf=0
[1;36m23:23:20[0m [1;32mx13[0m [1;36m#463[0m SKIP tension=[1;36m0.00000000[0m [0m| momentum_too_small [1;31mconf=0.3207[0m
mode=OFF radar_adj=0 mom= conf=0
[1;36m23:23:29[0m [1;32mx13[0m [1;36m#464[0m SKIP tension=[1;36m0.00000206[0m [0m| momentum_too_small [1;31mconf=0.0[0m
mode=OFF radar_adj=0 mom= conf=0
[1;36m23:23:37[0m [1;32mx13[0m [1;36m#465[0m SKIP tension=[1;36m0.00000000[0m [0m| momentum_too_small [1;31mconf=0.3497[0m
mode=OFF radar_adj=0 mom= conf=0
[1;36m23:23:45[0m [1;32mx13[0m [1;36m#466[0m SKIP tension=[1;36m0.00000000[0m [0m| momentum_too_small [1;31mconf=0.3429[0m
mode=OFF radar_adj=0 mom= conf=0
[1;36m23:23:53[0m [1;32mx13[0m [1;36m#467[0m SKIP tension=[1;36m0.00000000[0m [0m| momentum_too_small [1;31mconf=0.3429[0m
mode=OFF radar_adj=0 mom= conf=0
[1;36m23:24:02[0m [1;32mx13[0m [1;36m#468[0m SKIP tension=[1;36m0.00000000[0m [0m| momentum_too_small [1;31mconf=0.3429[0m
mode=OFF radar_adj=0 mom= conf=0
[1;36m23:24:10[0m [1;32mx13[0m [1;36m#469[0m SKIP tension=[1;36m0.00000409[0m [0m| momentum_too_small [1;31mconf=0.0[0m
mode=OFF radar_adj=0 mom= conf=0
[1;36m23:24:18[0m [1;32mx13[0m [1;36m#470[0m SKIP tension=[1;36m0.00004112[0m [0m| momentum_too_small [1;31mconf=0.0001[0m
mode=OFF radar_adj=0 mom= conf=0
[1;36m23:24:27[0m [1;32mx13[0m [1;36m#471[0m SKIP tension=[1;36m0.00001898[0m [0m| momentum_too_small [1;31mconf=0.0[0m
mode=OFF radar_adj=0 mom= conf=0
[1;36m23:24:36[0m [1;32mx13[0m [1;36m#472[0m SKIP tension=[1;36m0.00000000[0m [0m| momentum_too_small [1;31mconf=0.3038[0m
mode=OFF radar_adj=0 mom= conf=0
[1;36m23:24:45[0m [1;32mx13[0m [1;36m#473[0m SKIP tension=[1;36m0.00000000[0m [0m| momentum_too_small [1;31mconf=0.3038[0m
mode=OFF radar_adj=0 mom= conf=0
[1;36m23:24:53[0m [1;32mx13[0m [1;36m#474[0m SKIP tension=[1;36m0.00000506[0m [0m| momentum_too_small [1;31mconf=0.0[0m
mode=OFF radar_adj=0 mom= conf=0
[1;36m23:25:02[0m [1;32mx13[0m [1;36m#475[0m SKIP [1;33m| tension_stale age=932ms>800ms (NUAGE)[0m
mode=OFF radar_adj=0 mom= conf=0
[1;36m23:25:10[0m [1;32mx13[0m [1;36m#476[0m SKIP tension=[1;36m0.40260381[0m [0m| wall_not_collapsed
mode=OFF radar_adj=0 mom= conf=0
[1;36m23:25:19[0m [1;32mx13[0m [1;36m#477[0m SKIP tension=[1;36m0.00002307[0m [0m| momentum_too_small [1;31mconf=0.0[0m
mode=OFF radar_adj=0 mom= conf=0
[1;36m23:25:28[0m [1;32mx13[0m [1;36m#478[0m SKIP tension=[1;36m0.00002231[0m [0m| momentum_too_small [1;31mconf=0.0[0m
mode=OFF radar_adj=0 mom= conf=0
[1;36m23:25:37[0m [1;32mx13[0m [1;36m#479[0m SKIP tension=[1;36m0.37091437[0m [0m| wall_not_collapsed
mode=OFF radar_adj=0 mom= conf=0
[1;36m23:25:46[0m [1;32mx13[0m [1;36m#480[0m SKIP tension=[1;36m0.00003960[0m [0m| momentum_too_small [1;31mconf=0.0001[0m
mode=OFF radar_adj=0 mom= conf=0
[1;36m23:25:55[0m [1;32mx13[0m [1;36m#481[0m SKIP tension=[1;36m0.00046003[0m [0m| momentum_too_small [1;31mconf=0.0007[0m
mode=OFF radar_adj=0 mom= conf=0
[1;36m23:26:03[0m [1;32mx13[0m [1;36m#482[0m SKIP tension=[1;36m0.00164374[0m [0m| momentum_too_small [1;31mconf=0.0024[0m
mode=OFF radar_adj=0 mom= conf=0
[1;36m23:26:12[0m [1;32mx13[0m [1;36m#483[0m SKIP [1;33m| tension_stale age=5136ms>800ms (NUAGE)[0m
mode=OFF radar_adj=0 mom= conf=0
[1;36m23:26:21[0m [1;32mx13[0m [1;36m#484[0m SKIP [1;33m| tension_stale age=1078ms>800ms (NUAGE)[0m
mode=OFF radar_adj=0 mom= conf=0
[1;36m23:26:34[0m [1;32mx13[0m [1;36m#485[0m SKIP tension=[1;36m0.00000000[0m [0m| momentum_too_small [1;31mconf=0.3497[0m
mode=OFF radar_adj=0 mom= conf=0
[1;36m23:26:43[0m [1;32mx13[0m [1;36m#486[0m SKIP tension=[1;36m0.00002212[0m [0m| momentum_too_small [1;31mconf=0.0[0m
mode=OFF radar_adj=0 mom= conf=0
[1;36m23:26:53[0m [1;32mx13[0m [1;36m#487[0m SKIP tension=[1;36m0.34303878[0m [0m| wall_not_collapsed
mode=OFF radar_adj=0 mom= conf=0
[1;36m23:27:02[0m [1;32mx13[0m [1;36m#488[0m SKIP tension=[1;36m0.12925890[0m [0m| direction_unclear [1;31mconf=0.2015[0m
mode=OFF radar_adj=0 mom= conf=0
[1;36m23:27:10[0m [1;32mx13[0m [1;36m#489[0m SKIP tension=[1;36m0.00016477[0m [0m| momentum_too_small [1;31mconf=0.0003[0m
mode=OFF radar_adj=0 mom= conf=0
[1;36m23:27:19[0m [1;32mx13[0m [1;36m#490[0m SKIP tension=[1;36m0.00000000[0m [0m| momentum_too_small [1;31mconf=0.3274[0m
mode=OFF radar_adj=0 mom= conf=0
[1;36m23:27:28[0m [1;32mx13[0m [1;36m#491[0m SKIP tension=[1;36m0.00004512[0m [0m| momentum_too_small [1;31mconf=0.0001[0m
mode=OFF radar_adj=0 mom= conf=0
[1;36m23:27:36[0m [1;32mx13[0m [1;36m#492[0m SKIP tension=[1;36m0.00000681[0m [0m| momentum_too_small [1;31mconf=0.0[0m
mode=OFF radar_adj=0 mom= conf=0
[1;36m23:27:45[0m [1;32mx13[0m [1;36m#493[0m SKIP tension=[1;36m0.00010898[0m [0m| momentum_too_small [1;31mconf=0.0002[0m
mode=OFF radar_adj=0 mom= conf=0
[1;36m23:27:53[0m [1;32mx13[0m [1;36m#494[0m SKIP tension=[1;36m0.00013793[0m [0m| momentum_too_small [1;31mconf=0.0002[0m
mode=OFF radar_adj=0 mom= conf=0
[1;36m23:28:01[0m [1;32mx13[0m [1;36m#495[0m SKIP tension=[1;36m0.00000852[0m [0m| momentum_too_small [1;31mconf=0.0[0m
mode=OFF radar_adj=0 mom= conf=0
[1;36m23:28:10[0m [1;32mx13[0m [1;36m#496[0m SKIP tension=[1;36m0.00000598[0m [0m| momentum_too_small [1;31mconf=0.0[0m
mode=OFF radar_adj=0 mom= conf=0
[1;36m23:28:18[0m [1;32mx13[0m [1;36m#497[0m SKIP tension=[1;36m0.00005421[0m [0m| momentum_too_small [1;31mconf=0.0001[0m
mode=OFF radar_adj=0 mom= conf=0
[1;36m23:28:26[0m [1;32mx13[0m [1;36m#498[0m SKIP tension=[1;36m0.00001022[0m [0m| momentum_too_small [1;31mconf=0.0[0m
mode=OFF radar_adj=0 mom= conf=0
[1;36m23:28:35[0m [1;32mx13[0m [1;36m#499[0m SKIP tension=[1;36m0.00002896[0m [0m| momentum_too_small [1;31mconf=0.0[0m
mode=OFF radar_adj=0 mom= conf=0
[1;36m23:28:44[0m [1;32mx13[0m [1;36m#500[0m SKIP tension=[1;36m0.00000000[0m [0m| momentum_too_small [1;31mconf=0.3274[0m
mode=OFF radar_adj=0 mom= conf=0
[1;36m23:28:52[0m [1;32mx13[0m [1;36m#501[0m SKIP tension=[1;36m0.00013800[0m [0m| momentum_too_small [1;31mconf=0.0002[0m
mode=OFF radar_adj=0 mom= conf=0
[1;36m23:29:01[0m [1;32mx13[0m [1;36m#502[0m SKIP tension=[1;36m0.00000000[0m [0m| momentum_too_small [1;31mconf=0.3274[0m
mode=OFF radar_adj=0 mom= conf=0
[1;36m23:29:11[0m [1;32mx13[0m [1;36m#503[0m SKIP tension=[1;32m1.21533313[0m [0m| duo no_trigger
mode=OFF radar_adj=0 mom= conf=0
[1;36m23:29:19[0m [1;32mx13[0m [1;36m#504[0m SKIP tension=[1;36m0.00000687[0m [0m| momentum_too_small [1;31mconf=0.0[0m
mode=OFF radar_adj=0 mom= conf=0
[1;36m23:29:27[0m [1;32mx13[0m [1;36m#505[0m SKIP tension=[1;36m0.00004468[0m [0m| momentum_too_small [1;31mconf=0.0001[0m
mode=OFF radar_adj=0 mom= conf=0
[1;36m23:29:36[0m [1;32mx13[0m [1;36m#506[0m SKIP tension=[1;36m0.00006645[0m [0m| momentum_too_small [1;31mconf=0.0001[0m
mode=OFF radar_adj=0 mom= conf=0
[1;36m23:29:44[0m [1;32mx13[0m [1;36m#507[0m SKIP tension=[1;36m0.00006873[0m [0m| momentum_too_small [1;31mconf=0.0001[0m
mode=OFF radar_adj=0 mom= conf=0
[1;36m23:29:57[0m [1;32mx13[0m [1;36m#508[0m SKIP tension=[1;36m0.00013977[0m [0m| momentum_too_small [1;31mconf=0.0002[0m
mode=OFF radar_adj=0 mom= conf=0
[1;36m23:30:07[0m [1;32mx13[0m [1;36m#509[0m SKIP tension=[1;36m0.00009393[0m [0m| momentum_too_small [1;31mconf=0.0001[0m
mode=OFF radar_adj=0 mom= conf=0
[1;36m23:30:15[0m [1;32mx13[0m [1;36m#510[0m SKIP tension=[1;36m0.00032317[0m [0m| momentum_too_small [1;31mconf=0.0005[0m
mode=OFF radar_adj=0 mom= conf=0
[1;36m23:30:23[0m [1;32mx13[0m [1;36m#511[0m SKIP tension=[1;36m0.00016029[0m [0m| momentum_too_small [1;31mconf=0.0002[0m
mode=OFF radar_adj=0 mom= conf=0
[1;36m23:30:33[0m [1;32mx13[0m [1;36m#512[0m SKIP tension=[1;36m0.00002931[0m [0m| momentum_too_small [1;31mconf=0.0[0m
mode=OFF radar_adj=0 mom= conf=0
[1;36m23:30:41[0m [1;32mx13[0m [1;36m#513[0m SKIP tension=[1;36m0.00014184[0m [0m| momentum_too_small [1;31mconf=0.0002[0m
mode=OFF radar_adj=0 mom= conf=0
[1;36m23:30:49[0m [1;32mx13[0m [1;36m#514[0m SKIP tension=[1;36m0.00000000[0m [0m| momentum_too_small [1;31mconf=0.3274[0m
mode=OFF radar_adj=0 mom= conf=0
[1;36m23:30:57[0m [1;32mx13[0m [1;36m#515[0m SKIP tension=[1;36m0.00009525[0m [0m| momentum_too_small [1;31mconf=0.0001[0m
mode=OFF radar_adj=0 mom= conf=0
[1;36m23:31:06[0m [1;32mx13[0m [1;36m#516[0m SKIP tension=[1;36m0.00978304[0m [0m| direction_unclear [1;31mconf=0.0153[0m
mode=OFF radar_adj=0 mom= conf=0
[1;36m23:31:15[0m [1;32mx13[0m [1;36m#517[0m SKIP [1;33m| tension_stale age=3957ms>800ms (NUAGE)[0m
mode=OFF radar_adj=0 mom= conf=0
[1;36m23:31:23[0m [1;32mx13[0m [1;36m#518[0m SKIP tension=[1;36m0.00046111[0m [0m| momentum_too_small [1;31mconf=0.0007[0m
mode=OFF radar_adj=0 mom= conf=0
[1;36m23:31:32[0m [1;32mx13[0m [1;36m#519[0m SKIP tension=[1;36m0.00000000[0m [0m| momentum_too_small [1;31mconf=0.2994[0m
mode=OFF radar_adj=0 mom= conf=0
[1;36m23:31:41[0m [1;32mx13[0m [1;36m#520[0m SKIP tension=[1;36m0.00000000[0m [0m| momentum_too_small [1;31mconf=0.2876[0m
mode=OFF radar_adj=0 mom= conf=0
[1;36m23:31:55[0m [1;32mx13[0m [1;36m#521[0m SKIP tension=[1;36m0.35968841[0m [0m| wall_not_collapsed
mode=OFF radar_adj=0 mom= conf=0
[1;36m23:32:05[0m [1;32mx13[0m [1;36m#522[0m SKIP [1;33m| tension_stale age=8238ms>800ms (NUAGE)[0m
mode=OFF radar_adj=0 mom= conf=0
[1;36m23:32:14[0m [1;32mx13[0m [1;36m#523[0m SKIP tension=[1;32m1.21839595[0m [0m| duo no_trigger
mode=OFF radar_adj=0 mom= conf=0
[1;36m23:32:24[0m [1;32mx13[0m [1;36m#524[0m SKIP tension=[1;36m0.46167105[0m [0m| wall_not_collapsed
mode=OFF radar_adj=0 mom= conf=0
[1;36m23:32:34[0m [1;32mx13[0m [1;36m#525[0m SKIP tension=[1;32m1.89660463[0m [0m| duo no_trigger
mode=OFF radar_adj=0 mom= conf=0
[1;36m23:32:42[0m [1;32mx13[0m [1;36m#526[0m SKIP tension=[1;36m0.00006222[0m [0m| momentum_too_small [1;31mconf=0.0001[0m
mode=OFF radar_adj=0 mom= conf=0
[1;36m23:32:51[0m [1;32mx13[0m [1;36m#527[0m SKIP tension=[1;36m0.00014237[0m [0m| momentum_too_small [1;31mconf=0.0002[0m
mode=OFF radar_adj=0 mom= conf=0
[1;36m23:32:59[0m [1;32mx13[0m [1;36m#528[0m SKIP tension=[1;36m0.00002351[0m [0m| momentum_too_small [1;31mconf=0.0[0m
mode=OFF radar_adj=0 mom= conf=0
[1;36m23:33:07[0m [1;32mx13[0m [1;36m#529[0m SKIP tension=[1;31m3.25546703[0m [0m| spread_too_wide [1;33mconf=0.5[0m
mode=OFF radar_adj=0 mom= conf=0
[1;36m23:33:15[0m [1;32mx13[0m [1;36m#530[0m SKIP tension=[1;36m0.00000000[0m [0m| spread_too_wide [1;31mconf=0.0[0m
mode=OFF radar_adj=0 mom= conf=0
[1;36m23:33:24[0m [1;32mx13[0m [1;36m#531[0m SKIP tension=[1;31m4.18004527[0m [0m| duo no_trigger
mode=OFF radar_adj=0 mom= conf=0
[1;36m23:33:32[0m [1;32mx13[0m [1;36m#532[0m SKIP tension=[1;31m2.10012881[0m [0m| duo no_trigger
mode=OFF radar_adj=0 mom= conf=0
[1;36m23:33:40[0m [1;32mx13[0m [1;36m#533[0m SKIP tension=[1;36m0.00002564[0m [0m| momentum_too_small [1;31mconf=0.0[0m
mode=OFF radar_adj=0 mom= conf=0
[1;36m23:33:49[0m [1;32mx13[0m [1;36m#534[0m SKIP tension=[1;36m0.00001663[0m [0m| momentum_too_small [1;31mconf=0.0[0m
mode=OFF radar_adj=0 mom= conf=0
[1;36m23:33:57[0m [1;32mx13[0m [1;36m#535[0m SKIP tension=[1;36m0.00063085[0m [0m| momentum_too_small [1;31mconf=0.001[0m
mode=OFF radar_adj=0 mom= conf=0
[1;36m23:34:05[0m [1;32mx13[0m [1;36m#536[0m SKIP tension=[1;36m0.00012018[0m [0m| momentum_too_small [1;31mconf=0.0002[0m
mode=OFF radar_adj=0 mom= conf=0
[1;36m23:34:14[0m [1;32mx13[0m [1;36m#537[0m SKIP tension=[1;36m0.42179896[0m [0m| wall_not_collapsed
mode=OFF radar_adj=0 mom= conf=0
[1;36m23:34:22[0m [1;32mx13[0m [1;36m#538[0m SKIP tension=[1;36m0.81097378[0m [0m| wall_not_collapsed
mode=OFF radar_adj=0 mom= conf=0
[1;36m23:34:30[0m [1;32mx13[0m [1;36m#539[0m SKIP tension=[1;36m0.00009490[0m [0m| momentum_too_small [1;31mconf=0.0001[0m
mode=OFF radar_adj=0 mom= conf=0
[1;36m23:34:39[0m [1;32mx13[0m [1;36m#540[0m SKIP tension=[1;31m2.77382712[0m [0m| duo no_trigger
mode=OFF radar_adj=0 mom= conf=0
[1;36m23:34:48[0m [1;32mx13[0m [1;36m#541[0m SKIP tension=[1;36m0.00005974[0m [0m| momentum_too_small [1;31mconf=0.0001[0m
mode=OFF radar_adj=0 mom= conf=0
[1;36m23:35:01[0m [1;32mx13[0m [1;36m#542[0m SKIP tension=[1;36m0.00005621[0m [0m| momentum_too_small [1;31mconf=0.0001[0m
mode=OFF radar_adj=0 mom= conf=0
[1;36m23:35:09[0m [1;32mx13[0m [1;36m#543[0m SKIP tension=[1;36m0.00005912[0m [0m| momentum_too_small [1;31mconf=0.0001[0m
mode=OFF radar_adj=0 mom= conf=0
[1;36m23:35:18[0m [1;32mx13[0m [1;36m#544[0m SKIP tension=[1;36m0.00011244[0m [0m| momentum_too_small [1;31mconf=0.0002[0m
mode=OFF radar_adj=0 mom= conf=0
[1;36m23:35:26[0m [1;32mx13[0m [1;36m#545[0m SKIP tension=[1;36m0.00001042[0m [0m| momentum_too_small [1;31mconf=0.0[0m
mode=OFF radar_adj=0 mom= conf=0
[1;36m23:35:34[0m [1;32mx13[0m [1;36m#546[0m SKIP tension=[1;36m0.00007500[0m [0m| momentum_too_small [1;31mconf=0.0001[0m
mode=OFF radar_adj=0 mom= conf=0
[1;36m23:35:43[0m [1;32mx13[0m [1;36m#547[0m SKIP tension=[1;36m0.03449260[0m [0m| direction_unclear [1;31mconf=0.012[0m
mode=OFF radar_adj=0 mom= conf=0
[1;36m23:35:51[0m [1;32mx13[0m [1;36m#548[0m SKIP tension=[1;36m0.00004066[0m [0m| momentum_too_small [1;31mconf=0.0001[0m
mode=OFF radar_adj=0 mom= conf=0
[1;36m23:36:00[0m [1;32mx13[0m [1;36m#549[0m SKIP tension=[1;36m0.00004379[0m [0m| momentum_too_small [1;31mconf=0.0001[0m
mode=OFF radar_adj=0 mom= conf=0
[1;36m23:36:09[0m [1;32mx13[0m [1;36m#550[0m SKIP tension=[1;36m0.00004171[0m [0m| momentum_too_small [1;31mconf=0.0001[0m
mode=OFF radar_adj=0 mom= conf=0
[1;36m23:36:17[0m [1;32mx13[0m [1;36m#551[0m SKIP tension=[1;36m0.00003646[0m [0m| momentum_too_small [1;31mconf=0.0001[0m
mode=OFF radar_adj=0 mom= conf=0
[1;36m23:36:26[0m [1;32mx13[0m [1;36m#552[0m SKIP tension=[1;36m0.00016349[0m [0m| momentum_too_small [1;31mconf=0.0002[0m
mode=OFF radar_adj=0 mom= conf=0
[1;36m23:36:34[0m [1;32mx13[0m [1;36m#553[0m SKIP tension=[1;36m0.00056480[0m [0m| momentum_too_small [1;31mconf=0.0008[0m
mode=OFF radar_adj=0 mom= conf=0
[1;36m23:36:42[0m [1;32mx13[0m [1;36m#554[0m SKIP tension=[1;36m0.00010854[0m [0m| momentum_too_small [1;31mconf=0.0002[0m
mode=OFF radar_adj=0 mom= conf=0
[1;36m23:36:51[0m [1;32mx13[0m [1;36m#555[0m SKIP tension=[1;36m0.00004384[0m [0m| momentum_too_small [1;31mconf=0.0001[0m
mode=OFF radar_adj=0 mom= conf=0
[1;36m23:37:00[0m [1;32mx13[0m [1;36m#556[0m SKIP tension=[1;36m0.00001296[0m [0m| momentum_too_small [1;31mconf=0.0[0m
mode=OFF radar_adj=0 mom= conf=0
[1;36m23:37:08[0m [1;32mx13[0m [1;36m#557[0m SKIP tension=[1;36m0.00001046[0m [0m| momentum_too_small [1;31mconf=0.0[0m
mode=OFF radar_adj=0 mom= conf=0
[1;36m23:37:17[0m [1;32mx13[0m [1;36m#558[0m SKIP tension=[1;36m0.00008163[0m [0m| momentum_too_small [1;31mconf=0.0001[0m
mode=OFF radar_adj=0 mom= conf=0
[1;36m23:37:25[0m [1;32mx13[0m [1;36m#559[0m SKIP tension=[1;36m0.00006907[0m [0m| momentum_too_small [1;31mconf=0.0001[0m
mode=OFF radar_adj=0 mom= conf=0
[1;36m23:37:38[0m [1;32mx13[0m [1;36m#560[0m SKIP tension=[1;36m0.00003550[0m [0m| momentum_too_small [1;31mconf=0.0001[0m
mode=OFF radar_adj=0 mom= conf=0
[1;36m23:37:47[0m [1;32mx13[0m [1;36m#561[0m SKIP tension=[1;36m0.00005533[0m [0m| momentum_too_small [1;31mconf=0.0001[0m
mode=OFF radar_adj=0 mom= conf=0
[1;36m23:37:55[0m [1;32mx13[0m [1;36m#562[0m SKIP tension=[1;36m0.02698140[0m [0m| direction_unclear [1;31mconf=0.0407[0m
mode=OFF radar_adj=0 mom= conf=0
[1;36m23:38:04[0m [1;32mx13[0m [1;36m#563[0m SKIP tension=[1;36m0.00003974[0m [0m| momentum_too_small [1;31mconf=0.0001[0m
mode=OFF radar_adj=0 mom= conf=0
[1;36m23:38:13[0m [1;32mx13[0m [1;36m#564[0m SKIP tension=[1;36m0.00020612[0m [0m| momentum_too_small [1;31mconf=0.0003[0m
mode=OFF radar_adj=0 mom= conf=0
[1;36m23:38:22[0m [1;32mx13[0m [1;36m#565[0m SKIP tension=[1;36m0.00006906[0m [0m| momentum_too_small [1;31mconf=0.0001[0m
mode=OFF radar_adj=0 mom= conf=0
[1;36m23:38:30[0m [1;32mx13[0m [1;36m#566[0m SKIP tension=[1;36m0.00008057[0m [0m| momentum_too_small [1;31mconf=0.0001[0m
mode=OFF radar_adj=0 mom= conf=0
[1;36m23:38:39[0m [1;32mx13[0m [1;36m#567[0m SKIP tension=[1;36m0.00005234[0m [0m| momentum_too_small [1;31mconf=0.0001[0m
mode=OFF radar_adj=0 mom= conf=0
[1;36m23:38:52[0m [1;32mx13[0m [1;36m#568[0m SKIP tension=[1;36m0.00008271[0m [0m| momentum_too_small [1;31mconf=0.0001[0m
mode=OFF radar_adj=0 mom= conf=0
[1;36m23:39:02[0m [1;32mx13[0m [1;36m#569[0m SKIP tension=[1;36m0.00000000[0m [0m| momentum_too_small [1;31mconf=0.3157[0m
mode=OFF radar_adj=0 mom= conf=0
[1;36m23:39:10[0m [1;32mx13[0m [1;36m#570[0m SKIP tension=[1;36m0.00001680[0m [0m| momentum_too_small [1;31mconf=0.0[0m
mode=OFF radar_adj=0 mom= conf=0
[1;36m23:39:18[0m [1;32mx13[0m [1;36m#571[0m SKIP tension=[1;36m0.00004411[0m [0m| momentum_too_small [1;31mconf=0.0001[0m
mode=OFF radar_adj=0 mom= conf=0
[1;36m23:39:26[0m [1;32mx13[0m [1;36m#572[0m SKIP tension=[1;36m0.00006830[0m [0m| momentum_too_small [1;31mconf=0.0001[0m
mode=OFF radar_adj=0 mom= conf=0
[1;36m23:39:35[0m [1;32mx13[0m [1;36m#573[0m SKIP tension=[1;36m0.00010237[0m [0m| momentum_too_small [1;31mconf=0.0002[0m
mode=OFF radar_adj=0 mom= conf=0
[1;36m23:39:43[0m [1;32mx13[0m [1;36m#574[0m SKIP tension=[1;36m0.00017520[0m [0m| momentum_too_small [1;31mconf=0.0003[0m
mode=OFF radar_adj=0 mom= conf=0
[1;36m23:39:51[0m [1;32mx13[0m [1;36m#575[0m SKIP tension=[1;36m0.00000950[0m [0m| momentum_too_small [1;31mconf=0.0[0m
mode=OFF radar_adj=0 mom= conf=0
[1;36m23:40:00[0m [1;32mx13[0m [1;36m#576[0m SKIP tension=[1;36m0.00000000[0m [0m| momentum_too_small [1;31mconf=0.3157[0m
mode=OFF radar_adj=0 mom= conf=0
[1;36m23:40:08[0m [1;32mx13[0m [1;36m#577[0m SKIP tension=[1;36m0.00001267[0m [0m| momentum_too_small [1;31mconf=0.0[0m
mode=OFF radar_adj=0 mom= conf=0
[1;36m23:40:17[0m [1;32mx13[0m [1;36m#578[0m SKIP tension=[1;36m0.00001710[0m [0m| momentum_too_small [1;31mconf=0.0[0m
mode=OFF radar_adj=0 mom= conf=0
[1;36m23:40:26[0m [1;32mx13[0m [1;36m#579[0m SKIP tension=[1;36m0.01590410[0m [0m| direction_unclear [1;31mconf=0.0239[0m
mode=OFF radar_adj=0 mom= conf=0
[1;36m23:40:34[0m [1;32mx13[0m [1;36m#580[0m SKIP tension=[1;36m0.00003906[0m [0m| momentum_too_small [1;31mconf=0.0001[0m
mode=OFF radar_adj=0 mom= conf=0
[1;36m23:40:44[0m [1;32mx13[0m [1;36m#581[0m SKIP tension=[1;36m0.00000000[0m [0m| momentum_too_small [1;31mconf=0.3157[0m
mode=OFF radar_adj=0 mom= conf=0
[1;36m23:40:52[0m [1;32mx13[0m [1;36m#582[0m SKIP tension=[1;36m0.00002534[0m [0m| momentum_too_small [1;31mconf=0.0[0m
mode=OFF radar_adj=0 mom= conf=0
[1;36m23:41:01[0m [1;32mx13[0m [1;36m#583[0m SKIP tension=[1;36m0.79547693[0m [0m| wall_not_collapsed
mode=OFF radar_adj=0 mom= conf=0
[1;36m23:41:10[0m [1;32mx13[0m [1;36m#584[0m SKIP tension=[1;36m0.00019425[0m [0m| momentum_too_small [1;31mconf=0.0003[0m
mode=OFF radar_adj=0 mom= conf=0
[1;36m23:41:18[0m [1;32mx13[0m [1;36m#585[0m SKIP tension=[1;36m0.03853818[0m [0m| direction_unclear [1;31mconf=0.0584[0m
mode=OFF radar_adj=0 mom= conf=0
[1;36m23:41:27[0m [1;32mx13[0m [1;36m#586[0m SKIP tension=[1;36m0.03869181[0m [0m| direction_unclear [1;31mconf=0.0121[0m
mode=OFF radar_adj=0 mom= conf=0
[1;36m23:41:40[0m [1;32mx13[0m [1;36m#587[0m SKIP tension=[1;36m0.00008483[0m [0m| momentum_too_small [1;31mconf=0.0001[0m
mode=OFF radar_adj=0 mom= conf=0
[1;36m23:41:48[0m [1;32mx13[0m [1;36m#588[0m SKIP tension=[1;36m0.00001444[0m [0m| momentum_too_small [1;31mconf=0.0[0m
mode=OFF radar_adj=0 mom= conf=0
[1;36m23:41:56[0m [1;32mx13[0m [1;36m#589[0m SKIP tension=[1;36m0.00070921[0m [0m| momentum_too_small [1;31mconf=0.0011[0m
mode=OFF radar_adj=0 mom= conf=0
[1;36m23:42:06[0m [1;32mx13[0m [1;36m#590[0m SKIP tension=[1;36m0.00007695[0m [0m| momentum_too_small [1;31mconf=0.0001[0m
mode=OFF radar_adj=0 mom= conf=0
[1;36m23:42:14[0m [1;32mx13[0m [1;36m#591[0m SKIP tension=[1;36m0.03866756[0m [0m| direction_unclear [1;31mconf=0.0581[0m
mode=OFF radar_adj=0 mom= conf=0
[1;36m23:42:22[0m [1;32mx13[0m [1;36m#592[0m SKIP tension=[1;36m0.00001059[0m [0m| momentum_too_small [1;31mconf=0.0[0m
mode=OFF radar_adj=0 mom= conf=0
[1;36m23:42:31[0m [1;32mx13[0m [1;36m#593[0m SKIP tension=[1;36m0.00845439[0m [0m| direction_unclear [1;31mconf=0.0127[0m
mode=OFF radar_adj=0 mom= conf=0
[1;36m23:42:40[0m [1;32mx13[0m [1;36m#594[0m SKIP tension=[1;36m0.00010158[0m [0m| momentum_too_small [1;31mconf=0.0002[0m
mode=OFF radar_adj=0 mom= conf=0
[1;36m23:42:50[0m [1;32mx13[0m [1;36m#595[0m SKIP tension=[1;36m0.00009751[0m [0m| momentum_too_small [1;31mconf=0.0002[0m
mode=OFF radar_adj=0 mom= conf=0
[1;36m23:42:59[0m [1;32mx13[0m [1;36m#596[0m SKIP tension=[1;36m0.01617211[0m [0m| direction_unclear [1;31mconf=0.0131[0m
mode=OFF radar_adj=0 mom= conf=0
[1;36m23:43:08[0m [1;32mx13[0m [1;36m#597[0m SKIP tension=[1;36m0.00005289[0m [0m| momentum_too_small [1;31mconf=0.0001[0m
mode=OFF radar_adj=0 mom= conf=0
[1;36m23:43:21[0m [1;32mx13[0m [1;36m#598[0m SKIP tension=[1;36m0.35157786[0m [0m| wall_not_collapsed
mode=OFF radar_adj=0 mom= conf=0
[1;36m23:43:30[0m [1;32mx13[0m [1;36m#599[0m SKIP tension=[1;33m0.92988392[0m [0m| wall_not_collapsed
mode=OFF radar_adj=0 mom= conf=0
[1;36m23:43:38[0m [1;32mx13[0m [1;36m#600[0m SKIP tension=[1;36m0.00000496[0m [0m| momentum_too_small [1;31mconf=0.0[0m
mode=OFF radar_adj=0 mom= conf=0
[1;36m23:43:46[0m [1;32mx13[0m [1;36m#601[0m SKIP tension=[1;36m0.67247937[0m [0m| wall_not_collapsed
mode=OFF radar_adj=0 mom= conf=0
[1;36m23:43:54[0m [1;32mx13[0m [1;36m#602[0m SKIP tension=[1;36m0.00000000[0m [0m| momentum_too_small [1;31mconf=0.2145[0m
mode=OFF radar_adj=0 mom= conf=0
[1;36m23:44:02[0m [1;32mx13[0m [1;36m#603[0m SKIP tension=[1;32m1.03546416[0m [0m| tactic long vs short
mode=OFF radar_adj=0 mom= conf=0
[1;36m23:44:10[0m [1;32mx13[0m [1;36m#604[0m SKIP tension=[1;36m0.00000000[0m [0m| momentum_too_small [1;31mconf=0.1916[0m
mode=OFF radar_adj=0 mom= conf=0
[1;36m23:44:19[0m [1;32mx13[0m [1;36m#605[0m SKIP tension=[1;36m0.00001289[0m [0m| momentum_too_small [1;31mconf=0.0[0m
mode=OFF radar_adj=0 mom= conf=0
[1;36m23:44:28[0m [1;32mx13[0m [1;36m#606[0m SKIP tension=[1;32m1.37473907[0m [0m| duo no_trigger
mode=OFF radar_adj=0 mom= conf=0
[1;36m23:44:36[0m [1;32mx13[0m [1;36m#607[0m SKIP tension=[1;36m0.00019494[0m [0m| momentum_too_small [1;31mconf=0.0002[0m
mode=OFF radar_adj=0 mom= conf=0
[1;36m23:44:45[0m [1;32mx13[0m [1;36m#608[0m SKIP tension=[1;36m0.00001237[0m [0m| momentum_too_small [1;31mconf=0.0[0m
mode=OFF radar_adj=0 mom= conf=0
[1;36m23:44:54[0m [1;32mx13[0m [1;36m#609[0m SKIP tension=[1;36m0.00091087[0m [0m| spread_too_wide [1;31mconf=0.0008[0m
mode=OFF radar_adj=0 mom= conf=0
[1;36m23:45:02[0m [1;32mx13[0m [1;36m#610[0m SKIP tension=[1;36m0.00014328[0m [0m| momentum_too_small [1;31mconf=0.0002[0m
mode=OFF radar_adj=0 mom= conf=0
[1;36m23:45:10[0m [1;32mx13[0m [1;36m#611[0m SKIP tension=[1;36m0.00089175[0m [0m| momentum_too_small [1;31mconf=0.0015[0m
mode=OFF radar_adj=0 mom= conf=0
[1;36m23:45:20[0m [1;32mx13[0m [1;36m#612[0m SKIP tension=[1;36m0.13832665[0m [0m| direction_unclear [1;31mconf=0.2301[0m
mode=OFF radar_adj=0 mom= conf=0
[1;36m23:45:28[0m [1;32mx13[0m [1;36m#613[0m SKIP tension=[1;36m0.00004342[0m [0m| momentum_too_small [1;31mconf=0.0001[0m
mode=OFF radar_adj=0 mom= conf=0
[1;36m23:45:37[0m [1;32mx13[0m [1;36m#614[0m SKIP tension=[1;36m0.00012264[0m [0m| momentum_too_small [1;31mconf=0.0002[0m
mode=OFF radar_adj=0 mom= conf=0
[1;36m23:45:45[0m [1;32mx13[0m [1;36m#615[0m SKIP tension=[1;36m0.00002643[0m [0m| momentum_too_small [1;31mconf=0.0[0m
mode=OFF radar_adj=0 mom= conf=0
[1;36m23:45:54[0m [1;32mx13[0m [1;36m#616[0m SKIP tension=[1;32m1.07174010[0m [0m| duo no_trigger
mode=OFF radar_adj=0 mom= conf=0
[1;36m23:46:03[0m [1;32mx13[0m [1;36m#617[0m SKIP tension=[1;36m0.00016560[0m [0m| momentum_too_small [1;31mconf=0.0002[0m
mode=OFF radar_adj=0 mom= conf=0
[1;36m23:46:12[0m [1;32mx13[0m [1;36m#618[0m SKIP tension=[1;31m2.56386322[0m [0m| duo no_trigger
mode=OFF radar_adj=0 mom= conf=0
[1;36m23:46:21[0m [1;32mx13[0m [1;36m#619[0m SKIP tension=[1;36m0.22385463[0m [0m| wall_not_collapsed
mode=OFF radar_adj=0 mom= conf=0
[1;36m23:46:30[0m [1;32mx13[0m [1;36m#620[0m SKIP tension=[1;36m0.57320717[0m [0m| wall_not_collapsed
mode=OFF radar_adj=0 mom= conf=0
[1;36m23:46:38[0m [1;32mx13[0m [1;36m#621[0m SKIP tension=[1;36m0.00003533[0m [0m| momentum_too_small [1;31mconf=0.0[0m
mode=OFF radar_adj=0 mom= conf=0
[1;36m23:46:52[0m [1;32mx13[0m [1;36m#622[0m SKIP tension=[1;31m4.41959211[0m [0m| tactic long vs short
mode=OFF radar_adj=0 mom= conf=0
[1;36m23:47:00[0m [1;32mx13[0m [1;36m#623[0m SKIP tension=[1;36m0.00001309[0m [0m| momentum_too_small [1;31mconf=0.0[0m
mode=OFF radar_adj=0 mom= conf=0
[1;36m23:47:09[0m [1;32mx13[0m [1;36m#624[0m SKIP tension=[1;36m0.00002221[0m [0m| momentum_too_small [1;31mconf=0.0[0m
mode=OFF radar_adj=0 mom= conf=0
[1;36m23:47:18[0m [1;32mx13[0m [1;36m#625[0m SKIP tension=[1;36m0.54864019[0m [0m| wall_not_collapsed
mode=OFF radar_adj=0 mom= conf=0
[1;36m23:47:28[0m [1;32mx13[0m [1;36m#626[0m SKIP tension=[1;32m1.24197715[0m [0m| duo no_trigger
mode=OFF radar_adj=0 mom= conf=0
[1;36m23:47:36[0m [1;32mx13[0m [1;36m#627[0m SKIP tension=[1;36m0.00406943[0m [0m| momentum_too_small [1;31mconf=0.0057[0m
mode=OFF radar_adj=0 mom= conf=0
[1;36m23:47:44[0m [1;32mx13[0m [1;36m#628[0m SKIP tension=[1;36m0.00008115[0m [0m| momentum_too_small [1;31mconf=0.0001[0m
mode=OFF radar_adj=0 mom= conf=0
[1;36m23:47:52[0m [1;32mx13[0m [1;36m#629[0m SKIP tension=[1;36m0.00001570[0m [0m| momentum_too_small [1;31mconf=0.0[0m
mode=OFF radar_adj=0 mom= conf=0
[1;36m23:48:06[0m [1;32mx13[0m [1;36m#630[0m SKIP tension=[1;36m0.00000000[0m [0m| momentum_too_small [1;31mconf=0.2393[0m
mode=OFF radar_adj=0 mom= conf=0
[1;36m23:48:15[0m [1;32mx13[0m [1;36m#631[0m SKIP tension=[1;31m2.16944885[0m [0m| duo no_trigger
mode=OFF radar_adj=0 mom= conf=0
[1;36m23:48:26[0m [1;32mx13[0m [1;36m#632[0m SKIP tension=[1;31m2.14256930[0m [0m| duo no_trigger
mode=OFF radar_adj=0 mom= conf=0
[1;36m23:48:34[0m [1;32mx13[0m [1;36m#633[0m SKIP tension=[1;32m1.59674080[0m [0m| spread_too_wide [1;33mconf=0.5[0m
mode=OFF radar_adj=0 mom= conf=0
[1;36m23:48:43[0m [1;32mx13[0m [1;36m#634[0m SKIP tension=[1;32m1.63570714[0m [0m| spread_too_wide [1;33mconf=0.5[0m
mode=OFF radar_adj=0 mom= conf=0
[1;36m23:48:51[0m [1;32mx13[0m [1;36m#635[0m SKIP tension=[1;36m0.00017695[0m [0m| spread_too_wide [1;31mconf=0.0001[0m
mode=OFF radar_adj=0 mom= conf=0
[1;36m23:49:00[0m [1;32mx13[0m [1;36m#636[0m SKIP tension=[1;36m0.51587728[0m [0m| wall_not_collapsed
mode=OFF radar_adj=0 mom= conf=0
[1;36m23:49:10[0m [1;32mx13[0m [1;36m#637[0m SKIP tension=[1;36m0.00000000[0m [0m| spread_too_wide [1;31mconf=0.0[0m
mode=OFF radar_adj=0 mom= conf=0
[1;36m23:49:18[0m [1;32mx13[0m [1;36m#638[0m SKIP tension=[1;36m0.00000000[0m [0m| spread_too_wide [1;31mconf=0.0[0m
mode=OFF radar_adj=0 mom= conf=0
[1;36m23:49:26[0m [1;32mx13[0m [1;36m#639[0m SKIP tension=[1;36m0.00002471[0m [0m| spread_too_wide [1;31mconf=0.0[0m
mode=OFF radar_adj=0 mom= conf=0
[1;36m23:49:35[0m [1;32mx13[0m [1;36m#640[0m SKIP tension=[1;36m0.00000000[0m [0m| spread_too_wide [1;31mconf=0.0[0m
mode=OFF radar_adj=0 mom= conf=0
[1;36m23:49:43[0m [1;32mx13[0m [1;36m#641[0m SKIP tension=[1;36m0.00000000[0m [0m| momentum_too_small [1;31mconf=0.2158[0m
mode=OFF radar_adj=0 mom= conf=0
[1;36m23:49:51[0m [1;32mx13[0m [1;36m#642[0m SKIP tension=[1;36m0.00004652[0m [0m| momentum_too_small [1;31mconf=0.0001[0m
mode=OFF radar_adj=0 mom= conf=0
[1;36m23:49:59[0m [1;32mx13[0m [1;36m#643[0m SKIP tension=[1;36m0.00001208[0m [0m| momentum_too_small [1;31mconf=0.0[0m
mode=OFF radar_adj=0 mom= conf=0
[1;36m23:50:07[0m [1;32mx13[0m [1;36m#644[0m SKIP tension=[1;36m0.53272392[0m [0m| spread_too_wide [1;31mconf=0.4439[0m
mode=OFF radar_adj=0 mom= conf=0
[1;36m23:50:16[0m [1;32mx13[0m [1;36m#645[0m SKIP tension=[1;36m0.00000000[0m [0m| spread_too_wide [1;31mconf=0.0[0m
mode=OFF radar_adj=0 mom= conf=0
[1;36m23:50:24[0m [1;32mx13[0m [1;36m#646[0m SKIP [1;33m| tension_stale age=7230ms>800ms (NUAGE)[0m
mode=OFF radar_adj=0 mom= conf=0
[1;36m23:50:34[0m [1;32mx13[0m [1;36m#647[0m SKIP tension=[1;32m1.95943303[0m [0m| duo no_trigger
mode=OFF radar_adj=0 mom= conf=0
[1;36m23:50:43[0m [1;32mx13[0m [1;36m#648[0m SKIP tension=[1;36m0.35854981[0m [0m| wall_not_collapsed
mode=OFF radar_adj=0 mom= conf=0
[1;36m23:50:51[0m [1;32mx13[0m [1;36m#649[0m SKIP tension=[1;36m0.00000000[0m [0m| momentum_too_small [1;31mconf=0.347[0m
mode=OFF radar_adj=0 mom= conf=0
[1;36m23:51:05[0m [1;32mx13[0m [1;36m#650[0m SKIP tension=[1;32m1.02317158[0m [0m| duo no_trigger
mode=OFF radar_adj=0 mom= conf=0
[1;36m23:51:16[0m [1;32mx13[0m [1;36m#651[0m SKIP tension=[1;32m1.64579659[0m [0m| duo no_trigger
mode=OFF radar_adj=0 mom= conf=0
[1;36m23:51:24[0m [1;32mx13[0m [1;36m#652[0m SKIP tension=[1;36m0.00099954[0m [0m| momentum_too_small [1;31mconf=0.0016[0m
mode=OFF radar_adj=0 mom= conf=0
[1;36m23:51:33[0m [1;32mx13[0m [1;36m#653[0m SKIP tension=[1;36m0.00005845[0m [0m| momentum_too_small [1;31mconf=0.0001[0m
mode=OFF radar_adj=0 mom= conf=0
[1;36m23:51:41[0m [1;32mx13[0m [1;36m#654[0m SKIP tension=[1;36m0.00000000[0m [0m| momentum_too_small [1;31mconf=0.3392[0m
mode=OFF radar_adj=0 mom= conf=0
[1;36m23:51:49[0m [1;32mx13[0m [1;36m#655[0m SKIP tension=[1;36m0.51785802[0m [0m| wall_not_collapsed
mode=OFF radar_adj=0 mom= conf=0
[1;36m23:51:59[0m [1;32mx13[0m [1;36m#656[0m SKIP tension=[1;36m0.00000000[0m [0m| momentum_too_small [1;31mconf=0.3392[0m
mode=OFF radar_adj=0 mom= conf=0
[1;36m23:52:07[0m [1;32mx13[0m [1;36m#657[0m SKIP tension=[1;36m0.00000000[0m [0m| momentum_too_small [1;31mconf=0.3392[0m
mode=OFF radar_adj=0 mom= conf=0
[1;36m23:52:16[0m [1;32mx13[0m [1;36m#658[0m SKIP tension=[1;36m0.00000000[0m [0m| momentum_too_small [1;31mconf=0.3392[0m
mode=OFF radar_adj=0 mom= conf=0
[1;36m23:52:24[0m [1;32mx13[0m [1;36m#659[0m SKIP tension=[1;36m0.21431283[0m [0m| wall_not_collapsed
mode=OFF radar_adj=0 mom= conf=0
[1;36m23:52:32[0m [1;32mx13[0m [1;36m#660[0m SKIP tension=[1;36m0.00000000[0m [0m| momentum_too_small [1;31mconf=0.3392[0m
mode=OFF radar_adj=0 mom= conf=0
[1;36m23:52:40[0m [1;32mx13[0m [1;36m#661[0m SKIP tension=[1;36m0.00000000[0m [0m| momentum_too_small [1;31mconf=0.3392[0m
mode=OFF radar_adj=0 mom= conf=0
[1;36m23:52:49[0m [1;32mx13[0m [1;36m#662[0m SKIP tension=[1;36m0.00020991[0m [0m| momentum_too_small [1;31mconf=0.0003[0m
mode=OFF radar_adj=0 mom= conf=0
[1;36m23:52:57[0m [1;32mx13[0m [1;36m#663[0m SKIP tension=[1;36m0.00001804[0m [0m| momentum_too_small [1;31mconf=0.0[0m
mode=OFF radar_adj=0 mom= conf=0
[1;36m23:53:05[0m [1;32mx13[0m [1;36m#664[0m SKIP tension=[1;36m0.00001147[0m [0m| momentum_too_small [1;31mconf=0.0[0m
mode=OFF radar_adj=0 mom= conf=0
[1;36m23:53:14[0m [1;32mx13[0m [1;36m#665[0m SKIP [1;33m| tension_stale age=3553ms>800ms (NUAGE)[0m
mode=OFF radar_adj=0 mom= conf=0
[1;36m23:53:23[0m [1;32mx13[0m [1;36m#666[0m SKIP tension=[1;36m0.00001747[0m [0m| momentum_too_small [1;31mconf=0.0[0m
mode=OFF radar_adj=0 mom= conf=0
[1;36m23:53:31[0m [1;32mx13[0m [1;36m#667[0m SKIP tension=[1;36m0.00001747[0m [0m| momentum_too_small [1;31mconf=0.0[0m
mode=OFF radar_adj=0 mom= conf=0
[1;36m23:53:40[0m [1;32mx13[0m [1;36m#668[0m SKIP tension=[1;36m0.00001343[0m [0m| momentum_too_small [1;31mconf=0.0[0m
mode=OFF radar_adj=0 mom= conf=0
[1;36m23:53:49[0m [1;32mx13[0m [1;36m#669[0m SKIP tension=[1;36m0.00000976[0m [0m| momentum_too_small [1;31mconf=0.0[0m
mode=OFF radar_adj=0 mom= conf=0
[1;36m23:53:58[0m [1;32mx13[0m [1;36m#670[0m SKIP tension=[1;36m0.00000818[0m [0m| momentum_too_small [1;31mconf=0.0[0m
mode=OFF radar_adj=0 mom= conf=0
[1;36m23:54:06[0m [1;32mx13[0m [1;36m#671[0m SKIP tension=[1;36m0.00010263[0m [0m| momentum_too_small [1;31mconf=0.0002[0m
mode=OFF radar_adj=0 mom= conf=0
[1;36m23:54:14[0m [1;32mx13[0m [1;36m#672[0m SKIP tension=[1;36m0.00000781[0m [0m| momentum_too_small [1;31mconf=0.0[0m
mode=OFF radar_adj=0 mom= conf=0
[1;36m23:54:23[0m [1;32mx13[0m [1;36m#673[0m SKIP tension=[1;36m0.00000000[0m [0m| momentum_too_small [1;31mconf=0.3358[0m
mode=OFF radar_adj=0 mom= conf=0
[1;36m23:54:31[0m [1;32mx13[0m [1;36m#674[0m SKIP tension=[1;36m0.00001235[0m [0m| momentum_too_small [1;31mconf=0.0[0m
mode=OFF radar_adj=0 mom= conf=0
[1;36m23:54:40[0m [1;32mx13[0m [1;36m#675[0m SKIP tension=[1;36m0.00001632[0m [0m| momentum_too_small [1;31mconf=0.0[0m
mode=OFF radar_adj=0 mom= conf=0
[1;36m23:54:48[0m [1;32mx13[0m [1;36m#676[0m SKIP tension=[1;36m0.00001544[0m [0m| momentum_too_small [1;31mconf=0.0[0m
mode=OFF radar_adj=0 mom= conf=0
[1;36m23:54:57[0m [1;32mx13[0m [1;36m#677[0m SKIP tension=[1;36m0.00012447[0m [0m| momentum_too_small [1;31mconf=0.0002[0m
mode=OFF radar_adj=0 mom= conf=0
[1;36m23:55:05[0m [1;32mx13[0m [1;36m#678[0m SKIP tension=[1;36m0.00003542[0m [0m| momentum_too_small [1;31mconf=0.0001[0m
mode=OFF radar_adj=0 mom= conf=0
[1;36m23:55:15[0m [1;32mx13[0m [1;36m#679[0m SKIP tension=[1;31m7.18717347[0m [0m| duo no_trigger
mode=OFF radar_adj=0 mom= conf=0
[1;36m23:55:23[0m [1;32mx13[0m [1;36m#680[0m SKIP tension=[1;36m0.00001026[0m [0m| momentum_too_small [1;31mconf=0.0[0m
mode=OFF radar_adj=0 mom= conf=0
[1;36m23:55:31[0m [1;32mx13[0m [1;36m#681[0m SKIP tension=[1;36m0.79592777[0m [0m| wall_not_collapsed
mode=OFF radar_adj=0 mom= conf=0
[1;36m23:55:40[0m [1;32mx13[0m [1;36m#682[0m SKIP tension=[1;36m0.00001204[0m [0m| momentum_too_small [1;31mconf=0.0[0m
mode=OFF radar_adj=0 mom= conf=0
[1;36m23:55:49[0m [1;32mx13[0m [1;36m#683[0m SKIP tension=[1;36m0.00000000[0m [0m| momentum_too_small [1;31mconf=0.3118[0m
mode=OFF radar_adj=0 mom= conf=0
[1;36m23:55:58[0m [1;32mx13[0m [1;36m#684[0m SKIP tension=[1;36m0.00000000[0m [0m| momentum_too_small [1;31mconf=0.3034[0m
mode=OFF radar_adj=0 mom= conf=0
[1;36m23:56:07[0m [1;32mx13[0m [1;36m#685[0m SKIP tension=[1;31m6.32910831[0m [0m| duo no_trigger
mode=OFF radar_adj=0 mom= conf=0
[1;36m23:56:15[0m [1;32mx13[0m [1;36m#686[0m SKIP tension=[1;36m0.03455479[0m [0m| direction_unclear [1;31mconf=0.0575[0m
mode=OFF radar_adj=0 mom= conf=0
[1;36m23:56:23[0m [1;32mx13[0m [1;36m#687[0m SKIP tension=[1;36m0.32586293[0m [0m| wall_not_collapsed
mode=OFF radar_adj=0 mom= conf=0
[1;36m23:56:31[0m [1;32mx13[0m [1;36m#688[0m SKIP tension=[1;36m0.00000000[0m [0m| momentum_too_small [1;31mconf=0.3453[0m
mode=OFF radar_adj=0 mom= conf=0
[1;36m23:56:42[0m [1;32mx13[0m [1;36m#689[0m SKIP tension=[1;36m0.00005377[0m [0m| momentum_too_small [1;31mconf=0.0001[0m
mode=OFF radar_adj=0 mom= conf=0
[1;36m23:56:51[0m [1;32mx13[0m [1;36m#690[0m SKIP tension=[1;36m0.17449517[0m [0m| direction_unclear [1;31mconf=0.013[0m
mode=OFF radar_adj=0 mom= conf=0
[1;36m23:56:59[0m [1;32mx13[0m [1;36m#691[0m SKIP tension=[1;36m0.04661703[0m [0m| direction_unclear [1;31mconf=0.0756[0m
mode=OFF radar_adj=0 mom= conf=0
[1;36m23:57:08[0m [1;32mx13[0m [1;36m#692[0m SKIP tension=[1;36m0.00004940[0m [0m| momentum_too_small [1;31mconf=0.0001[0m
mode=OFF radar_adj=0 mom= conf=0
[1;36m23:57:16[0m [1;32mx13[0m [1;36m#693[0m SKIP tension=[1;36m0.00005500[0m [0m| momentum_too_small [1;31mconf=0.0001[0m
mode=OFF radar_adj=0 mom= conf=0
[1;36m23:57:25[0m [1;32mx13[0m [1;36m#694[0m SKIP tension=[1;36m0.00000000[0m [0m| momentum_too_small [1;31mconf=0.3426[0m
mode=OFF radar_adj=0 mom= conf=0
[1;36m23:57:33[0m [1;32mx13[0m [1;36m#695[0m SKIP tension=[1;36m0.00002616[0m [0m| momentum_too_small [1;31mconf=0.0[0m
mode=OFF radar_adj=0 mom= conf=0
[1;36m23:57:42[0m [1;32mx13[0m [1;36m#696[0m SKIP tension=[1;36m0.39709100[0m [0m| wall_not_collapsed
mode=OFF radar_adj=0 mom= conf=0
[1;36m23:57:50[0m [1;32mx13[0m [1;36m#697[0m SKIP tension=[1;36m0.00003401[0m [0m| momentum_too_small [1;31mconf=0.0001[0m
mode=OFF radar_adj=0 mom= conf=0
[1;36m23:57:59[0m [1;32mx13[0m [1;36m#698[0m SKIP tension=[1;36m0.00000532[0m [0m| momentum_too_small [1;31mconf=0.0[0m
mode=OFF radar_adj=0 mom= conf=0
[1;36m23:58:07[0m [1;32mx13[0m [1;36m#699[0m SKIP tension=[1;36m0.65874866[0m [0m| wall_not_collapsed
mode=OFF radar_adj=0 mom= conf=0
[1;36m23:58:15[0m [1;32mx13[0m [1;36m#700[0m SKIP tension=[1;36m0.00000000[0m [0m| momentum_too_small [1;31mconf=0.3446[0m
mode=OFF radar_adj=0 mom= conf=0
[1;36m23:58:24[0m [1;32mx13[0m [1;36m#701[0m SKIP tension=[1;36m0.00000453[0m [0m| momentum_too_small [1;31mconf=0.0[0m
mode=OFF radar_adj=0 mom= conf=0
[1;36m23:58:32[0m [1;32mx13[0m [1;36m#702[0m SKIP tension=[1;36m0.17487118[0m [0m| direction_unclear [1;31mconf=0.287[0m
mode=OFF radar_adj=0 mom= conf=0
[1;36m23:58:40[0m [1;32mx13[0m [1;36m#703[0m SKIP tension=[1;36m0.00000214[0m [0m| momentum_too_small [1;31mconf=0.0[0m
mode=OFF radar_adj=0 mom= conf=0
[1;36m23:58:49[0m [1;32mx13[0m [1;36m#704[0m SKIP tension=[1;36m0.56429330[0m [0m| wall_not_collapsed
mode=OFF radar_adj=0 mom= conf=0
[1;36m23:58:58[0m [1;32mx13[0m [1;36m#705[0m SKIP tension=[1;36m0.17763937[0m [0m| direction_unclear [1;31mconf=0.2915[0m
mode=OFF radar_adj=0 mom= conf=0
[1;36m23:59:06[0m [1;32mx13[0m [1;36m#706[0m SKIP tension=[1;36m0.00000000[0m [0m| momentum_too_small [1;31mconf=0.3446[0m
mode=OFF radar_adj=0 mom= conf=0
[1;36m23:59:14[0m [1;32mx13[0m [1;36m#707[0m SKIP tension=[1;36m0.17114996[0m [0m| direction_unclear [1;31mconf=0.2808[0m
mode=OFF radar_adj=0 mom= conf=0
[1;36m23:59:23[0m [1;32mx13[0m [1;36m#708[0m SKIP tension=[1;36m0.00000000[0m [0m| momentum_too_small [1;31mconf=0.3446[0m
mode=OFF radar_adj=0 mom= conf=0
[1;36m23:59:31[0m [1;32mx13[0m [1;36m#709[0m SKIP tension=[1;36m0.00000000[0m [0m| momentum_too_small [1;31mconf=0.3446[0m
mode=OFF radar_adj=0 mom= conf=0
[1;36m23:59:40[0m [1;32mx13[0m [1;36m#710[0m SKIP tension=[1;36m0.00000533[0m [0m| momentum_too_small [1;31mconf=0.0[0m
mode=OFF radar_adj=0 mom= conf=0
[1;36m23:59:48[0m [1;32mx13[0m [1;36m#711[0m SKIP tension=[1;36m0.00000000[0m [0m| momentum_too_small [1;31mconf=0.3446[0m
mode=OFF radar_adj=0 mom= conf=0
[1;36m23:59:58[0m [1;32mx13[0m [1;36m#712[0m SKIP tension=[1;36m0.00000000[0m [0m| momentum_too_small [1;31mconf=0.3291[0m
mode=OFF radar_adj=0 mom= conf=0
[1;36m00:00:07[0m [1;32mx13[0m [1;36m#713[0m SKIP tension=[1;36m0.00004092[0m [0m| momentum_too_small [1;31mconf=0.0001[0m
mode=OFF radar_adj=0 mom= conf=0
[1;36m00:00:17[0m [1;32mx13[0m [1;36m#714[0m SKIP tension=[1;36m0.00044646[0m [0m| momentum_too_small [1;31mconf=0.0007[0m
mode=OFF radar_adj=0 mom= conf=0
[1;36m00:00:25[0m [1;32mx13[0m [1;36m#715[0m SKIP tension=[1;36m0.00614319[0m [0m| momentum_too_small [1;31mconf=0.0097[0m
mode=OFF radar_adj=0 mom= conf=0
[1;36m00:00:34[0m [1;32mx13[0m [1;36m#716[0m SKIP tension=[1;36m0.00039841[0m [0m| momentum_too_small [1;31mconf=0.0006[0m
mode=OFF radar_adj=0 mom= conf=0
[1;36m00:00:43[0m [1;32mx13[0m [1;36m#717[0m SKIP tension=[1;36m0.29847076[0m [0m| wall_not_collapsed
mode=OFF radar_adj=0 mom= conf=0
[1;36m00:00:51[0m [1;32mx13[0m [1;36m#718[0m SKIP tension=[1;36m0.00002119[0m [0m| momentum_too_small [1;31mconf=0.0[0m
mode=OFF radar_adj=0 mom= conf=0
[1;36m00:01:00[0m [1;32mx13[0m [1;36m#719[0m SKIP tension=[1;36m0.10182373[0m [0m| direction_unclear [1;31mconf=0.0125[0m
mode=OFF radar_adj=0 mom= conf=0
[1;36m00:01:08[0m [1;32mx13[0m [1;36m#720[0m SKIP tension=[1;36m0.58348371[0m [0m| wall_not_collapsed
mode=OFF radar_adj=0 mom= conf=0
[1;36m00:01:17[0m [1;32mx13[0m [1;36m#721[0m SKIP tension=[1;36m0.02795104[0m [0m| direction_unclear [1;31mconf=0.0436[0m
mode=OFF radar_adj=0 mom= conf=0
[1;36m00:01:27[0m [1;32mx13[0m [1;36m#722[0m SKIP tension=[1;36m0.26850948[0m [0m| wall_not_collapsed
mode=OFF radar_adj=0 mom= conf=0
[1;36m00:01:37[0m [1;32mx13[0m [1;36m#723[0m SKIP [1;33m| tension_stale age=5964ms>800ms (NUAGE)[0m
mode=OFF radar_adj=0 mom= conf=0
[1;36mentry=00:01:51@64770.00000000[0m [1;32mx13[0m [1;36m#724[0m [1;33mBUY[0m tension=[1;32m1.43017877[0m hold=[1;36m6[0ms sec=[1;36m6[0m [0m| exit=64770.00000000 [1;32mconf=0.9759[0m [1;36mexit_time=00:01:57[0m [1;33mpnl=0.00000000 bps=0.00000000 pct=0.00000000% total=1.23025[0m
mode=OFF radar_adj=0 mom= conf=0
[1;36m00:02:07[0m [1;32mx13[0m [1;36m#725[0m SKIP tension=[1;36m0.00000318[0m [0m| momentum_too_small [1;31mconf=0.0[0m
mode=OFF radar_adj=0 mom= conf=0
[1;36m00:02:15[0m [1;32mx13[0m [1;36m#726[0m SKIP tension=[1;36m0.57160512[0m [0m| wall_not_collapsed
mode=OFF radar_adj=0 mom= conf=0
[1;36m00:02:24[0m [1;32mx13[0m [1;36m#727[0m SKIP tension=[1;36m0.00001058[0m [0m| momentum_too_small [1;31mconf=0.0[0m
mode=OFF radar_adj=0 mom= conf=0
[1;36m00:02:33[0m [1;32mx13[0m [1;36m#728[0m SKIP tension=[1;36m0.00001799[0m [0m| momentum_too_small [1;31mconf=0.0[0m
mode=OFF radar_adj=0 mom= conf=0
[1;36m00:02:41[0m [1;32mx13[0m [1;36m#729[0m SKIP tension=[1;36m0.00000000[0m [0m| momentum_too_small [1;31mconf=0.2889[0m
mode=OFF radar_adj=0 mom= conf=0
[1;36m00:02:50[0m [1;32mx13[0m [1;36m#730[0m SKIP tension=[1;36m0.00000879[0m [0m| momentum_too_small [1;31mconf=0.0[0m
mode=OFF radar_adj=0 mom= conf=0
[1;36m00:02:58[0m [1;32mx13[0m [1;36m#731[0m SKIP tension=[1;36m0.00002170[0m [0m| momentum_too_small [1;31mconf=0.0[0m
mode=OFF radar_adj=0 mom= conf=0
[1;36m00:03:06[0m [1;32mx13[0m [1;36m#732[0m SKIP tension=[1;36m0.00001829[0m [0m| momentum_too_small [1;31mconf=0.0[0m
mode=OFF radar_adj=0 mom= conf=0
[1;36m00:03:15[0m [1;32mx13[0m [1;36m#733[0m SKIP tension=[1;36m0.00038152[0m [0m| momentum_too_small [1;31mconf=0.0006[0m
mode=OFF radar_adj=0 mom= conf=0
[1;36m00:03:23[0m [1;32mx13[0m [1;36m#734[0m SKIP tension=[1;36m0.73266092[0m [0m| wall_not_collapsed
mode=OFF radar_adj=0 mom= conf=0
[1;36m00:03:32[0m [1;32mx13[0m [1;36m#735[0m SKIP tension=[1;36m0.00016691[0m [0m| momentum_too_small [1;31mconf=0.0003[0m
mode=OFF radar_adj=0 mom= conf=0
[1;36m00:03:40[0m [1;32mx13[0m [1;36m#736[0m SKIP tension=[1;36m0.00014077[0m [0m| momentum_too_small [1;31mconf=0.0002[0m
mode=OFF radar_adj=0 mom= conf=0
[1;36m00:03:49[0m [1;32mx13[0m [1;36m#737[0m SKIP tension=[1;31m8.16752014[0m [0m| spread_too_wide [1;33mconf=0.5[0m
mode=OFF radar_adj=0 mom= conf=0
[1;36m00:03:58[0m [1;32mx13[0m [1;36m#738[0m SKIP tension=[1;36m0.84350233[0m [0m| wall_not_collapsed
mode=OFF radar_adj=0 mom= conf=0
[1;36m00:04:07[0m [1;32mx13[0m [1;36m#739[0m SKIP [1;33m| tension_stale age=3368ms>800ms (NUAGE)[0m
mode=OFF radar_adj=0 mom= conf=0
[1;36m00:04:15[0m [1;32mx13[0m [1;36m#740[0m SKIP tension=[1;36m0.00092961[0m [0m| momentum_too_small [1;31mconf=0.0009[0m
mode=OFF radar_adj=0 mom= conf=0
[1;36m00:04:24[0m [1;32mx13[0m [1;36m#741[0m SKIP tension=[1;36m0.00009855[0m [0m| momentum_too_small [1;31mconf=0.0001[0m
mode=OFF radar_adj=0 mom= conf=0
[1;36m00:04:32[0m [1;32mx13[0m [1;36m#742[0m SKIP tension=[1;36m0.00009855[0m [0m| momentum_too_small [1;31mconf=0.0001[0m
mode=OFF radar_adj=0 mom= conf=0
[1;36m00:04:41[0m [1;32mx13[0m [1;36m#743[0m SKIP tension=[1;36m0.00000000[0m [0m| momentum_too_small [1;31mconf=0.2024[0m
mode=OFF radar_adj=0 mom= conf=0
[1;36m00:04:49[0m [1;32mx13[0m [1;36m#744[0m SKIP tension=[1;36m0.00001364[0m [0m| momentum_too_small [1;31mconf=0.0[0m
mode=OFF radar_adj=0 mom= conf=0
[1;36m00:04:58[0m [1;32mx13[0m [1;36m#745[0m SKIP tension=[1;36m0.00007160[0m [0m| momentum_too_small [1;31mconf=0.0001[0m
mode=OFF radar_adj=0 mom= conf=0
[1;36m00:05:07[0m [1;32mx13[0m [1;36m#746[0m SKIP tension=[1;36m0.00000000[0m [0m| momentum_too_small [1;31mconf=0.3422[0m
mode=OFF radar_adj=0 mom= conf=0
[1;36m00:05:20[0m [1;32mx13[0m [1;36m#747[0m SKIP tension=[1;36m0.00004579[0m [0m| momentum_too_small [1;31mconf=0.0001[0m
mode=OFF radar_adj=0 mom= conf=0
[1;36m00:05:29[0m [1;32mx13[0m [1;36m#748[0m SKIP tension=[1;31m2.24749056[0m [0m| duo no_trigger
mode=OFF radar_adj=0 mom= conf=0
[1;36m00:05:38[0m [1;32mx13[0m [1;36m#749[0m SKIP tension=[1;31m2.73581768[0m [0m| duo no_trigger
mode=OFF radar_adj=0 mom= conf=0
[1;36m00:05:46[0m [1;32mx13[0m [1;36m#750[0m SKIP tension=[1;36m0.00007075[0m [0m| momentum_too_small [1;31mconf=0.0001[0m
mode=OFF radar_adj=0 mom= conf=0
[1;36m00:05:54[0m [1;32mx13[0m [1;36m#751[0m SKIP tension=[1;36m0.00000000[0m [0m| momentum_too_small [1;31mconf=0.3497[0m
mode=OFF radar_adj=0 mom= conf=0
[1;36m00:06:03[0m [1;32mx13[0m [1;36m#752[0m SKIP tension=[1;36m0.00007897[0m [0m| momentum_too_small [1;31mconf=0.0001[0m
mode=OFF radar_adj=0 mom= conf=0
[1;36m00:06:13[0m [1;32mx13[0m [1;36m#753[0m SKIP tension=[1;32m1.19130109[0m [0m| duo no_trigger
mode=OFF radar_adj=0 mom= conf=0
[1;36m00:06:21[0m [1;32mx13[0m [1;36m#754[0m SKIP tension=[1;31m2.08764630[0m [0m| duo no_trigger
mode=OFF radar_adj=0 mom= conf=0
[1;36m00:06:29[0m [1;32mx13[0m [1;36m#755[0m SKIP tension=[1;36m0.00000000[0m [0m| momentum_too_small [1;31mconf=0.3281[0m
mode=OFF radar_adj=0 mom= conf=0
[1;36m00:06:42[0m [1;32mx13[0m [1;36m#756[0m SKIP tension=[1;36m0.27724350[0m [0m| wall_not_collapsed
mode=OFF radar_adj=0 mom= conf=0
[1;36m00:06:51[0m [1;32mx13[0m [1;36m#757[0m SKIP tension=[1;36m0.34123538[0m [0m| wall_not_collapsed
mode=OFF radar_adj=0 mom= conf=0
[1;36m00:06:59[0m [1;32mx13[0m [1;36m#758[0m SKIP tension=[1;36m0.00000000[0m [0m| momentum_too_small [1;31mconf=0.3176[0m
mode=OFF radar_adj=0 mom= conf=0
[1;36m00:07:09[0m [1;32mx13[0m [1;36m#759[0m SKIP tension=[1;31m3.08562647[0m [0m| duo no_trigger
mode=OFF radar_adj=0 mom= conf=0
[1;36m00:07:17[0m [1;32mx13[0m [1;36m#760[0m SKIP tension=[1;36m0.40369519[0m [0m| wall_not_collapsed
mode=OFF radar_adj=0 mom= conf=0
[1;36m00:07:25[0m [1;32mx13[0m [1;36m#761[0m SKIP tension=[1;36m0.00000000[0m [0m| momentum_too_small [1;31mconf=0.3176[0m
mode=OFF radar_adj=0 mom= conf=0
[1;36m00:07:34[0m [1;32mx13[0m [1;36m#762[0m SKIP tension=[1;36m0.00000000[0m [0m| momentum_too_small [1;31mconf=0.3176[0m
mode=OFF radar_adj=0 mom= conf=0
[1;36m00:07:48[0m [1;32mx13[0m [1;36m#763[0m SKIP tension=[1;36m0.00168748[0m [0m| momentum_too_small [1;31mconf=0.0026[0m
mode=OFF radar_adj=0 mom= conf=0
[1;36m00:07:57[0m [1;32mx13[0m [1;36m#764[0m SKIP tension=[1;36m0.07110657[0m [0m| direction_unclear [1;31mconf=0.1075[0m
mode=OFF radar_adj=0 mom= conf=0
[1;36m00:08:05[0m [1;32mx13[0m [1;36m#765[0m SKIP tension=[1;32m1.47869624[0m [0m| duo no_trigger
mode=OFF radar_adj=0 mom= conf=0
[1;36m00:08:15[0m [1;32mx13[0m [1;36m#766[0m SKIP tension=[1;31m2.15636648[0m [0m| duo no_trigger
mode=OFF radar_adj=0 mom= conf=0
[1;36m00:08:25[0m [1;32mx13[0m [1;36m#767[0m SKIP tension=[1;31m3.17178770[0m [0m| duo no_trigger
mode=OFF radar_adj=0 mom= conf=0
[1;36m00:08:34[0m [1;32mx13[0m [1;36m#768[0m SKIP tension=[1;36m0.00009209[0m [0m| momentum_too_small [1;31mconf=0.0001[0m
mode=OFF radar_adj=0 mom= conf=0
[1;36m00:08:48[0m [1;32mx13[0m [1;36m#769[0m SKIP tension=[1;36m0.00002255[0m [0m| momentum_too_small [1;31mconf=0.0[0m
mode=OFF radar_adj=0 mom= conf=0
[1;36m00:08:56[0m [1;32mx13[0m [1;36m#770[0m SKIP tension=[1;36m0.83229844[0m [0m| wall_not_collapsed
mode=OFF radar_adj=0 mom= conf=0
[1;36m00:09:05[0m [1;32mx13[0m [1;36m#771[0m SKIP tension=[1;36m0.00047223[0m [0m| momentum_too_small [1;31mconf=0.0008[0m
mode=OFF radar_adj=0 mom= conf=0
[1;36m00:09:14[0m [1;32mx13[0m [1;36m#772[0m SKIP tension=[1;36m0.00015374[0m [0m| momentum_too_small [1;31mconf=0.0003[0m
mode=OFF radar_adj=0 mom= conf=0
[1;36m00:09:23[0m [1;32mx13[0m [1;36m#773[0m SKIP tension=[1;36m0.00012644[0m [0m| momentum_too_small [1;31mconf=0.0002[0m
mode=OFF radar_adj=0 mom= conf=0
[1;36m00:09:31[0m [1;32mx13[0m [1;36m#774[0m SKIP tension=[1;36m0.00000000[0m [0m| momentum_too_small [1;31mconf=0.3497[0m
mode=OFF radar_adj=0 mom= conf=0
[1;36m00:09:40[0m [1;32mx13[0m [1;36m#775[0m SKIP tension=[1;36m0.00001976[0m [0m| momentum_too_small [1;31mconf=0.0[0m
mode=OFF radar_adj=0 mom= conf=0
[1;36m00:09:48[0m [1;32mx13[0m [1;36m#776[0m SKIP tension=[1;36m0.00021406[0m [0m| momentum_too_small [1;31mconf=0.0004[0m
mode=OFF radar_adj=0 mom= conf=0
[1;36m00:09:57[0m [1;32mx13[0m [1;36m#777[0m SKIP tension=[1;36m0.00001112[0m [0m| momentum_too_small [1;31mconf=0.0[0m
mode=OFF radar_adj=0 mom= conf=0
[1;36m00:10:10[0m [1;32mx13[0m [1;36m#778[0m SKIP tension=[1;36m0.01036494[0m [0m| direction_unclear [1;31mconf=0.0173[0m
mode=OFF radar_adj=0 mom= conf=0
[1;36m00:10:24[0m [1;32mx13[0m [1;36m#779[0m SKIP tension=[1;36m0.00021414[0m [0m| momentum_too_small [1;31mconf=0.0004[0m
mode=OFF radar_adj=0 mom= conf=0
[1;36m00:10:33[0m [1;32mx13[0m [1;36m#780[0m SKIP tension=[1;36m0.00000247[0m [0m| momentum_too_small [1;31mconf=0.0[0m
mode=OFF radar_adj=0 mom= conf=0
[1;36m00:10:48[0m [1;32mx13[0m [1;36m#781[0m SKIP tension=[1;32m1.53247625[0m [0m| duo no_trigger
mode=OFF radar_adj=0 mom= conf=0
[1;36m00:10:56[0m [1;32mx13[0m [1;36m#782[0m SKIP tension=[1;36m0.03487133[0m [0m| direction_unclear [1;31mconf=0.0574[0m
mode=OFF radar_adj=0 mom= conf=0
[1;36m00:11:05[0m [1;32mx13[0m [1;36m#783[0m SKIP tension=[1;36m0.00056812[0m [0m| momentum_too_small [1;31mconf=0.0007[0m
mode=OFF radar_adj=0 mom= conf=0
[1;36m00:11:14[0m [1;32mx13[0m [1;36m#784[0m SKIP tension=[1;36m0.00031871[0m [0m| momentum_too_small [1;31mconf=0.0003[0m
mode=OFF radar_adj=0 mom= conf=0
[1;36m00:11:23[0m [1;32mx13[0m [1;36m#785[0m SKIP tension=[1;36m0.00010183[0m [0m| momentum_too_small [1;31mconf=0.0002[0m
mode=OFF radar_adj=0 mom= conf=0
[1;36m00:11:31[0m [1;32mx13[0m [1;36m#786[0m SKIP tension=[1;36m0.00001520[0m [0m| momentum_too_small [1;31mconf=0.0[0m
mode=OFF radar_adj=0 mom= conf=0
[1;36m00:11:40[0m [1;32mx13[0m [1;36m#787[0m SKIP tension=[1;32m1.03661720[0m [0m| duo no_trigger
mode=OFF radar_adj=0 mom= conf=0
[1;36m00:11:49[0m [1;32mx13[0m [1;36m#788[0m SKIP tension=[1;31m3.40956092[0m [0m| duo no_trigger
mode=OFF radar_adj=0 mom= conf=0
[1;36m00:11:57[0m [1;32mx13[0m [1;36m#789[0m SKIP tension=[1;36m0.00000000[0m [0m| momentum_too_small [1;31mconf=0.242[0m
mode=OFF radar_adj=0 mom= conf=0
[1;36m00:12:05[0m [1;32mx13[0m [1;36m#790[0m SKIP tension=[1;36m0.00002119[0m [0m| momentum_too_small [1;31mconf=0.0[0m
mode=OFF radar_adj=0 mom= conf=0
[1;36m00:12:14[0m [1;32mx13[0m [1;36m#791[0m SKIP tension=[1;36m0.00000000[0m [0m| momentum_too_small [1;31mconf=0.2342[0m
mode=OFF radar_adj=0 mom= conf=0
[1;36m00:12:24[0m [1;32mx13[0m [1;36m#792[0m SKIP tension=[1;36m0.00003188[0m [0m| momentum_too_small [1;31mconf=0.0[0m
mode=OFF radar_adj=0 mom= conf=0
[1;36m00:12:34[0m [1;32mx13[0m [1;36m#793[0m SKIP tension=[1;36m0.00011522[0m [0m| momentum_too_small [1;31mconf=0.0001[0m
mode=OFF radar_adj=0 mom= conf=0
[1;36m00:12:42[0m [1;32mx13[0m [1;36m#794[0m SKIP tension=[1;36m0.00000000[0m [0m| momentum_too_small [1;31mconf=0.2275[0m
mode=OFF radar_adj=0 mom= conf=0
[1;36m00:12:52[0m [1;32mx13[0m [1;36m#795[0m SKIP tension=[1;36m0.00804734[0m [0m| direction_unclear [1;31mconf=0.0129[0m
mode=OFF radar_adj=0 mom= conf=0
[1;36m00:13:00[0m [1;32mx13[0m [1;36m#796[0m SKIP tension=[1;36m0.00020629[0m [0m| momentum_too_small [1;31mconf=0.0003[0m
mode=OFF radar_adj=0 mom= conf=0
[1;36m00:13:09[0m [1;32mx13[0m [1;36m#797[0m SKIP tension=[1;36m0.00000000[0m [0m| momentum_too_small [1;31mconf=0.3372[0m
mode=OFF radar_adj=0 mom= conf=0
[1;36m00:13:18[0m [1;32mx13[0m [1;36m#798[0m SKIP tension=[1;36m0.00008090[0m [0m| momentum_too_small [1;31mconf=0.0001[0m
mode=OFF radar_adj=0 mom= conf=0
PROCESS_DIE | ts=2026-07-31T00:13:26Z role=HUNTER stop=STOP_ALPHA ec=0 last_cmd=ruby -e 'a=(Float(ARGV[0]) rescue 0.0); b=(Float(ARGV[1]) rescue 0.0); exit(a<=b ? 0 : 1)' -- "$1" "$2" line=649
/tmp/ace777_launch_v85_nuage_33362.sh: line 218: 34028 Done                    { cat  <<'NUAGE_PREAMBLE'

NUAGE_TENSION_MAX_AGE_MS="${NUAGE_TENSION_MAX_AGE_MS:-800}"
ALPHA_HEARTBEAT_FILE="${ALPHA_HEARTBEAT_FILE:-/tmp/alpha_heartbeat.txt}"

# PROCESS_DIE — dernière commande si set -e / signal tue bash -s (E10)
_ACE777_DIE_LOGGED=0
ace777_process_die_log() {
  local ec=${1:-$?}
  [ "${_ACE777_DIE_LOGGED:-0}" = "1" ] && return 0
  _ACE777_DIE_LOGGED=1
  echo "PROCESS_DIE | ts=$(date -u +%Y-%m-%dT%H:%M:%SZ) role=${DUO_ROLE:-?} stop=${STOP_FILE:-?} ec=${ec} last_cmd=${BASH_COMMAND:-?} line=${BASH_LINENO[0]:-?}"
}
trap 'ace777_process_die_log $?' ERR
trap 'ace777_process_die_log $?' EXIT

duo_hunter_phase_barrier() { :; }

alpha_touch_heartbeat() {
  duo_is_hunter || return 0
  date -u +%Y-%m-%dT%H:%M:%SZ > "${ALPHA_HEARTBEAT_FILE}" 2>/dev/null || true
}

nuage_cloud_tension_gate() {
  local cycle="$1"
  local max_age="${NUAGE_TENSION_MAX_AGE_MS:-800}"
  local age_ms path
  duo_is_hunter || return 0
  path="${DUO_STATE_FILE:-runs/duo_state.json}"
  age_ms="$(ruby -rjson -e '
    path = ARGV[0]
    begin
      j = JSON.parse(File.read(path))
      ts = (j["ts_ms"].to_i rescue 0)
      age = ((Time.now.to_f * 1000).to_i - ts)
      age = 0 if age < 0
      print(age)
    rescue
      print(999999)
    end
  ' -- "$path" 2>/dev/null || echo 999999)"
  if [ "$age_ms" -gt "$max_age" ]; then
    echo "$(date -u +%FT%TZ),${cycle},SKIP,SKIPPED,,,,,0,tension_stale,reason=nuage_age_ms=${age_ms} thresh=${max_age}" >> "$LOG_FILE"
    sk_lev="$C_C"; num_ge "$current_leverage" "13" && sk_lev="$C_G"; num_le "$current_leverage" "5" && sk_lev="$C_Y"
    echo "${C_C}$(date -u +%H:%M:%S)${C_N} ${sk_lev}x$current_leverage${C_N} ${C_C}#${cycle}${C_N} SKIP ${C_Y}| tension_stale age=${age_ms}ms>${max_age}ms (NUAGE)${C_N}"
    alpha_touch_heartbeat
    return 1
  fi
  return 0
}

NUAGE_PREAMBLE
 tail -n +85 "$genesis" | awk '
      /^duo_hunter_phase_barrier\(\) \{/ {
        print "duo_hunter_phase_barrier() { :; }"
        skip=1; next
      }
      skip { if (/^\}$/) skip=0; next }
      /^[[:space:]]*duo_hunter_phase_barrier "\$i"/ {
        print "  : # NUAGE bypass barrier (index ignored)"
        next
      }
      /^[[:space:]]*duo_touch_heartbeat$/ && !hb_done {
        print "  duo_touch_heartbeat"
        print "  alpha_touch_heartbeat"
        hb_done=1; next
      }
      /^[[:space:]]*raw_qty="\$\(num_div/ && !gate_done {
        print "  if duo_is_hunter; then"
        print "    nuage_cloud_tension_gate \"$i\" || { alpha_touch_heartbeat; sleep \"$SLEEP_SEC\"; continue; }"
        print "  fi"
        gate_done=1
      }
      { print }
    '; }
     34030 Terminated: 15          | bash -s
