[1;36m--- ACE777 STRICT CLONE FUTURES TESTNET ---[0m
[1;32mV8 Resonance ON:[0m [1;36mimpulse_thr=0.96 dt_ms=64 aspiration=1.618@37.8deg void_lock=TRUE shock_exit=TRUE[0m
[1;32mV8 Tension ON:[0m [1;36mwall_drop=6.5% dt_ms=64 filter=0.85 depth=20[0m
[1;36mSymbol=BTCUSDT[0m [1;32mLeverage=5[0m [1;36mBuyUSDT=200 Orders=TRUE[0m
mode=OFF radar_adj=0 mom= conf=0
[1;36m22:13:30[0m [1;33mx5[0m [1;36m#1[0m SKIP tension=[1;36m0.00002780[0m [0m| momentum_too_small [1;31mconf=0.0[0m
mode=OFF radar_adj=0 mom= conf=0
[1;36m22:13:38[0m [1;33mx5[0m [1;36m#2[0m SKIP tension=[1;36m0.00025073[0m [0m| momentum_too_small [1;31mconf=0.0004[0m
mode=OFF radar_adj=0 mom= conf=0
[1;36m22:13:47[0m [1;33mx5[0m [1;36m#3[0m SKIP tension=[1;36m0.00005213[0m [0m| momentum_too_small [1;31mconf=0.0001[0m
mode=OFF radar_adj=0 mom= conf=0
[1;36m22:13:55[0m [1;33mx5[0m [1;36m#4[0m SKIP tension=[1;36m0.00001158[0m [0m| momentum_too_small [1;31mconf=0.0[0m
mode=OFF radar_adj=0 mom= conf=0
[1;36m22:14:05[0m [1;33mx5[0m [1;36m#5[0m SKIP tension=[1;36m0.00003076[0m [0m| momentum_too_small [1;31mconf=0.0001[0m
mode=OFF radar_adj=0 mom= conf=0
[1;36m22:14:13[0m [1;33mx5[0m [1;36m#6[0m SKIP tension=[1;36m0.03075634[0m [0m| direction_unclear [1;31mconf=0.0506[0m
mode=OFF radar_adj=0 mom= conf=0
[1;36m22:14:22[0m [1;33mx5[0m [1;36m#7[0m SKIP tension=[1;36m0.33220897[0m [0m| wall_not_collapsed
mode=OFF radar_adj=0 mom= conf=0
[1;36m22:14:30[0m [1;33mx5[0m [1;36m#8[0m SKIP tension=[1;36m0.00003192[0m [0m| momentum_too_small [1;31mconf=0.0001[0m
mode=OFF radar_adj=0 mom= conf=0
[1;36m22:14:38[0m [1;33mx5[0m [1;36m#9[0m SKIP tension=[1;36m0.00000000[0m [0m| momentum_too_small [1;31mconf=0.3281[0m
mode=OFF radar_adj=0 mom= conf=0
[1;36m22:14:46[0m [1;33mx5[0m [1;36m#10[0m SKIP tension=[1;36m0.20351374[0m [0m| low_confidence [1;31mconf=0.2931[0m
mode=OFF radar_adj=0 mom= conf=0
[1;36m22:14:55[0m [1;33mx5[0m [1;36m#11[0m SKIP tension=[1;36m0.00005148[0m [0m| momentum_too_small [1;31mconf=0.0001[0m
mode=OFF radar_adj=0 mom= conf=0
[1;36m22:15:02[0m [1;33mx5[0m [1;36m#12[0m SKIP tension=[1;36m0.66261286[0m [0m| wall_not_collapsed
mode=OFF radar_adj=0 mom= conf=0
[1;36m22:15:11[0m [1;33mx5[0m [1;36m#13[0m SKIP tension=[1;36m0.00060085[0m [0m| momentum_too_small [1;31mconf=0.0006[0m
mode=OFF radar_adj=0 mom= conf=0
[1;36m22:15:19[0m [1;33mx5[0m [1;36m#14[0m SKIP tension=[1;36m0.03523632[0m [0m| direction_unclear [1;31mconf=0.0582[0m
mode=OFF radar_adj=0 mom= conf=0
[1;36m22:15:26[0m [1;33mx5[0m [1;36m#15[0m SKIP tension=[1;36m0.00007531[0m [0m| momentum_too_small [1;31mconf=0.0001[0m
mode=OFF radar_adj=0 mom= conf=0
[1;36m22:15:34[0m [1;33mx5[0m [1;36m#16[0m SKIP tension=[1;36m0.00014362[0m [0m| momentum_too_small [1;31mconf=0.0002[0m
mode=OFF radar_adj=0 mom= conf=0
[1;36m22:15:41[0m [1;33mx5[0m [1;36m#17[0m SKIP tension=[1;36m0.00012610[0m [0m| momentum_too_small [1;31mconf=0.0002[0m
mode=OFF radar_adj=0 mom= conf=0
[1;36m22:15:51[0m [1;33mx5[0m [1;36m#18[0m SKIP tension=[1;36m0.00013728[0m [0m| momentum_too_small [1;31mconf=0.0002[0m
mode=OFF radar_adj=0 mom= conf=0
[1;36m22:15:58[0m [1;33mx5[0m [1;36m#19[0m SKIP tension=[1;36m0.00000000[0m [0m| momentum_too_small [1;31mconf=0.3355[0m
mode=OFF radar_adj=0 mom= conf=0
[1;36m22:16:06[0m [1;33mx5[0m [1;36m#20[0m SKIP tension=[1;36m0.00000000[0m [0m| momentum_too_small [1;31mconf=0.3355[0m
mode=OFF radar_adj=0 mom= conf=0
[1;36m22:16:14[0m [1;33mx5[0m [1;36m#21[0m SKIP tension=[1;36m0.54789288[0m [0m| wall_not_collapsed
mode=OFF radar_adj=0 mom= conf=0
[1;36m22:16:22[0m [1;33mx5[0m [1;36m#22[0m SKIP tension=[1;36m0.00004648[0m [0m| momentum_too_small [1;31mconf=0.0001[0m
mode=OFF radar_adj=0 mom= conf=0
[1;36m22:16:29[0m [1;33mx5[0m [1;36m#23[0m SKIP tension=[1;36m0.00274075[0m [0m| momentum_too_small [1;31mconf=0.0044[0m
mode=OFF radar_adj=0 mom= conf=0
[1;36m22:16:43[0m [1;33mx5[0m [1;36m#24[0m SKIP tension=[1;36m0.03789512[0m [0m| direction_unclear [1;31mconf=0.0605[0m
mode=OFF radar_adj=0 mom= conf=0
[1;36m22:16:52[0m [1;33mx5[0m [1;36m#25[0m SKIP tension=[1;36m0.00009640[0m [0m| momentum_too_small [1;31mconf=0.0002[0m
mode=OFF radar_adj=0 mom= conf=0
[1;36m22:17:10[0m [1;33mx5[0m [1;36m#26[0m SKIP tension=[1;36m0.00000000[0m [0m| momentum_too_small [1;31mconf=0.3372[0m
mode=OFF radar_adj=0 mom= conf=0
[1;36m22:17:17[0m [1;33mx5[0m [1;36m#27[0m SKIP tension=[1;36m0.25606680[0m [0m| wall_not_collapsed
mode=OFF radar_adj=0 mom= conf=0
[1;36m22:17:25[0m [1;33mx5[0m [1;36m#28[0m SKIP tension=[1;36m0.00007409[0m [0m| momentum_too_small [1;31mconf=0.0001[0m
mode=OFF radar_adj=0 mom= conf=0
[1;36m22:17:33[0m [1;33mx5[0m [1;36m#29[0m SKIP tension=[1;36m0.06509628[0m [0m| direction_unclear [1;31mconf=0.1056[0m
mode=OFF radar_adj=0 mom= conf=0
[1;36m22:17:41[0m [1;33mx5[0m [1;36m#30[0m SKIP tension=[1;36m0.00005998[0m [0m| momentum_too_small [1;31mconf=0.0001[0m
mode=OFF radar_adj=0 mom= conf=0
[1;36m22:17:49[0m [1;33mx5[0m [1;36m#31[0m SKIP tension=[1;36m0.00601109[0m [0m| momentum_too_small [1;31mconf=0.0097[0m
mode=OFF radar_adj=0 mom= conf=0
[1;36m22:18:01[0m [1;33mx5[0m [1;36m#32[0m SKIP tension=[1;36m0.00718534[0m [0m| momentum_too_small [1;31mconf=0.0117[0m
mode=OFF radar_adj=0 mom= conf=0
[1;36m22:18:09[0m [1;33mx5[0m [1;36m#33[0m SKIP tension=[1;36m0.00715029[0m [0m| momentum_too_small [1;31mconf=0.0116[0m
mode=OFF radar_adj=0 mom= conf=0
[1;36m22:18:16[0m [1;33mx5[0m [1;36m#34[0m SKIP tension=[1;36m0.00715033[0m [0m| momentum_too_small [1;31mconf=0.0114[0m
mode=OFF radar_adj=0 mom= conf=0
[1;36m22:18:24[0m [1;33mx5[0m [1;36m#35[0m SKIP tension=[1;36m0.00000000[0m [0m| momentum_too_small [1;31mconf=0.3355[0m
mode=OFF radar_adj=0 mom= conf=0
[1;36m22:18:33[0m [1;33mx5[0m [1;36m#36[0m SKIP tension=[1;36m0.00007909[0m [0m| momentum_too_small [1;31mconf=0.0001[0m
mode=OFF radar_adj=0 mom= conf=0
[1;36m22:18:41[0m [1;33mx5[0m [1;36m#37[0m SKIP tension=[1;36m0.00000000[0m [0m| momentum_too_small [1;31mconf=0.3355[0m
mode=OFF radar_adj=0 mom= conf=0
[1;36mentry=22:18:52@64897.20000000[0m [1;33mx5[0m [1;36m#38[0m [1;33mSELL[0m tension=[1;31m6.63854973[0m hold=[1;36m6[0ms sec=[1;36m6[0m [0m| exit=64897.20000000 [1;32mconf=0.9586[0m [1;36mexit_time=22:18:58[0m [1;33mpnl=-0.00000000 bps=-0.00000000 pct=-0.00000000% total=0.0[0m
mode=OFF radar_adj=0 mom= conf=0
[1;36m22:19:08[0m [1;33mx5[0m [1;36m#39[0m SKIP tension=[1;36m0.00005927[0m [0m| momentum_too_small [1;31mconf=0.0001[0m
mode=OFF radar_adj=0 mom= conf=0
[1;36m22:19:15[0m [1;33mx5[0m [1;36m#40[0m SKIP tension=[1;36m0.00000000[0m [0m| momentum_too_small [1;31mconf=0.3406[0m
mode=OFF radar_adj=0 mom= conf=0
[1;36m22:19:24[0m [1;33mx5[0m [1;36m#41[0m SKIP tension=[1;36m0.00000000[0m [0m| momentum_too_small [1;31mconf=0.3355[0m
mode=OFF radar_adj=0 mom= conf=0
[1;36m22:19:32[0m [1;33mx5[0m [1;36m#42[0m SKIP tension=[1;36m0.00000000[0m [0m| momentum_too_small [1;31mconf=0.3355[0m
mode=OFF radar_adj=0 mom= conf=0
[1;36m22:19:39[0m [1;33mx5[0m [1;36m#43[0m SKIP tension=[1;36m0.56600598[0m [0m| wall_not_collapsed
mode=OFF radar_adj=0 mom= conf=0
[1;36m22:19:48[0m [1;33mx5[0m [1;36m#44[0m SKIP tension=[1;36m0.00007035[0m [0m| momentum_too_small [1;31mconf=0.0001[0m
mode=OFF radar_adj=0 mom= conf=0
[1;36m22:19:55[0m [1;33mx5[0m [1;36m#45[0m SKIP tension=[1;36m0.00000000[0m [0m| momentum_too_small [1;31mconf=0.3355[0m
mode=OFF radar_adj=0 mom= conf=0
[1;36m22:20:03[0m [1;33mx5[0m [1;36m#46[0m SKIP tension=[1;36m0.01129375[0m [0m| direction_unclear [1;31mconf=0.018[0m
mode=OFF radar_adj=0 mom= conf=0
[1;36m22:20:16[0m [1;33mx5[0m [1;36m#47[0m SKIP tension=[1;36m0.00000000[0m [0m| momentum_too_small [1;31mconf=0.3355[0m
mode=OFF radar_adj=0 mom= conf=0
[1;36m22:20:23[0m [1;33mx5[0m [1;36m#48[0m SKIP tension=[1;36m0.00003980[0m [0m| momentum_too_small [1;31mconf=0.0001[0m
mode=OFF radar_adj=0 mom= conf=0
[1;36m22:20:36[0m [1;33mx5[0m [1;36m#49[0m SKIP tension=[1;36m0.00000000[0m [0m| momentum_too_small [1;31mconf=0.317[0m
mode=OFF radar_adj=0 mom= conf=0
shockwave beta->alpha until_cycle=60
[1;33mSWARM shockwave[0m [0m| beta -> neighbor (shock_inversion_stop)[0m
[1;36mCycle 50[0m [1;32mSOFT anomaly[0m [1;33m| pnl_abs=0.04312000 > 0.02500000[0m
[1;36mentry=22:20:49@64887.40000000[0m [1;33mx5[0m [1;36m#50[0m [1;31mSELL[0m tension=[1;31m3.75222212[0m hold=[1;36m6[0ms sec=[1;36m6[0m [0m| exit=64890.20000000 [1;32mconf=0.8787[0m [1;36mexit_time=22:20:55[0m [1;31mpnl=-0.04312000 bps=-0.43151675 pct=-0.00431517% total=-0.04312[0m
mode=OFF radar_adj=0 mom= conf=0
[1;36m22:21:04[0m [1;33mx5[0m [1;36m#51[0m SKIP tension=[1;36m0.00723965[0m [0m| momentum_too_small [1;31mconf=0.0108[0m
mode=OFF radar_adj=0 mom= conf=0
[1;36m22:21:13[0m [1;33mx5[0m [1;36m#52[0m SKIP [0m| Mode Écoute: spread=2.17250000 volat=26.96393766 (attente froid)
mode=OFF radar_adj=0 mom= conf=0
[1;36m22:21:21[0m [1;33mx5[0m [1;36m#53[0m SKIP tension=[1;36m0.00012754[0m [0m| momentum_too_small [1;31mconf=0.0002[0m
mode=OFF radar_adj=0 mom= conf=0
[1;36m22:21:29[0m [1;33mx5[0m [1;36m#54[0m SKIP tension=[1;36m0.00000000[0m [0m| momentum_too_small [1;31mconf=0.317[0m
mode=OFF radar_adj=0 mom= conf=0
[1;36mentry=22:21:42@64890.20000000[0m [1;33mx5[0m [1;36m#55[0m [1;33mSELL[0m tension=[1;31m6.56166230[0m hold=[1;36m6[0ms sec=[1;36m6[0m [0m| exit=64890.20000000 [1;32mconf=0.9056[0m [1;36mexit_time=22:21:48[0m [1;33mpnl=-0.00000000 bps=-0.00000000 pct=-0.00000000% total=-0.04312[0m
mode=OFF radar_adj=0 mom= conf=0
[1;36m22:21:57[0m [1;33mx5[0m [1;36m#56[0m SKIP tension=[1;36m0.00000000[0m [0m| momentum_too_small [1;31mconf=0.3123[0m
mode=OFF radar_adj=0 mom= conf=0
[1;36m22:22:05[0m [1;33mx5[0m [1;36m#57[0m SKIP tension=[1;36m0.00050098[0m [0m| momentum_too_small [1;31mconf=0.0007[0m
mode=OFF radar_adj=0 mom= conf=0
[1;36m22:22:13[0m [1;33mx5[0m [1;36m#58[0m SKIP tension=[1;36m0.00573852[0m [0m| momentum_too_small [1;31mconf=0.0085[0m
mode=OFF radar_adj=0 mom= conf=0
[1;36m22:22:21[0m [1;33mx5[0m [1;36m#59[0m SKIP tension=[1;36m0.00000000[0m [0m| momentum_too_small [1;31mconf=0.3123[0m
mode=OFF radar_adj=0 mom= conf=0
[1;36m22:22:29[0m [1;33mx5[0m [1;36m#60[0m SKIP tension=[1;36m0.00000000[0m [0m| momentum_too_small [1;31mconf=0.3173[0m
mode=OFF radar_adj=0 mom= conf=0
[1;36m22:22:42[0m [1;33mx5[0m [1;36m#61[0m SKIP tension=[1;36m0.00103917[0m [0m| momentum_too_small [1;31mconf=0.0016[0m
mode=OFF radar_adj=0 mom= conf=0
[1;36m22:22:51[0m [1;33mx5[0m [1;36m#62[0m SKIP tension=[1;36m0.00024578[0m [0m| momentum_too_small [1;31mconf=0.0004[0m
mode=OFF radar_adj=0 mom= conf=0
[1;36m22:22:59[0m [1;33mx5[0m [1;36m#63[0m SKIP tension=[1;36m0.00014045[0m [0m| momentum_too_small [1;31mconf=0.0002[0m
mode=OFF radar_adj=0 mom= conf=0
[1;36m22:23:08[0m [1;33mx5[0m [1;36m#64[0m SKIP tension=[1;36m0.00010567[0m [0m| momentum_too_small [1;31mconf=0.0002[0m
mode=OFF radar_adj=0 mom= conf=0
[1;36m22:23:16[0m [1;33mx5[0m [1;36m#65[0m SKIP tension=[1;36m0.00003190[0m [0m| momentum_too_small [1;31mconf=0.0[0m
mode=OFF radar_adj=0 mom= conf=0
[1;36m22:23:24[0m [1;33mx5[0m [1;36m#66[0m SKIP tension=[1;36m0.00006225[0m [0m| momentum_too_small [1;31mconf=0.0001[0m
mode=OFF radar_adj=0 mom= conf=0
[1;36m22:23:32[0m [1;33mx5[0m [1;36m#67[0m SKIP tension=[1;36m0.00000000[0m [0m| momentum_too_small [1;31mconf=0.3173[0m
mode=OFF radar_adj=0 mom= conf=0
[1;36m22:23:45[0m [1;33mx5[0m [1;36m#68[0m SKIP tension=[1;36m0.00714387[0m [0m| momentum_too_small [1;31mconf=0.0106[0m
mode=OFF radar_adj=0 mom= conf=0
[1;36m22:23:53[0m [1;33mx5[0m [1;36m#69[0m SKIP tension=[1;36m0.00045683[0m [0m| momentum_too_small [1;31mconf=0.0007[0m
mode=OFF radar_adj=0 mom= conf=0
[1;36m22:24:00[0m [1;33mx5[0m [1;36m#70[0m SKIP tension=[1;36m0.05408859[0m [0m| direction_unclear [1;31mconf=0.0805[0m
mode=OFF radar_adj=0 mom= conf=0
[1;36m22:24:08[0m [1;33mx5[0m [1;36m#71[0m SKIP tension=[1;36m0.00020331[0m [0m| momentum_too_small [1;31mconf=0.0003[0m
mode=OFF radar_adj=0 mom= conf=0
[1;36m22:24:17[0m [1;33mx5[0m [1;36m#72[0m SKIP tension=[1;36m0.00000000[0m [0m| momentum_too_small [1;31mconf=0.3497[0m
mode=OFF radar_adj=0 mom= conf=0
[1;36m22:24:25[0m [1;33mx5[0m [1;36m#73[0m SKIP tension=[1;36m0.00000000[0m [0m| momentum_too_small [1;31mconf=0.3497[0m
mode=OFF radar_adj=0 mom= conf=0
[1;36m22:24:32[0m [1;33mx5[0m [1;36m#74[0m SKIP tension=[1;36m0.00002143[0m [0m| momentum_too_small [1;31mconf=0.0[0m
mode=OFF radar_adj=0 mom= conf=0
[1;36m22:24:40[0m [1;33mx5[0m [1;36m#75[0m SKIP tension=[1;36m0.00000000[0m [0m| momentum_too_small [1;31mconf=0.348[0m
mode=OFF radar_adj=0 mom= conf=0
[1;36m22:24:48[0m [1;33mx5[0m [1;36m#76[0m SKIP tension=[1;36m0.00008462[0m [0m| momentum_too_small [1;31mconf=0.0001[0m
mode=OFF radar_adj=0 mom= conf=0
[1;36m22:24:55[0m [1;33mx5[0m [1;36m#77[0m SKIP tension=[1;36m0.00000000[0m [0m| momentum_too_small [1;31mconf=0.3325[0m
mode=OFF radar_adj=0 mom= conf=0
[1;36m22:25:04[0m [1;33mx5[0m [1;36m#78[0m SKIP tension=[1;36m0.00046262[0m [0m| momentum_too_small [1;31mconf=0.0007[0m
mode=OFF radar_adj=0 mom= conf=0
[1;36m22:25:11[0m [1;33mx5[0m [1;36m#79[0m SKIP tension=[1;36m0.00000459[0m [0m| momentum_too_small [1;31mconf=0.0[0m
mode=OFF radar_adj=0 mom= conf=0
[1;36m22:25:19[0m [1;33mx5[0m [1;36m#80[0m SKIP tension=[1;36m0.00001475[0m [0m| momentum_too_small [1;31mconf=0.0[0m
mode=OFF radar_adj=0 mom= conf=0
[1;36m22:25:27[0m [1;33mx5[0m [1;36m#81[0m SKIP tension=[1;36m0.00001111[0m [0m| momentum_too_small [1;31mconf=0.0[0m
mode=OFF radar_adj=0 mom= conf=0
[1;36m22:25:35[0m [1;33mx5[0m [1;36m#82[0m SKIP tension=[1;36m0.11326568[0m [0m| direction_unclear [1;31mconf=0.1751[0m
mode=OFF radar_adj=0 mom= conf=0
[1;36m22:25:42[0m [1;33mx5[0m [1;36m#83[0m SKIP tension=[1;36m0.00003841[0m [0m| momentum_too_small [1;31mconf=0.0001[0m
mode=OFF radar_adj=0 mom= conf=0
[1;36m22:25:50[0m [1;33mx5[0m [1;36m#84[0m SKIP tension=[1;36m0.00000000[0m [0m| momentum_too_small [1;31mconf=0.3247[0m
mode=OFF radar_adj=0 mom= conf=0
[1;36m22:25:58[0m [1;33mx5[0m [1;36m#85[0m SKIP tension=[1;36m0.00000024[0m [0m| momentum_too_small [1;31mconf=0.0[0m
mode=OFF radar_adj=0 mom= conf=0
[1;36m22:26:06[0m [1;33mx5[0m [1;36m#86[0m SKIP tension=[1;36m0.00000000[0m [0m| momentum_too_small [1;31mconf=0.3497[0m
mode=OFF radar_adj=0 mom= conf=0
[1;36m22:26:14[0m [1;33mx5[0m [1;36m#87[0m SKIP tension=[1;36m0.14447520[0m [0m| direction_unclear [1;31mconf=0.2229[0m
mode=OFF radar_adj=0 mom= conf=0
[1;36m22:26:21[0m [1;33mx5[0m [1;36m#88[0m SKIP tension=[1;36m0.00001137[0m [0m| momentum_too_small [1;31mconf=0.0[0m
mode=OFF radar_adj=0 mom= conf=0
[1;36mentry=22:26:33@64894.50000000[0m [1;33mx5[0m [1;36m#89[0m [1;33mSELL[0m tension=[1;32m1.46005835[0m hold=[1;36m7[0ms sec=[1;36m7[0m [0m| exit=64894.50000000 [1;32mconf=0.9971[0m [1;36mexit_time=22:26:40[0m [1;33mpnl=-0.00000000 bps=-0.00000000 pct=-0.00000000% total=-0.04312[0m
mode=OFF radar_adj=0 mom= conf=0
[1;36m22:26:49[0m [1;33mx5[0m [1;36m#90[0m SKIP tension=[1;33m0.86690286[0m [0m| wall_not_collapsed
mode=OFF radar_adj=0 mom= conf=0
[1;36m22:26:57[0m [1;33mx5[0m [1;36m#91[0m SKIP tension=[1;36m0.69452056[0m [0m| wall_not_collapsed
mode=OFF radar_adj=0 mom= conf=0
[1;36m22:27:04[0m [1;33mx5[0m [1;36m#92[0m SKIP tension=[1;36m0.00061864[0m [0m| momentum_too_small [1;31mconf=0.0009[0m
mode=OFF radar_adj=0 mom= conf=0
[1;36m22:27:12[0m [1;33mx5[0m [1;36m#93[0m SKIP tension=[1;36m0.00004208[0m [0m| momentum_too_small [1;31mconf=0.0001[0m
mode=OFF radar_adj=0 mom= conf=0
[1;36m22:27:20[0m [1;33mx5[0m [1;36m#94[0m SKIP tension=[1;36m0.00002621[0m [0m| momentum_too_small [1;31mconf=0.0[0m
mode=OFF radar_adj=0 mom= conf=0
[1;36m22:27:28[0m [1;33mx5[0m [1;36m#95[0m SKIP tension=[1;36m0.00001499[0m [0m| momentum_too_small [1;31mconf=0.0[0m
mode=OFF radar_adj=0 mom= conf=0
[1;36m22:27:35[0m [1;33mx5[0m [1;36m#96[0m SKIP tension=[1;36m0.00011451[0m [0m| momentum_too_small [1;31mconf=0.0002[0m
mode=OFF radar_adj=0 mom= conf=0
shockwave beta->alpha until_cycle=107
[1;33mSWARM shockwave[0m [0m| beta -> neighbor (shock_inversion_stop)[0m
[1;36mCycle 97[0m [1;32mSOFT anomaly[0m [1;33m| pnl_abs=0.23716000 > 0.02500000[0m
[1;36mentry=22:27:48@64887.00000000[0m [1;33mx5[0m [1;36m#97[0m [1;31mSELL[0m tension=[1;32m1.81309554[0m hold=[1;36m6[0ms sec=[1;36m6[0m [0m| exit=64902.40000000 [1;32mconf=0.8517[0m [1;36mexit_time=22:27:54[0m [1;31mpnl=-0.23716000 bps=-2.37335676 pct=-0.02373357% total=-0.28028000000000003[0m
mode=OFF radar_adj=0 mom= conf=0
[1;36m22:28:03[0m [1;33mx5[0m [1;36m#98[0m SKIP tension=[1;36m0.00047361[0m [0m| momentum_too_small [1;31mconf=0.0007[0m
mode=OFF radar_adj=0 mom= conf=0
[1;36m22:28:11[0m [1;33mx5[0m [1;36m#99[0m SKIP tension=[1;36m0.00021263[0m [0m| momentum_too_small [1;31mconf=0.0003[0m
mode=OFF radar_adj=0 mom= conf=0
[1;36m22:28:18[0m [1;33mx5[0m [1;36m#100[0m SKIP tension=[1;36m0.00001955[0m [0m| momentum_too_small [1;31mconf=0.0[0m
mode=OFF radar_adj=0 mom= conf=0
[1;36m22:28:26[0m [1;33mx5[0m [1;36m#101[0m SKIP tension=[1;36m0.01699713[0m [0m| direction_unclear [1;31mconf=0.0202[0m
mode=OFF radar_adj=0 mom= conf=0
[1;36m22:28:34[0m [1;33mx5[0m [1;36m#102[0m SKIP tension=[1;36m0.00000890[0m [0m| momentum_too_small [1;31mconf=0.0[0m
mode=OFF radar_adj=0 mom= conf=0
[1;36m22:28:42[0m [1;33mx5[0m [1;36m#103[0m SKIP tension=[1;36m0.00074034[0m [0m| momentum_too_small [1;31mconf=0.0008[0m
mode=OFF radar_adj=0 mom= conf=0
[1;36m22:28:50[0m [1;33mx5[0m [1;36m#104[0m SKIP tension=[1;31m2.87531830[0m [0m| spread_too_wide [1;33mconf=0.5[0m
mode=OFF radar_adj=0 mom= conf=0
[1;36m22:29:03[0m [1;33mx5[0m [1;36m#105[0m SKIP tension=[1;36m0.00155212[0m [0m| spread_too_wide [1;31mconf=0.0013[0m
mode=OFF radar_adj=0 mom= conf=0
[1;36m22:29:11[0m [1;33mx5[0m [1;36m#106[0m SKIP tension=[1;36m0.00000000[0m [0m| spread_too_wide [1;31mconf=0.0[0m
mode=OFF radar_adj=0 mom= conf=0
[1;36m22:29:19[0m [1;33mx5[0m [1;36m#107[0m SKIP tension=[1;36m0.00004654[0m [0m| spread_too_wide [1;31mconf=0.0[0m
mode=OFF radar_adj=0 mom= conf=0
[1;36m22:29:27[0m [1;33mx5[0m [1;36m#108[0m SKIP tension=[1;36m0.00002607[0m [0m| spread_too_wide [1;31mconf=0.0[0m
mode=OFF radar_adj=0 mom= conf=0
[1;36m22:29:35[0m [1;33mx5[0m [1;36m#109[0m SKIP tension=[1;36m0.09004626[0m [0m| spread_too_wide [1;31mconf=0.075[0m
mode=OFF radar_adj=0 mom= conf=0
[1;36m22:29:43[0m [1;33mx5[0m [1;36m#110[0m SKIP tension=[1;36m0.00001664[0m [0m| spread_too_wide [1;31mconf=0.0[0m
mode=OFF radar_adj=0 mom= conf=0
[1;36mCycle 111[0m [1;32mSOFT anomaly[0m [1;33m| pnl_abs=0.39520000 > 0.02500000[0m
[1;36mentry=22:29:55@64950.00000000[0m [1;33mx5[0m [1;36m#111[0m [1;32mSELL[0m tension=[1;32m1.54498812[0m hold=[1;36m6[0ms sec=[1;36m6[0m [0m| exit=64898.00000000 [1;32mconf=0.8941[0m [1;36mexit_time=22:30:01[0m [1;32mpnl=0.39520000 bps=8.00615858 pct=0.08006159% total=0.11491999999999997[0m
mode=OFF radar_adj=0 mom= conf=0
[1;36mCycle 112[0m [1;32mSOFT anomaly[0m [1;33m| pnl_abs=0.08360000 > 0.02500000[0m
[1;36mentry=22:30:16@64898.00000000[0m [1;33mx5[0m [1;36m#112[0m [1;32mSELL[0m tension=[1;31m8.64622322[0m hold=[1;36m6[0ms sec=[1;36m6[0m [0m| exit=64887.00000000 [1;32mconf=0.8941[0m [1;36mexit_time=22:30:22[0m [1;32mpnl=0.08360000 bps=1.69496749 pct=0.01694967% total=0.19851999999999997[0m
mode=OFF radar_adj=0 mom= conf=0
[1;36m22:30:31[0m [1;33mx5[0m [1;36m#113[0m SKIP tension=[1;36m0.00025516[0m [0m| momentum_too_small [1;31mconf=0.0004[0m
mode=OFF radar_adj=0 mom= conf=0
[1;36m22:30:39[0m [1;33mx5[0m [1;36m#114[0m SKIP tension=[1;36m0.00019537[0m [0m| momentum_too_small [1;31mconf=0.0003[0m
mode=OFF radar_adj=0 mom= conf=0
[1;36m22:30:47[0m [1;33mx5[0m [1;36m#115[0m SKIP tension=[1;36m0.00046830[0m [0m| spread_too_wide [1;31mconf=0.0004[0m
mode=OFF radar_adj=0 mom= conf=0
[1;36m22:30:55[0m [1;33mx5[0m [1;36m#116[0m SKIP tension=[1;36m0.16890607[0m [0m| direction_unclear [1;31mconf=0.255[0m
mode=OFF radar_adj=0 mom= conf=0
[1;36m22:31:03[0m [1;33mx5[0m [1;36m#117[0m SKIP tension=[1;36m0.00007537[0m [0m| spread_too_wide [1;31mconf=0.0001[0m
mode=OFF radar_adj=0 mom= conf=0
[1;36m22:31:10[0m [1;33mx5[0m [1;36m#118[0m SKIP tension=[1;36m0.00001926[0m [0m| momentum_too_small [1;31mconf=0.0[0m
mode=OFF radar_adj=0 mom= conf=0
[1;36m22:31:18[0m [1;33mx5[0m [1;36m#119[0m SKIP tension=[1;36m0.00067812[0m [0m| momentum_too_small [1;31mconf=0.0006[0m
mode=OFF radar_adj=0 mom= conf=0
[1;36m22:31:26[0m [1;33mx5[0m [1;36m#120[0m SKIP tension=[1;36m0.00001213[0m [0m| momentum_too_small [1;31mconf=0.0[0m
mode=OFF radar_adj=0 mom= conf=0
[1;36m22:31:34[0m [1;33mx5[0m [1;36m#121[0m SKIP tension=[1;36m0.00000000[0m [0m| momentum_too_small [1;31mconf=0.317[0m
mode=OFF radar_adj=0 mom= conf=0
[1;36m22:31:42[0m [1;33mx5[0m [1;36m#122[0m SKIP tension=[1;36m0.00000000[0m [0m| momentum_too_small [1;31mconf=0.317[0m
mode=OFF radar_adj=0 mom= conf=0
[1;36m22:31:51[0m [1;33mx5[0m [1;36m#123[0m SKIP tension=[1;36m0.46023339[0m [0m| wall_not_collapsed
mode=OFF radar_adj=0 mom= conf=0
[1;36m22:31:59[0m [1;33mx5[0m [1;36m#124[0m SKIP tension=[1;36m0.00001950[0m [0m| momentum_too_small [1;31mconf=0.0[0m
mode=OFF radar_adj=0 mom= conf=0
[1;36m22:32:07[0m [1;33mx5[0m [1;36m#125[0m SKIP tension=[1;36m0.00008847[0m [0m| momentum_too_small [1;31mconf=0.0001[0m
mode=OFF radar_adj=0 mom= conf=0
[1;36m22:32:15[0m [1;33mx5[0m [1;36m#126[0m SKIP tension=[1;36m0.00000194[0m [0m| momentum_too_small [1;31mconf=0.0[0m
mode=OFF radar_adj=0 mom= conf=0
[1;36m22:32:23[0m [1;33mx5[0m [1;36m#127[0m SKIP tension=[1;36m0.78476550[0m [0m| wall_not_collapsed
mode=OFF radar_adj=0 mom= conf=0
[1;36m22:32:31[0m [1;33mx5[0m [1;36m#128[0m SKIP tension=[1;36m0.00000000[0m [0m| momentum_too_small [1;31mconf=0.3311[0m
mode=OFF radar_adj=0 mom= conf=0
[1;36m22:32:39[0m [1;33mx5[0m [1;36m#129[0m SKIP tension=[1;33m0.86270599[0m [0m| wall_not_collapsed
mode=OFF radar_adj=0 mom= conf=0
[1;36m22:32:47[0m [1;33mx5[0m [1;36m#130[0m SKIP tension=[1;36m0.00000000[0m [0m| momentum_too_small [1;31mconf=0.3129[0m
mode=OFF radar_adj=0 mom= conf=0
[1;36m22:32:55[0m [1;33mx5[0m [1;36m#131[0m SKIP tension=[1;36m0.55111707[0m [0m| wall_not_collapsed
mode=OFF radar_adj=0 mom= conf=0
[1;36m22:33:02[0m [1;33mx5[0m [1;36m#132[0m SKIP tension=[1;36m0.00007005[0m [0m| momentum_too_small [1;31mconf=0.0001[0m
mode=OFF radar_adj=0 mom= conf=0
[1;36m22:33:10[0m [1;33mx5[0m [1;36m#133[0m SKIP tension=[1;36m0.00084680[0m [0m| momentum_too_small [1;31mconf=0.0013[0m
mode=OFF radar_adj=0 mom= conf=0
[1;36mCycle 134[0m [1;32mSOFT anomaly[0m [1;33m| pnl_abs=0.07144000 > 0.02500000[0m
[1;36mentry=22:33:22@64896.40000000[0m [1;33mx5[0m [1;36m#134[0m [1;32mSELL[0m tension=[1;32m1.20282203[0m hold=[1;36m6[0ms sec=[1;36m6[0m [0m| exit=64887.00000000 [1;32mconf=0.9095[0m [1;36mexit_time=22:33:29[0m [1;32mpnl=0.07144000 bps=1.44846247 pct=0.01448462% total=0.26996[0m
mode=OFF radar_adj=0 mom= conf=0
[1;36m22:33:39[0m [1;33mx5[0m [1;36m#135[0m SKIP tension=[1;36m0.00000000[0m [0m| momentum_too_small [1;31mconf=0.3183[0m
mode=OFF radar_adj=0 mom= conf=0
[1;36m22:33:47[0m [1;33mx5[0m [1;36m#136[0m SKIP tension=[1;36m0.00003805[0m [0m| momentum_too_small [1;31mconf=0.0001[0m
mode=OFF radar_adj=0 mom= conf=0
[1;36m22:33:54[0m [1;33mx5[0m [1;36m#137[0m SKIP tension=[1;36m0.58382073[0m [0m| wall_not_collapsed
mode=OFF radar_adj=0 mom= conf=0
[1;36m22:34:02[0m [1;33mx5[0m [1;36m#138[0m SKIP tension=[1;36m0.00002118[0m [0m| momentum_too_small [1;31mconf=0.0[0m
mode=OFF radar_adj=0 mom= conf=0
[1;36m22:34:10[0m [1;33mx5[0m [1;36m#139[0m SKIP tension=[1;36m0.00193290[0m [0m| momentum_too_small [1;31mconf=0.0031[0m
mode=OFF radar_adj=0 mom= conf=0
[1;36m22:34:18[0m [1;33mx5[0m [1;36m#140[0m SKIP tension=[1;36m0.00000945[0m [0m| momentum_too_small [1;31mconf=0.0[0m
mode=OFF radar_adj=0 mom= conf=0
[1;36m22:34:31[0m [1;33mx5[0m [1;36m#141[0m SKIP tension=[1;36m0.84712058[0m [0m| wall_not_collapsed
mode=OFF radar_adj=0 mom= conf=0
[1;36mentry=22:34:43@64900.00000000[0m [1;33mx5[0m [1;36m#142[0m [1;33mSELL[0m tension=[1;31m2.74158775[0m hold=[1;36m6[0ms sec=[1;36m6[0m [0m| exit=64900.00000000 [1;32mconf=0.9066[0m [1;36mexit_time=22:34:49[0m [1;33mpnl=-0.00000000 bps=-0.00000000 pct=-0.00000000% total=0.26996[0m
mode=OFF radar_adj=0 mom= conf=0
shockwave beta->alpha until_cycle=153
[1;33mSWARM shockwave[0m [0m| beta -> neighbor (fluid_exit_inversion)[0m
[1;36mCycle 143[0m [1;32mSOFT anomaly[0m [1;33m| pnl_abs=0.06992000 > 0.02500000[0m
[1;36mentry=22:35:04@64900.00000000[0m [1;33mx5[0m [1;36m#143[0m [1;31mSELL[0m tension=[1;32m1.91546711[0m hold=[1;36m7[0ms sec=[1;36m7[0m [0m| exit=64909.20000000 [1;32mconf=0.8344[0m [1;36mexit_time=22:35:11[0m [1;31mpnl=-0.06992000 bps=-1.41756549 pct=-0.01417565% total=0.20004[0m
mode=OFF radar_adj=0 mom= conf=0
[1;36m22:35:20[0m [1;33mx5[0m [1;36m#144[0m SKIP tension=[1;36m0.00000000[0m [0m| momentum_too_small [1;31mconf=0.3328[0m
mode=OFF radar_adj=0 mom= conf=0
[1;36m22:35:29[0m [1;33mx5[0m [1;36m#145[0m SKIP tension=[1;36m0.16896348[0m [0m| direction_unclear [1;31mconf=0.2803[0m
mode=OFF radar_adj=0 mom= conf=0
[1;36mCycle 146[0m [1;32mSOFT anomaly[0m [1;33m| pnl_abs=0.05548000 > 0.02500000[0m
[1;36mentry=22:35:41@64912.80000000[0m [1;33mx5[0m [1;36m#146[0m [1;32mSELL[0m tension=[1;31m8.27626381[0m hold=[1;36m6[0ms sec=[1;36m6[0m [0m| exit=64905.50000000 [1;32mconf=0.9625[0m [1;36mexit_time=22:35:47[0m [1;32mpnl=0.05548000 bps=1.12458560 pct=0.01124586% total=0.25551999999999997[0m
mode=OFF radar_adj=0 mom= conf=0
[1;36m22:35:57[0m [1;33mx5[0m [1;36m#147[0m SKIP tension=[1;36m0.00000000[0m [0m| momentum_too_small [1;31mconf=0.2876[0m
mode=OFF radar_adj=0 mom= conf=0
[1;36m22:36:10[0m [1;33mx5[0m [1;36m#148[0m SKIP tension=[1;36m0.00000857[0m [0m| momentum_too_small [1;31mconf=0.0[0m
mode=OFF radar_adj=0 mom= conf=0
[1;36m22:36:22[0m [1;33mx5[0m [1;36m#149[0m SKIP tension=[1;36m0.00000000[0m [0m| momentum_too_small [1;31mconf=0.2856[0m
mode=OFF radar_adj=0 mom= conf=0
[1;36m22:36:32[0m [1;33mx5[0m [1;36m#150[0m SKIP tension=[1;36m0.00000777[0m [0m| momentum_too_small [1;31mconf=0.0[0m
mode=OFF radar_adj=0 mom= conf=0
[1;36m22:36:39[0m [1;33mx5[0m [1;36m#151[0m SKIP tension=[1;36m0.00000904[0m [0m| momentum_too_small [1;31mconf=0.0[0m
mode=OFF radar_adj=0 mom= conf=0
[1;36mCycle 152[0m [1;32mSOFT anomaly[0m [1;33m| pnl_abs=0.04788000 > 0.02500000[0m
[1;36mentry=22:36:51@64906.30000000[0m [1;33mx5[0m [1;36m#152[0m [1;32mSELL[0m tension=[1;32m1.24894116[0m hold=[1;36m7[0ms sec=[1;36m7[0m [0m| exit=64900.00000000 [1;32mconf=0.8941[0m [1;36mexit_time=22:36:58[0m [1;32mpnl=0.04788000 bps=0.97062997 pct=0.00970630% total=0.30339999999999995[0m
mode=OFF radar_adj=0 mom= conf=0
[1;36m22:37:08[0m [1;33mx5[0m [1;36m#153[0m SKIP tension=[1;36m0.00000000[0m [0m| momentum_too_small [1;31mconf=0.2903[0m
mode=OFF radar_adj=0 mom= conf=0
[1;36m22:37:15[0m [1;33mx5[0m [1;36m#154[0m SKIP [0m| Mode Écoute: spread=2.74250000 volat=41.65896094 (attente froid)
mode=OFF radar_adj=0 mom= conf=0
[1;36m22:37:23[0m [1;33mx5[0m [1;36m#155[0m SKIP tension=[1;36m0.00000000[0m [0m| momentum_too_small [1;31mconf=0.3335[0m
mode=OFF radar_adj=0 mom= conf=0
[1;36m22:37:31[0m [1;33mx5[0m [1;36m#156[0m SKIP tension=[1;36m0.00000243[0m [0m| momentum_too_small [1;31mconf=0.0[0m
mode=OFF radar_adj=0 mom= conf=0
[1;36m22:37:39[0m [1;33mx5[0m [1;36m#157[0m SKIP tension=[1;36m0.00000843[0m [0m| momentum_too_small [1;31mconf=0.0[0m
mode=OFF radar_adj=0 mom= conf=0
[1;36m22:37:46[0m [1;33mx5[0m [1;36m#158[0m SKIP tension=[1;36m0.00002420[0m [0m| momentum_too_small [1;31mconf=0.0[0m
mode=OFF radar_adj=0 mom= conf=0
[1;36m22:37:55[0m [1;33mx5[0m [1;36m#159[0m SKIP tension=[1;36m0.23087142[0m [0m| wall_not_collapsed
mode=OFF radar_adj=0 mom= conf=0
[1;36m22:38:03[0m [1;33mx5[0m [1;36m#160[0m SKIP tension=[1;36m0.54190603[0m [0m| wall_not_collapsed
mode=OFF radar_adj=0 mom= conf=0
[1;36m22:38:11[0m [1;33mx5[0m [1;36m#161[0m SKIP tension=[1;36m0.00254311[0m [0m| momentum_too_small [1;31mconf=0.004[0m
mode=OFF radar_adj=0 mom= conf=0
[1;36m22:38:20[0m [1;33mx5[0m [1;36m#162[0m SKIP tension=[1;36m0.00003060[0m [0m| momentum_too_small [1;31mconf=0.0[0m
mode=OFF radar_adj=0 mom= conf=0
[1;36m22:38:28[0m [1;33mx5[0m [1;36m#163[0m SKIP tension=[1;36m0.76509457[0m [0m| wall_not_collapsed
mode=OFF radar_adj=0 mom= conf=0
[1;36m22:38:35[0m [1;33mx5[0m [1;36m#164[0m SKIP tension=[1;36m0.41657800[0m [0m| wall_not_collapsed
mode=OFF radar_adj=0 mom= conf=0
[1;36m22:38:44[0m [1;33mx5[0m [1;36m#165[0m SKIP tension=[1;36m0.00001410[0m [0m| momentum_too_small [1;31mconf=0.0[0m
mode=OFF radar_adj=0 mom= conf=0
[1;36m22:38:52[0m [1;33mx5[0m [1;36m#166[0m SKIP tension=[1;36m0.00030977[0m [0m| momentum_too_small [1;31mconf=0.0005[0m
mode=OFF radar_adj=0 mom= conf=0
[1;36m22:39:01[0m [1;33mx5[0m [1;36m#167[0m SKIP tension=[1;36m0.00002332[0m [0m| momentum_too_small [1;31mconf=0.0[0m
mode=OFF radar_adj=0 mom= conf=0
[1;36m22:39:09[0m [1;33mx5[0m [1;36m#168[0m SKIP tension=[1;36m0.00004962[0m [0m| momentum_too_small [1;31mconf=0.0001[0m
mode=OFF radar_adj=0 mom= conf=0
[1;36m22:39:18[0m [1;33mx5[0m [1;36m#169[0m SKIP tension=[1;36m0.00000000[0m [0m| momentum_too_small [1;31mconf=0.3264[0m
mode=OFF radar_adj=0 mom= conf=0
[1;36m22:39:27[0m [1;33mx5[0m [1;36m#170[0m SKIP tension=[1;36m0.00056690[0m [0m| momentum_too_small [1;31mconf=0.0009[0m
mode=OFF radar_adj=0 mom= conf=0
[1;36m22:39:40[0m [1;33mx5[0m [1;36m#171[0m SKIP tension=[1;36m0.00020720[0m [0m| momentum_too_small [1;31mconf=0.0003[0m
mode=OFF radar_adj=0 mom= conf=0
[1;36m22:39:48[0m [1;33mx5[0m [1;36m#172[0m SKIP tension=[1;36m0.24076927[0m [0m| wall_not_collapsed
mode=OFF radar_adj=0 mom= conf=0
[1;36m22:39:57[0m [1;33mx5[0m [1;36m#173[0m SKIP tension=[1;36m0.00009514[0m [0m| momentum_too_small [1;31mconf=0.0002[0m
mode=OFF radar_adj=0 mom= conf=0
[1;36m22:40:05[0m [1;33mx5[0m [1;36m#174[0m SKIP tension=[1;36m0.33642415[0m [0m| wall_not_collapsed
mode=OFF radar_adj=0 mom= conf=0
[1;36m22:40:13[0m [1;33mx5[0m [1;36m#175[0m SKIP tension=[1;36m0.00000000[0m [0m| momentum_too_small [1;31mconf=0.3096[0m
mode=OFF radar_adj=0 mom= conf=0
[1;36m22:40:21[0m [1;33mx5[0m [1;36m#176[0m SKIP tension=[1;36m0.00007113[0m [0m| momentum_too_small [1;31mconf=0.0001[0m
mode=OFF radar_adj=0 mom= conf=0
[1;36m22:40:29[0m [1;33mx5[0m [1;36m#177[0m SKIP tension=[1;36m0.00010684[0m [0m| momentum_too_small [1;31mconf=0.0001[0m
mode=OFF radar_adj=0 mom= conf=0
[1;36m22:40:37[0m [1;33mx5[0m [1;36m#178[0m SKIP tension=[1;36m0.00000000[0m [0m| momentum_too_small [1;31mconf=0.3082[0m
mode=OFF radar_adj=0 mom= conf=0
[1;36m22:40:45[0m [1;33mx5[0m [1;36m#179[0m SKIP tension=[1;36m0.00009830[0m [0m| momentum_too_small [1;31mconf=0.0001[0m
mode=OFF radar_adj=0 mom= conf=0
[1;36m22:40:53[0m [1;33mx5[0m [1;36m#180[0m SKIP tension=[1;36m0.00000207[0m [0m| momentum_too_small [1;31mconf=0.0[0m
mode=OFF radar_adj=0 mom= conf=0
[1;36m22:41:00[0m [1;33mx5[0m [1;36m#181[0m SKIP tension=[1;36m0.00000000[0m [0m| momentum_too_small [1;31mconf=0.2846[0m
mode=OFF radar_adj=0 mom= conf=0
[1;36m22:41:08[0m [1;33mx5[0m [1;36m#182[0m SKIP tension=[1;36m0.00000000[0m [0m| momentum_too_small [1;31mconf=0.2846[0m
mode=OFF radar_adj=0 mom= conf=0
[1;36m22:41:15[0m [1;33mx5[0m [1;36m#183[0m SKIP tension=[1;36m0.00000000[0m [0m| momentum_too_small [1;31mconf=0.2846[0m
mode=OFF radar_adj=0 mom= conf=0
[1;36m22:41:23[0m [1;33mx5[0m [1;36m#184[0m SKIP tension=[1;36m0.00000233[0m [0m| momentum_too_small [1;31mconf=0.0[0m
mode=OFF radar_adj=0 mom= conf=0
[1;36m22:41:32[0m [1;33mx5[0m [1;36m#185[0m SKIP tension=[1;36m0.00000259[0m [0m| momentum_too_small [1;31mconf=0.0[0m
mode=OFF radar_adj=0 mom= conf=0
[1;36m22:41:45[0m [1;33mx5[0m [1;36m#186[0m SKIP tension=[1;36m0.20063226[0m [0m| low_confidence [1;31mconf=0.2719[0m
mode=OFF radar_adj=0 mom= conf=0
[1;36m22:41:53[0m [1;33mx5[0m [1;36m#187[0m SKIP tension=[1;36m0.00001089[0m [0m| momentum_too_small [1;31mconf=0.0[0m
mode=OFF radar_adj=0 mom= conf=0
[1;36m22:42:00[0m [1;33mx5[0m [1;36m#188[0m SKIP tension=[1;36m0.00000233[0m [0m| momentum_too_small [1;31mconf=0.0[0m
mode=OFF radar_adj=0 mom= conf=0
[1;36m22:42:09[0m [1;33mx5[0m [1;36m#189[0m SKIP tension=[1;36m0.00001270[0m [0m| momentum_too_small [1;31mconf=0.0[0m
mode=OFF radar_adj=0 mom= conf=0
[1;36m22:42:19[0m [1;33mx5[0m [1;36m#190[0m SKIP tension=[1;36m0.00001037[0m [0m| momentum_too_small [1;31mconf=0.0[0m
mode=OFF radar_adj=0 mom= conf=0
[1;36m22:42:27[0m [1;33mx5[0m [1;36m#191[0m SKIP tension=[1;36m0.00000000[0m [0m| momentum_too_small [1;31mconf=0.3264[0m
mode=OFF radar_adj=0 mom= conf=0
[1;36m22:42:35[0m [1;33mx5[0m [1;36m#192[0m SKIP tension=[1;36m0.00005832[0m [0m| momentum_too_small [1;31mconf=0.0001[0m
mode=OFF radar_adj=0 mom= conf=0
[1;36m22:42:49[0m [1;33mx5[0m [1;36m#193[0m SKIP tension=[1;36m0.00004226[0m [0m| momentum_too_small [1;31mconf=0.0001[0m
mode=OFF radar_adj=0 mom= conf=0
[1;36m22:42:59[0m [1;33mx5[0m [1;36m#194[0m SKIP tension=[1;36m0.00004228[0m [0m| momentum_too_small [1;31mconf=0.0001[0m
mode=OFF radar_adj=0 mom= conf=0
[1;36m22:43:07[0m [1;33mx5[0m [1;36m#195[0m SKIP tension=[1;36m0.00001841[0m [0m| momentum_too_small [1;31mconf=0.0[0m
mode=OFF radar_adj=0 mom= conf=0
[1;36m22:43:16[0m [1;33mx5[0m [1;36m#196[0m SKIP tension=[1;36m0.00118574[0m [0m| momentum_too_small [1;31mconf=0.0018[0m
mode=OFF radar_adj=0 mom= conf=0
[1;36m22:43:24[0m [1;33mx5[0m [1;36m#197[0m SKIP tension=[1;36m0.00002833[0m [0m| momentum_too_small [1;31mconf=0.0[0m
mode=OFF radar_adj=0 mom= conf=0
[1;36m22:43:31[0m [1;33mx5[0m [1;36m#198[0m SKIP tension=[1;36m0.00000000[0m [0m| momentum_too_small [1;31mconf=0.3264[0m
mode=OFF radar_adj=0 mom= conf=0
[1;36m22:43:39[0m [1;33mx5[0m [1;36m#199[0m SKIP tension=[1;36m0.00000000[0m [0m| momentum_too_small [1;31mconf=0.3264[0m
mode=OFF radar_adj=0 mom= conf=0
[1;36m22:43:48[0m [1;33mx5[0m [1;36m#200[0m SKIP tension=[1;36m0.00000000[0m [0m| momentum_too_small [1;31mconf=0.3264[0m
mode=OFF radar_adj=0 mom= conf=0
[1;36m22:44:02[0m [1;33mx5[0m [1;36m#201[0m SKIP tension=[1;33m0.93741509[0m [0m| wall_not_collapsed
mode=OFF radar_adj=0 mom= conf=0
[1;36m22:44:10[0m [1;33mx5[0m [1;36m#202[0m SKIP tension=[1;36m0.00000000[0m [0m| momentum_too_small [1;31mconf=0.3146[0m
mode=OFF radar_adj=0 mom= conf=0
[1;36m22:44:24[0m [1;33mx5[0m [1;36m#203[0m SKIP tension=[1;36m0.00352893[0m [0m| momentum_too_small [1;31mconf=0.0055[0m
mode=OFF radar_adj=0 mom= conf=0
[1;36m22:44:33[0m [1;33mx5[0m [1;36m#204[0m SKIP tension=[1;36m0.12707584[0m [0m| direction_unclear [1;31mconf=0.1969[0m
mode=OFF radar_adj=0 mom= conf=0
[1;36m22:44:42[0m [1;33mx5[0m [1;36m#205[0m SKIP tension=[1;36m0.20450464[0m [0m| wall_not_collapsed
mode=OFF radar_adj=0 mom= conf=0
[1;36m22:44:49[0m [1;33mx5[0m [1;36m#206[0m SKIP tension=[1;36m0.77209971[0m [0m| wall_not_collapsed
mode=OFF radar_adj=0 mom= conf=0
[1;36m22:44:57[0m [1;33mx5[0m [1;36m#207[0m SKIP tension=[1;36m0.00000000[0m [0m| momentum_too_small [1;31mconf=0.3247[0m
mode=OFF radar_adj=0 mom= conf=0
[1;36m22:45:05[0m [1;33mx5[0m [1;36m#208[0m SKIP tension=[1;36m0.00055886[0m [0m| momentum_too_small [1;31mconf=0.0009[0m
mode=OFF radar_adj=0 mom= conf=0
[1;36m22:45:13[0m [1;33mx5[0m [1;36m#209[0m SKIP tension=[1;36m0.00061795[0m [0m| momentum_too_small [1;31mconf=0.0009[0m
mode=OFF radar_adj=0 mom= conf=0
[1;36m22:45:21[0m [1;33mx5[0m [1;36m#210[0m SKIP tension=[1;36m0.64775858[0m [0m| wall_not_collapsed
mode=OFF radar_adj=0 mom= conf=0
[1;36m22:45:29[0m [1;33mx5[0m [1;36m#211[0m SKIP tension=[1;36m0.00004362[0m [0m| momentum_too_small [1;31mconf=0.0001[0m
mode=OFF radar_adj=0 mom= conf=0
[1;36m22:45:36[0m [1;33mx5[0m [1;36m#212[0m SKIP tension=[1;36m0.00000909[0m [0m| momentum_too_small [1;31mconf=0.0[0m
mode=OFF radar_adj=0 mom= conf=0
[1;36m22:45:44[0m [1;33mx5[0m [1;36m#213[0m SKIP tension=[1;36m0.00030143[0m [0m| momentum_too_small [1;31mconf=0.0005[0m
mode=OFF radar_adj=0 mom= conf=0
[1;36m22:45:51[0m [1;33mx5[0m [1;36m#214[0m SKIP tension=[1;36m0.00000000[0m [0m| momentum_too_small [1;31mconf=0.3497[0m
mode=OFF radar_adj=0 mom= conf=0
[1;36m22:45:59[0m [1;33mx5[0m [1;36m#215[0m SKIP tension=[1;36m0.01590516[0m [0m| direction_unclear [1;31mconf=0.0265[0m
mode=OFF radar_adj=0 mom= conf=0
[1;36mentry=22:46:11@64900.00000000[0m [1;33mx5[0m [1;36m#216[0m [1;32mSELL[0m tension=[1;32m1.08660829[0m hold=[1;36m6[0ms sec=[1;36m6[0m [0m| exit=64899.60000000 [1;32mconf=0.9971[0m [1;36mexit_time=22:46:17[0m [1;32mpnl=0.00304000 bps=0.06163328 pct=0.00061633% total=0.30643999999999993[0m
mode=OFF radar_adj=0 mom= conf=0
[1;36m22:46:27[0m [1;33mx5[0m [1;36m#217[0m SKIP tension=[1;36m0.00000000[0m [0m| momentum_too_small [1;31mconf=0.3217[0m
mode=OFF radar_adj=0 mom= conf=0
[1;36m22:46:35[0m [1;33mx5[0m [1;36m#218[0m SKIP tension=[1;33m0.88433656[0m [0m| wall_not_collapsed
mode=OFF radar_adj=0 mom= conf=0
[1;36m22:46:42[0m [1;33mx5[0m [1;36m#219[0m SKIP tension=[1;36m0.00001285[0m [0m| momentum_too_small [1;31mconf=0.0[0m
mode=OFF radar_adj=0 mom= conf=0
[1;36m22:46:50[0m [1;33mx5[0m [1;36m#220[0m SKIP tension=[1;36m0.00000000[0m [0m| momentum_too_small [1;31mconf=0.3143[0m
mode=OFF radar_adj=0 mom= conf=0
[1;36m22:46:59[0m [1;33mx5[0m [1;36m#221[0m SKIP tension=[1;36m0.00000176[0m [0m| momentum_too_small [1;31mconf=0.0[0m
mode=OFF radar_adj=0 mom= conf=0
shockwave beta->alpha until_cycle=232
[1;33mSWARM shockwave[0m [0m| beta -> neighbor (shock_inversion_stop)[0m
[1;36mCycle 222[0m [1;32mSOFT anomaly[0m [1;33m| pnl_abs=0.03572000 > 0.02500000[0m
[1;36mentry=22:47:10@64887.60000000[0m [1;33mx5[0m [1;36m#222[0m [1;31mSELL[0m tension=[1;32m1.44587874[0m hold=[1;36m7[0ms sec=[1;36m7[0m [0m| exit=64892.30000000 [1;32mconf=0.9027[0m [1;36mexit_time=22:47:17[0m [1;31mpnl=-0.03572000 bps=-0.72432946 pct=-0.00724329% total=0.27071999999999996[0m
mode=OFF radar_adj=0 mom= conf=0
[1;36m22:47:27[0m [1;33mx5[0m [1;36m#223[0m SKIP tension=[1;36m0.11800599[0m [0m| direction_unclear [1;31mconf=0.1721[0m
mode=OFF radar_adj=0 mom= conf=0
[1;36m22:47:37[0m [1;33mx5[0m [1;36m#224[0m SKIP tension=[1;36m0.12005397[0m [0m| direction_unclear [1;31mconf=0.175[0m
mode=OFF radar_adj=0 mom= conf=0
[1;36m22:47:45[0m [1;33mx5[0m [1;36m#225[0m SKIP tension=[1;36m0.00000238[0m [0m| momentum_too_small [1;31mconf=0.0[0m
mode=OFF radar_adj=0 mom= conf=0
[1;36m22:47:52[0m [1;33mx5[0m [1;36m#226[0m SKIP tension=[1;36m0.00003120[0m [0m| momentum_too_small [1;31mconf=0.0[0m
mode=OFF radar_adj=0 mom= conf=0
[1;36m22:48:00[0m [1;33mx5[0m [1;36m#227[0m SKIP tension=[1;36m0.00003120[0m [0m| momentum_too_small [1;31mconf=0.0[0m
mode=OFF radar_adj=0 mom= conf=0
[1;36m22:48:08[0m [1;33mx5[0m [1;36m#228[0m SKIP tension=[1;36m0.00001396[0m [0m| momentum_too_small [1;31mconf=0.0[0m
mode=OFF radar_adj=0 mom= conf=0
[1;36m22:48:16[0m [1;33mx5[0m [1;36m#229[0m SKIP tension=[1;36m0.00000000[0m [0m| momentum_too_small [1;31mconf=0.3062[0m
mode=OFF radar_adj=0 mom= conf=0
[1;36m22:48:24[0m [1;33mx5[0m [1;36m#230[0m SKIP tension=[1;36m0.00001347[0m [0m| momentum_too_small [1;31mconf=0.0[0m
mode=OFF radar_adj=0 mom= conf=0
[1;36m22:48:34[0m [1;33mx5[0m [1;36m#231[0m SKIP tension=[1;36m0.00000000[0m [0m| momentum_too_small [1;31mconf=0.3062[0m
mode=OFF radar_adj=0 mom= conf=0
[1;36m22:48:43[0m [1;33mx5[0m [1;36m#232[0m SKIP tension=[1;36m0.00003052[0m [0m| momentum_too_small [1;31mconf=0.0[0m
mode=OFF radar_adj=0 mom= conf=0
[1;36m22:48:51[0m [1;33mx5[0m [1;36m#233[0m SKIP tension=[1;36m0.13820706[0m [0m| direction_unclear [1;31mconf=0.2015[0m
mode=OFF radar_adj=0 mom= conf=0
[1;36m22:48:58[0m [1;33mx5[0m [1;36m#234[0m SKIP tension=[1;36m0.00000866[0m [0m| momentum_too_small [1;31mconf=0.0[0m
mode=OFF radar_adj=0 mom= conf=0
[1;36m22:49:06[0m [1;33mx5[0m [1;36m#235[0m SKIP tension=[1;36m0.14202986[0m [0m| direction_unclear [1;31mconf=0.2071[0m
mode=OFF radar_adj=0 mom= conf=0
[1;36m22:49:16[0m [1;33mx5[0m [1;36m#236[0m SKIP tension=[1;36m0.14664618[0m [0m| direction_unclear [1;31mconf=0.2213[0m
mode=OFF radar_adj=0 mom= conf=0
[1;36m22:49:23[0m [1;33mx5[0m [1;36m#237[0m SKIP tension=[1;36m0.00000000[0m [0m| momentum_too_small [1;31mconf=0.317[0m
mode=OFF radar_adj=0 mom= conf=0
[1;36m22:49:31[0m [1;33mx5[0m [1;36m#238[0m SKIP tension=[1;36m0.13599443[0m [0m| direction_unclear [1;31mconf=0.2053[0m
mode=OFF radar_adj=0 mom= conf=0
[1;36m22:49:39[0m [1;33mx5[0m [1;36m#239[0m SKIP tension=[1;36m0.00005651[0m [0m| momentum_too_small [1;31mconf=0.0001[0m
mode=OFF radar_adj=0 mom= conf=0
[1;36m22:49:47[0m [1;33mx5[0m [1;36m#240[0m SKIP tension=[1;36m0.00001810[0m [0m| momentum_too_small [1;31mconf=0.0[0m
mode=OFF radar_adj=0 mom= conf=0
[1;36m22:49:55[0m [1;33mx5[0m [1;36m#241[0m SKIP tension=[1;36m0.00000465[0m [0m| momentum_too_small [1;31mconf=0.0[0m
mode=OFF radar_adj=0 mom= conf=0
[1;36m22:50:03[0m [1;33mx5[0m [1;36m#242[0m SKIP tension=[1;36m0.00024034[0m [0m| momentum_too_small [1;31mconf=0.0004[0m
mode=OFF radar_adj=0 mom= conf=0
[1;36m22:50:10[0m [1;33mx5[0m [1;36m#243[0m SKIP tension=[1;36m0.00000571[0m [0m| momentum_too_small [1;31mconf=0.0[0m
mode=OFF radar_adj=0 mom= conf=0
[1;36m22:50:18[0m [1;33mx5[0m [1;36m#244[0m SKIP tension=[1;36m0.00001852[0m [0m| momentum_too_small [1;31mconf=0.0[0m
mode=OFF radar_adj=0 mom= conf=0
[1;36m22:50:26[0m [1;33mx5[0m [1;36m#245[0m SKIP tension=[1;36m0.00000832[0m [0m| momentum_too_small [1;31mconf=0.0[0m
mode=OFF radar_adj=0 mom= conf=0
[1;36m22:50:34[0m [1;33mx5[0m [1;36m#246[0m SKIP tension=[1;36m0.00000000[0m [0m| momentum_too_small [1;31mconf=0.3035[0m
mode=OFF radar_adj=0 mom= conf=0
[1;36m22:50:47[0m [1;33mx5[0m [1;36m#247[0m SKIP tension=[1;36m0.33542991[0m [0m| wall_not_collapsed
mode=OFF radar_adj=0 mom= conf=0
[1;36m22:50:56[0m [1;33mx5[0m [1;36m#248[0m SKIP tension=[1;36m0.00002294[0m [0m| momentum_too_small [1;31mconf=0.0[0m
mode=OFF radar_adj=0 mom= conf=0
[1;36m22:51:04[0m [1;33mx5[0m [1;36m#249[0m SKIP tension=[1;36m0.00000000[0m [0m| momentum_too_small [1;31mconf=0.3015[0m
mode=OFF radar_adj=0 mom= conf=0
[1;36m22:51:19[0m [1;33mx5[0m [1;36m#250[0m SKIP tension=[1;36m0.36093820[0m [0m| wall_not_collapsed
mode=OFF radar_adj=0 mom= conf=0
[1;36m22:51:26[0m [1;33mx5[0m [1;36m#251[0m SKIP tension=[1;36m0.00006801[0m [0m| momentum_too_small [1;31mconf=0.0001[0m
mode=OFF radar_adj=0 mom= conf=0
[1;36mentry=22:51:38@64884.00000000[0m [1;33mx5[0m [1;36m#252[0m [1;33mSELL[0m tension=[1;31m3.00570488[0m hold=[1;36m6[0ms sec=[1;36m6[0m [0m| exit=64884.00000000 [1;32mconf=0.8459[0m [1;36mexit_time=22:51:45[0m [1;33mpnl=-0.00000000 bps=-0.00000000 pct=-0.00000000% total=0.27071999999999996[0m
mode=OFF radar_adj=0 mom= conf=0
[1;36m22:51:54[0m [1;33mx5[0m [1;36m#253[0m SKIP tension=[1;36m0.16636751[0m [0m| direction_unclear [1;31mconf=0.2346[0m
mode=OFF radar_adj=0 mom= conf=0
[1;36m22:52:02[0m [1;33mx5[0m [1;36m#254[0m SKIP tension=[1;36m0.10752575[0m [0m| direction_unclear [1;31mconf=0.1516[0m
mode=OFF radar_adj=0 mom= conf=0
[1;36m22:52:10[0m [1;33mx5[0m [1;36m#255[0m SKIP tension=[1;36m0.00153627[0m [0m| momentum_too_small [1;31mconf=0.0022[0m
mode=OFF radar_adj=0 mom= conf=0
[1;36m22:52:18[0m [1;33mx5[0m [1;36m#256[0m SKIP tension=[1;36m0.22484055[0m [0m| wall_not_collapsed
mode=OFF radar_adj=0 mom= conf=0
[1;36mentry=22:52:36@64884.00000000[0m [1;33mx5[0m [1;36m#257[0m [1;32mSELL[0m tension=[1;31m2.01983997[0m hold=[1;36m11[0ms sec=[1;36m11[0m [0m| exit=64883.70000000 [1;32mconf=0.9788[0m [1;36mexit_time=22:52:47[0m [1;32mpnl=0.00228000 bps=0.04623636 pct=0.00046236% total=0.27299999999999996[0m
mode=OFF radar_adj=0 mom= conf=0
[1;36m22:52:56[0m [1;33mx5[0m [1;36m#258[0m SKIP tension=[1;36m0.21731268[0m [0m| wall_not_collapsed
mode=OFF radar_adj=0 mom= conf=0
[1;36m22:53:05[0m [1;33mx5[0m [1;36m#259[0m SKIP tension=[1;36m0.00001554[0m [0m| momentum_too_small [1;31mconf=0.0[0m
mode=OFF radar_adj=0 mom= conf=0
[1;36m22:53:13[0m [1;33mx5[0m [1;36m#260[0m SKIP tension=[1;36m0.00000933[0m [0m| momentum_too_small [1;31mconf=0.0[0m
mode=OFF radar_adj=0 mom= conf=0
[1;36mentry=22:53:25@64883.70000000[0m [1;33mx5[0m [1;36m#261[0m [1;33mSELL[0m tension=[1;32m1.32457660[0m hold=[1;36m6[0ms sec=[1;36m6[0m [0m| exit=64883.70000000 [1;32mconf=0.9759[0m [1;36mexit_time=22:53:31[0m [1;33mpnl=-0.00000000 bps=-0.00000000 pct=-0.00000000% total=0.27299999999999996[0m
mode=OFF radar_adj=0 mom= conf=0
[1;36m22:53:46[0m [1;33mx5[0m [1;36m#262[0m SKIP tension=[1;36m0.10241753[0m [0m| direction_unclear [1;31mconf=0.1437[0m
mode=OFF radar_adj=0 mom= conf=0
[1;36m22:53:55[0m [1;33mx5[0m [1;36m#263[0m SKIP tension=[1;36m0.00016711[0m [0m| momentum_too_small [1;31mconf=0.0002[0m
mode=OFF radar_adj=0 mom= conf=0
[1;36m22:54:03[0m [1;33mx5[0m [1;36m#264[0m SKIP tension=[1;36m0.00000000[0m [0m| momentum_too_small [1;31mconf=0.2947[0m
mode=OFF radar_adj=0 mom= conf=0
[1;36m22:54:11[0m [1;33mx5[0m [1;36m#265[0m SKIP tension=[1;36m0.00000000[0m [0m| momentum_too_small [1;31mconf=0.2944[0m
mode=OFF radar_adj=0 mom= conf=0
[1;36m22:54:19[0m [1;33mx5[0m [1;36m#266[0m SKIP tension=[1;36m0.20518649[0m [0m| low_confidence [1;31mconf=0.2876[0m
mode=OFF radar_adj=0 mom= conf=0
[1;36m22:54:27[0m [1;33mx5[0m [1;36m#267[0m SKIP tension=[1;36m0.10791098[0m [0m| direction_unclear [1;31mconf=0.1514[0m
mode=OFF radar_adj=0 mom= conf=0
[1;36mentry=22:54:45@64883.60000000[0m [1;33mx5[0m [1;36m#268[0m [1;33mSELL[0m tension=[1;32m1.94243152[0m hold=[1;36m6[0ms sec=[1;36m6[0m [0m| exit=64883.60000000 [1;32mconf=0.8421[0m [1;36mexit_time=22:54:51[0m [1;33mpnl=-0.00000000 bps=-0.00000000 pct=-0.00000000% total=0.27299999999999996[0m
mode=OFF radar_adj=0 mom= conf=0
[1;36m22:55:01[0m [1;33mx5[0m [1;36m#269[0m SKIP tension=[1;36m0.00000000[0m [0m| momentum_too_small [1;31mconf=0.2944[0m
mode=OFF radar_adj=0 mom= conf=0
[1;36mentry=22:55:12@64883.60000000[0m [1;33mx5[0m [1;36m#270[0m [1;33mSELL[0m tension=[1;31m2.06757826[0m hold=[1;36m7[0ms sec=[1;36m7[0m [0m| exit=64883.60000000 [1;32mconf=0.8411[0m [1;36mexit_time=22:55:20[0m [1;33mpnl=-0.00000000 bps=-0.00000000 pct=-0.00000000% total=0.27299999999999996[0m
mode=OFF radar_adj=0 mom= conf=0
[1;36m22:55:35[0m [1;33mx5[0m [1;36m#271[0m SKIP tension=[1;36m0.00000000[0m [0m| momentum_too_small [1;31mconf=0.2947[0m
mode=OFF radar_adj=0 mom= conf=0
[1;36mCycle 272[0m [1;32mSOFT anomaly[0m [1;33m| pnl_abs=0.81672000 > 0.02500000[0m
[1;36mentry=22:55:52@64883.60000000[0m [1;33mx5[0m [1;36m#272[0m [1;32mSELL[0m tension=[1;31m2.48754768[0m hold=[1;36m6[0ms sec=[1;36m6[0m [0m| exit=64850.80000000 [1;32mconf=0.8411[0m [1;36mexit_time=22:55:58[0m [1;32mpnl=0.81672000 bps=5.05520655 pct=0.05055207% total=1.08972[0m
mode=OFF radar_adj=0 mom= conf=0
[1;36mCycle 273[0m [1;32mSOFT anomaly[0m [1;33m| pnl_abs=0.05244000 > 0.02500000[0m
[1;36mentry=22:56:13@64850.70000000[0m [1;33mx5[0m [1;36m#273[0m [1;32mSELL[0m tension=[1;31m6.37345906[0m hold=[1;36m9[0ms sec=[1;36m9[0m [0m| exit=64843.80000000 [1;32mconf=0.9595[0m [1;36mexit_time=22:56:22[0m [1;32mpnl=0.05244000 bps=1.06398235 pct=0.01063982% total=1.14216[0m
mode=OFF radar_adj=0 mom= conf=0
[1;36m22:56:31[0m [1;33mx5[0m [1;36m#274[0m SKIP tension=[1;36m0.34071208[0m [0m| wall_not_collapsed
mode=OFF radar_adj=0 mom= conf=0
[1;36m22:56:39[0m [1;33mx5[0m [1;36m#275[0m SKIP tension=[1;36m0.00166198[0m [0m| momentum_too_small [1;31mconf=0.0028[0m
mode=OFF radar_adj=0 mom= conf=0
[1;36m22:56:47[0m [1;33mx5[0m [1;36m#276[0m SKIP tension=[1;36m0.00000485[0m [0m| momentum_too_small [1;31mconf=0.0[0m
mode=OFF radar_adj=0 mom= conf=0
[1;36m22:56:55[0m [1;33mx5[0m [1;36m#277[0m SKIP tension=[1;36m0.00000000[0m [0m| momentum_too_small [1;31mconf=0.3487[0m
mode=OFF radar_adj=0 mom= conf=0
[1;36m22:57:03[0m [1;33mx5[0m [1;36m#278[0m SKIP tension=[1;36m0.00000000[0m [0m| momentum_too_small [1;31mconf=0.3487[0m
mode=OFF radar_adj=0 mom= conf=0
[1;36m22:57:10[0m [1;33mx5[0m [1;36m#279[0m SKIP tension=[1;36m0.00000028[0m [0m| momentum_too_small [1;31mconf=0.0[0m
mode=OFF radar_adj=0 mom= conf=0
[1;36m22:57:18[0m [1;33mx5[0m [1;36m#280[0m SKIP tension=[1;36m0.00000000[0m [0m| momentum_too_small [1;31mconf=0.3487[0m
mode=OFF radar_adj=0 mom= conf=0
[1;36m22:57:28[0m [1;33mx5[0m [1;36m#281[0m SKIP tension=[1;36m0.00001857[0m [0m| momentum_too_small [1;31mconf=0.0[0m
mode=OFF radar_adj=0 mom= conf=0
[1;36m22:57:36[0m [1;33mx5[0m [1;36m#282[0m SKIP tension=[1;36m0.00005715[0m [0m| momentum_too_small [1;31mconf=0.0001[0m
mode=OFF radar_adj=0 mom= conf=0
[1;36m22:57:43[0m [1;33mx5[0m [1;36m#283[0m SKIP tension=[1;36m0.00000000[0m [0m| momentum_too_small [1;31mconf=0.346[0m
mode=OFF radar_adj=0 mom= conf=0
[1;36m22:57:51[0m [1;33mx5[0m [1;36m#284[0m SKIP tension=[1;36m0.00025033[0m [0m| momentum_too_small [1;31mconf=0.0004[0m
mode=OFF radar_adj=0 mom= conf=0
[1;36m22:58:00[0m [1;33mx5[0m [1;36m#285[0m SKIP tension=[1;36m0.70617507[0m [0m| wall_not_collapsed
mode=OFF radar_adj=0 mom= conf=0
[1;36m22:58:08[0m [1;33mx5[0m [1;36m#286[0m SKIP tension=[1;36m0.00000000[0m [0m| momentum_too_small [1;31mconf=0.3443[0m
mode=OFF radar_adj=0 mom= conf=0
[1;36m22:58:16[0m [1;33mx5[0m [1;36m#287[0m SKIP tension=[1;36m0.00005764[0m [0m| momentum_too_small [1;31mconf=0.0001[0m
mode=OFF radar_adj=0 mom= conf=0
[1;36m22:58:24[0m [1;33mx5[0m [1;36m#288[0m SKIP tension=[1;36m0.65897241[0m [0m| wall_not_collapsed
mode=OFF radar_adj=0 mom= conf=0
[1;36m22:58:32[0m [1;33mx5[0m [1;36m#289[0m SKIP tension=[1;36m0.00000000[0m [0m| momentum_too_small [1;31mconf=0.3443[0m
mode=OFF radar_adj=0 mom= conf=0
[1;36m22:58:40[0m [1;33mx5[0m [1;36m#290[0m SKIP tension=[1;36m0.00000000[0m [0m| momentum_too_small [1;31mconf=0.3443[0m
mode=OFF radar_adj=0 mom= conf=0
[1;36m22:58:48[0m [1;33mx5[0m [1;36m#291[0m SKIP tension=[1;36m0.00001922[0m [0m| momentum_too_small [1;31mconf=0.0[0m
mode=OFF radar_adj=0 mom= conf=0
[1;36m22:58:57[0m [1;33mx5[0m [1;36m#292[0m SKIP tension=[1;36m0.00000000[0m [0m| momentum_too_small [1;31mconf=0.3443[0m
mode=OFF radar_adj=0 mom= conf=0
[1;36m22:59:06[0m [1;33mx5[0m [1;36m#293[0m SKIP tension=[1;36m0.00025717[0m [0m| momentum_too_small [1;31mconf=0.0004[0m
mode=OFF radar_adj=0 mom= conf=0
[1;36mentry=22:59:34@64837.90000000[0m [1;33mx5[0m [1;36m#294[0m [1;33mSELL[0m tension=[1;31m2.08957539[0m hold=[1;36m6[0ms sec=[1;36m6[0m [0m| exit=64837.90000000 [1;32mconf=0.9836[0m [1;36mexit_time=22:59:40[0m [1;33mpnl=-0.00000000 bps=-0.00000000 pct=-0.00000000% total=1.14216[0m
mode=OFF radar_adj=0 mom= conf=0
[1;36m22:59:49[0m [1;33mx5[0m [1;36m#295[0m SKIP tension=[1;36m0.00002634[0m [0m| momentum_too_small [1;31mconf=0.0[0m
mode=OFF radar_adj=0 mom= conf=0
[1;36m22:59:57[0m [1;33mx5[0m [1;36m#296[0m SKIP tension=[1;36m0.00000000[0m [0m| momentum_too_small [1;31mconf=0.3443[0m
mode=OFF radar_adj=0 mom= conf=0
[1;36m23:00:06[0m [1;33mx5[0m [1;36m#297[0m SKIP tension=[1;36m0.00000892[0m [0m| momentum_too_small [1;31mconf=0.0[0m
mode=OFF radar_adj=0 mom= conf=0
[1;36m23:00:14[0m [1;33mx5[0m [1;36m#298[0m SKIP tension=[1;36m0.00000000[0m [0m| momentum_too_small [1;31mconf=0.3443[0m
mode=OFF radar_adj=0 mom= conf=0
[1;36mentry=23:00:27@64837.90000000[0m [1;33mx5[0m [1;36m#299[0m [1;33mSELL[0m tension=[1;31m3.50172814[0m hold=[1;36m6[0ms sec=[1;36m6[0m [0m| exit=64837.90000000 [1;32mconf=0.9836[0m [1;36mexit_time=23:00:33[0m [1;33mpnl=-0.00000000 bps=-0.00000000 pct=-0.00000000% total=1.14216[0m
mode=OFF radar_adj=0 mom= conf=0
[1;36m23:00:43[0m [1;33mx5[0m [1;36m#300[0m SKIP tension=[1;36m0.00006393[0m [0m| momentum_too_small [1;31mconf=0.0001[0m
mode=OFF radar_adj=0 mom= conf=0
[1;36m23:00:56[0m [1;33mx5[0m [1;36m#301[0m SKIP tension=[1;36m0.00019325[0m [0m| momentum_too_small [1;31mconf=0.0003[0m
mode=OFF radar_adj=0 mom= conf=0
[1;36m23:01:05[0m [1;33mx5[0m [1;36m#302[0m SKIP tension=[1;36m0.63157999[0m [0m| wall_not_collapsed
mode=OFF radar_adj=0 mom= conf=0
[1;36mentry=23:01:18@64830.40000000[0m [1;33mx5[0m [1;36m#303[0m [1;33mSELL[0m tension=[1;32m1.77143826[0m hold=[1;36m6[0ms sec=[1;36m6[0m [0m| exit=64830.40000000 [1;32mconf=0.9113[0m [1;36mexit_time=23:01:24[0m [1;33mpnl=-0.00000000 bps=-0.00000000 pct=-0.00000000% total=1.14216[0m
mode=OFF radar_adj=0 mom= conf=0
[1;36m23:01:36[0m [1;33mx5[0m [1;36m#304[0m SKIP tension=[1;36m0.00006028[0m [0m| momentum_too_small [1;31mconf=0.0001[0m
mode=OFF radar_adj=0 mom= conf=0
[1;36m23:01:49[0m [1;33mx5[0m [1;36m#305[0m SKIP tension=[1;36m0.82054450[0m [0m| wall_not_collapsed
mode=OFF radar_adj=0 mom= conf=0
[1;36m23:01:56[0m [1;33mx5[0m [1;36m#306[0m SKIP tension=[1;36m0.00002231[0m [0m| momentum_too_small [1;31mconf=0.0[0m
mode=OFF radar_adj=0 mom= conf=0
[1;36m23:02:04[0m [1;33mx5[0m [1;36m#307[0m SKIP tension=[1;36m0.00021425[0m [0m| momentum_too_small [1;31mconf=0.0003[0m
mode=OFF radar_adj=0 mom= conf=0
[1;36m23:02:12[0m [1;33mx5[0m [1;36m#308[0m SKIP tension=[1;36m0.00014278[0m [0m| momentum_too_small [1;31mconf=0.0002[0m
mode=OFF radar_adj=0 mom= conf=0
[1;36m23:02:20[0m [1;33mx5[0m [1;36m#309[0m SKIP tension=[1;36m0.00016361[0m [0m| momentum_too_small [1;31mconf=0.0002[0m
mode=OFF radar_adj=0 mom= conf=0
[1;36m23:02:28[0m [1;33mx5[0m [1;36m#310[0m SKIP tension=[1;36m0.00008329[0m [0m| momentum_too_small [1;31mconf=0.0001[0m
mode=OFF radar_adj=0 mom= conf=0
[1;36mCycle 311[0m [1;32mSOFT anomaly[0m [1;33m| pnl_abs=0.06776000 > 0.02500000[0m
[1;36mentry=23:02:41@64839.60000000[0m [1;33mx5[0m [1;36m#311[0m [1;32mSELL[0m tension=[1;32m1.39906540[0m hold=[1;36m7[0ms sec=[1;36m7[0m [0m| exit=64835.20000000 [1;32mconf=0.9113[0m [1;36mexit_time=23:02:48[0m [1;32mpnl=0.06776000 bps=0.67859765 pct=0.00678598% total=1.20992[0m
mode=OFF radar_adj=0 mom= conf=0
[1;36m23:02:57[0m [1;33mx5[0m [1;36m#312[0m SKIP tension=[1;36m0.46853658[0m [0m| wall_not_collapsed
mode=OFF radar_adj=0 mom= conf=0
[1;36m23:03:05[0m [1;33mx5[0m [1;36m#313[0m SKIP tension=[1;36m0.00039659[0m [0m| momentum_too_small [1;31mconf=0.0006[0m
mode=OFF radar_adj=0 mom= conf=0
[1;36m23:03:15[0m [1;33mx5[0m [1;36m#314[0m SKIP tension=[1;36m0.57455775[0m [0m| wall_not_collapsed
mode=OFF radar_adj=0 mom= conf=0
[1;36m23:03:24[0m [1;33mx5[0m [1;36m#315[0m SKIP tension=[1;36m0.00000000[0m [0m| momentum_too_small [1;31mconf=0.326[0m
mode=OFF radar_adj=0 mom= conf=0
[1;36m23:03:32[0m [1;33mx5[0m [1;36m#316[0m SKIP tension=[1;36m0.00000000[0m [0m| momentum_too_small [1;31mconf=0.324[0m
mode=OFF radar_adj=0 mom= conf=0
shockwave beta->alpha until_cycle=327
[1;33mSWARM shockwave[0m [0m| beta -> neighbor (shock_inversion_stop)[0m
[1;36mentry=23:03:44@64836.60000000[0m [1;33mx5[0m [1;36m#317[0m [1;31mSELL[0m tension=[1;32m1.55227620[0m hold=[1;36m6[0ms sec=[1;36m6[0m [0m| exit=64839.60000000 [1;32mconf=0.8949[0m [1;36mexit_time=23:03:51[0m [1;31mpnl=-0.02280000 bps=-0.46270162 pct=-0.00462702% total=1.1871200000000002[0m
mode=OFF radar_adj=0 mom= conf=0
[1;36m23:04:00[0m [1;33mx5[0m [1;36m#318[0m SKIP tension=[1;36m0.00021274[0m [0m| momentum_too_small [1;31mconf=0.0003[0m
mode=OFF radar_adj=0 mom= conf=0
[1;36m23:04:08[0m [1;33mx5[0m [1;36m#319[0m SKIP tension=[1;36m0.00006598[0m [0m| momentum_too_small [1;31mconf=0.0001[0m
mode=OFF radar_adj=0 mom= conf=0
[1;36m23:04:16[0m [1;33mx5[0m [1;36m#320[0m SKIP tension=[1;36m0.00000000[0m [0m| momentum_too_small [1;31mconf=0.3132[0m
mode=OFF radar_adj=0 mom= conf=0
[1;36m23:04:24[0m [1;33mx5[0m [1;36m#321[0m SKIP tension=[1;36m0.00004450[0m [0m| momentum_too_small [1;31mconf=0.0001[0m
mode=OFF radar_adj=0 mom= conf=0
[1;36m23:04:32[0m [1;33mx5[0m [1;36m#322[0m SKIP tension=[1;36m0.00007384[0m [0m| momentum_too_small [1;31mconf=0.0001[0m
mode=OFF radar_adj=0 mom= conf=0
[1;36m23:04:39[0m [1;33mx5[0m [1;36m#323[0m SKIP tension=[1;36m0.00000457[0m [0m| momentum_too_small [1;31mconf=0.0[0m
mode=OFF radar_adj=0 mom= conf=0
[1;36m23:04:47[0m [1;33mx5[0m [1;36m#324[0m SKIP tension=[1;36m0.00000000[0m [0m| momentum_too_small [1;31mconf=0.3196[0m
mode=OFF radar_adj=0 mom= conf=0
[1;36m23:04:55[0m [1;33mx5[0m [1;36m#325[0m SKIP tension=[1;36m0.00000000[0m [0m| momentum_too_small [1;31mconf=0.3196[0m
mode=OFF radar_adj=0 mom= conf=0
[1;36m23:05:02[0m [1;33mx5[0m [1;36m#326[0m SKIP tension=[1;36m0.00000000[0m [0m| momentum_too_small [1;31mconf=0.3196[0m
mode=OFF radar_adj=0 mom= conf=0
[1;36m23:05:10[0m [1;33mx5[0m [1;36m#327[0m SKIP tension=[1;36m0.00000000[0m [0m| momentum_too_small [1;31mconf=0.3409[0m
mode=OFF radar_adj=0 mom= conf=0
[1;36m23:05:18[0m [1;33mx5[0m [1;36m#328[0m SKIP tension=[1;36m0.05802340[0m [0m| direction_unclear [1;31mconf=0.0942[0m
mode=OFF radar_adj=0 mom= conf=0
[1;36m23:05:30[0m [1;33mx5[0m [1;36m#329[0m SKIP tension=[1;36m0.33328227[0m [0m| wall_not_collapsed
mode=OFF radar_adj=0 mom= conf=0
[1;36m23:05:39[0m [1;33mx5[0m [1;36m#330[0m SKIP tension=[1;36m0.00000000[0m [0m| momentum_too_small [1;31mconf=0.3389[0m
mode=OFF radar_adj=0 mom= conf=0
[1;36m23:05:47[0m [1;33mx5[0m [1;36m#331[0m SKIP tension=[1;36m0.00001825[0m [0m| momentum_too_small [1;31mconf=0.0[0m
mode=OFF radar_adj=0 mom= conf=0
shockwave beta->alpha until_cycle=342
[1;33mSWARM shockwave[0m [0m| beta -> neighbor (fluid_exit_brake)[0m
[1;36mentry=23:06:00@64838.80000000[0m [1;33mx5[0m [1;36m#332[0m [1;31mSELL[0m tension=[1;32m1.01524227[0m hold=[1;36m7[0ms sec=[1;36m7[0m [0m| exit=64838.90000000 [1;32mconf=0.9624[0m [1;36mexit_time=23:06:07[0m [1;31mpnl=-0.00076000 bps=-0.01542286 pct=-0.00015423% total=1.18636[0m
mode=OFF radar_adj=0 mom= conf=0
[1;36m23:06:17[0m [1;33mx5[0m [1;36m#333[0m SKIP tension=[1;36m0.02235437[0m [0m| direction_unclear [1;31mconf=0.0336[0m
mode=OFF radar_adj=0 mom= conf=0
[1;36mentry=23:06:29@64838.80000000[0m [1;33mx5[0m [1;36m#334[0m [1;33mSELL[0m tension=[1;32m1.00900139[0m hold=[1;36m6[0ms sec=[1;36m6[0m [0m| exit=64838.80000000 [1;32mconf=0.9026[0m [1;36mexit_time=23:06:35[0m [1;33mpnl=-0.00000000 bps=-0.00000000 pct=-0.00000000% total=1.18636[0m
mode=OFF radar_adj=0 mom= conf=0
[1;36m23:06:47[0m [1;33mx5[0m [1;36m#335[0m SKIP tension=[1;36m0.55040976[0m [0m| wall_not_collapsed
mode=OFF radar_adj=0 mom= conf=0
[1;36mentry=23:06:58@64839.60000000[0m [1;33mx5[0m [1;36m#336[0m [1;32mSELL[0m tension=[1;31m2.00279280[0m hold=[1;36m9[0ms sec=[1;36m9[0m [0m| exit=64838.80000000 [1;32mconf=0.9923[0m [1;36mexit_time=23:07:07[0m [1;32mpnl=0.01232000 bps=0.12338139 pct=0.00123381% total=1.1986800000000002[0m
mode=OFF radar_adj=0 mom= conf=0
[1;36m23:07:17[0m [1;33mx5[0m [1;36m#337[0m SKIP tension=[1;36m0.00007595[0m [0m| momentum_too_small [1;31mconf=0.0001[0m
mode=OFF radar_adj=0 mom= conf=0
[1;36m23:07:24[0m [1;33mx5[0m [1;36m#338[0m SKIP tension=[1;36m0.00010275[0m [0m| momentum_too_small [1;31mconf=0.0002[0m
mode=OFF radar_adj=0 mom= conf=0
[1;36m23:07:32[0m [1;33mx5[0m [1;36m#339[0m SKIP tension=[1;36m0.00019881[0m [0m| momentum_too_small [1;31mconf=0.0003[0m
mode=OFF radar_adj=0 mom= conf=0
[1;36m23:07:40[0m [1;33mx5[0m [1;36m#340[0m SKIP tension=[1;36m0.00007829[0m [0m| momentum_too_small [1;31mconf=0.0001[0m
mode=OFF radar_adj=0 mom= conf=0
[1;36m23:07:48[0m [1;33mx5[0m [1;36m#341[0m SKIP tension=[1;36m0.00000000[0m [0m| momentum_too_small [1;31mconf=0.3473[0m
mode=OFF radar_adj=0 mom= conf=0
[1;36m23:07:55[0m [1;33mx5[0m [1;36m#342[0m SKIP tension=[1;36m0.00008725[0m [0m| momentum_too_small [1;31mconf=0.0001[0m
mode=OFF radar_adj=0 mom= conf=0
[1;36m23:08:03[0m [1;33mx5[0m [1;36m#343[0m SKIP tension=[1;36m0.48266858[0m [0m| wall_not_collapsed
mode=OFF radar_adj=0 mom= conf=0
shockwave beta->alpha until_cycle=354
[1;33mSWARM shockwave[0m [0m| beta -> neighbor (shock_inversion_stop)[0m
[1;36mCycle 344[0m [1;32mSOFT anomaly[0m [1;33m| pnl_abs=0.47894000 > 0.02500000[0m
[1;36mentry=23:08:15@64850.00000000[0m [1;33mx5[0m [1;36m#344[0m [1;31mSELL[0m tension=[1;32m1.79529407[0m hold=[1;36m6[0ms sec=[1;36m6[0m [0m| exit=64881.10000000 [1;33mconf=0.606[0m [1;36mexit_time=23:08:21[0m [1;31mpnl=-0.47894000 bps=-4.79568234 pct=-0.04795682% total=0.7197400000000003[0m
mode=OFF radar_adj=0 mom= conf=0
[1;36m23:08:31[0m [1;33mx5[0m [1;36m#345[0m SKIP tension=[1;36m0.00000000[0m [0m| spread_too_wide [1;31mconf=0.0[0m
mode=OFF radar_adj=0 mom= conf=0
[1;36m23:08:39[0m [1;33mx5[0m [1;36m#346[0m SKIP tension=[1;36m0.00000152[0m [0m| spread_too_wide [1;31mconf=0.0[0m
mode=OFF radar_adj=0 mom= conf=0
[1;36m23:08:46[0m [1;33mx5[0m [1;36m#347[0m SKIP tension=[1;36m0.00010693[0m [0m| spread_too_wide [1;31mconf=0.0001[0m
mode=OFF radar_adj=0 mom= conf=0
[1;36m23:08:55[0m [1;33mx5[0m [1;36m#348[0m SKIP tension=[1;36m0.00000000[0m [0m| spread_too_wide [1;31mconf=0.0[0m
mode=OFF radar_adj=0 mom= conf=0
[1;36m23:09:03[0m [1;33mx5[0m [1;36m#349[0m SKIP tension=[1;36m0.00000218[0m [0m| momentum_too_small [1;31mconf=0.0[0m
mode=OFF radar_adj=0 mom= conf=0
[1;36m23:09:12[0m [1;33mx5[0m [1;36m#350[0m SKIP tension=[1;36m0.00006026[0m [0m| momentum_too_small [1;31mconf=0.0001[0m
mode=OFF radar_adj=0 mom= conf=0
[1;36mentry=23:09:29@64882.20000000[0m [1;33mx5[0m [1;36m#351[0m [1;33mSELL[0m tension=[1;31m5.02465185[0m hold=[1;36m6[0ms sec=[1;36m6[0m [0m| exit=64882.20000000 [1;32mconf=0.9913[0m [1;36mexit_time=23:09:35[0m [1;33mpnl=-0.00000000 bps=-0.00000000 pct=-0.00000000% total=0.7197400000000003[0m
mode=OFF radar_adj=0 mom= conf=0
[1;36m23:09:46[0m [1;33mx5[0m [1;36m#352[0m SKIP tension=[1;36m0.00006102[0m [0m| momentum_too_small [1;31mconf=0.0001[0m
mode=OFF radar_adj=0 mom= conf=0
[1;36m23:09:54[0m [1;33mx5[0m [1;36m#353[0m SKIP tension=[1;36m0.00011551[0m [0m| momentum_too_small [1;31mconf=0.0002[0m
mode=OFF radar_adj=0 mom= conf=0
[1;36m23:10:02[0m [1;33mx5[0m [1;36m#354[0m SKIP tension=[1;36m0.00011878[0m [0m| momentum_too_small [1;31mconf=0.0002[0m
mode=OFF radar_adj=0 mom= conf=0
[1;36m23:10:10[0m [1;33mx5[0m [1;36m#355[0m SKIP tension=[1;36m0.00000000[0m [0m| momentum_too_small [1;31mconf=0.3449[0m
mode=OFF radar_adj=0 mom= conf=0
[1;36m23:10:17[0m [1;33mx5[0m [1;36m#356[0m SKIP tension=[1;36m0.81234496[0m [0m| wall_not_collapsed
mode=OFF radar_adj=0 mom= conf=0
[1;36m23:10:25[0m [1;33mx5[0m [1;36m#357[0m SKIP tension=[1;36m0.00000250[0m [0m| momentum_too_small [1;31mconf=0.0[0m
mode=OFF radar_adj=0 mom= conf=0
[1;36m23:10:33[0m [1;33mx5[0m [1;36m#358[0m SKIP tension=[1;36m0.00000160[0m [0m| momentum_too_small [1;31mconf=0.0[0m
mode=OFF radar_adj=0 mom= conf=0
[1;36m23:10:41[0m [1;33mx5[0m [1;36m#359[0m SKIP tension=[1;36m0.00000000[0m [0m| momentum_too_small [1;31mconf=0.2998[0m
mode=OFF radar_adj=0 mom= conf=0
[1;36m23:10:49[0m [1;33mx5[0m [1;36m#360[0m SKIP tension=[1;36m0.00000000[0m [0m| momentum_too_small [1;31mconf=0.2994[0m
mode=OFF radar_adj=0 mom= conf=0
[1;36m23:10:57[0m [1;33mx5[0m [1;36m#361[0m SKIP tension=[1;36m0.51210118[0m [0m| wall_not_collapsed
mode=OFF radar_adj=0 mom= conf=0
[1;36m23:11:05[0m [1;33mx5[0m [1;36m#362[0m SKIP tension=[1;36m0.00010096[0m [0m| momentum_too_small [1;31mconf=0.0001[0m
mode=OFF radar_adj=0 mom= conf=0
[1;36m23:11:13[0m [1;33mx5[0m [1;36m#363[0m SKIP tension=[1;36m0.00000000[0m [0m| momentum_too_small [1;31mconf=0.3166[0m
mode=OFF radar_adj=0 mom= conf=0
[1;36m23:11:20[0m [1;33mx5[0m [1;36m#364[0m SKIP tension=[1;36m0.00000000[0m [0m| momentum_too_small [1;31mconf=0.3345[0m
mode=OFF radar_adj=0 mom= conf=0
[1;36m23:11:28[0m [1;33mx5[0m [1;36m#365[0m SKIP tension=[1;36m0.00001031[0m [0m| momentum_too_small [1;31mconf=0.0[0m
mode=OFF radar_adj=0 mom= conf=0
[1;36m23:11:36[0m [1;33mx5[0m [1;36m#366[0m SKIP tension=[1;36m0.00893959[0m [0m| momentum_too_small [1;31mconf=0.0129[0m
mode=OFF radar_adj=0 mom= conf=0
[1;36m23:11:43[0m [1;33mx5[0m [1;36m#367[0m SKIP tension=[1;36m0.00000578[0m [0m| momentum_too_small [1;31mconf=0.0[0m
mode=OFF radar_adj=0 mom= conf=0
[1;36m23:11:51[0m [1;33mx5[0m [1;36m#368[0m SKIP tension=[1;36m0.00079113[0m [0m| momentum_too_small [1;31mconf=0.0011[0m
mode=OFF radar_adj=0 mom= conf=0
[1;36m23:11:59[0m [1;33mx5[0m [1;36m#369[0m SKIP tension=[1;36m0.00000000[0m [0m| momentum_too_small [1;31mconf=0.2924[0m
mode=OFF radar_adj=0 mom= conf=0
[1;36m23:12:07[0m [1;33mx5[0m [1;36m#370[0m SKIP tension=[1;36m0.13743008[0m [0m| direction_unclear [1;31mconf=0.1907[0m
mode=OFF radar_adj=0 mom= conf=0
[1;36m23:12:16[0m [1;33mx5[0m [1;36m#371[0m SKIP tension=[1;36m0.00037140[0m [0m| momentum_too_small [1;31mconf=0.0005[0m
mode=OFF radar_adj=0 mom= conf=0
[1;36m23:12:23[0m [1;33mx5[0m [1;36m#372[0m SKIP tension=[1;36m0.00001264[0m [0m| momentum_too_small [1;31mconf=0.0[0m
mode=OFF radar_adj=0 mom= conf=0
[1;36m23:12:31[0m [1;33mx5[0m [1;36m#373[0m SKIP tension=[1;36m0.00001439[0m [0m| momentum_too_small [1;31mconf=0.0[0m
mode=OFF radar_adj=0 mom= conf=0
[1;36m23:12:39[0m [1;33mx5[0m [1;36m#374[0m SKIP tension=[1;36m0.23551890[0m [0m| wall_not_collapsed
mode=OFF radar_adj=0 mom= conf=0
[1;36m23:12:46[0m [1;33mx5[0m [1;36m#375[0m SKIP tension=[1;36m0.00001117[0m [0m| momentum_too_small [1;31mconf=0.0[0m
mode=OFF radar_adj=0 mom= conf=0
[1;36m23:12:54[0m [1;33mx5[0m [1;36m#376[0m SKIP tension=[1;36m0.00000325[0m [0m| momentum_too_small [1;31mconf=0.0[0m
mode=OFF radar_adj=0 mom= conf=0
[1;36m23:13:03[0m [1;33mx5[0m [1;36m#377[0m SKIP tension=[1;36m0.84954648[0m [0m| wall_not_collapsed
mode=OFF radar_adj=0 mom= conf=0
[1;36mCycle 378[0m [1;32mSOFT anomaly[0m [1;33m| pnl_abs=0.17556000 > 0.02500000[0m
[1;36mentry=23:13:15@64890.90000000[0m [1;33mx5[0m [1;36m#378[0m [1;32mSELL[0m tension=[1;32m1.20201482[0m hold=[1;36m6[0ms sec=[1;36m6[0m [0m| exit=64867.80000000 [1;32mconf=0.9047[0m [1;36mexit_time=23:13:21[0m [1;32mpnl=0.17556000 bps=3.55982118 pct=0.03559821% total=0.8953000000000002[0m
mode=OFF radar_adj=0 mom= conf=0
[1;36m23:13:31[0m [1;33mx5[0m [1;36m#379[0m SKIP tension=[1;36m0.00038173[0m [0m| momentum_too_small [1;31mconf=0.0005[0m
mode=OFF radar_adj=0 mom= conf=0
[1;36m23:13:39[0m [1;33mx5[0m [1;36m#380[0m SKIP tension=[1;36m0.00000636[0m [0m| momentum_too_small [1;31mconf=0.0[0m
mode=OFF radar_adj=0 mom= conf=0
[1;36m23:13:51[0m [1;33mx5[0m [1;36m#381[0m SKIP tension=[1;36m0.00000000[0m [0m| momentum_too_small [1;31mconf=0.3497[0m
mode=OFF radar_adj=0 mom= conf=0
[1;36mCycle 382[0m [1;32mSOFT anomaly[0m [1;33m| pnl_abs=0.21356000 > 0.02500000[0m
[1;36mentry=23:14:04@64895.90000000[0m [1;33mx5[0m [1;36m#382[0m [1;32mSELL[0m tension=[1;32m1.47025951[0m hold=[1;36m7[0ms sec=[1;36m7[0m [0m| exit=64867.80000000 [1;32mconf=0.9904[0m [1;36mexit_time=23:14:11[0m [1;32mpnl=0.21356000 bps=4.33001160 pct=0.04330012% total=1.1088600000000002[0m
mode=OFF radar_adj=0 mom= conf=0
[1;36m23:14:20[0m [1;33mx5[0m [1;36m#383[0m SKIP tension=[1;33m0.94338015[0m [0m| wall_not_collapsed
mode=OFF radar_adj=0 mom= conf=0
[1;36m23:14:29[0m [1;33mx5[0m [1;36m#384[0m SKIP tension=[1;36m0.00001592[0m [0m| momentum_too_small [1;31mconf=0.0[0m
mode=OFF radar_adj=0 mom= conf=0
[1;36m23:14:42[0m [1;33mx5[0m [1;36m#385[0m SKIP tension=[1;36m0.00003078[0m [0m| momentum_too_small [1;31mconf=0.0[0m
mode=OFF radar_adj=0 mom= conf=0
[1;36m23:14:50[0m [1;33mx5[0m [1;36m#386[0m SKIP tension=[1;36m0.00000463[0m [0m| momentum_too_small [1;31mconf=0.0[0m
mode=OFF radar_adj=0 mom= conf=0
[1;36m23:14:59[0m [1;33mx5[0m [1;36m#387[0m SKIP tension=[1;36m0.76217496[0m [0m| wall_not_collapsed
mode=OFF radar_adj=0 mom= conf=0
[1;36m23:15:07[0m [1;33mx5[0m [1;36m#388[0m SKIP tension=[1;33m0.89524360[0m [0m| wall_not_collapsed
mode=OFF radar_adj=0 mom= conf=0
[1;36mentry=23:15:21@64900.10000000[0m [1;33mx5[0m [1;36m#389[0m [1;33mSELL[0m tension=[1;32m1.29995469[0m hold=[1;36m8[0ms sec=[1;36m8[0m [0m| exit=64900.10000000 [1;33mconf=0.6899[0m [1;36mexit_time=23:15:29[0m [1;33mpnl=-0.00000000 bps=-0.00000000 pct=-0.00000000% total=1.1088600000000002[0m
mode=OFF radar_adj=0 mom= conf=0
[1;36m23:15:38[0m [1;33mx5[0m [1;36m#390[0m SKIP tension=[1;36m0.81815499[0m [0m| wall_not_collapsed
mode=OFF radar_adj=0 mom= conf=0
[1;36m23:15:51[0m [1;33mx5[0m [1;36m#391[0m SKIP tension=[1;36m0.00000000[0m [0m| momentum_too_small [1;31mconf=0.2428[0m
mode=OFF radar_adj=0 mom= conf=0
[1;36m23:15:58[0m [1;33mx5[0m [1;36m#392[0m SKIP tension=[1;36m0.00001908[0m [0m| momentum_too_small [1;31mconf=0.0[0m
mode=OFF radar_adj=0 mom= conf=0
[1;36m23:16:06[0m [1;33mx5[0m [1;36m#393[0m SKIP tension=[1;36m0.00000759[0m [0m| momentum_too_small [1;31mconf=0.0[0m
mode=OFF radar_adj=0 mom= conf=0
[1;36mentry=23:16:19@64900.10000000[0m [1;33mx5[0m [1;36m#394[0m [1;33mSELL[0m tension=[1;31m2.36781661[0m hold=[1;36m6[0ms sec=[1;36m6[0m [0m| exit=64900.10000000 [1;33mconf=0.7592[0m [1;36mexit_time=23:16:25[0m [1;33mpnl=-0.00000000 bps=-0.00000000 pct=-0.00000000% total=1.1088600000000002[0m
mode=OFF radar_adj=0 mom= conf=0
[1;36m23:16:34[0m [1;33mx5[0m [1;36m#395[0m SKIP tension=[1;36m0.00000000[0m [0m| momentum_too_small [1;31mconf=0.2657[0m
mode=OFF radar_adj=0 mom= conf=0
[1;36m23:16:43[0m [1;33mx5[0m [1;36m#396[0m SKIP tension=[1;36m0.00002702[0m [0m| momentum_too_small [1;31mconf=0.0[0m
mode=OFF radar_adj=0 mom= conf=0
[1;36m23:16:51[0m [1;33mx5[0m [1;36m#397[0m SKIP tension=[1;36m0.00073133[0m [0m| momentum_too_small [1;31mconf=0.0009[0m
mode=OFF radar_adj=0 mom= conf=0
[1;36m23:16:58[0m [1;33mx5[0m [1;36m#398[0m SKIP tension=[1;33m0.94367350[0m [0m| wall_not_collapsed
mode=OFF radar_adj=0 mom= conf=0
[1;36m23:17:07[0m [1;33mx5[0m [1;36m#399[0m SKIP tension=[1;36m0.00005802[0m [0m| momentum_too_small [1;31mconf=0.0001[0m
mode=OFF radar_adj=0 mom= conf=0
[1;36m23:17:15[0m [1;33mx5[0m [1;36m#400[0m SKIP tension=[1;36m0.00072039[0m [0m| momentum_too_small [1;31mconf=0.0008[0m
mode=OFF radar_adj=0 mom= conf=0
[1;36m23:17:22[0m [1;33mx5[0m [1;36m#401[0m SKIP tension=[1;36m0.00001441[0m [0m| momentum_too_small [1;31mconf=0.0[0m
mode=OFF radar_adj=0 mom= conf=0
[1;36m23:17:31[0m [1;33mx5[0m [1;36m#402[0m SKIP tension=[1;36m0.00000000[0m [0m| momentum_too_small [1;31mconf=0.3052[0m
mode=OFF radar_adj=0 mom= conf=0
[1;36m23:17:38[0m [1;33mx5[0m [1;36m#403[0m SKIP tension=[1;36m0.00000000[0m [0m| momentum_too_small [1;31mconf=0.3052[0m
mode=OFF radar_adj=0 mom= conf=0
[1;36m23:17:46[0m [1;33mx5[0m [1;36m#404[0m SKIP tension=[1;36m0.00000000[0m [0m| momentum_too_small [1;31mconf=0.3052[0m
mode=OFF radar_adj=0 mom= conf=0
[1;36m23:17:54[0m [1;33mx5[0m [1;36m#405[0m SKIP tension=[1;36m0.00000279[0m [0m| momentum_too_small [1;31mconf=0.0[0m
mode=OFF radar_adj=0 mom= conf=0
[1;36m23:18:02[0m [1;33mx5[0m [1;36m#406[0m SKIP tension=[1;36m0.00000000[0m [0m| momentum_too_small [1;31mconf=0.2411[0m
mode=OFF radar_adj=0 mom= conf=0
[1;36m23:18:10[0m [1;33mx5[0m [1;36m#407[0m SKIP tension=[1;36m0.00000000[0m [0m| momentum_too_small [1;31mconf=0.2411[0m
mode=OFF radar_adj=0 mom= conf=0
[1;36m23:18:17[0m [1;33mx5[0m [1;36m#408[0m SKIP tension=[1;36m0.00530171[0m [0m| momentum_too_small [1;31mconf=0.0061[0m
mode=OFF radar_adj=0 mom= conf=0
[1;36m23:18:25[0m [1;33mx5[0m [1;36m#409[0m SKIP tension=[1;36m0.76450616[0m [0m| wall_not_collapsed
mode=OFF radar_adj=0 mom= conf=0
[1;36m23:18:34[0m [1;33mx5[0m [1;36m#410[0m SKIP tension=[1;36m0.00000000[0m [0m| momentum_too_small [1;31mconf=0.3473[0m
mode=OFF radar_adj=0 mom= conf=0
[1;36m23:18:42[0m [1;33mx5[0m [1;36m#411[0m SKIP tension=[1;36m0.00002319[0m [0m| momentum_too_small [1;31mconf=0.0[0m
mode=OFF radar_adj=0 mom= conf=0
[1;36m23:18:50[0m [1;33mx5[0m [1;36m#412[0m SKIP tension=[1;36m0.00000000[0m [0m| momentum_too_small [1;31mconf=0.3473[0m
mode=OFF radar_adj=0 mom= conf=0
[1;36m23:18:58[0m [1;33mx5[0m [1;36m#413[0m SKIP tension=[1;36m0.00005621[0m [0m| momentum_too_small [1;31mconf=0.0001[0m
mode=OFF radar_adj=0 mom= conf=0
[1;36m23:19:06[0m [1;33mx5[0m [1;36m#414[0m SKIP tension=[1;36m0.76451358[0m [0m| wall_not_collapsed
mode=OFF radar_adj=0 mom= conf=0
[1;36mentry=23:19:19@64896.70000000[0m [1;33mx5[0m [1;36m#415[0m [1;33mSELL[0m tension=[1;31m3.58296955[0m hold=[1;36m11[0ms sec=[1;36m11[0m [0m| exit=64896.70000000 [1;32mconf=0.999[0m [1;36mexit_time=23:19:30[0m [1;33mpnl=-0.00000000 bps=-0.00000000 pct=-0.00000000% total=1.1088600000000002[0m
mode=OFF radar_adj=0 mom= conf=0
[1;36m23:19:39[0m [1;33mx5[0m [1;36m#416[0m SKIP tension=[1;36m0.00000392[0m [0m| momentum_too_small [1;31mconf=0.0[0m
mode=OFF radar_adj=0 mom= conf=0
[1;36m23:19:47[0m [1;33mx5[0m [1;36m#417[0m SKIP tension=[1;36m0.00001107[0m [0m| momentum_too_small [1;31mconf=0.0[0m
mode=OFF radar_adj=0 mom= conf=0
[1;36m23:19:55[0m [1;33mx5[0m [1;36m#418[0m SKIP tension=[1;36m0.00001624[0m [0m| momentum_too_small [1;31mconf=0.0[0m
mode=OFF radar_adj=0 mom= conf=0
[1;36m23:20:03[0m [1;33mx5[0m [1;36m#419[0m SKIP tension=[1;36m0.00009385[0m [0m| momentum_too_small [1;31mconf=0.0001[0m
mode=OFF radar_adj=0 mom= conf=0
[1;36m23:20:11[0m [1;33mx5[0m [1;36m#420[0m SKIP tension=[1;36m0.00000000[0m [0m| momentum_too_small [1;31mconf=0.3001[0m
mode=OFF radar_adj=0 mom= conf=0
[1;36m23:20:19[0m [1;33mx5[0m [1;36m#421[0m SKIP tension=[1;36m0.00001137[0m [0m| momentum_too_small [1;31mconf=0.0[0m
mode=OFF radar_adj=0 mom= conf=0
[1;36m23:20:27[0m [1;33mx5[0m [1;36m#422[0m SKIP tension=[1;36m0.00017733[0m [0m| momentum_too_small [1;31mconf=0.0003[0m
mode=OFF radar_adj=0 mom= conf=0
[1;36m23:20:35[0m [1;33mx5[0m [1;36m#423[0m SKIP tension=[1;36m0.00020362[0m [0m| momentum_too_small [1;31mconf=0.0003[0m
mode=OFF radar_adj=0 mom= conf=0
[1;36m23:20:43[0m [1;33mx5[0m [1;36m#424[0m SKIP tension=[1;36m0.00000719[0m [0m| momentum_too_small [1;31mconf=0.0[0m
mode=OFF radar_adj=0 mom= conf=0
[1;36m23:20:51[0m [1;33mx5[0m [1;36m#425[0m SKIP tension=[1;36m0.00000232[0m [0m| momentum_too_small [1;31mconf=0.0[0m
mode=OFF radar_adj=0 mom= conf=0
[1;36m23:21:02[0m [1;33mx5[0m [1;36m#426[0m SKIP tension=[1;36m0.00000000[0m [0m| momentum_too_small [1;31mconf=0.3001[0m
mode=OFF radar_adj=0 mom= conf=0
[1;36m23:21:09[0m [1;33mx5[0m [1;36m#427[0m SKIP tension=[1;36m0.00000000[0m [0m| momentum_too_small [1;31mconf=0.2994[0m
mode=OFF radar_adj=0 mom= conf=0
[1;36m23:21:18[0m [1;33mx5[0m [1;36m#428[0m SKIP tension=[1;36m0.00000220[0m [0m| momentum_too_small [1;31mconf=0.0[0m
mode=OFF radar_adj=0 mom= conf=0
[1;36m23:21:25[0m [1;33mx5[0m [1;36m#429[0m SKIP tension=[1;36m0.00008186[0m [0m| momentum_too_small [1;31mconf=0.0001[0m
mode=OFF radar_adj=0 mom= conf=0
[1;36m23:21:34[0m [1;33mx5[0m [1;36m#430[0m SKIP tension=[1;36m0.00015095[0m [0m| momentum_too_small [1;31mconf=0.0002[0m
mode=OFF radar_adj=0 mom= conf=0
[1;36m23:21:42[0m [1;33mx5[0m [1;36m#431[0m SKIP tension=[1;36m0.00002017[0m [0m| momentum_too_small [1;31mconf=0.0[0m
mode=OFF radar_adj=0 mom= conf=0
[1;36m23:21:50[0m [1;33mx5[0m [1;36m#432[0m SKIP tension=[1;36m0.00000196[0m [0m| momentum_too_small [1;31mconf=0.0[0m
mode=OFF radar_adj=0 mom= conf=0
[1;36m23:21:58[0m [1;33mx5[0m [1;36m#433[0m SKIP tension=[1;36m0.76588130[0m [0m| wall_not_collapsed
mode=OFF radar_adj=0 mom= conf=0
[1;36m23:22:12[0m [1;33mx5[0m [1;36m#434[0m SKIP tension=[1;36m0.00000000[0m [0m| momentum_too_small [1;31mconf=0.2954[0m
mode=OFF radar_adj=0 mom= conf=0
[1;36m23:22:20[0m [1;33mx5[0m [1;36m#435[0m SKIP tension=[1;36m0.76588185[0m [0m| wall_not_collapsed
mode=OFF radar_adj=0 mom= conf=0
[1;36m23:22:28[0m [1;33mx5[0m [1;36m#436[0m SKIP tension=[1;36m0.00000000[0m [0m| momentum_too_small [1;31mconf=0.32[0m
mode=OFF radar_adj=0 mom= conf=0
shockwave beta->alpha until_cycle=447
[1;33mSWARM shockwave[0m [0m| beta -> neighbor (shock_inversion_stop)[0m
[1;36mCycle 437[0m [1;32mSOFT anomaly[0m [1;33m| pnl_abs=0.07854000 > 0.02500000[0m
[1;36mentry=23:22:40@64880.70000000[0m [1;33mx5[0m [1;36m#437[0m [1;31mSELL[0m tension=[1;31m3.56939308[0m hold=[1;36m6[0ms sec=[1;36m6[0m [0m| exit=64885.80000000 [1;32mconf=0.8266[0m [1;36mexit_time=23:22:46[0m [1;31mpnl=-0.07854000 bps=-0.78605810 pct=-0.00786058% total=1.0303200000000001[0m
mode=OFF radar_adj=0 mom= conf=0
[1;36m23:22:56[0m [1;33mx5[0m [1;36m#438[0m SKIP tension=[1;36m0.00000000[0m [0m| momentum_too_small [1;31mconf=0.289[0m
mode=OFF radar_adj=0 mom= conf=0
[1;36m23:23:03[0m [1;33mx5[0m [1;36m#439[0m SKIP tension=[1;36m0.00001400[0m [0m| momentum_too_small [1;31mconf=0.0[0m
mode=OFF radar_adj=0 mom= conf=0
[1;36m23:23:12[0m [1;33mx5[0m [1;36m#440[0m SKIP tension=[1;36m0.00000224[0m [0m| momentum_too_small [1;31mconf=0.0[0m
mode=OFF radar_adj=0 mom= conf=0
[1;36m23:23:19[0m [1;33mx5[0m [1;36m#441[0m SKIP tension=[1;36m0.00000000[0m [0m| momentum_too_small [1;31mconf=0.3207[0m
mode=OFF radar_adj=0 mom= conf=0
[1;36m23:23:27[0m [1;33mx5[0m [1;36m#442[0m SKIP tension=[1;36m0.00000000[0m [0m| momentum_too_small [1;31mconf=0.3207[0m
mode=OFF radar_adj=0 mom= conf=0
[1;36m23:23:36[0m [1;33mx5[0m [1;36m#443[0m SKIP tension=[1;36m0.00019362[0m [0m| momentum_too_small [1;31mconf=0.0003[0m
mode=OFF radar_adj=0 mom= conf=0
[1;36m23:23:44[0m [1;33mx5[0m [1;36m#444[0m SKIP tension=[1;36m0.00000000[0m [0m| momentum_too_small [1;31mconf=0.3429[0m
mode=OFF radar_adj=0 mom= conf=0
[1;36m23:23:51[0m [1;33mx5[0m [1;36m#445[0m SKIP tension=[1;36m0.00000000[0m [0m| momentum_too_small [1;31mconf=0.3429[0m
mode=OFF radar_adj=0 mom= conf=0
[1;36m23:24:00[0m [1;33mx5[0m [1;36m#446[0m SKIP tension=[1;36m0.00000224[0m [0m| momentum_too_small [1;31mconf=0.0[0m
mode=OFF radar_adj=0 mom= conf=0
[1;36m23:24:08[0m [1;33mx5[0m [1;36m#447[0m SKIP tension=[1;36m0.00000000[0m [0m| momentum_too_small [1;31mconf=0.321[0m
mode=OFF radar_adj=0 mom= conf=0
[1;36m23:24:16[0m [1;33mx5[0m [1;36m#448[0m SKIP tension=[1;36m0.00000000[0m [0m| momentum_too_small [1;31mconf=0.3358[0m
mode=OFF radar_adj=0 mom= conf=0
[1;36m23:24:24[0m [1;33mx5[0m [1;36m#449[0m SKIP tension=[1;36m0.00000000[0m [0m| momentum_too_small [1;31mconf=0.3476[0m
mode=OFF radar_adj=0 mom= conf=0
[1;36m23:24:31[0m [1;33mx5[0m [1;36m#450[0m SKIP tension=[1;36m0.00002312[0m [0m| momentum_too_small [1;31mconf=0.0[0m
mode=OFF radar_adj=0 mom= conf=0
[1;36m23:24:39[0m [1;33mx5[0m [1;36m#451[0m SKIP tension=[1;36m0.00000405[0m [0m| momentum_too_small [1;31mconf=0.0[0m
mode=OFF radar_adj=0 mom= conf=0
[1;36m23:24:47[0m [1;33mx5[0m [1;36m#452[0m SKIP tension=[1;36m0.00000280[0m [0m| momentum_too_small [1;31mconf=0.0[0m
mode=OFF radar_adj=0 mom= conf=0
[1;36m23:24:59[0m [1;33mx5[0m [1;36m#453[0m SKIP tension=[1;36m0.38887813[0m [0m| wall_not_collapsed
mode=OFF radar_adj=0 mom= conf=0
[1;36m23:25:07[0m [1;33mx5[0m [1;36m#454[0m SKIP tension=[1;36m0.00000000[0m [0m| momentum_too_small [1;31mconf=0.3038[0m
mode=OFF radar_adj=0 mom= conf=0
[1;36m23:25:16[0m [1;33mx5[0m [1;36m#455[0m SKIP tension=[1;36m0.00001287[0m [0m| momentum_too_small [1;31mconf=0.0[0m
mode=OFF radar_adj=0 mom= conf=0
shockwave beta->alpha until_cycle=466
[1;33mSWARM shockwave[0m [0m| beta -> neighbor (fluid_exit_inversion)[0m
[1;36mCycle 456[0m [1;32mSOFT anomaly[0m [1;33m| pnl_abs=0.03268000 > 0.02500000[0m
[1;36mentry=23:25:29@64890.30000000[0m [1;33mx5[0m [1;36m#456[0m [1;31mSELL[0m tension=[1;32m1.06667310[0m hold=[1;36m10[0ms sec=[1;36m10[0m [0m| exit=64894.60000000 [1;32mconf=0.8671[0m [1;36mexit_time=23:25:40[0m [1;31mpnl=-0.03268000 bps=-0.66265682 pct=-0.00662657% total=0.9976400000000001[0m
mode=OFF radar_adj=0 mom= conf=0
[1;36m23:25:49[0m [1;33mx5[0m [1;36m#457[0m SKIP tension=[1;36m0.00000555[0m [0m| momentum_too_small [1;31mconf=0.0[0m
mode=OFF radar_adj=0 mom= conf=0
[1;36m23:25:56[0m [1;33mx5[0m [1;36m#458[0m SKIP tension=[1;36m0.33753910[0m [0m| wall_not_collapsed
mode=OFF radar_adj=0 mom= conf=0
[1;36m23:26:05[0m [1;33mx5[0m [1;36m#459[0m SKIP tension=[1;36m0.00018639[0m [0m| momentum_too_small [1;31mconf=0.0003[0m
mode=OFF radar_adj=0 mom= conf=0
[1;36mCycle 460[0m [1;32mSOFT anomaly[0m [1;33m| pnl_abs=0.05928000 > 0.02500000[0m
[1;36mentry=23:26:17@64890.30000000[0m [1;33mx5[0m [1;36m#460[0m [1;32mSELL[0m tension=[1;32m1.08118039[0m hold=[1;36m7[0ms sec=[1;36m7[0m [0m| exit=64882.50000000 [1;32mconf=0.9403[0m [1;36mexit_time=23:26:24[0m [1;32mpnl=0.05928000 bps=1.20202865 pct=0.01202029% total=1.05692[0m
mode=OFF radar_adj=0 mom= conf=0
[1;36m23:26:34[0m [1;33mx5[0m [1;36m#461[0m SKIP tension=[1;36m0.00019285[0m [0m| momentum_too_small [1;31mconf=0.0003[0m
mode=OFF radar_adj=0 mom= conf=0
[1;36m23:26:43[0m [1;33mx5[0m [1;36m#462[0m SKIP tension=[1;36m0.18300762[0m [0m| direction_unclear [1;31mconf=0.3047[0m
mode=OFF radar_adj=0 mom= conf=0
[1;36m23:26:51[0m [1;33mx5[0m [1;36m#463[0m SKIP tension=[1;36m0.00000000[0m [0m| momentum_too_small [1;31mconf=0.3274[0m
mode=OFF radar_adj=0 mom= conf=0
[1;36m23:26:58[0m [1;33mx5[0m [1;36m#464[0m SKIP tension=[1;36m0.20484470[0m [0m| wall_not_collapsed
mode=OFF radar_adj=0 mom= conf=0
[1;36m23:27:07[0m [1;33mx5[0m [1;36m#465[0m SKIP tension=[1;36m0.00000000[0m [0m| momentum_too_small [1;31mconf=0.3274[0m
mode=OFF radar_adj=0 mom= conf=0
[1;36m23:27:14[0m [1;33mx5[0m [1;36m#466[0m SKIP tension=[1;36m0.00000254[0m [0m| momentum_too_small [1;31mconf=0.0[0m
mode=OFF radar_adj=0 mom= conf=0
[1;36m23:27:22[0m [1;33mx5[0m [1;36m#467[0m SKIP tension=[1;36m0.00001186[0m [0m| momentum_too_small [1;31mconf=0.0[0m
mode=OFF radar_adj=0 mom= conf=0
[1;36m23:27:30[0m [1;33mx5[0m [1;36m#468[0m SKIP tension=[1;36m0.00000000[0m [0m| momentum_too_small [1;31mconf=0.3274[0m
mode=OFF radar_adj=0 mom= conf=0
[1;36m23:27:38[0m [1;33mx5[0m [1;36m#469[0m SKIP tension=[1;36m0.00000085[0m [0m| momentum_too_small [1;31mconf=0.0[0m
mode=OFF radar_adj=0 mom= conf=0
[1;36m23:27:47[0m [1;33mx5[0m [1;36m#470[0m SKIP tension=[1;36m0.00012516[0m [0m| momentum_too_small [1;31mconf=0.0002[0m
mode=OFF radar_adj=0 mom= conf=0
[1;36m23:27:55[0m [1;33mx5[0m [1;36m#471[0m SKIP tension=[1;36m0.00000000[0m [0m| momentum_too_small [1;31mconf=0.3274[0m
mode=OFF radar_adj=0 mom= conf=0
[1;36m23:28:02[0m [1;33mx5[0m [1;36m#472[0m SKIP tension=[1;36m0.00000000[0m [0m| momentum_too_small [1;31mconf=0.3274[0m
mode=OFF radar_adj=0 mom= conf=0
[1;36m23:28:11[0m [1;33mx5[0m [1;36m#473[0m SKIP tension=[1;36m0.00000000[0m [0m| momentum_too_small [1;31mconf=0.3274[0m
mode=OFF radar_adj=0 mom= conf=0
[1;36m23:28:19[0m [1;33mx5[0m [1;36m#474[0m SKIP tension=[1;36m0.00000000[0m [0m| momentum_too_small [1;31mconf=0.3274[0m
mode=OFF radar_adj=0 mom= conf=0
[1;36m23:28:26[0m [1;33mx5[0m [1;36m#475[0m SKIP tension=[1;36m0.00001448[0m [0m| momentum_too_small [1;31mconf=0.0[0m
mode=OFF radar_adj=0 mom= conf=0
[1;36m23:28:35[0m [1;33mx5[0m [1;36m#476[0m SKIP tension=[1;36m0.00002896[0m [0m| momentum_too_small [1;31mconf=0.0[0m
mode=OFF radar_adj=0 mom= conf=0
[1;36m23:28:42[0m [1;33mx5[0m [1;36m#477[0m SKIP tension=[1;36m0.00002300[0m [0m| momentum_too_small [1;31mconf=0.0[0m
mode=OFF radar_adj=0 mom= conf=0
[1;36m23:28:51[0m [1;33mx5[0m [1;36m#478[0m SKIP tension=[1;36m0.00005537[0m [0m| momentum_too_small [1;31mconf=0.0001[0m
mode=OFF radar_adj=0 mom= conf=0
[1;36m23:29:00[0m [1;33mx5[0m [1;36m#479[0m SKIP tension=[1;36m0.00000000[0m [0m| momentum_too_small [1;31mconf=0.3274[0m
mode=OFF radar_adj=0 mom= conf=0
shockwave beta->alpha until_cycle=490
[1;33mSWARM shockwave[0m [0m| beta -> neighbor (fluid_exit_brake)[0m
[1;36mCycle 480[0m [1;32mSOFT anomaly[0m [1;33m| pnl_abs=0.04484000 > 0.02500000[0m
[1;36mentry=23:29:13@64867.80000000[0m [1;33mx5[0m [1;36m#480[0m [1;31mSELL[0m tension=[1;32m1.21533504[0m hold=[1;36m7[0ms sec=[1;36m7[0m [0m| exit=64873.70000000 [1;32mconf=0.9355[0m [1;36mexit_time=23:29:20[0m [1;31mpnl=-0.04484000 bps=-0.90954218 pct=-0.00909542% total=1.01208[0m
mode=OFF radar_adj=0 mom= conf=0
[1;36m23:29:30[0m [1;33mx5[0m [1;36m#481[0m SKIP tension=[1;36m0.00000000[0m [0m| momentum_too_small [1;31mconf=0.3274[0m
mode=OFF radar_adj=0 mom= conf=0
[1;36m23:29:39[0m [1;33mx5[0m [1;36m#482[0m SKIP tension=[1;36m0.00005196[0m [0m| momentum_too_small [1;31mconf=0.0001[0m
mode=OFF radar_adj=0 mom= conf=0
[1;36m23:29:47[0m [1;33mx5[0m [1;36m#483[0m SKIP tension=[1;36m0.00004108[0m [0m| momentum_too_small [1;31mconf=0.0001[0m
mode=OFF radar_adj=0 mom= conf=0
[1;36m23:29:56[0m [1;33mx5[0m [1;36m#484[0m SKIP tension=[1;36m0.00018335[0m [0m| momentum_too_small [1;31mconf=0.0003[0m
mode=OFF radar_adj=0 mom= conf=0
[1;36m23:30:05[0m [1;33mx5[0m [1;36m#485[0m SKIP tension=[1;36m0.00016757[0m [0m| momentum_too_small [1;31mconf=0.0003[0m
mode=OFF radar_adj=0 mom= conf=0
[1;36m23:30:12[0m [1;33mx5[0m [1;36m#486[0m SKIP tension=[1;36m0.00006238[0m [0m| momentum_too_small [1;31mconf=0.0001[0m
mode=OFF radar_adj=0 mom= conf=0
[1;36m23:30:20[0m [1;33mx5[0m [1;36m#487[0m SKIP tension=[1;36m0.00000000[0m [0m| momentum_too_small [1;31mconf=0.3274[0m
mode=OFF radar_adj=0 mom= conf=0
[1;36m23:30:28[0m [1;33mx5[0m [1;36m#488[0m SKIP tension=[1;36m0.00000000[0m [0m| momentum_too_small [1;31mconf=0.3274[0m
mode=OFF radar_adj=0 mom= conf=0
[1;36m23:30:36[0m [1;33mx5[0m [1;36m#489[0m SKIP tension=[1;36m0.00003908[0m [0m| momentum_too_small [1;31mconf=0.0001[0m
mode=OFF radar_adj=0 mom= conf=0
[1;36m23:30:43[0m [1;33mx5[0m [1;36m#490[0m SKIP tension=[1;36m0.00002716[0m [0m| momentum_too_small [1;31mconf=0.0[0m
mode=OFF radar_adj=0 mom= conf=0
[1;36m23:30:52[0m [1;33mx5[0m [1;36m#491[0m SKIP tension=[1;36m0.00003915[0m [0m| momentum_too_small [1;31mconf=0.0001[0m
mode=OFF radar_adj=0 mom= conf=0
[1;36m23:31:00[0m [1;33mx5[0m [1;36m#492[0m SKIP tension=[1;36m0.00243859[0m [0m| momentum_too_small [1;31mconf=0.0038[0m
mode=OFF radar_adj=0 mom= conf=0
[1;36m23:31:09[0m [1;33mx5[0m [1;36m#493[0m SKIP tension=[1;36m0.00021340[0m [0m| momentum_too_small [1;31mconf=0.0003[0m
mode=OFF radar_adj=0 mom= conf=0
shockwave beta->alpha until_cycle=504
[1;33mSWARM shockwave[0m [0m| beta -> neighbor (shock_inversion_stop)[0m
[1;36mCycle 494[0m [1;32mSOFT anomaly[0m [1;33m| pnl_abs=0.06232000 > 0.02500000[0m
[1;36mentry=23:31:26@64874.50000000[0m [1;33mx5[0m [1;36m#494[0m [1;31mSELL[0m tension=[1;32m1.74316373[0m hold=[1;36m6[0ms sec=[1;36m6[0m [0m| exit=64882.70000000 [1;32mconf=0.9355[0m [1;36mexit_time=23:31:32[0m [1;31mpnl=-0.06232000 bps=-1.26397891 pct=-0.01263979% total=0.94976[0m
mode=OFF radar_adj=0 mom= conf=0
[1;36m23:31:47[0m [1;33mx5[0m [1;36m#495[0m SKIP tension=[1;36m0.00000000[0m [0m| momentum_too_small [1;31mconf=0.2742[0m
mode=OFF radar_adj=0 mom= conf=0
[1;36m23:31:55[0m [1;33mx5[0m [1;36m#496[0m SKIP tension=[1;36m0.00000765[0m [0m| momentum_too_small [1;31mconf=0.0[0m
mode=OFF radar_adj=0 mom= conf=0
[1;36mentry=23:32:10@64890.30000000[0m [1;33mx5[0m [1;36m#497[0m [1;33mSELL[0m tension=[1;32m1.23932241[0m hold=[1;36m6[0ms sec=[1;36m6[0m [0m| exit=64890.30000000 [1;32mconf=0.8478[0m [1;36mexit_time=23:32:16[0m [1;33mpnl=-0.00000000 bps=-0.00000000 pct=-0.00000000% total=0.94976[0m
mode=OFF radar_adj=0 mom= conf=0
[1;36m23:32:26[0m [1;33mx5[0m [1;36m#498[0m SKIP tension=[1;36m0.47121525[0m [0m| wall_not_collapsed
mode=OFF radar_adj=0 mom= conf=0
[1;36m23:32:34[0m [1;33mx5[0m [1;36m#499[0m SKIP tension=[1;36m0.00000000[0m [0m| momentum_too_small [1;31mconf=0.3247[0m
mode=OFF radar_adj=0 mom= conf=0
[1;36m23:32:41[0m [1;33mx5[0m [1;36m#500[0m SKIP tension=[1;33m0.86874818[0m [0m| wall_not_collapsed
mode=OFF radar_adj=0 mom= conf=0
[1;36m23:32:54[0m [1;33mx5[0m [1;36m#501[0m SKIP tension=[1;36m0.00001948[0m [0m| momentum_too_small [1;31mconf=0.0[0m
mode=OFF radar_adj=0 mom= conf=0
[1;36m23:33:01[0m [1;33mx5[0m [1;36m#502[0m SKIP tension=[1;36m0.00016626[0m [0m| momentum_too_small [1;31mconf=0.0002[0m
mode=OFF radar_adj=0 mom= conf=0
[1;36m23:33:09[0m [1;33mx5[0m [1;36m#503[0m SKIP tension=[1;36m0.00001984[0m [0m| spread_too_wide [1;31mconf=0.0[0m
mode=OFF radar_adj=0 mom= conf=0
[1;36m23:33:17[0m [1;33mx5[0m [1;36m#504[0m SKIP tension=[1;31m7.79539175[0m [0m| spread_too_wide [1;33mconf=0.5[0m
mode=OFF radar_adj=0 mom= conf=0
[1;36m23:33:25[0m [1;33mx5[0m [1;36m#505[0m SKIP tension=[1;36m0.30106905[0m [0m| wall_not_collapsed
mode=OFF radar_adj=0 mom= conf=0
[1;36m23:33:32[0m [1;33mx5[0m [1;36m#506[0m SKIP tension=[1;36m0.00000889[0m [0m| momentum_too_small [1;31mconf=0.0[0m
mode=OFF radar_adj=0 mom= conf=0
[1;36m23:33:40[0m [1;33mx5[0m [1;36m#507[0m SKIP tension=[1;36m0.00002564[0m [0m| momentum_too_small [1;31mconf=0.0[0m
mode=OFF radar_adj=0 mom= conf=0
[1;36m23:33:52[0m [1;33mx5[0m [1;36m#508[0m SKIP tension=[1;36m0.00009614[0m [0m| momentum_too_small [1;31mconf=0.0002[0m
mode=OFF radar_adj=0 mom= conf=0
[1;36m23:34:00[0m [1;33mx5[0m [1;36m#509[0m SKIP tension=[1;36m0.00001618[0m [0m| momentum_too_small [1;31mconf=0.0[0m
mode=OFF radar_adj=0 mom= conf=0
[1;36m23:34:08[0m [1;33mx5[0m [1;36m#510[0m SKIP tension=[1;36m0.00012980[0m [0m| momentum_too_small [1;31mconf=0.0002[0m
mode=OFF radar_adj=0 mom= conf=0
[1;36m23:34:16[0m [1;33mx5[0m [1;36m#511[0m SKIP tension=[1;36m0.16126319[0m [0m| direction_unclear [1;31mconf=0.2424[0m
mode=OFF radar_adj=0 mom= conf=0
[1;36mentry=23:34:28@64971.10000000[0m [1;33mx5[0m [1;36m#512[0m [1;33mSELL[0m tension=[1;32m1.62554098[0m hold=[1;36m6[0ms sec=[1;36m6[0m [0m| exit=64971.10000000 [1;32mconf=0.9019[0m [1;36mexit_time=23:34:34[0m [1;33mpnl=-0.00000000 bps=-0.00000000 pct=-0.00000000% total=0.94976[0m
mode=OFF radar_adj=0 mom= conf=0
[1;36mentry=23:34:49@64971.10000000[0m [1;33mx5[0m [1;36m#513[0m [1;33mSELL[0m tension=[1;32m1.87558189[0m hold=[1;36m6[0ms sec=[1;36m6[0m [0m| exit=64971.10000000 [1;32mconf=0.9019[0m [1;36mexit_time=23:34:55[0m [1;33mpnl=-0.00000000 bps=-0.00000000 pct=-0.00000000% total=0.94976[0m
mode=OFF radar_adj=0 mom= conf=0
[1;36m23:35:04[0m [1;33mx5[0m [1;36m#514[0m SKIP tension=[1;36m0.00006454[0m [0m| momentum_too_small [1;31mconf=0.0001[0m
mode=OFF radar_adj=0 mom= conf=0
[1;36m23:35:13[0m [1;33mx5[0m [1;36m#515[0m SKIP tension=[1;36m0.00019677[0m [0m| momentum_too_small [1;31mconf=0.0003[0m
mode=OFF radar_adj=0 mom= conf=0
[1;36m23:35:21[0m [1;33mx5[0m [1;36m#516[0m SKIP tension=[1;36m0.00828445[0m [0m| momentum_too_small [1;31mconf=0.0125[0m
mode=OFF radar_adj=0 mom= conf=0
[1;36m23:35:29[0m [1;33mx5[0m [1;36m#517[0m SKIP tension=[1;36m0.00005521[0m [0m| momentum_too_small [1;31mconf=0.0001[0m
mode=OFF radar_adj=0 mom= conf=0
[1;36m23:35:36[0m [1;33mx5[0m [1;36m#518[0m SKIP tension=[1;36m0.00003854[0m [0m| momentum_too_small [1;31mconf=0.0001[0m
mode=OFF radar_adj=0 mom= conf=0
[1;36m23:35:44[0m [1;33mx5[0m [1;36m#519[0m SKIP tension=[1;36m0.00003960[0m [0m| momentum_too_small [1;31mconf=0.0001[0m
mode=OFF radar_adj=0 mom= conf=0
[1;36m23:35:51[0m [1;33mx5[0m [1;36m#520[0m SKIP tension=[1;36m0.00004274[0m [0m| momentum_too_small [1;31mconf=0.0001[0m
mode=OFF radar_adj=0 mom= conf=0
[1;36m23:36:00[0m [1;33mx5[0m [1;36m#521[0m SKIP tension=[1;36m0.00003545[0m [0m| momentum_too_small [1;31mconf=0.0001[0m
mode=OFF radar_adj=0 mom= conf=0
[1;36m23:36:08[0m [1;33mx5[0m [1;36m#522[0m SKIP tension=[1;36m0.00019393[0m [0m| momentum_too_small [1;31mconf=0.0003[0m
mode=OFF radar_adj=0 mom= conf=0
[1;36m23:36:16[0m [1;33mx5[0m [1;36m#523[0m SKIP tension=[1;36m0.00003437[0m [0m| momentum_too_small [1;31mconf=0.0001[0m
mode=OFF radar_adj=0 mom= conf=0
[1;36m23:36:28[0m [1;33mx5[0m [1;36m#524[0m SKIP tension=[1;36m0.00004479[0m [0m| momentum_too_small [1;31mconf=0.0001[0m
mode=OFF radar_adj=0 mom= conf=0
[1;36m23:36:36[0m [1;33mx5[0m [1;36m#525[0m SKIP tension=[1;36m0.00004484[0m [0m| momentum_too_small [1;31mconf=0.0001[0m
mode=OFF radar_adj=0 mom= conf=0
[1;36m23:36:44[0m [1;33mx5[0m [1;36m#526[0m SKIP tension=[1;36m0.00264668[0m [0m| momentum_too_small [1;31mconf=0.004[0m
mode=OFF radar_adj=0 mom= conf=0
[1;36m23:36:52[0m [1;33mx5[0m [1;36m#527[0m SKIP tension=[1;36m0.00008455[0m [0m| momentum_too_small [1;31mconf=0.0001[0m
mode=OFF radar_adj=0 mom= conf=0
[1;36m23:37:00[0m [1;33mx5[0m [1;36m#528[0m SKIP tension=[1;36m0.00004081[0m [0m| momentum_too_small [1;31mconf=0.0001[0m
mode=OFF radar_adj=0 mom= conf=0
[1;36m23:37:09[0m [1;33mx5[0m [1;36m#529[0m SKIP tension=[1;36m0.00009881[0m [0m| momentum_too_small [1;31mconf=0.0001[0m
mode=OFF radar_adj=0 mom= conf=0
[1;36m23:37:17[0m [1;33mx5[0m [1;36m#530[0m SKIP tension=[1;36m0.00001151[0m [0m| momentum_too_small [1;31mconf=0.0[0m
mode=OFF radar_adj=0 mom= conf=0
[1;36m23:37:25[0m [1;33mx5[0m [1;36m#531[0m SKIP tension=[1;36m0.00003454[0m [0m| momentum_too_small [1;31mconf=0.0001[0m
mode=OFF radar_adj=0 mom= conf=0
[1;36m23:37:33[0m [1;33mx5[0m [1;36m#532[0m SKIP tension=[1;36m0.00002506[0m [0m| momentum_too_small [1;31mconf=0.0[0m
mode=OFF radar_adj=0 mom= conf=0
[1;36m23:37:41[0m [1;33mx5[0m [1;36m#533[0m SKIP tension=[1;36m0.00000835[0m [0m| momentum_too_small [1;31mconf=0.0[0m
mode=OFF radar_adj=0 mom= conf=0
[1;36m23:37:50[0m [1;33mx5[0m [1;36m#534[0m SKIP tension=[1;36m0.00006890[0m [0m| momentum_too_small [1;31mconf=0.0001[0m
mode=OFF radar_adj=0 mom= conf=0
[1;36m23:37:58[0m [1;33mx5[0m [1;36m#535[0m SKIP tension=[1;36m0.00001464[0m [0m| momentum_too_small [1;31mconf=0.0[0m
mode=OFF radar_adj=0 mom= conf=0
[1;36m23:38:06[0m [1;33mx5[0m [1;36m#536[0m SKIP tension=[1;36m0.00006173[0m [0m| momentum_too_small [1;31mconf=0.0001[0m
mode=OFF radar_adj=0 mom= conf=0
[1;36m23:38:16[0m [1;33mx5[0m [1;36m#537[0m SKIP tension=[1;36m0.00004394[0m [0m| momentum_too_small [1;31mconf=0.0001[0m
mode=OFF radar_adj=0 mom= conf=0
[1;36m23:38:24[0m [1;33mx5[0m [1;36m#538[0m SKIP tension=[1;36m0.00005232[0m [0m| momentum_too_small [1;31mconf=0.0001[0m
mode=OFF radar_adj=0 mom= conf=0
[1;36m23:38:33[0m [1;33mx5[0m [1;36m#539[0m SKIP tension=[1;36m0.00807239[0m [0m| momentum_too_small [1;31mconf=0.0121[0m
mode=OFF radar_adj=0 mom= conf=0
[1;36m23:38:41[0m [1;33mx5[0m [1;36m#540[0m SKIP tension=[1;36m0.74954230[0m [0m| wall_not_collapsed
mode=OFF radar_adj=0 mom= conf=0
[1;36m23:38:49[0m [1;33mx5[0m [1;36m#541[0m SKIP tension=[1;36m0.00001709[0m [0m| momentum_too_small [1;31mconf=0.0[0m
mode=OFF radar_adj=0 mom= conf=0
[1;36m23:38:57[0m [1;33mx5[0m [1;36m#542[0m SKIP tension=[1;36m0.00002932[0m [0m| momentum_too_small [1;31mconf=0.0[0m
mode=OFF radar_adj=0 mom= conf=0
[1;36m23:39:06[0m [1;33mx5[0m [1;36m#543[0m SKIP tension=[1;36m0.00002564[0m [0m| momentum_too_small [1;31mconf=0.0[0m
mode=OFF radar_adj=0 mom= conf=0
[1;36m23:39:14[0m [1;33mx5[0m [1;36m#544[0m SKIP tension=[1;36m0.00011236[0m [0m| momentum_too_small [1;31mconf=0.0002[0m
mode=OFF radar_adj=0 mom= conf=0
[1;36m23:39:22[0m [1;33mx5[0m [1;36m#545[0m SKIP tension=[1;36m0.00000000[0m [0m| momentum_too_small [1;31mconf=0.3157[0m
mode=OFF radar_adj=0 mom= conf=0
[1;36m23:39:30[0m [1;33mx5[0m [1;36m#546[0m SKIP tension=[1;36m0.00008722[0m [0m| momentum_too_small [1;31mconf=0.0001[0m
mode=OFF radar_adj=0 mom= conf=0
[1;36m23:39:38[0m [1;33mx5[0m [1;36m#547[0m SKIP tension=[1;36m0.00116220[0m [0m| momentum_too_small [1;31mconf=0.0017[0m
mode=OFF radar_adj=0 mom= conf=0
[1;36m23:39:46[0m [1;33mx5[0m [1;36m#548[0m SKIP tension=[1;36m0.00005805[0m [0m| momentum_too_small [1;31mconf=0.0001[0m
mode=OFF radar_adj=0 mom= conf=0
[1;36m23:39:54[0m [1;33mx5[0m [1;36m#549[0m SKIP tension=[1;36m0.00005488[0m [0m| momentum_too_small [1;31mconf=0.0001[0m
mode=OFF radar_adj=0 mom= conf=0
[1;36m23:40:02[0m [1;33mx5[0m [1;36m#550[0m SKIP tension=[1;36m0.00006755[0m [0m| momentum_too_small [1;31mconf=0.0001[0m
mode=OFF radar_adj=0 mom= conf=0
[1;36m23:40:09[0m [1;33mx5[0m [1;36m#551[0m SKIP tension=[1;36m0.00002428[0m [0m| momentum_too_small [1;31mconf=0.0[0m
mode=OFF radar_adj=0 mom= conf=0
[1;36m23:40:17[0m [1;33mx5[0m [1;36m#552[0m SKIP tension=[1;36m0.00001710[0m [0m| momentum_too_small [1;31mconf=0.0[0m
mode=OFF radar_adj=0 mom= conf=0
[1;36m23:40:25[0m [1;33mx5[0m [1;36m#553[0m SKIP tension=[1;36m0.00002111[0m [0m| momentum_too_small [1;31mconf=0.0[0m
mode=OFF radar_adj=0 mom= conf=0
[1;36m23:40:33[0m [1;33mx5[0m [1;36m#554[0m SKIP tension=[1;36m0.00019740[0m [0m| momentum_too_small [1;31mconf=0.0003[0m
mode=OFF radar_adj=0 mom= conf=0
[1;36m23:40:40[0m [1;33mx5[0m [1;36m#555[0m SKIP tension=[1;36m0.00012034[0m [0m| momentum_too_small [1;31mconf=0.0002[0m
mode=OFF radar_adj=0 mom= conf=0
[1;36m23:40:49[0m [1;33mx5[0m [1;36m#556[0m SKIP tension=[1;36m0.00001882[0m [0m| momentum_too_small [1;31mconf=0.0[0m
mode=OFF radar_adj=0 mom= conf=0
[1;36m23:40:57[0m [1;33mx5[0m [1;36m#557[0m SKIP tension=[1;36m0.00002567[0m [0m| momentum_too_small [1;31mconf=0.0[0m
mode=OFF radar_adj=0 mom= conf=0
[1;36m23:41:05[0m [1;33mx5[0m [1;36m#558[0m SKIP tension=[1;36m0.00006862[0m [0m| momentum_too_small [1;31mconf=0.0001[0m
mode=OFF radar_adj=0 mom= conf=0
[1;36m23:41:12[0m [1;33mx5[0m [1;36m#559[0m SKIP tension=[1;36m0.00000000[0m [0m| momentum_too_small [1;31mconf=0.3271[0m
mode=OFF radar_adj=0 mom= conf=0
[1;36m23:41:20[0m [1;33mx5[0m [1;36m#560[0m SKIP tension=[1;36m0.00001527[0m [0m| momentum_too_small [1;31mconf=0.0[0m
mode=OFF radar_adj=0 mom= conf=0
[1;36m23:41:28[0m [1;33mx5[0m [1;36m#561[0m SKIP tension=[1;36m0.00005610[0m [0m| momentum_too_small [1;31mconf=0.0001[0m
mode=OFF radar_adj=0 mom= conf=0
[1;36m23:41:36[0m [1;33mx5[0m [1;36m#562[0m SKIP tension=[1;36m0.00000000[0m [0m| momentum_too_small [1;31mconf=0.3157[0m
mode=OFF radar_adj=0 mom= conf=0
[1;36m23:41:44[0m [1;33mx5[0m [1;36m#563[0m SKIP tension=[1;36m0.00001058[0m [0m| momentum_too_small [1;31mconf=0.0[0m
mode=OFF radar_adj=0 mom= conf=0
[1;36m23:41:52[0m [1;33mx5[0m [1;36m#564[0m SKIP tension=[1;33m0.87954948[0m [0m| wall_not_collapsed
mode=OFF radar_adj=0 mom= conf=0
[1;36m23:41:59[0m [1;33mx5[0m [1;36m#565[0m SKIP tension=[1;36m0.00003847[0m [0m| momentum_too_small [1;31mconf=0.0001[0m
mode=OFF radar_adj=0 mom= conf=0
[1;36m23:42:07[0m [1;33mx5[0m [1;36m#566[0m SKIP tension=[1;36m0.00123930[0m [0m| momentum_too_small [1;31mconf=0.0019[0m
mode=OFF radar_adj=0 mom= conf=0
[1;36m23:42:14[0m [1;33mx5[0m [1;36m#567[0m SKIP tension=[1;36m0.03866756[0m [0m| direction_unclear [1;31mconf=0.0581[0m
mode=OFF radar_adj=0 mom= conf=0
[1;36m23:42:24[0m [1;33mx5[0m [1;36m#568[0m SKIP tension=[1;36m0.00000000[0m [0m| momentum_too_small [1;31mconf=0.3157[0m
mode=OFF radar_adj=0 mom= conf=0
[1;36m23:42:33[0m [1;33mx5[0m [1;36m#569[0m SKIP tension=[1;36m0.00005273[0m [0m| momentum_too_small [1;31mconf=0.0001[0m
mode=OFF radar_adj=0 mom= conf=0
[1;36m23:42:41[0m [1;33mx5[0m [1;36m#570[0m SKIP tension=[1;36m0.00007517[0m [0m| momentum_too_small [1;31mconf=0.0001[0m
mode=OFF radar_adj=0 mom= conf=0
[1;36m23:42:50[0m [1;33mx5[0m [1;36m#571[0m SKIP tension=[1;36m0.00009751[0m [0m| momentum_too_small [1;31mconf=0.0002[0m
mode=OFF radar_adj=0 mom= conf=0
[1;36m23:42:57[0m [1;33mx5[0m [1;36m#572[0m SKIP tension=[1;36m0.00000000[0m [0m| momentum_too_small [1;31mconf=0.3446[0m
mode=OFF radar_adj=0 mom= conf=0
[1;36m23:43:06[0m [1;33mx5[0m [1;36m#573[0m SKIP tension=[1;36m0.00006510[0m [0m| momentum_too_small [1;31mconf=0.0001[0m
mode=OFF radar_adj=0 mom= conf=0
[1;36m23:43:14[0m [1;33mx5[0m [1;36m#574[0m SKIP tension=[1;36m0.00006730[0m [0m| momentum_too_small [1;31mconf=0.0001[0m
mode=OFF radar_adj=0 mom= conf=0
[1;36m23:43:21[0m [1;33mx5[0m [1;36m#575[0m SKIP tension=[1;36m0.00007097[0m [0m| momentum_too_small [1;31mconf=0.0001[0m
mode=OFF radar_adj=0 mom= conf=0
[1;36m23:43:30[0m [1;33mx5[0m [1;36m#576[0m SKIP tension=[1;33m0.92988392[0m [0m| wall_not_collapsed
mode=OFF radar_adj=0 mom= conf=0
[1;36m23:43:38[0m [1;33mx5[0m [1;36m#577[0m SKIP tension=[1;36m0.00092408[0m [0m| momentum_too_small [1;31mconf=0.0014[0m
mode=OFF radar_adj=0 mom= conf=0
[1;36m23:43:45[0m [1;33mx5[0m [1;36m#578[0m SKIP tension=[1;36m0.00084754[0m [0m| momentum_too_small [1;31mconf=0.0011[0m
mode=OFF radar_adj=0 mom= conf=0
[1;36m23:43:53[0m [1;33mx5[0m [1;36m#579[0m SKIP tension=[1;36m0.00000198[0m [0m| momentum_too_small [1;31mconf=0.0[0m
mode=OFF radar_adj=0 mom= conf=0
[1;36m23:44:01[0m [1;33mx5[0m [1;36m#580[0m SKIP tension=[1;36m0.00000688[0m [0m| momentum_too_small [1;31mconf=0.0[0m
mode=OFF radar_adj=0 mom= conf=0
[1;36m23:44:09[0m [1;33mx5[0m [1;36m#581[0m SKIP tension=[1;36m0.00000764[0m [0m| momentum_too_small [1;31mconf=0.0[0m
mode=OFF radar_adj=0 mom= conf=0
[1;36mentry=23:44:21@64863.20000000[0m [1;33mx5[0m [1;36m#582[0m [1;32mSELL[0m tension=[1;31m4.75605644[0m hold=[1;36m6[0ms sec=[1;36m6[0m [0m| exit=64862.40000000 [1;33mconf=0.5398[0m [1;36mexit_time=23:44:28[0m [1;32mpnl=0.01232000 bps=0.12333650 pct=0.00123336% total=0.96208[0m
mode=OFF radar_adj=0 mom= conf=0
[1;36mCycle 583[0m [1;32mSOFT anomaly[0m [1;33m| pnl_abs=0.07719000 > 0.02500000[0m
[1;36mentry=23:44:42@64821.10000000[0m [1;33mx5[0m [1;36m#583[0m [1;32mSELL[0m tension=[1;32m1.37758668[0m hold=[1;36m9[0ms sec=[1;36m9[0m [0m| exit=64818.00000000 [1;33mconf=0.6425[0m [1;36mexit_time=23:44:51[0m [1;32mpnl=0.07719000 bps=0.47823934 pct=0.00478239% total=1.0392700000000001[0m
mode=OFF radar_adj=0 mom= conf=0
[1;36m23:45:01[0m [1;33mx5[0m [1;36m#584[0m SKIP tension=[1;36m0.00000000[0m [0m| momentum_too_small [1;31mconf=0.3493[0m
mode=OFF radar_adj=0 mom= conf=0
[1;36m23:45:08[0m [1;33mx5[0m [1;36m#585[0m SKIP tension=[1;36m0.00082721[0m [0m| momentum_too_small [1;31mconf=0.0014[0m
mode=OFF radar_adj=0 mom= conf=0
[1;36m23:45:21[0m [1;33mx5[0m [1;36m#586[0m SKIP tension=[1;36m0.00228930[0m [0m| momentum_too_small [1;31mconf=0.0038[0m
mode=OFF radar_adj=0 mom= conf=0
[1;36m23:45:30[0m [1;33mx5[0m [1;36m#587[0m SKIP tension=[1;36m0.00000000[0m [0m| momentum_too_small [1;31mconf=0.3493[0m
mode=OFF radar_adj=0 mom= conf=0
[1;36m23:45:39[0m [1;33mx5[0m [1;36m#588[0m SKIP tension=[1;36m0.00005601[0m [0m| momentum_too_small [1;31mconf=0.0001[0m
mode=OFF radar_adj=0 mom= conf=0
[1;36m23:45:47[0m [1;33mx5[0m [1;36m#589[0m SKIP tension=[1;36m0.00000000[0m [0m| momentum_too_small [1;31mconf=0.3233[0m
mode=OFF radar_adj=0 mom= conf=0
[1;36m23:45:55[0m [1;33mx5[0m [1;36m#590[0m SKIP tension=[1;32m1.53439852[0m [0m| tactic long vs short
mode=OFF radar_adj=0 mom= conf=0
[1;36m23:46:03[0m [1;33mx5[0m [1;36m#591[0m SKIP tension=[1;36m0.00024681[0m [0m| momentum_too_small [1;31mconf=0.0003[0m
mode=OFF radar_adj=0 mom= conf=0
[1;36mentry=23:46:16@64792.10000000[0m [1;33mx5[0m [1;36m#592[0m [1;33mSELL[0m tension=[1;31m2.56386322[0m hold=[1;36m6[0ms sec=[1;36m6[0m [0m| exit=64792.10000000 [1;32mconf=0.9392[0m [1;36mexit_time=23:46:22[0m [1;33mpnl=-0.00000000 bps=-0.00000000 pct=-0.00000000% total=1.0392700000000001[0m
mode=OFF radar_adj=0 mom= conf=0
[1;36m23:46:32[0m [1;33mx5[0m [1;36m#593[0m SKIP tension=[1;36m0.11879428[0m [0m| direction_unclear [1;31mconf=0.1508[0m
mode=OFF radar_adj=0 mom= conf=0
[1;36m23:46:40[0m [1;33mx5[0m [1;36m#594[0m SKIP tension=[1;36m0.00000448[0m [0m| momentum_too_small [1;31mconf=0.0[0m
mode=OFF radar_adj=0 mom= conf=0
[1;36m23:46:47[0m [1;33mx5[0m [1;36m#595[0m SKIP tension=[1;32m1.58716001[0m [0m| tactic long vs short
mode=OFF radar_adj=0 mom= conf=0
[1;36m23:46:55[0m [1;33mx5[0m [1;36m#596[0m SKIP tension=[1;36m0.00000134[0m [0m| momentum_too_small [1;31mconf=0.0[0m
mode=OFF radar_adj=0 mom= conf=0
[1;36m23:47:04[0m [1;33mx5[0m [1;36m#597[0m SKIP tension=[1;36m0.00002381[0m [0m| momentum_too_small [1;31mconf=0.0[0m
mode=OFF radar_adj=0 mom= conf=0
[1;36m23:47:12[0m [1;33mx5[0m [1;36m#598[0m SKIP tension=[1;36m0.00000000[0m [0m| momentum_too_small [1;31mconf=0.3311[0m
mode=OFF radar_adj=0 mom= conf=0
[1;36m23:47:20[0m [1;33mx5[0m [1;36m#599[0m SKIP tension=[1;36m0.00003055[0m [0m| momentum_too_small [1;31mconf=0.0[0m
mode=OFF radar_adj=0 mom= conf=0
[1;36m23:47:28[0m [1;33mx5[0m [1;36m#600[0m SKIP tension=[1;36m0.00005041[0m [0m| momentum_too_small [1;31mconf=0.0001[0m
mode=OFF radar_adj=0 mom= conf=0
[1;36m23:47:36[0m [1;33mx5[0m [1;36m#601[0m SKIP tension=[1;36m0.00000000[0m [0m| momentum_too_small [1;31mconf=0.2923[0m
mode=OFF radar_adj=0 mom= conf=0
[1;36m23:47:43[0m [1;33mx5[0m [1;36m#602[0m SKIP tension=[1;36m0.39639609[0m [0m| wall_not_collapsed
mode=OFF radar_adj=0 mom= conf=0
[1;36m23:47:51[0m [1;33mx5[0m [1;36m#603[0m SKIP tension=[1;36m0.40688830[0m [0m| wall_not_collapsed
mode=OFF radar_adj=0 mom= conf=0
[1;36m23:48:00[0m [1;33mx5[0m [1;36m#604[0m SKIP tension=[1;36m0.53389518[0m [0m| wall_not_collapsed
mode=OFF radar_adj=0 mom= conf=0
[1;36m23:48:09[0m [1;33mx5[0m [1;36m#605[0m SKIP tension=[1;36m0.00001540[0m [0m| spread_too_wide [1;31mconf=0.0[0m
mode=OFF radar_adj=0 mom= conf=0
[1;36m23:48:22[0m [1;33mx5[0m [1;36m#606[0m SKIP tension=[1;36m0.01648413[0m [0m| direction_unclear [1;31mconf=0.0154[0m
mode=OFF radar_adj=0 mom= conf=0
[1;36m23:48:29[0m [1;33mx5[0m [1;36m#607[0m SKIP tension=[1;36m0.00006588[0m [0m| spread_too_wide [1;31mconf=0.0001[0m
mode=OFF radar_adj=0 mom= conf=0
[1;36m23:48:37[0m [1;33mx5[0m [1;36m#608[0m SKIP tension=[1;33m0.99696556[0m [0m| wall_not_collapsed
mode=OFF radar_adj=0 mom= conf=0
shockwave beta->alpha until_cycle=619
[1;33mSWARM shockwave[0m [0m| beta -> neighbor (shock_inversion_stop)[0m
[1;36mentry=23:48:50@64840.00000000[0m [1;33mx5[0m [1;36m#609[0m [1;31mSELL[0m tension=[1;32m1.83027719[0m hold=[1;36m6[0ms sec=[1;36m6[0m [0m| exit=64841.00000000 [1;33mconf=0.5181[0m [1;36mexit_time=23:48:57[0m [1;31mpnl=-0.01240000 bps=-0.15422579 pct=-0.00154226% total=1.0268700000000002[0m
mode=OFF radar_adj=0 mom= conf=0
[1;36m23:49:07[0m [1;33mx5[0m [1;36m#610[0m SKIP tension=[1;31m7.67580645[0m [0m| spread_too_wide [1;33mconf=0.5[0m
mode=OFF radar_adj=0 mom= conf=0
[1;36m23:49:15[0m [1;33mx5[0m [1;36m#611[0m SKIP tension=[1;36m0.13848339[0m [0m| spread_too_wide [1;31mconf=0.1154[0m
mode=OFF radar_adj=0 mom= conf=0
[1;36m23:49:23[0m [1;33mx5[0m [1;36m#612[0m SKIP tension=[1;36m0.01994311[0m [0m| spread_too_wide [1;31mconf=0.0166[0m
mode=OFF radar_adj=0 mom= conf=0
[1;36m23:49:31[0m [1;33mx5[0m [1;36m#613[0m SKIP tension=[1;36m0.00001809[0m [0m| spread_too_wide [1;31mconf=0.0[0m
mode=OFF radar_adj=0 mom= conf=0
[1;36m23:49:39[0m [1;33mx5[0m [1;36m#614[0m SKIP tension=[1;36m0.00081528[0m [0m| momentum_too_small [1;31mconf=0.0008[0m
mode=OFF radar_adj=0 mom= conf=0
[1;36m23:49:47[0m [1;33mx5[0m [1;36m#615[0m SKIP tension=[1;36m0.00000000[0m [0m| momentum_too_small [1;31mconf=0.1902[0m
mode=OFF radar_adj=0 mom= conf=0
[1;36m23:49:55[0m [1;33mx5[0m [1;36m#616[0m SKIP tension=[1;36m0.00077398[0m [0m| momentum_too_small [1;31mconf=0.0011[0m
mode=OFF radar_adj=0 mom= conf=0
[1;36m23:50:07[0m [1;33mx5[0m [1;36m#617[0m SKIP tension=[1;32m1.91483437[0m [0m| spread_too_wide [1;33mconf=0.5[0m
mode=OFF radar_adj=0 mom= conf=0
[1;36m23:50:16[0m [1;33mx5[0m [1;36m#618[0m SKIP tension=[1;36m0.00000000[0m [0m| spread_too_wide [1;31mconf=0.0[0m
mode=OFF radar_adj=0 mom= conf=0
[1;36mCycle 619[0m [1;32mSOFT anomaly[0m [1;33m| pnl_abs=0.20444000 > 0.02500000[0m
[1;36mentry=23:50:28@64823.00000000[0m [1;33mx5[0m [1;36m#619[0m [1;32mSELL[0m tension=[1;31m2.79711584[0m hold=[1;36m7[0ms sec=[1;36m7[0m [0m| exit=64796.10000000 [1;33mconf=0.7975[0m [1;36mexit_time=23:50:35[0m [1;32mpnl=0.20444000 bps=4.14976166 pct=0.04149762% total=1.2313100000000001[0m
mode=OFF radar_adj=0 mom= conf=0
[1;36m23:50:44[0m [1;33mx5[0m [1;36m#620[0m SKIP tension=[1;36m0.00017314[0m [0m| momentum_too_small [1;31mconf=0.0003[0m
mode=OFF radar_adj=0 mom= conf=0
[1;36m23:50:52[0m [1;33mx5[0m [1;36m#621[0m SKIP tension=[1;36m0.00000000[0m [0m| momentum_too_small [1;31mconf=0.347[0m
mode=OFF radar_adj=0 mom= conf=0
[1;36m23:51:00[0m [1;33mx5[0m [1;36m#622[0m SKIP tension=[1;36m0.00005042[0m [0m| momentum_too_small [1;31mconf=0.0001[0m
mode=OFF radar_adj=0 mom= conf=0
[1;36m23:51:08[0m [1;33mx5[0m [1;36m#623[0m SKIP tension=[1;36m0.00001678[0m [0m| momentum_too_small [1;31mconf=0.0[0m
mode=OFF radar_adj=0 mom= conf=0
[1;36m23:51:16[0m [1;33mx5[0m [1;36m#624[0m SKIP tension=[1;36m0.00018538[0m [0m| momentum_too_small [1;31mconf=0.0003[0m
mode=OFF radar_adj=0 mom= conf=0
[1;36m23:51:24[0m [1;33mx5[0m [1;36m#625[0m SKIP tension=[1;36m0.00099954[0m [0m| momentum_too_small [1;31mconf=0.0016[0m
mode=OFF radar_adj=0 mom= conf=0
[1;36m23:51:32[0m [1;33mx5[0m [1;36m#626[0m SKIP tension=[1;36m0.00004644[0m [0m| momentum_too_small [1;31mconf=0.0001[0m
mode=OFF radar_adj=0 mom= conf=0
[1;36m23:51:40[0m [1;33mx5[0m [1;36m#627[0m SKIP tension=[1;36m0.00000641[0m [0m| momentum_too_small [1;31mconf=0.0[0m
mode=OFF radar_adj=0 mom= conf=0
[1;36mentry=23:51:53@64776.50000000[0m [1;33mx5[0m [1;36m#628[0m [1;33mSELL[0m tension=[1;32m1.00089243[0m hold=[1;36m6[0ms sec=[1;36m6[0m [0m| exit=64776.50000000 [1;32mconf=0.9691[0m [1;36mexit_time=23:51:59[0m [1;33mpnl=-0.00000000 bps=-0.00000000 pct=-0.00000000% total=1.2313100000000001[0m
mode=OFF radar_adj=0 mom= conf=0
[1;36m23:52:09[0m [1;33mx5[0m [1;36m#629[0m SKIP tension=[1;36m0.00000000[0m [0m| momentum_too_small [1;31mconf=0.3392[0m
mode=OFF radar_adj=0 mom= conf=0
[1;36m23:52:16[0m [1;33mx5[0m [1;36m#630[0m SKIP tension=[1;36m0.30436684[0m [0m| wall_not_collapsed
mode=OFF radar_adj=0 mom= conf=0
[1;36m23:52:24[0m [1;33mx5[0m [1;36m#631[0m SKIP tension=[1;36m0.21430467[0m [0m| wall_not_collapsed
mode=OFF radar_adj=0 mom= conf=0
[1;36m23:52:33[0m [1;33mx5[0m [1;36m#632[0m SKIP tension=[1;36m0.00000000[0m [0m| momentum_too_small [1;31mconf=0.3392[0m
mode=OFF radar_adj=0 mom= conf=0
shockwave beta->alpha until_cycle=643
[1;33mSWARM shockwave[0m [0m| beta -> neighbor (fluid_exit_inversion)[0m
[1;36mentry=23:52:45@64776.50000000[0m [1;33mx5[0m [1;36m#633[0m [1;31mSELL[0m tension=[1;32m1.26224883[0m hold=[1;36m7[0ms sec=[1;36m7[0m [0m| exit=64778.20000000 [1;32mconf=0.9691[0m [1;36mexit_time=23:52:52[0m [1;31mpnl=-0.02108000 bps=-0.26244085 pct=-0.00262441% total=1.2102300000000001[0m
mode=OFF radar_adj=0 mom= conf=0
[1;36m23:53:02[0m [1;33mx5[0m [1;36m#634[0m SKIP tension=[1;36m0.00002909[0m [0m| momentum_too_small [1;31mconf=0.0[0m
mode=OFF radar_adj=0 mom= conf=0
[1;36m23:53:09[0m [1;33mx5[0m [1;36m#635[0m SKIP tension=[1;36m0.00001032[0m [0m| momentum_too_small [1;31mconf=0.0[0m
mode=OFF radar_adj=0 mom= conf=0
[1;36m23:53:17[0m [1;33mx5[0m [1;36m#636[0m SKIP tension=[1;36m0.00000000[0m [0m| momentum_too_small [1;31mconf=0.3416[0m
mode=OFF radar_adj=0 mom= conf=0
[1;36m23:53:25[0m [1;33mx5[0m [1;36m#637[0m SKIP tension=[1;36m0.00005172[0m [0m| momentum_too_small [1;31mconf=0.0001[0m
mode=OFF radar_adj=0 mom= conf=0
[1;36m23:53:38[0m [1;33mx5[0m [1;36m#638[0m SKIP tension=[1;36m0.00000000[0m [0m| momentum_too_small [1;31mconf=0.3264[0m
mode=OFF radar_adj=0 mom= conf=0
[1;36m23:53:47[0m [1;33mx5[0m [1;36m#639[0m SKIP tension=[1;36m0.00000950[0m [0m| momentum_too_small [1;31mconf=0.0[0m
mode=OFF radar_adj=0 mom= conf=0
[1;36m23:53:55[0m [1;33mx5[0m [1;36m#640[0m SKIP tension=[1;36m0.00001003[0m [0m| momentum_too_small [1;31mconf=0.0[0m
mode=OFF radar_adj=0 mom= conf=0
[1;36m23:54:03[0m [1;33mx5[0m [1;36m#641[0m SKIP tension=[1;36m0.00001609[0m [0m| momentum_too_small [1;31mconf=0.0[0m
mode=OFF radar_adj=0 mom= conf=0
[1;36mentry=23:54:20@64771.80000000[0m [1;33mx5[0m [1;36m#642[0m [1;33mSELL[0m tension=[1;32m1.03208309[0m hold=[1;36m6[0ms sec=[1;36m6[0m [0m| exit=64771.80000000 [1;32mconf=0.9595[0m [1;36mexit_time=23:54:26[0m [1;33mpnl=-0.00000000 bps=-0.00000000 pct=-0.00000000% total=1.2102300000000001[0m
mode=OFF radar_adj=0 mom= conf=0
[1;36m23:54:37[0m [1;33mx5[0m [1;36m#643[0m SKIP tension=[1;36m0.00067584[0m [0m| momentum_too_small [1;31mconf=0.0011[0m
mode=OFF radar_adj=0 mom= conf=0
[1;36m23:54:45[0m [1;33mx5[0m [1;36m#644[0m SKIP tension=[1;36m0.00001632[0m [0m| momentum_too_small [1;31mconf=0.0[0m
mode=OFF radar_adj=0 mom= conf=0
[1;36m23:54:53[0m [1;33mx5[0m [1;36m#645[0m SKIP tension=[1;36m0.49130537[0m [0m| wall_not_collapsed
mode=OFF radar_adj=0 mom= conf=0
[1;36mentry=23:55:05@64770.10000000[0m [1;33mx5[0m [1;36m#646[0m [1;32mSELL[0m tension=[1;32m1.11785854[0m hold=[1;36m8[0ms sec=[1;36m8[0m [0m| exit=64768.70000000 [1;32mconf=0.9141[0m [1;36mexit_time=23:55:13[0m [1;32mpnl=0.02156000 bps=0.21614912 pct=0.00216149% total=1.2317900000000002[0m
mode=OFF radar_adj=0 mom= conf=0
[1;36m23:55:22[0m [1;33mx5[0m [1;36m#647[0m SKIP tension=[1;36m0.00001920[0m [0m| momentum_too_small [1;31mconf=0.0[0m
mode=OFF radar_adj=0 mom= conf=0
[1;36m23:55:30[0m [1;33mx5[0m [1;36m#648[0m SKIP tension=[1;36m0.00058299[0m [0m| momentum_too_small [1;31mconf=0.0009[0m
mode=OFF radar_adj=0 mom= conf=0
[1;36m23:55:38[0m [1;33mx5[0m [1;36m#649[0m SKIP tension=[1;36m0.00000000[0m [0m| momentum_too_small [1;31mconf=0.3118[0m
mode=OFF radar_adj=0 mom= conf=0
[1;36m23:55:47[0m [1;33mx5[0m [1;36m#650[0m SKIP tension=[1;36m0.00000000[0m [0m| momentum_too_small [1;31mconf=0.3118[0m
mode=OFF radar_adj=0 mom= conf=0
[1;36m23:55:55[0m [1;33mx5[0m [1;36m#651[0m SKIP tension=[1;36m0.00000000[0m [0m| momentum_too_small [1;31mconf=0.3118[0m
mode=OFF radar_adj=0 mom= conf=0
[1;36m23:56:03[0m [1;33mx5[0m [1;36m#652[0m SKIP tension=[1;36m0.00000000[0m [0m| momentum_too_small [1;31mconf=0.3031[0m
mode=OFF radar_adj=0 mom= conf=0
shockwave beta->alpha until_cycle=663
[1;33mSWARM shockwave[0m [0m| beta -> neighbor (shock_inversion_stop)[0m
[1;36mentry=23:56:15@64766.10000000[0m [1;33mx5[0m [1;36m#653[0m [1;31mSELL[0m tension=[1;31m10.98209675[0m hold=[1;36m11[0ms sec=[1;36m11[0m [0m| exit=64766.20000000 [1;32mconf=0.999[0m [1;36mexit_time=23:56:26[0m [1;31mpnl=-0.00154000 bps=-0.01544018 pct=-0.00015440% total=1.23025[0m
mode=OFF radar_adj=0 mom= conf=0
[1;36m23:56:36[0m [1;33mx5[0m [1;36m#654[0m SKIP tension=[1;36m0.00000000[0m [0m| momentum_too_small [1;31mconf=0.3378[0m
mode=OFF radar_adj=0 mom= conf=0
[1;36m23:56:45[0m [1;33mx5[0m [1;36m#655[0m SKIP tension=[1;36m0.00000000[0m [0m| momentum_too_small [1;31mconf=0.3426[0m
mode=OFF radar_adj=0 mom= conf=0
[1;36m23:56:53[0m [1;33mx5[0m [1;36m#656[0m SKIP tension=[1;36m0.00000762[0m [0m| momentum_too_small [1;31mconf=0.0[0m
mode=OFF radar_adj=0 mom= conf=0
[1;36m23:57:00[0m [1;33mx5[0m [1;36m#657[0m SKIP tension=[1;36m0.00000000[0m [0m| momentum_too_small [1;31mconf=0.3405[0m
mode=OFF radar_adj=0 mom= conf=0
[1;36m23:57:08[0m [1;33mx5[0m [1;36m#658[0m SKIP tension=[1;36m0.00002610[0m [0m| momentum_too_small [1;31mconf=0.0[0m
mode=OFF radar_adj=0 mom= conf=0
[1;36m23:57:16[0m [1;33mx5[0m [1;36m#659[0m SKIP tension=[1;36m0.00005500[0m [0m| momentum_too_small [1;31mconf=0.0001[0m
mode=OFF radar_adj=0 mom= conf=0
[1;36m23:57:25[0m [1;33mx5[0m [1;36m#660[0m SKIP tension=[1;36m0.00000000[0m [0m| momentum_too_small [1;31mconf=0.3405[0m
mode=OFF radar_adj=0 mom= conf=0
[1;36m23:57:32[0m [1;33mx5[0m [1;36m#661[0m SKIP tension=[1;36m0.00000000[0m [0m| momentum_too_small [1;31mconf=0.3378[0m
mode=OFF radar_adj=0 mom= conf=0
[1;36m23:57:40[0m [1;33mx5[0m [1;36m#662[0m SKIP tension=[1;36m0.00000000[0m [0m| momentum_too_small [1;31mconf=0.3378[0m
mode=OFF radar_adj=0 mom= conf=0
[1;36m23:57:49[0m [1;33mx5[0m [1;36m#663[0m SKIP tension=[1;36m0.00098228[0m [0m| momentum_too_small [1;31mconf=0.0015[0m
mode=OFF radar_adj=0 mom= conf=0
[1;36m23:57:57[0m [1;33mx5[0m [1;36m#664[0m SKIP tension=[1;36m0.00003401[0m [0m| momentum_too_small [1;31mconf=0.0001[0m
mode=OFF radar_adj=0 mom= conf=0
[1;36m23:58:05[0m [1;33mx5[0m [1;36m#665[0m SKIP tension=[1;36m0.00001734[0m [0m| momentum_too_small [1;31mconf=0.0[0m
mode=OFF radar_adj=0 mom= conf=0
[1;36m23:58:13[0m [1;33mx5[0m [1;36m#666[0m SKIP tension=[1;36m0.17257508[0m [0m| direction_unclear [1;31mconf=0.2832[0m
mode=OFF radar_adj=0 mom= conf=0
[1;36m23:58:21[0m [1;33mx5[0m [1;36m#667[0m SKIP tension=[1;36m0.31467465[0m [0m| wall_not_collapsed
mode=OFF radar_adj=0 mom= conf=0
[1;36m23:58:29[0m [1;33mx5[0m [1;36m#668[0m SKIP tension=[1;36m0.33957830[0m [0m| wall_not_collapsed
mode=OFF radar_adj=0 mom= conf=0
[1;36m23:58:37[0m [1;33mx5[0m [1;36m#669[0m SKIP tension=[1;36m0.00002071[0m [0m| momentum_too_small [1;31mconf=0.0[0m
mode=OFF radar_adj=0 mom= conf=0
[1;36m23:58:45[0m [1;33mx5[0m [1;36m#670[0m SKIP tension=[1;36m0.00000000[0m [0m| momentum_too_small [1;31mconf=0.3446[0m
mode=OFF radar_adj=0 mom= conf=0
[1;36m23:58:53[0m [1;33mx5[0m [1;36m#671[0m SKIP tension=[1;36m0.00000000[0m [0m| momentum_too_small [1;31mconf=0.3446[0m
mode=OFF radar_adj=0 mom= conf=0
[1;36m23:59:01[0m [1;33mx5[0m [1;36m#672[0m SKIP tension=[1;36m0.00000000[0m [0m| momentum_too_small [1;31mconf=0.3446[0m
mode=OFF radar_adj=0 mom= conf=0
[1;36m23:59:09[0m [1;33mx5[0m [1;36m#673[0m SKIP tension=[1;36m0.34048030[0m [0m| wall_not_collapsed
mode=OFF radar_adj=0 mom= conf=0
[1;36m23:59:17[0m [1;33mx5[0m [1;36m#674[0m SKIP tension=[1;36m0.00000000[0m [0m| momentum_too_small [1;31mconf=0.3446[0m
mode=OFF radar_adj=0 mom= conf=0
[1;36m23:59:31[0m [1;33mx5[0m [1;36m#675[0m SKIP tension=[1;36m0.00000533[0m [0m| momentum_too_small [1;31mconf=0.0[0m
mode=OFF radar_adj=0 mom= conf=0
[1;36m23:59:39[0m [1;33mx5[0m [1;36m#676[0m SKIP tension=[1;36m0.00000000[0m [0m| momentum_too_small [1;31mconf=0.3446[0m
mode=OFF radar_adj=0 mom= conf=0
[1;36m23:59:48[0m [1;33mx5[0m [1;36m#677[0m SKIP tension=[1;36m0.00000000[0m [0m| momentum_too_small [1;31mconf=0.3446[0m
mode=OFF radar_adj=0 mom= conf=0
[1;36m23:59:58[0m [1;33mx5[0m [1;36m#678[0m SKIP tension=[1;36m0.00000000[0m [0m| momentum_too_small [1;31mconf=0.3291[0m
mode=OFF radar_adj=0 mom= conf=0
[1;36m00:00:07[0m [1;33mx5[0m [1;36m#679[0m SKIP tension=[1;36m0.00004092[0m [0m| momentum_too_small [1;31mconf=0.0001[0m
mode=OFF radar_adj=0 mom= conf=0
[1;36m00:00:15[0m [1;33mx5[0m [1;36m#680[0m SKIP tension=[1;36m0.00023561[0m [0m| momentum_too_small [1;31mconf=0.0004[0m
mode=OFF radar_adj=0 mom= conf=0
[1;36m00:00:28[0m [1;33mx5[0m [1;36m#681[0m SKIP tension=[1;36m0.00007556[0m [0m| momentum_too_small [1;31mconf=0.0001[0m
mode=OFF radar_adj=0 mom= conf=0
[1;36m00:00:36[0m [1;33mx5[0m [1;36m#682[0m SKIP tension=[1;36m0.05747207[0m [0m| direction_unclear [1;31mconf=0.0899[0m
mode=OFF radar_adj=0 mom= conf=0
[1;36m00:00:44[0m [1;33mx5[0m [1;36m#683[0m SKIP tension=[1;36m0.10336666[0m [0m| direction_unclear [1;31mconf=0.1615[0m
mode=OFF radar_adj=0 mom= conf=0
[1;36m00:00:52[0m [1;33mx5[0m [1;36m#684[0m SKIP tension=[1;36m0.00005192[0m [0m| momentum_too_small [1;31mconf=0.0001[0m
mode=OFF radar_adj=0 mom= conf=0
[1;36m00:01:01[0m [1;33mx5[0m [1;36m#685[0m SKIP tension=[1;36m0.10182373[0m [0m| direction_unclear [1;31mconf=0.1591[0m
mode=OFF radar_adj=0 mom= conf=0
[1;36m00:01:08[0m [1;33mx5[0m [1;36m#686[0m SKIP tension=[1;36m0.00201434[0m [0m| momentum_too_small [1;31mconf=0.0031[0m
mode=OFF radar_adj=0 mom= conf=0
[1;36m00:01:17[0m [1;33mx5[0m [1;36m#687[0m SKIP tension=[1;36m0.02795104[0m [0m| direction_unclear [1;31mconf=0.0436[0m
mode=OFF radar_adj=0 mom= conf=0
[1;36m00:01:29[0m [1;33mx5[0m [1;36m#688[0m SKIP tension=[1;36m0.26854615[0m [0m| wall_not_collapsed
mode=OFF radar_adj=0 mom= conf=0
[1;36m00:01:37[0m [1;33mx5[0m [1;36m#689[0m SKIP tension=[1;36m0.00000000[0m [0m| momentum_too_small [1;31mconf=0.3419[0m
mode=OFF radar_adj=0 mom= conf=0
[1;36m00:01:45[0m [1;33mx5[0m [1;36m#690[0m SKIP tension=[1;36m0.80481068[0m [0m| wall_not_collapsed
mode=OFF radar_adj=0 mom= conf=0
[1;36m00:01:53[0m [1;33mx5[0m [1;36m#691[0m SKIP tension=[1;36m0.01318712[0m [0m| direction_unclear [1;31mconf=0.0214[0m
mode=OFF radar_adj=0 mom= conf=0
shockwave beta->alpha until_cycle=702
[1;33mSWARM shockwave[0m [0m| beta -> neighbor (shock_inversion_stop)[0m
[1;36mCycle 692[0m [1;32mSOFT anomaly[0m [1;33m| pnl_abs=0.07700000 > 0.02500000[0m
[1;36mentry=00:02:05@64770.00000000[0m [1;33mx5[0m [1;36m#692[0m [1;31mSELL[0m tension=[1;32m1.00153234[0m hold=[1;36m6[0ms sec=[1;36m6[0m [0m| exit=64775.00000000 [1;32mconf=0.9276[0m [1;36mexit_time=00:02:11[0m [1;31mpnl=-0.07700000 bps=-0.77196233 pct=-0.00771962% total=1.15325[0m
mode=OFF radar_adj=0 mom= conf=0
[1;36m00:02:21[0m [1;33mx5[0m [1;36m#693[0m SKIP [0m| Mode Écoute: spread=1.86790000 volat=17.85229031 (attente froid)
mode=OFF radar_adj=0 mom= conf=0
[1;36m00:02:28[0m [1;33mx5[0m [1;36m#694[0m SKIP tension=[1;36m0.00002142[0m [0m| momentum_too_small [1;31mconf=0.0[0m
mode=OFF radar_adj=0 mom= conf=0
[1;36m00:02:36[0m [1;33mx5[0m [1;36m#695[0m SKIP tension=[1;36m0.00000000[0m [0m| momentum_too_small [1;31mconf=0.3027[0m
mode=OFF radar_adj=0 mom= conf=0
[1;36m00:02:44[0m [1;33mx5[0m [1;36m#696[0m SKIP tension=[1;36m0.00001358[0m [0m| momentum_too_small [1;31mconf=0.0[0m
mode=OFF radar_adj=0 mom= conf=0
[1;36m00:02:53[0m [1;33mx5[0m [1;36m#697[0m SKIP tension=[1;36m0.00002336[0m [0m| momentum_too_small [1;31mconf=0.0[0m
mode=OFF radar_adj=0 mom= conf=0
[1;36m00:03:01[0m [1;33mx5[0m [1;36m#698[0m SKIP tension=[1;36m0.00005292[0m [0m| momentum_too_small [1;31mconf=0.0001[0m
mode=OFF radar_adj=0 mom= conf=0
[1;36m00:03:09[0m [1;33mx5[0m [1;36m#699[0m SKIP tension=[1;36m0.00001979[0m [0m| momentum_too_small [1;31mconf=0.0[0m
mode=OFF radar_adj=0 mom= conf=0
[1;36m00:03:17[0m [1;33mx5[0m [1;36m#700[0m SKIP tension=[1;36m0.69630666[0m [0m| wall_not_collapsed
mode=OFF radar_adj=0 mom= conf=0
[1;36m00:03:26[0m [1;33mx5[0m [1;36m#701[0m SKIP tension=[1;36m0.00000231[0m [0m| momentum_too_small [1;31mconf=0.0[0m
mode=OFF radar_adj=0 mom= conf=0
[1;36m00:03:34[0m [1;33mx5[0m [1;36m#702[0m SKIP tension=[1;36m0.00013888[0m [0m| momentum_too_small [1;31mconf=0.0002[0m
mode=OFF radar_adj=0 mom= conf=0
shockwave beta->alpha until_cycle=713
[1;33mSWARM shockwave[0m [0m| beta -> neighbor (fluid_exit_inversion)[0m
[1;36mCycle 703[0m [1;32mSOFT anomaly[0m [1;33m| pnl_abs=0.13452000 > 0.02500000[0m
[1;36mentry=00:03:46@64800.00000000[0m [1;33mx5[0m [1;36m#703[0m [1;31mSELL[0m tension=[1;31m5.50298350[0m hold=[1;36m6[0ms sec=[1;36m6[0m [0m| exit=64817.70000000 [1;32mconf=0.9315[0m [1;36mexit_time=00:03:53[0m [1;31mpnl=-0.13452000 bps=-2.73148148 pct=-0.02731481% total=1.0187300000000001[0m
mode=OFF radar_adj=0 mom= conf=0
[1;36m00:04:02[0m [1;33mx5[0m [1;36m#704[0m SKIP tension=[1;36m0.57365677[0m [0m| wall_not_collapsed
mode=OFF radar_adj=0 mom= conf=0
[1;36m00:04:10[0m [1;33mx5[0m [1;36m#705[0m SKIP tension=[1;36m0.00000000[0m [0m| spread_too_wide [1;31mconf=0.0[0m
mode=OFF radar_adj=0 mom= conf=0
[1;36mCycle 706[0m [1;32mSOFT anomaly[0m [1;33m| pnl_abs=0.46360000 > 0.02500000[0m
[1;36mentry=00:04:22@64910.20000000[0m [1;33mx5[0m [1;36m#706[0m [1;32mSELL[0m tension=[1;32m1.07783291[0m hold=[1;36m6[0ms sec=[1;36m6[0m [0m| exit=64849.20000000 [1;33mconf=0.6802[0m [1;36mexit_time=00:04:28[0m [1;32mpnl=0.46360000 bps=9.39759853 pct=0.09397599% total=1.4823300000000001[0m
mode=OFF radar_adj=0 mom= conf=0
[1;36m00:04:38[0m [1;33mx5[0m [1;36m#707[0m SKIP tension=[1;36m0.00000000[0m [0m| momentum_too_small [1;31mconf=0.2024[0m
mode=OFF radar_adj=0 mom= conf=0
[1;36m00:04:47[0m [1;33mx5[0m [1;36m#708[0m SKIP tension=[1;36m0.00001297[0m [0m| momentum_too_small [1;31mconf=0.0[0m
mode=OFF radar_adj=0 mom= conf=0
[1;36m00:04:54[0m [1;33mx5[0m [1;36m#709[0m SKIP tension=[1;36m0.00000000[0m [0m| momentum_too_small [1;31mconf=0.3422[0m
mode=OFF radar_adj=0 mom= conf=0
[1;36m00:05:02[0m [1;33mx5[0m [1;36m#710[0m SKIP tension=[1;36m0.00000000[0m [0m| momentum_too_small [1;31mconf=0.3422[0m
mode=OFF radar_adj=0 mom= conf=0
[1;36m00:05:10[0m [1;33mx5[0m [1;36m#711[0m SKIP tension=[1;36m0.00000847[0m [0m| momentum_too_small [1;31mconf=0.0[0m
mode=OFF radar_adj=0 mom= conf=0
[1;36m00:05:19[0m [1;33mx5[0m [1;36m#712[0m SKIP tension=[1;36m0.00001832[0m [0m| momentum_too_small [1;31mconf=0.0[0m
mode=OFF radar_adj=0 mom= conf=0
[1;36m00:05:27[0m [1;33mx5[0m [1;36m#713[0m SKIP tension=[1;36m0.00003566[0m [0m| momentum_too_small [1;31mconf=0.0001[0m
mode=OFF radar_adj=0 mom= conf=0
[1;36m00:05:34[0m [1;33mx5[0m [1;36m#714[0m SKIP tension=[1;36m0.46384998[0m [0m| wall_not_collapsed
mode=OFF radar_adj=0 mom= conf=0
[1;36m00:05:42[0m [1;33mx5[0m [1;36m#715[0m SKIP tension=[1;31m4.47521284[0m [0m| tactic short vs long
mode=OFF radar_adj=0 mom= conf=0
[1;36m00:05:50[0m [1;33mx5[0m [1;36m#716[0m SKIP tension=[1;36m0.00000000[0m [0m| momentum_too_small [1;31mconf=0.3456[0m
mode=OFF radar_adj=0 mom= conf=0
[1;36m00:05:57[0m [1;33mx5[0m [1;36m#717[0m SKIP tension=[1;36m0.00000000[0m [0m| momentum_too_small [1;31mconf=0.3497[0m
mode=OFF radar_adj=0 mom= conf=0
[1;36m00:06:05[0m [1;33mx5[0m [1;36m#718[0m SKIP tension=[1;36m0.09930590[0m [0m| direction_unclear [1;31mconf=0.1642[0m
mode=OFF radar_adj=0 mom= conf=0
[1;36m00:06:13[0m [1;33mx5[0m [1;36m#719[0m SKIP tension=[1;36m0.00000000[0m [0m| momentum_too_small [1;31mconf=0.3402[0m
mode=OFF radar_adj=0 mom= conf=0
[1;36m00:06:21[0m [1;33mx5[0m [1;36m#720[0m SKIP tension=[1;36m0.00000990[0m [0m| momentum_too_small [1;31mconf=0.0[0m
mode=OFF radar_adj=0 mom= conf=0
[1;36m00:06:29[0m [1;33mx5[0m [1;36m#721[0m SKIP tension=[1;36m0.00000000[0m [0m| momentum_too_small [1;31mconf=0.3281[0m
mode=OFF radar_adj=0 mom= conf=0
[1;36m00:06:37[0m [1;33mx5[0m [1;36m#722[0m SKIP tension=[1;36m0.27724093[0m [0m| wall_not_collapsed
mode=OFF radar_adj=0 mom= conf=0
[1;36m00:06:45[0m [1;33mx5[0m [1;36m#723[0m SKIP tension=[1;36m0.00008974[0m [0m| momentum_too_small [1;31mconf=0.0001[0m
mode=OFF radar_adj=0 mom= conf=0
[1;36m00:06:53[0m [1;33mx5[0m [1;36m#724[0m SKIP tension=[1;36m0.00003993[0m [0m| momentum_too_small [1;31mconf=0.0001[0m
mode=OFF radar_adj=0 mom= conf=0
[1;36m00:07:01[0m [1;33mx5[0m [1;36m#725[0m SKIP tension=[1;36m0.00000000[0m [0m| momentum_too_small [1;31mconf=0.3372[0m
mode=OFF radar_adj=0 mom= conf=0
[1;36m00:07:09[0m [1;33mx5[0m [1;36m#726[0m SKIP tension=[1;36m0.00001575[0m [0m| momentum_too_small [1;31mconf=0.0[0m
mode=OFF radar_adj=0 mom= conf=0
[1;36m00:07:18[0m [1;33mx5[0m [1;36m#727[0m SKIP tension=[1;36m0.00000391[0m [0m| momentum_too_small [1;31mconf=0.0[0m
mode=OFF radar_adj=0 mom= conf=0
[1;36m00:07:26[0m [1;33mx5[0m [1;36m#728[0m SKIP tension=[1;36m0.00000875[0m [0m| momentum_too_small [1;31mconf=0.0[0m
mode=OFF radar_adj=0 mom= conf=0
[1;36m00:07:33[0m [1;33mx5[0m [1;36m#729[0m SKIP tension=[1;36m0.00000000[0m [0m| momentum_too_small [1;31mconf=0.3176[0m
mode=OFF radar_adj=0 mom= conf=0
[1;36m00:07:43[0m [1;33mx5[0m [1;36m#730[0m SKIP tension=[1;36m0.05022366[0m [0m| direction_unclear [1;31mconf=0.076[0m
mode=OFF radar_adj=0 mom= conf=0
[1;36m00:07:50[0m [1;33mx5[0m [1;36m#731[0m SKIP tension=[1;36m0.63111865[0m [0m| wall_not_collapsed
mode=OFF radar_adj=0 mom= conf=0
[1;36m00:08:04[0m [1;33mx5[0m [1;36m#732[0m SKIP tension=[1;36m0.00000000[0m [0m| momentum_too_small [1;31mconf=0.3176[0m
mode=OFF radar_adj=0 mom= conf=0
[1;36mentry=00:08:17@64853.20000000[0m [1;33mx5[0m [1;36m#733[0m [1;33mSELL[0m tension=[1;31m2.15651909[0m hold=[1;36m9[0ms sec=[1;36m9[0m [0m| exit=64853.20000000 [1;32mconf=0.9075[0m [1;36mexit_time=00:08:26[0m [1;33mpnl=-0.00000000 bps=-0.00000000 pct=-0.00000000% total=1.4823300000000001[0m
mode=OFF radar_adj=0 mom= conf=0
[1;36m00:08:35[0m [1;33mx5[0m [1;36m#734[0m SKIP tension=[1;36m0.00000000[0m [0m| momentum_too_small [1;31mconf=0.3176[0m
mode=OFF radar_adj=0 mom= conf=0
[1;36m00:08:43[0m [1;33mx5[0m [1;36m#735[0m SKIP tension=[1;36m0.80738720[0m [0m| wall_not_collapsed
mode=OFF radar_adj=0 mom= conf=0
[1;36m00:08:52[0m [1;33mx5[0m [1;36m#736[0m SKIP tension=[1;36m0.00000000[0m [0m| momentum_too_small [1;31mconf=0.324[0m
mode=OFF radar_adj=0 mom= conf=0
[1;36mCycle 737[0m [1;32mSOFT anomaly[0m [1;33m| pnl_abs=0.42636000 > 0.02500000[0m
[1;36mentry=00:09:09@64853.20000000[0m [1;33mx5[0m [1;36m#737[0m [1;32mSELL[0m tension=[1;31m3.26718978[0m hold=[1;36m6[0ms sec=[1;36m6[0m [0m| exit=64797.10000000 [1;32mconf=0.9913[0m [1;36mexit_time=00:09:16[0m [1;32mpnl=0.42636000 bps=8.65030561 pct=0.08650306% total=1.9086900000000002[0m
mode=OFF radar_adj=0 mom= conf=0
[1;36m00:09:25[0m [1;33mx5[0m [1;36m#738[0m SKIP tension=[1;36m0.00000000[0m [0m| momentum_too_small [1;31mconf=0.3497[0m
mode=OFF radar_adj=0 mom= conf=0
[1;36m00:09:33[0m [1;33mx5[0m [1;36m#739[0m SKIP tension=[1;36m0.34859733[0m [0m| wall_not_collapsed
mode=OFF radar_adj=0 mom= conf=0
[1;36m00:09:42[0m [1;33mx5[0m [1;36m#740[0m SKIP tension=[1;36m0.00005412[0m [0m| momentum_too_small [1;31mconf=0.0001[0m
mode=OFF radar_adj=0 mom= conf=0
[1;36m00:09:49[0m [1;33mx5[0m [1;36m#741[0m SKIP tension=[1;36m0.00000106[0m [0m| momentum_too_small [1;31mconf=0.0[0m
mode=OFF radar_adj=0 mom= conf=0
[1;36m00:09:57[0m [1;33mx5[0m [1;36m#742[0m SKIP tension=[1;36m0.00001704[0m [0m| momentum_too_small [1;31mconf=0.0[0m
mode=OFF radar_adj=0 mom= conf=0
[1;36m00:10:05[0m [1;33mx5[0m [1;36m#743[0m SKIP tension=[1;36m0.01010237[0m [0m| direction_unclear [1;31mconf=0.0168[0m
mode=OFF radar_adj=0 mom= conf=0
[1;36m00:10:13[0m [1;33mx5[0m [1;36m#744[0m SKIP tension=[1;36m0.00031974[0m [0m| momentum_too_small [1;31mconf=0.0005[0m
mode=OFF radar_adj=0 mom= conf=0
[1;36m00:10:21[0m [1;33mx5[0m [1;36m#745[0m SKIP tension=[1;36m0.00000000[0m [0m| momentum_too_small [1;31mconf=0.3497[0m
mode=OFF radar_adj=0 mom= conf=0
[1;36m00:10:30[0m [1;33mx5[0m [1;36m#746[0m SKIP tension=[1;36m0.00018252[0m [0m| momentum_too_small [1;31mconf=0.0003[0m
mode=OFF radar_adj=0 mom= conf=0
[1;36m00:10:38[0m [1;33mx5[0m [1;36m#747[0m SKIP tension=[1;36m0.00004935[0m [0m| momentum_too_small [1;31mconf=0.0001[0m
mode=OFF radar_adj=0 mom= conf=0
[1;36mentry=00:10:51@64797.00000000[0m [1;33mx5[0m [1;36m#748[0m [1;32mSELL[0m tension=[1;32m1.53247625[0m hold=[1;36m6[0ms sec=[1;36m6[0m [0m| exit=64796.00000000 [1;32mconf=0.9971[0m [1;36mexit_time=00:10:57[0m [1;32mpnl=0.00760000 bps=0.15432813 pct=0.00154328% total=1.9162900000000003[0m
mode=OFF radar_adj=0 mom= conf=0
[1;36m00:11:06[0m [1;33mx5[0m [1;36m#749[0m SKIP tension=[1;36m0.00000000[0m [0m| momentum_too_small [1;31mconf=0.2389[0m
mode=OFF radar_adj=0 mom= conf=0
[1;36m00:11:14[0m [1;33mx5[0m [1;36m#750[0m SKIP tension=[1;36m0.00000000[0m [0m| momentum_too_small [1;31mconf=0.3125[0m
mode=OFF radar_adj=0 mom= conf=0
[1;36m00:11:22[0m [1;33mx5[0m [1;36m#751[0m SKIP tension=[1;36m0.00010183[0m [0m| momentum_too_small [1;31mconf=0.0002[0m
mode=OFF radar_adj=0 mom= conf=0
[1;36m00:11:30[0m [1;33mx5[0m [1;36m#752[0m SKIP tension=[1;36m0.00010183[0m [0m| momentum_too_small [1;31mconf=0.0002[0m
mode=OFF radar_adj=0 mom= conf=0
[1;36mCycle 753[0m [1;32mSOFT anomaly[0m [1;33m| pnl_abs=0.03040000 > 0.02500000[0m
[1;36mentry=00:11:42@64768.20000000[0m [1;33mx5[0m [1;36m#753[0m [1;32mSELL[0m tension=[1;32m1.03662793[0m hold=[1;36m6[0ms sec=[1;36m6[0m [0m| exit=64764.20000000 [1;32mconf=0.8302[0m [1;36mexit_time=00:11:49[0m [1;32mpnl=0.03040000 bps=0.61758703 pct=0.00617587% total=1.9466900000000003[0m
mode=OFF radar_adj=0 mom= conf=0
[1;36m00:11:58[0m [1;33mx5[0m [1;36m#754[0m SKIP tension=[1;31m3.40958137[0m [0m| tactic long vs short
mode=OFF radar_adj=0 mom= conf=0
[1;36m00:12:06[0m [1;33mx5[0m [1;36m#755[0m SKIP tension=[1;36m0.00000000[0m [0m| momentum_too_small [1;31mconf=0.2386[0m
mode=OFF radar_adj=0 mom= conf=0
[1;36m00:12:14[0m [1;33mx5[0m [1;36m#756[0m SKIP tension=[1;36m0.00000000[0m [0m| momentum_too_small [1;31mconf=0.2342[0m
mode=OFF radar_adj=0 mom= conf=0
[1;36m00:12:27[0m [1;33mx5[0m [1;36m#757[0m SKIP tension=[1;36m0.00000000[0m [0m| momentum_too_small [1;31mconf=0.2275[0m
mode=OFF radar_adj=0 mom= conf=0
[1;36m00:12:39[0m [1;33mx5[0m [1;36m#758[0m SKIP tension=[1;36m0.00001802[0m [0m| momentum_too_small [1;31mconf=0.0[0m
mode=OFF radar_adj=0 mom= conf=0
[1;36m00:12:49[0m [1;33mx5[0m [1;36m#759[0m SKIP tension=[1;36m0.00000000[0m [0m| momentum_too_small [1;31mconf=0.2399[0m
mode=OFF radar_adj=0 mom= conf=0
[1;36mCycle 760[0m [1;32mSOFT anomaly[0m [1;33m| pnl_abs=0.24776000 > 0.02500000[0m
[1;36mentry=00:13:01@64797.30000000[0m [1;33mx5[0m [1;36m#760[0m [1;32mSELL[0m tension=[1;31m2.90881290[0m hold=[1;36m6[0ms sec=[1;36m6[0m [0m| exit=64764.70000000 [1;32mconf=0.9643[0m [1;36mexit_time=00:13:07[0m [1;32mpnl=0.24776000 bps=5.03107383 pct=0.05031074% total=2.1944500000000002[0m
mode=OFF radar_adj=0 mom= conf=0
[1;36m00:13:17[0m [1;33mx5[0m [1;36m#761[0m SKIP tension=[1;36m0.00008090[0m [0m| momentum_too_small [1;31mconf=0.0001[0m
mode=OFF radar_adj=0 mom= conf=0
PROCESS_DIE | ts=2026-07-31T00:13:22Z role=SCOUT stop=STOP_BETA ec=0 last_cmd=book_resp="$(public_get "/fapi/v1/ticker/bookTicker?symbol=$SYMBOL" || true)" line=1701
/tmp/ace777_launch_v85_nuage_33362.sh: line 218: 33891 Done                    { cat  <<'NUAGE_PREAMBLE'

NUAGE_TENSION_MAX_AGE_MS="${NUAGE_TENSION_MAX_AGE_MS:-800}"
ALPHA_HEARTBEAT_FILE="${ALPHA_HEARTBEAT_FILE:-/tmp/alpha_heartbeat.txt}"

# PROCESS_DIE — dernière commande si set -e / signal tue bash -s (E10)
_ACE777_DIE_LOGGED=0
ace777_process_die_log() {
  local ec=${1:-$?}
  [ "${_ACE777_DIE_LOGGED:-0}" = "1" ] && return 0
  _ACE777_DIE_LOGGED=1
  echo "PROCESS_DIE | ts=$(date -u +%Y-%m-%dT%H:%M:%SZ) role=${DUO_ROLE:-?} stop=${STOP_FILE:-?} ec=${ec} last_cmd=${BASH_COMMAND:-?} line=${BASH_LINENO[0]:-?}"
}
trap 'ace777_process_die_log $?' ERR
trap 'ace777_process_die_log $?' EXIT

duo_hunter_phase_barrier() { :; }

alpha_touch_heartbeat() {
  duo_is_hunter || return 0
  date -u +%Y-%m-%dT%H:%M:%SZ > "${ALPHA_HEARTBEAT_FILE}" 2>/dev/null || true
}

nuage_cloud_tension_gate() {
  local cycle="$1"
  local max_age="${NUAGE_TENSION_MAX_AGE_MS:-800}"
  local age_ms path
  duo_is_hunter || return 0
  path="${DUO_STATE_FILE:-runs/duo_state.json}"
  age_ms="$(ruby -rjson -e '
    path = ARGV[0]
    begin
      j = JSON.parse(File.read(path))
      ts = (j["ts_ms"].to_i rescue 0)
      age = ((Time.now.to_f * 1000).to_i - ts)
      age = 0 if age < 0
      print(age)
    rescue
      print(999999)
    end
  ' -- "$path" 2>/dev/null || echo 999999)"
  if [ "$age_ms" -gt "$max_age" ]; then
    echo "$(date -u +%FT%TZ),${cycle},SKIP,SKIPPED,,,,,0,tension_stale,reason=nuage_age_ms=${age_ms} thresh=${max_age}" >> "$LOG_FILE"
    sk_lev="$C_C"; num_ge "$current_leverage" "13" && sk_lev="$C_G"; num_le "$current_leverage" "5" && sk_lev="$C_Y"
    echo "${C_C}$(date -u +%H:%M:%S)${C_N} ${sk_lev}x$current_leverage${C_N} ${C_C}#${cycle}${C_N} SKIP ${C_Y}| tension_stale age=${age_ms}ms>${max_age}ms (NUAGE)${C_N}"
    alpha_touch_heartbeat
    return 1
  fi
  return 0
}

NUAGE_PREAMBLE
 tail -n +85 "$genesis" | awk '
      /^duo_hunter_phase_barrier\(\) \{/ {
        print "duo_hunter_phase_barrier() { :; }"
        skip=1; next
      }
      skip { if (/^\}$/) skip=0; next }
      /^[[:space:]]*duo_hunter_phase_barrier "\$i"/ {
        print "  : # NUAGE bypass barrier (index ignored)"
        next
      }
      /^[[:space:]]*duo_touch_heartbeat$/ && !hb_done {
        print "  duo_touch_heartbeat"
        print "  alpha_touch_heartbeat"
        hb_done=1; next
      }
      /^[[:space:]]*raw_qty="\$\(num_div/ && !gate_done {
        print "  if duo_is_hunter; then"
        print "    nuage_cloud_tension_gate \"$i\" || { alpha_touch_heartbeat; sleep \"$SLEEP_SEC\"; continue; }"
        print "  fi"
        gate_done=1
      }
      { print }
    '; }
     33893 Terminated: 15          | bash -s
