trade_id,ts,symbol,side,qty,price,realized_pnl,commission,commission_asset,role
529547553,2026-08-21T07:32:57Z,BTCUSDT,SELL,0.00910000,76402.80,0.00000000,0.27810619,USDT,
529547557,2026-08-21T07:32:59Z,BTCUSDT,SELL,0.00380000,76402.80,0.00000000,0.11613225,USDT,
529547581,2026-08-21T07:33:06Z,BTCUSDT,BUY,0.00070000,76404.50,-0.00118999,0.02139326,USDT,
529547582,2026-08-21T07:33:06Z,BTCUSDT,BUY,0.01220000,76405.50,-0.03293999,0.37285884,USDT,
529547645,2026-08-21T07:33:30Z,BTCUSDT,SELL,0.00450000,76407.60,0.00000000,0.13753368,USDT,
529547650,2026-08-21T07:33:32Z,BTCUSDT,SELL,0.00200000,76407.60,0.00000000,0.06112608,USDT,
529547685,2026-08-21T07:33:40Z,BTCUSDT,BUY,0.00650000,76408.10,-0.00325000,0.19866106,USDT,
529547865,2026-08-21T07:34:00Z,BTCUSDT,BUY,0.00130000,76367.80,0.00000000,0.03971125,USDT,
529547866,2026-08-21T07:34:00Z,BTCUSDT,BUY,0.03790000,76368.30,0.00000000,1.15774342,USDT,
529547949,2026-08-21T07:34:03Z,BTCUSDT,BUY,0.03930000,76285.30,0.00000000,1.19920491,USDT,
529547985,2026-08-21T07:34:18Z,BTCUSDT,SELL,0.04230000,76284.00,-1.80785350,1.29072528,USDT,
529547986,2026-08-21T07:34:18Z,BTCUSDT,SELL,0.01500000,76284.00,-0.64108280,0.45770400,USDT,
529547987,2026-08-21T07:34:18Z,BTCUSDT,SELL,0.02120000,76283.90,-0.90818369,0.64688747,USDT,
529548063,2026-08-21T07:34:35Z,BTCUSDT,BUY,0.00100000,76331.40,0.00000000,0.03053256,USDT,
529548064,2026-08-21T07:34:35Z,BTCUSDT,BUY,0.00130000,76346.10,0.00000000,0.03969997,USDT,
529548065,2026-08-21T07:34:35Z,BTCUSDT,BUY,0.00130000,76374.50,0.00000000,0.03971474,USDT,
529548066,2026-08-21T07:34:35Z,BTCUSDT,BUY,0.01600000,76408.10,0.00000000,0.48901184,USDT,
529548076,2026-08-21T07:34:37Z,BTCUSDT,BUY,0.00050000,76346.40,0.00000000,0.01526928,USDT,
529548077,2026-08-21T07:34:37Z,BTCUSDT,BUY,0.00080000,76346.50,0.00000000,0.02443088,USDT,
529548078,2026-08-21T07:34:37Z,BTCUSDT,BUY,0.00100000,76352.80,0.00000000,0.03054112,USDT,
529548079,2026-08-21T07:34:37Z,BTCUSDT,BUY,0.00100000,76355.80,0.00000000,0.03054232,USDT,
529548080,2026-08-21T07:34:37Z,BTCUSDT,BUY,0.00130000,76370.00,0.00000000,0.03971240,USDT,
529548081,2026-08-21T07:34:37Z,BTCUSDT,BUY,0.01500000,76408.10,0.00000000,0.45844860,USDT,
529548117,2026-08-21T07:34:45Z,BTCUSDT,SELL,0.00130000,76332.60,-0.08361653,0.03969295,USDT,
529548118,2026-08-21T07:34:45Z,BTCUSDT,SELL,0.00100000,76329.80,-0.06712040,0.03053192,USDT,
529548119,2026-08-21T07:34:45Z,BTCUSDT,SELL,0.00130000,76329.30,-0.08790653,0.03969123,USDT,
529548120,2026-08-21T07:34:45Z,BTCUSDT,SELL,0.03560000,76283.90,-4.02352653,1.08628273,USDT,
529548502,2026-08-21T07:36:37Z,BTCUSDT,BUY,0.01950000,76408.50,0.00000000,0.59598630,USDT,
529548508,2026-08-21T07:36:40Z,BTCUSDT,BUY,0.01960000,76408.50,0.00000000,0.59904263,USDT,
529548559,2026-08-21T07:36:44Z,BTCUSDT,SELL,0.00070000,76330.30,0.00000000,0.02137248,USDT,
529548560,2026-08-21T07:36:44Z,BTCUSDT,SELL,0.00380000,76327.20,0.00000000,0.11601734,USDT,
529548578,2026-08-21T07:36:47Z,BTCUSDT,SELL,0.00070000,76325.70,0.00000000,0.02137119,USDT,
529548579,2026-08-21T07:36:47Z,BTCUSDT,SELL,0.00100000,76318.60,0.00000000,0.03052744,USDT,
529548580,2026-08-21T07:36:47Z,BTCUSDT,SELL,0.00030000,76307.60,0.00000000,0.00915691,USDT,
529548601,2026-08-21T07:36:48Z,BTCUSDT,SELL,0.00130000,76328.10,-0.10452000,0.03969061,USDT,
529548602,2026-08-21T07:36:48Z,BTCUSDT,SELL,0.00150000,76326.20,-0.12345000,0.04579572,USDT,
529548603,2026-08-21T07:36:48Z,BTCUSDT,SELL,0.00130000,76314.10,-0.12272000,0.03968333,USDT,
529548604,2026-08-21T07:36:48Z,BTCUSDT,SELL,0.00550000,76302.50,-0.58300000,0.16786550,USDT,
529548605,2026-08-21T07:36:48Z,BTCUSDT,SELL,0.02950000,76283.90,-3.67570000,0.90015002,USDT,
529548635,2026-08-21T07:36:55Z,BTCUSDT,BUY,0.00650000,76345.30,-0.13100999,0.19849778,USDT,
529548722,2026-08-21T07:37:10Z,BTCUSDT,SELL,0.00100000,76310.10,0.00000000,0.03052404,USDT,
529548723,2026-08-21T07:37:10Z,BTCUSDT,SELL,0.00350000,76284.00,0.00000000,0.10679760,USDT,
529548729,2026-08-21T07:37:13Z,BTCUSDT,SELL,0.00070000,76297.90,0.00000000,0.02136341,USDT,
529548730,2026-08-21T07:37:13Z,BTCUSDT,SELL,0.00100000,76292.10,0.00000000,0.03051684,USDT,
529548731,2026-08-21T07:37:13Z,BTCUSDT,SELL,0.00030000,76290.60,0.00000000,0.00915487,USDT,
529548769,2026-08-21T07:37:21Z,BTCUSDT,BUY,0.00100000,76332.00,-0.04093692,0.03053280,USDT,
529548770,2026-08-21T07:37:21Z,BTCUSDT,BUY,0.00120000,76333.10,-0.05044430,0.03663988,USDT,
529548771,2026-08-21T07:37:21Z,BTCUSDT,BUY,0.00080000,76333.10,-0.03362953,0.02442659,USDT,
529548772,2026-08-21T07:37:21Z,BTCUSDT,BUY,0.00070000,76333.10,-0.02942584,0.02137326,USDT,
529548773,2026-08-21T07:37:21Z,BTCUSDT,BUY,0.00130000,76339.80,-0.06335800,0.03969669,USDT,
529548774,2026-08-21T07:37:21Z,BTCUSDT,BUY,0.00150000,76355.00,-0.09590538,0.04581300,USDT,
529548874,2026-08-21T07:37:37Z,BTCUSDT,SELL,0.00100000,76358.10,0.00000000,0.03054324,USDT,
529548875,2026-08-21T07:37:37Z,BTCUSDT,SELL,0.00130000,76346.50,0.00000000,0.03970018,USDT,
529548876,2026-08-21T07:37:37Z,BTCUSDT,SELL,0.00220000,76333.20,0.00000000,0.06717321,USDT,
529548887,2026-08-21T07:37:40Z,BTCUSDT,SELL,0.00100000,76337.10,0.00000000,0.03053484,USDT,
529548888,2026-08-21T07:37:40Z,BTCUSDT,SELL,0.00100000,76333.20,0.00000000,0.03053328,USDT,
529548943,2026-08-21T07:37:57Z,BTCUSDT,BUY,0.00100000,76346.20,-0.00590923,0.03053848,USDT,
529548944,2026-08-21T07:37:57Z,BTCUSDT,BUY,0.00100000,76350.00,-0.00970923,0.03054000,USDT,
529548945,2026-08-21T07:37:57Z,BTCUSDT,BUY,0.00450000,76351.00,-0.04819153,0.13743180,USDT,
529549141,2026-08-21T07:38:42Z,BTCUSDT,SELL,0.00450000,76296.60,0.00000000,0.13733388,USDT,
529549150,2026-08-21T07:38:45Z,BTCUSDT,SELL,0.00200000,76296.60,0.00000000,0.06103728,USDT,
529549157,2026-08-21T07:38:47Z,BTCUSDT,BUY,0.01960000,76297.60,0.00000000,0.59817318,USDT,
529549163,2026-08-21T07:38:50Z,BTCUSDT,BUY,0.01960000,76297.60,0.00000000,0.59817318,USDT,
529549170,2026-08-21T07:38:53Z,BTCUSDT,BUY,0.00650000,76297.60,-0.00650000,0.19837376,USDT,
529549267,2026-08-21T07:38:58Z,BTCUSDT,SELL,0.03920000,76381.20,3.27712000,1.19765721,USDT,
529549751,2026-08-21T07:39:38Z,BTCUSDT,SELL,0.00100000,76455.60,0.00000000,0.03058224,USDT,
529549752,2026-08-21T07:39:38Z,BTCUSDT,SELL,0.00070000,76454.00,0.00000000,0.02140712,USDT,
529549753,2026-08-21T07:39:38Z,BTCUSDT,SELL,0.00130000,76445.10,0.00000000,0.03975145,USDT,
529549754,2026-08-21T07:39:38Z,BTCUSDT,SELL,0.00100000,76433.10,0.00000000,0.03057324,USDT,
529549755,2026-08-21T07:39:38Z,BTCUSDT,SELL,0.00800000,76381.30,0.00000000,0.24442016,USDT,
529549756,2026-08-21T07:39:38Z,BTCUSDT,SELL,0.00270000,76381.20,0.00000000,0.08249169,USDT,
529549772,2026-08-21T07:39:40Z,BTCUSDT,SELL,0.00640000,76478.90,0.00000000,0.19578598,USDT,
529549780,2026-08-21T07:39:46Z,BTCUSDT,BUY,0.02610000,76479.40,0.00000000,0.79844493,USDT,
529549788,2026-08-21T07:39:47Z,BTCUSDT,BUY,0.02110000,76479.40,-1.18561000,0.64548613,USDT,
529549790,2026-08-21T07:39:48Z,BTCUSDT,BUY,0.02620000,76479.40,0.00000000,0.80150411,USDT,
529549895,2026-08-21T07:40:02Z,BTCUSDT,SELL,0.00090000,76481.00,0.00000000,0.02753316,USDT,
529549896,2026-08-21T07:40:02Z,BTCUSDT,SELL,0.00640000,76479.50,0.00000000,0.19578752,USDT,
529549898,2026-08-21T07:40:03Z,BTCUSDT,SELL,0.04380000,76479.50,0.00437999,1.33992084,USDT,
529549899,2026-08-21T07:40:03Z,BTCUSDT,SELL,0.00850000,76479.50,0.00084999,0.26003030,USDT,
529549978,2026-08-21T07:40:05Z,BTCUSDT,SELL,0.00100000,76498.60,0.00000000,0.03059944,USDT,
529549979,2026-08-21T07:40:05Z,BTCUSDT,SELL,0.00070000,76496.60,0.00000000,0.02141904,USDT,
529549980,2026-08-21T07:40:05Z,BTCUSDT,SELL,0.00130000,76491.10,0.00000000,0.03977537,USDT,
529549981,2026-08-21T07:40:05Z,BTCUSDT,SELL,0.00020000,76479.50,0.00000000,0.00611836,USDT,
529550046,2026-08-21T07:40:12Z,BTCUSDT,BUY,0.01050000,76515.10,-0.32630000,0.32136342,USDT,
529594115,2026-08-21T09:27:47Z,BTCUSDT,SELL,0.00890000,77594.50,0.00000000,0.27623642,USDT,
529594131,2026-08-21T09:27:50Z,BTCUSDT,SELL,0.00070000,77624.80,0.00000000,0.02173494,USDT,
529594132,2026-08-21T09:27:50Z,BTCUSDT,SELL,0.00130000,77616.00,0.00000000,0.04036032,USDT,
529594133,2026-08-21T09:27:50Z,BTCUSDT,SELL,0.00100000,77615.70,0.00000000,0.03104628,USDT,
529594134,2026-08-21T09:27:50Z,BTCUSDT,SELL,0.00080000,77594.50,0.00000000,0.02483024,USDT,
529594193,2026-08-21T09:27:57Z,BTCUSDT,SELL,0.00120000,77635.90,0.00000000,0.03726523,USDT,
529594194,2026-08-21T09:27:57Z,BTCUSDT,SELL,0.00100000,77630.50,0.00000000,0.03105220,USDT,
529594195,2026-08-21T09:27:57Z,BTCUSDT,SELL,0.00130000,77623.90,0.00000000,0.04036442,USDT,
529594196,2026-08-21T09:27:57Z,BTCUSDT,SELL,0.00540000,77612.70,0.00000000,0.16764343,USDT,
529594204,2026-08-21T09:27:58Z,BTCUSDT,BUY,0.00120000,77643.20,0.00000000,0.03726873,USDT,
529594205,2026-08-21T09:27:58Z,BTCUSDT,BUY,0.02450000,77650.10,0.00000000,0.76097098,USDT,
529594206,2026-08-21T09:27:58Z,BTCUSDT,SELL,0.00120000,77629.80,0.00000000,0.03726230,USDT,
529594207,2026-08-21T09:27:58Z,BTCUSDT,SELL,0.00100000,77629.20,0.00000000,0.03105168,USDT,
529594208,2026-08-21T09:27:58Z,BTCUSDT,SELL,0.00670000,77594.50,0.00000000,0.20795326,USDT,
529594219,2026-08-21T09:27:58Z,BTCUSDT,BUY,0.00070000,77662.40,0.00000000,0.02174547,USDT,
529594220,2026-08-21T09:27:58Z,BTCUSDT,BUY,0.00100000,77668.80,0.00000000,0.03106752,USDT,
529594221,2026-08-21T09:27:58Z,BTCUSDT,BUY,0.00130000,77682.90,0.00000000,0.04039510,USDT,
529594222,2026-08-21T09:27:58Z,BTCUSDT,BUY,0.02270000,77691.70,0.00000000,0.70544063,USDT,
529594224,2026-08-21T09:27:59Z,BTCUSDT,BUY,0.00100000,77677.70,-0.07108196,0.03107108,USDT,
529594225,2026-08-21T09:27:59Z,BTCUSDT,BUY,0.01170000,77691.70,-0.99545901,0.36359715,USDT,
529594244,2026-08-21T09:28:01Z,BTCUSDT,BUY,0.00100000,77669.10,0.00000000,0.03106764,USDT,
529594245,2026-08-21T09:28:01Z,BTCUSDT,BUY,0.00130000,77681.30,0.00000000,0.04039427,USDT,
529594246,2026-08-21T09:28:01Z,BTCUSDT,BUY,0.03930000,77691.60,0.00000000,1.22131195,USDT,
529594247,2026-08-21T09:28:01Z,BTCUSDT,BUY,0.00130000,77679.60,0.00000000,0.04039339,USDT,
529594248,2026-08-21T09:28:01Z,BTCUSDT,BUY,0.00100000,77685.10,0.00000000,0.03107404,USDT,
529594249,2026-08-21T09:28:01Z,BTCUSDT,BUY,0.02140000,77691.60,0.00000000,0.66504009,USDT,
529594250,2026-08-21T09:28:01Z,BTCUSDT,BUY,0.00210000,77691.70,0.00000000,0.06526102,USDT,
529594297,2026-08-21T09:28:08Z,BTCUSDT,BUY,0.00890000,77692.90,-0.76790950,0.27658672,USDT,
529594298,2026-08-21T09:28:09Z,BTCUSDT,BUY,0.00120000,77684.10,-0.09297836,0.03728836,USDT,
529594299,2026-08-21T09:28:09Z,BTCUSDT,BUY,0.00770000,77692.90,-0.66437114,0.23929413,USDT,
529594331,2026-08-21T09:28:16Z,BTCUSDT,SELL,0.00100000,77672.30,-0.00932617,0.03106892,USDT,
529594332,2026-08-21T09:28:16Z,BTCUSDT,SELL,0.00130000,77646.70,-0.04540403,0.04037628,USDT,
529594333,2026-08-21T09:28:16Z,BTCUSDT,SELL,0.04920000,77594.50,-4.28660797,1.52705976,USDT,
529594334,2026-08-21T09:28:16Z,BTCUSDT,SELL,0.00100000,77634.50,-0.04712617,0.03105380,USDT,
529594335,2026-08-21T09:28:16Z,BTCUSDT,SELL,0.02470000,77594.50,-2.15201660,0.76663366,USDT,
529594346,2026-08-21T09:28:18Z,BTCUSDT,SELL,0.00440000,77692.80,0.00000000,0.13673932,USDT,
529594360,2026-08-21T09:28:23Z,BTCUSDT,SELL,0.00100000,77655.00,0.00000000,0.03106200,USDT,
529594361,2026-08-21T09:28:23Z,BTCUSDT,SELL,0.00100000,77640.10,0.00000000,0.03105604,USDT,
529594398,2026-08-21T09:28:36Z,BTCUSDT,BUY,0.00030000,77618.70,0.01798781,0.00931424,USDT,
529594399,2026-08-21T09:28:36Z,BTCUSDT,BUY,0.00610000,77622.90,0.34013218,0.18939987,USDT,
529594432,2026-08-21T09:28:41Z,BTCUSDT,SELL,0.00100000,77668.00,-0.01362617,0.03106720,USDT,
529594433,2026-08-21T09:28:41Z,BTCUSDT,SELL,0.00070000,77666.70,-0.01044832,0.02174667,USDT,
529594434,2026-08-21T09:28:41Z,BTCUSDT,SELL,0.00130000,77637.60,-0.05723403,0.04037155,USDT,
529594435,2026-08-21T09:28:41Z,BTCUSDT,SELL,0.03860000,77594.50,-3.36307048,1.19805908,USDT,
529594475,2026-08-21T09:28:48Z,BTCUSDT,BUY,0.01930000,77634.80,0.00000000,0.59934065,USDT,
529594486,2026-08-21T09:28:51Z,BTCUSDT,BUY,0.00780000,77630.90,0.00000000,0.24220840,USDT,
529594487,2026-08-21T09:28:51Z,BTCUSDT,BUY,0.01150000,77634.80,0.00000000,0.35712008,USDT,
529594520,2026-08-21T09:28:59Z,BTCUSDT,SELL,0.00100000,77648.50,0.01448808,0.03105940,USDT,
529594521,2026-08-21T09:28:59Z,BTCUSDT,SELL,0.00120000,77630.40,-0.00433430,0.03726259,USDT,
529594522,2026-08-21T09:28:59Z,BTCUSDT,SELL,0.03640000,77594.50,-1.43823378,1.12977592,USDT,
529594523,2026-08-21T09:28:59Z,BTCUSDT,BUY,0.00100000,77654.80,0.00000000,0.03106192,USDT,
529594524,2026-08-21T09:28:59Z,BTCUSDT,BUY,0.00120000,77664.50,0.00000000,0.03727896,USDT,
529594525,2026-08-21T09:28:59Z,BTCUSDT,BUY,0.01710000,77693.10,0.00000000,0.53142080,USDT,
529594562,2026-08-21T09:29:04Z,BTCUSDT,SELL,0.00100000,77659.30,0.00000000,0.03106372,USDT,
529594563,2026-08-21T09:29:04Z,BTCUSDT,SELL,0.00530000,77647.70,0.00000000,0.16461312,USDT,
529594564,2026-08-21T09:29:04Z,BTCUSDT,SELL,0.00090000,77594.50,0.00000000,0.02793402,USDT,
529594579,2026-08-21T09:29:07Z,BTCUSDT,SELL,0.00070000,77608.10,0.00000000,0.02173026,USDT,
529594580,2026-08-21T09:29:07Z,BTCUSDT,SELL,0.00100000,77598.60,0.00000000,0.03103944,USDT,
529594581,2026-08-21T09:29:07Z,BTCUSDT,SELL,0.00150000,77594.50,0.00000000,0.04655670,USDT,
529594582,2026-08-21T09:29:09Z,BTCUSDT,SELL,0.00070000,77609.20,-0.05609611,0.02173057,USDT,
529594583,2026-08-21T09:29:09Z,BTCUSDT,SELL,0.00100000,77598.00,-0.09133730,0.03103920,USDT,
529594584,2026-08-21T09:29:09Z,BTCUSDT,SELL,0.01760000,77594.50,-1.66913658,0.54626528,USDT,
529594594,2026-08-21T09:29:14Z,BTCUSDT,SELL,0.00120000,77605.60,0.00000000,0.03725068,USDT,
529594595,2026-08-21T09:29:14Z,BTCUSDT,SELL,0.00100000,77596.70,0.00000000,0.03103868,USDT,
529594596,2026-08-21T09:29:14Z,BTCUSDT,SELL,0.00220000,77594.60,0.00000000,0.06828324,USDT,
529594604,2026-08-21T09:29:17Z,BTCUSDT,SELL,0.00120000,77602.80,0.00000000,0.03724934,USDT,
529594605,2026-08-21T09:29:17Z,BTCUSDT,SELL,0.00080000,77594.60,0.00000000,0.02483027,USDT,
529594606,2026-08-21T09:29:17Z,BTCUSDT,BUY,0.00120000,77610.60,0.00826285,0.03725308,USDT,
529594607,2026-08-21T09:29:17Z,BTCUSDT,BUY,0.00100000,77615.20,0.00228571,0.03104608,USDT,
529594608,2026-08-21T09:29:17Z,BTCUSDT,BUY,0.00820000,77617.00,0.00398285,0.25458376,USDT,
529594622,2026-08-21T09:29:23Z,BTCUSDT,BUY,0.01280000,77616.90,0.00000000,0.39739852,USDT,
529594626,2026-08-21T09:29:25Z,BTCUSDT,BUY,0.00640000,77616.90,0.00374857,0.19869926,USDT,
529594628,2026-08-21T09:29:25Z,BTCUSDT,BUY,0.01290000,77616.90,0.00000000,0.40050320,USDT,
529594673,2026-08-21T09:29:34Z,BTCUSDT,SELL,0.00100000,77596.20,-0.02070000,0.03103848,USDT,
529594674,2026-08-21T09:29:34Z,BTCUSDT,SELL,0.02470000,77593.80,-0.57057000,0.76662674,USDT,
529594718,2026-08-21T09:29:48Z,BTCUSDT,SELL,0.00440000,77593.80,0.00000000,0.13656508,USDT,
529594731,2026-08-21T09:29:51Z,BTCUSDT,SELL,0.00200000,77593.80,0.00000000,0.06207504,USDT,
529594739,2026-08-21T09:29:53Z,BTCUSDT,SELL,0.00120000,77635.60,0.00000000,0.03726508,USDT,
529594740,2026-08-21T09:29:53Z,BTCUSDT,SELL,0.00100000,77626.00,0.00000000,0.03105040,USDT,
529594741,2026-08-21T09:29:53Z,BTCUSDT,SELL,0.00220000,77600.00,0.00000000,0.06828800,USDT,
529594745,2026-08-21T09:29:54Z,BTCUSDT,BUY,0.00070000,77654.60,0.00000000,0.02174328,USDT,
529594746,2026-08-21T09:29:54Z,BTCUSDT,BUY,0.00190000,77655.90,0.00000000,0.05901848,USDT,
529594747,2026-08-21T09:29:54Z,BTCUSDT,BUY,0.00120000,77660.60,0.00000000,0.03727708,USDT,
529594748,2026-08-21T09:29:54Z,BTCUSDT,BUY,0.00120000,77660.90,0.00000000,0.03727723,USDT,
529594749,2026-08-21T09:29:54Z,BTCUSDT,BUY,0.00080000,77660.90,0.00000000,0.02485148,USDT,
529594750,2026-08-21T09:29:54Z,BTCUSDT,BUY,0.00100000,77660.90,0.00000000,0.03106436,USDT,
529594751,2026-08-21T09:29:54Z,BTCUSDT,BUY,0.01250000,77661.50,0.00000000,0.38830750,USDT,
529594761,2026-08-21T09:29:56Z,BTCUSDT,SELL,0.00120000,77646.10,0.00000000,0.03727012,USDT,
529594762,2026-08-21T09:29:56Z,BTCUSDT,SELL,0.00080000,77638.50,0.00000000,0.02484432,USDT,
529594767,2026-08-21T09:29:59Z,BTCUSDT,BUY,0.00070000,77664.20,-0.03864218,0.02174597,USDT,
529594768,2026-08-21T09:29:59Z,BTCUSDT,BUY,0.00100000,77670.10,-0.06110312,0.03106804,USDT,
529594769,2026-08-21T09:29:59Z,BTCUSDT,BUY,0.00100000,77670.10,-0.06110312,0.03106804,USDT,
529594770,2026-08-21T09:29:59Z,BTCUSDT,BUY,0.00070000,77670.10,-0.04277218,0.02174762,USDT,
529594771,2026-08-21T09:29:59Z,BTCUSDT,BUY,0.00100000,77672.20,-0.06320312,0.03106888,USDT,
529594772,2026-08-21T09:29:59Z,BTCUSDT,BUY,0.00200000,77673.60,-0.12920625,0.06213888,USDT,
529594863,2026-08-21T09:30:07Z,BTCUSDT,SELL,0.00070000,77693.10,0.02278554,0.02175406,USDT,
529594864,2026-08-21T09:30:07Z,BTCUSDT,SELL,0.00100000,77681.90,0.02135077,0.03107276,USDT,
529594865,2026-08-21T09:30:07Z,BTCUSDT,SELL,0.00130000,77672.00,0.01488601,0.04038944,USDT,
529594866,2026-08-21T09:30:07Z,BTCUSDT,SELL,0.00020000,77654.60,-0.00118984,0.00621236,USDT,
529594867,2026-08-21T09:30:07Z,BTCUSDT,SELL,0.00530000,77617.70,-0.22710088,0.16454952,USDT,
529594868,2026-08-21T09:30:07Z,BTCUSDT,SELL,0.01080000,77600.00,-0.65393160,0.33523199,USDT,
529595078,2026-08-21T09:31:01Z,BTCUSDT,SELL,0.00440000,77687.50,0.00000000,0.13672999,USDT,
529595090,2026-08-21T09:31:06Z,BTCUSDT,SELL,0.00200000,77687.40,0.00000000,0.06214992,USDT,
529595210,2026-08-21T09:31:42Z,BTCUSDT,BUY,0.00640000,77702.10,-0.34475000,0.19891737,USDT,
529595233,2026-08-21T09:31:52Z,BTCUSDT,BUY,0.00640000,77702.10,-0.34475000,0.19891737,USDT,
529595355,2026-08-21T09:32:16Z,BTCUSDT,BUY,0.01930000,77705.30,0.00000000,0.59988491,USDT,
529595408,2026-08-21T09:32:19Z,BTCUSDT,BUY,0.01930000,77708.10,0.00000000,0.59990653,USDT,
529595582,2026-08-21T09:32:37Z,BTCUSDT,BUY,0.03110000,77726.90,0.00000000,0.96692263,USDT,
529595654,2026-08-21T09:32:41Z,BTCUSDT,BUY,0.03110000,77765.10,0.00000000,0.96739784,USDT,
529595661,2026-08-21T09:32:43Z,BTCUSDT,BUY,0.03130000,77765.10,0.00000000,0.97361905,USDT,
529595694,2026-08-21T09:32:49Z,BTCUSDT,SELL,0.03860000,77765.10,1.00583827,1.20069314,USDT,
529595742,2026-08-21T09:32:58Z,BTCUSDT,SELL,0.00120000,77755.00,0.01914958,0.03732240,USDT,
529595743,2026-08-21T09:32:58Z,BTCUSDT,SELL,0.00150000,77754.20,0.02273697,0.04665252,USDT,
529595744,2026-08-21T09:32:58Z,BTCUSDT,SELL,0.00100000,77751.70,0.01265798,0.03110068,USDT,
529595745,2026-08-21T09:32:58Z,BTCUSDT,SELL,0.00130000,77747.30,0.01073538,0.04042859,USDT,
529595746,2026-08-21T09:32:58Z,BTCUSDT,SELL,0.00530000,77720.20,-0.09986267,0.16476682,USDT,
529595747,2026-08-21T09:32:58Z,BTCUSDT,SELL,0.05210000,77702.80,-1.88820890,1.61932635,USDT,
529595812,2026-08-21T09:33:02Z,BTCUSDT,SELL,0.00100000,77767.80,0.02875798,0.03110712,USDT,
529595813,2026-08-21T09:33:02Z,BTCUSDT,SELL,0.00120000,77767.50,0.03414958,0.03732840,USDT,
529595814,2026-08-21T09:33:02Z,BTCUSDT,SELL,0.00200000,77765.10,0.05211597,0.06221208,USDT,
529595815,2026-08-21T09:33:02Z,BTCUSDT,SELL,0.00130000,77754.90,0.02061538,0.04043254,USDT,
529595816,2026-08-21T09:33:02Z,BTCUSDT,SELL,0.00150000,77717.50,-0.03231302,0.04663050,USDT,
529595817,2026-08-21T09:33:02Z,BTCUSDT,SELL,0.00530000,77691.80,-0.25038267,0.16470661,USDT,
529595818,2026-08-21T09:33:02Z,BTCUSDT,SELL,0.01880000,77687.50,-0.96898985,0.58421000,USDT,
529595842,2026-08-21T09:33:08Z,BTCUSDT,SELL,0.00130000,77759.90,0.00000000,0.04043514,USDT,
529595843,2026-08-21T09:33:08Z,BTCUSDT,SELL,0.00100000,77757.50,0.00000000,0.03110300,USDT,
529595844,2026-08-21T09:33:08Z,BTCUSDT,SELL,0.00210000,77736.00,0.00000000,0.06529823,USDT,
529595861,2026-08-21T09:33:11Z,BTCUSDT,SELL,0.00120000,77768.90,0.00000000,0.03732907,USDT,
529595862,2026-08-21T09:33:11Z,BTCUSDT,SELL,0.00080000,77767.20,0.00000000,0.02488550,USDT,
529596075,2026-08-21T09:33:32Z,BTCUSDT,BUY,0.00640000,77892.00,-0.88139000,0.19940352,USDT,
529596130,2026-08-21T09:33:52Z,BTCUSDT,SELL,0.00440000,77867.80,0.00000000,0.13704732,USDT,
529596133,2026-08-21T09:33:52Z,BTCUSDT,BUY,0.02080000,77892.00,0.00000000,0.64806144,USDT,
529596148,2026-08-21T09:33:56Z,BTCUSDT,SELL,0.00200000,77867.80,0.00000000,0.06229424,USDT,
529596150,2026-08-21T09:33:56Z,BTCUSDT,BUY,0.02080000,77892.00,0.00000000,0.64806144,USDT,
529596203,2026-08-21T09:34:15Z,BTCUSDT,SELL,0.00440000,77891.70,0.00000000,0.13708939,USDT,
529596205,2026-08-21T09:34:15Z,BTCUSDT,SELL,0.00440000,77891.70,0.00000000,0.13708939,USDT,
529596209,2026-08-21T09:34:17Z,BTCUSDT,SELL,0.04160000,77891.70,-0.01248000,1.29611788,USDT,
529596212,2026-08-21T09:34:18Z,BTCUSDT,SELL,0.00200000,77891.70,0.00000000,0.06231336,USDT,
529596214,2026-08-21T09:34:19Z,BTCUSDT,SELL,0.00200000,77891.70,0.00000000,0.06231336,USDT,
529596271,2026-08-21T09:34:30Z,BTCUSDT,BUY,0.00640000,77892.50,-0.05610666,0.19940480,USDT,
529596333,2026-08-21T09:34:39Z,BTCUSDT,BUY,0.00640000,77897.90,-0.09066666,0.19941862,USDT,
529596345,2026-08-21T09:34:45Z,BTCUSDT,BUY,0.00640000,77891.80,-0.05162666,0.19940300,USDT,
529596353,2026-08-21T09:34:48Z,BTCUSDT,BUY,0.03110000,77891.80,0.00000000,0.96897399,USDT,
529596365,2026-08-21T09:34:52Z,BTCUSDT,BUY,0.03110000,77895.10,0.00000000,0.96901504,USDT,
529596652,2026-08-21T09:35:37Z,BTCUSDT,SELL,0.06220000,77901.50,0.50070999,1.93818932,USDT,
529596662,2026-08-21T09:35:42Z,BTCUSDT,SELL,0.00440000,77901.50,0.00000000,0.13710664,USDT,
529596670,2026-08-21T09:35:47Z,BTCUSDT,SELL,0.00120000,77930.40,0.00000000,0.03740659,USDT,
529596671,2026-08-21T09:35:47Z,BTCUSDT,SELL,0.00080000,77916.10,0.00000000,0.02493315,USDT,
529596792,2026-08-21T09:36:21Z,BTCUSDT,BUY,0.00640000,77863.70,0.28828000,0.19933107,USDT,
529596872,2026-08-21T09:36:43Z,BTCUSDT,SELL,0.00440000,77850.60,0.00000000,0.13701705,USDT,
529596936,2026-08-21T09:36:48Z,BTCUSDT,SELL,0.00200000,77842.30,0.00000000,0.06227384,USDT,
529596946,2026-08-21T09:36:53Z,BTCUSDT,BUY,0.03850000,77842.90,0.00000000,1.19878066,USDT,
529596947,2026-08-21T09:36:54Z,BTCUSDT,BUY,0.01920000,77842.90,0.00000000,0.59783347,USDT,
529596956,2026-08-21T09:36:57Z,BTCUSDT,BUY,0.03850000,77842.90,0.00000000,1.19878066,USDT,
529596958,2026-08-21T09:36:58Z,BTCUSDT,BUY,0.01930000,77842.90,0.00000000,0.60094718,USDT,
529597038,2026-08-21T09:37:08Z,BTCUSDT,BUY,0.00640000,77865.10,-0.10940000,0.19933465,USDT,
529597282,2026-08-21T09:37:48Z,BTCUSDT,SELL,0.00120000,77859.40,0.01980000,0.03737251,USDT,
529597283,2026-08-21T09:37:48Z,BTCUSDT,SELL,0.00100000,77854.00,0.01109999,0.03114160,USDT,
529597284,2026-08-21T09:37:48Z,BTCUSDT,SELL,0.00150000,77846.80,0.00584999,0.04670808,USDT,
529597285,2026-08-21T09:37:48Z,BTCUSDT,SELL,0.07330000,77839.20,-0.27121000,2.28224534,USDT,
529597291,2026-08-21T09:37:49Z,BTCUSDT,SELL,0.00100000,77848.40,0.00550000,0.03113936,USDT,
529597292,2026-08-21T09:37:49Z,BTCUSDT,SELL,0.00130000,77839.80,-0.00403000,0.04047669,USDT,
529597293,2026-08-21T09:37:49Z,BTCUSDT,SELL,0.03620000,77839.20,-0.13394000,1.12711161,USDT,
529597308,2026-08-21T09:37:55Z,BTCUSDT,SELL,0.00070000,77870.40,0.00000000,0.02180371,USDT,
529597309,2026-08-21T09:37:55Z,BTCUSDT,SELL,0.00150000,77868.50,0.00000000,0.04672110,USDT,
529597310,2026-08-21T09:37:55Z,BTCUSDT,SELL,0.00100000,77859.50,0.00000000,0.03114380,USDT,
529597311,2026-08-21T09:37:55Z,BTCUSDT,SELL,0.00120000,77846.10,0.00000000,0.03736612,USDT,
529597317,2026-08-21T09:37:56Z,BTCUSDT,BUY,0.00130000,77870.00,0.00000000,0.04049240,USDT,
529597318,2026-08-21T09:37:56Z,BTCUSDT,BUY,0.00080000,77870.50,0.00000000,0.02491856,USDT,
529597319,2026-08-21T09:37:56Z,BTCUSDT,BUY,0.01710000,77871.70,0.00000000,0.53264242,USDT,
529597350,2026-08-21T09:37:59Z,BTCUSDT,SELL,0.00120000,77887.20,0.00000000,0.03738585,USDT,
529597351,2026-08-21T09:37:59Z,BTCUSDT,SELL,0.00080000,77881.70,0.00000000,0.02492214,USDT,
529597361,2026-08-21T09:38:01Z,BTCUSDT,BUY,0.01930000,77900.50,0.00000000,0.60139186,USDT,
529597387,2026-08-21T09:38:06Z,BTCUSDT,SELL,0.00070000,77856.70,0.00000000,0.02179987,USDT,
529597388,2026-08-21T09:38:06Z,BTCUSDT,SELL,0.00100000,77847.70,0.00000000,0.03113908,USDT,
529597389,2026-08-21T09:38:06Z,BTCUSDT,SELL,0.00130000,77846.50,0.00000000,0.04048017,USDT,
529597390,2026-08-21T09:38:06Z,BTCUSDT,SELL,0.00140000,77838.80,0.00000000,0.04358972,USDT,
529597407,2026-08-21T09:38:11Z,BTCUSDT,SELL,0.00070000,77896.00,0.00000000,0.02181088,USDT,
529597408,2026-08-21T09:38:11Z,BTCUSDT,SELL,0.00100000,77887.90,0.00000000,0.03115516,USDT,
529597409,2026-08-21T09:38:11Z,BTCUSDT,SELL,0.00030000,77881.70,0.00000000,0.00934580,USDT,
529597566,2026-08-21T09:38:56Z,BTCUSDT,SELL,0.00440000,77893.30,0.00000000,0.13709220,USDT,
529597581,2026-08-21T09:39:00Z,BTCUSDT,SELL,0.00200000,77898.90,0.00000000,0.06231912,USDT,
529597638,2026-08-21T09:39:14Z,BTCUSDT,BUY,0.00640000,77900.50,-0.16755333,0.19942528,USDT,
529597789,2026-08-21T09:39:41Z,BTCUSDT,BUY,0.00130000,77894.20,-0.02584427,0.04050498,USDT,
529597790,2026-08-21T09:39:41Z,BTCUSDT,BUY,0.00510000,77900.50,-0.13351906,0.15891702,USDT,
529597833,2026-08-21T09:39:50Z,BTCUSDT,BUY,0.00120000,77867.30,0.00000000,0.03737630,USDT,
529597834,2026-08-21T09:39:50Z,BTCUSDT,BUY,0.00100000,77870.90,0.00000000,0.03114836,USDT,
529597835,2026-08-21T09:39:50Z,BTCUSDT,BUY,0.00130000,77889.10,0.00000000,0.04050233,USDT,
529597836,2026-08-21T09:39:50Z,BTCUSDT,BUY,0.01570000,77900.50,0.00000000,0.48921514,USDT,
529597837,2026-08-21T09:39:50Z,BTCUSDT,BUY,0.00100000,77869.90,0.00441979,0.03114796,USDT,
529597838,2026-08-21T09:39:50Z,BTCUSDT,BUY,0.00130000,77891.50,-0.02233427,0.04050357,USDT,
529597839,2026-08-21T09:39:50Z,BTCUSDT,BUY,0.00410000,77900.50,-0.10733885,0.12775682,USDT,
529597850,2026-08-21T09:39:55Z,BTCUSDT,BUY,0.00120000,77877.00,0.00000000,0.03738096,USDT,
529597851,2026-08-21T09:39:55Z,BTCUSDT,BUY,0.00100000,77884.20,0.00000000,0.03115368,USDT,
529597852,2026-08-21T09:39:55Z,BTCUSDT,BUY,0.00130000,77899.30,0.00000000,0.04050763,USDT,
529597853,2026-08-21T09:39:55Z,BTCUSDT,BUY,0.01580000,77900.50,0.00000000,0.49233116,USDT,
529597908,2026-08-21T09:40:04Z,BTCUSDT,SELL,0.00100000,77859.80,-0.03178506,0.03114392,USDT,
529597909,2026-08-21T09:40:04Z,BTCUSDT,SELL,0.00130000,77858.70,-0.04275058,0.04048652,USDT,
529597910,2026-08-21T09:40:04Z,BTCUSDT,SELL,0.03620000,77838.90,-1.90719935,1.12710727,USDT,
529598202,2026-08-21T09:40:47Z,BTCUSDT,SELL,0.03850000,77911.40,0.76287500,1.19983555,USDT,
529611630,2026-08-21T10:09:57Z,BTCUSDT,SELL,0.00120000,77696.30,0.00000000,0.03729422,USDT,
529611631,2026-08-21T10:09:57Z,BTCUSDT,SELL,0.00770000,77688.70,0.00000000,0.23928119,USDT,
529611640,2026-08-21T10:10:00Z,BTCUSDT,SELL,0.00380000,77705.40,0.00000000,0.11811220,USDT,
529611685,2026-08-21T10:10:08Z,BTCUSDT,BUY,0.01270000,77708.30,-0.17634000,0.39475816,USDT,
529611766,2026-08-21T10:10:19Z,BTCUSDT,BUY,0.06240000,77715.40,0.00000000,1.93977638,USDT,
529611799,2026-08-21T10:10:22Z,BTCUSDT,BUY,0.06250000,77722.30,0.00000000,1.94305750,USDT,
529611875,2026-08-21T10:10:32Z,BTCUSDT,SELL,0.00100000,77712.60,-0.00625276,0.03108504,USDT,
529611876,2026-08-21T10:10:32Z,BTCUSDT,SELL,0.00120000,77709.60,-0.01110331,0.03730060,USDT,
529611877,2026-08-21T10:10:32Z,BTCUSDT,SELL,0.00130000,77696.30,-0.02931859,0.04040207,USDT,
529611878,2026-08-21T10:10:32Z,BTCUSDT,SELL,0.04770000,77682.00,-1.75787675,1.48217256,USDT,
529611879,2026-08-21T10:10:32Z,BTCUSDT,SELL,0.07370000,77682.00,-2.71604857,2.29006535,USDT,
529611895,2026-08-21T10:10:34Z,BTCUSDT,SELL,0.00120000,77718.80,0.00000000,0.03730502,USDT,
529611896,2026-08-21T10:10:34Z,BTCUSDT,SELL,0.00100000,77715.40,0.00000000,0.03108616,USDT,
529611897,2026-08-21T10:10:34Z,BTCUSDT,SELL,0.00130000,77699.50,0.00000000,0.04040374,USDT,
529611898,2026-08-21T10:10:34Z,BTCUSDT,SELL,0.00370000,77682.00,0.00000000,0.11496936,USDT,
529611906,2026-08-21T10:10:37Z,BTCUSDT,SELL,0.00070000,77725.90,0.00000000,0.02176325,USDT,
529611907,2026-08-21T10:10:37Z,BTCUSDT,SELL,0.00100000,77718.10,0.00000000,0.03108724,USDT,
529611908,2026-08-21T10:10:37Z,BTCUSDT,SELL,0.00130000,77698.10,0.00000000,0.04040301,USDT,
529611909,2026-08-21T10:10:37Z,BTCUSDT,SELL,0.00020000,77682.00,0.00000000,0.00621456,USDT,
529612136,2026-08-21T10:10:46Z,BTCUSDT,BUY,0.01040000,77812.80,-1.17225000,0.32370124,USDT,
529612548,2026-08-21T10:11:21Z,BTCUSDT,BUY,0.00030000,77889.10,0.00000000,0.00934669,USDT,
529612549,2026-08-21T10:11:21Z,BTCUSDT,BUY,0.01890000,77931.10,0.00000000,0.58915911,USDT,
529612565,2026-08-21T10:11:23Z,BTCUSDT,BUY,0.01930000,77931.20,0.00000000,0.60162886,USDT,
529612659,2026-08-21T10:11:32Z,BTCUSDT,SELL,0.00300000,77918.80,-0.03606857,0.09350256,USDT,
529612660,2026-08-21T10:11:32Z,BTCUSDT,SELL,0.03550000,77918.70,-0.43036142,1.10644554,USDT,
529612875,2026-08-21T10:11:51Z,BTCUSDT,SELL,0.00100000,77944.70,0.00000000,0.03117788,USDT,
529612876,2026-08-21T10:11:51Z,BTCUSDT,SELL,0.00340000,77918.70,0.00000000,0.10596943,USDT,
529612933,2026-08-21T10:11:53Z,BTCUSDT,SELL,0.00200000,78044.10,0.00000000,0.06243528,USDT,
529612957,2026-08-21T10:12:02Z,BTCUSDT,BUY,0.00640000,78044.20,-0.52640000,0.19979315,USDT,
529613490,2026-08-21T10:15:23Z,BTCUSDT,SELL,0.00440000,78038.40,0.00000000,0.13734758,USDT,
529613507,2026-08-21T10:15:28Z,BTCUSDT,SELL,0.00010000,78042.10,0.00000000,0.00312168,USDT,
529613508,2026-08-21T10:15:28Z,BTCUSDT,SELL,0.00190000,78038.40,0.00000000,0.05930918,USDT,
529613532,2026-08-21T10:15:38Z,BTCUSDT,BUY,0.00640000,78045.60,-0.04570999,0.19979673,USDT,
529613713,2026-08-21T10:16:58Z,BTCUSDT,SELL,0.00440000,78045.50,0.00000000,0.13736008,USDT,
529613738,2026-08-21T10:17:01Z,BTCUSDT,SELL,0.00200000,78045.60,0.00000000,0.06243648,USDT,
529613753,2026-08-21T10:17:07Z,BTCUSDT,BUY,0.03100000,78051.60,0.00000000,0.96783984,USDT,
529613761,2026-08-21T10:17:09Z,BTCUSDT,BUY,0.03110000,78051.60,0.00000000,0.97096190,USDT,
529613783,2026-08-21T10:17:17Z,BTCUSDT,BUY,0.00640000,78052.70,-0.04587999,0.19981491,USDT,
529613788,2026-08-21T10:17:18Z,BTCUSDT,SELL,0.06210000,78045.70,-0.36639000,1.93865518,USDT,
529613835,2026-08-21T10:17:33Z,BTCUSDT,SELL,0.00120000,78045.70,0.00000000,0.03746193,USDT,
529613836,2026-08-21T10:17:33Z,BTCUSDT,SELL,0.00600000,78045.60,0.00000000,0.18730944,USDT,
529613841,2026-08-21T10:17:36Z,BTCUSDT,SELL,0.00120000,78048.70,0.00000000,0.03746337,USDT,
529613842,2026-08-21T10:17:36Z,BTCUSDT,SELL,0.00180000,78045.60,0.00000000,0.05619283,USDT,
529613882,2026-08-21T10:17:48Z,BTCUSDT,BUY,0.00120000,78049.80,-0.00458823,0.03746390,USDT,
529613883,2026-08-21T10:17:48Z,BTCUSDT,BUY,0.00900000,78052.70,-0.06051176,0.28098972,USDT,
529613942,2026-08-21T10:18:07Z,BTCUSDT,BUY,0.01910000,78053.50,0.00000000,0.59632874,USDT,
529613990,2026-08-21T10:18:10Z,BTCUSDT,BUY,0.01930000,78060.20,0.00000000,0.60262474,USDT,
529614019,2026-08-21T10:18:18Z,BTCUSDT,SELL,0.03840000,78061.40,0.17405000,1.19902310,USDT,
529614504,2026-08-21T10:19:37Z,BTCUSDT,BUY,0.01910000,78194.10,0.00000000,0.59740292,USDT,
529614508,2026-08-21T10:19:39Z,BTCUSDT,BUY,0.01930000,78194.10,0.00000000,0.60365845,USDT,
529614524,2026-08-21T10:19:48Z,BTCUSDT,SELL,0.00100000,78174.20,-0.01990000,0.03126968,USDT,
529614525,2026-08-21T10:19:48Z,BTCUSDT,SELL,0.00070000,78171.30,-0.01596000,0.02188796,USDT,
529614526,2026-08-21T10:19:48Z,BTCUSDT,SELL,0.00150000,78147.80,-0.06945000,0.04688868,USDT,
529614527,2026-08-21T10:19:48Z,BTCUSDT,SELL,0.00130000,78147.40,-0.06071000,0.04063664,USDT,
529614528,2026-08-21T10:19:48Z,BTCUSDT,SELL,0.00530000,78143.60,-0.26765000,0.16566443,USDT,
529614529,2026-08-21T10:19:48Z,BTCUSDT,SELL,0.00100000,78115.90,-0.07820000,0.03124636,USDT,
529614530,2026-08-21T10:19:48Z,BTCUSDT,SELL,0.02760000,78045.60,-4.09860000,0.86162342,USDT,
529614542,2026-08-21T10:19:52Z,BTCUSDT,SELL,0.00100000,78175.30,0.00000000,0.03127012,USDT,
529614543,2026-08-21T10:19:52Z,BTCUSDT,SELL,0.00130000,78148.50,0.00000000,0.04063722,USDT,
529614544,2026-08-21T10:19:52Z,BTCUSDT,SELL,0.00210000,78147.20,0.00000000,0.06564364,USDT,
529614545,2026-08-21T10:19:55Z,BTCUSDT,SELL,0.00100000,78155.60,0.00000000,0.03126223,USDT,
529614546,2026-08-21T10:19:55Z,BTCUSDT,SELL,0.00090000,78138.30,0.00000000,0.02812978,USDT,
529614550,2026-08-21T10:19:56Z,BTCUSDT,BUY,0.00100000,78181.20,-0.02920952,0.03127248,USDT,
529614551,2026-08-21T10:19:56Z,BTCUSDT,BUY,0.00530000,78194.10,-0.22318047,0.16577149,USDT,
529614661,2026-08-21T10:20:25Z,BTCUSDT,BUY,0.00100000,78189.90,0.00000000,0.03127596,USDT,
529614662,2026-08-21T10:20:25Z,BTCUSDT,BUY,0.00130000,78193.70,0.00000000,0.04066072,USDT,
529614663,2026-08-21T10:20:25Z,BTCUSDT,BUY,0.01040000,78195.00,0.00000000,0.32529120,USDT,
529614670,2026-08-21T10:20:28Z,BTCUSDT,BUY,0.01280000,78195.00,0.00000000,0.40035840,USDT,
529614691,2026-08-21T10:20:38Z,BTCUSDT,SELL,0.00070000,78122.30,-0.05070360,0.02187424,USDT,
529614692,2026-08-21T10:20:38Z,BTCUSDT,SELL,0.00100000,78119.60,-0.07513372,0.03124784,USDT,
529614693,2026-08-21T10:20:38Z,BTCUSDT,SELL,0.00140000,78119.60,-0.10518721,0.04374697,USDT,
529614694,2026-08-21T10:20:38Z,BTCUSDT,SELL,0.00070000,78119.60,-0.05259360,0.02187348,USDT,
529614695,2026-08-21T10:20:38Z,BTCUSDT,SELL,0.00100000,78119.60,-0.07513372,0.03124784,USDT,
529614696,2026-08-21T10:20:38Z,BTCUSDT,SELL,0.00100000,78119.60,-0.07513372,0.03124784,USDT,
529614697,2026-08-21T10:20:38Z,BTCUSDT,SELL,0.00080000,78119.60,-0.06010698,0.02499827,USDT,
529614698,2026-08-21T10:20:38Z,BTCUSDT,SELL,0.00100000,78118.50,-0.07623372,0.03124740,USDT,
529614699,2026-08-21T10:20:38Z,BTCUSDT,SELL,0.00070000,78114.80,-0.05595360,0.02187214,USDT,
529614700,2026-08-21T10:20:38Z,BTCUSDT,SELL,0.00130000,78111.10,-0.10872384,0.04061777,USDT,
529614701,2026-08-21T10:20:38Z,BTCUSDT,SELL,0.01590000,78088.00,-1.69706623,0.49663968,USDT,
529614819,2026-08-21T10:20:59Z,BTCUSDT,SELL,0.00890000,78118.30,0.00000000,0.27810114,USDT,
529614833,2026-08-21T10:21:02Z,BTCUSDT,SELL,0.00310000,78118.40,0.00000000,0.09686681,USDT,
529614834,2026-08-21T10:21:02Z,BTCUSDT,SELL,0.00070000,78118.40,0.00000000,0.02187315,USDT,
529614856,2026-08-21T10:21:10Z,BTCUSDT,BUY,0.01270000,78119.70,-0.01739999,0.39684807,USDT,
529614912,2026-08-21T10:21:14Z,BTCUSDT,BUY,0.01910000,78119.70,0.00000000,0.59683450,USDT,
529614919,2026-08-21T10:21:17Z,BTCUSDT,BUY,0.01930000,78119.70,0.00000000,0.60308408,USDT,
529614939,2026-08-21T10:21:27Z,BTCUSDT,SELL,0.03240000,78110.70,-0.29160000,1.01231467,USDT,
529614940,2026-08-21T10:21:27Z,BTCUSDT,SELL,0.00600000,78110.60,-0.05459999,0.18746544,USDT,
529615019,2026-08-21T10:21:45Z,BTCUSDT,SELL,0.00890000,78086.60,0.00000000,0.27798829,USDT,
529615044,2026-08-21T10:21:48Z,BTCUSDT,SELL,0.00380000,78086.60,0.00000000,0.11869163,USDT,
529615150,2026-08-21T10:21:57Z,BTCUSDT,BUY,0.00100000,78084.00,0.00260000,0.03123360,USDT,
529615151,2026-08-21T10:21:57Z,BTCUSDT,BUY,0.00120000,78086.40,0.00023999,0.03748147,USDT,
529615152,2026-08-21T10:21:57Z,BTCUSDT,BUY,0.01050000,78087.20,-0.00629999,0.32796624,USDT,
529615606,2026-08-21T10:23:07Z,BTCUSDT,SELL,0.00440000,78004.40,0.00000000,0.13728774,USDT,
529615614,2026-08-21T10:23:10Z,BTCUSDT,SELL,0.00200000,78004.40,0.00000000,0.06240352,USDT,
529615633,2026-08-21T10:23:19Z,BTCUSDT,BUY,0.00640000,78016.50,-0.07743999,0.19972224,USDT,
529615719,2026-08-21T10:23:53Z,BTCUSDT,SELL,0.00020000,78005.10,0.00000000,0.00624040,USDT,
529615720,2026-08-21T10:23:53Z,BTCUSDT,SELL,0.00420000,78004.40,0.00000000,0.13104739,USDT,
529615724,2026-08-21T10:23:55Z,BTCUSDT,BUY,0.00120000,78016.40,0.00000000,0.03744787,USDT,
529615725,2026-08-21T10:23:55Z,BTCUSDT,BUY,0.01790000,78018.50,0.00000000,0.55861246,USDT,
529615726,2026-08-21T10:23:56Z,BTCUSDT,SELL,0.00200000,78004.40,0.00000000,0.06240352,USDT,
529615748,2026-08-21T10:24:02Z,BTCUSDT,BUY,0.00120000,78011.50,0.00000000,0.03744552,USDT,
529615749,2026-08-21T10:24:02Z,BTCUSDT,BUY,0.01810000,78018.40,0.00000000,0.56485321,USDT,
529615774,2026-08-21T10:24:08Z,BTCUSDT,BUY,0.00150000,78004.50,-0.00011718,0.04680270,USDT,
529615775,2026-08-21T10:24:08Z,BTCUSDT,BUY,0.00130000,78014.90,-0.01362156,0.04056774,USDT,
529615776,2026-08-21T10:24:08Z,BTCUSDT,BUY,0.00100000,78015.70,-0.01127812,0.03120628,USDT,
529615777,2026-08-21T10:24:08Z,BTCUSDT,BUY,0.00260000,78018.40,-0.03634312,0.08113913,USDT,
529615789,2026-08-21T10:24:11Z,BTCUSDT,SELL,0.03840000,78003.40,-0.56710999,1.19813222,USDT,
529615848,2026-08-21T10:24:43Z,BTCUSDT,SELL,0.00440000,78003.40,0.00000000,0.13728598,USDT,
529615857,2026-08-21T10:24:45Z,BTCUSDT,SELL,0.00200000,78003.40,0.00000000,0.06240272,USDT,
529615878,2026-08-21T10:24:54Z,BTCUSDT,BUY,0.00070000,78008.90,-0.00384999,0.02184249,USDT,
529615879,2026-08-21T10:24:54Z,BTCUSDT,BUY,0.00570000,78018.00,-0.08321999,0.17788104,USDT,
529616082,2026-08-21T10:25:48Z,BTCUSDT,BUY,0.00150000,78012.40,0.00000000,0.04680744,USDT,
529616083,2026-08-21T10:25:48Z,BTCUSDT,BUY,0.01760000,78013.30,0.00000000,0.54921363,USDT,
529616090,2026-08-21T10:25:51Z,BTCUSDT,BUY,0.00120000,78006.80,0.00000000,0.03744326,USDT,
529616091,2026-08-21T10:25:51Z,BTCUSDT,BUY,0.01810000,78013.30,0.00000000,0.56481629,USDT,
529616092,2026-08-21T10:25:51Z,BTCUSDT,SELL,0.00440000,78003.40,0.00000000,0.13728598,USDT,
529616098,2026-08-21T10:25:54Z,BTCUSDT,SELL,0.00200000,78010.60,0.00000000,0.06240848,USDT,
529616125,2026-08-21T10:26:02Z,BTCUSDT,BUY,0.00640000,78006.10,-0.00287999,0.19969561,USDT,
529616126,2026-08-21T10:26:02Z,BTCUSDT,SELL,0.03840000,78003.40,-0.37100999,1.19813222,USDT,
529616486,2026-08-21T10:26:29Z,BTCUSDT,BUY,0.00100000,77963.80,0.00000000,0.03118552,USDT,
529616487,2026-08-21T10:26:29Z,BTCUSDT,BUY,0.00130000,77965.50,0.00000000,0.04054206,USDT,
529616488,2026-08-21T10:26:29Z,BTCUSDT,BUY,0.00120000,77971.20,0.00000000,0.03742617,USDT,
529616489,2026-08-21T10:26:29Z,BTCUSDT,BUY,0.01560000,78005.20,0.00000000,0.48675244,USDT,
529616519,2026-08-21T10:26:32Z,BTCUSDT,BUY,0.00120000,77962.50,0.00000000,0.03742199,USDT,
529616520,2026-08-21T10:26:32Z,BTCUSDT,BUY,0.00100000,77963.20,0.00000000,0.03118528,USDT,
529616521,2026-08-21T10:26:32Z,BTCUSDT,BUY,0.00130000,77970.30,0.00000000,0.04054455,USDT,
529616522,2026-08-21T10:26:32Z,BTCUSDT,BUY,0.00070000,78004.00,0.00000000,0.02184112,USDT,
529616523,2026-08-21T10:26:32Z,BTCUSDT,BUY,0.01510000,78005.20,0.00000000,0.47115140,USDT,
529616539,2026-08-21T10:26:37Z,BTCUSDT,SELL,0.00440000,77862.30,0.00000000,0.13703764,USDT,
529616553,2026-08-21T10:26:39Z,BTCUSDT,SELL,0.00200000,77862.30,0.00000000,0.06228984,USDT,
529616585,2026-08-21T10:26:46Z,BTCUSDT,SELL,0.03840000,77862.30,-5.21409999,1.19596492,USDT,
529616603,2026-08-21T10:26:48Z,BTCUSDT,BUY,0.00150000,77874.10,-0.01770000,0.04672446,USDT,
529616604,2026-08-21T10:26:48Z,BTCUSDT,BUY,0.00100000,77877.30,-0.01500000,0.03115092,USDT,
529616605,2026-08-21T10:26:48Z,BTCUSDT,BUY,0.00120000,77878.20,-0.01907999,0.03738153,USDT,
529616606,2026-08-21T10:26:48Z,BTCUSDT,BUY,0.00130000,77893.80,-0.04095000,0.04050477,USDT,
529616607,2026-08-21T10:26:48Z,BTCUSDT,BUY,0.00140000,78006.10,-0.20132000,0.04368341,USDT,
529616975,2026-08-21T10:27:50Z,BTCUSDT,SELL,0.00440000,77789.00,0.00000000,0.13690864,USDT,
529616988,2026-08-21T10:27:52Z,BTCUSDT,SELL,0.00130000,77758.10,0.00000000,0.04043421,USDT,
529616989,2026-08-21T10:27:52Z,BTCUSDT,SELL,0.00070000,77752.60,0.00000000,0.02177072,USDT,
529617037,2026-08-21T10:28:02Z,BTCUSDT,BUY,0.00280000,77790.60,-0.03320187,0.08712547,USDT,
529617038,2026-08-21T10:28:02Z,BTCUSDT,BUY,0.00100000,77794.50,-0.01575781,0.03111780,USDT,
529617039,2026-08-21T10:28:02Z,BTCUSDT,BUY,0.00260000,77804.50,-0.06697031,0.08091668,USDT,
529617204,2026-08-21T10:29:05Z,BTCUSDT,SELL,0.00100000,77780.90,0.00000000,0.03111236,USDT,
529617205,2026-08-21T10:29:05Z,BTCUSDT,SELL,0.00070000,77769.70,0.00000000,0.02177551,USDT,
529617206,2026-08-21T10:29:05Z,BTCUSDT,SELL,0.00130000,77764.70,0.00000000,0.04043764,USDT,
529617207,2026-08-21T10:29:05Z,BTCUSDT,SELL,0.00070000,77759.30,0.00000000,0.02177260,USDT,
529617208,2026-08-21T10:29:05Z,BTCUSDT,SELL,0.00070000,77752.60,0.00000000,0.02177072,USDT,
529617218,2026-08-21T10:29:08Z,BTCUSDT,SELL,0.00100000,77780.40,0.00000000,0.03111216,USDT,
529617219,2026-08-21T10:29:08Z,BTCUSDT,SELL,0.00100000,77752.60,0.00000000,0.03110104,USDT,
529617237,2026-08-21T10:29:17Z,BTCUSDT,BUY,0.00640000,77800.00,-0.21486999,0.19916800,USDT,
529617506,2026-08-21T10:30:55Z,BTCUSDT,SELL,0.00440000,77752.60,0.00000000,0.13684457,USDT,
529617524,2026-08-21T10:30:57Z,BTCUSDT,SELL,0.00120000,77798.60,0.00000000,0.03734332,USDT,
529617525,2026-08-21T10:30:57Z,BTCUSDT,SELL,0.00080000,77796.40,0.00000000,0.02489484,USDT,
529617609,2026-08-21T10:31:13Z,BTCUSDT,BUY,0.00640000,77844.40,-0.49728000,0.19928166,USDT,
529618909,2026-08-21T10:33:41Z,BTCUSDT,SELL,0.00440000,77739.80,0.00000000,0.13682204,USDT,
529618961,2026-08-21T10:33:44Z,BTCUSDT,SELL,0.00200000,77720.00,0.00000000,0.06217600,USDT,
529619003,2026-08-21T10:33:52Z,BTCUSDT,BUY,0.00640000,77729.40,0.02695999,0.19898726,USDT,
529619108,2026-08-21T10:34:08Z,BTCUSDT,SELL,0.00440000,77715.10,0.00000000,0.13677857,USDT,
529619125,2026-08-21T10:34:10Z,BTCUSDT,SELL,0.00200000,77715.20,0.00000000,0.06217216,USDT,
529619199,2026-08-21T10:34:18Z,BTCUSDT,BUY,0.00640000,77720.00,-0.03115999,0.19896320,USDT,
529619210,2026-08-21T10:34:21Z,BTCUSDT,BUY,0.04150000,77719.90,0.00000000,1.29015034,USDT,
529619224,2026-08-21T10:34:23Z,BTCUSDT,BUY,0.01340000,77719.90,0.00000000,0.41657866,USDT,
529619225,2026-08-21T10:34:23Z,BTCUSDT,BUY,0.00510000,77719.90,0.00000000,0.15854859,USDT,
529619226,2026-08-21T10:34:23Z,BTCUSDT,BUY,0.02320000,77720.00,0.00000000,0.72124160,USDT,
529619288,2026-08-21T10:34:32Z,BTCUSDT,SELL,0.08320000,77715.10,-0.40168000,2.58635852,USDT,
529619574,2026-08-21T10:35:27Z,BTCUSDT,SELL,0.00440000,77711.30,0.00000000,0.13677188,USDT,
529619584,2026-08-21T10:35:30Z,BTCUSDT,SELL,0.00200000,77711.40,0.00000000,0.06216912,USDT,
529619638,2026-08-21T10:35:38Z,BTCUSDT,BUY,0.00640000,77711.40,-0.00044000,0.19894118,USDT,
529619845,2026-08-21T10:36:17Z,BTCUSDT,BUY,0.03860000,77711.40,0.00000000,1.19986401,USDT,
529619861,2026-08-21T10:36:19Z,BTCUSDT,BUY,0.03860000,77711.40,0.00000000,1.19986401,USDT,
529619914,2026-08-21T10:36:28Z,BTCUSDT,SELL,0.07720000,77711.30,-0.00772000,2.39972494,USDT,
529620090,2026-08-21T10:36:56Z,BTCUSDT,BUY,0.00120000,77724.20,0.00000000,0.03730761,USDT,
529620091,2026-08-21T10:36:56Z,BTCUSDT,BUY,0.06120000,77729.40,0.00000000,1.90281571,USDT,
529620104,2026-08-21T10:36:59Z,BTCUSDT,BUY,0.06250000,77729.40,0.00000000,1.94323500,USDT,
529620190,2026-08-21T10:37:12Z,BTCUSDT,SELL,0.12490000,77726.10,-0.40593000,3.88319595,USDT,
529624069,2026-08-21T10:50:07Z,BTCUSDT,SELL,0.00890000,77804.90,0.00000000,0.27698544,USDT,
529624072,2026-08-21T10:50:09Z,BTCUSDT,SELL,0.00380000,77804.90,0.00000000,0.11826344,USDT,
529624101,2026-08-21T10:50:20Z,BTCUSDT,BUY,0.00030000,77897.50,-0.02778000,0.00934770,USDT,
529624102,2026-08-21T10:50:20Z,BTCUSDT,BUY,0.00100000,77898.50,-0.09359999,0.03115940,USDT,
529624103,2026-08-21T10:50:20Z,BTCUSDT,BUY,0.01140000,77941.00,-1.55154000,0.35541096,USDT,
529624132,2026-08-21T10:50:33Z,BTCUSDT,BUY,0.00100000,77904.80,0.00000000,0.03116192,USDT,
529624133,2026-08-21T10:50:33Z,BTCUSDT,BUY,0.00100000,77912.70,0.00000000,0.03116508,USDT,
529624134,2026-08-21T10:50:33Z,BTCUSDT,BUY,0.00130000,77930.20,0.00000000,0.04052370,USDT,
529624135,2026-08-21T10:50:33Z,BTCUSDT,BUY,0.03520000,77941.00,0.00000000,1.09740928,USDT,
529624140,2026-08-21T10:50:36Z,BTCUSDT,BUY,0.00640000,77914.50,0.00000000,0.19946112,USDT,
529624141,2026-08-21T10:50:36Z,BTCUSDT,BUY,0.00100000,77917.70,0.00000000,0.03116708,USDT,
529624142,2026-08-21T10:50:36Z,BTCUSDT,BUY,0.00130000,77938.90,0.00000000,0.04052822,USDT,
529624143,2026-08-21T10:50:36Z,BTCUSDT,BUY,0.02980000,77941.00,0.00000000,0.92905672,USDT,
529624159,2026-08-21T10:50:42Z,BTCUSDT,SELL,0.00440000,77897.50,0.00000000,0.13709959,USDT,
529624163,2026-08-21T10:50:43Z,BTCUSDT,SELL,0.07610000,77897.50,-3.03938458,2.37119990,USDT,
529624164,2026-08-21T10:50:43Z,BTCUSDT,SELL,0.00090000,77893.50,-0.03954541,0.02804166,USDT,
529624167,2026-08-21T10:50:44Z,BTCUSDT,SELL,0.00100000,77886.30,0.00000000,0.03115452,USDT,
529624168,2026-08-21T10:50:44Z,BTCUSDT,SELL,0.00100000,77883.60,0.00000000,0.03115344,USDT,
529624185,2026-08-21T10:50:51Z,BTCUSDT,BUY,0.00070000,77834.20,0.04156468,0.02179357,USDT,
529624186,2026-08-21T10:50:51Z,BTCUSDT,BUY,0.00100000,77835.00,0.05857812,0.03113400,USDT,
529624187,2026-08-21T10:50:51Z,BTCUSDT,BUY,0.00130000,77862.20,0.04079156,0.04048834,USDT,
529624188,2026-08-21T10:50:51Z,BTCUSDT,BUY,0.00340000,77941.10,-0.16157437,0.10599989,USDT,
529624256,2026-08-21T10:51:14Z,BTCUSDT,SELL,0.00440000,77804.90,0.00000000,0.13693662,USDT,
529624271,2026-08-21T10:51:20Z,BTCUSDT,BUY,0.00100000,77822.30,0.00000000,0.03112892,USDT,
529624272,2026-08-21T10:51:20Z,BTCUSDT,BUY,0.00130000,77825.50,0.00000000,0.04046926,USDT,
529624273,2026-08-21T10:51:20Z,BTCUSDT,BUY,0.01680000,77941.00,0.00000000,0.52376352,USDT,
529624278,2026-08-21T10:51:23Z,BTCUSDT,BUY,0.00100000,77893.90,-0.08900000,0.03115756,USDT,
529624279,2026-08-21T10:51:23Z,BTCUSDT,BUY,0.00130000,77901.30,-0.12532000,0.04050867,USDT,
529624280,2026-08-21T10:51:23Z,BTCUSDT,BUY,0.00210000,77941.00,-0.28581000,0.06547044,USDT,
529624289,2026-08-21T10:51:26Z,BTCUSDT,SELL,0.01140000,77874.20,-0.60105455,0.35510635,USDT,
529624290,2026-08-21T10:51:26Z,BTCUSDT,SELL,0.00130000,77869.40,-0.07478130,0.04049208,USDT,
529624291,2026-08-21T10:51:26Z,BTCUSDT,SELL,0.00100000,77868.50,-0.05842408,0.03114740,USDT,
529624292,2026-08-21T10:51:26Z,BTCUSDT,SELL,0.00070000,77823.20,-0.07260685,0.02179049,USDT,
529624293,2026-08-21T10:51:26Z,BTCUSDT,SELL,0.00470000,77820.40,-0.50066319,0.14630235,USDT,
529624638,2026-08-21T10:52:27Z,BTCUSDT,SELL,0.00440000,77765.70,0.00000000,0.13686763,USDT,
529624643,2026-08-21T10:52:30Z,BTCUSDT,SELL,0.00200000,77765.70,0.00000000,0.06221256,USDT,
529624646,2026-08-21T10:52:31Z,BTCUSDT,BUY,0.01920000,77769.90,0.00000000,0.59727283,USDT,
529624659,2026-08-21T10:52:34Z,BTCUSDT,BUY,0.00480000,77769.90,0.00000000,0.14931820,USDT,
529624660,2026-08-21T10:52:34Z,BTCUSDT,BUY,0.01450000,77770.00,0.00000000,0.45106600,USDT,
529624685,2026-08-21T10:52:39Z,BTCUSDT,BUY,0.00640000,77770.00,-0.02752000,0.19909120,USDT,
529624693,2026-08-21T10:52:42Z,BTCUSDT,SELL,0.03850000,77765.60,-0.16700000,1.19759024,USDT,
529625200,2026-08-21T10:54:47Z,BTCUSDT,SELL,0.00120000,77794.90,0.00000000,0.03734155,USDT,
529625201,2026-08-21T10:54:47Z,BTCUSDT,SELL,0.00320000,77789.80,0.00000000,0.09957094,USDT,
529625204,2026-08-21T10:54:48Z,BTCUSDT,BUY,0.01920000,77801.20,0.00000000,0.59751321,USDT,
529625224,2026-08-21T10:54:49Z,BTCUSDT,SELL,0.00120000,77790.60,0.00000000,0.03733948,USDT,
529625225,2026-08-21T10:54:49Z,BTCUSDT,SELL,0.00080000,77789.80,0.00000000,0.02489273,USDT,
529625245,2026-08-21T10:54:50Z,BTCUSDT,BUY,0.01930000,77801.20,0.00000000,0.60062526,USDT,
529625267,2026-08-21T10:54:58Z,BTCUSDT,BUY,0.00640000,77801.20,-0.06588000,0.19917107,USDT,
529625272,2026-08-21T10:55:00Z,BTCUSDT,SELL,0.00070000,77798.00,-0.00223999,0.02178344,USDT,
529625273,2026-08-21T10:55:00Z,BTCUSDT,SELL,0.00150000,77793.50,-0.01154999,0.04667610,USDT,
529625274,2026-08-21T10:55:00Z,BTCUSDT,SELL,0.03630000,77789.80,-0.41381999,1.12950789,USDT,
529625442,2026-08-21T10:55:23Z,BTCUSDT,BUY,0.00120000,77820.20,0.00000000,0.03735369,USDT,
529625443,2026-08-21T10:55:23Z,BTCUSDT,BUY,0.01800000,77822.30,0.00000000,0.56032056,USDT,
529625452,2026-08-21T10:55:26Z,BTCUSDT,BUY,0.01930000,77822.30,0.00000000,0.60078815,USDT,
529625524,2026-08-21T10:55:44Z,BTCUSDT,SELL,0.03850000,77823.60,0.05257000,1.19848344,USDT,
529625768,2026-08-21T10:56:39Z,BTCUSDT,SELL,0.00070000,77833.40,0.00000000,0.02179335,USDT,
529625769,2026-08-21T10:56:39Z,BTCUSDT,SELL,0.00370000,77823.30,0.00000000,0.11517848,USDT,
529625778,2026-08-21T10:56:42Z,BTCUSDT,SELL,0.00120000,77831.80,0.00000000,0.03735926,USDT,
529625779,2026-08-21T10:56:42Z,BTCUSDT,SELL,0.00080000,77825.80,0.00000000,0.02490425,USDT,
529625816,2026-08-21T10:56:50Z,BTCUSDT,BUY,0.00640000,77840.20,-0.08889000,0.19927091,USDT,
529625959,2026-08-21T10:57:25Z,BTCUSDT,BUY,0.01920000,77834.90,0.00000000,0.59777203,USDT,
529625975,2026-08-21T10:57:27Z,BTCUSDT,BUY,0.00120000,77835.00,0.00000000,0.03736080,USDT,
529625976,2026-08-21T10:57:27Z,BTCUSDT,BUY,0.00100000,77841.50,0.00000000,0.03113660,USDT,
529625977,2026-08-21T10:57:27Z,BTCUSDT,BUY,0.01710000,77844.20,0.00000000,0.53245432,USDT,
529625988,2026-08-21T10:57:33Z,BTCUSDT,SELL,0.00120000,77841.90,0.00000000,0.03736411,USDT,
529625989,2026-08-21T10:57:33Z,BTCUSDT,SELL,0.00100000,77829.30,0.00000000,0.03113172,USDT,
529625990,2026-08-21T10:57:33Z,BTCUSDT,SELL,0.00220000,77823.30,0.00000000,0.06848450,USDT,
529625998,2026-08-21T10:57:35Z,BTCUSDT,SELL,0.00070000,77842.70,0.00000000,0.02179595,USDT,
529625999,2026-08-21T10:57:35Z,BTCUSDT,SELL,0.00100000,77830.90,0.00000000,0.03113236,USDT,
529626000,2026-08-21T10:57:35Z,BTCUSDT,SELL,0.00030000,77823.30,0.00000000,0.00933879,USDT,
529626001,2026-08-21T10:57:35Z,BTCUSDT,SELL,0.03850000,77823.30,-0.61234999,1.19847882,USDT,
529626041,2026-08-21T10:57:46Z,BTCUSDT,BUY,0.00100000,77839.30,-0.00826562,0.03113572,USDT,
529626042,2026-08-21T10:57:46Z,BTCUSDT,BUY,0.00130000,77841.20,-0.01321531,0.04047742,USDT,
529626043,2026-08-21T10:57:46Z,BTCUSDT,BUY,0.00410000,77849.80,-0.07693906,0.12767367,USDT,
529626078,2026-08-21T10:57:53Z,BTCUSDT,BUY,0.01920000,77850.40,0.00000000,0.59789107,USDT,
529626084,2026-08-21T10:57:57Z,BTCUSDT,BUY,0.01930000,77850.40,0.00000000,0.60100508,USDT,
529626158,2026-08-21T10:58:10Z,BTCUSDT,SELL,0.00240000,77850.20,0.00000000,0.07473619,USDT,
529626159,2026-08-21T10:58:10Z,BTCUSDT,SELL,0.00480000,77850.10,0.00000000,0.14947219,USDT,
529626207,2026-08-21T10:58:11Z,BTCUSDT,SELL,0.00070000,77850.50,0.00006999,0.02179814,USDT,
529626208,2026-08-21T10:58:11Z,BTCUSDT,SELL,0.03780000,77850.20,-0.00756000,1.17709502,USDT,
529626254,2026-08-21T10:58:12Z,BTCUSDT,SELL,0.00300000,77852.50,0.00000000,0.09342300,USDT,
529626272,2026-08-21T10:58:21Z,BTCUSDT,BUY,0.01020000,77854.90,-0.04152000,0.31764799,USDT,
529626312,2026-08-21T10:58:37Z,BTCUSDT,SELL,0.00030000,77851.00,0.00000000,0.00934212,USDT,
529626313,2026-08-21T10:58:37Z,BTCUSDT,SELL,0.00410000,77849.30,0.00000000,0.12767285,USDT,
529626322,2026-08-21T10:58:40Z,BTCUSDT,SELL,0.00200000,77849.20,0.00000000,0.06227936,USDT,
529626351,2026-08-21T10:58:54Z,BTCUSDT,BUY,0.00070000,77853.80,-0.00311609,0.02179906,USDT,
529626352,2026-08-21T10:58:54Z,BTCUSDT,BUY,0.00570000,77854.90,-0.03164390,0.17750917,USDT,
529626428,2026-08-21T10:59:28Z,BTCUSDT,SELL,0.00440000,77849.20,0.00000000,0.13701459,USDT,
529626432,2026-08-21T10:59:30Z,BTCUSDT,SELL,0.00200000,77849.20,0.00000000,0.06227936,USDT,
529626436,2026-08-21T10:59:32Z,BTCUSDT,BUY,0.01920000,77849.30,0.00000000,0.59788262,USDT,
529626443,2026-08-21T10:59:34Z,BTCUSDT,BUY,0.01930000,77849.30,0.00000000,0.60099659,USDT,
529626453,2026-08-21T10:59:40Z,BTCUSDT,BUY,0.00640000,77849.30,-0.00064000,0.19929420,USDT,
529626463,2026-08-21T10:59:43Z,BTCUSDT,SELL,0.03850000,77849.20,-0.00384999,1.19887768,USDT,
529626542,2026-08-21T11:00:03Z,BTCUSDT,SELL,0.00120000,77825.00,0.00000000,0.03735600,USDT,
529626543,2026-08-21T11:00:03Z,BTCUSDT,SELL,0.00320000,77819.90,0.00000000,0.09960947,USDT,
529626565,2026-08-21T11:00:06Z,BTCUSDT,SELL,0.00100000,77819.90,0.00000000,0.03112796,USDT,
529626566,2026-08-21T11:00:06Z,BTCUSDT,SELL,0.00100000,77819.50,0.00000000,0.03112780,USDT,
529626627,2026-08-21T11:00:17Z,BTCUSDT,BUY,0.00100000,77836.90,-0.01610625,0.03113476,USDT,
529626628,2026-08-21T11:00:17Z,BTCUSDT,BUY,0.00120000,77842.70,-0.02628749,0.03736449,USDT,
529626629,2026-08-21T11:00:17Z,BTCUSDT,BUY,0.00130000,77847.80,-0.03510812,0.04048085,USDT,
529626630,2026-08-21T11:00:17Z,BTCUSDT,BUY,0.00290000,77854.80,-0.09861812,0.09031156,USDT,
529626737,2026-08-21T11:00:43Z,BTCUSDT,BUY,0.00100000,77834.30,0.00000000,0.03113372,USDT,
529626738,2026-08-21T11:00:43Z,BTCUSDT,BUY,0.00120000,77841.90,0.00000000,0.03736411,USDT,
529626739,2026-08-21T11:00:43Z,BTCUSDT,BUY,0.01700000,77854.90,0.00000000,0.52941332,USDT,
529626752,2026-08-21T11:00:46Z,BTCUSDT,BUY,0.01930000,77854.90,0.00000000,0.60103982,USDT,
529626775,2026-08-21T11:00:50Z,BTCUSDT,SELL,0.00440000,77807.90,0.00000000,0.13694190,USDT,
529626781,2026-08-21T11:00:52Z,BTCUSDT,SELL,0.00100000,77815.90,0.00000000,0.03112636,USDT,
529626782,2026-08-21T11:00:52Z,BTCUSDT,SELL,0.00100000,77807.90,0.00000000,0.03112316,USDT,
529626820,2026-08-21T11:01:03Z,BTCUSDT,SELL,0.00100000,77815.30,-0.03865974,0.03112612,USDT,
529626821,2026-08-21T11:01:03Z,BTCUSDT,SELL,0.03750000,77804.20,-1.86599025,1.16706300,USDT,
529626828,2026-08-21T11:01:07Z,BTCUSDT,BUY,0.00100000,77824.10,-0.01495000,0.03112964,USDT,
529626829,2026-08-21T11:01:07Z,BTCUSDT,BUY,0.00120000,77829.10,-0.02394000,0.03735796,USDT,
529626830,2026-08-21T11:01:07Z,BTCUSDT,BUY,0.00130000,77840.80,-0.04114499,0.04047721,USDT,
529626831,2026-08-21T11:01:07Z,BTCUSDT,BUY,0.00290000,77854.80,-0.13238500,0.09031156,USDT,
529628710,2026-08-21T11:06:24Z,BTCUSDT,SELL,0.00120000,77751.50,0.00000000,0.03732072,USDT,
529628711,2026-08-21T11:06:24Z,BTCUSDT,SELL,0.00100000,77738.80,0.00000000,0.03109552,USDT,
529628712,2026-08-21T11:06:24Z,BTCUSDT,SELL,0.00130000,77726.90,0.00000000,0.04041798,USDT,
529628713,2026-08-21T11:06:24Z,BTCUSDT,SELL,0.00540000,77674.50,0.00000000,0.16777692,USDT,
529628719,2026-08-21T11:06:27Z,BTCUSDT,SELL,0.00120000,77750.60,0.00000000,0.03732028,USDT,
529628720,2026-08-21T11:06:27Z,BTCUSDT,SELL,0.00100000,77742.80,0.00000000,0.03109712,USDT,
529628721,2026-08-21T11:06:27Z,BTCUSDT,SELL,0.00130000,77734.00,0.00000000,0.04042168,USDT,
529628722,2026-08-21T11:06:27Z,BTCUSDT,SELL,0.00030000,77674.50,0.00000000,0.00932094,USDT,
529628888,2026-08-21T11:06:40Z,BTCUSDT,BUY,0.00120000,77805.80,0.00000000,0.03734678,USDT,
529628889,2026-08-21T11:06:40Z,BTCUSDT,BUY,0.00100000,77809.40,0.00000000,0.03112376,USDT,
529628890,2026-08-21T11:06:40Z,BTCUSDT,BUY,0.03930000,77820.60,0.00000000,1.22333983,USDT,
529628899,2026-08-21T11:06:43Z,BTCUSDT,BUY,0.04170000,77752.50,0.00000000,1.29691169,USDT,
529629194,2026-08-21T11:09:11Z,BTCUSDT,BUY,0.01270000,77739.60,-0.36498000,0.39491716,USDT,
529629275,2026-08-21T11:10:00Z,BTCUSDT,SELL,0.00120000,77737.10,-0.05882408,0.03731380,USDT,
529629276,2026-08-21T11:10:00Z,BTCUSDT,SELL,0.00160000,77735.50,-0.08099211,0.04975072,USDT,
529629277,2026-08-21T11:10:00Z,BTCUSDT,SELL,0.00110000,77735.50,-0.05568207,0.03420361,USDT,
529629278,2026-08-21T11:10:00Z,BTCUSDT,SELL,0.00150000,77735.40,-0.07608010,0.04664124,USDT,
529629279,2026-08-21T11:10:00Z,BTCUSDT,SELL,0.00070000,77735.40,-0.03550405,0.02176591,USDT,
529629280,2026-08-21T11:10:00Z,BTCUSDT,SELL,0.00100000,77732.90,-0.05322007,0.03109316,USDT,
529629281,2026-08-21T11:10:00Z,BTCUSDT,SELL,0.00090000,77732.90,-0.04789806,0.02798384,USDT,
529629282,2026-08-21T11:10:00Z,BTCUSDT,SELL,0.00090000,77732.90,-0.04789806,0.02798384,USDT,
529629283,2026-08-21T11:10:00Z,BTCUSDT,SELL,0.00110000,77732.80,-0.05865207,0.03420243,USDT,
529629284,2026-08-21T11:10:00Z,BTCUSDT,SELL,0.00160000,77732.80,-0.08531211,0.04974899,USDT,
529629285,2026-08-21T11:10:00Z,BTCUSDT,SELL,0.00080000,77732.80,-0.04265605,0.02487449,USDT,
529629286,2026-08-21T11:10:00Z,BTCUSDT,SELL,0.00080000,77732.80,-0.04265605,0.02487449,USDT,
529629287,2026-08-21T11:10:00Z,BTCUSDT,SELL,0.00100000,77732.80,-0.05332007,0.03109312,USDT,
529629288,2026-08-21T11:10:00Z,BTCUSDT,SELL,0.06900000,77732.80,-3.67908497,2.14542528,USDT,
529629619,2026-08-21T11:11:56Z,BTCUSDT,SELL,0.00120000,77796.60,0.00000000,0.03734236,USDT,
529629620,2026-08-21T11:11:56Z,BTCUSDT,SELL,0.00140000,77788.00,0.00000000,0.04356128,USDT,
529629621,2026-08-21T11:11:56Z,BTCUSDT,SELL,0.00140000,77788.00,0.00000000,0.04356128,USDT,
529629622,2026-08-21T11:11:56Z,BTCUSDT,SELL,0.00040000,77787.90,0.00000000,0.01244606,USDT,
529629635,2026-08-21T11:11:58Z,BTCUSDT,SELL,0.00100000,77798.70,0.00000000,0.03111948,USDT,
529629636,2026-08-21T11:11:58Z,BTCUSDT,SELL,0.00060000,77787.90,0.00000000,0.01866909,USDT,
529629637,2026-08-21T11:11:58Z,BTCUSDT,SELL,0.00040000,77787.90,0.00000000,0.01244606,USDT,
529630867,2026-08-21T11:13:48Z,BTCUSDT,BUY,0.00130000,77530.60,0.33886125,0.04031591,USDT,
529630868,2026-08-21T11:13:48Z,BTCUSDT,BUY,0.00070000,77532.30,0.18127375,0.02170904,USDT,
529630869,2026-08-21T11:13:48Z,BTCUSDT,BUY,0.00100000,77533.70,0.25756250,0.03101348,USDT,
529630870,2026-08-21T11:13:48Z,BTCUSDT,BUY,0.00340000,77550.00,0.82029250,0.10546800,USDT,
529631727,2026-08-21T11:16:41Z,BTCUSDT,SELL,0.00440000,77485.20,0.00000000,0.13637395,USDT,
529631733,2026-08-21T11:16:44Z,BTCUSDT,SELL,0.00200000,77500.00,0.00000000,0.06200000,USDT,
529632059,2026-08-21T11:18:34Z,BTCUSDT,BUY,0.00090000,77485.80,0.00000000,0.02789488,USDT,
529632060,2026-08-21T11:18:34Z,BTCUSDT,BUY,0.00100000,77485.80,0.00000000,0.03099432,USDT,
529632061,2026-08-21T11:18:34Z,BTCUSDT,BUY,0.00090000,77485.80,0.00000000,0.02789488,USDT,
529632062,2026-08-21T11:18:34Z,BTCUSDT,BUY,0.00950000,77487.50,0.00000000,0.29445250,USDT,
529632063,2026-08-21T11:18:34Z,BTCUSDT,BUY,0.00100000,77487.50,0.00000000,0.03099500,USDT,
529632064,2026-08-21T11:18:34Z,BTCUSDT,BUY,0.02840000,77487.60,0.00000000,0.88025913,USDT,
529632073,2026-08-21T11:18:37Z,BTCUSDT,BUY,0.04170000,77487.60,0.00000000,1.29249316,USDT,
529632357,2026-08-21T11:19:45Z,BTCUSDT,BUY,0.00120000,77499.50,-0.01161000,0.03719976,USDT,
529632358,2026-08-21T11:19:45Z,BTCUSDT,BUY,0.00520000,77500.00,-0.05291000,0.16120000,USDT,
529632712,2026-08-21T11:21:22Z,BTCUSDT,SELL,0.00130000,77503.70,0.02102492,0.04030192,USDT,
529632713,2026-08-21T11:21:22Z,BTCUSDT,SELL,0.08210000,77503.60,1.31959507,2.54521822,USDT,
529632874,2026-08-21T11:22:08Z,BTCUSDT,SELL,0.00440000,77506.00,0.00000000,0.13641055,USDT,
529632883,2026-08-21T11:22:11Z,BTCUSDT,SELL,0.00200000,77506.00,0.00000000,0.06200480,USDT,
529633399,2026-08-21T11:22:59Z,BTCUSDT,BUY,0.00130000,77644.30,-0.17979000,0.04037503,USDT,
529633400,2026-08-21T11:22:59Z,BTCUSDT,BUY,0.00100000,77647.40,-0.14140000,0.03105896,USDT,
529633401,2026-08-21T11:22:59Z,BTCUSDT,BUY,0.00410000,77652.50,-0.60065000,0.12735010,USDT,
529633448,2026-08-21T11:23:09Z,BTCUSDT,BUY,0.00120000,77650.00,0.00000000,0.03727200,USDT,
529633449,2026-08-21T11:23:09Z,BTCUSDT,BUY,0.01810000,77652.50,0.00000000,0.56220410,USDT,
529633457,2026-08-21T11:23:11Z,BTCUSDT,BUY,0.01930000,77652.40,0.00000000,0.59947652,USDT,
529633664,2026-08-21T11:24:10Z,BTCUSDT,SELL,0.03860000,77622.40,-1.15693000,1.19848985,USDT,
529634228,2026-08-21T11:25:38Z,BTCUSDT,SELL,0.00130000,77466.10,0.00000000,0.04028237,USDT,
529634229,2026-08-21T11:25:38Z,BTCUSDT,SELL,0.00100000,77464.80,0.00000000,0.03098592,USDT,
529634230,2026-08-21T11:25:38Z,BTCUSDT,SELL,0.00210000,77461.50,0.00000000,0.06506766,USDT,
529634244,2026-08-21T11:25:40Z,BTCUSDT,SELL,0.00200000,77461.50,0.00000000,0.06196920,USDT,
529635129,2026-08-21T11:29:45Z,BTCUSDT,BUY,0.00120000,77447.00,0.01914000,0.03717456,USDT,
529635130,2026-08-21T11:29:45Z,BTCUSDT,BUY,0.00100000,77449.60,0.01335000,0.03097984,USDT,
529635131,2026-08-21T11:29:45Z,BTCUSDT,BUY,0.00150000,77457.40,0.00832500,0.04647444,USDT,
529635132,2026-08-21T11:29:45Z,BTCUSDT,BUY,0.00270000,77469.00,-0.01633499,0.08366651,USDT,
529635973,2026-08-21T11:32:04Z,BTCUSDT,SELL,0.00440000,77367.30,0.00000000,0.13616644,USDT,
529636070,2026-08-21T11:32:07Z,BTCUSDT,SELL,0.00200000,77340.50,0.00000000,0.06187240,USDT,
529637059,2026-08-21T11:32:55Z,BTCUSDT,BUY,0.00030000,77028.60,0.09909750,0.00924343,USDT,
529637060,2026-08-21T11:32:55Z,BTCUSDT,BUY,0.00130000,77029.30,0.42851250,0.04005523,USDT,
529637061,2026-08-21T11:32:55Z,BTCUSDT,BUY,0.00120000,77033.00,0.39111000,0.03697584,USDT,
529637062,2026-08-21T11:32:55Z,BTCUSDT,BUY,0.00360000,77100.00,0.93213000,0.11102400,USDT,
529638750,2026-08-21T11:34:58Z,BTCUSDT,SELL,0.00070000,76687.50,0.00000000,0.02147250,USDT,
529638751,2026-08-21T11:34:58Z,BTCUSDT,SELL,0.00130000,76676.40,0.00000000,0.03987172,USDT,
529638752,2026-08-21T11:34:58Z,BTCUSDT,SELL,0.00100000,76675.80,0.00000000,0.03067032,USDT,
529638753,2026-08-21T11:34:58Z,BTCUSDT,SELL,0.00150000,76647.10,0.00000000,0.04598826,USDT,
529638778,2026-08-21T11:35:01Z,BTCUSDT,SELL,0.00200000,76647.20,0.00000000,0.06131776,USDT,
529638910,2026-08-21T11:35:21Z,BTCUSDT,BUY,0.00100000,76754.80,0.00000000,0.03070192,USDT,
529638911,2026-08-21T11:35:21Z,BTCUSDT,BUY,0.00070000,76767.60,0.00000000,0.02149492,USDT,
529638912,2026-08-21T11:35:21Z,BTCUSDT,BUY,0.00130000,76783.80,0.00000000,0.03992757,USDT,
529638913,2026-08-21T11:35:21Z,BTCUSDT,BUY,0.02300000,76788.90,0.00000000,0.70645788,USDT,
529638928,2026-08-21T11:35:24Z,BTCUSDT,BUY,0.00100000,76782.00,0.00000000,0.03071280,USDT,
529638929,2026-08-21T11:35:24Z,BTCUSDT,BUY,0.00070000,76786.70,0.00000000,0.02150027,USDT,
529638930,2026-08-21T11:35:24Z,BTCUSDT,BUY,0.02440000,76788.90,0.00000000,0.74945966,USDT,
529639201,2026-08-21T11:36:16Z,BTCUSDT,BUY,0.00650000,76793.90,-0.85893000,0.19966414,USDT,
529639922,2026-08-21T11:38:19Z,BTCUSDT,SELL,0.00130000,76835.90,0.00000000,0.03995466,USDT,
529639923,2026-08-21T11:38:19Z,BTCUSDT,SELL,0.00100000,76835.60,0.00000000,0.03073424,USDT,
529639924,2026-08-21T11:38:19Z,BTCUSDT,SELL,0.00130000,76833.20,0.00000000,0.03995326,USDT,
529639925,2026-08-21T11:38:19Z,BTCUSDT,SELL,0.00090000,76787.80,0.00000000,0.02764360,USDT,
529639950,2026-08-21T11:38:22Z,BTCUSDT,SELL,0.00070000,76857.00,0.00000000,0.02151996,USDT,
529639951,2026-08-21T11:38:22Z,BTCUSDT,SELL,0.00100000,76853.30,0.00000000,0.03074132,USDT,
529639952,2026-08-21T11:38:22Z,BTCUSDT,SELL,0.00030000,76842.70,0.00000000,0.00922112,USDT,
529640136,2026-08-21T11:38:33Z,BTCUSDT,BUY,0.00650000,76900.00,-0.42953999,0.19994000,USDT,
529640234,2026-08-21T11:38:52Z,BTCUSDT,SELL,0.03250000,76850.00,2.02572312,0.99905000,USDT,
529640235,2026-08-21T11:38:52Z,BTCUSDT,SELL,0.00070000,76839.00,0.03593095,0.02151492,USDT,
529640236,2026-08-21T11:38:52Z,BTCUSDT,SELL,0.00130000,76825.20,0.04878892,0.03994910,USDT,
529640237,2026-08-21T11:38:52Z,BTCUSDT,SELL,0.00070000,76806.40,0.01311095,0.02150579,USDT,
529640238,2026-08-21T11:38:52Z,BTCUSDT,SELL,0.01690000,76800.00,0.20837602,0.51916800,USDT,
529640264,2026-08-21T11:39:02Z,BTCUSDT,SELL,0.00070000,76938.80,0.00000000,0.02154286,USDT,
529640265,2026-08-21T11:39:02Z,BTCUSDT,SELL,0.00100000,76934.90,0.00000000,0.03077396,USDT,
529640266,2026-08-21T11:39:02Z,BTCUSDT,SELL,0.00070000,76925.00,0.00000000,0.02153900,USDT,
529640267,2026-08-21T11:39:02Z,BTCUSDT,SELL,0.00130000,76924.20,0.00000000,0.04000058,USDT,
529640268,2026-08-21T11:39:02Z,BTCUSDT,SELL,0.00070000,76917.10,0.00000000,0.02153678,USDT,
529640277,2026-08-21T11:39:05Z,BTCUSDT,SELL,0.00200000,76942.90,0.00000000,0.06155432,USDT,
529640567,2026-08-21T11:40:04Z,BTCUSDT,BUY,0.00640000,76932.50,0.00079000,0.19694720,USDT,
529641303,2026-08-21T11:42:46Z,BTCUSDT,SELL,0.00100000,76776.30,0.00000000,0.03071052,USDT,
529641304,2026-08-21T11:42:46Z,BTCUSDT,SELL,0.00630000,76774.80,0.00000000,0.19347249,USDT,
529641314,2026-08-21T11:42:49Z,BTCUSDT,SELL,0.00100000,76782.20,0.00000000,0.03071288,USDT,
529641315,2026-08-21T11:42:49Z,BTCUSDT,SELL,0.00220000,76774.80,0.00000000,0.06756182,USDT,
529641402,2026-08-21T11:43:06Z,BTCUSDT,BUY,0.00100000,76810.40,0.00000000,0.03072416,USDT,
529641403,2026-08-21T11:43:06Z,BTCUSDT,BUY,0.00070000,76817.00,0.00000000,0.02150876,USDT,
529641404,2026-08-21T11:43:06Z,BTCUSDT,BUY,0.00100000,76817.00,0.00000000,0.03072680,USDT,
529641405,2026-08-21T11:43:06Z,BTCUSDT,BUY,0.00100000,76821.90,0.00000000,0.03072876,USDT,
529641406,2026-08-21T11:43:06Z,BTCUSDT,BUY,0.01730000,76823.70,0.00000000,0.53162000,USDT,
529641436,2026-08-21T11:43:10Z,BTCUSDT,BUY,0.00080000,76822.50,0.00000000,0.02458320,USDT,
529641437,2026-08-21T11:43:10Z,BTCUSDT,BUY,0.02030000,76823.60,0.00000000,0.62380763,USDT,
529642590,2026-08-21T11:45:51Z,BTCUSDT,BUY,0.01050000,76899.90,-1.30465000,0.32297958,USDT,
529642608,2026-08-21T11:45:56Z,BTCUSDT,SELL,0.00070000,76896.50,0.05145016,0.02153102,USDT,
529642609,2026-08-21T11:45:56Z,BTCUSDT,SELL,0.00100000,76892.00,0.06900023,0.03075680,USDT,
529642610,2026-08-21T11:45:56Z,BTCUSDT,SELL,0.00130000,76882.00,0.07670030,0.03997864,USDT,
529642611,2026-08-21T11:45:56Z,BTCUSDT,SELL,0.03910000,76874.90,2.02929928,1.20232343,USDT,
529643127,2026-08-21T11:48:24Z,BTCUSDT,SELL,0.00450000,76846.50,0.00000000,0.13832370,USDT,
529643190,2026-08-21T11:48:26Z,BTCUSDT,SELL,0.00100000,76819.80,0.00000000,0.03072792,USDT,
529643191,2026-08-21T11:48:26Z,BTCUSDT,SELL,0.00100000,76773.10,0.00000000,0.03070924,USDT,
529643196,2026-08-21T11:48:28Z,BTCUSDT,BUY,0.00070000,76780.10,0.00000000,0.02149842,USDT,
529643197,2026-08-21T11:48:28Z,BTCUSDT,BUY,0.00100000,76783.30,0.00000000,0.03071332,USDT,
529643198,2026-08-21T11:48:28Z,BTCUSDT,BUY,0.00130000,76787.70,0.00000000,0.03992960,USDT,
529643199,2026-08-21T11:48:28Z,BTCUSDT,BUY,0.01650000,76899.90,0.00000000,0.50753934,USDT,
529643659,2026-08-21T11:51:12Z,BTCUSDT,BUY,0.00650000,76783.90,0.30679999,0.19963814,USDT,
529643723,2026-08-21T11:51:32Z,BTCUSDT,SELL,0.00070000,76805.90,-0.05336800,0.02150565,USDT,
529643724,2026-08-21T11:51:32Z,BTCUSDT,SELL,0.01880000,76801.30,-1.51979200,0.57754577,USDT,
529644065,2026-08-21T11:53:15Z,BTCUSDT,SELL,0.00450000,76850.00,0.00000000,0.13833000,USDT,
529644070,2026-08-21T11:53:17Z,BTCUSDT,SELL,0.00200000,76899.70,0.00000000,0.06151976,USDT,
529644219,2026-08-21T11:54:11Z,BTCUSDT,BUY,0.00650000,76904.50,-0.25485000,0.19995170,USDT,
529644362,2026-08-21T11:54:26Z,BTCUSDT,BUY,0.01300000,76948.20,0.00000000,0.40013064,USDT,
529644367,2026-08-21T11:54:29Z,BTCUSDT,BUY,0.00070000,76947.40,0.00000000,0.02154527,USDT,
529644368,2026-08-21T11:54:29Z,BTCUSDT,BUY,0.01230000,76948.20,0.00000000,0.37858514,USDT,
529645556,2026-08-21T11:58:04Z,BTCUSDT,SELL,0.00100000,76965.40,0.00000000,0.03078616,USDT,
529645557,2026-08-21T11:58:04Z,BTCUSDT,SELL,0.00340000,76950.00,0.00000000,0.10465200,USDT,
529645567,2026-08-21T11:58:06Z,BTCUSDT,SELL,0.00120000,76953.80,0.00000000,0.03693782,USDT,
529645568,2026-08-21T11:58:06Z,BTCUSDT,SELL,0.00080000,76950.00,0.00000000,0.02462400,USDT,
529645919,2026-08-21T11:59:07Z,BTCUSDT,SELL,0.02600000,76869.50,-2.04564000,0.79944280,USDT,
529646220,2026-08-21T12:00:04Z,BTCUSDT,BUY,0.00640000,76857.50,0.61196000,0.19675520,USDT,
529646989,2026-08-21T12:02:17Z,BTCUSDT,SELL,0.00100000,76801.80,0.00000000,0.03072072,USDT,
529646990,2026-08-21T12:02:17Z,BTCUSDT,SELL,0.00350000,76800.00,0.00000000,0.10752000,USDT,
529647094,2026-08-21T12:02:37Z,BTCUSDT,BUY,0.00100000,76783.40,0.00000000,0.03071336,USDT,
529647095,2026-08-21T12:02:37Z,BTCUSDT,BUY,0.00010000,76786.70,0.00000000,0.00307146,USDT,
529647096,2026-08-21T12:02:37Z,BTCUSDT,BUY,0.00130000,76804.70,0.00000000,0.03993844,USDT,
529647097,2026-08-21T12:02:37Z,BTCUSDT,BUY,0.00070000,76822.20,0.00000000,0.02151021,USDT,
529647098,2026-08-21T12:02:37Z,BTCUSDT,BUY,0.02290000,76850.00,0.00000000,0.70394600,USDT,
529647158,2026-08-21T12:02:50Z,BTCUSDT,SELL,0.02600000,76767.80,-1.98592000,0.79838512,USDT,
529647218,2026-08-21T12:03:07Z,BTCUSDT,BUY,0.00450000,76765.40,0.15749999,0.13817772,USDT,
529648013,2026-08-21T12:04:50Z,BTCUSDT,SELL,0.00910000,76690.30,0.00000000,0.27915269,USDT,
529648020,2026-08-21T12:04:53Z,BTCUSDT,SELL,0.00380000,76690.30,0.00000000,0.11656925,USDT,
529648715,2026-08-21T12:06:28Z,BTCUSDT,BUY,0.00100000,76750.10,-0.05980000,0.03070004,USDT,
529648716,2026-08-21T12:06:28Z,BTCUSDT,BUY,0.00130000,76763.40,-0.09503000,0.03991696,USDT,
529648717,2026-08-21T12:06:28Z,BTCUSDT,BUY,0.01060000,76800.00,-1.16282000,0.32563199,USDT,
529648858,2026-08-21T12:06:40Z,BTCUSDT,BUY,0.06320000,76882.00,0.00000000,1.94357696,USDT,
529648867,2026-08-21T12:06:42Z,BTCUSDT,BUY,0.06320000,76882.00,0.00000000,1.94357696,USDT,
529649482,2026-08-21T12:09:44Z,BTCUSDT,SELL,0.00450000,76917.90,0.00000000,0.13845221,USDT,
529649488,2026-08-21T12:09:46Z,BTCUSDT,SELL,0.00200000,76917.90,0.00000000,0.06153432,USDT,
529649493,2026-08-21T12:09:48Z,BTCUSDT,SELL,0.12640000,76917.90,4.53776000,3.88896902,USDT,
529650025,2026-08-21T12:11:29Z,BTCUSDT,BUY,0.00130000,76884.70,0.04316000,0.03998004,USDT,
529650026,2026-08-21T12:11:29Z,BTCUSDT,BUY,0.00100000,76886.00,0.03190000,0.03075440,USDT,
529650027,2026-08-21T12:11:29Z,BTCUSDT,BUY,0.00420000,76900.00,0.07518000,0.12919200,USDT,
529650450,2026-08-21T12:13:16Z,BTCUSDT,SELL,0.00450000,76850.10,0.00000000,0.13833018,USDT,
529650454,2026-08-21T12:13:19Z,BTCUSDT,SELL,0.00200000,76850.10,0.00000000,0.06148008,USDT,
529650615,2026-08-21T12:14:04Z,BTCUSDT,BUY,0.06750000,76905.90,0.00000000,2.07645929,USDT,
529650621,2026-08-21T12:14:06Z,BTCUSDT,BUY,0.06760000,76905.90,0.00000000,2.07953553,USDT,
529650633,2026-08-21T12:14:13Z,BTCUSDT,BUY,0.00650000,76905.90,-0.36270000,0.19995534,USDT,
529651777,2026-08-21T12:16:40Z,BTCUSDT,SELL,0.00730000,76844.60,0.00000000,0.22438623,USDT,
529651780,2026-08-21T12:16:42Z,BTCUSDT,SELL,0.00320000,76844.60,0.00000000,0.09836108,USDT,
529652070,2026-08-21T12:18:45Z,BTCUSDT,SELL,0.13510000,76844.70,-8.26812000,4.15268758,USDT,
529652492,2026-08-21T12:20:47Z,BTCUSDT,BUY,0.01050000,76841.10,0.03675000,0.32273262,USDT,
529652663,2026-08-21T12:21:27Z,BTCUSDT,BUY,0.00010000,76845.90,0.00000000,0.00307383,USDT,
529652664,2026-08-21T12:21:27Z,BTCUSDT,BUY,0.00090000,76846.20,0.00000000,0.02766463,USDT,
529652665,2026-08-21T12:21:27Z,BTCUSDT,BUY,0.00100000,76846.20,0.00000000,0.03073848,USDT,
529652666,2026-08-21T12:21:27Z,BTCUSDT,BUY,0.00130000,76846.20,0.00000000,0.03996002,USDT,
529652667,2026-08-21T12:21:27Z,BTCUSDT,BUY,0.00080000,76846.30,0.00000000,0.02459081,USDT,
529652668,2026-08-21T12:21:27Z,BTCUSDT,BUY,0.00070000,76846.30,0.00000000,0.02151696,USDT,
529652669,2026-08-21T12:21:27Z,BTCUSDT,BUY,0.00130000,76850.10,0.00000000,0.03996205,USDT,
529652670,2026-08-21T12:21:27Z,BTCUSDT,BUY,0.00110000,76850.10,0.00000000,0.03381404,USDT,
529652671,2026-08-21T12:21:27Z,BTCUSDT,BUY,0.00100000,76850.10,0.00000000,0.03074004,USDT,
529652672,2026-08-21T12:21:27Z,BTCUSDT,BUY,0.00080000,76850.10,0.00000000,0.02459203,USDT,
529652673,2026-08-21T12:21:27Z,BTCUSDT,BUY,0.01050000,76851.70,0.00000000,0.32277714,USDT,
529652686,2026-08-21T12:21:30Z,BTCUSDT,BUY,0.01000000,76847.60,0.00000000,0.30739040,USDT,
529652687,2026-08-21T12:21:30Z,BTCUSDT,BUY,0.00100000,76851.20,0.00000000,0.03074048,USDT,
529652688,2026-08-21T12:21:30Z,BTCUSDT,BUY,0.00850000,76851.60,0.00000000,0.26129544,USDT,
529652967,2026-08-21T12:22:36Z,BTCUSDT,SELL,0.00130000,76838.80,0.00000000,0.03995617,USDT,
529652968,2026-08-21T12:22:36Z,BTCUSDT,SELL,0.00320000,76826.20,0.00000000,0.09833753,USDT,
529652973,2026-08-21T12:22:39Z,BTCUSDT,SELL,0.00200000,76826.20,0.00000000,0.06146096,USDT,
529653195,2026-08-21T12:23:58Z,BTCUSDT,SELL,0.03900000,76801.20,-1.89415000,1.19809872,USDT,
529654133,2026-08-21T12:26:13Z,BTCUSDT,BUY,0.00130000,76739.20,0.11637600,0.03990438,USDT,
529654134,2026-08-21T12:26:13Z,BTCUSDT,BUY,0.00100000,76739.60,0.08912000,0.03069584,USDT,
529654135,2026-08-21T12:26:13Z,BTCUSDT,BUY,0.00420000,76741.10,0.36800400,0.12892504,USDT,
529654825,2026-08-21T12:28:07Z,BTCUSDT,SELL,0.00130000,76744.30,0.00000000,0.03990703,USDT,
529654826,2026-08-21T12:28:07Z,BTCUSDT,SELL,0.00100000,76741.60,0.00000000,0.03069664,USDT,
529654827,2026-08-21T12:28:07Z,BTCUSDT,SELL,0.00220000,76731.30,0.00000000,0.06752354,USDT,
529654832,2026-08-21T12:28:09Z,BTCUSDT,SELL,0.00130000,76754.30,0.00000000,0.03991223,USDT,
529654833,2026-08-21T12:28:09Z,BTCUSDT,SELL,0.00070000,76741.50,0.00000000,0.02148762,USDT,
529655836,2026-08-21T12:32:52Z,BTCUSDT,BUY,0.00070000,76701.10,0.02805815,0.02147630,USDT,
529655837,2026-08-21T12:32:52Z,BTCUSDT,BUY,0.00580000,76703.80,0.21682184,0.17795281,USDT,
529657411,2026-08-21T12:36:54Z,BTCUSDT,SELL,0.00100000,76851.90,0.00000000,0.03074076,USDT,
529657412,2026-08-21T12:36:54Z,BTCUSDT,SELL,0.00350000,76804.00,0.00000000,0.10752560,USDT,
529657489,2026-08-21T12:37:04Z,BTCUSDT,BUY,0.00450000,76919.70,-0.47275000,0.13845546,USDT,
529657586,2026-08-21T12:37:22Z,BTCUSDT,SELL,0.00450000,76918.70,0.00000000,0.13845366,USDT,
529657597,2026-08-21T12:37:24Z,BTCUSDT,SELL,0.00200000,76918.70,0.00000000,0.06153496,USDT,
529657965,2026-08-21T12:39:22Z,BTCUSDT,BUY,0.00650000,76951.70,-0.21450000,0.20007442,USDT,
529658014,2026-08-21T12:39:26Z,BTCUSDT,BUY,0.02590000,76957.40,0.00000000,0.79727866,USDT,
529658059,2026-08-21T12:39:30Z,BTCUSDT,BUY,0.02600000,76962.40,0.00000000,0.80040896,USDT,
529659716,2026-08-21T12:42:08Z,BTCUSDT,SELL,0.00120000,77108.00,0.00000000,0.03701183,USDT,
529659717,2026-08-21T12:42:08Z,BTCUSDT,SELL,0.00130000,77098.10,0.00000000,0.04009101,USDT,
529659718,2026-08-21T12:42:08Z,BTCUSDT,SELL,0.00070000,77032.60,0.00000000,0.02156912,USDT,
529659719,2026-08-21T12:42:08Z,BTCUSDT,SELL,0.00120000,77000.00,0.00000000,0.03696000,USDT,
529659745,2026-08-21T12:42:10Z,BTCUSDT,SELL,0.00030000,77005.10,0.00000000,0.00924061,USDT,
529659746,2026-08-21T12:42:10Z,BTCUSDT,SELL,0.00170000,77000.00,0.00000000,0.05236000,USDT,
529659796,2026-08-21T12:42:16Z,BTCUSDT,SELL,0.00030000,77053.20,0.02798855,0.00924638,USDT,
529659797,2026-08-21T12:42:16Z,BTCUSDT,SELL,0.04850000,77000.00,1.94461637,1.49380000,USDT,
529659798,2026-08-21T12:42:16Z,BTCUSDT,SELL,0.00070000,77000.00,0.02806662,0.02156000,USDT,
529659799,2026-08-21T12:42:16Z,BTCUSDT,SELL,0.00100000,76995.70,0.03579518,0.03079828,USDT,
529659800,2026-08-21T12:42:16Z,BTCUSDT,SELL,0.00140000,76993.10,0.04647325,0.04311613,USDT,
529660306,2026-08-21T12:42:36Z,BTCUSDT,BUY,0.00640000,77516.10,-3.02156000,0.19844121,USDT,
529660554,2026-08-21T12:43:00Z,BTCUSDT,SELL,0.00720000,77500.00,0.00000000,0.22320000,USDT,
529660893,2026-08-21T12:43:23Z,BTCUSDT,BUY,0.00070000,77408.70,0.06391000,0.02167443,USDT,
529660894,2026-08-21T12:43:23Z,BTCUSDT,BUY,0.00100000,77410.60,0.08939999,0.03096424,USDT,
529660895,2026-08-21T12:43:23Z,BTCUSDT,BUY,0.00070000,77432.50,0.04725000,0.02168110,USDT,
529660896,2026-08-21T12:43:23Z,BTCUSDT,BUY,0.00130000,77444.90,0.07162999,0.04027134,USDT,
529660897,2026-08-21T12:43:23Z,BTCUSDT,BUY,0.00350000,77516.20,-0.05669999,0.10852268,USDT,
529661089,2026-08-21T12:43:48Z,BTCUSDT,SELL,0.00100000,77343.20,0.00000000,0.03093728,USDT,
529661090,2026-08-21T12:43:48Z,BTCUSDT,SELL,0.00130000,77340.50,0.00000000,0.04021706,USDT,
529661091,2026-08-21T12:43:48Z,BTCUSDT,SELL,0.00070000,77290.90,0.00000000,0.02164145,USDT,
529661092,2026-08-21T12:43:48Z,BTCUSDT,SELL,0.00140000,77220.70,0.00000000,0.04324359,USDT,
529661112,2026-08-21T12:43:51Z,BTCUSDT,SELL,0.00200000,77324.00,0.00000000,0.06185920,USDT,
529661670,2026-08-21T12:44:53Z,BTCUSDT,BUY,0.00640000,77418.40,-0.73130000,0.19819110,USDT,
529662373,2026-08-21T12:46:38Z,BTCUSDT,BUY,0.03130000,77392.60,0.00000000,0.96895535,USDT,
529662393,2026-08-21T12:46:40Z,BTCUSDT,BUY,0.03130000,77392.60,0.00000000,0.96895535,USDT,
529662424,2026-08-21T12:46:49Z,BTCUSDT,SELL,0.00100000,77381.80,0.00000000,0.03095272,USDT,
529662425,2026-08-21T12:46:49Z,BTCUSDT,SELL,0.00120000,77381.50,0.00000000,0.03714312,USDT,
529662426,2026-08-21T12:46:49Z,BTCUSDT,SELL,0.00220000,77377.90,0.00000000,0.06809255,USDT,
529662436,2026-08-21T12:46:51Z,BTCUSDT,SELL,0.00200000,77377.90,0.00000000,0.06190232,USDT,
529663164,2026-08-21T12:49:38Z,BTCUSDT,BUY,0.00640000,77325.90,0.34102000,0.19795430,USDT,
529663250,2026-08-21T12:50:14Z,BTCUSDT,SELL,0.06260000,77323.70,-4.31314000,1.93618544,USDT,
529663840,2026-08-21T12:52:52Z,BTCUSDT,SELL,0.00440000,77320.40,0.00000000,0.13608390,USDT,
529663848,2026-08-21T12:52:55Z,BTCUSDT,SELL,0.00130000,77325.00,0.00000000,0.04020900,USDT,
529663849,2026-08-21T12:52:55Z,BTCUSDT,SELL,0.00070000,77323.20,0.00000000,0.02165049,USDT,
529664069,2026-08-21T12:53:44Z,BTCUSDT,BUY,0.01290000,77379.00,0.00000000,0.39927564,USDT,
529664076,2026-08-21T12:53:47Z,BTCUSDT,BUY,0.01290000,77379.00,0.00000000,0.39927564,USDT,
529664083,2026-08-21T12:53:49Z,BTCUSDT,BUY,0.00640000,77379.00,-0.36709999,0.19809024,USDT,
529664502,2026-08-21T12:54:47Z,BTCUSDT,SELL,0.00120000,77243.70,-0.16236000,0.03707697,USDT,
529664503,2026-08-21T12:54:47Z,BTCUSDT,SELL,0.02460000,77230.10,-3.66294000,0.75994418,USDT,
529665314,2026-08-21T12:57:08Z,BTCUSDT,SELL,0.00440000,77150.00,0.00000000,0.13578399,USDT,
529665323,2026-08-21T12:57:10Z,BTCUSDT,SELL,0.00200000,77150.10,0.00000000,0.06172008,USDT,
529666037,2026-08-21T13:00:10Z,BTCUSDT,BUY,0.01290000,77186.60,0.00000000,0.39828285,USDT,
529666045,2026-08-21T13:00:12Z,BTCUSDT,BUY,0.01300000,77186.60,0.00000000,0.40137032,USDT,
529666159,2026-08-21T13:00:43Z,BTCUSDT,BUY,0.00070000,77167.50,-0.01222812,0.02160690,USDT,
529666160,2026-08-21T13:00:43Z,BTCUSDT,BUY,0.00100000,77171.90,-0.02186875,0.03086876,USDT,
529666161,2026-08-21T13:00:43Z,BTCUSDT,BUY,0.00130000,77174.50,-0.03180937,0.04013074,USDT,
529666162,2026-08-21T13:00:43Z,BTCUSDT,BUY,0.00340000,77186.60,-0.12433375,0.10497377,USDT,
529666613,2026-08-21T13:02:31Z,BTCUSDT,SELL,0.00440000,77138.70,0.00000000,0.13576411,USDT,
529666621,2026-08-21T13:02:33Z,BTCUSDT,SELL,0.00200000,77139.80,0.00000000,0.06171184,USDT,
529667030,2026-08-21T13:04:50Z,BTCUSDT,SELL,0.02590000,77185.10,-0.03885000,0.79963763,USDT,
529667272,2026-08-21T13:05:35Z,BTCUSDT,BUY,0.00640000,77192.70,-0.34340000,0.19761331,USDT,
529668041,2026-08-21T13:07:48Z,BTCUSDT,SELL,0.00440000,77323.90,0.00000000,0.13609006,USDT,
529668091,2026-08-21T13:07:51Z,BTCUSDT,SELL,0.00200000,77325.60,0.00000000,0.06186048,USDT,
529668192,2026-08-21T13:08:15Z,BTCUSDT,BUY,0.00150000,77345.30,0.00000000,0.04640718,USDT,
529668193,2026-08-21T13:08:15Z,BTCUSDT,BUY,0.00140000,77345.30,0.00000000,0.04331336,USDT,
529668194,2026-08-21T13:08:15Z,BTCUSDT,BUY,0.00150000,77345.30,0.00000000,0.04640718,USDT,
529668195,2026-08-21T13:08:15Z,BTCUSDT,BUY,0.00160000,77345.30,0.00000000,0.04950099,USDT,
529668196,2026-08-21T13:08:15Z,BTCUSDT,BUY,0.00070000,77345.30,0.00000000,0.02165668,USDT,
529668197,2026-08-21T13:08:15Z,BTCUSDT,BUY,0.00070000,77346.00,0.00000000,0.02165688,USDT,
529668198,2026-08-21T13:08:15Z,BTCUSDT,BUY,0.00100000,77346.00,0.00000000,0.03093840,USDT,
529668199,2026-08-21T13:08:15Z,BTCUSDT,BUY,0.00090000,77346.00,0.00000000,0.02784456,USDT,
529668200,2026-08-21T13:08:15Z,BTCUSDT,BUY,0.00070000,77346.20,0.00000000,0.02165693,USDT,
529668201,2026-08-21T13:08:15Z,BTCUSDT,BUY,0.00120000,77347.40,0.00000000,0.03712675,USDT,
529668202,2026-08-21T13:08:15Z,BTCUSDT,BUY,0.00100000,77347.40,0.00000000,0.03093896,USDT,
529668203,2026-08-21T13:08:15Z,BTCUSDT,BUY,0.00070000,77347.40,0.00000000,0.02165727,USDT,
529668216,2026-08-21T13:08:19Z,BTCUSDT,BUY,0.00060000,77347.40,0.00000000,0.01856337,USDT,
529668217,2026-08-21T13:08:19Z,BTCUSDT,BUY,0.00080000,77347.40,0.00000000,0.02475116,USDT,
529668218,2026-08-21T13:08:19Z,BTCUSDT,BUY,0.00130000,77347.40,0.00000000,0.04022064,USDT,
529668219,2026-08-21T13:08:19Z,BTCUSDT,BUY,0.00090000,77347.40,0.00000000,0.02784506,USDT,
529668220,2026-08-21T13:08:19Z,BTCUSDT,BUY,0.00100000,77347.60,0.00000000,0.03093904,USDT,
529668221,2026-08-21T13:08:19Z,BTCUSDT,BUY,0.00080000,77347.90,0.00000000,0.02475132,USDT,
529668222,2026-08-21T13:08:19Z,BTCUSDT,BUY,0.00070000,77347.90,0.00000000,0.02165741,USDT,
529668223,2026-08-21T13:08:19Z,BTCUSDT,BUY,0.00130000,77347.90,0.00000000,0.04022090,USDT,
529668224,2026-08-21T13:08:19Z,BTCUSDT,BUY,0.00100000,77348.30,0.00000000,0.03093932,USDT,
529668225,2026-08-21T13:08:19Z,BTCUSDT,BUY,0.00070000,77348.90,0.00000000,0.02165769,USDT,
529668226,2026-08-21T13:08:19Z,BTCUSDT,BUY,0.00090000,77348.90,0.00000000,0.02784560,USDT,
529668227,2026-08-21T13:08:19Z,BTCUSDT,BUY,0.00090000,77348.90,0.00000000,0.02784560,USDT,
529668228,2026-08-21T13:08:19Z,BTCUSDT,BUY,0.00200000,77349.40,0.00000000,0.06187952,USDT,
529669118,2026-08-21T13:11:06Z,BTCUSDT,SELL,0.00130000,77230.90,-0.15103178,0.04016006,USDT,
529669119,2026-08-21T13:11:06Z,BTCUSDT,SELL,0.00100000,77224.60,-0.12247829,0.03088984,USDT,
529669120,2026-08-21T13:11:06Z,BTCUSDT,SELL,0.02350000,77213.60,-3.13673992,0.72580784,USDT,
529669164,2026-08-21T13:11:13Z,BTCUSDT,BUY,0.00100000,77235.40,0.08903125,0.03089416,USDT,
529669165,2026-08-21T13:11:13Z,BTCUSDT,BUY,0.00130000,77239.20,0.11080062,0.04016438,USDT,
529669166,2026-08-21T13:11:13Z,BTCUSDT,BUY,0.00410000,77310.70,0.05629812,0.12678954,USDT,
529670020,2026-08-21T13:14:44Z,BTCUSDT,SELL,0.00120000,77137.20,0.00000000,0.03702585,USDT,
529670021,2026-08-21T13:14:44Z,BTCUSDT,SELL,0.00320000,77134.50,0.00000000,0.09873216,USDT,
529670030,2026-08-21T13:14:47Z,BTCUSDT,SELL,0.00120000,77141.10,0.00000000,0.03702772,USDT,
529670031,2026-08-21T13:14:47Z,BTCUSDT,SELL,0.00080000,77134.50,0.00000000,0.02468304,USDT,
529671283,2026-08-21T13:17:37Z,BTCUSDT,BUY,0.00640000,77078.60,0.36891999,0.19732121,USDT,
529671329,2026-08-21T13:17:45Z,BTCUSDT,BUY,0.00100000,77081.50,0.00000000,0.03083260,USDT,
529671330,2026-08-21T13:17:45Z,BTCUSDT,BUY,0.00130000,77113.10,0.00000000,0.04009881,USDT,
529671331,2026-08-21T13:17:45Z,BTCUSDT,BUY,0.03650000,77166.60,0.00000000,1.12663236,USDT,
529671336,2026-08-21T13:17:46Z,BTCUSDT,SELL,0.00030000,77103.60,-0.01770425,0.00925243,USDT,
529671337,2026-08-21T13:17:46Z,BTCUSDT,SELL,0.00130000,77099.50,-0.08204842,0.04009174,USDT,
529671338,2026-08-21T13:17:46Z,BTCUSDT,SELL,0.02430000,77067.40,-2.31370445,0.74909512,USDT,
529671646,2026-08-21T13:18:15Z,BTCUSDT,SELL,0.00100000,77016.80,-0.14581417,0.03080672,USDT,
529671647,2026-08-21T13:18:15Z,BTCUSDT,SELL,0.01190000,77009.20,-1.82562868,0.36656379,USDT,
529671845,2026-08-21T13:18:32Z,BTCUSDT,BUY,0.00100000,77007.80,0.00000000,0.03080312,USDT,
529671846,2026-08-21T13:18:32Z,BTCUSDT,BUY,0.00130000,77040.50,0.00000000,0.04006106,USDT,
529671847,2026-08-21T13:18:32Z,BTCUSDT,BUY,0.00120000,77072.50,0.00000000,0.03699480,USDT,
529671848,2026-08-21T13:18:32Z,BTCUSDT,BUY,0.00640000,77094.80,0.00000000,0.19736268,USDT,
529671849,2026-08-21T13:18:32Z,BTCUSDT,BUY,0.00950000,77100.00,0.00000000,0.29298000,USDT,
529672010,2026-08-21T13:18:35Z,BTCUSDT,BUY,0.00100000,76943.20,0.00000000,0.03077728,USDT,
529672011,2026-08-21T13:18:35Z,BTCUSDT,BUY,0.01190000,76986.80,0.00000000,0.36645716,USDT,
529672012,2026-08-21T13:18:35Z,BTCUSDT,BUY,0.00070000,76989.60,0.00000000,0.02155708,USDT,
529672013,2026-08-21T13:18:35Z,BTCUSDT,BUY,0.00130000,76999.90,0.00000000,0.04003994,USDT,
529672014,2026-08-21T13:18:35Z,BTCUSDT,BUY,0.00460000,77100.00,0.00000000,0.14186399,USDT,
529672052,2026-08-21T13:18:38Z,BTCUSDT,SELL,0.03890000,76907.70,-5.53334999,1.19668381,USDT,
529672408,2026-08-21T13:19:32Z,BTCUSDT,BUY,0.00010000,77000.00,0.00000000,0.00308000,USDT,
529672409,2026-08-21T13:19:32Z,BTCUSDT,BUY,0.00070000,77002.80,0.00000000,0.02156078,USDT,
529672410,2026-08-21T13:19:32Z,BTCUSDT,BUY,0.00100000,77003.10,0.00000000,0.03080124,USDT,
529672411,2026-08-21T13:19:32Z,BTCUSDT,BUY,0.01760000,77007.30,0.00000000,0.54213139,USDT,
529672417,2026-08-21T13:19:34Z,BTCUSDT,BUY,0.00070000,76998.70,0.00000000,0.02155963,USDT,
529672418,2026-08-21T13:19:34Z,BTCUSDT,BUY,0.00100000,77013.50,0.00000000,0.03080540,USDT,
529672419,2026-08-21T13:19:34Z,BTCUSDT,BUY,0.00130000,77038.90,0.00000000,0.04006022,USDT,
529672420,2026-08-21T13:19:34Z,BTCUSDT,BUY,0.00640000,77043.50,0.00000000,0.19723136,USDT,
529672421,2026-08-21T13:19:34Z,BTCUSDT,BUY,0.00100000,77065.20,0.00000000,0.03082608,USDT,
529672422,2026-08-21T13:19:34Z,BTCUSDT,BUY,0.00070000,77072.70,0.00000000,0.02158035,USDT,
529672423,2026-08-21T13:19:34Z,BTCUSDT,BUY,0.00840000,77085.00,0.00000000,0.25900560,USDT,
529672499,2026-08-21T13:19:56Z,BTCUSDT,SELL,0.00730000,76988.20,0.00000000,0.22480554,USDT,
529672508,2026-08-21T13:19:59Z,BTCUSDT,SELL,0.00320000,76988.20,0.00000000,0.09854489,USDT,
529672615,2026-08-21T13:20:15Z,BTCUSDT,BUY,0.01050000,76982.40,0.06089999,0.32332608,USDT,
529672639,2026-08-21T13:20:23Z,BTCUSDT,SELL,0.03890000,76980.10,-2.07930000,1.19781035,USDT,
529672728,2026-08-21T13:20:38Z,BTCUSDT,SELL,0.00100000,76983.90,0.00000000,0.03079356,USDT,
529672729,2026-08-21T13:20:38Z,BTCUSDT,SELL,0.00630000,76974.60,0.00000000,0.19397599,USDT,
529672739,2026-08-21T13:20:41Z,BTCUSDT,SELL,0.00130000,76989.30,0.00000000,0.04003443,USDT,
529672740,2026-08-21T13:20:41Z,BTCUSDT,SELL,0.00190000,76974.60,0.00000000,0.05850069,USDT,
529673030,2026-08-21T13:21:31Z,BTCUSDT,BUY,0.00100000,76912.80,0.06450571,0.03076512,USDT,
529673031,2026-08-21T13:21:31Z,BTCUSDT,BUY,0.00130000,76940.60,0.04771742,0.04000911,USDT,
529673032,2026-08-21T13:21:31Z,BTCUSDT,BUY,0.00820000,77000.00,-0.18609314,0.25256000,USDT,
529673194,2026-08-21T13:22:16Z,BTCUSDT,BUY,0.01950000,76899.00,0.00000000,0.59981220,USDT,
529673200,2026-08-21T13:22:19Z,BTCUSDT,BUY,0.01950000,76899.00,0.00000000,0.59981220,USDT,
529673433,2026-08-21T13:23:19Z,BTCUSDT,SELL,0.00450000,76884.10,0.00000000,0.13839138,USDT,
529673439,2026-08-21T13:23:22Z,BTCUSDT,SELL,0.00200000,76884.10,0.00000000,0.06150728,USDT,
529674111,2026-08-21T13:25:20Z,BTCUSDT,BUY,0.00050000,76981.90,-0.04890000,0.01539638,USDT,
529674112,2026-08-21T13:25:20Z,BTCUSDT,BUY,0.00100000,76991.50,-0.10740000,0.03079660,USDT,
529674113,2026-08-21T13:25:20Z,BTCUSDT,BUY,0.00500000,77000.00,-0.57950000,0.15400000,USDT,
529674135,2026-08-21T13:25:27Z,BTCUSDT,SELL,0.00120000,76973.10,0.08892000,0.03694708,USDT,
529674136,2026-08-21T13:25:27Z,BTCUSDT,SELL,0.03780000,76962.90,2.41542000,1.16367904,USDT,
529674713,2026-08-21T13:27:14Z,BTCUSDT,BUY,0.01940000,77104.90,0.00000000,0.59833402,USDT,
529674720,2026-08-21T13:27:17Z,BTCUSDT,BUY,0.01950000,77104.90,0.00000000,0.60141822,USDT,
529674785,2026-08-21T13:27:22Z,BTCUSDT,SELL,0.00440000,77099.80,0.00000000,0.13569564,USDT,
529674884,2026-08-21T13:27:43Z,BTCUSDT,BUY,0.00440000,77118.90,-0.08404000,0.13572926,USDT,
529675029,2026-08-21T13:27:57Z,BTCUSDT,SELL,0.00440000,77177.50,0.00000000,0.13583240,USDT,
529675480,2026-08-21T13:30:02Z,BTCUSDT,SELL,0.03890000,77098.80,-0.23728999,1.19965732,USDT,
529676058,2026-08-21T13:31:15Z,BTCUSDT,BUY,0.00100000,77094.60,0.08289999,0.03083784,USDT,
529676059,2026-08-21T13:31:15Z,BTCUSDT,BUY,0.00120000,77096.70,0.09696000,0.03700641,USDT,
529676060,2026-08-21T13:31:15Z,BTCUSDT,BUY,0.00130000,77108.80,0.08931000,0.04009657,USDT,
529676061,2026-08-21T13:31:15Z,BTCUSDT,BUY,0.00090000,77178.50,-0.00090000,0.02778426,USDT,
529676363,2026-08-21T13:32:12Z,BTCUSDT,BUY,0.00100000,77037.40,0.00000000,0.03081496,USDT,
529676364,2026-08-21T13:32:12Z,BTCUSDT,BUY,0.00100000,77055.50,0.00000000,0.03082220,USDT,
529676365,2026-08-21T13:32:12Z,BTCUSDT,BUY,0.00130000,77066.90,0.00000000,0.04007478,USDT,
529676366,2026-08-21T13:32:12Z,BTCUSDT,BUY,0.00070000,77145.40,0.00000000,0.02160071,USDT,
529676367,2026-08-21T13:32:12Z,BTCUSDT,BUY,0.00120000,77160.10,0.00000000,0.03703684,USDT,
529676368,2026-08-21T13:32:12Z,BTCUSDT,BUY,0.01420000,77178.50,0.00000000,0.43837388,USDT,
529676389,2026-08-21T13:32:15Z,BTCUSDT,BUY,0.00120000,76994.00,0.00000000,0.03695712,USDT,
529676390,2026-08-21T13:32:15Z,BTCUSDT,BUY,0.00100000,76998.50,0.00000000,0.03079940,USDT,
529676391,2026-08-21T13:32:15Z,BTCUSDT,BUY,0.00130000,77011.60,0.00000000,0.04004603,USDT,
529676392,2026-08-21T13:32:15Z,BTCUSDT,BUY,0.01600000,77178.50,0.00000000,0.49394240,USDT,
529676486,2026-08-21T13:32:25Z,BTCUSDT,SELL,0.00100000,76965.70,-0.18522159,0.03078628,USDT,
529676487,2026-08-21T13:32:25Z,BTCUSDT,SELL,0.03780000,76963.10,-7.09965624,1.16368207,USDT,
529676500,2026-08-21T13:32:28Z,BTCUSDT,SELL,0.00010000,76963.10,-0.01878215,0.00307852,USDT,
529676957,2026-08-21T13:33:24Z,BTCUSDT,SELL,0.00450000,76871.00,0.00000000,0.13836780,USDT,
529676989,2026-08-21T13:33:26Z,BTCUSDT,SELL,0.00200000,76869.50,0.00000000,0.06149560,USDT,
529677017,2026-08-21T13:33:31Z,BTCUSDT,BUY,0.00130000,76879.60,0.00000000,0.03997739,USDT,
529677018,2026-08-21T13:33:31Z,BTCUSDT,BUY,0.00100000,76879.70,0.00000000,0.03075188,USDT,
529677019,2026-08-21T13:33:31Z,BTCUSDT,BUY,0.00130000,76880.00,0.00000000,0.03997760,USDT,
529677020,2026-08-21T13:33:31Z,BTCUSDT,BUY,0.01590000,77000.00,0.00000000,0.48972000,USDT,
529677055,2026-08-21T13:33:34Z,BTCUSDT,BUY,0.00100000,76921.30,0.00000000,0.03076852,USDT,
529677056,2026-08-21T13:33:34Z,BTCUSDT,BUY,0.01850000,77000.00,0.00000000,0.56980000,USDT,
529677077,2026-08-21T13:33:39Z,BTCUSDT,BUY,0.00100000,76881.60,-0.01106153,0.03075264,USDT,
529677078,2026-08-21T13:33:39Z,BTCUSDT,BUY,0.00130000,76885.30,-0.01919000,0.03998035,USDT,
529677079,2026-08-21T13:33:39Z,BTCUSDT,BUY,0.00130000,76901.20,-0.03986000,0.03998862,USDT,
529677080,2026-08-21T13:33:39Z,BTCUSDT,BUY,0.00290000,77000.00,-0.37543846,0.08932000,USDT,
529677131,2026-08-21T13:33:46Z,BTCUSDT,SELL,0.03900000,76866.00,-4.71447999,1.19910960,USDT,
529677197,2026-08-21T13:33:55Z,BTCUSDT,SELL,0.00450000,76863.00,0.00000000,0.13835339,USDT,
529677218,2026-08-21T13:33:57Z,BTCUSDT,SELL,0.00200000,76866.00,0.00000000,0.06149280,USDT,
529677238,2026-08-21T13:34:01Z,BTCUSDT,BUY,0.00650000,76881.60,-0.11490000,0.19989216,USDT,
529685559,2026-08-21T13:49:15Z,BTCUSDT,SELL,0.00900000,77305.60,0.00000000,0.27830016,USDT,
529685590,2026-08-21T13:49:18Z,BTCUSDT,SELL,0.00380000,77305.60,0.00000000,0.11750451,USDT,
529685792,2026-08-21T13:50:09Z,BTCUSDT,BUY,0.00860000,77335.40,0.00000000,0.26603377,USDT,
529685814,2026-08-21T13:50:12Z,BTCUSDT,BUY,0.00880000,77335.40,0.00000000,0.27222060,USDT,
529686962,2026-08-21T13:52:36Z,BTCUSDT,BUY,0.00100000,77345.70,-0.04009999,0.03093828,USDT,
529686963,2026-08-21T13:52:36Z,BTCUSDT,BUY,0.00130000,77365.90,-0.07839000,0.04023026,USDT,
529686964,2026-08-21T13:52:36Z,BTCUSDT,BUY,0.00070000,77392.70,-0.06096999,0.02166995,USDT,
529686965,2026-08-21T13:52:36Z,BTCUSDT,BUY,0.00980000,77400.40,-0.92904000,0.30340956,USDT,
529687180,2026-08-21T13:53:45Z,BTCUSDT,SELL,0.01740000,77394.20,1.02312000,0.53866363,USDT,
529688072,2026-08-21T13:56:50Z,BTCUSDT,SELL,0.00720000,77378.50,0.00000000,0.22285008,USDT,
529688076,2026-08-21T13:56:53Z,BTCUSDT,SELL,0.00320000,77378.50,0.00000000,0.09904448,USDT,
529688087,2026-08-21T13:56:57Z,BTCUSDT,BUY,0.00650000,77379.70,0.00000000,0.20118722,USDT,
529688097,2026-08-21T13:57:00Z,BTCUSDT,BUY,0.00320000,77379.60,0.00000000,0.09904588,USDT,
529688098,2026-08-21T13:57:00Z,BTCUSDT,BUY,0.00330000,77379.70,0.00000000,0.10214120,USDT,
529689105,2026-08-21T13:58:29Z,BTCUSDT,SELL,0.01300000,77200.00,-2.33578000,0.40144000,USDT,
529689183,2026-08-21T13:58:41Z,BTCUSDT,BUY,0.01040000,77210.80,1.74408000,0.32119692,USDT,
529689725,2026-08-21T14:00:30Z,BTCUSDT,SELL,0.00440000,77193.00,0.00000000,0.13585968,USDT,
529689734,2026-08-21T14:00:33Z,BTCUSDT,SELL,0.00200000,77193.10,0.00000000,0.06175448,USDT,
529690462,2026-08-21T14:02:53Z,BTCUSDT,BUY,0.00100000,77136.50,0.05653125,0.03085460,USDT,
529690463,2026-08-21T14:02:53Z,BTCUSDT,BUY,0.00120000,77139.00,0.06483750,0.03702672,USDT,
529690464,2026-08-21T14:02:53Z,BTCUSDT,BUY,0.00130000,77161.90,0.04047062,0.04012418,USDT,
529690465,2026-08-21T14:02:53Z,BTCUSDT,BUY,0.00070000,77193.30,-0.00018812,0.02161412,USDT,
529690466,2026-08-21T14:02:53Z,BTCUSDT,BUY,0.00220000,77194.00,-0.00213125,0.06793072,USDT,
529691923,2026-08-21T14:04:58Z,BTCUSDT,SELL,0.00130000,76717.90,0.00000000,0.03989330,USDT,
529691924,2026-08-21T14:04:58Z,BTCUSDT,SELL,0.00100000,76709.80,0.00000000,0.03068392,USDT,
529691925,2026-08-21T14:04:58Z,BTCUSDT,SELL,0.00210000,76700.00,0.00000000,0.06442800,USDT,
529691969,2026-08-21T14:05:00Z,BTCUSDT,SELL,0.00100000,76606.70,0.00000000,0.03064268,USDT,
529691970,2026-08-21T14:05:00Z,BTCUSDT,SELL,0.00100000,76587.40,0.00000000,0.03063496,USDT,
529692093,2026-08-21T14:05:09Z,BTCUSDT,BUY,0.00100000,77062.60,-0.38960468,0.03082504,USDT,
529692094,2026-08-21T14:05:09Z,BTCUSDT,BUY,0.00130000,77089.20,-0.54106609,0.04008638,USDT,
529692095,2026-08-21T14:05:09Z,BTCUSDT,BUY,0.00410000,77148.80,-1.95079921,0.12652403,USDT,
529692296,2026-08-21T14:05:26Z,BTCUSDT,SELL,0.00100000,77019.20,0.00000000,0.03080768,USDT,
529692297,2026-08-21T14:05:26Z,BTCUSDT,SELL,0.00340000,77000.00,0.00000000,0.10472000,USDT,
529692345,2026-08-21T14:05:29Z,BTCUSDT,SELL,0.00050000,76906.40,0.00000000,0.01538128,USDT,
529692346,2026-08-21T14:05:29Z,BTCUSDT,SELL,0.00140000,76906.40,0.00000000,0.04306758,USDT,
529692347,2026-08-21T14:05:29Z,BTCUSDT,SELL,0.00010000,76891.10,0.00000000,0.00307564,USDT,
529692585,2026-08-21T14:05:57Z,BTCUSDT,BUY,0.00100000,77031.90,-0.05838906,0.03081276,USDT,
529692586,2026-08-21T14:05:57Z,BTCUSDT,BUY,0.00070000,77067.30,-0.06565234,0.02157884,USDT,
529692587,2026-08-21T14:05:57Z,BTCUSDT,BUY,0.00470000,77100.00,-0.59449859,0.14494800,USDT,
529692726,2026-08-21T14:06:15Z,BTCUSDT,SELL,0.00100000,76973.00,0.00000000,0.03078920,USDT,
529692727,2026-08-21T14:06:15Z,BTCUSDT,SELL,0.00130000,76962.90,0.00000000,0.04002070,USDT,
529692728,2026-08-21T14:06:15Z,BTCUSDT,SELL,0.00220000,76900.00,0.00000000,0.06767200,USDT,
529692909,2026-08-21T14:06:35Z,BTCUSDT,BUY,0.01410000,77069.60,0.00000000,0.43467254,USDT,
529692921,2026-08-21T14:06:37Z,BTCUSDT,BUY,0.01420000,77071.10,0.00000000,0.43776384,USDT,
529692925,2026-08-21T14:06:39Z,BTCUSDT,BUY,0.00450000,77071.10,-0.61518000,0.13872798,USDT,
529693464,2026-08-21T14:07:53Z,BTCUSDT,SELL,0.00020000,77063.50,0.00000000,0.00616508,USDT,
529693465,2026-08-21T14:07:53Z,BTCUSDT,SELL,0.00100000,77057.70,0.00000000,0.03082308,USDT,
529693466,2026-08-21T14:07:53Z,BTCUSDT,SELL,0.00320000,77050.10,0.00000000,0.09862412,USDT,
529693479,2026-08-21T14:07:55Z,BTCUSDT,SELL,0.00200000,77050.10,0.00000000,0.06164008,USDT,
529694435,2026-08-21T14:10:42Z,BTCUSDT,BUY,0.00640000,76998.00,0.34372000,0.19711488,USDT,
529694456,2026-08-21T14:10:50Z,BTCUSDT,SELL,0.02830000,76993.20,-2.18342000,0.87156302,USDT,
529695009,2026-08-21T14:12:53Z,BTCUSDT,SELL,0.00120000,76983.90,0.00000000,0.03695227,USDT,
529695010,2026-08-21T14:12:53Z,BTCUSDT,SELL,0.00610000,76976.60,0.00000000,0.18782290,USDT,
529695047,2026-08-21T14:12:56Z,BTCUSDT,SELL,0.00120000,76988.40,0.00000000,0.03695443,USDT,
529695048,2026-08-21T14:12:56Z,BTCUSDT,SELL,0.00130000,76979.60,0.00000000,0.04002939,USDT,
529695049,2026-08-21T14:12:56Z,BTCUSDT,SELL,0.00070000,76976.50,0.00000000,0.02155342,USDT,
529695611,2026-08-21T14:14:41Z,BTCUSDT,BUY,0.00070000,76897.00,0.05750333,0.02153116,USDT,
529695612,2026-08-21T14:14:41Z,BTCUSDT,BUY,0.00100000,76897.70,0.08144761,0.03075908,USDT,
529695613,2026-08-21T14:14:41Z,BTCUSDT,BUY,0.00130000,76910.70,0.08898190,0.03999356,USDT,
529695614,2026-08-21T14:14:41Z,BTCUSDT,BUY,0.00750000,76982.60,-0.02589285,0.23094780,USDT,
529695650,2026-08-21T14:14:47Z,BTCUSDT,BUY,0.00130000,76912.70,0.00000000,0.03999460,USDT,
529695651,2026-08-21T14:14:47Z,BTCUSDT,BUY,0.00100000,76927.80,0.00000000,0.03077112,USDT,
529695652,2026-08-21T14:14:47Z,BTCUSDT,BUY,0.00130000,76928.90,0.00000000,0.04000302,USDT,
529695653,2026-08-21T14:14:47Z,BTCUSDT,BUY,0.00950000,76982.60,0.00000000,0.29253388,USDT,
529695827,2026-08-21T14:15:05Z,BTCUSDT,SELL,0.00100000,76850.60,-0.11555114,0.03074024,USDT,
529695828,2026-08-21T14:15:05Z,BTCUSDT,SELL,0.00150000,76847.70,-0.17767671,0.04610862,USDT,
529695829,2026-08-21T14:15:05Z,BTCUSDT,SELL,0.01060000,76834.90,-1.39126213,0.32577997,USDT,
529696190,2026-08-21T14:16:43Z,BTCUSDT,BUY,0.00650000,76850.20,0.00000000,0.19981052,USDT,
529696201,2026-08-21T14:16:46Z,BTCUSDT,BUY,0.00100000,76849.50,0.00000000,0.03073980,USDT,
529696202,2026-08-21T14:16:46Z,BTCUSDT,BUY,0.00560000,76850.20,0.00000000,0.17214444,USDT,
529696603,2026-08-21T14:18:26Z,BTCUSDT,SELL,0.01310000,76846.90,-0.04252999,0.40267775,USDT,
529696676,2026-08-21T14:18:45Z,BTCUSDT,SELL,0.00450000,76837.80,0.00000000,0.13830804,USDT,
529696695,2026-08-21T14:18:49Z,BTCUSDT,SELL,0.00200000,76837.80,0.00000000,0.06147024,USDT,
529697488,2026-08-21T14:19:49Z,BTCUSDT,BUY,0.00650000,76755.70,0.53365000,0.19956482,USDT,
529698460,2026-08-21T14:22:47Z,BTCUSDT,SELL,0.00100000,76638.10,0.00000000,0.03065524,USDT,
529698461,2026-08-21T14:22:47Z,BTCUSDT,SELL,0.00130000,76628.70,0.00000000,0.03984692,USDT,
529698462,2026-08-21T14:22:47Z,BTCUSDT,SELL,0.00220000,76611.90,0.00000000,0.06741847,USDT,
529698489,2026-08-21T14:22:50Z,BTCUSDT,SELL,0.00100000,76654.30,0.00000000,0.03066172,USDT,
529698490,2026-08-21T14:22:50Z,BTCUSDT,SELL,0.00100000,76647.20,0.00000000,0.03065888,USDT,
529698716,2026-08-21T14:23:29Z,BTCUSDT,BUY,0.00650000,76756.10,-0.81156000,0.19956586,USDT,
529698916,2026-08-21T14:24:18Z,BTCUSDT,BUY,0.02120000,76761.00,0.00000000,0.65093327,USDT,
529698924,2026-08-21T14:24:21Z,BTCUSDT,BUY,0.02130000,76761.00,0.00000000,0.65400371,USDT,
529698930,2026-08-21T14:24:22Z,BTCUSDT,SELL,0.00100000,76744.00,0.00000000,0.03069760,USDT,
529698931,2026-08-21T14:24:22Z,BTCUSDT,SELL,0.00100000,76743.90,0.00000000,0.03069756,USDT,
529698932,2026-08-21T14:24:22Z,BTCUSDT,SELL,0.00130000,76721.20,0.00000000,0.03989502,USDT,
529698933,2026-08-21T14:24:22Z,BTCUSDT,SELL,0.00120000,76700.00,0.00000000,0.03681600,USDT,
529698944,2026-08-21T14:24:24Z,BTCUSDT,SELL,0.00100000,76744.80,0.00000000,0.03069792,USDT,
529698945,2026-08-21T14:24:24Z,BTCUSDT,SELL,0.00100000,76719.30,0.00000000,0.03068772,USDT,
529699621,2026-08-21T14:26:02Z,BTCUSDT,BUY,0.00650000,77031.70,-1.97649000,0.20028242,USDT,
529699683,2026-08-21T14:26:11Z,BTCUSDT,SELL,0.00120000,77004.00,0.29160000,0.03696192,USDT,
529699684,2026-08-21T14:26:11Z,BTCUSDT,SELL,0.00100000,77002.40,0.24140000,0.03080096,USDT,
529699685,2026-08-21T14:26:11Z,BTCUSDT,SELL,0.00070000,77000.00,0.16730000,0.02156000,USDT,
529699686,2026-08-21T14:26:11Z,BTCUSDT,SELL,0.00130000,76983.90,0.28977000,0.04003162,USDT,
529699687,2026-08-21T14:26:11Z,BTCUSDT,SELL,0.00100000,76954.70,0.19370000,0.03078188,USDT,
529699688,2026-08-21T14:26:11Z,BTCUSDT,SELL,0.03730000,76900.00,5.18470000,1.14734800,USDT,
529700426,2026-08-21T14:27:45Z,BTCUSDT,SELL,0.00030000,77022.80,0.00000000,0.00924273,USDT,
529700427,2026-08-21T14:27:45Z,BTCUSDT,SELL,0.00100000,77021.90,0.00000000,0.03080876,USDT,
529700428,2026-08-21T14:27:45Z,BTCUSDT,SELL,0.00310000,76999.00,0.00000000,0.09547876,USDT,
529700447,2026-08-21T14:27:47Z,BTCUSDT,SELL,0.00130000,77014.70,0.00000000,0.04004764,USDT,
529700448,2026-08-21T14:27:47Z,BTCUSDT,SELL,0.00070000,77011.60,0.00000000,0.02156324,USDT,
529701295,2026-08-21T14:29:13Z,BTCUSDT,BUY,0.00120000,77168.70,0.00000000,0.03704097,USDT,
529701296,2026-08-21T14:29:13Z,BTCUSDT,BUY,0.00100000,77187.10,0.00000000,0.03087484,USDT,
529701297,2026-08-21T14:29:13Z,BTCUSDT,BUY,0.00210000,77194.50,0.00000000,0.06484338,USDT,
529701327,2026-08-21T14:29:16Z,BTCUSDT,BUY,0.00440000,77141.60,0.00000000,0.13576921,USDT,
529701649,2026-08-21T14:29:45Z,BTCUSDT,BUY,0.00640000,77058.10,-0.31896999,0.19726873,USDT,
529702240,2026-08-21T14:30:58Z,BTCUSDT,SELL,0.00100000,77065.60,-0.09773678,0.03082624,USDT,
529702241,2026-08-21T14:30:58Z,BTCUSDT,SELL,0.00130000,77063.40,-0.12991781,0.04007296,USDT,
529702242,2026-08-21T14:30:58Z,BTCUSDT,SELL,0.00640000,77063.20,-0.64087540,0.19728179,USDT,
529702456,2026-08-21T14:31:32Z,BTCUSDT,SELL,0.00440000,77063.30,0.00000000,0.13563140,USDT,
529702463,2026-08-21T14:31:34Z,BTCUSDT,SELL,0.00120000,77070.40,0.00000000,0.03699379,USDT,
529702464,2026-08-21T14:31:34Z,BTCUSDT,SELL,0.00080000,77064.90,0.00000000,0.02466076,USDT,
529703451,2026-08-21T14:34:36Z,BTCUSDT,BUY,0.00640000,77143.90,-0.50604000,0.19748838,USDT,
529703478,2026-08-21T14:34:50Z,BTCUSDT,BUY,0.00650000,77143.00,0.00000000,0.20057180,USDT,
529703484,2026-08-21T14:34:53Z,BTCUSDT,BUY,0.00660000,77143.00,0.00000000,0.20365752,USDT,
529703963,2026-08-21T14:36:32Z,BTCUSDT,SELL,0.00440000,77065.00,0.00000000,0.13563439,USDT,
529703969,2026-08-21T14:36:35Z,BTCUSDT,SELL,0.00120000,77075.80,0.00000000,0.03699638,USDT,
529703970,2026-08-21T14:36:35Z,BTCUSDT,SELL,0.00080000,77065.00,0.00000000,0.02466080,USDT,
529703972,2026-08-21T14:36:35Z,BTCUSDT,SELL,0.00100000,77065.00,-0.07800000,0.03082600,USDT,
529703973,2026-08-21T14:36:35Z,BTCUSDT,SELL,0.00130000,77065.00,-0.10140000,0.04007380,USDT,
529703974,2026-08-21T14:36:35Z,BTCUSDT,SELL,0.00100000,77063.20,-0.07980000,0.03082528,USDT,
529703975,2026-08-21T14:36:35Z,BTCUSDT,SELL,0.00980000,77054.10,-0.87121999,0.30205207,USDT,
529703976,2026-08-21T14:36:36Z,BTCUSDT,BUY,0.00070000,77072.70,-0.00397250,0.02158035,USDT,
529703977,2026-08-21T14:36:36Z,BTCUSDT,BUY,0.00100000,77074.90,-0.00787500,0.03082996,USDT,
529703978,2026-08-21T14:36:36Z,BTCUSDT,BUY,0.00470000,77077.50,-0.04923250,0.14490570,USDT,
529704417,2026-08-21T14:37:28Z,BTCUSDT,SELL,0.00440000,77196.70,0.00000000,0.13586619,USDT,
529704425,2026-08-21T14:37:30Z,BTCUSDT,SELL,0.00200000,77196.70,0.00000000,0.06175736,USDT,
529704840,2026-08-21T14:38:41Z,BTCUSDT,BUY,0.00100000,77076.40,0.12030000,0.03083056,USDT,
529704841,2026-08-21T14:38:41Z,BTCUSDT,BUY,0.00130000,77084.30,0.14612000,0.04008383,USDT,
529704842,2026-08-21T14:38:41Z,BTCUSDT,BUY,0.00410000,77103.80,0.38089000,0.12645023,USDT,
529705541,2026-08-21T14:40:55Z,BTCUSDT,SELL,0.00440000,76938.20,0.00000000,0.13541123,USDT,
529705550,2026-08-21T14:40:58Z,BTCUSDT,SELL,0.00200000,76937.30,0.00000000,0.06154984,USDT,
529706451,2026-08-21T14:44:08Z,BTCUSDT,BUY,0.00100000,76953.90,0.00000000,0.03078156,USDT,
529706452,2026-08-21T14:44:08Z,BTCUSDT,BUY,0.00770000,76961.00,0.00000000,0.23703988,USDT,
529706460,2026-08-21T14:44:11Z,BTCUSDT,BUY,0.00880000,76961.00,0.00000000,0.27090272,USDT,
529706674,2026-08-21T14:44:15Z,BTCUSDT,BUY,0.00640000,77100.00,-1.03732000,0.19737600,USDT,
529707277,2026-08-21T14:46:22Z,BTCUSDT,SELL,0.00440000,77105.00,0.00000000,0.13570479,USDT,
529707296,2026-08-21T14:46:24Z,BTCUSDT,SELL,0.00100000,77096.90,0.00000000,0.03083876,USDT,
529707297,2026-08-21T14:46:24Z,BTCUSDT,SELL,0.00100000,77072.60,0.00000000,0.03082904,USDT,
529707467,2026-08-21T14:46:32Z,BTCUSDT,SELL,0.00100000,77188.00,0.22740571,0.03087520,USDT,
529707468,2026-08-21T14:46:32Z,BTCUSDT,SELL,0.00130000,77164.90,0.26559742,0.04012574,USDT,
529707469,2026-08-21T14:46:32Z,BTCUSDT,SELL,0.00070000,77111.10,0.10535400,0.02159110,USDT,
529707470,2026-08-21T14:46:32Z,BTCUSDT,SELL,0.01450000,77100.00,2.02138285,0.44718000,USDT,
529707557,2026-08-21T14:47:02Z,BTCUSDT,BUY,0.00640000,77200.00,-0.64850000,0.19763200,USDT,
529708475,2026-08-21T14:49:48Z,BTCUSDT,BUY,0.00650000,77300.80,0.00000000,0.20098208,USDT,
529708484,2026-08-21T14:49:51Z,BTCUSDT,BUY,0.00650000,77300.80,0.00000000,0.20098208,USDT,
529708528,2026-08-21T14:50:05Z,BTCUSDT,SELL,0.00440000,77297.00,0.00000000,0.13604272,USDT,
529708540,2026-08-21T14:50:08Z,BTCUSDT,SELL,0.00200000,77295.90,0.00000000,0.06183672,USDT,
529708546,2026-08-21T14:50:10Z,BTCUSDT,BUY,0.00640000,77300.70,-0.02587999,0.19788979,USDT,
529709594,2026-08-21T14:54:14Z,BTCUSDT,SELL,0.01300000,77391.00,1.17260000,0.40243320,USDT,
529710112,2026-08-21T14:56:03Z,BTCUSDT,BUY,0.00100000,77327.70,0.00000000,0.03093108,USDT,
529710113,2026-08-21T14:56:03Z,BTCUSDT,BUY,0.00120000,77329.30,0.00000000,0.03711806,USDT,
529710114,2026-08-21T14:56:03Z,BTCUSDT,BUY,0.00130000,77343.80,0.00000000,0.04021877,USDT,
529710115,2026-08-21T14:56:03Z,BTCUSDT,BUY,0.00070000,77363.60,0.00000000,0.02166180,USDT,
529710116,2026-08-21T14:56:03Z,BTCUSDT,BUY,0.00010000,77396.00,0.00000000,0.00309584,USDT,
529710123,2026-08-21T14:56:05Z,BTCUSDT,BUY,0.00120000,77327.80,0.00000000,0.03711734,USDT,
529710124,2026-08-21T14:56:05Z,BTCUSDT,BUY,0.00100000,77327.80,0.00000000,0.03093112,USDT,
529710125,2026-08-21T14:56:05Z,BTCUSDT,BUY,0.00130000,77345.80,0.00000000,0.04021981,USDT,
529710126,2026-08-21T14:56:05Z,BTCUSDT,BUY,0.00090000,77396.00,0.00000000,0.02786256,USDT,
529710171,2026-08-21T14:56:18Z,BTCUSDT,SELL,0.00120000,77308.40,0.00000000,0.03710803,USDT,
529710172,2026-08-21T14:56:18Z,BTCUSDT,SELL,0.00320000,77306.30,0.00000000,0.09895206,USDT,
529710178,2026-08-21T14:56:20Z,BTCUSDT,SELL,0.00200000,77306.30,0.00000000,0.06184504,USDT,
529710512,2026-08-21T14:58:02Z,BTCUSDT,BUY,0.00610000,77394.30,-0.53439812,0.18884209,USDT,
529710513,2026-08-21T14:58:02Z,BTCUSDT,BUY,0.00030000,77394.40,-0.02631187,0.00928732,USDT,
529710679,2026-08-21T14:59:06Z,BTCUSDT,SELL,0.00070000,77383.80,0.02800321,0.02166746,USDT,
529710680,2026-08-21T14:59:06Z,BTCUSDT,SELL,0.00800000,77383.30,0.31603678,0.24762656,USDT,
529711517,2026-08-21T15:01:15Z,BTCUSDT,SELL,0.00440000,77353.30,0.00000000,0.13614180,USDT,
529711615,2026-08-21T15:01:17Z,BTCUSDT,SELL,0.00200000,77346.00,0.00000000,0.06187680,USDT,
529712294,2026-08-21T15:03:33Z,BTCUSDT,BUY,0.00020000,77418.80,-0.01355625,0.00619350,USDT,
529712295,2026-08-21T15:03:33Z,BTCUSDT,BUY,0.00620000,77422.50,-0.44318375,0.19200780,USDT,
529713153,2026-08-21T15:05:50Z,BTCUSDT,SELL,0.00100000,77409.30,0.00000000,0.03096372,USDT,
529713154,2026-08-21T15:05:50Z,BTCUSDT,SELL,0.00620000,77405.00,0.00000000,0.19196440,USDT,
529713190,2026-08-21T15:05:53Z,BTCUSDT,SELL,0.00320000,77431.60,0.00000000,0.09911244,USDT,
529713435,2026-08-21T15:06:21Z,BTCUSDT,BUY,0.00100000,77470.50,0.00000000,0.03098820,USDT,
529713436,2026-08-21T15:06:21Z,BTCUSDT,BUY,0.00050000,77474.00,0.00000000,0.01549480,USDT,
529713437,2026-08-21T15:06:21Z,BTCUSDT,BUY,0.00280000,77480.10,0.00000000,0.08677771,USDT,
529713449,2026-08-21T15:06:23Z,BTCUSDT,BUY,0.00120000,77476.10,0.00000000,0.03718852,USDT,
529713450,2026-08-21T15:06:23Z,BTCUSDT,BUY,0.00320000,77480.80,0.00000000,0.09917542,USDT,
529713778,2026-08-21T15:07:04Z,BTCUSDT,BUY,0.01040000,77516.20,-1.06706000,0.32246739,USDT,
529714657,2026-08-21T15:09:19Z,BTCUSDT,SELL,0.00440000,77593.50,0.00000000,0.13656456,USDT,
529714666,2026-08-21T15:09:21Z,BTCUSDT,SELL,0.00200000,77593.50,0.00000000,0.06207480,USDT,
529714694,2026-08-21T15:09:24Z,BTCUSDT,SELL,0.00870000,77591.20,0.98178000,0.27001737,USDT,
529714702,2026-08-21T15:09:26Z,BTCUSDT,BUY,0.00640000,77595.80,-0.01472000,0.19864524,USDT,
529715875,2026-08-21T15:12:06Z,BTCUSDT,BUY,0.00430000,77676.30,0.00000000,0.13360323,USDT,
529715888,2026-08-21T15:12:08Z,BTCUSDT,BUY,0.00070000,77674.40,0.00000000,0.02174883,USDT,
529715889,2026-08-21T15:12:08Z,BTCUSDT,BUY,0.00360000,77676.40,0.00000000,0.11185401,USDT,
529715924,2026-08-21T15:12:19Z,BTCUSDT,SELL,0.00720000,77670.20,0.00000000,0.22369017,USDT,
529715929,2026-08-21T15:12:21Z,BTCUSDT,SELL,0.00320000,77670.20,0.00000000,0.09941785,USDT,
529716369,2026-08-21T15:14:19Z,BTCUSDT,BUY,0.00640000,77657.60,0.08063999,0.19880345,USDT,
529716698,2026-08-21T15:15:22Z,BTCUSDT,BUY,0.00400000,77683.00,-0.05120000,0.12429280,USDT,
529716985,2026-08-21T15:16:45Z,BTCUSDT,SELL,0.00860000,77676.80,0.00527000,0.26720819,USDT,
529717471,2026-08-21T15:17:54Z,BTCUSDT,SELL,0.00440000,77566.60,0.00000000,0.13651721,USDT,
529717477,2026-08-21T15:17:56Z,BTCUSDT,SELL,0.00200000,77566.60,0.00000000,0.06205328,USDT,
529717684,2026-08-21T15:18:22Z,BTCUSDT,BUY,0.00640000,77534.20,0.20736000,0.19848755,USDT,
529717822,2026-08-21T15:19:01Z,BTCUSDT,SELL,0.00440000,77534.00,0.00000000,0.13645984,USDT,
529717830,2026-08-21T15:19:04Z,BTCUSDT,SELL,0.00200000,77534.00,0.00000000,0.06202720,USDT,
529718205,2026-08-21T15:19:57Z,BTCUSDT,BUY,0.00640000,77640.70,-0.68288000,0.19876019,USDT,
529719043,2026-08-21T15:22:37Z,BTCUSDT,SELL,0.00440000,77561.10,0.00000000,0.13650753,USDT,
529719050,2026-08-21T15:22:40Z,BTCUSDT,SELL,0.00200000,77561.10,0.00000000,0.06204888,USDT,
529719421,2026-08-21T15:24:27Z,BTCUSDT,BUY,0.00860000,77582.30,0.00000000,0.26688311,USDT,
529719434,2026-08-21T15:24:30Z,BTCUSDT,BUY,0.00880000,77582.30,0.00000000,0.27308969,USDT,
529719712,2026-08-21T15:25:42Z,BTCUSDT,BUY,0.00640000,77640.70,-0.50943999,0.19876019,USDT,
529720250,2026-08-21T15:27:48Z,BTCUSDT,SELL,0.00100000,77658.90,0.07659999,0.03106356,USDT,
529720251,2026-08-21T15:27:48Z,BTCUSDT,SELL,0.01640000,77640.70,0.95775999,0.50932299,USDT,
529720384,2026-08-21T15:28:22Z,BTCUSDT,SELL,0.00120000,77685.80,0.00000000,0.03728918,USDT,
529720385,2026-08-21T15:28:22Z,BTCUSDT,SELL,0.00320000,77682.50,0.00000000,0.09943360,USDT,
529720392,2026-08-21T15:28:24Z,BTCUSDT,SELL,0.00120000,77685.00,0.00000000,0.03728879,USDT,
529720393,2026-08-21T15:28:24Z,BTCUSDT,SELL,0.00080000,77682.50,0.00000000,0.02485840,USDT,
529721422,2026-08-21T15:31:57Z,BTCUSDT,BUY,0.00100000,77679.10,0.00448749,0.03107164,USDT,
529721423,2026-08-21T15:31:57Z,BTCUSDT,BUY,0.00120000,77680.70,0.00346499,0.03728673,USDT,
529721424,2026-08-21T15:31:57Z,BTCUSDT,BUY,0.00420000,77686.40,-0.01181250,0.13051315,USDT,
529721443,2026-08-21T15:32:05Z,BTCUSDT,BUY,0.02100000,77663.60,0.00000000,0.65237424,USDT,
529721450,2026-08-21T15:32:08Z,BTCUSDT,BUY,0.02110000,77663.60,0.00000000,0.65548078,USDT,
529721703,2026-08-21T15:34:00Z,BTCUSDT,SELL,0.00440000,77657.90,0.00000000,0.13667790,USDT,
529721713,2026-08-21T15:34:03Z,BTCUSDT,SELL,0.00200000,77657.90,0.00000000,0.06212632,USDT,
529722381,2026-08-21T15:35:51Z,BTCUSDT,SELL,0.00860000,77563.70,-0.85914000,0.26681912,USDT,
529722500,2026-08-21T15:36:48Z,BTCUSDT,BUY,0.00640000,77563.60,0.60352000,0.19856281,USDT,
529722535,2026-08-21T15:37:01Z,BTCUSDT,SELL,0.03350000,77563.40,-3.35670000,1.03934956,USDT,
529723043,2026-08-21T15:38:51Z,BTCUSDT,SELL,0.00440000,77613.90,0.00000000,0.13660046,USDT,
529723058,2026-08-21T15:38:53Z,BTCUSDT,SELL,0.00200000,77612.40,0.00000000,0.06208992,USDT,
529723441,2026-08-21T15:40:47Z,BTCUSDT,BUY,0.00430000,77636.30,0.00000000,0.13353443,USDT,
529723447,2026-08-21T15:40:49Z,BTCUSDT,BUY,0.00430000,77636.30,0.00000000,0.13353443,USDT,
529723847,2026-08-21T15:42:26Z,BTCUSDT,BUY,0.00070000,77615.70,-0.00158812,0.02173239,USDT,
529723848,2026-08-21T15:42:26Z,BTCUSDT,BUY,0.00570000,77616.30,-0.01635187,0.17696516,USDT,
529724216,2026-08-21T15:43:51Z,BTCUSDT,SELL,0.00860000,77606.00,-0.26058000,0.26696463,USDT,
529725459,2026-08-21T15:46:49Z,BTCUSDT,BUY,0.00120000,77525.30,0.00000000,0.03721214,USDT,
529725460,2026-08-21T15:46:49Z,BTCUSDT,BUY,0.00100000,77528.20,0.00000000,0.03101128,USDT,
529725461,2026-08-21T15:46:49Z,BTCUSDT,BUY,0.00130000,77544.40,0.00000000,0.04032308,USDT,
529725462,2026-08-21T15:46:49Z,BTCUSDT,BUY,0.00640000,77552.70,0.00000000,0.19853491,USDT,
529725463,2026-08-21T15:46:49Z,BTCUSDT,BUY,0.00040000,77581.80,0.00000000,0.01241308,USDT,
529725464,2026-08-21T15:46:49Z,BTCUSDT,BUY,0.00020000,77616.40,0.00000000,0.00620931,USDT,
529725482,2026-08-21T15:46:52Z,BTCUSDT,BUY,0.00120000,77515.80,0.00000000,0.03720758,USDT,
529725483,2026-08-21T15:46:52Z,BTCUSDT,BUY,0.00100000,77521.90,0.00000000,0.03100876,USDT,
529725484,2026-08-21T15:46:52Z,BTCUSDT,BUY,0.00840000,77525.70,0.00000000,0.26048635,USDT,
529725518,2026-08-21T15:46:58Z,BTCUSDT,SELL,0.00060000,77500.30,0.00000000,0.01860007,USDT,
529725519,2026-08-21T15:46:58Z,BTCUSDT,SELL,0.00070000,77500.20,0.00000000,0.02170005,USDT,
529725520,2026-08-21T15:46:58Z,BTCUSDT,SELL,0.00130000,77500.20,0.00000000,0.04030010,USDT,
529725521,2026-08-21T15:46:58Z,BTCUSDT,SELL,0.00070000,77500.20,0.00000000,0.02170005,USDT,
529725522,2026-08-21T15:46:58Z,BTCUSDT,SELL,0.00100000,77500.20,0.00000000,0.03100008,USDT,
529725523,2026-08-21T15:46:58Z,BTCUSDT,SELL,0.00010000,77500.20,0.00000000,0.00310000,USDT,
529725526,2026-08-21T15:46:59Z,BTCUSDT,SELL,0.02110000,77511.40,-0.52576000,0.65419621,USDT,
529725541,2026-08-21T15:47:01Z,BTCUSDT,SELL,0.00200000,77511.40,0.00000000,0.06200912,USDT,
529726661,2026-08-21T15:50:34Z,BTCUSDT,BUY,0.00120000,77450.90,0.06337125,0.03717643,USDT,
529726662,2026-08-21T15:50:34Z,BTCUSDT,BUY,0.00100000,77452.90,0.05080937,0.03098116,USDT,
529726663,2026-08-21T15:50:34Z,BTCUSDT,BUY,0.00130000,77461.90,0.05435218,0.04028018,USDT,
529726664,2026-08-21T15:50:34Z,BTCUSDT,BUY,0.00290000,77549.30,-0.13221281,0.08995718,USDT,
529727025,2026-08-21T15:52:27Z,BTCUSDT,SELL,0.00440000,77437.60,0.00000000,0.13629017,USDT,
529727029,2026-08-21T15:52:30Z,BTCUSDT,SELL,0.00200000,77437.70,0.00000000,0.06195016,USDT,
529728245,2026-08-21T15:55:48Z,BTCUSDT,BUY,0.00640000,77361.50,0.48724000,0.19804544,USDT,
529728923,2026-08-21T15:59:34Z,BTCUSDT,SELL,0.00720000,77295.10,0.00000000,0.22260988,USDT,
529728944,2026-08-21T15:59:36Z,BTCUSDT,SELL,0.00130000,77327.00,0.00000000,0.04021004,USDT,
529728945,2026-08-21T15:59:36Z,BTCUSDT,SELL,0.00100000,77314.00,0.00000000,0.03092560,USDT,
529728946,2026-08-21T15:59:36Z,BTCUSDT,SELL,0.00090000,77294.80,0.00000000,0.02782612,USDT,
529729520,2026-08-21T16:01:40Z,BTCUSDT,BUY,0.01410000,77361.70,0.00000000,0.43631998,USDT,
529729532,2026-08-21T16:01:43Z,BTCUSDT,BUY,0.00100000,77315.30,0.00000000,0.03092612,USDT,
529729533,2026-08-21T16:01:43Z,BTCUSDT,BUY,0.00120000,77317.10,0.00000000,0.03711220,USDT,
529729534,2026-08-21T16:01:43Z,BTCUSDT,BUY,0.00130000,77323.20,0.00000000,0.04020806,USDT,
529729535,2026-08-21T16:01:43Z,BTCUSDT,BUY,0.01060000,77361.70,0.00000000,0.32801360,USDT,
529730327,2026-08-21T16:02:29Z,BTCUSDT,SELL,0.00120000,77168.40,-0.22557829,0.03704083,USDT,
529730328,2026-08-21T16:02:29Z,BTCUSDT,SELL,0.02700000,77160.20,-5.29691170,0.83333016,USDT,
529730391,2026-08-21T16:02:40Z,BTCUSDT,BUY,0.01040000,77160.70,1.45786000,0.32098851,USDT,
529730926,2026-08-21T16:04:41Z,BTCUSDT,SELL,0.00100000,77148.60,0.00000000,0.03085944,USDT,
529730927,2026-08-21T16:04:41Z,BTCUSDT,SELL,0.00340000,77145.80,0.00000000,0.10491828,USDT,
529730931,2026-08-21T16:04:43Z,BTCUSDT,SELL,0.00070000,77149.30,0.00000000,0.02160180,USDT,
529730932,2026-08-21T16:04:43Z,BTCUSDT,SELL,0.00130000,77145.80,0.00000000,0.04011581,USDT,
529731922,2026-08-21T16:08:17Z,BTCUSDT,BUY,0.00100000,77058.50,0.08812031,0.03082340,USDT,
529731923,2026-08-21T16:08:17Z,BTCUSDT,BUY,0.00120000,77058.70,0.10550437,0.03698817,USDT,
529731924,2026-08-21T16:08:17Z,BTCUSDT,BUY,0.00130000,77071.90,0.09713640,0.04007738,USDT,
529731925,2026-08-21T16:08:17Z,BTCUSDT,BUY,0.00290000,77073.90,0.21088890,0.08940572,USDT,
529732465,2026-08-21T16:10:04Z,BTCUSDT,SELL,0.00440000,77057.70,0.00000000,0.13562155,USDT,
529732481,2026-08-21T16:10:06Z,BTCUSDT,SELL,0.00200000,77042.70,0.00000000,0.06163416,USDT,
529732567,2026-08-21T16:10:17Z,BTCUSDT,BUY,0.00120000,77069.60,-0.01990500,0.03699340,USDT,
529732568,2026-08-21T16:10:17Z,BTCUSDT,BUY,0.00100000,77072.50,-0.01948750,0.03082900,USDT,
529732569,2026-08-21T16:10:17Z,BTCUSDT,BUY,0.00130000,77077.30,-0.03157375,0.04008019,USDT,
529732570,2026-08-21T16:10:17Z,BTCUSDT,BUY,0.00290000,77085.50,-0.09421375,0.08941918,USDT,
529732651,2026-08-21T16:10:30Z,BTCUSDT,BUY,0.00130000,77032.30,0.00000000,0.04005679,USDT,
529732652,2026-08-21T16:10:30Z,BTCUSDT,BUY,0.00100000,77032.30,0.00000000,0.03081292,USDT,
529732653,2026-08-21T16:10:30Z,BTCUSDT,BUY,0.00020000,77034.60,0.00000000,0.00616276,USDT,
529732654,2026-08-21T16:10:30Z,BTCUSDT,BUY,0.00100000,77045.50,0.00000000,0.03081820,USDT,
529732655,2026-08-21T16:10:30Z,BTCUSDT,BUY,0.00140000,77080.20,0.00000000,0.04316491,USDT,
529732656,2026-08-21T16:10:30Z,BTCUSDT,BUY,0.00140000,77080.20,0.00000000,0.04316491,USDT,
529732657,2026-08-21T16:10:30Z,BTCUSDT,BUY,0.00080000,77080.20,0.00000000,0.02466566,USDT,
529732658,2026-08-21T16:10:30Z,BTCUSDT,BUY,0.00100000,77088.50,0.00000000,0.03083540,USDT,
529732659,2026-08-21T16:10:30Z,BTCUSDT,BUY,0.00090000,77088.50,0.00000000,0.02775186,USDT,
529732660,2026-08-21T16:10:30Z,BTCUSDT,BUY,0.01220000,77100.00,0.00000000,0.37624800,USDT,
529732698,2026-08-21T16:10:37Z,BTCUSDT,BUY,0.02120000,77176.70,0.00000000,0.65445841,USDT,
529732842,2026-08-21T16:11:04Z,BTCUSDT,SELL,0.00130000,77088.30,0.00000000,0.04008591,USDT,
529732843,2026-08-21T16:11:04Z,BTCUSDT,SELL,0.00310000,77084.70,0.00000000,0.09558502,USDT,
529732863,2026-08-21T16:11:06Z,BTCUSDT,SELL,0.00100000,77133.30,0.00000000,0.03085332,USDT,
529732864,2026-08-21T16:11:06Z,BTCUSDT,SELL,0.00100000,77126.50,0.00000000,0.03085060,USDT,
529732885,2026-08-21T16:11:12Z,BTCUSDT,SELL,0.00100000,77081.40,-0.04948726,0.03083256,USDT,
529732886,2026-08-21T16:11:12Z,BTCUSDT,SELL,0.00100000,77077.50,-0.05338726,0.03083100,USDT,
529732887,2026-08-21T16:11:12Z,BTCUSDT,SELL,0.00120000,77077.00,-0.06466471,0.03699696,USDT,
529732888,2026-08-21T16:11:12Z,BTCUSDT,SELL,0.00070000,77076.90,-0.03779108,0.02158153,USDT,
529732889,2026-08-21T16:11:12Z,BTCUSDT,SELL,0.00090000,77076.90,-0.04858853,0.02774768,USDT,
529732890,2026-08-21T16:11:12Z,BTCUSDT,SELL,0.00130000,77074.90,-0.07278344,0.04007894,USDT,
529732891,2026-08-21T16:11:12Z,BTCUSDT,SELL,0.03630000,77072.50,-2.11945768,1.11909270,USDT,
529733120,2026-08-21T16:11:47Z,BTCUSDT,BUY,0.00100000,77077.90,0.02165625,0.03083116,USDT,
529733121,2026-08-21T16:11:47Z,BTCUSDT,BUY,0.00130000,77093.40,0.00800312,0.04008856,USDT,
529733122,2026-08-21T16:11:47Z,BTCUSDT,BUY,0.00410000,77100.00,-0.00181937,0.12644400,USDT,
529733468,2026-08-21T16:13:11Z,BTCUSDT,SELL,0.00070000,77000.00,0.00000000,0.02156000,USDT,
529733469,2026-08-21T16:13:11Z,BTCUSDT,SELL,0.00370000,76999.00,0.00000000,0.11395852,USDT,
529733478,2026-08-21T16:13:13Z,BTCUSDT,SELL,0.00200000,76999.00,0.00000000,0.06159920,USDT,
529734491,2026-08-21T16:15:58Z,BTCUSDT,BUY,0.00040000,76880.60,0.04740374,0.01230089,USDT,
529734492,2026-08-21T16:15:58Z,BTCUSDT,BUY,0.00140000,76880.60,0.16591312,0.04305313,USDT,
529734493,2026-08-21T16:15:58Z,BTCUSDT,BUY,0.00090000,76880.60,0.10665843,0.02767701,USDT,
529734494,2026-08-21T16:15:58Z,BTCUSDT,BUY,0.00150000,76880.60,0.17776406,0.04612836,USDT,
529734495,2026-08-21T16:15:58Z,BTCUSDT,BUY,0.00110000,76880.60,0.13036031,0.03382746,USDT,
529734496,2026-08-21T16:15:58Z,BTCUSDT,BUY,0.00070000,76880.60,0.08295656,0.02152656,USDT,
529734497,2026-08-21T16:15:58Z,BTCUSDT,BUY,0.00040000,76880.60,0.04740374,0.01230089,USDT,
529735439,2026-08-21T16:18:18Z,BTCUSDT,SELL,0.00100000,77024.30,0.00000000,0.03080972,USDT,
529735440,2026-08-21T16:18:18Z,BTCUSDT,SELL,0.00120000,77020.10,0.00000000,0.03696964,USDT,
529735441,2026-08-21T16:18:18Z,BTCUSDT,SELL,0.00130000,77004.90,0.00000000,0.04004254,USDT,
529735442,2026-08-21T16:18:18Z,BTCUSDT,SELL,0.00090000,76959.70,0.00000000,0.02770549,USDT,
529735456,2026-08-21T16:18:21Z,BTCUSDT,SELL,0.00050000,77024.40,0.00000000,0.01540488,USDT,
529735457,2026-08-21T16:18:21Z,BTCUSDT,SELL,0.00100000,77021.50,0.00000000,0.03080860,USDT,
529735458,2026-08-21T16:18:21Z,BTCUSDT,SELL,0.00050000,77000.80,0.00000000,0.01540016,USDT,
529735474,2026-08-21T16:18:27Z,BTCUSDT,BUY,0.00100000,77032.00,0.00000000,0.03081280,USDT,
529735475,2026-08-21T16:18:27Z,BTCUSDT,BUY,0.00120000,77033.70,0.00000000,0.03697617,USDT,
529735476,2026-08-21T16:18:27Z,BTCUSDT,BUY,0.01190000,77036.90,0.00000000,0.36669564,USDT,
529735503,2026-08-21T16:18:30Z,BTCUSDT,BUY,0.01420000,77036.90,0.00000000,0.43756959,USDT,
529735619,2026-08-21T16:18:35Z,BTCUSDT,BUY,0.00640000,77176.70,-1.07826000,0.19757235,USDT,
529735701,2026-08-21T16:19:14Z,BTCUSDT,SELL,0.00440000,77176.10,0.00000000,0.13582993,USDT,
529735707,2026-08-21T16:19:17Z,BTCUSDT,SELL,0.00200000,77176.10,0.00000000,0.06174088,USDT,
529735935,2026-08-21T16:20:46Z,BTCUSDT,SELL,0.02830000,77085.80,1.39261000,0.87261125,USDT,
529736129,2026-08-21T16:22:03Z,BTCUSDT,BUY,0.00100000,77136.70,0.03940000,0.03085468,USDT,
529736130,2026-08-21T16:22:03Z,BTCUSDT,BUY,0.00130000,77149.60,0.03445000,0.04011779,USDT,
529736131,2026-08-21T16:22:03Z,BTCUSDT,BUY,0.00120000,77165.20,0.01308000,0.03703929,USDT,
529736132,2026-08-21T16:22:03Z,BTCUSDT,BUY,0.00290000,77176.70,-0.00173999,0.08952497,USDT,
529736686,2026-08-21T16:24:10Z,BTCUSDT,BUY,0.00650000,77090.10,0.00000000,0.20043426,USDT,
529736692,2026-08-21T16:24:13Z,BTCUSDT,BUY,0.00120000,77087.80,0.00000000,0.03700214,USDT,
529736693,2026-08-21T16:24:13Z,BTCUSDT,BUY,0.00540000,77090.10,0.00000000,0.16651461,USDT,
529736699,2026-08-21T16:24:16Z,BTCUSDT,SELL,0.00120000,77079.30,0.00000000,0.03699806,USDT,
529736700,2026-08-21T16:24:16Z,BTCUSDT,SELL,0.00320000,77079.10,0.00000000,0.09866124,USDT,
529736711,2026-08-21T16:24:19Z,BTCUSDT,SELL,0.00200000,77079.00,0.00000000,0.06166320,USDT,
529737819,2026-08-21T16:28:11Z,BTCUSDT,BUY,0.00640000,77213.50,-0.86011999,0.19766656,USDT,
529738094,2026-08-21T16:28:51Z,BTCUSDT,SELL,0.00020000,77218.20,0.02566213,0.00617745,USDT,
529738095,2026-08-21T16:28:51Z,BTCUSDT,SELL,0.00100000,77216.20,0.12631068,0.03088648,USDT,
529738096,2026-08-21T16:28:51Z,BTCUSDT,SELL,0.00130000,77193.60,0.13482389,0.04014067,USDT,
529738097,2026-08-21T16:28:51Z,BTCUSDT,SELL,0.01060000,77175.30,0.90535328,0.32722327,USDT,
529738493,2026-08-21T16:29:57Z,BTCUSDT,SELL,0.00120000,77249.30,0.00000000,0.03707966,USDT,
529738494,2026-08-21T16:29:57Z,BTCUSDT,SELL,0.00780000,77244.50,0.00000000,0.24100284,USDT,
529738499,2026-08-21T16:30:00Z,BTCUSDT,SELL,0.00070000,77256.90,0.00000000,0.02163193,USDT,
529738500,2026-08-21T16:30:00Z,BTCUSDT,SELL,0.00100000,77250.60,0.00000000,0.03090024,USDT,
529738501,2026-08-21T16:30:00Z,BTCUSDT,SELL,0.00210000,77244.50,0.00000000,0.06488538,USDT,
529738630,2026-08-21T16:30:26Z,BTCUSDT,BUY,0.00640000,77291.90,-0.29309000,0.19786726,USDT,
529738731,2026-08-21T16:30:48Z,BTCUSDT,BUY,0.00430000,77291.90,0.00000000,0.13294206,USDT,
529738738,2026-08-21T16:30:51Z,BTCUSDT,BUY,0.00440000,77291.80,0.00000000,0.13603356,USDT,
529739136,2026-08-21T16:32:46Z,BTCUSDT,BUY,0.00640000,77218.60,0.17602999,0.19767961,USDT,
529739246,2026-08-21T16:33:25Z,BTCUSDT,SELL,0.00070000,77190.60,-0.07087459,0.02161336,USDT,
529739247,2026-08-21T16:33:25Z,BTCUSDT,SELL,0.00100000,77185.70,-0.10614942,0.03087428,USDT,
529739248,2026-08-21T16:33:25Z,BTCUSDT,SELL,0.00130000,77178.40,-0.14748425,0.04013276,USDT,
529739249,2026-08-21T16:33:25Z,BTCUSDT,SELL,0.00340000,77175.30,-0.39626804,0.10495840,USDT,
529739250,2026-08-21T16:33:25Z,BTCUSDT,SELL,0.00230000,77175.30,-0.26806367,0.07100127,USDT,
529739497,2026-08-21T16:34:39Z,BTCUSDT,SELL,0.00070000,77201.00,0.00000000,0.02161628,USDT,
529739498,2026-08-21T16:34:39Z,BTCUSDT,SELL,0.00100000,77188.50,0.00000000,0.03087540,USDT,
529739499,2026-08-21T16:34:39Z,BTCUSDT,SELL,0.00130000,77176.10,0.00000000,0.04013157,USDT,
529739500,2026-08-21T16:34:39Z,BTCUSDT,SELL,0.00140000,77175.10,0.00000000,0.04321805,USDT,
529739516,2026-08-21T16:34:42Z,BTCUSDT,SELL,0.00070000,77200.50,0.00000000,0.02161614,USDT,
529739517,2026-08-21T16:34:42Z,BTCUSDT,SELL,0.00100000,77189.80,0.00000000,0.03087592,USDT,
529739518,2026-08-21T16:34:42Z,BTCUSDT,SELL,0.00030000,77175.10,0.00000000,0.00926101,USDT,
529739839,2026-08-21T16:35:08Z,BTCUSDT,BUY,0.00130000,77333.50,-0.19265390,0.04021342,USDT,
529739840,2026-08-21T16:35:08Z,BTCUSDT,BUY,0.00130000,77333.50,-0.19265390,0.04021342,USDT,
529739841,2026-08-21T16:35:08Z,BTCUSDT,BUY,0.00140000,77333.50,-0.20747343,0.04330676,USDT,
529739842,2026-08-21T16:35:08Z,BTCUSDT,BUY,0.00100000,77340.90,-0.15559531,0.03093636,USDT,
529739843,2026-08-21T16:35:08Z,BTCUSDT,BUY,0.00140000,77350.00,-0.23057343,0.04331600,USDT,
529740004,2026-08-21T16:35:29Z,BTCUSDT,BUY,0.00100000,77336.20,0.00000000,0.03093448,USDT,
529740005,2026-08-21T16:35:29Z,BTCUSDT,BUY,0.00330000,77350.00,0.00000000,0.10210200,USDT,
529740007,2026-08-21T16:35:31Z,BTCUSDT,SELL,0.00100000,77313.60,0.00000000,0.03092544,USDT,
529740008,2026-08-21T16:35:31Z,BTCUSDT,SELL,0.00130000,77304.20,0.00000000,0.04019818,USDT,
529740009,2026-08-21T16:35:31Z,BTCUSDT,SELL,0.00090000,77295.30,0.00000000,0.02782630,USDT,
529740010,2026-08-21T16:35:31Z,BTCUSDT,SELL,0.00120000,77295.30,0.00000000,0.03710174,USDT,
529740011,2026-08-21T16:35:31Z,BTCUSDT,BUY,0.00100000,77339.00,0.00000000,0.03093560,USDT,
529740012,2026-08-21T16:35:31Z,BTCUSDT,BUY,0.00340000,77350.00,0.00000000,0.10519600,USDT,
529740036,2026-08-21T16:35:34Z,BTCUSDT,SELL,0.00100000,77327.90,0.00000000,0.03093116,USDT,
529740037,2026-08-21T16:35:34Z,BTCUSDT,SELL,0.00100000,77317.80,0.00000000,0.03092712,USDT,
529740075,2026-08-21T16:35:44Z,BTCUSDT,SELL,0.00100000,77294.30,-0.05284942,0.03091772,USDT,
529740076,2026-08-21T16:35:44Z,BTCUSDT,SELL,0.00130000,77287.10,-0.07806425,0.04018929,USDT,
529740077,2026-08-21T16:35:44Z,BTCUSDT,SELL,0.00640000,77285.90,-0.39199632,0.19785190,USDT,
529740236,2026-08-21T16:36:27Z,BTCUSDT,BUY,0.00640000,77299.90,0.05552999,0.19788774,USDT,
529740777,2026-08-21T16:38:57Z,BTCUSDT,SELL,0.00440000,77278.00,0.00000000,0.13600928,USDT,
529740812,2026-08-21T16:38:59Z,BTCUSDT,SELL,0.00200000,77266.60,0.00000000,0.06181328,USDT,
529741378,2026-08-21T16:42:17Z,BTCUSDT,BUY,0.00640000,77280.20,-0.03687999,0.19783731,USDT,
529741418,2026-08-21T16:42:30Z,BTCUSDT,BUY,0.02110000,77278.10,0.00000000,0.65222716,USDT,
529741420,2026-08-21T16:42:33Z,BTCUSDT,BUY,0.02120000,77278.10,0.00000000,0.65531828,USDT,
529741762,2026-08-21T16:44:34Z,BTCUSDT,SELL,0.00120000,77274.10,0.00000000,0.03709156,USDT,
529741763,2026-08-21T16:44:34Z,BTCUSDT,SELL,0.00100000,77264.50,0.00000000,0.03090580,USDT,
529741764,2026-08-21T16:44:34Z,BTCUSDT,SELL,0.00220000,77259.10,0.00000000,0.06798800,USDT,
529741774,2026-08-21T16:44:37Z,BTCUSDT,SELL,0.00120000,77272.90,0.00000000,0.03709099,USDT,
529741775,2026-08-21T16:44:37Z,BTCUSDT,SELL,0.00080000,77264.60,0.00000000,0.02472467,USDT,
529742670,2026-08-21T16:46:38Z,BTCUSDT,BUY,0.00640000,77277.30,-0.07212000,0.19782988,USDT,
529743282,2026-08-21T16:47:58Z,BTCUSDT,SELL,0.04230000,77370.40,3.90429000,1.30910716,USDT,
529743733,2026-08-21T16:48:55Z,BTCUSDT,SELL,0.00120000,77400.60,0.00000000,0.03715228,USDT,
529743734,2026-08-21T16:48:55Z,BTCUSDT,SELL,0.00050000,77397.80,0.00000000,0.01547956,USDT,
529743735,2026-08-21T16:48:55Z,BTCUSDT,SELL,0.00070000,77397.80,0.00000000,0.02167138,USDT,
529743736,2026-08-21T16:48:55Z,BTCUSDT,SELL,0.00100000,77397.80,0.00000000,0.03095912,USDT,
529743737,2026-08-21T16:48:55Z,BTCUSDT,SELL,0.00070000,77397.70,0.00000000,0.02167135,USDT,
529743738,2026-08-21T16:48:55Z,BTCUSDT,SELL,0.00030000,77395.20,0.00000000,0.00928742,USDT,
529743748,2026-08-21T16:48:58Z,BTCUSDT,SELL,0.00090000,77397.80,0.00000000,0.02786320,USDT,
529743749,2026-08-21T16:48:58Z,BTCUSDT,SELL,0.00070000,77397.70,0.00000000,0.02167135,USDT,
529743750,2026-08-21T16:48:58Z,BTCUSDT,SELL,0.00030000,77397.40,0.00000000,0.00928768,USDT,
529743751,2026-08-21T16:48:58Z,BTCUSDT,SELL,0.00010000,77395.20,0.00000000,0.00309580,USDT,
529743835,2026-08-21T16:49:22Z,BTCUSDT,BUY,0.00640000,77397.50,0.00397999,0.19813760,USDT,
529745945,2026-08-21T17:01:22Z,BTCUSDT,SELL,0.00120000,77484.80,0.00000000,0.03719270,USDT,
529745946,2026-08-21T17:01:22Z,BTCUSDT,SELL,0.00320000,77481.40,0.00000000,0.09917619,USDT,
529745955,2026-08-21T17:01:25Z,BTCUSDT,SELL,0.00200000,77481.40,0.00000000,0.06198512,USDT,
529746278,2026-08-21T17:02:24Z,BTCUSDT,BUY,0.00640000,77508.80,-0.17127999,0.19842252,USDT,
529746287,2026-08-21T17:02:28Z,BTCUSDT,BUY,0.01400000,77508.80,0.00000000,0.43404928,USDT,
529746293,2026-08-21T17:02:31Z,BTCUSDT,BUY,0.00120000,77507.70,0.00000000,0.03720369,USDT,
529746294,2026-08-21T17:02:31Z,BTCUSDT,BUY,0.01290000,77508.80,0.00000000,0.39994540,USDT,
529746970,2026-08-21T17:04:47Z,BTCUSDT,SELL,0.01450000,77489.90,0.00000000,0.44944142,USDT,
529746977,2026-08-21T17:04:50Z,BTCUSDT,SELL,0.00630000,77489.90,0.00000000,0.19527454,USDT,
529748017,2026-08-21T17:07:37Z,BTCUSDT,BUY,0.02080000,77578.30,-1.83872000,0.64545145,USDT,
529748027,2026-08-21T17:07:40Z,BTCUSDT,SELL,0.00120000,77572.60,0.07661637,0.03723484,USDT,
529748028,2026-08-21T17:07:40Z,BTCUSDT,SELL,0.02690000,77566.50,1.55339362,0.83461554,USDT,
529748678,2026-08-21T17:10:05Z,BTCUSDT,BUY,0.01050000,77600.60,0.00000000,0.32592252,USDT,
529748682,2026-08-21T17:10:08Z,BTCUSDT,SELL,0.00440000,77600.50,0.00000000,0.13657688,USDT,
529748690,2026-08-21T17:10:08Z,BTCUSDT,BUY,0.01060000,77600.70,0.00000000,0.32902696,USDT,
529748698,2026-08-21T17:10:11Z,BTCUSDT,SELL,0.00070000,77602.50,0.00000000,0.02172870,USDT,
529748699,2026-08-21T17:10:11Z,BTCUSDT,SELL,0.00130000,77600.50,0.00000000,0.04035226,USDT,
529749214,2026-08-21T17:12:58Z,BTCUSDT,BUY,0.00120000,77606.90,-0.00741750,0.03725131,USDT,
529749215,2026-08-21T17:12:58Z,BTCUSDT,BUY,0.00100000,77619.40,-0.01868125,0.03104776,USDT,
529749216,2026-08-21T17:12:58Z,BTCUSDT,BUY,0.00420000,77619.90,-0.08056125,0.13040143,USDT,
529749390,2026-08-21T17:13:57Z,BTCUSDT,SELL,0.02110000,77590.70,-0.20995000,0.65486550,USDT,
529749990,2026-08-21T17:16:31Z,BTCUSDT,BUY,0.00120000,77519.30,0.00000000,0.03720926,USDT,
529749991,2026-08-21T17:16:31Z,BTCUSDT,BUY,0.00100000,77529.60,0.00000000,0.03101184,USDT,
529749992,2026-08-21T17:16:31Z,BTCUSDT,BUY,0.00430000,77531.00,0.00000000,0.13335332,USDT,
529750016,2026-08-21T17:16:34Z,BTCUSDT,BUY,0.00120000,77527.40,0.00000000,0.03721315,USDT,
529750017,2026-08-21T17:16:34Z,BTCUSDT,BUY,0.00100000,77536.40,0.00000000,0.03101456,USDT,
529750018,2026-08-21T17:16:34Z,BTCUSDT,BUY,0.00430000,77536.60,0.00000000,0.13336295,USDT,
529750044,2026-08-21T17:16:42Z,BTCUSDT,SELL,0.01300000,77513.70,-0.23462000,0.40307124,USDT,
529750125,2026-08-21T17:17:01Z,BTCUSDT,SELL,0.00130000,77516.30,0.00000000,0.04030847,USDT,
529750126,2026-08-21T17:17:01Z,BTCUSDT,SELL,0.00100000,77514.70,0.00000000,0.03100588,USDT,
529750127,2026-08-21T17:17:01Z,BTCUSDT,SELL,0.00210000,77513.80,0.00000000,0.06511159,USDT,
529750148,2026-08-21T17:17:04Z,BTCUSDT,SELL,0.00200000,77513.70,0.00000000,0.06201096,USDT,
529751229,2026-08-21T17:19:49Z,BTCUSDT,BUY,0.00120000,77435.10,0.09518062,0.03716884,USDT,
529751230,2026-08-21T17:19:49Z,BTCUSDT,BUY,0.00100000,77438.10,0.07631718,0.03097524,USDT,
529751231,2026-08-21T17:19:49Z,BTCUSDT,BUY,0.00420000,77439.00,0.31675218,0.13009752,USDT,
529752146,2026-08-21T17:23:08Z,BTCUSDT,SELL,0.00440000,77365.20,0.00000000,0.13616275,USDT,
529752164,2026-08-21T17:23:11Z,BTCUSDT,SELL,0.00200000,77365.20,0.00000000,0.06189216,USDT,
529752526,2026-08-21T17:24:07Z,BTCUSDT,BUY,0.00130000,77294.10,0.09242999,0.04019293,USDT,
529752527,2026-08-21T17:24:07Z,BTCUSDT,BUY,0.00510000,77300.00,0.33252000,0.15769200,USDT,
529753061,2026-08-21T17:25:56Z,BTCUSDT,SELL,0.00440000,77291.70,0.00000000,0.13603339,USDT,
529753067,2026-08-21T17:25:58Z,BTCUSDT,SELL,0.00200000,77291.80,0.00000000,0.06183344,USDT,
529753221,2026-08-21T17:26:27Z,BTCUSDT,BUY,0.00120000,77292.10,-0.00044249,0.03710020,USDT,
529753222,2026-08-21T17:26:27Z,BTCUSDT,BUY,0.00520000,77297.90,-0.03207749,0.16077963,USDT,
529753299,2026-08-21T17:26:45Z,BTCUSDT,SELL,0.00020000,77322.70,0.00000000,0.00618581,USDT,
529753300,2026-08-21T17:26:45Z,BTCUSDT,SELL,0.00080000,77322.70,0.00000000,0.02474326,USDT,
529753301,2026-08-21T17:26:45Z,BTCUSDT,SELL,0.00070000,77322.70,0.00000000,0.02165035,USDT,
529753302,2026-08-21T17:26:45Z,BTCUSDT,SELL,0.00090000,77322.70,0.00000000,0.02783617,USDT,
529753303,2026-08-21T17:26:45Z,BTCUSDT,SELL,0.00080000,77322.60,0.00000000,0.02474323,USDT,
529753304,2026-08-21T17:26:45Z,BTCUSDT,SELL,0.00100000,77322.60,0.00000000,0.03092904,USDT,
529753317,2026-08-21T17:26:47Z,BTCUSDT,SELL,0.00200000,77339.70,0.00000000,0.06187176,USDT,
529753613,2026-08-21T17:28:06Z,BTCUSDT,BUY,0.00120000,77428.30,0.00000000,0.03716558,USDT,
529753614,2026-08-21T17:28:06Z,BTCUSDT,BUY,0.00100000,77437.10,0.00000000,0.03097484,USDT,
529753615,2026-08-21T17:28:06Z,BTCUSDT,BUY,0.00640000,77440.60,0.00000000,0.19824793,USDT,
529753698,2026-08-21T17:28:09Z,BTCUSDT,BUY,0.00080000,77455.80,0.00000000,0.02478585,USDT,
529753699,2026-08-21T17:28:09Z,BTCUSDT,BUY,0.00800000,77455.80,0.00000000,0.24785856,USDT,
529753714,2026-08-21T17:28:14Z,BTCUSDT,BUY,0.00640000,77455.70,-0.81738000,0.19828659,USDT,
529754629,2026-08-21T17:30:22Z,BTCUSDT,SELL,0.00440000,77530.10,0.00000000,0.13645297,USDT,
529754638,2026-08-21T17:30:25Z,BTCUSDT,SELL,0.00200000,77530.10,0.00000000,0.06202408,USDT,
529754768,2026-08-21T17:30:54Z,BTCUSDT,BUY,0.00640000,77530.10,0.00000000,0.19847705,USDT,
529754776,2026-08-21T17:30:55Z,BTCUSDT,SELL,0.01740000,77528.90,1.42092000,0.53960114,USDT,
529755986,2026-08-21T17:38:06Z,BTCUSDT,SELL,0.00440000,77523.70,0.00000000,0.13644171,USDT,
529755991,2026-08-21T17:38:09Z,BTCUSDT,SELL,0.00200000,77523.70,0.00000000,0.06201896,USDT,
529756350,2026-08-21T17:39:02Z,BTCUSDT,BUY,0.00640000,77583.30,-0.38143999,0.19861324,USDT,
529756407,2026-08-21T17:39:10Z,BTCUSDT,BUY,0.00640000,77579.80,0.00000000,0.19860428,USDT,
529756408,2026-08-21T17:39:10Z,BTCUSDT,BUY,0.00660000,77583.20,0.00000000,0.20481964,USDT,
529756432,2026-08-21T17:39:13Z,BTCUSDT,BUY,0.00100000,77583.20,0.00000000,0.03103328,USDT,
529756433,2026-08-21T17:39:13Z,BTCUSDT,BUY,0.01210000,77583.20,0.00000000,0.37550268,USDT,
529757440,2026-08-21T17:42:15Z,BTCUSDT,SELL,0.02610000,77455.80,-3.30338000,0.80863855,USDT,
529757450,2026-08-21T17:42:18Z,BTCUSDT,SELL,0.00440000,77455.80,0.00000000,0.13632220,USDT,
529758134,2026-08-21T17:45:22Z,BTCUSDT,BUY,0.00440000,77442.40,0.05895999,0.13629862,USDT,
529758408,2026-08-21T17:46:19Z,BTCUSDT,BUY,0.01050000,77442.40,0.00000000,0.32525808,USDT,
529758620,2026-08-21T17:47:30Z,BTCUSDT,SELL,0.00120000,77380.30,-0.07452000,0.03714254,USDT,
529758621,2026-08-21T17:47:30Z,BTCUSDT,SELL,0.00100000,77376.40,-0.06600000,0.03095056,USDT,
529758622,2026-08-21T17:47:30Z,BTCUSDT,SELL,0.00070000,77363.60,-0.05516000,0.02166180,USDT,
529758623,2026-08-21T17:47:30Z,BTCUSDT,SELL,0.00130000,77362.10,-0.10439000,0.04022829,USDT,
529758624,2026-08-21T17:47:30Z,BTCUSDT,SELL,0.00630000,77360.30,-0.51723000,0.19494795,USDT,
529758625,2026-08-21T17:47:31Z,BTCUSDT,SELL,0.00120000,77375.60,0.00000000,0.03714028,USDT,
529758626,2026-08-21T17:47:31Z,BTCUSDT,SELL,0.00100000,77371.40,0.00000000,0.03094856,USDT,
529758627,2026-08-21T17:47:31Z,BTCUSDT,SELL,0.00220000,77360.30,0.00000000,0.06807706,USDT,
529758642,2026-08-21T17:47:36Z,BTCUSDT,SELL,0.00120000,77372.60,0.00000000,0.03713884,USDT,
529758643,2026-08-21T17:47:36Z,BTCUSDT,SELL,0.00080000,77369.60,0.00000000,0.02475827,USDT,
529758818,2026-08-21T17:48:29Z,BTCUSDT,BUY,0.00640000,77442.90,-0.47698000,0.19825382,USDT,
