{"run_state":{"current_tier":5,"start_ts":"2026-03-08T11:01:10Z","last_cycle":3267,"total_pnl_snapshot":-5.9822999999999995,"pnl_threshold_to_8":1.0,"pnl_threshold_to_13":3.0,"updated_ts_ms":1772992861081},"ts_ms":1772992897865,"roles":{"scout":0.5285999999999998,"hunter":-6.5108999999999995},"total_pnl":-5.9822999999999995}