{"run_state":{"current_tier":5,"start_ts":"2026-03-08T11:01:10Z","last_cycle":677,"total_pnl_snapshot":-0.5364999999999998,"pnl_threshold_to_8":1.0,"pnl_threshold_to_13":3.0,"updated_ts_ms":1772972940341},"ts_ms":1772972940341,"roles":{"scout":0.1468000000000002,"hunter":-0.6833},"total_pnl":-0.5364999999999998}