ts,cycle,side,status,entryPrice,exitPrice,qty,bps,pnl,exitReason,holdSec,msg
2026-07-08T09:54:43Z,1,SKIP,SKIPPED,,,,,0,radar_block,reason=momentum_too_small conf=0.0 mom_sig=0.00000366 raw_mom_bps=0.00000000 spread_bps=3.17360000 tension=0.00000366 bid_drop=0.00002377 ask_drop=0.00000000
2026-07-08T09:54:50Z,2,SKIP,SKIPPED,,,,,0,radar_block,reason=momentum_too_small conf=0.2496 mom_sig=0.00000000 raw_mom_bps=0.00000000 spread_bps=4.59130000 tension=0.00000000 bid_drop=0.00000000 ask_drop=0.00000000
2026-07-08T09:54:58Z,3,SKIP,SKIPPED,,,,,0,radar_block,reason=momentum_too_small conf=0.2489 mom_sig=0.00000000 raw_mom_bps=7.25469459 spread_bps=4.62350000 tension=0.00000000 bid_drop=0.00000000 ask_drop=0.00000000
2026-07-08T09:55:08Z,4,SKIP,SKIPPED,,,,,0,llm_gate,reason=ollama_skip status=SKIP
2026-07-08T09:55:15Z,5,SKIP,SKIPPED,,,,,0,radar_block,reason=momentum_too_small conf=0.3013 mom_sig=0.00000000 raw_mom_bps=0.00000000 spread_bps=2.22420000 tension=0.00000000 bid_drop=0.00000000 ask_drop=0.00000000
2026-07-08T09:55:23Z,6,SKIP,SKIPPED,,,,,0,llm_gate,reason=ollama_skip status=SKIP
2026-07-08T09:55:32Z,7,SKIP,SKIPPED,,,,,0,llm_gate,reason=ollama_skip status=SKIP
2026-07-08T09:55:41Z,8,SKIP,SKIPPED,,,,,0,radar_block,reason=momentum_too_small conf=0.0 mom_sig=0.00000588 raw_mom_bps=0.00000000 spread_bps=1.80530000 tension=0.00000588 bid_drop=0.00003821 ask_drop=0.00000000
2026-07-08T09:55:49Z,9,SKIP,SKIPPED,,,,,0,llm_gate,reason=ollama_skip status=SKIP
2026-07-08T09:55:56Z,10,SKIP,SKIPPED,,,,,0,radar_block,reason=momentum_too_small conf=0.3496 mom_sig=0.00000000 raw_mom_bps=0.00000000 spread_bps=0.01610000 tension=0.00000000 bid_drop=0.00000000 ask_drop=0.00000000
2026-07-08T09:56:03Z,11,SKIP,SKIPPED,,,,,0,radar_block,reason=momentum_too_small conf=0.27 mom_sig=0.00000000 raw_mom_bps=0.00000000 spread_bps=3.65830000 tension=0.00000000 bid_drop=0.00000000 ask_drop=0.00000000
2026-07-08T09:56:09Z,12,SKIP,SKIPPED,,,,,0,radar_block,reason=momentum_too_small conf=0.2961 mom_sig=0.00000000 raw_mom_bps=0.00000000 spread_bps=2.46590000 tension=0.00000000 bid_drop=0.00000000 ask_drop=0.00000000
2026-07-08T09:56:16Z,13,SKIP,SKIPPED,,,,,0,radar_block,reason=momentum_too_small conf=0.2887 mom_sig=0.00000000 raw_mom_bps=0.00000000 spread_bps=2.80440000 tension=0.00000000 bid_drop=0.00000000 ask_drop=0.00000000
2026-07-08T09:56:23Z,14,SKIP,SKIPPED,,,,,0,impulse_resonance_wait,reason=wall_not_collapsed tension=0.27945501 bid_drop=1.81645756 ask_drop=0.04580373
2026-07-08T09:56:29Z,15,SKIP,SKIPPED,,,,,0,radar_block,reason=momentum_too_small conf=0.0001 mom_sig=0.00007220 raw_mom_bps=0.00000000 spread_bps=0.82190000 tension=0.00007220 bid_drop=0.00000000 ask_drop=0.00046927
2026-07-08T09:56:38Z,16,SKIP,SKIPPED,,,,,0,llm_gate,reason=ollama_skip status=SKIP
2026-07-08T09:56:45Z,17,SKIP,SKIPPED,,,,,0,impulse_resonance_wait,reason=wall_not_collapsed tension=0.22912545 bid_drop=0.00000000 ask_drop=1.48931545
2026-07-08T09:56:52Z,18,SKIP,SKIPPED,,,,,0,radar_block,reason=momentum_too_small conf=0.0 mom_sig=0.00002400 raw_mom_bps=0.00000000 spread_bps=0.82190000 tension=0.00002400 bid_drop=0.00000000 ask_drop=0.00015602
2026-07-08T09:56:59Z,19,SKIP,SKIPPED,,,,,0,radar_block,reason=momentum_too_small conf=0.0002 mom_sig=0.00011349 raw_mom_bps=0.00000000 spread_bps=0.69300000 tension=0.00011349 bid_drop=0.00073769 ask_drop=0.00025366
2026-07-08T09:57:06Z,20,SKIP,SKIPPED,,,,,0,radar_block,reason=momentum_too_small conf=0.3077 mom_sig=0.00000000 raw_mom_bps=0.00000000 spread_bps=1.93400000 tension=0.00000000 bid_drop=0.00000000 ask_drop=0.00000000
2026-07-08T09:57:13Z,21,SKIP,SKIPPED,,,,,0,impulse_resonance_wait,reason=wall_not_collapsed tension=0.27576008 bid_drop=1.79244052 ask_drop=0.59398994
2026-07-08T09:57:19Z,22,SKIP,SKIPPED,,,,,0,impulse_resonance_wait,reason=wall_not_collapsed tension=0.72026272 bid_drop=0.00000000 ask_drop=4.68170770
2026-07-08T09:57:26Z,23,SKIP,SKIPPED,,,,,0,impulse_resonance_wait,reason=wall_not_collapsed tension=0.62435667 bid_drop=0.00000000 ask_drop=4.05831838
2026-07-08T09:57:33Z,24,SKIP,SKIPPED,,,,,0,impulse_resonance_wait,reason=wall_not_collapsed tension=0.57366940 bid_drop=3.72885107 ask_drop=0.02098206
2026-07-08T09:57:40Z,25,SKIP,SKIPPED,,,,,0,radar_block,reason=momentum_too_small conf=0.3338 mom_sig=0.00000000 raw_mom_bps=0.00000000 spread_bps=0.74130000 tension=0.00000000 bid_drop=0.00000000 ask_drop=0.00000000
2026-07-08T09:57:50Z,26,SKIP,SKIPPED,,,,,0,radar_block,reason=momentum_too_small conf=0.3341 mom_sig=0.00000000 raw_mom_bps=0.00000000 spread_bps=0.72520000 tension=0.00000000 bid_drop=0.00000000 ask_drop=0.00000000
2026-07-08T09:57:57Z,27,SKIP,SKIPPED,,,,,0,radar_block,reason=momentum_too_small conf=0.0 mom_sig=0.00000347 raw_mom_bps=0.00000000 spread_bps=0.98310000 tension=0.00000347 bid_drop=0.00002257 ask_drop=0.00000000
2026-07-08T09:58:05Z,28,SKIP,SKIPPED,,,,,0,llm_gate,reason=ollama_skip status=SKIP
2026-07-08T09:58:11Z,29,SKIP,SKIPPED,,,,,0,radar_block,reason=momentum_too_small conf=0.0 mom_sig=0.00002234 raw_mom_bps=1.85397751 spread_bps=1.25720000 tension=0.00002234 bid_drop=0.00000000 ask_drop=0.00014520
2026-07-08T09:58:19Z,30,SKIP,SKIPPED,,,,,0,llm_gate,reason=ollama_skip status=SKIP
2026-07-08T09:58:26Z,31,SKIP,SKIPPED,,,,,0,impulse_resonance_wait,reason=wall_not_collapsed tension=0.44001745 bid_drop=0.00000000 ask_drop=2.86011340
2026-07-08T09:58:33Z,32,SKIP,SKIPPED,,,,,0,radar_block,reason=momentum_too_small conf=0.0 mom_sig=0.00000365 raw_mom_bps=0.00000000 spread_bps=3.60990000 tension=0.00000365 bid_drop=0.00000000 ask_drop=0.00002370
2026-07-08T09:58:40Z,33,SKIP,SKIPPED,,,,,0,impulse_resonance_wait,reason=wall_not_collapsed tension=0.38904437 bid_drop=0.00000000 ask_drop=2.52878842
2026-07-08T09:58:46Z,34,SKIP,SKIPPED,,,,,0,impulse_resonance_wait,reason=wall_not_collapsed tension=0.28109572 bid_drop=1.82712216 ask_drop=0.00000000
2026-07-08T09:58:53Z,35,SKIP,SKIPPED,,,,,0,radar_block,reason=momentum_too_small conf=0.0056 mom_sig=0.00356939 raw_mom_bps=0.00000000 spread_bps=0.99940000 tension=0.00356939 bid_drop=0.02320106 ask_drop=0.00000000
2026-07-08T09:59:00Z,36,SKIP,SKIPPED,,,,,0,radar_block,reason=momentum_too_small conf=0.3281 mom_sig=0.00000000 raw_mom_bps=0.00000000 spread_bps=0.99940000 tension=0.00000000 bid_drop=0.00000000 ask_drop=0.00000000
2026-07-08T09:59:06Z,37,SKIP,SKIPPED,,,,,0,radar_block,reason=momentum_too_small conf=0.3281 mom_sig=0.00000000 raw_mom_bps=0.01611996 spread_bps=0.99940000 tension=0.00000000 bid_drop=0.00000000 ask_drop=0.00000000
2026-07-08T09:59:13Z,38,SKIP,SKIPPED,,,,,0,radar_block,reason=momentum_too_small conf=0.014 mom_sig=0.00872344 raw_mom_bps=0.00000000 spread_bps=0.56420000 tension=0.00872344 bid_drop=0.00000000 ask_drop=0.05670238
2026-07-08T09:59:20Z,39,SKIP,SKIPPED,,,,,0,radar_block,reason=momentum_too_small conf=0.332 mom_sig=0.00000000 raw_mom_bps=0.00000000 spread_bps=0.82210000 tension=0.00000000 bid_drop=0.00000000 ask_drop=0.00000000
2026-07-08T09:59:29Z,40,SKIP,SKIPPED,,,,,0,radar_block,reason=direction_unclear conf=0.0565 mom_sig=0.03577771 raw_mom_bps=0.01612024 spread_bps=0.83820000 tension=0.03577771 bid_drop=0.00000000 ask_drop=0.23255510
2026-07-08T09:59:36Z,41,SKIP,SKIPPED,,,,,0,radar_block,reason=momentum_too_small conf=0.0042 mom_sig=0.00268142 raw_mom_bps=0.00000000 spread_bps=0.93500000 tension=0.00268142 bid_drop=0.01742926 ask_drop=0.00000000
2026-07-08T09:59:43Z,42,SKIP,SKIPPED,,,,,0,radar_block,reason=momentum_too_small conf=0.0001 mom_sig=0.00004232 raw_mom_bps=0.00000000 spread_bps=0.88660000 tension=0.00004232 bid_drop=0.00000000 ask_drop=0.00027508
2026-07-08T09:59:50Z,43,SKIP,SKIPPED,,,,,0,impulse_resonance_wait,reason=wall_not_collapsed tension=0.28209291 bid_drop=1.83360391 ask_drop=0.00000774
2026-07-08T09:59:57Z,44,SKIP,SKIPPED,,,,,0,radar_block,reason=momentum_too_small conf=0.0 mom_sig=0.00003105 raw_mom_bps=-0.87048617 spread_bps=0.88660000 tension=0.00003105 bid_drop=0.00000000 ask_drop=0.00020183
2026-07-08T10:00:05Z,45,SKIP,SKIPPED,,,,,0,radar_block,reason=direction_unclear conf=0.0624 mom_sig=0.03963956 raw_mom_bps=0.00000000 spread_bps=0.88660000 tension=0.03963956 bid_drop=0.00185927 ask_drop=0.25765712
2026-07-08T10:00:12Z,46,SKIP,SKIPPED,,,,,0,impulse_resonance_wait,reason=wall_not_collapsed tension=0.42982811 bid_drop=0.00388150 ask_drop=2.79388270
2026-07-08T10:00:19Z,47,SKIP,SKIPPED,,,,,0,radar_block,reason=momentum_too_small conf=0.0002 mom_sig=0.00013632 raw_mom_bps=0.00000000 spread_bps=0.88660000 tension=0.00013632 bid_drop=0.00000000 ask_drop=0.00088605
2026-07-08T10:00:27Z,48,SKIP,SKIPPED,,,,,0,impulse_resonance_wait,reason=wall_not_collapsed tension=0.24517321 bid_drop=0.00000000 ask_drop=1.59362588
2026-07-08T10:00:34Z,49,SKIP,SKIPPED,,,,,0,radar_block,reason=momentum_too_small conf=0.3352 mom_sig=0.00000000 raw_mom_bps=0.00000000 spread_bps=0.67710000 tension=0.00000000 bid_drop=0.00000000 ask_drop=0.00000000
2026-07-08T10:00:41Z,50,SKIP,SKIPPED,,,,,0,impulse_resonance_wait,reason=wall_not_collapsed tension=0.36886094 bid_drop=0.00000000 ask_drop=2.39759610
2026-07-08T10:00:49Z,51,SKIP,SKIPPED,,,,,0,llm_gate,reason=ollama_skip status=SKIP
2026-07-08T10:00:56Z,52,SKIP,SKIPPED,,,,,0,radar_block,reason=momentum_too_small conf=0.0001 mom_sig=0.00003767 raw_mom_bps=0.00000000 spread_bps=1.06390000 tension=0.00003767 bid_drop=0.00024483 ask_drop=0.00010345
2026-07-08T10:01:03Z,53,SKIP,SKIPPED,,,,,0,radar_block,reason=momentum_too_small conf=0.3267 mom_sig=0.00000000 raw_mom_bps=0.00000000 spread_bps=1.06390000 tension=0.00000000 bid_drop=0.00000000 ask_drop=0.00000000
2026-07-08T10:01:10Z,54,SKIP,SKIPPED,,,,,0,radar_block,reason=momentum_too_small conf=0.0 mom_sig=0.00001023 raw_mom_bps=0.00000000 spread_bps=1.06390000 tension=0.00001023 bid_drop=0.00000000 ask_drop=0.00006651
2026-07-08T10:01:18Z,55,SKIP,SKIPPED,,,,,0,radar_block,reason=momentum_too_small conf=0.3496 mom_sig=0.00000000 raw_mom_bps=-0.88660628 spread_bps=0.01610000 tension=0.00000000 bid_drop=0.00000000 ask_drop=0.00000000
2026-07-08T10:01:25Z,56,SKIP,SKIPPED,,,,,0,llm_gate,reason=ollama_skip status=SKIP
2026-07-08T10:01:32Z,57,SKIP,SKIPPED,,,,,0,radar_block,reason=momentum_too_small conf=0.0 mom_sig=0.00000562 raw_mom_bps=-0.08060902 spread_bps=1.30570000 tension=0.00000562 bid_drop=0.00003653 ask_drop=0.00000000
2026-07-08T10:01:39Z,58,SKIP,SKIPPED,,,,,0,radar_block,reason=momentum_too_small conf=0.0006 mom_sig=0.00038929 raw_mom_bps=0.00000000 spread_bps=1.30570000 tension=0.00038929 bid_drop=0.00253039 ask_drop=0.00000000
2026-07-08T10:01:46Z,59,SKIP,SKIPPED,,,,,0,impulse_resonance_wait,reason=wall_not_collapsed tension=0.46366808 bid_drop=3.01384249 ask_drop=0.00000000
2026-07-08T10:01:54Z,60,SKIP,SKIPPED,,,,,0,radar_block,reason=momentum_too_small conf=0.0002 mom_sig=0.00018265 raw_mom_bps=-2.11197328 spread_bps=5.67420000 tension=0.00018265 bid_drop=0.00118723 ask_drop=0.00007401
2026-07-08T10:02:02Z,61,SKIP,SKIPPED,,,,,0,radar_block,reason=momentum_too_small conf=0.0001 mom_sig=0.00007822 raw_mom_bps=-7.02824516 spread_bps=6.23890000 tension=0.00007822 bid_drop=0.00050846 ask_drop=0.00000000
2026-07-08T10:02:08Z,62,SKIP,SKIPPED,,,,,0,radar_block,reason=momentum_too_small conf=0.0003 mom_sig=0.00020902 raw_mom_bps=0.00000000 spread_bps=0.06460000 tension=0.00020902 bid_drop=0.00135865 ask_drop=0.00000000
2026-07-08T10:02:15Z,63,SKIP,SKIPPED,,,,,0,radar_block,reason=momentum_too_small conf=0.3493 mom_sig=0.00000000 raw_mom_bps=0.00000000 spread_bps=0.03230000 tension=0.00000000 bid_drop=0.00000000 ask_drop=0.00000000
2026-07-08T10:02:23Z,64,SKIP,SKIPPED,,,,,0,radar_block,reason=momentum_too_small conf=0.0 mom_sig=0.00001988 raw_mom_bps=0.00000000 spread_bps=0.17750000 tension=0.00001988 bid_drop=0.00012921 ask_drop=0.00000000
2026-07-08T10:02:30Z,65,SKIP,SKIPPED,,,,,0,radar_block,reason=momentum_too_small conf=0.0 mom_sig=0.00000855 raw_mom_bps=0.00000000 spread_bps=0.03230000 tension=0.00000855 bid_drop=0.00005556 ask_drop=0.00000000
2026-07-08T10:02:37Z,66,SKIP,SKIPPED,,,,,0,radar_block,reason=momentum_too_small conf=0.0001 mom_sig=0.00007101 raw_mom_bps=0.03228014 spread_bps=0.03230000 tension=0.00007101 bid_drop=0.00000000 ask_drop=0.00046154
2026-07-08T10:02:44Z,67,SKIP,SKIPPED,,,,,0,radar_block,reason=momentum_too_small conf=0.3493 mom_sig=0.00000000 raw_mom_bps=0.00000000 spread_bps=0.03230000 tension=0.00000000 bid_drop=0.00000000 ask_drop=0.00000000
2026-07-08T10:02:51Z,68,SKIP,SKIPPED,,,,,0,radar_block,reason=momentum_too_small conf=0.3493 mom_sig=0.00000000 raw_mom_bps=0.00000000 spread_bps=0.03230000 tension=0.00000000 bid_drop=0.00000000 ask_drop=0.00000000
2026-07-08T10:02:59Z,69,SKIP,SKIPPED,,,,,0,radar_block,reason=momentum_too_small conf=0.0002 mom_sig=0.00011106 raw_mom_bps=0.00000000 spread_bps=0.03230000 tension=0.00011106 bid_drop=0.00000000 ask_drop=0.00072186
2026-07-08T10:03:09Z,70,SKIP,SKIPPED,,,,,0,radar_block,reason=direction_unclear conf=0.3163 mom_sig=0.19115967 raw_mom_bps=0.01614002 spread_bps=0.11300000 tension=0.19115967 bid_drop=0.00000000 ask_drop=1.24253784
2026-07-08T10:03:16Z,71,SKIP,SKIPPED,,,,,0,radar_block,reason=momentum_too_small conf=0.0032 mom_sig=0.00192310 raw_mom_bps=0.00000000 spread_bps=0.01610000 tension=0.00192310 bid_drop=0.00000000 ask_drop=0.01250017
2026-07-08T10:03:23Z,72,SKIP,SKIPPED,,,,,0,radar_block,reason=momentum_too_small conf=0.0 mom_sig=0.00001337 raw_mom_bps=0.00000000 spread_bps=0.41960000 tension=0.00001337 bid_drop=0.00008689 ask_drop=0.00000000
2026-07-08T10:03:30Z,73,SKIP,SKIPPED,,,,,0,impulse_resonance_wait,reason=wall_not_collapsed tension=0.51975793 bid_drop=0.00444521 ask_drop=3.37842654
2026-07-08T10:03:36Z,74,SKIP,SKIPPED,,,,,0,radar_block,reason=momentum_too_small conf=0.3496 mom_sig=0.00000000 raw_mom_bps=-0.48417475 spread_bps=0.01610000 tension=0.00000000 bid_drop=0.00000000 ask_drop=0.00000000
2026-07-08T10:03:44Z,75,SKIP,SKIPPED,,,,,0,llm_gate,reason=ollama_skip status=SKIP
2026-07-08T10:03:51Z,76,SKIP,SKIPPED,,,,,0,radar_block,reason=momentum_too_small conf=0.0123 mom_sig=0.00764165 raw_mom_bps=0.00000000 spread_bps=0.51640000 tension=0.00764165 bid_drop=0.04967072 ask_drop=0.03093543
2026-07-08T10:03:59Z,77,SKIP,SKIPPED,,,,,0,llm_gate,reason=ollama_skip status=SKIP
2026-07-08T10:04:07Z,78,SKIP,SKIPPED,,,,,0,radar_block,reason=momentum_too_small conf=0.0007 mom_sig=0.00046386 raw_mom_bps=0.00000000 spread_bps=0.62940000 tension=0.00046386 bid_drop=0.00301506 ask_drop=0.00142287
2026-07-08T10:04:14Z,79,SKIP,SKIPPED,,,,,0,radar_block,reason=momentum_too_small conf=0.0 mom_sig=0.00002714 raw_mom_bps=0.00000000 spread_bps=0.64560000 tension=0.00002714 bid_drop=0.00016675 ask_drop=0.00017643
2026-07-08T10:04:21Z,80,SKIP,SKIPPED,,,,,0,radar_block,reason=momentum_too_small conf=0.0001 mom_sig=0.00004072 raw_mom_bps=0.00000000 spread_bps=0.64560000 tension=0.00004072 bid_drop=0.00014938 ask_drop=0.00026466
2026-07-08T10:04:27Z,81,SKIP,SKIPPED,,,,,0,radar_block,reason=momentum_too_small conf=0.3359 mom_sig=0.00000000 raw_mom_bps=0.00000000 spread_bps=0.64560000 tension=0.00000000 bid_drop=0.00000000 ask_drop=0.00000000
2026-07-08T10:04:34Z,82,SKIP,SKIPPED,,,,,0,radar_block,reason=momentum_too_small conf=0.0 mom_sig=0.00001708 raw_mom_bps=0.00000000 spread_bps=0.64560000 tension=0.00001708 bid_drop=0.00011101 ask_drop=0.00000000
2026-07-08T10:04:41Z,83,SKIP,SKIPPED,,,,,0,radar_block,reason=momentum_too_small conf=0.0 mom_sig=0.00001015 raw_mom_bps=0.00000000 spread_bps=0.64560000 tension=0.00001015 bid_drop=0.00006596 ask_drop=0.00000000
2026-07-08T10:04:48Z,84,SKIP,SKIPPED,,,,,0,radar_block,reason=momentum_too_small conf=0.3359 mom_sig=0.00000000 raw_mom_bps=0.00000000 spread_bps=0.64560000 tension=0.00000000 bid_drop=0.00000000 ask_drop=0.00000000
2026-07-08T10:04:55Z,85,SKIP,SKIPPED,,,,,0,radar_block,reason=momentum_too_small conf=0.0 mom_sig=0.00001923 raw_mom_bps=0.00000000 spread_bps=0.64560000 tension=0.00001923 bid_drop=0.00012498 ask_drop=0.00000000
2026-07-08T10:05:02Z,86,SKIP,SKIPPED,,,,,0,radar_block,reason=momentum_too_small conf=0.0 mom_sig=0.00001122 raw_mom_bps=0.00000000 spread_bps=0.64560000 tension=0.00001122 bid_drop=0.00007291 ask_drop=0.00000000
2026-07-08T10:05:09Z,87,SKIP,SKIPPED,,,,,0,radar_block,reason=momentum_too_small conf=0.0001 mom_sig=0.00004588 raw_mom_bps=0.00000000 spread_bps=0.64560000 tension=0.00004588 bid_drop=0.00029820 ask_drop=0.00027266
2026-07-08T10:05:16Z,88,SKIP,SKIPPED,,,,,0,radar_block,reason=momentum_too_small conf=0.0 mom_sig=0.00002515 raw_mom_bps=0.00000000 spread_bps=0.71010000 tension=0.00002515 bid_drop=0.00016345 ask_drop=0.00003840
2026-07-08T10:05:23Z,89,SKIP,SKIPPED,,,,,0,radar_block,reason=momentum_too_small conf=0.0068 mom_sig=0.00426432 raw_mom_bps=0.00000000 spread_bps=0.71010000 tension=0.00426432 bid_drop=0.02771810 ask_drop=0.00000000
2026-07-08T10:05:32Z,90,SKIP,SKIPPED,,,,,0,llm_gate,reason=ollama_skip status=SKIP
2026-07-08T10:05:39Z,91,SKIP,SKIPPED,,,,,0,radar_block,reason=momentum_too_small conf=0.0001 mom_sig=0.00008079 raw_mom_bps=0.00000000 spread_bps=0.71010000 tension=0.00008079 bid_drop=0.00052514 ask_drop=0.00000000
2026-07-08T10:05:46Z,92,SKIP,SKIPPED,,,,,0,impulse_resonance_wait,reason=wall_not_collapsed tension=0.38692352 bid_drop=0.00077616 ask_drop=2.51500287
2026-07-08T10:05:53Z,93,SKIP,SKIPPED,,,,,0,radar_block,reason=momentum_too_small conf=0.2497 mom_sig=0.00000000 raw_mom_bps=0.00000000 spread_bps=4.58350000 tension=0.00000000 bid_drop=0.00000000 ask_drop=0.00000000
2026-07-08T10:06:00Z,94,SKIP,SKIPPED,,,,,0,impulse_resonance_wait,reason=wall_not_collapsed tension=0.37701741 bid_drop=0.00000000 ask_drop=2.45061318
2026-07-08T10:06:07Z,95,SKIP,SKIPPED,,,,,0,radar_block,reason=momentum_too_small conf=0.231 mom_sig=0.00000000 raw_mom_bps=-0.58129208 spread_bps=5.43890000 tension=0.00000000 bid_drop=0.00000000 ask_drop=0.00000000
2026-07-08T10:06:13Z,96,SKIP,SKIPPED,,,,,0,impulse_resonance_wait,reason=wall_not_collapsed tension=0.70612520 bid_drop=4.58981380 ask_drop=0.00000000
2026-07-08T10:06:21Z,97,SKIP,SKIPPED,,,,,0,llm_gate,reason=ollama_skip status=SKIP
2026-07-08T10:06:29Z,98,SKIP,SKIPPED,,,,,0,radar_block,reason=momentum_too_small conf=0.0001 mom_sig=0.00011331 raw_mom_bps=0.00000000 spread_bps=5.81010000 tension=0.00011331 bid_drop=0.00073652 ask_drop=0.00003809
2026-07-08T10:06:37Z,99,SKIP,SKIPPED,,,,,0,radar_block,reason=momentum_too_small conf=0.002 mom_sig=0.00189215 raw_mom_bps=0.00000000 spread_bps=5.81010000 tension=0.00189215 bid_drop=0.00052734 ask_drop=0.01229898
2026-07-08T10:06:44Z,100,SKIP,SKIPPED,,,,,0,radar_block,reason=momentum_too_small conf=0.0 mom_sig=0.00000587 raw_mom_bps=0.00000000 spread_bps=5.81010000 tension=0.00000587 bid_drop=0.00000000 ask_drop=0.00003815
2026-07-08T10:06:51Z,101,SKIP,SKIPPED,,,,,0,radar_block,reason=momentum_too_small conf=0.0005 mom_sig=0.00049247 raw_mom_bps=0.00000000 spread_bps=5.81010000 tension=0.00049247 bid_drop=0.00012825 ask_drop=0.00320105
2026-07-08T10:07:00Z,102,SKIP,SKIPPED,,,,,0,llm_gate,reason=ollama_skip status=SKIP
2026-07-08T10:07:07Z,103,SKIP,SKIPPED,,,,,0,radar_block,reason=momentum_too_small conf=0.0 mom_sig=0.00000140 raw_mom_bps=0.00000000 spread_bps=5.51960000 tension=0.00000140 bid_drop=0.00000909 ask_drop=0.00000382
2026-07-08T10:07:14Z,104,SKIP,SKIPPED,,,,,0,impulse_resonance_wait,reason=wall_not_collapsed tension=0.34891683 bid_drop=2.26795939 ask_drop=0.00012516
2026-07-08T10:07:32Z,105,SELL,FILLED,61926.80000000,61926.80000000,0.00950000,-0.00000000,-0.00000000,shock_inversion_stop,radar=long conf=0.7145 size_note=strong_conf_full+entry_25_75_full soft=0 pct=-0.00000000 tension=7.36853845 bid_drop=47.89549991 ask_drop=0.00130345
2026-07-08T10:07:41Z,106,SKIP,SKIPPED,,,,,0,llm_gate,reason=ollama_skip status=SKIP
2026-07-08T10:07:49Z,107,SKIP,SKIPPED,,,,,0,radar_block,reason=momentum_too_small conf=0.2335 mom_sig=0.00000000 raw_mom_bps=5.03820640 spread_bps=5.32620000 tension=0.00000000 bid_drop=0.00000000 ask_drop=0.00000000
2026-07-08T10:07:56Z,108,SKIP,SKIPPED,,,,,0,impulse_resonance_wait,reason=wall_not_collapsed tension=0.50821685 bid_drop=2.34608106 ask_drop=3.30340955
2026-07-08T10:08:03Z,109,SKIP,SKIPPED,,,,,0,radar_block,reason=momentum_too_small conf=0.0 mom_sig=0.00001698 raw_mom_bps=0.00000000 spread_bps=0.29070000 tension=0.00001698 bid_drop=0.00000000 ask_drop=0.00011036
2026-07-08T10:08:10Z,110,SKIP,SKIPPED,,,,,0,radar_block,reason=momentum_too_small conf=0.0001 mom_sig=0.00005647 raw_mom_bps=0.00000000 spread_bps=5.81010000 tension=0.00005647 bid_drop=0.00036707 ask_drop=0.00018762
2026-07-08T10:08:17Z,111,SKIP,SKIPPED,,,,,0,radar_block,reason=momentum_too_small conf=0.0001 mom_sig=0.00006051 raw_mom_bps=5.52264932 spread_bps=5.14840000 tension=0.00006051 bid_drop=0.00039329 ask_drop=0.00007665
2026-07-08T10:08:24Z,112,SKIP,SKIPPED,,,,,0,radar_block,reason=momentum_too_small conf=0.0 mom_sig=0.00001683 raw_mom_bps=0.00000000 spread_bps=5.42280000 tension=0.00001683 bid_drop=0.00010941 ask_drop=0.00000000
2026-07-08T10:08:31Z,113,SKIP,SKIPPED,,,,,0,radar_block,reason=momentum_too_small conf=0.0 mom_sig=0.00001770 raw_mom_bps=0.00000000 spread_bps=4.76110000 tension=0.00001770 bid_drop=0.00004618 ask_drop=0.00011503
2026-07-08T10:08:38Z,114,SKIP,SKIPPED,,,,,0,radar_block,reason=momentum_too_small conf=0.0001 mom_sig=0.00004560 raw_mom_bps=0.00000000 spread_bps=5.42280000 tension=0.00004560 bid_drop=0.00029643 ask_drop=0.00003834
2026-07-08T10:08:46Z,115,SKIP,SKIPPED,,,,,0,radar_block,reason=momentum_too_small conf=0.0 mom_sig=0.00001829 raw_mom_bps=0.00000000 spread_bps=5.42280000 tension=0.00001829 bid_drop=0.00000000 ask_drop=0.00011886
2026-07-08T10:08:54Z,116,SKIP,SKIPPED,,,,,0,radar_block,reason=momentum_too_small conf=0.0001 mom_sig=0.00005900 raw_mom_bps=0.00000000 spread_bps=5.10000000 tension=0.00005900 bid_drop=0.00000000 ask_drop=0.00038350
2026-07-08T10:09:01Z,117,SKIP,SKIPPED,,,,,0,radar_block,reason=momentum_too_small conf=0.0049 mom_sig=0.00430319 raw_mom_bps=0.00000000 spread_bps=5.10000000 tension=0.00430319 bid_drop=0.00020930 ask_drop=0.02797075
2026-07-08T10:09:09Z,118,SKIP,SKIPPED,,,,,0,radar_block,reason=spread_too_wide conf=0.3868 mom_sig=0.46419022 raw_mom_bps=0.00000000 spread_bps=11.65230000 tension=0.46419022 bid_drop=3.01723645 ask_drop=0.11515647
2026-07-08T10:09:15Z,119,SKIP,SKIPPED,,,,,0,radar_block,reason=spread_too_wide conf=0.322 mom_sig=0.38634978 raw_mom_bps=0.00000000 spread_bps=9.33050000 tension=0.38634978 bid_drop=2.51127358 ask_drop=2.47805061
2026-07-08T10:09:22Z,120,SKIP,SKIPPED,,,,,0,radar_block,reason=spread_too_wide conf=0.3196 mom_sig=0.38353045 raw_mom_bps=0.43625929 spread_bps=9.16770000 tension=0.38353045 bid_drop=2.49294795 ask_drop=0.00000000
2026-07-08T10:09:30Z,121,SKIP,SKIPPED,,,,,0,radar_block,reason=spread_too_wide conf=0.0 mom_sig=0.00000851 raw_mom_bps=0.00000000 spread_bps=11.21660000 tension=0.00000851 bid_drop=0.00000000 ask_drop=0.00005529
2026-07-08T10:09:37Z,122,SKIP,SKIPPED,,,,,0,radar_block,reason=spread_too_wide conf=0.0 mom_sig=0.00002145 raw_mom_bps=-0.71085951 spread_bps=10.44270000 tension=0.00002145 bid_drop=0.00013943 ask_drop=0.00000000
2026-07-08T10:09:44Z,123,SKIP,SKIPPED,,,,,0,impulse_resonance_wait,reason=wall_not_collapsed tension=0.37379433 bid_drop=0.00000000 ask_drop=2.42966317
2026-07-08T10:09:50Z,124,SKIP,SKIPPED,,,,,0,radar_block,reason=momentum_too_small conf=0.0 mom_sig=0.00000516 raw_mom_bps=0.00000000 spread_bps=7.42580000 tension=0.00000516 bid_drop=0.00003351 ask_drop=0.00000000
2026-07-08T10:09:58Z,125,SKIP,SKIPPED,,,,,0,radar_block,reason=spread_too_wide conf=0.0 mom_sig=0.00000573 raw_mom_bps=10.01615509 spread_bps=9.28060000 tension=0.00000573 bid_drop=0.00003724 ask_drop=0.00000387
2026-07-08T10:10:04Z,126,SKIP,SKIPPED,,,,,0,radar_block,reason=spread_too_wide conf=0.5 mom_sig=0.91716164 raw_mom_bps=0.00000000 spread_bps=9.40900000 tension=0.91716164 bid_drop=5.96155065 ask_drop=0.00000000
2026-07-08T10:10:11Z,127,SKIP,SKIPPED,,,,,0,radar_block,reason=momentum_too_small conf=0.0091 mom_sig=0.00556308 raw_mom_bps=0.00000000 spread_bps=0.37150000 tension=0.00556308 bid_drop=0.03616000 ask_drop=0.00009847
2026-07-08T10:10:18Z,128,SKIP,SKIPPED,,,,,0,impulse_resonance_wait,reason=wall_not_collapsed tension=0.99960587 bid_drop=6.49743816 ask_drop=0.00000000
2026-07-08T10:10:26Z,129,SKIP,SKIPPED,,,,,0,radar_block,reason=momentum_too_small conf=0.2921 mom_sig=0.00000000 raw_mom_bps=0.00000000 spread_bps=2.64820000 tension=0.00000000 bid_drop=0.00000000 ask_drop=0.00000000
2026-07-08T10:10:33Z,130,SKIP,SKIPPED,,,,,0,radar_block,reason=direction_unclear conf=0.0259 mom_sig=0.01642061 raw_mom_bps=0.00000000 spread_bps=0.87210000 tension=0.01642061 bid_drop=0.00000000 ask_drop=0.10673395
2026-07-08T10:10:40Z,131,SKIP,SKIPPED,,,,,0,radar_block,reason=momentum_too_small conf=0.3426 mom_sig=0.00000000 raw_mom_bps=0.00000000 spread_bps=0.33920000 tension=0.00000000 bid_drop=0.00000000 ask_drop=0.00000000
2026-07-08T10:10:47Z,132,SKIP,SKIPPED,,,,,0,impulse_resonance_wait,reason=wall_not_collapsed tension=0.79717125 bid_drop=0.00000000 ask_drop=5.18161311
2026-07-08T10:10:54Z,133,SKIP,SKIPPED,,,,,0,radar_block,reason=momentum_too_small conf=0.0138 mom_sig=0.00990146 raw_mom_bps=0.00000000 spread_bps=2.64820000 tension=0.00990146 bid_drop=0.06435952 ask_drop=0.00021942
2026-07-08T10:11:00Z,134,SKIP,SKIPPED,,,,,0,radar_block,reason=momentum_too_small conf=0.0001 mom_sig=0.00008030 raw_mom_bps=0.00000000 spread_bps=2.42210000 tension=0.00008030 bid_drop=0.00000000 ask_drop=0.00052198
2026-07-08T10:11:08Z,135,SKIP,SKIPPED,,,,,0,radar_block,reason=momentum_too_small conf=0.0002 mom_sig=0.00011055 raw_mom_bps=-2.42212857 spread_bps=2.42210000 tension=0.00011055 bid_drop=0.00007958 ask_drop=0.00071859
2026-07-08T10:11:16Z,136,SKIP,SKIPPED,,,,,0,radar_block,reason=momentum_too_small conf=0.0001 mom_sig=0.00004070 raw_mom_bps=0.00000000 spread_bps=2.64820000 tension=0.00004070 bid_drop=0.00012784 ask_drop=0.00026457
2026-07-08T10:11:23Z,137,SKIP,SKIPPED,,,,,0,radar_block,reason=direction_unclear conf=0.0233 mom_sig=0.01675195 raw_mom_bps=0.00000000 spread_bps=2.64820000 tension=0.01675195 bid_drop=0.10888770 ask_drop=0.00120617
2026-07-08T10:11:30Z,138,SKIP,SKIPPED,,,,,0,impulse_resonance_wait,reason=wall_not_collapsed tension=0.93201897 bid_drop=6.05812332 ask_drop=0.00000000
2026-07-08T10:11:38Z,139,SKIP,SKIPPED,,,,,0,llm_gate,reason=ollama_skip status=SKIP
2026-07-08T10:11:45Z,140,SKIP,SKIPPED,,,,,0,impulse_resonance_wait,reason=wall_not_collapsed tension=0.90145448 bid_drop=0.00000000 ask_drop=5.85945409
2026-07-08T10:11:53Z,141,SKIP,SKIPPED,,,,,0,llm_gate,reason=ollama_skip status=SKIP
2026-07-08T10:12:00Z,142,SKIP,SKIPPED,,,,,0,radar_block,reason=momentum_too_small conf=0.0 mom_sig=0.00002974 raw_mom_bps=0.00000000 spread_bps=3.45660000 tension=0.00002974 bid_drop=0.00000000 ask_drop=0.00019330
2026-07-08T10:12:07Z,143,SKIP,SKIPPED,,,,,0,radar_block,reason=momentum_too_small conf=0.0002 mom_sig=0.00012652 raw_mom_bps=-3.48893555 spread_bps=3.48890000 tension=0.00012652 bid_drop=0.00000000 ask_drop=0.00082236
2026-07-08T10:12:14Z,144,SKIP,SKIPPED,,,,,0,impulse_resonance_wait,reason=wall_not_collapsed tension=0.64391057 bid_drop=4.18541868 ask_drop=0.00127832
2026-07-08T10:12:20Z,145,SKIP,SKIPPED,,,,,0,impulse_resonance_wait,reason=wall_not_collapsed tension=0.47540951 bid_drop=3.09016184 ask_drop=0.00000000
2026-07-08T10:12:27Z,146,SKIP,SKIPPED,,,,,0,tactic_mismatch,mom=long structure=short
2026-07-08T10:12:34Z,147,SKIP,SKIPPED,,,,,0,radar_block,reason=momentum_too_small conf=0.0002 mom_sig=0.00009546 raw_mom_bps=0.00000000 spread_bps=0.42010000 tension=0.00009546 bid_drop=0.00001656 ask_drop=0.00062052
2026-07-08T10:12:42Z,148,SKIP,SKIPPED,,,,,0,radar_block,reason=momentum_too_small conf=0.0002 mom_sig=0.00014583 raw_mom_bps=0.00000000 spread_bps=0.42010000 tension=0.00014583 bid_drop=0.00000000 ask_drop=0.00094790
2026-07-08T10:12:48Z,149,SKIP,SKIPPED,,,,,0,radar_block,reason=momentum_too_small conf=0.0003 mom_sig=0.00016225 raw_mom_bps=0.00000000 spread_bps=0.42010000 tension=0.00016225 bid_drop=0.00001656 ask_drop=0.00105465
2026-07-08T10:12:55Z,150,SKIP,SKIPPED,,,,,0,radar_block,reason=momentum_too_small conf=0.0003 mom_sig=0.00018984 raw_mom_bps=0.00000000 spread_bps=0.42010000 tension=0.00018984 bid_drop=0.00003312 ask_drop=0.00123393
2026-07-08T10:13:03Z,151,SKIP,SKIPPED,,,,,0,llm_gate,reason=ollama_skip status=SKIP
2026-07-08T10:13:10Z,152,SKIP,SKIPPED,,,,,0,radar_block,reason=momentum_too_small conf=0.0002 mom_sig=0.00014466 raw_mom_bps=0.00000000 spread_bps=0.33930000 tension=0.00014466 bid_drop=0.00006649 ask_drop=0.00094026
2026-07-08T10:13:17Z,153,SKIP,SKIPPED,,,,,0,radar_block,reason=momentum_too_small conf=0.0015 mom_sig=0.00092295 raw_mom_bps=0.00000000 spread_bps=0.33930000 tension=0.00092295 bid_drop=0.00599919 ask_drop=0.00000000
2026-07-08T10:13:24Z,154,SKIP,SKIPPED,,,,,0,impulse_resonance_wait,reason=wall_not_collapsed tension=0.47181630 bid_drop=0.00003325 ask_drop=3.06680597
2026-07-08T10:13:31Z,155,SKIP,SKIPPED,,,,,0,impulse_resonance_wait,reason=wall_not_collapsed tension=0.66680340 bid_drop=0.00000000 ask_drop=4.33422210
2026-07-08T10:13:38Z,156,SKIP,SKIPPED,,,,,0,radar_block,reason=momentum_too_small conf=0.0 mom_sig=0.00002072 raw_mom_bps=0.00000000 spread_bps=0.33930000 tension=0.00002072 bid_drop=0.00003159 ask_drop=0.00013468
2026-07-08T10:13:45Z,157,SKIP,SKIPPED,,,,,0,radar_block,reason=momentum_too_small conf=0.0 mom_sig=0.00002696 raw_mom_bps=0.00000000 spread_bps=0.33930000 tension=0.00002696 bid_drop=0.00001663 ask_drop=0.00017523
2026-07-08T10:13:52Z,158,SKIP,SKIPPED,,,,,0,radar_block,reason=momentum_too_small conf=0.0002 mom_sig=0.00014850 raw_mom_bps=0.00000000 spread_bps=0.33930000 tension=0.00014850 bid_drop=0.00000000 ask_drop=0.00096522
2026-07-08T10:13:59Z,159,SKIP,SKIPPED,,,,,0,radar_block,reason=momentum_too_small conf=0.0 mom_sig=0.00002268 raw_mom_bps=0.00000000 spread_bps=0.33930000 tension=0.00002268 bid_drop=0.00004324 ask_drop=0.00014742
2026-07-08T10:14:06Z,160,SKIP,SKIPPED,,,,,0,radar_block,reason=momentum_too_small conf=0.0005 mom_sig=0.00029509 raw_mom_bps=0.00000000 spread_bps=0.33930000 tension=0.00029509 bid_drop=0.00004990 ask_drop=0.00191809
2026-07-08T10:14:13Z,161,SKIP,SKIPPED,,,,,0,radar_block,reason=momentum_too_small conf=0.0002 mom_sig=0.00010549 raw_mom_bps=0.00000000 spread_bps=0.33930000 tension=0.00010549 bid_drop=0.00033268 ask_drop=0.00068566
2026-07-08T10:14:20Z,162,SKIP,SKIPPED,,,,,0,radar_block,reason=momentum_too_small conf=0.0003 mom_sig=0.00020883 raw_mom_bps=0.00000000 spread_bps=0.33930000 tension=0.00020883 bid_drop=0.00135739 ask_drop=0.00000000
2026-07-08T10:14:26Z,163,SKIP,SKIPPED,,,,,0,radar_block,reason=low_confidence conf=0.185 mom_sig=0.21659161 raw_mom_bps=6.49601432 spread_bps=7.79910000 tension=0.21659161 bid_drop=1.40784545 ask_drop=0.00077497
2026-07-08T10:14:33Z,164,SKIP,SKIPPED,,,,,0,radar_block,reason=spread_too_wide conf=0.0 mom_sig=0.00001337 raw_mom_bps=0.00000000 spread_bps=9.10580000 tension=0.00001337 bid_drop=0.00000000 ask_drop=0.00008689
2026-07-08T10:14:40Z,165,SKIP,SKIPPED,,,,,0,radar_block,reason=momentum_too_small conf=0.3426 mom_sig=0.00000000 raw_mom_bps=0.00000000 spread_bps=0.33930000 tension=0.00000000 bid_drop=0.00000000 ask_drop=0.00000000
2026-07-08T10:14:47Z,166,SKIP,SKIPPED,,,,,0,radar_block,reason=momentum_too_small conf=0.0 mom_sig=0.00003514 raw_mom_bps=8.25737144 spread_bps=6.55470000 tension=0.00003514 bid_drop=0.00008321 ask_drop=0.00022843
2026-07-08T10:14:53Z,167,SKIP,SKIPPED,,,,,0,radar_block,reason=spread_too_wide conf=0.0001 mom_sig=0.00008737 raw_mom_bps=0.00000000 spread_bps=12.23410000 tension=0.00008737 bid_drop=0.00031624 ask_drop=0.00056789
2026-07-08T10:15:01Z,168,SKIP,SKIPPED,,,,,0,llm_gate,reason=ollama_skip status=SKIP
2026-07-08T10:15:08Z,169,SKIP,SKIPPED,,,,,0,radar_block,reason=momentum_too_small conf=0.0001 mom_sig=0.00003121 raw_mom_bps=0.00000000 spread_bps=0.01610000 tension=0.00003121 bid_drop=0.00020284 ask_drop=0.00016977
2026-07-08T10:15:15Z,170,SKIP,SKIPPED,,,,,0,radar_block,reason=momentum_too_small conf=0.0004 mom_sig=0.00024750 raw_mom_bps=0.00000000 spread_bps=0.01610000 tension=0.00024750 bid_drop=0.00160876 ask_drop=0.00087285
2026-07-08T10:15:22Z,171,SKIP,SKIPPED,,,,,0,radar_block,reason=momentum_too_small conf=0.0044 mom_sig=0.00266276 raw_mom_bps=-0.01613520 spread_bps=0.01610000 tension=0.00266276 bid_drop=0.00014005 ask_drop=0.01730792
2026-07-08T10:15:28Z,172,SKIP,SKIPPED,,,,,0,radar_block,reason=momentum_too_small conf=0.0 mom_sig=0.00000533 raw_mom_bps=0.00000000 spread_bps=0.01610000 tension=0.00000533 bid_drop=0.00000000 ask_drop=0.00003462
2026-07-08T10:15:36Z,173,SKIP,SKIPPED,,,,,0,radar_block,reason=momentum_too_small conf=0.0145 mom_sig=0.00871427 raw_mom_bps=0.00000000 spread_bps=0.01610000 tension=0.00871427 bid_drop=0.00061828 ask_drop=0.05664274
2026-07-08T10:15:43Z,174,SKIP,SKIPPED,,,,,0,radar_block,reason=momentum_too_small conf=0.0015 mom_sig=0.00092209 raw_mom_bps=0.00000000 spread_bps=0.01610000 tension=0.00092209 bid_drop=0.00066844 ask_drop=0.00599358
2026-07-08T10:15:50Z,175,SKIP,SKIPPED,,,,,0,radar_block,reason=momentum_too_small conf=0.0003 mom_sig=0.00017599 raw_mom_bps=0.00000000 spread_bps=0.01610000 tension=0.00017599 bid_drop=0.00114395 ask_drop=0.00000000
2026-07-08T10:15:57Z,176,SKIP,SKIPPED,,,,,0,radar_block,reason=momentum_too_small conf=0.0002 mom_sig=0.00012825 raw_mom_bps=0.00000000 spread_bps=0.01610000 tension=0.00012825 bid_drop=0.00000000 ask_drop=0.00083363
2026-07-08T10:16:05Z,177,SKIP,SKIPPED,,,,,0,llm_gate,reason=ollama_skip status=SKIP
2026-07-08T10:16:12Z,178,SKIP,SKIPPED,,,,,0,radar_block,reason=momentum_too_small conf=0.0001 mom_sig=0.00005488 raw_mom_bps=0.00000000 spread_bps=1.16170000 tension=0.00005488 bid_drop=0.00035675 ask_drop=0.00000000
2026-07-08T10:16:19Z,179,SKIP,SKIPPED,,,,,0,radar_block,reason=momentum_too_small conf=0.0 mom_sig=0.00000534 raw_mom_bps=0.00000000 spread_bps=2.32350000 tension=0.00000534 bid_drop=0.00000000 ask_drop=0.00003473
2026-07-08T10:16:27Z,180,SKIP,SKIPPED,,,,,0,llm_gate,reason=ollama_skip status=SKIP
2026-07-08T10:16:34Z,181,SKIP,SKIPPED,,,,,0,radar_block,reason=momentum_too_small conf=0.0003 mom_sig=0.00021381 raw_mom_bps=0.00000000 spread_bps=2.32350000 tension=0.00021381 bid_drop=0.00049235 ask_drop=0.00138976
2026-07-08T10:16:41Z,182,SKIP,SKIPPED,,,,,0,radar_block,reason=momentum_too_small conf=0.0003 mom_sig=0.00021916 raw_mom_bps=0.00000000 spread_bps=2.56550000 tension=0.00021916 bid_drop=0.00003429 ask_drop=0.00142456
2026-07-08T10:16:48Z,183,SKIP,SKIPPED,,,,,0,radar_block,reason=momentum_too_small conf=0.0001 mom_sig=0.00010691 raw_mom_bps=0.00000000 spread_bps=2.58160000 tension=0.00010691 bid_drop=0.00001715 ask_drop=0.00069493
2026-07-08T10:16:55Z,184,SKIP,SKIPPED,,,,,0,radar_block,reason=momentum_too_small conf=0.0001 mom_sig=0.00010692 raw_mom_bps=0.00000000 spread_bps=2.61390000 tension=0.00010692 bid_drop=0.00038017 ask_drop=0.00069496
2026-07-08T10:17:02Z,185,SKIP,SKIPPED,,,,,0,radar_block,reason=momentum_too_small conf=0.0015 mom_sig=0.00101301 raw_mom_bps=-1.67806081 spread_bps=1.67810000 tension=0.00101301 bid_drop=0.00049475 ask_drop=0.00658459
2026-07-08T10:17:09Z,186,SKIP,SKIPPED,,,,,0,radar_block,reason=momentum_too_small conf=0.0003 mom_sig=0.00019986 raw_mom_bps=0.00000000 spread_bps=1.67810000 tension=0.00019986 bid_drop=0.00004498 ask_drop=0.00129906
2026-07-08T10:17:16Z,187,SKIP,SKIPPED,,,,,0,radar_block,reason=momentum_too_small conf=0.0002 mom_sig=0.00014715 raw_mom_bps=0.00000000 spread_bps=1.67810000 tension=0.00014715 bid_drop=0.00044980 ask_drop=0.00095650
2026-07-08T10:17:24Z,188,SKIP,SKIPPED,,,,,0,radar_block,reason=momentum_too_small conf=0.0002 mom_sig=0.00014253 raw_mom_bps=0.00000000 spread_bps=1.67810000 tension=0.00014253 bid_drop=0.00073310 ask_drop=0.00092642
2026-07-08T10:17:31Z,189,SKIP,SKIPPED,,,,,0,radar_block,reason=momentum_too_small conf=0.0072 mom_sig=0.00483713 raw_mom_bps=0.00000000 spread_bps=1.67810000 tension=0.00483713 bid_drop=0.00051359 ask_drop=0.03144132
2026-07-08T10:17:37Z,190,SKIP,SKIPPED,,,,,0,radar_block,reason=momentum_too_small conf=0.0003 mom_sig=0.00020937 raw_mom_bps=0.00000000 spread_bps=1.67810000 tension=0.00020937 bid_drop=0.00049026 ask_drop=0.00136090
2026-07-08T10:17:44Z,191,SKIP,SKIPPED,,,,,0,impulse_resonance_wait,reason=wall_not_collapsed tension=0.99412000 bid_drop=0.00011673 ask_drop=6.46178000
2026-07-08T10:17:51Z,192,SKIP,SKIPPED,,,,,0,radar_block,reason=momentum_too_small conf=0.0005 mom_sig=0.00036635 raw_mom_bps=0.00000000 spread_bps=2.61390000 tension=0.00036635 bid_drop=0.00081741 ask_drop=0.00238129
2026-07-08T10:17:59Z,193,SKIP,SKIPPED,,,,,0,llm_gate,reason=ollama_skip status=SKIP
2026-07-08T10:18:07Z,194,SKIP,SKIPPED,,,,,0,llm_gate,reason=ollama_skip status=SKIP
2026-07-08T10:18:24Z,195,SELL,FILLED,61960.10000000,61973.30000000,0.00950000,-2.13040328,-0.12540000,shock_inversion_stop,radar=long conf=0.8094 size_note=strong_conf_full+entry_25_75_full soft=0 pct=-0.02130403 tension=1.02691822 bid_drop=0.00006642 ask_drop=6.67496843
2026-07-08T10:18:32Z,196,SKIP,SKIPPED,,,,,0,radar_block,reason=momentum_too_small conf=0.0001 mom_sig=0.00006152 raw_mom_bps=-0.01613627 spread_bps=1.37170000 tension=0.00006152 bid_drop=0.00039990 ask_drop=0.00004829
2026-07-08T10:18:41Z,197,SKIP,SKIPPED,,,,,0,llm_gate,reason=ollama_skip status=SKIP
2026-07-08T10:18:48Z,198,SKIP,SKIPPED,,,,,0,impulse_resonance_wait,reason=wall_not_collapsed tension=0.62003571 bid_drop=0.00043332 ask_drop=4.03023214
2026-07-08T10:18:55Z,199,SKIP,SKIPPED,,,,,0,impulse_resonance_wait,reason=wall_not_collapsed tension=0.81114141 bid_drop=0.00058507 ask_drop=5.27241916
2026-07-08T10:19:02Z,200,SKIP,SKIPPED,,,,,0,radar_block,reason=momentum_too_small conf=0.0077 mom_sig=0.00462293 raw_mom_bps=0.00000000 spread_bps=0.09680000 tension=0.00462293 bid_drop=0.00742278 ask_drop=0.03004905
2026-07-08T10:19:08Z,201,SKIP,SKIPPED,,,,,0,radar_block,reason=momentum_too_small conf=0.0001 mom_sig=0.00006950 raw_mom_bps=0.00000000 spread_bps=0.25820000 tension=0.00006950 bid_drop=0.00044858 ask_drop=0.00045177
2026-07-08T10:19:16Z,202,SKIP,SKIPPED,,,,,0,radar_block,reason=momentum_too_small conf=0.0065 mom_sig=0.00411211 raw_mom_bps=0.00000000 spread_bps=0.72620000 tension=0.00411211 bid_drop=0.02672870 ask_drop=0.00000000
2026-07-08T10:19:23Z,203,SKIP,SKIPPED,,,,,0,radar_block,reason=momentum_too_small conf=0.0038 mom_sig=0.00242334 raw_mom_bps=0.03227686 spread_bps=0.77460000 tension=0.00242334 bid_drop=0.00105224 ask_drop=0.01575171
2026-07-08T10:19:30Z,204,SKIP,SKIPPED,,,,,0,radar_block,reason=momentum_too_small conf=0.0002 mom_sig=0.00010512 raw_mom_bps=0.00000000 spread_bps=1.50080000 tension=0.00010512 bid_drop=0.00068329 ask_drop=0.00000000
2026-07-08T10:19:36Z,205,SKIP,SKIPPED,,,,,0,radar_block,reason=momentum_too_small conf=0.0008 mom_sig=0.00052731 raw_mom_bps=1.29106807 spread_bps=2.08160000 tension=0.00052731 bid_drop=0.00085903 ask_drop=0.00342754
2026-07-08T10:19:43Z,206,SKIP,SKIPPED,,,,,0,impulse_resonance_wait,reason=wall_not_collapsed tension=0.43505912 bid_drop=2.82788426 ask_drop=0.00000000
2026-07-08T10:19:50Z,207,SKIP,SKIPPED,,,,,0,radar_block,reason=momentum_too_small conf=0.0001 mom_sig=0.00005874 raw_mom_bps=0.00000000 spread_bps=0.12910000 tension=0.00005874 bid_drop=0.00038184 ask_drop=0.00000000
2026-07-08T10:19:58Z,208,SKIP,SKIPPED,,,,,0,radar_block,reason=momentum_too_small conf=0.0004 mom_sig=0.00025103 raw_mom_bps=0.38726917 spread_bps=0.87130000 tension=0.00025103 bid_drop=0.00040460 ask_drop=0.00163168
2026-07-08T10:20:05Z,209,SKIP,SKIPPED,,,,,0,radar_block,reason=momentum_too_small conf=0.0048 mom_sig=0.00302456 raw_mom_bps=0.00000000 spread_bps=0.87130000 tension=0.00302456 bid_drop=0.01965967 ask_drop=0.00112734
2026-07-08T10:20:12Z,210,SKIP,SKIPPED,,,,,0,radar_block,reason=momentum_too_small conf=0.0001 mom_sig=0.00006495 raw_mom_bps=0.88749472 spread_bps=1.09710000 tension=0.00006495 bid_drop=0.00042215 ask_drop=0.00000000
2026-07-08T10:20:19Z,211,SKIP,SKIPPED,,,,,0,radar_block,reason=momentum_too_small conf=0.0001 mom_sig=0.00006804 raw_mom_bps=0.00000000 spread_bps=1.30690000 tension=0.00006804 bid_drop=0.00044226 ask_drop=0.00024014
2026-07-08T10:20:27Z,212,SKIP,SKIPPED,,,,,0,radar_block,reason=momentum_too_small conf=0.0003 mom_sig=0.00021124 raw_mom_bps=0.00000000 spread_bps=1.50040000 tension=0.00021124 bid_drop=0.00048566 ask_drop=0.00137307
2026-07-08T10:20:34Z,213,SKIP,SKIPPED,,,,,0,radar_block,reason=direction_unclear conf=0.2912 mom_sig=0.19741727 raw_mom_bps=0.00000000 spread_bps=1.83920000 tension=0.19741727 bid_drop=0.00000000 ask_drop=1.28321228
2026-07-08T10:20:42Z,214,SKIP,SKIPPED,,,,,0,radar_block,reason=momentum_too_small conf=0.0026 mom_sig=0.00183482 raw_mom_bps=0.19359960 spread_bps=2.27470000 tension=0.00183482 bid_drop=0.00010119 ask_drop=0.01192636
2026-07-08T10:20:49Z,215,SKIP,SKIPPED,,,,,0,radar_block,reason=momentum_too_small conf=0.0003 mom_sig=0.00019932 raw_mom_bps=0.00000000 spread_bps=2.77470000 tension=0.00019932 bid_drop=0.00000000 ask_drop=0.00129559
2026-07-08T10:20:56Z,216,SKIP,SKIPPED,,,,,0,radar_block,reason=momentum_too_small conf=0.0001 mom_sig=0.00006196 raw_mom_bps=0.00000000 spread_bps=4.80630000 tension=0.00006196 bid_drop=0.00040275 ask_drop=0.00000000
2026-07-08T10:21:03Z,217,SKIP,SKIPPED,,,,,0,radar_block,reason=direction_unclear conf=0.0348 mom_sig=0.03074407 raw_mom_bps=0.00000000 spread_bps=5.12870000 tension=0.03074407 bid_drop=0.00060739 ask_drop=0.19983644
2026-07-08T10:21:09Z,218,SKIP,SKIPPED,,,,,0,impulse_resonance_wait,reason=wall_not_collapsed tension=0.21240751 bid_drop=0.00045517 ask_drop=1.38064881
2026-07-08T10:21:16Z,219,SKIP,SKIPPED,,,,,0,radar_block,reason=momentum_too_small conf=0.0076 mom_sig=0.00670307 raw_mom_bps=0.00000000 spread_bps=5.14480000 tension=0.00670307 bid_drop=0.04356997 ask_drop=0.00150976
2026-07-08T10:21:23Z,220,SKIP,SKIPPED,,,,,0,radar_block,reason=momentum_too_small conf=0.0 mom_sig=0.00002029 raw_mom_bps=0.00000000 spread_bps=7.20920000 tension=0.00002029 bid_drop=0.00004073 ask_drop=0.00013188
2026-07-08T10:21:32Z,221,SKIP,SKIPPED,,,,,0,radar_block,reason=low_confidence conf=0.2939 mom_sig=0.32097932 raw_mom_bps=0.00000000 spread_bps=7.20920000 tension=0.32097932 bid_drop=2.08636557 ask_drop=0.00135480
2026-07-08T10:21:40Z,222,SKIP,SKIPPED,,,,,0,radar_block,reason=momentum_too_small conf=0.1923 mom_sig=0.00000000 raw_mom_bps=0.00000000 spread_bps=7.20920000 tension=0.00000000 bid_drop=0.00000000 ask_drop=0.00000000
2026-07-08T10:21:46Z,223,SKIP,SKIPPED,,,,,0,radar_block,reason=momentum_too_small conf=0.0001 mom_sig=0.00006088 raw_mom_bps=0.00000000 spread_bps=7.20920000 tension=0.00006088 bid_drop=0.00039572 ask_drop=0.00009784
2026-07-08T10:21:53Z,224,SKIP,SKIPPED,,,,,0,radar_block,reason=momentum_too_small conf=0.0003 mom_sig=0.00031147 raw_mom_bps=0.00000000 spread_bps=7.70880000 tension=0.00031147 bid_drop=0.00098932 ask_drop=0.00202455
2026-07-08T10:22:00Z,225,SKIP,SKIPPED,,,,,0,radar_block,reason=spread_too_wide conf=0.0001 mom_sig=0.00007790 raw_mom_bps=0.00000000 spread_bps=8.03110000 tension=0.00007790 bid_drop=0.00039577 ask_drop=0.00050637
2026-07-08T10:22:08Z,226,SKIP,SKIPPED,,,,,0,radar_block,reason=spread_too_wide conf=0.0001 mom_sig=0.00016222 raw_mom_bps=0.00000000 spread_bps=8.03110000 tension=0.00016222 bid_drop=0.00045722 ask_drop=0.00105443
2026-07-08T10:22:15Z,227,SKIP,SKIPPED,,,,,0,radar_block,reason=spread_too_wide conf=0.0001 mom_sig=0.00007309 raw_mom_bps=0.00000000 spread_bps=8.03110000 tension=0.00007309 bid_drop=0.00047507 ask_drop=0.00000000
2026-07-08T10:22:22Z,228,SKIP,SKIPPED,,,,,0,radar_block,reason=spread_too_wide conf=0.2675 mom_sig=0.32099746 raw_mom_bps=0.11288666 spread_bps=8.14390000 tension=0.32099746 bid_drop=2.08648346 ask_drop=0.00038447
2026-07-08T10:22:29Z,229,SKIP,SKIPPED,,,,,0,radar_block,reason=spread_too_wide conf=0.0002 mom_sig=0.00021565 raw_mom_bps=0.00000000 spread_bps=8.16000000 tension=0.00021565 bid_drop=0.00001989 ask_drop=0.00140170
2026-07-08T10:22:35Z,230,SKIP,SKIPPED,,,,,0,radar_block,reason=spread_too_wide conf=0.0004 mom_sig=0.00052303 raw_mom_bps=0.00000000 spread_bps=8.17610000 tension=0.00052303 bid_drop=0.00043980 ask_drop=0.00339969
2026-07-08T10:22:42Z,231,SKIP,SKIPPED,,,,,0,radar_block,reason=spread_too_wide conf=0.0004 mom_sig=0.00048622 raw_mom_bps=0.11288502 spread_bps=8.28890000 tension=0.00048622 bid_drop=0.00081530 ask_drop=0.00316043
2026-07-08T10:22:49Z,232,SKIP,SKIPPED,,,,,0,radar_block,reason=direction_unclear conf=0.1281 mom_sig=0.07960371 raw_mom_bps=0.00000000 spread_bps=0.54830000 tension=0.07960371 bid_drop=0.51742413 ask_drop=0.00024543
2026-07-08T10:22:56Z,233,SKIP,SKIPPED,,,,,0,radar_block,reason=spread_too_wide conf=0.0462 mom_sig=0.05540746 raw_mom_bps=0.00000000 spread_bps=8.61110000 tension=0.05540746 bid_drop=0.00000000 ask_drop=0.36014846
2026-07-08T10:23:03Z,234,SKIP,SKIPPED,,,,,0,radar_block,reason=spread_too_wide conf=0.5 mom_sig=1.76081392 raw_mom_bps=0.00000000 spread_bps=8.83670000 tension=1.76081392 bid_drop=0.00031541 ask_drop=11.44529049
2026-07-08T10:23:10Z,235,SKIP,SKIPPED,,,,,0,radar_block,reason=spread_too_wide conf=0.0007 mom_sig=0.00088736 raw_mom_bps=0.00000000 spread_bps=9.07840000 tension=0.00088736 bid_drop=0.00070773 ask_drop=0.00576786
2026-07-08T10:23:18Z,236,SKIP,SKIPPED,,,,,0,radar_block,reason=spread_too_wide conf=0.0018 mom_sig=0.00211268 raw_mom_bps=0.35475803 spread_bps=9.19110000 tension=0.00211268 bid_drop=0.00049297 ask_drop=0.01373244
2026-07-08T10:23:25Z,237,SKIP,SKIPPED,,,,,0,radar_block,reason=spread_too_wide conf=0.5 mom_sig=8.54456394 raw_mom_bps=0.00000000 spread_bps=9.54550000 tension=8.54456394 bid_drop=0.00063120 ask_drop=55.53966563
2026-07-08T10:23:32Z,238,SKIP,SKIPPED,,,,,0,radar_block,reason=momentum_too_small conf=0.0052 mom_sig=0.00322888 raw_mom_bps=0.00000000 spread_bps=0.50030000 tension=0.00322888 bid_drop=0.00104546 ask_drop=0.02098772
2026-07-08T10:23:39Z,239,SKIP,SKIPPED,,,,,0,radar_block,reason=spread_too_wide conf=0.125 mom_sig=0.15001075 raw_mom_bps=0.00000000 spread_bps=9.57780000 tension=0.15001075 bid_drop=0.97506989 ask_drop=0.01512953
2026-07-08T10:23:46Z,240,SKIP,SKIPPED,,,,,0,radar_block,reason=momentum_too_small conf=0.0002 mom_sig=0.00014407 raw_mom_bps=-9.57775639 spread_bps=4.58160000 tension=0.00014407 bid_drop=0.00093644 ask_drop=0.00024779
2026-07-08T10:23:53Z,241,SKIP,SKIPPED,,,,,0,radar_block,reason=spread_too_wide conf=0.0002 mom_sig=0.00022206 raw_mom_bps=0.00000000 spread_bps=10.70500000 tension=0.00022206 bid_drop=0.00000000 ask_drop=0.00144336
2026-07-08T10:24:00Z,242,SKIP,SKIPPED,,,,,0,radar_block,reason=momentum_too_small conf=0.2078 mom_sig=0.00000000 raw_mom_bps=0.00000000 spread_bps=6.50000000 tension=0.00000000 bid_drop=0.00000000 ask_drop=0.00000000
2026-07-08T10:24:07Z,243,SKIP,SKIPPED,,,,,0,radar_block,reason=direction_unclear conf=0.1451 mom_sig=0.14998024 raw_mom_bps=0.20967877 spread_bps=6.70960000 tension=0.14998024 bid_drop=0.97487156 ask_drop=0.06374987
2026-07-08T10:24:14Z,244,SKIP,SKIPPED,,,,,0,radar_block,reason=momentum_too_small conf=0.0004 mom_sig=0.00042503 raw_mom_bps=0.00000000 spread_bps=6.70960000 tension=0.00042503 bid_drop=0.00081704 ask_drop=0.00276271
2026-07-08T10:24:21Z,245,SKIP,SKIPPED,,,,,0,impulse_resonance_wait,reason=wall_not_collapsed tension=0.61101370 bid_drop=0.00043424 ask_drop=3.97158904
2026-07-08T10:24:28Z,246,SKIP,SKIPPED,,,,,0,radar_block,reason=momentum_too_small conf=0.0003 mom_sig=0.00026416 raw_mom_bps=0.00000000 spread_bps=6.70960000 tension=0.00026416 bid_drop=0.00117272 ask_drop=0.00171705
2026-07-08T10:24:34Z,247,SKIP,SKIPPED,,,,,0,radar_block,reason=momentum_too_small conf=0.0003 mom_sig=0.00026002 raw_mom_bps=0.00000000 spread_bps=6.14510000 tension=0.00026002 bid_drop=0.00032971 ask_drop=0.00169011
2026-07-08T10:24:41Z,248,SKIP,SKIPPED,,,,,0,radar_block,reason=momentum_too_small conf=0.0001 mom_sig=0.00015480 raw_mom_bps=0.00000000 spread_bps=6.70960000 tension=0.00015480 bid_drop=0.00005923 ask_drop=0.00100623
2026-07-08T10:24:48Z,249,SKIP,SKIPPED,,,,,0,radar_block,reason=momentum_too_small conf=0.0073 mom_sig=0.00752563 raw_mom_bps=0.00000000 spread_bps=6.70960000 tension=0.00752563 bid_drop=0.00039497 ask_drop=0.04891662
2026-07-08T10:24:55Z,250,SKIP,SKIPPED,,,,,0,radar_block,reason=spread_too_wide conf=0.5 mom_sig=2.77885069 raw_mom_bps=0.00000000 spread_bps=9.20720000 tension=2.77885069 bid_drop=0.00079012 ask_drop=18.06252946
2026-07-08T10:25:04Z,251,SKIP,SKIPPED,,,,,0,stase_ecoute,reason=spread_or_volat_not_cold spread_bps=0.06450000 volat=143.99573594
2026-07-08T10:25:12Z,252,SKIP,SKIPPED,,,,,0,llm_gate,reason=ollama_skip status=SKIP
2026-07-08T10:25:18Z,253,SKIP,SKIPPED,,,,,0,radar_block,reason=momentum_too_small conf=0.0013 mom_sig=0.00077723 raw_mom_bps=0.00000000 spread_bps=0.12900000 tension=0.00077723 bid_drop=0.00505199 ask_drop=0.00262332
2026-07-08T10:25:25Z,254,SKIP,SKIPPED,,,,,0,impulse_resonance_wait,reason=wall_not_collapsed tension=0.23922514 bid_drop=0.00000000 ask_drop=1.55496343
2026-07-08T10:25:32Z,255,SKIP,SKIPPED,,,,,0,radar_block,reason=momentum_too_small conf=0.0012 mom_sig=0.00070795 raw_mom_bps=0.16119361 spread_bps=0.16120000 tension=0.00070795 bid_drop=0.00460165 ask_drop=0.00104775
2026-07-08T10:25:40Z,256,SKIP,SKIPPED,,,,,0,llm_gate,reason=ollama_skip status=SKIP
2026-07-08T10:25:47Z,257,SKIP,SKIPPED,,,,,0,radar_block,reason=momentum_too_small conf=0.0001 mom_sig=0.00008249 raw_mom_bps=0.20953852 spread_bps=0.19340000 tension=0.00008249 bid_drop=0.00000000 ask_drop=0.00053621
2026-07-08T10:25:56Z,258,SKIP,SKIPPED,,,,,0,llm_gate,reason=ollama_skip status=SKIP
2026-07-08T10:26:05Z,259,SKIP,SKIPPED,,,,,0,llm_gate,reason=ollama_skip status=SKIP
2026-07-08T10:26:12Z,260,SKIP,SKIPPED,,,,,0,radar_block,reason=direction_unclear conf=0.0162 mom_sig=0.01060417 raw_mom_bps=0.53190975 spread_bps=1.32160000 tension=0.01060417 bid_drop=0.00616865 ask_drop=0.06892713
2026-07-08T10:26:20Z,261,SKIP,SKIPPED,,,,,0,radar_block,reason=momentum_too_small conf=0.002 mom_sig=0.00129751 raw_mom_bps=0.00000000 spread_bps=1.32160000 tension=0.00129751 bid_drop=0.00843382 ask_drop=0.00017398
2026-07-08T10:26:27Z,262,SKIP,SKIPPED,,,,,0,radar_block,reason=momentum_too_small conf=0.0004 mom_sig=0.00022921 raw_mom_bps=1.32181953 spread_bps=1.32160000 tension=0.00022921 bid_drop=0.00041160 ask_drop=0.00148988
2026-07-08T10:26:36Z,263,SKIP,SKIPPED,,,,,0,radar_block,reason=direction_unclear conf=0.0989 mom_sig=0.06468746 raw_mom_bps=0.00000000 spread_bps=1.32160000 tension=0.06468746 bid_drop=0.00091348 ask_drop=0.42046846
2026-07-08T10:26:44Z,264,SKIP,SKIPPED,,,,,0,llm_gate,reason=ollama_skip status=SKIP
2026-07-08T10:26:53Z,265,SKIP,SKIPPED,,,,,0,llm_gate,reason=ollama_skip status=SKIP
2026-07-08T10:27:00Z,266,SKIP,SKIPPED,,,,,0,radar_block,reason=momentum_too_small conf=0.3028 mom_sig=0.00000000 raw_mom_bps=0.00000000 spread_bps=2.15960000 tension=0.00000000 bid_drop=0.00000000 ask_drop=0.00000000
2026-07-08T10:27:07Z,267,SKIP,SKIPPED,,,,,0,radar_block,reason=momentum_too_small conf=0.0001 mom_sig=0.00003508 raw_mom_bps=2.16004655 spread_bps=0.83800000 tension=0.00003508 bid_drop=0.00022799 ask_drop=0.00000000
2026-07-08T10:27:15Z,268,SKIP,SKIPPED,,,,,0,radar_block,reason=momentum_too_small conf=0.3317 mom_sig=0.00000000 raw_mom_bps=0.00000000 spread_bps=0.83800000 tension=0.00000000 bid_drop=0.00000000 ask_drop=0.00000000
2026-07-08T10:27:22Z,269,SKIP,SKIPPED,,,,,0,radar_block,reason=momentum_too_small conf=0.0029 mom_sig=0.00185221 raw_mom_bps=0.00000000 spread_bps=0.83800000 tension=0.00185221 bid_drop=0.01203935 ask_drop=0.00003665
2026-07-08T10:27:29Z,270,SKIP,SKIPPED,,,,,0,radar_block,reason=momentum_too_small conf=0.0027 mom_sig=0.00172341 raw_mom_bps=0.00000000 spread_bps=0.83800000 tension=0.00172341 bid_drop=0.01120215 ask_drop=0.00087637
2026-07-08T10:27:36Z,271,SKIP,SKIPPED,,,,,0,radar_block,reason=momentum_too_small conf=0.0008 mom_sig=0.00051726 raw_mom_bps=0.00000000 spread_bps=0.83800000 tension=0.00051726 bid_drop=0.00336220 ask_drop=0.00073341
2026-07-08T10:27:43Z,272,SKIP,SKIPPED,,,,,0,radar_block,reason=momentum_too_small conf=0.0004 mom_sig=0.00023154 raw_mom_bps=0.00000000 spread_bps=0.83800000 tension=0.00023154 bid_drop=0.00061554 ask_drop=0.00150498
2026-07-08T10:27:50Z,273,SKIP,SKIPPED,,,,,0,radar_block,reason=momentum_too_small conf=0.0024 mom_sig=0.00151579 raw_mom_bps=0.00000000 spread_bps=0.83800000 tension=0.00151579 bid_drop=0.00985263 ask_drop=0.00198944
2026-07-08T10:27:57Z,274,SKIP,SKIPPED,,,,,0,radar_block,reason=momentum_too_small conf=0.002 mom_sig=0.00129458 raw_mom_bps=-0.83804600 spread_bps=0.83800000 tension=0.00129458 bid_drop=0.00841478 ask_drop=0.00222921
2026-07-08T10:28:04Z,275,SKIP,SKIPPED,,,,,0,radar_block,reason=momentum_too_small conf=0.0014 mom_sig=0.00086345 raw_mom_bps=0.00000000 spread_bps=0.83800000 tension=0.00086345 bid_drop=0.00561245 ask_drop=0.00257373
2026-07-08T10:28:11Z,276,SKIP,SKIPPED,,,,,0,radar_block,reason=momentum_too_small conf=0.0013 mom_sig=0.00090707 raw_mom_bps=0.00000000 spread_bps=2.15960000 tension=0.00090707 bid_drop=0.00589597 ask_drop=0.00270427
2026-07-08T10:28:19Z,277,SKIP,SKIPPED,,,,,0,radar_block,reason=momentum_too_small conf=0.0028 mom_sig=0.00194413 raw_mom_bps=0.00000000 spread_bps=2.15960000 tension=0.00194413 bid_drop=0.01263685 ask_drop=0.00000000
2026-07-08T10:28:26Z,278,SKIP,SKIPPED,,,,,0,radar_block,reason=momentum_too_small conf=0.0013 mom_sig=0.00089489 raw_mom_bps=0.00000000 spread_bps=2.15960000 tension=0.00089489 bid_drop=0.00581676 ask_drop=0.00155263
2026-07-08T10:28:33Z,279,SKIP,SKIPPED,,,,,0,radar_block,reason=momentum_too_small conf=0.0026 mom_sig=0.00169437 raw_mom_bps=0.00000000 spread_bps=1.32160000 tension=0.00169437 bid_drop=0.01101341 ask_drop=0.00187235
2026-07-08T10:28:39Z,280,SKIP,SKIPPED,,,,,0,radar_block,reason=momentum_too_small conf=0.0012 mom_sig=0.00083149 raw_mom_bps=0.00000000 spread_bps=2.15960000 tension=0.00083149 bid_drop=0.00540467 ask_drop=0.00086985
2026-07-08T10:28:46Z,281,SKIP,SKIPPED,,,,,0,radar_block,reason=momentum_too_small conf=0.001 mom_sig=0.00067187 raw_mom_bps=0.00000000 spread_bps=2.15960000 tension=0.00067187 bid_drop=0.00436716 ask_drop=0.00394151
2026-07-08T10:28:53Z,282,SKIP,SKIPPED,,,,,0,radar_block,reason=direction_unclear conf=0.1586 mom_sig=0.11054706 raw_mom_bps=0.00000000 spread_bps=2.22400000 tension=0.11054706 bid_drop=0.00540863 ask_drop=0.71855586
2026-07-08T10:29:00Z,283,SKIP,SKIPPED,,,,,0,radar_block,reason=momentum_too_small conf=0.0013 mom_sig=0.00093166 raw_mom_bps=0.00000000 spread_bps=2.22400000 tension=0.00093166 bid_drop=0.00605582 ask_drop=0.00175497
2026-07-08T10:29:07Z,284,SKIP,SKIPPED,,,,,0,radar_block,reason=momentum_too_small conf=0.0019 mom_sig=0.00133673 raw_mom_bps=0.00000000 spread_bps=2.22400000 tension=0.00133673 bid_drop=0.00868872 ask_drop=0.00189253
2026-07-08T10:29:14Z,285,SKIP,SKIPPED,,,,,0,impulse_resonance_wait,reason=wall_not_collapsed tension=0.83538138 bid_drop=0.00505333 ask_drop=5.42997900
2026-07-08T10:29:21Z,286,SKIP,SKIPPED,,,,,0,radar_block,reason=momentum_too_small conf=0.0024 mom_sig=0.00167848 raw_mom_bps=0.00000000 spread_bps=2.43360000 tension=0.00167848 bid_drop=0.01091009 ask_drop=0.00323423
2026-07-08T10:29:28Z,287,SKIP,SKIPPED,,,,,0,radar_block,reason=momentum_too_small conf=0.0027 mom_sig=0.00190132 raw_mom_bps=0.00000000 spread_bps=2.43360000 tension=0.00190132 bid_drop=0.01235857 ask_drop=0.00147536
2026-07-08T10:29:36Z,288,SKIP,SKIPPED,,,,,0,impulse_resonance_wait,reason=wall_not_collapsed tension=0.55362201 bid_drop=3.59854307 ask_drop=0.00329371
2026-07-08T10:29:43Z,289,SKIP,SKIPPED,,,,,0,radar_block,reason=momentum_too_small conf=0.0021 mom_sig=0.00150223 raw_mom_bps=0.00000000 spread_bps=2.43360000 tension=0.00150223 bid_drop=0.00976452 ask_drop=0.00123419
2026-07-08T10:29:51Z,290,SKIP,SKIPPED,,,,,0,radar_block,reason=momentum_too_small conf=0.0018 mom_sig=0.00125408 raw_mom_bps=0.00000000 spread_bps=2.15960000 tension=0.00125408 bid_drop=0.00815152 ask_drop=0.00216709
2026-07-08T10:29:58Z,291,SKIP,SKIPPED,,,,,0,radar_block,reason=momentum_too_small conf=0.0009 mom_sig=0.00062718 raw_mom_bps=0.00000000 spread_bps=2.15960000 tension=0.00062718 bid_drop=0.00407668 ask_drop=0.00296498
2026-07-08T10:30:05Z,292,SKIP,SKIPPED,,,,,0,radar_block,reason=momentum_too_small conf=0.001 mom_sig=0.00068274 raw_mom_bps=0.00000000 spread_bps=2.43360000 tension=0.00068274 bid_drop=0.00443782 ask_drop=0.00089760
2026-07-08T10:30:14Z,293,SKIP,SKIPPED,,,,,0,radar_block,reason=momentum_too_small conf=0.003 mom_sig=0.00215767 raw_mom_bps=2.43414902 spread_bps=2.43360000 tension=0.00215767 bid_drop=0.01402488 ask_drop=0.00358702
2026-07-08T10:30:21Z,294,SKIP,SKIPPED,,,,,0,radar_block,reason=momentum_too_small conf=0.0019 mom_sig=0.00132936 raw_mom_bps=0.00000000 spread_bps=2.43360000 tension=0.00132936 bid_drop=0.00864084 ask_drop=0.00178965
2026-07-08T10:30:28Z,295,SKIP,SKIPPED,,,,,0,radar_block,reason=momentum_too_small conf=0.0027 mom_sig=0.00192580 raw_mom_bps=0.00000000 spread_bps=2.43360000 tension=0.00192580 bid_drop=0.00020579 ask_drop=0.01251772
2026-07-08T10:30:37Z,296,SKIP,SKIPPED,,,,,0,radar_block,reason=momentum_too_small conf=0.001 mom_sig=0.00072843 raw_mom_bps=0.00000000 spread_bps=2.43360000 tension=0.00072843 bid_drop=0.00473480 ask_drop=0.00072661
2026-07-08T10:30:44Z,297,SKIP,SKIPPED,,,,,0,radar_block,reason=momentum_too_small conf=0.0002 mom_sig=0.00015852 raw_mom_bps=0.00000000 spread_bps=2.43360000 tension=0.00015852 bid_drop=0.00103036 ask_drop=0.00052656
2026-07-08T10:30:51Z,298,SKIP,SKIPPED,,,,,0,radar_block,reason=momentum_too_small conf=0.0009 mom_sig=0.00063958 raw_mom_bps=0.00000000 spread_bps=2.43360000 tension=0.00063958 bid_drop=0.00415727 ask_drop=0.00000000
2026-07-08T10:30:58Z,299,SKIP,SKIPPED,,,,,0,radar_block,reason=momentum_too_small conf=0.0028 mom_sig=0.00196724 raw_mom_bps=0.00000000 spread_bps=2.41740000 tension=0.00196724 bid_drop=0.01278705 ask_drop=0.00000000
2026-07-08T10:31:05Z,300,SKIP,SKIPPED,,,,,0,radar_block,reason=momentum_too_small conf=0.0003 mom_sig=0.00022180 raw_mom_bps=0.00000000 spread_bps=2.61080000 tension=0.00022180 bid_drop=0.00078641 ask_drop=0.00144172
2026-07-08T10:31:12Z,301,SKIP,SKIPPED,,,,,0,radar_block,reason=momentum_too_small conf=0.0001 mom_sig=0.00008346 raw_mom_bps=-2.61083982 spread_bps=2.61080000 tension=0.00008346 bid_drop=0.00001966 ask_drop=0.00054246
2026-07-08T10:31:19Z,302,SKIP,SKIPPED,,,,,0,impulse_resonance_wait,reason=wall_not_collapsed tension=0.64708604 bid_drop=0.00349326 ask_drop=4.20605928
2026-07-08T10:31:26Z,303,SKIP,SKIPPED,,,,,0,radar_block,reason=momentum_too_small conf=0.0003 mom_sig=0.00023355 raw_mom_bps=0.00000000 spread_bps=2.61080000 tension=0.00023355 bid_drop=0.00000000 ask_drop=0.00151807
2026-07-08T10:31:33Z,304,SKIP,SKIPPED,,,,,0,radar_block,reason=momentum_too_small conf=0.0006 mom_sig=0.00044867 raw_mom_bps=0.00000000 spread_bps=2.61080000 tension=0.00044867 bid_drop=0.00000000 ask_drop=0.00291636
2026-07-08T10:31:41Z,305,SKIP,SKIPPED,,,,,0,radar_block,reason=momentum_too_small conf=0.0008 mom_sig=0.00060918 raw_mom_bps=0.00000000 spread_bps=2.61080000 tension=0.00060918 bid_drop=0.00395970 ask_drop=0.00155270
2026-07-08T10:31:47Z,306,SKIP,SKIPPED,,,,,0,radar_block,reason=momentum_too_small conf=0.0008 mom_sig=0.00059721 raw_mom_bps=0.00000000 spread_bps=2.64310000 tension=0.00059721 bid_drop=0.00388185 ask_drop=0.00081064
2026-07-08T10:31:54Z,307,SKIP,SKIPPED,,,,,0,radar_block,reason=momentum_too_small conf=0.0001 mom_sig=0.00010381 raw_mom_bps=0.00000000 spread_bps=2.64310000 tension=0.00010381 bid_drop=0.00000000 ask_drop=0.00067474
2026-07-08T10:32:01Z,308,SKIP,SKIPPED,,,,,0,radar_block,reason=momentum_too_small conf=0.001 mom_sig=0.00073403 raw_mom_bps=0.00000000 spread_bps=2.65920000 tension=0.00073403 bid_drop=0.00425523 ask_drop=0.00477122
2026-07-08T10:32:09Z,309,SKIP,SKIPPED,,,,,0,radar_block,reason=momentum_too_small conf=0.0 mom_sig=0.00003492 raw_mom_bps=0.00000000 spread_bps=2.65920000 tension=0.00003492 bid_drop=0.00000000 ask_drop=0.00022698
2026-07-08T10:32:16Z,310,SKIP,SKIPPED,,,,,0,radar_block,reason=momentum_too_small conf=0.0013 mom_sig=0.00095272 raw_mom_bps=0.00000000 spread_bps=2.65920000 tension=0.00095272 bid_drop=0.00619268 ask_drop=0.00087290
2026-07-08T10:32:23Z,311,SKIP,SKIPPED,,,,,0,radar_block,reason=momentum_too_small conf=0.0015 mom_sig=0.00108130 raw_mom_bps=0.00000000 spread_bps=2.64310000 tension=0.00108130 bid_drop=0.00702848 ask_drop=0.00026983
2026-07-08T10:32:30Z,312,SKIP,SKIPPED,,,,,0,radar_block,reason=momentum_too_small conf=0.0002 mom_sig=0.00011640 raw_mom_bps=0.00000000 spread_bps=2.64310000 tension=0.00011640 bid_drop=0.00020083 ask_drop=0.00075659
2026-07-08T10:32:36Z,313,SKIP,SKIPPED,,,,,0,radar_block,reason=momentum_too_small conf=0.0001 mom_sig=0.00008475 raw_mom_bps=0.00000000 spread_bps=2.65920000 tension=0.00008475 bid_drop=0.00019356 ask_drop=0.00055089
2026-07-08T10:32:43Z,314,SKIP,SKIPPED,,,,,0,radar_block,reason=momentum_too_small conf=0.0001 mom_sig=0.00003417 raw_mom_bps=0.00000000 spread_bps=0.53180000 tension=0.00003417 bid_drop=0.00022213 ask_drop=0.00000000
2026-07-08T10:32:50Z,315,SKIP,SKIPPED,,,,,0,radar_block,reason=momentum_too_small conf=0.0013 mom_sig=0.00078408 raw_mom_bps=0.00000000 spread_bps=0.53180000 tension=0.00078408 bid_drop=0.00509651 ask_drop=0.00165562
2026-07-08T10:32:57Z,316,SKIP,SKIPPED,,,,,0,radar_block,reason=direction_unclear conf=0.0443 mom_sig=0.03184680 raw_mom_bps=0.00000000 spread_bps=2.65920000 tension=0.03184680 bid_drop=0.20700419 ask_drop=0.00037081
2026-07-08T10:33:05Z,317,SKIP,SKIPPED,,,,,0,radar_block,reason=direction_unclear conf=0.0311 mom_sig=0.02240076 raw_mom_bps=0.00000000 spread_bps=2.65920000 tension=0.02240076 bid_drop=0.00512207 ask_drop=0.14560493
2026-07-08T10:33:12Z,318,SKIP,SKIPPED,,,,,0,radar_block,reason=momentum_too_small conf=0.0009 mom_sig=0.00062700 raw_mom_bps=0.00000000 spread_bps=2.65920000 tension=0.00062700 bid_drop=0.00407552 ask_drop=0.00057815
2026-07-08T10:33:19Z,319,SKIP,SKIPPED,,,,,0,radar_block,reason=momentum_too_small conf=0.0003 mom_sig=0.00018688 raw_mom_bps=0.00000000 spread_bps=2.65920000 tension=0.00018688 bid_drop=0.00019440 ask_drop=0.00121474
2026-07-08T10:33:26Z,320,SKIP,SKIPPED,,,,,0,radar_block,reason=momentum_too_small conf=0.0001 mom_sig=0.00008974 raw_mom_bps=0.00000000 spread_bps=2.65920000 tension=0.00008974 bid_drop=0.00058334 ask_drop=0.00035999
2026-07-08T10:33:33Z,321,SKIP,SKIPPED,,,,,0,radar_block,reason=momentum_too_small conf=0.0008 mom_sig=0.00059994 raw_mom_bps=0.00000000 spread_bps=2.75590000 tension=0.00059994 bid_drop=0.00389964 ask_drop=0.00235599
2026-07-08T10:33:40Z,322,SKIP,SKIPPED,,,,,0,radar_block,reason=momentum_too_small conf=0.0011 mom_sig=0.00077821 raw_mom_bps=0.00000000 spread_bps=2.77200000 tension=0.00077821 bid_drop=0.00505837 ask_drop=0.00265917
2026-07-08T10:33:47Z,323,SKIP,SKIPPED,,,,,0,radar_block,reason=momentum_too_small conf=0.0001 mom_sig=0.00004865 raw_mom_bps=0.00000000 spread_bps=2.77200000 tension=0.00004865 bid_drop=0.00031621 ask_drop=0.00000000
2026-07-08T10:33:54Z,324,SKIP,SKIPPED,,,,,0,radar_block,reason=momentum_too_small conf=0.0007 mom_sig=0.00053698 raw_mom_bps=0.00000000 spread_bps=2.77200000 tension=0.00053698 bid_drop=0.00332091 ask_drop=0.00349037
2026-07-08T10:34:02Z,325,SKIP,SKIPPED,,,,,0,radar_block,reason=momentum_too_small conf=0.2894 mom_sig=0.00000000 raw_mom_bps=-2.77199830 spread_bps=2.77200000 tension=0.00000000 bid_drop=0.00000000 ask_drop=0.00000000
2026-07-08T10:34:09Z,326,SKIP,SKIPPED,,,,,0,radar_block,reason=momentum_too_small conf=0.0006 mom_sig=0.00040402 raw_mom_bps=0.00000000 spread_bps=2.77200000 tension=0.00040402 bid_drop=0.00262612 ask_drop=0.00131773
2026-07-08T10:34:16Z,327,SKIP,SKIPPED,,,,,0,radar_block,reason=momentum_too_small conf=0.0006 mom_sig=0.00044450 raw_mom_bps=0.00000000 spread_bps=2.77200000 tension=0.00044450 bid_drop=0.00288923 ask_drop=0.00162194
2026-07-08T10:34:24Z,328,SKIP,SKIPPED,,,,,0,llm_gate,reason=ollama_skip status=SKIP
2026-07-08T10:34:31Z,329,SKIP,SKIPPED,,,,,0,radar_block,reason=direction_unclear conf=0.031 mom_sig=0.02248638 raw_mom_bps=0.00000000 spread_bps=2.77200000 tension=0.02248638 bid_drop=0.00348674 ask_drop=0.14616147
2026-07-08T10:34:38Z,330,SKIP,SKIPPED,,,,,0,radar_block,reason=momentum_too_small conf=0.0008 mom_sig=0.00056092 raw_mom_bps=0.00000000 spread_bps=2.77200000 tension=0.00056092 bid_drop=0.00364598 ask_drop=0.00027416
2026-07-08T10:34:46Z,331,SKIP,SKIPPED,,,,,0,radar_block,reason=momentum_too_small conf=0.0007 mom_sig=0.00053799 raw_mom_bps=0.00000000 spread_bps=2.77200000 tension=0.00053799 bid_drop=0.00349696 ask_drop=0.00160751
2026-07-08T10:34:53Z,332,SKIP,SKIPPED,,,,,0,radar_block,reason=momentum_too_small conf=0.0003 mom_sig=0.00019026 raw_mom_bps=-2.77199830 spread_bps=2.77200000 tension=0.00019026 bid_drop=0.00066780 ask_drop=0.00123669
2026-07-08T10:35:10Z,333,SELL,FILLED,62049.10000000,62113.60000000,0.00670000,-10.39499364,-0.43215000,shock_inversion_stop,radar=short conf=0.997 size_note=strong_conf_full+entry_25_75_trap soft=0 pct=-0.10394994 tension=2.38490202 bid_drop=15.50186315 ask_drop=0.00000000
2026-07-08T10:35:19Z,334,SKIP,SKIPPED,,,,,0,radar_block,reason=momentum_too_small conf=0.0009 mom_sig=0.00053902 raw_mom_bps=0.00000000 spread_bps=0.20930000 tension=0.00053902 bid_drop=0.00350364 ask_drop=0.00143693
2026-07-08T10:35:26Z,335,SKIP,SKIPPED,,,,,0,radar_block,reason=momentum_too_small conf=0.0002 mom_sig=0.00015424 raw_mom_bps=0.00000000 spread_bps=0.46680000 tension=0.00015424 bid_drop=0.00014356 ask_drop=0.00100254
2026-07-08T10:35:33Z,336,SKIP,SKIPPED,,,,,0,radar_block,reason=momentum_too_small conf=0.001 mom_sig=0.00064918 raw_mom_bps=0.00000000 spread_bps=0.51510000 tension=0.00064918 bid_drop=0.00000000 ask_drop=0.00421965
2026-07-08T10:35:41Z,337,SKIP,SKIPPED,,,,,0,llm_gate,reason=ollama_skip status=SKIP
2026-07-08T10:35:48Z,338,SKIP,SKIPPED,,,,,0,radar_block,reason=momentum_too_small conf=0.0008 mom_sig=0.00050153 raw_mom_bps=0.00000000 spread_bps=0.20930000 tension=0.00050153 bid_drop=0.00325997 ask_drop=0.00306105
2026-07-08T10:35:55Z,339,SKIP,SKIPPED,,,,,0,radar_block,reason=momentum_too_small conf=0.0009 mom_sig=0.00057335 raw_mom_bps=0.00000000 spread_bps=0.28970000 tension=0.00057335 bid_drop=0.00000000 ask_drop=0.00372677
2026-07-08T10:36:02Z,340,SKIP,SKIPPED,,,,,0,tactic_mismatch,mom=short structure=long
2026-07-08T10:36:10Z,341,SKIP,SKIPPED,,,,,0,radar_block,reason=momentum_too_small conf=0.3489 mom_sig=0.00000000 raw_mom_bps=0.00000000 spread_bps=0.04830000 tension=0.00000000 bid_drop=0.00000000 ask_drop=0.00000000
2026-07-08T10:36:17Z,342,SKIP,SKIPPED,,,,,0,radar_block,reason=momentum_too_small conf=0.3489 mom_sig=0.00000000 raw_mom_bps=0.00000000 spread_bps=0.04830000 tension=0.00000000 bid_drop=0.00000000 ask_drop=0.00000000
2026-07-08T10:36:23Z,343,SKIP,SKIPPED,,,,,0,radar_block,reason=momentum_too_small conf=0.0006 mom_sig=0.00034148 raw_mom_bps=0.00000000 spread_bps=0.04830000 tension=0.00034148 bid_drop=0.00221962 ask_drop=0.00098544
2026-07-08T10:36:31Z,344,SKIP,SKIPPED,,,,,0,radar_block,reason=momentum_too_small conf=0.0011 mom_sig=0.00064358 raw_mom_bps=0.00000000 spread_bps=0.04830000 tension=0.00064358 bid_drop=0.00418326 ask_drop=0.00246380
2026-07-08T10:36:38Z,345,SKIP,SKIPPED,,,,,0,radar_block,reason=momentum_too_small conf=0.0002 mom_sig=0.00015166 raw_mom_bps=0.00000000 spread_bps=0.28970000 tension=0.00015166 bid_drop=0.00027929 ask_drop=0.00098577
2026-07-08T10:36:46Z,346,SKIP,SKIPPED,,,,,0,radar_block,reason=momentum_too_small conf=0.0008 mom_sig=0.00053083 raw_mom_bps=0.00000000 spread_bps=0.77260000 tension=0.00053083 bid_drop=0.00000000 ask_drop=0.00345038
2026-07-08T10:36:53Z,347,SKIP,SKIPPED,,,,,0,impulse_resonance_wait,reason=wall_not_collapsed tension=0.85654680 bid_drop=5.56755422 ask_drop=0.00000000
2026-07-08T10:37:01Z,348,SKIP,SKIPPED,,,,,0,llm_gate,reason=ollama_skip status=SKIP
2026-07-08T10:37:09Z,349,SKIP,SKIPPED,,,,,0,llm_gate,reason=ollama_skip status=SKIP
2026-07-08T10:37:16Z,350,SKIP,SKIPPED,,,,,0,radar_block,reason=momentum_too_small conf=0.0001 mom_sig=0.00007646 raw_mom_bps=0.00000000 spread_bps=0.06440000 tension=0.00007646 bid_drop=0.00049702 ask_drop=0.00000000
2026-07-08T10:37:23Z,351,SKIP,SKIPPED,,,,,0,impulse_resonance_wait,reason=wall_not_collapsed tension=0.25741952 bid_drop=0.00000000 ask_drop=1.67322685
2026-07-08T10:37:31Z,352,SKIP,SKIPPED,,,,,0,radar_block,reason=momentum_too_small conf=0.3493 mom_sig=0.00000000 raw_mom_bps=0.00000000 spread_bps=0.03220000 tension=0.00000000 bid_drop=0.00000000 ask_drop=0.00000000
2026-07-08T10:37:38Z,353,SKIP,SKIPPED,,,,,0,radar_block,reason=momentum_too_small conf=0.0001 mom_sig=0.00008829 raw_mom_bps=0.00000000 spread_bps=0.06440000 tension=0.00008829 bid_drop=0.00032325 ask_drop=0.00057391
2026-07-08T10:37:45Z,354,SKIP,SKIPPED,,,,,0,radar_block,reason=momentum_too_small conf=0.0008 mom_sig=0.00046296 raw_mom_bps=0.00000000 spread_bps=0.06440000 tension=0.00046296 bid_drop=0.00000000 ask_drop=0.00300924
2026-07-08T10:37:53Z,355,SKIP,SKIPPED,,,,,0,radar_block,reason=momentum_too_small conf=0.0001 mom_sig=0.00003661 raw_mom_bps=0.00000000 spread_bps=0.06440000 tension=0.00003661 bid_drop=0.00023797 ask_drop=0.00000000
2026-07-08T10:38:01Z,356,SKIP,SKIPPED,,,,,0,llm_gate,reason=ollama_skip status=SKIP
2026-07-08T10:38:08Z,357,SKIP,SKIPPED,,,,,0,radar_block,reason=momentum_too_small conf=0.0001 mom_sig=0.00005781 raw_mom_bps=0.00000000 spread_bps=0.06440000 tension=0.00005781 bid_drop=0.00037578 ask_drop=0.00000000
2026-07-08T10:38:16Z,358,SKIP,SKIPPED,,,,,0,llm_gate,reason=ollama_skip status=SKIP
2026-07-08T10:38:33Z,359,SELL,FILLED,62123.80000000,62124.20000000,0.00950000,-0.06438756,-0.00380000,shock_inversion_stop,radar=long conf=0.996 size_note=strong_conf_full+entry_25_75_full soft=0 pct=-0.00064388 tension=1.01170882 bid_drop=6.57610730 ask_drop=0.00000000
2026-07-08T10:38:41Z,360,SKIP,SKIPPED,,,,,0,radar_block,reason=momentum_too_small conf=0.3486 mom_sig=0.00000000 raw_mom_bps=0.00000000 spread_bps=0.06440000 tension=0.00000000 bid_drop=0.00000000 ask_drop=0.00000000
2026-07-08T10:38:48Z,361,SKIP,SKIPPED,,,,,0,radar_block,reason=momentum_too_small conf=0.0002 mom_sig=0.00013992 raw_mom_bps=0.00000000 spread_bps=1.60970000 tension=0.00013992 bid_drop=0.00023159 ask_drop=0.00090947
2026-07-08T10:38:54Z,362,SKIP,SKIPPED,,,,,0,radar_block,reason=momentum_too_small conf=0.0002 mom_sig=0.00013423 raw_mom_bps=0.00000000 spread_bps=1.77070000 tension=0.00013423 bid_drop=0.00087247 ask_drop=0.00000000
2026-07-08T10:39:03Z,363,SKIP,SKIPPED,,,,,0,llm_gate,reason=ollama_skip status=SKIP
2026-07-08T10:39:10Z,364,SKIP,SKIPPED,,,,,0,radar_block,reason=momentum_too_small conf=0.0001 mom_sig=0.00015068 raw_mom_bps=0.00000000 spread_bps=7.38840000 tension=0.00015068 bid_drop=0.00000000 ask_drop=0.00097941
2026-07-08T10:39:16Z,365,SKIP,SKIPPED,,,,,0,radar_block,reason=momentum_too_small conf=0.0001 mom_sig=0.00006694 raw_mom_bps=-4.02576490 spread_bps=4.08860000 tension=0.00006694 bid_drop=0.00043509 ask_drop=0.00000000
2026-07-08T10:39:24Z,366,SKIP,SKIPPED,,,,,0,radar_block,reason=direction_unclear conf=0.1431 mom_sig=0.17002390 raw_mom_bps=0.00000000 spread_bps=7.91960000 tension=0.17002390 bid_drop=1.10515533 ask_drop=0.00240000
2026-07-08T10:39:31Z,367,SKIP,SKIPPED,,,,,0,impulse_resonance_wait,reason=wall_not_collapsed tension=0.54852295 bid_drop=3.56539915 ask_drop=0.00000000
2026-07-08T10:39:40Z,368,SKIP,SKIPPED,,,,,0,radar_block,reason=spread_too_wide conf=0.1753 mom_sig=0.21033449 raw_mom_bps=0.00000000 spread_bps=8.27370000 tension=0.21033449 bid_drop=1.36717420 ask_drop=0.00000000
2026-07-08T10:39:47Z,369,SKIP,SKIPPED,,,,,0,radar_block,reason=direction_unclear conf=0.0429 mom_sig=0.03612332 raw_mom_bps=2.19078517 spread_bps=4.60370000 tension=0.03612332 bid_drop=0.23480157 ask_drop=0.00093670
2026-07-08T10:39:54Z,370,SKIP,SKIPPED,,,,,0,radar_block,reason=momentum_too_small conf=0.2479 mom_sig=0.00000000 raw_mom_bps=0.00000000 spread_bps=4.66810000 tension=0.00000000 bid_drop=0.00000000 ask_drop=0.00000000
2026-07-08T10:40:12Z,371,SELL,FILLED,62109.20000000,62099.60000000,0.00950000,1.54566473,0.09120000,shock_inversion_stop,radar=long conf=0.7515 size_note=strong_conf_full+entry_25_75_full soft=0 pct=0.01545665 tension=3.06639866 bid_drop=19.93159128 ask_drop=0.00007847
2026-07-08T10:40:19Z,372,SKIP,SKIPPED,,,,,0,radar_block,reason=momentum_too_small conf=0.0017 mom_sig=0.00110473 raw_mom_bps=0.00000000 spread_bps=1.44870000 tension=0.00110473 bid_drop=0.00161475 ask_drop=0.00718075
2026-07-08T10:40:26Z,373,SKIP,SKIPPED,,,,,0,radar_block,reason=momentum_too_small conf=0.2908 mom_sig=0.00000000 raw_mom_bps=0.48299690 spread_bps=2.70430000 tension=0.00000000 bid_drop=0.00000000 ask_drop=0.00000000
2026-07-08T10:40:34Z,374,SKIP,SKIPPED,,,,,0,radar_block,reason=momentum_too_small conf=0.0011 mom_sig=0.00080072 raw_mom_bps=0.00000000 spread_bps=2.25360000 tension=0.00080072 bid_drop=0.00520466 ask_drop=0.00000000
2026-07-08T10:40:41Z,375,SKIP,SKIPPED,,,,,0,radar_block,reason=momentum_too_small conf=0.0069 mom_sig=0.00554379 raw_mom_bps=0.00000000 spread_bps=3.97590000 tension=0.00554379 bid_drop=0.03603464 ask_drop=0.00103281
2026-07-08T10:40:48Z,376,SKIP,SKIPPED,,,,,0,radar_block,reason=momentum_too_small conf=0.0005 mom_sig=0.00031724 raw_mom_bps=0.00000000 spread_bps=2.31790000 tension=0.00031724 bid_drop=0.00206204 ask_drop=0.00103338
2026-07-08T10:40:55Z,377,SKIP,SKIPPED,,,,,0,radar_block,reason=momentum_too_small conf=0.0002 mom_sig=0.00015142 raw_mom_bps=0.00000000 spread_bps=2.31790000 tension=0.00015142 bid_drop=0.00000000 ask_drop=0.00098424
2026-07-08T10:41:02Z,378,SKIP,SKIPPED,,,,,0,impulse_resonance_wait,reason=wall_not_collapsed tension=0.33554071 bid_drop=2.18101461 ask_drop=0.00000000
2026-07-08T10:41:21Z,379,SELL,FILLED,62109.80000000,62109.80000000,0.00480000,-0.00000000,-0.00000000,shock_inversion_stop,radar=short conf=0.8551 size_note=strong_conf_full+entry_25_75_full soft=1 pct=-0.00000000 tension=2.07226744 bid_drop=13.46973834 ask_drop=0.00098460
2026-07-08T10:41:30Z,380,SKIP,SKIPPED,,,,,0,radar_block,reason=momentum_too_small conf=0.0002 mom_sig=0.00015163 raw_mom_bps=0.00000000 spread_bps=1.85120000 tension=0.00015163 bid_drop=0.00000000 ask_drop=0.00098559
2026-07-08T10:41:37Z,381,SKIP,SKIPPED,,,,,0,radar_block,reason=momentum_too_small conf=0.0002 mom_sig=0.00015164 raw_mom_bps=-0.06438715 spread_bps=2.31790000 tension=0.00015164 bid_drop=0.00000000 ask_drop=0.00098569
2026-07-08T10:41:46Z,382,SKIP,SKIPPED,,,,,0,radar_block,reason=momentum_too_small conf=0.0002 mom_sig=0.00016395 raw_mom_bps=0.00000000 spread_bps=3.47690000 tension=0.00016395 bid_drop=0.00106567 ask_drop=0.00098595
2026-07-08T10:41:54Z,383,SKIP,SKIPPED,,,,,0,radar_block,reason=momentum_too_small conf=0.2739 mom_sig=0.00000000 raw_mom_bps=0.00000000 spread_bps=3.47690000 tension=0.00000000 bid_drop=0.00000000 ask_drop=0.00000000
2026-07-08T10:42:02Z,384,SKIP,SKIPPED,,,,,0,impulse_resonance_wait,reason=wall_not_collapsed tension=0.41467712 bid_drop=2.69540125 ask_drop=0.00197221
2026-07-08T10:42:09Z,385,SKIP,SKIPPED,,,,,0,radar_block,reason=momentum_too_small conf=0.0002 mom_sig=0.00015172 raw_mom_bps=0.00000000 spread_bps=3.52520000 tension=0.00015172 bid_drop=0.00000000 ask_drop=0.00098620
2026-07-08T10:42:16Z,386,SKIP,SKIPPED,,,,,0,radar_block,reason=direction_unclear conf=0.2351 mom_sig=0.18114568 raw_mom_bps=0.00000000 spread_bps=3.54130000 tension=0.18114568 bid_drop=1.17744691 ask_drop=0.00103581
2026-07-08T10:42:22Z,387,SKIP,SKIPPED,,,,,0,radar_block,reason=momentum_too_small conf=0.0002 mom_sig=0.00016730 raw_mom_bps=1.81957834 spread_bps=1.70630000 tension=0.00016730 bid_drop=0.00108745 ask_drop=0.00098650
2026-07-08T10:42:29Z,388,SKIP,SKIPPED,,,,,0,radar_block,reason=momentum_too_small conf=0.0004 mom_sig=0.00022768 raw_mom_bps=0.00000000 spread_bps=0.67610000 tension=0.00022768 bid_drop=0.00000000 ask_drop=0.00147991
2026-07-08T10:42:37Z,389,SKIP,SKIPPED,,,,,0,radar_block,reason=momentum_too_small conf=0.3352 mom_sig=0.00000000 raw_mom_bps=0.00000000 spread_bps=0.67610000 tension=0.00000000 bid_drop=0.00000000 ask_drop=0.00000000
2026-07-08T10:42:46Z,390,SKIP,SKIPPED,,,,,0,llm_gate,reason=ollama_skip status=SKIP
2026-07-08T10:42:55Z,391,SKIP,SKIPPED,,,,,0,llm_gate,reason=ollama_skip status=SKIP
2026-07-08T10:43:02Z,392,SKIP,SKIPPED,,,,,0,radar_block,reason=momentum_too_small conf=0.0002 mom_sig=0.00018186 raw_mom_bps=-1.27162159 spread_bps=3.33200000 tension=0.00018186 bid_drop=0.00092189 ask_drop=0.00118206
2026-07-08T10:43:09Z,393,SKIP,SKIPPED,,,,,0,radar_block,reason=momentum_too_small conf=0.0004 mom_sig=0.00027281 raw_mom_bps=0.00000000 spread_bps=3.33200000 tension=0.00027281 bid_drop=0.00000000 ask_drop=0.00177324
2026-07-08T10:43:16Z,394,SKIP,SKIPPED,,,,,0,radar_block,reason=momentum_too_small conf=0.0 mom_sig=0.00000422 raw_mom_bps=0.00000000 spread_bps=0.67610000 tension=0.00000422 bid_drop=0.00002746 ask_drop=0.00000000
2026-07-08T10:43:23Z,395,SKIP,SKIPPED,,,,,0,impulse_resonance_wait,reason=wall_not_collapsed tension=0.28032561 bid_drop=1.82211647 ask_drop=0.00236520
2026-07-08T10:43:30Z,396,SKIP,SKIPPED,,,,,0,impulse_resonance_wait,reason=wall_not_collapsed tension=0.81996207 bid_drop=5.32975344 ask_drop=0.00131597
2026-07-08T10:43:37Z,397,SKIP,SKIPPED,,,,,0,radar_block,reason=momentum_too_small conf=0.0003 mom_sig=0.00018202 raw_mom_bps=3.33308107 spread_bps=1.31990000 tension=0.00018202 bid_drop=0.00061066 ask_drop=0.00118310
2026-07-08T10:43:44Z,398,SKIP,SKIPPED,,,,,0,radar_block,reason=momentum_too_small conf=0.0003 mom_sig=0.00023316 raw_mom_bps=0.00000000 spread_bps=3.33200000 tension=0.00023316 bid_drop=0.00064582 ask_drop=0.00151557
2026-07-08T10:43:51Z,399,SKIP,SKIPPED,,,,,0,radar_block,reason=momentum_too_small conf=0.0005 mom_sig=0.00037254 raw_mom_bps=0.00000000 spread_bps=3.33200000 tension=0.00037254 bid_drop=0.00000000 ask_drop=0.00242154
2026-07-08T10:43:59Z,400,SKIP,SKIPPED,,,,,0,radar_block,reason=momentum_too_small conf=0.0002 mom_sig=0.00018210 raw_mom_bps=0.00000000 spread_bps=3.33200000 tension=0.00018210 bid_drop=0.00064596 ask_drop=0.00118368
2026-07-08T10:44:06Z,401,SKIP,SKIPPED,,,,,0,radar_block,reason=momentum_too_small conf=0.0003 mom_sig=0.00023096 raw_mom_bps=0.00000000 spread_bps=2.70420000 tension=0.00023096 bid_drop=0.00150126 ask_drop=0.00000000
2026-07-08T10:44:14Z,402,SKIP,SKIPPED,,,,,0,radar_block,reason=momentum_too_small conf=0.0 mom_sig=0.00000825 raw_mom_bps=0.00000000 spread_bps=1.70620000 tension=0.00000825 bid_drop=0.00000000 ask_drop=0.00005363
2026-07-08T10:44:22Z,403,SKIP,SKIPPED,,,,,0,radar_block,reason=momentum_too_small conf=0.0003 mom_sig=0.00018337 raw_mom_bps=0.00000000 spread_bps=2.15690000 tension=0.00018337 bid_drop=0.00096917 ask_drop=0.00119189
2026-07-08T10:44:28Z,404,SKIP,SKIPPED,,,,,0,radar_block,reason=momentum_too_small conf=0.0002 mom_sig=0.00018338 raw_mom_bps=0.00000000 spread_bps=3.33200000 tension=0.00018338 bid_drop=0.00000000 ask_drop=0.00119197
2026-07-08T10:44:35Z,405,SKIP,SKIPPED,,,,,0,impulse_resonance_wait,reason=wall_not_collapsed tension=0.82193295 bid_drop=5.34256420 ask_drop=0.00357618
2026-07-08T10:44:44Z,406,SKIP,SKIPPED,,,,,0,radar_block,reason=momentum_too_small conf=0.0003 mom_sig=0.00021283 raw_mom_bps=0.00000000 spread_bps=3.33200000 tension=0.00021283 bid_drop=0.00064624 ask_drop=0.00138340
2026-07-08T10:44:52Z,407,SKIP,SKIPPED,,,,,0,radar_block,reason=momentum_too_small conf=0.0005 mom_sig=0.00036698 raw_mom_bps=-3.33197050 spread_bps=3.33200000 tension=0.00036698 bid_drop=0.00160253 ask_drop=0.00238539
2026-07-08T10:45:00Z,408,SKIP,SKIPPED,,,,,0,llm_gate,reason=ollama_skip status=SKIP
2026-07-08T10:45:07Z,409,SKIP,SKIPPED,,,,,0,radar_block,reason=momentum_too_small conf=0.0006 mom_sig=0.00036274 raw_mom_bps=-0.19315771 spread_bps=0.19320000 tension=0.00036274 bid_drop=0.00235779 ask_drop=0.00116477
2026-07-08T10:45:16Z,410,SKIP,SKIPPED,,,,,0,llm_gate,reason=ollama_skip status=SKIP
2026-07-08T10:45:25Z,411,SKIP,SKIPPED,,,,,0,radar_block,reason=direction_unclear conf=0.0913 mom_sig=0.05546423 raw_mom_bps=0.00000000 spread_bps=0.19320000 tension=0.05546423 bid_drop=0.36051752 ask_drop=0.00017959
2026-07-08T10:45:32Z,412,SKIP,SKIPPED,,,,,0,radar_block,reason=momentum_too_small conf=0.0006 mom_sig=0.00036231 raw_mom_bps=0.00000000 spread_bps=0.19320000 tension=0.00036231 bid_drop=0.00235499 ask_drop=0.00197585
2026-07-08T10:45:40Z,413,SKIP,SKIPPED,,,,,0,impulse_resonance_wait,reason=wall_not_collapsed tension=0.60789143 bid_drop=3.95129431 ask_drop=0.00005988
2026-07-08T10:45:46Z,414,SKIP,SKIPPED,,,,,0,radar_block,reason=momentum_too_small conf=0.0004 mom_sig=0.00022164 raw_mom_bps=0.00000000 spread_bps=0.19320000 tension=0.00022164 bid_drop=0.00127223 ask_drop=0.00144064
2026-07-08T10:45:53Z,415,SKIP,SKIPPED,,,,,0,radar_block,reason=momentum_too_small conf=0.0009 mom_sig=0.00061059 raw_mom_bps=0.00000000 spread_bps=2.22130000 tension=0.00061059 bid_drop=0.00190237 ask_drop=0.00396882
2026-07-08T10:46:01Z,416,SKIP,SKIPPED,,,,,0,radar_block,reason=momentum_too_small conf=0.0003 mom_sig=0.00018867 raw_mom_bps=0.00000000 spread_bps=2.22130000 tension=0.00018867 bid_drop=0.00090599 ask_drop=0.00122637
2026-07-08T10:46:08Z,417,SKIP,SKIPPED,,,,,0,impulse_resonance_wait,reason=wall_not_collapsed tension=0.31820598 bid_drop=0.00101930 ask_drop=2.06833888
2026-07-08T10:46:14Z,418,SKIP,SKIPPED,,,,,0,radar_block,reason=momentum_too_small conf=0.0005 mom_sig=0.00031752 raw_mom_bps=0.00000000 spread_bps=1.70620000 tension=0.00031752 bid_drop=0.00206390 ask_drop=0.00153341
2026-07-08T10:46:21Z,419,SKIP,SKIPPED,,,,,0,radar_block,reason=momentum_too_small conf=0.0007 mom_sig=0.00049734 raw_mom_bps=0.00000000 spread_bps=2.22130000 tension=0.00049734 bid_drop=0.00196085 ask_drop=0.00323268
2026-07-08T10:46:28Z,420,SKIP,SKIPPED,,,,,0,radar_block,reason=momentum_too_small conf=0.0003 mom_sig=0.00022375 raw_mom_bps=0.00000000 spread_bps=2.22130000 tension=0.00022375 bid_drop=0.00145435 ask_drop=0.00043104
2026-07-08T10:46:37Z,421,SKIP,SKIPPED,,,,,0,llm_gate,reason=ollama_skip status=SKIP
2026-07-08T10:46:45Z,422,SKIP,SKIPPED,,,,,0,llm_gate,reason=ollama_skip status=SKIP
2026-07-08T10:46:52Z,423,SKIP,SKIPPED,,,,,0,radar_block,reason=momentum_too_small conf=0.3014 mom_sig=0.00000000 raw_mom_bps=-0.01609710 spread_bps=2.22130000 tension=0.00000000 bid_drop=0.00000000 ask_drop=0.00000000
2026-07-08T10:46:58Z,424,SKIP,SKIPPED,,,,,0,radar_block,reason=momentum_too_small conf=0.0 mom_sig=0.00000660 raw_mom_bps=0.00000000 spread_bps=2.22130000 tension=0.00000660 bid_drop=0.00000000 ask_drop=0.00004287
2026-07-08T10:47:05Z,425,SKIP,SKIPPED,,,,,0,impulse_resonance_wait,reason=wall_not_collapsed tension=0.73513212 bid_drop=0.68411979 ask_drop=4.77835875
2026-07-08T10:47:12Z,426,SKIP,SKIPPED,,,,,0,radar_block,reason=momentum_too_small conf=0.0 mom_sig=0.00002474 raw_mom_bps=0.00000000 spread_bps=2.22130000 tension=0.00002474 bid_drop=0.00000000 ask_drop=0.00016080
2026-07-08T10:47:19Z,427,SKIP,SKIPPED,,,,,0,radar_block,reason=momentum_too_small conf=0.0007 mom_sig=0.00045782 raw_mom_bps=0.00000000 spread_bps=2.25350000 tension=0.00045782 bid_drop=0.00114373 ask_drop=0.00297586
2026-07-08T10:47:26Z,428,SKIP,SKIPPED,,,,,0,impulse_resonance_wait,reason=wall_not_collapsed tension=0.55523765 bid_drop=3.60904475 ask_drop=0.00359805
2026-07-08T10:47:34Z,429,SKIP,SKIPPED,,,,,0,radar_block,reason=momentum_too_small conf=0.0058 mom_sig=0.00406176 raw_mom_bps=0.00000000 spread_bps=2.25350000 tension=0.00406176 bid_drop=0.00245954 ask_drop=0.02640143
2026-07-08T10:47:41Z,430,SKIP,SKIPPED,,,,,0,radar_block,reason=momentum_too_small conf=0.0003 mom_sig=0.00021820 raw_mom_bps=0.00000000 spread_bps=2.25350000 tension=0.00021820 bid_drop=0.00014193 ask_drop=0.00141827
2026-07-08T10:47:48Z,431,SKIP,SKIPPED,,,,,0,radar_block,reason=momentum_too_small conf=0.0005 mom_sig=0.00030767 raw_mom_bps=0.00000000 spread_bps=1.51320000 tension=0.00030767 bid_drop=0.00141918 ask_drop=0.00199983
2026-07-08T10:47:56Z,432,SKIP,SKIPPED,,,,,0,radar_block,reason=momentum_too_small conf=0.0003 mom_sig=0.00020058 raw_mom_bps=0.00000000 spread_bps=1.83510000 tension=0.00020058 bid_drop=0.00000000 ask_drop=0.00130374
2026-07-08T10:48:02Z,433,SKIP,SKIPPED,,,,,0,impulse_resonance_wait,reason=wall_not_collapsed tension=0.78407424 bid_drop=5.09648259 ask_drop=0.00121789
2026-07-08T10:48:09Z,434,SKIP,SKIPPED,,,,,0,radar_block,reason=momentum_too_small conf=0.0001 mom_sig=0.00008272 raw_mom_bps=0.00000000 spread_bps=1.99610000 tension=0.00008272 bid_drop=0.00053766 ask_drop=0.00019131
2026-07-08T10:48:17Z,435,SKIP,SKIPPED,,,,,0,radar_block,reason=momentum_too_small conf=0.0003 mom_sig=0.00022070 raw_mom_bps=0.00000000 spread_bps=2.04440000 tension=0.00022070 bid_drop=0.00026195 ask_drop=0.00143454
2026-07-08T10:48:24Z,436,SKIP,SKIPPED,,,,,0,radar_block,reason=momentum_too_small conf=0.0003 mom_sig=0.00023551 raw_mom_bps=0.00000000 spread_bps=2.23760000 tension=0.00023551 bid_drop=0.00000000 ask_drop=0.00153080
2026-07-08T10:48:31Z,437,SKIP,SKIPPED,,,,,0,radar_block,reason=momentum_too_small conf=0.0006 mom_sig=0.00043378 raw_mom_bps=0.00000000 spread_bps=2.25370000 tension=0.00043378 bid_drop=0.00281954 ask_drop=0.00216887
2026-07-08T10:48:39Z,438,SKIP,SKIPPED,,,,,0,impulse_resonance_wait,reason=wall_not_collapsed tension=0.47931052 bid_drop=3.11551840 ask_drop=0.00178170
2026-07-08T10:48:45Z,439,SKIP,SKIPPED,,,,,0,radar_block,reason=momentum_too_small conf=0.2986 mom_sig=0.00000000 raw_mom_bps=0.00000000 spread_bps=2.35020000 tension=0.00000000 bid_drop=0.00000000 ask_drop=0.00000000
2026-07-08T10:48:52Z,440,SKIP,SKIPPED,,,,,0,impulse_resonance_wait,reason=wall_not_collapsed tension=0.33804492 bid_drop=0.00101460 ask_drop=2.19729199
2026-07-08T10:48:59Z,441,SKIP,SKIPPED,,,,,0,radar_block,reason=momentum_too_small conf=0.0011 mom_sig=0.00067774 raw_mom_bps=0.00000000 spread_bps=0.90170000 tension=0.00067774 bid_drop=0.00000000 ask_drop=0.00440534
2026-07-08T10:49:06Z,442,SKIP,SKIPPED,,,,,0,radar_block,reason=momentum_too_small conf=0.0001 mom_sig=0.00007135 raw_mom_bps=0.00000000 spread_bps=0.93390000 tension=0.00007135 bid_drop=0.00046377 ask_drop=0.00022030
2026-07-08T10:49:14Z,443,SKIP,SKIPPED,,,,,0,radar_block,reason=momentum_too_small conf=0.0008 mom_sig=0.00049151 raw_mom_bps=0.00000000 spread_bps=0.99830000 tension=0.00049151 bid_drop=0.00000000 ask_drop=0.00319479
2026-07-08T10:49:21Z,444,SKIP,SKIPPED,,,,,0,radar_block,reason=momentum_too_small conf=0.0005 mom_sig=0.00034371 raw_mom_bps=0.00000000 spread_bps=0.85340000 tension=0.00034371 bid_drop=0.00000000 ask_drop=0.00223409
2026-07-08T10:49:28Z,445,SKIP,SKIPPED,,,,,0,radar_block,reason=direction_unclear conf=0.2384 mom_sig=0.15489143 raw_mom_bps=0.00000000 spread_bps=1.22370000 tension=0.15489143 bid_drop=1.00679429 ask_drop=0.00000000
2026-07-08T10:49:35Z,446,SKIP,SKIPPED,,,,,0,radar_block,reason=direction_unclear conf=0.1823 mom_sig=0.11844084 raw_mom_bps=0.00000000 spread_bps=1.22370000 tension=0.11844084 bid_drop=0.76986546 ask_drop=0.00321300
2026-07-08T10:49:42Z,447,SKIP,SKIPPED,,,,,0,impulse_resonance_wait,reason=wall_not_collapsed tension=0.48449144 bid_drop=3.14919439 ask_drop=0.00449911
2026-07-08T10:49:49Z,448,SKIP,SKIPPED,,,,,0,radar_block,reason=momentum_too_small conf=0.0001 mom_sig=0.00003627 raw_mom_bps=0.00000000 spread_bps=1.27200000 tension=0.00003627 bid_drop=0.00023573 ask_drop=0.00000000
2026-07-08T10:49:56Z,449,SKIP,SKIPPED,,,,,0,radar_block,reason=momentum_too_small conf=0.0008 mom_sig=0.00049477 raw_mom_bps=0.00000000 spread_bps=1.22370000 tension=0.00049477 bid_drop=0.00083148 ask_drop=0.00321601
2026-07-08T10:50:03Z,450,SKIP,SKIPPED,,,,,0,impulse_resonance_wait,reason=wall_not_collapsed tension=0.50776145 bid_drop=0.00197707 ask_drop=3.30044941
2026-07-08T10:50:22Z,451,SELL,FILLED,62110.40000000,62125.60000000,0.00950000,-2.44725521,-0.14440000,shock_inversion_stop,radar=short conf=0.8662 size_note=strong_conf_full+entry_25_75_full soft=0 pct=-0.02447255 tension=4.39311591 bid_drop=0.00000000 ask_drop=28.55525344
2026-07-08T10:50:29Z,452,SKIP,SKIPPED,,,,,0,impulse_resonance_wait,reason=wall_not_collapsed tension=0.69225672 bid_drop=0.00143846 ask_drop=4.49966867
2026-07-08T10:50:37Z,453,SKIP,SKIPPED,,,,,0,radar_block,reason=momentum_too_small conf=0.0004 mom_sig=0.00033980 raw_mom_bps=0.00000000 spread_bps=4.04020000 tension=0.00033980 bid_drop=0.00127416 ask_drop=0.00220867
2026-07-08T10:50:44Z,454,SKIP,SKIPPED,,,,,0,radar_block,reason=momentum_too_small conf=0.0002 mom_sig=0.00014949 raw_mom_bps=0.00000000 spread_bps=0.67630000 tension=0.00014949 bid_drop=0.00097171 ask_drop=0.00000000
2026-07-08T10:50:52Z,455,SKIP,SKIPPED,,,,,0,llm_gate,reason=ollama_skip status=SKIP
2026-07-08T10:50:59Z,456,SKIP,SKIPPED,,,,,0,radar_block,reason=momentum_too_small conf=0.0003 mom_sig=0.00018983 raw_mom_bps=0.00000000 spread_bps=0.01610000 tension=0.00018983 bid_drop=0.00123392 ask_drop=0.00000000
2026-07-08T10:51:08Z,457,SKIP,SKIPPED,,,,,0,llm_gate,reason=ollama_skip status=SKIP
2026-07-08T10:51:16Z,458,SKIP,SKIPPED,,,,,0,llm_gate,reason=ollama_skip status=SKIP
2026-07-08T10:51:23Z,459,SKIP,SKIPPED,,,,,0,radar_block,reason=momentum_too_small conf=0.0003 mom_sig=0.00025783 raw_mom_bps=0.00000000 spread_bps=3.87930000 tension=0.00025783 bid_drop=0.00088455 ask_drop=0.00167587
2026-07-08T10:51:31Z,460,SKIP,SKIPPED,,,,,0,radar_block,reason=momentum_too_small conf=0.2637 mom_sig=0.00000000 raw_mom_bps=0.00000000 spread_bps=3.94370000 tension=0.00000000 bid_drop=0.00000000 ask_drop=0.00000000
2026-07-08T10:51:38Z,461,SKIP,SKIPPED,,,,,0,radar_block,reason=momentum_too_small conf=0.0034 mom_sig=0.00258457 raw_mom_bps=0.00000000 spread_bps=3.38050000 tension=0.00258457 bid_drop=0.00000000 ask_drop=0.01679970
2026-07-08T10:51:45Z,462,SKIP,SKIPPED,,,,,0,radar_block,reason=momentum_too_small conf=0.0008 mom_sig=0.00060994 raw_mom_bps=0.00000000 spread_bps=3.38050000 tension=0.00060994 bid_drop=0.00121249 ask_drop=0.00396461
2026-07-08T10:51:52Z,463,SKIP,SKIPPED,,,,,0,radar_block,reason=momentum_too_small conf=0.0004 mom_sig=0.00029759 raw_mom_bps=3.38163162 spread_bps=3.38050000 tension=0.00029759 bid_drop=0.00193434 ask_drop=0.00014453
2026-07-08T10:52:01Z,464,SKIP,SKIPPED,,,,,0,impulse_resonance_wait,reason=wall_not_collapsed tension=0.82147098 bid_drop=5.33956139 ask_drop=0.00097070
2026-07-08T10:52:07Z,465,SKIP,SKIPPED,,,,,0,impulse_resonance_wait,reason=wall_not_collapsed tension=0.51325641 bid_drop=3.33616664 ask_drop=0.00045547
2026-07-08T10:52:14Z,466,SKIP,SKIPPED,,,,,0,radar_block,reason=momentum_too_small conf=0.0004 mom_sig=0.00021623 raw_mom_bps=0.00000000 spread_bps=0.01610000 tension=0.00021623 bid_drop=0.00140547 ask_drop=0.00000000
2026-07-08T10:52:21Z,467,SKIP,SKIPPED,,,,,0,impulse_resonance_wait,reason=wall_not_collapsed tension=0.59169280 bid_drop=0.00106482 ask_drop=3.84600318
2026-07-08T10:52:28Z,468,SKIP,SKIPPED,,,,,0,impulse_resonance_wait,reason=wall_not_collapsed tension=0.73301573 bid_drop=0.03940025 ask_drop=4.76460223
2026-07-08T10:52:34Z,469,SKIP,SKIPPED,,,,,0,radar_block,reason=momentum_too_small conf=0.0003 mom_sig=0.00021566 raw_mom_bps=0.00000000 spread_bps=4.07240000 tension=0.00021566 bid_drop=0.00012825 ask_drop=0.00140181
2026-07-08T10:52:42Z,470,SKIP,SKIPPED,,,,,0,llm_gate,reason=ollama_skip status=SKIP
2026-07-08T10:52:49Z,471,SKIP,SKIPPED,,,,,0,radar_block,reason=momentum_too_small conf=0.2609 mom_sig=0.00000000 raw_mom_bps=0.00000000 spread_bps=4.07240000 tension=0.00000000 bid_drop=0.00000000 ask_drop=0.00000000
2026-07-08T10:52:57Z,472,SKIP,SKIPPED,,,,,0,radar_block,reason=momentum_too_small conf=0.0003 mom_sig=0.00025132 raw_mom_bps=0.00000000 spread_bps=4.07240000 tension=0.00025132 bid_drop=0.00000000 ask_drop=0.00163358
2026-07-08T10:53:04Z,473,SKIP,SKIPPED,,,,,0,radar_block,reason=momentum_too_small conf=0.0001 mom_sig=0.00007237 raw_mom_bps=0.00000000 spread_bps=4.07240000 tension=0.00007237 bid_drop=0.00024828 ask_drop=0.00047041
2026-07-08T10:53:11Z,474,SKIP,SKIPPED,,,,,0,radar_block,reason=momentum_too_small conf=0.0007 mom_sig=0.00056631 raw_mom_bps=0.00000000 spread_bps=3.95970000 tension=0.00056631 bid_drop=0.00211052 ask_drop=0.00368101
2026-07-08T10:53:20Z,475,SKIP,SKIPPED,,,,,0,radar_block,reason=momentum_too_small conf=0.0003 mom_sig=0.00026041 raw_mom_bps=0.00000000 spread_bps=3.95970000 tension=0.00026041 bid_drop=0.00169265 ask_drop=0.00127165
2026-07-08T10:53:27Z,476,SKIP,SKIPPED,,,,,0,radar_block,reason=momentum_too_small conf=0.2634 mom_sig=0.00000000 raw_mom_bps=-3.95972031 spread_bps=3.95970000 tension=0.00000000 bid_drop=0.00000000 ask_drop=0.00000000
2026-07-08T10:53:35Z,477,SKIP,SKIPPED,,,,,0,radar_block,reason=momentum_too_small conf=0.0005 mom_sig=0.00032165 raw_mom_bps=0.00000000 spread_bps=0.12880000 tension=0.00032165 bid_drop=0.00082793 ask_drop=0.00209075
2026-07-08T10:53:41Z,478,SKIP,SKIPPED,,,,,0,radar_block,reason=momentum_too_small conf=0.0002 mom_sig=0.00019552 raw_mom_bps=3.96128887 spread_bps=4.08850000 tension=0.00019552 bid_drop=0.00078230 ask_drop=0.00127087
2026-07-08T10:53:48Z,479,SKIP,SKIPPED,,,,,0,radar_block,reason=momentum_too_small conf=0.2606 mom_sig=0.00000000 raw_mom_bps=0.00000000 spread_bps=4.08850000 tension=0.00000000 bid_drop=0.00000000 ask_drop=0.00000000
2026-07-08T10:53:56Z,480,SKIP,SKIPPED,,,,,0,impulse_resonance_wait,reason=wall_not_collapsed tension=0.53825820 bid_drop=0.00430310 ask_drop=3.49867833
2026-07-08T10:54:03Z,481,SKIP,SKIPPED,,,,,0,radar_block,reason=momentum_too_small conf=0.0001 mom_sig=0.00012038 raw_mom_bps=0.00000000 spread_bps=4.08850000 tension=0.00012038 bid_drop=0.00078244 ask_drop=0.00000000
2026-07-08T10:54:11Z,482,SKIP,SKIPPED,,,,,0,radar_block,reason=momentum_too_small conf=0.0024 mom_sig=0.00144670 raw_mom_bps=0.00000000 spread_bps=0.32190000 tension=0.00144670 bid_drop=0.00940357 ask_drop=0.00178347
2026-07-08T10:54:19Z,483,SKIP,SKIPPED,,,,,0,llm_gate,reason=ollama_skip status=SKIP
2026-07-08T10:54:26Z,484,SKIP,SKIPPED,,,,,0,radar_block,reason=momentum_too_small conf=0.0002 mom_sig=0.00012043 raw_mom_bps=0.00000000 spread_bps=3.26780000 tension=0.00012043 bid_drop=0.00078279 ask_drop=0.00000000
2026-07-08T10:54:33Z,485,SKIP,SKIPPED,,,,,0,radar_block,reason=momentum_too_small conf=0.0006 mom_sig=0.00042262 raw_mom_bps=0.00000000 spread_bps=3.26780000 tension=0.00042262 bid_drop=0.00169486 ask_drop=0.00274704
2026-07-08T10:54:40Z,486,SKIP,SKIPPED,,,,,0,impulse_resonance_wait,reason=wall_not_collapsed tension=0.41638373 bid_drop=0.00003914 ask_drop=2.70649423
2026-07-08T10:54:47Z,487,SKIP,SKIPPED,,,,,0,impulse_resonance_wait,reason=wall_not_collapsed tension=0.85793831 bid_drop=0.00106477 ask_drop=5.57659900
2026-07-08T10:54:54Z,488,SKIP,SKIPPED,,,,,0,radar_block,reason=momentum_too_small conf=0.0007 mom_sig=0.00052112 raw_mom_bps=0.00000000 spread_bps=3.26780000 tension=0.00052112 bid_drop=0.00000000 ask_drop=0.00338731
2026-07-08T10:55:00Z,489,SKIP,SKIPPED,,,,,0,radar_block,reason=momentum_too_small conf=0.0004 mom_sig=0.00030718 raw_mom_bps=0.00000000 spread_bps=3.26780000 tension=0.00030718 bid_drop=0.00078300 ask_drop=0.00199664
2026-07-08T10:55:07Z,490,SKIP,SKIPPED,,,,,0,impulse_resonance_wait,reason=wall_not_collapsed tension=0.84929408 bid_drop=5.52041151 ask_drop=0.00266216
2026-07-08T10:55:14Z,491,SKIP,SKIPPED,,,,,0,radar_block,reason=momentum_too_small conf=0.0014 mom_sig=0.00104071 raw_mom_bps=0.00000000 spread_bps=3.26780000 tension=0.00104071 bid_drop=0.00078310 ask_drop=0.00676462
2026-07-08T10:55:21Z,492,SKIP,SKIPPED,,,,,0,radar_block,reason=momentum_too_small conf=0.2785 mom_sig=0.00000000 raw_mom_bps=0.00000000 spread_bps=3.26780000 tension=0.00000000 bid_drop=0.00000000 ask_drop=0.00000000
2026-07-08T10:55:30Z,493,SKIP,SKIPPED,,,,,0,radar_block,reason=momentum_too_small conf=0.0001 mom_sig=0.00007251 raw_mom_bps=0.00000000 spread_bps=4.08850000 tension=0.00007251 bid_drop=0.00000000 ask_drop=0.00047132
2026-07-08T10:55:38Z,494,SKIP,SKIPPED,,,,,0,radar_block,reason=momentum_too_small conf=0.0001 mom_sig=0.00005193 raw_mom_bps=0.00000000 spread_bps=0.82090000 tension=0.00005193 bid_drop=0.00000000 ask_drop=0.00033757
2026-07-08T10:55:44Z,495,SKIP,SKIPPED,,,,,0,radar_block,reason=momentum_too_small conf=0.0104 mom_sig=0.00841320 raw_mom_bps=0.00000000 spread_bps=4.08850000 tension=0.00841320 bid_drop=0.00000000 ask_drop=0.05468579
2026-07-08T10:55:51Z,496,SKIP,SKIPPED,,,,,0,radar_block,reason=momentum_too_small conf=0.0001 mom_sig=0.00005148 raw_mom_bps=0.00000000 spread_bps=2.33400000 tension=0.00005148 bid_drop=0.00009978 ask_drop=0.00033464
2026-07-08T10:55:58Z,497,SKIP,SKIPPED,,,,,0,impulse_resonance_wait,reason=wall_not_collapsed tension=0.85176666 bid_drop=5.53648327 ask_drop=4.54302526
2026-07-08T10:56:05Z,498,SKIP,SKIPPED,,,,,0,radar_block,reason=momentum_too_small conf=0.0066 mom_sig=0.00534162 raw_mom_bps=0.00000000 spread_bps=4.08850000 tension=0.00534162 bid_drop=0.00000000 ask_drop=0.03472056
2026-07-08T10:56:13Z,499,SKIP,SKIPPED,,,,,0,radar_block,reason=momentum_too_small conf=0.0001 mom_sig=0.00005016 raw_mom_bps=0.00000000 spread_bps=4.08850000 tension=0.00005016 bid_drop=0.00003927 ask_drop=0.00032605
2026-07-08T10:56:20Z,500,SKIP,SKIPPED,,,,,0,radar_block,reason=momentum_too_small conf=0.0001 mom_sig=0.00004524 raw_mom_bps=0.00000000 spread_bps=4.08850000 tension=0.00004524 bid_drop=0.00003927 ask_drop=0.00029409
2026-07-08T10:56:27Z,501,SKIP,SKIPPED,,,,,0,radar_block,reason=momentum_too_small conf=0.0001 mom_sig=0.00006492 raw_mom_bps=0.00000000 spread_bps=4.08850000 tension=0.00006492 bid_drop=0.00003927 ask_drop=0.00042198
2026-07-08T10:56:34Z,502,SKIP,SKIPPED,,,,,0,radar_block,reason=momentum_too_small conf=0.0003 mom_sig=0.00021235 raw_mom_bps=0.00000000 spread_bps=4.23330000 tension=0.00021235 bid_drop=0.00078659 ask_drop=0.00138027
2026-07-08T10:56:42Z,503,SKIP,SKIPPED,,,,,0,radar_block,reason=momentum_too_small conf=0.0006 mom_sig=0.00050788 raw_mom_bps=0.00000000 spread_bps=4.23330000 tension=0.00050788 bid_drop=0.00000000 ask_drop=0.00330119
2026-07-08T10:56:49Z,504,SKIP,SKIPPED,,,,,0,radar_block,reason=momentum_too_small conf=0.0003 mom_sig=0.00022505 raw_mom_bps=0.00000000 spread_bps=4.23330000 tension=0.00022505 bid_drop=0.00000000 ask_drop=0.00146282
2026-07-08T10:56:56Z,505,SKIP,SKIPPED,,,,,0,radar_block,reason=momentum_too_small conf=0.0003 mom_sig=0.00024242 raw_mom_bps=0.00000000 spread_bps=4.23330000 tension=0.00024242 bid_drop=0.00157576 ask_drop=0.00155142
2026-07-08T10:57:04Z,506,SKIP,SKIPPED,,,,,0,radar_block,reason=momentum_too_small conf=0.0001 mom_sig=0.00012124 raw_mom_bps=0.00000000 spread_bps=4.23330000 tension=0.00012124 bid_drop=0.00078805 ask_drop=0.00032325
2026-07-08T10:57:11Z,507,SKIP,SKIPPED,,,,,0,radar_block,reason=momentum_too_small conf=0.0004 mom_sig=0.00022514 raw_mom_bps=0.00000000 spread_bps=0.14490000 tension=0.00022514 bid_drop=0.00078809 ask_drop=0.00146341
2026-07-08T10:57:17Z,508,SKIP,SKIPPED,,,,,0,radar_block,reason=momentum_too_small conf=0.3468 mom_sig=0.00000000 raw_mom_bps=0.00000000 spread_bps=0.14490000 tension=0.00000000 bid_drop=0.00000000 ask_drop=0.00000000
2026-07-08T10:57:25Z,509,SKIP,SKIPPED,,,,,0,radar_block,reason=momentum_too_small conf=0.0003 mom_sig=0.00020669 raw_mom_bps=0.00000000 spread_bps=0.14490000 tension=0.00020669 bid_drop=0.00086322 ask_drop=0.00134350
2026-07-08T10:57:32Z,510,SKIP,SKIPPED,,,,,0,radar_block,reason=momentum_too_small conf=0.0005 mom_sig=0.00033203 raw_mom_bps=0.00000000 spread_bps=0.14490000 tension=0.00033203 bid_drop=0.00215818 ask_drop=0.00212741
2026-07-08T10:57:40Z,511,SKIP,SKIPPED,,,,,0,impulse_resonance_wait,reason=wall_not_collapsed tension=0.51701227 bid_drop=3.36057976 ask_drop=0.00000000
2026-07-08T10:57:46Z,512,SKIP,SKIPPED,,,,,0,radar_block,reason=momentum_too_small conf=0.0003 mom_sig=0.00016533 raw_mom_bps=0.00000000 spread_bps=0.14490000 tension=0.00016533 bid_drop=0.00086338 ask_drop=0.00107465
2026-07-08T10:57:54Z,513,SKIP,SKIPPED,,,,,0,impulse_resonance_wait,reason=wall_not_collapsed tension=0.55612354 bid_drop=3.61480298 ask_drop=0.00390342
2026-07-08T10:58:01Z,514,SKIP,SKIPPED,,,,,0,radar_block,reason=momentum_too_small conf=0.0003 mom_sig=0.00021332 raw_mom_bps=0.00000000 spread_bps=1.11060000 tension=0.00021332 bid_drop=0.00138661 ask_drop=0.00000000
2026-07-08T10:58:09Z,515,SKIP,SKIPPED,,,,,0,radar_block,reason=momentum_too_small conf=0.001 mom_sig=0.00057350 raw_mom_bps=0.00000000 spread_bps=0.03220000 tension=0.00057350 bid_drop=0.00372776 ask_drop=0.00102322
2026-07-08T10:58:17Z,516,SKIP,SKIPPED,,,,,0,radar_block,reason=momentum_too_small conf=0.0012 mom_sig=0.00069799 raw_mom_bps=-1.03015621 spread_bps=0.04830000 tension=0.00069799 bid_drop=0.00000000 ask_drop=0.00453695
2026-07-08T10:58:24Z,517,SKIP,SKIPPED,,,,,0,impulse_resonance_wait,reason=wall_not_collapsed tension=0.59594965 bid_drop=0.00000000 ask_drop=3.87367271
2026-07-08T10:58:32Z,518,SKIP,SKIPPED,,,,,0,radar_block,reason=momentum_too_small conf=0.3268 mom_sig=0.00000000 raw_mom_bps=0.00000000 spread_bps=1.06230000 tension=0.00000000 bid_drop=0.00000000 ask_drop=0.00000000
2026-07-08T10:58:39Z,519,SKIP,SKIPPED,,,,,0,radar_block,reason=momentum_too_small conf=0.0002 mom_sig=0.00014732 raw_mom_bps=0.00000000 spread_bps=0.01610000 tension=0.00014732 bid_drop=0.00095755 ask_drop=0.00005546
2026-07-08T10:58:46Z,520,SKIP,SKIPPED,,,,,0,radar_block,reason=momentum_too_small conf=0.3486 mom_sig=0.00000000 raw_mom_bps=0.00000000 spread_bps=0.06440000 tension=0.00000000 bid_drop=0.00000000 ask_drop=0.00000000
2026-07-08T10:59:04Z,521,SELL,FILLED,62119.80000000,62110.80000000,0.00950000,1.44881342,0.08550000,shock_inversion_stop,radar=long conf=0.9688 size_note=strong_conf_full+entry_25_75_full soft=0 pct=0.01448813 tension=6.93038894 bid_drop=0.00005953 ask_drop=45.04752808
2026-07-08T10:59:11Z,522,SKIP,SKIPPED,,,,,0,radar_block,reason=momentum_too_small conf=0.0 mom_sig=0.00001158 raw_mom_bps=0.00000000 spread_bps=1.48130000 tension=0.00001158 bid_drop=0.00000000 ask_drop=0.00007527
2026-07-08T10:59:18Z,523,SKIP,SKIPPED,,,,,0,radar_block,reason=momentum_too_small conf=0.0 mom_sig=0.00001632 raw_mom_bps=0.00000000 spread_bps=0.01610000 tension=0.00001632 bid_drop=0.00000000 ask_drop=0.00010609
2026-07-08T10:59:25Z,524,SKIP,SKIPPED,,,,,0,radar_block,reason=momentum_too_small conf=0.3176 mom_sig=0.00000000 raw_mom_bps=0.00000000 spread_bps=1.48130000 tension=0.00000000 bid_drop=0.00000000 ask_drop=0.00000000
2026-07-08T10:59:32Z,525,SKIP,SKIPPED,,,,,0,impulse_resonance_wait,reason=wall_not_collapsed tension=0.87121800 bid_drop=5.66291702 ask_drop=0.00410392
2026-07-08T10:59:39Z,526,SKIP,SKIPPED,,,,,0,impulse_resonance_wait,reason=wall_not_collapsed tension=0.26468762 bid_drop=0.00037484 ask_drop=1.72046950
2026-07-08T10:59:46Z,527,SKIP,SKIPPED,,,,,0,radar_block,reason=momentum_too_small conf=0.0004 mom_sig=0.00028744 raw_mom_bps=0.00000000 spread_bps=1.46520000 tension=0.00028744 bid_drop=0.00085194 ask_drop=0.00186838
2026-07-08T10:59:52Z,528,SKIP,SKIPPED,,,,,0,radar_block,reason=momentum_too_small conf=0.0004 mom_sig=0.00026009 raw_mom_bps=0.00000000 spread_bps=1.48130000 tension=0.00026009 bid_drop=0.00000000 ask_drop=0.00169061
2026-07-08T11:00:00Z,529,SKIP,SKIPPED,,,,,0,impulse_resonance_wait,reason=wall_not_collapsed tension=0.89953629 bid_drop=0.00127864 ask_drop=5.84698591
2026-07-08T11:00:07Z,530,SKIP,SKIPPED,,,,,0,impulse_resonance_wait,reason=wall_not_collapsed tension=0.87242432 bid_drop=5.67075805 ask_drop=0.00000000
2026-07-08T11:00:14Z,531,SKIP,SKIPPED,,,,,0,radar_block,reason=momentum_too_small conf=0.0002 mom_sig=0.00012375 raw_mom_bps=0.00000000 spread_bps=4.23330000 tension=0.00012375 bid_drop=0.00080435 ask_drop=0.00000000
2026-07-08T11:00:22Z,532,SKIP,SKIPPED,,,,,0,radar_block,reason=momentum_too_small conf=0.0003 mom_sig=0.00025626 raw_mom_bps=-3.54140710 spread_bps=4.23330000 tension=0.00025626 bid_drop=0.00127911 ask_drop=0.00166566
2026-07-08T11:00:30Z,533,SKIP,SKIPPED,,,,,0,llm_gate,reason=ollama_skip status=SKIP
2026-07-08T11:00:38Z,534,SKIP,SKIPPED,,,,,0,radar_block,reason=momentum_too_small conf=0.2757 mom_sig=0.00000000 raw_mom_bps=4.23509103 spread_bps=3.39660000 tension=0.00000000 bid_drop=0.00000000 ask_drop=0.00000000
2026-07-08T11:00:45Z,535,SKIP,SKIPPED,,,,,0,radar_block,reason=momentum_too_small conf=0.0002 mom_sig=0.00013121 raw_mom_bps=0.00000000 spread_bps=2.55970000 tension=0.00013121 bid_drop=0.00085288 ask_drop=0.00000000
2026-07-08T11:00:53Z,536,SKIP,SKIPPED,,,,,0,radar_block,reason=momentum_too_small conf=0.0009 mom_sig=0.00065383 raw_mom_bps=-0.51516435 spread_bps=2.17340000 tension=0.00065383 bid_drop=0.00085293 ask_drop=0.00424992
2026-07-08T11:01:00Z,537,SKIP,SKIPPED,,,,,0,radar_block,reason=momentum_too_small conf=0.2757 mom_sig=0.00000000 raw_mom_bps=0.00000000 spread_bps=3.39660000 tension=0.00000000 bid_drop=0.00000000 ask_drop=0.00000000
2026-07-08T11:01:07Z,538,SKIP,SKIPPED,,,,,0,impulse_resonance_wait,reason=wall_not_collapsed tension=0.77523951 bid_drop=0.00085301 ask_drop=5.03905683
2026-07-08T11:01:15Z,539,SKIP,SKIPPED,,,,,0,radar_block,reason=momentum_too_small conf=0.0002 mom_sig=0.00012379 raw_mom_bps=0.00000000 spread_bps=4.23330000 tension=0.00012379 bid_drop=0.00080466 ask_drop=0.00000000
2026-07-08T11:01:22Z,540,SKIP,SKIPPED,,,,,0,impulse_resonance_wait,reason=wall_not_collapsed tension=0.66051781 bid_drop=0.00326720 ask_drop=4.29336577
2026-07-08T11:01:30Z,541,SKIP,SKIPPED,,,,,0,impulse_resonance_wait,reason=wall_not_collapsed tension=0.66766813 bid_drop=0.00155524 ask_drop=4.33984283
2026-07-08T11:01:37Z,542,SKIP,SKIPPED,,,,,0,stase_ecoute,reason=spread_or_volat_not_cold spread_bps=1.80320000 volat=41.75547672
2026-07-08T11:01:44Z,543,SKIP,SKIPPED,,,,,0,radar_block,reason=momentum_too_small conf=0.0003 mom_sig=0.00022213 raw_mom_bps=0.00000000 spread_bps=3.89540000 tension=0.00022213 bid_drop=0.00000000 ask_drop=0.00144385
2026-07-08T11:01:51Z,544,SKIP,SKIPPED,,,,,0,radar_block,reason=momentum_too_small conf=0.0003 mom_sig=0.00023685 raw_mom_bps=0.00000000 spread_bps=4.10450000 tension=0.00023685 bid_drop=0.00125465 ask_drop=0.00153952
2026-07-08T11:01:58Z,545,SKIP,SKIPPED,,,,,0,radar_block,reason=direction_unclear conf=0.0484 mom_sig=0.03904315 raw_mom_bps=0.00000000 spread_bps=4.10450000 tension=0.03904315 bid_drop=0.00746962 ask_drop=0.25378046
2026-07-08T11:02:04Z,546,SKIP,SKIPPED,,,,,0,radar_block,reason=momentum_too_small conf=0.007 mom_sig=0.00548315 raw_mom_bps=0.00000000 spread_bps=3.73430000 tension=0.00548315 bid_drop=0.00167317 ask_drop=0.03564048
2026-07-08T11:02:11Z,547,SKIP,SKIPPED,,,,,0,radar_block,reason=momentum_too_small conf=0.0005 mom_sig=0.00038862 raw_mom_bps=-4.10452866 spread_bps=4.10450000 tension=0.00038862 bid_drop=0.00125526 ask_drop=0.00252603
2026-07-08T11:02:18Z,548,SKIP,SKIPPED,,,,,0,radar_block,reason=momentum_too_small conf=0.0003 mom_sig=0.00025107 raw_mom_bps=0.00000000 spread_bps=4.10450000 tension=0.00025107 bid_drop=0.00163197 ask_drop=0.00126650
2026-07-08T11:02:26Z,549,SKIP,SKIPPED,,,,,0,radar_block,reason=momentum_too_small conf=0.0 mom_sig=0.00002144 raw_mom_bps=0.00000000 spread_bps=4.10450000 tension=0.00002144 bid_drop=0.00000000 ask_drop=0.00013933
2026-07-08T11:02:33Z,550,SKIP,SKIPPED,,,,,0,radar_block,reason=momentum_too_small conf=0.0004 mom_sig=0.00035479 raw_mom_bps=0.00000000 spread_bps=4.10450000 tension=0.00035479 bid_drop=0.00171530 ask_drop=0.00230611
2026-07-08T11:02:41Z,551,SKIP,SKIPPED,,,,,0,radar_block,reason=momentum_too_small conf=0.0005 mom_sig=0.00042547 raw_mom_bps=0.00000000 spread_bps=4.10450000 tension=0.00042547 bid_drop=0.00276558 ask_drop=0.00000000
2026-07-08T11:02:48Z,552,SKIP,SKIPPED,,,,,0,radar_block,reason=momentum_too_small conf=0.0003 mom_sig=0.00023405 raw_mom_bps=0.00000000 spread_bps=4.10450000 tension=0.00023405 bid_drop=0.00083687 ask_drop=0.00152134
2026-07-08T11:02:54Z,553,SKIP,SKIPPED,,,,,0,radar_block,reason=momentum_too_small conf=0.0004 mom_sig=0.00033131 raw_mom_bps=0.00000000 spread_bps=4.10450000 tension=0.00033131 bid_drop=0.00083691 ask_drop=0.00215349
2026-07-08T11:03:01Z,554,SKIP,SKIPPED,,,,,0,radar_block,reason=momentum_too_small conf=0.0002 mom_sig=0.00015149 raw_mom_bps=0.00000000 spread_bps=3.04240000 tension=0.00015149 bid_drop=0.00085790 ask_drop=0.00098467
2026-07-08T11:03:09Z,555,SKIP,SKIPPED,,,,,0,radar_block,reason=momentum_too_small conf=0.3345 mom_sig=0.00000000 raw_mom_bps=0.00000000 spread_bps=0.70850000 tension=0.00000000 bid_drop=0.00000000 ask_drop=0.00000000
2026-07-08T11:03:16Z,556,SKIP,SKIPPED,,,,,0,radar_block,reason=momentum_too_small conf=0.0008 mom_sig=0.00053154 raw_mom_bps=0.00000000 spread_bps=1.15920000 tension=0.00053154 bid_drop=0.00000000 ask_drop=0.00345498
2026-07-08T11:03:24Z,557,SKIP,SKIPPED,,,,,0,impulse_resonance_wait,reason=wall_not_collapsed tension=0.43465498 bid_drop=0.00170548 ask_drop=2.82525737
2026-07-08T11:03:31Z,558,SKIP,SKIPPED,,,,,0,radar_block,reason=momentum_too_small conf=0.0002 mom_sig=0.00013777 raw_mom_bps=0.00000000 spread_bps=2.14120000 tension=0.00013777 bid_drop=0.00089549 ask_drop=0.00000000
2026-07-08T11:03:38Z,559,SKIP,SKIPPED,,,,,0,radar_block,reason=momentum_too_small conf=0.0002 mom_sig=0.00018030 raw_mom_bps=0.00000000 spread_bps=3.02640000 tension=0.00018030 bid_drop=0.00000000 ask_drop=0.00117198
2026-07-08T11:03:46Z,560,SKIP,SKIPPED,,,,,0,radar_block,reason=momentum_too_small conf=0.2743 mom_sig=0.00000000 raw_mom_bps=0.00000000 spread_bps=3.46090000 tension=0.00000000 bid_drop=0.00000000 ask_drop=0.00000000
2026-07-08T11:03:53Z,561,SKIP,SKIPPED,,,,,0,tactic_mismatch,mom=short structure=long
2026-07-08T11:04:00Z,562,SKIP,SKIPPED,,,,,0,radar_block,reason=momentum_too_small conf=0.0002 mom_sig=0.00019686 raw_mom_bps=0.00000000 spread_bps=3.92750000 tension=0.00019686 bid_drop=0.00127958 ask_drop=0.00000000
2026-07-08T11:04:06Z,563,SKIP,SKIPPED,,,,,0,impulse_resonance_wait,reason=wall_not_collapsed tension=0.49035392 bid_drop=0.00127964 ask_drop=3.18730045
2026-07-08T11:04:13Z,564,SKIP,SKIPPED,,,,,0,radar_block,reason=momentum_too_small conf=0.0005 mom_sig=0.00034581 raw_mom_bps=0.00000000 spread_bps=3.30000000 tension=0.00034581 bid_drop=0.00170630 ask_drop=0.00224779
2026-07-08T11:04:31Z,565,SELL,FILLED,62120.70000000,62100.20000000,0.00480000,3.30002721,0.09840000,shock_inversion_stop,radar=short conf=0.7998 size_note=strong_conf_full+entry_25_75_full soft=1 pct=0.03300027 tension=6.48614218 bid_drop=0.00201196 ask_drop=42.15992418
2026-07-08T11:04:38Z,566,SKIP,SKIPPED,,,,,0,radar_block,reason=momentum_too_small conf=0.0017 mom_sig=0.00130881 raw_mom_bps=0.00000000 spread_bps=3.31610000 tension=0.00130881 bid_drop=0.00084539 ask_drop=0.00850729
2026-07-08T11:04:45Z,567,SKIP,SKIPPED,,,,,0,impulse_resonance_wait,reason=wall_not_collapsed tension=0.76200898 bid_drop=0.00084544 ask_drop=4.95305837
2026-07-08T11:04:52Z,568,SKIP,SKIPPED,,,,,0,radar_block,reason=momentum_too_small conf=0.0023 mom_sig=0.00178957 raw_mom_bps=0.43463563 spread_bps=3.73450000 tension=0.00178957 bid_drop=0.00223989 ask_drop=0.01163221
2026-07-08T11:04:59Z,569,SKIP,SKIPPED,,,,,0,radar_block,reason=momentum_too_small conf=0.0004 mom_sig=0.00026913 raw_mom_bps=0.00000000 spread_bps=1.12710000 tension=0.00026913 bid_drop=0.00174937 ask_drop=0.00078974
2026-07-08T11:05:06Z,570,SKIP,SKIPPED,,,,,0,radar_block,reason=momentum_too_small conf=0.0 mom_sig=0.00001513 raw_mom_bps=0.00000000 spread_bps=2.36660000 tension=0.00001513 bid_drop=0.00000000 ask_drop=0.00009837
2026-07-08T11:05:12Z,571,SKIP,SKIPPED,,,,,0,radar_block,reason=momentum_too_small conf=0.0005 mom_sig=0.00033046 raw_mom_bps=0.25758590 spread_bps=2.62410000 tension=0.00033046 bid_drop=0.00085385 ask_drop=0.00214801
2026-07-08T11:05:19Z,572,SKIP,SKIPPED,,,,,0,radar_block,reason=momentum_too_small conf=0.001 mom_sig=0.00074732 raw_mom_bps=0.00000000 spread_bps=3.44480000 tension=0.00074732 bid_drop=0.00162240 ask_drop=0.00485757
2026-07-08T11:05:27Z,573,SKIP,SKIPPED,,,,,0,radar_block,reason=momentum_too_small conf=0.0005 mom_sig=0.00039472 raw_mom_bps=-0.08048847 spread_bps=3.44480000 tension=0.00039472 bid_drop=0.00256567 ask_drop=0.00117077
2026-07-08T11:05:35Z,574,SKIP,SKIPPED,,,,,0,radar_block,reason=momentum_too_small conf=0.0004 mom_sig=0.00025617 raw_mom_bps=0.00000000 spread_bps=1.91560000 tension=0.00025617 bid_drop=0.00166510 ask_drop=0.00111237
2026-07-08T11:05:43Z,575,SKIP,SKIPPED,,,,,0,radar_block,reason=momentum_too_small conf=0.0006 mom_sig=0.00046031 raw_mom_bps=-3.49313205 spread_bps=3.68620000 tension=0.00046031 bid_drop=0.00080672 ask_drop=0.00299199
2026-07-08T11:05:50Z,576,SKIP,SKIPPED,,,,,0,radar_block,reason=momentum_too_small conf=0.0002 mom_sig=0.00013032 raw_mom_bps=0.00000000 spread_bps=3.83100000 tension=0.00013032 bid_drop=0.00084711 ask_drop=0.00000000
2026-07-08T11:05:57Z,577,SKIP,SKIPPED,,,,,0,radar_block,reason=momentum_too_small conf=0.0002 mom_sig=0.00012413 raw_mom_bps=3.83251584 spread_bps=3.83100000 tension=0.00012413 bid_drop=0.00080682 ask_drop=0.00055510
2026-07-08T11:06:05Z,578,SKIP,SKIPPED,,,,,0,radar_block,reason=momentum_too_small conf=0.0004 mom_sig=0.00035403 raw_mom_bps=0.00000000 spread_bps=4.23330000 tension=0.00035403 bid_drop=0.00230119 ask_drop=0.00000000
2026-07-08T11:06:12Z,579,SKIP,SKIPPED,,,,,0,radar_block,reason=momentum_too_small conf=0.2574 mom_sig=0.00000000 raw_mom_bps=0.40242096 spread_bps=4.23330000 tension=0.00000000 bid_drop=0.00000000 ask_drop=0.00000000
2026-07-08T11:06:20Z,580,SKIP,SKIPPED,,,,,0,radar_block,reason=momentum_too_small conf=0.0 mom_sig=0.00002150 raw_mom_bps=0.00000000 spread_bps=4.10450000 tension=0.00002150 bid_drop=0.00008389 ask_drop=0.00013975
2026-07-08T11:06:26Z,581,SKIP,SKIPPED,,,,,0,radar_block,reason=momentum_too_small conf=0.0 mom_sig=0.00003459 raw_mom_bps=0.00000000 spread_bps=4.10450000 tension=0.00003459 bid_drop=0.00000000 ask_drop=0.00022481
2026-07-08T11:06:33Z,582,SKIP,SKIPPED,,,,,0,radar_block,reason=momentum_too_small conf=0.2602 mom_sig=0.00000000 raw_mom_bps=0.00000000 spread_bps=4.10450000 tension=0.00000000 bid_drop=0.00000000 ask_drop=0.00000000
2026-07-08T11:06:40Z,583,SKIP,SKIPPED,,,,,0,radar_block,reason=momentum_too_small conf=0.0 mom_sig=0.00001683 raw_mom_bps=0.00000000 spread_bps=4.10450000 tension=0.00001683 bid_drop=0.00000000 ask_drop=0.00010937
2026-07-08T11:06:48Z,584,SKIP,SKIPPED,,,,,0,radar_block,reason=momentum_too_small conf=0.0 mom_sig=0.00003739 raw_mom_bps=0.00000000 spread_bps=4.10450000 tension=0.00003739 bid_drop=0.00000000 ask_drop=0.00024305
2026-07-08T11:06:54Z,585,SKIP,SKIPPED,,,,,0,radar_block,reason=momentum_too_small conf=0.0 mom_sig=0.00000841 raw_mom_bps=0.00000000 spread_bps=4.10450000 tension=0.00000841 bid_drop=0.00000000 ask_drop=0.00005469
2026-07-08T11:07:02Z,586,SKIP,SKIPPED,,,,,0,radar_block,reason=momentum_too_small conf=0.0 mom_sig=0.00002057 raw_mom_bps=0.00000000 spread_bps=4.10450000 tension=0.00002057 bid_drop=0.00008390 ask_drop=0.00013368
2026-07-08T11:07:09Z,587,SKIP,SKIPPED,,,,,0,radar_block,reason=momentum_too_small conf=0.0026 mom_sig=0.00207658 raw_mom_bps=0.00000000 spread_bps=4.10450000 tension=0.00207658 bid_drop=0.00000000 ask_drop=0.01349780
2026-07-08T11:07:17Z,588,SKIP,SKIPPED,,,,,0,radar_block,reason=momentum_too_small conf=0.0001 mom_sig=0.00008603 raw_mom_bps=0.00000000 spread_bps=4.10450000 tension=0.00008603 bid_drop=0.00000000 ask_drop=0.00055921
2026-07-08T11:07:24Z,589,SKIP,SKIPPED,,,,,0,radar_block,reason=momentum_too_small conf=0.0003 mom_sig=0.00022159 raw_mom_bps=0.00000000 spread_bps=4.10450000 tension=0.00022159 bid_drop=0.00083913 ask_drop=0.00144032
2026-07-08T11:07:31Z,590,SKIP,SKIPPED,,,,,0,radar_block,reason=momentum_too_small conf=0.288 mom_sig=0.00000000 raw_mom_bps=0.00000000 spread_bps=2.83320000 tension=0.00000000 bid_drop=0.00000000 ask_drop=0.00000000
2026-07-08T11:07:38Z,591,SKIP,SKIPPED,,,,,0,radar_block,reason=momentum_too_small conf=0.0007 mom_sig=0.00048934 raw_mom_bps=0.00000000 spread_bps=2.83320000 tension=0.00048934 bid_drop=0.00083917 ask_drop=0.00318072
2026-07-08T11:07:46Z,592,SKIP,SKIPPED,,,,,0,radar_block,reason=momentum_too_small conf=0.0004 mom_sig=0.00025176 raw_mom_bps=0.00000000 spread_bps=0.01610000 tension=0.00025176 bid_drop=0.00163647 ask_drop=0.00000000
2026-07-08T11:07:54Z,593,SKIP,SKIPPED,,,,,0,radar_block,reason=momentum_too_small conf=0.0002 mom_sig=0.00012912 raw_mom_bps=0.00000000 spread_bps=0.01610000 tension=0.00012912 bid_drop=0.00083927 ask_drop=0.00000000
2026-07-08T11:08:01Z,594,SKIP,SKIPPED,,,,,0,radar_block,reason=momentum_too_small conf=0.0007 mom_sig=0.00041071 raw_mom_bps=0.00000000 spread_bps=0.01610000 tension=0.00041071 bid_drop=0.00086807 ask_drop=0.00266963
2026-07-08T11:08:09Z,595,SKIP,SKIPPED,,,,,0,radar_block,reason=momentum_too_small conf=0.0009 mom_sig=0.00055772 raw_mom_bps=0.00000000 spread_bps=0.01610000 tension=0.00055772 bid_drop=0.00173620 ask_drop=0.00362518
2026-07-08T11:08:16Z,596,SKIP,SKIPPED,,,,,0,radar_block,reason=momentum_too_small conf=0.0004 mom_sig=0.00025267 raw_mom_bps=0.00000000 spread_bps=0.01610000 tension=0.00025267 bid_drop=0.00086821 ask_drop=0.00164235
2026-07-08T11:08:24Z,597,SKIP,SKIPPED,,,,,0,radar_block,reason=momentum_too_small conf=0.0002 mom_sig=0.00013358 raw_mom_bps=0.00000000 spread_bps=0.01610000 tension=0.00013358 bid_drop=0.00086829 ask_drop=0.00027300
2026-07-08T11:08:31Z,598,SKIP,SKIPPED,,,,,0,radar_block,reason=momentum_too_small conf=0.0007 mom_sig=0.00042492 raw_mom_bps=0.00000000 spread_bps=0.01610000 tension=0.00042492 bid_drop=0.00010420 ask_drop=0.00276195
2026-07-08T11:08:38Z,599,SKIP,SKIPPED,,,,,0,radar_block,reason=momentum_too_small conf=0.0007 mom_sig=0.00042356 raw_mom_bps=0.00000000 spread_bps=1.12670000 tension=0.00042356 bid_drop=0.00125922 ask_drop=0.00275316
2026-07-08T11:08:45Z,600,SKIP,SKIPPED,,,,,0,radar_block,reason=momentum_too_small conf=0.0002 mom_sig=0.00012591 raw_mom_bps=0.00000000 spread_bps=0.24140000 tension=0.00012591 bid_drop=0.00081843 ask_drop=0.00000000
2026-07-08T11:08:53Z,601,SKIP,SKIPPED,,,,,0,llm_gate,reason=ollama_skip status=SKIP
2026-07-08T11:09:00Z,602,SKIP,SKIPPED,,,,,0,impulse_resonance_wait,reason=wall_not_collapsed tension=0.72729357 bid_drop=0.00083951 ask_drop=4.72740821
2026-07-08T11:09:07Z,603,SKIP,SKIPPED,,,,,0,radar_block,reason=momentum_too_small conf=0.0013 mom_sig=0.00101439 raw_mom_bps=-3.87926941 spread_bps=4.10450000 tension=0.00101439 bid_drop=0.00083957 ask_drop=0.00659351
2026-07-08T11:09:14Z,604,SKIP,SKIPPED,,,,,0,radar_block,reason=momentum_too_small conf=0.0002 mom_sig=0.00013565 raw_mom_bps=0.00000000 spread_bps=4.10450000 tension=0.00013565 bid_drop=0.00088172 ask_drop=0.00033835
2026-07-08T11:09:20Z,605,SKIP,SKIPPED,,,,,0,radar_block,reason=direction_unclear conf=0.0495 mom_sig=0.03966543 raw_mom_bps=0.00000000 spread_bps=4.02400000 tension=0.03966543 bid_drop=0.00083955 ask_drop=0.25782527
2026-07-08T11:09:28Z,606,SKIP,SKIPPED,,,,,0,radar_block,reason=momentum_too_small conf=0.0003 mom_sig=0.00023242 raw_mom_bps=0.00000000 spread_bps=4.10450000 tension=0.00023242 bid_drop=0.00000000 ask_drop=0.00151072
2026-07-08T11:09:35Z,607,SKIP,SKIPPED,,,,,0,radar_block,reason=momentum_too_small conf=0.0002 mom_sig=0.00015588 raw_mom_bps=0.00000000 spread_bps=4.10450000 tension=0.00015588 bid_drop=0.00000000 ask_drop=0.00101324
2026-07-08T11:09:42Z,608,SKIP,SKIPPED,,,,,0,impulse_resonance_wait,reason=wall_not_collapsed tension=0.40373027 bid_drop=2.62424676 ask_drop=0.00163296
2026-07-08T11:09:49Z,609,SKIP,SKIPPED,,,,,0,radar_block,reason=momentum_too_small conf=0.0001 mom_sig=0.00005918 raw_mom_bps=0.00000000 spread_bps=4.10450000 tension=0.00005918 bid_drop=0.00000000 ask_drop=0.00038465
2026-07-08T11:09:57Z,610,SKIP,SKIPPED,,,,,0,radar_block,reason=momentum_too_small conf=0.0003 mom_sig=0.00025234 raw_mom_bps=0.00000000 spread_bps=4.10450000 tension=0.00025234 bid_drop=0.00164020 ask_drop=0.00111396
2026-07-08T11:10:04Z,611,SKIP,SKIPPED,,,,,0,radar_block,reason=momentum_too_small conf=0.0004 mom_sig=0.00031693 raw_mom_bps=0.00000000 spread_bps=4.10450000 tension=0.00031693 bid_drop=0.00176651 ask_drop=0.00206006
2026-07-08T11:10:11Z,612,SKIP,SKIPPED,,,,,0,radar_block,reason=momentum_too_small conf=0.0002 mom_sig=0.00017436 raw_mom_bps=0.00000000 spread_bps=4.10450000 tension=0.00017436 bid_drop=0.00084125 ask_drop=0.00113336
2026-07-08T11:10:18Z,613,SKIP,SKIPPED,,,,,0,radar_block,reason=momentum_too_small conf=0.0002 mom_sig=0.00018879 raw_mom_bps=0.00000000 spread_bps=4.10450000 tension=0.00018879 bid_drop=0.00121989 ask_drop=0.00122713
2026-07-08T11:10:25Z,614,SKIP,SKIPPED,,,,,0,radar_block,reason=momentum_too_small conf=0.0 mom_sig=0.00002876 raw_mom_bps=0.00000000 spread_bps=4.10450000 tension=0.00002876 bid_drop=0.00000000 ask_drop=0.00018697
2026-07-08T11:10:33Z,615,SKIP,SKIPPED,,,,,0,radar_block,reason=momentum_too_small conf=0.0002 mom_sig=0.00018219 raw_mom_bps=0.00000000 spread_bps=4.10450000 tension=0.00018219 bid_drop=0.00004208 ask_drop=0.00118421
2026-07-08T11:10:40Z,616,SKIP,SKIPPED,,,,,0,radar_block,reason=momentum_too_small conf=0.0002 mom_sig=0.00019421 raw_mom_bps=0.00000000 spread_bps=4.10450000 tension=0.00019421 bid_drop=0.00126234 ask_drop=0.00000000
2026-07-08T11:10:47Z,617,SKIP,SKIPPED,,,,,0,radar_block,reason=direction_unclear conf=0.2172 mom_sig=0.17525968 raw_mom_bps=0.00000000 spread_bps=4.10450000 tension=0.17525968 bid_drop=0.00088368 ask_drop=1.13918789
2026-07-08T11:10:54Z,618,SKIP,SKIPPED,,,,,0,radar_block,reason=momentum_too_small conf=0.0006 mom_sig=0.00045300 raw_mom_bps=0.00000000 spread_bps=3.89540000 tension=0.00045300 bid_drop=0.00094686 ask_drop=0.00294449
2026-07-08T11:11:01Z,619,SKIP,SKIPPED,,,,,0,impulse_resonance_wait,reason=wall_not_collapsed tension=0.53688394 bid_drop=0.00072807 ask_drop=3.48974560
2026-07-08T11:11:08Z,620,SKIP,SKIPPED,,,,,0,impulse_resonance_wait,reason=wall_not_collapsed tension=0.57946993 bid_drop=0.00004209 ask_drop=3.76655457
2026-07-08T11:11:18Z,621,SKIP,SKIPPED,,,,,0,llm_gate,reason=ollama_skip status=SKIP
2026-07-08T11:11:27Z,622,SKIP,SKIPPED,,,,,0,radar_block,reason=momentum_too_small conf=0.0014 mom_sig=0.00089300 raw_mom_bps=-0.51529708 spread_bps=0.49920000 tension=0.00089300 bid_drop=0.00000000 ask_drop=0.00580447
2026-07-08T11:11:34Z,623,SKIP,SKIPPED,,,,,0,radar_block,reason=direction_unclear conf=0.015 mom_sig=0.01124136 raw_mom_bps=0.00000000 spread_bps=3.20450000 tension=0.01124136 bid_drop=0.07306886 ask_drop=0.00000000
2026-07-08T11:11:43Z,624,SKIP,SKIPPED,,,,,0,llm_gate,reason=ollama_skip status=SKIP
2026-07-08T11:11:50Z,625,SKIP,SKIPPED,,,,,0,radar_block,reason=momentum_too_small conf=0.0004 mom_sig=0.00024082 raw_mom_bps=0.00000000 spread_bps=0.29010000 tension=0.00024082 bid_drop=0.00156535 ask_drop=0.00000000
2026-07-08T11:11:57Z,626,SKIP,SKIPPED,,,,,0,radar_block,reason=momentum_too_small conf=0.0004 mom_sig=0.00023256 raw_mom_bps=-0.29007976 spread_bps=0.29010000 tension=0.00023256 bid_drop=0.00017882 ask_drop=0.00151162
2026-07-08T11:12:05Z,627,SKIP,SKIPPED,,,,,0,llm_gate,reason=ollama_skip status=SKIP
2026-07-08T11:12:12Z,628,SKIP,SKIPPED,,,,,0,radar_block,reason=momentum_too_small conf=0.0003 mom_sig=0.00021103 raw_mom_bps=-0.33842638 spread_bps=0.19340000 tension=0.00021103 bid_drop=0.00101242 ask_drop=0.00137167
2026-07-08T11:12:18Z,629,SKIP,SKIPPED,,,,,0,radar_block,reason=momentum_too_small conf=0.0007 mom_sig=0.00044678 raw_mom_bps=0.00000000 spread_bps=0.56400000 tension=0.00044678 bid_drop=0.00156984 ask_drop=0.00290404
2026-07-08T11:12:26Z,630,SKIP,SKIPPED,,,,,0,llm_gate,reason=ollama_skip status=SKIP
2026-07-08T11:12:35Z,631,SKIP,SKIPPED,,,,,0,radar_block,reason=direction_unclear conf=0.0841 mom_sig=0.06015501 raw_mom_bps=0.00000000 spread_bps=2.57630000 tension=0.06015501 bid_drop=0.00180443 ask_drop=0.39100756
2026-07-08T11:12:43Z,632,SKIP,SKIPPED,,,,,0,radar_block,reason=momentum_too_small conf=0.001 mom_sig=0.00070203 raw_mom_bps=8.17039545 spread_bps=2.59240000 tension=0.00070203 bid_drop=0.00000000 ask_drop=0.00456320
2026-07-08T11:12:50Z,633,SKIP,SKIPPED,,,,,0,radar_block,reason=momentum_too_small conf=0.0005 mom_sig=0.00034198 raw_mom_bps=0.00000000 spread_bps=2.59240000 tension=0.00034198 bid_drop=0.00000000 ask_drop=0.00222289
2026-07-08T11:12:57Z,634,SKIP,SKIPPED,,,,,0,radar_block,reason=momentum_too_small conf=0.0005 mom_sig=0.00034205 raw_mom_bps=-1.96444673 spread_bps=1.96440000 tension=0.00034205 bid_drop=0.00000000 ask_drop=0.00222331
2026-07-08T11:13:05Z,635,SKIP,SKIPPED,,,,,0,llm_gate,reason=ollama_skip status=SKIP
2026-07-08T11:13:12Z,636,SKIP,SKIPPED,,,,,0,radar_block,reason=momentum_too_small conf=0.0004 mom_sig=0.00022907 raw_mom_bps=0.08050998 spread_bps=0.75670000 tension=0.00022907 bid_drop=0.00148896 ask_drop=0.00000000
2026-07-08T11:13:19Z,637,SKIP,SKIPPED,,,,,0,radar_block,reason=momentum_too_small conf=0.3334 mom_sig=0.00000000 raw_mom_bps=0.00000000 spread_bps=0.75670000 tension=0.00000000 bid_drop=0.00000000 ask_drop=0.00000000
2026-07-08T11:13:26Z,638,SKIP,SKIPPED,,,,,0,radar_block,reason=momentum_too_small conf=0.0005 mom_sig=0.00034339 raw_mom_bps=0.00000000 spread_bps=0.75670000 tension=0.00034339 bid_drop=0.00223206 ask_drop=0.00000000
2026-07-08T11:13:35Z,639,SKIP,SKIPPED,,,,,0,radar_block,reason=momentum_too_small conf=0.3334 mom_sig=0.00000000 raw_mom_bps=0.00000000 spread_bps=0.75670000 tension=0.00000000 bid_drop=0.00000000 ask_drop=0.00000000
2026-07-08T11:13:41Z,640,SKIP,SKIPPED,,,,,0,radar_block,reason=momentum_too_small conf=0.0005 mom_sig=0.00030402 raw_mom_bps=0.00000000 spread_bps=0.75670000 tension=0.00030402 bid_drop=0.00197614 ask_drop=0.00000000
2026-07-08T11:13:48Z,641,SKIP,SKIPPED,,,,,0,radar_block,reason=direction_unclear conf=0.105 mom_sig=0.06612270 raw_mom_bps=0.00000000 spread_bps=0.75670000 tension=0.06612270 bid_drop=0.42979758 ask_drop=0.00198376
2026-07-08T11:13:57Z,642,SKIP,SKIPPED,,,,,0,llm_gate,reason=ollama_skip status=SKIP
2026-07-08T11:14:04Z,643,SKIP,SKIPPED,,,,,0,impulse_resonance_wait,reason=wall_not_collapsed tension=0.36609629 bid_drop=2.37962588 ask_drop=0.05407792
2026-07-08T11:14:11Z,644,SKIP,SKIPPED,,,,,0,radar_block,reason=momentum_too_small conf=0.3331 mom_sig=0.00000000 raw_mom_bps=0.00000000 spread_bps=0.77280000 tension=0.00000000 bid_drop=0.00000000 ask_drop=0.00000000
2026-07-08T11:14:19Z,645,SKIP,SKIPPED,,,,,0,radar_block,reason=momentum_too_small conf=0.3278 mom_sig=0.00000000 raw_mom_bps=0.00000000 spread_bps=1.01430000 tension=0.00000000 bid_drop=0.00000000 ask_drop=0.00000000
2026-07-08T11:14:26Z,646,SKIP,SKIPPED,,,,,0,impulse_resonance_wait,reason=wall_not_collapsed tension=0.37267194 bid_drop=2.42236761 ask_drop=0.00369883
2026-07-08T11:14:33Z,647,SKIP,SKIPPED,,,,,0,radar_block,reason=momentum_too_small conf=0.0004 mom_sig=0.00028457 raw_mom_bps=0.00000000 spread_bps=1.32050000 tension=0.00028457 bid_drop=0.00000000 ask_drop=0.00184968
2026-07-08T11:14:39Z,648,SKIP,SKIPPED,,,,,0,radar_block,reason=momentum_too_small conf=0.0007 mom_sig=0.00049305 raw_mom_bps=0.00000000 spread_bps=2.57620000 tension=0.00049305 bid_drop=0.00000000 ask_drop=0.00320480
2026-07-08T11:14:46Z,649,SKIP,SKIPPED,,,,,0,radar_block,reason=momentum_too_small conf=0.0005 mom_sig=0.00032867 raw_mom_bps=0.00000000 spread_bps=1.03050000 tension=0.00032867 bid_drop=0.00050034 ask_drop=0.00213634
2026-07-08T11:14:53Z,650,SKIP,SKIPPED,,,,,0,impulse_resonance_wait,reason=wall_not_collapsed tension=0.65609998 bid_drop=4.26464989 ask_drop=0.00213669
2026-07-08T11:15:00Z,651,SKIP,SKIPPED,,,,,0,impulse_resonance_wait,reason=wall_not_collapsed tension=0.31707254 bid_drop=2.06097149 ask_drop=0.00000000
2026-07-08T11:15:07Z,652,SKIP,SKIPPED,,,,,0,radar_block,reason=momentum_too_small conf=0.0001 mom_sig=0.00004125 raw_mom_bps=-2.25439204 spread_bps=1.07880000 tension=0.00004125 bid_drop=0.00000000 ask_drop=0.00026810
2026-07-08T11:15:14Z,653,SKIP,SKIPPED,,,,,0,radar_block,reason=momentum_too_small conf=0.0006 mom_sig=0.00036810 raw_mom_bps=0.00000000 spread_bps=1.07880000 tension=0.00036810 bid_drop=0.00044544 ask_drop=0.00239263
2026-07-08T11:15:21Z,654,SKIP,SKIPPED,,,,,0,radar_block,reason=momentum_too_small conf=0.0003 mom_sig=0.00016185 raw_mom_bps=0.00000000 spread_bps=1.07880000 tension=0.00016185 bid_drop=0.00075687 ask_drop=0.00105205
2026-07-08T11:15:28Z,655,SKIP,SKIPPED,,,,,0,radar_block,reason=direction_unclear conf=0.1054 mom_sig=0.07360704 raw_mom_bps=0.00000000 spread_bps=2.25440000 tension=0.07360704 bid_drop=0.47844576 ask_drop=0.00000000
2026-07-08T11:15:36Z,656,SKIP,SKIPPED,,,,,0,radar_block,reason=momentum_too_small conf=0.0011 mom_sig=0.00073729 raw_mom_bps=0.00000000 spread_bps=2.28660000 tension=0.00073729 bid_drop=0.00043762 ask_drop=0.00479241
2026-07-08T11:15:43Z,657,SKIP,SKIPPED,,,,,0,radar_block,reason=direction_unclear conf=0.0275 mom_sig=0.02090567 raw_mom_bps=0.00000000 spread_bps=3.36510000 tension=0.02090567 bid_drop=0.13588688 ask_drop=0.00196878
2026-07-08T11:15:50Z,658,SKIP,SKIPPED,,,,,0,impulse_resonance_wait,reason=wall_not_collapsed tension=0.54682226 bid_drop=0.13787162 ask_drop=3.55434471
2026-07-08T11:15:57Z,659,SKIP,SKIPPED,,,,,0,radar_block,reason=momentum_too_small conf=0.2764 mom_sig=0.00000000 raw_mom_bps=0.00000000 spread_bps=3.36510000 tension=0.00000000 bid_drop=0.00000000 ask_drop=0.00000000
2026-07-08T11:16:04Z,660,SKIP,SKIPPED,,,,,0,radar_block,reason=momentum_too_small conf=0.0009 mom_sig=0.00065889 raw_mom_bps=0.00000000 spread_bps=3.36510000 tension=0.00065889 bid_drop=0.00000000 ask_drop=0.00428280
2026-07-08T11:16:12Z,661,SKIP,SKIPPED,,,,,0,radar_block,reason=low_confidence conf=0.2912 mom_sig=0.20387601 raw_mom_bps=2.07773633 spread_bps=2.28660000 tension=0.20387601 bid_drop=1.32519409 ask_drop=0.00239962
2026-07-08T11:16:18Z,662,SKIP,SKIPPED,,,,,0,radar_block,reason=momentum_too_small conf=0.0011 mom_sig=0.00082032 raw_mom_bps=0.00000000 spread_bps=3.57440000 tension=0.00082032 bid_drop=0.00080580 ask_drop=0.00533207
2026-07-08T11:16:25Z,663,SKIP,SKIPPED,,,,,0,impulse_resonance_wait,reason=wall_not_collapsed tension=0.27311231 bid_drop=1.77523002 ask_drop=0.00215916
2026-07-08T11:16:33Z,664,SKIP,SKIPPED,,,,,0,radar_block,reason=momentum_too_small conf=0.0004 mom_sig=0.00033224 raw_mom_bps=0.00000000 spread_bps=3.57440000 tension=0.00033224 bid_drop=0.00116439 ask_drop=0.00215953
2026-07-08T11:16:50Z,665,SELL,FILLED,62085.50000000,62085.40000000,0.00950000,0.01610682,0.00095000,shock_inversion_stop,radar=long conf=0.999 size_note=strong_conf_full+entry_25_75_full soft=0 pct=0.00016107 tension=2.79043642 bid_drop=0.02341554 ask_drop=18.13783673
2026-07-08T11:16:58Z,666,SKIP,SKIPPED,,,,,0,radar_block,reason=momentum_too_small conf=0.3422 mom_sig=0.00000000 raw_mom_bps=0.00000000 spread_bps=0.35440000 tension=0.00000000 bid_drop=0.00000000 ask_drop=0.00000000
2026-07-08T11:17:18Z,667,SELL,FILLED,62080.20000000,62073.10000000,0.00950000,1.14368188,0.06745000,shock_inversion_stop,radar=short conf=0.7112 size_note=strong_conf_full+entry_25_75_full soft=0 pct=0.01143682 tension=5.24839995 bid_drop=34.11459970 ask_drop=0.09447339
2026-07-08T11:17:26Z,668,SKIP,SKIPPED,,,,,0,radar_block,reason=momentum_too_small conf=0.0001 mom_sig=0.00006481 raw_mom_bps=0.00000000 spread_bps=6.42430000 tension=0.00006481 bid_drop=0.00042128 ask_drop=0.00000000
2026-07-08T11:17:35Z,669,SKIP,SKIPPED,,,,,0,llm_gate,reason=ollama_skip status=SKIP
2026-07-08T11:17:42Z,670,SKIP,SKIPPED,,,,,0,radar_block,reason=direction_unclear conf=0.0261 mom_sig=0.02779439 raw_mom_bps=-0.51556607 spread_bps=6.97180000 tension=0.02779439 bid_drop=0.18066354 ask_drop=0.00000000
2026-07-08T11:17:50Z,671,SKIP,SKIPPED,,,,,0,radar_block,reason=momentum_too_small conf=0.0 mom_sig=0.00004464 raw_mom_bps=0.00000000 spread_bps=6.87520000 tension=0.00004464 bid_drop=0.00029019 ask_drop=0.00000000
2026-07-08T11:17:58Z,672,SKIP,SKIPPED,,,,,0,radar_block,reason=momentum_too_small conf=0.0003 mom_sig=0.00033392 raw_mom_bps=0.00000000 spread_bps=7.90560000 tension=0.00033392 bid_drop=0.00000000 ask_drop=0.00217051
2026-07-08T11:18:06Z,673,SKIP,SKIPPED,,,,,0,radar_block,reason=momentum_too_small conf=0.1771 mom_sig=0.00000000 raw_mom_bps=0.00000000 spread_bps=7.90560000 tension=0.00000000 bid_drop=0.00000000 ask_drop=0.00000000
2026-07-08T11:18:13Z,674,SKIP,SKIPPED,,,,,0,radar_block,reason=momentum_too_small conf=0.0006 mom_sig=0.00072154 raw_mom_bps=0.00000000 spread_bps=7.90560000 tension=0.00072154 bid_drop=0.00036279 ask_drop=0.00469002
2026-07-08T11:18:20Z,675,SKIP,SKIPPED,,,,,0,radar_block,reason=momentum_too_small conf=0.0008 mom_sig=0.00083744 raw_mom_bps=0.00000000 spread_bps=7.21330000 tension=0.00083744 bid_drop=0.00029024 ask_drop=0.00544334
2026-07-08T11:18:28Z,676,SKIP,SKIPPED,,,,,0,radar_block,reason=momentum_too_small conf=0.0003 mom_sig=0.00033503 raw_mom_bps=-6.90735609 spread_bps=7.90560000 tension=0.00033503 bid_drop=0.00000000 ask_drop=0.00217770
2026-07-08T11:18:35Z,677,SKIP,SKIPPED,,,,,0,radar_block,reason=momentum_too_small conf=0.1771 mom_sig=0.00000000 raw_mom_bps=0.00000000 spread_bps=7.90560000 tension=0.00000000 bid_drop=0.00000000 ask_drop=0.00000000
2026-07-08T11:18:41Z,678,SKIP,SKIPPED,,,,,0,radar_block,reason=momentum_too_small conf=0.0002 mom_sig=0.00023130 raw_mom_bps=2.48067010 spread_bps=7.90560000 tension=0.00023130 bid_drop=0.00000000 ask_drop=0.00150346
2026-07-08T11:18:49Z,679,SKIP,SKIPPED,,,,,0,radar_block,reason=momentum_too_small conf=0.2324 mom_sig=0.00000000 raw_mom_bps=0.00000000 spread_bps=5.37780000 tension=0.00000000 bid_drop=0.00000000 ask_drop=0.00000000
2026-07-08T11:18:55Z,680,SKIP,SKIPPED,,,,,0,radar_block,reason=momentum_too_small conf=0.3229 mom_sig=0.00000000 raw_mom_bps=0.00000000 spread_bps=1.23980000 tension=0.00000000 bid_drop=0.00000000 ask_drop=0.00000000
2026-07-08T11:19:04Z,681,SKIP,SKIPPED,,,,,0,radar_block,reason=momentum_too_small conf=0.1919 mom_sig=0.00000000 raw_mom_bps=0.00000000 spread_bps=7.22940000 tension=0.00000000 bid_drop=0.00000000 ask_drop=0.00000000
2026-07-08T11:19:11Z,682,SKIP,SKIPPED,,,,,0,radar_block,reason=direction_unclear conf=0.0243 mom_sig=0.01577276 raw_mom_bps=0.00000000 spread_bps=1.23980000 tension=0.01577276 bid_drop=0.10252293 ask_drop=0.00000000
2026-07-08T11:19:18Z,683,SKIP,SKIPPED,,,,,0,radar_block,reason=momentum_too_small conf=0.0001 mom_sig=0.00009965 raw_mom_bps=0.00000000 spread_bps=4.53900000 tension=0.00009965 bid_drop=0.00000000 ask_drop=0.00064770
2026-07-08T11:19:26Z,684,SKIP,SKIPPED,,,,,0,radar_block,reason=spread_too_wide conf=0.0 mom_sig=0.00000000 raw_mom_bps=0.00000000 spread_bps=9.78650000 tension=0.00000000 bid_drop=0.00000000 ask_drop=0.00000000
2026-07-08T11:19:34Z,685,SKIP,SKIPPED,,,,,0,radar_block,reason=low_confidence conf=0.2305 mom_sig=0.20482700 raw_mom_bps=0.00000000 spread_bps=5.19860000 tension=0.20482700 bid_drop=0.00000000 ask_drop=1.33137552
2026-07-08T11:19:41Z,686,SKIP,SKIPPED,,,,,0,radar_block,reason=momentum_too_small conf=0.0001 mom_sig=0.00010313 raw_mom_bps=0.00000000 spread_bps=5.19860000 tension=0.00010313 bid_drop=0.00000000 ask_drop=0.00067036
2026-07-08T11:19:48Z,687,SKIP,SKIPPED,,,,,0,radar_block,reason=momentum_too_small conf=0.224 mom_sig=0.00000000 raw_mom_bps=0.00000000 spread_bps=5.76160000 tension=0.00000000 bid_drop=0.00000000 ask_drop=0.00000000
2026-07-08T11:19:56Z,688,SKIP,SKIPPED,,,,,0,radar_block,reason=momentum_too_small conf=0.0 mom_sig=0.00000257 raw_mom_bps=0.00000000 spread_bps=5.76160000 tension=0.00000257 bid_drop=0.00001669 ask_drop=0.00001481
2026-07-08T11:20:05Z,689,SKIP,SKIPPED,,,,,0,radar_block,reason=momentum_too_small conf=0.0 mom_sig=0.00000679 raw_mom_bps=0.00000000 spread_bps=0.11270000 tension=0.00000679 bid_drop=0.00000000 ask_drop=0.00004416
2026-07-08T11:20:11Z,690,SKIP,SKIPPED,,,,,0,radar_block,reason=momentum_too_small conf=0.3482 mom_sig=0.00000000 raw_mom_bps=0.01609370 spread_bps=0.08050000 tension=0.00000000 bid_drop=0.00000000 ask_drop=0.00000000
2026-07-08T11:20:19Z,691,SKIP,SKIPPED,,,,,0,radar_block,reason=momentum_too_small conf=0.3482 mom_sig=0.00000000 raw_mom_bps=0.00000000 spread_bps=0.08050000 tension=0.00000000 bid_drop=0.00000000 ask_drop=0.00000000
2026-07-08T11:20:26Z,692,SKIP,SKIPPED,,,,,0,impulse_resonance_wait,reason=wall_not_collapsed tension=0.77781423 bid_drop=5.05579252 ask_drop=0.00000000
2026-07-08T11:20:35Z,693,SKIP,SKIPPED,,,,,0,llm_gate,reason=ollama_skip status=SKIP
2026-07-08T11:20:43Z,694,SKIP,SKIPPED,,,,,0,radar_block,reason=momentum_too_small conf=0.0004 mom_sig=0.00024925 raw_mom_bps=0.00000000 spread_bps=0.08050000 tension=0.00024925 bid_drop=0.00162013 ask_drop=0.00025986
2026-07-08T11:20:52Z,695,SKIP,SKIPPED,,,,,0,llm_gate,reason=ollama_skip status=SKIP
2026-07-08T11:20:59Z,696,SKIP,SKIPPED,,,,,0,radar_block,reason=momentum_too_small conf=0.0001 mom_sig=0.00005998 raw_mom_bps=0.00000000 spread_bps=2.17260000 tension=0.00005998 bid_drop=0.00000000 ask_drop=0.00038988
2026-07-08T11:21:07Z,697,SKIP,SKIPPED,,,,,0,llm_gate,reason=ollama_skip status=SKIP
2026-07-08T11:21:13Z,698,SKIP,SKIPPED,,,,,0,radar_block,reason=momentum_too_small conf=0.0003 mom_sig=0.00020972 raw_mom_bps=0.00000000 spread_bps=2.99340000 tension=0.00020972 bid_drop=0.00136321 ask_drop=0.00053546
2026-07-08T11:21:20Z,699,SKIP,SKIPPED,,,,,0,radar_block,reason=momentum_too_small conf=0.0001 mom_sig=0.00009485 raw_mom_bps=0.00000000 spread_bps=3.05780000 tension=0.00009485 bid_drop=0.00061655 ask_drop=0.00023394
2026-07-08T11:21:27Z,700,SKIP,SKIPPED,,,,,0,radar_block,reason=momentum_too_small conf=0.0003 mom_sig=0.00030171 raw_mom_bps=0.37033399 spread_bps=4.90850000 tension=0.00030171 bid_drop=0.00196112 ask_drop=0.00036391
2026-07-08T11:21:46Z,701,SELL,FILLED,62136.60000000,62136.60000000,0.00950000,-0.00000000,-0.00000000,shock_inversion_stop,radar=long conf=0.996 size_note=strong_conf_full+entry_25_75_full soft=0 pct=-0.00000000 tension=2.80793644 bid_drop=18.25158686 ask_drop=0.00966466
2026-07-08T11:21:53Z,702,SKIP,SKIPPED,,,,,0,radar_block,reason=momentum_too_small conf=0.0001 mom_sig=0.00005580 raw_mom_bps=0.00000000 spread_bps=2.99340000 tension=0.00005580 bid_drop=0.00009062 ask_drop=0.00036273
2026-07-08T11:22:02Z,703,SKIP,SKIPPED,,,,,0,llm_gate,reason=ollama_skip status=SKIP
2026-07-08T11:22:11Z,704,SKIP,SKIPPED,,,,,0,llm_gate,reason=ollama_skip status=SKIP
2026-07-08T11:22:18Z,705,SKIP,SKIPPED,,,,,0,radar_block,reason=momentum_too_small conf=0.001 mom_sig=0.00062504 raw_mom_bps=0.00000000 spread_bps=0.06440000 tension=0.00062504 bid_drop=0.00122773 ask_drop=0.00406273
2026-07-08T11:22:26Z,706,SKIP,SKIPPED,,,,,0,impulse_resonance_wait,reason=wall_not_collapsed tension=0.21369051 bid_drop=0.00120036 ask_drop=1.38898830
2026-07-08T11:22:33Z,707,SKIP,SKIPPED,,,,,0,radar_block,reason=momentum_too_small conf=0.0002 mom_sig=0.00013383 raw_mom_bps=0.06444254 spread_bps=0.75710000 tension=0.00013383 bid_drop=0.00029988 ask_drop=0.00086987
2026-07-08T11:22:40Z,708,SKIP,SKIPPED,,,,,0,radar_block,reason=momentum_too_small conf=0.0001 mom_sig=0.00009255 raw_mom_bps=0.00000000 spread_bps=1.46590000 tension=0.00009255 bid_drop=0.00060159 ask_drop=0.00000000
2026-07-08T11:22:48Z,709,SKIP,SKIPPED,,,,,0,radar_block,reason=momentum_too_small conf=0.0001 mom_sig=0.00006390 raw_mom_bps=0.70881427 spread_bps=2.02950000 tension=0.00006390 bid_drop=0.00000000 ask_drop=0.00041538
2026-07-08T11:22:56Z,710,SKIP,SKIPPED,,,,,0,radar_block,reason=direction_unclear conf=0.0418 mom_sig=0.02871525 raw_mom_bps=0.00000000 spread_bps=2.02950000 tension=0.02871525 bid_drop=0.18664910 ask_drop=0.02691475
2026-07-08T11:23:03Z,711,SKIP,SKIPPED,,,,,0,radar_block,reason=momentum_too_small conf=0.0003 mom_sig=0.00018412 raw_mom_bps=0.00000000 spread_bps=2.31940000 tension=0.00018412 bid_drop=0.00119675 ask_drop=0.00081436
2026-07-08T11:23:11Z,712,SKIP,SKIPPED,,,,,0,radar_block,reason=momentum_too_small conf=0.2922 mom_sig=0.00000000 raw_mom_bps=0.00000000 spread_bps=2.64140000 tension=0.00000000 bid_drop=0.00000000 ask_drop=0.00000000
2026-07-08T11:23:19Z,713,SKIP,SKIPPED,,,,,0,radar_block,reason=direction_unclear conf=0.0953 mom_sig=0.06850406 raw_mom_bps=0.00000000 spread_bps=2.64140000 tension=0.06850406 bid_drop=0.44527642 ask_drop=0.00047429
2026-07-08T11:23:26Z,714,SKIP,SKIPPED,,,,,0,radar_block,reason=momentum_too_small conf=0.0001 mom_sig=0.00007399 raw_mom_bps=0.00000000 spread_bps=2.64140000 tension=0.00007399 bid_drop=0.00048091 ask_drop=0.00047668
2026-07-08T11:23:33Z,715,SKIP,SKIPPED,,,,,0,radar_block,reason=momentum_too_small conf=0.2993 mom_sig=0.00000000 raw_mom_bps=0.00000000 spread_bps=2.31940000 tension=0.00000000 bid_drop=0.00000000 ask_drop=0.00000000
2026-07-08T11:23:40Z,716,SKIP,SKIPPED,,,,,0,radar_block,reason=momentum_too_small conf=0.0002 mom_sig=0.00014974 raw_mom_bps=2.64214413 spread_bps=2.64140000 tension=0.00014974 bid_drop=0.00061514 ask_drop=0.00097334
2026-07-08T11:23:47Z,717,SKIP,SKIPPED,,,,,0,radar_block,reason=momentum_too_small conf=0.0002 mom_sig=0.00014007 raw_mom_bps=2.64214413 spread_bps=2.64140000 tension=0.00014007 bid_drop=0.00091048 ask_drop=0.00053288
2026-07-08T11:23:56Z,718,SKIP,SKIPPED,,,,,0,radar_block,reason=momentum_too_small conf=0.0006 mom_sig=0.00040032 raw_mom_bps=0.00000000 spread_bps=2.64140000 tension=0.00040032 bid_drop=0.00260206 ask_drop=0.00078031
2026-07-08T11:24:03Z,719,SKIP,SKIPPED,,,,,0,radar_block,reason=momentum_too_small conf=0.0001 mom_sig=0.00009014 raw_mom_bps=0.00000000 spread_bps=2.64140000 tension=0.00009014 bid_drop=0.00058592 ask_drop=0.00000000
2026-07-08T11:24:10Z,720,SKIP,SKIPPED,,,,,0,radar_block,reason=momentum_too_small conf=0.0043 mom_sig=0.00309410 raw_mom_bps=0.00000000 spread_bps=2.64140000 tension=0.00309410 bid_drop=0.00000000 ask_drop=0.02011166
2026-07-08T11:24:17Z,721,SKIP,SKIPPED,,,,,0,impulse_resonance_wait,reason=wall_not_collapsed tension=0.61046889 bid_drop=3.96804781 ask_drop=0.00002381
2026-07-08T11:24:24Z,722,SKIP,SKIPPED,,,,,0,radar_block,reason=direction_unclear conf=0.0569 mom_sig=0.03759472 raw_mom_bps=0.00000000 spread_bps=1.48200000 tension=0.03759472 bid_drop=0.24436571 ask_drop=0.00224403
2026-07-08T11:24:32Z,723,SKIP,SKIPPED,,,,,0,radar_block,reason=direction_unclear conf=0.162 mom_sig=0.11641397 raw_mom_bps=0.00000000 spread_bps=2.64140000 tension=0.11641397 bid_drop=0.75669080 ask_drop=0.00047616
2026-07-08T11:24:39Z,724,SKIP,SKIPPED,,,,,0,impulse_resonance_wait,reason=wall_not_collapsed tension=0.48555586 bid_drop=3.15611312 ask_drop=0.00000000
2026-07-08T11:24:46Z,725,SKIP,SKIPPED,,,,,0,impulse_resonance_wait,reason=wall_not_collapsed tension=0.32386801 bid_drop=2.10514205 ask_drop=0.00000000
2026-07-08T11:24:54Z,726,SKIP,SKIPPED,,,,,0,radar_block,reason=momentum_too_small conf=0.0 mom_sig=0.00000037 raw_mom_bps=0.00000000 spread_bps=2.64140000 tension=0.00000037 bid_drop=0.00000000 ask_drop=0.00000238
2026-07-08T11:25:01Z,727,SKIP,SKIPPED,,,,,0,radar_block,reason=momentum_too_small conf=0.0 mom_sig=0.00001078 raw_mom_bps=0.00000000 spread_bps=2.64140000 tension=0.00001078 bid_drop=0.00007005 ask_drop=0.00002381
2026-07-08T11:25:09Z,728,SKIP,SKIPPED,,,,,0,radar_block,reason=momentum_too_small conf=0.0002 mom_sig=0.00014652 raw_mom_bps=0.00000000 spread_bps=2.64140000 tension=0.00014652 bid_drop=0.00000000 ask_drop=0.00095238
2026-07-08T11:25:16Z,729,SKIP,SKIPPED,,,,,0,radar_block,reason=momentum_too_small conf=0.0003 mom_sig=0.00021832 raw_mom_bps=0.00000000 spread_bps=2.64140000 tension=0.00021832 bid_drop=0.00000000 ask_drop=0.00141909
2026-07-08T11:25:24Z,730,SKIP,SKIPPED,,,,,0,radar_block,reason=momentum_too_small conf=0.0 mom_sig=0.00002198 raw_mom_bps=0.00000000 spread_bps=2.64140000 tension=0.00002198 bid_drop=0.00000000 ask_drop=0.00014290
2026-07-08T11:25:30Z,731,SKIP,SKIPPED,,,,,0,radar_block,reason=momentum_too_small conf=0.0 mom_sig=0.00002235 raw_mom_bps=0.00000000 spread_bps=2.64140000 tension=0.00002235 bid_drop=0.00000000 ask_drop=0.00014528
2026-07-08T11:25:38Z,732,SKIP,SKIPPED,,,,,0,radar_block,reason=momentum_too_small conf=0.0001 mom_sig=0.00006702 raw_mom_bps=0.00000000 spread_bps=2.64140000 tension=0.00006702 bid_drop=0.00043564 ask_drop=0.00000000
2026-07-08T11:25:44Z,733,SKIP,SKIPPED,,,,,0,radar_block,reason=direction_unclear conf=0.239 mom_sig=0.17178403 raw_mom_bps=0.00000000 spread_bps=2.64140000 tension=0.17178403 bid_drop=1.11659621 ask_drop=0.00023813
2026-07-08T11:25:51Z,734,SKIP,SKIPPED,,,,,0,impulse_resonance_wait,reason=wall_not_collapsed tension=0.73445933 bid_drop=4.77398563 ask_drop=0.00095347
2026-07-08T11:25:58Z,735,SKIP,SKIPPED,,,,,0,radar_block,reason=momentum_too_small conf=0.0001 mom_sig=0.00007335 raw_mom_bps=0.00000000 spread_bps=2.64140000 tension=0.00007335 bid_drop=0.00000000 ask_drop=0.00047675
2026-07-08T11:26:06Z,736,SKIP,SKIPPED,,,,,0,radar_block,reason=momentum_too_small conf=0.0001 mom_sig=0.00007336 raw_mom_bps=0.00000000 spread_bps=2.64140000 tension=0.00007336 bid_drop=0.00000000 ask_drop=0.00047682
2026-07-08T11:26:12Z,737,SKIP,SKIPPED,,,,,0,radar_block,reason=momentum_too_small conf=0.2922 mom_sig=0.00000000 raw_mom_bps=2.64214413 spread_bps=2.64140000 tension=0.00000000 bid_drop=0.00000000 ask_drop=0.00000000
2026-07-08T11:26:21Z,738,SKIP,SKIPPED,,,,,0,llm_gate,reason=ollama_skip status=SKIP
2026-07-08T11:26:28Z,739,SKIP,SKIPPED,,,,,0,llm_gate,reason=ollama_skip status=SKIP
2026-07-08T11:26:35Z,740,SKIP,SKIPPED,,,,,0,radar_block,reason=momentum_too_small conf=0.0001 mom_sig=0.00008260 raw_mom_bps=0.00000000 spread_bps=2.64140000 tension=0.00008260 bid_drop=0.00007798 ask_drop=0.00053689
2026-07-08T11:26:42Z,741,SKIP,SKIPPED,,,,,0,radar_block,reason=momentum_too_small conf=0.0005 mom_sig=0.00035436 raw_mom_bps=-2.64144622 spread_bps=2.64140000 tension=0.00035436 bid_drop=0.00230333 ask_drop=0.00133888
2026-07-08T11:26:50Z,742,SKIP,SKIPPED,,,,,0,radar_block,reason=momentum_too_small conf=0.0006 mom_sig=0.00043044 raw_mom_bps=0.00000000 spread_bps=2.64140000 tension=0.00043044 bid_drop=0.00279785 ask_drop=0.00047734
2026-07-08T11:26:57Z,743,SKIP,SKIPPED,,,,,0,impulse_resonance_wait,reason=wall_not_collapsed tension=0.46670093 bid_drop=3.03355606 ask_drop=0.00047735
2026-07-08T11:27:04Z,744,SKIP,SKIPPED,,,,,0,impulse_resonance_wait,reason=wall_not_collapsed tension=0.85551277 bid_drop=5.56083300 ask_drop=0.00047737
2026-07-08T11:27:10Z,745,SKIP,SKIPPED,,,,,0,radar_block,reason=momentum_too_small conf=0.0003 mom_sig=0.00018468 raw_mom_bps=0.00000000 spread_bps=2.64140000 tension=0.00018468 bid_drop=0.00120045 ask_drop=0.00074472
2026-07-08T11:27:17Z,746,SKIP,SKIPPED,,,,,0,radar_block,reason=momentum_too_small conf=0.0002 mom_sig=0.00011017 raw_mom_bps=2.64214413 spread_bps=2.64140000 tension=0.00011017 bid_drop=0.00000000 ask_drop=0.00071609
2026-07-08T11:27:24Z,747,SKIP,SKIPPED,,,,,0,radar_block,reason=momentum_too_small conf=0.0048 mom_sig=0.00374588 raw_mom_bps=0.00000000 spread_bps=3.64000000 tension=0.00374588 bid_drop=0.00000000 ask_drop=0.02434825
2026-07-08T11:27:32Z,748,SKIP,SKIPPED,,,,,0,radar_block,reason=momentum_too_small conf=0.0004 mom_sig=0.00035927 raw_mom_bps=0.00000000 spread_bps=4.05880000 tension=0.00035927 bid_drop=0.00034415 ask_drop=0.00233523
2026-07-08T11:27:40Z,749,SKIP,SKIPPED,,,,,0,impulse_resonance_wait,reason=wall_not_collapsed tension=0.83046646 bid_drop=5.39803201 ask_drop=0.00047519
2026-07-08T11:27:48Z,750,SKIP,SKIPPED,,,,,0,radar_block,reason=momentum_too_small conf=0.0003 mom_sig=0.00024367 raw_mom_bps=0.00000000 spread_bps=4.05880000 tension=0.00024367 bid_drop=0.00158385 ask_drop=0.00047761
2026-07-08T11:27:56Z,751,SKIP,SKIPPED,,,,,0,llm_gate,reason=ollama_skip status=SKIP
2026-07-08T11:28:04Z,752,SKIP,SKIPPED,,,,,0,radar_block,reason=momentum_too_small conf=0.0003 mom_sig=0.00021853 raw_mom_bps=0.00000000 spread_bps=4.05880000 tension=0.00021853 bid_drop=0.00142047 ask_drop=0.00071662
2026-07-08T11:28:11Z,753,SKIP,SKIPPED,,,,,0,radar_block,reason=momentum_too_small conf=0.0002 mom_sig=0.00013412 raw_mom_bps=0.00000000 spread_bps=4.05880000 tension=0.00013412 bid_drop=0.00087181 ask_drop=0.00050166
2026-07-08T11:28:18Z,754,SKIP,SKIPPED,,,,,0,radar_block,reason=momentum_too_small conf=0.0002 mom_sig=0.00015069 raw_mom_bps=0.00000000 spread_bps=4.05880000 tension=0.00015069 bid_drop=0.00089751 ask_drop=0.00097946
2026-07-08T11:28:25Z,755,SKIP,SKIPPED,,,,,0,radar_block,reason=momentum_too_small conf=0.0001 mom_sig=0.00010258 raw_mom_bps=0.00000000 spread_bps=4.05880000 tension=0.00010258 bid_drop=0.00066675 ask_drop=0.00047780
2026-07-08T11:28:32Z,756,SKIP,SKIPPED,,,,,0,radar_block,reason=momentum_too_small conf=0.0001 mom_sig=0.00009153 raw_mom_bps=0.00000000 spread_bps=0.54780000 tension=0.00009153 bid_drop=0.00059497 ask_drop=0.00002389
2026-07-08T11:28:39Z,757,SKIP,SKIPPED,,,,,0,radar_block,reason=momentum_too_small conf=0.2605 mom_sig=0.00000000 raw_mom_bps=0.00000000 spread_bps=4.09100000 tension=0.00000000 bid_drop=0.00000000 ask_drop=0.00000000
2026-07-08T11:28:46Z,758,SKIP,SKIPPED,,,,,0,radar_block,reason=direction_unclear conf=0.0611 mom_sig=0.05147246 raw_mom_bps=0.00000000 spread_bps=4.60640000 tension=0.05147246 bid_drop=0.33457098 ask_drop=0.00064270
2026-07-08T11:28:53Z,759,SKIP,SKIPPED,,,,,0,radar_block,reason=momentum_too_small conf=0.0002 mom_sig=0.00016254 raw_mom_bps=0.00000000 spread_bps=2.99610000 tension=0.00016254 bid_drop=0.00105649 ask_drop=0.00009557
2026-07-08T11:29:01Z,760,SKIP,SKIPPED,,,,,0,impulse_resonance_wait,reason=wall_not_collapsed tension=0.50010587 bid_drop=3.25068818 ask_drop=0.00000000
2026-07-08T11:29:08Z,761,SKIP,SKIPPED,,,,,0,radar_block,reason=momentum_too_small conf=0.0001 mom_sig=0.00008234 raw_mom_bps=0.00000000 spread_bps=4.60640000 tension=0.00008234 bid_drop=0.00053518 ask_drop=0.00000000
2026-07-08T11:29:16Z,762,SKIP,SKIPPED,,,,,0,radar_block,reason=momentum_too_small conf=0.0001 mom_sig=0.00008234 raw_mom_bps=0.00000000 spread_bps=4.60640000 tension=0.00008234 bid_drop=0.00053519 ask_drop=0.00047790
2026-07-08T11:29:23Z,763,SKIP,SKIPPED,,,,,0,radar_block,reason=momentum_too_small conf=0.0014 mom_sig=0.00116022 raw_mom_bps=0.00000000 spread_bps=4.60640000 tension=0.00116022 bid_drop=0.00754141 ask_drop=0.00000000
2026-07-08T11:29:30Z,764,SKIP,SKIPPED,,,,,0,radar_block,reason=momentum_too_small conf=0.0003 mom_sig=0.00021728 raw_mom_bps=0.00000000 spread_bps=2.30320000 tension=0.00021728 bid_drop=0.00133822 ask_drop=0.00141229
2026-07-08T11:29:37Z,765,SKIP,SKIPPED,,,,,0,radar_block,reason=momentum_too_small conf=0.0001 mom_sig=0.00007353 raw_mom_bps=4.60854741 spread_bps=4.60640000 tension=0.00007353 bid_drop=0.00000000 ask_drop=0.00047795
2026-07-08T11:29:44Z,766,SKIP,SKIPPED,,,,,0,radar_block,reason=momentum_too_small conf=0.0003 mom_sig=0.00023236 raw_mom_bps=0.00000000 spread_bps=2.91530000 tension=0.00023236 bid_drop=0.00133810 ask_drop=0.00151037
2026-07-08T11:29:51Z,767,SKIP,SKIPPED,,,,,0,radar_block,reason=momentum_too_small conf=0.0001 mom_sig=0.00012134 raw_mom_bps=0.00000000 spread_bps=4.60640000 tension=0.00012134 bid_drop=0.00053642 ask_drop=0.00078868
2026-07-08T11:29:58Z,768,SKIP,SKIPPED,,,,,0,radar_block,reason=momentum_too_small conf=0.0002 mom_sig=0.00016065 raw_mom_bps=0.00000000 spread_bps=4.60640000 tension=0.00016065 bid_drop=0.00104423 ask_drop=0.00045411
2026-07-08T11:30:05Z,769,SKIP,SKIPPED,,,,,0,impulse_resonance_wait,reason=wall_not_collapsed tension=0.26270289 bid_drop=0.01412507 ask_drop=1.70756878
2026-07-08T11:30:12Z,770,SKIP,SKIPPED,,,,,0,radar_block,reason=momentum_too_small conf=0.0003 mom_sig=0.00028678 raw_mom_bps=0.00000000 spread_bps=4.65470000 tension=0.00028678 bid_drop=0.00186405 ask_drop=0.00010061
2026-07-08T11:30:19Z,771,SKIP,SKIPPED,,,,,0,radar_block,reason=momentum_too_small conf=0.0001 mom_sig=0.00004600 raw_mom_bps=0.00000000 spread_bps=5.05720000 tension=0.00004600 bid_drop=0.00000000 ask_drop=0.00029897
2026-07-08T11:30:26Z,772,SKIP,SKIPPED,,,,,0,radar_block,reason=direction_unclear conf=0.0293 mom_sig=0.02573123 raw_mom_bps=0.00000000 spread_bps=5.05720000 tension=0.02573123 bid_drop=0.16725302 ask_drop=0.00094029
2026-07-08T11:30:33Z,773,SKIP,SKIPPED,,,,,0,radar_block,reason=momentum_too_small conf=0.0001 mom_sig=0.00004600 raw_mom_bps=0.00000000 spread_bps=5.05720000 tension=0.00004600 bid_drop=0.00000000 ask_drop=0.00029899
2026-07-08T11:30:41Z,774,SKIP,SKIPPED,,,,,0,radar_block,reason=direction_unclear conf=0.0308 mom_sig=0.02584838 raw_mom_bps=0.00000000 spread_bps=4.57400000 tension=0.02584838 bid_drop=0.16801446 ask_drop=0.00000000
2026-07-08T11:30:49Z,775,SKIP,SKIPPED,,,,,0,radar_block,reason=direction_unclear conf=0.0803 mom_sig=0.05149506 raw_mom_bps=0.00000000 spread_bps=1.03080000 tension=0.05149506 bid_drop=0.33471786 ask_drop=0.00029900
2026-07-08T11:30:56Z,776,SKIP,SKIPPED,,,,,0,impulse_resonance_wait,reason=wall_not_collapsed tension=0.41960742 bid_drop=2.72744825 ask_drop=0.00041981
2026-07-08T11:31:03Z,777,SKIP,SKIPPED,,,,,0,radar_block,reason=momentum_too_small conf=0.2327 mom_sig=0.00000000 raw_mom_bps=0.00000000 spread_bps=5.36290000 tension=0.00000000 bid_drop=0.00000000 ask_drop=0.00000000
2026-07-08T11:31:12Z,778,SKIP,SKIPPED,,,,,0,radar_block,reason=momentum_too_small conf=0.0001 mom_sig=0.00008894 raw_mom_bps=0.00000000 spread_bps=5.36290000 tension=0.00008894 bid_drop=0.00000000 ask_drop=0.00057808
2026-07-08T11:31:29Z,779,SELL,FILLED,62093.50000000,62096.50000000,0.00950000,-0.48314236,-0.02850000,shock_inversion_stop,radar=long conf=0.6346 size_note=strong_conf_full+entry_25_75_full soft=0 pct=-0.00483142 tension=1.76061567 bid_drop=0.00053579 ask_drop=11.44400184
2026-07-08T11:31:37Z,780,SKIP,SKIPPED,,,,,0,radar_block,reason=momentum_too_small conf=0.0001 mom_sig=0.00004430 raw_mom_bps=0.00000000 spread_bps=3.14010000 tension=0.00004430 bid_drop=0.00000000 ask_drop=0.00028797
2026-07-08T11:31:45Z,781,SKIP,SKIPPED,,,,,0,radar_block,reason=momentum_too_small conf=0.0003 mom_sig=0.00024073 raw_mom_bps=0.00000000 spread_bps=3.14010000 tension=0.00024073 bid_drop=0.00000000 ask_drop=0.00156476
2026-07-08T11:31:52Z,782,SKIP,SKIPPED,,,,,0,radar_block,reason=momentum_too_small conf=0.0003 mom_sig=0.00023065 raw_mom_bps=0.00000000 spread_bps=3.14010000 tension=0.00023065 bid_drop=0.00000000 ask_drop=0.00149921
2026-07-08T11:32:00Z,783,SKIP,SKIPPED,,,,,0,impulse_resonance_wait,reason=wall_not_collapsed tension=0.76070716 bid_drop=4.94459653 ask_drop=0.00017859
2026-07-08T11:32:06Z,784,SKIP,SKIPPED,,,,,0,radar_block,reason=momentum_too_small conf=0.0001 mom_sig=0.00010169 raw_mom_bps=0.00000000 spread_bps=6.24810000 tension=0.00010169 bid_drop=0.00000000 ask_drop=0.00066096
2026-07-08T11:32:13Z,785,SKIP,SKIPPED,,,,,0,radar_block,reason=momentum_too_small conf=0.0004 mom_sig=0.00021551 raw_mom_bps=0.00000000 spread_bps=0.16100000 tension=0.00021551 bid_drop=0.00140081 ask_drop=0.00086046
2026-07-08T11:32:20Z,786,SKIP,SKIPPED,,,,,0,impulse_resonance_wait,reason=wall_not_collapsed tension=0.43857750 bid_drop=2.85075377 ask_drop=0.00000000
2026-07-08T11:32:28Z,787,SKIP,SKIPPED,,,,,0,radar_block,reason=momentum_too_small conf=0.0005 mom_sig=0.00035158 raw_mom_bps=0.00000000 spread_bps=2.02900000 tension=0.00035158 bid_drop=0.00085910 ask_drop=0.00228530
2026-07-08T11:32:46Z,788,SELL,FILLED,62087.20000000,62096.10000000,0.00480000,-1.43346777,-0.04272000,shock_inversion_stop,radar=long conf=0.6095 size_note=strong_conf_full+entry_25_75_full soft=1 pct=-0.01433468 tension=5.33626062 bid_drop=0.00110615 ask_drop=34.68569400
2026-07-08T11:32:54Z,789,SKIP,SKIPPED,,,,,0,radar_block,reason=momentum_too_small conf=0.0 mom_sig=0.00003519 raw_mom_bps=0.00000000 spread_bps=6.50570000 tension=0.00003519 bid_drop=0.00000000 ask_drop=0.00022873
2026-07-08T11:33:02Z,790,SKIP,SKIPPED,,,,,0,radar_block,reason=momentum_too_small conf=0.0005 mom_sig=0.00035192 raw_mom_bps=0.00000000 spread_bps=3.14010000 tension=0.00035192 bid_drop=0.00116619 ask_drop=0.00228747
2026-07-08T11:33:10Z,791,SKIP,SKIPPED,,,,,0,llm_gate,reason=ollama_skip status=SKIP
2026-07-08T11:33:17Z,792,SKIP,SKIPPED,,,,,0,impulse_resonance_wait,reason=wall_not_collapsed tension=0.61418892 bid_drop=3.99222801 ask_drop=0.00148713
2026-07-08T11:33:24Z,793,SKIP,SKIPPED,,,,,0,radar_block,reason=momentum_too_small conf=0.0003 mom_sig=0.00026400 raw_mom_bps=0.00000000 spread_bps=6.65060000 tension=0.00026400 bid_drop=0.00049158 ask_drop=0.00171597
2026-07-08T11:33:31Z,794,SKIP,SKIPPED,,,,,0,impulse_resonance_wait,reason=wall_not_collapsed tension=0.30668032 bid_drop=1.99342210 ask_drop=0.00000000
2026-07-08T11:33:38Z,795,SKIP,SKIPPED,,,,,0,radar_block,reason=momentum_too_small conf=0.0001 mom_sig=0.00015131 raw_mom_bps=0.00000000 spread_bps=6.65060000 tension=0.00015131 bid_drop=0.00046704 ask_drop=0.00098353
2026-07-08T11:33:45Z,796,SKIP,SKIPPED,,,,,0,radar_block,reason=momentum_too_small conf=0.0006 mom_sig=0.00060005 raw_mom_bps=0.00000000 spread_bps=6.50570000 tension=0.00060005 bid_drop=0.00000000 ask_drop=0.00390032
2026-07-08T11:33:53Z,797,SKIP,SKIPPED,,,,,0,radar_block,reason=spread_too_wide conf=0.2556 mom_sig=0.30676018 raw_mom_bps=-0.14492777 spread_bps=8.29170000 tension=0.30676018 bid_drop=1.99394116 ask_drop=0.00325878
2026-07-08T11:33:59Z,798,SKIP,SKIPPED,,,,,0,radar_block,reason=momentum_too_small conf=0.0004 mom_sig=0.00029823 raw_mom_bps=0.00000000 spread_bps=1.91590000 tension=0.00029823 bid_drop=0.00098339 ask_drop=0.00193851
2026-07-08T11:34:06Z,799,SKIP,SKIPPED,,,,,0,radar_block,reason=momentum_too_small conf=0.0 mom_sig=0.00005147 raw_mom_bps=0.00000000 spread_bps=6.76140000 tension=0.00005147 bid_drop=0.00000000 ask_drop=0.00033455
2026-07-08T11:34:13Z,800,SKIP,SKIPPED,,,,,0,radar_block,reason=momentum_too_small conf=0.0001 mom_sig=0.00005575 raw_mom_bps=0.00000000 spread_bps=0.01610000 tension=0.00005575 bid_drop=0.00036236 ask_drop=0.00000000
2026-07-08T11:34:21Z,801,SKIP,SKIPPED,,,,,0,radar_block,reason=momentum_too_small conf=0.3493 mom_sig=0.00000000 raw_mom_bps=0.00000000 spread_bps=0.03220000 tension=0.00000000 bid_drop=0.00000000 ask_drop=0.00000000
2026-07-08T11:34:28Z,802,SKIP,SKIPPED,,,,,0,radar_block,reason=momentum_too_small conf=0.3496 mom_sig=0.00000000 raw_mom_bps=0.00000000 spread_bps=0.01610000 tension=0.00000000 bid_drop=0.00000000 ask_drop=0.00000000
2026-07-08T11:34:35Z,803,SKIP,SKIPPED,,,,,0,radar_block,reason=momentum_too_small conf=0.3496 mom_sig=0.00000000 raw_mom_bps=0.00000000 spread_bps=0.01610000 tension=0.00000000 bid_drop=0.00000000 ask_drop=0.00000000
2026-07-08T11:34:43Z,804,SKIP,SKIPPED,,,,,0,radar_block,reason=momentum_too_small conf=0.0 mom_sig=0.00001090 raw_mom_bps=0.25751170 spread_bps=0.27360000 tension=0.00001090 bid_drop=0.00000000 ask_drop=0.00007086
2026-07-08T11:34:50Z,805,SKIP,SKIPPED,,,,,0,radar_block,reason=momentum_too_small conf=0.344 mom_sig=0.00000000 raw_mom_bps=0.00000000 spread_bps=0.27360000 tension=0.00000000 bid_drop=0.00000000 ask_drop=0.00000000
2026-07-08T11:34:58Z,806,SKIP,SKIPPED,,,,,0,radar_block,reason=momentum_too_small conf=0.344 mom_sig=0.00000000 raw_mom_bps=0.00000000 spread_bps=0.27360000 tension=0.00000000 bid_drop=0.00000000 ask_drop=0.00000000
2026-07-08T11:35:06Z,807,SKIP,SKIPPED,,,,,0,impulse_resonance_wait,reason=wall_not_collapsed tension=0.69641710 bid_drop=0.00000000 ask_drop=4.52671118
2026-07-08T11:35:13Z,808,SKIP,SKIPPED,,,,,0,radar_block,reason=momentum_too_small conf=0.3373 mom_sig=0.00000000 raw_mom_bps=0.00000000 spread_bps=0.57940000 tension=0.00000000 bid_drop=0.00000000 ask_drop=0.00000000
2026-07-08T11:35:21Z,809,SKIP,SKIPPED,,,,,0,radar_block,reason=momentum_too_small conf=0.3408 mom_sig=0.00000000 raw_mom_bps=0.00000000 spread_bps=0.41840000 tension=0.00000000 bid_drop=0.00000000 ask_drop=0.00000000
2026-07-08T11:35:29Z,810,SKIP,SKIPPED,,,,,0,radar_block,reason=momentum_too_small conf=0.0 mom_sig=0.00000524 raw_mom_bps=0.00000000 spread_bps=0.65980000 tension=0.00000524 bid_drop=0.00000000 ask_drop=0.00003403
2026-07-08T11:35:36Z,811,SKIP,SKIPPED,,,,,0,radar_block,reason=momentum_too_small conf=0.0002 mom_sig=0.00013815 raw_mom_bps=0.00000000 spread_bps=0.82070000 tension=0.00013815 bid_drop=0.00000000 ask_drop=0.00089797
2026-07-08T11:35:44Z,812,SKIP,SKIPPED,,,,,0,impulse_resonance_wait,reason=wall_not_collapsed tension=0.23308361 bid_drop=0.00000000 ask_drop=1.51504348
2026-07-08T11:35:51Z,813,SKIP,SKIPPED,,,,,0,radar_block,reason=momentum_too_small conf=0.3496 mom_sig=0.00000000 raw_mom_bps=0.00000000 spread_bps=0.01610000 tension=0.00000000 bid_drop=0.00000000 ask_drop=0.00000000
2026-07-08T11:35:58Z,814,SKIP,SKIPPED,,,,,0,radar_block,reason=momentum_too_small conf=0.0072 mom_sig=0.00450397 raw_mom_bps=0.00000000 spread_bps=0.59540000 tension=0.00450397 bid_drop=0.00025209 ask_drop=0.02927582
2026-07-08T11:36:07Z,815,SKIP,SKIPPED,,,,,0,llm_gate,reason=ollama_skip status=SKIP
2026-07-08T11:36:15Z,816,SKIP,SKIPPED,,,,,0,llm_gate,reason=ollama_skip status=SKIP
2026-07-08T11:36:23Z,817,SKIP,SKIPPED,,,,,0,llm_gate,reason=ollama_skip status=SKIP
2026-07-08T11:36:30Z,818,SKIP,SKIPPED,,,,,0,radar_block,reason=momentum_too_small conf=0.012 mom_sig=0.00817666 raw_mom_bps=0.00000000 spread_bps=1.91510000 tension=0.00817666 bid_drop=0.05314827 ask_drop=0.00000000
2026-07-08T11:36:38Z,819,SKIP,SKIPPED,,,,,0,tactic_mismatch,mom=short structure=long
2026-07-08T11:36:45Z,820,SKIP,SKIPPED,,,,,0,radar_block,reason=momentum_too_small conf=0.0001 mom_sig=0.00007764 raw_mom_bps=0.00000000 spread_bps=2.01160000 tension=0.00007764 bid_drop=0.00050469 ask_drop=0.00037961
2026-07-08T11:36:52Z,821,SKIP,SKIPPED,,,,,0,radar_block,reason=momentum_too_small conf=0.0006 mom_sig=0.00042322 raw_mom_bps=0.00000000 spread_bps=2.01160000 tension=0.00042322 bid_drop=0.00275092 ask_drop=0.00068487
2026-07-08T11:37:00Z,822,SKIP,SKIPPED,,,,,0,radar_block,reason=momentum_too_small conf=0.2947 mom_sig=0.00000000 raw_mom_bps=0.00000000 spread_bps=2.52670000 tension=0.00000000 bid_drop=0.00000000 ask_drop=0.00000000
2026-07-08T11:37:07Z,823,SKIP,SKIPPED,,,,,0,impulse_resonance_wait,reason=wall_not_collapsed tension=0.97623979 bid_drop=6.34555861 ask_drop=0.00000684
2026-07-08T11:37:15Z,824,SKIP,SKIPPED,,,,,0,radar_block,reason=momentum_too_small conf=0.0004 mom_sig=0.00029441 raw_mom_bps=0.00000000 spread_bps=2.67150000 tension=0.00029441 bid_drop=0.00191369 ask_drop=0.00022686
2026-07-08T11:37:22Z,825,SKIP,SKIPPED,,,,,0,impulse_resonance_wait,reason=wall_not_collapsed tension=0.62847778 bid_drop=4.08510558 ask_drop=0.00000000
2026-07-08T11:37:40Z,826,SELL,FILLED,62111.40000000,62117.60000000,0.00950000,-0.99820645,-0.05890000,shock_inversion_stop,radar=long conf=0.8139 size_note=strong_conf_full+entry_25_75_full soft=0 pct=-0.00998206 tension=4.68870607 bid_drop=30.47658946 ask_drop=0.00000000
2026-07-08T11:37:49Z,827,SKIP,SKIPPED,,,,,0,radar_block,reason=momentum_too_small conf=0.0 mom_sig=0.00000413 raw_mom_bps=0.00000000 spread_bps=1.77030000 tension=0.00000413 bid_drop=0.00002687 ask_drop=0.00000000
2026-07-08T11:37:57Z,828,SKIP,SKIPPED,,,,,0,llm_gate,reason=ollama_skip status=SKIP
2026-07-08T11:38:05Z,829,SKIP,SKIPPED,,,,,0,radar_block,reason=momentum_too_small conf=0.0 mom_sig=0.00000735 raw_mom_bps=0.00000000 spread_bps=3.05780000 tension=0.00000735 bid_drop=0.00004779 ask_drop=0.00003227
2026-07-08T11:38:13Z,830,SKIP,SKIPPED,,,,,0,radar_block,reason=momentum_too_small conf=0.2845 mom_sig=0.00000000 raw_mom_bps=-0.53122218 spread_bps=2.99340000 tension=0.00000000 bid_drop=0.00000000 ask_drop=0.00000000
2026-07-08T11:38:21Z,831,SKIP,SKIPPED,,,,,0,radar_block,reason=momentum_too_small conf=0.237 mom_sig=0.00000000 raw_mom_bps=0.00000000 spread_bps=5.16610000 tension=0.00000000 bid_drop=0.00000000 ask_drop=0.00000000
2026-07-08T11:38:28Z,832,SKIP,SKIPPED,,,,,0,radar_block,reason=momentum_too_small conf=0.2845 mom_sig=0.00000000 raw_mom_bps=0.00000000 spread_bps=2.99340000 tension=0.00000000 bid_drop=0.00000000 ask_drop=0.00000000
2026-07-08T11:38:36Z,833,SKIP,SKIPPED,,,,,0,radar_block,reason=momentum_too_small conf=0.2845 mom_sig=0.00000000 raw_mom_bps=0.00000000 spread_bps=2.99340000 tension=0.00000000 bid_drop=0.00000000 ask_drop=0.00000000
2026-07-08T11:38:45Z,834,SKIP,SKIPPED,,,,,0,llm_gate,reason=ollama_skip status=SKIP
2026-07-08T11:38:52Z,835,SKIP,SKIPPED,,,,,0,radar_block,reason=momentum_too_small conf=0.0001 mom_sig=0.00004513 raw_mom_bps=0.00000000 spread_bps=3.05780000 tension=0.00004513 bid_drop=0.00000000 ask_drop=0.00029333
2026-07-08T11:38:59Z,836,SKIP,SKIPPED,,,,,0,radar_block,reason=momentum_too_small conf=0.0 mom_sig=0.00000458 raw_mom_bps=0.00000000 spread_bps=2.99340000 tension=0.00000458 bid_drop=0.00002979 ask_drop=0.00000000
2026-07-08T11:39:06Z,837,SKIP,SKIPPED,,,,,0,radar_block,reason=momentum_too_small conf=0.0 mom_sig=0.00000301 raw_mom_bps=0.00000000 spread_bps=2.99340000 tension=0.00000301 bid_drop=0.00000000 ask_drop=0.00001956
2026-07-08T11:39:14Z,838,SKIP,SKIPPED,,,,,0,radar_block,reason=momentum_too_small conf=0.0 mom_sig=0.00001917 raw_mom_bps=0.00000000 spread_bps=2.99340000 tension=0.00001917 bid_drop=0.00012459 ask_drop=0.00000000
2026-07-08T11:39:33Z,839,SELL,FILLED,62117.60000000,62136.20000000,0.00480000,-2.99432045,-0.08928000,shock_inversion_stop,radar=short conf=0.8129 size_note=strong_conf_full+entry_25_75_full soft=1 pct=-0.02994320 tension=3.96672197 bid_drop=25.78369282 ask_drop=0.00004450
2026-07-08T16:02:24Z,840,SKIP,SKIPPED,,,,,0,radar_block,reason=momentum_too_small conf=0.35 mom_sig=0.00000000 raw_mom_bps=0.00000000 spread_bps=0 tension=0.00000000 bid_drop=0.00000000 ask_drop=0.00000000
2026-07-08T16:02:28Z,841,SKIP,SKIPPED,,,,,0,radar_block,reason=momentum_too_small conf=0.35 mom_sig=0.00000000 raw_mom_bps=0.00000000 spread_bps=0 tension=0.00000000 bid_drop=0.00000000 ask_drop=0.00000000
2026-07-08T16:02:34Z,842,SKIP,SKIPPED,,,,,0,radar_block,reason=momentum_too_small conf=0.1993 mom_sig=0.00000000 raw_mom_bps=0.00000000 spread_bps=6.88930000 tension=0.00000000 bid_drop=0.00000000 ask_drop=0.00000000
2026-07-08T16:02:41Z,843,SKIP,SKIPPED,,,,,0,radar_block,reason=momentum_too_small conf=0.0027 mom_sig=0.00260228 raw_mom_bps=0.00000000 spread_bps=5.98150000 tension=0.00260228 bid_drop=0.01691485 ask_drop=0.00029468
2026-07-08T16:02:49Z,844,SKIP,SKIPPED,,,,,0,radar_block,reason=momentum_too_small conf=0.1993 mom_sig=0.00000000 raw_mom_bps=6.89401227 spread_bps=6.88930000 tension=0.00000000 bid_drop=0.00000000 ask_drop=0.00000000
2026-07-08T16:02:55Z,845,SKIP,SKIPPED,,,,,0,impulse_resonance_wait,reason=wall_not_collapsed tension=0.26834101 bid_drop=1.74421655 ask_drop=0.00000000
2026-07-08T16:03:02Z,846,SKIP,SKIPPED,,,,,0,radar_block,reason=momentum_too_small conf=0.0 mom_sig=0.00001893 raw_mom_bps=0.00000000 spread_bps=5.93290000 tension=0.00001893 bid_drop=0.00000000 ask_drop=0.00012306
2026-07-08T16:03:09Z,847,SKIP,SKIPPED,,,,,0,radar_block,reason=direction_unclear conf=0.1015 mom_sig=0.08948017 raw_mom_bps=0.00000000 spread_bps=5.10640000 tension=0.08948017 bid_drop=0.58162109 ask_drop=0.00002662
2026-07-08T16:03:16Z,848,SKIP,SKIPPED,,,,,0,radar_block,reason=direction_unclear conf=0.1812 mom_sig=0.17829672 raw_mom_bps=0.00000000 spread_bps=6.24100000 tension=0.17829672 bid_drop=1.15892865 ask_drop=0.00000000
2026-07-08T16:03:22Z,849,SKIP,SKIPPED,,,,,0,radar_block,reason=direction_unclear conf=0.0999 mom_sig=0.08959600 raw_mom_bps=-5.93343849 spread_bps=5.30070000 tension=0.08959600 bid_drop=0.58237398 ask_drop=0.00000000
2026-07-08T16:03:28Z,850,SKIP,SKIPPED,,,,,0,radar_block,reason=direction_unclear conf=0.1034 mom_sig=0.09136204 raw_mom_bps=0.00000000 spread_bps=5.13870000 tension=0.09136204 bid_drop=0.59385325 ask_drop=0.00003078
2026-07-08T16:03:35Z,851,SKIP,SKIPPED,,,,,0,radar_block,reason=direction_unclear conf=0.0989 mom_sig=0.08970675 raw_mom_bps=0.00000000 spread_bps=5.41490000 tension=0.08970675 bid_drop=0.58309387 ask_drop=0.00003420
2026-07-08T16:03:41Z,852,SKIP,SKIPPED,,,,,0,radar_block,reason=direction_unclear conf=0.2045 mom_sig=0.16706132 raw_mom_bps=0.00000000 spread_bps=4.24820000 tension=0.16706132 bid_drop=0.00000000 ask_drop=1.08589858
2026-07-08T16:03:48Z,853,SKIP,SKIPPED,,,,,0,radar_block,reason=direction_unclear conf=0.1144 mom_sig=0.08998098 raw_mom_bps=0.00000000 spread_bps=3.79370000 tension=0.08998098 bid_drop=0.58487638 ask_drop=0.03150590
2026-07-08T16:03:55Z,854,SKIP,SKIPPED,,,,,0,radar_block,reason=direction_unclear conf=0.1009 mom_sig=0.08976035 raw_mom_bps=0.00000000 spread_bps=5.20340000 tension=0.08976035 bid_drop=0.58344225 ask_drop=0.00000000
2026-07-08T16:04:04Z,855,SKIP,SKIPPED,,,,,0,llm_gate,reason=ollama_skip status=SKIP
2026-07-08T16:04:12Z,856,SKIP,SKIPPED,,,,,0,llm_gate,reason=ollama_skip status=SKIP
2026-07-08T16:04:19Z,857,SKIP,SKIPPED,,,,,0,radar_block,reason=momentum_too_small conf=0.0 mom_sig=0.00002188 raw_mom_bps=0.00000000 spread_bps=1.88100000 tension=0.00002188 bid_drop=0.00000000 ask_drop=0.00014219
2026-07-08T16:04:27Z,858,SKIP,SKIPPED,,,,,0,radar_block,reason=momentum_too_small conf=0.0 mom_sig=0.00000669 raw_mom_bps=0.56754333 spread_bps=3.50200000 tension=0.00000669 bid_drop=0.00000000 ask_drop=0.00004350
2026-07-08T16:04:34Z,859,SKIP,SKIPPED,,,,,0,radar_block,reason=momentum_too_small conf=0.0 mom_sig=0.00001453 raw_mom_bps=0.00000000 spread_bps=4.15020000 tension=0.00001453 bid_drop=0.00000000 ask_drop=0.00009447
2026-07-08T16:04:41Z,860,SKIP,SKIPPED,,,,,0,radar_block,reason=direction_unclear conf=0.1254 mom_sig=0.09169813 raw_mom_bps=0.00000000 spread_bps=2.86980000 tension=0.09169813 bid_drop=0.59603784 ask_drop=0.00000000
2026-07-08T16:04:48Z,861,SKIP,SKIPPED,,,,,0,radar_block,reason=momentum_too_small conf=0.2872 mom_sig=0.00000000 raw_mom_bps=0.00000000 spread_bps=2.86980000 tension=0.00000000 bid_drop=0.00000000 ask_drop=0.00000000
2026-07-08T16:04:54Z,862,SKIP,SKIPPED,,,,,0,radar_block,reason=momentum_too_small conf=0.3213 mom_sig=0.00000000 raw_mom_bps=0.00000000 spread_bps=1.31370000 tension=0.00000000 bid_drop=0.00000000 ask_drop=0.00000000
2026-07-08T16:05:01Z,863,SKIP,SKIPPED,,,,,0,impulse_resonance_wait,reason=wall_not_collapsed tension=0.80609736 bid_drop=0.00000000 ask_drop=5.23963282
2026-07-08T16:05:08Z,864,SKIP,SKIPPED,,,,,0,radar_block,reason=momentum_too_small conf=0.0001 mom_sig=0.00007763 raw_mom_bps=0.00000000 spread_bps=1.68670000 tension=0.00007763 bid_drop=0.00000000 ask_drop=0.00050457
2026-07-08T16:05:16Z,865,SKIP,SKIPPED,,,,,0,radar_block,reason=momentum_too_small conf=0.3131 mom_sig=0.00000000 raw_mom_bps=0.00000000 spread_bps=1.68670000 tension=0.00000000 bid_drop=0.00000000 ask_drop=0.00000000
2026-07-08T16:05:23Z,866,SKIP,SKIPPED,,,,,0,impulse_resonance_wait,reason=wall_not_collapsed tension=0.34713447 bid_drop=1.19003514 ask_drop=2.25637408
2026-07-08T16:05:31Z,867,SKIP,SKIPPED,,,,,0,radar_block,reason=momentum_too_small conf=0.3433 mom_sig=0.00000000 raw_mom_bps=0.00000000 spread_bps=0.30770000 tension=0.00000000 bid_drop=0.00000000 ask_drop=0.00000000
2026-07-08T16:05:46Z,868,SKIP,SKIPPED,,,,,0,llm_gate,reason=ollama_skip status=SKIP
2026-07-08T16:06:10Z,869,SKIP,SKIPPED,,,,,0,impulse_resonance_wait,reason=wall_not_collapsed tension=0.50262284 bid_drop=0.00000000 ask_drop=3.26704843
2026-07-08T16:06:25Z,870,SKIP,SKIPPED,,,,,0,impulse_resonance_wait,reason=wall_not_collapsed tension=0.50240147 bid_drop=0.00025949 ask_drop=3.26560955
2026-07-08T16:06:31Z,871,SKIP,SKIPPED,,,,,0,radar_block,reason=momentum_too_small conf=0.0001 mom_sig=0.00003769 raw_mom_bps=0.00000000 spread_bps=0.69610000 tension=0.00003769 bid_drop=0.00024500 ask_drop=0.00000000
2026-07-08T16:06:38Z,872,SKIP,SKIPPED,,,,,0,impulse_resonance_wait,reason=wall_not_collapsed tension=0.50237882 bid_drop=0.00000000 ask_drop=3.26546231
2026-07-08T16:06:55Z,873,SELL,FILLED,61770.30000000,61770.30000000,0.00970000,-0.00000000,-0.00000000,shock_inversion_stop,radar=long conf=0.9605 size_note=strong_conf_full+entry_25_75_full soft=0 pct=-0.00000000 tension=1.03880887 bid_drop=0.00028229 ask_drop=6.75225763
2026-07-08T16:07:02Z,874,SKIP,SKIPPED,,,,,0,radar_block,reason=momentum_too_small conf=0.0 mom_sig=0.00002608 raw_mom_bps=-0.69607897 spread_bps=0.69610000 tension=0.00002608 bid_drop=0.00016950 ask_drop=0.00000000
2026-07-08T16:07:12Z,875,SKIP,SKIPPED,,,,,0,llm_gate,reason=ollama_skip status=SKIP
2026-07-08T16:07:20Z,876,SKIP,SKIPPED,,,,,0,radar_block,reason=momentum_too_small conf=0.3348 mom_sig=0.00000000 raw_mom_bps=0.00000000 spread_bps=0.69610000 tension=0.00000000 bid_drop=0.00000000 ask_drop=0.00000000
2026-07-08T16:07:26Z,877,SKIP,SKIPPED,,,,,0,radar_block,reason=momentum_too_small conf=0.0012 mom_sig=0.00075923 raw_mom_bps=0.00000000 spread_bps=0.58280000 tension=0.00075923 bid_drop=0.00000000 ask_drop=0.00493502
2026-07-08T16:07:34Z,878,SKIP,SKIPPED,,,,,0,radar_block,reason=momentum_too_small conf=0.0001 mom_sig=0.00004656 raw_mom_bps=0.00000000 spread_bps=0.58280000 tension=0.00004656 bid_drop=0.00030267 ask_drop=0.00000000
2026-07-08T16:07:41Z,879,SKIP,SKIPPED,,,,,0,radar_block,reason=momentum_too_small conf=0.3457 mom_sig=0.00000000 raw_mom_bps=0.00000000 spread_bps=0.19430000 tension=0.00000000 bid_drop=0.00000000 ask_drop=0.00000000
2026-07-08T16:08:00Z,880,SELL,FILLED,61771.00000000,61774.60000000,0.00970000,-0.58279775,-0.03492000,shock_inversion_stop,radar=long conf=0.9636 size_note=strong_conf_full+entry_25_75_full soft=0 pct=-0.00582798 tension=6.38412082 bid_drop=41.49678536 ask_drop=0.17271151
2026-07-08T16:08:08Z,881,SKIP,SKIPPED,,,,,0,radar_block,reason=momentum_too_small conf=0.3348 mom_sig=0.00000000 raw_mom_bps=0.69612743 spread_bps=0.69610000 tension=0.00000000 bid_drop=0.00000000 ask_drop=0.00000000
2026-07-08T16:08:15Z,882,SKIP,SKIPPED,,,,,0,radar_block,reason=momentum_too_small conf=0.0 mom_sig=0.00000917 raw_mom_bps=0.00000000 spread_bps=0.69610000 tension=0.00000917 bid_drop=0.00005963 ask_drop=0.00002237
2026-07-08T16:08:21Z,883,SKIP,SKIPPED,,,,,0,radar_block,reason=momentum_too_small conf=0.0001 mom_sig=0.00003788 raw_mom_bps=0.00000000 spread_bps=0.69610000 tension=0.00003788 bid_drop=0.00000000 ask_drop=0.00024619
2026-07-08T16:08:28Z,884,SKIP,SKIPPED,,,,,0,radar_block,reason=momentum_too_small conf=0.0033 mom_sig=0.00204272 raw_mom_bps=0.00000000 spread_bps=0.69610000 tension=0.00204272 bid_drop=0.01327768 ask_drop=0.00000000
2026-07-08T16:08:36Z,885,SKIP,SKIPPED,,,,,0,llm_gate,reason=ollama_skip status=SKIP
2026-07-08T16:08:43Z,886,SKIP,SKIPPED,,,,,0,impulse_resonance_wait,reason=wall_not_collapsed tension=0.61177270 bid_drop=3.97652258 ask_drop=0.00676281
2026-07-08T16:08:50Z,887,SKIP,SKIPPED,,,,,0,llm_gate,reason=ollama_skip status=SKIP
2026-07-08T16:08:57Z,888,SKIP,SKIPPED,,,,,0,radar_block,reason=momentum_too_small conf=0.0001 mom_sig=0.00008794 raw_mom_bps=-0.17807161 spread_bps=0.45330000 tension=0.00008794 bid_drop=0.00000000 ask_drop=0.00057159
2026-07-08T16:09:05Z,889,SKIP,SKIPPED,,,,,0,radar_block,reason=momentum_too_small conf=0.0022 mom_sig=0.00138828 raw_mom_bps=0.00000000 spread_bps=0.69610000 tension=0.00138828 bid_drop=0.00287183 ask_drop=0.00902380
2026-07-08T16:09:12Z,890,SKIP,SKIPPED,,,,,0,radar_block,reason=momentum_too_small conf=0.0001 mom_sig=0.00008166 raw_mom_bps=0.69612743 spread_bps=0.21040000 tension=0.00008166 bid_drop=0.00010564 ask_drop=0.00053077
2026-07-08T16:09:19Z,891,SKIP,SKIPPED,,,,,0,radar_block,reason=momentum_too_small conf=0.3415 mom_sig=0.00000000 raw_mom_bps=0.00000000 spread_bps=0.38850000 tension=0.00000000 bid_drop=0.00000000 ask_drop=0.00000000
2026-07-08T16:09:25Z,892,SKIP,SKIPPED,,,,,0,radar_block,reason=momentum_too_small conf=0.0002 mom_sig=0.00010962 raw_mom_bps=0.00000000 spread_bps=0.38850000 tension=0.00010962 bid_drop=0.00000000 ask_drop=0.00071252
2026-07-08T16:09:33Z,893,SKIP,SKIPPED,,,,,0,radar_block,reason=momentum_too_small conf=0.0002 mom_sig=0.00011911 raw_mom_bps=0.17806297 spread_bps=0.97120000 tension=0.00011911 bid_drop=0.00000000 ask_drop=0.00077424
2026-07-08T16:09:40Z,894,SKIP,SKIPPED,,,,,0,radar_block,reason=momentum_too_small conf=0.3288 mom_sig=0.00000000 raw_mom_bps=0.00000000 spread_bps=0.97120000 tension=0.00000000 bid_drop=0.00000000 ask_drop=0.00000000
2026-07-08T16:09:47Z,895,SKIP,SKIPPED,,,,,0,radar_block,reason=momentum_too_small conf=0.0004 mom_sig=0.00026969 raw_mom_bps=0.00000000 spread_bps=0.92270000 tension=0.00026969 bid_drop=0.00175301 ask_drop=0.00129720
2026-07-08T16:09:54Z,896,SKIP,SKIPPED,,,,,0,radar_block,reason=direction_unclear conf=0.1215 mom_sig=0.07821090 raw_mom_bps=0.00000000 spread_bps=1.08450000 tension=0.07821090 bid_drop=0.00047197 ask_drop=0.50837086
2026-07-08T16:10:03Z,897,SKIP,SKIPPED,,,,,0,radar_block,reason=momentum_too_small conf=0.0 mom_sig=0.00003011 raw_mom_bps=0.00000000 spread_bps=1.08450000 tension=0.00003011 bid_drop=0.00000000 ask_drop=0.00019571
2026-07-08T16:10:11Z,898,SKIP,SKIPPED,,,,,0,radar_block,reason=momentum_too_small conf=0.288 mom_sig=0.00000000 raw_mom_bps=0.00000000 spread_bps=2.83230000 tension=0.00000000 bid_drop=0.00000000 ask_drop=0.00000000
2026-07-08T16:10:19Z,899,SKIP,SKIPPED,,,,,0,radar_block,reason=momentum_too_small conf=0.0 mom_sig=0.00002632 raw_mom_bps=0.00000000 spread_bps=1.74790000 tension=0.00002632 bid_drop=0.00000000 ask_drop=0.00017107
2026-07-08T16:10:26Z,900,SKIP,SKIPPED,,,,,0,radar_block,reason=momentum_too_small conf=0.0 mom_sig=0.00002997 raw_mom_bps=0.00000000 spread_bps=0.80920000 tension=0.00002997 bid_drop=0.00000000 ask_drop=0.00019483
2026-07-08T16:10:32Z,901,SKIP,SKIPPED,,,,,0,radar_block,reason=momentum_too_small conf=0.0002 mom_sig=0.00014965 raw_mom_bps=0.00000000 spread_bps=0.76070000 tension=0.00014965 bid_drop=0.00097271 ask_drop=0.00009032
2026-07-08T16:10:39Z,902,SKIP,SKIPPED,,,,,0,radar_block,reason=momentum_too_small conf=0.0 mom_sig=0.00002854 raw_mom_bps=0.00000000 spread_bps=0.76070000 tension=0.00002854 bid_drop=0.00000000 ask_drop=0.00018551
2026-07-08T16:10:47Z,903,SKIP,SKIPPED,,,,,0,radar_block,reason=momentum_too_small conf=0.0003 mom_sig=0.00019978 raw_mom_bps=0.00000000 spread_bps=1.61840000 tension=0.00019978 bid_drop=0.00000000 ask_drop=0.00129858
2026-07-08T16:10:54Z,904,SKIP,SKIPPED,,,,,0,radar_block,reason=momentum_too_small conf=0.0002 mom_sig=0.00014972 raw_mom_bps=0.00000000 spread_bps=1.74790000 tension=0.00014972 bid_drop=0.00097319 ask_drop=0.00002378
2026-07-08T16:11:00Z,905,SKIP,SKIPPED,,,,,0,radar_block,reason=momentum_too_small conf=0.0002 mom_sig=0.00014972 raw_mom_bps=0.00000000 spread_bps=2.83230000 tension=0.00014972 bid_drop=0.00097320 ask_drop=0.00018552
2026-07-08T16:11:07Z,906,SKIP,SKIPPED,,,,,0,radar_block,reason=momentum_too_small conf=0.0006 mom_sig=0.00042113 raw_mom_bps=0.00000000 spread_bps=2.83230000 tension=0.00042113 bid_drop=0.00273735 ask_drop=0.00020455
2026-07-08T16:11:14Z,907,SKIP,SKIPPED,,,,,0,radar_block,reason=momentum_too_small conf=0.0001 mom_sig=0.00010532 raw_mom_bps=0.00000000 spread_bps=2.83230000 tension=0.00010532 bid_drop=0.00068455 ask_drop=0.00017230
2026-07-08T16:11:21Z,908,SKIP,SKIPPED,,,,,0,radar_block,reason=direction_unclear conf=0.0418 mom_sig=0.03046907 raw_mom_bps=0.00000000 spread_bps=2.83230000 tension=0.03046907 bid_drop=0.00000000 ask_drop=0.19804896
2026-07-08T16:11:28Z,909,SKIP,SKIPPED,,,,,0,radar_block,reason=momentum_too_small conf=0.0001 mom_sig=0.00004141 raw_mom_bps=-2.83227433 spread_bps=2.83230000 tension=0.00004141 bid_drop=0.00000000 ask_drop=0.00026916
2026-07-08T16:11:35Z,910,SKIP,SKIPPED,,,,,0,radar_block,reason=momentum_too_small conf=0.0001 mom_sig=0.00003698 raw_mom_bps=0.00000000 spread_bps=2.67040000 tension=0.00003698 bid_drop=0.00000000 ask_drop=0.00024038
2026-07-08T16:11:42Z,911,SKIP,SKIPPED,,,,,0,radar_block,reason=momentum_too_small conf=0.288 mom_sig=0.00000000 raw_mom_bps=0.00000000 spread_bps=2.83230000 tension=0.00000000 bid_drop=0.00000000 ask_drop=0.00000000
2026-07-08T16:11:49Z,912,SKIP,SKIPPED,,,,,0,radar_block,reason=momentum_too_small conf=0.0001 mom_sig=0.00004218 raw_mom_bps=0.00000000 spread_bps=1.97450000 tension=0.00004218 bid_drop=0.00027414 ask_drop=0.00009648
2026-07-08T16:11:56Z,913,SKIP,SKIPPED,,,,,0,radar_block,reason=momentum_too_small conf=0.288 mom_sig=0.00000000 raw_mom_bps=0.00000000 spread_bps=2.83230000 tension=0.00000000 bid_drop=0.00000000 ask_drop=0.00000000
2026-07-08T16:12:03Z,914,SKIP,SKIPPED,,,,,0,radar_block,reason=momentum_too_small conf=0.0 mom_sig=0.00002109 raw_mom_bps=0.00000000 spread_bps=2.83230000 tension=0.00002109 bid_drop=0.00013707 ask_drop=0.00013507
2026-07-08T16:12:11Z,915,SKIP,SKIPPED,,,,,0,radar_block,reason=momentum_too_small conf=0.288 mom_sig=0.00000000 raw_mom_bps=0.00000000 spread_bps=2.83230000 tension=0.00000000 bid_drop=0.00000000 ask_drop=0.00000000
2026-07-08T16:12:18Z,916,SKIP,SKIPPED,,,,,0,radar_block,reason=momentum_too_small conf=0.0011 mom_sig=0.00077010 raw_mom_bps=0.00000000 spread_bps=2.83230000 tension=0.00077010 bid_drop=0.00021932 ask_drop=0.00500566
2026-07-08T16:12:25Z,917,SKIP,SKIPPED,,,,,0,impulse_resonance_wait,reason=wall_not_collapsed tension=0.60088708 bid_drop=0.00000000 ask_drop=3.90576600
2026-07-08T16:12:31Z,918,SKIP,SKIPPED,,,,,0,radar_block,reason=momentum_too_small conf=0.305 mom_sig=0.00000000 raw_mom_bps=0.00000000 spread_bps=2.05560000 tension=0.00000000 bid_drop=0.00000000 ask_drop=0.00000000
2026-07-08T16:12:38Z,919,SKIP,SKIPPED,,,,,0,radar_block,reason=momentum_too_small conf=0.0 mom_sig=0.00003449 raw_mom_bps=0.00000000 spread_bps=2.83230000 tension=0.00003449 bid_drop=0.00000000 ask_drop=0.00022419
2026-07-08T16:12:45Z,920,SKIP,SKIPPED,,,,,0,radar_block,reason=momentum_too_small conf=0.2845 mom_sig=0.00000000 raw_mom_bps=0.00000000 spread_bps=2.99410000 tension=0.00000000 bid_drop=0.00000000 ask_drop=0.00000000
2026-07-08T16:12:52Z,921,SKIP,SKIPPED,,,,,0,radar_block,reason=momentum_too_small conf=0.0 mom_sig=0.00002630 raw_mom_bps=2.99501532 spread_bps=2.70280000 tension=0.00002630 bid_drop=0.00000000 ask_drop=0.00017094
2026-07-08T16:13:00Z,922,SKIP,SKIPPED,,,,,0,radar_block,reason=momentum_too_small conf=0.0004 mom_sig=0.00028770 raw_mom_bps=0.00000000 spread_bps=2.70280000 tension=0.00028770 bid_drop=0.00187008 ask_drop=0.00026950
2026-07-08T16:13:06Z,923,SKIP,SKIPPED,,,,,0,radar_block,reason=momentum_too_small conf=0.2909 mom_sig=0.00000000 raw_mom_bps=0.00000000 spread_bps=2.70280000 tension=0.00000000 bid_drop=0.00000000 ask_drop=0.00000000
2026-07-08T16:13:24Z,924,SELL,FILLED,61787.80000000,61769.30000000,0.00770000,2.99411858,0.14245000,shock_inversion_stop,radar=long conf=0.8412 size_note=strong_conf_full+aspiration_1.618x+entry_25_75_full soft=1 pct=0.02994119 tension=1.00784709 bid_drop=6.55100611 ask_drop=0.00000000
2026-07-08T16:13:32Z,925,SKIP,SKIPPED,,,,,0,radar_block,reason=momentum_too_small conf=0.0001 mom_sig=0.00004489 raw_mom_bps=0.00000000 spread_bps=2.54110000 tension=0.00004489 bid_drop=0.00000000 ask_drop=0.00029177
2026-07-08T16:13:39Z,926,SKIP,SKIPPED,,,,,0,radar_block,reason=momentum_too_small conf=0.0 mom_sig=0.00003390 raw_mom_bps=0.00000000 spread_bps=2.54110000 tension=0.00003390 bid_drop=0.00017081 ask_drop=0.00022034
2026-07-08T16:13:46Z,927,SKIP,SKIPPED,,,,,0,radar_block,reason=momentum_too_small conf=0.0001 mom_sig=0.00008896 raw_mom_bps=0.00000000 spread_bps=2.37930000 tension=0.00008896 bid_drop=0.00000000 ask_drop=0.00057825
2026-07-08T16:13:52Z,928,SKIP,SKIPPED,,,,,0,radar_block,reason=momentum_too_small conf=0.0001 mom_sig=0.00007864 raw_mom_bps=0.00000000 spread_bps=2.37930000 tension=0.00007864 bid_drop=0.00051118 ask_drop=0.00027530
2026-07-08T16:14:00Z,929,SKIP,SKIPPED,,,,,0,radar_block,reason=momentum_too_small conf=0.0002 mom_sig=0.00015730 raw_mom_bps=0.00000000 spread_bps=2.37930000 tension=0.00015730 bid_drop=0.00102242 ask_drop=0.00005714
2026-07-08T16:14:08Z,930,SKIP,SKIPPED,,,,,0,radar_block,reason=momentum_too_small conf=0.0 mom_sig=0.00001229 raw_mom_bps=0.00000000 spread_bps=2.37930000 tension=0.00001229 bid_drop=0.00007988 ask_drop=0.00000000
2026-07-08T16:14:15Z,931,SKIP,SKIPPED,,,,,0,radar_block,reason=momentum_too_small conf=0.0001 mom_sig=0.00008004 raw_mom_bps=0.00000000 spread_bps=2.37930000 tension=0.00008004 bid_drop=0.00000000 ask_drop=0.00052027
2026-07-08T16:14:23Z,932,SKIP,SKIPPED,,,,,0,radar_block,reason=momentum_too_small conf=0.0004 mom_sig=0.00029537 raw_mom_bps=0.00000000 spread_bps=2.37930000 tension=0.00029537 bid_drop=0.00007988 ask_drop=0.00191991
2026-07-08T16:14:30Z,933,SKIP,SKIPPED,,,,,0,impulse_resonance_wait,reason=wall_not_collapsed tension=0.64698077 bid_drop=0.00022374 ask_drop=4.20537501
2026-07-08T16:14:37Z,934,SKIP,SKIPPED,,,,,0,radar_block,reason=momentum_too_small conf=0.2884 mom_sig=0.00000000 raw_mom_bps=0.00000000 spread_bps=2.81630000 tension=0.00000000 bid_drop=0.00000000 ask_drop=0.00000000
2026-07-08T16:14:44Z,935,SKIP,SKIPPED,,,,,0,radar_block,reason=momentum_too_small conf=0.0 mom_sig=0.00002173 raw_mom_bps=0.00000000 spread_bps=2.81630000 tension=0.00002173 bid_drop=0.00000000 ask_drop=0.00014125
2026-07-08T16:14:52Z,936,SKIP,SKIPPED,,,,,0,radar_block,reason=momentum_too_small conf=0.0 mom_sig=0.00002972 raw_mom_bps=0.00000000 spread_bps=2.80010000 tension=0.00002972 bid_drop=0.00000000 ask_drop=0.00019318
2026-07-08T16:14:59Z,937,SKIP,SKIPPED,,,,,0,impulse_resonance_wait,reason=wall_not_collapsed tension=0.67630990 bid_drop=0.00014383 ask_drop=4.39601438
2026-07-08T16:15:06Z,938,SKIP,SKIPPED,,,,,0,impulse_resonance_wait,reason=wall_not_collapsed tension=0.67730376 bid_drop=0.00000000 ask_drop=4.40247446
2026-07-08T16:15:14Z,939,SKIP,SKIPPED,,,,,0,radar_block,reason=momentum_too_small conf=0.0 mom_sig=0.00003265 raw_mom_bps=-2.80008222 spread_bps=2.81630000 tension=0.00003265 bid_drop=0.00000000 ask_drop=0.00021220
2026-07-08T16:15:21Z,940,SKIP,SKIPPED,,,,,0,radar_block,reason=momentum_too_small conf=0.2884 mom_sig=0.00000000 raw_mom_bps=0.00000000 spread_bps=2.81630000 tension=0.00000000 bid_drop=0.00000000 ask_drop=0.00000000
2026-07-08T16:15:28Z,941,SKIP,SKIPPED,,,,,0,radar_block,reason=momentum_too_small conf=0.0001 mom_sig=0.00004985 raw_mom_bps=0.25898307 spread_bps=0.37230000 tension=0.00004985 bid_drop=0.00032400 ask_drop=0.00000000
2026-07-08T16:15:34Z,942,SKIP,SKIPPED,,,,,0,radar_block,reason=momentum_too_small conf=0.3302 mom_sig=0.00000000 raw_mom_bps=0.00000000 spread_bps=0.90630000 tension=0.00000000 bid_drop=0.00000000 ask_drop=0.00000000
2026-07-08T16:15:41Z,943,SKIP,SKIPPED,,,,,0,impulse_resonance_wait,reason=wall_not_collapsed tension=0.82140268 bid_drop=5.33911740 ask_drop=0.00000000
2026-07-08T16:15:48Z,944,SKIP,SKIPPED,,,,,0,radar_block,reason=momentum_too_small conf=0.0005 mom_sig=0.00030732 raw_mom_bps=0.00000000 spread_bps=0.01620000 tension=0.00030732 bid_drop=0.00000000 ask_drop=0.00199758
2026-07-08T16:15:55Z,945,SKIP,SKIPPED,,,,,0,radar_block,reason=momentum_too_small conf=0.002 mom_sig=0.00121485 raw_mom_bps=0.00000000 spread_bps=0.01620000 tension=0.00121485 bid_drop=0.00789650 ask_drop=0.00112662
2026-07-08T16:16:02Z,946,SKIP,SKIPPED,,,,,0,radar_block,reason=momentum_too_small conf=0.0 mom_sig=0.00002476 raw_mom_bps=0.01618445 spread_bps=0.01620000 tension=0.00002476 bid_drop=0.00003826 ask_drop=0.00016095
2026-07-08T16:16:09Z,947,SKIP,SKIPPED,,,,,0,radar_block,reason=momentum_too_small conf=0.3496 mom_sig=0.00000000 raw_mom_bps=0.00000000 spread_bps=0.01620000 tension=0.00000000 bid_drop=0.00000000 ask_drop=0.00000000
2026-07-08T16:16:16Z,948,SKIP,SKIPPED,,,,,0,radar_block,reason=momentum_too_small conf=0.0049 mom_sig=0.00292069 raw_mom_bps=0.00000000 spread_bps=0.01620000 tension=0.00292069 bid_drop=0.00023966 ask_drop=0.01898450
2026-07-08T16:16:23Z,949,SKIP,SKIPPED,,,,,0,radar_block,reason=momentum_too_small conf=0.0 mom_sig=0.00000535 raw_mom_bps=0.00000000 spread_bps=0.01620000 tension=0.00000535 bid_drop=0.00003479 ask_drop=0.00000000
2026-07-08T16:16:30Z,950,SKIP,SKIPPED,,,,,0,radar_block,reason=momentum_too_small conf=0.3496 mom_sig=0.00000000 raw_mom_bps=0.00000000 spread_bps=0.01620000 tension=0.00000000 bid_drop=0.00000000 ask_drop=0.00000000
2026-07-08T16:16:37Z,951,SKIP,SKIPPED,,,,,0,impulse_resonance_wait,reason=wall_not_collapsed tension=0.50328179 bid_drop=3.27133165 ask_drop=0.00000000
2026-07-08T16:16:44Z,952,SKIP,SKIPPED,,,,,0,radar_block,reason=momentum_too_small conf=0.0001 mom_sig=0.00003993 raw_mom_bps=0.00000000 spread_bps=0.01620000 tension=0.00003993 bid_drop=0.00025953 ask_drop=0.00000000
2026-07-08T16:16:51Z,953,SKIP,SKIPPED,,,,,0,radar_block,reason=momentum_too_small conf=0.3401 mom_sig=0.00000000 raw_mom_bps=0.00000000 spread_bps=0.45320000 tension=0.00000000 bid_drop=0.00000000 ask_drop=0.00000000
2026-07-08T16:16:58Z,954,SKIP,SKIPPED,,,,,0,radar_block,reason=momentum_too_small conf=0.0029 mom_sig=0.00177302 raw_mom_bps=0.00000000 spread_bps=0.45320000 tension=0.00177302 bid_drop=0.00000000 ask_drop=0.01152460
2026-07-08T16:17:05Z,955,SKIP,SKIPPED,,,,,0,radar_block,reason=momentum_too_small conf=0.0125 mom_sig=0.00774641 raw_mom_bps=0.00000000 spread_bps=0.45320000 tension=0.00774641 bid_drop=0.00000000 ask_drop=0.05035169
2026-07-08T16:17:12Z,956,SKIP,SKIPPED,,,,,0,radar_block,reason=momentum_too_small conf=0.0 mom_sig=0.00002802 raw_mom_bps=0.00000000 spread_bps=0.45320000 tension=0.00002802 bid_drop=0.00000000 ask_drop=0.00018213
2026-07-08T16:17:19Z,957,SKIP,SKIPPED,,,,,0,radar_block,reason=momentum_too_small conf=0.0001 mom_sig=0.00004468 raw_mom_bps=0.00000000 spread_bps=0.45320000 tension=0.00004468 bid_drop=0.00000000 ask_drop=0.00029045
2026-07-08T16:17:26Z,958,SKIP,SKIPPED,,,,,0,radar_block,reason=momentum_too_small conf=0.0019 mom_sig=0.00119610 raw_mom_bps=0.00000000 spread_bps=0.45320000 tension=0.00119610 bid_drop=0.00777465 ask_drop=0.00020677
2026-07-08T16:17:33Z,959,SKIP,SKIPPED,,,,,0,radar_block,reason=momentum_too_small conf=0.0 mom_sig=0.00000789 raw_mom_bps=0.00000000 spread_bps=0.08090000 tension=0.00000789 bid_drop=0.00000000 ask_drop=0.00005130
2026-07-08T16:17:39Z,960,SKIP,SKIPPED,,,,,0,radar_block,reason=momentum_too_small conf=0.0 mom_sig=0.00002604 raw_mom_bps=0.00000000 spread_bps=0.08090000 tension=0.00002604 bid_drop=0.00000000 ask_drop=0.00016928
2026-07-08T16:17:46Z,961,SKIP,SKIPPED,,,,,0,radar_block,reason=momentum_too_small conf=0.0 mom_sig=0.00001342 raw_mom_bps=0.00000000 spread_bps=0.08090000 tension=0.00001342 bid_drop=0.00000000 ask_drop=0.00008720
2026-07-08T16:17:53Z,962,SKIP,SKIPPED,,,,,0,radar_block,reason=momentum_too_small conf=0.0001 mom_sig=0.00003788 raw_mom_bps=0.00000000 spread_bps=0.08090000 tension=0.00003788 bid_drop=0.00008194 ask_drop=0.00024623
2026-07-08T16:18:10Z,963,SELL,FILLED,61787.80000000,61848.70000000,0.00330000,-9.85631468,-0.20097000,shock_inversion_stop,radar=long conf=0.6856 size_note=strong_conf_full+entry_25_75_trap soft=1 pct=-0.09856315 tension=9.27884200 bid_drop=0.00096184 ask_drop=60.31247299
2026-07-08T16:18:17Z,964,SKIP,SKIPPED,,,,,0,radar_block,reason=momentum_too_small conf=0.0 mom_sig=0.00002171 raw_mom_bps=0.00000000 spread_bps=0.03230000 tension=0.00002171 bid_drop=0.00000000 ask_drop=0.00014112
2026-07-08T16:18:25Z,965,SKIP,SKIPPED,,,,,0,impulse_resonance_wait,reason=wall_not_collapsed tension=0.27419898 bid_drop=0.00000000 ask_drop=1.78229340
2026-07-08T16:18:32Z,966,SKIP,SKIPPED,,,,,0,impulse_resonance_wait,reason=wall_not_collapsed tension=0.20026348 bid_drop=1.30171261 ask_drop=0.00169867
2026-07-08T16:18:42Z,967,SKIP,SKIPPED,,,,,0,llm_gate,reason=ollama_skip status=SKIP
2026-07-08T16:19:06Z,968,SKIP,SKIPPED,,,,,0,impulse_resonance_wait,reason=wall_not_collapsed tension=0.80247083 bid_drop=5.21606041 ask_drop=1.01615236
2026-07-08T16:19:30Z,969,SKIP,SKIPPED,,,,,0,radar_block,reason=momentum_too_small conf=0.3415 mom_sig=0.00000000 raw_mom_bps=0.00000000 spread_bps=0.38800000 tension=0.00000000 bid_drop=0.00000000 ask_drop=0.00000000
2026-07-08T16:19:45Z,970,SKIP,SKIPPED,,,,,0,llm_gate,reason=ollama_skip status=SKIP
2026-07-08T16:19:54Z,971,SKIP,SKIPPED,,,,,0,radar_block,reason=momentum_too_small conf=0.3012 mom_sig=0.00000000 raw_mom_bps=0.00000000 spread_bps=2.23120000 tension=0.00000000 bid_drop=0.00000000 ask_drop=0.00000000
2026-07-08T16:20:01Z,972,SKIP,SKIPPED,,,,,0,radar_block,reason=momentum_too_small conf=0.3005 mom_sig=0.00000000 raw_mom_bps=0.00000000 spread_bps=2.26350000 tension=0.00000000 bid_drop=0.00000000 ask_drop=0.00000000
2026-07-08T16:20:09Z,973,SKIP,SKIPPED,,,,,0,llm_gate,reason=ollama_skip status=SKIP
2026-07-08T16:20:15Z,974,SKIP,SKIPPED,,,,,0,radar_block,reason=momentum_too_small conf=0.0005 mom_sig=0.00035732 raw_mom_bps=0.00000000 spread_bps=2.08570000 tension=0.00035732 bid_drop=0.00004817 ask_drop=0.00232260
2026-07-08T16:20:24Z,975,SKIP,SKIPPED,,,,,0,llm_gate,reason=ollama_skip status=SKIP
2026-07-08T16:20:33Z,976,SKIP,SKIPPED,,,,,0,llm_gate,reason=ollama_skip status=SKIP
2026-07-08T16:20:40Z,977,SKIP,SKIPPED,,,,,0,llm_gate,reason=ollama_skip status=SKIP
2026-07-08T16:20:47Z,978,SKIP,SKIPPED,,,,,0,impulse_resonance_wait,reason=wall_not_collapsed tension=0.72494383 bid_drop=0.36639564 ask_drop=4.71213490
2026-07-08T16:20:54Z,979,SKIP,SKIPPED,,,,,0,impulse_resonance_wait,reason=wall_not_collapsed tension=0.55585695 bid_drop=0.00000000 ask_drop=3.61307018
2026-07-08T16:21:02Z,980,SKIP,SKIPPED,,,,,0,llm_gate,reason=ollama_skip status=SKIP
2026-07-08T16:21:09Z,981,SKIP,SKIPPED,,,,,0,radar_block,reason=momentum_too_small conf=0.0048 mom_sig=0.00496457 raw_mom_bps=0.00000000 spread_bps=6.75510000 tension=0.00496457 bid_drop=0.03226969 ask_drop=0.00004855
2026-07-08T16:21:16Z,982,SKIP,SKIPPED,,,,,0,radar_block,reason=momentum_too_small conf=0.0001 mom_sig=0.00005668 raw_mom_bps=0.00000000 spread_bps=6.75510000 tension=0.00005668 bid_drop=0.00000000 ask_drop=0.00036840
2026-07-08T16:21:22Z,983,SKIP,SKIPPED,,,,,0,radar_block,reason=momentum_too_small conf=0.0 mom_sig=0.00003053 raw_mom_bps=0.00000000 spread_bps=5.05830000 tension=0.00003053 bid_drop=0.00000000 ask_drop=0.00019845
2026-07-08T16:21:29Z,984,SKIP,SKIPPED,,,,,0,radar_block,reason=momentum_too_small conf=0.0 mom_sig=0.00001866 raw_mom_bps=5.06082694 spread_bps=6.75510000 tension=0.00001866 bid_drop=0.00000000 ask_drop=0.00012128
2026-07-08T16:21:36Z,985,SKIP,SKIPPED,,,,,0,radar_block,reason=momentum_too_small conf=0.0 mom_sig=0.00002740 raw_mom_bps=0.00000000 spread_bps=5.65620000 tension=0.00002740 bid_drop=0.00000000 ask_drop=0.00017811
2026-07-08T16:21:44Z,986,SKIP,SKIPPED,,,,,0,radar_block,reason=momentum_too_small conf=0.0 mom_sig=0.00003785 raw_mom_bps=0.00000000 spread_bps=5.65620000 tension=0.00003785 bid_drop=0.00017420 ask_drop=0.00024602
2026-07-08T16:21:51Z,987,SKIP,SKIPPED,,,,,0,radar_block,reason=momentum_too_small conf=0.001 mom_sig=0.00097139 raw_mom_bps=0.00000000 spread_bps=5.65620000 tension=0.00097139 bid_drop=0.00631401 ask_drop=0.00010456
2026-07-08T16:21:57Z,988,SKIP,SKIPPED,,,,,0,radar_block,reason=momentum_too_small conf=0.0 mom_sig=0.00000804 raw_mom_bps=0.00000000 spread_bps=6.75510000 tension=0.00000804 bid_drop=0.00000000 ask_drop=0.00005228
2026-07-08T16:22:04Z,989,SKIP,SKIPPED,,,,,0,radar_block,reason=momentum_too_small conf=0.0 mom_sig=0.00002318 raw_mom_bps=0.00000000 spread_bps=5.05830000 tension=0.00002318 bid_drop=0.00000000 ask_drop=0.00015069
2026-07-08T16:22:11Z,990,SKIP,SKIPPED,,,,,0,impulse_resonance_wait,reason=wall_not_collapsed tension=0.99270072 bid_drop=0.00014470 ask_drop=6.45255469
2026-07-08T16:22:18Z,991,SKIP,SKIPPED,,,,,0,radar_block,reason=momentum_too_small conf=0.0 mom_sig=0.00001913 raw_mom_bps=0.00000000 spread_bps=4.18560000 tension=0.00001913 bid_drop=0.00000000 ask_drop=0.00012433
2026-07-08T16:22:26Z,992,SKIP,SKIPPED,,,,,0,impulse_resonance_wait,reason=wall_not_collapsed tension=0.35131120 bid_drop=0.00000000 ask_drop=2.28352277
2026-07-08T16:22:33Z,993,SKIP,SKIPPED,,,,,0,radar_block,reason=momentum_too_small conf=0.0 mom_sig=0.00002802 raw_mom_bps=0.00000000 spread_bps=1.77810000 tension=0.00002802 bid_drop=0.00000000 ask_drop=0.00018215
2026-07-08T16:22:42Z,994,SKIP,SKIPPED,,,,,0,impulse_resonance_wait,reason=wall_not_collapsed tension=0.87866022 bid_drop=0.00000000 ask_drop=5.71129142
2026-07-08T16:22:49Z,995,SKIP,SKIPPED,,,,,0,radar_block,reason=momentum_too_small conf=0.0 mom_sig=0.00000745 raw_mom_bps=0.00000000 spread_bps=5.02590000 tension=0.00000745 bid_drop=0.00004840 ask_drop=0.00000000
2026-07-08T16:22:57Z,996,SKIP,SKIPPED,,,,,0,llm_gate,reason=ollama_skip status=SKIP
2026-07-08T16:23:04Z,997,SKIP,SKIPPED,,,,,0,radar_block,reason=momentum_too_small conf=0.0001 mom_sig=0.00008534 raw_mom_bps=0.00000000 spread_bps=1.73010000 tension=0.00008534 bid_drop=0.00055473 ask_drop=0.00000000
2026-07-08T16:23:12Z,998,SKIP,SKIPPED,,,,,0,radar_block,reason=momentum_too_small conf=0.0001 mom_sig=0.00005125 raw_mom_bps=0.00000000 spread_bps=1.73010000 tension=0.00005125 bid_drop=0.00009165 ask_drop=0.00033313
2026-07-08T16:23:21Z,999,SKIP,SKIPPED,,,,,0,llm_gate,reason=ollama_skip status=SKIP
2026-07-08T16:23:27Z,1000,SKIP,SKIPPED,,,,,0,radar_block,reason=momentum_too_small conf=0.0 mom_sig=0.00000994 raw_mom_bps=0.00000000 spread_bps=6.49670000 tension=0.00000994 bid_drop=0.00000000 ask_drop=0.00006458
2026-07-08T16:23:34Z,1001,SKIP,SKIPPED,,,,,0,radar_block,reason=momentum_too_small conf=0.0 mom_sig=0.00003711 raw_mom_bps=0.00000000 spread_bps=6.75510000 tension=0.00003711 bid_drop=0.00024119 ask_drop=0.00000000
