[BETA_X5] [1;36m--- ACE777 STRICT CLONE FUTURES TESTNET ---[0m
[BETA_X5] [1;32mV8 Resonance ON:[0m [1;36mimpulse_thr=0.96 dt_ms=64 aspiration=1.618@37.8deg void_lock=TRUE shock_exit=TRUE[0m
[BETA_X5] [1;32mV8 Tension ON:[0m [1;36mwall_drop=6.5% dt_ms=64 filter=0.85 depth=20[0m
[BETA_X5] [1;36mSymbol=BTCUSDT[0m [1;32mLeverage=3[0m [1;36mBuyUSDT=200 Orders=TRUE[0m
[ALPHA_X13_BURST13] [1;36m--- ACE777 STRICT CLONE FUTURES TESTNET ---[0m
[ALPHA_X13_BURST13] [1;36mLeverage ramp ON:[0m [1;36mstart=13 end=13 cycles=180[0m
[ALPHA_X13_BURST13] [1;32mV8 Resonance ON:[0m [1;36mimpulse_thr=0.96 dt_ms=64 aspiration=1.618@37.8deg void_lock=TRUE shock_exit=TRUE[0m
[ALPHA_X13_BURST13] [1;32mV8 Tension ON:[0m [1;36mwall_drop=6.5% dt_ms=64 filter=0.85 depth=20[0m
[ALPHA_X13_BURST13] [1;36mSymbol=BTCUSDT[0m [1;32mLeverage=13[0m [1;36mBuyUSDT=800 Orders=TRUE[0m
[BETA_X5] mode=OFF radar_adj=0 mom= conf=0
[BETA_X5] [1;36m16:15:19[0m [1;33mx3[0m [1;36m#1[0m SKIP tension=[1;36m0.00004122[0m [0m| momentum_too_small [1;31mconf=0.0001[0m
[BETA_X5] mode=OFF radar_adj=0 mom= conf=0
[BETA_X5] [1;36m16:15:27[0m [1;33mx3[0m [1;36m#2[0m SKIP tension=[1;36m0.00001613[0m [0m| momentum_too_small [1;31mconf=0.0[0m
[BETA_X5] mode=OFF radar_adj=0 mom= conf=0
[ALPHA_X13_BURST13] [BARRIER_TIMEOUT] BETA en retard, ouverture forcée de la barrière au cycle 1
[ALPHA_X13_BURST13] mode=OFF radar_adj=0 mom= conf=0
[ALPHA_X13_BURST13] [1;36m16:15:40[0m [1;32mx13[0m [1;36m#1[0m SKIP tension=[1;36m0.00005120[0m [0m| momentum_too_small [1;31mconf=0.0001[0m
[BETA_X5] [1;36mentry=16:15:41@62551.50000000[0m [1;33mx3[0m [1;36m#3[0m [1;33mSELL[0m tension=[1;32m1.38402821[0m hold=[1;36m5[0ms sec=[1;36m5[0m [0m| exit=62551.50000000 [1;32mconf=0.8971[0m [1;36mexit_time=16:15:47[0m [1;33mpnl=-0.00000000 bps=-0.00000000 pct=-0.00000000% total=0.0[0m
[BETA_X5] mode=OFF radar_adj=0 mom= conf=0
[BETA_X5] [1;36m16:15:56[0m [1;33mx3[0m [1;36m#4[0m SKIP tension=[1;36m0.00005223[0m [0m| momentum_too_small [1;31mconf=0.0001[0m
[ALPHA_X13_BURST13] [BARRIER_TIMEOUT] BETA en retard, ouverture forcée de la barrière au cycle 2
[BETA_X5] mode=OFF radar_adj=0 mom= conf=0
[ALPHA_X13_BURST13] mode=OFF radar_adj=0 mom= conf=0
[BETA_X5] [1;36m16:16:04[0m [1;33mx3[0m [1;36m#5[0m SKIP tension=[1;36m0.00003782[0m [0m| momentum_too_small [1;31mconf=0.0001[0m
[ALPHA_X13_BURST13] [1;36m16:16:05[0m [1;32mx13[0m [1;36m#2[0m SKIP tension=[1;36m0.00010447[0m [0m| momentum_too_small [1;31mconf=0.0002[0m
[BETA_X5] mode=OFF radar_adj=0 mom= conf=0
[BETA_X5] [1;36m16:16:11[0m [1;33mx3[0m [1;36m#6[0m SKIP tension=[1;36m0.00041248[0m [0m| momentum_too_small [1;31mconf=0.0007[0m
[BETA_X5] mode=OFF radar_adj=0 mom= conf=0
[BETA_X5] [1;36m16:16:19[0m [1;33mx3[0m [1;36m#7[0m SKIP tension=[1;36m0.00004414[0m [0m| momentum_too_small [1;31mconf=0.0001[0m
[BETA_X5] mode=OFF radar_adj=0 mom= conf=0
[ALPHA_X13_BURST13] [BARRIER_TIMEOUT] BETA en retard, ouverture forcée de la barrière au cycle 3
[ALPHA_X13_BURST13] mode=OFF radar_adj=0 mom= conf=0
[BETA_X5] [1;36m16:16:27[0m [1;33mx3[0m [1;36m#8[0m SKIP tension=[1;36m0.00004323[0m [0m| momentum_too_small [1;31mconf=0.0001[0m
[BETA_X5] mode=OFF radar_adj=0 mom= conf=0
[ALPHA_X13_BURST13] [1;36m16:16:30[0m [1;32mx13[0m [1;36m#3[0m SKIP tension=[1;36m0.00019674[0m [0m| momentum_too_small [1;31mconf=0.0003[0m
[BETA_X5] [1;36m16:16:35[0m [1;33mx3[0m [1;36m#9[0m SKIP tension=[1;36m0.00002353[0m [0m| momentum_too_small [1;31mconf=0.0[0m
[BETA_X5] mode=OFF radar_adj=0 mom= conf=0
[BETA_X5] [1;36m16:16:43[0m [1;33mx3[0m [1;36m#10[0m SKIP tension=[1;36m0.00008652[0m [0m| momentum_too_small [1;31mconf=0.0001[0m
[BETA_X5] mode=OFF radar_adj=0 mom= conf=0
[ALPHA_X13_BURST13] [BARRIER_TIMEOUT] BETA en retard, ouverture forcée de la barrière au cycle 4
[ALPHA_X13_BURST13] mode=OFF radar_adj=0 mom= conf=0
[BETA_X5] [1;36m16:16:50[0m [1;33mx3[0m [1;36m#11[0m SKIP tension=[1;36m0.00009315[0m [0m| momentum_too_small [1;31mconf=0.0001[0m
[BETA_X5] mode=OFF radar_adj=0 mom= conf=0
[ALPHA_X13_BURST13] [1;36m16:16:55[0m [1;32mx13[0m [1;36m#4[0m SKIP tension=[1;36m0.00000000[0m [0m| momentum_too_small [1;31mconf=0.3136[0m
[BETA_X5] [1;36m16:16:58[0m [1;33mx3[0m [1;36m#12[0m SKIP tension=[1;36m0.00009136[0m [0m| momentum_too_small [1;31mconf=0.0001[0m
[BETA_X5] mode=OFF radar_adj=0 mom= conf=0
[BETA_X5] [1;36m16:17:07[0m [1;33mx3[0m [1;36m#13[0m SKIP tension=[1;36m0.00038874[0m [0m| momentum_too_small [1;31mconf=0.0006[0m
[BETA_X5] mode=OFF radar_adj=0 mom= conf=0
[ALPHA_X13_BURST13] [BARRIER_TIMEOUT] BETA en retard, ouverture forcée de la barrière au cycle 5
[ALPHA_X13_BURST13] mode=OFF radar_adj=0 mom= conf=0
[BETA_X5] [1;36m16:17:15[0m [1;33mx3[0m [1;36m#14[0m SKIP tension=[1;36m0.00000000[0m [0m| momentum_too_small [1;31mconf=0.3136[0m
[BETA_X5] mode=OFF radar_adj=0 mom= conf=0
[ALPHA_X13_BURST13] [1;36m16:17:19[0m [1;32mx13[0m [1;36m#5[0m SKIP tension=[1;36m0.00000000[0m [0m| spread_too_wide [1;31mconf=0.0[0m
[BETA_X5] [1;36m16:17:23[0m [1;33mx3[0m [1;36m#15[0m SKIP tension=[1;36m0.00020663[0m [0m| spread_too_wide [1;31mconf=0.0002[0m
[BETA_X5] mode=OFF radar_adj=0 mom= conf=0
[BETA_X5] [1;36m16:17:31[0m [1;33mx3[0m [1;36m#16[0m SKIP tension=[1;36m0.59550747[0m [0m| wall_not_collapsed
[BETA_X5] mode=OFF radar_adj=0 mom= conf=0
[ALPHA_X13_BURST13] [BARRIER_TIMEOUT] BETA en retard, ouverture forcée de la barrière au cycle 6
[BETA_X5] [1;36m16:17:39[0m [1;33mx3[0m [1;36m#17[0m SKIP tension=[1;36m0.00000000[0m [0m| spread_too_wide [1;31mconf=0.0[0m
[ALPHA_X13_BURST13] mode=OFF radar_adj=0 mom= conf=0
[BETA_X5] mode=OFF radar_adj=0 mom= conf=0
[ALPHA_X13_BURST13] [1;36m16:17:46[0m [1;32mx13[0m [1;36m#6[0m SKIP tension=[1;31m4.12895272[0m [0m| spread_too_wide [1;33mconf=0.5[0m
[BETA_X5] [1;36m16:17:53[0m [1;33mx3[0m [1;36m#18[0m SKIP tension=[1;31m8.80488185[0m [0m| spread_too_wide [1;33mconf=0.5[0m
[BETA_X5] mode=OFF radar_adj=0 mom= conf=0
[ALPHA_X13_BURST13] [BARRIER_TIMEOUT] BETA en retard, ouverture forcée de la barrière au cycle 7
[ALPHA_X13_BURST13] mode=OFF radar_adj=0 mom= conf=0
[ALPHA_X13_BURST13] [1;36m16:18:10[0m [1;32mx13[0m [1;36m#7[0m SKIP tension=[1;36m0.00055266[0m [0m| momentum_too_small [1;31mconf=0.0009[0m
[BETA_X5] [1;36mentry=16:18:05@62423.30000000[0m [1;33mx3[0m [1;36m#19[0m [1;32mSELL[0m tension=[1;31m14.95878854[0m hold=[1;36m6[0ms sec=[1;36m6[0m [0m| exit=62421.10000000 [1;33mconf=0.7908[0m [1;36mexit_time=16:18:12[0m [1;32mpnl=0.02090000 bps=0.35243251 pct=0.00352433% total=0.0209[0m
[BETA_X5] mode=OFF radar_adj=0 mom= conf=0
[BETA_X5] [1;36m16:18:20[0m [1;33mx3[0m [1;36m#20[0m SKIP tension=[1;36m0.72695415[0m [0m| wall_not_collapsed
[BETA_X5] mode=OFF radar_adj=0 mom= conf=0
[ALPHA_X13_BURST13] [BARRIER_TIMEOUT] BETA en retard, ouverture forcée de la barrière au cycle 8
[BETA_X5] [1;36m16:18:28[0m [1;33mx3[0m [1;36m#21[0m SKIP tension=[1;36m0.00010587[0m [0m| momentum_too_small [1;31mconf=0.0002[0m
[ALPHA_X13_BURST13] mode=OFF radar_adj=0 mom= conf=0
[BETA_X5] mode=OFF radar_adj=0 mom= conf=0
[ALPHA_X13_BURST13] [1;36m16:18:35[0m [1;32mx13[0m [1;36m#8[0m SKIP tension=[1;36m0.00045808[0m [0m| momentum_too_small [1;31mconf=0.0007[0m
[BETA_X5] [1;36m16:18:36[0m [1;33mx3[0m [1;36m#22[0m SKIP tension=[1;36m0.00129985[0m [0m| momentum_too_small [1;31mconf=0.0019[0m
[BETA_X5] mode=OFF radar_adj=0 mom= conf=0
[BETA_X5] [1;36m16:18:44[0m [1;33mx3[0m [1;36m#23[0m SKIP tension=[1;36m0.00005206[0m [0m| momentum_too_small [1;31mconf=0.0001[0m
[BETA_X5] mode=OFF radar_adj=0 mom= conf=0
[ALPHA_X13_BURST13] [BARRIER_TIMEOUT] BETA en retard, ouverture forcée de la barrière au cycle 9
[ALPHA_X13_BURST13] mode=OFF radar_adj=0 mom= conf=0
[BETA_X5] [1;36m16:18:56[0m [1;33mx3[0m [1;36m#24[0m SKIP tension=[1;36m0.00046639[0m [0m| momentum_too_small [1;31mconf=0.0007[0m
[ALPHA_X13_BURST13] [1;36m16:18:59[0m [1;32mx13[0m [1;36m#9[0m SKIP tension=[1;36m0.00002305[0m [0m| momentum_too_small [1;31mconf=0.0[0m
[BETA_X5] mode=OFF radar_adj=0 mom= conf=0
[ALPHA_X13_BURST13] [BARRIER_TIMEOUT] BETA en retard, ouverture forcée de la barrière au cycle 10
[BETA_X5] [1;36mentry=16:19:11@62411.10000000[0m [1;33mx3[0m [1;36m#25[0m [1;32mSELL[0m tension=[1;31m3.80941234[0m hold=[1;36m5[0ms sec=[1;36m5[0m [0m| exit=62411.00000000 [1;32mconf=0.8989[0m [1;36mexit_time=16:19:16[0m [1;32mpnl=0.00095000 bps=0.01602279 pct=0.00016023% total=0.021849999999999998[0m
[ALPHA_X13_BURST13] mode=OFF radar_adj=0 mom= conf=0
[BETA_X5] mode=OFF radar_adj=0 mom= conf=0
[ALPHA_X13_BURST13] [1;36m16:19:24[0m [1;32mx13[0m [1;36m#10[0m SKIP tension=[1;31m7.00056077[0m [0m| duo no_trigger
[BETA_X5] [1;36m16:19:26[0m [1;33mx3[0m [1;36m#26[0m SKIP tension=[1;36m0.00006116[0m [0m| momentum_too_small [1;31mconf=0.0001[0m
[BETA_X5] mode=OFF radar_adj=0 mom= conf=0
[BETA_X5] [1;36m16:19:33[0m [1;33mx3[0m [1;36m#27[0m SKIP tension=[1;36m0.00014156[0m [0m| momentum_too_small [1;31mconf=0.0002[0m
[BETA_X5] mode=OFF radar_adj=0 mom= conf=0
[BETA_X5] [1;36m16:19:41[0m [1;33mx3[0m [1;36m#28[0m SKIP tension=[1;36m0.00008176[0m [0m| momentum_too_small [1;31mconf=0.0001[0m
[ALPHA_X13_BURST13] [BARRIER_TIMEOUT] BETA en retard, ouverture forcée de la barrière au cycle 11
[ALPHA_X13_BURST13] mode=OFF radar_adj=0 mom= conf=0
[BETA_X5] mode=OFF radar_adj=0 mom= conf=0
[ALPHA_X13_BURST13] [1;36m16:19:48[0m [1;32mx13[0m [1;36m#11[0m SKIP tension=[1;36m0.00056676[0m [0m| momentum_too_small [1;31mconf=0.0009[0m
[BETA_X5] [1;36m16:19:48[0m [1;33mx3[0m [1;36m#29[0m SKIP tension=[1;36m0.00006376[0m [0m| momentum_too_small [1;31mconf=0.0001[0m
[BETA_X5] mode=OFF radar_adj=0 mom= conf=0
[BETA_X5] [1;36m16:19:56[0m [1;33mx3[0m [1;36m#30[0m SKIP tension=[1;36m0.00403999[0m [0m| momentum_too_small [1;31mconf=0.0066[0m
[BETA_X5] mode=OFF radar_adj=0 mom= conf=0
[BETA_X5] [1;36m16:20:04[0m [1;33mx3[0m [1;36m#31[0m SKIP tension=[1;36m0.00006508[0m [0m| momentum_too_small [1;31mconf=0.0001[0m
[ALPHA_X13_BURST13] [BARRIER_TIMEOUT] BETA en retard, ouverture forcée de la barrière au cycle 12
[BETA_X5] mode=OFF radar_adj=0 mom= conf=0
[ALPHA_X13_BURST13] mode=OFF radar_adj=0 mom= conf=0
[ALPHA_X13_BURST13] [1;36m16:20:12[0m [1;32mx13[0m [1;36m#12[0m SKIP tension=[1;36m0.00024742[0m [0m| momentum_too_small [1;31mconf=0.0004[0m
[BETA_X5] [1;36m16:20:12[0m [1;33mx3[0m [1;36m#32[0m SKIP tension=[1;36m0.00024742[0m [0m| momentum_too_small [1;31mconf=0.0004[0m
[BETA_X5] mode=OFF radar_adj=0 mom= conf=0
[BETA_X5] [1;36m16:20:20[0m [1;33mx3[0m [1;36m#33[0m SKIP tension=[1;36m0.00000000[0m [0m| momentum_too_small [1;31mconf=0.3136[0m
[BETA_X5] mode=OFF radar_adj=0 mom= conf=0
[BETA_X5] [1;36m16:20:27[0m [1;33mx3[0m [1;36m#34[0m SKIP tension=[1;36m0.00009607[0m [0m| momentum_too_small [1;31mconf=0.0001[0m
[ALPHA_X13_BURST13] [BARRIER_TIMEOUT] BETA en retard, ouverture forcée de la barrière au cycle 13
[BETA_X5] mode=OFF radar_adj=0 mom= conf=0
[ALPHA_X13_BURST13] mode=OFF radar_adj=0 mom= conf=0
[BETA_X5] [1;36m16:20:35[0m [1;33mx3[0m [1;36m#35[0m SKIP tension=[1;36m0.00101192[0m [0m| momentum_too_small [1;31mconf=0.0015[0m
[ALPHA_X13_BURST13] [1;36m16:20:36[0m [1;32mx13[0m [1;36m#13[0m SKIP tension=[1;36m0.00014114[0m [0m| momentum_too_small [1;31mconf=0.0002[0m
[BETA_X5] mode=OFF radar_adj=0 mom= conf=0
[ALPHA_X13_BURST13] [BARRIER_TIMEOUT] BETA en retard, ouverture forcée de la barrière au cycle 14
[BETA_X5] [1;36mentry=16:20:47@62409.90000000[0m [1;33mx3[0m [1;36m#36[0m [1;33mSELL[0m tension=[1;32m1.19260273[0m hold=[1;36m6[0ms sec=[1;36m6[0m [0m| exit=62409.90000000 [1;32mconf=0.8849[0m [1;36mexit_time=16:20:53[0m [1;33mpnl=-0.00000000 bps=-0.00000000 pct=-0.00000000% total=0.021849999999999998[0m
[ALPHA_X13_BURST13] mode=OFF radar_adj=0 mom= conf=0
[BETA_X5] mode=OFF radar_adj=0 mom= conf=0
[ALPHA_X13_BURST13] [1;36m16:21:00[0m [1;32mx13[0m [1;36m#14[0m SKIP tension=[1;33m0.98910324[0m [0m| wall_not_collapsed
[BETA_X5] [1;36m16:21:02[0m [1;33mx3[0m [1;36m#37[0m SKIP tension=[1;36m0.00002997[0m [0m| momentum_too_small [1;31mconf=0.0[0m
[BETA_X5] mode=OFF radar_adj=0 mom= conf=0
[BETA_X5] [1;36m16:21:10[0m [1;33mx3[0m [1;36m#38[0m SKIP tension=[1;36m0.00034126[0m [0m| momentum_too_small [1;31mconf=0.0005[0m
[BETA_X5] mode=OFF radar_adj=0 mom= conf=0
[ALPHA_X13_BURST13] [BARRIER_TIMEOUT] BETA en retard, ouverture forcée de la barrière au cycle 15
[BETA_X5] [1;36m16:21:17[0m [1;33mx3[0m [1;36m#39[0m SKIP tension=[1;36m0.00010121[0m [0m| momentum_too_small [1;31mconf=0.0001[0m
[ALPHA_X13_BURST13] mode=OFF radar_adj=0 mom= conf=0
[BETA_X5] mode=OFF radar_adj=0 mom= conf=0
[ALPHA_X13_BURST13] [1;36m16:21:24[0m [1;32mx13[0m [1;36m#15[0m SKIP tension=[1;36m0.00034308[0m [0m| momentum_too_small [1;31mconf=0.0005[0m
[BETA_X5] [1;36m16:21:24[0m [1;33mx3[0m [1;36m#40[0m SKIP tension=[1;36m0.00021018[0m [0m| momentum_too_small [1;31mconf=0.0003[0m
[BETA_X5] mode=OFF radar_adj=0 mom= conf=0
[BETA_X5] [1;36m16:21:33[0m [1;33mx3[0m [1;36m#41[0m SKIP tension=[1;36m0.04027051[0m [0m| direction_unclear [1;31mconf=0.0583[0m
[BETA_X5] mode=OFF radar_adj=0 mom= conf=0
[BETA_X5] [1;36m16:21:41[0m [1;33mx3[0m [1;36m#42[0m SKIP tension=[1;36m0.00011788[0m [0m| momentum_too_small [1;31mconf=0.0002[0m
[ALPHA_X13_BURST13] [BARRIER_TIMEOUT] BETA en retard, ouverture forcée de la barrière au cycle 16
[ALPHA_X13_BURST13] mode=OFF radar_adj=0 mom= conf=0
[BETA_X5] mode=OFF radar_adj=0 mom= conf=0
[BETA_X5] [1;36m16:21:49[0m [1;33mx3[0m [1;36m#43[0m SKIP tension=[1;36m0.00018931[0m [0m| momentum_too_small [1;31mconf=0.0003[0m
[ALPHA_X13_BURST13] [1;36m16:21:50[0m [1;32mx13[0m [1;36m#16[0m SKIP tension=[1;36m0.00033270[0m [0m| momentum_too_small [1;31mconf=0.0005[0m
[BETA_X5] mode=OFF radar_adj=0 mom= conf=0
[BETA_X5] [1;36m16:21:57[0m [1;33mx3[0m [1;36m#44[0m SKIP tension=[1;36m0.00843400[0m [0m| momentum_too_small [1;31mconf=0.0122[0m
[BETA_X5] mode=OFF radar_adj=0 mom= conf=0
[BETA_X5] [1;36m16:22:05[0m [1;33mx3[0m [1;36m#45[0m SKIP tension=[1;36m0.10517893[0m [0m| direction_unclear [1;31mconf=0.1516[0m
[BETA_X5] mode=OFF radar_adj=0 mom= conf=0
[ALPHA_X13_BURST13] [BARRIER_TIMEOUT] BETA en retard, ouverture forcée de la barrière au cycle 17
[ALPHA_X13_BURST13] mode=OFF radar_adj=0 mom= conf=0
[BETA_X5] [1;36m16:22:12[0m [1;33mx3[0m [1;36m#46[0m SKIP tension=[1;36m0.00013404[0m [0m| momentum_too_small [1;31mconf=0.0002[0m
[ALPHA_X13_BURST13] [1;36m16:22:14[0m [1;32mx13[0m [1;36m#17[0m SKIP tension=[1;36m0.03501420[0m [0m| direction_unclear [1;31mconf=0.0498[0m
[BETA_X5] mode=OFF radar_adj=0 mom= conf=0
[BETA_X5] [1;36m16:22:20[0m [1;33mx3[0m [1;36m#47[0m SKIP tension=[1;36m0.00009641[0m [0m| momentum_too_small [1;31mconf=0.0001[0m
[BETA_X5] mode=OFF radar_adj=0 mom= conf=0
[ALPHA_X13_BURST13] [BARRIER_TIMEOUT] BETA en retard, ouverture forcée de la barrière au cycle 18
[ALPHA_X13_BURST13] mode=OFF radar_adj=0 mom= conf=0
[ALPHA_X13_BURST13] [1;36m16:22:40[0m [1;32mx13[0m [1;36m#18[0m SKIP tension=[1;36m0.53488584[0m [0m| wall_not_collapsed
[BETA_X5] [1;36mentry=16:22:33@62407.60000000[0m [1;33mx3[0m [1;36m#48[0m [1;32mSELL[0m tension=[1;31m6.57495067[0m hold=[1;36m7[0ms sec=[1;36m7[0m [0m| exit=62405.10000000 [1;32mconf=0.8498[0m [1;36mexit_time=16:22:40[0m [1;32mpnl=0.02375000 bps=0.40059224 pct=0.00400592% total=0.0456[0m
[BETA_X5] mode=OFF radar_adj=0 mom= conf=0
[BETA_X5] [1;36m16:22:50[0m [1;33mx3[0m [1;36m#49[0m SKIP tension=[1;36m0.00000000[0m [0m| momentum_too_small [1;31mconf=0.2873[0m
[BETA_X5] mode=OFF radar_adj=0 mom= conf=0
[BETA_X5] [1;36m16:22:57[0m [1;33mx3[0m [1;36m#50[0m SKIP tension=[1;36m0.00147748[0m [0m| momentum_too_small [1;31mconf=0.002[0m
[ALPHA_X13_BURST13] [BARRIER_TIMEOUT] BETA en retard, ouverture forcée de la barrière au cycle 19
[ALPHA_X13_BURST13] mode=OFF radar_adj=0 mom= conf=0
[BETA_X5] mode=OFF radar_adj=0 mom= conf=0
[ALPHA_X13_BURST13] [1;36m16:23:06[0m [1;32mx13[0m [1;36m#19[0m SKIP tension=[1;31m2.24101159[0m [0m| duo no_trigger
[BETA_X5] [1;36mentry=16:23:10@62405.10000000[0m [1;33mx3[0m [1;36m#51[0m [1;33mSELL[0m tension=[1;31m2.24101159[0m hold=[1;36m5[0ms sec=[1;36m5[0m [0m| exit=62405.10000000 [1;32mconf=0.8208[0m [1;36mexit_time=16:23:15[0m [1;33mpnl=-0.00000000 bps=-0.00000000 pct=-0.00000000% total=0.0456[0m
[BETA_X5] mode=OFF radar_adj=0 mom= conf=0
[ALPHA_X13_BURST13] [BARRIER_TIMEOUT] BETA en retard, ouverture forcée de la barrière au cycle 20
[BETA_X5] [1;36m16:23:25[0m [1;33mx3[0m [1;36m#52[0m SKIP tension=[1;32m1.06773903[0m [0m| spread_too_wide [1;33mconf=0.5[0m
[ALPHA_X13_BURST13] mode=OFF radar_adj=0 mom= conf=0
[BETA_X5] mode=OFF radar_adj=0 mom= conf=0
[ALPHA_X13_BURST13] [1;36m16:23:31[0m [1;32mx13[0m [1;36m#20[0m SKIP tension=[1;36m0.00001122[0m [0m| momentum_too_small [1;31mconf=0.0[0m
[BETA_X5] [1;36mCycle 53[0m [1;32mSOFT anomaly[0m [1;33m| pnl_abs=1.02610000 > 0.02500000[0m
[BETA_X5] [1;36mentry=16:23:38@62405.10000000[0m [1;33mx3[0m [1;36m#53[0m [1;32mSELL[0m tension=[1;31m4.55454059[0m hold=[1;36m6[0ms sec=[1;36m6[0m [0m| exit=62338.90000000 [1;33mconf=0.5622[0m [1;36mexit_time=16:23:44[0m [1;32mpnl=1.02610000 bps=10.60810735 pct=0.10608107% total=1.0717[0m
[BETA_X5] mode=OFF radar_adj=0 mom= conf=0
[ALPHA_X13_BURST13] [BARRIER_TIMEOUT] BETA en retard, ouverture forcée de la barrière au cycle 21
[ALPHA_X13_BURST13] mode=OFF radar_adj=0 mom= conf=0
[BETA_X5] [1;36m16:23:53[0m [1;33mx3[0m [1;36m#54[0m SKIP tension=[1;36m0.00695043[0m [0m| spread_too_wide [1;31mconf=0.0058[0m
[ALPHA_X13_BURST13] [1;36m16:23:56[0m [1;32mx13[0m [1;36m#21[0m SKIP tension=[1;36m0.00406428[0m [0m| spread_too_wide [1;31mconf=0.0034[0m
[BETA_X5] mode=OFF radar_adj=0 mom= conf=0
[BETA_X5] [1;36m16:24:03[0m [1;33mx3[0m [1;36m#55[0m SKIP tension=[1;36m0.00371285[0m [0m| spread_too_wide [1;31mconf=0.0031[0m
[BETA_X5] mode=OFF radar_adj=0 mom= conf=0
[ALPHA_X13_BURST13] [BARRIER_TIMEOUT] BETA en retard, ouverture forcée de la barrière au cycle 22
[ALPHA_X13_BURST13] mode=OFF radar_adj=0 mom= conf=0
[BETA_X5] [1;36mCycle 56[0m [1;32mSOFT anomaly[0m [1;33m| pnl_abs=0.05472000 > 0.02500000[0m
[ALPHA_X13_BURST13] [1;36m16:24:22[0m [1;32mx13[0m [1;36m#22[0m SKIP tension=[1;36m0.00001075[0m [0m| spread_too_wide [1;31mconf=0.0[0m
[BETA_X5] [1;36mentry=16:24:15@62344.80000000[0m [1;33mx3[0m [1;36m#56[0m [1;32mSELL[0m tension=[1;32m1.57136343[0m hold=[1;36m6[0ms sec=[1;36m6[0m [0m| exit=62333.40000000 [1;32mconf=0.8857[0m [1;36mexit_time=16:24:21[0m [1;32mpnl=0.05472000 bps=1.82854063 pct=0.01828541% total=1.1264200000000002[0m
[BETA_X5] mode=OFF radar_adj=0 mom= conf=0
[BETA_X5] [1;36m16:24:31[0m [1;33mx3[0m [1;36m#57[0m SKIP tension=[1;36m0.00005012[0m [0m| momentum_too_small [1;31mconf=0.0[0m
[BETA_X5] mode=OFF radar_adj=0 mom= conf=0
[BETA_X5] [1;36m16:24:39[0m [1;33mx3[0m [1;36m#58[0m SKIP tension=[1;36m0.00006831[0m [0m| spread_too_wide [1;31mconf=0.0001[0m
[ALPHA_X13_BURST13] [BARRIER_TIMEOUT] BETA en retard, ouverture forcée de la barrière au cycle 23
[BETA_X5] mode=OFF radar_adj=0 mom= conf=0
[ALPHA_X13_BURST13] mode=OFF radar_adj=0 mom= conf=0
[BETA_X5] [1;36m16:24:47[0m [1;33mx3[0m [1;36m#59[0m SKIP tension=[1;32m1.49566304[0m [0m| spread_too_wide [1;33mconf=0.5[0m
[ALPHA_X13_BURST13] [1;36m16:24:47[0m [1;32mx13[0m [1;36m#23[0m SKIP tension=[1;32m1.49566304[0m [0m| spread_too_wide [1;33mconf=0.5[0m
[BETA_X5] mode=OFF radar_adj=0 mom= conf=0
[BETA_X5] [1;36m16:24:55[0m [1;33mx3[0m [1;36m#60[0m SKIP tension=[1;32m1.38019918[0m [0m| spread_too_wide [1;33mconf=0.5[0m
[BETA_X5] mode=OFF radar_adj=0 mom= conf=0
[BETA_X5] [1;36m16:25:02[0m [1;33mx3[0m [1;36m#61[0m SKIP tension=[1;36m0.00000588[0m [0m| spread_too_wide [1;31mconf=0.0[0m
[ALPHA_X13_BURST13] [BARRIER_TIMEOUT] BETA en retard, ouverture forcée de la barrière au cycle 24
[BETA_X5] mode=OFF radar_adj=0 mom= conf=0
[ALPHA_X13_BURST13] mode=OFF radar_adj=0 mom= conf=0
[BETA_X5] [1;36m16:25:10[0m [1;33mx3[0m [1;36m#62[0m SKIP tension=[1;36m0.00009542[0m [0m| spread_too_wide [1;31mconf=0.0001[0m
[ALPHA_X13_BURST13] [1;36m16:25:11[0m [1;32mx13[0m [1;36m#24[0m SKIP tension=[1;36m0.00002125[0m [0m| spread_too_wide [1;31mconf=0.0[0m
[BETA_X5] mode=OFF radar_adj=0 mom= conf=0
[BETA_X5] [1;36m16:25:18[0m [1;33mx3[0m [1;36m#63[0m SKIP tension=[1;36m0.00000000[0m [0m| momentum_too_small [1;31mconf=0.242[0m
[BETA_X5] mode=OFF radar_adj=0 mom= conf=0
[BETA_X5] [1;36m16:25:26[0m [1;33mx3[0m [1;36m#64[0m SKIP tension=[1;36m0.26136724[0m [0m| spread_too_wide [1;31mconf=0.2178[0m
[BETA_X5] mode=OFF radar_adj=0 mom= conf=0
[ALPHA_X13_BURST13] [BARRIER_TIMEOUT] BETA en retard, ouverture forcée de la barrière au cycle 25
[ALPHA_X13_BURST13] mode=OFF radar_adj=0 mom= conf=0
[BETA_X5] [1;36m16:25:34[0m [1;33mx3[0m [1;36m#65[0m SKIP tension=[1;31m2.14683926[0m [0m| spread_too_wide [1;33mconf=0.5[0m
[BETA_X5] mode=OFF radar_adj=0 mom= conf=0
[ALPHA_X13_BURST13] [1;36m16:25:38[0m [1;32mx13[0m [1;36m#25[0m SKIP tension=[1;31m4.23702027[0m [0m| duo no_trigger
[BETA_X5] [1;36mCycle 66[0m [1;32mSOFT anomaly[0m [1;33m| pnl_abs=0.21744000 > 0.02500000[0m
[BETA_X5] [1;36mentry=16:25:46@62373.20000000[0m [1;33mx3[0m [1;36m#66[0m [1;32mSELL[0m tension=[1;31m3.63953978[0m hold=[1;36m7[0ms sec=[1;36m7[0m [0m| exit=62327.90000000 [1;33mconf=0.7133[0m [1;36mexit_time=16:25:53[0m [1;32mpnl=0.21744000 bps=7.26273464 pct=0.07262735% total=1.3438600000000003[0m
[ALPHA_X13_BURST13] [BARRIER_TIMEOUT] BETA en retard, ouverture forcée de la barrière au cycle 26
[BETA_X5] mode=OFF radar_adj=0 mom= conf=0
[ALPHA_X13_BURST13] mode=OFF radar_adj=0 mom= conf=0
[BETA_X5] [1;36m16:26:02[0m [1;33mx3[0m [1;36m#67[0m SKIP tension=[1;36m0.00000000[0m [0m| momentum_too_small [1;31mconf=0.2423[0m
[ALPHA_X13_BURST13] [1;36m16:26:02[0m [1;32mx13[0m [1;36m#26[0m SKIP tension=[1;36m0.00000000[0m [0m| momentum_too_small [1;31mconf=0.2286[0m
[BETA_X5] mode=OFF radar_adj=0 mom= conf=0
[BETA_X5] [1;36m16:26:10[0m [1;33mx3[0m [1;36m#68[0m SKIP tension=[1;36m0.00001509[0m [0m| momentum_too_small [1;31mconf=0.0[0m
[BETA_X5] mode=OFF radar_adj=0 mom= conf=0
[BETA_X5] [1;36m16:26:18[0m [1;33mx3[0m [1;36m#69[0m SKIP tension=[1;36m0.00000000[0m [0m| momentum_too_small [1;31mconf=0.2805[0m
[ALPHA_X13_BURST13] [BARRIER_TIMEOUT] BETA en retard, ouverture forcée de la barrière au cycle 27
[BETA_X5] mode=OFF radar_adj=0 mom= conf=0
[ALPHA_X13_BURST13] mode=OFF radar_adj=0 mom= conf=0
[BETA_X5] [1;36m16:26:25[0m [1;33mx3[0m [1;36m#70[0m SKIP tension=[1;36m0.00002652[0m [0m| spread_too_wide [1;31mconf=0.0[0m
[BETA_X5] mode=OFF radar_adj=0 mom= conf=0
[ALPHA_X13_BURST13] [1;36m16:26:32[0m [1;32mx13[0m [1;36m#27[0m SKIP tension=[1;36m0.00023341[0m [0m| momentum_too_small [1;31mconf=0.0002[0m
[BETA_X5] [1;36m16:26:33[0m [1;33mx3[0m [1;36m#71[0m SKIP tension=[1;36m0.00003564[0m [0m| momentum_too_small [1;31mconf=0.0[0m
[BETA_X5] mode=OFF radar_adj=0 mom= conf=0
[BETA_X5] [1;36m16:26:42[0m [1;33mx3[0m [1;36m#72[0m SKIP tension=[1;36m0.00000000[0m [0m| spread_too_wide [1;31mconf=0.0[0m
[BETA_X5] mode=OFF radar_adj=0 mom= conf=0
[BETA_X5] [1;36m16:26:50[0m [1;33mx3[0m [1;36m#73[0m SKIP tension=[1;36m0.00009546[0m [0m| momentum_too_small [1;31mconf=0.0001[0m
[ALPHA_X13_BURST13] [BARRIER_TIMEOUT] BETA en retard, ouverture forcée de la barrière au cycle 28
[ALPHA_X13_BURST13] mode=OFF radar_adj=0 mom= conf=0
[BETA_X5] mode=OFF radar_adj=0 mom= conf=0
[ALPHA_X13_BURST13] [1;36m16:26:57[0m [1;32mx13[0m [1;36m#28[0m SKIP tension=[1;36m0.00002495[0m [0m| momentum_too_small [1;31mconf=0.0[0m
[BETA_X5] [1;36m16:26:58[0m [1;33mx3[0m [1;36m#74[0m SKIP tension=[1;33m0.99217688[0m [0m| wall_not_collapsed
[BETA_X5] mode=OFF radar_adj=0 mom= conf=0
[BETA_X5] [1;36m16:27:06[0m [1;33mx3[0m [1;36m#75[0m SKIP tension=[1;36m0.00003221[0m [0m| momentum_too_small [1;31mconf=0.0[0m
[BETA_X5] mode=OFF radar_adj=0 mom= conf=0
[BETA_X5] [1;36m16:27:14[0m [1;33mx3[0m [1;36m#76[0m SKIP tension=[1;36m0.00001639[0m [0m| momentum_too_small [1;31mconf=0.0[0m
[ALPHA_X13_BURST13] [BARRIER_TIMEOUT] BETA en retard, ouverture forcée de la barrière au cycle 29
[BETA_X5] mode=OFF radar_adj=0 mom= conf=0
[ALPHA_X13_BURST13] mode=OFF radar_adj=0 mom= conf=0
[BETA_X5] [1;36m16:27:23[0m [1;33mx3[0m [1;36m#77[0m SKIP tension=[1;36m0.00000985[0m [0m| spread_too_wide [1;31mconf=0.0[0m
[ALPHA_X13_BURST13] [1;36m16:27:23[0m [1;32mx13[0m [1;36m#29[0m SKIP tension=[1;36m0.00000985[0m [0m| spread_too_wide [1;31mconf=0.0[0m
[BETA_X5] mode=OFF radar_adj=0 mom= conf=0
[BETA_X5] [1;36m16:27:30[0m [1;33mx3[0m [1;36m#78[0m SKIP tension=[1;36m0.33458365[0m [0m| wall_not_collapsed
[BETA_X5] mode=OFF radar_adj=0 mom= conf=0
[BETA_X5] [1;36m16:27:38[0m [1;33mx3[0m [1;36m#79[0m SKIP tension=[1;36m0.00031266[0m [0m| momentum_too_small [1;31mconf=0.0005[0m
[ALPHA_X13_BURST13] [BARRIER_TIMEOUT] BETA en retard, ouverture forcée de la barrière au cycle 30
[BETA_X5] mode=OFF radar_adj=0 mom= conf=0
[ALPHA_X13_BURST13] mode=OFF radar_adj=0 mom= conf=0
[BETA_X5] [1;36m16:27:45[0m [1;33mx3[0m [1;36m#80[0m SKIP tension=[1;36m0.00000000[0m [0m| momentum_too_small [1;31mconf=0.3426[0m
[ALPHA_X13_BURST13] [1;36m16:27:47[0m [1;32mx13[0m [1;36m#30[0m SKIP tension=[1;31m2.19967630[0m [0m| duo no_trigger
[BETA_X5] mode=OFF radar_adj=0 mom= conf=0
[BETA_X5] [1;36m16:27:53[0m [1;33mx3[0m [1;36m#81[0m SKIP tension=[1;36m0.00000000[0m [0m| momentum_too_small [1;31mconf=0.3426[0m
[BETA_X5] mode=OFF radar_adj=0 mom= conf=0
[BETA_X5] [1;36m16:28:01[0m [1;33mx3[0m [1;36m#82[0m SKIP tension=[1;36m0.00015898[0m [0m| momentum_too_small [1;31mconf=0.0003[0m
[BETA_X5] mode=OFF radar_adj=0 mom= conf=0
[ALPHA_X13_BURST13] [BARRIER_TIMEOUT] BETA en retard, ouverture forcée de la barrière au cycle 31
[ALPHA_X13_BURST13] mode=OFF radar_adj=0 mom= conf=0
[BETA_X5] [1;36m16:28:09[0m [1;33mx3[0m [1;36m#83[0m SKIP tension=[1;36m0.00014429[0m [0m| momentum_too_small [1;31mconf=0.0002[0m
[BETA_X5] mode=OFF radar_adj=0 mom= conf=0
[ALPHA_X13_BURST13] [1;36m16:28:13[0m [1;32mx13[0m [1;36m#31[0m SKIP tension=[1;36m0.00000000[0m [0m| momentum_too_small [1;31mconf=0.3426[0m
[BETA_X5] [1;36m16:28:17[0m [1;33mx3[0m [1;36m#84[0m SKIP tension=[1;36m0.00000000[0m [0m| momentum_too_small [1;31mconf=0.3426[0m
[BETA_X5] mode=OFF radar_adj=0 mom= conf=0
[ALPHA_X13_BURST13] [BARRIER_TIMEOUT] BETA en retard, ouverture forcée de la barrière au cycle 32
[ALPHA_X13_BURST13] mode=OFF radar_adj=0 mom= conf=0
[BETA_X5] [1;36mentry=16:28:29@62289.90000000[0m [1;33mx3[0m [1;36m#85[0m [1;31mSELL[0m tension=[1;32m1.04757412[0m hold=[1;36m6[0ms sec=[1;36m6[0m [0m| exit=62290.20000000 [1;32mconf=0.9779[0m [1;36mexit_time=16:28:35[0m [1;31mpnl=-0.00144000 bps=-0.04816190 pct=-0.00048162% total=1.3424200000000002[0m
[ALPHA_X13_BURST13] [1;36m16:28:38[0m [1;32mx13[0m [1;36m#32[0m SKIP tension=[1;36m0.46631631[0m [0m| wall_not_collapsed
[BETA_X5] mode=OFF radar_adj=0 mom= conf=0
[BETA_X5] [1;36m16:28:44[0m [1;33mx3[0m [1;36m#86[0m SKIP tension=[1;36m0.00000000[0m [0m| momentum_too_small [1;31mconf=0.3426[0m
[BETA_X5] mode=OFF radar_adj=0 mom= conf=0
[BETA_X5] [1;36m16:28:52[0m [1;33mx3[0m [1;36m#87[0m SKIP tension=[1;36m0.05265328[0m [0m| direction_unclear [1;31mconf=0.0819[0m
[BETA_X5] mode=OFF radar_adj=0 mom= conf=0
[ALPHA_X13_BURST13] [BARRIER_TIMEOUT] BETA en retard, ouverture forcée de la barrière au cycle 33
[ALPHA_X13_BURST13] mode=OFF radar_adj=0 mom= conf=0
[BETA_X5] [1;36m16:29:00[0m [1;33mx3[0m [1;36m#88[0m SKIP tension=[1;36m0.00041323[0m [0m| momentum_too_small [1;31mconf=0.0006[0m
[BETA_X5] mode=OFF radar_adj=0 mom= conf=0
[ALPHA_X13_BURST13] [1;36m16:29:02[0m [1;32mx13[0m [1;36m#33[0m SKIP tension=[1;36m0.00002477[0m [0m| momentum_too_small [1;31mconf=0.0[0m
[BETA_X5] [1;36m16:29:07[0m [1;33mx3[0m [1;36m#89[0m SKIP tension=[1;36m0.00001598[0m [0m| momentum_too_small [1;31mconf=0.0[0m
[BETA_X5] mode=OFF radar_adj=0 mom= conf=0
[ALPHA_X13_BURST13] [BARRIER_TIMEOUT] BETA en retard, ouverture forcée de la barrière au cycle 34
[ALPHA_X13_BURST13] mode=OFF radar_adj=0 mom= conf=0
[BETA_X5] [1;36mentry=16:29:19@62298.00000000[0m [1;33mx3[0m [1;36m#90[0m [1;31mSELL[0m tension=[1;32m1.51252833[0m hold=[1;36m6[0ms sec=[1;36m6[0m [0m| exit=62299.30000000 [1;32mconf=0.8826[0m [1;36mexit_time=16:29:25[0m [1;31mpnl=-0.00624000 bps=-0.20867444 pct=-0.00208674% total=1.3361800000000001[0m
[ALPHA_X13_BURST13] [1;36m16:29:27[0m [1;32mx13[0m [1;36m#34[0m SKIP tension=[1;36m0.09747805[0m [0m| direction_unclear [1;31mconf=0.1599[0m
[BETA_X5] mode=OFF radar_adj=0 mom= conf=0
[BETA_X5] [1;36m16:29:34[0m [1;33mx3[0m [1;36m#91[0m SKIP tension=[1;36m0.00003427[0m [0m| momentum_too_small [1;31mconf=0.0001[0m
[BETA_X5] mode=OFF radar_adj=0 mom= conf=0
[BETA_X5] [1;36m16:29:42[0m [1;33mx3[0m [1;36m#92[0m SKIP tension=[1;36m0.71433472[0m [0m| wall_not_collapsed
[ALPHA_X13_BURST13] [BARRIER_TIMEOUT] BETA en retard, ouverture forcée de la barrière au cycle 35
[BETA_X5] mode=OFF radar_adj=0 mom= conf=0
[ALPHA_X13_BURST13] mode=OFF radar_adj=0 mom= conf=0
[ALPHA_X13_BURST13] [1;36m16:29:52[0m [1;32mx13[0m [1;36m#35[0m SKIP tension=[1;36m0.00010122[0m [0m| momentum_too_small [1;31mconf=0.0002[0m
[BETA_X5] [1;36m--- ACE777 STRICT CLONE FUTURES TESTNET ---[0m
[BETA_X5] [1;32mV8 Resonance ON:[0m [1;36mimpulse_thr=0.96 dt_ms=64 aspiration=1.618@37.8deg void_lock=TRUE shock_exit=TRUE[0m
[BETA_X5] [1;32mV8 Tension ON:[0m [1;36mwall_drop=6.5% dt_ms=64 filter=0.85 depth=20[0m
[BETA_X5] [1;36mSymbol=BTCUSDT[0m [1;32mLeverage=3[0m [1;36mBuyUSDT=200 Orders=TRUE[0m
[ALPHA_X13_BURST13] [1;36m--- ACE777 STRICT CLONE FUTURES TESTNET ---[0m
[ALPHA_X13_BURST13] [1;36mLeverage ramp ON:[0m [1;36mstart=13 end=13 cycles=180[0m
[ALPHA_X13_BURST13] [1;32mV8 Resonance ON:[0m [1;36mimpulse_thr=0.96 dt_ms=64 aspiration=1.618@37.8deg void_lock=TRUE shock_exit=TRUE[0m
[ALPHA_X13_BURST13] [1;32mV8 Tension ON:[0m [1;36mwall_drop=6.5% dt_ms=64 filter=0.85 depth=20[0m
[ALPHA_X13_BURST13] [1;36mSymbol=BTCUSDT[0m [1;32mLeverage=13[0m [1;36mBuyUSDT=800 Orders=TRUE[0m
[BETA_X5] mode=OFF radar_adj=0 mom= conf=0
[ALPHA_X13_BURST13] [BARRIER_TIMEOUT] BETA en retard, ouverture forcée de la barrière au cycle 1
[BETA_X5] [1;36mCycle 1[0m [1;32mSOFT anomaly[0m [1;33m| pnl_abs=0.04560000 > 0.02500000[0m
[BETA_X5] [1;36mentry=17:10:16@62304.80000000[0m [1;33mx3[0m [1;36m#1[0m [1;32mSELL[0m tension=[1;32m1.71213279[0m hold=[1;36m8[0ms sec=[1;36m8[0m [0m| exit=62300.00000000 [1;32mconf=0.9478[0m [1;36mexit_time=17:10:24[0m [1;32mpnl=0.04560000 bps=0.77040613 pct=0.00770406% total=0.0456[0m
[ALPHA_X13_BURST13] mode=OFF radar_adj=0 mom= conf=0
[BETA_X5] mode=OFF radar_adj=0 mom= conf=0
[ALPHA_X13_BURST13] [1;36m17:10:32[0m [1;32mx13[0m [1;36m#1[0m SKIP tension=[1;32m1.05181822[0m [0m| duo no_trigger
[BETA_X5] [1;36m17:10:33[0m [1;33mx3[0m [1;36m#2[0m SKIP tension=[1;36m0.24861975[0m [0m| wall_not_collapsed
[BETA_X5] mode=OFF radar_adj=0 mom= conf=0
[ALPHA_X13_BURST13] [BARRIER_TIMEOUT] BETA en retard, ouverture forcée de la barrière au cycle 2
[BETA_X5] [1;36mentry=17:10:45@62306.30000000[0m [1;33mx3[0m [1;36m#3[0m [1;31mSELL[0m tension=[1;32m1.94531804[0m hold=[1;36m5[0ms sec=[1;36m5[0m [0m| exit=62310.90000000 [1;32mconf=0.995[0m [1;36mexit_time=17:10:50[0m [1;31mpnl=-0.02208000 bps=-0.73828810 pct=-0.00738288% total=0.023520000000000003[0m
[ALPHA_X13_BURST13] mode=OFF radar_adj=0 mom= conf=0
[BETA_X5] mode=OFF radar_adj=0 mom= conf=0
[ALPHA_X13_BURST13] [1;36m17:10:57[0m [1;32mx13[0m [1;36m#2[0m SKIP tension=[1;36m0.32687251[0m [0m| wall_not_collapsed
[BETA_X5] [1;36m17:11:00[0m [1;33mx3[0m [1;36m#4[0m SKIP tension=[1;36m0.00000000[0m [0m| momentum_too_small [1;31mconf=0.3454[0m
[BETA_X5] mode=OFF radar_adj=0 mom= conf=0
[BETA_X5] [1;36m17:11:07[0m [1;33mx3[0m [1;36m#5[0m SKIP tension=[1;36m0.00005522[0m [0m| momentum_too_small [1;31mconf=0.0001[0m
[BETA_X5] mode=OFF radar_adj=0 mom= conf=0
[ALPHA_X13_BURST13] [BARRIER_TIMEOUT] BETA en retard, ouverture forcée de la barrière au cycle 3
[BETA_X5] [1;36m17:11:15[0m [1;33mx3[0m [1;36m#6[0m SKIP tension=[1;36m0.00000000[0m [0m| momentum_too_small [1;31mconf=0.344[0m
[ALPHA_X13_BURST13] mode=OFF radar_adj=0 mom= conf=0
[BETA_X5] mode=OFF radar_adj=0 mom= conf=0
[ALPHA_X13_BURST13] [1;36m17:11:21[0m [1;32mx13[0m [1;36m#3[0m SKIP tension=[1;36m0.00536717[0m [0m| momentum_too_small [1;31mconf=0.0088[0m
[BETA_X5] [1;36mentry=17:11:27@62313.40000000[0m [1;33mx3[0m [1;36m#7[0m [1;33mSELL[0m tension=[1;32m1.68143877[0m hold=[1;36m5[0ms sec=[1;36m5[0m [0m| exit=62313.40000000 [1;32mconf=0.9819[0m [1;36mexit_time=17:11:33[0m [1;33mpnl=-0.00000000 bps=-0.00000000 pct=-0.00000000% total=0.023520000000000003[0m
[BETA_X5] mode=OFF radar_adj=0 mom= conf=0
[ALPHA_X13_BURST13] [BARRIER_TIMEOUT] BETA en retard, ouverture forcée de la barrière au cycle 4
[ALPHA_X13_BURST13] mode=OFF radar_adj=0 mom= conf=0
[BETA_X5] [1;36m17:11:42[0m [1;33mx3[0m [1;36m#8[0m SKIP tension=[1;36m0.50818152[0m [0m| wall_not_collapsed
[BETA_X5] mode=OFF radar_adj=0 mom= conf=0
[ALPHA_X13_BURST13] [1;36m17:11:46[0m [1;32mx13[0m [1;36m#4[0m SKIP tension=[1;36m0.00000000[0m [0m| momentum_too_small [1;31mconf=0.3437[0m
[BETA_X5] [1;36mentry=17:11:54@62313.40000000[0m [1;33mx3[0m [1;36m#9[0m [1;33mSELL[0m tension=[1;31m14.83068187[0m hold=[1;36m6[0ms sec=[1;36m6[0m [0m| exit=62313.40000000 [1;32mconf=0.9819[0m [1;36mexit_time=17:12:00[0m [1;33mpnl=-0.00000000 bps=-0.00000000 pct=-0.00000000% total=0.023520000000000003[0m
[ALPHA_X13_BURST13] [BARRIER_TIMEOUT] BETA en retard, ouverture forcée de la barrière au cycle 5
[BETA_X5] mode=OFF radar_adj=0 mom= conf=0
[ALPHA_X13_BURST13] mode=OFF radar_adj=0 mom= conf=0
[ALPHA_X13_BURST13] [1;36m17:12:10[0m [1;32mx13[0m [1;36m#5[0m SKIP tension=[1;36m0.01367343[0m [0m| direction_unclear [1;31mconf=0.0224[0m
[BETA_X5] [1;36mentry=17:12:13@62313.40000000[0m [1;33mx3[0m [1;36m#10[0m [1;33mSELL[0m tension=[1;31m5.47942768[0m hold=[1;36m5[0ms sec=[1;36m5[0m [0m| exit=62313.40000000 [1;32mconf=0.9819[0m [1;36mexit_time=17:12:19[0m [1;33mpnl=-0.00000000 bps=-0.00000000 pct=-0.00000000% total=0.023520000000000003[0m
[BETA_X5] mode=OFF radar_adj=0 mom= conf=0
[ALPHA_X13_BURST13] [BARRIER_TIMEOUT] BETA en retard, ouverture forcée de la barrière au cycle 6
[BETA_X5] [1;36m17:12:29[0m [1;33mx3[0m [1;36m#11[0m SKIP tension=[1;36m0.00000000[0m [0m| momentum_too_small [1;31mconf=0.3437[0m
[ALPHA_X13_BURST13] mode=OFF radar_adj=0 mom= conf=0
[BETA_X5] mode=OFF radar_adj=0 mom= conf=0
[ALPHA_X13_BURST13] [1;36m17:12:34[0m [1;32mx13[0m [1;36m#6[0m SKIP tension=[1;36m0.00000000[0m [0m| momentum_too_small [1;31mconf=0.3437[0m
[BETA_X5] [1;36m17:12:37[0m [1;33mx3[0m [1;36m#12[0m SKIP tension=[1;36m0.59418860[0m [0m| wall_not_collapsed
[BETA_X5] mode=OFF radar_adj=0 mom= conf=0
[ALPHA_X13_BURST13] [BARRIER_TIMEOUT] BETA en retard, ouverture forcée de la barrière au cycle 7
[ALPHA_X13_BURST13] mode=OFF radar_adj=0 mom= conf=0
[BETA_X5] [1;36mentry=17:12:49@62313.40000000[0m [1;33mx3[0m [1;36m#13[0m [1;33mSELL[0m tension=[1;31m2.77158430[0m hold=[1;36m6[0ms sec=[1;36m6[0m [0m| exit=62313.40000000 [1;32mconf=0.9819[0m [1;36mexit_time=17:12:55[0m [1;33mpnl=-0.00000000 bps=-0.00000000 pct=-0.00000000% total=0.023520000000000003[0m
[BETA_X5] mode=OFF radar_adj=0 mom= conf=0
[ALPHA_X13_BURST13] [1;36m17:12:59[0m [1;32mx13[0m [1;36m#7[0m SKIP tension=[1;31m5.83325560[0m [0m| duo no_trigger
[BETA_X5] [1;36m17:13:09[0m [1;33mx3[0m [1;36m#14[0m SKIP tension=[1;36m0.00002249[0m [0m| momentum_too_small [1;31mconf=0.0[0m
[BETA_X5] mode=OFF radar_adj=0 mom= conf=0
[BETA_X5] [1;36m17:13:16[0m [1;33mx3[0m [1;36m#15[0m SKIP tension=[1;33m0.96570908[0m [0m| wall_not_collapsed
[ALPHA_X13_BURST13] [BARRIER_TIMEOUT] BETA en retard, ouverture forcée de la barrière au cycle 8
[ALPHA_X13_BURST13] mode=OFF radar_adj=0 mom= conf=0
[BETA_X5] mode=OFF radar_adj=0 mom= conf=0
[BETA_X5] [1;36m17:13:24[0m [1;33mx3[0m [1;36m#16[0m SKIP tension=[1;36m0.72460731[0m [0m| wall_not_collapsed
[ALPHA_X13_BURST13] [1;36m17:13:24[0m [1;32mx13[0m [1;36m#8[0m SKIP tension=[1;36m0.00000000[0m [0m| momentum_too_small [1;31mconf=0.3437[0m
[BETA_X5] mode=OFF radar_adj=0 mom= conf=0
[BETA_X5] [1;36m17:13:38[0m [1;33mx3[0m [1;36m#17[0m SKIP tension=[1;36m0.00000506[0m [0m| momentum_too_small [1;31mconf=0.0[0m
[BETA_X5] mode=OFF radar_adj=0 mom= conf=0
[ALPHA_X13_BURST13] [BARRIER_TIMEOUT] BETA en retard, ouverture forcée de la barrière au cycle 9
[ALPHA_X13_BURST13] mode=OFF radar_adj=0 mom= conf=0
[BETA_X5] [1;36m17:13:46[0m [1;33mx3[0m [1;36m#18[0m SKIP tension=[1;36m0.00000000[0m [0m| momentum_too_small [1;31mconf=0.3437[0m
[BETA_X5] mode=OFF radar_adj=0 mom= conf=0
[ALPHA_X13_BURST13] [1;36m17:13:49[0m [1;32mx13[0m [1;36m#9[0m SKIP tension=[1;36m0.70490636[0m [0m| wall_not_collapsed
[BETA_X5] [1;36m17:13:53[0m [1;33mx3[0m [1;36m#19[0m SKIP tension=[1;36m0.49918535[0m [0m| wall_not_collapsed
[BETA_X5] mode=OFF radar_adj=0 mom= conf=0
[BETA_X5] [1;36m17:14:01[0m [1;33mx3[0m [1;36m#20[0m SKIP tension=[1;36m0.26176264[0m [0m| wall_not_collapsed
[BETA_X5] mode=OFF radar_adj=0 mom= conf=0
[ALPHA_X13_BURST13] [BARRIER_TIMEOUT] BETA en retard, ouverture forcée de la barrière au cycle 10
[BETA_X5] [1;36m17:14:08[0m [1;33mx3[0m [1;36m#21[0m SKIP tension=[1;36m0.00000935[0m [0m| momentum_too_small [1;31mconf=0.0[0m
[ALPHA_X13_BURST13] mode=OFF radar_adj=0 mom= conf=0
[BETA_X5] mode=OFF radar_adj=0 mom= conf=0
[ALPHA_X13_BURST13] [1;36m17:14:14[0m [1;32mx13[0m [1;36m#10[0m SKIP tension=[1;36m0.41381129[0m [0m| wall_not_collapsed
[BETA_X5] [1;36m17:14:16[0m [1;33mx3[0m [1;36m#22[0m SKIP tension=[1;36m0.00010080[0m [0m| momentum_too_small [1;31mconf=0.0002[0m
[BETA_X5] mode=OFF radar_adj=0 mom= conf=0
[BETA_X5] [1;36m17:14:24[0m [1;33mx3[0m [1;36m#23[0m SKIP tension=[1;36m0.00000000[0m [0m| momentum_too_small [1;31mconf=0.336[0m
[BETA_X5] mode=OFF radar_adj=0 mom= conf=0
[ALPHA_X13_BURST13] [BARRIER_TIMEOUT] BETA en retard, ouverture forcée de la barrière au cycle 11
[BETA_X5] [1;36m17:14:33[0m [1;33mx3[0m [1;36m#24[0m SKIP tension=[1;36m0.00001065[0m [0m| momentum_too_small [1;31mconf=0.0[0m
[ALPHA_X13_BURST13] mode=OFF radar_adj=0 mom= conf=0
[BETA_X5] mode=OFF radar_adj=0 mom= conf=0
[ALPHA_X13_BURST13] [1;36m17:14:39[0m [1;32mx13[0m [1;36m#11[0m SKIP tension=[1;36m0.00090001[0m [0m| momentum_too_small [1;31mconf=0.0014[0m
[BETA_X5] [1;36m17:14:40[0m [1;33mx3[0m [1;36m#25[0m SKIP tension=[1;36m0.00000457[0m [0m| momentum_too_small [1;31mconf=0.0[0m
[BETA_X5] mode=OFF radar_adj=0 mom= conf=0
[BETA_X5] [1;36m17:14:48[0m [1;33mx3[0m [1;36m#26[0m SKIP tension=[1;36m0.00000000[0m [0m| momentum_too_small [1;31mconf=0.336[0m
[BETA_X5] mode=OFF radar_adj=0 mom= conf=0
[ALPHA_X13_BURST13] [BARRIER_TIMEOUT] BETA en retard, ouverture forcée de la barrière au cycle 12
[BETA_X5] [1;36m17:14:56[0m [1;33mx3[0m [1;36m#27[0m SKIP tension=[1;36m0.00000000[0m [0m| momentum_too_small [1;31mconf=0.3447[0m
[ALPHA_X13_BURST13] mode=OFF radar_adj=0 mom= conf=0
[ALPHA_X13_BURST13] [1;36m17:15:03[0m [1;32mx13[0m [1;36m#12[0m SKIP tension=[1;36m0.00063907[0m [0m| momentum_too_small [1;31mconf=0.001[0m
[BETA_X5] mode=OFF radar_adj=0 mom= conf=0
[BETA_X5] [1;36m17:15:09[0m [1;33mx3[0m [1;36m#28[0m SKIP tension=[1;36m0.12952953[0m [0m| direction_unclear [1;31mconf=0.2072[0m
[BETA_X5] mode=OFF radar_adj=0 mom= conf=0
[BETA_X5] [1;36m17:15:17[0m [1;33mx3[0m [1;36m#29[0m SKIP tension=[1;33m0.97437245[0m [0m| wall_not_collapsed
[BETA_X5] mode=OFF radar_adj=0 mom= conf=0
[ALPHA_X13_BURST13] [BARRIER_TIMEOUT] BETA en retard, ouverture forcée de la barrière au cycle 13
[ALPHA_X13_BURST13] mode=OFF radar_adj=0 mom= conf=0
[BETA_X5] [1;36m17:15:25[0m [1;33mx3[0m [1;36m#30[0m SKIP tension=[1;36m0.00001046[0m [0m| momentum_too_small [1;31mconf=0.0[0m
[BETA_X5] mode=OFF radar_adj=0 mom= conf=0
[ALPHA_X13_BURST13] [1;36m17:15:29[0m [1;32mx13[0m [1;36m#13[0m SKIP tension=[1;36m0.00001805[0m [0m| momentum_too_small [1;31mconf=0.0[0m
[BETA_X5] [1;36m17:15:33[0m [1;33mx3[0m [1;36m#31[0m SKIP tension=[1;36m0.00001653[0m [0m| momentum_too_small [1;31mconf=0.0[0m
[BETA_X5] mode=OFF radar_adj=0 mom= conf=0
[BETA_X5] [1;36m17:15:41[0m [1;33mx3[0m [1;36m#32[0m SKIP tension=[1;36m0.00007757[0m [0m| momentum_too_small [1;31mconf=0.0001[0m
[BETA_X5] mode=OFF radar_adj=0 mom= conf=0
[ALPHA_X13_BURST13] [BARRIER_TIMEOUT] BETA en retard, ouverture forcée de la barrière au cycle 14
[BETA_X5] [1;36m17:15:49[0m [1;33mx3[0m [1;36m#33[0m SKIP tension=[1;36m0.35037263[0m [0m| wall_not_collapsed
[ALPHA_X13_BURST13] mode=OFF radar_adj=0 mom= conf=0
[BETA_X5] mode=OFF radar_adj=0 mom= conf=0
[ALPHA_X13_BURST13] [1;36m17:15:54[0m [1;32mx13[0m [1;36m#14[0m SKIP tension=[1;36m0.00000000[0m [0m| momentum_too_small [1;31mconf=0.3103[0m
[BETA_X5] [1;36m17:15:57[0m [1;33mx3[0m [1;36m#34[0m SKIP tension=[1;36m0.00399019[0m [0m| momentum_too_small [1;31mconf=0.0062[0m
[BETA_X5] mode=OFF radar_adj=0 mom= conf=0
[BETA_X5] [1;36m17:16:06[0m [1;33mx3[0m [1;36m#35[0m SKIP tension=[1;33m0.99422370[0m [0m| wall_not_collapsed
[BETA_X5] mode=OFF radar_adj=0 mom= conf=0
[ALPHA_X13_BURST13] [BARRIER_TIMEOUT] BETA en retard, ouverture forcée de la barrière au cycle 15
[ALPHA_X13_BURST13] mode=OFF radar_adj=0 mom= conf=0
[BETA_X5] [1;36m17:16:16[0m [1;33mx3[0m [1;36m#36[0m SKIP tension=[1;36m0.00001469[0m [0m| momentum_too_small [1;31mconf=0.0[0m
[BETA_X5] mode=OFF radar_adj=0 mom= conf=0
[ALPHA_X13_BURST13] [1;36m17:16:19[0m [1;32mx13[0m [1;36m#15[0m SKIP tension=[1;36m0.00012680[0m [0m| momentum_too_small [1;31mconf=0.0002[0m
[ALPHA_X13_BURST13] [BARRIER_TIMEOUT] BETA en retard, ouverture forcée de la barrière au cycle 16
[ALPHA_X13_BURST13] mode=OFF radar_adj=0 mom= conf=0
[BETA_X5] [1;36mCycle 37[0m [1;32mSOFT anomaly[0m [1;33m| pnl_abs=0.16815000 > 0.02500000[0m
[BETA_X5] [1;36mentry=17:16:33@62288.40000000[0m [1;33mx3[0m [1;36m#37[0m [1;32mSELL[0m tension=[1;31m3.06981914[0m hold=[1;36m5[0ms sec=[1;36m5[0m [0m| exit=62270.70000000 [1;33mconf=0.7502[0m [1;36mexit_time=17:16:38[0m [1;32mpnl=0.16815000 bps=2.84162059 pct=0.02841621% total=0.19167[0m
[BETA_X5] mode=OFF radar_adj=0 mom= conf=0
[ALPHA_X13_BURST13] [1;36m17:16:43[0m [1;32mx13[0m [1;36m#16[0m SKIP tension=[1;36m0.00000000[0m [0m| momentum_too_small [1;31mconf=0.1997[0m
[BETA_X5] [1;36m17:16:48[0m [1;33mx3[0m [1;36m#38[0m SKIP tension=[1;36m0.00000000[0m [0m| momentum_too_small [1;31mconf=0.1997[0m
[BETA_X5] mode=OFF radar_adj=0 mom= conf=0
[BETA_X5] [1;36m17:16:56[0m [1;33mx3[0m [1;36m#39[0m SKIP tension=[1;36m0.00000000[0m [0m| spread_too_wide [1;31mconf=0.0[0m
[BETA_X5] mode=OFF radar_adj=0 mom= conf=0
[ALPHA_X13_BURST13] [BARRIER_TIMEOUT] BETA en retard, ouverture forcée de la barrière au cycle 17
[ALPHA_X13_BURST13] mode=OFF radar_adj=0 mom= conf=0
[ALPHA_X13_BURST13] [1;36m17:17:07[0m [1;32mx13[0m [1;36m#17[0m SKIP tension=[1;36m0.35120333[0m [0m| spread_too_wide [1;31mconf=0.2927[0m
[BETA_X5] [1;36m17:17:08[0m [1;33mx3[0m [1;36m#40[0m SKIP tension=[1;36m0.00000000[0m [0m| momentum_too_small [1;31mconf=0.2854[0m
[BETA_X5] mode=OFF radar_adj=0 mom= conf=0
[BETA_X5] [1;36m17:17:16[0m [1;33mx3[0m [1;36m#41[0m SKIP tension=[1;36m0.00045940[0m [0m| momentum_too_small [1;31mconf=0.0007[0m
[BETA_X5] mode=OFF radar_adj=0 mom= conf=0
[BETA_X5] [1;36m17:17:23[0m [1;33mx3[0m [1;36m#42[0m SKIP tension=[1;36m0.00004810[0m [0m| momentum_too_small [1;31mconf=0.0001[0m
[ALPHA_X13_BURST13] [BARRIER_TIMEOUT] BETA en retard, ouverture forcée de la barrière au cycle 18
[BETA_X5] mode=OFF radar_adj=0 mom= conf=0
[ALPHA_X13_BURST13] mode=OFF radar_adj=0 mom= conf=0
[ALPHA_X13_BURST13] [1;36m17:17:32[0m [1;32mx13[0m [1;36m#18[0m SKIP tension=[1;31m2.29565130[0m [0m| duo no_trigger
[BETA_X5] [1;36mentry=17:17:37@62260.10000000[0m [1;33mx3[0m [1;36m#43[0m [1;32mSELL[0m tension=[1;31m2.29565130[0m hold=[1;36m5[0ms sec=[1;36m5[0m [0m| exit=62260.00000000 [1;33mconf=0.6669[0m [1;36mexit_time=17:17:43[0m [1;32mpnl=0.00048000 bps=0.01606165 pct=0.00016062% total=0.19215000000000002[0m
[BETA_X5] mode=OFF radar_adj=0 mom= conf=0
[ALPHA_X13_BURST13] [BARRIER_TIMEOUT] BETA en retard, ouverture forcée de la barrière au cycle 19
[ALPHA_X13_BURST13] mode=OFF radar_adj=0 mom= conf=0
[BETA_X5] [1;36m17:17:51[0m [1;33mx3[0m [1;36m#44[0m SKIP tension=[1;36m0.00943113[0m [0m| spread_too_wide [1;31mconf=0.0079[0m
[BETA_X5] mode=OFF radar_adj=0 mom= conf=0
[ALPHA_X13_BURST13] [1;36m17:17:56[0m [1;32mx13[0m [1;36m#19[0m SKIP tension=[1;36m0.78143368[0m [0m| spread_too_wide [1;33mconf=0.5[0m
[BETA_X5] [1;36m17:18:00[0m [1;33mx3[0m [1;36m#45[0m SKIP tension=[1;32m1.42235120[0m [0m| spread_too_wide [1;33mconf=0.5[0m
[BETA_X5] mode=OFF radar_adj=0 mom= conf=0
[BETA_X5] [1;36m17:18:08[0m [1;33mx3[0m [1;36m#46[0m SKIP tension=[1;36m0.68260774[0m [0m| wall_not_collapsed
[BETA_X5] mode=OFF radar_adj=0 mom= conf=0
[ALPHA_X13_BURST13] [BARRIER_TIMEOUT] BETA en retard, ouverture forcée de la barrière au cycle 20
[ALPHA_X13_BURST13] mode=OFF radar_adj=0 mom= conf=0
[BETA_X5] [1;36m17:18:16[0m [1;33mx3[0m [1;36m#47[0m SKIP tension=[1;36m0.01330127[0m [0m| direction_unclear [1;31mconf=0.0221[0m
[BETA_X5] mode=OFF radar_adj=0 mom= conf=0
[BETA_X5] [1;36m17:18:24[0m [1;33mx3[0m [1;36m#48[0m SKIP tension=[1;36m0.00001204[0m [0m| momentum_too_small [1;31mconf=0.0[0m
[ALPHA_X13_BURST13] [1;36m17:18:25[0m [1;32mx13[0m [1;36m#20[0m SKIP tension=[1;36m0.00144543[0m [0m| momentum_too_small [1;31mconf=0.0024[0m
[BETA_X5] mode=OFF radar_adj=0 mom= conf=0
[BETA_X5] [1;36m17:18:31[0m [1;33mx3[0m [1;36m#49[0m SKIP tension=[1;36m0.00002237[0m [0m| momentum_too_small [1;31mconf=0.0[0m
[BETA_X5] mode=OFF radar_adj=0 mom= conf=0
[ALPHA_X13_BURST13] [BARRIER_TIMEOUT] BETA en retard, ouverture forcée de la barrière au cycle 21
[ALPHA_X13_BURST13] mode=OFF radar_adj=0 mom= conf=0
[ALPHA_X13_BURST13] [1;36m17:18:49[0m [1;32mx13[0m [1;36m#21[0m SKIP tension=[1;36m0.00035271[0m [0m| momentum_too_small [1;31mconf=0.0006[0m
[BETA_X5] [1;36mCycle 50[0m [1;32mSOFT anomaly[0m [1;33m| pnl_abs=0.03696000 > 0.02500000[0m
[BETA_X5] [1;36mentry=17:18:44@62246.50000000[0m [1;33mx3[0m [1;36m#50[0m [1;32mSELL[0m tension=[1;31m6.56543891[0m hold=[1;36m6[0ms sec=[1;36m6[0m [0m| exit=62238.80000000 [1;32mconf=0.9689[0m [1;36mexit_time=17:18:50[0m [1;32mpnl=0.03696000 bps=1.23701734 pct=0.01237017% total=0.22911[0m
[BETA_X5] mode=OFF radar_adj=0 mom= conf=0
[BETA_X5] [1;36m17:18:59[0m [1;33mx3[0m [1;36m#51[0m SKIP tension=[1;36m0.00000975[0m [0m| momentum_too_small [1;31mconf=0.0[0m
[BETA_X5] mode=OFF radar_adj=0 mom= conf=0
[ALPHA_X13_BURST13] [BARRIER_TIMEOUT] BETA en retard, ouverture forcée de la barrière au cycle 22
[BETA_X5] [1;36m17:19:07[0m [1;33mx3[0m [1;36m#52[0m SKIP tension=[1;36m0.23957093[0m [0m| wall_not_collapsed
[ALPHA_X13_BURST13] mode=OFF radar_adj=0 mom= conf=0
[BETA_X5] mode=OFF radar_adj=0 mom= conf=0
[ALPHA_X13_BURST13] [1;36m17:19:13[0m [1;32mx13[0m [1;36m#22[0m SKIP tension=[1;36m0.00001523[0m [0m| momentum_too_small [1;31mconf=0.0[0m
[BETA_X5] [1;36m17:19:14[0m [1;33mx3[0m [1;36m#53[0m SKIP tension=[1;36m0.00000000[0m [0m| momentum_too_small [1;31mconf=0.3482[0m
[BETA_X5] mode=OFF radar_adj=0 mom= conf=0
[ALPHA_X13_BURST13] [BARRIER_TIMEOUT] BETA en retard, ouverture forcée de la barrière au cycle 23
[ALPHA_X13_BURST13] mode=OFF radar_adj=0 mom= conf=0
[BETA_X5] [1;36mentry=17:19:26@62237.40000000[0m [1;33mx3[0m [1;36m#54[0m [1;32mSELL[0m tension=[1;32m1.10928298[0m hold=[1;36m9[0ms sec=[1;36m9[0m [0m| exit=62235.30000000 [1;32mconf=0.9839[0m [1;36mexit_time=17:19:35[0m [1;32mpnl=0.01008000 bps=0.33741769 pct=0.00337418% total=0.23919[0m
[ALPHA_X13_BURST13] [1;36m17:19:36[0m [1;32mx13[0m [1;36m#23[0m SKIP tension=[1;36m0.00239048[0m [0m| momentum_too_small [1;31mconf=0.004[0m
[BETA_X5] mode=OFF radar_adj=0 mom= conf=0
[BETA_X5] [1;36m17:19:44[0m [1;33mx3[0m [1;36m#55[0m SKIP tension=[1;36m0.00001813[0m [0m| momentum_too_small [1;31mconf=0.0[0m
[BETA_X5] mode=OFF radar_adj=0 mom= conf=0
[BETA_X5] [1;36m17:19:51[0m [1;33mx3[0m [1;36m#56[0m SKIP tension=[1;36m0.00002871[0m [0m| momentum_too_small [1;31mconf=0.0[0m
[ALPHA_X13_BURST13] [BARRIER_TIMEOUT] BETA en retard, ouverture forcée de la barrière au cycle 24
[BETA_X5] mode=OFF radar_adj=0 mom= conf=0
[ALPHA_X13_BURST13] mode=OFF radar_adj=0 mom= conf=0
[BETA_X5] [1;36m17:20:01[0m [1;33mx3[0m [1;36m#57[0m SKIP tension=[1;36m0.00041239[0m [0m| momentum_too_small [1;31mconf=0.0007[0m
[ALPHA_X13_BURST13] [1;36m17:20:01[0m [1;32mx13[0m [1;36m#24[0m SKIP tension=[1;32m1.21157386[0m [0m| duo no_trigger
[BETA_X5] mode=OFF radar_adj=0 mom= conf=0
[BETA_X5] [1;36m17:20:08[0m [1;33mx3[0m [1;36m#58[0m SKIP tension=[1;36m0.00000564[0m [0m| momentum_too_small [1;31mconf=0.0[0m
[BETA_X5] mode=OFF radar_adj=0 mom= conf=0
[BETA_X5] [1;36m17:20:16[0m [1;33mx3[0m [1;36m#59[0m SKIP tension=[1;36m0.00000000[0m [0m| momentum_too_small [1;31mconf=0.3444[0m
[BETA_X5] mode=OFF radar_adj=0 mom= conf=0
[ALPHA_X13_BURST13] [BARRIER_TIMEOUT] BETA en retard, ouverture forcée de la barrière au cycle 25
[ALPHA_X13_BURST13] mode=OFF radar_adj=0 mom= conf=0
[BETA_X5] [1;36m17:20:24[0m [1;33mx3[0m [1;36m#60[0m SKIP tension=[1;36m0.00001115[0m [0m| momentum_too_small [1;31mconf=0.0[0m
[ALPHA_X13_BURST13] [1;36m17:20:25[0m [1;32mx13[0m [1;36m#25[0m SKIP tension=[1;36m0.49319406[0m [0m| wall_not_collapsed
[BETA_X5] mode=OFF radar_adj=0 mom= conf=0
[BETA_X5] [1;36m17:20:32[0m [1;33mx3[0m [1;36m#61[0m SKIP tension=[1;33m0.93839666[0m [0m| wall_not_collapsed
[BETA_X5] mode=OFF radar_adj=0 mom= conf=0
[ALPHA_X13_BURST13] [BARRIER_TIMEOUT] BETA en retard, ouverture forcée de la barrière au cycle 26
[ALPHA_X13_BURST13] mode=OFF radar_adj=0 mom= conf=0
[ALPHA_X13_BURST13] [1;36m17:20:50[0m [1;32mx13[0m [1;36m#26[0m SKIP tension=[1;36m0.00000746[0m [0m| momentum_too_small [1;31mconf=0.0[0m
[BETA_X5] [1;36mentry=17:20:44@62234.80000000[0m [1;33mx3[0m [1;36m#62[0m [1;32mSELL[0m tension=[1;31m2.40247516[0m hold=[1;36m5[0ms sec=[1;36m5[0m [0m| exit=62234.50000000 [1;32mconf=0.9859[0m [1;36mexit_time=17:20:49[0m [1;32mpnl=0.00144000 bps=0.04820454 pct=0.00048205% total=0.24063[0m
[BETA_X5] mode=OFF radar_adj=0 mom= conf=0
[BETA_X5] [1;36m17:20:59[0m [1;33mx3[0m [1;36m#63[0m SKIP tension=[1;36m0.00000000[0m [0m| momentum_too_small [1;31mconf=0.3363[0m
[BETA_X5] mode=OFF radar_adj=0 mom= conf=0
[BETA_X5] [1;36m17:21:06[0m [1;33mx3[0m [1;36m#64[0m SKIP tension=[1;36m0.00004026[0m [0m| momentum_too_small [1;31mconf=0.0001[0m
[ALPHA_X13_BURST13] [BARRIER_TIMEOUT] BETA en retard, ouverture forcée de la barrière au cycle 27
[ALPHA_X13_BURST13] mode=OFF radar_adj=0 mom= conf=0
[BETA_X5] mode=OFF radar_adj=0 mom= conf=0
[ALPHA_X13_BURST13] [1;36m17:21:14[0m [1;32mx13[0m [1;36m#27[0m SKIP tension=[1;31m3.14293617[0m [0m| duo no_trigger
[BETA_X5] [1;36mentry=17:21:18@62241.50000000[0m [1;33mx3[0m [1;36m#65[0m [1;33mSELL[0m tension=[1;31m3.14293617[0m hold=[1;36m5[0ms sec=[1;36m5[0m [0m| exit=62241.50000000 [1;32mconf=0.9297[0m [1;36mexit_time=17:21:23[0m [1;33mpnl=-0.00000000 bps=-0.00000000 pct=-0.00000000% total=0.24063[0m
[BETA_X5] mode=OFF radar_adj=0 mom= conf=0
[ALPHA_X13_BURST13] [BARRIER_TIMEOUT] BETA en retard, ouverture forcée de la barrière au cycle 28
[BETA_X5] [1;36m17:21:33[0m [1;33mx3[0m [1;36m#66[0m SKIP tension=[1;36m0.00004392[0m [0m| momentum_too_small [1;31mconf=0.0001[0m
[ALPHA_X13_BURST13] mode=OFF radar_adj=0 mom= conf=0
[BETA_X5] mode=OFF radar_adj=0 mom= conf=0
[ALPHA_X13_BURST13] [1;36m17:21:38[0m [1;32mx13[0m [1;36m#28[0m SKIP tension=[1;36m0.00004123[0m [0m| momentum_too_small [1;31mconf=0.0001[0m
[BETA_X5] [1;36m17:21:40[0m [1;33mx3[0m [1;36m#67[0m SKIP tension=[1;36m0.49107076[0m [0m| wall_not_collapsed
[BETA_X5] mode=OFF radar_adj=0 mom= conf=0
[BETA_X5] [1;36m17:21:48[0m [1;33mx3[0m [1;36m#68[0m SKIP tension=[1;36m0.00000000[0m [0m| momentum_too_small [1;31mconf=0.3254[0m
[BETA_X5] mode=OFF radar_adj=0 mom= conf=0
[ALPHA_X13_BURST13] [BARRIER_TIMEOUT] BETA en retard, ouverture forcée de la barrière au cycle 29
[ALPHA_X13_BURST13] mode=OFF radar_adj=0 mom= conf=0
[ALPHA_X13_BURST13] [1;36m17:22:02[0m [1;32mx13[0m [1;36m#29[0m SKIP tension=[1;36m0.00000000[0m [0m| momentum_too_small [1;31mconf=0.3254[0m
[BETA_X5] [1;36mentry=17:22:00@62234.50000000[0m [1;33mx3[0m [1;36m#69[0m [1;33mSELL[0m tension=[1;32m1.22720803[0m hold=[1;36m5[0ms sec=[1;36m5[0m [0m| exit=62234.50000000 [1;32mconf=0.9297[0m [1;36mexit_time=17:22:05[0m [1;33mpnl=-0.00000000 bps=-0.00000000 pct=-0.00000000% total=0.24063[0m
[BETA_X5] mode=OFF radar_adj=0 mom= conf=0
[BETA_X5] [1;36m17:22:14[0m [1;33mx3[0m [1;36m#70[0m SKIP tension=[1;36m0.00400381[0m [0m| momentum_too_small [1;31mconf=0.0062[0m
[BETA_X5] mode=OFF radar_adj=0 mom= conf=0
[ALPHA_X13_BURST13] [BARRIER_TIMEOUT] BETA en retard, ouverture forcée de la barrière au cycle 30
[ALPHA_X13_BURST13] mode=OFF radar_adj=0 mom= conf=0
[ALPHA_X13_BURST13] [1;36m17:22:25[0m [1;32mx13[0m [1;36m#30[0m SKIP tension=[1;36m0.62683215[0m [0m| wall_not_collapsed
[BETA_X5] [1;36mCycle 71[0m [1;32mSOFT anomaly[0m [1;33m| pnl_abs=0.07125000 > 0.02500000[0m
[BETA_X5] [1;36mentry=17:22:26@62234.50000000[0m [1;33mx3[0m [1;36m#71[0m [1;31mSELL[0m tension=[1;31m2.15909712[0m hold=[1;36m6[0ms sec=[1;36m6[0m [0m| exit=62242.00000000 [1;32mconf=0.9257[0m [1;36mexit_time=17:22:32[0m [1;31mpnl=-0.07125000 bps=-1.20511935 pct=-0.01205119% total=0.16938000000000003[0m
[BETA_X5] mode=OFF radar_adj=0 mom= conf=0
[BETA_X5] [1;36m17:22:42[0m [1;33mx3[0m [1;36m#72[0m SKIP tension=[1;36m0.00001444[0m [0m| momentum_too_small [1;31mconf=0.0[0m
[ALPHA_X13_BURST13] [BARRIER_TIMEOUT] BETA en retard, ouverture forcée de la barrière au cycle 31
[BETA_X5] mode=OFF radar_adj=0 mom= conf=0
[ALPHA_X13_BURST13] mode=OFF radar_adj=0 mom= conf=0
[BETA_X5] [1;36m17:22:49[0m [1;33mx3[0m [1;36m#73[0m SKIP tension=[1;36m0.00053998[0m [0m| momentum_too_small [1;31mconf=0.0009[0m
[ALPHA_X13_BURST13] [1;36m17:22:50[0m [1;32mx13[0m [1;36m#31[0m SKIP tension=[1;36m0.00053998[0m [0m| momentum_too_small [1;31mconf=0.0009[0m
[BETA_X5] mode=OFF radar_adj=0 mom= conf=0
[BETA_X5] [1;36m17:22:57[0m [1;33mx3[0m [1;36m#74[0m SKIP tension=[1;36m0.00000000[0m [0m| momentum_too_small [1;31mconf=0.3293[0m
[BETA_X5] mode=OFF radar_adj=0 mom= conf=0
[ALPHA_X13_BURST13] [BARRIER_TIMEOUT] BETA en retard, ouverture forcée de la barrière au cycle 32
[ALPHA_X13_BURST13] mode=OFF radar_adj=0 mom= conf=0
[BETA_X5] [1;36m17:23:10[0m [1;33mx3[0m [1;36m#75[0m SKIP tension=[1;36m0.37002981[0m [0m| wall_not_collapsed
[BETA_X5] mode=OFF radar_adj=0 mom= conf=0
[ALPHA_X13_BURST13] [1;36m17:23:14[0m [1;32mx13[0m [1;36m#32[0m SKIP tension=[1;36m0.00015048[0m [0m| momentum_too_small [1;31mconf=0.0002[0m
[BETA_X5] [1;36m17:23:18[0m [1;33mx3[0m [1;36m#76[0m SKIP tension=[1;36m0.63302674[0m [0m| wall_not_collapsed
[BETA_X5] mode=OFF radar_adj=0 mom= conf=0
[BETA_X5] [1;36m17:23:25[0m [1;33mx3[0m [1;36m#77[0m SKIP tension=[1;36m0.56593401[0m [0m| wall_not_collapsed
[BETA_X5] mode=OFF radar_adj=0 mom= conf=0
[ALPHA_X13_BURST13] [BARRIER_TIMEOUT] BETA en retard, ouverture forcée de la barrière au cycle 33
[ALPHA_X13_BURST13] mode=OFF radar_adj=0 mom= conf=0
[ALPHA_X13_BURST13] [1;36m17:23:39[0m [1;32mx13[0m [1;36m#33[0m SKIP tension=[1;36m0.00180196[0m [0m| momentum_too_small [1;31mconf=0.0027[0m
[BETA_X5] [1;36mentry=17:23:37@62238.90000000[0m [1;33mx3[0m [1;36m#78[0m [1;32mSELL[0m tension=[1;32m1.11560092[0m hold=[1;36m6[0ms sec=[1;36m6[0m [0m| exit=62234.50000000 [1;32mconf=0.9408[0m [1;36mexit_time=17:23:43[0m [1;32mpnl=0.02112000 bps=0.70695337 pct=0.00706953% total=0.19050000000000003[0m
[BETA_X5] mode=OFF radar_adj=0 mom= conf=0
[ALPHA_X13_BURST13] [BARRIER_TIMEOUT] BETA en retard, ouverture forcée de la barrière au cycle 34
[BETA_X5] [1;36m17:23:58[0m [1;33mx3[0m [1;36m#79[0m SKIP tension=[1;36m0.00030640[0m [0m| momentum_too_small [1;31mconf=0.0005[0m
[ALPHA_X13_BURST13] mode=OFF radar_adj=0 mom= conf=0
[BETA_X5] mode=OFF radar_adj=0 mom= conf=0
[ALPHA_X13_BURST13] [1;36m17:24:04[0m [1;32mx13[0m [1;36m#34[0m SKIP tension=[1;36m0.00000364[0m [0m| momentum_too_small [1;31mconf=0.0[0m
[BETA_X5] [1;36m17:24:10[0m [1;33mx3[0m [1;36m#80[0m SKIP tension=[1;36m0.00001091[0m [0m| momentum_too_small [1;31mconf=0.0[0m
[BETA_X5] mode=OFF radar_adj=0 mom= conf=0
[BETA_X5] [1;36m17:24:18[0m [1;33mx3[0m [1;36m#81[0m SKIP tension=[1;36m0.00000404[0m [0m| momentum_too_small [1;31mconf=0.0[0m
[BETA_X5] mode=OFF radar_adj=0 mom= conf=0
[ALPHA_X13_BURST13] [BARRIER_TIMEOUT] BETA en retard, ouverture forcée de la barrière au cycle 35
[ALPHA_X13_BURST13] mode=OFF radar_adj=0 mom= conf=0
[BETA_X5] [1;36m17:24:25[0m [1;33mx3[0m [1;36m#82[0m SKIP tension=[1;36m0.00001334[0m [0m| momentum_too_small [1;31mconf=0.0[0m
[ALPHA_X13_BURST13] [1;36m17:24:29[0m [1;32mx13[0m [1;36m#35[0m SKIP tension=[1;36m0.00002223[0m [0m| momentum_too_small [1;31mconf=0.0[0m
[BETA_X5] mode=OFF radar_adj=0 mom= conf=0
[BETA_X5] [1;36m17:24:34[0m [1;33mx3[0m [1;36m#83[0m SKIP tension=[1;36m0.00001860[0m [0m| momentum_too_small [1;31mconf=0.0[0m
[BETA_X5] mode=OFF radar_adj=0 mom= conf=0
[BETA_X5] [1;36m17:24:42[0m [1;33mx3[0m [1;36m#84[0m SKIP tension=[1;36m0.01298957[0m [0m| direction_unclear [1;31mconf=0.0214[0m
[BETA_X5] mode=OFF radar_adj=0 mom= conf=0
[ALPHA_X13_BURST13] [BARRIER_TIMEOUT] BETA en retard, ouverture forcée de la barrière au cycle 36
[ALPHA_X13_BURST13] mode=OFF radar_adj=0 mom= conf=0
[BETA_X5] [1;36m17:24:49[0m [1;33mx3[0m [1;36m#85[0m SKIP tension=[1;36m0.00002547[0m [0m| momentum_too_small [1;31mconf=0.0[0m
[BETA_X5] mode=OFF radar_adj=0 mom= conf=0
[ALPHA_X13_BURST13] [1;36m17:24:53[0m [1;32mx13[0m [1;36m#36[0m SKIP tension=[1;36m0.00001536[0m [0m| momentum_too_small [1;31mconf=0.0[0m
[BETA_X5] [1;36m17:24:58[0m [1;33mx3[0m [1;36m#86[0m SKIP tension=[1;36m0.00004428[0m [0m| momentum_too_small [1;31mconf=0.0001[0m
[BETA_X5] mode=OFF radar_adj=0 mom= conf=0
[BETA_X5] [1;36m17:25:07[0m [1;33mx3[0m [1;36m#87[0m SKIP tension=[1;36m0.01439514[0m [0m| direction_unclear [1;31mconf=0.0233[0m
[BETA_X5] mode=OFF radar_adj=0 mom= conf=0
[ALPHA_X13_BURST13] [BARRIER_TIMEOUT] BETA en retard, ouverture forcée de la barrière au cycle 37
[ALPHA_X13_BURST13] mode=OFF radar_adj=0 mom= conf=0
[BETA_X5] [1;36m17:25:14[0m [1;33mx3[0m [1;36m#88[0m SKIP tension=[1;36m0.00001265[0m [0m| momentum_too_small [1;31mconf=0.0[0m
[BETA_X5] mode=OFF radar_adj=0 mom= conf=0
[ALPHA_X13_BURST13] [1;36m17:25:17[0m [1;32mx13[0m [1;36m#37[0m SKIP tension=[1;36m0.00000000[0m [0m| momentum_too_small [1;31mconf=0.3131[0m
[BETA_X5] [1;36m17:25:22[0m [1;33mx3[0m [1;36m#89[0m SKIP tension=[1;36m0.00000463[0m [0m| momentum_too_small [1;31mconf=0.0[0m
[BETA_X5] mode=OFF radar_adj=0 mom= conf=0
[BETA_X5] [1;36m17:25:30[0m [1;33mx3[0m [1;36m#90[0m SKIP tension=[1;36m0.00001403[0m [0m| momentum_too_small [1;31mconf=0.0[0m
[BETA_X5] mode=OFF radar_adj=0 mom= conf=0
[ALPHA_X13_BURST13] [BARRIER_TIMEOUT] BETA en retard, ouverture forcée de la barrière au cycle 38
[ALPHA_X13_BURST13] mode=OFF radar_adj=0 mom= conf=0
[BETA_X5] [1;36m17:25:37[0m [1;33mx3[0m [1;36m#91[0m SKIP tension=[1;36m0.00304691[0m [0m| momentum_too_small [1;31mconf=0.0045[0m
[BETA_X5] mode=OFF radar_adj=0 mom= conf=0
[ALPHA_X13_BURST13] [1;36m17:25:42[0m [1;32mx13[0m [1;36m#38[0m SKIP tension=[1;36m0.00001404[0m [0m| momentum_too_small [1;31mconf=0.0[0m
[BETA_X5] [1;36m17:25:45[0m [1;33mx3[0m [1;36m#92[0m SKIP tension=[1;36m0.00305207[0m [0m| momentum_too_small [1;31mconf=0.0049[0m
[BETA_X5] mode=OFF radar_adj=0 mom= conf=0
[BETA_X5] [1;36m17:25:53[0m [1;33mx3[0m [1;36m#93[0m SKIP tension=[1;36m0.00003648[0m [0m| momentum_too_small [1;31mconf=0.0001[0m
[BETA_X5] mode=OFF radar_adj=0 mom= conf=0
[ALPHA_X13_BURST13] [BARRIER_TIMEOUT] BETA en retard, ouverture forcée de la barrière au cycle 39
[ALPHA_X13_BURST13] mode=OFF radar_adj=0 mom= conf=0
[ALPHA_X13_BURST13] [1;36m17:26:06[0m [1;32mx13[0m [1;36m#39[0m SKIP tension=[1;36m0.00015001[0m [0m| momentum_too_small [1;31mconf=0.0002[0m
[BETA_X5] [1;36mCycle 94[0m [1;32mSOFT anomaly[0m [1;33m| pnl_abs=0.03600000 > 0.02500000[0m
[BETA_X5] [1;36mentry=17:26:04@62241.80000000[0m [1;33mx3[0m [1;36m#94[0m [1;32mSELL[0m tension=[1;31m3.85006386[0m hold=[1;36m6[0ms sec=[1;36m6[0m [0m| exit=62234.30000000 [1;32mconf=0.8946[0m [1;36mexit_time=17:26:10[0m [1;32mpnl=0.03600000 bps=1.20497801 pct=0.01204978% total=0.22650000000000003[0m
[BETA_X5] mode=OFF radar_adj=0 mom= conf=0
[BETA_X5] [1;36m17:26:19[0m [1;33mx3[0m [1;36m#95[0m SKIP tension=[1;36m0.00001180[0m [0m| momentum_too_small [1;31mconf=0.0[0m
[BETA_X5] mode=OFF radar_adj=0 mom= conf=0
[ALPHA_X13_BURST13] [BARRIER_TIMEOUT] BETA en retard, ouverture forcée de la barrière au cycle 40
[ALPHA_X13_BURST13] mode=OFF radar_adj=0 mom= conf=0
[BETA_X5] [1;36m17:26:27[0m [1;33mx3[0m [1;36m#96[0m SKIP tension=[1;36m0.00002697[0m [0m| momentum_too_small [1;31mconf=0.0[0m
[BETA_X5] mode=OFF radar_adj=0 mom= conf=0
[ALPHA_X13_BURST13] [1;36m17:26:32[0m [1;32mx13[0m [1;36m#40[0m SKIP tension=[1;36m0.00002753[0m [0m| momentum_too_small [1;31mconf=0.0[0m
[BETA_X5] [1;36m17:26:35[0m [1;33mx3[0m [1;36m#97[0m SKIP tension=[1;36m0.00001938[0m [0m| momentum_too_small [1;31mconf=0.0[0m
[BETA_X5] mode=OFF radar_adj=0 mom= conf=0
[BETA_X5] [1;36m17:26:42[0m [1;33mx3[0m [1;36m#98[0m SKIP tension=[1;36m0.00000801[0m [0m| momentum_too_small [1;31mconf=0.0[0m
[BETA_X5] mode=OFF radar_adj=0 mom= conf=0
[ALPHA_X13_BURST13] [BARRIER_TIMEOUT] BETA en retard, ouverture forcée de la barrière au cycle 41
[BETA_X5] [1;36m17:26:50[0m [1;33mx3[0m [1;36m#99[0m SKIP tension=[1;36m0.01691523[0m [0m| direction_unclear [1;31mconf=0.0252[0m
[ALPHA_X13_BURST13] mode=OFF radar_adj=0 mom= conf=0
[BETA_X5] mode=OFF radar_adj=0 mom= conf=0
[ALPHA_X13_BURST13] [1;36m17:26:57[0m [1;32mx13[0m [1;36m#41[0m SKIP tension=[1;36m0.01081946[0m [0m| direction_unclear [1;31mconf=0.0161[0m
[BETA_X5] [1;36m17:26:57[0m [1;33mx3[0m [1;36m#100[0m SKIP tension=[1;36m0.01078796[0m [0m| direction_unclear [1;31mconf=0.0161[0m
[BETA_X5] mode=OFF radar_adj=0 mom= conf=0
[BETA_X5] [1;36m17:27:05[0m [1;33mx3[0m [1;36m#101[0m SKIP tension=[1;36m0.00384992[0m [0m| momentum_too_small [1;31mconf=0.0057[0m
[BETA_X5] mode=OFF radar_adj=0 mom= conf=0
[ALPHA_X13_BURST13] [BARRIER_TIMEOUT] BETA en retard, ouverture forcée de la barrière au cycle 42
[ALPHA_X13_BURST13] mode=OFF radar_adj=0 mom= conf=0
[ALPHA_X13_BURST13] [1;36m17:27:22[0m [1;32mx13[0m [1;36m#42[0m SKIP tension=[1;36m0.00000591[0m [0m| momentum_too_small [1;31mconf=0.0[0m
[BETA_X5] [1;36mentry=17:27:17@62234.30000000[0m [1;33mx3[0m [1;36m#102[0m [1;33mSELL[0m tension=[1;31m3.85288833[0m hold=[1;36m5[0ms sec=[1;36m5[0m [0m| exit=62234.30000000 [1;32mconf=0.9699[0m [1;36mexit_time=17:27:22[0m [1;33mpnl=-0.00000000 bps=-0.00000000 pct=-0.00000000% total=0.22650000000000003[0m
[BETA_X5] mode=OFF radar_adj=0 mom= conf=0
[BETA_X5] [1;36m17:27:32[0m [1;33mx3[0m [1;36m#103[0m SKIP tension=[1;36m0.00000000[0m [0m| momentum_too_small [1;31mconf=0.3236[0m
[BETA_X5] mode=OFF radar_adj=0 mom= conf=0
[ALPHA_X13_BURST13] [BARRIER_TIMEOUT] BETA en retard, ouverture forcée de la barrière au cycle 43
[BETA_X5] [1;36m17:27:40[0m [1;33mx3[0m [1;36m#104[0m SKIP tension=[1;36m0.00002069[0m [0m| momentum_too_small [1;31mconf=0.0[0m
[ALPHA_X13_BURST13] mode=OFF radar_adj=0 mom= conf=0
[BETA_X5] mode=OFF radar_adj=0 mom= conf=0
[ALPHA_X13_BURST13] [1;36m17:27:46[0m [1;32mx13[0m [1;36m#43[0m SKIP tension=[1;36m0.00000423[0m [0m| momentum_too_small [1;31mconf=0.0[0m
[BETA_X5] [1;36m17:27:48[0m [1;33mx3[0m [1;36m#105[0m SKIP tension=[1;36m0.00312930[0m [0m| momentum_too_small [1;31mconf=0.0048[0m
[BETA_X5] mode=OFF radar_adj=0 mom= conf=0
[BETA_X5] [1;36m17:27:57[0m [1;33mx3[0m [1;36m#106[0m SKIP tension=[1;36m0.00002458[0m [0m| momentum_too_small [1;31mconf=0.0[0m
[BETA_X5] mode=OFF radar_adj=0 mom= conf=0
[ALPHA_X13_BURST13] [BARRIER_TIMEOUT] BETA en retard, ouverture forcée de la barrière au cycle 44
[ALPHA_X13_BURST13] mode=OFF radar_adj=0 mom= conf=0
[ALPHA_X13_BURST13] [1;36m17:28:11[0m [1;32mx13[0m [1;36m#44[0m SKIP tension=[1;36m0.00000388[0m [0m| momentum_too_small [1;31mconf=0.0[0m
[BETA_X5] [1;36mCycle 107[0m [1;32mSOFT anomaly[0m [1;33m| pnl_abs=0.10416000 > 0.02500000[0m
[BETA_X5] [1;36mentry=17:28:09@62234.30000000[0m [1;33mx3[0m [1;36m#107[0m [1;32mSELL[0m tension=[1;31m3.87317313[0m hold=[1;36m10[0ms sec=[1;36m10[0m [0m| exit=62212.60000000 [1;32mconf=0.8012[0m [1;36mexit_time=17:28:19[0m [1;32mpnl=0.10416000 bps=3.48682318 pct=0.03486823% total=0.33066000000000006[0m
[BETA_X5] mode=OFF radar_adj=0 mom= conf=0
[ALPHA_X13_BURST13] [BARRIER_TIMEOUT] BETA en retard, ouverture forcée de la barrière au cycle 45
[BETA_X5] [1;36m17:28:35[0m [1;33mx3[0m [1;36m#108[0m SKIP tension=[1;32m1.89319583[0m [0m| spread_too_wide [1;33mconf=0.5[0m
[BETA_X5] mode=OFF radar_adj=0 mom= conf=0
[ALPHA_X13_BURST13] mode=OFF radar_adj=0 mom= conf=0
[BETA_X5] [1;36m17:28:43[0m [1;33mx3[0m [1;36m#109[0m SKIP tension=[1;36m0.00003827[0m [0m| momentum_too_small [1;31mconf=0.0001[0m
[BETA_X5] mode=OFF radar_adj=0 mom= conf=0
[ALPHA_X13_BURST13] [1;36m17:28:46[0m [1;32mx13[0m [1;36m#45[0m SKIP tension=[1;36m0.00000000[0m [0m| momentum_too_small [1;31mconf=0.3489[0m
[BETA_X5] [1;36m17:28:56[0m [1;33mx3[0m [1;36m#110[0m SKIP tension=[1;36m0.00000146[0m [0m| momentum_too_small [1;31mconf=0.0[0m
[BETA_X5] mode=OFF radar_adj=0 mom= conf=0
[ALPHA_X13_BURST13] [BARRIER_TIMEOUT] BETA en retard, ouverture forcée de la barrière au cycle 46
[ALPHA_X13_BURST13] mode=OFF radar_adj=0 mom= conf=0
[BETA_X5] [1;36m17:29:09[0m [1;33mx3[0m [1;36m#111[0m SKIP tension=[1;36m0.00002854[0m [0m| momentum_too_small [1;31mconf=0.0[0m
[ALPHA_X13_BURST13] [1;36m17:29:11[0m [1;32mx13[0m [1;36m#46[0m SKIP tension=[1;36m0.00654848[0m [0m| momentum_too_small [1;31mconf=0.0109[0m
[BETA_X5] mode=OFF radar_adj=0 mom= conf=0
[BETA_X5] [1;36m17:29:16[0m [1;33mx3[0m [1;36m#112[0m SKIP tension=[1;36m0.61962043[0m [0m| wall_not_collapsed
[BETA_X5] mode=OFF radar_adj=0 mom= conf=0
[BETA_X5] [1;36m17:29:25[0m [1;33mx3[0m [1;36m#113[0m SKIP tension=[1;36m0.00000000[0m [0m| momentum_too_small [1;31mconf=0.3489[0m
[BETA_X5] mode=OFF radar_adj=0 mom= conf=0
[ALPHA_X13_BURST13] [BARRIER_TIMEOUT] BETA en retard, ouverture forcée de la barrière au cycle 47
[ALPHA_X13_BURST13] mode=OFF radar_adj=0 mom= conf=0
[BETA_X5] [1;36m17:29:33[0m [1;33mx3[0m [1;36m#114[0m SKIP tension=[1;36m0.00000000[0m [0m| momentum_too_small [1;31mconf=0.3489[0m
[BETA_X5] mode=OFF radar_adj=0 mom= conf=0
[ALPHA_X13_BURST13] [1;36m17:29:36[0m [1;32mx13[0m [1;36m#47[0m SKIP tension=[1;36m0.00001692[0m [0m| momentum_too_small [1;31mconf=0.0[0m
[BETA_X5] [1;36m17:29:40[0m [1;33mx3[0m [1;36m#115[0m SKIP tension=[1;36m0.00000000[0m [0m| momentum_too_small [1;31mconf=0.3489[0m
[BETA_X5] mode=OFF radar_adj=0 mom= conf=0
[BETA_X5] [1;36m17:29:48[0m [1;33mx3[0m [1;36m#116[0m SKIP tension=[1;36m0.00000000[0m [0m| momentum_too_small [1;31mconf=0.3489[0m
[BETA_X5] mode=OFF radar_adj=0 mom= conf=0
[ALPHA_X13_BURST13] [BARRIER_TIMEOUT] BETA en retard, ouverture forcée de la barrière au cycle 48
[ALPHA_X13_BURST13] mode=OFF radar_adj=0 mom= conf=0
[BETA_X5] [1;36m17:29:56[0m [1;33mx3[0m [1;36m#117[0m SKIP tension=[1;36m0.00000000[0m [0m| momentum_too_small [1;31mconf=0.3486[0m
[BETA_X5] mode=OFF radar_adj=0 mom= conf=0
[ALPHA_X13_BURST13] [1;36m17:30:00[0m [1;32mx13[0m [1;36m#48[0m SKIP tension=[1;36m0.00000000[0m [0m| momentum_too_small [1;31mconf=0.3486[0m
[BETA_X5] [1;36m17:30:03[0m [1;33mx3[0m [1;36m#118[0m SKIP tension=[1;36m0.00001229[0m [0m| momentum_too_small [1;31mconf=0.0[0m
[BETA_X5] mode=OFF radar_adj=0 mom= conf=0
[BETA_X5] [1;36m17:30:11[0m [1;33mx3[0m [1;36m#119[0m SKIP tension=[1;36m0.00000000[0m [0m| momentum_too_small [1;31mconf=0.3335[0m
[BETA_X5] mode=OFF radar_adj=0 mom= conf=0
[ALPHA_X13_BURST13] [BARRIER_TIMEOUT] BETA en retard, ouverture forcée de la barrière au cycle 49
[BETA_X5] [1;36m17:30:19[0m [1;33mx3[0m [1;36m#120[0m SKIP tension=[1;36m0.37327688[0m [0m| wall_not_collapsed
[ALPHA_X13_BURST13] mode=OFF radar_adj=0 mom= conf=0
[BETA_X5] mode=OFF radar_adj=0 mom= conf=0
[ALPHA_X13_BURST13] [1;36m17:30:25[0m [1;32mx13[0m [1;36m#49[0m SKIP tension=[1;32m1.07962506[0m [0m| duo no_trigger
[BETA_X5] [1;36m17:30:28[0m [1;33mx3[0m [1;36m#121[0m SKIP tension=[1;36m0.40503768[0m [0m| wall_not_collapsed
[BETA_X5] mode=OFF radar_adj=0 mom= conf=0
[BETA_X5] [1;36m17:30:35[0m [1;33mx3[0m [1;36m#122[0m SKIP tension=[1;36m0.08970967[0m [0m| direction_unclear [1;31mconf=0.1453[0m
[BETA_X5] mode=OFF radar_adj=0 mom= conf=0
[ALPHA_X13_BURST13] [BARRIER_TIMEOUT] BETA en retard, ouverture forcée de la barrière au cycle 50
[BETA_X5] [1;36m17:30:43[0m [1;33mx3[0m [1;36m#123[0m SKIP tension=[1;36m0.32109239[0m [0m| wall_not_collapsed
[ALPHA_X13_BURST13] mode=OFF radar_adj=0 mom= conf=0
[BETA_X5] mode=OFF radar_adj=0 mom= conf=0
[ALPHA_X13_BURST13] [1;36m17:30:49[0m [1;32mx13[0m [1;36m#50[0m SKIP tension=[1;36m0.00001160[0m [0m| momentum_too_small [1;31mconf=0.0[0m
[BETA_X5] [1;36m17:30:50[0m [1;33mx3[0m [1;36m#124[0m SKIP tension=[1;36m0.00000000[0m [0m| momentum_too_small [1;31mconf=0.3373[0m
[BETA_X5] mode=OFF radar_adj=0 mom= conf=0
[BETA_X5] [1;36m17:30:58[0m [1;33mx3[0m [1;36m#125[0m SKIP tension=[1;36m0.00001865[0m [0m| momentum_too_small [1;31mconf=0.0[0m
[BETA_X5] mode=OFF radar_adj=0 mom= conf=0
[ALPHA_X13_BURST13] [BARRIER_TIMEOUT] BETA en retard, ouverture forcée de la barrière au cycle 51
[ALPHA_X13_BURST13] mode=OFF radar_adj=0 mom= conf=0
[ALPHA_X13_BURST13] [1;36m17:31:19[0m [1;32mx13[0m [1;36m#51[0m SKIP tension=[1;31m3.25005920[0m [0m| duo no_trigger
[BETA_X5] [1;36mentry=17:31:10@62174.50000000[0m [1;33mx3[0m [1;36m#126[0m [1;33mSELL[0m tension=[1;31m6.61390678[0m hold=[1;36m11[0ms sec=[1;36m11[0m [0m| exit=62174.50000000 [1;32mconf=0.9678[0m [1;36mexit_time=17:31:21[0m [1;33mpnl=-0.00000000 bps=-0.00000000 pct=-0.00000000% total=0.33066000000000006[0m
[BETA_X5] mode=OFF radar_adj=0 mom= conf=0
[BETA_X5] [1;36m17:31:30[0m [1;33mx3[0m [1;36m#127[0m SKIP tension=[1;36m0.00006566[0m [0m| momentum_too_small [1;31mconf=0.0001[0m
[BETA_X5] mode=OFF radar_adj=0 mom= conf=0
[ALPHA_X13_BURST13] [BARRIER_TIMEOUT] BETA en retard, ouverture forcée de la barrière au cycle 52
[BETA_X5] [1;36m17:31:38[0m [1;33mx3[0m [1;36m#128[0m SKIP tension=[1;31m9.63377520[0m [0m| tactic long vs short
[ALPHA_X13_BURST13] mode=OFF radar_adj=0 mom= conf=0
[BETA_X5] mode=OFF radar_adj=0 mom= conf=0
[ALPHA_X13_BURST13] [1;36m17:31:43[0m [1;32mx13[0m [1;36m#52[0m SKIP tension=[1;36m0.00076844[0m [0m| momentum_too_small [1;31mconf=0.0011[0m
[BETA_X5] [1;36m17:31:52[0m [1;33mx3[0m [1;36m#129[0m SKIP tension=[1;36m0.00109074[0m [0m| momentum_too_small [1;31mconf=0.0018[0m
[BETA_X5] mode=OFF radar_adj=0 mom= conf=0
[BETA_X5] [1;36m17:31:59[0m [1;33mx3[0m [1;36m#130[0m SKIP tension=[1;36m0.24835638[0m [0m| wall_not_collapsed
[ALPHA_X13_BURST13] [BARRIER_TIMEOUT] BETA en retard, ouverture forcée de la barrière au cycle 53
[BETA_X5] mode=OFF radar_adj=0 mom= conf=0
[ALPHA_X13_BURST13] mode=OFF radar_adj=0 mom= conf=0
[BETA_X5] [1;36m17:32:07[0m [1;33mx3[0m [1;36m#131[0m SKIP tension=[1;36m0.00000000[0m [0m| momentum_too_small [1;31mconf=0.3085[0m
[ALPHA_X13_BURST13] [1;36m17:32:08[0m [1;32mx13[0m [1;36m#53[0m SKIP tension=[1;31m3.03527910[0m [0m| duo no_trigger
[BETA_X5] mode=OFF radar_adj=0 mom= conf=0
[BETA_X5] [1;36m17:32:20[0m [1;33mx3[0m [1;36m#132[0m SKIP tension=[1;36m0.26144709[0m [0m| wall_not_collapsed
[BETA_X5] mode=OFF radar_adj=0 mom= conf=0
[ALPHA_X13_BURST13] [BARRIER_TIMEOUT] BETA en retard, ouverture forcée de la barrière au cycle 54
[ALPHA_X13_BURST13] mode=OFF radar_adj=0 mom= conf=0
[ALPHA_X13_BURST13] [1;36m17:32:33[0m [1;32mx13[0m [1;36m#54[0m SKIP tension=[1;36m0.57081551[0m [0m| wall_not_collapsed
[BETA_X5] [1;36mCycle 133[0m [1;32mSOFT anomaly[0m [1;33m| pnl_abs=0.02640000 > 0.02500000[0m
[BETA_X5] [1;36mentry=17:32:33@62169.00000000[0m [1;33mx3[0m [1;36m#133[0m [1;31mSELL[0m tension=[1;32m1.87300747[0m hold=[1;36m5[0ms sec=[1;36m5[0m [0m| exit=62174.50000000 [1;32mconf=0.8643[0m [1;36mexit_time=17:32:38[0m [1;31mpnl=-0.02640000 bps=-0.88468529 pct=-0.00884685% total=0.3042600000000001[0m
[BETA_X5] mode=OFF radar_adj=0 mom= conf=0
[ALPHA_X13_BURST13] [BARRIER_TIMEOUT] BETA en retard, ouverture forcée de la barrière au cycle 55
[ALPHA_X13_BURST13] mode=OFF radar_adj=0 mom= conf=0
[ALPHA_X13_BURST13] [1;36m17:32:57[0m [1;32mx13[0m [1;36m#55[0m SKIP tension=[1;36m0.00003032[0m [0m| momentum_too_small [1;31mconf=0.0[0m
[BETA_X5] [1;36mCycle 134[0m [1;32mSOFT anomaly[0m [1;33m| pnl_abs=0.03168000 > 0.02500000[0m
[BETA_X5] [1;36mentry=17:32:52@62174.50000000[0m [1;33mx3[0m [1;36m#134[0m [1;31mSELL[0m tension=[1;31m7.85566212[0m hold=[1;36m6[0ms sec=[1;36m6[0m [0m| exit=62181.10000000 [1;32mconf=0.9337[0m [1;36mexit_time=17:32:58[0m [1;31mpnl=-0.03168000 bps=-1.06152844 pct=-0.01061528% total=0.2725800000000001[0m
[BETA_X5] mode=OFF radar_adj=0 mom= conf=0
[BETA_X5] [1;36m17:33:08[0m [1;33mx3[0m [1;36m#135[0m SKIP tension=[1;36m0.00000000[0m [0m| momentum_too_small [1;31mconf=0.3317[0m
[BETA_X5] mode=OFF radar_adj=0 mom= conf=0
[ALPHA_X13_BURST13] [BARRIER_TIMEOUT] BETA en retard, ouverture forcée de la barrière au cycle 56
[BETA_X5] [1;36m17:33:16[0m [1;33mx3[0m [1;36m#136[0m SKIP tension=[1;36m0.00000916[0m [0m| momentum_too_small [1;31mconf=0.0[0m
[ALPHA_X13_BURST13] mode=OFF radar_adj=0 mom= conf=0
[BETA_X5] mode=OFF radar_adj=0 mom= conf=0
[BETA_X5] [1;36m17:33:23[0m [1;33mx3[0m [1;36m#137[0m SKIP tension=[1;36m0.00000000[0m [0m| momentum_too_small [1;31mconf=0.3317[0m
[BETA_X5] mode=OFF radar_adj=0 mom= conf=0
[BETA_X5] [1;36m17:33:31[0m [1;33mx3[0m [1;36m#138[0m SKIP tension=[1;36m0.00039191[0m [0m| momentum_too_small [1;31mconf=0.0006[0m
[BETA_X5] mode=OFF radar_adj=0 mom= conf=0
[ALPHA_X13_BURST13] [1;36mCycle 56[0m [1;32mSOFT anomaly[0m [1;33m| pnl_abs=2.96062000 > 0.02500000[0m
[ALPHA_X13_BURST13] [1;36mentry=17:33:26@62169.30000000[0m [1;32mx13[0m [1;36m#56[0m [1;32mBUY[0m tension=[1;31m9.13124265[0m hold=[1;36m8[0ms sec=[1;36m8[0m [0m| exit=62181.10000000 [1;32mconf=0.9477[0m [1;36mexit_time=17:33:34[0m [1;32mpnl=2.96062000 bps=1.89804292 pct=0.01898043% total=3.2332[0m
[BETA_X5] [1;36m17:33:38[0m [1;33mx3[0m [1;36m#139[0m SKIP tension=[1;36m0.00000000[0m [0m| momentum_too_small [1;31mconf=0.3268[0m
[BETA_X5] mode=OFF radar_adj=0 mom= conf=0
[ALPHA_X13_BURST13] [BARRIER_TIMEOUT] BETA en retard, ouverture forcée de la barrière au cycle 57
[ALPHA_X13_BURST13] mode=OFF radar_adj=0 mom= conf=0
[BETA_X5] [1;36mCycle 140[0m [1;32mSOFT anomaly[0m [1;33m| pnl_abs=0.03168000 > 0.02500000[0m
[BETA_X5] [1;36mentry=17:33:50@62181.10000000[0m [1;33mx3[0m [1;36m#140[0m [1;32mSELL[0m tension=[1;31m6.31782100[0m hold=[1;36m6[0ms sec=[1;36m6[0m [0m| exit=62174.50000000 [1;32mconf=0.9337[0m [1;36mexit_time=17:33:56[0m [1;32mpnl=0.03168000 bps=1.06141577 pct=0.01061416% total=3.2648800000000002[0m
[BETA_X5] mode=OFF radar_adj=0 mom= conf=0
[ALPHA_X13_BURST13] [1;36m17:34:00[0m [1;32mx13[0m [1;36m#57[0m SKIP tension=[1;36m0.00181491[0m [0m| momentum_too_small [1;31mconf=0.0028[0m
[BETA_X5] [1;36m17:34:06[0m [1;33mx3[0m [1;36m#141[0m SKIP tension=[1;36m0.00000000[0m [0m| momentum_too_small [1;31mconf=0.3268[0m
[BETA_X5] mode=OFF radar_adj=0 mom= conf=0
[ALPHA_X13_BURST13] [BARRIER_TIMEOUT] BETA en retard, ouverture forcée de la barrière au cycle 58
[ALPHA_X13_BURST13] mode=OFF radar_adj=0 mom= conf=0
[BETA_X5] [1;36mCycle 142[0m [1;32mSOFT anomaly[0m [1;33m| pnl_abs=0.03168000 > 0.02500000[0m
[BETA_X5] [1;36mentry=17:34:19@62181.10000000[0m [1;33mx3[0m [1;36m#142[0m [1;32mSELL[0m tension=[1;31m9.16065708[0m hold=[1;36m5[0ms sec=[1;36m5[0m [0m| exit=62174.50000000 [1;32mconf=0.9337[0m [1;36mexit_time=17:34:24[0m [1;32mpnl=0.03168000 bps=1.06141577 pct=0.01061416% total=3.29656[0m
[BETA_X5] mode=OFF radar_adj=0 mom= conf=0
[ALPHA_X13_BURST13] [1;36m17:34:30[0m [1;32mx13[0m [1;36m#58[0m SKIP tension=[1;31m12.58751264[0m [0m| duo no_trigger
[BETA_X5] [1;36m17:34:35[0m [1;33mx3[0m [1;36m#143[0m SKIP tension=[1;36m0.00096936[0m [0m| momentum_too_small [1;31mconf=0.0016[0m
[BETA_X5] mode=OFF radar_adj=0 mom= conf=0
[ALPHA_X13_BURST13] [BARRIER_TIMEOUT] BETA en retard, ouverture forcée de la barrière au cycle 59
[ALPHA_X13_BURST13] mode=OFF radar_adj=0 mom= conf=0
[BETA_X5] [1;36mentry=17:34:47@62174.60000000[0m [1;33mx3[0m [1;36m#144[0m [1;32mSELL[0m tension=[1;31m7.86664881[0m hold=[1;36m6[0ms sec=[1;36m6[0m [0m| exit=62174.50000000 [1;32mconf=0.999[0m [1;36mexit_time=17:34:53[0m [1;32mpnl=0.00048000 bps=0.01608374 pct=0.00016084% total=3.29704[0m
[ALPHA_X13_BURST13] [1;36m17:34:55[0m [1;32mx13[0m [1;36m#59[0m SKIP tension=[1;31m13.06351488[0m [0m| duo no_trigger
[BETA_X5] mode=OFF radar_adj=0 mom= conf=0
[BETA_X5] [1;36m17:35:02[0m [1;33mx3[0m [1;36m#145[0m SKIP tension=[1;36m0.00000000[0m [0m| momentum_too_small [1;31mconf=0.3373[0m
[BETA_X5] mode=OFF radar_adj=0 mom= conf=0
[ALPHA_X13_BURST13] [BARRIER_TIMEOUT] BETA en retard, ouverture forcée de la barrière au cycle 60
[ALPHA_X13_BURST13] mode=OFF radar_adj=0 mom= conf=0
[BETA_X5] [1;36mCycle 146[0m [1;32mSOFT anomaly[0m [1;33m| pnl_abs=0.06960000 > 0.02500000[0m
[BETA_X5] [1;36mentry=17:35:14@62174.50000000[0m [1;33mx3[0m [1;36m#146[0m [1;32mSELL[0m tension=[1;31m13.13369622[0m hold=[1;36m5[0ms sec=[1;36m5[0m [0m| exit=62160.00000000 [1;32mconf=0.8422[0m [1;36mexit_time=17:35:19[0m [1;32mpnl=0.06960000 bps=2.33214582 pct=0.02332146% total=3.3666400000000003[0m
[ALPHA_X13_BURST13] [1;36m17:35:21[0m [1;32mx13[0m [1;36m#60[0m SKIP tension=[1;32m1.13073488[0m [0m| duo no_trigger
[BETA_X5] mode=OFF radar_adj=0 mom= conf=0
[ALPHA_X13_BURST13] [BARRIER_TIMEOUT] BETA en retard, ouverture forcée de la barrière au cycle 61
[ALPHA_X13_BURST13] mode=OFF radar_adj=0 mom= conf=0
[BETA_X5] [1;36mentry=17:35:33@62158.10000000[0m [1;33mx3[0m [1;36m#147[0m [1;31mSELL[0m tension=[1;31m13.15976297[0m hold=[1;36m6[0ms sec=[1;36m6[0m [0m| exit=62158.20000000 [1;33mconf=0.7698[0m [1;36mexit_time=17:35:39[0m [1;31mpnl=-0.00048000 bps=-0.01608801 pct=-0.00016088% total=3.3661600000000003[0m
[BETA_X5] mode=OFF radar_adj=0 mom= conf=0
[ALPHA_X13_BURST13] [1;36m17:35:45[0m [1;32mx13[0m [1;36m#61[0m SKIP tension=[1;36m0.00000000[0m [0m| momentum_too_small [1;31mconf=0.2677[0m
[BETA_X5] [1;36m17:35:49[0m [1;33mx3[0m [1;36m#148[0m SKIP tension=[1;36m0.02835707[0m [0m| direction_unclear [1;31mconf=0.0355[0m
[BETA_X5] mode=OFF radar_adj=0 mom= conf=0
[ALPHA_X13_BURST13] [BARRIER_TIMEOUT] BETA en retard, ouverture forcée de la barrière au cycle 62
[ALPHA_X13_BURST13] mode=OFF radar_adj=0 mom= conf=0
[ALPHA_X13_BURST13] [1;36m17:36:09[0m [1;32mx13[0m [1;36m#62[0m SKIP tension=[1;36m0.09292060[0m [0m| direction_unclear [1;31mconf=0.1086[0m
[BETA_X5] [1;36mentry=17:36:00@62155.30000000[0m [1;33mx3[0m [1;36m#149[0m [1;32mSELL[0m tension=[1;31m2.49532715[0m hold=[1;36m9[0ms sec=[1;36m9[0m [0m| exit=62151.40000000 [1;33mconf=0.7517[0m [1;36mexit_time=17:36:09[0m [1;32mpnl=0.01872000 bps=0.62746057 pct=0.00627461% total=3.38488[0m
[BETA_X5] mode=OFF radar_adj=0 mom= conf=0
[BETA_X5] [1;36m17:36:19[0m [1;33mx3[0m [1;36m#150[0m SKIP tension=[1;36m0.00119495[0m [0m| momentum_too_small [1;31mconf=0.0016[0m
[BETA_X5] mode=OFF radar_adj=0 mom= conf=0
[ALPHA_X13_BURST13] [BARRIER_TIMEOUT] BETA en retard, ouverture forcée de la barrière au cycle 63
[BETA_X5] [1;36m17:36:27[0m [1;33mx3[0m [1;36m#151[0m SKIP tension=[1;36m0.00000000[0m [0m| momentum_too_small [1;31mconf=0.255[0m
[ALPHA_X13_BURST13] mode=OFF radar_adj=0 mom= conf=0
[BETA_X5] mode=OFF radar_adj=0 mom= conf=0
[ALPHA_X13_BURST13] [1;36m17:36:33[0m [1;32mx13[0m [1;36m#63[0m SKIP tension=[1;32m1.16486212[0m [0m| tactic short vs long
[BETA_X5] [1;36m17:36:35[0m [1;33mx3[0m [1;36m#152[0m SKIP tension=[1;36m0.76026483[0m [0m| wall_not_collapsed
[BETA_X5] mode=OFF radar_adj=0 mom= conf=0
[BETA_X5] [1;36m17:36:42[0m [1;33mx3[0m [1;36m#153[0m SKIP tension=[1;33m0.90300885[0m [0m| wall_not_collapsed
[BETA_X5] mode=OFF radar_adj=0 mom= conf=0
[BETA_X5] [1;36m17:36:50[0m [1;33mx3[0m [1;36m#154[0m SKIP tension=[1;36m0.02322421[0m [0m| direction_unclear [1;31mconf=0.0248[0m
[ALPHA_X13_BURST13] [BARRIER_TIMEOUT] BETA en retard, ouverture forcée de la barrière au cycle 64
[ALPHA_X13_BURST13] mode=OFF radar_adj=0 mom= conf=0
[BETA_X5] mode=OFF radar_adj=0 mom= conf=0
[ALPHA_X13_BURST13] [1;36m17:36:57[0m [1;32mx13[0m [1;36m#64[0m SKIP tension=[1;36m0.16090396[0m [0m| direction_unclear [1;31mconf=0.1515[0m
[BETA_X5] [1;36mentry=17:37:03@62137.80000000[0m [1;33mx3[0m [1;36m#155[0m [1;32mSELL[0m tension=[1;31m9.21607752[0m hold=[1;36m5[0ms sec=[1;36m5[0m [0m| exit=62137.70000000 [1;33mconf=0.5658[0m [1;36mexit_time=17:37:08[0m [1;32mpnl=0.00077000 bps=0.01609326 pct=0.00016093% total=3.38565[0m
[BETA_X5] mode=OFF radar_adj=0 mom= conf=0
[ALPHA_X13_BURST13] [BARRIER_TIMEOUT] BETA en retard, ouverture forcée de la barrière au cycle 65
[ALPHA_X13_BURST13] mode=OFF radar_adj=0 mom= conf=0
[BETA_X5] [1;36m17:37:18[0m [1;33mx3[0m [1;36m#156[0m SKIP tension=[1;31m13.32850557[0m [0m| spread_too_wide [1;33mconf=0.5[0m
[BETA_X5] mode=OFF radar_adj=0 mom= conf=0
[ALPHA_X13_BURST13] [1;36m17:37:21[0m [1;32mx13[0m [1;36m#65[0m SKIP tension=[1;32m1.86281634[0m [0m| spread_too_wide [1;33mconf=0.5[0m
[BETA_X5] [1;36m17:37:26[0m [1;33mx3[0m [1;36m#157[0m SKIP tension=[1;31m5.64371877[0m [0m| spread_too_wide [1;33mconf=0.5[0m
[BETA_X5] mode=OFF radar_adj=0 mom= conf=0
[BETA_X5] [1;36m17:37:34[0m [1;33mx3[0m [1;36m#158[0m SKIP tension=[1;32m1.13992946[0m [0m| spread_too_wide [1;33mconf=0.5[0m
[BETA_X5] mode=OFF radar_adj=0 mom= conf=0
[ALPHA_X13_BURST13] [BARRIER_TIMEOUT] BETA en retard, ouverture forcée de la barrière au cycle 66
[ALPHA_X13_BURST13] mode=OFF radar_adj=0 mom= conf=0
[BETA_X5] [1;36m17:37:42[0m [1;33mx3[0m [1;36m#159[0m SKIP tension=[1;36m0.70127798[0m [0m| spread_too_wide [1;33mconf=0.5[0m
[ALPHA_X13_BURST13] [1;36m17:37:45[0m [1;32mx13[0m [1;36m#66[0m SKIP tension=[1;31m7.95459428[0m [0m| spread_too_wide [1;33mconf=0.5[0m
[BETA_X5] mode=OFF radar_adj=0 mom= conf=0
[BETA_X5] [1;36m17:37:50[0m [1;33mx3[0m [1;36m#160[0m SKIP tension=[1;31m9.23034629[0m [0m| spread_too_wide [1;33mconf=0.5[0m
[BETA_X5] mode=OFF radar_adj=0 mom= conf=0
[BETA_X5] [1;36m17:38:00[0m [1;33mx3[0m [1;36m#161[0m SKIP tension=[1;36m0.00011862[0m [0m| spread_too_wide [1;31mconf=0.0001[0m
[ALPHA_X13_BURST13] [BARRIER_TIMEOUT] BETA en retard, ouverture forcée de la barrière au cycle 67
[BETA_X5] mode=OFF radar_adj=0 mom= conf=0
[ALPHA_X13_BURST13] mode=OFF radar_adj=0 mom= conf=0
[BETA_X5] [1;36m17:38:08[0m [1;33mx3[0m [1;36m#162[0m SKIP tension=[1;36m0.00094351[0m [0m| momentum_too_small [1;31mconf=0.001[0m
[ALPHA_X13_BURST13] [1;36m17:38:09[0m [1;32mx13[0m [1;36m#67[0m SKIP tension=[1;36m0.26083257[0m [0m| wall_not_collapsed
[BETA_X5] mode=OFF radar_adj=0 mom= conf=0
[BETA_X5] [1;36mCycle 163[0m [1;32mSOFT anomaly[0m [1;33m| pnl_abs=0.92245000 > 0.02500000[0m
[ALPHA_X13_BURST13] [BARRIER_TIMEOUT] BETA en retard, ouverture forcée de la barrière au cycle 68
[BETA_X5] [1;36mentry=17:38:19@62105.80000000[0m [1;33mx3[0m [1;36m#163[0m [1;32mSELL[0m tension=[1;31m4.13582530[0m hold=[1;36m6[0ms sec=[1;36m6[0m [0m| exit=62008.70000000 [1;32mconf=0.9929[0m [1;36mexit_time=17:38:25[0m [1;32mpnl=0.92245000 bps=15.63461062 pct=0.15634611% total=4.3081[0m
[ALPHA_X13_BURST13] mode=OFF radar_adj=0 mom= conf=0
[BETA_X5] mode=OFF radar_adj=0 mom= conf=0
[ALPHA_X13_BURST13] [1;36m17:38:33[0m [1;32mx13[0m [1;36m#68[0m SKIP tension=[1;36m0.01129048[0m [0m| direction_unclear [1;31mconf=0.0186[0m
[BETA_X5] [1;36mentry=17:38:38@62008.70000000[0m [1;33mx3[0m [1;36m#164[0m [1;32mSELL[0m tension=[1;31m4.25569733[0m hold=[1;36m6[0ms sec=[1;36m6[0m [0m| exit=62007.50000000 [1;32mconf=0.9879[0m [1;36mexit_time=17:38:44[0m [1;32mpnl=0.00576000 bps=0.19352123 pct=0.00193521% total=4.31386[0m
[BETA_X5] mode=OFF radar_adj=0 mom= conf=0
[ALPHA_X13_BURST13] [BARRIER_TIMEOUT] BETA en retard, ouverture forcée de la barrière au cycle 69
[ALPHA_X13_BURST13] mode=OFF radar_adj=0 mom= conf=0
[BETA_X5] [1;36m17:38:53[0m [1;33mx3[0m [1;36m#165[0m SKIP tension=[1;36m0.00079200[0m [0m| momentum_too_small [1;31mconf=0.0013[0m
[BETA_X5] mode=OFF radar_adj=0 mom= conf=0
[ALPHA_X13_BURST13] [1;36m17:38:56[0m [1;32mx13[0m [1;36m#69[0m SKIP tension=[1;33m0.99869848[0m [0m| wall_not_collapsed
[BETA_X5] [1;36m17:39:00[0m [1;33mx3[0m [1;36m#166[0m SKIP tension=[1;36m0.51610356[0m [0m| wall_not_collapsed
[BETA_X5] mode=OFF radar_adj=0 mom= conf=0
[BETA_X5] [1;36m17:39:08[0m [1;33mx3[0m [1;36m#167[0m SKIP tension=[1;36m0.49934474[0m [0m| wall_not_collapsed
[BETA_X5] mode=OFF radar_adj=0 mom= conf=0
[ALPHA_X13_BURST13] [BARRIER_TIMEOUT] BETA en retard, ouverture forcée de la barrière au cycle 70
[BETA_X5] [1;36m17:39:15[0m [1;33mx3[0m [1;36m#168[0m SKIP tension=[1;36m0.00012064[0m [0m| momentum_too_small [1;31mconf=0.0002[0m
[ALPHA_X13_BURST13] mode=OFF radar_adj=0 mom= conf=0
[BETA_X5] mode=OFF radar_adj=0 mom= conf=0
[ALPHA_X13_BURST13] [1;36m17:39:21[0m [1;32mx13[0m [1;36m#70[0m SKIP tension=[1;31m3.84522978[0m [0m| duo no_trigger
[BETA_X5] [1;36m17:39:22[0m [1;33mx3[0m [1;36m#169[0m SKIP tension=[1;36m0.00001092[0m [0m| momentum_too_small [1;31mconf=0.0[0m
[BETA_X5] mode=OFF radar_adj=0 mom= conf=0
[BETA_X5] [1;36m17:39:30[0m [1;33mx3[0m [1;36m#170[0m SKIP tension=[1;36m0.00002114[0m [0m| momentum_too_small [1;31mconf=0.0[0m
[BETA_X5] mode=OFF radar_adj=0 mom= conf=0
[ALPHA_X13_BURST13] [BARRIER_TIMEOUT] BETA en retard, ouverture forcée de la barrière au cycle 71
[ALPHA_X13_BURST13] mode=OFF radar_adj=0 mom= conf=0
[BETA_X5] [1;36m17:39:42[0m [1;33mx3[0m [1;36m#171[0m SKIP tension=[1;36m0.00397062[0m [0m| momentum_too_small [1;31mconf=0.0054[0m
[BETA_X5] mode=OFF radar_adj=0 mom= conf=0
[ALPHA_X13_BURST13] [1;36m17:39:47[0m [1;32mx13[0m [1;36m#71[0m SKIP tension=[1;36m0.00014685[0m [0m| momentum_too_small [1;31mconf=0.0002[0m
[BETA_X5] [1;36m17:39:50[0m [1;33mx3[0m [1;36m#172[0m SKIP tension=[1;36m0.16108290[0m [0m| direction_unclear [1;31mconf=0.262[0m
[BETA_X5] mode=OFF radar_adj=0 mom= conf=0
[BETA_X5] [1;36m17:39:58[0m [1;33mx3[0m [1;36m#173[0m SKIP tension=[1;36m0.00001119[0m [0m| momentum_too_small [1;31mconf=0.0[0m
[BETA_X5] mode=OFF radar_adj=0 mom= conf=0
[ALPHA_X13_BURST13] [BARRIER_TIMEOUT] BETA en retard, ouverture forcée de la barrière au cycle 72
[BETA_X5] [1;36m17:40:05[0m [1;33mx3[0m [1;36m#174[0m SKIP tension=[1;36m0.00000000[0m [0m| momentum_too_small [1;31mconf=0.2573[0m
[ALPHA_X13_BURST13] mode=OFF radar_adj=0 mom= conf=0
[BETA_X5] mode=OFF radar_adj=0 mom= conf=0
[ALPHA_X13_BURST13] [1;36m17:40:11[0m [1;32mx13[0m [1;36m#72[0m SKIP tension=[1;36m0.00003338[0m [0m| momentum_too_small [1;31mconf=0.0[0m
[BETA_X5] [1;36m17:40:13[0m [1;33mx3[0m [1;36m#175[0m SKIP tension=[1;36m0.00003756[0m [0m| momentum_too_small [1;31mconf=0.0001[0m
[BETA_X5] mode=OFF radar_adj=0 mom= conf=0
[BETA_X5] [1;36m17:40:20[0m [1;33mx3[0m [1;36m#176[0m SKIP tension=[1;36m0.53643420[0m [0m| wall_not_collapsed
[BETA_X5] mode=OFF radar_adj=0 mom= conf=0
[BETA_X5] [1;36m17:40:28[0m [1;33mx3[0m [1;36m#177[0m SKIP tension=[1;33m0.94290638[0m [0m| wall_not_collapsed
[ALPHA_X13_BURST13] [BARRIER_TIMEOUT] BETA en retard, ouverture forcée de la barrière au cycle 73
[BETA_X5] mode=OFF radar_adj=0 mom= conf=0
[ALPHA_X13_BURST13] mode=OFF radar_adj=0 mom= conf=0
[ALPHA_X13_BURST13] [1;36m17:40:37[0m [1;32mx13[0m [1;36m#73[0m SKIP tension=[1;36m0.00000916[0m [0m| momentum_too_small [1;31mconf=0.0[0m
[BETA_X5] [1;36m17:40:40[0m [1;33mx3[0m [1;36m#178[0m SKIP tension=[1;36m0.00002794[0m [0m| momentum_too_small [1;31mconf=0.0[0m
[BETA_X5] mode=OFF radar_adj=0 mom= conf=0
[BETA_X5] [1;36m17:40:50[0m [1;33mx3[0m [1;36m#179[0m SKIP tension=[1;36m0.00000569[0m [0m| momentum_too_small [1;31mconf=0.0[0m
[BETA_X5] mode=OFF radar_adj=0 mom= conf=0
[ALPHA_X13_BURST13] [BARRIER_TIMEOUT] BETA en retard, ouverture forcée de la barrière au cycle 74
[ALPHA_X13_BURST13] mode=OFF radar_adj=0 mom= conf=0
[BETA_X5] [1;36m17:40:57[0m [1;33mx3[0m [1;36m#180[0m SKIP tension=[1;36m0.00000000[0m [0m| momentum_too_small [1;31mconf=0.2569[0m
[BETA_X5] mode=OFF radar_adj=0 mom= conf=0
[ALPHA_X13_BURST13] [1;36m17:41:01[0m [1;32mx13[0m [1;36m#74[0m SKIP tension=[1;36m0.26524138[0m [0m| wall_not_collapsed
[ALPHA_X13_BURST13] [BARRIER_TIMEOUT] BETA en retard, ouverture forcée de la barrière au cycle 75
[BETA_X5] [1;36mCycle 181[0m [1;32mSOFT anomaly[0m [1;33m| pnl_abs=0.12672000 > 0.02500000[0m
[ALPHA_X13_BURST13] mode=OFF radar_adj=0 mom= conf=0
[BETA_X5] [1;36mentry=17:41:09@62007.50000000[0m [1;33mx3[0m [1;36m#181[0m [1;31mSELL[0m tension=[1;31m2.32167128[0m hold=[1;36m10[0ms sec=[1;36m10[0m [0m| exit=62033.90000000 [1;32mconf=0.9043[0m [1;36mexit_time=17:41:19[0m [1;31mpnl=-0.12672000 bps=-4.25754949 pct=-0.04257549% total=4.18714[0m
[BETA_X5] mode=OFF radar_adj=0 mom= conf=0
[ALPHA_X13_BURST13] [1;36m17:41:26[0m [1;32mx13[0m [1;36m#75[0m SKIP tension=[1;36m0.00001926[0m [0m| momentum_too_small [1;31mconf=0.0[0m
[BETA_X5] [1;36m17:41:29[0m [1;33mx3[0m [1;36m#182[0m SKIP tension=[1;36m0.00002596[0m [0m| momentum_too_small [1;31mconf=0.0[0m
[BETA_X5] mode=OFF radar_adj=0 mom= conf=0
[BETA_X5] [1;36m17:41:42[0m [1;33mx3[0m [1;36m#183[0m SKIP tension=[1;36m0.03325295[0m [0m| direction_unclear [1;31mconf=0.0407[0m
[ALPHA_X13_BURST13] [BARRIER_TIMEOUT] BETA en retard, ouverture forcée de la barrière au cycle 76
[ALPHA_X13_BURST13] mode=OFF radar_adj=0 mom= conf=0
[BETA_X5] mode=OFF radar_adj=0 mom= conf=0
[ALPHA_X13_BURST13] [1;36m17:41:50[0m [1;32mx13[0m [1;36m#76[0m SKIP tension=[1;36m0.00008614[0m [0m| momentum_too_small [1;31mconf=0.0001[0m
[BETA_X5] [1;36m17:41:50[0m [1;33mx3[0m [1;36m#184[0m SKIP tension=[1;36m0.00008614[0m [0m| momentum_too_small [1;31mconf=0.0001[0m
[BETA_X5] mode=OFF radar_adj=0 mom= conf=0
[BETA_X5] [1;36m17:41:58[0m [1;33mx3[0m [1;36m#185[0m SKIP tension=[1;36m0.00001008[0m [0m| momentum_too_small [1;31mconf=0.0[0m
[BETA_X5] mode=OFF radar_adj=0 mom= conf=0
[BETA_X5] [1;36m17:42:05[0m [1;33mx3[0m [1;36m#186[0m SKIP tension=[1;36m0.00000000[0m [0m| momentum_too_small [1;31mconf=0.3151[0m
[ALPHA_X13_BURST13] [BARRIER_TIMEOUT] BETA en retard, ouverture forcée de la barrière au cycle 77
[BETA_X5] mode=OFF radar_adj=0 mom= conf=0
[ALPHA_X13_BURST13] mode=OFF radar_adj=0 mom= conf=0
[BETA_X5] [1;36m17:42:13[0m [1;33mx3[0m [1;36m#187[0m SKIP tension=[1;36m0.00000840[0m [0m| momentum_too_small [1;31mconf=0.0[0m
[ALPHA_X13_BURST13] [1;36m17:42:14[0m [1;32mx13[0m [1;36m#77[0m SKIP tension=[1;36m0.00000514[0m [0m| momentum_too_small [1;31mconf=0.0[0m
[BETA_X5] mode=OFF radar_adj=0 mom= conf=0
[BETA_X5] [1;36m17:42:21[0m [1;33mx3[0m [1;36m#188[0m SKIP tension=[1;36m0.71881337[0m [0m| wall_not_collapsed
[BETA_X5] mode=OFF radar_adj=0 mom= conf=0
[BETA_X5] [1;36m17:42:29[0m [1;33mx3[0m [1;36m#189[0m SKIP tension=[1;36m0.00002059[0m [0m| momentum_too_small [1;31mconf=0.0[0m
[ALPHA_X13_BURST13] [BARRIER_TIMEOUT] BETA en retard, ouverture forcée de la barrière au cycle 78
[BETA_X5] mode=OFF radar_adj=0 mom= conf=0
[ALPHA_X13_BURST13] mode=OFF radar_adj=0 mom= conf=0
[BETA_X5] [1;36m17:42:37[0m [1;33mx3[0m [1;36m#190[0m SKIP tension=[1;36m0.00004299[0m [0m| momentum_too_small [1;31mconf=0.0001[0m
[ALPHA_X13_BURST13] [1;36m17:42:38[0m [1;32mx13[0m [1;36m#78[0m SKIP tension=[1;36m0.00002897[0m [0m| momentum_too_small [1;31mconf=0.0[0m
[BETA_X5] mode=OFF radar_adj=0 mom= conf=0
[BETA_X5] [1;36m17:42:45[0m [1;33mx3[0m [1;36m#191[0m SKIP tension=[1;36m0.00004977[0m [0m| momentum_too_small [1;31mconf=0.0001[0m
[BETA_X5] mode=OFF radar_adj=0 mom= conf=0
[BETA_X5] [1;36m17:42:53[0m [1;33mx3[0m [1;36m#192[0m SKIP tension=[1;36m0.00006636[0m [0m| momentum_too_small [1;31mconf=0.0001[0m
[ALPHA_X13_BURST13] [BARRIER_TIMEOUT] BETA en retard, ouverture forcée de la barrière au cycle 79
[BETA_X5] mode=OFF radar_adj=0 mom= conf=0
[ALPHA_X13_BURST13] mode=OFF radar_adj=0 mom= conf=0
[BETA_X5] [1;36m17:43:01[0m [1;33mx3[0m [1;36m#193[0m SKIP tension=[1;36m0.00001659[0m [0m| momentum_too_small [1;31mconf=0.0[0m
[ALPHA_X13_BURST13] [1;36m17:43:03[0m [1;32mx13[0m [1;36m#79[0m SKIP tension=[1;36m0.03386987[0m [0m| direction_unclear [1;31mconf=0.0564[0m
[BETA_X5] mode=OFF radar_adj=0 mom= conf=0
[BETA_X5] [1;36m17:43:10[0m [1;33mx3[0m [1;36m#194[0m SKIP tension=[1;36m0.00000936[0m [0m| momentum_too_small [1;31mconf=0.0[0m
[BETA_X5] mode=OFF radar_adj=0 mom= conf=0
[BETA_X5] [1;36m17:43:17[0m [1;33mx3[0m [1;36m#195[0m SKIP tension=[1;36m0.00000000[0m [0m| momentum_too_small [1;31mconf=0.2721[0m
[ALPHA_X13_BURST13] [BARRIER_TIMEOUT] BETA en retard, ouverture forcée de la barrière au cycle 80
[BETA_X5] mode=OFF radar_adj=0 mom= conf=0
[ALPHA_X13_BURST13] mode=OFF radar_adj=0 mom= conf=0
[BETA_X5] [1;36m17:43:25[0m [1;33mx3[0m [1;36m#196[0m SKIP tension=[1;36m0.00002847[0m [0m| momentum_too_small [1;31mconf=0.0[0m
[ALPHA_X13_BURST13] [1;36m17:43:27[0m [1;32mx13[0m [1;36m#80[0m SKIP tension=[1;36m0.00000000[0m [0m| momentum_too_small [1;31mconf=0.3496[0m
[BETA_X5] mode=OFF radar_adj=0 mom= conf=0
[BETA_X5] [1;36m17:43:33[0m [1;33mx3[0m [1;36m#197[0m SKIP tension=[1;36m0.00001164[0m [0m| momentum_too_small [1;31mconf=0.0[0m
[BETA_X5] mode=OFF radar_adj=0 mom= conf=0
[BETA_X5] [1;36m17:43:40[0m [1;33mx3[0m [1;36m#198[0m SKIP tension=[1;36m0.07902919[0m [0m| direction_unclear [1;31mconf=0.126[0m
[BETA_X5] mode=OFF radar_adj=0 mom= conf=0
[ALPHA_X13_BURST13] [BARRIER_TIMEOUT] BETA en retard, ouverture forcée de la barrière au cycle 81
[ALPHA_X13_BURST13] mode=OFF radar_adj=0 mom= conf=0
[BETA_X5] [1;36m17:43:48[0m [1;33mx3[0m [1;36m#199[0m SKIP tension=[1;36m0.00001440[0m [0m| momentum_too_small [1;31mconf=0.0[0m
[BETA_X5] mode=OFF radar_adj=0 mom= conf=0
[ALPHA_X13_BURST13] [1;36m17:43:50[0m [1;32mx13[0m [1;36m#81[0m SKIP tension=[1;36m0.01453608[0m [0m| direction_unclear [1;31mconf=0.0232[0m
[BETA_X5] [1;36m17:43:55[0m [1;33mx3[0m [1;36m#200[0m SKIP tension=[1;36m0.00000000[0m [0m| momentum_too_small [1;31mconf=0.3348[0m
[BETA_X5] mode=OFF radar_adj=0 mom= conf=0
[BETA_X5] [1;36m17:44:03[0m [1;33mx3[0m [1;36m#201[0m SKIP tension=[1;36m0.00007165[0m [0m| momentum_too_small [1;31mconf=0.0001[0m
[BETA_X5] mode=OFF radar_adj=0 mom= conf=0
[ALPHA_X13_BURST13] [BARRIER_TIMEOUT] BETA en retard, ouverture forcée de la barrière au cycle 82
[BETA_X5] [1;36m17:44:10[0m [1;33mx3[0m [1;36m#202[0m SKIP tension=[1;36m0.00000000[0m [0m| momentum_too_small [1;31mconf=0.3214[0m
[ALPHA_X13_BURST13] mode=OFF radar_adj=0 mom= conf=0
[BETA_X5] mode=OFF radar_adj=0 mom= conf=0
[ALPHA_X13_BURST13] [1;36m17:44:15[0m [1;32mx13[0m [1;36m#82[0m SKIP tension=[1;36m0.00000000[0m [0m| momentum_too_small [1;31mconf=0.3214[0m
[BETA_X5] [1;36m17:44:18[0m [1;33mx3[0m [1;36m#203[0m SKIP [0m| Mode Écoute: spread=1.53130000 volat=20.40356547 (attente froid)
[BETA_X5] mode=OFF radar_adj=0 mom= conf=0
[BETA_X5] [1;36m17:44:30[0m [1;33mx3[0m [1;36m#204[0m SKIP [0m| Mode Écoute: spread=2.80400000 volat=23.92644312 (attente froid)
[ALPHA_X13_BURST13] [BARRIER_TIMEOUT] BETA en retard, ouverture forcée de la barrière au cycle 83
[BETA_X5] mode=OFF radar_adj=0 mom= conf=0
[ALPHA_X13_BURST13] mode=OFF radar_adj=0 mom= conf=0
[ALPHA_X13_BURST13] [1;36m17:44:39[0m [1;32mx13[0m [1;36m#83[0m SKIP tension=[1;36m0.00047633[0m [0m| spread_too_wide [1;31mconf=0.0004[0m
[BETA_X5] [1;36m17:44:41[0m [1;33mx3[0m [1;36m#205[0m SKIP tension=[1;31m2.05521254[0m [0m| spread_too_wide [1;33mconf=0.5[0m
[BETA_X5] mode=OFF radar_adj=0 mom= conf=0
[BETA_X5] [1;36m17:44:48[0m [1;33mx3[0m [1;36m#206[0m SKIP tension=[1;36m0.00000000[0m [0m| momentum_too_small [1;31mconf=0.1787[0m
[BETA_X5] mode=OFF radar_adj=0 mom= conf=0
[BETA_X5] [1;36m17:44:56[0m [1;33mx3[0m [1;36m#207[0m SKIP tension=[1;36m0.00071587[0m [0m| momentum_too_small [1;31mconf=0.0012[0m
[ALPHA_X13_BURST13] [BARRIER_TIMEOUT] BETA en retard, ouverture forcée de la barrière au cycle 84
[ALPHA_X13_BURST13] mode=OFF radar_adj=0 mom= conf=0
[BETA_X5] mode=OFF radar_adj=0 mom= conf=0
[BETA_X5] [1;36m17:45:03[0m [1;33mx3[0m [1;36m#208[0m SKIP tension=[1;36m0.00000000[0m [0m| momentum_too_small [1;31mconf=0.3373[0m
[BETA_X5] mode=OFF radar_adj=0 mom= conf=0
[BETA_X5] [1;36m17:45:10[0m [1;33mx3[0m [1;36m#209[0m SKIP tension=[1;36m0.00279294[0m [0m| momentum_too_small [1;31mconf=0.0046[0m
[BETA_X5] mode=OFF radar_adj=0 mom= conf=0
[ALPHA_X13_BURST13] [1;36mCycle 84[0m [1;32mSOFT anomaly[0m [1;33m| pnl_abs=0.05024000 > 0.02500000[0m
[ALPHA_X13_BURST13] [1;36mentry=17:45:06@62080.30000000[0m [1;32mx13[0m [1;36m#84[0m [1;32mBUY[0m tension=[1;31m4.20681048[0m hold=[1;36m6[0ms sec=[1;36m6[0m [0m| exit=62080.50000000 [1;32mconf=0.9658[0m [1;36mexit_time=17:45:14[0m [1;32mpnl=0.05024000 bps=0.03221634 pct=0.00032216% total=4.23738[0m
[BETA_X5] [1;36m17:45:18[0m [1;33mx3[0m [1;36m#210[0m SKIP tension=[1;36m0.00119196[0m [0m| momentum_too_small [1;31mconf=0.0019[0m
[BETA_X5] mode=OFF radar_adj=0 mom= conf=0
[ALPHA_X13_BURST13] [BARRIER_TIMEOUT] BETA en retard, ouverture forcée de la barrière au cycle 85
[ALPHA_X13_BURST13] mode=OFF radar_adj=0 mom= conf=0
[ALPHA_X13_BURST13] [1;36m17:45:39[0m [1;32mx13[0m [1;36m#85[0m SKIP tension=[1;36m0.14888008[0m [0m| direction_unclear [1;31mconf=0.2366[0m
[BETA_X5] [1;36mentry=17:45:30@62080.50000000[0m [1;33mx3[0m [1;36m#211[0m [1;33mSELL[0m tension=[1;31m5.14102302[0m hold=[1;36m11[0ms sec=[1;36m11[0m [0m| exit=62080.50000000 [1;32mconf=0.9537[0m [1;36mexit_time=17:45:41[0m [1;33mpnl=-0.00000000 bps=-0.00000000 pct=-0.00000000% total=4.23738[0m
[BETA_X5] mode=OFF radar_adj=0 mom= conf=0
[BETA_X5] [1;36m17:45:51[0m [1;33mx3[0m [1;36m#212[0m SKIP tension=[1;36m0.00263855[0m [0m| momentum_too_small [1;31mconf=0.0042[0m
[BETA_X5] mode=OFF radar_adj=0 mom= conf=0
[ALPHA_X13_BURST13] [BARRIER_TIMEOUT] BETA en retard, ouverture forcée de la barrière au cycle 86
[ALPHA_X13_BURST13] mode=OFF radar_adj=0 mom= conf=0
[BETA_X5] [1;36m17:45:59[0m [1;33mx3[0m [1;36m#213[0m SKIP tension=[1;36m0.00004339[0m [0m| momentum_too_small [1;31mconf=0.0001[0m
[BETA_X5] mode=OFF radar_adj=0 mom= conf=0
[ALPHA_X13_BURST13] [1;36m17:46:03[0m [1;32mx13[0m [1;36m#86[0m SKIP tension=[1;36m0.00000000[0m [0m| momentum_too_small [1;31mconf=0.3338[0m
[BETA_X5] [1;36m17:46:07[0m [1;33mx3[0m [1;36m#214[0m SKIP tension=[1;36m0.00103697[0m [0m| momentum_too_small [1;31mconf=0.0016[0m
[BETA_X5] mode=OFF radar_adj=0 mom= conf=0
[ALPHA_X13_BURST13] [BARRIER_TIMEOUT] BETA en retard, ouverture forcée de la barrière au cycle 87
[ALPHA_X13_BURST13] mode=OFF radar_adj=0 mom= conf=0
[BETA_X5] [1;36mCycle 215[0m [1;32mSOFT anomaly[0m [1;33m| pnl_abs=0.04370000 > 0.02500000[0m
[BETA_X5] [1;36mentry=17:46:18@62075.90000000[0m [1;33mx3[0m [1;36m#215[0m [1;31mSELL[0m tension=[1;31m5.16883045[0m hold=[1;36m5[0ms sec=[1;36m5[0m [0m| exit=62080.50000000 [1;32mconf=0.9537[0m [1;36mexit_time=17:46:23[0m [1;31mpnl=-0.04370000 bps=-0.74102832 pct=-0.00741028% total=4.1936800000000005[0m
[ALPHA_X13_BURST13] [1;36m17:46:27[0m [1;32mx13[0m [1;36m#87[0m SKIP tension=[1;36m0.00020619[0m [0m| momentum_too_small [1;31mconf=0.0003[0m
[BETA_X5] mode=OFF radar_adj=0 mom= conf=0
[BETA_X5] [1;36m17:46:34[0m [1;33mx3[0m [1;36m#216[0m SKIP tension=[1;36m0.00862737[0m [0m| momentum_too_small [1;31mconf=0.0137[0m
[BETA_X5] mode=OFF radar_adj=0 mom= conf=0
[BETA_X5] [1;36m17:46:41[0m [1;33mx3[0m [1;36m#217[0m SKIP tension=[1;36m0.00006294[0m [0m| momentum_too_small [1;31mconf=0.0001[0m
[BETA_X5] mode=OFF radar_adj=0 mom= conf=0
[ALPHA_X13_BURST13] [BARRIER_TIMEOUT] BETA en retard, ouverture forcée de la barrière au cycle 88
[ALPHA_X13_BURST13] mode=OFF radar_adj=0 mom= conf=0
[BETA_X5] [1;36m17:46:48[0m [1;33mx3[0m [1;36m#218[0m SKIP tension=[1;36m0.00000000[0m [0m| momentum_too_small [1;31mconf=0.3486[0m
[ALPHA_X13_BURST13] [1;36m17:46:51[0m [1;32mx13[0m [1;36m#88[0m SKIP tension=[1;36m0.00066712[0m [0m| momentum_too_small [1;31mconf=0.0011[0m
[BETA_X5] mode=OFF radar_adj=0 mom= conf=0
[BETA_X5] [1;36m17:46:56[0m [1;33mx3[0m [1;36m#219[0m SKIP tension=[1;36m0.00243509[0m [0m| momentum_too_small [1;31mconf=0.004[0m
[BETA_X5] mode=OFF radar_adj=0 mom= conf=0
[ALPHA_X13_BURST13] [BARRIER_TIMEOUT] BETA en retard, ouverture forcée de la barrière au cycle 89
[ALPHA_X13_BURST13] mode=OFF radar_adj=0 mom= conf=0
[BETA_X5] [1;36m17:47:10[0m [1;33mx3[0m [1;36m#220[0m SKIP tension=[1;36m0.00026210[0m [0m| momentum_too_small [1;31mconf=0.0004[0m
[BETA_X5] mode=OFF radar_adj=0 mom= conf=0
[ALPHA_X13_BURST13] [1;36m17:47:15[0m [1;32mx13[0m [1;36m#89[0m SKIP tension=[1;36m0.00000000[0m [0m| momentum_too_small [1;31mconf=0.3444[0m
[BETA_X5] [1;36m17:47:18[0m [1;33mx3[0m [1;36m#221[0m SKIP tension=[1;36m0.00008741[0m [0m| momentum_too_small [1;31mconf=0.0001[0m
[BETA_X5] mode=OFF radar_adj=0 mom= conf=0
[BETA_X5] [1;36m17:47:26[0m [1;33mx3[0m [1;36m#222[0m SKIP tension=[1;36m0.00000000[0m [0m| momentum_too_small [1;31mconf=0.3493[0m
[BETA_X5] mode=OFF radar_adj=0 mom= conf=0
[ALPHA_X13_BURST13] [BARRIER_TIMEOUT] BETA en retard, ouverture forcée de la barrière au cycle 90
[BETA_X5] [1;36m17:47:33[0m [1;33mx3[0m [1;36m#223[0m SKIP tension=[1;36m0.00000000[0m [0m| momentum_too_small [1;31mconf=0.3338[0m
[ALPHA_X13_BURST13] mode=OFF radar_adj=0 mom= conf=0
[BETA_X5] mode=OFF radar_adj=0 mom= conf=0
[ALPHA_X13_BURST13] [1;36m17:47:40[0m [1;32mx13[0m [1;36m#90[0m SKIP tension=[1;36m0.00007060[0m [0m| momentum_too_small [1;31mconf=0.0001[0m
[BETA_X5] [1;36m17:47:41[0m [1;33mx3[0m [1;36m#224[0m SKIP tension=[1;36m0.00000000[0m [0m| momentum_too_small [1;31mconf=0.3377[0m
[BETA_X5] mode=OFF radar_adj=0 mom= conf=0
[BETA_X5] [1;36m17:47:49[0m [1;33mx3[0m [1;36m#225[0m SKIP tension=[1;36m0.00033312[0m [0m| momentum_too_small [1;31mconf=0.0005[0m
[BETA_X5] mode=OFF radar_adj=0 mom= conf=0
[BETA_X5] [1;36m17:47:56[0m [1;33mx3[0m [1;36m#226[0m SKIP tension=[1;36m0.00736987[0m [0m| momentum_too_small [1;31mconf=0.0122[0m
[ALPHA_X13_BURST13] [BARRIER_TIMEOUT] BETA en retard, ouverture forcée de la barrière au cycle 91
[ALPHA_X13_BURST13] mode=OFF radar_adj=0 mom= conf=0
[BETA_X5] mode=OFF radar_adj=0 mom= conf=0
[BETA_X5] [1;36m17:48:04[0m [1;33mx3[0m [1;36m#227[0m SKIP tension=[1;36m0.00195902[0m [0m| momentum_too_small [1;31mconf=0.0032[0m
[ALPHA_X13_BURST13] [1;36m17:48:04[0m [1;32mx13[0m [1;36m#91[0m SKIP tension=[1;36m0.00195902[0m [0m| momentum_too_small [1;31mconf=0.0032[0m
[BETA_X5] mode=OFF radar_adj=0 mom= conf=0
[ALPHA_X13_BURST13] [BARRIER_TIMEOUT] BETA en retard, ouverture forcée de la barrière au cycle 92
[BETA_X5] [1;36mentry=17:48:16@62080.50000000[0m [1;33mx3[0m [1;36m#228[0m [1;32mSELL[0m tension=[1;32m1.15985300[0m hold=[1;36m8[0ms sec=[1;36m8[0m [0m| exit=62075.60000000 [1;32mconf=0.998[0m [1;36mexit_time=17:48:24[0m [1;32mpnl=0.02352000 bps=0.78929777 pct=0.00789298% total=4.2172[0m
[BETA_X5] mode=OFF radar_adj=0 mom= conf=0
[ALPHA_X13_BURST13] mode=OFF radar_adj=0 mom= conf=0
[ALPHA_X13_BURST13] [1;36m17:48:34[0m [1;32mx13[0m [1;36m#92[0m SKIP tension=[1;36m0.00000000[0m [0m| momentum_too_small [1;31mconf=0.3493[0m
[BETA_X5] [1;36mentry=17:48:38@62075.90000000[0m [1;33mx3[0m [1;36m#229[0m [1;32mSELL[0m tension=[1;31m2.59503119[0m hold=[1;36m5[0ms sec=[1;36m5[0m [0m| exit=62075.80000000 [1;32mconf=0.998[0m [1;36mexit_time=17:48:44[0m [1;32mpnl=0.00048000 bps=0.01610931 pct=0.00016109% total=4.21768[0m
[BETA_X5] mode=OFF radar_adj=0 mom= conf=0
[ALPHA_X13_BURST13] [BARRIER_TIMEOUT] BETA en retard, ouverture forcée de la barrière au cycle 93
[ALPHA_X13_BURST13] mode=OFF radar_adj=0 mom= conf=0
[BETA_X5] [1;36m17:48:55[0m [1;33mx3[0m [1;36m#230[0m SKIP tension=[1;36m0.00000000[0m [0m| momentum_too_small [1;31mconf=0.3493[0m
[BETA_X5] mode=OFF radar_adj=0 mom= conf=0
[ALPHA_X13_BURST13] [1;36m17:48:59[0m [1;32mx13[0m [1;36m#93[0m SKIP tension=[1;36m0.00000000[0m [0m| momentum_too_small [1;31mconf=0.3493[0m
[BETA_X5] [1;36m17:49:02[0m [1;33mx3[0m [1;36m#231[0m SKIP tension=[1;36m0.00001090[0m [0m| momentum_too_small [1;31mconf=0.0[0m
[BETA_X5] mode=OFF radar_adj=0 mom= conf=0
[ALPHA_X13_BURST13] [BARRIER_TIMEOUT] BETA en retard, ouverture forcée de la barrière au cycle 94
[ALPHA_X13_BURST13] mode=OFF radar_adj=0 mom= conf=0
[BETA_X5] [1;36mentry=17:49:14@62075.80000000[0m [1;33mx3[0m [1;36m#232[0m [1;33mSELL[0m tension=[1;32m1.67212672[0m hold=[1;36m5[0ms sec=[1;36m5[0m [0m| exit=62075.80000000 [1;32mconf=0.998[0m [1;36mexit_time=17:49:19[0m [1;33mpnl=-0.00000000 bps=-0.00000000 pct=-0.00000000% total=4.21768[0m
[BETA_X5] mode=OFF radar_adj=0 mom= conf=0
[ALPHA_X13_BURST13] [1;36m17:49:29[0m [1;32mx13[0m [1;36m#94[0m SKIP tension=[1;32m1.81470320[0m [0m| duo no_trigger
[BETA_X5] [1;36mentry=17:49:33@62074.20000000[0m [1;33mx3[0m [1;36m#233[0m [1;32mSELL[0m tension=[1;31m2.52277851[0m hold=[1;36m5[0ms sec=[1;36m5[0m [0m| exit=62073.90000000 [1;32mconf=0.9799[0m [1;36mexit_time=17:49:38[0m [1;32mpnl=0.00468000 bps=0.04832926 pct=0.00048329% total=4.22236[0m
[BETA_X5] mode=OFF radar_adj=0 mom= conf=0
[BETA_X5] [1;36m17:49:47[0m [1;33mx3[0m [1;36m#234[0m SKIP tension=[1;36m0.00000000[0m [0m| momentum_too_small [1;31mconf=0.3398[0m
[ALPHA_X13_BURST13] [BARRIER_TIMEOUT] BETA en retard, ouverture forcée de la barrière au cycle 95
[ALPHA_X13_BURST13] mode=OFF radar_adj=0 mom= conf=0
[BETA_X5] mode=OFF radar_adj=0 mom= conf=0
[ALPHA_X13_BURST13] [1;36m17:49:54[0m [1;32mx13[0m [1;36m#95[0m SKIP tension=[1;36m0.00000000[0m [0m| momentum_too_small [1;31mconf=0.3126[0m
[BETA_X5] [1;36m17:49:54[0m [1;33mx3[0m [1;36m#235[0m SKIP tension=[1;36m0.41244230[0m [0m| wall_not_collapsed
[BETA_X5] mode=OFF radar_adj=0 mom= conf=0
[BETA_X5] [1;36m17:50:02[0m [1;33mx3[0m [1;36m#236[0m SKIP tension=[1;36m0.00000000[0m [0m| momentum_too_small [1;31mconf=0.2904[0m
[BETA_X5] mode=OFF radar_adj=0 mom= conf=0
[ALPHA_X13_BURST13] [BARRIER_TIMEOUT] BETA en retard, ouverture forcée de la barrière au cycle 96
[ALPHA_X13_BURST13] mode=OFF radar_adj=0 mom= conf=0
[ALPHA_X13_BURST13] [1;36m17:50:19[0m [1;32mx13[0m [1;36m#96[0m SKIP tension=[1;36m0.00002074[0m [0m| momentum_too_small [1;31mconf=0.0[0m
[BETA_X5] [1;36mentry=17:50:15@62055.00000000[0m [1;33mx3[0m [1;36m#237[0m [1;33mSELL[0m tension=[1;32m1.45628371[0m hold=[1;36m6[0ms sec=[1;36m6[0m [0m| exit=62055.00000000 [1;33mconf=0.7886[0m [1;36mexit_time=17:50:21[0m [1;33mpnl=-0.00000000 bps=-0.00000000 pct=-0.00000000% total=4.22236[0m
[BETA_X5] mode=OFF radar_adj=0 mom= conf=0
[BETA_X5] [1;36m17:50:30[0m [1;33mx3[0m [1;36m#238[0m SKIP tension=[1;36m0.00000496[0m [0m| momentum_too_small [1;31mconf=0.0[0m
[BETA_X5] mode=OFF radar_adj=0 mom= conf=0
[ALPHA_X13_BURST13] [BARRIER_TIMEOUT] BETA en retard, ouverture forcée de la barrière au cycle 97
[BETA_X5] [1;36m17:50:38[0m [1;33mx3[0m [1;36m#239[0m SKIP tension=[1;36m0.65961156[0m [0m| wall_not_collapsed
[ALPHA_X13_BURST13] mode=OFF radar_adj=0 mom= conf=0
[BETA_X5] mode=OFF radar_adj=0 mom= conf=0
[ALPHA_X13_BURST13] [1;36m17:50:43[0m [1;32mx13[0m [1;36m#97[0m SKIP tension=[1;36m0.00000535[0m [0m| momentum_too_small [1;31mconf=0.0[0m
[BETA_X5] [1;36m17:50:45[0m [1;33mx3[0m [1;36m#240[0m SKIP tension=[1;36m0.00004933[0m [0m| momentum_too_small [1;31mconf=0.0001[0m
[BETA_X5] mode=OFF radar_adj=0 mom= conf=0
[BETA_X5] [1;36m17:50:53[0m [1;33mx3[0m [1;36m#241[0m SKIP tension=[1;36m0.00001992[0m [0m| momentum_too_small [1;31mconf=0.0[0m
[BETA_X5] mode=OFF radar_adj=0 mom= conf=0
[ALPHA_X13_BURST13] [BARRIER_TIMEOUT] BETA en retard, ouverture forcée de la barrière au cycle 98
[BETA_X5] [1;36m17:51:01[0m [1;33mx3[0m [1;36m#242[0m SKIP tension=[1;36m0.00412540[0m [0m| momentum_too_small [1;31mconf=0.0069[0m
[ALPHA_X13_BURST13] mode=OFF radar_adj=0 mom= conf=0
[ALPHA_X13_BURST13] [1;36m17:51:07[0m [1;32mx13[0m [1;36m#98[0m SKIP tension=[1;36m0.00006750[0m [0m| momentum_too_small [1;31mconf=0.0001[0m
[BETA_X5] mode=OFF radar_adj=0 mom= conf=0
[BETA_X5] [1;36m17:51:15[0m [1;33mx3[0m [1;36m#243[0m SKIP tension=[1;36m0.00000000[0m [0m| momentum_too_small [1;31mconf=0.3489[0m
[BETA_X5] mode=OFF radar_adj=0 mom= conf=0
[BETA_X5] [1;36m17:51:22[0m [1;33mx3[0m [1;36m#244[0m SKIP tension=[1;36m0.80505180[0m [0m| wall_not_collapsed
[BETA_X5] mode=OFF radar_adj=0 mom= conf=0
[ALPHA_X13_BURST13] [BARRIER_TIMEOUT] BETA en retard, ouverture forcée de la barrière au cycle 99
[ALPHA_X13_BURST13] mode=OFF radar_adj=0 mom= conf=0
[ALPHA_X13_BURST13] [1;36m17:51:33[0m [1;32mx13[0m [1;36m#99[0m SKIP tension=[1;31m3.69613551[0m [0m| duo no_trigger
[BETA_X5] [1;36mentry=17:51:35@62008.50000000[0m [1;33mx3[0m [1;36m#245[0m [1;33mSELL[0m tension=[1;31m4.34152067[0m hold=[1;36m6[0ms sec=[1;36m6[0m [0m| exit=62008.50000000 [1;32mconf=0.9929[0m [1;36mexit_time=17:51:41[0m [1;33mpnl=-0.00000000 bps=-0.00000000 pct=-0.00000000% total=4.22236[0m
[BETA_X5] mode=OFF radar_adj=0 mom= conf=0
[ALPHA_X13_BURST13] [BARRIER_TIMEOUT] BETA en retard, ouverture forcée de la barrière au cycle 100
[BETA_X5] [1;36m17:51:51[0m [1;33mx3[0m [1;36m#246[0m SKIP tension=[1;36m0.00000975[0m [0m| momentum_too_small [1;31mconf=0.0[0m
[ALPHA_X13_BURST13] mode=OFF radar_adj=0 mom= conf=0
[BETA_X5] mode=OFF radar_adj=0 mom= conf=0
[ALPHA_X13_BURST13] [1;36m17:51:57[0m [1;32mx13[0m [1;36m#100[0m SKIP tension=[1;36m0.00001524[0m [0m| momentum_too_small [1;31mconf=0.0[0m
[BETA_X5] [1;36m17:52:00[0m [1;33mx3[0m [1;36m#247[0m SKIP tension=[1;36m0.00006329[0m [0m| momentum_too_small [1;31mconf=0.0001[0m
[BETA_X5] mode=OFF radar_adj=0 mom= conf=0
[BETA_X5] [1;36m17:52:07[0m [1;33mx3[0m [1;36m#248[0m SKIP tension=[1;36m0.00012171[0m [0m| momentum_too_small [1;31mconf=0.0002[0m
[BETA_X5] mode=OFF radar_adj=0 mom= conf=0
[ALPHA_X13_BURST13] [BARRIER_TIMEOUT] BETA en retard, ouverture forcée de la barrière au cycle 101
[BETA_X5] [1;36m17:52:15[0m [1;33mx3[0m [1;36m#249[0m SKIP tension=[1;36m0.00002678[0m [0m| momentum_too_small [1;31mconf=0.0[0m
[ALPHA_X13_BURST13] mode=OFF radar_adj=0 mom= conf=0
[BETA_X5] mode=OFF radar_adj=0 mom= conf=0
[ALPHA_X13_BURST13] [1;36m17:52:22[0m [1;32mx13[0m [1;36m#101[0m SKIP tension=[1;36m0.00039191[0m [0m| momentum_too_small [1;31mconf=0.0006[0m
[BETA_X5] [1;36m17:52:23[0m [1;33mx3[0m [1;36m#250[0m SKIP tension=[1;36m0.00007130[0m [0m| momentum_too_small [1;31mconf=0.0001[0m
[BETA_X5] mode=OFF radar_adj=0 mom= conf=0
[ALPHA_X13_BURST13] [BARRIER_TIMEOUT] BETA en retard, ouverture forcée de la barrière au cycle 102
[BETA_X5] [1;36mentry=17:52:34@62008.50000000[0m [1;33mx3[0m [1;36m#251[0m [1;32mSELL[0m tension=[1;32m1.15922296[0m hold=[1;36m6[0ms sec=[1;36m6[0m [0m| exit=62007.50000000 [1;32mconf=0.9829[0m [1;36mexit_time=17:52:40[0m [1;32mpnl=0.00950000 bps=0.16126821 pct=0.00161268% total=4.23186[0m
[ALPHA_X13_BURST13] mode=OFF radar_adj=0 mom= conf=0
[BETA_X5] mode=OFF radar_adj=0 mom= conf=0
[ALPHA_X13_BURST13] [1;36m17:52:46[0m [1;32mx13[0m [1;36m#102[0m SKIP tension=[1;36m0.00000680[0m [0m| momentum_too_small [1;31mconf=0.0[0m
[BETA_X5] [1;36m17:52:49[0m [1;33mx3[0m [1;36m#252[0m SKIP tension=[1;36m0.00005186[0m [0m| momentum_too_small [1;31mconf=0.0001[0m
[BETA_X5] mode=OFF radar_adj=0 mom= conf=0
[ALPHA_X13_BURST13] [BARRIER_TIMEOUT] BETA en retard, ouverture forcée de la barrière au cycle 103
[ALPHA_X13_BURST13] mode=OFF radar_adj=0 mom= conf=0
[BETA_X5] [1;36mentry=17:53:01@62007.50000000[0m [1;33mx3[0m [1;36m#253[0m [1;31mSELL[0m tension=[1;31m2.55473895[0m hold=[1;36m6[0ms sec=[1;36m6[0m [0m| exit=62008.50000000 [1;32mconf=0.9929[0m [1;36mexit_time=17:53:07[0m [1;31mpnl=-0.00950000 bps=-0.16127081 pct=-0.00161271% total=4.22236[0m
[ALPHA_X13_BURST13] [1;36m17:53:10[0m [1;32mx13[0m [1;36m#103[0m SKIP tension=[1;36m0.00006045[0m [0m| momentum_too_small [1;31mconf=0.0001[0m
[BETA_X5] mode=OFF radar_adj=0 mom= conf=0
[BETA_X5] [1;36m17:53:16[0m [1;33mx3[0m [1;36m#254[0m SKIP tension=[1;33m0.97944627[0m [0m| wall_not_collapsed
[BETA_X5] mode=OFF radar_adj=0 mom= conf=0
[BETA_X5] [1;36m17:53:24[0m [1;33mx3[0m [1;36m#255[0m SKIP tension=[1;36m0.00000808[0m [0m| momentum_too_small [1;31mconf=0.0[0m
[BETA_X5] mode=OFF radar_adj=0 mom= conf=0
[ALPHA_X13_BURST13] [BARRIER_TIMEOUT] BETA en retard, ouverture forcée de la barrière au cycle 104
[ALPHA_X13_BURST13] mode=OFF radar_adj=0 mom= conf=0
[BETA_X5] [1;36m17:53:32[0m [1;33mx3[0m [1;36m#256[0m SKIP tension=[1;36m0.01885545[0m [0m| direction_unclear [1;31mconf=0.0311[0m
[BETA_X5] mode=OFF radar_adj=0 mom= conf=0
[ALPHA_X13_BURST13] [1;36m17:53:35[0m [1;32mx13[0m [1;36m#104[0m SKIP tension=[1;36m0.02041545[0m [0m| direction_unclear [1;31mconf=0.0337[0m
[BETA_X5] [1;36m17:53:39[0m [1;33mx3[0m [1;36m#257[0m SKIP tension=[1;36m0.00000613[0m [0m| momentum_too_small [1;31mconf=0.0[0m
[BETA_X5] mode=OFF radar_adj=0 mom= conf=0
[BETA_X5] [1;36m17:53:47[0m [1;33mx3[0m [1;36m#258[0m SKIP tension=[1;36m0.00022229[0m [0m| momentum_too_small [1;31mconf=0.0004[0m
[BETA_X5] mode=OFF radar_adj=0 mom= conf=0
[ALPHA_X13_BURST13] [BARRIER_TIMEOUT] BETA en retard, ouverture forcée de la barrière au cycle 105
[BETA_X5] [1;36m17:53:54[0m [1;33mx3[0m [1;36m#259[0m SKIP tension=[1;36m0.00000924[0m [0m| momentum_too_small [1;31mconf=0.0[0m
[ALPHA_X13_BURST13] mode=OFF radar_adj=0 mom= conf=0
[BETA_X5] mode=OFF radar_adj=0 mom= conf=0
[ALPHA_X13_BURST13] [1;36m17:53:59[0m [1;32mx13[0m [1;36m#105[0m SKIP tension=[1;33m0.88741838[0m [0m| wall_not_collapsed
[BETA_X5] [1;36m17:54:02[0m [1;33mx3[0m [1;36m#260[0m SKIP tension=[1;33m0.88732624[0m [0m| wall_not_collapsed
[BETA_X5] mode=OFF radar_adj=0 mom= conf=0
[BETA_X5] [1;36m17:54:09[0m [1;33mx3[0m [1;36m#261[0m SKIP tension=[1;36m0.00004865[0m [0m| momentum_too_small [1;31mconf=0.0001[0m
[BETA_X5] mode=OFF radar_adj=0 mom= conf=0
[BETA_X5] [1;36m17:54:17[0m [1;33mx3[0m [1;36m#262[0m SKIP tension=[1;36m0.00002891[0m [0m| momentum_too_small [1;31mconf=0.0[0m
[ALPHA_X13_BURST13] [BARRIER_TIMEOUT] BETA en retard, ouverture forcée de la barrière au cycle 106
[ALPHA_X13_BURST13] mode=OFF radar_adj=0 mom= conf=0
[BETA_X5] mode=OFF radar_adj=0 mom= conf=0
[ALPHA_X13_BURST13] [1;36m17:54:24[0m [1;32mx13[0m [1;36m#106[0m SKIP tension=[1;36m0.00015308[0m [0m| momentum_too_small [1;31mconf=0.0003[0m
[BETA_X5] [1;36m17:54:24[0m [1;33mx3[0m [1;36m#263[0m SKIP tension=[1;36m0.00007774[0m [0m| momentum_too_small [1;31mconf=0.0001[0m
[BETA_X5] mode=OFF radar_adj=0 mom= conf=0
[BETA_X5] [1;36m17:54:32[0m [1;33mx3[0m [1;36m#264[0m SKIP tension=[1;36m0.00000000[0m [0m| momentum_too_small [1;31mconf=0.344[0m
[BETA_X5] mode=OFF radar_adj=0 mom= conf=0
[BETA_X5] [1;36m17:54:40[0m [1;33mx3[0m [1;36m#265[0m SKIP tension=[1;36m0.00002438[0m [0m| momentum_too_small [1;31mconf=0.0[0m
[ALPHA_X13_BURST13] [BARRIER_TIMEOUT] BETA en retard, ouverture forcée de la barrière au cycle 107
[BETA_X5] mode=OFF radar_adj=0 mom= conf=0
[ALPHA_X13_BURST13] mode=OFF radar_adj=0 mom= conf=0
[ALPHA_X13_BURST13] [1;36m17:54:48[0m [1;32mx13[0m [1;36m#107[0m SKIP tension=[1;36m0.00000000[0m [0m| momentum_too_small [1;31mconf=0.3444[0m
[BETA_X5] [1;36mentry=17:54:52@62007.50000000[0m [1;33mx3[0m [1;36m#266[0m [1;31mSELL[0m tension=[1;31m2.23470226[0m hold=[1;36m5[0ms sec=[1;36m5[0m [0m| exit=62007.60000000 [1;32mconf=0.9839[0m [1;36mexit_time=17:54:57[0m [1;31mpnl=-0.00095000 bps=-0.01612708 pct=-0.00016127% total=4.2214100000000006[0m
[BETA_X5] mode=OFF radar_adj=0 mom= conf=0
[ALPHA_X13_BURST13] [BARRIER_TIMEOUT] BETA en retard, ouverture forcée de la barrière au cycle 108
[BETA_X5] [1;36m17:55:06[0m [1;33mx3[0m [1;36m#267[0m SKIP tension=[1;36m0.01205290[0m [0m| direction_unclear [1;31mconf=0.0198[0m
[ALPHA_X13_BURST13] mode=OFF radar_adj=0 mom= conf=0
[BETA_X5] mode=OFF radar_adj=0 mom= conf=0
[BETA_X5] [1;36m17:55:14[0m [1;33mx3[0m [1;36m#268[0m SKIP tension=[1;36m0.00000000[0m [0m| momentum_too_small [1;31mconf=0.3444[0m
[BETA_X5] mode=OFF radar_adj=0 mom= conf=0
[BETA_X5] [1;36m17:55:22[0m [1;33mx3[0m [1;36m#269[0m SKIP tension=[1;36m0.00000502[0m [0m| momentum_too_small [1;31mconf=0.0[0m
[BETA_X5] mode=OFF radar_adj=0 mom= conf=0
[ALPHA_X13_BURST13] [1;36mentry=17:55:18@62007.60000000[0m [1;32mx13[0m [1;36m#108[0m [1;32mBUY[0m tension=[1;31m3.91885112[0m hold=[1;36m6[0ms sec=[1;36m6[0m [0m| exit=62007.70000000 [1;32mconf=0.9839[0m [1;36mexit_time=17:55:24[0m [1;32mpnl=0.01257000 bps=0.01612706 pct=0.00016127% total=4.233980000000001[0m
[BETA_X5] [1;36m17:55:30[0m [1;33mx3[0m [1;36m#270[0m SKIP tension=[1;36m0.00001906[0m [0m| momentum_too_small [1;31mconf=0.0[0m
[BETA_X5] mode=OFF radar_adj=0 mom= conf=0
[BETA_X5] [1;36m17:55:39[0m [1;33mx3[0m [1;36m#271[0m SKIP tension=[1;36m0.00001313[0m [0m| momentum_too_small [1;31mconf=0.0[0m
[BETA_X5] mode=OFF radar_adj=0 mom= conf=0
[ALPHA_X13_BURST13] [BARRIER_TIMEOUT] BETA en retard, ouverture forcée de la barrière au cycle 109
[ALPHA_X13_BURST13] mode=OFF radar_adj=0 mom= conf=0
[ALPHA_X13_BURST13] [1;36mCycle 109[0m [1;32mSOFT anomaly[0m [1;33m| pnl_abs=0.40240000 > 0.02500000[0m
[ALPHA_X13_BURST13] [1;36mentry=17:55:54@62007.60000000[0m [1;32mx13[0m [1;36m#109[0m [1;32mBUY[0m tension=[1;32m1.59799125[0m hold=[1;36m5[0ms sec=[1;36m5[0m [0m| exit=62009.20000000 [1;32mconf=0.9829[0m [1;36mexit_time=17:55:59[0m [1;32mpnl=0.40240000 bps=0.25803289 pct=0.00258033% total=4.636380000000001[0m
[BETA_X5] [1;36mentry=17:56:00@62007.60000000[0m [1;33mx3[0m [1;36m#272[0m [1;31mSELL[0m tension=[1;32m1.59798686[0m hold=[1;36m6[0ms sec=[1;36m6[0m [0m| exit=62009.20000000 [1;32mconf=0.9829[0m [1;36mexit_time=17:56:06[0m [1;31mpnl=-0.01520000 bps=-0.25803289 pct=-0.00258033% total=4.621180000000001[0m
[BETA_X5] mode=OFF radar_adj=0 mom= conf=0
[BETA_X5] [1;36m17:56:15[0m [1;33mx3[0m [1;36m#273[0m SKIP tension=[1;33m0.92379522[0m [0m| wall_not_collapsed
[BETA_X5] mode=OFF radar_adj=0 mom= conf=0
[ALPHA_X13_BURST13] [BARRIER_TIMEOUT] BETA en retard, ouverture forcée de la barrière au cycle 110
[ALPHA_X13_BURST13] mode=OFF radar_adj=0 mom= conf=0
[BETA_X5] [1;36m17:56:22[0m [1;33mx3[0m [1;36m#274[0m SKIP tension=[1;36m0.00001198[0m [0m| momentum_too_small [1;31mconf=0.0[0m
[BETA_X5] mode=OFF radar_adj=0 mom= conf=0
[ALPHA_X13_BURST13] [1;36m17:56:25[0m [1;32mx13[0m [1;36m#110[0m SKIP tension=[1;36m0.00000000[0m [0m| momentum_too_small [1;31mconf=0.3454[0m
[BETA_X5] [1;36m17:56:30[0m [1;33mx3[0m [1;36m#275[0m SKIP tension=[1;36m0.00000000[0m [0m| momentum_too_small [1;31mconf=0.3496[0m
[BETA_X5] mode=OFF radar_adj=0 mom= conf=0
[ALPHA_X13_BURST13] [BARRIER_TIMEOUT] BETA en retard, ouverture forcée de la barrière au cycle 111
[ALPHA_X13_BURST13] mode=OFF radar_adj=0 mom= conf=0
[BETA_X5] [1;36mentry=17:56:43@62007.90000000[0m [1;33mx3[0m [1;36m#276[0m [1;32mSELL[0m tension=[1;31m2.23957704[0m hold=[1;36m6[0ms sec=[1;36m6[0m [0m| exit=62007.70000000 [1;32mconf=0.997[0m [1;36mexit_time=17:56:49[0m [1;32mpnl=0.00190000 bps=0.03225395 pct=0.00032254% total=4.62308[0m
[ALPHA_X13_BURST13] [1;36m17:56:50[0m [1;32mx13[0m [1;36m#111[0m SKIP tension=[1;36m0.00001512[0m [0m| momentum_too_small [1;31mconf=0.0[0m
[BETA_X5] mode=OFF radar_adj=0 mom= conf=0
[BETA_X5] [1;36m17:56:59[0m [1;33mx3[0m [1;36m#277[0m SKIP tension=[1;36m0.00000000[0m [0m| momentum_too_small [1;31mconf=0.3447[0m
[BETA_X5] mode=OFF radar_adj=0 mom= conf=0
[BETA_X5] [1;36m17:57:06[0m [1;33mx3[0m [1;36m#278[0m SKIP tension=[1;36m0.66004081[0m [0m| wall_not_collapsed
[ALPHA_X13_BURST13] [BARRIER_TIMEOUT] BETA en retard, ouverture forcée de la barrière au cycle 112
[BETA_X5] mode=OFF radar_adj=0 mom= conf=0
[ALPHA_X13_BURST13] mode=OFF radar_adj=0 mom= conf=0
[BETA_X5] [1;36m17:57:13[0m [1;33mx3[0m [1;36m#279[0m SKIP tension=[1;36m0.00000000[0m [0m| momentum_too_small [1;31mconf=0.3412[0m
[ALPHA_X13_BURST13] [1;36m17:57:15[0m [1;32mx13[0m [1;36m#112[0m SKIP tension=[1;36m0.00001988[0m [0m| momentum_too_small [1;31mconf=0.0[0m
[BETA_X5] mode=OFF radar_adj=0 mom= conf=0
[BETA_X5] [1;36m17:57:21[0m [1;33mx3[0m [1;36m#280[0m SKIP tension=[1;33m0.97152150[0m [0m| wall_not_collapsed
[BETA_X5] mode=OFF radar_adj=0 mom= conf=0
[BETA_X5] [1;36m17:57:29[0m [1;33mx3[0m [1;36m#281[0m SKIP tension=[1;36m0.00000000[0m [0m| momentum_too_small [1;31mconf=0.3415[0m
[BETA_X5] mode=OFF radar_adj=0 mom= conf=0
[ALPHA_X13_BURST13] [BARRIER_TIMEOUT] BETA en retard, ouverture forcée de la barrière au cycle 113
[ALPHA_X13_BURST13] mode=OFF radar_adj=0 mom= conf=0
[BETA_X5] [1;36m17:57:36[0m [1;33mx3[0m [1;36m#282[0m SKIP tension=[1;36m0.00000000[0m [0m| momentum_too_small [1;31mconf=0.3451[0m
[BETA_X5] mode=OFF radar_adj=0 mom= conf=0
[BETA_X5] [1;36m17:57:44[0m [1;33mx3[0m [1;36m#283[0m SKIP tension=[1;36m0.00311498[0m [0m| momentum_too_small [1;31mconf=0.0052[0m
[ALPHA_X13_BURST13] [1;36m17:57:44[0m [1;32mx13[0m [1;36m#113[0m SKIP tension=[1;36m0.00000000[0m [0m| momentum_too_small [1;31mconf=0.3493[0m
[BETA_X5] mode=OFF radar_adj=0 mom= conf=0
[BETA_X5] [1;36m17:57:51[0m [1;33mx3[0m [1;36m#284[0m SKIP tension=[1;36m0.49612608[0m [0m| wall_not_collapsed
[BETA_X5] mode=OFF radar_adj=0 mom= conf=0
[BETA_X5] [1;36m17:57:59[0m [1;33mx3[0m [1;36m#285[0m SKIP tension=[1;36m0.00001156[0m [0m| momentum_too_small [1;31mconf=0.0[0m
[BETA_X5] mode=OFF radar_adj=0 mom= conf=0
[ALPHA_X13_BURST13] [BARRIER_TIMEOUT] BETA en retard, ouverture forcée de la barrière au cycle 114
[ALPHA_X13_BURST13] mode=OFF radar_adj=0 mom= conf=0
[BETA_X5] [1;36m17:58:06[0m [1;33mx3[0m [1;36m#286[0m SKIP tension=[1;36m0.01150456[0m [0m| direction_unclear [1;31mconf=0.0185[0m
[ALPHA_X13_BURST13] [1;36m17:58:09[0m [1;32mx13[0m [1;36m#114[0m SKIP tension=[1;36m0.00006353[0m [0m| momentum_too_small [1;31mconf=0.0001[0m
[BETA_X5] mode=OFF radar_adj=0 mom= conf=0
[BETA_X5] [1;36m17:58:14[0m [1;33mx3[0m [1;36m#287[0m SKIP tension=[1;36m0.00028510[0m [0m| momentum_too_small [1;31mconf=0.0005[0m
[BETA_X5] mode=OFF radar_adj=0 mom= conf=0
[BETA_X5] [1;36m17:58:22[0m [1;33mx3[0m [1;36m#288[0m SKIP tension=[1;36m0.00001444[0m [0m| momentum_too_small [1;31mconf=0.0[0m
[BETA_X5] mode=OFF radar_adj=0 mom= conf=0
[ALPHA_X13_BURST13] [BARRIER_TIMEOUT] BETA en retard, ouverture forcée de la barrière au cycle 115
[ALPHA_X13_BURST13] mode=OFF radar_adj=0 mom= conf=0
[ALPHA_X13_BURST13] [1;36m17:58:34[0m [1;32mx13[0m [1;36m#115[0m SKIP tension=[1;31m2.11105331[0m [0m| duo no_trigger
[BETA_X5] [1;36mCycle 289[0m [1;32mSOFT anomaly[0m [1;33m| pnl_abs=0.02660000 > 0.02500000[0m
[BETA_X5] [1;36mentry=17:58:33@62007.50000000[0m [1;33mx3[0m [1;36m#289[0m [1;32mSELL[0m tension=[1;32m1.08880035[0m hold=[1;36m5[0ms sec=[1;36m5[0m [0m| exit=62004.70000000 [1;32mconf=0.9607[0m [1;36mexit_time=17:58:38[0m [1;32mpnl=0.02660000 bps=0.45155828 pct=0.00451558% total=4.64968[0m
[BETA_X5] mode=OFF radar_adj=0 mom= conf=0
[BETA_X5] [1;36m17:58:47[0m [1;33mx3[0m [1;36m#290[0m SKIP tension=[1;36m0.00000000[0m [0m| momentum_too_small [1;31mconf=0.3352[0m
[BETA_X5] mode=OFF radar_adj=0 mom= conf=0
[ALPHA_X13_BURST13] [BARRIER_TIMEOUT] BETA en retard, ouverture forcée de la barrière au cycle 116
[ALPHA_X13_BURST13] mode=OFF radar_adj=0 mom= conf=0
[BETA_X5] [1;36m17:58:55[0m [1;33mx3[0m [1;36m#291[0m SKIP tension=[1;33m0.98300108[0m [0m| wall_not_collapsed
[BETA_X5] mode=OFF radar_adj=0 mom= conf=0
[ALPHA_X13_BURST13] [1;36m17:58:59[0m [1;32mx13[0m [1;36m#116[0m SKIP tension=[1;36m0.20229889[0m [0m| wall_not_collapsed
[BETA_X5] [1;36m17:59:02[0m [1;33mx3[0m [1;36m#292[0m SKIP tension=[1;36m0.39099903[0m [0m| wall_not_collapsed
[BETA_X5] mode=OFF radar_adj=0 mom= conf=0
[BETA_X5] [1;36m17:59:10[0m [1;33mx3[0m [1;36m#293[0m SKIP tension=[1;36m0.00001500[0m [0m| momentum_too_small [1;31mconf=0.0[0m
[BETA_X5] mode=OFF radar_adj=0 mom= conf=0
[ALPHA_X13_BURST13] [BARRIER_TIMEOUT] BETA en retard, ouverture forcée de la barrière au cycle 117
[ALPHA_X13_BURST13] mode=OFF radar_adj=0 mom= conf=0
[ALPHA_X13_BURST13] [1;36m17:59:24[0m [1;32mx13[0m [1;36m#117[0m SKIP tension=[1;36m0.17315243[0m [0m| direction_unclear [1;31mconf=0.2531[0m
[BETA_X5] [1;36mCycle 294[0m [1;32mSOFT anomaly[0m [1;33m| pnl_abs=0.05472000 > 0.02500000[0m
[BETA_X5] [1;36mentry=17:59:22@62000.00000000[0m [1;33mx3[0m [1;36m#294[0m [1;31mSELL[0m tension=[1;32m1.39764146[0m hold=[1;36m5[0ms sec=[1;36m5[0m [0m| exit=62011.40000000 [1;32mconf=0.8811[0m [1;36mexit_time=17:59:28[0m [1;31mpnl=-0.05472000 bps=-1.83870968 pct=-0.01838710% total=4.59496[0m
[BETA_X5] mode=OFF radar_adj=0 mom= conf=0
[BETA_X5] [1;36m17:59:37[0m [1;33mx3[0m [1;36m#295[0m SKIP tension=[1;36m0.70114681[0m [0m| wall_not_collapsed
[BETA_X5] mode=OFF radar_adj=0 mom= conf=0
[ALPHA_X13_BURST13] [BARRIER_TIMEOUT] BETA en retard, ouverture forcée de la barrière au cycle 118
[ALPHA_X13_BURST13] mode=OFF radar_adj=0 mom= conf=0
[BETA_X5] [1;36m17:59:44[0m [1;33mx3[0m [1;36m#296[0m SKIP tension=[1;36m0.39934609[0m [0m| wall_not_collapsed
[BETA_X5] mode=OFF radar_adj=0 mom= conf=0
[BETA_X5] [1;36m17:59:52[0m [1;33mx3[0m [1;36m#297[0m SKIP tension=[1;36m0.63768501[0m [0m| wall_not_collapsed
[BETA_X5] mode=OFF radar_adj=0 mom= conf=0
[ALPHA_X13_BURST13] [1;36mCycle 118[0m [1;32mSOFT anomaly[0m [1;33m| pnl_abs=4.68280000 > 0.02500000[0m
[ALPHA_X13_BURST13] [1;36mentry=17:59:52@61986.20000000[0m [1;32mx13[0m [1;36m#118[0m [1;31mBUY[0m tension=[1;32m1.94140405[0m hold=[1;36m6[0ms sec=[1;36m6[0m [0m| exit=61963.20000000 [1;33mconf=0.746[0m [1;36mexit_time=17:59:58[0m [1;31mpnl=-4.68280000 bps=-3.71050331 pct=-0.03710503% total=-0.08784000000000014[0m
[BETA_X5] [1;36mentry=18:00:02@61963.20000000[0m [1;33mx3[0m [1;36m#298[0m [1;32mSELL[0m tension=[1;32m1.35068663[0m hold=[1;36m5[0ms sec=[1;36m5[0m [0m| exit=61963.10000000 [1;33mconf=0.5122[0m [1;36mexit_time=18:00:08[0m [1;32mpnl=0.00033000 bps=0.01613861 pct=0.00016139% total=-0.0875100000000002[0m
[BETA_X5] mode=OFF radar_adj=0 mom= conf=0
[ALPHA_X13_BURST13] [BARRIER_TIMEOUT] BETA en retard, ouverture forcée de la barrière au cycle 119
[BETA_X5] [1;36m18:00:18[0m [1;33mx3[0m [1;36m#299[0m SKIP [0m| Mode Écoute: spread=6.33870000 volat=121.70121672 (attente froid)
[ALPHA_X13_BURST13] mode=OFF radar_adj=0 mom= conf=0
[BETA_X5] mode=OFF radar_adj=0 mom= conf=0
[ALPHA_X13_BURST13] [1;36m18:00:24[0m [1;32mx13[0m [1;36m#119[0m SKIP tension=[1;36m0.00022436[0m [0m| momentum_too_small [1;31mconf=0.0002[0m
[BETA_X5] [1;36m18:00:26[0m [1;33mx3[0m [1;36m#300[0m SKIP tension=[1;36m0.01290593[0m [0m| spread_too_wide [1;31mconf=0.0108[0m
[BETA_X5] mode=OFF radar_adj=0 mom= conf=0
[BETA_X5] [1;36m18:00:34[0m [1;33mx3[0m [1;36m#301[0m SKIP tension=[1;32m1.80887590[0m [0m| spread_too_wide [1;33mconf=0.5[0m
[BETA_X5] mode=OFF radar_adj=0 mom= conf=0
[ALPHA_X13_BURST13] [BARRIER_TIMEOUT] BETA en retard, ouverture forcée de la barrière au cycle 120
[BETA_X5] [1;36m18:00:42[0m [1;33mx3[0m [1;36m#302[0m SKIP tension=[1;36m0.00001109[0m [0m| momentum_too_small [1;31mconf=0.0[0m
[ALPHA_X13_BURST13] mode=OFF radar_adj=0 mom= conf=0
[BETA_X5] mode=OFF radar_adj=0 mom= conf=0
[ALPHA_X13_BURST13] [1;36m18:00:48[0m [1;32mx13[0m [1;36m#120[0m SKIP tension=[1;36m0.00000000[0m [0m| spread_too_wide [1;31mconf=0.0[0m
[BETA_X5] [1;36m18:00:51[0m [1;33mx3[0m [1;36m#303[0m SKIP tension=[1;36m0.00072388[0m [0m| spread_too_wide [1;31mconf=0.0006[0m
[BETA_X5] mode=OFF radar_adj=0 mom= conf=0
[BETA_X5] [1;36m18:00:58[0m [1;33mx3[0m [1;36m#304[0m SKIP tension=[1;36m0.00001508[0m [0m| spread_too_wide [1;31mconf=0.0[0m
[BETA_X5] mode=OFF radar_adj=0 mom= conf=0
[ALPHA_X13_BURST13] [BARRIER_TIMEOUT] BETA en retard, ouverture forcée de la barrière au cycle 121
[ALPHA_X13_BURST13] mode=OFF radar_adj=0 mom= conf=0
[ALPHA_X13_BURST13] [1;36m18:01:12[0m [1;32mx13[0m [1;36m#121[0m SKIP tension=[1;36m0.00005688[0m [0m| momentum_too_small [1;31mconf=0.0001[0m
[BETA_X5] [1;36mCycle 305[0m [1;32mSOFT anomaly[0m [1;33m| pnl_abs=0.15840000 > 0.02500000[0m
[BETA_X5] [1;36mentry=18:01:09@61952.00000000[0m [1;33mx3[0m [1;36m#305[0m [1;31mSELL[0m tension=[1;31m3.95724147[0m hold=[1;36m10[0ms sec=[1;36m10[0m [0m| exit=62000.00000000 [1;33mconf=0.5696[0m [1;36mexit_time=18:01:19[0m [1;31mpnl=-0.15840000 bps=-7.74793388 pct=-0.07747934% total=-0.2459100000000003[0m
[BETA_X5] mode=OFF radar_adj=0 mom= conf=0
[ALPHA_X13_BURST13] [BARRIER_TIMEOUT] BETA en retard, ouverture forcée de la barrière au cycle 122
[ALPHA_X13_BURST13] mode=OFF radar_adj=0 mom= conf=0
[BETA_X5] [1;36m18:01:34[0m [1;33mx3[0m [1;36m#306[0m SKIP tension=[1;36m0.00009515[0m [0m| momentum_too_small [1;31mconf=0.0001[0m
[BETA_X5] mode=OFF radar_adj=0 mom= conf=0
[ALPHA_X13_BURST13] [1;36m18:01:38[0m [1;32mx13[0m [1;36m#122[0m SKIP tension=[1;36m0.00001367[0m [0m| momentum_too_small [1;31mconf=0.0[0m
[BETA_X5] [1;36m18:01:43[0m [1;33mx3[0m [1;36m#307[0m SKIP tension=[1;36m0.00000000[0m [0m| momentum_too_small [1;31mconf=0.3094[0m
[BETA_X5] mode=OFF radar_adj=0 mom= conf=0
[BETA_X5] [1;36m18:01:51[0m [1;33mx3[0m [1;36m#308[0m SKIP tension=[1;36m0.00000000[0m [0m| momentum_too_small [1;31mconf=0.3094[0m
[BETA_X5] mode=OFF radar_adj=0 mom= conf=0
[ALPHA_X13_BURST13] [BARRIER_TIMEOUT] BETA en retard, ouverture forcée de la barrière au cycle 123
[ALPHA_X13_BURST13] mode=OFF radar_adj=0 mom= conf=0
[BETA_X5] [1;36m18:01:58[0m [1;33mx3[0m [1;36m#309[0m SKIP tension=[1;36m0.03865921[0m [0m| direction_unclear [1;31mconf=0.0553[0m
[BETA_X5] mode=OFF radar_adj=0 mom= conf=0
[ALPHA_X13_BURST13] [1;36m18:02:03[0m [1;32mx13[0m [1;36m#123[0m SKIP [0m| Mode Écoute: spread=2.41900000 volat=29.98435781 (attente froid)
[BETA_X5] [1;36mentry=18:02:11@61999.60000000[0m [1;33mx3[0m [1;36m#310[0m [1;31mSELL[0m tension=[1;31m6.12535780[0m hold=[1;36m9[0ms sec=[1;36m9[0m [0m| exit=62000.00000000 [1;32mconf=0.8841[0m [1;36mexit_time=18:02:20[0m [1;31mpnl=-0.00192000 bps=-0.06451655 pct=-0.00064517% total=-0.24783000000000022[0m
[ALPHA_X13_BURST13] [BARRIER_TIMEOUT] BETA en retard, ouverture forcée de la barrière au cycle 124
[ALPHA_X13_BURST13] mode=OFF radar_adj=0 mom= conf=0
[BETA_X5] mode=OFF radar_adj=0 mom= conf=0
[ALPHA_X13_BURST13] [1;36m18:02:29[0m [1;32mx13[0m [1;36m#124[0m SKIP tension=[1;36m0.00580099[0m [0m| momentum_too_small [1;31mconf=0.0085[0m
[BETA_X5] [1;36m18:02:30[0m [1;33mx3[0m [1;36m#311[0m SKIP tension=[1;36m0.00000000[0m [0m| momentum_too_small [1;31mconf=0.3094[0m
[BETA_X5] mode=OFF radar_adj=0 mom= conf=0
[BETA_X5] [1;36m18:02:38[0m [1;33mx3[0m [1;36m#312[0m SKIP tension=[1;36m0.03159871[0m [0m| direction_unclear [1;31mconf=0.0474[0m
[BETA_X5] mode=OFF radar_adj=0 mom= conf=0
[ALPHA_X13_BURST13] [BARRIER_TIMEOUT] BETA en retard, ouverture forcée de la barrière au cycle 125
[ALPHA_X13_BURST13] mode=OFF radar_adj=0 mom= conf=0
[ALPHA_X13_BURST13] [1;36m18:02:55[0m [1;32mx13[0m [1;36m#125[0m SKIP tension=[1;36m0.07370581[0m [0m| direction_unclear [1;31mconf=0.1086[0m
[BETA_X5] [1;36mCycle 313[0m [1;32mSOFT anomaly[0m [1;33m| pnl_abs=0.05520000 > 0.02500000[0m
[BETA_X5] [1;36mentry=18:02:51@62011.50000000[0m [1;33mx3[0m [1;36m#313[0m [1;32mSELL[0m tension=[1;31m9.57890635[0m hold=[1;36m10[0ms sec=[1;36m10[0m [0m| exit=62000.00000000 [1;32mconf=0.8992[0m [1;36mexit_time=18:03:01[0m [1;32mpnl=0.05520000 bps=1.85449473 pct=0.01854495% total=-0.1926300000000003[0m
[BETA_X5] mode=OFF radar_adj=0 mom= conf=0
[BETA_X5] [1;36m18:03:12[0m [1;33mx3[0m [1;36m#314[0m SKIP tension=[1;36m0.07267363[0m [0m| direction_unclear [1;31mconf=0.1071[0m
[ALPHA_X13_BURST13] [BARRIER_TIMEOUT] BETA en retard, ouverture forcée de la barrière au cycle 126
[BETA_X5] mode=OFF radar_adj=0 mom= conf=0
[ALPHA_X13_BURST13] mode=OFF radar_adj=0 mom= conf=0
[BETA_X5] [1;36m18:03:20[0m [1;33mx3[0m [1;36m#315[0m SKIP tension=[1;36m0.00156170[0m [0m| momentum_too_small [1;31mconf=0.0023[0m
[ALPHA_X13_BURST13] [1;36m18:03:21[0m [1;32mx13[0m [1;36m#126[0m SKIP tension=[1;36m0.00218638[0m [0m| momentum_too_small [1;31mconf=0.0032[0m
[BETA_X5] mode=OFF radar_adj=0 mom= conf=0
[BETA_X5] [1;36m18:03:28[0m [1;33mx3[0m [1;36m#316[0m SKIP tension=[1;36m0.18543414[0m [0m| direction_unclear [1;31mconf=0.2732[0m
[BETA_X5] mode=OFF radar_adj=0 mom= conf=0
[BETA_X5] [1;36m18:03:36[0m [1;33mx3[0m [1;36m#317[0m SKIP tension=[1;36m0.00014380[0m [0m| momentum_too_small [1;31mconf=0.0002[0m
[BETA_X5] mode=OFF radar_adj=0 mom= conf=0
[ALPHA_X13_BURST13] [BARRIER_TIMEOUT] BETA en retard, ouverture forcée de la barrière au cycle 127
[ALPHA_X13_BURST13] mode=OFF radar_adj=0 mom= conf=0
[ALPHA_X13_BURST13] [1;36m18:03:46[0m [1;32mx13[0m [1;36m#127[0m SKIP tension=[1;36m0.00001694[0m [0m| momentum_too_small [1;31mconf=0.0[0m
[BETA_X5] [1;36mentry=18:03:49@62000.00000000[0m [1;33mx3[0m [1;36m#318[0m [1;33mSELL[0m tension=[1;31m3.35951565[0m hold=[1;36m7[0ms sec=[1;36m7[0m [0m| exit=62000.00000000 [1;32mconf=0.8841[0m [1;36mexit_time=18:03:56[0m [1;33mpnl=-0.00000000 bps=-0.00000000 pct=-0.00000000% total=-0.1926300000000003[0m
[BETA_X5] mode=OFF radar_adj=0 mom= conf=0
[ALPHA_X13_BURST13] [BARRIER_TIMEOUT] BETA en retard, ouverture forcée de la barrière au cycle 128
[ALPHA_X13_BURST13] mode=OFF radar_adj=0 mom= conf=0
[ALPHA_X13_BURST13] [1;36m18:04:12[0m [1;32mx13[0m [1;36m#128[0m SKIP tension=[1;31m7.96132413[0m [0m| duo no_trigger
[BETA_X5] [1;36mCycle 319[0m [1;32mSOFT anomaly[0m [1;33m| pnl_abs=0.05520000 > 0.02500000[0m
[BETA_X5] [1;36mentry=18:04:11@62000.00000000[0m [1;33mx3[0m [1;36m#319[0m [1;31mSELL[0m tension=[1;31m3.36121790[0m hold=[1;36m6[0ms sec=[1;36m6[0m [0m| exit=62011.50000000 [1;32mconf=0.8841[0m [1;36mexit_time=18:04:17[0m [1;31mpnl=-0.05520000 bps=-1.85483871 pct=-0.01854839% total=-0.24783000000000022[0m
[BETA_X5] mode=OFF radar_adj=0 mom= conf=0
[BETA_X5] [1;36m18:04:27[0m [1;33mx3[0m [1;36m#320[0m SKIP tension=[1;36m0.00004665[0m [0m| momentum_too_small [1;31mconf=0.0001[0m
[BETA_X5] mode=OFF radar_adj=0 mom= conf=0
[ALPHA_X13_BURST13] [BARRIER_TIMEOUT] BETA en retard, ouverture forcée de la barrière au cycle 129
[ALPHA_X13_BURST13] mode=OFF radar_adj=0 mom= conf=0
[BETA_X5] [1;36m18:04:34[0m [1;33mx3[0m [1;36m#321[0m SKIP tension=[1;36m0.00000000[0m [0m| momentum_too_small [1;31mconf=0.3094[0m
[BETA_X5] mode=OFF radar_adj=0 mom= conf=0
[BETA_X5] [1;36m18:04:42[0m [1;33mx3[0m [1;36m#322[0m SKIP tension=[1;36m0.00097897[0m [0m| momentum_too_small [1;31mconf=0.0015[0m
[BETA_X5] mode=OFF radar_adj=0 mom= conf=0
[ALPHA_X13_BURST13] [1;36mentry=18:04:41@62000.00000000[0m [1;32mx13[0m [1;36m#129[0m [1;33mBUY[0m tension=[1;31m3.93110394[0m hold=[1;36m7[0ms sec=[1;36m7[0m [0m| exit=62000.00000000 [1;32mconf=0.8841[0m [1;36mexit_time=18:04:48[0m [1;33mpnl=0.00000000 bps=0.00000000 pct=0.00000000% total=-0.24783000000000022[0m
[BETA_X5] [1;36m18:04:51[0m [1;33mx3[0m [1;36m#323[0m SKIP tension=[1;36m0.05530561[0m [0m| direction_unclear [1;31mconf=0.0899[0m
[BETA_X5] mode=OFF radar_adj=0 mom= conf=0
[ALPHA_X13_BURST13] [BARRIER_TIMEOUT] BETA en retard, ouverture forcée de la barrière au cycle 130
[ALPHA_X13_BURST13] mode=OFF radar_adj=0 mom= conf=0
[ALPHA_X13_BURST13] [1;36m18:05:15[0m [1;32mx13[0m [1;36m#130[0m SKIP tension=[1;36m0.00029058[0m [0m| momentum_too_small [1;31mconf=0.0004[0m
[BETA_X5] [1;36mCycle 324[0m [1;32mSOFT anomaly[0m [1;33m| pnl_abs=0.03120000 > 0.02500000[0m
[BETA_X5] [1;36mentry=18:05:04@62006.50000000[0m [1;33mx3[0m [1;36m#324[0m [1;32mSELL[0m tension=[1;31m4.15036676[0m hold=[1;36m11[0ms sec=[1;36m11[0m [0m| exit=62000.00000000 [1;32mconf=0.8841[0m [1;36mexit_time=18:05:15[0m [1;32mpnl=0.03120000 bps=1.04827720 pct=0.01048277% total=-0.21663000000000032[0m
[BETA_X5] mode=OFF radar_adj=0 mom= conf=0
[BETA_X5] [1;36m18:05:25[0m [1;33mx3[0m [1;36m#325[0m SKIP tension=[1;36m0.00009823[0m [0m| momentum_too_small [1;31mconf=0.0002[0m
[BETA_X5] mode=OFF radar_adj=0 mom= conf=0
[ALPHA_X13_BURST13] [BARRIER_TIMEOUT] BETA en retard, ouverture forcée de la barrière au cycle 131
[ALPHA_X13_BURST13] mode=OFF radar_adj=0 mom= conf=0
[BETA_X5] [1;36m18:05:38[0m [1;33mx3[0m [1;36m#326[0m SKIP tension=[1;36m0.00002813[0m [0m| momentum_too_small [1;31mconf=0.0[0m
[ALPHA_X13_BURST13] [1;36m18:05:40[0m [1;32mx13[0m [1;36m#131[0m SKIP tension=[1;36m0.00000000[0m [0m| momentum_too_small [1;31mconf=0.3458[0m
[BETA_X5] mode=OFF radar_adj=0 mom= conf=0
[BETA_X5] [1;36m18:05:50[0m [1;33mx3[0m [1;36m#327[0m SKIP [0m| Mode Écoute: spread=0.35480000 volat=16.12749750 (attente froid)
[BETA_X5] mode=OFF radar_adj=0 mom= conf=0
[ALPHA_X13_BURST13] [BARRIER_TIMEOUT] BETA en retard, ouverture forcée de la barrière au cycle 132
[ALPHA_X13_BURST13] mode=OFF radar_adj=0 mom= conf=0
[ALPHA_X13_BURST13] [1;36m18:06:06[0m [1;32mx13[0m [1;36m#132[0m SKIP tension=[1;36m0.42139263[0m [0m| wall_not_collapsed
[BETA_X5] [1;36mentry=18:06:04@62013.20000000[0m [1;33mx3[0m [1;36m#328[0m [1;31mSELL[0m tension=[1;32m1.82239317[0m hold=[1;36m12[0ms sec=[1;36m12[0m [0m| exit=62017.90000000 [1;32mconf=0.9778[0m [1;36mexit_time=18:06:16[0m [1;31mpnl=-0.02256000 bps=-0.75790316 pct=-0.00757903% total=-0.23919000000000024[0m
[BETA_X5] mode=OFF radar_adj=0 mom= conf=0
[ALPHA_X13_BURST13] [BARRIER_TIMEOUT] BETA en retard, ouverture forcée de la barrière au cycle 133
[ALPHA_X13_BURST13] mode=OFF radar_adj=0 mom= conf=0
[BETA_X5] [1;36m18:06:27[0m [1;33mx3[0m [1;36m#329[0m SKIP tension=[1;36m0.00004539[0m [0m| momentum_too_small [1;31mconf=0.0001[0m
[BETA_X5] mode=OFF radar_adj=0 mom= conf=0
[ALPHA_X13_BURST13] [1;36m18:06:32[0m [1;32mx13[0m [1;36m#133[0m SKIP tension=[1;36m0.33251547[0m [0m| wall_not_collapsed
[BETA_X5] [1;36m18:06:36[0m [1;33mx3[0m [1;36m#330[0m SKIP tension=[1;36m0.79138133[0m [0m| wall_not_collapsed
[BETA_X5] mode=OFF radar_adj=0 mom= conf=0
[BETA_X5] [1;36m18:06:44[0m [1;33mx3[0m [1;36m#331[0m SKIP tension=[1;36m0.18475447[0m [0m| direction_unclear [1;31mconf=0.3036[0m
[BETA_X5] mode=OFF radar_adj=0 mom= conf=0
[ALPHA_X13_BURST13] [BARRIER_TIMEOUT] BETA en retard, ouverture forcée de la barrière au cycle 134
[BETA_X5] [1;36m18:06:52[0m [1;33mx3[0m [1;36m#332[0m SKIP tension=[1;36m0.00047572[0m [0m| momentum_too_small [1;31mconf=0.0008[0m
[ALPHA_X13_BURST13] mode=OFF radar_adj=0 mom= conf=0
[BETA_X5] mode=OFF radar_adj=0 mom= conf=0
[ALPHA_X13_BURST13] [1;36m18:06:58[0m [1;32mx13[0m [1;36m#134[0m SKIP tension=[1;36m0.00000000[0m [0m| momentum_too_small [1;31mconf=0.3412[0m
[BETA_X5] [1;36m18:07:00[0m [1;33mx3[0m [1;36m#333[0m SKIP tension=[1;36m0.00042169[0m [0m| momentum_too_small [1;31mconf=0.0007[0m
[BETA_X5] mode=OFF radar_adj=0 mom= conf=0
[ALPHA_X13_BURST13] [BARRIER_TIMEOUT] BETA en retard, ouverture forcée de la barrière au cycle 135
[ALPHA_X13_BURST13] mode=OFF radar_adj=0 mom= conf=0
[BETA_X5] [1;36mCycle 334[0m [1;32mSOFT anomaly[0m [1;33m| pnl_abs=0.05040000 > 0.02500000[0m
[BETA_X5] [1;36mentry=18:07:13@62009.80000000[0m [1;33mx3[0m [1;36m#334[0m [1;31mSELL[0m tension=[1;31m5.13551254[0m hold=[1;36m5[0ms sec=[1;36m5[0m [0m| exit=62020.30000000 [1;32mconf=0.9859[0m [1;36mexit_time=18:07:19[0m [1;31mpnl=-0.05040000 bps=-1.69328074 pct=-0.01693281% total=-0.28959000000000024[0m
[BETA_X5] mode=OFF radar_adj=0 mom= conf=0
[ALPHA_X13_BURST13] [1;36m18:07:24[0m [1;32mx13[0m [1;36m#135[0m SKIP tension=[1;36m0.00000000[0m [0m| momentum_too_small [1;31mconf=0.3451[0m
[BETA_X5] [1;36m18:07:29[0m [1;33mx3[0m [1;36m#335[0m SKIP tension=[1;36m0.00773975[0m [0m| momentum_too_small [1;31mconf=0.0127[0m
[BETA_X5] mode=OFF radar_adj=0 mom= conf=0
[BETA_X5] [1;36m18:07:37[0m [1;33mx3[0m [1;36m#336[0m SKIP tension=[1;36m0.00014809[0m [0m| momentum_too_small [1;31mconf=0.0002[0m
[BETA_X5] mode=OFF radar_adj=0 mom= conf=0
[ALPHA_X13_BURST13] [BARRIER_TIMEOUT] BETA en retard, ouverture forcée de la barrière au cycle 136
[ALPHA_X13_BURST13] mode=OFF radar_adj=0 mom= conf=0
[BETA_X5] [1;36mentry=18:07:49@62021.70000000[0m [1;33mx3[0m [1;36m#337[0m [1;32mSELL[0m tension=[1;31m3.78823112[0m hold=[1;36m6[0ms sec=[1;36m6[0m [0m| exit=62020.30000000 [1;32mconf=0.9859[0m [1;36mexit_time=18:07:55[0m [1;32mpnl=0.00672000 bps=0.22572745 pct=0.00225727% total=-0.2828700000000003[0m
[BETA_X5] mode=OFF radar_adj=0 mom= conf=0
[ALPHA_X13_BURST13] [1;36mentry=18:07:55@62021.70000000[0m [1;32mx13[0m [1;36m#136[0m [1;33mBUY[0m tension=[1;31m2.16988618[0m hold=[1;36m6[0ms sec=[1;36m6[0m [0m| exit=62021.70000000 [1;32mconf=0.9859[0m [1;36mexit_time=18:08:01[0m [1;33mpnl=0.00000000 bps=0.00000000 pct=0.00000000% total=-0.2828700000000003[0m
[BETA_X5] [1;36m18:08:05[0m [1;33mx3[0m [1;36m#338[0m SKIP tension=[1;36m0.00458095[0m [0m| momentum_too_small [1;31mconf=0.0075[0m
[BETA_X5] mode=OFF radar_adj=0 mom= conf=0
[BETA_X5] [1;36m18:08:12[0m [1;33mx3[0m [1;36m#339[0m SKIP tension=[1;36m0.00157704[0m [0m| momentum_too_small [1;31mconf=0.0026[0m
[BETA_X5] mode=OFF radar_adj=0 mom= conf=0
[BETA_X5] [1;36m18:08:20[0m [1;33mx3[0m [1;36m#340[0m SKIP tension=[1;36m0.00013258[0m [0m| momentum_too_small [1;31mconf=0.0002[0m
[ALPHA_X13_BURST13] [BARRIER_TIMEOUT] BETA en retard, ouverture forcée de la barrière au cycle 137
[ALPHA_X13_BURST13] mode=OFF radar_adj=0 mom= conf=0
[BETA_X5] mode=OFF radar_adj=0 mom= conf=0
[ALPHA_X13_BURST13] [1;36m18:08:28[0m [1;32mx13[0m [1;36m#137[0m SKIP tension=[1;36m0.00000000[0m [0m| momentum_too_small [1;31mconf=0.3059[0m
[BETA_X5] [1;36m18:08:33[0m [1;33mx3[0m [1;36m#341[0m SKIP tension=[1;36m0.00000000[0m [0m| momentum_too_small [1;31mconf=0.2858[0m
[BETA_X5] mode=OFF radar_adj=0 mom= conf=0
[BETA_X5] [1;36m18:08:41[0m [1;33mx3[0m [1;36m#342[0m SKIP tension=[1;36m0.00000000[0m [0m| momentum_too_small [1;31mconf=0.3175[0m
[BETA_X5] mode=OFF radar_adj=0 mom= conf=0
[ALPHA_X13_BURST13] [BARRIER_TIMEOUT] BETA en retard, ouverture forcée de la barrière au cycle 138
[ALPHA_X13_BURST13] mode=OFF radar_adj=0 mom= conf=0
[BETA_X5] [1;36m18:08:48[0m [1;33mx3[0m [1;36m#343[0m SKIP tension=[1;36m0.00000000[0m [0m| momentum_too_small [1;31mconf=0.3475[0m
[BETA_X5] mode=OFF radar_adj=0 mom= conf=0
[ALPHA_X13_BURST13] [1;36m18:08:54[0m [1;32mx13[0m [1;36m#138[0m SKIP tension=[1;36m0.01214151[0m [0m| direction_unclear [1;31mconf=0.02[0m
[BETA_X5] [1;36mentry=18:09:01@62002.30000000[0m [1;33mx3[0m [1;36m#344[0m [1;32mSELL[0m tension=[1;31m2.21708561[0m hold=[1;36m6[0ms sec=[1;36m6[0m [0m| exit=62001.60000000 [1;32mconf=0.999[0m [1;36mexit_time=18:09:07[0m [1;32mpnl=0.00336000 bps=0.11289904 pct=0.00112899% total=-0.27951000000000026[0m
[ALPHA_X13_BURST13] [BARRIER_TIMEOUT] BETA en retard, ouverture forcée de la barrière au cycle 139
[BETA_X5] mode=OFF radar_adj=0 mom= conf=0
[ALPHA_X13_BURST13] mode=OFF radar_adj=0 mom= conf=0
[BETA_X5] [1;36m18:09:17[0m [1;33mx3[0m [1;36m#345[0m SKIP tension=[1;36m0.03415916[0m [0m| direction_unclear [1;31mconf=0.0568[0m
[ALPHA_X13_BURST13] [1;36m18:09:18[0m [1;32mx13[0m [1;36m#139[0m SKIP tension=[1;36m0.00000000[0m [0m| momentum_too_small [1;31mconf=0.332[0m
[BETA_X5] mode=OFF radar_adj=0 mom= conf=0
[BETA_X5] [1;36m18:09:24[0m [1;33mx3[0m [1;36m#346[0m SKIP tension=[1;36m0.00005047[0m [0m| momentum_too_small [1;31mconf=0.0001[0m
[BETA_X5] mode=OFF radar_adj=0 mom= conf=0
[BETA_X5] [1;36m18:09:32[0m [1;33mx3[0m [1;36m#347[0m SKIP tension=[1;36m0.00078925[0m [0m| momentum_too_small [1;31mconf=0.0012[0m
[BETA_X5] mode=OFF radar_adj=0 mom= conf=0
[ALPHA_X13_BURST13] [BARRIER_TIMEOUT] BETA en retard, ouverture forcée de la barrière au cycle 140
[ALPHA_X13_BURST13] mode=OFF radar_adj=0 mom= conf=0
[BETA_X5] [1;36m18:09:40[0m [1;33mx3[0m [1;36m#348[0m SKIP tension=[1;36m0.33939852[0m [0m| wall_not_collapsed
[BETA_X5] mode=OFF radar_adj=0 mom= conf=0
[ALPHA_X13_BURST13] [1;36m18:09:44[0m [1;32mx13[0m [1;36m#140[0m SKIP tension=[1;31m5.22640422[0m [0m| duo no_trigger
[BETA_X5] [1;36m18:09:48[0m [1;33mx3[0m [1;36m#349[0m SKIP tension=[1;36m0.01656908[0m [0m| direction_unclear [1;31mconf=0.0257[0m
[BETA_X5] mode=OFF radar_adj=0 mom= conf=0
[ALPHA_X13_BURST13] [BARRIER_TIMEOUT] BETA en retard, ouverture forcée de la barrière au cycle 141
[ALPHA_X13_BURST13] mode=OFF radar_adj=0 mom= conf=0
[BETA_X5] [1;36mCycle 350[0m [1;32mSOFT anomaly[0m [1;33m| pnl_abs=0.08784000 > 0.02500000[0m
[BETA_X5] [1;36mentry=18:10:00@61975.00000000[0m [1;33mx3[0m [1;36m#350[0m [1;32mSELL[0m tension=[1;32m1.21044567[0m hold=[1;36m6[0ms sec=[1;36m6[0m [0m| exit=61956.70000000 [1;32mconf=0.999[0m [1;36mexit_time=18:10:07[0m [1;32mpnl=0.08784000 bps=2.95280355 pct=0.02952804% total=-0.19167000000000023[0m
[ALPHA_X13_BURST13] [1;36m18:10:09[0m [1;32mx13[0m [1;36m#141[0m SKIP tension=[1;36m0.00278883[0m [0m| momentum_too_small [1;31mconf=0.0046[0m
[BETA_X5] mode=OFF radar_adj=0 mom= conf=0
[BETA_X5] [1;36m18:10:16[0m [1;33mx3[0m [1;36m#351[0m SKIP tension=[1;36m0.00001737[0m [0m| momentum_too_small [1;31mconf=0.0[0m
[BETA_X5] mode=OFF radar_adj=0 mom= conf=0
[ALPHA_X13_BURST13] [BARRIER_TIMEOUT] BETA en retard, ouverture forcée de la barrière au cycle 142
[ALPHA_X13_BURST13] mode=OFF radar_adj=0 mom= conf=0
[ALPHA_X13_BURST13] [1;36m18:10:33[0m [1;32mx13[0m [1;36m#142[0m SKIP tension=[1;36m0.00001801[0m [0m| momentum_too_small [1;31mconf=0.0[0m
[BETA_X5] [1;36mentry=18:10:28@61953.60000000[0m [1;33mx3[0m [1;36m#352[0m [1;31mSELL[0m tension=[1;31m2.22671123[0m hold=[1;36m6[0ms sec=[1;36m6[0m [0m| exit=61956.80000000 [1;32mconf=0.9526[0m [1;36mexit_time=18:10:35[0m [1;31mpnl=-0.01536000 bps=-0.51651559 pct=-0.00516516% total=-0.20703000000000027[0m
[BETA_X5] mode=OFF radar_adj=0 mom= conf=0
[BETA_X5] [1;36m18:10:44[0m [1;33mx3[0m [1;36m#353[0m SKIP tension=[1;36m0.00016723[0m [0m| momentum_too_small [1;31mconf=0.0003[0m
[BETA_X5] mode=OFF radar_adj=0 mom= conf=0
[ALPHA_X13_BURST13] [BARRIER_TIMEOUT] BETA en retard, ouverture forcée de la barrière au cycle 143
[BETA_X5] [1;36m18:10:52[0m [1;33mx3[0m [1;36m#354[0m SKIP tension=[1;36m0.00024017[0m [0m| momentum_too_small [1;31mconf=0.0004[0m
[ALPHA_X13_BURST13] mode=OFF radar_adj=0 mom= conf=0
[BETA_X5] mode=OFF radar_adj=0 mom= conf=0
[ALPHA_X13_BURST13] [1;36m18:10:58[0m [1;32mx13[0m [1;36m#143[0m SKIP tension=[1;36m0.00090279[0m [0m| momentum_too_small [1;31mconf=0.0014[0m
[BETA_X5] [1;36m18:11:02[0m [1;33mx3[0m [1;36m#355[0m SKIP tension=[1;36m0.00090968[0m [0m| momentum_too_small [1;31mconf=0.0014[0m
[BETA_X5] mode=OFF radar_adj=0 mom= conf=0
[BETA_X5] [1;36m18:11:10[0m [1;33mx3[0m [1;36m#356[0m SKIP tension=[1;36m0.00000505[0m [0m| momentum_too_small [1;31mconf=0.0[0m
[BETA_X5] mode=OFF radar_adj=0 mom= conf=0
[ALPHA_X13_BURST13] [BARRIER_TIMEOUT] BETA en retard, ouverture forcée de la barrière au cycle 144
[ALPHA_X13_BURST13] mode=OFF radar_adj=0 mom= conf=0
[ALPHA_X13_BURST13] [1;36m18:11:23[0m [1;32mx13[0m [1;36m#144[0m SKIP tension=[1;36m0.00000873[0m [0m| momentum_too_small [1;31mconf=0.0[0m
[BETA_X5] [1;36mentry=18:11:22@61950.40000000[0m [1;33mx3[0m [1;36m#357[0m [1;32mSELL[0m tension=[1;31m4.74451208[0m hold=[1;36m11[0ms sec=[1;36m11[0m [0m| exit=61949.80000000 [1;32mconf=0.9314[0m [1;36mexit_time=18:11:33[0m [1;32mpnl=0.00288000 bps=0.09685167 pct=0.00096852% total=-0.20415000000000028[0m
[BETA_X5] mode=OFF radar_adj=0 mom= conf=0
[ALPHA_X13_BURST13] [BARRIER_TIMEOUT] BETA en retard, ouverture forcée de la barrière au cycle 145
[BETA_X5] [1;36m18:11:42[0m [1;33mx3[0m [1;36m#358[0m SKIP tension=[1;36m0.00008743[0m [0m| momentum_too_small [1;31mconf=0.0001[0m
[ALPHA_X13_BURST13] mode=OFF radar_adj=0 mom= conf=0
[BETA_X5] mode=OFF radar_adj=0 mom= conf=0
[ALPHA_X13_BURST13] [1;36m18:11:49[0m [1;32mx13[0m [1;36m#145[0m SKIP tension=[1;32m1.47734316[0m [0m| duo no_trigger
[BETA_X5] [1;36m18:11:55[0m [1;33mx3[0m [1;36m#359[0m SKIP tension=[1;36m0.00000000[0m [0m| momentum_too_small [1;31mconf=0.3175[0m
[BETA_X5] mode=OFF radar_adj=0 mom= conf=0
[BETA_X5] [1;36m18:12:04[0m [1;33mx3[0m [1;36m#360[0m SKIP tension=[1;36m0.08133358[0m [0m| direction_unclear [1;31mconf=0.1274[0m
[ALPHA_X13_BURST13] [BARRIER_TIMEOUT] BETA en retard, ouverture forcée de la barrière au cycle 146
[BETA_X5] mode=OFF radar_adj=0 mom= conf=0
[ALPHA_X13_BURST13] mode=OFF radar_adj=0 mom= conf=0
[BETA_X5] [1;36m18:12:13[0m [1;33mx3[0m [1;36m#361[0m SKIP tension=[1;36m0.00000000[0m [0m| momentum_too_small [1;31mconf=0.3016[0m
[ALPHA_X13_BURST13] [1;36m18:12:14[0m [1;32mx13[0m [1;36m#146[0m SKIP tension=[1;36m0.20247179[0m [0m| wall_not_collapsed
[BETA_X5] mode=OFF radar_adj=0 mom= conf=0
[BETA_X5] [1;36m18:12:21[0m [1;33mx3[0m [1;36m#362[0m SKIP tension=[1;36m0.00003453[0m [0m| momentum_too_small [1;31mconf=0.0001[0m
[BETA_X5] mode=OFF radar_adj=0 mom= conf=0
[BETA_X5] [1;36m18:12:29[0m [1;33mx3[0m [1;36m#363[0m SKIP tension=[1;36m0.00018338[0m [0m| momentum_too_small [1;31mconf=0.0003[0m
[BETA_X5] mode=OFF radar_adj=0 mom= conf=0
[ALPHA_X13_BURST13] [BARRIER_TIMEOUT] BETA en retard, ouverture forcée de la barrière au cycle 147
[ALPHA_X13_BURST13] mode=OFF radar_adj=0 mom= conf=0
[BETA_X5] [1;36m18:12:37[0m [1;33mx3[0m [1;36m#364[0m SKIP tension=[1;36m0.00006348[0m [0m| momentum_too_small [1;31mconf=0.0001[0m
[ALPHA_X13_BURST13] [1;36m18:12:39[0m [1;32mx13[0m [1;36m#147[0m SKIP tension=[1;36m0.00014812[0m [0m| momentum_too_small [1;31mconf=0.0002[0m
[BETA_X5] mode=OFF radar_adj=0 mom= conf=0
[BETA_X5] [1;36m18:12:45[0m [1;33mx3[0m [1;36m#365[0m SKIP tension=[1;36m0.00001620[0m [0m| momentum_too_small [1;31mconf=0.0[0m
[BETA_X5] mode=OFF radar_adj=0 mom= conf=0
[BETA_X5] [1;36m18:12:53[0m [1;33mx3[0m [1;36m#366[0m SKIP tension=[1;36m0.00571329[0m [0m| momentum_too_small [1;31mconf=0.0086[0m
[BETA_X5] mode=OFF radar_adj=0 mom= conf=0
[ALPHA_X13_BURST13] [BARRIER_TIMEOUT] BETA en retard, ouverture forcée de la barrière au cycle 148
[ALPHA_X13_BURST13] mode=OFF radar_adj=0 mom= conf=0
[BETA_X5] [1;36m18:13:01[0m [1;33mx3[0m [1;36m#367[0m SKIP tension=[1;36m0.00001991[0m [0m| momentum_too_small [1;31mconf=0.0[0m
[BETA_X5] mode=OFF radar_adj=0 mom= conf=0
[ALPHA_X13_BURST13] [1;36m18:13:04[0m [1;32mx13[0m [1;36m#148[0m SKIP tension=[1;36m0.00002655[0m [0m| momentum_too_small [1;31mconf=0.0[0m
[BETA_X5] [1;36m18:13:10[0m [1;33mx3[0m [1;36m#368[0m SKIP tension=[1;36m0.00010171[0m [0m| momentum_too_small [1;31mconf=0.0002[0m
[BETA_X5] mode=OFF radar_adj=0 mom= conf=0
[BETA_X5] [1;36m18:13:18[0m [1;33mx3[0m [1;36m#369[0m SKIP tension=[1;36m0.00145206[0m [0m| momentum_too_small [1;31mconf=0.0021[0m
[BETA_X5] mode=OFF radar_adj=0 mom= conf=0
[ALPHA_X13_BURST13] [BARRIER_TIMEOUT] BETA en retard, ouverture forcée de la barrière au cycle 149
[ALPHA_X13_BURST13] mode=OFF radar_adj=0 mom= conf=0
[BETA_X5] [1;36m18:13:26[0m [1;33mx3[0m [1;36m#370[0m SKIP tension=[1;36m0.00002366[0m [0m| momentum_too_small [1;31mconf=0.0[0m
[ALPHA_X13_BURST13] [1;36m18:13:29[0m [1;32mx13[0m [1;36m#149[0m SKIP tension=[1;36m0.00342703[0m [0m| momentum_too_small [1;31mconf=0.0049[0m
[BETA_X5] mode=OFF radar_adj=0 mom= conf=0
[BETA_X5] [1;36m18:13:34[0m [1;33mx3[0m [1;36m#371[0m SKIP tension=[1;36m0.00006803[0m [0m| momentum_too_small [1;31mconf=0.0001[0m
[BETA_X5] mode=OFF radar_adj=0 mom= conf=0
[BETA_X5] [1;36m18:13:42[0m [1;33mx3[0m [1;36m#372[0m SKIP tension=[1;36m0.01197516[0m [0m| direction_unclear [1;31mconf=0.0172[0m
[BETA_X5] mode=OFF radar_adj=0 mom= conf=0
[ALPHA_X13_BURST13] [BARRIER_TIMEOUT] BETA en retard, ouverture forcée de la barrière au cycle 150
[ALPHA_X13_BURST13] mode=OFF radar_adj=0 mom= conf=0
[BETA_X5] [1;36m18:13:50[0m [1;33mx3[0m [1;36m#373[0m SKIP tension=[1;36m0.00022661[0m [0m| momentum_too_small [1;31mconf=0.0004[0m
[BETA_X5] mode=OFF radar_adj=0 mom= conf=0
[ALPHA_X13_BURST13] [1;36m18:13:54[0m [1;32mx13[0m [1;36m#150[0m SKIP tension=[1;36m0.00008146[0m [0m| momentum_too_small [1;31mconf=0.0001[0m
[BETA_X5] [1;36m18:13:58[0m [1;33mx3[0m [1;36m#374[0m SKIP tension=[1;36m0.00001627[0m [0m| momentum_too_small [1;31mconf=0.0[0m
[BETA_X5] mode=OFF radar_adj=0 mom= conf=0
[BETA_X5] [1;36m18:14:06[0m [1;33mx3[0m [1;36m#375[0m SKIP tension=[1;36m0.00045348[0m [0m| momentum_too_small [1;31mconf=0.0007[0m
[BETA_X5] mode=OFF radar_adj=0 mom= conf=0
[ALPHA_X13_BURST13] [BARRIER_TIMEOUT] BETA en retard, ouverture forcée de la barrière au cycle 151
[BETA_X5] [1;36m18:14:13[0m [1;33mx3[0m [1;36m#376[0m SKIP tension=[1;36m0.08260524[0m [0m| direction_unclear [1;31mconf=0.1263[0m
[ALPHA_X13_BURST13] mode=OFF radar_adj=0 mom= conf=0
[BETA_X5] mode=OFF radar_adj=0 mom= conf=0
[ALPHA_X13_BURST13] [1;36m18:14:19[0m [1;32mx13[0m [1;36m#151[0m SKIP tension=[1;36m0.00000000[0m [0m| momentum_too_small [1;31mconf=0.3383[0m
[BETA_X5] [1;36mentry=18:14:25@61943.20000000[0m [1;33mx3[0m [1;36m#377[0m [1;32mSELL[0m tension=[1;32m1.49788047[0m hold=[1;36m6[0ms sec=[1;36m6[0m [0m| exit=61943.10000000 [1;32mconf=0.999[0m [1;36mexit_time=18:14:31[0m [1;32mpnl=0.00048000 bps=0.01614382 pct=0.00016144% total=-0.20367000000000024[0m
[BETA_X5] mode=OFF radar_adj=0 mom= conf=0
[ALPHA_X13_BURST13] [BARRIER_TIMEOUT] BETA en retard, ouverture forcée de la barrière au cycle 152
[ALPHA_X13_BURST13] mode=OFF radar_adj=0 mom= conf=0
[BETA_X5] [1;36m18:14:42[0m [1;33mx3[0m [1;36m#378[0m SKIP tension=[1;36m0.01121507[0m [0m| direction_unclear [1;31mconf=0.0161[0m
[ALPHA_X13_BURST13] [1;36m18:14:44[0m [1;32mx13[0m [1;36m#152[0m SKIP tension=[1;36m0.00000000[0m [0m| momentum_too_small [1;31mconf=0.302[0m
[BETA_X5] mode=OFF radar_adj=0 mom= conf=0
[BETA_X5] [1;36m18:14:52[0m [1;33mx3[0m [1;36m#379[0m SKIP tension=[1;36m0.00002318[0m [0m| momentum_too_small [1;31mconf=0.0[0m
[BETA_X5] mode=OFF radar_adj=0 mom= conf=0
[ALPHA_X13_BURST13] [BARRIER_TIMEOUT] BETA en retard, ouverture forcée de la barrière au cycle 153
[BETA_X5] [1;36m18:15:04[0m [1;33mx3[0m [1;36m#380[0m SKIP tension=[1;36m0.00048606[0m [0m| momentum_too_small [1;31mconf=0.0007[0m
[ALPHA_X13_BURST13] mode=OFF radar_adj=0 mom= conf=0
[BETA_X5] mode=OFF radar_adj=0 mom= conf=0
[ALPHA_X13_BURST13] [1;36m18:15:10[0m [1;32mx13[0m [1;36m#153[0m SKIP tension=[1;36m0.00015889[0m [0m| momentum_too_small [1;31mconf=0.0002[0m
[BETA_X5] [1;36m18:15:14[0m [1;33mx3[0m [1;36m#381[0m SKIP tension=[1;36m0.00509877[0m [0m| momentum_too_small [1;31mconf=0.0073[0m
[BETA_X5] mode=OFF radar_adj=0 mom= conf=0
[BETA_X5] [1;36m18:15:22[0m [1;33mx3[0m [1;36m#382[0m SKIP tension=[1;36m0.00130915[0m [0m| momentum_too_small [1;31mconf=0.0019[0m
[BETA_X5] mode=OFF radar_adj=0 mom= conf=0
[ALPHA_X13_BURST13] [BARRIER_TIMEOUT] BETA en retard, ouverture forcée de la barrière au cycle 154
[BETA_X5] [1;36m18:15:30[0m [1;33mx3[0m [1;36m#383[0m SKIP tension=[1;36m0.00017882[0m [0m| momentum_too_small [1;31mconf=0.0003[0m
[ALPHA_X13_BURST13] mode=OFF radar_adj=0 mom= conf=0
[BETA_X5] mode=OFF radar_adj=0 mom= conf=0
[ALPHA_X13_BURST13] [1;36m18:15:37[0m [1;32mx13[0m [1;36m#154[0m SKIP tension=[1;32m1.50304689[0m [0m| duo no_trigger
[BETA_X5] [1;36m18:15:38[0m [1;33mx3[0m [1;36m#384[0m SKIP tension=[1;36m0.00006319[0m [0m| momentum_too_small [1;31mconf=0.0001[0m
[BETA_X5] mode=OFF radar_adj=0 mom= conf=0
[BETA_X5] [1;36m18:15:46[0m [1;33mx3[0m [1;36m#385[0m SKIP tension=[1;36m0.01306286[0m [0m| direction_unclear [1;31mconf=0.0183[0m
[BETA_X5] mode=OFF radar_adj=0 mom= conf=0
[BETA_X5] [1;36m18:15:54[0m [1;33mx3[0m [1;36m#386[0m SKIP tension=[1;36m0.00005851[0m [0m| momentum_too_small [1;31mconf=0.0001[0m
[ALPHA_X13_BURST13] [BARRIER_TIMEOUT] BETA en retard, ouverture forcée de la barrière au cycle 155
[BETA_X5] mode=OFF radar_adj=0 mom= conf=0
[ALPHA_X13_BURST13] mode=OFF radar_adj=0 mom= conf=0
[ALPHA_X13_BURST13] [1;36m18:16:02[0m [1;32mx13[0m [1;36m#155[0m SKIP tension=[1;36m0.00000000[0m [0m| momentum_too_small [1;31mconf=0.2942[0m
[BETA_X5] [1;36m18:16:02[0m [1;33mx3[0m [1;36m#387[0m SKIP tension=[1;36m0.00000000[0m [0m| momentum_too_small [1;31mconf=0.2942[0m
[BETA_X5] mode=OFF radar_adj=0 mom= conf=0
[BETA_X5] [1;36m18:16:15[0m [1;33mx3[0m [1;36m#388[0m SKIP tension=[1;36m0.00003476[0m [0m| momentum_too_small [1;31mconf=0.0[0m
[BETA_X5] mode=OFF radar_adj=0 mom= conf=0
[ALPHA_X13_BURST13] [BARRIER_TIMEOUT] BETA en retard, ouverture forcée de la barrière au cycle 156
[ALPHA_X13_BURST13] mode=OFF radar_adj=0 mom= conf=0
[BETA_X5] [1;36m18:16:23[0m [1;33mx3[0m [1;36m#389[0m SKIP tension=[1;36m0.00002844[0m [0m| momentum_too_small [1;31mconf=0.0[0m
[BETA_X5] mode=OFF radar_adj=0 mom= conf=0
[ALPHA_X13_BURST13] [1;36m18:16:27[0m [1;32mx13[0m [1;36m#156[0m SKIP tension=[1;36m0.00006162[0m [0m| momentum_too_small [1;31mconf=0.0001[0m
[BETA_X5] [1;36m18:16:31[0m [1;33mx3[0m [1;36m#390[0m SKIP tension=[1;36m0.00000000[0m [0m| momentum_too_small [1;31mconf=0.2939[0m
[BETA_X5] mode=OFF radar_adj=0 mom= conf=0
[BETA_X5] [1;36m18:16:39[0m [1;33mx3[0m [1;36m#391[0m SKIP tension=[1;36m0.00008028[0m [0m| momentum_too_small [1;31mconf=0.0001[0m
[BETA_X5] mode=OFF radar_adj=0 mom= conf=0
[ALPHA_X13_BURST13] [BARRIER_TIMEOUT] BETA en retard, ouverture forcée de la barrière au cycle 157
[ALPHA_X13_BURST13] mode=OFF radar_adj=0 mom= conf=0
[BETA_X5] [1;36m18:16:48[0m [1;33mx3[0m [1;36m#392[0m SKIP tension=[1;36m0.03191287[0m [0m| direction_unclear [1;31mconf=0.0447[0m
[BETA_X5] mode=OFF radar_adj=0 mom= conf=0
[ALPHA_X13_BURST13] [1;36m18:16:53[0m [1;32mx13[0m [1;36m#157[0m SKIP tension=[1;36m0.00006146[0m [0m| momentum_too_small [1;31mconf=0.0001[0m
[BETA_X5] [1;36m18:16:55[0m [1;33mx3[0m [1;36m#393[0m SKIP tension=[1;36m0.00000000[0m [0m| momentum_too_small [1;31mconf=0.3186[0m
[BETA_X5] mode=OFF radar_adj=0 mom= conf=0
[BETA_X5] [1;36m18:17:03[0m [1;33mx3[0m [1;36m#394[0m SKIP tension=[1;36m0.00002994[0m [0m| momentum_too_small [1;31mconf=0.0[0m
[BETA_X5] mode=OFF radar_adj=0 mom= conf=0
[ALPHA_X13_BURST13] [BARRIER_TIMEOUT] BETA en retard, ouverture forcée de la barrière au cycle 158
[BETA_X5] [1;36m18:17:12[0m [1;33mx3[0m [1;36m#395[0m SKIP tension=[1;36m0.00004570[0m [0m| momentum_too_small [1;31mconf=0.0001[0m
[ALPHA_X13_BURST13] mode=OFF radar_adj=0 mom= conf=0
[BETA_X5] mode=OFF radar_adj=0 mom= conf=0
[ALPHA_X13_BURST13] [1;36m18:17:19[0m [1;32mx13[0m [1;36m#158[0m SKIP tension=[1;36m0.00007820[0m [0m| momentum_too_small [1;31mconf=0.0001[0m
[BETA_X5] [1;36m18:17:22[0m [1;33mx3[0m [1;36m#396[0m SKIP tension=[1;36m0.00007250[0m [0m| momentum_too_small [1;31mconf=0.0001[0m
[BETA_X5] mode=OFF radar_adj=0 mom= conf=0
[BETA_X5] [1;36m18:17:31[0m [1;33mx3[0m [1;36m#397[0m SKIP tension=[1;36m0.00004094[0m [0m| momentum_too_small [1;31mconf=0.0001[0m
[BETA_X5] mode=OFF radar_adj=0 mom= conf=0
[ALPHA_X13_BURST13] [BARRIER_TIMEOUT] BETA en retard, ouverture forcée de la barrière au cycle 159
[BETA_X5] [1;36m18:17:38[0m [1;33mx3[0m [1;36m#398[0m SKIP tension=[1;36m0.00000000[0m [0m| momentum_too_small [1;31mconf=0.2939[0m
[ALPHA_X13_BURST13] mode=OFF radar_adj=0 mom= conf=0
[ALPHA_X13_BURST13] [1;36m18:17:44[0m [1;32mx13[0m [1;36m#159[0m SKIP tension=[1;36m0.00697284[0m [0m| momentum_too_small [1;31mconf=0.0099[0m
[BETA_X5] mode=OFF radar_adj=0 mom= conf=0
[BETA_X5] [1;36m18:17:53[0m [1;33mx3[0m [1;36m#399[0m SKIP tension=[1;36m0.00005048[0m [0m| momentum_too_small [1;31mconf=0.0001[0m
[BETA_X5] mode=OFF radar_adj=0 mom= conf=0
[ALPHA_X13_BURST13] [BARRIER_TIMEOUT] BETA en retard, ouverture forcée de la barrière au cycle 160
[BETA_X5] [1;36m18:18:02[0m [1;33mx3[0m [1;36m#400[0m SKIP tension=[1;36m0.00005525[0m [0m| momentum_too_small [1;31mconf=0.0001[0m
[ALPHA_X13_BURST13] mode=OFF radar_adj=0 mom= conf=0
[BETA_X5] mode=OFF radar_adj=0 mom= conf=0
[ALPHA_X13_BURST13] [1;36m18:18:08[0m [1;32mx13[0m [1;36m#160[0m SKIP tension=[1;36m0.08360395[0m [0m| direction_unclear [1;31mconf=0.1377[0m
[BETA_X5] [1;36mentry=18:18:13@61940.90000000[0m [1;33mx3[0m [1;36m#401[0m [1;32mSELL[0m tension=[1;32m1.51974037[0m hold=[1;36m5[0ms sec=[1;36m5[0m [0m| exit=61940.80000000 [1;32mconf=0.9879[0m [1;36mexit_time=18:18:18[0m [1;32mpnl=0.00095000 bps=0.01614442 pct=0.00016144% total=-0.20272000000000023[0m
[BETA_X5] mode=OFF radar_adj=0 mom= conf=0
[ALPHA_X13_BURST13] [BARRIER_TIMEOUT] BETA en retard, ouverture forcée de la barrière au cycle 161
[ALPHA_X13_BURST13] mode=OFF radar_adj=0 mom= conf=0
[BETA_X5] [1;36m18:18:29[0m [1;33mx3[0m [1;36m#402[0m SKIP tension=[1;36m0.01118941[0m [0m| direction_unclear [1;31mconf=0.0186[0m
[ALPHA_X13_BURST13] [1;36m18:18:32[0m [1;32mx13[0m [1;36m#161[0m SKIP tension=[1;36m0.01767831[0m [0m| direction_unclear [1;31mconf=0.0249[0m
[BETA_X5] mode=OFF radar_adj=0 mom= conf=0
[BETA_X5] [1;36m18:18:37[0m [1;33mx3[0m [1;36m#403[0m SKIP tension=[1;36m0.00000731[0m [0m| momentum_too_small [1;31mconf=0.0[0m
[BETA_X5] mode=OFF radar_adj=0 mom= conf=0
[ALPHA_X13_BURST13] [BARRIER_TIMEOUT] BETA en retard, ouverture forcée de la barrière au cycle 162
[ALPHA_X13_BURST13] mode=OFF radar_adj=0 mom= conf=0
[BETA_X5] [1;36mentry=18:18:49@61926.80000000[0m [1;33mx3[0m [1;36m#404[0m [1;33mSELL[0m tension=[1;31m2.91155433[0m hold=[1;36m5[0ms sec=[1;36m5[0m [0m| exit=61926.80000000 [1;32mconf=0.8587[0m [1;36mexit_time=18:18:54[0m [1;33mpnl=-0.00000000 bps=-0.00000000 pct=-0.00000000% total=-0.20272000000000023[0m
[ALPHA_X13_BURST13] [1;36m18:18:57[0m [1;32mx13[0m [1;36m#162[0m SKIP tension=[1;36m0.00009855[0m [0m| momentum_too_small [1;31mconf=0.0001[0m
[BETA_X5] mode=OFF radar_adj=0 mom= conf=0
[ALPHA_X13_BURST13] [BARRIER_TIMEOUT] BETA en retard, ouverture forcée de la barrière au cycle 163
[BETA_X5] [1;36mCycle 405[0m [1;32mSOFT anomaly[0m [1;33m| pnl_abs=0.25840000 > 0.02500000[0m
[BETA_X5] [1;36mentry=18:19:08@61912.70000000[0m [1;33mx3[0m [1;36m#405[0m [1;32mSELL[0m tension=[1;32m1.70353035[0m hold=[1;36m5[0ms sec=[1;36m5[0m [0m| exit=61885.50000000 [1;33mconf=0.676[0m [1;36mexit_time=18:19:14[0m [1;32mpnl=0.25840000 bps=4.39328280 pct=0.04393283% total=0.05567999999999973[0m
[ALPHA_X13_BURST13] mode=OFF radar_adj=0 mom= conf=0
[BETA_X5] mode=OFF radar_adj=0 mom= conf=0
[ALPHA_X13_BURST13] [1;36m18:19:20[0m [1;32mx13[0m [1;36m#163[0m SKIP tension=[1;36m0.59149826[0m [0m| wall_not_collapsed
[BETA_X5] [1;36m18:19:24[0m [1;33mx3[0m [1;36m#406[0m SKIP tension=[1;36m0.59254403[0m [0m| wall_not_collapsed
[BETA_X5] mode=OFF radar_adj=0 mom= conf=0
[BETA_X5] [1;36m18:19:31[0m [1;33mx3[0m [1;36m#407[0m SKIP tension=[1;36m0.00000000[0m [0m| momentum_too_small [1;31mconf=0.3489[0m
[BETA_X5] mode=OFF radar_adj=0 mom= conf=0
[ALPHA_X13_BURST13] [BARRIER_TIMEOUT] BETA en retard, ouverture forcée de la barrière au cycle 164
[BETA_X5] [1;36m18:19:39[0m [1;33mx3[0m [1;36m#408[0m SKIP tension=[1;32m1.57665397[0m [0m| spread_too_wide [1;33mconf=0.5[0m
[ALPHA_X13_BURST13] mode=OFF radar_adj=0 mom= conf=0
[BETA_X5] mode=OFF radar_adj=0 mom= conf=0
[ALPHA_X13_BURST13] [1;36m18:19:46[0m [1;32mx13[0m [1;36m#164[0m SKIP tension=[1;32m1.76982826[0m [0m| duo no_trigger
[BETA_X5] [1;36m18:19:52[0m [1;33mx3[0m [1;36m#409[0m SKIP tension=[1;36m0.00017222[0m [0m| momentum_too_small [1;31mconf=0.0002[0m
[BETA_X5] mode=OFF radar_adj=0 mom= conf=0
[BETA_X5] [1;36m18:20:00[0m [1;33mx3[0m [1;36m#410[0m SKIP tension=[1;31m2.01868409[0m [0m| spread_too_wide [1;33mconf=0.5[0m
[BETA_X5] mode=OFF radar_adj=0 mom= conf=0
[ALPHA_X13_BURST13] [BARRIER_TIMEOUT] BETA en retard, ouverture forcée de la barrière au cycle 165
[ALPHA_X13_BURST13] mode=OFF radar_adj=0 mom= conf=0
[BETA_X5] [1;36m18:20:09[0m [1;33mx3[0m [1;36m#411[0m SKIP tension=[1;32m1.79658263[0m [0m| tactic long vs short
[ALPHA_X13_BURST13] [1;36m18:20:11[0m [1;32mx13[0m [1;36m#165[0m SKIP tension=[1;33m0.97535329[0m [0m| wall_not_collapsed
[BETA_X5] mode=OFF radar_adj=0 mom= conf=0
[ALPHA_X13_BURST13] [BARRIER_TIMEOUT] BETA en retard, ouverture forcée de la barrière au cycle 166
[BETA_X5] [1;36mentry=18:20:22@61865.80000000[0m [1;33mx3[0m [1;36m#412[0m [1;31mSELL[0m tension=[1;31m4.35924072[0m hold=[1;36m6[0ms sec=[1;36m6[0m [0m| exit=61868.50000000 [1;33mconf=0.7659[0m [1;36mexit_time=18:20:28[0m [1;31mpnl=-0.01296000 bps=-0.43642853 pct=-0.00436429% total=0.04271999999999965[0m
[ALPHA_X13_BURST13] mode=OFF radar_adj=0 mom= conf=0
[BETA_X5] mode=OFF radar_adj=0 mom= conf=0
[ALPHA_X13_BURST13] [1;36mCycle 166[0m [1;32mSOFT anomaly[0m [1;33m| pnl_abs=0.12600000 > 0.02500000[0m
[BETA_X5] [1;36mCycle 413[0m [1;32mSOFT anomaly[0m [1;33m| pnl_abs=0.04081000 > 0.02500000[0m
[ALPHA_X13_BURST13] [1;36mentry=18:20:41@61865.80000000[0m [1;32mx13[0m [1;36m#166[0m [1;31mBUY[0m tension=[1;31m2.35575751[0m hold=[1;36m5[0ms sec=[1;36m5[0m [0m| exit=61865.30000000 [1;33mconf=0.6043[0m [1;36mexit_time=18:20:47[0m [1;31mpnl=-0.12600000 bps=-0.08082010 pct=-0.00080820% total=-0.04247000000000023[0m
[BETA_X5] [1;36mentry=18:20:41@61870.60000000[0m [1;33mx3[0m [1;36m#413[0m [1;32mSELL[0m tension=[1;32m1.87550548[0m hold=[1;36m5[0ms sec=[1;36m5[0m [0m| exit=61865.30000000 [1;33mconf=0.6043[0m [1;36mexit_time=18:20:48[0m [1;32mpnl=0.04081000 bps=0.85662657 pct=0.00856627% total=-0.04247000000000023[0m
[BETA_X5] mode=OFF radar_adj=0 mom= conf=0
[ALPHA_X13_BURST13] [BARRIER_TIMEOUT] BETA en retard, ouverture forcée de la barrière au cycle 167
[ALPHA_X13_BURST13] mode=OFF radar_adj=0 mom= conf=0
[BETA_X5] [1;36mentry=18:21:01@61865.30000000[0m [1;33mx3[0m [1;36m#414[0m [1;33mSELL[0m tension=[1;32m1.67904146[0m hold=[1;36m6[0ms sec=[1;36m6[0m [0m| exit=61865.30000000 [1;33mconf=0.5731[0m [1;36mexit_time=18:21:08[0m [1;33mpnl=-0.00000000 bps=-0.00000000 pct=-0.00000000% total=-0.04247000000000023[0m
[BETA_X5] mode=OFF radar_adj=0 mom= conf=0
[ALPHA_X13_BURST13] [1;36m18:21:14[0m [1;32mx13[0m [1;36m#167[0m SKIP tension=[1;31m8.69739751[0m [0m| spread_too_wide [1;33mconf=0.5[0m
[BETA_X5] [1;36m18:21:18[0m [1;33mx3[0m [1;36m#415[0m SKIP tension=[1;36m0.11165001[0m [0m| direction_unclear [1;31mconf=0.1632[0m
[BETA_X5] mode=OFF radar_adj=0 mom= conf=0
[BETA_X5] [1;36m18:21:28[0m [1;33mx3[0m [1;36m#416[0m SKIP tension=[1;32m1.78538407[0m [0m| spread_too_wide [1;33mconf=0.5[0m
[BETA_X5] mode=OFF radar_adj=0 mom= conf=0
[ALPHA_X13_BURST13] [BARRIER_TIMEOUT] BETA en retard, ouverture forcée de la barrière au cycle 168
[ALPHA_X13_BURST13] mode=OFF radar_adj=0 mom= conf=0
[ALPHA_X13_BURST13] [1;36m18:21:41[0m [1;32mx13[0m [1;36m#168[0m SKIP tension=[1;31m2.42019643[0m [0m| spread_too_wide [1;33mconf=0.5[0m
[BETA_X5] [1;36mentry=18:21:41@61878.30000000[0m [1;33mx3[0m [1;36m#417[0m [1;32mSELL[0m tension=[1;31m3.67205272[0m hold=[1;36m8[0ms sec=[1;36m8[0m [0m| exit=61873.20000000 [1;32mconf=0.9647[0m [1;36mexit_time=18:21:50[0m [1;32mpnl=0.02448000 bps=0.82419847 pct=0.00824198% total=-0.017990000000000173[0m
[BETA_X5] mode=OFF radar_adj=0 mom= conf=0
[ALPHA_X13_BURST13] [BARRIER_TIMEOUT] BETA en retard, ouverture forcée de la barrière au cycle 169
[ALPHA_X13_BURST13] mode=OFF radar_adj=0 mom= conf=0
[ALPHA_X13_BURST13] [1;36m18:22:06[0m [1;32mx13[0m [1;36m#169[0m SKIP tension=[1;36m0.00095274[0m [0m| spread_too_wide [1;31mconf=0.0008[0m
[BETA_X5] [1;36mCycle 418[0m [1;32mSOFT anomaly[0m [1;33m| pnl_abs=0.06912000 > 0.02500000[0m
[BETA_X5] [1;36mentry=18:22:04@61889.40000000[0m [1;33mx3[0m [1;36m#418[0m [1;32mSELL[0m tension=[1;32m1.29341335[0m hold=[1;36m6[0ms sec=[1;36m6[0m [0m| exit=61875.00000000 [1;32mconf=0.9284[0m [1;36mexit_time=18:22:10[0m [1;32mpnl=0.06912000 bps=2.32673123 pct=0.02326731% total=0.0511299999999999[0m
[BETA_X5] mode=OFF radar_adj=0 mom= conf=0
[ALPHA_X13_BURST13] [BARRIER_TIMEOUT] BETA en retard, ouverture forcée de la barrière au cycle 170
[ALPHA_X13_BURST13] mode=OFF radar_adj=0 mom= conf=0
[ALPHA_X13_BURST13] [1;36m18:22:32[0m [1;32mx13[0m [1;36m#170[0m SKIP tension=[1;36m0.00000000[0m [0m| momentum_too_small [1;31mconf=0.1783[0m
[BETA_X5] [1;36mentry=18:22:24@61956.70000000[0m [1;33mx3[0m [1;36m#419[0m [1;31mSELL[0m tension=[1;32m1.27611065[0m hold=[1;36m6[0ms sec=[1;36m6[0m [0m| exit=61956.80000000 [1;32mconf=0.8416[0m [1;36mexit_time=18:22:30[0m [1;31mpnl=-0.00048000 bps=-0.01614030 pct=-0.00016140% total=0.05064999999999986[0m
[BETA_X5] mode=OFF radar_adj=0 mom= conf=0
[BETA_X5] [1;36m18:22:40[0m [1;33mx3[0m [1;36m#420[0m SKIP tension=[1;36m0.60879516[0m [0m| wall_not_collapsed
[BETA_X5] mode=OFF radar_adj=0 mom= conf=0
[BETA_X5] [1;36m18:22:48[0m [1;33mx3[0m [1;36m#421[0m SKIP tension=[1;32m1.80121066[0m [0m| spread_too_wide [1;33mconf=0.5[0m
[ALPHA_X13_BURST13] [BARRIER_TIMEOUT] BETA en retard, ouverture forcée de la barrière au cycle 171
[BETA_X5] mode=OFF radar_adj=0 mom= conf=0
[ALPHA_X13_BURST13] mode=OFF radar_adj=0 mom= conf=0
[BETA_X5] [1;36m18:22:55[0m [1;33mx3[0m [1;36m#422[0m SKIP tension=[1;36m0.34935889[0m [0m| wall_not_collapsed
[ALPHA_X13_BURST13] [1;36m18:22:57[0m [1;32mx13[0m [1;36m#171[0m SKIP tension=[1;36m0.00009603[0m [0m| spread_too_wide [1;31mconf=0.0001[0m
[BETA_X5] mode=OFF radar_adj=0 mom= conf=0
[BETA_X5] [1;36m18:23:04[0m [1;33mx3[0m [1;36m#423[0m SKIP [0m| Mode Écoute: spread=4.99030000 volat=129.51510359 (attente froid)
[BETA_X5] mode=OFF radar_adj=0 mom= conf=0
[BETA_X5] [1;36m18:23:12[0m [1;33mx3[0m [1;36m#424[0m SKIP tension=[1;36m0.00011525[0m [0m| spread_too_wide [1;31mconf=0.0001[0m
[ALPHA_X13_BURST13] [BARRIER_TIMEOUT] BETA en retard, ouverture forcée de la barrière au cycle 172
[ALPHA_X13_BURST13] mode=OFF radar_adj=0 mom= conf=0
[BETA_X5] mode=OFF radar_adj=0 mom= conf=0
[ALPHA_X13_BURST13] [1;36mentry=18:23:26@61889.50000000[0m [1;32mx13[0m [1;36m#172[0m [1;33mBUY[0m tension=[1;31m2.06047173[0m hold=[1;36m6[0ms sec=[1;36m6[0m [0m| exit=61889.50000000 [1;33mconf=0.5469[0m [1;36mexit_time=18:23:32[0m [1;33mpnl=0.00000000 bps=0.00000000 pct=0.00000000% total=0.05064999999999986[0m
[BETA_X5] [1;36mentry=18:23:29@61889.50000000[0m [1;33mx3[0m [1;36m#425[0m [1;33mSELL[0m tension=[1;31m6.44159914[0m hold=[1;36m6[0ms sec=[1;36m6[0m [0m| exit=61889.50000000 [1;33mconf=0.5469[0m [1;36mexit_time=18:23:35[0m [1;33mpnl=-0.00000000 bps=-0.00000000 pct=-0.00000000% total=0.05064999999999986[0m
[BETA_X5] mode=OFF radar_adj=0 mom= conf=0
[BETA_X5] [1;36m18:23:45[0m [1;33mx3[0m [1;36m#426[0m SKIP tension=[1;36m0.00000000[0m [0m| momentum_too_small [1;31mconf=0.3242[0m
[BETA_X5] mode=OFF radar_adj=0 mom= conf=0
[ALPHA_X13_BURST13] [BARRIER_TIMEOUT] BETA en retard, ouverture forcée de la barrière au cycle 173
[ALPHA_X13_BURST13] mode=OFF radar_adj=0 mom= conf=0
[ALPHA_X13_BURST13] [1;36m18:23:58[0m [1;32mx13[0m [1;36m#173[0m SKIP tension=[1;32m1.07335654[0m [0m| tactic short vs long
[BETA_X5] [1;36mentry=18:23:58@61908.90000000[0m [1;33mx3[0m [1;36m#427[0m [1;33mSELL[0m tension=[1;31m2.51020395[0m hold=[1;36m6[0ms sec=[1;36m6[0m [0m| exit=61908.90000000 [1;32mconf=0.999[0m [1;36mexit_time=18:24:04[0m [1;33mpnl=-0.00000000 bps=-0.00000000 pct=-0.00000000% total=0.05064999999999986[0m
[BETA_X5] mode=OFF radar_adj=0 mom= conf=0
[BETA_X5] [1;36m18:24:13[0m [1;33mx3[0m [1;36m#428[0m SKIP tension=[1;36m0.55813720[0m [0m| wall_not_collapsed
[ALPHA_X13_BURST13] [BARRIER_TIMEOUT] BETA en retard, ouverture forcée de la barrière au cycle 174
[BETA_X5] mode=OFF radar_adj=0 mom= conf=0
[ALPHA_X13_BURST13] mode=OFF radar_adj=0 mom= conf=0
[BETA_X5] [1;36m18:24:21[0m [1;33mx3[0m [1;36m#429[0m SKIP tension=[1;36m0.00001992[0m [0m| momentum_too_small [1;31mconf=0.0[0m
[ALPHA_X13_BURST13] [1;36m18:24:22[0m [1;32mx13[0m [1;36m#174[0m SKIP tension=[1;36m0.00001551[0m [0m| momentum_too_small [1;31mconf=0.0[0m
[BETA_X5] mode=OFF radar_adj=0 mom= conf=0
[BETA_X5] [1;36mCycle 430[0m [1;32mSOFT anomaly[0m [1;33m| pnl_abs=0.10608000 > 0.02500000[0m
[BETA_X5] [1;36mentry=18:24:33@61956.80000000[0m [1;33mx3[0m [1;36m#430[0m [1;32mSELL[0m tension=[1;32m1.29833028[0m hold=[1;36m6[0ms sec=[1;36m6[0m [0m| exit=61950.00000000 [1;32mconf=0.89[0m [1;36mexit_time=18:24:39[0m [1;32mpnl=0.10608000 bps=1.09753893 pct=0.01097539% total=0.15672999999999981[0m
[ALPHA_X13_BURST13] [BARRIER_TIMEOUT] BETA en retard, ouverture forcée de la barrière au cycle 175
[ALPHA_X13_BURST13] mode=OFF radar_adj=0 mom= conf=0
[BETA_X5] mode=OFF radar_adj=0 mom= conf=0
[ALPHA_X13_BURST13] [1;36m18:24:47[0m [1;32mx13[0m [1;36m#175[0m SKIP tension=[1;36m0.00002971[0m [0m| momentum_too_small [1;31mconf=0.0[0m
[BETA_X5] [1;36m18:24:48[0m [1;33mx3[0m [1;36m#431[0m SKIP tension=[1;36m0.00000000[0m [0m| momentum_too_small [1;31mconf=0.3285[0m
[BETA_X5] mode=OFF radar_adj=0 mom= conf=0
[BETA_X5] [1;36m18:24:57[0m [1;33mx3[0m [1;36m#432[0m SKIP tension=[1;36m0.00028369[0m [0m| momentum_too_small [1;31mconf=0.0004[0m
[BETA_X5] mode=OFF radar_adj=0 mom= conf=0
[ALPHA_X13_BURST13] [BARRIER_TIMEOUT] BETA en retard, ouverture forcée de la barrière au cycle 176
[ALPHA_X13_BURST13] mode=OFF radar_adj=0 mom= conf=0
[ALPHA_X13_BURST13] [1;36m18:25:11[0m [1;32mx13[0m [1;36m#176[0m SKIP tension=[1;36m0.00175016[0m [0m| momentum_too_small [1;31mconf=0.0028[0m
[BETA_X5] [1;36mentry=18:25:11@61959.20000000[0m [1;33mx3[0m [1;36m#433[0m [1;33mSELL[0m tension=[1;32m1.44916573[0m hold=[1;36m6[0ms sec=[1;36m6[0m [0m| exit=61959.20000000 [1;32mconf=0.9758[0m [1;36mexit_time=18:25:17[0m [1;33mpnl=-0.00000000 bps=-0.00000000 pct=-0.00000000% total=0.15672999999999981[0m
[BETA_X5] mode=OFF radar_adj=0 mom= conf=0
[BETA_X5] [1;36m18:25:27[0m [1;33mx3[0m [1;36m#434[0m SKIP tension=[1;36m0.00002696[0m [0m| momentum_too_small [1;31mconf=0.0[0m
[ALPHA_X13_BURST13] [BARRIER_TIMEOUT] BETA en retard, ouverture forcée de la barrière au cycle 177
[BETA_X5] mode=OFF radar_adj=0 mom= conf=0
[ALPHA_X13_BURST13] mode=OFF radar_adj=0 mom= conf=0
[ALPHA_X13_BURST13] [1;36m18:25:36[0m [1;32mx13[0m [1;36m#177[0m SKIP tension=[1;36m0.00010254[0m [0m| momentum_too_small [1;31mconf=0.0002[0m
[BETA_X5] [1;36m18:25:39[0m [1;33mx3[0m [1;36m#435[0m SKIP tension=[1;36m0.00000000[0m [0m| momentum_too_small [1;31mconf=0.344[0m
[BETA_X5] mode=OFF radar_adj=0 mom= conf=0
[BETA_X5] [1;36m18:25:47[0m [1;33mx3[0m [1;36m#436[0m SKIP tension=[1;36m0.00000000[0m [0m| momentum_too_small [1;31mconf=0.3391[0m
[BETA_X5] mode=OFF radar_adj=0 mom= conf=0
[ALPHA_X13_BURST13] [BARRIER_TIMEOUT] BETA en retard, ouverture forcée de la barrière au cycle 178
[BETA_X5] [1;36m18:25:55[0m [1;33mx3[0m [1;36m#437[0m SKIP tension=[1;36m0.00005127[0m [0m| momentum_too_small [1;31mconf=0.0001[0m
[ALPHA_X13_BURST13] mode=OFF radar_adj=0 mom= conf=0
[BETA_X5] mode=OFF radar_adj=0 mom= conf=0
[ALPHA_X13_BURST13] [1;36m18:26:01[0m [1;32mx13[0m [1;36m#178[0m SKIP tension=[1;36m0.00000000[0m [0m| momentum_too_small [1;31mconf=0.3196[0m
[BETA_X5] [1;36mCycle 438[0m [1;32mSOFT anomaly[0m [1;33m| pnl_abs=0.07931000 > 0.02500000[0m
[BETA_X5] [1;36mentry=18:26:07@61951.30000000[0m [1;33mx3[0m [1;36m#438[0m [1;31mSELL[0m tension=[1;32m1.12172673[0m hold=[1;36m6[0ms sec=[1;36m6[0m [0m| exit=61961.60000000 [1;32mconf=0.9133[0m [1;36mexit_time=18:26:13[0m [1;31mpnl=-0.07931000 bps=-1.66259627 pct=-0.01662596% total=0.07741999999999982[0m
[BETA_X5] mode=OFF radar_adj=0 mom= conf=0
[ALPHA_X13_BURST13] [BARRIER_TIMEOUT] BETA en retard, ouverture forcée de la barrière au cycle 179
[ALPHA_X13_BURST13] mode=OFF radar_adj=0 mom= conf=0
[ALPHA_X13_BURST13] [1;36m18:26:31[0m [1;32mx13[0m [1;36m#179[0m SKIP tension=[1;36m0.00002702[0m [0m| momentum_too_small [1;31mconf=0.0[0m
[BETA_X5] [1;36mCycle 439[0m [1;32mSOFT anomaly[0m [1;33m| pnl_abs=0.05232000 > 0.02500000[0m
[BETA_X5] [1;36mentry=18:26:27@61961.60000000[0m [1;33mx3[0m [1;36m#439[0m [1;32mSELL[0m tension=[1;32m1.12641527[0m hold=[1;36m6[0ms sec=[1;36m6[0m [0m| exit=61950.70000000 [1;33mconf=0.7821[0m [1;36mexit_time=18:26:33[0m [1;32mpnl=0.05232000 bps=1.75915406 pct=0.01759154% total=0.12973999999999974[0m
[BETA_X5] mode=OFF radar_adj=0 mom= conf=0
[BETA_X5] [1;36m18:26:42[0m [1;33mx3[0m [1;36m#440[0m SKIP tension=[1;36m0.00049591[0m [0m| momentum_too_small [1;31mconf=0.0008[0m
[BETA_X5] mode=OFF radar_adj=0 mom= conf=0
[ALPHA_X13_BURST13] [BARRIER_TIMEOUT] BETA en retard, ouverture forcée de la barrière au cycle 180
[BETA_X5] [1;36m18:26:50[0m [1;33mx3[0m [1;36m#441[0m SKIP tension=[1;36m0.00081631[0m [0m| momentum_too_small [1;31mconf=0.0011[0m
[ALPHA_X13_BURST13] mode=OFF radar_adj=0 mom= conf=0
[BETA_X5] mode=OFF radar_adj=0 mom= conf=0
[ALPHA_X13_BURST13] [1;36m18:26:55[0m [1;32mx13[0m [1;36m#180[0m SKIP tension=[1;36m0.66091026[0m [0m| wall_not_collapsed
[BETA_X5] [1;36m18:26:57[0m [1;33mx3[0m [1;36m#442[0m SKIP tension=[1;36m0.00000000[0m [0m| momentum_too_small [1;31mconf=0.3108[0m
[BETA_X5] mode=OFF radar_adj=0 mom= conf=0
[BETA_X5] [1;36m18:27:06[0m [1;33mx3[0m [1;36m#443[0m SKIP tension=[1;36m0.00430266[0m [0m| momentum_too_small [1;31mconf=0.007[0m
[BETA_X5] mode=OFF radar_adj=0 mom= conf=0
[ALPHA_X13_BURST13] [BARRIER_TIMEOUT] BETA en retard, ouverture forcée de la barrière au cycle 181
[BETA_X5] [1;36m18:27:14[0m [1;33mx3[0m [1;36m#444[0m SKIP tension=[1;36m0.00000000[0m [0m| momentum_too_small [1;31mconf=0.3408[0m
[ALPHA_X13_BURST13] mode=OFF radar_adj=0 mom= conf=0
[BETA_X5] mode=OFF radar_adj=0 mom= conf=0
[ALPHA_X13_BURST13] [1;36m18:27:20[0m [1;32mx13[0m [1;36m#181[0m SKIP tension=[1;36m0.00459078[0m [0m| momentum_too_small [1;31mconf=0.0075[0m
[BETA_X5] [1;36m18:27:23[0m [1;33mx3[0m [1;36m#445[0m SKIP tension=[1;36m0.00177032[0m [0m| momentum_too_small [1;31mconf=0.0029[0m
[BETA_X5] mode=OFF radar_adj=0 mom= conf=0
[BETA_X5] [1;36m18:27:32[0m [1;33mx3[0m [1;36m#446[0m SKIP tension=[1;36m0.00000000[0m [0m| momentum_too_small [1;31mconf=0.3267[0m
[BETA_X5] mode=OFF radar_adj=0 mom= conf=0
[ALPHA_X13_BURST13] [BARRIER_TIMEOUT] BETA en retard, ouverture forcée de la barrière au cycle 182
[ALPHA_X13_BURST13] mode=OFF radar_adj=0 mom= conf=0
[ALPHA_X13_BURST13] [1;36m18:27:45[0m [1;32mx13[0m [1;36m#182[0m SKIP tension=[1;36m0.00006318[0m [0m| momentum_too_small [1;31mconf=0.0001[0m
[BETA_X5] [1;36mentry=18:27:44@61961.60000000[0m [1;33mx3[0m [1;36m#447[0m [1;32mSELL[0m tension=[1;32m1.12133748[0m hold=[1;36m5[0ms sec=[1;36m5[0m [0m| exit=61959.00000000 [1;32mconf=0.9738[0m [1;36mexit_time=18:27:51[0m [1;32mpnl=0.01248000 bps=0.41961473 pct=0.00419615% total=0.1422199999999998[0m
[BETA_X5] mode=OFF radar_adj=0 mom= conf=0
[BETA_X5] [1;36m18:28:00[0m [1;33mx3[0m [1;36m#448[0m SKIP tension=[1;36m0.00000000[0m [0m| momentum_too_small [1;31mconf=0.3408[0m
[BETA_X5] mode=OFF radar_adj=0 mom= conf=0
[ALPHA_X13_BURST13] [BARRIER_TIMEOUT] BETA en retard, ouverture forcée de la barrière au cycle 183
[ALPHA_X13_BURST13] mode=OFF radar_adj=0 mom= conf=0
[ALPHA_X13_BURST13] [1;36m18:28:10[0m [1;32mx13[0m [1;36m#183[0m SKIP tension=[1;36m0.00000000[0m [0m| momentum_too_small [1;31mconf=0.3408[0m
[ALPHA_X13_BURST13] [BARRIER_TIMEOUT] BETA en retard, ouverture forcée de la barrière au cycle 184
[ALPHA_X13_BURST13] mode=OFF radar_adj=0 mom= conf=0
[ALPHA_X13_BURST13] [1;36m18:28:36[0m [1;32mx13[0m [1;36m#184[0m SKIP tension=[1;31m4.34014742[0m [0m| duo no_trigger
[BETA_X5] [1;36mCycle 449[0m [1;32mSOFT anomaly[0m [1;33m| pnl_abs=0.10368000 > 0.02500000[0m
[BETA_X5] [1;36mentry=18:28:17@61961.60000000[0m [1;33mx3[0m [1;36m#449[0m [1;32mSELL[0m tension=[1;31m9.40351722[0m hold=[1;36m22[0ms sec=[1;36m22[0m [0m| exit=61940.00000000 [1;32mconf=0.9738[0m [1;36mexit_time=18:28:39[0m [1;32mpnl=0.10368000 bps=3.48603006 pct=0.03486030% total=0.24589999999999979[0m
[BETA_X5] mode=OFF radar_adj=0 mom= conf=0
[BETA_X5] [1;36m18:28:49[0m [1;33mx3[0m [1;36m#450[0m SKIP [0m| Mode Écoute: spread=0.03230000 volat=20.19183859 (attente froid)
[BETA_X5] mode=OFF radar_adj=0 mom= conf=0
[ALPHA_X13_BURST13] [BARRIER_TIMEOUT] BETA en retard, ouverture forcée de la barrière au cycle 185
[ALPHA_X13_BURST13] mode=OFF radar_adj=0 mom= conf=0
[ALPHA_X13_BURST13] [1;36m18:29:02[0m [1;32mx13[0m [1;36m#185[0m SKIP tension=[1;36m0.00000000[0m [0m| momentum_too_small [1;31mconf=0.3489[0m
[BETA_X5] [1;36mentry=18:29:01@61898.20000000[0m [1;33mx3[0m [1;36m#451[0m [1;32mSELL[0m tension=[1;31m2.43356918[0m hold=[1;36m7[0ms sec=[1;36m7[0m [0m| exit=61898.10000000 [1;32mconf=0.998[0m [1;36mexit_time=18:29:08[0m [1;32mpnl=0.00048000 bps=0.01615556 pct=0.00016156% total=0.24637999999999982[0m
[BETA_X5] mode=OFF radar_adj=0 mom= conf=0
[ALPHA_X13_BURST13] [BARRIER_TIMEOUT] BETA en retard, ouverture forcée de la barrière au cycle 186
[ALPHA_X13_BURST13] mode=OFF radar_adj=0 mom= conf=0
[ALPHA_X13_BURST13] [1;36m18:29:28[0m [1;32mx13[0m [1;36m#186[0m SKIP tension=[1;36m0.00000000[0m [0m| momentum_too_small [1;31mconf=0.3489[0m
[BETA_X5] [1;36mentry=18:29:24@61898.40000000[0m [1;33mx3[0m [1;36m#452[0m [1;33mSELL[0m tension=[1;31m5.70058519[0m hold=[1;36m5[0ms sec=[1;36m5[0m [0m| exit=61898.40000000 [1;32mconf=0.997[0m [1;36mexit_time=18:29:30[0m [1;33mpnl=-0.00000000 bps=-0.00000000 pct=-0.00000000% total=0.24637999999999982[0m
[BETA_X5] mode=OFF radar_adj=0 mom= conf=0
[BETA_X5] [1;36m18:29:39[0m [1;33mx3[0m [1;36m#453[0m SKIP tension=[1;36m0.00003212[0m [0m| momentum_too_small [1;31mconf=0.0001[0m
[BETA_X5] mode=OFF radar_adj=0 mom= conf=0
[ALPHA_X13_BURST13] [BARRIER_TIMEOUT] BETA en retard, ouverture forcée de la barrière au cycle 187
[BETA_X5] [1;36m18:29:47[0m [1;33mx3[0m [1;36m#454[0m SKIP tension=[1;36m0.01281121[0m [0m| direction_unclear [1;31mconf=0.0213[0m
[ALPHA_X13_BURST13] mode=OFF radar_adj=0 mom= conf=0
[BETA_X5] mode=OFF radar_adj=0 mom= conf=0
[ALPHA_X13_BURST13] [1;36m18:29:54[0m [1;32mx13[0m [1;36m#187[0m SKIP tension=[1;31m3.29718789[0m [0m| duo no_trigger
[BETA_X5] [1;36mentry=18:30:00@61898.40000000[0m [1;33mx3[0m [1;36m#455[0m [1;33mSELL[0m tension=[1;32m1.47329252[0m hold=[1;36m9[0ms sec=[1;36m9[0m [0m| exit=61898.40000000 [1;32mconf=0.9849[0m [1;36mexit_time=18:30:09[0m [1;33mpnl=-0.00000000 bps=-0.00000000 pct=-0.00000000% total=0.24637999999999982[0m
[ALPHA_X13_BURST13] [BARRIER_TIMEOUT] BETA en retard, ouverture forcée de la barrière au cycle 188
[BETA_X5] mode=OFF radar_adj=0 mom= conf=0
[ALPHA_X13_BURST13] mode=OFF radar_adj=0 mom= conf=0
[ALPHA_X13_BURST13] [1;36m18:30:20[0m [1;32mx13[0m [1;36m#188[0m SKIP tension=[1;32m1.57163361[0m [0m| duo no_trigger
[BETA_X5] [1;36mentry=18:30:24@61900.00000000[0m [1;33mx3[0m [1;36m#456[0m [1;32mSELL[0m tension=[1;32m1.05223965[0m hold=[1;36m6[0ms sec=[1;36m6[0m [0m| exit=61899.90000000 [1;32mconf=0.9021[0m [1;36mexit_time=18:30:30[0m [1;32mpnl=0.00095000 bps=0.01615509 pct=0.00016155% total=0.24732999999999983[0m
[BETA_X5] mode=OFF radar_adj=0 mom= conf=0
[ALPHA_X13_BURST13] [BARRIER_TIMEOUT] BETA en retard, ouverture forcée de la barrière au cycle 189
[BETA_X5] [1;36m18:30:40[0m [1;33mx3[0m [1;36m#457[0m SKIP tension=[1;36m0.00000000[0m [0m| momentum_too_small [1;31mconf=0.3489[0m
[ALPHA_X13_BURST13] mode=OFF radar_adj=0 mom= conf=0
[BETA_X5] mode=OFF radar_adj=0 mom= conf=0
[ALPHA_X13_BURST13] [1;36m18:30:45[0m [1;32mx13[0m [1;36m#189[0m SKIP tension=[1;36m0.00142243[0m [0m| momentum_too_small [1;31mconf=0.0024[0m
[BETA_X5] [1;36m18:30:47[0m [1;33mx3[0m [1;36m#458[0m SKIP tension=[1;36m0.00015386[0m [0m| momentum_too_small [1;31mconf=0.0003[0m
[BETA_X5] mode=OFF radar_adj=0 mom= conf=0
[BETA_X5] [1;36m18:30:56[0m [1;33mx3[0m [1;36m#459[0m SKIP tension=[1;36m0.00008970[0m [0m| momentum_too_small [1;31mconf=0.0001[0m
[BETA_X5] mode=OFF radar_adj=0 mom= conf=0
[ALPHA_X13_BURST13] [BARRIER_TIMEOUT] BETA en retard, ouverture forcée de la barrière au cycle 190
[BETA_X5] [1;36m18:31:04[0m [1;33mx3[0m [1;36m#460[0m SKIP tension=[1;36m0.00030957[0m [0m| momentum_too_small [1;31mconf=0.0005[0m
[ALPHA_X13_BURST13] mode=OFF radar_adj=0 mom= conf=0
[BETA_X5] mode=OFF radar_adj=0 mom= conf=0
[ALPHA_X13_BURST13] [1;36m18:31:10[0m [1;32mx13[0m [1;36m#190[0m SKIP tension=[1;36m0.00005797[0m [0m| momentum_too_small [1;31mconf=0.0001[0m
[BETA_X5] [1;36m18:31:12[0m [1;33mx3[0m [1;36m#461[0m SKIP tension=[1;36m0.00000000[0m [0m| momentum_too_small [1;31mconf=0.3489[0m
[BETA_X5] mode=OFF radar_adj=0 mom= conf=0
[BETA_X5] [1;36m18:31:24[0m [1;33mx3[0m [1;36m#462[0m SKIP tension=[1;36m0.00004860[0m [0m| momentum_too_small [1;31mconf=0.0001[0m
[BETA_X5] mode=OFF radar_adj=0 mom= conf=0
[ALPHA_X13_BURST13] [BARRIER_TIMEOUT] BETA en retard, ouverture forcée de la barrière au cycle 191
[ALPHA_X13_BURST13] mode=OFF radar_adj=0 mom= conf=0
[BETA_X5] [1;36m18:31:32[0m [1;33mx3[0m [1;36m#463[0m SKIP tension=[1;36m0.00101707[0m [0m| momentum_too_small [1;31mconf=0.0015[0m
[ALPHA_X13_BURST13] [1;36m18:31:35[0m [1;32mx13[0m [1;36m#191[0m SKIP tension=[1;36m0.00000000[0m [0m| momentum_too_small [1;31mconf=0.3178[0m
[BETA_X5] mode=OFF radar_adj=0 mom= conf=0
[BETA_X5] [1;36m18:31:50[0m [1;33mx3[0m [1;36m#464[0m SKIP tension=[1;36m0.00007176[0m [0m| momentum_too_small [1;31mconf=0.0001[0m
[BETA_X5] mode=OFF radar_adj=0 mom= conf=0
[ALPHA_X13_BURST13] [BARRIER_TIMEOUT] BETA en retard, ouverture forcée de la barrière au cycle 192
[ALPHA_X13_BURST13] mode=OFF radar_adj=0 mom= conf=0
[ALPHA_X13_BURST13] [1;36m18:32:01[0m [1;32mx13[0m [1;36m#192[0m SKIP tension=[1;33m0.87004256[0m [0m| wall_not_collapsed
[BETA_X5] [1;36m18:32:04[0m [1;33mx3[0m [1;36m#465[0m SKIP tension=[1;32m1.77180342[0m [0m| tactic long vs short
[BETA_X5] mode=OFF radar_adj=0 mom= conf=0
[ALPHA_X13_BURST13] [BARRIER_TIMEOUT] BETA en retard, ouverture forcée de la barrière au cycle 193
[BETA_X5] [1;36mentry=18:32:16@61912.80000000[0m [1;33mx3[0m [1;36m#466[0m [1;33mSELL[0m tension=[1;31m2.35559749[0m hold=[1;36m6[0ms sec=[1;36m6[0m [0m| exit=61912.80000000 [1;32mconf=0.9021[0m [1;36mexit_time=18:32:22[0m [1;33mpnl=-0.00000000 bps=-0.00000000 pct=-0.00000000% total=0.24732999999999983[0m
[ALPHA_X13_BURST13] mode=OFF radar_adj=0 mom= conf=0
[BETA_X5] mode=OFF radar_adj=0 mom= conf=0
[ALPHA_X13_BURST13] [1;36m18:32:32[0m [1;32mx13[0m [1;36m#193[0m SKIP tension=[1;31m2.05688048[0m [0m| duo no_trigger
[BETA_X5] [1;36mCycle 467[0m [1;32mSOFT anomaly[0m [1;33m| pnl_abs=0.02565000 > 0.02500000[0m
[BETA_X5] [1;36mentry=18:32:36@61912.90000000[0m [1;33mx3[0m [1;36m#467[0m [1;31mSELL[0m tension=[1;31m2.05688642[0m hold=[1;36m6[0ms sec=[1;36m6[0m [0m| exit=61915.60000000 [1;32mconf=0.9909[0m [1;36mexit_time=18:32:42[0m [1;31mpnl=-0.02565000 bps=-0.43609652 pct=-0.00436097% total=0.22167999999999988[0m
[BETA_X5] mode=OFF radar_adj=0 mom= conf=0
[ALPHA_X13_BURST13] [BARRIER_TIMEOUT] BETA en retard, ouverture forcée de la barrière au cycle 194
[ALPHA_X13_BURST13] mode=OFF radar_adj=0 mom= conf=0
[BETA_X5] [1;36m18:32:52[0m [1;33mx3[0m [1;36m#468[0m SKIP tension=[1;36m0.00000000[0m [0m| momentum_too_small [1;31mconf=0.3239[0m
[BETA_X5] mode=OFF radar_adj=0 mom= conf=0
[ALPHA_X13_BURST13] [1;36m18:32:56[0m [1;32mx13[0m [1;36m#194[0m SKIP tension=[1;36m0.45720358[0m [0m| wall_not_collapsed
[BETA_X5] [1;36m18:33:00[0m [1;33mx3[0m [1;36m#469[0m SKIP tension=[1;36m0.00000000[0m [0m| momentum_too_small [1;31mconf=0.321[0m
[BETA_X5] mode=OFF radar_adj=0 mom= conf=0
[ALPHA_X13_BURST13] [BARRIER_TIMEOUT] BETA en retard, ouverture forcée de la barrière au cycle 195
[ALPHA_X13_BURST13] mode=OFF radar_adj=0 mom= conf=0
[BETA_X5] [1;36mentry=18:33:14@61912.80000000[0m [1;33mx3[0m [1;36m#470[0m [1;33mSELL[0m tension=[1;31m6.51877234[0m hold=[1;36m5[0ms sec=[1;36m5[0m [0m| exit=61912.80000000 [1;32mconf=0.9172[0m [1;36mexit_time=18:33:19[0m [1;33mpnl=-0.00000000 bps=-0.00000000 pct=-0.00000000% total=0.22167999999999988[0m
[ALPHA_X13_BURST13] [1;36m18:33:22[0m [1;32mx13[0m [1;36m#195[0m SKIP tension=[1;36m0.04278172[0m [0m| direction_unclear [1;31mconf=0.0654[0m
[BETA_X5] mode=OFF radar_adj=0 mom= conf=0
[BETA_X5] [1;36mCycle 471[0m [1;32mSOFT anomaly[0m [1;33m| pnl_abs=0.03936000 > 0.02500000[0m
[ALPHA_X13_BURST13] [BARRIER_TIMEOUT] BETA en retard, ouverture forcée de la barrière au cycle 196
[BETA_X5] [1;36mentry=18:33:34@61912.80000000[0m [1;33mx3[0m [1;36m#471[0m [1;31mSELL[0m tension=[1;31m4.57780845[0m hold=[1;36m6[0ms sec=[1;36m6[0m [0m| exit=61921.00000000 [1;32mconf=0.999[0m [1;36mexit_time=18:33:40[0m [1;31mpnl=-0.03936000 bps=-1.32444341 pct=-0.01324443% total=0.18231999999999982[0m
[ALPHA_X13_BURST13] mode=OFF radar_adj=0 mom= conf=0
[BETA_X5] mode=OFF radar_adj=0 mom= conf=0
[ALPHA_X13_BURST13] [1;36m18:33:47[0m [1;32mx13[0m [1;36m#196[0m SKIP tension=[1;36m0.00859464[0m [0m| direction_unclear [1;31mconf=0.0139[0m
[BETA_X5] [1;36m18:33:50[0m [1;33mx3[0m [1;36m#472[0m SKIP tension=[1;36m0.00001908[0m [0m| momentum_too_small [1;31mconf=0.0[0m
[BETA_X5] mode=OFF radar_adj=0 mom= conf=0
[BETA_X5] [1;36m18:33:57[0m [1;33mx3[0m [1;36m#473[0m SKIP tension=[1;36m0.00003050[0m [0m| momentum_too_small [1;31mconf=0.0[0m
[BETA_X5] mode=OFF radar_adj=0 mom= conf=0
[ALPHA_X13_BURST13] [BARRIER_TIMEOUT] BETA en retard, ouverture forcée de la barrière au cycle 197
[BETA_X5] [1;36m18:34:06[0m [1;33mx3[0m [1;36m#474[0m SKIP tension=[1;33m0.93840916[0m [0m| wall_not_collapsed
[ALPHA_X13_BURST13] mode=OFF radar_adj=0 mom= conf=0
[BETA_X5] mode=OFF radar_adj=0 mom= conf=0
[ALPHA_X13_BURST13] [1;36m18:34:12[0m [1;32mx13[0m [1;36m#197[0m SKIP tension=[1;36m0.00000000[0m [0m| momentum_too_small [1;31mconf=0.3376[0m
[BETA_X5] [1;36m18:34:15[0m [1;33mx3[0m [1;36m#475[0m SKIP tension=[1;36m0.76240093[0m [0m| wall_not_collapsed
[BETA_X5] mode=OFF radar_adj=0 mom= conf=0
[BETA_X5] [1;36m18:34:24[0m [1;33mx3[0m [1;36m#476[0m SKIP tension=[1;36m0.00003216[0m [0m| momentum_too_small [1;31mconf=0.0001[0m
[BETA_X5] mode=OFF radar_adj=0 mom= conf=0
[ALPHA_X13_BURST13] [BARRIER_TIMEOUT] BETA en retard, ouverture forcée de la barrière au cycle 198
[ALPHA_X13_BURST13] mode=OFF radar_adj=0 mom= conf=0
[BETA_X5] [1;36m18:34:32[0m [1;33mx3[0m [1;36m#477[0m SKIP tension=[1;36m0.00000000[0m [0m| momentum_too_small [1;31mconf=0.3235[0m
[BETA_X5] mode=OFF radar_adj=0 mom= conf=0
[ALPHA_X13_BURST13] [1;36m18:34:37[0m [1;32mx13[0m [1;36m#198[0m SKIP tension=[1;36m0.00000000[0m [0m| momentum_too_small [1;31mconf=0.3217[0m
[BETA_X5] [1;36m18:34:45[0m [1;33mx3[0m [1;36m#478[0m SKIP tension=[1;36m0.00047432[0m [0m| momentum_too_small [1;31mconf=0.0007[0m
[BETA_X5] mode=OFF radar_adj=0 mom= conf=0
[BETA_X5] [1;36m18:34:53[0m [1;33mx3[0m [1;36m#479[0m SKIP tension=[1;36m0.00000000[0m [0m| momentum_too_small [1;31mconf=0.3076[0m
[ALPHA_X13_BURST13] [BARRIER_TIMEOUT] BETA en retard, ouverture forcée de la barrière au cycle 199
[BETA_X5] mode=OFF radar_adj=0 mom= conf=0
[ALPHA_X13_BURST13] mode=OFF radar_adj=0 mom= conf=0
[BETA_X5] [1;36m18:35:01[0m [1;33mx3[0m [1;36m#480[0m SKIP tension=[1;36m0.00000000[0m [0m| momentum_too_small [1;31mconf=0.3076[0m
[ALPHA_X13_BURST13] [1;36m18:35:02[0m [1;32mx13[0m [1;36m#199[0m SKIP tension=[1;36m0.00000000[0m [0m| momentum_too_small [1;31mconf=0.3341[0m
[BETA_X5] mode=OFF radar_adj=0 mom= conf=0
[BETA_X5] [1;36m18:35:08[0m [1;33mx3[0m [1;36m#481[0m SKIP tension=[1;36m0.00002217[0m [0m| momentum_too_small [1;31mconf=0.0[0m
[BETA_X5] mode=OFF radar_adj=0 mom= conf=0
[BETA_X5] [1;36m18:35:16[0m [1;33mx3[0m [1;36m#482[0m SKIP tension=[1;36m0.00003009[0m [0m| momentum_too_small [1;31mconf=0.0[0m
[BETA_X5] mode=OFF radar_adj=0 mom= conf=0
[ALPHA_X13_BURST13] [BARRIER_TIMEOUT] BETA en retard, ouverture forcée de la barrière au cycle 200
[ALPHA_X13_BURST13] mode=OFF radar_adj=0 mom= conf=0
[BETA_X5] [1;36m18:35:24[0m [1;33mx3[0m [1;36m#483[0m SKIP tension=[1;36m0.00000062[0m [0m| momentum_too_small [1;31mconf=0.0[0m
[BETA_X5] mode=OFF radar_adj=0 mom= conf=0
[ALPHA_X13_BURST13] [1;36m18:35:28[0m [1;32mx13[0m [1;36m#200[0m SKIP tension=[1;36m0.32631115[0m [0m| wall_not_collapsed
[BETA_X5] [1;36mCycle 484[0m [1;32mSOFT anomaly[0m [1;33m| pnl_abs=0.05760000 > 0.02500000[0m
[BETA_X5] [1;36mentry=18:35:37@61912.80000000[0m [1;33mx3[0m [1;36m#484[0m [1;31mSELL[0m tension=[1;32m1.04049732[0m hold=[1;36m6[0ms sec=[1;36m6[0m [0m| exit=61924.80000000 [1;32mconf=0.9788[0m [1;36mexit_time=18:35:43[0m [1;31mpnl=-0.05760000 bps=-1.93820987 pct=-0.01938210% total=0.12471999999999972[0m
[ALPHA_X13_BURST13] [BARRIER_TIMEOUT] BETA en retard, ouverture forcée de la barrière au cycle 201
[ALPHA_X13_BURST13] mode=OFF radar_adj=0 mom= conf=0
[BETA_X5] mode=OFF radar_adj=0 mom= conf=0
[ALPHA_X13_BURST13] [1;36mCycle 201[0m [1;32mSOFT anomaly[0m [1;33m| pnl_abs=1.38545000 > 0.02500000[0m
[BETA_X5] [1;36mCycle 485[0m [1;32mSOFT anomaly[0m [1;33m| pnl_abs=0.02640000 > 0.02500000[0m
[ALPHA_X13_BURST13] [1;36mentry=18:35:58@61922.10000000[0m [1;32mx13[0m [1;36m#201[0m [1;32mBUY[0m tension=[1;31m2.36945157[0m hold=[1;36m6[0ms sec=[1;36m6[0m [0m| exit=61927.60000000 [1;32mconf=0.9627[0m [1;36mexit_time=18:36:04[0m [1;32mpnl=1.38545000 bps=0.88821277 pct=0.00888213% total=1.4837699999999998[0m
[BETA_X5] [1;36mentry=18:35:58@61922.10000000[0m [1;33mx3[0m [1;36m#485[0m [1;31mSELL[0m tension=[1;31m2.36945157[0m hold=[1;36m6[0ms sec=[1;36m6[0m [0m| exit=61927.60000000 [1;32mconf=0.9627[0m [1;36mexit_time=18:36:04[0m [1;31mpnl=-0.02640000 bps=-0.88821277 pct=-0.00888213% total=1.4837699999999998[0m
[BETA_X5] mode=OFF radar_adj=0 mom= conf=0
[BETA_X5] [1;36m18:36:14[0m [1;33mx3[0m [1;36m#486[0m SKIP tension=[1;33m0.93567333[0m [0m| wall_not_collapsed
[BETA_X5] mode=OFF radar_adj=0 mom= conf=0
[ALPHA_X13_BURST13] [BARRIER_TIMEOUT] BETA en retard, ouverture forcée de la barrière au cycle 202
[ALPHA_X13_BURST13] mode=OFF radar_adj=0 mom= conf=0
[ALPHA_X13_BURST13] [1;36m18:36:31[0m [1;32mx13[0m [1;36m#202[0m SKIP tension=[1;36m0.00001976[0m [0m| momentum_too_small [1;31mconf=0.0[0m
[BETA_X5] [1;36mCycle 487[0m [1;32mSOFT anomaly[0m [1;33m| pnl_abs=0.02736000 > 0.02500000[0m
[BETA_X5] [1;36mentry=18:36:26@61932.10000000[0m [1;33mx3[0m [1;36m#487[0m [1;31mSELL[0m tension=[1;31m5.52036471[0m hold=[1;36m9[0ms sec=[1;36m9[0m [0m| exit=61937.80000000 [1;32mconf=0.999[0m [1;36mexit_time=18:36:35[0m [1;31mpnl=-0.02736000 bps=-0.92036278 pct=-0.00920363% total=1.4564099999999998[0m
[BETA_X5] mode=OFF radar_adj=0 mom= conf=0
[BETA_X5] [1;36m18:36:44[0m [1;33mx3[0m [1;36m#488[0m SKIP tension=[1;36m0.00000000[0m [0m| momentum_too_small [1;31mconf=0.3235[0m
[BETA_X5] mode=OFF radar_adj=0 mom= conf=0
[ALPHA_X13_BURST13] [BARRIER_TIMEOUT] BETA en retard, ouverture forcée de la barrière au cycle 203
[ALPHA_X13_BURST13] mode=OFF radar_adj=0 mom= conf=0
[BETA_X5] [1;36m18:36:52[0m [1;33mx3[0m [1;36m#489[0m SKIP tension=[1;36m0.00055634[0m [0m| momentum_too_small [1;31mconf=0.0009[0m
[BETA_X5] mode=OFF radar_adj=0 mom= conf=0
[ALPHA_X13_BURST13] [1;36m18:37:01[0m [1;32mx13[0m [1;36m#203[0m SKIP tension=[1;36m0.00000000[0m [0m| momentum_too_small [1;31mconf=0.3387[0m
[BETA_X5] [1;36mentry=18:37:05@61945.30000000[0m [1;33mx3[0m [1;36m#490[0m [1;32mSELL[0m tension=[1;31m2.40097860[0m hold=[1;36m11[0ms sec=[1;36m11[0m [0m| exit=61943.30000000 [1;32mconf=0.9677[0m [1;36mexit_time=18:37:16[0m [1;32mpnl=0.00960000 bps=0.32286550 pct=0.00322866% total=1.4660099999999998[0m
[ALPHA_X13_BURST13] [BARRIER_TIMEOUT] BETA en retard, ouverture forcée de la barrière au cycle 204
[BETA_X5] mode=OFF radar_adj=0 mom= conf=0
[ALPHA_X13_BURST13] mode=OFF radar_adj=0 mom= conf=0
[BETA_X5] [1;36m18:37:25[0m [1;33mx3[0m [1;36m#491[0m SKIP tension=[1;36m0.00000000[0m [0m| momentum_too_small [1;31mconf=0.3383[0m
[ALPHA_X13_BURST13] [1;36m18:37:27[0m [1;32mx13[0m [1;36m#204[0m SKIP tension=[1;36m0.00000000[0m [0m| momentum_too_small [1;31mconf=0.3383[0m
[BETA_X5] mode=OFF radar_adj=0 mom= conf=0
[BETA_X5] [1;36m18:37:33[0m [1;33mx3[0m [1;36m#492[0m SKIP tension=[1;36m0.57888076[0m [0m| wall_not_collapsed
[BETA_X5] mode=OFF radar_adj=0 mom= conf=0
[BETA_X5] [1;36m18:37:41[0m [1;33mx3[0m [1;36m#493[0m SKIP tension=[1;36m0.00000000[0m [0m| momentum_too_small [1;31mconf=0.3387[0m
[BETA_X5] mode=OFF radar_adj=0 mom= conf=0
[ALPHA_X13_BURST13] [BARRIER_TIMEOUT] BETA en retard, ouverture forcée de la barrière au cycle 205
[ALPHA_X13_BURST13] mode=OFF radar_adj=0 mom= conf=0
[ALPHA_X13_BURST13] [1;36m18:37:57[0m [1;32mx13[0m [1;36m#205[0m SKIP tension=[1;36m0.00000041[0m [0m| momentum_too_small [1;31mconf=0.0[0m
[BETA_X5] [1;36mentry=18:37:53@61943.40000000[0m [1;33mx3[0m [1;36m#494[0m [1;33mSELL[0m tension=[1;32m1.96724031[0m hold=[1;36m7[0ms sec=[1;36m7[0m [0m| exit=61943.40000000 [1;32mconf=0.9677[0m [1;36mexit_time=18:38:00[0m [1;33mpnl=-0.00000000 bps=-0.00000000 pct=-0.00000000% total=1.4660099999999998[0m
[BETA_X5] mode=OFF radar_adj=0 mom= conf=0
[BETA_X5] [1;36m18:38:11[0m [1;33mx3[0m [1;36m#495[0m SKIP tension=[1;36m0.00000000[0m [0m| momentum_too_small [1;31mconf=0.3383[0m
[BETA_X5] mode=OFF radar_adj=0 mom= conf=0
[ALPHA_X13_BURST13] [BARRIER_TIMEOUT] BETA en retard, ouverture forcée de la barrière au cycle 206
[ALPHA_X13_BURST13] mode=OFF radar_adj=0 mom= conf=0
[BETA_X5] [1;36m18:38:19[0m [1;33mx3[0m [1;36m#496[0m SKIP tension=[1;36m0.00000000[0m [0m| momentum_too_small [1;31mconf=0.3383[0m
[BETA_X5] mode=OFF radar_adj=0 mom= conf=0
[ALPHA_X13_BURST13] [1;36m18:38:22[0m [1;32mx13[0m [1;36m#206[0m SKIP tension=[1;36m0.05814772[0m [0m| direction_unclear [1;31mconf=0.0926[0m
[BETA_X5] [1;36mentry=18:38:31@61946.60000000[0m [1;33mx3[0m [1;36m#497[0m [1;31mSELL[0m tension=[1;31m4.83252459[0m hold=[1;36m6[0ms sec=[1;36m6[0m [0m| exit=61949.50000000 [1;32mconf=0.9566[0m [1;36mexit_time=18:38:37[0m [1;31mpnl=-0.01392000 bps=-0.46814514 pct=-0.00468145% total=1.4520899999999999[0m
[ALPHA_X13_BURST13] [BARRIER_TIMEOUT] BETA en retard, ouverture forcée de la barrière au cycle 207
[BETA_X5] mode=OFF radar_adj=0 mom= conf=0
[ALPHA_X13_BURST13] mode=OFF radar_adj=0 mom= conf=0
[BETA_X5] [1;36m18:38:46[0m [1;33mx3[0m [1;36m#498[0m SKIP tension=[1;36m0.00000000[0m [0m| momentum_too_small [1;31mconf=0.3419[0m
[ALPHA_X13_BURST13] [1;36m18:38:47[0m [1;32mx13[0m [1;36m#207[0m SKIP tension=[1;36m0.00090903[0m [0m| momentum_too_small [1;31mconf=0.0015[0m
[BETA_X5] mode=OFF radar_adj=0 mom= conf=0
[BETA_X5] [1;36m18:38:54[0m [1;33mx3[0m [1;36m#499[0m SKIP tension=[1;36m0.00300665[0m [0m| momentum_too_small [1;31mconf=0.0042[0m
[BETA_X5] mode=OFF radar_adj=0 mom= conf=0
[BETA_X5] [1;36m18:39:02[0m [1;33mx3[0m [1;36m#500[0m SKIP tension=[1;36m0.01133152[0m [0m| direction_unclear [1;31mconf=0.0161[0m
[BETA_X5] mode=OFF radar_adj=0 mom= conf=0
[ALPHA_X13_BURST13] [BARRIER_TIMEOUT] BETA en retard, ouverture forcée de la barrière au cycle 208
[ALPHA_X13_BURST13] mode=OFF radar_adj=0 mom= conf=0
[BETA_X5] [1;36m18:39:10[0m [1;33mx3[0m [1;36m#501[0m SKIP tension=[1;36m0.11795796[0m [0m| direction_unclear [1;31mconf=0.1962[0m
[BETA_X5] mode=OFF radar_adj=0 mom= conf=0
[BETA_X5] [1;36m18:39:17[0m [1;33mx3[0m [1;36m#502[0m SKIP tension=[1;33m0.85892000[0m [0m| wall_not_collapsed
[ALPHA_X13_BURST13] [1;36m18:39:17[0m [1;32mx13[0m [1;36m#208[0m SKIP tension=[1;31m8.76765796[0m [0m| tactic short vs long
[BETA_X5] mode=OFF radar_adj=0 mom= conf=0
[BETA_X5] [1;36m18:39:25[0m [1;33mx3[0m [1;36m#503[0m SKIP tension=[1;36m0.00026200[0m [0m| momentum_too_small [1;31mconf=0.0004[0m
[BETA_X5] mode=OFF radar_adj=0 mom= conf=0
[BETA_X5] [1;36m18:39:33[0m [1;33mx3[0m [1;36m#504[0m SKIP tension=[1;36m0.00000000[0m [0m| momentum_too_small [1;31mconf=0.3433[0m
[BETA_X5] mode=OFF radar_adj=0 mom= conf=0
[ALPHA_X13_BURST13] [BARRIER_TIMEOUT] BETA en retard, ouverture forcée de la barrière au cycle 209
[ALPHA_X13_BURST13] mode=OFF radar_adj=0 mom= conf=0
[BETA_X5] [1;36m18:39:41[0m [1;33mx3[0m [1;36m#505[0m SKIP tension=[1;36m0.00000000[0m [0m| momentum_too_small [1;31mconf=0.3415[0m
[BETA_X5] mode=OFF radar_adj=0 mom= conf=0
[ALPHA_X13_BURST13] [1;36m18:39:48[0m [1;32mx13[0m [1;36m#209[0m SKIP tension=[1;36m0.00039737[0m [0m| momentum_too_small [1;31mconf=0.0006[0m
[BETA_X5] [1;36m18:39:49[0m [1;33mx3[0m [1;36m#506[0m SKIP tension=[1;36m0.00007030[0m [0m| momentum_too_small [1;31mconf=0.0001[0m
[BETA_X5] mode=OFF radar_adj=0 mom= conf=0
[BETA_X5] [1;36m18:39:57[0m [1;33mx3[0m [1;36m#507[0m SKIP tension=[1;36m0.00000699[0m [0m| momentum_too_small [1;31mconf=0.0[0m
[BETA_X5] mode=OFF radar_adj=0 mom= conf=0
[BETA_X5] [1;36m18:40:05[0m [1;33mx3[0m [1;36m#508[0m SKIP tension=[1;36m0.00000000[0m [0m| momentum_too_small [1;31mconf=0.3415[0m
[ALPHA_X13_BURST13] [BARRIER_TIMEOUT] BETA en retard, ouverture forcée de la barrière au cycle 210
[BETA_X5] mode=OFF radar_adj=0 mom= conf=0
[ALPHA_X13_BURST13] mode=OFF radar_adj=0 mom= conf=0
[ALPHA_X13_BURST13] [1;36m18:40:15[0m [1;32mx13[0m [1;36m#210[0m SKIP tension=[1;36m0.00000711[0m [0m| momentum_too_small [1;31mconf=0.0[0m
[BETA_X5] [1;36m18:40:15[0m [1;33mx3[0m [1;36m#509[0m SKIP tension=[1;36m0.00002132[0m [0m| momentum_too_small [1;31mconf=0.0[0m
[BETA_X5] mode=OFF radar_adj=0 mom= conf=0
[BETA_X5] [1;36m18:40:23[0m [1;33mx3[0m [1;36m#510[0m SKIP tension=[1;36m0.00000000[0m [0m| momentum_too_small [1;31mconf=0.3415[0m
[BETA_X5] mode=OFF radar_adj=0 mom= conf=0
[BETA_X5] [1;36m18:40:33[0m [1;33mx3[0m [1;36m#511[0m SKIP tension=[1;36m0.00000000[0m [0m| momentum_too_small [1;31mconf=0.3429[0m
[ALPHA_X13_BURST13] [BARRIER_TIMEOUT] BETA en retard, ouverture forcée de la barrière au cycle 211
[BETA_X5] mode=OFF radar_adj=0 mom= conf=0
[ALPHA_X13_BURST13] mode=OFF radar_adj=0 mom= conf=0
[BETA_X5] [1;36m18:40:40[0m [1;33mx3[0m [1;36m#512[0m SKIP tension=[1;36m0.00001452[0m [0m| momentum_too_small [1;31mconf=0.0[0m
[ALPHA_X13_BURST13] [1;36m18:40:41[0m [1;32mx13[0m [1;36m#211[0m SKIP tension=[1;36m0.00001010[0m [0m| momentum_too_small [1;31mconf=0.0[0m
[BETA_X5] mode=OFF radar_adj=0 mom= conf=0
[BETA_X5] [1;36m18:40:48[0m [1;33mx3[0m [1;36m#513[0m SKIP tension=[1;36m0.00004851[0m [0m| momentum_too_small [1;31mconf=0.0001[0m
[BETA_X5] mode=OFF radar_adj=0 mom= conf=0
[BETA_X5] [1;36m18:40:57[0m [1;33mx3[0m [1;36m#514[0m SKIP tension=[1;36m0.22778610[0m [0m| wall_not_collapsed
[ALPHA_X13_BURST13] [BARRIER_TIMEOUT] BETA en retard, ouverture forcée de la barrière au cycle 212
[BETA_X5] mode=OFF radar_adj=0 mom= conf=0
[ALPHA_X13_BURST13] mode=OFF radar_adj=0 mom= conf=0
[ALPHA_X13_BURST13] [1;36m18:41:07[0m [1;32mx13[0m [1;36m#212[0m SKIP tension=[1;36m0.00000000[0m [0m| momentum_too_small [1;31mconf=0.3267[0m
[BETA_X5] [1;36mCycle 515[0m [1;32mSOFT anomaly[0m [1;33m| pnl_abs=0.06270000 > 0.02500000[0m
[BETA_X5] [1;36mentry=18:41:09@61950.10000000[0m [1;33mx3[0m [1;36m#515[0m [1;32mSELL[0m tension=[1;31m4.43342206[0m hold=[1;36m5[0ms sec=[1;36m5[0m [0m| exit=61943.50000000 [1;32mconf=0.9334[0m [1;36mexit_time=18:41:14[0m [1;32mpnl=0.06270000 bps=1.06537358 pct=0.01065374% total=1.5147899999999999[0m
[BETA_X5] mode=OFF radar_adj=0 mom= conf=0
[BETA_X5] [1;36m18:41:24[0m [1;33mx3[0m [1;36m#516[0m SKIP tension=[1;36m0.00001445[0m [0m| momentum_too_small [1;31mconf=0.0[0m
[ALPHA_X13_BURST13] [BARRIER_TIMEOUT] BETA en retard, ouverture forcée de la barrière au cycle 213
[ALPHA_X13_BURST13] mode=OFF radar_adj=0 mom= conf=0
[BETA_X5] mode=OFF radar_adj=0 mom= conf=0
[ALPHA_X13_BURST13] [1;36m18:41:33[0m [1;32mx13[0m [1;36m#213[0m SKIP tension=[1;31m2.09790935[0m [0m| duo no_trigger
[BETA_X5] [1;36m18:41:37[0m [1;33mx3[0m [1;36m#517[0m SKIP tension=[1;36m0.00000000[0m [0m| momentum_too_small [1;31mconf=0.3175[0m
[BETA_X5] mode=OFF radar_adj=0 mom= conf=0
[BETA_X5] [1;36m18:41:45[0m [1;33mx3[0m [1;36m#518[0m SKIP tension=[1;36m0.00000000[0m [0m| momentum_too_small [1;31mconf=0.344[0m
[BETA_X5] mode=OFF radar_adj=0 mom= conf=0
[ALPHA_X13_BURST13] [BARRIER_TIMEOUT] BETA en retard, ouverture forcée de la barrière au cycle 214
[BETA_X5] [1;36m18:41:53[0m [1;33mx3[0m [1;36m#519[0m SKIP tension=[1;36m0.00000826[0m [0m| momentum_too_small [1;31mconf=0.0[0m
[ALPHA_X13_BURST13] mode=OFF radar_adj=0 mom= conf=0
[BETA_X5] mode=OFF radar_adj=0 mom= conf=0
[BETA_X5] [1;36m18:42:00[0m [1;33mx3[0m [1;36m#520[0m SKIP tension=[1;36m0.00000000[0m [0m| momentum_too_small [1;31mconf=0.3203[0m
[BETA_X5] mode=OFF radar_adj=0 mom= conf=0
[BETA_X5] [1;36m--- ACE777 STRICT CLONE FUTURES TESTNET ---[0m
[BETA_X5] [1;32mV8 Resonance ON:[0m [1;36mimpulse_thr=0.96 dt_ms=64 aspiration=1.618@37.8deg void_lock=TRUE shock_exit=TRUE[0m
[BETA_X5] [1;32mV8 Tension ON:[0m [1;36mwall_drop=6.5% dt_ms=64 filter=0.85 depth=20[0m
[BETA_X5] [1;36mSymbol=BTCUSDT[0m [1;32mLeverage=3[0m [1;36mBuyUSDT=200 Orders=TRUE[0m
[ALPHA_X13_BURST13] [1;36m--- ACE777 STRICT CLONE FUTURES TESTNET ---[0m
[ALPHA_X13_BURST13] [1;36mLeverage ramp ON:[0m [1;36mstart=13 end=13 cycles=180[0m
[ALPHA_X13_BURST13] [1;32mV8 Resonance ON:[0m [1;36mimpulse_thr=0.96 dt_ms=64 aspiration=1.618@37.8deg void_lock=TRUE shock_exit=TRUE[0m
[ALPHA_X13_BURST13] [1;32mV8 Tension ON:[0m [1;36mwall_drop=6.5% dt_ms=64 filter=0.85 depth=20[0m
[ALPHA_X13_BURST13] [1;36mSymbol=BTCUSDT[0m [1;32mLeverage=13[0m [1;36mBuyUSDT=800 Orders=TRUE[0m
[BETA_X5] mode=OFF radar_adj=0 mom= conf=0
[BETA_X5] [1;36m18:50:27[0m [1;33mx3[0m [1;36m#1[0m SKIP tension=[1;36m0.02201642[0m [0m| direction_unclear [1;31mconf=0.0367[0m
[BETA_X5] mode=OFF radar_adj=0 mom= conf=0
[BETA_X5] [1;36m18:50:35[0m [1;33mx3[0m [1;36m#2[0m SKIP tension=[1;36m0.00003692[0m [0m| momentum_too_small [1;31mconf=0.0001[0m
[BETA_X5] mode=OFF radar_adj=0 mom= conf=0
[ALPHA_X13_BURST13] [BARRIER_TIMEOUT] BETA en retard, ouverture forcée de la barrière au cycle 1
[ALPHA_X13_BURST13] mode=OFF radar_adj=0 mom= conf=0
[BETA_X5] [1;36m18:50:43[0m [1;33mx3[0m [1;36m#3[0m SKIP tension=[1;36m0.00009678[0m [0m| momentum_too_small [1;31mconf=0.0002[0m
[BETA_X5] mode=OFF radar_adj=0 mom= conf=0
[ALPHA_X13_BURST13] [1;36m18:50:47[0m [1;32mx13[0m [1;36m#1[0m SKIP tension=[1;36m0.00005221[0m [0m| momentum_too_small [1;31mconf=0.0001[0m
[BETA_X5] [1;36m18:50:51[0m [1;33mx3[0m [1;36m#4[0m SKIP tension=[1;36m0.00001529[0m [0m| momentum_too_small [1;31mconf=0.0[0m
[BETA_X5] mode=OFF radar_adj=0 mom= conf=0
[ALPHA_X13_BURST13] [BARRIER_TIMEOUT] BETA en retard, ouverture forcée de la barrière au cycle 2
[ALPHA_X13_BURST13] mode=OFF radar_adj=0 mom= conf=0
[BETA_X5] [1;36mentry=18:51:04@61994.30000000[0m [1;33mx3[0m [1;36m#5[0m [1;32mSELL[0m tension=[1;31m3.38957069[0m hold=[1;36m5[0ms sec=[1;36m5[0m [0m| exit=61992.70000000 [1;32mconf=0.9919[0m [1;36mexit_time=18:51:10[0m [1;32mpnl=0.01520000 bps=0.25808824 pct=0.00258088% total=0.0152[0m
[ALPHA_X13_BURST13] [1;36m18:51:12[0m [1;32mx13[0m [1;36m#2[0m SKIP tension=[1;33m0.92918107[0m [0m| wall_not_collapsed
[BETA_X5] mode=OFF radar_adj=0 mom= conf=0
[BETA_X5] [1;36mCycle 6[0m [1;32mSOFT anomaly[0m [1;33m| pnl_abs=0.03325000 > 0.02500000[0m
[BETA_X5] [1;36mentry=18:51:23@61990.80000000[0m [1;33mx3[0m [1;36m#6[0m [1;31mSELL[0m tension=[1;32m1.39916301[0m hold=[1;36m6[0ms sec=[1;36m6[0m [0m| exit=61994.30000000 [1;32mconf=0.9607[0m [1;36mexit_time=18:51:29[0m [1;31mpnl=-0.03325000 bps=-0.56459991 pct=-0.00564600% total=-0.018050000000000004[0m
[ALPHA_X13_BURST13] [BARRIER_TIMEOUT] BETA en retard, ouverture forcée de la barrière au cycle 3
[ALPHA_X13_BURST13] mode=OFF radar_adj=0 mom= conf=0
[BETA_X5] mode=OFF radar_adj=0 mom= conf=0
[ALPHA_X13_BURST13] [1;36m18:51:37[0m [1;32mx13[0m [1;36m#3[0m SKIP tension=[1;36m0.01360037[0m [0m| direction_unclear [1;31mconf=0.0222[0m
[BETA_X5] [1;36mentry=18:51:43@61996.50000000[0m [1;33mx3[0m [1;36m#7[0m [1;31mSELL[0m tension=[1;31m4.67579457[0m hold=[1;36m5[0ms sec=[1;36m5[0m [0m| exit=61996.70000000 [1;32mconf=0.9778[0m [1;36mexit_time=18:51:48[0m [1;31mpnl=-0.00096000 bps=-0.03225989 pct=-0.00032260% total=-0.019010000000000003[0m
[BETA_X5] mode=OFF radar_adj=0 mom= conf=0
[ALPHA_X13_BURST13] [BARRIER_TIMEOUT] BETA en retard, ouverture forcée de la barrière au cycle 4
[ALPHA_X13_BURST13] mode=OFF radar_adj=0 mom= conf=0
[ALPHA_X13_BURST13] [1;36m18:52:02[0m [1;32mx13[0m [1;36m#4[0m SKIP tension=[1;36m0.00001878[0m [0m| momentum_too_small [1;31mconf=0.0[0m
[BETA_X5] [1;36mCycle 8[0m [1;32mSOFT anomaly[0m [1;33m| pnl_abs=0.02976000 > 0.02500000[0m
[BETA_X5] [1;36mentry=18:52:02@61996.70000000[0m [1;33mx3[0m [1;36m#8[0m [1;32mSELL[0m tension=[1;31m2.07156346[0m hold=[1;36m7[0ms sec=[1;36m7[0m [0m| exit=61990.50000000 [1;32mconf=0.9315[0m [1;36mexit_time=18:52:09[0m [1;32mpnl=0.02976000 bps=1.00005323 pct=0.01000053% total=0.01075[0m
[BETA_X5] mode=OFF radar_adj=0 mom= conf=0
[BETA_X5] [1;36m18:52:19[0m [1;33mx3[0m [1;36m#9[0m SKIP tension=[1;36m0.62492353[0m [0m| wall_not_collapsed
[ALPHA_X13_BURST13] [BARRIER_TIMEOUT] BETA en retard, ouverture forcée de la barrière au cycle 5
[BETA_X5] mode=OFF radar_adj=0 mom= conf=0
[ALPHA_X13_BURST13] mode=OFF radar_adj=0 mom= conf=0
[ALPHA_X13_BURST13] [1;36m18:52:32[0m [1;32mx13[0m [1;36m#5[0m SKIP tension=[1;36m0.00001122[0m [0m| momentum_too_small [1;31mconf=0.0[0m
[BETA_X5] [1;36mCycle 10[0m [1;32mSOFT anomaly[0m [1;33m| pnl_abs=0.06672000 > 0.02500000[0m
[BETA_X5] [1;36mentry=18:52:31@62004.40000000[0m [1;33mx3[0m [1;36m#10[0m [1;32mSELL[0m tension=[1;32m1.80552114[0m hold=[1;36m8[0ms sec=[1;36m8[0m [0m| exit=61990.50000000 [1;32mconf=0.9557[0m [1;36mexit_time=18:52:39[0m [1;32mpnl=0.06672000 bps=2.24177639 pct=0.02241776% total=0.07747[0m
[BETA_X5] mode=OFF radar_adj=0 mom= conf=0
[BETA_X5] [1;36m18:52:49[0m [1;33mx3[0m [1;36m#11[0m SKIP tension=[1;36m0.00015295[0m [0m| momentum_too_small [1;31mconf=0.0002[0m
[ALPHA_X13_BURST13] [BARRIER_TIMEOUT] BETA en retard, ouverture forcée de la barrière au cycle 6
[ALPHA_X13_BURST13] mode=OFF radar_adj=0 mom= conf=0
[BETA_X5] mode=OFF radar_adj=0 mom= conf=0
[ALPHA_X13_BURST13] [1;36m18:52:58[0m [1;32mx13[0m [1;36m#6[0m SKIP tension=[1;36m0.75962998[0m [0m| wall_not_collapsed
[BETA_X5] [1;36m18:53:02[0m [1;33mx3[0m [1;36m#12[0m SKIP tension=[1;36m0.00000000[0m [0m| momentum_too_small [1;31mconf=0.3274[0m
[BETA_X5] mode=OFF radar_adj=0 mom= conf=0
[BETA_X5] [1;36m18:53:09[0m [1;33mx3[0m [1;36m#13[0m SKIP tension=[1;36m0.00000000[0m [0m| momentum_too_small [1;31mconf=0.3274[0m
[BETA_X5] mode=OFF radar_adj=0 mom= conf=0
[ALPHA_X13_BURST13] [BARRIER_TIMEOUT] BETA en retard, ouverture forcée de la barrière au cycle 7
[BETA_X5] [1;36m18:53:17[0m [1;33mx3[0m [1;36m#14[0m SKIP tension=[1;36m0.58649877[0m [0m| wall_not_collapsed
[ALPHA_X13_BURST13] mode=OFF radar_adj=0 mom= conf=0
[BETA_X5] mode=OFF radar_adj=0 mom= conf=0
[ALPHA_X13_BURST13] [1;36m18:53:23[0m [1;32mx13[0m [1;36m#7[0m SKIP tension=[1;33m0.87724605[0m [0m| wall_not_collapsed
[BETA_X5] [1;36m18:53:25[0m [1;33mx3[0m [1;36m#15[0m SKIP tension=[1;36m0.70227662[0m [0m| wall_not_collapsed
[BETA_X5] mode=OFF radar_adj=0 mom= conf=0
[BETA_X5] [1;36m18:53:33[0m [1;33mx3[0m [1;36m#16[0m SKIP tension=[1;36m0.00274046[0m [0m| momentum_too_small [1;31mconf=0.0044[0m
[BETA_X5] mode=OFF radar_adj=0 mom= conf=0
[ALPHA_X13_BURST13] [BARRIER_TIMEOUT] BETA en retard, ouverture forcée de la barrière au cycle 8
[BETA_X5] [1;36m18:53:41[0m [1;33mx3[0m [1;36m#17[0m SKIP tension=[1;36m0.63424439[0m [0m| wall_not_collapsed
[ALPHA_X13_BURST13] mode=OFF radar_adj=0 mom= conf=0
[BETA_X5] mode=OFF radar_adj=0 mom= conf=0
[ALPHA_X13_BURST13] [1;36m18:53:48[0m [1;32mx13[0m [1;36m#8[0m SKIP tension=[1;36m0.00000827[0m [0m| momentum_too_small [1;31mconf=0.0[0m
[BETA_X5] [1;36m18:53:48[0m [1;33mx3[0m [1;36m#18[0m SKIP tension=[1;36m0.00002618[0m [0m| momentum_too_small [1;31mconf=0.0[0m
[BETA_X5] mode=OFF radar_adj=0 mom= conf=0
[ALPHA_X13_BURST13] [BARRIER_TIMEOUT] BETA en retard, ouverture forcée de la barrière au cycle 9
[ALPHA_X13_BURST13] mode=OFF radar_adj=0 mom= conf=0
[BETA_X5] [1;36mentry=18:54:01@62004.40000000[0m [1;33mx3[0m [1;36m#19[0m [1;33mSELL[0m tension=[1;31m2.07243943[0m hold=[1;36m8[0ms sec=[1;36m8[0m [0m| exit=62004.40000000 [1;32mconf=0.8397[0m [1;36mexit_time=18:54:10[0m [1;33mpnl=-0.00000000 bps=-0.00000000 pct=-0.00000000% total=0.07747[0m
[ALPHA_X13_BURST13] [1;36m18:54:13[0m [1;32mx13[0m [1;36m#9[0m SKIP tension=[1;36m0.00000000[0m [0m| momentum_too_small [1;31mconf=0.2996[0m
[BETA_X5] mode=OFF radar_adj=0 mom= conf=0
[BETA_X5] [1;36m18:54:19[0m [1;33mx3[0m [1;36m#20[0m SKIP tension=[1;36m0.00029128[0m [0m| momentum_too_small [1;31mconf=0.0005[0m
[BETA_X5] mode=OFF radar_adj=0 mom= conf=0
[BETA_X5] [1;36m18:54:29[0m [1;33mx3[0m [1;36m#21[0m SKIP tension=[1;36m0.47873608[0m [0m| wall_not_collapsed
[ALPHA_X13_BURST13] [BARRIER_TIMEOUT] BETA en retard, ouverture forcée de la barrière au cycle 10
[BETA_X5] mode=OFF radar_adj=0 mom= conf=0
[ALPHA_X13_BURST13] mode=OFF radar_adj=0 mom= conf=0
[BETA_X5] [1;36m18:54:37[0m [1;33mx3[0m [1;36m#22[0m SKIP tension=[1;36m0.00007293[0m [0m| momentum_too_small [1;31mconf=0.0001[0m
[ALPHA_X13_BURST13] [1;36m18:54:39[0m [1;32mx13[0m [1;36m#10[0m SKIP tension=[1;33m0.95729908[0m [0m| wall_not_collapsed
[BETA_X5] mode=OFF radar_adj=0 mom= conf=0
[BETA_X5] [1;36m18:54:44[0m [1;33mx3[0m [1;36m#23[0m SKIP tension=[1;36m0.51058482[0m [0m| wall_not_collapsed
[BETA_X5] mode=OFF radar_adj=0 mom= conf=0
[BETA_X5] [1;36m18:54:52[0m [1;33mx3[0m [1;36m#24[0m SKIP tension=[1;36m0.00079530[0m [0m| momentum_too_small [1;31mconf=0.0013[0m
[ALPHA_X13_BURST13] [BARRIER_TIMEOUT] BETA en retard, ouverture forcée de la barrière au cycle 11
[ALPHA_X13_BURST13] mode=OFF radar_adj=0 mom= conf=0
[BETA_X5] mode=OFF radar_adj=0 mom= conf=0
[ALPHA_X13_BURST13] [1;36m18:55:05[0m [1;32mx13[0m [1;36m#11[0m SKIP tension=[1;31m13.13570852[0m [0m| duo no_trigger
[BETA_X5] [1;36mentry=18:55:09@62021.70000000[0m [1;33mx3[0m [1;36m#25[0m [1;33mSELL[0m tension=[1;31m12.52546815[0m hold=[1;36m6[0ms sec=[1;36m6[0m [0m| exit=62021.70000000 [1;32mconf=0.994[0m [1;36mexit_time=18:55:15[0m [1;33mpnl=-0.00000000 bps=-0.00000000 pct=-0.00000000% total=0.07747[0m
[BETA_X5] mode=OFF radar_adj=0 mom= conf=0
[ALPHA_X13_BURST13] [BARRIER_TIMEOUT] BETA en retard, ouverture forcée de la barrière au cycle 12
[BETA_X5] [1;36m18:55:24[0m [1;33mx3[0m [1;36m#26[0m SKIP tension=[1;36m0.00000000[0m [0m| momentum_too_small [1;31mconf=0.3479[0m
[ALPHA_X13_BURST13] mode=OFF radar_adj=0 mom= conf=0
[BETA_X5] mode=OFF radar_adj=0 mom= conf=0
[ALPHA_X13_BURST13] [1;36m18:55:30[0m [1;32mx13[0m [1;36m#12[0m SKIP tension=[1;36m0.00008927[0m [0m| momentum_too_small [1;31mconf=0.0001[0m
[BETA_X5] [1;36m18:55:32[0m [1;33mx3[0m [1;36m#27[0m SKIP tension=[1;36m0.00003124[0m [0m| momentum_too_small [1;31mconf=0.0001[0m
[BETA_X5] mode=OFF radar_adj=0 mom= conf=0
[BETA_X5] [1;36m18:55:45[0m [1;33mx3[0m [1;36m#28[0m SKIP tension=[1;36m0.00000000[0m [0m| momentum_too_small [1;31mconf=0.3465[0m
[BETA_X5] mode=OFF radar_adj=0 mom= conf=0
[ALPHA_X13_BURST13] [BARRIER_TIMEOUT] BETA en retard, ouverture forcée de la barrière au cycle 13
[ALPHA_X13_BURST13] mode=OFF radar_adj=0 mom= conf=0
[ALPHA_X13_BURST13] [1;36m18:55:55[0m [1;32mx13[0m [1;36m#13[0m SKIP tension=[1;36m0.00000000[0m [0m| momentum_too_small [1;31mconf=0.3359[0m
[BETA_X5] [1;36mentry=18:55:57@62022.10000000[0m [1;33mx3[0m [1;36m#29[0m [1;32mSELL[0m tension=[1;31m9.86816413[0m hold=[1;36m6[0ms sec=[1;36m6[0m [0m| exit=62021.10000000 [1;32mconf=0.9879[0m [1;36mexit_time=18:56:03[0m [1;32mpnl=0.00770000 bps=0.16123285 pct=0.00161233% total=0.08517[0m
[BETA_X5] mode=OFF radar_adj=0 mom= conf=0
[ALPHA_X13_BURST13] [BARRIER_TIMEOUT] BETA en retard, ouverture forcée de la barrière au cycle 14
[ALPHA_X13_BURST13] mode=OFF radar_adj=0 mom= conf=0
[ALPHA_X13_BURST13] [1;36m18:56:21[0m [1;32mx13[0m [1;36m#14[0m SKIP tension=[1;36m0.00000000[0m [0m| momentum_too_small [1;31mconf=0.3496[0m
[BETA_X5] [1;36mCycle 30[0m [1;32mSOFT anomaly[0m [1;33m| pnl_abs=0.02850000 > 0.02500000[0m
[BETA_X5] [1;36mentry=18:56:16@62021.10000000[0m [1;33mx3[0m [1;36m#30[0m [1;32mSELL[0m tension=[1;32m1.61109022[0m hold=[1;36m10[0ms sec=[1;36m10[0m [0m| exit=62018.10000000 [1;32mconf=0.9436[0m [1;36mexit_time=18:56:26[0m [1;32mpnl=0.02850000 bps=0.48370635 pct=0.00483706% total=0.11367[0m
[BETA_X5] mode=OFF radar_adj=0 mom= conf=0
[BETA_X5] [1;36m18:56:36[0m [1;33mx3[0m [1;36m#31[0m SKIP tension=[1;36m0.00001091[0m [0m| momentum_too_small [1;31mconf=0.0[0m
[BETA_X5] mode=OFF radar_adj=0 mom= conf=0
[ALPHA_X13_BURST13] [BARRIER_TIMEOUT] BETA en retard, ouverture forcée de la barrière au cycle 15
[ALPHA_X13_BURST13] mode=OFF radar_adj=0 mom= conf=0
[BETA_X5] [1;36m18:56:44[0m [1;33mx3[0m [1;36m#32[0m SKIP tension=[1;36m0.00006394[0m [0m| momentum_too_small [1;31mconf=0.0001[0m
[BETA_X5] mode=OFF radar_adj=0 mom= conf=0
[ALPHA_X13_BURST13] [1;36m18:56:47[0m [1;32mx13[0m [1;36m#15[0m SKIP tension=[1;31m7.65017160[0m [0m| duo no_trigger
[BETA_X5] [1;36m18:56:52[0m [1;33mx3[0m [1;36m#33[0m SKIP tension=[1;36m0.00000000[0m [0m| momentum_too_small [1;31mconf=0.3281[0m
[BETA_X5] mode=OFF radar_adj=0 mom= conf=0
[ALPHA_X13_BURST13] [BARRIER_TIMEOUT] BETA en retard, ouverture forcée de la barrière au cycle 16
[ALPHA_X13_BURST13] mode=OFF radar_adj=0 mom= conf=0
[ALPHA_X13_BURST13] [1;36m18:57:13[0m [1;32mx13[0m [1;36m#16[0m SKIP tension=[1;36m0.00038750[0m [0m| momentum_too_small [1;31mconf=0.0006[0m
[BETA_X5] [1;36mentry=18:57:04@62018.00000000[0m [1;33mx3[0m [1;36m#34[0m [1;32mSELL[0m tension=[1;31m2.64170629[0m hold=[1;36m11[0ms sec=[1;36m11[0m [0m| exit=62015.80000000 [1;32mconf=0.9184[0m [1;36mexit_time=18:57:15[0m [1;32mpnl=0.01056000 bps=0.35473572 pct=0.00354736% total=0.12423[0m
[BETA_X5] mode=OFF radar_adj=0 mom= conf=0
[BETA_X5] [1;36m18:57:27[0m [1;33mx3[0m [1;36m#35[0m SKIP tension=[1;36m0.00000000[0m [0m| momentum_too_small [1;31mconf=0.3292[0m
[BETA_X5] mode=OFF radar_adj=0 mom= conf=0
[ALPHA_X13_BURST13] [BARRIER_TIMEOUT] BETA en retard, ouverture forcée de la barrière au cycle 17
[ALPHA_X13_BURST13] mode=OFF radar_adj=0 mom= conf=0
[ALPHA_X13_BURST13] [1;36m18:57:38[0m [1;32mx13[0m [1;36m#17[0m SKIP tension=[1;36m0.00002892[0m [0m| momentum_too_small [1;31mconf=0.0[0m
[BETA_X5] [1;36m18:57:40[0m [1;33mx3[0m [1;36m#36[0m SKIP tension=[1;36m0.06824497[0m [0m| direction_unclear [1;31mconf=0.1088[0m
[BETA_X5] mode=OFF radar_adj=0 mom= conf=0
[BETA_X5] [1;36m18:57:53[0m [1;33mx3[0m [1;36m#37[0m SKIP tension=[1;36m0.00000000[0m [0m| momentum_too_small [1;31mconf=0.3214[0m
[BETA_X5] mode=OFF radar_adj=0 mom= conf=0
[ALPHA_X13_BURST13] [BARRIER_TIMEOUT] BETA en retard, ouverture forcée de la barrière au cycle 18
[ALPHA_X13_BURST13] mode=OFF radar_adj=0 mom= conf=0
[ALPHA_X13_BURST13] [1;36m18:58:04[0m [1;32mx13[0m [1;36m#18[0m SKIP tension=[1;36m0.01050520[0m [0m| direction_unclear [1;31mconf=0.0157[0m
[BETA_X5] [1;36mentry=18:58:05@62025.80000000[0m [1;33mx3[0m [1;36m#38[0m [1;33mSELL[0m tension=[1;32m1.18063328[0m hold=[1;36m6[0ms sec=[1;36m6[0m [0m| exit=62025.80000000 [1;32mconf=0.9184[0m [1;36mexit_time=18:58:11[0m [1;33mpnl=-0.00000000 bps=-0.00000000 pct=-0.00000000% total=0.12423[0m
[BETA_X5] mode=OFF radar_adj=0 mom= conf=0
[BETA_X5] [1;36m18:58:21[0m [1;33mx3[0m [1;36m#39[0m SKIP tension=[1;36m0.01626699[0m [0m| direction_unclear [1;31mconf=0.0244[0m
[ALPHA_X13_BURST13] [BARRIER_TIMEOUT] BETA en retard, ouverture forcée de la barrière au cycle 19
[BETA_X5] mode=OFF radar_adj=0 mom= conf=0
[ALPHA_X13_BURST13] mode=OFF radar_adj=0 mom= conf=0
[BETA_X5] [1;36m18:58:28[0m [1;33mx3[0m [1;36m#40[0m SKIP tension=[1;36m0.00000000[0m [0m| momentum_too_small [1;31mconf=0.3366[0m
[ALPHA_X13_BURST13] [1;36m18:58:29[0m [1;32mx13[0m [1;36m#19[0m SKIP tension=[1;36m0.01447882[0m [0m| direction_unclear [1;31mconf=0.0232[0m
[BETA_X5] mode=OFF radar_adj=0 mom= conf=0
[BETA_X5] [1;36mCycle 41[0m [1;32mSOFT anomaly[0m [1;33m| pnl_abs=0.04512000 > 0.02500000[0m
[ALPHA_X13_BURST13] [BARRIER_TIMEOUT] BETA en retard, ouverture forcée de la barrière au cycle 20
[BETA_X5] [1;36mentry=18:58:40@62025.80000000[0m [1;33mx3[0m [1;36m#41[0m [1;32mSELL[0m tension=[1;32m1.30750993[0m hold=[1;36m6[0ms sec=[1;36m6[0m [0m| exit=62016.40000000 [1;32mconf=0.997[0m [1;36mexit_time=18:58:46[0m [1;32mpnl=0.04512000 bps=1.51549839 pct=0.01515498% total=0.16935[0m
[BETA_X5] mode=OFF radar_adj=0 mom= conf=0
[ALPHA_X13_BURST13] mode=OFF radar_adj=0 mom= conf=0
[ALPHA_X13_BURST13] [1;36m18:58:56[0m [1;32mx13[0m [1;36m#20[0m SKIP tension=[1;36m0.12668532[0m [0m| direction_unclear [1;31mconf=0.1884[0m
[BETA_X5] [1;36m18:58:56[0m [1;33mx3[0m [1;36m#42[0m SKIP tension=[1;36m0.12668532[0m [0m| direction_unclear [1;31mconf=0.1884[0m
[BETA_X5] mode=OFF radar_adj=0 mom= conf=0
[BETA_X5] [1;36m18:59:04[0m [1;33mx3[0m [1;36m#43[0m SKIP tension=[1;36m0.00000000[0m [0m| momentum_too_small [1;31mconf=0.3013[0m
[BETA_X5] mode=OFF radar_adj=0 mom= conf=0
[BETA_X5] [1;36m18:59:12[0m [1;33mx3[0m [1;36m#44[0m SKIP tension=[1;36m0.00008525[0m [0m| momentum_too_small [1;31mconf=0.0001[0m
[ALPHA_X13_BURST13] [BARRIER_TIMEOUT] BETA en retard, ouverture forcée de la barrière au cycle 21
[BETA_X5] mode=OFF radar_adj=0 mom= conf=0
[ALPHA_X13_BURST13] mode=OFF radar_adj=0 mom= conf=0
[BETA_X5] [1;36m18:59:20[0m [1;33mx3[0m [1;36m#45[0m SKIP tension=[1;36m0.00016092[0m [0m| momentum_too_small [1;31mconf=0.0002[0m
[ALPHA_X13_BURST13] [1;36m18:59:22[0m [1;32mx13[0m [1;36m#21[0m SKIP tension=[1;31m10.22824301[0m [0m| duo no_trigger
[BETA_X5] mode=OFF radar_adj=0 mom= conf=0
[BETA_X5] [1;36m18:59:28[0m [1;33mx3[0m [1;36m#46[0m SKIP tension=[1;36m0.00002597[0m [0m| momentum_too_small [1;31mconf=0.0[0m
[BETA_X5] mode=OFF radar_adj=0 mom= conf=0
[ALPHA_X13_BURST13] [BARRIER_TIMEOUT] BETA en retard, ouverture forcée de la barrière au cycle 22
[ALPHA_X13_BURST13] mode=OFF radar_adj=0 mom= conf=0
[ALPHA_X13_BURST13] [1;36m18:59:48[0m [1;32mx13[0m [1;36m#22[0m SKIP tension=[1;36m0.61195742[0m [0m| wall_not_collapsed
[BETA_X5] [1;36mentry=18:59:40@62000.00000000[0m [1;33mx3[0m [1;36m#47[0m [1;31mSELL[0m tension=[1;31m9.65263742[0m hold=[1;36m6[0ms sec=[1;36m6[0m [0m| exit=62002.70000000 [1;32mconf=0.9486[0m [1;36mexit_time=18:59:46[0m [1;31mpnl=-0.01296000 bps=-0.43548387 pct=-0.00435484% total=0.15639[0m
[BETA_X5] mode=OFF radar_adj=0 mom= conf=0
[BETA_X5] [1;36m18:59:56[0m [1;33mx3[0m [1;36m#48[0m SKIP tension=[1;36m0.00016557[0m [0m| momentum_too_small [1;31mconf=0.0003[0m
[BETA_X5] mode=OFF radar_adj=0 mom= conf=0
[BETA_X5] [1;36m19:00:04[0m [1;33mx3[0m [1;36m#49[0m SKIP tension=[1;36m0.00148961[0m [0m| momentum_too_small [1;31mconf=0.0025[0m
[ALPHA_X13_BURST13] [BARRIER_TIMEOUT] BETA en retard, ouverture forcée de la barrière au cycle 23
[BETA_X5] mode=OFF radar_adj=0 mom= conf=0
[ALPHA_X13_BURST13] mode=OFF radar_adj=0 mom= conf=0
[BETA_X5] [1;36m19:00:12[0m [1;33mx3[0m [1;36m#50[0m SKIP tension=[1;36m0.00000000[0m [0m| momentum_too_small [1;31mconf=0.3496[0m
[ALPHA_X13_BURST13] [1;36m19:00:13[0m [1;32mx13[0m [1;36m#23[0m SKIP tension=[1;31m7.67386922[0m [0m| tactic long vs short
[BETA_X5] mode=OFF radar_adj=0 mom= conf=0
[BETA_X5] [1;36mCycle 51[0m [1;32mSOFT anomaly[0m [1;33m| pnl_abs=0.04320000 > 0.02500000[0m
[BETA_X5] [1;36mentry=19:00:24@62017.00000000[0m [1;33mx3[0m [1;36m#51[0m [1;32mSELL[0m tension=[1;32m1.19659313[0m hold=[1;36m6[0ms sec=[1;36m6[0m [0m| exit=62008.00000000 [1;32mconf=0.9698[0m [1;36mexit_time=19:00:30[0m [1;32mpnl=0.04320000 bps=1.45121499 pct=0.01451215% total=0.19959[0m
[ALPHA_X13_BURST13] [BARRIER_TIMEOUT] BETA en retard, ouverture forcée de la barrière au cycle 24
[ALPHA_X13_BURST13] mode=OFF radar_adj=0 mom= conf=0
[BETA_X5] mode=OFF radar_adj=0 mom= conf=0
[ALPHA_X13_BURST13] [1;36m19:00:39[0m [1;32mx13[0m [1;36m#24[0m SKIP tension=[1;36m0.00000000[0m [0m| momentum_too_small [1;31mconf=0.3285[0m
[BETA_X5] [1;36m19:00:40[0m [1;33mx3[0m [1;36m#52[0m SKIP tension=[1;36m0.38540414[0m [0m| wall_not_collapsed
[BETA_X5] mode=OFF radar_adj=0 mom= conf=0
[BETA_X5] [1;36m19:00:49[0m [1;33mx3[0m [1;36m#53[0m SKIP tension=[1;36m0.00000000[0m [0m| momentum_too_small [1;31mconf=0.3352[0m
[BETA_X5] mode=OFF radar_adj=0 mom= conf=0
[BETA_X5] [1;36m19:00:57[0m [1;33mx3[0m [1;36m#54[0m SKIP tension=[1;36m0.52527742[0m [0m| wall_not_collapsed
[ALPHA_X13_BURST13] [BARRIER_TIMEOUT] BETA en retard, ouverture forcée de la barrière au cycle 25
[BETA_X5] mode=OFF radar_adj=0 mom= conf=0
[ALPHA_X13_BURST13] mode=OFF radar_adj=0 mom= conf=0
[ALPHA_X13_BURST13] [1;36m19:01:05[0m [1;32mx13[0m [1;36m#25[0m SKIP tension=[1;32m1.94788568[0m [0m| duo no_trigger
[BETA_X5] [1;36mentry=19:01:09@61998.60000000[0m [1;33mx3[0m [1;36m#55[0m [1;31mSELL[0m tension=[1;32m1.94788568[0m hold=[1;36m6[0ms sec=[1;36m6[0m [0m| exit=61998.70000000 [1;32mconf=0.9728[0m [1;36mexit_time=19:01:15[0m [1;31mpnl=-0.00048000 bps=-0.01612940 pct=-0.00016129% total=0.19910999999999998[0m
[ALPHA_X13_BURST13] [BARRIER_TIMEOUT] BETA en retard, ouverture forcée de la barrière au cycle 26
[BETA_X5] mode=OFF radar_adj=0 mom= conf=0
[ALPHA_X13_BURST13] mode=OFF radar_adj=0 mom= conf=0
[BETA_X5] [1;36m19:01:30[0m [1;33mx3[0m [1;36m#56[0m SKIP tension=[1;36m0.00000000[0m [0m| momentum_too_small [1;31mconf=0.3355[0m
[ALPHA_X13_BURST13] [1;36m19:01:31[0m [1;32mx13[0m [1;36m#26[0m SKIP tension=[1;36m0.00002731[0m [0m| momentum_too_small [1;31mconf=0.0[0m
[BETA_X5] mode=OFF radar_adj=0 mom= conf=0
[BETA_X5] [1;36m19:01:38[0m [1;33mx3[0m [1;36m#57[0m SKIP tension=[1;36m0.10345940[0m [0m| direction_unclear [1;31mconf=0.1653[0m
[BETA_X5] mode=OFF radar_adj=0 mom= conf=0
[BETA_X5] [1;36m19:01:46[0m [1;33mx3[0m [1;36m#58[0m SKIP tension=[1;36m0.00001660[0m [0m| momentum_too_small [1;31mconf=0.0[0m
[BETA_X5] mode=OFF radar_adj=0 mom= conf=0
[ALPHA_X13_BURST13] [BARRIER_TIMEOUT] BETA en retard, ouverture forcée de la barrière au cycle 27
[ALPHA_X13_BURST13] mode=OFF radar_adj=0 mom= conf=0
[BETA_X5] [1;36m19:01:54[0m [1;33mx3[0m [1;36m#59[0m SKIP tension=[1;36m0.00000964[0m [0m| momentum_too_small [1;31mconf=0.0[0m
[BETA_X5] mode=OFF radar_adj=0 mom= conf=0
[ALPHA_X13_BURST13] [1;36m19:01:57[0m [1;32mx13[0m [1;36m#27[0m SKIP tension=[1;36m0.00000000[0m [0m| momentum_too_small [1;31mconf=0.3355[0m
[ALPHA_X13_BURST13] [BARRIER_TIMEOUT] BETA en retard, ouverture forcée de la barrière au cycle 28
[ALPHA_X13_BURST13] mode=OFF radar_adj=0 mom= conf=0
[ALPHA_X13_BURST13] [1;36m19:02:23[0m [1;32mx13[0m [1;36m#28[0m SKIP tension=[1;36m0.00000000[0m [0m| momentum_too_small [1;31mconf=0.3309[0m
[BETA_X5] [1;36mentry=19:02:11@61995.90000000[0m [1;33mx3[0m [1;36m#60[0m [1;32mSELL[0m tension=[1;31m2.54673628[0m hold=[1;36m14[0ms sec=[1;36m14[0m [0m| exit=61994.70000000 [1;32mconf=0.9587[0m [1;36mexit_time=19:02:25[0m [1;32mpnl=0.00576000 bps=0.19356119 pct=0.00193561% total=0.20486999999999997[0m
[BETA_X5] mode=OFF radar_adj=0 mom= conf=0
[BETA_X5] [1;36m19:02:35[0m [1;33mx3[0m [1;36m#61[0m SKIP tension=[1;36m0.05146790[0m [0m| direction_unclear [1;31mconf=0.0813[0m
[BETA_X5] mode=OFF radar_adj=0 mom= conf=0
[ALPHA_X13_BURST13] [BARRIER_TIMEOUT] BETA en retard, ouverture forcée de la barrière au cycle 29
[ALPHA_X13_BURST13] mode=OFF radar_adj=0 mom= conf=0
[BETA_X5] [1;36m19:02:43[0m [1;33mx3[0m [1;36m#62[0m SKIP tension=[1;36m0.00000000[0m [0m| momentum_too_small [1;31mconf=0.3496[0m
[BETA_X5] mode=OFF radar_adj=0 mom= conf=0
[ALPHA_X13_BURST13] [1;36m19:02:48[0m [1;32mx13[0m [1;36m#29[0m SKIP tension=[1;36m0.00000000[0m [0m| momentum_too_small [1;31mconf=0.3496[0m
[BETA_X5] [1;36m19:02:52[0m [1;33mx3[0m [1;36m#63[0m SKIP tension=[1;36m0.73596373[0m [0m| wall_not_collapsed
[BETA_X5] mode=OFF radar_adj=0 mom= conf=0
[BETA_X5] [1;36m19:03:00[0m [1;33mx3[0m [1;36m#64[0m SKIP tension=[1;36m0.00000000[0m [0m| momentum_too_small [1;31mconf=0.3496[0m
[BETA_X5] mode=OFF radar_adj=0 mom= conf=0
[ALPHA_X13_BURST13] [BARRIER_TIMEOUT] BETA en retard, ouverture forcée de la barrière au cycle 30
[ALPHA_X13_BURST13] mode=OFF radar_adj=0 mom= conf=0
[ALPHA_X13_BURST13] [1;36m19:03:14[0m [1;32mx13[0m [1;36m#30[0m SKIP tension=[1;36m0.00000000[0m [0m| momentum_too_small [1;31mconf=0.3496[0m
[BETA_X5] [1;36mentry=19:03:17@61998.20000000[0m [1;33mx3[0m [1;36m#65[0m [1;31mSELL[0m tension=[1;31m5.02614550[0m hold=[1;36m6[0ms sec=[1;36m6[0m [0m| exit=61998.30000000 [1;32mconf=0.999[0m [1;36mexit_time=19:03:23[0m [1;31mpnl=-0.00077000 bps=-0.01612950 pct=-0.00016130% total=0.20409999999999998[0m
[BETA_X5] mode=OFF radar_adj=0 mom= conf=0
[ALPHA_X13_BURST13] [BARRIER_TIMEOUT] BETA en retard, ouverture forcée de la barrière au cycle 31
[BETA_X5] [1;36m19:03:33[0m [1;33mx3[0m [1;36m#66[0m SKIP tension=[1;36m0.00002098[0m [0m| momentum_too_small [1;31mconf=0.0[0m
[ALPHA_X13_BURST13] mode=OFF radar_adj=0 mom= conf=0
[BETA_X5] mode=OFF radar_adj=0 mom= conf=0
[ALPHA_X13_BURST13] [1;36mCycle 31[0m [1;32mSOFT anomaly[0m [1;33m| pnl_abs=1.65990000 > 0.02500000[0m
[BETA_X5] [1;36mCycle 67[0m [1;32mSOFT anomaly[0m [1;33m| pnl_abs=0.06270000 > 0.02500000[0m
[BETA_X5] [1;36mentry=19:03:45@62004.70000000[0m [1;33mx3[0m [1;36m#67[0m [1;32mSELL[0m tension=[1;31m2.56425865[0m hold=[1;36m5[0ms sec=[1;36m5[0m [0m| exit=61998.10000000 [1;32mconf=0.9042[0m [1;36mexit_time=19:03:50[0m [1;32mpnl=0.06270000 bps=1.06443544 pct=0.01064435% total=-1.3931[0m
[ALPHA_X13_BURST13] [1;36mentry=19:03:44@62004.70000000[0m [1;32mx13[0m [1;36m#31[0m [1;31mBUY[0m tension=[1;31m2.02383690[0m hold=[1;36m6[0ms sec=[1;36m6[0m [0m| exit=61998.10000000 [1;32mconf=0.9042[0m [1;36mexit_time=19:03:51[0m [1;31mpnl=-1.65990000 bps=-1.06443544 pct=-0.01064435% total=-1.3931[0m
[BETA_X5] mode=OFF radar_adj=0 mom= conf=0
[BETA_X5] [1;36m19:04:00[0m [1;33mx3[0m [1;36m#68[0m SKIP tension=[1;36m0.00002874[0m [0m| momentum_too_small [1;31mconf=0.0[0m
[BETA_X5] mode=OFF radar_adj=0 mom= conf=0
[BETA_X5] [1;36m19:04:08[0m [1;33mx3[0m [1;36m#69[0m SKIP tension=[1;36m0.02979718[0m [0m| direction_unclear [1;31mconf=0.0431[0m
[ALPHA_X13_BURST13] [BARRIER_TIMEOUT] BETA en retard, ouverture forcée de la barrière au cycle 32
[BETA_X5] mode=OFF radar_adj=0 mom= conf=0
[ALPHA_X13_BURST13] mode=OFF radar_adj=0 mom= conf=0
[BETA_X5] [1;36m19:04:16[0m [1;33mx3[0m [1;36m#70[0m SKIP tension=[1;36m0.00000000[0m [0m| momentum_too_small [1;31mconf=0.2936[0m
[ALPHA_X13_BURST13] [1;36m19:04:17[0m [1;32mx13[0m [1;36m#32[0m SKIP tension=[1;33m0.90867558[0m [0m| wall_not_collapsed
[BETA_X5] mode=OFF radar_adj=0 mom= conf=0
[BETA_X5] [1;36m19:04:26[0m [1;33mx3[0m [1;36m#71[0m SKIP tension=[1;36m0.00000000[0m [0m| momentum_too_small [1;31mconf=0.2932[0m
[BETA_X5] mode=OFF radar_adj=0 mom= conf=0
[BETA_X5] [1;36m19:04:34[0m [1;33mx3[0m [1;36m#72[0m SKIP tension=[1;36m0.00000000[0m [0m| momentum_too_small [1;31mconf=0.3165[0m
[ALPHA_X13_BURST13] [BARRIER_TIMEOUT] BETA en retard, ouverture forcée de la barrière au cycle 33
[BETA_X5] mode=OFF radar_adj=0 mom= conf=0
[ALPHA_X13_BURST13] mode=OFF radar_adj=0 mom= conf=0
[BETA_X5] [1;36m19:04:42[0m [1;33mx3[0m [1;36m#73[0m SKIP tension=[1;36m0.00001143[0m [0m| momentum_too_small [1;31mconf=0.0[0m
[ALPHA_X13_BURST13] [1;36m19:04:43[0m [1;32mx13[0m [1;36m#33[0m SKIP tension=[1;36m0.00000000[0m [0m| momentum_too_small [1;31mconf=0.3144[0m
[BETA_X5] mode=OFF radar_adj=0 mom= conf=0
[BETA_X5] [1;36m19:04:50[0m [1;33mx3[0m [1;36m#74[0m SKIP tension=[1;36m0.01647928[0m [0m| direction_unclear [1;31mconf=0.0252[0m
[BETA_X5] mode=OFF radar_adj=0 mom= conf=0
[BETA_X5] [1;36m19:04:58[0m [1;33mx3[0m [1;36m#75[0m SKIP tension=[1;36m0.00009913[0m [0m| momentum_too_small [1;31mconf=0.0001[0m
[BETA_X5] mode=OFF radar_adj=0 mom= conf=0
[ALPHA_X13_BURST13] [BARRIER_TIMEOUT] BETA en retard, ouverture forcée de la barrière au cycle 34
[ALPHA_X13_BURST13] mode=OFF radar_adj=0 mom= conf=0
[ALPHA_X13_BURST13] [1;36m19:05:08[0m [1;32mx13[0m [1;36m#34[0m SKIP tension=[1;36m0.00000000[0m [0m| momentum_too_small [1;31mconf=0.3479[0m
[BETA_X5] [1;36mentry=19:05:15@61994.50000000[0m [1;33mx3[0m [1;36m#76[0m [1;31mSELL[0m tension=[1;31m7.54390858[0m hold=[1;36m7[0ms sec=[1;36m7[0m [0m| exit=61999.70000000 [1;32mconf=0.9778[0m [1;36mexit_time=19:05:22[0m [1;31mpnl=-0.02496000 bps=-0.83878409 pct=-0.00838784% total=-1.4180599999999999[0m
[ALPHA_X13_BURST13] [BARRIER_TIMEOUT] BETA en retard, ouverture forcée de la barrière au cycle 35
[BETA_X5] mode=OFF radar_adj=0 mom= conf=0
[ALPHA_X13_BURST13] mode=OFF radar_adj=0 mom= conf=0
[BETA_X5] [1;36m19:05:33[0m [1;33mx3[0m [1;36m#77[0m SKIP tension=[1;33m0.85846693[0m [0m| wall_not_collapsed
[BETA_X5] mode=OFF radar_adj=0 mom= conf=0
[ALPHA_X13_BURST13] [1;36mentry=19:05:38@61999.80000000[0m [1;32mx13[0m [1;36m#35[0m [1;33mBUY[0m tension=[1;31m5.71481503[0m hold=[1;36m6[0ms sec=[1;36m6[0m [0m| exit=61999.80000000 [1;32mconf=0.998[0m [1;36mexit_time=19:05:44[0m [1;33mpnl=0.00000000 bps=0.00000000 pct=0.00000000% total=-1.4180599999999999[0m
[BETA_X5] [1;36mentry=19:05:45@61999.80000000[0m [1;33mx3[0m [1;36m#78[0m [1;32mSELL[0m tension=[1;31m8.89952996[0m hold=[1;36m7[0ms sec=[1;36m7[0m [0m| exit=61999.60000000 [1;32mconf=0.998[0m [1;36mexit_time=19:05:53[0m [1;32mpnl=0.00096000 bps=0.03225817 pct=0.00032258% total=-1.4171[0m
[BETA_X5] mode=OFF radar_adj=0 mom= conf=0
[BETA_X5] [1;36m19:06:02[0m [1;33mx3[0m [1;36m#79[0m SKIP tension=[1;36m0.00005134[0m [0m| momentum_too_small [1;31mconf=0.0001[0m
[ALPHA_X13_BURST13] [BARRIER_TIMEOUT] BETA en retard, ouverture forcée de la barrière au cycle 36
[BETA_X5] mode=OFF radar_adj=0 mom= conf=0
[ALPHA_X13_BURST13] mode=OFF radar_adj=0 mom= conf=0
[BETA_X5] [1;36m19:06:10[0m [1;33mx3[0m [1;36m#80[0m SKIP tension=[1;36m0.00004840[0m [0m| momentum_too_small [1;31mconf=0.0001[0m
[ALPHA_X13_BURST13] [1;36m19:06:11[0m [1;32mx13[0m [1;36m#36[0m SKIP tension=[1;33m0.93710224[0m [0m| wall_not_collapsed
[BETA_X5] mode=OFF radar_adj=0 mom= conf=0
[ALPHA_X13_BURST13] [BARRIER_TIMEOUT] BETA en retard, ouverture forcée de la barrière au cycle 37
[BETA_X5] [1;36mentry=19:06:23@61999.80000000[0m [1;33mx3[0m [1;36m#81[0m [1;31mSELL[0m tension=[1;32m1.98576929[0m hold=[1;36m6[0ms sec=[1;36m6[0m [0m| exit=62000.80000000 [1;32mconf=0.997[0m [1;36mexit_time=19:06:29[0m [1;31mpnl=-0.00480000 bps=-0.16129084 pct=-0.00161291% total=-1.4219[0m
[ALPHA_X13_BURST13] mode=OFF radar_adj=0 mom= conf=0
[BETA_X5] mode=OFF radar_adj=0 mom= conf=0
[ALPHA_X13_BURST13] [1;36m19:06:38[0m [1;32mx13[0m [1;36m#37[0m SKIP tension=[1;33m0.85615612[0m [0m| wall_not_collapsed
[BETA_X5] [1;36m19:06:39[0m [1;33mx3[0m [1;36m#82[0m SKIP tension=[1;36m0.00000000[0m [0m| momentum_too_small [1;31mconf=0.3493[0m
[BETA_X5] mode=OFF radar_adj=0 mom= conf=0
[BETA_X5] [1;36m19:06:47[0m [1;33mx3[0m [1;36m#83[0m SKIP tension=[1;36m0.00000000[0m [0m| momentum_too_small [1;31mconf=0.3496[0m
[BETA_X5] mode=OFF radar_adj=0 mom= conf=0
[ALPHA_X13_BURST13] [BARRIER_TIMEOUT] BETA en retard, ouverture forcée de la barrière au cycle 38
[ALPHA_X13_BURST13] mode=OFF radar_adj=0 mom= conf=0
[ALPHA_X13_BURST13] [1;36m19:07:04[0m [1;32mx13[0m [1;36m#38[0m SKIP tension=[1;36m0.03567704[0m [0m| direction_unclear [1;31mconf=0.0557[0m
[BETA_X5] [1;36mCycle 84[0m [1;32mSOFT anomaly[0m [1;33m| pnl_abs=0.05985000 > 0.02500000[0m
[BETA_X5] [1;36mentry=19:06:59@62000.00000000[0m [1;33mx3[0m [1;36m#84[0m [1;31mSELL[0m tension=[1;32m1.48751954[0m hold=[1;36m6[0ms sec=[1;36m6[0m [0m| exit=62006.30000000 [1;32mconf=0.998[0m [1;36mexit_time=19:07:05[0m [1;31mpnl=-0.05985000 bps=-1.01612903 pct=-0.01016129% total=-1.48175[0m
[BETA_X5] mode=OFF radar_adj=0 mom= conf=0
[ALPHA_X13_BURST13] [BARRIER_TIMEOUT] BETA en retard, ouverture forcée de la barrière au cycle 39
[ALPHA_X13_BURST13] mode=OFF radar_adj=0 mom= conf=0
[BETA_X5] [1;36mentry=19:07:20@61999.70000000[0m [1;33mx3[0m [1;36m#85[0m [1;31mSELL[0m tension=[1;31m3.99776360[0m hold=[1;36m6[0ms sec=[1;36m6[0m [0m| exit=62002.80000000 [1;32mconf=0.996[0m [1;36mexit_time=19:07:27[0m [1;31mpnl=-0.01488000 bps=-0.50000242 pct=-0.00500002% total=-1.49663[0m
[ALPHA_X13_BURST13] [1;36m19:07:30[0m [1;32mx13[0m [1;36m#39[0m SKIP tension=[1;36m0.00004189[0m [0m| momentum_too_small [1;31mconf=0.0001[0m
[BETA_X5] mode=OFF radar_adj=0 mom= conf=0
[BETA_X5] [1;36m19:07:36[0m [1;33mx3[0m [1;36m#86[0m SKIP tension=[1;36m0.00140585[0m [0m| momentum_too_small [1;31mconf=0.0023[0m
[BETA_X5] mode=OFF radar_adj=0 mom= conf=0
[BETA_X5] [1;36m19:07:44[0m [1;33mx3[0m [1;36m#87[0m SKIP tension=[1;36m0.00083545[0m [0m| momentum_too_small [1;31mconf=0.0013[0m
[BETA_X5] mode=OFF radar_adj=0 mom= conf=0
[ALPHA_X13_BURST13] [BARRIER_TIMEOUT] BETA en retard, ouverture forcée de la barrière au cycle 40
[ALPHA_X13_BURST13] mode=OFF radar_adj=0 mom= conf=0
[BETA_X5] [1;36m19:07:53[0m [1;33mx3[0m [1;36m#88[0m SKIP tension=[1;36m0.00000000[0m [0m| momentum_too_small [1;31mconf=0.3172[0m
[ALPHA_X13_BURST13] [1;36m19:07:55[0m [1;32mx13[0m [1;36m#40[0m SKIP tension=[1;36m0.00000740[0m [0m| momentum_too_small [1;31mconf=0.0[0m
[BETA_X5] mode=OFF radar_adj=0 mom= conf=0
[BETA_X5] [1;36m19:08:01[0m [1;33mx3[0m [1;36m#89[0m SKIP tension=[1;36m0.00000000[0m [0m| momentum_too_small [1;31mconf=0.3489[0m
[BETA_X5] mode=OFF radar_adj=0 mom= conf=0
[BETA_X5] [1;36m19:08:09[0m [1;33mx3[0m [1;36m#90[0m SKIP tension=[1;36m0.00000000[0m [0m| momentum_too_small [1;31mconf=0.2943[0m
[BETA_X5] mode=OFF radar_adj=0 mom= conf=0
[ALPHA_X13_BURST13] [BARRIER_TIMEOUT] BETA en retard, ouverture forcée de la barrière au cycle 41
[ALPHA_X13_BURST13] mode=OFF radar_adj=0 mom= conf=0
[ALPHA_X13_BURST13] [1;36m19:08:21[0m [1;32mx13[0m [1;36m#41[0m SKIP tension=[1;36m0.00000000[0m [0m| momentum_too_small [1;31mconf=0.3182[0m
[BETA_X5] [1;36mentry=19:08:22@61990.60000000[0m [1;33mx3[0m [1;36m#91[0m [1;31mSELL[0m tension=[1;31m4.75626856[0m hold=[1;36m7[0ms sec=[1;36m7[0m [0m| exit=61991.00000000 [1;32mconf=0.8448[0m [1;36mexit_time=19:08:29[0m [1;31mpnl=-0.00192000 bps=-0.06452591 pct=-0.00064526% total=-1.49855[0m
[BETA_X5] mode=OFF radar_adj=0 mom= conf=0
[ALPHA_X13_BURST13] [BARRIER_TIMEOUT] BETA en retard, ouverture forcée de la barrière au cycle 42
[ALPHA_X13_BURST13] mode=OFF radar_adj=0 mom= conf=0
[BETA_X5] [1;36mCycle 92[0m [1;32mSOFT anomaly[0m [1;33m| pnl_abs=0.04697000 > 0.02500000[0m
[BETA_X5] [1;36mentry=19:08:42@61997.10000000[0m [1;33mx3[0m [1;36m#92[0m [1;32mSELL[0m tension=[1;31m4.79537070[0m hold=[1;36m6[0ms sec=[1;36m6[0m [0m| exit=61991.00000000 [1;32mconf=0.9385[0m [1;36mexit_time=19:08:48[0m [1;32mpnl=0.04697000 bps=0.98391699 pct=0.00983917% total=-1.4515799999999999[0m
[ALPHA_X13_BURST13] [1;36m19:08:51[0m [1;32mx13[0m [1;36m#42[0m SKIP tension=[1;36m0.00000451[0m [0m| momentum_too_small [1;31mconf=0.0[0m
[BETA_X5] mode=OFF radar_adj=0 mom= conf=0
[BETA_X5] [1;36m19:08:58[0m [1;33mx3[0m [1;36m#93[0m SKIP tension=[1;36m0.00007980[0m [0m| momentum_too_small [1;31mconf=0.0001[0m
[BETA_X5] mode=OFF radar_adj=0 mom= conf=0
[BETA_X5] [1;36m19:09:05[0m [1;33mx3[0m [1;36m#94[0m SKIP tension=[1;36m0.00000000[0m [0m| momentum_too_small [1;31mconf=0.3299[0m
[BETA_X5] mode=OFF radar_adj=0 mom= conf=0
[ALPHA_X13_BURST13] [BARRIER_TIMEOUT] BETA en retard, ouverture forcée de la barrière au cycle 43
[ALPHA_X13_BURST13] mode=OFF radar_adj=0 mom= conf=0
[BETA_X5] [1;36m19:09:13[0m [1;33mx3[0m [1;36m#95[0m SKIP tension=[1;36m0.26424892[0m [0m| wall_not_collapsed
[BETA_X5] mode=OFF radar_adj=0 mom= conf=0
[ALPHA_X13_BURST13] [1;36m19:09:17[0m [1;32mx13[0m [1;36m#43[0m SKIP tension=[1;36m0.00000581[0m [0m| momentum_too_small [1;31mconf=0.0[0m
[BETA_X5] [1;36m19:09:21[0m [1;33mx3[0m [1;36m#96[0m SKIP tension=[1;36m0.00002482[0m [0m| momentum_too_small [1;31mconf=0.0[0m
[BETA_X5] mode=OFF radar_adj=0 mom= conf=0
[BETA_X5] [1;36m19:09:30[0m [1;33mx3[0m [1;36m#97[0m SKIP tension=[1;36m0.00000000[0m [0m| momentum_too_small [1;31mconf=0.313[0m
[BETA_X5] mode=OFF radar_adj=0 mom= conf=0
[ALPHA_X13_BURST13] [BARRIER_TIMEOUT] BETA en retard, ouverture forcée de la barrière au cycle 44
[ALPHA_X13_BURST13] mode=OFF radar_adj=0 mom= conf=0
[BETA_X5] [1;36m19:09:38[0m [1;33mx3[0m [1;36m#98[0m SKIP tension=[1;36m0.00002003[0m [0m| momentum_too_small [1;31mconf=0.0[0m
[BETA_X5] mode=OFF radar_adj=0 mom= conf=0
[ALPHA_X13_BURST13] [1;36m19:09:42[0m [1;32mx13[0m [1;36m#44[0m SKIP tension=[1;36m0.03182538[0m [0m| direction_unclear [1;31mconf=0.049[0m
[BETA_X5] [1;36m19:09:46[0m [1;33mx3[0m [1;36m#99[0m SKIP tension=[1;36m0.00001321[0m [0m| momentum_too_small [1;31mconf=0.0[0m
[BETA_X5] mode=OFF radar_adj=0 mom= conf=0
[BETA_X5] [1;36m19:09:55[0m [1;33mx3[0m [1;36m#100[0m SKIP tension=[1;36m0.00000000[0m [0m| momentum_too_small [1;31mconf=0.313[0m
[BETA_X5] mode=OFF radar_adj=0 mom= conf=0
[ALPHA_X13_BURST13] [BARRIER_TIMEOUT] BETA en retard, ouverture forcée de la barrière au cycle 45
[ALPHA_X13_BURST13] mode=OFF radar_adj=0 mom= conf=0
[BETA_X5] [1;36m19:10:03[0m [1;33mx3[0m [1;36m#101[0m SKIP tension=[1;36m0.00000000[0m [0m| momentum_too_small [1;31mconf=0.3232[0m
[BETA_X5] mode=OFF radar_adj=0 mom= conf=0
[ALPHA_X13_BURST13] [1;36m19:10:07[0m [1;32mx13[0m [1;36m#45[0m SKIP tension=[1;36m0.03181292[0m [0m| direction_unclear [1;31mconf=0.0529[0m
[BETA_X5] [1;36m19:10:11[0m [1;33mx3[0m [1;36m#102[0m SKIP tension=[1;36m0.00163973[0m [0m| momentum_too_small [1;31mconf=0.0025[0m
[BETA_X5] mode=OFF radar_adj=0 mom= conf=0
[BETA_X5] [1;36m19:10:18[0m [1;33mx3[0m [1;36m#103[0m SKIP tension=[1;36m0.00000793[0m [0m| momentum_too_small [1;31mconf=0.0[0m
[BETA_X5] mode=OFF radar_adj=0 mom= conf=0
[ALPHA_X13_BURST13] [BARRIER_TIMEOUT] BETA en retard, ouverture forcée de la barrière au cycle 46
[BETA_X5] [1;36m19:10:26[0m [1;33mx3[0m [1;36m#104[0m SKIP tension=[1;36m0.00003223[0m [0m| momentum_too_small [1;31mconf=0.0[0m
[ALPHA_X13_BURST13] mode=OFF radar_adj=0 mom= conf=0
[BETA_X5] mode=OFF radar_adj=0 mom= conf=0
[ALPHA_X13_BURST13] [1;36m19:10:33[0m [1;32mx13[0m [1;36m#46[0m SKIP tension=[1;36m0.02122928[0m [0m| direction_unclear [1;31mconf=0.0327[0m
[BETA_X5] [1;36m19:10:39[0m [1;33mx3[0m [1;36m#105[0m SKIP tension=[1;36m0.00001482[0m [0m| momentum_too_small [1;31mconf=0.0[0m
[BETA_X5] mode=OFF radar_adj=0 mom= conf=0
[BETA_X5] [1;36m19:10:47[0m [1;33mx3[0m [1;36m#106[0m SKIP tension=[1;36m0.23480107[0m [0m| wall_not_collapsed
[BETA_X5] mode=OFF radar_adj=0 mom= conf=0
[ALPHA_X13_BURST13] [BARRIER_TIMEOUT] BETA en retard, ouverture forcée de la barrière au cycle 47
[ALPHA_X13_BURST13] mode=OFF radar_adj=0 mom= conf=0
[BETA_X5] [1;36m19:10:56[0m [1;33mx3[0m [1;36m#107[0m SKIP tension=[1;36m0.00373032[0m [0m| momentum_too_small [1;31mconf=0.0057[0m
[ALPHA_X13_BURST13] [1;36m19:10:59[0m [1;32mx13[0m [1;36m#47[0m SKIP tension=[1;36m0.00002449[0m [0m| momentum_too_small [1;31mconf=0.0[0m
[BETA_X5] mode=OFF radar_adj=0 mom= conf=0
[BETA_X5] [1;36m19:11:05[0m [1;33mx3[0m [1;36m#108[0m SKIP tension=[1;36m0.00003102[0m [0m| momentum_too_small [1;31mconf=0.0[0m
[BETA_X5] mode=OFF radar_adj=0 mom= conf=0
[BETA_X5] [1;36m19:11:13[0m [1;33mx3[0m [1;36m#109[0m SKIP tension=[1;36m0.00000000[0m [0m| momentum_too_small [1;31mconf=0.3182[0m
[BETA_X5] mode=OFF radar_adj=0 mom= conf=0
[ALPHA_X13_BURST13] [BARRIER_TIMEOUT] BETA en retard, ouverture forcée de la barrière au cycle 48
[ALPHA_X13_BURST13] mode=OFF radar_adj=0 mom= conf=0
[BETA_X5] [1;36m19:11:21[0m [1;33mx3[0m [1;36m#110[0m SKIP tension=[1;36m0.00001252[0m [0m| momentum_too_small [1;31mconf=0.0[0m
[BETA_X5] mode=OFF radar_adj=0 mom= conf=0
[ALPHA_X13_BURST13] [1;36m19:11:24[0m [1;32mx13[0m [1;36m#48[0m SKIP tension=[1;36m0.00000490[0m [0m| momentum_too_small [1;31mconf=0.0[0m
[BETA_X5] [1;36m19:11:29[0m [1;33mx3[0m [1;36m#111[0m SKIP tension=[1;36m0.00001796[0m [0m| momentum_too_small [1;31mconf=0.0[0m
[BETA_X5] mode=OFF radar_adj=0 mom= conf=0
[BETA_X5] [1;36m19:11:37[0m [1;33mx3[0m [1;36m#112[0m SKIP tension=[1;36m0.00070229[0m [0m| momentum_too_small [1;31mconf=0.001[0m
[BETA_X5] mode=OFF radar_adj=0 mom= conf=0
[ALPHA_X13_BURST13] [BARRIER_TIMEOUT] BETA en retard, ouverture forcée de la barrière au cycle 49
[ALPHA_X13_BURST13] mode=OFF radar_adj=0 mom= conf=0
[BETA_X5] [1;36m19:11:45[0m [1;33mx3[0m [1;36m#113[0m SKIP tension=[1;36m0.00009117[0m [0m| momentum_too_small [1;31mconf=0.0001[0m
[BETA_X5] mode=OFF radar_adj=0 mom= conf=0
[ALPHA_X13_BURST13] [1;36m19:11:49[0m [1;32mx13[0m [1;36m#49[0m SKIP tension=[1;36m0.00001430[0m [0m| momentum_too_small [1;31mconf=0.0[0m
[BETA_X5] [1;36m19:11:53[0m [1;33mx3[0m [1;36m#114[0m SKIP [0m| Mode Écoute: spread=1.14500000 volat=40.06565328 (attente froid)
[BETA_X5] mode=OFF radar_adj=0 mom= conf=0
[BETA_X5] [1;36m19:12:06[0m [1;33mx3[0m [1;36m#115[0m SKIP tension=[1;36m0.00000000[0m [0m| momentum_too_small [1;31mconf=0.3101[0m
[ALPHA_X13_BURST13] [BARRIER_TIMEOUT] BETA en retard, ouverture forcée de la barrière au cycle 50
[ALPHA_X13_BURST13] mode=OFF radar_adj=0 mom= conf=0
[BETA_X5] mode=OFF radar_adj=0 mom= conf=0
[ALPHA_X13_BURST13] [1;36m19:12:15[0m [1;32mx13[0m [1;36m#50[0m SKIP tension=[1;36m0.00878951[0m [0m| direction_unclear [1;31mconf=0.0118[0m
[BETA_X5] [1;36m19:12:15[0m [1;33mx3[0m [1;36m#116[0m SKIP tension=[1;36m0.00878951[0m [0m| momentum_too_small [1;31mconf=0.0118[0m
[BETA_X5] mode=OFF radar_adj=0 mom= conf=0
[BETA_X5] [1;36m19:12:23[0m [1;33mx3[0m [1;36m#117[0m SKIP tension=[1;36m0.00000000[0m [0m| momentum_too_small [1;31mconf=0.2502[0m
[BETA_X5] mode=OFF radar_adj=0 mom= conf=0
[BETA_X5] [1;36m19:12:31[0m [1;33mx3[0m [1;36m#118[0m SKIP tension=[1;36m0.00000000[0m [0m| momentum_too_small [1;31mconf=0.2502[0m
[ALPHA_X13_BURST13] [BARRIER_TIMEOUT] BETA en retard, ouverture forcée de la barrière au cycle 51
[BETA_X5] mode=OFF radar_adj=0 mom= conf=0
[ALPHA_X13_BURST13] mode=OFF radar_adj=0 mom= conf=0
[BETA_X5] [1;36m19:12:38[0m [1;33mx3[0m [1;36m#119[0m SKIP tension=[1;36m0.26008255[0m [0m| wall_not_collapsed
[ALPHA_X13_BURST13] [1;36m19:12:40[0m [1;32mx13[0m [1;36m#51[0m SKIP tension=[1;36m0.00000000[0m [0m| momentum_too_small [1;31mconf=0.332[0m
[BETA_X5] mode=OFF radar_adj=0 mom= conf=0
[BETA_X5] [1;36m19:12:48[0m [1;33mx3[0m [1;36m#120[0m SKIP tension=[1;36m0.57371444[0m [0m| wall_not_collapsed
[BETA_X5] mode=OFF radar_adj=0 mom= conf=0
[BETA_X5] [1;36m19:12:56[0m [1;33mx3[0m [1;36m#121[0m SKIP tension=[1;36m0.00000000[0m [0m| momentum_too_small [1;31mconf=0.2597[0m
[BETA_X5] mode=OFF radar_adj=0 mom= conf=0
[ALPHA_X13_BURST13] [BARRIER_TIMEOUT] BETA en retard, ouverture forcée de la barrière au cycle 52
[ALPHA_X13_BURST13] mode=OFF radar_adj=0 mom= conf=0
[BETA_X5] [1;36m19:13:04[0m [1;33mx3[0m [1;36m#122[0m SKIP tension=[1;36m0.00000000[0m [0m| momentum_too_small [1;31mconf=0.3207[0m
[ALPHA_X13_BURST13] [1;36m19:13:06[0m [1;32mx13[0m [1;36m#52[0m SKIP tension=[1;36m0.00000000[0m [0m| momentum_too_small [1;31mconf=0.3207[0m
[BETA_X5] mode=OFF radar_adj=0 mom= conf=0
[BETA_X5] [1;36m19:13:12[0m [1;33mx3[0m [1;36m#123[0m SKIP tension=[1;36m0.00034804[0m [0m| momentum_too_small [1;31mconf=0.0005[0m
[BETA_X5] mode=OFF radar_adj=0 mom= conf=0
[BETA_X5] [1;36m19:13:20[0m [1;33mx3[0m [1;36m#124[0m SKIP tension=[1;36m0.00000000[0m [0m| momentum_too_small [1;31mconf=0.3207[0m
[ALPHA_X13_BURST13] [BARRIER_TIMEOUT] BETA en retard, ouverture forcée de la barrière au cycle 53
[BETA_X5] mode=OFF radar_adj=0 mom= conf=0
[ALPHA_X13_BURST13] mode=OFF radar_adj=0 mom= conf=0
[ALPHA_X13_BURST13] [1;36m19:13:35[0m [1;32mx13[0m [1;36m#53[0m SKIP tension=[1;31m2.98880897[0m [0m| duo no_trigger
[BETA_X5] [1;36mentry=19:13:38@62000.00000000[0m [1;33mx3[0m [1;36m#125[0m [1;33mSELL[0m tension=[1;31m2.33691310[0m hold=[1;36m6[0ms sec=[1;36m6[0m [0m| exit=62000.00000000 [1;32mconf=0.9163[0m [1;36mexit_time=19:13:44[0m [1;33mpnl=-0.00000000 bps=-0.00000000 pct=-0.00000000% total=-1.4515799999999999[0m
[BETA_X5] mode=OFF radar_adj=0 mom= conf=0
[ALPHA_X13_BURST13] [BARRIER_TIMEOUT] BETA en retard, ouverture forcée de la barrière au cycle 54
[BETA_X5] [1;36m19:13:54[0m [1;33mx3[0m [1;36m#126[0m SKIP tension=[1;36m0.00000531[0m [0m| momentum_too_small [1;31mconf=0.0[0m
[ALPHA_X13_BURST13] mode=OFF radar_adj=0 mom= conf=0
[BETA_X5] mode=OFF radar_adj=0 mom= conf=0
[ALPHA_X13_BURST13] [1;36m19:14:00[0m [1;32mx13[0m [1;36m#54[0m SKIP tension=[1;36m0.00000000[0m [0m| momentum_too_small [1;31mconf=0.3444[0m
[BETA_X5] [1;36m19:14:02[0m [1;33mx3[0m [1;36m#127[0m SKIP tension=[1;36m0.00000000[0m [0m| momentum_too_small [1;31mconf=0.3472[0m
[BETA_X5] mode=OFF radar_adj=0 mom= conf=0
[ALPHA_X13_BURST13] [BARRIER_TIMEOUT] BETA en retard, ouverture forcée de la barrière au cycle 55
[ALPHA_X13_BURST13] mode=OFF radar_adj=0 mom= conf=0
[ALPHA_X13_BURST13] [1;36m19:14:27[0m [1;32mx13[0m [1;36m#55[0m SKIP tension=[1;36m0.00001031[0m [0m| momentum_too_small [1;31mconf=0.0[0m
[BETA_X5] [1;36mentry=19:14:14@62055.80000000[0m [1;33mx3[0m [1;36m#128[0m [1;31mSELL[0m tension=[1;31m2.14445175[0m hold=[1;36m11[0ms sec=[1;36m11[0m [0m| exit=62057.70000000 [1;32mconf=0.996[0m [1;36mexit_time=19:14:26[0m [1;31mpnl=-0.00912000 bps=-0.30617605 pct=-0.00306176% total=-1.4606999999999999[0m
[BETA_X5] mode=OFF radar_adj=0 mom= conf=0
[BETA_X5] [1;36m19:14:37[0m [1;33mx3[0m [1;36m#129[0m SKIP tension=[1;36m0.00006344[0m [0m| momentum_too_small [1;31mconf=0.0001[0m
[BETA_X5] mode=OFF radar_adj=0 mom= conf=0
[BETA_X5] [1;36m19:14:45[0m [1;33mx3[0m [1;36m#130[0m SKIP tension=[1;36m0.00000000[0m [0m| momentum_too_small [1;31mconf=0.3408[0m
[ALPHA_X13_BURST13] [BARRIER_TIMEOUT] BETA en retard, ouverture forcée de la barrière au cycle 56
[BETA_X5] mode=OFF radar_adj=0 mom= conf=0
[ALPHA_X13_BURST13] mode=OFF radar_adj=0 mom= conf=0
[ALPHA_X13_BURST13] [1;36m19:14:53[0m [1;32mx13[0m [1;36m#56[0m SKIP tension=[1;36m0.01359083[0m [0m| direction_unclear [1;31mconf=0.0226[0m
[BETA_X5] [1;36m19:14:53[0m [1;33mx3[0m [1;36m#131[0m SKIP tension=[1;36m0.01359083[0m [0m| direction_unclear [1;31mconf=0.0226[0m
[BETA_X5] mode=OFF radar_adj=0 mom= conf=0
[BETA_X5] [1;36m19:15:01[0m [1;33mx3[0m [1;36m#132[0m SKIP tension=[1;36m0.00432448[0m [0m| momentum_too_small [1;31mconf=0.0072[0m
[BETA_X5] mode=OFF radar_adj=0 mom= conf=0
[BETA_X5] [1;36m19:15:08[0m [1;33mx3[0m [1;36m#133[0m SKIP tension=[1;36m0.24953274[0m [0m| wall_not_collapsed
[ALPHA_X13_BURST13] [BARRIER_TIMEOUT] BETA en retard, ouverture forcée de la barrière au cycle 57
[BETA_X5] mode=OFF radar_adj=0 mom= conf=0
[ALPHA_X13_BURST13] mode=OFF radar_adj=0 mom= conf=0
[BETA_X5] [1;36m19:15:17[0m [1;33mx3[0m [1;36m#134[0m SKIP tension=[1;36m0.00000000[0m [0m| momentum_too_small [1;31mconf=0.3493[0m
[ALPHA_X13_BURST13] [1;36m19:15:18[0m [1;32mx13[0m [1;36m#57[0m SKIP tension=[1;36m0.00001872[0m [0m| momentum_too_small [1;31mconf=0.0[0m
[BETA_X5] mode=OFF radar_adj=0 mom= conf=0
[BETA_X5] [1;36m19:15:25[0m [1;33mx3[0m [1;36m#135[0m SKIP tension=[1;36m0.00680943[0m [0m| momentum_too_small [1;31mconf=0.0113[0m
[BETA_X5] mode=OFF radar_adj=0 mom= conf=0
[BETA_X5] [1;36m19:15:33[0m [1;33mx3[0m [1;36m#136[0m SKIP tension=[1;36m0.00001731[0m [0m| momentum_too_small [1;31mconf=0.0[0m
[BETA_X5] mode=OFF radar_adj=0 mom= conf=0
[ALPHA_X13_BURST13] [BARRIER_TIMEOUT] BETA en retard, ouverture forcée de la barrière au cycle 58
[ALPHA_X13_BURST13] mode=OFF radar_adj=0 mom= conf=0
[BETA_X5] [1;36m19:15:41[0m [1;33mx3[0m [1;36m#137[0m SKIP tension=[1;36m0.00000433[0m [0m| momentum_too_small [1;31mconf=0.0[0m
[BETA_X5] mode=OFF radar_adj=0 mom= conf=0
[ALPHA_X13_BURST13] [1;36m19:15:44[0m [1;32mx13[0m [1;36m#58[0m SKIP tension=[1;36m0.00000000[0m [0m| momentum_too_small [1;31mconf=0.3489[0m
[BETA_X5] [1;36m19:15:49[0m [1;33mx3[0m [1;36m#138[0m SKIP tension=[1;36m0.00000000[0m [0m| momentum_too_small [1;31mconf=0.3489[0m
[BETA_X5] mode=OFF radar_adj=0 mom= conf=0
[BETA_X5] [1;36m19:15:56[0m [1;33mx3[0m [1;36m#139[0m SKIP tension=[1;36m0.00000000[0m [0m| momentum_too_small [1;31mconf=0.3486[0m
[ALPHA_X13_BURST13] [BARRIER_TIMEOUT] BETA en retard, ouverture forcée de la barrière au cycle 59
[BETA_X5] mode=OFF radar_adj=0 mom= conf=0
[ALPHA_X13_BURST13] mode=OFF radar_adj=0 mom= conf=0
[ALPHA_X13_BURST13] [1;36m19:16:09[0m [1;32mx13[0m [1;36m#59[0m SKIP tension=[1;36m0.00000000[0m [0m| momentum_too_small [1;31mconf=0.3496[0m
[BETA_X5] [1;36m19:16:09[0m [1;33mx3[0m [1;36m#140[0m SKIP tension=[1;36m0.00000000[0m [0m| momentum_too_small [1;31mconf=0.3496[0m
[BETA_X5] mode=OFF radar_adj=0 mom= conf=0
[BETA_X5] [1;36m19:16:17[0m [1;33mx3[0m [1;36m#141[0m SKIP tension=[1;36m0.00006187[0m [0m| momentum_too_small [1;31mconf=0.0001[0m
[BETA_X5] mode=OFF radar_adj=0 mom= conf=0
[BETA_X5] [1;36m19:16:26[0m [1;33mx3[0m [1;36m#142[0m SKIP tension=[1;36m0.72291806[0m [0m| wall_not_collapsed
[ALPHA_X13_BURST13] [BARRIER_TIMEOUT] BETA en retard, ouverture forcée de la barrière au cycle 60
[ALPHA_X13_BURST13] mode=OFF radar_adj=0 mom= conf=0
[BETA_X5] mode=OFF radar_adj=0 mom= conf=0
[ALPHA_X13_BURST13] [1;36m19:16:35[0m [1;32mx13[0m [1;36m#60[0m SKIP tension=[1;36m0.17876304[0m [0m| direction_unclear [1;31mconf=0.2943[0m
[BETA_X5] [1;36mCycle 143[0m [1;32mSOFT anomaly[0m [1;33m| pnl_abs=0.02565000 > 0.02500000[0m
[BETA_X5] [1;36mentry=19:16:43@62058.80000000[0m [1;33mx3[0m [1;36m#143[0m [1;32mSELL[0m tension=[1;32m1.43864031[0m hold=[1;36m6[0ms sec=[1;36m6[0m [0m| exit=62056.10000000 [1;32mconf=0.9869[0m [1;36mexit_time=19:16:49[0m [1;32mpnl=0.02565000 bps=0.43507126 pct=0.00435071% total=-1.43505[0m
[BETA_X5] mode=OFF radar_adj=0 mom= conf=0
[ALPHA_X13_BURST13] [BARRIER_TIMEOUT] BETA en retard, ouverture forcée de la barrière au cycle 61
[ALPHA_X13_BURST13] mode=OFF radar_adj=0 mom= conf=0
[BETA_X5] [1;36m19:17:00[0m [1;33mx3[0m [1;36m#144[0m SKIP tension=[1;36m0.00000000[0m [0m| momentum_too_small [1;31mconf=0.3482[0m
[ALPHA_X13_BURST13] [1;36m19:17:01[0m [1;32mx13[0m [1;36m#61[0m SKIP tension=[1;36m0.00000000[0m [0m| momentum_too_small [1;31mconf=0.3482[0m
[BETA_X5] mode=OFF radar_adj=0 mom= conf=0
[BETA_X5] [1;36m19:17:09[0m [1;33mx3[0m [1;36m#145[0m SKIP tension=[1;36m0.00000000[0m [0m| momentum_too_small [1;31mconf=0.3482[0m
[BETA_X5] mode=OFF radar_adj=0 mom= conf=0
[BETA_X5] [1;36m19:17:17[0m [1;33mx3[0m [1;36m#146[0m SKIP tension=[1;36m0.00002672[0m [0m| momentum_too_small [1;31mconf=0.0[0m
[ALPHA_X13_BURST13] [BARRIER_TIMEOUT] BETA en retard, ouverture forcée de la barrière au cycle 62
[BETA_X5] mode=OFF radar_adj=0 mom= conf=0
[ALPHA_X13_BURST13] mode=OFF radar_adj=0 mom= conf=0
[BETA_X5] [1;36m--- ACE777 STRICT CLONE FUTURES TESTNET ---[0m
[BETA_X5] [1;32mV8 Resonance ON:[0m [1;36mimpulse_thr=0.96 dt_ms=64 aspiration=1.618@37.8deg void_lock=TRUE shock_exit=TRUE[0m
[BETA_X5] [1;32mV8 Tension ON:[0m [1;36mwall_drop=6.5% dt_ms=64 filter=0.85 depth=20[0m
[BETA_X5] [1;36mSymbol=BTCUSDT[0m [1;32mLeverage=3[0m [1;36mBuyUSDT=200 Orders=TRUE[0m
[ALPHA_X13_BURST13] [1;36m--- ACE777 STRICT CLONE FUTURES TESTNET ---[0m
[ALPHA_X13_BURST13] [1;36mLeverage ramp ON:[0m [1;36mstart=13 end=13 cycles=180[0m
[ALPHA_X13_BURST13] [1;32mV8 Resonance ON:[0m [1;36mimpulse_thr=0.96 dt_ms=64 aspiration=1.618@37.8deg void_lock=TRUE shock_exit=TRUE[0m
[ALPHA_X13_BURST13] [1;32mV8 Tension ON:[0m [1;36mwall_drop=6.5% dt_ms=64 filter=0.85 depth=20[0m
[ALPHA_X13_BURST13] [1;36mSymbol=BTCUSDT[0m [1;32mLeverage=13[0m [1;36mBuyUSDT=800 Orders=TRUE[0m
[BETA_X5] mode=OFF radar_adj=0 mom= conf=0
[BETA_X5] [1;36m19:27:40[0m [1;33mx3[0m [1;36m#1[0m SKIP tension=[1;36m0.00000000[0m [0m| momentum_too_small [1;31mconf=0.2784[0m
[BETA_X5] mode=OFF radar_adj=0 mom= conf=0
[BETA_X5] [1;36m19:27:48[0m [1;33mx3[0m [1;36m#2[0m SKIP tension=[1;36m0.00087078[0m [0m| momentum_too_small [1;31mconf=0.0014[0m
[BETA_X5] mode=OFF radar_adj=0 mom= conf=0
[ALPHA_X13_BURST13] [BARRIER_TIMEOUT] BETA en retard, ouverture forcée de la barrière au cycle 1
[BETA_X5] [1;36m19:27:55[0m [1;33mx3[0m [1;36m#3[0m SKIP tension=[1;36m0.00000000[0m [0m| momentum_too_small [1;31mconf=0.3183[0m
[ALPHA_X13_BURST13] mode=OFF radar_adj=0 mom= conf=0
[BETA_X5] mode=OFF radar_adj=0 mom= conf=0
[ALPHA_X13_BURST13] [1;36m19:28:01[0m [1;32mx13[0m [1;36m#1[0m SKIP tension=[1;36m0.00002770[0m [0m| momentum_too_small [1;31mconf=0.0[0m
[BETA_X5] [1;36m19:28:04[0m [1;33mx3[0m [1;36m#4[0m SKIP tension=[1;36m0.00000796[0m [0m| momentum_too_small [1;31mconf=0.0[0m
[BETA_X5] mode=OFF radar_adj=0 mom= conf=0
[BETA_X5] [1;36m19:28:11[0m [1;33mx3[0m [1;36m#5[0m SKIP tension=[1;36m0.00005540[0m [0m| momentum_too_small [1;31mconf=0.0001[0m
[BETA_X5] mode=OFF radar_adj=0 mom= conf=0
[ALPHA_X13_BURST13] [BARRIER_TIMEOUT] BETA en retard, ouverture forcée de la barrière au cycle 2
[BETA_X5] [1;36m19:28:18[0m [1;33mx3[0m [1;36m#6[0m SKIP tension=[1;36m0.00221398[0m [0m| momentum_too_small [1;31mconf=0.0035[0m
[ALPHA_X13_BURST13] mode=OFF radar_adj=0 mom= conf=0
[BETA_X5] mode=OFF radar_adj=0 mom= conf=0
[ALPHA_X13_BURST13] [1;36m19:28:25[0m [1;32mx13[0m [1;36m#2[0m SKIP tension=[1;36m0.83441896[0m [0m| wall_not_collapsed
[BETA_X5] [1;36m19:28:26[0m [1;33mx3[0m [1;36m#7[0m SKIP tension=[1;36m0.00000970[0m [0m| momentum_too_small [1;31mconf=0.0[0m
[BETA_X5] mode=OFF radar_adj=0 mom= conf=0
[BETA_X5] [1;36m19:28:33[0m [1;33mx3[0m [1;36m#8[0m SKIP tension=[1;36m0.14042180[0m [0m| direction_unclear [1;31mconf=0.2168[0m
[BETA_X5] mode=OFF radar_adj=0 mom= conf=0
[BETA_X5] [1;36m19:28:41[0m [1;33mx3[0m [1;36m#9[0m SKIP tension=[1;36m0.00000000[0m [0m| momentum_too_small [1;31mconf=0.3496[0m
[ALPHA_X13_BURST13] [BARRIER_TIMEOUT] BETA en retard, ouverture forcée de la barrière au cycle 3
[ALPHA_X13_BURST13] mode=OFF radar_adj=0 mom= conf=0
[BETA_X5] mode=OFF radar_adj=0 mom= conf=0
[ALPHA_X13_BURST13] [1;36m19:28:49[0m [1;32mx13[0m [1;36m#3[0m SKIP tension=[1;36m0.00000000[0m [0m| momentum_too_small [1;31mconf=0.3496[0m
[BETA_X5] [1;36m19:28:49[0m [1;33mx3[0m [1;36m#10[0m SKIP tension=[1;36m0.64064512[0m [0m| wall_not_collapsed
[BETA_X5] mode=OFF radar_adj=0 mom= conf=0
[BETA_X5] [1;36m19:28:58[0m [1;33mx3[0m [1;36m#11[0m SKIP tension=[1;36m0.00000000[0m [0m| momentum_too_small [1;31mconf=0.2611[0m
[BETA_X5] mode=OFF radar_adj=0 mom= conf=0
[BETA_X5] [1;36m19:29:06[0m [1;33mx3[0m [1;36m#12[0m SKIP tension=[1;36m0.00000000[0m [0m| momentum_too_small [1;31mconf=0.3408[0m
[ALPHA_X13_BURST13] [BARRIER_TIMEOUT] BETA en retard, ouverture forcée de la barrière au cycle 4
[BETA_X5] mode=OFF radar_adj=0 mom= conf=0
[ALPHA_X13_BURST13] mode=OFF radar_adj=0 mom= conf=0
[ALPHA_X13_BURST13] [1;36m19:29:15[0m [1;32mx13[0m [1;36m#4[0m SKIP tension=[1;36m0.00000000[0m [0m| momentum_too_small [1;31mconf=0.3207[0m
[BETA_X5] [1;36mCycle 13[0m [1;32mSOFT anomaly[0m [1;33m| pnl_abs=0.26520000 > 0.02500000[0m
[BETA_X5] [1;36mentry=19:29:18@62018.90000000[0m [1;33mx3[0m [1;36m#13[0m [1;32mSELL[0m tension=[1;32m1.00875365[0m hold=[1;36m6[0ms sec=[1;36m6[0m [0m| exit=62001.90000000 [1;32mconf=0.9164[0m [1;36mexit_time=19:29:24[0m [1;32mpnl=0.26520000 bps=2.74109989 pct=0.02741100% total=0.2652[0m
[BETA_X5] mode=OFF radar_adj=0 mom= conf=0
[ALPHA_X13_BURST13] [BARRIER_TIMEOUT] BETA en retard, ouverture forcée de la barrière au cycle 5
[ALPHA_X13_BURST13] mode=OFF radar_adj=0 mom= conf=0
[BETA_X5] [1;36m19:29:35[0m [1;33mx3[0m [1;36m#14[0m SKIP tension=[1;33m0.97250373[0m [0m| wall_not_collapsed
[BETA_X5] mode=OFF radar_adj=0 mom= conf=0
[ALPHA_X13_BURST13] [1;36m19:29:39[0m [1;32mx13[0m [1;36m#5[0m SKIP tension=[1;36m0.00002854[0m [0m| momentum_too_small [1;31mconf=0.0[0m
[BETA_X5] [1;36mentry=19:29:47@62000.10000000[0m [1;33mx3[0m [1;36m#15[0m [1;31mSELL[0m tension=[1;32m1.40628873[0m hold=[1;36m7[0ms sec=[1;36m7[0m [0m| exit=62001.90000000 [1;32mconf=0.8045[0m [1;36mexit_time=19:29:54[0m [1;31mpnl=-0.01386000 bps=-0.29032211 pct=-0.00290322% total=0.25134[0m
[ALPHA_X13_BURST13] [BARRIER_TIMEOUT] BETA en retard, ouverture forcée de la barrière au cycle 6
[BETA_X5] mode=OFF radar_adj=0 mom= conf=0
[ALPHA_X13_BURST13] mode=OFF radar_adj=0 mom= conf=0
[ALPHA_X13_BURST13] [1;36mentry=19:30:08@62001.90000000[0m [1;32mx13[0m [1;36m#6[0m [1;33mBUY[0m tension=[1;32m1.28618756[0m hold=[1;36m6[0ms sec=[1;36m6[0m [0m| exit=62001.90000000 [1;33mconf=0.7652[0m [1;36mexit_time=19:30:14[0m [1;33mpnl=0.00000000 bps=0.00000000 pct=0.00000000% total=0.25134[0m
[BETA_X5] [1;36mentry=19:30:08@62001.90000000[0m [1;33mx3[0m [1;36m#16[0m [1;33mSELL[0m tension=[1;32m1.28618690[0m hold=[1;36m6[0ms sec=[1;36m6[0m [0m| exit=62001.90000000 [1;33mconf=0.7652[0m [1;36mexit_time=19:30:14[0m [1;33mpnl=-0.00000000 bps=-0.00000000 pct=-0.00000000% total=0.25134[0m
[BETA_X5] mode=OFF radar_adj=0 mom= conf=0
[BETA_X5] [1;36m19:30:24[0m [1;33mx3[0m [1;36m#17[0m SKIP tension=[1;36m0.00001277[0m [0m| momentum_too_small [1;31mconf=0.0[0m
[BETA_X5] mode=OFF radar_adj=0 mom= conf=0
[ALPHA_X13_BURST13] [BARRIER_TIMEOUT] BETA en retard, ouverture forcée de la barrière au cycle 7
[ALPHA_X13_BURST13] mode=OFF radar_adj=0 mom= conf=0
[ALPHA_X13_BURST13] [1;36m19:30:40[0m [1;32mx13[0m [1;36m#7[0m SKIP tension=[1;36m0.00013299[0m [0m| momentum_too_small [1;31mconf=0.0002[0m
[BETA_X5] [1;36mCycle 18[0m [1;32mSOFT anomaly[0m [1;33m| pnl_abs=0.04224000 > 0.02500000[0m
[BETA_X5] [1;36mentry=19:30:36@62016.40000000[0m [1;33mx3[0m [1;36m#18[0m [1;31mSELL[0m tension=[1;32m1.28507571[0m hold=[1;36m6[0ms sec=[1;36m6[0m [0m| exit=62025.20000000 [1;32mconf=0.9113[0m [1;36mexit_time=19:30:42[0m [1;31mpnl=-0.04224000 bps=-1.41897950 pct=-0.01418980% total=0.2091[0m
[BETA_X5] mode=OFF radar_adj=0 mom= conf=0
[ALPHA_X13_BURST13] [BARRIER_TIMEOUT] BETA en retard, ouverture forcée de la barrière au cycle 8
[ALPHA_X13_BURST13] mode=OFF radar_adj=0 mom= conf=0
[BETA_X5] [1;36mCycle 19[0m [1;32mSOFT anomaly[0m [1;33m| pnl_abs=0.04224000 > 0.02500000[0m
[BETA_X5] [1;36mentry=19:30:56@62025.20000000[0m [1;33mx3[0m [1;36m#19[0m [1;32mSELL[0m tension=[1;32m1.20642843[0m hold=[1;36m7[0ms sec=[1;36m7[0m [0m| exit=62016.40000000 [1;32mconf=0.9113[0m [1;36mexit_time=19:31:03[0m [1;32mpnl=0.04224000 bps=1.41877817 pct=0.01418778% total=0.25134[0m
[ALPHA_X13_BURST13] [1;36m19:31:06[0m [1;32mx13[0m [1;36m#8[0m SKIP tension=[1;33m0.88288401[0m [0m| wall_not_collapsed
[BETA_X5] mode=OFF radar_adj=0 mom= conf=0
[BETA_X5] [1;36m19:31:14[0m [1;33mx3[0m [1;36m#20[0m SKIP tension=[1;36m0.00003070[0m [0m| momentum_too_small [1;31mconf=0.0[0m
[BETA_X5] mode=OFF radar_adj=0 mom= conf=0
[BETA_X5] [1;36m19:31:22[0m [1;33mx3[0m [1;36m#21[0m SKIP tension=[1;36m0.00298140[0m [0m| momentum_too_small [1;31mconf=0.0043[0m
[ALPHA_X13_BURST13] [BARRIER_TIMEOUT] BETA en retard, ouverture forcée de la barrière au cycle 9
[BETA_X5] mode=OFF radar_adj=0 mom= conf=0
[ALPHA_X13_BURST13] mode=OFF radar_adj=0 mom= conf=0
[BETA_X5] [1;36m19:31:29[0m [1;33mx3[0m [1;36m#22[0m SKIP tension=[1;36m0.00000000[0m [0m| momentum_too_small [1;31mconf=0.2971[0m
[ALPHA_X13_BURST13] [1;36m19:31:31[0m [1;32mx13[0m [1;36m#9[0m SKIP tension=[1;31m3.16934260[0m [0m| duo no_trigger
[BETA_X5] mode=OFF radar_adj=0 mom= conf=0
[BETA_X5] [1;36m19:31:38[0m [1;33mx3[0m [1;36m#23[0m SKIP tension=[1;36m0.00000000[0m [0m| momentum_too_small [1;31mconf=0.302[0m
[BETA_X5] mode=OFF radar_adj=0 mom= conf=0
[BETA_X5] [1;36m19:31:46[0m [1;33mx3[0m [1;36m#24[0m SKIP tension=[1;36m0.00034238[0m [0m| momentum_too_small [1;31mconf=0.0005[0m
[BETA_X5] mode=OFF radar_adj=0 mom= conf=0
[ALPHA_X13_BURST13] [BARRIER_TIMEOUT] BETA en retard, ouverture forcée de la barrière au cycle 10
[ALPHA_X13_BURST13] mode=OFF radar_adj=0 mom= conf=0
[ALPHA_X13_BURST13] [1;36m19:31:56[0m [1;32mx13[0m [1;36m#10[0m SKIP tension=[1;36m0.00000000[0m [0m| momentum_too_small [1;31mconf=0.2802[0m
[BETA_X5] [1;36mentry=19:31:58@62034.40000000[0m [1;33mx3[0m [1;36m#25[0m [1;31mSELL[0m tension=[1;31m4.04041897[0m hold=[1;36m6[0ms sec=[1;36m6[0m [0m| exit=62036.20000000 [1;32mconf=0.8086[0m [1;36mexit_time=19:32:04[0m [1;31mpnl=-0.00864000 bps=-0.29016159 pct=-0.00290162% total=0.2427[0m
[BETA_X5] mode=OFF radar_adj=0 mom= conf=0
[ALPHA_X13_BURST13] [BARRIER_TIMEOUT] BETA en retard, ouverture forcée de la barrière au cycle 11
[ALPHA_X13_BURST13] mode=OFF radar_adj=0 mom= conf=0
[BETA_X5] [1;36m19:32:18[0m [1;33mx3[0m [1;36m#26[0m SKIP [0m| Mode Écoute: spread=3.32060000 volat=51.90159375 (attente froid)
[BETA_X5] mode=OFF radar_adj=0 mom= conf=0
[BETA_X5] [1;36m19:32:25[0m [1;33mx3[0m [1;36m#27[0m SKIP tension=[1;36m0.00080447[0m [0m| momentum_too_small [1;31mconf=0.0011[0m
[BETA_X5] mode=OFF radar_adj=0 mom= conf=0
[ALPHA_X13_BURST13] [1;36mCycle 11[0m [1;32mSOFT anomaly[0m [1;33m| pnl_abs=5.17884000 > 0.02500000[0m
[ALPHA_X13_BURST13] [1;36mentry=19:32:24@62037.00000000[0m [1;32mx13[0m [1;36m#11[0m [1;31mBUY[0m tension=[1;31m2.88306985[0m hold=[1;36m5[0ms sec=[1;36m5[0m [0m| exit=62016.40000000 [1;33mconf=0.7925[0m [1;36mexit_time=19:32:30[0m [1;31mpnl=-5.17884000 bps=-3.32059900 pct=-0.03320599% total=-4.93614[0m
[BETA_X5] [1;36m19:32:33[0m [1;33mx3[0m [1;36m#28[0m SKIP tension=[1;36m0.00393828[0m [0m| momentum_too_small [1;31mconf=0.0052[0m
[BETA_X5] mode=OFF radar_adj=0 mom= conf=0
[BETA_X5] [1;36m19:32:41[0m [1;33mx3[0m [1;36m#29[0m SKIP tension=[1;36m0.00000000[0m [0m| momentum_too_small [1;31mconf=0.3095[0m
[BETA_X5] mode=OFF radar_adj=0 mom= conf=0
[ALPHA_X13_BURST13] [BARRIER_TIMEOUT] BETA en retard, ouverture forcée de la barrière au cycle 12
[ALPHA_X13_BURST13] mode=OFF radar_adj=0 mom= conf=0
[ALPHA_X13_BURST13] [1;36m19:32:55[0m [1;32mx13[0m [1;36m#12[0m SKIP tension=[1;36m0.63103547[0m [0m| wall_not_collapsed
[BETA_X5] [1;36mCycle 30[0m [1;32mSOFT anomaly[0m [1;33m| pnl_abs=0.09744000 > 0.02500000[0m
[BETA_X5] [1;36mentry=19:32:53@62037.00000000[0m [1;33mx3[0m [1;36m#30[0m [1;31mSELL[0m tension=[1;31m4.66789634[0m hold=[1;36m5[0ms sec=[1;36m5[0m [0m| exit=62057.30000000 [1;33mconf=0.6797[0m [1;36mexit_time=19:32:58[0m [1;31mpnl=-0.09744000 bps=-3.27224076 pct=-0.03272241% total=-5.03358[0m
[BETA_X5] mode=OFF radar_adj=0 mom= conf=0
[BETA_X5] [1;36m19:33:08[0m [1;33mx3[0m [1;36m#31[0m SKIP tension=[1;36m0.00822896[0m [0m| spread_too_wide [1;31mconf=0.0069[0m
[BETA_X5] mode=OFF radar_adj=0 mom= conf=0
[ALPHA_X13_BURST13] [BARRIER_TIMEOUT] BETA en retard, ouverture forcée de la barrière au cycle 13
[BETA_X5] [1;36m19:33:16[0m [1;33mx3[0m [1;36m#32[0m SKIP tension=[1;36m0.00894256[0m [0m| momentum_too_small [1;31mconf=0.0149[0m
[BETA_X5] mode=OFF radar_adj=0 mom= conf=0
[ALPHA_X13_BURST13] mode=OFF radar_adj=0 mom= conf=0
[BETA_X5] [1;36m19:33:23[0m [1;33mx3[0m [1;36m#33[0m SKIP tension=[1;36m0.00000000[0m [0m| momentum_too_small [1;31mconf=0.3496[0m
[ALPHA_X13_BURST13] [1;36m19:33:24[0m [1;32mx13[0m [1;36m#13[0m SKIP tension=[1;36m0.00000882[0m [0m| momentum_too_small [1;31mconf=0.0[0m
[BETA_X5] mode=OFF radar_adj=0 mom= conf=0
[BETA_X5] [1;36m19:33:36[0m [1;33mx3[0m [1;36m#34[0m SKIP tension=[1;36m0.49711571[0m [0m| wall_not_collapsed
[BETA_X5] mode=OFF radar_adj=0 mom= conf=0
[ALPHA_X13_BURST13] [BARRIER_TIMEOUT] BETA en retard, ouverture forcée de la barrière au cycle 14
[ALPHA_X13_BURST13] mode=OFF radar_adj=0 mom= conf=0
[BETA_X5] [1;36m19:33:43[0m [1;33mx3[0m [1;36m#35[0m SKIP tension=[1;36m0.44205410[0m [0m| wall_not_collapsed
[BETA_X5] mode=OFF radar_adj=0 mom= conf=0
[BETA_X5] [1;36m19:33:50[0m [1;33mx3[0m [1;36m#36[0m SKIP tension=[1;36m0.00008232[0m [0m| momentum_too_small [1;31mconf=0.0001[0m
[BETA_X5] mode=OFF radar_adj=0 mom= conf=0
[ALPHA_X13_BURST13] [1;36mCycle 14[0m [1;32mSOFT anomaly[0m [1;33m| pnl_abs=0.81640000 > 0.02500000[0m
[BETA_X5] [1;36m19:33:58[0m [1;33mx3[0m [1;36m#37[0m SKIP tension=[1;36m0.00601868[0m [0m| momentum_too_small [1;31mconf=0.0094[0m
[ALPHA_X13_BURST13] [1;36mentry=19:33:52@62079.90000000[0m [1;32mx13[0m [1;36m#14[0m [1;31mBUY[0m tension=[1;31m5.07945508[0m hold=[1;36m5[0ms sec=[1;36m5[0m [0m| exit=62073.40000000 [1;32mconf=0.9346[0m [1;36mexit_time=19:33:57[0m [1;31mpnl=-0.81640000 bps=-1.04703777 pct=-0.01047038% total=-5.8499799999999995[0m
[BETA_X5] mode=OFF radar_adj=0 mom= conf=0
[BETA_X5] [1;36m19:34:06[0m [1;33mx3[0m [1;36m#38[0m SKIP tension=[1;36m0.53511660[0m [0m| wall_not_collapsed
[BETA_X5] mode=OFF radar_adj=0 mom= conf=0
[BETA_X5] [1;36m19:34:14[0m [1;33mx3[0m [1;36m#39[0m SKIP tension=[1;36m0.00000000[0m [0m| momentum_too_small [1;31mconf=0.3271[0m
[ALPHA_X13_BURST13] [BARRIER_TIMEOUT] BETA en retard, ouverture forcée de la barrière au cycle 15
[BETA_X5] mode=OFF radar_adj=0 mom= conf=0
[ALPHA_X13_BURST13] mode=OFF radar_adj=0 mom= conf=0
[BETA_X5] [1;36m19:34:23[0m [1;33mx3[0m [1;36m#40[0m SKIP tension=[1;36m0.00001299[0m [0m| momentum_too_small [1;31mconf=0.0[0m
[BETA_X5] mode=OFF radar_adj=0 mom= conf=0
[BETA_X5] [1;36mCycle 41[0m [1;32mSOFT anomaly[0m [1;33m| pnl_abs=0.03120000 > 0.02500000[0m
[BETA_X5] [1;36mentry=19:34:36@62079.90000000[0m [1;33mx3[0m [1;36m#41[0m [1;32mSELL[0m tension=[1;31m2.50390501[0m hold=[1;36m5[0ms sec=[1;36m5[0m [0m| exit=62073.40000000 [1;32mconf=0.9325[0m [1;36mexit_time=19:34:41[0m [1;32mpnl=0.03120000 bps=1.04703777 pct=0.01047038% total=-5.81878[0m
[ALPHA_X13_BURST13] [1;36mCycle 15[0m [1;32mSOFT anomaly[0m [1;33m| pnl_abs=0.81640000 > 0.02500000[0m
[ALPHA_X13_BURST13] [1;36mentry=19:34:37@62079.90000000[0m [1;32mx13[0m [1;36m#15[0m [1;31mBUY[0m tension=[1;32m1.23774203[0m hold=[1;36m6[0ms sec=[1;36m6[0m [0m| exit=62073.40000000 [1;32mconf=0.9346[0m [1;36mexit_time=19:34:43[0m [1;31mpnl=-0.81640000 bps=-1.04703777 pct=-0.01047038% total=-6.63518[0m
[BETA_X5] mode=OFF radar_adj=0 mom= conf=0
[ALPHA_X13_BURST13] [BARRIER_TIMEOUT] BETA en retard, ouverture forcée de la barrière au cycle 16
[BETA_X5] [1;36mentry=19:34:56@62080.10000000[0m [1;33mx3[0m [1;36m#42[0m [1;31mSELL[0m tension=[1;31m11.50882198[0m hold=[1;36m6[0ms sec=[1;36m6[0m [0m| exit=62081.30000000 [1;32mconf=0.9275[0m [1;36mexit_time=19:35:02[0m [1;31mpnl=-0.00576000 bps=-0.19329866 pct=-0.00193299% total=-6.64094[0m
[ALPHA_X13_BURST13] mode=OFF radar_adj=0 mom= conf=0
[BETA_X5] mode=OFF radar_adj=0 mom= conf=0
[ALPHA_X13_BURST13] [1;36m19:35:10[0m [1;32mx13[0m [1;36m#16[0m SKIP tension=[1;36m0.00013718[0m [0m| momentum_too_small [1;31mconf=0.0002[0m
[BETA_X5] [1;36m19:35:12[0m [1;33mx3[0m [1;36m#43[0m SKIP tension=[1;36m0.00000000[0m [0m| momentum_too_small [1;31mconf=0.3197[0m
[BETA_X5] mode=OFF radar_adj=0 mom= conf=0
[ALPHA_X13_BURST13] [BARRIER_TIMEOUT] BETA en retard, ouverture forcée de la barrière au cycle 17
[ALPHA_X13_BURST13] mode=OFF radar_adj=0 mom= conf=0
[BETA_X5] [1;36mentry=19:35:24@62082.00000000[0m [1;33mx3[0m [1;36m#44[0m [1;31mSELL[0m tension=[1;31m10.67917026[0m hold=[1;36m6[0ms sec=[1;36m6[0m [0m| exit=62084.30000000 [1;32mconf=0.8903[0m [1;36mexit_time=19:35:31[0m [1;31mpnl=-0.01104000 bps=-0.37047776 pct=-0.00370478% total=-6.65198[0m
[BETA_X5] mode=OFF radar_adj=0 mom= conf=0
[ALPHA_X13_BURST13] [1;36m19:35:36[0m [1;32mx13[0m [1;36m#17[0m SKIP tension=[1;36m0.00000725[0m [0m| momentum_too_small [1;31mconf=0.0[0m
[BETA_X5] [1;36m19:35:41[0m [1;33mx3[0m [1;36m#45[0m SKIP tension=[1;36m0.00000436[0m [0m| momentum_too_small [1;31mconf=0.0[0m
[BETA_X5] mode=OFF radar_adj=0 mom= conf=0
[ALPHA_X13_BURST13] [BARRIER_TIMEOUT] BETA en retard, ouverture forcée de la barrière au cycle 18
[ALPHA_X13_BURST13] mode=OFF radar_adj=0 mom= conf=0
[BETA_X5] [1;36mentry=19:35:54@62090.90000000[0m [1;33mx3[0m [1;36m#46[0m [1;33mSELL[0m tension=[1;32m1.02244213[0m hold=[1;36m5[0ms sec=[1;36m5[0m [0m| exit=62090.90000000 [1;32mconf=0.9336[0m [1;36mexit_time=19:35:59[0m [1;33mpnl=-0.00000000 bps=-0.00000000 pct=-0.00000000% total=-6.65198[0m
[ALPHA_X13_BURST13] [1;36m19:36:01[0m [1;32mx13[0m [1;36m#18[0m SKIP tension=[1;36m0.00000648[0m [0m| momentum_too_small [1;31mconf=0.0[0m
[BETA_X5] mode=OFF radar_adj=0 mom= conf=0
[BETA_X5] [1;36m19:36:08[0m [1;33mx3[0m [1;36m#47[0m SKIP tension=[1;36m0.00465757[0m [0m| momentum_too_small [1;31mconf=0.0064[0m
[BETA_X5] mode=OFF radar_adj=0 mom= conf=0
[BETA_X5] [1;36m19:36:16[0m [1;33mx3[0m [1;36m#48[0m SKIP tension=[1;36m0.00002530[0m [0m| momentum_too_small [1;31mconf=0.0[0m
[ALPHA_X13_BURST13] [BARRIER_TIMEOUT] BETA en retard, ouverture forcée de la barrière au cycle 19
[BETA_X5] mode=OFF radar_adj=0 mom= conf=0
[ALPHA_X13_BURST13] mode=OFF radar_adj=0 mom= conf=0
[BETA_X5] [1;36m19:36:24[0m [1;33mx3[0m [1;36m#49[0m SKIP tension=[1;36m0.00000000[0m [0m| momentum_too_small [1;31mconf=0.2883[0m
[ALPHA_X13_BURST13] [1;36m19:36:26[0m [1;32mx13[0m [1;36m#19[0m SKIP tension=[1;36m0.00764670[0m [0m| momentum_too_small [1;31mconf=0.0105[0m
[BETA_X5] mode=OFF radar_adj=0 mom= conf=0
[BETA_X5] [1;36m19:36:31[0m [1;33mx3[0m [1;36m#50[0m SKIP tension=[1;36m0.00002831[0m [0m| momentum_too_small [1;31mconf=0.0[0m
[BETA_X5] mode=OFF radar_adj=0 mom= conf=0
[BETA_X5] [1;36m19:36:40[0m [1;33mx3[0m [1;36m#51[0m SKIP tension=[1;36m0.00000557[0m [0m| momentum_too_small [1;31mconf=0.0[0m
[BETA_X5] mode=OFF radar_adj=0 mom= conf=0
[ALPHA_X13_BURST13] [BARRIER_TIMEOUT] BETA en retard, ouverture forcée de la barrière au cycle 20
[ALPHA_X13_BURST13] mode=OFF radar_adj=0 mom= conf=0
[BETA_X5] [1;36m19:36:48[0m [1;33mx3[0m [1;36m#52[0m SKIP tension=[1;36m0.53010704[0m [0m| wall_not_collapsed
[BETA_X5] mode=OFF radar_adj=0 mom= conf=0
[ALPHA_X13_BURST13] [1;36m19:36:51[0m [1;32mx13[0m [1;36m#20[0m SKIP tension=[1;36m0.00002487[0m [0m| momentum_too_small [1;31mconf=0.0[0m
[BETA_X5] [1;36m19:36:57[0m [1;33mx3[0m [1;36m#53[0m SKIP tension=[1;36m0.00001243[0m [0m| momentum_too_small [1;31mconf=0.0[0m
[BETA_X5] [1;36m--- ACE777 STRICT CLONE FUTURES TESTNET ---[0m
[BETA_X5] [1;32mV8 Resonance ON:[0m [1;36mimpulse_thr=0.96 dt_ms=64 aspiration=1.618@37.8deg void_lock=TRUE shock_exit=TRUE[0m
[BETA_X5] [1;32mV8 Tension ON:[0m [1;36mwall_drop=6.5% dt_ms=64 filter=0.85 depth=20[0m
[BETA_X5] [1;36mSymbol=BTCUSDT[0m [1;32mLeverage=3[0m [1;36mBuyUSDT=200 Orders=TRUE[0m
[BETA_X5] [1;31mAbort leverage error: code=-2028 msg=Leverage is smaller than permitted: insufficient margin balance.[0m
[ALPHA_X13_BURST13] [1;36m--- ACE777 STRICT CLONE FUTURES TESTNET ---[0m
[ALPHA_X13_BURST13] [1;36mLeverage ramp ON:[0m [1;36mstart=13 end=13 cycles=180[0m
[ALPHA_X13_BURST13] [1;32mV8 Resonance ON:[0m [1;36mimpulse_thr=0.96 dt_ms=64 aspiration=1.618@37.8deg void_lock=TRUE shock_exit=TRUE[0m
[ALPHA_X13_BURST13] [1;32mV8 Tension ON:[0m [1;36mwall_drop=6.5% dt_ms=64 filter=0.85 depth=20[0m
[ALPHA_X13_BURST13] [1;36mSymbol=BTCUSDT[0m [1;32mLeverage=13[0m [1;36mBuyUSDT=800 Orders=TRUE[0m
[ALPHA_X13_BURST13] [BARRIER_TIMEOUT] BETA en retard, ouverture forcée de la barrière au cycle 1
[ALPHA_X13_BURST13] mode=OFF radar_adj=0 mom= conf=0
[ALPHA_X13_BURST13] [1;36m21:05:20[0m [1;32mx13[0m [1;36m#1[0m SKIP tension=[1;36m0.36029080[0m [0m| wall_not_collapsed
[ALPHA_X13_BURST13] [BARRIER_TIMEOUT] BETA en retard, ouverture forcée de la barrière au cycle 2
[ALPHA_X13_BURST13] mode=OFF radar_adj=0 mom= conf=0
[ALPHA_X13_BURST13] [1;36m21:05:45[0m [1;32mx13[0m [1;36m#2[0m SKIP tension=[1;36m0.00003240[0m [0m| momentum_too_small [1;31mconf=0.0[0m
[ALPHA_X13_BURST13] [BARRIER_TIMEOUT] BETA en retard, ouverture forcée de la barrière au cycle 3
[ALPHA_X13_BURST13] mode=OFF radar_adj=0 mom= conf=0
[ALPHA_X13_BURST13] [1;36m21:06:09[0m [1;32mx13[0m [1;36m#3[0m SKIP tension=[1;36m0.00000999[0m [0m| momentum_too_small [1;31mconf=0.0[0m
[ALPHA_X13_BURST13] [BARRIER_TIMEOUT] BETA en retard, ouverture forcée de la barrière au cycle 4
[ALPHA_X13_BURST13] mode=OFF radar_adj=0 mom= conf=0
[ALPHA_X13_BURST13] [1;36m21:06:33[0m [1;32mx13[0m [1;36m#4[0m SKIP tension=[1;36m0.21590742[0m [0m| wall_not_collapsed
[ALPHA_X13_BURST13] [BARRIER_TIMEOUT] BETA en retard, ouverture forcée de la barrière au cycle 5
[ALPHA_X13_BURST13] mode=OFF radar_adj=0 mom= conf=0
[ALPHA_X13_BURST13] [1;36m21:06:57[0m [1;32mx13[0m [1;36m#5[0m SKIP tension=[1;36m0.00000333[0m [0m| momentum_too_small [1;31mconf=0.0[0m
[ALPHA_X13_BURST13] [BARRIER_TIMEOUT] BETA en retard, ouverture forcée de la barrière au cycle 6
[ALPHA_X13_BURST13] mode=OFF radar_adj=0 mom= conf=0
[ALPHA_X13_BURST13] [1;36m21:07:21[0m [1;32mx13[0m [1;36m#6[0m SKIP tension=[1;36m0.00000000[0m [0m| momentum_too_small [1;31mconf=0.3085[0m
[ALPHA_X13_BURST13] [BARRIER_TIMEOUT] BETA en retard, ouverture forcée de la barrière au cycle 7
[ALPHA_X13_BURST13] mode=OFF radar_adj=0 mom= conf=0
[ALPHA_X13_BURST13] [1;36m21:07:47[0m [1;32mx13[0m [1;36m#7[0m SKIP tension=[1;36m0.00000000[0m [0m| momentum_too_small [1;31mconf=0.3092[0m
[ALPHA_X13_BURST13] [BARRIER_TIMEOUT] BETA en retard, ouverture forcée de la barrière au cycle 8
[ALPHA_X13_BURST13] mode=OFF radar_adj=0 mom= conf=0
[ALPHA_X13_BURST13] [1;36m21:08:11[0m [1;32mx13[0m [1;36m#8[0m SKIP tension=[1;36m0.48664871[0m [0m| wall_not_collapsed
[ALPHA_X13_BURST13] [BARRIER_TIMEOUT] BETA en retard, ouverture forcée de la barrière au cycle 9
[ALPHA_X13_BURST13] mode=OFF radar_adj=0 mom= conf=0
[ALPHA_X13_BURST13] [1;36m21:08:36[0m [1;32mx13[0m [1;36m#9[0m SKIP tension=[1;36m0.00002810[0m [0m| momentum_too_small [1;31mconf=0.0[0m
[ALPHA_X13_BURST13] [BARRIER_TIMEOUT] BETA en retard, ouverture forcée de la barrière au cycle 10
[ALPHA_X13_BURST13] mode=OFF radar_adj=0 mom= conf=0
[ALPHA_X13_BURST13] [1;36m21:09:00[0m [1;32mx13[0m [1;36m#10[0m SKIP tension=[1;36m0.78463189[0m [0m| wall_not_collapsed
[ALPHA_X13_BURST13] [BARRIER_TIMEOUT] BETA en retard, ouverture forcée de la barrière au cycle 11
[ALPHA_X13_BURST13] mode=OFF radar_adj=0 mom= conf=0
[ALPHA_X13_BURST13] [1;36m21:09:27[0m [1;32mx13[0m [1;36m#11[0m SKIP tension=[1;36m0.00002270[0m [0m| momentum_too_small [1;31mconf=0.0[0m
[ALPHA_X13_BURST13] [BARRIER_TIMEOUT] BETA en retard, ouverture forcée de la barrière au cycle 12
[ALPHA_X13_BURST13] mode=OFF radar_adj=0 mom= conf=0
[ALPHA_X13_BURST13] [1;36m21:09:50[0m [1;32mx13[0m [1;36m#12[0m SKIP tension=[1;36m0.22587850[0m [0m| low_confidence [1;31mconf=0.2164[0m
[ALPHA_X13_BURST13] [BARRIER_TIMEOUT] BETA en retard, ouverture forcée de la barrière au cycle 13
[ALPHA_X13_BURST13] mode=OFF radar_adj=0 mom= conf=0
[ALPHA_X13_BURST13] [1;36m21:10:15[0m [1;32mx13[0m [1;36m#13[0m SKIP tension=[1;36m0.00018481[0m [0m| momentum_too_small [1;31mconf=0.0003[0m
[ALPHA_X13_BURST13] [BARRIER_TIMEOUT] BETA en retard, ouverture forcée de la barrière au cycle 14
[ALPHA_X13_BURST13] mode=OFF radar_adj=0 mom= conf=0
[ALPHA_X13_BURST13] [1;36m21:10:40[0m [1;32mx13[0m [1;36m#14[0m SKIP tension=[1;31m4.26127704[0m [0m| duo no_state
[ALPHA_X13_BURST13] [BARRIER_TIMEOUT] BETA en retard, ouverture forcée de la barrière au cycle 15
[ALPHA_X13_BURST13] mode=OFF radar_adj=0 mom= conf=0
[ALPHA_X13_BURST13] [1;36m21:11:07[0m [1;32mx13[0m [1;36m#15[0m SKIP tension=[1;36m0.00006621[0m [0m| momentum_too_small [1;31mconf=0.0001[0m
[ALPHA_X13_BURST13] [BARRIER_TIMEOUT] BETA en retard, ouverture forcée de la barrière au cycle 16
[ALPHA_X13_BURST13] mode=OFF radar_adj=0 mom= conf=0
[ALPHA_X13_BURST13] [1;36m21:11:32[0m [1;32mx13[0m [1;36m#16[0m SKIP tension=[1;31m3.13360891[0m [0m| duo no_state
[ALPHA_X13_BURST13] [BARRIER_TIMEOUT] BETA en retard, ouverture forcée de la barrière au cycle 17
[ALPHA_X13_BURST13] mode=OFF radar_adj=0 mom= conf=0
[ALPHA_X13_BURST13] [1;36m21:12:02[0m [1;32mx13[0m [1;36m#17[0m SKIP tension=[1;32m1.89834735[0m [0m| duo no_state
[ALPHA_X13_BURST13] [BARRIER_TIMEOUT] BETA en retard, ouverture forcée de la barrière au cycle 18
[ALPHA_X13_BURST13] mode=OFF radar_adj=0 mom= conf=0
[ALPHA_X13_BURST13] [1;36m21:12:26[0m [1;32mx13[0m [1;36m#18[0m SKIP tension=[1;32m1.19313933[0m [0m| duo no_state
[ALPHA_X13_BURST13] [BARRIER_TIMEOUT] BETA en retard, ouverture forcée de la barrière au cycle 19
[ALPHA_X13_BURST13] mode=OFF radar_adj=0 mom= conf=0
[ALPHA_X13_BURST13] [1;36m21:12:50[0m [1;32mx13[0m [1;36m#19[0m SKIP tension=[1;36m0.00009956[0m [0m| momentum_too_small [1;31mconf=0.0002[0m
[ALPHA_X13_BURST13] [BARRIER_TIMEOUT] BETA en retard, ouverture forcée de la barrière au cycle 20
[ALPHA_X13_BURST13] mode=OFF radar_adj=0 mom= conf=0
[ALPHA_X13_BURST13] [1;36m21:13:15[0m [1;32mx13[0m [1;36m#20[0m SKIP tension=[1;31m2.83657060[0m [0m| duo no_state
[ALPHA_X13_BURST13] [BARRIER_TIMEOUT] BETA en retard, ouverture forcée de la barrière au cycle 21
[ALPHA_X13_BURST13] mode=OFF radar_adj=0 mom= conf=0
[ALPHA_X13_BURST13] [1;36m21:13:46[0m [1;32mx13[0m [1;36m#21[0m SKIP tension=[1;32m1.19681534[0m [0m| duo no_state
[ALPHA_X13_BURST13] [BARRIER_TIMEOUT] BETA en retard, ouverture forcée de la barrière au cycle 22
[ALPHA_X13_BURST13] mode=OFF radar_adj=0 mom= conf=0
[BETA_X5] [1;36m--- ACE777 STRICT CLONE FUTURES TESTNET ---[0m
[BETA_X5] [1;32mV8 Resonance ON:[0m [1;36mimpulse_thr=0.96 dt_ms=64 aspiration=1.618@37.8deg void_lock=TRUE shock_exit=TRUE[0m
[BETA_X5] [1;32mV8 Tension ON:[0m [1;36mwall_drop=6.5% dt_ms=64 filter=0.85 depth=20[0m
[BETA_X5] [1;36mSymbol=BTCUSDT[0m [1;32mLeverage=3[0m [1;36mBuyUSDT=200 Orders=TRUE[0m
[BETA_X5] [1;31mAbort leverage error: code=-2028 msg=Leverage is smaller than permitted: insufficient margin balance.[0m
[ALPHA_X13_BURST13] [1;36m--- ACE777 STRICT CLONE FUTURES TESTNET ---[0m
[ALPHA_X13_BURST13] [1;36mLeverage ramp ON:[0m [1;36mstart=13 end=13 cycles=180[0m
[ALPHA_X13_BURST13] [1;32mV8 Resonance ON:[0m [1;36mimpulse_thr=0.96 dt_ms=64 aspiration=1.618@37.8deg void_lock=TRUE shock_exit=TRUE[0m
[ALPHA_X13_BURST13] [1;32mV8 Tension ON:[0m [1;36mwall_drop=6.5% dt_ms=64 filter=0.85 depth=20[0m
[ALPHA_X13_BURST13] [1;36mSymbol=BTCUSDT[0m [1;32mLeverage=13[0m [1;36mBuyUSDT=800 Orders=TRUE[0m
[ALPHA_X13_BURST13] [BARRIER_TIMEOUT] BETA en retard, ouverture forcée de la barrière au cycle 1
[ALPHA_X13_BURST13] mode=OFF radar_adj=0 mom= conf=0
[ALPHA_X13_BURST13] [1;36m03:54:32[0m [1;32mx13[0m [1;36m#1[0m SKIP tension=[1;36m0.00014453[0m [0m| momentum_too_small [1;31mconf=0.0002[0m
[ALPHA_X13_BURST13] [BARRIER_TIMEOUT] BETA en retard, ouverture forcée de la barrière au cycle 2
[ALPHA_X13_BURST13] [1;31mSTOP file detected (STOP_ALPHA). Stopping safely at cycle 2.[0m
[ALPHA_X13_BURST13] 
[ALPHA_X13_BURST13] [1;32mDone.[0m
[ALPHA_X13_BURST13] [1;36mLog: runs/MASTER_BASE_V8_5_IMPACT_4H00_ALPHA_X13_BURST13.csv[0m
[ALPHA_X13_BURST13] [1;32mSuccessful order-cycles: 0[0m
[BETA_X5] [1;36m--- ACE777 STRICT CLONE FUTURES TESTNET ---[0m
[BETA_X5] [1;32mV8 Resonance ON:[0m [1;36mimpulse_thr=0.96 dt_ms=64 aspiration=1.618@37.8deg void_lock=TRUE shock_exit=TRUE[0m
[BETA_X5] [1;32mV8 Tension ON:[0m [1;36mwall_drop=6.5% dt_ms=64 filter=0.85 depth=20[0m
[BETA_X5] [1;36mSymbol=BTCUSDT[0m [1;32mLeverage=3[0m [1;36mBuyUSDT=200 Orders=TRUE[0m
[ALPHA_X13_BURST13] [1;36m--- ACE777 STRICT CLONE FUTURES TESTNET ---[0m
[ALPHA_X13_BURST13] [1;36mLeverage ramp ON:[0m [1;36mstart=13 end=13 cycles=180[0m
[ALPHA_X13_BURST13] [1;32mV8 Resonance ON:[0m [1;36mimpulse_thr=0.96 dt_ms=64 aspiration=1.618@37.8deg void_lock=TRUE shock_exit=TRUE[0m
[ALPHA_X13_BURST13] [1;32mV8 Tension ON:[0m [1;36mwall_drop=6.5% dt_ms=64 filter=0.85 depth=20[0m
[ALPHA_X13_BURST13] [1;36mSymbol=BTCUSDT[0m [1;32mLeverage=13[0m [1;36mBuyUSDT=800 Orders=TRUE[0m
[BETA_X5] mode=OFF radar_adj=0 mom= conf=0
[ALPHA_X13_BURST13] [BARRIER_TIMEOUT] BETA en retard, ouverture forcée de la barrière au cycle 1
[ALPHA_X13_BURST13] mode=OFF radar_adj=0 mom= conf=0
[BETA_X5] [1;36mCycle 1[0m [1;32mSOFT anomaly[0m [1;33m| pnl_abs=0.41736000 > 0.02500000[0m
[BETA_X5] [1;36mentry=04:05:40@62589.40000000[0m [1;33mx3[0m [1;36m#1[0m [1;32mSELL[0m tension=[1;32m1.40468750[0m hold=[1;36m8[0ms sec=[1;36m8[0m [0m| exit=62545.00000000 [1;33mconf=0.5516[0m [1;36mexit_time=04:05:49[0m [1;32mpnl=0.41736000 bps=7.09385295 pct=0.07093853% total=0.41736[0m
[BETA_X5] mode=OFF radar_adj=0 mom= conf=0
[ALPHA_X13_BURST13] [1;36m04:05:55[0m [1;32mx13[0m [1;36m#1[0m SKIP tension=[1;36m0.00000000[0m [0m| momentum_too_small [1;31mconf=0.2553[0m
[BETA_X5] [1;36m04:05:59[0m [1;33mx3[0m [1;36m#2[0m SKIP tension=[1;36m0.04188694[0m [0m| direction_unclear [1;31mconf=0.0507[0m
[BETA_X5] mode=OFF radar_adj=0 mom= conf=0
[ALPHA_X13_BURST13] [BARRIER_TIMEOUT] BETA en retard, ouverture forcée de la barrière au cycle 2
[ALPHA_X13_BURST13] mode=OFF radar_adj=0 mom= conf=0
[BETA_X5] [1;36mCycle 3[0m [1;32mSOFT anomaly[0m [1;33m| pnl_abs=0.05170000 > 0.02500000[0m
[BETA_X5] [1;36mentry=04:06:12@62590.20000000[0m [1;33mx3[0m [1;36m#3[0m [1;32mSELL[0m tension=[1;31m2.99736399[0m hold=[1;36m6[0ms sec=[1;36m6[0m [0m| exit=62579.20000000 [1;32mconf=0.9621[0m [1;36mexit_time=04:06:18[0m [1;32mpnl=0.05170000 bps=1.75746363 pct=0.01757464% total=0.46906000000000003[0m
[ALPHA_X13_BURST13] [1;36m04:06:21[0m [1;32mx13[0m [1;36m#2[0m SKIP tension=[1;36m0.00105883[0m [0m| momentum_too_small [1;31mconf=0.0017[0m
[BETA_X5] mode=OFF radar_adj=0 mom= conf=0
[BETA_X5] [1;36m04:06:28[0m [1;33mx3[0m [1;36m#4[0m SKIP tension=[1;36m0.15457322[0m [0m| direction_unclear [1;31mconf=0.1413[0m
[BETA_X5] mode=OFF radar_adj=0 mom= conf=0
[ALPHA_X13_BURST13] [BARRIER_TIMEOUT] BETA en retard, ouverture forcée de la barrière au cycle 3
[ALPHA_X13_BURST13] mode=OFF radar_adj=0 mom= conf=0
[ALPHA_X13_BURST13] [1;36m04:06:46[0m [1;32mx13[0m [1;36m#3[0m SKIP tension=[1;36m0.00000422[0m [0m| momentum_too_small [1;31mconf=0.0[0m
[BETA_X5] [1;36mCycle 5[0m [1;32mSOFT anomaly[0m [1;33m| pnl_abs=0.06674000 > 0.02500000[0m
[BETA_X5] [1;36mentry=04:06:43@62590.20000000[0m [1;33mx3[0m [1;36m#5[0m [1;32mSELL[0m tension=[1;31m2.73349108[0m hold=[1;36m6[0ms sec=[1;36m6[0m [0m| exit=62576.00000000 [1;32mconf=0.96[0m [1;36mexit_time=04:06:49[0m [1;32mpnl=0.06674000 bps=2.26872577 pct=0.02268726% total=0.5358[0m
[BETA_X5] mode=OFF radar_adj=0 mom= conf=0
[BETA_X5] [1;36m04:06:59[0m [1;33mx3[0m [1;36m#6[0m SKIP tension=[1;36m0.00000000[0m [0m| momentum_too_small [1;31mconf=0.2899[0m
[BETA_X5] mode=OFF radar_adj=0 mom= conf=0
[ALPHA_X13_BURST13] [BARRIER_TIMEOUT] BETA en retard, ouverture forcée de la barrière au cycle 4
[ALPHA_X13_BURST13] mode=OFF radar_adj=0 mom= conf=0
[ALPHA_X13_BURST13] [1;36m04:07:11[0m [1;32mx13[0m [1;36m#4[0m SKIP tension=[1;36m0.00000801[0m [0m| momentum_too_small [1;31mconf=0.0[0m
[BETA_X5] [1;36mentry=04:07:13@62561.90000000[0m [1;33mx3[0m [1;36m#7[0m [1;32mSELL[0m tension=[1;31m2.17621452[0m hold=[1;36m6[0ms sec=[1;36m6[0m [0m| exit=62557.00000000 [1;32mconf=0.9481[0m [1;36mexit_time=04:07:19[0m [1;32mpnl=0.02303000 bps=0.78322429 pct=0.00783224% total=0.55883[0m
[BETA_X5] mode=OFF radar_adj=0 mom= conf=0
[ALPHA_X13_BURST13] [BARRIER_TIMEOUT] BETA en retard, ouverture forcée de la barrière au cycle 5
[BETA_X5] [1;36m04:07:29[0m [1;33mx3[0m [1;36m#8[0m SKIP tension=[1;36m0.26696074[0m [0m| wall_not_collapsed
[ALPHA_X13_BURST13] mode=OFF radar_adj=0 mom= conf=0
[BETA_X5] mode=OFF radar_adj=0 mom= conf=0
[ALPHA_X13_BURST13] [1;36m04:07:36[0m [1;32mx13[0m [1;36m#5[0m SKIP tension=[1;36m0.00000000[0m [0m| momentum_too_small [1;31mconf=0.3472[0m
[BETA_X5] [1;36mCycle 9[0m [1;32mSOFT anomaly[0m [1;33m| pnl_abs=0.05593000 > 0.02500000[0m
[BETA_X5] [1;36mentry=04:07:41@62566.90000000[0m [1;33mx3[0m [1;36m#9[0m [1;32mSELL[0m tension=[1;31m2.95782459[0m hold=[1;36m6[0ms sec=[1;36m6[0m [0m| exit=62555.00000000 [1;32mconf=0.992[0m [1;36mexit_time=04:07:48[0m [1;32mpnl=0.05593000 bps=1.90196414 pct=0.01901964% total=0.6147600000000001[0m
[BETA_X5] mode=OFF radar_adj=0 mom= conf=0
[ALPHA_X13_BURST13] [BARRIER_TIMEOUT] BETA en retard, ouverture forcée de la barrière au cycle 6
[ALPHA_X13_BURST13] mode=OFF radar_adj=0 mom= conf=0
[BETA_X5] [1;36m04:07:57[0m [1;33mx3[0m [1;36m#10[0m SKIP tension=[1;36m0.26868834[0m [0m| wall_not_collapsed
[BETA_X5] mode=OFF radar_adj=0 mom= conf=0
[ALPHA_X13_BURST13] [1;36m04:08:00[0m [1;32mx13[0m [1;36m#6[0m SKIP tension=[1;36m0.00002214[0m [0m| momentum_too_small [1;31mconf=0.0[0m
[BETA_X5] [1;36mentry=04:08:10@62557.10000000[0m [1;33mx3[0m [1;36m#11[0m [1;31mSELL[0m tension=[1;31m2.95803258[0m hold=[1;36m7[0ms sec=[1;36m7[0m [0m| exit=62561.10000000 [1;33mconf=0.7793[0m [1;36mexit_time=04:08:17[0m [1;31mpnl=-0.01880000 bps=-0.63941583 pct=-0.00639416% total=0.59596[0m
[ALPHA_X13_BURST13] [BARRIER_TIMEOUT] BETA en retard, ouverture forcée de la barrière au cycle 7
[ALPHA_X13_BURST13] mode=OFF radar_adj=0 mom= conf=0
[BETA_X5] mode=OFF radar_adj=0 mom= conf=0
[ALPHA_X13_BURST13] [1;36m04:08:26[0m [1;32mx13[0m [1;36m#7[0m SKIP tension=[1;36m0.00000401[0m [0m| momentum_too_small [1;31mconf=0.0[0m
[BETA_X5] [1;36m04:08:26[0m [1;33mx3[0m [1;36m#12[0m SKIP tension=[1;36m0.26919354[0m [0m| wall_not_collapsed
[BETA_X5] mode=OFF radar_adj=0 mom= conf=0
[ALPHA_X13_BURST13] [BARRIER_TIMEOUT] BETA en retard, ouverture forcée de la barrière au cycle 8
[ALPHA_X13_BURST13] mode=OFF radar_adj=0 mom= conf=0
[BETA_X5] [1;36mentry=04:08:39@62551.40000000[0m [1;33mx3[0m [1;36m#13[0m [1;31mSELL[0m tension=[1;31m2.99233202[0m hold=[1;36m6[0ms sec=[1;36m6[0m [0m| exit=62552.70000000 [1;33mconf=0.7174[0m [1;36mexit_time=04:08:45[0m [1;31mpnl=-0.00611000 bps=-0.20782908 pct=-0.00207829% total=0.5898500000000001[0m
[BETA_X5] mode=OFF radar_adj=0 mom= conf=0
[ALPHA_X13_BURST13] [1;36m04:08:50[0m [1;32mx13[0m [1;36m#8[0m SKIP tension=[1;36m0.00000204[0m [0m| momentum_too_small [1;31mconf=0.0[0m
[BETA_X5] [1;36m04:08:55[0m [1;33mx3[0m [1;36m#14[0m SKIP tension=[1;36m0.00000308[0m [0m| momentum_too_small [1;31mconf=0.0[0m
[BETA_X5] mode=OFF radar_adj=0 mom= conf=0
[ALPHA_X13_BURST13] [BARRIER_TIMEOUT] BETA en retard, ouverture forcée de la barrière au cycle 9
[ALPHA_X13_BURST13] mode=OFF radar_adj=0 mom= conf=0
[BETA_X5] [1;36mCycle 15[0m [1;32mSOFT anomaly[0m [1;33m| pnl_abs=0.29412000 > 0.02500000[0m
[ALPHA_X13_BURST13] [1;36m04:09:14[0m [1;32mx13[0m [1;36m#9[0m SKIP tension=[1;36m0.00010351[0m [0m| momentum_too_small [1;31mconf=0.0001[0m
[BETA_X5] [1;36mentry=04:09:08@62590.20000000[0m [1;33mx3[0m [1;36m#15[0m [1;32mSELL[0m tension=[1;31m2.54696364[0m hold=[1;36m5[0ms sec=[1;36m5[0m [0m| exit=62551.50000000 [1;33mconf=0.6365[0m [1;36mexit_time=04:09:13[0m [1;32mpnl=0.29412000 bps=6.18307658 pct=0.06183077% total=0.8839700000000001[0m
[BETA_X5] mode=OFF radar_adj=0 mom= conf=0
[BETA_X5] [1;36m04:09:23[0m [1;33mx3[0m [1;36m#16[0m SKIP tension=[1;36m0.00000272[0m [0m| momentum_too_small [1;31mconf=0.0[0m
[BETA_X5] mode=OFF radar_adj=0 mom= conf=0
[BETA_X5] [1;36m04:09:31[0m [1;33mx3[0m [1;36m#17[0m SKIP tension=[1;36m0.00050865[0m [0m| momentum_too_small [1;31mconf=0.0008[0m
[ALPHA_X13_BURST13] [BARRIER_TIMEOUT] BETA en retard, ouverture forcée de la barrière au cycle 10
[BETA_X5] mode=OFF radar_adj=0 mom= conf=0
[ALPHA_X13_BURST13] mode=OFF radar_adj=0 mom= conf=0
[BETA_X5] [1;36m04:09:38[0m [1;33mx3[0m [1;36m#18[0m SKIP tension=[1;36m0.00001635[0m [0m| momentum_too_small [1;31mconf=0.0[0m
[ALPHA_X13_BURST13] [1;36m04:09:39[0m [1;32mx13[0m [1;36m#10[0m SKIP tension=[1;36m0.00002202[0m [0m| momentum_too_small [1;31mconf=0.0[0m
[BETA_X5] mode=OFF radar_adj=0 mom= conf=0
[ALPHA_X13_BURST13] [BARRIER_TIMEOUT] BETA en retard, ouverture forcée de la barrière au cycle 11
[ALPHA_X13_BURST13] mode=OFF radar_adj=0 mom= conf=0
[BETA_X5] [1;36mentry=04:09:51@62545.00000000[0m [1;33mx3[0m [1;36m#19[0m [1;32mSELL[0m tension=[1;32m1.22289872[0m hold=[1;36m6[0ms sec=[1;36m6[0m [0m| exit=62544.80000000 [1;32mconf=0.9351[0m [1;36mexit_time=04:09:57[0m [1;32mpnl=0.00094000 bps=0.03197698 pct=0.00031977% total=0.8849100000000002[0m
[BETA_X5] mode=OFF radar_adj=0 mom= conf=0
[ALPHA_X13_BURST13] [1;36m04:10:04[0m [1;32mx13[0m [1;36m#11[0m SKIP tension=[1;36m0.00000000[0m [0m| momentum_too_small [1;31mconf=0.1861[0m
[BETA_X5] [1;36mentry=04:10:11@62544.80000000[0m [1;33mx3[0m [1;36m#20[0m [1;33mSELL[0m tension=[1;31m2.34446846[0m hold=[1;36m6[0ms sec=[1;36m6[0m [0m| exit=62544.80000000 [1;33mconf=0.5546[0m [1;36mexit_time=04:10:17[0m [1;33mpnl=-0.00000000 bps=-0.00000000 pct=-0.00000000% total=0.8849100000000002[0m
[ALPHA_X13_BURST13] [BARRIER_TIMEOUT] BETA en retard, ouverture forcée de la barrière au cycle 12
[BETA_X5] mode=OFF radar_adj=0 mom= conf=0
[ALPHA_X13_BURST13] mode=OFF radar_adj=0 mom= conf=0
[BETA_X5] [1;36m04:10:27[0m [1;33mx3[0m [1;36m#21[0m SKIP tension=[1;36m0.00009811[0m [0m| momentum_too_small [1;31mconf=0.0001[0m
[ALPHA_X13_BURST13] [1;36m04:10:29[0m [1;32mx13[0m [1;36m#12[0m SKIP tension=[1;36m0.26850501[0m [0m| wall_not_collapsed
[BETA_X5] mode=OFF radar_adj=0 mom= conf=0
[ALPHA_X13_BURST13] [BARRIER_TIMEOUT] BETA en retard, ouverture forcée de la barrière au cycle 13
[BETA_X5] [1;36mentry=04:10:40@62539.10000000[0m [1;33mx3[0m [1;36m#22[0m [1;32mSELL[0m tension=[1;31m2.34447543[0m hold=[1;36m6[0ms sec=[1;36m6[0m [0m| exit=62535.30000000 [1;33mconf=0.6125[0m [1;36mexit_time=04:10:46[0m [1;32mpnl=0.01786000 bps=0.60761987 pct=0.00607620% total=0.9027700000000002[0m
[ALPHA_X13_BURST13] mode=OFF radar_adj=0 mom= conf=0
[BETA_X5] mode=OFF radar_adj=0 mom= conf=0
[ALPHA_X13_BURST13] [1;36m04:10:53[0m [1;32mx13[0m [1;36m#13[0m SKIP tension=[1;36m0.00530198[0m [0m| momentum_too_small [1;31mconf=0.0085[0m
[BETA_X5] [1;36mentry=04:11:01@62522.60000000[0m [1;33mx3[0m [1;36m#23[0m [1;32mSELL[0m tension=[1;31m6.93514264[0m hold=[1;36m8[0ms sec=[1;36m8[0m [0m| exit=62520.00000000 [1;32mconf=0.962[0m [1;36mexit_time=04:11:09[0m [1;32mpnl=0.02444000 bps=0.41584963 pct=0.00415850% total=0.9272100000000002[0m
[ALPHA_X13_BURST13] [BARRIER_TIMEOUT] BETA en retard, ouverture forcée de la barrière au cycle 14
[ALPHA_X13_BURST13] mode=OFF radar_adj=0 mom= conf=0
[BETA_X5] mode=OFF radar_adj=0 mom= conf=0
[ALPHA_X13_BURST13] [1;36m04:11:18[0m [1;32mx13[0m [1;36m#14[0m SKIP tension=[1;36m0.00135814[0m [0m| momentum_too_small [1;31mconf=0.0022[0m
[BETA_X5] [1;36m04:11:18[0m [1;33mx3[0m [1;36m#24[0m SKIP tension=[1;36m0.00135814[0m [0m| momentum_too_small [1;31mconf=0.0022[0m
[BETA_X5] mode=OFF radar_adj=0 mom= conf=0
[BETA_X5] [1;36m04:11:26[0m [1;33mx3[0m [1;36m#25[0m SKIP tension=[1;36m0.00125451[0m [0m| momentum_too_small [1;31mconf=0.0021[0m
[BETA_X5] mode=OFF radar_adj=0 mom= conf=0
[BETA_X5] [1;36m04:11:35[0m [1;33mx3[0m [1;36m#26[0m SKIP tension=[1;36m0.00000000[0m [0m| momentum_too_small [1;31mconf=0.3479[0m
[ALPHA_X13_BURST13] [BARRIER_TIMEOUT] BETA en retard, ouverture forcée de la barrière au cycle 15
[BETA_X5] mode=OFF radar_adj=0 mom= conf=0
[ALPHA_X13_BURST13] mode=OFF radar_adj=0 mom= conf=0
[BETA_X5] [1;36m04:11:44[0m [1;33mx3[0m [1;36m#27[0m SKIP tension=[1;36m0.00000000[0m [0m| momentum_too_small [1;31mconf=0.3367[0m
[ALPHA_X13_BURST13] [1;36m04:11:44[0m [1;32mx13[0m [1;36m#15[0m SKIP tension=[1;36m0.00000000[0m [0m| momentum_too_small [1;31mconf=0.3367[0m
[BETA_X5] mode=OFF radar_adj=0 mom= conf=0
[BETA_X5] [1;36m04:11:52[0m [1;33mx3[0m [1;36m#28[0m SKIP tension=[1;36m0.00067329[0m [0m| momentum_too_small [1;31mconf=0.0011[0m
[BETA_X5] mode=OFF radar_adj=0 mom= conf=0
[BETA_X5] [1;36m04:12:01[0m [1;33mx3[0m [1;36m#29[0m SKIP tension=[1;36m0.00000000[0m [0m| momentum_too_small [1;31mconf=0.3367[0m
[ALPHA_X13_BURST13] [BARRIER_TIMEOUT] BETA en retard, ouverture forcée de la barrière au cycle 16
[BETA_X5] mode=OFF radar_adj=0 mom= conf=0
[ALPHA_X13_BURST13] mode=OFF radar_adj=0 mom= conf=0
[BETA_X5] [1;36m04:12:09[0m [1;33mx3[0m [1;36m#30[0m SKIP tension=[1;36m0.00000000[0m [0m| momentum_too_small [1;31mconf=0.3434[0m
[ALPHA_X13_BURST13] [1;36m04:12:09[0m [1;32mx13[0m [1;36m#16[0m SKIP tension=[1;36m0.00000000[0m [0m| momentum_too_small [1;31mconf=0.3434[0m
[BETA_X5] mode=OFF radar_adj=0 mom= conf=0
[BETA_X5] [1;36m04:12:17[0m [1;33mx3[0m [1;36m#31[0m SKIP tension=[1;36m0.00000000[0m [0m| momentum_too_small [1;31mconf=0.3434[0m
[BETA_X5] mode=OFF radar_adj=0 mom= conf=0
[BETA_X5] [1;36m04:12:24[0m [1;33mx3[0m [1;36m#32[0m SKIP tension=[1;36m0.00000000[0m [0m| momentum_too_small [1;31mconf=0.3367[0m
[ALPHA_X13_BURST13] [BARRIER_TIMEOUT] BETA en retard, ouverture forcée de la barrière au cycle 17
[BETA_X5] mode=OFF radar_adj=0 mom= conf=0
[ALPHA_X13_BURST13] mode=OFF radar_adj=0 mom= conf=0
[BETA_X5] [1;36m04:12:32[0m [1;33mx3[0m [1;36m#33[0m SKIP tension=[1;36m0.00000825[0m [0m| momentum_too_small [1;31mconf=0.0[0m
[ALPHA_X13_BURST13] [1;36m04:12:33[0m [1;32mx13[0m [1;36m#17[0m SKIP tension=[1;36m0.82481503[0m [0m| wall_not_collapsed
[BETA_X5] mode=OFF radar_adj=0 mom= conf=0
[BETA_X5] [1;36m04:12:40[0m [1;33mx3[0m [1;36m#34[0m SKIP tension=[1;36m0.00000000[0m [0m| momentum_too_small [1;31mconf=0.3346[0m
[BETA_X5] mode=OFF radar_adj=0 mom= conf=0
[BETA_X5] [1;36m04:12:48[0m [1;33mx3[0m [1;36m#35[0m SKIP tension=[1;36m0.00000438[0m [0m| momentum_too_small [1;31mconf=0.0[0m
[ALPHA_X13_BURST13] [BARRIER_TIMEOUT] BETA en retard, ouverture forcée de la barrière au cycle 18
[BETA_X5] mode=OFF radar_adj=0 mom= conf=0
[ALPHA_X13_BURST13] mode=OFF radar_adj=0 mom= conf=0
[BETA_X5] [1;36m04:12:56[0m [1;33mx3[0m [1;36m#36[0m SKIP tension=[1;36m0.00000000[0m [0m| momentum_too_small [1;31mconf=0.3206[0m
[ALPHA_X13_BURST13] [1;36m04:12:58[0m [1;32mx13[0m [1;36m#18[0m SKIP tension=[1;32m1.02599688[0m [0m| tactic long vs short
[BETA_X5] mode=OFF radar_adj=0 mom= conf=0
[BETA_X5] [1;36m04:13:05[0m [1;33mx3[0m [1;36m#37[0m SKIP tension=[1;33m0.97385817[0m [0m| wall_not_collapsed
[BETA_X5] mode=OFF radar_adj=0 mom= conf=0
[BETA_X5] [1;36m04:13:13[0m [1;33mx3[0m [1;36m#38[0m SKIP tension=[1;36m0.00042575[0m [0m| momentum_too_small [1;31mconf=0.0007[0m
[ALPHA_X13_BURST13] [BARRIER_TIMEOUT] BETA en retard, ouverture forcée de la barrière au cycle 19
[BETA_X5] mode=OFF radar_adj=0 mom= conf=0
[ALPHA_X13_BURST13] mode=OFF radar_adj=0 mom= conf=0
[BETA_X5] [1;36m04:13:21[0m [1;33mx3[0m [1;36m#39[0m SKIP tension=[1;36m0.00000806[0m [0m| momentum_too_small [1;31mconf=0.0[0m
[ALPHA_X13_BURST13] [1;36m04:13:22[0m [1;32mx13[0m [1;36m#19[0m SKIP tension=[1;36m0.00000161[0m [0m| momentum_too_small [1;31mconf=0.0[0m
[BETA_X5] mode=OFF radar_adj=0 mom= conf=0
[BETA_X5] [1;36m04:13:29[0m [1;33mx3[0m [1;36m#40[0m SKIP tension=[1;36m0.00000806[0m [0m| momentum_too_small [1;31mconf=0.0[0m
[BETA_X5] mode=OFF radar_adj=0 mom= conf=0
[BETA_X5] [1;36m04:13:37[0m [1;33mx3[0m [1;36m#41[0m SKIP tension=[1;36m0.00005401[0m [0m| momentum_too_small [1;31mconf=0.0001[0m
[ALPHA_X13_BURST13] [BARRIER_TIMEOUT] BETA en retard, ouverture forcée de la barrière au cycle 20
[BETA_X5] mode=OFF radar_adj=0 mom= conf=0
[ALPHA_X13_BURST13] mode=OFF radar_adj=0 mom= conf=0
[BETA_X5] [1;36m04:13:46[0m [1;33mx3[0m [1;36m#42[0m SKIP tension=[1;36m0.00201814[0m [0m| momentum_too_small [1;31mconf=0.0033[0m
[ALPHA_X13_BURST13] [1;36m04:13:47[0m [1;32mx13[0m [1;36m#20[0m SKIP tension=[1;36m0.00038394[0m [0m| momentum_too_small [1;31mconf=0.0006[0m
[BETA_X5] mode=OFF radar_adj=0 mom= conf=0
[BETA_X5] [1;36m04:13:54[0m [1;33mx3[0m [1;36m#43[0m SKIP tension=[1;36m0.00000477[0m [0m| momentum_too_small [1;31mconf=0.0[0m
[BETA_X5] mode=OFF radar_adj=0 mom= conf=0
[BETA_X5] [1;36m04:14:02[0m [1;33mx3[0m [1;36m#44[0m SKIP tension=[1;36m0.00000000[0m [0m| momentum_too_small [1;31mconf=0.3189[0m
[ALPHA_X13_BURST13] [BARRIER_TIMEOUT] BETA en retard, ouverture forcée de la barrière au cycle 21
[BETA_X5] mode=OFF radar_adj=0 mom= conf=0
[ALPHA_X13_BURST13] mode=OFF radar_adj=0 mom= conf=0
[BETA_X5] [1;36m04:14:09[0m [1;33mx3[0m [1;36m#45[0m SKIP tension=[1;36m0.00003293[0m [0m| momentum_too_small [1;31mconf=0.0[0m
[ALPHA_X13_BURST13] [1;36m04:14:11[0m [1;32mx13[0m [1;36m#21[0m SKIP tension=[1;36m0.69733053[0m [0m| wall_not_collapsed
[BETA_X5] mode=OFF radar_adj=0 mom= conf=0
[BETA_X5] [1;36m04:14:17[0m [1;33mx3[0m [1;36m#46[0m SKIP tension=[1;36m0.00000000[0m [0m| momentum_too_small [1;31mconf=0.3182[0m
[BETA_X5] mode=OFF radar_adj=0 mom= conf=0
[BETA_X5] [1;36m04:14:25[0m [1;33mx3[0m [1;36m#47[0m SKIP tension=[1;36m0.00000850[0m [0m| momentum_too_small [1;31mconf=0.0[0m
[BETA_X5] mode=OFF radar_adj=0 mom= conf=0
[ALPHA_X13_BURST13] [BARRIER_TIMEOUT] BETA en retard, ouverture forcée de la barrière au cycle 22
[ALPHA_X13_BURST13] mode=OFF radar_adj=0 mom= conf=0
[ALPHA_X13_BURST13] [1;36m04:14:36[0m [1;32mx13[0m [1;36m#22[0m SKIP tension=[1;36m0.00014288[0m [0m| momentum_too_small [1;31mconf=0.0002[0m
[BETA_X5] [1;36mentry=04:14:37@62536.20000000[0m [1;33mx3[0m [1;36m#48[0m [1;31mSELL[0m tension=[1;32m1.39652484[0m hold=[1;36m6[0ms sec=[1;36m6[0m [0m| exit=62537.50000000 [1;32mconf=0.8961[0m [1;36mexit_time=04:14:43[0m [1;31mpnl=-0.02015000 bps=-0.20787960 pct=-0.00207880% total=0.9070600000000002[0m
[BETA_X5] mode=OFF radar_adj=0 mom= conf=0
[BETA_X5] [1;36m04:14:53[0m [1;33mx3[0m [1;36m#49[0m SKIP tension=[1;36m0.00000000[0m [0m| momentum_too_small [1;31mconf=0.3133[0m
[ALPHA_X13_BURST13] [BARRIER_TIMEOUT] BETA en retard, ouverture forcée de la barrière au cycle 23
[BETA_X5] mode=OFF radar_adj=0 mom= conf=0
[ALPHA_X13_BURST13] mode=OFF radar_adj=0 mom= conf=0
[ALPHA_X13_BURST13] [1;36mCycle 23[0m [1;32mSOFT anomaly[0m [1;33m| pnl_abs=0.59856000 > 0.02500000[0m
[ALPHA_X13_BURST13] [1;36mentry=04:15:05@62537.60000000[0m [1;32mx13[0m [1;36m#23[0m [1;31mBUY[0m tension=[1;31m2.74206756[0m hold=[1;36m7[0ms sec=[1;36m7[0m [0m| exit=62535.20000000 [1;32mconf=0.94[0m [1;36mexit_time=04:15:12[0m [1;31mpnl=-0.59856000 bps=-0.38376912 pct=-0.00383769% total=0.3085000000000002[0m
[BETA_X5] [1;36mentry=04:15:06@62537.60000000[0m [1;33mx3[0m [1;36m#50[0m [1;32mSELL[0m tension=[1;31m6.01182566[0m hold=[1;36m9[0ms sec=[1;36m9[0m [0m| exit=62535.20000000 [1;32mconf=0.997[0m [1;36mexit_time=04:15:15[0m [1;32mpnl=0.02256000 bps=0.38376912 pct=0.00383769% total=0.33106000000000024[0m
[BETA_X5] mode=OFF radar_adj=0 mom= conf=0
[BETA_X5] [1;36m04:15:24[0m [1;33mx3[0m [1;36m#51[0m SKIP tension=[1;36m0.53084810[0m [0m| wall_not_collapsed
[BETA_X5] mode=OFF radar_adj=0 mom= conf=0
[ALPHA_X13_BURST13] [BARRIER_TIMEOUT] BETA en retard, ouverture forcée de la barrière au cycle 24
[BETA_X5] [1;36m04:15:33[0m [1;33mx3[0m [1;36m#52[0m SKIP tension=[1;31m2.53044308[0m [0m| tactic short vs long
[ALPHA_X13_BURST13] mode=OFF radar_adj=0 mom= conf=0
[BETA_X5] mode=OFF radar_adj=0 mom= conf=0
[ALPHA_X13_BURST13] [1;36m04:15:39[0m [1;32mx13[0m [1;36m#24[0m SKIP tension=[1;36m0.00000000[0m [0m| momentum_too_small [1;31mconf=0.322[0m
[BETA_X5] [1;36m04:15:42[0m [1;33mx3[0m [1;36m#53[0m SKIP tension=[1;36m0.00617824[0m [0m| momentum_too_small [1;31mconf=0.0095[0m
[BETA_X5] mode=OFF radar_adj=0 mom= conf=0
[BETA_X5] [1;36m04:15:50[0m [1;33mx3[0m [1;36m#54[0m SKIP tension=[1;36m0.01110577[0m [0m| direction_unclear [1;31mconf=0.0173[0m
[BETA_X5] mode=OFF radar_adj=0 mom= conf=0
[ALPHA_X13_BURST13] [BARRIER_TIMEOUT] BETA en retard, ouverture forcée de la barrière au cycle 25
[BETA_X5] [1;36m04:15:58[0m [1;33mx3[0m [1;36m#55[0m SKIP tension=[1;36m0.00000000[0m [0m| momentum_too_small [1;31mconf=0.3224[0m
[ALPHA_X13_BURST13] mode=OFF radar_adj=0 mom= conf=0
[BETA_X5] mode=OFF radar_adj=0 mom= conf=0
[ALPHA_X13_BURST13] [1;36m04:16:04[0m [1;32mx13[0m [1;36m#25[0m SKIP tension=[1;36m0.00001295[0m [0m| momentum_too_small [1;31mconf=0.0[0m
[BETA_X5] [1;36m04:16:06[0m [1;33mx3[0m [1;36m#56[0m SKIP tension=[1;36m0.00009065[0m [0m| momentum_too_small [1;31mconf=0.0001[0m
[BETA_X5] mode=OFF radar_adj=0 mom= conf=0
[BETA_X5] [1;36m04:16:14[0m [1;33mx3[0m [1;36m#57[0m SKIP tension=[1;36m0.00298956[0m [0m| momentum_too_small [1;31mconf=0.0046[0m
[BETA_X5] mode=OFF radar_adj=0 mom= conf=0
[BETA_X5] [1;36m04:16:21[0m [1;33mx3[0m [1;36m#58[0m SKIP tension=[1;36m0.00003042[0m [0m| momentum_too_small [1;31mconf=0.0[0m
[ALPHA_X13_BURST13] [BARRIER_TIMEOUT] BETA en retard, ouverture forcée de la barrière au cycle 26
[BETA_X5] mode=OFF radar_adj=0 mom= conf=0
[ALPHA_X13_BURST13] mode=OFF radar_adj=0 mom= conf=0
[BETA_X5] [1;36m04:16:30[0m [1;33mx3[0m [1;36m#59[0m SKIP tension=[1;36m0.00028806[0m [0m| momentum_too_small [1;31mconf=0.0004[0m
[ALPHA_X13_BURST13] [1;36m04:16:30[0m [1;32mx13[0m [1;36m#26[0m SKIP tension=[1;36m0.00028806[0m [0m| momentum_too_small [1;31mconf=0.0004[0m
[BETA_X5] mode=OFF radar_adj=0 mom= conf=0
[ALPHA_X13_BURST13] [BARRIER_TIMEOUT] BETA en retard, ouverture forcée de la barrière au cycle 27
[BETA_X5] [1;36mCycle 60[0m [1;32mSOFT anomaly[0m [1;33m| pnl_abs=0.26195000 > 0.02500000[0m
[ALPHA_X13_BURST13] mode=OFF radar_adj=0 mom= conf=0
[BETA_X5] [1;36mentry=04:16:42@62550.10000000[0m [1;33mx3[0m [1;36m#60[0m [1;32mSELL[0m tension=[1;31m2.60546460[0m hold=[1;36m6[0ms sec=[1;36m6[0m [0m| exit=62533.20000000 [1;32mconf=0.8311[0m [1;36mexit_time=04:16:48[0m [1;32mpnl=0.26195000 bps=2.70183421 pct=0.02701834% total=0.5930100000000003[0m
[BETA_X5] mode=OFF radar_adj=0 mom= conf=0
[ALPHA_X13_BURST13] [1;36m04:16:54[0m [1;32mx13[0m [1;36m#27[0m SKIP tension=[1;36m0.48286145[0m [0m| wall_not_collapsed
[BETA_X5] [1;36m04:16:58[0m [1;33mx3[0m [1;36m#61[0m SKIP tension=[1;36m0.44194296[0m [0m| wall_not_collapsed
[BETA_X5] mode=OFF radar_adj=0 mom= conf=0
[BETA_X5] [1;36m04:17:06[0m [1;33mx3[0m [1;36m#62[0m SKIP tension=[1;36m0.00241675[0m [0m| momentum_too_small [1;31mconf=0.004[0m
[BETA_X5] mode=OFF radar_adj=0 mom= conf=0
[ALPHA_X13_BURST13] [BARRIER_TIMEOUT] BETA en retard, ouverture forcée de la barrière au cycle 28
[ALPHA_X13_BURST13] mode=OFF radar_adj=0 mom= conf=0
[ALPHA_X13_BURST13] [1;36m04:17:20[0m [1;32mx13[0m [1;36m#28[0m SKIP tension=[1;31m2.00072364[0m [0m| duo no_trigger
[BETA_X5] [1;36mCycle 63[0m [1;32mSOFT anomaly[0m [1;33m| pnl_abs=0.06157000 > 0.02500000[0m
[BETA_X5] [1;36mentry=04:17:18@62538.70000000[0m [1;33mx3[0m [1;36m#63[0m [1;31mSELL[0m tension=[1;32m1.08409687[0m hold=[1;36m5[0ms sec=[1;36m5[0m [0m| exit=62551.80000000 [1;32mconf=0.999[0m [1;36mexit_time=04:17:24[0m [1;31mpnl=-0.06157000 bps=-2.09470296 pct=-0.02094703% total=0.5314400000000004[0m
[BETA_X5] mode=OFF radar_adj=0 mom= conf=0
[BETA_X5] [1;36m04:17:33[0m [1;33mx3[0m [1;36m#64[0m SKIP tension=[1;33m0.92428936[0m [0m| wall_not_collapsed
[BETA_X5] mode=OFF radar_adj=0 mom= conf=0
[ALPHA_X13_BURST13] [BARRIER_TIMEOUT] BETA en retard, ouverture forcée de la barrière au cycle 29
[ALPHA_X13_BURST13] mode=OFF radar_adj=0 mom= conf=0
[ALPHA_X13_BURST13] [1;36m04:17:44[0m [1;32mx13[0m [1;36m#29[0m SKIP tension=[1;36m0.24478416[0m [0m| wall_not_collapsed
[BETA_X5] [1;36mCycle 65[0m [1;32mSOFT anomaly[0m [1;33m| pnl_abs=0.05452000 > 0.02500000[0m
[BETA_X5] [1;36mentry=04:17:46@62532.30000000[0m [1;33mx3[0m [1;36m#65[0m [1;31mSELL[0m tension=[1;31m3.17136223[0m hold=[1;36m6[0ms sec=[1;36m6[0m [0m| exit=62543.90000000 [1;32mconf=0.8191[0m [1;36mexit_time=04:17:52[0m [1;31mpnl=-0.05452000 bps=-1.85504131 pct=-0.01855041% total=0.47692000000000045[0m
[BETA_X5] mode=OFF radar_adj=0 mom= conf=0
[BETA_X5] [1;36m04:18:02[0m [1;33mx3[0m [1;36m#66[0m SKIP tension=[1;36m0.00000000[0m [0m| momentum_too_small [1;31mconf=0.322[0m
[ALPHA_X13_BURST13] [BARRIER_TIMEOUT] BETA en retard, ouverture forcée de la barrière au cycle 30
[ALPHA_X13_BURST13] mode=OFF radar_adj=0 mom= conf=0
[BETA_X5] mode=OFF radar_adj=0 mom= conf=0
[ALPHA_X13_BURST13] [1;36m04:18:09[0m [1;32mx13[0m [1;36m#30[0m SKIP tension=[1;36m0.00015282[0m [0m| momentum_too_small [1;31mconf=0.0002[0m
[BETA_X5] [1;36mCycle 67[0m [1;32mSOFT anomaly[0m [1;33m| pnl_abs=0.03760000 > 0.02500000[0m
[BETA_X5] [1;36mentry=04:18:14@62543.90000000[0m [1;33mx3[0m [1;36m#67[0m [1;31mSELL[0m tension=[1;32m1.31184568[0m hold=[1;36m6[0ms sec=[1;36m6[0m [0m| exit=62551.90000000 [1;33mconf=0.7852[0m [1;36mexit_time=04:18:20[0m [1;31mpnl=-0.03760000 bps=-1.27910156 pct=-0.01279102% total=0.4393200000000004[0m
[BETA_X5] mode=OFF radar_adj=0 mom= conf=0
[ALPHA_X13_BURST13] [BARRIER_TIMEOUT] BETA en retard, ouverture forcée de la barrière au cycle 31
[ALPHA_X13_BURST13] mode=OFF radar_adj=0 mom= conf=0
[BETA_X5] [1;36m04:18:30[0m [1;33mx3[0m [1;36m#68[0m SKIP tension=[1;36m0.00000000[0m [0m| momentum_too_small [1;31mconf=0.2752[0m
[BETA_X5] mode=OFF radar_adj=0 mom= conf=0
[BETA_X5] [1;36m04:18:38[0m [1;33mx3[0m [1;36m#69[0m SKIP tension=[1;36m0.32171547[0m [0m| wall_not_collapsed
[BETA_X5] mode=OFF radar_adj=0 mom= conf=0
[ALPHA_X13_BURST13] [1;36mCycle 31[0m [1;32mSOFT anomaly[0m [1;33m| pnl_abs=0.46414000 > 0.02500000[0m
[BETA_X5] [1;36m04:18:46[0m [1;33mx3[0m [1;36m#70[0m SKIP tension=[1;36m0.13284046[0m [0m| direction_unclear [1;31mconf=0.2108[0m
[ALPHA_X13_BURST13] [1;36mentry=04:18:39@62529.30000000[0m [1;32mx13[0m [1;36m#31[0m [1;31mBUY[0m tension=[1;32m1.48254543[0m hold=[1;36m6[0ms sec=[1;36m6[0m [0m| exit=62527.00000000 [1;33mconf=0.7852[0m [1;36mexit_time=04:18:45[0m [1;31mpnl=-0.46414000 bps=-0.36782756 pct=-0.00367828% total=-0.02481999999999962[0m
[BETA_X5] mode=OFF radar_adj=0 mom= conf=0
[BETA_X5] [1;36m04:18:54[0m [1;33mx3[0m [1;36m#71[0m SKIP tension=[1;36m0.00080101[0m [0m| momentum_too_small [1;31mconf=0.0012[0m
[BETA_X5] mode=OFF radar_adj=0 mom= conf=0
[BETA_X5] [1;36m04:19:02[0m [1;33mx3[0m [1;36m#72[0m SKIP tension=[1;36m0.00002273[0m [0m| momentum_too_small [1;31mconf=0.0[0m
[ALPHA_X13_BURST13] [BARRIER_TIMEOUT] BETA en retard, ouverture forcée de la barrière au cycle 32
[BETA_X5] mode=OFF radar_adj=0 mom= conf=0
[ALPHA_X13_BURST13] mode=OFF radar_adj=0 mom= conf=0
[BETA_X5] [1;36m04:19:10[0m [1;33mx3[0m [1;36m#73[0m SKIP tension=[1;36m0.00092811[0m [0m| momentum_too_small [1;31mconf=0.0014[0m
[ALPHA_X13_BURST13] [1;36m04:19:11[0m [1;32mx13[0m [1;36m#32[0m SKIP tension=[1;36m0.01465900[0m [0m| direction_unclear [1;31mconf=0.0244[0m
[BETA_X5] mode=OFF radar_adj=0 mom= conf=0
[BETA_X5] [1;36m04:19:19[0m [1;33mx3[0m [1;36m#74[0m SKIP [0m| Mode Écoute: spread=0.01600000 volat=19.73613734 (attente froid)
[BETA_X5] mode=OFF radar_adj=0 mom= conf=0
[BETA_X5] [1;36m04:19:27[0m [1;33mx3[0m [1;36m#75[0m SKIP tension=[1;36m0.01341014[0m [0m| direction_unclear [1;31mconf=0.0201[0m
[ALPHA_X13_BURST13] [BARRIER_TIMEOUT] BETA en retard, ouverture forcée de la barrière au cycle 33
[BETA_X5] mode=OFF radar_adj=0 mom= conf=0
[ALPHA_X13_BURST13] mode=OFF radar_adj=0 mom= conf=0
[BETA_X5] [1;36m04:19:35[0m [1;33mx3[0m [1;36m#76[0m SKIP tension=[1;36m0.00000000[0m [0m| momentum_too_small [1;31mconf=0.3143[0m
[ALPHA_X13_BURST13] [1;36m04:19:36[0m [1;32mx13[0m [1;36m#33[0m SKIP tension=[1;36m0.00000000[0m [0m| momentum_too_small [1;31mconf=0.3143[0m
[BETA_X5] mode=OFF radar_adj=0 mom= conf=0
[BETA_X5] [1;36m04:19:43[0m [1;33mx3[0m [1;36m#77[0m SKIP tension=[1;36m0.01258503[0m [0m| direction_unclear [1;31mconf=0.0206[0m
[BETA_X5] mode=OFF radar_adj=0 mom= conf=0
[BETA_X5] [1;36m04:19:52[0m [1;33mx3[0m [1;36m#78[0m SKIP tension=[1;36m0.00000225[0m [0m| momentum_too_small [1;31mconf=0.0[0m
[ALPHA_X13_BURST13] [BARRIER_TIMEOUT] BETA en retard, ouverture forcée de la barrière au cycle 34
[BETA_X5] mode=OFF radar_adj=0 mom= conf=0
[ALPHA_X13_BURST13] mode=OFF radar_adj=0 mom= conf=0
[BETA_X5] [1;36m04:20:00[0m [1;33mx3[0m [1;36m#79[0m SKIP tension=[1;36m0.00002344[0m [0m| momentum_too_small [1;31mconf=0.0[0m
[ALPHA_X13_BURST13] [1;36m04:20:01[0m [1;32mx13[0m [1;36m#34[0m SKIP tension=[1;36m0.00000000[0m [0m| momentum_too_small [1;31mconf=0.3402[0m
[BETA_X5] mode=OFF radar_adj=0 mom= conf=0
[BETA_X5] [1;36m04:20:07[0m [1;33mx3[0m [1;36m#80[0m SKIP tension=[1;36m0.00033264[0m [0m| momentum_too_small [1;31mconf=0.0005[0m
[BETA_X5] mode=OFF radar_adj=0 mom= conf=0
[BETA_X5] [1;36m04:20:15[0m [1;33mx3[0m [1;36m#81[0m SKIP tension=[1;36m0.00000000[0m [0m| momentum_too_small [1;31mconf=0.3143[0m
[BETA_X5] mode=OFF radar_adj=0 mom= conf=0
[ALPHA_X13_BURST13] [BARRIER_TIMEOUT] BETA en retard, ouverture forcée de la barrière au cycle 35
[ALPHA_X13_BURST13] mode=OFF radar_adj=0 mom= conf=0
[BETA_X5] [1;36m04:20:23[0m [1;33mx3[0m [1;36m#82[0m SKIP tension=[1;36m0.00039190[0m [0m| momentum_too_small [1;31mconf=0.0006[0m
[ALPHA_X13_BURST13] [1;36m04:20:26[0m [1;32mx13[0m [1;36m#35[0m SKIP tension=[1;36m0.00005183[0m [0m| momentum_too_small [1;31mconf=0.0001[0m
[BETA_X5] mode=OFF radar_adj=0 mom= conf=0
[BETA_X5] [1;36m04:20:31[0m [1;33mx3[0m [1;36m#83[0m SKIP tension=[1;36m0.00002612[0m [0m| momentum_too_small [1;31mconf=0.0[0m
[BETA_X5] mode=OFF radar_adj=0 mom= conf=0
[BETA_X5] [1;36m04:20:39[0m [1;33mx3[0m [1;36m#84[0m SKIP tension=[1;36m0.00000000[0m [0m| momentum_too_small [1;31mconf=0.2951[0m
[BETA_X5] mode=OFF radar_adj=0 mom= conf=0
[ALPHA_X13_BURST13] [BARRIER_TIMEOUT] BETA en retard, ouverture forcée de la barrière au cycle 36
[ALPHA_X13_BURST13] mode=OFF radar_adj=0 mom= conf=0
[BETA_X5] [1;36m04:20:46[0m [1;33mx3[0m [1;36m#85[0m SKIP tension=[1;36m0.00002648[0m [0m| momentum_too_small [1;31mconf=0.0[0m
[BETA_X5] mode=OFF radar_adj=0 mom= conf=0
[ALPHA_X13_BURST13] [1;36m04:20:51[0m [1;32mx13[0m [1;36m#36[0m SKIP tension=[1;36m0.00001482[0m [0m| momentum_too_small [1;31mconf=0.0[0m
[BETA_X5] [1;36m04:20:55[0m [1;33mx3[0m [1;36m#86[0m SKIP tension=[1;36m0.00000000[0m [0m| momentum_too_small [1;31mconf=0.2948[0m
[BETA_X5] mode=OFF radar_adj=0 mom= conf=0
[BETA_X5] [1;36m04:21:03[0m [1;33mx3[0m [1;36m#87[0m SKIP tension=[1;36m0.00027279[0m [0m| momentum_too_small [1;31mconf=0.0004[0m
[BETA_X5] mode=OFF radar_adj=0 mom= conf=0
[ALPHA_X13_BURST13] [BARRIER_TIMEOUT] BETA en retard, ouverture forcée de la barrière au cycle 37
[ALPHA_X13_BURST13] mode=OFF radar_adj=0 mom= conf=0
[BETA_X5] [1;36mentry=04:21:15@62557.50000000[0m [1;33mx3[0m [1;36m#88[0m [1;31mSELL[0m tension=[1;32m1.43108049[0m hold=[1;36m6[0ms sec=[1;36m6[0m [0m| exit=62557.60000000 [1;32mconf=0.8411[0m [1;36mexit_time=04:21:21[0m [1;31mpnl=-0.00047000 bps=-0.01598529 pct=-0.00015985% total=-0.02528999999999959[0m
[BETA_X5] mode=OFF radar_adj=0 mom= conf=0
[ALPHA_X13_BURST13] [1;36mentry=04:21:20@62557.60000000[0m [1;32mx13[0m [1;36m#37[0m [1;33mBUY[0m tension=[1;32m1.97215760[0m hold=[1;36m6[0ms sec=[1;36m6[0m [0m| exit=62557.60000000 [1;32mconf=0.8411[0m [1;36mexit_time=04:21:26[0m [1;33mpnl=0.00000000 bps=0.00000000 pct=0.00000000% total=-0.02528999999999959[0m
[BETA_X5] [1;36m04:21:31[0m [1;33mx3[0m [1;36m#89[0m SKIP tension=[1;36m0.00000000[0m [0m| momentum_too_small [1;31mconf=0.2874[0m
[BETA_X5] mode=OFF radar_adj=0 mom= conf=0
[BETA_X5] [1;36m04:21:39[0m [1;33mx3[0m [1;36m#90[0m SKIP tension=[1;36m0.56530162[0m [0m| wall_not_collapsed
[BETA_X5] mode=OFF radar_adj=0 mom= conf=0
[ALPHA_X13_BURST13] [BARRIER_TIMEOUT] BETA en retard, ouverture forcée de la barrière au cycle 38
[BETA_X5] [1;36m04:21:49[0m [1;33mx3[0m [1;36m#91[0m SKIP tension=[1;36m0.00012274[0m [0m| momentum_too_small [1;31mconf=0.0002[0m
[ALPHA_X13_BURST13] mode=OFF radar_adj=0 mom= conf=0
[BETA_X5] mode=OFF radar_adj=0 mom= conf=0
[ALPHA_X13_BURST13] [1;36mCycle 38[0m [1;32mSOFT anomaly[0m [1;33m| pnl_abs=0.27412000 > 0.02500000[0m
[BETA_X5] [1;36mentry=04:22:02@62572.80000000[0m [1;33mx3[0m [1;36m#92[0m [1;31mSELL[0m tension=[1;32m1.75208016[0m hold=[1;36m7[0ms sec=[1;36m7[0m [0m| exit=62575.00000000 [1;32mconf=0.97[0m [1;36mexit_time=04:22:09[0m [1;31mpnl=-0.01034000 bps=-0.35159047 pct=-0.00351590% total=0.2384900000000003[0m
[ALPHA_X13_BURST13] [1;36mentry=04:22:00@62572.80000000[0m [1;32mx13[0m [1;36m#38[0m [1;32mBUY[0m tension=[1;31m3.78269501[0m hold=[1;36m10[0ms sec=[1;36m10[0m [0m| exit=62575.00000000 [1;32mconf=0.97[0m [1;36mexit_time=04:22:10[0m [1;32mpnl=0.27412000 bps=0.35159047 pct=0.00351590% total=0.2384900000000003[0m
[BETA_X5] mode=OFF radar_adj=0 mom= conf=0
[BETA_X5] [1;36m04:22:19[0m [1;33mx3[0m [1;36m#93[0m SKIP tension=[1;36m0.55443576[0m [0m| wall_not_collapsed
[BETA_X5] mode=OFF radar_adj=0 mom= conf=0
[BETA_X5] [1;36m04:22:27[0m [1;33mx3[0m [1;36m#94[0m SKIP tension=[1;36m0.48718501[0m [0m| wall_not_collapsed
[BETA_X5] mode=OFF radar_adj=0 mom= conf=0
[ALPHA_X13_BURST13] [BARRIER_TIMEOUT] BETA en retard, ouverture forcée de la barrière au cycle 39
[ALPHA_X13_BURST13] mode=OFF radar_adj=0 mom= conf=0
[BETA_X5] [1;36m04:22:35[0m [1;33mx3[0m [1;36m#95[0m SKIP tension=[1;36m0.00006729[0m [0m| momentum_too_small [1;31mconf=0.0001[0m
[BETA_X5] mode=OFF radar_adj=0 mom= conf=0
[BETA_X5] [1;36m04:22:43[0m [1;33mx3[0m [1;36m#96[0m SKIP tension=[1;36m0.00001036[0m [0m| momentum_too_small [1;31mconf=0.0[0m
[BETA_X5] mode=OFF radar_adj=0 mom= conf=0
[ALPHA_X13_BURST13] [1;36mentry=04:22:43@62578.50000000[0m [1;32mx13[0m [1;36m#39[0m [1;33mBUY[0m tension=[1;32m1.53511031[0m hold=[1;36m6[0ms sec=[1;36m6[0m [0m| exit=62578.50000000 [1;32mconf=0.9321[0m [1;36mexit_time=04:22:50[0m [1;33mpnl=0.00000000 bps=0.00000000 pct=0.00000000% total=0.2384900000000003[0m
[BETA_X5] [1;36m04:22:52[0m [1;33mx3[0m [1;36m#97[0m SKIP tension=[1;36m0.00002391[0m [0m| momentum_too_small [1;31mconf=0.0[0m
[BETA_X5] mode=OFF radar_adj=0 mom= conf=0
[BETA_X5] [1;36m04:23:08[0m [1;33mx3[0m [1;36m#98[0m SKIP tension=[1;31m3.48326731[0m [0m| tactic short vs long
[BETA_X5] mode=OFF radar_adj=0 mom= conf=0
[BETA_X5] [1;36m04:23:21[0m [1;33mx3[0m [1;36m#99[0m SKIP tension=[1;36m0.00012835[0m [0m| momentum_too_small [1;31mconf=0.0002[0m
[BETA_X5] mode=OFF radar_adj=0 mom= conf=0
[ALPHA_X13_BURST13] [BARRIER_TIMEOUT] BETA en retard, ouverture forcée de la barrière au cycle 40
[ALPHA_X13_BURST13] mode=OFF radar_adj=0 mom= conf=0
[BETA_X5] [1;36m04:23:34[0m [1;33mx3[0m [1;36m#100[0m SKIP tension=[1;36m0.01375169[0m [0m| direction_unclear [1;31mconf=0.0227[0m
[BETA_X5] mode=OFF radar_adj=0 mom= conf=0
[ALPHA_X13_BURST13] [1;36m04:23:41[0m [1;32mx13[0m [1;36m#40[0m SKIP tension=[1;36m0.18334661[0m [0m| direction_unclear [1;31mconf=0.3037[0m
[BETA_X5] [1;36mentry=04:23:55@62591.80000000[0m [1;33mx3[0m [1;36m#101[0m [1;31mSELL[0m tension=[1;32m1.07636918[0m hold=[1;36m11[0ms sec=[1;36m11[0m [0m| exit=62592.10000000 [1;32mconf=0.994[0m [1;36mexit_time=04:24:07[0m [1;31mpnl=-0.00282000 bps=-0.04792960 pct=-0.00047930% total=0.23567000000000027[0m
[BETA_X5] mode=OFF radar_adj=0 mom= conf=0
[ALPHA_X13_BURST13] [BARRIER_TIMEOUT] BETA en retard, ouverture forcée de la barrière au cycle 41
[ALPHA_X13_BURST13] mode=OFF radar_adj=0 mom= conf=0
[BETA_X5] [1;36m04:24:19[0m [1;33mx3[0m [1;36m#102[0m SKIP tension=[1;36m0.74459567[0m [0m| wall_not_collapsed
[BETA_X5] mode=OFF radar_adj=0 mom= conf=0
[ALPHA_X13_BURST13] [1;36m04:24:23[0m [1;32mx13[0m [1;36m#41[0m SKIP tension=[1;36m0.00000000[0m [0m| momentum_too_small [1;31mconf=0.3346[0m
[BETA_X5] [1;36m04:24:30[0m [1;33mx3[0m [1;36m#103[0m SKIP tension=[1;36m0.00000294[0m [0m| momentum_too_small [1;31mconf=0.0[0m
[BETA_X5] mode=OFF radar_adj=0 mom= conf=0
[ALPHA_X13_BURST13] [BARRIER_TIMEOUT] BETA en retard, ouverture forcée de la barrière au cycle 42
[ALPHA_X13_BURST13] mode=OFF radar_adj=0 mom= conf=0
[BETA_X5] [1;36mCycle 104[0m [1;32mSOFT anomaly[0m [1;33m| pnl_abs=0.06975000 > 0.02500000[0m
[BETA_X5] [1;36mentry=04:24:55@62595.70000000[0m [1;33mx3[0m [1;36m#104[0m [1;32mSELL[0m tension=[1;31m5.41640288[0m hold=[1;36m12[0ms sec=[1;36m12[0m [0m| exit=62591.20000000 [1;32mconf=0.9551[0m [1;36mexit_time=04:25:08[0m [1;32mpnl=0.06975000 bps=0.71889922 pct=0.00718899% total=0.30542000000000025[0m
[ALPHA_X13_BURST13] [1;36m04:25:14[0m [1;32mx13[0m [1;36m#42[0m SKIP tension=[1;36m0.45652120[0m [0m| wall_not_collapsed
[BETA_X5] mode=OFF radar_adj=0 mom= conf=0
[BETA_X5] [1;36m04:25:25[0m [1;33mx3[0m [1;36m#105[0m SKIP tension=[1;36m0.00251840[0m [0m| momentum_too_small [1;31mconf=0.0042[0m
[BETA_X5] mode=OFF radar_adj=0 mom= conf=0
[BETA_X5] [1;36m04:25:39[0m [1;33mx3[0m [1;36m#106[0m SKIP tension=[1;36m0.01337388[0m [0m| direction_unclear [1;31mconf=0.022[0m
[BETA_X5] mode=OFF radar_adj=0 mom= conf=0
[ALPHA_X13_BURST13] [BARRIER_TIMEOUT] BETA en retard, ouverture forcée de la barrière au cycle 43
[ALPHA_X13_BURST13] mode=OFF radar_adj=0 mom= conf=0
[BETA_X5] [1;36m04:25:47[0m [1;33mx3[0m [1;36m#107[0m SKIP tension=[1;36m0.00020058[0m [0m| momentum_too_small [1;31mconf=0.0003[0m
[BETA_X5] mode=OFF radar_adj=0 mom= conf=0
[ALPHA_X13_BURST13] [1;36m04:25:52[0m [1;32mx13[0m [1;36m#43[0m SKIP tension=[1;36m0.00000988[0m [0m| momentum_too_small [1;31mconf=0.0[0m
[BETA_X5] [1;36m04:25:56[0m [1;33mx3[0m [1;36m#108[0m SKIP tension=[1;36m0.00000939[0m [0m| momentum_too_small [1;31mconf=0.0[0m
[BETA_X5] mode=OFF radar_adj=0 mom= conf=0
[BETA_X5] [1;36m04:26:04[0m [1;33mx3[0m [1;36m#109[0m SKIP tension=[1;36m0.00003184[0m [0m| momentum_too_small [1;31mconf=0.0001[0m
[BETA_X5] mode=OFF radar_adj=0 mom= conf=0
[ALPHA_X13_BURST13] [BARRIER_TIMEOUT] BETA en retard, ouverture forcée de la barrière au cycle 44
[BETA_X5] [1;36m04:26:11[0m [1;33mx3[0m [1;36m#110[0m SKIP tension=[1;36m0.00000097[0m [0m| momentum_too_small [1;31mconf=0.0[0m
[ALPHA_X13_BURST13] mode=OFF radar_adj=0 mom= conf=0
[BETA_X5] mode=OFF radar_adj=0 mom= conf=0
[ALPHA_X13_BURST13] [1;36m04:26:18[0m [1;32mx13[0m [1;36m#44[0m SKIP tension=[1;36m0.00135574[0m [0m| momentum_too_small [1;31mconf=0.0021[0m
[BETA_X5] [1;36m04:26:20[0m [1;33mx3[0m [1;36m#111[0m SKIP tension=[1;36m0.00010429[0m [0m| momentum_too_small [1;31mconf=0.0002[0m
[BETA_X5] mode=OFF radar_adj=0 mom= conf=0
[BETA_X5] [1;36m04:26:27[0m [1;33mx3[0m [1;36m#112[0m SKIP tension=[1;36m0.00001619[0m [0m| momentum_too_small [1;31mconf=0.0[0m
[BETA_X5] mode=OFF radar_adj=0 mom= conf=0
[BETA_X5] [1;36m04:26:36[0m [1;33mx3[0m [1;36m#113[0m SKIP tension=[1;36m0.00000907[0m [0m| momentum_too_small [1;31mconf=0.0[0m
[ALPHA_X13_BURST13] [BARRIER_TIMEOUT] BETA en retard, ouverture forcée de la barrière au cycle 45
[ALPHA_X13_BURST13] mode=OFF radar_adj=0 mom= conf=0
[BETA_X5] mode=OFF radar_adj=0 mom= conf=0
[ALPHA_X13_BURST13] [1;36m04:26:46[0m [1;32mx13[0m [1;36m#45[0m SKIP tension=[1;36m0.00000907[0m [0m| momentum_too_small [1;31mconf=0.0[0m
[BETA_X5] [1;36m04:26:47[0m [1;33mx3[0m [1;36m#114[0m SKIP tension=[1;36m0.00007871[0m [0m| momentum_too_small [1;31mconf=0.0001[0m
[BETA_X5] mode=OFF radar_adj=0 mom= conf=0
[BETA_X5] [1;36m04:26:58[0m [1;33mx3[0m [1;36m#115[0m SKIP tension=[1;36m0.00017783[0m [0m| momentum_too_small [1;31mconf=0.0003[0m
[BETA_X5] mode=OFF radar_adj=0 mom= conf=0
[BETA_X5] [1;36m04:27:06[0m [1;33mx3[0m [1;36m#116[0m SKIP tension=[1;36m0.00011208[0m [0m| momentum_too_small [1;31mconf=0.0002[0m
[ALPHA_X13_BURST13] [BARRIER_TIMEOUT] BETA en retard, ouverture forcée de la barrière au cycle 46
[ALPHA_X13_BURST13] mode=OFF radar_adj=0 mom= conf=0
[BETA_X5] mode=OFF radar_adj=0 mom= conf=0
[BETA_X5] [1;36m04:27:14[0m [1;33mx3[0m [1;36m#117[0m SKIP tension=[1;36m0.00135944[0m [0m| momentum_too_small [1;31mconf=0.0022[0m
[ALPHA_X13_BURST13] [1;36m04:27:14[0m [1;32mx13[0m [1;36m#46[0m SKIP tension=[1;36m0.00017751[0m [0m| momentum_too_small [1;31mconf=0.0003[0m
[BETA_X5] mode=OFF radar_adj=0 mom= conf=0
[BETA_X5] [1;36m04:27:22[0m [1;33mx3[0m [1;36m#118[0m SKIP tension=[1;36m0.10073238[0m [0m| direction_unclear [1;31mconf=0.1597[0m
[BETA_X5] mode=OFF radar_adj=0 mom= conf=0
[BETA_X5] [1;36m04:27:30[0m [1;33mx3[0m [1;36m#119[0m SKIP tension=[1;36m0.00011500[0m [0m| momentum_too_small [1;31mconf=0.0002[0m
[ALPHA_X13_BURST13] [BARRIER_TIMEOUT] BETA en retard, ouverture forcée de la barrière au cycle 47
[BETA_X5] mode=OFF radar_adj=0 mom= conf=0
[ALPHA_X13_BURST13] mode=OFF radar_adj=0 mom= conf=0
[BETA_X5] [1;36m04:27:38[0m [1;33mx3[0m [1;36m#120[0m SKIP tension=[1;36m0.00004280[0m [0m| momentum_too_small [1;31mconf=0.0001[0m
[ALPHA_X13_BURST13] [1;36m04:27:39[0m [1;32mx13[0m [1;36m#47[0m SKIP tension=[1;36m0.00001062[0m [0m| momentum_too_small [1;31mconf=0.0[0m
[BETA_X5] mode=OFF radar_adj=0 mom= conf=0
[BETA_X5] [1;36m04:27:46[0m [1;33mx3[0m [1;36m#121[0m SKIP tension=[1;36m0.00000644[0m [0m| momentum_too_small [1;31mconf=0.0[0m
[BETA_X5] mode=OFF radar_adj=0 mom= conf=0
[BETA_X5] [1;36m04:27:54[0m [1;33mx3[0m [1;36m#122[0m SKIP tension=[1;36m0.00136919[0m [0m| momentum_too_small [1;31mconf=0.0022[0m
[ALPHA_X13_BURST13] [BARRIER_TIMEOUT] BETA en retard, ouverture forcée de la barrière au cycle 48
[BETA_X5] mode=OFF radar_adj=0 mom= conf=0
[ALPHA_X13_BURST13] mode=OFF radar_adj=0 mom= conf=0
[BETA_X5] [1;36m04:28:02[0m [1;33mx3[0m [1;36m#123[0m SKIP tension=[1;36m0.00002739[0m [0m| momentum_too_small [1;31mconf=0.0[0m
[ALPHA_X13_BURST13] [1;36m04:28:04[0m [1;32mx13[0m [1;36m#48[0m SKIP tension=[1;36m0.00000000[0m [0m| momentum_too_small [1;31mconf=0.3318[0m
[BETA_X5] mode=OFF radar_adj=0 mom= conf=0
[BETA_X5] [1;36m04:28:10[0m [1;33mx3[0m [1;36m#124[0m SKIP tension=[1;36m0.00142708[0m [0m| momentum_too_small [1;31mconf=0.0023[0m
[BETA_X5] mode=OFF radar_adj=0 mom= conf=0
[BETA_X5] [1;36m04:28:18[0m [1;33mx3[0m [1;36m#125[0m SKIP tension=[1;36m0.05914834[0m [0m| direction_unclear [1;31mconf=0.0935[0m
[BETA_X5] mode=OFF radar_adj=0 mom= conf=0
[ALPHA_X13_BURST13] [BARRIER_TIMEOUT] BETA en retard, ouverture forcée de la barrière au cycle 49
[ALPHA_X13_BURST13] mode=OFF radar_adj=0 mom= conf=0
[BETA_X5] [1;36m04:28:26[0m [1;33mx3[0m [1;36m#126[0m SKIP tension=[1;36m0.02206373[0m [0m| direction_unclear [1;31mconf=0.0349[0m
[BETA_X5] mode=OFF radar_adj=0 mom= conf=0
[ALPHA_X13_BURST13] [1;36m04:28:29[0m [1;32mx13[0m [1;36m#49[0m SKIP tension=[1;36m0.00030302[0m [0m| momentum_too_small [1;31mconf=0.0005[0m
[BETA_X5] [1;36m04:28:34[0m [1;33mx3[0m [1;36m#127[0m SKIP tension=[1;36m0.00001545[0m [0m| momentum_too_small [1;31mconf=0.0[0m
[BETA_X5] mode=OFF radar_adj=0 mom= conf=0
[BETA_X5] [1;36m04:28:42[0m [1;33mx3[0m [1;36m#128[0m SKIP tension=[1;36m0.00001448[0m [0m| momentum_too_small [1;31mconf=0.0[0m
[BETA_X5] mode=OFF radar_adj=0 mom= conf=0
[ALPHA_X13_BURST13] [BARRIER_TIMEOUT] BETA en retard, ouverture forcée de la barrière au cycle 50
[ALPHA_X13_BURST13] mode=OFF radar_adj=0 mom= conf=0
[BETA_X5] [1;36m04:28:50[0m [1;33mx3[0m [1;36m#129[0m SKIP tension=[1;36m0.00001448[0m [0m| momentum_too_small [1;31mconf=0.0[0m
[BETA_X5] mode=OFF radar_adj=0 mom= conf=0
[ALPHA_X13_BURST13] [1;36m04:28:56[0m [1;32mx13[0m [1;36m#50[0m SKIP tension=[1;36m0.00032734[0m [0m| momentum_too_small [1;31mconf=0.0005[0m
[BETA_X5] [1;36m04:28:59[0m [1;33mx3[0m [1;36m#130[0m SKIP tension=[1;36m0.00002801[0m [0m| momentum_too_small [1;31mconf=0.0[0m
[BETA_X5] mode=OFF radar_adj=0 mom= conf=0
[BETA_X5] [1;36m04:29:08[0m [1;33mx3[0m [1;36m#131[0m SKIP tension=[1;36m0.00002389[0m [0m| momentum_too_small [1;31mconf=0.0[0m
[BETA_X5] mode=OFF radar_adj=0 mom= conf=0
[BETA_X5] [1;36m04:29:24[0m [1;33mx3[0m [1;36m#132[0m SKIP tension=[1;36m0.00000000[0m [0m| momentum_too_small [1;31mconf=0.3318[0m
[ALPHA_X13_BURST13] [BARRIER_TIMEOUT] BETA en retard, ouverture forcée de la barrière au cycle 51
[BETA_X5] mode=OFF radar_adj=0 mom= conf=0
[ALPHA_X13_BURST13] mode=OFF radar_adj=0 mom= conf=0
[BETA_X5] [1;36m04:29:42[0m [1;33mx3[0m [1;36m#133[0m SKIP tension=[1;36m0.00145116[0m [0m| momentum_too_small [1;31mconf=0.0023[0m
[ALPHA_X13_BURST13] [1;36m04:29:44[0m [1;32mx13[0m [1;36m#51[0m SKIP tension=[1;36m0.00061353[0m [0m| momentum_too_small [1;31mconf=0.001[0m
[BETA_X5] mode=OFF radar_adj=0 mom= conf=0
[BETA_X5] [1;36m04:29:59[0m [1;33mx3[0m [1;36m#134[0m SKIP tension=[1;36m0.00747642[0m [0m| momentum_too_small [1;31mconf=0.0118[0m
[BETA_X5] mode=OFF radar_adj=0 mom= conf=0
[BETA_X5] [1;36m04:30:14[0m [1;33mx3[0m [1;36m#135[0m SKIP tension=[1;36m0.00008411[0m [0m| momentum_too_small [1;31mconf=0.0001[0m
[BETA_X5] mode=OFF radar_adj=0 mom= conf=0
[ALPHA_X13_BURST13] [BARRIER_TIMEOUT] BETA en retard, ouverture forcée de la barrière au cycle 52
[BETA_X5] [1;36m04:30:28[0m [1;33mx3[0m [1;36m#136[0m SKIP tension=[1;36m0.00139710[0m [0m| momentum_too_small [1;31mconf=0.0022[0m
[ALPHA_X13_BURST13] mode=OFF radar_adj=0 mom= conf=0
[BETA_X5] mode=OFF radar_adj=0 mom= conf=0
[ALPHA_X13_BURST13] [1;36m04:30:40[0m [1;32mx13[0m [1;36m#52[0m SKIP tension=[1;36m0.00000000[0m [0m| momentum_too_small [1;31mconf=0.3318[0m
[BETA_X5] [1;36mentry=04:30:51@62596.40000000[0m [1;33mx3[0m [1;36m#137[0m [1;32mSELL[0m tension=[1;31m2.46909696[0m hold=[1;36m12[0ms sec=[1;36m12[0m [0m| exit=62591.20000000 [1;32mconf=0.9481[0m [1;36mexit_time=04:31:04[0m [1;32mpnl=0.02444000 bps=0.83071870 pct=0.00830719% total=0.32986000000000026[0m
[BETA_X5] mode=OFF radar_adj=0 mom= conf=0
[ALPHA_X13_BURST13] [BARRIER_TIMEOUT] BETA en retard, ouverture forcée de la barrière au cycle 53
[ALPHA_X13_BURST13] mode=OFF radar_adj=0 mom= conf=0
[BETA_X5] [1;36m04:31:14[0m [1;33mx3[0m [1;36m#138[0m SKIP tension=[1;36m0.00006447[0m [0m| momentum_too_small [1;31mconf=0.0001[0m
[BETA_X5] mode=OFF radar_adj=0 mom= conf=0
[ALPHA_X13_BURST13] [1;36m04:31:18[0m [1;32mx13[0m [1;36m#53[0m SKIP tension=[1;36m0.00011733[0m [0m| momentum_too_small [1;31mconf=0.0002[0m
[BETA_X5] [1;36m04:31:22[0m [1;33mx3[0m [1;36m#139[0m SKIP tension=[1;36m0.00077846[0m [0m| momentum_too_small [1;31mconf=0.0012[0m
[BETA_X5] mode=OFF radar_adj=0 mom= conf=0
[BETA_X5] [1;36m04:31:31[0m [1;33mx3[0m [1;36m#140[0m SKIP tension=[1;36m0.00142529[0m [0m| momentum_too_small [1;31mconf=0.0023[0m
[BETA_X5] mode=OFF radar_adj=0 mom= conf=0
[ALPHA_X13_BURST13] [BARRIER_TIMEOUT] BETA en retard, ouverture forcée de la barrière au cycle 54
[ALPHA_X13_BURST13] mode=OFF radar_adj=0 mom= conf=0
[BETA_X5] [1;36m04:31:39[0m [1;33mx3[0m [1;36m#141[0m SKIP tension=[1;36m0.00000000[0m [0m| momentum_too_small [1;31mconf=0.3472[0m
[BETA_X5] mode=OFF radar_adj=0 mom= conf=0
[ALPHA_X13_BURST13] [1;36m04:31:44[0m [1;32mx13[0m [1;36m#54[0m SKIP tension=[1;36m0.00138985[0m [0m| momentum_too_small [1;31mconf=0.0022[0m
[BETA_X5] [1;36m04:31:48[0m [1;33mx3[0m [1;36m#142[0m SKIP tension=[1;36m0.00000000[0m [0m| momentum_too_small [1;31mconf=0.3318[0m
[BETA_X5] mode=OFF radar_adj=0 mom= conf=0
[BETA_X5] [1;36m04:31:56[0m [1;33mx3[0m [1;36m#143[0m SKIP tension=[1;36m0.01636588[0m [0m| direction_unclear [1;31mconf=0.0259[0m
[BETA_X5] mode=OFF radar_adj=0 mom= conf=0
[ALPHA_X13_BURST13] [BARRIER_TIMEOUT] BETA en retard, ouverture forcée de la barrière au cycle 55
[ALPHA_X13_BURST13] mode=OFF radar_adj=0 mom= conf=0
[BETA_X5] [1;36m04:32:04[0m [1;33mx3[0m [1;36m#144[0m SKIP tension=[1;36m0.00003810[0m [0m| momentum_too_small [1;31mconf=0.0001[0m
[BETA_X5] mode=OFF radar_adj=0 mom= conf=0
[ALPHA_X13_BURST13] [1;36m04:32:10[0m [1;32mx13[0m [1;36m#55[0m SKIP tension=[1;36m0.00000000[0m [0m| momentum_too_small [1;31mconf=0.3318[0m
[BETA_X5] [1;36m04:32:13[0m [1;33mx3[0m [1;36m#145[0m SKIP tension=[1;36m0.00006167[0m [0m| momentum_too_small [1;31mconf=0.0001[0m
[BETA_X5] mode=OFF radar_adj=0 mom= conf=0
[BETA_X5] [1;36m04:32:21[0m [1;33mx3[0m [1;36m#146[0m SKIP tension=[1;36m0.00012915[0m [0m| momentum_too_small [1;31mconf=0.0002[0m
[BETA_X5] mode=OFF radar_adj=0 mom= conf=0
[ALPHA_X13_BURST13] [BARRIER_TIMEOUT] BETA en retard, ouverture forcée de la barrière au cycle 56
[BETA_X5] [1;36m04:32:29[0m [1;33mx3[0m [1;36m#147[0m SKIP tension=[1;36m0.00003875[0m [0m| momentum_too_small [1;31mconf=0.0001[0m
[ALPHA_X13_BURST13] mode=OFF radar_adj=0 mom= conf=0
[BETA_X5] mode=OFF radar_adj=0 mom= conf=0
[ALPHA_X13_BURST13] [1;36m04:32:37[0m [1;32mx13[0m [1;36m#56[0m SKIP tension=[1;31m2.43856050[0m [0m| duo no_trigger
[BETA_X5] [1;36m04:32:37[0m [1;33mx3[0m [1;36m#148[0m SKIP tension=[1;36m0.00012917[0m [0m| momentum_too_small [1;31mconf=0.0002[0m
[BETA_X5] mode=OFF radar_adj=0 mom= conf=0
[BETA_X5] [1;36m04:32:45[0m [1;33mx3[0m [1;36m#149[0m SKIP tension=[1;36m0.00016469[0m [0m| momentum_too_small [1;31mconf=0.0003[0m
[BETA_X5] mode=OFF radar_adj=0 mom= conf=0
[BETA_X5] [1;36m04:32:53[0m [1;33mx3[0m [1;36m#150[0m SKIP tension=[1;36m0.00601808[0m [0m| momentum_too_small [1;31mconf=0.0097[0m
[ALPHA_X13_BURST13] [BARRIER_TIMEOUT] BETA en retard, ouverture forcée de la barrière au cycle 57
[BETA_X5] mode=OFF radar_adj=0 mom= conf=0
[ALPHA_X13_BURST13] mode=OFF radar_adj=0 mom= conf=0
[BETA_X5] [1;36m04:33:01[0m [1;33mx3[0m [1;36m#151[0m SKIP tension=[1;36m0.00017812[0m [0m| momentum_too_small [1;31mconf=0.0003[0m
[ALPHA_X13_BURST13] [1;36m04:33:03[0m [1;32mx13[0m [1;36m#57[0m SKIP tension=[1;36m0.00022460[0m [0m| momentum_too_small [1;31mconf=0.0004[0m
[BETA_X5] mode=OFF radar_adj=0 mom= conf=0
[ALPHA_X13_BURST13] [BARRIER_TIMEOUT] BETA en retard, ouverture forcée de la barrière au cycle 58
[BETA_X5] [1;36mentry=04:33:14@62597.20000000[0m [1;33mx3[0m [1;36m#152[0m [1;31mSELL[0m tension=[1;32m1.76328939[0m hold=[1;36m7[0ms sec=[1;36m7[0m [0m| exit=62601.90000000 [1;32mconf=0.9411[0m [1;36mexit_time=04:33:21[0m [1;31mpnl=-0.02209000 bps=-0.75083231 pct=-0.00750832% total=0.3077700000000003[0m
[ALPHA_X13_BURST13] mode=OFF radar_adj=0 mom= conf=0
[BETA_X5] mode=OFF radar_adj=0 mom= conf=0
[BETA_X5] [1;36m04:33:31[0m [1;33mx3[0m [1;36m#153[0m SKIP tension=[1;36m0.00138240[0m [0m| momentum_too_small [1;31mconf=0.0018[0m
[BETA_X5] mode=OFF radar_adj=0 mom= conf=0
[ALPHA_X13_BURST13] [1;36mCycle 58[0m [1;32mSOFT anomaly[0m [1;33m| pnl_abs=1.17030000 > 0.02500000[0m
[ALPHA_X13_BURST13] [1;36mentry=04:33:35@62610.00000000[0m [1;32mx13[0m [1;36m#58[0m [1;32mBUY[0m tension=[1;31m5.33845622[0m hold=[1;36m9[0ms sec=[1;36m9[0m [0m| exit=62619.40000000 [1;33mconf=0.7884[0m [1;36mexit_time=04:33:44[0m [1;32mpnl=1.17030000 bps=1.50135761 pct=0.01501358% total=1.4780700000000002[0m
[BETA_X5] [1;36mCycle 154[0m [1;32mSOFT anomaly[0m [1;33m| pnl_abs=0.09964000 > 0.02500000[0m
[BETA_X5] [1;36mentry=04:33:43@62612.40000000[0m [1;33mx3[0m [1;36m#154[0m [1;32mSELL[0m tension=[1;31m4.78214147[0m hold=[1;36m6[0ms sec=[1;36m6[0m [0m| exit=62591.20000000 [1;32mconf=0.8393[0m [1;36mexit_time=04:33:49[0m [1;32mpnl=0.09964000 bps=3.38591078 pct=0.03385911% total=1.5777100000000002[0m
[BETA_X5] mode=OFF radar_adj=0 mom= conf=0
[BETA_X5] [1;36m04:33:59[0m [1;33mx3[0m [1;36m#155[0m SKIP tension=[1;36m0.00172196[0m [0m| momentum_too_small [1;31mconf=0.002[0m
[BETA_X5] mode=OFF radar_adj=0 mom= conf=0
[ALPHA_X13_BURST13] [BARRIER_TIMEOUT] BETA en retard, ouverture forcée de la barrière au cycle 59
[ALPHA_X13_BURST13] mode=OFF radar_adj=0 mom= conf=0
[BETA_X5] [1;36m04:34:08[0m [1;33mx3[0m [1;36m#156[0m SKIP tension=[1;36m0.00169189[0m [0m| momentum_too_small [1;31mconf=0.0019[0m
[BETA_X5] mode=OFF radar_adj=0 mom= conf=0
[ALPHA_X13_BURST13] [1;36m04:34:11[0m [1;32mx13[0m [1;36m#59[0m SKIP tension=[1;36m0.00169212[0m [0m| momentum_too_small [1;31mconf=0.0019[0m
[BETA_X5] [1;36m04:34:16[0m [1;33mx3[0m [1;36m#157[0m SKIP tension=[1;36m0.00005254[0m [0m| momentum_too_small [1;31mconf=0.0001[0m
[BETA_X5] mode=OFF radar_adj=0 mom= conf=0
[BETA_X5] [1;36m04:34:24[0m [1;33mx3[0m [1;36m#158[0m SKIP tension=[1;36m0.00004616[0m [0m| momentum_too_small [1;31mconf=0.0001[0m
[BETA_X5] mode=OFF radar_adj=0 mom= conf=0
[ALPHA_X13_BURST13] [BARRIER_TIMEOUT] BETA en retard, ouverture forcée de la barrière au cycle 60
[ALPHA_X13_BURST13] mode=OFF radar_adj=0 mom= conf=0
[BETA_X5] [1;36m04:34:32[0m [1;33mx3[0m [1;36m#159[0m SKIP tension=[1;36m0.00001003[0m [0m| momentum_too_small [1;31mconf=0.0[0m
[BETA_X5] mode=OFF radar_adj=0 mom= conf=0
[ALPHA_X13_BURST13] [1;36m04:34:36[0m [1;32mx13[0m [1;36m#60[0m SKIP tension=[1;36m0.00013915[0m [0m| momentum_too_small [1;31mconf=0.0002[0m
[BETA_X5] [1;36m04:34:40[0m [1;33mx3[0m [1;36m#160[0m SKIP tension=[1;36m0.00169313[0m [0m| momentum_too_small [1;31mconf=0.0021[0m
[BETA_X5] mode=OFF radar_adj=0 mom= conf=0
[BETA_X5] [1;36m04:34:48[0m [1;33mx3[0m [1;36m#161[0m SKIP tension=[1;36m0.00004750[0m [0m| momentum_too_small [1;31mconf=0.0001[0m
[BETA_X5] mode=OFF radar_adj=0 mom= conf=0
[ALPHA_X13_BURST13] [BARRIER_TIMEOUT] BETA en retard, ouverture forcée de la barrière au cycle 61
[ALPHA_X13_BURST13] mode=OFF radar_adj=0 mom= conf=0
[BETA_X5] [1;36m04:34:56[0m [1;33mx3[0m [1;36m#162[0m SKIP tension=[1;36m0.00002183[0m [0m| momentum_too_small [1;31mconf=0.0[0m
[BETA_X5] mode=OFF radar_adj=0 mom= conf=0
[ALPHA_X13_BURST13] [1;36m04:35:01[0m [1;32mx13[0m [1;36m#61[0m SKIP tension=[1;36m0.00088737[0m [0m| momentum_too_small [1;31mconf=0.001[0m
[BETA_X5] [1;36m04:35:04[0m [1;33mx3[0m [1;36m#163[0m SKIP tension=[1;36m0.00205080[0m [0m| momentum_too_small [1;31mconf=0.0024[0m
[BETA_X5] mode=OFF radar_adj=0 mom= conf=0
[BETA_X5] [1;36m04:35:12[0m [1;33mx3[0m [1;36m#164[0m SKIP tension=[1;36m0.00142225[0m [0m| momentum_too_small [1;31mconf=0.0016[0m
[BETA_X5] mode=OFF radar_adj=0 mom= conf=0
[ALPHA_X13_BURST13] [BARRIER_TIMEOUT] BETA en retard, ouverture forcée de la barrière au cycle 62
[BETA_X5] [1;36m04:35:21[0m [1;33mx3[0m [1;36m#165[0m SKIP tension=[1;36m0.00002826[0m [0m| momentum_too_small [1;31mconf=0.0[0m
[ALPHA_X13_BURST13] mode=OFF radar_adj=0 mom= conf=0
[BETA_X5] mode=OFF radar_adj=0 mom= conf=0
[ALPHA_X13_BURST13] [1;36m04:35:26[0m [1;32mx13[0m [1;36m#62[0m SKIP tension=[1;36m0.00053998[0m [0m| momentum_too_small [1;31mconf=0.0006[0m
[BETA_X5] [1;36m04:35:29[0m [1;33mx3[0m [1;36m#166[0m SKIP tension=[1;36m0.00002571[0m [0m| momentum_too_small [1;31mconf=0.0[0m
[BETA_X5] mode=OFF radar_adj=0 mom= conf=0
[BETA_X5] [1;36m04:35:37[0m [1;33mx3[0m [1;36m#167[0m SKIP tension=[1;36m0.00016332[0m [0m| momentum_too_small [1;31mconf=0.0002[0m
[BETA_X5] mode=OFF radar_adj=0 mom= conf=0
[ALPHA_X13_BURST13] [BARRIER_TIMEOUT] BETA en retard, ouverture forcée de la barrière au cycle 63
[BETA_X5] [1;36m04:35:45[0m [1;33mx3[0m [1;36m#168[0m SKIP tension=[1;36m0.00005144[0m [0m| momentum_too_small [1;31mconf=0.0001[0m
[ALPHA_X13_BURST13] mode=OFF radar_adj=0 mom= conf=0
[BETA_X5] mode=OFF radar_adj=0 mom= conf=0
[ALPHA_X13_BURST13] [1;36m04:35:51[0m [1;32mx13[0m [1;36m#63[0m SKIP tension=[1;36m0.00142349[0m [0m| momentum_too_small [1;31mconf=0.0016[0m
[BETA_X5] [1;36m04:35:53[0m [1;33mx3[0m [1;36m#169[0m SKIP tension=[1;36m0.00283183[0m [0m| momentum_too_small [1;31mconf=0.0033[0m
[BETA_X5] mode=OFF radar_adj=0 mom= conf=0
[BETA_X5] [1;36m04:36:01[0m [1;33mx3[0m [1;36m#170[0m SKIP tension=[1;36m0.00004631[0m [0m| momentum_too_small [1;31mconf=0.0001[0m
[BETA_X5] mode=OFF radar_adj=0 mom= conf=0
[ALPHA_X13_BURST13] [BARRIER_TIMEOUT] BETA en retard, ouverture forcée de la barrière au cycle 64
[ALPHA_X13_BURST13] mode=OFF radar_adj=0 mom= conf=0
[ALPHA_X13_BURST13] [1;36m04:36:17[0m [1;32mx13[0m [1;36m#64[0m SKIP tension=[1;32m1.38135806[0m [0m| duo no_trigger
[BETA_X5] [1;36mCycle 171[0m [1;32mSOFT anomaly[0m [1;33m| pnl_abs=0.14570000 > 0.02500000[0m
[BETA_X5] [1;36mentry=04:36:13@62622.20000000[0m [1;33mx3[0m [1;36m#171[0m [1;32mSELL[0m tension=[1;32m1.01640270[0m hold=[1;36m6[0ms sec=[1;36m6[0m [0m| exit=62591.20000000 [1;33mconf=0.6906[0m [1;36mexit_time=04:36:19[0m [1;32mpnl=0.14570000 bps=4.95032113 pct=0.04950321% total=1.72341[0m
[BETA_X5] mode=OFF radar_adj=0 mom= conf=0
[BETA_X5] [1;36m04:36:29[0m [1;33mx3[0m [1;36m#172[0m SKIP tension=[1;36m0.00139842[0m [0m| momentum_too_small [1;31mconf=0.0015[0m
[BETA_X5] mode=OFF radar_adj=0 mom= conf=0
[ALPHA_X13_BURST13] [BARRIER_TIMEOUT] BETA en retard, ouverture forcée de la barrière au cycle 65
[ALPHA_X13_BURST13] mode=OFF radar_adj=0 mom= conf=0
[ALPHA_X13_BURST13] [1;36m04:36:42[0m [1;32mx13[0m [1;36m#65[0m SKIP tension=[1;36m0.00047100[0m [0m| momentum_too_small [1;31mconf=0.0004[0m
[BETA_X5] [1;36mCycle 173[0m [1;32mSOFT anomaly[0m [1;33m| pnl_abs=0.07097000 > 0.02500000[0m
[BETA_X5] [1;36mentry=04:36:42@62625.20000000[0m [1;33mx3[0m [1;36m#173[0m [1;31mSELL[0m tension=[1;31m2.47708656[0m hold=[1;36m6[0ms sec=[1;36m6[0m [0m| exit=62640.30000000 [1;32mconf=0.8653[0m [1;36mexit_time=04:36:48[0m [1;31mpnl=-0.07097000 bps=-2.41116994 pct=-0.02411170% total=1.6524400000000001[0m
[BETA_X5] mode=OFF radar_adj=0 mom= conf=0
[BETA_X5] [1;36m04:36:58[0m [1;33mx3[0m [1;36m#174[0m SKIP tension=[1;36m0.00054860[0m [0m| momentum_too_small [1;31mconf=0.0005[0m
[ALPHA_X13_BURST13] [BARRIER_TIMEOUT] BETA en retard, ouverture forcée de la barrière au cycle 66
[BETA_X5] mode=OFF radar_adj=0 mom= conf=0
[ALPHA_X13_BURST13] mode=OFF radar_adj=0 mom= conf=0
[BETA_X5] [1;36m04:37:06[0m [1;33mx3[0m [1;36m#175[0m SKIP tension=[1;36m0.00025889[0m [0m| spread_too_wide [1;31mconf=0.0002[0m
[ALPHA_X13_BURST13] [1;36m04:37:07[0m [1;32mx13[0m [1;36m#66[0m SKIP tension=[1;36m0.00011129[0m [0m| spread_too_wide [1;31mconf=0.0001[0m
[BETA_X5] mode=OFF radar_adj=0 mom= conf=0
[BETA_X5] [1;36m04:37:14[0m [1;33mx3[0m [1;36m#176[0m SKIP tension=[1;31m10.22043841[0m [0m| spread_too_wide [1;33mconf=0.5[0m
[BETA_X5] mode=OFF radar_adj=0 mom= conf=0
[BETA_X5] [1;36m04:37:22[0m [1;33mx3[0m [1;36m#177[0m SKIP tension=[1;36m0.60663905[0m [0m| wall_not_collapsed
[BETA_X5] mode=OFF radar_adj=0 mom= conf=0
[ALPHA_X13_BURST13] [BARRIER_TIMEOUT] BETA en retard, ouverture forcée de la barrière au cycle 67
[ALPHA_X13_BURST13] mode=OFF radar_adj=0 mom= conf=0
[BETA_X5] [1;36m04:37:30[0m [1;33mx3[0m [1;36m#178[0m SKIP tension=[1;33m0.96735896[0m [0m| spread_too_wide [1;33mconf=0.5[0m
[ALPHA_X13_BURST13] [1;36m04:37:32[0m [1;32mx13[0m [1;36m#67[0m SKIP tension=[1;36m0.34401650[0m [0m| spread_too_wide [1;31mconf=0.2867[0m
[BETA_X5] mode=OFF radar_adj=0 mom= conf=0
[BETA_X5] [1;36m04:37:38[0m [1;33mx3[0m [1;36m#179[0m SKIP tension=[1;36m0.74081457[0m [0m| spread_too_wide [1;33mconf=0.5[0m
[BETA_X5] mode=OFF radar_adj=0 mom= conf=0
[BETA_X5] [1;36m04:37:47[0m [1;33mx3[0m [1;36m#180[0m SKIP tension=[1;36m0.84198039[0m [0m| spread_too_wide [1;33mconf=0.5[0m
[BETA_X5] mode=OFF radar_adj=0 mom= conf=0
[ALPHA_X13_BURST13] [BARRIER_TIMEOUT] BETA en retard, ouverture forcée de la barrière au cycle 68
[ALPHA_X13_BURST13] mode=OFF radar_adj=0 mom= conf=0
[BETA_X5] [1;36m04:37:55[0m [1;33mx3[0m [1;36m#181[0m SKIP tension=[1;36m0.00008225[0m [0m| spread_too_wide [1;31mconf=0.0001[0m
[BETA_X5] mode=OFF radar_adj=0 mom= conf=0
[ALPHA_X13_BURST13] [1;36m04:37:58[0m [1;32mx13[0m [1;36m#68[0m SKIP tension=[1;32m1.92873740[0m [0m| spread_too_wide [1;33mconf=0.5[0m
[BETA_X5] [1;36m04:38:03[0m [1;33mx3[0m [1;36m#182[0m SKIP tension=[1;36m0.55858154[0m [0m| spread_too_wide [1;31mconf=0.4655[0m
[BETA_X5] mode=OFF radar_adj=0 mom= conf=0
[BETA_X5] [1;36m04:38:11[0m [1;33mx3[0m [1;36m#183[0m SKIP tension=[1;36m0.00000000[0m [0m| momentum_too_small [1;31mconf=0.189[0m
[BETA_X5] mode=OFF radar_adj=0 mom= conf=0
[ALPHA_X13_BURST13] [BARRIER_TIMEOUT] BETA en retard, ouverture forcée de la barrière au cycle 69
[ALPHA_X13_BURST13] mode=OFF radar_adj=0 mom= conf=0
[BETA_X5] [1;36m04:38:19[0m [1;33mx3[0m [1;36m#184[0m SKIP tension=[1;36m0.62816584[0m [0m| wall_not_collapsed
[BETA_X5] mode=OFF radar_adj=0 mom= conf=0
[ALPHA_X13_BURST13] [1;36m04:38:22[0m [1;32mx13[0m [1;36m#69[0m SKIP tension=[1;36m0.00001732[0m [0m| momentum_too_small [1;31mconf=0.0[0m
[BETA_X5] [1;36m04:38:29[0m [1;33mx3[0m [1;36m#185[0m SKIP tension=[1;36m0.00006887[0m [0m| momentum_too_small [1;31mconf=0.0001[0m
[BETA_X5] mode=OFF radar_adj=0 mom= conf=0
[BETA_X5] [1;36m04:38:37[0m [1;33mx3[0m [1;36m#186[0m SKIP tension=[1;36m0.00002063[0m [0m| momentum_too_small [1;31mconf=0.0[0m
[BETA_X5] mode=OFF radar_adj=0 mom= conf=0
[ALPHA_X13_BURST13] [BARRIER_TIMEOUT] BETA en retard, ouverture forcée de la barrière au cycle 70
[ALPHA_X13_BURST13] mode=OFF radar_adj=0 mom= conf=0
[BETA_X5] [1;36m04:38:45[0m [1;33mx3[0m [1;36m#187[0m SKIP tension=[1;36m0.00001280[0m [0m| momentum_too_small [1;31mconf=0.0[0m
[BETA_X5] mode=OFF radar_adj=0 mom= conf=0
[ALPHA_X13_BURST13] [1;36m04:38:48[0m [1;32mx13[0m [1;36m#70[0m SKIP tension=[1;36m0.00003599[0m [0m| momentum_too_small [1;31mconf=0.0001[0m
[BETA_X5] [1;36m04:38:53[0m [1;33mx3[0m [1;36m#188[0m SKIP tension=[1;36m0.00013318[0m [0m| momentum_too_small [1;31mconf=0.0002[0m
[BETA_X5] mode=OFF radar_adj=0 mom= conf=0
[BETA_X5] [1;36m04:39:01[0m [1;33mx3[0m [1;36m#189[0m SKIP tension=[1;36m0.00004125[0m [0m| momentum_too_small [1;31mconf=0.0001[0m
[BETA_X5] mode=OFF radar_adj=0 mom= conf=0
[ALPHA_X13_BURST13] [BARRIER_TIMEOUT] BETA en retard, ouverture forcée de la barrière au cycle 71
[ALPHA_X13_BURST13] mode=OFF radar_adj=0 mom= conf=0
[BETA_X5] [1;36m04:39:09[0m [1;33mx3[0m [1;36m#190[0m SKIP tension=[1;36m0.00003556[0m [0m| momentum_too_small [1;31mconf=0.0001[0m
[BETA_X5] mode=OFF radar_adj=0 mom= conf=0
[ALPHA_X13_BURST13] [1;36m04:39:14[0m [1;32mx13[0m [1;36m#71[0m SKIP tension=[1;36m0.08430408[0m [0m| direction_unclear [1;31mconf=0.0938[0m
[BETA_X5] [1;36m04:39:17[0m [1;33mx3[0m [1;36m#191[0m SKIP tension=[1;36m0.00004339[0m [0m| momentum_too_small [1;31mconf=0.0001[0m
[BETA_X5] mode=OFF radar_adj=0 mom= conf=0
[BETA_X5] [1;36m04:39:26[0m [1;33mx3[0m [1;36m#192[0m SKIP tension=[1;36m0.00000000[0m [0m| momentum_too_small [1;31mconf=0.217[0m
[BETA_X5] mode=OFF radar_adj=0 mom= conf=0
[ALPHA_X13_BURST13] [BARRIER_TIMEOUT] BETA en retard, ouverture forcée de la barrière au cycle 72
[BETA_X5] [1;36m04:39:34[0m [1;33mx3[0m [1;36m#193[0m SKIP tension=[1;36m0.61414340[0m [0m| spread_too_wide [1;33mconf=0.5[0m
[ALPHA_X13_BURST13] mode=OFF radar_adj=0 mom= conf=0
[BETA_X5] mode=OFF radar_adj=0 mom= conf=0
[BETA_X5] [1;36m04:39:42[0m [1;33mx3[0m [1;36m#194[0m SKIP tension=[1;36m0.63707252[0m [0m| spread_too_wide [1;33mconf=0.5[0m
[BETA_X5] mode=OFF radar_adj=0 mom= conf=0
[BETA_X5] [1;36m04:39:50[0m [1;33mx3[0m [1;36m#195[0m SKIP tension=[1;36m0.00004572[0m [0m| spread_too_wide [1;31mconf=0.0[0m
[ALPHA_X13_BURST13] [1;36mCycle 72[0m [1;32mSOFT anomaly[0m [1;33m| pnl_abs=0.09960000 > 0.02500000[0m
[ALPHA_X13_BURST13] [1;36mentry=04:39:44@62645.90000000[0m [1;32mx13[0m [1;36m#72[0m [1;32mBUY[0m tension=[1;31m9.26332436[0m hold=[1;36m5[0ms sec=[1;36m5[0m [0m| exit=62646.70000000 [1;33mconf=0.5042[0m [1;36mexit_time=04:39:50[0m [1;32mpnl=0.09960000 bps=0.12770189 pct=0.00127702% total=1.75204[0m
[BETA_X5] mode=OFF radar_adj=0 mom= conf=0
[BETA_X5] [1;36m04:39:58[0m [1;33mx3[0m [1;36m#196[0m SKIP tension=[1;36m0.00000000[0m [0m| momentum_too_small [1;31mconf=0.2019[0m
[BETA_X5] mode=OFF radar_adj=0 mom= conf=0
[BETA_X5] [1;36m04:40:05[0m [1;33mx3[0m [1;36m#197[0m SKIP tension=[1;36m0.80373993[0m [0m| spread_too_wide [1;33mconf=0.5[0m
[BETA_X5] mode=OFF radar_adj=0 mom= conf=0
[ALPHA_X13_BURST13] [BARRIER_TIMEOUT] BETA en retard, ouverture forcée de la barrière au cycle 73
[ALPHA_X13_BURST13] mode=OFF radar_adj=0 mom= conf=0
[BETA_X5] [1;36m04:40:14[0m [1;33mx3[0m [1;36m#198[0m SKIP tension=[1;36m0.00001333[0m [0m| spread_too_wide [1;31mconf=0.0[0m
[BETA_X5] mode=OFF radar_adj=0 mom= conf=0
[ALPHA_X13_BURST13] [1;36m04:40:17[0m [1;32mx13[0m [1;36m#73[0m SKIP tension=[1;36m0.00001999[0m [0m| spread_too_wide [1;31mconf=0.0[0m
[BETA_X5] [1;36m04:40:22[0m [1;33mx3[0m [1;36m#199[0m SKIP tension=[1;36m0.02021850[0m [0m| spread_too_wide [1;31mconf=0.0168[0m
[BETA_X5] mode=OFF radar_adj=0 mom= conf=0
[BETA_X5] [1;36m04:40:30[0m [1;33mx3[0m [1;36m#200[0m SKIP tension=[1;36m0.00004890[0m [0m| momentum_too_small [1;31mconf=0.0[0m
[BETA_X5] mode=OFF radar_adj=0 mom= conf=0
[ALPHA_X13_BURST13] [BARRIER_TIMEOUT] BETA en retard, ouverture forcée de la barrière au cycle 74
[ALPHA_X13_BURST13] mode=OFF radar_adj=0 mom= conf=0
[BETA_X5] [1;36m04:40:38[0m [1;33mx3[0m [1;36m#201[0m SKIP tension=[1;36m0.09266587[0m [0m| spread_too_wide [1;31mconf=0.0772[0m
[BETA_X5] mode=OFF radar_adj=0 mom= conf=0
[ALPHA_X13_BURST13] [1;36m04:40:42[0m [1;32mx13[0m [1;36m#74[0m SKIP tension=[1;36m0.00016894[0m [0m| spread_too_wide [1;31mconf=0.0001[0m
[BETA_X5] [1;36m04:40:46[0m [1;33mx3[0m [1;36m#202[0m SKIP tension=[1;36m0.00330216[0m [0m| spread_too_wide [1;31mconf=0.0028[0m
[BETA_X5] mode=OFF radar_adj=0 mom= conf=0
[BETA_X5] [1;36m04:40:55[0m [1;33mx3[0m [1;36m#203[0m SKIP tension=[1;36m0.00000000[0m [0m| spread_too_wide [1;31mconf=0.0[0m
[BETA_X5] mode=OFF radar_adj=0 mom= conf=0
[ALPHA_X13_BURST13] [BARRIER_TIMEOUT] BETA en retard, ouverture forcée de la barrière au cycle 75
[BETA_X5] [1;36m04:41:03[0m [1;33mx3[0m [1;36m#204[0m SKIP tension=[1;36m0.00002447[0m [0m| spread_too_wide [1;31mconf=0.0[0m
[ALPHA_X13_BURST13] mode=OFF radar_adj=0 mom= conf=0
[BETA_X5] mode=OFF radar_adj=0 mom= conf=0
[ALPHA_X13_BURST13] [1;36m04:41:08[0m [1;32mx13[0m [1;36m#75[0m SKIP tension=[1;36m0.00004337[0m [0m| spread_too_wide [1;31mconf=0.0[0m
[BETA_X5] [1;36m04:41:11[0m [1;33mx3[0m [1;36m#205[0m SKIP tension=[1;36m0.00019795[0m [0m| spread_too_wide [1;31mconf=0.0002[0m
[BETA_X5] mode=OFF radar_adj=0 mom= conf=0
[BETA_X5] [1;36m04:41:19[0m [1;33mx3[0m [1;36m#206[0m SKIP tension=[1;36m0.00000000[0m [0m| spread_too_wide [1;31mconf=0.0[0m
[BETA_X5] mode=OFF radar_adj=0 mom= conf=0
[ALPHA_X13_BURST13] [BARRIER_TIMEOUT] BETA en retard, ouverture forcée de la barrière au cycle 76
[BETA_X5] [1;36m04:41:27[0m [1;33mx3[0m [1;36m#207[0m SKIP tension=[1;36m0.00004226[0m [0m| spread_too_wide [1;31mconf=0.0[0m
[ALPHA_X13_BURST13] mode=OFF radar_adj=0 mom= conf=0
[BETA_X5] mode=OFF radar_adj=0 mom= conf=0
[ALPHA_X13_BURST13] [1;36m04:41:34[0m [1;32mx13[0m [1;36m#76[0m SKIP tension=[1;36m0.00004782[0m [0m| spread_too_wide [1;31mconf=0.0[0m
[BETA_X5] [1;36m04:41:35[0m [1;33mx3[0m [1;36m#208[0m SKIP tension=[1;36m0.00001668[0m [0m| spread_too_wide [1;31mconf=0.0[0m
[BETA_X5] mode=OFF radar_adj=0 mom= conf=0
[BETA_X5] [1;36m04:41:44[0m [1;33mx3[0m [1;36m#209[0m SKIP tension=[1;36m0.00004671[0m [0m| spread_too_wide [1;31mconf=0.0[0m
[BETA_X5] mode=OFF radar_adj=0 mom= conf=0
[ALPHA_X13_BURST13] [BARRIER_TIMEOUT] BETA en retard, ouverture forcée de la barrière au cycle 77
[BETA_X5] [1;36m04:41:52[0m [1;33mx3[0m [1;36m#210[0m SKIP tension=[1;36m0.00004004[0m [0m| spread_too_wide [1;31mconf=0.0[0m
[ALPHA_X13_BURST13] mode=OFF radar_adj=0 mom= conf=0
[BETA_X5] mode=OFF radar_adj=0 mom= conf=0
[ALPHA_X13_BURST13] [1;36m04:41:59[0m [1;32mx13[0m [1;36m#77[0m SKIP tension=[1;36m0.04645670[0m [0m| spread_too_wide [1;31mconf=0.0387[0m
[BETA_X5] [1;36m04:42:01[0m [1;33mx3[0m [1;36m#211[0m SKIP tension=[1;36m0.00002336[0m [0m| spread_too_wide [1;31mconf=0.0[0m
[BETA_X5] mode=OFF radar_adj=0 mom= conf=0
[BETA_X5] [1;36m04:42:09[0m [1;33mx3[0m [1;36m#212[0m SKIP tension=[1;36m0.00001780[0m [0m| spread_too_wide [1;31mconf=0.0[0m
[BETA_X5] mode=OFF radar_adj=0 mom= conf=0
[ALPHA_X13_BURST13] [BARRIER_TIMEOUT] BETA en retard, ouverture forcée de la barrière au cycle 78
[BETA_X5] [1;36m04:42:17[0m [1;33mx3[0m [1;36m#213[0m SKIP tension=[1;36m0.00017462[0m [0m| spread_too_wide [1;31mconf=0.0001[0m
[ALPHA_X13_BURST13] mode=OFF radar_adj=0 mom= conf=0
[BETA_X5] mode=OFF radar_adj=0 mom= conf=0
[ALPHA_X13_BURST13] [1;36m04:42:24[0m [1;32mx13[0m [1;36m#78[0m SKIP tension=[1;36m0.00001162[0m [0m| spread_too_wide [1;31mconf=0.0[0m
[BETA_X5] [1;36m04:42:25[0m [1;33mx3[0m [1;36m#214[0m SKIP tension=[1;36m0.00000000[0m [0m| spread_too_wide [1;31mconf=0.0[0m
[BETA_X5] mode=OFF radar_adj=0 mom= conf=0
[BETA_X5] [1;36m04:42:33[0m [1;33mx3[0m [1;36m#215[0m SKIP tension=[1;36m0.00444982[0m [0m| spread_too_wide [1;31mconf=0.0037[0m
[BETA_X5] mode=OFF radar_adj=0 mom= conf=0
[BETA_X5] [1;36m04:42:41[0m [1;33mx3[0m [1;36m#216[0m SKIP tension=[1;36m0.00001046[0m [0m| spread_too_wide [1;31mconf=0.0[0m
[ALPHA_X13_BURST13] [BARRIER_TIMEOUT] BETA en retard, ouverture forcée de la barrière au cycle 79
[BETA_X5] mode=OFF radar_adj=0 mom= conf=0
[ALPHA_X13_BURST13] mode=OFF radar_adj=0 mom= conf=0
[BETA_X5] [1;36m04:42:49[0m [1;33mx3[0m [1;36m#217[0m SKIP tension=[1;36m0.00000000[0m [0m| spread_too_wide [1;31mconf=0.0[0m
[ALPHA_X13_BURST13] [1;36m04:42:49[0m [1;32mx13[0m [1;36m#79[0m SKIP tension=[1;36m0.00001226[0m [0m| spread_too_wide [1;31mconf=0.0[0m
[BETA_X5] mode=OFF radar_adj=0 mom= conf=0
[BETA_X5] [1;36m04:42:57[0m [1;33mx3[0m [1;36m#218[0m SKIP tension=[1;36m0.00005796[0m [0m| spread_too_wide [1;31mconf=0.0[0m
[BETA_X5] mode=OFF radar_adj=0 mom= conf=0
[ALPHA_X13_BURST13] [BARRIER_TIMEOUT] BETA en retard, ouverture forcée de la barrière au cycle 80
[ALPHA_X13_BURST13] mode=OFF radar_adj=0 mom= conf=0
[BETA_X5] [1;36mCycle 219[0m [1;32mSOFT anomaly[0m [1;33m| pnl_abs=0.12064000 > 0.02500000[0m
[BETA_X5] [1;36mentry=04:43:08@62646.70000000[0m [1;33mx3[0m [1;36m#219[0m [1;31mSELL[0m tension=[1;31m14.20089985[0m hold=[1;36m6[0ms sec=[1;36m6[0m [0m| exit=62684.40000000 [1;32mconf=0.9731[0m [1;36mexit_time=04:43:14[0m [1;31mpnl=-0.12064000 bps=-6.01787484 pct=-0.06017875% total=1.6314000000000002[0m
[BETA_X5] mode=OFF radar_adj=0 mom= conf=0
[ALPHA_X13_BURST13] [1;36mCycle 80[0m [1;32mSOFT anomaly[0m [1;33m| pnl_abs=0.52248000 > 0.02500000[0m
[ALPHA_X13_BURST13] [1;36mentry=04:43:21@62684.40000000[0m [1;32mx13[0m [1;36m#80[0m [1;32mBUY[0m tension=[1;31m3.79522030[0m hold=[1;36m6[0ms sec=[1;36m6[0m [0m| exit=62688.60000000 [1;32mconf=0.996[0m [1;36mexit_time=04:43:28[0m [1;32mpnl=0.52248000 bps=0.67002316 pct=0.00670023% total=2.15388[0m
[BETA_X5] [1;36mentry=04:43:28@62688.50000000[0m [1;33mx3[0m [1;36m#220[0m [1;33mSELL[0m tension=[1;32m1.06782797[0m hold=[1;36m6[0ms sec=[1;36m6[0m [0m| exit=62688.50000000 [1;32mconf=0.995[0m [1;36mexit_time=04:43:34[0m [1;33mpnl=-0.00000000 bps=-0.00000000 pct=-0.00000000% total=2.15388[0m
[BETA_X5] mode=OFF radar_adj=0 mom= conf=0
[BETA_X5] [1;36m04:43:44[0m [1;33mx3[0m [1;36m#221[0m SKIP tension=[1;36m0.00001452[0m [0m| momentum_too_small [1;31mconf=0.0[0m
[BETA_X5] mode=OFF radar_adj=0 mom= conf=0
[ALPHA_X13_BURST13] [BARRIER_TIMEOUT] BETA en retard, ouverture forcée de la barrière au cycle 81
[ALPHA_X13_BURST13] mode=OFF radar_adj=0 mom= conf=0
[BETA_X5] [1;36m04:43:52[0m [1;33mx3[0m [1;36m#222[0m SKIP tension=[1;36m0.00000000[0m [0m| momentum_too_small [1;31mconf=0.3486[0m
[ALPHA_X13_BURST13] [1;36m04:43:54[0m [1;32mx13[0m [1;36m#81[0m SKIP tension=[1;36m0.00000000[0m [0m| momentum_too_small [1;31mconf=0.3409[0m
[BETA_X5] mode=OFF radar_adj=0 mom= conf=0
[BETA_X5] [1;36m04:44:00[0m [1;33mx3[0m [1;36m#223[0m SKIP tension=[1;36m0.00180921[0m [0m| momentum_too_small [1;31mconf=0.0029[0m
[BETA_X5] mode=OFF radar_adj=0 mom= conf=0
[BETA_X5] [1;36m04:44:08[0m [1;33mx3[0m [1;36m#224[0m SKIP tension=[1;36m0.00300010[0m [0m| momentum_too_small [1;31mconf=0.005[0m
[BETA_X5] mode=OFF radar_adj=0 mom= conf=0
[ALPHA_X13_BURST13] [BARRIER_TIMEOUT] BETA en retard, ouverture forcée de la barrière au cycle 82
[ALPHA_X13_BURST13] mode=OFF radar_adj=0 mom= conf=0
[BETA_X5] [1;36m04:44:16[0m [1;33mx3[0m [1;36m#225[0m SKIP tension=[1;36m0.00018504[0m [0m| momentum_too_small [1;31mconf=0.0003[0m
[BETA_X5] mode=OFF radar_adj=0 mom= conf=0
[ALPHA_X13_BURST13] [1;36m04:44:20[0m [1;32mx13[0m [1;36m#82[0m SKIP tension=[1;31m3.09909994[0m [0m| duo no_trigger
[BETA_X5] [1;36m04:44:25[0m [1;33mx3[0m [1;36m#226[0m SKIP tension=[1;36m0.00000000[0m [0m| momentum_too_small [1;31mconf=0.3496[0m
[BETA_X5] mode=OFF radar_adj=0 mom= conf=0
[BETA_X5] [1;36m04:44:33[0m [1;33mx3[0m [1;36m#227[0m SKIP tension=[1;36m0.00001749[0m [0m| momentum_too_small [1;31mconf=0.0[0m
[BETA_X5] mode=OFF radar_adj=0 mom= conf=0
[ALPHA_X13_BURST13] [BARRIER_TIMEOUT] BETA en retard, ouverture forcée de la barrière au cycle 83
[ALPHA_X13_BURST13] mode=OFF radar_adj=0 mom= conf=0
[BETA_X5] [1;36m04:44:41[0m [1;33mx3[0m [1;36m#228[0m SKIP tension=[1;36m0.01904363[0m [0m| direction_unclear [1;31mconf=0.0317[0m
[BETA_X5] mode=OFF radar_adj=0 mom= conf=0
[ALPHA_X13_BURST13] [1;36m04:44:45[0m [1;32mx13[0m [1;36m#83[0m SKIP tension=[1;36m0.00000000[0m [0m| momentum_too_small [1;31mconf=0.3496[0m
[BETA_X5] [1;36m04:44:49[0m [1;33mx3[0m [1;36m#229[0m SKIP tension=[1;36m0.00140839[0m [0m| momentum_too_small [1;31mconf=0.0023[0m
[BETA_X5] mode=OFF radar_adj=0 mom= conf=0
[BETA_X5] [1;36m04:44:57[0m [1;33mx3[0m [1;36m#230[0m SKIP tension=[1;33m0.88437696[0m [0m| wall_not_collapsed
[BETA_X5] mode=OFF radar_adj=0 mom= conf=0
[ALPHA_X13_BURST13] [BARRIER_TIMEOUT] BETA en retard, ouverture forcée de la barrière au cycle 84
[ALPHA_X13_BURST13] mode=OFF radar_adj=0 mom= conf=0
[BETA_X5] [1;36m04:45:05[0m [1;33mx3[0m [1;36m#231[0m SKIP tension=[1;36m0.00020137[0m [0m| momentum_too_small [1;31mconf=0.0003[0m
[BETA_X5] mode=OFF radar_adj=0 mom= conf=0
[ALPHA_X13_BURST13] [1;36m04:45:09[0m [1;32mx13[0m [1;36m#84[0m SKIP tension=[1;36m0.00000000[0m [0m| momentum_too_small [1;31mconf=0.3483[0m
[BETA_X5] [1;36m04:45:12[0m [1;33mx3[0m [1;36m#232[0m SKIP tension=[1;36m0.47710546[0m [0m| wall_not_collapsed
[BETA_X5] mode=OFF radar_adj=0 mom= conf=0
[BETA_X5] [1;36m04:45:20[0m [1;33mx3[0m [1;36m#233[0m SKIP tension=[1;36m0.00000000[0m [0m| momentum_too_small [1;31mconf=0.3437[0m
[BETA_X5] mode=OFF radar_adj=0 mom= conf=0
[ALPHA_X13_BURST13] [BARRIER_TIMEOUT] BETA en retard, ouverture forcée de la barrière au cycle 85
[BETA_X5] [1;36m04:45:28[0m [1;33mx3[0m [1;36m#234[0m SKIP tension=[1;36m0.58250812[0m [0m| wall_not_collapsed
[ALPHA_X13_BURST13] mode=OFF radar_adj=0 mom= conf=0
[BETA_X5] mode=OFF radar_adj=0 mom= conf=0
[ALPHA_X13_BURST13] [1;36m04:45:34[0m [1;32mx13[0m [1;36m#85[0m SKIP tension=[1;36m0.00000000[0m [0m| momentum_too_small [1;31mconf=0.3413[0m
[BETA_X5] [1;36m04:45:35[0m [1;33mx3[0m [1;36m#235[0m SKIP tension=[1;36m0.00000000[0m [0m| momentum_too_small [1;31mconf=0.3413[0m
[BETA_X5] mode=OFF radar_adj=0 mom= conf=0
[BETA_X5] [1;36m04:45:43[0m [1;33mx3[0m [1;36m#236[0m SKIP tension=[1;36m0.00012537[0m [0m| momentum_too_small [1;31mconf=0.0002[0m
[BETA_X5] mode=OFF radar_adj=0 mom= conf=0
[ALPHA_X13_BURST13] [BARRIER_TIMEOUT] BETA en retard, ouverture forcée de la barrière au cycle 86
[BETA_X5] [1;36m04:45:52[0m [1;33mx3[0m [1;36m#237[0m SKIP tension=[1;36m0.00006852[0m [0m| momentum_too_small [1;31mconf=0.0001[0m
[ALPHA_X13_BURST13] mode=OFF radar_adj=0 mom= conf=0
[BETA_X5] mode=OFF radar_adj=0 mom= conf=0
[ALPHA_X13_BURST13] [1;36m04:45:58[0m [1;32mx13[0m [1;36m#86[0m SKIP tension=[1;36m0.00000000[0m [0m| momentum_too_small [1;31mconf=0.3462[0m
[BETA_X5] [1;36m04:45:59[0m [1;33mx3[0m [1;36m#238[0m SKIP tension=[1;36m0.00001335[0m [0m| momentum_too_small [1;31mconf=0.0[0m
[BETA_X5] mode=OFF radar_adj=0 mom= conf=0
[BETA_X5] [1;36m04:46:07[0m [1;33mx3[0m [1;36m#239[0m SKIP tension=[1;36m0.02144171[0m [0m| direction_unclear [1;31mconf=0.0352[0m
[BETA_X5] mode=OFF radar_adj=0 mom= conf=0
[BETA_X5] [1;36m04:46:15[0m [1;33mx3[0m [1;36m#240[0m SKIP tension=[1;36m0.00000000[0m [0m| momentum_too_small [1;31mconf=0.3378[0m
[ALPHA_X13_BURST13] [BARRIER_TIMEOUT] BETA en retard, ouverture forcée de la barrière au cycle 87
[BETA_X5] mode=OFF radar_adj=0 mom= conf=0
[ALPHA_X13_BURST13] mode=OFF radar_adj=0 mom= conf=0
[BETA_X5] [1;36m04:46:22[0m [1;33mx3[0m [1;36m#241[0m SKIP tension=[1;36m0.12291365[0m [0m| direction_unclear [1;31mconf=0.1961[0m
[ALPHA_X13_BURST13] [1;36m04:46:23[0m [1;32mx13[0m [1;36m#87[0m SKIP tension=[1;36m0.03708148[0m [0m| direction_unclear [1;31mconf=0.0592[0m
[BETA_X5] mode=OFF radar_adj=0 mom= conf=0
[BETA_X5] [1;36m04:46:30[0m [1;33mx3[0m [1;36m#242[0m SKIP tension=[1;36m0.00000000[0m [0m| momentum_too_small [1;31mconf=0.3291[0m
[BETA_X5] mode=OFF radar_adj=0 mom= conf=0
[BETA_X5] [1;36m04:46:38[0m [1;33mx3[0m [1;36m#243[0m SKIP tension=[1;36m0.00001706[0m [0m| momentum_too_small [1;31mconf=0.0[0m
[BETA_X5] mode=OFF radar_adj=0 mom= conf=0
[ALPHA_X13_BURST13] [BARRIER_TIMEOUT] BETA en retard, ouverture forcée de la barrière au cycle 88
[ALPHA_X13_BURST13] mode=OFF radar_adj=0 mom= conf=0
[BETA_X5] [1;36m04:46:47[0m [1;33mx3[0m [1;36m#244[0m SKIP tension=[1;36m0.00001073[0m [0m| momentum_too_small [1;31mconf=0.0[0m
[ALPHA_X13_BURST13] [1;36m04:46:49[0m [1;32mx13[0m [1;36m#88[0m SKIP tension=[1;36m0.00000000[0m [0m| momentum_too_small [1;31mconf=0.3242[0m
[BETA_X5] mode=OFF radar_adj=0 mom= conf=0
[BETA_X5] [1;36m04:46:55[0m [1;33mx3[0m [1;36m#245[0m SKIP tension=[1;36m0.07473375[0m [0m| direction_unclear [1;31mconf=0.1154[0m
[BETA_X5] mode=OFF radar_adj=0 mom= conf=0
[ALPHA_X13_BURST13] [BARRIER_TIMEOUT] BETA en retard, ouverture forcée de la barrière au cycle 89
[ALPHA_X13_BURST13] mode=OFF radar_adj=0 mom= conf=0
[ALPHA_X13_BURST13] [1;36m04:47:13[0m [1;32mx13[0m [1;36m#89[0m SKIP tension=[1;36m0.00000920[0m [0m| momentum_too_small [1;31mconf=0.0[0m
[BETA_X5] [1;36mentry=04:47:07@62678.90000000[0m [1;33mx3[0m [1;36m#246[0m [1;32mSELL[0m tension=[1;32m1.06893604[0m hold=[1;36m6[0ms sec=[1;36m6[0m [0m| exit=62676.70000000 [1;32mconf=0.9202[0m [1;36mexit_time=04:47:13[0m [1;32mpnl=0.01034000 bps=0.35099531 pct=0.00350995% total=2.1642200000000003[0m
[BETA_X5] mode=OFF radar_adj=0 mom= conf=0
[BETA_X5] [1;36m04:47:22[0m [1;33mx3[0m [1;36m#247[0m SKIP tension=[1;36m0.00027692[0m [0m| momentum_too_small [1;31mconf=0.0004[0m
[BETA_X5] mode=OFF radar_adj=0 mom= conf=0
[BETA_X5] [1;36m04:47:31[0m [1;33mx3[0m [1;36m#248[0m SKIP tension=[1;36m0.00000000[0m [0m| momentum_too_small [1;31mconf=0.3158[0m
[ALPHA_X13_BURST13] [BARRIER_TIMEOUT] BETA en retard, ouverture forcée de la barrière au cycle 90
[ALPHA_X13_BURST13] mode=OFF radar_adj=0 mom= conf=0
[BETA_X5] mode=OFF radar_adj=0 mom= conf=0
[ALPHA_X13_BURST13] [1;36m04:47:39[0m [1;32mx13[0m [1;36m#90[0m SKIP tension=[1;32m1.64467579[0m [0m| duo no_trigger
[BETA_X5] [1;36mCycle 249[0m [1;32mSOFT anomaly[0m [1;33m| pnl_abs=0.06840000 > 0.02500000[0m
[BETA_X5] [1;36mentry=04:47:43@62685.60000000[0m [1;33mx3[0m [1;36m#249[0m [1;32mSELL[0m tension=[1;32m1.64469029[0m hold=[1;36m6[0ms sec=[1;36m6[0m [0m| exit=62676.60000000 [1;32mconf=0.8993[0m [1;36mexit_time=04:47:49[0m [1;32mpnl=0.06840000 bps=1.43573644 pct=0.01435736% total=2.2326200000000003[0m
[BETA_X5] mode=OFF radar_adj=0 mom= conf=0
[ALPHA_X13_BURST13] [BARRIER_TIMEOUT] BETA en retard, ouverture forcée de la barrière au cycle 91
[BETA_X5] [1;36m04:47:58[0m [1;33mx3[0m [1;36m#250[0m SKIP tension=[1;36m0.00000000[0m [0m| momentum_too_small [1;31mconf=0.3095[0m
[ALPHA_X13_BURST13] mode=OFF radar_adj=0 mom= conf=0
[BETA_X5] mode=OFF radar_adj=0 mom= conf=0
[ALPHA_X13_BURST13] [1;36m04:48:04[0m [1;32mx13[0m [1;36m#91[0m SKIP tension=[1;36m0.00000000[0m [0m| momentum_too_small [1;31mconf=0.3095[0m
[BETA_X5] [1;36mentry=04:48:12@62688.10000000[0m [1;33mx3[0m [1;36m#251[0m [1;31mSELL[0m tension=[1;32m1.12373402[0m hold=[1;36m7[0ms sec=[1;36m7[0m [0m| exit=62692.00000000 [1;32mconf=0.8844[0m [1;36mexit_time=04:48:19[0m [1;31mpnl=-0.01833000 bps=-0.62212764 pct=-0.00622128% total=2.21429[0m
[ALPHA_X13_BURST13] [BARRIER_TIMEOUT] BETA en retard, ouverture forcée de la barrière au cycle 92
[BETA_X5] mode=OFF radar_adj=0 mom= conf=0
[ALPHA_X13_BURST13] mode=OFF radar_adj=0 mom= conf=0
[BETA_X5] [1;36m04:48:28[0m [1;33mx3[0m [1;36m#252[0m SKIP tension=[1;36m0.00000460[0m [0m| momentum_too_small [1;31mconf=0.0[0m
[ALPHA_X13_BURST13] [1;36m04:48:30[0m [1;32mx13[0m [1;36m#92[0m SKIP tension=[1;36m0.00000000[0m [0m| momentum_too_small [1;31mconf=0.2959[0m
[BETA_X5] mode=OFF radar_adj=0 mom= conf=0
[ALPHA_X13_BURST13] [BARRIER_TIMEOUT] BETA en retard, ouverture forcée de la barrière au cycle 93
[BETA_X5] [1;36mentry=04:48:42@62692.10000000[0m [1;33mx3[0m [1;36m#253[0m [1;33mSELL[0m tension=[1;31m3.10804714[0m hold=[1;36m6[0ms sec=[1;36m6[0m [0m| exit=62692.10000000 [1;32mconf=0.8455[0m [1;36mexit_time=04:48:48[0m [1;33mpnl=-0.00000000 bps=-0.00000000 pct=-0.00000000% total=2.21429[0m
[ALPHA_X13_BURST13] mode=OFF radar_adj=0 mom= conf=0
[BETA_X5] mode=OFF radar_adj=0 mom= conf=0
[ALPHA_X13_BURST13] [1;36m04:48:55[0m [1;32mx13[0m [1;36m#93[0m SKIP tension=[1;36m0.00000000[0m [0m| momentum_too_small [1;31mconf=0.2959[0m
[BETA_X5] [1;36m04:48:58[0m [1;33mx3[0m [1;36m#254[0m SKIP tension=[1;36m0.00002367[0m [0m| momentum_too_small [1;31mconf=0.0[0m
[BETA_X5] mode=OFF radar_adj=0 mom= conf=0
[BETA_X5] [1;36m04:49:06[0m [1;33mx3[0m [1;36m#255[0m SKIP tension=[1;36m0.00000522[0m [0m| momentum_too_small [1;31mconf=0.0[0m
[BETA_X5] mode=OFF radar_adj=0 mom= conf=0
[ALPHA_X13_BURST13] [BARRIER_TIMEOUT] BETA en retard, ouverture forcée de la barrière au cycle 94
[BETA_X5] [1;36m04:49:14[0m [1;33mx3[0m [1;36m#256[0m SKIP tension=[1;36m0.00003089[0m [0m| momentum_too_small [1;31mconf=0.0[0m
[ALPHA_X13_BURST13] mode=OFF radar_adj=0 mom= conf=0
[BETA_X5] mode=OFF radar_adj=0 mom= conf=0
[ALPHA_X13_BURST13] [1;36m04:49:20[0m [1;32mx13[0m [1;36m#94[0m SKIP tension=[1;36m0.00000000[0m [0m| momentum_too_small [1;31mconf=0.2956[0m
[BETA_X5] [1;36m04:49:22[0m [1;33mx3[0m [1;36m#257[0m SKIP tension=[1;36m0.00000525[0m [0m| momentum_too_small [1;31mconf=0.0[0m
[BETA_X5] mode=OFF radar_adj=0 mom= conf=0
[BETA_X5] [1;36m04:49:30[0m [1;33mx3[0m [1;36m#258[0m SKIP tension=[1;36m0.00000000[0m [0m| momentum_too_small [1;31mconf=0.3364[0m
[BETA_X5] mode=OFF radar_adj=0 mom= conf=0
[ALPHA_X13_BURST13] [BARRIER_TIMEOUT] BETA en retard, ouverture forcée de la barrière au cycle 95
[BETA_X5] [1;36m04:49:38[0m [1;33mx3[0m [1;36m#259[0m SKIP tension=[1;36m0.00000554[0m [0m| momentum_too_small [1;31mconf=0.0[0m
[ALPHA_X13_BURST13] mode=OFF radar_adj=0 mom= conf=0
[BETA_X5] mode=OFF radar_adj=0 mom= conf=0
[ALPHA_X13_BURST13] [1;36m04:49:45[0m [1;32mx13[0m [1;36m#95[0m SKIP tension=[1;36m0.00002465[0m [0m| momentum_too_small [1;31mconf=0.0[0m
[BETA_X5] [1;36m04:49:46[0m [1;33mx3[0m [1;36m#260[0m SKIP tension=[1;36m0.00002722[0m [0m| momentum_too_small [1;31mconf=0.0[0m
[BETA_X5] mode=OFF radar_adj=0 mom= conf=0
[BETA_X5] [1;36m04:49:54[0m [1;33mx3[0m [1;36m#261[0m SKIP tension=[1;36m0.00000000[0m [0m| momentum_too_small [1;31mconf=0.297[0m
[BETA_X5] mode=OFF radar_adj=0 mom= conf=0
[BETA_X5] [1;36m04:50:02[0m [1;33mx3[0m [1;36m#262[0m SKIP tension=[1;36m0.00001254[0m [0m| momentum_too_small [1;31mconf=0.0[0m
[ALPHA_X13_BURST13] [BARRIER_TIMEOUT] BETA en retard, ouverture forcée de la barrière au cycle 96
[ALPHA_X13_BURST13] mode=OFF radar_adj=0 mom= conf=0
[BETA_X5] mode=OFF radar_adj=0 mom= conf=0
[ALPHA_X13_BURST13] [1;36m04:50:10[0m [1;32mx13[0m [1;36m#96[0m SKIP tension=[1;36m0.00773748[0m [0m| momentum_too_small [1;31mconf=0.0129[0m
[BETA_X5] [1;36m04:50:10[0m [1;33mx3[0m [1;36m#263[0m SKIP tension=[1;36m0.00038129[0m [0m| momentum_too_small [1;31mconf=0.0006[0m
[BETA_X5] mode=OFF radar_adj=0 mom= conf=0
[BETA_X5] [1;36m04:50:18[0m [1;33mx3[0m [1;36m#264[0m SKIP tension=[1;36m0.00000322[0m [0m| momentum_too_small [1;31mconf=0.0[0m
[BETA_X5] mode=OFF radar_adj=0 mom= conf=0
[BETA_X5] [1;36m04:50:26[0m [1;33mx3[0m [1;36m#265[0m SKIP tension=[1;36m0.00001530[0m [0m| momentum_too_small [1;31mconf=0.0[0m
[ALPHA_X13_BURST13] [BARRIER_TIMEOUT] BETA en retard, ouverture forcée de la barrière au cycle 97
[BETA_X5] mode=OFF radar_adj=0 mom= conf=0
[ALPHA_X13_BURST13] mode=OFF radar_adj=0 mom= conf=0
[BETA_X5] [1;36m04:50:34[0m [1;33mx3[0m [1;36m#266[0m SKIP tension=[1;36m0.39276028[0m [0m| wall_not_collapsed
[ALPHA_X13_BURST13] [1;36m04:50:34[0m [1;32mx13[0m [1;36m#97[0m SKIP tension=[1;36m0.26408414[0m [0m| wall_not_collapsed
[BETA_X5] mode=OFF radar_adj=0 mom= conf=0
[BETA_X5] [1;36m04:50:42[0m [1;33mx3[0m [1;36m#267[0m SKIP tension=[1;36m0.00000000[0m [0m| momentum_too_small [1;31mconf=0.2931[0m
[BETA_X5] mode=OFF radar_adj=0 mom= conf=0
[ALPHA_X13_BURST13] [BARRIER_TIMEOUT] BETA en retard, ouverture forcée de la barrière au cycle 98
[ALPHA_X13_BURST13] mode=OFF radar_adj=0 mom= conf=0
[ALPHA_X13_BURST13] [1;36m04:50:59[0m [1;32mx13[0m [1;36m#98[0m SKIP tension=[1;36m0.00000000[0m [0m| momentum_too_small [1;31mconf=0.3469[0m
[BETA_X5] [1;36mCycle 268[0m [1;32mSOFT anomaly[0m [1;33m| pnl_abs=0.03149000 > 0.02500000[0m
[BETA_X5] [1;36mentry=04:50:54@62692.90000000[0m [1;33mx3[0m [1;36m#268[0m [1;32mSELL[0m tension=[1;32m1.23914821[0m hold=[1;36m6[0ms sec=[1;36m6[0m [0m| exit=62686.20000000 [1;32mconf=0.9681[0m [1;36mexit_time=04:51:00[0m [1;32mpnl=0.03149000 bps=1.06870156 pct=0.01068702% total=2.2457800000000003[0m
[BETA_X5] mode=OFF radar_adj=0 mom= conf=0
[BETA_X5] [1;36m04:51:10[0m [1;33mx3[0m [1;36m#269[0m SKIP tension=[1;36m0.00002856[0m [0m| momentum_too_small [1;31mconf=0.0[0m
[BETA_X5] mode=OFF radar_adj=0 mom= conf=0
[ALPHA_X13_BURST13] [BARRIER_TIMEOUT] BETA en retard, ouverture forcée de la barrière au cycle 99
[BETA_X5] [1;36m04:51:18[0m [1;33mx3[0m [1;36m#270[0m SKIP tension=[1;36m0.00002584[0m [0m| momentum_too_small [1;31mconf=0.0[0m
[ALPHA_X13_BURST13] mode=OFF radar_adj=0 mom= conf=0
[BETA_X5] mode=OFF radar_adj=0 mom= conf=0
[ALPHA_X13_BURST13] [1;36m04:51:24[0m [1;32mx13[0m [1;36m#99[0m SKIP tension=[1;36m0.00000509[0m [0m| momentum_too_small [1;31mconf=0.0[0m
[BETA_X5] [1;36m04:51:26[0m [1;33mx3[0m [1;36m#271[0m SKIP tension=[1;36m0.00000325[0m [0m| momentum_too_small [1;31mconf=0.0[0m
[BETA_X5] mode=OFF radar_adj=0 mom= conf=0
[BETA_X5] [1;36m04:51:34[0m [1;33mx3[0m [1;36m#272[0m SKIP tension=[1;36m0.00000000[0m [0m| momentum_too_small [1;31mconf=0.3437[0m
[BETA_X5] mode=OFF radar_adj=0 mom= conf=0
[ALPHA_X13_BURST13] [BARRIER_TIMEOUT] BETA en retard, ouverture forcée de la barrière au cycle 100
[ALPHA_X13_BURST13] mode=OFF radar_adj=0 mom= conf=0
[ALPHA_X13_BURST13] [1;36m04:51:49[0m [1;32mx13[0m [1;36m#100[0m SKIP tension=[1;36m0.00055174[0m [0m| momentum_too_small [1;31mconf=0.0009[0m
[BETA_X5] [1;36mentry=04:51:47@62692.30000000[0m [1;33mx3[0m [1;36m#273[0m [1;32mSELL[0m tension=[1;32m1.94232981[0m hold=[1;36m6[0ms sec=[1;36m6[0m [0m| exit=62690.20000000 [1;32mconf=0.999[0m [1;36mexit_time=04:51:53[0m [1;32mpnl=0.00987000 bps=0.33496937 pct=0.00334969% total=2.25565[0m
[BETA_X5] mode=OFF radar_adj=0 mom= conf=0
[BETA_X5] [1;36m04:52:03[0m [1;33mx3[0m [1;36m#274[0m SKIP tension=[1;36m0.00063742[0m [0m| momentum_too_small [1;31mconf=0.001[0m
[BETA_X5] mode=OFF radar_adj=0 mom= conf=0
[ALPHA_X13_BURST13] [BARRIER_TIMEOUT] BETA en retard, ouverture forcée de la barrière au cycle 101
[ALPHA_X13_BURST13] mode=OFF radar_adj=0 mom= conf=0
[BETA_X5] [1;36m04:52:11[0m [1;33mx3[0m [1;36m#275[0m SKIP tension=[1;36m0.00002451[0m [0m| momentum_too_small [1;31mconf=0.0[0m
[BETA_X5] mode=OFF radar_adj=0 mom= conf=0
[ALPHA_X13_BURST13] [1;36m04:52:15[0m [1;32mx13[0m [1;36m#101[0m SKIP tension=[1;36m0.00000000[0m [0m| momentum_too_small [1;31mconf=0.3214[0m
[BETA_X5] [1;36m04:52:19[0m [1;33mx3[0m [1;36m#276[0m SKIP tension=[1;36m0.00003698[0m [0m| momentum_too_small [1;31mconf=0.0001[0m
[BETA_X5] mode=OFF radar_adj=0 mom= conf=0
[BETA_X5] [1;36m04:52:27[0m [1;33mx3[0m [1;36m#277[0m SKIP tension=[1;36m0.00002476[0m [0m| momentum_too_small [1;31mconf=0.0[0m
[BETA_X5] mode=OFF radar_adj=0 mom= conf=0
[ALPHA_X13_BURST13] [BARRIER_TIMEOUT] BETA en retard, ouverture forcée de la barrière au cycle 102
[ALPHA_X13_BURST13] mode=OFF radar_adj=0 mom= conf=0
[BETA_X5] [1;36m04:52:34[0m [1;33mx3[0m [1;36m#278[0m SKIP tension=[1;36m0.00000352[0m [0m| momentum_too_small [1;31mconf=0.0[0m
[BETA_X5] mode=OFF radar_adj=0 mom= conf=0
[ALPHA_X13_BURST13] [1;36m04:52:39[0m [1;32mx13[0m [1;36m#102[0m SKIP tension=[1;36m0.00000495[0m [0m| momentum_too_small [1;31mconf=0.0[0m
[BETA_X5] [1;36m04:52:42[0m [1;33mx3[0m [1;36m#279[0m SKIP tension=[1;36m0.00000000[0m [0m| momentum_too_small [1;31mconf=0.2865[0m
[BETA_X5] mode=OFF radar_adj=0 mom= conf=0
[BETA_X5] [1;36m04:52:50[0m [1;33mx3[0m [1;36m#280[0m SKIP tension=[1;36m0.00000000[0m [0m| momentum_too_small [1;31mconf=0.335[0m
[BETA_X5] mode=OFF radar_adj=0 mom= conf=0
[ALPHA_X13_BURST13] [BARRIER_TIMEOUT] BETA en retard, ouverture forcée de la barrière au cycle 103
[BETA_X5] [1;36m04:52:59[0m [1;33mx3[0m [1;36m#281[0m SKIP tension=[1;36m0.00001164[0m [0m| momentum_too_small [1;31mconf=0.0[0m
[ALPHA_X13_BURST13] mode=OFF radar_adj=0 mom= conf=0
[BETA_X5] mode=OFF radar_adj=0 mom= conf=0
[ALPHA_X13_BURST13] [1;36m04:53:05[0m [1;32mx13[0m [1;36m#103[0m SKIP tension=[1;36m0.00000000[0m [0m| momentum_too_small [1;31mconf=0.335[0m
[BETA_X5] [1;36m04:53:07[0m [1;33mx3[0m [1;36m#282[0m SKIP tension=[1;36m0.00000000[0m [0m| momentum_too_small [1;31mconf=0.335[0m
[BETA_X5] mode=OFF radar_adj=0 mom= conf=0
[BETA_X5] [1;36m04:53:15[0m [1;33mx3[0m [1;36m#283[0m SKIP tension=[1;36m0.00077217[0m [0m| momentum_too_small [1;31mconf=0.0012[0m
[BETA_X5] mode=OFF radar_adj=0 mom= conf=0
[BETA_X5] [1;36m04:53:28[0m [1;33mx3[0m [1;36m#284[0m SKIP tension=[1;31m2.75819442[0m [0m| tactic long vs short
[ALPHA_X13_BURST13] [BARRIER_TIMEOUT] BETA en retard, ouverture forcée de la barrière au cycle 104
[BETA_X5] mode=OFF radar_adj=0 mom= conf=0
[ALPHA_X13_BURST13] mode=OFF radar_adj=0 mom= conf=0
[ALPHA_X13_BURST13] [1;36m04:53:44[0m [1;32mx13[0m [1;36m#104[0m SKIP tension=[1;31m2.61506525[0m [0m| duo no_trigger
[BETA_X5] [1;36mentry=04:53:51@62684.00000000[0m [1;33mx3[0m [1;36m#285[0m [1;32mSELL[0m tension=[1;31m2.61506525[0m hold=[1;36m12[0ms sec=[1;36m12[0m [0m| exit=62681.10000000 [1;32mconf=0.8604[0m [1;36mexit_time=04:54:03[0m [1;32mpnl=0.01363000 bps=0.46263799 pct=0.00462638% total=2.26928[0m
[BETA_X5] mode=OFF radar_adj=0 mom= conf=0
[BETA_X5] [1;36m04:54:20[0m [1;33mx3[0m [1;36m#286[0m SKIP tension=[1;33m0.85681650[0m [0m| wall_not_collapsed
[ALPHA_X13_BURST13] [BARRIER_TIMEOUT] BETA en retard, ouverture forcée de la barrière au cycle 105
[ALPHA_X13_BURST13] mode=OFF radar_adj=0 mom= conf=0
[BETA_X5] mode=OFF radar_adj=0 mom= conf=0
[ALPHA_X13_BURST13] [1;36m04:54:35[0m [1;32mx13[0m [1;36m#105[0m SKIP tension=[1;32m1.03589690[0m [0m| duo no_trigger
[BETA_X5] [1;36mentry=04:54:39@62681.10000000[0m [1;33mx3[0m [1;36m#287[0m [1;32mSELL[0m tension=[1;32m1.03591211[0m hold=[1;36m7[0ms sec=[1;36m7[0m [0m| exit=62680.00000000 [1;32mconf=0.8714[0m [1;36mexit_time=04:54:46[0m [1;32mpnl=0.00517000 bps=0.17549150 pct=0.00175492% total=2.2744500000000003[0m
[BETA_X5] mode=OFF radar_adj=0 mom= conf=0
[ALPHA_X13_BURST13] [BARRIER_TIMEOUT] BETA en retard, ouverture forcée de la barrière au cycle 106
[BETA_X5] [1;36m04:54:56[0m [1;33mx3[0m [1;36m#288[0m SKIP tension=[1;36m0.00675710[0m [0m| momentum_too_small [1;31mconf=0.0087[0m
[ALPHA_X13_BURST13] mode=OFF radar_adj=0 mom= conf=0
[BETA_X5] mode=OFF radar_adj=0 mom= conf=0
[ALPHA_X13_BURST13] [1;36m04:55:02[0m [1;32mx13[0m [1;36m#106[0m SKIP tension=[1;36m0.00001656[0m [0m| momentum_too_small [1;31mconf=0.0[0m
[BETA_X5] [1;36mentry=04:55:08@62694.50000000[0m [1;33mx3[0m [1;36m#289[0m [1;31mSELL[0m tension=[1;31m3.08322427[0m hold=[1;36m6[0ms sec=[1;36m6[0m [0m| exit=62694.60000000 [1;33mconf=0.7667[0m [1;36mexit_time=04:55:14[0m [1;31mpnl=-0.00154000 bps=-0.01595036 pct=-0.00015950% total=2.2729100000000004[0m
[BETA_X5] mode=OFF radar_adj=0 mom= conf=0
[ALPHA_X13_BURST13] [BARRIER_TIMEOUT] BETA en retard, ouverture forcée de la barrière au cycle 107
[ALPHA_X13_BURST13] mode=OFF radar_adj=0 mom= conf=0
[BETA_X5] [1;36m04:55:24[0m [1;33mx3[0m [1;36m#290[0m SKIP tension=[1;36m0.71873490[0m [0m| wall_not_collapsed
[BETA_X5] mode=OFF radar_adj=0 mom= conf=0
[ALPHA_X13_BURST13] [1;36m04:55:27[0m [1;32mx13[0m [1;36m#107[0m SKIP tension=[1;33m0.86647644[0m [0m| wall_not_collapsed
[BETA_X5] [1;36m04:55:32[0m [1;33mx3[0m [1;36m#291[0m SKIP tension=[1;36m0.11920356[0m [0m| direction_unclear [1;31mconf=0.1654[0m
[BETA_X5] mode=OFF radar_adj=0 mom= conf=0
[ALPHA_X13_BURST13] [BARRIER_TIMEOUT] BETA en retard, ouverture forcée de la barrière au cycle 108
[ALPHA_X13_BURST13] mode=OFF radar_adj=0 mom= conf=0
[ALPHA_X13_BURST13] [1;36m04:55:52[0m [1;32mx13[0m [1;36m#108[0m SKIP tension=[1;32m1.51431212[0m [0m| duo no_trigger
[BETA_X5] [1;36mCycle 292[0m [1;32mSOFT anomaly[0m [1;33m| pnl_abs=0.15980000 > 0.02500000[0m
[BETA_X5] [1;36mentry=04:55:46@62680.00000000[0m [1;33mx3[0m [1;36m#292[0m [1;31mSELL[0m tension=[1;32m1.94230463[0m hold=[1;36m6[0ms sec=[1;36m6[0m [0m| exit=62697.00000000 [1;32mconf=0.8325[0m [1;36mexit_time=04:55:52[0m [1;31mpnl=-0.15980000 bps=-2.71218890 pct=-0.02712189% total=2.1131100000000003[0m
[BETA_X5] mode=OFF radar_adj=0 mom= conf=0
[BETA_X5] [1;36m04:56:02[0m [1;33mx3[0m [1;36m#293[0m SKIP tension=[1;36m0.63951983[0m [0m| wall_not_collapsed
[BETA_X5] mode=OFF radar_adj=0 mom= conf=0
[ALPHA_X13_BURST13] [BARRIER_TIMEOUT] BETA en retard, ouverture forcée de la barrière au cycle 109
[ALPHA_X13_BURST13] mode=OFF radar_adj=0 mom= conf=0
[ALPHA_X13_BURST13] [1;36m04:56:18[0m [1;32mx13[0m [1;36m#109[0m SKIP tension=[1;36m0.22946990[0m [0m| wall_not_collapsed
[BETA_X5] [1;36mentry=04:56:14@62699.10000000[0m [1;33mx3[0m [1;36m#294[0m [1;33mSELL[0m tension=[1;32m1.71624978[0m hold=[1;36m6[0ms sec=[1;36m6[0m [0m| exit=62699.10000000 [1;32mconf=0.9701[0m [1;36mexit_time=04:56:20[0m [1;33mpnl=-0.00000000 bps=-0.00000000 pct=-0.00000000% total=2.1131100000000003[0m
[BETA_X5] mode=OFF radar_adj=0 mom= conf=0
[BETA_X5] [1;36m04:56:31[0m [1;33mx3[0m [1;36m#295[0m SKIP tension=[1;36m0.12349338[0m [0m| direction_unclear [1;31mconf=0.1978[0m
[BETA_X5] mode=OFF radar_adj=0 mom= conf=0
[ALPHA_X13_BURST13] [BARRIER_TIMEOUT] BETA en retard, ouverture forcée de la barrière au cycle 110
[ALPHA_X13_BURST13] mode=OFF radar_adj=0 mom= conf=0
[BETA_X5] [1;36m04:56:39[0m [1;33mx3[0m [1;36m#296[0m SKIP tension=[1;36m0.61986171[0m [0m| wall_not_collapsed
[BETA_X5] mode=OFF radar_adj=0 mom= conf=0
[ALPHA_X13_BURST13] [1;36m04:56:43[0m [1;32mx13[0m [1;36m#110[0m SKIP tension=[1;36m0.22618175[0m [0m| wall_not_collapsed
[BETA_X5] [1;36m04:56:47[0m [1;33mx3[0m [1;36m#297[0m SKIP tension=[1;36m0.30558126[0m [0m| wall_not_collapsed
[BETA_X5] mode=OFF radar_adj=0 mom= conf=0
[BETA_X5] [1;36m04:56:55[0m [1;33mx3[0m [1;36m#298[0m SKIP tension=[1;36m0.00000234[0m [0m| momentum_too_small [1;31mconf=0.0[0m
[BETA_X5] mode=OFF radar_adj=0 mom= conf=0
[ALPHA_X13_BURST13] [BARRIER_TIMEOUT] BETA en retard, ouverture forcée de la barrière au cycle 111
[ALPHA_X13_BURST13] mode=OFF radar_adj=0 mom= conf=0
[BETA_X5] [1;36m04:57:03[0m [1;33mx3[0m [1;36m#299[0m SKIP tension=[1;36m0.00015348[0m [0m| momentum_too_small [1;31mconf=0.0002[0m
[BETA_X5] mode=OFF radar_adj=0 mom= conf=0
[ALPHA_X13_BURST13] [1;36m04:57:08[0m [1;32mx13[0m [1;36m#111[0m SKIP tension=[1;36m0.00021744[0m [0m| momentum_too_small [1;31mconf=0.0004[0m
[BETA_X5] [1;36mentry=04:57:16@62683.40000000[0m [1;33mx3[0m [1;36m#300[0m [1;32mSELL[0m tension=[1;32m1.20572398[0m hold=[1;36m8[0ms sec=[1;36m8[0m [0m| exit=62680.60000000 [1;32mconf=0.9761[0m [1;36mexit_time=04:57:24[0m [1;32mpnl=0.01316000 bps=0.44668924 pct=0.00446689% total=2.1262700000000003[0m
[ALPHA_X13_BURST13] [BARRIER_TIMEOUT] BETA en retard, ouverture forcée de la barrière au cycle 112
[ALPHA_X13_BURST13] mode=OFF radar_adj=0 mom= conf=0
[BETA_X5] mode=OFF radar_adj=0 mom= conf=0
[ALPHA_X13_BURST13] [1;36m04:57:33[0m [1;32mx13[0m [1;36m#112[0m SKIP tension=[1;36m0.00000000[0m [0m| momentum_too_small [1;31mconf=0.3496[0m
[BETA_X5] [1;36m04:57:33[0m [1;33mx3[0m [1;36m#301[0m SKIP tension=[1;36m0.00000000[0m [0m| momentum_too_small [1;31mconf=0.3496[0m
[BETA_X5] mode=OFF radar_adj=0 mom= conf=0
[BETA_X5] [1;36m04:57:41[0m [1;33mx3[0m [1;36m#302[0m SKIP tension=[1;36m0.00002606[0m [0m| momentum_too_small [1;31mconf=0.0[0m
[BETA_X5] mode=OFF radar_adj=0 mom= conf=0
[BETA_X5] [1;36m04:57:50[0m [1;33mx3[0m [1;36m#303[0m SKIP tension=[1;36m0.01559484[0m [0m| direction_unclear [1;31mconf=0.0226[0m
[ALPHA_X13_BURST13] [BARRIER_TIMEOUT] BETA en retard, ouverture forcée de la barrière au cycle 113
[BETA_X5] mode=OFF radar_adj=0 mom= conf=0
[ALPHA_X13_BURST13] mode=OFF radar_adj=0 mom= conf=0
[ALPHA_X13_BURST13] [1;36m04:57:59[0m [1;32mx13[0m [1;36m#113[0m SKIP tension=[1;36m0.00000000[0m [0m| momentum_too_small [1;31mconf=0.3039[0m
[BETA_X5] [1;36m04:57:59[0m [1;33mx3[0m [1;36m#304[0m SKIP tension=[1;36m0.11155363[0m [0m| direction_unclear [1;31mconf=0.1611[0m
[BETA_X5] mode=OFF radar_adj=0 mom= conf=0
[BETA_X5] [1;36m04:58:07[0m [1;33mx3[0m [1;36m#305[0m SKIP tension=[1;36m0.80325472[0m [0m| wall_not_collapsed
[BETA_X5] mode=OFF radar_adj=0 mom= conf=0
[BETA_X5] [1;36m04:58:16[0m [1;33mx3[0m [1;36m#306[0m SKIP tension=[1;36m0.16127036[0m [0m| direction_unclear [1;31mconf=0.2634[0m
[ALPHA_X13_BURST13] [BARRIER_TIMEOUT] BETA en retard, ouverture forcée de la barrière au cycle 114
[ALPHA_X13_BURST13] mode=OFF radar_adj=0 mom= conf=0
[BETA_X5] mode=OFF radar_adj=0 mom= conf=0
[ALPHA_X13_BURST13] [1;36m04:58:24[0m [1;32mx13[0m [1;36m#114[0m SKIP tension=[1;36m0.00011866[0m [0m| momentum_too_small [1;31mconf=0.0002[0m
[BETA_X5] [1;36m04:58:24[0m [1;33mx3[0m [1;36m#307[0m SKIP tension=[1;36m0.00000568[0m [0m| momentum_too_small [1;31mconf=0.0[0m
[BETA_X5] mode=OFF radar_adj=0 mom= conf=0
[BETA_X5] [1;36m04:58:32[0m [1;33mx3[0m [1;36m#308[0m SKIP tension=[1;36m0.10446248[0m [0m| direction_unclear [1;31mconf=0.1366[0m
[BETA_X5] mode=OFF radar_adj=0 mom= conf=0
[BETA_X5] [1;36m04:58:40[0m [1;33mx3[0m [1;36m#309[0m SKIP tension=[1;36m0.00000000[0m [0m| momentum_too_small [1;31mconf=0.2746[0m
[ALPHA_X13_BURST13] [BARRIER_TIMEOUT] BETA en retard, ouverture forcée de la barrière au cycle 115
[BETA_X5] mode=OFF radar_adj=0 mom= conf=0
[ALPHA_X13_BURST13] mode=OFF radar_adj=0 mom= conf=0
[BETA_X5] [1;36m04:58:48[0m [1;33mx3[0m [1;36m#310[0m SKIP tension=[1;36m0.00134439[0m [0m| momentum_too_small [1;31mconf=0.0018[0m
[ALPHA_X13_BURST13] [1;36m04:58:49[0m [1;32mx13[0m [1;36m#115[0m SKIP tension=[1;36m0.00002607[0m [0m| momentum_too_small [1;31mconf=0.0[0m
[BETA_X5] mode=OFF radar_adj=0 mom= conf=0
[ALPHA_X13_BURST13] [BARRIER_TIMEOUT] BETA en retard, ouverture forcée de la barrière au cycle 116
[BETA_X5] [1;36mCycle 311[0m [1;32mSOFT anomaly[0m [1;33m| pnl_abs=0.13160000 > 0.02500000[0m
[BETA_X5] [1;36mentry=04:59:01@62667.60000000[0m [1;33mx3[0m [1;36m#311[0m [1;31mSELL[0m tension=[1;32m1.23721168[0m hold=[1;36m6[0ms sec=[1;36m6[0m [0m| exit=62695.60000000 [1;33mconf=0.7239[0m [1;36mexit_time=04:59:07[0m [1;31mpnl=-0.13160000 bps=-4.46801856 pct=-0.04468019% total=1.9946700000000004[0m
[ALPHA_X13_BURST13] mode=OFF radar_adj=0 mom= conf=0
[BETA_X5] mode=OFF radar_adj=0 mom= conf=0
[BETA_X5] [1;36m04:59:17[0m [1;33mx3[0m [1;36m#312[0m SKIP tension=[1;36m0.00007927[0m [0m| momentum_too_small [1;31mconf=0.0001[0m
[BETA_X5] mode=OFF radar_adj=0 mom= conf=0
[ALPHA_X13_BURST13] [1;36mCycle 116[0m [1;32mSOFT anomaly[0m [1;33m| pnl_abs=2.66216000 > 0.02500000[0m
[ALPHA_X13_BURST13] [1;36mentry=04:59:19@62689.20000000[0m [1;32mx13[0m [1;36m#116[0m [1;32mBUY[0m tension=[1;32m1.13503491[0m hold=[1;36m6[0ms sec=[1;36m6[0m [0m| exit=62699.90000000 [1;32mconf=0.9003[0m [1;36mexit_time=04:59:26[0m [1;32mpnl=2.66216000 bps=1.70683307 pct=0.01706833% total=4.65683[0m
[BETA_X5] [1;36m04:59:27[0m [1;33mx3[0m [1;36m#313[0m SKIP tension=[1;36m0.00000000[0m [0m| momentum_too_small [1;31mconf=0.237[0m
[BETA_X5] mode=OFF radar_adj=0 mom= conf=0
[BETA_X5] [1;36m04:59:36[0m [1;33mx3[0m [1;36m#314[0m SKIP tension=[1;36m0.00000264[0m [0m| momentum_too_small [1;31mconf=0.0[0m
[BETA_X5] mode=OFF radar_adj=0 mom= conf=0
[BETA_X5] [1;36m04:59:44[0m [1;33mx3[0m [1;36m#315[0m SKIP tension=[1;36m0.84195990[0m [0m| wall_not_collapsed
[ALPHA_X13_BURST13] [BARRIER_TIMEOUT] BETA en retard, ouverture forcée de la barrière au cycle 117
[BETA_X5] mode=OFF radar_adj=0 mom= conf=0
[ALPHA_X13_BURST13] mode=OFF radar_adj=0 mom= conf=0
[BETA_X5] [1;36m04:59:52[0m [1;33mx3[0m [1;36m#316[0m SKIP tension=[1;36m0.00000754[0m [0m| momentum_too_small [1;31mconf=0.0[0m
[ALPHA_X13_BURST13] [1;36m04:59:52[0m [1;32mx13[0m [1;36m#117[0m SKIP tension=[1;36m0.00000000[0m [0m| momentum_too_small [1;31mconf=0.2115[0m
[BETA_X5] mode=OFF radar_adj=0 mom= conf=0
[BETA_X5] [1;36m05:00:00[0m [1;33mx3[0m [1;36m#317[0m SKIP tension=[1;36m0.00001485[0m [0m| momentum_too_small [1;31mconf=0.0[0m
[BETA_X5] mode=OFF radar_adj=0 mom= conf=0
[BETA_X5] [1;36m05:00:07[0m [1;33mx3[0m [1;36m#318[0m SKIP tension=[1;36m0.00070314[0m [0m| momentum_too_small [1;31mconf=0.0007[0m
[BETA_X5] mode=OFF radar_adj=0 mom= conf=0
[ALPHA_X13_BURST13] [BARRIER_TIMEOUT] BETA en retard, ouverture forcée de la barrière au cycle 118
[ALPHA_X13_BURST13] mode=OFF radar_adj=0 mom= conf=0
[BETA_X5] [1;36m05:00:16[0m [1;33mx3[0m [1;36m#319[0m SKIP tension=[1;36m0.00004533[0m [0m| momentum_too_small [1;31mconf=0.0001[0m
[ALPHA_X13_BURST13] [1;36m05:00:18[0m [1;32mx13[0m [1;36m#118[0m SKIP tension=[1;36m0.25020883[0m [0m| wall_not_collapsed
[BETA_X5] mode=OFF radar_adj=0 mom= conf=0
[BETA_X5] [1;36m05:00:24[0m [1;33mx3[0m [1;36m#320[0m SKIP tension=[1;36m0.24988121[0m [0m| low_confidence [1;31mconf=0.2683[0m
[BETA_X5] mode=OFF radar_adj=0 mom= conf=0
[BETA_X5] [1;36m05:00:32[0m [1;33mx3[0m [1;36m#321[0m SKIP tension=[1;36m0.00000000[0m [0m| momentum_too_small [1;31mconf=0.2959[0m
[BETA_X5] mode=OFF radar_adj=0 mom= conf=0
[ALPHA_X13_BURST13] [BARRIER_TIMEOUT] BETA en retard, ouverture forcée de la barrière au cycle 119
[ALPHA_X13_BURST13] mode=OFF radar_adj=0 mom= conf=0
[BETA_X5] [1;36m05:00:40[0m [1;33mx3[0m [1;36m#322[0m SKIP tension=[1;36m0.00011167[0m [0m| momentum_too_small [1;31mconf=0.0001[0m
[BETA_X5] mode=OFF radar_adj=0 mom= conf=0
[ALPHA_X13_BURST13] [1;36m05:00:45[0m [1;32mx13[0m [1;36m#119[0m SKIP tension=[1;36m0.25002068[0m [0m| wall_not_collapsed
[BETA_X5] [1;36m05:00:48[0m [1;33mx3[0m [1;36m#323[0m SKIP tension=[1;36m0.00011913[0m [0m| momentum_too_small [1;31mconf=0.0002[0m
[BETA_X5] mode=OFF radar_adj=0 mom= conf=0
[BETA_X5] [1;36m05:00:57[0m [1;33mx3[0m [1;36m#324[0m SKIP tension=[1;36m0.00015066[0m [0m| momentum_too_small [1;31mconf=0.0002[0m
[BETA_X5] mode=OFF radar_adj=0 mom= conf=0
[ALPHA_X13_BURST13] [BARRIER_TIMEOUT] BETA en retard, ouverture forcée de la barrière au cycle 120
[ALPHA_X13_BURST13] mode=OFF radar_adj=0 mom= conf=0
[BETA_X5] [1;36m05:01:05[0m [1;33mx3[0m [1;36m#325[0m SKIP tension=[1;36m0.00000000[0m [0m| momentum_too_small [1;31mconf=0.252[0m
[BETA_X5] mode=OFF radar_adj=0 mom= conf=0
[ALPHA_X13_BURST13] [1;36m05:01:10[0m [1;32mx13[0m [1;36m#120[0m SKIP tension=[1;36m0.16167408[0m [0m| direction_unclear [1;31mconf=0.2646[0m
[BETA_X5] [1;36m05:01:13[0m [1;33mx3[0m [1;36m#326[0m SKIP tension=[1;36m0.00041644[0m [0m| momentum_too_small [1;31mconf=0.0007[0m
[BETA_X5] mode=OFF radar_adj=0 mom= conf=0
[BETA_X5] [1;36m05:01:21[0m [1;33mx3[0m [1;36m#327[0m SKIP tension=[1;36m0.07257191[0m [0m| direction_unclear [1;31mconf=0.1208[0m
[BETA_X5] mode=OFF radar_adj=0 mom= conf=0
[ALPHA_X13_BURST13] [BARRIER_TIMEOUT] BETA en retard, ouverture forcée de la barrière au cycle 121
[BETA_X5] [1;36m05:01:29[0m [1;33mx3[0m [1;36m#328[0m SKIP tension=[1;36m0.05927353[0m [0m| direction_unclear [1;31mconf=0.0983[0m
[ALPHA_X13_BURST13] mode=OFF radar_adj=0 mom= conf=0
[BETA_X5] mode=OFF radar_adj=0 mom= conf=0
[ALPHA_X13_BURST13] [1;36m05:01:35[0m [1;32mx13[0m [1;36m#121[0m SKIP tension=[1;36m0.00035625[0m [0m| momentum_too_small [1;31mconf=0.0006[0m
[BETA_X5] [1;36m05:01:38[0m [1;33mx3[0m [1;36m#329[0m SKIP tension=[1;36m0.00002629[0m [0m| momentum_too_small [1;31mconf=0.0[0m
[BETA_X5] mode=OFF radar_adj=0 mom= conf=0
[BETA_X5] [1;36m05:01:46[0m [1;33mx3[0m [1;36m#330[0m SKIP tension=[1;36m0.00000381[0m [0m| momentum_too_small [1;31mconf=0.0[0m
[BETA_X5] mode=OFF radar_adj=0 mom= conf=0
[ALPHA_X13_BURST13] [BARRIER_TIMEOUT] BETA en retard, ouverture forcée de la barrière au cycle 122
[BETA_X5] [1;36m05:01:53[0m [1;33mx3[0m [1;36m#331[0m SKIP tension=[1;36m0.00034709[0m [0m| momentum_too_small [1;31mconf=0.0006[0m
[ALPHA_X13_BURST13] mode=OFF radar_adj=0 mom= conf=0
[BETA_X5] mode=OFF radar_adj=0 mom= conf=0
[ALPHA_X13_BURST13] [1;36m05:02:00[0m [1;32mx13[0m [1;36m#122[0m SKIP tension=[1;36m0.00000000[0m [0m| momentum_too_small [1;31mconf=0.3476[0m
[BETA_X5] [1;36m05:02:01[0m [1;33mx3[0m [1;36m#332[0m SKIP tension=[1;36m0.00000000[0m [0m| momentum_too_small [1;31mconf=0.3476[0m
[BETA_X5] mode=OFF radar_adj=0 mom= conf=0
[BETA_X5] [1;36m05:02:09[0m [1;33mx3[0m [1;36m#333[0m SKIP tension=[1;36m0.16172195[0m [0m| direction_unclear [1;31mconf=0.2693[0m
[BETA_X5] mode=OFF radar_adj=0 mom= conf=0
[BETA_X5] [1;36m05:02:18[0m [1;33mx3[0m [1;36m#334[0m SKIP tension=[1;36m0.16670820[0m [0m| direction_unclear [1;31mconf=0.2222[0m
[ALPHA_X13_BURST13] [BARRIER_TIMEOUT] BETA en retard, ouverture forcée de la barrière au cycle 123
[ALPHA_X13_BURST13] mode=OFF radar_adj=0 mom= conf=0
[BETA_X5] mode=OFF radar_adj=0 mom= conf=0
[BETA_X5] [1;36m05:02:27[0m [1;33mx3[0m [1;36m#335[0m SKIP tension=[1;36m0.00009456[0m [0m| momentum_too_small [1;31mconf=0.0001[0m
[ALPHA_X13_BURST13] [1;36m05:02:27[0m [1;32mx13[0m [1;36m#123[0m SKIP tension=[1;36m0.00009456[0m [0m| momentum_too_small [1;31mconf=0.0001[0m
[BETA_X5] mode=OFF radar_adj=0 mom= conf=0
[BETA_X5] [1;36m05:02:35[0m [1;33mx3[0m [1;36m#336[0m SKIP tension=[1;36m0.00000000[0m [0m| momentum_too_small [1;31mconf=0.2443[0m
[BETA_X5] mode=OFF radar_adj=0 mom= conf=0
[BETA_X5] [1;36m05:02:43[0m [1;33mx3[0m [1;36m#337[0m SKIP tension=[1;36m0.00007006[0m [0m| momentum_too_small [1;31mconf=0.0001[0m
[ALPHA_X13_BURST13] [BARRIER_TIMEOUT] BETA en retard, ouverture forcée de la barrière au cycle 124
[BETA_X5] mode=OFF radar_adj=0 mom= conf=0
[ALPHA_X13_BURST13] mode=OFF radar_adj=0 mom= conf=0
[BETA_X5] [1;36m05:02:51[0m [1;33mx3[0m [1;36m#338[0m SKIP tension=[1;36m0.00000000[0m [0m| momentum_too_small [1;31mconf=0.2087[0m
[ALPHA_X13_BURST13] [1;36m05:02:52[0m [1;32mx13[0m [1;36m#124[0m SKIP tension=[1;36m0.00000272[0m [0m| momentum_too_small [1;31mconf=0.0[0m
[BETA_X5] mode=OFF radar_adj=0 mom= conf=0
[BETA_X5] [1;36m05:03:00[0m [1;33mx3[0m [1;36m#339[0m SKIP tension=[1;36m0.00000000[0m [0m| momentum_too_small [1;31mconf=0.2771[0m
[BETA_X5] mode=OFF radar_adj=0 mom= conf=0
[BETA_X5] [1;36m05:03:08[0m [1;33mx3[0m [1;36m#340[0m SKIP tension=[1;36m0.00001196[0m [0m| momentum_too_small [1;31mconf=0.0[0m
[BETA_X5] mode=OFF radar_adj=0 mom= conf=0
[ALPHA_X13_BURST13] [BARRIER_TIMEOUT] BETA en retard, ouverture forcée de la barrière au cycle 125
[ALPHA_X13_BURST13] mode=OFF radar_adj=0 mom= conf=0
[BETA_X5] [1;36m05:03:16[0m [1;33mx3[0m [1;36m#341[0m SKIP tension=[1;36m0.00000388[0m [0m| momentum_too_small [1;31mconf=0.0[0m
[ALPHA_X13_BURST13] [1;36m05:03:18[0m [1;32mx13[0m [1;36m#125[0m SKIP tension=[1;36m0.00003105[0m [0m| momentum_too_small [1;31mconf=0.0[0m
[BETA_X5] mode=OFF radar_adj=0 mom= conf=0
[BETA_X5] [1;36m05:03:24[0m [1;33mx3[0m [1;36m#342[0m SKIP tension=[1;36m0.00004320[0m [0m| momentum_too_small [1;31mconf=0.0001[0m
[BETA_X5] mode=OFF radar_adj=0 mom= conf=0
[BETA_X5] [1;36m05:03:32[0m [1;33mx3[0m [1;36m#343[0m SKIP tension=[1;36m0.00005484[0m [0m| momentum_too_small [1;31mconf=0.0001[0m
[BETA_X5] mode=OFF radar_adj=0 mom= conf=0
[ALPHA_X13_BURST13] [BARRIER_TIMEOUT] BETA en retard, ouverture forcée de la barrière au cycle 126
[ALPHA_X13_BURST13] mode=OFF radar_adj=0 mom= conf=0
[BETA_X5] [1;36m05:03:40[0m [1;33mx3[0m [1;36m#344[0m SKIP tension=[1;36m0.40867455[0m [0m| wall_not_collapsed
[ALPHA_X13_BURST13] [1;36m05:03:43[0m [1;32mx13[0m [1;36m#126[0m SKIP tension=[1;36m0.00005784[0m [0m| momentum_too_small [1;31mconf=0.0001[0m
[BETA_X5] mode=OFF radar_adj=0 mom= conf=0
[BETA_X5] [1;36m05:03:48[0m [1;33mx3[0m [1;36m#345[0m SKIP tension=[1;36m0.00002962[0m [0m| momentum_too_small [1;31mconf=0.0[0m
[BETA_X5] mode=OFF radar_adj=0 mom= conf=0
[BETA_X5] [1;36m05:03:56[0m [1;33mx3[0m [1;36m#346[0m SKIP tension=[1;36m0.00000000[0m [0m| momentum_too_small [1;31mconf=0.3025[0m
[BETA_X5] mode=OFF radar_adj=0 mom= conf=0
[ALPHA_X13_BURST13] [BARRIER_TIMEOUT] BETA en retard, ouverture forcée de la barrière au cycle 127
[ALPHA_X13_BURST13] mode=OFF radar_adj=0 mom= conf=0
[BETA_X5] [1;36m05:04:04[0m [1;33mx3[0m [1;36m#347[0m SKIP tension=[1;36m0.00000329[0m [0m| momentum_too_small [1;31mconf=0.0[0m
[BETA_X5] mode=OFF radar_adj=0 mom= conf=0
[ALPHA_X13_BURST13] [1;36m05:04:07[0m [1;32mx13[0m [1;36m#127[0m SKIP tension=[1;36m0.26661712[0m [0m| wall_not_collapsed
[BETA_X5] [1;36m05:04:12[0m [1;33mx3[0m [1;36m#348[0m SKIP tension=[1;36m0.00228002[0m [0m| momentum_too_small [1;31mconf=0.0032[0m
[BETA_X5] mode=OFF radar_adj=0 mom= conf=0
[BETA_X5] [1;36m05:04:20[0m [1;33mx3[0m [1;36m#349[0m SKIP tension=[1;36m0.00000516[0m [0m| momentum_too_small [1;31mconf=0.0[0m
[BETA_X5] mode=OFF radar_adj=0 mom= conf=0
[ALPHA_X13_BURST13] [BARRIER_TIMEOUT] BETA en retard, ouverture forcée de la barrière au cycle 128
[ALPHA_X13_BURST13] mode=OFF radar_adj=0 mom= conf=0
[BETA_X5] [1;36m05:04:28[0m [1;33mx3[0m [1;36m#350[0m SKIP tension=[1;36m0.00126094[0m [0m| momentum_too_small [1;31mconf=0.0017[0m
[BETA_X5] mode=OFF radar_adj=0 mom= conf=0
[ALPHA_X13_BURST13] [1;36m05:04:33[0m [1;32mx13[0m [1;36m#128[0m SKIP tension=[1;36m0.00000000[0m [0m| momentum_too_small [1;31mconf=0.2903[0m
[BETA_X5] [1;36m05:04:36[0m [1;33mx3[0m [1;36m#351[0m SKIP tension=[1;36m0.68377973[0m [0m| wall_not_collapsed
[BETA_X5] mode=OFF radar_adj=0 mom= conf=0
[BETA_X5] [1;36m05:04:45[0m [1;33mx3[0m [1;36m#352[0m SKIP tension=[1;36m0.00001148[0m [0m| momentum_too_small [1;31mconf=0.0[0m
[BETA_X5] mode=OFF radar_adj=0 mom= conf=0
[ALPHA_X13_BURST13] [BARRIER_TIMEOUT] BETA en retard, ouverture forcée de la barrière au cycle 129
[BETA_X5] [1;36m05:04:53[0m [1;33mx3[0m [1;36m#353[0m SKIP tension=[1;36m0.40512307[0m [0m| wall_not_collapsed
[ALPHA_X13_BURST13] mode=OFF radar_adj=0 mom= conf=0
[BETA_X5] mode=OFF radar_adj=0 mom= conf=0
[ALPHA_X13_BURST13] [1;36m05:05:01[0m [1;32mx13[0m [1;36m#129[0m SKIP tension=[1;36m0.00000294[0m [0m| momentum_too_small [1;31mconf=0.0[0m
[BETA_X5] [1;36m05:05:04[0m [1;33mx3[0m [1;36m#354[0m SKIP tension=[1;36m0.55027392[0m [0m| wall_not_collapsed
[BETA_X5] mode=OFF radar_adj=0 mom= conf=0
[BETA_X5] [1;36m05:05:16[0m [1;33mx3[0m [1;36m#355[0m SKIP tension=[1;36m0.00014485[0m [0m| momentum_too_small [1;31mconf=0.0002[0m
[BETA_X5] mode=OFF radar_adj=0 mom= conf=0
[ALPHA_X13_BURST13] [BARRIER_TIMEOUT] BETA en retard, ouverture forcée de la barrière au cycle 130
[ALPHA_X13_BURST13] mode=OFF radar_adj=0 mom= conf=0
[ALPHA_X13_BURST13] [1;36m05:05:46[0m [1;32mx13[0m [1;36m#130[0m SKIP tension=[1;36m0.00000516[0m [0m| momentum_too_small [1;31mconf=0.0[0m
[BETA_X5] [1;36mentry=05:05:37@62699.90000000[0m [1;33mx3[0m [1;36m#356[0m [1;32mSELL[0m tension=[1;32m1.19823811[0m hold=[1;36m12[0ms sec=[1;36m12[0m [0m| exit=62699.70000000 [1;32mconf=0.999[0m [1;36mexit_time=05:05:50[0m [1;32mpnl=0.00094000 bps=0.03189798 pct=0.00031898% total=4.65777[0m
[BETA_X5] mode=OFF radar_adj=0 mom= conf=0
[BETA_X5] [1;36m05:06:07[0m [1;33mx3[0m [1;36m#357[0m SKIP tension=[1;36m0.29715690[0m [0m| wall_not_collapsed
[BETA_X5] mode=OFF radar_adj=0 mom= conf=0
[BETA_X5] [1;36m05:06:21[0m [1;33mx3[0m [1;36m#358[0m SKIP tension=[1;36m0.00010601[0m [0m| momentum_too_small [1;31mconf=0.0001[0m
[ALPHA_X13_BURST13] [BARRIER_TIMEOUT] BETA en retard, ouverture forcée de la barrière au cycle 131
[ALPHA_X13_BURST13] mode=OFF radar_adj=0 mom= conf=0
[BETA_X5] mode=OFF radar_adj=0 mom= conf=0
[ALPHA_X13_BURST13] [1;36m05:06:33[0m [1;32mx13[0m [1;36m#131[0m SKIP tension=[1;36m0.58059296[0m [0m| wall_not_collapsed
[BETA_X5] [1;36m05:06:33[0m [1;33mx3[0m [1;36m#359[0m SKIP tension=[1;36m0.00001087[0m [0m| momentum_too_small [1;31mconf=0.0[0m
[BETA_X5] mode=OFF radar_adj=0 mom= conf=0
[BETA_X5] [1;36m05:06:47[0m [1;33mx3[0m [1;36m#360[0m SKIP [0m| Mode Écoute: spread=7.73330000 volat=102.72453391 (attente froid)
[BETA_X5] mode=OFF radar_adj=0 mom= conf=0
[BETA_X5] [1;36m05:07:01[0m [1;33mx3[0m [1;36m#361[0m SKIP tension=[1;36m0.00000000[0m [0m| momentum_too_small [1;31mconf=0.2788[0m
[BETA_X5] mode=OFF radar_adj=0 mom= conf=0
[ALPHA_X13_BURST13] [BARRIER_TIMEOUT] BETA en retard, ouverture forcée de la barrière au cycle 132
[ALPHA_X13_BURST13] mode=OFF radar_adj=0 mom= conf=0
[BETA_X5] [1;36m05:07:14[0m [1;33mx3[0m [1;36m#362[0m SKIP tension=[1;36m0.00005645[0m [0m| spread_too_wide [1;31mconf=0.0[0m
[BETA_X5] mode=OFF radar_adj=0 mom= conf=0
[ALPHA_X13_BURST13] [1;36m05:07:18[0m [1;32mx13[0m [1;36m#132[0m SKIP tension=[1;36m0.00020678[0m [0m| spread_too_wide [1;31mconf=0.0002[0m
[BETA_X5] [1;36mCycle 363[0m [1;32mSOFT anomaly[0m [1;33m| pnl_abs=0.02632000 > 0.02500000[0m
[BETA_X5] [1;36mentry=05:07:28@62722.70000000[0m [1;33mx3[0m [1;36m#363[0m [1;31mSELL[0m tension=[1;31m2.62889132[0m hold=[1;36m5[0ms sec=[1;36m5[0m [0m| exit=62728.30000000 [1;32mconf=0.9801[0m [1;36mexit_time=05:07:33[0m [1;31mpnl=-0.02632000 bps=-0.89281871 pct=-0.00892819% total=4.631450000000001[0m
[ALPHA_X13_BURST13] [BARRIER_TIMEOUT] BETA en retard, ouverture forcée de la barrière au cycle 133
[ALPHA_X13_BURST13] mode=OFF radar_adj=0 mom= conf=0
[BETA_X5] mode=OFF radar_adj=0 mom= conf=0
[ALPHA_X13_BURST13] [1;36m05:07:43[0m [1;32mx13[0m [1;36m#133[0m SKIP tension=[1;36m0.06912433[0m [0m| direction_unclear [1;31mconf=0.113[0m
[BETA_X5] [1;36mCycle 364[0m [1;32mSOFT anomaly[0m [1;33m| pnl_abs=0.09804000 > 0.02500000[0m
[BETA_X5] [1;36mentry=05:07:47@62735.40000000[0m [1;33mx3[0m [1;36m#364[0m [1;31mSELL[0m tension=[1;32m1.44186442[0m hold=[1;36m6[0ms sec=[1;36m6[0m [0m| exit=62748.30000000 [1;32mconf=0.9811[0m [1;36mexit_time=05:07:53[0m [1;31mpnl=-0.09804000 bps=-2.05625532 pct=-0.02056255% total=4.533410000000001[0m
[BETA_X5] mode=OFF radar_adj=0 mom= conf=0
[ALPHA_X13_BURST13] [BARRIER_TIMEOUT] BETA en retard, ouverture forcée de la barrière au cycle 134
[ALPHA_X13_BURST13] mode=OFF radar_adj=0 mom= conf=0
[BETA_X5] [1;36m05:08:02[0m [1;33mx3[0m [1;36m#365[0m SKIP tension=[1;36m0.38452550[0m [0m| wall_not_collapsed
[BETA_X5] mode=OFF radar_adj=0 mom= conf=0
[ALPHA_X13_BURST13] [1;36m05:08:07[0m [1;32mx13[0m [1;36m#134[0m SKIP tension=[1;36m0.00005048[0m [0m| momentum_too_small [1;31mconf=0.0001[0m
[BETA_X5] [1;36m05:08:10[0m [1;33mx3[0m [1;36m#366[0m SKIP tension=[1;36m0.65175961[0m [0m| wall_not_collapsed
[BETA_X5] mode=OFF radar_adj=0 mom= conf=0
[BETA_X5] [1;36m05:08:18[0m [1;33mx3[0m [1;36m#367[0m SKIP tension=[1;36m0.00011560[0m [0m| momentum_too_small [1;31mconf=0.0002[0m
[BETA_X5] mode=OFF radar_adj=0 mom= conf=0
[ALPHA_X13_BURST13] [BARRIER_TIMEOUT] BETA en retard, ouverture forcée de la barrière au cycle 135
[BETA_X5] [1;36m05:08:26[0m [1;33mx3[0m [1;36m#368[0m SKIP tension=[1;36m0.00038157[0m [0m| momentum_too_small [1;31mconf=0.0006[0m
[ALPHA_X13_BURST13] mode=OFF radar_adj=0 mom= conf=0
[BETA_X5] mode=OFF radar_adj=0 mom= conf=0
[ALPHA_X13_BURST13] [1;36m05:08:32[0m [1;32mx13[0m [1;36m#135[0m SKIP tension=[1;36m0.00182105[0m [0m| momentum_too_small [1;31mconf=0.003[0m
[BETA_X5] [1;36m05:08:34[0m [1;33mx3[0m [1;36m#369[0m SKIP tension=[1;36m0.00104371[0m [0m| momentum_too_small [1;31mconf=0.0017[0m
[BETA_X5] mode=OFF radar_adj=0 mom= conf=0
[BETA_X5] [1;36m05:08:42[0m [1;33mx3[0m [1;36m#370[0m SKIP tension=[1;36m0.05502335[0m [0m| direction_unclear [1;31mconf=0.09[0m
[BETA_X5] mode=OFF radar_adj=0 mom= conf=0
[ALPHA_X13_BURST13] [BARRIER_TIMEOUT] BETA en retard, ouverture forcée de la barrière au cycle 136
[BETA_X5] [1;36m05:08:50[0m [1;33mx3[0m [1;36m#371[0m SKIP tension=[1;36m0.05147826[0m [0m| direction_unclear [1;31mconf=0.0842[0m
[ALPHA_X13_BURST13] mode=OFF radar_adj=0 mom= conf=0
[BETA_X5] mode=OFF radar_adj=0 mom= conf=0
[ALPHA_X13_BURST13] [1;36m05:08:56[0m [1;32mx13[0m [1;36m#136[0m SKIP tension=[1;36m0.00010634[0m [0m| momentum_too_small [1;31mconf=0.0002[0m
[BETA_X5] [1;36m05:08:58[0m [1;33mx3[0m [1;36m#372[0m SKIP tension=[1;36m0.00341284[0m [0m| momentum_too_small [1;31mconf=0.0056[0m
[BETA_X5] mode=OFF radar_adj=0 mom= conf=0
[BETA_X5] [1;36m05:09:06[0m [1;33mx3[0m [1;36m#373[0m SKIP tension=[1;36m0.00350162[0m [0m| momentum_too_small [1;31mconf=0.0057[0m
[BETA_X5] mode=OFF radar_adj=0 mom= conf=0
[ALPHA_X13_BURST13] [BARRIER_TIMEOUT] BETA en retard, ouverture forcée de la barrière au cycle 137
[BETA_X5] [1;36m05:09:14[0m [1;33mx3[0m [1;36m#374[0m SKIP tension=[1;36m0.00075205[0m [0m| momentum_too_small [1;31mconf=0.0012[0m
[ALPHA_X13_BURST13] mode=OFF radar_adj=0 mom= conf=0
[BETA_X5] mode=OFF radar_adj=0 mom= conf=0
[ALPHA_X13_BURST13] [1;36m05:09:20[0m [1;32mx13[0m [1;36m#137[0m SKIP tension=[1;36m0.00000000[0m [0m| momentum_too_small [1;31mconf=0.3434[0m
[BETA_X5] [1;36m05:09:23[0m [1;33mx3[0m [1;36m#375[0m SKIP tension=[1;36m0.00012375[0m [0m| momentum_too_small [1;31mconf=0.0002[0m
[BETA_X5] mode=OFF radar_adj=0 mom= conf=0
[BETA_X5] [1;36m05:09:31[0m [1;33mx3[0m [1;36m#376[0m SKIP tension=[1;36m0.00105292[0m [0m| momentum_too_small [1;31mconf=0.0017[0m
[BETA_X5] mode=OFF radar_adj=0 mom= conf=0
[ALPHA_X13_BURST13] [BARRIER_TIMEOUT] BETA en retard, ouverture forcée de la barrière au cycle 138
[ALPHA_X13_BURST13] mode=OFF radar_adj=0 mom= conf=0
[BETA_X5] [1;36m05:09:40[0m [1;33mx3[0m [1;36m#377[0m SKIP tension=[1;36m0.00087766[0m [0m| momentum_too_small [1;31mconf=0.0014[0m
[BETA_X5] mode=OFF radar_adj=0 mom= conf=0
[ALPHA_X13_BURST13] [1;36m05:09:44[0m [1;32mx13[0m [1;36m#138[0m SKIP tension=[1;36m0.00035462[0m [0m| momentum_too_small [1;31mconf=0.0006[0m
[BETA_X5] [1;36m05:09:48[0m [1;33mx3[0m [1;36m#378[0m SKIP tension=[1;36m0.00012502[0m [0m| momentum_too_small [1;31mconf=0.0002[0m
[BETA_X5] mode=OFF radar_adj=0 mom= conf=0
[BETA_X5] [1;36m05:09:56[0m [1;33mx3[0m [1;36m#379[0m SKIP tension=[1;36m0.00306596[0m [0m| momentum_too_small [1;31mconf=0.005[0m
[BETA_X5] mode=OFF radar_adj=0 mom= conf=0
[ALPHA_X13_BURST13] [BARRIER_TIMEOUT] BETA en retard, ouverture forcée de la barrière au cycle 139
[BETA_X5] [1;36m05:10:04[0m [1;33mx3[0m [1;36m#380[0m SKIP tension=[1;36m0.00007026[0m [0m| momentum_too_small [1;31mconf=0.0001[0m
[ALPHA_X13_BURST13] mode=OFF radar_adj=0 mom= conf=0
[BETA_X5] mode=OFF radar_adj=0 mom= conf=0
[ALPHA_X13_BURST13] [1;36m05:10:09[0m [1;32mx13[0m [1;36m#139[0m SKIP tension=[1;36m0.00063014[0m [0m| momentum_too_small [1;31mconf=0.001[0m
[BETA_X5] [1;36m05:10:12[0m [1;33mx3[0m [1;36m#381[0m SKIP tension=[1;36m0.00087856[0m [0m| momentum_too_small [1;31mconf=0.0014[0m
[BETA_X5] mode=OFF radar_adj=0 mom= conf=0
[BETA_X5] [1;36m05:10:21[0m [1;33mx3[0m [1;36m#382[0m SKIP tension=[1;36m0.00040254[0m [0m| momentum_too_small [1;31mconf=0.0007[0m
[BETA_X5] mode=OFF radar_adj=0 mom= conf=0
[ALPHA_X13_BURST13] [BARRIER_TIMEOUT] BETA en retard, ouverture forcée de la barrière au cycle 140
[ALPHA_X13_BURST13] mode=OFF radar_adj=0 mom= conf=0
[BETA_X5] [1;36m05:10:29[0m [1;33mx3[0m [1;36m#383[0m SKIP tension=[1;36m0.00000000[0m [0m| momentum_too_small [1;31mconf=0.3434[0m
[BETA_X5] mode=OFF radar_adj=0 mom= conf=0
[ALPHA_X13_BURST13] [1;36m05:10:34[0m [1;32mx13[0m [1;36m#140[0m SKIP tension=[1;36m0.00105490[0m [0m| momentum_too_small [1;31mconf=0.0017[0m
[BETA_X5] [1;36m05:10:37[0m [1;33mx3[0m [1;36m#384[0m SKIP tension=[1;36m0.00000000[0m [0m| momentum_too_small [1;31mconf=0.349[0m
[BETA_X5] mode=OFF radar_adj=0 mom= conf=0
[BETA_X5] [1;36m05:10:45[0m [1;33mx3[0m [1;36m#385[0m SKIP tension=[1;36m0.00043341[0m [0m| momentum_too_small [1;31mconf=0.0007[0m
[BETA_X5] mode=OFF radar_adj=0 mom= conf=0
[ALPHA_X13_BURST13] [BARRIER_TIMEOUT] BETA en retard, ouverture forcée de la barrière au cycle 141
[BETA_X5] [1;36m05:10:54[0m [1;33mx3[0m [1;36m#386[0m SKIP tension=[1;36m0.00030959[0m [0m| momentum_too_small [1;31mconf=0.0005[0m
[ALPHA_X13_BURST13] mode=OFF radar_adj=0 mom= conf=0
[BETA_X5] mode=OFF radar_adj=0 mom= conf=0
[ALPHA_X13_BURST13] [1;36m05:10:59[0m [1;32mx13[0m [1;36m#141[0m SKIP tension=[1;36m0.00088016[0m [0m| momentum_too_small [1;31mconf=0.0014[0m
[BETA_X5] [1;36m05:11:02[0m [1;33mx3[0m [1;36m#387[0m SKIP tension=[1;36m0.00050528[0m [0m| momentum_too_small [1;31mconf=0.0008[0m
[BETA_X5] mode=OFF radar_adj=0 mom= conf=0
[BETA_X5] [1;36m05:11:10[0m [1;33mx3[0m [1;36m#388[0m SKIP tension=[1;36m0.00059254[0m [0m| momentum_too_small [1;31mconf=0.001[0m
[BETA_X5] mode=OFF radar_adj=0 mom= conf=0
[ALPHA_X13_BURST13] [BARRIER_TIMEOUT] BETA en retard, ouverture forcée de la barrière au cycle 142
[ALPHA_X13_BURST13] mode=OFF radar_adj=0 mom= conf=0
[ALPHA_X13_BURST13] [1;36m05:11:23[0m [1;32mx13[0m [1;36m#142[0m SKIP tension=[1;36m0.00093698[0m [0m| momentum_too_small [1;31mconf=0.0015[0m
[BETA_X5] [1;36mentry=05:11:22@62746.40000000[0m [1;33mx3[0m [1;36m#389[0m [1;33mSELL[0m tension=[1;31m2.55901169[0m hold=[1;36m7[0ms sec=[1;36m7[0m [0m| exit=62746.40000000 [1;32mconf=0.9811[0m [1;36mexit_time=05:11:29[0m [1;33mpnl=-0.00000000 bps=-0.00000000 pct=-0.00000000% total=4.533410000000001[0m
[BETA_X5] mode=OFF radar_adj=0 mom= conf=0
[BETA_X5] [1;36m05:11:39[0m [1;33mx3[0m [1;36m#390[0m SKIP tension=[1;36m0.00155574[0m [0m| momentum_too_small [1;31mconf=0.0025[0m
[ALPHA_X13_BURST13] [BARRIER_TIMEOUT] BETA en retard, ouverture forcée de la barrière au cycle 143
[BETA_X5] mode=OFF radar_adj=0 mom= conf=0
[ALPHA_X13_BURST13] mode=OFF radar_adj=0 mom= conf=0
[BETA_X5] [1;36m05:11:48[0m [1;33mx3[0m [1;36m#391[0m SKIP tension=[1;36m0.00019398[0m [0m| momentum_too_small [1;31mconf=0.0003[0m
[ALPHA_X13_BURST13] [1;36m05:11:48[0m [1;32mx13[0m [1;36m#143[0m SKIP tension=[1;36m0.00000000[0m [0m| momentum_too_small [1;31mconf=0.343[0m
[BETA_X5] mode=OFF radar_adj=0 mom= conf=0
[BETA_X5] [1;36m05:11:56[0m [1;33mx3[0m [1;36m#392[0m SKIP tension=[1;36m0.00000000[0m [0m| momentum_too_small [1;31mconf=0.343[0m
[BETA_X5] mode=OFF radar_adj=0 mom= conf=0
[BETA_X5] [1;36m05:12:04[0m [1;33mx3[0m [1;36m#393[0m SKIP tension=[1;36m0.00088183[0m [0m| momentum_too_small [1;31mconf=0.0014[0m
[ALPHA_X13_BURST13] [BARRIER_TIMEOUT] BETA en retard, ouverture forcée de la barrière au cycle 144
[BETA_X5] mode=OFF radar_adj=0 mom= conf=0
[ALPHA_X13_BURST13] mode=OFF radar_adj=0 mom= conf=0
[BETA_X5] [1;36m05:12:12[0m [1;33mx3[0m [1;36m#394[0m SKIP tension=[1;36m0.00089948[0m [0m| momentum_too_small [1;31mconf=0.0015[0m
[ALPHA_X13_BURST13] [1;36m05:12:13[0m [1;32mx13[0m [1;36m#144[0m SKIP tension=[1;36m0.00088184[0m [0m| momentum_too_small [1;31mconf=0.0014[0m
[BETA_X5] mode=OFF radar_adj=0 mom= conf=0
[BETA_X5] [1;36m05:12:20[0m [1;33mx3[0m [1;36m#395[0m SKIP tension=[1;36m0.00050791[0m [0m| momentum_too_small [1;31mconf=0.0008[0m
[BETA_X5] mode=OFF radar_adj=0 mom= conf=0
[BETA_X5] [1;36m05:12:29[0m [1;33mx3[0m [1;36m#396[0m SKIP tension=[1;36m0.00089958[0m [0m| momentum_too_small [1;31mconf=0.0015[0m
[ALPHA_X13_BURST13] [BARRIER_TIMEOUT] BETA en retard, ouverture forcée de la barrière au cycle 145
[BETA_X5] mode=OFF radar_adj=0 mom= conf=0
[ALPHA_X13_BURST13] mode=OFF radar_adj=0 mom= conf=0
[BETA_X5] [1;36m05:12:37[0m [1;33mx3[0m [1;36m#397[0m SKIP tension=[1;36m0.00214611[0m [0m| momentum_too_small [1;31mconf=0.0035[0m
[ALPHA_X13_BURST13] [1;36m05:12:39[0m [1;32mx13[0m [1;36m#145[0m SKIP tension=[1;36m0.00050441[0m [0m| momentum_too_small [1;31mconf=0.0008[0m
[BETA_X5] mode=OFF radar_adj=0 mom= conf=0
[BETA_X5] [1;36m05:12:45[0m [1;33mx3[0m [1;36m#398[0m SKIP tension=[1;36m0.00070564[0m [0m| momentum_too_small [1;31mconf=0.0012[0m
[BETA_X5] mode=OFF radar_adj=0 mom= conf=0
[BETA_X5] [1;36m05:12:53[0m [1;33mx3[0m [1;36m#399[0m SKIP tension=[1;36m0.00070504[0m [0m| momentum_too_small [1;31mconf=0.0012[0m
[BETA_X5] mode=OFF radar_adj=0 mom= conf=0
[ALPHA_X13_BURST13] [BARRIER_TIMEOUT] BETA en retard, ouverture forcée de la barrière au cycle 146
[ALPHA_X13_BURST13] mode=OFF radar_adj=0 mom= conf=0
[BETA_X5] [1;36m05:13:01[0m [1;33mx3[0m [1;36m#400[0m SKIP tension=[1;36m0.00088138[0m [0m| momentum_too_small [1;31mconf=0.0014[0m
[BETA_X5] mode=OFF radar_adj=0 mom= conf=0
[ALPHA_X13_BURST13] [1;36m05:13:05[0m [1;32mx13[0m [1;36m#146[0m SKIP tension=[1;36m0.00090352[0m [0m| momentum_too_small [1;31mconf=0.0015[0m
[BETA_X5] [1;36m05:13:09[0m [1;33mx3[0m [1;36m#401[0m SKIP tension=[1;36m0.00107535[0m [0m| momentum_too_small [1;31mconf=0.0018[0m
[BETA_X5] mode=OFF radar_adj=0 mom= conf=0
[BETA_X5] [1;36m05:13:17[0m [1;33mx3[0m [1;36m#402[0m SKIP tension=[1;36m0.00070508[0m [0m| momentum_too_small [1;31mconf=0.0012[0m
[BETA_X5] mode=OFF radar_adj=0 mom= conf=0
[ALPHA_X13_BURST13] [BARRIER_TIMEOUT] BETA en retard, ouverture forcée de la barrière au cycle 147
[BETA_X5] [1;36m05:13:26[0m [1;33mx3[0m [1;36m#403[0m SKIP tension=[1;36m0.00088149[0m [0m| momentum_too_small [1;31mconf=0.0014[0m
[ALPHA_X13_BURST13] mode=OFF radar_adj=0 mom= conf=0
[BETA_X5] mode=OFF radar_adj=0 mom= conf=0
[ALPHA_X13_BURST13] [1;36m05:13:32[0m [1;32mx13[0m [1;36m#147[0m SKIP tension=[1;36m0.00043037[0m [0m| momentum_too_small [1;31mconf=0.0007[0m
[BETA_X5] [1;36m05:13:34[0m [1;33mx3[0m [1;36m#404[0m SKIP tension=[1;36m0.00006464[0m [0m| momentum_too_small [1;31mconf=0.0001[0m
[BETA_X5] mode=OFF radar_adj=0 mom= conf=0
[BETA_X5] [1;36m05:13:43[0m [1;33mx3[0m [1;36m#405[0m SKIP tension=[1;36m0.00002155[0m [0m| momentum_too_small [1;31mconf=0.0[0m
[BETA_X5] mode=OFF radar_adj=0 mom= conf=0
[ALPHA_X13_BURST13] [BARRIER_TIMEOUT] BETA en retard, ouverture forcée de la barrière au cycle 148
[ALPHA_X13_BURST13] mode=OFF radar_adj=0 mom= conf=0
[BETA_X5] [1;36m05:13:52[0m [1;33mx3[0m [1;36m#406[0m SKIP tension=[1;36m0.00000000[0m [0m| momentum_too_small [1;31mconf=0.343[0m
[BETA_X5] mode=OFF radar_adj=0 mom= conf=0
[ALPHA_X13_BURST13] [1;36m05:13:58[0m [1;32mx13[0m [1;36m#148[0m SKIP tension=[1;36m0.00052970[0m [0m| momentum_too_small [1;31mconf=0.0009[0m
[BETA_X5] [1;36m05:14:01[0m [1;33mx3[0m [1;36m#407[0m SKIP tension=[1;36m0.00021530[0m [0m| momentum_too_small [1;31mconf=0.0004[0m
[BETA_X5] mode=OFF radar_adj=0 mom= conf=0
[BETA_X5] [1;36m05:14:09[0m [1;33mx3[0m [1;36m#408[0m SKIP tension=[1;36m0.00215323[0m [0m| momentum_too_small [1;31mconf=0.0035[0m
[BETA_X5] mode=OFF radar_adj=0 mom= conf=0
[ALPHA_X13_BURST13] [BARRIER_TIMEOUT] BETA en retard, ouverture forcée de la barrière au cycle 149
[BETA_X5] [1;36m05:14:17[0m [1;33mx3[0m [1;36m#409[0m SKIP tension=[1;36m0.00045232[0m [0m| momentum_too_small [1;31mconf=0.0007[0m
[ALPHA_X13_BURST13] mode=OFF radar_adj=0 mom= conf=0
[BETA_X5] mode=OFF radar_adj=0 mom= conf=0
[ALPHA_X13_BURST13] [1;36m05:14:24[0m [1;32mx13[0m [1;36m#149[0m SKIP tension=[1;36m0.00000000[0m [0m| momentum_too_small [1;31mconf=0.343[0m
[BETA_X5] [1;36m05:14:26[0m [1;33mx3[0m [1;36m#410[0m SKIP tension=[1;36m0.00017662[0m [0m| momentum_too_small [1;31mconf=0.0003[0m
[BETA_X5] mode=OFF radar_adj=0 mom= conf=0
[BETA_X5] [1;36m05:14:35[0m [1;33mx3[0m [1;36m#411[0m SKIP tension=[1;36m0.00001590[0m [0m| momentum_too_small [1;31mconf=0.0[0m
[BETA_X5] mode=OFF radar_adj=0 mom= conf=0
[ALPHA_X13_BURST13] [BARRIER_TIMEOUT] BETA en retard, ouverture forcée de la barrière au cycle 150
[BETA_X5] [1;36m05:14:44[0m [1;33mx3[0m [1;36m#412[0m SKIP tension=[1;36m0.00000000[0m [0m| momentum_too_small [1;31mconf=0.343[0m
[ALPHA_X13_BURST13] mode=OFF radar_adj=0 mom= conf=0
[BETA_X5] mode=OFF radar_adj=0 mom= conf=0
[ALPHA_X13_BURST13] [1;36m05:14:50[0m [1;32mx13[0m [1;36m#150[0m SKIP tension=[1;36m0.00064688[0m [0m| momentum_too_small [1;31mconf=0.0011[0m
[BETA_X5] [1;36m05:14:53[0m [1;33mx3[0m [1;36m#413[0m SKIP tension=[1;36m0.00145770[0m [0m| momentum_too_small [1;31mconf=0.0024[0m
[BETA_X5] mode=OFF radar_adj=0 mom= conf=0
[BETA_X5] [1;36m05:15:02[0m [1;33mx3[0m [1;36m#414[0m SKIP tension=[1;36m0.02059488[0m [0m| direction_unclear [1;31mconf=0.0336[0m
[BETA_X5] mode=OFF radar_adj=0 mom= conf=0
[ALPHA_X13_BURST13] [BARRIER_TIMEOUT] BETA en retard, ouverture forcée de la barrière au cycle 151
[BETA_X5] [1;36m05:15:12[0m [1;33mx3[0m [1;36m#415[0m SKIP tension=[1;36m0.01478463[0m [0m| direction_unclear [1;31mconf=0.0242[0m
[ALPHA_X13_BURST13] mode=OFF radar_adj=0 mom= conf=0
[BETA_X5] mode=OFF radar_adj=0 mom= conf=0
[ALPHA_X13_BURST13] [1;36m05:15:18[0m [1;32mx13[0m [1;36m#151[0m SKIP tension=[1;36m0.00058729[0m [0m| momentum_too_small [1;31mconf=0.001[0m
[BETA_X5] [1;36m05:15:20[0m [1;33mx3[0m [1;36m#416[0m SKIP tension=[1;36m0.00047529[0m [0m| momentum_too_small [1;31mconf=0.0008[0m
[BETA_X5] mode=OFF radar_adj=0 mom= conf=0
[BETA_X5] [1;36m05:15:29[0m [1;33mx3[0m [1;36m#417[0m SKIP tension=[1;36m0.00002161[0m [0m| momentum_too_small [1;31mconf=0.0[0m
[BETA_X5] mode=OFF radar_adj=0 mom= conf=0
[ALPHA_X13_BURST13] [BARRIER_TIMEOUT] BETA en retard, ouverture forcée de la barrière au cycle 152
[BETA_X5] [1;36m05:15:38[0m [1;33mx3[0m [1;36m#418[0m SKIP tension=[1;36m0.00181725[0m [0m| momentum_too_small [1;31mconf=0.003[0m
[ALPHA_X13_BURST13] mode=OFF radar_adj=0 mom= conf=0
[BETA_X5] mode=OFF radar_adj=0 mom= conf=0
[ALPHA_X13_BURST13] [1;36m05:15:46[0m [1;32mx13[0m [1;36m#152[0m SKIP tension=[1;36m0.00359691[0m [0m| momentum_too_small [1;31mconf=0.0059[0m
[BETA_X5] [1;36m05:15:46[0m [1;33mx3[0m [1;36m#419[0m SKIP tension=[1;36m0.00086451[0m [0m| momentum_too_small [1;31mconf=0.0014[0m
[BETA_X5] mode=OFF radar_adj=0 mom= conf=0
[BETA_X5] [1;36m05:15:55[0m [1;33mx3[0m [1;36m#420[0m SKIP tension=[1;36m0.00043229[0m [0m| momentum_too_small [1;31mconf=0.0007[0m
[BETA_X5] mode=OFF radar_adj=0 mom= conf=0
[BETA_X5] [1;36m05:16:03[0m [1;33mx3[0m [1;36m#421[0m SKIP tension=[1;36m0.00001600[0m [0m| momentum_too_small [1;31mconf=0.0[0m
[ALPHA_X13_BURST13] [BARRIER_TIMEOUT] BETA en retard, ouverture forcée de la barrière au cycle 153
[BETA_X5] mode=OFF radar_adj=0 mom= conf=0
[ALPHA_X13_BURST13] mode=OFF radar_adj=0 mom= conf=0
[BETA_X5] [1;36m05:16:12[0m [1;33mx3[0m [1;36m#422[0m SKIP tension=[1;36m0.00021617[0m [0m| momentum_too_small [1;31mconf=0.0004[0m
[ALPHA_X13_BURST13] [1;36m05:16:12[0m [1;32mx13[0m [1;36m#153[0m SKIP tension=[1;36m0.00000000[0m [0m| momentum_too_small [1;31mconf=0.343[0m
[BETA_X5] mode=OFF radar_adj=0 mom= conf=0
[BETA_X5] [1;36m05:16:20[0m [1;33mx3[0m [1;36m#423[0m SKIP tension=[1;36m0.01146818[0m [0m| direction_unclear [1;31mconf=0.019[0m
[BETA_X5] mode=OFF radar_adj=0 mom= conf=0
[BETA_X5] [1;36m05:16:28[0m [1;33mx3[0m [1;36m#424[0m SKIP tension=[1;36m0.00006501[0m [0m| momentum_too_small [1;31mconf=0.0001[0m
[ALPHA_X13_BURST13] [BARRIER_TIMEOUT] BETA en retard, ouverture forcée de la barrière au cycle 154
[BETA_X5] mode=OFF radar_adj=0 mom= conf=0
[ALPHA_X13_BURST13] mode=OFF radar_adj=0 mom= conf=0
[BETA_X5] [1;36m05:16:37[0m [1;33mx3[0m [1;36m#425[0m SKIP tension=[1;36m0.00059010[0m [0m| momentum_too_small [1;31mconf=0.001[0m
[ALPHA_X13_BURST13] [1;36m05:16:39[0m [1;32mx13[0m [1;36m#154[0m SKIP tension=[1;36m0.00000000[0m [0m| momentum_too_small [1;31mconf=0.3486[0m
[BETA_X5] mode=OFF radar_adj=0 mom= conf=0
[BETA_X5] [1;36m05:16:46[0m [1;33mx3[0m [1;36m#426[0m SKIP tension=[1;36m0.00008682[0m [0m| momentum_too_small [1;31mconf=0.0001[0m
[BETA_X5] mode=OFF radar_adj=0 mom= conf=0
[ALPHA_X13_BURST13] [BARRIER_TIMEOUT] BETA en retard, ouverture forcée de la barrière au cycle 155
[ALPHA_X13_BURST13] mode=OFF radar_adj=0 mom= conf=0
[ALPHA_X13_BURST13] [1;36m05:17:05[0m [1;32mx13[0m [1;36m#155[0m SKIP tension=[1;36m0.00009492[0m [0m| momentum_too_small [1;31mconf=0.0002[0m
[BETA_X5] [1;36mCycle 427[0m [1;32mSOFT anomaly[0m [1;33m| pnl_abs=0.04230000 > 0.02500000[0m
[BETA_X5] [1;36mentry=05:17:00@62748.00000000[0m [1;33mx3[0m [1;36m#427[0m [1;31mSELL[0m tension=[1;31m10.91741475[0m hold=[1;36m6[0ms sec=[1;36m6[0m [0m| exit=62757.00000000 [1;32mconf=0.996[0m [1;36mexit_time=05:17:06[0m [1;31mpnl=-0.04230000 bps=-1.43430866 pct=-0.01434309% total=4.491110000000001[0m
[BETA_X5] mode=OFF radar_adj=0 mom= conf=0
[BETA_X5] [1;36m05:17:16[0m [1;33mx3[0m [1;36m#428[0m SKIP tension=[1;36m0.00015420[0m [0m| momentum_too_small [1;31mconf=0.0003[0m
[BETA_X5] mode=OFF radar_adj=0 mom= conf=0
[ALPHA_X13_BURST13] [BARRIER_TIMEOUT] BETA en retard, ouverture forcée de la barrière au cycle 156
[BETA_X5] [1;36m05:17:25[0m [1;33mx3[0m [1;36m#429[0m SKIP tension=[1;36m0.00017593[0m [0m| momentum_too_small [1;31mconf=0.0003[0m
[ALPHA_X13_BURST13] mode=OFF radar_adj=0 mom= conf=0
[BETA_X5] mode=OFF radar_adj=0 mom= conf=0
[ALPHA_X13_BURST13] [1;36m05:17:32[0m [1;32mx13[0m [1;36m#156[0m SKIP tension=[1;36m0.00155000[0m [0m| momentum_too_small [1;31mconf=0.0026[0m
[BETA_X5] [1;36m05:17:33[0m [1;33mx3[0m [1;36m#430[0m SKIP tension=[1;36m0.00035191[0m [0m| momentum_too_small [1;31mconf=0.0006[0m
[BETA_X5] mode=OFF radar_adj=0 mom= conf=0
[BETA_X5] [1;36m05:17:41[0m [1;33mx3[0m [1;36m#431[0m SKIP tension=[1;36m0.00001834[0m [0m| momentum_too_small [1;31mconf=0.0[0m
[BETA_X5] mode=OFF radar_adj=0 mom= conf=0
[BETA_X5] [1;36m05:17:50[0m [1;33mx3[0m [1;36m#432[0m SKIP tension=[1;36m0.00000000[0m [0m| momentum_too_small [1;31mconf=0.3497[0m
[ALPHA_X13_BURST13] [BARRIER_TIMEOUT] BETA en retard, ouverture forcée de la barrière au cycle 157
[BETA_X5] mode=OFF radar_adj=0 mom= conf=0
[ALPHA_X13_BURST13] mode=OFF radar_adj=0 mom= conf=0
[BETA_X5] [1;36m05:17:58[0m [1;33mx3[0m [1;36m#433[0m SKIP tension=[1;36m0.00000000[0m [0m| momentum_too_small [1;31mconf=0.3497[0m
[ALPHA_X13_BURST13] [1;36m05:17:59[0m [1;32mx13[0m [1;36m#157[0m SKIP tension=[1;36m0.00000000[0m [0m| momentum_too_small [1;31mconf=0.3497[0m
[BETA_X5] mode=OFF radar_adj=0 mom= conf=0
[BETA_X5] [1;36m05:18:07[0m [1;33mx3[0m [1;36m#434[0m SKIP tension=[1;36m0.00003151[0m [0m| momentum_too_small [1;31mconf=0.0001[0m
[BETA_X5] mode=OFF radar_adj=0 mom= conf=0
[BETA_X5] [1;36m05:18:15[0m [1;33mx3[0m [1;36m#435[0m SKIP tension=[1;36m0.00006616[0m [0m| momentum_too_small [1;31mconf=0.0001[0m
[ALPHA_X13_BURST13] [BARRIER_TIMEOUT] BETA en retard, ouverture forcée de la barrière au cycle 158
[BETA_X5] mode=OFF radar_adj=0 mom= conf=0
[ALPHA_X13_BURST13] mode=OFF radar_adj=0 mom= conf=0
[BETA_X5] [1;36m05:18:23[0m [1;33mx3[0m [1;36m#436[0m SKIP tension=[1;36m0.00010212[0m [0m| momentum_too_small [1;31mconf=0.0002[0m
[ALPHA_X13_BURST13] [1;36m05:18:25[0m [1;32mx13[0m [1;36m#158[0m SKIP tension=[1;36m0.00335687[0m [0m| momentum_too_small [1;31mconf=0.0056[0m
[BETA_X5] mode=OFF radar_adj=0 mom= conf=0
[BETA_X5] [1;36m05:18:31[0m [1;33mx3[0m [1;36m#437[0m SKIP tension=[1;36m0.00000000[0m [0m| momentum_too_small [1;31mconf=0.3497[0m
[BETA_X5] mode=OFF radar_adj=0 mom= conf=0
[BETA_X5] [1;36m05:18:39[0m [1;33mx3[0m [1;36m#438[0m SKIP tension=[1;36m0.00005004[0m [0m| momentum_too_small [1;31mconf=0.0001[0m
[BETA_X5] mode=OFF radar_adj=0 mom= conf=0
[ALPHA_X13_BURST13] [BARRIER_TIMEOUT] BETA en retard, ouverture forcée de la barrière au cycle 159
[ALPHA_X13_BURST13] mode=OFF radar_adj=0 mom= conf=0
[BETA_X5] [1;36m05:18:47[0m [1;33mx3[0m [1;36m#439[0m SKIP tension=[1;36m0.18159304[0m [0m| direction_unclear [1;31mconf=0.3024[0m
[ALPHA_X13_BURST13] [1;36m05:18:50[0m [1;32mx13[0m [1;36m#159[0m SKIP tension=[1;36m0.00000000[0m [0m| momentum_too_small [1;31mconf=0.3497[0m
[BETA_X5] mode=OFF radar_adj=0 mom= conf=0
[BETA_X5] [1;36m05:18:55[0m [1;33mx3[0m [1;36m#440[0m SKIP tension=[1;36m0.00001568[0m [0m| momentum_too_small [1;31mconf=0.0[0m
[BETA_X5] mode=OFF radar_adj=0 mom= conf=0
[BETA_X5] [1;36m05:19:03[0m [1;33mx3[0m [1;36m#441[0m SKIP tension=[1;36m0.00000936[0m [0m| momentum_too_small [1;31mconf=0.0[0m
[BETA_X5] mode=OFF radar_adj=0 mom= conf=0
[ALPHA_X13_BURST13] [BARRIER_TIMEOUT] BETA en retard, ouverture forcée de la barrière au cycle 160
[ALPHA_X13_BURST13] mode=OFF radar_adj=0 mom= conf=0
[BETA_X5] [1;36m05:19:11[0m [1;33mx3[0m [1;36m#442[0m SKIP tension=[1;36m0.52152199[0m [0m| wall_not_collapsed
[BETA_X5] mode=OFF radar_adj=0 mom= conf=0
[ALPHA_X13_BURST13] [1;36m05:19:15[0m [1;32mx13[0m [1;36m#160[0m SKIP tension=[1;36m0.68972139[0m [0m| wall_not_collapsed
[BETA_X5] [1;36m05:19:19[0m [1;33mx3[0m [1;36m#443[0m SKIP tension=[1;36m0.00004096[0m [0m| momentum_too_small [1;31mconf=0.0001[0m
[BETA_X5] mode=OFF radar_adj=0 mom= conf=0
[ALPHA_X13_BURST13] [BARRIER_TIMEOUT] BETA en retard, ouverture forcée de la barrière au cycle 161
[ALPHA_X13_BURST13] mode=OFF radar_adj=0 mom= conf=0
[BETA_X5] [1;36mentry=05:19:33@62766.50000000[0m [1;33mx3[0m [1;36m#444[0m [1;33mSELL[0m tension=[1;32m1.00281073[0m hold=[1;36m6[0ms sec=[1;36m6[0m [0m| exit=62766.50000000 [1;32mconf=0.999[0m [1;36mexit_time=05:19:39[0m [1;33mpnl=-0.00000000 bps=-0.00000000 pct=-0.00000000% total=4.491110000000001[0m
[ALPHA_X13_BURST13] [1;36m05:19:41[0m [1;32mx13[0m [1;36m#161[0m SKIP tension=[1;36m0.00000522[0m [0m| momentum_too_small [1;31mconf=0.0[0m
[BETA_X5] mode=OFF radar_adj=0 mom= conf=0
[BETA_X5] [1;36m05:19:49[0m [1;33mx3[0m [1;36m#445[0m SKIP tension=[1;36m0.00163543[0m [0m| momentum_too_small [1;31mconf=0.0027[0m
[BETA_X5] mode=OFF radar_adj=0 mom= conf=0
[BETA_X5] [1;36m05:19:57[0m [1;33mx3[0m [1;36m#446[0m SKIP tension=[1;36m0.00010619[0m [0m| momentum_too_small [1;31mconf=0.0002[0m
[ALPHA_X13_BURST13] [BARRIER_TIMEOUT] BETA en retard, ouverture forcée de la barrière au cycle 162
[BETA_X5] mode=OFF radar_adj=0 mom= conf=0
[ALPHA_X13_BURST13] mode=OFF radar_adj=0 mom= conf=0
[BETA_X5] [1;36m05:20:05[0m [1;33mx3[0m [1;36m#447[0m SKIP tension=[1;36m0.38393799[0m [0m| wall_not_collapsed
[ALPHA_X13_BURST13] [1;36m05:20:07[0m [1;32mx13[0m [1;36m#162[0m SKIP tension=[1;36m0.00009808[0m [0m| momentum_too_small [1;31mconf=0.0002[0m
[BETA_X5] mode=OFF radar_adj=0 mom= conf=0
[BETA_X5] [1;36m05:20:15[0m [1;33mx3[0m [1;36m#448[0m SKIP tension=[1;36m0.00028201[0m [0m| momentum_too_small [1;31mconf=0.0005[0m
[BETA_X5] mode=OFF radar_adj=0 mom= conf=0
[BETA_X5] [1;36m05:20:23[0m [1;33mx3[0m [1;36m#449[0m SKIP tension=[1;36m0.00002176[0m [0m| momentum_too_small [1;31mconf=0.0[0m
[BETA_X5] mode=OFF radar_adj=0 mom= conf=0
[ALPHA_X13_BURST13] [BARRIER_TIMEOUT] BETA en retard, ouverture forcée de la barrière au cycle 163
[ALPHA_X13_BURST13] mode=OFF radar_adj=0 mom= conf=0
[BETA_X5] [1;36m05:20:31[0m [1;33mx3[0m [1;36m#450[0m SKIP tension=[1;36m0.00009293[0m [0m| momentum_too_small [1;31mconf=0.0001[0m
[ALPHA_X13_BURST13] [1;36m05:20:33[0m [1;32mx13[0m [1;36m#163[0m SKIP tension=[1;36m0.02951297[0m [0m| direction_unclear [1;31mconf=0.0484[0m
[BETA_X5] mode=OFF radar_adj=0 mom= conf=0
[BETA_X5] [1;36mCycle 451[0m [1;32mSOFT anomaly[0m [1;33m| pnl_abs=0.03290000 > 0.02500000[0m
[ALPHA_X13_BURST13] [BARRIER_TIMEOUT] BETA en retard, ouverture forcée de la barrière au cycle 164
[BETA_X5] [1;36mentry=05:20:44@62766.60000000[0m [1;33mx3[0m [1;36m#451[0m [1;32mSELL[0m tension=[1;32m1.00980972[0m hold=[1;36m6[0ms sec=[1;36m6[0m [0m| exit=62759.60000000 [1;32mconf=0.9273[0m [1;36mexit_time=05:20:50[0m [1;32mpnl=0.03290000 bps=1.11524282 pct=0.01115243% total=4.5240100000000005[0m
[ALPHA_X13_BURST13] mode=OFF radar_adj=0 mom= conf=0
[BETA_X5] mode=OFF radar_adj=0 mom= conf=0
[ALPHA_X13_BURST13] [1;36m05:20:58[0m [1;32mx13[0m [1;36m#164[0m SKIP tension=[1;36m0.00001635[0m [0m| momentum_too_small [1;31mconf=0.0[0m
[BETA_X5] [1;36m05:21:00[0m [1;33mx3[0m [1;36m#452[0m SKIP tension=[1;36m0.00002230[0m [0m| momentum_too_small [1;31mconf=0.0[0m
[BETA_X5] mode=OFF radar_adj=0 mom= conf=0
[BETA_X5] [1;36m05:21:08[0m [1;33mx3[0m [1;36m#453[0m SKIP tension=[1;36m0.81682552[0m [0m| wall_not_collapsed
[BETA_X5] mode=OFF radar_adj=0 mom= conf=0
[BETA_X5] [1;36m05:21:16[0m [1;33mx3[0m [1;36m#454[0m SKIP tension=[1;36m0.00008179[0m [0m| momentum_too_small [1;31mconf=0.0001[0m
[ALPHA_X13_BURST13] [BARRIER_TIMEOUT] BETA en retard, ouverture forcée de la barrière au cycle 165
[BETA_X5] mode=OFF radar_adj=0 mom= conf=0
[ALPHA_X13_BURST13] mode=OFF radar_adj=0 mom= conf=0
[ALPHA_X13_BURST13] [1;36m05:21:24[0m [1;32mx13[0m [1;36m#165[0m SKIP tension=[1;36m0.00279426[0m [0m| momentum_too_small [1;31mconf=0.0042[0m
[BETA_X5] [1;36m05:21:24[0m [1;33mx3[0m [1;36m#455[0m SKIP tension=[1;36m0.00279426[0m [0m| momentum_too_small [1;31mconf=0.0042[0m
[BETA_X5] mode=OFF radar_adj=0 mom= conf=0
[BETA_X5] [1;36m05:21:33[0m [1;33mx3[0m [1;36m#456[0m SKIP tension=[1;36m0.00014874[0m [0m| momentum_too_small [1;31mconf=0.0002[0m
[BETA_X5] mode=OFF radar_adj=0 mom= conf=0
[BETA_X5] [1;36m05:21:41[0m [1;33mx3[0m [1;36m#457[0m SKIP tension=[1;36m0.35734340[0m [0m| wall_not_collapsed
[ALPHA_X13_BURST13] [BARRIER_TIMEOUT] BETA en retard, ouverture forcée de la barrière au cycle 166
[BETA_X5] mode=OFF radar_adj=0 mom= conf=0
[ALPHA_X13_BURST13] mode=OFF radar_adj=0 mom= conf=0
[BETA_X5] [1;36m05:21:49[0m [1;33mx3[0m [1;36m#458[0m SKIP tension=[1;36m0.00002590[0m [0m| momentum_too_small [1;31mconf=0.0[0m
[ALPHA_X13_BURST13] [1;36m05:21:50[0m [1;32mx13[0m [1;36m#166[0m SKIP tension=[1;36m0.36704168[0m [0m| wall_not_collapsed
[BETA_X5] mode=OFF radar_adj=0 mom= conf=0
[BETA_X5] [1;36m05:21:57[0m [1;33mx3[0m [1;36m#459[0m SKIP tension=[1;36m0.00007501[0m [0m| momentum_too_small [1;31mconf=0.0001[0m
[BETA_X5] mode=OFF radar_adj=0 mom= conf=0
[BETA_X5] [1;36m05:22:05[0m [1;33mx3[0m [1;36m#460[0m SKIP tension=[1;36m0.00003001[0m [0m| momentum_too_small [1;31mconf=0.0[0m
[ALPHA_X13_BURST13] [BARRIER_TIMEOUT] BETA en retard, ouverture forcée de la barrière au cycle 167
[BETA_X5] mode=OFF radar_adj=0 mom= conf=0
[ALPHA_X13_BURST13] mode=OFF radar_adj=0 mom= conf=0
[BETA_X5] [1;36m05:22:13[0m [1;33mx3[0m [1;36m#461[0m SKIP tension=[1;36m0.00007501[0m [0m| momentum_too_small [1;31mconf=0.0001[0m
[ALPHA_X13_BURST13] [1;36m05:22:15[0m [1;32mx13[0m [1;36m#167[0m SKIP tension=[1;36m0.00000000[0m [0m| momentum_too_small [1;31mconf=0.3071[0m
[BETA_X5] mode=OFF radar_adj=0 mom= conf=0
[BETA_X5] [1;36m05:22:21[0m [1;33mx3[0m [1;36m#462[0m SKIP tension=[1;36m0.00006719[0m [0m| momentum_too_small [1;31mconf=0.0001[0m
[BETA_X5] mode=OFF radar_adj=0 mom= conf=0
[BETA_X5] [1;36m05:22:29[0m [1;33mx3[0m [1;36m#463[0m SKIP tension=[1;36m0.23803443[0m [0m| wall_not_collapsed
[BETA_X5] mode=OFF radar_adj=0 mom= conf=0
[ALPHA_X13_BURST13] [BARRIER_TIMEOUT] BETA en retard, ouverture forcée de la barrière au cycle 168
[ALPHA_X13_BURST13] mode=OFF radar_adj=0 mom= conf=0
[BETA_X5] [1;36m05:22:37[0m [1;33mx3[0m [1;36m#464[0m SKIP tension=[1;36m0.00005251[0m [0m| momentum_too_small [1;31mconf=0.0001[0m
[ALPHA_X13_BURST13] [1;36m05:22:39[0m [1;32mx13[0m [1;36m#168[0m SKIP tension=[1;36m0.43091858[0m [0m| wall_not_collapsed
[BETA_X5] mode=OFF radar_adj=0 mom= conf=0
[BETA_X5] [1;36mCycle 465[0m [1;32mSOFT anomaly[0m [1;33m| pnl_abs=0.05828000 > 0.02500000[0m
[ALPHA_X13_BURST13] [BARRIER_TIMEOUT] BETA en retard, ouverture forcée de la barrière au cycle 169
[BETA_X5] [1;36mentry=05:22:49@62766.90000000[0m [1;33mx3[0m [1;36m#465[0m [1;32mSELL[0m tension=[1;32m1.82790226[0m hold=[1;36m5[0ms sec=[1;36m5[0m [0m| exit=62754.50000000 [1;32mconf=0.8765[0m [1;36mexit_time=05:22:55[0m [1;32mpnl=0.05828000 bps=1.97556355 pct=0.01975564% total=4.58229[0m
[ALPHA_X13_BURST13] mode=OFF radar_adj=0 mom= conf=0
[BETA_X5] mode=OFF radar_adj=0 mom= conf=0
[ALPHA_X13_BURST13] [1;36m05:23:04[0m [1;32mx13[0m [1;36m#169[0m SKIP tension=[1;36m0.00001501[0m [0m| momentum_too_small [1;31mconf=0.0[0m
[BETA_X5] [1;36m05:23:05[0m [1;33mx3[0m [1;36m#466[0m SKIP tension=[1;36m0.00001469[0m [0m| momentum_too_small [1;31mconf=0.0[0m
[BETA_X5] mode=OFF radar_adj=0 mom= conf=0
[BETA_X5] [1;36m05:23:12[0m [1;33mx3[0m [1;36m#467[0m SKIP tension=[1;36m0.00083504[0m [0m| momentum_too_small [1;31mconf=0.0014[0m
[BETA_X5] mode=OFF radar_adj=0 mom= conf=0
[BETA_X5] [1;36m05:23:21[0m [1;33mx3[0m [1;36m#468[0m SKIP tension=[1;36m0.00075205[0m [0m| momentum_too_small [1;31mconf=0.0013[0m
[ALPHA_X13_BURST13] [BARRIER_TIMEOUT] BETA en retard, ouverture forcée de la barrière au cycle 170
[BETA_X5] mode=OFF radar_adj=0 mom= conf=0
[ALPHA_X13_BURST13] mode=OFF radar_adj=0 mom= conf=0
[BETA_X5] [1;36m05:23:29[0m [1;33mx3[0m [1;36m#469[0m SKIP tension=[1;36m0.00000000[0m [0m| momentum_too_small [1;31mconf=0.3497[0m
[ALPHA_X13_BURST13] [1;36m05:23:30[0m [1;32mx13[0m [1;36m#170[0m SKIP tension=[1;36m0.00009332[0m [0m| momentum_too_small [1;31mconf=0.0002[0m
[BETA_X5] mode=OFF radar_adj=0 mom= conf=0
[BETA_X5] [1;36m05:23:37[0m [1;33mx3[0m [1;36m#470[0m SKIP tension=[1;36m0.00001020[0m [0m| momentum_too_small [1;31mconf=0.0[0m
[BETA_X5] mode=OFF radar_adj=0 mom= conf=0
[BETA_X5] [1;36m05:23:45[0m [1;33mx3[0m [1;36m#471[0m SKIP tension=[1;36m0.00021535[0m [0m| momentum_too_small [1;31mconf=0.0004[0m
[BETA_X5] mode=OFF radar_adj=0 mom= conf=0
[ALPHA_X13_BURST13] [BARRIER_TIMEOUT] BETA en retard, ouverture forcée de la barrière au cycle 171
[ALPHA_X13_BURST13] mode=OFF radar_adj=0 mom= conf=0
[BETA_X5] [1;36m05:23:53[0m [1;33mx3[0m [1;36m#472[0m SKIP tension=[1;36m0.00010676[0m [0m| momentum_too_small [1;31mconf=0.0002[0m
[ALPHA_X13_BURST13] [1;36m05:23:56[0m [1;32mx13[0m [1;36m#171[0m SKIP tension=[1;33m0.89890281[0m [0m| wall_not_collapsed
[BETA_X5] mode=OFF radar_adj=0 mom= conf=0
[BETA_X5] [1;36m05:24:01[0m [1;33mx3[0m [1;36m#473[0m SKIP tension=[1;36m0.00007506[0m [0m| momentum_too_small [1;31mconf=0.0001[0m
[BETA_X5] mode=OFF radar_adj=0 mom= conf=0
[BETA_X5] [1;36m05:24:10[0m [1;33mx3[0m [1;36m#474[0m SKIP tension=[1;31m2.83089368[0m [0m| tactic short vs long
[BETA_X5] mode=OFF radar_adj=0 mom= conf=0
[ALPHA_X13_BURST13] [BARRIER_TIMEOUT] BETA en retard, ouverture forcée de la barrière au cycle 172
[ALPHA_X13_BURST13] mode=OFF radar_adj=0 mom= conf=0
[BETA_X5] [1;36m05:24:18[0m [1;33mx3[0m [1;36m#475[0m SKIP tension=[1;36m0.00000000[0m [0m| momentum_too_small [1;31mconf=0.2953[0m
[BETA_X5] mode=OFF radar_adj=0 mom= conf=0
[ALPHA_X13_BURST13] [1;36m05:24:23[0m [1;32mx13[0m [1;36m#172[0m SKIP tension=[1;31m3.01424696[0m [0m| duo no_trigger
[BETA_X5] [1;36m05:24:28[0m [1;33mx3[0m [1;36m#476[0m SKIP tension=[1;36m0.00006607[0m [0m| momentum_too_small [1;31mconf=0.0001[0m
[BETA_X5] mode=OFF radar_adj=0 mom= conf=0
[BETA_X5] [1;36m05:24:36[0m [1;33mx3[0m [1;36m#477[0m SKIP tension=[1;36m0.63013848[0m [0m| wall_not_collapsed
[BETA_X5] mode=OFF radar_adj=0 mom= conf=0
[ALPHA_X13_BURST13] [BARRIER_TIMEOUT] BETA en retard, ouverture forcée de la barrière au cycle 173
[ALPHA_X13_BURST13] mode=OFF radar_adj=0 mom= conf=0
[BETA_X5] [1;36m05:24:44[0m [1;33mx3[0m [1;36m#478[0m SKIP tension=[1;33m0.88874091[0m [0m| wall_not_collapsed
[BETA_X5] mode=OFF radar_adj=0 mom= conf=0
[ALPHA_X13_BURST13] [1;36m05:24:48[0m [1;32mx13[0m [1;36m#173[0m SKIP tension=[1;36m0.18542546[0m [0m| direction_unclear [1;31mconf=0.1694[0m
[BETA_X5] [1;36m05:24:52[0m [1;33mx3[0m [1;36m#479[0m SKIP tension=[1;36m0.00000000[0m [0m| momentum_too_small [1;31mconf=0.1919[0m
[BETA_X5] mode=OFF radar_adj=0 mom= conf=0
[BETA_X5] [1;36m05:25:00[0m [1;33mx3[0m [1;36m#480[0m SKIP tension=[1;36m0.00010145[0m [0m| momentum_too_small [1;31mconf=0.0001[0m
[BETA_X5] mode=OFF radar_adj=0 mom= conf=0
[ALPHA_X13_BURST13] [BARRIER_TIMEOUT] BETA en retard, ouverture forcée de la barrière au cycle 174
[ALPHA_X13_BURST13] mode=OFF radar_adj=0 mom= conf=0
[BETA_X5] [1;36m05:25:08[0m [1;33mx3[0m [1;36m#481[0m SKIP [0m| Mode Écoute: spread=1.29060000 volat=113.03970234 (attente froid)
[BETA_X5] mode=OFF radar_adj=0 mom= conf=0
[ALPHA_X13_BURST13] [1;36m05:25:13[0m [1;32mx13[0m [1;36m#174[0m SKIP tension=[1;36m0.00006667[0m [0m| momentum_too_small [1;31mconf=0.0001[0m
[BETA_X5] [1;36m05:25:16[0m [1;33mx3[0m [1;36m#482[0m SKIP tension=[1;36m0.00001517[0m [0m| momentum_too_small [1;31mconf=0.0[0m
[BETA_X5] mode=OFF radar_adj=0 mom= conf=0
[BETA_X5] [1;36m05:25:25[0m [1;33mx3[0m [1;36m#483[0m SKIP tension=[1;36m0.00000717[0m [0m| momentum_too_small [1;31mconf=0.0[0m
[BETA_X5] mode=OFF radar_adj=0 mom= conf=0
[ALPHA_X13_BURST13] [BARRIER_TIMEOUT] BETA en retard, ouverture forcée de la barrière au cycle 175
[BETA_X5] [1;36m05:25:33[0m [1;33mx3[0m [1;36m#484[0m SKIP tension=[1;36m0.00030698[0m [0m| momentum_too_small [1;31mconf=0.0003[0m
[ALPHA_X13_BURST13] mode=OFF radar_adj=0 mom= conf=0
[BETA_X5] mode=OFF radar_adj=0 mom= conf=0
[ALPHA_X13_BURST13] [1;36m05:25:39[0m [1;32mx13[0m [1;36m#175[0m SKIP tension=[1;36m0.00001687[0m [0m| momentum_too_small [1;31mconf=0.0[0m
[BETA_X5] [1;36m05:25:41[0m [1;33mx3[0m [1;36m#485[0m SKIP tension=[1;36m0.00018662[0m [0m| momentum_too_small [1;31mconf=0.0002[0m
[BETA_X5] mode=OFF radar_adj=0 mom= conf=0
[BETA_X5] [1;36m05:25:49[0m [1;33mx3[0m [1;36m#486[0m SKIP tension=[1;36m0.00004638[0m [0m| momentum_too_small [1;31mconf=0.0001[0m
[BETA_X5] mode=OFF radar_adj=0 mom= conf=0
[ALPHA_X13_BURST13] [BARRIER_TIMEOUT] BETA en retard, ouverture forcée de la barrière au cycle 176
[BETA_X5] [1;36m05:25:58[0m [1;33mx3[0m [1;36m#487[0m SKIP tension=[1;36m0.00035675[0m [0m| momentum_too_small [1;31mconf=0.0004[0m
[ALPHA_X13_BURST13] mode=OFF radar_adj=0 mom= conf=0
[BETA_X5] mode=OFF radar_adj=0 mom= conf=0
[ALPHA_X13_BURST13] [1;36m05:26:04[0m [1;32mx13[0m [1;36m#176[0m SKIP tension=[1;36m0.00001866[0m [0m| momentum_too_small [1;31mconf=0.0[0m
[BETA_X5] [1;36m05:26:05[0m [1;33mx3[0m [1;36m#488[0m SKIP tension=[1;36m0.00010264[0m [0m| momentum_too_small [1;31mconf=0.0001[0m
[BETA_X5] mode=OFF radar_adj=0 mom= conf=0
[BETA_X5] [1;36m05:26:13[0m [1;33mx3[0m [1;36m#489[0m SKIP tension=[1;36m0.00000000[0m [0m| momentum_too_small [1;31mconf=0.2472[0m
[BETA_X5] mode=OFF radar_adj=0 mom= conf=0
[BETA_X5] [1;36m05:26:21[0m [1;33mx3[0m [1;36m#490[0m SKIP tension=[1;36m0.00005489[0m [0m| momentum_too_small [1;31mconf=0.0001[0m
[ALPHA_X13_BURST13] [BARRIER_TIMEOUT] BETA en retard, ouverture forcée de la barrière au cycle 177
[BETA_X5] mode=OFF radar_adj=0 mom= conf=0
[ALPHA_X13_BURST13] mode=OFF radar_adj=0 mom= conf=0
[BETA_X5] [1;36m05:26:29[0m [1;33mx3[0m [1;36m#491[0m SKIP tension=[1;36m0.00009331[0m [0m| momentum_too_small [1;31mconf=0.0001[0m
[ALPHA_X13_BURST13] [1;36m05:26:29[0m [1;32mx13[0m [1;36m#177[0m SKIP tension=[1;36m0.00012317[0m [0m| momentum_too_small [1;31mconf=0.0001[0m
[BETA_X5] mode=OFF radar_adj=0 mom= conf=0
[BETA_X5] [1;36m05:26:38[0m [1;33mx3[0m [1;36m#492[0m SKIP tension=[1;36m0.00001816[0m [0m| momentum_too_small [1;31mconf=0.0[0m
[BETA_X5] mode=OFF radar_adj=0 mom= conf=0
[BETA_X5] [1;36m05:26:46[0m [1;33mx3[0m [1;36m#493[0m SKIP tension=[1;36m0.00091986[0m [0m| momentum_too_small [1;31mconf=0.001[0m
[ALPHA_X13_BURST13] [BARRIER_TIMEOUT] BETA en retard, ouverture forcée de la barrière au cycle 178
[ALPHA_X13_BURST13] mode=OFF radar_adj=0 mom= conf=0
[BETA_X5] mode=OFF radar_adj=0 mom= conf=0
[BETA_X5] [1;36m05:26:55[0m [1;33mx3[0m [1;36m#494[0m SKIP tension=[1;36m0.00001683[0m [0m| momentum_too_small [1;31mconf=0.0[0m
[ALPHA_X13_BURST13] [1;36m05:26:55[0m [1;32mx13[0m [1;36m#178[0m SKIP tension=[1;31m3.01744359[0m [0m| duo no_trigger
[BETA_X5] mode=OFF radar_adj=0 mom= conf=0
[BETA_X5] [1;36m05:27:03[0m [1;33mx3[0m [1;36m#495[0m SKIP tension=[1;36m0.00007516[0m [0m| momentum_too_small [1;31mconf=0.0001[0m
[BETA_X5] mode=OFF radar_adj=0 mom= conf=0
[BETA_X5] [1;36m05:27:11[0m [1;33mx3[0m [1;36m#496[0m SKIP tension=[1;36m0.00029147[0m [0m| momentum_too_small [1;31mconf=0.0003[0m
[BETA_X5] mode=OFF radar_adj=0 mom= conf=0
[ALPHA_X13_BURST13] [BARRIER_TIMEOUT] BETA en retard, ouverture forcée de la barrière au cycle 179
[ALPHA_X13_BURST13] mode=OFF radar_adj=0 mom= conf=0
[BETA_X5] [1;36m05:27:20[0m [1;33mx3[0m [1;36m#497[0m SKIP tension=[1;36m0.00252652[0m [0m| momentum_too_small [1;31mconf=0.0041[0m
[ALPHA_X13_BURST13] [1;36m05:27:21[0m [1;32mx13[0m [1;36m#179[0m SKIP tension=[1;36m0.83817639[0m [0m| wall_not_collapsed
[BETA_X5] mode=OFF radar_adj=0 mom= conf=0
[BETA_X5] [1;36m05:27:28[0m [1;33mx3[0m [1;36m#498[0m SKIP tension=[1;36m0.00027311[0m [0m| momentum_too_small [1;31mconf=0.0005[0m
[BETA_X5] mode=OFF radar_adj=0 mom= conf=0
[ALPHA_X13_BURST13] [BARRIER_TIMEOUT] BETA en retard, ouverture forcée de la barrière au cycle 180
[ALPHA_X13_BURST13] mode=OFF radar_adj=0 mom= conf=0
[ALPHA_X13_BURST13] [1;36m05:27:46[0m [1;32mx13[0m [1;36m#180[0m SKIP tension=[1;36m0.00000000[0m [0m| momentum_too_small [1;31mconf=0.3497[0m
[BETA_X5] [1;36mentry=05:27:41@62837.20000000[0m [1;33mx3[0m [1;36m#499[0m [1;31mSELL[0m tension=[1;32m1.06019555[0m hold=[1;36m7[0ms sec=[1;36m7[0m [0m| exit=62840.00000000 [1;32mconf=0.996[0m [1;36mexit_time=05:27:48[0m [1;31mpnl=-0.01316000 bps=-0.44559592 pct=-0.00445596% total=4.56913[0m
[BETA_X5] mode=OFF radar_adj=0 mom= conf=0
[ALPHA_X13_BURST13] [BARRIER_TIMEOUT] BETA en retard, ouverture forcée de la barrière au cycle 181
[ALPHA_X13_BURST13] mode=OFF radar_adj=0 mom= conf=0
[BETA_X5] [1;36mentry=05:28:03@62839.90000000[0m [1;33mx3[0m [1;36m#500[0m [1;33mSELL[0m tension=[1;31m7.24795061[0m hold=[1;36m6[0ms sec=[1;36m6[0m [0m| exit=62839.90000000 [1;32mconf=0.999[0m [1;36mexit_time=05:28:09[0m [1;33mpnl=-0.00000000 bps=-0.00000000 pct=-0.00000000% total=4.56913[0m
[ALPHA_X13_BURST13] [1;36m05:28:12[0m [1;32mx13[0m [1;36m#181[0m SKIP tension=[1;36m0.00011552[0m [0m| momentum_too_small [1;31mconf=0.0002[0m
[BETA_X5] mode=OFF radar_adj=0 mom= conf=0
[BETA_X5] [1;36m05:28:19[0m [1;33mx3[0m [1;36m#501[0m SKIP tension=[1;36m0.19962835[0m [0m| direction_unclear [1;31mconf=0.3287[0m
[BETA_X5] mode=OFF radar_adj=0 mom= conf=0
[BETA_X5] [1;36m05:28:28[0m [1;33mx3[0m [1;36m#502[0m SKIP tension=[1;36m0.00000000[0m [0m| momentum_too_small [1;31mconf=0.3458[0m
[ALPHA_X13_BURST13] [BARRIER_TIMEOUT] BETA en retard, ouverture forcée de la barrière au cycle 182
[BETA_X5] mode=OFF radar_adj=0 mom= conf=0
[ALPHA_X13_BURST13] mode=OFF radar_adj=0 mom= conf=0
[BETA_X5] [1;36m05:28:36[0m [1;33mx3[0m [1;36m#503[0m SKIP tension=[1;36m0.00004565[0m [0m| momentum_too_small [1;31mconf=0.0001[0m
[ALPHA_X13_BURST13] [1;36m05:28:37[0m [1;32mx13[0m [1;36m#182[0m SKIP tension=[1;36m0.00002367[0m [0m| momentum_too_small [1;31mconf=0.0[0m
[BETA_X5] mode=OFF radar_adj=0 mom= conf=0
[BETA_X5] [1;36m05:28:44[0m [1;33mx3[0m [1;36m#504[0m SKIP tension=[1;36m0.00004709[0m [0m| momentum_too_small [1;31mconf=0.0001[0m
[BETA_X5] mode=OFF radar_adj=0 mom= conf=0
[BETA_X5] [1;36m05:28:53[0m [1;33mx3[0m [1;36m#505[0m SKIP tension=[1;36m0.00000000[0m [0m| momentum_too_small [1;31mconf=0.3458[0m
[ALPHA_X13_BURST13] [BARRIER_TIMEOUT] BETA en retard, ouverture forcée de la barrière au cycle 183
[BETA_X5] mode=OFF radar_adj=0 mom= conf=0
[ALPHA_X13_BURST13] mode=OFF radar_adj=0 mom= conf=0
[BETA_X5] [1;36m05:29:00[0m [1;33mx3[0m [1;36m#506[0m SKIP tension=[1;36m0.00020589[0m [0m| momentum_too_small [1;31mconf=0.0003[0m
[ALPHA_X13_BURST13] [1;36m05:29:03[0m [1;32mx13[0m [1;36m#183[0m SKIP tension=[1;31m2.49790909[0m [0m| duo no_trigger
[BETA_X5] mode=OFF radar_adj=0 mom= conf=0
[BETA_X5] [1;36m05:29:09[0m [1;33mx3[0m [1;36m#507[0m SKIP tension=[1;36m0.00002551[0m [0m| momentum_too_small [1;31mconf=0.0[0m
[BETA_X5] mode=OFF radar_adj=0 mom= conf=0
[BETA_X5] [1;36m05:29:16[0m [1;33mx3[0m [1;36m#508[0m SKIP tension=[1;36m0.00030883[0m [0m| momentum_too_small [1;31mconf=0.0005[0m
[BETA_X5] mode=OFF radar_adj=0 mom= conf=0
[ALPHA_X13_BURST13] [BARRIER_TIMEOUT] BETA en retard, ouverture forcée de la barrière au cycle 184
[ALPHA_X13_BURST13] mode=OFF radar_adj=0 mom= conf=0
[BETA_X5] [1;36m05:29:24[0m [1;33mx3[0m [1;36m#509[0m SKIP tension=[1;36m0.00001649[0m [0m| momentum_too_small [1;31mconf=0.0[0m
[BETA_X5] mode=OFF radar_adj=0 mom= conf=0
[ALPHA_X13_BURST13] [1;36m05:29:27[0m [1;32mx13[0m [1;36m#184[0m SKIP tension=[1;33m0.98104029[0m [0m| wall_not_collapsed
[BETA_X5] [1;36m05:29:32[0m [1;33mx3[0m [1;36m#510[0m SKIP tension=[1;36m0.00001894[0m [0m| momentum_too_small [1;31mconf=0.0[0m
[BETA_X5] mode=OFF radar_adj=0 mom= conf=0
[ALPHA_X13_BURST13] [BARRIER_TIMEOUT] BETA en retard, ouverture forcée de la barrière au cycle 185
[ALPHA_X13_BURST13] mode=OFF radar_adj=0 mom= conf=0
[ALPHA_X13_BURST13] [1;36m05:29:53[0m [1;32mx13[0m [1;36m#185[0m SKIP tension=[1;36m0.00843674[0m [0m| direction_unclear [1;31mconf=0.014[0m
[BETA_X5] [1;36mentry=05:29:46@62839.90000000[0m [1;33mx3[0m [1;36m#511[0m [1;33mSELL[0m tension=[1;31m4.81172484[0m hold=[1;36m7[0ms sec=[1;36m7[0m [0m| exit=62839.90000000 [1;32mconf=0.999[0m [1;36mexit_time=05:29:53[0m [1;33mpnl=-0.00000000 bps=-0.00000000 pct=-0.00000000% total=4.56913[0m
[BETA_X5] mode=OFF radar_adj=0 mom= conf=0
[BETA_X5] [1;36m05:30:03[0m [1;33mx3[0m [1;36m#512[0m SKIP tension=[1;36m0.00657493[0m [0m| momentum_too_small [1;31mconf=0.0105[0m
[BETA_X5] mode=OFF radar_adj=0 mom= conf=0
[ALPHA_X13_BURST13] [BARRIER_TIMEOUT] BETA en retard, ouverture forcée de la barrière au cycle 186
[BETA_X5] [1;36m05:30:11[0m [1;33mx3[0m [1;36m#513[0m SKIP tension=[1;36m0.01003078[0m [0m| direction_unclear [1;31mconf=0.016[0m
[ALPHA_X13_BURST13] mode=OFF radar_adj=0 mom= conf=0
[BETA_X5] mode=OFF radar_adj=0 mom= conf=0
[ALPHA_X13_BURST13] [1;36m05:30:18[0m [1;32mx13[0m [1;36m#186[0m SKIP tension=[1;36m0.00058324[0m [0m| momentum_too_small [1;31mconf=0.001[0m
[BETA_X5] [1;36m05:30:19[0m [1;33mx3[0m [1;36m#514[0m SKIP tension=[1;36m0.00028486[0m [0m| momentum_too_small [1;31mconf=0.0005[0m
[BETA_X5] mode=OFF radar_adj=0 mom= conf=0
[BETA_X5] [1;36m05:30:26[0m [1;33mx3[0m [1;36m#515[0m SKIP tension=[1;36m0.00000000[0m [0m| momentum_too_small [1;31mconf=0.3497[0m
[BETA_X5] mode=OFF radar_adj=0 mom= conf=0
[BETA_X5] [1;36m05:30:34[0m [1;33mx3[0m [1;36m#516[0m SKIP tension=[1;36m0.00004490[0m [0m| momentum_too_small [1;31mconf=0.0001[0m
[ALPHA_X13_BURST13] [BARRIER_TIMEOUT] BETA en retard, ouverture forcée de la barrière au cycle 187
[ALPHA_X13_BURST13] mode=OFF radar_adj=0 mom= conf=0
[BETA_X5] mode=OFF radar_adj=0 mom= conf=0
[ALPHA_X13_BURST13] [1;36m05:30:46[0m [1;32mx13[0m [1;36m#187[0m SKIP tension=[1;36m0.00000000[0m [0m| momentum_too_small [1;31mconf=0.3497[0m
[BETA_X5] [1;36m05:30:46[0m [1;33mx3[0m [1;36m#517[0m SKIP tension=[1;36m0.14881723[0m [0m| direction_unclear [1;31mconf=0.2478[0m
[BETA_X5] mode=OFF radar_adj=0 mom= conf=0
[BETA_X5] [1;36m05:31:02[0m [1;33mx3[0m [1;36m#518[0m SKIP tension=[1;36m0.00197250[0m [0m| momentum_too_small [1;31mconf=0.0033[0m
[BETA_X5] mode=OFF radar_adj=0 mom= conf=0
[BETA_X5] [1;36m05:31:17[0m [1;33mx3[0m [1;36m#519[0m SKIP tension=[1;36m0.00000440[0m [0m| momentum_too_small [1;31mconf=0.0[0m
[BETA_X5] mode=OFF radar_adj=0 mom= conf=0
[ALPHA_X13_BURST13] [BARRIER_TIMEOUT] BETA en retard, ouverture forcée de la barrière au cycle 188
[ALPHA_X13_BURST13] mode=OFF radar_adj=0 mom= conf=0
[ALPHA_X13_BURST13] [1;36m05:31:45[0m [1;32mx13[0m [1;36m#188[0m SKIP tension=[1;36m0.00000000[0m [0m| momentum_too_small [1;31mconf=0.334[0m
[BETA_X5] [1;36mCycle 520[0m [1;32mSOFT anomaly[0m [1;33m| pnl_abs=0.04324000 > 0.02500000[0m
[BETA_X5] [1;36mentry=05:31:44@62840.00000000[0m [1;33mx3[0m [1;36m#520[0m [1;32mSELL[0m tension=[1;31m4.27738664[0m hold=[1;36m16[0ms sec=[1;36m16[0m [0m| exit=62835.40000000 [1;32mconf=0.999[0m [1;36mexit_time=05:32:01[0m [1;32mpnl=0.04324000 bps=0.73201782 pct=0.00732018% total=4.61237[0m
[BETA_X5] mode=OFF radar_adj=0 mom= conf=0
[BETA_X5] [1;36m05:32:23[0m [1;33mx3[0m [1;36m#521[0m SKIP tension=[1;36m0.00127947[0m [0m| momentum_too_small [1;31mconf=0.002[0m
[BETA_X5] mode=OFF radar_adj=0 mom= conf=0
[ALPHA_X13_BURST13] [BARRIER_TIMEOUT] BETA en retard, ouverture forcée de la barrière au cycle 189
[ALPHA_X13_BURST13] mode=OFF radar_adj=0 mom= conf=0
[BETA_X5] [1;36m05:32:39[0m [1;33mx3[0m [1;36m#522[0m SKIP tension=[1;36m0.00000068[0m [0m| momentum_too_small [1;31mconf=0.0[0m
[BETA_X5] mode=OFF radar_adj=0 mom= conf=0
[ALPHA_X13_BURST13] [1;36m05:32:43[0m [1;32mx13[0m [1;36m#189[0m SKIP tension=[1;36m0.00008192[0m [0m| momentum_too_small [1;31mconf=0.0001[0m
[BETA_X5] [1;36m05:32:48[0m [1;33mx3[0m [1;36m#523[0m SKIP tension=[1;36m0.00007447[0m [0m| momentum_too_small [1;31mconf=0.0001[0m
[BETA_X5] mode=OFF radar_adj=0 mom= conf=0
[BETA_X5] [1;36m05:32:58[0m [1;33mx3[0m [1;36m#524[0m SKIP tension=[1;36m0.20098060[0m [0m| wall_not_collapsed
[BETA_X5] mode=OFF radar_adj=0 mom= conf=0
[ALPHA_X13_BURST13] [BARRIER_TIMEOUT] BETA en retard, ouverture forcée de la barrière au cycle 190
[ALPHA_X13_BURST13] mode=OFF radar_adj=0 mom= conf=0
[BETA_X5] [1;36m05:33:06[0m [1;33mx3[0m [1;36m#525[0m SKIP tension=[1;36m0.00006770[0m [0m| momentum_too_small [1;31mconf=0.0001[0m
[ALPHA_X13_BURST13] [1;36m05:33:08[0m [1;32mx13[0m [1;36m#190[0m SKIP tension=[1;36m0.00512251[0m [0m| momentum_too_small [1;31mconf=0.0081[0m
[BETA_X5] mode=OFF radar_adj=0 mom= conf=0
[BETA_X5] [1;36m05:33:14[0m [1;33mx3[0m [1;36m#526[0m SKIP tension=[1;36m0.00025006[0m [0m| momentum_too_small [1;31mconf=0.0004[0m
[BETA_X5] mode=OFF radar_adj=0 mom= conf=0
[BETA_X5] [1;36m05:33:23[0m [1;33mx3[0m [1;36m#527[0m SKIP tension=[1;36m0.00006773[0m [0m| momentum_too_small [1;31mconf=0.0001[0m
[BETA_X5] mode=OFF radar_adj=0 mom= conf=0
[ALPHA_X13_BURST13] [BARRIER_TIMEOUT] BETA en retard, ouverture forcée de la barrière au cycle 191
[ALPHA_X13_BURST13] mode=OFF radar_adj=0 mom= conf=0
[BETA_X5] [1;36m05:33:31[0m [1;33mx3[0m [1;36m#528[0m SKIP tension=[1;36m0.00000000[0m [0m| momentum_too_small [1;31mconf=0.3371[0m
[BETA_X5] mode=OFF radar_adj=0 mom= conf=0
[ALPHA_X13_BURST13] [1;36m05:33:34[0m [1;32mx13[0m [1;36m#191[0m SKIP tension=[1;36m0.12018487[0m [0m| direction_unclear [1;31mconf=0.1987[0m
[BETA_X5] [1;36mentry=05:33:44@62839.10000000[0m [1;33mx3[0m [1;36m#529[0m [1;31mSELL[0m tension=[1;32m1.92485634[0m hold=[1;36m6[0ms sec=[1;36m6[0m [0m| exit=62840.00000000 [1;32mconf=0.9911[0m [1;36mexit_time=05:33:50[0m [1;31mpnl=-0.00423000 bps=-0.14322293 pct=-0.00143223% total=4.608140000000001[0m
[ALPHA_X13_BURST13] [BARRIER_TIMEOUT] BETA en retard, ouverture forcée de la barrière au cycle 192
[ALPHA_X13_BURST13] mode=OFF radar_adj=0 mom= conf=0
[BETA_X5] mode=OFF radar_adj=0 mom= conf=0
[BETA_X5] [1;36m05:34:00[0m [1;33mx3[0m [1;36m#530[0m SKIP tension=[1;36m0.00004122[0m [0m| momentum_too_small [1;31mconf=0.0001[0m
[ALPHA_X13_BURST13] [1;36m05:34:00[0m [1;32mx13[0m [1;36m#192[0m SKIP tension=[1;36m0.00005247[0m [0m| momentum_too_small [1;31mconf=0.0001[0m
[BETA_X5] mode=OFF radar_adj=0 mom= conf=0
[BETA_X5] [1;36m05:34:09[0m [1;33mx3[0m [1;36m#531[0m SKIP tension=[1;36m0.53982150[0m [0m| wall_not_collapsed
[BETA_X5] mode=OFF radar_adj=0 mom= conf=0
[ALPHA_X13_BURST13] [BARRIER_TIMEOUT] BETA en retard, ouverture forcée de la barrière au cycle 193
[ALPHA_X13_BURST13] mode=OFF radar_adj=0 mom= conf=0
[ALPHA_X13_BURST13] [1;36m05:34:26[0m [1;32mx13[0m [1;36m#193[0m SKIP tension=[1;36m0.00001446[0m [0m| momentum_too_small [1;31mconf=0.0[0m
[BETA_X5] [1;36mentry=05:34:22@62839.90000000[0m [1;33mx3[0m [1;36m#532[0m [1;32mSELL[0m tension=[1;31m2.20991893[0m hold=[1;36m6[0ms sec=[1;36m6[0m [0m| exit=62839.10000000 [1;32mconf=0.999[0m [1;36mexit_time=05:34:29[0m [1;32mpnl=0.00376000 bps=0.12730765 pct=0.00127308% total=4.6119[0m
[BETA_X5] mode=OFF radar_adj=0 mom= conf=0
[BETA_X5] [1;36m05:34:39[0m [1;33mx3[0m [1;36m#533[0m SKIP tension=[1;36m0.00001355[0m [0m| momentum_too_small [1;31mconf=0.0[0m
[BETA_X5] mode=OFF radar_adj=0 mom= conf=0
[ALPHA_X13_BURST13] [BARRIER_TIMEOUT] BETA en retard, ouverture forcée de la barrière au cycle 194
[ALPHA_X13_BURST13] mode=OFF radar_adj=0 mom= conf=0
[BETA_X5] [1;36m05:34:48[0m [1;33mx3[0m [1;36m#534[0m SKIP tension=[1;36m0.00042287[0m [0m| momentum_too_small [1;31mconf=0.0007[0m
[BETA_X5] mode=OFF radar_adj=0 mom= conf=0
[ALPHA_X13_BURST13] [1;36m05:34:53[0m [1;32mx13[0m [1;36m#194[0m SKIP tension=[1;36m0.00000000[0m [0m| momentum_too_small [1;31mconf=0.334[0m
[BETA_X5] [1;36m05:34:57[0m [1;33mx3[0m [1;36m#535[0m SKIP tension=[1;36m0.53909423[0m [0m| wall_not_collapsed
[BETA_X5] mode=OFF radar_adj=0 mom= conf=0
[BETA_X5] [1;36m05:35:05[0m [1;33mx3[0m [1;36m#536[0m SKIP tension=[1;36m0.00001897[0m [0m| momentum_too_small [1;31mconf=0.0[0m
[BETA_X5] mode=OFF radar_adj=0 mom= conf=0
[ALPHA_X13_BURST13] [BARRIER_TIMEOUT] BETA en retard, ouverture forcée de la barrière au cycle 195
[BETA_X5] [1;36m05:35:13[0m [1;33mx3[0m [1;36m#537[0m SKIP tension=[1;36m0.00000000[0m [0m| momentum_too_small [1;31mconf=0.295[0m
[ALPHA_X13_BURST13] mode=OFF radar_adj=0 mom= conf=0
[BETA_X5] mode=OFF radar_adj=0 mom= conf=0
[ALPHA_X13_BURST13] [1;36m05:35:18[0m [1;32mx13[0m [1;36m#195[0m SKIP tension=[1;36m0.00001824[0m [0m| momentum_too_small [1;31mconf=0.0[0m
[BETA_X5] [1;36m05:35:21[0m [1;33mx3[0m [1;36m#538[0m SKIP tension=[1;36m0.03396230[0m [0m| direction_unclear [1;31mconf=0.0508[0m
[BETA_X5] mode=OFF radar_adj=0 mom= conf=0
[BETA_X5] [1;36m05:35:29[0m [1;33mx3[0m [1;36m#539[0m SKIP tension=[1;36m0.00002108[0m [0m| momentum_too_small [1;31mconf=0.0[0m
[BETA_X5] mode=OFF radar_adj=0 mom= conf=0
[ALPHA_X13_BURST13] [BARRIER_TIMEOUT] BETA en retard, ouverture forcée de la barrière au cycle 196
[BETA_X5] [1;36m05:35:38[0m [1;33mx3[0m [1;36m#540[0m SKIP tension=[1;36m0.00000000[0m [0m| momentum_too_small [1;31mconf=0.1958[0m
[ALPHA_X13_BURST13] mode=OFF radar_adj=0 mom= conf=0
[BETA_X5] mode=OFF radar_adj=0 mom= conf=0
[ALPHA_X13_BURST13] [1;36m05:35:43[0m [1;32mx13[0m [1;36m#196[0m SKIP tension=[1;36m0.00061332[0m [0m| momentum_too_small [1;31mconf=0.0006[0m
[BETA_X5] [1;36m05:35:46[0m [1;33mx3[0m [1;36m#541[0m SKIP tension=[1;36m0.00002733[0m [0m| momentum_too_small [1;31mconf=0.0[0m
[BETA_X5] mode=OFF radar_adj=0 mom= conf=0
[BETA_X5] [1;36m05:35:54[0m [1;33mx3[0m [1;36m#542[0m SKIP tension=[1;36m0.00003775[0m [0m| momentum_too_small [1;31mconf=0.0001[0m
[BETA_X5] mode=OFF radar_adj=0 mom= conf=0
[ALPHA_X13_BURST13] [BARRIER_TIMEOUT] BETA en retard, ouverture forcée de la barrière au cycle 197
[BETA_X5] [1;36m05:36:03[0m [1;33mx3[0m [1;36m#543[0m SKIP tension=[1;36m0.00011363[0m [0m| momentum_too_small [1;31mconf=0.0001[0m
[ALPHA_X13_BURST13] mode=OFF radar_adj=0 mom= conf=0
[BETA_X5] mode=OFF radar_adj=0 mom= conf=0
[ALPHA_X13_BURST13] [1;36m05:36:09[0m [1;32mx13[0m [1;36m#197[0m SKIP tension=[1;31m3.10977234[0m [0m| duo no_trigger
[BETA_X5] [1;36m05:36:10[0m [1;33mx3[0m [1;36m#544[0m SKIP tension=[1;36m0.00000000[0m [0m| momentum_too_small [1;31mconf=0.3114[0m
[BETA_X5] mode=OFF radar_adj=0 mom= conf=0
[ALPHA_X13_BURST13] [BARRIER_TIMEOUT] BETA en retard, ouverture forcée de la barrière au cycle 198
[ALPHA_X13_BURST13] mode=OFF radar_adj=0 mom= conf=0
[BETA_X5] [1;36mentry=05:36:21@62799.90000000[0m [1;33mx3[0m [1;36m#545[0m [1;32mSELL[0m tension=[1;31m3.11247441[0m hold=[1;36m9[0ms sec=[1;36m9[0m [0m| exit=62795.70000000 [1;33mconf=0.5902[0m [1;36mexit_time=05:36:30[0m [1;32mpnl=0.02226000 bps=0.66879087 pct=0.00668791% total=4.6341600000000005[0m
[BETA_X5] mode=OFF radar_adj=0 mom= conf=0
[ALPHA_X13_BURST13] [1;36m05:36:35[0m [1;32mx13[0m [1;36m#198[0m SKIP tension=[1;36m0.00000000[0m [0m| momentum_too_small [1;31mconf=0.1801[0m
[BETA_X5] [1;36m05:36:40[0m [1;33mx3[0m [1;36m#546[0m SKIP tension=[1;36m0.00009645[0m [0m| momentum_too_small [1;31mconf=0.0001[0m
[BETA_X5] mode=OFF radar_adj=0 mom= conf=0
[BETA_X5] [1;36m05:36:49[0m [1;33mx3[0m [1;36m#547[0m SKIP tension=[1;36m0.00011371[0m [0m| momentum_too_small [1;31mconf=0.0001[0m
[BETA_X5] mode=OFF radar_adj=0 mom= conf=0
[ALPHA_X13_BURST13] [BARRIER_TIMEOUT] BETA en retard, ouverture forcée de la barrière au cycle 199
[ALPHA_X13_BURST13] mode=OFF radar_adj=0 mom= conf=0
[BETA_X5] [1;36m05:36:57[0m [1;33mx3[0m [1;36m#548[0m SKIP tension=[1;36m0.00008292[0m [0m| momentum_too_small [1;31mconf=0.0001[0m
[BETA_X5] mode=OFF radar_adj=0 mom= conf=0
[ALPHA_X13_BURST13] [1;36m05:37:00[0m [1;32mx13[0m [1;36m#199[0m SKIP tension=[1;36m0.00003908[0m [0m| momentum_too_small [1;31mconf=0.0[0m
[BETA_X5] [1;36m05:37:06[0m [1;33mx3[0m [1;36m#549[0m SKIP tension=[1;36m0.00000451[0m [0m| momentum_too_small [1;31mconf=0.0[0m
[BETA_X5] mode=OFF radar_adj=0 mom= conf=0
[BETA_X5] [1;36m05:37:14[0m [1;33mx3[0m [1;36m#550[0m SKIP tension=[1;31m3.62828286[0m [0m| spread_too_wide [1;33mconf=0.5[0m
[BETA_X5] mode=OFF radar_adj=0 mom= conf=0
[ALPHA_X13_BURST13] [BARRIER_TIMEOUT] BETA en retard, ouverture forcée de la barrière au cycle 200
[ALPHA_X13_BURST13] mode=OFF radar_adj=0 mom= conf=0
[BETA_X5] [1;36m05:37:22[0m [1;33mx3[0m [1;36m#551[0m SKIP tension=[1;36m0.00000611[0m [0m| spread_too_wide [1;31mconf=0.0[0m
[BETA_X5] mode=OFF radar_adj=0 mom= conf=0
[ALPHA_X13_BURST13] [1;36m05:37:26[0m [1;32mx13[0m [1;36m#200[0m SKIP tension=[1;36m0.00004902[0m [0m| spread_too_wide [1;31mconf=0.0[0m
[BETA_X5] [1;36mCycle 552[0m [1;32mSOFT anomaly[0m [1;33m| pnl_abs=0.06674000 > 0.02500000[0m
[BETA_X5] [1;36mentry=05:37:35@62778.10000000[0m [1;33mx3[0m [1;36m#552[0m [1;32mSELL[0m tension=[1;31m4.29197071[0m hold=[1;36m7[0ms sec=[1;36m7[0m [0m| exit=62771.00000000 [1;33mconf=0.782[0m [1;36mexit_time=05:37:42[0m [1;32mpnl=0.06674000 bps=1.13096765 pct=0.01130968% total=4.700900000000001[0m
[ALPHA_X13_BURST13] [BARRIER_TIMEOUT] BETA en retard, ouverture forcée de la barrière au cycle 201
[BETA_X5] mode=OFF radar_adj=0 mom= conf=0
[ALPHA_X13_BURST13] mode=OFF radar_adj=0 mom= conf=0
[ALPHA_X13_BURST13] [1;36m05:37:53[0m [1;32mx13[0m [1;36m#201[0m SKIP tension=[1;36m0.46303694[0m [0m| wall_not_collapsed
[BETA_X5] [1;36m05:37:53[0m [1;33mx3[0m [1;36m#553[0m SKIP tension=[1;36m0.46303694[0m [0m| wall_not_collapsed
[BETA_X5] mode=OFF radar_adj=0 mom= conf=0
[BETA_X5] [1;36m05:38:01[0m [1;33mx3[0m [1;36m#554[0m SKIP tension=[1;36m0.00015584[0m [0m| momentum_too_small [1;31mconf=0.0003[0m
[BETA_X5] mode=OFF radar_adj=0 mom= conf=0
[BETA_X5] [1;36m05:38:09[0m [1;33mx3[0m [1;36m#555[0m SKIP tension=[1;36m0.84509793[0m [0m| wall_not_collapsed
[ALPHA_X13_BURST13] [BARRIER_TIMEOUT] BETA en retard, ouverture forcée de la barrière au cycle 202
[BETA_X5] mode=OFF radar_adj=0 mom= conf=0
[ALPHA_X13_BURST13] mode=OFF radar_adj=0 mom= conf=0
[BETA_X5] [1;36m05:38:17[0m [1;33mx3[0m [1;36m#556[0m SKIP tension=[1;36m0.00000668[0m [0m| momentum_too_small [1;31mconf=0.0[0m
[ALPHA_X13_BURST13] [1;36m05:38:18[0m [1;32mx13[0m [1;36m#202[0m SKIP tension=[1;36m0.00000000[0m [0m| momentum_too_small [1;31mconf=0.3357[0m
[BETA_X5] mode=OFF radar_adj=0 mom= conf=0
[BETA_X5] [1;36m05:38:26[0m [1;33mx3[0m [1;36m#557[0m SKIP tension=[1;36m0.42895726[0m [0m| wall_not_collapsed
[BETA_X5] mode=OFF radar_adj=0 mom= conf=0
[BETA_X5] [1;36m05:38:34[0m [1;33mx3[0m [1;36m#558[0m SKIP tension=[1;36m0.00000000[0m [0m| momentum_too_small [1;31mconf=0.3354[0m
[ALPHA_X13_BURST13] [BARRIER_TIMEOUT] BETA en retard, ouverture forcée de la barrière au cycle 203
[BETA_X5] mode=OFF radar_adj=0 mom= conf=0
[ALPHA_X13_BURST13] mode=OFF radar_adj=0 mom= conf=0
[BETA_X5] [1;36m05:38:42[0m [1;33mx3[0m [1;36m#559[0m SKIP tension=[1;36m0.00133251[0m [0m| momentum_too_small [1;31mconf=0.0021[0m
[ALPHA_X13_BURST13] [1;36m05:38:43[0m [1;32mx13[0m [1;36m#203[0m SKIP tension=[1;36m0.00000000[0m [0m| momentum_too_small [1;31mconf=0.3354[0m
[BETA_X5] mode=OFF radar_adj=0 mom= conf=0
[BETA_X5] [1;36m05:38:50[0m [1;33mx3[0m [1;36m#560[0m SKIP tension=[1;36m0.00002850[0m [0m| momentum_too_small [1;31mconf=0.0[0m
[BETA_X5] mode=OFF radar_adj=0 mom= conf=0
[ALPHA_X13_BURST13] [BARRIER_TIMEOUT] BETA en retard, ouverture forcée de la barrière au cycle 204
[ALPHA_X13_BURST13] mode=OFF radar_adj=0 mom= conf=0
[ALPHA_X13_BURST13] [1;36m05:39:08[0m [1;32mx13[0m [1;36m#204[0m SKIP tension=[1;36m0.00001941[0m [0m| momentum_too_small [1;31mconf=0.0[0m
[BETA_X5] [1;36mentry=05:39:04@62754.50000000[0m [1;33mx3[0m [1;36m#561[0m [1;31mSELL[0m tension=[1;31m3.08206553[0m hold=[1;36m6[0ms sec=[1;36m6[0m [0m| exit=62758.70000000 [1;32mconf=0.9582[0m [1;36mexit_time=05:39:10[0m [1;31mpnl=-0.01974000 bps=-0.66927471 pct=-0.00669275% total=4.68116[0m
[BETA_X5] mode=OFF radar_adj=0 mom= conf=0
[BETA_X5] [1;36m05:39:20[0m [1;33mx3[0m [1;36m#562[0m SKIP tension=[1;36m0.00206869[0m [0m| momentum_too_small [1;31mconf=0.0033[0m
[BETA_X5] mode=OFF radar_adj=0 mom= conf=0
[ALPHA_X13_BURST13] [BARRIER_TIMEOUT] BETA en retard, ouverture forcée de la barrière au cycle 205
[ALPHA_X13_BURST13] mode=OFF radar_adj=0 mom= conf=0
[ALPHA_X13_BURST13] [1;36m05:39:34[0m [1;32mx13[0m [1;36m#205[0m SKIP tension=[1;36m0.00002798[0m [0m| momentum_too_small [1;31mconf=0.0[0m
[BETA_X5] [1;36mentry=05:39:33@62754.50000000[0m [1;33mx3[0m [1;36m#563[0m [1;33mSELL[0m tension=[1;31m2.36270623[0m hold=[1;36m7[0ms sec=[1;36m7[0m [0m| exit=62754.50000000 [1;32mconf=0.9582[0m [1;36mexit_time=05:39:40[0m [1;33mpnl=-0.00000000 bps=-0.00000000 pct=-0.00000000% total=4.68116[0m
[BETA_X5] mode=OFF radar_adj=0 mom= conf=0
[BETA_X5] [1;36m05:39:51[0m [1;33mx3[0m [1;36m#564[0m SKIP tension=[1;36m0.00000000[0m [0m| momentum_too_small [1;31mconf=0.3354[0m
[ALPHA_X13_BURST13] [BARRIER_TIMEOUT] BETA en retard, ouverture forcée de la barrière au cycle 206
[BETA_X5] mode=OFF radar_adj=0 mom= conf=0
[ALPHA_X13_BURST13] mode=OFF radar_adj=0 mom= conf=0
[ALPHA_X13_BURST13] [1;36m05:39:59[0m [1;32mx13[0m [1;36m#206[0m SKIP tension=[1;36m0.00003565[0m [0m| momentum_too_small [1;31mconf=0.0001[0m
[BETA_X5] [1;36m05:39:59[0m [1;33mx3[0m [1;36m#565[0m SKIP tension=[1;36m0.00003565[0m [0m| momentum_too_small [1;31mconf=0.0001[0m
[BETA_X5] mode=OFF radar_adj=0 mom= conf=0
[BETA_X5] [1;36m05:40:08[0m [1;33mx3[0m [1;36m#566[0m SKIP tension=[1;36m0.43111693[0m [0m| wall_not_collapsed
[BETA_X5] mode=OFF radar_adj=0 mom= conf=0
[BETA_X5] [1;36m05:40:17[0m [1;33mx3[0m [1;36m#567[0m SKIP tension=[1;36m0.00017194[0m [0m| momentum_too_small [1;31mconf=0.0003[0m
[ALPHA_X13_BURST13] [BARRIER_TIMEOUT] BETA en retard, ouverture forcée de la barrière au cycle 207
[ALPHA_X13_BURST13] mode=OFF radar_adj=0 mom= conf=0
[BETA_X5] mode=OFF radar_adj=0 mom= conf=0
[ALPHA_X13_BURST13] [1;36m05:40:24[0m [1;32mx13[0m [1;36m#207[0m SKIP tension=[1;36m0.01074988[0m [0m| direction_unclear [1;31mconf=0.0165[0m
[BETA_X5] [1;36m05:40:25[0m [1;33mx3[0m [1;36m#568[0m SKIP tension=[1;36m0.00000000[0m [0m| momentum_too_small [1;31mconf=0.3225[0m
[BETA_X5] mode=OFF radar_adj=0 mom= conf=0
[BETA_X5] [1;36m05:40:34[0m [1;33mx3[0m [1;36m#569[0m SKIP tension=[1;36m0.00002417[0m [0m| momentum_too_small [1;31mconf=0.0[0m
[BETA_X5] mode=OFF radar_adj=0 mom= conf=0
[BETA_X5] [1;36m05:40:42[0m [1;33mx3[0m [1;36m#570[0m SKIP tension=[1;36m0.00008552[0m [0m| momentum_too_small [1;31mconf=0.0001[0m
[ALPHA_X13_BURST13] [BARRIER_TIMEOUT] BETA en retard, ouverture forcée de la barrière au cycle 208
[ALPHA_X13_BURST13] mode=OFF radar_adj=0 mom= conf=0
[BETA_X5] mode=OFF radar_adj=0 mom= conf=0
[ALPHA_X13_BURST13] [1;36m05:40:49[0m [1;32mx13[0m [1;36m#208[0m SKIP tension=[1;36m0.00001198[0m [0m| momentum_too_small [1;31mconf=0.0[0m
[BETA_X5] [1;36m05:40:50[0m [1;33mx3[0m [1;36m#571[0m SKIP tension=[1;36m0.00000545[0m [0m| momentum_too_small [1;31mconf=0.0[0m
[BETA_X5] mode=OFF radar_adj=0 mom= conf=0
[BETA_X5] [1;36m05:40:58[0m [1;33mx3[0m [1;36m#572[0m SKIP tension=[1;36m0.00980013[0m [0m| momentum_too_small [1;31mconf=0.0144[0m
[BETA_X5] mode=OFF radar_adj=0 mom= conf=0
[BETA_X5] [1;36m05:41:06[0m [1;33mx3[0m [1;36m#573[0m SKIP tension=[1;36m0.00036899[0m [0m| momentum_too_small [1;31mconf=0.0005[0m
[ALPHA_X13_BURST13] [BARRIER_TIMEOUT] BETA en retard, ouverture forcée de la barrière au cycle 209
[BETA_X5] mode=OFF radar_adj=0 mom= conf=0
[ALPHA_X13_BURST13] mode=OFF radar_adj=0 mom= conf=0
[BETA_X5] [1;36m05:41:14[0m [1;33mx3[0m [1;36m#574[0m SKIP tension=[1;36m0.00536416[0m [0m| momentum_too_small [1;31mconf=0.0079[0m
[ALPHA_X13_BURST13] [1;36m05:41:15[0m [1;32mx13[0m [1;36m#209[0m SKIP tension=[1;36m0.00524120[0m [0m| momentum_too_small [1;31mconf=0.0077[0m
[BETA_X5] mode=OFF radar_adj=0 mom= conf=0
[BETA_X5] [1;36m05:41:22[0m [1;33mx3[0m [1;36m#575[0m SKIP tension=[1;36m0.00731730[0m [0m| momentum_too_small [1;31mconf=0.0108[0m
[BETA_X5] mode=OFF radar_adj=0 mom= conf=0
[BETA_X5] [1;36m05:41:30[0m [1;33mx3[0m [1;36m#576[0m SKIP tension=[1;36m0.00025815[0m [0m| momentum_too_small [1;31mconf=0.0004[0m
[ALPHA_X13_BURST13] [BARRIER_TIMEOUT] BETA en retard, ouverture forcée de la barrière au cycle 210
[BETA_X5] mode=OFF radar_adj=0 mom= conf=0
[ALPHA_X13_BURST13] mode=OFF radar_adj=0 mom= conf=0
[BETA_X5] [1;36m05:41:38[0m [1;33mx3[0m [1;36m#577[0m SKIP tension=[1;36m0.01498685[0m [0m| direction_unclear [1;31mconf=0.022[0m
[ALPHA_X13_BURST13] [1;36m05:41:40[0m [1;32mx13[0m [1;36m#210[0m SKIP tension=[1;36m0.00007011[0m [0m| momentum_too_small [1;31mconf=0.0001[0m
[BETA_X5] mode=OFF radar_adj=0 mom= conf=0
[BETA_X5] [1;36m05:41:48[0m [1;33mx3[0m [1;36m#578[0m SKIP tension=[1;36m0.00024648[0m [0m| momentum_too_small [1;31mconf=0.0004[0m
[BETA_X5] mode=OFF radar_adj=0 mom= conf=0
[BETA_X5] [1;36m05:41:56[0m [1;33mx3[0m [1;36m#579[0m SKIP tension=[1;36m0.00001434[0m [0m| momentum_too_small [1;31mconf=0.0[0m
[ALPHA_X13_BURST13] [BARRIER_TIMEOUT] BETA en retard, ouverture forcée de la barrière au cycle 211
[BETA_X5] mode=OFF radar_adj=0 mom= conf=0
[ALPHA_X13_BURST13] mode=OFF radar_adj=0 mom= conf=0
[BETA_X5] [1;36m05:42:04[0m [1;33mx3[0m [1;36m#580[0m SKIP tension=[1;36m0.00002574[0m [0m| momentum_too_small [1;31mconf=0.0[0m
[ALPHA_X13_BURST13] [1;36m05:42:06[0m [1;32mx13[0m [1;36m#211[0m SKIP tension=[1;31m2.53018091[0m [0m| duo no_trigger
[BETA_X5] mode=OFF radar_adj=0 mom= conf=0
[BETA_X5] [1;36m05:42:12[0m [1;33mx3[0m [1;36m#581[0m SKIP tension=[1;36m0.39228207[0m [0m| wall_not_collapsed
[BETA_X5] mode=OFF radar_adj=0 mom= conf=0
[BETA_X5] [1;36m05:42:20[0m [1;33mx3[0m [1;36m#582[0m SKIP tension=[1;36m0.00693696[0m [0m| momentum_too_small [1;31mconf=0.011[0m
[BETA_X5] mode=OFF radar_adj=0 mom= conf=0
[ALPHA_X13_BURST13] [BARRIER_TIMEOUT] BETA en retard, ouverture forcée de la barrière au cycle 212
[ALPHA_X13_BURST13] mode=OFF radar_adj=0 mom= conf=0
[BETA_X5] [1;36m05:42:28[0m [1;33mx3[0m [1;36m#583[0m SKIP tension=[1;36m0.00015993[0m [0m| momentum_too_small [1;31mconf=0.0002[0m
[BETA_X5] mode=OFF radar_adj=0 mom= conf=0
[ALPHA_X13_BURST13] [1;36m05:42:31[0m [1;32mx13[0m [1;36m#212[0m SKIP tension=[1;36m0.00000000[0m [0m| momentum_too_small [1;31mconf=0.2751[0m
[BETA_X5] [1;36m05:42:36[0m [1;33mx3[0m [1;36m#584[0m SKIP tension=[1;36m0.00136837[0m [0m| momentum_too_small [1;31mconf=0.0017[0m
[BETA_X5] mode=OFF radar_adj=0 mom= conf=0
[BETA_X5] [1;36m05:42:44[0m [1;33mx3[0m [1;36m#585[0m SKIP tension=[1;36m0.13016028[0m [0m| direction_unclear [1;31mconf=0.2167[0m
[BETA_X5] mode=OFF radar_adj=0 mom= conf=0
[ALPHA_X13_BURST13] [BARRIER_TIMEOUT] BETA en retard, ouverture forcée de la barrière au cycle 213
[ALPHA_X13_BURST13] mode=OFF radar_adj=0 mom= conf=0
[BETA_X5] [1;36m05:42:53[0m [1;33mx3[0m [1;36m#586[0m SKIP tension=[1;36m0.48317748[0m [0m| wall_not_collapsed
[BETA_X5] mode=OFF radar_adj=0 mom= conf=0
[ALPHA_X13_BURST13] [1;36m05:42:57[0m [1;32mx13[0m [1;36m#213[0m SKIP tension=[1;36m0.00036717[0m [0m| spread_too_wide [1;31mconf=0.0003[0m
[BETA_X5] [1;36m05:43:01[0m [1;33mx3[0m [1;36m#587[0m SKIP tension=[1;36m0.01287956[0m [0m| spread_too_wide [1;31mconf=0.0107[0m
[BETA_X5] mode=OFF radar_adj=0 mom= conf=0
[ALPHA_X13_BURST13] [BARRIER_TIMEOUT] BETA en retard, ouverture forcée de la barrière au cycle 214
[ALPHA_X13_BURST13] mode=OFF radar_adj=0 mom= conf=0
[BETA_X5] [1;36mCycle 588[0m [1;32mSOFT anomaly[0m [1;33m| pnl_abs=0.07896000 > 0.02500000[0m
[BETA_X5] [1;36mentry=05:43:15@62741.80000000[0m [1;33mx3[0m [1;36m#588[0m [1;31mSELL[0m tension=[1;31m2.31560824[0m hold=[1;36m5[0ms sec=[1;36m5[0m [0m| exit=62758.60000000 [1;32mconf=0.8317[0m [1;36mexit_time=05:43:20[0m [1;31mpnl=-0.07896000 bps=-2.67764074 pct=-0.02677641% total=4.602200000000001[0m
[BETA_X5] mode=OFF radar_adj=0 mom= conf=0
[ALPHA_X13_BURST13] [1;36mCycle 214[0m [1;32mSOFT anomaly[0m [1;33m| pnl_abs=13.09068000 > 0.02500000[0m
[ALPHA_X13_BURST13] [1;36mentry=05:43:28@62758.60000000[0m [1;32mx13[0m [1;36m#214[0m [1;31mBUY[0m tension=[1;31m3.61688025[0m hold=[1;36m5[0ms sec=[1;36m5[0m [0m| exit=62705.90000000 [1;32mconf=0.999[0m [1;36mexit_time=05:43:33[0m [1;31mpnl=-13.09068000 bps=-8.39725552 pct=-0.08397256% total=-8.488480000000001[0m
[BETA_X5] [1;36mCycle 589[0m [1;32mSOFT anomaly[0m [1;33m| pnl_abs=0.23641000 > 0.02500000[0m
[BETA_X5] [1;36mentry=05:43:35@62758.60000000[0m [1;33mx3[0m [1;36m#589[0m [1;32mSELL[0m tension=[1;31m6.23860296[0m hold=[1;36m7[0ms sec=[1;36m7[0m [0m| exit=62708.30000000 [1;32mconf=0.9761[0m [1;36mexit_time=05:43:42[0m [1;32mpnl=0.23641000 bps=8.01483781 pct=0.08014838% total=-8.25207[0m
[BETA_X5] mode=OFF radar_adj=0 mom= conf=0
[BETA_X5] [1;36m05:43:53[0m [1;33mx3[0m [1;36m#590[0m SKIP tension=[1;36m0.00017456[0m [0m| momentum_too_small [1;31mconf=0.0003[0m
[ALPHA_X13_BURST13] [BARRIER_TIMEOUT] BETA en retard, ouverture forcée de la barrière au cycle 215
[ALPHA_X13_BURST13] mode=OFF radar_adj=0 mom= conf=0
[BETA_X5] mode=OFF radar_adj=0 mom= conf=0
[ALPHA_X13_BURST13] [1;36m05:44:01[0m [1;32mx13[0m [1;36m#215[0m SKIP tension=[1;33m0.91620731[0m [0m| wall_not_collapsed
[BETA_X5] [1;36m05:44:01[0m [1;33mx3[0m [1;36m#591[0m SKIP tension=[1;33m0.91620731[0m [0m| wall_not_collapsed
[BETA_X5] mode=OFF radar_adj=0 mom= conf=0
[BETA_X5] [1;36m05:44:09[0m [1;33mx3[0m [1;36m#592[0m SKIP tension=[1;36m0.00000000[0m [0m| momentum_too_small [1;31mconf=0.3099[0m
[BETA_X5] mode=OFF radar_adj=0 mom= conf=0
[BETA_X5] [1;36m05:44:18[0m [1;33mx3[0m [1;36m#593[0m SKIP tension=[1;36m0.00000000[0m [0m| momentum_too_small [1;31mconf=0.3075[0m
[ALPHA_X13_BURST13] [BARRIER_TIMEOUT] BETA en retard, ouverture forcée de la barrière au cycle 216
[BETA_X5] mode=OFF radar_adj=0 mom= conf=0
[ALPHA_X13_BURST13] mode=OFF radar_adj=0 mom= conf=0
[ALPHA_X13_BURST13] [1;36m05:44:27[0m [1;32mx13[0m [1;36m#216[0m SKIP tension=[1;32m1.68842657[0m [0m| duo no_trigger
[BETA_X5] [1;36mCycle 594[0m [1;32mSOFT anomaly[0m [1;33m| pnl_abs=0.14946000 > 0.02500000[0m
[BETA_X5] [1;36mentry=05:44:30@62726.90000000[0m [1;33mx3[0m [1;36m#594[0m [1;31mSELL[0m tension=[1;31m2.71986303[0m hold=[1;36m7[0ms sec=[1;36m7[0m [0m| exit=62758.70000000 [1;32mconf=0.999[0m [1;36mexit_time=05:44:37[0m [1;31mpnl=-0.14946000 bps=-5.06959534 pct=-0.05069595% total=-8.401530000000001[0m
[BETA_X5] mode=OFF radar_adj=0 mom= conf=0
[ALPHA_X13_BURST13] [BARRIER_TIMEOUT] BETA en retard, ouverture forcée de la barrière au cycle 217
[BETA_X5] [1;36m05:44:47[0m [1;33mx3[0m [1;36m#595[0m SKIP tension=[1;36m0.00022244[0m [0m| momentum_too_small [1;31mconf=0.0004[0m
[ALPHA_X13_BURST13] mode=OFF radar_adj=0 mom= conf=0
[BETA_X5] mode=OFF radar_adj=0 mom= conf=0
[ALPHA_X13_BURST13] [1;36m05:44:53[0m [1;32mx13[0m [1;36m#217[0m SKIP tension=[1;36m0.00023854[0m [0m| momentum_too_small [1;31mconf=0.0004[0m
[BETA_X5] [1;36m05:44:56[0m [1;33mx3[0m [1;36m#596[0m SKIP tension=[1;36m0.00000000[0m [0m| momentum_too_small [1;31mconf=0.3497[0m
[BETA_X5] mode=OFF radar_adj=0 mom= conf=0
[BETA_X5] [1;36m05:45:05[0m [1;33mx3[0m [1;36m#597[0m SKIP tension=[1;36m0.00001462[0m [0m| momentum_too_small [1;31mconf=0.0[0m
[BETA_X5] mode=OFF radar_adj=0 mom= conf=0
[ALPHA_X13_BURST13] [BARRIER_TIMEOUT] BETA en retard, ouverture forcée de la barrière au cycle 218
[BETA_X5] [1;36m05:45:12[0m [1;33mx3[0m [1;36m#598[0m SKIP tension=[1;36m0.56798389[0m [0m| wall_not_collapsed
[ALPHA_X13_BURST13] mode=OFF radar_adj=0 mom= conf=0
[BETA_X5] mode=OFF radar_adj=0 mom= conf=0
[ALPHA_X13_BURST13] [1;36m05:45:18[0m [1;32mx13[0m [1;36m#218[0m SKIP tension=[1;33m0.89798793[0m [0m| wall_not_collapsed
[BETA_X5] [1;36m05:45:20[0m [1;33mx3[0m [1;36m#599[0m SKIP tension=[1;36m0.68937748[0m [0m| wall_not_collapsed
[BETA_X5] mode=OFF radar_adj=0 mom= conf=0
[BETA_X5] [1;36m05:45:28[0m [1;33mx3[0m [1;36m#600[0m SKIP tension=[1;36m0.00000000[0m [0m| momentum_too_small [1;31mconf=0.3497[0m
[BETA_X5] mode=OFF radar_adj=0 mom= conf=0
[ALPHA_X13_BURST13] [BARRIER_TIMEOUT] BETA en retard, ouverture forcée de la barrière au cycle 219
[BETA_X5] [1;36m05:45:37[0m [1;33mx3[0m [1;36m#601[0m SKIP tension=[1;36m0.00694091[0m [0m| momentum_too_small [1;31mconf=0.0116[0m
[ALPHA_X13_BURST13] mode=OFF radar_adj=0 mom= conf=0
[BETA_X5] mode=OFF radar_adj=0 mom= conf=0
[ALPHA_X13_BURST13] [1;36m05:45:43[0m [1;32mx13[0m [1;36m#219[0m SKIP tension=[1;36m0.41891127[0m [0m| wall_not_collapsed
[BETA_X5] [1;36m05:45:45[0m [1;33mx3[0m [1;36m#602[0m SKIP tension=[1;36m0.00002275[0m [0m| momentum_too_small [1;31mconf=0.0[0m
[BETA_X5] mode=OFF radar_adj=0 mom= conf=0
[BETA_X5] [1;36m05:45:55[0m [1;33mx3[0m [1;36m#603[0m SKIP tension=[1;36m0.00040458[0m [0m| momentum_too_small [1;31mconf=0.0007[0m
[BETA_X5] mode=OFF radar_adj=0 mom= conf=0
[ALPHA_X13_BURST13] [BARRIER_TIMEOUT] BETA en retard, ouverture forcée de la barrière au cycle 220
[BETA_X5] [1;36m05:46:02[0m [1;33mx3[0m [1;36m#604[0m SKIP tension=[1;36m0.37457195[0m [0m| wall_not_collapsed
[ALPHA_X13_BURST13] mode=OFF radar_adj=0 mom= conf=0
[BETA_X5] mode=OFF radar_adj=0 mom= conf=0
[BETA_X5] [1;36m05:46:11[0m [1;33mx3[0m [1;36m#605[0m SKIP tension=[1;36m0.00000000[0m [0m| momentum_too_small [1;31mconf=0.3043[0m
[BETA_X5] mode=OFF radar_adj=0 mom= conf=0
[BETA_X5] [1;36m05:46:19[0m [1;33mx3[0m [1;36m#606[0m SKIP [0m| Mode Écoute: spread=2.08850000 volat=25.16143172 (attente froid)
[ALPHA_X13_BURST13] [1;36mCycle 220[0m [1;32mSOFT anomaly[0m [1;33m| pnl_abs=1.62833000 > 0.02500000[0m
[ALPHA_X13_BURST13] [1;36mentry=05:46:13@62723.00000000[0m [1;32mx13[0m [1;36m#220[0m [1;31mBUY[0m tension=[1;32m1.44522187[0m hold=[1;36m5[0ms sec=[1;36m5[0m [0m| exit=62709.90000000 [1;32mconf=0.998[0m [1;36mexit_time=05:46:19[0m [1;31mpnl=-1.62833000 bps=-2.08854806 pct=-0.02088548% total=-10.02986[0m
[BETA_X5] mode=OFF radar_adj=0 mom= conf=0
[BETA_X5] [1;36m05:46:27[0m [1;33mx3[0m [1;36m#607[0m SKIP tension=[1;36m0.00146235[0m [0m| momentum_too_small [1;31mconf=0.0024[0m
[BETA_X5] mode=OFF radar_adj=0 mom= conf=0
[BETA_X5] [1;36m05:46:36[0m [1;33mx3[0m [1;36m#608[0m SKIP tension=[1;36m0.00001163[0m [0m| momentum_too_small [1;31mconf=0.0[0m
[BETA_X5] mode=OFF radar_adj=0 mom= conf=0
[ALPHA_X13_BURST13] [BARRIER_TIMEOUT] BETA en retard, ouverture forcée de la barrière au cycle 221
[ALPHA_X13_BURST13] mode=OFF radar_adj=0 mom= conf=0
[BETA_X5] [1;36m05:46:43[0m [1;33mx3[0m [1;36m#609[0m SKIP tension=[1;36m0.00304940[0m [0m| momentum_too_small [1;31mconf=0.0041[0m
[BETA_X5] mode=OFF radar_adj=0 mom= conf=0
[BETA_X5] [1;36m05:46:52[0m [1;33mx3[0m [1;36m#610[0m SKIP tension=[1;36m0.00000000[0m [0m| momentum_too_small [1;31mconf=0.2855[0m
[BETA_X5] mode=OFF radar_adj=0 mom= conf=0
[ALPHA_X13_BURST13] [1;36mCycle 221[0m [1;32mSOFT anomaly[0m [1;33m| pnl_abs=0.16159000 > 0.02500000[0m
[ALPHA_X13_BURST13] [1;36mentry=05:46:51@62703.20000000[0m [1;32mx13[0m [1;36m#221[0m [1;32mBUY[0m tension=[1;32m1.01994306[0m hold=[1;36m6[0ms sec=[1;36m6[0m [0m| exit=62704.50000000 [1;32mconf=0.8027[0m [1;36mexit_time=05:46:58[0m [1;32mpnl=0.16159000 bps=0.20732594 pct=0.00207326% total=-9.868269999999999[0m
[BETA_X5] [1;36m05:47:00[0m [1;33mx3[0m [1;36m#611[0m SKIP tension=[1;36m0.00000000[0m [0m| momentum_too_small [1;31mconf=0.2691[0m
[BETA_X5] mode=OFF radar_adj=0 mom= conf=0
[ALPHA_X13_BURST13] [BARRIER_TIMEOUT] BETA en retard, ouverture forcée de la barrière au cycle 222
[BETA_X5] [1;36mCycle 612[0m [1;32mSOFT anomaly[0m [1;33m| pnl_abs=0.04408000 > 0.02500000[0m
[ALPHA_X13_BURST13] mode=OFF radar_adj=0 mom= conf=0
[BETA_X5] [1;36mentry=05:47:13@62700.50000000[0m [1;33mx3[0m [1;36m#612[0m [1;31mSELL[0m tension=[1;32m1.52786909[0m hold=[1;36m6[0ms sec=[1;36m6[0m [0m| exit=62706.30000000 [1;33mconf=0.7698[0m [1;36mexit_time=05:47:19[0m [1;31mpnl=-0.04408000 bps=-0.92503250 pct=-0.00925032% total=-9.91235[0m
[BETA_X5] mode=OFF radar_adj=0 mom= conf=0
[ALPHA_X13_BURST13] [1;36m05:47:25[0m [1;32mx13[0m [1;36m#222[0m SKIP tension=[1;33m0.90088627[0m [0m| wall_not_collapsed
[BETA_X5] [1;36mCycle 613[0m [1;32mSOFT anomaly[0m [1;33m| pnl_abs=0.02961000 > 0.02500000[0m
[BETA_X5] [1;36mentry=05:47:33@62706.30000000[0m [1;33mx3[0m [1;36m#613[0m [1;32mSELL[0m tension=[1;32m1.72625693[0m hold=[1;36m6[0ms sec=[1;36m6[0m [0m| exit=62700.00000000 [1;32mconf=0.9382[0m [1;36mexit_time=05:47:39[0m [1;32mpnl=0.02961000 bps=1.00468374 pct=0.01004684% total=-9.88274[0m
[ALPHA_X13_BURST13] [BARRIER_TIMEOUT] BETA en retard, ouverture forcée de la barrière au cycle 223
[BETA_X5] mode=OFF radar_adj=0 mom= conf=0
[ALPHA_X13_BURST13] mode=OFF radar_adj=0 mom= conf=0
[BETA_X5] [1;36m05:47:49[0m [1;33mx3[0m [1;36m#614[0m SKIP tension=[1;36m0.00000540[0m [0m| momentum_too_small [1;31mconf=0.0[0m
[ALPHA_X13_BURST13] [1;36m05:47:52[0m [1;32mx13[0m [1;36m#223[0m SKIP tension=[1;32m1.15994430[0m [0m| duo no_trigger
[BETA_X5] mode=OFF radar_adj=0 mom= conf=0
[BETA_X5] [1;36mCycle 615[0m [1;32mSOFT anomaly[0m [1;33m| pnl_abs=0.05499000 > 0.02500000[0m
[BETA_X5] [1;36mentry=05:48:02@62690.30000000[0m [1;33mx3[0m [1;36m#615[0m [1;32mSELL[0m tension=[1;32m1.86009896[0m hold=[1;36m6[0ms sec=[1;36m6[0m [0m| exit=62678.60000000 [1;32mconf=0.9322[0m [1;36mexit_time=05:48:09[0m [1;32mpnl=0.05499000 bps=1.86631744 pct=0.01866317% total=-9.82775[0m
[ALPHA_X13_BURST13] [BARRIER_TIMEOUT] BETA en retard, ouverture forcée de la barrière au cycle 224
[ALPHA_X13_BURST13] mode=OFF radar_adj=0 mom= conf=0
[BETA_X5] mode=OFF radar_adj=0 mom= conf=0
[ALPHA_X13_BURST13] [1;36m05:48:18[0m [1;32mx13[0m [1;36m#224[0m SKIP tension=[1;36m0.78286779[0m [0m| wall_not_collapsed
[BETA_X5] [1;36m05:48:18[0m [1;33mx3[0m [1;36m#616[0m SKIP tension=[1;36m0.78286779[0m [0m| wall_not_collapsed
[BETA_X5] mode=OFF radar_adj=0 mom= conf=0
[ALPHA_X13_BURST13] [BARRIER_TIMEOUT] BETA en retard, ouverture forcée de la barrière au cycle 225
[ALPHA_X13_BURST13] mode=OFF radar_adj=0 mom= conf=0
[BETA_X5] [1;36mentry=05:48:31@62681.50000000[0m [1;33mx3[0m [1;36m#617[0m [1;31mSELL[0m tension=[1;31m3.74687586[0m hold=[1;36m7[0ms sec=[1;36m7[0m [0m| exit=62684.30000000 [1;32mconf=0.999[0m [1;36mexit_time=05:48:38[0m [1;31mpnl=-0.01316000 bps=-0.44670278 pct=-0.00446703% total=-9.84091[0m
[BETA_X5] mode=OFF radar_adj=0 mom= conf=0
[ALPHA_X13_BURST13] [1;36m05:48:43[0m [1;32mx13[0m [1;36m#225[0m SKIP tension=[1;36m0.00025206[0m [0m| momentum_too_small [1;31mconf=0.0004[0m
[BETA_X5] [1;36m05:48:47[0m [1;33mx3[0m [1;36m#618[0m SKIP tension=[1;36m0.00012604[0m [0m| momentum_too_small [1;31mconf=0.0002[0m
[BETA_X5] mode=OFF radar_adj=0 mom= conf=0
[BETA_X5] [1;36m05:48:56[0m [1;33mx3[0m [1;36m#619[0m SKIP tension=[1;36m0.00008986[0m [0m| momentum_too_small [1;31mconf=0.0001[0m
[BETA_X5] mode=OFF radar_adj=0 mom= conf=0
[ALPHA_X13_BURST13] [BARRIER_TIMEOUT] BETA en retard, ouverture forcée de la barrière au cycle 226
[ALPHA_X13_BURST13] mode=OFF radar_adj=0 mom= conf=0
[BETA_X5] [1;36m05:49:04[0m [1;33mx3[0m [1;36m#620[0m SKIP tension=[1;33m0.97650362[0m [0m| wall_not_collapsed
[BETA_X5] mode=OFF radar_adj=0 mom= conf=0
[ALPHA_X13_BURST13] [1;36m05:49:08[0m [1;32mx13[0m [1;36m#226[0m SKIP tension=[1;36m0.83708066[0m [0m| wall_not_collapsed
[BETA_X5] [1;36m05:49:12[0m [1;33mx3[0m [1;36m#621[0m SKIP tension=[1;36m0.12502170[0m [0m| direction_unclear [1;31mconf=0.2077[0m
[BETA_X5] mode=OFF radar_adj=0 mom= conf=0
[BETA_X5] [1;36m05:49:20[0m [1;33mx3[0m [1;36m#622[0m SKIP tension=[1;36m0.00013239[0m [0m| momentum_too_small [1;31mconf=0.0002[0m
[BETA_X5] mode=OFF radar_adj=0 mom= conf=0
[ALPHA_X13_BURST13] [BARRIER_TIMEOUT] BETA en retard, ouverture forcée de la barrière au cycle 227
[ALPHA_X13_BURST13] mode=OFF radar_adj=0 mom= conf=0
[BETA_X5] [1;36m05:49:28[0m [1;33mx3[0m [1;36m#623[0m SKIP tension=[1;36m0.00013239[0m [0m| momentum_too_small [1;31mconf=0.0002[0m
[BETA_X5] mode=OFF radar_adj=0 mom= conf=0
[ALPHA_X13_BURST13] [1;36m05:49:33[0m [1;32mx13[0m [1;36m#227[0m SKIP tension=[1;36m0.00001285[0m [0m| momentum_too_small [1;31mconf=0.0[0m
[BETA_X5] [1;36m05:49:36[0m [1;33mx3[0m [1;36m#624[0m SKIP tension=[1;33m0.85503206[0m [0m| wall_not_collapsed
[BETA_X5] mode=OFF radar_adj=0 mom= conf=0
[BETA_X5] [1;36m05:49:44[0m [1;33mx3[0m [1;36m#625[0m SKIP tension=[1;36m0.00001402[0m [0m| momentum_too_small [1;31mconf=0.0[0m
[BETA_X5] mode=OFF radar_adj=0 mom= conf=0
[ALPHA_X13_BURST13] [BARRIER_TIMEOUT] BETA en retard, ouverture forcée de la barrière au cycle 228
[BETA_X5] [1;36m05:49:53[0m [1;33mx3[0m [1;36m#626[0m SKIP tension=[1;36m0.00002698[0m [0m| momentum_too_small [1;31mconf=0.0[0m
[ALPHA_X13_BURST13] mode=OFF radar_adj=0 mom= conf=0
[BETA_X5] mode=OFF radar_adj=0 mom= conf=0
[ALPHA_X13_BURST13] [1;36m05:49:59[0m [1;32mx13[0m [1;36m#228[0m SKIP tension=[1;36m0.00004278[0m [0m| momentum_too_small [1;31mconf=0.0001[0m
[BETA_X5] [1;36mentry=05:50:05@62694.40000000[0m [1;33mx3[0m [1;36m#627[0m [1;31mSELL[0m tension=[1;32m1.47711940[0m hold=[1;36m9[0ms sec=[1;36m9[0m [0m| exit=62695.10000000 [1;32mconf=0.9681[0m [1;36mexit_time=05:50:14[0m [1;31mpnl=-0.00329000 bps=-0.11165272 pct=-0.00111653% total=-9.8442[0m
[ALPHA_X13_BURST13] [BARRIER_TIMEOUT] BETA en retard, ouverture forcée de la barrière au cycle 229
[ALPHA_X13_BURST13] mode=OFF radar_adj=0 mom= conf=0
[BETA_X5] mode=OFF radar_adj=0 mom= conf=0
[ALPHA_X13_BURST13] [1;36m05:50:24[0m [1;32mx13[0m [1;36m#229[0m SKIP tension=[1;36m0.00000000[0m [0m| momentum_too_small [1;31mconf=0.3434[0m
[BETA_X5] [1;36m05:50:24[0m [1;33mx3[0m [1;36m#628[0m SKIP tension=[1;36m0.00000000[0m [0m| momentum_too_small [1;31mconf=0.3434[0m
[BETA_X5] mode=OFF radar_adj=0 mom= conf=0
[BETA_X5] [1;36m05:50:32[0m [1;33mx3[0m [1;36m#629[0m SKIP tension=[1;36m0.00008487[0m [0m| momentum_too_small [1;31mconf=0.0001[0m
[BETA_X5] mode=OFF radar_adj=0 mom= conf=0
[BETA_X5] [1;36m05:50:40[0m [1;33mx3[0m [1;36m#630[0m SKIP tension=[1;36m0.00001459[0m [0m| momentum_too_small [1;31mconf=0.0[0m
[ALPHA_X13_BURST13] [BARRIER_TIMEOUT] BETA en retard, ouverture forcée de la barrière au cycle 230
[BETA_X5] mode=OFF radar_adj=0 mom= conf=0
[ALPHA_X13_BURST13] mode=OFF radar_adj=0 mom= conf=0
[BETA_X5] [1;36m05:50:48[0m [1;33mx3[0m [1;36m#631[0m SKIP tension=[1;36m0.00014559[0m [0m| momentum_too_small [1;31mconf=0.0002[0m
[ALPHA_X13_BURST13] [1;36m05:50:49[0m [1;32mx13[0m [1;36m#230[0m SKIP tension=[1;36m0.00095759[0m [0m| momentum_too_small [1;31mconf=0.0016[0m
[BETA_X5] mode=OFF radar_adj=0 mom= conf=0
[BETA_X5] [1;36m05:50:57[0m [1;33mx3[0m [1;36m#632[0m SKIP tension=[1;36m0.00115816[0m [0m| momentum_too_small [1;31mconf=0.0019[0m
[BETA_X5] mode=OFF radar_adj=0 mom= conf=0
[BETA_X5] [1;36m05:51:05[0m [1;33mx3[0m [1;36m#633[0m SKIP tension=[1;36m0.00009683[0m [0m| momentum_too_small [1;31mconf=0.0002[0m
[ALPHA_X13_BURST13] [BARRIER_TIMEOUT] BETA en retard, ouverture forcée de la barrière au cycle 231
[BETA_X5] mode=OFF radar_adj=0 mom= conf=0
[ALPHA_X13_BURST13] mode=OFF radar_adj=0 mom= conf=0
[BETA_X5] [1;36m05:51:12[0m [1;33mx3[0m [1;36m#634[0m SKIP tension=[1;36m0.00001990[0m [0m| momentum_too_small [1;31mconf=0.0[0m
[ALPHA_X13_BURST13] [1;36m05:51:15[0m [1;32mx13[0m [1;36m#231[0m SKIP tension=[1;36m0.00001061[0m [0m| momentum_too_small [1;31mconf=0.0[0m
[BETA_X5] mode=OFF radar_adj=0 mom= conf=0
[BETA_X5] [1;36m05:51:20[0m [1;33mx3[0m [1;36m#635[0m SKIP tension=[1;36m0.26955111[0m [0m| wall_not_collapsed
[BETA_X5] mode=OFF radar_adj=0 mom= conf=0
[ALPHA_X13_BURST13] [BARRIER_TIMEOUT] BETA en retard, ouverture forcée de la barrière au cycle 232
[ALPHA_X13_BURST13] mode=OFF radar_adj=0 mom= conf=0
[BETA_X5] [1;36mCycle 636[0m [1;32mSOFT anomaly[0m [1;33m| pnl_abs=0.03116000 > 0.02500000[0m
[BETA_X5] [1;36mentry=05:51:32@62695.90000000[0m [1;33mx3[0m [1;36m#636[0m [1;31mSELL[0m tension=[1;31m5.42028184[0m hold=[1;36m6[0ms sec=[1;36m6[0m [0m| exit=62700.00000000 [1;32mconf=0.9671[0m [1;36mexit_time=05:51:39[0m [1;31mpnl=-0.03116000 bps=-0.65395026 pct=-0.00653950% total=-9.87536[0m
[ALPHA_X13_BURST13] [1;36m05:51:41[0m [1;32mx13[0m [1;36m#232[0m SKIP tension=[1;36m0.00000000[0m [0m| momentum_too_small [1;31mconf=0.3497[0m
[BETA_X5] mode=OFF radar_adj=0 mom= conf=0
[BETA_X5] [1;36m05:51:48[0m [1;33mx3[0m [1;36m#637[0m SKIP tension=[1;36m0.00000000[0m [0m| momentum_too_small [1;31mconf=0.3497[0m
[BETA_X5] mode=OFF radar_adj=0 mom= conf=0
[BETA_X5] [1;36m05:51:57[0m [1;33mx3[0m [1;36m#638[0m SKIP tension=[1;36m0.00000000[0m [0m| momentum_too_small [1;31mconf=0.3378[0m
[ALPHA_X13_BURST13] [BARRIER_TIMEOUT] BETA en retard, ouverture forcée de la barrière au cycle 233
[BETA_X5] mode=OFF radar_adj=0 mom= conf=0
[ALPHA_X13_BURST13] mode=OFF radar_adj=0 mom= conf=0
[BETA_X5] [1;36m05:52:06[0m [1;33mx3[0m [1;36m#639[0m SKIP tension=[1;36m0.00000000[0m [0m| momentum_too_small [1;31mconf=0.3378[0m
[ALPHA_X13_BURST13] [1;36m05:52:07[0m [1;32mx13[0m [1;36m#233[0m SKIP tension=[1;36m0.15726273[0m [0m| direction_unclear [1;31mconf=0.253[0m
[BETA_X5] mode=OFF radar_adj=0 mom= conf=0
[BETA_X5] [1;36m05:52:14[0m [1;33mx3[0m [1;36m#640[0m SKIP tension=[1;36m0.00011480[0m [0m| momentum_too_small [1;31mconf=0.0002[0m
[BETA_X5] mode=OFF radar_adj=0 mom= conf=0
[BETA_X5] [1;36m05:52:22[0m [1;33mx3[0m [1;36m#641[0m SKIP tension=[1;36m0.00000000[0m [0m| momentum_too_small [1;31mconf=0.3378[0m
[BETA_X5] mode=OFF radar_adj=0 mom= conf=0
[ALPHA_X13_BURST13] [BARRIER_TIMEOUT] BETA en retard, ouverture forcée de la barrière au cycle 234
[ALPHA_X13_BURST13] mode=OFF radar_adj=0 mom= conf=0
[BETA_X5] [1;36m05:52:30[0m [1;33mx3[0m [1;36m#642[0m SKIP tension=[1;36m0.00021597[0m [0m| momentum_too_small [1;31mconf=0.0003[0m
[ALPHA_X13_BURST13] [1;36m05:52:32[0m [1;32mx13[0m [1;36m#234[0m SKIP tension=[1;36m0.00000000[0m [0m| momentum_too_small [1;31mconf=0.3378[0m
[BETA_X5] mode=OFF radar_adj=0 mom= conf=0
[BETA_X5] [1;36m05:52:39[0m [1;33mx3[0m [1;36m#643[0m SKIP tension=[1;36m0.00456807[0m [0m| momentum_too_small [1;31mconf=0.0073[0m
[BETA_X5] mode=OFF radar_adj=0 mom= conf=0
[BETA_X5] [1;36m05:52:48[0m [1;33mx3[0m [1;36m#644[0m SKIP tension=[1;36m0.00024755[0m [0m| momentum_too_small [1;31mconf=0.0004[0m
[ALPHA_X13_BURST13] [BARRIER_TIMEOUT] BETA en retard, ouverture forcée de la barrière au cycle 235
[BETA_X5] mode=OFF radar_adj=0 mom= conf=0
[ALPHA_X13_BURST13] mode=OFF radar_adj=0 mom= conf=0
[BETA_X5] [1;36m05:52:56[0m [1;33mx3[0m [1;36m#645[0m SKIP tension=[1;36m0.00159441[0m [0m| momentum_too_small [1;31mconf=0.0026[0m
[ALPHA_X13_BURST13] [1;36m05:52:58[0m [1;32mx13[0m [1;36m#235[0m SKIP tension=[1;36m0.00006522[0m [0m| momentum_too_small [1;31mconf=0.0001[0m
[BETA_X5] mode=OFF radar_adj=0 mom= conf=0
[BETA_X5] [1;36m05:53:04[0m [1;33mx3[0m [1;36m#646[0m SKIP tension=[1;36m0.12621020[0m [0m| direction_unclear [1;31mconf=0.2076[0m
[BETA_X5] mode=OFF radar_adj=0 mom= conf=0
[BETA_X5] [1;36m05:53:12[0m [1;33mx3[0m [1;36m#647[0m SKIP tension=[1;36m0.39664188[0m [0m| wall_not_collapsed
[BETA_X5] mode=OFF radar_adj=0 mom= conf=0
[ALPHA_X13_BURST13] [BARRIER_TIMEOUT] BETA en retard, ouverture forcée de la barrière au cycle 236
[ALPHA_X13_BURST13] mode=OFF radar_adj=0 mom= conf=0
[BETA_X5] [1;36m05:53:20[0m [1;33mx3[0m [1;36m#648[0m SKIP tension=[1;36m0.00000000[0m [0m| momentum_too_small [1;31mconf=0.3441[0m
[BETA_X5] mode=OFF radar_adj=0 mom= conf=0
[ALPHA_X13_BURST13] [1;36m05:53:24[0m [1;32mx13[0m [1;36m#236[0m SKIP tension=[1;33m0.87982559[0m [0m| wall_not_collapsed
[BETA_X5] [1;36m05:53:28[0m [1;33mx3[0m [1;36m#649[0m SKIP tension=[1;36m0.00019459[0m [0m| momentum_too_small [1;31mconf=0.0003[0m
[BETA_X5] mode=OFF radar_adj=0 mom= conf=0
[BETA_X5] [1;36m05:53:37[0m [1;33mx3[0m [1;36m#650[0m SKIP tension=[1;36m0.13214245[0m [0m| direction_unclear [1;31mconf=0.2161[0m
[BETA_X5] mode=OFF radar_adj=0 mom= conf=0
[ALPHA_X13_BURST13] [BARRIER_TIMEOUT] BETA en retard, ouverture forcée de la barrière au cycle 237
[ALPHA_X13_BURST13] mode=OFF radar_adj=0 mom= conf=0
[BETA_X5] [1;36m05:53:44[0m [1;33mx3[0m [1;36m#651[0m SKIP tension=[1;36m0.00042551[0m [0m| momentum_too_small [1;31mconf=0.0007[0m
[BETA_X5] mode=OFF radar_adj=0 mom= conf=0
[ALPHA_X13_BURST13] [1;36m05:53:49[0m [1;32mx13[0m [1;36m#237[0m SKIP tension=[1;36m0.00000260[0m [0m| momentum_too_small [1;31mconf=0.0[0m
[BETA_X5] [1;36m05:53:52[0m [1;33mx3[0m [1;36m#652[0m SKIP tension=[1;36m0.00000000[0m [0m| momentum_too_small [1;31mconf=0.3434[0m
[BETA_X5] mode=OFF radar_adj=0 mom= conf=0
[BETA_X5] [1;36m05:54:00[0m [1;33mx3[0m [1;36m#653[0m SKIP tension=[1;36m0.00000000[0m [0m| momentum_too_small [1;31mconf=0.3434[0m
[BETA_X5] mode=OFF radar_adj=0 mom= conf=0
[ALPHA_X13_BURST13] [BARRIER_TIMEOUT] BETA en retard, ouverture forcée de la barrière au cycle 238
[ALPHA_X13_BURST13] mode=OFF radar_adj=0 mom= conf=0
[BETA_X5] [1;36m05:54:09[0m [1;33mx3[0m [1;36m#654[0m SKIP tension=[1;36m0.00006036[0m [0m| momentum_too_small [1;31mconf=0.0001[0m
[BETA_X5] mode=OFF radar_adj=0 mom= conf=0
[ALPHA_X13_BURST13] [1;36m05:54:14[0m [1;32mx13[0m [1;36m#238[0m SKIP tension=[1;36m0.00020610[0m [0m| momentum_too_small [1;31mconf=0.0003[0m
[BETA_X5] [1;36m05:54:18[0m [1;33mx3[0m [1;36m#655[0m SKIP tension=[1;36m0.00040421[0m [0m| momentum_too_small [1;31mconf=0.0006[0m
[BETA_X5] mode=OFF radar_adj=0 mom= conf=0
[BETA_X5] [1;36m05:54:26[0m [1;33mx3[0m [1;36m#656[0m SKIP tension=[1;36m0.00002268[0m [0m| momentum_too_small [1;31mconf=0.0[0m
[BETA_X5] mode=OFF radar_adj=0 mom= conf=0
[ALPHA_X13_BURST13] [BARRIER_TIMEOUT] BETA en retard, ouverture forcée de la barrière au cycle 239
[ALPHA_X13_BURST13] mode=OFF radar_adj=0 mom= conf=0
[BETA_X5] [1;36m05:54:34[0m [1;33mx3[0m [1;36m#657[0m SKIP tension=[1;36m0.00009488[0m [0m| momentum_too_small [1;31mconf=0.0001[0m
[BETA_X5] mode=OFF radar_adj=0 mom= conf=0
[ALPHA_X13_BURST13] [1;36m05:54:39[0m [1;32mx13[0m [1;36m#239[0m SKIP tension=[1;36m0.00000532[0m [0m| momentum_too_small [1;31mconf=0.0[0m
[BETA_X5] [1;36m05:54:42[0m [1;33mx3[0m [1;36m#658[0m SKIP tension=[1;36m0.00005786[0m [0m| momentum_too_small [1;31mconf=0.0001[0m
[BETA_X5] mode=OFF radar_adj=0 mom= conf=0
[BETA_X5] [1;36m05:54:50[0m [1;33mx3[0m [1;36m#659[0m SKIP tension=[1;36m0.00008489[0m [0m| momentum_too_small [1;31mconf=0.0001[0m
[BETA_X5] mode=OFF radar_adj=0 mom= conf=0
[ALPHA_X13_BURST13] [BARRIER_TIMEOUT] BETA en retard, ouverture forcée de la barrière au cycle 240
[BETA_X5] [1;36m05:54:58[0m [1;33mx3[0m [1;36m#660[0m SKIP tension=[1;36m0.00164426[0m [0m| momentum_too_small [1;31mconf=0.0025[0m
[ALPHA_X13_BURST13] mode=OFF radar_adj=0 mom= conf=0
[BETA_X5] mode=OFF radar_adj=0 mom= conf=0
[ALPHA_X13_BURST13] [1;36m05:55:04[0m [1;32mx13[0m [1;36m#240[0m SKIP tension=[1;36m0.00000508[0m [0m| momentum_too_small [1;31mconf=0.0[0m
[BETA_X5] [1;36m05:55:06[0m [1;33mx3[0m [1;36m#661[0m SKIP tension=[1;36m0.19938812[0m [0m| direction_unclear [1;31mconf=0.332[0m
[BETA_X5] mode=OFF radar_adj=0 mom= conf=0
[BETA_X5] [1;36m05:55:13[0m [1;33mx3[0m [1;36m#662[0m SKIP tension=[1;36m0.00524424[0m [0m| momentum_too_small [1;31mconf=0.0087[0m
[BETA_X5] mode=OFF radar_adj=0 mom= conf=0
[ALPHA_X13_BURST13] [BARRIER_TIMEOUT] BETA en retard, ouverture forcée de la barrière au cycle 241
[ALPHA_X13_BURST13] mode=OFF radar_adj=0 mom= conf=0
[ALPHA_X13_BURST13] [1;36m05:55:30[0m [1;32mx13[0m [1;36m#241[0m SKIP tension=[1;36m0.00000673[0m [0m| momentum_too_small [1;31mconf=0.0[0m
[BETA_X5] [1;36mCycle 663[0m [1;32mSOFT anomaly[0m [1;33m| pnl_abs=0.04982000 > 0.02500000[0m
[BETA_X5] [1;36mentry=05:55:26@62696.50000000[0m [1;33mx3[0m [1;36m#663[0m [1;32mSELL[0m tension=[1;31m3.22241217[0m hold=[1;36m12[0ms sec=[1;36m12[0m [0m| exit=62685.90000000 [1;32mconf=0.9512[0m [1;36mexit_time=05:55:39[0m [1;32mpnl=0.04982000 bps=1.69068449 pct=0.01690684% total=-9.82554[0m
[BETA_X5] mode=OFF radar_adj=0 mom= conf=0
[ALPHA_X13_BURST13] [BARRIER_TIMEOUT] BETA en retard, ouverture forcée de la barrière au cycle 242
[BETA_X5] [1;36m05:55:49[0m [1;33mx3[0m [1;36m#664[0m SKIP tension=[1;36m0.00393681[0m [0m| momentum_too_small [1;31mconf=0.0059[0m
[ALPHA_X13_BURST13] mode=OFF radar_adj=0 mom= conf=0
[BETA_X5] mode=OFF radar_adj=0 mom= conf=0
[ALPHA_X13_BURST13] [1;36m05:55:56[0m [1;32mx13[0m [1;36m#242[0m SKIP tension=[1;36m0.00002682[0m [0m| momentum_too_small [1;31mconf=0.0[0m
[BETA_X5] [1;36m05:55:58[0m [1;33mx3[0m [1;36m#665[0m SKIP tension=[1;36m0.00089356[0m [0m| momentum_too_small [1;31mconf=0.0013[0m
[BETA_X5] mode=OFF radar_adj=0 mom= conf=0
[BETA_X5] [1;36m05:56:06[0m [1;33mx3[0m [1;36m#666[0m SKIP tension=[1;36m0.00000000[0m [0m| momentum_too_small [1;31mconf=0.334[0m
[BETA_X5] mode=OFF radar_adj=0 mom= conf=0
[ALPHA_X13_BURST13] [BARRIER_TIMEOUT] BETA en retard, ouverture forcée de la barrière au cycle 243
[BETA_X5] [1;36m05:56:14[0m [1;33mx3[0m [1;36m#667[0m SKIP tension=[1;36m0.00000000[0m [0m| momentum_too_small [1;31mconf=0.3329[0m
[ALPHA_X13_BURST13] mode=OFF radar_adj=0 mom= conf=0
[BETA_X5] mode=OFF radar_adj=0 mom= conf=0
[ALPHA_X13_BURST13] [1;36m05:56:21[0m [1;32mx13[0m [1;36m#243[0m SKIP tension=[1;36m0.00002655[0m [0m| momentum_too_small [1;31mconf=0.0[0m
[BETA_X5] [1;36m05:56:22[0m [1;33mx3[0m [1;36m#668[0m SKIP tension=[1;36m0.00000000[0m [0m| momentum_too_small [1;31mconf=0.313[0m
[BETA_X5] mode=OFF radar_adj=0 mom= conf=0
[BETA_X5] [1;36m05:56:30[0m [1;33mx3[0m [1;36m#669[0m SKIP tension=[1;36m0.00000000[0m [0m| momentum_too_small [1;31mconf=0.313[0m
[BETA_X5] mode=OFF radar_adj=0 mom= conf=0
[BETA_X5] [1;36m05:56:38[0m [1;33mx3[0m [1;36m#670[0m SKIP tension=[1;36m0.00005576[0m [0m| momentum_too_small [1;31mconf=0.0001[0m
[ALPHA_X13_BURST13] [BARRIER_TIMEOUT] BETA en retard, ouverture forcée de la barrière au cycle 244
[BETA_X5] mode=OFF radar_adj=0 mom= conf=0
[ALPHA_X13_BURST13] mode=OFF radar_adj=0 mom= conf=0
[BETA_X5] [1;36m05:56:46[0m [1;33mx3[0m [1;36m#671[0m SKIP tension=[1;36m0.00002655[0m [0m| momentum_too_small [1;31mconf=0.0[0m
[ALPHA_X13_BURST13] [1;36m05:56:46[0m [1;32mx13[0m [1;36m#244[0m SKIP tension=[1;36m0.00002655[0m [0m| momentum_too_small [1;31mconf=0.0[0m
[BETA_X5] mode=OFF radar_adj=0 mom= conf=0
[BETA_X5] [1;36m05:56:54[0m [1;33mx3[0m [1;36m#672[0m SKIP tension=[1;36m0.00214071[0m [0m| momentum_too_small [1;31mconf=0.0034[0m
[BETA_X5] mode=OFF radar_adj=0 mom= conf=0
[BETA_X5] [1;36m05:57:03[0m [1;33mx3[0m [1;36m#673[0m SKIP tension=[1;36m0.00028794[0m [0m| momentum_too_small [1;31mconf=0.0005[0m
[ALPHA_X13_BURST13] [BARRIER_TIMEOUT] BETA en retard, ouverture forcée de la barrière au cycle 245
[BETA_X5] mode=OFF radar_adj=0 mom= conf=0
[ALPHA_X13_BURST13] mode=OFF radar_adj=0 mom= conf=0
[BETA_X5] [1;36m05:57:10[0m [1;33mx3[0m [1;36m#674[0m SKIP tension=[1;36m0.00003970[0m [0m| momentum_too_small [1;31mconf=0.0001[0m
[ALPHA_X13_BURST13] [1;36m05:57:12[0m [1;32mx13[0m [1;36m#245[0m SKIP tension=[1;36m0.00000000[0m [0m| momentum_too_small [1;31mconf=0.3291[0m
[BETA_X5] mode=OFF radar_adj=0 mom= conf=0
[BETA_X5] [1;36m05:57:19[0m [1;33mx3[0m [1;36m#675[0m SKIP tension=[1;36m0.00000673[0m [0m| momentum_too_small [1;31mconf=0.0[0m
[BETA_X5] mode=OFF radar_adj=0 mom= conf=0
[BETA_X5] [1;36m05:57:27[0m [1;33mx3[0m [1;36m#676[0m SKIP tension=[1;36m0.00000000[0m [0m| momentum_too_small [1;31mconf=0.3291[0m
[BETA_X5] mode=OFF radar_adj=0 mom= conf=0
[ALPHA_X13_BURST13] [BARRIER_TIMEOUT] BETA en retard, ouverture forcée de la barrière au cycle 246
[ALPHA_X13_BURST13] mode=OFF radar_adj=0 mom= conf=0
[BETA_X5] [1;36m05:57:35[0m [1;33mx3[0m [1;36m#677[0m SKIP tension=[1;36m0.00211076[0m [0m| momentum_too_small [1;31mconf=0.0033[0m
[ALPHA_X13_BURST13] [1;36m05:57:37[0m [1;32mx13[0m [1;36m#246[0m SKIP tension=[1;36m0.00005383[0m [0m| momentum_too_small [1;31mconf=0.0001[0m
[BETA_X5] mode=OFF radar_adj=0 mom= conf=0
[BETA_X5] [1;36m05:57:43[0m [1;33mx3[0m [1;36m#678[0m SKIP tension=[1;36m0.00000216[0m [0m| momentum_too_small [1;31mconf=0.0[0m
[BETA_X5] mode=OFF radar_adj=0 mom= conf=0
[BETA_X5] [1;36m05:57:51[0m [1;33mx3[0m [1;36m#679[0m SKIP tension=[1;36m0.00000000[0m [0m| momentum_too_small [1;31mconf=0.3367[0m
[BETA_X5] mode=OFF radar_adj=0 mom= conf=0
[ALPHA_X13_BURST13] [BARRIER_TIMEOUT] BETA en retard, ouverture forcée de la barrière au cycle 247
[ALPHA_X13_BURST13] mode=OFF radar_adj=0 mom= conf=0
[BETA_X5] [1;36m05:57:59[0m [1;33mx3[0m [1;36m#680[0m SKIP tension=[1;36m0.00000404[0m [0m| momentum_too_small [1;31mconf=0.0[0m
[BETA_X5] mode=OFF radar_adj=0 mom= conf=0
[ALPHA_X13_BURST13] [1;36m05:58:02[0m [1;32mx13[0m [1;36m#247[0m SKIP tension=[1;36m0.00000900[0m [0m| momentum_too_small [1;31mconf=0.0[0m
[BETA_X5] [1;36mentry=05:58:12@62693.70000000[0m [1;33mx3[0m [1;36m#681[0m [1;31mSELL[0m tension=[1;32m1.12396061[0m hold=[1;36m6[0ms sec=[1;36m6[0m [0m| exit=62693.80000000 [1;32mconf=0.9731[0m [1;36mexit_time=05:58:18[0m [1;31mpnl=-0.00047000 bps=-0.01595057 pct=-0.00015951% total=-9.82601[0m
[ALPHA_X13_BURST13] [BARRIER_TIMEOUT] BETA en retard, ouverture forcée de la barrière au cycle 248
[ALPHA_X13_BURST13] mode=OFF radar_adj=0 mom= conf=0
[BETA_X5] mode=OFF radar_adj=0 mom= conf=0
[ALPHA_X13_BURST13] [1;36m05:58:28[0m [1;32mx13[0m [1;36m#248[0m SKIP tension=[1;36m0.00015471[0m [0m| momentum_too_small [1;31mconf=0.0003[0m
[BETA_X5] [1;36m05:58:28[0m [1;33mx3[0m [1;36m#682[0m SKIP tension=[1;36m0.00005157[0m [0m| momentum_too_small [1;31mconf=0.0001[0m
[BETA_X5] mode=OFF radar_adj=0 mom= conf=0
[BETA_X5] [1;36m05:58:36[0m [1;33mx3[0m [1;36m#683[0m SKIP tension=[1;36m0.73180685[0m [0m| wall_not_collapsed
[BETA_X5] mode=OFF radar_adj=0 mom= conf=0
[BETA_X5] [1;36m05:58:45[0m [1;33mx3[0m [1;36m#684[0m SKIP tension=[1;36m0.00020225[0m [0m| momentum_too_small [1;31mconf=0.0003[0m
[ALPHA_X13_BURST13] [BARRIER_TIMEOUT] BETA en retard, ouverture forcée de la barrière au cycle 249
[BETA_X5] mode=OFF radar_adj=0 mom= conf=0
[ALPHA_X13_BURST13] mode=OFF radar_adj=0 mom= conf=0
[ALPHA_X13_BURST13] [1;36m05:58:54[0m [1;32mx13[0m [1;36m#249[0m SKIP tension=[1;36m0.00457024[0m [0m| momentum_too_small [1;31mconf=0.0076[0m
[BETA_X5] [1;36mentry=05:58:58@62693.80000000[0m [1;33mx3[0m [1;36m#685[0m [1;31mSELL[0m tension=[1;32m1.09067845[0m hold=[1;36m6[0ms sec=[1;36m6[0m [0m| exit=62696.50000000 [1;32mconf=0.995[0m [1;36mexit_time=05:59:04[0m [1;31mpnl=-0.02052000 bps=-0.43066460 pct=-0.00430665% total=-9.84653[0m
[BETA_X5] mode=OFF radar_adj=0 mom= conf=0
[ALPHA_X13_BURST13] [BARRIER_TIMEOUT] BETA en retard, ouverture forcée de la barrière au cycle 250
[BETA_X5] [1;36m05:59:16[0m [1;33mx3[0m [1;36m#686[0m SKIP tension=[1;36m0.00001126[0m [0m| momentum_too_small [1;31mconf=0.0[0m
[ALPHA_X13_BURST13] mode=OFF radar_adj=0 mom= conf=0
[BETA_X5] mode=OFF radar_adj=0 mom= conf=0
[ALPHA_X13_BURST13] [1;36m05:59:22[0m [1;32mx13[0m [1;36m#250[0m SKIP tension=[1;36m0.00000000[0m [0m| momentum_too_small [1;31mconf=0.3406[0m
[BETA_X5] [1;36m05:59:24[0m [1;33mx3[0m [1;36m#687[0m SKIP tension=[1;36m0.76147432[0m [0m| wall_not_collapsed
[BETA_X5] mode=OFF radar_adj=0 mom= conf=0
[BETA_X5] [1;36m05:59:33[0m [1;33mx3[0m [1;36m#688[0m SKIP tension=[1;36m0.00006749[0m [0m| momentum_too_small [1;31mconf=0.0001[0m
[BETA_X5] mode=OFF radar_adj=0 mom= conf=0
[ALPHA_X13_BURST13] [BARRIER_TIMEOUT] BETA en retard, ouverture forcée de la barrière au cycle 251
[BETA_X5] [1;36m05:59:41[0m [1;33mx3[0m [1;36m#689[0m SKIP tension=[1;36m0.00006749[0m [0m| momentum_too_small [1;31mconf=0.0001[0m
[ALPHA_X13_BURST13] mode=OFF radar_adj=0 mom= conf=0
[BETA_X5] mode=OFF radar_adj=0 mom= conf=0
[ALPHA_X13_BURST13] [1;36m05:59:47[0m [1;32mx13[0m [1;36m#251[0m SKIP tension=[1;36m0.00010527[0m [0m| momentum_too_small [1;31mconf=0.0002[0m
[BETA_X5] [1;36mentry=05:59:54@62693.80000000[0m [1;33mx3[0m [1;36m#690[0m [1;31mSELL[0m tension=[1;32m1.32883078[0m hold=[1;36m8[0ms sec=[1;36m8[0m [0m| exit=62696.30000000 [1;32mconf=0.9731[0m [1;36mexit_time=06:00:02[0m [1;31mpnl=-0.01175000 bps=-0.39876351 pct=-0.00398764% total=-9.85828[0m
[ALPHA_X13_BURST13] [BARRIER_TIMEOUT] BETA en retard, ouverture forcée de la barrière au cycle 252
[BETA_X5] mode=OFF radar_adj=0 mom= conf=0
[ALPHA_X13_BURST13] mode=OFF radar_adj=0 mom= conf=0
[BETA_X5] [1;36m06:00:11[0m [1;33mx3[0m [1;36m#691[0m SKIP tension=[1;36m0.00000000[0m [0m| momentum_too_small [1;31mconf=0.3371[0m
[ALPHA_X13_BURST13] [1;36m06:00:13[0m [1;32mx13[0m [1;36m#252[0m SKIP tension=[1;36m0.00159681[0m [0m| momentum_too_small [1;31mconf=0.0026[0m
[BETA_X5] mode=OFF radar_adj=0 mom= conf=0
[BETA_X5] [1;36m06:00:19[0m [1;33mx3[0m [1;36m#692[0m SKIP tension=[1;36m0.38179348[0m [0m| wall_not_collapsed
[BETA_X5] mode=OFF radar_adj=0 mom= conf=0
[BETA_X5] [1;36m06:00:28[0m [1;33mx3[0m [1;36m#693[0m SKIP tension=[1;36m0.00007370[0m [0m| momentum_too_small [1;31mconf=0.0001[0m
[BETA_X5] mode=OFF radar_adj=0 mom= conf=0
[ALPHA_X13_BURST13] [BARRIER_TIMEOUT] BETA en retard, ouverture forcée de la barrière au cycle 253
[ALPHA_X13_BURST13] mode=OFF radar_adj=0 mom= conf=0
[BETA_X5] [1;36m06:00:36[0m [1;33mx3[0m [1;36m#694[0m SKIP tension=[1;36m0.00001765[0m [0m| momentum_too_small [1;31mconf=0.0[0m
[BETA_X5] mode=OFF radar_adj=0 mom= conf=0
[ALPHA_X13_BURST13] [1;36m06:00:39[0m [1;32mx13[0m [1;36m#253[0m SKIP tension=[1;36m0.20846012[0m [0m| wall_not_collapsed
[BETA_X5] [1;36m06:00:44[0m [1;33mx3[0m [1;36m#695[0m SKIP tension=[1;36m0.00000000[0m [0m| momentum_too_small [1;31mconf=0.3277[0m
[BETA_X5] mode=OFF radar_adj=0 mom= conf=0
[BETA_X5] [1;36m06:00:52[0m [1;33mx3[0m [1;36m#696[0m SKIP tension=[1;36m0.00011572[0m [0m| momentum_too_small [1;31mconf=0.0002[0m
[BETA_X5] mode=OFF radar_adj=0 mom= conf=0
[ALPHA_X13_BURST13] [BARRIER_TIMEOUT] BETA en retard, ouverture forcée de la barrière au cycle 254
[ALPHA_X13_BURST13] mode=OFF radar_adj=0 mom= conf=0
[BETA_X5] [1;36m06:01:01[0m [1;33mx3[0m [1;36m#697[0m SKIP tension=[1;36m0.00008288[0m [0m| momentum_too_small [1;31mconf=0.0001[0m
[BETA_X5] mode=OFF radar_adj=0 mom= conf=0
[ALPHA_X13_BURST13] [1;36m06:01:06[0m [1;32mx13[0m [1;36m#254[0m SKIP tension=[1;36m0.00014241[0m [0m| momentum_too_small [1;31mconf=0.0002[0m
[ALPHA_X13_BURST13] [BARRIER_TIMEOUT] BETA en retard, ouverture forcée de la barrière au cycle 255
[BETA_X5] [1;36mentry=06:01:15@62696.50000000[0m [1;33mx3[0m [1;36m#698[0m [1;33mSELL[0m tension=[1;31m5.43190082[0m hold=[1;36m8[0ms sec=[1;36m8[0m [0m| exit=62696.50000000 [1;32mconf=0.9721[0m [1;36mexit_time=06:01:24[0m [1;33mpnl=-0.00000000 bps=-0.00000000 pct=-0.00000000% total=-9.85828[0m
[ALPHA_X13_BURST13] mode=OFF radar_adj=0 mom= conf=0
[BETA_X5] mode=OFF radar_adj=0 mom= conf=0
[ALPHA_X13_BURST13] [1;36m06:01:32[0m [1;32mx13[0m [1;36m#255[0m SKIP tension=[1;36m0.00000000[0m [0m| momentum_too_small [1;31mconf=0.3402[0m
[BETA_X5] [1;36m06:01:33[0m [1;33mx3[0m [1;36m#699[0m SKIP tension=[1;36m0.00000000[0m [0m| momentum_too_small [1;31mconf=0.3402[0m
[BETA_X5] mode=OFF radar_adj=0 mom= conf=0
[BETA_X5] [1;36m06:01:41[0m [1;33mx3[0m [1;36m#700[0m SKIP tension=[1;36m0.00013424[0m [0m| momentum_too_small [1;31mconf=0.0002[0m
[BETA_X5] mode=OFF radar_adj=0 mom= conf=0
[BETA_X5] [1;36m06:01:49[0m [1;33mx3[0m [1;36m#701[0m SKIP tension=[1;36m0.00014208[0m [0m| momentum_too_small [1;31mconf=0.0002[0m
[ALPHA_X13_BURST13] [BARRIER_TIMEOUT] BETA en retard, ouverture forcée de la barrière au cycle 256
[ALPHA_X13_BURST13] mode=OFF radar_adj=0 mom= conf=0
[BETA_X5] mode=OFF radar_adj=0 mom= conf=0
[ALPHA_X13_BURST13] [1;36m06:01:57[0m [1;32mx13[0m [1;36m#256[0m SKIP tension=[1;36m0.11980227[0m [0m| direction_unclear [1;31mconf=0.1981[0m
[BETA_X5] [1;36m06:01:57[0m [1;33mx3[0m [1;36m#702[0m SKIP tension=[1;36m0.00000000[0m [0m| momentum_too_small [1;31mconf=0.3472[0m
[BETA_X5] mode=OFF radar_adj=0 mom= conf=0
[BETA_X5] [1;36m06:02:06[0m [1;33mx3[0m [1;36m#703[0m SKIP tension=[1;36m0.00000000[0m [0m| momentum_too_small [1;31mconf=0.3472[0m
[BETA_X5] mode=OFF radar_adj=0 mom= conf=0
[BETA_X5] [1;36m06:02:14[0m [1;33mx3[0m [1;36m#704[0m SKIP tension=[1;36m0.00540877[0m [0m| momentum_too_small [1;31mconf=0.0089[0m
[ALPHA_X13_BURST13] [BARRIER_TIMEOUT] BETA en retard, ouverture forcée de la barrière au cycle 257
[BETA_X5] mode=OFF radar_adj=0 mom= conf=0
[ALPHA_X13_BURST13] mode=OFF radar_adj=0 mom= conf=0
[BETA_X5] [1;36m06:02:22[0m [1;33mx3[0m [1;36m#705[0m SKIP tension=[1;36m0.00008813[0m [0m| momentum_too_small [1;31mconf=0.0001[0m
[ALPHA_X13_BURST13] [1;36m06:02:22[0m [1;32mx13[0m [1;36m#257[0m SKIP tension=[1;36m0.00000000[0m [0m| momentum_too_small [1;31mconf=0.3472[0m
[BETA_X5] mode=OFF radar_adj=0 mom= conf=0
[BETA_X5] [1;36m06:02:30[0m [1;33mx3[0m [1;36m#706[0m SKIP tension=[1;36m0.00000000[0m [0m| momentum_too_small [1;31mconf=0.3472[0m
[BETA_X5] mode=OFF radar_adj=0 mom= conf=0
[BETA_X5] [1;36m06:02:39[0m [1;33mx3[0m [1;36m#707[0m SKIP tension=[1;36m0.00000000[0m [0m| momentum_too_small [1;31mconf=0.3472[0m
[BETA_X5] mode=OFF radar_adj=0 mom= conf=0
[ALPHA_X13_BURST13] [BARRIER_TIMEOUT] BETA en retard, ouverture forcée de la barrière au cycle 258
[ALPHA_X13_BURST13] mode=OFF radar_adj=0 mom= conf=0
[BETA_X5] [1;36m06:02:47[0m [1;33mx3[0m [1;36m#708[0m SKIP tension=[1;36m0.00004311[0m [0m| momentum_too_small [1;31mconf=0.0001[0m
[BETA_X5] mode=OFF radar_adj=0 mom= conf=0
[ALPHA_X13_BURST13] [1;36m06:02:50[0m [1;32mx13[0m [1;36m#258[0m SKIP tension=[1;36m0.00000000[0m [0m| momentum_too_small [1;31mconf=0.3472[0m
[BETA_X5] [1;36m06:02:55[0m [1;33mx3[0m [1;36m#709[0m SKIP tension=[1;36m0.00067824[0m [0m| momentum_too_small [1;31mconf=0.0011[0m
[BETA_X5] mode=OFF radar_adj=0 mom= conf=0
[BETA_X5] [1;36m06:03:03[0m [1;33mx3[0m [1;36m#710[0m SKIP tension=[1;36m0.25633737[0m [0m| wall_not_collapsed
[BETA_X5] mode=OFF radar_adj=0 mom= conf=0
[ALPHA_X13_BURST13] [BARRIER_TIMEOUT] BETA en retard, ouverture forcée de la barrière au cycle 259
[ALPHA_X13_BURST13] mode=OFF radar_adj=0 mom= conf=0
[BETA_X5] [1;36m06:03:12[0m [1;33mx3[0m [1;36m#711[0m SKIP tension=[1;36m0.00009055[0m [0m| momentum_too_small [1;31mconf=0.0001[0m
[BETA_X5] mode=OFF radar_adj=0 mom= conf=0
[ALPHA_X13_BURST13] [1;36m06:03:17[0m [1;32mx13[0m [1;36m#259[0m SKIP tension=[1;31m3.46077629[0m [0m| duo no_trigger
[BETA_X5] [1;36m06:03:20[0m [1;33mx3[0m [1;36m#712[0m SKIP tension=[1;36m0.00000360[0m [0m| momentum_too_small [1;31mconf=0.0[0m
[BETA_X5] mode=OFF radar_adj=0 mom= conf=0
[BETA_X5] [1;36m06:03:28[0m [1;33mx3[0m [1;36m#713[0m SKIP tension=[1;36m0.07281067[0m [0m| direction_unclear [1;31mconf=0.1205[0m
[BETA_X5] mode=OFF radar_adj=0 mom= conf=0
[ALPHA_X13_BURST13] [BARRIER_TIMEOUT] BETA en retard, ouverture forcée de la barrière au cycle 260
[BETA_X5] [1;36m06:03:36[0m [1;33mx3[0m [1;36m#714[0m SKIP tension=[1;36m0.00003467[0m [0m| momentum_too_small [1;31mconf=0.0001[0m
[ALPHA_X13_BURST13] mode=OFF radar_adj=0 mom= conf=0
[BETA_X5] mode=OFF radar_adj=0 mom= conf=0
[ALPHA_X13_BURST13] [1;36m06:03:42[0m [1;32mx13[0m [1;36m#260[0m SKIP tension=[1;36m0.00011274[0m [0m| momentum_too_small [1;31mconf=0.0002[0m
[BETA_X5] [1;36m06:03:44[0m [1;33mx3[0m [1;36m#715[0m SKIP tension=[1;36m0.65775525[0m [0m| wall_not_collapsed
[BETA_X5] mode=OFF radar_adj=0 mom= conf=0
[BETA_X5] [1;36m06:03:53[0m [1;33mx3[0m [1;36m#716[0m SKIP tension=[1;36m0.00000789[0m [0m| momentum_too_small [1;31mconf=0.0[0m
[BETA_X5] mode=OFF radar_adj=0 mom= conf=0
[ALPHA_X13_BURST13] [BARRIER_TIMEOUT] BETA en retard, ouverture forcée de la barrière au cycle 261
[BETA_X5] [1;36m06:04:01[0m [1;33mx3[0m [1;36m#717[0m SKIP tension=[1;36m0.44813243[0m [0m| wall_not_collapsed
[ALPHA_X13_BURST13] mode=OFF radar_adj=0 mom= conf=0
[BETA_X5] mode=OFF radar_adj=0 mom= conf=0
[ALPHA_X13_BURST13] [1;36m06:04:07[0m [1;32mx13[0m [1;36m#261[0m SKIP tension=[1;36m0.00002320[0m [0m| momentum_too_small [1;31mconf=0.0[0m
[BETA_X5] [1;36m06:04:09[0m [1;33mx3[0m [1;36m#718[0m SKIP tension=[1;36m0.00006612[0m [0m| momentum_too_small [1;31mconf=0.0001[0m
[BETA_X5] mode=OFF radar_adj=0 mom= conf=0
[BETA_X5] [1;36m06:04:17[0m [1;33mx3[0m [1;36m#719[0m SKIP tension=[1;36m0.21645379[0m [0m| wall_not_collapsed
[BETA_X5] mode=OFF radar_adj=0 mom= conf=0
[BETA_X5] [1;36m06:04:25[0m [1;33mx3[0m [1;36m#720[0m SKIP tension=[1;36m0.00000000[0m [0m| momentum_too_small [1;31mconf=0.3064[0m
[ALPHA_X13_BURST13] [BARRIER_TIMEOUT] BETA en retard, ouverture forcée de la barrière au cycle 262
[ALPHA_X13_BURST13] mode=OFF radar_adj=0 mom= conf=0
[BETA_X5] mode=OFF radar_adj=0 mom= conf=0
[ALPHA_X13_BURST13] [1;36m06:04:33[0m [1;32mx13[0m [1;36m#262[0m SKIP tension=[1;36m0.00001020[0m [0m| momentum_too_small [1;31mconf=0.0[0m
[BETA_X5] [1;36m06:04:33[0m [1;33mx3[0m [1;36m#721[0m SKIP tension=[1;36m0.00000576[0m [0m| momentum_too_small [1;31mconf=0.0[0m
[BETA_X5] mode=OFF radar_adj=0 mom= conf=0
[BETA_X5] [1;36m06:04:41[0m [1;33mx3[0m [1;36m#722[0m SKIP tension=[1;36m0.00000692[0m [0m| momentum_too_small [1;31mconf=0.0[0m
[BETA_X5] mode=OFF radar_adj=0 mom= conf=0
[BETA_X5] [1;36m06:04:50[0m [1;33mx3[0m [1;36m#723[0m SKIP tension=[1;36m0.00436918[0m [0m| momentum_too_small [1;31mconf=0.0063[0m
[ALPHA_X13_BURST13] [BARRIER_TIMEOUT] BETA en retard, ouverture forcée de la barrière au cycle 263
[BETA_X5] mode=OFF radar_adj=0 mom= conf=0
[ALPHA_X13_BURST13] mode=OFF radar_adj=0 mom= conf=0
[ALPHA_X13_BURST13] [1;36m06:04:58[0m [1;32mx13[0m [1;36m#263[0m SKIP tension=[1;36m0.00001569[0m [0m| momentum_too_small [1;31mconf=0.0[0m
[BETA_X5] [1;36m06:04:58[0m [1;33mx3[0m [1;36m#724[0m SKIP tension=[1;36m0.00001569[0m [0m| momentum_too_small [1;31mconf=0.0[0m
[BETA_X5] mode=OFF radar_adj=0 mom= conf=0
[BETA_X5] [1;36m06:05:07[0m [1;33mx3[0m [1;36m#725[0m SKIP tension=[1;36m0.00004458[0m [0m| momentum_too_small [1;31mconf=0.0001[0m
[BETA_X5] mode=OFF radar_adj=0 mom= conf=0
[BETA_X5] [1;36m06:05:15[0m [1;33mx3[0m [1;36m#726[0m SKIP tension=[1;36m0.00007850[0m [0m| momentum_too_small [1;31mconf=0.0001[0m
[ALPHA_X13_BURST13] [BARRIER_TIMEOUT] BETA en retard, ouverture forcée de la barrière au cycle 264
[BETA_X5] mode=OFF radar_adj=0 mom= conf=0
[ALPHA_X13_BURST13] mode=OFF radar_adj=0 mom= conf=0
[ALPHA_X13_BURST13] [1;36m06:05:23[0m [1;32mx13[0m [1;36m#264[0m SKIP tension=[1;36m0.00000000[0m [0m| momentum_too_small [1;31mconf=0.2987[0m
[BETA_X5] [1;36m06:05:23[0m [1;33mx3[0m [1;36m#727[0m SKIP tension=[1;36m0.00000000[0m [0m| momentum_too_small [1;31mconf=0.2987[0m
[BETA_X5] mode=OFF radar_adj=0 mom= conf=0
[BETA_X5] [1;36m06:05:32[0m [1;33mx3[0m [1;36m#728[0m SKIP tension=[1;36m0.00005079[0m [0m| momentum_too_small [1;31mconf=0.0001[0m
[BETA_X5] mode=OFF radar_adj=0 mom= conf=0
[ALPHA_X13_BURST13] [BARRIER_TIMEOUT] BETA en retard, ouverture forcée de la barrière au cycle 265
[ALPHA_X13_BURST13] mode=OFF radar_adj=0 mom= conf=0
[ALPHA_X13_BURST13] [1;36m06:05:49[0m [1;32mx13[0m [1;36m#265[0m SKIP tension=[1;36m0.00071672[0m [0m| momentum_too_small [1;31mconf=0.0012[0m
[BETA_X5] [1;36mentry=06:05:45@62681.00000000[0m [1;33mx3[0m [1;36m#729[0m [1;32mSELL[0m tension=[1;31m2.18732670[0m hold=[1;36m6[0ms sec=[1;36m6[0m [0m| exit=62680.10000000 [1;32mconf=0.8385[0m [1;36mexit_time=06:05:51[0m [1;32mpnl=0.00846000 bps=0.14358418 pct=0.00143584% total=-9.84982[0m
[BETA_X5] mode=OFF radar_adj=0 mom= conf=0
[BETA_X5] [1;36m06:06:00[0m [1;33mx3[0m [1;36m#730[0m SKIP tension=[1;36m0.00009803[0m [0m| momentum_too_small [1;31mconf=0.0001[0m
[BETA_X5] mode=OFF radar_adj=0 mom= conf=0
[ALPHA_X13_BURST13] [BARRIER_TIMEOUT] BETA en retard, ouverture forcée de la barrière au cycle 266
[BETA_X5] [1;36m06:06:09[0m [1;33mx3[0m [1;36m#731[0m SKIP tension=[1;36m0.00009104[0m [0m| momentum_too_small [1;31mconf=0.0001[0m
[ALPHA_X13_BURST13] mode=OFF radar_adj=0 mom= conf=0
[BETA_X5] mode=OFF radar_adj=0 mom= conf=0
[ALPHA_X13_BURST13] [1;36m06:06:15[0m [1;32mx13[0m [1;36m#266[0m SKIP tension=[1;36m0.00006564[0m [0m| momentum_too_small [1;31mconf=0.0001[0m
[BETA_X5] [1;36m06:06:18[0m [1;33mx3[0m [1;36m#732[0m SKIP tension=[1;36m0.00005121[0m [0m| momentum_too_small [1;31mconf=0.0001[0m
[BETA_X5] mode=OFF radar_adj=0 mom= conf=0
[BETA_X5] [1;36m06:06:26[0m [1;33mx3[0m [1;36m#733[0m SKIP tension=[1;36m0.12503150[0m [0m| direction_unclear [1;31mconf=0.1677[0m
[BETA_X5] mode=OFF radar_adj=0 mom= conf=0
[BETA_X5] [1;36m06:06:34[0m [1;33mx3[0m [1;36m#734[0m SKIP tension=[1;36m0.01748516[0m [0m| direction_unclear [1;31mconf=0.0252[0m
[ALPHA_X13_BURST13] [BARRIER_TIMEOUT] BETA en retard, ouverture forcée de la barrière au cycle 267
[ALPHA_X13_BURST13] mode=OFF radar_adj=0 mom= conf=0
[BETA_X5] mode=OFF radar_adj=0 mom= conf=0
[ALPHA_X13_BURST13] [1;36m06:06:41[0m [1;32mx13[0m [1;36m#267[0m SKIP tension=[1;36m0.00000394[0m [0m| momentum_too_small [1;31mconf=0.0[0m
[BETA_X5] [1;36m06:06:42[0m [1;33mx3[0m [1;36m#735[0m SKIP tension=[1;36m0.00001884[0m [0m| momentum_too_small [1;31mconf=0.0[0m
[BETA_X5] mode=OFF radar_adj=0 mom= conf=0
[BETA_X5] [1;36m06:06:50[0m [1;33mx3[0m [1;36m#736[0m SKIP tension=[1;36m0.34224131[0m [0m| wall_not_collapsed
[BETA_X5] mode=OFF radar_adj=0 mom= conf=0
[BETA_X5] [1;36m06:06:58[0m [1;33mx3[0m [1;36m#737[0m SKIP tension=[1;36m0.00000000[0m [0m| momentum_too_small [1;31mconf=0.2816[0m
[ALPHA_X13_BURST13] [BARRIER_TIMEOUT] BETA en retard, ouverture forcée de la barrière au cycle 268
[BETA_X5] mode=OFF radar_adj=0 mom= conf=0
[ALPHA_X13_BURST13] mode=OFF radar_adj=0 mom= conf=0
[ALPHA_X13_BURST13] [1;36m06:07:07[0m [1;32mx13[0m [1;36m#268[0m SKIP tension=[1;36m0.00000351[0m [0m| momentum_too_small [1;31mconf=0.0[0m
[BETA_X5] [1;36m06:07:07[0m [1;33mx3[0m [1;36m#738[0m SKIP tension=[1;36m0.00000351[0m [0m| momentum_too_small [1;31mconf=0.0[0m
[BETA_X5] mode=OFF radar_adj=0 mom= conf=0
[BETA_X5] [1;36m06:07:16[0m [1;33mx3[0m [1;36m#739[0m SKIP tension=[1;36m0.00352480[0m [0m| momentum_too_small [1;31mconf=0.0047[0m
[BETA_X5] mode=OFF radar_adj=0 mom= conf=0
[BETA_X5] [1;36m06:07:25[0m [1;33mx3[0m [1;36m#740[0m SKIP tension=[1;36m0.00005612[0m [0m| momentum_too_small [1;31mconf=0.0001[0m
[ALPHA_X13_BURST13] [BARRIER_TIMEOUT] BETA en retard, ouverture forcée de la barrière au cycle 269
[ALPHA_X13_BURST13] mode=OFF radar_adj=0 mom= conf=0
[BETA_X5] mode=OFF radar_adj=0 mom= conf=0
[ALPHA_X13_BURST13] [1;36m06:07:33[0m [1;32mx13[0m [1;36m#269[0m SKIP tension=[1;36m0.00003152[0m [0m| momentum_too_small [1;31mconf=0.0[0m
[BETA_X5] [1;36m06:07:34[0m [1;33mx3[0m [1;36m#741[0m SKIP tension=[1;36m0.00000745[0m [0m| momentum_too_small [1;31mconf=0.0[0m
[BETA_X5] mode=OFF radar_adj=0 mom= conf=0
[BETA_X5] [1;36m06:07:42[0m [1;33mx3[0m [1;36m#742[0m SKIP tension=[1;36m0.00000438[0m [0m| momentum_too_small [1;31mconf=0.0[0m
[BETA_X5] mode=OFF radar_adj=0 mom= conf=0
[BETA_X5] [1;36m06:07:50[0m [1;33mx3[0m [1;36m#743[0m SKIP tension=[1;36m0.00006095[0m [0m| momentum_too_small [1;31mconf=0.0001[0m
[ALPHA_X13_BURST13] [BARRIER_TIMEOUT] BETA en retard, ouverture forcée de la barrière au cycle 270
[ALPHA_X13_BURST13] mode=OFF radar_adj=0 mom= conf=0
[BETA_X5] mode=OFF radar_adj=0 mom= conf=0
[ALPHA_X13_BURST13] [1;36m06:07:59[0m [1;32mx13[0m [1;36m#270[0m SKIP tension=[1;36m0.00008164[0m [0m| momentum_too_small [1;31mconf=0.0001[0m
[BETA_X5] [1;36m06:07:59[0m [1;33mx3[0m [1;36m#744[0m SKIP tension=[1;36m0.00005012[0m [0m| momentum_too_small [1;31mconf=0.0001[0m
[BETA_X5] mode=OFF radar_adj=0 mom= conf=0
[BETA_X5] [1;36m06:08:08[0m [1;33mx3[0m [1;36m#745[0m SKIP tension=[1;36m0.00002149[0m [0m| momentum_too_small [1;31mconf=0.0[0m
[BETA_X5] mode=OFF radar_adj=0 mom= conf=0
[BETA_X5] [1;36m06:08:16[0m [1;33mx3[0m [1;36m#746[0m SKIP tension=[1;36m0.00001447[0m [0m| momentum_too_small [1;31mconf=0.0[0m
[ALPHA_X13_BURST13] [BARRIER_TIMEOUT] BETA en retard, ouverture forcée de la barrière au cycle 271
[ALPHA_X13_BURST13] mode=OFF radar_adj=0 mom= conf=0
[BETA_X5] mode=OFF radar_adj=0 mom= conf=0
[ALPHA_X13_BURST13] [1;36m06:08:25[0m [1;32mx13[0m [1;36m#271[0m SKIP tension=[1;36m0.00144970[0m [0m| momentum_too_small [1;31mconf=0.0019[0m
[BETA_X5] [1;36m06:08:25[0m [1;33mx3[0m [1;36m#747[0m SKIP tension=[1;36m0.00144970[0m [0m| momentum_too_small [1;31mconf=0.0019[0m
[BETA_X5] mode=OFF radar_adj=0 mom= conf=0
[BETA_X5] [1;36m06:08:33[0m [1;33mx3[0m [1;36m#748[0m SKIP tension=[1;36m0.00000746[0m [0m| momentum_too_small [1;31mconf=0.0[0m
[BETA_X5] mode=OFF radar_adj=0 mom= conf=0
[BETA_X5] [1;36m06:08:41[0m [1;33mx3[0m [1;36m#749[0m SKIP tension=[1;36m0.00001535[0m [0m| momentum_too_small [1;31mconf=0.0[0m
[ALPHA_X13_BURST13] [BARRIER_TIMEOUT] BETA en retard, ouverture forcée de la barrière au cycle 272
[BETA_X5] mode=OFF radar_adj=0 mom= conf=0
[ALPHA_X13_BURST13] mode=OFF radar_adj=0 mom= conf=0
[BETA_X5] [1;36m06:08:49[0m [1;33mx3[0m [1;36m#750[0m SKIP tension=[1;36m0.00005965[0m [0m| momentum_too_small [1;31mconf=0.0001[0m
[ALPHA_X13_BURST13] [1;36m06:08:50[0m [1;32mx13[0m [1;36m#272[0m SKIP tension=[1;36m0.00000000[0m [0m| momentum_too_small [1;31mconf=0.2816[0m
[BETA_X5] mode=OFF radar_adj=0 mom= conf=0
[BETA_X5] [1;36m06:08:57[0m [1;33mx3[0m [1;36m#751[0m SKIP tension=[1;36m0.00000696[0m [0m| momentum_too_small [1;31mconf=0.0[0m
[BETA_X5] mode=OFF radar_adj=0 mom= conf=0
[BETA_X5] [1;36m06:09:05[0m [1;33mx3[0m [1;36m#752[0m SKIP tension=[1;36m0.00015001[0m [0m| momentum_too_small [1;31mconf=0.0002[0m
[BETA_X5] mode=OFF radar_adj=0 mom= conf=0
[ALPHA_X13_BURST13] [BARRIER_TIMEOUT] BETA en retard, ouverture forcée de la barrière au cycle 273
[ALPHA_X13_BURST13] mode=OFF radar_adj=0 mom= conf=0
[BETA_X5] [1;36m06:09:13[0m [1;33mx3[0m [1;36m#753[0m SKIP tension=[1;36m0.00000216[0m [0m| momentum_too_small [1;31mconf=0.0[0m
[ALPHA_X13_BURST13] [1;36m06:09:16[0m [1;32mx13[0m [1;36m#273[0m SKIP tension=[1;36m0.00491656[0m [0m| momentum_too_small [1;31mconf=0.0056[0m
[BETA_X5] mode=OFF radar_adj=0 mom= conf=0
[BETA_X5] [1;36m06:09:22[0m [1;33mx3[0m [1;36m#754[0m SKIP tension=[1;36m0.00001042[0m [0m| momentum_too_small [1;31mconf=0.0[0m
[BETA_X5] mode=OFF radar_adj=0 mom= conf=0
[BETA_X5] [1;36m06:09:30[0m [1;33mx3[0m [1;36m#755[0m SKIP tension=[1;36m0.00000989[0m [0m| momentum_too_small [1;31mconf=0.0[0m
[BETA_X5] mode=OFF radar_adj=0 mom= conf=0
[ALPHA_X13_BURST13] [BARRIER_TIMEOUT] BETA en retard, ouverture forcée de la barrière au cycle 274
[ALPHA_X13_BURST13] mode=OFF radar_adj=0 mom= conf=0
[BETA_X5] [1;36m06:09:38[0m [1;33mx3[0m [1;36m#756[0m SKIP tension=[1;36m0.00003846[0m [0m| momentum_too_small [1;31mconf=0.0001[0m
[BETA_X5] mode=OFF radar_adj=0 mom= conf=0
[ALPHA_X13_BURST13] [1;36m06:09:41[0m [1;32mx13[0m [1;36m#274[0m SKIP tension=[1;36m0.00004090[0m [0m| momentum_too_small [1;31mconf=0.0001[0m
[BETA_X5] [1;36m06:09:47[0m [1;33mx3[0m [1;36m#757[0m SKIP tension=[1;36m0.00010488[0m [0m| momentum_too_small [1;31mconf=0.0002[0m
[BETA_X5] mode=OFF radar_adj=0 mom= conf=0
[BETA_X5] [1;36m06:09:55[0m [1;33mx3[0m [1;36m#758[0m SKIP tension=[1;36m0.00003608[0m [0m| momentum_too_small [1;31mconf=0.0001[0m
[BETA_X5] mode=OFF radar_adj=0 mom= conf=0
[ALPHA_X13_BURST13] [BARRIER_TIMEOUT] BETA en retard, ouverture forcée de la barrière au cycle 275
[ALPHA_X13_BURST13] mode=OFF radar_adj=0 mom= conf=0
[BETA_X5] [1;36m06:10:03[0m [1;33mx3[0m [1;36m#759[0m SKIP tension=[1;36m0.00003876[0m [0m| momentum_too_small [1;31mconf=0.0001[0m
[BETA_X5] mode=OFF radar_adj=0 mom= conf=0
[ALPHA_X13_BURST13] [1;36m06:10:07[0m [1;32mx13[0m [1;36m#275[0m SKIP tension=[1;36m0.00006992[0m [0m| momentum_too_small [1;31mconf=0.0001[0m
[BETA_X5] [1;36m06:10:11[0m [1;33mx3[0m [1;36m#760[0m SKIP tension=[1;36m0.00005346[0m [0m| momentum_too_small [1;31mconf=0.0001[0m
[BETA_X5] mode=OFF radar_adj=0 mom= conf=0
[BETA_X5] [1;36m06:10:20[0m [1;33mx3[0m [1;36m#761[0m SKIP tension=[1;36m0.00006175[0m [0m| momentum_too_small [1;31mconf=0.0001[0m
[BETA_X5] mode=OFF radar_adj=0 mom= conf=0
[ALPHA_X13_BURST13] [BARRIER_TIMEOUT] BETA en retard, ouverture forcée de la barrière au cycle 276
[BETA_X5] [1;36m06:10:28[0m [1;33mx3[0m [1;36m#762[0m SKIP tension=[1;36m0.00003496[0m [0m| momentum_too_small [1;31mconf=0.0001[0m
[ALPHA_X13_BURST13] mode=OFF radar_adj=0 mom= conf=0
[BETA_X5] mode=OFF radar_adj=0 mom= conf=0
[ALPHA_X13_BURST13] [1;36m06:10:34[0m [1;32mx13[0m [1;36m#276[0m SKIP tension=[1;36m0.00000000[0m [0m| momentum_too_small [1;31mconf=0.238[0m
[BETA_X5] [1;36m06:10:36[0m [1;33mx3[0m [1;36m#763[0m SKIP tension=[1;36m0.00003475[0m [0m| momentum_too_small [1;31mconf=0.0[0m
[BETA_X5] mode=OFF radar_adj=0 mom= conf=0
[BETA_X5] [1;36m06:10:45[0m [1;33mx3[0m [1;36m#764[0m SKIP tension=[1;36m0.00000642[0m [0m| momentum_too_small [1;31mconf=0.0[0m
[BETA_X5] mode=OFF radar_adj=0 mom= conf=0
[ALPHA_X13_BURST13] [BARRIER_TIMEOUT] BETA en retard, ouverture forcée de la barrière au cycle 277
[BETA_X5] [1;36m06:10:53[0m [1;33mx3[0m [1;36m#765[0m SKIP tension=[1;36m0.00000000[0m [0m| momentum_too_small [1;31mconf=0.2457[0m
[ALPHA_X13_BURST13] mode=OFF radar_adj=0 mom= conf=0
[BETA_X5] mode=OFF radar_adj=0 mom= conf=0
[ALPHA_X13_BURST13] [1;36m06:11:01[0m [1;32mx13[0m [1;36m#277[0m SKIP tension=[1;36m0.00649871[0m [0m| momentum_too_small [1;31mconf=0.008[0m
[BETA_X5] [1;36m06:11:02[0m [1;33mx3[0m [1;36m#766[0m SKIP tension=[1;36m0.00000514[0m [0m| momentum_too_small [1;31mconf=0.0[0m
[BETA_X5] mode=OFF radar_adj=0 mom= conf=0
[BETA_X5] [1;36m06:11:10[0m [1;33mx3[0m [1;36m#767[0m SKIP tension=[1;36m0.00003135[0m [0m| momentum_too_small [1;31mconf=0.0[0m
[BETA_X5] mode=OFF radar_adj=0 mom= conf=0
[BETA_X5] [1;36m06:11:18[0m [1;33mx3[0m [1;36m#768[0m SKIP tension=[1;36m0.00004081[0m [0m| momentum_too_small [1;31mconf=0.0001[0m
[ALPHA_X13_BURST13] [BARRIER_TIMEOUT] BETA en retard, ouverture forcée de la barrière au cycle 278
[BETA_X5] mode=OFF radar_adj=0 mom= conf=0
[ALPHA_X13_BURST13] mode=OFF radar_adj=0 mom= conf=0
[BETA_X5] [1;36m06:11:27[0m [1;33mx3[0m [1;36m#769[0m SKIP tension=[1;36m0.00006177[0m [0m| momentum_too_small [1;31mconf=0.0001[0m
[ALPHA_X13_BURST13] [1;36m06:11:27[0m [1;32mx13[0m [1;36m#278[0m SKIP tension=[1;36m0.00003663[0m [0m| momentum_too_small [1;31mconf=0.0[0m
[BETA_X5] mode=OFF radar_adj=0 mom= conf=0
[BETA_X5] [1;36m06:11:36[0m [1;33mx3[0m [1;36m#770[0m SKIP tension=[1;36m0.02945304[0m [0m| direction_unclear [1;31mconf=0.049[0m
[BETA_X5] mode=OFF radar_adj=0 mom= conf=0
[BETA_X5] [1;36m06:11:44[0m [1;33mx3[0m [1;36m#771[0m SKIP tension=[1;36m0.00006154[0m [0m| momentum_too_small [1;31mconf=0.0001[0m
[ALPHA_X13_BURST13] [BARRIER_TIMEOUT] BETA en retard, ouverture forcée de la barrière au cycle 279
[BETA_X5] mode=OFF radar_adj=0 mom= conf=0
[ALPHA_X13_BURST13] mode=OFF radar_adj=0 mom= conf=0
[BETA_X5] [1;36m06:11:52[0m [1;33mx3[0m [1;36m#772[0m SKIP tension=[1;36m0.00000352[0m [0m| momentum_too_small [1;31mconf=0.0[0m
[ALPHA_X13_BURST13] [1;36m06:11:53[0m [1;32mx13[0m [1;36m#279[0m SKIP tension=[1;36m0.00009520[0m [0m| momentum_too_small [1;31mconf=0.0001[0m
[BETA_X5] mode=OFF radar_adj=0 mom= conf=0
[BETA_X5] [1;36m06:12:01[0m [1;33mx3[0m [1;36m#773[0m SKIP tension=[1;36m0.00001028[0m [0m| momentum_too_small [1;31mconf=0.0[0m
[BETA_X5] mode=OFF radar_adj=0 mom= conf=0
[BETA_X5] [1;36m06:12:09[0m [1;33mx3[0m [1;36m#774[0m SKIP tension=[1;36m0.00003174[0m [0m| momentum_too_small [1;31mconf=0.0[0m
[ALPHA_X13_BURST13] [BARRIER_TIMEOUT] BETA en retard, ouverture forcée de la barrière au cycle 280
[BETA_X5] mode=OFF radar_adj=0 mom= conf=0
[ALPHA_X13_BURST13] mode=OFF radar_adj=0 mom= conf=0
[BETA_X5] [1;36m06:12:17[0m [1;33mx3[0m [1;36m#775[0m SKIP tension=[1;36m0.00006347[0m [0m| momentum_too_small [1;31mconf=0.0001[0m
[ALPHA_X13_BURST13] [1;36m06:12:18[0m [1;32mx13[0m [1;36m#280[0m SKIP tension=[1;36m0.00006347[0m [0m| momentum_too_small [1;31mconf=0.0001[0m
[BETA_X5] mode=OFF radar_adj=0 mom= conf=0
[BETA_X5] [1;36m06:12:25[0m [1;33mx3[0m [1;36m#776[0m SKIP tension=[1;36m0.00000000[0m [0m| momentum_too_small [1;31mconf=0.2813[0m
[BETA_X5] mode=OFF radar_adj=0 mom= conf=0
[BETA_X5] [1;36m06:12:33[0m [1;33mx3[0m [1;36m#777[0m SKIP tension=[1;36m0.00003175[0m [0m| momentum_too_small [1;31mconf=0.0[0m
[BETA_X5] mode=OFF radar_adj=0 mom= conf=0
[ALPHA_X13_BURST13] [BARRIER_TIMEOUT] BETA en retard, ouverture forcée de la barrière au cycle 281
[ALPHA_X13_BURST13] mode=OFF radar_adj=0 mom= conf=0
[BETA_X5] [1;36m06:12:42[0m [1;33mx3[0m [1;36m#778[0m SKIP tension=[1;36m0.00004031[0m [0m| momentum_too_small [1;31mconf=0.0001[0m
[ALPHA_X13_BURST13] [1;36m06:12:46[0m [1;32mx13[0m [1;36m#281[0m SKIP tension=[1;36m0.00016540[0m [0m| momentum_too_small [1;31mconf=0.0002[0m
[BETA_X5] mode=OFF radar_adj=0 mom= conf=0
[BETA_X5] [1;36m06:12:57[0m [1;33mx3[0m [1;36m#779[0m SKIP tension=[1;36m0.00000244[0m [0m| momentum_too_small [1;31mconf=0.0[0m
[BETA_X5] mode=OFF radar_adj=0 mom= conf=0
[BETA_X5] [1;36m06:13:09[0m [1;33mx3[0m [1;36m#780[0m SKIP tension=[1;36m0.21354023[0m [0m| low_confidence [1;31mconf=0.286[0m
[BETA_X5] mode=OFF radar_adj=0 mom= conf=0
[ALPHA_X13_BURST13] [BARRIER_TIMEOUT] BETA en retard, ouverture forcée de la barrière au cycle 282
[ALPHA_X13_BURST13] mode=OFF radar_adj=0 mom= conf=0
[BETA_X5] [1;36m06:13:19[0m [1;33mx3[0m [1;36m#781[0m SKIP tension=[1;36m0.00025070[0m [0m| momentum_too_small [1;31mconf=0.0003[0m
[BETA_X5] mode=OFF radar_adj=0 mom= conf=0
[ALPHA_X13_BURST13] [1;36m06:13:22[0m [1;32mx13[0m [1;36m#282[0m SKIP tension=[1;36m0.00251363[0m [0m| momentum_too_small [1;31mconf=0.0041[0m
[BETA_X5] [1;36m06:13:26[0m [1;33mx3[0m [1;36m#782[0m SKIP tension=[1;36m0.00005700[0m [0m| momentum_too_small [1;31mconf=0.0001[0m
[BETA_X5] mode=OFF radar_adj=0 mom= conf=0
[BETA_X5] [1;36m06:13:35[0m [1;33mx3[0m [1;36m#783[0m SKIP tension=[1;36m0.00007942[0m [0m| momentum_too_small [1;31mconf=0.0001[0m
[BETA_X5] mode=OFF radar_adj=0 mom= conf=0
[ALPHA_X13_BURST13] [BARRIER_TIMEOUT] BETA en retard, ouverture forcée de la barrière au cycle 283
[ALPHA_X13_BURST13] mode=OFF radar_adj=0 mom= conf=0
[BETA_X5] [1;36m06:13:43[0m [1;33mx3[0m [1;36m#784[0m SKIP tension=[1;36m0.00000000[0m [0m| momentum_too_small [1;31mconf=0.3416[0m
[BETA_X5] mode=OFF radar_adj=0 mom= conf=0
[ALPHA_X13_BURST13] [1;36m06:13:47[0m [1;32mx13[0m [1;36m#283[0m SKIP tension=[1;36m0.00000700[0m [0m| momentum_too_small [1;31mconf=0.0[0m
[BETA_X5] [1;36m06:13:50[0m [1;33mx3[0m [1;36m#785[0m SKIP tension=[1;36m0.00002648[0m [0m| momentum_too_small [1;31mconf=0.0[0m
[BETA_X5] mode=OFF radar_adj=0 mom= conf=0
[BETA_X5] [1;36m06:13:58[0m [1;33mx3[0m [1;36m#786[0m SKIP tension=[1;36m0.00004262[0m [0m| momentum_too_small [1;31mconf=0.0001[0m
[BETA_X5] mode=OFF radar_adj=0 mom= conf=0
[ALPHA_X13_BURST13] [BARRIER_TIMEOUT] BETA en retard, ouverture forcée de la barrière au cycle 284
[ALPHA_X13_BURST13] mode=OFF radar_adj=0 mom= conf=0
[BETA_X5] [1;36m06:14:06[0m [1;33mx3[0m [1;36m#787[0m SKIP tension=[1;36m0.00001734[0m [0m| momentum_too_small [1;31mconf=0.0[0m
[BETA_X5] mode=OFF radar_adj=0 mom= conf=0
[ALPHA_X13_BURST13] [1;36m06:14:12[0m [1;32mx13[0m [1;36m#284[0m SKIP tension=[1;36m0.00003498[0m [0m| momentum_too_small [1;31mconf=0.0001[0m
[BETA_X5] [1;36m06:14:15[0m [1;33mx3[0m [1;36m#788[0m SKIP tension=[1;36m0.00000318[0m [0m| momentum_too_small [1;31mconf=0.0[0m
[BETA_X5] mode=OFF radar_adj=0 mom= conf=0
[BETA_X5] [1;36m06:14:23[0m [1;33mx3[0m [1;36m#789[0m SKIP tension=[1;36m0.32632980[0m [0m| wall_not_collapsed
[BETA_X5] mode=OFF radar_adj=0 mom= conf=0
[ALPHA_X13_BURST13] [BARRIER_TIMEOUT] BETA en retard, ouverture forcée de la barrière au cycle 285
[ALPHA_X13_BURST13] mode=OFF radar_adj=0 mom= conf=0
[BETA_X5] [1;36m06:14:31[0m [1;33mx3[0m [1;36m#790[0m SKIP tension=[1;36m0.00000000[0m [0m| momentum_too_small [1;31mconf=0.3259[0m
[BETA_X5] mode=OFF radar_adj=0 mom= conf=0
[ALPHA_X13_BURST13] [1;36m06:14:36[0m [1;32mx13[0m [1;36m#285[0m SKIP tension=[1;31m6.06265439[0m [0m| duo no_trigger
[BETA_X5] [1;36m06:14:39[0m [1;33mx3[0m [1;36m#791[0m SKIP tension=[1;36m0.00000253[0m [0m| momentum_too_small [1;31mconf=0.0[0m
[BETA_X5] mode=OFF radar_adj=0 mom= conf=0
[BETA_X5] [1;36m06:14:47[0m [1;33mx3[0m [1;36m#792[0m SKIP tension=[1;36m0.16521556[0m [0m| direction_unclear [1;31mconf=0.2679[0m
[BETA_X5] mode=OFF radar_adj=0 mom= conf=0
[ALPHA_X13_BURST13] [BARRIER_TIMEOUT] BETA en retard, ouverture forcée de la barrière au cycle 286
[BETA_X5] [1;36m06:14:55[0m [1;33mx3[0m [1;36m#793[0m SKIP tension=[1;36m0.05110642[0m [0m| direction_unclear [1;31mconf=0.0842[0m
[ALPHA_X13_BURST13] mode=OFF radar_adj=0 mom= conf=0
[BETA_X5] mode=OFF radar_adj=0 mom= conf=0
[ALPHA_X13_BURST13] [1;36m06:15:01[0m [1;32mx13[0m [1;36m#286[0m SKIP tension=[1;32m1.52252648[0m [0m| duo no_trigger
[BETA_X5] [1;36m06:15:03[0m [1;33mx3[0m [1;36m#794[0m SKIP tension=[1;36m0.00003882[0m [0m| momentum_too_small [1;31mconf=0.0001[0m
[BETA_X5] mode=OFF radar_adj=0 mom= conf=0
[BETA_X5] [1;36m06:15:11[0m [1;33mx3[0m [1;36m#795[0m SKIP tension=[1;36m0.00001972[0m [0m| momentum_too_small [1;31mconf=0.0[0m
[BETA_X5] mode=OFF radar_adj=0 mom= conf=0
[ALPHA_X13_BURST13] [BARRIER_TIMEOUT] BETA en retard, ouverture forcée de la barrière au cycle 287
[BETA_X5] [1;36m06:15:20[0m [1;33mx3[0m [1;36m#796[0m SKIP tension=[1;36m0.00011236[0m [0m| momentum_too_small [1;31mconf=0.0001[0m
[ALPHA_X13_BURST13] mode=OFF radar_adj=0 mom= conf=0
[BETA_X5] mode=OFF radar_adj=0 mom= conf=0
[ALPHA_X13_BURST13] [1;36m06:15:26[0m [1;32mx13[0m [1;36m#287[0m SKIP tension=[1;36m0.00003181[0m [0m| momentum_too_small [1;31mconf=0.0[0m
[BETA_X5] [1;36m06:15:28[0m [1;33mx3[0m [1;36m#797[0m SKIP tension=[1;36m0.00002431[0m [0m| momentum_too_small [1;31mconf=0.0[0m
[BETA_X5] mode=OFF radar_adj=0 mom= conf=0
[BETA_X5] [1;36m06:15:36[0m [1;33mx3[0m [1;36m#798[0m SKIP tension=[1;36m0.00003594[0m [0m| momentum_too_small [1;31mconf=0.0[0m
[BETA_X5] mode=OFF radar_adj=0 mom= conf=0
[ALPHA_X13_BURST13] [BARRIER_TIMEOUT] BETA en retard, ouverture forcée de la barrière au cycle 288
[ALPHA_X13_BURST13] mode=OFF radar_adj=0 mom= conf=0
[ALPHA_X13_BURST13] [1;36m06:15:51[0m [1;32mx13[0m [1;36m#288[0m SKIP tension=[1;36m0.00000000[0m [0m| momentum_too_small [1;31mconf=0.3496[0m
[BETA_X5] [1;36mentry=06:15:48@62667.60000000[0m [1;33mx3[0m [1;36m#799[0m [1;32mSELL[0m tension=[1;31m7.07572030[0m hold=[1;36m6[0ms sec=[1;36m6[0m [0m| exit=62665.70000000 [1;32mconf=0.999[0m [1;36mexit_time=06:15:54[0m [1;32mpnl=0.01786000 bps=0.30318697 pct=0.00303187% total=-9.83196[0m
[BETA_X5] mode=OFF radar_adj=0 mom= conf=0
[BETA_X5] [1;36m06:16:03[0m [1;33mx3[0m [1;36m#800[0m SKIP tension=[1;36m0.00001358[0m [0m| momentum_too_small [1;31mconf=0.0[0m
[BETA_X5] mode=OFF radar_adj=0 mom= conf=0
[ALPHA_X13_BURST13] [BARRIER_TIMEOUT] BETA en retard, ouverture forcée de la barrière au cycle 289
[ALPHA_X13_BURST13] mode=OFF radar_adj=0 mom= conf=0
[BETA_X5] [1;36m06:16:12[0m [1;33mx3[0m [1;36m#801[0m SKIP tension=[1;36m0.00000000[0m [0m| momentum_too_small [1;31mconf=0.349[0m
[BETA_X5] mode=OFF radar_adj=0 mom= conf=0
[ALPHA_X13_BURST13] [1;36m06:16:15[0m [1;32mx13[0m [1;36m#289[0m SKIP tension=[1;36m0.00003010[0m [0m| momentum_too_small [1;31mconf=0.0001[0m
[BETA_X5] [1;36m06:16:19[0m [1;33mx3[0m [1;36m#802[0m SKIP tension=[1;36m0.00010665[0m [0m| momentum_too_small [1;31mconf=0.0002[0m
[BETA_X5] mode=OFF radar_adj=0 mom= conf=0
[BETA_X5] [1;36m06:16:27[0m [1;33mx3[0m [1;36m#803[0m SKIP tension=[1;36m0.00000301[0m [0m| momentum_too_small [1;31mconf=0.0[0m
[BETA_X5] mode=OFF radar_adj=0 mom= conf=0
[ALPHA_X13_BURST13] [BARRIER_TIMEOUT] BETA en retard, ouverture forcée de la barrière au cycle 290
[ALPHA_X13_BURST13] mode=OFF radar_adj=0 mom= conf=0
[BETA_X5] [1;36m06:16:35[0m [1;33mx3[0m [1;36m#804[0m SKIP tension=[1;36m0.00020131[0m [0m| momentum_too_small [1;31mconf=0.0003[0m
[BETA_X5] mode=OFF radar_adj=0 mom= conf=0
[ALPHA_X13_BURST13] [1;36m06:16:40[0m [1;32mx13[0m [1;36m#290[0m SKIP tension=[1;36m0.00000000[0m [0m| momentum_too_small [1;31mconf=0.349[0m
[BETA_X5] [1;36mentry=06:16:47@62646.10000000[0m [1;33mx3[0m [1;36m#805[0m [1;33mSELL[0m tension=[1;31m4.37169387[0m hold=[1;36m6[0ms sec=[1;36m6[0m [0m| exit=62646.10000000 [1;32mconf=0.997[0m [1;36mexit_time=06:16:53[0m [1;33mpnl=-0.00000000 bps=-0.00000000 pct=-0.00000000% total=-9.83196[0m
[BETA_X5] mode=OFF radar_adj=0 mom= conf=0
[ALPHA_X13_BURST13] [BARRIER_TIMEOUT] BETA en retard, ouverture forcée de la barrière au cycle 291
[ALPHA_X13_BURST13] mode=OFF radar_adj=0 mom= conf=0
[BETA_X5] [1;36m06:17:03[0m [1;33mx3[0m [1;36m#806[0m SKIP tension=[1;36m0.00002944[0m [0m| momentum_too_small [1;31mconf=0.0[0m
[ALPHA_X13_BURST13] [1;36m06:17:05[0m [1;32mx13[0m [1;36m#291[0m SKIP tension=[1;36m0.00155645[0m [0m| momentum_too_small [1;31mconf=0.0026[0m
[BETA_X5] mode=OFF radar_adj=0 mom= conf=0
[ALPHA_X13_BURST13] [BARRIER_TIMEOUT] BETA en retard, ouverture forcée de la barrière au cycle 292
[ALPHA_X13_BURST13] mode=OFF radar_adj=0 mom= conf=0
[BETA_X5] [1;36mentry=06:17:15@62647.40000000[0m [1;33mx3[0m [1;36m#807[0m [1;32mSELL[0m tension=[1;32m1.67319485[0m hold=[1;36m9[0ms sec=[1;36m9[0m [0m| exit=62644.90000000 [1;32mconf=0.984[0m [1;36mexit_time=06:17:24[0m [1;32mpnl=0.02350000 bps=0.39905886 pct=0.00399059% total=-9.80846[0m
[BETA_X5] mode=OFF radar_adj=0 mom= conf=0
[ALPHA_X13_BURST13] [1;36m06:17:30[0m [1;32mx13[0m [1;36m#292[0m SKIP tension=[1;32m1.21009079[0m [0m| duo no_trigger
[BETA_X5] [1;36m06:17:34[0m [1;33mx3[0m [1;36m#808[0m SKIP tension=[1;36m0.00000000[0m [0m| momentum_too_small [1;31mconf=0.3385[0m
[BETA_X5] mode=OFF radar_adj=0 mom= conf=0
[BETA_X5] [1;36m06:17:42[0m [1;33mx3[0m [1;36m#809[0m SKIP tension=[1;36m0.28631000[0m [0m| wall_not_collapsed
[BETA_X5] mode=OFF radar_adj=0 mom= conf=0
[ALPHA_X13_BURST13] [BARRIER_TIMEOUT] BETA en retard, ouverture forcée de la barrière au cycle 293
[ALPHA_X13_BURST13] mode=OFF radar_adj=0 mom= conf=0
[ALPHA_X13_BURST13] [1;36m06:17:56[0m [1;32mx13[0m [1;36m#293[0m SKIP tension=[1;36m0.00000000[0m [0m| momentum_too_small [1;31mconf=0.3493[0m
[BETA_X5] [1;36mCycle 810[0m [1;32mSOFT anomaly[0m [1;33m| pnl_abs=0.02632000 > 0.02500000[0m
[BETA_X5] [1;36mentry=06:17:54@62643.00000000[0m [1;33mx3[0m [1;36m#810[0m [1;32mSELL[0m tension=[1;32m1.05716826[0m hold=[1;36m6[0ms sec=[1;36m6[0m [0m| exit=62640.20000000 [1;32mconf=0.9451[0m [1;36mexit_time=06:18:00[0m [1;32mpnl=0.02632000 bps=0.44697732 pct=0.00446977% total=-9.78214[0m
[BETA_X5] mode=OFF radar_adj=0 mom= conf=0
[BETA_X5] [1;36m06:18:11[0m [1;33mx3[0m [1;36m#811[0m SKIP tension=[1;36m0.07963858[0m [0m| direction_unclear [1;31mconf=0.1229[0m
[ALPHA_X13_BURST13] [BARRIER_TIMEOUT] BETA en retard, ouverture forcée de la barrière au cycle 294
[BETA_X5] mode=OFF radar_adj=0 mom= conf=0
[ALPHA_X13_BURST13] mode=OFF radar_adj=0 mom= conf=0
[ALPHA_X13_BURST13] [1;36m06:18:21[0m [1;32mx13[0m [1;36m#294[0m SKIP tension=[1;31m3.73256568[0m [0m| duo no_trigger
[BETA_X5] [1;36mentry=06:18:23@62640.10000000[0m [1;33mx3[0m [1;36m#812[0m [1;31mSELL[0m tension=[1;31m5.28610909[0m hold=[1;36m5[0ms sec=[1;36m5[0m [0m| exit=62641.80000000 [1;32mconf=0.9431[0m [1;36mexit_time=06:18:30[0m [1;31mpnl=-0.00799000 bps=-0.27139165 pct=-0.00271392% total=-9.79013[0m
[BETA_X5] mode=OFF radar_adj=0 mom= conf=0
[ALPHA_X13_BURST13] [BARRIER_TIMEOUT] BETA en retard, ouverture forcée de la barrière au cycle 295
[BETA_X5] [1;36m06:18:39[0m [1;33mx3[0m [1;36m#813[0m SKIP tension=[1;36m0.00000000[0m [0m| momentum_too_small [1;31mconf=0.3496[0m
[ALPHA_X13_BURST13] mode=OFF radar_adj=0 mom= conf=0
[BETA_X5] mode=OFF radar_adj=0 mom= conf=0
[BETA_X5] [1;36m06:18:47[0m [1;33mx3[0m [1;36m#814[0m SKIP tension=[1;36m0.00000000[0m [0m| momentum_too_small [1;31mconf=0.32[0m
[BETA_X5] mode=OFF radar_adj=0 mom= conf=0
[BETA_X5] [1;36m06:18:56[0m [1;33mx3[0m [1;36m#815[0m SKIP tension=[1;36m0.16925034[0m [0m| direction_unclear [1;31mconf=0.2703[0m
[ALPHA_X13_BURST13] [1;36mCycle 295[0m [1;32mSOFT anomaly[0m [1;33m| pnl_abs=2.56470000 > 0.02500000[0m
[BETA_X5] mode=OFF radar_adj=0 mom= conf=0
[ALPHA_X13_BURST13] [1;36mentry=06:18:51@62647.50000000[0m [1;32mx13[0m [1;36m#295[0m [1;31mBUY[0m tension=[1;32m1.38811027[0m hold=[1;36m6[0ms sec=[1;36m6[0m [0m| exit=62637.20000000 [1;32mconf=0.983[0m [1;36mexit_time=06:18:57[0m [1;31mpnl=-2.56470000 bps=-1.64411988 pct=-0.01644120% total=-12.35483[0m
[BETA_X5] [1;36m06:19:04[0m [1;33mx3[0m [1;36m#816[0m SKIP tension=[1;31m3.35535762[0m [0m| tactic long vs short
[BETA_X5] mode=OFF radar_adj=0 mom= conf=0
[BETA_X5] [1;36m06:19:12[0m [1;33mx3[0m [1;36m#817[0m SKIP tension=[1;36m0.00000000[0m [0m| momentum_too_small [1;31mconf=0.3385[0m
[BETA_X5] mode=OFF radar_adj=0 mom= conf=0
[ALPHA_X13_BURST13] [BARRIER_TIMEOUT] BETA en retard, ouverture forcée de la barrière au cycle 296
[ALPHA_X13_BURST13] mode=OFF radar_adj=0 mom= conf=0
[BETA_X5] [1;36m06:19:20[0m [1;33mx3[0m [1;36m#818[0m SKIP tension=[1;36m0.05217128[0m [0m| direction_unclear [1;31mconf=0.0841[0m
[BETA_X5] mode=OFF radar_adj=0 mom= conf=0
[ALPHA_X13_BURST13] [1;36m06:19:24[0m [1;32mx13[0m [1;36m#296[0m SKIP tension=[1;36m0.30676644[0m [0m| wall_not_collapsed
[BETA_X5] [1;36m06:19:28[0m [1;33mx3[0m [1;36m#819[0m SKIP tension=[1;36m0.00421650[0m [0m| momentum_too_small [1;31mconf=0.0064[0m
[BETA_X5] mode=OFF radar_adj=0 mom= conf=0
[BETA_X5] [1;36m06:19:36[0m [1;33mx3[0m [1;36m#820[0m SKIP tension=[1;36m0.00001118[0m [0m| momentum_too_small [1;31mconf=0.0[0m
[BETA_X5] mode=OFF radar_adj=0 mom= conf=0
[ALPHA_X13_BURST13] [BARRIER_TIMEOUT] BETA en retard, ouverture forcée de la barrière au cycle 297
[BETA_X5] [1;36m06:19:53[0m [1;33mx3[0m [1;36m#821[0m SKIP tension=[1;36m0.00001052[0m [0m| momentum_too_small [1;31mconf=0.0[0m
[ALPHA_X13_BURST13] mode=OFF radar_adj=0 mom= conf=0
[BETA_X5] mode=OFF radar_adj=0 mom= conf=0
[BETA_X5] [1;36m06:20:09[0m [1;33mx3[0m [1;36m#822[0m SKIP tension=[1;36m0.00002661[0m [0m| momentum_too_small [1;31mconf=0.0[0m
[BETA_X5] mode=OFF radar_adj=0 mom= conf=0
[BETA_X5] [1;36m06:20:27[0m [1;33mx3[0m [1;36m#823[0m SKIP tension=[1;36m0.00025006[0m [0m| momentum_too_small [1;31mconf=0.0004[0m
[BETA_X5] mode=OFF radar_adj=0 mom= conf=0
[ALPHA_X13_BURST13] [1;36mCycle 297[0m [1;32mSOFT anomaly[0m [1;33m| pnl_abs=1.30725000 > 0.02500000[0m
[ALPHA_X13_BURST13] [1;36mentry=06:20:16@62637.20000000[0m [1;32mx13[0m [1;36m#297[0m [1;32mBUY[0m tension=[1;31m2.30443454[0m hold=[1;36m16[0ms sec=[1;36m16[0m [0m| exit=62647.70000000 [1;32mconf=0.9621[0m [1;36mexit_time=06:20:33[0m [1;32mpnl=1.30725000 bps=1.67632014 pct=0.01676320% total=-11.04758[0m
[BETA_X5] [1;36m06:20:42[0m [1;33mx3[0m [1;36m#824[0m SKIP tension=[1;36m0.00202332[0m [0m| momentum_too_small [1;31mconf=0.0033[0m
[BETA_X5] mode=OFF radar_adj=0 mom= conf=0
[BETA_X5] [1;36m06:20:57[0m [1;33mx3[0m [1;36m#825[0m SKIP tension=[1;33m0.89679185[0m [0m| wall_not_collapsed
[BETA_X5] mode=OFF radar_adj=0 mom= conf=0
[BETA_X5] [1;36m06:21:12[0m [1;33mx3[0m [1;36m#826[0m SKIP tension=[1;36m0.00000000[0m [0m| momentum_too_small [1;31mconf=0.3493[0m
[BETA_X5] mode=OFF radar_adj=0 mom= conf=0
[ALPHA_X13_BURST13] [BARRIER_TIMEOUT] BETA en retard, ouverture forcée de la barrière au cycle 298
[ALPHA_X13_BURST13] mode=OFF radar_adj=0 mom= conf=0
[ALPHA_X13_BURST13] [1;36m06:21:32[0m [1;32mx13[0m [1;36m#298[0m SKIP tension=[1;36m0.00001790[0m [0m| momentum_too_small [1;31mconf=0.0[0m
[BETA_X5] [1;36mentry=06:21:36@62648.90000000[0m [1;33mx3[0m [1;36m#827[0m [1;31mSELL[0m tension=[1;31m2.78770131[0m hold=[1;36m16[0ms sec=[1;36m16[0m [0m| exit=62650.70000000 [1;32mconf=0.984[0m [1;36mexit_time=06:21:53[0m [1;31mpnl=-0.00846000 bps=-0.28731550 pct=-0.00287316% total=-11.05604[0m
[BETA_X5] mode=OFF radar_adj=0 mom= conf=0
[ALPHA_X13_BURST13] [BARRIER_TIMEOUT] BETA en retard, ouverture forcée de la barrière au cycle 299
[BETA_X5] [1;36m06:22:05[0m [1;33mx3[0m [1;36m#828[0m SKIP tension=[1;36m0.00009696[0m [0m| momentum_too_small [1;31mconf=0.0002[0m
[ALPHA_X13_BURST13] mode=OFF radar_adj=0 mom= conf=0
[BETA_X5] mode=OFF radar_adj=0 mom= conf=0
[BETA_X5] [1;36m06:22:13[0m [1;33mx3[0m [1;36m#829[0m SKIP tension=[1;32m1.14164680[0m [0m| tactic short vs long
[BETA_X5] mode=OFF radar_adj=0 mom= conf=0
[BETA_X5] [1;36m06:22:22[0m [1;33mx3[0m [1;36m#830[0m SKIP tension=[1;36m0.00198828[0m [0m| momentum_too_small [1;31mconf=0.0033[0m
[ALPHA_X13_BURST13] [1;36mCycle 299[0m [1;32mSOFT anomaly[0m [1;33m| pnl_abs=0.08708000 > 0.02500000[0m
[BETA_X5] mode=OFF radar_adj=0 mom= conf=0
[ALPHA_X13_BURST13] [1;36mentry=06:22:17@62650.70000000[0m [1;32mx13[0m [1;36m#299[0m [1;31mBUY[0m tension=[1;32m1.14156027[0m hold=[1;36m7[0ms sec=[1;36m7[0m [0m| exit=62650.00000000 [1;32mconf=0.999[0m [1;36mexit_time=06:22:24[0m [1;31mpnl=-0.08708000 bps=-0.11173060 pct=-0.00111731% total=-11.14312[0m
[BETA_X5] [1;36m06:22:30[0m [1;33mx3[0m [1;36m#831[0m SKIP tension=[1;36m0.00000000[0m [0m| momentum_too_small [1;31mconf=0.3476[0m
[BETA_X5] mode=OFF radar_adj=0 mom= conf=0
[BETA_X5] [1;36m06:22:39[0m [1;33mx3[0m [1;36m#832[0m SKIP tension=[1;36m0.00001231[0m [0m| momentum_too_small [1;31mconf=0.0[0m
[BETA_X5] mode=OFF radar_adj=0 mom= conf=0
[ALPHA_X13_BURST13] [BARRIER_TIMEOUT] BETA en retard, ouverture forcée de la barrière au cycle 300
[ALPHA_X13_BURST13] mode=OFF radar_adj=0 mom= conf=0
[BETA_X5] [1;36m06:22:47[0m [1;33mx3[0m [1;36m#833[0m SKIP tension=[1;36m0.65238674[0m [0m| wall_not_collapsed
[BETA_X5] mode=OFF radar_adj=0 mom= conf=0
[BETA_X5] [1;36m06:22:55[0m [1;33mx3[0m [1;36m#834[0m SKIP tension=[1;36m0.00004598[0m [0m| momentum_too_small [1;31mconf=0.0001[0m
[BETA_X5] mode=OFF radar_adj=0 mom= conf=0
[BETA_X5] [1;36m06:23:03[0m [1;33mx3[0m [1;36m#835[0m SKIP tension=[1;36m0.70096517[0m [0m| wall_not_collapsed
[ALPHA_X13_BURST13] [1;36mCycle 300[0m [1;32mSOFT anomaly[0m [1;33m| pnl_abs=0.23655000 > 0.02500000[0m
[BETA_X5] mode=OFF radar_adj=0 mom= conf=0
[ALPHA_X13_BURST13] [1;36mentry=06:22:56@62648.80000000[0m [1;32mx13[0m [1;36m#300[0m [1;32mBUY[0m tension=[1;31m2.56233037[0m hold=[1;36m9[0ms sec=[1;36m9[0m [0m| exit=62650.70000000 [1;32mconf=0.9362[0m [1;36mexit_time=06:23:05[0m [1;32mpnl=0.23655000 bps=0.30327796 pct=0.00303278% total=-10.906570000000002[0m
[BETA_X5] [1;36m06:23:11[0m [1;33mx3[0m [1;36m#836[0m SKIP tension=[1;36m0.00014275[0m [0m| momentum_too_small [1;31mconf=0.0002[0m
[BETA_X5] mode=OFF radar_adj=0 mom= conf=0
[BETA_X5] [1;36m06:23:20[0m [1;33mx3[0m [1;36m#837[0m SKIP tension=[1;36m0.00000232[0m [0m| momentum_too_small [1;31mconf=0.0[0m
[BETA_X5] mode=OFF radar_adj=0 mom= conf=0
[ALPHA_X13_BURST13] [BARRIER_TIMEOUT] BETA en retard, ouverture forcée de la barrière au cycle 301
[ALPHA_X13_BURST13] mode=OFF radar_adj=0 mom= conf=0
[BETA_X5] [1;36m06:23:28[0m [1;33mx3[0m [1;36m#838[0m SKIP tension=[1;36m0.00017788[0m [0m| momentum_too_small [1;31mconf=0.0003[0m
[ALPHA_X13_BURST13] [1;36m06:23:32[0m [1;32mx13[0m [1;36m#301[0m SKIP tension=[1;36m0.39774975[0m [0m| wall_not_collapsed
[BETA_X5] mode=OFF radar_adj=0 mom= conf=0
[BETA_X5] [1;36mentry=06:23:42@62650.90000000[0m [1;33mx3[0m [1;36m#839[0m [1;31mSELL[0m tension=[1;32m1.63471728[0m hold=[1;36m6[0ms sec=[1;36m6[0m [0m| exit=62653.70000000 [1;32mconf=0.981[0m [1;36mexit_time=06:23:48[0m [1;31mpnl=-0.01316000 bps=-0.44692095 pct=-0.00446921% total=-10.919730000000001[0m
[ALPHA_X13_BURST13] [BARRIER_TIMEOUT] BETA en retard, ouverture forcée de la barrière au cycle 302
[ALPHA_X13_BURST13] mode=OFF radar_adj=0 mom= conf=0
[BETA_X5] mode=OFF radar_adj=0 mom= conf=0
[ALPHA_X13_BURST13] [1;36m06:23:57[0m [1;32mx13[0m [1;36m#302[0m SKIP tension=[1;36m0.00007441[0m [0m| momentum_too_small [1;31mconf=0.0001[0m
[BETA_X5] [1;36m06:23:58[0m [1;33mx3[0m [1;36m#840[0m SKIP tension=[1;36m0.00006764[0m [0m| momentum_too_small [1;31mconf=0.0001[0m
[BETA_X5] mode=OFF radar_adj=0 mom= conf=0
[BETA_X5] [1;36m06:24:06[0m [1;33mx3[0m [1;36m#841[0m SKIP tension=[1;36m0.77162690[0m [0m| wall_not_collapsed
[BETA_X5] mode=OFF radar_adj=0 mom= conf=0
[BETA_X5] [1;36m06:24:14[0m [1;33mx3[0m [1;36m#842[0m SKIP tension=[1;36m0.00015137[0m [0m| momentum_too_small [1;31mconf=0.0002[0m
[ALPHA_X13_BURST13] [BARRIER_TIMEOUT] BETA en retard, ouverture forcée de la barrière au cycle 303
[ALPHA_X13_BURST13] mode=OFF radar_adj=0 mom= conf=0
[BETA_X5] mode=OFF radar_adj=0 mom= conf=0
[ALPHA_X13_BURST13] [1;36m06:24:23[0m [1;32mx13[0m [1;36m#303[0m SKIP tension=[1;36m0.00007569[0m [0m| momentum_too_small [1;31mconf=0.0001[0m
[BETA_X5] [1;36m06:24:23[0m [1;33mx3[0m [1;36m#843[0m SKIP tension=[1;36m0.00007569[0m [0m| momentum_too_small [1;31mconf=0.0001[0m
[BETA_X5] mode=OFF radar_adj=0 mom= conf=0
[BETA_X5] [1;36m06:24:31[0m [1;33mx3[0m [1;36m#844[0m SKIP tension=[1;36m0.00011473[0m [0m| momentum_too_small [1;31mconf=0.0002[0m
[BETA_X5] mode=OFF radar_adj=0 mom= conf=0
[BETA_X5] [1;36m06:24:40[0m [1;33mx3[0m [1;36m#845[0m SKIP tension=[1;36m0.00007569[0m [0m| momentum_too_small [1;31mconf=0.0001[0m
[ALPHA_X13_BURST13] [BARRIER_TIMEOUT] BETA en retard, ouverture forcée de la barrière au cycle 304
[BETA_X5] mode=OFF radar_adj=0 mom= conf=0
[ALPHA_X13_BURST13] mode=OFF radar_adj=0 mom= conf=0
[BETA_X5] [1;36m06:24:48[0m [1;33mx3[0m [1;36m#846[0m SKIP tension=[1;36m0.46454564[0m [0m| wall_not_collapsed
[ALPHA_X13_BURST13] [1;36m06:24:49[0m [1;32mx13[0m [1;36m#304[0m SKIP tension=[1;36m0.23609589[0m [0m| wall_not_collapsed
[BETA_X5] mode=OFF radar_adj=0 mom= conf=0
[BETA_X5] [1;36m06:24:56[0m [1;33mx3[0m [1;36m#847[0m SKIP tension=[1;36m0.00000000[0m [0m| momentum_too_small [1;31mconf=0.3304[0m
[BETA_X5] mode=OFF radar_adj=0 mom= conf=0
[BETA_X5] [1;36m06:25:05[0m [1;33mx3[0m [1;36m#848[0m SKIP tension=[1;36m0.46247105[0m [0m| wall_not_collapsed
[BETA_X5] mode=OFF radar_adj=0 mom= conf=0
[ALPHA_X13_BURST13] [BARRIER_TIMEOUT] BETA en retard, ouverture forcée de la barrière au cycle 305
[ALPHA_X13_BURST13] mode=OFF radar_adj=0 mom= conf=0
[BETA_X5] [1;36m06:25:13[0m [1;33mx3[0m [1;36m#849[0m SKIP tension=[1;36m0.00029562[0m [0m| momentum_too_small [1;31mconf=0.0005[0m
[ALPHA_X13_BURST13] [1;36m06:25:15[0m [1;32mx13[0m [1;36m#305[0m SKIP tension=[1;36m0.00019243[0m [0m| momentum_too_small [1;31mconf=0.0003[0m
[BETA_X5] mode=OFF radar_adj=0 mom= conf=0
[ALPHA_X13_BURST13] [BARRIER_TIMEOUT] BETA en retard, ouverture forcée de la barrière au cycle 306
[BETA_X5] [1;36mCycle 850[0m [1;32mSOFT anomaly[0m [1;33m| pnl_abs=0.02914000 > 0.02500000[0m
[ALPHA_X13_BURST13] mode=OFF radar_adj=0 mom= conf=0
[BETA_X5] [1;36mentry=06:25:26@62655.70000000[0m [1;33mx3[0m [1;36m#850[0m [1;31mSELL[0m tension=[1;31m3.65479159[0m hold=[1;36m9[0ms sec=[1;36m9[0m [0m| exit=62658.80000000 [1;32mconf=0.9641[0m [1;36mexit_time=06:25:35[0m [1;31mpnl=-0.02914000 bps=-0.49476744 pct=-0.00494767% total=-10.948870000000001[0m
[BETA_X5] mode=OFF radar_adj=0 mom= conf=0
[ALPHA_X13_BURST13] [1;36m06:25:41[0m [1;32mx13[0m [1;36m#306[0m SKIP tension=[1;36m0.00090412[0m [0m| momentum_too_small [1;31mconf=0.0015[0m
[BETA_X5] [1;36m06:25:45[0m [1;33mx3[0m [1;36m#851[0m SKIP tension=[1;36m0.00001241[0m [0m| momentum_too_small [1;31mconf=0.0[0m
[BETA_X5] mode=OFF radar_adj=0 mom= conf=0
[ALPHA_X13_BURST13] [BARRIER_TIMEOUT] BETA en retard, ouverture forcée de la barrière au cycle 307
[ALPHA_X13_BURST13] mode=OFF radar_adj=0 mom= conf=0
[BETA_X5] [1;36mentry=06:25:57@62659.60000000[0m [1;33mx3[0m [1;36m#852[0m [1;32mSELL[0m tension=[1;32m1.23512371[0m hold=[1;36m6[0ms sec=[1;36m6[0m [0m| exit=62655.10000000 [1;32mconf=0.9551[0m [1;36mexit_time=06:26:03[0m [1;32mpnl=0.02115000 bps=0.71816609 pct=0.00718166% total=-10.92772[0m
[ALPHA_X13_BURST13] [1;36m06:26:06[0m [1;32mx13[0m [1;36m#307[0m SKIP tension=[1;36m0.00150034[0m [0m| momentum_too_small [1;31mconf=0.0024[0m
[BETA_X5] mode=OFF radar_adj=0 mom= conf=0
[BETA_X5] [1;36m06:26:12[0m [1;33mx3[0m [1;36m#853[0m SKIP tension=[1;36m0.00001399[0m [0m| momentum_too_small [1;31mconf=0.0[0m
[BETA_X5] mode=OFF radar_adj=0 mom= conf=0
[BETA_X5] [1;36m06:26:20[0m [1;33mx3[0m [1;36m#854[0m SKIP tension=[1;36m0.11320665[0m [0m| direction_unclear [1;31mconf=0.18[0m
[ALPHA_X13_BURST13] [BARRIER_TIMEOUT] BETA en retard, ouverture forcée de la barrière au cycle 308
[BETA_X5] mode=OFF radar_adj=0 mom= conf=0
[ALPHA_X13_BURST13] mode=OFF radar_adj=0 mom= conf=0
[BETA_X5] [1;36m06:26:28[0m [1;33mx3[0m [1;36m#855[0m SKIP tension=[1;36m0.00000000[0m [0m| momentum_too_small [1;31mconf=0.3339[0m
[BETA_X5] mode=OFF radar_adj=0 mom= conf=0
[ALPHA_X13_BURST13] [1;36m06:26:31[0m [1;32mx13[0m [1;36m#308[0m SKIP tension=[1;36m0.00039157[0m [0m| momentum_too_small [1;31mconf=0.0006[0m
[BETA_X5] [1;36m06:26:36[0m [1;33mx3[0m [1;36m#856[0m SKIP tension=[1;36m0.00010914[0m [0m| momentum_too_small [1;31mconf=0.0002[0m
[BETA_X5] mode=OFF radar_adj=0 mom= conf=0
[BETA_X5] [1;36m06:26:44[0m [1;33mx3[0m [1;36m#857[0m SKIP tension=[1;36m0.00440697[0m [0m| momentum_too_small [1;31mconf=0.007[0m
[BETA_X5] mode=OFF radar_adj=0 mom= conf=0
[ALPHA_X13_BURST13] [BARRIER_TIMEOUT] BETA en retard, ouverture forcée de la barrière au cycle 309
[ALPHA_X13_BURST13] mode=OFF radar_adj=0 mom= conf=0
[BETA_X5] [1;36m06:26:52[0m [1;33mx3[0m [1;36m#858[0m SKIP tension=[1;36m0.49009939[0m [0m| wall_not_collapsed
[BETA_X5] mode=OFF radar_adj=0 mom= conf=0
[ALPHA_X13_BURST13] [1;36m06:26:56[0m [1;32mx13[0m [1;36m#309[0m SKIP tension=[1;36m0.00000000[0m [0m| momentum_too_small [1;31mconf=0.3339[0m
[BETA_X5] [1;36mentry=06:27:04@62659.60000000[0m [1;33mx3[0m [1;36m#859[0m [1;32mSELL[0m tension=[1;31m2.93761300[0m hold=[1;36m6[0ms sec=[1;36m6[0m [0m| exit=62655.00000000 [1;32mconf=0.9541[0m [1;36mexit_time=06:27:10[0m [1;32mpnl=0.02162000 bps=0.73412534 pct=0.00734125% total=-10.906100000000002[0m
[ALPHA_X13_BURST13] [BARRIER_TIMEOUT] BETA en retard, ouverture forcée de la barrière au cycle 310
[BETA_X5] mode=OFF radar_adj=0 mom= conf=0
[ALPHA_X13_BURST13] mode=OFF radar_adj=0 mom= conf=0
[BETA_X5] [1;36m06:27:20[0m [1;33mx3[0m [1;36m#860[0m SKIP tension=[1;36m0.00002742[0m [0m| momentum_too_small [1;31mconf=0.0[0m
[ALPHA_X13_BURST13] [1;36m06:27:21[0m [1;32mx13[0m [1;36m#310[0m SKIP tension=[1;36m0.09919656[0m [0m| direction_unclear [1;31mconf=0.1607[0m
[BETA_X5] mode=OFF radar_adj=0 mom= conf=0
[BETA_X5] [1;36m06:27:27[0m [1;33mx3[0m [1;36m#861[0m SKIP tension=[1;36m0.00011910[0m [0m| momentum_too_small [1;31mconf=0.0002[0m
[BETA_X5] mode=OFF radar_adj=0 mom= conf=0
[BETA_X5] [1;36m06:27:36[0m [1;33mx3[0m [1;36m#862[0m SKIP tension=[1;36m0.00019196[0m [0m| momentum_too_small [1;31mconf=0.0003[0m
[BETA_X5] mode=OFF radar_adj=0 mom= conf=0
[ALPHA_X13_BURST13] [BARRIER_TIMEOUT] BETA en retard, ouverture forcée de la barrière au cycle 311
[ALPHA_X13_BURST13] mode=OFF radar_adj=0 mom= conf=0
[BETA_X5] [1;36m06:27:47[0m [1;33mx3[0m [1;36m#863[0m SKIP tension=[1;36m0.00005966[0m [0m| momentum_too_small [1;31mconf=0.0001[0m
[BETA_X5] mode=OFF radar_adj=0 mom= conf=0
[ALPHA_X13_BURST13] [1;36m06:27:53[0m [1;32mx13[0m [1;36m#311[0m SKIP tension=[1;36m0.00004782[0m [0m| momentum_too_small [1;31mconf=0.0001[0m
[BETA_X5] [1;36mentry=06:28:08@62654.30000000[0m [1;33mx3[0m [1;36m#864[0m [1;32mSELL[0m tension=[1;32m1.25240465[0m hold=[1;36m13[0ms sec=[1;36m13[0m [0m| exit=62653.70000000 [1;32mconf=0.994[0m [1;36mexit_time=06:28:21[0m [1;32mpnl=0.00282000 bps=0.09576358 pct=0.00095764% total=-10.90328[0m
[BETA_X5] mode=OFF radar_adj=0 mom= conf=0
[ALPHA_X13_BURST13] [BARRIER_TIMEOUT] BETA en retard, ouverture forcée de la barrière au cycle 312
[ALPHA_X13_BURST13] mode=OFF radar_adj=0 mom= conf=0
[BETA_X5] [1;36m06:28:38[0m [1;33mx3[0m [1;36m#865[0m SKIP tension=[1;36m0.00022244[0m [0m| momentum_too_small [1;31mconf=0.0003[0m
[BETA_X5] mode=OFF radar_adj=0 mom= conf=0
[ALPHA_X13_BURST13] [1;36m06:28:42[0m [1;32mx13[0m [1;36m#312[0m SKIP tension=[1;36m0.00014612[0m [0m| momentum_too_small [1;31mconf=0.0002[0m
[BETA_X5] [1;36mCycle 866[0m [1;32mSOFT anomaly[0m [1;33m| pnl_abs=0.10318000 > 0.02500000[0m
[BETA_X5] [1;36mentry=06:29:00@62646.60000000[0m [1;33mx3[0m [1;36m#866[0m [1;31mSELL[0m tension=[1;31m2.23082277[0m hold=[1;36m14[0ms sec=[1;36m14[0m [0m| exit=62653.30000000 [1;32mconf=0.998[0m [1;36mexit_time=06:29:15[0m [1;31mpnl=-0.10318000 bps=-1.06949140 pct=-0.01069491% total=-11.00646[0m
[ALPHA_X13_BURST13] [BARRIER_TIMEOUT] BETA en retard, ouverture forcée de la barrière au cycle 313
[BETA_X5] mode=OFF radar_adj=0 mom= conf=0
[ALPHA_X13_BURST13] mode=OFF radar_adj=0 mom= conf=0
[BETA_X5] [1;36m06:29:34[0m [1;33mx3[0m [1;36m#867[0m SKIP tension=[1;36m0.00063662[0m [0m| momentum_too_small [1;31mconf=0.001[0m
[ALPHA_X13_BURST13] [1;36m06:29:35[0m [1;32mx13[0m [1;36m#313[0m SKIP tension=[1;36m0.00063662[0m [0m| momentum_too_small [1;31mconf=0.001[0m
[BETA_X5] mode=OFF radar_adj=0 mom= conf=0
[BETA_X5] [1;36m06:29:48[0m [1;33mx3[0m [1;36m#868[0m SKIP tension=[1;36m0.00000000[0m [0m| momentum_too_small [1;31mconf=0.3074[0m
[BETA_X5] mode=OFF radar_adj=0 mom= conf=0
[BETA_X5] [1;36m06:29:57[0m [1;33mx3[0m [1;36m#869[0m SKIP tension=[1;36m0.00078968[0m [0m| momentum_too_small [1;31mconf=0.0011[0m
[BETA_X5] mode=OFF radar_adj=0 mom= conf=0
[ALPHA_X13_BURST13] [BARRIER_TIMEOUT] BETA en retard, ouverture forcée de la barrière au cycle 314
[ALPHA_X13_BURST13] mode=OFF radar_adj=0 mom= conf=0
[ALPHA_X13_BURST13] [1;36m06:30:11[0m [1;32mx13[0m [1;36m#314[0m SKIP tension=[1;36m0.00000000[0m [0m| momentum_too_small [1;31mconf=0.3011[0m
[BETA_X5] [1;36mentry=06:30:12@62659.00000000[0m [1;33mx3[0m [1;36m#870[0m [1;33mSELL[0m tension=[1;31m6.57507621[0m hold=[1;36m6[0ms sec=[1;36m6[0m [0m| exit=62659.00000000 [1;32mconf=0.8604[0m [1;36mexit_time=06:30:18[0m [1;33mpnl=-0.00000000 bps=-0.00000000 pct=-0.00000000% total=-11.00646[0m
[BETA_X5] mode=OFF radar_adj=0 mom= conf=0
[BETA_X5] [1;36m06:30:29[0m [1;33mx3[0m [1;36m#871[0m SKIP tension=[1;36m0.07907844[0m [0m| direction_unclear [1;31mconf=0.1248[0m
[ALPHA_X13_BURST13] [BARRIER_TIMEOUT] BETA en retard, ouverture forcée de la barrière au cycle 315
[ALPHA_X13_BURST13] mode=OFF radar_adj=0 mom= conf=0
[BETA_X5] mode=OFF radar_adj=0 mom= conf=0
[ALPHA_X13_BURST13] [1;36m06:30:36[0m [1;32mx13[0m [1;36m#315[0m SKIP tension=[1;36m0.00000000[0m [0m| momentum_too_small [1;31mconf=0.3315[0m
[BETA_X5] [1;36m06:30:37[0m [1;33mx3[0m [1;36m#872[0m SKIP tension=[1;36m0.00000000[0m [0m| momentum_too_small [1;31mconf=0.3315[0m
[BETA_X5] mode=OFF radar_adj=0 mom= conf=0
[BETA_X5] [1;36m06:30:45[0m [1;33mx3[0m [1;36m#873[0m SKIP tension=[1;36m0.00000000[0m [0m| momentum_too_small [1;31mconf=0.3189[0m
[BETA_X5] mode=OFF radar_adj=0 mom= conf=0
[BETA_X5] [1;36m06:30:54[0m [1;33mx3[0m [1;36m#874[0m SKIP tension=[1;36m0.00000556[0m [0m| momentum_too_small [1;31mconf=0.0[0m
[ALPHA_X13_BURST13] [BARRIER_TIMEOUT] BETA en retard, ouverture forcée de la barrière au cycle 316
[BETA_X5] mode=OFF radar_adj=0 mom= conf=0
[ALPHA_X13_BURST13] mode=OFF radar_adj=0 mom= conf=0
[BETA_X5] [1;36m06:31:02[0m [1;33mx3[0m [1;36m#875[0m SKIP tension=[1;36m0.00000218[0m [0m| momentum_too_small [1;31mconf=0.0[0m
[ALPHA_X13_BURST13] [1;36m06:31:03[0m [1;32mx13[0m [1;36m#316[0m SKIP tension=[1;36m0.00000000[0m [0m| momentum_too_small [1;31mconf=0.2994[0m
[BETA_X5] mode=OFF radar_adj=0 mom= conf=0
[BETA_X5] [1;36m06:31:11[0m [1;33mx3[0m [1;36m#876[0m SKIP tension=[1;36m0.38310166[0m [0m| wall_not_collapsed
[BETA_X5] mode=OFF radar_adj=0 mom= conf=0
[BETA_X5] [1;36m06:31:19[0m [1;33mx3[0m [1;36m#877[0m SKIP tension=[1;36m0.00276083[0m [0m| momentum_too_small [1;31mconf=0.0044[0m
[BETA_X5] mode=OFF radar_adj=0 mom= conf=0
[ALPHA_X13_BURST13] [BARRIER_TIMEOUT] BETA en retard, ouverture forcée de la barrière au cycle 317
[ALPHA_X13_BURST13] mode=OFF radar_adj=0 mom= conf=0
[ALPHA_X13_BURST13] [1;36m06:31:30[0m [1;32mx13[0m [1;36m#317[0m SKIP tension=[1;36m0.00000445[0m [0m| momentum_too_small [1;31mconf=0.0[0m
[BETA_X5] [1;36mCycle 878[0m [1;32mSOFT anomaly[0m [1;33m| pnl_abs=0.06110000 > 0.02500000[0m
[BETA_X5] [1;36mentry=06:31:32@62659.50000000[0m [1;33mx3[0m [1;36m#878[0m [1;32mSELL[0m tension=[1;32m1.03538435[0m hold=[1;36m6[0ms sec=[1;36m6[0m [0m| exit=62646.50000000 [1;32mconf=0.9551[0m [1;36mexit_time=06:31:38[0m [1;32mpnl=0.06110000 bps=2.07470535 pct=0.02074705% total=-10.94536[0m
[BETA_X5] mode=OFF radar_adj=0 mom= conf=0
[BETA_X5] [1;36m06:31:48[0m [1;33mx3[0m [1;36m#879[0m SKIP tension=[1;33m0.99634286[0m [0m| wall_not_collapsed
[ALPHA_X13_BURST13] [BARRIER_TIMEOUT] BETA en retard, ouverture forcée de la barrière au cycle 318
[BETA_X5] mode=OFF radar_adj=0 mom= conf=0
[ALPHA_X13_BURST13] mode=OFF radar_adj=0 mom= conf=0
[BETA_X5] [1;36m06:31:57[0m [1;33mx3[0m [1;36m#880[0m SKIP tension=[1;36m0.00002386[0m [0m| momentum_too_small [1;31mconf=0.0[0m
[ALPHA_X13_BURST13] [1;36m06:31:57[0m [1;32mx13[0m [1;36m#318[0m SKIP tension=[1;36m0.00002386[0m [0m| momentum_too_small [1;31mconf=0.0[0m
[BETA_X5] mode=OFF radar_adj=0 mom= conf=0
[BETA_X5] [1;36m06:32:05[0m [1;33mx3[0m [1;36m#881[0m SKIP tension=[1;36m0.00001858[0m [0m| momentum_too_small [1;31mconf=0.0[0m
[BETA_X5] mode=OFF radar_adj=0 mom= conf=0
[ALPHA_X13_BURST13] [BARRIER_TIMEOUT] BETA en retard, ouverture forcée de la barrière au cycle 319
[ALPHA_X13_BURST13] mode=OFF radar_adj=0 mom= conf=0
[ALPHA_X13_BURST13] [1;36m06:32:23[0m [1;32mx13[0m [1;36m#319[0m SKIP tension=[1;36m0.00000000[0m [0m| momentum_too_small [1;31mconf=0.2599[0m
[BETA_X5] [1;36mentry=06:32:18@62670.80000000[0m [1;33mx3[0m [1;36m#882[0m [1;31mSELL[0m tension=[1;32m1.18314438[0m hold=[1;36m6[0ms sec=[1;36m6[0m [0m| exit=62670.90000000 [1;32mconf=0.8005[0m [1;36mexit_time=06:32:24[0m [1;31mpnl=-0.00076000 bps=-0.01595639 pct=-0.00015956% total=-10.94612[0m
[BETA_X5] mode=OFF radar_adj=0 mom= conf=0
[ALPHA_X13_BURST13] [BARRIER_TIMEOUT] BETA en retard, ouverture forcée de la barrière au cycle 320
[ALPHA_X13_BURST13] mode=OFF radar_adj=0 mom= conf=0
[BETA_X5] [1;36mentry=06:32:39@62670.90000000[0m [1;33mx3[0m [1;36m#883[0m [1;33mSELL[0m tension=[1;31m2.76027594[0m hold=[1;36m6[0ms sec=[1;36m6[0m [0m| exit=62670.90000000 [1;33mconf=0.7417[0m [1;36mexit_time=06:32:45[0m [1;33mpnl=-0.00000000 bps=-0.00000000 pct=-0.00000000% total=-10.94612[0m
[ALPHA_X13_BURST13] [1;36m06:32:49[0m [1;32mx13[0m [1;36m#320[0m SKIP tension=[1;36m0.00000000[0m [0m| momentum_too_small [1;31mconf=0.2596[0m
[BETA_X5] mode=OFF radar_adj=0 mom= conf=0
[BETA_X5] [1;36m06:32:55[0m [1;33mx3[0m [1;36m#884[0m SKIP tension=[1;36m0.00115610[0m [0m| momentum_too_small [1;31mconf=0.0014[0m
[BETA_X5] mode=OFF radar_adj=0 mom= conf=0
[BETA_X5] [1;36m06:33:06[0m [1;33mx3[0m [1;36m#885[0m SKIP tension=[1;33m0.96157731[0m [0m| wall_not_collapsed
[BETA_X5] mode=OFF radar_adj=0 mom= conf=0
[ALPHA_X13_BURST13] [BARRIER_TIMEOUT] BETA en retard, ouverture forcée de la barrière au cycle 321
[ALPHA_X13_BURST13] mode=OFF radar_adj=0 mom= conf=0
[BETA_X5] [1;36m06:33:17[0m [1;33mx3[0m [1;36m#886[0m SKIP tension=[1;36m0.00001448[0m [0m| momentum_too_small [1;31mconf=0.0[0m
[BETA_X5] mode=OFF radar_adj=0 mom= conf=0
[ALPHA_X13_BURST13] [1;36m06:33:23[0m [1;32mx13[0m [1;36m#321[0m SKIP tension=[1;36m0.00000803[0m [0m| momentum_too_small [1;31mconf=0.0[0m
[BETA_X5] [1;36m06:33:27[0m [1;33mx3[0m [1;36m#887[0m SKIP tension=[1;36m0.00000000[0m [0m| momentum_too_small [1;31mconf=0.2596[0m
[BETA_X5] [1;31mSTOP file detected (STOP_BETA). Stopping safely at cycle 888.[0m
[BETA_X5] 
[BETA_X5] [1;32mDone.[0m
[BETA_X5] [1;36mLog: runs/MASTER_BASE_V8_5_IMPACT_4H00_BETA_X5.csv[0m
[BETA_X5] [1;32mSuccessful order-cycles: 91[0m
[BETA_X5] [1;32mDernier cycle #888:[0m [1;33mpnl=-0.00000000 bps=-0.00000000 pct=-0.00000000%[0m
[ALPHA_X13_BURST13] [BARRIER_TIMEOUT] BETA en retard, ouverture forcée de la barrière au cycle 322
[ALPHA_X13_BURST13] mode=OFF radar_adj=0 mom= conf=0
[ALPHA_X13_BURST13] [1;36m06:33:49[0m [1;32mx13[0m [1;36m#322[0m SKIP tension=[1;36m0.00000000[0m [0m| momentum_too_small [1;31mconf=0.3472[0m
[ALPHA_X13_BURST13] [BARRIER_TIMEOUT] BETA en retard, ouverture forcée de la barrière au cycle 323
[ALPHA_X13_BURST13] mode=OFF radar_adj=0 mom= conf=0
[ALPHA_X13_BURST13] [1;36m06:34:14[0m [1;32mx13[0m [1;36m#323[0m SKIP tension=[1;36m0.00013367[0m [0m| momentum_too_small [1;31mconf=0.0002[0m
[ALPHA_X13_BURST13] [BARRIER_TIMEOUT] BETA en retard, ouverture forcée de la barrière au cycle 324
[ALPHA_X13_BURST13] mode=OFF radar_adj=0 mom= conf=0
[ALPHA_X13_BURST13] [1;36m06:34:40[0m [1;32mx13[0m [1;36m#324[0m SKIP tension=[1;31m8.18546328[0m [0m| duo stale_state
[ALPHA_X13_BURST13] [BARRIER_TIMEOUT] BETA en retard, ouverture forcée de la barrière au cycle 325
[ALPHA_X13_BURST13] mode=OFF radar_adj=0 mom= conf=0
[ALPHA_X13_BURST13] [1;36m06:35:05[0m [1;32mx13[0m [1;36m#325[0m SKIP tension=[1;36m0.00055797[0m [0m| momentum_too_small [1;31mconf=0.0008[0m
[ALPHA_X13_BURST13] [BARRIER_TIMEOUT] BETA en retard, ouverture forcée de la barrière au cycle 326
[ALPHA_X13_BURST13] mode=OFF radar_adj=0 mom= conf=0
[ALPHA_X13_BURST13] [1;36m06:35:32[0m [1;32mx13[0m [1;36m#326[0m SKIP tension=[1;31m3.24380491[0m [0m| duo stale_state
[ALPHA_X13_BURST13] [BARRIER_TIMEOUT] BETA en retard, ouverture forcée de la barrière au cycle 327
[ALPHA_X13_BURST13] mode=OFF radar_adj=0 mom= conf=0
[ALPHA_X13_BURST13] [1;36m06:35:57[0m [1;32mx13[0m [1;36m#327[0m SKIP tension=[1;36m0.02698277[0m [0m| direction_unclear [1;31mconf=0.0412[0m
[ALPHA_X13_BURST13] [BARRIER_TIMEOUT] BETA en retard, ouverture forcée de la barrière au cycle 328
[ALPHA_X13_BURST13] mode=OFF radar_adj=0 mom= conf=0
[ALPHA_X13_BURST13] [1;36m06:36:23[0m [1;32mx13[0m [1;36m#328[0m SKIP tension=[1;36m0.00020188[0m [0m| momentum_too_small [1;31mconf=0.0003[0m
[ALPHA_X13_BURST13] [BARRIER_TIMEOUT] BETA en retard, ouverture forcée de la barrière au cycle 329
[ALPHA_X13_BURST13] mode=OFF radar_adj=0 mom= conf=0
[ALPHA_X13_BURST13] [1;36m06:36:49[0m [1;32mx13[0m [1;36m#329[0m SKIP tension=[1;36m0.07585901[0m [0m| direction_unclear [1;31mconf=0.1107[0m
[ALPHA_X13_BURST13] [BARRIER_TIMEOUT] BETA en retard, ouverture forcée de la barrière au cycle 330
[ALPHA_X13_BURST13] mode=OFF radar_adj=0 mom= conf=0
[ALPHA_X13_BURST13] [1;36m06:37:15[0m [1;32mx13[0m [1;36m#330[0m SKIP tension=[1;32m1.86761694[0m [0m| duo stale_state
[ALPHA_X13_BURST13] [BARRIER_TIMEOUT] BETA en retard, ouverture forcée de la barrière au cycle 331
[ALPHA_X13_BURST13] mode=OFF radar_adj=0 mom= conf=0
[ALPHA_X13_BURST13] [1;36m06:37:59[0m [1;32mx13[0m [1;36m#331[0m SKIP tension=[1;36m0.00005974[0m [0m| momentum_too_small [1;31mconf=0.0001[0m
[ALPHA_X13_BURST13] [BARRIER_TIMEOUT] BETA en retard, ouverture forcée de la barrière au cycle 332
[ALPHA_X13_BURST13] mode=OFF radar_adj=0 mom= conf=0
[ALPHA_X13_BURST13] [1;36m06:38:44[0m [1;32mx13[0m [1;36m#332[0m SKIP tension=[1;36m0.00011371[0m [0m| momentum_too_small [1;31mconf=0.0002[0m
[ALPHA_X13_BURST13] [BARRIER_TIMEOUT] BETA en retard, ouverture forcée de la barrière au cycle 333
[ALPHA_X13_BURST13] mode=OFF radar_adj=0 mom= conf=0
[ALPHA_X13_BURST13] [1;36m06:39:28[0m [1;32mx13[0m [1;36m#333[0m SKIP tension=[1;36m0.00007860[0m [0m| momentum_too_small [1;31mconf=0.0001[0m
[ALPHA_X13_BURST13] [BARRIER_TIMEOUT] BETA en retard, ouverture forcée de la barrière au cycle 334
[ALPHA_X13_BURST13] mode=OFF radar_adj=0 mom= conf=0
[ALPHA_X13_BURST13] [1;36m06:39:54[0m [1;32mx13[0m [1;36m#334[0m SKIP tension=[1;36m0.00370112[0m [0m| momentum_too_small [1;31mconf=0.0057[0m
[ALPHA_X13_BURST13] [BARRIER_TIMEOUT] BETA en retard, ouverture forcée de la barrière au cycle 335
[ALPHA_X13_BURST13] mode=OFF radar_adj=0 mom= conf=0
[ALPHA_X13_BURST13] [1;36m06:40:20[0m [1;32mx13[0m [1;36m#335[0m SKIP tension=[1;36m0.70145790[0m [0m| wall_not_collapsed
[ALPHA_X13_BURST13] [BARRIER_TIMEOUT] BETA en retard, ouverture forcée de la barrière au cycle 336
[ALPHA_X13_BURST13] mode=OFF radar_adj=0 mom= conf=0
[ALPHA_X13_BURST13] [1;36m06:40:45[0m [1;32mx13[0m [1;36m#336[0m SKIP tension=[1;36m0.00001070[0m [0m| spread_too_wide [1;31mconf=0.0[0m
[ALPHA_X13_BURST13] [BARRIER_TIMEOUT] BETA en retard, ouverture forcée de la barrière au cycle 337
[ALPHA_X13_BURST13] mode=OFF radar_adj=0 mom= conf=0
[ALPHA_X13_BURST13] [1;36m06:41:11[0m [1;32mx13[0m [1;36m#337[0m SKIP tension=[1;36m0.72225304[0m [0m| wall_not_collapsed
[ALPHA_X13_BURST13] [BARRIER_TIMEOUT] BETA en retard, ouverture forcée de la barrière au cycle 338
[ALPHA_X13_BURST13] mode=OFF radar_adj=0 mom= conf=0
[ALPHA_X13_BURST13] [1;36m06:41:36[0m [1;32mx13[0m [1;36m#338[0m SKIP tension=[1;36m0.00000000[0m [0m| spread_too_wide [1;31mconf=0.0[0m
[ALPHA_X13_BURST13] [BARRIER_TIMEOUT] BETA en retard, ouverture forcée de la barrière au cycle 339
[ALPHA_X13_BURST13] mode=OFF radar_adj=0 mom= conf=0
[ALPHA_X13_BURST13] [1;36m06:42:01[0m [1;32mx13[0m [1;36m#339[0m SKIP tension=[1;36m0.00014254[0m [0m| spread_too_wide [1;31mconf=0.0001[0m
[ALPHA_X13_BURST13] [BARRIER_TIMEOUT] BETA en retard, ouverture forcée de la barrière au cycle 340
[ALPHA_X13_BURST13] mode=OFF radar_adj=0 mom= conf=0
[ALPHA_X13_BURST13] [1;36m06:42:27[0m [1;32mx13[0m [1;36m#340[0m SKIP tension=[1;36m0.00001453[0m [0m| momentum_too_small [1;31mconf=0.0[0m
[ALPHA_X13_BURST13] [BARRIER_TIMEOUT] BETA en retard, ouverture forcée de la barrière au cycle 341
[ALPHA_X13_BURST13] mode=OFF radar_adj=0 mom= conf=0
[ALPHA_X13_BURST13] [1;36m06:42:53[0m [1;32mx13[0m [1;36m#341[0m SKIP tension=[1;36m0.00001908[0m [0m| momentum_too_small [1;31mconf=0.0[0m
[ALPHA_X13_BURST13] [BARRIER_TIMEOUT] BETA en retard, ouverture forcée de la barrière au cycle 342
[ALPHA_X13_BURST13] mode=OFF radar_adj=0 mom= conf=0
[ALPHA_X13_BURST13] [1;36m06:43:18[0m [1;32mx13[0m [1;36m#342[0m SKIP tension=[1;36m0.50472930[0m [0m| wall_not_collapsed
[ALPHA_X13_BURST13] [BARRIER_TIMEOUT] BETA en retard, ouverture forcée de la barrière au cycle 343
[ALPHA_X13_BURST13] mode=OFF radar_adj=0 mom= conf=0
[ALPHA_X13_BURST13] [1;36m06:43:43[0m [1;32mx13[0m [1;36m#343[0m SKIP tension=[1;36m0.00000000[0m [0m| momentum_too_small [1;31mconf=0.3238[0m
[ALPHA_X13_BURST13] [BARRIER_TIMEOUT] BETA en retard, ouverture forcée de la barrière au cycle 344
[ALPHA_X13_BURST13] mode=OFF radar_adj=0 mom= conf=0
[ALPHA_X13_BURST13] [1;36m06:44:09[0m [1;32mx13[0m [1;36m#344[0m SKIP tension=[1;36m0.00000875[0m [0m| momentum_too_small [1;31mconf=0.0[0m
[ALPHA_X13_BURST13] [BARRIER_TIMEOUT] BETA en retard, ouverture forcée de la barrière au cycle 345
[ALPHA_X13_BURST13] mode=OFF radar_adj=0 mom= conf=0
[ALPHA_X13_BURST13] [1;36m06:44:34[0m [1;32mx13[0m [1;36m#345[0m SKIP tension=[1;36m0.63958074[0m [0m| wall_not_collapsed
[ALPHA_X13_BURST13] [BARRIER_TIMEOUT] BETA en retard, ouverture forcée de la barrière au cycle 346
[ALPHA_X13_BURST13] mode=OFF radar_adj=0 mom= conf=0
[ALPHA_X13_BURST13] [1;36m06:45:00[0m [1;32mx13[0m [1;36m#346[0m SKIP tension=[1;36m0.00000303[0m [0m| momentum_too_small [1;31mconf=0.0[0m
[ALPHA_X13_BURST13] [BARRIER_TIMEOUT] BETA en retard, ouverture forcée de la barrière au cycle 347
[ALPHA_X13_BURST13] mode=OFF radar_adj=0 mom= conf=0
[ALPHA_X13_BURST13] [1;36m06:45:25[0m [1;32mx13[0m [1;36m#347[0m SKIP tension=[1;36m0.00000000[0m [0m| momentum_too_small [1;31mconf=0.2941[0m
[ALPHA_X13_BURST13] [BARRIER_TIMEOUT] BETA en retard, ouverture forcée de la barrière au cycle 348
[ALPHA_X13_BURST13] mode=OFF radar_adj=0 mom= conf=0
[ALPHA_X13_BURST13] [1;36m06:45:50[0m [1;32mx13[0m [1;36m#348[0m SKIP tension=[1;36m0.00000000[0m [0m| momentum_too_small [1;31mconf=0.3381[0m
[ALPHA_X13_BURST13] [BARRIER_TIMEOUT] BETA en retard, ouverture forcée de la barrière au cycle 349
[ALPHA_X13_BURST13] mode=OFF radar_adj=0 mom= conf=0
[ALPHA_X13_BURST13] [1;36m06:46:17[0m [1;32mx13[0m [1;36m#349[0m SKIP tension=[1;36m0.00000000[0m [0m| momentum_too_small [1;31mconf=0.3378[0m
[ALPHA_X13_BURST13] [BARRIER_TIMEOUT] BETA en retard, ouverture forcée de la barrière au cycle 350
[ALPHA_X13_BURST13] mode=OFF radar_adj=0 mom= conf=0
[ALPHA_X13_BURST13] [1;36m06:46:43[0m [1;32mx13[0m [1;36m#350[0m SKIP tension=[1;36m0.17351654[0m [0m| direction_unclear [1;31mconf=0.2791[0m
[ALPHA_X13_BURST13] [BARRIER_TIMEOUT] BETA en retard, ouverture forcée de la barrière au cycle 351
[ALPHA_X13_BURST13] mode=OFF radar_adj=0 mom= conf=0
[ALPHA_X13_BURST13] [1;36m06:47:08[0m [1;32mx13[0m [1;36m#351[0m SKIP tension=[1;36m0.00011006[0m [0m| momentum_too_small [1;31mconf=0.0002[0m
[ALPHA_X13_BURST13] [BARRIER_TIMEOUT] BETA en retard, ouverture forcée de la barrière au cycle 352
[ALPHA_X13_BURST13] mode=OFF radar_adj=0 mom= conf=0
[ALPHA_X13_BURST13] [1;36m06:47:35[0m [1;32mx13[0m [1;36m#352[0m SKIP tension=[1;36m0.19540991[0m [0m| direction_unclear [1;31mconf=0.3143[0m
[ALPHA_X13_BURST13] [BARRIER_TIMEOUT] BETA en retard, ouverture forcée de la barrière au cycle 353
[ALPHA_X13_BURST13] mode=OFF radar_adj=0 mom= conf=0
[ALPHA_X13_BURST13] [1;36m06:48:05[0m [1;32mx13[0m [1;36m#353[0m SKIP tension=[1;31m9.37708687[0m [0m| duo stale_state
[ALPHA_X13_BURST13] [BARRIER_TIMEOUT] BETA en retard, ouverture forcée de la barrière au cycle 354
[ALPHA_X13_BURST13] mode=OFF radar_adj=0 mom= conf=0
[ALPHA_X13_BURST13] [1;36m06:48:33[0m [1;32mx13[0m [1;36m#354[0m SKIP tension=[1;36m0.00120956[0m [0m| momentum_too_small [1;31mconf=0.002[0m
[ALPHA_X13_BURST13] [BARRIER_TIMEOUT] BETA en retard, ouverture forcée de la barrière au cycle 355
[ALPHA_X13_BURST13] mode=OFF radar_adj=0 mom= conf=0
[ALPHA_X13_BURST13] [1;36m06:49:03[0m [1;32mx13[0m [1;36m#355[0m SKIP tension=[1;36m0.00003264[0m [0m| momentum_too_small [1;31mconf=0.0001[0m
[ALPHA_X13_BURST13] [BARRIER_TIMEOUT] BETA en retard, ouverture forcée de la barrière au cycle 356
[ALPHA_X13_BURST13] mode=OFF radar_adj=0 mom= conf=0
[ALPHA_X13_BURST13] [1;36m06:49:29[0m [1;32mx13[0m [1;36m#356[0m SKIP tension=[1;36m0.00001297[0m [0m| momentum_too_small [1;31mconf=0.0[0m
[ALPHA_X13_BURST13] [BARRIER_TIMEOUT] BETA en retard, ouverture forcée de la barrière au cycle 357
[ALPHA_X13_BURST13] [1;31mSTOP file detected (STOP_ALPHA). Stopping safely at cycle 357.[0m
[ALPHA_X13_BURST13] 
[ALPHA_X13_BURST13] [1;32mDone.[0m
[ALPHA_X13_BURST13] [1;36mLog: runs/MASTER_BASE_V8_5_IMPACT_4H00_ALPHA_X13_BURST13.csv[0m
[ALPHA_X13_BURST13] [1;32mSuccessful order-cycles: 16[0m
[ALPHA_X13_BURST13] [1;32mDernier cycle #357:[0m [1;32mpnl=0.23655000 bps=0.30327796 pct=0.00303278%[0m
