ts,cycle,side,status,entryPrice,exitPrice,qty,bps,pnl,exitReason,holdSec,msg
2026-07-08T16:25:43Z,1,SKIP,SKIPPED,,,,,0,llm_gate,reason=ollama_skip status=SKIP
2026-07-08T16:26:01Z,2,SKIP,SKIPPED,,,,,0,impulse_resonance_wait,reason=wall_not_collapsed tension=0.48021384 bid_drop=0.36806981 ask_drop=3.12138999
2026-07-08T16:26:15Z,3,SKIP,SKIPPED,,,,,0,radar_block,reason=momentum_too_small conf=0.0 mom_sig=0.00002635 raw_mom_bps=0.00000000 spread_bps=6.60980000 tension=0.00002635 bid_drop=0.00000000 ask_drop=0.00017129
2026-07-08T16:26:22Z,4,SKIP,SKIPPED,,,,,0,radar_block,reason=momentum_too_small conf=0.0 mom_sig=0.00000970 raw_mom_bps=0.00000000 spread_bps=6.60980000 tension=0.00000970 bid_drop=0.00000000 ask_drop=0.00006305
2026-07-08T16:26:30Z,5,SKIP,SKIPPED,,,,,0,impulse_resonance_wait,reason=wall_not_collapsed tension=0.86366882 bid_drop=0.00016463 ask_drop=5.61384735
2026-07-08T16:26:36Z,6,SKIP,SKIPPED,,,,,0,radar_block,reason=momentum_too_small conf=0.2054 mom_sig=0.00000000 raw_mom_bps=6.61415235 spread_bps=6.60980000 tension=0.00000000 bid_drop=0.00000000 ask_drop=0.00000000
2026-07-08T16:26:43Z,7,SKIP,SKIPPED,,,,,0,impulse_resonance_wait,reason=wall_not_collapsed tension=0.84447272 bid_drop=0.00000000 ask_drop=5.48907267
2026-07-08T16:26:51Z,8,SKIP,SKIPPED,,,,,0,radar_block,reason=momentum_too_small conf=0.0001 mom_sig=0.00006256 raw_mom_bps=0.00000000 spread_bps=6.60980000 tension=0.00006256 bid_drop=0.00000000 ask_drop=0.00040662
2026-07-08T16:26:58Z,9,SKIP,SKIPPED,,,,,0,radar_block,reason=momentum_too_small conf=0.1962 mom_sig=0.00000000 raw_mom_bps=0.00000000 spread_bps=7.02970000 tension=0.00000000 bid_drop=0.00000000 ask_drop=0.00000000
2026-07-08T16:27:06Z,10,SKIP,SKIPPED,,,,,0,radar_block,reason=spread_too_wide conf=0.0 mom_sig=0.00001691 raw_mom_bps=0.00000000 spread_bps=8.35370000 tension=0.00001691 bid_drop=0.00008234 ask_drop=0.00010990
2026-07-08T16:27:13Z,11,SKIP,SKIPPED,,,,,0,radar_block,reason=direction_unclear conf=0.1394 mom_sig=0.09776111 raw_mom_bps=0.00000000 spread_bps=2.31050000 tension=0.09776111 bid_drop=0.63544723 ask_drop=0.00012511
2026-07-08T16:27:35Z,12,BUY,FILLED,61894.10000000,61909.10000000,0.25200000,2.42349432,3.78000000,shock_inversion_stop,radar=long conf=0.7859 size_note=hunter_revenge_1.5x+entry_25_75_full soft=0 pct=0.02423494 tension=2.56528861 bid_drop=0.00000000 ask_drop=16.67437597
2026-07-08T16:27:42Z,13,SKIP,SKIPPED,,,,,0,impulse_resonance_wait,reason=wall_not_collapsed tension=0.85178950 bid_drop=0.02378427 ask_drop=5.53663174
2026-07-08T16:27:50Z,14,SKIP,SKIPPED,,,,,0,radar_block,reason=momentum_too_small conf=0.3154 mom_sig=0.00000000 raw_mom_bps=0.00000000 spread_bps=1.58290000 tension=0.00000000 bid_drop=0.00000000 ask_drop=0.00000000
2026-07-08T16:27:57Z,15,SKIP,SKIPPED,,,,,0,impulse_resonance_wait,reason=wall_not_collapsed tension=0.85885278 bid_drop=0.00000000 ask_drop=5.58254309
2026-07-08T16:28:04Z,16,SKIP,SKIPPED,,,,,0,radar_block,reason=momentum_too_small conf=0.0 mom_sig=0.00001267 raw_mom_bps=0.00000000 spread_bps=5.81490000 tension=0.00001267 bid_drop=0.00008238 ask_drop=0.00000000
2026-07-08T16:28:11Z,17,SKIP,SKIPPED,,,,,0,radar_block,reason=momentum_too_small conf=0.0 mom_sig=0.00000075 raw_mom_bps=0.00000000 spread_bps=6.70410000 tension=0.00000075 bid_drop=0.00000488 ask_drop=0.00000000
2026-07-08T16:28:18Z,18,SKIP,SKIPPED,,,,,0,radar_block,reason=spread_too_wide conf=0.5 mom_sig=5.55528602 raw_mom_bps=0.00000000 spread_bps=9.46590000 tension=5.55528602 bid_drop=36.10935914 ask_drop=0.00031441
2026-07-08T16:28:25Z,19,SKIP,SKIPPED,,,,,0,radar_block,reason=spread_too_wide conf=0.5 mom_sig=0.98175668 raw_mom_bps=0.00000000 spread_bps=11.75900000 tension=0.98175668 bid_drop=0.00000000 ask_drop=6.38141840
2026-07-08T16:28:32Z,20,SKIP,SKIPPED,,,,,0,radar_block,reason=spread_too_wide conf=0.0001 mom_sig=0.00016885 raw_mom_bps=0.00000000 spread_bps=10.32290000 tension=0.00016885 bid_drop=0.00027627 ask_drop=0.00109754
2026-07-08T16:28:39Z,21,SKIP,SKIPPED,,,,,0,radar_block,reason=momentum_too_small conf=0.0094 mom_sig=0.00629428 raw_mom_bps=0.00000000 spread_bps=1.59910000 tension=0.00629428 bid_drop=0.00000000 ask_drop=0.04091283
2026-07-08T16:28:46Z,22,SKIP,SKIPPED,,,,,0,radar_block,reason=spread_too_wide conf=0.5 mom_sig=3.69154268 raw_mom_bps=0.00000000 spread_bps=9.99950000 tension=3.69154268 bid_drop=0.00000000 ask_drop=23.99502739
2026-07-08T16:28:53Z,23,SKIP,SKIPPED,,,,,0,radar_block,reason=spread_too_wide conf=0.0 mom_sig=0.00000000 raw_mom_bps=0.00000000 spread_bps=11.75900000 tension=0.00000000 bid_drop=0.00000000 ask_drop=0.00000000
2026-07-08T16:29:01Z,24,SKIP,SKIPPED,,,,,0,stase_ecoute,reason=spread_or_volat_not_cold spread_bps=6.36410000 volat=0.00000000
2026-07-08T16:29:07Z,25,SKIP,SKIPPED,,,,,0,radar_block,reason=momentum_too_small conf=0.0 mom_sig=0.00002545 raw_mom_bps=0.00000000 spread_bps=6.36410000 tension=0.00002545 bid_drop=0.00000000 ask_drop=0.00016541
2026-07-08T16:29:14Z,26,SKIP,SKIPPED,,,,,0,radar_block,reason=momentum_too_small conf=0.2453 mom_sig=0.00000000 raw_mom_bps=0.00000000 spread_bps=4.78410000 tension=0.00000000 bid_drop=0.00000000 ask_drop=0.00000000
2026-07-08T16:29:23Z,27,SKIP,SKIPPED,,,,,0,stase_ecoute,reason=spread_or_volat_not_cold spread_bps=5.12060000 volat=3.78608594
2026-07-08T16:29:30Z,28,SKIP,SKIPPED,,,,,0,radar_block,reason=direction_unclear conf=0.212 mom_sig=0.13641967 raw_mom_bps=0.00000000 spread_bps=1.08230000 tension=0.13641967 bid_drop=0.88672787 ask_drop=0.00000000
2026-07-08T16:29:37Z,29,SKIP,SKIPPED,,,,,0,radar_block,reason=spread_too_wide conf=0.4342 mom_sig=0.52108912 raw_mom_bps=0.00000000 spread_bps=8.99740000 tension=0.52108912 bid_drop=3.38707928 ask_drop=0.00000000
2026-07-08T16:29:44Z,30,SKIP,SKIPPED,,,,,0,radar_block,reason=direction_unclear conf=0.0649 mom_sig=0.03984494 raw_mom_bps=0.00000000 spread_bps=0.37160000 tension=0.03984494 bid_drop=0.25899208 ask_drop=0.00000000
2026-07-08T16:29:51Z,31,SKIP,SKIPPED,,,,,0,radar_block,reason=momentum_too_small conf=0.0005 mom_sig=0.00033604 raw_mom_bps=0.00000000 spread_bps=2.19680000 tension=0.00033604 bid_drop=0.00000000 ask_drop=0.00218426
2026-07-08T16:29:59Z,32,SKIP,SKIPPED,,,,,0,impulse_resonance_wait,reason=wall_not_collapsed tension=0.88361531 bid_drop=5.74349951 ask_drop=0.00000000
2026-07-08T16:30:06Z,33,SKIP,SKIPPED,,,,,0,radar_block,reason=momentum_too_small conf=0.0076 mom_sig=0.00483665 raw_mom_bps=0.00000000 spread_bps=0.93690000 tension=0.00483665 bid_drop=0.00000000 ask_drop=0.03143821
2026-07-08T16:30:13Z,34,SKIP,SKIPPED,,,,,0,impulse_resonance_wait,reason=wall_not_collapsed tension=0.65477009 bid_drop=4.25600558 ask_drop=0.00000000
2026-07-08T16:30:19Z,35,SKIP,SKIPPED,,,,,0,radar_block,reason=momentum_too_small conf=0.3295 mom_sig=0.00000000 raw_mom_bps=0.00000000 spread_bps=0.93690000 tension=0.00000000 bid_drop=0.00000000 ask_drop=0.00000000
2026-07-08T16:30:27Z,36,SKIP,SKIPPED,,,,,0,radar_block,reason=momentum_too_small conf=0.0044 mom_sig=0.00280846 raw_mom_bps=-0.01615334 spread_bps=0.93690000 tension=0.00280846 bid_drop=0.00000000 ask_drop=0.01825500
2026-07-08T16:30:35Z,37,SKIP,SKIPPED,,,,,0,radar_block,reason=direction_unclear conf=0.0163 mom_sig=0.01050542 raw_mom_bps=0.00000000 spread_bps=1.08220000 tension=0.01050542 bid_drop=0.06828522 ask_drop=0.00382086
2026-07-08T16:30:42Z,38,SKIP,SKIPPED,,,,,0,radar_block,reason=momentum_too_small conf=0.2988 mom_sig=0.00000000 raw_mom_bps=-1.26003179 spread_bps=2.34210000 tension=0.00000000 bid_drop=0.00000000 ask_drop=0.00000000
2026-07-08T16:30:49Z,39,SKIP,SKIPPED,,,,,0,radar_block,reason=momentum_too_small conf=0.0006 mom_sig=0.00042254 raw_mom_bps=0.00000000 spread_bps=2.34210000 tension=0.00042254 bid_drop=0.00274650 ask_drop=0.00000000
2026-07-08T16:30:58Z,40,SKIP,SKIPPED,,,,,0,llm_gate,reason=ollama_skip status=SKIP
2026-07-08T16:31:06Z,41,SKIP,SKIPPED,,,,,0,llm_gate,reason=ollama_skip status=SKIP
2026-07-08T16:31:13Z,42,SKIP,SKIPPED,,,,,0,impulse_resonance_wait,reason=wall_not_collapsed tension=0.31220428 bid_drop=2.02932785 ask_drop=0.00035622
2026-07-08T16:31:34Z,43,BUY,FILLED,61909.90000000,61907.70000000,0.25190000,-0.35535512,-0.55418000,shock_inversion_stop,radar=long conf=0.9001 size_note=hunter_revenge_1.5x+entry_25_75_full soft=0 pct=-0.00355355 tension=12.64668405 bid_drop=82.20344635 ask_drop=0.00000000
2026-07-08T16:31:41Z,44,SKIP,SKIPPED,,,,,0,radar_block,reason=momentum_too_small conf=0.315 mom_sig=0.00000000 raw_mom_bps=-0.71077224 spread_bps=1.59910000 tension=0.00000000 bid_drop=0.00000000 ask_drop=0.00000000
2026-07-08T16:31:48Z,45,SKIP,SKIPPED,,,,,0,radar_block,reason=direction_unclear conf=0.0156 mom_sig=0.00969754 raw_mom_bps=0.00000000 spread_bps=0.51700000 tension=0.00969754 bid_drop=0.06303404 ask_drop=0.00026396
2026-07-08T16:31:56Z,46,SKIP,SKIPPED,,,,,0,radar_block,reason=momentum_too_small conf=0.3337 mom_sig=0.00000000 raw_mom_bps=0.00000000 spread_bps=0.74310000 tension=0.00000000 bid_drop=0.00000000 ask_drop=0.00000000
2026-07-08T16:32:03Z,47,SKIP,SKIPPED,,,,,0,radar_block,reason=direction_unclear conf=0.0407 mom_sig=0.02864013 raw_mom_bps=0.00000000 spread_bps=2.34210000 tension=0.02864013 bid_drop=0.18616087 ask_drop=0.00000000
2026-07-08T16:32:11Z,48,SKIP,SKIPPED,,,,,0,radar_block,reason=direction_unclear conf=0.0961 mom_sig=0.06047497 raw_mom_bps=0.00000000 spread_bps=0.74310000 tension=0.06047497 bid_drop=0.39308733 ask_drop=0.00178954
2026-07-08T16:32:19Z,49,SKIP,SKIPPED,,,,,0,radar_block,reason=momentum_too_small conf=0.3327 mom_sig=0.00000000 raw_mom_bps=0.00000000 spread_bps=0.79160000 tension=0.00000000 bid_drop=0.00000000 ask_drop=0.00000000
2026-07-08T16:32:25Z,50,SKIP,SKIPPED,,,,,0,radar_block,reason=momentum_too_small conf=0.3277 mom_sig=0.00000000 raw_mom_bps=0.00000000 spread_bps=1.01780000 tension=0.00000000 bid_drop=0.00000000 ask_drop=0.00000000
2026-07-08T16:32:33Z,51,SKIP,SKIPPED,,,,,0,radar_block,reason=momentum_too_small conf=0.0017 mom_sig=0.00115518 raw_mom_bps=0.00000000 spread_bps=2.01940000 tension=0.00115518 bid_drop=0.00750865 ask_drop=0.00000000
2026-07-08T16:32:40Z,52,SKIP,SKIPPED,,,,,0,radar_block,reason=momentum_too_small conf=0.3058 mom_sig=0.00000000 raw_mom_bps=0.00000000 spread_bps=2.01940000 tension=0.00000000 bid_drop=0.00000000 ask_drop=0.00000000
2026-07-08T16:32:47Z,53,SKIP,SKIPPED,,,,,0,radar_block,reason=momentum_too_small conf=0.3242 mom_sig=0.00000000 raw_mom_bps=0.00000000 spread_bps=1.17940000 tension=0.00000000 bid_drop=0.00000000 ask_drop=0.00000000
2026-07-08T16:32:54Z,54,SKIP,SKIPPED,,,,,0,radar_block,reason=momentum_too_small conf=0.3242 mom_sig=0.00000000 raw_mom_bps=0.00000000 spread_bps=1.17940000 tension=0.00000000 bid_drop=0.00000000 ask_drop=0.00000000
2026-07-08T16:33:01Z,55,SKIP,SKIPPED,,,,,0,radar_block,reason=momentum_too_small conf=0.0092 mom_sig=0.00717144 raw_mom_bps=0.00000000 spread_bps=3.61820000 tension=0.00717144 bid_drop=0.00000000 ask_drop=0.04661436
2026-07-08T16:33:08Z,56,SKIP,SKIPPED,,,,,0,radar_block,reason=momentum_too_small conf=0.3058 mom_sig=0.00000000 raw_mom_bps=0.00000000 spread_bps=2.01940000 tension=0.00000000 bid_drop=0.00000000 ask_drop=0.00000000
2026-07-08T16:33:15Z,57,SKIP,SKIPPED,,,,,0,radar_block,reason=momentum_too_small conf=0.3058 mom_sig=0.00000000 raw_mom_bps=0.00000000 spread_bps=2.01940000 tension=0.00000000 bid_drop=0.00000000 ask_drop=0.00000000
2026-07-08T16:33:24Z,58,SKIP,SKIPPED,,,,,0,llm_gate,reason=ollama_skip status=SKIP
2026-07-08T16:33:31Z,59,SKIP,SKIPPED,,,,,0,radar_block,reason=momentum_too_small conf=0.0 mom_sig=0.00001862 raw_mom_bps=0.00000000 spread_bps=2.18120000 tension=0.00001862 bid_drop=0.00012103 ask_drop=0.00000000
2026-07-08T16:33:39Z,60,SKIP,SKIPPED,,,,,0,radar_block,reason=momentum_too_small conf=0.2779 mom_sig=0.00000000 raw_mom_bps=0.00000000 spread_bps=3.29780000 tension=0.00000000 bid_drop=0.00000000 ask_drop=0.00000000
2026-07-08T16:33:48Z,61,SKIP,SKIPPED,,,,,0,llm_gate,reason=ollama_skip status=SKIP
2026-07-08T16:33:55Z,62,SKIP,SKIPPED,,,,,0,radar_block,reason=momentum_too_small conf=0.3472 mom_sig=0.00000000 raw_mom_bps=0.00000000 spread_bps=0.12940000 tension=0.00000000 bid_drop=0.00000000 ask_drop=0.00000000
2026-07-08T16:34:02Z,63,SKIP,SKIPPED,,,,,0,radar_block,reason=momentum_too_small conf=0.0 mom_sig=0.00000728 raw_mom_bps=2.15081238 spread_bps=2.15030000 tension=0.00000728 bid_drop=0.00004733 ask_drop=0.00000000
2026-07-08T16:34:09Z,64,SKIP,SKIPPED,,,,,0,radar_block,reason=momentum_too_small conf=0.0 mom_sig=0.00000809 raw_mom_bps=0.00000000 spread_bps=2.15030000 tension=0.00000809 bid_drop=0.00005259 ask_drop=0.00000000
2026-07-08T16:34:16Z,65,SKIP,SKIPPED,,,,,0,radar_block,reason=momentum_too_small conf=0.303 mom_sig=0.00000000 raw_mom_bps=0.00000000 spread_bps=2.15030000 tension=0.00000000 bid_drop=0.00000000 ask_drop=0.00000000
2026-07-08T16:34:23Z,66,SKIP,SKIPPED,,,,,0,radar_block,reason=momentum_too_small conf=0.0 mom_sig=0.00001064 raw_mom_bps=0.00000000 spread_bps=2.15030000 tension=0.00001064 bid_drop=0.00000000 ask_drop=0.00006914
2026-07-08T16:34:30Z,67,SKIP,SKIPPED,,,,,0,radar_block,reason=momentum_too_small conf=0.0 mom_sig=0.00001942 raw_mom_bps=0.00000000 spread_bps=2.15030000 tension=0.00001942 bid_drop=0.00012621 ask_drop=0.00000000
2026-07-08T16:34:37Z,68,SKIP,SKIPPED,,,,,0,radar_block,reason=momentum_too_small conf=0.303 mom_sig=0.00000000 raw_mom_bps=0.00000000 spread_bps=2.15030000 tension=0.00000000 bid_drop=0.00000000 ask_drop=0.00000000
2026-07-08T16:34:45Z,69,SKIP,SKIPPED,,,,,0,radar_block,reason=momentum_too_small conf=0.0001 mom_sig=0.00004373 raw_mom_bps=0.00000000 spread_bps=2.15030000 tension=0.00004373 bid_drop=0.00028424 ask_drop=0.00000000
2026-07-08T16:34:52Z,70,SKIP,SKIPPED,,,,,0,radar_block,reason=momentum_too_small conf=0.0001 mom_sig=0.00005264 raw_mom_bps=2.15081238 spread_bps=2.15030000 tension=0.00005264 bid_drop=0.00034214 ask_drop=0.00000000
2026-07-08T16:34:59Z,71,SKIP,SKIPPED,,,,,0,radar_block,reason=momentum_too_small conf=0.0001 mom_sig=0.00005021 raw_mom_bps=0.00000000 spread_bps=2.15030000 tension=0.00005021 bid_drop=0.00032636 ask_drop=0.00000000
2026-07-08T16:35:05Z,72,SKIP,SKIPPED,,,,,0,radar_block,reason=momentum_too_small conf=0.0001 mom_sig=0.00004859 raw_mom_bps=0.00000000 spread_bps=2.15030000 tension=0.00004859 bid_drop=0.00031583 ask_drop=0.00000000
2026-07-08T16:35:12Z,73,SKIP,SKIPPED,,,,,0,radar_block,reason=momentum_too_small conf=0.0002 mom_sig=0.00012709 raw_mom_bps=0.00000000 spread_bps=3.55650000 tension=0.00012709 bid_drop=0.00004738 ask_drop=0.00082606
2026-07-08T16:35:19Z,74,SKIP,SKIPPED,,,,,0,radar_block,reason=momentum_too_small conf=0.2722 mom_sig=0.00000000 raw_mom_bps=0.00000000 spread_bps=3.55650000 tension=0.00000000 bid_drop=0.00000000 ask_drop=0.00000000
2026-07-08T16:35:27Z,75,SKIP,SKIPPED,,,,,0,radar_block,reason=momentum_too_small conf=0.2722 mom_sig=0.00000000 raw_mom_bps=0.00000000 spread_bps=3.55650000 tension=0.00000000 bid_drop=0.00000000 ask_drop=0.00000000
2026-07-08T16:35:34Z,76,SKIP,SKIPPED,,,,,0,radar_block,reason=momentum_too_small conf=0.0001 mom_sig=0.00004454 raw_mom_bps=0.00000000 spread_bps=3.55650000 tension=0.00004454 bid_drop=0.00028952 ask_drop=0.00000000
2026-07-08T16:35:42Z,77,SKIP,SKIPPED,,,,,0,radar_block,reason=momentum_too_small conf=0.2711 mom_sig=0.00000000 raw_mom_bps=0.00000000 spread_bps=3.60490000 tension=0.00000000 bid_drop=0.00000000 ask_drop=0.00000000
2026-07-08T16:35:49Z,78,SKIP,SKIPPED,,,,,0,radar_block,reason=momentum_too_small conf=0.3008 mom_sig=0.00000000 raw_mom_bps=0.00000000 spread_bps=2.24700000 tension=0.00000000 bid_drop=0.00000000 ask_drop=0.00000000
2026-07-08T16:35:57Z,79,SKIP,SKIPPED,,,,,0,radar_block,reason=momentum_too_small conf=0.2711 mom_sig=0.00000000 raw_mom_bps=-0.88931288 spread_bps=3.60490000 tension=0.00000000 bid_drop=0.00000000 ask_drop=0.00000000
2026-07-08T16:36:04Z,80,SKIP,SKIPPED,,,,,0,radar_block,reason=momentum_too_small conf=0.0 mom_sig=0.00003728 raw_mom_bps=0.00000000 spread_bps=3.60490000 tension=0.00003728 bid_drop=0.00024229 ask_drop=0.00000000
2026-07-08T16:36:12Z,81,SKIP,SKIPPED,,,,,0,radar_block,reason=momentum_too_small conf=0.2711 mom_sig=0.00000000 raw_mom_bps=0.00000000 spread_bps=3.60490000 tension=0.00000000 bid_drop=0.00000000 ask_drop=0.00000000
2026-07-08T16:36:19Z,82,SKIP,SKIPPED,,,,,0,radar_block,reason=momentum_too_small conf=0.0 mom_sig=0.00003404 raw_mom_bps=0.00000000 spread_bps=2.69990000 tension=0.00003404 bid_drop=0.00022124 ask_drop=0.00000000
2026-07-08T16:36:26Z,83,SKIP,SKIPPED,,,,,0,radar_block,reason=momentum_too_small conf=0.2711 mom_sig=0.00000000 raw_mom_bps=0.00000000 spread_bps=3.60490000 tension=0.00000000 bid_drop=0.00000000 ask_drop=0.00000000
2026-07-08T16:36:33Z,84,SKIP,SKIPPED,,,,,0,radar_block,reason=momentum_too_small conf=0.0 mom_sig=0.00002674 raw_mom_bps=0.00000000 spread_bps=3.60490000 tension=0.00002674 bid_drop=0.00017383 ask_drop=0.00000000
2026-07-08T16:36:40Z,85,SKIP,SKIPPED,,,,,0,radar_block,reason=momentum_too_small conf=0.0 mom_sig=0.00003730 raw_mom_bps=0.00000000 spread_bps=3.60490000 tension=0.00003730 bid_drop=0.00024242 ask_drop=0.00000000
2026-07-08T16:36:47Z,86,SKIP,SKIPPED,,,,,0,radar_block,reason=momentum_too_small conf=0.0 mom_sig=0.00002125 raw_mom_bps=0.00000000 spread_bps=3.60490000 tension=0.00002125 bid_drop=0.00013814 ask_drop=0.00000000
2026-07-08T16:36:55Z,87,SKIP,SKIPPED,,,,,0,duo_wait,reason=no_trigger mode=none
2026-07-08T16:37:03Z,88,SKIP,SKIPPED,,,,,0,radar_block,reason=momentum_too_small conf=0.3305 mom_sig=0.00000000 raw_mom_bps=0.00000000 spread_bps=0.89010000 tension=0.00000000 bid_drop=0.00000000 ask_drop=0.00000000
2026-07-08T16:37:11Z,89,SKIP,SKIPPED,,,,,0,duo_wait,reason=no_trigger mode=none
2026-07-08T16:37:18Z,90,SKIP,SKIPPED,,,,,0,radar_block,reason=momentum_too_small conf=0.0006 mom_sig=0.00037770 raw_mom_bps=0.00000000 spread_bps=0.09710000 tension=0.00037770 bid_drop=0.00017051 ask_drop=0.00245507
2026-07-08T16:37:26Z,91,SKIP,SKIPPED,,,,,0,impulse_resonance_wait,reason=wall_not_collapsed tension=0.54071176 bid_drop=3.51462642 ask_drop=0.00000000
2026-07-08T16:37:34Z,92,SKIP,SKIPPED,,,,,0,radar_block,reason=momentum_too_small conf=0.3468 mom_sig=0.00000000 raw_mom_bps=0.00000000 spread_bps=0.14570000 tension=0.00000000 bid_drop=0.00000000 ask_drop=0.00000000
2026-07-08T16:37:42Z,93,SKIP,SKIPPED,,,,,0,radar_block,reason=momentum_too_small conf=0.0001 mom_sig=0.00005928 raw_mom_bps=-0.14567774 spread_bps=0.14570000 tension=0.00005928 bid_drop=0.00038532 ask_drop=0.00000000
2026-07-08T16:37:49Z,94,SKIP,SKIPPED,,,,,0,radar_block,reason=momentum_too_small conf=0.3468 mom_sig=0.00000000 raw_mom_bps=0.00000000 spread_bps=0.14570000 tension=0.00000000 bid_drop=0.00000000 ask_drop=0.00000000
2026-07-08T16:37:57Z,95,SKIP,SKIPPED,,,,,0,radar_block,reason=momentum_too_small conf=0.3468 mom_sig=0.00000000 raw_mom_bps=0.00000000 spread_bps=0.14570000 tension=0.00000000 bid_drop=0.00000000 ask_drop=0.00000000
2026-07-08T16:38:04Z,96,SKIP,SKIPPED,,,,,0,radar_block,reason=momentum_too_small conf=0.0 mom_sig=0.00001476 raw_mom_bps=0.00000000 spread_bps=0.14570000 tension=0.00001476 bid_drop=0.00009592 ask_drop=0.00000000
2026-07-08T16:38:11Z,97,SKIP,SKIPPED,,,,,0,radar_block,reason=direction_unclear conf=0.1793 mom_sig=0.10887342 raw_mom_bps=0.00000000 spread_bps=0.19420000 tension=0.10887342 bid_drop=0.70767723 ask_drop=0.00000000
2026-07-08T16:38:19Z,98,SKIP,SKIPPED,,,,,0,radar_block,reason=momentum_too_small conf=0.3443 mom_sig=0.00000000 raw_mom_bps=0.00000000 spread_bps=0.25900000 tension=0.00000000 bid_drop=0.00000000 ask_drop=0.00000000
2026-07-08T16:38:26Z,99,SKIP,SKIPPED,,,,,0,radar_block,reason=momentum_too_small conf=0.0001 mom_sig=0.00005122 raw_mom_bps=0.00000000 spread_bps=0.25900000 tension=0.00005122 bid_drop=0.00000000 ask_drop=0.00033290
2026-07-08T16:38:33Z,100,SKIP,SKIPPED,,,,,0,radar_block,reason=momentum_too_small conf=0.0 mom_sig=0.00002337 raw_mom_bps=0.00000000 spread_bps=0.29140000 tension=0.00002337 bid_drop=0.00000000 ask_drop=0.00015189
2026-07-08T16:38:40Z,101,SKIP,SKIPPED,,,,,0,duo_wait,reason=no_trigger mode=none
2026-07-08T16:38:47Z,102,SKIP,SKIPPED,,,,,0,radar_block,reason=momentum_too_small conf=0.0001 mom_sig=0.00004046 raw_mom_bps=0.00000000 spread_bps=0.37230000 tension=0.00004046 bid_drop=0.00026296 ask_drop=0.00000000
2026-07-08T16:38:55Z,103,SKIP,SKIPPED,,,,,0,radar_block,reason=momentum_too_small conf=0.3373 mom_sig=0.00000000 raw_mom_bps=0.00000000 spread_bps=0.58270000 tension=0.00000000 bid_drop=0.00000000 ask_drop=0.00000000
2026-07-08T16:39:04Z,104,SKIP,SKIPPED,,,,,0,radar_block,reason=momentum_too_small conf=0.0001 mom_sig=0.00005308 raw_mom_bps=0.00000000 spread_bps=0.58270000 tension=0.00005308 bid_drop=0.00000000 ask_drop=0.00034505
2026-07-08T16:39:11Z,105,SKIP,SKIPPED,,,,,0,radar_block,reason=direction_unclear conf=0.3054 mom_sig=0.19018086 raw_mom_bps=0.00000000 spread_bps=0.58270000 tension=0.19018086 bid_drop=1.23617561 ask_drop=0.00005262
2026-07-08T16:39:21Z,106,SKIP,SKIPPED,,,,,0,duo_wait,reason=no_trigger mode=none
2026-07-08T16:39:30Z,107,SKIP,SKIPPED,,,,,0,duo_wait,reason=no_trigger mode=none
2026-07-08T16:39:40Z,108,SKIP,SKIPPED,,,,,0,radar_block,reason=momentum_too_small conf=0.3181 mom_sig=0.00000000 raw_mom_bps=-0.24282650 spread_bps=1.45680000 tension=0.00000000 bid_drop=0.00000000 ask_drop=0.00000000
2026-07-08T16:39:47Z,109,SKIP,SKIPPED,,,,,0,radar_block,reason=momentum_too_small conf=0.0 mom_sig=0.00000792 raw_mom_bps=0.00000000 spread_bps=1.45680000 tension=0.00000792 bid_drop=0.00005146 ask_drop=0.00000000
2026-07-08T16:39:54Z,110,SKIP,SKIPPED,,,,,0,radar_block,reason=momentum_too_small conf=0.0001 mom_sig=0.00007962 raw_mom_bps=0.00000000 spread_bps=2.86470000 tension=0.00007962 bid_drop=0.00001980 ask_drop=0.00051753
2026-07-08T16:40:01Z,111,SKIP,SKIPPED,,,,,0,radar_block,reason=momentum_too_small conf=0.0 mom_sig=0.00001737 raw_mom_bps=0.00000000 spread_bps=3.52760000 tension=0.00001737 bid_drop=0.00011290 ask_drop=0.00000000
2026-07-08T16:40:08Z,112,SKIP,SKIPPED,,,,,0,impulse_resonance_wait,reason=wall_not_collapsed tension=0.50334937 bid_drop=3.27177093 ask_drop=0.00011871
2026-07-08T16:40:15Z,113,SKIP,SKIPPED,,,,,0,radar_block,reason=momentum_too_small conf=0.0 mom_sig=0.00002003 raw_mom_bps=0.00000000 spread_bps=1.22860000 tension=0.00002003 bid_drop=0.00000000 ask_drop=0.00013019
2026-07-08T16:40:22Z,114,SKIP,SKIPPED,,,,,0,radar_block,reason=momentum_too_small conf=0.0 mom_sig=0.00002298 raw_mom_bps=0.00000000 spread_bps=1.22860000 tension=0.00002298 bid_drop=0.00000000 ask_drop=0.00014940
2026-07-08T16:40:29Z,115,SKIP,SKIPPED,,,,,0,radar_block,reason=momentum_too_small conf=0.0 mom_sig=0.00003187 raw_mom_bps=0.00000000 spread_bps=1.32560000 tension=0.00003187 bid_drop=0.00011120 ask_drop=0.00020718
2026-07-08T16:40:35Z,116,SKIP,SKIPPED,,,,,0,radar_block,reason=momentum_too_small conf=0.0 mom_sig=0.00002737 raw_mom_bps=0.00000000 spread_bps=1.32560000 tension=0.00002737 bid_drop=0.00017791 ask_drop=0.00000000
2026-07-08T16:40:42Z,117,SKIP,SKIPPED,,,,,0,radar_block,reason=momentum_too_small conf=0.005 mom_sig=0.00331024 raw_mom_bps=0.00000000 spread_bps=1.53570000 tension=0.00331024 bid_drop=0.02151659 ask_drop=0.00013497
2026-07-08T16:40:50Z,118,SKIP,SKIPPED,,,,,0,impulse_resonance_wait,reason=wall_not_collapsed tension=0.42598555 bid_drop=0.00105660 ask_drop=2.76890607
2026-07-08T16:40:58Z,119,SKIP,SKIPPED,,,,,0,impulse_resonance_wait,reason=wall_not_collapsed tension=0.59020015 bid_drop=0.00000000 ask_drop=3.83630098
2026-07-08T16:41:05Z,120,SKIP,SKIPPED,,,,,0,radar_block,reason=momentum_too_small conf=0.0001 mom_sig=0.00010010 raw_mom_bps=0.00000000 spread_bps=3.91110000 tension=0.00010010 bid_drop=0.00065064 ask_drop=0.00000000
2026-07-08T16:41:13Z,121,SKIP,SKIPPED,,,,,0,duo_wait,reason=no_trigger mode=none
2026-07-08T16:41:20Z,122,SKIP,SKIPPED,,,,,0,radar_block,reason=momentum_too_small conf=0.2182 mom_sig=0.00000000 raw_mom_bps=0.00000000 spread_bps=6.02700000 tension=0.00000000 bid_drop=0.00000000 ask_drop=0.00000000
2026-07-08T16:41:27Z,123,SKIP,SKIPPED,,,,,0,radar_block,reason=momentum_too_small conf=0.0017 mom_sig=0.00113309 raw_mom_bps=-6.02696785 spread_bps=1.22860000 tension=0.00113309 bid_drop=0.00003894 ask_drop=0.00736510
2026-07-08T16:41:36Z,124,SKIP,SKIPPED,,,,,0,radar_block,reason=momentum_too_small conf=0.0 mom_sig=0.00000836 raw_mom_bps=0.00000000 spread_bps=7.14110000 tension=0.00000836 bid_drop=0.00000000 ask_drop=0.00005433
2026-07-08T16:41:43Z,125,SKIP,SKIPPED,,,,,0,impulse_resonance_wait,reason=wall_not_collapsed tension=0.73927339 bid_drop=4.80527705 ask_drop=3.72884975
2026-07-08T16:41:50Z,126,SKIP,SKIPPED,,,,,0,radar_block,reason=momentum_too_small conf=0.0 mom_sig=0.00000820 raw_mom_bps=0.00000000 spread_bps=3.44110000 tension=0.00000820 bid_drop=0.00000000 ask_drop=0.00005330
2026-07-08T16:41:57Z,127,SKIP,SKIPPED,,,,,0,radar_block,reason=momentum_too_small conf=0.0 mom_sig=0.00002719 raw_mom_bps=0.09693351 spread_bps=6.54290000 tension=0.00002719 bid_drop=0.00000000 ask_drop=0.00017672
2026-07-08T16:42:05Z,128,SKIP,SKIPPED,,,,,0,radar_block,reason=momentum_too_small conf=0.2009 mom_sig=0.00000000 raw_mom_bps=0.00000000 spread_bps=6.81730000 tension=0.00000000 bid_drop=0.00000000 ask_drop=0.00000000
2026-07-08T16:42:12Z,129,SKIP,SKIPPED,,,,,0,radar_block,reason=spread_too_wide conf=0.5 mom_sig=0.73935906 raw_mom_bps=0.77544176 spread_bps=8.02800000 tension=0.73935906 bid_drop=4.80583387 ask_drop=0.00000000
2026-07-08T16:42:19Z,130,SKIP,SKIPPED,,,,,0,radar_block,reason=spread_too_wide conf=0.5 mom_sig=0.72746687 raw_mom_bps=0.00000000 spread_bps=9.59450000 tension=0.72746687 bid_drop=0.00010491 ask_drop=4.72853464
2026-07-08T16:42:27Z,131,SKIP,SKIPPED,,,,,0,llm_gate,reason=ollama_skip status=SKIP
2026-07-08T16:42:34Z,132,SKIP,SKIPPED,,,,,0,radar_block,reason=momentum_too_small conf=0.0001 mom_sig=0.00012804 raw_mom_bps=0.00000000 spread_bps=7.75300000 tension=0.00012804 bid_drop=0.00000000 ask_drop=0.00083226
2026-07-08T16:42:41Z,133,SKIP,SKIPPED,,,,,0,radar_block,reason=spread_too_wide conf=0.0001 mom_sig=0.00013876 raw_mom_bps=0.00000000 spread_bps=9.02910000 tension=0.00013876 bid_drop=0.00000000 ask_drop=0.00090192
2026-07-08T16:42:48Z,134,SKIP,SKIPPED,,,,,0,radar_block,reason=spread_too_wide conf=0.3184 mom_sig=0.38204983 raw_mom_bps=0.00000000 spread_bps=9.73960000 tension=0.38204983 bid_drop=0.00282546 ask_drop=2.48332392
2026-07-08T16:42:55Z,135,SKIP,SKIPPED,,,,,0,impulse_resonance_wait,reason=wall_not_collapsed tension=0.80875872 bid_drop=5.25693166 ask_drop=1.12919555
2026-07-08T16:43:04Z,136,SKIP,SKIPPED,,,,,0,radar_block,reason=momentum_too_small conf=0.0 mom_sig=0.00002101 raw_mom_bps=0.00000000 spread_bps=2.13200000 tension=0.00002101 bid_drop=0.00013654 ask_drop=0.00000000
2026-07-08T16:43:11Z,137,SKIP,SKIPPED,,,,,0,radar_block,reason=spread_too_wide conf=0.0 mom_sig=0.00004248 raw_mom_bps=0.00000000 spread_bps=9.77190000 tension=0.00004248 bid_drop=0.00006827 ask_drop=0.00027615
2026-07-08T16:43:21Z,138,SKIP,SKIPPED,,,,,0,radar_block,reason=spread_too_wide conf=0.0788 mom_sig=0.09454654 raw_mom_bps=0.00000000 spread_bps=9.91710000 tension=0.09454654 bid_drop=0.00022343 ask_drop=0.61455252
2026-07-08T16:43:34Z,139,SKIP,SKIPPED,,,,,0,radar_block,reason=spread_too_wide conf=0.0 mom_sig=0.00000000 raw_mom_bps=0.00000000 spread_bps=9.93320000 tension=0.00000000 bid_drop=0.00000000 ask_drop=0.00000000
2026-07-08T16:43:43Z,140,SKIP,SKIPPED,,,,,0,radar_block,reason=momentum_too_small conf=0.0048 mom_sig=0.00339624 raw_mom_bps=0.00000000 spread_bps=2.55190000 tension=0.00339624 bid_drop=0.02207559 ask_drop=0.00000000
2026-07-08T16:43:51Z,141,SKIP,SKIPPED,,,,,0,radar_block,reason=spread_too_wide conf=0.5 mom_sig=0.80995905 raw_mom_bps=0.00000000 spread_bps=10.28820000 tension=0.80995905 bid_drop=0.00000000 ask_drop=5.26473382
2026-07-08T16:43:58Z,142,SKIP,SKIPPED,,,,,0,radar_block,reason=spread_too_wide conf=0.0002 mom_sig=0.00023968 raw_mom_bps=0.00000000 spread_bps=9.98160000 tension=0.00023968 bid_drop=0.00000000 ask_drop=0.00155789
2026-07-08T16:44:05Z,143,SKIP,SKIPPED,,,,,0,radar_block,reason=spread_too_wide conf=0.0003 mom_sig=0.00033894 raw_mom_bps=0.00000000 spread_bps=10.32050000 tension=0.00033894 bid_drop=0.00000000 ask_drop=0.00220312
2026-07-08T16:44:13Z,144,SKIP,SKIPPED,,,,,0,radar_block,reason=spread_too_wide conf=0.0 mom_sig=0.00000000 raw_mom_bps=0.22611353 spread_bps=8.44550000 tension=0.00000000 bid_drop=0.00000000 ask_drop=0.00000000
2026-07-08T16:44:21Z,145,SKIP,SKIPPED,,,,,0,radar_block,reason=spread_too_wide conf=0.0 mom_sig=0.00000000 raw_mom_bps=0.00000000 spread_bps=8.44550000 tension=0.00000000 bid_drop=0.00000000 ask_drop=0.00000000
2026-07-08T16:44:29Z,146,SKIP,SKIPPED,,,,,0,radar_block,reason=spread_too_wide conf=0.0004 mom_sig=0.00048196 raw_mom_bps=0.00000000 spread_bps=8.44550000 tension=0.00048196 bid_drop=0.00000000 ask_drop=0.00313271
2026-07-08T16:44:37Z,147,SKIP,SKIPPED,,,,,0,tactic_mismatch,mom=short structure=long
2026-07-08T16:44:44Z,148,SKIP,SKIPPED,,,,,0,radar_block,reason=spread_too_wide conf=0.5 mom_sig=0.70521448 raw_mom_bps=0.00000000 spread_bps=9.99680000 tension=0.70521448 bid_drop=4.58389413 ask_drop=2.72254869
2026-07-08T16:44:51Z,149,SKIP,SKIPPED,,,,,0,radar_block,reason=spread_too_wide conf=0.0001 mom_sig=0.00010666 raw_mom_bps=3.92546463 spread_bps=11.28730000 tension=0.00010666 bid_drop=0.00000000 ask_drop=0.00069329
2026-07-08T16:44:58Z,150,SKIP,SKIPPED,,,,,0,radar_block,reason=momentum_too_small conf=0.0001 mom_sig=0.00012988 raw_mom_bps=0.00000000 spread_bps=7.60560000 tension=0.00012988 bid_drop=0.00024786 ask_drop=0.00084425
2026-07-08T16:45:06Z,151,SKIP,SKIPPED,,,,,0,radar_block,reason=spread_too_wide conf=0.0002 mom_sig=0.00027346 raw_mom_bps=0.00000000 spread_bps=12.36920000 tension=0.00027346 bid_drop=0.00007578 ask_drop=0.00177748
2026-07-08T16:45:13Z,152,SKIP,SKIPPED,,,,,0,impulse_resonance_wait,reason=wall_not_collapsed tension=0.96537396 bid_drop=0.00000000 ask_drop=6.27493076
2026-07-08T16:45:21Z,153,SKIP,SKIPPED,,,,,0,radar_block,reason=momentum_too_small conf=0.0 mom_sig=0.00002766 raw_mom_bps=0.00000000 spread_bps=4.74730000 tension=0.00002766 bid_drop=0.00017976 ask_drop=0.00000000
2026-07-08T16:45:28Z,154,SKIP,SKIPPED,,,,,0,radar_block,reason=momentum_too_small conf=0.0007 mom_sig=0.00059640 raw_mom_bps=0.00000000 spread_bps=4.74730000 tension=0.00059640 bid_drop=0.00000000 ask_drop=0.00387663
2026-07-08T16:45:36Z,155,SKIP,SKIPPED,,,,,0,llm_gate,reason=ollama_skip status=SKIP
2026-07-08T16:45:43Z,156,SKIP,SKIPPED,,,,,0,radar_block,reason=spread_too_wide conf=0.5 mom_sig=0.77116880 raw_mom_bps=0.00000000 spread_bps=11.49700000 tension=0.77116880 bid_drop=5.01259723 ask_drop=0.00418250
2026-07-08T16:45:50Z,157,SKIP,SKIPPED,,,,,0,impulse_resonance_wait,reason=wall_not_collapsed tension=0.81620162 bid_drop=5.30531053 ask_drop=0.00000000
2026-07-08T16:45:57Z,158,SKIP,SKIPPED,,,,,0,radar_block,reason=momentum_too_small conf=0.0003 mom_sig=0.00027788 raw_mom_bps=0.00000000 spread_bps=4.74730000 tension=0.00027788 bid_drop=0.00014118 ask_drop=0.00180623
2026-07-08T16:46:04Z,159,SKIP,SKIPPED,,,,,0,radar_block,reason=spread_too_wide conf=0.5 mom_sig=0.77129320 raw_mom_bps=0.00000000 spread_bps=10.10870000 tension=0.77129320 bid_drop=5.01340578 ask_drop=0.01246673
2026-07-08T16:46:11Z,160,SKIP,SKIPPED,,,,,0,radar_block,reason=momentum_too_small conf=0.0022 mom_sig=0.00189104 raw_mom_bps=0.00000000 spread_bps=4.74730000 tension=0.00189104 bid_drop=0.00000000 ask_drop=0.01229179
2026-07-08T16:46:19Z,161,SKIP,SKIPPED,,,,,0,radar_block,reason=spread_too_wide conf=0.5 mom_sig=2.87208778 raw_mom_bps=0.00000000 spread_bps=11.51300000 tension=2.87208778 bid_drop=0.00000000 ask_drop=18.66857060
2026-07-08T16:46:27Z,162,SKIP,SKIPPED,,,,,0,radar_block,reason=momentum_too_small conf=0.2437 mom_sig=0.00000000 raw_mom_bps=11.85102310 spread_bps=4.86030000 tension=0.00000000 bid_drop=0.00000000 ask_drop=0.00000000
2026-07-08T16:46:34Z,163,SKIP,SKIPPED,,,,,0,radar_block,reason=momentum_too_small conf=0.2462 mom_sig=0.00000000 raw_mom_bps=0.00000000 spread_bps=4.74730000 tension=0.00000000 bid_drop=0.00000000 ask_drop=0.00000000
2026-07-08T16:46:41Z,164,SKIP,SKIPPED,,,,,0,radar_block,reason=direction_unclear conf=0.0408 mom_sig=0.03481047 raw_mom_bps=0.00000000 spread_bps=4.74730000 tension=0.03481047 bid_drop=0.00000000 ask_drop=0.22626804
2026-07-08T16:46:49Z,165,SKIP,SKIPPED,,,,,0,radar_block,reason=momentum_too_small conf=0.0026 mom_sig=0.00165501 raw_mom_bps=0.00000000 spread_bps=0.71050000 tension=0.00165501 bid_drop=0.00000000 ask_drop=0.01075757
2026-07-08T16:46:56Z,166,SKIP,SKIPPED,,,,,0,impulse_resonance_wait,reason=wall_not_collapsed tension=0.23928170 bid_drop=0.00000000 ask_drop=1.55533105
2026-07-08T16:47:03Z,167,SKIP,SKIPPED,,,,,0,radar_block,reason=momentum_too_small conf=0.0005 mom_sig=0.00028330 raw_mom_bps=0.00000000 spread_bps=0.04840000 tension=0.00028330 bid_drop=0.00184146 ask_drop=0.00096645
2026-07-08T16:47:10Z,168,SKIP,SKIPPED,,,,,0,radar_block,reason=momentum_too_small conf=0.0003 mom_sig=0.00017852 raw_mom_bps=0.00000000 spread_bps=0.04840000 tension=0.00017852 bid_drop=0.00116039 ask_drop=0.00013681
2026-07-08T16:47:18Z,169,SKIP,SKIPPED,,,,,0,radar_block,reason=momentum_too_small conf=0.0001 mom_sig=0.00003150 raw_mom_bps=0.00000000 spread_bps=0.04840000 tension=0.00003150 bid_drop=0.00020478 ask_drop=0.00000000
2026-07-08T16:47:24Z,170,SKIP,SKIPPED,,,,,0,radar_block,reason=momentum_too_small conf=0.0 mom_sig=0.00002031 raw_mom_bps=0.00000000 spread_bps=0.04840000 tension=0.00002031 bid_drop=0.00013199 ask_drop=0.00000000
2026-07-08T16:47:32Z,171,SKIP,SKIPPED,,,,,0,radar_block,reason=momentum_too_small conf=0.3267 mom_sig=0.00000000 raw_mom_bps=-1.01592749 spread_bps=1.06430000 tension=0.00000000 bid_drop=0.00000000 ask_drop=0.00000000
2026-07-08T16:47:40Z,172,SKIP,SKIPPED,,,,,0,radar_block,reason=momentum_too_small conf=0.3359 mom_sig=0.00000000 raw_mom_bps=0.00000000 spread_bps=0.64500000 tension=0.00000000 bid_drop=0.00000000 ask_drop=0.00000000
2026-07-08T16:47:47Z,173,SKIP,SKIPPED,,,,,0,impulse_resonance_wait,reason=wall_not_collapsed tension=0.69759940 bid_drop=4.53439610 ask_drop=0.00000000
2026-07-08T16:47:53Z,174,SKIP,SKIPPED,,,,,0,impulse_resonance_wait,reason=wall_not_collapsed tension=0.57441291 bid_drop=3.73368391 ask_drop=0.00000000
2026-07-08T16:48:00Z,175,SKIP,SKIPPED,,,,,0,radar_block,reason=momentum_too_small conf=0.0 mom_sig=0.00000423 raw_mom_bps=0.00000000 spread_bps=1.64480000 tension=0.00000423 bid_drop=0.00002748 ask_drop=0.00000000
2026-07-08T16:48:07Z,176,SKIP,SKIPPED,,,,,0,radar_block,reason=momentum_too_small conf=0.0 mom_sig=0.00001874 raw_mom_bps=1.22574912 spread_bps=2.01570000 tension=0.00001874 bid_drop=0.00012178 ask_drop=0.00000000
2026-07-08T16:48:15Z,177,SKIP,SKIPPED,,,,,0,radar_block,reason=momentum_too_small conf=0.0007 mom_sig=0.00048968 raw_mom_bps=0.00000000 spread_bps=1.54810000 tension=0.00048968 bid_drop=0.00318290 ask_drop=0.00024631
2026-07-08T16:48:24Z,178,SKIP,SKIPPED,,,,,0,radar_block,reason=momentum_too_small conf=0.3161 mom_sig=0.00000000 raw_mom_bps=0.00000000 spread_bps=1.54810000 tension=0.00000000 bid_drop=0.00000000 ask_drop=0.00000000
2026-07-08T16:48:31Z,179,SKIP,SKIPPED,,,,,0,impulse_resonance_wait,reason=wall_not_collapsed tension=0.63414194 bid_drop=4.12192262 ask_drop=0.00000000
2026-07-08T16:48:38Z,180,SKIP,SKIPPED,,,,,0,impulse_resonance_wait,reason=wall_not_collapsed tension=0.53904895 bid_drop=0.00000000 ask_drop=3.50381818
2026-07-08T16:48:57Z,181,BUY,FILLED,62003.00000000,61992.00000000,0.25160000,-1.77410770,-2.76760000,fluid_exit_inversion,radar=long conf=0.9063 size_note=hunter_revenge_1.5x+entry_25_75_full soft=0 pct=-0.01774108 tension=1.40280114 bid_drop=9.11820739 ask_drop=3.50369065
2026-07-08T16:49:05Z,182,SKIP,SKIPPED,,,,,0,impulse_resonance_wait,reason=wall_not_collapsed tension=0.55963090 bid_drop=0.00000000 ask_drop=3.63760083
2026-07-08T16:49:12Z,183,SKIP,SKIPPED,,,,,0,impulse_resonance_wait,reason=wall_not_collapsed tension=0.53998865 bid_drop=0.15480215 ask_drop=3.50992623
2026-07-08T16:49:18Z,184,SKIP,SKIPPED,,,,,0,impulse_resonance_wait,reason=wall_not_collapsed tension=0.71415561 bid_drop=4.64201144 ask_drop=0.00000000
2026-07-08T16:49:25Z,185,SKIP,SKIPPED,,,,,0,radar_block,reason=momentum_too_small conf=0.3472 mom_sig=0.00000000 raw_mom_bps=0.00000000 spread_bps=0.12900000 tension=0.00000000 bid_drop=0.00000000 ask_drop=0.00000000
2026-07-08T16:49:32Z,186,SKIP,SKIPPED,,,,,0,radar_block,reason=momentum_too_small conf=0.3295 mom_sig=0.00000000 raw_mom_bps=0.00000000 spread_bps=0.93530000 tension=0.00000000 bid_drop=0.00000000 ask_drop=0.00000000
2026-07-08T16:49:41Z,187,SKIP,SKIPPED,,,,,0,llm_gate,reason=ollama_skip status=SKIP
2026-07-08T16:49:48Z,188,SKIP,SKIPPED,,,,,0,radar_block,reason=momentum_too_small conf=0.0001 mom_sig=0.00003785 raw_mom_bps=0.00000000 spread_bps=0.93530000 tension=0.00003785 bid_drop=0.00024604 ask_drop=0.00000000
2026-07-08T16:49:55Z,189,SKIP,SKIPPED,,,,,0,impulse_resonance_wait,reason=wall_not_collapsed tension=0.54005172 bid_drop=0.00000000 ask_drop=3.51033620
2026-07-08T16:50:01Z,190,SKIP,SKIPPED,,,,,0,radar_block,reason=momentum_too_small conf=0.3182 mom_sig=0.00000000 raw_mom_bps=2.85507356 spread_bps=1.45160000 tension=0.00000000 bid_drop=0.00000000 ask_drop=0.00000000
2026-07-08T16:50:08Z,191,SKIP,SKIPPED,,,,,0,radar_block,reason=momentum_too_small conf=0.313 mom_sig=0.00000000 raw_mom_bps=0.00000000 spread_bps=1.69350000 tension=0.00000000 bid_drop=0.00000000 ask_drop=0.00000000
2026-07-08T16:50:15Z,192,SKIP,SKIPPED,,,,,0,radar_block,reason=momentum_too_small conf=0.0028 mom_sig=0.00218284 raw_mom_bps=0.00000000 spread_bps=3.72500000 tension=0.00218284 bid_drop=0.00000000 ask_drop=0.01418848
2026-07-08T16:50:22Z,193,SKIP,SKIPPED,,,,,0,radar_block,reason=momentum_too_small conf=0.0001 mom_sig=0.00003384 raw_mom_bps=-1.25811931 spread_bps=1.64520000 tension=0.00003384 bid_drop=0.00021994 ask_drop=0.00000000
2026-07-08T16:50:29Z,194,SKIP,SKIPPED,,,,,0,radar_block,reason=momentum_too_small conf=0.3302 mom_sig=0.00000000 raw_mom_bps=0.00000000 spread_bps=0.90300000 tension=0.00000000 bid_drop=0.00000000 ask_drop=0.00000000
2026-07-08T16:50:38Z,195,SKIP,SKIPPED,,,,,0,radar_block,reason=momentum_too_small conf=0.3193 mom_sig=0.00000000 raw_mom_bps=-0.87079358 spread_bps=1.40320000 tension=0.00000000 bid_drop=0.00000000 ask_drop=0.00000000
2026-07-08T16:50:45Z,196,SKIP,SKIPPED,,,,,0,radar_block,reason=momentum_too_small conf=0.0 mom_sig=0.00002267 raw_mom_bps=0.00000000 spread_bps=2.03180000 tension=0.00002267 bid_drop=0.00000000 ask_drop=0.00014737
2026-07-08T16:50:52Z,197,SKIP,SKIPPED,,,,,0,radar_block,reason=momentum_too_small conf=0.3056 mom_sig=0.00000000 raw_mom_bps=-3.66057002 spread_bps=2.03180000 tension=0.00000000 bid_drop=0.00000000 ask_drop=0.00000000
2026-07-08T16:50:59Z,198,SKIP,SKIPPED,,,,,0,radar_block,reason=momentum_too_small conf=0.3056 mom_sig=0.00000000 raw_mom_bps=0.00000000 spread_bps=2.03180000 tension=0.00000000 bid_drop=0.00000000 ask_drop=0.00000000
2026-07-08T16:51:07Z,199,SKIP,SKIPPED,,,,,0,radar_block,reason=momentum_too_small conf=0.3422 mom_sig=0.00000000 raw_mom_bps=0.00000000 spread_bps=0.35480000 tension=0.00000000 bid_drop=0.00000000 ask_drop=0.00000000
2026-07-08T16:51:15Z,200,SKIP,SKIPPED,,,,,0,duo_wait,reason=no_trigger mode=none
2026-07-08T16:51:22Z,201,SKIP,SKIPPED,,,,,0,radar_block,reason=momentum_too_small conf=0.3144 mom_sig=0.00000000 raw_mom_bps=-2.70894338 spread_bps=1.62860000 tension=0.00000000 bid_drop=0.00000000 ask_drop=0.00000000
2026-07-08T16:51:29Z,202,SKIP,SKIPPED,,,,,0,radar_block,reason=momentum_too_small conf=0.0 mom_sig=0.00001272 raw_mom_bps=0.00000000 spread_bps=2.72510000 tension=0.00001272 bid_drop=0.00008265 ask_drop=0.00000000
2026-07-08T16:51:36Z,203,SKIP,SKIPPED,,,,,0,radar_block,reason=momentum_too_small conf=0.0002 mom_sig=0.00012841 raw_mom_bps=0.00000000 spread_bps=2.72510000 tension=0.00012841 bid_drop=0.00000000 ask_drop=0.00083466
2026-07-08T16:51:45Z,204,SKIP,SKIPPED,,,,,0,duo_wait,reason=no_trigger mode=none
2026-07-08T16:51:52Z,205,SKIP,SKIPPED,,,,,0,duo_wait,reason=no_trigger mode=none
2026-07-08T16:52:00Z,206,SKIP,SKIPPED,,,,,0,duo_wait,reason=no_trigger mode=none
2026-07-08T16:52:08Z,207,SKIP,SKIPPED,,,,,0,radar_block,reason=momentum_too_small conf=0.3486 mom_sig=0.00000000 raw_mom_bps=0.06449855 spread_bps=0.06450000 tension=0.00000000 bid_drop=0.00000000 ask_drop=0.00000000
2026-07-08T16:52:16Z,208,SKIP,SKIPPED,,,,,0,llm_gate,reason=ollama_skip status=SKIP
2026-07-08T16:52:24Z,209,SKIP,SKIPPED,,,,,0,radar_block,reason=momentum_too_small conf=0.3486 mom_sig=0.00000000 raw_mom_bps=0.00000000 spread_bps=0.06450000 tension=0.00000000 bid_drop=0.00000000 ask_drop=0.00000000
2026-07-08T16:52:32Z,210,SKIP,SKIPPED,,,,,0,llm_gate,reason=ollama_skip status=SKIP
2026-07-08T16:52:39Z,211,SKIP,SKIPPED,,,,,0,radar_block,reason=momentum_too_small conf=0.3486 mom_sig=0.00000000 raw_mom_bps=0.00000000 spread_bps=0.06450000 tension=0.00000000 bid_drop=0.00000000 ask_drop=0.00000000
2026-07-08T16:52:46Z,212,SKIP,SKIPPED,,,,,0,radar_block,reason=momentum_too_small conf=0.3486 mom_sig=0.00000000 raw_mom_bps=0.00000000 spread_bps=0.06450000 tension=0.00000000 bid_drop=0.00000000 ask_drop=0.00000000
2026-07-08T16:52:54Z,213,SKIP,SKIPPED,,,,,0,llm_gate,reason=ollama_skip status=SKIP
2026-07-08T16:53:01Z,214,SKIP,SKIPPED,,,,,0,radar_block,reason=momentum_too_small conf=0.289 mom_sig=0.00000000 raw_mom_bps=0.00000000 spread_bps=2.78950000 tension=0.00000000 bid_drop=0.00000000 ask_drop=0.00000000
2026-07-08T16:53:08Z,215,SKIP,SKIPPED,,,,,0,radar_block,reason=momentum_too_small conf=0.289 mom_sig=0.00000000 raw_mom_bps=0.00000000 spread_bps=2.78950000 tension=0.00000000 bid_drop=0.00000000 ask_drop=0.00000000
2026-07-08T16:53:15Z,216,SKIP,SKIPPED,,,,,0,radar_block,reason=momentum_too_small conf=0.289 mom_sig=0.00000000 raw_mom_bps=0.00000000 spread_bps=2.78950000 tension=0.00000000 bid_drop=0.00000000 ask_drop=0.00000000
2026-07-08T16:53:22Z,217,SKIP,SKIPPED,,,,,0,radar_block,reason=momentum_too_small conf=0.289 mom_sig=0.00000000 raw_mom_bps=0.01612542 spread_bps=2.78950000 tension=0.00000000 bid_drop=0.00000000 ask_drop=0.00000000
2026-07-08T16:53:29Z,218,SKIP,SKIPPED,,,,,0,radar_block,reason=momentum_too_small conf=0.0 mom_sig=0.00001259 raw_mom_bps=0.00000000 spread_bps=3.06360000 tension=0.00001259 bid_drop=0.00000000 ask_drop=0.00008184
2026-07-08T16:53:37Z,219,SKIP,SKIPPED,,,,,0,radar_block,reason=momentum_too_small conf=0.2798 mom_sig=0.00000000 raw_mom_bps=0.00000000 spread_bps=3.20860000 tension=0.00000000 bid_drop=0.00000000 ask_drop=0.00000000
2026-07-08T16:53:44Z,220,SKIP,SKIPPED,,,,,0,radar_block,reason=momentum_too_small conf=0.3394 mom_sig=0.00000000 raw_mom_bps=0.00000000 spread_bps=0.48370000 tension=0.00000000 bid_drop=0.00000000 ask_drop=0.00000000
2026-07-08T16:53:51Z,221,SKIP,SKIPPED,,,,,0,radar_block,reason=momentum_too_small conf=0.0016 mom_sig=0.00102723 raw_mom_bps=0.00000000 spread_bps=0.75780000 tension=0.00102723 bid_drop=0.00000000 ask_drop=0.00667699
2026-07-08T16:53:58Z,222,SKIP,SKIPPED,,,,,0,radar_block,reason=momentum_too_small conf=0.0024 mom_sig=0.00143484 raw_mom_bps=0.00000000 spread_bps=0.17740000 tension=0.00143484 bid_drop=0.00000000 ask_drop=0.00932648
2026-07-08T16:54:06Z,223,SKIP,SKIPPED,,,,,0,radar_block,reason=direction_unclear conf=0.0164 mom_sig=0.00996130 raw_mom_bps=0.00000000 spread_bps=0.19350000 tension=0.00996130 bid_drop=0.06474847 ask_drop=0.00000000
2026-07-08T16:54:13Z,224,SKIP,SKIPPED,,,,,0,impulse_resonance_wait,reason=wall_not_collapsed tension=0.81838911 bid_drop=0.17831820 ask_drop=5.31952921
2026-07-08T16:54:20Z,225,SKIP,SKIPPED,,,,,0,impulse_resonance_wait,reason=wall_not_collapsed tension=0.97563214 bid_drop=6.34160890 ask_drop=0.00000000
2026-07-08T16:54:27Z,226,SKIP,SKIPPED,,,,,0,radar_block,reason=momentum_too_small conf=0.0004 mom_sig=0.00026531 raw_mom_bps=-0.06449678 spread_bps=0.83840000 tension=0.00026531 bid_drop=0.00172454 ask_drop=0.00000000
2026-07-08T16:54:35Z,227,SKIP,SKIPPED,,,,,0,radar_block,reason=momentum_too_small conf=0.3281 mom_sig=0.00000000 raw_mom_bps=0.00000000 spread_bps=0.99970000 tension=0.00000000 bid_drop=0.00000000 ask_drop=0.00000000
2026-07-08T16:54:43Z,228,SKIP,SKIPPED,,,,,0,radar_block,reason=momentum_too_small conf=0.3281 mom_sig=0.00000000 raw_mom_bps=0.00000000 spread_bps=0.99970000 tension=0.00000000 bid_drop=0.00000000 ask_drop=0.00000000
2026-07-08T16:54:50Z,229,SKIP,SKIPPED,,,,,0,impulse_resonance_wait,reason=wall_not_collapsed tension=0.38476234 bid_drop=2.50095518 ask_drop=1.74983470
2026-07-08T16:54:57Z,230,SKIP,SKIPPED,,,,,0,radar_block,reason=momentum_too_small conf=0.3292 mom_sig=0.00000000 raw_mom_bps=-0.12898961 spread_bps=0.95130000 tension=0.00000000 bid_drop=0.00000000 ask_drop=0.00000000
2026-07-08T16:55:04Z,231,SKIP,SKIPPED,,,,,0,radar_block,reason=direction_unclear conf=0.123 mom_sig=0.07478846 raw_mom_bps=0.00000000 spread_bps=0.20960000 tension=0.07478846 bid_drop=0.00000000 ask_drop=0.48612502
2026-07-08T16:55:13Z,232,SKIP,SKIPPED,,,,,0,llm_gate,reason=ollama_skip status=SKIP
2026-07-08T16:55:20Z,233,SKIP,SKIPPED,,,,,0,radar_block,reason=momentum_too_small conf=0.0001 mom_sig=0.00005440 raw_mom_bps=0.00000000 spread_bps=0.14510000 tension=0.00005440 bid_drop=0.00000000 ask_drop=0.00035363
2026-07-08T16:55:27Z,234,SKIP,SKIPPED,,,,,0,radar_block,reason=momentum_too_small conf=0.0 mom_sig=0.00001373 raw_mom_bps=0.00000000 spread_bps=0.14510000 tension=0.00001373 bid_drop=0.00000000 ask_drop=0.00008923
2026-07-08T16:55:45Z,235,BUY,FILLED,62013.80000000,62013.80000000,0.25150000,0.00000000,0.00000000,shock_inversion_stop,radar=long conf=0.9909 size_note=hunter_revenge_1.5x+entry_25_75_full soft=0 pct=0.00000000 tension=1.67206494 bid_drop=0.00000000 ask_drop=10.86842208
2026-07-08T16:55:53Z,236,SKIP,SKIPPED,,,,,0,impulse_resonance_wait,reason=wall_not_collapsed tension=0.52942002 bid_drop=3.44123011 ask_drop=1.54493039
2026-07-08T16:56:01Z,237,SKIP,SKIPPED,,,,,0,llm_gate,reason=ollama_skip status=SKIP
2026-07-08T16:56:08Z,238,SKIP,SKIPPED,,,,,0,radar_block,reason=momentum_too_small conf=0.0 mom_sig=0.00001822 raw_mom_bps=0.00000000 spread_bps=1.93370000 tension=0.00001822 bid_drop=0.00000000 ask_drop=0.00011845
2026-07-08T16:56:15Z,239,SKIP,SKIPPED,,,,,0,radar_block,reason=spread_too_wide conf=0.5 mom_sig=3.87071157 raw_mom_bps=4.73745019 spread_bps=10.56730000 tension=3.87071157 bid_drop=0.00000000 ask_drop=25.15962519
2026-07-08T16:56:23Z,240,SKIP,SKIPPED,,,,,0,impulse_resonance_wait,reason=wall_not_collapsed tension=0.53353038 bid_drop=3.46794750 ask_drop=0.00873897
2026-07-08T16:56:30Z,241,SKIP,SKIPPED,,,,,0,impulse_resonance_wait,reason=wall_not_collapsed tension=0.54987433 bid_drop=3.57418315 ask_drop=0.00000000
2026-07-08T16:56:38Z,242,SKIP,SKIPPED,,,,,0,radar_block,reason=momentum_too_small conf=0.0 mom_sig=0.00001316 raw_mom_bps=0.00000000 spread_bps=0.09660000 tension=0.00001316 bid_drop=0.00008556 ask_drop=0.00000000
2026-07-08T16:56:46Z,243,SKIP,SKIPPED,,,,,0,radar_block,reason=momentum_too_small conf=0.0079 mom_sig=0.00478355 raw_mom_bps=0.00000000 spread_bps=0.09660000 tension=0.00478355 bid_drop=0.00000000 ask_drop=0.03109305
2026-07-08T16:56:52Z,244,SKIP,SKIPPED,,,,,0,radar_block,reason=momentum_too_small conf=0.0001 mom_sig=0.00004529 raw_mom_bps=0.00000000 spread_bps=0.09660000 tension=0.00004529 bid_drop=0.00000476 ask_drop=0.00029441
2026-07-08T16:56:59Z,245,SKIP,SKIPPED,,,,,0,radar_block,reason=momentum_too_small conf=0.0 mom_sig=0.00003020 raw_mom_bps=0.00000000 spread_bps=0.16110000 tension=0.00003020 bid_drop=0.00000476 ask_drop=0.00019627
2026-07-08T16:57:06Z,246,SKIP,SKIPPED,,,,,0,tactic_mismatch,mom=short structure=long
2026-07-08T16:57:13Z,247,SKIP,SKIPPED,,,,,0,radar_block,reason=momentum_too_small conf=0.0 mom_sig=0.00001937 raw_mom_bps=0.00000000 spread_bps=0.06440000 tension=0.00001937 bid_drop=0.00012592 ask_drop=0.00000000
2026-07-08T16:57:20Z,248,SKIP,SKIPPED,,,,,0,radar_block,reason=momentum_too_small conf=0.0097 mom_sig=0.00580703 raw_mom_bps=0.00000000 spread_bps=0.03220000 tension=0.00580703 bid_drop=0.03774567 ask_drop=0.00000000
2026-07-08T16:57:27Z,249,SKIP,SKIPPED,,,,,0,radar_block,reason=momentum_too_small conf=0.0003 mom_sig=0.00015444 raw_mom_bps=0.00000000 spread_bps=0.01610000 tension=0.00015444 bid_drop=0.00072705 ask_drop=0.00100386
2026-07-08T16:57:34Z,250,SKIP,SKIPPED,,,,,0,radar_block,reason=momentum_too_small conf=0.0001 mom_sig=0.00005773 raw_mom_bps=0.00000000 spread_bps=0.06440000 tension=0.00005773 bid_drop=0.00037523 ask_drop=0.00000000
2026-07-08T16:57:41Z,251,SKIP,SKIPPED,,,,,0,radar_block,reason=momentum_too_small conf=0.3447 mom_sig=0.00000000 raw_mom_bps=0.00000000 spread_bps=0.24150000 tension=0.00000000 bid_drop=0.00000000 ask_drop=0.00000000
2026-07-08T16:57:49Z,252,SKIP,SKIPPED,,,,,0,radar_block,reason=momentum_too_small conf=0.318 mom_sig=0.00000000 raw_mom_bps=0.00000000 spread_bps=1.46500000 tension=0.00000000 bid_drop=0.00000000 ask_drop=0.00000000
2026-07-08T16:57:56Z,253,SKIP,SKIPPED,,,,,0,impulse_resonance_wait,reason=wall_not_collapsed tension=0.53330361 bid_drop=3.46647346 ask_drop=0.00005995
2026-07-08T16:58:02Z,254,SKIP,SKIPPED,,,,,0,impulse_resonance_wait,reason=wall_not_collapsed tension=0.46912495 bid_drop=3.04931216 ask_drop=0.00000000
2026-07-08T16:58:09Z,255,SKIP,SKIPPED,,,,,0,impulse_resonance_wait,reason=wall_not_collapsed tension=0.57086299 bid_drop=3.71060941 ask_drop=0.00000000
2026-07-08T16:58:17Z,256,SKIP,SKIPPED,,,,,0,radar_block,reason=momentum_too_small conf=0.0013 mom_sig=0.00096118 raw_mom_bps=0.00000000 spread_bps=2.72070000 tension=0.00096118 bid_drop=0.00002096 ask_drop=0.00624768
2026-07-08T16:58:26Z,257,SKIP,SKIPPED,,,,,0,llm_gate,reason=ollama_skip status=SKIP
2026-07-08T16:58:33Z,258,SKIP,SKIPPED,,,,,0,radar_block,reason=momentum_too_small conf=0.0 mom_sig=0.00003197 raw_mom_bps=0.00000000 spread_bps=2.92990000 tension=0.00003197 bid_drop=0.00020780 ask_drop=0.00002503
2026-07-08T16:58:41Z,259,SKIP,SKIPPED,,,,,0,radar_block,reason=momentum_too_small conf=0.003 mom_sig=0.00218469 raw_mom_bps=0.00000000 spread_bps=2.94600000 tension=0.00218469 bid_drop=0.01420049 ask_drop=0.00000000
2026-07-08T16:58:48Z,260,SKIP,SKIPPED,,,,,0,radar_block,reason=momentum_too_small conf=0.2856 mom_sig=0.00000000 raw_mom_bps=0.00000000 spread_bps=2.94600000 tension=0.00000000 bid_drop=0.00000000 ask_drop=0.00000000
2026-07-08T16:58:55Z,261,SKIP,SKIPPED,,,,,0,radar_block,reason=momentum_too_small conf=0.2856 mom_sig=0.00000000 raw_mom_bps=0.00000000 spread_bps=2.94600000 tension=0.00000000 bid_drop=0.00000000 ask_drop=0.00000000
2026-07-08T16:59:04Z,262,SKIP,SKIPPED,,,,,0,duo_wait,reason=no_trigger mode=none
2026-07-08T16:59:11Z,263,SKIP,SKIPPED,,,,,0,impulse_resonance_wait,reason=wall_not_collapsed tension=0.84524070 bid_drop=5.49406457 ask_drop=0.04995079
2026-07-08T16:59:18Z,264,SKIP,SKIPPED,,,,,0,radar_block,reason=momentum_too_small conf=0.0117 mom_sig=0.00704681 raw_mom_bps=0.00000000 spread_bps=0.01610000 tension=0.00704681 bid_drop=0.04580425 ask_drop=0.00000000
2026-07-08T16:59:26Z,265,SKIP,SKIPPED,,,,,0,duo_wait,reason=no_trigger mode=none
2026-07-08T16:59:34Z,266,SKIP,SKIPPED,,,,,0,radar_block,reason=momentum_too_small conf=0.3084 mom_sig=0.00000000 raw_mom_bps=0.00000000 spread_bps=1.89990000 tension=0.00000000 bid_drop=0.00000000 ask_drop=0.00000000
2026-07-08T16:59:42Z,267,SKIP,SKIPPED,,,,,0,tactic_mismatch,mom=short structure=long
2026-07-08T16:59:50Z,268,SKIP,SKIPPED,,,,,0,duo_wait,reason=no_trigger mode=none
2026-07-08T16:59:56Z,269,SKIP,SKIPPED,,,,,0,radar_block,reason=momentum_too_small conf=0.263 mom_sig=0.00000000 raw_mom_bps=-0.08052152 spread_bps=3.97630000 tension=0.00000000 bid_drop=0.00000000 ask_drop=0.00000000
2026-07-08T17:00:04Z,270,SKIP,SKIPPED,,,,,0,impulse_resonance_wait,reason=wall_not_collapsed tension=0.71754249 bid_drop=4.66402617 ask_drop=0.00025030
2026-07-08T17:00:10Z,271,SKIP,SKIPPED,,,,,0,radar_block,reason=momentum_too_small conf=0.0007 mom_sig=0.00053298 raw_mom_bps=0.00000000 spread_bps=4.26610000 tension=0.00053298 bid_drop=0.00247675 ask_drop=0.00346434
2026-07-08T17:00:17Z,272,SKIP,SKIPPED,,,,,0,radar_block,reason=momentum_too_small conf=0.0001 mom_sig=0.00008968 raw_mom_bps=0.00000000 spread_bps=4.52360000 tension=0.00008968 bid_drop=0.00058295 ask_drop=0.00000000
2026-07-08T17:00:25Z,273,SKIP,SKIPPED,,,,,0,impulse_resonance_wait,reason=wall_not_collapsed tension=0.55826181 bid_drop=3.62870175 ask_drop=0.00000000
2026-07-08T17:00:32Z,274,SKIP,SKIPPED,,,,,0,radar_block,reason=momentum_too_small conf=0.0 mom_sig=0.00002731 raw_mom_bps=4.52568852 spread_bps=4.10520000 tension=0.00002731 bid_drop=0.00017750 ask_drop=0.00000000
2026-07-08T17:00:40Z,275,SKIP,SKIPPED,,,,,0,duo_wait,reason=no_trigger mode=none
2026-07-08T17:00:47Z,276,SKIP,SKIPPED,,,,,0,tactic_mismatch,mom=long structure=short
2026-07-08T17:00:54Z,277,SKIP,SKIPPED,,,,,0,radar_block,reason=momentum_too_small conf=0.2644 mom_sig=0.00000000 raw_mom_bps=0.00000000 spread_bps=3.91240000 tension=0.00000000 bid_drop=0.00000000 ask_drop=0.00000000
2026-07-08T17:01:02Z,278,SKIP,SKIPPED,,,,,0,impulse_resonance_wait,reason=wall_not_collapsed tension=0.36186945 bid_drop=0.00000000 ask_drop=2.35215142
2026-07-08T17:01:09Z,279,SKIP,SKIPPED,,,,,0,impulse_resonance_wait,reason=wall_not_collapsed tension=0.42514122 bid_drop=0.00003045 ask_drop=2.76341796
2026-07-08T17:01:16Z,280,SKIP,SKIPPED,,,,,0,radar_block,reason=momentum_too_small conf=0.3352 mom_sig=0.00000000 raw_mom_bps=0.00000000 spread_bps=0.67650000 tension=0.00000000 bid_drop=0.00000000 ask_drop=0.00000000
2026-07-08T17:01:25Z,281,SKIP,SKIPPED,,,,,0,llm_gate,reason=ollama_skip status=SKIP
2026-07-08T17:01:32Z,282,SKIP,SKIPPED,,,,,0,radar_block,reason=momentum_too_small conf=0.3282 mom_sig=0.00000000 raw_mom_bps=-0.01610866 spread_bps=0.99870000 tension=0.00000000 bid_drop=0.00000000 ask_drop=0.00000000
2026-07-08T17:01:39Z,283,SKIP,SKIPPED,,,,,0,radar_block,reason=direction_unclear conf=0.1857 mom_sig=0.12221897 raw_mom_bps=0.00000000 spread_bps=1.41750000 tension=0.12221897 bid_drop=0.79442330 ask_drop=0.00000000
2026-07-08T17:01:46Z,284,SKIP,SKIPPED,,,,,0,impulse_resonance_wait,reason=wall_not_collapsed tension=0.86116760 bid_drop=0.00001086 ask_drop=5.59758939
2026-07-08T17:01:53Z,285,SKIP,SKIPPED,,,,,0,radar_block,reason=momentum_too_small conf=0.0 mom_sig=0.00001693 raw_mom_bps=0.00000000 spread_bps=1.43360000 tension=0.00001693 bid_drop=0.00011002 ask_drop=0.00000000
2026-07-08T17:02:00Z,286,SKIP,SKIPPED,,,,,0,radar_block,reason=momentum_too_small conf=0.313 mom_sig=0.00000000 raw_mom_bps=0.00000000 spread_bps=1.69130000 tension=0.00000000 bid_drop=0.00000000 ask_drop=0.00000000
2026-07-08T17:02:07Z,287,SKIP,SKIPPED,,,,,0,radar_block,reason=direction_unclear conf=0.315 mom_sig=0.19572786 raw_mom_bps=0.00000000 spread_bps=0.54770000 tension=0.19572786 bid_drop=1.27223111 ask_drop=0.00022875
2026-07-08T17:02:15Z,288,SKIP,SKIPPED,,,,,0,llm_gate,reason=ollama_skip status=SKIP
2026-07-08T17:02:23Z,289,SKIP,SKIPPED,,,,,0,radar_block,reason=momentum_too_small conf=0.3038 mom_sig=0.00000000 raw_mom_bps=-2.11007504 spread_bps=2.11010000 tension=0.00000000 bid_drop=0.00000000 ask_drop=0.00000000
2026-07-08T17:02:31Z,290,SKIP,SKIPPED,,,,,0,radar_block,reason=momentum_too_small conf=0.0 mom_sig=0.00001087 raw_mom_bps=0.00000000 spread_bps=3.93020000 tension=0.00001087 bid_drop=0.00000000 ask_drop=0.00007066
2026-07-08T17:02:39Z,291,SKIP,SKIPPED,,,,,0,llm_gate,reason=ollama_skip status=SKIP
2026-07-08T17:02:46Z,292,SKIP,SKIPPED,,,,,0,radar_block,reason=momentum_too_small conf=0.0 mom_sig=0.00002272 raw_mom_bps=0.00000000 spread_bps=5.12220000 tension=0.00002272 bid_drop=0.00014769 ask_drop=0.00000000
2026-07-08T17:02:53Z,293,SKIP,SKIPPED,,,,,0,radar_block,reason=momentum_too_small conf=0.0 mom_sig=0.00000636 raw_mom_bps=0.00000000 spread_bps=5.12220000 tension=0.00000636 bid_drop=0.00004136 ask_drop=0.00000000
2026-07-08T17:03:00Z,294,SKIP,SKIPPED,,,,,0,radar_block,reason=momentum_too_small conf=0.0001 mom_sig=0.00005526 raw_mom_bps=0.00000000 spread_bps=4.44600000 tension=0.00005526 bid_drop=0.00035918 ask_drop=0.00000000
2026-07-08T17:03:07Z,295,SKIP,SKIPPED,,,,,0,radar_block,reason=momentum_too_small conf=0.0043 mom_sig=0.00390485 raw_mom_bps=0.00000000 spread_bps=5.33160000 tension=0.00390485 bid_drop=0.00543156 ask_drop=0.02538152
2026-07-08T17:03:14Z,296,SKIP,SKIPPED,,,,,0,impulse_resonance_wait,reason=wall_not_collapsed tension=0.89412224 bid_drop=5.81179453 ask_drop=0.00000000
2026-07-08T17:03:21Z,297,SKIP,SKIPPED,,,,,0,radar_block,reason=momentum_too_small conf=0.2334 mom_sig=0.00000000 raw_mom_bps=0.00000000 spread_bps=5.33160000 tension=0.00000000 bid_drop=0.00000000 ask_drop=0.00000000
2026-07-08T17:03:29Z,298,SKIP,SKIPPED,,,,,0,duo_wait,reason=no_trigger mode=none
2026-07-08T17:03:36Z,299,SKIP,SKIPPED,,,,,0,radar_block,reason=momentum_too_small conf=0.0046 mom_sig=0.00303456 raw_mom_bps=0.00000000 spread_bps=1.48290000 tension=0.00303456 bid_drop=0.01972466 ask_drop=0.00000000
2026-07-08T17:03:43Z,300,SKIP,SKIPPED,,,,,0,radar_block,reason=momentum_too_small conf=0.2982 mom_sig=0.00000000 raw_mom_bps=0.00000000 spread_bps=2.36910000 tension=0.00000000 bid_drop=0.00000000 ask_drop=0.00000000
2026-07-08T17:03:52Z,301,SKIP,SKIPPED,,,,,0,radar_block,reason=momentum_too_small conf=0.2316 mom_sig=0.00000000 raw_mom_bps=0.38679981 spread_bps=5.41350000 tension=0.00000000 bid_drop=0.00000000 ask_drop=0.00000000
2026-07-08T17:03:59Z,302,SKIP,SKIPPED,,,,,0,radar_block,reason=direction_unclear conf=0.2366 mom_sig=0.18164880 raw_mom_bps=0.00000000 spread_bps=3.49590000 tension=0.18164880 bid_drop=0.00000000 ask_drop=1.18071719
2026-07-08T17:04:06Z,303,SKIP,SKIPPED,,,,,0,radar_block,reason=momentum_too_small conf=0.2735 mom_sig=0.00000000 raw_mom_bps=0.00000000 spread_bps=3.49590000 tension=0.00000000 bid_drop=0.00000000 ask_drop=0.00000000
2026-07-08T17:04:13Z,304,SKIP,SKIPPED,,,,,0,radar_block,reason=momentum_too_small conf=0.2837 mom_sig=0.00000000 raw_mom_bps=0.00000000 spread_bps=3.02880000 tension=0.00000000 bid_drop=0.00000000 ask_drop=0.00000000
2026-07-08T17:04:20Z,305,SKIP,SKIPPED,,,,,0,duo_wait,reason=no_trigger mode=none
2026-07-08T17:04:27Z,306,SKIP,SKIPPED,,,,,0,radar_block,reason=momentum_too_small conf=0.3348 mom_sig=0.00000000 raw_mom_bps=0.66074681 spread_bps=0.69290000 tension=0.00000000 bid_drop=0.00000000 ask_drop=0.00000000
2026-07-08T17:04:35Z,307,SKIP,SKIPPED,,,,,0,radar_block,reason=momentum_too_small conf=0.0031 mom_sig=0.00204537 raw_mom_bps=0.00000000 spread_bps=1.64370000 tension=0.00204537 bid_drop=0.01329491 ask_drop=0.00000000
2026-07-08T17:04:43Z,308,SKIP,SKIPPED,,,,,0,radar_block,reason=momentum_too_small conf=0.3109 mom_sig=0.00000000 raw_mom_bps=0.00000000 spread_bps=1.78890000 tension=0.00000000 bid_drop=0.00000000 ask_drop=0.00000000
2026-07-08T17:04:51Z,309,SKIP,SKIPPED,,,,,0,duo_wait,reason=no_trigger mode=none
2026-07-08T17:04:59Z,310,SKIP,SKIPPED,,,,,0,radar_block,reason=momentum_too_small conf=0.3172 mom_sig=0.00000000 raw_mom_bps=0.00000000 spread_bps=1.49900000 tension=0.00000000 bid_drop=0.00000000 ask_drop=0.00000000
2026-07-08T17:05:07Z,311,SKIP,SKIPPED,,,,,0,duo_wait,reason=no_trigger mode=none
2026-07-08T17:05:14Z,312,SKIP,SKIPPED,,,,,0,impulse_resonance_wait,reason=wall_not_collapsed tension=0.95573589 bid_drop=6.21228329 ask_drop=0.00010946
2026-07-08T17:05:21Z,313,SKIP,SKIPPED,,,,,0,radar_block,reason=momentum_too_small conf=0.0001 mom_sig=0.00005603 raw_mom_bps=0.00000000 spread_bps=2.28880000 tension=0.00005603 bid_drop=0.00000000 ask_drop=0.00036421
2026-07-08T17:05:29Z,314,SKIP,SKIPPED,,,,,0,radar_block,reason=momentum_too_small conf=0.0 mom_sig=0.00003296 raw_mom_bps=0.00000000 spread_bps=2.44990000 tension=0.00003296 bid_drop=0.00000000 ask_drop=0.00021424
2026-07-08T17:05:49Z,315,SKIP,SKIPPED,,,,,0,duo_wait,reason=no_trigger mode=none
2026-07-08T17:06:09Z,316,SKIP,SKIPPED,,,,,0,duo_wait,reason=no_trigger mode=none
2026-07-08T17:06:21Z,317,SKIP,SKIPPED,,,,,0,radar_block,reason=momentum_too_small conf=0.0 mom_sig=0.00003411 raw_mom_bps=0.00000000 spread_bps=3.57820000 tension=0.00003411 bid_drop=0.00000000 ask_drop=0.00022170
2026-07-08T17:06:30Z,318,SKIP,SKIPPED,,,,,0,radar_block,reason=momentum_too_small conf=0.0001 mom_sig=0.00004185 raw_mom_bps=0.00000000 spread_bps=3.32030000 tension=0.00004185 bid_drop=0.00001763 ask_drop=0.00027202
2026-07-08T17:06:37Z,319,SKIP,SKIPPED,,,,,0,radar_block,reason=momentum_too_small conf=0.0 mom_sig=0.00002112 raw_mom_bps=1.51509779 spread_bps=1.11200000 tension=0.00002112 bid_drop=0.00000000 ask_drop=0.00013727
2026-07-08T17:06:44Z,320,SKIP,SKIPPED,,,,,0,radar_block,reason=momentum_too_small conf=0.0 mom_sig=0.00002479 raw_mom_bps=0.00000000 spread_bps=1.11200000 tension=0.00002479 bid_drop=0.00000000 ask_drop=0.00016115
2026-07-08T17:06:52Z,321,SKIP,SKIPPED,,,,,0,duo_wait,reason=no_trigger mode=none
2026-07-08T17:07:00Z,322,SKIP,SKIPPED,,,,,0,duo_wait,reason=no_trigger mode=none
2026-07-08T17:07:09Z,323,SKIP,SKIPPED,,,,,0,duo_wait,reason=no_trigger mode=none
2026-07-08T17:07:16Z,324,SKIP,SKIPPED,,,,,0,radar_block,reason=momentum_too_small conf=0.0013 mom_sig=0.00076359 raw_mom_bps=0.00000000 spread_bps=0.01610000 tension=0.00076359 bid_drop=0.00496334 ask_drop=0.00179757
2026-07-08T17:07:23Z,325,SKIP,SKIPPED,,,,,0,radar_block,reason=momentum_too_small conf=0.3496 mom_sig=0.00000000 raw_mom_bps=0.00000000 spread_bps=0.01610000 tension=0.00000000 bid_drop=0.00000000 ask_drop=0.00000000
2026-07-08T17:07:30Z,326,SKIP,SKIPPED,,,,,0,radar_block,reason=momentum_too_small conf=0.0047 mom_sig=0.00282228 raw_mom_bps=0.00000000 spread_bps=0.01610000 tension=0.00282228 bid_drop=0.00009410 ask_drop=0.01834481
2026-07-08T17:07:37Z,327,SKIP,SKIPPED,,,,,0,radar_block,reason=momentum_too_small conf=0.0068 mom_sig=0.00405758 raw_mom_bps=0.00000000 spread_bps=0.01610000 tension=0.00405758 bid_drop=0.02637425 ask_drop=0.00000000
2026-07-08T17:07:45Z,328,SKIP,SKIPPED,,,,,0,radar_block,reason=momentum_too_small conf=0.0061 mom_sig=0.00365741 raw_mom_bps=0.00000000 spread_bps=0.01610000 tension=0.00365741 bid_drop=0.02377318 ask_drop=0.00009915
2026-07-08T17:07:52Z,329,SKIP,SKIPPED,,,,,0,radar_block,reason=momentum_too_small conf=0.0 mom_sig=0.00002145 raw_mom_bps=0.00000000 spread_bps=0.24150000 tension=0.00002145 bid_drop=0.00011883 ask_drop=0.00013941
2026-07-08T17:07:59Z,330,SKIP,SKIPPED,,,,,0,radar_block,reason=momentum_too_small conf=0.0 mom_sig=0.00000429 raw_mom_bps=0.00000000 spread_bps=3.71850000 tension=0.00000429 bid_drop=0.00000000 ask_drop=0.00002788
2026-07-08T17:08:07Z,331,SKIP,SKIPPED,,,,,0,tactic_mismatch,mom=short structure=long
2026-07-08T17:08:15Z,332,SKIP,SKIPPED,,,,,0,radar_block,reason=direction_unclear conf=0.1734 mom_sig=0.11528211 raw_mom_bps=0.00000000 spread_bps=1.56180000 tension=0.11528211 bid_drop=0.00000000 ask_drop=0.74933372
2026-07-08T17:08:22Z,333,SKIP,SKIPPED,,,,,0,radar_block,reason=momentum_too_small conf=0.0001 mom_sig=0.00005783 raw_mom_bps=0.00000000 spread_bps=1.56180000 tension=0.00005783 bid_drop=0.00000000 ask_drop=0.00037592
2026-07-08T17:08:29Z,334,SKIP,SKIPPED,,,,,0,radar_block,reason=momentum_too_small conf=0.0001 mom_sig=0.00008364 raw_mom_bps=0.00000000 spread_bps=1.56180000 tension=0.00008364 bid_drop=0.00000000 ask_drop=0.00054363
2026-07-08T17:08:37Z,335,SKIP,SKIPPED,,,,,0,radar_block,reason=momentum_too_small conf=0.3426 mom_sig=0.00000000 raw_mom_bps=-1.22368277 spread_bps=0.33820000 tension=0.00000000 bid_drop=0.00000000 ask_drop=0.00000000
2026-07-08T17:08:45Z,336,SKIP,SKIPPED,,,,,0,duo_wait,reason=no_trigger mode=none
2026-07-08T17:08:53Z,337,SKIP,SKIPPED,,,,,0,duo_wait,reason=no_trigger mode=none
2026-07-08T17:09:00Z,338,SKIP,SKIPPED,,,,,0,impulse_resonance_wait,reason=wall_not_collapsed tension=0.68524300 bid_drop=4.45407952 ask_drop=0.00000000
2026-07-08T17:09:07Z,339,SKIP,SKIPPED,,,,,0,impulse_resonance_wait,reason=wall_not_collapsed tension=0.89910965 bid_drop=1.49557999 ask_drop=5.84421270
2026-07-08T17:09:14Z,340,SKIP,SKIPPED,,,,,0,radar_block,reason=momentum_too_small conf=0.0001 mom_sig=0.00004047 raw_mom_bps=0.00000000 spread_bps=1.75520000 tension=0.00004047 bid_drop=0.00000000 ask_drop=0.00026307
2026-07-08T17:09:22Z,341,SKIP,SKIPPED,,,,,0,radar_block,reason=momentum_too_small conf=0.3426 mom_sig=0.00000000 raw_mom_bps=-1.77133655 spread_bps=0.33820000 tension=0.00000000 bid_drop=0.00000000 ask_drop=0.00000000
2026-07-08T17:09:28Z,342,SKIP,SKIPPED,,,,,0,radar_block,reason=momentum_too_small conf=0.0033 mom_sig=0.00200245 raw_mom_bps=0.00000000 spread_bps=0.33820000 tension=0.00200245 bid_drop=0.00000000 ask_drop=0.01301590
2026-07-08T17:09:35Z,343,SKIP,SKIPPED,,,,,0,impulse_resonance_wait,reason=wall_not_collapsed tension=0.94830844 bid_drop=0.00000000 ask_drop=6.16400487
2026-07-08T17:09:42Z,344,SKIP,SKIPPED,,,,,0,tactic_mismatch,mom=short structure=long
2026-07-08T17:09:49Z,345,SKIP,SKIPPED,,,,,0,radar_block,reason=momentum_too_small conf=0.0 mom_sig=0.00001413 raw_mom_bps=0.00000000 spread_bps=1.04680000 tension=0.00001413 bid_drop=0.00000000 ask_drop=0.00009186
2026-07-08T17:09:56Z,346,SKIP,SKIPPED,,,,,0,radar_block,reason=momentum_too_small conf=0.006 mom_sig=0.00359227 raw_mom_bps=0.00000000 spread_bps=0.03220000 tension=0.00359227 bid_drop=0.00000000 ask_drop=0.02334976
2026-07-08T17:10:03Z,347,SKIP,SKIPPED,,,,,0,radar_block,reason=momentum_too_small conf=0.0001 mom_sig=0.00005125 raw_mom_bps=0.00000000 spread_bps=1.06290000 tension=0.00005125 bid_drop=0.00000000 ask_drop=0.00033311
2026-07-08T17:10:10Z,348,SKIP,SKIPPED,,,,,0,impulse_resonance_wait,reason=wall_not_collapsed tension=0.20428676 bid_drop=1.32786396 ask_drop=0.00139993
2026-07-08T17:10:17Z,349,SKIP,SKIPPED,,,,,0,radar_block,reason=direction_unclear conf=0.0558 mom_sig=0.03614028 raw_mom_bps=-0.11274193 spread_bps=1.17560000 tension=0.03614028 bid_drop=0.00000000 ask_drop=0.23491179
2026-07-08T17:10:24Z,350,SKIP,SKIPPED,,,,,0,radar_block,reason=momentum_too_small conf=0.3229 mom_sig=0.00000000 raw_mom_bps=0.00000000 spread_bps=1.24000000 tension=0.00000000 bid_drop=0.00000000 ask_drop=0.00000000
2026-07-08T17:10:31Z,351,SKIP,SKIPPED,,,,,0,radar_block,reason=momentum_too_small conf=0.3229 mom_sig=0.00000000 raw_mom_bps=0.00000000 spread_bps=1.24000000 tension=0.00000000 bid_drop=0.00000000 ask_drop=0.00000000
2026-07-08T17:10:39Z,352,SKIP,SKIPPED,,,,,0,radar_block,reason=momentum_too_small conf=0.3229 mom_sig=0.00000000 raw_mom_bps=0.00000000 spread_bps=1.24000000 tension=0.00000000 bid_drop=0.00000000 ask_drop=0.00000000
2026-07-08T17:10:47Z,353,SKIP,SKIPPED,,,,,0,radar_block,reason=momentum_too_small conf=0.3222 mom_sig=0.00000000 raw_mom_bps=-0.37039602 spread_bps=1.27220000 tension=0.00000000 bid_drop=0.00000000 ask_drop=0.00000000
2026-07-08T17:10:55Z,354,SKIP,SKIPPED,,,,,0,radar_block,reason=momentum_too_small conf=0.0 mom_sig=0.00000323 raw_mom_bps=0.00000000 spread_bps=1.77140000 tension=0.00000323 bid_drop=0.00002102 ask_drop=0.00000000
2026-07-08T17:11:01Z,355,SKIP,SKIPPED,,,,,0,radar_block,reason=momentum_too_small conf=0.0 mom_sig=0.00000744 raw_mom_bps=0.00000000 spread_bps=1.77140000 tension=0.00000744 bid_drop=0.00000000 ask_drop=0.00004836
2026-07-08T17:11:08Z,356,SKIP,SKIPPED,,,,,0,impulse_resonance_wait,reason=wall_not_collapsed tension=0.27883806 bid_drop=0.00009576 ask_drop=1.81244741
2026-07-08T17:11:16Z,357,SKIP,SKIPPED,,,,,0,radar_block,reason=direction_unclear conf=0.2333 mom_sig=0.14070414 raw_mom_bps=0.00000000 spread_bps=0.08050000 tension=0.14070414 bid_drop=0.01060241 ask_drop=0.91457693
2026-07-08T17:11:25Z,358,SKIP,SKIPPED,,,,,0,duo_wait,reason=no_trigger mode=none
2026-07-08T17:11:32Z,359,SKIP,SKIPPED,,,,,0,impulse_resonance_wait,reason=wall_not_collapsed tension=0.42603975 bid_drop=0.00000000 ask_drop=2.76925837
2026-07-08T17:11:42Z,360,SKIP,SKIPPED,,,,,0,duo_wait,reason=no_trigger mode=none
2026-07-08T17:11:49Z,361,SKIP,SKIPPED,,,,,0,radar_block,reason=direction_unclear conf=0.1539 mom_sig=0.10242111 raw_mom_bps=0.00000000 spread_bps=1.57950000 tension=0.10242111 bid_drop=0.00000000 ask_drop=0.66573723
2026-07-08T17:11:56Z,362,SKIP,SKIPPED,,,,,0,radar_block,reason=momentum_too_small conf=0.0017 mom_sig=0.00111304 raw_mom_bps=0.00000000 spread_bps=1.59560000 tension=0.00111304 bid_drop=0.00723477 ask_drop=0.00000000
2026-07-08T17:12:03Z,363,SKIP,SKIPPED,,,,,0,radar_block,reason=momentum_too_small conf=0.2985 mom_sig=0.00000000 raw_mom_bps=0.00000000 spread_bps=2.35290000 tension=0.00000000 bid_drop=0.00000000 ask_drop=0.00000000
2026-07-08T17:12:12Z,364,SKIP,SKIPPED,,,,,0,duo_wait,reason=no_trigger mode=none
2026-07-08T17:12:20Z,365,SKIP,SKIPPED,,,,,0,radar_block,reason=momentum_too_small conf=0.344 mom_sig=0.00000000 raw_mom_bps=0.00000000 spread_bps=0.27400000 tension=0.00000000 bid_drop=0.00000000 ask_drop=0.00000000
2026-07-08T17:12:27Z,366,SKIP,SKIPPED,,,,,0,duo_wait,reason=no_trigger mode=none
2026-07-08T17:12:35Z,367,SKIP,SKIPPED,,,,,0,duo_wait,reason=no_trigger mode=none
2026-07-08T17:12:43Z,368,SKIP,SKIPPED,,,,,0,radar_block,reason=momentum_too_small conf=0.3225 mom_sig=0.00000000 raw_mom_bps=0.04834935 spread_bps=1.25700000 tension=0.00000000 bid_drop=0.00000000 ask_drop=0.00000000
2026-07-08T17:12:52Z,369,SKIP,SKIPPED,,,,,0,radar_block,reason=momentum_too_small conf=0.2911 mom_sig=0.00000000 raw_mom_bps=0.00000000 spread_bps=2.69080000 tension=0.00000000 bid_drop=0.00000000 ask_drop=0.00000000
2026-07-08T17:13:01Z,370,SKIP,SKIPPED,,,,,0,radar_block,reason=momentum_too_small conf=0.002 mom_sig=0.00147373 raw_mom_bps=0.00000000 spread_bps=2.72300000 tension=0.00147373 bid_drop=0.00004178 ask_drop=0.00957925
2026-07-08T17:13:09Z,371,SKIP,SKIPPED,,,,,0,impulse_resonance_wait,reason=wall_not_collapsed tension=0.48844758 bid_drop=3.17490925 ask_drop=2.87483211
2026-07-08T17:13:16Z,372,SKIP,SKIPPED,,,,,0,impulse_resonance_wait,reason=wall_not_collapsed tension=0.94191374 bid_drop=0.00000000 ask_drop=6.12243931
2026-07-08T17:13:22Z,373,SKIP,SKIPPED,,,,,0,radar_block,reason=momentum_too_small conf=0.2298 mom_sig=0.00000000 raw_mom_bps=0.00000000 spread_bps=5.49370000 tension=0.00000000 bid_drop=0.00000000 ask_drop=0.00000000
2026-07-08T17:13:40Z,374,BUY,FILLED,62070.80000000,62078.10000000,0.25130000,1.17607635,1.83449000,shock_inversion_stop,radar=short conf=0.5882 size_note=hunter_revenge_1.5x+entry_25_75_full soft=0 pct=0.01176076 tension=1.33678824 bid_drop=0.00003597 ask_drop=8.68912358
2026-07-08T17:13:59Z,375,BUY,FILLED,62077.60000000,62077.60000000,0.12560000,0.00000000,0.00000000,shock_inversion_stop,radar=short conf=0.994 size_note=hunter_revenge_1.5x+entry_25_75_full soft=1 pct=0.00000000 tension=1.21610527 bid_drop=7.90468428 ask_drop=6.07753089
2026-07-08T17:14:08Z,376,SKIP,SKIPPED,,,,,0,radar_block,reason=momentum_too_small conf=0.3479 mom_sig=0.00000000 raw_mom_bps=0.00000000 spread_bps=0.09670000 tension=0.00000000 bid_drop=0.00000000 ask_drop=0.00000000
2026-07-08T17:14:18Z,377,SKIP,SKIPPED,,,,,0,impulse_resonance_wait,reason=wall_not_collapsed tension=0.93509070 bid_drop=0.00095319 ask_drop=6.07808952
2026-07-08T17:14:37Z,378,SKIP,SKIPPED,,,,,0,radar_block,reason=momentum_too_small conf=0.3496 mom_sig=0.00000000 raw_mom_bps=0.00000000 spread_bps=0.01610000 tension=0.00000000 bid_drop=0.00000000 ask_drop=0.00000000
2026-07-08T17:14:59Z,379,SKIP,SKIPPED,,,,,0,radar_block,reason=momentum_too_small conf=0.0017 mom_sig=0.00101348 raw_mom_bps=0.00000000 spread_bps=0.09670000 tension=0.00101348 bid_drop=0.00150441 ask_drop=0.00658765
2026-07-08T17:15:17Z,380,SKIP,SKIPPED,,,,,0,duo_wait,reason=no_trigger mode=none
2026-07-08T17:15:38Z,381,SKIP,SKIPPED,,,,,0,duo_wait,reason=no_trigger mode=none
2026-07-08T17:15:45Z,382,SKIP,SKIPPED,,,,,0,radar_block,reason=momentum_too_small conf=0.0 mom_sig=0.00002073 raw_mom_bps=0.00000000 spread_bps=3.60910000 tension=0.00002073 bid_drop=0.00000000 ask_drop=0.00013475
2026-07-08T17:15:52Z,383,SKIP,SKIPPED,,,,,0,radar_block,reason=momentum_too_small conf=0.2682 mom_sig=0.00000000 raw_mom_bps=0.00000000 spread_bps=3.73790000 tension=0.00000000 bid_drop=0.00000000 ask_drop=0.00000000
2026-07-08T17:15:59Z,384,SKIP,SKIPPED,,,,,0,radar_block,reason=momentum_too_small conf=0.2682 mom_sig=0.00000000 raw_mom_bps=0.00000000 spread_bps=3.73790000 tension=0.00000000 bid_drop=0.00000000 ask_drop=0.00000000
2026-07-08T17:16:08Z,385,SKIP,SKIPPED,,,,,0,radar_block,reason=momentum_too_small conf=0.2556 mom_sig=0.00000000 raw_mom_bps=0.20945344 spread_bps=4.31770000 tension=0.00000000 bid_drop=0.00000000 ask_drop=0.00000000
2026-07-08T17:16:15Z,386,SKIP,SKIPPED,,,,,0,radar_block,reason=momentum_too_small conf=0.301 mom_sig=0.00000000 raw_mom_bps=0.00000000 spread_bps=2.23930000 tension=0.00000000 bid_drop=0.00000000 ask_drop=0.00000000
2026-07-08T17:16:22Z,387,SKIP,SKIPPED,,,,,0,radar_block,reason=momentum_too_small conf=0.2436 mom_sig=0.00000000 raw_mom_bps=0.00000000 spread_bps=4.86520000 tension=0.00000000 bid_drop=0.00000000 ask_drop=0.00000000
2026-07-08T17:16:29Z,388,SKIP,SKIPPED,,,,,0,radar_block,reason=momentum_too_small conf=0.0 mom_sig=0.00000668 raw_mom_bps=0.00000000 spread_bps=1.30470000 tension=0.00000668 bid_drop=0.00000000 ask_drop=0.00004342
2026-07-08T17:16:36Z,389,SKIP,SKIPPED,,,,,0,radar_block,reason=momentum_too_small conf=0.3218 mom_sig=0.00000000 raw_mom_bps=0.00000000 spread_bps=1.28860000 tension=0.00000000 bid_drop=0.00000000 ask_drop=0.00000000
2026-07-08T17:16:43Z,390,SKIP,SKIPPED,,,,,0,radar_block,reason=momentum_too_small conf=0.3215 mom_sig=0.00000000 raw_mom_bps=0.00000000 spread_bps=1.30470000 tension=0.00000000 bid_drop=0.00000000 ask_drop=0.00000000
2026-07-08T17:16:51Z,391,SKIP,SKIPPED,,,,,0,radar_block,reason=momentum_too_small conf=0.215 mom_sig=0.00000000 raw_mom_bps=0.00000000 spread_bps=6.16930000 tension=0.00000000 bid_drop=0.00000000 ask_drop=0.00000000
2026-07-08T17:16:59Z,392,SKIP,SKIPPED,,,,,0,radar_block,reason=momentum_too_small conf=0.0039 mom_sig=0.00256507 raw_mom_bps=0.00000000 spread_bps=1.36920000 tension=0.00256507 bid_drop=0.00029914 ask_drop=0.01667297
2026-07-08T17:17:07Z,393,SKIP,SKIPPED,,,,,0,duo_wait,reason=no_trigger mode=none
2026-07-08T17:17:14Z,394,SKIP,SKIPPED,,,,,0,impulse_resonance_wait,reason=wall_not_collapsed tension=0.34370137 bid_drop=0.00000000 ask_drop=2.23405890
2026-07-08T17:17:21Z,395,SKIP,SKIPPED,,,,,0,radar_block,reason=momentum_too_small conf=0.2193 mom_sig=0.00000000 raw_mom_bps=0.00000000 spread_bps=5.97610000 tension=0.00000000 bid_drop=0.00000000 ask_drop=0.00000000
2026-07-08T17:17:28Z,396,SKIP,SKIPPED,,,,,0,duo_wait,reason=no_trigger mode=none
2026-07-08T17:17:35Z,397,SKIP,SKIPPED,,,,,0,impulse_resonance_wait,reason=wall_not_collapsed tension=0.83358544 bid_drop=5.41830539 ask_drop=0.00000000
2026-07-08T17:17:42Z,398,SKIP,SKIPPED,,,,,0,radar_block,reason=momentum_too_small conf=0.0041 mom_sig=0.00253681 raw_mom_bps=0.00000000 spread_bps=0.41880000 tension=0.00253681 bid_drop=0.01648927 ask_drop=0.00000000
2026-07-08T17:17:50Z,399,SKIP,SKIPPED,,,,,0,radar_block,reason=momentum_too_small conf=0.3408 mom_sig=0.00000000 raw_mom_bps=0.00000000 spread_bps=0.41880000 tension=0.00000000 bid_drop=0.00000000 ask_drop=0.00000000
2026-07-08T17:17:57Z,400,SKIP,SKIPPED,,,,,0,radar_block,reason=momentum_too_small conf=0.0007 mom_sig=0.00041242 raw_mom_bps=0.00000000 spread_bps=0.41880000 tension=0.00041242 bid_drop=0.00268072 ask_drop=0.00000000
2026-07-08T17:18:04Z,401,SKIP,SKIPPED,,,,,0,radar_block,reason=momentum_too_small conf=0.0 mom_sig=0.00002127 raw_mom_bps=0.00000000 spread_bps=0.41880000 tension=0.00002127 bid_drop=0.00013825 ask_drop=0.00008539
2026-07-08T17:18:11Z,402,SKIP,SKIPPED,,,,,0,radar_block,reason=momentum_too_small conf=0.0 mom_sig=0.00002288 raw_mom_bps=0.00000000 spread_bps=0.41880000 tension=0.00002288 bid_drop=0.00014869 ask_drop=0.00000000
2026-07-08T17:18:19Z,403,SKIP,SKIPPED,,,,,0,radar_block,reason=momentum_too_small conf=0.0 mom_sig=0.00000281 raw_mom_bps=0.00000000 spread_bps=0.41880000 tension=0.00000281 bid_drop=0.00001826 ask_drop=0.00000000
2026-07-08T17:18:27Z,404,SKIP,SKIPPED,,,,,0,impulse_resonance_wait,reason=wall_not_collapsed tension=0.65885793 bid_drop=0.00015477 ask_drop=4.28257654
2026-07-08T17:18:45Z,405,SKIP,SKIPPED,,,,,0,impulse_resonance_wait,reason=wall_not_collapsed tension=0.81178570 bid_drop=5.27660707 ask_drop=0.00000000
2026-07-08T17:19:04Z,406,SKIP,SKIPPED,,,,,0,impulse_resonance_wait,reason=wall_not_collapsed tension=0.56089738 bid_drop=3.64583300 ask_drop=0.00000000
2026-07-08T17:19:27Z,407,SKIP,SKIPPED,,,,,0,impulse_resonance_wait,reason=wall_not_collapsed tension=0.42951663 bid_drop=2.79185812 ask_drop=0.00000000
2026-07-08T17:19:46Z,408,SKIP,SKIPPED,,,,,0,duo_wait,reason=no_trigger mode=none
2026-07-08T17:19:55Z,409,SKIP,SKIPPED,,,,,0,impulse_resonance_wait,reason=wall_not_collapsed tension=0.22574788 bid_drop=1.46736124 ask_drop=0.00000000
2026-07-08T17:20:02Z,410,SKIP,SKIPPED,,,,,0,radar_block,reason=momentum_too_small conf=0.2479 mom_sig=0.00000000 raw_mom_bps=2.97995377 spread_bps=4.66950000 tension=0.00000000 bid_drop=0.00000000 ask_drop=0.00000000
2026-07-08T17:20:09Z,411,SKIP,SKIPPED,,,,,0,radar_block,reason=momentum_too_small conf=0.0 mom_sig=0.00000051 raw_mom_bps=0.00000000 spread_bps=0.09660000 tension=0.00000051 bid_drop=0.00000000 ask_drop=0.00000330
2026-07-08T17:20:16Z,412,SKIP,SKIPPED,,,,,0,radar_block,reason=momentum_too_small conf=0.3208 mom_sig=0.00000000 raw_mom_bps=0.00000000 spread_bps=1.33610000 tension=0.00000000 bid_drop=0.00000000 ask_drop=0.00000000
2026-07-08T17:20:23Z,413,SKIP,SKIPPED,,,,,0,impulse_resonance_wait,reason=wall_not_collapsed tension=0.23684884 bid_drop=0.00001319 ask_drop=1.53951749
2026-07-08T17:20:30Z,414,SKIP,SKIPPED,,,,,0,impulse_resonance_wait,reason=wall_not_collapsed tension=0.32490722 bid_drop=0.00000000 ask_drop=2.11189692
2026-07-08T17:20:37Z,415,SKIP,SKIPPED,,,,,0,radar_block,reason=momentum_too_small conf=0.0 mom_sig=0.00000459 raw_mom_bps=0.00000000 spread_bps=2.15690000 tension=0.00000459 bid_drop=0.00000000 ask_drop=0.00002984
2026-07-08T17:20:44Z,416,SKIP,SKIPPED,,,,,0,impulse_resonance_wait,reason=wall_not_collapsed tension=0.82314030 bid_drop=5.35041192 ask_drop=0.00031174
2026-07-08T17:20:54Z,417,SKIP,SKIPPED,,,,,0,radar_block,reason=momentum_too_small conf=0.0019 mom_sig=0.00133356 raw_mom_bps=0.00000000 spread_bps=2.23740000 tension=0.00133356 bid_drop=0.00866811 ask_drop=0.00026200
2026-07-08T17:21:02Z,418,SKIP,SKIPPED,,,,,0,radar_block,reason=momentum_too_small conf=0.3011 mom_sig=0.00000000 raw_mom_bps=0.00000000 spread_bps=2.23740000 tension=0.00000000 bid_drop=0.00000000 ask_drop=0.00000000
2026-07-08T17:21:09Z,419,SKIP,SKIPPED,,,,,0,radar_block,reason=momentum_too_small conf=0.0 mom_sig=0.00002454 raw_mom_bps=0.00000000 spread_bps=2.23740000 tension=0.00002454 bid_drop=0.00000000 ask_drop=0.00015950
2026-07-08T17:21:16Z,420,SKIP,SKIPPED,,,,,0,radar_block,reason=momentum_too_small conf=0.0007 mom_sig=0.00045403 raw_mom_bps=0.00000000 spread_bps=2.23740000 tension=0.00045403 bid_drop=0.00000000 ask_drop=0.00295119
2026-07-08T17:21:23Z,421,SKIP,SKIPPED,,,,,0,radar_block,reason=momentum_too_small conf=0.0001 mom_sig=0.00005764 raw_mom_bps=0.00000000 spread_bps=2.23740000 tension=0.00005764 bid_drop=0.00037464 ask_drop=0.00015660
2026-07-08T17:21:30Z,422,SKIP,SKIPPED,,,,,0,radar_block,reason=momentum_too_small conf=0.0 mom_sig=0.00002614 raw_mom_bps=0.00000000 spread_bps=2.23740000 tension=0.00002614 bid_drop=0.00002793 ask_drop=0.00016993
2026-07-08T17:21:37Z,423,SKIP,SKIPPED,,,,,0,radar_block,reason=momentum_too_small conf=0.0 mom_sig=0.00001282 raw_mom_bps=0.00000000 spread_bps=2.23740000 tension=0.00001282 bid_drop=0.00000000 ask_drop=0.00008330
2026-07-08T17:21:44Z,424,SKIP,SKIPPED,,,,,0,radar_block,reason=momentum_too_small conf=0.3011 mom_sig=0.00000000 raw_mom_bps=0.00000000 spread_bps=2.23740000 tension=0.00000000 bid_drop=0.00000000 ask_drop=0.00000000
2026-07-08T17:21:51Z,425,SKIP,SKIPPED,,,,,0,impulse_resonance_wait,reason=wall_not_collapsed tension=0.82384263 bid_drop=5.35497710 ask_drop=0.00012326
2026-07-08T17:21:59Z,426,SKIP,SKIPPED,,,,,0,radar_block,reason=momentum_too_small conf=0.0 mom_sig=0.00002409 raw_mom_bps=0.00000000 spread_bps=2.23740000 tension=0.00002409 bid_drop=0.00000000 ask_drop=0.00015657
2026-07-08T17:22:06Z,427,SKIP,SKIPPED,,,,,0,radar_block,reason=momentum_too_small conf=0.0004 mom_sig=0.00025779 raw_mom_bps=0.00000000 spread_bps=0.85310000 tension=0.00025779 bid_drop=0.00167561 ask_drop=0.00007329
2026-07-08T17:22:13Z,428,SKIP,SKIPPED,,,,,0,impulse_resonance_wait,reason=wall_not_collapsed tension=0.82384119 bid_drop=5.35496771 ask_drop=0.00017329
2026-07-08T17:22:20Z,429,SKIP,SKIPPED,,,,,0,radar_block,reason=momentum_too_small conf=0.0002 mom_sig=0.00010255 raw_mom_bps=0.00000000 spread_bps=0.67610000 tension=0.00010255 bid_drop=0.00000000 ask_drop=0.00066655
2026-07-08T17:22:27Z,430,SKIP,SKIPPED,,,,,0,radar_block,reason=momentum_too_small conf=0.3313 mom_sig=0.00000000 raw_mom_bps=0.85319150 spread_bps=0.85310000 tension=0.00000000 bid_drop=0.00000000 ask_drop=0.00000000
2026-07-08T17:22:33Z,431,SKIP,SKIPPED,,,,,0,radar_block,reason=momentum_too_small conf=0.3109 mom_sig=0.00000000 raw_mom_bps=0.00000000 spread_bps=1.78670000 tension=0.00000000 bid_drop=0.00000000 ask_drop=0.00000000
2026-07-08T17:22:40Z,432,SKIP,SKIPPED,,,,,0,radar_block,reason=momentum_too_small conf=0.0057 mom_sig=0.00399184 raw_mom_bps=0.00000000 spread_bps=2.23740000 tension=0.00399184 bid_drop=0.00000000 ask_drop=0.02594695
2026-07-08T17:22:47Z,433,SKIP,SKIPPED,,,,,0,radar_block,reason=momentum_too_small conf=0.3011 mom_sig=0.00000000 raw_mom_bps=0.00000000 spread_bps=2.23740000 tension=0.00000000 bid_drop=0.00000000 ask_drop=0.00000000
2026-07-08T17:22:54Z,434,SKIP,SKIPPED,,,,,0,radar_block,reason=momentum_too_small conf=0.3011 mom_sig=0.00000000 raw_mom_bps=0.00000000 spread_bps=2.23740000 tension=0.00000000 bid_drop=0.00000000 ask_drop=0.00000000
2026-07-08T17:23:02Z,435,SKIP,SKIPPED,,,,,0,impulse_resonance_wait,reason=wall_not_collapsed tension=0.64278849 bid_drop=0.00148701 ask_drop=4.17812516
2026-07-08T17:23:09Z,436,SKIP,SKIPPED,,,,,0,duo_wait,reason=no_trigger mode=none
2026-07-08T17:23:16Z,437,SKIP,SKIPPED,,,,,0,impulse_resonance_wait,reason=wall_not_collapsed tension=0.78338316 bid_drop=0.00003745 ask_drop=5.09199055
2026-07-08T17:23:23Z,438,SKIP,SKIPPED,,,,,0,radar_block,reason=momentum_too_small conf=0.0002 mom_sig=0.00011580 raw_mom_bps=0.00000000 spread_bps=1.17500000 tension=0.00011580 bid_drop=0.00001542 ask_drop=0.00075267
2026-07-08T17:23:30Z,439,SKIP,SKIPPED,,,,,0,radar_block,reason=momentum_too_small conf=0.312 mom_sig=0.00000000 raw_mom_bps=0.00000000 spread_bps=1.73840000 tension=0.00000000 bid_drop=0.00000000 ask_drop=0.00000000
2026-07-08T17:23:37Z,440,SKIP,SKIPPED,,,,,0,radar_block,reason=momentum_too_small conf=0.0 mom_sig=0.00003081 raw_mom_bps=0.00000000 spread_bps=1.80280000 tension=0.00003081 bid_drop=0.00000000 ask_drop=0.00020028
2026-07-08T17:23:44Z,441,SKIP,SKIPPED,,,,,0,radar_block,reason=direction_unclear conf=0.0115 mom_sig=0.00822597 raw_mom_bps=0.00000000 spread_bps=2.54320000 tension=0.00822597 bid_drop=0.00000000 ask_drop=0.05346878
2026-07-08T17:23:51Z,442,SKIP,SKIPPED,,,,,0,radar_block,reason=momentum_too_small conf=0.0001 mom_sig=0.00005447 raw_mom_bps=0.00000000 spread_bps=2.54320000 tension=0.00005447 bid_drop=0.00000000 ask_drop=0.00035405
2026-07-08T17:23:59Z,443,SKIP,SKIPPED,,,,,0,radar_block,reason=momentum_too_small conf=0.0 mom_sig=0.00000925 raw_mom_bps=0.00000000 spread_bps=2.54320000 tension=0.00000925 bid_drop=0.00000000 ask_drop=0.00006012
2026-07-08T17:24:06Z,444,SKIP,SKIPPED,,,,,0,radar_block,reason=momentum_too_small conf=0.2944 mom_sig=0.00000000 raw_mom_bps=0.00000000 spread_bps=2.54320000 tension=0.00000000 bid_drop=0.00000000 ask_drop=0.00000000
2026-07-08T17:24:13Z,445,SKIP,SKIPPED,,,,,0,radar_block,reason=momentum_too_small conf=0.0001 mom_sig=0.00004625 raw_mom_bps=0.00000000 spread_bps=2.54320000 tension=0.00004625 bid_drop=0.00000000 ask_drop=0.00030062
2026-07-08T17:24:19Z,446,SKIP,SKIPPED,,,,,0,impulse_resonance_wait,reason=wall_not_collapsed tension=0.48490743 bid_drop=0.00000000 ask_drop=3.15189827
2026-07-08T17:24:26Z,447,SKIP,SKIPPED,,,,,0,radar_block,reason=momentum_too_small conf=0.0 mom_sig=0.00000271 raw_mom_bps=0.00000000 spread_bps=2.54320000 tension=0.00000271 bid_drop=0.00001764 ask_drop=0.00000000
2026-07-08T17:24:33Z,448,SKIP,SKIPPED,,,,,0,radar_block,reason=momentum_too_small conf=0.0001 mom_sig=0.00004476 raw_mom_bps=0.00000000 spread_bps=2.54320000 tension=0.00004476 bid_drop=0.00000000 ask_drop=0.00029091
2026-07-08T17:24:40Z,449,SKIP,SKIPPED,,,,,0,radar_block,reason=momentum_too_small conf=0.0001 mom_sig=0.00005754 raw_mom_bps=0.00000000 spread_bps=2.54320000 tension=0.00005754 bid_drop=0.00000000 ask_drop=0.00037403
2026-07-08T17:24:48Z,450,SKIP,SKIPPED,,,,,0,radar_block,reason=momentum_too_small conf=0.0001 mom_sig=0.00005754 raw_mom_bps=-2.54318178 spread_bps=2.54320000 tension=0.00005754 bid_drop=0.00006616 ask_drop=0.00037404
2026-07-08T17:24:55Z,451,SKIP,SKIPPED,,,,,0,radar_block,reason=momentum_too_small conf=0.0 mom_sig=0.00002132 raw_mom_bps=0.00000000 spread_bps=2.54320000 tension=0.00002132 bid_drop=0.00002205 ask_drop=0.00013859
2026-07-08T17:25:02Z,452,SKIP,SKIPPED,,,,,0,radar_block,reason=momentum_too_small conf=0.0 mom_sig=0.00003201 raw_mom_bps=0.00000000 spread_bps=2.54320000 tension=0.00003201 bid_drop=0.00000000 ask_drop=0.00020804
2026-07-08T17:25:09Z,453,SKIP,SKIPPED,,,,,0,radar_block,reason=momentum_too_small conf=0.0001 mom_sig=0.00003734 raw_mom_bps=0.00000000 spread_bps=2.54320000 tension=0.00003734 bid_drop=0.00000000 ask_drop=0.00024272
2026-07-08T17:25:16Z,454,SKIP,SKIPPED,,,,,0,radar_block,reason=momentum_too_small conf=0.0001 mom_sig=0.00005339 raw_mom_bps=0.00000000 spread_bps=2.54320000 tension=0.00005339 bid_drop=0.00002205 ask_drop=0.00034701
2026-07-08T17:25:23Z,455,SKIP,SKIPPED,,,,,0,radar_block,reason=momentum_too_small conf=0.0001 mom_sig=0.00003951 raw_mom_bps=0.00000000 spread_bps=2.54320000 tension=0.00003951 bid_drop=0.00004411 ask_drop=0.00025682
2026-07-08T17:25:30Z,456,SKIP,SKIPPED,,,,,0,radar_block,reason=momentum_too_small conf=0.0 mom_sig=0.00003319 raw_mom_bps=0.00000000 spread_bps=2.54320000 tension=0.00003319 bid_drop=0.00000000 ask_drop=0.00021574
2026-07-08T17:25:37Z,457,SKIP,SKIPPED,,,,,0,radar_block,reason=momentum_too_small conf=0.0 mom_sig=0.00003545 raw_mom_bps=0.00000000 spread_bps=2.54320000 tension=0.00003545 bid_drop=0.00000000 ask_drop=0.00023044
2026-07-08T17:25:45Z,458,SKIP,SKIPPED,,,,,0,radar_block,reason=momentum_too_small conf=0.0002 mom_sig=0.00012963 raw_mom_bps=0.00000000 spread_bps=2.54320000 tension=0.00012963 bid_drop=0.00000000 ask_drop=0.00084257
2026-07-08T17:25:52Z,459,SKIP,SKIPPED,,,,,0,radar_block,reason=direction_unclear conf=0.0134 mom_sig=0.00958917 raw_mom_bps=0.00000000 spread_bps=2.54320000 tension=0.00958917 bid_drop=0.00000000 ask_drop=0.06232960
2026-07-08T17:25:59Z,460,SKIP,SKIPPED,,,,,0,radar_block,reason=momentum_too_small conf=0.0014 mom_sig=0.00096572 raw_mom_bps=0.00000000 spread_bps=2.54320000 tension=0.00096572 bid_drop=0.00004411 ask_drop=0.00627716
2026-07-08T17:26:06Z,461,SKIP,SKIPPED,,,,,0,radar_block,reason=momentum_too_small conf=0.0 mom_sig=0.00001668 raw_mom_bps=0.00000000 spread_bps=2.54320000 tension=0.00001668 bid_drop=0.00000000 ask_drop=0.00010842
2026-07-08T17:26:13Z,462,SKIP,SKIPPED,,,,,0,radar_block,reason=momentum_too_small conf=0.0002 mom_sig=0.00013640 raw_mom_bps=0.00000000 spread_bps=2.54320000 tension=0.00013640 bid_drop=0.00088661 ask_drop=0.00013011
2026-07-08T17:26:21Z,463,SKIP,SKIPPED,,,,,0,radar_block,reason=momentum_too_small conf=0.0 mom_sig=0.00002002 raw_mom_bps=0.00000000 spread_bps=2.54320000 tension=0.00002002 bid_drop=0.00001323 ask_drop=0.00013011
2026-07-08T17:26:27Z,464,SKIP,SKIPPED,,,,,0,radar_block,reason=momentum_too_small conf=0.0 mom_sig=0.00000339 raw_mom_bps=0.00000000 spread_bps=2.54320000 tension=0.00000339 bid_drop=0.00002206 ask_drop=0.00000000
2026-07-08T17:26:35Z,465,SKIP,SKIPPED,,,,,0,radar_block,reason=momentum_too_small conf=0.0001 mom_sig=0.00005344 raw_mom_bps=0.00000000 spread_bps=2.54320000 tension=0.00005344 bid_drop=0.00000000 ask_drop=0.00034733
2026-07-08T17:26:42Z,466,SKIP,SKIPPED,,,,,0,radar_block,reason=momentum_too_small conf=0.0 mom_sig=0.00001003 raw_mom_bps=0.00000000 spread_bps=2.54320000 tension=0.00001003 bid_drop=0.00000000 ask_drop=0.00006517
2026-07-08T17:26:49Z,467,SKIP,SKIPPED,,,,,0,radar_block,reason=momentum_too_small conf=0.0001 mom_sig=0.00003788 raw_mom_bps=0.00000000 spread_bps=2.54320000 tension=0.00003788 bid_drop=0.00000000 ask_drop=0.00024621
2026-07-08T17:26:56Z,468,SKIP,SKIPPED,,,,,0,radar_block,reason=momentum_too_small conf=0.0001 mom_sig=0.00004011 raw_mom_bps=0.00000000 spread_bps=2.54320000 tension=0.00004011 bid_drop=0.00019423 ask_drop=0.00026070
2026-07-08T17:27:03Z,469,SKIP,SKIPPED,,,,,0,radar_block,reason=momentum_too_small conf=0.0038 mom_sig=0.00272840 raw_mom_bps=0.00000000 spread_bps=2.54320000 tension=0.00272840 bid_drop=0.01773457 ask_drop=0.00033313
2026-07-08T17:27:10Z,470,SKIP,SKIPPED,,,,,0,radar_block,reason=momentum_too_small conf=0.0002 mom_sig=0.00012033 raw_mom_bps=0.00000000 spread_bps=2.54320000 tension=0.00012033 bid_drop=0.00000000 ask_drop=0.00078213
2026-07-08T17:27:17Z,471,SKIP,SKIPPED,,,,,0,radar_block,reason=momentum_too_small conf=0.0001 mom_sig=0.00004150 raw_mom_bps=-2.54318178 spread_bps=2.54320000 tension=0.00004150 bid_drop=0.00000000 ask_drop=0.00026977
2026-07-08T17:27:24Z,472,SKIP,SKIPPED,,,,,0,radar_block,reason=momentum_too_small conf=0.0 mom_sig=0.00002848 raw_mom_bps=0.00000000 spread_bps=2.54320000 tension=0.00002848 bid_drop=0.00000000 ask_drop=0.00018513
2026-07-08T17:27:31Z,473,SKIP,SKIPPED,,,,,0,radar_block,reason=momentum_too_small conf=0.2944 mom_sig=0.00000000 raw_mom_bps=0.00000000 spread_bps=2.54320000 tension=0.00000000 bid_drop=0.00000000 ask_drop=0.00000000
2026-07-08T17:27:38Z,474,SKIP,SKIPPED,,,,,0,duo_wait,reason=no_trigger mode=none
2026-07-08T17:27:45Z,475,SKIP,SKIPPED,,,,,0,impulse_resonance_wait,reason=wall_not_collapsed tension=0.28905331 bid_drop=1.87884652 ask_drop=0.00020270
2026-07-08T17:28:04Z,476,BUY,FILLED,62225.20000000,62226.10000000,0.27150000,0.14463594,0.24435000,shock_inversion_stop,radar=long conf=0.991 size_note=hunter_burst_1.625x+entry_25_75_full soft=0 pct=0.00144636 tension=5.81161772 bid_drop=37.77551518 ask_drop=0.00000000
2026-07-08T17:28:11Z,477,SKIP,SKIPPED,,,,,0,radar_block,reason=momentum_too_small conf=0.0029 mom_sig=0.00174397 raw_mom_bps=0.00000000 spread_bps=0.14460000 tension=0.00174397 bid_drop=0.00000000 ask_drop=0.01133578
2026-07-08T17:28:18Z,478,SKIP,SKIPPED,,,,,0,radar_block,reason=momentum_too_small conf=0.0 mom_sig=0.00001772 raw_mom_bps=0.00000000 spread_bps=0.14460000 tension=0.00001772 bid_drop=0.00000000 ask_drop=0.00011516
2026-07-08T17:28:25Z,479,SKIP,SKIPPED,,,,,0,impulse_resonance_wait,reason=wall_not_collapsed tension=0.44168664 bid_drop=2.87096317 ask_drop=0.00000000
2026-07-08T17:28:32Z,480,SKIP,SKIPPED,,,,,0,radar_block,reason=momentum_too_small conf=0.0 mom_sig=0.00001009 raw_mom_bps=0.04820950 spread_bps=0.78740000 tension=0.00001009 bid_drop=0.00000000 ask_drop=0.00006559
2026-07-08T17:28:39Z,481,SKIP,SKIPPED,,,,,0,radar_block,reason=momentum_too_small conf=0.0 mom_sig=0.00002883 raw_mom_bps=0.00000000 spread_bps=1.60680000 tension=0.00002883 bid_drop=0.00018741 ask_drop=0.00010374
2026-07-08T17:28:47Z,482,SKIP,SKIPPED,,,,,0,radar_block,reason=momentum_too_small conf=0.0004 mom_sig=0.00030584 raw_mom_bps=0.46599595 spread_bps=1.91200000 tension=0.00030584 bid_drop=0.00198798 ask_drop=0.00000000
2026-07-08T17:28:54Z,483,SKIP,SKIPPED,,,,,0,radar_block,reason=momentum_too_small conf=0.0048 mom_sig=0.00327433 raw_mom_bps=0.00000000 spread_bps=1.91200000 tension=0.00327433 bid_drop=0.02128317 ask_drop=0.00021604
2026-07-08T17:29:01Z,484,SKIP,SKIPPED,,,,,0,impulse_resonance_wait,reason=wall_not_collapsed tension=0.28626268 bid_drop=0.00000000 ask_drop=1.86070740
2026-07-08T17:29:08Z,485,SKIP,SKIPPED,,,,,0,radar_block,reason=momentum_too_small conf=0.0 mom_sig=0.00000990 raw_mom_bps=0.00000000 spread_bps=2.84370000 tension=0.00000990 bid_drop=0.00000000 ask_drop=0.00006438
2026-07-08T17:29:32Z,486,BUY,FILLED,62225.20000000,62242.90000000,0.12530000,2.84450673,2.21781000,shock_inversion_stop,radar=long conf=0.8223 size_note=hunter_revenge_1.5x+entry_25_75_full soft=1 pct=0.02844507 tension=1.80388293 bid_drop=0.00000000 ask_drop=11.72523907
2026-07-08T17:29:40Z,487,SKIP,SKIPPED,,,,,0,radar_block,reason=momentum_too_small conf=0.0001 mom_sig=0.00004501 raw_mom_bps=0.00000000 spread_bps=0.54620000 tension=0.00004501 bid_drop=0.00029254 ask_drop=0.00025617
2026-07-08T17:29:49Z,488,SKIP,SKIPPED,,,,,0,radar_block,reason=momentum_too_small conf=0.0001 mom_sig=0.00006132 raw_mom_bps=0.00000000 spread_bps=1.17280000 tension=0.00006132 bid_drop=0.00000000 ask_drop=0.00039861
2026-07-08T17:29:59Z,489,SKIP,SKIPPED,,,,,0,radar_block,reason=momentum_too_small conf=0.0002 mom_sig=0.00009979 raw_mom_bps=0.00000000 spread_bps=1.33340000 tension=0.00009979 bid_drop=0.00000000 ask_drop=0.00064865
2026-07-08T17:30:08Z,490,SKIP,SKIPPED,,,,,0,radar_block,reason=momentum_too_small conf=0.0001 mom_sig=0.00004331 raw_mom_bps=-3.16491793 spread_bps=3.16490000 tension=0.00004331 bid_drop=0.00005683 ask_drop=0.00028154
2026-07-08T17:30:14Z,491,SKIP,SKIPPED,,,,,0,radar_block,reason=momentum_too_small conf=0.2808 mom_sig=0.00000000 raw_mom_bps=0.00000000 spread_bps=3.16490000 tension=0.00000000 bid_drop=0.00000000 ask_drop=0.00000000
2026-07-08T17:30:21Z,492,SKIP,SKIPPED,,,,,0,radar_block,reason=direction_unclear conf=0.0117 mom_sig=0.00873351 raw_mom_bps=0.00000000 spread_bps=3.16490000 tension=0.00873351 bid_drop=0.05676784 ask_drop=0.00005368
2026-07-08T17:30:28Z,493,SKIP,SKIPPED,,,,,0,radar_block,reason=momentum_too_small conf=0.0 mom_sig=0.00003306 raw_mom_bps=0.00000000 spread_bps=3.16490000 tension=0.00003306 bid_drop=0.00000000 ask_drop=0.00021490
2026-07-08T17:30:35Z,494,SKIP,SKIPPED,,,,,0,radar_block,reason=momentum_too_small conf=0.0 mom_sig=0.00002547 raw_mom_bps=0.00000000 spread_bps=2.02430000 tension=0.00002547 bid_drop=0.00000000 ask_drop=0.00016555
2026-07-08T17:30:42Z,495,SKIP,SKIPPED,,,,,0,radar_block,reason=momentum_too_small conf=0.0 mom_sig=0.00000900 raw_mom_bps=0.00000000 spread_bps=2.02430000 tension=0.00000900 bid_drop=0.00005849 ask_drop=0.00000000
2026-07-08T17:30:50Z,496,SKIP,SKIPPED,,,,,0,radar_block,reason=momentum_too_small conf=0.3057 mom_sig=0.00000000 raw_mom_bps=0.00000000 spread_bps=2.02430000 tension=0.00000000 bid_drop=0.00000000 ask_drop=0.00000000
2026-07-08T17:30:57Z,497,SKIP,SKIPPED,,,,,0,radar_block,reason=momentum_too_small conf=0.0 mom_sig=0.00002824 raw_mom_bps=3.16591992 spread_bps=3.18100000 tension=0.00002824 bid_drop=0.00000000 ask_drop=0.00018354
2026-07-08T17:31:19Z,498,BUY,FILLED,62225.10000000,62283.20000000,0.12530000,9.33706816,7.27993000,shock_inversion_stop,radar=long conf=0.6928 size_note=hunter_revenge_1.5x+entry_25_75_full soft=1 pct=0.09337068 tension=5.58050711 bid_drop=0.00000000 ask_drop=36.27329621
2026-07-08T17:31:27Z,499,SKIP,SKIPPED,,,,,0,radar_block,reason=momentum_too_small conf=0.0048 mom_sig=0.00292247 raw_mom_bps=0.00000000 spread_bps=0.35320000 tension=0.00292247 bid_drop=0.00000000 ask_drop=0.01899608
2026-07-08T17:31:35Z,500,SKIP,SKIPPED,,,,,0,llm_gate,reason=ollama_skip status=SKIP
2026-07-08T17:31:42Z,501,SKIP,SKIPPED,,,,,0,radar_block,reason=momentum_too_small conf=0.311 mom_sig=0.00000000 raw_mom_bps=-0.65832573 spread_bps=1.78220000 tension=0.00000000 bid_drop=0.00000000 ask_drop=0.00000000
2026-07-08T17:31:50Z,502,SKIP,SKIPPED,,,,,0,radar_block,reason=momentum_too_small conf=0.0 mom_sig=0.00002372 raw_mom_bps=0.00000000 spread_bps=1.89460000 tension=0.00002372 bid_drop=0.00015418 ask_drop=0.00000000
2026-07-08T17:31:57Z,503,SKIP,SKIPPED,,,,,0,radar_block,reason=momentum_too_small conf=0.0 mom_sig=0.00001594 raw_mom_bps=0.88330710 spread_bps=1.87850000 tension=0.00001594 bid_drop=0.00010362 ask_drop=0.00005099
2026-07-08T17:32:04Z,504,SKIP,SKIPPED,,,,,0,radar_block,reason=momentum_too_small conf=0.0002 mom_sig=0.00011478 raw_mom_bps=0.00000000 spread_bps=0.52980000 tension=0.00011478 bid_drop=0.00074605 ask_drop=0.00000000
2026-07-08T17:32:11Z,505,SKIP,SKIPPED,,,,,0,radar_block,reason=momentum_too_small conf=0.0 mom_sig=0.00002011 raw_mom_bps=0.00000000 spread_bps=0.01610000 tension=0.00002011 bid_drop=0.00013073 ask_drop=0.00011384
2026-07-08T17:32:18Z,506,SKIP,SKIPPED,,,,,0,radar_block,reason=momentum_too_small conf=0.0 mom_sig=0.00000159 raw_mom_bps=0.00000000 spread_bps=0.03210000 tension=0.00000159 bid_drop=0.00001034 ask_drop=0.00000000
2026-07-08T17:32:25Z,507,SKIP,SKIPPED,,,,,0,radar_block,reason=direction_unclear conf=0.1338 mom_sig=0.08034348 raw_mom_bps=0.00000000 spread_bps=0.01610000 tension=0.08034348 bid_drop=0.00000000 ask_drop=0.52223259
2026-07-08T17:32:32Z,508,SKIP,SKIPPED,,,,,0,radar_block,reason=momentum_too_small conf=0.3356 mom_sig=0.00000000 raw_mom_bps=0.00000000 spread_bps=0.65830000 tension=0.00000000 bid_drop=0.00000000 ask_drop=0.00000000
2026-07-08T17:32:39Z,509,SKIP,SKIPPED,,,,,0,radar_block,reason=momentum_too_small conf=0.0003 mom_sig=0.00016019 raw_mom_bps=0.00000000 spread_bps=0.65830000 tension=0.00016019 bid_drop=0.00104124 ask_drop=0.00000000
2026-07-08T17:32:46Z,510,SKIP,SKIPPED,,,,,0,radar_block,reason=momentum_too_small conf=0.0 mom_sig=0.00002334 raw_mom_bps=0.06422195 spread_bps=0.06420000 tension=0.00002334 bid_drop=0.00000000 ask_drop=0.00015170
2026-07-08T17:32:53Z,511,SKIP,SKIPPED,,,,,0,radar_block,reason=momentum_too_small conf=0.0 mom_sig=0.00000747 raw_mom_bps=0.00000000 spread_bps=0.16060000 tension=0.00000747 bid_drop=0.00000000 ask_drop=0.00004854
2026-07-08T17:33:00Z,512,SKIP,SKIPPED,,,,,0,radar_block,reason=direction_unclear conf=0.2542 mom_sig=0.15873650 raw_mom_bps=0.00000000 spread_bps=0.62610000 tension=0.15873650 bid_drop=0.00000000 ask_drop=1.03178727
2026-07-08T17:33:07Z,513,SKIP,SKIPPED,,,,,0,radar_block,reason=momentum_too_small conf=0.0 mom_sig=0.00002533 raw_mom_bps=0.00000000 spread_bps=0.62610000 tension=0.00002533 bid_drop=0.00000000 ask_drop=0.00016466
2026-07-08T17:33:15Z,514,SKIP,SKIPPED,,,,,0,radar_block,reason=direction_unclear conf=0.0158 mom_sig=0.00984107 raw_mom_bps=0.00000000 spread_bps=0.62610000 tension=0.00984107 bid_drop=0.03400386 ask_drop=0.06396696
2026-07-08T17:33:23Z,515,SKIP,SKIPPED,,,,,0,radar_block,reason=momentum_too_small conf=0.0001 mom_sig=0.00004573 raw_mom_bps=0.00000000 spread_bps=0.64220000 tension=0.00004573 bid_drop=0.00019692 ask_drop=0.00029723
2026-07-08T17:33:32Z,516,SKIP,SKIPPED,,,,,0,llm_gate,reason=ollama_skip status=SKIP
2026-07-08T17:33:39Z,517,SKIP,SKIPPED,,,,,0,radar_block,reason=momentum_too_small conf=0.0096 mom_sig=0.00625150 raw_mom_bps=0.00000000 spread_bps=1.30040000 tension=0.00625150 bid_drop=0.00000000 ask_drop=0.04063475
2026-07-08T17:33:47Z,518,SKIP,SKIPPED,,,,,0,radar_block,reason=direction_unclear conf=0.0173 mom_sig=0.01097590 raw_mom_bps=0.00000000 spread_bps=0.83480000 tension=0.01097590 bid_drop=0.00000000 ask_drop=0.07134337
2026-07-08T17:33:54Z,519,SKIP,SKIPPED,,,,,0,radar_block,reason=momentum_too_small conf=0.0111 mom_sig=0.00704397 raw_mom_bps=0.00000000 spread_bps=0.83480000 tension=0.00704397 bid_drop=0.00000000 ask_drop=0.04578581
2026-07-08T17:34:01Z,520,SKIP,SKIPPED,,,,,0,radar_block,reason=momentum_too_small conf=0.3089 mom_sig=0.00000000 raw_mom_bps=0.27292576 spread_bps=1.87830000 tension=0.00000000 bid_drop=0.00000000 ask_drop=0.00000000
2026-07-08T17:34:08Z,521,SKIP,SKIPPED,,,,,0,radar_block,reason=momentum_too_small conf=0.0 mom_sig=0.00000802 raw_mom_bps=0.00000000 spread_bps=1.87830000 tension=0.00000802 bid_drop=0.00005211 ask_drop=0.00000000
2026-07-08T17:34:16Z,522,SKIP,SKIPPED,,,,,0,radar_block,reason=momentum_too_small conf=0.0 mom_sig=0.00001604 raw_mom_bps=-0.57792704 spread_bps=1.30040000 tension=0.00001604 bid_drop=0.00010428 ask_drop=0.00000000
2026-07-08T17:34:24Z,523,SKIP,SKIPPED,,,,,0,radar_block,reason=momentum_too_small conf=0.3089 mom_sig=0.00000000 raw_mom_bps=0.00000000 spread_bps=1.87830000 tension=0.00000000 bid_drop=0.00000000 ask_drop=0.00000000
2026-07-08T17:34:31Z,524,SKIP,SKIPPED,,,,,0,radar_block,reason=momentum_too_small conf=0.0001 mom_sig=0.00005765 raw_mom_bps=0.00000000 spread_bps=1.76590000 tension=0.00005765 bid_drop=0.00000000 ask_drop=0.00037473
2026-07-08T17:34:38Z,525,SKIP,SKIPPED,,,,,0,impulse_resonance_wait,reason=wall_not_collapsed tension=0.70533774 bid_drop=0.00000000 ask_drop=4.58469532
2026-07-08T17:34:45Z,526,SKIP,SKIPPED,,,,,0,radar_block,reason=momentum_too_small conf=0.0002 mom_sig=0.00010265 raw_mom_bps=0.00000000 spread_bps=0.57790000 tension=0.00010265 bid_drop=0.00009425 ask_drop=0.00066722
2026-07-08T17:34:52Z,527,SKIP,SKIPPED,,,,,0,radar_block,reason=momentum_too_small conf=0.3089 mom_sig=0.00000000 raw_mom_bps=0.00000000 spread_bps=1.87830000 tension=0.00000000 bid_drop=0.00000000 ask_drop=0.00000000
2026-07-08T17:35:00Z,528,SKIP,SKIPPED,,,,,0,radar_block,reason=momentum_too_small conf=0.3089 mom_sig=0.00000000 raw_mom_bps=0.00000000 spread_bps=1.87830000 tension=0.00000000 bid_drop=0.00000000 ask_drop=0.00000000
2026-07-08T17:35:09Z,529,SKIP,SKIPPED,,,,,0,radar_block,reason=momentum_too_small conf=0.3089 mom_sig=0.00000000 raw_mom_bps=0.00000000 spread_bps=1.87830000 tension=0.00000000 bid_drop=0.00000000 ask_drop=0.00000000
2026-07-08T17:35:17Z,530,SKIP,SKIPPED,,,,,0,radar_block,reason=momentum_too_small conf=0.0102 mom_sig=0.00696068 raw_mom_bps=0.00000000 spread_bps=1.87830000 tension=0.00696068 bid_drop=0.04524444 ask_drop=0.00017340
2026-07-08T17:35:24Z,531,SKIP,SKIPPED,,,,,0,radar_block,reason=momentum_too_small conf=0.0001 mom_sig=0.00005928 raw_mom_bps=0.00000000 spread_bps=1.87830000 tension=0.00005928 bid_drop=0.00000000 ask_drop=0.00038534
2026-07-08T17:35:31Z,532,SKIP,SKIPPED,,,,,0,radar_block,reason=momentum_too_small conf=0.3342 mom_sig=0.00000000 raw_mom_bps=-0.57792704 spread_bps=0.72250000 tension=0.00000000 bid_drop=0.00000000 ask_drop=0.00000000
2026-07-08T17:35:39Z,533,SKIP,SKIPPED,,,,,0,radar_block,reason=momentum_too_small conf=0.3219 mom_sig=0.00000000 raw_mom_bps=0.00000000 spread_bps=1.28440000 tension=0.00000000 bid_drop=0.00000000 ask_drop=0.00000000
2026-07-08T17:35:46Z,534,SKIP,SKIPPED,,,,,0,radar_block,reason=momentum_too_small conf=0.3219 mom_sig=0.00000000 raw_mom_bps=0.00000000 spread_bps=1.28440000 tension=0.00000000 bid_drop=0.00000000 ask_drop=0.00000000
2026-07-08T17:35:53Z,535,SKIP,SKIPPED,,,,,0,radar_block,reason=momentum_too_small conf=0.0001 mom_sig=0.00004421 raw_mom_bps=0.00000000 spread_bps=1.30040000 tension=0.00004421 bid_drop=0.00000000 ask_drop=0.00028737
2026-07-08T17:36:00Z,536,SKIP,SKIPPED,,,,,0,radar_block,reason=momentum_too_small conf=0.3089 mom_sig=0.00000000 raw_mom_bps=0.00000000 spread_bps=1.87830000 tension=0.00000000 bid_drop=0.00000000 ask_drop=0.00000000
2026-07-08T17:36:07Z,537,SKIP,SKIPPED,,,,,0,radar_block,reason=momentum_too_small conf=0.0003 mom_sig=0.00020866 raw_mom_bps=0.00000000 spread_bps=1.87830000 tension=0.00020866 bid_drop=0.00135628 ask_drop=0.00000000
2026-07-08T17:36:15Z,538,SKIP,SKIPPED,,,,,0,radar_block,reason=momentum_too_small conf=0.0001 mom_sig=0.00004687 raw_mom_bps=0.00000000 spread_bps=1.87830000 tension=0.00004687 bid_drop=0.00000000 ask_drop=0.00030466
2026-07-08T17:36:22Z,539,SKIP,SKIPPED,,,,,0,radar_block,reason=momentum_too_small conf=0.3089 mom_sig=0.00000000 raw_mom_bps=1.87861573 spread_bps=1.87830000 tension=0.00000000 bid_drop=0.00000000 ask_drop=0.00000000
2026-07-08T17:36:29Z,540,SKIP,SKIPPED,,,,,0,impulse_resonance_wait,reason=wall_not_collapsed tension=0.23535365 bid_drop=0.00000000 ask_drop=1.52979871
2026-07-08T17:36:36Z,541,SKIP,SKIPPED,,,,,0,radar_block,reason=momentum_too_small conf=0.3089 mom_sig=0.00000000 raw_mom_bps=0.00000000 spread_bps=1.87830000 tension=0.00000000 bid_drop=0.00000000 ask_drop=0.00000000
2026-07-08T17:36:43Z,542,SKIP,SKIPPED,,,,,0,radar_block,reason=direction_unclear conf=0.2147 mom_sig=0.14598594 raw_mom_bps=0.00000000 spread_bps=1.87830000 tension=0.14598594 bid_drop=0.00000000 ask_drop=0.94890858
2026-07-08T17:36:51Z,543,SKIP,SKIPPED,,,,,0,impulse_resonance_wait,reason=wall_not_collapsed tension=0.23770638 bid_drop=0.00011566 ask_drop=1.54509149
2026-07-08T17:36:59Z,544,SKIP,SKIPPED,,,,,0,radar_block,reason=momentum_too_small conf=0.0015 mom_sig=0.00099249 raw_mom_bps=0.00000000 spread_bps=1.87830000 tension=0.00099249 bid_drop=0.00000000 ask_drop=0.00645121
2026-07-08T17:37:05Z,545,SKIP,SKIPPED,,,,,0,radar_block,reason=momentum_too_small conf=0.0 mom_sig=0.00002912 raw_mom_bps=0.00000000 spread_bps=1.65350000 tension=0.00002912 bid_drop=0.00018926 ask_drop=0.00000000
2026-07-08T17:37:12Z,546,SKIP,SKIPPED,,,,,0,radar_block,reason=momentum_too_small conf=0.0008 mom_sig=0.00049333 raw_mom_bps=0.00000000 spread_bps=0.22470000 tension=0.00049333 bid_drop=0.00000000 ask_drop=0.00320666
2026-07-08T17:37:19Z,547,SKIP,SKIPPED,,,,,0,radar_block,reason=momentum_too_small conf=0.0001 mom_sig=0.00006360 raw_mom_bps=0.00000000 spread_bps=0.22470000 tension=0.00006360 bid_drop=0.00000000 ask_drop=0.00041340
2026-07-08T17:37:27Z,548,SKIP,SKIPPED,,,,,0,radar_block,reason=direction_unclear conf=0.0879 mom_sig=0.05976964 raw_mom_bps=-1.87826288 spread_bps=1.87830000 tension=0.05976964 bid_drop=0.00147204 ask_drop=0.38850267
2026-07-08T17:37:34Z,549,SKIP,SKIPPED,,,,,0,radar_block,reason=momentum_too_small conf=0.3089 mom_sig=0.00000000 raw_mom_bps=0.00000000 spread_bps=1.87830000 tension=0.00000000 bid_drop=0.00000000 ask_drop=0.00000000
2026-07-08T17:37:42Z,550,SKIP,SKIPPED,,,,,0,radar_block,reason=momentum_too_small conf=0.0039 mom_sig=0.00301365 raw_mom_bps=6.64740952 spread_bps=3.41780000 tension=0.00301365 bid_drop=0.01958873 ask_drop=0.00001157
2026-07-08T17:37:50Z,551,SKIP,SKIPPED,,,,,0,llm_gate,reason=ollama_skip status=SKIP
2026-07-08T17:37:58Z,552,SKIP,SKIPPED,,,,,0,radar_block,reason=momentum_too_small conf=0.0001 mom_sig=0.00005138 raw_mom_bps=0.96257971 spread_bps=0.01600000 tension=0.00005138 bid_drop=0.00000000 ask_drop=0.00033400
2026-07-08T17:38:06Z,553,SKIP,SKIPPED,,,,,0,llm_gate,reason=ollama_skip status=SKIP
2026-07-08T17:38:13Z,554,SKIP,SKIPPED,,,,,0,impulse_resonance_wait,reason=wall_not_collapsed tension=0.34185353 bid_drop=0.00000000 ask_drop=2.22204793
2026-07-08T17:38:20Z,555,SKIP,SKIPPED,,,,,0,radar_block,reason=momentum_too_small conf=0.0 mom_sig=0.00001713 raw_mom_bps=0.00000000 spread_bps=0.16040000 tension=0.00001713 bid_drop=0.00000000 ask_drop=0.00011133
2026-07-08T17:38:27Z,556,SKIP,SKIPPED,,,,,0,radar_block,reason=momentum_too_small conf=0.0 mom_sig=0.00001953 raw_mom_bps=0.00000000 spread_bps=0.16040000 tension=0.00001953 bid_drop=0.00000000 ask_drop=0.00012692
2026-07-08T17:38:34Z,557,SKIP,SKIPPED,,,,,0,impulse_resonance_wait,reason=wall_not_collapsed tension=0.40899268 bid_drop=2.65845241 ask_drop=0.00000000
2026-07-08T17:38:41Z,558,SKIP,SKIPPED,,,,,0,radar_block,reason=momentum_too_small conf=0.3465 mom_sig=0.00000000 raw_mom_bps=0.00000000 spread_bps=0.16040000 tension=0.00000000 bid_drop=0.00000000 ask_drop=0.00000000
2026-07-08T17:38:59Z,559,BUY,FILLED,62353.30000000,62352.30000000,0.25000000,-0.16037644,-0.25000000,shock_inversion_stop,radar=long conf=0.99 size_note=hunter_revenge_1.5x+entry_25_75_full soft=0 pct=-0.00160376 tension=1.46584493 bid_drop=9.52799202 ask_drop=0.00000000
2026-07-08T17:39:07Z,560,SKIP,SKIPPED,,,,,0,radar_block,reason=momentum_too_small conf=0.0001 mom_sig=0.00006341 raw_mom_bps=0.00000000 spread_bps=0.16040000 tension=0.00006341 bid_drop=0.00041215 ask_drop=0.00000000
2026-07-08T17:39:14Z,561,SKIP,SKIPPED,,,,,0,radar_block,reason=momentum_too_small conf=0.0003 mom_sig=0.00017541 raw_mom_bps=0.00000000 spread_bps=0.20850000 tension=0.00017541 bid_drop=0.00114014 ask_drop=0.00000000
2026-07-08T17:39:21Z,562,SKIP,SKIPPED,,,,,0,radar_block,reason=momentum_too_small conf=0.0 mom_sig=0.00000727 raw_mom_bps=0.00000000 spread_bps=0.20850000 tension=0.00000727 bid_drop=0.00004723 ask_drop=0.00000000
2026-07-08T17:39:40Z,563,BUY,FILLED,62352.00000000,62352.00000000,0.12500000,0.00000000,0.00000000,shock_inversion_stop,radar=long conf=0.987 size_note=hunter_revenge_1.5x+entry_25_75_full soft=1 pct=0.00000000 tension=3.20645367 bid_drop=20.84194884 ask_drop=0.00000000
2026-07-08T17:39:48Z,564,SKIP,SKIPPED,,,,,0,radar_block,reason=momentum_too_small conf=0.3454 mom_sig=0.00000000 raw_mom_bps=0.00000000 spread_bps=0.20850000 tension=0.00000000 bid_drop=0.00000000 ask_drop=0.00000000
2026-07-08T17:39:55Z,565,SKIP,SKIPPED,,,,,0,radar_block,reason=momentum_too_small conf=0.0001 mom_sig=0.00006310 raw_mom_bps=0.00000000 spread_bps=0.22450000 tension=0.00006310 bid_drop=0.00000000 ask_drop=0.00041016
2026-07-08T17:40:02Z,566,SKIP,SKIPPED,,,,,0,radar_block,reason=momentum_too_small conf=0.3451 mom_sig=0.00000000 raw_mom_bps=0.00000000 spread_bps=0.22450000 tension=0.00000000 bid_drop=0.00000000 ask_drop=0.00000000
2026-07-08T17:40:09Z,567,SKIP,SKIPPED,,,,,0,radar_block,reason=momentum_too_small conf=0.0002 mom_sig=0.00012621 raw_mom_bps=0.00000000 spread_bps=0.22450000 tension=0.00012621 bid_drop=0.00082037 ask_drop=0.00000000
2026-07-08T17:40:16Z,568,SKIP,SKIPPED,,,,,0,radar_block,reason=momentum_too_small conf=0.0002 mom_sig=0.00010673 raw_mom_bps=0.00000000 spread_bps=0.22450000 tension=0.00010673 bid_drop=0.00069377 ask_drop=0.00000000
2026-07-08T17:40:23Z,569,SKIP,SKIPPED,,,,,0,radar_block,reason=momentum_too_small conf=0.0004 mom_sig=0.00024444 raw_mom_bps=0.00000000 spread_bps=0.22450000 tension=0.00024444 bid_drop=0.00158884 ask_drop=0.00000000
2026-07-08T17:40:30Z,570,SKIP,SKIPPED,,,,,0,impulse_resonance_wait,reason=wall_not_collapsed tension=0.78192653 bid_drop=5.08252243 ask_drop=0.00000000
2026-07-08T17:40:37Z,571,SKIP,SKIPPED,,,,,0,radar_block,reason=momentum_too_small conf=0.0001 mom_sig=0.00006710 raw_mom_bps=-0.22452665 spread_bps=0.22450000 tension=0.00006710 bid_drop=0.00030497 ask_drop=0.00043616
2026-07-08T17:40:45Z,572,SKIP,SKIPPED,,,,,0,impulse_resonance_wait,reason=wall_not_collapsed tension=0.53797612 bid_drop=0.00000000 ask_drop=3.49684475
2026-07-08T17:40:52Z,573,SKIP,SKIPPED,,,,,0,impulse_resonance_wait,reason=wall_not_collapsed tension=0.53797153 bid_drop=2.19980417 ask_drop=3.49681496
2026-07-08T17:40:59Z,574,SKIP,SKIPPED,,,,,0,radar_block,reason=momentum_too_small conf=0.0018 mom_sig=0.00110931 raw_mom_bps=0.00000000 spread_bps=0.14440000 tension=0.00110931 bid_drop=0.00721052 ask_drop=0.00000000
2026-07-08T17:41:06Z,575,SKIP,SKIPPED,,,,,0,radar_block,reason=momentum_too_small conf=0.3496 mom_sig=0.00000000 raw_mom_bps=0.00000000 spread_bps=0.01600000 tension=0.00000000 bid_drop=0.00000000 ask_drop=0.00000000
2026-07-08T17:41:13Z,576,SKIP,SKIPPED,,,,,0,radar_block,reason=momentum_too_small conf=0.3125 mom_sig=0.00000000 raw_mom_bps=0.00000000 spread_bps=1.71600000 tension=0.00000000 bid_drop=0.00000000 ask_drop=0.00000000
2026-07-08T17:41:21Z,577,SKIP,SKIPPED,,,,,0,radar_block,reason=momentum_too_small conf=0.0 mom_sig=0.00000888 raw_mom_bps=0.00000000 spread_bps=2.37360000 tension=0.00000888 bid_drop=0.00005769 ask_drop=0.00000000
2026-07-08T17:41:28Z,578,SKIP,SKIPPED,,,,,0,radar_block,reason=momentum_too_small conf=0.3451 mom_sig=0.00000000 raw_mom_bps=0.00000000 spread_bps=0.22450000 tension=0.00000000 bid_drop=0.00000000 ask_drop=0.00000000
2026-07-08T17:41:36Z,579,SKIP,SKIPPED,,,,,0,radar_block,reason=momentum_too_small conf=0.2672 mom_sig=0.00000000 raw_mom_bps=0.00000000 spread_bps=3.78540000 tension=0.00000000 bid_drop=0.00000000 ask_drop=0.00000000
2026-07-08T17:41:53Z,580,BUY,FILLED,62353.40000000,62316.90000000,0.06250000,-5.85373051,-2.28125000,shock_inversion_stop,radar=short conf=0.7444 size_note=hunter_revenge_1.5x+entry_25_75_trap soft=1 pct=-0.05853731 tension=1.48285546 bid_drop=9.63856049 ask_drop=0.00000000
2026-07-08T17:42:02Z,581,SKIP,SKIPPED,,,,,0,tactic_mismatch,mom=long structure=short
2026-07-08T17:42:09Z,582,SKIP,SKIPPED,,,,,0,radar_block,reason=momentum_too_small conf=0.2531 mom_sig=0.00000000 raw_mom_bps=0.00000000 spread_bps=4.42800000 tension=0.00000000 bid_drop=0.00000000 ask_drop=0.00000000
2026-07-08T17:42:16Z,583,SKIP,SKIPPED,,,,,0,impulse_resonance_wait,reason=wall_not_collapsed tension=0.46559562 bid_drop=0.00004113 ask_drop=3.02637155
2026-07-08T17:42:24Z,584,SKIP,SKIPPED,,,,,0,radar_block,reason=direction_unclear conf=0.1543 mom_sig=0.17610229 raw_mom_bps=0.00000000 spread_bps=7.58610000 tension=0.17610229 bid_drop=1.14466488 ask_drop=0.00000000
2026-07-08T17:42:31Z,585,SKIP,SKIPPED,,,,,0,radar_block,reason=momentum_too_small conf=0.0 mom_sig=0.00002408 raw_mom_bps=0.00000000 spread_bps=7.98670000 tension=0.00002408 bid_drop=0.00015653 ask_drop=0.00000000
2026-07-08T17:42:38Z,586,SKIP,SKIPPED,,,,,0,radar_block,reason=momentum_too_small conf=0.0 mom_sig=0.00000993 raw_mom_bps=0.00000000 spread_bps=7.98670000 tension=0.00000993 bid_drop=0.00006453 ask_drop=0.00000000
2026-07-08T17:42:46Z,587,SKIP,SKIPPED,,,,,0,radar_block,reason=spread_too_wide conf=0.0 mom_sig=0.00000000 raw_mom_bps=0.00000000 spread_bps=8.54810000 tension=0.00000000 bid_drop=0.00000000 ask_drop=0.00000000
2026-07-08T17:42:53Z,588,SKIP,SKIPPED,,,,,0,radar_block,reason=momentum_too_small conf=0.2223 mom_sig=0.00000000 raw_mom_bps=0.00000000 spread_bps=5.83890000 tension=0.00000000 bid_drop=0.00000000 ask_drop=0.00000000
2026-07-08T17:43:00Z,589,SKIP,SKIPPED,,,,,0,stase_ecoute,reason=spread_or_volat_not_cold spread_bps=5.83890000 volat=0.00000000
2026-07-08T17:43:07Z,590,SKIP,SKIPPED,,,,,0,impulse_resonance_wait,reason=wall_not_collapsed tension=0.78736188 bid_drop=5.11785222 ask_drop=3.20451794
2026-07-08T17:43:15Z,591,SKIP,SKIPPED,,,,,0,radar_block,reason=momentum_too_small conf=0.0001 mom_sig=0.00003824 raw_mom_bps=0.00000000 spread_bps=0.01610000 tension=0.00003824 bid_drop=0.00000000 ask_drop=0.00024857
2026-07-08T17:43:22Z,592,SKIP,SKIPPED,,,,,0,radar_block,reason=momentum_too_small conf=0.0 mom_sig=0.00001117 raw_mom_bps=0.00000000 spread_bps=0.01610000 tension=0.00001117 bid_drop=0.00007261 ask_drop=0.00000000
2026-07-08T17:43:29Z,593,SKIP,SKIPPED,,,,,0,radar_block,reason=direction_unclear conf=0.0707 mom_sig=0.04246093 raw_mom_bps=0.00000000 spread_bps=0.01610000 tension=0.04246093 bid_drop=0.27599605 ask_drop=0.00000000
2026-07-08T17:43:50Z,594,BUY,FILLED,62249.00000000,62248.70000000,0.12530000,-0.04819355,-0.03759000,shock_inversion_stop,radar=short conf=0.999 size_note=hunter_revenge_1.5x+entry_25_75_full soft=1 pct=-0.00048194 tension=1.17632850 bid_drop=7.64613526 ask_drop=0.00000000
2026-07-08T17:43:58Z,595,SKIP,SKIPPED,,,,,0,radar_block,reason=momentum_too_small conf=0.3496 mom_sig=0.00000000 raw_mom_bps=0.00000000 spread_bps=0.01610000 tension=0.00000000 bid_drop=0.00000000 ask_drop=0.00000000
2026-07-08T17:44:05Z,596,SKIP,SKIPPED,,,,,0,impulse_resonance_wait,reason=wall_not_collapsed tension=0.29151446 bid_drop=1.89484401 ask_drop=0.00000000
2026-07-08T17:44:13Z,597,SKIP,SKIPPED,,,,,0,radar_block,reason=momentum_too_small conf=0.3496 mom_sig=0.00000000 raw_mom_bps=0.00000000 spread_bps=0.01610000 tension=0.00000000 bid_drop=0.00000000 ask_drop=0.00000000
2026-07-08T17:44:20Z,598,SKIP,SKIPPED,,,,,0,radar_block,reason=momentum_too_small conf=0.3405 mom_sig=0.00000000 raw_mom_bps=0.00000000 spread_bps=0.43370000 tension=0.00000000 bid_drop=0.00000000 ask_drop=0.00000000
2026-07-08T17:44:28Z,599,SKIP,SKIPPED,,,,,0,radar_block,reason=momentum_too_small conf=0.3405 mom_sig=0.00000000 raw_mom_bps=0.00000000 spread_bps=0.43370000 tension=0.00000000 bid_drop=0.00000000 ask_drop=0.00000000
2026-07-08T17:44:36Z,600,SKIP,SKIPPED,,,,,0,radar_block,reason=momentum_too_small conf=0.0 mom_sig=0.00001430 raw_mom_bps=0.00000000 spread_bps=0.41770000 tension=0.00001430 bid_drop=0.00009296 ask_drop=0.00000000
2026-07-08T17:44:44Z,601,SKIP,SKIPPED,,,,,0,radar_block,reason=momentum_too_small conf=0.3409 mom_sig=0.00000000 raw_mom_bps=0.00000000 spread_bps=0.41770000 tension=0.00000000 bid_drop=0.00000000 ask_drop=0.00000000
2026-07-08T17:44:51Z,602,SKIP,SKIPPED,,,,,0,radar_block,reason=momentum_too_small conf=0.0 mom_sig=0.00001285 raw_mom_bps=0.00000000 spread_bps=0.41770000 tension=0.00001285 bid_drop=0.00008351 ask_drop=0.00000000
2026-07-08T17:44:59Z,603,SKIP,SKIPPED,,,,,0,radar_block,reason=momentum_too_small conf=0.3349 mom_sig=0.00000000 raw_mom_bps=0.00000000 spread_bps=0.69080000 tension=0.00000000 bid_drop=0.00000000 ask_drop=0.00000000
2026-07-08T17:45:06Z,604,SKIP,SKIPPED,,,,,0,radar_block,reason=momentum_too_small conf=0.0 mom_sig=0.00001198 raw_mom_bps=0.00000000 spread_bps=1.42970000 tension=0.00001198 bid_drop=0.00000000 ask_drop=0.00007790
2026-07-08T17:45:14Z,605,SKIP,SKIPPED,,,,,0,radar_block,reason=momentum_too_small conf=0.0003 mom_sig=0.00017199 raw_mom_bps=0.00000000 spread_bps=1.42970000 tension=0.00017199 bid_drop=0.00111796 ask_drop=0.00007746
2026-07-08T17:45:22Z,606,SKIP,SKIPPED,,,,,0,radar_block,reason=momentum_too_small conf=0.0001 mom_sig=0.00005782 raw_mom_bps=-0.62651810 spread_bps=1.42970000 tension=0.00005782 bid_drop=0.00037584 ask_drop=0.00000000
2026-07-08T17:45:30Z,607,SKIP,SKIPPED,,,,,0,impulse_resonance_wait,reason=wall_not_collapsed tension=0.63271799 bid_drop=4.11266696 ask_drop=0.00000000
2026-07-08T17:45:38Z,608,SKIP,SKIPPED,,,,,0,radar_block,reason=momentum_too_small conf=0.0002 mom_sig=0.00011624 raw_mom_bps=0.00000000 spread_bps=2.63460000 tension=0.00011624 bid_drop=0.00075554 ask_drop=0.00000000
2026-07-08T17:45:48Z,609,SKIP,SKIPPED,,,,,0,llm_gate,reason=ollama_skip status=SKIP
2026-07-08T17:45:56Z,610,SKIP,SKIPPED,,,,,0,radar_block,reason=momentum_too_small conf=0.0001 mom_sig=0.00008315 raw_mom_bps=0.00000000 spread_bps=0.48200000 tension=0.00008315 bid_drop=0.00054050 ask_drop=0.00000000
2026-07-08T17:46:04Z,611,SKIP,SKIPPED,,,,,0,radar_block,reason=momentum_too_small conf=0.0001 mom_sig=0.00003764 raw_mom_bps=0.00000000 spread_bps=0.54630000 tension=0.00003764 bid_drop=0.00024466 ask_drop=0.00000000
2026-07-08T17:46:11Z,612,SKIP,SKIPPED,,,,,0,radar_block,reason=momentum_too_small conf=0.0 mom_sig=0.00001325 raw_mom_bps=0.00000000 spread_bps=0.56240000 tension=0.00001325 bid_drop=0.00008514 ask_drop=0.00008612
2026-07-08T17:46:19Z,613,SKIP,SKIPPED,,,,,0,radar_block,reason=momentum_too_small conf=0.2815 mom_sig=0.00000000 raw_mom_bps=0.00000000 spread_bps=3.13260000 tension=0.00000000 bid_drop=0.00000000 ask_drop=0.00000000
2026-07-08T17:46:26Z,614,SKIP,SKIPPED,,,,,0,radar_block,reason=momentum_too_small conf=0.2762 mom_sig=0.00000000 raw_mom_bps=0.00000000 spread_bps=3.37350000 tension=0.00000000 bid_drop=0.00000000 ask_drop=0.00000000
2026-07-08T17:46:34Z,615,SKIP,SKIPPED,,,,,0,impulse_resonance_wait,reason=wall_not_collapsed tension=0.74822314 bid_drop=4.86345040 ask_drop=0.00000000
2026-07-08T17:46:42Z,616,SKIP,SKIPPED,,,,,0,radar_block,reason=momentum_too_small conf=0.3377 mom_sig=0.00000000 raw_mom_bps=-0.56241524 spread_bps=0.56240000 tension=0.00000000 bid_drop=0.00000000 ask_drop=0.00000000
2026-07-08T17:46:49Z,617,SKIP,SKIPPED,,,,,0,radar_block,reason=momentum_too_small conf=0.3444 mom_sig=0.00000000 raw_mom_bps=0.00000000 spread_bps=0.25700000 tension=0.00000000 bid_drop=0.00000000 ask_drop=0.00000000
2026-07-08T17:46:57Z,618,SKIP,SKIPPED,,,,,0,radar_block,reason=momentum_too_small conf=0.0001 mom_sig=0.00009069 raw_mom_bps=-0.01606490 spread_bps=1.73500000 tension=0.00009069 bid_drop=0.00058948 ask_drop=0.00000000
2026-07-08T17:47:05Z,619,SKIP,SKIPPED,,,,,0,duo_wait,reason=no_trigger mode=none
2026-07-08T17:47:13Z,620,SKIP,SKIPPED,,,,,0,radar_block,reason=momentum_too_small conf=0.0001 mom_sig=0.00007141 raw_mom_bps=0.00000000 spread_bps=2.65060000 tension=0.00007141 bid_drop=0.00000000 ask_drop=0.00046417
2026-07-08T17:47:21Z,621,SKIP,SKIPPED,,,,,0,radar_block,reason=momentum_too_small conf=0.3373 mom_sig=0.00000000 raw_mom_bps=0.00000000 spread_bps=0.57850000 tension=0.00000000 bid_drop=0.00000000 ask_drop=0.00000000
2026-07-08T17:47:28Z,622,SKIP,SKIPPED,,,,,0,radar_block,reason=momentum_too_small conf=0.3465 mom_sig=0.00000000 raw_mom_bps=0.00000000 spread_bps=0.16070000 tension=0.00000000 bid_drop=0.00000000 ask_drop=0.00000000
2026-07-08T17:47:36Z,623,SKIP,SKIPPED,,,,,0,impulse_resonance_wait,reason=wall_not_collapsed tension=0.46812780 bid_drop=3.04283069 ask_drop=0.00000000
2026-07-08T17:47:43Z,624,SKIP,SKIPPED,,,,,0,radar_block,reason=momentum_too_small conf=0.3458 mom_sig=0.00000000 raw_mom_bps=0.00000000 spread_bps=0.19280000 tension=0.00000000 bid_drop=0.00000000 ask_drop=0.00000000
2026-07-08T17:47:52Z,625,SKIP,SKIPPED,,,,,0,impulse_resonance_wait,reason=wall_not_collapsed tension=0.45639701 bid_drop=2.96658059 ask_drop=0.00000000
2026-07-08T17:48:00Z,626,SKIP,SKIPPED,,,,,0,radar_block,reason=momentum_too_small conf=0.3493 mom_sig=0.00000000 raw_mom_bps=0.00000000 spread_bps=0.03210000 tension=0.00000000 bid_drop=0.00000000 ask_drop=0.00000000
2026-07-08T17:48:08Z,627,SKIP,SKIPPED,,,,,0,radar_block,reason=momentum_too_small conf=0.0 mom_sig=0.00002308 raw_mom_bps=0.00000000 spread_bps=0.03210000 tension=0.00002308 bid_drop=0.00015003 ask_drop=0.00000000
2026-07-08T17:48:16Z,628,SKIP,SKIPPED,,,,,0,impulse_resonance_wait,reason=wall_not_collapsed tension=0.47502317 bid_drop=3.08765060 ask_drop=0.00000000
2026-07-08T17:48:30Z,629,SKIP,SKIPPED,,,,,0,radar_block,reason=direction_unclear conf=0.026 mom_sig=0.01566357 raw_mom_bps=0.00000000 spread_bps=0.04820000 tension=0.01566357 bid_drop=0.00034135 ask_drop=0.10181318
2026-07-08T17:48:44Z,630,SKIP,SKIPPED,,,,,0,duo_wait,reason=no_trigger mode=none
2026-07-08T17:48:52Z,631,SKIP,SKIPPED,,,,,0,radar_block,reason=momentum_too_small conf=0.0001 mom_sig=0.00007764 raw_mom_bps=-2.44201814 spread_bps=2.49020000 tension=0.00007764 bid_drop=0.00050468 ask_drop=0.00000000
2026-07-08T17:49:00Z,632,SKIP,SKIPPED,,,,,0,radar_block,reason=momentum_too_small conf=0.0001 mom_sig=0.00005462 raw_mom_bps=0.00000000 spread_bps=2.49020000 tension=0.00005462 bid_drop=0.00035502 ask_drop=0.00031667
2026-07-08T17:49:08Z,633,SKIP,SKIPPED,,,,,0,radar_block,reason=momentum_too_small conf=0.0001 mom_sig=0.00008700 raw_mom_bps=0.00000000 spread_bps=2.49020000 tension=0.00008700 bid_drop=0.00009431 ask_drop=0.00056548
2026-07-08T17:49:15Z,634,SKIP,SKIPPED,,,,,0,radar_block,reason=momentum_too_small conf=0.0001 mom_sig=0.00003988 raw_mom_bps=0.00000000 spread_bps=2.97220000 tension=0.00003988 bid_drop=0.00025921 ask_drop=0.00000000
2026-07-08T17:49:22Z,635,SKIP,SKIPPED,,,,,0,radar_block,reason=momentum_too_small conf=0.2874 mom_sig=0.00000000 raw_mom_bps=0.27320033 spread_bps=2.85970000 tension=0.00000000 bid_drop=0.00000000 ask_drop=0.00000000
2026-07-08T17:49:31Z,636,SKIP,SKIPPED,,,,,0,radar_block,reason=momentum_too_small conf=0.3029 mom_sig=0.00000000 raw_mom_bps=0.00000000 spread_bps=2.15280000 tension=0.00000000 bid_drop=0.00000000 ask_drop=0.00000000
2026-07-08T17:49:40Z,637,SKIP,SKIPPED,,,,,0,duo_wait,reason=no_trigger mode=none
2026-07-08T17:49:48Z,638,SKIP,SKIPPED,,,,,0,radar_block,reason=direction_unclear conf=0.1254 mom_sig=0.07541072 raw_mom_bps=0.00000000 spread_bps=0.03210000 tension=0.07541072 bid_drop=0.00039357 ask_drop=0.49016965
2026-07-08T17:49:56Z,639,SKIP,SKIPPED,,,,,0,radar_block,reason=momentum_too_small conf=0.3345 mom_sig=0.00000000 raw_mom_bps=0.00000000 spread_bps=0.70710000 tension=0.00000000 bid_drop=0.00000000 ask_drop=0.00000000
2026-07-08T17:50:04Z,640,SKIP,SKIPPED,,,,,0,impulse_resonance_wait,reason=wall_not_collapsed tension=0.52885991 bid_drop=3.43758943 ask_drop=1.39402671
2026-07-08T17:50:11Z,641,SKIP,SKIPPED,,,,,0,radar_block,reason=momentum_too_small conf=0.0 mom_sig=0.00002728 raw_mom_bps=0.00000000 spread_bps=0.98030000 tension=0.00002728 bid_drop=0.00017735 ask_drop=0.00000000
2026-07-08T17:50:18Z,642,SKIP,SKIPPED,,,,,0,radar_block,reason=momentum_too_small conf=0.3479 mom_sig=0.00000000 raw_mom_bps=0.00000000 spread_bps=0.09640000 tension=0.00000000 bid_drop=0.00000000 ask_drop=0.00000000
2026-07-08T17:50:26Z,643,SKIP,SKIPPED,,,,,0,radar_block,reason=momentum_too_small conf=0.0001 mom_sig=0.00003231 raw_mom_bps=0.00000000 spread_bps=0.11250000 tension=0.00003231 bid_drop=0.00021002 ask_drop=0.00000000
2026-07-08T17:50:33Z,644,SKIP,SKIPPED,,,,,0,radar_block,reason=momentum_too_small conf=0.3454 mom_sig=0.00000000 raw_mom_bps=0.00000000 spread_bps=0.20890000 tension=0.00000000 bid_drop=0.00000000 ask_drop=0.00000000
2026-07-08T17:50:40Z,645,SKIP,SKIPPED,,,,,0,radar_block,reason=momentum_too_small conf=0.305 mom_sig=0.00000000 raw_mom_bps=0.00000000 spread_bps=2.05710000 tension=0.00000000 bid_drop=0.00000000 ask_drop=0.00000000
2026-07-08T17:50:47Z,646,SKIP,SKIPPED,,,,,0,tactic_mismatch,mom=long structure=short
2026-07-08T17:50:55Z,647,SKIP,SKIPPED,,,,,0,duo_wait,reason=no_trigger mode=none
2026-07-08T17:51:03Z,648,SKIP,SKIPPED,,,,,0,radar_block,reason=momentum_too_small conf=0.0 mom_sig=0.00002558 raw_mom_bps=0.00000000 spread_bps=0.94830000 tension=0.00002558 bid_drop=0.00016627 ask_drop=0.00000000
2026-07-08T17:51:11Z,649,SKIP,SKIPPED,,,,,0,duo_wait,reason=no_trigger mode=none
2026-07-08T17:51:18Z,650,SKIP,SKIPPED,,,,,0,radar_block,reason=momentum_too_small conf=0.0003 mom_sig=0.00020363 raw_mom_bps=0.00000000 spread_bps=1.44660000 tension=0.00020363 bid_drop=0.00000000 ask_drop=0.00132358
2026-07-08T17:51:26Z,651,SKIP,SKIPPED,,,,,0,radar_block,reason=momentum_too_small conf=0.0 mom_sig=0.00002211 raw_mom_bps=0.00000000 spread_bps=1.92880000 tension=0.00002211 bid_drop=0.00014371 ask_drop=0.00000000
2026-07-08T17:51:33Z,652,SKIP,SKIPPED,,,,,0,radar_block,reason=momentum_too_small conf=0.0001 mom_sig=0.00004490 raw_mom_bps=0.00000000 spread_bps=1.30230000 tension=0.00004490 bid_drop=0.00016209 ask_drop=0.00029182
2026-07-08T17:51:40Z,653,SKIP,SKIPPED,,,,,0,radar_block,reason=momentum_too_small conf=0.3247 mom_sig=0.00000000 raw_mom_bps=0.00000000 spread_bps=1.15760000 tension=0.00000000 bid_drop=0.00000000 ask_drop=0.00000000
2026-07-08T17:51:49Z,654,SKIP,SKIPPED,,,,,0,duo_wait,reason=no_trigger mode=none
2026-07-08T17:51:56Z,655,SKIP,SKIPPED,,,,,0,radar_block,reason=momentum_too_small conf=0.3447 mom_sig=0.00000000 raw_mom_bps=0.00000000 spread_bps=0.24120000 tension=0.00000000 bid_drop=0.00000000 ask_drop=0.00000000
2026-07-08T17:52:03Z,656,SKIP,SKIPPED,,,,,0,radar_block,reason=momentum_too_small conf=0.3447 mom_sig=0.00000000 raw_mom_bps=0.00000000 spread_bps=0.24120000 tension=0.00000000 bid_drop=0.00000000 ask_drop=0.00000000
2026-07-08T17:52:10Z,657,SKIP,SKIPPED,,,,,0,impulse_resonance_wait,reason=wall_not_collapsed tension=0.57298789 bid_drop=0.00000000 ask_drop=3.72442131
2026-07-08T17:52:18Z,658,SKIP,SKIPPED,,,,,0,radar_block,reason=momentum_too_small conf=0.0 mom_sig=0.00001202 raw_mom_bps=-0.14473130 spread_bps=0.73970000 tension=0.00001202 bid_drop=0.00007816 ask_drop=0.00000000
2026-07-08T17:52:25Z,659,SKIP,SKIPPED,,,,,0,impulse_resonance_wait,reason=wall_not_collapsed tension=0.97582319 bid_drop=6.34285076 ask_drop=0.00000000
2026-07-08T17:52:32Z,660,SKIP,SKIPPED,,,,,0,radar_block,reason=momentum_too_small conf=0.0 mom_sig=0.00000391 raw_mom_bps=0.00000000 spread_bps=1.04520000 tension=0.00000391 bid_drop=0.00002541 ask_drop=0.00000000
2026-07-08T17:52:40Z,661,SKIP,SKIPPED,,,,,0,radar_block,reason=momentum_too_small conf=0.3236 mom_sig=0.00000000 raw_mom_bps=0.00000000 spread_bps=1.20600000 tension=0.00000000 bid_drop=0.00000000 ask_drop=0.00000000
2026-07-08T17:52:48Z,662,SKIP,SKIPPED,,,,,0,duo_wait,reason=no_trigger mode=none
2026-07-08T17:52:55Z,663,SKIP,SKIPPED,,,,,0,radar_block,reason=momentum_too_small conf=0.3106 mom_sig=0.00000000 raw_mom_bps=0.00000000 spread_bps=1.80100000 tension=0.00000000 bid_drop=0.00000000 ask_drop=0.00000000
2026-07-08T17:53:02Z,664,SKIP,SKIPPED,,,,,0,impulse_resonance_wait,reason=wall_not_collapsed tension=0.33564464 bid_drop=2.18169015 ask_drop=0.00000000
2026-07-08T17:53:09Z,665,SKIP,SKIPPED,,,,,0,radar_block,reason=momentum_too_small conf=0.3145 mom_sig=0.00000000 raw_mom_bps=0.00000000 spread_bps=1.62420000 tension=0.00000000 bid_drop=0.00000000 ask_drop=0.00000000
2026-07-08T17:53:16Z,666,SKIP,SKIPPED,,,,,0,radar_block,reason=momentum_too_small conf=0.2951 mom_sig=0.00000000 raw_mom_bps=0.00000000 spread_bps=2.50850000 tension=0.00000000 bid_drop=0.00000000 ask_drop=0.00000000
2026-07-08T17:53:24Z,667,SKIP,SKIPPED,,,,,0,impulse_resonance_wait,reason=wall_not_collapsed tension=0.56304216 bid_drop=0.00070582 ask_drop=3.65977402
2026-07-08T17:53:31Z,668,SKIP,SKIPPED,,,,,0,impulse_resonance_wait,reason=wall_not_collapsed tension=0.41155620 bid_drop=2.67511528 ask_drop=0.00009655
2026-07-08T17:53:39Z,669,SKIP,SKIPPED,,,,,0,duo_wait,reason=no_trigger mode=none
2026-07-08T17:53:46Z,670,SKIP,SKIPPED,,,,,0,radar_block,reason=momentum_too_small conf=0.0001 mom_sig=0.00003773 raw_mom_bps=0.00000000 spread_bps=1.02940000 tension=0.00003773 bid_drop=0.00024527 ask_drop=0.00009656
2026-07-08T17:53:54Z,671,SKIP,SKIPPED,,,,,0,impulse_resonance_wait,reason=wall_not_collapsed tension=0.76838436 bid_drop=4.99449834 ask_drop=0.00000000
2026-07-08T17:54:03Z,672,SKIP,SKIPPED,,,,,0,radar_block,reason=momentum_too_small conf=0.3268 mom_sig=0.00000000 raw_mom_bps=-0.35388322 spread_bps=1.06160000 tension=0.00000000 bid_drop=0.00000000 ask_drop=0.00000000
2026-07-08T17:54:11Z,673,SKIP,SKIPPED,,,,,0,duo_wait,reason=no_trigger mode=none
2026-07-08T17:54:18Z,674,SKIP,SKIPPED,,,,,0,radar_block,reason=momentum_too_small conf=0.0001 mom_sig=0.00005212 raw_mom_bps=0.00000000 spread_bps=0.24130000 tension=0.00005212 bid_drop=0.00033875 ask_drop=0.00000000
2026-07-08T17:54:27Z,675,SKIP,SKIPPED,,,,,0,duo_wait,reason=no_trigger mode=none
2026-07-08T17:54:35Z,676,SKIP,SKIPPED,,,,,0,duo_wait,reason=no_trigger mode=none
2026-07-08T17:54:44Z,677,SKIP,SKIPPED,,,,,0,duo_wait,reason=no_trigger mode=none
2026-07-08T17:54:52Z,678,SKIP,SKIPPED,,,,,0,radar_block,reason=momentum_too_small conf=0.0036 mom_sig=0.00417927 raw_mom_bps=6.40550036 spread_bps=7.81680000 tension=0.00417927 bid_drop=0.00000000 ask_drop=0.02716528
2026-07-08T17:54:59Z,679,SKIP,SKIPPED,,,,,0,radar_block,reason=spread_too_wide conf=0.5 mom_sig=1.16740958 raw_mom_bps=0.00000000 spread_bps=8.68600000 tension=1.16740958 bid_drop=7.58816230 ask_drop=0.00000000
2026-07-08T17:55:07Z,680,SKIP,SKIPPED,,,,,0,radar_block,reason=spread_too_wide conf=0.5 mom_sig=0.81529085 raw_mom_bps=0.00000000 spread_bps=8.68600000 tension=0.81529085 bid_drop=0.00000000 ask_drop=5.29939052
2026-07-08T17:55:14Z,681,SKIP,SKIPPED,,,,,0,radar_block,reason=spread_too_wide conf=0.5 mom_sig=4.38370407 raw_mom_bps=0.00000000 spread_bps=9.26460000 tension=4.38370407 bid_drop=28.49407643 ask_drop=0.00009773
2026-07-08T17:55:23Z,682,SKIP,SKIPPED,,,,,0,radar_block,reason=spread_too_wide conf=0.0 mom_sig=0.00000000 raw_mom_bps=-4.52184324 spread_bps=9.85970000 tension=0.00000000 bid_drop=0.00000000 ask_drop=0.00000000
2026-07-08T17:55:30Z,683,SKIP,SKIPPED,,,,,0,radar_block,reason=momentum_too_small conf=0.0001 mom_sig=0.00004706 raw_mom_bps=0.00000000 spread_bps=5.30780000 tension=0.00004706 bid_drop=0.00030591 ask_drop=0.00000000
2026-07-08T17:55:37Z,684,SKIP,SKIPPED,,,,,0,radar_block,reason=spread_too_wide conf=0.0083 mom_sig=0.00991516 raw_mom_bps=0.82110927 spread_bps=9.85970000 tension=0.00991516 bid_drop=0.06444854 ask_drop=0.00370260
2026-07-08T17:55:45Z,685,SKIP,SKIPPED,,,,,0,radar_block,reason=spread_too_wide conf=0.0004 mom_sig=0.00045896 raw_mom_bps=0.00000000 spread_bps=9.87570000 tension=0.00045896 bid_drop=0.00298327 ask_drop=0.00000000
2026-07-08T17:55:53Z,686,SKIP,SKIPPED,,,,,0,radar_block,reason=direction_unclear conf=0.0231 mom_sig=0.01520272 raw_mom_bps=0.00000000 spread_bps=1.41540000 tension=0.01520272 bid_drop=0.00000000 ask_drop=0.09881769
2026-07-08T17:56:00Z,687,SKIP,SKIPPED,,,,,0,radar_block,reason=momentum_too_small conf=0.1947 mom_sig=0.00000000 raw_mom_bps=0.00000000 spread_bps=7.10140000 tension=0.00000000 bid_drop=0.00000000 ask_drop=0.00000000
2026-07-08T17:56:07Z,688,SKIP,SKIPPED,,,,,0,tactic_mismatch,mom=long structure=short
2026-07-08T17:56:15Z,689,SKIP,SKIPPED,,,,,0,radar_block,reason=spread_too_wide conf=0.5 mom_sig=0.84851398 raw_mom_bps=0.00000000 spread_bps=8.01870000 tension=0.84851398 bid_drop=5.51534089 ask_drop=0.00000000
2026-07-08T17:56:22Z,690,SKIP,SKIPPED,,,,,0,radar_block,reason=spread_too_wide conf=0.0 mom_sig=0.00000000 raw_mom_bps=-19.13983337 spread_bps=8.66280000 tension=0.00000000 bid_drop=0.00000000 ask_drop=0.00000000
2026-07-08T17:56:30Z,691,SKIP,SKIPPED,,,,,0,radar_block,reason=spread_too_wide conf=0.0 mom_sig=0.00000000 raw_mom_bps=0.00000000 spread_bps=8.93650000 tension=0.00000000 bid_drop=0.00000000 ask_drop=0.00000000
2026-07-08T17:56:37Z,692,SKIP,SKIPPED,,,,,0,radar_block,reason=spread_too_wide conf=0.2945 mom_sig=0.35338804 raw_mom_bps=-0.06446487 spread_bps=9.04920000 tension=0.35338804 bid_drop=2.29702226 ask_drop=0.00000000
2026-07-08T17:56:45Z,693,SKIP,SKIPPED,,,,,0,radar_block,reason=spread_too_wide conf=0.1502 mom_sig=0.18019490 raw_mom_bps=0.00000000 spread_bps=8.67660000 tension=0.18019490 bid_drop=1.17126686 ask_drop=0.00010902
2026-07-08T17:56:52Z,694,SKIP,SKIPPED,,,,,0,radar_block,reason=spread_too_wide conf=0.5 mom_sig=1.73459825 raw_mom_bps=7.57359683 spread_bps=9.11360000 tension=1.73459825 bid_drop=0.00000000 ask_drop=11.27488861
2026-07-08T17:57:00Z,695,SKIP,SKIPPED,,,,,0,radar_block,reason=momentum_too_small conf=0.2936 mom_sig=0.00000000 raw_mom_bps=0.00000000 spread_bps=2.57690000 tension=0.00000000 bid_drop=0.00000000 ask_drop=0.00000000
2026-07-08T17:57:07Z,696,SKIP,SKIPPED,,,,,0,radar_block,reason=momentum_too_small conf=0.0 mom_sig=0.00003688 raw_mom_bps=0.59610214 spread_bps=4.73430000 tension=0.00003688 bid_drop=0.00000000 ask_drop=0.00023969
2026-07-08T17:57:15Z,697,SKIP,SKIPPED,,,,,0,duo_wait,reason=no_trigger mode=none
2026-07-08T17:57:23Z,698,SKIP,SKIPPED,,,,,0,radar_block,reason=momentum_too_small conf=0.0002 mom_sig=0.00018981 raw_mom_bps=0.00000000 spread_bps=5.24960000 tension=0.00018981 bid_drop=0.00000000 ask_drop=0.00123378
2026-07-08T17:57:30Z,699,SKIP,SKIPPED,,,,,0,radar_block,reason=momentum_too_small conf=0.2919 mom_sig=0.00000000 raw_mom_bps=0.00000000 spread_bps=2.65680000 tension=0.00000000 bid_drop=0.00000000 ask_drop=0.00000000
2026-07-08T17:57:38Z,700,SKIP,SKIPPED,,,,,0,radar_block,reason=momentum_too_small conf=0.2059 mom_sig=0.00000000 raw_mom_bps=-0.01611604 spread_bps=6.58710000 tension=0.00000000 bid_drop=0.00000000 ask_drop=0.00000000
2026-07-08T17:57:46Z,701,SKIP,SKIPPED,,,,,0,radar_block,reason=spread_too_wide conf=0.5 mom_sig=2.04647877 raw_mom_bps=0.00000000 spread_bps=8.06760000 tension=2.04647877 bid_drop=0.00001818 ask_drop=13.30211202
2026-07-08T17:57:55Z,702,SKIP,SKIPPED,,,,,0,duo_wait,reason=no_trigger mode=none
2026-07-08T17:58:03Z,703,SKIP,SKIPPED,,,,,0,duo_wait,reason=no_trigger mode=none
2026-07-08T17:58:11Z,704,SKIP,SKIPPED,,,,,0,duo_wait,reason=no_trigger mode=none
2026-07-08T17:58:18Z,705,SKIP,SKIPPED,,,,,0,radar_block,reason=momentum_too_small conf=0.2296 mom_sig=0.00000000 raw_mom_bps=0.00000000 spread_bps=5.50380000 tension=0.00000000 bid_drop=0.00000000 ask_drop=0.00000000
2026-07-08T17:58:26Z,706,SKIP,SKIPPED,,,,,0,radar_block,reason=momentum_too_small conf=0.2296 mom_sig=0.00000000 raw_mom_bps=0.00000000 spread_bps=5.50380000 tension=0.00000000 bid_drop=0.00000000 ask_drop=0.00000000
2026-07-08T17:58:36Z,707,SKIP,SKIPPED,,,,,0,duo_wait,reason=no_trigger mode=none
2026-07-08T17:58:44Z,708,SKIP,SKIPPED,,,,,0,radar_block,reason=momentum_too_small conf=0.2887 mom_sig=0.00000000 raw_mom_bps=0.00000000 spread_bps=2.80190000 tension=0.00000000 bid_drop=0.00000000 ask_drop=0.00000000
2026-07-08T17:58:52Z,709,SKIP,SKIPPED,,,,,0,duo_wait,reason=no_trigger mode=none
2026-07-08T17:59:00Z,710,SKIP,SKIPPED,,,,,0,radar_block,reason=momentum_too_small conf=0.3465 mom_sig=0.00000000 raw_mom_bps=0.00000000 spread_bps=0.16110000 tension=0.00000000 bid_drop=0.00000000 ask_drop=0.00000000
2026-07-08T17:59:08Z,711,SKIP,SKIPPED,,,,,0,radar_block,reason=momentum_too_small conf=0.0 mom_sig=0.00001910 raw_mom_bps=-0.49929133 spread_bps=0.88580000 tension=0.00001910 bid_drop=0.00000000 ask_drop=0.00012418
2026-07-08T17:59:16Z,712,SKIP,SKIPPED,,,,,0,radar_block,reason=momentum_too_small conf=0.3215 mom_sig=0.00000000 raw_mom_bps=0.00000000 spread_bps=1.30460000 tension=0.00000000 bid_drop=0.00000000 ask_drop=0.00000000
2026-07-08T17:59:23Z,713,SKIP,SKIPPED,,,,,0,radar_block,reason=momentum_too_small conf=0.3352 mom_sig=0.00000000 raw_mom_bps=0.00000000 spread_bps=0.67640000 tension=0.00000000 bid_drop=0.00000000 ask_drop=0.00000000
2026-07-08T17:59:31Z,714,SKIP,SKIPPED,,,,,0,duo_wait,reason=no_trigger mode=none
2026-07-08T17:59:38Z,715,SKIP,SKIPPED,,,,,0,impulse_resonance_wait,reason=wall_not_collapsed tension=0.86536670 bid_drop=5.16086656 ask_drop=5.62488358
2026-07-08T17:59:45Z,716,SKIP,SKIPPED,,,,,0,radar_block,reason=momentum_too_small conf=0.0101 mom_sig=0.00643024 raw_mom_bps=0.00000000 spread_bps=0.95030000 tension=0.00643024 bid_drop=0.04179657 ask_drop=0.00000000
2026-07-08T17:59:52Z,717,SKIP,SKIPPED,,,,,0,radar_block,reason=momentum_too_small conf=0.0004 mom_sig=0.00027618 raw_mom_bps=-0.24161515 spread_bps=1.20800000 tension=0.00027618 bid_drop=0.00000000 ask_drop=0.00179516
2026-07-08T18:00:00Z,718,SKIP,SKIPPED,,,,,0,radar_block,reason=momentum_too_small conf=0.0017 mom_sig=0.00119344 raw_mom_bps=0.00000000 spread_bps=2.07770000 tension=0.00119344 bid_drop=0.00000000 ask_drop=0.00775738
2026-07-08T18:00:07Z,719,SKIP,SKIPPED,,,,,0,radar_block,reason=momentum_too_small conf=0.0003 mom_sig=0.00017623 raw_mom_bps=1.11155681 spread_bps=1.40130000 tension=0.00017623 bid_drop=0.00114552 ask_drop=0.00000000
2026-07-08T18:00:17Z,720,SKIP,SKIPPED,,,,,0,impulse_resonance_wait,reason=wall_not_collapsed tension=0.61559976 bid_drop=0.03380921 ask_drop=4.00139842
2026-07-08T18:00:29Z,721,SKIP,SKIPPED,,,,,0,radar_block,reason=direction_unclear conf=0.0127 mom_sig=0.00875587 raw_mom_bps=0.99879018 spread_bps=2.09380000 tension=0.00875587 bid_drop=0.05691315 ask_drop=0.00000000
2026-07-08T18:00:37Z,722,SKIP,SKIPPED,,,,,0,impulse_resonance_wait,reason=wall_not_collapsed tension=0.61467633 bid_drop=0.00005894 ask_drop=3.99539613
2026-07-08T18:00:44Z,723,SKIP,SKIPPED,,,,,0,radar_block,reason=momentum_too_small conf=0.0 mom_sig=0.00001561 raw_mom_bps=0.00000000 spread_bps=1.54630000 tension=0.00001561 bid_drop=0.00000000 ask_drop=0.00010147
2026-07-08T18:00:53Z,724,SKIP,SKIPPED,,,,,0,impulse_resonance_wait,reason=wall_not_collapsed tension=0.26811521 bid_drop=1.74274889 ask_drop=0.00000000
2026-07-08T18:01:01Z,725,SKIP,SKIPPED,,,,,0,duo_wait,reason=no_trigger mode=none
2026-07-08T18:01:10Z,726,SKIP,SKIPPED,,,,,0,impulse_resonance_wait,reason=wall_not_collapsed tension=0.80977239 bid_drop=0.00000000 ask_drop=5.26352054
2026-07-08T18:01:19Z,727,SKIP,SKIPPED,,,,,0,radar_block,reason=momentum_too_small conf=0.0001 mom_sig=0.00004448 raw_mom_bps=0.00000000 spread_bps=0.01610000 tension=0.00004448 bid_drop=0.00000000 ask_drop=0.00028914
2026-07-08T18:01:30Z,728,SKIP,SKIPPED,,,,,0,llm_gate,reason=ollama_skip status=SKIP
2026-07-08T18:01:38Z,729,SKIP,SKIPPED,,,,,0,radar_block,reason=momentum_too_small conf=0.0 mom_sig=0.00001762 raw_mom_bps=0.00000000 spread_bps=1.36750000 tension=0.00001762 bid_drop=0.00000000 ask_drop=0.00011453
2026-07-08T18:01:49Z,730,SKIP,SKIPPED,,,,,0,radar_block,reason=direction_unclear conf=0.0121 mom_sig=0.00807260 raw_mom_bps=0.25741972 spread_bps=1.62490000 tension=0.00807260 bid_drop=0.05247191 ask_drop=0.00027599
2026-07-08T18:02:04Z,731,SKIP,SKIPPED,,,,,0,radar_block,reason=momentum_too_small conf=0.0005 mom_sig=0.00037161 raw_mom_bps=0.24130537 spread_bps=3.65090000 tension=0.00037161 bid_drop=0.00241547 ask_drop=0.00000000
2026-07-08T18:02:12Z,732,SKIP,SKIPPED,,,,,0,radar_block,reason=momentum_too_small conf=0.0001 mom_sig=0.00003714 raw_mom_bps=0.00000000 spread_bps=0.01610000 tension=0.00003714 bid_drop=0.00014229 ask_drop=0.00024142
2026-07-08T18:02:19Z,733,SKIP,SKIPPED,,,,,0,impulse_resonance_wait,reason=wall_not_collapsed tension=0.85828953 bid_drop=4.95746321 ask_drop=5.57888192
2026-07-08T18:02:26Z,734,SKIP,SKIPPED,,,,,0,impulse_resonance_wait,reason=wall_not_collapsed tension=0.44155634 bid_drop=0.00012749 ask_drop=2.87011620
2026-07-08T18:02:36Z,735,SKIP,SKIPPED,,,,,0,llm_gate,reason=ollama_skip status=SKIP
2026-07-08T18:02:44Z,736,SKIP,SKIPPED,,,,,0,llm_gate,reason=ollama_skip status=SKIP
2026-07-08T18:02:52Z,737,SKIP,SKIPPED,,,,,0,radar_block,reason=momentum_too_small conf=0.0001 mom_sig=0.00004121 raw_mom_bps=0.00000000 spread_bps=0.01610000 tension=0.00004121 bid_drop=0.00026786 ask_drop=0.00000000
2026-07-08T18:03:01Z,738,SKIP,SKIPPED,,,,,0,radar_block,reason=momentum_too_small conf=0.0001 mom_sig=0.00004805 raw_mom_bps=0.00000000 spread_bps=0.01610000 tension=0.00004805 bid_drop=0.00031232 ask_drop=0.00000000
2026-07-08T18:03:08Z,739,SKIP,SKIPPED,,,,,0,radar_block,reason=direction_unclear conf=0.013 mom_sig=0.00937781 raw_mom_bps=0.00000000 spread_bps=2.73470000 tension=0.00937781 bid_drop=0.06095577 ask_drop=0.00000000
2026-07-08T18:03:15Z,740,SKIP,SKIPPED,,,,,0,radar_block,reason=momentum_too_small conf=0.0002 mom_sig=0.00014729 raw_mom_bps=0.00000000 spread_bps=0.06430000 tension=0.00014729 bid_drop=0.00000000 ask_drop=0.00095738
2026-07-08T18:03:25Z,741,SKIP,SKIPPED,,,,,0,llm_gate,reason=ollama_skip status=SKIP
2026-07-08T18:03:32Z,742,SKIP,SKIPPED,,,,,0,radar_block,reason=momentum_too_small conf=0.2835 mom_sig=0.00000000 raw_mom_bps=-0.32170788 spread_bps=3.03930000 tension=0.00000000 bid_drop=0.00000000 ask_drop=0.00000000
2026-07-08T18:03:40Z,743,SKIP,SKIPPED,,,,,0,radar_block,reason=momentum_too_small conf=0.2828 mom_sig=0.00000000 raw_mom_bps=0.00000000 spread_bps=3.07150000 tension=0.00000000 bid_drop=0.00000000 ask_drop=0.00000000
2026-07-08T18:03:47Z,744,SKIP,SKIPPED,,,,,0,radar_block,reason=momentum_too_small conf=0.2825 mom_sig=0.00000000 raw_mom_bps=0.01608097 spread_bps=3.08750000 tension=0.00000000 bid_drop=0.00000000 ask_drop=0.00000000
2026-07-08T18:03:56Z,745,SKIP,SKIPPED,,,,,0,llm_gate,reason=ollama_skip status=SKIP
2026-07-08T18:04:03Z,746,SKIP,SKIPPED,,,,,0,radar_block,reason=momentum_too_small conf=0.0 mom_sig=0.00001738 raw_mom_bps=0.00000000 spread_bps=3.47340000 tension=0.00001738 bid_drop=0.00000000 ask_drop=0.00011298
2026-07-08T18:04:22Z,747,BUY,FILLED,62187.80000000,62166.20000000,0.25080000,-3.47335008,-5.41728000,fluid_exit_inversion,radar=long conf=0.7829 size_note=hunter_revenge_1.5x+entry_25_75_full soft=0 pct=-0.03473350 tension=1.82287985 bid_drop=11.84871901 ask_drop=0.00000000
2026-07-08T18:04:30Z,748,SKIP,SKIPPED,,,,,0,radar_block,reason=momentum_too_small conf=0.274 mom_sig=0.00000000 raw_mom_bps=0.00000000 spread_bps=3.47340000 tension=0.00000000 bid_drop=0.00000000 ask_drop=0.00000000
2026-07-08T18:04:37Z,749,SKIP,SKIPPED,,,,,0,impulse_resonance_wait,reason=wall_not_collapsed tension=0.97594690 bid_drop=6.34365486 ask_drop=0.00000000
2026-07-08T18:04:44Z,750,SKIP,SKIPPED,,,,,0,radar_block,reason=momentum_too_small conf=0.0 mom_sig=0.00002550 raw_mom_bps=0.00000000 spread_bps=3.47340000 tension=0.00002550 bid_drop=0.00016574 ask_drop=0.00000000
2026-07-08T18:04:51Z,751,SKIP,SKIPPED,,,,,0,radar_block,reason=momentum_too_small conf=0.274 mom_sig=0.00000000 raw_mom_bps=0.00000000 spread_bps=3.47340000 tension=0.00000000 bid_drop=0.00000000 ask_drop=0.00000000
2026-07-08T18:04:59Z,752,SKIP,SKIPPED,,,,,0,impulse_resonance_wait,reason=wall_not_collapsed tension=0.97644918 bid_drop=6.34691968 ask_drop=4.89634371
2026-07-08T18:05:06Z,753,SKIP,SKIPPED,,,,,0,radar_block,reason=momentum_too_small conf=0.0001 mom_sig=0.00003421 raw_mom_bps=0.00000000 spread_bps=1.33500000 tension=0.00003421 bid_drop=0.00022235 ask_drop=0.00000000
2026-07-08T18:05:25Z,754,BUY,FILLED,62166.20000000,62187.80000000,0.12540000,3.47455691,2.70864000,shock_inversion_stop,radar=long conf=0.9166 size_note=hunter_revenge_1.5x+entry_25_75_full soft=1 pct=0.03474557 tension=1.03159500 bid_drop=6.70536750 ask_drop=4.89634060
2026-07-08T18:05:33Z,755,SKIP,SKIPPED,,,,,0,radar_block,reason=momentum_too_small conf=0.0005 mom_sig=0.00037263 raw_mom_bps=0.00000000 spread_bps=3.42510000 tension=0.00037263 bid_drop=0.00000000 ask_drop=0.00242211
2026-07-08T18:05:40Z,756,SKIP,SKIPPED,,,,,0,impulse_resonance_wait,reason=wall_not_collapsed tension=0.90793204 bid_drop=5.90155829 ask_drop=0.00010177
2026-07-08T18:05:48Z,757,SKIP,SKIPPED,,,,,0,radar_block,reason=momentum_too_small conf=0.2821 mom_sig=0.00000000 raw_mom_bps=1.93030940 spread_bps=3.10350000 tension=0.00000000 bid_drop=0.00000000 ask_drop=0.00000000
2026-07-08T18:05:55Z,758,SKIP,SKIPPED,,,,,0,radar_block,reason=momentum_too_small conf=0.2751 mom_sig=0.00000000 raw_mom_bps=0.00000000 spread_bps=3.42510000 tension=0.00000000 bid_drop=0.00000000 ask_drop=0.00000000
2026-07-08T18:06:03Z,759,SKIP,SKIPPED,,,,,0,impulse_resonance_wait,reason=wall_not_collapsed tension=0.27151624 bid_drop=0.00000000 ask_drop=1.76485559
2026-07-08T18:06:11Z,760,SKIP,SKIPPED,,,,,0,llm_gate,reason=ollama_skip status=SKIP
2026-07-08T18:06:21Z,761,SKIP,SKIPPED,,,,,0,radar_block,reason=momentum_too_small conf=0.0002 mom_sig=0.00014437 raw_mom_bps=0.00000000 spread_bps=3.47340000 tension=0.00014437 bid_drop=0.00000000 ask_drop=0.00093843
2026-07-08T18:06:33Z,762,SKIP,SKIPPED,,,,,0,radar_block,reason=momentum_too_small conf=0.0 mom_sig=0.00001279 raw_mom_bps=0.00000000 spread_bps=3.47340000 tension=0.00001279 bid_drop=0.00008314 ask_drop=0.00000000
2026-07-08T18:06:40Z,763,SKIP,SKIPPED,,,,,0,radar_block,reason=momentum_too_small conf=0.2835 mom_sig=0.00000000 raw_mom_bps=0.00000000 spread_bps=3.03920000 tension=0.00000000 bid_drop=0.00000000 ask_drop=0.00000000
2026-07-08T18:07:01Z,764,BUY,FILLED,62180.40000000,62187.80000000,0.12540000,1.19008562,0.92796000,shock_inversion_stop,radar=long conf=0.79 size_note=hunter_revenge_1.5x+entry_25_75_full soft=1 pct=0.01190086 tension=1.20934264 bid_drop=7.86072717 ask_drop=0.00000000
2026-07-08T18:07:11Z,765,SKIP,SKIPPED,,,,,0,llm_gate,reason=ollama_skip status=SKIP
2026-07-08T18:07:19Z,766,SKIP,SKIPPED,,,,,0,duo_wait,reason=no_trigger mode=none
2026-07-08T18:07:28Z,767,SKIP,SKIPPED,,,,,0,duo_wait,reason=no_trigger mode=none
2026-07-08T18:07:36Z,768,SKIP,SKIPPED,,,,,0,duo_wait,reason=no_trigger mode=none
2026-07-08T18:07:43Z,769,SKIP,SKIPPED,,,,,0,radar_block,reason=momentum_too_small conf=0.0002 mom_sig=0.00014962 raw_mom_bps=0.00000000 spread_bps=3.47340000 tension=0.00014962 bid_drop=0.00000000 ask_drop=0.00097253
2026-07-08T18:07:50Z,770,SKIP,SKIPPED,,,,,0,radar_block,reason=momentum_too_small conf=0.3496 mom_sig=0.00000000 raw_mom_bps=0.00000000 spread_bps=0.01610000 tension=0.00000000 bid_drop=0.00000000 ask_drop=0.00000000
2026-07-08T18:07:58Z,771,SKIP,SKIPPED,,,,,0,radar_block,reason=momentum_too_small conf=0.0004 mom_sig=0.00030040 raw_mom_bps=0.00000000 spread_bps=1.89780000 tension=0.00030040 bid_drop=0.00195257 ask_drop=0.00000000
2026-07-08T18:08:06Z,772,SKIP,SKIPPED,,,,,0,duo_wait,reason=no_trigger mode=none
2026-07-08T18:08:13Z,773,SKIP,SKIPPED,,,,,0,radar_block,reason=momentum_too_small conf=0.3278 mom_sig=0.00000000 raw_mom_bps=0.00000000 spread_bps=1.01330000 tension=0.00000000 bid_drop=0.00000000 ask_drop=0.00000000
2026-07-08T18:08:21Z,774,SKIP,SKIPPED,,,,,0,duo_wait,reason=no_trigger mode=none
2026-07-08T18:08:28Z,775,SKIP,SKIPPED,,,,,0,radar_block,reason=momentum_too_small conf=0.3363 mom_sig=0.00000000 raw_mom_bps=0.00000000 spread_bps=0.62730000 tension=0.00000000 bid_drop=0.00000000 ask_drop=0.00000000
2026-07-08T18:08:36Z,776,SKIP,SKIPPED,,,,,0,radar_block,reason=momentum_too_small conf=0.0 mom_sig=0.00000399 raw_mom_bps=0.00000000 spread_bps=2.04250000 tension=0.00000399 bid_drop=0.00002591 ask_drop=0.00000000
2026-07-08T18:08:43Z,777,SKIP,SKIPPED,,,,,0,radar_block,reason=momentum_too_small conf=0.274 mom_sig=0.00000000 raw_mom_bps=0.00000000 spread_bps=3.47340000 tension=0.00000000 bid_drop=0.00000000 ask_drop=0.00000000
2026-07-08T18:08:50Z,778,SKIP,SKIPPED,,,,,0,radar_block,reason=momentum_too_small conf=0.2775 mom_sig=0.00000000 raw_mom_bps=0.00000000 spread_bps=3.31250000 tension=0.00000000 bid_drop=0.00000000 ask_drop=0.00000000
2026-07-08T18:08:58Z,779,SKIP,SKIPPED,,,,,0,radar_block,reason=momentum_too_small conf=0.0001 mom_sig=0.00006057 raw_mom_bps=0.00000000 spread_bps=3.47340000 tension=0.00006057 bid_drop=0.00039371 ask_drop=0.00000000
2026-07-08T18:09:05Z,780,SKIP,SKIPPED,,,,,0,radar_block,reason=momentum_too_small conf=0.3398 mom_sig=0.00000000 raw_mom_bps=0.00000000 spread_bps=0.46630000 tension=0.00000000 bid_drop=0.00000000 ask_drop=0.00000000
2026-07-08T18:09:12Z,781,SKIP,SKIPPED,,,,,0,radar_block,reason=momentum_too_small conf=0.2884 mom_sig=0.00000000 raw_mom_bps=0.46635116 spread_bps=2.81410000 tension=0.00000000 bid_drop=0.00000000 ask_drop=0.00000000
2026-07-08T18:09:19Z,782,SKIP,SKIPPED,,,,,0,radar_block,reason=momentum_too_small conf=0.0001 mom_sig=0.00006865 raw_mom_bps=0.00000000 spread_bps=3.11960000 tension=0.00006865 bid_drop=0.00044620 ask_drop=0.00000000
2026-07-08T18:09:27Z,783,SKIP,SKIPPED,,,,,0,radar_block,reason=momentum_too_small conf=0.0 mom_sig=0.00001584 raw_mom_bps=0.00000000 spread_bps=3.47340000 tension=0.00001584 bid_drop=0.00000000 ask_drop=0.00010298
2026-07-08T18:09:36Z,784,SKIP,SKIPPED,,,,,0,duo_wait,reason=no_trigger mode=none
2026-07-08T18:09:43Z,785,SKIP,SKIPPED,,,,,0,radar_block,reason=momentum_too_small conf=0.0 mom_sig=0.00001679 raw_mom_bps=0.00000000 spread_bps=3.47340000 tension=0.00001679 bid_drop=0.00000000 ask_drop=0.00010913
2026-07-08T18:09:50Z,786,SKIP,SKIPPED,,,,,0,radar_block,reason=momentum_too_small conf=0.0 mom_sig=0.00001511 raw_mom_bps=0.00000000 spread_bps=0.36980000 tension=0.00001511 bid_drop=0.00000000 ask_drop=0.00009822
2026-07-08T18:10:01Z,787,SKIP,SKIPPED,,,,,0,duo_wait,reason=no_trigger mode=none
2026-07-08T18:10:09Z,788,SKIP,SKIPPED,,,,,0,radar_block,reason=momentum_too_small conf=0.3029 mom_sig=0.00000000 raw_mom_bps=0.00000000 spread_bps=2.15490000 tension=0.00000000 bid_drop=0.00000000 ask_drop=0.00000000
2026-07-08T18:10:16Z,789,SKIP,SKIPPED,,,,,0,radar_block,reason=momentum_too_small conf=0.0001 mom_sig=0.00007339 raw_mom_bps=0.00000000 spread_bps=0.53070000 tension=0.00007339 bid_drop=0.00047701 ask_drop=0.00000000
2026-07-08T18:10:24Z,790,SKIP,SKIPPED,,,,,0,radar_block,reason=momentum_too_small conf=0.3496 mom_sig=0.00000000 raw_mom_bps=0.00000000 spread_bps=0.01610000 tension=0.00000000 bid_drop=0.00000000 ask_drop=0.00000000
2026-07-08T18:10:31Z,791,SKIP,SKIPPED,,,,,0,radar_block,reason=momentum_too_small conf=0.3384 mom_sig=0.00000000 raw_mom_bps=0.00000000 spread_bps=0.53070000 tension=0.00000000 bid_drop=0.00000000 ask_drop=0.00000000
2026-07-08T18:10:39Z,792,SKIP,SKIPPED,,,,,0,radar_block,reason=momentum_too_small conf=0.338 mom_sig=0.00000000 raw_mom_bps=0.00000000 spread_bps=0.54670000 tension=0.00000000 bid_drop=0.00000000 ask_drop=0.00000000
2026-07-08T18:10:47Z,793,SKIP,SKIPPED,,,,,0,duo_wait,reason=no_trigger mode=none
2026-07-08T18:10:55Z,794,SKIP,SKIPPED,,,,,0,duo_wait,reason=no_trigger mode=none
2026-07-08T18:11:02Z,795,SKIP,SKIPPED,,,,,0,radar_block,reason=momentum_too_small conf=0.0001 mom_sig=0.00006664 raw_mom_bps=0.00000000 spread_bps=2.18660000 tension=0.00006664 bid_drop=0.00000000 ask_drop=0.00043315
2026-07-08T18:11:10Z,796,SKIP,SKIPPED,,,,,0,radar_block,reason=momentum_too_small conf=0.0018 mom_sig=0.00111689 raw_mom_bps=0.00000000 spread_bps=0.30540000 tension=0.00111689 bid_drop=0.00725977 ask_drop=0.00036550
2026-07-08T18:11:21Z,797,SKIP,SKIPPED,,,,,0,llm_gate,reason=ollama_skip status=SKIP
2026-07-08T18:11:29Z,798,SKIP,SKIPPED,,,,,0,radar_block,reason=momentum_too_small conf=0.0001 mom_sig=0.00003090 raw_mom_bps=0.00000000 spread_bps=0.04820000 tension=0.00003090 bid_drop=0.00020082 ask_drop=0.00000000
2026-07-08T18:11:37Z,799,SKIP,SKIPPED,,,,,0,radar_block,reason=momentum_too_small conf=0.0001 mom_sig=0.00006696 raw_mom_bps=0.00000000 spread_bps=0.04820000 tension=0.00006696 bid_drop=0.00000000 ask_drop=0.00043526
2026-07-08T18:11:45Z,800,SKIP,SKIPPED,,,,,0,llm_gate,reason=ollama_skip status=SKIP
2026-07-08T18:11:53Z,801,SKIP,SKIPPED,,,,,0,radar_block,reason=momentum_too_small conf=0.3465 mom_sig=0.00000000 raw_mom_bps=0.00000000 spread_bps=0.16070000 tension=0.00000000 bid_drop=0.00000000 ask_drop=0.00000000
2026-07-08T18:12:00Z,802,SKIP,SKIPPED,,,,,0,radar_block,reason=momentum_too_small conf=0.3465 mom_sig=0.00000000 raw_mom_bps=0.00000000 spread_bps=0.16070000 tension=0.00000000 bid_drop=0.00000000 ask_drop=0.00000000
2026-07-08T18:12:08Z,803,SKIP,SKIPPED,,,,,0,radar_block,reason=momentum_too_small conf=0.0 mom_sig=0.00001321 raw_mom_bps=0.00000000 spread_bps=0.16070000 tension=0.00001321 bid_drop=0.00000000 ask_drop=0.00008587
2026-07-08T18:12:15Z,804,SKIP,SKIPPED,,,,,0,radar_block,reason=momentum_too_small conf=0.0 mom_sig=0.00002727 raw_mom_bps=0.00000000 spread_bps=0.16070000 tension=0.00002727 bid_drop=0.00000000 ask_drop=0.00017728
2026-07-08T18:12:25Z,805,SKIP,SKIPPED,,,,,0,llm_gate,reason=ollama_skip status=SKIP
2026-07-08T18:12:32Z,806,SKIP,SKIPPED,,,,,0,radar_block,reason=momentum_too_small conf=0.0 mom_sig=0.00002044 raw_mom_bps=0.00000000 spread_bps=0.64270000 tension=0.00002044 bid_drop=0.00013286 ask_drop=0.00000000
2026-07-08T18:12:39Z,807,SKIP,SKIPPED,,,,,0,radar_block,reason=momentum_too_small conf=0.3409 mom_sig=0.00000000 raw_mom_bps=0.00000000 spread_bps=0.41770000 tension=0.00000000 bid_drop=0.00000000 ask_drop=0.00000000
2026-07-08T18:12:46Z,808,SKIP,SKIPPED,,,,,0,radar_block,reason=momentum_too_small conf=0.3409 mom_sig=0.00000000 raw_mom_bps=0.00000000 spread_bps=0.41770000 tension=0.00000000 bid_drop=0.00000000 ask_drop=0.00000000
2026-07-08T18:12:54Z,809,SKIP,SKIPPED,,,,,0,radar_block,reason=momentum_too_small conf=0.3496 mom_sig=0.00000000 raw_mom_bps=0.00000000 spread_bps=0.01610000 tension=0.00000000 bid_drop=0.00000000 ask_drop=0.00000000
2026-07-08T18:13:05Z,810,SKIP,SKIPPED,,,,,0,llm_gate,reason=ollama_skip status=SKIP
2026-07-08T18:13:13Z,811,SKIP,SKIPPED,,,,,0,radar_block,reason=momentum_too_small conf=0.3286 mom_sig=0.00000000 raw_mom_bps=-0.25706487 spread_bps=0.98000000 tension=0.00000000 bid_drop=0.00000000 ask_drop=0.00000000
2026-07-08T18:13:20Z,812,SKIP,SKIPPED,,,,,0,radar_block,reason=momentum_too_small conf=0.0034 mom_sig=0.00214274 raw_mom_bps=0.00000000 spread_bps=0.98000000 tension=0.00214274 bid_drop=0.00034865 ask_drop=0.01392784
2026-07-08T18:13:28Z,813,SKIP,SKIPPED,,,,,0,radar_block,reason=momentum_too_small conf=0.3286 mom_sig=0.00000000 raw_mom_bps=0.01606552 spread_bps=0.98000000 tension=0.00000000 bid_drop=0.00000000 ask_drop=0.00000000
2026-07-08T18:13:37Z,814,SKIP,SKIPPED,,,,,0,radar_block,reason=momentum_too_small conf=0.0001 mom_sig=0.00003350 raw_mom_bps=0.00000000 spread_bps=0.98000000 tension=0.00003350 bid_drop=0.00000000 ask_drop=0.00021776
2026-07-08T18:13:46Z,815,SKIP,SKIPPED,,,,,0,llm_gate,reason=ollama_skip status=SKIP
2026-07-08T18:13:53Z,816,SKIP,SKIPPED,,,,,0,radar_block,reason=momentum_too_small conf=0.0001 mom_sig=0.00003346 raw_mom_bps=0.00000000 spread_bps=0.41770000 tension=0.00003346 bid_drop=0.00007845 ask_drop=0.00021752
2026-07-08T18:14:00Z,817,SKIP,SKIPPED,,,,,0,radar_block,reason=momentum_too_small conf=0.0001 mom_sig=0.00008231 raw_mom_bps=0.00000000 spread_bps=0.98000000 tension=0.00008231 bid_drop=0.00000000 ask_drop=0.00053500
2026-07-08T18:14:07Z,818,SKIP,SKIPPED,,,,,0,radar_block,reason=momentum_too_small conf=0.0002 mom_sig=0.00013469 raw_mom_bps=0.00000000 spread_bps=0.98000000 tension=0.00013469 bid_drop=0.00026149 ask_drop=0.00087550
2026-07-08T18:14:14Z,819,SKIP,SKIPPED,,,,,0,radar_block,reason=momentum_too_small conf=0.0002 mom_sig=0.00014972 raw_mom_bps=0.00000000 spread_bps=0.98000000 tension=0.00014972 bid_drop=0.00000000 ask_drop=0.00097317
2026-07-08T18:14:21Z,820,SKIP,SKIPPED,,,,,0,radar_block,reason=momentum_too_small conf=0.0002 mom_sig=0.00012727 raw_mom_bps=0.00000000 spread_bps=0.98000000 tension=0.00012727 bid_drop=0.00000000 ask_drop=0.00082724
2026-07-08T18:14:29Z,821,SKIP,SKIPPED,,,,,0,impulse_resonance_wait,reason=wall_not_collapsed tension=0.42426789 bid_drop=2.75774130 ask_drop=0.00053530
2026-07-08T18:14:37Z,822,SKIP,SKIPPED,,,,,0,radar_block,reason=momentum_too_small conf=0.0003 mom_sig=0.00016846 raw_mom_bps=0.00000000 spread_bps=0.61050000 tension=0.00016846 bid_drop=0.00000000 ask_drop=0.00109500
2026-07-08T18:14:44Z,823,SKIP,SKIPPED,,,,,0,radar_block,reason=momentum_too_small conf=0.0004 mom_sig=0.00025083 raw_mom_bps=0.00000000 spread_bps=0.98000000 tension=0.00025083 bid_drop=0.00000000 ask_drop=0.00163042
2026-07-08T18:14:51Z,824,SKIP,SKIPPED,,,,,0,radar_block,reason=momentum_too_small conf=0.0003 mom_sig=0.00020614 raw_mom_bps=0.00000000 spread_bps=0.98000000 tension=0.00020614 bid_drop=0.00000000 ask_drop=0.00133988
2026-07-08T18:14:58Z,825,SKIP,SKIPPED,,,,,0,radar_block,reason=momentum_too_small conf=0.0003 mom_sig=0.00020616 raw_mom_bps=0.00000000 spread_bps=0.98000000 tension=0.00020616 bid_drop=0.00017435 ask_drop=0.00134006
2026-07-08T18:15:06Z,826,SKIP,SKIPPED,,,,,0,radar_block,reason=momentum_too_small conf=0.0001 mom_sig=0.00008061 raw_mom_bps=0.00000000 spread_bps=0.98000000 tension=0.00008061 bid_drop=0.00052395 ask_drop=0.00000000
2026-07-08T18:15:17Z,827,SKIP,SKIPPED,,,,,0,radar_block,reason=momentum_too_small conf=0.0008 mom_sig=0.00049139 raw_mom_bps=0.00000000 spread_bps=0.98000000 tension=0.00049139 bid_drop=0.00008826 ask_drop=0.00319406
2026-07-08T18:15:25Z,828,SKIP,SKIPPED,,,,,0,radar_block,reason=momentum_too_small conf=0.0003 mom_sig=0.00016133 raw_mom_bps=0.00000000 spread_bps=0.98000000 tension=0.00016133 bid_drop=0.00000000 ask_drop=0.00104867
2026-07-08T18:15:32Z,829,SKIP,SKIPPED,,,,,0,radar_block,reason=momentum_too_small conf=0.3286 mom_sig=0.00000000 raw_mom_bps=0.00000000 spread_bps=0.98000000 tension=0.00000000 bid_drop=0.00000000 ask_drop=0.00000000
2026-07-08T18:15:39Z,830,SKIP,SKIPPED,,,,,0,radar_block,reason=momentum_too_small conf=0.3402 mom_sig=0.00000000 raw_mom_bps=0.00000000 spread_bps=0.44980000 tension=0.00000000 bid_drop=0.00000000 ask_drop=0.00000000
2026-07-08T18:15:46Z,831,SKIP,SKIPPED,,,,,0,impulse_resonance_wait,reason=wall_not_collapsed tension=0.48187568 bid_drop=0.00000000 ask_drop=3.13219191
2026-07-08T18:15:53Z,832,SKIP,SKIPPED,,,,,0,radar_block,reason=momentum_too_small conf=0.0001 mom_sig=0.00009455 raw_mom_bps=0.00000000 spread_bps=1.28520000 tension=0.00009455 bid_drop=0.00000000 ask_drop=0.00061459
2026-07-08T18:16:00Z,833,SKIP,SKIPPED,,,,,0,radar_block,reason=momentum_too_small conf=0.0001 mom_sig=0.00007366 raw_mom_bps=0.00000000 spread_bps=1.63860000 tension=0.00007366 bid_drop=0.00000000 ask_drop=0.00047880
2026-07-08T18:16:07Z,834,SKIP,SKIPPED,,,,,0,radar_block,reason=momentum_too_small conf=0.0001 mom_sig=0.00004521 raw_mom_bps=0.00000000 spread_bps=0.69080000 tension=0.00004521 bid_drop=0.00000000 ask_drop=0.00029387
2026-07-08T18:16:15Z,835,SKIP,SKIPPED,,,,,0,radar_block,reason=momentum_too_small conf=0.3321 mom_sig=0.00000000 raw_mom_bps=0.00000000 spread_bps=0.81930000 tension=0.00000000 bid_drop=0.00000000 ask_drop=0.00000000
2026-07-08T18:16:24Z,836,SKIP,SKIPPED,,,,,0,llm_gate,reason=ollama_skip status=SKIP
2026-07-08T18:16:31Z,837,SKIP,SKIPPED,,,,,0,radar_block,reason=momentum_too_small conf=0.3258 mom_sig=0.00000000 raw_mom_bps=0.00000000 spread_bps=1.10840000 tension=0.00000000 bid_drop=0.00000000 ask_drop=0.00000000
2026-07-08T18:16:40Z,838,SKIP,SKIPPED,,,,,0,llm_gate,reason=ollama_skip status=SKIP
2026-07-08T18:16:56Z,839,SKIP,SKIPPED,,,,,0,tactic_mismatch,mom=short structure=long
2026-07-08T18:17:08Z,840,SKIP,SKIPPED,,,,,0,radar_block,reason=momentum_too_small conf=0.2833 mom_sig=0.00000000 raw_mom_bps=0.00000000 spread_bps=3.05110000 tension=0.00000000 bid_drop=0.00000000 ask_drop=0.00000000
2026-07-08T18:17:30Z,841,BUY,FILLED,62277.60000000,62268.40000000,0.40520000,-1.47725667,-3.72784000,shock_inversion_stop,radar=long conf=0.9037 size_note=hunter_revenge_1.5x+entry_25_75_full soft=0 pct=-0.01477257 tension=2.78857379 bid_drop=18.12572962 ask_drop=0.00012930
2026-07-08T18:17:38Z,842,SKIP,SKIPPED,,,,,0,impulse_resonance_wait,reason=wall_not_collapsed tension=0.74066665 bid_drop=0.00000000 ask_drop=4.81433321
2026-07-08T18:17:45Z,843,SKIP,SKIPPED,,,,,0,radar_block,reason=momentum_too_small conf=0.0 mom_sig=0.00002308 raw_mom_bps=0.00000000 spread_bps=1.70200000 tension=0.00002308 bid_drop=0.00014999 ask_drop=0.00000000
2026-07-08T18:17:52Z,844,SKIP,SKIPPED,,,,,0,radar_block,reason=momentum_too_small conf=0.343 mom_sig=0.00000000 raw_mom_bps=1.70229167 spread_bps=0.32110000 tension=0.00000000 bid_drop=0.00000000 ask_drop=0.00000000
2026-07-08T18:17:59Z,845,SKIP,SKIPPED,,,,,0,impulse_resonance_wait,reason=wall_not_collapsed tension=0.76878212 bid_drop=4.99708378 ask_drop=0.00000000
2026-07-08T18:18:06Z,846,SKIP,SKIPPED,,,,,0,radar_block,reason=momentum_too_small conf=0.0003 mom_sig=0.00016798 raw_mom_bps=0.00000000 spread_bps=0.99550000 tension=0.00016798 bid_drop=0.00000000 ask_drop=0.00109189
2026-07-08T18:18:14Z,847,SKIP,SKIPPED,,,,,0,radar_block,reason=momentum_too_small conf=0.3124 mom_sig=0.00000000 raw_mom_bps=0.00000000 spread_bps=1.71810000 tension=0.00000000 bid_drop=0.00000000 ask_drop=0.00000000
2026-07-08T18:18:22Z,848,SKIP,SKIPPED,,,,,0,radar_block,reason=momentum_too_small conf=0.3015 mom_sig=0.00000000 raw_mom_bps=-0.04817814 spread_bps=2.21580000 tension=0.00000000 bid_drop=0.00000000 ask_drop=0.00000000
2026-07-08T18:18:30Z,849,SKIP,SKIPPED,,,,,0,radar_block,reason=momentum_too_small conf=0.2917 mom_sig=0.00000000 raw_mom_bps=0.00000000 spread_bps=2.66540000 tension=0.00000000 bid_drop=0.00000000 ask_drop=0.00000000
2026-07-08T18:18:37Z,850,SKIP,SKIPPED,,,,,0,radar_block,reason=momentum_too_small conf=0.0001 mom_sig=0.00008635 raw_mom_bps=-0.40151032 spread_bps=2.80990000 tension=0.00008635 bid_drop=0.00056125 ask_drop=0.00000000
2026-07-08T18:18:45Z,851,SKIP,SKIPPED,,,,,0,radar_block,reason=momentum_too_small conf=0.3405 mom_sig=0.00000000 raw_mom_bps=0.00000000 spread_bps=0.43350000 tension=0.00000000 bid_drop=0.00000000 ask_drop=0.00000000
2026-07-08T18:18:52Z,852,SKIP,SKIPPED,,,,,0,radar_block,reason=momentum_too_small conf=0.0001 mom_sig=0.00004081 raw_mom_bps=0.00000000 spread_bps=0.44960000 tension=0.00004081 bid_drop=0.00000000 ask_drop=0.00026529
2026-07-08T18:18:59Z,853,SKIP,SKIPPED,,,,,0,radar_block,reason=momentum_too_small conf=0.0001 mom_sig=0.00006859 raw_mom_bps=0.00000000 spread_bps=0.33720000 tension=0.00006859 bid_drop=0.00044586 ask_drop=0.00004003
2026-07-08T18:19:07Z,854,SKIP,SKIPPED,,,,,0,radar_block,reason=momentum_too_small conf=0.0001 mom_sig=0.00006264 raw_mom_bps=0.00000000 spread_bps=0.36930000 tension=0.00006264 bid_drop=0.00000000 ask_drop=0.00040719
2026-07-08T18:19:20Z,855,SKIP,SKIPPED,,,,,0,llm_gate,reason=ollama_skip status=SKIP
2026-07-08T18:19:29Z,856,SKIP,SKIPPED,,,,,0,radar_block,reason=momentum_too_small conf=0.0001 mom_sig=0.00009525 raw_mom_bps=0.00000000 spread_bps=1.01140000 tension=0.00009525 bid_drop=0.00061911 ask_drop=0.00019579
2026-07-08T18:19:39Z,857,SKIP,SKIPPED,,,,,0,radar_block,reason=momentum_too_small conf=0.0001 mom_sig=0.00008654 raw_mom_bps=0.00000000 spread_bps=0.83480000 tension=0.00008654 bid_drop=0.00056252 ask_drop=0.00026081
2026-07-08T18:19:52Z,858,SKIP,SKIPPED,,,,,0,stase_ecoute,reason=spread_or_volat_not_cold spread_bps=0.08030000 volat=13.04512562
2026-07-08T18:19:59Z,859,SKIP,SKIPPED,,,,,0,radar_block,reason=direction_unclear conf=0.1883 mom_sig=0.12060434 raw_mom_bps=0.00000000 spread_bps=1.01140000 tension=0.12060434 bid_drop=0.00000000 ask_drop=0.78392824
2026-07-08T18:20:07Z,860,SKIP,SKIPPED,,,,,0,tactic_mismatch,mom=short structure=long
2026-07-08T18:20:18Z,861,SKIP,SKIPPED,,,,,0,radar_block,reason=momentum_too_small conf=0.004 mom_sig=0.00251149 raw_mom_bps=0.00000000 spread_bps=0.75450000 tension=0.00251149 bid_drop=0.01632466 ask_drop=0.00010512
2026-07-08T18:20:29Z,862,SKIP,SKIPPED,,,,,0,radar_block,reason=direction_unclear conf=0.1915 mom_sig=0.12060599 raw_mom_bps=0.00000000 spread_bps=0.75450000 tension=0.12060599 bid_drop=0.00059456 ask_drop=0.78393895
2026-07-08T18:20:36Z,863,SKIP,SKIPPED,,,,,0,radar_block,reason=momentum_too_small conf=0.0001 mom_sig=0.00007623 raw_mom_bps=0.00000000 spread_bps=0.75450000 tension=0.00007623 bid_drop=0.00049548 ask_drop=0.00000000
2026-07-08T18:20:43Z,864,SKIP,SKIPPED,,,,,0,radar_block,reason=momentum_too_small conf=0.3335 mom_sig=0.00000000 raw_mom_bps=0.00000000 spread_bps=0.75450000 tension=0.00000000 bid_drop=0.00000000 ask_drop=0.00000000
2026-07-08T18:20:51Z,865,SKIP,SKIPPED,,,,,0,impulse_resonance_wait,reason=wall_not_collapsed tension=0.43655550 bid_drop=2.83761077 ask_drop=0.00263810
2026-07-08T18:20:58Z,866,SKIP,SKIPPED,,,,,0,radar_block,reason=momentum_too_small conf=0.008 mom_sig=0.00504455 raw_mom_bps=0.00000000 spread_bps=0.75450000 tension=0.00504455 bid_drop=0.00000000 ask_drop=0.03278957
2026-07-08T18:21:05Z,867,SKIP,SKIPPED,,,,,0,radar_block,reason=momentum_too_small conf=0.0 mom_sig=0.00002083 raw_mom_bps=0.00000000 spread_bps=0.69030000 tension=0.00002083 bid_drop=0.00013537 ask_drop=0.00000000
2026-07-08T18:21:12Z,868,SKIP,SKIPPED,,,,,0,radar_block,reason=momentum_too_small conf=0.3335 mom_sig=0.00000000 raw_mom_bps=0.00000000 spread_bps=0.75450000 tension=0.00000000 bid_drop=0.00000000 ask_drop=0.00000000
2026-07-08T18:21:20Z,869,SKIP,SKIPPED,,,,,0,radar_block,reason=momentum_too_small conf=0.3335 mom_sig=0.00000000 raw_mom_bps=0.00000000 spread_bps=0.75450000 tension=0.00000000 bid_drop=0.00000000 ask_drop=0.00000000
2026-07-08T18:21:27Z,870,SKIP,SKIPPED,,,,,0,radar_block,reason=momentum_too_small conf=0.0 mom_sig=0.00002220 raw_mom_bps=0.00000000 spread_bps=0.75450000 tension=0.00002220 bid_drop=0.00014428 ask_drop=0.00000000
2026-07-08T18:21:34Z,871,SKIP,SKIPPED,,,,,0,radar_block,reason=momentum_too_small conf=0.3335 mom_sig=0.00000000 raw_mom_bps=0.00000000 spread_bps=0.75450000 tension=0.00000000 bid_drop=0.00000000 ask_drop=0.00000000
2026-07-08T18:21:43Z,872,SKIP,SKIPPED,,,,,0,llm_gate,reason=ollama_skip status=SKIP
2026-07-08T18:21:55Z,873,SKIP,SKIPPED,,,,,0,radar_block,reason=direction_unclear conf=0.1922 mom_sig=0.12102718 raw_mom_bps=-0.75454735 spread_bps=0.75450000 tension=0.12102718 bid_drop=0.00066313 ask_drop=0.78667670
2026-07-08T18:22:15Z,874,SKIP,SKIPPED,,,,,0,radar_block,reason=momentum_too_small conf=0.3194 mom_sig=0.00000000 raw_mom_bps=0.00000000 spread_bps=1.39670000 tension=0.00000000 bid_drop=0.00000000 ask_drop=0.00000000
2026-07-08T18:22:24Z,875,SKIP,SKIPPED,,,,,0,radar_block,reason=momentum_too_small conf=0.3335 mom_sig=0.00000000 raw_mom_bps=0.64225766 spread_bps=0.75450000 tension=0.00000000 bid_drop=0.00000000 ask_drop=0.00000000
2026-07-08T18:22:35Z,876,SKIP,SKIPPED,,,,,0,duo_wait,reason=no_trigger mode=none
2026-07-08T18:22:49Z,877,SKIP,SKIPPED,,,,,0,impulse_resonance_wait,reason=wall_not_collapsed tension=0.96162674 bid_drop=6.25057383 ask_drop=0.00026361
2026-07-08T18:23:01Z,878,SKIP,SKIPPED,,,,,0,duo_wait,reason=no_trigger mode=none
2026-07-08T18:23:09Z,879,SKIP,SKIPPED,,,,,0,impulse_resonance_wait,reason=wall_not_collapsed tension=0.85452349 bid_drop=5.55440269 ask_drop=0.00000000
2026-07-08T18:23:17Z,880,SKIP,SKIPPED,,,,,0,radar_block,reason=momentum_too_small conf=0.3219 mom_sig=0.00000000 raw_mom_bps=0.00000000 spread_bps=1.28450000 tension=0.00000000 bid_drop=0.00000000 ask_drop=0.00000000
2026-07-08T18:23:28Z,881,SKIP,SKIPPED,,,,,0,impulse_resonance_wait,reason=wall_not_collapsed tension=0.40873565 bid_drop=2.65678172 ask_drop=0.00000000
2026-07-08T18:23:41Z,882,SKIP,SKIPPED,,,,,0,duo_wait,reason=no_trigger mode=none
2026-07-08T18:23:53Z,883,SKIP,SKIPPED,,,,,0,duo_wait,reason=no_trigger mode=none
2026-07-08T18:24:06Z,884,SKIP,SKIPPED,,,,,0,impulse_resonance_wait,reason=wall_not_collapsed tension=0.24603667 bid_drop=0.00018567 ask_drop=1.59923837
2026-07-08T18:24:24Z,885,SKIP,SKIPPED,,,,,0,duo_wait,reason=no_trigger mode=none
2026-07-08T18:24:38Z,886,SKIP,SKIPPED,,,,,0,radar_block,reason=momentum_too_small conf=0.0002 mom_sig=0.00009779 raw_mom_bps=0.00000000 spread_bps=0.09640000 tension=0.00009779 bid_drop=0.00001481 ask_drop=0.00063564
2026-07-08T18:24:55Z,887,SKIP,SKIPPED,,,,,0,duo_wait,reason=no_trigger mode=none
2026-07-08T18:25:14Z,888,SKIP,SKIPPED,,,,,0,tactic_mismatch,mom=long structure=short
2026-07-08T18:25:21Z,889,SKIP,SKIPPED,,,,,0,radar_block,reason=direction_unclear conf=0.2566 mom_sig=0.16332916 raw_mom_bps=0.00000000 spread_bps=0.91620000 tension=0.16332916 bid_drop=1.06163955 ask_drop=0.00000000
2026-07-08T18:25:28Z,890,SKIP,SKIPPED,,,,,0,impulse_resonance_wait,reason=wall_not_collapsed tension=0.59294250 bid_drop=3.85412626 ask_drop=0.00000000
2026-07-08T18:25:35Z,891,SKIP,SKIPPED,,,,,0,radar_block,reason=momentum_too_small conf=0.3148 mom_sig=0.00000000 raw_mom_bps=0.00000000 spread_bps=1.60740000 tension=0.00000000 bid_drop=0.00000000 ask_drop=0.00000000
2026-07-08T18:25:42Z,892,SKIP,SKIPPED,,,,,0,radar_block,reason=momentum_too_small conf=0.0001 mom_sig=0.00008058 raw_mom_bps=0.99674450 spread_bps=0.40190000 tension=0.00008058 bid_drop=0.00052378 ask_drop=0.00000000
2026-07-08T18:25:51Z,893,SKIP,SKIPPED,,,,,0,radar_block,reason=momentum_too_small conf=0.3493 mom_sig=0.00000000 raw_mom_bps=0.00000000 spread_bps=0.03220000 tension=0.00000000 bid_drop=0.00000000 ask_drop=0.00000000
2026-07-08T18:26:10Z,894,SKIP,SKIPPED,,,,,0,radar_block,reason=momentum_too_small conf=0.3215 mom_sig=0.00000000 raw_mom_bps=-0.72344010 spread_bps=1.30230000 tension=0.00000000 bid_drop=0.00000000 ask_drop=0.00000000
2026-07-08T18:26:21Z,895,SKIP,SKIPPED,,,,,0,radar_block,reason=momentum_too_small conf=0.0045 mom_sig=0.00310581 raw_mom_bps=0.00000000 spread_bps=2.07400000 tension=0.00310581 bid_drop=0.02018776 ask_drop=0.00000000
2026-07-08T18:26:30Z,896,SKIP,SKIPPED,,,,,0,radar_block,reason=direction_unclear conf=0.0152 mom_sig=0.01078027 raw_mom_bps=0.00000000 spread_bps=2.50800000 tension=0.01078027 bid_drop=0.07007176 ask_drop=0.00000000
2026-07-08T18:26:38Z,897,SKIP,SKIPPED,,,,,0,radar_block,reason=momentum_too_small conf=0.2804 mom_sig=0.00000000 raw_mom_bps=0.00000000 spread_bps=3.18330000 tension=0.00000000 bid_drop=0.00000000 ask_drop=0.00000000
2026-07-08T18:26:45Z,898,SKIP,SKIPPED,,,,,0,duo_wait,reason=no_trigger mode=none
2026-07-08T18:26:53Z,899,SKIP,SKIPPED,,,,,0,radar_block,reason=momentum_too_small conf=0.0 mom_sig=0.00000447 raw_mom_bps=0.00000000 spread_bps=1.31830000 tension=0.00000447 bid_drop=0.00002904 ask_drop=0.00000000
2026-07-08T18:27:01Z,900,SKIP,SKIPPED,,,,,0,duo_wait,reason=no_trigger mode=none
2026-07-08T18:27:08Z,901,SKIP,SKIPPED,,,,,0,impulse_resonance_wait,reason=wall_not_collapsed tension=0.96338799 bid_drop=0.00029229 ask_drop=6.26202192
2026-07-08T18:27:16Z,902,SKIP,SKIPPED,,,,,0,radar_block,reason=momentum_too_small conf=0.338 mom_sig=0.00000000 raw_mom_bps=0.00000000 spread_bps=0.54680000 tension=0.00000000 bid_drop=0.00000000 ask_drop=0.00000000
2026-07-08T18:27:34Z,903,SKIP,SKIPPED,,,,,0,duo_wait,reason=no_trigger mode=none
2026-07-08T18:27:44Z,904,SKIP,SKIPPED,,,,,0,tactic_mismatch,mom=long structure=short
2026-07-08T18:27:57Z,905,SKIP,SKIPPED,,,,,0,radar_block,reason=momentum_too_small conf=0.0002 mom_sig=0.00011485 raw_mom_bps=0.22507894 spread_bps=0.45010000 tension=0.00011485 bid_drop=0.00074655 ask_drop=0.00000000
2026-07-08T18:28:04Z,906,SKIP,SKIPPED,,,,,0,radar_block,reason=direction_unclear conf=0.0161 mom_sig=0.01185451 raw_mom_bps=0.00000000 spread_bps=2.92580000 tension=0.01185451 bid_drop=0.07705432 ask_drop=0.00000000
2026-07-08T18:28:12Z,907,SKIP,SKIPPED,,,,,0,radar_block,reason=momentum_too_small conf=0.3293 mom_sig=0.00000000 raw_mom_bps=0.00000000 spread_bps=0.94850000 tension=0.00000000 bid_drop=0.00000000 ask_drop=0.00000000
2026-07-08T18:28:20Z,908,SKIP,SKIPPED,,,,,0,duo_wait,reason=no_trigger mode=none
2026-07-08T18:28:32Z,909,SKIP,SKIPPED,,,,,0,radar_block,reason=momentum_too_small conf=0.0001 mom_sig=0.00006664 raw_mom_bps=0.00000000 spread_bps=4.42020000 tension=0.00006664 bid_drop=0.00000000 ask_drop=0.00043315
2026-07-08T18:28:40Z,910,SKIP,SKIPPED,,,,,0,radar_block,reason=momentum_too_small conf=0.2944 mom_sig=0.00000000 raw_mom_bps=0.00000000 spread_bps=2.53950000 tension=0.00000000 bid_drop=0.00000000 ask_drop=0.00000000
2026-07-08T18:28:48Z,911,SKIP,SKIPPED,,,,,0,radar_block,reason=momentum_too_small conf=0.3011 mom_sig=0.00000000 raw_mom_bps=0.00000000 spread_bps=2.23470000 tension=0.00000000 bid_drop=0.00000000 ask_drop=0.00000000
2026-07-08T18:28:55Z,912,SKIP,SKIPPED,,,,,0,radar_block,reason=momentum_too_small conf=0.2783 mom_sig=0.00000000 raw_mom_bps=0.00000000 spread_bps=3.27970000 tension=0.00000000 bid_drop=0.00000000 ask_drop=0.00000000
2026-07-08T18:29:03Z,913,SKIP,SKIPPED,,,,,0,duo_wait,reason=no_trigger mode=none
2026-07-08T18:29:11Z,914,SKIP,SKIPPED,,,,,0,radar_block,reason=momentum_too_small conf=0.2779 mom_sig=0.00000000 raw_mom_bps=0.00000000 spread_bps=3.29580000 tension=0.00000000 bid_drop=0.00000000 ask_drop=0.00000000
2026-07-08T18:29:18Z,915,SKIP,SKIPPED,,,,,0,radar_block,reason=momentum_too_small conf=0.274 mom_sig=0.00000000 raw_mom_bps=0.00000000 spread_bps=3.47270000 tension=0.00000000 bid_drop=0.00000000 ask_drop=0.00000000
2026-07-08T18:29:25Z,916,SKIP,SKIPPED,,,,,0,radar_block,reason=momentum_too_small conf=0.274 mom_sig=0.00000000 raw_mom_bps=0.00000000 spread_bps=3.47270000 tension=0.00000000 bid_drop=0.00000000 ask_drop=0.00000000
2026-07-08T18:29:34Z,917,SKIP,SKIPPED,,,,,0,duo_wait,reason=no_trigger mode=none
2026-07-08T18:29:43Z,918,SKIP,SKIPPED,,,,,0,radar_block,reason=momentum_too_small conf=0.0 mom_sig=0.00000464 raw_mom_bps=0.00000000 spread_bps=4.16400000 tension=0.00000464 bid_drop=0.00000000 ask_drop=0.00003016
2026-07-08T18:29:52Z,919,SKIP,SKIPPED,,,,,0,impulse_resonance_wait,reason=wall_not_collapsed tension=0.53780779 bid_drop=3.49575062 ask_drop=0.00000000
2026-07-08T18:29:59Z,920,SKIP,SKIPPED,,,,,0,radar_block,reason=momentum_too_small conf=0.2519 mom_sig=0.00000000 raw_mom_bps=0.00000000 spread_bps=4.48550000 tension=0.00000000 bid_drop=0.00000000 ask_drop=0.00000000
2026-07-08T18:30:07Z,921,SKIP,SKIPPED,,,,,0,duo_wait,reason=no_trigger mode=none
2026-07-08T18:30:15Z,922,SKIP,SKIPPED,,,,,0,duo_wait,reason=no_trigger mode=none
2026-07-08T18:30:22Z,923,SKIP,SKIPPED,,,,,0,radar_block,reason=momentum_too_small conf=0.0 mom_sig=0.00001691 raw_mom_bps=0.00000000 spread_bps=6.62260000 tension=0.00001691 bid_drop=0.00010992 ask_drop=0.00000000
2026-07-08T18:30:30Z,924,SKIP,SKIPPED,,,,,0,radar_block,reason=momentum_too_small conf=0.0 mom_sig=0.00001724 raw_mom_bps=0.00000000 spread_bps=7.34540000 tension=0.00001724 bid_drop=0.00011207 ask_drop=0.00000000
2026-07-08T18:30:38Z,925,SKIP,SKIPPED,,,,,0,radar_block,reason=momentum_too_small conf=0.2006 mom_sig=0.00000000 raw_mom_bps=-7.34540101 spread_bps=6.83120000 tension=0.00000000 bid_drop=0.00000000 ask_drop=0.00000000
2026-07-08T18:30:45Z,926,SKIP,SKIPPED,,,,,0,radar_block,reason=momentum_too_small conf=0.0033 mom_sig=0.00286764 raw_mom_bps=0.00000000 spread_bps=4.91940000 tension=0.00286764 bid_drop=0.01863964 ask_drop=0.00000000
2026-07-08T18:30:53Z,927,SKIP,SKIPPED,,,,,0,radar_block,reason=momentum_too_small conf=0.0001 mom_sig=0.00005169 raw_mom_bps=0.00000000 spread_bps=4.91940000 tension=0.00005169 bid_drop=0.00033599 ask_drop=0.00003305
2026-07-08T18:31:00Z,928,SKIP,SKIPPED,,,,,0,radar_block,reason=momentum_too_small conf=0.0002 mom_sig=0.00013646 raw_mom_bps=0.00000000 spread_bps=5.08010000 tension=0.00013646 bid_drop=0.00088701 ask_drop=0.00000000
2026-07-08T18:31:07Z,929,SKIP,SKIPPED,,,,,0,radar_block,reason=momentum_too_small conf=0.0001 mom_sig=0.00011068 raw_mom_bps=0.00000000 spread_bps=5.08010000 tension=0.00011068 bid_drop=0.00071941 ask_drop=0.00000000
2026-07-08T18:31:14Z,930,SKIP,SKIPPED,,,,,0,radar_block,reason=momentum_too_small conf=0.0 mom_sig=0.00001642 raw_mom_bps=0.00000000 spread_bps=5.08010000 tension=0.00001642 bid_drop=0.00010671 ask_drop=0.00000000
2026-07-08T18:31:21Z,931,SKIP,SKIPPED,,,,,0,radar_block,reason=momentum_too_small conf=0.0 mom_sig=0.00001483 raw_mom_bps=0.00000000 spread_bps=7.34540000 tension=0.00001483 bid_drop=0.00009639 ask_drop=0.00000000
2026-07-08T18:31:28Z,932,SKIP,SKIPPED,,,,,0,radar_block,reason=momentum_too_small conf=0.0 mom_sig=0.00000477 raw_mom_bps=0.00000000 spread_bps=7.34540000 tension=0.00000477 bid_drop=0.00003102 ask_drop=0.00000000
2026-07-08T18:31:36Z,933,SKIP,SKIPPED,,,,,0,duo_wait,reason=no_trigger mode=none
2026-07-08T18:31:43Z,934,SKIP,SKIPPED,,,,,0,radar_block,reason=momentum_too_small conf=0.0 mom_sig=0.00001319 raw_mom_bps=0.00000000 spread_bps=0.24130000 tension=0.00001319 bid_drop=0.00008572 ask_drop=0.00000000
2026-07-08T18:31:50Z,935,SKIP,SKIPPED,,,,,0,radar_block,reason=momentum_too_small conf=0.0 mom_sig=0.00000682 raw_mom_bps=0.00000000 spread_bps=0.24130000 tension=0.00000682 bid_drop=0.00004434 ask_drop=0.00000000
2026-07-08T18:31:59Z,936,SKIP,SKIPPED,,,,,0,radar_block,reason=momentum_too_small conf=0.0001 mom_sig=0.00009050 raw_mom_bps=0.00000000 spread_bps=0.24130000 tension=0.00009050 bid_drop=0.00058823 ask_drop=0.00000000
2026-07-08T18:32:07Z,937,SKIP,SKIPPED,,,,,0,radar_block,reason=momentum_too_small conf=0.0 mom_sig=0.00002275 raw_mom_bps=0.00000000 spread_bps=0.24130000 tension=0.00002275 bid_drop=0.00014788 ask_drop=0.00000000
2026-07-08T18:32:14Z,938,SKIP,SKIPPED,,,,,0,radar_block,reason=momentum_too_small conf=0.0001 mom_sig=0.00003231 raw_mom_bps=0.00000000 spread_bps=0.24130000 tension=0.00003231 bid_drop=0.00021000 ask_drop=0.00000000
2026-07-08T18:32:23Z,939,SKIP,SKIPPED,,,,,0,radar_block,reason=momentum_too_small conf=0.0 mom_sig=0.00002321 raw_mom_bps=0.00000000 spread_bps=0.24130000 tension=0.00002321 bid_drop=0.00015085 ask_drop=0.00000000
2026-07-08T18:32:31Z,940,SKIP,SKIPPED,,,,,0,radar_block,reason=momentum_too_small conf=0.0 mom_sig=0.00001183 raw_mom_bps=0.00000000 spread_bps=0.24130000 tension=0.00001183 bid_drop=0.00007690 ask_drop=0.00000000
2026-07-08T18:32:40Z,941,SKIP,SKIPPED,,,,,0,radar_block,reason=momentum_too_small conf=0.0073 mom_sig=0.00442402 raw_mom_bps=0.00000000 spread_bps=0.24130000 tension=0.00442402 bid_drop=0.00017168 ask_drop=0.02875616
2026-07-08T18:32:47Z,942,SKIP,SKIPPED,,,,,0,radar_block,reason=momentum_too_small conf=0.3447 mom_sig=0.00000000 raw_mom_bps=0.00000000 spread_bps=0.24130000 tension=0.00000000 bid_drop=0.00000000 ask_drop=0.00000000
2026-07-08T18:32:54Z,943,SKIP,SKIPPED,,,,,0,radar_block,reason=momentum_too_small conf=0.0001 mom_sig=0.00003188 raw_mom_bps=0.00000000 spread_bps=0.24130000 tension=0.00003188 bid_drop=0.00020720 ask_drop=0.00005596
2026-07-08T18:33:01Z,944,SKIP,SKIPPED,,,,,0,impulse_resonance_wait,reason=wall_not_collapsed tension=0.29684189 bid_drop=0.00000000 ask_drop=1.92947229
2026-07-08T18:33:09Z,945,SKIP,SKIPPED,,,,,0,radar_block,reason=direction_unclear conf=0.0186 mom_sig=0.01133317 raw_mom_bps=0.00000000 spread_bps=0.24130000 tension=0.01133317 bid_drop=0.07366563 ask_drop=0.00000000
2026-07-08T18:33:16Z,946,SKIP,SKIPPED,,,,,0,radar_block,reason=momentum_too_small conf=0.0 mom_sig=0.00001733 raw_mom_bps=0.00000000 spread_bps=0.24130000 tension=0.00001733 bid_drop=0.00011263 ask_drop=0.00000000
2026-07-08T18:33:23Z,947,SKIP,SKIPPED,,,,,0,radar_block,reason=momentum_too_small conf=0.3447 mom_sig=0.00000000 raw_mom_bps=0.00000000 spread_bps=0.24130000 tension=0.00000000 bid_drop=0.00000000 ask_drop=0.00000000
2026-07-08T18:33:30Z,948,SKIP,SKIPPED,,,,,0,radar_block,reason=momentum_too_small conf=0.0 mom_sig=0.00001722 raw_mom_bps=0.00000000 spread_bps=0.24130000 tension=0.00001722 bid_drop=0.00008595 ask_drop=0.00011193
2026-07-08T18:33:38Z,949,SKIP,SKIPPED,,,,,0,radar_block,reason=momentum_too_small conf=0.0001 mom_sig=0.00003603 raw_mom_bps=0.00000000 spread_bps=0.24130000 tension=0.00003603 bid_drop=0.00023418 ask_drop=0.00000000
2026-07-08T18:33:45Z,950,SKIP,SKIPPED,,,,,0,radar_block,reason=momentum_too_small conf=0.0 mom_sig=0.00000866 raw_mom_bps=0.00000000 spread_bps=0.24130000 tension=0.00000866 bid_drop=0.00005630 ask_drop=0.00000000
2026-07-08T18:33:54Z,951,SKIP,SKIPPED,,,,,0,radar_block,reason=momentum_too_small conf=0.0 mom_sig=0.00001550 raw_mom_bps=0.00000000 spread_bps=0.24130000 tension=0.00001550 bid_drop=0.00010073 ask_drop=0.00000000
2026-07-08T18:34:08Z,952,SKIP,SKIPPED,,,,,0,radar_block,reason=momentum_too_small conf=0.3447 mom_sig=0.00000000 raw_mom_bps=0.00000000 spread_bps=0.24130000 tension=0.00000000 bid_drop=0.00000000 ask_drop=0.00000000
2026-07-08T18:34:19Z,953,SKIP,SKIPPED,,,,,0,radar_block,reason=momentum_too_small conf=0.0066 mom_sig=0.00432880 raw_mom_bps=0.00000000 spread_bps=1.25460000 tension=0.00432880 bid_drop=0.00025773 ask_drop=0.02813723
2026-07-08T18:34:27Z,954,SKIP,SKIPPED,,,,,0,radar_block,reason=momentum_too_small conf=0.0017 mom_sig=0.00147786 raw_mom_bps=0.00000000 spread_bps=5.13100000 tension=0.00147786 bid_drop=0.00960610 ask_drop=0.00000000
2026-07-08T18:34:34Z,955,SKIP,SKIPPED,,,,,0,radar_block,reason=momentum_too_small conf=0.3482 mom_sig=0.00000000 raw_mom_bps=0.00000000 spread_bps=0.08050000 tension=0.00000000 bid_drop=0.00000000 ask_drop=0.00000000
2026-07-08T18:34:42Z,956,SKIP,SKIPPED,,,,,0,radar_block,reason=momentum_too_small conf=0.3482 mom_sig=0.00000000 raw_mom_bps=-0.01610817 spread_bps=0.08050000 tension=0.00000000 bid_drop=0.00000000 ask_drop=0.00000000
2026-07-08T18:34:50Z,957,SKIP,SKIPPED,,,,,0,impulse_resonance_wait,reason=wall_not_collapsed tension=0.95561744 bid_drop=5.32189453 ask_drop=6.21151337
2026-07-08T18:34:57Z,958,SKIP,SKIPPED,,,,,0,radar_block,reason=momentum_too_small conf=0.0 mom_sig=0.00001476 raw_mom_bps=-0.14497469 spread_bps=0.16110000 tension=0.00001476 bid_drop=0.00009591 ask_drop=0.00000000
2026-07-08T18:35:05Z,959,SKIP,SKIPPED,,,,,0,radar_block,reason=momentum_too_small conf=0.0001 mom_sig=0.00003557 raw_mom_bps=0.00000000 spread_bps=0.83760000 tension=0.00003557 bid_drop=0.00000000 ask_drop=0.00023118
2026-07-08T18:35:13Z,960,SKIP,SKIPPED,,,,,0,radar_block,reason=momentum_too_small conf=0.0001 mom_sig=0.00003856 raw_mom_bps=-0.83761807 spread_bps=0.91820000 tension=0.00003856 bid_drop=0.00025067 ask_drop=0.00000000
2026-07-08T18:35:22Z,961,SKIP,SKIPPED,,,,,0,radar_block,reason=momentum_too_small conf=0.3236 mom_sig=0.00000000 raw_mom_bps=0.00000000 spread_bps=1.20810000 tension=0.00000000 bid_drop=0.00000000 ask_drop=0.00000000
2026-07-08T18:35:36Z,962,SKIP,SKIPPED,,,,,0,duo_wait,reason=no_trigger mode=none
2026-07-08T18:35:49Z,963,SKIP,SKIPPED,,,,,0,duo_wait,reason=no_trigger mode=none
2026-07-08T18:35:56Z,964,SKIP,SKIPPED,,,,,0,impulse_resonance_wait,reason=wall_not_collapsed tension=0.22144611 bid_drop=1.43939972 ask_drop=0.00000000
2026-07-08T18:36:04Z,965,SKIP,SKIPPED,,,,,0,duo_wait,reason=no_trigger mode=none
2026-07-08T18:36:11Z,966,SKIP,SKIPPED,,,,,0,radar_block,reason=momentum_too_small conf=0.0001 mom_sig=0.00005151 raw_mom_bps=0.00000000 spread_bps=2.20680000 tension=0.00005151 bid_drop=0.00033484 ask_drop=0.00000000
2026-07-08T18:36:19Z,967,SKIP,SKIPPED,,,,,0,radar_block,reason=momentum_too_small conf=0.0 mom_sig=0.00002226 raw_mom_bps=0.00000000 spread_bps=2.20680000 tension=0.00002226 bid_drop=0.00014468 ask_drop=0.00000000
2026-07-08T18:36:26Z,968,SKIP,SKIPPED,,,,,0,impulse_resonance_wait,reason=wall_not_collapsed tension=0.53378750 bid_drop=3.46961878 ask_drop=0.00000000
2026-07-08T18:36:34Z,969,SKIP,SKIPPED,,,,,0,radar_block,reason=momentum_too_small conf=0.3017 mom_sig=0.00000000 raw_mom_bps=0.00000000 spread_bps=2.20680000 tension=0.00000000 bid_drop=0.00000000 ask_drop=0.00000000
2026-07-08T18:36:42Z,970,SKIP,SKIPPED,,,,,0,radar_block,reason=momentum_too_small conf=0.0001 mom_sig=0.00004716 raw_mom_bps=0.00000000 spread_bps=2.20680000 tension=0.00004716 bid_drop=0.00030652 ask_drop=0.00000000
2026-07-08T18:36:54Z,971,SKIP,SKIPPED,,,,,0,impulse_resonance_wait,reason=wall_not_collapsed tension=0.53716574 bid_drop=3.49157728 ask_drop=0.00000000
2026-07-08T18:37:01Z,972,SKIP,SKIPPED,,,,,0,radar_block,reason=momentum_too_small conf=0.0003 mom_sig=0.00020215 raw_mom_bps=0.00000000 spread_bps=2.20680000 tension=0.00020215 bid_drop=0.00131397 ask_drop=0.00000000
2026-07-08T18:37:09Z,973,SKIP,SKIPPED,,,,,0,radar_block,reason=momentum_too_small conf=0.3017 mom_sig=0.00000000 raw_mom_bps=0.00000000 spread_bps=2.20680000 tension=0.00000000 bid_drop=0.00000000 ask_drop=0.00000000
2026-07-08T18:37:24Z,974,SKIP,SKIPPED,,,,,0,radar_block,reason=momentum_too_small conf=0.0003 mom_sig=0.00019421 raw_mom_bps=0.00000000 spread_bps=2.20680000 tension=0.00019421 bid_drop=0.00126234 ask_drop=0.00030957
2026-07-08T18:37:35Z,975,SKIP,SKIPPED,,,,,0,impulse_resonance_wait,reason=wall_not_collapsed tension=0.69509779 bid_drop=4.51813566 ask_drop=0.00000000
2026-07-08T18:37:44Z,976,SKIP,SKIPPED,,,,,0,radar_block,reason=direction_unclear conf=0.055 mom_sig=0.03824782 raw_mom_bps=0.00000000 spread_bps=2.20680000 tension=0.03824782 bid_drop=0.24861085 ask_drop=0.00000000
2026-07-08T18:37:52Z,977,SKIP,SKIPPED,,,,,0,radar_block,reason=momentum_too_small conf=0.0007 mom_sig=0.00046967 raw_mom_bps=1.53060156 spread_bps=0.72490000 tension=0.00046967 bid_drop=0.00305287 ask_drop=0.00007773
2026-07-08T18:38:11Z,978,SKIP,SKIPPED,,,,,0,radar_block,reason=momentum_too_small conf=0.0001 mom_sig=0.00008419 raw_mom_bps=0.00000000 spread_bps=1.53030000 tension=0.00008419 bid_drop=0.00000000 ask_drop=0.00054726
2026-07-08T18:38:33Z,979,SKIP,SKIPPED,,,,,0,radar_block,reason=momentum_too_small conf=0.3017 mom_sig=0.00000000 raw_mom_bps=-0.01611051 spread_bps=2.20680000 tension=0.00000000 bid_drop=0.00000000 ask_drop=0.00000000
2026-07-08T18:38:49Z,980,SKIP,SKIPPED,,,,,0,duo_wait,reason=no_trigger mode=none
2026-07-08T18:38:56Z,981,SKIP,SKIPPED,,,,,0,radar_block,reason=momentum_too_small conf=0.3017 mom_sig=0.00000000 raw_mom_bps=0.00000000 spread_bps=2.20680000 tension=0.00000000 bid_drop=0.00000000 ask_drop=0.00000000
2026-07-08T18:39:05Z,982,SKIP,SKIPPED,,,,,0,duo_wait,reason=no_trigger mode=none
2026-07-08T18:39:12Z,983,SKIP,SKIPPED,,,,,0,impulse_resonance_wait,reason=wall_not_collapsed tension=0.42708175 bid_drop=2.77603138 ask_drop=0.00000000
2026-07-08T18:39:20Z,984,SKIP,SKIPPED,,,,,0,duo_wait,reason=no_trigger mode=none
2026-07-08T18:39:34Z,985,SKIP,SKIPPED,,,,,0,impulse_resonance_wait,reason=wall_not_collapsed tension=0.76849206 bid_drop=4.99519841 ask_drop=0.07938412
2026-07-08T18:39:52Z,986,SKIP,SKIPPED,,,,,0,duo_wait,reason=no_trigger mode=none
2026-07-08T18:40:06Z,987,SKIP,SKIPPED,,,,,0,radar_block,reason=momentum_too_small conf=0.0003 mom_sig=0.00021132 raw_mom_bps=0.00000000 spread_bps=2.20680000 tension=0.00021132 bid_drop=0.00000000 ask_drop=0.00137358
2026-07-08T18:40:15Z,988,SKIP,SKIPPED,,,,,0,duo_wait,reason=no_trigger mode=none
2026-07-08T18:40:23Z,989,SKIP,SKIPPED,,,,,0,radar_block,reason=momentum_too_small conf=0.0001 mom_sig=0.00006908 raw_mom_bps=-0.01611139 spread_bps=2.17460000 tension=0.00006908 bid_drop=0.00044899 ask_drop=0.00000000
2026-07-08T18:40:36Z,990,SKIP,SKIPPED,,,,,0,duo_wait,reason=no_trigger mode=none
2026-07-08T18:40:44Z,991,SKIP,SKIPPED,,,,,0,radar_block,reason=momentum_too_small conf=0.3017 mom_sig=0.00000000 raw_mom_bps=0.00000000 spread_bps=2.20680000 tension=0.00000000 bid_drop=0.00000000 ask_drop=0.00000000
2026-07-08T18:40:52Z,992,SKIP,SKIPPED,,,,,0,duo_wait,reason=no_trigger mode=none
2026-07-08T18:41:01Z,993,SKIP,SKIPPED,,,,,0,radar_block,reason=momentum_too_small conf=0.3095 mom_sig=0.00000000 raw_mom_bps=0.00000000 spread_bps=1.85240000 tension=0.00000000 bid_drop=0.00000000 ask_drop=0.00000000
2026-07-08T18:41:08Z,994,SKIP,SKIPPED,,,,,0,duo_wait,reason=no_trigger mode=none
2026-07-08T18:41:17Z,995,SKIP,SKIPPED,,,,,0,radar_block,reason=momentum_too_small conf=0.3208 mom_sig=0.00000000 raw_mom_bps=0.00000000 spread_bps=1.33710000 tension=0.00000000 bid_drop=0.00000000 ask_drop=0.00000000
2026-07-08T18:41:24Z,996,SKIP,SKIPPED,,,,,0,radar_block,reason=momentum_too_small conf=0.3017 mom_sig=0.00000000 raw_mom_bps=0.00000000 spread_bps=2.20680000 tension=0.00000000 bid_drop=0.00000000 ask_drop=0.00000000
2026-07-08T18:41:32Z,997,SKIP,SKIPPED,,,,,0,duo_wait,reason=no_trigger mode=none
2026-07-08T18:41:40Z,998,SKIP,SKIPPED,,,,,0,duo_wait,reason=no_trigger mode=none
2026-07-08T18:41:49Z,999,SKIP,SKIPPED,,,,,0,radar_block,reason=momentum_too_small conf=0.3017 mom_sig=0.00000000 raw_mom_bps=0.00000000 spread_bps=2.20680000 tension=0.00000000 bid_drop=0.00000000 ask_drop=0.00000000
2026-07-08T18:41:56Z,1000,SKIP,SKIPPED,,,,,0,radar_block,reason=momentum_too_small conf=0.0001 mom_sig=0.00005143 raw_mom_bps=0.00000000 spread_bps=2.20680000 tension=0.00005143 bid_drop=0.00033429 ask_drop=0.00000000
2026-07-08T18:42:04Z,1001,SKIP,SKIPPED,,,,,0,radar_block,reason=momentum_too_small conf=0.0001 mom_sig=0.00008928 raw_mom_bps=0.00000000 spread_bps=2.20680000 tension=0.00008928 bid_drop=0.00058032 ask_drop=0.00000000
2026-07-08T18:42:13Z,1002,SKIP,SKIPPED,,,,,0,radar_block,reason=momentum_too_small conf=0.3017 mom_sig=0.00000000 raw_mom_bps=0.00000000 spread_bps=2.20680000 tension=0.00000000 bid_drop=0.00000000 ask_drop=0.00000000
2026-07-08T18:42:20Z,1003,SKIP,SKIPPED,,,,,0,radar_block,reason=momentum_too_small conf=0.3017 mom_sig=0.00000000 raw_mom_bps=0.00000000 spread_bps=2.20680000 tension=0.00000000 bid_drop=0.00000000 ask_drop=0.00000000
2026-07-08T18:42:27Z,1004,SKIP,SKIPPED,,,,,0,radar_block,reason=momentum_too_small conf=0.3017 mom_sig=0.00000000 raw_mom_bps=0.00000000 spread_bps=2.20680000 tension=0.00000000 bid_drop=0.00000000 ask_drop=0.00000000
2026-07-08T18:42:34Z,1005,SKIP,SKIPPED,,,,,0,radar_block,reason=momentum_too_small conf=0.3017 mom_sig=0.00000000 raw_mom_bps=0.00000000 spread_bps=2.20680000 tension=0.00000000 bid_drop=0.00000000 ask_drop=0.00000000
2026-07-08T18:42:41Z,1006,SKIP,SKIPPED,,,,,0,radar_block,reason=direction_unclear conf=0.0235 mom_sig=0.01571538 raw_mom_bps=0.00000000 spread_bps=1.64300000 tension=0.01571538 bid_drop=0.00000000 ask_drop=0.10214994
2026-07-08T18:42:50Z,1007,SKIP,SKIPPED,,,,,0,radar_block,reason=momentum_too_small conf=0.0 mom_sig=0.00001151 raw_mom_bps=0.00000000 spread_bps=1.62690000 tension=0.00001151 bid_drop=0.00007483 ask_drop=0.00000000
2026-07-08T18:42:57Z,1008,SKIP,SKIPPED,,,,,0,impulse_resonance_wait,reason=wall_not_collapsed tension=0.97435424 bid_drop=0.00000000 ask_drop=6.33330254
2026-07-08T18:43:06Z,1009,SKIP,SKIPPED,,,,,0,duo_wait,reason=no_trigger mode=none
2026-07-08T18:43:13Z,1010,SKIP,SKIPPED,,,,,0,impulse_resonance_wait,reason=wall_not_collapsed tension=0.59936501 bid_drop=3.89587258 ask_drop=0.00000000
2026-07-08T18:43:20Z,1011,SKIP,SKIPPED,,,,,0,duo_wait,reason=no_trigger mode=none
2026-07-08T18:43:28Z,1012,SKIP,SKIPPED,,,,,0,radar_block,reason=momentum_too_small conf=0.301 mom_sig=0.00000000 raw_mom_bps=0.00000000 spread_bps=2.23900000 tension=0.00000000 bid_drop=0.00000000 ask_drop=0.00000000
2026-07-08T18:43:35Z,1013,SKIP,SKIPPED,,,,,0,radar_block,reason=momentum_too_small conf=0.3109 mom_sig=0.00000000 raw_mom_bps=0.00000000 spread_bps=1.78810000 tension=0.00000000 bid_drop=0.00000000 ask_drop=0.00000000
2026-07-08T18:43:42Z,1014,SKIP,SKIPPED,,,,,0,impulse_resonance_wait,reason=wall_not_collapsed tension=0.51205402 bid_drop=3.32835112 ask_drop=0.00000000
2026-07-08T18:43:50Z,1015,SKIP,SKIPPED,,,,,0,duo_wait,reason=no_trigger mode=none
2026-07-08T18:43:58Z,1016,SKIP,SKIPPED,,,,,0,duo_wait,reason=no_trigger mode=none
2026-07-08T18:44:05Z,1017,SKIP,SKIPPED,,,,,0,radar_block,reason=momentum_too_small conf=0.3493 mom_sig=0.00000000 raw_mom_bps=0.00000000 spread_bps=0.03220000 tension=0.00000000 bid_drop=0.00000000 ask_drop=0.00000000
2026-07-08T18:44:12Z,1018,SKIP,SKIPPED,,,,,0,impulse_resonance_wait,reason=wall_not_collapsed tension=0.78885945 bid_drop=5.12758645 ask_drop=0.00000000
2026-07-08T18:44:20Z,1019,SKIP,SKIPPED,,,,,0,radar_block,reason=momentum_too_small conf=0.3493 mom_sig=0.00000000 raw_mom_bps=0.00000000 spread_bps=0.03220000 tension=0.00000000 bid_drop=0.00000000 ask_drop=0.00000000
2026-07-08T18:44:27Z,1020,SKIP,SKIPPED,,,,,0,radar_block,reason=momentum_too_small conf=0.3352 mom_sig=0.00000000 raw_mom_bps=0.00000000 spread_bps=0.67670000 tension=0.00000000 bid_drop=0.00000000 ask_drop=0.00000000
2026-07-08T18:44:35Z,1021,SKIP,SKIPPED,,,,,0,radar_block,reason=momentum_too_small conf=0.0 mom_sig=0.00000543 raw_mom_bps=0.00000000 spread_bps=0.67670000 tension=0.00000543 bid_drop=0.00003529 ask_drop=0.00000000
2026-07-08T18:44:42Z,1022,SKIP,SKIPPED,,,,,0,radar_block,reason=momentum_too_small conf=0.3352 mom_sig=0.00000000 raw_mom_bps=0.67670554 spread_bps=0.67670000 tension=0.00000000 bid_drop=0.00000000 ask_drop=0.00000000
2026-07-08T18:44:49Z,1023,SKIP,SKIPPED,,,,,0,radar_block,reason=momentum_too_small conf=0.0 mom_sig=0.00001770 raw_mom_bps=0.00000000 spread_bps=0.67670000 tension=0.00001770 bid_drop=0.00000000 ask_drop=0.00011502
2026-07-08T18:44:57Z,1024,SKIP,SKIPPED,,,,,0,radar_block,reason=momentum_too_small conf=0.3356 mom_sig=0.00000000 raw_mom_bps=0.00000000 spread_bps=0.66050000 tension=0.00000000 bid_drop=0.00000000 ask_drop=0.00000000
2026-07-08T18:45:04Z,1025,SKIP,SKIPPED,,,,,0,radar_block,reason=momentum_too_small conf=0.0 mom_sig=0.00000081 raw_mom_bps=0.00000000 spread_bps=0.66050000 tension=0.00000081 bid_drop=0.00000000 ask_drop=0.00000529
2026-07-08T18:45:12Z,1026,SKIP,SKIPPED,,,,,0,radar_block,reason=momentum_too_small conf=0.0 mom_sig=0.00000544 raw_mom_bps=0.00000000 spread_bps=0.67670000 tension=0.00000544 bid_drop=0.00003534 ask_drop=0.00000000
2026-07-08T18:45:19Z,1027,SKIP,SKIPPED,,,,,0,radar_block,reason=momentum_too_small conf=0.3338 mom_sig=0.00000000 raw_mom_bps=0.00000000 spread_bps=0.74110000 tension=0.00000000 bid_drop=0.00000000 ask_drop=0.00000000
2026-07-08T18:45:26Z,1028,SKIP,SKIPPED,,,,,0,radar_block,reason=momentum_too_small conf=0.0 mom_sig=0.00001091 raw_mom_bps=0.00000000 spread_bps=0.74110000 tension=0.00001091 bid_drop=0.00003644 ask_drop=0.00007091
2026-07-08T18:45:34Z,1029,SKIP,SKIPPED,,,,,0,radar_block,reason=momentum_too_small conf=0.3338 mom_sig=0.00000000 raw_mom_bps=0.00000000 spread_bps=0.74110000 tension=0.00000000 bid_drop=0.00000000 ask_drop=0.00000000
2026-07-08T18:45:42Z,1030,SKIP,SKIPPED,,,,,0,radar_block,reason=momentum_too_small conf=0.0 mom_sig=0.00000734 raw_mom_bps=0.00000000 spread_bps=0.74110000 tension=0.00000734 bid_drop=0.00004774 ask_drop=0.00003545
2026-07-08T18:45:49Z,1031,SKIP,SKIPPED,,,,,0,impulse_resonance_wait,reason=wall_not_collapsed tension=0.84473028 bid_drop=4.02646846 ask_drop=5.49074682
2026-07-08T18:45:57Z,1032,SKIP,SKIPPED,,,,,0,radar_block,reason=direction_unclear conf=0.0663 mom_sig=0.04200094 raw_mom_bps=0.01611084 spread_bps=0.85390000 tension=0.04200094 bid_drop=0.00000000 ask_drop=0.27300612
2026-07-08T18:46:06Z,1033,SKIP,SKIPPED,,,,,0,duo_wait,reason=no_trigger mode=none
2026-07-08T18:46:13Z,1034,SKIP,SKIPPED,,,,,0,radar_block,reason=momentum_too_small conf=0.0 mom_sig=0.00001795 raw_mom_bps=0.00000000 spread_bps=1.24040000 tension=0.00001795 bid_drop=0.00000000 ask_drop=0.00011669
2026-07-08T18:46:20Z,1035,SKIP,SKIPPED,,,,,0,radar_block,reason=momentum_too_small conf=0.0 mom_sig=0.00000688 raw_mom_bps=0.00000000 spread_bps=2.51270000 tension=0.00000688 bid_drop=0.00004472 ask_drop=0.00000000
2026-07-08T18:46:29Z,1036,SKIP,SKIPPED,,,,,0,radar_block,reason=momentum_too_small conf=0.0 mom_sig=0.00001406 raw_mom_bps=0.00000000 spread_bps=2.96320000 tension=0.00001406 bid_drop=0.00000000 ask_drop=0.00009140
2026-07-08T18:46:37Z,1037,SKIP,SKIPPED,,,,,0,impulse_resonance_wait,reason=wall_not_collapsed tension=0.27189507 bid_drop=0.00321118 ask_drop=1.76731795
2026-07-08T18:46:45Z,1038,SKIP,SKIPPED,,,,,0,impulse_resonance_wait,reason=wall_not_collapsed tension=0.39450499 bid_drop=0.00000000 ask_drop=2.56428243
2026-07-08T18:46:52Z,1039,SKIP,SKIPPED,,,,,0,radar_block,reason=momentum_too_small conf=0.3496 mom_sig=0.00000000 raw_mom_bps=0.00000000 spread_bps=0.01610000 tension=0.00000000 bid_drop=0.00000000 ask_drop=0.00000000
2026-07-08T18:47:00Z,1040,SKIP,SKIPPED,,,,,0,impulse_resonance_wait,reason=wall_not_collapsed tension=0.45781427 bid_drop=0.00000000 ask_drop=2.97579277
2026-07-08T18:47:07Z,1041,SKIP,SKIPPED,,,,,0,radar_block,reason=momentum_too_small conf=0.0 mom_sig=0.00002533 raw_mom_bps=0.72447902 spread_bps=0.48290000 tension=0.00002533 bid_drop=0.00000000 ask_drop=0.00016465
2026-07-08T18:47:15Z,1042,SKIP,SKIPPED,,,,,0,radar_block,reason=momentum_too_small conf=0.3299 mom_sig=0.00000000 raw_mom_bps=0.00000000 spread_bps=0.91760000 tension=0.00000000 bid_drop=0.00000000 ask_drop=0.00000000
2026-07-08T18:47:22Z,1043,SKIP,SKIPPED,,,,,0,radar_block,reason=direction_unclear conf=0.0356 mom_sig=0.02238340 raw_mom_bps=-0.91755968 spread_bps=0.72440000 tension=0.02238340 bid_drop=0.14549211 ask_drop=0.00000000
2026-07-08T18:47:30Z,1044,SKIP,SKIPPED,,,,,0,duo_wait,reason=no_trigger mode=none
2026-07-08T18:47:38Z,1045,SKIP,SKIPPED,,,,,0,radar_block,reason=momentum_too_small conf=0.0001 mom_sig=0.00008731 raw_mom_bps=0.00000000 spread_bps=0.04830000 tension=0.00008731 bid_drop=0.00056752 ask_drop=0.00003611
2026-07-08T18:47:45Z,1046,SKIP,SKIPPED,,,,,0,radar_block,reason=momentum_too_small conf=0.0 mom_sig=0.00001662 raw_mom_bps=0.00000000 spread_bps=0.37020000 tension=0.00001662 bid_drop=0.00010804 ask_drop=0.00000000
2026-07-08T18:47:53Z,1047,SKIP,SKIPPED,,,,,0,radar_block,reason=momentum_too_small conf=0.3419 mom_sig=0.00000000 raw_mom_bps=0.00000000 spread_bps=0.37020000 tension=0.00000000 bid_drop=0.00000000 ask_drop=0.00000000
2026-07-08T18:48:00Z,1048,SKIP,SKIPPED,,,,,0,impulse_resonance_wait,reason=wall_not_collapsed tension=0.43980482 bid_drop=2.17635838 ask_drop=2.85873134
2026-07-08T18:48:08Z,1049,SKIP,SKIPPED,,,,,0,radar_block,reason=momentum_too_small conf=0.0074 mom_sig=0.00452349 raw_mom_bps=0.00000000 spread_bps=0.37020000 tension=0.00452349 bid_drop=0.00024843 ask_drop=0.02940266
2026-07-08T18:48:15Z,1050,SKIP,SKIPPED,,,,,0,radar_block,reason=momentum_too_small conf=0.0002 mom_sig=0.00011079 raw_mom_bps=0.00000000 spread_bps=0.37020000 tension=0.00011079 bid_drop=0.00072013 ask_drop=0.00000000
2026-07-08T18:48:23Z,1051,SKIP,SKIPPED,,,,,0,radar_block,reason=momentum_too_small conf=0.0001 mom_sig=0.00003986 raw_mom_bps=0.00000000 spread_bps=0.64390000 tension=0.00003986 bid_drop=0.00025906 ask_drop=0.00000000
2026-07-08T18:48:30Z,1052,SKIP,SKIPPED,,,,,0,radar_block,reason=momentum_too_small conf=0.0 mom_sig=0.00000717 raw_mom_bps=0.00000000 spread_bps=0.86920000 tension=0.00000717 bid_drop=0.00004660 ask_drop=0.00000000
2026-07-08T18:48:37Z,1053,SKIP,SKIPPED,,,,,0,impulse_resonance_wait,reason=wall_not_collapsed tension=0.47427510 bid_drop=0.00000000 ask_drop=3.08278814
2026-07-08T18:48:59Z,1054,BUY,FILLED,62119.00000000,62126.10000000,0.25100000,1.14296753,1.78210000,shock_inversion_stop,radar=long conf=0.9779 size_note=hunter_revenge_1.5x+entry_25_75_full soft=0 pct=0.01142968 tension=2.44004989 bid_drop=15.86032431 ask_drop=0.00428844
2026-07-08T18:49:07Z,1055,SKIP,SKIPPED,,,,,0,radar_block,reason=direction_unclear conf=0.2479 mom_sig=0.16072723 raw_mom_bps=0.00000000 spread_bps=1.19110000 tension=0.16072723 bid_drop=1.04472698 ask_drop=0.00012654
2026-07-08T18:49:15Z,1056,SKIP,SKIPPED,,,,,0,radar_block,reason=momentum_too_small conf=0.0 mom_sig=0.00002469 raw_mom_bps=0.00000000 spread_bps=0.49900000 tension=0.00002469 bid_drop=0.00000000 ask_drop=0.00016049
2026-07-08T18:49:22Z,1057,SKIP,SKIPPED,,,,,0,radar_block,reason=momentum_too_small conf=0.0001 mom_sig=0.00003119 raw_mom_bps=0.00000000 spread_bps=0.49900000 tension=0.00003119 bid_drop=0.00000000 ask_drop=0.00020272
2026-07-08T18:49:30Z,1058,SKIP,SKIPPED,,,,,0,radar_block,reason=momentum_too_small conf=0.3345 mom_sig=0.00000000 raw_mom_bps=0.00000000 spread_bps=0.70820000 tension=0.00000000 bid_drop=0.00000000 ask_drop=0.00000000
2026-07-08T18:49:39Z,1059,SKIP,SKIPPED,,,,,0,radar_block,reason=momentum_too_small conf=0.0001 mom_sig=0.00007533 raw_mom_bps=0.00000000 spread_bps=1.17500000 tension=0.00007533 bid_drop=0.00048965 ask_drop=0.00017803
2026-07-08T18:49:46Z,1060,SKIP,SKIPPED,,,,,0,radar_block,reason=momentum_too_small conf=0.0 mom_sig=0.00000463 raw_mom_bps=0.00000000 spread_bps=1.78660000 tension=0.00000463 bid_drop=0.00002410 ask_drop=0.00003007
2026-07-08T18:49:54Z,1061,SKIP,SKIPPED,,,,,0,radar_block,reason=momentum_too_small conf=0.3109 mom_sig=0.00000000 raw_mom_bps=0.00000000 spread_bps=1.78660000 tension=0.00000000 bid_drop=0.00000000 ask_drop=0.00000000
2026-07-08T18:50:01Z,1062,SKIP,SKIPPED,,,,,0,radar_block,reason=momentum_too_small conf=0.3014 mom_sig=0.00000000 raw_mom_bps=0.00000000 spread_bps=2.22110000 tension=0.00000000 bid_drop=0.00000000 ask_drop=0.00000000
2026-07-08T18:50:09Z,1063,SKIP,SKIPPED,,,,,0,radar_block,reason=momentum_too_small conf=0.0001 mom_sig=0.00005920 raw_mom_bps=0.00000000 spread_bps=1.86680000 tension=0.00005920 bid_drop=0.00002425 ask_drop=0.00038481
2026-07-08T18:50:18Z,1064,SKIP,SKIPPED,,,,,0,llm_gate,reason=ollama_skip status=SKIP
2026-07-08T18:50:27Z,1065,SKIP,SKIPPED,,,,,0,llm_gate,reason=ollama_skip status=SKIP
2026-07-08T18:50:34Z,1066,SKIP,SKIPPED,,,,,0,radar_block,reason=direction_unclear conf=0.2353 mom_sig=0.14946657 raw_mom_bps=0.00000000 spread_bps=0.88400000 tension=0.14946657 bid_drop=0.00000000 ask_drop=0.97153273
2026-07-08T18:50:41Z,1067,SKIP,SKIPPED,,,,,0,radar_block,reason=momentum_too_small conf=0.3127 mom_sig=0.00000000 raw_mom_bps=0.00000000 spread_bps=1.70370000 tension=0.00000000 bid_drop=0.00000000 ask_drop=0.00000000
2026-07-08T18:50:49Z,1068,SKIP,SKIPPED,,,,,0,impulse_resonance_wait,reason=wall_not_collapsed tension=0.97740742 bid_drop=6.35314822 ask_drop=0.00000000
2026-07-08T18:50:57Z,1069,SKIP,SKIPPED,,,,,0,radar_block,reason=momentum_too_small conf=0.0 mom_sig=0.00000342 raw_mom_bps=0.00000000 spread_bps=0.01610000 tension=0.00000342 bid_drop=0.00000000 ask_drop=0.00002222
2026-07-08T18:51:04Z,1070,SKIP,SKIPPED,,,,,0,radar_block,reason=momentum_too_small conf=0.0 mom_sig=0.00000269 raw_mom_bps=0.00000000 spread_bps=1.10900000 tension=0.00000269 bid_drop=0.00000000 ask_drop=0.00001746
2026-07-08T18:51:12Z,1071,SKIP,SKIPPED,,,,,0,radar_block,reason=momentum_too_small conf=0.3198 mom_sig=0.00000000 raw_mom_bps=0.00000000 spread_bps=1.38230000 tension=0.00000000 bid_drop=0.00000000 ask_drop=0.00000000
2026-07-08T18:51:19Z,1072,SKIP,SKIPPED,,,,,0,radar_block,reason=momentum_too_small conf=0.3198 mom_sig=0.00000000 raw_mom_bps=0.00000000 spread_bps=1.38230000 tension=0.00000000 bid_drop=0.00000000 ask_drop=0.00000000
2026-07-08T18:51:27Z,1073,SKIP,SKIPPED,,,,,0,radar_block,reason=momentum_too_small conf=0.3257 mom_sig=0.00000000 raw_mom_bps=0.00000000 spread_bps=1.10900000 tension=0.00000000 bid_drop=0.00000000 ask_drop=0.00000000
2026-07-08T18:51:35Z,1074,SKIP,SKIPPED,,,,,0,impulse_resonance_wait,reason=wall_not_collapsed tension=0.71244386 bid_drop=0.00000000 ask_drop=4.63088512
2026-07-08T18:51:42Z,1075,SKIP,SKIPPED,,,,,0,radar_block,reason=momentum_too_small conf=0.0 mom_sig=0.00000822 raw_mom_bps=-1.38228553 spread_bps=1.38230000 tension=0.00000822 bid_drop=0.00000000 ask_drop=0.00005343
2026-07-08T18:51:54Z,1076,SKIP,SKIPPED,,,,,0,radar_block,reason=momentum_too_small conf=0.0 mom_sig=0.00000676 raw_mom_bps=0.00000000 spread_bps=1.36620000 tension=0.00000676 bid_drop=0.00000000 ask_drop=0.00004395
2026-07-08T18:52:02Z,1077,SKIP,SKIPPED,,,,,0,radar_block,reason=direction_unclear conf=0.0274 mom_sig=0.01784689 raw_mom_bps=0.00000000 spread_bps=1.23760000 tension=0.01784689 bid_drop=0.11600480 ask_drop=0.00007744
2026-07-08T18:52:09Z,1078,SKIP,SKIPPED,,,,,0,radar_block,reason=momentum_too_small conf=0.0 mom_sig=0.00000880 raw_mom_bps=0.00000000 spread_bps=1.23760000 tension=0.00000880 bid_drop=0.00000000 ask_drop=0.00005723
2026-07-08T18:52:18Z,1079,SKIP,SKIPPED,,,,,0,duo_wait,reason=no_trigger mode=none
2026-07-08T18:52:25Z,1080,SKIP,SKIPPED,,,,,0,radar_block,reason=momentum_too_small conf=0.0 mom_sig=0.00000643 raw_mom_bps=0.00000000 spread_bps=1.23760000 tension=0.00000643 bid_drop=0.00000000 ask_drop=0.00004181
2026-07-08T18:52:33Z,1081,SKIP,SKIPPED,,,,,0,radar_block,reason=momentum_too_small conf=0.3229 mom_sig=0.00000000 raw_mom_bps=0.00000000 spread_bps=1.23760000 tension=0.00000000 bid_drop=0.00000000 ask_drop=0.00000000
2026-07-08T18:52:41Z,1082,SKIP,SKIPPED,,,,,0,duo_wait,reason=no_trigger mode=none
2026-07-08T18:52:49Z,1083,SKIP,SKIPPED,,,,,0,radar_block,reason=momentum_too_small conf=0.0001 mom_sig=0.00003894 raw_mom_bps=0.00000000 spread_bps=1.23760000 tension=0.00003894 bid_drop=0.00000000 ask_drop=0.00025311
2026-07-08T18:52:57Z,1084,SKIP,SKIPPED,,,,,0,radar_block,reason=momentum_too_small conf=0.0005 mom_sig=0.00035538 raw_mom_bps=0.00000000 spread_bps=1.23760000 tension=0.00035538 bid_drop=0.00230998 ask_drop=0.00045293
2026-07-08T18:53:06Z,1085,SKIP,SKIPPED,,,,,0,radar_block,reason=momentum_too_small conf=0.0003 mom_sig=0.00017770 raw_mom_bps=0.00000000 spread_bps=1.23760000 tension=0.00017770 bid_drop=0.00115502 ask_drop=0.00027310
2026-07-08T18:53:15Z,1086,SKIP,SKIPPED,,,,,0,radar_block,reason=momentum_too_small conf=0.0001 mom_sig=0.00003905 raw_mom_bps=0.00000000 spread_bps=1.38230000 tension=0.00003905 bid_drop=0.00000000 ask_drop=0.00025380
2026-07-08T18:53:23Z,1087,SKIP,SKIPPED,,,,,0,radar_block,reason=momentum_too_small conf=0.0 mom_sig=0.00001698 raw_mom_bps=0.12858635 spread_bps=1.38230000 tension=0.00001698 bid_drop=0.00000000 ask_drop=0.00011036
2026-07-08T18:53:33Z,1088,SKIP,SKIPPED,,,,,0,radar_block,reason=momentum_too_small conf=0.3264 mom_sig=0.00000000 raw_mom_bps=0.00000000 spread_bps=1.07690000 tension=0.00000000 bid_drop=0.00000000 ask_drop=0.00000000
2026-07-08T18:53:42Z,1089,SKIP,SKIPPED,,,,,0,radar_block,reason=momentum_too_small conf=0.0 mom_sig=0.00001437 raw_mom_bps=0.00000000 spread_bps=0.08040000 tension=0.00001437 bid_drop=0.00000000 ask_drop=0.00009339
2026-07-08T18:53:49Z,1090,SKIP,SKIPPED,,,,,0,radar_block,reason=momentum_too_small conf=0.0 mom_sig=0.00000594 raw_mom_bps=0.00000000 spread_bps=0.08040000 tension=0.00000594 bid_drop=0.00000000 ask_drop=0.00003862
2026-07-08T18:53:58Z,1091,SKIP,SKIPPED,,,,,0,radar_block,reason=momentum_too_small conf=0.3482 mom_sig=0.00000000 raw_mom_bps=0.00000000 spread_bps=0.08040000 tension=0.00000000 bid_drop=0.00000000 ask_drop=0.00000000
2026-07-08T18:54:05Z,1092,SKIP,SKIPPED,,,,,0,radar_block,reason=momentum_too_small conf=0.3359 mom_sig=0.00000000 raw_mom_bps=0.00000000 spread_bps=0.64290000 tension=0.00000000 bid_drop=0.00000000 ask_drop=0.00000000
2026-07-08T18:54:13Z,1093,SKIP,SKIPPED,,,,,0,impulse_resonance_wait,reason=wall_not_collapsed tension=0.29519420 bid_drop=1.91876233 ask_drop=0.00000000
2026-07-08T18:54:20Z,1094,SKIP,SKIPPED,,,,,0,radar_block,reason=momentum_too_small conf=0.3335 mom_sig=0.00000000 raw_mom_bps=0.00000000 spread_bps=0.75540000 tension=0.00000000 bid_drop=0.00000000 ask_drop=0.00000000
2026-07-08T18:54:28Z,1095,SKIP,SKIPPED,,,,,0,radar_block,reason=momentum_too_small conf=0.0 mom_sig=0.00000892 raw_mom_bps=0.00000000 spread_bps=0.75540000 tension=0.00000892 bid_drop=0.00000000 ask_drop=0.00005798
2026-07-08T18:54:36Z,1096,SKIP,SKIPPED,,,,,0,duo_wait,reason=no_trigger mode=none
2026-07-08T18:54:43Z,1097,SKIP,SKIPPED,,,,,0,impulse_resonance_wait,reason=wall_not_collapsed tension=0.29523478 bid_drop=1.91902610 ask_drop=0.00000000
2026-07-08T18:54:50Z,1098,SKIP,SKIPPED,,,,,0,radar_block,reason=direction_unclear conf=0.0638 mom_sig=0.03848609 raw_mom_bps=0.00000000 spread_bps=0.09640000 tension=0.03848609 bid_drop=0.00000000 ask_drop=0.25015958
2026-07-08T18:54:58Z,1099,SKIP,SKIPPED,,,,,0,duo_wait,reason=no_trigger mode=none
2026-07-08T18:55:06Z,1100,SKIP,SKIPPED,,,,,0,radar_block,reason=momentum_too_small conf=0.0002 mom_sig=0.00009412 raw_mom_bps=0.00000000 spread_bps=0.27330000 tension=0.00009412 bid_drop=0.00061179 ask_drop=0.00000000
2026-07-08T18:55:13Z,1101,SKIP,SKIPPED,,,,,0,radar_block,reason=momentum_too_small conf=0.0002 mom_sig=0.00013382 raw_mom_bps=0.00000000 spread_bps=0.99660000 tension=0.00013382 bid_drop=0.00086980 ask_drop=0.00000000
2026-07-08T18:55:21Z,1102,SKIP,SKIPPED,,,,,0,radar_block,reason=momentum_too_small conf=0.3208 mom_sig=0.00000000 raw_mom_bps=0.00000000 spread_bps=1.33420000 tension=0.00000000 bid_drop=0.00000000 ask_drop=0.00000000
2026-07-08T18:55:29Z,1103,SKIP,SKIPPED,,,,,0,duo_wait,reason=no_trigger mode=none
2026-07-08T18:55:37Z,1104,SKIP,SKIPPED,,,,,0,duo_wait,reason=no_trigger mode=none
2026-07-08T18:55:45Z,1105,SKIP,SKIPPED,,,,,0,radar_block,reason=momentum_too_small conf=0.0 mom_sig=0.00000842 raw_mom_bps=0.00000000 spread_bps=2.95820000 tension=0.00000842 bid_drop=0.00005471 ask_drop=0.00000000
2026-07-08T18:55:53Z,1106,SKIP,SKIPPED,,,,,0,radar_block,reason=momentum_too_small conf=0.2529 mom_sig=0.00000000 raw_mom_bps=-0.54678642 spread_bps=4.43700000 tension=0.00000000 bid_drop=0.00000000 ask_drop=0.00000000
2026-07-08T18:56:00Z,1107,SKIP,SKIPPED,,,,,0,radar_block,reason=momentum_too_small conf=0.2188 mom_sig=0.00000000 raw_mom_bps=0.00000000 spread_bps=5.99610000 tension=0.00000000 bid_drop=0.00000000 ask_drop=0.00000000
2026-07-08T18:56:08Z,1108,SKIP,SKIPPED,,,,,0,radar_block,reason=momentum_too_small conf=0.0001 mom_sig=0.00004846 raw_mom_bps=0.00000000 spread_bps=0.93300000 tension=0.00004846 bid_drop=0.00031499 ask_drop=0.00000000
2026-07-08T18:56:16Z,1109,SKIP,SKIPPED,,,,,0,radar_block,reason=momentum_too_small conf=0.0007 mom_sig=0.00041653 raw_mom_bps=0.00000000 spread_bps=0.94910000 tension=0.00041653 bid_drop=0.00000000 ask_drop=0.00270743
2026-07-08T18:56:24Z,1110,SKIP,SKIPPED,,,,,0,impulse_resonance_wait,reason=wall_not_collapsed tension=0.45329534 bid_drop=2.94641968 ask_drop=0.00000000
2026-07-08T18:56:33Z,1111,SKIP,SKIPPED,,,,,0,impulse_resonance_wait,reason=wall_not_collapsed tension=0.41377422 bid_drop=2.68953245 ask_drop=0.00000000
2026-07-08T18:56:46Z,1112,SKIP,SKIPPED,,,,,0,radar_block,reason=momentum_too_small conf=0.3493 mom_sig=0.00000000 raw_mom_bps=0.00000000 spread_bps=0.03220000 tension=0.00000000 bid_drop=0.00000000 ask_drop=0.00000000
2026-07-08T18:57:07Z,1113,SKIP,SKIPPED,,,,,0,radar_block,reason=momentum_too_small conf=0.0001 mom_sig=0.00009153 raw_mom_bps=-0.01608964 spread_bps=0.28960000 tension=0.00009153 bid_drop=0.00000000 ask_drop=0.00059496
2026-07-08T18:57:27Z,1114,SKIP,SKIPPED,,,,,0,duo_wait,reason=no_trigger mode=none
2026-07-08T18:57:39Z,1115,SKIP,SKIPPED,,,,,0,radar_block,reason=momentum_too_small conf=0.0 mom_sig=0.00002141 raw_mom_bps=0.00000000 spread_bps=1.15830000 tension=0.00002141 bid_drop=0.00013919 ask_drop=0.00000000
2026-07-08T18:57:48Z,1116,SKIP,SKIPPED,,,,,0,radar_block,reason=momentum_too_small conf=0.0 mom_sig=0.00000669 raw_mom_bps=0.00000000 spread_bps=1.14220000 tension=0.00000669 bid_drop=0.00004350 ask_drop=0.00000000
2026-07-08T18:57:57Z,1117,SKIP,SKIPPED,,,,,0,radar_block,reason=momentum_too_small conf=0.325 mom_sig=0.00000000 raw_mom_bps=0.00000000 spread_bps=1.14220000 tension=0.00000000 bid_drop=0.00000000 ask_drop=0.00000000
2026-07-08T18:58:04Z,1118,SKIP,SKIPPED,,,,,0,radar_block,reason=momentum_too_small conf=0.0 mom_sig=0.00000935 raw_mom_bps=0.00000000 spread_bps=0.61130000 tension=0.00000935 bid_drop=0.00000000 ask_drop=0.00006079
2026-07-08T18:58:11Z,1119,SKIP,SKIPPED,,,,,0,radar_block,reason=momentum_too_small conf=0.3366 mom_sig=0.00000000 raw_mom_bps=0.00000000 spread_bps=0.61130000 tension=0.00000000 bid_drop=0.00000000 ask_drop=0.00000000
2026-07-08T18:58:19Z,1120,SKIP,SKIPPED,,,,,0,radar_block,reason=momentum_too_small conf=0.325 mom_sig=0.00000000 raw_mom_bps=0.00000000 spread_bps=1.14220000 tension=0.00000000 bid_drop=0.00000000 ask_drop=0.00000000
2026-07-08T18:58:26Z,1121,SKIP,SKIPPED,,,,,0,radar_block,reason=momentum_too_small conf=0.3247 mom_sig=0.00000000 raw_mom_bps=0.00000000 spread_bps=1.15830000 tension=0.00000000 bid_drop=0.00000000 ask_drop=0.00000000
2026-07-08T18:58:34Z,1122,SKIP,SKIPPED,,,,,0,radar_block,reason=momentum_too_small conf=0.0001 mom_sig=0.00005079 raw_mom_bps=0.00000000 spread_bps=1.15830000 tension=0.00005079 bid_drop=0.00033011 ask_drop=0.00000000
2026-07-08T18:58:41Z,1123,SKIP,SKIPPED,,,,,0,radar_block,reason=momentum_too_small conf=0.3247 mom_sig=0.00000000 raw_mom_bps=0.00000000 spread_bps=1.15830000 tension=0.00000000 bid_drop=0.00000000 ask_drop=0.00000000
2026-07-08T18:58:49Z,1124,SKIP,SKIPPED,,,,,0,radar_block,reason=momentum_too_small conf=0.3247 mom_sig=0.00000000 raw_mom_bps=0.00000000 spread_bps=1.15830000 tension=0.00000000 bid_drop=0.00000000 ask_drop=0.00000000
2026-07-08T18:58:58Z,1125,SKIP,SKIPPED,,,,,0,duo_wait,reason=no_trigger mode=none
2026-07-08T18:59:06Z,1126,SKIP,SKIPPED,,,,,0,radar_block,reason=momentum_too_small conf=0.0001 mom_sig=0.00004093 raw_mom_bps=0.00000000 spread_bps=1.15830000 tension=0.00004093 bid_drop=0.00026607 ask_drop=0.00000000
2026-07-08T18:59:14Z,1127,SKIP,SKIPPED,,,,,0,radar_block,reason=momentum_too_small conf=0.3247 mom_sig=0.00000000 raw_mom_bps=0.00000000 spread_bps=1.15830000 tension=0.00000000 bid_drop=0.00000000 ask_drop=0.00000000
2026-07-08T18:59:22Z,1128,SKIP,SKIPPED,,,,,0,radar_block,reason=momentum_too_small conf=0.3247 mom_sig=0.00000000 raw_mom_bps=0.00000000 spread_bps=1.15830000 tension=0.00000000 bid_drop=0.00000000 ask_drop=0.00000000
2026-07-08T18:59:30Z,1129,SKIP,SKIPPED,,,,,0,radar_block,reason=momentum_too_small conf=0.0 mom_sig=0.00001496 raw_mom_bps=0.00000000 spread_bps=1.15830000 tension=0.00001496 bid_drop=0.00000000 ask_drop=0.00009727
2026-07-08T18:59:41Z,1130,SKIP,SKIPPED,,,,,0,duo_wait,reason=no_trigger mode=none
2026-07-08T18:59:50Z,1131,SKIP,SKIPPED,,,,,0,impulse_resonance_wait,reason=wall_not_collapsed tension=0.50497773 bid_drop=0.00000000 ask_drop=3.28235524
2026-07-08T18:59:58Z,1132,SKIP,SKIPPED,,,,,0,radar_block,reason=momentum_too_small conf=0.0 mom_sig=0.00002815 raw_mom_bps=0.00000000 spread_bps=0.43440000 tension=0.00002815 bid_drop=0.00000000 ask_drop=0.00018296
2026-07-08T19:00:17Z,1133,SKIP,SKIPPED,,,,,0,radar_block,reason=momentum_too_small conf=0.3496 mom_sig=0.00000000 raw_mom_bps=0.00000000 spread_bps=0.01610000 tension=0.00000000 bid_drop=0.00000000 ask_drop=0.00000000
2026-07-08T19:00:45Z,1134,SKIP,SKIPPED,,,,,0,duo_wait,reason=no_trigger mode=none
2026-07-08T19:01:09Z,1135,SKIP,SKIPPED,,,,,0,impulse_resonance_wait,reason=wall_not_collapsed tension=0.77584472 bid_drop=5.04299071 ask_drop=0.00116605
2026-07-08T19:01:32Z,1136,SKIP,SKIPPED,,,,,0,impulse_resonance_wait,reason=wall_not_collapsed tension=0.77597981 bid_drop=5.04386879 ask_drop=0.00004070
2026-07-08T19:01:58Z,1137,SKIP,SKIPPED,,,,,0,duo_wait,reason=no_trigger mode=none
2026-07-08T19:02:17Z,1138,SKIP,SKIPPED,,,,,0,impulse_resonance_wait,reason=wall_not_collapsed tension=0.77652964 bid_drop=5.04744269 ask_drop=0.00000000
2026-07-08T19:02:33Z,1139,SKIP,SKIPPED,,,,,0,radar_block,reason=low_confidence conf=0.2143 mom_sig=0.20662896 raw_mom_bps=0.65946191 spread_bps=6.04500000 tension=0.20662896 bid_drop=0.00000000 ask_drop=1.34308821
2026-07-08T19:02:42Z,1140,SKIP,SKIPPED,,,,,0,duo_wait,reason=no_trigger mode=none
2026-07-08T19:02:50Z,1141,SKIP,SKIPPED,,,,,0,duo_wait,reason=no_trigger mode=none
2026-07-08T19:02:58Z,1142,SKIP,SKIPPED,,,,,0,radar_block,reason=momentum_too_small conf=0.0 mom_sig=0.00001930 raw_mom_bps=0.00000000 spread_bps=4.51770000 tension=0.00001930 bid_drop=0.00012548 ask_drop=0.00000000
2026-07-08T19:03:05Z,1143,SKIP,SKIPPED,,,,,0,impulse_resonance_wait,reason=wall_not_collapsed tension=0.42926898 bid_drop=2.79024840 ask_drop=0.00000000
2026-07-08T19:03:13Z,1144,SKIP,SKIPPED,,,,,0,impulse_resonance_wait,reason=wall_not_collapsed tension=0.41152246 bid_drop=2.67489602 ask_drop=0.00000000
2026-07-08T19:03:20Z,1145,SKIP,SKIPPED,,,,,0,radar_block,reason=momentum_too_small conf=0.2723 mom_sig=0.00000000 raw_mom_bps=0.00000000 spread_bps=3.55310000 tension=0.00000000 bid_drop=0.00000000 ask_drop=0.00000000
2026-07-08T19:03:29Z,1146,SKIP,SKIPPED,,,,,0,radar_block,reason=momentum_too_small conf=0.2561 mom_sig=0.00000000 raw_mom_bps=0.00000000 spread_bps=4.29260000 tension=0.00000000 bid_drop=0.00000000 ask_drop=0.00000000
2026-07-08T19:03:36Z,1147,SKIP,SKIPPED,,,,,0,radar_block,reason=momentum_too_small conf=0.2241 mom_sig=0.00000000 raw_mom_bps=0.00000000 spread_bps=5.75490000 tension=0.00000000 bid_drop=0.00000000 ask_drop=0.00000000
2026-07-08T19:03:44Z,1148,SKIP,SKIPPED,,,,,0,radar_block,reason=momentum_too_small conf=0.2959 mom_sig=0.00000000 raw_mom_bps=0.00000000 spread_bps=2.47530000 tension=0.00000000 bid_drop=0.00000000 ask_drop=0.00000000
2026-07-08T19:03:51Z,1149,SKIP,SKIPPED,,,,,0,radar_block,reason=momentum_too_small conf=0.2962 mom_sig=0.00000000 raw_mom_bps=0.00000000 spread_bps=2.45920000 tension=0.00000000 bid_drop=0.00000000 ask_drop=0.00000000
2026-07-08T19:03:58Z,1150,SKIP,SKIPPED,,,,,0,radar_block,reason=momentum_too_small conf=0.0068 mom_sig=0.00482029 raw_mom_bps=0.00000000 spread_bps=2.47530000 tension=0.00482029 bid_drop=0.03133191 ask_drop=0.00000000
2026-07-08T19:04:06Z,1151,SKIP,SKIPPED,,,,,0,radar_block,reason=momentum_too_small conf=0.2959 mom_sig=0.00000000 raw_mom_bps=0.00000000 spread_bps=2.47530000 tension=0.00000000 bid_drop=0.00000000 ask_drop=0.00000000
2026-07-08T19:04:14Z,1152,SKIP,SKIPPED,,,,,0,radar_block,reason=momentum_too_small conf=0.0 mom_sig=0.00001028 raw_mom_bps=0.00000000 spread_bps=3.26260000 tension=0.00001028 bid_drop=0.00006684 ask_drop=0.00002035
2026-07-08T19:04:21Z,1153,SKIP,SKIPPED,,,,,0,radar_block,reason=momentum_too_small conf=0.0 mom_sig=0.00002427 raw_mom_bps=0.00000000 spread_bps=1.46280000 tension=0.00002427 bid_drop=0.00015775 ask_drop=0.00000000
2026-07-08T19:04:29Z,1154,SKIP,SKIPPED,,,,,0,radar_block,reason=momentum_too_small conf=0.0004 mom_sig=0.00025416 raw_mom_bps=0.00000000 spread_bps=1.46280000 tension=0.00025416 bid_drop=0.00020364 ask_drop=0.00165202
2026-07-08T19:04:37Z,1155,SKIP,SKIPPED,,,,,0,impulse_resonance_wait,reason=wall_not_collapsed tension=0.20118298 bid_drop=0.00000000 ask_drop=1.30768938
2026-07-08T19:04:46Z,1156,SKIP,SKIPPED,,,,,0,radar_block,reason=momentum_too_small conf=0.3496 mom_sig=0.00000000 raw_mom_bps=0.00000000 spread_bps=0.01610000 tension=0.00000000 bid_drop=0.00000000 ask_drop=0.00000000
2026-07-08T19:04:55Z,1157,SKIP,SKIPPED,,,,,0,duo_wait,reason=no_trigger mode=none
2026-07-08T19:05:03Z,1158,SKIP,SKIPPED,,,,,0,radar_block,reason=momentum_too_small conf=0.3447 mom_sig=0.00000000 raw_mom_bps=0.00000000 spread_bps=0.24130000 tension=0.00000000 bid_drop=0.00000000 ask_drop=0.00000000
2026-07-08T19:05:11Z,1159,SKIP,SKIPPED,,,,,0,radar_block,reason=direction_unclear conf=0.0506 mom_sig=0.03081016 raw_mom_bps=0.00000000 spread_bps=0.24130000 tension=0.03081016 bid_drop=0.00273942 ask_drop=0.20026601
2026-07-08T19:05:20Z,1160,SKIP,SKIPPED,,,,,0,radar_block,reason=momentum_too_small conf=0.0009 mom_sig=0.00054068 raw_mom_bps=0.00000000 spread_bps=0.25730000 tension=0.00054068 bid_drop=0.00351439 ask_drop=0.00000000
2026-07-08T19:05:28Z,1161,SKIP,SKIPPED,,,,,0,radar_block,reason=momentum_too_small conf=0.0 mom_sig=0.00002641 raw_mom_bps=-0.03216877 spread_bps=0.28950000 tension=0.00002641 bid_drop=0.00017165 ask_drop=0.00000000
2026-07-08T19:05:37Z,1162,SKIP,SKIPPED,,,,,0,radar_block,reason=momentum_too_small conf=0.3437 mom_sig=0.00000000 raw_mom_bps=0.00000000 spread_bps=0.28950000 tension=0.00000000 bid_drop=0.00000000 ask_drop=0.00000000
2026-07-08T19:06:05Z,1163,SKIP,SKIPPED,,,,,0,duo_wait,reason=no_trigger mode=none
2026-07-08T19:06:30Z,1164,SKIP,SKIPPED,,,,,0,radar_block,reason=momentum_too_small conf=0.0001 mom_sig=0.00004776 raw_mom_bps=0.00000000 spread_bps=3.15250000 tension=0.00004776 bid_drop=0.00031041 ask_drop=0.00000000
2026-07-08T19:06:53Z,1165,SKIP,SKIPPED,,,,,0,radar_block,reason=momentum_too_small conf=0.0001 mom_sig=0.00009143 raw_mom_bps=0.00000000 spread_bps=3.05600000 tension=0.00009143 bid_drop=0.00059427 ask_drop=0.00000000
2026-07-08T19:07:15Z,1166,SKIP,SKIPPED,,,,,0,radar_block,reason=momentum_too_small conf=0.0028 mom_sig=0.00167657 raw_mom_bps=0.00000000 spread_bps=0.16090000 tension=0.00167657 bid_drop=0.00733529 ask_drop=0.01089768
2026-07-08T19:07:40Z,1167,SKIP,SKIPPED,,,,,0,radar_block,reason=momentum_too_small conf=0.0001 mom_sig=0.00008258 raw_mom_bps=0.57927918 spread_bps=0.57920000 tension=0.00008258 bid_drop=0.00000000 ask_drop=0.00053674
2026-07-08T19:08:00Z,1168,SKIP,SKIPPED,,,,,0,radar_block,reason=momentum_too_small conf=0.0003 mom_sig=0.00020359 raw_mom_bps=0.17699115 spread_bps=0.86880000 tension=0.00020359 bid_drop=0.00132334 ask_drop=0.00000000
2026-07-08T19:08:24Z,1169,SKIP,SKIPPED,,,,,0,radar_block,reason=momentum_too_small conf=0.0001 mom_sig=0.00003265 raw_mom_bps=-0.90102266 spread_bps=1.17450000 tension=0.00003265 bid_drop=0.00021224 ask_drop=0.00000000
2026-07-08T19:08:51Z,1170,SKIP,SKIPPED,,,,,0,radar_block,reason=momentum_too_small conf=0.0 mom_sig=0.00001592 raw_mom_bps=0.00000000 spread_bps=1.60900000 tension=0.00001592 bid_drop=0.00010348 ask_drop=0.00000000
2026-07-08T19:09:18Z,1171,SKIP,SKIPPED,,,,,0,duo_wait,reason=no_trigger mode=none
2026-07-08T19:09:42Z,1172,SKIP,SKIPPED,,,,,0,radar_block,reason=momentum_too_small conf=0.0 mom_sig=0.00000922 raw_mom_bps=0.00000000 spread_bps=3.79720000 tension=0.00000922 bid_drop=0.00000000 ask_drop=0.00005993
2026-07-08T19:09:58Z,1173,SKIP,SKIPPED,,,,,0,radar_block,reason=momentum_too_small conf=0.0 mom_sig=0.00000291 raw_mom_bps=0.00000000 spread_bps=1.04600000 tension=0.00000291 bid_drop=0.00001894 ask_drop=0.00000000
2026-07-08T19:10:07Z,1174,SKIP,SKIPPED,,,,,0,duo_wait,reason=no_trigger mode=none
2026-07-08T19:10:16Z,1175,SKIP,SKIPPED,,,,,0,radar_block,reason=momentum_too_small conf=0.0018 mom_sig=0.00110326 raw_mom_bps=0.00000000 spread_bps=0.11270000 tension=0.00110326 bid_drop=0.00717120 ask_drop=0.00000000
2026-07-08T19:10:26Z,1176,SKIP,SKIPPED,,,,,0,duo_wait,reason=no_trigger mode=none
2026-07-08T19:10:34Z,1177,SKIP,SKIPPED,,,,,0,impulse_resonance_wait,reason=wall_not_collapsed tension=0.21684487 bid_drop=0.00025881 ask_drop=1.40949167
2026-07-08T19:10:43Z,1178,SKIP,SKIPPED,,,,,0,radar_block,reason=momentum_too_small conf=0.0 mom_sig=0.00001287 raw_mom_bps=0.00000000 spread_bps=1.38400000 tension=0.00001287 bid_drop=0.00008363 ask_drop=0.00000000
2026-07-08T19:10:53Z,1179,SKIP,SKIPPED,,,,,0,duo_wait,reason=no_trigger mode=none
2026-07-08T19:11:01Z,1180,SKIP,SKIPPED,,,,,0,radar_block,reason=momentum_too_small conf=0.3102 mom_sig=0.00000000 raw_mom_bps=0.00000000 spread_bps=1.81850000 tension=0.00000000 bid_drop=0.00000000 ask_drop=0.00000000
2026-07-08T19:11:10Z,1181,SKIP,SKIPPED,,,,,0,radar_block,reason=momentum_too_small conf=0.0004 mom_sig=0.00026321 raw_mom_bps=0.00000000 spread_bps=1.81850000 tension=0.00026321 bid_drop=0.00171086 ask_drop=0.00000000
2026-07-08T19:11:18Z,1182,SKIP,SKIPPED,,,,,0,impulse_resonance_wait,reason=wall_not_collapsed tension=0.42208436 bid_drop=0.00036051 ask_drop=2.74354832
2026-07-08T19:11:27Z,1183,SKIP,SKIPPED,,,,,0,impulse_resonance_wait,reason=wall_not_collapsed tension=0.32819103 bid_drop=2.13324171 ask_drop=0.00000000
2026-07-08T19:11:35Z,1184,SKIP,SKIPPED,,,,,0,impulse_resonance_wait,reason=wall_not_collapsed tension=0.99176697 bid_drop=6.44648529 ask_drop=0.00023657
2026-07-08T19:11:43Z,1185,SKIP,SKIPPED,,,,,0,impulse_resonance_wait,reason=wall_not_collapsed tension=0.29471646 bid_drop=1.91565698 ask_drop=0.00000000
2026-07-08T19:11:53Z,1186,SKIP,SKIPPED,,,,,0,radar_block,reason=momentum_too_small conf=0.3102 mom_sig=0.00000000 raw_mom_bps=0.00000000 spread_bps=1.81850000 tension=0.00000000 bid_drop=0.00000000 ask_drop=0.00000000
2026-07-08T19:12:04Z,1187,SKIP,SKIPPED,,,,,0,radar_block,reason=momentum_too_small conf=0.3282 mom_sig=0.00000000 raw_mom_bps=0.00000000 spread_bps=0.99780000 tension=0.00000000 bid_drop=0.00000000 ask_drop=0.00000000
2026-07-08T19:12:13Z,1188,SKIP,SKIPPED,,,,,0,impulse_resonance_wait,reason=wall_not_collapsed tension=0.33776288 bid_drop=2.19545873 ask_drop=0.00000000
2026-07-08T19:12:21Z,1189,SKIP,SKIPPED,,,,,0,radar_block,reason=momentum_too_small conf=0.0 mom_sig=0.00001995 raw_mom_bps=0.00000000 spread_bps=1.81850000 tension=0.00001995 bid_drop=0.00002766 ask_drop=0.00012970
2026-07-08T19:12:31Z,1190,SKIP,SKIPPED,,,,,0,radar_block,reason=momentum_too_small conf=0.0 mom_sig=0.00002212 raw_mom_bps=0.00000000 spread_bps=1.78630000 tension=0.00002212 bid_drop=0.00014381 ask_drop=0.00000000
2026-07-08T19:12:40Z,1191,SKIP,SKIPPED,,,,,0,radar_block,reason=momentum_too_small conf=0.0001 mom_sig=0.00004127 raw_mom_bps=0.00000000 spread_bps=1.78630000 tension=0.00004127 bid_drop=0.00026826 ask_drop=0.00000000
2026-07-08T19:13:02Z,1192,SKIP,SKIPPED,,,,,0,radar_block,reason=momentum_too_small conf=0.0117 mom_sig=0.00795207 raw_mom_bps=0.00000000 spread_bps=1.81850000 tension=0.00795207 bid_drop=0.05168844 ask_drop=0.00000000
2026-07-08T19:13:24Z,1193,SKIP,SKIPPED,,,,,0,radar_block,reason=momentum_too_small conf=0.0001 mom_sig=0.00003492 raw_mom_bps=0.00000000 spread_bps=1.81850000 tension=0.00003492 bid_drop=0.00022698 ask_drop=0.00000000
2026-07-08T19:13:42Z,1194,SKIP,SKIPPED,,,,,0,impulse_resonance_wait,reason=wall_not_collapsed tension=0.97322177 bid_drop=6.32594148 ask_drop=0.00000000
2026-07-08T19:13:55Z,1195,SKIP,SKIPPED,,,,,0,radar_block,reason=momentum_too_small conf=0.0001 mom_sig=0.00003746 raw_mom_bps=0.00000000 spread_bps=1.81850000 tension=0.00003746 bid_drop=0.00024350 ask_drop=0.00000000
2026-07-08T19:14:03Z,1196,SKIP,SKIPPED,,,,,0,radar_block,reason=momentum_too_small conf=0.0 mom_sig=0.00001193 raw_mom_bps=0.00000000 spread_bps=1.81850000 tension=0.00001193 bid_drop=0.00007756 ask_drop=0.00000000
2026-07-08T19:14:12Z,1197,SKIP,SKIPPED,,,,,0,radar_block,reason=momentum_too_small conf=0.0016 mom_sig=0.00108427 raw_mom_bps=0.00000000 spread_bps=1.81850000 tension=0.00108427 bid_drop=0.00000000 ask_drop=0.00704773
2026-07-08T19:14:20Z,1198,SKIP,SKIPPED,,,,,0,impulse_resonance_wait,reason=wall_not_collapsed tension=0.64282517 bid_drop=0.00008587 ask_drop=4.17836363
2026-07-08T19:14:28Z,1199,SKIP,SKIPPED,,,,,0,radar_block,reason=momentum_too_small conf=0.0001 mom_sig=0.00004734 raw_mom_bps=0.00000000 spread_bps=0.80470000 tension=0.00004734 bid_drop=0.00030772 ask_drop=0.00000000
2026-07-08T19:14:36Z,1200,SKIP,SKIPPED,,,,,0,radar_block,reason=momentum_too_small conf=0.0 mom_sig=0.00002946 raw_mom_bps=0.00000000 spread_bps=0.80470000 tension=0.00002946 bid_drop=0.00019150 ask_drop=0.00000000
2026-07-08T19:14:44Z,1201,SKIP,SKIPPED,,,,,0,radar_block,reason=momentum_too_small conf=0.0001 mom_sig=0.00007429 raw_mom_bps=0.00000000 spread_bps=1.81850000 tension=0.00007429 bid_drop=0.00048291 ask_drop=0.00000000
2026-07-08T19:14:53Z,1202,SKIP,SKIPPED,,,,,0,duo_wait,reason=no_trigger mode=none
2026-07-08T19:15:16Z,1203,SKIP,SKIPPED,,,,,0,duo_wait,reason=no_trigger mode=none
2026-07-08T19:15:44Z,1204,SKIP,SKIPPED,,,,,0,duo_wait,reason=no_trigger mode=none
2026-07-08T19:16:10Z,1205,SKIP,SKIPPED,,,,,0,duo_wait,reason=no_trigger mode=none
2026-07-08T19:16:35Z,1206,SKIP,SKIPPED,,,,,0,radar_block,reason=momentum_too_small conf=0.3486 mom_sig=0.00000000 raw_mom_bps=0.00000000 spread_bps=0.06440000 tension=0.00000000 bid_drop=0.00000000 ask_drop=0.00000000
2026-07-08T19:16:59Z,1207,SKIP,SKIPPED,,,,,0,radar_block,reason=direction_unclear conf=0.0154 mom_sig=0.00971513 raw_mom_bps=-0.77325566 spread_bps=0.78940000 tension=0.00971513 bid_drop=0.06314836 ask_drop=0.02587428
2026-07-08T19:17:19Z,1208,SKIP,SKIPPED,,,,,0,radar_block,reason=momentum_too_small conf=0.0065 mom_sig=0.00413964 raw_mom_bps=0.00000000 spread_bps=0.91820000 tension=0.00413964 bid_drop=0.00004575 ask_drop=0.02690766
2026-07-08T19:17:37Z,1209,SKIP,SKIPPED,,,,,0,radar_block,reason=direction_unclear conf=0.1115 mom_sig=0.06846324 raw_mom_bps=0.00000000 spread_bps=0.37050000 tension=0.06846324 bid_drop=0.00034605 ask_drop=0.44501104
2026-07-08T19:17:47Z,1210,SKIP,SKIPPED,,,,,0,radar_block,reason=momentum_too_small conf=0.3229 mom_sig=0.00000000 raw_mom_bps=-0.57997725 spread_bps=1.24040000 tension=0.00000000 bid_drop=0.00000000 ask_drop=0.00000000
2026-07-08T19:17:56Z,1211,SKIP,SKIPPED,,,,,0,radar_block,reason=momentum_too_small conf=0.0063 mom_sig=0.00415869 raw_mom_bps=0.00000000 spread_bps=1.44980000 tension=0.00415869 bid_drop=0.00000000 ask_drop=0.02703147
2026-07-08T19:18:05Z,1212,SKIP,SKIPPED,,,,,0,radar_block,reason=momentum_too_small conf=0.0 mom_sig=0.00001314 raw_mom_bps=0.00000000 spread_bps=1.46600000 tension=0.00001314 bid_drop=0.00008542 ask_drop=0.00000335
2026-07-08T19:18:14Z,1213,SKIP,SKIPPED,,,,,0,duo_wait,reason=no_trigger mode=none
2026-07-08T19:18:23Z,1214,SKIP,SKIPPED,,,,,0,impulse_resonance_wait,reason=wall_not_collapsed tension=0.88383753 bid_drop=0.00000000 ask_drop=5.74494392
2026-07-08T19:18:32Z,1215,SKIP,SKIPPED,,,,,0,impulse_resonance_wait,reason=wall_not_collapsed tension=0.55329286 bid_drop=3.59640356 ask_drop=0.00000000
2026-07-08T19:18:40Z,1216,SKIP,SKIPPED,,,,,0,radar_block,reason=momentum_too_small conf=0.0 mom_sig=0.00002521 raw_mom_bps=0.00000000 spread_bps=1.04710000 tension=0.00002521 bid_drop=0.00000000 ask_drop=0.00016384
2026-07-08T19:18:49Z,1217,SKIP,SKIPPED,,,,,0,radar_block,reason=direction_unclear conf=0.1263 mom_sig=0.07707357 raw_mom_bps=0.00000000 spread_bps=0.27380000 tension=0.07707357 bid_drop=0.00000000 ask_drop=0.50097823
2026-07-08T19:18:57Z,1218,SKIP,SKIPPED,,,,,0,impulse_resonance_wait,reason=wall_not_collapsed tension=0.55326633 bid_drop=3.59623112 ask_drop=0.00035958
2026-07-08T19:19:07Z,1219,SKIP,SKIPPED,,,,,0,impulse_resonance_wait,reason=wall_not_collapsed tension=0.35556658 bid_drop=0.00000000 ask_drop=2.31118275
2026-07-08T19:19:16Z,1220,SKIP,SKIPPED,,,,,0,impulse_resonance_wait,reason=wall_not_collapsed tension=0.55330247 bid_drop=3.59646604 ask_drop=0.00000000
2026-07-08T19:19:24Z,1221,SKIP,SKIPPED,,,,,0,radar_block,reason=momentum_too_small conf=0.0001 mom_sig=0.00007652 raw_mom_bps=0.00000000 spread_bps=0.11280000 tension=0.00007652 bid_drop=0.00000000 ask_drop=0.00049741
2026-07-08T19:19:32Z,1222,SKIP,SKIPPED,,,,,0,radar_block,reason=momentum_too_small conf=0.3475 mom_sig=0.00000000 raw_mom_bps=0.00000000 spread_bps=0.11280000 tension=0.00000000 bid_drop=0.00000000 ask_drop=0.00000000
2026-07-08T19:19:40Z,1223,SKIP,SKIPPED,,,,,0,radar_block,reason=direction_unclear conf=0.0561 mom_sig=0.03477268 raw_mom_bps=0.00000000 spread_bps=0.51560000 tension=0.03477268 bid_drop=0.00003844 ask_drop=0.22602242
2026-07-08T19:19:49Z,1224,SKIP,SKIPPED,,,,,0,radar_block,reason=momentum_too_small conf=0.3359 mom_sig=0.00000000 raw_mom_bps=0.00000000 spread_bps=0.64440000 tension=0.00000000 bid_drop=0.00000000 ask_drop=0.00000000
2026-07-08T19:19:57Z,1225,SKIP,SKIPPED,,,,,0,radar_block,reason=momentum_too_small conf=0.0001 mom_sig=0.00003456 raw_mom_bps=0.00000000 spread_bps=0.64440000 tension=0.00003456 bid_drop=0.00022461 ask_drop=0.00009301
2026-07-08T19:20:06Z,1226,SKIP,SKIPPED,,,,,0,radar_block,reason=momentum_too_small conf=0.0 mom_sig=0.00003060 raw_mom_bps=0.00000000 spread_bps=0.66050000 tension=0.00003060 bid_drop=0.00019887 ask_drop=0.00000000
2026-07-08T19:20:15Z,1227,SKIP,SKIPPED,,,,,0,radar_block,reason=momentum_too_small conf=0.3352 mom_sig=0.00000000 raw_mom_bps=0.00000000 spread_bps=0.67670000 tension=0.00000000 bid_drop=0.00000000 ask_drop=0.00000000
2026-07-08T19:20:23Z,1228,SKIP,SKIPPED,,,,,0,radar_block,reason=momentum_too_small conf=0.3341 mom_sig=0.00000000 raw_mom_bps=0.67669791 spread_bps=0.72500000 tension=0.00000000 bid_drop=0.00000000 ask_drop=0.00000000
2026-07-08T19:20:32Z,1229,SKIP,SKIPPED,,,,,0,radar_block,reason=momentum_too_small conf=0.3341 mom_sig=0.00000000 raw_mom_bps=0.00000000 spread_bps=0.72500000 tension=0.00000000 bid_drop=0.00000000 ask_drop=0.00000000
2026-07-08T19:20:43Z,1230,SKIP,SKIPPED,,,,,0,duo_wait,reason=no_trigger mode=none
2026-07-08T19:20:53Z,1231,SKIP,SKIPPED,,,,,0,duo_wait,reason=no_trigger mode=none
2026-07-08T19:21:12Z,1232,SKIP,SKIPPED,,,,,0,radar_block,reason=momentum_too_small conf=0.0 mom_sig=0.00000745 raw_mom_bps=0.00000000 spread_bps=2.02920000 tension=0.00000745 bid_drop=0.00004843 ask_drop=0.00000739
2026-07-08T19:21:36Z,1233,SKIP,SKIPPED,,,,,0,radar_block,reason=momentum_too_small conf=0.0001 mom_sig=0.00007848 raw_mom_bps=0.00000000 spread_bps=3.09080000 tension=0.00007848 bid_drop=0.00000000 ask_drop=0.00051013
2026-07-08T19:21:53Z,1234,SKIP,SKIPPED,,,,,0,radar_block,reason=momentum_too_small conf=0.2194 mom_sig=0.00000000 raw_mom_bps=0.00000000 spread_bps=5.96880000 tension=0.00000000 bid_drop=0.00000000 ask_drop=0.00000000
2026-07-08T19:22:07Z,1235,SKIP,SKIPPED,,,,,0,radar_block,reason=momentum_too_small conf=0.0001 mom_sig=0.00005908 raw_mom_bps=0.00000000 spread_bps=5.83960000 tension=0.00005908 bid_drop=0.00000000 ask_drop=0.00038401
2026-07-08T19:22:15Z,1236,SKIP,SKIPPED,,,,,0,impulse_resonance_wait,reason=wall_not_collapsed tension=0.90253858 bid_drop=5.86650075 ask_drop=0.00000000
2026-07-08T19:22:24Z,1237,SKIP,SKIPPED,,,,,0,impulse_resonance_wait,reason=wall_not_collapsed tension=0.65563884 bid_drop=4.26165244 ask_drop=0.00000000
2026-07-08T19:22:32Z,1238,SKIP,SKIPPED,,,,,0,impulse_resonance_wait,reason=wall_not_collapsed tension=0.66765226 bid_drop=4.33973968 ask_drop=0.00724475
2026-07-08T19:22:40Z,1239,SKIP,SKIPPED,,,,,0,impulse_resonance_wait,reason=wall_not_collapsed tension=0.76695413 bid_drop=4.98520183 ask_drop=0.00000000
2026-07-08T19:22:48Z,1240,SKIP,SKIPPED,,,,,0,radar_block,reason=direction_unclear conf=0.3024 mom_sig=0.18788136 raw_mom_bps=0.00000000 spread_bps=0.54670000 tension=0.18788136 bid_drop=0.00006085 ask_drop=1.22122882
2026-07-08T19:22:57Z,1241,SKIP,SKIPPED,,,,,0,radar_block,reason=momentum_too_small conf=0.0 mom_sig=0.00000601 raw_mom_bps=0.00000000 spread_bps=0.54670000 tension=0.00000601 bid_drop=0.00000000 ask_drop=0.00003908
2026-07-08T19:23:05Z,1242,SKIP,SKIPPED,,,,,0,radar_block,reason=momentum_too_small conf=0.338 mom_sig=0.00000000 raw_mom_bps=0.00000000 spread_bps=0.54670000 tension=0.00000000 bid_drop=0.00000000 ask_drop=0.00000000
2026-07-08T19:23:14Z,1243,SKIP,SKIPPED,,,,,0,radar_block,reason=momentum_too_small conf=0.0 mom_sig=0.00001174 raw_mom_bps=0.00000000 spread_bps=0.73970000 tension=0.00001174 bid_drop=0.00000000 ask_drop=0.00007630
2026-07-08T19:23:23Z,1244,SKIP,SKIPPED,,,,,0,radar_block,reason=momentum_too_small conf=0.0 mom_sig=0.00000330 raw_mom_bps=0.00000000 spread_bps=0.73970000 tension=0.00000330 bid_drop=0.00000000 ask_drop=0.00002143
2026-07-08T19:23:38Z,1245,SKIP,SKIPPED,,,,,0,radar_block,reason=momentum_too_small conf=0.3324 mom_sig=0.00000000 raw_mom_bps=0.00000000 spread_bps=0.80400000 tension=0.00000000 bid_drop=0.00000000 ask_drop=0.00000000
2026-07-08T19:23:49Z,1246,SKIP,SKIPPED,,,,,0,impulse_resonance_wait,reason=wall_not_collapsed tension=0.63832833 bid_drop=4.14913414 ask_drop=0.00000000
2026-07-08T19:23:57Z,1247,SKIP,SKIPPED,,,,,0,radar_block,reason=momentum_too_small conf=0.0001 mom_sig=0.00005255 raw_mom_bps=0.00000000 spread_bps=5.99450000 tension=0.00005255 bid_drop=0.00034160 ask_drop=0.00000000
2026-07-08T19:24:06Z,1248,SKIP,SKIPPED,,,,,0,radar_block,reason=momentum_too_small conf=0.0 mom_sig=0.00004152 raw_mom_bps=0.00000000 spread_bps=5.65710000 tension=0.00004152 bid_drop=0.00026990 ask_drop=0.00000000
2026-07-08T19:24:17Z,1249,SKIP,SKIPPED,,,,,0,llm_gate,reason=ollama_skip status=SKIP
2026-07-08T19:24:40Z,1250,BUY,FILLED,62223.20000000,62223.20000000,0.25070000,0.00000000,0.00000000,shock_inversion_stop,radar=long conf=0.765 size_note=hunter_revenge_1.5x+entry_25_75_full soft=0 pct=0.00000000 tension=4.55322488 bid_drop=29.59596172 ask_drop=0.00000000
2026-07-08T19:24:50Z,1251,SKIP,SKIPPED,,,,,0,radar_block,reason=momentum_too_small conf=0.253 mom_sig=0.00000000 raw_mom_bps=0.00000000 spread_bps=4.43560000 tension=0.00000000 bid_drop=0.00000000 ask_drop=0.00000000
2026-07-08T19:24:58Z,1252,SKIP,SKIPPED,,,,,0,radar_block,reason=momentum_too_small conf=0.3398 mom_sig=0.00000000 raw_mom_bps=-0.75568290 spread_bps=0.46630000 tension=0.00000000 bid_drop=0.00000000 ask_drop=0.00000000
2026-07-08T19:25:07Z,1253,SKIP,SKIPPED,,,,,0,radar_block,reason=momentum_too_small conf=0.0 mom_sig=0.00001796 raw_mom_bps=0.00000000 spread_bps=0.78770000 tension=0.00001796 bid_drop=0.00011677 ask_drop=0.00000000
2026-07-08T19:25:15Z,1254,SKIP,SKIPPED,,,,,0,radar_block,reason=momentum_too_small conf=0.3377 mom_sig=0.00000000 raw_mom_bps=0.00000000 spread_bps=0.56250000 tension=0.00000000 bid_drop=0.00000000 ask_drop=0.00000000
2026-07-08T19:25:38Z,1255,BUY,FILLED,62219.30000000,62193.70000000,0.25070000,-4.11447895,-6.41792000,shock_inversion_stop,radar=long conf=0.8061 size_note=hunter_revenge_1.5x+entry_25_75_full soft=0 pct=-0.04114479 tension=1.67329528 bid_drop=10.87641935 ask_drop=0.00026067
2026-07-08T19:25:49Z,1256,SKIP,SKIPPED,,,,,0,radar_block,reason=momentum_too_small conf=0.0001 mom_sig=0.00006550 raw_mom_bps=0.00000000 spread_bps=3.47140000 tension=0.00006550 bid_drop=0.00042578 ask_drop=0.00000000
2026-07-08T19:25:57Z,1257,SKIP,SKIPPED,,,,,0,radar_block,reason=momentum_too_small conf=0.2684 mom_sig=0.00000000 raw_mom_bps=0.00000000 spread_bps=3.72850000 tension=0.00000000 bid_drop=0.00000000 ask_drop=0.00000000
2026-07-08T19:26:06Z,1258,SKIP,SKIPPED,,,,,0,radar_block,reason=momentum_too_small conf=0.3271 mom_sig=0.00000000 raw_mom_bps=0.00000000 spread_bps=1.04500000 tension=0.00000000 bid_drop=0.00000000 ask_drop=0.00000000
2026-07-08T19:26:14Z,1259,SKIP,SKIPPED,,,,,0,radar_block,reason=momentum_too_small conf=0.0 mom_sig=0.00000319 raw_mom_bps=0.00000000 spread_bps=1.04500000 tension=0.00000319 bid_drop=0.00002071 ask_drop=0.00000000
2026-07-08T19:26:23Z,1260,SKIP,SKIPPED,,,,,0,radar_block,reason=momentum_too_small conf=0.0001 mom_sig=0.00008694 raw_mom_bps=-0.45020782 spread_bps=1.80060000 tension=0.00008694 bid_drop=0.00056513 ask_drop=0.00000000
2026-07-08T19:26:32Z,1261,SKIP,SKIPPED,,,,,0,radar_block,reason=momentum_too_small conf=0.0 mom_sig=0.00000282 raw_mom_bps=0.00000000 spread_bps=1.63990000 tension=0.00000282 bid_drop=0.00000000 ask_drop=0.00001835
2026-07-08T19:26:41Z,1262,SKIP,SKIPPED,,,,,0,radar_block,reason=momentum_too_small conf=0.0 mom_sig=0.00001255 raw_mom_bps=0.00000000 spread_bps=5.64100000 tension=0.00001255 bid_drop=0.00000000 ask_drop=0.00008158
2026-07-08T19:26:49Z,1263,SKIP,SKIPPED,,,,,0,impulse_resonance_wait,reason=wall_not_collapsed tension=0.77896952 bid_drop=5.06330190 ask_drop=0.00000000
2026-07-08T19:26:58Z,1264,SKIP,SKIPPED,,,,,0,radar_block,reason=momentum_too_small conf=0.2189 mom_sig=0.00000000 raw_mom_bps=-0.33768573 spread_bps=5.99450000 tension=0.00000000 bid_drop=0.00000000 ask_drop=0.00000000
2026-07-08T19:27:06Z,1265,SKIP,SKIPPED,,,,,0,radar_block,reason=momentum_too_small conf=0.2449 mom_sig=0.00000000 raw_mom_bps=0.00000000 spread_bps=4.80530000 tension=0.00000000 bid_drop=0.00000000 ask_drop=0.00000000
2026-07-08T19:27:14Z,1266,SKIP,SKIPPED,,,,,0,radar_block,reason=momentum_too_small conf=0.2375 mom_sig=0.00000000 raw_mom_bps=0.00000000 spread_bps=5.14280000 tension=0.00000000 bid_drop=0.00000000 ask_drop=0.00000000
2026-07-08T19:27:23Z,1267,SKIP,SKIPPED,,,,,0,radar_block,reason=momentum_too_small conf=0.001 mom_sig=0.00092288 raw_mom_bps=0.01607945 spread_bps=5.14280000 tension=0.00092288 bid_drop=0.00599875 ask_drop=0.00002040
2026-07-08T19:27:31Z,1268,SKIP,SKIPPED,,,,,0,radar_block,reason=momentum_too_small conf=0.0004 mom_sig=0.00028300 raw_mom_bps=0.00000000 spread_bps=1.02890000 tension=0.00028300 bid_drop=0.00183949 ask_drop=0.00000000
2026-07-08T19:27:41Z,1269,SKIP,SKIPPED,,,,,0,duo_wait,reason=no_trigger mode=none
2026-07-08T19:27:50Z,1270,SKIP,SKIPPED,,,,,0,radar_block,reason=direction_unclear conf=0.0322 mom_sig=0.02144160 raw_mom_bps=0.00000000 spread_bps=1.57500000 tension=0.02144160 bid_drop=0.13937043 ask_drop=0.00000000
2026-07-08T19:27:58Z,1271,SKIP,SKIPPED,,,,,0,tactic_mismatch,mom=long structure=short
2026-07-08T19:28:06Z,1272,SKIP,SKIPPED,,,,,0,radar_block,reason=momentum_too_small conf=0.331 mom_sig=0.00000000 raw_mom_bps=0.00000000 spread_bps=0.86800000 tension=0.00000000 bid_drop=0.00000000 ask_drop=0.00000000
2026-07-08T19:28:15Z,1273,SKIP,SKIPPED,,,,,0,radar_block,reason=momentum_too_small conf=0.2885 mom_sig=0.00000000 raw_mom_bps=0.00000000 spread_bps=2.81250000 tension=0.00000000 bid_drop=0.00000000 ask_drop=0.00000000
2026-07-08T19:28:24Z,1274,SKIP,SKIPPED,,,,,0,radar_block,reason=momentum_too_small conf=0.2846 mom_sig=0.00000000 raw_mom_bps=-0.19289410 spread_bps=2.98920000 tension=0.00000000 bid_drop=0.00000000 ask_drop=0.00000000
2026-07-08T19:28:33Z,1275,SKIP,SKIPPED,,,,,0,radar_block,reason=momentum_too_small conf=0.0004 mom_sig=0.00022578 raw_mom_bps=-1.57533476 spread_bps=0.59490000 tension=0.00022578 bid_drop=0.00146754 ask_drop=0.00004898
2026-07-08T19:28:43Z,1276,SKIP,SKIPPED,,,,,0,duo_wait,reason=no_trigger mode=none
2026-07-08T19:28:52Z,1277,SKIP,SKIPPED,,,,,0,radar_block,reason=momentum_too_small conf=0.3247 mom_sig=0.00000000 raw_mom_bps=0.00000000 spread_bps=1.15750000 tension=0.00000000 bid_drop=0.00000000 ask_drop=0.00000000
2026-07-08T19:29:00Z,1278,SKIP,SKIPPED,,,,,0,radar_block,reason=momentum_too_small conf=0.2523 mom_sig=0.00000000 raw_mom_bps=0.00000000 spread_bps=4.46780000 tension=0.00000000 bid_drop=0.00000000 ask_drop=0.00000000
2026-07-08T19:29:10Z,1279,SKIP,SKIPPED,,,,,0,radar_block,reason=momentum_too_small conf=0.2625 mom_sig=0.00000000 raw_mom_bps=0.00000000 spread_bps=4.00170000 tension=0.00000000 bid_drop=0.00000000 ask_drop=0.00000000
2026-07-08T19:29:18Z,1280,SKIP,SKIPPED,,,,,0,radar_block,reason=momentum_too_small conf=0.2748 mom_sig=0.00000000 raw_mom_bps=1.38267667 spread_bps=3.43920000 tension=0.00000000 bid_drop=0.00000000 ask_drop=0.00000000
2026-07-08T19:29:28Z,1281,SKIP,SKIPPED,,,,,0,duo_wait,reason=no_trigger mode=none
2026-07-08T19:29:36Z,1282,SKIP,SKIPPED,,,,,0,radar_block,reason=momentum_too_small conf=0.0 mom_sig=0.00002732 raw_mom_bps=0.00000000 spread_bps=0.51430000 tension=0.00002732 bid_drop=0.00000000 ask_drop=0.00017757
2026-07-08T19:29:45Z,1283,SKIP,SKIPPED,,,,,0,radar_block,reason=momentum_too_small conf=0.3387 mom_sig=0.00000000 raw_mom_bps=0.00000000 spread_bps=0.51430000 tension=0.00000000 bid_drop=0.00000000 ask_drop=0.00000000
2026-07-08T19:29:55Z,1284,SKIP,SKIPPED,,,,,0,llm_gate,reason=ollama_skip status=SKIP
2026-07-08T19:30:04Z,1285,SKIP,SKIPPED,,,,,0,radar_block,reason=momentum_too_small conf=0.0 mom_sig=0.00002732 raw_mom_bps=0.00000000 spread_bps=1.10890000 tension=0.00002732 bid_drop=0.00000000 ask_drop=0.00017757
2026-07-08T19:30:12Z,1286,SKIP,SKIPPED,,,,,0,radar_block,reason=momentum_too_small conf=0.0 mom_sig=0.00000754 raw_mom_bps=0.00000000 spread_bps=0.57860000 tension=0.00000754 bid_drop=0.00000000 ask_drop=0.00004899
2026-07-08T19:30:20Z,1287,SKIP,SKIPPED,,,,,0,radar_block,reason=momentum_too_small conf=0.3159 mom_sig=0.00000000 raw_mom_bps=0.00000000 spread_bps=1.55890000 tension=0.00000000 bid_drop=0.00000000 ask_drop=0.00000000
2026-07-08T19:30:29Z,1288,SKIP,SKIPPED,,,,,0,impulse_resonance_wait,reason=wall_not_collapsed tension=0.61689867 bid_drop=4.00984136 ask_drop=0.00000000
2026-07-08T19:30:37Z,1289,SKIP,SKIPPED,,,,,0,radar_block,reason=momentum_too_small conf=0.3398 mom_sig=0.00000000 raw_mom_bps=0.00000000 spread_bps=0.46610000 tension=0.00000000 bid_drop=0.00000000 ask_drop=0.00000000
2026-07-08T19:30:46Z,1290,SKIP,SKIPPED,,,,,0,radar_block,reason=momentum_too_small conf=0.0001 mom_sig=0.00004870 raw_mom_bps=0.00000000 spread_bps=1.26970000 tension=0.00004870 bid_drop=0.00031654 ask_drop=0.00000000
2026-07-08T19:30:54Z,1291,SKIP,SKIPPED,,,,,0,radar_block,reason=momentum_too_small conf=0.0001 mom_sig=0.00005508 raw_mom_bps=0.00000000 spread_bps=1.63930000 tension=0.00005508 bid_drop=0.00035805 ask_drop=0.00000000
2026-07-08T19:31:02Z,1292,SKIP,SKIPPED,,,,,0,radar_block,reason=momentum_too_small conf=0.3198 mom_sig=0.00000000 raw_mom_bps=1.71991159 spread_bps=1.38220000 tension=0.00000000 bid_drop=0.00000000 ask_drop=0.00000000
2026-07-08T19:31:28Z,1293,BUY,FILLED,62212.50000000,62212.50000000,0.15430000,0.00000000,0.00000000,fluid_exit_inversion,radar=long conf=0.9136 size_note=hunter_revenge_1.5x+entry_25_75_full soft=0 pct=0.00000000 tension=4.63436028 bid_drop=30.12334180 ask_drop=0.00000000
2026-07-08T19:31:37Z,1294,SKIP,SKIPPED,,,,,0,radar_block,reason=direction_unclear conf=0.1853 mom_sig=0.12455343 raw_mom_bps=0.00000000 spread_bps=1.71960000 tension=0.12455343 bid_drop=0.80959731 ask_drop=0.00000000
2026-07-08T19:31:45Z,1295,SKIP,SKIPPED,,,,,0,radar_block,reason=momentum_too_small conf=0.3321 mom_sig=0.00000000 raw_mom_bps=0.00000000 spread_bps=0.81960000 tension=0.00000000 bid_drop=0.00000000 ask_drop=0.00000000
2026-07-08T19:31:53Z,1296,SKIP,SKIPPED,,,,,0,radar_block,reason=momentum_too_small conf=0.0 mom_sig=0.00002131 raw_mom_bps=0.00000000 spread_bps=0.81960000 tension=0.00002131 bid_drop=0.00000000 ask_drop=0.00013851
2026-07-08T19:32:02Z,1297,SKIP,SKIPPED,,,,,0,radar_block,reason=momentum_too_small conf=0.0 mom_sig=0.00002531 raw_mom_bps=0.00000000 spread_bps=0.81960000 tension=0.00002531 bid_drop=0.00016453 ask_drop=0.00000000
2026-07-08T19:32:10Z,1298,SKIP,SKIPPED,,,,,0,radar_block,reason=momentum_too_small conf=0.3321 mom_sig=0.00000000 raw_mom_bps=0.00000000 spread_bps=0.81960000 tension=0.00000000 bid_drop=0.00000000 ask_drop=0.00000000
2026-07-08T19:32:19Z,1299,SKIP,SKIPPED,,,,,0,radar_block,reason=momentum_too_small conf=0.3321 mom_sig=0.00000000 raw_mom_bps=0.00000000 spread_bps=0.81960000 tension=0.00000000 bid_drop=0.00000000 ask_drop=0.00000000
2026-07-08T19:32:40Z,1300,BUY,FILLED,62223.20000000,62223.20000000,0.15420000,0.00000000,0.00000000,shock_inversion_stop,radar=long conf=0.9367 size_note=hunter_revenge_1.5x+entry_25_75_full soft=0 pct=0.00000000 tension=1.04599631 bid_drop=6.79897602 ask_drop=0.00000000
2026-07-08T19:32:49Z,1301,SKIP,SKIPPED,,,,,0,radar_block,reason=momentum_too_small conf=0.3472 mom_sig=0.00000000 raw_mom_bps=0.00000000 spread_bps=0.12860000 tension=0.00000000 bid_drop=0.00000000 ask_drop=0.00000000
2026-07-08T19:32:58Z,1302,SKIP,SKIPPED,,,,,0,radar_block,reason=momentum_too_small conf=0.0 mom_sig=0.00001865 raw_mom_bps=0.03214246 spread_bps=0.12860000 tension=0.00001865 bid_drop=0.00000000 ask_drop=0.00012124
2026-07-08T19:33:07Z,1303,SKIP,SKIPPED,,,,,0,radar_block,reason=momentum_too_small conf=0.0034 mom_sig=0.00205128 raw_mom_bps=0.00000000 spread_bps=0.12860000 tension=0.00205128 bid_drop=0.01333329 ask_drop=0.00003034
2026-07-08T19:33:15Z,1304,SKIP,SKIPPED,,,,,0,radar_block,reason=momentum_too_small conf=0.0001 mom_sig=0.00006565 raw_mom_bps=0.00000000 spread_bps=0.12860000 tension=0.00006565 bid_drop=0.00042673 ask_drop=0.00000000
2026-07-08T19:33:23Z,1305,SKIP,SKIPPED,,,,,0,radar_block,reason=momentum_too_small conf=0.3472 mom_sig=0.00000000 raw_mom_bps=0.12857085 spread_bps=0.12860000 tension=0.00000000 bid_drop=0.00000000 ask_drop=0.00000000
2026-07-08T19:33:31Z,1306,SKIP,SKIPPED,,,,,0,radar_block,reason=momentum_too_small conf=0.3472 mom_sig=0.00000000 raw_mom_bps=0.00000000 spread_bps=0.12860000 tension=0.00000000 bid_drop=0.00000000 ask_drop=0.00000000
2026-07-08T19:33:40Z,1307,SKIP,SKIPPED,,,,,0,radar_block,reason=momentum_too_small conf=0.0001 mom_sig=0.00004201 raw_mom_bps=0.00000000 spread_bps=0.14460000 tension=0.00004201 bid_drop=0.00000000 ask_drop=0.00027306
2026-07-08T19:33:48Z,1308,SKIP,SKIPPED,,,,,0,radar_block,reason=momentum_too_small conf=0.3468 mom_sig=0.00000000 raw_mom_bps=0.00000000 spread_bps=0.14460000 tension=0.00000000 bid_drop=0.00000000 ask_drop=0.00000000
2026-07-08T19:33:56Z,1309,SKIP,SKIPPED,,,,,0,impulse_resonance_wait,reason=wall_not_collapsed tension=0.96163521 bid_drop=0.00000000 ask_drop=6.25062887
2026-07-08T19:34:05Z,1310,SKIP,SKIPPED,,,,,0,radar_block,reason=momentum_too_small conf=0.3465 mom_sig=0.00000000 raw_mom_bps=0.00000000 spread_bps=0.16070000 tension=0.00000000 bid_drop=0.00000000 ask_drop=0.00000000
2026-07-08T19:34:14Z,1311,SKIP,SKIPPED,,,,,0,llm_gate,reason=ollama_skip status=SKIP
2026-07-08T19:34:36Z,1312,BUY,FILLED,62223.30000000,62220.10000000,0.15420000,-0.51427681,-0.49344000,shock_inversion_stop,radar=long conf=0.9689 size_note=hunter_revenge_1.5x+entry_25_75_full soft=0 pct=-0.00514277 tension=1.36808380 bid_drop=8.89254469 ask_drop=0.00000000
2026-07-08T19:34:45Z,1313,SKIP,SKIPPED,,,,,0,radar_block,reason=momentum_too_small conf=0.3271 mom_sig=0.00000000 raw_mom_bps=0.00000000 spread_bps=1.04460000 tension=0.00000000 bid_drop=0.00000000 ask_drop=0.00000000
2026-07-08T19:34:53Z,1314,SKIP,SKIPPED,,,,,0,radar_block,reason=momentum_too_small conf=0.0001 mom_sig=0.00006070 raw_mom_bps=0.16071873 spread_bps=0.36960000 tension=0.00006070 bid_drop=0.00000000 ask_drop=0.00039457
2026-07-08T19:35:01Z,1315,SKIP,SKIPPED,,,,,0,impulse_resonance_wait,reason=wall_not_collapsed tension=0.82866146 bid_drop=5.38629950 ask_drop=0.00000000
2026-07-08T19:35:24Z,1316,BUY,FILLED,62221.40000000,62216.70000000,0.07710000,-0.75536712,-0.36237000,fluid_exit_brake,radar=long conf=0.9528 size_note=hunter_revenge_1.5x+entry_25_75_full soft=1 pct=-0.00755367 tension=1.68897969 bid_drop=0.00000000 ask_drop=10.97836797
2026-07-08T19:35:34Z,1317,SKIP,SKIPPED,,,,,0,radar_block,reason=momentum_too_small conf=0.3257 mom_sig=0.00000000 raw_mom_bps=0.00000000 spread_bps=1.10890000 tension=0.00000000 bid_drop=0.00000000 ask_drop=0.00000000
2026-07-08T19:35:42Z,1318,SKIP,SKIPPED,,,,,0,radar_block,reason=momentum_too_small conf=0.0 mom_sig=0.00000467 raw_mom_bps=0.00000000 spread_bps=1.10890000 tension=0.00000467 bid_drop=0.00000000 ask_drop=0.00003035
2026-07-08T19:35:50Z,1319,SKIP,SKIPPED,,,,,0,impulse_resonance_wait,reason=wall_not_collapsed tension=0.81017855 bid_drop=0.00000000 ask_drop=5.26616057
2026-07-08T19:35:59Z,1320,SKIP,SKIPPED,,,,,0,radar_block,reason=momentum_too_small conf=0.0 mom_sig=0.00000313 raw_mom_bps=0.00000000 spread_bps=1.36610000 tension=0.00000313 bid_drop=0.00000000 ask_drop=0.00002036
2026-07-08T19:36:07Z,1321,SKIP,SKIPPED,,,,,0,radar_block,reason=momentum_too_small conf=0.0 mom_sig=0.00001588 raw_mom_bps=0.00000000 spread_bps=1.36610000 tension=0.00001588 bid_drop=0.00000000 ask_drop=0.00010322
2026-07-08T19:36:15Z,1322,SKIP,SKIPPED,,,,,0,radar_block,reason=momentum_too_small conf=0.0 mom_sig=0.00001074 raw_mom_bps=0.00000000 spread_bps=1.36610000 tension=0.00001074 bid_drop=0.00000000 ask_drop=0.00006983
2026-07-08T19:36:23Z,1323,SKIP,SKIPPED,,,,,0,radar_block,reason=momentum_too_small conf=0.3384 mom_sig=0.00000000 raw_mom_bps=0.00000000 spread_bps=0.53030000 tension=0.00000000 bid_drop=0.00000000 ask_drop=0.00000000
2026-07-08T19:36:33Z,1324,SKIP,SKIPPED,,,,,0,radar_block,reason=momentum_too_small conf=0.3138 mom_sig=0.00000000 raw_mom_bps=0.00000000 spread_bps=1.65530000 tension=0.00000000 bid_drop=0.00000000 ask_drop=0.00000000
2026-07-08T19:36:41Z,1325,SKIP,SKIPPED,,,,,0,radar_block,reason=momentum_too_small conf=0.3138 mom_sig=0.00000000 raw_mom_bps=0.00000000 spread_bps=1.65530000 tension=0.00000000 bid_drop=0.00000000 ask_drop=0.00000000
2026-07-08T19:36:49Z,1326,SKIP,SKIPPED,,,,,0,radar_block,reason=momentum_too_small conf=0.3138 mom_sig=0.00000000 raw_mom_bps=0.00000000 spread_bps=1.65530000 tension=0.00000000 bid_drop=0.00000000 ask_drop=0.00000000
2026-07-08T19:36:58Z,1327,SKIP,SKIPPED,,,,,0,radar_block,reason=momentum_too_small conf=0.0 mom_sig=0.00002056 raw_mom_bps=0.00000000 spread_bps=1.65530000 tension=0.00002056 bid_drop=0.00000000 ask_drop=0.00013367
2026-07-08T19:37:06Z,1328,SKIP,SKIPPED,,,,,0,radar_block,reason=momentum_too_small conf=0.0 mom_sig=0.00002571 raw_mom_bps=0.00000000 spread_bps=1.65530000 tension=0.00002571 bid_drop=0.00000000 ask_drop=0.00016709
2026-07-08T19:37:14Z,1329,SKIP,SKIPPED,,,,,0,radar_block,reason=momentum_too_small conf=0.0 mom_sig=0.00002711 raw_mom_bps=0.00000000 spread_bps=1.65530000 tension=0.00002711 bid_drop=0.00000000 ask_drop=0.00017622
2026-07-08T19:37:22Z,1330,SKIP,SKIPPED,,,,,0,radar_block,reason=momentum_too_small conf=0.0 mom_sig=0.00000408 raw_mom_bps=0.00000000 spread_bps=1.65530000 tension=0.00000408 bid_drop=0.00000000 ask_drop=0.00002650
2026-07-08T19:37:30Z,1331,SKIP,SKIPPED,,,,,0,impulse_resonance_wait,reason=wall_not_collapsed tension=0.79515255 bid_drop=5.16849159 ask_drop=0.00000000
2026-07-08T19:37:38Z,1332,SKIP,SKIPPED,,,,,0,radar_block,reason=momentum_too_small conf=0.3138 mom_sig=0.00000000 raw_mom_bps=0.00000000 spread_bps=1.65530000 tension=0.00000000 bid_drop=0.00000000 ask_drop=0.00000000
2026-07-08T19:37:46Z,1333,SKIP,SKIPPED,,,,,0,impulse_resonance_wait,reason=wall_not_collapsed tension=0.36720008 bid_drop=0.00000000 ask_drop=2.38680050
2026-07-08T19:37:55Z,1334,SKIP,SKIPPED,,,,,0,radar_block,reason=momentum_too_small conf=0.0 mom_sig=0.00002011 raw_mom_bps=0.00000000 spread_bps=1.65530000 tension=0.00002011 bid_drop=0.00000000 ask_drop=0.00013074
2026-07-08T19:38:03Z,1335,SKIP,SKIPPED,,,,,0,impulse_resonance_wait,reason=wall_not_collapsed tension=0.79514923 bid_drop=5.16847000 ask_drop=0.00021588
2026-07-08T19:38:11Z,1336,SKIP,SKIPPED,,,,,0,radar_block,reason=momentum_too_small conf=0.0 mom_sig=0.00000795 raw_mom_bps=0.00000000 spread_bps=1.65530000 tension=0.00000795 bid_drop=0.00000000 ask_drop=0.00005169
2026-07-08T19:38:19Z,1337,SKIP,SKIPPED,,,,,0,radar_block,reason=momentum_too_small conf=0.0 mom_sig=0.00002386 raw_mom_bps=0.00000000 spread_bps=1.65530000 tension=0.00002386 bid_drop=0.00000000 ask_drop=0.00015507
2026-07-08T19:38:27Z,1338,SKIP,SKIPPED,,,,,0,radar_block,reason=momentum_too_small conf=0.3138 mom_sig=0.00000000 raw_mom_bps=0.00000000 spread_bps=1.65530000 tension=0.00000000 bid_drop=0.00000000 ask_drop=0.00000000
2026-07-08T19:38:35Z,1339,SKIP,SKIPPED,,,,,0,radar_block,reason=momentum_too_small conf=0.0 mom_sig=0.00002764 raw_mom_bps=0.00000000 spread_bps=1.65530000 tension=0.00002764 bid_drop=0.00000000 ask_drop=0.00017968
2026-07-08T19:38:43Z,1340,SKIP,SKIPPED,,,,,0,radar_block,reason=momentum_too_small conf=0.0 mom_sig=0.00000843 raw_mom_bps=0.00000000 spread_bps=1.65530000 tension=0.00000843 bid_drop=0.00000000 ask_drop=0.00005482
2026-07-08T19:38:52Z,1341,SKIP,SKIPPED,,,,,0,radar_block,reason=momentum_too_small conf=0.3138 mom_sig=0.00000000 raw_mom_bps=0.00000000 spread_bps=1.65530000 tension=0.00000000 bid_drop=0.00000000 ask_drop=0.00000000
2026-07-08T19:39:00Z,1342,SKIP,SKIPPED,,,,,0,radar_block,reason=momentum_too_small conf=0.3321 mom_sig=0.00000000 raw_mom_bps=0.00000000 spread_bps=0.81960000 tension=0.00000000 bid_drop=0.00000000 ask_drop=0.00000000
2026-07-08T19:39:08Z,1343,SKIP,SKIPPED,,,,,0,radar_block,reason=momentum_too_small conf=0.0 mom_sig=0.00000653 raw_mom_bps=0.83576966 spread_bps=0.62680000 tension=0.00000653 bid_drop=0.00000000 ask_drop=0.00004243
2026-07-08T19:39:16Z,1344,SKIP,SKIPPED,,,,,0,radar_block,reason=momentum_too_small conf=0.0 mom_sig=0.00001604 raw_mom_bps=0.00000000 spread_bps=1.65530000 tension=0.00001604 bid_drop=0.00010429 ask_drop=0.00002202
2026-07-08T19:39:24Z,1345,SKIP,SKIPPED,,,,,0,impulse_resonance_wait,reason=wall_not_collapsed tension=0.64344520 bid_drop=0.00005562 ask_drop=4.18239381
2026-07-08T19:39:32Z,1346,SKIP,SKIPPED,,,,,0,radar_block,reason=direction_unclear conf=0.0238 mom_sig=0.01593643 raw_mom_bps=0.00000000 spread_bps=1.63930000 tension=0.01593643 bid_drop=0.10358680 ask_drop=0.00007920
2026-07-08T19:39:41Z,1347,SKIP,SKIPPED,,,,,0,radar_block,reason=momentum_too_small conf=0.0 mom_sig=0.00002343 raw_mom_bps=0.00000000 spread_bps=1.63930000 tension=0.00002343 bid_drop=0.00000000 ask_drop=0.00015231
2026-07-08T19:39:49Z,1348,SKIP,SKIPPED,,,,,0,radar_block,reason=momentum_too_small conf=0.3141 mom_sig=0.00000000 raw_mom_bps=0.00000000 spread_bps=1.63930000 tension=0.00000000 bid_drop=0.00000000 ask_drop=0.00000000
2026-07-08T19:39:57Z,1349,SKIP,SKIPPED,,,,,0,radar_block,reason=momentum_too_small conf=0.0 mom_sig=0.00000540 raw_mom_bps=0.00000000 spread_bps=1.65530000 tension=0.00000540 bid_drop=0.00000000 ask_drop=0.00003507
2026-07-08T19:40:06Z,1350,SKIP,SKIPPED,,,,,0,radar_block,reason=direction_unclear conf=0.0242 mom_sig=0.01618426 raw_mom_bps=0.00000000 spread_bps=1.65530000 tension=0.01618426 bid_drop=0.10519766 ask_drop=0.00000000
2026-07-08T19:40:14Z,1351,SKIP,SKIPPED,,,,,0,radar_block,reason=momentum_too_small conf=0.0 mom_sig=0.00000429 raw_mom_bps=0.00000000 spread_bps=1.65530000 tension=0.00000429 bid_drop=0.00000000 ask_drop=0.00002789
2026-07-08T19:40:23Z,1352,SKIP,SKIPPED,,,,,0,radar_block,reason=momentum_too_small conf=0.3138 mom_sig=0.00000000 raw_mom_bps=0.00000000 spread_bps=1.65530000 tension=0.00000000 bid_drop=0.00000000 ask_drop=0.00000000
2026-07-08T19:40:32Z,1353,SKIP,SKIPPED,,,,,0,impulse_resonance_wait,reason=wall_not_collapsed tension=0.87597627 bid_drop=0.00000000 ask_drop=5.69384577
2026-07-08T19:40:40Z,1354,SKIP,SKIPPED,,,,,0,radar_block,reason=momentum_too_small conf=0.0 mom_sig=0.00000432 raw_mom_bps=0.00000000 spread_bps=1.65530000 tension=0.00000432 bid_drop=0.00000000 ask_drop=0.00002810
2026-07-08T19:40:48Z,1355,SKIP,SKIPPED,,,,,0,radar_block,reason=momentum_too_small conf=0.3138 mom_sig=0.00000000 raw_mom_bps=0.00000000 spread_bps=1.65530000 tension=0.00000000 bid_drop=0.00000000 ask_drop=0.00000000
2026-07-08T19:40:57Z,1356,SKIP,SKIPPED,,,,,0,radar_block,reason=momentum_too_small conf=0.0003 mom_sig=0.00017285 raw_mom_bps=0.00000000 spread_bps=1.65530000 tension=0.00017285 bid_drop=0.00112350 ask_drop=0.00000000
2026-07-08T19:41:05Z,1357,SKIP,SKIPPED,,,,,0,radar_block,reason=momentum_too_small conf=0.3222 mom_sig=0.00000000 raw_mom_bps=0.00000000 spread_bps=1.26960000 tension=0.00000000 bid_drop=0.00000000 ask_drop=0.00000000
2026-07-08T19:41:13Z,1358,SKIP,SKIPPED,,,,,0,radar_block,reason=momentum_too_small conf=0.3138 mom_sig=0.00000000 raw_mom_bps=0.00000000 spread_bps=1.65530000 tension=0.00000000 bid_drop=0.00000000 ask_drop=0.00000000
2026-07-08T19:41:21Z,1359,SKIP,SKIPPED,,,,,0,radar_block,reason=momentum_too_small conf=0.3138 mom_sig=0.00000000 raw_mom_bps=0.00000000 spread_bps=1.65530000 tension=0.00000000 bid_drop=0.00000000 ask_drop=0.00000000
2026-07-08T19:41:30Z,1360,SKIP,SKIPPED,,,,,0,radar_block,reason=momentum_too_small conf=0.3138 mom_sig=0.00000000 raw_mom_bps=0.00000000 spread_bps=1.65530000 tension=0.00000000 bid_drop=0.00000000 ask_drop=0.00000000
2026-07-08T19:41:38Z,1361,SKIP,SKIPPED,,,,,0,radar_block,reason=momentum_too_small conf=0.3138 mom_sig=0.00000000 raw_mom_bps=1.55915966 spread_bps=1.65530000 tension=0.00000000 bid_drop=0.00000000 ask_drop=0.00000000
2026-07-08T19:41:46Z,1362,SKIP,SKIPPED,,,,,0,impulse_resonance_wait,reason=wall_not_collapsed tension=0.80153028 bid_drop=5.20994685 ask_drop=0.00000000
2026-07-08T19:41:54Z,1363,SKIP,SKIPPED,,,,,0,radar_block,reason=momentum_too_small conf=0.3141 mom_sig=0.00000000 raw_mom_bps=0.00000000 spread_bps=1.63930000 tension=0.00000000 bid_drop=0.00000000 ask_drop=0.00000000
2026-07-08T19:42:02Z,1364,SKIP,SKIPPED,,,,,0,radar_block,reason=momentum_too_small conf=0.3141 mom_sig=0.00000000 raw_mom_bps=0.00000000 spread_bps=1.63930000 tension=0.00000000 bid_drop=0.00000000 ask_drop=0.00000000
2026-07-08T19:42:10Z,1365,SKIP,SKIPPED,,,,,0,radar_block,reason=momentum_too_small conf=0.3141 mom_sig=0.00000000 raw_mom_bps=0.00000000 spread_bps=1.63930000 tension=0.00000000 bid_drop=0.00000000 ask_drop=0.00000000
2026-07-08T19:42:19Z,1366,SKIP,SKIPPED,,,,,0,radar_block,reason=momentum_too_small conf=0.3486 mom_sig=0.00000000 raw_mom_bps=0.00000000 spread_bps=0.06430000 tension=0.00000000 bid_drop=0.00000000 ask_drop=0.00000000
2026-07-08T19:42:27Z,1367,SKIP,SKIPPED,,,,,0,radar_block,reason=momentum_too_small conf=0.3444 mom_sig=0.00000000 raw_mom_bps=0.00000000 spread_bps=0.25710000 tension=0.00000000 bid_drop=0.00000000 ask_drop=0.00000000
2026-07-08T19:42:35Z,1368,SKIP,SKIPPED,,,,,0,impulse_resonance_wait,reason=wall_not_collapsed tension=0.85903908 bid_drop=0.00000000 ask_drop=5.58375401
2026-07-08T19:42:43Z,1369,SKIP,SKIPPED,,,,,0,radar_block,reason=momentum_too_small conf=0.3444 mom_sig=0.00000000 raw_mom_bps=0.00000000 spread_bps=0.25710000 tension=0.00000000 bid_drop=0.00000000 ask_drop=0.00000000
2026-07-08T19:42:52Z,1370,SKIP,SKIPPED,,,,,0,radar_block,reason=momentum_too_small conf=0.0 mom_sig=0.00001461 raw_mom_bps=0.00000000 spread_bps=0.25710000 tension=0.00001461 bid_drop=0.00000000 ask_drop=0.00009494
2026-07-08T19:43:00Z,1371,SKIP,SKIPPED,,,,,0,impulse_resonance_wait,reason=wall_not_collapsed tension=0.22126499 bid_drop=0.00000000 ask_drop=1.43822244
2026-07-08T19:43:08Z,1372,SKIP,SKIPPED,,,,,0,radar_block,reason=momentum_too_small conf=0.0067 mom_sig=0.00406121 raw_mom_bps=0.00000000 spread_bps=0.25710000 tension=0.00406121 bid_drop=0.02639784 ask_drop=0.00018926
2026-07-08T19:43:17Z,1373,SKIP,SKIPPED,,,,,0,radar_block,reason=momentum_too_small conf=0.0001 mom_sig=0.00003918 raw_mom_bps=0.00000000 spread_bps=0.25710000 tension=0.00003918 bid_drop=0.00000000 ask_drop=0.00025470
2026-07-08T19:43:25Z,1374,SKIP,SKIPPED,,,,,0,impulse_resonance_wait,reason=wall_not_collapsed tension=0.94452982 bid_drop=0.00000000 ask_drop=6.13944386
2026-07-08T19:43:33Z,1375,SKIP,SKIPPED,,,,,0,radar_block,reason=momentum_too_small conf=0.0 mom_sig=0.00002018 raw_mom_bps=0.04821345 spread_bps=0.30540000 tension=0.00002018 bid_drop=0.00000000 ask_drop=0.00013117
2026-07-08T19:43:42Z,1376,SKIP,SKIPPED,,,,,0,radar_block,reason=momentum_too_small conf=0.3416 mom_sig=0.00000000 raw_mom_bps=0.00000000 spread_bps=0.38570000 tension=0.00000000 bid_drop=0.00000000 ask_drop=0.00000000
2026-07-08T19:43:53Z,1377,SKIP,SKIPPED,,,,,0,llm_gate,reason=ollama_skip status=SKIP
2026-07-08T19:44:04Z,1378,SKIP,SKIPPED,,,,,0,llm_gate,reason=ollama_skip status=SKIP
2026-07-08T19:44:14Z,1379,SKIP,SKIPPED,,,,,0,llm_gate,reason=ollama_skip status=SKIP
2026-07-08T19:44:22Z,1380,SKIP,SKIPPED,,,,,0,impulse_resonance_wait,reason=wall_not_collapsed tension=0.91385709 bid_drop=0.00000000 ask_drop=5.94007107
2026-07-08T19:44:32Z,1381,SKIP,SKIPPED,,,,,0,llm_gate,reason=ollama_skip status=SKIP
2026-07-08T19:44:40Z,1382,SKIP,SKIPPED,,,,,0,radar_block,reason=momentum_too_small conf=0.0001 mom_sig=0.00006641 raw_mom_bps=0.00000000 spread_bps=0.22500000 tension=0.00006641 bid_drop=0.00000000 ask_drop=0.00043166
2026-07-08T19:44:48Z,1383,SKIP,SKIPPED,,,,,0,impulse_resonance_wait,reason=wall_not_collapsed tension=0.72823740 bid_drop=4.73354309 ask_drop=0.00093612
2026-07-08T19:44:56Z,1384,SKIP,SKIPPED,,,,,0,radar_block,reason=momentum_too_small conf=0.0003 mom_sig=0.00020317 raw_mom_bps=0.00000000 spread_bps=0.22500000 tension=0.00020317 bid_drop=0.00028453 ask_drop=0.00132061
2026-07-08T19:45:05Z,1385,SKIP,SKIPPED,,,,,0,radar_block,reason=momentum_too_small conf=0.0002 mom_sig=0.00013672 raw_mom_bps=0.00000000 spread_bps=0.16070000 tension=0.00013672 bid_drop=0.00021111 ask_drop=0.00088867
2026-07-08T19:45:12Z,1386,SKIP,SKIPPED,,,,,0,radar_block,reason=direction_unclear conf=0.0856 mom_sig=0.05187794 raw_mom_bps=0.00000000 spread_bps=0.16070000 tension=0.05187794 bid_drop=0.00000000 ask_drop=0.33720660
2026-07-08T19:45:20Z,1387,SKIP,SKIPPED,,,,,0,radar_block,reason=momentum_too_small conf=0.001 mom_sig=0.00061494 raw_mom_bps=0.00000000 spread_bps=0.16070000 tension=0.00061494 bid_drop=0.00000000 ask_drop=0.00399712
2026-07-08T19:45:29Z,1388,SKIP,SKIPPED,,,,,0,radar_block,reason=momentum_too_small conf=0.0001 mom_sig=0.00005592 raw_mom_bps=0.00000000 spread_bps=0.16070000 tension=0.00005592 bid_drop=0.00000000 ask_drop=0.00036345
2026-07-08T19:45:37Z,1389,SKIP,SKIPPED,,,,,0,radar_block,reason=momentum_too_small conf=0.3475 mom_sig=0.00000000 raw_mom_bps=0.00000000 spread_bps=0.11250000 tension=0.00000000 bid_drop=0.00000000 ask_drop=0.00000000
2026-07-08T19:45:45Z,1390,SKIP,SKIPPED,,,,,0,radar_block,reason=momentum_too_small conf=0.3482 mom_sig=0.00000000 raw_mom_bps=0.00000000 spread_bps=0.08040000 tension=0.00000000 bid_drop=0.00000000 ask_drop=0.00000000
2026-07-08T19:45:53Z,1391,SKIP,SKIPPED,,,,,0,radar_block,reason=momentum_too_small conf=0.3482 mom_sig=0.00000000 raw_mom_bps=0.00000000 spread_bps=0.08040000 tension=0.00000000 bid_drop=0.00000000 ask_drop=0.00000000
2026-07-08T19:46:02Z,1392,SKIP,SKIPPED,,,,,0,radar_block,reason=momentum_too_small conf=0.0017 mom_sig=0.00102140 raw_mom_bps=0.00000000 spread_bps=0.25720000 tension=0.00102140 bid_drop=0.00000000 ask_drop=0.00663911
2026-07-08T19:46:12Z,1393,SKIP,SKIPPED,,,,,0,llm_gate,reason=ollama_skip status=SKIP
2026-07-08T19:46:20Z,1394,SKIP,SKIPPED,,,,,0,radar_block,reason=momentum_too_small conf=0.3194 mom_sig=0.00000000 raw_mom_bps=0.00000000 spread_bps=1.39810000 tension=0.00000000 bid_drop=0.00000000 ask_drop=0.00000000
2026-07-08T19:46:28Z,1395,SKIP,SKIPPED,,,,,0,radar_block,reason=momentum_too_small conf=0.2765 mom_sig=0.00000000 raw_mom_bps=0.00000000 spread_bps=3.35800000 tension=0.00000000 bid_drop=0.00000000 ask_drop=0.00000000
2026-07-08T19:46:36Z,1396,SKIP,SKIPPED,,,,,0,radar_block,reason=momentum_too_small conf=0.3359 mom_sig=0.00000000 raw_mom_bps=0.00000000 spread_bps=0.64270000 tension=0.00000000 bid_drop=0.00000000 ask_drop=0.00000000
2026-07-08T19:46:45Z,1397,SKIP,SKIPPED,,,,,0,impulse_resonance_wait,reason=wall_not_collapsed tension=0.56963453 bid_drop=0.00000000 ask_drop=3.70262446
2026-07-08T19:46:54Z,1398,SKIP,SKIPPED,,,,,0,radar_block,reason=momentum_too_small conf=0.3482 mom_sig=0.00000000 raw_mom_bps=0.00000000 spread_bps=0.08040000 tension=0.00000000 bid_drop=0.00000000 ask_drop=0.00000000
2026-07-08T19:47:03Z,1399,SKIP,SKIPPED,,,,,0,radar_block,reason=momentum_too_small conf=0.0001 mom_sig=0.00007524 raw_mom_bps=0.00000000 spread_bps=0.08040000 tension=0.00007524 bid_drop=0.00000000 ask_drop=0.00048904
2026-07-08T19:47:11Z,1400,SKIP,SKIPPED,,,,,0,impulse_resonance_wait,reason=wall_not_collapsed tension=0.53050036 bid_drop=0.00000000 ask_drop=3.44825233
2026-07-08T19:47:19Z,1401,SKIP,SKIPPED,,,,,0,impulse_resonance_wait,reason=wall_not_collapsed tension=0.88322826 bid_drop=5.74098371 ask_drop=0.00000000
2026-07-08T19:47:27Z,1402,SKIP,SKIPPED,,,,,0,radar_block,reason=direction_unclear conf=0.2087 mom_sig=0.15343859 raw_mom_bps=0.00000000 spread_bps=2.94030000 tension=0.15343859 bid_drop=0.99735084 ask_drop=0.00000000
2026-07-08T19:47:35Z,1403,SKIP,SKIPPED,,,,,0,impulse_resonance_wait,reason=wall_not_collapsed tension=0.22008316 bid_drop=1.43054056 ask_drop=0.00000000
2026-07-08T19:47:44Z,1404,SKIP,SKIPPED,,,,,0,radar_block,reason=momentum_too_small conf=0.0001 mom_sig=0.00008381 raw_mom_bps=-0.20893973 spread_bps=3.77570000 tension=0.00008381 bid_drop=0.00054476 ask_drop=0.00000000
2026-07-08T19:47:52Z,1405,SKIP,SKIPPED,,,,,0,impulse_resonance_wait,reason=wall_not_collapsed tension=0.57286380 bid_drop=3.72361472 ask_drop=3.70324032
2026-07-08T19:48:01Z,1406,SKIP,SKIPPED,,,,,0,radar_block,reason=momentum_too_small conf=0.3447 mom_sig=0.00000000 raw_mom_bps=0.00000000 spread_bps=0.24110000 tension=0.00000000 bid_drop=0.00000000 ask_drop=0.00000000
2026-07-08T19:48:09Z,1407,SKIP,SKIPPED,,,,,0,radar_block,reason=momentum_too_small conf=0.0 mom_sig=0.00001131 raw_mom_bps=0.00000000 spread_bps=0.61080000 tension=0.00001131 bid_drop=0.00007354 ask_drop=0.00000000
2026-07-08T19:48:17Z,1408,SKIP,SKIPPED,,,,,0,tactic_mismatch,mom=long structure=short
2026-07-08T19:48:26Z,1409,SKIP,SKIPPED,,,,,0,radar_block,reason=momentum_too_small conf=0.0 mom_sig=0.00000301 raw_mom_bps=0.00000000 spread_bps=0.30540000 tension=0.00000301 bid_drop=0.00001959 ask_drop=0.00000000
2026-07-08T19:48:36Z,1410,SKIP,SKIPPED,,,,,0,llm_gate,reason=ollama_skip status=SKIP
2026-07-08T19:48:44Z,1411,SKIP,SKIPPED,,,,,0,impulse_resonance_wait,reason=wall_not_collapsed tension=0.84976610 bid_drop=0.00035428 ask_drop=5.52347962
2026-07-08T19:48:52Z,1412,SKIP,SKIPPED,,,,,0,radar_block,reason=momentum_too_small conf=0.2789 mom_sig=0.00000000 raw_mom_bps=-7.42919351 spread_bps=3.25030000 tension=0.00000000 bid_drop=0.00000000 ask_drop=0.00000000
2026-07-08T19:49:14Z,1413,BUY,FILLED,62143.10000000,62144.70000000,0.15440000,0.25747026,0.24704000,shock_inversion_stop,radar=short conf=0.8361 size_note=hunter_revenge_1.5x+entry_25_75_full soft=0 pct=0.00257470 tension=1.61980704 bid_drop=0.00000000 ask_drop=10.52874577
2026-07-08T19:49:23Z,1414,SKIP,SKIPPED,,,,,0,impulse_resonance_wait,reason=wall_not_collapsed tension=0.21960806 bid_drop=1.42745238 ask_drop=0.00000000
2026-07-08T19:49:31Z,1415,SKIP,SKIPPED,,,,,0,radar_block,reason=direction_unclear conf=0.0267 mom_sig=0.01918606 raw_mom_bps=0.00000000 spread_bps=2.62290000 tension=0.01918606 bid_drop=0.00000000 ask_drop=0.12470936
2026-07-08T19:49:40Z,1416,SKIP,SKIPPED,,,,,0,radar_block,reason=momentum_too_small conf=0.2926 mom_sig=0.00000000 raw_mom_bps=0.00000000 spread_bps=2.62290000 tension=0.00000000 bid_drop=0.00000000 ask_drop=0.00000000
2026-07-08T19:49:48Z,1417,SKIP,SKIPPED,,,,,0,radar_block,reason=momentum_too_small conf=0.2926 mom_sig=0.00000000 raw_mom_bps=0.00000000 spread_bps=2.62290000 tension=0.00000000 bid_drop=0.00000000 ask_drop=0.00000000
2026-07-08T19:49:56Z,1418,SKIP,SKIPPED,,,,,0,radar_block,reason=momentum_too_small conf=0.3151 mom_sig=0.00000000 raw_mom_bps=0.00000000 spread_bps=1.59320000 tension=0.00000000 bid_drop=0.00000000 ask_drop=0.00000000
2026-07-08T19:50:06Z,1419,SKIP,SKIPPED,,,,,0,llm_gate,reason=ollama_skip status=SKIP
2026-07-08T19:50:15Z,1420,SKIP,SKIPPED,,,,,0,radar_block,reason=momentum_too_small conf=0.0 mom_sig=0.00001094 raw_mom_bps=0.00000000 spread_bps=1.51290000 tension=0.00001094 bid_drop=0.00007109 ask_drop=0.00000000
2026-07-08T19:50:23Z,1421,SKIP,SKIPPED,,,,,0,radar_block,reason=momentum_too_small conf=0.3201 mom_sig=0.00000000 raw_mom_bps=1.72235618 spread_bps=1.36800000 tension=0.00000000 bid_drop=0.00000000 ask_drop=0.00000000
2026-07-08T19:50:31Z,1422,SKIP,SKIPPED,,,,,0,radar_block,reason=momentum_too_small conf=0.3437 mom_sig=0.00000000 raw_mom_bps=0.00000000 spread_bps=0.28970000 tension=0.00000000 bid_drop=0.00000000 ask_drop=0.00000000
2026-07-08T19:50:39Z,1423,SKIP,SKIPPED,,,,,0,impulse_resonance_wait,reason=wall_not_collapsed tension=0.46318428 bid_drop=3.01069784 ask_drop=0.00044111
2026-07-08T19:50:47Z,1424,SKIP,SKIPPED,,,,,0,radar_block,reason=momentum_too_small conf=0.0014 mom_sig=0.00085978 raw_mom_bps=0.25754403 spread_bps=0.27360000 tension=0.00085978 bid_drop=0.00558854 ask_drop=0.00000000
2026-07-08T19:50:56Z,1425,SKIP,SKIPPED,,,,,0,radar_block,reason=momentum_too_small conf=0.0001 mom_sig=0.00003391 raw_mom_bps=0.00000000 spread_bps=0.45070000 tension=0.00003391 bid_drop=0.00022042 ask_drop=0.00000000
2026-07-08T19:51:04Z,1426,SKIP,SKIPPED,,,,,0,radar_block,reason=momentum_too_small conf=0.0 mom_sig=0.00001372 raw_mom_bps=0.00000000 spread_bps=0.45070000 tension=0.00001372 bid_drop=0.00008917 ask_drop=0.00000000
2026-07-08T19:51:12Z,1427,SKIP,SKIPPED,,,,,0,radar_block,reason=momentum_too_small conf=0.3398 mom_sig=0.00000000 raw_mom_bps=0.00000000 spread_bps=0.46680000 tension=0.00000000 bid_drop=0.00000000 ask_drop=0.00000000
2026-07-08T19:51:20Z,1428,SKIP,SKIPPED,,,,,0,radar_block,reason=momentum_too_small conf=0.3486 mom_sig=0.00000000 raw_mom_bps=0.00000000 spread_bps=0.06440000 tension=0.00000000 bid_drop=0.00000000 ask_drop=0.00000000
2026-07-08T19:51:28Z,1429,SKIP,SKIPPED,,,,,0,impulse_resonance_wait,reason=wall_not_collapsed tension=0.53890064 bid_drop=3.50285417 ask_drop=0.00006825
2026-07-08T19:51:49Z,1430,BUY,FILLED,62124.10000000,62124.10000000,0.07720000,0.00000000,0.00000000,shock_inversion_stop,radar=short conf=0.996 size_note=hunter_revenge_1.5x+entry_25_75_full soft=1 pct=0.00000000 tension=1.99365456 bid_drop=12.95875467 ask_drop=0.00000000
2026-07-08T19:51:59Z,1431,SKIP,SKIPPED,,,,,0,radar_block,reason=momentum_too_small conf=0.0084 mom_sig=0.00525383 raw_mom_bps=0.00000000 spread_bps=0.67600000 tension=0.00525383 bid_drop=0.00000000 ask_drop=0.03414991
2026-07-08T19:52:07Z,1432,SKIP,SKIPPED,,,,,0,radar_block,reason=momentum_too_small conf=0.0 mom_sig=0.00000282 raw_mom_bps=0.00000000 spread_bps=1.99560000 tension=0.00000282 bid_drop=0.00001834 ask_drop=0.00000000
2026-07-08T19:52:15Z,1433,SKIP,SKIPPED,,,,,0,impulse_resonance_wait,reason=wall_not_collapsed tension=0.58113958 bid_drop=0.00000000 ask_drop=3.77740730
2026-07-08T19:52:23Z,1434,SKIP,SKIPPED,,,,,0,impulse_resonance_wait,reason=wall_not_collapsed tension=0.43552698 bid_drop=2.83092534 ask_drop=0.00000000
2026-07-08T19:52:30Z,1435,SKIP,SKIPPED,,,,,0,impulse_resonance_wait,reason=wall_not_collapsed tension=0.76419526 bid_drop=4.96726919 ask_drop=0.00000000
2026-07-08T19:52:39Z,1436,SKIP,SKIPPED,,,,,0,radar_block,reason=momentum_too_small conf=0.3063 mom_sig=0.00000000 raw_mom_bps=0.00000000 spread_bps=1.99560000 tension=0.00000000 bid_drop=0.00000000 ask_drop=0.00000000
2026-07-08T19:52:47Z,1437,SKIP,SKIPPED,,,,,0,impulse_resonance_wait,reason=wall_not_collapsed tension=0.60270952 bid_drop=0.00570274 ask_drop=3.91761189
2026-07-08T19:52:55Z,1438,SKIP,SKIPPED,,,,,0,impulse_resonance_wait,reason=wall_not_collapsed tension=0.61324883 bid_drop=3.98611740 ask_drop=0.00000000
2026-07-08T19:53:05Z,1439,SKIP,SKIPPED,,,,,0,llm_gate,reason=ollama_skip status=SKIP
2026-07-08T19:53:13Z,1440,SKIP,SKIPPED,,,,,0,radar_block,reason=momentum_too_small conf=0.0 mom_sig=0.00000472 raw_mom_bps=0.00000000 spread_bps=0.38620000 tension=0.00000472 bid_drop=0.00000000 ask_drop=0.00003065
2026-07-08T19:53:22Z,1441,SKIP,SKIPPED,,,,,0,radar_block,reason=momentum_too_small conf=0.3398 mom_sig=0.00000000 raw_mom_bps=0.00000000 spread_bps=0.46670000 tension=0.00000000 bid_drop=0.00000000 ask_drop=0.00000000
2026-07-08T19:53:30Z,1442,SKIP,SKIPPED,,,,,0,impulse_resonance_wait,reason=wall_not_collapsed tension=0.84809564 bid_drop=5.51262163 ask_drop=0.00000000
2026-07-08T19:53:38Z,1443,SKIP,SKIPPED,,,,,0,impulse_resonance_wait,reason=wall_not_collapsed tension=0.27530340 bid_drop=0.00000000 ask_drop=1.78947209
2026-07-08T19:53:46Z,1444,SKIP,SKIPPED,,,,,0,radar_block,reason=momentum_too_small conf=0.325 mom_sig=0.00000000 raw_mom_bps=0.00000000 spread_bps=1.14250000 tension=0.00000000 bid_drop=0.00000000 ask_drop=0.00000000
2026-07-08T19:53:54Z,1445,SKIP,SKIPPED,,,,,0,radar_block,reason=momentum_too_small conf=0.3127 mom_sig=0.00000000 raw_mom_bps=0.00000000 spread_bps=1.70570000 tension=0.00000000 bid_drop=0.00000000 ask_drop=0.00000000
2026-07-08T19:54:02Z,1446,SKIP,SKIPPED,,,,,0,radar_block,reason=momentum_too_small conf=0.2944 mom_sig=0.00000000 raw_mom_bps=0.00000000 spread_bps=2.54250000 tension=0.00000000 bid_drop=0.00000000 ask_drop=0.00000000
2026-07-08T19:54:24Z,1447,BUY,FILLED,62129.60000000,62138.80000000,0.15440000,1.48077567,1.42048000,fluid_exit_inversion,radar=long conf=0.8411 size_note=hunter_revenge_1.5x+entry_25_75_full soft=0 pct=0.01480776 tension=1.49770176 bid_drop=0.00000000 ask_drop=9.73506147
2026-07-08T19:54:33Z,1448,SKIP,SKIPPED,,,,,0,radar_block,reason=momentum_too_small conf=0.2944 mom_sig=0.00000000 raw_mom_bps=0.00000000 spread_bps=2.54250000 tension=0.00000000 bid_drop=0.00000000 ask_drop=0.00000000
2026-07-08T19:54:41Z,1449,SKIP,SKIPPED,,,,,0,radar_block,reason=momentum_too_small conf=0.3127 mom_sig=0.00000000 raw_mom_bps=0.00000000 spread_bps=1.70570000 tension=0.00000000 bid_drop=0.00000000 ask_drop=0.00000000
2026-07-08T19:54:49Z,1450,SKIP,SKIPPED,,,,,0,radar_block,reason=momentum_too_small conf=0.2944 mom_sig=0.00000000 raw_mom_bps=0.00000000 spread_bps=2.54250000 tension=0.00000000 bid_drop=0.00000000 ask_drop=0.00000000
2026-07-08T19:54:57Z,1451,SKIP,SKIPPED,,,,,0,radar_block,reason=momentum_too_small conf=0.0001 mom_sig=0.00007420 raw_mom_bps=0.33793243 spread_bps=2.54250000 tension=0.00007420 bid_drop=0.00000000 ask_drop=0.00048229
2026-07-08T19:55:06Z,1452,SKIP,SKIPPED,,,,,0,impulse_resonance_wait,reason=wall_not_collapsed tension=0.64226228 bid_drop=0.00000000 ask_drop=4.17470479
2026-07-08T19:55:27Z,1453,BUY,FILLED,62144.70000000,62156.50000000,0.12540000,1.89879427,1.47972000,shock_inversion_stop,radar=long conf=0.9377 size_note=hunter_revenge_1.5x+entry_25_75_full soft=1 pct=0.01898794 tension=2.02298065 bid_drop=13.14937420 ask_drop=0.00006776
2026-07-08T19:55:49Z,1454,BUY,FILLED,62156.60000000,62157.60000000,0.12540000,0.16088396,0.12540000,shock_inversion_stop,radar=long conf=0.7386 size_note=hunter_revenge_1.5x+entry_25_75_full soft=1 pct=0.00160884 tension=1.51187454 bid_drop=0.00000000 ask_drop=9.82718448
2026-07-08T19:55:58Z,1455,SKIP,SKIPPED,,,,,0,radar_block,reason=momentum_too_small conf=0.2578 mom_sig=0.00000000 raw_mom_bps=0.00000000 spread_bps=4.21510000 tension=0.00000000 bid_drop=0.00000000 ask_drop=0.00000000
2026-07-08T19:56:08Z,1456,SKIP,SKIPPED,,,,,0,llm_gate,reason=ollama_skip status=SKIP
2026-07-08T19:56:16Z,1457,SKIP,SKIPPED,,,,,0,radar_block,reason=direction_unclear conf=0.0374 mom_sig=0.03155865 raw_mom_bps=0.00000000 spread_bps=4.61730000 tension=0.03155865 bid_drop=0.20513123 ask_drop=0.00002966
2026-07-08T19:56:24Z,1458,SKIP,SKIPPED,,,,,0,radar_block,reason=momentum_too_small conf=0.0 mom_sig=0.00000788 raw_mom_bps=0.00000000 spread_bps=4.61730000 tension=0.00000788 bid_drop=0.00000000 ask_drop=0.00005119
2026-07-08T19:56:32Z,1459,SKIP,SKIPPED,,,,,0,radar_block,reason=momentum_too_small conf=0.0001 mom_sig=0.00004223 raw_mom_bps=0.00000000 spread_bps=4.61730000 tension=0.00004223 bid_drop=0.00000000 ask_drop=0.00027451
2026-07-08T19:56:42Z,1460,SKIP,SKIPPED,,,,,0,llm_gate,reason=ollama_skip status=SKIP
2026-07-08T19:56:51Z,1461,SKIP,SKIPPED,,,,,0,radar_block,reason=direction_unclear conf=0.1317 mom_sig=0.11109382 raw_mom_bps=0.00000000 spread_bps=4.61730000 tension=0.11109382 bid_drop=0.00000000 ask_drop=0.72210984
2026-07-08T19:56:59Z,1462,SKIP,SKIPPED,,,,,0,radar_block,reason=momentum_too_small conf=0.249 mom_sig=0.00000000 raw_mom_bps=0.00000000 spread_bps=4.61730000 tension=0.00000000 bid_drop=0.00000000 ask_drop=0.00000000
2026-07-08T19:57:07Z,1463,SKIP,SKIPPED,,,,,0,radar_block,reason=momentum_too_small conf=0.3363 mom_sig=0.00000000 raw_mom_bps=-4.61729539 spread_bps=0.62740000 tension=0.00000000 bid_drop=0.00000000 ask_drop=0.00000000
2026-07-08T19:57:15Z,1464,SKIP,SKIPPED,,,,,0,radar_block,reason=momentum_too_small conf=0.0001 mom_sig=0.00011087 raw_mom_bps=0.00000000 spread_bps=3.98990000 tension=0.00011087 bid_drop=0.00072066 ask_drop=0.00000000
2026-07-08T19:57:23Z,1465,SKIP,SKIPPED,,,,,0,radar_block,reason=momentum_too_small conf=0.0001 mom_sig=0.00006356 raw_mom_bps=0.00000000 spread_bps=3.98990000 tension=0.00006356 bid_drop=0.00004617 ask_drop=0.00041315
2026-07-08T19:57:31Z,1466,SKIP,SKIPPED,,,,,0,radar_block,reason=momentum_too_small conf=0.0001 mom_sig=0.00004900 raw_mom_bps=0.00000000 spread_bps=3.98990000 tension=0.00004900 bid_drop=0.00000000 ask_drop=0.00031851
2026-07-08T19:57:39Z,1467,SKIP,SKIPPED,,,,,0,radar_block,reason=momentum_too_small conf=0.2529 mom_sig=0.00000000 raw_mom_bps=0.00000000 spread_bps=4.44030000 tension=0.00000000 bid_drop=0.00000000 ask_drop=0.00000000
2026-07-08T19:57:47Z,1468,SKIP,SKIPPED,,,,,0,radar_block,reason=momentum_too_small conf=0.0001 mom_sig=0.00010722 raw_mom_bps=0.00000000 spread_bps=4.44030000 tension=0.00010722 bid_drop=0.00000000 ask_drop=0.00069691
2026-07-08T19:57:56Z,1469,SKIP,SKIPPED,,,,,0,duo_wait,reason=no_trigger mode=none
2026-07-08T19:58:04Z,1470,SKIP,SKIPPED,,,,,0,radar_block,reason=momentum_too_small conf=0.0 mom_sig=0.00003371 raw_mom_bps=0.00000000 spread_bps=4.61730000 tension=0.00003371 bid_drop=0.00000000 ask_drop=0.00021914
2026-07-08T19:58:11Z,1471,SKIP,SKIPPED,,,,,0,radar_block,reason=momentum_too_small conf=0.3162 mom_sig=0.00000000 raw_mom_bps=0.00000000 spread_bps=1.54450000 tension=0.00000000 bid_drop=0.00000000 ask_drop=0.00000000
2026-07-08T19:58:20Z,1472,SKIP,SKIPPED,,,,,0,duo_wait,reason=no_trigger mode=none
2026-07-08T19:58:28Z,1473,SKIP,SKIPPED,,,,,0,radar_block,reason=momentum_too_small conf=0.0 mom_sig=0.00001134 raw_mom_bps=0.00000000 spread_bps=4.61730000 tension=0.00001134 bid_drop=0.00000000 ask_drop=0.00007373
2026-07-08T19:58:36Z,1474,SKIP,SKIPPED,,,,,0,radar_block,reason=momentum_too_small conf=0.0009 mom_sig=0.00079012 raw_mom_bps=0.00000000 spread_bps=4.61730000 tension=0.00079012 bid_drop=0.00513581 ask_drop=0.00000000
2026-07-08T19:58:45Z,1475,SKIP,SKIPPED,,,,,0,duo_wait,reason=no_trigger mode=none
2026-07-08T19:58:53Z,1476,SKIP,SKIPPED,,,,,0,radar_block,reason=momentum_too_small conf=0.2546 mom_sig=0.00000000 raw_mom_bps=0.00000000 spread_bps=4.35990000 tension=0.00000000 bid_drop=0.00000000 ask_drop=0.00000000
2026-07-08T19:59:02Z,1477,SKIP,SKIPPED,,,,,0,duo_wait,reason=no_trigger mode=none
2026-07-08T19:59:10Z,1478,SKIP,SKIPPED,,,,,0,radar_block,reason=momentum_too_small conf=0.3293 mom_sig=0.00000000 raw_mom_bps=0.00000000 spread_bps=0.94830000 tension=0.00000000 bid_drop=0.00000000 ask_drop=0.00000000
2026-07-08T19:59:18Z,1479,SKIP,SKIPPED,,,,,0,radar_block,reason=momentum_too_small conf=0.0 mom_sig=0.00001597 raw_mom_bps=0.83589997 spread_bps=0.94830000 tension=0.00001597 bid_drop=0.00000000 ask_drop=0.00010380
2026-07-08T19:59:26Z,1480,SKIP,SKIPPED,,,,,0,radar_block,reason=direction_unclear conf=0.065 mom_sig=0.04144581 raw_mom_bps=0.00000000 spread_bps=0.94830000 tension=0.04144581 bid_drop=0.26939775 ask_drop=0.00096883
2026-07-08T19:59:34Z,1481,SKIP,SKIPPED,,,,,0,radar_block,reason=direction_unclear conf=0.021 mom_sig=0.01340011 raw_mom_bps=0.00000000 spread_bps=0.94830000 tension=0.01340011 bid_drop=0.00000000 ask_drop=0.08710069
2026-07-08T19:59:43Z,1482,SKIP,SKIPPED,,,,,0,radar_block,reason=momentum_too_small conf=0.0 mom_sig=0.00001035 raw_mom_bps=0.00000000 spread_bps=0.94830000 tension=0.00001035 bid_drop=0.00006727 ask_drop=0.00000000
2026-07-08T19:59:51Z,1483,SKIP,SKIPPED,,,,,0,radar_block,reason=momentum_too_small conf=0.0 mom_sig=0.00002077 raw_mom_bps=0.00000000 spread_bps=0.94830000 tension=0.00002077 bid_drop=0.00000000 ask_drop=0.00013498
2026-07-08T19:59:59Z,1484,SKIP,SKIPPED,,,,,0,radar_block,reason=momentum_too_small conf=0.0 mom_sig=0.00001730 raw_mom_bps=0.00000000 spread_bps=0.94830000 tension=0.00001730 bid_drop=0.00000000 ask_drop=0.00011248
2026-07-08T20:00:08Z,1485,SKIP,SKIPPED,,,,,0,duo_wait,reason=no_trigger mode=none
2026-07-08T20:00:16Z,1486,SKIP,SKIPPED,,,,,0,radar_block,reason=momentum_too_small conf=0.0001 mom_sig=0.00008656 raw_mom_bps=0.00000000 spread_bps=0.99660000 tension=0.00008656 bid_drop=0.00028387 ask_drop=0.00056265
2026-07-08T20:00:24Z,1487,SKIP,SKIPPED,,,,,0,radar_block,reason=momentum_too_small conf=0.0023 mom_sig=0.00146496 raw_mom_bps=0.00000000 spread_bps=1.10910000 tension=0.00146496 bid_drop=0.00952225 ask_drop=0.00085101
2026-07-08T20:00:32Z,1488,SKIP,SKIPPED,,,,,0,radar_block,reason=momentum_too_small conf=0.3236 mom_sig=0.00000000 raw_mom_bps=0.00000000 spread_bps=1.20550000 tension=0.00000000 bid_drop=0.00000000 ask_drop=0.00000000
2026-07-08T20:00:40Z,1489,SKIP,SKIPPED,,,,,0,radar_block,reason=momentum_too_small conf=0.3219 mom_sig=0.00000000 raw_mom_bps=0.00000000 spread_bps=1.28590000 tension=0.00000000 bid_drop=0.00000000 ask_drop=0.00000000
2026-07-08T20:00:48Z,1490,SKIP,SKIPPED,,,,,0,radar_block,reason=momentum_too_small conf=0.0001 mom_sig=0.00008031 raw_mom_bps=0.00000000 spread_bps=1.71990000 tension=0.00008031 bid_drop=0.00052202 ask_drop=0.00000000
2026-07-08T20:00:56Z,1491,SKIP,SKIPPED,,,,,0,radar_block,reason=momentum_too_small conf=0.3458 mom_sig=0.00000000 raw_mom_bps=0.00000000 spread_bps=0.19290000 tension=0.00000000 bid_drop=0.00000000 ask_drop=0.00000000
2026-07-08T20:01:06Z,1492,SKIP,SKIPPED,,,,,0,duo_wait,reason=no_trigger mode=none
2026-07-08T20:01:14Z,1493,SKIP,SKIPPED,,,,,0,radar_block,reason=momentum_too_small conf=0.0001 mom_sig=0.00004982 raw_mom_bps=0.00000000 spread_bps=1.18970000 tension=0.00004982 bid_drop=0.00000000 ask_drop=0.00032380
2026-07-08T20:01:22Z,1494,SKIP,SKIPPED,,,,,0,radar_block,reason=momentum_too_small conf=0.0 mom_sig=0.00001679 raw_mom_bps=-0.03215817 spread_bps=1.22190000 tension=0.00001679 bid_drop=0.00010916 ask_drop=0.00000000
2026-07-08T20:01:30Z,1495,SKIP,SKIPPED,,,,,0,radar_block,reason=momentum_too_small conf=0.001 mom_sig=0.00059781 raw_mom_bps=0.00000000 spread_bps=0.35370000 tension=0.00059781 bid_drop=0.00000000 ask_drop=0.00388575
2026-07-08T20:01:39Z,1496,SKIP,SKIPPED,,,,,0,radar_block,reason=momentum_too_small conf=0.0001 mom_sig=0.00005196 raw_mom_bps=0.00000000 spread_bps=0.06430000 tension=0.00005196 bid_drop=0.00000000 ask_drop=0.00033771
2026-07-08T20:01:46Z,1497,SKIP,SKIPPED,,,,,0,radar_block,reason=momentum_too_small conf=0.0 mom_sig=0.00001886 raw_mom_bps=0.00000000 spread_bps=0.41800000 tension=0.00001886 bid_drop=0.00000000 ask_drop=0.00012259
2026-07-08T20:01:54Z,1498,SKIP,SKIPPED,,,,,0,radar_block,reason=momentum_too_small conf=0.3004 mom_sig=0.00000000 raw_mom_bps=0.00000000 spread_bps=2.26660000 tension=0.00000000 bid_drop=0.00000000 ask_drop=0.00000000
2026-07-08T20:02:02Z,1499,SKIP,SKIPPED,,,,,0,radar_block,reason=momentum_too_small conf=0.0001 mom_sig=0.00006380 raw_mom_bps=0.69125165 spread_bps=2.87730000 tension=0.00006380 bid_drop=0.00000000 ask_drop=0.00041471
2026-07-08T20:02:10Z,1500,SKIP,SKIPPED,,,,,0,radar_block,reason=momentum_too_small conf=0.3236 mom_sig=0.00000000 raw_mom_bps=0.00000000 spread_bps=1.20560000 tension=0.00000000 bid_drop=0.00000000 ask_drop=0.00000000
2026-07-08T20:02:18Z,1501,SKIP,SKIPPED,,,,,0,impulse_resonance_wait,reason=wall_not_collapsed tension=0.52080554 bid_drop=3.38523601 ask_drop=0.00000000
2026-07-08T20:02:26Z,1502,SKIP,SKIPPED,,,,,0,radar_block,reason=momentum_too_small conf=0.3303 mom_sig=0.00000000 raw_mom_bps=0.00000000 spread_bps=0.90020000 tension=0.00000000 bid_drop=0.00000000 ask_drop=0.00000000
2026-07-08T20:02:35Z,1503,SKIP,SKIPPED,,,,,0,radar_block,reason=momentum_too_small conf=0.3303 mom_sig=0.00000000 raw_mom_bps=0.00000000 spread_bps=0.90020000 tension=0.00000000 bid_drop=0.00000000 ask_drop=0.00000000
2026-07-08T20:02:43Z,1504,SKIP,SKIPPED,,,,,0,duo_wait,reason=no_trigger mode=none
2026-07-08T20:02:51Z,1505,SKIP,SKIPPED,,,,,0,impulse_resonance_wait,reason=wall_not_collapsed tension=0.43555569 bid_drop=0.00000000 ask_drop=2.83111201
2026-07-08T20:03:00Z,1506,SKIP,SKIPPED,,,,,0,impulse_resonance_wait,reason=wall_not_collapsed tension=0.49939248 bid_drop=3.24605115 ask_drop=0.00000000
2026-07-08T20:03:08Z,1507,SKIP,SKIPPED,,,,,0,duo_wait,reason=no_trigger mode=none
2026-07-08T20:03:17Z,1508,SKIP,SKIPPED,,,,,0,impulse_resonance_wait,reason=wall_not_collapsed tension=0.50000206 bid_drop=3.25001336 ask_drop=0.00013120
2026-07-08T20:03:25Z,1509,SKIP,SKIPPED,,,,,0,duo_wait,reason=no_trigger mode=none
2026-07-08T20:03:33Z,1510,SKIP,SKIPPED,,,,,0,impulse_resonance_wait,reason=wall_not_collapsed tension=0.34413328 bid_drop=0.00000000 ask_drop=2.23686634
2026-07-08T20:03:42Z,1511,SKIP,SKIPPED,,,,,0,radar_block,reason=momentum_too_small conf=0.0 mom_sig=0.00003265 raw_mom_bps=0.00000000 spread_bps=2.18600000 tension=0.00003265 bid_drop=0.00000000 ask_drop=0.00021224
2026-07-08T20:03:50Z,1512,SKIP,SKIPPED,,,,,0,impulse_resonance_wait,reason=wall_not_collapsed tension=0.75670898 bid_drop=0.00000000 ask_drop=4.91860840
2026-07-08T20:03:58Z,1513,SKIP,SKIPPED,,,,,0,radar_block,reason=momentum_too_small conf=0.3022 mom_sig=0.00000000 raw_mom_bps=0.00000000 spread_bps=2.18600000 tension=0.00000000 bid_drop=0.00000000 ask_drop=0.00000000
2026-07-08T20:04:19Z,1514,BUY,FILLED,62213.60000000,62213.60000000,0.25070000,0.00000000,0.00000000,shock_inversion_stop,radar=long conf=0.8634 size_note=hunter_revenge_1.5x+entry_25_75_full soft=0 pct=0.00000000 tension=1.65845776 bid_drop=0.00000000 ask_drop=10.77997542
2026-07-08T20:04:28Z,1515,SKIP,SKIPPED,,,,,0,radar_block,reason=momentum_too_small conf=0.0 mom_sig=0.00000629 raw_mom_bps=0.00000000 spread_bps=3.40760000 tension=0.00000629 bid_drop=0.00000000 ask_drop=0.00004090
2026-07-08T20:04:36Z,1516,SKIP,SKIPPED,,,,,0,radar_block,reason=momentum_too_small conf=0.2755 mom_sig=0.00000000 raw_mom_bps=0.00000000 spread_bps=3.40760000 tension=0.00000000 bid_drop=0.00000000 ask_drop=0.00000000
2026-07-08T20:04:44Z,1517,SKIP,SKIPPED,,,,,0,radar_block,reason=momentum_too_small conf=0.0001 mom_sig=0.00004479 raw_mom_bps=0.00000000 spread_bps=3.40760000 tension=0.00004479 bid_drop=0.00029112 ask_drop=0.00023841
2026-07-08T20:04:52Z,1518,SKIP,SKIPPED,,,,,0,radar_block,reason=momentum_too_small conf=0.0 mom_sig=0.00002071 raw_mom_bps=0.00000000 spread_bps=3.40760000 tension=0.00002071 bid_drop=0.00000607 ask_drop=0.00013459
2026-07-08T20:05:00Z,1519,SKIP,SKIPPED,,,,,0,radar_block,reason=momentum_too_small conf=0.0001 mom_sig=0.00008557 raw_mom_bps=0.00000000 spread_bps=3.40760000 tension=0.00008557 bid_drop=0.00000000 ask_drop=0.00055619
2026-07-08T20:05:08Z,1520,SKIP,SKIPPED,,,,,0,radar_block,reason=direction_unclear conf=0.0363 mom_sig=0.02770944 raw_mom_bps=0.00000000 spread_bps=3.40760000 tension=0.02770944 bid_drop=0.18011133 ask_drop=0.00026072
2026-07-08T20:05:16Z,1521,SKIP,SKIPPED,,,,,0,radar_block,reason=momentum_too_small conf=0.2755 mom_sig=0.00000000 raw_mom_bps=0.00000000 spread_bps=3.40760000 tension=0.00000000 bid_drop=0.00000000 ask_drop=0.00000000
2026-07-08T20:05:24Z,1522,SKIP,SKIPPED,,,,,0,radar_block,reason=momentum_too_small conf=0.0 mom_sig=0.00000410 raw_mom_bps=0.00000000 spread_bps=3.40760000 tension=0.00000410 bid_drop=0.00000000 ask_drop=0.00002668
2026-07-08T20:05:32Z,1523,SKIP,SKIPPED,,,,,0,radar_block,reason=momentum_too_small conf=0.2779 mom_sig=0.00000000 raw_mom_bps=0.00000000 spread_bps=3.29510000 tension=0.00000000 bid_drop=0.00000000 ask_drop=0.00000000
2026-07-08T20:05:54Z,1524,BUY,FILLED,62213.60000000,62192.40000000,0.25070000,-3.40761506,-5.31484000,fluid_exit_inversion,radar=long conf=0.8805 size_note=hunter_revenge_1.5x+entry_25_75_full soft=0 pct=-0.03407615 tension=5.08261800 bid_drop=33.03701702 ask_drop=0.00000000
2026-07-08T20:06:03Z,1525,SKIP,SKIPPED,,,,,0,radar_block,reason=momentum_too_small conf=0.1824 mom_sig=0.00000000 raw_mom_bps=0.00000000 spread_bps=7.66390000 tension=0.00000000 bid_drop=0.00000000 ask_drop=0.00000000
2026-07-08T20:06:11Z,1526,SKIP,SKIPPED,,,,,0,radar_block,reason=momentum_too_small conf=0.0 mom_sig=0.00001717 raw_mom_bps=0.00000000 spread_bps=7.66390000 tension=0.00001717 bid_drop=0.00000000 ask_drop=0.00011158
2026-07-08T20:06:19Z,1527,SKIP,SKIPPED,,,,,0,impulse_resonance_wait,reason=wall_not_collapsed tension=0.96691427 bid_drop=0.00000000 ask_drop=6.28494277
2026-07-08T20:06:27Z,1528,SKIP,SKIPPED,,,,,0,radar_block,reason=momentum_too_small conf=0.0031 mom_sig=0.00184742 raw_mom_bps=0.00000000 spread_bps=0.01610000 tension=0.00184742 bid_drop=0.00000000 ask_drop=0.01200821
2026-07-08T20:06:35Z,1529,SKIP,SKIPPED,,,,,0,impulse_resonance_wait,reason=wall_not_collapsed tension=0.88614316 bid_drop=0.00000000 ask_drop=5.75993053
2026-07-08T20:06:43Z,1530,SKIP,SKIPPED,,,,,0,radar_block,reason=momentum_too_small conf=0.0005 mom_sig=0.00061056 raw_mom_bps=0.00000000 spread_bps=7.66390000 tension=0.00061056 bid_drop=0.00000000 ask_drop=0.00396865
2026-07-08T20:06:51Z,1531,SKIP,SKIPPED,,,,,0,radar_block,reason=momentum_too_small conf=0.0 mom_sig=0.00001164 raw_mom_bps=0.00000000 spread_bps=7.66390000 tension=0.00001164 bid_drop=0.00000000 ask_drop=0.00007566
2026-07-08T20:06:59Z,1532,SKIP,SKIPPED,,,,,0,radar_block,reason=momentum_too_small conf=0.0005 mom_sig=0.00052672 raw_mom_bps=0.00000000 spread_bps=7.66390000 tension=0.00052672 bid_drop=0.00006290 ask_drop=0.00342365
2026-07-08T20:07:07Z,1533,SKIP,SKIPPED,,,,,0,radar_block,reason=direction_unclear conf=0.0536 mom_sig=0.06173194 raw_mom_bps=0.00000000 spread_bps=7.66390000 tension=0.06173194 bid_drop=0.00004073 ask_drop=0.40125758
2026-07-08T20:07:15Z,1534,SKIP,SKIPPED,,,,,0,radar_block,reason=momentum_too_small conf=0.0001 mom_sig=0.00006042 raw_mom_bps=0.00000000 spread_bps=6.28210000 tension=0.00006042 bid_drop=0.00000000 ask_drop=0.00039271
2026-07-08T20:07:23Z,1535,SKIP,SKIPPED,,,,,0,radar_block,reason=momentum_too_small conf=0.0 mom_sig=0.00004190 raw_mom_bps=-7.66386943 spread_bps=7.66390000 tension=0.00004190 bid_drop=0.00000000 ask_drop=0.00027237
2026-07-08T20:07:32Z,1536,SKIP,SKIPPED,,,,,0,radar_block,reason=momentum_too_small conf=0.0 mom_sig=0.00004386 raw_mom_bps=0.00000000 spread_bps=7.66390000 tension=0.00004386 bid_drop=0.00004088 ask_drop=0.00028507
2026-07-08T20:07:43Z,1537,SKIP,SKIPPED,,,,,0,radar_block,reason=momentum_too_small conf=0.0 mom_sig=0.00001701 raw_mom_bps=0.00000000 spread_bps=0.01610000 tension=0.00001701 bid_drop=0.00011056 ask_drop=0.00000000
2026-07-08T20:07:53Z,1538,SKIP,SKIPPED,,,,,0,tactic_mismatch,mom=long structure=short
2026-07-08T20:08:00Z,1539,SKIP,SKIPPED,,,,,0,radar_block,reason=momentum_too_small conf=0.2196 mom_sig=0.00000000 raw_mom_bps=0.00000000 spread_bps=5.96180000 tension=0.00000000 bid_drop=0.00000000 ask_drop=0.00000000
2026-07-08T20:08:08Z,1540,SKIP,SKIPPED,,,,,0,radar_block,reason=momentum_too_small conf=0.2066 mom_sig=0.00000000 raw_mom_bps=0.00000000 spread_bps=6.55600000 tension=0.00000000 bid_drop=0.00000000 ask_drop=0.00000000
2026-07-08T20:08:15Z,1541,SKIP,SKIPPED,,,,,0,radar_block,reason=momentum_too_small conf=0.2569 mom_sig=0.00000000 raw_mom_bps=0.00000000 spread_bps=4.25780000 tension=0.00000000 bid_drop=0.00000000 ask_drop=0.00000000
2026-07-08T20:08:23Z,1542,SKIP,SKIPPED,,,,,0,radar_block,reason=momentum_too_small conf=0.1876 mom_sig=0.00000000 raw_mom_bps=-7.40699085 spread_bps=7.42300000 tension=0.00000000 bid_drop=0.00000000 ask_drop=0.00000000
2026-07-08T20:08:31Z,1543,SKIP,SKIPPED,,,,,0,impulse_resonance_wait,reason=wall_not_collapsed tension=0.39235965 bid_drop=0.00000000 ask_drop=2.55033774
2026-07-08T20:08:38Z,1544,SKIP,SKIPPED,,,,,0,radar_block,reason=momentum_too_small conf=0.1824 mom_sig=0.00000000 raw_mom_bps=0.00000000 spread_bps=7.66390000 tension=0.00000000 bid_drop=0.00000000 ask_drop=0.00000000
2026-07-08T20:08:46Z,1545,SKIP,SKIPPED,,,,,0,stase_ecoute,reason=spread_or_volat_not_cold spread_bps=7.66390000 volat=0.00000000
2026-07-08T20:08:53Z,1546,SKIP,SKIPPED,,,,,0,radar_block,reason=momentum_too_small conf=0.0001 mom_sig=0.00006043 raw_mom_bps=0.00000000 spread_bps=7.66390000 tension=0.00006043 bid_drop=0.00000000 ask_drop=0.00039279
2026-07-08T20:09:00Z,1547,SKIP,SKIPPED,,,,,0,radar_block,reason=momentum_too_small conf=0.1908 mom_sig=0.00000000 raw_mom_bps=0.00000000 spread_bps=7.27830000 tension=0.00000000 bid_drop=0.00000000 ask_drop=0.00000000
2026-07-08T20:09:07Z,1548,SKIP,SKIPPED,,,,,0,radar_block,reason=momentum_too_small conf=0.0 mom_sig=0.00001950 raw_mom_bps=0.00000000 spread_bps=7.27830000 tension=0.00001950 bid_drop=0.00000000 ask_drop=0.00012673
2026-07-08T20:09:15Z,1549,SKIP,SKIPPED,,,,,0,radar_block,reason=momentum_too_small conf=0.0001 mom_sig=0.00008384 raw_mom_bps=0.00000000 spread_bps=7.27830000 tension=0.00008384 bid_drop=0.00000000 ask_drop=0.00054493
2026-07-08T20:09:23Z,1550,SKIP,SKIPPED,,,,,0,radar_block,reason=momentum_too_small conf=0.0 mom_sig=0.00001462 raw_mom_bps=0.00000000 spread_bps=5.81620000 tension=0.00001462 bid_drop=0.00000000 ask_drop=0.00009505
2026-07-08T20:09:31Z,1551,SKIP,SKIPPED,,,,,0,radar_block,reason=momentum_too_small conf=0.2228 mom_sig=0.00000000 raw_mom_bps=0.00000000 spread_bps=5.81620000 tension=0.00000000 bid_drop=0.00000000 ask_drop=0.00000000
2026-07-08T20:09:39Z,1552,SKIP,SKIPPED,,,,,0,impulse_resonance_wait,reason=wall_not_collapsed tension=0.56526468 bid_drop=3.67422045 ask_drop=0.00009996
2026-07-08T20:09:46Z,1553,SKIP,SKIPPED,,,,,0,radar_block,reason=momentum_too_small conf=0.0 mom_sig=0.00000819 raw_mom_bps=0.00000000 spread_bps=1.87950000 tension=0.00000819 bid_drop=0.00000000 ask_drop=0.00005324
2026-07-08T20:09:54Z,1554,SKIP,SKIPPED,,,,,0,duo_wait,reason=no_trigger mode=none
2026-07-08T20:10:02Z,1555,SKIP,SKIPPED,,,,,0,radar_block,reason=momentum_too_small conf=0.0 mom_sig=0.00002350 raw_mom_bps=0.51403641 spread_bps=0.01610000 tension=0.00002350 bid_drop=0.00000000 ask_drop=0.00015276
2026-07-08T20:10:09Z,1556,SKIP,SKIPPED,,,,,0,impulse_resonance_wait,reason=wall_not_collapsed tension=0.55358031 bid_drop=3.59827204 ask_drop=0.00000000
2026-07-08T20:10:16Z,1557,SKIP,SKIPPED,,,,,0,radar_block,reason=momentum_too_small conf=0.001 mom_sig=0.00061136 raw_mom_bps=0.00000000 spread_bps=0.01610000 tension=0.00061136 bid_drop=0.00054106 ask_drop=0.00397385
2026-07-08T20:10:23Z,1558,SKIP,SKIPPED,,,,,0,radar_block,reason=momentum_too_small conf=0.0001 mom_sig=0.00007424 raw_mom_bps=0.00000000 spread_bps=0.01610000 tension=0.00007424 bid_drop=0.00048255 ask_drop=0.00000000
2026-07-08T20:10:31Z,1559,SKIP,SKIPPED,,,,,0,radar_block,reason=momentum_too_small conf=0.0002 mom_sig=0.00010722 raw_mom_bps=0.00000000 spread_bps=0.01610000 tension=0.00010722 bid_drop=0.00069696 ask_drop=0.00000000
2026-07-08T20:10:39Z,1560,SKIP,SKIPPED,,,,,0,radar_block,reason=momentum_too_small conf=0.0002 mom_sig=0.00009632 raw_mom_bps=0.00000000 spread_bps=0.01610000 tension=0.00009632 bid_drop=0.00062610 ask_drop=0.00000000
2026-07-08T20:10:47Z,1561,SKIP,SKIPPED,,,,,0,radar_block,reason=momentum_too_small conf=0.0006 mom_sig=0.00033649 raw_mom_bps=0.00000000 spread_bps=0.01610000 tension=0.00033649 bid_drop=0.00079104 ask_drop=0.00218718
2026-07-08T20:10:55Z,1562,SKIP,SKIPPED,,,,,0,duo_wait,reason=no_trigger mode=none
2026-07-08T20:11:03Z,1563,SKIP,SKIPPED,,,,,0,duo_wait,reason=no_trigger mode=none
2026-07-08T20:11:10Z,1564,SKIP,SKIPPED,,,,,0,radar_block,reason=momentum_too_small conf=0.0 mom_sig=0.00000362 raw_mom_bps=0.00000000 spread_bps=0.01610000 tension=0.00000362 bid_drop=0.00000000 ask_drop=0.00002352
2026-07-08T20:11:18Z,1565,SKIP,SKIPPED,,,,,0,radar_block,reason=momentum_too_small conf=0.0 mom_sig=0.00001930 raw_mom_bps=0.00000000 spread_bps=0.01610000 tension=0.00001930 bid_drop=0.00000000 ask_drop=0.00012542
2026-07-08T20:11:25Z,1566,SKIP,SKIPPED,,,,,0,radar_block,reason=momentum_too_small conf=0.0 mom_sig=0.00000134 raw_mom_bps=0.00000000 spread_bps=2.32900000 tension=0.00000134 bid_drop=0.00000869 ask_drop=0.00000000
2026-07-08T20:11:32Z,1567,SKIP,SKIPPED,,,,,0,radar_block,reason=momentum_too_small conf=0.2991 mom_sig=0.00000000 raw_mom_bps=-0.04819711 spread_bps=2.32900000 tension=0.00000000 bid_drop=0.00000000 ask_drop=0.00000000
2026-07-08T20:11:40Z,1568,SKIP,SKIPPED,,,,,0,radar_block,reason=momentum_too_small conf=0.3089 mom_sig=0.00000000 raw_mom_bps=0.00000000 spread_bps=1.87930000 tension=0.00000000 bid_drop=0.00000000 ask_drop=0.00000000
2026-07-08T20:11:49Z,1569,SKIP,SKIPPED,,,,,0,radar_block,reason=momentum_too_small conf=0.0 mom_sig=0.00000502 raw_mom_bps=0.00000000 spread_bps=2.34510000 tension=0.00000502 bid_drop=0.00003266 ask_drop=0.00000000
2026-07-08T20:11:56Z,1570,SKIP,SKIPPED,,,,,0,radar_block,reason=momentum_too_small conf=0.0 mom_sig=0.00000940 raw_mom_bps=0.00000000 spread_bps=1.87930000 tension=0.00000940 bid_drop=0.00006108 ask_drop=0.00000000
2026-07-08T20:12:04Z,1571,SKIP,SKIPPED,,,,,0,radar_block,reason=momentum_too_small conf=0.0001 mom_sig=0.00005612 raw_mom_bps=0.00000000 spread_bps=2.34510000 tension=0.00005612 bid_drop=0.00036480 ask_drop=0.00000000
2026-07-08T20:12:12Z,1572,SKIP,SKIPPED,,,,,0,duo_wait,reason=no_trigger mode=none
2026-07-08T20:12:20Z,1573,SKIP,SKIPPED,,,,,0,radar_block,reason=momentum_too_small conf=0.0 mom_sig=0.00001111 raw_mom_bps=0.00000000 spread_bps=0.32150000 tension=0.00001111 bid_drop=0.00007222 ask_drop=0.00000000
2026-07-08T20:12:27Z,1574,SKIP,SKIPPED,,,,,0,radar_block,reason=momentum_too_small conf=0.3363 mom_sig=0.00000000 raw_mom_bps=0.43408988 spread_bps=0.62700000 tension=0.00000000 bid_drop=0.00000000 ask_drop=0.00000000
2026-07-08T20:12:34Z,1575,SKIP,SKIPPED,,,,,0,radar_block,reason=momentum_too_small conf=0.3363 mom_sig=0.00000000 raw_mom_bps=0.00000000 spread_bps=0.62700000 tension=0.00000000 bid_drop=0.00000000 ask_drop=0.00000000
2026-07-08T20:12:42Z,1576,SKIP,SKIPPED,,,,,0,radar_block,reason=momentum_too_small conf=0.0 mom_sig=0.00000113 raw_mom_bps=0.00000000 spread_bps=0.62700000 tension=0.00000113 bid_drop=0.00000737 ask_drop=0.00000000
2026-07-08T20:12:49Z,1577,SKIP,SKIPPED,,,,,0,radar_block,reason=momentum_too_small conf=0.3363 mom_sig=0.00000000 raw_mom_bps=0.00000000 spread_bps=0.62700000 tension=0.00000000 bid_drop=0.00000000 ask_drop=0.00000000
2026-07-08T20:12:56Z,1578,SKIP,SKIPPED,,,,,0,radar_block,reason=momentum_too_small conf=0.3363 mom_sig=0.00000000 raw_mom_bps=0.00000000 spread_bps=0.62700000 tension=0.00000000 bid_drop=0.00000000 ask_drop=0.00000000
2026-07-08T20:13:04Z,1579,SKIP,SKIPPED,,,,,0,radar_block,reason=momentum_too_small conf=0.0004 mom_sig=0.00027724 raw_mom_bps=0.00000000 spread_bps=0.81990000 tension=0.00027724 bid_drop=0.00000000 ask_drop=0.00180208
2026-07-08T20:13:11Z,1580,SKIP,SKIPPED,,,,,0,impulse_resonance_wait,reason=wall_not_collapsed tension=0.30357555 bid_drop=1.97324105 ask_drop=0.00000000
2026-07-08T20:13:19Z,1581,SKIP,SKIPPED,,,,,0,duo_wait,reason=no_trigger mode=none
2026-07-08T20:13:26Z,1582,SKIP,SKIPPED,,,,,0,radar_block,reason=momentum_too_small conf=0.0 mom_sig=0.00000981 raw_mom_bps=0.00000000 spread_bps=1.60740000 tension=0.00000981 bid_drop=0.00000000 ask_drop=0.00006379
2026-07-08T20:13:34Z,1583,SKIP,SKIPPED,,,,,0,duo_wait,reason=no_trigger mode=none
2026-07-08T20:13:42Z,1584,SKIP,SKIPPED,,,,,0,duo_wait,reason=no_trigger mode=none
2026-07-08T20:13:50Z,1585,SKIP,SKIPPED,,,,,0,radar_block,reason=momentum_too_small conf=0.2969 mom_sig=0.00000000 raw_mom_bps=0.00000000 spread_bps=2.42710000 tension=0.00000000 bid_drop=0.00000000 ask_drop=0.00000000
2026-07-08T20:13:57Z,1586,SKIP,SKIPPED,,,,,0,radar_block,reason=momentum_too_small conf=0.2969 mom_sig=0.00000000 raw_mom_bps=0.00000000 spread_bps=2.42710000 tension=0.00000000 bid_drop=0.00000000 ask_drop=0.00000000
2026-07-08T20:14:05Z,1587,SKIP,SKIPPED,,,,,0,radar_block,reason=momentum_too_small conf=0.2969 mom_sig=0.00000000 raw_mom_bps=0.00000000 spread_bps=2.42710000 tension=0.00000000 bid_drop=0.00000000 ask_drop=0.00000000
2026-07-08T20:14:13Z,1588,SKIP,SKIPPED,,,,,0,duo_wait,reason=no_trigger mode=none
2026-07-08T20:14:21Z,1589,SKIP,SKIPPED,,,,,0,radar_block,reason=momentum_too_small conf=0.3275 mom_sig=0.00000000 raw_mom_bps=0.00000000 spread_bps=1.02860000 tension=0.00000000 bid_drop=0.00000000 ask_drop=0.00000000
2026-07-08T20:14:29Z,1590,SKIP,SKIPPED,,,,,0,duo_wait,reason=no_trigger mode=none
2026-07-08T20:14:36Z,1591,SKIP,SKIPPED,,,,,0,radar_block,reason=momentum_too_small conf=0.0 mom_sig=0.00000711 raw_mom_bps=0.00000000 spread_bps=1.99270000 tension=0.00000711 bid_drop=0.00003679 ask_drop=0.00004620
2026-07-08T20:14:44Z,1592,SKIP,SKIPPED,,,,,0,radar_block,reason=momentum_too_small conf=0.0 mom_sig=0.00000619 raw_mom_bps=0.00000000 spread_bps=2.00880000 tension=0.00000619 bid_drop=0.00000000 ask_drop=0.00004025
2026-07-08T20:14:52Z,1593,SKIP,SKIPPED,,,,,0,duo_wait,reason=no_trigger mode=none
2026-07-08T20:14:59Z,1594,SKIP,SKIPPED,,,,,0,radar_block,reason=momentum_too_small conf=0.2994 mom_sig=0.00000000 raw_mom_bps=0.00000000 spread_bps=2.31410000 tension=0.00000000 bid_drop=0.00000000 ask_drop=0.00000000
2026-07-08T20:15:06Z,1595,SKIP,SKIPPED,,,,,0,radar_block,reason=momentum_too_small conf=0.0002 mom_sig=0.00012760 raw_mom_bps=0.00000000 spread_bps=0.99630000 tension=0.00012760 bid_drop=0.00000000 ask_drop=0.00082943
2026-07-08T20:15:13Z,1596,SKIP,SKIPPED,,,,,0,radar_block,reason=momentum_too_small conf=0.0 mom_sig=0.00000480 raw_mom_bps=0.00000000 spread_bps=0.33750000 tension=0.00000480 bid_drop=0.00000000 ask_drop=0.00003119
2026-07-08T20:15:21Z,1597,SKIP,SKIPPED,,,,,0,radar_block,reason=momentum_too_small conf=0.0 mom_sig=0.00001173 raw_mom_bps=0.00000000 spread_bps=0.33750000 tension=0.00001173 bid_drop=0.00004187 ask_drop=0.00007624
2026-07-08T20:15:28Z,1598,SKIP,SKIPPED,,,,,0,radar_block,reason=momentum_too_small conf=0.0087 mom_sig=0.00531435 raw_mom_bps=0.00000000 spread_bps=0.24120000 tension=0.00531435 bid_drop=0.00000000 ask_drop=0.03454326
2026-07-08T20:15:35Z,1599,SKIP,SKIPPED,,,,,0,radar_block,reason=momentum_too_small conf=0.3039 mom_sig=0.00000000 raw_mom_bps=0.00000000 spread_bps=2.10570000 tension=0.00000000 bid_drop=0.00000000 ask_drop=0.00000000
2026-07-08T20:15:42Z,1600,SKIP,SKIPPED,,,,,0,radar_block,reason=momentum_too_small conf=0.0 mom_sig=0.00000171 raw_mom_bps=0.00000000 spread_bps=0.01610000 tension=0.00000171 bid_drop=0.00001109 ask_drop=0.00000000
2026-07-08T20:15:49Z,1601,SKIP,SKIPPED,,,,,0,impulse_resonance_wait,reason=wall_not_collapsed tension=0.29965770 bid_drop=1.94777508 ask_drop=0.00000000
2026-07-08T20:15:57Z,1602,SKIP,SKIPPED,,,,,0,radar_block,reason=momentum_too_small conf=0.0003 mom_sig=0.00019946 raw_mom_bps=-0.01607417 spread_bps=0.48220000 tension=0.00019946 bid_drop=0.00001109 ask_drop=0.00129650
2026-07-08T20:16:04Z,1603,SKIP,SKIPPED,,,,,0,radar_block,reason=momentum_too_small conf=0.3395 mom_sig=0.00000000 raw_mom_bps=0.00000000 spread_bps=0.48220000 tension=0.00000000 bid_drop=0.00000000 ask_drop=0.00000000
2026-07-08T20:16:11Z,1604,SKIP,SKIPPED,,,,,0,radar_block,reason=momentum_too_small conf=0.2937 mom_sig=0.00000000 raw_mom_bps=0.00000000 spread_bps=2.57170000 tension=0.00000000 bid_drop=0.00000000 ask_drop=0.00000000
2026-07-08T20:16:19Z,1605,SKIP,SKIPPED,,,,,0,radar_block,reason=momentum_too_small conf=0.0001 mom_sig=0.00004038 raw_mom_bps=0.00000000 spread_bps=2.57170000 tension=0.00004038 bid_drop=0.00026244 ask_drop=0.00003120
2026-07-08T20:16:27Z,1606,SKIP,SKIPPED,,,,,0,radar_block,reason=momentum_too_small conf=0.0 mom_sig=0.00000713 raw_mom_bps=0.00000000 spread_bps=1.17360000 tension=0.00000713 bid_drop=0.00004632 ask_drop=0.00000000
2026-07-08T20:16:34Z,1607,SKIP,SKIPPED,,,,,0,radar_block,reason=momentum_too_small conf=0.0 mom_sig=0.00002461 raw_mom_bps=0.00000000 spread_bps=0.82000000 tension=0.00002461 bid_drop=0.00008422 ask_drop=0.00015995
2026-07-08T20:16:42Z,1608,SKIP,SKIPPED,,,,,0,duo_wait,reason=no_trigger mode=none
2026-07-08T20:16:50Z,1609,SKIP,SKIPPED,,,,,0,radar_block,reason=momentum_too_small conf=0.3215 mom_sig=0.00000000 raw_mom_bps=0.00000000 spread_bps=1.30220000 tension=0.00000000 bid_drop=0.00000000 ask_drop=0.00000000
2026-07-08T20:16:57Z,1610,SKIP,SKIPPED,,,,,0,radar_block,reason=momentum_too_small conf=0.0004 mom_sig=0.00026223 raw_mom_bps=0.00000000 spread_bps=1.30220000 tension=0.00026223 bid_drop=0.00000000 ask_drop=0.00170450
2026-07-08T20:17:04Z,1611,SKIP,SKIPPED,,,,,0,radar_block,reason=momentum_too_small conf=0.0002 mom_sig=0.00016172 raw_mom_bps=0.00000000 spread_bps=1.30220000 tension=0.00016172 bid_drop=0.00020898 ask_drop=0.00105117
2026-07-08T20:17:11Z,1612,SKIP,SKIPPED,,,,,0,radar_block,reason=momentum_too_small conf=0.0 mom_sig=0.00001954 raw_mom_bps=0.00000000 spread_bps=1.30220000 tension=0.00001954 bid_drop=0.00012703 ask_drop=0.00000000
2026-07-08T20:17:19Z,1613,SKIP,SKIPPED,,,,,0,radar_block,reason=momentum_too_small conf=0.3215 mom_sig=0.00000000 raw_mom_bps=0.00000000 spread_bps=1.30220000 tension=0.00000000 bid_drop=0.00000000 ask_drop=0.00000000
2026-07-08T20:17:27Z,1614,SKIP,SKIPPED,,,,,0,impulse_resonance_wait,reason=wall_not_collapsed tension=0.54747743 bid_drop=0.00036847 ask_drop=3.55860332
2026-07-08T20:17:34Z,1615,SKIP,SKIPPED,,,,,0,impulse_resonance_wait,reason=wall_not_collapsed tension=0.54747812 bid_drop=0.00035005 ask_drop=3.55860775
2026-07-08T20:17:42Z,1616,SKIP,SKIPPED,,,,,0,radar_block,reason=momentum_too_small conf=0.0 mom_sig=0.00001134 raw_mom_bps=0.00000000 spread_bps=0.11260000 tension=0.00001134 bid_drop=0.00007370 ask_drop=0.00000000
2026-07-08T20:17:49Z,1617,SKIP,SKIPPED,,,,,0,radar_block,reason=momentum_too_small conf=0.0 mom_sig=0.00001228 raw_mom_bps=0.00000000 spread_bps=0.11260000 tension=0.00001228 bid_drop=0.00007984 ask_drop=0.00000000
2026-07-08T20:17:57Z,1618,SKIP,SKIPPED,,,,,0,radar_block,reason=momentum_too_small conf=0.0001 mom_sig=0.00005765 raw_mom_bps=0.00000000 spread_bps=0.11260000 tension=0.00005765 bid_drop=0.00037470 ask_drop=0.00004872
2026-07-08T20:18:04Z,1619,SKIP,SKIPPED,,,,,0,radar_block,reason=momentum_too_small conf=0.0001 mom_sig=0.00005387 raw_mom_bps=0.00000000 spread_bps=0.11260000 tension=0.00005387 bid_drop=0.00035013 ask_drop=0.00000000
2026-07-08T20:18:12Z,1620,SKIP,SKIPPED,,,,,0,radar_block,reason=momentum_too_small conf=0.0001 mom_sig=0.00004914 raw_mom_bps=0.00000000 spread_bps=0.11260000 tension=0.00004914 bid_drop=0.00031943 ask_drop=0.00000000
2026-07-08T20:18:19Z,1621,SKIP,SKIPPED,,,,,0,radar_block,reason=momentum_too_small conf=0.0 mom_sig=0.00000880 raw_mom_bps=0.00000000 spread_bps=0.12860000 tension=0.00000880 bid_drop=0.00005718 ask_drop=0.00000000
2026-07-08T20:18:28Z,1622,SKIP,SKIPPED,,,,,0,radar_block,reason=momentum_too_small conf=0.0 mom_sig=0.00001323 raw_mom_bps=0.00000000 spread_bps=0.11260000 tension=0.00001323 bid_drop=0.00008602 ask_drop=0.00000000
2026-07-08T20:18:35Z,1623,SKIP,SKIPPED,,,,,0,radar_block,reason=momentum_too_small conf=0.3475 mom_sig=0.00000000 raw_mom_bps=0.00000000 spread_bps=0.11260000 tension=0.00000000 bid_drop=0.00000000 ask_drop=0.00000000
2026-07-08T20:18:43Z,1624,SKIP,SKIPPED,,,,,0,duo_wait,reason=no_trigger mode=none
2026-07-08T20:18:50Z,1625,SKIP,SKIPPED,,,,,0,radar_block,reason=momentum_too_small conf=0.0001 mom_sig=0.00003970 raw_mom_bps=0.00000000 spread_bps=1.22190000 tension=0.00003970 bid_drop=0.00025808 ask_drop=0.00000000
2026-07-08T20:18:58Z,1626,SKIP,SKIPPED,,,,,0,radar_block,reason=momentum_too_small conf=0.324 mom_sig=0.00000000 raw_mom_bps=0.00000000 spread_bps=1.18970000 tension=0.00000000 bid_drop=0.00000000 ask_drop=0.00000000
2026-07-08T20:19:05Z,1627,SKIP,SKIPPED,,,,,0,radar_block,reason=momentum_too_small conf=0.0001 mom_sig=0.00004703 raw_mom_bps=0.00000000 spread_bps=1.22190000 tension=0.00004703 bid_drop=0.00030567 ask_drop=0.00000000
2026-07-08T20:19:14Z,1628,SKIP,SKIPPED,,,,,0,radar_block,reason=momentum_too_small conf=0.0 mom_sig=0.00000035 raw_mom_bps=-0.64316540 spread_bps=1.86500000 tension=0.00000035 bid_drop=0.00000227 ask_drop=0.00000000
2026-07-08T20:19:21Z,1629,SKIP,SKIPPED,,,,,0,radar_block,reason=momentum_too_small conf=0.0 mom_sig=0.00001433 raw_mom_bps=0.00000000 spread_bps=0.64320000 tension=0.00001433 bid_drop=0.00009317 ask_drop=0.00000000
2026-07-08T20:19:29Z,1630,SKIP,SKIPPED,,,,,0,duo_wait,reason=no_trigger mode=none
2026-07-08T20:19:37Z,1631,SKIP,SKIPPED,,,,,0,duo_wait,reason=no_trigger mode=none
2026-07-08T20:19:45Z,1632,SKIP,SKIPPED,,,,,0,duo_wait,reason=no_trigger mode=none
2026-07-08T20:19:52Z,1633,SKIP,SKIPPED,,,,,0,radar_block,reason=momentum_too_small conf=0.0 mom_sig=0.00001771 raw_mom_bps=-6.15908119 spread_bps=0.14480000 tension=0.00001771 bid_drop=0.00011510 ask_drop=0.00000000
2026-07-08T20:20:01Z,1634,SKIP,SKIPPED,,,,,0,radar_block,reason=momentum_too_small conf=0.0 mom_sig=0.00000896 raw_mom_bps=0.00000000 spread_bps=0.16090000 tension=0.00000896 bid_drop=0.00005823 ask_drop=0.00000000
2026-07-08T20:20:08Z,1635,SKIP,SKIPPED,,,,,0,radar_block,reason=momentum_too_small conf=0.3465 mom_sig=0.00000000 raw_mom_bps=0.00000000 spread_bps=0.16090000 tension=0.00000000 bid_drop=0.00000000 ask_drop=0.00000000
2026-07-08T20:20:16Z,1636,SKIP,SKIPPED,,,,,0,radar_block,reason=momentum_too_small conf=0.0 mom_sig=0.00000879 raw_mom_bps=0.00000000 spread_bps=0.16090000 tension=0.00000879 bid_drop=0.00000000 ask_drop=0.00005712
2026-07-08T20:20:23Z,1637,SKIP,SKIPPED,,,,,0,radar_block,reason=momentum_too_small conf=0.0 mom_sig=0.00002539 raw_mom_bps=0.00000000 spread_bps=0.16090000 tension=0.00002539 bid_drop=0.00000000 ask_drop=0.00016502
2026-07-08T20:20:30Z,1638,SKIP,SKIPPED,,,,,0,radar_block,reason=momentum_too_small conf=0.0 mom_sig=0.00000448 raw_mom_bps=0.00000000 spread_bps=0.16090000 tension=0.00000448 bid_drop=0.00002912 ask_drop=0.00000000
2026-07-08T20:20:37Z,1639,SKIP,SKIPPED,,,,,0,tactic_mismatch,mom=long structure=short
2026-07-08T20:20:45Z,1640,SKIP,SKIPPED,,,,,0,radar_block,reason=momentum_too_small conf=0.3183 mom_sig=0.00000000 raw_mom_bps=0.00000000 spread_bps=1.44810000 tension=0.00000000 bid_drop=0.00000000 ask_drop=0.00000000
2026-07-08T20:20:52Z,1641,SKIP,SKIPPED,,,,,0,radar_block,reason=momentum_too_small conf=0.3247 mom_sig=0.00000000 raw_mom_bps=0.11263273 spread_bps=1.15850000 tension=0.00000000 bid_drop=0.00000000 ask_drop=0.00000000
2026-07-08T20:21:00Z,1642,SKIP,SKIPPED,,,,,0,radar_block,reason=momentum_too_small conf=0.0 mom_sig=0.00003248 raw_mom_bps=0.00000000 spread_bps=1.23890000 tension=0.00003248 bid_drop=0.00000000 ask_drop=0.00021115
2026-07-08T20:21:07Z,1643,SKIP,SKIPPED,,,,,0,radar_block,reason=momentum_too_small conf=0.0 mom_sig=0.00002046 raw_mom_bps=0.12872125 spread_bps=1.80200000 tension=0.00002046 bid_drop=0.00000000 ask_drop=0.00013301
2026-07-08T20:21:15Z,1644,SKIP,SKIPPED,,,,,0,duo_wait,reason=no_trigger mode=none
2026-07-08T20:21:23Z,1645,SKIP,SKIPPED,,,,,0,duo_wait,reason=no_trigger mode=none
2026-07-08T20:21:31Z,1646,SKIP,SKIPPED,,,,,0,duo_wait,reason=no_trigger mode=none
2026-07-08T20:21:39Z,1647,SKIP,SKIPPED,,,,,0,radar_block,reason=momentum_too_small conf=0.273 mom_sig=0.00000000 raw_mom_bps=0.00000000 spread_bps=3.52220000 tension=0.00000000 bid_drop=0.00000000 ask_drop=0.00000000
2026-07-08T20:21:46Z,1648,SKIP,SKIPPED,,,,,0,impulse_resonance_wait,reason=wall_not_collapsed tension=0.94980780 bid_drop=0.00000000 ask_drop=6.17375070
2026-07-08T20:21:53Z,1649,SKIP,SKIPPED,,,,,0,impulse_resonance_wait,reason=wall_not_collapsed tension=0.47346316 bid_drop=0.00000000 ask_drop=3.07751057
2026-07-08T20:22:00Z,1650,SKIP,SKIPPED,,,,,0,impulse_resonance_wait,reason=wall_not_collapsed tension=0.64127898 bid_drop=0.00000000 ask_drop=4.16831339
2026-07-08T20:22:07Z,1651,SKIP,SKIPPED,,,,,0,impulse_resonance_wait,reason=wall_not_collapsed tension=0.36891795 bid_drop=2.39796666 ask_drop=0.00000000
2026-07-08T20:22:14Z,1652,SKIP,SKIPPED,,,,,0,radar_block,reason=momentum_too_small conf=0.2835 mom_sig=0.00000000 raw_mom_bps=0.00000000 spread_bps=3.03910000 tension=0.00000000 bid_drop=0.00000000 ask_drop=0.00000000
2026-07-08T20:22:23Z,1653,SKIP,SKIPPED,,,,,0,duo_wait,reason=no_trigger mode=none
2026-07-08T20:22:30Z,1654,SKIP,SKIPPED,,,,,0,radar_block,reason=momentum_too_small conf=0.3475 mom_sig=0.00000000 raw_mom_bps=0.00000000 spread_bps=0.11260000 tension=0.00000000 bid_drop=0.00000000 ask_drop=0.00000000
2026-07-08T20:22:37Z,1655,SKIP,SKIPPED,,,,,0,radar_block,reason=momentum_too_small conf=0.0 mom_sig=0.00000499 raw_mom_bps=0.12864218 spread_bps=0.30550000 tension=0.00000499 bid_drop=0.00000000 ask_drop=0.00003246
2026-07-08T20:22:44Z,1656,SKIP,SKIPPED,,,,,0,radar_block,reason=momentum_too_small conf=0.0 mom_sig=0.00000318 raw_mom_bps=0.00000000 spread_bps=1.28630000 tension=0.00000318 bid_drop=0.00002066 ask_drop=0.00000000
2026-07-08T20:22:52Z,1657,SKIP,SKIPPED,,,,,0,radar_block,reason=momentum_too_small conf=0.3219 mom_sig=0.00000000 raw_mom_bps=-1.28625635 spread_bps=1.28630000 tension=0.00000000 bid_drop=0.00000000 ask_drop=0.00000000
2026-07-08T20:22:59Z,1658,SKIP,SKIPPED,,,,,0,impulse_resonance_wait,reason=wall_not_collapsed tension=0.96070589 bid_drop=6.24458828 ask_drop=4.10114269
2026-07-08T20:23:06Z,1659,SKIP,SKIPPED,,,,,0,radar_block,reason=momentum_too_small conf=0.3191 mom_sig=0.00000000 raw_mom_bps=0.00000000 spread_bps=1.41480000 tension=0.00000000 bid_drop=0.00000000 ask_drop=0.00000000
2026-07-08T20:23:13Z,1660,SKIP,SKIPPED,,,,,0,radar_block,reason=momentum_too_small conf=0.3162 mom_sig=0.00000000 raw_mom_bps=0.00000000 spread_bps=1.54340000 tension=0.00000000 bid_drop=0.00000000 ask_drop=0.00000000
2026-07-08T20:23:21Z,1661,SKIP,SKIPPED,,,,,0,radar_block,reason=momentum_too_small conf=0.3409 mom_sig=0.00000000 raw_mom_bps=0.00000000 spread_bps=0.41800000 tension=0.00000000 bid_drop=0.00000000 ask_drop=0.00000000
2026-07-08T20:23:29Z,1662,SKIP,SKIPPED,,,,,0,radar_block,reason=direction_unclear conf=0.2858 mom_sig=0.18247770 raw_mom_bps=0.00000000 spread_bps=0.96450000 tension=0.18247770 bid_drop=0.00000000 ask_drop=1.18610503
2026-07-08T20:23:36Z,1663,SKIP,SKIPPED,,,,,0,duo_wait,reason=no_trigger mode=none
2026-07-08T20:23:44Z,1664,SKIP,SKIPPED,,,,,0,radar_block,reason=momentum_too_small conf=0.2762 mom_sig=0.00000000 raw_mom_bps=0.00000000 spread_bps=3.37510000 tension=0.00000000 bid_drop=0.00000000 ask_drop=0.00000000
2026-07-08T20:23:52Z,1665,SKIP,SKIPPED,,,,,0,duo_wait,reason=no_trigger mode=none
2026-07-08T20:23:59Z,1666,SKIP,SKIPPED,,,,,0,radar_block,reason=momentum_too_small conf=0.3486 mom_sig=0.00000000 raw_mom_bps=0.00000000 spread_bps=0.06430000 tension=0.00000000 bid_drop=0.00000000 ask_drop=0.00000000
2026-07-08T20:24:06Z,1667,SKIP,SKIPPED,,,,,0,radar_block,reason=direction_unclear conf=0.2255 mom_sig=0.13556008 raw_mom_bps=0.00000000 spread_bps=0.03210000 tension=0.13556008 bid_drop=0.88114050 ask_drop=0.00000000
2026-07-08T20:24:13Z,1668,SKIP,SKIPPED,,,,,0,radar_block,reason=direction_unclear conf=0.2251 mom_sig=0.13557595 raw_mom_bps=0.00000000 spread_bps=0.06430000 tension=0.13557595 bid_drop=0.88124366 ask_drop=0.00000000
2026-07-08T20:24:20Z,1669,SKIP,SKIPPED,,,,,0,radar_block,reason=momentum_too_small conf=0.3293 mom_sig=0.00000000 raw_mom_bps=0.00000000 spread_bps=0.94820000 tension=0.00000000 bid_drop=0.00000000 ask_drop=0.00000000
2026-07-08T20:24:28Z,1670,SKIP,SKIPPED,,,,,0,radar_block,reason=momentum_too_small conf=0.2656 mom_sig=0.00000000 raw_mom_bps=0.00000000 spread_bps=3.85720000 tension=0.00000000 bid_drop=0.00000000 ask_drop=0.00000000
2026-07-08T20:24:35Z,1671,SKIP,SKIPPED,,,,,0,radar_block,reason=momentum_too_small conf=0.0 mom_sig=0.00000694 raw_mom_bps=0.00000000 spread_bps=4.38760000 tension=0.00000694 bid_drop=0.00004512 ask_drop=0.00000000
2026-07-08T20:24:43Z,1672,SKIP,SKIPPED,,,,,0,radar_block,reason=momentum_too_small conf=0.0 mom_sig=0.00002370 raw_mom_bps=0.00000000 spread_bps=4.40370000 tension=0.00002370 bid_drop=0.00015408 ask_drop=0.00000000
2026-07-08T20:24:50Z,1673,SKIP,SKIPPED,,,,,0,impulse_resonance_wait,reason=wall_not_collapsed tension=0.25530377 bid_drop=0.00000000 ask_drop=1.65947453
2026-07-08T20:24:58Z,1674,SKIP,SKIPPED,,,,,0,radar_block,reason=momentum_too_small conf=0.2336 mom_sig=0.00000000 raw_mom_bps=-0.35374950 spread_bps=5.31970000 tension=0.00000000 bid_drop=0.00000000 ask_drop=0.00000000
2026-07-08T20:25:06Z,1675,SKIP,SKIPPED,,,,,0,radar_block,reason=momentum_too_small conf=0.0002 mom_sig=0.00019724 raw_mom_bps=0.00000000 spread_bps=5.31970000 tension=0.00019724 bid_drop=0.00128207 ask_drop=0.00000000
2026-07-08T20:25:13Z,1676,SKIP,SKIPPED,,,,,0,radar_block,reason=momentum_too_small conf=0.0001 mom_sig=0.00004843 raw_mom_bps=0.00000000 spread_bps=5.31970000 tension=0.00004843 bid_drop=0.00000000 ask_drop=0.00031480
