ts,cycle,side,status,entryPrice,exitPrice,qty,bps,pnl,exitReason,holdSec,msg
2026-07-08T16:25:36Z,1,SKIP,SKIPPED,,,,,0,radar_block,reason=momentum_too_small conf=0.0 mom_sig=0.00003722 raw_mom_bps=0.00000000 spread_bps=6.75510000 tension=0.00003722 bid_drop=0.00024196 ask_drop=0.00000000
2026-07-08T16:25:53Z,2,SKIP,SKIPPED,,,,,0,radar_block,reason=momentum_too_small conf=0.0 mom_sig=0.00000722 raw_mom_bps=0.00000000 spread_bps=6.75510000 tension=0.00000722 bid_drop=0.00000000 ask_drop=0.00004691
2026-07-08T16:26:11Z,3,SKIP,SKIPPED,,,,,0,impulse_resonance_wait,reason=wall_not_collapsed tension=0.99375370 bid_drop=0.00527466 ask_drop=6.45939905
2026-07-08T16:26:19Z,4,SKIP,SKIPPED,,,,,0,radar_block,reason=momentum_too_small conf=0.0 mom_sig=0.00000828 raw_mom_bps=0.00000000 spread_bps=6.60980000 tension=0.00000828 bid_drop=0.00000000 ask_drop=0.00005380
2026-07-08T16:26:26Z,5,SKIP,SKIPPED,,,,,0,impulse_resonance_wait,reason=wall_not_collapsed tension=0.81778896 bid_drop=0.00000000 ask_drop=5.31562821
2026-07-08T16:26:34Z,6,SKIP,SKIPPED,,,,,0,llm_gate,reason=ollama_skip status=SKIP
2026-07-08T16:26:41Z,7,SKIP,SKIPPED,,,,,0,impulse_resonance_wait,reason=wall_not_collapsed tension=0.80054592 bid_drop=0.00000000 ask_drop=5.20354851
2026-07-08T16:26:48Z,8,SKIP,SKIPPED,,,,,0,radar_block,reason=momentum_too_small conf=0.0001 mom_sig=0.00005342 raw_mom_bps=0.00000000 spread_bps=6.60980000 tension=0.00005342 bid_drop=0.00000000 ask_drop=0.00034721
2026-07-08T16:26:55Z,9,SKIP,SKIPPED,,,,,0,radar_block,reason=momentum_too_small conf=0.2054 mom_sig=0.00000000 raw_mom_bps=0.00000000 spread_bps=6.60980000 tension=0.00000000 bid_drop=0.00000000 ask_drop=0.00000000
2026-07-08T16:27:02Z,10,SKIP,SKIPPED,,,,,0,impulse_resonance_wait,reason=wall_not_collapsed tension=0.78036877 bid_drop=0.00000000 ask_drop=5.07239703
2026-07-08T16:27:10Z,11,SKIP,SKIPPED,,,,,0,llm_gate,reason=ollama_skip status=SKIP
2026-07-08T16:27:17Z,12,SKIP,SKIPPED,,,,,0,radar_block,reason=momentum_too_small conf=0.0001 mom_sig=0.00008530 raw_mom_bps=0.29082778 spread_bps=2.60120000 tension=0.00008530 bid_drop=0.00055447 ask_drop=0.00014483
2026-07-08T16:27:24Z,13,SKIP,SKIPPED,,,,,0,radar_block,reason=momentum_too_small conf=0.0052 mom_sig=0.00430070 raw_mom_bps=0.00000000 spread_bps=4.31310000 tension=0.00430070 bid_drop=0.02795454 ask_drop=0.00000000
2026-07-08T16:27:31Z,14,SKIP,SKIPPED,,,,,0,radar_block,reason=direction_unclear conf=0.0957 mom_sig=0.06321664 raw_mom_bps=0.00000000 spread_bps=1.46990000 tension=0.06321664 bid_drop=0.41090814 ask_drop=0.00025589
2026-07-08T16:27:39Z,15,SKIP,SKIPPED,,,,,0,radar_block,reason=direction_unclear conf=0.0605 mom_sig=0.04027739 raw_mom_bps=0.00000000 spread_bps=1.58290000 tension=0.04027739 bid_drop=0.26180302 ask_drop=0.00000000
2026-07-08T16:27:46Z,16,SKIP,SKIPPED,,,,,0,radar_block,reason=momentum_too_small conf=0.0029 mom_sig=0.00192146 raw_mom_bps=0.00000000 spread_bps=1.58290000 tension=0.00192146 bid_drop=0.00000000 ask_drop=0.01248949
2026-07-08T16:27:54Z,17,SKIP,SKIPPED,,,,,0,radar_block,reason=spread_too_wide conf=0.0 mom_sig=0.00000000 raw_mom_bps=0.00000000 spread_bps=10.51660000 tension=0.00000000 bid_drop=0.00000000 ask_drop=0.00000000
2026-07-08T16:28:02Z,18,SKIP,SKIPPED,,,,,0,llm_gate,reason=ollama_skip status=SKIP
2026-07-08T16:28:09Z,19,SKIP,SKIPPED,,,,,0,radar_block,reason=spread_too_wide conf=0.0477 mom_sig=0.05728386 raw_mom_bps=0.00000000 spread_bps=9.30380000 tension=0.05728386 bid_drop=0.37234506 ask_drop=0.00000000
2026-07-08T16:28:28Z,20,SELL,FILLED,61902.30000000,61909.90000000,0.00950000,-1.22774113,-0.07220000,fluid_exit_inversion,radar=long conf=0.5043 size_note=strong_conf_full+entry_25_75_full soft=0 pct=-0.01227741 tension=5.55530539 bid_drop=36.10948503 ask_drop=10.57556429
2026-07-08T16:28:35Z,21,SKIP,SKIPPED,,,,,0,radar_block,reason=momentum_too_small conf=0.315 mom_sig=0.00000000 raw_mom_bps=0.00000000 spread_bps=1.59910000 tension=0.00000000 bid_drop=0.00000000 ask_drop=0.00000000
2026-07-08T16:28:42Z,22,SKIP,SKIPPED,,,,,0,stase_ecoute,reason=spread_or_volat_not_cold spread_bps=6.78410000 volat=0.00000000
2026-07-08T16:28:49Z,23,SKIP,SKIPPED,,,,,0,radar_block,reason=spread_too_wide conf=0.0 mom_sig=0.00000000 raw_mom_bps=0.00000000 spread_bps=9.82190000 tension=0.00000000 bid_drop=0.00000000 ask_drop=0.00000000
2026-07-08T16:28:56Z,24,SKIP,SKIPPED,,,,,0,impulse_resonance_wait,reason=wall_not_collapsed tension=0.49163980 bid_drop=0.00000000 ask_drop=3.19565869
2026-07-08T16:29:03Z,25,SKIP,SKIPPED,,,,,0,radar_block,reason=momentum_too_small conf=0.2108 mom_sig=0.00000000 raw_mom_bps=0.00000000 spread_bps=6.36410000 tension=0.00000000 bid_drop=0.00000000 ask_drop=0.00000000
2026-07-08T16:29:10Z,26,SKIP,SKIPPED,,,,,0,stase_ecoute,reason=spread_or_volat_not_cold spread_bps=6.36410000 volat=0.00000000
2026-07-08T16:29:16Z,27,SKIP,SKIPPED,,,,,0,radar_block,reason=spread_too_wide conf=0.0001 mom_sig=0.00016306 raw_mom_bps=0.00000000 spread_bps=10.56380000 tension=0.00016306 bid_drop=0.00019854 ask_drop=0.00105992
2026-07-08T16:29:25Z,28,SKIP,SKIPPED,,,,,0,radar_block,reason=momentum_too_small conf=0.3419 mom_sig=0.00000000 raw_mom_bps=0.00000000 spread_bps=0.37150000 tension=0.00000000 bid_drop=0.00000000 ask_drop=0.00000000
2026-07-08T16:29:33Z,29,SKIP,SKIPPED,,,,,0,llm_gate,reason=ollama_skip status=SKIP
2026-07-08T16:29:40Z,30,SKIP,SKIPPED,,,,,0,radar_block,reason=direction_unclear conf=0.0621 mom_sig=0.03813178 raw_mom_bps=0.00000000 spread_bps=0.37160000 tension=0.03813178 bid_drop=0.00000000 ask_drop=0.24785654
2026-07-08T16:29:46Z,31,SKIP,SKIPPED,,,,,0,radar_block,reason=direction_unclear conf=0.2875 mom_sig=0.18500672 raw_mom_bps=-0.14538828 spread_bps=1.08230000 tension=0.18500672 bid_drop=1.20254368 ask_drop=0.00404218
2026-07-08T16:29:53Z,32,SKIP,SKIPPED,,,,,0,radar_block,reason=momentum_too_small conf=0.0015 mom_sig=0.00092860 raw_mom_bps=0.00000000 spread_bps=0.74310000 tension=0.00092860 bid_drop=0.00000000 ask_drop=0.00603593
2026-07-08T16:30:02Z,33,SKIP,SKIPPED,,,,,0,llm_gate,reason=ollama_skip status=SKIP
2026-07-08T16:30:10Z,34,SKIP,SKIPPED,,,,,0,llm_gate,reason=ollama_skip status=SKIP
2026-07-08T16:30:17Z,35,SKIP,SKIPPED,,,,,0,radar_block,reason=momentum_too_small conf=0.0004 mom_sig=0.00023566 raw_mom_bps=0.00000000 spread_bps=0.93690000 tension=0.00023566 bid_drop=0.00153177 ask_drop=0.00000000
2026-07-08T16:30:24Z,36,SKIP,SKIPPED,,,,,0,radar_block,reason=momentum_too_small conf=0.3295 mom_sig=0.00000000 raw_mom_bps=0.00000000 spread_bps=0.93690000 tension=0.00000000 bid_drop=0.00000000 ask_drop=0.00000000
2026-07-08T16:30:32Z,37,SKIP,SKIPPED,,,,,0,radar_block,reason=momentum_too_small conf=0.3295 mom_sig=0.00000000 raw_mom_bps=-0.54921446 spread_bps=0.93690000 tension=0.00000000 bid_drop=0.00000000 ask_drop=0.00000000
2026-07-08T16:30:40Z,38,SKIP,SKIPPED,,,,,0,impulse_resonance_wait,reason=wall_not_collapsed tension=0.42619213 bid_drop=2.77024885 ask_drop=0.00000000
2026-07-08T16:30:47Z,39,SKIP,SKIPPED,,,,,0,radar_block,reason=momentum_too_small conf=0.0 mom_sig=0.00002014 raw_mom_bps=0.00000000 spread_bps=2.34210000 tension=0.00002014 bid_drop=0.00000000 ask_drop=0.00013088
2026-07-08T16:30:53Z,40,SKIP,SKIPPED,,,,,0,radar_block,reason=direction_unclear conf=0.0235 mom_sig=0.01653584 raw_mom_bps=0.00000000 spread_bps=2.34210000 tension=0.01653584 bid_drop=0.00157325 ask_drop=0.10748299
2026-07-08T16:31:00Z,41,SKIP,SKIPPED,,,,,0,radar_block,reason=momentum_too_small conf=0.0022 mom_sig=0.00157691 raw_mom_bps=0.00000000 spread_bps=2.34210000 tension=0.00157691 bid_drop=0.01024993 ask_drop=0.00000000
2026-07-08T16:31:08Z,42,SKIP,SKIPPED,,,,,0,radar_block,reason=momentum_too_small conf=0.0059 mom_sig=0.00414548 raw_mom_bps=1.79334813 spread_bps=2.34210000 tension=0.00414548 bid_drop=0.02694561 ask_drop=0.00077423
2026-07-08T16:31:16Z,43,SKIP,SKIPPED,,,,,0,radar_block,reason=direction_unclear conf=0.0202 mom_sig=0.01419245 raw_mom_bps=0.00000000 spread_bps=2.34210000 tension=0.01419245 bid_drop=0.09225092 ask_drop=0.00098950
2026-07-08T16:31:23Z,44,SKIP,SKIPPED,,,,,0,radar_block,reason=momentum_too_small conf=0.0002 mom_sig=0.00015223 raw_mom_bps=0.00000000 spread_bps=1.59910000 tension=0.00015223 bid_drop=0.00000000 ask_drop=0.00098952
2026-07-08T16:31:30Z,45,SKIP,SKIPPED,,,,,0,radar_block,reason=momentum_too_small conf=0.0036 mom_sig=0.00255798 raw_mom_bps=0.00000000 spread_bps=2.34210000 tension=0.00255798 bid_drop=0.00000000 ask_drop=0.01662688
2026-07-08T16:31:36Z,46,SKIP,SKIPPED,,,,,0,radar_block,reason=momentum_too_small conf=0.2988 mom_sig=0.00000000 raw_mom_bps=-0.51689854 spread_bps=2.34210000 tension=0.00000000 bid_drop=0.00000000 ask_drop=0.00000000
2026-07-08T16:31:43Z,47,SKIP,SKIPPED,,,,,0,radar_block,reason=momentum_too_small conf=0.315 mom_sig=0.00000000 raw_mom_bps=0.00000000 spread_bps=1.59910000 tension=0.00000000 bid_drop=0.00000000 ask_drop=0.00000000
2026-07-08T16:31:51Z,48,SKIP,SKIPPED,,,,,0,radar_block,reason=momentum_too_small conf=0.3337 mom_sig=0.00000000 raw_mom_bps=0.00000000 spread_bps=0.74310000 tension=0.00000000 bid_drop=0.00000000 ask_drop=0.00000000
2026-07-08T16:31:58Z,49,SKIP,SKIPPED,,,,,0,radar_block,reason=momentum_too_small conf=0.3337 mom_sig=0.00000000 raw_mom_bps=0.00000000 spread_bps=0.74310000 tension=0.00000000 bid_drop=0.00000000 ask_drop=0.00000000
2026-07-08T16:32:05Z,50,SKIP,SKIPPED,,,,,0,radar_block,reason=direction_unclear conf=0.0499 mom_sig=0.03141928 raw_mom_bps=0.00000000 spread_bps=0.74310000 tension=0.03141928 bid_drop=0.20422535 ask_drop=0.00199976
2026-07-08T16:32:12Z,51,SKIP,SKIPPED,,,,,0,radar_block,reason=momentum_too_small conf=0.3337 mom_sig=0.00000000 raw_mom_bps=0.00000000 spread_bps=0.74310000 tension=0.00000000 bid_drop=0.00000000 ask_drop=0.00000000
2026-07-08T16:32:20Z,52,SKIP,SKIPPED,,,,,0,radar_block,reason=momentum_too_small conf=0.3327 mom_sig=0.00000000 raw_mom_bps=0.00000000 spread_bps=0.79160000 tension=0.00000000 bid_drop=0.00000000 ask_drop=0.00000000
2026-07-08T16:32:26Z,53,SKIP,SKIPPED,,,,,0,radar_block,reason=momentum_too_small conf=0.3238 mom_sig=0.00000000 raw_mom_bps=0.00000000 spread_bps=1.19550000 tension=0.00000000 bid_drop=0.00000000 ask_drop=0.00000000
2026-07-08T16:32:34Z,54,SKIP,SKIPPED,,,,,0,radar_block,reason=momentum_too_small conf=0.0117 mom_sig=0.00802290 raw_mom_bps=0.00000000 spread_bps=2.01940000 tension=0.00802290 bid_drop=0.05214885 ask_drop=0.00653365
2026-07-08T16:32:41Z,55,SKIP,SKIPPED,,,,,0,radar_block,reason=momentum_too_small conf=0.0004 mom_sig=0.00028882 raw_mom_bps=0.00000000 spread_bps=1.17940000 tension=0.00028882 bid_drop=0.00187736 ask_drop=0.00144466
2026-07-08T16:32:48Z,56,SKIP,SKIPPED,,,,,0,radar_block,reason=momentum_too_small conf=0.3242 mom_sig=0.00000000 raw_mom_bps=0.00000000 spread_bps=1.17940000 tension=0.00000000 bid_drop=0.00000000 ask_drop=0.00000000
2026-07-08T16:32:55Z,57,SKIP,SKIPPED,,,,,0,radar_block,reason=momentum_too_small conf=0.3242 mom_sig=0.00000000 raw_mom_bps=0.00000000 spread_bps=1.17940000 tension=0.00000000 bid_drop=0.00000000 ask_drop=0.00000000
2026-07-08T16:33:02Z,58,SKIP,SKIPPED,,,,,0,radar_block,reason=momentum_too_small conf=0.0014 mom_sig=0.00108951 raw_mom_bps=0.00000000 spread_bps=3.61820000 tension=0.00108951 bid_drop=0.00708179 ask_drop=0.00000000
2026-07-08T16:33:10Z,59,SKIP,SKIPPED,,,,,0,radar_block,reason=momentum_too_small conf=0.0122 mom_sig=0.00840725 raw_mom_bps=0.00000000 spread_bps=2.01940000 tension=0.00840725 bid_drop=0.05464714 ask_drop=0.00067630
2026-07-08T16:33:17Z,60,SKIP,SKIPPED,,,,,0,radar_block,reason=momentum_too_small conf=0.3058 mom_sig=0.00000000 raw_mom_bps=0.00000000 spread_bps=2.01940000 tension=0.00000000 bid_drop=0.00000000 ask_drop=0.00000000
2026-07-08T16:33:24Z,61,SKIP,SKIPPED,,,,,0,radar_block,reason=momentum_too_small conf=0.2535 mom_sig=0.00000000 raw_mom_bps=0.00000000 spread_bps=4.40960000 tension=0.00000000 bid_drop=0.00000000 ask_drop=0.00000000
2026-07-08T16:33:31Z,62,SKIP,SKIPPED,,,,,0,radar_block,reason=momentum_too_small conf=0.3023 mom_sig=0.00000000 raw_mom_bps=0.00000000 spread_bps=2.18120000 tension=0.00000000 bid_drop=0.00000000 ask_drop=0.00000000
2026-07-08T16:33:38Z,63,SKIP,SKIPPED,,,,,0,radar_block,reason=spread_too_wide conf=0.0 mom_sig=0.00000000 raw_mom_bps=0.00000000 spread_bps=8.82160000 tension=0.00000000 bid_drop=0.00000000 ask_drop=0.00000000
2026-07-08T16:33:55Z,64,SELL,FILLED,61859.40000000,61859.40000000,0.00950000,-0.00000000,-0.00000000,shock_inversion_stop,radar=short conf=0.7939 size_note=strong_conf_full+entry_25_75_full soft=0 pct=-0.00000000 tension=2.40735749 bid_drop=0.00004377 ask_drop=15.64782368
2026-07-08T16:34:03Z,65,SKIP,SKIPPED,,,,,0,impulse_resonance_wait,reason=wall_not_collapsed tension=0.32839745 bid_drop=0.00000000 ask_drop=2.13458345
2026-07-08T16:34:10Z,66,SKIP,SKIPPED,,,,,0,radar_block,reason=momentum_too_small conf=0.0 mom_sig=0.00000809 raw_mom_bps=0.00000000 spread_bps=2.15030000 tension=0.00000809 bid_drop=0.00005259 ask_drop=0.00000000
2026-07-08T16:34:17Z,67,SKIP,SKIPPED,,,,,0,radar_block,reason=momentum_too_small conf=0.303 mom_sig=0.00000000 raw_mom_bps=2.15081238 spread_bps=2.15030000 tension=0.00000000 bid_drop=0.00000000 ask_drop=0.00000000
2026-07-08T16:34:24Z,68,SKIP,SKIPPED,,,,,0,radar_block,reason=momentum_too_small conf=0.0 mom_sig=0.00001064 raw_mom_bps=0.00000000 spread_bps=2.15030000 tension=0.00001064 bid_drop=0.00000000 ask_drop=0.00006914
2026-07-08T16:34:31Z,69,SKIP,SKIPPED,,,,,0,radar_block,reason=momentum_too_small conf=0.0 mom_sig=0.00001942 raw_mom_bps=0.00000000 spread_bps=2.15030000 tension=0.00001942 bid_drop=0.00012621 ask_drop=0.00000000
2026-07-08T16:34:38Z,70,SKIP,SKIPPED,,,,,0,radar_block,reason=momentum_too_small conf=0.303 mom_sig=0.00000000 raw_mom_bps=0.00000000 spread_bps=2.15030000 tension=0.00000000 bid_drop=0.00000000 ask_drop=0.00000000
2026-07-08T16:34:45Z,71,SKIP,SKIPPED,,,,,0,radar_block,reason=momentum_too_small conf=0.0 mom_sig=0.00003158 raw_mom_bps=0.00000000 spread_bps=2.15030000 tension=0.00003158 bid_drop=0.00020528 ask_drop=0.00000000
2026-07-08T16:34:53Z,72,SKIP,SKIPPED,,,,,0,radar_block,reason=momentum_too_small conf=0.0001 mom_sig=0.00005264 raw_mom_bps=2.15081238 spread_bps=2.15030000 tension=0.00005264 bid_drop=0.00034214 ask_drop=0.00022127
2026-07-08T16:35:01Z,73,SKIP,SKIPPED,,,,,0,radar_block,reason=momentum_too_small conf=0.0 mom_sig=0.00003077 raw_mom_bps=0.00000000 spread_bps=2.15030000 tension=0.00003077 bid_drop=0.00020002 ask_drop=0.00000000
2026-07-08T16:35:07Z,74,SKIP,SKIPPED,,,,,0,radar_block,reason=momentum_too_small conf=0.0007 mom_sig=0.00048583 raw_mom_bps=0.00000000 spread_bps=2.08570000 tension=0.00048583 bid_drop=0.00029478 ask_drop=0.00315788
2026-07-08T16:35:14Z,75,SKIP,SKIPPED,,,,,0,radar_block,reason=momentum_too_small conf=0.2722 mom_sig=0.00000000 raw_mom_bps=0.00000000 spread_bps=3.55650000 tension=0.00000000 bid_drop=0.00000000 ask_drop=0.00000000
2026-07-08T16:35:21Z,76,SKIP,SKIPPED,,,,,0,radar_block,reason=momentum_too_small conf=0.2722 mom_sig=0.00000000 raw_mom_bps=0.00000000 spread_bps=3.55650000 tension=0.00000000 bid_drop=0.00000000 ask_drop=0.00000000
2026-07-08T16:35:29Z,77,SKIP,SKIPPED,,,,,0,radar_block,reason=momentum_too_small conf=0.315 mom_sig=0.00000000 raw_mom_bps=0.00000000 spread_bps=1.60040000 tension=0.00000000 bid_drop=0.00000000 ask_drop=0.00000000
2026-07-08T16:35:36Z,78,SKIP,SKIPPED,,,,,0,radar_block,reason=momentum_too_small conf=0.0101 mom_sig=0.00777938 raw_mom_bps=0.00000000 spread_bps=3.55650000 tension=0.00777938 bid_drop=0.05056600 ask_drop=0.00000000
2026-07-08T16:35:43Z,79,SKIP,SKIPPED,,,,,0,radar_block,reason=momentum_too_small conf=0.2711 mom_sig=0.00000000 raw_mom_bps=0.00000000 spread_bps=3.60490000 tension=0.00000000 bid_drop=0.00000000 ask_drop=0.00000000
2026-07-08T16:35:49Z,80,SKIP,SKIPPED,,,,,0,radar_block,reason=momentum_too_small conf=0.3008 mom_sig=0.00000000 raw_mom_bps=0.00000000 spread_bps=2.24700000 tension=0.00000000 bid_drop=0.00000000 ask_drop=0.00000000
2026-07-08T16:35:57Z,81,SKIP,SKIPPED,,,,,0,radar_block,reason=momentum_too_small conf=0.2711 mom_sig=0.00000000 raw_mom_bps=-0.88931288 spread_bps=3.60490000 tension=0.00000000 bid_drop=0.00000000 ask_drop=0.00000000
2026-07-08T16:36:04Z,82,SKIP,SKIPPED,,,,,0,radar_block,reason=momentum_too_small conf=0.0 mom_sig=0.00003728 raw_mom_bps=0.00000000 spread_bps=3.60490000 tension=0.00003728 bid_drop=0.00024229 ask_drop=0.00000000
2026-07-08T16:36:11Z,83,SKIP,SKIPPED,,,,,0,radar_block,reason=momentum_too_small conf=0.0 mom_sig=0.00001621 raw_mom_bps=0.00000000 spread_bps=3.60490000 tension=0.00001621 bid_drop=0.00010535 ask_drop=0.00000000
2026-07-08T16:36:18Z,84,SKIP,SKIPPED,,,,,0,radar_block,reason=direction_unclear conf=0.2281 mom_sig=0.16462316 raw_mom_bps=0.00000000 spread_bps=2.69990000 tension=0.16462316 bid_drop=0.00012115 ask_drop=1.07005056
2026-07-08T16:36:25Z,85,SKIP,SKIPPED,,,,,0,radar_block,reason=momentum_too_small conf=0.0001 mom_sig=0.00008266 raw_mom_bps=0.00000000 spread_bps=3.60490000 tension=0.00008266 bid_drop=0.00053730 ask_drop=0.00000000
2026-07-08T16:36:32Z,86,SKIP,SKIPPED,,,,,0,radar_block,reason=momentum_too_small conf=0.2711 mom_sig=0.00000000 raw_mom_bps=0.00000000 spread_bps=3.60490000 tension=0.00000000 bid_drop=0.00000000 ask_drop=0.00000000
2026-07-08T16:36:39Z,87,SKIP,SKIPPED,,,,,0,radar_block,reason=momentum_too_small conf=0.0 mom_sig=0.00000730 raw_mom_bps=0.00000000 spread_bps=3.60490000 tension=0.00000730 bid_drop=0.00004743 ask_drop=0.00000000
2026-07-08T16:36:46Z,88,SKIP,SKIPPED,,,,,0,radar_block,reason=momentum_too_small conf=0.0044 mom_sig=0.00339791 raw_mom_bps=0.00000000 spread_bps=3.60490000 tension=0.00339791 bid_drop=0.02208641 ask_drop=0.00000000
2026-07-08T16:36:54Z,89,SKIP,SKIPPED,,,,,0,llm_gate,reason=ollama_skip status=SKIP
2026-07-08T16:37:01Z,90,SKIP,SKIPPED,,,,,0,radar_block,reason=momentum_too_small conf=0.339 mom_sig=0.00000000 raw_mom_bps=0.00000000 spread_bps=0.50170000 tension=0.00000000 bid_drop=0.00000000 ask_drop=0.00000000
2026-07-08T16:37:08Z,91,SKIP,SKIPPED,,,,,0,radar_block,reason=direction_unclear conf=0.0658 mom_sig=0.04193979 raw_mom_bps=0.00000000 spread_bps=0.93870000 tension=0.04193979 bid_drop=0.27260865 ask_drop=0.00000000
2026-07-08T16:37:15Z,92,SKIP,SKIPPED,,,,,0,impulse_resonance_wait,reason=wall_not_collapsed tension=0.58514558 bid_drop=0.07770224 ask_drop=3.80344626
2026-07-08T16:37:22Z,93,SKIP,SKIPPED,,,,,0,radar_block,reason=momentum_too_small conf=0.0004 mom_sig=0.00026034 raw_mom_bps=-0.24278641 spread_bps=0.17800000 tension=0.00026034 bid_drop=0.00169222 ask_drop=0.00000000
2026-07-08T16:37:30Z,94,SKIP,SKIPPED,,,,,0,radar_block,reason=momentum_too_small conf=0.3468 mom_sig=0.00000000 raw_mom_bps=0.00000000 spread_bps=0.14570000 tension=0.00000000 bid_drop=0.00000000 ask_drop=0.00000000
2026-07-08T16:37:38Z,95,SKIP,SKIPPED,,,,,0,radar_block,reason=momentum_too_small conf=0.0001 mom_sig=0.00005928 raw_mom_bps=0.00000000 spread_bps=0.14570000 tension=0.00005928 bid_drop=0.00038532 ask_drop=0.00000000
2026-07-08T16:37:45Z,96,SKIP,SKIPPED,,,,,0,radar_block,reason=momentum_too_small conf=0.0 mom_sig=0.00002208 raw_mom_bps=0.00000000 spread_bps=0.14570000 tension=0.00002208 bid_drop=0.00000000 ask_drop=0.00014350
2026-07-08T16:37:52Z,97,SKIP,SKIPPED,,,,,0,radar_block,reason=direction_unclear conf=0.0378 mom_sig=0.02291524 raw_mom_bps=0.00000000 spread_bps=0.14570000 tension=0.02291524 bid_drop=0.00038533 ask_drop=0.14894906
2026-07-08T16:38:00Z,98,SKIP,SKIPPED,,,,,0,radar_block,reason=momentum_too_small conf=0.0072 mom_sig=0.00436405 raw_mom_bps=0.00000000 spread_bps=0.14570000 tension=0.00436405 bid_drop=0.00000000 ask_drop=0.02836635
2026-07-08T16:38:08Z,99,SKIP,SKIPPED,,,,,0,radar_block,reason=momentum_too_small conf=0.0 mom_sig=0.00001476 raw_mom_bps=0.00000000 spread_bps=0.14570000 tension=0.00001476 bid_drop=0.00009592 ask_drop=0.00000000
2026-07-08T16:38:16Z,100,SKIP,SKIPPED,,,,,0,llm_gate,reason=ollama_skip status=SKIP
2026-07-08T16:38:23Z,101,SKIP,SKIPPED,,,,,0,radar_block,reason=direction_unclear conf=0.0285 mom_sig=0.01737528 raw_mom_bps=0.00000000 spread_bps=0.25900000 tension=0.01737528 bid_drop=0.11293934 ask_drop=0.05258024
2026-07-08T16:38:32Z,102,SKIP,SKIPPED,,,,,0,llm_gate,reason=ollama_skip status=SKIP
2026-07-08T16:38:38Z,103,SKIP,SKIPPED,,,,,0,radar_block,reason=momentum_too_small conf=0.3419 mom_sig=0.00000000 raw_mom_bps=0.00000000 spread_bps=0.37230000 tension=0.00000000 bid_drop=0.00000000 ask_drop=0.00000000
2026-07-08T16:38:46Z,104,SKIP,SKIPPED,,,,,0,radar_block,reason=momentum_too_small conf=0.3419 mom_sig=0.00000000 raw_mom_bps=0.00000000 spread_bps=0.37230000 tension=0.00000000 bid_drop=0.00000000 ask_drop=0.00000000
2026-07-08T16:38:54Z,105,SKIP,SKIPPED,,,,,0,llm_gate,reason=ollama_skip status=SKIP
2026-07-08T16:39:02Z,106,SKIP,SKIPPED,,,,,0,radar_block,reason=momentum_too_small conf=0.3373 mom_sig=0.00000000 raw_mom_bps=0.00000000 spread_bps=0.58270000 tension=0.00000000 bid_drop=0.00000000 ask_drop=0.00000000
2026-07-08T16:39:10Z,107,SKIP,SKIPPED,,,,,0,radar_block,reason=momentum_too_small conf=0.3373 mom_sig=0.00000000 raw_mom_bps=0.00000000 spread_bps=0.58270000 tension=0.00000000 bid_drop=0.00000000 ask_drop=0.00000000
2026-07-08T16:39:18Z,108,SKIP,SKIPPED,,,,,0,radar_block,reason=momentum_too_small conf=0.0131 mom_sig=0.00816596 raw_mom_bps=0.00000000 spread_bps=0.55040000 tension=0.00816596 bid_drop=0.00015549 ask_drop=0.05307871
2026-07-08T16:39:24Z,109,SKIP,SKIPPED,,,,,0,radar_block,reason=momentum_too_small conf=0.3284 mom_sig=0.00000000 raw_mom_bps=0.00000000 spread_bps=0.98740000 tension=0.00000000 bid_drop=0.00000000 ask_drop=0.00000000
2026-07-08T16:39:31Z,110,SKIP,SKIPPED,,,,,0,radar_block,reason=momentum_too_small conf=0.0 mom_sig=0.00000734 raw_mom_bps=0.00000000 spread_bps=1.23020000 tension=0.00000734 bid_drop=0.00004770 ask_drop=0.00000000
2026-07-08T16:39:38Z,111,SKIP,SKIPPED,,,,,0,radar_block,reason=momentum_too_small conf=0.3181 mom_sig=0.00000000 raw_mom_bps=0.00000000 spread_bps=1.45680000 tension=0.00000000 bid_drop=0.00000000 ask_drop=0.00000000
2026-07-08T16:39:45Z,112,SKIP,SKIPPED,,,,,0,impulse_resonance_wait,reason=wall_not_collapsed tension=0.90462582 bid_drop=5.88006782 ask_drop=0.00000000
2026-07-08T16:39:52Z,113,SKIP,SKIPPED,,,,,0,radar_block,reason=direction_unclear conf=0.0168 mom_sig=0.01083015 raw_mom_bps=1.32749881 spread_bps=1.08450000 tension=0.01083015 bid_drop=0.00006532 ask_drop=0.07039599
2026-07-08T16:40:01Z,114,SKIP,SKIPPED,,,,,0,llm_gate,reason=ollama_skip status=SKIP
2026-07-08T16:40:07Z,115,SKIP,SKIPPED,,,,,0,impulse_resonance_wait,reason=wall_not_collapsed tension=0.48283636 bid_drop=3.13843632 ask_drop=0.00000000
2026-07-08T16:40:14Z,116,SKIP,SKIPPED,,,,,0,radar_block,reason=momentum_too_small conf=0.0 mom_sig=0.00000648 raw_mom_bps=0.00000000 spread_bps=1.22860000 tension=0.00000648 bid_drop=0.00000000 ask_drop=0.00004212
2026-07-08T16:40:21Z,117,SKIP,SKIPPED,,,,,0,radar_block,reason=momentum_too_small conf=0.0 mom_sig=0.00002534 raw_mom_bps=0.00000000 spread_bps=1.22860000 tension=0.00002534 bid_drop=0.00000000 ask_drop=0.00016472
2026-07-08T16:40:27Z,118,SKIP,SKIPPED,,,,,0,radar_block,reason=momentum_too_small conf=0.0 mom_sig=0.00002420 raw_mom_bps=0.00000000 spread_bps=1.22860000 tension=0.00002420 bid_drop=0.00000000 ask_drop=0.00015730
2026-07-08T16:40:34Z,119,SKIP,SKIPPED,,,,,0,impulse_resonance_wait,reason=wall_not_collapsed tension=0.49962017 bid_drop=0.00000000 ask_drop=3.24753112
2026-07-08T16:40:41Z,120,SKIP,SKIPPED,,,,,0,radar_block,reason=momentum_too_small conf=0.0001 mom_sig=0.00004086 raw_mom_bps=0.00000000 spread_bps=1.32560000 tension=0.00004086 bid_drop=0.00000000 ask_drop=0.00026558
2026-07-08T16:40:48Z,121,SKIP,SKIPPED,,,,,0,radar_block,reason=momentum_too_small conf=0.3231 mom_sig=0.00000000 raw_mom_bps=0.00000000 spread_bps=1.22860000 tension=0.00000000 bid_drop=0.00000000 ask_drop=0.00000000
2026-07-08T16:40:56Z,122,SKIP,SKIPPED,,,,,0,llm_gate,reason=ollama_skip status=SKIP
2026-07-08T16:41:03Z,123,SKIP,SKIPPED,,,,,0,radar_block,reason=momentum_too_small conf=0.2867 mom_sig=0.00000000 raw_mom_bps=0.00000000 spread_bps=2.89320000 tension=0.00000000 bid_drop=0.00000000 ask_drop=0.00000000
2026-07-08T16:41:09Z,124,SKIP,SKIPPED,,,,,0,radar_block,reason=momentum_too_small conf=0.0003 mom_sig=0.00020801 raw_mom_bps=0.00000000 spread_bps=4.23420000 tension=0.00020801 bid_drop=0.00116502 ask_drop=0.00135204
2026-07-08T16:41:16Z,125,SKIP,SKIPPED,,,,,0,radar_block,reason=momentum_too_small conf=0.0021 mom_sig=0.00177646 raw_mom_bps=0.00000000 spread_bps=4.76720000 tension=0.00177646 bid_drop=0.01154698 ask_drop=0.00000000
2026-07-08T16:41:23Z,126,SKIP,SKIPPED,,,,,0,radar_block,reason=momentum_too_small conf=0.2118 mom_sig=0.00000000 raw_mom_bps=0.00000000 spread_bps=6.31760000 tension=0.00000000 bid_drop=0.00000000 ask_drop=0.00000000
2026-07-08T16:41:30Z,127,SKIP,SKIPPED,,,,,0,impulse_resonance_wait,reason=wall_not_collapsed tension=0.46518869 bid_drop=0.00005322 ask_drop=3.02372651
2026-07-08T16:41:50Z,128,SELL,FILLED,61895.40000000,61897.50000000,0.00950000,-0.33928208,-0.01995000,shock_inversion_stop,radar=long conf=0.8001 size_note=strong_conf_full+entry_25_75_full soft=0 pct=-0.00339282 tension=1.68055452 bid_drop=0.00000000 ask_drop=10.92360437
2026-07-08T16:41:59Z,129,SKIP,SKIPPED,,,,,0,llm_gate,reason=ollama_skip status=SKIP
2026-07-08T16:42:07Z,130,SKIP,SKIPPED,,,,,0,radar_block,reason=direction_unclear conf=0.183 mom_sig=0.19718047 raw_mom_bps=0.00000000 spread_bps=7.09180000 tension=0.19718047 bid_drop=0.00000000 ask_drop=1.28167304
2026-07-08T16:42:14Z,131,SKIP,SKIPPED,,,,,0,radar_block,reason=spread_too_wide conf=0.5 mom_sig=1.37895806 raw_mom_bps=0.00000000 spread_bps=9.52990000 tension=1.37895806 bid_drop=0.00000000 ask_drop=8.96322741
2026-07-08T16:42:20Z,132,SKIP,SKIPPED,,,,,0,radar_block,reason=spread_too_wide conf=0.5 mom_sig=6.39080316 raw_mom_bps=0.00000000 spread_bps=9.59450000 tension=6.39080316 bid_drop=0.00017485 ask_drop=41.54022055
2026-07-08T16:42:27Z,133,SKIP,SKIPPED,,,,,0,impulse_resonance_wait,reason=wall_not_collapsed tension=0.40579818 bid_drop=0.00000000 ask_drop=2.63768817
2026-07-08T16:42:34Z,134,SKIP,SKIPPED,,,,,0,radar_block,reason=momentum_too_small conf=0.0001 mom_sig=0.00012804 raw_mom_bps=0.00000000 spread_bps=7.75300000 tension=0.00012804 bid_drop=0.00000000 ask_drop=0.00083226
2026-07-08T16:42:41Z,135,SKIP,SKIPPED,,,,,0,radar_block,reason=spread_too_wide conf=0.0693 mom_sig=0.08311153 raw_mom_bps=0.00000000 spread_bps=9.02910000 tension=0.08311153 bid_drop=0.00000000 ask_drop=0.54022496
2026-07-08T16:42:48Z,136,SKIP,SKIPPED,,,,,0,radar_block,reason=spread_too_wide conf=0.3184 mom_sig=0.38210398 raw_mom_bps=0.00000000 spread_bps=9.73960000 tension=0.38210398 bid_drop=0.00288396 ask_drop=2.48367587
2026-07-08T16:42:57Z,137,SKIP,SKIPPED,,,,,0,impulse_resonance_wait,reason=wall_not_collapsed tension=0.80875872 bid_drop=5.25693166 ask_drop=0.00000000
2026-07-08T16:43:04Z,138,SKIP,SKIPPED,,,,,0,radar_block,reason=momentum_too_small conf=0.0007 mom_sig=0.00047635 raw_mom_bps=0.00000000 spread_bps=2.13200000 tension=0.00047635 bid_drop=0.00000000 ask_drop=0.00309628
2026-07-08T16:43:11Z,139,SKIP,SKIPPED,,,,,0,radar_block,reason=spread_too_wide conf=0.0001 mom_sig=0.00008497 raw_mom_bps=0.00000000 spread_bps=9.77190000 tension=0.00008497 bid_drop=0.00000000 ask_drop=0.00055231
2026-07-08T16:43:21Z,140,SKIP,SKIPPED,,,,,0,radar_block,reason=spread_too_wide conf=0.1841 mom_sig=0.22095593 raw_mom_bps=0.00000000 spread_bps=9.91710000 tension=0.22095593 bid_drop=0.00022343 ask_drop=1.43621353
2026-07-08T16:43:34Z,141,SKIP,SKIPPED,,,,,0,radar_block,reason=spread_too_wide conf=0.2529 mom_sig=0.30344333 raw_mom_bps=0.00000000 spread_bps=10.12680000 tension=0.30344333 bid_drop=0.00000000 ask_drop=1.97238167
2026-07-08T16:43:43Z,142,SKIP,SKIPPED,,,,,0,radar_block,reason=momentum_too_small conf=0.0048 mom_sig=0.00339624 raw_mom_bps=0.00000000 spread_bps=2.55190000 tension=0.00339624 bid_drop=0.02207559 ask_drop=0.00000000
2026-07-08T16:43:51Z,143,SKIP,SKIPPED,,,,,0,radar_block,reason=spread_too_wide conf=0.5 mom_sig=0.80995905 raw_mom_bps=0.00000000 spread_bps=10.28820000 tension=0.80995905 bid_drop=0.00000000 ask_drop=5.26473382
2026-07-08T16:43:59Z,144,SKIP,SKIPPED,,,,,0,radar_block,reason=spread_too_wide conf=0.0014 mom_sig=0.00163541 raw_mom_bps=0.00000000 spread_bps=9.98160000 tension=0.00163541 bid_drop=0.01063014 ask_drop=0.00257862
2026-07-08T16:44:06Z,145,SKIP,SKIPPED,,,,,0,radar_block,reason=spread_too_wide conf=0.0001 mom_sig=0.00011574 raw_mom_bps=0.00000000 spread_bps=10.43350000 tension=0.00011574 bid_drop=0.00000000 ask_drop=0.00075230
2026-07-08T16:44:12Z,146,SKIP,SKIPPED,,,,,0,radar_block,reason=spread_too_wide conf=0.0 mom_sig=0.00000000 raw_mom_bps=0.00000000 spread_bps=11.11110000 tension=0.00000000 bid_drop=0.00000000 ask_drop=0.00000000
2026-07-08T16:44:19Z,147,SKIP,SKIPPED,,,,,0,radar_block,reason=spread_too_wide conf=0.0001 mom_sig=0.00014430 raw_mom_bps=0.00000000 spread_bps=8.44550000 tension=0.00014430 bid_drop=0.00000000 ask_drop=0.00093794
2026-07-08T16:44:26Z,148,SKIP,SKIPPED,,,,,0,radar_block,reason=spread_too_wide conf=0.0018 mom_sig=0.00214921 raw_mom_bps=0.00000000 spread_bps=8.44550000 tension=0.00214921 bid_drop=0.00000000 ask_drop=0.01396986
2026-07-08T16:44:33Z,149,SKIP,SKIPPED,,,,,0,radar_block,reason=momentum_too_small conf=0.0006 mom_sig=0.00041534 raw_mom_bps=0.00000000 spread_bps=2.77790000 tension=0.00041534 bid_drop=0.00000000 ask_drop=0.00269971
2026-07-08T16:44:39Z,150,SKIP,SKIPPED,,,,,0,radar_block,reason=momentum_too_small conf=0.2575 mom_sig=0.00000000 raw_mom_bps=0.00000000 spread_bps=4.23080000 tension=0.00000000 bid_drop=0.00000000 ask_drop=0.00000000
2026-07-08T16:44:46Z,151,SKIP,SKIPPED,,,,,0,tactic_mismatch,mom=short structure=long
2026-07-08T16:44:53Z,152,SKIP,SKIPPED,,,,,0,radar_block,reason=spread_too_wide conf=0.5 mom_sig=1.29370939 raw_mom_bps=0.00000000 spread_bps=11.28730000 tension=1.29370939 bid_drop=0.00013632 ask_drop=8.40911105
2026-07-08T16:45:01Z,153,SKIP,SKIPPED,,,,,0,impulse_resonance_wait,reason=wall_not_collapsed tension=0.77088858 bid_drop=5.01077574 ask_drop=0.00430698
2026-07-08T16:45:09Z,154,SKIP,SKIPPED,,,,,0,llm_gate,reason=ollama_skip status=SKIP
2026-07-08T16:45:15Z,155,SKIP,SKIPPED,,,,,0,radar_block,reason=direction_unclear conf=0.0582 mom_sig=0.04967012 raw_mom_bps=0.00000000 spread_bps=4.74730000 tension=0.04967012 bid_drop=0.00006198 ask_drop=0.32285578
2026-07-08T16:45:23Z,156,SKIP,SKIPPED,,,,,0,radar_block,reason=momentum_too_small conf=0.0007 mom_sig=0.00055658 raw_mom_bps=0.00000000 spread_bps=3.89190000 tension=0.00055658 bid_drop=0.00000000 ask_drop=0.00361775
2026-07-08T16:45:30Z,157,SKIP,SKIPPED,,,,,0,radar_block,reason=spread_too_wide conf=0.0112 mom_sig=0.01338012 raw_mom_bps=0.00000000 spread_bps=9.10710000 tension=0.01338012 bid_drop=0.00000000 ask_drop=0.08697079
2026-07-08T16:45:38Z,158,SKIP,SKIPPED,,,,,0,radar_block,reason=spread_too_wide conf=0.5 mom_sig=0.77113816 raw_mom_bps=-12.62728203 spread_bps=12.62730000 tension=0.77113816 bid_drop=5.01239806 ask_drop=0.01171128
2026-07-08T16:45:45Z,159,SKIP,SKIPPED,,,,,0,radar_block,reason=spread_too_wide conf=0.0013 mom_sig=0.00152739 raw_mom_bps=0.00000000 spread_bps=9.99680000 tension=0.00152739 bid_drop=0.00000000 ask_drop=0.00992805
2026-07-08T16:45:51Z,160,SKIP,SKIPPED,,,,,0,radar_block,reason=momentum_too_small conf=0.0023 mom_sig=0.00194463 raw_mom_bps=0.00000000 spread_bps=4.74730000 tension=0.00194463 bid_drop=0.00000000 ask_drop=0.01264008
2026-07-08T16:45:58Z,161,SKIP,SKIPPED,,,,,0,radar_block,reason=momentum_too_small conf=0.0015 mom_sig=0.00130605 raw_mom_bps=0.00000000 spread_bps=4.73120000 tension=0.00130605 bid_drop=0.00000000 ask_drop=0.00848930
2026-07-08T16:46:05Z,162,SKIP,SKIPPED,,,,,0,radar_block,reason=momentum_too_small conf=0.0017 mom_sig=0.00147326 raw_mom_bps=0.00000000 spread_bps=4.74730000 tension=0.00147326 bid_drop=0.00000000 ask_drop=0.00957622
2026-07-08T16:46:12Z,163,SKIP,SKIPPED,,,,,0,radar_block,reason=momentum_too_small conf=0.0013 mom_sig=0.00111244 raw_mom_bps=0.00000000 spread_bps=4.74730000 tension=0.00111244 bid_drop=0.00000000 ask_drop=0.00723083
2026-07-08T16:46:20Z,164,SKIP,SKIPPED,,,,,0,llm_gate,reason=ollama_skip status=SKIP
2026-07-08T16:46:27Z,165,SKIP,SKIPPED,,,,,0,radar_block,reason=momentum_too_small conf=0.2437 mom_sig=0.00000000 raw_mom_bps=11.85102310 spread_bps=4.86030000 tension=0.00000000 bid_drop=0.00000000 ask_drop=0.00000000
2026-07-08T16:46:34Z,166,SKIP,SKIPPED,,,,,0,radar_block,reason=momentum_too_small conf=0.2462 mom_sig=0.00000000 raw_mom_bps=0.00000000 spread_bps=4.74730000 tension=0.00000000 bid_drop=0.00000000 ask_drop=0.00000000
2026-07-08T16:46:41Z,167,SKIP,SKIPPED,,,,,0,radar_block,reason=direction_unclear conf=0.0404 mom_sig=0.03450835 raw_mom_bps=0.00000000 spread_bps=4.74730000 tension=0.03450835 bid_drop=0.00000000 ask_drop=0.22430429
2026-07-08T16:46:49Z,168,SKIP,SKIPPED,,,,,0,radar_block,reason=momentum_too_small conf=0.0017 mom_sig=0.00108082 raw_mom_bps=0.00000000 spread_bps=0.71050000 tension=0.00108082 bid_drop=0.00000000 ask_drop=0.00702534
2026-07-08T16:46:55Z,169,SKIP,SKIPPED,,,,,0,radar_block,reason=momentum_too_small conf=0.0009 mom_sig=0.00054295 raw_mom_bps=0.00000000 spread_bps=0.71050000 tension=0.00054295 bid_drop=0.00000000 ask_drop=0.00352920
2026-07-08T16:47:02Z,170,SKIP,SKIPPED,,,,,0,radar_block,reason=momentum_too_small conf=0.0006 mom_sig=0.00035507 raw_mom_bps=13.43465301 spread_bps=0.01610000 tension=0.00035507 bid_drop=0.00178008 ask_drop=0.00230797
2026-07-08T16:47:09Z,171,SKIP,SKIPPED,,,,,0,radar_block,reason=momentum_too_small conf=0.3489 mom_sig=0.00000000 raw_mom_bps=0.00000000 spread_bps=0.04840000 tension=0.00000000 bid_drop=0.00000000 ask_drop=0.00000000
2026-07-08T16:47:16Z,172,SKIP,SKIPPED,,,,,0,radar_block,reason=momentum_too_small conf=0.0 mom_sig=0.00002240 raw_mom_bps=0.00000000 spread_bps=0.04840000 tension=0.00002240 bid_drop=0.00014562 ask_drop=0.00000000
2026-07-08T16:47:22Z,173,SKIP,SKIPPED,,,,,0,radar_block,reason=momentum_too_small conf=0.0 mom_sig=0.00001400 raw_mom_bps=0.00000000 spread_bps=0.04840000 tension=0.00001400 bid_drop=0.00009103 ask_drop=0.00000000
2026-07-08T16:47:30Z,174,SKIP,SKIPPED,,,,,0,impulse_resonance_wait,reason=wall_not_collapsed tension=0.52054485 bid_drop=0.00000000 ask_drop=3.38354155
2026-07-08T16:47:37Z,175,SKIP,SKIPPED,,,,,0,radar_block,reason=momentum_too_small conf=0.3253 mom_sig=0.00000000 raw_mom_bps=-0.06450989 spread_bps=1.12880000 tension=0.00000000 bid_drop=0.00000000 ask_drop=0.00000000
2026-07-08T16:47:43Z,176,SKIP,SKIPPED,,,,,0,radar_block,reason=momentum_too_small conf=0.0007 mom_sig=0.00045406 raw_mom_bps=0.00000000 spread_bps=1.12880000 tension=0.00045406 bid_drop=0.00000000 ask_drop=0.00295136
2026-07-08T16:47:50Z,177,SKIP,SKIPPED,,,,,0,radar_block,reason=momentum_too_small conf=0.0145 mom_sig=0.00938736 raw_mom_bps=0.00000000 spread_bps=1.16110000 tension=0.00938736 bid_drop=0.06101786 ask_drop=0.00000000
2026-07-08T16:47:57Z,178,SKIP,SKIPPED,,,,,0,radar_block,reason=momentum_too_small conf=0.3158 mom_sig=0.00000000 raw_mom_bps=-0.03225520 spread_bps=1.56420000 tension=0.00000000 bid_drop=0.00000000 ask_drop=0.00000000
2026-07-08T16:48:05Z,179,SKIP,SKIPPED,,,,,0,llm_gate,reason=ollama_skip status=SKIP
2026-07-08T16:48:12Z,180,SKIP,SKIPPED,,,,,0,radar_block,reason=momentum_too_small conf=0.3324 mom_sig=0.00000000 raw_mom_bps=-1.67713532 spread_bps=0.80630000 tension=0.00000000 bid_drop=0.00000000 ask_drop=0.00000000
2026-07-08T16:48:22Z,181,SKIP,SKIPPED,,,,,0,llm_gate,reason=ollama_skip status=SKIP
2026-07-08T16:48:31Z,182,SKIP,SKIPPED,,,,,0,impulse_resonance_wait,reason=wall_not_collapsed tension=0.63414194 bid_drop=4.12192262 ask_drop=0.00372630
2026-07-08T16:48:39Z,183,SKIP,SKIPPED,,,,,0,impulse_resonance_wait,reason=wall_not_collapsed tension=0.53903581 bid_drop=0.00015229 ask_drop=3.50373275
2026-07-08T16:48:47Z,184,SKIP,SKIPPED,,,,,0,llm_gate,reason=ollama_skip status=SKIP
2026-07-08T16:48:54Z,185,SKIP,SKIPPED,,,,,0,radar_block,reason=momentum_too_small conf=0.0014 mom_sig=0.00090998 raw_mom_bps=0.00000000 spread_bps=1.30650000 tension=0.00090998 bid_drop=0.00000000 ask_drop=0.00591488
2026-07-08T16:49:01Z,186,SKIP,SKIPPED,,,,,0,radar_block,reason=momentum_too_small conf=0.2802 mom_sig=0.00000000 raw_mom_bps=0.00000000 spread_bps=3.19290000 tension=0.00000000 bid_drop=0.00000000 ask_drop=0.00000000
2026-07-08T16:49:08Z,187,SKIP,SKIPPED,,,,,0,radar_block,reason=momentum_too_small conf=0.0003 mom_sig=0.00018051 raw_mom_bps=0.00000000 spread_bps=1.17740000 tension=0.00018051 bid_drop=0.00117332 ask_drop=0.00000000
2026-07-08T16:49:26Z,188,SELL,FILLED,61999.50000000,62002.30000000,0.00950000,-0.45161655,-0.02660000,shock_inversion_stop,radar=long conf=0.871 size_note=strong_conf_full+entry_25_75_full soft=0 pct=-0.00451617 tension=2.61053948 bid_drop=16.96850660 ask_drop=0.00000000
2026-07-08T16:49:33Z,189,SKIP,SKIPPED,,,,,0,radar_block,reason=momentum_too_small conf=0.0021 mom_sig=0.00130910 raw_mom_bps=0.00000000 spread_bps=0.93530000 tension=0.00130910 bid_drop=0.00000000 ask_drop=0.00850913
2026-07-08T16:49:43Z,190,SKIP,SKIPPED,,,,,0,impulse_resonance_wait,reason=wall_not_collapsed tension=0.52172545 bid_drop=0.00018181 ask_drop=3.39121540
2026-07-08T16:49:49Z,191,SKIP,SKIPPED,,,,,0,radar_block,reason=momentum_too_small conf=0.3295 mom_sig=0.00000000 raw_mom_bps=0.00000000 spread_bps=0.93530000 tension=0.00000000 bid_drop=0.00000000 ask_drop=0.00000000
2026-07-08T16:50:10Z,192,SELL,FILLED,62006.80000000,61991.00000000,0.00480000,2.54810763,0.07584000,shock_inversion_stop,radar=long conf=0.8347 size_note=strong_conf_full+entry_25_75_full soft=1 pct=0.02548108 tension=1.44147403 bid_drop=9.36958117 ask_drop=0.00000000
2026-07-08T16:50:17Z,193,SKIP,SKIPPED,,,,,0,radar_block,reason=momentum_too_small conf=0.0 mom_sig=0.00000681 raw_mom_bps=1.25827761 spread_bps=1.69350000 tension=0.00000681 bid_drop=0.00000000 ask_drop=0.00004428
2026-07-08T16:50:24Z,194,SKIP,SKIPPED,,,,,0,radar_block,reason=momentum_too_small conf=0.3056 mom_sig=0.00000000 raw_mom_bps=0.00000000 spread_bps=2.03180000 tension=0.00000000 bid_drop=0.00000000 ask_drop=0.00000000
2026-07-08T16:50:31Z,195,SKIP,SKIPPED,,,,,0,radar_block,reason=momentum_too_small conf=0.0 mom_sig=0.00000207 raw_mom_bps=0.00000000 spread_bps=2.03180000 tension=0.00000207 bid_drop=0.00001344 ask_drop=0.00000000
2026-07-08T16:50:38Z,196,SKIP,SKIPPED,,,,,0,impulse_resonance_wait,reason=wall_not_collapsed tension=0.54292694 bid_drop=0.00000000 ask_drop=3.52902508
2026-07-08T16:50:46Z,197,SKIP,SKIPPED,,,,,0,radar_block,reason=momentum_too_small conf=0.331 mom_sig=0.00000000 raw_mom_bps=0.00000000 spread_bps=0.87080000 tension=0.00000000 bid_drop=0.00000000 ask_drop=0.00000000
2026-07-08T16:50:52Z,198,SKIP,SKIPPED,,,,,0,radar_block,reason=direction_unclear conf=0.1238 mom_sig=0.09683676 raw_mom_bps=0.00000000 spread_bps=3.72500000 tension=0.09683676 bid_drop=0.62943893 ask_drop=0.00000000
2026-07-08T16:51:01Z,199,SKIP,SKIPPED,,,,,0,llm_gate,reason=ollama_skip status=SKIP
2026-07-08T16:51:09Z,200,SKIP,SKIPPED,,,,,0,radar_block,reason=momentum_too_small conf=0.2974 mom_sig=0.00000000 raw_mom_bps=0.00000000 spread_bps=2.40260000 tension=0.00000000 bid_drop=0.00000000 ask_drop=0.00000000
2026-07-08T16:51:16Z,201,SKIP,SKIPPED,,,,,0,radar_block,reason=momentum_too_small conf=0.0123 mom_sig=0.00788806 raw_mom_bps=0.00000000 spread_bps=1.04810000 tension=0.00788806 bid_drop=0.00000000 ask_drop=0.05127238
2026-07-08T16:51:23Z,202,SKIP,SKIPPED,,,,,0,radar_block,reason=momentum_too_small conf=0.0089 mom_sig=0.00641811 raw_mom_bps=0.00000000 spread_bps=2.72510000 tension=0.00641811 bid_drop=0.00000000 ask_drop=0.04171774
2026-07-08T16:51:30Z,203,SKIP,SKIPPED,,,,,0,radar_block,reason=momentum_too_small conf=0.2904 mom_sig=0.00000000 raw_mom_bps=0.00000000 spread_bps=2.72510000 tension=0.00000000 bid_drop=0.00000000 ask_drop=0.00000000
2026-07-08T16:51:38Z,204,SKIP,SKIPPED,,,,,0,impulse_resonance_wait,reason=wall_not_collapsed tension=0.25452642 bid_drop=1.65442176 ask_drop=0.00000000
2026-07-08T16:51:46Z,205,SKIP,SKIPPED,,,,,0,llm_gate,reason=ollama_skip status=SKIP
2026-07-08T16:52:03Z,206,SELL,FILLED,62015.50000000,62016.90000000,0.00480000,-0.22575001,-0.00672000,shock_inversion_stop,radar=long conf=0.996 size_note=strong_conf_full+entry_25_75_full soft=1 pct=-0.00225750 tension=5.87860971 bid_drop=38.21096310 ask_drop=0.00019948
2026-07-08T16:52:11Z,207,SKIP,SKIPPED,,,,,0,radar_block,reason=momentum_too_small conf=0.0005 mom_sig=0.00031279 raw_mom_bps=0.00000000 spread_bps=0.06450000 tension=0.00031279 bid_drop=0.00203314 ask_drop=0.00000000
2026-07-08T16:52:18Z,208,SKIP,SKIPPED,,,,,0,radar_block,reason=momentum_too_small conf=0.3486 mom_sig=0.00000000 raw_mom_bps=0.00000000 spread_bps=0.06450000 tension=0.00000000 bid_drop=0.00000000 ask_drop=0.00000000
2026-07-08T16:52:25Z,209,SKIP,SKIPPED,,,,,0,radar_block,reason=momentum_too_small conf=0.0004 mom_sig=0.00025767 raw_mom_bps=0.00000000 spread_bps=0.06450000 tension=0.00025767 bid_drop=0.00000000 ask_drop=0.00167485
2026-07-08T16:52:31Z,210,SKIP,SKIPPED,,,,,0,radar_block,reason=momentum_too_small conf=0.3486 mom_sig=0.00000000 raw_mom_bps=0.00000000 spread_bps=0.06450000 tension=0.00000000 bid_drop=0.00000000 ask_drop=0.00000000
2026-07-08T16:52:38Z,211,SKIP,SKIPPED,,,,,0,radar_block,reason=momentum_too_small conf=0.0001 mom_sig=0.00008986 raw_mom_bps=0.00000000 spread_bps=0.06450000 tension=0.00008986 bid_drop=0.00058408 ask_drop=0.00000000
2026-07-08T16:52:45Z,212,SKIP,SKIPPED,,,,,0,radar_block,reason=momentum_too_small conf=0.0004 mom_sig=0.00026743 raw_mom_bps=0.00000000 spread_bps=0.06450000 tension=0.00026743 bid_drop=0.00173832 ask_drop=0.00013299
2026-07-08T16:52:52Z,213,SKIP,SKIPPED,,,,,0,radar_block,reason=momentum_too_small conf=0.0 mom_sig=0.00002159 raw_mom_bps=0.00000000 spread_bps=2.78950000 tension=0.00002159 bid_drop=0.00014033 ask_drop=0.00000000
2026-07-08T16:52:59Z,214,SKIP,SKIPPED,,,,,0,impulse_resonance_wait,reason=wall_not_collapsed tension=0.45219138 bid_drop=2.93924395 ask_drop=0.14270214
2026-07-08T16:53:06Z,215,SKIP,SKIPPED,,,,,0,radar_block,reason=momentum_too_small conf=0.289 mom_sig=0.00000000 raw_mom_bps=0.00000000 spread_bps=2.78950000 tension=0.00000000 bid_drop=0.00000000 ask_drop=0.00000000
2026-07-08T16:53:24Z,216,SELL,FILLED,62002.10000000,62014.00000000,0.00950000,-1.91928983,-0.11305000,shock_inversion_stop,radar=long conf=0.8599 size_note=strong_conf_full+entry_25_75_full soft=0 pct=-0.01919290 tension=2.00350649 bid_drop=13.02279216 ask_drop=4.81552419
2026-07-08T16:53:31Z,217,SKIP,SKIPPED,,,,,0,radar_block,reason=momentum_too_small conf=0.0 mom_sig=0.00000513 raw_mom_bps=0.00000000 spread_bps=3.14420000 tension=0.00000513 bid_drop=0.00000000 ask_drop=0.00003334
2026-07-08T16:53:38Z,218,SKIP,SKIPPED,,,,,0,radar_block,reason=momentum_too_small conf=0.2798 mom_sig=0.00000000 raw_mom_bps=0.00000000 spread_bps=3.20860000 tension=0.00000000 bid_drop=0.00000000 ask_drop=0.00000000
2026-07-08T16:53:46Z,219,SKIP,SKIPPED,,,,,0,impulse_resonance_wait,reason=wall_not_collapsed tension=0.73443026 bid_drop=4.77379671 ask_drop=0.00014678
2026-07-08T16:53:52Z,220,SKIP,SKIPPED,,,,,0,radar_block,reason=momentum_too_small conf=0.0 mom_sig=0.00000877 raw_mom_bps=-0.40309643 spread_bps=0.75780000 tension=0.00000877 bid_drop=0.00005698 ask_drop=0.00000000
2026-07-08T16:54:00Z,221,SKIP,SKIPPED,,,,,0,radar_block,reason=momentum_too_small conf=0.0004 mom_sig=0.00022140 raw_mom_bps=0.00000000 spread_bps=0.17740000 tension=0.00022140 bid_drop=0.00143911 ask_drop=0.00006172
2026-07-08T16:54:07Z,222,SKIP,SKIPPED,,,,,0,radar_block,reason=momentum_too_small conf=0.0 mom_sig=0.00001659 raw_mom_bps=-0.01612412 spread_bps=0.19350000 tension=0.00001659 bid_drop=0.00010786 ask_drop=0.00000000
2026-07-08T16:54:14Z,223,SKIP,SKIPPED,,,,,0,impulse_resonance_wait,reason=wall_not_collapsed tension=0.81838911 bid_drop=0.14616235 ask_drop=5.31952921
2026-07-08T16:54:20Z,224,SKIP,SKIPPED,,,,,0,impulse_resonance_wait,reason=wall_not_collapsed tension=0.69422926 bid_drop=4.51249022 ask_drop=0.00000000
2026-07-08T16:54:27Z,225,SKIP,SKIPPED,,,,,0,radar_block,reason=momentum_too_small conf=0.0004 mom_sig=0.00026531 raw_mom_bps=-0.06449678 spread_bps=0.83840000 tension=0.00026531 bid_drop=0.00172454 ask_drop=0.00000000
2026-07-08T16:54:35Z,226,SKIP,SKIPPED,,,,,0,radar_block,reason=momentum_too_small conf=0.0003 mom_sig=0.00018136 raw_mom_bps=0.00000000 spread_bps=0.99970000 tension=0.00018136 bid_drop=0.00117883 ask_drop=0.00000000
2026-07-08T16:54:43Z,227,SKIP,SKIPPED,,,,,0,radar_block,reason=momentum_too_small conf=0.3281 mom_sig=0.00000000 raw_mom_bps=0.66112078 spread_bps=0.99970000 tension=0.00000000 bid_drop=0.00000000 ask_drop=0.00000000
2026-07-08T16:54:50Z,228,SKIP,SKIPPED,,,,,0,impulse_resonance_wait,reason=wall_not_collapsed tension=0.26920534 bid_drop=0.00000000 ask_drop=1.74983470
2026-07-08T16:54:56Z,229,SKIP,SKIPPED,,,,,0,radar_block,reason=momentum_too_small conf=0.3292 mom_sig=0.00000000 raw_mom_bps=-0.12898961 spread_bps=0.95130000 tension=0.00000000 bid_drop=0.00000000 ask_drop=0.00000000
2026-07-08T16:55:03Z,230,SKIP,SKIPPED,,,,,0,radar_block,reason=momentum_too_small conf=0.3454 mom_sig=0.00000000 raw_mom_bps=0.00000000 spread_bps=0.20960000 tension=0.00000000 bid_drop=0.00000000 ask_drop=0.00000000
2026-07-08T16:55:12Z,231,SKIP,SKIPPED,,,,,0,llm_gate,reason=ollama_skip status=SKIP
2026-07-08T16:55:19Z,232,SKIP,SKIPPED,,,,,0,radar_block,reason=direction_unclear conf=0.0814 mom_sig=0.04927318 raw_mom_bps=0.00000000 spread_bps=0.14510000 tension=0.04927318 bid_drop=0.00002849 ask_drop=0.32027570
2026-07-08T16:55:27Z,233,SKIP,SKIPPED,,,,,0,llm_gate,reason=ollama_skip status=SKIP
2026-07-08T16:55:34Z,234,SKIP,SKIPPED,,,,,0,radar_block,reason=momentum_too_small conf=0.0 mom_sig=0.00000951 raw_mom_bps=0.00000000 spread_bps=0.14510000 tension=0.00000951 bid_drop=0.00000000 ask_drop=0.00006180
2026-07-08T16:55:41Z,235,SKIP,SKIPPED,,,,,0,llm_gate,reason=ollama_skip status=SKIP
2026-07-08T16:55:48Z,236,SKIP,SKIPPED,,,,,0,radar_block,reason=momentum_too_small conf=0.0001 mom_sig=0.00003692 raw_mom_bps=0.00000000 spread_bps=0.14510000 tension=0.00003692 bid_drop=0.00000000 ask_drop=0.00023999
2026-07-08T16:55:56Z,237,SKIP,SKIPPED,,,,,0,llm_gate,reason=ollama_skip status=SKIP
2026-07-08T16:56:04Z,238,SKIP,SKIPPED,,,,,0,radar_block,reason=momentum_too_small conf=0.1963 mom_sig=0.00000000 raw_mom_bps=0.00000000 spread_bps=7.02590000 tension=0.00000000 bid_drop=0.00000000 ask_drop=0.00000000
2026-07-08T16:56:13Z,239,SKIP,SKIPPED,,,,,0,llm_gate,reason=ollama_skip status=SKIP
2026-07-08T16:56:20Z,240,SKIP,SKIPPED,,,,,0,llm_gate,reason=ollama_skip status=SKIP
2026-07-08T16:56:27Z,241,SKIP,SKIPPED,,,,,0,radar_block,reason=momentum_too_small conf=0.0041 mom_sig=0.00245740 raw_mom_bps=2.27146413 spread_bps=0.09660000 tension=0.00245740 bid_drop=0.01597313 ask_drop=0.00000000
2026-07-08T16:56:34Z,242,SKIP,SKIPPED,,,,,0,radar_block,reason=momentum_too_small conf=0.0 mom_sig=0.00001462 raw_mom_bps=0.00000000 spread_bps=0.09660000 tension=0.00001462 bid_drop=0.00000000 ask_drop=0.00009503
2026-07-08T16:56:42Z,243,SKIP,SKIPPED,,,,,0,radar_block,reason=momentum_too_small conf=0.0024 mom_sig=0.00143450 raw_mom_bps=-0.09663610 spread_bps=0.09660000 tension=0.00143450 bid_drop=0.00000000 ask_drop=0.00932427
2026-07-08T16:56:49Z,244,SKIP,SKIPPED,,,,,0,radar_block,reason=momentum_too_small conf=0.0001 mom_sig=0.00004150 raw_mom_bps=0.00000000 spread_bps=0.09660000 tension=0.00004150 bid_drop=0.00000000 ask_drop=0.00026974
2026-07-08T16:56:56Z,245,SKIP,SKIPPED,,,,,0,radar_block,reason=momentum_too_small conf=0.0002 mom_sig=0.00012076 raw_mom_bps=0.00000000 spread_bps=0.09660000 tension=0.00012076 bid_drop=0.00078497 ask_drop=0.00036188
2026-07-08T16:57:03Z,246,SKIP,SKIPPED,,,,,0,radar_block,reason=spread_too_wide conf=0.0037 mom_sig=0.00438592 raw_mom_bps=0.00000000 spread_bps=16.64620000 tension=0.00438592 bid_drop=0.02850851 ask_drop=0.00336538
2026-07-08T16:57:17Z,247,SELL,FILLED,62012.90000000,62118.00000000,0.00670000,-16.94808661,-0.70417000,shock_exit_10bps,radar=long conf=0.9899 size_note=strong_conf_full+entry_25_75_trap soft=0 pct=-0.16948087 tension=2.13398271 bid_drop=13.87088763 ask_drop=0.00000000
2026-07-08T16:57:25Z,248,SKIP,SKIPPED,,,,,0,radar_block,reason=momentum_too_small conf=0.0001 mom_sig=0.00005412 raw_mom_bps=0.00000000 spread_bps=0.03220000 tension=0.00005412 bid_drop=0.00035180 ask_drop=0.00000000
2026-07-08T16:57:31Z,249,SKIP,SKIPPED,,,,,0,radar_block,reason=momentum_too_small conf=0.3486 mom_sig=0.00000000 raw_mom_bps=0.00000000 spread_bps=0.06440000 tension=0.00000000 bid_drop=0.00000000 ask_drop=0.00000000
2026-07-08T16:57:38Z,250,SKIP,SKIPPED,,,,,0,radar_block,reason=momentum_too_small conf=0.0002 mom_sig=0.00014252 raw_mom_bps=0.00000000 spread_bps=0.06440000 tension=0.00014252 bid_drop=0.00092639 ask_drop=0.00000000
2026-07-08T16:57:45Z,251,SKIP,SKIPPED,,,,,0,radar_block,reason=momentum_too_small conf=0.0 mom_sig=0.00001553 raw_mom_bps=0.00000000 spread_bps=0.66000000 tension=0.00001553 bid_drop=0.00007109 ask_drop=0.00010097
2026-07-08T16:57:52Z,252,SKIP,SKIPPED,,,,,0,radar_block,reason=momentum_too_small conf=0.318 mom_sig=0.00000000 raw_mom_bps=-1.46495380 spread_bps=1.46500000 tension=0.00000000 bid_drop=0.00000000 ask_drop=0.00000000
2026-07-08T16:57:59Z,253,SKIP,SKIPPED,,,,,0,radar_block,reason=momentum_too_small conf=0.007 mom_sig=0.00499137 raw_mom_bps=0.00000000 spread_bps=2.46310000 tension=0.00499137 bid_drop=0.00000000 ask_drop=0.03244391
2026-07-08T16:58:06Z,254,SKIP,SKIPPED,,,,,0,radar_block,reason=momentum_too_small conf=0.0 mom_sig=0.00000224 raw_mom_bps=0.00000000 spread_bps=2.72070000 tension=0.00000224 bid_drop=0.00001457 ask_drop=0.00000000
2026-07-08T16:58:13Z,255,SKIP,SKIPPED,,,,,0,radar_block,reason=momentum_too_small conf=0.0 mom_sig=0.00000511 raw_mom_bps=0.00000000 spread_bps=2.20560000 tension=0.00000511 bid_drop=0.00001806 ask_drop=0.00003319
2026-07-08T16:58:21Z,256,SKIP,SKIPPED,,,,,0,llm_gate,reason=ollama_skip status=SKIP
2026-07-08T16:58:28Z,257,SKIP,SKIPPED,,,,,0,impulse_resonance_wait,reason=wall_not_collapsed tension=0.51812314 bid_drop=3.36780039 ask_drop=0.00000000
2026-07-08T16:58:36Z,258,SKIP,SKIPPED,,,,,0,radar_block,reason=momentum_too_small conf=0.0004 mom_sig=0.00028727 raw_mom_bps=0.00000000 spread_bps=2.94600000 tension=0.00028727 bid_drop=0.00186727 ask_drop=0.00000000
2026-07-08T16:58:43Z,259,SKIP,SKIPPED,,,,,0,radar_block,reason=momentum_too_small conf=0.0 mom_sig=0.00000385 raw_mom_bps=0.00000000 spread_bps=2.94600000 tension=0.00000385 bid_drop=0.00000000 ask_drop=0.00002501
2026-07-08T16:58:50Z,260,SKIP,SKIPPED,,,,,0,radar_block,reason=momentum_too_small conf=0.2856 mom_sig=0.00000000 raw_mom_bps=0.00000000 spread_bps=2.94600000 tension=0.00000000 bid_drop=0.00000000 ask_drop=0.00000000
2026-07-08T16:59:08Z,261,SELL,FILLED,62099.90000000,62099.60000000,0.00480000,0.04830926,0.00144000,shock_inversion_stop,radar=long conf=0.8159 size_note=strong_conf_full+entry_25_75_full soft=1 pct=0.00048309 tension=2.28341692 bid_drop=14.84221000 ask_drop=0.00000000
2026-07-08T16:59:16Z,262,SKIP,SKIPPED,,,,,0,radar_block,reason=momentum_too_small conf=0.0026 mom_sig=0.00193517 raw_mom_bps=0.00000000 spread_bps=2.92990000 tension=0.00193517 bid_drop=0.01257862 ask_drop=0.00000000
2026-07-08T16:59:23Z,263,SKIP,SKIPPED,,,,,0,radar_block,reason=direction_unclear conf=0.1631 mom_sig=0.10890906 raw_mom_bps=0.00000000 spread_bps=1.62590000 tension=0.10890906 bid_drop=0.70790886 ask_drop=0.00000000
2026-07-08T16:59:30Z,264,SKIP,SKIPPED,,,,,0,radar_block,reason=momentum_too_small conf=0.2827 mom_sig=0.00000000 raw_mom_bps=0.00000000 spread_bps=3.07480000 tension=0.00000000 bid_drop=0.00000000 ask_drop=0.00000000
2026-07-08T16:59:37Z,265,SKIP,SKIPPED,,,,,0,radar_block,reason=momentum_too_small conf=0.0 mom_sig=0.00000800 raw_mom_bps=-0.33816480 spread_bps=2.80130000 tension=0.00000800 bid_drop=0.00000000 ask_drop=0.00005197
2026-07-08T16:59:44Z,266,SKIP,SKIPPED,,,,,0,radar_block,reason=momentum_too_small conf=0.2789 mom_sig=0.00000000 raw_mom_bps=0.00000000 spread_bps=3.25190000 tension=0.00000000 bid_drop=0.00000000 ask_drop=0.00000000
2026-07-08T16:59:51Z,267,SKIP,SKIPPED,,,,,0,radar_block,reason=momentum_too_small conf=0.0 mom_sig=0.00001320 raw_mom_bps=0.00000000 spread_bps=3.54170000 tension=0.00001320 bid_drop=0.00008579 ask_drop=0.00000000
2026-07-08T16:59:57Z,268,SKIP,SKIPPED,,,,,0,radar_block,reason=momentum_too_small conf=0.0 mom_sig=0.00001203 raw_mom_bps=0.00000000 spread_bps=3.87970000 tension=0.00001203 bid_drop=0.00007818 ask_drop=0.00000000
2026-07-08T17:00:05Z,269,SKIP,SKIPPED,,,,,0,llm_gate,reason=ollama_skip status=SKIP
2026-07-08T17:00:12Z,270,SKIP,SKIPPED,,,,,0,radar_block,reason=momentum_too_small conf=0.2567 mom_sig=0.00000000 raw_mom_bps=0.00000000 spread_bps=4.26610000 tension=0.00000000 bid_drop=0.00000000 ask_drop=0.00000000
2026-07-08T17:00:20Z,271,SKIP,SKIPPED,,,,,0,llm_gate,reason=ollama_skip status=SKIP
2026-07-08T17:00:29Z,272,SKIP,SKIPPED,,,,,0,llm_gate,reason=ollama_skip status=SKIP
2026-07-08T17:00:36Z,273,SKIP,SKIPPED,,,,,0,radar_block,reason=momentum_too_small conf=0.0 mom_sig=0.00002160 raw_mom_bps=0.00000000 spread_bps=5.10320000 tension=0.00002160 bid_drop=0.00014037 ask_drop=0.00000000
2026-07-08T17:00:44Z,274,SKIP,SKIPPED,,,,,0,llm_gate,reason=ollama_skip status=SKIP
2026-07-08T17:00:52Z,275,SKIP,SKIPPED,,,,,0,llm_gate,reason=ollama_skip status=SKIP
2026-07-08T17:00:59Z,276,SKIP,SKIPPED,,,,,0,impulse_resonance_wait,reason=wall_not_collapsed tension=0.38106552 bid_drop=2.47692588 ask_drop=0.00000000
2026-07-08T17:01:06Z,277,SKIP,SKIPPED,,,,,0,radar_block,reason=momentum_too_small conf=0.0002 mom_sig=0.00010214 raw_mom_bps=0.00000000 spread_bps=0.12890000 tension=0.00010214 bid_drop=0.00066389 ask_drop=0.00000000
2026-07-08T17:01:23Z,278,SELL,FILLED,62078.90000000,62083.10000000,0.01560000,-0.67655838,-0.06552000,shock_inversion_stop,radar=short conf=0.9768 size_note=strong_conf_full+aspiration_1.618x+entry_25_75_full soft=0 pct=-0.00676558 tension=1.13147984 bid_drop=0.00000000 ask_drop=7.35461894
2026-07-08T17:01:30Z,279,SKIP,SKIPPED,,,,,0,radar_block,reason=momentum_too_small conf=0.0 mom_sig=0.00000424 raw_mom_bps=0.00000000 spread_bps=0.99870000 tension=0.00000424 bid_drop=0.00002755 ask_drop=0.00000000
2026-07-08T17:01:37Z,280,SKIP,SKIPPED,,,,,0,radar_block,reason=momentum_too_small conf=0.0 mom_sig=0.00001763 raw_mom_bps=-0.25773902 spread_bps=1.40130000 tension=0.00001763 bid_drop=0.00011460 ask_drop=0.00000000
2026-07-08T17:01:44Z,281,SKIP,SKIPPED,,,,,0,impulse_resonance_wait,reason=wall_not_collapsed tension=0.86136663 bid_drop=2.17361313 ask_drop=5.59888309
2026-07-08T17:01:50Z,282,SKIP,SKIPPED,,,,,0,radar_block,reason=momentum_too_small conf=0.3186 mom_sig=0.00000000 raw_mom_bps=0.00000000 spread_bps=1.43360000 tension=0.00000000 bid_drop=0.00000000 ask_drop=0.00000000
2026-07-08T17:01:57Z,283,SKIP,SKIPPED,,,,,0,radar_block,reason=momentum_too_small conf=0.0 mom_sig=0.00000769 raw_mom_bps=-1.43356243 spread_bps=1.43360000 tension=0.00000769 bid_drop=0.00004998 ask_drop=0.00000000
2026-07-08T17:02:04Z,284,SKIP,SKIPPED,,,,,0,radar_block,reason=direction_unclear conf=0.0205 mom_sig=0.01405723 raw_mom_bps=0.00000000 spread_bps=1.99730000 tension=0.01405723 bid_drop=0.00000000 ask_drop=0.09137199
2026-07-08T17:02:11Z,285,SKIP,SKIPPED,,,,,0,impulse_resonance_wait,reason=wall_not_collapsed tension=0.69324471 bid_drop=4.50609059 ask_drop=0.00000000
2026-07-08T17:02:17Z,286,SKIP,SKIPPED,,,,,0,impulse_resonance_wait,reason=wall_not_collapsed tension=0.24430859 bid_drop=1.58800583 ask_drop=0.00000000
2026-07-08T17:02:24Z,287,SKIP,SKIPPED,,,,,0,impulse_resonance_wait,reason=wall_not_collapsed tension=0.88322111 bid_drop=5.74093722 ask_drop=2.34242603
2026-07-08T17:02:31Z,288,SKIP,SKIPPED,,,,,0,radar_block,reason=momentum_too_small conf=0.0 mom_sig=0.00001087 raw_mom_bps=0.00000000 spread_bps=3.93020000 tension=0.00001087 bid_drop=0.00000000 ask_drop=0.00007066
2026-07-08T17:02:50Z,289,SELL,FILLED,62057.70000000,62051.30000000,0.00480000,1.03129829,0.03072000,shock_inversion_stop,radar=short conf=0.7544 size_note=strong_conf_full+entry_25_75_full soft=1 pct=0.01031298 tension=2.43601199 bid_drop=15.83407793 ask_drop=0.32292815
2026-07-08T17:02:57Z,290,SKIP,SKIPPED,,,,,0,radar_block,reason=momentum_too_small conf=0.0 mom_sig=0.00001452 raw_mom_bps=0.00000000 spread_bps=4.44600000 tension=0.00001452 bid_drop=0.00009438 ask_drop=0.00000000
2026-07-08T17:03:04Z,291,SKIP,SKIPPED,,,,,0,impulse_resonance_wait,reason=wall_not_collapsed tension=0.65472738 bid_drop=4.25572796 ask_drop=0.00000000
2026-07-08T17:03:11Z,292,SKIP,SKIPPED,,,,,0,impulse_resonance_wait,reason=wall_not_collapsed tension=0.39527831 bid_drop=2.56930904 ask_drop=0.00000000
2026-07-08T17:03:18Z,293,SKIP,SKIPPED,,,,,0,radar_block,reason=momentum_too_small conf=0.007 mom_sig=0.00633136 raw_mom_bps=0.00000000 spread_bps=5.33160000 tension=0.00633136 bid_drop=0.04115384 ask_drop=0.00000000
2026-07-08T17:03:26Z,294,SKIP,SKIPPED,,,,,0,llm_gate,reason=ollama_skip status=SKIP
2026-07-08T17:03:33Z,295,SKIP,SKIPPED,,,,,0,radar_block,reason=momentum_too_small conf=0.0019 mom_sig=0.00118950 raw_mom_bps=0.00000000 spread_bps=0.59640000 tension=0.00118950 bid_drop=0.00773176 ask_drop=0.00000000
2026-07-08T17:03:40Z,296,SKIP,SKIPPED,,,,,0,radar_block,reason=direction_unclear conf=0.0361 mom_sig=0.02420169 raw_mom_bps=0.00000000 spread_bps=1.69240000 tension=0.02420169 bid_drop=0.15731098 ask_drop=0.00000000
2026-07-08T17:03:49Z,297,SKIP,SKIPPED,,,,,0,radar_block,reason=momentum_too_small conf=0.0 mom_sig=0.00000525 raw_mom_bps=2.36971027 spread_bps=2.75580000 tension=0.00000525 bid_drop=0.00003414 ask_drop=0.00000000
2026-07-08T17:03:56Z,298,SKIP,SKIPPED,,,,,0,radar_block,reason=momentum_too_small conf=0.2735 mom_sig=0.00000000 raw_mom_bps=0.00000000 spread_bps=3.49590000 tension=0.00000000 bid_drop=0.00000000 ask_drop=0.00000000
2026-07-08T17:04:03Z,299,SKIP,SKIPPED,,,,,0,radar_block,reason=momentum_too_small conf=0.0 mom_sig=0.00000508 raw_mom_bps=0.00000000 spread_bps=3.49590000 tension=0.00000508 bid_drop=0.00003303 ask_drop=0.00000000
2026-07-08T17:04:11Z,300,SKIP,SKIPPED,,,,,0,llm_gate,reason=ollama_skip status=SKIP
2026-07-08T17:04:18Z,301,SKIP,SKIPPED,,,,,0,radar_block,reason=momentum_too_small conf=0.295 mom_sig=0.00000000 raw_mom_bps=0.00000000 spread_bps=2.51340000 tension=0.00000000 bid_drop=0.00000000 ask_drop=0.00000000
2026-07-08T17:04:24Z,302,SKIP,SKIPPED,,,,,0,radar_block,reason=momentum_too_small conf=0.3355 mom_sig=0.00000000 raw_mom_bps=0.00000000 spread_bps=0.66070000 tension=0.00000000 bid_drop=0.00000000 ask_drop=0.00000000
2026-07-08T17:04:32Z,303,SKIP,SKIPPED,,,,,0,radar_block,reason=momentum_too_small conf=0.0001 mom_sig=0.00003254 raw_mom_bps=0.01611471 spread_bps=0.69290000 tension=0.00003254 bid_drop=0.00003303 ask_drop=0.00021151
2026-07-08T17:04:39Z,304,SKIP,SKIPPED,,,,,0,radar_block,reason=momentum_too_small conf=0.2982 mom_sig=0.00000000 raw_mom_bps=0.00000000 spread_bps=2.36890000 tension=0.00000000 bid_drop=0.00000000 ask_drop=0.00000000
2026-07-08T17:04:46Z,305,SKIP,SKIPPED,,,,,0,radar_block,reason=momentum_too_small conf=0.3073 mom_sig=0.00000000 raw_mom_bps=0.00000000 spread_bps=1.95000000 tension=0.00000000 bid_drop=0.00000000 ask_drop=0.00000000
2026-07-08T17:04:54Z,306,SKIP,SKIPPED,,,,,0,llm_gate,reason=ollama_skip status=SKIP
2026-07-08T17:05:01Z,307,SKIP,SKIPPED,,,,,0,radar_block,reason=momentum_too_small conf=0.3172 mom_sig=0.00000000 raw_mom_bps=0.00000000 spread_bps=1.49900000 tension=0.00000000 bid_drop=0.00000000 ask_drop=0.00000000
2026-07-08T17:05:08Z,308,SKIP,SKIPPED,,,,,0,radar_block,reason=momentum_too_small conf=0.0 mom_sig=0.00000335 raw_mom_bps=0.00000000 spread_bps=1.49900000 tension=0.00000335 bid_drop=0.00002176 ask_drop=0.00000000
2026-07-08T17:05:15Z,309,SKIP,SKIPPED,,,,,0,radar_block,reason=momentum_too_small conf=0.313 mom_sig=0.00000000 raw_mom_bps=0.00000000 spread_bps=1.69240000 tension=0.00000000 bid_drop=0.00000000 ask_drop=0.00000000
2026-07-08T17:05:22Z,310,SKIP,SKIPPED,,,,,0,radar_block,reason=momentum_too_small conf=0.2999 mom_sig=0.00000000 raw_mom_bps=0.00000000 spread_bps=2.28880000 tension=0.00000000 bid_drop=0.00000000 ask_drop=0.00000000
2026-07-08T17:05:29Z,311,SKIP,SKIPPED,,,,,0,radar_block,reason=momentum_too_small conf=0.2964 mom_sig=0.00000000 raw_mom_bps=0.00000000 spread_bps=2.44990000 tension=0.00000000 bid_drop=0.00000000 ask_drop=0.00000000
2026-07-08T17:05:45Z,312,SKIP,SKIPPED,,,,,0,radar_block,reason=momentum_too_small conf=0.0 mom_sig=0.00003032 raw_mom_bps=-0.37080028 spread_bps=2.90130000 tension=0.00003032 bid_drop=0.00000000 ask_drop=0.00019707
2026-07-08T17:06:04Z,313,SKIP,SKIPPED,,,,,0,radar_block,reason=momentum_too_small conf=0.2721 mom_sig=0.00000000 raw_mom_bps=0.00000000 spread_bps=3.56210000 tension=0.00000000 bid_drop=0.00000000 ask_drop=0.00000000
2026-07-08T17:06:17Z,314,SKIP,SKIPPED,,,,,0,radar_block,reason=momentum_too_small conf=0.2717 mom_sig=0.00000000 raw_mom_bps=0.00000000 spread_bps=3.57820000 tension=0.00000000 bid_drop=0.00000000 ask_drop=0.00000000
2026-07-08T17:06:26Z,315,SKIP,SKIPPED,,,,,0,radar_block,reason=momentum_too_small conf=0.2717 mom_sig=0.00000000 raw_mom_bps=0.00000000 spread_bps=3.57820000 tension=0.00000000 bid_drop=0.00000000 ask_drop=0.00000000
2026-07-08T17:06:37Z,316,SKIP,SKIPPED,,,,,0,llm_gate,reason=ollama_skip status=SKIP
2026-07-08T17:06:44Z,317,SKIP,SKIPPED,,,,,0,radar_block,reason=momentum_too_small conf=0.0 mom_sig=0.00002112 raw_mom_bps=0.00000000 spread_bps=1.11200000 tension=0.00002112 bid_drop=0.00000000 ask_drop=0.00013727
2026-07-08T17:06:52Z,318,SKIP,SKIPPED,,,,,0,llm_gate,reason=ollama_skip status=SKIP
2026-07-08T17:06:59Z,319,SKIP,SKIPPED,,,,,0,radar_block,reason=momentum_too_small conf=0.0 mom_sig=0.00002477 raw_mom_bps=0.00000000 spread_bps=0.35450000 tension=0.00002477 bid_drop=0.00000000 ask_drop=0.00016100
2026-07-08T17:07:06Z,320,SKIP,SKIPPED,,,,,0,impulse_resonance_wait,reason=wall_not_collapsed tension=0.23865870 bid_drop=0.00458727 ask_drop=1.55128155
2026-07-08T17:07:12Z,321,SKIP,SKIPPED,,,,,0,radar_block,reason=momentum_too_small conf=0.0007 mom_sig=0.00039321 raw_mom_bps=0.00000000 spread_bps=0.01610000 tension=0.00039321 bid_drop=0.00000000 ask_drop=0.00255588
2026-07-08T17:07:20Z,322,SKIP,SKIPPED,,,,,0,impulse_resonance_wait,reason=wall_not_collapsed tension=0.86357676 bid_drop=0.00000000 ask_drop=5.61324897
2026-07-08T17:07:28Z,323,SKIP,SKIPPED,,,,,0,radar_block,reason=momentum_too_small conf=0.0099 mom_sig=0.00597488 raw_mom_bps=0.00000000 spread_bps=0.01610000 tension=0.00597488 bid_drop=0.00009410 ask_drop=0.03883671
2026-07-08T17:07:36Z,324,SKIP,SKIPPED,,,,,0,radar_block,reason=direction_unclear conf=0.0186 mom_sig=0.01115720 raw_mom_bps=0.00000000 spread_bps=0.01610000 tension=0.01115720 bid_drop=0.07252183 ask_drop=0.00000000
2026-07-08T17:07:43Z,325,SKIP,SKIPPED,,,,,0,radar_block,reason=momentum_too_small conf=0.3496 mom_sig=0.00000000 raw_mom_bps=0.00000000 spread_bps=0.01610000 tension=0.00000000 bid_drop=0.00000000 ask_drop=0.00000000
2026-07-08T17:08:01Z,326,SELL,FILLED,62121.00000000,62118.10000000,0.00950000,0.46683086,0.02755000,shock_inversion_stop,radar=long conf=0.9909 size_note=strong_conf_full+entry_25_75_full soft=0 pct=0.00466831 tension=1.22237318 bid_drop=7.94542566 ask_drop=0.00000000
2026-07-08T17:08:09Z,327,SKIP,SKIPPED,,,,,0,radar_block,reason=momentum_too_small conf=0.0119 mom_sig=0.00792702 raw_mom_bps=0.00000000 spread_bps=1.56180000 tension=0.00792702 bid_drop=0.00829691 ask_drop=0.05152562
2026-07-08T17:08:17Z,328,SKIP,SKIPPED,,,,,0,impulse_resonance_wait,reason=wall_not_collapsed tension=0.24151186 bid_drop=1.56982707 ask_drop=0.10934039
2026-07-08T17:08:23Z,329,SKIP,SKIPPED,,,,,0,radar_block,reason=momentum_too_small conf=0.0058 mom_sig=0.00383192 raw_mom_bps=0.00000000 spread_bps=1.56180000 tension=0.00383192 bid_drop=0.01818391 ask_drop=0.02490745
2026-07-08T17:08:30Z,330,SKIP,SKIPPED,,,,,0,radar_block,reason=momentum_too_small conf=0.3158 mom_sig=0.00000000 raw_mom_bps=0.00000000 spread_bps=1.56180000 tension=0.00000000 bid_drop=0.00000000 ask_drop=0.00000000
2026-07-08T17:08:39Z,331,SKIP,SKIPPED,,,,,0,llm_gate,reason=ollama_skip status=SKIP
2026-07-08T17:08:46Z,332,SKIP,SKIPPED,,,,,0,impulse_resonance_wait,reason=wall_not_collapsed tension=0.95375146 bid_drop=0.00010326 ask_drop=6.19938450
2026-07-08T17:08:53Z,333,SKIP,SKIPPED,,,,,0,radar_block,reason=momentum_too_small conf=0.3338 mom_sig=0.00000000 raw_mom_bps=0.00000000 spread_bps=0.74070000 tension=0.00000000 bid_drop=0.00000000 ask_drop=0.00000000
2026-07-08T17:09:00Z,334,SKIP,SKIPPED,,,,,0,impulse_resonance_wait,reason=wall_not_collapsed tension=0.46255456 bid_drop=3.00660465 ask_drop=0.00000000
2026-07-08T17:09:08Z,335,SKIP,SKIPPED,,,,,0,radar_block,reason=momentum_too_small conf=0.0 mom_sig=0.00000945 raw_mom_bps=0.00000000 spread_bps=1.25600000 tension=0.00000945 bid_drop=0.00006143 ask_drop=0.00000000
2026-07-08T17:09:14Z,336,SKIP,SKIPPED,,,,,0,radar_block,reason=momentum_too_small conf=0.0001 mom_sig=0.00008095 raw_mom_bps=0.00000000 spread_bps=1.75520000 tension=0.00008095 bid_drop=0.00000000 ask_drop=0.00052615
2026-07-08T17:09:22Z,337,SKIP,SKIPPED,,,,,0,radar_block,reason=momentum_too_small conf=0.3426 mom_sig=0.00000000 raw_mom_bps=-1.77133655 spread_bps=0.33820000 tension=0.00000000 bid_drop=0.00000000 ask_drop=0.00000000
2026-07-08T17:09:28Z,338,SKIP,SKIPPED,,,,,0,radar_block,reason=momentum_too_small conf=0.0033 mom_sig=0.00200245 raw_mom_bps=0.00000000 spread_bps=0.33820000 tension=0.00200245 bid_drop=0.00000000 ask_drop=0.01301590
2026-07-08T17:09:35Z,339,SKIP,SKIPPED,,,,,0,impulse_resonance_wait,reason=wall_not_collapsed tension=0.94830844 bid_drop=0.00000000 ask_drop=6.16400487
2026-07-08T17:09:42Z,340,SKIP,SKIPPED,,,,,0,tactic_mismatch,mom=short structure=long
2026-07-08T17:09:49Z,341,SKIP,SKIPPED,,,,,0,radar_block,reason=momentum_too_small conf=0.0 mom_sig=0.00002473 raw_mom_bps=0.00000000 spread_bps=1.04680000 tension=0.00002473 bid_drop=0.00000000 ask_drop=0.00016075
2026-07-08T17:09:56Z,342,SKIP,SKIPPED,,,,,0,radar_block,reason=momentum_too_small conf=0.0001 mom_sig=0.00004328 raw_mom_bps=0.00000000 spread_bps=1.04680000 tension=0.00004328 bid_drop=0.00000000 ask_drop=0.00028132
2026-07-08T17:10:03Z,343,SKIP,SKIPPED,,,,,0,impulse_resonance_wait,reason=wall_not_collapsed tension=0.55730783 bid_drop=0.00000000 ask_drop=3.62250091
2026-07-08T17:10:10Z,344,SKIP,SKIPPED,,,,,0,impulse_resonance_wait,reason=wall_not_collapsed tension=0.20439260 bid_drop=1.32855191 ask_drop=0.00157419
2026-07-08T17:10:17Z,345,SKIP,SKIPPED,,,,,0,radar_block,reason=direction_unclear conf=0.0558 mom_sig=0.03616532 raw_mom_bps=-0.11274193 spread_bps=1.17560000 tension=0.03616532 bid_drop=0.00000000 ask_drop=0.23507459
2026-07-08T17:10:24Z,346,SKIP,SKIPPED,,,,,0,radar_block,reason=momentum_too_small conf=0.3229 mom_sig=0.00000000 raw_mom_bps=0.00000000 spread_bps=1.24000000 tension=0.00000000 bid_drop=0.00000000 ask_drop=0.00000000
2026-07-08T17:10:31Z,347,SKIP,SKIPPED,,,,,0,radar_block,reason=momentum_too_small conf=0.3419 mom_sig=0.00000000 raw_mom_bps=0.00000000 spread_bps=0.37040000 tension=0.00000000 bid_drop=0.00000000 ask_drop=0.00000000
2026-07-08T17:10:39Z,348,SKIP,SKIPPED,,,,,0,radar_block,reason=momentum_too_small conf=0.0 mom_sig=0.00002071 raw_mom_bps=0.00000000 spread_bps=1.24000000 tension=0.00002071 bid_drop=0.00000000 ask_drop=0.00013463
2026-07-08T17:10:46Z,349,SKIP,SKIPPED,,,,,0,impulse_resonance_wait,reason=wall_not_collapsed tension=0.84710710 bid_drop=0.00000000 ask_drop=5.50619615
2026-07-08T17:10:53Z,350,SKIP,SKIPPED,,,,,0,radar_block,reason=direction_unclear conf=0.0716 mom_sig=0.04828871 raw_mom_bps=0.00000000 spread_bps=1.77140000 tension=0.04828871 bid_drop=0.00000000 ask_drop=0.31387660
2026-07-08T17:11:01Z,351,SKIP,SKIPPED,,,,,0,llm_gate,reason=ollama_skip status=SKIP
2026-07-08T17:11:09Z,352,SKIP,SKIPPED,,,,,0,impulse_resonance_wait,reason=wall_not_collapsed tension=0.45845271 bid_drop=2.97994260 ask_drop=1.81244741
2026-07-08T17:11:16Z,353,SKIP,SKIPPED,,,,,0,radar_block,reason=direction_unclear conf=0.2333 mom_sig=0.14070414 raw_mom_bps=0.00000000 spread_bps=0.08050000 tension=0.14070414 bid_drop=0.00003213 ask_drop=0.91457693
2026-07-08T17:11:23Z,354,SKIP,SKIPPED,,,,,0,radar_block,reason=direction_unclear conf=0.218 mom_sig=0.15157178 raw_mom_bps=0.00000000 spread_bps=2.19010000 tension=0.15157178 bid_drop=0.98521657 ask_drop=0.00119924
2026-07-08T17:11:30Z,355,SKIP,SKIPPED,,,,,0,radar_block,reason=momentum_too_small conf=0.2024 mom_sig=0.00000000 raw_mom_bps=0.00000000 spread_bps=6.74810000 tension=0.00000000 bid_drop=0.00000000 ask_drop=0.00000000
2026-07-08T17:11:37Z,356,SKIP,SKIPPED,,,,,0,radar_block,reason=momentum_too_small conf=0.3472 mom_sig=0.00000000 raw_mom_bps=-6.97487113 spread_bps=0.12890000 tension=0.00000000 bid_drop=0.00000000 ask_drop=0.00000000
2026-07-08T17:11:46Z,357,SKIP,SKIPPED,,,,,0,radar_block,reason=momentum_too_small conf=0.3267 mom_sig=0.00000000 raw_mom_bps=0.00000000 spread_bps=1.06380000 tension=0.00000000 bid_drop=0.00000000 ask_drop=0.00000000
2026-07-08T17:11:54Z,358,SKIP,SKIPPED,,,,,0,llm_gate,reason=ollama_skip status=SKIP
2026-07-08T17:12:01Z,359,SKIP,SKIPPED,,,,,0,radar_block,reason=momentum_too_small conf=0.3013 mom_sig=0.00000000 raw_mom_bps=0.00000000 spread_bps=2.22400000 tension=0.00000000 bid_drop=0.00000000 ask_drop=0.00000000
2026-07-08T17:12:19Z,360,SELL,FILLED,62051.30000000,62046.60000000,0.00950000,0.75743780,0.04465000,shock_inversion_stop,radar=short conf=0.8358 size_note=strong_conf_full+entry_25_75_full soft=0 pct=0.00757438 tension=4.59372200 bid_drop=0.00003146 ask_drop=29.85919302
2026-07-08T17:12:26Z,361,SKIP,SKIPPED,,,,,0,radar_block,reason=momentum_too_small conf=0.3257 mom_sig=0.00000000 raw_mom_bps=0.00000000 spread_bps=1.11210000 tension=0.00000000 bid_drop=0.00000000 ask_drop=0.00000000
2026-07-08T17:12:33Z,362,SKIP,SKIPPED,,,,,0,radar_block,reason=momentum_too_small conf=0.3426 mom_sig=0.00000000 raw_mom_bps=0.00000000 spread_bps=0.33840000 tension=0.00000000 bid_drop=0.00000000 ask_drop=0.00000000
2026-07-08T17:12:53Z,363,SELL,FILLED,62048.40000000,62058.90000000,0.00480000,-1.69222736,-0.05040000,fluid_exit_inversion,radar=short conf=0.9265 size_note=strong_conf_full+entry_25_75_full soft=1 pct=-0.01692227 tension=1.07266885 bid_drop=0.00000000 ask_drop=6.97234752
2026-07-08T17:13:04Z,364,SKIP,SKIPPED,,,,,0,llm_gate,reason=ollama_skip status=SKIP
2026-07-08T17:13:11Z,365,SKIP,SKIPPED,,,,,0,impulse_resonance_wait,reason=wall_not_collapsed tension=0.48844758 bid_drop=3.17490925 ask_drop=0.00000000
2026-07-08T17:13:18Z,366,SKIP,SKIPPED,,,,,0,stase_ecoute,reason=spread_or_volat_not_cold spread_bps=5.34880000 volat=0.00000000
2026-07-08T17:13:25Z,367,SKIP,SKIPPED,,,,,0,llm_gate,reason=ollama_skip status=SKIP
2026-07-08T17:13:34Z,368,SKIP,SKIPPED,,,,,0,llm_gate,reason=ollama_skip status=SKIP
2026-07-08T17:13:55Z,369,SELL,FILLED,62078.10000000,62077.60000000,0.00950000,0.08054370,0.00475000,shock_inversion_stop,radar=short conf=0.994 size_note=strong_conf_full+entry_25_75_full soft=0 pct=0.00080544 tension=1.21628645 bid_drop=7.90586194 ask_drop=0.00000000
2026-07-08T17:14:03Z,370,SKIP,SKIPPED,,,,,0,radar_block,reason=momentum_too_small conf=0.3482 mom_sig=0.00000000 raw_mom_bps=0.09665322 spread_bps=0.08050000 tension=0.00000000 bid_drop=0.00000000 ask_drop=0.00000000
2026-07-08T17:14:10Z,371,SKIP,SKIPPED,,,,,0,radar_block,reason=momentum_too_small conf=0.0 mom_sig=0.00000071 raw_mom_bps=0.00000000 spread_bps=0.09670000 tension=0.00000071 bid_drop=0.00000000 ask_drop=0.00000464
2026-07-08T17:14:23Z,372,SKIP,SKIPPED,,,,,0,radar_block,reason=momentum_too_small conf=0.0002 mom_sig=0.00009657 raw_mom_bps=0.00000000 spread_bps=0.09670000 tension=0.00009657 bid_drop=0.00062772 ask_drop=0.00000000
2026-07-08T17:14:41Z,373,SKIP,SKIPPED,,,,,0,radar_block,reason=momentum_too_small conf=0.0003 mom_sig=0.00018951 raw_mom_bps=0.00000000 spread_bps=0.01610000 tension=0.00018951 bid_drop=0.00123180 ask_drop=0.00000000
2026-07-08T17:14:59Z,374,SKIP,SKIPPED,,,,,0,radar_block,reason=momentum_too_small conf=0.0013 mom_sig=0.00075916 raw_mom_bps=0.00000000 spread_bps=0.09670000 tension=0.00075916 bid_drop=0.00493455 ask_drop=0.00000000
2026-07-08T17:15:16Z,375,SKIP,SKIPPED,,,,,0,llm_gate,reason=ollama_skip status=SKIP
2026-07-08T17:15:35Z,376,SKIP,SKIPPED,,,,,0,radar_block,reason=momentum_too_small conf=0.0002 mom_sig=0.00011756 raw_mom_bps=0.00000000 spread_bps=0.08050000 tension=0.00011756 bid_drop=0.00076416 ask_drop=0.00000000
2026-07-08T17:15:54Z,377,SELL,FILLED,62043.10000000,62043.10000000,0.00950000,-0.00000000,-0.00000000,shock_inversion_stop,radar=long conf=0.8087 size_note=strong_conf_full+entry_25_75_full soft=0 pct=-0.00000000 tension=5.80432222 bid_drop=0.00000000 ask_drop=37.72809442
2026-07-08T17:16:03Z,378,SKIP,SKIPPED,,,,,0,llm_gate,reason=ollama_skip status=SKIP
2026-07-08T17:16:10Z,379,SKIP,SKIPPED,,,,,0,radar_block,reason=momentum_too_small conf=0.2439 mom_sig=0.00000000 raw_mom_bps=0.00000000 spread_bps=4.84910000 tension=0.00000000 bid_drop=0.00000000 ask_drop=0.00000000
2026-07-08T17:16:18Z,380,SKIP,SKIPPED,,,,,0,llm_gate,reason=ollama_skip status=SKIP
2026-07-08T17:16:26Z,381,SKIP,SKIPPED,,,,,0,llm_gate,reason=ollama_skip status=SKIP
2026-07-08T17:16:33Z,382,SKIP,SKIPPED,,,,,0,radar_block,reason=momentum_too_small conf=0.3215 mom_sig=0.00000000 raw_mom_bps=0.00000000 spread_bps=1.30470000 tension=0.00000000 bid_drop=0.00000000 ask_drop=0.00000000
2026-07-08T17:16:41Z,383,SKIP,SKIPPED,,,,,0,radar_block,reason=momentum_too_small conf=0.3215 mom_sig=0.00000000 raw_mom_bps=0.00000000 spread_bps=1.30470000 tension=0.00000000 bid_drop=0.00000000 ask_drop=0.00000000
2026-07-08T17:16:49Z,384,SKIP,SKIPPED,,,,,0,radar_block,reason=momentum_too_small conf=0.215 mom_sig=0.00000000 raw_mom_bps=0.00000000 spread_bps=6.16930000 tension=0.00000000 bid_drop=0.00000000 ask_drop=0.00000000
2026-07-08T17:17:09Z,385,SELL,FILLED,62081.40000000,62073.10000000,0.00950000,1.33695439,0.07885000,shock_inversion_stop,radar=long conf=0.6144 size_note=strong_conf_full+entry_25_75_full soft=0 pct=0.01336954 tension=2.36713087 bid_drop=15.38635065 ask_drop=0.00000000
2026-07-08T17:17:16Z,386,SKIP,SKIPPED,,,,,0,impulse_resonance_wait,reason=wall_not_collapsed tension=0.34370137 bid_drop=0.00000000 ask_drop=2.23405890
2026-07-08T17:17:23Z,387,SKIP,SKIPPED,,,,,0,radar_block,reason=momentum_too_small conf=0.0 mom_sig=0.00002921 raw_mom_bps=0.00000000 spread_bps=5.58940000 tension=0.00002921 bid_drop=0.00018988 ask_drop=0.00000000
2026-07-08T17:17:30Z,388,SKIP,SKIPPED,,,,,0,radar_block,reason=momentum_too_small conf=0.0 mom_sig=0.00000484 raw_mom_bps=0.00000000 spread_bps=1.70750000 tension=0.00000484 bid_drop=0.00000000 ask_drop=0.00003143
2026-07-08T17:17:37Z,389,SKIP,SKIPPED,,,,,0,radar_block,reason=momentum_too_small conf=0.0004 mom_sig=0.00023649 raw_mom_bps=0.11276100 spread_bps=0.41880000 tension=0.00023649 bid_drop=0.00153717 ask_drop=0.00000000
2026-07-08T17:17:45Z,390,SKIP,SKIPPED,,,,,0,impulse_resonance_wait,reason=wall_not_collapsed tension=0.47423224 bid_drop=3.08250959 ask_drop=0.00000000
2026-07-08T17:17:52Z,391,SKIP,SKIPPED,,,,,0,radar_block,reason=momentum_too_small conf=0.0018 mom_sig=0.00110814 raw_mom_bps=0.00000000 spread_bps=0.41880000 tension=0.00110814 bid_drop=0.00720293 ask_drop=0.00022886
2026-07-08T17:17:59Z,392,SKIP,SKIPPED,,,,,0,radar_block,reason=momentum_too_small conf=0.3408 mom_sig=0.00000000 raw_mom_bps=0.00000000 spread_bps=0.41880000 tension=0.00000000 bid_drop=0.00000000 ask_drop=0.00000000
2026-07-08T17:18:07Z,393,SKIP,SKIPPED,,,,,0,radar_block,reason=momentum_too_small conf=0.0 mom_sig=0.00001605 raw_mom_bps=0.00000000 spread_bps=0.41880000 tension=0.00001605 bid_drop=0.00010434 ask_drop=0.00000000
2026-07-08T17:18:14Z,394,SKIP,SKIPPED,,,,,0,radar_block,reason=momentum_too_small conf=0.0 mom_sig=0.00002328 raw_mom_bps=0.00000000 spread_bps=0.41880000 tension=0.00002328 bid_drop=0.00015130 ask_drop=0.00003270
2026-07-08T17:18:23Z,395,SKIP,SKIPPED,,,,,0,llm_gate,reason=ollama_skip status=SKIP
2026-07-08T17:18:34Z,396,SKIP,SKIPPED,,,,,0,radar_block,reason=momentum_too_small conf=0.3155 mom_sig=0.00000000 raw_mom_bps=0.00000000 spread_bps=1.57860000 tension=0.00000000 bid_drop=0.00000000 ask_drop=0.00000000
2026-07-08T17:18:52Z,397,SKIP,SKIPPED,,,,,0,radar_block,reason=momentum_too_small conf=0.301 mom_sig=0.00000000 raw_mom_bps=0.00000000 spread_bps=2.23900000 tension=0.00000000 bid_drop=0.00000000 ask_drop=0.00000000
2026-07-08T17:19:11Z,398,SKIP,SKIPPED,,,,,0,radar_block,reason=momentum_too_small conf=0.2295 mom_sig=0.00000000 raw_mom_bps=0.00000000 spread_bps=5.50890000 tension=0.00000000 bid_drop=0.00000000 ask_drop=0.00000000
2026-07-08T17:19:30Z,399,SKIP,SKIPPED,,,,,0,radar_block,reason=momentum_too_small conf=0.251 mom_sig=0.00000000 raw_mom_bps=0.95088747 spread_bps=4.52680000 tension=0.00000000 bid_drop=0.00000000 ask_drop=0.00000000
2026-07-08T17:19:47Z,400,SKIP,SKIPPED,,,,,0,impulse_resonance_wait,reason=wall_not_collapsed tension=0.32298444 bid_drop=1.46722713 ask_drop=2.09939888
2026-07-08T17:19:58Z,401,SKIP,SKIPPED,,,,,0,llm_gate,reason=ollama_skip status=SKIP
2026-07-08T17:20:05Z,402,SKIP,SKIPPED,,,,,0,radar_block,reason=momentum_too_small conf=0.0 mom_sig=0.00001932 raw_mom_bps=0.00000000 spread_bps=4.66950000 tension=0.00001932 bid_drop=0.00000000 ask_drop=0.00012557
2026-07-08T17:20:12Z,403,SKIP,SKIPPED,,,,,0,radar_block,reason=momentum_too_small conf=0.0 mom_sig=0.00001882 raw_mom_bps=0.00000000 spread_bps=0.09660000 tension=0.00001882 bid_drop=0.00000000 ask_drop=0.00012235
2026-07-08T17:20:20Z,404,SKIP,SKIPPED,,,,,0,impulse_resonance_wait,reason=wall_not_collapsed tension=0.41816013 bid_drop=0.00003517 ask_drop=2.71804083
2026-07-08T17:20:27Z,405,SKIP,SKIPPED,,,,,0,radar_block,reason=momentum_too_small conf=0.0 mom_sig=0.00000338 raw_mom_bps=-1.43271088 spread_bps=2.23740000 tension=0.00000338 bid_drop=0.00002198 ask_drop=0.00000000
2026-07-08T17:20:34Z,406,SKIP,SKIPPED,,,,,0,impulse_resonance_wait,reason=wall_not_collapsed tension=0.82222134 bid_drop=5.34443870 ask_drop=0.00010277
2026-07-08T17:20:40Z,407,SKIP,SKIPPED,,,,,0,radar_block,reason=momentum_too_small conf=0.3011 mom_sig=0.00000000 raw_mom_bps=0.00000000 spread_bps=2.23740000 tension=0.00000000 bid_drop=0.00000000 ask_drop=0.00000000
2026-07-08T17:20:47Z,408,SKIP,SKIPPED,,,,,0,radar_block,reason=momentum_too_small conf=0.0 mom_sig=0.00001359 raw_mom_bps=0.00000000 spread_bps=0.16100000 tension=0.00001359 bid_drop=0.00008836 ask_drop=0.00000000
2026-07-08T17:20:54Z,409,SKIP,SKIPPED,,,,,0,radar_block,reason=direction_unclear conf=0.0406 mom_sig=0.02828897 raw_mom_bps=0.00000000 spread_bps=2.23740000 tension=0.02828897 bid_drop=0.00040926 ask_drop=0.18387833
2026-07-08T17:21:01Z,410,SKIP,SKIPPED,,,,,0,radar_block,reason=momentum_too_small conf=0.3011 mom_sig=0.00000000 raw_mom_bps=0.00000000 spread_bps=2.23740000 tension=0.00000000 bid_drop=0.00000000 ask_drop=0.00000000
2026-07-08T17:21:08Z,411,SKIP,SKIPPED,,,,,0,radar_block,reason=momentum_too_small conf=0.0 mom_sig=0.00002658 raw_mom_bps=0.00000000 spread_bps=2.23740000 tension=0.00002658 bid_drop=0.00001629 ask_drop=0.00017279
2026-07-08T17:21:16Z,412,SKIP,SKIPPED,,,,,0,radar_block,reason=momentum_too_small conf=0.0 mom_sig=0.00001638 raw_mom_bps=0.00000000 spread_bps=2.23740000 tension=0.00001638 bid_drop=0.00000000 ask_drop=0.00010647
2026-07-08T17:21:23Z,413,SKIP,SKIPPED,,,,,0,radar_block,reason=momentum_too_small conf=0.0001 mom_sig=0.00005764 raw_mom_bps=0.00000000 spread_bps=2.23740000 tension=0.00005764 bid_drop=0.00037464 ask_drop=0.00015660
2026-07-08T17:21:30Z,414,SKIP,SKIPPED,,,,,0,radar_block,reason=momentum_too_small conf=0.0 mom_sig=0.00002614 raw_mom_bps=0.00000000 spread_bps=2.23740000 tension=0.00002614 bid_drop=0.00002793 ask_drop=0.00016993
2026-07-08T17:21:37Z,415,SKIP,SKIPPED,,,,,0,radar_block,reason=momentum_too_small conf=0.0 mom_sig=0.00002307 raw_mom_bps=0.00000000 spread_bps=2.07650000 tension=0.00002307 bid_drop=0.00000000 ask_drop=0.00014994
2026-07-08T17:21:44Z,416,SKIP,SKIPPED,,,,,0,radar_block,reason=momentum_too_small conf=0.3011 mom_sig=0.00000000 raw_mom_bps=0.00000000 spread_bps=2.23740000 tension=0.00000000 bid_drop=0.00000000 ask_drop=0.00000000
2026-07-08T17:21:50Z,417,SKIP,SKIPPED,,,,,0,radar_block,reason=momentum_too_small conf=0.0 mom_sig=0.00000169 raw_mom_bps=0.00000000 spread_bps=2.23740000 tension=0.00000169 bid_drop=0.00001101 ask_drop=0.00000000
2026-07-08T17:21:57Z,418,SKIP,SKIPPED,,,,,0,radar_block,reason=momentum_too_small conf=0.0 mom_sig=0.00000512 raw_mom_bps=2.23792527 spread_bps=2.23740000 tension=0.00000512 bid_drop=0.00000000 ask_drop=0.00003331
2026-07-08T17:22:05Z,419,SKIP,SKIPPED,,,,,0,radar_block,reason=momentum_too_small conf=0.0 mom_sig=0.00001790 raw_mom_bps=0.00000000 spread_bps=2.23740000 tension=0.00001790 bid_drop=0.00011636 ask_drop=0.00000000
2026-07-08T17:22:11Z,420,SKIP,SKIPPED,,,,,0,radar_block,reason=momentum_too_small conf=0.0 mom_sig=0.00001038 raw_mom_bps=0.00000000 spread_bps=0.85310000 tension=0.00001038 bid_drop=0.00006749 ask_drop=0.00006332
2026-07-08T17:22:18Z,421,SKIP,SKIPPED,,,,,0,impulse_resonance_wait,reason=wall_not_collapsed tension=0.82385323 bid_drop=5.35504598 ask_drop=0.00000000
2026-07-08T17:22:26Z,422,SKIP,SKIPPED,,,,,0,radar_block,reason=momentum_too_small conf=0.3313 mom_sig=0.00000000 raw_mom_bps=0.00000000 spread_bps=0.85310000 tension=0.00000000 bid_drop=0.00000000 ask_drop=0.00000000
2026-07-08T17:22:32Z,423,SKIP,SKIPPED,,,,,0,radar_block,reason=momentum_too_small conf=0.0091 mom_sig=0.00612631 raw_mom_bps=0.00000000 spread_bps=1.75450000 tension=0.00612631 bid_drop=0.01829736 ask_drop=0.03982103
2026-07-08T17:22:40Z,424,SKIP,SKIPPED,,,,,0,radar_block,reason=momentum_too_small conf=0.0001 mom_sig=0.00006779 raw_mom_bps=0.00000000 spread_bps=2.23740000 tension=0.00006779 bid_drop=0.00044061 ask_drop=0.00000000
2026-07-08T17:22:47Z,425,SKIP,SKIPPED,,,,,0,radar_block,reason=momentum_too_small conf=0.0 mom_sig=0.00002156 raw_mom_bps=2.23792527 spread_bps=2.23740000 tension=0.00002156 bid_drop=0.00000000 ask_drop=0.00014011
2026-07-08T17:22:54Z,426,SKIP,SKIPPED,,,,,0,radar_block,reason=momentum_too_small conf=0.3011 mom_sig=0.00000000 raw_mom_bps=0.00000000 spread_bps=2.23740000 tension=0.00000000 bid_drop=0.00000000 ask_drop=0.00000000
2026-07-08T17:23:02Z,427,SKIP,SKIPPED,,,,,0,impulse_resonance_wait,reason=wall_not_collapsed tension=0.64278849 bid_drop=0.00000000 ask_drop=4.17812516
2026-07-08T17:23:09Z,428,SKIP,SKIPPED,,,,,0,radar_block,reason=momentum_too_small conf=0.3454 mom_sig=0.00000000 raw_mom_bps=0.00000000 spread_bps=0.20920000 tension=0.00000000 bid_drop=0.00000000 ask_drop=0.00000000
2026-07-08T17:23:17Z,429,SKIP,SKIPPED,,,,,0,impulse_resonance_wait,reason=wall_not_collapsed tension=0.78339443 bid_drop=0.00003745 ask_drop=5.09206382
2026-07-08T17:23:23Z,430,SKIP,SKIPPED,,,,,0,radar_block,reason=momentum_too_small conf=0.0 mom_sig=0.00002152 raw_mom_bps=0.00000000 spread_bps=1.17500000 tension=0.00002152 bid_drop=0.00000000 ask_drop=0.00013988
2026-07-08T17:23:30Z,431,SKIP,SKIPPED,,,,,0,radar_block,reason=momentum_too_small conf=0.0 mom_sig=0.00002362 raw_mom_bps=0.00000000 spread_bps=1.73840000 tension=0.00002362 bid_drop=0.00000000 ask_drop=0.00015354
2026-07-08T17:23:37Z,432,SKIP,SKIPPED,,,,,0,radar_block,reason=momentum_too_small conf=0.0 mom_sig=0.00003081 raw_mom_bps=0.00000000 spread_bps=1.80280000 tension=0.00003081 bid_drop=0.00000000 ask_drop=0.00020028
2026-07-08T17:23:44Z,433,SKIP,SKIPPED,,,,,0,radar_block,reason=momentum_too_small conf=0.0115 mom_sig=0.00822597 raw_mom_bps=0.00000000 spread_bps=2.54320000 tension=0.00822597 bid_drop=0.00000000 ask_drop=0.05346878
2026-07-08T17:23:51Z,434,SKIP,SKIPPED,,,,,0,radar_block,reason=momentum_too_small conf=0.0001 mom_sig=0.00005447 raw_mom_bps=0.00000000 spread_bps=2.54320000 tension=0.00005447 bid_drop=0.00000000 ask_drop=0.00035405
2026-07-08T17:23:58Z,435,SKIP,SKIPPED,,,,,0,radar_block,reason=momentum_too_small conf=0.0013 mom_sig=0.00092753 raw_mom_bps=0.00000000 spread_bps=2.54320000 tension=0.00092753 bid_drop=0.00602897 ask_drop=0.00013360
2026-07-08T17:24:05Z,436,SKIP,SKIPPED,,,,,0,radar_block,reason=momentum_too_small conf=0.0 mom_sig=0.00002569 raw_mom_bps=0.00000000 spread_bps=2.54320000 tension=0.00002569 bid_drop=0.00000000 ask_drop=0.00016701
2026-07-08T17:24:12Z,437,SKIP,SKIPPED,,,,,0,radar_block,reason=momentum_too_small conf=0.0 mom_sig=0.00002980 raw_mom_bps=0.00000000 spread_bps=2.54320000 tension=0.00002980 bid_drop=0.00000000 ask_drop=0.00019373
2026-07-08T17:24:18Z,438,SKIP,SKIPPED,,,,,0,radar_block,reason=momentum_too_small conf=0.0042 mom_sig=0.00297746 raw_mom_bps=0.00000000 spread_bps=2.54320000 tension=0.00297746 bid_drop=0.00000000 ask_drop=0.01935347
2026-07-08T17:24:25Z,439,SKIP,SKIPPED,,,,,0,radar_block,reason=momentum_too_small conf=0.0001 mom_sig=0.00005944 raw_mom_bps=0.00000000 spread_bps=2.54320000 tension=0.00005944 bid_drop=0.00002205 ask_drop=0.00038636
2026-07-08T17:24:32Z,440,SKIP,SKIPPED,,,,,0,radar_block,reason=momentum_too_small conf=0.0 mom_sig=0.00003516 raw_mom_bps=0.00000000 spread_bps=2.54320000 tension=0.00003516 bid_drop=0.00000000 ask_drop=0.00022857
2026-07-08T17:24:39Z,441,SKIP,SKIPPED,,,,,0,radar_block,reason=momentum_too_small conf=0.0 mom_sig=0.00001066 raw_mom_bps=0.00000000 spread_bps=2.54320000 tension=0.00001066 bid_drop=0.00004411 ask_drop=0.00006927
2026-07-08T17:24:46Z,442,SKIP,SKIPPED,,,,,0,radar_block,reason=momentum_too_small conf=0.2944 mom_sig=0.00000000 raw_mom_bps=0.00000000 spread_bps=2.54320000 tension=0.00000000 bid_drop=0.00000000 ask_drop=0.00000000
2026-07-08T17:24:53Z,443,SKIP,SKIPPED,,,,,0,radar_block,reason=momentum_too_small conf=0.0001 mom_sig=0.00005011 raw_mom_bps=0.00000000 spread_bps=2.54320000 tension=0.00005011 bid_drop=0.00022054 ask_drop=0.00032569
2026-07-08T17:25:00Z,444,SKIP,SKIPPED,,,,,0,radar_block,reason=momentum_too_small conf=0.0001 mom_sig=0.00005654 raw_mom_bps=0.00000000 spread_bps=2.54320000 tension=0.00005654 bid_drop=0.00000000 ask_drop=0.00036754
2026-07-08T17:25:07Z,445,SKIP,SKIPPED,,,,,0,radar_block,reason=momentum_too_small conf=0.0001 mom_sig=0.00003627 raw_mom_bps=0.00000000 spread_bps=2.54320000 tension=0.00003627 bid_drop=0.00000000 ask_drop=0.00023578
2026-07-08T17:25:14Z,446,SKIP,SKIPPED,,,,,0,radar_block,reason=momentum_too_small conf=0.0 mom_sig=0.00002242 raw_mom_bps=0.00000000 spread_bps=2.54320000 tension=0.00002242 bid_drop=0.00000000 ask_drop=0.00014574
2026-07-08T17:25:21Z,447,SKIP,SKIPPED,,,,,0,radar_block,reason=momentum_too_small conf=0.0029 mom_sig=0.00205538 raw_mom_bps=0.00000000 spread_bps=2.54320000 tension=0.00205538 bid_drop=0.00000000 ask_drop=0.01335994
2026-07-08T17:25:28Z,448,SKIP,SKIPPED,,,,,0,radar_block,reason=momentum_too_small conf=0.2944 mom_sig=0.00000000 raw_mom_bps=0.00000000 spread_bps=2.54320000 tension=0.00000000 bid_drop=0.00000000 ask_drop=0.00000000
2026-07-08T17:25:35Z,449,SKIP,SKIPPED,,,,,0,impulse_resonance_wait,reason=wall_not_collapsed tension=0.51701714 bid_drop=0.00000000 ask_drop=3.36061142
2026-07-08T17:25:41Z,450,SKIP,SKIPPED,,,,,0,radar_block,reason=momentum_too_small conf=0.0 mom_sig=0.00001629 raw_mom_bps=0.00000000 spread_bps=2.54320000 tension=0.00001629 bid_drop=0.00010586 ask_drop=0.00010082
2026-07-08T17:25:48Z,451,SKIP,SKIPPED,,,,,0,radar_block,reason=momentum_too_small conf=0.0 mom_sig=0.00002327 raw_mom_bps=0.00000000 spread_bps=2.54320000 tension=0.00002327 bid_drop=0.00002205 ask_drop=0.00015123
2026-07-08T17:25:56Z,452,SKIP,SKIPPED,,,,,0,radar_block,reason=momentum_too_small conf=0.0003 mom_sig=0.00023171 raw_mom_bps=0.00000000 spread_bps=2.54320000 tension=0.00023171 bid_drop=0.00000000 ask_drop=0.00150612
2026-07-08T17:26:03Z,453,SKIP,SKIPPED,,,,,0,radar_block,reason=momentum_too_small conf=0.0001 mom_sig=0.00004114 raw_mom_bps=0.00000000 spread_bps=2.54320000 tension=0.00004114 bid_drop=0.00000000 ask_drop=0.00026744
2026-07-08T17:26:10Z,454,SKIP,SKIPPED,,,,,0,radar_block,reason=momentum_too_small conf=0.0 mom_sig=0.00003225 raw_mom_bps=0.00000000 spread_bps=2.54320000 tension=0.00003225 bid_drop=0.00000000 ask_drop=0.00020962
2026-07-08T17:26:18Z,455,SKIP,SKIPPED,,,,,0,radar_block,reason=momentum_too_small conf=0.0001 mom_sig=0.00005227 raw_mom_bps=0.00000000 spread_bps=2.54320000 tension=0.00005227 bid_drop=0.00000000 ask_drop=0.00033973
2026-07-08T17:26:25Z,456,SKIP,SKIPPED,,,,,0,radar_block,reason=momentum_too_small conf=0.0001 mom_sig=0.00005452 raw_mom_bps=0.00000000 spread_bps=2.54320000 tension=0.00005452 bid_drop=0.00004411 ask_drop=0.00035435
2026-07-08T17:26:32Z,457,SKIP,SKIPPED,,,,,0,radar_block,reason=momentum_too_small conf=0.2944 mom_sig=0.00000000 raw_mom_bps=0.00000000 spread_bps=2.54320000 tension=0.00000000 bid_drop=0.00000000 ask_drop=0.00000000
2026-07-08T17:26:38Z,458,SKIP,SKIPPED,,,,,0,radar_block,reason=momentum_too_small conf=0.0 mom_sig=0.00001781 raw_mom_bps=0.00000000 spread_bps=2.54320000 tension=0.00001781 bid_drop=0.00000000 ask_drop=0.00011578
2026-07-08T17:26:45Z,459,SKIP,SKIPPED,,,,,0,radar_block,reason=momentum_too_small conf=0.0001 mom_sig=0.00004456 raw_mom_bps=0.00000000 spread_bps=2.54320000 tension=0.00004456 bid_drop=0.00004414 ask_drop=0.00028966
2026-07-08T17:26:52Z,460,SKIP,SKIPPED,,,,,0,radar_block,reason=momentum_too_small conf=0.0003 mom_sig=0.00022059 raw_mom_bps=0.00000000 spread_bps=2.54320000 tension=0.00022059 bid_drop=0.00000000 ask_drop=0.00143383
2026-07-08T17:26:59Z,461,SKIP,SKIPPED,,,,,0,radar_block,reason=momentum_too_small conf=0.0001 mom_sig=0.00005125 raw_mom_bps=0.00000000 spread_bps=2.54320000 tension=0.00005125 bid_drop=0.00004414 ask_drop=0.00033312
2026-07-08T17:27:06Z,462,SKIP,SKIPPED,,,,,0,radar_block,reason=momentum_too_small conf=0.2944 mom_sig=0.00000000 raw_mom_bps=0.00000000 spread_bps=2.54320000 tension=0.00000000 bid_drop=0.00000000 ask_drop=0.00000000
2026-07-08T17:27:14Z,463,SKIP,SKIPPED,,,,,0,radar_block,reason=direction_unclear conf=0.0532 mom_sig=0.03793592 raw_mom_bps=0.00000000 spread_bps=2.54320000 tension=0.03793592 bid_drop=0.17317175 ask_drop=0.24658349
2026-07-08T17:27:21Z,464,SKIP,SKIPPED,,,,,0,radar_block,reason=momentum_too_small conf=0.2944 mom_sig=0.00000000 raw_mom_bps=0.00000000 spread_bps=2.54320000 tension=0.00000000 bid_drop=0.00000000 ask_drop=0.00000000
2026-07-08T17:27:28Z,465,SKIP,SKIPPED,,,,,0,radar_block,reason=momentum_too_small conf=0.0001 mom_sig=0.00007239 raw_mom_bps=0.00000000 spread_bps=2.54320000 tension=0.00007239 bid_drop=0.00000000 ask_drop=0.00047054
2026-07-08T17:27:44Z,466,SELL,FILLED,62126.90000000,62225.30000000,0.00330000,-15.83854981,-0.32472000,shock_exit_10bps,radar=long conf=0.991 size_note=strong_conf_full+entry_25_75_trap soft=1 pct=-0.15838550 tension=2.55626302 bid_drop=16.61570964 ask_drop=0.00000000
2026-07-08T17:28:05Z,467,SELL,FILLED,62225.20000000,62226.10000000,0.00480000,-0.14463594,-0.00432000,shock_inversion_stop,radar=long conf=0.991 size_note=strong_conf_full+entry_25_75_full soft=1 pct=-0.00144636 tension=5.81169751 bid_drop=37.77603384 ask_drop=0.00000000
2026-07-08T17:28:12Z,468,SKIP,SKIPPED,,,,,0,radar_block,reason=momentum_too_small conf=0.0029 mom_sig=0.00173735 raw_mom_bps=0.00000000 spread_bps=0.14460000 tension=0.00173735 bid_drop=0.00000000 ask_drop=0.01129279
2026-07-08T17:28:19Z,469,SKIP,SKIPPED,,,,,0,radar_block,reason=momentum_too_small conf=0.0001 mom_sig=0.00004809 raw_mom_bps=0.00000000 spread_bps=0.14460000 tension=0.00004809 bid_drop=0.00000000 ask_drop=0.00031258
2026-07-08T17:28:26Z,470,SKIP,SKIPPED,,,,,0,impulse_resonance_wait,reason=wall_not_collapsed tension=0.44167878 bid_drop=2.87091206 ask_drop=0.00000000
2026-07-08T17:28:45Z,471,SELL,FILLED,62228.70000000,62232.30000000,0.00480000,-0.57851120,-0.01728000,shock_inversion_stop,radar=long conf=0.9307 size_note=strong_conf_full+entry_25_75_full soft=1 pct=-0.00578511 tension=4.94021445 bid_drop=0.00000000 ask_drop=32.11139395
2026-07-08T17:28:52Z,472,SKIP,SKIPPED,,,,,0,radar_block,reason=momentum_too_small conf=0.0 mom_sig=0.00003261 raw_mom_bps=0.00000000 spread_bps=1.91200000 tension=0.00003261 bid_drop=0.00000000 ask_drop=0.00021196
2026-07-08T17:28:59Z,473,SKIP,SKIPPED,,,,,0,radar_block,reason=momentum_too_small conf=0.0003 mom_sig=0.00021851 raw_mom_bps=0.00000000 spread_bps=2.61880000 tension=0.00021851 bid_drop=0.00142032 ask_drop=0.00000000
2026-07-08T17:29:08Z,474,SKIP,SKIPPED,,,,,0,llm_gate,reason=ollama_skip status=SKIP
2026-07-08T17:29:16Z,475,SKIP,SKIPPED,,,,,0,radar_block,reason=momentum_too_small conf=0.0 mom_sig=0.00002669 raw_mom_bps=0.00000000 spread_bps=2.84370000 tension=0.00002669 bid_drop=0.00005114 ask_drop=0.00017346
2026-07-08T17:29:25Z,476,SKIP,SKIPPED,,,,,0,radar_block,reason=momentum_too_small conf=0.2878 mom_sig=0.00000000 raw_mom_bps=0.00000000 spread_bps=2.84370000 tension=0.00000000 bid_drop=0.00000000 ask_drop=0.00000000
2026-07-08T17:29:34Z,477,SKIP,SKIPPED,,,,,0,radar_block,reason=momentum_too_small conf=0.0 mom_sig=0.00003157 raw_mom_bps=0.00000000 spread_bps=3.16490000 tension=0.00003157 bid_drop=0.00000000 ask_drop=0.00020521
2026-07-08T17:29:42Z,478,SKIP,SKIPPED,,,,,0,impulse_resonance_wait,reason=wall_not_collapsed tension=0.45245406 bid_drop=2.94095138 ask_drop=0.14073126
2026-07-08T17:29:49Z,479,SKIP,SKIPPED,,,,,0,radar_block,reason=momentum_too_small conf=0.0 mom_sig=0.00001457 raw_mom_bps=0.00000000 spread_bps=1.28520000 tension=0.00001457 bid_drop=0.00000000 ask_drop=0.00009472
2026-07-08T17:29:59Z,480,SKIP,SKIPPED,,,,,0,radar_block,reason=momentum_too_small conf=0.0 mom_sig=0.00002546 raw_mom_bps=0.00000000 spread_bps=1.33340000 tension=0.00002546 bid_drop=0.00000000 ask_drop=0.00016552
2026-07-08T17:30:09Z,481,SKIP,SKIPPED,,,,,0,radar_block,reason=momentum_too_small conf=0.0014 mom_sig=0.00101683 raw_mom_bps=-3.16491793 spread_bps=3.16490000 tension=0.00101683 bid_drop=0.00000000 ask_drop=0.00660942
2026-07-08T17:30:16Z,482,SKIP,SKIPPED,,,,,0,radar_block,reason=momentum_too_small conf=0.0029 mom_sig=0.00214812 raw_mom_bps=0.00000000 spread_bps=3.16490000 tension=0.00214812 bid_drop=0.00000000 ask_drop=0.01396281
2026-07-08T17:30:23Z,483,SKIP,SKIPPED,,,,,0,radar_block,reason=momentum_too_small conf=0.0001 mom_sig=0.00004122 raw_mom_bps=0.00000000 spread_bps=3.16490000 tension=0.00004122 bid_drop=0.00000000 ask_drop=0.00026796
2026-07-08T17:30:30Z,484,SKIP,SKIPPED,,,,,0,radar_block,reason=momentum_too_small conf=0.0005 mom_sig=0.00031409 raw_mom_bps=0.00000000 spread_bps=2.02430000 tension=0.00031409 bid_drop=0.00000000 ask_drop=0.00204156
2026-07-08T17:30:37Z,485,SKIP,SKIPPED,,,,,0,radar_block,reason=direction_unclear conf=0.0379 mom_sig=0.02605436 raw_mom_bps=0.00000000 spread_bps=2.02430000 tension=0.02605436 bid_drop=0.00011698 ask_drop=0.16935333
2026-07-08T17:30:44Z,486,SKIP,SKIPPED,,,,,0,radar_block,reason=momentum_too_small conf=0.3057 mom_sig=0.00000000 raw_mom_bps=0.00000000 spread_bps=2.02430000 tension=0.00000000 bid_drop=0.00000000 ask_drop=0.00000000
2026-07-08T17:30:51Z,487,SKIP,SKIPPED,,,,,0,radar_block,reason=momentum_too_small conf=0.0001 mom_sig=0.00004131 raw_mom_bps=0.00000000 spread_bps=3.18100000 tension=0.00004131 bid_drop=0.00000000 ask_drop=0.00026852
2026-07-08T17:30:59Z,488,SKIP,SKIPPED,,,,,0,radar_block,reason=momentum_too_small conf=0.0 mom_sig=0.00003443 raw_mom_bps=0.00000000 spread_bps=3.18100000 tension=0.00003443 bid_drop=0.00000000 ask_drop=0.00022382
2026-07-08T17:31:08Z,489,SKIP,SKIPPED,,,,,0,llm_gate,reason=ollama_skip status=SKIP
2026-07-08T17:31:15Z,490,SKIP,SKIPPED,,,,,0,radar_block,reason=momentum_too_small conf=0.0 mom_sig=0.00001014 raw_mom_bps=0.00000000 spread_bps=0.35320000 tension=0.00001014 bid_drop=0.00006594 ask_drop=0.00002960
2026-07-08T17:31:22Z,491,SKIP,SKIPPED,,,,,0,radar_block,reason=momentum_too_small conf=0.0041 mom_sig=0.00253001 raw_mom_bps=0.00000000 spread_bps=0.35320000 tension=0.00253001 bid_drop=0.01644505 ask_drop=0.00000378
2026-07-08T17:31:29Z,492,SKIP,SKIPPED,,,,,0,radar_block,reason=momentum_too_small conf=0.0004 mom_sig=0.00026470 raw_mom_bps=0.00000000 spread_bps=0.35320000 tension=0.00026470 bid_drop=0.00172055 ask_drop=0.00010763
2026-07-08T17:31:37Z,493,SKIP,SKIPPED,,,,,0,radar_block,reason=momentum_too_small conf=0.3388 mom_sig=0.00000000 raw_mom_bps=0.00000000 spread_bps=0.51380000 tension=0.00000000 bid_drop=0.00000000 ask_drop=0.00000000
2026-07-08T17:31:44Z,494,SKIP,SKIPPED,,,,,0,llm_gate,reason=ollama_skip status=SKIP
2026-07-08T17:31:51Z,495,SKIP,SKIPPED,,,,,0,tactic_mismatch,mom=short structure=long
2026-07-08T17:31:58Z,496,SKIP,SKIPPED,,,,,0,impulse_resonance_wait,reason=wall_not_collapsed tension=0.76686966 bid_drop=4.98465281 ask_drop=0.00000000
2026-07-08T17:32:06Z,497,SKIP,SKIPPED,,,,,0,radar_block,reason=momentum_too_small conf=0.3086 mom_sig=0.00000000 raw_mom_bps=0.00000000 spread_bps=1.89460000 tension=0.00000000 bid_drop=0.00000000 ask_drop=0.00000000
2026-07-08T17:32:13Z,498,SKIP,SKIPPED,,,,,0,radar_block,reason=momentum_too_small conf=0.3496 mom_sig=0.00000000 raw_mom_bps=0.00000000 spread_bps=0.01610000 tension=0.00000000 bid_drop=0.00000000 ask_drop=0.00000000
2026-07-08T17:32:20Z,499,SKIP,SKIPPED,,,,,0,impulse_resonance_wait,reason=wall_not_collapsed tension=0.69489200 bid_drop=0.00000000 ask_drop=4.51679802
2026-07-08T17:32:27Z,500,SKIP,SKIPPED,,,,,0,radar_block,reason=momentum_too_small conf=0.0 mom_sig=0.00002194 raw_mom_bps=0.01605559 spread_bps=0.61010000 tension=0.00002194 bid_drop=0.00000000 ask_drop=0.00014261
2026-07-08T17:32:34Z,501,SKIP,SKIPPED,,,,,0,radar_block,reason=momentum_too_small conf=0.002 mom_sig=0.00125865 raw_mom_bps=0.00000000 spread_bps=0.65830000 tension=0.00125865 bid_drop=0.00818123 ask_drop=0.00000000
2026-07-08T17:32:41Z,502,SKIP,SKIPPED,,,,,0,radar_block,reason=momentum_too_small conf=0.0 mom_sig=0.00001762 raw_mom_bps=0.00000000 spread_bps=0.06420000 tension=0.00001762 bid_drop=0.00011454 ask_drop=0.00000000
2026-07-08T17:32:48Z,503,SKIP,SKIPPED,,,,,0,radar_block,reason=momentum_too_small conf=0.0 mom_sig=0.00000467 raw_mom_bps=0.00000000 spread_bps=0.06420000 tension=0.00000467 bid_drop=0.00000000 ask_drop=0.00003034
2026-07-08T17:32:56Z,504,SKIP,SKIPPED,,,,,0,radar_block,reason=direction_unclear conf=0.0389 mom_sig=0.02358080 raw_mom_bps=0.00000000 spread_bps=0.17660000 tension=0.02358080 bid_drop=0.00000000 ask_drop=0.15327521
2026-07-08T17:33:03Z,505,SKIP,SKIPPED,,,,,0,radar_block,reason=momentum_too_small conf=0.3363 mom_sig=0.00000000 raw_mom_bps=0.00000000 spread_bps=0.62610000 tension=0.00000000 bid_drop=0.00000000 ask_drop=0.00000000
2026-07-08T17:33:10Z,506,SKIP,SKIPPED,,,,,0,radar_block,reason=momentum_too_small conf=0.3363 mom_sig=0.00000000 raw_mom_bps=0.00000000 spread_bps=0.62610000 tension=0.00000000 bid_drop=0.00000000 ask_drop=0.00000000
2026-07-08T17:33:16Z,507,SKIP,SKIPPED,,,,,0,radar_block,reason=momentum_too_small conf=0.3363 mom_sig=0.00000000 raw_mom_bps=0.00000000 spread_bps=0.62610000 tension=0.00000000 bid_drop=0.00000000 ask_drop=0.00000000
2026-07-08T17:33:23Z,508,SKIP,SKIPPED,,,,,0,radar_block,reason=momentum_too_small conf=0.0 mom_sig=0.00001435 raw_mom_bps=0.00000000 spread_bps=0.64220000 tension=0.00001435 bid_drop=0.00009328 ask_drop=0.00004308
2026-07-08T17:33:30Z,509,SKIP,SKIPPED,,,,,0,radar_block,reason=momentum_too_small conf=0.0001 mom_sig=0.00004042 raw_mom_bps=0.00000000 spread_bps=0.64220000 tension=0.00004042 bid_drop=0.00000000 ask_drop=0.00026271
2026-07-08T17:33:37Z,510,SKIP,SKIPPED,,,,,0,impulse_resonance_wait,reason=wall_not_collapsed tension=0.31297282 bid_drop=0.00041685 ask_drop=2.03432331
2026-07-08T17:33:44Z,511,SKIP,SKIPPED,,,,,0,radar_block,reason=momentum_too_small conf=0.3317 mom_sig=0.00000000 raw_mom_bps=0.00000000 spread_bps=0.83480000 tension=0.00000000 bid_drop=0.00000000 ask_drop=0.00000000
2026-07-08T17:33:51Z,512,SKIP,SKIPPED,,,,,0,radar_block,reason=momentum_too_small conf=0.0033 mom_sig=0.00211785 raw_mom_bps=0.00000000 spread_bps=0.83480000 tension=0.00211785 bid_drop=0.00001042 ask_drop=0.01376600
2026-07-08T17:33:58Z,513,SKIP,SKIPPED,,,,,0,impulse_resonance_wait,reason=wall_not_collapsed tension=0.26914943 bid_drop=0.00014591 ask_drop=1.74947129
2026-07-08T17:34:05Z,514,SKIP,SKIPPED,,,,,0,impulse_resonance_wait,reason=wall_not_collapsed tension=0.56320634 bid_drop=0.00000000 ask_drop=3.66084118
2026-07-08T17:34:12Z,515,SKIP,SKIPPED,,,,,0,radar_block,reason=direction_unclear conf=0.0623 mom_sig=0.04066733 raw_mom_bps=0.00000000 spread_bps=1.30040000 tension=0.04066733 bid_drop=0.00000000 ask_drop=0.26433764
2026-07-08T17:34:19Z,516,SKIP,SKIPPED,,,,,0,radar_block,reason=momentum_too_small conf=0.0001 mom_sig=0.00004336 raw_mom_bps=0.00000000 spread_bps=1.30040000 tension=0.00004336 bid_drop=0.00000000 ask_drop=0.00028181
2026-07-08T17:34:26Z,517,SKIP,SKIPPED,,,,,0,radar_block,reason=momentum_too_small conf=0.0 mom_sig=0.00000703 raw_mom_bps=0.00000000 spread_bps=1.87830000 tension=0.00000703 bid_drop=0.00000000 ask_drop=0.00004567
2026-07-08T17:34:33Z,518,SKIP,SKIPPED,,,,,0,radar_block,reason=momentum_too_small conf=0.3089 mom_sig=0.00000000 raw_mom_bps=0.00000000 spread_bps=1.87830000 tension=0.00000000 bid_drop=0.00000000 ask_drop=0.00000000
2026-07-08T17:34:40Z,519,SKIP,SKIPPED,,,,,0,radar_block,reason=momentum_too_small conf=0.0001 mom_sig=0.00004971 raw_mom_bps=0.00000000 spread_bps=1.87830000 tension=0.00004971 bid_drop=0.00000000 ask_drop=0.00032310
2026-07-08T17:34:47Z,520,SKIP,SKIPPED,,,,,0,radar_block,reason=momentum_too_small conf=0.0002 mom_sig=0.00014357 raw_mom_bps=0.00000000 spread_bps=0.57790000 tension=0.00014357 bid_drop=0.00041891 ask_drop=0.00093322
2026-07-08T17:34:54Z,521,SKIP,SKIPPED,,,,,0,impulse_resonance_wait,reason=wall_not_collapsed tension=0.83462525 bid_drop=0.00000000 ask_drop=5.42506410
2026-07-08T17:35:01Z,522,SKIP,SKIPPED,,,,,0,radar_block,reason=momentum_too_small conf=0.0001 mom_sig=0.00006452 raw_mom_bps=0.00000000 spread_bps=0.65830000 tension=0.00006452 bid_drop=0.00041935 ask_drop=0.00000000
2026-07-08T17:35:10Z,523,SKIP,SKIPPED,,,,,0,radar_block,reason=momentum_too_small conf=0.0006 mom_sig=0.00038548 raw_mom_bps=0.00000000 spread_bps=1.87830000 tension=0.00038548 bid_drop=0.00250563 ask_drop=0.00000000
2026-07-08T17:35:18Z,524,SKIP,SKIPPED,,,,,0,radar_block,reason=momentum_too_small conf=0.3089 mom_sig=0.00000000 raw_mom_bps=0.00000000 spread_bps=1.87830000 tension=0.00000000 bid_drop=0.00000000 ask_drop=0.00000000
2026-07-08T17:35:25Z,525,SKIP,SKIPPED,,,,,0,radar_block,reason=momentum_too_small conf=0.0001 mom_sig=0.00009633 raw_mom_bps=0.00000000 spread_bps=1.87830000 tension=0.00009633 bid_drop=0.00000000 ask_drop=0.00062617
2026-07-08T17:35:32Z,526,SKIP,SKIPPED,,,,,0,radar_block,reason=momentum_too_small conf=0.0 mom_sig=0.00001501 raw_mom_bps=-0.57792704 spread_bps=0.72250000 tension=0.00001501 bid_drop=0.00000000 ask_drop=0.00009754
2026-07-08T17:35:41Z,527,SKIP,SKIPPED,,,,,0,radar_block,reason=momentum_too_small conf=0.0 mom_sig=0.00001372 raw_mom_bps=0.00000000 spread_bps=1.28440000 tension=0.00001372 bid_drop=0.00001052 ask_drop=0.00008918
2026-07-08T17:35:48Z,528,SKIP,SKIPPED,,,,,0,radar_block,reason=momentum_too_small conf=0.0001 mom_sig=0.00004573 raw_mom_bps=0.00000000 spread_bps=1.28440000 tension=0.00004573 bid_drop=0.00000000 ask_drop=0.00029727
2026-07-08T17:35:55Z,529,SKIP,SKIPPED,,,,,0,radar_block,reason=momentum_too_small conf=0.3216 mom_sig=0.00000000 raw_mom_bps=0.00000000 spread_bps=1.30040000 tension=0.00000000 bid_drop=0.00000000 ask_drop=0.00000000
2026-07-08T17:36:02Z,530,SKIP,SKIPPED,,,,,0,radar_block,reason=momentum_too_small conf=0.0006 mom_sig=0.00038981 raw_mom_bps=-1.30041099 spread_bps=1.87830000 tension=0.00038981 bid_drop=0.00253378 ask_drop=0.00000000
2026-07-08T17:36:10Z,531,SKIP,SKIPPED,,,,,0,radar_block,reason=momentum_too_small conf=0.0003 mom_sig=0.00018748 raw_mom_bps=0.00000000 spread_bps=1.87830000 tension=0.00018748 bid_drop=0.00000000 ask_drop=0.00121862
2026-07-08T17:36:17Z,532,SKIP,SKIPPED,,,,,0,radar_block,reason=momentum_too_small conf=0.3089 mom_sig=0.00000000 raw_mom_bps=0.00000000 spread_bps=1.87830000 tension=0.00000000 bid_drop=0.00000000 ask_drop=0.00000000
2026-07-08T17:36:25Z,533,SKIP,SKIPPED,,,,,0,radar_block,reason=momentum_too_small conf=0.0002 mom_sig=0.00011000 raw_mom_bps=0.00000000 spread_bps=1.87830000 tension=0.00011000 bid_drop=0.00071497 ask_drop=0.00000000
2026-07-08T17:36:31Z,534,SKIP,SKIPPED,,,,,0,radar_block,reason=momentum_too_small conf=0.3089 mom_sig=0.00000000 raw_mom_bps=1.87861573 spread_bps=1.87830000 tension=0.00000000 bid_drop=0.00000000 ask_drop=0.00000000
2026-07-08T17:36:39Z,535,SKIP,SKIPPED,,,,,0,impulse_resonance_wait,reason=wall_not_collapsed tension=0.23537146 bid_drop=0.00011566 ask_drop=1.52991446
2026-07-08T17:36:46Z,536,SKIP,SKIPPED,,,,,0,radar_block,reason=momentum_too_small conf=0.3089 mom_sig=0.00000000 raw_mom_bps=0.00000000 spread_bps=1.87830000 tension=0.00000000 bid_drop=0.00000000 ask_drop=0.00000000
2026-07-08T17:36:53Z,537,SKIP,SKIPPED,,,,,0,radar_block,reason=momentum_too_small conf=0.0006 mom_sig=0.00042064 raw_mom_bps=0.00000000 spread_bps=1.87830000 tension=0.00042064 bid_drop=0.00000000 ask_drop=0.00273416
2026-07-08T17:37:00Z,538,SKIP,SKIPPED,,,,,0,radar_block,reason=momentum_too_small conf=0.3089 mom_sig=0.00000000 raw_mom_bps=0.00000000 spread_bps=1.87830000 tension=0.00000000 bid_drop=0.00000000 ask_drop=0.00000000
2026-07-08T17:37:06Z,539,SKIP,SKIPPED,,,,,0,radar_block,reason=momentum_too_small conf=0.3451 mom_sig=0.00000000 raw_mom_bps=0.00000000 spread_bps=0.22470000 tension=0.00000000 bid_drop=0.00000000 ask_drop=0.00000000
2026-07-08T17:37:14Z,540,SKIP,SKIPPED,,,,,0,radar_block,reason=direction_unclear conf=0.0933 mom_sig=0.05676825 raw_mom_bps=0.00000000 spread_bps=0.22470000 tension=0.05676825 bid_drop=0.00000000 ask_drop=0.36899363
2026-07-08T17:37:20Z,541,SKIP,SKIPPED,,,,,0,radar_block,reason=momentum_too_small conf=0.0001 mom_sig=0.00007572 raw_mom_bps=0.00000000 spread_bps=1.87830000 tension=0.00007572 bid_drop=0.00000000 ask_drop=0.00049215
2026-07-08T17:37:28Z,542,SKIP,SKIPPED,,,,,0,radar_block,reason=direction_unclear conf=0.0879 mom_sig=0.05978455 raw_mom_bps=-1.87826288 spread_bps=1.87830000 tension=0.05978455 bid_drop=0.00136689 ask_drop=0.38859957
2026-07-08T17:37:35Z,543,SKIP,SKIPPED,,,,,0,radar_block,reason=momentum_too_small conf=0.3089 mom_sig=0.00000000 raw_mom_bps=0.00000000 spread_bps=1.87830000 tension=0.00000000 bid_drop=0.00000000 ask_drop=0.00000000
2026-07-08T17:37:42Z,544,SKIP,SKIPPED,,,,,0,radar_block,reason=momentum_too_small conf=0.0039 mom_sig=0.00301365 raw_mom_bps=6.64740952 spread_bps=3.41780000 tension=0.00301365 bid_drop=0.01958873 ask_drop=0.00011574
2026-07-08T17:37:50Z,545,SKIP,SKIPPED,,,,,0,llm_gate,reason=ollama_skip status=SKIP
2026-07-08T17:37:58Z,546,SKIP,SKIPPED,,,,,0,radar_block,reason=momentum_too_small conf=0.0001 mom_sig=0.00005138 raw_mom_bps=0.96257971 spread_bps=0.01600000 tension=0.00005138 bid_drop=0.00000000 ask_drop=0.00033400
2026-07-08T17:38:15Z,547,SELL,FILLED,62350.30000000,62352.30000000,0.00950000,-0.32076830,-0.01900000,shock_inversion_stop,radar=long conf=0.99 size_note=strong_conf_full+entry_25_75_full soft=0 pct=-0.00320768 tension=2.24735806 bid_drop=14.60782742 ask_drop=0.00000000
2026-07-08T17:38:23Z,548,SKIP,SKIPPED,,,,,0,radar_block,reason=momentum_too_small conf=0.3465 mom_sig=0.00000000 raw_mom_bps=0.00000000 spread_bps=0.16040000 tension=0.00000000 bid_drop=0.00000000 ask_drop=0.00000000
2026-07-08T17:38:30Z,549,SKIP,SKIPPED,,,,,0,radar_block,reason=momentum_too_small conf=0.3465 mom_sig=0.00000000 raw_mom_bps=0.00000000 spread_bps=0.16040000 tension=0.00000000 bid_drop=0.00000000 ask_drop=0.00000000
2026-07-08T17:38:37Z,550,SKIP,SKIPPED,,,,,0,radar_block,reason=momentum_too_small conf=0.0002 mom_sig=0.00012337 raw_mom_bps=-0.16037644 spread_bps=0.16040000 tension=0.00012337 bid_drop=0.00080189 ask_drop=0.00000000
2026-07-08T17:38:45Z,551,SKIP,SKIPPED,,,,,0,radar_block,reason=direction_unclear conf=0.0255 mom_sig=0.01544041 raw_mom_bps=0.00000000 spread_bps=0.16040000 tension=0.01544041 bid_drop=0.10036266 ask_drop=0.00009452
2026-07-08T17:38:51Z,552,SKIP,SKIPPED,,,,,0,impulse_resonance_wait,reason=wall_not_collapsed tension=0.36435253 bid_drop=0.00028354 ask_drop=2.36829143
2026-07-08T17:38:58Z,553,SKIP,SKIPPED,,,,,0,radar_block,reason=momentum_too_small conf=0.3465 mom_sig=0.00000000 raw_mom_bps=0.00000000 spread_bps=0.16040000 tension=0.00000000 bid_drop=0.00000000 ask_drop=0.00000000
2026-07-08T17:39:05Z,554,SKIP,SKIPPED,,,,,0,radar_block,reason=momentum_too_small conf=0.3465 mom_sig=0.00000000 raw_mom_bps=0.00000000 spread_bps=0.16040000 tension=0.00000000 bid_drop=0.00000000 ask_drop=0.00000000
2026-07-08T17:39:12Z,555,SKIP,SKIPPED,,,,,0,radar_block,reason=momentum_too_small conf=0.0002 mom_sig=0.00011623 raw_mom_bps=0.00000000 spread_bps=0.20850000 tension=0.00011623 bid_drop=0.00075551 ask_drop=0.00000000
2026-07-08T17:39:20Z,556,SKIP,SKIPPED,,,,,0,radar_block,reason=momentum_too_small conf=0.3454 mom_sig=0.00000000 raw_mom_bps=0.00000000 spread_bps=0.20850000 tension=0.00000000 bid_drop=0.00000000 ask_drop=0.00000000
2026-07-08T17:39:27Z,557,SKIP,SKIPPED,,,,,0,impulse_resonance_wait,reason=wall_not_collapsed tension=0.53306086 bid_drop=3.46489558 ask_drop=0.00000000
2026-07-08T17:39:34Z,558,SKIP,SKIPPED,,,,,0,radar_block,reason=momentum_too_small conf=0.3454 mom_sig=0.00000000 raw_mom_bps=0.00000000 spread_bps=0.20850000 tension=0.00000000 bid_drop=0.00000000 ask_drop=0.00000000
2026-07-08T17:39:41Z,559,SKIP,SKIPPED,,,,,0,radar_block,reason=momentum_too_small conf=0.0001 mom_sig=0.00006745 raw_mom_bps=0.00000000 spread_bps=0.20850000 tension=0.00006745 bid_drop=0.00043840 ask_drop=0.00000000
2026-07-08T17:39:48Z,560,SKIP,SKIPPED,,,,,0,radar_block,reason=momentum_too_small conf=0.3454 mom_sig=0.00000000 raw_mom_bps=0.00000000 spread_bps=0.20850000 tension=0.00000000 bid_drop=0.00000000 ask_drop=0.00000000
2026-07-08T17:39:55Z,561,SKIP,SKIPPED,,,,,0,radar_block,reason=momentum_too_small conf=0.0001 mom_sig=0.00006310 raw_mom_bps=0.00000000 spread_bps=0.22450000 tension=0.00006310 bid_drop=0.00000000 ask_drop=0.00041016
2026-07-08T17:40:02Z,562,SKIP,SKIPPED,,,,,0,radar_block,reason=momentum_too_small conf=0.3451 mom_sig=0.00000000 raw_mom_bps=-0.22452665 spread_bps=0.22450000 tension=0.00000000 bid_drop=0.00000000 ask_drop=0.00000000
2026-07-08T17:40:09Z,563,SKIP,SKIPPED,,,,,0,radar_block,reason=momentum_too_small conf=0.0 mom_sig=0.00001221 raw_mom_bps=0.00000000 spread_bps=0.22450000 tension=0.00001221 bid_drop=0.00007939 ask_drop=0.00000000
2026-07-08T17:40:16Z,564,SKIP,SKIPPED,,,,,0,impulse_resonance_wait,reason=wall_not_collapsed tension=0.38778202 bid_drop=2.52058311 ask_drop=0.03340619
2026-07-08T17:40:22Z,565,SKIP,SKIPPED,,,,,0,radar_block,reason=momentum_too_small conf=0.0002 mom_sig=0.00009496 raw_mom_bps=0.00000000 spread_bps=0.22450000 tension=0.00009496 bid_drop=0.00061724 ask_drop=0.00000000
2026-07-08T17:40:29Z,566,SKIP,SKIPPED,,,,,0,radar_block,reason=momentum_too_small conf=0.014 mom_sig=0.00851750 raw_mom_bps=0.00000000 spread_bps=0.22450000 tension=0.00851750 bid_drop=0.00072479 ask_drop=0.05536377
2026-07-08T17:40:36Z,567,SKIP,SKIPPED,,,,,0,radar_block,reason=momentum_too_small conf=0.3451 mom_sig=0.00000000 raw_mom_bps=0.00000000 spread_bps=0.22450000 tension=0.00000000 bid_drop=0.00000000 ask_drop=0.00000000
2026-07-08T17:40:44Z,568,SKIP,SKIPPED,,,,,0,impulse_resonance_wait,reason=wall_not_collapsed tension=0.35739883 bid_drop=2.32309238 ask_drop=0.00000000
2026-07-08T17:40:51Z,569,SKIP,SKIPPED,,,,,0,radar_block,reason=momentum_too_small conf=0.0001 mom_sig=0.00004209 raw_mom_bps=0.00000000 spread_bps=0.78590000 tension=0.00004209 bid_drop=0.00027360 ask_drop=0.00000000
2026-07-08T17:40:58Z,570,SKIP,SKIPPED,,,,,0,impulse_resonance_wait,reason=wall_not_collapsed tension=0.53817222 bid_drop=0.00000000 ask_drop=3.49811941
2026-07-08T17:41:05Z,571,SKIP,SKIPPED,,,,,0,llm_gate,reason=ollama_skip status=SKIP
2026-07-08T17:41:12Z,572,SKIP,SKIPPED,,,,,0,radar_block,reason=momentum_too_small conf=0.0001 mom_sig=0.00005154 raw_mom_bps=0.00000000 spread_bps=0.01600000 tension=0.00005154 bid_drop=0.00033499 ask_drop=0.00000000
2026-07-08T17:41:19Z,573,SKIP,SKIPPED,,,,,0,radar_block,reason=momentum_too_small conf=0.3125 mom_sig=0.00000000 raw_mom_bps=0.00000000 spread_bps=1.71600000 tension=0.00000000 bid_drop=0.00000000 ask_drop=0.00000000
2026-07-08T17:41:26Z,574,SKIP,SKIPPED,,,,,0,radar_block,reason=momentum_too_small conf=0.0 mom_sig=0.00002494 raw_mom_bps=0.00000000 spread_bps=0.22450000 tension=0.00002494 bid_drop=0.00016208 ask_drop=0.00000000
2026-07-08T17:41:33Z,575,SKIP,SKIPPED,,,,,0,radar_block,reason=momentum_too_small conf=0.3451 mom_sig=0.00000000 raw_mom_bps=0.00000000 spread_bps=0.22450000 tension=0.00000000 bid_drop=0.00000000 ask_drop=0.00000000
2026-07-08T17:41:41Z,576,SKIP,SKIPPED,,,,,0,radar_block,reason=momentum_too_small conf=0.2342 mom_sig=0.00000000 raw_mom_bps=0.00000000 spread_bps=5.29240000 tension=0.00000000 bid_drop=0.00000000 ask_drop=0.00000000
2026-07-08T17:41:48Z,577,SKIP,SKIPPED,,,,,0,radar_block,reason=momentum_too_small conf=0.222 mom_sig=0.00000000 raw_mom_bps=0.00000000 spread_bps=5.85370000 tension=0.00000000 bid_drop=0.00000000 ask_drop=0.00000000
2026-07-08T17:42:06Z,578,SELL,FILLED,62316.90000000,62342.70000000,0.00950000,-4.14012892,-0.24510000,shock_inversion_stop,radar=short conf=0.6051 size_note=strong_conf_full+entry_25_75_full soft=0 pct=-0.04140129 tension=1.74126784 bid_drop=11.31824099 ask_drop=0.00000000
2026-07-08T17:42:13Z,579,SKIP,SKIPPED,,,,,0,radar_block,reason=momentum_too_small conf=0.0 mom_sig=0.00001898 raw_mom_bps=0.00000000 spread_bps=5.74280000 tension=0.00001898 bid_drop=0.00012340 ask_drop=0.00000000
2026-07-08T17:42:20Z,580,SKIP,SKIPPED,,,,,0,radar_block,reason=direction_unclear conf=0.0427 mom_sig=0.04875403 raw_mom_bps=0.00000000 spread_bps=7.58610000 tension=0.04875403 bid_drop=0.31690118 ask_drop=0.00000000
2026-07-08T17:42:27Z,581,SKIP,SKIPPED,,,,,0,radar_block,reason=momentum_too_small conf=0.0 mom_sig=0.00001820 raw_mom_bps=0.00000000 spread_bps=7.58610000 tension=0.00001820 bid_drop=0.00011827 ask_drop=0.00000000
2026-07-08T17:42:34Z,582,SKIP,SKIPPED,,,,,0,radar_block,reason=momentum_too_small conf=0.0029 mom_sig=0.00342627 raw_mom_bps=0.00000000 spread_bps=7.98670000 tension=0.00342627 bid_drop=0.02227074 ask_drop=0.00000000
2026-07-08T17:42:42Z,583,SKIP,SKIPPED,,,,,0,impulse_resonance_wait,reason=wall_not_collapsed tension=0.53916095 bid_drop=0.00022777 ask_drop=3.50454616
2026-07-08T17:42:49Z,584,SKIP,SKIPPED,,,,,0,impulse_resonance_wait,reason=wall_not_collapsed tension=0.97989109 bid_drop=0.00008741 ask_drop=6.36929211
2026-07-08T17:42:56Z,585,SKIP,SKIPPED,,,,,0,stase_ecoute,reason=spread_or_volat_not_cold spread_bps=5.83890000 volat=0.00000000
2026-07-08T17:43:02Z,586,SKIP,SKIPPED,,,,,0,radar_block,reason=momentum_too_small conf=0.3496 mom_sig=0.00000000 raw_mom_bps=0.00000000 spread_bps=0.01610000 tension=0.00000000 bid_drop=0.00000000 ask_drop=0.00000000
2026-07-08T17:43:11Z,587,SKIP,SKIPPED,,,,,0,llm_gate,reason=ollama_skip status=SKIP
2026-07-08T17:43:19Z,588,SKIP,SKIPPED,,,,,0,llm_gate,reason=ollama_skip status=SKIP
2026-07-08T17:43:27Z,589,SKIP,SKIPPED,,,,,0,radar_block,reason=momentum_too_small conf=0.0003 mom_sig=0.00020319 raw_mom_bps=0.00000000 spread_bps=0.01610000 tension=0.00020319 bid_drop=0.00040664 ask_drop=0.00132076
2026-07-08T17:43:36Z,590,SKIP,SKIPPED,,,,,0,llm_gate,reason=ollama_skip status=SKIP
2026-07-08T17:43:43Z,591,SKIP,SKIPPED,,,,,0,radar_block,reason=momentum_too_small conf=0.0014 mom_sig=0.00082559 raw_mom_bps=0.00000000 spread_bps=0.04820000 tension=0.00082559 bid_drop=0.00000000 ask_drop=0.00536636
2026-07-08T17:43:50Z,592,SKIP,SKIPPED,,,,,0,radar_block,reason=momentum_too_small conf=0.3303 mom_sig=0.00000000 raw_mom_bps=0.00000000 spread_bps=0.89960000 tension=0.00000000 bid_drop=0.00000000 ask_drop=0.00000000
2026-07-08T17:43:57Z,593,SKIP,SKIPPED,,,,,0,radar_block,reason=momentum_too_small conf=0.3496 mom_sig=0.00000000 raw_mom_bps=0.00000000 spread_bps=0.01610000 tension=0.00000000 bid_drop=0.00000000 ask_drop=0.00000000
2026-07-08T17:44:05Z,594,SKIP,SKIPPED,,,,,0,impulse_resonance_wait,reason=wall_not_collapsed tension=0.57036115 bid_drop=3.70734746 ask_drop=0.00000000
2026-07-08T17:44:12Z,595,SKIP,SKIPPED,,,,,0,radar_block,reason=momentum_too_small conf=0.3496 mom_sig=0.00000000 raw_mom_bps=0.00000000 spread_bps=0.01610000 tension=0.00000000 bid_drop=0.00000000 ask_drop=0.00000000
2026-07-08T17:44:19Z,596,SKIP,SKIPPED,,,,,0,radar_block,reason=momentum_too_small conf=0.3405 mom_sig=0.00000000 raw_mom_bps=0.00000000 spread_bps=0.43370000 tension=0.00000000 bid_drop=0.00000000 ask_drop=0.00000000
2026-07-08T17:44:27Z,597,SKIP,SKIPPED,,,,,0,radar_block,reason=momentum_too_small conf=0.3405 mom_sig=0.00000000 raw_mom_bps=0.00000000 spread_bps=0.43370000 tension=0.00000000 bid_drop=0.00000000 ask_drop=0.00000000
2026-07-08T17:44:34Z,598,SKIP,SKIPPED,,,,,0,radar_block,reason=momentum_too_small conf=0.0093 mom_sig=0.00574894 raw_mom_bps=0.00000000 spread_bps=0.41770000 tension=0.00574894 bid_drop=0.03736810 ask_drop=0.00000000
2026-07-08T17:44:41Z,599,SKIP,SKIPPED,,,,,0,radar_block,reason=momentum_too_small conf=0.3409 mom_sig=0.00000000 raw_mom_bps=0.00000000 spread_bps=0.41770000 tension=0.00000000 bid_drop=0.00000000 ask_drop=0.00000000
2026-07-08T17:44:48Z,600,SKIP,SKIPPED,,,,,0,radar_block,reason=momentum_too_small conf=0.0002 mom_sig=0.00011643 raw_mom_bps=0.00000000 spread_bps=0.41770000 tension=0.00011643 bid_drop=0.00075678 ask_drop=0.00000000
2026-07-08T17:44:56Z,601,SKIP,SKIPPED,,,,,0,radar_block,reason=momentum_too_small conf=0.3409 mom_sig=0.00000000 raw_mom_bps=0.00000000 spread_bps=0.41770000 tension=0.00000000 bid_drop=0.00000000 ask_drop=0.00000000
2026-07-08T17:45:03Z,602,SKIP,SKIPPED,,,,,0,radar_block,reason=momentum_too_small conf=0.3191 mom_sig=0.00000000 raw_mom_bps=0.00000000 spread_bps=1.41370000 tension=0.00000000 bid_drop=0.00000000 ask_drop=0.00000000
2026-07-08T17:45:12Z,603,SKIP,SKIPPED,,,,,0,llm_gate,reason=ollama_skip status=SKIP
2026-07-08T17:45:20Z,604,SKIP,SKIPPED,,,,,0,radar_block,reason=momentum_too_small conf=0.0001 mom_sig=0.00003972 raw_mom_bps=0.00000000 spread_bps=1.42970000 tension=0.00003972 bid_drop=0.00000000 ask_drop=0.00025820
2026-07-08T17:45:28Z,605,SKIP,SKIPPED,,,,,0,radar_block,reason=momentum_too_small conf=0.0 mom_sig=0.00002297 raw_mom_bps=-0.77114752 spread_bps=1.42970000 tension=0.00002297 bid_drop=0.00014928 ask_drop=0.00000000
2026-07-08T17:45:35Z,606,SKIP,SKIPPED,,,,,0,impulse_resonance_wait,reason=wall_not_collapsed tension=0.50540432 bid_drop=3.28512807 ask_drop=0.00000000
2026-07-08T17:45:42Z,607,SKIP,SKIPPED,,,,,0,radar_block,reason=momentum_too_small conf=0.0001 mom_sig=0.00003755 raw_mom_bps=-0.43383669 spread_bps=0.43380000 tension=0.00003755 bid_drop=0.00024410 ask_drop=0.00000000
2026-07-08T17:45:52Z,608,SKIP,SKIPPED,,,,,0,llm_gate,reason=ollama_skip status=SKIP
2026-07-08T17:46:12Z,609,SELL,FILLED,62232.40000000,62231.90000000,0.00950000,0.08034400,0.00475000,fluid_exit_brake,radar=short conf=0.9689 size_note=strong_conf_full+entry_25_75_full soft=0 pct=0.00080344 tension=1.06461792 bid_drop=0.00000000 ask_drop=6.92001646
2026-07-08T17:46:20Z,610,SKIP,SKIPPED,,,,,0,radar_block,reason=momentum_too_small conf=0.2815 mom_sig=0.00000000 raw_mom_bps=0.00000000 spread_bps=3.13260000 tension=0.00000000 bid_drop=0.00000000 ask_drop=0.00000000
2026-07-08T17:46:28Z,611,SKIP,SKIPPED,,,,,0,radar_block,reason=momentum_too_small conf=0.0003 mom_sig=0.00021470 raw_mom_bps=0.00000000 spread_bps=3.37350000 tension=0.00021470 bid_drop=0.00000000 ask_drop=0.00139552
2026-07-08T17:46:36Z,612,SKIP,SKIPPED,,,,,0,radar_block,reason=momentum_too_small conf=0.0 mom_sig=0.00002163 raw_mom_bps=0.00000000 spread_bps=0.56240000 tension=0.00002163 bid_drop=0.00000000 ask_drop=0.00014062
2026-07-08T17:46:43Z,613,SKIP,SKIPPED,,,,,0,radar_block,reason=momentum_too_small conf=0.0001 mom_sig=0.00003614 raw_mom_bps=0.00000000 spread_bps=0.56240000 tension=0.00003614 bid_drop=0.00023494 ask_drop=0.00000000
2026-07-08T17:46:51Z,614,SKIP,SKIPPED,,,,,0,radar_block,reason=direction_unclear conf=0.0673 mom_sig=0.04104925 raw_mom_bps=0.00000000 spread_bps=0.25700000 tension=0.04104925 bid_drop=0.26682012 ask_drop=0.00000000
2026-07-08T17:46:59Z,615,SKIP,SKIPPED,,,,,0,radar_block,reason=momentum_too_small conf=0.3117 mom_sig=0.00000000 raw_mom_bps=0.00000000 spread_bps=1.75100000 tension=0.00000000 bid_drop=0.00000000 ask_drop=0.00000000
2026-07-08T17:47:06Z,616,SKIP,SKIPPED,,,,,0,radar_block,reason=momentum_too_small conf=0.3064 mom_sig=0.00000000 raw_mom_bps=0.00000000 spread_bps=1.99200000 tension=0.00000000 bid_drop=0.00000000 ask_drop=0.00000000
2026-07-08T17:47:13Z,617,SKIP,SKIPPED,,,,,0,radar_block,reason=momentum_too_small conf=0.0001 mom_sig=0.00008293 raw_mom_bps=0.00000000 spread_bps=2.65060000 tension=0.00008293 bid_drop=0.00000000 ask_drop=0.00053904
2026-07-08T17:47:21Z,618,SKIP,SKIPPED,,,,,0,impulse_resonance_wait,reason=wall_not_collapsed tension=0.60723390 bid_drop=0.00000000 ask_drop=3.94702038
2026-07-08T17:47:28Z,619,SKIP,SKIPPED,,,,,0,radar_block,reason=momentum_too_small conf=0.3465 mom_sig=0.00000000 raw_mom_bps=0.00000000 spread_bps=0.16070000 tension=0.00000000 bid_drop=0.00000000 ask_drop=0.00000000
2026-07-08T17:47:36Z,620,SKIP,SKIPPED,,,,,0,impulse_resonance_wait,reason=wall_not_collapsed tension=0.46811486 bid_drop=3.04274658 ask_drop=0.00000000
2026-07-08T17:47:43Z,621,SKIP,SKIPPED,,,,,0,radar_block,reason=momentum_too_small conf=0.3458 mom_sig=0.00000000 raw_mom_bps=0.00000000 spread_bps=0.19280000 tension=0.00000000 bid_drop=0.00000000 ask_drop=0.00000000
2026-07-08T17:47:51Z,622,SKIP,SKIPPED,,,,,0,radar_block,reason=momentum_too_small conf=0.0 mom_sig=0.00000899 raw_mom_bps=0.00000000 spread_bps=0.01610000 tension=0.00000899 bid_drop=0.00005844 ask_drop=0.00000000
2026-07-08T17:48:00Z,623,SKIP,SKIPPED,,,,,0,radar_block,reason=momentum_too_small conf=0.3493 mom_sig=0.00000000 raw_mom_bps=0.00000000 spread_bps=0.03210000 tension=0.00000000 bid_drop=0.00000000 ask_drop=0.00000000
2026-07-08T17:48:07Z,624,SKIP,SKIPPED,,,,,0,radar_block,reason=momentum_too_small conf=0.0035 mom_sig=0.00207933 raw_mom_bps=0.00000000 spread_bps=0.03210000 tension=0.00207933 bid_drop=0.01351562 ask_drop=0.00000000
2026-07-08T17:48:16Z,625,SKIP,SKIPPED,,,,,0,radar_block,reason=direction_unclear conf=0.3153 mom_sig=0.18977238 raw_mom_bps=0.00000000 spread_bps=0.04820000 tension=0.18977238 bid_drop=1.23352045 ask_drop=0.01162706
2026-07-08T17:48:30Z,626,SKIP,SKIPPED,,,,,0,radar_block,reason=direction_unclear conf=0.026 mom_sig=0.01566357 raw_mom_bps=0.00000000 spread_bps=0.04820000 tension=0.01566357 bid_drop=0.00027308 ask_drop=0.10181318
2026-07-08T17:48:43Z,627,SKIP,SKIPPED,,,,,0,radar_block,reason=direction_unclear conf=0.0229 mom_sig=0.01380380 raw_mom_bps=0.00000000 spread_bps=0.08030000 tension=0.01380380 bid_drop=0.00048578 ask_drop=0.08972470
2026-07-08T17:48:52Z,628,SKIP,SKIPPED,,,,,0,radar_block,reason=momentum_too_small conf=0.0 mom_sig=0.00000924 raw_mom_bps=0.00000000 spread_bps=2.49020000 tension=0.00000924 bid_drop=0.00006008 ask_drop=0.00000000
2026-07-08T17:49:00Z,629,SKIP,SKIPPED,,,,,0,radar_block,reason=momentum_too_small conf=0.0001 mom_sig=0.00005462 raw_mom_bps=0.00000000 spread_bps=2.49020000 tension=0.00005462 bid_drop=0.00035502 ask_drop=0.00031667
2026-07-08T17:49:07Z,630,SKIP,SKIPPED,,,,,0,impulse_resonance_wait,reason=wall_not_collapsed tension=0.75646798 bid_drop=4.91704186 ask_drop=0.00056548
2026-07-08T17:49:15Z,631,SKIP,SKIPPED,,,,,0,radar_block,reason=momentum_too_small conf=0.0001 mom_sig=0.00004227 raw_mom_bps=0.00000000 spread_bps=2.97220000 tension=0.00004227 bid_drop=0.00027476 ask_drop=0.00000000
2026-07-08T17:49:23Z,632,SKIP,SKIPPED,,,,,0,llm_gate,reason=ollama_skip status=SKIP
2026-07-08T17:49:32Z,633,SKIP,SKIPPED,,,,,0,llm_gate,reason=ollama_skip status=SKIP
2026-07-08T17:49:40Z,634,SKIP,SKIPPED,,,,,0,llm_gate,reason=ollama_skip status=SKIP
2026-07-08T17:49:48Z,635,SKIP,SKIPPED,,,,,0,radar_block,reason=direction_unclear conf=0.1254 mom_sig=0.07541072 raw_mom_bps=0.00000000 spread_bps=0.03210000 tension=0.07541072 bid_drop=0.00039357 ask_drop=0.49016965
2026-07-08T17:49:56Z,636,SKIP,SKIPPED,,,,,0,radar_block,reason=momentum_too_small conf=0.3345 mom_sig=0.00000000 raw_mom_bps=0.00000000 spread_bps=0.70710000 tension=0.00000000 bid_drop=0.00000000 ask_drop=0.00000000
2026-07-08T17:50:03Z,637,SKIP,SKIPPED,,,,,0,radar_block,reason=momentum_too_small conf=0.0 mom_sig=0.00000366 raw_mom_bps=0.00000000 spread_bps=0.80350000 tension=0.00000366 bid_drop=0.00002378 ask_drop=0.00000000
2026-07-08T17:50:11Z,638,SKIP,SKIPPED,,,,,0,llm_gate,reason=ollama_skip status=SKIP
2026-07-08T17:50:18Z,639,SKIP,SKIPPED,,,,,0,radar_block,reason=momentum_too_small conf=0.3479 mom_sig=0.00000000 raw_mom_bps=0.00000000 spread_bps=0.09640000 tension=0.00000000 bid_drop=0.00000000 ask_drop=0.00000000
2026-07-08T17:50:26Z,640,SKIP,SKIPPED,,,,,0,radar_block,reason=momentum_too_small conf=0.0001 mom_sig=0.00003231 raw_mom_bps=0.00000000 spread_bps=0.11250000 tension=0.00003231 bid_drop=0.00021002 ask_drop=0.00000000
2026-07-08T17:50:33Z,641,SKIP,SKIPPED,,,,,0,radar_block,reason=momentum_too_small conf=0.3454 mom_sig=0.00000000 raw_mom_bps=0.00000000 spread_bps=0.20890000 tension=0.00000000 bid_drop=0.00000000 ask_drop=0.00000000
2026-07-08T17:50:41Z,642,SKIP,SKIPPED,,,,,0,impulse_resonance_wait,reason=wall_not_collapsed tension=0.21409859 bid_drop=0.00000000 ask_drop=1.39164082
2026-07-08T17:50:49Z,643,SKIP,SKIPPED,,,,,0,llm_gate,reason=ollama_skip status=SKIP
2026-07-08T17:50:57Z,644,SKIP,SKIPPED,,,,,0,llm_gate,reason=ollama_skip status=SKIP
2026-07-08T17:51:06Z,645,SKIP,SKIPPED,,,,,0,llm_gate,reason=ollama_skip status=SKIP
2026-07-08T17:51:13Z,646,SKIP,SKIPPED,,,,,0,radar_block,reason=momentum_too_small conf=0.0 mom_sig=0.00001680 raw_mom_bps=0.00000000 spread_bps=1.20550000 tension=0.00001680 bid_drop=0.00010922 ask_drop=0.00000000
2026-07-08T17:51:20Z,647,SKIP,SKIPPED,,,,,0,radar_block,reason=direction_unclear conf=0.2613 mom_sig=0.17234134 raw_mom_bps=0.00000000 spread_bps=1.44660000 tension=0.17234134 bid_drop=1.12021870 ask_drop=0.00011912
2026-07-08T17:51:27Z,648,SKIP,SKIPPED,,,,,0,radar_block,reason=momentum_too_small conf=0.0 mom_sig=0.00001005 raw_mom_bps=-0.48228100 spread_bps=1.92880000 tension=0.00001005 bid_drop=0.00006532 ask_drop=0.00000000
2026-07-08T17:51:35Z,649,SKIP,SKIPPED,,,,,0,llm_gate,reason=ollama_skip status=SKIP
2026-07-08T17:51:42Z,650,SKIP,SKIPPED,,,,,0,impulse_resonance_wait,reason=wall_not_collapsed tension=0.20524416 bid_drop=1.33408707 ask_drop=0.00000000
2026-07-08T17:51:50Z,651,SKIP,SKIPPED,,,,,0,radar_block,reason=momentum_too_small conf=0.3447 mom_sig=0.00000000 raw_mom_bps=0.00000000 spread_bps=0.24120000 tension=0.00000000 bid_drop=0.00000000 ask_drop=0.00000000
2026-07-08T17:51:57Z,652,SKIP,SKIPPED,,,,,0,radar_block,reason=momentum_too_small conf=0.3447 mom_sig=0.00000000 raw_mom_bps=-0.24120487 spread_bps=0.24120000 tension=0.00000000 bid_drop=0.00000000 ask_drop=0.00000000
2026-07-08T17:52:04Z,653,SKIP,SKIPPED,,,,,0,radar_block,reason=momentum_too_small conf=0.3447 mom_sig=0.00000000 raw_mom_bps=0.00000000 spread_bps=0.24120000 tension=0.00000000 bid_drop=0.00000000 ask_drop=0.00000000
2026-07-08T17:52:11Z,654,SKIP,SKIPPED,,,,,0,impulse_resonance_wait,reason=wall_not_collapsed tension=0.57298789 bid_drop=0.00000000 ask_drop=3.72442131
2026-07-08T17:52:18Z,655,SKIP,SKIPPED,,,,,0,radar_block,reason=momentum_too_small conf=0.0 mom_sig=0.00000454 raw_mom_bps=0.00000000 spread_bps=0.73970000 tension=0.00000454 bid_drop=0.00002953 ask_drop=0.00000000
2026-07-08T17:52:26Z,656,SKIP,SKIPPED,,,,,0,llm_gate,reason=ollama_skip status=SKIP
2026-07-08T17:52:33Z,657,SKIP,SKIPPED,,,,,0,radar_block,reason=momentum_too_small conf=0.3254 mom_sig=0.00000000 raw_mom_bps=0.00000000 spread_bps=1.12560000 tension=0.00000000 bid_drop=0.00000000 ask_drop=0.00000000
2026-07-08T17:52:41Z,658,SKIP,SKIPPED,,,,,0,radar_block,reason=momentum_too_small conf=0.3236 mom_sig=0.00000000 raw_mom_bps=0.00000000 spread_bps=1.20600000 tension=0.00000000 bid_drop=0.00000000 ask_drop=0.00000000
2026-07-08T17:52:49Z,659,SKIP,SKIPPED,,,,,0,llm_gate,reason=ollama_skip status=SKIP
2026-07-08T17:52:58Z,660,SKIP,SKIPPED,,,,,0,llm_gate,reason=ollama_skip status=SKIP
2026-07-08T17:53:05Z,661,SKIP,SKIPPED,,,,,0,impulse_resonance_wait,reason=wall_not_collapsed tension=0.25848230 bid_drop=1.68013497 ask_drop=0.00000000
2026-07-08T17:53:12Z,662,SKIP,SKIPPED,,,,,0,impulse_resonance_wait,reason=wall_not_collapsed tension=0.54381848 bid_drop=3.53482010 ask_drop=0.22658778
2026-07-08T17:53:19Z,663,SKIP,SKIPPED,,,,,0,radar_block,reason=momentum_too_small conf=0.3303 mom_sig=0.00000000 raw_mom_bps=0.00000000 spread_bps=0.90070000 tension=0.00000000 bid_drop=0.00000000 ask_drop=0.00000000
2026-07-08T17:53:26Z,664,SKIP,SKIPPED,,,,,0,impulse_resonance_wait,reason=wall_not_collapsed tension=0.33087830 bid_drop=2.15070897 ask_drop=0.00000000
2026-07-08T17:53:34Z,665,SKIP,SKIPPED,,,,,0,llm_gate,reason=ollama_skip status=SKIP
2026-07-08T17:53:41Z,666,SKIP,SKIPPED,,,,,0,radar_block,reason=momentum_too_small conf=0.0024 mom_sig=0.00153300 raw_mom_bps=0.00000000 spread_bps=0.91680000 tension=0.00153300 bid_drop=0.00963396 ask_drop=0.00996449
2026-07-08T17:53:59Z,667,SELL,FILLED,62167.60000000,62167.40000000,0.00950000,0.03217110,0.00190000,shock_inversion_stop,radar=short conf=0.9357 size_note=strong_conf_full+entry_25_75_full soft=0 pct=0.00032171 tension=4.08135456 bid_drop=26.52880466 ask_drop=5.28439607
2026-07-08T17:54:07Z,668,SKIP,SKIPPED,,,,,0,radar_block,reason=momentum_too_small conf=0.0 mom_sig=0.00000793 raw_mom_bps=-0.28955107 spread_bps=1.91400000 tension=0.00000793 bid_drop=0.00005157 ask_drop=0.00000000
2026-07-08T17:54:15Z,669,SKIP,SKIPPED,,,,,0,llm_gate,reason=ollama_skip status=SKIP
2026-07-08T17:54:22Z,670,SKIP,SKIPPED,,,,,0,impulse_resonance_wait,reason=wall_not_collapsed tension=0.85917046 bid_drop=0.00000000 ask_drop=5.58460802
2026-07-08T17:54:40Z,671,SELL,FILLED,62159.10000000,62156.70000000,0.00950000,0.38610598,0.02280000,shock_inversion_stop,radar=short conf=0.8492 size_note=strong_conf_full+entry_25_75_full soft=0 pct=0.00386106 tension=2.76512877 bid_drop=17.97333701 ask_drop=0.00000000
2026-07-08T17:54:49Z,672,SKIP,SKIPPED,,,,,0,radar_block,reason=momentum_too_small conf=0.0 mom_sig=0.00003575 raw_mom_bps=0.00000000 spread_bps=7.81680000 tension=0.00003575 bid_drop=0.00018538 ask_drop=0.00023235
2026-07-08T17:54:56Z,673,SKIP,SKIPPED,,,,,0,radar_block,reason=spread_too_wide conf=0.0 mom_sig=0.00002459 raw_mom_bps=0.00000000 spread_bps=8.20350000 tension=0.00002459 bid_drop=0.00015983 ask_drop=0.00000000
2026-07-08T17:55:04Z,674,SKIP,SKIPPED,,,,,0,radar_block,reason=spread_too_wide conf=0.0 mom_sig=0.00002458 raw_mom_bps=0.00000000 spread_bps=8.68600000 tension=0.00002458 bid_drop=0.00015978 ask_drop=0.00000000
2026-07-08T17:55:25Z,675,SELL,FILLED,62114.70000000,62114.70000000,0.00950000,-0.00000000,-0.00000000,shock_inversion_stop,radar=short conf=0.7174 size_note=strong_conf_full+entry_25_75_full soft=0 pct=-0.00000000 tension=3.50535067 bid_drop=22.78477935 ask_drop=10.81808392
2026-07-08T17:55:33Z,676,SKIP,SKIPPED,,,,,0,radar_block,reason=spread_too_wide conf=0.0001 mom_sig=0.00006864 raw_mom_bps=0.00000000 spread_bps=9.07150000 tension=0.00006864 bid_drop=0.00044614 ask_drop=0.00000000
2026-07-08T17:55:40Z,677,SKIP,SKIPPED,,,,,0,radar_block,reason=spread_too_wide conf=0.0001 mom_sig=0.00009419 raw_mom_bps=0.00000000 spread_bps=10.11680000 tension=0.00009419 bid_drop=0.00000000 ask_drop=0.00061226
2026-07-08T17:55:47Z,678,SKIP,SKIPPED,,,,,0,radar_block,reason=spread_too_wide conf=0.0 mom_sig=0.00002254 raw_mom_bps=0.00000000 spread_bps=9.87570000 tension=0.00002254 bid_drop=0.00014653 ask_drop=0.00000000
2026-07-08T17:55:56Z,679,SKIP,SKIPPED,,,,,0,impulse_resonance_wait,reason=wall_not_collapsed tension=0.82010543 bid_drop=2.87312136 ask_drop=5.33068528
2026-07-08T17:56:04Z,680,SKIP,SKIPPED,,,,,0,llm_gate,reason=ollama_skip status=SKIP
2026-07-08T17:56:11Z,681,SKIP,SKIPPED,,,,,0,radar_block,reason=spread_too_wide conf=0.5 mom_sig=1.24483430 raw_mom_bps=0.00000000 spread_bps=8.00260000 tension=1.24483430 bid_drop=8.09142295 ask_drop=5.62302229
2026-07-08T17:56:19Z,682,SKIP,SKIPPED,,,,,0,radar_block,reason=spread_too_wide conf=0.0 mom_sig=0.00000000 raw_mom_bps=0.00000000 spread_bps=8.66280000 tension=0.00000000 bid_drop=0.00000000 ask_drop=0.00000000
2026-07-08T17:56:26Z,683,SKIP,SKIPPED,,,,,0,radar_block,reason=spread_too_wide conf=0.0 mom_sig=0.00004613 raw_mom_bps=0.00000000 spread_bps=8.74330000 tension=0.00004613 bid_drop=0.00029984 ask_drop=0.00000000
2026-07-08T17:56:33Z,684,SKIP,SKIPPED,,,,,0,radar_block,reason=spread_too_wide conf=0.0 mom_sig=0.00000000 raw_mom_bps=0.00000000 spread_bps=9.00090000 tension=0.00000000 bid_drop=0.00000000 ask_drop=0.00000000
2026-07-08T17:56:41Z,685,SKIP,SKIPPED,,,,,0,radar_block,reason=spread_too_wide conf=0.5 mom_sig=1.80459614 raw_mom_bps=0.00000000 spread_bps=11.04030000 tension=1.80459614 bid_drop=11.72987489 ask_drop=0.00000000
2026-07-08T17:56:49Z,686,SKIP,SKIPPED,,,,,0,impulse_resonance_wait,reason=wall_not_collapsed tension=0.81938608 bid_drop=5.32600954 ask_drop=0.00000000
2026-07-08T17:56:56Z,687,SKIP,SKIPPED,,,,,0,radar_block,reason=momentum_too_small conf=0.0 mom_sig=0.00001397 raw_mom_bps=0.00000000 spread_bps=5.24960000 tension=0.00001397 bid_drop=0.00009082 ask_drop=0.00000000
2026-07-08T17:57:15Z,688,SELL,FILLED,62069.90000000,62067.50000000,0.00950000,0.38666085,0.02280000,shock_inversion_stop,radar=short conf=0.682 size_note=strong_conf_full+entry_25_75_full soft=0 pct=0.00386661 tension=4.56065908 bid_drop=29.64428401 ask_drop=0.00000000
2026-07-08T17:57:23Z,689,SKIP,SKIPPED,,,,,0,radar_block,reason=momentum_too_small conf=0.0002 mom_sig=0.00018981 raw_mom_bps=0.00000000 spread_bps=5.24960000 tension=0.00018981 bid_drop=0.00000000 ask_drop=0.00123378
2026-07-08T17:57:30Z,690,SKIP,SKIPPED,,,,,0,radar_block,reason=momentum_too_small conf=0.2919 mom_sig=0.00000000 raw_mom_bps=0.00000000 spread_bps=2.65680000 tension=0.00000000 bid_drop=0.00000000 ask_drop=0.00000000
2026-07-08T17:57:37Z,691,SKIP,SKIPPED,,,,,0,radar_block,reason=momentum_too_small conf=0.2059 mom_sig=0.00000000 raw_mom_bps=-0.01611604 spread_bps=6.58710000 tension=0.00000000 bid_drop=0.00000000 ask_drop=0.00000000
2026-07-08T17:57:45Z,692,SKIP,SKIPPED,,,,,0,radar_block,reason=momentum_too_small conf=0.2059 mom_sig=0.00000000 raw_mom_bps=0.00000000 spread_bps=6.58710000 tension=0.00000000 bid_drop=0.00000000 ask_drop=0.00000000
2026-07-08T17:57:53Z,693,SKIP,SKIPPED,,,,,0,radar_block,reason=momentum_too_small conf=0.2352 mom_sig=0.00000000 raw_mom_bps=2.80419017 spread_bps=5.24960000 tension=0.00000000 bid_drop=0.00000000 ask_drop=0.00000000
2026-07-08T17:58:00Z,694,SKIP,SKIPPED,,,,,0,radar_block,reason=momentum_too_small conf=0.2507 mom_sig=0.00000000 raw_mom_bps=0.00000000 spread_bps=4.53990000 tension=0.00000000 bid_drop=0.00000000 ask_drop=0.00000000
2026-07-08T17:58:09Z,695,SKIP,SKIPPED,,,,,0,impulse_resonance_wait,reason=wall_not_collapsed tension=0.92464981 bid_drop=0.00050925 ask_drop=6.01022379
2026-07-08T17:58:28Z,696,SELL,FILLED,62104.80000000,62104.80000000,0.00950000,-0.00000000,-0.00000000,shock_inversion_stop,radar=short conf=0.656 size_note=strong_conf_full+entry_25_75_full soft=0 pct=-0.00000000 tension=1.83803786 bid_drop=11.94724611 ask_drop=0.00000000
2026-07-08T17:58:38Z,697,SKIP,SKIPPED,,,,,0,radar_block,reason=direction_unclear conf=0.1007 mom_sig=0.06671247 raw_mom_bps=-3.20426118 spread_bps=1.51370000 tension=0.06671247 bid_drop=0.00133479 ask_drop=0.43363106
2026-07-08T17:58:45Z,698,SKIP,SKIPPED,,,,,0,radar_block,reason=momentum_too_small conf=0.2887 mom_sig=0.00000000 raw_mom_bps=0.00000000 spread_bps=2.80190000 tension=0.00000000 bid_drop=0.00000000 ask_drop=0.00000000
2026-07-08T17:58:52Z,699,SKIP,SKIPPED,,,,,0,tactic_mismatch,mom=long structure=short
2026-07-08T17:59:00Z,700,SKIP,SKIPPED,,,,,0,radar_block,reason=momentum_too_small conf=0.3465 mom_sig=0.00000000 raw_mom_bps=0.00000000 spread_bps=0.16110000 tension=0.00000000 bid_drop=0.00000000 ask_drop=0.00000000
2026-07-08T17:59:08Z,701,SKIP,SKIPPED,,,,,0,radar_block,reason=momentum_too_small conf=0.0 mom_sig=0.00000985 raw_mom_bps=-0.49929133 spread_bps=0.64420000 tension=0.00000985 bid_drop=0.00006404 ask_drop=0.00000000
2026-07-08T17:59:15Z,702,SKIP,SKIPPED,,,,,0,impulse_resonance_wait,reason=wall_not_collapsed tension=0.43864465 bid_drop=2.85119024 ask_drop=0.00000000
2026-07-08T17:59:22Z,703,SKIP,SKIPPED,,,,,0,radar_block,reason=momentum_too_small conf=0.3352 mom_sig=0.00000000 raw_mom_bps=0.54766894 spread_bps=0.67640000 tension=0.00000000 bid_drop=0.00000000 ask_drop=0.00000000
2026-07-08T17:59:29Z,704,SKIP,SKIPPED,,,,,0,radar_block,reason=momentum_too_small conf=0.0119 mom_sig=0.00732583 raw_mom_bps=0.00000000 spread_bps=0.37040000 tension=0.00732583 bid_drop=0.00000000 ask_drop=0.04761790
2026-07-08T17:59:38Z,705,SKIP,SKIPPED,,,,,0,impulse_resonance_wait,reason=wall_not_collapsed tension=0.79400120 bid_drop=5.16100779 ask_drop=0.07341831
2026-07-08T17:59:45Z,706,SKIP,SKIPPED,,,,,0,radar_block,reason=momentum_too_small conf=0.0101 mom_sig=0.00643024 raw_mom_bps=0.00000000 spread_bps=0.95030000 tension=0.00643024 bid_drop=0.04179657 ask_drop=0.00000000
2026-07-08T17:59:52Z,707,SKIP,SKIPPED,,,,,0,radar_block,reason=momentum_too_small conf=0.3239 mom_sig=0.00000000 raw_mom_bps=-0.24161515 spread_bps=1.19190000 tension=0.00000000 bid_drop=0.00000000 ask_drop=0.00000000
2026-07-08T17:59:58Z,708,SKIP,SKIPPED,,,,,0,radar_block,reason=momentum_too_small conf=0.0 mom_sig=0.00000538 raw_mom_bps=0.00000000 spread_bps=2.07770000 tension=0.00000538 bid_drop=0.00003495 ask_drop=0.00000000
2026-07-08T18:00:06Z,709,SKIP,SKIPPED,,,,,0,radar_block,reason=momentum_too_small conf=0.3257 mom_sig=0.00000000 raw_mom_bps=0.00000000 spread_bps=1.11140000 tension=0.00000000 bid_drop=0.00000000 ask_drop=0.00000000
2026-07-08T18:00:17Z,710,SKIP,SKIPPED,,,,,0,radar_block,reason=momentum_too_small conf=0.0 mom_sig=0.00000764 raw_mom_bps=0.00000000 spread_bps=1.01470000 tension=0.00000764 bid_drop=0.00000000 ask_drop=0.00004969
2026-07-08T18:00:29Z,711,SKIP,SKIPPED,,,,,0,radar_block,reason=momentum_too_small conf=0.0127 mom_sig=0.00875587 raw_mom_bps=0.99879018 spread_bps=2.09380000 tension=0.00875587 bid_drop=0.05691315 ask_drop=0.00000000
2026-07-08T18:00:37Z,712,SKIP,SKIPPED,,,,,0,impulse_resonance_wait,reason=wall_not_collapsed tension=0.61467633 bid_drop=0.00008457 ask_drop=3.99539613
2026-07-08T18:00:43Z,713,SKIP,SKIPPED,,,,,0,radar_block,reason=momentum_too_small conf=0.0002 mom_sig=0.00013789 raw_mom_bps=0.00000000 spread_bps=1.54630000 tension=0.00013789 bid_drop=0.00000000 ask_drop=0.00089631
2026-07-08T18:00:50Z,714,SKIP,SKIPPED,,,,,0,impulse_resonance_wait,reason=wall_not_collapsed tension=0.76440641 bid_drop=0.00000000 ask_drop=4.96864165
2026-07-08T18:00:58Z,715,SKIP,SKIPPED,,,,,0,impulse_resonance_wait,reason=wall_not_collapsed tension=0.20621977 bid_drop=1.34042849 ask_drop=0.00000000
2026-07-08T18:01:17Z,716,SELL,FILLED,62109.40000000,62146.90000000,0.00670000,-6.03773342,-0.25125000,shock_inversion_stop,radar=long conf=0.999 size_note=strong_conf_full+entry_25_75_trap soft=0 pct=-0.06037733 tension=8.63757142 bid_drop=56.14421425 ask_drop=0.00000000
2026-07-08T18:01:28Z,717,SKIP,SKIPPED,,,,,0,radar_block,reason=momentum_too_small conf=0.3225 mom_sig=0.00000000 raw_mom_bps=0.00000000 spread_bps=1.25490000 tension=0.00000000 bid_drop=0.00000000 ask_drop=0.00000000
2026-07-08T18:01:35Z,718,SKIP,SKIPPED,,,,,0,radar_block,reason=momentum_too_small conf=0.0 mom_sig=0.00002326 raw_mom_bps=0.00000000 spread_bps=1.25490000 tension=0.00002326 bid_drop=0.00000000 ask_drop=0.00015118
2026-07-08T18:01:45Z,719,SKIP,SKIPPED,,,,,0,radar_block,reason=momentum_too_small conf=0.0 mom_sig=0.00002657 raw_mom_bps=0.11262240 spread_bps=1.36750000 tension=0.00002657 bid_drop=0.00000000 ask_drop=0.00017273
2026-07-08T18:01:57Z,720,SKIP,SKIPPED,,,,,0,radar_block,reason=momentum_too_small conf=0.0001 mom_sig=0.00006923 raw_mom_bps=0.00000000 spread_bps=1.62490000 tension=0.00006923 bid_drop=0.00000000 ask_drop=0.00044999
2026-07-08T18:02:08Z,721,SKIP,SKIPPED,,,,,0,radar_block,reason=momentum_too_small conf=0.0001 mom_sig=0.00005093 raw_mom_bps=0.00000000 spread_bps=3.65090000 tension=0.00005093 bid_drop=0.00000000 ask_drop=0.00033102
2026-07-08T18:02:15Z,722,SKIP,SKIPPED,,,,,0,impulse_resonance_wait,reason=wall_not_collapsed tension=0.76272828 bid_drop=4.95773382 ask_drop=2.78979402
2026-07-08T18:02:21Z,723,SKIP,SKIPPED,,,,,0,radar_block,reason=momentum_too_small conf=0.0 mom_sig=0.00001038 raw_mom_bps=0.00000000 spread_bps=0.01610000 tension=0.00001038 bid_drop=0.00000000 ask_drop=0.00006748
2026-07-08T18:02:28Z,724,SKIP,SKIPPED,,,,,0,radar_block,reason=momentum_too_small conf=0.0001 mom_sig=0.00003692 raw_mom_bps=0.00000000 spread_bps=0.01610000 tension=0.00003692 bid_drop=0.00000000 ask_drop=0.00023995
2026-07-08T18:02:36Z,725,SKIP,SKIPPED,,,,,0,radar_block,reason=momentum_too_small conf=0.0 mom_sig=0.00001471 raw_mom_bps=0.00000000 spread_bps=0.01610000 tension=0.00001471 bid_drop=0.00009562 ask_drop=0.00000000
2026-07-08T18:02:45Z,726,SKIP,SKIPPED,,,,,0,llm_gate,reason=ollama_skip status=SKIP
2026-07-08T18:02:52Z,727,SKIP,SKIPPED,,,,,0,radar_block,reason=momentum_too_small conf=0.0001 mom_sig=0.00004121 raw_mom_bps=0.00000000 spread_bps=0.01610000 tension=0.00004121 bid_drop=0.00026786 ask_drop=0.00000000
2026-07-08T18:03:01Z,728,SKIP,SKIPPED,,,,,0,radar_block,reason=momentum_too_small conf=0.0001 mom_sig=0.00004805 raw_mom_bps=0.00000000 spread_bps=0.01610000 tension=0.00004805 bid_drop=0.00031232 ask_drop=0.00000000
2026-07-08T18:03:10Z,729,SKIP,SKIPPED,,,,,0,llm_gate,reason=ollama_skip status=SKIP
2026-07-08T18:03:16Z,730,SKIP,SKIPPED,,,,,0,radar_block,reason=momentum_too_small conf=0.0001 mom_sig=0.00005356 raw_mom_bps=0.41825052 spread_bps=0.06430000 tension=0.00005356 bid_drop=0.00000000 ask_drop=0.00034814
2026-07-08T18:03:23Z,731,SKIP,SKIPPED,,,,,0,radar_block,reason=momentum_too_small conf=0.343 mom_sig=0.00000000 raw_mom_bps=0.00000000 spread_bps=0.32170000 tension=0.00000000 bid_drop=0.00000000 ask_drop=0.00000000
2026-07-08T18:03:32Z,732,SKIP,SKIPPED,,,,,0,llm_gate,reason=ollama_skip status=SKIP
2026-07-08T18:03:39Z,733,SKIP,SKIPPED,,,,,0,radar_block,reason=momentum_too_small conf=0.2828 mom_sig=0.00000000 raw_mom_bps=0.00000000 spread_bps=3.07150000 tension=0.00000000 bid_drop=0.00000000 ask_drop=0.00000000
2026-07-08T18:03:46Z,734,SKIP,SKIPPED,,,,,0,radar_block,reason=momentum_too_small conf=0.0001 mom_sig=0.00010180 raw_mom_bps=0.00000000 spread_bps=3.08750000 tension=0.00010180 bid_drop=0.00066171 ask_drop=0.00000000
2026-07-08T18:03:53Z,735,SKIP,SKIPPED,,,,,0,radar_block,reason=momentum_too_small conf=0.3015 mom_sig=0.00000000 raw_mom_bps=0.00000000 spread_bps=2.21910000 tension=0.00000000 bid_drop=0.00000000 ask_drop=0.00000000
2026-07-08T18:04:00Z,736,SKIP,SKIPPED,,,,,0,radar_block,reason=momentum_too_small conf=0.274 mom_sig=0.00000000 raw_mom_bps=0.00000000 spread_bps=3.47340000 tension=0.00000000 bid_drop=0.00000000 ask_drop=0.00000000
2026-07-08T18:04:07Z,737,SKIP,SKIPPED,,,,,0,radar_block,reason=momentum_too_small conf=0.0001 mom_sig=0.00006678 raw_mom_bps=3.47455691 spread_bps=3.47340000 tension=0.00006678 bid_drop=0.00000000 ask_drop=0.00043408
2026-07-08T18:04:14Z,738,SKIP,SKIPPED,,,,,0,radar_block,reason=momentum_too_small conf=0.274 mom_sig=0.00000000 raw_mom_bps=0.00000000 spread_bps=3.47340000 tension=0.00000000 bid_drop=0.00000000 ask_drop=0.00000000
2026-07-08T18:04:21Z,739,SKIP,SKIPPED,,,,,0,radar_block,reason=momentum_too_small conf=0.274 mom_sig=0.00000000 raw_mom_bps=0.00000000 spread_bps=3.47340000 tension=0.00000000 bid_drop=0.00000000 ask_drop=0.00000000
2026-07-08T18:04:28Z,740,SKIP,SKIPPED,,,,,0,radar_block,reason=momentum_too_small conf=0.274 mom_sig=0.00000000 raw_mom_bps=0.00000000 spread_bps=3.47340000 tension=0.00000000 bid_drop=0.00000000 ask_drop=0.00000000
2026-07-08T18:04:36Z,741,SKIP,SKIPPED,,,,,0,radar_block,reason=momentum_too_small conf=0.0 mom_sig=0.00000937 raw_mom_bps=0.00000000 spread_bps=3.47340000 tension=0.00000937 bid_drop=0.00000000 ask_drop=0.00006090
2026-07-08T18:04:43Z,742,SKIP,SKIPPED,,,,,0,radar_block,reason=momentum_too_small conf=0.274 mom_sig=0.00000000 raw_mom_bps=0.00000000 spread_bps=3.47340000 tension=0.00000000 bid_drop=0.00000000 ask_drop=0.00000000
2026-07-08T18:04:50Z,743,SKIP,SKIPPED,,,,,0,impulse_resonance_wait,reason=wall_not_collapsed tension=0.97597165 bid_drop=6.34381572 ask_drop=0.00000000
2026-07-08T18:04:58Z,744,SKIP,SKIPPED,,,,,0,impulse_resonance_wait,reason=wall_not_collapsed tension=0.90582380 bid_drop=5.88785472 ask_drop=0.00000000
2026-07-08T18:05:05Z,745,SKIP,SKIPPED,,,,,0,radar_block,reason=direction_unclear conf=0.027 mom_sig=0.01766543 raw_mom_bps=0.00000000 spread_bps=1.33500000 tension=0.01766543 bid_drop=0.11482528 ask_drop=0.00000000
2026-07-08T18:05:12Z,746,SKIP,SKIPPED,,,,,0,radar_block,reason=momentum_too_small conf=0.3208 mom_sig=0.00000000 raw_mom_bps=0.00000000 spread_bps=1.33500000 tension=0.00000000 bid_drop=0.00000000 ask_drop=0.00000000
2026-07-08T18:05:19Z,747,SKIP,SKIPPED,,,,,0,radar_block,reason=momentum_too_small conf=0.0008 mom_sig=0.00063670 raw_mom_bps=0.00000000 spread_bps=3.47340000 tension=0.00063670 bid_drop=0.00000000 ask_drop=0.00413857
2026-07-08T18:05:26Z,748,SKIP,SKIPPED,,,,,0,radar_block,reason=momentum_too_small conf=0.0001 mom_sig=0.00004784 raw_mom_bps=0.00000000 spread_bps=3.47340000 tension=0.00004784 bid_drop=0.00031097 ask_drop=0.00016283
2026-07-08T18:05:33Z,749,SKIP,SKIPPED,,,,,0,radar_block,reason=momentum_too_small conf=0.0005 mom_sig=0.00037263 raw_mom_bps=0.00000000 spread_bps=3.42510000 tension=0.00037263 bid_drop=0.00000000 ask_drop=0.00242211
2026-07-08T18:05:42Z,750,SKIP,SKIPPED,,,,,0,llm_gate,reason=ollama_skip status=SKIP
2026-07-08T18:05:52Z,751,SKIP,SKIPPED,,,,,0,llm_gate,reason=ollama_skip status=SKIP
2026-07-08T18:05:59Z,752,SKIP,SKIPPED,,,,,0,radar_block,reason=momentum_too_small conf=0.2747 mom_sig=0.00000000 raw_mom_bps=0.00000000 spread_bps=3.44120000 tension=0.00000000 bid_drop=0.00000000 ask_drop=0.00000000
2026-07-08T18:06:06Z,753,SKIP,SKIPPED,,,,,0,impulse_resonance_wait,reason=wall_not_collapsed tension=0.80612873 bid_drop=0.00035650 ask_drop=5.23983675
2026-07-08T18:06:12Z,754,SKIP,SKIPPED,,,,,0,radar_block,reason=momentum_too_small conf=0.0001 mom_sig=0.00005211 raw_mom_bps=3.45846544 spread_bps=3.47340000 tension=0.00005211 bid_drop=0.00000000 ask_drop=0.00033869
2026-07-08T18:06:22Z,755,SKIP,SKIPPED,,,,,0,radar_block,reason=momentum_too_small conf=0.0 mom_sig=0.00001371 raw_mom_bps=0.00000000 spread_bps=3.47340000 tension=0.00001371 bid_drop=0.00008913 ask_drop=0.00000000
2026-07-08T18:06:31Z,756,SKIP,SKIPPED,,,,,0,radar_block,reason=momentum_too_small conf=0.0001 mom_sig=0.00007698 raw_mom_bps=0.00000000 spread_bps=3.47340000 tension=0.00007698 bid_drop=0.00000000 ask_drop=0.00050039
2026-07-08T18:06:40Z,757,SKIP,SKIPPED,,,,,0,llm_gate,reason=ollama_skip status=SKIP
2026-07-08T18:06:47Z,758,SKIP,SKIPPED,,,,,0,radar_block,reason=momentum_too_small conf=0.2765 mom_sig=0.00000000 raw_mom_bps=0.59507822 spread_bps=3.36080000 tension=0.00000000 bid_drop=0.00000000 ask_drop=0.00000000
2026-07-08T18:06:56Z,759,SKIP,SKIPPED,,,,,0,llm_gate,reason=ollama_skip status=SKIP
2026-07-08T18:07:15Z,760,SELL,FILLED,62166.20000000,62166.20000000,0.00950000,-0.00000000,-0.00000000,shock_inversion_stop,radar=long conf=0.8563 size_note=strong_conf_full+entry_25_75_full soft=0 pct=-0.00000000 tension=1.73515750 bid_drop=11.27852373 ask_drop=0.00000000
2026-07-08T18:07:22Z,761,SKIP,SKIPPED,,,,,0,radar_block,reason=momentum_too_small conf=0.0 mom_sig=0.00002668 raw_mom_bps=-3.47335008 spread_bps=2.21940000 tension=0.00002668 bid_drop=0.00000000 ask_drop=0.00017343
2026-07-08T18:07:40Z,762,SELL,FILLED,62166.20000000,62166.20000000,0.00950000,-0.00000000,-0.00000000,shock_inversion_stop,radar=short conf=0.7829 size_note=strong_conf_full+entry_25_75_full soft=0 pct=-0.00000000 tension=3.98559995 bid_drop=25.90639969 ask_drop=5.59954649
2026-07-08T18:07:50Z,763,SKIP,SKIPPED,,,,,0,radar_block,reason=momentum_too_small conf=0.0001 mom_sig=0.00004009 raw_mom_bps=0.00000000 spread_bps=3.47340000 tension=0.00004009 bid_drop=0.00026059 ask_drop=0.00000000
2026-07-08T18:07:57Z,764,SKIP,SKIPPED,,,,,0,radar_block,reason=momentum_too_small conf=0.0008 mom_sig=0.00054821 raw_mom_bps=0.00000000 spread_bps=1.89780000 tension=0.00054821 bid_drop=0.00356338 ask_drop=0.00000000
2026-07-08T18:08:04Z,765,SKIP,SKIPPED,,,,,0,impulse_resonance_wait,reason=wall_not_collapsed tension=0.86210764 bid_drop=0.00000000 ask_drop=5.60369963
2026-07-08T18:08:11Z,766,SKIP,SKIPPED,,,,,0,radar_block,reason=momentum_too_small conf=0.2701 mom_sig=0.00000000 raw_mom_bps=0.00000000 spread_bps=3.65130000 tension=0.00000000 bid_drop=0.00000000 ask_drop=0.00000000
2026-07-08T18:08:18Z,767,SKIP,SKIPPED,,,,,0,radar_block,reason=momentum_too_small conf=0.0 mom_sig=0.00002837 raw_mom_bps=0.00000000 spread_bps=0.62730000 tension=0.00002837 bid_drop=0.00010026 ask_drop=0.00018441
2026-07-08T18:08:25Z,768,SKIP,SKIPPED,,,,,0,radar_block,reason=momentum_too_small conf=0.0 mom_sig=0.00001752 raw_mom_bps=0.00000000 spread_bps=0.62730000 tension=0.00001752 bid_drop=0.00011387 ask_drop=0.00000000
2026-07-08T18:08:32Z,769,SKIP,SKIPPED,,,,,0,radar_block,reason=momentum_too_small conf=0.0001 mom_sig=0.00006740 raw_mom_bps=0.00000000 spread_bps=0.62730000 tension=0.00006740 bid_drop=0.00043812 ask_drop=0.00000000
2026-07-08T18:08:39Z,770,SKIP,SKIPPED,,,,,0,radar_block,reason=momentum_too_small conf=0.3095 mom_sig=0.00000000 raw_mom_bps=0.00000000 spread_bps=1.84950000 tension=0.00000000 bid_drop=0.00000000 ask_drop=0.00000000
2026-07-08T18:08:47Z,771,SKIP,SKIPPED,,,,,0,radar_block,reason=momentum_too_small conf=0.274 mom_sig=0.00000000 raw_mom_bps=0.00000000 spread_bps=3.47340000 tension=0.00000000 bid_drop=0.00000000 ask_drop=0.00000000
2026-07-08T18:08:53Z,772,SKIP,SKIPPED,,,,,0,radar_block,reason=momentum_too_small conf=0.274 mom_sig=0.00000000 raw_mom_bps=0.00000000 spread_bps=3.47340000 tension=0.00000000 bid_drop=0.00000000 ask_drop=0.00000000
2026-07-08T18:09:00Z,773,SKIP,SKIPPED,,,,,0,radar_block,reason=momentum_too_small conf=0.274 mom_sig=0.00000000 raw_mom_bps=0.00000000 spread_bps=3.47340000 tension=0.00000000 bid_drop=0.00000000 ask_drop=0.00000000
2026-07-08T18:09:08Z,774,SKIP,SKIPPED,,,,,0,radar_block,reason=momentum_too_small conf=0.3398 mom_sig=0.00000000 raw_mom_bps=1.73705771 spread_bps=0.46630000 tension=0.00000000 bid_drop=0.00000000 ask_drop=0.00000000
2026-07-08T18:09:28Z,775,SELL,FILLED,62187.80000000,62184.80000000,0.00950000,0.48240973,0.02850000,fluid_exit_brake,radar=long conf=0.8683 size_note=strong_conf_full+entry_25_75_full soft=0 pct=0.00482410 tension=11.16371432 bid_drop=72.56414307 ask_drop=0.00000000
2026-07-08T18:09:36Z,776,SKIP,SKIPPED,,,,,0,radar_block,reason=momentum_too_small conf=0.2804 mom_sig=0.00000000 raw_mom_bps=0.00000000 spread_bps=3.18390000 tension=0.00000000 bid_drop=0.00000000 ask_drop=0.00000000
2026-07-08T18:09:44Z,777,SKIP,SKIPPED,,,,,0,radar_block,reason=momentum_too_small conf=0.274 mom_sig=0.00000000 raw_mom_bps=0.00000000 spread_bps=3.47340000 tension=0.00000000 bid_drop=0.00000000 ask_drop=0.00000000
2026-07-08T18:09:52Z,778,SKIP,SKIPPED,,,,,0,llm_gate,reason=ollama_skip status=SKIP
2026-07-08T18:10:01Z,779,SKIP,SKIPPED,,,,,0,llm_gate,reason=ollama_skip status=SKIP
2026-07-08T18:10:10Z,780,SKIP,SKIPPED,,,,,0,radar_block,reason=momentum_too_small conf=0.2779 mom_sig=0.00000000 raw_mom_bps=0.00000000 spread_bps=3.29650000 tension=0.00000000 bid_drop=0.00000000 ask_drop=0.00000000
2026-07-08T18:10:19Z,781,SKIP,SKIPPED,,,,,0,radar_block,reason=momentum_too_small conf=0.0001 mom_sig=0.00004621 raw_mom_bps=1.33491593 spread_bps=0.01610000 tension=0.00004621 bid_drop=0.00030034 ask_drop=0.00000000
2026-07-08T18:10:26Z,782,SKIP,SKIPPED,,,,,0,radar_block,reason=momentum_too_small conf=0.3496 mom_sig=0.00000000 raw_mom_bps=0.00000000 spread_bps=0.01610000 tension=0.00000000 bid_drop=0.00000000 ask_drop=0.00000000
2026-07-08T18:10:33Z,783,SKIP,SKIPPED,,,,,0,radar_block,reason=momentum_too_small conf=0.3384 mom_sig=0.00000000 raw_mom_bps=0.00000000 spread_bps=0.53070000 tension=0.00000000 bid_drop=0.00000000 ask_drop=0.00000000
2026-07-08T18:10:41Z,784,SKIP,SKIPPED,,,,,0,radar_block,reason=direction_unclear conf=0.0166 mom_sig=0.01029621 raw_mom_bps=0.00000000 spread_bps=0.54670000 tension=0.01029621 bid_drop=0.06692537 ask_drop=0.00000000
2026-07-08T18:10:48Z,785,SKIP,SKIPPED,,,,,0,radar_block,reason=direction_unclear conf=0.0153 mom_sig=0.01025645 raw_mom_bps=0.00000000 spread_bps=1.63990000 tension=0.01025645 bid_drop=0.06666690 ask_drop=0.00005310
2026-07-08T18:10:57Z,786,SKIP,SKIPPED,,,,,0,llm_gate,reason=ollama_skip status=SKIP
2026-07-08T18:11:18Z,787,SELL,FILLED,62198.10000000,62219.90000000,0.00950000,-3.50493021,-0.20710000,fluid_exit_inversion,radar=long conf=0.9176 size_note=strong_conf_full+entry_25_75_full soft=0 pct=-0.03504930 tension=3.51856651 bid_drop=0.00000000 ask_drop=22.87068232
2026-07-08T18:11:27Z,788,SKIP,SKIPPED,,,,,0,impulse_resonance_wait,reason=wall_not_collapsed tension=0.44745439 bid_drop=2.90845352 ask_drop=0.00000000
2026-07-08T18:11:35Z,789,SKIP,SKIPPED,,,,,0,radar_block,reason=momentum_too_small conf=0.3489 mom_sig=0.00000000 raw_mom_bps=0.00000000 spread_bps=0.04820000 tension=0.00000000 bid_drop=0.00000000 ask_drop=0.00000000
2026-07-08T18:11:43Z,790,SKIP,SKIPPED,,,,,0,radar_block,reason=momentum_too_small conf=0.0001 mom_sig=0.00005399 raw_mom_bps=0.04820222 spread_bps=0.04820000 tension=0.00005399 bid_drop=0.00000000 ask_drop=0.00035094
2026-07-08T18:11:50Z,791,SKIP,SKIPPED,,,,,0,radar_block,reason=momentum_too_small conf=0.3465 mom_sig=0.00000000 raw_mom_bps=0.00000000 spread_bps=0.16070000 tension=0.00000000 bid_drop=0.00000000 ask_drop=0.00000000
2026-07-08T18:11:57Z,792,SKIP,SKIPPED,,,,,0,radar_block,reason=momentum_too_small conf=0.3465 mom_sig=0.00000000 raw_mom_bps=-0.01606733 spread_bps=0.16070000 tension=0.00000000 bid_drop=0.00000000 ask_drop=0.00000000
2026-07-08T18:12:06Z,793,SKIP,SKIPPED,,,,,0,llm_gate,reason=ollama_skip status=SKIP
2026-07-08T18:12:14Z,794,SKIP,SKIPPED,,,,,0,radar_block,reason=momentum_too_small conf=0.0046 mom_sig=0.00279425 raw_mom_bps=0.00000000 spread_bps=0.16070000 tension=0.00279425 bid_drop=0.01816265 ask_drop=0.00011634
2026-07-08T18:12:23Z,795,SKIP,SKIPPED,,,,,0,llm_gate,reason=ollama_skip status=SKIP
2026-07-08T18:12:32Z,796,SKIP,SKIPPED,,,,,0,radar_block,reason=momentum_too_small conf=0.0001 mom_sig=0.00003654 raw_mom_bps=0.00000000 spread_bps=0.54630000 tension=0.00003654 bid_drop=0.00000000 ask_drop=0.00023753
2026-07-08T18:12:39Z,797,SKIP,SKIPPED,,,,,0,radar_block,reason=momentum_too_small conf=0.0 mom_sig=0.00001234 raw_mom_bps=0.00000000 spread_bps=0.41770000 tension=0.00001234 bid_drop=0.00008018 ask_drop=0.00000000
2026-07-08T18:12:46Z,798,SKIP,SKIPPED,,,,,0,radar_block,reason=momentum_too_small conf=0.3409 mom_sig=0.00000000 raw_mom_bps=0.00000000 spread_bps=0.41770000 tension=0.00000000 bid_drop=0.00000000 ask_drop=0.00000000
2026-07-08T18:12:53Z,799,SKIP,SKIPPED,,,,,0,radar_block,reason=momentum_too_small conf=0.3496 mom_sig=0.00000000 raw_mom_bps=0.00000000 spread_bps=0.01610000 tension=0.00000000 bid_drop=0.00000000 ask_drop=0.00000000
2026-07-08T18:13:03Z,800,SKIP,SKIPPED,,,,,0,llm_gate,reason=ollama_skip status=SKIP
2026-07-08T18:13:11Z,801,SKIP,SKIPPED,,,,,0,llm_gate,reason=ollama_skip status=SKIP
2026-07-08T18:13:18Z,802,SKIP,SKIPPED,,,,,0,radar_block,reason=momentum_too_small conf=0.3286 mom_sig=0.00000000 raw_mom_bps=0.00000000 spread_bps=0.98000000 tension=0.00000000 bid_drop=0.00000000 ask_drop=0.00000000
2026-07-08T18:13:28Z,803,SKIP,SKIPPED,,,,,0,radar_block,reason=momentum_too_small conf=0.3286 mom_sig=0.00000000 raw_mom_bps=0.01606552 spread_bps=0.98000000 tension=0.00000000 bid_drop=0.00000000 ask_drop=0.00000000
2026-07-08T18:13:38Z,804,SKIP,SKIPPED,,,,,0,llm_gate,reason=ollama_skip status=SKIP
2026-07-08T18:13:47Z,805,SKIP,SKIPPED,,,,,0,llm_gate,reason=ollama_skip status=SKIP
2026-07-08T18:13:54Z,806,SKIP,SKIPPED,,,,,0,impulse_resonance_wait,reason=wall_not_collapsed tension=0.84872741 bid_drop=5.51672814 ask_drop=0.00848329
2026-07-08T18:14:01Z,807,SKIP,SKIPPED,,,,,0,radar_block,reason=momentum_too_small conf=0.0001 mom_sig=0.00004490 raw_mom_bps=0.00000000 spread_bps=0.98000000 tension=0.00004490 bid_drop=0.00000000 ask_drop=0.00029182
2026-07-08T18:14:08Z,808,SKIP,SKIPPED,,,,,0,radar_block,reason=momentum_too_small conf=0.0073 mom_sig=0.00465815 raw_mom_bps=0.00000000 spread_bps=0.98000000 tension=0.00465815 bid_drop=0.00017433 ask_drop=0.03027796
2026-07-08T18:14:16Z,809,SKIP,SKIPPED,,,,,0,radar_block,reason=momentum_too_small conf=0.0003 mom_sig=0.00017592 raw_mom_bps=0.00000000 spread_bps=0.98000000 tension=0.00017592 bid_drop=0.00000000 ask_drop=0.00114348
2026-07-08T18:14:22Z,810,SKIP,SKIPPED,,,,,0,radar_block,reason=momentum_too_small conf=0.3286 mom_sig=0.00000000 raw_mom_bps=0.00000000 spread_bps=0.98000000 tension=0.00000000 bid_drop=0.00000000 ask_drop=0.00000000
2026-07-08T18:14:29Z,811,SKIP,SKIPPED,,,,,0,impulse_resonance_wait,reason=wall_not_collapsed tension=0.42426789 bid_drop=2.75774130 ask_drop=0.00102194
2026-07-08T18:14:37Z,812,SKIP,SKIPPED,,,,,0,radar_block,reason=momentum_too_small conf=0.0003 mom_sig=0.00016846 raw_mom_bps=0.00000000 spread_bps=0.61050000 tension=0.00016846 bid_drop=0.00000000 ask_drop=0.00109500
2026-07-08T18:14:43Z,813,SKIP,SKIPPED,,,,,0,radar_block,reason=momentum_too_small conf=0.0002 mom_sig=0.00015350 raw_mom_bps=0.00000000 spread_bps=0.98000000 tension=0.00015350 bid_drop=0.00000000 ask_drop=0.00099772
2026-07-08T18:14:50Z,814,SKIP,SKIPPED,,,,,0,radar_block,reason=momentum_too_small conf=0.0002 mom_sig=0.00014992 raw_mom_bps=0.00000000 spread_bps=0.98000000 tension=0.00014992 bid_drop=0.00000000 ask_drop=0.00097446
2026-07-08T18:14:57Z,815,SKIP,SKIPPED,,,,,0,radar_block,reason=momentum_too_small conf=0.0003 mom_sig=0.00020616 raw_mom_bps=0.00000000 spread_bps=0.98000000 tension=0.00020616 bid_drop=0.00000000 ask_drop=0.00134006
2026-07-08T18:15:05Z,816,SKIP,SKIPPED,,,,,0,radar_block,reason=momentum_too_small conf=0.0003 mom_sig=0.00021004 raw_mom_bps=0.00000000 spread_bps=0.98000000 tension=0.00021004 bid_drop=0.00000000 ask_drop=0.00136529
2026-07-08T18:15:17Z,817,SKIP,SKIPPED,,,,,0,radar_block,reason=momentum_too_small conf=0.001 mom_sig=0.00061893 raw_mom_bps=0.00000000 spread_bps=0.98000000 tension=0.00061893 bid_drop=0.00000000 ask_drop=0.00402303
2026-07-08T18:15:24Z,818,SKIP,SKIPPED,,,,,0,radar_block,reason=momentum_too_small conf=0.0003 mom_sig=0.00018384 raw_mom_bps=0.00000000 spread_bps=0.98000000 tension=0.00018384 bid_drop=0.00000000 ask_drop=0.00119498
2026-07-08T18:15:31Z,819,SKIP,SKIPPED,,,,,0,radar_block,reason=momentum_too_small conf=0.0001 mom_sig=0.00006380 raw_mom_bps=0.00000000 spread_bps=0.98000000 tension=0.00006380 bid_drop=0.00000000 ask_drop=0.00041468
2026-07-08T18:15:39Z,820,SKIP,SKIPPED,,,,,0,radar_block,reason=momentum_too_small conf=0.0002 mom_sig=0.00012385 raw_mom_bps=0.00000000 spread_bps=0.98000000 tension=0.00012385 bid_drop=0.00000000 ask_drop=0.00080500
2026-07-08T18:15:46Z,821,SKIP,SKIPPED,,,,,0,impulse_resonance_wait,reason=wall_not_collapsed tension=0.48197385 bid_drop=2.79003126 ask_drop=3.13283000
2026-07-08T18:15:52Z,822,SKIP,SKIPPED,,,,,0,radar_block,reason=momentum_too_small conf=0.0 mom_sig=0.00002182 raw_mom_bps=0.30524393 spread_bps=1.23700000 tension=0.00002182 bid_drop=0.00000000 ask_drop=0.00014183
2026-07-08T18:16:01Z,823,SKIP,SKIPPED,,,,,0,llm_gate,reason=ollama_skip status=SKIP
2026-07-08T18:16:08Z,824,SKIP,SKIPPED,,,,,0,radar_block,reason=momentum_too_small conf=0.3349 mom_sig=0.00000000 raw_mom_bps=0.00000000 spread_bps=0.69080000 tension=0.00000000 bid_drop=0.00000000 ask_drop=0.00000000
2026-07-08T18:16:15Z,825,SKIP,SKIPPED,,,,,0,radar_block,reason=momentum_too_small conf=0.3321 mom_sig=0.00000000 raw_mom_bps=0.00000000 spread_bps=0.81930000 tension=0.00000000 bid_drop=0.00000000 ask_drop=0.00000000
2026-07-08T18:16:33Z,826,SELL,FILLED,62250.40000000,62251.20000000,0.00950000,-0.12851323,-0.00760000,shock_inversion_stop,radar=long conf=0.9418 size_note=strong_conf_full+entry_25_75_full soft=0 pct=-0.00128513 tension=4.28284950 bid_drop=0.00000000 ask_drop=27.83852172
2026-07-08T18:16:44Z,827,SKIP,SKIPPED,,,,,0,llm_gate,reason=ollama_skip status=SKIP
2026-07-08T18:16:59Z,828,SKIP,SKIPPED,,,,,0,radar_block,reason=direction_unclear conf=0.1807 mom_sig=0.11547944 raw_mom_bps=0.51405622 spread_bps=0.97980000 tension=0.11547944 bid_drop=0.75061634 ask_drop=0.00000000
2026-07-08T18:17:11Z,829,SKIP,SKIPPED,,,,,0,llm_gate,reason=ollama_skip status=SKIP
2026-07-08T18:17:19Z,830,SKIP,SKIPPED,,,,,0,radar_block,reason=momentum_too_small conf=0.0 mom_sig=0.00000442 raw_mom_bps=0.00000000 spread_bps=1.54150000 tension=0.00000442 bid_drop=0.00000000 ask_drop=0.00002873
2026-07-08T18:17:26Z,831,SKIP,SKIPPED,,,,,0,impulse_resonance_wait,reason=wall_not_collapsed tension=0.25532214 bid_drop=1.65959388 ask_drop=0.00018103
2026-07-08T18:17:34Z,832,SKIP,SKIPPED,,,,,0,radar_block,reason=momentum_too_small conf=0.0001 mom_sig=0.00003537 raw_mom_bps=0.00000000 spread_bps=2.03920000 tension=0.00003537 bid_drop=0.00000000 ask_drop=0.00022990
2026-07-08T18:17:41Z,833,SKIP,SKIPPED,,,,,0,radar_block,reason=direction_unclear conf=0.2764 mom_sig=0.18537853 raw_mom_bps=0.00000000 spread_bps=1.68590000 tension=0.18537853 bid_drop=1.20496042 ask_drop=0.00013227
2026-07-08T18:17:48Z,834,SKIP,SKIPPED,,,,,0,impulse_resonance_wait,reason=wall_not_collapsed tension=0.95245128 bid_drop=6.19093329 ask_drop=0.00030233
2026-07-08T18:17:55Z,835,SKIP,SKIPPED,,,,,0,radar_block,reason=momentum_too_small conf=0.0033 mom_sig=0.00210654 raw_mom_bps=0.00000000 spread_bps=0.93130000 tension=0.00210654 bid_drop=0.01369253 ask_drop=0.00000000
2026-07-08T18:18:02Z,836,SKIP,SKIPPED,,,,,0,tactic_mismatch,mom=short structure=long
2026-07-08T18:18:09Z,837,SKIP,SKIPPED,,,,,0,radar_block,reason=momentum_too_small conf=0.3268 mom_sig=0.00000000 raw_mom_bps=0.00000000 spread_bps=1.05970000 tension=0.00000000 bid_drop=0.00000000 ask_drop=0.00000000
2026-07-08T18:18:17Z,838,SKIP,SKIPPED,,,,,0,radar_block,reason=momentum_too_small conf=0.0 mom_sig=0.00001798 raw_mom_bps=0.00000000 spread_bps=1.71810000 tension=0.00001798 bid_drop=0.00000000 ask_drop=0.00011686
2026-07-08T18:18:23Z,839,SKIP,SKIPPED,,,,,0,impulse_resonance_wait,reason=wall_not_collapsed tension=0.55297053 bid_drop=3.59430843 ask_drop=0.00001096
2026-07-08T18:18:30Z,840,SKIP,SKIPPED,,,,,0,impulse_resonance_wait,reason=wall_not_collapsed tension=0.78073156 bid_drop=5.07475513 ask_drop=0.00000000
2026-07-08T18:18:37Z,841,SKIP,SKIPPED,,,,,0,radar_block,reason=momentum_too_small conf=0.0001 mom_sig=0.00008635 raw_mom_bps=-0.40151032 spread_bps=2.80990000 tension=0.00008635 bid_drop=0.00056125 ask_drop=0.00000000
2026-07-08T18:18:45Z,842,SKIP,SKIPPED,,,,,0,radar_block,reason=momentum_too_small conf=0.3405 mom_sig=0.00000000 raw_mom_bps=0.00000000 spread_bps=0.43350000 tension=0.00000000 bid_drop=0.00000000 ask_drop=0.00000000
2026-07-08T18:18:52Z,843,SKIP,SKIPPED,,,,,0,radar_block,reason=momentum_too_small conf=0.0001 mom_sig=0.00004081 raw_mom_bps=0.00000000 spread_bps=0.44960000 tension=0.00004081 bid_drop=0.00000000 ask_drop=0.00026529
2026-07-08T18:18:59Z,844,SKIP,SKIPPED,,,,,0,radar_block,reason=momentum_too_small conf=0.0001 mom_sig=0.00006859 raw_mom_bps=0.00000000 spread_bps=0.33720000 tension=0.00006859 bid_drop=0.00044586 ask_drop=0.00004003
2026-07-08T18:19:08Z,845,SKIP,SKIPPED,,,,,0,radar_block,reason=momentum_too_small conf=0.3419 mom_sig=0.00000000 raw_mom_bps=0.00000000 spread_bps=0.36930000 tension=0.00000000 bid_drop=0.00000000 ask_drop=0.00000000
2026-07-08T18:19:18Z,846,SKIP,SKIPPED,,,,,0,llm_gate,reason=ollama_skip status=SKIP
2026-07-08T18:19:26Z,847,SKIP,SKIPPED,,,,,0,radar_block,reason=momentum_too_small conf=0.3282 mom_sig=0.00000000 raw_mom_bps=0.00000000 spread_bps=0.99540000 tension=0.00000000 bid_drop=0.00000000 ask_drop=0.00000000
2026-07-08T18:19:34Z,848,SKIP,SKIPPED,,,,,0,radar_block,reason=direction_unclear conf=0.1906 mom_sig=0.12064148 raw_mom_bps=0.00000000 spread_bps=0.83480000 tension=0.12064148 bid_drop=0.00000000 ask_drop=0.78416964
2026-07-08T18:19:48Z,849,SKIP,SKIPPED,,,,,0,impulse_resonance_wait,reason=wall_not_collapsed tension=0.74604692 bid_drop=4.84930496 ask_drop=0.00000000
2026-07-08T18:19:55Z,850,SKIP,SKIPPED,,,,,0,radar_block,reason=momentum_too_small conf=0.3317 mom_sig=0.00000000 raw_mom_bps=0.00000000 spread_bps=0.83480000 tension=0.00000000 bid_drop=0.00000000 ask_drop=0.00000000
2026-07-08T18:20:02Z,851,SKIP,SKIPPED,,,,,0,radar_block,reason=momentum_too_small conf=0.0 mom_sig=0.00000505 raw_mom_bps=-0.08027705 spread_bps=1.01140000 tension=0.00000505 bid_drop=0.00000000 ask_drop=0.00003285
2026-07-08T18:20:11Z,852,SKIP,SKIPPED,,,,,0,llm_gate,reason=ollama_skip status=SKIP
2026-07-08T18:20:23Z,853,SKIP,SKIPPED,,,,,0,radar_block,reason=momentum_too_small conf=0.0002 mom_sig=0.00014940 raw_mom_bps=0.00000000 spread_bps=0.75450000 tension=0.00014940 bid_drop=0.00097110 ask_drop=0.00000000
2026-07-08T18:20:31Z,854,SKIP,SKIPPED,,,,,0,radar_block,reason=momentum_too_small conf=0.0001 mom_sig=0.00008232 raw_mom_bps=0.00000000 spread_bps=0.75450000 tension=0.00008232 bid_drop=0.00053511 ask_drop=0.00000000
2026-07-08T18:20:38Z,855,SKIP,SKIPPED,,,,,0,radar_block,reason=momentum_too_small conf=0.0006 mom_sig=0.00040077 raw_mom_bps=0.00000000 spread_bps=0.75450000 tension=0.00040077 bid_drop=0.00046576 ask_drop=0.00260502
2026-07-08T18:20:45Z,856,SKIP,SKIPPED,,,,,0,radar_block,reason=momentum_too_small conf=0.0001 mom_sig=0.00007517 raw_mom_bps=0.00000000 spread_bps=0.75450000 tension=0.00007517 bid_drop=0.00048860 ask_drop=0.00000000
2026-07-08T18:20:52Z,857,SKIP,SKIPPED,,,,,0,radar_block,reason=momentum_too_small conf=0.0006 mom_sig=0.00040586 raw_mom_bps=0.00000000 spread_bps=0.75450000 tension=0.00040586 bid_drop=0.00024430 ask_drop=0.00263810
2026-07-08T18:20:59Z,858,SKIP,SKIPPED,,,,,0,radar_block,reason=momentum_too_small conf=0.0002 mom_sig=0.00011746 raw_mom_bps=0.00000000 spread_bps=0.75450000 tension=0.00011746 bid_drop=0.00076347 ask_drop=0.00000000
2026-07-08T18:21:07Z,859,SKIP,SKIPPED,,,,,0,radar_block,reason=momentum_too_small conf=0.0002 mom_sig=0.00012496 raw_mom_bps=0.00000000 spread_bps=0.67430000 tension=0.00012496 bid_drop=0.00081224 ask_drop=0.00000000
2026-07-08T18:21:14Z,860,SKIP,SKIPPED,,,,,0,impulse_resonance_wait,reason=wall_not_collapsed tension=0.68193447 bid_drop=4.43257408 ask_drop=0.00002963
2026-07-08T18:21:22Z,861,SKIP,SKIPPED,,,,,0,impulse_resonance_wait,reason=wall_not_collapsed tension=0.48258115 bid_drop=3.13677750 ask_drop=0.00000000
2026-07-08T18:21:28Z,862,SKIP,SKIPPED,,,,,0,radar_block,reason=momentum_too_small conf=0.0002 mom_sig=0.00009671 raw_mom_bps=0.00000000 spread_bps=0.75450000 tension=0.00009671 bid_drop=0.00062864 ask_drop=0.00000000
2026-07-08T18:21:36Z,863,SKIP,SKIPPED,,,,,0,radar_block,reason=momentum_too_small conf=0.3335 mom_sig=0.00000000 raw_mom_bps=0.00000000 spread_bps=0.75450000 tension=0.00000000 bid_drop=0.00000000 ask_drop=0.00000000
2026-07-08T18:21:58Z,864,SELL,FILLED,62284.30000000,62284.30000000,0.00950000,-0.00000000,-0.00000000,shock_inversion_stop,radar=long conf=0.9528 size_note=strong_conf_full+entry_25_75_full soft=0 pct=-0.00000000 tension=1.80589322 bid_drop=11.73830591 ask_drop=0.00026358
2026-07-08T18:22:17Z,865,SKIP,SKIPPED,,,,,0,llm_gate,reason=ollama_skip status=SKIP
2026-07-08T18:22:29Z,866,SKIP,SKIPPED,,,,,0,impulse_resonance_wait,reason=wall_not_collapsed tension=0.85020818 bid_drop=5.52635318 ask_drop=0.00000000
2026-07-08T18:22:37Z,867,SKIP,SKIPPED,,,,,0,radar_block,reason=momentum_too_small conf=0.3423 mom_sig=0.00000000 raw_mom_bps=0.00000000 spread_bps=0.35320000 tension=0.00000000 bid_drop=0.00000000 ask_drop=0.00000000
2026-07-08T18:22:48Z,868,SKIP,SKIPPED,,,,,0,radar_block,reason=momentum_too_small conf=0.0004 mom_sig=0.00021669 raw_mom_bps=0.00000000 spread_bps=0.35320000 tension=0.00021669 bid_drop=0.00140846 ask_drop=0.00026361
2026-07-08T18:23:00Z,869,SKIP,SKIPPED,,,,,0,radar_block,reason=momentum_too_small conf=0.3303 mom_sig=0.00000000 raw_mom_bps=0.00000000 spread_bps=0.89910000 tension=0.00000000 bid_drop=0.00000000 ask_drop=0.00000000
2026-07-08T18:23:08Z,870,SKIP,SKIPPED,,,,,0,radar_block,reason=momentum_too_small conf=0.3479 mom_sig=0.00000000 raw_mom_bps=0.00000000 spread_bps=0.09630000 tension=0.00000000 bid_drop=0.00000000 ask_drop=0.00000000
2026-07-08T18:23:15Z,871,SKIP,SKIPPED,,,,,0,radar_block,reason=momentum_too_small conf=0.3219 mom_sig=0.00000000 raw_mom_bps=0.00000000 spread_bps=1.28450000 tension=0.00000000 bid_drop=0.00000000 ask_drop=0.00000000
2026-07-08T18:23:29Z,872,SKIP,SKIPPED,,,,,0,llm_gate,reason=ollama_skip status=SKIP
2026-07-08T18:23:42Z,873,SKIP,SKIPPED,,,,,0,impulse_resonance_wait,reason=wall_not_collapsed tension=0.24577637 bid_drop=0.00000000 ask_drop=1.59754641
2026-07-08T18:23:55Z,874,SKIP,SKIPPED,,,,,0,llm_gate,reason=ollama_skip status=SKIP
2026-07-08T18:24:06Z,875,SKIP,SKIPPED,,,,,0,radar_block,reason=low_confidence conf=0.2845 mom_sig=0.24603667 raw_mom_bps=-0.03213492 spread_bps=4.89850000 tension=0.24603667 bid_drop=0.00000000 ask_drop=1.59923837
2026-07-08T18:24:25Z,876,SKIP,SKIPPED,,,,,0,llm_gate,reason=ollama_skip status=SKIP
2026-07-08T18:24:38Z,877,SKIP,SKIPPED,,,,,0,radar_block,reason=momentum_too_small conf=0.0001 mom_sig=0.00004725 raw_mom_bps=0.00000000 spread_bps=0.09640000 tension=0.00004725 bid_drop=0.00001481 ask_drop=0.00030711
2026-07-08T18:24:55Z,878,SKIP,SKIPPED,,,,,0,llm_gate,reason=ollama_skip status=SKIP
2026-07-08T18:25:14Z,879,SKIP,SKIPPED,,,,,0,tactic_mismatch,mom=long structure=short
2026-07-08T18:25:21Z,880,SKIP,SKIPPED,,,,,0,radar_block,reason=direction_unclear conf=0.2566 mom_sig=0.16332916 raw_mom_bps=0.00000000 spread_bps=0.91620000 tension=0.16332916 bid_drop=1.06163955 ask_drop=0.00000000
2026-07-08T18:25:28Z,881,SKIP,SKIPPED,,,,,0,impulse_resonance_wait,reason=wall_not_collapsed tension=0.59294250 bid_drop=3.85412626 ask_drop=0.00000000
2026-07-08T18:25:35Z,882,SKIP,SKIPPED,,,,,0,impulse_resonance_wait,reason=wall_not_collapsed tension=0.61861764 bid_drop=0.00000000 ask_drop=4.02101469
2026-07-08T18:25:42Z,883,SKIP,SKIPPED,,,,,0,radar_block,reason=momentum_too_small conf=0.0001 mom_sig=0.00008058 raw_mom_bps=0.99674450 spread_bps=0.40190000 tension=0.00008058 bid_drop=0.00052378 ask_drop=0.00000000
2026-07-08T18:25:50Z,884,SKIP,SKIPPED,,,,,0,impulse_resonance_wait,reason=wall_not_collapsed tension=0.96472975 bid_drop=0.00000000 ask_drop=6.27074337
2026-07-08T18:26:10Z,885,SKIP,SKIPPED,,,,,0,radar_block,reason=momentum_too_small conf=0.3215 mom_sig=0.00000000 raw_mom_bps=-0.72344010 spread_bps=1.30230000 tension=0.00000000 bid_drop=0.00000000 ask_drop=0.00000000
2026-07-08T18:26:21Z,886,SKIP,SKIPPED,,,,,0,radar_block,reason=momentum_too_small conf=0.0045 mom_sig=0.00310581 raw_mom_bps=0.00000000 spread_bps=2.07400000 tension=0.00310581 bid_drop=0.02018776 ask_drop=0.00000000
2026-07-08T18:26:30Z,887,SKIP,SKIPPED,,,,,0,radar_block,reason=direction_unclear conf=0.0152 mom_sig=0.01078269 raw_mom_bps=0.00000000 spread_bps=2.50800000 tension=0.01078269 bid_drop=0.07008747 ask_drop=0.00000000
2026-07-08T18:26:38Z,888,SKIP,SKIPPED,,,,,0,radar_block,reason=momentum_too_small conf=0.2804 mom_sig=0.00000000 raw_mom_bps=0.00000000 spread_bps=3.18330000 tension=0.00000000 bid_drop=0.00000000 ask_drop=0.00000000
2026-07-08T18:26:45Z,889,SKIP,SKIPPED,,,,,0,radar_block,reason=momentum_too_small conf=0.2804 mom_sig=0.00000000 raw_mom_bps=0.00000000 spread_bps=3.18330000 tension=0.00000000 bid_drop=0.00000000 ask_drop=0.00000000
2026-07-08T18:26:52Z,890,SKIP,SKIPPED,,,,,0,radar_block,reason=momentum_too_small conf=0.3212 mom_sig=0.00000000 raw_mom_bps=-0.09649374 spread_bps=1.31830000 tension=0.00000000 bid_drop=0.00000000 ask_drop=0.00000000
2026-07-08T18:26:59Z,891,SKIP,SKIPPED,,,,,0,radar_block,reason=momentum_too_small conf=0.3387 mom_sig=0.00000000 raw_mom_bps=0.00000000 spread_bps=0.51460000 tension=0.00000000 bid_drop=0.00000000 ask_drop=0.00000000
2026-07-08T18:27:06Z,892,SKIP,SKIPPED,,,,,0,radar_block,reason=momentum_too_small conf=0.0 mom_sig=0.00003051 raw_mom_bps=0.00000000 spread_bps=0.51460000 tension=0.00003051 bid_drop=0.00001936 ask_drop=0.00019831
2026-07-08T18:27:15Z,893,SKIP,SKIPPED,,,,,0,llm_gate,reason=ollama_skip status=SKIP
2026-07-08T18:27:31Z,894,SKIP,SKIPPED,,,,,0,impulse_resonance_wait,reason=wall_not_collapsed tension=0.22563036 bid_drop=0.00091743 ask_drop=1.46659734
2026-07-08T18:27:42Z,895,SKIP,SKIPPED,,,,,0,radar_block,reason=momentum_too_small conf=0.2783 mom_sig=0.00000000 raw_mom_bps=0.00000000 spread_bps=3.27970000 tension=0.00000000 bid_drop=0.00000000 ask_drop=0.00000000
2026-07-08T18:27:54Z,896,SKIP,SKIPPED,,,,,0,radar_block,reason=momentum_too_small conf=0.0003 mom_sig=0.00015554 raw_mom_bps=0.00000000 spread_bps=0.45010000 tension=0.00015554 bid_drop=0.00074655 ask_drop=0.00101101
2026-07-08T18:28:03Z,897,SKIP,SKIPPED,,,,,0,radar_block,reason=momentum_too_small conf=0.2624 mom_sig=0.00000000 raw_mom_bps=0.00000000 spread_bps=4.00290000 tension=0.00000000 bid_drop=0.00000000 ask_drop=0.00000000
2026-07-08T18:28:10Z,898,SKIP,SKIPPED,,,,,0,radar_block,reason=momentum_too_small conf=0.3293 mom_sig=0.00000000 raw_mom_bps=0.00000000 spread_bps=0.94850000 tension=0.00000000 bid_drop=0.00000000 ask_drop=0.00000000
2026-07-08T18:28:17Z,899,SKIP,SKIPPED,,,,,0,radar_block,reason=momentum_too_small conf=0.3278 mom_sig=0.00000000 raw_mom_bps=0.28936813 spread_bps=1.01280000 tension=0.00000000 bid_drop=0.00000000 ask_drop=0.00000000
2026-07-08T18:28:28Z,900,SKIP,SKIPPED,,,,,0,radar_block,reason=momentum_too_small conf=0.0001 mom_sig=0.00004836 raw_mom_bps=0.00000000 spread_bps=2.34670000 tension=0.00004836 bid_drop=0.00031432 ask_drop=0.00000000
2026-07-08T18:28:37Z,901,SKIP,SKIPPED,,,,,0,radar_block,reason=momentum_too_small conf=0.2944 mom_sig=0.00000000 raw_mom_bps=0.00000000 spread_bps=2.53950000 tension=0.00000000 bid_drop=0.00000000 ask_drop=0.00000000
2026-07-08T18:28:44Z,902,SKIP,SKIPPED,,,,,0,radar_block,reason=momentum_too_small conf=0.3011 mom_sig=0.00000000 raw_mom_bps=0.00000000 spread_bps=2.23470000 tension=0.00000000 bid_drop=0.00000000 ask_drop=0.00000000
2026-07-08T18:28:53Z,903,SKIP,SKIPPED,,,,,0,llm_gate,reason=ollama_skip status=SKIP
2026-07-08T18:29:00Z,904,SKIP,SKIPPED,,,,,0,radar_block,reason=momentum_too_small conf=0.0 mom_sig=0.00002987 raw_mom_bps=0.00000000 spread_bps=3.27970000 tension=0.00002987 bid_drop=0.00019416 ask_drop=0.00000000
2026-07-08T18:29:07Z,905,SKIP,SKIPPED,,,,,0,radar_block,reason=momentum_too_small conf=0.2783 mom_sig=0.00000000 raw_mom_bps=-0.57893450 spread_bps=3.27970000 tension=0.00000000 bid_drop=0.00000000 ask_drop=0.00000000
2026-07-08T18:29:15Z,906,SKIP,SKIPPED,,,,,0,llm_gate,reason=ollama_skip status=SKIP
2026-07-08T18:29:23Z,907,SKIP,SKIPPED,,,,,0,radar_block,reason=momentum_too_small conf=0.0 mom_sig=0.00000391 raw_mom_bps=-0.01608273 spread_bps=3.47270000 tension=0.00000391 bid_drop=0.00002539 ask_drop=0.00000000
2026-07-08T18:29:31Z,908,SKIP,SKIPPED,,,,,0,impulse_resonance_wait,reason=wall_not_collapsed tension=0.29525905 bid_drop=0.00000000 ask_drop=1.91918385
2026-07-08T18:29:39Z,909,SKIP,SKIPPED,,,,,0,llm_gate,reason=ollama_skip status=SKIP
2026-07-08T18:29:47Z,910,SKIP,SKIPPED,,,,,0,radar_block,reason=momentum_too_small conf=0.0 mom_sig=0.00000302 raw_mom_bps=0.00000000 spread_bps=4.19610000 tension=0.00000302 bid_drop=0.00001966 ask_drop=0.00000000
2026-07-08T18:30:06Z,911,SELL,FILLED,62172.70000000,62172.40000000,0.00950000,0.04825269,0.00285000,shock_inversion_stop,radar=short conf=0.7227 size_note=strong_conf_full+entry_25_75_full soft=0 pct=0.00048253 tension=3.95446056 bid_drop=0.00000000 ask_drop=25.70399361
2026-07-08T18:30:13Z,912,SKIP,SKIPPED,,,,,0,radar_block,reason=momentum_too_small conf=0.0047 mom_sig=0.00517276 raw_mom_bps=0.00000000 spread_bps=7.28110000 tension=0.00517276 bid_drop=0.03362291 ask_drop=0.00000000
2026-07-08T18:30:20Z,913,SKIP,SKIPPED,,,,,0,radar_block,reason=momentum_too_small conf=0.0049 mom_sig=0.00501891 raw_mom_bps=0.00000000 spread_bps=6.60650000 tension=0.00501891 bid_drop=0.03262289 ask_drop=0.00002153
2026-07-08T18:30:28Z,914,SKIP,SKIPPED,,,,,0,radar_block,reason=momentum_too_small conf=0.008 mom_sig=0.00892674 raw_mom_bps=-0.06433920 spread_bps=7.34540000 tension=0.00892674 bid_drop=0.05802378 ask_drop=0.00000000
2026-07-08T18:30:38Z,915,SKIP,SKIPPED,,,,,0,radar_block,reason=momentum_too_small conf=0.0 mom_sig=0.00001902 raw_mom_bps=-7.34540101 spread_bps=7.10430000 tension=0.00001902 bid_drop=0.00012365 ask_drop=0.00000000
2026-07-08T18:30:45Z,916,SKIP,SKIPPED,,,,,0,radar_block,reason=momentum_too_small conf=0.0 mom_sig=0.00001116 raw_mom_bps=0.00000000 spread_bps=4.91940000 tension=0.00001116 bid_drop=0.00007256 ask_drop=0.00000000
2026-07-08T18:30:51Z,917,SKIP,SKIPPED,,,,,0,radar_block,reason=momentum_too_small conf=0.0 mom_sig=0.00001613 raw_mom_bps=0.00000000 spread_bps=7.10430000 tension=0.00001613 bid_drop=0.00010483 ask_drop=0.00000000
2026-07-08T18:30:58Z,918,SKIP,SKIPPED,,,,,0,radar_block,reason=momentum_too_small conf=0.0 mom_sig=0.00000951 raw_mom_bps=0.00000000 spread_bps=5.08010000 tension=0.00000951 bid_drop=0.00006182 ask_drop=0.00000000
2026-07-08T18:31:06Z,919,SKIP,SKIPPED,,,,,0,radar_block,reason=momentum_too_small conf=0.0001 mom_sig=0.00012868 raw_mom_bps=0.00000000 spread_bps=5.08010000 tension=0.00012868 bid_drop=0.00083644 ask_drop=0.00002159
2026-07-08T18:31:24Z,920,SELL,FILLED,62215.80000000,62170.10000000,0.00950000,7.34540101,0.43415000,shock_inversion_stop,radar=short conf=0.6825 size_note=strong_conf_full+entry_25_75_full soft=0 pct=0.07345401 tension=3.96460196 bid_drop=0.00016178 ask_drop=25.76991271
2026-07-08T18:31:32Z,921,SKIP,SKIPPED,,,,,0,radar_block,reason=momentum_too_small conf=0.2248 mom_sig=0.00000000 raw_mom_bps=0.00000000 spread_bps=5.72290000 tension=0.00000000 bid_drop=0.00000000 ask_drop=0.00000000
2026-07-08T18:31:39Z,922,SKIP,SKIPPED,,,,,0,radar_block,reason=momentum_too_small conf=0.3447 mom_sig=0.00000000 raw_mom_bps=0.00000000 spread_bps=0.24130000 tension=0.00000000 bid_drop=0.00000000 ask_drop=0.00000000
2026-07-08T18:31:46Z,923,SKIP,SKIPPED,,,,,0,radar_block,reason=momentum_too_small conf=0.3447 mom_sig=0.00000000 raw_mom_bps=0.00000000 spread_bps=0.24130000 tension=0.00000000 bid_drop=0.00000000 ask_drop=0.00000000
2026-07-08T18:31:54Z,924,SKIP,SKIPPED,,,,,0,radar_block,reason=momentum_too_small conf=0.0 mom_sig=0.00001364 raw_mom_bps=0.00000000 spread_bps=0.24130000 tension=0.00001364 bid_drop=0.00008868 ask_drop=0.00000000
2026-07-08T18:32:01Z,925,SKIP,SKIPPED,,,,,0,radar_block,reason=momentum_too_small conf=0.0003 mom_sig=0.00017204 raw_mom_bps=0.00000000 spread_bps=0.24130000 tension=0.00017204 bid_drop=0.00004434 ask_drop=0.00111825
2026-07-08T18:32:09Z,926,SKIP,SKIPPED,,,,,0,radar_block,reason=momentum_too_small conf=0.0 mom_sig=0.00002002 raw_mom_bps=0.00000000 spread_bps=0.24130000 tension=0.00002002 bid_drop=0.00013014 ask_drop=0.00000000
2026-07-08T18:32:16Z,927,SKIP,SKIPPED,,,,,0,radar_block,reason=momentum_too_small conf=0.3447 mom_sig=0.00000000 raw_mom_bps=0.00000000 spread_bps=0.24130000 tension=0.00000000 bid_drop=0.00000000 ask_drop=0.00000000
2026-07-08T18:32:24Z,928,SKIP,SKIPPED,,,,,0,radar_block,reason=momentum_too_small conf=0.0 mom_sig=0.00000860 raw_mom_bps=0.00000000 spread_bps=0.24130000 tension=0.00000860 bid_drop=0.00002958 ask_drop=0.00005593
2026-07-08T18:32:32Z,929,SKIP,SKIPPED,,,,,0,radar_block,reason=momentum_too_small conf=0.0 mom_sig=0.00001183 raw_mom_bps=0.00000000 spread_bps=0.24130000 tension=0.00001183 bid_drop=0.00007690 ask_drop=0.00000000
2026-07-08T18:32:40Z,930,SKIP,SKIPPED,,,,,0,radar_block,reason=momentum_too_small conf=0.0 mom_sig=0.00002960 raw_mom_bps=0.00000000 spread_bps=0.24130000 tension=0.00002960 bid_drop=0.00019240 ask_drop=0.00000000
2026-07-08T18:32:47Z,931,SKIP,SKIPPED,,,,,0,radar_block,reason=momentum_too_small conf=0.0074 mom_sig=0.00452064 raw_mom_bps=0.00000000 spread_bps=0.24130000 tension=0.00452064 bid_drop=0.00008880 ask_drop=0.02938415
2026-07-08T18:32:54Z,932,SKIP,SKIPPED,,,,,0,radar_block,reason=momentum_too_small conf=0.0 mom_sig=0.00001776 raw_mom_bps=0.00000000 spread_bps=0.24130000 tension=0.00001776 bid_drop=0.00011544 ask_drop=0.00000000
2026-07-08T18:33:01Z,933,SKIP,SKIPPED,,,,,0,radar_block,reason=momentum_too_small conf=0.3447 mom_sig=0.00000000 raw_mom_bps=0.00000000 spread_bps=0.24130000 tension=0.00000000 bid_drop=0.00000000 ask_drop=0.00000000
2026-07-08T18:33:11Z,934,SKIP,SKIPPED,,,,,0,radar_block,reason=momentum_too_small conf=0.0001 mom_sig=0.00003329 raw_mom_bps=0.00000000 spread_bps=0.24130000 tension=0.00003329 bid_drop=0.00021637 ask_drop=0.00000000
2026-07-08T18:33:18Z,935,SKIP,SKIPPED,,,,,0,radar_block,reason=momentum_too_small conf=0.0 mom_sig=0.00000410 raw_mom_bps=0.00000000 spread_bps=0.24130000 tension=0.00000410 bid_drop=0.00002668 ask_drop=0.00000000
2026-07-08T18:33:25Z,936,SKIP,SKIPPED,,,,,0,radar_block,reason=momentum_too_small conf=0.0 mom_sig=0.00002508 raw_mom_bps=0.00000000 spread_bps=0.24130000 tension=0.00002508 bid_drop=0.00016303 ask_drop=0.00000000
2026-07-08T18:33:32Z,937,SKIP,SKIPPED,,,,,0,radar_block,reason=momentum_too_small conf=0.0 mom_sig=0.00001277 raw_mom_bps=0.00000000 spread_bps=0.24130000 tension=0.00001277 bid_drop=0.00008299 ask_drop=0.00000000
2026-07-08T18:33:39Z,938,SKIP,SKIPPED,,,,,0,radar_block,reason=momentum_too_small conf=0.3447 mom_sig=0.00000000 raw_mom_bps=0.00000000 spread_bps=0.24130000 tension=0.00000000 bid_drop=0.00000000 ask_drop=0.00000000
2026-07-08T18:33:47Z,939,SKIP,SKIPPED,,,,,0,radar_block,reason=momentum_too_small conf=0.0 mom_sig=0.00000410 raw_mom_bps=0.00000000 spread_bps=0.24130000 tension=0.00000410 bid_drop=0.00002667 ask_drop=0.00000000
2026-07-08T18:33:57Z,940,SKIP,SKIPPED,,,,,0,impulse_resonance_wait,reason=wall_not_collapsed tension=0.29693889 bid_drop=0.00014813 ask_drop=1.93010276
2026-07-08T18:34:10Z,941,SKIP,SKIPPED,,,,,0,radar_block,reason=momentum_too_small conf=0.0002 mom_sig=0.00009474 raw_mom_bps=0.00000000 spread_bps=0.24130000 tension=0.00009474 bid_drop=0.00024884 ask_drop=0.00061578
2026-07-08T18:34:19Z,942,SKIP,SKIPPED,,,,,0,radar_block,reason=momentum_too_small conf=0.0 mom_sig=0.00002734 raw_mom_bps=0.00000000 spread_bps=1.31890000 tension=0.00002734 bid_drop=0.00017774 ask_drop=0.00000000
2026-07-08T18:34:27Z,943,SKIP,SKIPPED,,,,,0,radar_block,reason=momentum_too_small conf=0.0017 mom_sig=0.00147786 raw_mom_bps=0.00000000 spread_bps=5.13100000 tension=0.00147786 bid_drop=0.00960610 ask_drop=0.00000000
2026-07-08T18:34:34Z,944,SKIP,SKIPPED,,,,,0,radar_block,reason=momentum_too_small conf=0.0 mom_sig=0.00000206 raw_mom_bps=0.00000000 spread_bps=0.08050000 tension=0.00000206 bid_drop=0.00001342 ask_drop=0.00000000
2026-07-08T18:34:41Z,945,SKIP,SKIPPED,,,,,0,radar_block,reason=momentum_too_small conf=0.0 mom_sig=0.00000126 raw_mom_bps=0.00000000 spread_bps=0.09660000 tension=0.00000126 bid_drop=0.00000000 ask_drop=0.00000820
2026-07-08T18:34:48Z,946,SKIP,SKIPPED,,,,,0,radar_block,reason=momentum_too_small conf=0.0 mom_sig=0.00001183 raw_mom_bps=0.00000000 spread_bps=0.16110000 tension=0.00001183 bid_drop=0.00001543 ask_drop=0.00007692
2026-07-08T18:34:58Z,947,SKIP,SKIPPED,,,,,0,llm_gate,reason=ollama_skip status=SKIP
2026-07-08T18:35:05Z,948,SKIP,SKIPPED,,,,,0,radar_block,reason=momentum_too_small conf=0.3317 mom_sig=0.00000000 raw_mom_bps=0.00000000 spread_bps=0.83760000 tension=0.00000000 bid_drop=0.00000000 ask_drop=0.00000000
2026-07-08T18:35:12Z,949,SKIP,SKIPPED,,,,,0,radar_block,reason=momentum_too_small conf=0.0 mom_sig=0.00002160 raw_mom_bps=-0.83761807 spread_bps=0.91820000 tension=0.00002160 bid_drop=0.00014037 ask_drop=0.00000000
2026-07-08T18:35:19Z,950,SKIP,SKIPPED,,,,,0,radar_block,reason=momentum_too_small conf=0.3236 mom_sig=0.00000000 raw_mom_bps=0.00000000 spread_bps=1.20810000 tension=0.00000000 bid_drop=0.00000000 ask_drop=0.00000000
2026-07-08T18:35:28Z,951,SKIP,SKIPPED,,,,,0,impulse_resonance_wait,reason=wall_not_collapsed tension=0.41843889 bid_drop=2.71985281 ask_drop=0.01344437
2026-07-08T18:35:44Z,952,SKIP,SKIPPED,,,,,0,impulse_resonance_wait,reason=wall_not_collapsed tension=0.99777025 bid_drop=6.48550662 ask_drop=0.00264652
2026-07-08T18:35:51Z,953,SKIP,SKIPPED,,,,,0,radar_block,reason=momentum_too_small conf=0.0 mom_sig=0.00002195 raw_mom_bps=0.00000000 spread_bps=2.07790000 tension=0.00002195 bid_drop=0.00014270 ask_drop=0.00000000
2026-07-08T18:35:58Z,954,SKIP,SKIPPED,,,,,0,radar_block,reason=momentum_too_small conf=0.0 mom_sig=0.00002143 raw_mom_bps=0.00000000 spread_bps=2.20680000 tension=0.00002143 bid_drop=0.00013931 ask_drop=0.00000000
2026-07-08T18:36:06Z,955,SKIP,SKIPPED,,,,,0,radar_block,reason=momentum_too_small conf=0.0129 mom_sig=0.00897128 raw_mom_bps=0.00000000 spread_bps=2.20680000 tension=0.00897128 bid_drop=0.00022305 ask_drop=0.05831332
2026-07-08T18:36:14Z,956,SKIP,SKIPPED,,,,,0,radar_block,reason=momentum_too_small conf=0.0 mom_sig=0.00000813 raw_mom_bps=0.00000000 spread_bps=2.20680000 tension=0.00000813 bid_drop=0.00005287 ask_drop=0.00000000
2026-07-08T18:36:21Z,957,SKIP,SKIPPED,,,,,0,radar_block,reason=momentum_too_small conf=0.0 mom_sig=0.00002597 raw_mom_bps=0.00000000 spread_bps=2.20680000 tension=0.00002597 bid_drop=0.00016880 ask_drop=0.00000000
2026-07-08T18:36:28Z,958,SKIP,SKIPPED,,,,,0,radar_block,reason=momentum_too_small conf=0.0 mom_sig=0.00003459 raw_mom_bps=0.00000000 spread_bps=2.20680000 tension=0.00003459 bid_drop=0.00022485 ask_drop=0.00000000
2026-07-08T18:36:35Z,959,SKIP,SKIPPED,,,,,0,radar_block,reason=momentum_too_small conf=0.3017 mom_sig=0.00000000 raw_mom_bps=0.00000000 spread_bps=2.20680000 tension=0.00000000 bid_drop=0.00000000 ask_drop=0.00000000
2026-07-08T18:36:42Z,960,SKIP,SKIPPED,,,,,0,radar_block,reason=momentum_too_small conf=0.0 mom_sig=0.00001251 raw_mom_bps=2.20728856 spread_bps=2.20680000 tension=0.00001251 bid_drop=0.00008132 ask_drop=0.00000000
2026-07-08T18:36:54Z,961,SKIP,SKIPPED,,,,,0,impulse_resonance_wait,reason=wall_not_collapsed tension=0.53715708 bid_drop=3.49152105 ask_drop=0.00000000
2026-07-08T18:37:01Z,962,SKIP,SKIPPED,,,,,0,radar_block,reason=momentum_too_small conf=0.0003 mom_sig=0.00019156 raw_mom_bps=0.00000000 spread_bps=2.20680000 tension=0.00019156 bid_drop=0.00124515 ask_drop=0.00000000
2026-07-08T18:37:08Z,963,SKIP,SKIPPED,,,,,0,radar_block,reason=momentum_too_small conf=0.3017 mom_sig=0.00000000 raw_mom_bps=0.00000000 spread_bps=2.20680000 tension=0.00000000 bid_drop=0.00000000 ask_drop=0.00000000
2026-07-08T18:37:23Z,964,SKIP,SKIPPED,,,,,0,radar_block,reason=momentum_too_small conf=0.0001 mom_sig=0.00004763 raw_mom_bps=0.00000000 spread_bps=2.20680000 tension=0.00004763 bid_drop=0.00000000 ask_drop=0.00030957
2026-07-08T18:37:34Z,965,SKIP,SKIPPED,,,,,0,radar_block,reason=momentum_too_small conf=0.3017 mom_sig=0.00000000 raw_mom_bps=0.00000000 spread_bps=2.20680000 tension=0.00000000 bid_drop=0.00000000 ask_drop=0.00000000
2026-07-08T18:37:43Z,966,SKIP,SKIPPED,,,,,0,radar_block,reason=momentum_too_small conf=0.3017 mom_sig=0.00000000 raw_mom_bps=0.00000000 spread_bps=2.20680000 tension=0.00000000 bid_drop=0.00000000 ask_drop=0.00000000
2026-07-08T18:37:52Z,967,SKIP,SKIPPED,,,,,0,llm_gate,reason=ollama_skip status=SKIP
2026-07-08T18:38:11Z,968,SKIP,SKIPPED,,,,,0,impulse_resonance_wait,reason=wall_not_collapsed tension=0.96327639 bid_drop=0.00000000 ask_drop=6.26129656
2026-07-08T18:38:33Z,969,SKIP,SKIPPED,,,,,0,radar_block,reason=momentum_too_small conf=0.3017 mom_sig=0.00000000 raw_mom_bps=-0.01611051 spread_bps=2.20680000 tension=0.00000000 bid_drop=0.00000000 ask_drop=0.00000000
2026-07-08T18:38:49Z,970,SKIP,SKIPPED,,,,,0,llm_gate,reason=ollama_skip status=SKIP
2026-07-08T18:38:56Z,971,SKIP,SKIPPED,,,,,0,radar_block,reason=momentum_too_small conf=0.3017 mom_sig=0.00000000 raw_mom_bps=0.00000000 spread_bps=2.20680000 tension=0.00000000 bid_drop=0.00000000 ask_drop=0.00000000
2026-07-08T18:39:05Z,972,SKIP,SKIPPED,,,,,0,llm_gate,reason=ollama_skip status=SKIP
2026-07-08T18:39:12Z,973,SKIP,SKIPPED,,,,,0,impulse_resonance_wait,reason=wall_not_collapsed tension=0.42708175 bid_drop=2.77603138 ask_drop=0.00000000
2026-07-08T18:39:35Z,974,SELL,FILLED,62067.10000000,62067.10000000,0.00950000,-0.00000000,-0.00000000,shock_inversion_stop,radar=long conf=0.8621 size_note=strong_conf_full+entry_25_75_full soft=0 pct=-0.00000000 tension=2.20896621 bid_drop=14.35828036 ask_drop=0.00000000
2026-07-08T18:39:52Z,975,SKIP,SKIPPED,,,,,0,radar_block,reason=momentum_too_small conf=0.0003 mom_sig=0.00019211 raw_mom_bps=0.00000000 spread_bps=2.20680000 tension=0.00019211 bid_drop=0.00000000 ask_drop=0.00124869
2026-07-08T18:40:06Z,976,SKIP,SKIPPED,,,,,0,radar_block,reason=momentum_too_small conf=0.0003 mom_sig=0.00021132 raw_mom_bps=0.00000000 spread_bps=2.20680000 tension=0.00021132 bid_drop=0.00000000 ask_drop=0.00137358
2026-07-08T18:40:33Z,977,SELL,FILLED,62067.10000000,62067.10000000,0.00950000,-0.00000000,-0.00000000,shock_inversion_stop,radar=long conf=0.8701 size_note=strong_conf_full+entry_25_75_full soft=0 pct=-0.00000000 tension=1.90110385 bid_drop=12.35717504 ask_drop=0.00000000
2026-07-08T18:40:42Z,978,SKIP,SKIPPED,,,,,0,radar_block,reason=momentum_too_small conf=0.3017 mom_sig=0.00000000 raw_mom_bps=0.00000000 spread_bps=2.20680000 tension=0.00000000 bid_drop=0.00000000 ask_drop=0.00000000
2026-07-08T18:40:49Z,979,SKIP,SKIPPED,,,,,0,radar_block,reason=momentum_too_small conf=0.3017 mom_sig=0.00000000 raw_mom_bps=0.00000000 spread_bps=2.20680000 tension=0.00000000 bid_drop=0.00000000 ask_drop=0.00000000
2026-07-08T18:40:59Z,980,SKIP,SKIPPED,,,,,0,radar_block,reason=momentum_too_small conf=0.0002 mom_sig=0.00015601 raw_mom_bps=0.00000000 spread_bps=0.69260000 tension=0.00015601 bid_drop=0.00101404 ask_drop=0.00000000
2026-07-08T18:41:06Z,981,SKIP,SKIPPED,,,,,0,radar_block,reason=momentum_too_small conf=0.3208 mom_sig=0.00000000 raw_mom_bps=0.00000000 spread_bps=1.33710000 tension=0.00000000 bid_drop=0.00000000 ask_drop=0.00000000
2026-07-08T18:41:15Z,982,SKIP,SKIPPED,,,,,0,impulse_resonance_wait,reason=wall_not_collapsed tension=0.54347728 bid_drop=3.53260233 ask_drop=0.00000000
2026-07-08T18:41:22Z,983,SKIP,SKIPPED,,,,,0,radar_block,reason=momentum_too_small conf=0.0 mom_sig=0.00001179 raw_mom_bps=0.00000000 spread_bps=1.33710000 tension=0.00001179 bid_drop=0.00007662 ask_drop=0.00000000
2026-07-08T18:41:29Z,984,SKIP,SKIPPED,,,,,0,radar_block,reason=momentum_too_small conf=0.0001 mom_sig=0.00004910 raw_mom_bps=0.00000000 spread_bps=2.20680000 tension=0.00004910 bid_drop=0.00031914 ask_drop=0.00000000
2026-07-08T18:41:36Z,985,SKIP,SKIPPED,,,,,0,radar_block,reason=momentum_too_small conf=0.0002 mom_sig=0.00010212 raw_mom_bps=0.00000000 spread_bps=1.53040000 tension=0.00010212 bid_drop=0.00066375 ask_drop=0.00000000
2026-07-08T18:41:43Z,986,SKIP,SKIPPED,,,,,0,radar_block,reason=direction_unclear conf=0.0308 mom_sig=0.02044931 raw_mom_bps=0.00000000 spread_bps=1.53040000 tension=0.02044931 bid_drop=0.13292051 ask_drop=0.00000000
2026-07-08T18:41:51Z,987,SKIP,SKIPPED,,,,,0,llm_gate,reason=ollama_skip status=SKIP
2026-07-08T18:41:58Z,988,SKIP,SKIPPED,,,,,0,radar_block,reason=momentum_too_small conf=0.0 mom_sig=0.00002402 raw_mom_bps=0.00000000 spread_bps=2.20680000 tension=0.00002402 bid_drop=0.00000000 ask_drop=0.00015610
2026-07-08T18:42:06Z,989,SKIP,SKIPPED,,,,,0,radar_block,reason=momentum_too_small conf=0.0001 mom_sig=0.00003882 raw_mom_bps=0.00000000 spread_bps=2.20680000 tension=0.00003882 bid_drop=0.00025232 ask_drop=0.00000000
2026-07-08T18:42:14Z,990,SKIP,SKIPPED,,,,,0,radar_block,reason=momentum_too_small conf=0.3017 mom_sig=0.00000000 raw_mom_bps=0.00000000 spread_bps=2.20680000 tension=0.00000000 bid_drop=0.00000000 ask_drop=0.00000000
2026-07-08T18:42:21Z,991,SKIP,SKIPPED,,,,,0,radar_block,reason=momentum_too_small conf=0.3017 mom_sig=0.00000000 raw_mom_bps=0.00000000 spread_bps=2.20680000 tension=0.00000000 bid_drop=0.00000000 ask_drop=0.00000000
2026-07-08T18:42:28Z,992,SKIP,SKIPPED,,,,,0,radar_block,reason=momentum_too_small conf=0.0 mom_sig=0.00001205 raw_mom_bps=0.00000000 spread_bps=2.20680000 tension=0.00001205 bid_drop=0.00000000 ask_drop=0.00007830
2026-07-08T18:42:35Z,993,SKIP,SKIPPED,,,,,0,radar_block,reason=momentum_too_small conf=0.0 mom_sig=0.00001205 raw_mom_bps=0.00000000 spread_bps=2.20680000 tension=0.00001205 bid_drop=0.00000000 ask_drop=0.00007830
2026-07-08T18:42:42Z,994,SKIP,SKIPPED,,,,,0,radar_block,reason=momentum_too_small conf=0.0 mom_sig=0.00002291 raw_mom_bps=0.00000000 spread_bps=1.64300000 tension=0.00002291 bid_drop=0.00000000 ask_drop=0.00014892
2026-07-08T18:42:49Z,995,SKIP,SKIPPED,,,,,0,radar_block,reason=momentum_too_small conf=0.3144 mom_sig=0.00000000 raw_mom_bps=0.00000000 spread_bps=1.62690000 tension=0.00000000 bid_drop=0.00000000 ask_drop=0.00000000
2026-07-08T18:42:56Z,996,SKIP,SKIPPED,,,,,0,radar_block,reason=momentum_too_small conf=0.3119 mom_sig=0.00000000 raw_mom_bps=0.00000000 spread_bps=1.73970000 tension=0.00000000 bid_drop=0.00000000 ask_drop=0.00000000
2026-07-08T18:43:05Z,997,SKIP,SKIPPED,,,,,0,radar_block,reason=momentum_too_small conf=0.0 mom_sig=0.00001211 raw_mom_bps=0.00000000 spread_bps=0.03220000 tension=0.00001211 bid_drop=0.00000000 ask_drop=0.00007874
2026-07-08T18:43:14Z,998,SKIP,SKIPPED,,,,,0,llm_gate,reason=ollama_skip status=SKIP
2026-07-08T18:43:21Z,999,SKIP,SKIPPED,,,,,0,radar_block,reason=momentum_too_small conf=0.3109 mom_sig=0.00000000 raw_mom_bps=0.00000000 spread_bps=1.78810000 tension=0.00000000 bid_drop=0.00000000 ask_drop=0.00000000
2026-07-08T18:43:28Z,1000,SKIP,SKIPPED,,,,,0,radar_block,reason=momentum_too_small conf=0.0 mom_sig=0.00000568 raw_mom_bps=0.00000000 spread_bps=2.23900000 tension=0.00000568 bid_drop=0.00003694 ask_drop=0.00000000
2026-07-08T18:43:35Z,1001,SKIP,SKIPPED,,,,,0,radar_block,reason=momentum_too_small conf=0.0005 mom_sig=0.00035891 raw_mom_bps=0.00000000 spread_bps=1.78810000 tension=0.00035891 bid_drop=0.00233293 ask_drop=0.00000000
2026-07-08T18:43:42Z,1002,SKIP,SKIPPED,,,,,0,impulse_resonance_wait,reason=wall_not_collapsed tension=0.51205402 bid_drop=3.32835112 ask_drop=0.00000000
2026-07-08T18:43:50Z,1003,SKIP,SKIPPED,,,,,0,llm_gate,reason=ollama_skip status=SKIP
2026-07-08T18:43:57Z,1004,SKIP,SKIPPED,,,,,0,impulse_resonance_wait,reason=wall_not_collapsed tension=0.31856244 bid_drop=2.07065585 ask_drop=0.00000000
2026-07-08T18:44:06Z,1005,SKIP,SKIPPED,,,,,0,llm_gate,reason=ollama_skip status=SKIP
2026-07-08T18:44:13Z,1006,SKIP,SKIPPED,,,,,0,impulse_resonance_wait,reason=wall_not_collapsed tension=0.41382130 bid_drop=2.68983844 ask_drop=0.00475833
2026-07-08T18:44:21Z,1007,SKIP,SKIPPED,,,,,0,llm_gate,reason=ollama_skip status=SKIP
2026-07-08T18:44:28Z,1008,SKIP,SKIPPED,,,,,0,radar_block,reason=direction_unclear conf=0.2993 mom_sig=0.18729537 raw_mom_bps=0.00000000 spread_bps=0.66050000 tension=0.18729537 bid_drop=0.00003881 ask_drop=1.21741990
2026-07-08T18:44:35Z,1009,SKIP,SKIPPED,,,,,0,radar_block,reason=momentum_too_small conf=0.3352 mom_sig=0.00000000 raw_mom_bps=0.00000000 spread_bps=0.67670000 tension=0.00000000 bid_drop=0.00000000 ask_drop=0.00000000
2026-07-08T18:44:42Z,1010,SKIP,SKIPPED,,,,,0,radar_block,reason=momentum_too_small conf=0.0 mom_sig=0.00002486 raw_mom_bps=0.67670554 spread_bps=0.67670000 tension=0.00002486 bid_drop=0.00000000 ask_drop=0.00016157
2026-07-08T18:44:49Z,1011,SKIP,SKIPPED,,,,,0,radar_block,reason=momentum_too_small conf=0.007 mom_sig=0.00437173 raw_mom_bps=0.00000000 spread_bps=0.67670000 tension=0.00437173 bid_drop=0.02841625 ask_drop=0.00000000
2026-07-08T18:44:56Z,1012,SKIP,SKIPPED,,,,,0,radar_block,reason=momentum_too_small conf=0.3356 mom_sig=0.00000000 raw_mom_bps=0.00000000 spread_bps=0.66050000 tension=0.00000000 bid_drop=0.00000000 ask_drop=0.00000000
2026-07-08T18:45:03Z,1013,SKIP,SKIPPED,,,,,0,radar_block,reason=momentum_too_small conf=0.0001 mom_sig=0.00003231 raw_mom_bps=0.00000000 spread_bps=0.66050000 tension=0.00003231 bid_drop=0.00000000 ask_drop=0.00021004
2026-07-08T18:45:10Z,1014,SKIP,SKIPPED,,,,,0,impulse_resonance_wait,reason=wall_not_collapsed tension=0.44632697 bid_drop=2.90112528 ask_drop=0.00356733
2026-07-08T18:45:17Z,1015,SKIP,SKIPPED,,,,,0,radar_block,reason=direction_unclear conf=0.0201 mom_sig=0.01261134 raw_mom_bps=0.03222194 spread_bps=0.70890000 tension=0.01261134 bid_drop=0.08197369 ask_drop=0.07232140
2026-07-08T18:45:25Z,1016,SKIP,SKIPPED,,,,,0,radar_block,reason=momentum_too_small conf=0.0001 mom_sig=0.00006000 raw_mom_bps=0.00000000 spread_bps=0.74110000 tension=0.00006000 bid_drop=0.00003644 ask_drop=0.00039000
2026-07-08T18:45:32Z,1017,SKIP,SKIPPED,,,,,0,radar_block,reason=momentum_too_small conf=0.0 mom_sig=0.00001626 raw_mom_bps=-0.74109876 spread_bps=0.74110000 tension=0.00001626 bid_drop=0.00010568 ask_drop=0.00000000
2026-07-08T18:45:40Z,1018,SKIP,SKIPPED,,,,,0,radar_block,reason=momentum_too_small conf=0.3338 mom_sig=0.00000000 raw_mom_bps=0.00000000 spread_bps=0.74110000 tension=0.00000000 bid_drop=0.00000000 ask_drop=0.00000000
2026-07-08T18:45:48Z,1019,SKIP,SKIPPED,,,,,0,impulse_resonance_wait,reason=wall_not_collapsed tension=0.21535266 bid_drop=0.00000000 ask_drop=1.39979231
2026-07-08T18:45:55Z,1020,SKIP,SKIPPED,,,,,0,radar_block,reason=momentum_too_small conf=0.3317 mom_sig=0.00000000 raw_mom_bps=0.00000000 spread_bps=0.83780000 tension=0.00000000 bid_drop=0.00000000 ask_drop=0.00000000
2026-07-08T18:46:02Z,1021,SKIP,SKIPPED,,,,,0,radar_block,reason=momentum_too_small conf=0.3405 mom_sig=0.00000000 raw_mom_bps=0.09666490 spread_bps=0.43500000 tension=0.00000000 bid_drop=0.00000000 ask_drop=0.00000000
2026-07-08T18:46:09Z,1022,SKIP,SKIPPED,,,,,0,radar_block,reason=momentum_too_small conf=0.326 mom_sig=0.00000000 raw_mom_bps=0.00000000 spread_bps=1.09540000 tension=0.00000000 bid_drop=0.00000000 ask_drop=0.00000000
2026-07-08T18:46:17Z,1023,SKIP,SKIPPED,,,,,0,radar_block,reason=momentum_too_small conf=0.3475 mom_sig=0.00000000 raw_mom_bps=0.00000000 spread_bps=0.11280000 tension=0.00000000 bid_drop=0.00000000 ask_drop=0.00000000
2026-07-08T18:46:25Z,1024,SKIP,SKIPPED,,,,,0,radar_block,reason=momentum_too_small conf=0.0 mom_sig=0.00002147 raw_mom_bps=0.00000000 spread_bps=3.04400000 tension=0.00002147 bid_drop=0.00000000 ask_drop=0.00013953
2026-07-08T18:46:32Z,1025,SKIP,SKIPPED,,,,,0,radar_block,reason=momentum_too_small conf=0.2852 mom_sig=0.00000000 raw_mom_bps=1.01467085 spread_bps=2.96320000 tension=0.00000000 bid_drop=0.00000000 ask_drop=0.00000000
2026-07-08T18:46:39Z,1026,SKIP,SKIPPED,,,,,0,radar_block,reason=momentum_too_small conf=0.0102 mom_sig=0.00620132 raw_mom_bps=0.00000000 spread_bps=0.27370000 tension=0.00620132 bid_drop=0.04030857 ask_drop=0.00010490
2026-07-08T18:46:46Z,1027,SKIP,SKIPPED,,,,,0,radar_block,reason=momentum_too_small conf=0.0 mom_sig=0.00002042 raw_mom_bps=0.00000000 spread_bps=0.27370000 tension=0.00002042 bid_drop=0.00000000 ask_drop=0.00013273
2026-07-08T18:46:53Z,1028,SKIP,SKIPPED,,,,,0,radar_block,reason=momentum_too_small conf=0.0001 mom_sig=0.00003110 raw_mom_bps=0.00000000 spread_bps=0.01610000 tension=0.00003110 bid_drop=0.00000000 ask_drop=0.00020216
2026-07-08T18:47:00Z,1029,SKIP,SKIPPED,,,,,0,impulse_resonance_wait,reason=wall_not_collapsed tension=0.55900517 bid_drop=2.81302037 ask_drop=3.63353360
2026-07-08T18:47:07Z,1030,SKIP,SKIPPED,,,,,0,radar_block,reason=momentum_too_small conf=0.0 mom_sig=0.00002533 raw_mom_bps=0.72447902 spread_bps=0.48290000 tension=0.00002533 bid_drop=0.00000000 ask_drop=0.00016465
2026-07-08T18:47:15Z,1031,SKIP,SKIPPED,,,,,0,radar_block,reason=momentum_too_small conf=0.3299 mom_sig=0.00000000 raw_mom_bps=0.00000000 spread_bps=0.91760000 tension=0.00000000 bid_drop=0.00000000 ask_drop=0.00000000
2026-07-08T18:47:22Z,1032,SKIP,SKIPPED,,,,,0,radar_block,reason=direction_unclear conf=0.0357 mom_sig=0.02240462 raw_mom_bps=-0.91755968 spread_bps=0.72440000 tension=0.02240462 bid_drop=0.14563000 ask_drop=0.00000000
2026-07-08T18:47:40Z,1033,SELL,FILLED,62122.10000000,62123.80000000,0.00950000,-0.27365463,-0.01615000,shock_inversion_stop,radar=long conf=0.9879 size_note=strong_conf_full+entry_25_75_full soft=0 pct=-0.00273655 tension=1.73951035 bid_drop=0.00000000 ask_drop=11.30681728
2026-07-08T18:47:49Z,1034,SKIP,SKIPPED,,,,,0,radar_block,reason=momentum_too_small conf=0.3419 mom_sig=0.00000000 raw_mom_bps=0.00000000 spread_bps=0.37020000 tension=0.00000000 bid_drop=0.00000000 ask_drop=0.00000000
2026-07-08T18:47:56Z,1035,SKIP,SKIPPED,,,,,0,radar_block,reason=momentum_too_small conf=0.0001 mom_sig=0.00009057 raw_mom_bps=0.00000000 spread_bps=0.37020000 tension=0.00009057 bid_drop=0.00040991 ask_drop=0.00058871
2026-07-08T18:48:03Z,1036,SKIP,SKIPPED,,,,,0,radar_block,reason=momentum_too_small conf=0.0 mom_sig=0.00001447 raw_mom_bps=0.00000000 spread_bps=0.37020000 tension=0.00001447 bid_drop=0.00009407 ask_drop=0.00007313
2026-07-08T18:48:11Z,1037,SKIP,SKIPPED,,,,,0,radar_block,reason=direction_unclear conf=0.3033 mom_sig=0.18631566 raw_mom_bps=0.00000000 spread_bps=0.37020000 tension=0.18631566 bid_drop=1.21105178 ask_drop=0.00000000
2026-07-08T18:48:18Z,1038,SKIP,SKIPPED,,,,,0,radar_block,reason=momentum_too_small conf=0.3415 mom_sig=0.00000000 raw_mom_bps=0.00000000 spread_bps=0.38630000 tension=0.00000000 bid_drop=0.00000000 ask_drop=0.00000000
2026-07-08T18:48:27Z,1039,SKIP,SKIPPED,,,,,0,llm_gate,reason=ollama_skip status=SKIP
2026-07-08T18:48:34Z,1040,SKIP,SKIPPED,,,,,0,impulse_resonance_wait,reason=wall_not_collapsed tension=0.73487133 bid_drop=4.77666363 ask_drop=0.00000000
2026-07-08T18:48:41Z,1041,SKIP,SKIPPED,,,,,0,radar_block,reason=momentum_too_small conf=0.3239 mom_sig=0.00000000 raw_mom_bps=0.00000000 spread_bps=1.19110000 tension=0.00000000 bid_drop=0.00000000 ask_drop=0.00000000
2026-07-08T18:48:48Z,1042,SKIP,SKIPPED,,,,,0,radar_block,reason=momentum_too_small conf=0.3299 mom_sig=0.00000000 raw_mom_bps=0.00000000 spread_bps=0.91750000 tension=0.00000000 bid_drop=0.00000000 ask_drop=0.00000000
2026-07-08T18:48:55Z,1043,SKIP,SKIPPED,,,,,0,radar_block,reason=momentum_too_small conf=0.0001 mom_sig=0.00003711 raw_mom_bps=0.00000000 spread_bps=0.91750000 tension=0.00003711 bid_drop=0.00000000 ask_drop=0.00024121
2026-07-08T18:49:03Z,1044,SKIP,SKIPPED,,,,,0,radar_block,reason=direction_unclear conf=0.2479 mom_sig=0.16072067 raw_mom_bps=0.00000000 spread_bps=1.19110000 tension=0.16072067 bid_drop=1.04468433 ask_drop=0.00000000
2026-07-08T18:49:10Z,1045,SKIP,SKIPPED,,,,,0,radar_block,reason=momentum_too_small conf=0.0 mom_sig=0.00002434 raw_mom_bps=0.00000000 spread_bps=1.19110000 tension=0.00002434 bid_drop=0.00000000 ask_drop=0.00015818
2026-07-08T18:49:17Z,1046,SKIP,SKIPPED,,,,,0,radar_block,reason=momentum_too_small conf=0.0 mom_sig=0.00001624 raw_mom_bps=0.00000000 spread_bps=0.49900000 tension=0.00001624 bid_drop=0.00000000 ask_drop=0.00010558
2026-07-08T18:49:24Z,1047,SKIP,SKIPPED,,,,,0,radar_block,reason=momentum_too_small conf=0.0001 mom_sig=0.00005588 raw_mom_bps=0.00000000 spread_bps=0.49900000 tension=0.00005588 bid_drop=0.00000000 ask_drop=0.00036321
2026-07-08T18:49:32Z,1048,SKIP,SKIPPED,,,,,0,radar_block,reason=momentum_too_small conf=0.0003 mom_sig=0.00018137 raw_mom_bps=0.00000000 spread_bps=1.09450000 tension=0.00018137 bid_drop=0.00000000 ask_drop=0.00117893
2026-07-08T18:49:39Z,1049,SKIP,SKIPPED,,,,,0,radar_block,reason=momentum_too_small conf=0.0 mom_sig=0.00000609 raw_mom_bps=0.00000000 spread_bps=1.17500000 tension=0.00000609 bid_drop=0.00000000 ask_drop=0.00003956
2026-07-08T18:49:46Z,1050,SKIP,SKIPPED,,,,,0,radar_block,reason=momentum_too_small conf=0.0 mom_sig=0.00000371 raw_mom_bps=0.00000000 spread_bps=1.78660000 tension=0.00000371 bid_drop=0.00002410 ask_drop=0.00000000
2026-07-08T18:49:53Z,1051,SKIP,SKIPPED,,,,,0,radar_block,reason=momentum_too_small conf=0.0 mom_sig=0.00001028 raw_mom_bps=0.00000000 spread_bps=1.78660000 tension=0.00001028 bid_drop=0.00000000 ask_drop=0.00006682
2026-07-08T18:50:01Z,1052,SKIP,SKIPPED,,,,,0,llm_gate,reason=ollama_skip status=SKIP
2026-07-08T18:50:08Z,1053,SKIP,SKIPPED,,,,,0,radar_block,reason=momentum_too_small conf=0.0001 mom_sig=0.00005920 raw_mom_bps=0.00000000 spread_bps=1.86680000 tension=0.00005920 bid_drop=0.00000000 ask_drop=0.00038481
2026-07-08T18:50:16Z,1054,SKIP,SKIPPED,,,,,0,impulse_resonance_wait,reason=wall_not_collapsed tension=0.69125538 bid_drop=4.49315995 ask_drop=0.00000000
2026-07-08T18:50:22Z,1055,SKIP,SKIPPED,,,,,0,radar_block,reason=momentum_too_small conf=0.0001 mom_sig=0.00004074 raw_mom_bps=-0.12858470 spread_bps=0.94830000 tension=0.00004074 bid_drop=0.00026481 ask_drop=0.00003239
2026-07-08T18:50:30Z,1056,SKIP,SKIPPED,,,,,0,radar_block,reason=momentum_too_small conf=0.0 mom_sig=0.00001595 raw_mom_bps=0.00000000 spread_bps=0.88400000 tension=0.00001595 bid_drop=0.00000000 ask_drop=0.00010366
2026-07-08T18:50:51Z,1057,SELL,FILLED,62215.80000000,62205.20000000,0.01560000,1.70374728,0.16536000,shock_inversion_stop,radar=long conf=0.9548 size_note=strong_conf_full+aspiration_1.618x+entry_25_75_full soft=0 pct=0.01703747 tension=1.58952411 bid_drop=10.33190671 ask_drop=0.00001443
2026-07-08T18:50:58Z,1058,SKIP,SKIPPED,,,,,0,radar_block,reason=momentum_too_small conf=0.0 mom_sig=0.00000318 raw_mom_bps=0.00000000 spread_bps=0.28930000 tension=0.00000318 bid_drop=0.00000000 ask_drop=0.00002064
2026-07-08T18:51:06Z,1059,SKIP,SKIPPED,,,,,0,impulse_resonance_wait,reason=wall_not_collapsed tension=0.59369560 bid_drop=3.85902137 ask_drop=0.00000000
2026-07-08T18:51:13Z,1060,SKIP,SKIPPED,,,,,0,radar_block,reason=momentum_too_small conf=0.3198 mom_sig=0.00000000 raw_mom_bps=0.00000000 spread_bps=1.38230000 tension=0.00000000 bid_drop=0.00000000 ask_drop=0.00000000
2026-07-08T18:51:20Z,1061,SKIP,SKIPPED,,,,,0,impulse_resonance_wait,reason=wall_not_collapsed tension=0.58045937 bid_drop=0.00000000 ask_drop=3.77298592
2026-07-08T18:51:27Z,1062,SKIP,SKIPPED,,,,,0,radar_block,reason=momentum_too_small conf=0.3257 mom_sig=0.00000000 raw_mom_bps=0.00000000 spread_bps=1.10900000 tension=0.00000000 bid_drop=0.00000000 ask_drop=0.00000000
2026-07-08T18:51:35Z,1063,SKIP,SKIPPED,,,,,0,impulse_resonance_wait,reason=wall_not_collapsed tension=0.71244386 bid_drop=0.00000000 ask_drop=4.63088512
2026-07-08T18:51:43Z,1064,SKIP,SKIPPED,,,,,0,radar_block,reason=momentum_too_small conf=0.0 mom_sig=0.00001328 raw_mom_bps=-1.38228553 spread_bps=1.38230000 tension=0.00001328 bid_drop=0.00000000 ask_drop=0.00008631
2026-07-08T18:51:55Z,1065,SKIP,SKIPPED,,,,,0,radar_block,reason=momentum_too_small conf=0.0 mom_sig=0.00000580 raw_mom_bps=0.00000000 spread_bps=1.36620000 tension=0.00000580 bid_drop=0.00000000 ask_drop=0.00003767
2026-07-08T18:52:02Z,1066,SKIP,SKIPPED,,,,,0,radar_block,reason=direction_unclear conf=0.0274 mom_sig=0.01784689 raw_mom_bps=0.00000000 spread_bps=1.23760000 tension=0.01784689 bid_drop=0.11600480 ask_drop=0.00010255
2026-07-08T18:52:09Z,1067,SKIP,SKIPPED,,,,,0,radar_block,reason=momentum_too_small conf=0.0 mom_sig=0.00001435 raw_mom_bps=0.00000000 spread_bps=1.23760000 tension=0.00001435 bid_drop=0.00000000 ask_drop=0.00009327
2026-07-08T18:52:18Z,1068,SKIP,SKIPPED,,,,,0,llm_gate,reason=ollama_skip status=SKIP
2026-07-08T18:52:26Z,1069,SKIP,SKIPPED,,,,,0,radar_block,reason=momentum_too_small conf=0.3229 mom_sig=0.00000000 raw_mom_bps=0.00000000 spread_bps=1.23760000 tension=0.00000000 bid_drop=0.00000000 ask_drop=0.00000000
2026-07-08T18:52:34Z,1070,SKIP,SKIPPED,,,,,0,radar_block,reason=momentum_too_small conf=0.0 mom_sig=0.00001583 raw_mom_bps=0.00000000 spread_bps=1.23760000 tension=0.00001583 bid_drop=0.00000000 ask_drop=0.00010291
2026-07-08T18:52:42Z,1071,SKIP,SKIPPED,,,,,0,radar_block,reason=momentum_too_small conf=0.0001 mom_sig=0.00004304 raw_mom_bps=0.00000000 spread_bps=1.23760000 tension=0.00004304 bid_drop=0.00000000 ask_drop=0.00027974
2026-07-08T18:52:49Z,1072,SKIP,SKIPPED,,,,,0,radar_block,reason=momentum_too_small conf=0.0001 mom_sig=0.00003894 raw_mom_bps=0.00000000 spread_bps=1.23760000 tension=0.00003894 bid_drop=0.00000000 ask_drop=0.00025311
2026-07-08T18:52:58Z,1073,SKIP,SKIPPED,,,,,0,radar_block,reason=momentum_too_small conf=0.0005 mom_sig=0.00035538 raw_mom_bps=0.00000000 spread_bps=1.23760000 tension=0.00035538 bid_drop=0.00230998 ask_drop=0.00040631
2026-07-08T18:53:06Z,1074,SKIP,SKIPPED,,,,,0,radar_block,reason=momentum_too_small conf=0.0003 mom_sig=0.00017770 raw_mom_bps=0.00000000 spread_bps=1.23760000 tension=0.00017770 bid_drop=0.00115502 ask_drop=0.00027310
2026-07-08T18:53:15Z,1075,SKIP,SKIPPED,,,,,0,radar_block,reason=momentum_too_small conf=0.0001 mom_sig=0.00003905 raw_mom_bps=0.00000000 spread_bps=1.38230000 tension=0.00003905 bid_drop=0.00000000 ask_drop=0.00025380
2026-07-08T18:53:23Z,1076,SKIP,SKIPPED,,,,,0,radar_block,reason=momentum_too_small conf=0.0 mom_sig=0.00001698 raw_mom_bps=0.12858635 spread_bps=1.38230000 tension=0.00001698 bid_drop=0.00000000 ask_drop=0.00011036
2026-07-08T18:53:33Z,1077,SKIP,SKIPPED,,,,,0,radar_block,reason=momentum_too_small conf=0.0 mom_sig=0.00000392 raw_mom_bps=0.00000000 spread_bps=1.07690000 tension=0.00000392 bid_drop=0.00000000 ask_drop=0.00002547
2026-07-08T18:53:41Z,1078,SKIP,SKIPPED,,,,,0,radar_block,reason=momentum_too_small conf=0.0 mom_sig=0.00001370 raw_mom_bps=0.00000000 spread_bps=0.08040000 tension=0.00001370 bid_drop=0.00008905 ask_drop=0.00006579
2026-07-08T18:53:48Z,1079,SKIP,SKIPPED,,,,,0,radar_block,reason=momentum_too_small conf=0.0 mom_sig=0.00000957 raw_mom_bps=0.00000000 spread_bps=0.08040000 tension=0.00000957 bid_drop=0.00000000 ask_drop=0.00006222
2026-07-08T18:53:55Z,1080,SKIP,SKIPPED,,,,,0,radar_block,reason=momentum_too_small conf=0.3482 mom_sig=0.00000000 raw_mom_bps=0.00000000 spread_bps=0.08040000 tension=0.00000000 bid_drop=0.00000000 ask_drop=0.00000000
2026-07-08T18:54:04Z,1081,SKIP,SKIPPED,,,,,0,llm_gate,reason=ollama_skip status=SKIP
2026-07-08T18:54:11Z,1082,SKIP,SKIPPED,,,,,0,radar_block,reason=momentum_too_small conf=0.3338 mom_sig=0.00000000 raw_mom_bps=0.00000000 spread_bps=0.73940000 tension=0.00000000 bid_drop=0.00000000 ask_drop=0.00000000
2026-07-08T18:54:18Z,1083,SKIP,SKIPPED,,,,,0,radar_block,reason=momentum_too_small conf=0.3338 mom_sig=0.00000000 raw_mom_bps=0.00000000 spread_bps=0.73940000 tension=0.00000000 bid_drop=0.00000000 ask_drop=0.00000000
2026-07-08T18:54:25Z,1084,SKIP,SKIPPED,,,,,0,radar_block,reason=momentum_too_small conf=0.0 mom_sig=0.00001189 raw_mom_bps=0.00000000 spread_bps=0.75540000 tension=0.00001189 bid_drop=0.00000000 ask_drop=0.00007730
2026-07-08T18:54:32Z,1085,SKIP,SKIPPED,,,,,0,radar_block,reason=momentum_too_small conf=0.3335 mom_sig=0.00000000 raw_mom_bps=-0.14465779 spread_bps=0.75540000 tension=0.00000000 bid_drop=0.00000000 ask_drop=0.00000000
2026-07-08T18:54:41Z,1086,SKIP,SKIPPED,,,,,0,llm_gate,reason=ollama_skip status=SKIP
2026-07-08T18:54:48Z,1087,SKIP,SKIPPED,,,,,0,radar_block,reason=momentum_too_small conf=0.0 mom_sig=0.00000948 raw_mom_bps=0.00000000 spread_bps=0.09640000 tension=0.00000948 bid_drop=0.00006161 ask_drop=0.00000000
2026-07-08T18:54:56Z,1088,SKIP,SKIPPED,,,,,0,llm_gate,reason=ollama_skip status=SKIP
2026-07-08T18:55:05Z,1089,SKIP,SKIPPED,,,,,0,llm_gate,reason=ollama_skip status=SKIP
2026-07-08T18:55:12Z,1090,SKIP,SKIPPED,,,,,0,radar_block,reason=momentum_too_small conf=0.3324 mom_sig=0.00000000 raw_mom_bps=-0.09645263 spread_bps=0.80370000 tension=0.00000000 bid_drop=0.00000000 ask_drop=0.00000000
2026-07-08T18:55:19Z,1091,SKIP,SKIPPED,,,,,0,radar_block,reason=momentum_too_small conf=0.0001 mom_sig=0.00006742 raw_mom_bps=0.00000000 spread_bps=1.33420000 tension=0.00006742 bid_drop=0.00043821 ask_drop=0.00000000
2026-07-08T18:55:26Z,1092,SKIP,SKIPPED,,,,,0,impulse_resonance_wait,reason=wall_not_collapsed tension=0.80633012 bid_drop=0.00011740 ask_drop=5.24114578
2026-07-08T18:55:33Z,1093,SKIP,SKIPPED,,,,,0,radar_block,reason=momentum_too_small conf=0.0 mom_sig=0.00002426 raw_mom_bps=0.00000000 spread_bps=3.53640000 tension=0.00002426 bid_drop=0.00015766 ask_drop=0.00000000
2026-07-08T18:55:55Z,1094,SELL,FILLED,62187.70000000,62178.10000000,0.00950000,1.54371363,0.09120000,shock_inversion_stop,radar=short conf=0.7378 size_note=strong_conf_full+entry_25_75_full soft=0 pct=0.01543714 tension=2.86142767 bid_drop=0.00000000 ask_drop=18.59927986
2026-07-08T18:56:03Z,1095,SKIP,SKIPPED,,,,,0,radar_block,reason=momentum_too_small conf=0.0001 mom_sig=0.00009141 raw_mom_bps=-1.14189951 spread_bps=3.37570000 tension=0.00009141 bid_drop=0.00059417 ask_drop=0.00000000
2026-07-08T18:56:12Z,1096,SKIP,SKIPPED,,,,,0,llm_gate,reason=ollama_skip status=SKIP
2026-07-08T18:56:20Z,1097,SKIP,SKIPPED,,,,,0,radar_block,reason=momentum_too_small conf=0.0094 mom_sig=0.00596800 raw_mom_bps=0.00000000 spread_bps=0.94910000 tension=0.00596800 bid_drop=0.03879199 ask_drop=0.00000000
2026-07-08T18:56:27Z,1098,SKIP,SKIPPED,,,,,0,radar_block,reason=momentum_too_small conf=0.0 mom_sig=0.00001749 raw_mom_bps=0.00000000 spread_bps=0.08040000 tension=0.00001749 bid_drop=0.00011371 ask_drop=0.00000000
2026-07-08T18:56:35Z,1099,SKIP,SKIPPED,,,,,0,radar_block,reason=momentum_too_small conf=0.3496 mom_sig=0.00000000 raw_mom_bps=0.00000000 spread_bps=0.01610000 tension=0.00000000 bid_drop=0.00000000 ask_drop=0.00000000
2026-07-08T18:56:54Z,1100,SKIP,SKIPPED,,,,,0,radar_block,reason=momentum_too_small conf=0.3493 mom_sig=0.00000000 raw_mom_bps=-0.01608961 spread_bps=0.03220000 tension=0.00000000 bid_drop=0.00000000 ask_drop=0.00000000
2026-07-08T18:57:14Z,1101,SKIP,SKIPPED,,,,,0,radar_block,reason=momentum_too_small conf=0.0002 mom_sig=0.00011071 raw_mom_bps=-0.01608956 spread_bps=1.12610000 tension=0.00011071 bid_drop=0.00071961 ask_drop=0.00000000
2026-07-08T18:57:31Z,1102,SKIP,SKIPPED,,,,,0,llm_gate,reason=ollama_skip status=SKIP
2026-07-08T18:57:42Z,1103,SKIP,SKIPPED,,,,,0,radar_block,reason=momentum_too_small conf=0.0 mom_sig=0.00002610 raw_mom_bps=0.00000000 spread_bps=1.15830000 tension=0.00002610 bid_drop=0.00016964 ask_drop=0.00000000
2026-07-08T18:57:49Z,1104,SKIP,SKIPPED,,,,,0,impulse_resonance_wait,reason=wall_not_collapsed tension=0.54566127 bid_drop=3.54679825 ask_drop=0.00000000
2026-07-08T18:57:57Z,1105,SKIP,SKIPPED,,,,,0,radar_block,reason=momentum_too_small conf=0.0 mom_sig=0.00000763 raw_mom_bps=0.00000000 spread_bps=1.14220000 tension=0.00000763 bid_drop=0.00004961 ask_drop=0.00000000
2026-07-08T18:58:04Z,1106,SKIP,SKIPPED,,,,,0,radar_block,reason=momentum_too_small conf=0.0 mom_sig=0.00000935 raw_mom_bps=0.00000000 spread_bps=0.61130000 tension=0.00000935 bid_drop=0.00000000 ask_drop=0.00006079
2026-07-08T18:58:11Z,1107,SKIP,SKIPPED,,,,,0,radar_block,reason=momentum_too_small conf=0.3366 mom_sig=0.00000000 raw_mom_bps=0.00000000 spread_bps=0.61130000 tension=0.00000000 bid_drop=0.00000000 ask_drop=0.00000000
2026-07-08T18:58:18Z,1108,SKIP,SKIPPED,,,,,0,radar_block,reason=momentum_too_small conf=0.325 mom_sig=0.00000000 raw_mom_bps=0.00000000 spread_bps=1.14220000 tension=0.00000000 bid_drop=0.00000000 ask_drop=0.00000000
2026-07-08T18:58:25Z,1109,SKIP,SKIPPED,,,,,0,radar_block,reason=momentum_too_small conf=0.3247 mom_sig=0.00000000 raw_mom_bps=0.00000000 spread_bps=1.15830000 tension=0.00000000 bid_drop=0.00000000 ask_drop=0.00000000
2026-07-08T18:58:32Z,1110,SKIP,SKIPPED,,,,,0,radar_block,reason=momentum_too_small conf=0.3247 mom_sig=0.00000000 raw_mom_bps=0.00000000 spread_bps=1.15830000 tension=0.00000000 bid_drop=0.00000000 ask_drop=0.00000000
2026-07-08T18:58:40Z,1111,SKIP,SKIPPED,,,,,0,impulse_resonance_wait,reason=wall_not_collapsed tension=0.20385439 bid_drop=1.32505355 ask_drop=0.00000000
2026-07-08T18:58:47Z,1112,SKIP,SKIPPED,,,,,0,radar_block,reason=momentum_too_small conf=0.3247 mom_sig=0.00000000 raw_mom_bps=0.00000000 spread_bps=1.15830000 tension=0.00000000 bid_drop=0.00000000 ask_drop=0.00000000
2026-07-08T18:58:54Z,1113,SKIP,SKIPPED,,,,,0,radar_block,reason=momentum_too_small conf=0.0 mom_sig=0.00000626 raw_mom_bps=0.00000000 spread_bps=1.15830000 tension=0.00000626 bid_drop=0.00004069 ask_drop=0.00000000
2026-07-08T18:59:02Z,1114,SKIP,SKIPPED,,,,,0,radar_block,reason=momentum_too_small conf=0.3247 mom_sig=0.00000000 raw_mom_bps=0.06435866 spread_bps=1.15830000 tension=0.00000000 bid_drop=0.00000000 ask_drop=0.00000000
2026-07-08T18:59:10Z,1115,SKIP,SKIPPED,,,,,0,radar_block,reason=momentum_too_small conf=0.3247 mom_sig=0.00000000 raw_mom_bps=0.00000000 spread_bps=1.15830000 tension=0.00000000 bid_drop=0.00000000 ask_drop=0.00000000
2026-07-08T18:59:17Z,1116,SKIP,SKIPPED,,,,,0,radar_block,reason=momentum_too_small conf=0.3338 mom_sig=0.00000000 raw_mom_bps=0.00000000 spread_bps=0.74000000 tension=0.00000000 bid_drop=0.00000000 ask_drop=0.00000000
2026-07-08T18:59:25Z,1117,SKIP,SKIPPED,,,,,0,radar_block,reason=momentum_too_small conf=0.0 mom_sig=0.00002993 raw_mom_bps=0.00000000 spread_bps=1.15830000 tension=0.00002993 bid_drop=0.00000000 ask_drop=0.00019454
2026-07-08T18:59:33Z,1118,SKIP,SKIPPED,,,,,0,radar_block,reason=momentum_too_small conf=0.0001 mom_sig=0.00004864 raw_mom_bps=0.72400345 spread_bps=1.15830000 tension=0.00004864 bid_drop=0.00000000 ask_drop=0.00031613
2026-07-08T18:59:44Z,1119,SKIP,SKIPPED,,,,,0,llm_gate,reason=ollama_skip status=SKIP
2026-07-08T18:59:54Z,1120,SKIP,SKIPPED,,,,,0,llm_gate,reason=ollama_skip status=SKIP
2026-07-08T19:00:08Z,1121,SKIP,SKIPPED,,,,,0,radar_block,reason=momentum_too_small conf=0.3247 mom_sig=0.00000000 raw_mom_bps=0.00000000 spread_bps=1.15830000 tension=0.00000000 bid_drop=0.00000000 ask_drop=0.00000000
2026-07-08T19:00:27Z,1122,SKIP,SKIPPED,,,,,0,radar_block,reason=momentum_too_small conf=0.3342 mom_sig=0.00000000 raw_mom_bps=0.00000000 spread_bps=0.72400000 tension=0.00000000 bid_drop=0.00000000 ask_drop=0.00000000
2026-07-08T19:00:49Z,1123,SKIP,SKIPPED,,,,,0,radar_block,reason=momentum_too_small conf=0.0 mom_sig=0.00001936 raw_mom_bps=2.52578472 spread_bps=3.06980000 tension=0.00001936 bid_drop=0.00009127 ask_drop=0.00012585
2026-07-08T19:01:10Z,1124,SKIP,SKIPPED,,,,,0,radar_block,reason=direction_unclear conf=0.0131 mom_sig=0.01022233 raw_mom_bps=0.00000000 spread_bps=3.72850000 tension=0.01022233 bid_drop=0.00032604 ask_drop=0.06644514
2026-07-08T19:01:33Z,1125,SKIP,SKIPPED,,,,,0,radar_block,reason=momentum_too_small conf=0.0 mom_sig=0.00000626 raw_mom_bps=11.10186849 spread_bps=3.63210000 tension=0.00000626 bid_drop=0.00000000 ask_drop=0.00004070
2026-07-08T19:02:00Z,1126,SKIP,SKIPPED,,,,,0,llm_gate,reason=ollama_skip status=SKIP
2026-07-08T19:02:17Z,1127,SKIP,SKIPPED,,,,,0,impulse_resonance_wait,reason=wall_not_collapsed tension=0.77653870 bid_drop=5.04750154 ask_drop=1.39001710
2026-07-08T19:02:32Z,1128,SKIP,SKIPPED,,,,,0,radar_block,reason=momentum_too_small conf=0.2108 mom_sig=0.00000000 raw_mom_bps=0.00000000 spread_bps=6.36560000 tension=0.00000000 bid_drop=0.00000000 ask_drop=0.00000000
2026-07-08T19:02:40Z,1129,SKIP,SKIPPED,,,,,0,radar_block,reason=momentum_too_small conf=0.0001 mom_sig=0.00005520 raw_mom_bps=0.00000000 spread_bps=4.51770000 tension=0.00005520 bid_drop=0.00035878 ask_drop=0.00000000
2026-07-08T19:02:49Z,1130,SKIP,SKIPPED,,,,,0,radar_block,reason=momentum_too_small conf=0.2512 mom_sig=0.00000000 raw_mom_bps=1.93050504 spread_bps=4.51770000 tension=0.00000000 bid_drop=0.00000000 ask_drop=0.00000000
2026-07-08T19:02:56Z,1131,SKIP,SKIPPED,,,,,0,radar_block,reason=momentum_too_small conf=0.0 mom_sig=0.00002654 raw_mom_bps=0.00000000 spread_bps=4.51770000 tension=0.00002654 bid_drop=0.00017250 ask_drop=0.00000000
2026-07-08T19:03:03Z,1132,SKIP,SKIPPED,,,,,0,radar_block,reason=momentum_too_small conf=0.2761 mom_sig=0.00000000 raw_mom_bps=0.00000000 spread_bps=3.37620000 tension=0.00000000 bid_drop=0.00000000 ask_drop=0.00000000
2026-07-08T19:03:11Z,1133,SKIP,SKIPPED,,,,,0,radar_block,reason=momentum_too_small conf=0.0 mom_sig=0.00000470 raw_mom_bps=0.00000000 spread_bps=2.37940000 tension=0.00000470 bid_drop=0.00000000 ask_drop=0.00003052
2026-07-08T19:03:19Z,1134,SKIP,SKIPPED,,,,,0,llm_gate,reason=ollama_skip status=SKIP
2026-07-08T19:03:26Z,1135,SKIP,SKIPPED,,,,,0,impulse_resonance_wait,reason=wall_not_collapsed tension=0.97172881 bid_drop=6.31623728 ask_drop=0.00000000
2026-07-08T19:03:33Z,1136,SKIP,SKIPPED,,,,,0,radar_block,reason=momentum_too_small conf=0.0 mom_sig=0.00001218 raw_mom_bps=0.00000000 spread_bps=4.51770000 tension=0.00001218 bid_drop=0.00007916 ask_drop=0.00000000
2026-07-08T19:03:40Z,1137,SKIP,SKIPPED,,,,,0,radar_block,reason=momentum_too_small conf=0.0 mom_sig=0.00000094 raw_mom_bps=0.00000000 spread_bps=1.23780000 tension=0.00000094 bid_drop=0.00000000 ask_drop=0.00000610
2026-07-08T19:03:47Z,1138,SKIP,SKIPPED,,,,,0,radar_block,reason=momentum_too_small conf=0.2962 mom_sig=0.00000000 raw_mom_bps=1.15752091 spread_bps=2.45920000 tension=0.00000000 bid_drop=0.00000000 ask_drop=0.00000000
2026-07-08T19:03:54Z,1139,SKIP,SKIPPED,,,,,0,radar_block,reason=momentum_too_small conf=0.2959 mom_sig=0.00000000 raw_mom_bps=0.00000000 spread_bps=2.47530000 tension=0.00000000 bid_drop=0.00000000 ask_drop=0.00000000
2026-07-08T19:04:13Z,1140,SELL,FILLED,62200.00000000,62200.00000000,0.00950000,-0.00000000,-0.00000000,shock_inversion_stop,radar=long conf=0.8453 size_note=strong_conf_full+entry_25_75_full soft=0 pct=-0.00000000 tension=4.82206316 bid_drop=31.34341056 ask_drop=0.00000000
2026-07-08T19:04:21Z,1141,SKIP,SKIPPED,,,,,0,radar_block,reason=momentum_too_small conf=0.318 mom_sig=0.00000000 raw_mom_bps=0.00000000 spread_bps=1.46280000 tension=0.00000000 bid_drop=0.00000000 ask_drop=0.00000000
2026-07-08T19:04:29Z,1142,SKIP,SKIPPED,,,,,0,radar_block,reason=momentum_too_small conf=0.0004 mom_sig=0.00025134 raw_mom_bps=0.00000000 spread_bps=1.46280000 tension=0.00025134 bid_drop=0.00026091 ask_drop=0.00163371
2026-07-08T19:04:36Z,1143,SKIP,SKIPPED,,,,,0,impulse_resonance_wait,reason=wall_not_collapsed tension=0.40495144 bid_drop=0.00008970 ask_drop=2.63218433
2026-07-08T19:04:45Z,1144,SKIP,SKIPPED,,,,,0,llm_gate,reason=ollama_skip status=SKIP
2026-07-08T19:04:54Z,1145,SKIP,SKIPPED,,,,,0,llm_gate,reason=ollama_skip status=SKIP
2026-07-08T19:05:02Z,1146,SKIP,SKIPPED,,,,,0,radar_block,reason=momentum_too_small conf=0.0001 mom_sig=0.00008811 raw_mom_bps=0.00000000 spread_bps=0.24130000 tension=0.00008811 bid_drop=0.00024484 ask_drop=0.00057270
2026-07-08T19:05:10Z,1147,SKIP,SKIPPED,,,,,0,radar_block,reason=momentum_too_small conf=0.0 mom_sig=0.00000769 raw_mom_bps=0.00000000 spread_bps=0.24130000 tension=0.00000769 bid_drop=0.00004999 ask_drop=0.00000000
2026-07-08T19:05:18Z,1148,SKIP,SKIPPED,,,,,0,radar_block,reason=momentum_too_small conf=0.3447 mom_sig=0.00000000 raw_mom_bps=-0.24125957 spread_bps=0.24130000 tension=0.00000000 bid_drop=0.00000000 ask_drop=0.00000000
2026-07-08T19:05:27Z,1149,SKIP,SKIPPED,,,,,0,radar_block,reason=momentum_too_small conf=0.3437 mom_sig=0.00000000 raw_mom_bps=0.00000000 spread_bps=0.28950000 tension=0.00000000 bid_drop=0.00000000 ask_drop=0.00000000
2026-07-08T19:05:36Z,1150,SKIP,SKIPPED,,,,,0,llm_gate,reason=ollama_skip status=SKIP
2026-07-08T19:06:05Z,1151,SKIP,SKIPPED,,,,,0,llm_gate,reason=ollama_skip status=SKIP
2026-07-08T19:06:27Z,1152,SKIP,SKIPPED,,,,,0,radar_block,reason=direction_unclear conf=0.0205 mom_sig=0.01528152 raw_mom_bps=0.00000000 spread_bps=3.13640000 tension=0.01528152 bid_drop=0.00036861 ask_drop=0.09932989
2026-07-08T19:06:48Z,1153,SKIP,SKIPPED,,,,,0,radar_block,reason=momentum_too_small conf=0.0 mom_sig=0.00002501 raw_mom_bps=0.00000000 spread_bps=3.05600000 tension=0.00002501 bid_drop=0.00016256 ask_drop=0.00000000
2026-07-08T19:07:13Z,1154,SKIP,SKIPPED,,,,,0,impulse_resonance_wait,reason=wall_not_collapsed tension=0.78562039 bid_drop=5.10653252 ask_drop=0.00000000
2026-07-08T19:07:36Z,1155,SKIP,SKIPPED,,,,,0,impulse_resonance_wait,reason=wall_not_collapsed tension=0.80866097 bid_drop=0.00000000 ask_drop=5.25629629
2026-07-08T19:08:00Z,1156,SKIP,SKIPPED,,,,,0,llm_gate,reason=ollama_skip status=SKIP
2026-07-08T19:08:21Z,1157,SKIP,SKIPPED,,,,,0,radar_block,reason=momentum_too_small conf=0.3296 mom_sig=0.00000000 raw_mom_bps=0.00000000 spread_bps=0.93320000 tension=0.00000000 bid_drop=0.00000000 ask_drop=0.00000000
2026-07-08T19:08:46Z,1158,SKIP,SKIPPED,,,,,0,radar_block,reason=momentum_too_small conf=0.3419 mom_sig=0.00000000 raw_mom_bps=0.00000000 spread_bps=0.37010000 tension=0.00000000 bid_drop=0.00000000 ask_drop=0.00000000
2026-07-08T19:09:08Z,1159,SKIP,SKIPPED,,,,,0,radar_block,reason=momentum_too_small conf=0.0006 mom_sig=0.00040657 raw_mom_bps=-0.01609282 spread_bps=1.60910000 tension=0.00040657 bid_drop=0.00014558 ask_drop=0.00264273
2026-07-08T19:09:30Z,1160,SKIP,SKIPPED,,,,,0,radar_block,reason=momentum_too_small conf=0.3127 mom_sig=0.00000000 raw_mom_bps=0.00000000 spread_bps=1.70550000 tension=0.00000000 bid_drop=0.00000000 ask_drop=0.00000000
2026-07-08T19:09:52Z,1161,SKIP,SKIPPED,,,,,0,radar_block,reason=momentum_too_small conf=0.0011 mom_sig=0.00069733 raw_mom_bps=0.00000000 spread_bps=0.41850000 tension=0.00069733 bid_drop=0.00453263 ask_drop=0.00000000
2026-07-08T19:10:02Z,1162,SKIP,SKIPPED,,,,,0,radar_block,reason=momentum_too_small conf=0.3271 mom_sig=0.00000000 raw_mom_bps=0.00000000 spread_bps=1.04600000 tension=0.00000000 bid_drop=0.00000000 ask_drop=0.00000000
2026-07-08T19:10:10Z,1163,SKIP,SKIPPED,,,,,0,radar_block,reason=momentum_too_small conf=0.3486 mom_sig=0.00000000 raw_mom_bps=0.00000000 spread_bps=0.06440000 tension=0.00000000 bid_drop=0.00000000 ask_drop=0.00000000
2026-07-08T19:10:19Z,1164,SKIP,SKIPPED,,,,,0,llm_gate,reason=ollama_skip status=SKIP
2026-07-08T19:10:28Z,1165,SKIP,SKIPPED,,,,,0,tactic_mismatch,mom=long structure=short
2026-07-08T19:10:36Z,1166,SKIP,SKIPPED,,,,,0,radar_block,reason=momentum_too_small conf=0.0 mom_sig=0.00000959 raw_mom_bps=0.00000000 spread_bps=1.38400000 tension=0.00000959 bid_drop=0.00006234 ask_drop=0.00000000
2026-07-08T19:10:44Z,1167,SKIP,SKIPPED,,,,,0,radar_block,reason=momentum_too_small conf=0.0 mom_sig=0.00000488 raw_mom_bps=0.00000000 spread_bps=1.81850000 tension=0.00000488 bid_drop=0.00003175 ask_drop=0.00000000
2026-07-08T19:11:05Z,1168,SELL,FILLED,62128.00000000,62128.00000000,0.01560000,-0.00000000,-0.00000000,shock_inversion_stop,radar=short conf=0.8863 size_note=strong_conf_full+aspiration_1.618x+entry_25_75_full soft=0 pct=-0.00000000 tension=1.12909282 bid_drop=7.33910332 ask_drop=0.00011836
2026-07-08T19:11:16Z,1169,SKIP,SKIPPED,,,,,0,llm_gate,reason=ollama_skip status=SKIP
2026-07-08T19:11:25Z,1170,SKIP,SKIPPED,,,,,0,radar_block,reason=momentum_too_small conf=0.0004 mom_sig=0.00025574 raw_mom_bps=0.00000000 spread_bps=1.81850000 tension=0.00025574 bid_drop=0.00166229 ask_drop=0.00000000
2026-07-08T19:11:33Z,1171,SKIP,SKIPPED,,,,,0,impulse_resonance_wait,reason=wall_not_collapsed tension=0.24005849 bid_drop=1.56038017 ask_drop=0.00000000
2026-07-08T19:11:41Z,1172,SKIP,SKIPPED,,,,,0,impulse_resonance_wait,reason=wall_not_collapsed tension=0.88186181 bid_drop=5.73210175 ask_drop=0.00000000
2026-07-08T19:11:49Z,1173,SKIP,SKIPPED,,,,,0,radar_block,reason=momentum_too_small conf=0.0 mom_sig=0.00000583 raw_mom_bps=0.00000000 spread_bps=1.81850000 tension=0.00000583 bid_drop=0.00003790 ask_drop=0.00000000
2026-07-08T19:12:00Z,1174,SKIP,SKIPPED,,,,,0,radar_block,reason=momentum_too_small conf=0.3419 mom_sig=0.00000000 raw_mom_bps=0.00000000 spread_bps=0.37020000 tension=0.00000000 bid_drop=0.00000000 ask_drop=0.00000000
2026-07-08T19:12:10Z,1175,SKIP,SKIPPED,,,,,0,radar_block,reason=momentum_too_small conf=0.0001 mom_sig=0.00003785 raw_mom_bps=0.00000000 spread_bps=1.27140000 tension=0.00003785 bid_drop=0.00024603 ask_drop=0.00023333
2026-07-08T19:12:19Z,1176,SKIP,SKIPPED,,,,,0,radar_block,reason=momentum_too_small conf=0.0 mom_sig=0.00001830 raw_mom_bps=-1.25531497 spread_bps=1.81850000 tension=0.00001830 bid_drop=0.00011892 ask_drop=0.00000000
2026-07-08T19:12:27Z,1177,SKIP,SKIPPED,,,,,0,radar_block,reason=momentum_too_small conf=0.3109 mom_sig=0.00000000 raw_mom_bps=0.00000000 spread_bps=1.78630000 tension=0.00000000 bid_drop=0.00000000 ask_drop=0.00000000
2026-07-08T19:12:39Z,1178,SKIP,SKIPPED,,,,,0,radar_block,reason=momentum_too_small conf=0.0002 mom_sig=0.00014296 raw_mom_bps=0.00000000 spread_bps=1.78630000 tension=0.00014296 bid_drop=0.00092924 ask_drop=0.00000000
2026-07-08T19:12:59Z,1179,SKIP,SKIPPED,,,,,0,radar_block,reason=momentum_too_small conf=0.0 mom_sig=0.00001788 raw_mom_bps=-0.03219150 spread_bps=1.81850000 tension=0.00001788 bid_drop=0.00011620 ask_drop=0.00000000
2026-07-08T19:13:21Z,1180,SKIP,SKIPPED,,,,,0,radar_block,reason=momentum_too_small conf=0.0 mom_sig=0.00003364 raw_mom_bps=0.00000000 spread_bps=1.81850000 tension=0.00003364 bid_drop=0.00021868 ask_drop=0.00000000
2026-07-08T19:13:40Z,1181,SKIP,SKIPPED,,,,,0,llm_gate,reason=ollama_skip status=SKIP
2026-07-08T19:14:07Z,1182,SELL,FILLED,62128.00000000,62128.00000000,0.00950000,-0.00000000,-0.00000000,shock_inversion_stop,radar=short conf=0.8863 size_note=strong_conf_full+entry_25_75_full soft=0 pct=-0.00000000 tension=7.38375059 bid_drop=10.15494834 ask_drop=47.99437881
2026-07-08T19:14:16Z,1183,SKIP,SKIPPED,,,,,0,radar_block,reason=momentum_too_small conf=0.0001 mom_sig=0.00007076 raw_mom_bps=0.00000000 spread_bps=1.81850000 tension=0.00007076 bid_drop=0.00014682 ask_drop=0.00045992
2026-07-08T19:14:24Z,1184,SKIP,SKIPPED,,,,,0,radar_block,reason=momentum_too_small conf=0.0 mom_sig=0.00001152 raw_mom_bps=0.00000000 spread_bps=0.80470000 tension=0.00001152 bid_drop=0.00007485 ask_drop=0.00000000
2026-07-08T19:14:32Z,1185,SKIP,SKIPPED,,,,,0,radar_block,reason=momentum_too_small conf=0.3324 mom_sig=0.00000000 raw_mom_bps=0.00000000 spread_bps=0.80470000 tension=0.00000000 bid_drop=0.00000000 ask_drop=0.00000000
2026-07-08T19:14:40Z,1186,SKIP,SKIPPED,,,,,0,radar_block,reason=momentum_too_small conf=0.0 mom_sig=0.00001537 raw_mom_bps=0.00000000 spread_bps=0.80470000 tension=0.00001537 bid_drop=0.00009991 ask_drop=0.00000000
2026-07-08T19:14:48Z,1187,SKIP,SKIPPED,,,,,0,impulse_resonance_wait,reason=wall_not_collapsed tension=0.42874864 bid_drop=0.00009159 ask_drop=2.78686616
2026-07-08T19:14:55Z,1188,SKIP,SKIPPED,,,,,0,radar_block,reason=momentum_too_small conf=0.3394 mom_sig=0.00000000 raw_mom_bps=0.00000000 spread_bps=0.48320000 tension=0.00000000 bid_drop=0.00000000 ask_drop=0.00000000
2026-07-08T19:15:16Z,1189,SKIP,SKIPPED,,,,,0,impulse_resonance_wait,reason=wall_not_collapsed tension=0.44354972 bid_drop=2.88307321 ask_drop=0.00000000
2026-07-08T19:15:38Z,1190,SKIP,SKIPPED,,,,,0,impulse_resonance_wait,reason=wall_not_collapsed tension=0.39721144 bid_drop=2.58187433 ask_drop=0.00000000
2026-07-08T19:15:59Z,1191,SKIP,SKIPPED,,,,,0,radar_block,reason=momentum_too_small conf=0.3183 mom_sig=0.00000000 raw_mom_bps=0.00000000 spread_bps=1.44980000 tension=0.00000000 bid_drop=0.00000000 ask_drop=0.00000000
2026-07-08T19:16:22Z,1192,SKIP,SKIPPED,,,,,0,radar_block,reason=direction_unclear conf=0.1356 mom_sig=0.08159244 raw_mom_bps=0.00000000 spread_bps=0.04830000 tension=0.08159244 bid_drop=0.00000000 ask_drop=0.53035088
2026-07-08T19:16:45Z,1193,SKIP,SKIPPED,,,,,0,radar_block,reason=momentum_too_small conf=0.3246 mom_sig=0.00000000 raw_mom_bps=0.00000000 spread_bps=1.15990000 tension=0.00000000 bid_drop=0.00000000 ask_drop=0.00000000
2026-07-08T19:17:07Z,1194,SKIP,SKIPPED,,,,,0,radar_block,reason=momentum_too_small conf=0.0 mom_sig=0.00000446 raw_mom_bps=0.00000000 spread_bps=0.91820000 tension=0.00000446 bid_drop=0.00000000 ask_drop=0.00002896
2026-07-08T19:17:26Z,1195,SKIP,SKIPPED,,,,,0,impulse_resonance_wait,reason=wall_not_collapsed tension=0.63707186 bid_drop=4.14096707 ask_drop=0.00000000
2026-07-08T19:17:42Z,1196,SKIP,SKIPPED,,,,,0,radar_block,reason=momentum_too_small conf=0.3239 mom_sig=0.00000000 raw_mom_bps=0.00000000 spread_bps=1.19210000 tension=0.00000000 bid_drop=0.00000000 ask_drop=0.00000000
2026-07-08T19:17:52Z,1197,SKIP,SKIPPED,,,,,0,llm_gate,reason=ollama_skip status=SKIP
2026-07-08T19:18:01Z,1198,SKIP,SKIPPED,,,,,0,radar_block,reason=momentum_too_small conf=0.3179 mom_sig=0.00000000 raw_mom_bps=0.00000000 spread_bps=1.46600000 tension=0.00000000 bid_drop=0.00000000 ask_drop=0.00000000
2026-07-08T19:18:09Z,1199,SKIP,SKIPPED,,,,,0,radar_block,reason=momentum_too_small conf=0.0 mom_sig=0.00000566 raw_mom_bps=0.00000000 spread_bps=0.87000000 tension=0.00000566 bid_drop=0.00000000 ask_drop=0.00003682
2026-07-08T19:18:18Z,1200,SKIP,SKIPPED,,,,,0,impulse_resonance_wait,reason=wall_not_collapsed tension=0.47262976 bid_drop=0.00000000 ask_drop=3.07209347
2026-07-08T19:18:26Z,1201,SKIP,SKIPPED,,,,,0,radar_block,reason=momentum_too_small conf=0.3394 mom_sig=0.00000000 raw_mom_bps=0.00000000 spread_bps=0.48330000 tension=0.00000000 bid_drop=0.00000000 ask_drop=0.00000000
2026-07-08T19:18:34Z,1202,SKIP,SKIPPED,,,,,0,radar_block,reason=momentum_too_small conf=0.3271 mom_sig=0.00000000 raw_mom_bps=0.00000000 spread_bps=1.04710000 tension=0.00000000 bid_drop=0.00000000 ask_drop=0.00000000
2026-07-08T19:18:42Z,1203,SKIP,SKIPPED,,,,,0,radar_block,reason=momentum_too_small conf=0.0 mom_sig=0.00001302 raw_mom_bps=0.00000000 spread_bps=1.04710000 tension=0.00001302 bid_drop=0.00000000 ask_drop=0.00008464
2026-07-08T19:18:51Z,1204,SKIP,SKIPPED,,,,,0,impulse_resonance_wait,reason=wall_not_collapsed tension=0.55510924 bid_drop=3.60821003 ask_drop=0.00000000
2026-07-08T19:19:01Z,1205,SKIP,SKIPPED,,,,,0,llm_gate,reason=ollama_skip status=SKIP
2026-07-08T19:19:10Z,1206,SKIP,SKIPPED,,,,,0,impulse_resonance_wait,reason=wall_not_collapsed tension=0.53401779 bid_drop=3.47111561 ask_drop=0.00000000
2026-07-08T19:19:18Z,1207,SKIP,SKIPPED,,,,,0,radar_block,reason=momentum_too_small conf=0.0001 mom_sig=0.00005121 raw_mom_bps=0.00000000 spread_bps=0.11280000 tension=0.00005121 bid_drop=0.00000000 ask_drop=0.00033288
2026-07-08T19:19:28Z,1208,SKIP,SKIPPED,,,,,0,llm_gate,reason=ollama_skip status=SKIP
2026-07-08T19:19:36Z,1209,SKIP,SKIPPED,,,,,0,radar_block,reason=momentum_too_small conf=0.343 mom_sig=0.00000000 raw_mom_bps=0.00000000 spread_bps=0.32220000 tension=0.00000000 bid_drop=0.00000000 ask_drop=0.00000000
2026-07-08T19:19:44Z,1210,SKIP,SKIPPED,,,,,0,radar_block,reason=momentum_too_small conf=0.0 mom_sig=0.00002103 raw_mom_bps=0.00000000 spread_bps=0.01610000 tension=0.00002103 bid_drop=0.00013668 ask_drop=0.00000000
2026-07-08T19:19:52Z,1211,SKIP,SKIPPED,,,,,0,radar_block,reason=direction_unclear conf=0.0196 mom_sig=0.01227274 raw_mom_bps=0.00000000 spread_bps=0.64440000 tension=0.01227274 bid_drop=0.00000000 ask_drop=0.07977283
2026-07-08T19:20:00Z,1212,SKIP,SKIPPED,,,,,0,impulse_resonance_wait,reason=wall_not_collapsed tension=0.41376120 bid_drop=2.68944780 ask_drop=0.00000000
2026-07-08T19:20:08Z,1213,SKIP,SKIPPED,,,,,0,radar_block,reason=momentum_too_small conf=0.0 mom_sig=0.00001444 raw_mom_bps=-0.01611180 spread_bps=0.67670000 tension=0.00001444 bid_drop=0.00009384 ask_drop=0.00000000
2026-07-08T19:20:16Z,1214,SKIP,SKIPPED,,,,,0,radar_block,reason=momentum_too_small conf=0.3352 mom_sig=0.00000000 raw_mom_bps=0.00000000 spread_bps=0.67670000 tension=0.00000000 bid_drop=0.00000000 ask_drop=0.00000000
2026-07-08T19:20:24Z,1215,SKIP,SKIPPED,,,,,0,radar_block,reason=momentum_too_small conf=0.3341 mom_sig=0.00000000 raw_mom_bps=0.00000000 spread_bps=0.72500000 tension=0.00000000 bid_drop=0.00000000 ask_drop=0.00000000
2026-07-08T19:20:34Z,1216,SKIP,SKIPPED,,,,,0,radar_block,reason=momentum_too_small conf=0.0 mom_sig=0.00000645 raw_mom_bps=0.00000000 spread_bps=0.72500000 tension=0.00000645 bid_drop=0.00004194 ask_drop=0.00000000
2026-07-08T19:20:43Z,1217,SKIP,SKIPPED,,,,,0,radar_block,reason=momentum_too_small conf=0.0 mom_sig=0.00001161 raw_mom_bps=0.00000000 spread_bps=0.72500000 tension=0.00001161 bid_drop=0.00000000 ask_drop=0.00007549
2026-07-08T19:21:36Z,1218,SELL,FILLED,62070.60000000,62101.40000000,0.00950000,-4.96209155,-0.29260000,fluid_exit_inversion,radar=long conf=0.8118 size_note=strong_conf_full+entry_25_75_full soft=0 pct=-0.04962092 tension=1.13225707 bid_drop=3.78747407 ask_drop=7.35967094
2026-07-08T19:21:55Z,1219,SKIP,SKIPPED,,,,,0,radar_block,reason=spread_too_wide conf=0.5 mom_sig=4.00878854 raw_mom_bps=0.00000000 spread_bps=9.58820000 tension=4.00878854 bid_drop=26.05712550 ask_drop=0.00014363
2026-07-08T19:22:09Z,1220,SKIP,SKIPPED,,,,,0,stase_ecoute,reason=spread_or_volat_not_cold spread_bps=7.25520000 volat=0.00000000
2026-07-08T19:22:17Z,1221,SKIP,SKIPPED,,,,,0,radar_block,reason=momentum_too_small conf=0.1981 mom_sig=0.00000000 raw_mom_bps=0.00000000 spread_bps=6.94280000 tension=0.00000000 bid_drop=0.00000000 ask_drop=0.00000000
2026-07-08T19:22:25Z,1222,SKIP,SKIPPED,,,,,0,radar_block,reason=momentum_too_small conf=0.3454 mom_sig=0.00000000 raw_mom_bps=0.00000000 spread_bps=0.20900000 tension=0.00000000 bid_drop=0.00000000 ask_drop=0.00000000
2026-07-08T19:22:33Z,1223,SKIP,SKIPPED,,,,,0,radar_block,reason=momentum_too_small conf=0.0 mom_sig=0.00001690 raw_mom_bps=0.00000000 spread_bps=0.20900000 tension=0.00001690 bid_drop=0.00000000 ask_drop=0.00010984
2026-07-08T19:22:41Z,1224,SKIP,SKIPPED,,,,,0,impulse_resonance_wait,reason=wall_not_collapsed tension=0.20129774 bid_drop=0.00008334 ask_drop=1.30843530
2026-07-08T19:22:49Z,1225,SKIP,SKIPPED,,,,,0,radar_block,reason=momentum_too_small conf=0.0 mom_sig=0.00001040 raw_mom_bps=0.00000000 spread_bps=0.54670000 tension=0.00001040 bid_drop=0.00006761 ask_drop=0.00001978
2026-07-08T19:22:57Z,1226,SKIP,SKIPPED,,,,,0,radar_block,reason=momentum_too_small conf=0.0 mom_sig=0.00000601 raw_mom_bps=0.00000000 spread_bps=0.54670000 tension=0.00000601 bid_drop=0.00000000 ask_drop=0.00003908
2026-07-08T19:23:05Z,1227,SKIP,SKIPPED,,,,,0,radar_block,reason=momentum_too_small conf=0.0 mom_sig=0.00000936 raw_mom_bps=0.00000000 spread_bps=0.54670000 tension=0.00000936 bid_drop=0.00006085 ask_drop=0.00000000
2026-07-08T19:23:13Z,1228,SKIP,SKIPPED,,,,,0,radar_block,reason=momentum_too_small conf=0.0 mom_sig=0.00000888 raw_mom_bps=0.00000000 spread_bps=0.73970000 tension=0.00000888 bid_drop=0.00000000 ask_drop=0.00005774
2026-07-08T19:23:21Z,1229,SKIP,SKIPPED,,,,,0,radar_block,reason=momentum_too_small conf=0.3338 mom_sig=0.00000000 raw_mom_bps=0.00000000 spread_bps=0.73970000 tension=0.00000000 bid_drop=0.00000000 ask_drop=0.00000000
2026-07-08T19:23:29Z,1230,SKIP,SKIPPED,,,,,0,radar_block,reason=momentum_too_small conf=0.0 mom_sig=0.00000931 raw_mom_bps=0.00000000 spread_bps=0.73970000 tension=0.00000931 bid_drop=0.00006052 ask_drop=0.00000000
2026-07-08T19:23:48Z,1231,SKIP,SKIPPED,,,,,0,impulse_resonance_wait,reason=wall_not_collapsed tension=0.94010110 bid_drop=6.11065713 ask_drop=0.00002035
2026-07-08T19:23:56Z,1232,SKIP,SKIPPED,,,,,0,radar_block,reason=momentum_too_small conf=0.0005 mom_sig=0.00046866 raw_mom_bps=0.00000000 spread_bps=5.99450000 tension=0.00046866 bid_drop=0.00075546 ask_drop=0.00304632
2026-07-08T19:24:05Z,1233,SKIP,SKIPPED,,,,,0,radar_block,reason=momentum_too_small conf=0.0001 mom_sig=0.00006228 raw_mom_bps=0.00000000 spread_bps=5.99450000 tension=0.00006228 bid_drop=0.00040485 ask_drop=0.00000000
2026-07-08T19:24:13Z,1234,SKIP,SKIPPED,,,,,0,radar_block,reason=momentum_too_small conf=0.2266 mom_sig=0.00000000 raw_mom_bps=0.00000000 spread_bps=5.64100000 tension=0.00000000 bid_drop=0.00000000 ask_drop=0.00000000
2026-07-08T19:24:21Z,1235,SKIP,SKIPPED,,,,,0,radar_block,reason=momentum_too_small conf=0.2523 mom_sig=0.00000000 raw_mom_bps=0.00000000 spread_bps=4.46780000 tension=0.00000000 bid_drop=0.00000000 ask_drop=0.00000000
2026-07-08T19:24:29Z,1236,SKIP,SKIPPED,,,,,0,radar_block,reason=momentum_too_small conf=0.2677 mom_sig=0.00000000 raw_mom_bps=0.00000000 spread_bps=3.76070000 tension=0.00000000 bid_drop=0.00000000 ask_drop=0.00000000
2026-07-08T19:24:40Z,1237,SKIP,SKIPPED,,,,,0,llm_gate,reason=ollama_skip status=SKIP
2026-07-08T19:24:48Z,1238,SKIP,SKIPPED,,,,,0,radar_block,reason=momentum_too_small conf=0.253 mom_sig=0.00000000 raw_mom_bps=-4.46778693 spread_bps=4.43560000 tension=0.00000000 bid_drop=0.00000000 ask_drop=0.00000000
2026-07-08T19:24:56Z,1239,SKIP,SKIPPED,,,,,0,radar_block,reason=momentum_too_small conf=0.2357 mom_sig=0.00000000 raw_mom_bps=0.00000000 spread_bps=5.22310000 tension=0.00000000 bid_drop=0.00000000 ask_drop=0.00000000
2026-07-08T19:25:05Z,1240,SKIP,SKIPPED,,,,,0,radar_block,reason=momentum_too_small conf=0.0 mom_sig=0.00001472 raw_mom_bps=0.00000000 spread_bps=1.04510000 tension=0.00001472 bid_drop=0.00000000 ask_drop=0.00009567
2026-07-08T19:25:13Z,1241,SKIP,SKIPPED,,,,,0,radar_block,reason=momentum_too_small conf=0.0 mom_sig=0.00000313 raw_mom_bps=3.63397802 spread_bps=0.62680000 tension=0.00000313 bid_drop=0.00000000 ask_drop=0.00002036
2026-07-08T19:25:21Z,1242,SKIP,SKIPPED,,,,,0,radar_block,reason=momentum_too_small conf=0.3363 mom_sig=0.00000000 raw_mom_bps=0.00000000 spread_bps=0.62680000 tension=0.00000000 bid_drop=0.00000000 ask_drop=0.00000000
2026-07-08T19:25:30Z,1243,SKIP,SKIPPED,,,,,0,radar_block,reason=momentum_too_small conf=0.0004 mom_sig=0.00034245 raw_mom_bps=0.00000000 spread_bps=4.74100000 tension=0.00034245 bid_drop=0.00000000 ask_drop=0.00222592
2026-07-08T19:25:38Z,1244,SKIP,SKIPPED,,,,,0,radar_block,reason=momentum_too_small conf=0.3029 mom_sig=0.00000000 raw_mom_bps=0.00000000 spread_bps=2.15350000 tension=0.00000000 bid_drop=0.00000000 ask_drop=0.00000000
2026-07-08T19:25:47Z,1245,SKIP,SKIPPED,,,,,0,radar_block,reason=momentum_too_small conf=0.2684 mom_sig=0.00000000 raw_mom_bps=0.00000000 spread_bps=3.72850000 tension=0.00000000 bid_drop=0.00000000 ask_drop=0.00000000
2026-07-08T19:25:55Z,1246,SKIP,SKIPPED,,,,,0,radar_block,reason=momentum_too_small conf=0.0001 mom_sig=0.00007082 raw_mom_bps=0.00000000 spread_bps=3.69640000 tension=0.00007082 bid_drop=0.00046031 ask_drop=0.00006112
2026-07-08T19:26:03Z,1247,SKIP,SKIPPED,,,,,0,radar_block,reason=momentum_too_small conf=0.3352 mom_sig=0.00000000 raw_mom_bps=0.04823136 spread_bps=0.67520000 tension=0.00000000 bid_drop=0.00000000 ask_drop=0.00000000
2026-07-08T19:26:11Z,1248,SKIP,SKIPPED,,,,,0,impulse_resonance_wait,reason=wall_not_collapsed tension=0.76999159 bid_drop=5.00494532 ask_drop=0.00000000
2026-07-08T19:26:36Z,1249,SELL,FILLED,62193.50000000,62188.20000000,0.00480000,0.85217909,0.02544000,shock_inversion_stop,radar=long conf=0.9015 size_note=strong_conf_full+entry_25_75_full soft=1 pct=0.00852179 tension=2.51039834 bid_drop=16.31758923 ask_drop=0.00007750
2026-07-08T19:26:46Z,1250,SKIP,SKIPPED,,,,,0,radar_block,reason=momentum_too_small conf=0.0005 mom_sig=0.00046718 raw_mom_bps=0.00000000 spread_bps=5.65710000 tension=0.00046718 bid_drop=0.00000000 ask_drop=0.00303667
2026-07-08T19:26:55Z,1251,SKIP,SKIPPED,,,,,0,stase_ecoute,reason=spread_or_volat_not_cold spread_bps=5.99450000 volat=0.00000000
2026-07-08T19:27:03Z,1252,SKIP,SKIPPED,,,,,0,impulse_resonance_wait,reason=wall_not_collapsed tension=0.90015804 bid_drop=5.85102724 ask_drop=0.00000000
2026-07-08T19:27:11Z,1253,SKIP,SKIPPED,,,,,0,radar_block,reason=momentum_too_small conf=0.2449 mom_sig=0.00000000 raw_mom_bps=0.00000000 spread_bps=4.80530000 tension=0.00000000 bid_drop=0.00000000 ask_drop=0.00000000
2026-07-08T19:27:19Z,1254,SKIP,SKIPPED,,,,,0,radar_block,reason=momentum_too_small conf=0.2375 mom_sig=0.00000000 raw_mom_bps=0.00000000 spread_bps=5.14280000 tension=0.00000000 bid_drop=0.00000000 ask_drop=0.00000000
2026-07-08T19:27:27Z,1255,SKIP,SKIPPED,,,,,0,radar_block,reason=momentum_too_small conf=0.0 mom_sig=0.00000345 raw_mom_bps=0.00000000 spread_bps=5.14280000 tension=0.00000345 bid_drop=0.00000000 ask_drop=0.00002244
2026-07-08T19:27:37Z,1256,SKIP,SKIPPED,,,,,0,llm_gate,reason=ollama_skip status=SKIP
2026-07-08T19:27:45Z,1257,SKIP,SKIPPED,,,,,0,radar_block,reason=momentum_too_small conf=0.2459 mom_sig=0.00000000 raw_mom_bps=0.00000000 spread_bps=4.75710000 tension=0.00000000 bid_drop=0.00000000 ask_drop=0.00000000
2026-07-08T19:27:53Z,1258,SKIP,SKIPPED,,,,,0,radar_block,reason=momentum_too_small conf=0.2656 mom_sig=0.00000000 raw_mom_bps=-0.30548834 spread_bps=3.85710000 tension=0.00000000 bid_drop=0.00000000 ask_drop=0.00000000
2026-07-08T19:28:02Z,1259,SKIP,SKIPPED,,,,,0,radar_block,reason=momentum_too_small conf=0.2681 mom_sig=0.00000000 raw_mom_bps=0.00000000 spread_bps=3.74460000 tension=0.00000000 bid_drop=0.00000000 ask_drop=0.00000000
2026-07-08T19:28:10Z,1260,SKIP,SKIPPED,,,,,0,impulse_resonance_wait,reason=wall_not_collapsed tension=0.78979174 bid_drop=5.13364633 ask_drop=0.00004898
2026-07-08T19:28:18Z,1261,SKIP,SKIPPED,,,,,0,radar_block,reason=momentum_too_small conf=0.2885 mom_sig=0.00000000 raw_mom_bps=0.00000000 spread_bps=2.81250000 tension=0.00000000 bid_drop=0.00000000 ask_drop=0.00000000
2026-07-08T19:28:26Z,1262,SKIP,SKIPPED,,,,,0,radar_block,reason=momentum_too_small conf=0.2846 mom_sig=0.00000000 raw_mom_bps=0.00000000 spread_bps=2.98920000 tension=0.00000000 bid_drop=0.00000000 ask_drop=0.00000000
2026-07-08T19:28:34Z,1263,SKIP,SKIPPED,,,,,0,radar_block,reason=momentum_too_small conf=0.0 mom_sig=0.00002130 raw_mom_bps=0.00000000 spread_bps=0.59490000 tension=0.00002130 bid_drop=0.00013845 ask_drop=0.00002041
2026-07-08T19:28:42Z,1264,SKIP,SKIPPED,,,,,0,radar_block,reason=momentum_too_small conf=0.3285 mom_sig=0.00000000 raw_mom_bps=0.00000000 spread_bps=0.98070000 tension=0.00000000 bid_drop=0.00000000 ask_drop=0.00000000
2026-07-08T19:28:52Z,1265,SKIP,SKIPPED,,,,,0,radar_block,reason=momentum_too_small conf=0.3247 mom_sig=0.00000000 raw_mom_bps=0.00000000 spread_bps=1.15750000 tension=0.00000000 bid_drop=0.00000000 ask_drop=0.00000000
2026-07-08T19:29:00Z,1266,SKIP,SKIPPED,,,,,0,radar_block,reason=momentum_too_small conf=0.0001 mom_sig=0.00006551 raw_mom_bps=0.00000000 spread_bps=4.46780000 tension=0.00006551 bid_drop=0.00042582 ask_drop=0.00000000
2026-07-08T19:29:08Z,1267,SKIP,SKIPPED,,,,,0,radar_block,reason=momentum_too_small conf=0.2245 mom_sig=0.00000000 raw_mom_bps=-1.27019040 spread_bps=5.73740000 tension=0.00000000 bid_drop=0.00000000 ask_drop=0.00000000
2026-07-08T19:29:31Z,1268,SELL,FILLED,62198.20000000,62206.10000000,0.00480000,-1.27013322,-0.03792000,shock_inversion_stop,radar=long conf=0.8011 size_note=strong_conf_full+entry_25_75_full soft=1 pct=-0.01270133 tension=1.00889423 bid_drop=6.55781247 ask_drop=0.00000000
2026-07-08T19:29:42Z,1269,SKIP,SKIPPED,,,,,0,llm_gate,reason=ollama_skip status=SKIP
2026-07-08T19:29:50Z,1270,SKIP,SKIPPED,,,,,0,radar_block,reason=momentum_too_small conf=0.3437 mom_sig=0.00000000 raw_mom_bps=0.00000000 spread_bps=0.28930000 tension=0.00000000 bid_drop=0.00000000 ask_drop=0.00000000
2026-07-08T19:30:00Z,1271,SKIP,SKIPPED,,,,,0,llm_gate,reason=ollama_skip status=SKIP
2026-07-08T19:30:09Z,1272,SKIP,SKIPPED,,,,,0,radar_block,reason=momentum_too_small conf=0.0001 mom_sig=0.00007002 raw_mom_bps=0.00000000 spread_bps=1.30180000 tension=0.00007002 bid_drop=0.00007670 ask_drop=0.00045516
2026-07-08T19:30:18Z,1273,SKIP,SKIPPED,,,,,0,radar_block,reason=direction_unclear conf=0.2398 mom_sig=0.15660152 raw_mom_bps=0.00000000 spread_bps=1.30180000 tension=0.15660152 bid_drop=1.01790987 ask_drop=0.00010068
2026-07-08T19:30:26Z,1274,SKIP,SKIPPED,,,,,0,radar_block,reason=momentum_too_small conf=0.3198 mom_sig=0.00000000 raw_mom_bps=0.00000000 spread_bps=1.38220000 tension=0.00000000 bid_drop=0.00000000 ask_drop=0.00000000
2026-07-08T19:30:34Z,1275,SKIP,SKIPPED,,,,,0,radar_block,reason=momentum_too_small conf=0.3398 mom_sig=0.00000000 raw_mom_bps=0.00000000 spread_bps=0.46610000 tension=0.00000000 bid_drop=0.00000000 ask_drop=0.00000000
2026-07-08T19:30:42Z,1276,SKIP,SKIPPED,,,,,0,radar_block,reason=momentum_too_small conf=0.0001 mom_sig=0.00006131 raw_mom_bps=0.00000000 spread_bps=1.18930000 tension=0.00006131 bid_drop=0.00039851 ask_drop=0.00000000
2026-07-08T19:30:50Z,1277,SKIP,SKIPPED,,,,,0,radar_block,reason=momentum_too_small conf=0.3191 mom_sig=0.00000000 raw_mom_bps=0.00000000 spread_bps=1.41430000 tension=0.00000000 bid_drop=0.00000000 ask_drop=0.00000000
2026-07-08T19:30:58Z,1278,SKIP,SKIPPED,,,,,0,impulse_resonance_wait,reason=wall_not_collapsed tension=0.56062157 bid_drop=3.64404019 ask_drop=0.00000000
2026-07-08T19:31:06Z,1279,SKIP,SKIPPED,,,,,0,radar_block,reason=momentum_too_small conf=0.0003 mom_sig=0.00017277 raw_mom_bps=0.00000000 spread_bps=1.38220000 tension=0.00017277 bid_drop=0.00112301 ask_drop=0.00000000
2026-07-08T19:31:14Z,1280,SKIP,SKIPPED,,,,,0,impulse_resonance_wait,reason=wall_not_collapsed tension=0.24279226 bid_drop=1.57814970 ask_drop=0.00000000
2026-07-08T19:31:22Z,1281,SKIP,SKIPPED,,,,,0,radar_block,reason=momentum_too_small conf=0.3124 mom_sig=0.00000000 raw_mom_bps=0.00000000 spread_bps=1.71960000 tension=0.00000000 bid_drop=0.00000000 ask_drop=0.00000000
2026-07-08T19:31:30Z,1282,SKIP,SKIPPED,,,,,0,radar_block,reason=momentum_too_small conf=0.0027 mom_sig=0.00182889 raw_mom_bps=0.00000000 spread_bps=1.71960000 tension=0.00182889 bid_drop=0.01188776 ask_drop=0.00021825
2026-07-08T19:31:38Z,1283,SKIP,SKIPPED,,,,,0,tactic_mismatch,mom=short structure=long
2026-07-08T19:31:46Z,1284,SKIP,SKIPPED,,,,,0,radar_block,reason=momentum_too_small conf=0.3338 mom_sig=0.00000000 raw_mom_bps=0.00000000 spread_bps=0.73930000 tension=0.00000000 bid_drop=0.00000000 ask_drop=0.00000000
2026-07-08T19:31:54Z,1285,SKIP,SKIPPED,,,,,0,radar_block,reason=momentum_too_small conf=0.0 mom_sig=0.00001679 raw_mom_bps=0.00000000 spread_bps=0.81960000 tension=0.00001679 bid_drop=0.00000000 ask_drop=0.00010913
2026-07-08T19:32:02Z,1286,SKIP,SKIPPED,,,,,0,radar_block,reason=momentum_too_small conf=0.0 mom_sig=0.00002531 raw_mom_bps=0.00000000 spread_bps=0.81960000 tension=0.00002531 bid_drop=0.00016453 ask_drop=0.00000000
2026-07-08T19:32:10Z,1287,SKIP,SKIPPED,,,,,0,radar_block,reason=momentum_too_small conf=0.3321 mom_sig=0.00000000 raw_mom_bps=0.00000000 spread_bps=0.81960000 tension=0.00000000 bid_drop=0.00000000 ask_drop=0.00000000
2026-07-08T19:32:18Z,1288,SKIP,SKIPPED,,,,,0,radar_block,reason=momentum_too_small conf=0.3321 mom_sig=0.00000000 raw_mom_bps=0.00000000 spread_bps=0.81960000 tension=0.00000000 bid_drop=0.00000000 ask_drop=0.00000000
2026-07-08T19:32:26Z,1289,SKIP,SKIPPED,,,,,0,radar_block,reason=momentum_too_small conf=0.0 mom_sig=0.00000655 raw_mom_bps=0.00000000 spread_bps=1.01250000 tension=0.00000655 bid_drop=0.00000000 ask_drop=0.00004257
2026-07-08T19:32:34Z,1290,SKIP,SKIPPED,,,,,0,radar_block,reason=momentum_too_small conf=0.0004 mom_sig=0.00025759 raw_mom_bps=0.00000000 spread_bps=0.09640000 tension=0.00025759 bid_drop=0.00000000 ask_drop=0.00167433
2026-07-08T19:32:42Z,1291,SKIP,SKIPPED,,,,,0,radar_block,reason=direction_unclear conf=0.3143 mom_sig=0.18878583 raw_mom_bps=0.00000000 spread_bps=0.01610000 tension=0.18878583 bid_drop=0.01575188 ask_drop=1.22710789
2026-07-08T19:32:50Z,1292,SKIP,SKIPPED,,,,,0,radar_block,reason=momentum_too_small conf=0.3472 mom_sig=0.00000000 raw_mom_bps=0.00000000 spread_bps=0.12860000 tension=0.00000000 bid_drop=0.00000000 ask_drop=0.00000000
2026-07-08T19:32:58Z,1293,SKIP,SKIPPED,,,,,0,radar_block,reason=momentum_too_small conf=0.0 mom_sig=0.00001323 raw_mom_bps=0.03214246 spread_bps=0.12860000 tension=0.00001323 bid_drop=0.00000000 ask_drop=0.00008597
2026-07-08T19:33:07Z,1294,SKIP,SKIPPED,,,,,0,radar_block,reason=momentum_too_small conf=0.0034 mom_sig=0.00205128 raw_mom_bps=0.00000000 spread_bps=0.12860000 tension=0.00205128 bid_drop=0.01333329 ask_drop=0.00010922
2026-07-08T19:33:14Z,1295,SKIP,SKIPPED,,,,,0,radar_block,reason=momentum_too_small conf=0.0001 mom_sig=0.00006565 raw_mom_bps=0.00000000 spread_bps=0.12860000 tension=0.00006565 bid_drop=0.00042673 ask_drop=0.00000000
2026-07-08T19:33:22Z,1296,SKIP,SKIPPED,,,,,0,radar_block,reason=momentum_too_small conf=0.0001 mom_sig=0.00003174 raw_mom_bps=0.12857085 spread_bps=0.12860000 tension=0.00003174 bid_drop=0.00000000 ask_drop=0.00020631
2026-07-08T19:33:30Z,1297,SKIP,SKIPPED,,,,,0,radar_block,reason=momentum_too_small conf=0.3472 mom_sig=0.00000000 raw_mom_bps=0.00000000 spread_bps=0.12860000 tension=0.00000000 bid_drop=0.00000000 ask_drop=0.00000000
2026-07-08T19:33:39Z,1298,SKIP,SKIPPED,,,,,0,radar_block,reason=momentum_too_small conf=0.0001 mom_sig=0.00005461 raw_mom_bps=0.00000000 spread_bps=0.14460000 tension=0.00005461 bid_drop=0.00000000 ask_drop=0.00035498
2026-07-08T19:33:47Z,1299,SKIP,SKIPPED,,,,,0,radar_block,reason=momentum_too_small conf=0.0 mom_sig=0.00002411 raw_mom_bps=0.00000000 spread_bps=0.14460000 tension=0.00002411 bid_drop=0.00000000 ask_drop=0.00015673
2026-07-08T19:33:55Z,1300,SKIP,SKIPPED,,,,,0,radar_block,reason=momentum_too_small conf=0.3468 mom_sig=0.00000000 raw_mom_bps=0.00000000 spread_bps=0.14460000 tension=0.00000000 bid_drop=0.00000000 ask_drop=0.00000000
2026-07-08T19:34:03Z,1301,SKIP,SKIPPED,,,,,0,radar_block,reason=direction_unclear conf=0.2297 mom_sig=0.13924059 raw_mom_bps=-0.14464035 spread_bps=0.16070000 tension=0.13924059 bid_drop=0.90506383 ask_drop=0.00000000
2026-07-08T19:34:11Z,1302,SKIP,SKIPPED,,,,,0,radar_block,reason=momentum_too_small conf=0.0001 mom_sig=0.00003190 raw_mom_bps=0.00000000 spread_bps=0.48210000 tension=0.00003190 bid_drop=0.00000000 ask_drop=0.00020732
2026-07-08T19:34:19Z,1303,SKIP,SKIPPED,,,,,0,radar_block,reason=momentum_too_small conf=0.0 mom_sig=0.00001856 raw_mom_bps=0.00000000 spread_bps=0.49820000 tension=0.00001856 bid_drop=0.00000000 ask_drop=0.00012062
2026-07-08T19:34:27Z,1304,SKIP,SKIPPED,,,,,0,radar_block,reason=momentum_too_small conf=0.3391 mom_sig=0.00000000 raw_mom_bps=0.00000000 spread_bps=0.49820000 tension=0.00000000 bid_drop=0.00000000 ask_drop=0.00000000
2026-07-08T19:34:35Z,1305,SKIP,SKIPPED,,,,,0,radar_block,reason=momentum_too_small conf=0.3384 mom_sig=0.00000000 raw_mom_bps=0.00000000 spread_bps=0.53030000 tension=0.00000000 bid_drop=0.00000000 ask_drop=0.00000000
2026-07-08T19:34:43Z,1306,SKIP,SKIPPED,,,,,0,radar_block,reason=momentum_too_small conf=0.3271 mom_sig=0.00000000 raw_mom_bps=0.00000000 spread_bps=1.04460000 tension=0.00000000 bid_drop=0.00000000 ask_drop=0.00000000
2026-07-08T19:34:51Z,1307,SKIP,SKIPPED,,,,,0,radar_block,reason=momentum_too_small conf=0.3271 mom_sig=0.00000000 raw_mom_bps=0.00000000 spread_bps=1.04460000 tension=0.00000000 bid_drop=0.00000000 ask_drop=0.00000000
2026-07-08T19:35:00Z,1308,SKIP,SKIPPED,,,,,0,radar_block,reason=momentum_too_small conf=0.3493 mom_sig=0.00000000 raw_mom_bps=0.00000000 spread_bps=0.03210000 tension=0.00000000 bid_drop=0.00000000 ask_drop=0.00000000
2026-07-08T19:35:08Z,1309,SKIP,SKIPPED,,,,,0,radar_block,reason=momentum_too_small conf=0.3338 mom_sig=0.00000000 raw_mom_bps=0.00000000 spread_bps=0.73930000 tension=0.00000000 bid_drop=0.00000000 ask_drop=0.00000000
2026-07-08T19:35:16Z,1310,SKIP,SKIPPED,,,,,0,radar_block,reason=momentum_too_small conf=0.0 mom_sig=0.00000888 raw_mom_bps=0.00000000 spread_bps=0.75540000 tension=0.00000888 bid_drop=0.00005770 ask_drop=0.00000000
2026-07-08T19:35:26Z,1311,SKIP,SKIPPED,,,,,0,llm_gate,reason=ollama_skip status=SKIP
2026-07-08T19:35:34Z,1312,SKIP,SKIPPED,,,,,0,radar_block,reason=momentum_too_small conf=0.0 mom_sig=0.00000233 raw_mom_bps=0.00000000 spread_bps=1.10890000 tension=0.00000233 bid_drop=0.00000000 ask_drop=0.00001517
2026-07-08T19:35:42Z,1313,SKIP,SKIPPED,,,,,0,radar_block,reason=momentum_too_small conf=0.3257 mom_sig=0.00000000 raw_mom_bps=0.00000000 spread_bps=1.10890000 tension=0.00000000 bid_drop=0.00000000 ask_drop=0.00000000
2026-07-08T19:35:51Z,1314,SKIP,SKIPPED,,,,,0,impulse_resonance_wait,reason=wall_not_collapsed tension=0.81017855 bid_drop=0.00000000 ask_drop=5.26616057
2026-07-08T19:35:59Z,1315,SKIP,SKIPPED,,,,,0,impulse_resonance_wait,reason=wall_not_collapsed tension=0.55976258 bid_drop=0.00160623 ask_drop=3.63845674
2026-07-08T19:36:06Z,1316,SKIP,SKIPPED,,,,,0,radar_block,reason=momentum_too_small conf=0.0 mom_sig=0.00001214 raw_mom_bps=0.00000000 spread_bps=1.36610000 tension=0.00001214 bid_drop=0.00000000 ask_drop=0.00007893
2026-07-08T19:36:14Z,1317,SKIP,SKIPPED,,,,,0,radar_block,reason=momentum_too_small conf=0.0 mom_sig=0.00001495 raw_mom_bps=0.00000000 spread_bps=1.36610000 tension=0.00001495 bid_drop=0.00000000 ask_drop=0.00009715
2026-07-08T19:36:22Z,1318,SKIP,SKIPPED,,,,,0,radar_block,reason=momentum_too_small conf=0.0 mom_sig=0.00001542 raw_mom_bps=0.28928907 spread_bps=0.53030000 tension=0.00001542 bid_drop=0.00000000 ask_drop=0.00010021
2026-07-08T19:36:30Z,1319,SKIP,SKIPPED,,,,,0,radar_block,reason=momentum_too_small conf=0.0 mom_sig=0.00001962 raw_mom_bps=0.00000000 spread_bps=1.65530000 tension=0.00001962 bid_drop=0.00009369 ask_drop=0.00012755
2026-07-08T19:36:38Z,1320,SKIP,SKIPPED,,,,,0,radar_block,reason=momentum_too_small conf=0.0 mom_sig=0.00002663 raw_mom_bps=0.00000000 spread_bps=1.65530000 tension=0.00002663 bid_drop=0.00000000 ask_drop=0.00017310
2026-07-08T19:36:47Z,1321,SKIP,SKIPPED,,,,,0,radar_block,reason=momentum_too_small conf=0.0001 mom_sig=0.00004532 raw_mom_bps=0.00000000 spread_bps=1.65530000 tension=0.00004532 bid_drop=0.00000000 ask_drop=0.00029459
2026-07-08T19:36:55Z,1322,SKIP,SKIPPED,,,,,0,radar_block,reason=momentum_too_small conf=0.0 mom_sig=0.00001402 raw_mom_bps=0.00000000 spread_bps=1.65530000 tension=0.00001402 bid_drop=0.00000000 ask_drop=0.00009111
2026-07-08T19:37:03Z,1323,SKIP,SKIPPED,,,,,0,radar_block,reason=momentum_too_small conf=0.0 mom_sig=0.00002804 raw_mom_bps=0.00000000 spread_bps=1.65530000 tension=0.00002804 bid_drop=0.00000000 ask_drop=0.00018228
2026-07-08T19:37:11Z,1324,SKIP,SKIPPED,,,,,0,radar_block,reason=momentum_too_small conf=0.0 mom_sig=0.00002617 raw_mom_bps=0.00000000 spread_bps=1.65530000 tension=0.00002617 bid_drop=0.00000000 ask_drop=0.00017013
2026-07-08T19:37:18Z,1325,SKIP,SKIPPED,,,,,0,radar_block,reason=momentum_too_small conf=0.0138 mom_sig=0.00923018 raw_mom_bps=0.00000000 spread_bps=1.65530000 tension=0.00923018 bid_drop=0.05999620 ask_drop=0.00565737
2026-07-08T19:37:26Z,1326,SKIP,SKIPPED,,,,,0,radar_block,reason=momentum_too_small conf=0.3138 mom_sig=0.00000000 raw_mom_bps=0.00000000 spread_bps=1.65530000 tension=0.00000000 bid_drop=0.00000000 ask_drop=0.00000000
2026-07-08T19:37:34Z,1327,SKIP,SKIPPED,,,,,0,impulse_resonance_wait,reason=wall_not_collapsed tension=0.79515897 bid_drop=5.16853328 ask_drop=0.00000000
2026-07-08T19:37:42Z,1328,SKIP,SKIPPED,,,,,0,impulse_resonance_wait,reason=wall_not_collapsed tension=0.65591577 bid_drop=0.00000000 ask_drop=4.26345249
2026-07-08T19:37:50Z,1329,SKIP,SKIPPED,,,,,0,radar_block,reason=momentum_too_small conf=0.0 mom_sig=0.00001543 raw_mom_bps=0.00000000 spread_bps=1.65530000 tension=0.00001543 bid_drop=0.00000000 ask_drop=0.00010032
2026-07-08T19:37:58Z,1330,SKIP,SKIPPED,,,,,0,radar_block,reason=momentum_too_small conf=0.0 mom_sig=0.00001871 raw_mom_bps=0.00000000 spread_bps=1.65530000 tension=0.00001871 bid_drop=0.00000000 ask_drop=0.00012162
2026-07-08T19:38:06Z,1331,SKIP,SKIPPED,,,,,0,radar_block,reason=momentum_too_small conf=0.0001 mom_sig=0.00005847 raw_mom_bps=0.00000000 spread_bps=1.65530000 tension=0.00005847 bid_drop=0.00000000 ask_drop=0.00038007
2026-07-08T19:38:14Z,1332,SKIP,SKIPPED,,,,,0,radar_block,reason=momentum_too_small conf=0.0 mom_sig=0.00001778 raw_mom_bps=0.00000000 spread_bps=1.65530000 tension=0.00001778 bid_drop=0.00000000 ask_drop=0.00011554
2026-07-08T19:38:23Z,1333,SKIP,SKIPPED,,,,,0,radar_block,reason=direction_unclear conf=0.0351 mom_sig=0.02346207 raw_mom_bps=0.00000000 spread_bps=1.65530000 tension=0.02346207 bid_drop=0.00000000 ask_drop=0.15250346
2026-07-08T19:38:31Z,1334,SKIP,SKIPPED,,,,,0,radar_block,reason=momentum_too_small conf=0.0009 mom_sig=0.00061562 raw_mom_bps=0.00000000 spread_bps=1.65530000 tension=0.00061562 bid_drop=0.00000000 ask_drop=0.00400155
2026-07-08T19:38:39Z,1335,SKIP,SKIPPED,,,,,0,radar_block,reason=momentum_too_small conf=0.0 mom_sig=0.00001124 raw_mom_bps=0.00000000 spread_bps=1.65530000 tension=0.00001124 bid_drop=0.00000000 ask_drop=0.00007309
2026-07-08T19:38:48Z,1336,SKIP,SKIPPED,,,,,0,impulse_resonance_wait,reason=wall_not_collapsed tension=0.71819460 bid_drop=0.00000000 ask_drop=4.66826489
2026-07-08T19:38:56Z,1337,SKIP,SKIPPED,,,,,0,radar_block,reason=momentum_too_small conf=0.3138 mom_sig=0.00000000 raw_mom_bps=0.00000000 spread_bps=1.65530000 tension=0.00000000 bid_drop=0.00000000 ask_drop=0.00000000
2026-07-08T19:39:04Z,1338,SKIP,SKIPPED,,,,,0,radar_block,reason=momentum_too_small conf=0.3138 mom_sig=0.00000000 raw_mom_bps=0.00000000 spread_bps=1.65530000 tension=0.00000000 bid_drop=0.00000000 ask_drop=0.00000000
2026-07-08T19:39:12Z,1339,SKIP,SKIPPED,,,,,0,radar_block,reason=momentum_too_small conf=0.0 mom_sig=0.00001070 raw_mom_bps=0.00000000 spread_bps=1.65530000 tension=0.00001070 bid_drop=0.00006952 ask_drop=0.00000000
2026-07-08T19:39:19Z,1340,SKIP,SKIPPED,,,,,0,impulse_resonance_wait,reason=wall_not_collapsed tension=0.92620682 bid_drop=0.00000000 ask_drop=6.02034436
2026-07-08T19:39:27Z,1341,SKIP,SKIPPED,,,,,0,radar_block,reason=momentum_too_small conf=0.0 mom_sig=0.00002343 raw_mom_bps=0.00000000 spread_bps=1.65530000 tension=0.00002343 bid_drop=0.00000000 ask_drop=0.00015231
2026-07-08T19:39:35Z,1342,SKIP,SKIPPED,,,,,0,radar_block,reason=momentum_too_small conf=0.3141 mom_sig=0.00000000 raw_mom_bps=0.00000000 spread_bps=1.63930000 tension=0.00000000 bid_drop=0.00000000 ask_drop=0.00000000
2026-07-08T19:39:43Z,1343,SKIP,SKIPPED,,,,,0,radar_block,reason=momentum_too_small conf=0.0 mom_sig=0.00000422 raw_mom_bps=0.00000000 spread_bps=1.63930000 tension=0.00000422 bid_drop=0.00000000 ask_drop=0.00002742
2026-07-08T19:39:51Z,1344,SKIP,SKIPPED,,,,,0,radar_block,reason=momentum_too_small conf=0.3138 mom_sig=0.00000000 raw_mom_bps=0.00000000 spread_bps=1.65530000 tension=0.00000000 bid_drop=0.00000000 ask_drop=0.00000000
2026-07-08T19:40:00Z,1345,SKIP,SKIPPED,,,,,0,impulse_resonance_wait,reason=wall_not_collapsed tension=0.72319425 bid_drop=0.00000000 ask_drop=4.70076263
2026-07-08T19:40:07Z,1346,SKIP,SKIPPED,,,,,0,radar_block,reason=momentum_too_small conf=0.0006 mom_sig=0.00039713 raw_mom_bps=0.00000000 spread_bps=1.65530000 tension=0.00039713 bid_drop=0.00000000 ask_drop=0.00258133
2026-07-08T19:40:16Z,1347,SKIP,SKIPPED,,,,,0,radar_block,reason=momentum_too_small conf=0.3138 mom_sig=0.00000000 raw_mom_bps=0.00000000 spread_bps=1.65530000 tension=0.00000000 bid_drop=0.00000000 ask_drop=0.00000000
2026-07-08T19:40:23Z,1348,SKIP,SKIPPED,,,,,0,radar_block,reason=momentum_too_small conf=0.3138 mom_sig=0.00000000 raw_mom_bps=0.00000000 spread_bps=1.65530000 tension=0.00000000 bid_drop=0.00000000 ask_drop=0.00000000
2026-07-08T19:40:32Z,1349,SKIP,SKIPPED,,,,,0,impulse_resonance_wait,reason=wall_not_collapsed tension=0.87597627 bid_drop=0.00000000 ask_drop=5.69384577
2026-07-08T19:40:39Z,1350,SKIP,SKIPPED,,,,,0,radar_block,reason=momentum_too_small conf=0.3138 mom_sig=0.00000000 raw_mom_bps=0.00000000 spread_bps=1.65530000 tension=0.00000000 bid_drop=0.00000000 ask_drop=0.00000000
2026-07-08T19:40:47Z,1351,SKIP,SKIPPED,,,,,0,radar_block,reason=momentum_too_small conf=0.3138 mom_sig=0.00000000 raw_mom_bps=0.00000000 spread_bps=1.65530000 tension=0.00000000 bid_drop=0.00000000 ask_drop=0.00000000
2026-07-08T19:40:56Z,1352,SKIP,SKIPPED,,,,,0,radar_block,reason=momentum_too_small conf=0.0003 mom_sig=0.00017285 raw_mom_bps=0.00000000 spread_bps=1.65530000 tension=0.00017285 bid_drop=0.00112350 ask_drop=0.00000000
2026-07-08T19:41:04Z,1353,SKIP,SKIPPED,,,,,0,radar_block,reason=momentum_too_small conf=0.3138 mom_sig=0.00000000 raw_mom_bps=0.00000000 spread_bps=1.65530000 tension=0.00000000 bid_drop=0.00000000 ask_drop=0.00000000
2026-07-08T19:41:12Z,1354,SKIP,SKIPPED,,,,,0,impulse_resonance_wait,reason=wall_not_collapsed tension=0.80104126 bid_drop=5.20676817 ask_drop=0.00028930
2026-07-08T19:41:19Z,1355,SKIP,SKIPPED,,,,,0,radar_block,reason=momentum_too_small conf=0.3138 mom_sig=0.00000000 raw_mom_bps=0.00000000 spread_bps=1.65530000 tension=0.00000000 bid_drop=0.00000000 ask_drop=0.00000000
2026-07-08T19:41:27Z,1356,SKIP,SKIPPED,,,,,0,radar_block,reason=momentum_too_small conf=0.3324 mom_sig=0.00000000 raw_mom_bps=0.93226006 spread_bps=0.80360000 tension=0.00000000 bid_drop=0.00000000 ask_drop=0.00000000
2026-07-08T19:41:35Z,1357,SKIP,SKIPPED,,,,,0,radar_block,reason=momentum_too_small conf=0.3159 mom_sig=0.00000000 raw_mom_bps=0.00000000 spread_bps=1.55890000 tension=0.00000000 bid_drop=0.00000000 ask_drop=0.00000000
2026-07-08T19:41:43Z,1358,SKIP,SKIPPED,,,,,0,radar_block,reason=momentum_too_small conf=0.0001 mom_sig=0.00003988 raw_mom_bps=0.00000000 spread_bps=1.65530000 tension=0.00003988 bid_drop=0.00000000 ask_drop=0.00025924
2026-07-08T19:41:50Z,1359,SKIP,SKIPPED,,,,,0,radar_block,reason=momentum_too_small conf=0.3141 mom_sig=0.00000000 raw_mom_bps=0.00000000 spread_bps=1.63930000 tension=0.00000000 bid_drop=0.00000000 ask_drop=0.00000000
2026-07-08T19:42:01Z,1360,SKIP,SKIPPED,,,,,0,llm_gate,reason=ollama_skip status=SKIP
2026-07-08T19:42:10Z,1361,SKIP,SKIPPED,,,,,0,radar_block,reason=momentum_too_small conf=0.3141 mom_sig=0.00000000 raw_mom_bps=0.00000000 spread_bps=1.63930000 tension=0.00000000 bid_drop=0.00000000 ask_drop=0.00000000
2026-07-08T19:42:18Z,1362,SKIP,SKIPPED,,,,,0,radar_block,reason=momentum_too_small conf=0.0001 mom_sig=0.00003411 raw_mom_bps=-0.22502829 spread_bps=0.81970000 tension=0.00003411 bid_drop=0.00022170 ask_drop=0.00000000
2026-07-08T19:42:25Z,1363,SKIP,SKIPPED,,,,,0,radar_block,reason=momentum_too_small conf=0.0 mom_sig=0.00000582 raw_mom_bps=0.00000000 spread_bps=0.25710000 tension=0.00000582 bid_drop=0.00000000 ask_drop=0.00003784
2026-07-08T19:42:33Z,1364,SKIP,SKIPPED,,,,,0,radar_block,reason=momentum_too_small conf=0.0001 mom_sig=0.00003350 raw_mom_bps=0.00000000 spread_bps=0.25710000 tension=0.00003350 bid_drop=0.00000000 ask_drop=0.00021773
2026-07-08T19:42:41Z,1365,SKIP,SKIPPED,,,,,0,radar_block,reason=momentum_too_small conf=0.0 mom_sig=0.00001861 raw_mom_bps=0.00000000 spread_bps=0.25710000 tension=0.00001861 bid_drop=0.00000000 ask_drop=0.00012098
2026-07-08T19:42:49Z,1366,SKIP,SKIPPED,,,,,0,radar_block,reason=momentum_too_small conf=0.3444 mom_sig=0.00000000 raw_mom_bps=0.00000000 spread_bps=0.25710000 tension=0.00000000 bid_drop=0.00000000 ask_drop=0.00000000
2026-07-08T19:42:58Z,1367,SKIP,SKIPPED,,,,,0,radar_block,reason=momentum_too_small conf=0.0001 mom_sig=0.00003960 raw_mom_bps=0.00000000 spread_bps=0.25710000 tension=0.00003960 bid_drop=0.00000000 ask_drop=0.00025742
2026-07-08T19:43:07Z,1368,SKIP,SKIPPED,,,,,0,radar_block,reason=momentum_too_small conf=0.0002 mom_sig=0.00012110 raw_mom_bps=0.00000000 spread_bps=0.25710000 tension=0.00012110 bid_drop=0.00052363 ask_drop=0.00078715
2026-07-08T19:43:16Z,1369,SKIP,SKIPPED,,,,,0,impulse_resonance_wait,reason=wall_not_collapsed tension=0.37125521 bid_drop=2.41315885 ask_drop=0.19294092
2026-07-08T19:43:24Z,1370,SKIP,SKIPPED,,,,,0,radar_block,reason=momentum_too_small conf=0.0 mom_sig=0.00002354 raw_mom_bps=0.00000000 spread_bps=0.25710000 tension=0.00002354 bid_drop=0.00000000 ask_drop=0.00015304
2026-07-08T19:43:32Z,1371,SKIP,SKIPPED,,,,,0,radar_block,reason=momentum_too_small conf=0.3433 mom_sig=0.00000000 raw_mom_bps=0.00000000 spread_bps=0.30540000 tension=0.00000000 bid_drop=0.00000000 ask_drop=0.00000000
2026-07-08T19:43:41Z,1372,SKIP,SKIPPED,,,,,0,llm_gate,reason=ollama_skip status=SKIP
2026-07-08T19:43:49Z,1373,SKIP,SKIPPED,,,,,0,impulse_resonance_wait,reason=wall_not_collapsed tension=0.48200070 bid_drop=0.00000000 ask_drop=3.13300456
2026-07-08T19:43:57Z,1374,SKIP,SKIPPED,,,,,0,radar_block,reason=momentum_too_small conf=0.0 mom_sig=0.00000638 raw_mom_bps=0.00000000 spread_bps=0.19290000 tension=0.00000638 bid_drop=0.00000000 ask_drop=0.00004148
2026-07-08T19:44:05Z,1375,SKIP,SKIPPED,,,,,0,radar_block,reason=momentum_too_small conf=0.3458 mom_sig=0.00000000 raw_mom_bps=0.00000000 spread_bps=0.19290000 tension=0.00000000 bid_drop=0.00000000 ask_drop=0.00000000
2026-07-08T19:44:15Z,1376,SKIP,SKIPPED,,,,,0,llm_gate,reason=ollama_skip status=SKIP
2026-07-08T19:44:25Z,1377,SKIP,SKIPPED,,,,,0,llm_gate,reason=ollama_skip status=SKIP
2026-07-08T19:44:35Z,1378,SKIP,SKIPPED,,,,,0,llm_gate,reason=ollama_skip status=SKIP
2026-07-08T19:44:44Z,1379,SKIP,SKIPPED,,,,,0,radar_block,reason=momentum_too_small conf=0.0003 mom_sig=0.00016248 raw_mom_bps=0.00000000 spread_bps=0.22500000 tension=0.00016248 bid_drop=0.00000000 ask_drop=0.00105610
2026-07-08T19:44:52Z,1380,SKIP,SKIPPED,,,,,0,radar_block,reason=momentum_too_small conf=0.0069 mom_sig=0.00421730 raw_mom_bps=0.00000000 spread_bps=0.22500000 tension=0.00421730 bid_drop=0.00000000 ask_drop=0.02741247
2026-07-08T19:45:00Z,1381,SKIP,SKIPPED,,,,,0,radar_block,reason=momentum_too_small conf=0.0063 mom_sig=0.00384185 raw_mom_bps=0.00000000 spread_bps=0.22500000 tension=0.00384185 bid_drop=0.00008261 ask_drop=0.02497203
2026-07-08T19:45:08Z,1382,SKIP,SKIPPED,,,,,0,radar_block,reason=momentum_too_small conf=0.0001 mom_sig=0.00008868 raw_mom_bps=0.00000000 spread_bps=0.16070000 tension=0.00008868 bid_drop=0.00000000 ask_drop=0.00057645
2026-07-08T19:45:16Z,1383,SKIP,SKIPPED,,,,,0,radar_block,reason=momentum_too_small conf=0.0008 mom_sig=0.00046584 raw_mom_bps=0.00000000 spread_bps=0.16070000 tension=0.00046584 bid_drop=0.00000000 ask_drop=0.00302797
2026-07-08T19:45:24Z,1384,SKIP,SKIPPED,,,,,0,radar_block,reason=momentum_too_small conf=0.0056 mom_sig=0.00342084 raw_mom_bps=0.00000000 spread_bps=0.16070000 tension=0.00342084 bid_drop=0.02223545 ask_drop=0.00942412
2026-07-08T19:45:31Z,1385,SKIP,SKIPPED,,,,,0,radar_block,reason=momentum_too_small conf=0.0006 mom_sig=0.00037277 raw_mom_bps=0.00000000 spread_bps=0.16070000 tension=0.00037277 bid_drop=0.00000000 ask_drop=0.00242301
2026-07-08T19:45:39Z,1386,SKIP,SKIPPED,,,,,0,radar_block,reason=momentum_too_small conf=0.3482 mom_sig=0.00000000 raw_mom_bps=0.00000000 spread_bps=0.08040000 tension=0.00000000 bid_drop=0.00000000 ask_drop=0.00000000
2026-07-08T19:45:47Z,1387,SKIP,SKIPPED,,,,,0,radar_block,reason=momentum_too_small conf=0.3482 mom_sig=0.00000000 raw_mom_bps=-0.03214432 spread_bps=0.08040000 tension=0.00000000 bid_drop=0.00000000 ask_drop=0.00000000
2026-07-08T19:45:56Z,1388,SKIP,SKIPPED,,,,,0,radar_block,reason=momentum_too_small conf=0.3451 mom_sig=0.00000000 raw_mom_bps=0.00000000 spread_bps=0.22500000 tension=0.00000000 bid_drop=0.00000000 ask_drop=0.00000000
2026-07-08T19:46:05Z,1389,SKIP,SKIPPED,,,,,0,radar_block,reason=momentum_too_small conf=0.0 mom_sig=0.00000231 raw_mom_bps=0.00000000 spread_bps=0.99640000 tension=0.00000231 bid_drop=0.00001499 ask_drop=0.00000000
2026-07-08T19:46:13Z,1390,SKIP,SKIPPED,,,,,0,radar_block,reason=momentum_too_small conf=0.0001 mom_sig=0.00004201 raw_mom_bps=0.16071047 spread_bps=1.28560000 tension=0.00004201 bid_drop=0.00000000 ask_drop=0.00027307
2026-07-08T19:46:21Z,1391,SKIP,SKIPPED,,,,,0,radar_block,reason=momentum_too_small conf=0.3194 mom_sig=0.00000000 raw_mom_bps=0.00000000 spread_bps=1.39810000 tension=0.00000000 bid_drop=0.00000000 ask_drop=0.00000000
2026-07-08T19:46:29Z,1392,SKIP,SKIPPED,,,,,0,radar_block,reason=momentum_too_small conf=0.2723 mom_sig=0.00000000 raw_mom_bps=0.00000000 spread_bps=3.55080000 tension=0.00000000 bid_drop=0.00000000 ask_drop=0.00000000
2026-07-08T19:46:36Z,1393,SKIP,SKIPPED,,,,,0,radar_block,reason=momentum_too_small conf=0.3359 mom_sig=0.00000000 raw_mom_bps=0.00000000 spread_bps=0.64270000 tension=0.00000000 bid_drop=0.00000000 ask_drop=0.00000000
2026-07-08T19:46:44Z,1394,SKIP,SKIPPED,,,,,0,radar_block,reason=momentum_too_small conf=0.2948 mom_sig=0.00000000 raw_mom_bps=0.00000000 spread_bps=2.52250000 tension=0.00000000 bid_drop=0.00000000 ask_drop=0.00000000
2026-07-08T19:46:52Z,1395,SKIP,SKIPPED,,,,,0,impulse_resonance_wait,reason=wall_not_collapsed tension=0.30353959 bid_drop=1.97300736 ask_drop=0.00000000
2026-07-08T19:47:01Z,1396,SKIP,SKIPPED,,,,,0,radar_block,reason=momentum_too_small conf=0.3482 mom_sig=0.00000000 raw_mom_bps=0.00000000 spread_bps=0.08040000 tension=0.00000000 bid_drop=0.00000000 ask_drop=0.00000000
2026-07-08T19:47:09Z,1397,SKIP,SKIPPED,,,,,0,radar_block,reason=momentum_too_small conf=0.3482 mom_sig=0.00000000 raw_mom_bps=0.00000000 spread_bps=0.08040000 tension=0.00000000 bid_drop=0.00000000 ask_drop=0.00000000
2026-07-08T19:47:17Z,1398,SKIP,SKIPPED,,,,,0,radar_block,reason=momentum_too_small conf=0.3451 mom_sig=0.00000000 raw_mom_bps=0.00000000 spread_bps=0.22500000 tension=0.00000000 bid_drop=0.00000000 ask_drop=0.00000000
2026-07-08T19:47:27Z,1399,SKIP,SKIPPED,,,,,0,llm_gate,reason=ollama_skip status=SKIP
2026-07-08T19:47:34Z,1400,SKIP,SKIPPED,,,,,0,radar_block,reason=momentum_too_small conf=0.2755 mom_sig=0.00000000 raw_mom_bps=0.00000000 spread_bps=3.40620000 tension=0.00000000 bid_drop=0.00000000 ask_drop=0.00000000
2026-07-08T19:47:44Z,1401,SKIP,SKIPPED,,,,,0,llm_gate,reason=ollama_skip status=SKIP
2026-07-08T19:47:52Z,1402,SKIP,SKIPPED,,,,,0,impulse_resonance_wait,reason=wall_not_collapsed tension=0.57286380 bid_drop=3.72361472 ask_drop=3.70324032
2026-07-08T19:48:01Z,1403,SKIP,SKIPPED,,,,,0,radar_block,reason=momentum_too_small conf=0.3447 mom_sig=0.00000000 raw_mom_bps=0.00000000 spread_bps=0.24110000 tension=0.00000000 bid_drop=0.00000000 ask_drop=0.00000000
2026-07-08T19:48:09Z,1404,SKIP,SKIPPED,,,,,0,radar_block,reason=momentum_too_small conf=0.0001 mom_sig=0.00003840 raw_mom_bps=0.00000000 spread_bps=0.61080000 tension=0.00003840 bid_drop=0.00024958 ask_drop=0.00000000
2026-07-08T19:48:18Z,1405,SKIP,SKIPPED,,,,,0,llm_gate,reason=ollama_skip status=SKIP
2026-07-08T19:48:26Z,1406,SKIP,SKIPPED,,,,,0,radar_block,reason=momentum_too_small conf=0.3433 mom_sig=0.00000000 raw_mom_bps=0.00000000 spread_bps=0.30540000 tension=0.00000000 bid_drop=0.00000000 ask_drop=0.00000000
2026-07-08T19:48:34Z,1407,SKIP,SKIPPED,,,,,0,radar_block,reason=momentum_too_small conf=0.0 mom_sig=0.00001341 raw_mom_bps=0.00000000 spread_bps=1.14120000 tension=0.00001341 bid_drop=0.00008719 ask_drop=0.00000000
2026-07-08T19:48:42Z,1408,SKIP,SKIPPED,,,,,0,impulse_resonance_wait,reason=wall_not_collapsed tension=0.76527523 bid_drop=0.00102032 ask_drop=4.97428899
2026-07-08T19:48:52Z,1409,SKIP,SKIPPED,,,,,0,llm_gate,reason=ollama_skip status=SKIP
2026-07-08T19:49:00Z,1410,SKIP,SKIPPED,,,,,0,radar_block,reason=momentum_too_small conf=0.0004 mom_sig=0.00026459 raw_mom_bps=0.00000000 spread_bps=2.62290000 tension=0.00026459 bid_drop=0.00171983 ask_drop=0.00000000
2026-07-08T19:49:08Z,1411,SKIP,SKIPPED,,,,,0,radar_block,reason=momentum_too_small conf=0.0047 mom_sig=0.00336084 raw_mom_bps=0.99777111 spread_bps=2.62290000 tension=0.00336084 bid_drop=0.00000000 ask_drop=0.02184548
2026-07-08T19:49:16Z,1412,SKIP,SKIPPED,,,,,0,radar_block,reason=momentum_too_small conf=0.0 mom_sig=0.00002391 raw_mom_bps=0.00000000 spread_bps=2.62290000 tension=0.00002391 bid_drop=0.00000000 ask_drop=0.00015544
2026-07-08T19:49:24Z,1413,SKIP,SKIPPED,,,,,0,radar_block,reason=momentum_too_small conf=0.0001 mom_sig=0.00004225 raw_mom_bps=0.00000000 spread_bps=2.62290000 tension=0.00004225 bid_drop=0.00002484 ask_drop=0.00027462
2026-07-08T19:49:33Z,1414,SKIP,SKIPPED,,,,,0,radar_block,reason=momentum_too_small conf=0.0089 mom_sig=0.00641877 raw_mom_bps=0.00000000 spread_bps=2.62290000 tension=0.00641877 bid_drop=0.00000000 ask_drop=0.04172199
2026-07-08T19:49:41Z,1415,SKIP,SKIPPED,,,,,0,radar_block,reason=momentum_too_small conf=0.2926 mom_sig=0.00000000 raw_mom_bps=0.00000000 spread_bps=2.62290000 tension=0.00000000 bid_drop=0.00000000 ask_drop=0.00000000
2026-07-08T19:49:49Z,1416,SKIP,SKIPPED,,,,,0,radar_block,reason=momentum_too_small conf=0.0001 mom_sig=0.00006575 raw_mom_bps=0.00000000 spread_bps=2.62290000 tension=0.00006575 bid_drop=0.00000000 ask_drop=0.00042735
2026-07-08T19:49:57Z,1417,SKIP,SKIPPED,,,,,0,impulse_resonance_wait,reason=wall_not_collapsed tension=0.21302187 bid_drop=1.38464213 ask_drop=0.00000000
2026-07-08T19:50:06Z,1418,SKIP,SKIPPED,,,,,0,llm_gate,reason=ollama_skip status=SKIP
2026-07-08T19:50:14Z,1419,SKIP,SKIPPED,,,,,0,radar_block,reason=momentum_too_small conf=0.0 mom_sig=0.00001229 raw_mom_bps=0.00000000 spread_bps=1.51290000 tension=0.00001229 bid_drop=0.00000000 ask_drop=0.00007988
2026-07-08T19:50:22Z,1420,SKIP,SKIPPED,,,,,0,radar_block,reason=momentum_too_small conf=0.3099 mom_sig=0.00000000 raw_mom_bps=0.00000000 spread_bps=1.83460000 tension=0.00000000 bid_drop=0.00000000 ask_drop=0.00000000
2026-07-08T19:50:30Z,1421,SKIP,SKIPPED,,,,,0,radar_block,reason=momentum_too_small conf=0.3437 mom_sig=0.00000000 raw_mom_bps=0.00000000 spread_bps=0.28970000 tension=0.00000000 bid_drop=0.00000000 ask_drop=0.00000000
2026-07-08T19:50:39Z,1422,SKIP,SKIPPED,,,,,0,llm_gate,reason=ollama_skip status=SKIP
2026-07-08T19:50:47Z,1423,SKIP,SKIPPED,,,,,0,radar_block,reason=momentum_too_small conf=0.0014 mom_sig=0.00085978 raw_mom_bps=0.25754403 spread_bps=0.27360000 tension=0.00085978 bid_drop=0.00558854 ask_drop=0.00000000
2026-07-08T19:50:55Z,1424,SKIP,SKIPPED,,,,,0,radar_block,reason=momentum_too_small conf=0.0001 mom_sig=0.00003192 raw_mom_bps=0.00000000 spread_bps=0.45070000 tension=0.00003192 bid_drop=0.00020745 ask_drop=0.00000000
2026-07-08T19:51:03Z,1425,SKIP,SKIPPED,,,,,0,radar_block,reason=momentum_too_small conf=0.0001 mom_sig=0.00003635 raw_mom_bps=0.00000000 spread_bps=0.45070000 tension=0.00003635 bid_drop=0.00023629 ask_drop=0.00000000
2026-07-08T19:51:11Z,1426,SKIP,SKIPPED,,,,,0,radar_block,reason=momentum_too_small conf=0.0001 mom_sig=0.00004614 raw_mom_bps=0.00000000 spread_bps=0.46680000 tension=0.00004614 bid_drop=0.00029991 ask_drop=0.00000000
2026-07-08T19:51:19Z,1427,SKIP,SKIPPED,,,,,0,radar_block,reason=momentum_too_small conf=0.0 mom_sig=0.00001668 raw_mom_bps=0.00000000 spread_bps=0.06440000 tension=0.00001668 bid_drop=0.00010842 ask_drop=0.00000000
2026-07-08T19:51:27Z,1428,SKIP,SKIPPED,,,,,0,radar_block,reason=momentum_too_small conf=0.0 mom_sig=0.00000712 raw_mom_bps=0.00000000 spread_bps=0.06440000 tension=0.00000712 bid_drop=0.00004626 ask_drop=0.00000000
2026-07-08T19:51:35Z,1429,SKIP,SKIPPED,,,,,0,radar_block,reason=momentum_too_small conf=0.3486 mom_sig=0.00000000 raw_mom_bps=0.00000000 spread_bps=0.06440000 tension=0.00000000 bid_drop=0.00000000 ask_drop=0.00000000
2026-07-08T19:51:42Z,1430,SKIP,SKIPPED,,,,,0,impulse_resonance_wait,reason=wall_not_collapsed tension=0.54249456 bid_drop=3.52621461 ask_drop=0.00005309
2026-07-08T19:51:51Z,1431,SKIP,SKIPPED,,,,,0,radar_block,reason=direction_unclear conf=0.3165 mom_sig=0.19561636 raw_mom_bps=0.00000000 spread_bps=0.46680000 tension=0.19561636 bid_drop=1.27150634 ask_drop=0.00000000
2026-07-08T19:51:58Z,1432,SKIP,SKIPPED,,,,,0,radar_block,reason=momentum_too_small conf=0.0084 mom_sig=0.00525383 raw_mom_bps=0.00000000 spread_bps=0.64380000 tension=0.00525383 bid_drop=0.00034613 ask_drop=0.03414991
2026-07-08T19:52:06Z,1433,SKIP,SKIPPED,,,,,0,radar_block,reason=momentum_too_small conf=0.0 mom_sig=0.00000075 raw_mom_bps=0.00000000 spread_bps=1.99560000 tension=0.00000075 bid_drop=0.00000000 ask_drop=0.00000487
2026-07-08T19:52:15Z,1434,SKIP,SKIPPED,,,,,0,impulse_resonance_wait,reason=wall_not_collapsed tension=0.81081762 bid_drop=5.27031450 ask_drop=0.00000000
2026-07-08T19:52:23Z,1435,SKIP,SKIPPED,,,,,0,impulse_resonance_wait,reason=wall_not_collapsed tension=0.43552698 bid_drop=2.83092534 ask_drop=0.00000000
2026-07-08T19:52:31Z,1436,SKIP,SKIPPED,,,,,0,impulse_resonance_wait,reason=wall_not_collapsed tension=0.76419526 bid_drop=4.96726919 ask_drop=0.00000000
2026-07-08T19:52:39Z,1437,SKIP,SKIPPED,,,,,0,radar_block,reason=momentum_too_small conf=0.3063 mom_sig=0.00000000 raw_mom_bps=0.00000000 spread_bps=1.99560000 tension=0.00000000 bid_drop=0.00000000 ask_drop=0.00000000
2026-07-08T19:52:47Z,1438,SKIP,SKIPPED,,,,,0,impulse_resonance_wait,reason=wall_not_collapsed tension=0.60270877 bid_drop=0.00566717 ask_drop=3.91760702
2026-07-08T19:52:56Z,1439,SKIP,SKIPPED,,,,,0,radar_block,reason=momentum_too_small conf=0.3486 mom_sig=0.00000000 raw_mom_bps=0.00000000 spread_bps=0.06440000 tension=0.00000000 bid_drop=0.00000000 ask_drop=0.00000000
2026-07-08T19:53:05Z,1440,SKIP,SKIPPED,,,,,0,llm_gate,reason=ollama_skip status=SKIP
2026-07-08T19:53:14Z,1441,SKIP,SKIPPED,,,,,0,impulse_resonance_wait,reason=wall_not_collapsed tension=0.39022316 bid_drop=0.00000000 ask_drop=2.53645052
2026-07-08T19:53:22Z,1442,SKIP,SKIPPED,,,,,0,radar_block,reason=momentum_too_small conf=0.3398 mom_sig=0.00000000 raw_mom_bps=0.00000000 spread_bps=0.46670000 tension=0.00000000 bid_drop=0.00000000 ask_drop=0.00000000
2026-07-08T19:53:29Z,1443,SKIP,SKIPPED,,,,,0,radar_block,reason=momentum_too_small conf=0.3384 mom_sig=0.00000000 raw_mom_bps=0.00000000 spread_bps=0.53100000 tension=0.00000000 bid_drop=0.00000000 ask_drop=0.00000000
2026-07-08T19:53:38Z,1444,SKIP,SKIPPED,,,,,0,radar_block,reason=momentum_too_small conf=0.3349 mom_sig=0.00000000 raw_mom_bps=0.03218487 spread_bps=0.69200000 tension=0.00000000 bid_drop=0.00000000 ask_drop=0.00000000
2026-07-08T19:53:46Z,1445,SKIP,SKIPPED,,,,,0,radar_block,reason=momentum_too_small conf=0.3127 mom_sig=0.00000000 raw_mom_bps=0.00000000 spread_bps=1.70570000 tension=0.00000000 bid_drop=0.00000000 ask_drop=0.00000000
2026-07-08T19:53:54Z,1446,SKIP,SKIPPED,,,,,0,radar_block,reason=momentum_too_small conf=0.3127 mom_sig=0.00000000 raw_mom_bps=0.00000000 spread_bps=1.70570000 tension=0.00000000 bid_drop=0.00000000 ask_drop=0.00000000
2026-07-08T19:54:02Z,1447,SKIP,SKIPPED,,,,,0,radar_block,reason=momentum_too_small conf=0.2944 mom_sig=0.00000000 raw_mom_bps=0.00000000 spread_bps=2.54250000 tension=0.00000000 bid_drop=0.00000000 ask_drop=0.00000000
2026-07-08T19:54:10Z,1448,SKIP,SKIPPED,,,,,0,radar_block,reason=momentum_too_small conf=0.0 mom_sig=0.00000078 raw_mom_bps=0.00000000 spread_bps=2.54250000 tension=0.00000078 bid_drop=0.00000509 ask_drop=0.00000000
2026-07-08T19:54:18Z,1449,SKIP,SKIPPED,,,,,0,radar_block,reason=momentum_too_small conf=0.0008 mom_sig=0.00054977 raw_mom_bps=1.70598753 spread_bps=2.54250000 tension=0.00054977 bid_drop=0.00000000 ask_drop=0.00357349
2026-07-08T19:54:26Z,1450,SKIP,SKIPPED,,,,,0,radar_block,reason=momentum_too_small conf=0.2944 mom_sig=0.00000000 raw_mom_bps=0.00000000 spread_bps=2.54250000 tension=0.00000000 bid_drop=0.00000000 ask_drop=0.00000000
2026-07-08T19:54:34Z,1451,SKIP,SKIPPED,,,,,0,radar_block,reason=momentum_too_small conf=0.0 mom_sig=0.00000678 raw_mom_bps=0.00000000 spread_bps=2.54250000 tension=0.00000678 bid_drop=0.00000000 ask_drop=0.00004408
2026-07-08T19:54:42Z,1452,SKIP,SKIPPED,,,,,0,radar_block,reason=momentum_too_small conf=0.2944 mom_sig=0.00000000 raw_mom_bps=0.00000000 spread_bps=2.54250000 tension=0.00000000 bid_drop=0.00000000 ask_drop=0.00000000
2026-07-08T19:54:50Z,1453,SKIP,SKIPPED,,,,,0,radar_block,reason=momentum_too_small conf=0.2944 mom_sig=0.00000000 raw_mom_bps=0.00000000 spread_bps=2.54250000 tension=0.00000000 bid_drop=0.00000000 ask_drop=0.00000000
2026-07-08T19:54:57Z,1454,SKIP,SKIPPED,,,,,0,radar_block,reason=momentum_too_small conf=0.2944 mom_sig=0.00000000 raw_mom_bps=0.33793243 spread_bps=2.54250000 tension=0.00000000 bid_drop=0.00000000 ask_drop=0.00000000
2026-07-08T19:55:05Z,1455,SKIP,SKIPPED,,,,,0,impulse_resonance_wait,reason=wall_not_collapsed tension=0.64227858 bid_drop=0.00000000 ask_drop=4.17481080
2026-07-08T19:55:14Z,1456,SKIP,SKIPPED,,,,,0,radar_block,reason=momentum_too_small conf=0.0 mom_sig=0.00000417 raw_mom_bps=0.00000000 spread_bps=0.99750000 tension=0.00000417 bid_drop=0.00000000 ask_drop=0.00002710
2026-07-08T19:55:22Z,1457,SKIP,SKIPPED,,,,,0,radar_block,reason=momentum_too_small conf=0.0 mom_sig=0.00000784 raw_mom_bps=0.00000000 spread_bps=3.73250000 tension=0.00000784 bid_drop=0.00005097 ask_drop=0.00000000
2026-07-08T19:55:31Z,1458,SKIP,SKIPPED,,,,,0,llm_gate,reason=ollama_skip status=SKIP
2026-07-08T19:55:39Z,1459,SKIP,SKIPPED,,,,,0,radar_block,reason=momentum_too_small conf=0.2652 mom_sig=0.00000000 raw_mom_bps=0.00000000 spread_bps=3.87740000 tension=0.00000000 bid_drop=0.00000000 ask_drop=0.00000000
2026-07-08T19:55:48Z,1460,SKIP,SKIPPED,,,,,0,llm_gate,reason=ollama_skip status=SKIP
2026-07-08T19:55:56Z,1461,SKIP,SKIPPED,,,,,0,radar_block,reason=momentum_too_small conf=0.249 mom_sig=0.00000000 raw_mom_bps=0.00000000 spread_bps=4.61730000 tension=0.00000000 bid_drop=0.00000000 ask_drop=0.00000000
2026-07-08T19:56:04Z,1462,SKIP,SKIPPED,,,,,0,radar_block,reason=momentum_too_small conf=0.2578 mom_sig=0.00000000 raw_mom_bps=0.00000000 spread_bps=4.21510000 tension=0.00000000 bid_drop=0.00000000 ask_drop=0.00000000
2026-07-08T19:56:13Z,1463,SKIP,SKIPPED,,,,,0,radar_block,reason=momentum_too_small conf=0.249 mom_sig=0.00000000 raw_mom_bps=-4.61729539 spread_bps=4.61730000 tension=0.00000000 bid_drop=0.00000000 ask_drop=0.00000000
2026-07-08T19:56:21Z,1464,SKIP,SKIPPED,,,,,0,radar_block,reason=momentum_too_small conf=0.249 mom_sig=0.00000000 raw_mom_bps=0.00000000 spread_bps=4.61730000 tension=0.00000000 bid_drop=0.00000000 ask_drop=0.00000000
2026-07-08T19:56:28Z,1465,SKIP,SKIPPED,,,,,0,radar_block,reason=direction_unclear conf=0.028 mom_sig=0.02360632 raw_mom_bps=0.00000000 spread_bps=4.61730000 tension=0.02360632 bid_drop=0.15344110 ask_drop=0.00000000
2026-07-08T19:56:53Z,1466,SELL,FILLED,62157.60000000,62157.60000000,0.00950000,-0.00000000,-0.00000000,fluid_exit_inversion,radar=long conf=0.7114 size_note=strong_conf_full+entry_25_75_full soft=0 pct=-0.00000000 tension=3.50048569 bid_drop=0.00000000 ask_drop=22.75315696
2026-07-08T19:57:01Z,1467,SKIP,SKIPPED,,,,,0,radar_block,reason=momentum_too_small conf=0.0 mom_sig=0.00000738 raw_mom_bps=0.00000000 spread_bps=4.61730000 tension=0.00000738 bid_drop=0.00004796 ask_drop=0.00000000
2026-07-08T19:57:11Z,1468,SKIP,SKIPPED,,,,,0,llm_gate,reason=ollama_skip status=SKIP
2026-07-08T19:57:19Z,1469,SKIP,SKIPPED,,,,,0,radar_block,reason=momentum_too_small conf=0.2627 mom_sig=0.00000000 raw_mom_bps=0.00000000 spread_bps=3.98990000 tension=0.00000000 bid_drop=0.00000000 ask_drop=0.00000000
2026-07-08T19:57:27Z,1470,SKIP,SKIPPED,,,,,0,radar_block,reason=momentum_too_small conf=0.2627 mom_sig=0.00000000 raw_mom_bps=0.00000000 spread_bps=3.98990000 tension=0.00000000 bid_drop=0.00000000 ask_drop=0.00000000
2026-07-08T19:57:34Z,1471,SKIP,SKIPPED,,,,,0,radar_block,reason=momentum_too_small conf=0.2529 mom_sig=0.00000000 raw_mom_bps=0.00000000 spread_bps=4.44030000 tension=0.00000000 bid_drop=0.00000000 ask_drop=0.00000000
2026-07-08T19:57:43Z,1472,SKIP,SKIPPED,,,,,0,llm_gate,reason=ollama_skip status=SKIP
2026-07-08T19:57:51Z,1473,SKIP,SKIPPED,,,,,0,radar_block,reason=momentum_too_small conf=0.249 mom_sig=0.00000000 raw_mom_bps=0.00000000 spread_bps=4.61730000 tension=0.00000000 bid_drop=0.00000000 ask_drop=0.00000000
2026-07-08T19:57:59Z,1474,SKIP,SKIPPED,,,,,0,radar_block,reason=momentum_too_small conf=0.0001 mom_sig=0.00004573 raw_mom_bps=0.00000000 spread_bps=4.61730000 tension=0.00004573 bid_drop=0.00005130 ask_drop=0.00029722
2026-07-08T19:58:07Z,1475,SKIP,SKIPPED,,,,,0,radar_block,reason=momentum_too_small conf=0.249 mom_sig=0.00000000 raw_mom_bps=0.00000000 spread_bps=4.61730000 tension=0.00000000 bid_drop=0.00000000 ask_drop=0.00000000
2026-07-08T19:58:14Z,1476,SKIP,SKIPPED,,,,,0,radar_block,reason=momentum_too_small conf=0.3162 mom_sig=0.00000000 raw_mom_bps=0.00000000 spread_bps=1.54450000 tension=0.00000000 bid_drop=0.00000000 ask_drop=0.00000000
2026-07-08T19:58:22Z,1477,SKIP,SKIPPED,,,,,0,radar_block,reason=momentum_too_small conf=0.0001 mom_sig=0.00005511 raw_mom_bps=0.00000000 spread_bps=4.07030000 tension=0.00005511 bid_drop=0.00000000 ask_drop=0.00035823
2026-07-08T19:58:30Z,1478,SKIP,SKIPPED,,,,,0,radar_block,reason=momentum_too_small conf=0.0 mom_sig=0.00001843 raw_mom_bps=0.00000000 spread_bps=4.61730000 tension=0.00001843 bid_drop=0.00000000 ask_drop=0.00011981
2026-07-08T19:58:37Z,1479,SKIP,SKIPPED,,,,,0,radar_block,reason=momentum_too_small conf=0.0 mom_sig=0.00000709 raw_mom_bps=0.00000000 spread_bps=4.61730000 tension=0.00000709 bid_drop=0.00000000 ask_drop=0.00004608
2026-07-08T19:58:58Z,1480,SELL,FILLED,62157.60000000,62157.60000000,0.00950000,-0.00000000,-0.00000000,shock_inversion_stop,radar=long conf=0.7275 size_note=strong_conf_full+entry_25_75_full soft=0 pct=-0.00000000 tension=1.83521382 bid_drop=0.00005317 ask_drop=11.92888983
2026-07-08T19:59:07Z,1481,SKIP,SKIPPED,,,,,0,radar_block,reason=momentum_too_small conf=0.3317 mom_sig=0.00000000 raw_mom_bps=0.00000000 spread_bps=0.83580000 tension=0.00000000 bid_drop=0.00000000 ask_drop=0.00000000
2026-07-08T19:59:14Z,1482,SKIP,SKIPPED,,,,,0,radar_block,reason=momentum_too_small conf=0.3293 mom_sig=0.00000000 raw_mom_bps=0.00000000 spread_bps=0.94830000 tension=0.00000000 bid_drop=0.00000000 ask_drop=0.00000000
2026-07-08T19:59:22Z,1483,SKIP,SKIPPED,,,,,0,radar_block,reason=momentum_too_small conf=0.0 mom_sig=0.00001032 raw_mom_bps=0.00000000 spread_bps=0.94830000 tension=0.00001032 bid_drop=0.00006705 ask_drop=0.00000000
2026-07-08T19:59:30Z,1484,SKIP,SKIPPED,,,,,0,radar_block,reason=momentum_too_small conf=0.0003 mom_sig=0.00016549 raw_mom_bps=0.00000000 spread_bps=0.94830000 tension=0.00016549 bid_drop=0.00107571 ask_drop=0.00011682
2026-07-08T19:59:38Z,1485,SKIP,SKIPPED,,,,,0,radar_block,reason=momentum_too_small conf=0.0 mom_sig=0.00002533 raw_mom_bps=0.00000000 spread_bps=0.94830000 tension=0.00002533 bid_drop=0.00000000 ask_drop=0.00016467
2026-07-08T19:59:45Z,1486,SKIP,SKIPPED,,,,,0,radar_block,reason=momentum_too_small conf=0.0 mom_sig=0.00001867 raw_mom_bps=0.00000000 spread_bps=0.94830000 tension=0.00001867 bid_drop=0.00000000 ask_drop=0.00012134
2026-07-08T19:59:53Z,1487,SKIP,SKIPPED,,,,,0,radar_block,reason=momentum_too_small conf=0.0007 mom_sig=0.00044398 raw_mom_bps=-0.94834570 spread_bps=0.94830000 tension=0.00044398 bid_drop=0.00288589 ask_drop=0.00000000
2026-07-08T20:00:01Z,1488,SKIP,SKIPPED,,,,,0,radar_block,reason=momentum_too_small conf=0.0024 mom_sig=0.00151348 raw_mom_bps=0.00000000 spread_bps=0.94830000 tension=0.00151348 bid_drop=0.00000000 ask_drop=0.00983762
2026-07-08T20:00:21Z,1489,SELL,FILLED,62213.60000000,62213.60000000,0.00950000,-0.00000000,-0.00000000,shock_inversion_stop,radar=long conf=0.9407 size_note=strong_conf_full+entry_25_75_full soft=0 pct=-0.00000000 tension=5.55454505 bid_drop=0.00000000 ask_drop=36.10454285
2026-07-08T20:00:30Z,1490,SKIP,SKIPPED,,,,,0,radar_block,reason=momentum_too_small conf=0.3236 mom_sig=0.00000000 raw_mom_bps=0.00000000 spread_bps=1.20550000 tension=0.00000000 bid_drop=0.00000000 ask_drop=0.00000000
2026-07-08T20:00:38Z,1491,SKIP,SKIPPED,,,,,0,radar_block,reason=momentum_too_small conf=0.0 mom_sig=0.00000932 raw_mom_bps=-0.14467895 spread_bps=1.28590000 tension=0.00000932 bid_drop=0.00006055 ask_drop=0.00000000
2026-07-08T20:00:48Z,1492,SKIP,SKIPPED,,,,,0,llm_gate,reason=ollama_skip status=SKIP
2026-07-08T20:00:56Z,1493,SKIP,SKIPPED,,,,,0,radar_block,reason=momentum_too_small conf=0.3458 mom_sig=0.00000000 raw_mom_bps=0.00000000 spread_bps=0.19290000 tension=0.00000000 bid_drop=0.00000000 ask_drop=0.00000000
2026-07-08T20:01:04Z,1494,SKIP,SKIPPED,,,,,0,radar_block,reason=momentum_too_small conf=0.0 mom_sig=0.00000656 raw_mom_bps=0.00000000 spread_bps=0.49840000 tension=0.00000656 bid_drop=0.00004265 ask_drop=0.00000000
2026-07-08T20:01:12Z,1495,SKIP,SKIPPED,,,,,0,radar_block,reason=momentum_too_small conf=0.325 mom_sig=0.00000000 raw_mom_bps=-0.01607797 spread_bps=1.14150000 tension=0.00000000 bid_drop=0.00000000 ask_drop=0.00000000
2026-07-08T20:01:20Z,1496,SKIP,SKIPPED,,,,,0,radar_block,reason=momentum_too_small conf=0.0 mom_sig=0.00000307 raw_mom_bps=0.00000000 spread_bps=1.22190000 tension=0.00000307 bid_drop=0.00001996 ask_drop=0.00000000
2026-07-08T20:01:27Z,1497,SKIP,SKIPPED,,,,,0,radar_block,reason=momentum_too_small conf=0.0 mom_sig=0.00002491 raw_mom_bps=3.40877664 spread_bps=0.01610000 tension=0.00002491 bid_drop=0.00000000 ask_drop=0.00016191
2026-07-08T20:01:35Z,1498,SKIP,SKIPPED,,,,,0,radar_block,reason=momentum_too_small conf=0.3268 mom_sig=0.00000000 raw_mom_bps=0.00000000 spread_bps=1.06110000 tension=0.00000000 bid_drop=0.00000000 ask_drop=0.00000000
2026-07-08T20:01:44Z,1499,SKIP,SKIPPED,,,,,0,radar_block,reason=momentum_too_small conf=0.3233 mom_sig=0.00000000 raw_mom_bps=0.00000000 spread_bps=1.22190000 tension=0.00000000 bid_drop=0.00000000 ask_drop=0.00000000
2026-07-08T20:01:52Z,1500,SKIP,SKIPPED,,,,,0,impulse_resonance_wait,reason=wall_not_collapsed tension=0.61538351 bid_drop=0.00000000 ask_drop=3.99999279
2026-07-08T20:01:59Z,1501,SKIP,SKIPPED,,,,,0,radar_block,reason=momentum_too_small conf=0.3138 mom_sig=0.00000000 raw_mom_bps=0.00000000 spread_bps=1.65570000 tension=0.00000000 bid_drop=0.00000000 ask_drop=0.00000000
2026-07-08T20:02:08Z,1502,SKIP,SKIPPED,,,,,0,llm_gate,reason=ollama_skip status=SKIP
2026-07-08T20:02:16Z,1503,SKIP,SKIPPED,,,,,0,impulse_resonance_wait,reason=wall_not_collapsed tension=0.49875144 bid_drop=3.24188433 ask_drop=0.00000000
2026-07-08T20:02:24Z,1504,SKIP,SKIPPED,,,,,0,radar_block,reason=momentum_too_small conf=0.3015 mom_sig=0.00000000 raw_mom_bps=0.00000000 spread_bps=2.21840000 tension=0.00000000 bid_drop=0.00000000 ask_drop=0.00000000
2026-07-08T20:02:32Z,1505,SKIP,SKIPPED,,,,,0,radar_block,reason=momentum_too_small conf=0.3303 mom_sig=0.00000000 raw_mom_bps=0.00000000 spread_bps=0.90020000 tension=0.00000000 bid_drop=0.00000000 ask_drop=0.00000000
2026-07-08T20:02:39Z,1506,SKIP,SKIPPED,,,,,0,radar_block,reason=momentum_too_small conf=0.3036 mom_sig=0.00000000 raw_mom_bps=0.00000000 spread_bps=2.12200000 tension=0.00000000 bid_drop=0.00000000 ask_drop=0.00000000
2026-07-08T20:02:47Z,1507,SKIP,SKIPPED,,,,,0,impulse_resonance_wait,reason=wall_not_collapsed tension=0.29823024 bid_drop=0.00000000 ask_drop=1.93849654
2026-07-08T20:02:57Z,1508,SKIP,SKIPPED,,,,,0,llm_gate,reason=ollama_skip status=SKIP
2026-07-08T20:03:17Z,1509,SELL,FILLED,62205.60000000,62205.60000000,0.00950000,-0.00000000,-0.00000000,shock_inversion_stop,radar=long conf=0.9437 size_note=strong_conf_full+entry_25_75_full soft=0 pct=-0.00000000 tension=4.04935285 bid_drop=0.00000000 ask_drop=26.32079353
2026-07-08T20:03:39Z,1510,SELL,FILLED,62205.60000000,62213.60000000,0.00950000,-1.28605785,-0.07600000,fluid_exit_inversion,radar=short conf=0.9357 size_note=strong_conf_full+entry_25_75_full soft=0 pct=-0.01286058 tension=1.63749526 bid_drop=0.00000000 ask_drop=10.64371917
2026-07-08T20:03:48Z,1511,SKIP,SKIPPED,,,,,0,radar_block,reason=momentum_too_small conf=0.0 mom_sig=0.00000697 raw_mom_bps=0.00000000 spread_bps=2.18600000 tension=0.00000697 bid_drop=0.00000000 ask_drop=0.00004531
2026-07-08T20:03:56Z,1512,SKIP,SKIPPED,,,,,0,impulse_resonance_wait,reason=wall_not_collapsed tension=0.67892626 bid_drop=0.00000000 ask_drop=4.41302069
2026-07-08T20:04:05Z,1513,SKIP,SKIPPED,,,,,0,llm_gate,reason=ollama_skip status=SKIP
2026-07-08T20:04:15Z,1514,SKIP,SKIPPED,,,,,0,llm_gate,reason=ollama_skip status=SKIP
2026-07-08T20:04:23Z,1515,SKIP,SKIPPED,,,,,0,radar_block,reason=momentum_too_small conf=0.2755 mom_sig=0.00000000 raw_mom_bps=0.00000000 spread_bps=3.40760000 tension=0.00000000 bid_drop=0.00000000 ask_drop=0.00000000
2026-07-08T20:04:31Z,1516,SKIP,SKIPPED,,,,,0,impulse_resonance_wait,reason=wall_not_collapsed tension=0.63245092 bid_drop=0.00000000 ask_drop=4.11093097
2026-07-08T20:04:39Z,1517,SKIP,SKIPPED,,,,,0,radar_block,reason=momentum_too_small conf=0.0 mom_sig=0.00000840 raw_mom_bps=0.00000000 spread_bps=3.40760000 tension=0.00000840 bid_drop=0.00005458 ask_drop=0.00000000
2026-07-08T20:04:47Z,1518,SKIP,SKIPPED,,,,,0,radar_block,reason=momentum_too_small conf=0.0 mom_sig=0.00002100 raw_mom_bps=0.00000000 spread_bps=3.40760000 tension=0.00002100 bid_drop=0.00000000 ask_drop=0.00013650
2026-07-08T20:04:54Z,1519,SKIP,SKIPPED,,,,,0,radar_block,reason=momentum_too_small conf=0.0 mom_sig=0.00003140 raw_mom_bps=0.00000000 spread_bps=3.40760000 tension=0.00003140 bid_drop=0.00000000 ask_drop=0.00020413
2026-07-08T20:05:03Z,1520,SKIP,SKIPPED,,,,,0,radar_block,reason=momentum_too_small conf=0.0001 mom_sig=0.00003877 raw_mom_bps=0.00000000 spread_bps=3.40760000 tension=0.00003877 bid_drop=0.00000000 ask_drop=0.00025202
2026-07-08T20:05:11Z,1521,SKIP,SKIPPED,,,,,0,radar_block,reason=momentum_too_small conf=0.2755 mom_sig=0.00000000 raw_mom_bps=0.00000000 spread_bps=3.40760000 tension=0.00000000 bid_drop=0.00000000 ask_drop=0.00000000
2026-07-08T20:05:18Z,1522,SKIP,SKIPPED,,,,,0,radar_block,reason=momentum_too_small conf=0.0 mom_sig=0.00002318 raw_mom_bps=0.00000000 spread_bps=3.40760000 tension=0.00002318 bid_drop=0.00000000 ask_drop=0.00015067
2026-07-08T20:05:26Z,1523,SKIP,SKIPPED,,,,,0,radar_block,reason=momentum_too_small conf=0.0 mom_sig=0.00000304 raw_mom_bps=0.00000000 spread_bps=3.40760000 tension=0.00000304 bid_drop=0.00000000 ask_drop=0.00001977
2026-07-08T20:05:35Z,1524,SKIP,SKIPPED,,,,,0,llm_gate,reason=ollama_skip status=SKIP
2026-07-08T20:05:43Z,1525,SKIP,SKIPPED,,,,,0,impulse_resonance_wait,reason=wall_not_collapsed tension=0.75038288 bid_drop=0.00000000 ask_drop=4.87748874
2026-07-08T20:05:51Z,1526,SKIP,SKIPPED,,,,,0,impulse_resonance_wait,reason=wall_not_collapsed tension=0.63291371 bid_drop=0.00000000 ask_drop=4.11393913
2026-07-08T20:05:59Z,1527,SKIP,SKIPPED,,,,,0,radar_block,reason=momentum_too_small conf=0.0 mom_sig=0.00000424 raw_mom_bps=0.00000000 spread_bps=7.66390000 tension=0.00000424 bid_drop=0.00000000 ask_drop=0.00002754
2026-07-08T20:06:06Z,1528,SKIP,SKIPPED,,,,,0,radar_block,reason=momentum_too_small conf=0.0 mom_sig=0.00000284 raw_mom_bps=0.00000000 spread_bps=7.66390000 tension=0.00000284 bid_drop=0.00000000 ask_drop=0.00001843
2026-07-08T20:06:14Z,1529,SKIP,SKIPPED,,,,,0,impulse_resonance_wait,reason=wall_not_collapsed tension=0.85818358 bid_drop=0.00000000 ask_drop=5.57819328
2026-07-08T20:06:23Z,1530,SKIP,SKIPPED,,,,,0,radar_block,reason=momentum_too_small conf=0.0 mom_sig=0.00002015 raw_mom_bps=0.00000000 spread_bps=0.01610000 tension=0.00002015 bid_drop=0.00000000 ask_drop=0.00013098
2026-07-08T20:06:30Z,1531,SKIP,SKIPPED,,,,,0,impulse_resonance_wait,reason=wall_not_collapsed tension=0.56671938 bid_drop=3.68367595 ask_drop=0.00000000
2026-07-08T20:06:50Z,1532,SELL,FILLED,62240.10000000,62240.10000000,0.00950000,-0.00000000,-0.00000000,shock_inversion_stop,radar=long conf=0.521 size_note=strong_conf_full+entry_25_75_full soft=0 pct=-0.00000000 tension=1.55274943 bid_drop=0.00000000 ask_drop=10.09287128
2026-07-08T20:06:59Z,1533,SKIP,SKIPPED,,,,,0,radar_block,reason=momentum_too_small conf=0.0 mom_sig=0.00005238 raw_mom_bps=0.00000000 spread_bps=7.66390000 tension=0.00005238 bid_drop=0.00006290 ask_drop=0.00034048
2026-07-08T20:07:07Z,1534,SKIP,SKIPPED,,,,,0,radar_block,reason=momentum_too_small conf=0.0 mom_sig=0.00004950 raw_mom_bps=0.00000000 spread_bps=7.66390000 tension=0.00004950 bid_drop=0.00000000 ask_drop=0.00032174
2026-07-08T20:07:15Z,1535,SKIP,SKIPPED,,,,,0,radar_block,reason=momentum_too_small conf=0.0 mom_sig=0.00003898 raw_mom_bps=0.00000000 spread_bps=5.46320000 tension=0.00003898 bid_drop=0.00000000 ask_drop=0.00025336
2026-07-08T20:07:22Z,1536,SKIP,SKIPPED,,,,,0,radar_block,reason=momentum_too_small conf=0.0 mom_sig=0.00003411 raw_mom_bps=-7.66386943 spread_bps=7.66390000 tension=0.00003411 bid_drop=0.00000000 ask_drop=0.00022170
2026-07-08T20:07:29Z,1537,SKIP,SKIPPED,,,,,0,radar_block,reason=momentum_too_small conf=0.0 mom_sig=0.00000877 raw_mom_bps=0.00000000 spread_bps=7.66390000 tension=0.00000877 bid_drop=0.00004088 ask_drop=0.00005701
2026-07-08T20:07:40Z,1538,SKIP,SKIPPED,,,,,0,radar_block,reason=momentum_too_small conf=0.1824 mom_sig=0.00000000 raw_mom_bps=0.00000000 spread_bps=7.66390000 tension=0.00000000 bid_drop=0.00000000 ask_drop=0.00000000
2026-07-08T20:07:52Z,1539,SKIP,SKIPPED,,,,,0,llm_gate,reason=ollama_skip status=SKIP
2026-07-08T20:07:59Z,1540,SKIP,SKIPPED,,,,,0,radar_block,reason=momentum_too_small conf=0.0 mom_sig=0.00002106 raw_mom_bps=0.00000000 spread_bps=5.96180000 tension=0.00002106 bid_drop=0.00000000 ask_drop=0.00013691
2026-07-08T20:08:06Z,1541,SKIP,SKIPPED,,,,,0,radar_block,reason=momentum_too_small conf=0.0 mom_sig=0.00000944 raw_mom_bps=0.00000000 spread_bps=6.53990000 tension=0.00000944 bid_drop=0.00006134 ask_drop=0.00000000
2026-07-08T20:08:15Z,1542,SKIP,SKIPPED,,,,,0,llm_gate,reason=ollama_skip status=SKIP
2026-07-08T20:08:22Z,1543,SKIP,SKIPPED,,,,,0,radar_block,reason=momentum_too_small conf=0.1876 mom_sig=0.00000000 raw_mom_bps=-7.40699085 spread_bps=7.42300000 tension=0.00000000 bid_drop=0.00000000 ask_drop=0.00000000
2026-07-08T20:08:29Z,1544,SKIP,SKIPPED,,,,,0,radar_block,reason=momentum_too_small conf=0.0001 mom_sig=0.00008127 raw_mom_bps=0.00000000 spread_bps=7.45520000 tension=0.00008127 bid_drop=0.00052823 ask_drop=0.00000000
2026-07-08T20:08:37Z,1545,SKIP,SKIPPED,,,,,0,llm_gate,reason=ollama_skip status=SKIP
2026-07-08T20:08:46Z,1546,SKIP,SKIPPED,,,,,0,llm_gate,reason=ollama_skip status=SKIP
2026-07-08T20:08:53Z,1547,SKIP,SKIPPED,,,,,0,radar_block,reason=momentum_too_small conf=0.0001 mom_sig=0.00006043 raw_mom_bps=0.00000000 spread_bps=7.66390000 tension=0.00006043 bid_drop=0.00000000 ask_drop=0.00039279
2026-07-08T20:09:00Z,1548,SKIP,SKIPPED,,,,,0,radar_block,reason=momentum_too_small conf=0.0 mom_sig=0.00004873 raw_mom_bps=0.00000000 spread_bps=7.27830000 tension=0.00004873 bid_drop=0.00006137 ask_drop=0.00031677
2026-07-08T20:09:07Z,1549,SKIP,SKIPPED,,,,,0,radar_block,reason=momentum_too_small conf=0.1908 mom_sig=0.00000000 raw_mom_bps=0.00000000 spread_bps=7.27830000 tension=0.00000000 bid_drop=0.00000000 ask_drop=0.00000000
2026-07-08T20:09:14Z,1550,SKIP,SKIPPED,,,,,0,radar_block,reason=momentum_too_small conf=0.0 mom_sig=0.00003119 raw_mom_bps=0.00000000 spread_bps=7.27830000 tension=0.00003119 bid_drop=0.00000000 ask_drop=0.00020276
2026-07-08T20:09:21Z,1551,SKIP,SKIPPED,,,,,0,radar_block,reason=momentum_too_small conf=0.0 mom_sig=0.00004289 raw_mom_bps=0.00000000 spread_bps=5.81620000 tension=0.00004289 bid_drop=0.00000000 ask_drop=0.00027881
2026-07-08T20:09:28Z,1552,SKIP,SKIPPED,,,,,0,radar_block,reason=momentum_too_small conf=0.0001 mom_sig=0.00005850 raw_mom_bps=0.00000000 spread_bps=5.81620000 tension=0.00005850 bid_drop=0.00006137 ask_drop=0.00038022
2026-07-08T20:09:36Z,1553,SKIP,SKIPPED,,,,,0,llm_gate,reason=ollama_skip status=SKIP
2026-07-08T20:09:45Z,1554,SKIP,SKIPPED,,,,,0,llm_gate,reason=ollama_skip status=SKIP
2026-07-08T20:09:52Z,1555,SKIP,SKIPPED,,,,,0,radar_block,reason=momentum_too_small conf=0.0 mom_sig=0.00003352 raw_mom_bps=1.01211160 spread_bps=2.44160000 tension=0.00003352 bid_drop=0.00000000 ask_drop=0.00021787
2026-07-08T20:09:59Z,1556,SKIP,SKIPPED,,,,,0,impulse_resonance_wait,reason=wall_not_collapsed tension=0.70372977 bid_drop=4.57424348 ask_drop=0.00000000
2026-07-08T20:10:06Z,1557,SKIP,SKIPPED,,,,,0,radar_block,reason=momentum_too_small conf=0.3496 mom_sig=0.00000000 raw_mom_bps=0.00000000 spread_bps=0.01610000 tension=0.00000000 bid_drop=0.00000000 ask_drop=0.00000000
2026-07-08T20:10:13Z,1558,SKIP,SKIPPED,,,,,0,radar_block,reason=momentum_too_small conf=0.0001 mom_sig=0.00008686 raw_mom_bps=0.00000000 spread_bps=0.01610000 tension=0.00008686 bid_drop=0.00056457 ask_drop=0.00000000
2026-07-08T20:10:21Z,1559,SKIP,SKIPPED,,,,,0,radar_block,reason=momentum_too_small conf=0.0001 mom_sig=0.00007786 raw_mom_bps=0.00000000 spread_bps=0.01610000 tension=0.00007786 bid_drop=0.00050609 ask_drop=0.00000000
2026-07-08T20:10:28Z,1560,SKIP,SKIPPED,,,,,0,radar_block,reason=momentum_too_small conf=0.0001 mom_sig=0.00008178 raw_mom_bps=0.00000000 spread_bps=0.01610000 tension=0.00008178 bid_drop=0.00053157 ask_drop=0.00000000
2026-07-08T20:10:35Z,1561,SKIP,SKIPPED,,,,,0,radar_block,reason=momentum_too_small conf=0.0002 mom_sig=0.00010359 raw_mom_bps=0.00000000 spread_bps=0.01610000 tension=0.00010359 bid_drop=0.00067335 ask_drop=0.00000000
2026-07-08T20:10:42Z,1562,SKIP,SKIPPED,,,,,0,radar_block,reason=momentum_too_small conf=0.0 mom_sig=0.00000803 raw_mom_bps=0.00000000 spread_bps=0.01610000 tension=0.00000803 bid_drop=0.00000000 ask_drop=0.00005222
2026-07-08T20:10:51Z,1563,SKIP,SKIPPED,,,,,0,llm_gate,reason=ollama_skip status=SKIP
2026-07-08T20:10:58Z,1564,SKIP,SKIPPED,,,,,0,radar_block,reason=momentum_too_small conf=0.3496 mom_sig=0.00000000 raw_mom_bps=0.00000000 spread_bps=0.01610000 tension=0.00000000 bid_drop=0.00000000 ask_drop=0.00000000
2026-07-08T20:11:05Z,1565,SKIP,SKIPPED,,,,,0,radar_block,reason=momentum_too_small conf=0.3496 mom_sig=0.00000000 raw_mom_bps=0.00000000 spread_bps=0.01610000 tension=0.00000000 bid_drop=0.00000000 ask_drop=0.00000000
2026-07-08T20:11:12Z,1566,SKIP,SKIPPED,,,,,0,radar_block,reason=momentum_too_small conf=0.0001 mom_sig=0.00003423 raw_mom_bps=0.00000000 spread_bps=0.01610000 tension=0.00003423 bid_drop=0.00022248 ask_drop=0.00010190
2026-07-08T20:11:19Z,1567,SKIP,SKIPPED,,,,,0,radar_block,reason=momentum_too_small conf=0.0001 mom_sig=0.00004824 raw_mom_bps=0.00000000 spread_bps=0.01610000 tension=0.00004824 bid_drop=0.00000000 ask_drop=0.00031354
2026-07-08T20:11:26Z,1568,SKIP,SKIPPED,,,,,0,radar_block,reason=direction_unclear conf=0.1228 mom_sig=0.08620689 raw_mom_bps=0.00000000 spread_bps=2.32900000 tension=0.08620689 bid_drop=0.56034476 ask_drop=0.00000000
2026-07-08T20:11:33Z,1569,SKIP,SKIPPED,,,,,0,radar_block,reason=momentum_too_small conf=0.0 mom_sig=0.00001590 raw_mom_bps=0.00000000 spread_bps=2.32900000 tension=0.00001590 bid_drop=0.00010334 ask_drop=0.00000000
2026-07-08T20:11:40Z,1570,SKIP,SKIPPED,,,,,0,impulse_resonance_wait,reason=wall_not_collapsed tension=0.44379202 bid_drop=2.88464811 ask_drop=0.00000000
2026-07-08T20:11:47Z,1571,SKIP,SKIPPED,,,,,0,radar_block,reason=momentum_too_small conf=0.0 mom_sig=0.00002680 raw_mom_bps=-0.01606578 spread_bps=2.34510000 tension=0.00002680 bid_drop=0.00017417 ask_drop=0.00000000
2026-07-08T20:11:54Z,1572,SKIP,SKIPPED,,,,,0,radar_block,reason=momentum_too_small conf=0.0 mom_sig=0.00002618 raw_mom_bps=0.00000000 spread_bps=1.87930000 tension=0.00002618 bid_drop=0.00017014 ask_drop=0.00000000
2026-07-08T20:12:02Z,1573,SKIP,SKIPPED,,,,,0,radar_block,reason=momentum_too_small conf=0.0 mom_sig=0.00001337 raw_mom_bps=0.00000000 spread_bps=2.34510000 tension=0.00001337 bid_drop=0.00008692 ask_drop=0.00000000
2026-07-08T20:12:09Z,1574,SKIP,SKIPPED,,,,,0,radar_block,reason=momentum_too_small conf=0.0 mom_sig=0.00000925 raw_mom_bps=0.00000000 spread_bps=0.09650000 tension=0.00000925 bid_drop=0.00000000 ask_drop=0.00006014
2026-07-08T20:12:16Z,1575,SKIP,SKIPPED,,,,,0,radar_block,reason=momentum_too_small conf=0.3479 mom_sig=0.00000000 raw_mom_bps=-9.63723829 spread_bps=0.09650000 tension=0.00000000 bid_drop=0.00000000 ask_drop=0.00000000
2026-07-08T20:12:24Z,1576,SKIP,SKIPPED,,,,,0,radar_block,reason=momentum_too_small conf=0.3384 mom_sig=0.00000000 raw_mom_bps=0.00000000 spread_bps=0.53050000 tension=0.00000000 bid_drop=0.00000000 ask_drop=0.00000000
2026-07-08T20:12:31Z,1577,SKIP,SKIPPED,,,,,0,radar_block,reason=momentum_too_small conf=0.0 mom_sig=0.00000283 raw_mom_bps=0.00000000 spread_bps=0.62700000 tension=0.00000283 bid_drop=0.00001842 ask_drop=0.00000000
2026-07-08T20:12:38Z,1578,SKIP,SKIPPED,,,,,0,radar_block,reason=momentum_too_small conf=0.3363 mom_sig=0.00000000 raw_mom_bps=0.00000000 spread_bps=0.62700000 tension=0.00000000 bid_drop=0.00000000 ask_drop=0.00000000
2026-07-08T20:12:45Z,1579,SKIP,SKIPPED,,,,,0,radar_block,reason=momentum_too_small conf=0.3363 mom_sig=0.00000000 raw_mom_bps=0.00000000 spread_bps=0.62700000 tension=0.00000000 bid_drop=0.00000000 ask_drop=0.00000000
2026-07-08T20:12:52Z,1580,SKIP,SKIPPED,,,,,0,radar_block,reason=momentum_too_small conf=0.3363 mom_sig=0.00000000 raw_mom_bps=0.00000000 spread_bps=0.62700000 tension=0.00000000 bid_drop=0.00000000 ask_drop=0.00000000
2026-07-08T20:13:00Z,1581,SKIP,SKIPPED,,,,,0,radar_block,reason=momentum_too_small conf=0.3363 mom_sig=0.00000000 raw_mom_bps=0.00000000 spread_bps=0.62700000 tension=0.00000000 bid_drop=0.00000000 ask_drop=0.00000000
2026-07-08T20:13:07Z,1582,SKIP,SKIPPED,,,,,0,impulse_resonance_wait,reason=wall_not_collapsed tension=0.79034117 bid_drop=0.00000000 ask_drop=5.13721762
2026-07-08T20:13:14Z,1583,SKIP,SKIPPED,,,,,0,impulse_resonance_wait,reason=wall_not_collapsed tension=0.79487672 bid_drop=0.00000000 ask_drop=5.16669866
2026-07-08T20:13:21Z,1584,SKIP,SKIPPED,,,,,0,radar_block,reason=momentum_too_small conf=0.0 mom_sig=0.00000283 raw_mom_bps=0.00000000 spread_bps=2.45930000 tension=0.00000283 bid_drop=0.00001842 ask_drop=0.00000000
2026-07-08T20:13:28Z,1585,SKIP,SKIPPED,,,,,0,radar_block,reason=momentum_too_small conf=0.3148 mom_sig=0.00000000 raw_mom_bps=0.00000000 spread_bps=1.60740000 tension=0.00000000 bid_drop=0.00000000 ask_drop=0.00000000
2026-07-08T20:13:35Z,1586,SKIP,SKIPPED,,,,,0,radar_block,reason=momentum_too_small conf=0.0001 mom_sig=0.00009749 raw_mom_bps=0.00000000 spread_bps=2.42710000 tension=0.00009749 bid_drop=0.00000000 ask_drop=0.00063366
2026-07-08T20:13:42Z,1587,SKIP,SKIPPED,,,,,0,radar_block,reason=momentum_too_small conf=0.2969 mom_sig=0.00000000 raw_mom_bps=0.00000000 spread_bps=2.42710000 tension=0.00000000 bid_drop=0.00000000 ask_drop=0.00000000
2026-07-08T20:13:49Z,1588,SKIP,SKIPPED,,,,,0,radar_block,reason=momentum_too_small conf=0.2969 mom_sig=0.00000000 raw_mom_bps=0.00000000 spread_bps=2.42710000 tension=0.00000000 bid_drop=0.00000000 ask_drop=0.00000000
2026-07-08T20:13:58Z,1589,SKIP,SKIPPED,,,,,0,radar_block,reason=momentum_too_small conf=0.2969 mom_sig=0.00000000 raw_mom_bps=0.00000000 spread_bps=2.42710000 tension=0.00000000 bid_drop=0.00000000 ask_drop=0.00000000
2026-07-08T20:14:04Z,1590,SKIP,SKIPPED,,,,,0,radar_block,reason=momentum_too_small conf=0.2969 mom_sig=0.00000000 raw_mom_bps=0.00000000 spread_bps=2.42710000 tension=0.00000000 bid_drop=0.00000000 ask_drop=0.00000000
2026-07-08T20:14:12Z,1591,SKIP,SKIPPED,,,,,0,impulse_resonance_wait,reason=wall_not_collapsed tension=0.59115713 bid_drop=0.00000000 ask_drop=3.84252135
2026-07-08T20:14:19Z,1592,SKIP,SKIPPED,,,,,0,radar_block,reason=momentum_too_small conf=0.0 mom_sig=0.00000756 raw_mom_bps=0.00000000 spread_bps=1.02860000 tension=0.00000756 bid_drop=0.00000000 ask_drop=0.00004912
2026-07-08T20:14:26Z,1593,SKIP,SKIPPED,,,,,0,radar_block,reason=momentum_too_small conf=0.0 mom_sig=0.00000937 raw_mom_bps=0.00000000 spread_bps=1.14110000 tension=0.00000937 bid_drop=0.00000000 ask_drop=0.00006088
2026-07-08T20:14:33Z,1594,SKIP,SKIPPED,,,,,0,radar_block,reason=momentum_too_small conf=0.3064 mom_sig=0.00000000 raw_mom_bps=0.00000000 spread_bps=1.99270000 tension=0.00000000 bid_drop=0.00000000 ask_drop=0.00000000
2026-07-08T20:14:40Z,1595,SKIP,SKIPPED,,,,,0,radar_block,reason=momentum_too_small conf=0.3064 mom_sig=0.00000000 raw_mom_bps=0.00000000 spread_bps=1.99270000 tension=0.00000000 bid_drop=0.00000000 ask_drop=0.00000000
2026-07-08T20:14:47Z,1596,SKIP,SKIPPED,,,,,0,impulse_resonance_wait,reason=wall_not_collapsed tension=0.75067719 bid_drop=0.00000000 ask_drop=4.87940174
2026-07-08T20:14:56Z,1597,SKIP,SKIPPED,,,,,0,llm_gate,reason=ollama_skip status=SKIP
2026-07-08T20:15:03Z,1598,SKIP,SKIPPED,,,,,0,radar_block,reason=momentum_too_small conf=0.2994 mom_sig=0.00000000 raw_mom_bps=0.00000000 spread_bps=2.31410000 tension=0.00000000 bid_drop=0.00000000 ask_drop=0.00000000
2026-07-08T20:15:10Z,1599,SKIP,SKIPPED,,,,,0,radar_block,reason=momentum_too_small conf=0.3426 mom_sig=0.00000000 raw_mom_bps=0.00000000 spread_bps=0.33750000 tension=0.00000000 bid_drop=0.00000000 ask_drop=0.00000000
2026-07-08T20:15:17Z,1600,SKIP,SKIPPED,,,,,0,radar_block,reason=momentum_too_small conf=0.3426 mom_sig=0.00000000 raw_mom_bps=0.65893198 spread_bps=0.33750000 tension=0.00000000 bid_drop=0.00000000 ask_drop=0.00000000
2026-07-08T20:15:24Z,1601,SKIP,SKIPPED,,,,,0,impulse_resonance_wait,reason=wall_not_collapsed tension=0.29842363 bid_drop=1.93975358 ask_drop=0.00000000
2026-07-08T20:15:31Z,1602,SKIP,SKIPPED,,,,,0,radar_block,reason=momentum_too_small conf=0.002 mom_sig=0.00141134 raw_mom_bps=0.00000000 spread_bps=2.08960000 tension=0.00141134 bid_drop=0.00917368 ask_drop=0.00000000
2026-07-08T20:15:38Z,1603,SKIP,SKIPPED,,,,,0,radar_block,reason=momentum_too_small conf=0.3496 mom_sig=0.00000000 raw_mom_bps=0.00000000 spread_bps=0.01610000 tension=0.00000000 bid_drop=0.00000000 ask_drop=0.00000000
2026-07-08T20:15:45Z,1604,SKIP,SKIPPED,,,,,0,radar_block,reason=momentum_too_small conf=0.0 mom_sig=0.00000796 raw_mom_bps=0.00000000 spread_bps=0.01610000 tension=0.00000796 bid_drop=0.00005176 ask_drop=0.00000000
2026-07-08T20:15:52Z,1605,SKIP,SKIPPED,,,,,0,radar_block,reason=momentum_too_small conf=0.0 mom_sig=0.00001081 raw_mom_bps=0.01607420 spread_bps=0.48220000 tension=0.00001081 bid_drop=0.00007024 ask_drop=0.00000000
2026-07-08T20:15:59Z,1606,SKIP,SKIPPED,,,,,0,radar_block,reason=momentum_too_small conf=0.3395 mom_sig=0.00000000 raw_mom_bps=0.00000000 spread_bps=0.48220000 tension=0.00000000 bid_drop=0.00000000 ask_drop=0.00000000
2026-07-08T20:16:07Z,1607,SKIP,SKIPPED,,,,,0,radar_block,reason=momentum_too_small conf=0.2937 mom_sig=0.00000000 raw_mom_bps=0.00000000 spread_bps=2.57170000 tension=0.00000000 bid_drop=0.00000000 ask_drop=0.00000000
2026-07-08T20:16:26Z,1608,SELL,FILLED,62198.50000000,62198.50000000,0.00950000,-0.00000000,-0.00000000,shock_inversion_stop,radar=long conf=0.8393 size_note=strong_conf_full+entry_25_75_full soft=0 pct=-0.00000000 tension=2.11849233 bid_drop=13.77020014 ask_drop=0.00000000
2026-07-08T20:16:34Z,1609,SKIP,SKIPPED,,,,,0,radar_block,reason=momentum_too_small conf=0.0 mom_sig=0.00001296 raw_mom_bps=0.00000000 spread_bps=0.82000000 tension=0.00001296 bid_drop=0.00008422 ask_drop=0.00000000
2026-07-08T20:16:42Z,1610,SKIP,SKIPPED,,,,,0,llm_gate,reason=ollama_skip status=SKIP
2026-07-08T20:16:50Z,1611,SKIP,SKIPPED,,,,,0,radar_block,reason=momentum_too_small conf=0.3215 mom_sig=0.00000000 raw_mom_bps=0.00000000 spread_bps=1.30220000 tension=0.00000000 bid_drop=0.00000000 ask_drop=0.00000000
2026-07-08T20:16:57Z,1612,SKIP,SKIPPED,,,,,0,radar_block,reason=momentum_too_small conf=0.0004 mom_sig=0.00026223 raw_mom_bps=0.00000000 spread_bps=1.30220000 tension=0.00026223 bid_drop=0.00000000 ask_drop=0.00170450
2026-07-08T20:17:04Z,1613,SKIP,SKIPPED,,,,,0,radar_block,reason=momentum_too_small conf=0.0 mom_sig=0.00002459 raw_mom_bps=0.00000000 spread_bps=1.30220000 tension=0.00002459 bid_drop=0.00015981 ask_drop=0.00000000
2026-07-08T20:17:11Z,1614,SKIP,SKIPPED,,,,,0,radar_block,reason=momentum_too_small conf=0.0 mom_sig=0.00002774 raw_mom_bps=0.00000000 spread_bps=1.30220000 tension=0.00002774 bid_drop=0.00018030 ask_drop=0.00000000
2026-07-08T20:17:18Z,1615,SKIP,SKIPPED,,,,,0,radar_block,reason=momentum_too_small conf=0.0001 mom_sig=0.00004913 raw_mom_bps=0.00000000 spread_bps=1.30220000 tension=0.00004913 bid_drop=0.00031934 ask_drop=0.00000000
2026-07-08T20:17:25Z,1616,SKIP,SKIPPED,,,,,0,radar_block,reason=momentum_too_small conf=0.0001 mom_sig=0.00004535 raw_mom_bps=0.00000000 spread_bps=0.12860000 tension=0.00004535 bid_drop=0.00029477 ask_drop=0.00000000
2026-07-08T20:17:32Z,1617,SKIP,SKIPPED,,,,,0,radar_block,reason=momentum_too_small conf=0.0001 mom_sig=0.00004252 raw_mom_bps=0.00000000 spread_bps=0.12860000 tension=0.00004252 bid_drop=0.00027635 ask_drop=0.00000000
2026-07-08T20:17:39Z,1618,SKIP,SKIPPED,,,,,0,radar_block,reason=momentum_too_small conf=0.0001 mom_sig=0.00003307 raw_mom_bps=0.00000000 spread_bps=0.12860000 tension=0.00003307 bid_drop=0.00021494 ask_drop=0.00000000
2026-07-08T20:17:46Z,1619,SKIP,SKIPPED,,,,,0,radar_block,reason=momentum_too_small conf=0.0 mom_sig=0.00002457 raw_mom_bps=0.00000000 spread_bps=0.11260000 tension=0.00002457 bid_drop=0.00015968 ask_drop=0.00000000
2026-07-08T20:17:53Z,1620,SKIP,SKIPPED,,,,,0,radar_block,reason=momentum_too_small conf=0.0001 mom_sig=0.00005292 raw_mom_bps=0.00000000 spread_bps=0.11260000 tension=0.00005292 bid_drop=0.00034398 ask_drop=0.00000000
2026-07-08T20:18:02Z,1621,SKIP,SKIPPED,,,,,0,radar_block,reason=momentum_too_small conf=0.0001 mom_sig=0.00004253 raw_mom_bps=0.00000000 spread_bps=0.11260000 tension=0.00004253 bid_drop=0.00027642 ask_drop=0.00000000
2026-07-08T20:18:10Z,1622,SKIP,SKIPPED,,,,,0,radar_block,reason=momentum_too_small conf=0.0001 mom_sig=0.00003024 raw_mom_bps=0.00000000 spread_bps=0.11260000 tension=0.00003024 bid_drop=0.00019657 ask_drop=0.00000000
2026-07-08T20:18:17Z,1623,SKIP,SKIPPED,,,,,0,radar_block,reason=momentum_too_small conf=0.0 mom_sig=0.00000945 raw_mom_bps=0.00000000 spread_bps=0.12860000 tension=0.00000945 bid_drop=0.00006144 ask_drop=0.00000000
2026-07-08T20:18:25Z,1624,SKIP,SKIPPED,,,,,0,llm_gate,reason=ollama_skip status=SKIP
2026-07-08T20:18:32Z,1625,SKIP,SKIPPED,,,,,0,radar_block,reason=momentum_too_small conf=0.0001 mom_sig=0.00004821 raw_mom_bps=0.00000000 spread_bps=0.11260000 tension=0.00004821 bid_drop=0.00031337 ask_drop=0.00000000
2026-07-08T20:18:40Z,1626,SKIP,SKIPPED,,,,,0,radar_block,reason=momentum_too_small conf=0.0001 mom_sig=0.00005577 raw_mom_bps=0.00000000 spread_bps=0.11260000 tension=0.00005577 bid_drop=0.00036253 ask_drop=0.00000000
2026-07-08T20:18:47Z,1627,SKIP,SKIPPED,,,,,0,radar_block,reason=momentum_too_small conf=0.0001 mom_sig=0.00005388 raw_mom_bps=0.00000000 spread_bps=0.11260000 tension=0.00005388 bid_drop=0.00035025 ask_drop=0.00000000
2026-07-08T20:18:56Z,1628,SKIP,SKIPPED,,,,,0,llm_gate,reason=ollama_skip status=SKIP
2026-07-08T20:19:03Z,1629,SKIP,SKIPPED,,,,,0,impulse_resonance_wait,reason=wall_not_collapsed tension=0.55334895 bid_drop=0.00029943 ask_drop=3.59676816
2026-07-08T20:19:11Z,1630,SKIP,SKIPPED,,,,,0,radar_block,reason=momentum_too_small conf=0.0 mom_sig=0.00001259 raw_mom_bps=0.00000000 spread_bps=1.86500000 tension=0.00001259 bid_drop=0.00008181 ask_drop=0.00000000
2026-07-08T20:19:20Z,1631,SKIP,SKIPPED,,,,,0,llm_gate,reason=ollama_skip status=SKIP
2026-07-08T20:19:27Z,1632,SKIP,SKIPPED,,,,,0,radar_block,reason=momentum_too_small conf=0.3092 mom_sig=0.00000000 raw_mom_bps=0.00000000 spread_bps=1.86500000 tension=0.00000000 bid_drop=0.00000000 ask_drop=0.00000000
2026-07-08T20:19:34Z,1633,SKIP,SKIPPED,,,,,0,radar_block,reason=momentum_too_small conf=0.0 mom_sig=0.00001993 raw_mom_bps=0.00000000 spread_bps=0.65920000 tension=0.00001993 bid_drop=0.00012953 ask_drop=0.00000000
2026-07-08T20:19:41Z,1634,SKIP,SKIPPED,,,,,0,radar_block,reason=momentum_too_small conf=0.0 mom_sig=0.00001916 raw_mom_bps=0.00000000 spread_bps=0.56280000 tension=0.00001916 bid_drop=0.00012451 ask_drop=0.00000000
2026-07-08T20:19:49Z,1635,SKIP,SKIPPED,,,,,0,radar_block,reason=momentum_too_small conf=0.1879 mom_sig=0.00000000 raw_mom_bps=0.00000000 spread_bps=7.41250000 tension=0.00000000 bid_drop=0.00000000 ask_drop=0.00000000
2026-07-08T20:19:57Z,1636,SKIP,SKIPPED,,,,,0,radar_block,reason=momentum_too_small conf=0.3465 mom_sig=0.00000000 raw_mom_bps=0.00000000 spread_bps=0.16090000 tension=0.00000000 bid_drop=0.00000000 ask_drop=0.00000000
2026-07-08T20:20:05Z,1637,SKIP,SKIPPED,,,,,0,radar_block,reason=momentum_too_small conf=0.3465 mom_sig=0.00000000 raw_mom_bps=0.00000000 spread_bps=0.16090000 tension=0.00000000 bid_drop=0.00000000 ask_drop=0.00000000
2026-07-08T20:20:13Z,1638,SKIP,SKIPPED,,,,,0,radar_block,reason=momentum_too_small conf=0.3465 mom_sig=0.00000000 raw_mom_bps=0.00000000 spread_bps=0.16090000 tension=0.00000000 bid_drop=0.00000000 ask_drop=0.00000000
2026-07-08T20:20:20Z,1639,SKIP,SKIPPED,,,,,0,radar_block,reason=direction_unclear conf=0.1234 mom_sig=0.07481651 raw_mom_bps=0.00000000 spread_bps=0.16090000 tension=0.07481651 bid_drop=0.48630729 ask_drop=0.00764448
2026-07-08T20:20:27Z,1640,SKIP,SKIPPED,,,,,0,radar_block,reason=momentum_too_small conf=0.0 mom_sig=0.00001562 raw_mom_bps=0.16092539 spread_bps=0.16090000 tension=0.00001562 bid_drop=0.00000000 ask_drop=0.00010155
2026-07-08T20:20:34Z,1641,SKIP,SKIPPED,,,,,0,radar_block,reason=momentum_too_small conf=0.0 mom_sig=0.00002224 raw_mom_bps=0.00000000 spread_bps=1.19070000 tension=0.00002224 bid_drop=0.00005852 ask_drop=0.00014453
2026-07-08T20:20:41Z,1642,SKIP,SKIPPED,,,,,0,radar_block,reason=momentum_too_small conf=0.3208 mom_sig=0.00000000 raw_mom_bps=0.00000000 spread_bps=1.33550000 tension=0.00000000 bid_drop=0.00000000 ask_drop=0.00000000
2026-07-08T20:20:48Z,1643,SKIP,SKIPPED,,,,,0,radar_block,reason=momentum_too_small conf=0.0001 mom_sig=0.00004000 raw_mom_bps=0.00000000 spread_bps=0.69190000 tension=0.00004000 bid_drop=0.00000000 ask_drop=0.00026001
2026-07-08T20:20:55Z,1644,SKIP,SKIPPED,,,,,0,radar_block,reason=momentum_too_small conf=0.324 mom_sig=0.00000000 raw_mom_bps=0.00000000 spread_bps=1.19070000 tension=0.00000000 bid_drop=0.00000000 ask_drop=0.00000000
2026-07-08T20:21:02Z,1645,SKIP,SKIPPED,,,,,0,radar_block,reason=momentum_too_small conf=0.3211 mom_sig=0.00000000 raw_mom_bps=0.03218042 spread_bps=1.31940000 tension=0.00000000 bid_drop=0.00000000 ask_drop=0.00000000
2026-07-08T20:21:09Z,1646,SKIP,SKIPPED,,,,,0,impulse_resonance_wait,reason=wall_not_collapsed tension=0.61003472 bid_drop=0.48631717 ask_drop=3.96522565
2026-07-08T20:21:17Z,1647,SKIP,SKIPPED,,,,,0,impulse_resonance_wait,reason=wall_not_collapsed tension=0.48263643 bid_drop=0.00000000 ask_drop=3.13713679
2026-07-08T20:21:24Z,1648,SKIP,SKIPPED,,,,,0,radar_block,reason=momentum_too_small conf=0.3025 mom_sig=0.00000000 raw_mom_bps=0.00000000 spread_bps=2.17190000 tension=0.00000000 bid_drop=0.00000000 ask_drop=0.00000000
2026-07-08T20:21:33Z,1649,SKIP,SKIPPED,,,,,0,llm_gate,reason=ollama_skip status=SKIP
2026-07-08T20:21:39Z,1650,SKIP,SKIPPED,,,,,0,radar_block,reason=momentum_too_small conf=0.273 mom_sig=0.00000000 raw_mom_bps=0.00000000 spread_bps=3.52220000 tension=0.00000000 bid_drop=0.00000000 ask_drop=0.00000000
2026-07-08T20:21:47Z,1651,SKIP,SKIPPED,,,,,0,radar_block,reason=momentum_too_small conf=0.2684 mom_sig=0.00000000 raw_mom_bps=0.45034902 spread_bps=3.73110000 tension=0.00000000 bid_drop=0.00000000 ask_drop=0.00000000
2026-07-08T20:21:54Z,1652,SKIP,SKIPPED,,,,,0,radar_block,reason=momentum_too_small conf=0.0 mom_sig=0.00000303 raw_mom_bps=0.00000000 spread_bps=2.52480000 tension=0.00000303 bid_drop=0.00000000 ask_drop=0.00001972
2026-07-08T20:22:01Z,1653,SKIP,SKIPPED,,,,,0,radar_block,reason=momentum_too_small conf=0.2895 mom_sig=0.00000000 raw_mom_bps=0.00000000 spread_bps=2.76600000 tension=0.00000000 bid_drop=0.00000000 ask_drop=0.00000000
2026-07-08T20:22:08Z,1654,SKIP,SKIPPED,,,,,0,impulse_resonance_wait,reason=wall_not_collapsed tension=0.36891795 bid_drop=2.39796666 ask_drop=0.00000000
2026-07-08T20:22:15Z,1655,SKIP,SKIPPED,,,,,0,radar_block,reason=momentum_too_small conf=0.2835 mom_sig=0.00000000 raw_mom_bps=0.00000000 spread_bps=3.03910000 tension=0.00000000 bid_drop=0.00000000 ask_drop=0.00000000
2026-07-08T20:22:23Z,1656,SKIP,SKIPPED,,,,,0,llm_gate,reason=ollama_skip status=SKIP
2026-07-08T20:22:31Z,1657,SKIP,SKIPPED,,,,,0,radar_block,reason=momentum_too_small conf=0.0 mom_sig=0.00001377 raw_mom_bps=0.00000000 spread_bps=0.12860000 tension=0.00001377 bid_drop=0.00008949 ask_drop=0.00006548
2026-07-08T20:22:38Z,1658,SKIP,SKIPPED,,,,,0,radar_block,reason=momentum_too_small conf=0.3433 mom_sig=0.00000000 raw_mom_bps=0.00000000 spread_bps=0.30550000 tension=0.00000000 bid_drop=0.00000000 ask_drop=0.00000000
2026-07-08T20:22:46Z,1659,SKIP,SKIPPED,,,,,0,radar_block,reason=momentum_too_small conf=0.0 mom_sig=0.00001423 raw_mom_bps=0.00000000 spread_bps=1.28630000 tension=0.00001423 bid_drop=0.00000000 ask_drop=0.00009252
2026-07-08T20:22:53Z,1660,SKIP,SKIPPED,,,,,0,radar_block,reason=momentum_too_small conf=0.3303 mom_sig=0.00000000 raw_mom_bps=0.00000000 spread_bps=0.90040000 tension=0.00000000 bid_drop=0.00000000 ask_drop=0.00000000
2026-07-08T20:23:00Z,1661,SKIP,SKIPPED,,,,,0,impulse_resonance_wait,reason=wall_not_collapsed tension=0.99878016 bid_drop=0.00000000 ask_drop=6.49207107
2026-07-08T20:23:07Z,1662,SKIP,SKIPPED,,,,,0,radar_block,reason=momentum_too_small conf=0.0 mom_sig=0.00002820 raw_mom_bps=0.00000000 spread_bps=1.41480000 tension=0.00002820 bid_drop=0.00000000 ask_drop=0.00018330
2026-07-08T20:23:14Z,1663,SKIP,SKIPPED,,,,,0,radar_block,reason=momentum_too_small conf=0.0 mom_sig=0.00001263 raw_mom_bps=0.00000000 spread_bps=1.54340000 tension=0.00001263 bid_drop=0.00008212 ask_drop=0.00000000
2026-07-08T20:23:21Z,1664,SKIP,SKIPPED,,,,,0,radar_block,reason=momentum_too_small conf=0.3409 mom_sig=0.00000000 raw_mom_bps=0.00000000 spread_bps=0.41800000 tension=0.00000000 bid_drop=0.00000000 ask_drop=0.00000000
2026-07-08T20:23:28Z,1665,SKIP,SKIPPED,,,,,0,impulse_resonance_wait,reason=wall_not_collapsed tension=0.96087796 bid_drop=6.24570677 ask_drop=0.00000000
2026-07-08T20:23:34Z,1666,SKIP,SKIPPED,,,,,0,radar_block,reason=momentum_too_small conf=0.3289 mom_sig=0.00000000 raw_mom_bps=0.00000000 spread_bps=0.96450000 tension=0.00000000 bid_drop=0.00000000 ask_drop=0.00000000
2026-07-08T20:23:42Z,1667,SKIP,SKIPPED,,,,,0,radar_block,reason=momentum_too_small conf=0.3289 mom_sig=0.00000000 raw_mom_bps=0.00000000 spread_bps=0.96450000 tension=0.00000000 bid_drop=0.00000000 ask_drop=0.00000000
2026-07-08T20:23:50Z,1668,SKIP,SKIPPED,,,,,0,llm_gate,reason=ollama_skip status=SKIP
2026-07-08T20:23:57Z,1669,SKIP,SKIPPED,,,,,0,radar_block,reason=momentum_too_small conf=0.3451 mom_sig=0.00000000 raw_mom_bps=0.00000000 spread_bps=0.22500000 tension=0.00000000 bid_drop=0.00000000 ask_drop=0.00000000
2026-07-08T20:24:04Z,1670,SKIP,SKIPPED,,,,,0,radar_block,reason=momentum_too_small conf=0.3493 mom_sig=0.00000000 raw_mom_bps=0.00000000 spread_bps=0.03210000 tension=0.00000000 bid_drop=0.00000000 ask_drop=0.00000000
2026-07-08T20:24:11Z,1671,SKIP,SKIPPED,,,,,0,radar_block,reason=momentum_too_small conf=0.0001 mom_sig=0.00008710 raw_mom_bps=0.00000000 spread_bps=0.03210000 tension=0.00008710 bid_drop=0.00056617 ask_drop=0.00000000
2026-07-08T20:24:19Z,1672,SKIP,SKIPPED,,,,,0,radar_block,reason=momentum_too_small conf=0.0005 mom_sig=0.00031806 raw_mom_bps=0.00000000 spread_bps=0.94820000 tension=0.00031806 bid_drop=0.00206736 ask_drop=0.00000000
2026-07-08T20:24:26Z,1673,SKIP,SKIPPED,,,,,0,impulse_resonance_wait,reason=wall_not_collapsed tension=0.34227340 bid_drop=2.22477713 ask_drop=0.00000000
2026-07-08T20:24:33Z,1674,SKIP,SKIPPED,,,,,0,radar_block,reason=momentum_too_small conf=0.2544 mom_sig=0.00000000 raw_mom_bps=0.00000000 spread_bps=4.37150000 tension=0.00000000 bid_drop=0.00000000 ask_drop=0.00000000
2026-07-08T20:24:41Z,1675,SKIP,SKIPPED,,,,,0,impulse_resonance_wait,reason=wall_not_collapsed tension=0.73392718 bid_drop=4.77052667 ask_drop=0.00000000
2026-07-08T20:24:48Z,1676,SKIP,SKIPPED,,,,,0,radar_block,reason=momentum_too_small conf=0.3029 mom_sig=0.00000000 raw_mom_bps=0.00000000 spread_bps=2.15420000 tension=0.00000000 bid_drop=0.00000000 ask_drop=0.00000000
2026-07-08T20:24:55Z,1677,SKIP,SKIPPED,,,,,0,radar_block,reason=momentum_too_small conf=0.2336 mom_sig=0.00000000 raw_mom_bps=0.00000000 spread_bps=5.31970000 tension=0.00000000 bid_drop=0.00000000 ask_drop=0.00000000
2026-07-08T20:25:03Z,1678,SKIP,SKIPPED,,,,,0,radar_block,reason=momentum_too_small conf=0.2336 mom_sig=0.00000000 raw_mom_bps=0.19296110 spread_bps=5.31970000 tension=0.00000000 bid_drop=0.00000000 ask_drop=0.00000000
2026-07-08T20:25:11Z,1679,SKIP,SKIPPED,,,,,0,radar_block,reason=direction_unclear conf=0.0122 mom_sig=0.01098834 raw_mom_bps=1.09345855 spread_bps=5.31970000 tension=0.01098834 bid_drop=0.07142421 ask_drop=0.00000000
