[BETA_X5] [1;36m--- ACE777 STRICT CLONE FUTURES TESTNET ---[0m
[BETA_X5] [1;32mV8 Resonance ON:[0m [1;36mimpulse_thr=0.96 dt_ms=64 aspiration=1.618@37.8deg void_lock=TRUE shock_exit=TRUE[0m
[BETA_X5] [1;32mV8 Tension ON:[0m [1;36mwall_drop=6.5% dt_ms=64 filter=0.85 depth=20[0m
[BETA_X5] [1;36mSymbol=BTCUSDT[0m [1;32mLeverage=5[0m [1;36mBuyUSDT=200 Orders=TRUE[0m
[ALPHA_X13_BURST13] [1;36m--- ACE777 STRICT CLONE FUTURES TESTNET ---[0m
[ALPHA_X13_BURST13] [1;36mLeverage ramp ON:[0m [1;36mstart=13 end=13 cycles=180[0m
[ALPHA_X13_BURST13] [1;32mV8 Resonance ON:[0m [1;36mimpulse_thr=0.96 dt_ms=64 aspiration=1.618@37.8deg void_lock=TRUE shock_exit=TRUE[0m
[ALPHA_X13_BURST13] [1;32mV8 Tension ON:[0m [1;36mwall_drop=6.5% dt_ms=64 filter=0.85 depth=20[0m
[ALPHA_X13_BURST13] [1;36mSymbol=BTCUSDT[0m [1;32mLeverage=13[0m [1;36mBuyUSDT=800 Orders=TRUE[0m
[BETA_X5] mode=OFF radar_adj=0 mom= conf=0
[ALPHA_X13_BURST13] mode=OFF radar_adj=0 mom= conf=0
[ALPHA_X13_BURST13] [1;36m08:45:37[0m [1;32mx13[0m [1;36m#1[0m SKIP tension=[1;36m0.00000000[0m [0m| spread_too_wide [1;31mconf=0.0[0m
[ALPHA_X13_BURST13] mode=OFF radar_adj=0 mom= conf=0
[ALPHA_X13_BURST13] [1;36m08:45:46[0m [1;32mx13[0m [1;36m#2[0m SKIP tension=[1;32m1.83457124[0m [0m| duo no_trigger
[ALPHA_X13_BURST13] mode=OFF radar_adj=0 mom= conf=0
[BETA_X5] [1;36mCycle 1[0m [1;32mSOFT anomaly[0m [1;33m| pnl_abs=0.43865000 > 0.02500000[0m
[BETA_X5] [1;36mentry=08:45:40@64138.30000000[0m [1;33mx5[0m [1;36m#1[0m [1;32mSELL[0m tension=[1;31m2.67848643[0m hold=[1;36m9[0ms sec=[1;36m9[0m [0m| exit=64110.00000000 [1;32mconf=0.9425[0m [1;36mexit_time=08:45:49[0m [1;32mpnl=0.43865000 bps=4.41234021 pct=0.04412340% total=0.43865[0m
[BETA_X5] mode=OFF radar_adj=0 mom= conf=0
[ALPHA_X13_BURST13] [1;36m08:45:55[0m [1;32mx13[0m [1;36m#3[0m SKIP tension=[1;32m1.90822102[0m [0m| spread_too_wide [1;33mconf=0.5[0m
[ALPHA_X13_BURST13] mode=OFF radar_adj=0 mom= conf=0
[BETA_X5] [1;36m08:45:59[0m [1;33mx5[0m [1;36m#2[0m SKIP tension=[1;36m0.00071264[0m [0m| momentum_too_small [1;31mconf=0.0009[0m
[BETA_X5] mode=OFF radar_adj=0 mom= conf=0
[ALPHA_X13_BURST13] [1;36m08:46:04[0m [1;32mx13[0m [1;36m#4[0m SKIP tension=[1;36m0.03017556[0m [0m| spread_too_wide [1;31mconf=0.0251[0m
[ALPHA_X13_BURST13] mode=OFF radar_adj=0 mom= conf=0
[BETA_X5] [1;36m08:46:07[0m [1;33mx5[0m [1;36m#3[0m SKIP tension=[1;36m0.00001468[0m [0m| spread_too_wide [1;31mconf=0.0[0m
[BETA_X5] mode=OFF radar_adj=0 mom= conf=0
[ALPHA_X13_BURST13] [1;36m08:46:12[0m [1;32mx13[0m [1;36m#5[0m SKIP tension=[1;36m0.00013532[0m [0m| spread_too_wide [1;31mconf=0.0001[0m
[ALPHA_X13_BURST13] mode=OFF radar_adj=0 mom= conf=0
[BETA_X5] [1;36m08:46:15[0m [1;33mx5[0m [1;36m#4[0m SKIP tension=[1;36m0.00001753[0m [0m| spread_too_wide [1;31mconf=0.0[0m
[BETA_X5] mode=OFF radar_adj=0 mom= conf=0
[ALPHA_X13_BURST13] [1;36m08:46:20[0m [1;32mx13[0m [1;36m#6[0m SKIP tension=[1;36m0.00000309[0m [0m| spread_too_wide [1;31mconf=0.0[0m
[ALPHA_X13_BURST13] mode=OFF radar_adj=0 mom= conf=0
[BETA_X5] [1;36m08:46:23[0m [1;33mx5[0m [1;36m#5[0m SKIP tension=[1;36m0.03019290[0m [0m| spread_too_wide [1;31mconf=0.0252[0m
[BETA_X5] mode=OFF radar_adj=0 mom= conf=0
[ALPHA_X13_BURST13] [1;36m08:46:28[0m [1;32mx13[0m [1;36m#7[0m SKIP tension=[1;36m0.00000000[0m [0m| spread_too_wide [1;31mconf=0.0[0m
[ALPHA_X13_BURST13] mode=OFF radar_adj=0 mom= conf=0
[BETA_X5] [1;36m08:46:31[0m [1;33mx5[0m [1;36m#6[0m SKIP tension=[1;36m0.00001468[0m [0m| spread_too_wide [1;31mconf=0.0[0m
[BETA_X5] mode=OFF radar_adj=0 mom= conf=0
[ALPHA_X13_BURST13] [1;36m08:46:36[0m [1;32mx13[0m [1;36m#8[0m SKIP tension=[1;36m0.00000000[0m [0m| spread_too_wide [1;31mconf=0.0[0m
[BETA_X5] [1;36m08:46:39[0m [1;33mx5[0m [1;36m#7[0m SKIP tension=[1;33m0.88638555[0m [0m| spread_too_wide [1;33mconf=0.5[0m
[ALPHA_X13_BURST13] mode=OFF radar_adj=0 mom= conf=0
[BETA_X5] mode=OFF radar_adj=0 mom= conf=0
[ALPHA_X13_BURST13] [1;36m08:46:44[0m [1;32mx13[0m [1;36m#9[0m SKIP tension=[1;36m0.00542252[0m [0m| spread_too_wide [1;31mconf=0.0045[0m
[ALPHA_X13_BURST13] mode=OFF radar_adj=0 mom= conf=0
[BETA_X5] [1;36m08:46:47[0m [1;33mx5[0m [1;36m#8[0m SKIP tension=[1;36m0.00000000[0m [0m| spread_too_wide [1;31mconf=0.0[0m
[BETA_X5] mode=OFF radar_adj=0 mom= conf=0
[ALPHA_X13_BURST13] [1;36m08:46:52[0m [1;32mx13[0m [1;36m#10[0m SKIP tension=[1;36m0.00024616[0m [0m| spread_too_wide [1;31mconf=0.0002[0m
[BETA_X5] [1;36m08:46:55[0m [1;33mx5[0m [1;36m#9[0m SKIP tension=[1;32m1.74873693[0m [0m| spread_too_wide [1;33mconf=0.5[0m
[ALPHA_X13_BURST13] mode=OFF radar_adj=0 mom= conf=0
[BETA_X5] mode=OFF radar_adj=0 mom= conf=0
[ALPHA_X13_BURST13] [1;36m08:47:01[0m [1;32mx13[0m [1;36m#11[0m SKIP tension=[1;36m0.00000000[0m [0m| momentum_too_small [1;31mconf=0.1997[0m
[BETA_X5] [1;36m08:47:03[0m [1;33mx5[0m [1;36m#10[0m SKIP tension=[1;36m0.00000000[0m [0m| momentum_too_small [1;31mconf=0.3019[0m
[ALPHA_X13_BURST13] mode=OFF radar_adj=0 mom= conf=0
[BETA_X5] mode=OFF radar_adj=0 mom= conf=0
[ALPHA_X13_BURST13] [1;36m08:47:09[0m [1;32mx13[0m [1;36m#12[0m SKIP tension=[1;36m0.00000000[0m [0m| momentum_too_small [1;31mconf=0.2811[0m
[BETA_X5] [1;36m08:47:11[0m [1;33mx5[0m [1;36m#11[0m SKIP tension=[1;36m0.00185014[0m [0m| momentum_too_small [1;31mconf=0.0028[0m
[ALPHA_X13_BURST13] mode=OFF radar_adj=0 mom= conf=0
[BETA_X5] mode=OFF radar_adj=0 mom= conf=0
[ALPHA_X13_BURST13] [1;36m08:47:19[0m [1;32mx13[0m [1;36m#13[0m SKIP tension=[1;31m3.86537492[0m [0m| duo no_trigger
[BETA_X5] [1;36m08:47:20[0m [1;33mx5[0m [1;36m#12[0m SKIP tension=[1;36m0.00000000[0m [0m| momentum_too_small [1;31mconf=0.2366[0m
[ALPHA_X13_BURST13] mode=OFF radar_adj=0 mom= conf=0
[BETA_X5] mode=OFF radar_adj=0 mom= conf=0
[ALPHA_X13_BURST13] [1;36m08:47:28[0m [1;32mx13[0m [1;36m#14[0m SKIP tension=[1;36m0.02783906[0m [0m| direction_unclear [1;31mconf=0.0454[0m
[BETA_X5] [1;36m08:47:29[0m [1;33mx5[0m [1;36m#13[0m SKIP tension=[1;36m0.02781529[0m [0m| direction_unclear [1;31mconf=0.0454[0m
[ALPHA_X13_BURST13] mode=OFF radar_adj=0 mom= conf=0
[BETA_X5] mode=OFF radar_adj=0 mom= conf=0
[ALPHA_X13_BURST13] [1;36m08:47:36[0m [1;32mx13[0m [1;36m#15[0m SKIP tension=[1;36m0.00000000[0m [0m| momentum_too_small [1;31mconf=0.2829[0m
[BETA_X5] [1;36m08:47:36[0m [1;33mx5[0m [1;36m#14[0m SKIP tension=[1;36m0.00027620[0m [0m| momentum_too_small [1;31mconf=0.0003[0m
[BETA_X5] mode=OFF radar_adj=0 mom= conf=0
[ALPHA_X13_BURST13] mode=OFF radar_adj=0 mom= conf=0
[BETA_X5] [1;36m08:47:44[0m [1;33mx5[0m [1;36m#15[0m SKIP tension=[1;36m0.02781057[0m [0m| direction_unclear [1;31mconf=0.0305[0m
[ALPHA_X13_BURST13] [1;36m08:47:45[0m [1;32mx13[0m [1;36m#16[0m SKIP tension=[1;36m0.02781057[0m [0m| direction_unclear [1;31mconf=0.0305[0m
[BETA_X5] mode=OFF radar_adj=0 mom= conf=0
[ALPHA_X13_BURST13] mode=OFF radar_adj=0 mom= conf=0
[BETA_X5] [1;36m08:47:52[0m [1;33mx5[0m [1;36m#16[0m SKIP tension=[1;36m0.00000000[0m [0m| momentum_too_small [1;31mconf=0.2607[0m
[ALPHA_X13_BURST13] [1;36m08:47:54[0m [1;32mx13[0m [1;36m#17[0m SKIP tension=[1;36m0.00000000[0m [0m| momentum_too_small [1;31mconf=0.2607[0m
[BETA_X5] mode=OFF radar_adj=0 mom= conf=0
[ALPHA_X13_BURST13] mode=OFF radar_adj=0 mom= conf=0
[ALPHA_X13_BURST13] [1;36m08:48:02[0m [1;32mx13[0m [1;36m#18[0m SKIP tension=[1;36m0.27785696[0m [0m| wall_not_collapsed
[ALPHA_X13_BURST13] mode=OFF radar_adj=0 mom= conf=0
[ALPHA_X13_BURST13] [1;36m08:48:11[0m [1;32mx13[0m [1;36m#19[0m SKIP tension=[1;36m0.00000000[0m [0m| momentum_too_small [1;31mconf=0.2713[0m
[ALPHA_X13_BURST13] mode=OFF radar_adj=0 mom= conf=0
[BETA_X5] [1;36mCycle 17[0m [1;32mSOFT anomaly[0m [1;33m| pnl_abs=0.36024000 > 0.02500000[0m
[BETA_X5] [1;36mentry=08:48:11@64215.90000000[0m [1;33mx5[0m [1;36m#17[0m [1;32mSELL[0m tension=[1;31m2.69237415[0m hold=[1;36m7[0ms sec=[1;36m7[0m [0m| exit=64168.50000000 [1;33mconf=0.7741[0m [1;36mexit_time=08:48:18[0m [1;32mpnl=0.36024000 bps=7.38134948 pct=0.07381349% total=0.79889[0m
[ALPHA_X13_BURST13] [1;36m08:48:21[0m [1;32mx13[0m [1;36m#20[0m SKIP tension=[1;31m9.55937921[0m [0m| duo no_trigger
[BETA_X5] mode=OFF radar_adj=0 mom= conf=0
[ALPHA_X13_BURST13] mode=OFF radar_adj=0 mom= conf=0
[BETA_X5] [1;36m08:48:28[0m [1;33mx5[0m [1;36m#18[0m SKIP tension=[1;33m0.87029348[0m [0m| wall_not_collapsed
[ALPHA_X13_BURST13] [1;36m08:48:29[0m [1;32mx13[0m [1;36m#21[0m SKIP tension=[1;36m0.00000000[0m [0m| momentum_too_small [1;31mconf=0.2079[0m
[BETA_X5] mode=OFF radar_adj=0 mom= conf=0
[ALPHA_X13_BURST13] mode=OFF radar_adj=0 mom= conf=0
[ALPHA_X13_BURST13] [1;36m08:48:38[0m [1;32mx13[0m [1;36m#22[0m SKIP tension=[1;31m2.16209426[0m [0m| tactic short vs long
[ALPHA_X13_BURST13] mode=OFF radar_adj=0 mom= conf=0
[BETA_X5] shockwave beta->alpha until_cycle=29
[BETA_X5] [1;33mSWARM shockwave[0m [0m| beta -> neighbor (fluid_exit_inversion)[0m
[ALPHA_X13_BURST13] [1;36m08:48:49[0m [1;32mx13[0m [1;36m#23[0m SKIP tension=[1;36m0.00001285[0m [0m| momentum_too_small [1;31mconf=0.0[0m
[BETA_X5] [1;36mentry=08:48:41@64173.80000000[0m [1;33mx5[0m [1;36m#19[0m [1;31mSELL[0m tension=[1;31m2.56299182[0m hold=[1;36m8[0ms sec=[1;36m8[0m [0m| exit=64176.10000000 [1;32mconf=0.9503[0m [1;36mexit_time=08:48:49[0m [1;31mpnl=-0.01748000 bps=-0.35840172 pct=-0.00358402% total=0.7814099999999999[0m
[ALPHA_X13_BURST13] mode=OFF radar_adj=0 mom= conf=0
[BETA_X5] mode=OFF radar_adj=0 mom= conf=0
[ALPHA_X13_BURST13] [1;36m08:48:57[0m [1;32mx13[0m [1;36m#24[0m SKIP tension=[1;36m0.00000000[0m [0m| momentum_too_small [1;31mconf=0.2417[0m
[BETA_X5] [1;36m08:48:59[0m [1;33mx5[0m [1;36m#20[0m SKIP tension=[1;36m0.02561121[0m [0m| direction_unclear [1;31mconf=0.0361[0m
[ALPHA_X13_BURST13] mode=OFF radar_adj=0 mom= conf=0
[BETA_X5] mode=OFF radar_adj=0 mom= conf=0
[ALPHA_X13_BURST13] [1;36m08:49:06[0m [1;32mx13[0m [1;36m#25[0m SKIP tension=[1;36m0.00002120[0m [0m| momentum_too_small [1;31mconf=0.0[0m
[ALPHA_X13_BURST13] mode=OFF radar_adj=0 mom= conf=0
[ALPHA_X13_BURST13] [1;36m08:49:15[0m [1;32mx13[0m [1;36m#26[0m SKIP tension=[1;32m1.01862820[0m [0m| duo no_trigger
[ALPHA_X13_BURST13] mode=OFF radar_adj=0 mom= conf=0
[BETA_X5] [1;36mCycle 21[0m [1;32mSOFT anomaly[0m [1;33m| pnl_abs=0.18924000 > 0.02500000[0m
[BETA_X5] [1;36mentry=08:49:12@64215.80000000[0m [1;33mx5[0m [1;36m#21[0m [1;32mSELL[0m tension=[1;32m1.01862820[0m hold=[1;36m6[0ms sec=[1;36m6[0m [0m| exit=64190.90000000 [1;32mconf=0.89[0m [1;36mexit_time=08:49:18[0m [1;32mpnl=0.18924000 bps=3.87755038 pct=0.03877550% total=0.9706499999999999[0m
[BETA_X5] mode=OFF radar_adj=0 mom= conf=0
[ALPHA_X13_BURST13] [1;36m08:49:23[0m [1;32mx13[0m [1;36m#27[0m SKIP tension=[1;36m0.00000000[0m [0m| momentum_too_small [1;31mconf=0.2757[0m
[ALPHA_X13_BURST13] mode=OFF radar_adj=0 mom= conf=0
[BETA_X5] [1;36m08:49:28[0m [1;33mx5[0m [1;36m#22[0m SKIP tension=[1;36m0.00000000[0m [0m| momentum_too_small [1;31mconf=0.303[0m
[BETA_X5] mode=OFF radar_adj=0 mom= conf=0
[ALPHA_X13_BURST13] [1;36m08:49:32[0m [1;32mx13[0m [1;36m#28[0m SKIP tension=[1;36m0.00008464[0m [0m| momentum_too_small [1;31mconf=0.0001[0m
[ALPHA_X13_BURST13] mode=OFF radar_adj=0 mom= conf=0
[BETA_X5] [1;36m08:49:36[0m [1;33mx5[0m [1;36m#23[0m SKIP tension=[1;36m0.00000000[0m [0m| momentum_too_small [1;31mconf=0.3299[0m
[BETA_X5] mode=OFF radar_adj=0 mom= conf=0
[ALPHA_X13_BURST13] [1;36m08:49:40[0m [1;32mx13[0m [1;36m#29[0m SKIP tension=[1;36m0.00055063[0m [0m| momentum_too_small [1;31mconf=0.0008[0m
[ALPHA_X13_BURST13] mode=OFF radar_adj=0 mom= conf=0
[BETA_X5] [1;36m08:49:44[0m [1;33mx5[0m [1;36m#24[0m SKIP tension=[1;36m0.35245570[0m [0m| wall_not_collapsed
[BETA_X5] mode=OFF radar_adj=0 mom= conf=0
[ALPHA_X13_BURST13] [1;36m08:49:48[0m [1;32mx13[0m [1;36m#30[0m SKIP tension=[1;36m0.80140477[0m [0m| wall_not_collapsed
[ALPHA_X13_BURST13] mode=OFF radar_adj=0 mom= conf=0
[BETA_X5] [1;36m08:49:52[0m [1;33mx5[0m [1;36m#25[0m SKIP tension=[1;36m0.00000000[0m [0m| momentum_too_small [1;31mconf=0.2662[0m
[BETA_X5] mode=OFF radar_adj=0 mom= conf=0
[ALPHA_X13_BURST13] [1;36m08:49:58[0m [1;32mx13[0m [1;36m#31[0m SKIP tension=[1;32m1.34926116[0m [0m| spread_too_wide [1;33mconf=0.5[0m
[ALPHA_X13_BURST13] mode=OFF radar_adj=0 mom= conf=0
[ALPHA_X13_BURST13] [1;36m08:50:08[0m [1;32mx13[0m [1;36m#32[0m SKIP [1;33m| tension_stale age=1373ms>800ms (NUAGE)[0m
[ALPHA_X13_BURST13] mode=OFF radar_adj=0 mom= conf=0
[BETA_X5] [1;36mentry=08:50:04@64210.50000000[0m [1;33mx5[0m [1;36m#26[0m [1;33mSELL[0m tension=[1;32m1.47542947[0m hold=[1;36m7[0ms sec=[1;36m7[0m [0m| exit=64210.50000000 [1;33mconf=0.7254[0m [1;36mexit_time=08:50:11[0m [1;33mpnl=-0.00000000 bps=-0.00000000 pct=-0.00000000% total=0.9706499999999999[0m
[BETA_X5] mode=OFF radar_adj=0 mom= conf=0
[ALPHA_X13_BURST13] [1;36m08:50:17[0m [1;32mx13[0m [1;36m#33[0m SKIP tension=[1;36m0.00003298[0m [0m| momentum_too_small [1;31mconf=0.0001[0m
[ALPHA_X13_BURST13] mode=OFF radar_adj=0 mom= conf=0
[ALPHA_X13_BURST13] [1;36m08:50:27[0m [1;32mx13[0m [1;36m#34[0m SKIP tension=[1;36m0.00005425[0m [0m| momentum_too_small [1;31mconf=0.0001[0m
[ALPHA_X13_BURST13] mode=OFF radar_adj=0 mom= conf=0
[ALPHA_X13_BURST13] [1;36m08:50:43[0m [1;32mx13[0m [1;36m#35[0m SKIP tension=[1;36m0.02814833[0m [0m| direction_unclear [1;31mconf=0.0404[0m
[BETA_X5] [1;36mCycle 27[0m [1;32mSOFT anomaly[0m [1;33m| pnl_abs=0.45980000 > 0.02500000[0m
[ALPHA_X13_BURST13] mode=OFF radar_adj=0 mom= conf=0
[BETA_X5] [1;36mentry=08:50:30@64210.50000000[0m [1;33mx5[0m [1;36m#27[0m [1;32mSELL[0m tension=[1;31m4.80749849[0m hold=[1;36m16[0ms sec=[1;36m16[0m [0m| exit=64150.00000000 [1;32mconf=0.9484[0m [1;36mexit_time=08:50:46[0m [1;32mpnl=0.45980000 bps=9.42213501 pct=0.09422135% total=1.43045[0m
[BETA_X5] mode=OFF radar_adj=0 mom= conf=0
[ALPHA_X13_BURST13] [1;36m08:50:59[0m [1;32mx13[0m [1;36m#36[0m SKIP tension=[1;36m0.30062210[0m [0m| wall_not_collapsed
[ALPHA_X13_BURST13] mode=OFF radar_adj=0 mom= conf=0
[ALPHA_X13_BURST13] [1;36m08:51:12[0m [1;32mx13[0m [1;36m#37[0m SKIP tension=[1;31m4.82825899[0m [0m| spread_too_wide [1;33mconf=0.5[0m
[ALPHA_X13_BURST13] mode=OFF radar_adj=0 mom= conf=0
[BETA_X5] shockwave beta->alpha until_cycle=38
[BETA_X5] [1;33mSWARM shockwave[0m [0m| beta -> neighbor (shock_inversion_stop)[0m
[BETA_X5] [1;36mCycle 28[0m [1;32mSOFT anomaly[0m [1;33m| pnl_abs=0.08056000 > 0.02500000[0m
[BETA_X5] [1;36mentry=08:51:11@64139.40000000[0m [1;33mx5[0m [1;36m#28[0m [1;31mSELL[0m tension=[1;31m3.05494880[0m hold=[1;36m6[0ms sec=[1;36m6[0m [0m| exit=64150.00000000 [1;33mconf=0.6154[0m [1;36mexit_time=08:51:18[0m [1;31mpnl=-0.08056000 bps=-1.65265032 pct=-0.01652650% total=1.34989[0m
[ALPHA_X13_BURST13] [1;36m08:51:21[0m [1;32mx13[0m [1;36m#38[0m SKIP tension=[1;36m0.00015067[0m [0m| spread_too_wide [1;31mconf=0.0001[0m
[BETA_X5] mode=OFF radar_adj=0 mom= conf=0
[ALPHA_X13_BURST13] mode=OFF radar_adj=0 mom= conf=0
[ALPHA_X13_BURST13] [1;36m08:51:29[0m [1;32mx13[0m [1;36m#39[0m SKIP tension=[1;31m2.11423715[0m [0m| spread_too_wide [1;33mconf=0.5[0m
[ALPHA_X13_BURST13] mode=OFF radar_adj=0 mom= conf=0
[ALPHA_X13_BURST13] [1;36m08:51:38[0m [1;32mx13[0m [1;36m#40[0m SKIP tension=[1;36m0.00002350[0m [0m| spread_too_wide [1;31mconf=0.0[0m
[BETA_X5] [1;36mentry=08:51:31@64150.00000000[0m [1;33mx5[0m [1;36m#29[0m [1;33mSELL[0m tension=[1;32m1.61814155[0m hold=[1;36m7[0ms sec=[1;36m7[0m [0m| exit=64150.00000000 [1;33mconf=0.5132[0m [1;36mexit_time=08:51:38[0m [1;33mpnl=-0.00000000 bps=-0.00000000 pct=-0.00000000% total=1.34989[0m
[ALPHA_X13_BURST13] mode=OFF radar_adj=0 mom= conf=0
[BETA_X5] mode=OFF radar_adj=0 mom= conf=0
[ALPHA_X13_BURST13] [1;36m08:51:47[0m [1;32mx13[0m [1;36m#41[0m SKIP tension=[1;36m0.00022062[0m [0m| spread_too_wide [1;31mconf=0.0002[0m
[BETA_X5] [1;36m08:51:48[0m [1;33mx5[0m [1;36m#30[0m SKIP tension=[1;36m0.00011237[0m [0m| spread_too_wide [1;31mconf=0.0001[0m
[ALPHA_X13_BURST13] mode=OFF radar_adj=0 mom= conf=0
[BETA_X5] mode=OFF radar_adj=0 mom= conf=0
[BETA_X5] [1;36m08:51:56[0m [1;33mx5[0m [1;36m#31[0m SKIP tension=[1;32m1.01008461[0m [0m| spread_too_wide [1;33mconf=0.5[0m
[ALPHA_X13_BURST13] [1;36m08:51:59[0m [1;32mx13[0m [1;36m#42[0m SKIP tension=[1;32m1.01009487[0m [0m| spread_too_wide [1;33mconf=0.5[0m
[BETA_X5] mode=OFF radar_adj=0 mom= conf=0
[ALPHA_X13_BURST13] mode=OFF radar_adj=0 mom= conf=0
[ALPHA_X13_BURST13] [1;36m08:52:07[0m [1;32mx13[0m [1;36m#43[0m SKIP tension=[1;33m0.88269526[0m [0m| wall_not_collapsed
[ALPHA_X13_BURST13] mode=OFF radar_adj=0 mom= conf=0
[BETA_X5] shockwave beta->alpha until_cycle=42
[BETA_X5] [1;33mSWARM shockwave[0m [0m| beta -> neighbor (shock_inversion_stop)[0m
[BETA_X5] [1;36mCycle 32[0m [1;32mSOFT anomaly[0m [1;33m| pnl_abs=0.22949000 > 0.02500000[0m
[BETA_X5] [1;36mentry=08:52:07@64106.70000000[0m [1;33mx5[0m [1;36m#32[0m [1;31mSELL[0m tension=[1;32m1.36949754[0m hold=[1;36m7[0ms sec=[1;36m7[0m [0m| exit=64150.00000000 [1;33mconf=0.7633[0m [1;36mexit_time=08:52:14[0m [1;31mpnl=-0.22949000 bps=-6.75436421 pct=-0.06754364% total=1.1204[0m
[ALPHA_X13_BURST13] [1;36m08:52:16[0m [1;32mx13[0m [1;36m#44[0m SKIP tension=[1;33m0.88267566[0m [0m| wall_not_collapsed
[BETA_X5] mode=OFF radar_adj=0 mom= conf=0
[ALPHA_X13_BURST13] mode=OFF radar_adj=0 mom= conf=0
[BETA_X5] [1;36m08:52:24[0m [1;33mx5[0m [1;36m#33[0m SKIP tension=[1;36m0.00583605[0m [0m| momentum_too_small [1;31mconf=0.0074[0m
[ALPHA_X13_BURST13] [1;36m08:52:25[0m [1;32mx13[0m [1;36m#45[0m SKIP tension=[1;33m0.89974955[0m [0m| wall_not_collapsed
[BETA_X5] mode=OFF radar_adj=0 mom= conf=0
[ALPHA_X13_BURST13] mode=OFF radar_adj=0 mom= conf=0
[BETA_X5] [1;36m08:52:33[0m [1;33mx5[0m [1;36m#34[0m SKIP tension=[1;36m0.63301042[0m [0m| spread_too_wide [1;33mconf=0.5[0m
[ALPHA_X13_BURST13] [1;36m08:52:34[0m [1;32mx13[0m [1;36m#46[0m SKIP tension=[1;36m0.63435597[0m [0m| wall_not_collapsed
[BETA_X5] mode=OFF radar_adj=0 mom= conf=0
[ALPHA_X13_BURST13] mode=OFF radar_adj=0 mom= conf=0
[BETA_X5] [1;36m08:52:42[0m [1;33mx5[0m [1;36m#35[0m SKIP tension=[1;36m0.00000000[0m [0m| spread_too_wide [1;31mconf=0.0[0m
[ALPHA_X13_BURST13] [1;36m08:52:43[0m [1;32mx13[0m [1;36m#47[0m SKIP tension=[1;36m0.78402702[0m [0m| spread_too_wide [1;33mconf=0.5[0m
[BETA_X5] mode=OFF radar_adj=0 mom= conf=0
[ALPHA_X13_BURST13] mode=OFF radar_adj=0 mom= conf=0
[BETA_X5] [1;36m08:52:50[0m [1;33mx5[0m [1;36m#36[0m SKIP tension=[1;36m0.00751076[0m [0m| momentum_too_small [1;31mconf=0.0071[0m
[ALPHA_X13_BURST13] [1;36m08:52:53[0m [1;32mx13[0m [1;36m#48[0m SKIP tension=[1;36m0.00298735[0m [0m| momentum_too_small [1;31mconf=0.0028[0m
[BETA_X5] mode=OFF radar_adj=0 mom= conf=0
[ALPHA_X13_BURST13] mode=OFF radar_adj=0 mom= conf=0
[BETA_X5] [1;36m08:52:58[0m [1;33mx5[0m [1;36m#37[0m SKIP tension=[1;32m1.47273433[0m [0m| spread_too_wide [1;33mconf=0.5[0m
[BETA_X5] mode=OFF radar_adj=0 mom= conf=0
[ALPHA_X13_BURST13] [1;36m08:53:01[0m [1;32mx13[0m [1;36m#49[0m SKIP tension=[1;36m0.00001984[0m [0m| spread_too_wide [1;31mconf=0.0[0m
[ALPHA_X13_BURST13] mode=OFF radar_adj=0 mom= conf=0
[ALPHA_X13_BURST13] [1;36m08:53:10[0m [1;32mx13[0m [1;36m#50[0m SKIP tension=[1;36m0.00347271[0m [0m| momentum_too_small [1;31mconf=0.0057[0m
[ALPHA_X13_BURST13] mode=OFF radar_adj=0 mom= conf=0
[ALPHA_X13_BURST13] [1;36m08:53:19[0m [1;32mx13[0m [1;36m#51[0m SKIP tension=[1;36m0.00000265[0m [0m| momentum_too_small [1;31mconf=0.0[0m
[ALPHA_X13_BURST13] mode=OFF radar_adj=0 mom= conf=0
[BETA_X5] [1;36mCycle 38[0m [1;32mSOFT anomaly[0m [1;33m| pnl_abs=0.17328000 > 0.02500000[0m
[BETA_X5] [1;36mentry=08:53:11@64105.30000000[0m [1;33mx5[0m [1;36m#38[0m [1;32mSELL[0m tension=[1;31m5.14805605[0m hold=[1;36m13[0ms sec=[1;36m13[0m [0m| exit=64082.50000000 [1;32mconf=0.9903[0m [1;36mexit_time=08:53:24[0m [1;32mpnl=0.17328000 bps=3.55664820 pct=0.03556648% total=1.2936800000000002[0m
[ALPHA_X13_BURST13] [1;36m08:53:28[0m [1;32mx13[0m [1;36m#52[0m SKIP tension=[1;36m0.00048091[0m [0m| momentum_too_small [1;31mconf=0.0008[0m
[BETA_X5] mode=OFF radar_adj=0 mom= conf=0
[ALPHA_X13_BURST13] mode=OFF radar_adj=0 mom= conf=0
[BETA_X5] [1;36m08:53:34[0m [1;33mx5[0m [1;36m#39[0m SKIP tension=[1;36m0.18712604[0m [0m| direction_unclear [1;31mconf=0.2994[0m
[BETA_X5] mode=OFF radar_adj=0 mom= conf=0
[ALPHA_X13_BURST13] [1;36m08:53:37[0m [1;32mx13[0m [1;36m#53[0m SKIP [1;33m| tension_stale age=1622ms>800ms (NUAGE)[0m
[ALPHA_X13_BURST13] mode=OFF radar_adj=0 mom= conf=0
[BETA_X5] [1;36m08:53:43[0m [1;33mx5[0m [1;36m#40[0m SKIP tension=[1;36m0.00001603[0m [0m| momentum_too_small [1;31mconf=0.0[0m
[BETA_X5] mode=OFF radar_adj=0 mom= conf=0
[ALPHA_X13_BURST13] [1;36m08:53:48[0m [1;32mx13[0m [1;36m#54[0m SKIP tension=[1;36m0.00002885[0m [0m| momentum_too_small [1;31mconf=0.0[0m
[ALPHA_X13_BURST13] mode=OFF radar_adj=0 mom= conf=0
[ALPHA_X13_BURST13] [1;36m08:53:59[0m [1;32mx13[0m [1;36m#55[0m SKIP [1;33m| tension_stale age=13913ms>800ms (NUAGE)[0m
[ALPHA_X13_BURST13] mode=OFF radar_adj=0 mom= conf=0
[BETA_X5] [1;36mentry=08:53:57@64080.00000000[0m [1;33mx5[0m [1;36m#41[0m [1;32mSELL[0m tension=[1;31m2.68031129[0m hold=[1;36m7[0ms sec=[1;36m7[0m [0m| exit=64079.90000000 [1;32mconf=0.9571[0m [1;36mexit_time=08:54:04[0m [1;32mpnl=0.00077000 bps=0.01560549 pct=0.00015605% total=1.29445[0m
[ALPHA_X13_BURST13] [1;36m08:54:08[0m [1;32mx13[0m [1;36m#56[0m SKIP tension=[1;36m0.00000000[0m [0m| momentum_too_small [1;31mconf=0.3497[0m
[BETA_X5] mode=OFF radar_adj=0 mom= conf=0
[ALPHA_X13_BURST13] mode=OFF radar_adj=0 mom= conf=0
[BETA_X5] [1;36m08:54:14[0m [1;33mx5[0m [1;36m#42[0m SKIP tension=[1;36m0.19788888[0m [0m| direction_unclear [1;31mconf=0.3295[0m
[BETA_X5] mode=OFF radar_adj=0 mom= conf=0
[ALPHA_X13_BURST13] [1;36m08:54:17[0m [1;32mx13[0m [1;36m#57[0m SKIP tension=[1;36m0.00000000[0m [0m| momentum_too_small [1;31mconf=0.3497[0m
[ALPHA_X13_BURST13] mode=OFF radar_adj=0 mom= conf=0
[BETA_X5] [1;36m08:54:22[0m [1;33mx5[0m [1;36m#43[0m SKIP tension=[1;36m0.00077914[0m [0m| momentum_too_small [1;31mconf=0.0013[0m
[BETA_X5] mode=OFF radar_adj=0 mom= conf=0
[ALPHA_X13_BURST13] [1;36m08:54:26[0m [1;32mx13[0m [1;36m#58[0m SKIP tension=[1;36m0.00001634[0m [0m| momentum_too_small [1;31mconf=0.0[0m
[ALPHA_X13_BURST13] mode=OFF radar_adj=0 mom= conf=0
[BETA_X5] [1;36m08:54:30[0m [1;33mx5[0m [1;36m#44[0m SKIP tension=[1;36m0.00001341[0m [0m| momentum_too_small [1;31mconf=0.0[0m
[BETA_X5] mode=OFF radar_adj=0 mom= conf=0
[ALPHA_X13_BURST13] [1;36m08:54:35[0m [1;32mx13[0m [1;36m#59[0m SKIP tension=[1;36m0.29695033[0m [0m| wall_not_collapsed
[ALPHA_X13_BURST13] mode=OFF radar_adj=0 mom= conf=0
[BETA_X5] [1;36m08:54:38[0m [1;33mx5[0m [1;36m#45[0m SKIP tension=[1;36m0.00000000[0m [0m| momentum_too_small [1;31mconf=0.3493[0m
[BETA_X5] mode=OFF radar_adj=0 mom= conf=0
[ALPHA_X13_BURST13] [1;36m08:54:44[0m [1;32mx13[0m [1;36m#60[0m SKIP tension=[1;36m0.00004155[0m [0m| momentum_too_small [1;31mconf=0.0001[0m
[ALPHA_X13_BURST13] mode=OFF radar_adj=0 mom= conf=0
[ALPHA_X13_BURST13] [1;36m08:54:53[0m [1;32mx13[0m [1;36m#61[0m SKIP tension=[1;36m0.00000000[0m [0m| momentum_too_small [1;31mconf=0.3493[0m
[ALPHA_X13_BURST13] mode=OFF radar_adj=0 mom= conf=0
[BETA_X5] [1;36mentry=08:54:51@64076.70000000[0m [1;33mx5[0m [1;36m#46[0m [1;33mSELL[0m tension=[1;32m1.20951704[0m hold=[1;36m7[0ms sec=[1;36m7[0m [0m| exit=64076.70000000 [1;32mconf=0.999[0m [1;36mexit_time=08:54:59[0m [1;33mpnl=-0.00000000 bps=-0.00000000 pct=-0.00000000% total=1.29445[0m
[ALPHA_X13_BURST13] [1;36m08:55:02[0m [1;32mx13[0m [1;36m#62[0m SKIP tension=[1;36m0.00017008[0m [0m| momentum_too_small [1;31mconf=0.0003[0m
[BETA_X5] mode=OFF radar_adj=0 mom= conf=0
[ALPHA_X13_BURST13] mode=OFF radar_adj=0 mom= conf=0
[BETA_X5] [1;36m08:55:09[0m [1;33mx5[0m [1;36m#47[0m SKIP tension=[1;36m0.00000650[0m [0m| momentum_too_small [1;31mconf=0.0[0m
[BETA_X5] mode=OFF radar_adj=0 mom= conf=0
[BETA_X5] [1;36m08:55:17[0m [1;33mx5[0m [1;36m#48[0m SKIP tension=[1;36m0.00685279[0m [0m| momentum_too_small [1;31mconf=0.0114[0m
[BETA_X5] mode=OFF radar_adj=0 mom= conf=0
[BETA_X5] [1;36m08:55:27[0m [1;33mx5[0m [1;36m#49[0m SKIP tension=[1;36m0.06132249[0m [0m| direction_unclear [1;31mconf=0.1021[0m
[BETA_X5] mode=OFF radar_adj=0 mom= conf=0
[BETA_X5] [1;36mentry=08:55:39@64076.80000000[0m [1;33mx5[0m [1;36m#50[0m [1;32mSELL[0m tension=[1;31m6.33179466[0m hold=[1;36m7[0ms sec=[1;36m7[0m [0m| exit=64076.70000000 [1;32mconf=0.999[0m [1;36mexit_time=08:55:46[0m [1;32mpnl=0.00077000 bps=0.01560627 pct=0.00015606% total=1.29522[0m
[BETA_X5] mode=OFF radar_adj=0 mom= conf=0
[BETA_X5] [1;36m08:55:56[0m [1;33mx5[0m [1;36m#51[0m SKIP tension=[1;36m0.01715430[0m [0m| direction_unclear [1;31mconf=0.0285[0m
[BETA_X5] mode=OFF radar_adj=0 mom= conf=0
[BETA_X5] [1;36mentry=08:56:09@64076.70000000[0m [1;33mx5[0m [1;36m#52[0m [1;33mSELL[0m tension=[1;31m6.37989860[0m hold=[1;36m7[0ms sec=[1;36m7[0m [0m| exit=64076.70000000 [1;32mconf=0.999[0m [1;36mexit_time=08:56:16[0m [1;33mpnl=-0.00000000 bps=-0.00000000 pct=-0.00000000% total=1.29522[0m
[BETA_X5] mode=OFF radar_adj=0 mom= conf=0
[BETA_X5] [1;36m08:56:27[0m [1;33mx5[0m [1;36m#53[0m SKIP tension=[1;36m0.01666038[0m [0m| direction_unclear [1;31mconf=0.0277[0m
[BETA_X5] mode=OFF radar_adj=0 mom= conf=0
[ALPHA_X13_BURST13] [1;36m--- ACE777 STRICT CLONE FUTURES TESTNET ---[0m
[ALPHA_X13_BURST13] [1;36mLeverage ramp ON:[0m [1;36mstart=13 end=13 cycles=180[0m
[ALPHA_X13_BURST13] [1;32mV8 Resonance ON:[0m [1;36mimpulse_thr=0.96 dt_ms=64 aspiration=1.618@37.8deg void_lock=TRUE shock_exit=TRUE[0m
[ALPHA_X13_BURST13] [1;32mV8 Tension ON:[0m [1;36mwall_drop=6.5% dt_ms=64 filter=0.85 depth=20[0m
[ALPHA_X13_BURST13] [1;36mSymbol=BTCUSDT[0m [1;32mLeverage=13[0m [1;36mBuyUSDT=800 Orders=TRUE[0m
[BETA_X5] [1;36m08:56:36[0m [1;33mx5[0m [1;36m#54[0m SKIP tension=[1;36m0.00003037[0m [0m| momentum_too_small [1;31mconf=0.0001[0m
[ALPHA_X13_BURST13] mode=OFF radar_adj=0 mom= conf=0
[BETA_X5] mode=OFF radar_adj=0 mom= conf=0
[ALPHA_X13_BURST13] [1;36m08:56:52[0m [1;32mx13[0m [1;36m#1[0m SKIP tension=[1;36m0.02921296[0m [0m| direction_unclear [1;31mconf=0.0486[0m
[BETA_X5] [1;36m08:56:52[0m [1;33mx5[0m [1;36m#55[0m SKIP tension=[1;36m0.04730806[0m [0m| direction_unclear [1;31mconf=0.0788[0m
[BETA_X5] mode=OFF radar_adj=0 mom= conf=0
[ALPHA_X13_BURST13] mode=OFF radar_adj=0 mom= conf=0
[BETA_X5] [1;36m08:57:08[0m [1;33mx5[0m [1;36m#56[0m SKIP tension=[1;36m0.04322528[0m [0m| direction_unclear [1;31mconf=0.072[0m
[ALPHA_X13_BURST13] [1;36m08:57:09[0m [1;32mx13[0m [1;36m#2[0m SKIP tension=[1;36m0.04323785[0m [0m| direction_unclear [1;31mconf=0.0719[0m
[BETA_X5] mode=OFF radar_adj=0 mom= conf=0
[ALPHA_X13_BURST13] mode=OFF radar_adj=0 mom= conf=0
[BETA_X5] [1;36m08:57:23[0m [1;33mx5[0m [1;36m#57[0m SKIP tension=[1;36m0.15114226[0m [0m| direction_unclear [1;31mconf=0.2514[0m
[ALPHA_X13_BURST13] [1;36m08:57:24[0m [1;32mx13[0m [1;36m#3[0m SKIP tension=[1;36m0.00002015[0m [0m| momentum_too_small [1;31mconf=0.0[0m
[BETA_X5] mode=OFF radar_adj=0 mom= conf=0
[ALPHA_X13_BURST13] mode=OFF radar_adj=0 mom= conf=0
[ALPHA_X13_BURST13] [1;36m08:57:40[0m [1;32mx13[0m [1;36m#4[0m SKIP tension=[1;36m0.00000000[0m [0m| momentum_too_small [1;31mconf=0.3493[0m
[ALPHA_X13_BURST13] mode=OFF radar_adj=0 mom= conf=0
[ALPHA_X13_BURST13] [1;36m08:57:55[0m [1;32mx13[0m [1;36m#5[0m SKIP tension=[1;36m0.52273905[0m [0m| wall_not_collapsed
[BETA_X5] shockwave beta->alpha until_cycle=68
[BETA_X5] [1;33mSWARM shockwave[0m [0m| beta -> neighbor (shock_inversion_stop)[0m
[ALPHA_X13_BURST13] mode=OFF radar_adj=0 mom= conf=0
[BETA_X5] [1;36mentry=08:57:43@64076.80000000[0m [1;33mx5[0m [1;36m#58[0m [1;31mSELL[0m tension=[1;31m5.14019271[0m hold=[1;36m13[0ms sec=[1;36m13[0m [0m| exit=64076.90000000 [1;32mconf=0.999[0m [1;36mexit_time=08:57:57[0m [1;31mpnl=-0.00156000 bps=-0.01560627 pct=-0.00015606% total=1.29366[0m
[BETA_X5] mode=OFF radar_adj=0 mom= conf=0
[ALPHA_X13_BURST13] [1;36m08:58:10[0m [1;32mx13[0m [1;36m#6[0m SKIP tension=[1;36m0.00002534[0m [0m| momentum_too_small [1;31mconf=0.0[0m
[BETA_X5] [1;36m08:58:14[0m [1;33mx5[0m [1;36m#59[0m SKIP tension=[1;36m0.00002911[0m [0m| momentum_too_small [1;31mconf=0.0[0m
[ALPHA_X13_BURST13] mode=OFF radar_adj=0 mom= conf=0
[BETA_X5] mode=OFF radar_adj=0 mom= conf=0
[ALPHA_X13_BURST13] [1;36m08:58:24[0m [1;32mx13[0m [1;36m#7[0m SKIP tension=[1;36m0.00004252[0m [0m| momentum_too_small [1;31mconf=0.0001[0m
[BETA_X5] [1;36m08:58:27[0m [1;33mx5[0m [1;36m#60[0m SKIP tension=[1;36m0.00000000[0m [0m| momentum_too_small [1;31mconf=0.3497[0m
[ALPHA_X13_BURST13] mode=OFF radar_adj=0 mom= conf=0
[BETA_X5] mode=OFF radar_adj=0 mom= conf=0
[ALPHA_X13_BURST13] [1;36m08:58:37[0m [1;32mx13[0m [1;36m#8[0m SKIP tension=[1;36m0.00003093[0m [0m| momentum_too_small [1;31mconf=0.0001[0m
[ALPHA_X13_BURST13] mode=OFF radar_adj=0 mom= conf=0
[BETA_X5] [1;36m08:58:44[0m [1;33mx5[0m [1;36m#61[0m SKIP tension=[1;36m0.38673835[0m [0m| wall_not_collapsed
[BETA_X5] mode=OFF radar_adj=0 mom= conf=0
[ALPHA_X13_BURST13] [1;36m08:58:51[0m [1;32mx13[0m [1;36m#9[0m SKIP tension=[1;36m0.00000000[0m [0m| momentum_too_small [1;31mconf=0.348[0m
[ALPHA_X13_BURST13] mode=OFF radar_adj=0 mom= conf=0
[ALPHA_X13_BURST13] [1;36m08:59:05[0m [1;32mx13[0m [1;36m#10[0m SKIP tension=[1;36m0.00000000[0m [0m| momentum_too_small [1;31mconf=0.3357[0m
[ALPHA_X13_BURST13] mode=OFF radar_adj=0 mom= conf=0
[BETA_X5] shockwave beta->alpha until_cycle=72
[BETA_X5] [1;33mSWARM shockwave[0m [0m| beta -> neighbor (shock_inversion_stop)[0m
[BETA_X5] [1;36mCycle 62[0m [1;32mSOFT anomaly[0m [1;33m| pnl_abs=0.02964000 > 0.02500000[0m
[ALPHA_X13_BURST13] [1;36m08:59:19[0m [1;32mx13[0m [1;36m#11[0m SKIP tension=[1;36m0.00000000[0m [0m| momentum_too_small [1;31mconf=0.335[0m
[BETA_X5] [1;36mentry=08:59:05@64078.10000000[0m [1;33mx5[0m [1;36m#62[0m [1;31mSELL[0m tension=[1;32m1.16016094[0m hold=[1;36m11[0ms sec=[1;36m11[0m [0m| exit=64080.00000000 [1;32mconf=0.9815[0m [1;36mexit_time=08:59:18[0m [1;31mpnl=-0.02964000 bps=-0.29651316 pct=-0.00296513% total=1.26402[0m
[ALPHA_X13_BURST13] mode=OFF radar_adj=0 mom= conf=0
[BETA_X5] mode=OFF radar_adj=0 mom= conf=0
[ALPHA_X13_BURST13] [1;36m08:59:33[0m [1;32mx13[0m [1;36m#12[0m SKIP tension=[1;36m0.00000000[0m [0m| momentum_too_small [1;31mconf=0.3288[0m
[BETA_X5] [1;36m08:59:35[0m [1;33mx5[0m [1;36m#63[0m SKIP tension=[1;36m0.00000000[0m [0m| momentum_too_small [1;31mconf=0.3394[0m
[ALPHA_X13_BURST13] mode=OFF radar_adj=0 mom= conf=0
[BETA_X5] mode=OFF radar_adj=0 mom= conf=0
[ALPHA_X13_BURST13] [1;36m08:59:47[0m [1;32mx13[0m [1;36m#13[0m SKIP tension=[1;33m0.85582472[0m [0m| wall_not_collapsed
[BETA_X5] [1;36m08:59:48[0m [1;33mx5[0m [1;36m#64[0m SKIP tension=[1;33m0.90107076[0m [0m| wall_not_collapsed
[BETA_X5] mode=OFF radar_adj=0 mom= conf=0
[ALPHA_X13_BURST13] mode=OFF radar_adj=0 mom= conf=0
[BETA_X5] [1;36m09:00:01[0m [1;33mx5[0m [1;36m#65[0m SKIP tension=[1;36m0.42553506[0m [0m| wall_not_collapsed
[ALPHA_X13_BURST13] [1;36m09:00:01[0m [1;32mx13[0m [1;36m#14[0m SKIP tension=[1;36m0.00003591[0m [0m| momentum_too_small [1;31mconf=0.0001[0m
[BETA_X5] mode=OFF radar_adj=0 mom= conf=0
[ALPHA_X13_BURST13] mode=OFF radar_adj=0 mom= conf=0
[ALPHA_X13_BURST13] [1;36m09:00:15[0m [1;32mx13[0m [1;36m#15[0m SKIP [1;33m| tension_stale age=11380ms>800ms (NUAGE)[0m
[ALPHA_X13_BURST13] mode=OFF radar_adj=0 mom= conf=0
[ALPHA_X13_BURST13] [1;36m09:00:23[0m [1;32mx13[0m [1;36m#16[0m SKIP tension=[1;36m0.00178469[0m [0m| momentum_too_small [1;31mconf=0.0029[0m
[ALPHA_X13_BURST13] mode=OFF radar_adj=0 mom= conf=0
[BETA_X5] [1;36mentry=09:00:17@64079.90000000[0m [1;33mx5[0m [1;36m#66[0m [1;33mSELL[0m tension=[1;32m1.36496283[0m hold=[1;36m8[0ms sec=[1;36m8[0m [0m| exit=64079.90000000 [1;32mconf=0.9746[0m [1;36mexit_time=09:00:26[0m [1;33mpnl=-0.00000000 bps=-0.00000000 pct=-0.00000000% total=1.26402[0m
[BETA_X5] mode=OFF radar_adj=0 mom= conf=0
[ALPHA_X13_BURST13] [1;36m09:00:32[0m [1;32mx13[0m [1;36m#17[0m SKIP tension=[1;32m1.12927794[0m [0m| duo no_trigger
[ALPHA_X13_BURST13] mode=OFF radar_adj=0 mom= conf=0
[BETA_X5] [1;36m09:00:35[0m [1;33mx5[0m [1;36m#67[0m SKIP tension=[1;36m0.00001598[0m [0m| momentum_too_small [1;31mconf=0.0[0m
[BETA_X5] mode=OFF radar_adj=0 mom= conf=0
[ALPHA_X13_BURST13] [1;36m09:00:40[0m [1;32mx13[0m [1;36m#18[0m SKIP tension=[1;36m0.00806434[0m [0m| direction_unclear [1;31mconf=0.0101[0m
[ALPHA_X13_BURST13] mode=OFF radar_adj=0 mom= conf=0
[BETA_X5] [1;36m09:00:42[0m [1;33mx5[0m [1;36m#68[0m SKIP tension=[1;36m0.00002827[0m [0m| momentum_too_small [1;31mconf=0.0[0m
[ALPHA_X13_BURST13] [1;36m09:00:47[0m [1;32mx13[0m [1;36m#19[0m SKIP tension=[1;36m0.00000000[0m [0m| momentum_too_small [1;31mconf=0.2155[0m
[BETA_X5] mode=OFF radar_adj=0 mom= conf=0
[ALPHA_X13_BURST13] mode=OFF radar_adj=0 mom= conf=0
[BETA_X5] [1;36m09:00:55[0m [1;33mx5[0m [1;36m#69[0m SKIP tension=[1;36m0.00002352[0m [0m| momentum_too_small [1;31mconf=0.0[0m
[ALPHA_X13_BURST13] [1;36m09:00:55[0m [1;32mx13[0m [1;36m#20[0m SKIP tension=[1;36m0.00001314[0m [0m| momentum_too_small [1;31mconf=0.0[0m
[BETA_X5] mode=OFF radar_adj=0 mom= conf=0
[ALPHA_X13_BURST13] mode=OFF radar_adj=0 mom= conf=0
[ALPHA_X13_BURST13] [1;36m09:01:08[0m [1;32mx13[0m [1;36m#21[0m SKIP tension=[1;31m15.00277786[0m [0m| spread_too_wide [1;33mconf=0.5[0m
[ALPHA_X13_BURST13] mode=OFF radar_adj=0 mom= conf=0
[ALPHA_X13_BURST13] [1;36m09:01:16[0m [1;32mx13[0m [1;36m#22[0m SKIP tension=[1;36m0.00000000[0m [0m| spread_too_wide [1;31mconf=0.0[0m
[ALPHA_X13_BURST13] mode=OFF radar_adj=0 mom= conf=0
[BETA_X5] [1;36mCycle 70[0m [1;32mSOFT anomaly[0m [1;33m| pnl_abs=0.08208000 > 0.02500000[0m
[BETA_X5] [1;36mentry=09:01:10@64096.60000000[0m [1;33mx5[0m [1;36m#70[0m [1;32mSELL[0m tension=[1;31m15.00272061[0m hold=[1;36m9[0ms sec=[1;36m9[0m [0m| exit=64081.40000000 [1;33mconf=0.7018[0m [1;36mexit_time=09:01:19[0m [1;32mpnl=0.08208000 bps=2.37142064 pct=0.02371421% total=1.3460999999999999[0m
[BETA_X5] mode=OFF radar_adj=0 mom= conf=0
[ALPHA_X13_BURST13] [1;36m09:01:24[0m [1;32mx13[0m [1;36m#23[0m SKIP tension=[1;36m0.00000000[0m [0m| spread_too_wide [1;31mconf=0.0[0m
[ALPHA_X13_BURST13] mode=OFF radar_adj=0 mom= conf=0
[BETA_X5] [1;36m09:01:29[0m [1;33mx5[0m [1;36m#71[0m SKIP tension=[1;36m0.38605172[0m [0m| spread_too_wide [1;31mconf=0.3217[0m
[BETA_X5] mode=OFF radar_adj=0 mom= conf=0
[ALPHA_X13_BURST13] [1;36m09:01:32[0m [1;32mx13[0m [1;36m#24[0m SKIP tension=[1;36m0.00004272[0m [0m| spread_too_wide [1;31mconf=0.0[0m
[ALPHA_X13_BURST13] mode=OFF radar_adj=0 mom= conf=0
[BETA_X5] [1;36m09:01:36[0m [1;33mx5[0m [1;36m#72[0m SKIP tension=[1;36m0.00003357[0m [0m| spread_too_wide [1;31mconf=0.0[0m
[BETA_X5] mode=OFF radar_adj=0 mom= conf=0
[ALPHA_X13_BURST13] [1;36m09:01:40[0m [1;32mx13[0m [1;36m#25[0m SKIP tension=[1;36m0.00000000[0m [0m| momentum_too_small [1;31mconf=0.2122[0m
[ALPHA_X13_BURST13] mode=OFF radar_adj=0 mom= conf=0
[BETA_X5] [1;36m09:01:44[0m [1;33mx5[0m [1;36m#73[0m SKIP tension=[1;36m0.00000000[0m [0m| spread_too_wide [1;31mconf=0.0[0m
[BETA_X5] mode=OFF radar_adj=0 mom= conf=0
[ALPHA_X13_BURST13] [1;36m09:01:48[0m [1;32mx13[0m [1;36m#26[0m SKIP tension=[1;36m0.00045344[0m [0m| spread_too_wide [1;31mconf=0.0004[0m
[ALPHA_X13_BURST13] mode=OFF radar_adj=0 mom= conf=0
[BETA_X5] [1;36m09:01:53[0m [1;33mx5[0m [1;36m#74[0m SKIP tension=[1;36m0.00793598[0m [0m| momentum_too_small [1;31mconf=0.0075[0m
[BETA_X5] mode=OFF radar_adj=0 mom= conf=0
[ALPHA_X13_BURST13] [1;36m09:01:58[0m [1;32mx13[0m [1;36m#27[0m SKIP tension=[1;36m0.00000000[0m [0m| momentum_too_small [1;31mconf=0.2504[0m
[BETA_X5] [1;36m09:02:00[0m [1;33mx5[0m [1;36m#75[0m SKIP tension=[1;36m0.40183221[0m [0m| wall_not_collapsed
[ALPHA_X13_BURST13] mode=OFF radar_adj=0 mom= conf=0
[BETA_X5] mode=OFF radar_adj=0 mom= conf=0
[ALPHA_X13_BURST13] [1;36m09:02:07[0m [1;32mx13[0m [1;36m#28[0m SKIP tension=[1;36m0.01681420[0m [0m| direction_unclear [1;31mconf=0.0173[0m
[BETA_X5] [1;36m09:02:08[0m [1;33mx5[0m [1;36m#76[0m SKIP tension=[1;36m0.00208853[0m [0m| momentum_too_small [1;31mconf=0.0028[0m
[ALPHA_X13_BURST13] mode=OFF radar_adj=0 mom= conf=0
[BETA_X5] mode=OFF radar_adj=0 mom= conf=0
[ALPHA_X13_BURST13] [1;36m09:02:15[0m [1;32mx13[0m [1;36m#29[0m SKIP tension=[1;36m0.00005151[0m [0m| spread_too_wide [1;31mconf=0.0[0m
[BETA_X5] [1;36m09:02:16[0m [1;33mx5[0m [1;36m#77[0m SKIP tension=[1;36m0.00000000[0m [0m| momentum_too_small [1;31mconf=0.2695[0m
[ALPHA_X13_BURST13] mode=OFF radar_adj=0 mom= conf=0
[BETA_X5] mode=OFF radar_adj=0 mom= conf=0
[ALPHA_X13_BURST13] [1;36m09:02:23[0m [1;32mx13[0m [1;36m#30[0m SKIP tension=[1;36m0.00000000[0m [0m| momentum_too_small [1;31mconf=0.2927[0m
[BETA_X5] [1;36m09:02:24[0m [1;33mx5[0m [1;36m#78[0m SKIP tension=[1;36m0.00044651[0m [0m| momentum_too_small [1;31mconf=0.0007[0m
[ALPHA_X13_BURST13] mode=OFF radar_adj=0 mom= conf=0
[BETA_X5] mode=OFF radar_adj=0 mom= conf=0
[ALPHA_X13_BURST13] [1;36m09:02:32[0m [1;32mx13[0m [1;36m#31[0m SKIP tension=[1;36m0.39565398[0m [0m| wall_not_collapsed
[BETA_X5] [1;36m09:02:32[0m [1;33mx5[0m [1;36m#79[0m SKIP tension=[1;36m0.78340799[0m [0m| wall_not_collapsed
[ALPHA_X13_BURST13] mode=OFF radar_adj=0 mom= conf=0
[BETA_X5] mode=OFF radar_adj=0 mom= conf=0
[BETA_X5] [1;36m09:02:40[0m [1;33mx5[0m [1;36m#80[0m SKIP tension=[1;36m0.01642239[0m [0m| direction_unclear [1;31mconf=0.0271[0m
[ALPHA_X13_BURST13] [1;36m09:02:41[0m [1;32mx13[0m [1;36m#32[0m SKIP tension=[1;36m0.01637990[0m [0m| direction_unclear [1;31mconf=0.013[0m
[BETA_X5] mode=OFF radar_adj=0 mom= conf=0
[ALPHA_X13_BURST13] mode=OFF radar_adj=0 mom= conf=0
[BETA_X5] [1;36m09:02:48[0m [1;33mx5[0m [1;36m#81[0m SKIP tension=[1;36m0.00002127[0m [0m| momentum_too_small [1;31mconf=0.0[0m
[ALPHA_X13_BURST13] [1;36m09:02:49[0m [1;32mx13[0m [1;36m#33[0m SKIP tension=[1;36m0.00000000[0m [0m| momentum_too_small [1;31mconf=0.3425[0m
[BETA_X5] mode=OFF radar_adj=0 mom= conf=0
[ALPHA_X13_BURST13] mode=OFF radar_adj=0 mom= conf=0
[BETA_X5] [1;36m09:02:56[0m [1;33mx5[0m [1;36m#82[0m SKIP tension=[1;36m0.00000000[0m [0m| momentum_too_small [1;31mconf=0.2667[0m
[ALPHA_X13_BURST13] [1;36m09:02:57[0m [1;32mx13[0m [1;36m#34[0m SKIP tension=[1;36m0.00002976[0m [0m| momentum_too_small [1;31mconf=0.0[0m
[BETA_X5] mode=OFF radar_adj=0 mom= conf=0
[ALPHA_X13_BURST13] mode=OFF radar_adj=0 mom= conf=0
[BETA_X5] [1;36m09:03:04[0m [1;33mx5[0m [1;36m#83[0m SKIP tension=[1;36m0.38602282[0m [0m| wall_not_collapsed
[ALPHA_X13_BURST13] [1;36m09:03:06[0m [1;32mx13[0m [1;36m#35[0m SKIP tension=[1;36m0.00000000[0m [0m| momentum_too_small [1;31mconf=0.2033[0m
[BETA_X5] mode=OFF radar_adj=0 mom= conf=0
[ALPHA_X13_BURST13] mode=OFF radar_adj=0 mom= conf=0
[BETA_X5] [1;36m09:03:12[0m [1;33mx5[0m [1;36m#84[0m SKIP tension=[1;36m0.00000000[0m [0m| momentum_too_small [1;31mconf=0.2763[0m
[ALPHA_X13_BURST13] [1;36m09:03:14[0m [1;32mx13[0m [1;36m#36[0m SKIP tension=[1;36m0.00002245[0m [0m| momentum_too_small [1;31mconf=0.0[0m
[BETA_X5] mode=OFF radar_adj=0 mom= conf=0
[ALPHA_X13_BURST13] mode=OFF radar_adj=0 mom= conf=0
[ALPHA_X13_BURST13] [1;36m09:03:23[0m [1;32mx13[0m [1;36m#37[0m SKIP tension=[1;36m0.00006110[0m [0m| momentum_too_small [1;31mconf=0.0001[0m
[ALPHA_X13_BURST13] mode=OFF radar_adj=0 mom= conf=0
[ALPHA_X13_BURST13] [1;36m09:03:31[0m [1;32mx13[0m [1;36m#38[0m SKIP tension=[1;36m0.00000000[0m [0m| momentum_too_small [1;31mconf=0.1828[0m
[BETA_X5] [1;36mentry=09:03:25@64101.20000000[0m [1;33mx5[0m [1;36m#85[0m [1;33mSELL[0m tension=[1;31m5.64840509[0m hold=[1;36m6[0ms sec=[1;36m6[0m [0m| exit=64101.20000000 [1;33mconf=0.7894[0m [1;36mexit_time=09:03:31[0m [1;33mpnl=-0.00000000 bps=-0.00000000 pct=-0.00000000% total=1.3460999999999999[0m
[ALPHA_X13_BURST13] mode=OFF radar_adj=0 mom= conf=0
[BETA_X5] mode=OFF radar_adj=0 mom= conf=0
[ALPHA_X13_BURST13] [1;36m09:03:43[0m [1;32mx13[0m [1;36m#39[0m SKIP tension=[1;36m0.00028657[0m [0m| momentum_too_small [1;31mconf=0.0002[0m
[BETA_X5] [1;36m09:03:48[0m [1;33mx5[0m [1;36m#86[0m SKIP tension=[1;36m0.00528782[0m [0m| momentum_too_small [1;31mconf=0.0087[0m
[ALPHA_X13_BURST13] mode=OFF radar_adj=0 mom= conf=0
[BETA_X5] mode=OFF radar_adj=0 mom= conf=0
[ALPHA_X13_BURST13] [1;36m09:03:59[0m [1;32mx13[0m [1;36m#40[0m SKIP tension=[1;32m1.43473236[0m [0m| duo no_trigger
[ALPHA_X13_BURST13] mode=OFF radar_adj=0 mom= conf=0
[BETA_X5] shockwave beta->alpha until_cycle=97
[BETA_X5] [1;33mSWARM shockwave[0m [0m| beta -> neighbor (shock_inversion_stop)[0m
[BETA_X5] [1;36mCycle 87[0m [1;32mSOFT anomaly[0m [1;33m| pnl_abs=0.36036000 > 0.02500000[0m
[ALPHA_X13_BURST13] [1;36m09:04:13[0m [1;32mx13[0m [1;36m#41[0m SKIP tension=[1;36m0.65443583[0m [0m| spread_too_wide [1;33mconf=0.5[0m
[BETA_X5] [1;36mentry=09:04:04@64080.50000000[0m [1;33mx5[0m [1;36m#87[0m [1;31mSELL[0m tension=[1;31m2.28691437[0m hold=[1;36m7[0ms sec=[1;36m7[0m [0m| exit=64127.30000000 [1;32mconf=0.9629[0m [1;36mexit_time=09:04:12[0m [1;31mpnl=-0.36036000 bps=-7.30331380 pct=-0.07303314% total=0.9857399999999998[0m
[ALPHA_X13_BURST13] mode=OFF radar_adj=0 mom= conf=0
[BETA_X5] mode=OFF radar_adj=0 mom= conf=0
[BETA_X5] [1;36m09:04:23[0m [1;33mx5[0m [1;36m#88[0m SKIP tension=[1;32m1.28015533[0m [0m| spread_too_wide [1;33mconf=0.5[0m
[ALPHA_X13_BURST13] [1;36m09:04:23[0m [1;32mx13[0m [1;36m#42[0m SKIP tension=[1;32m1.28015533[0m [0m| spread_too_wide [1;33mconf=0.5[0m
[BETA_X5] mode=OFF radar_adj=0 mom= conf=0
[ALPHA_X13_BURST13] mode=OFF radar_adj=0 mom= conf=0
[BETA_X5] [1;36m09:04:32[0m [1;33mx5[0m [1;36m#89[0m SKIP tension=[1;36m0.45274562[0m [0m| wall_not_collapsed
[ALPHA_X13_BURST13] [1;36m09:04:32[0m [1;32mx13[0m [1;36m#43[0m SKIP tension=[1;36m0.00001094[0m [0m| momentum_too_small [1;31mconf=0.0[0m
[BETA_X5] mode=OFF radar_adj=0 mom= conf=0
[ALPHA_X13_BURST13] mode=OFF radar_adj=0 mom= conf=0
[BETA_X5] [1;36m09:04:40[0m [1;33mx5[0m [1;36m#90[0m SKIP tension=[1;36m0.00004210[0m [0m| spread_too_wide [1;31mconf=0.0[0m
[ALPHA_X13_BURST13] [1;36m09:04:40[0m [1;32mx13[0m [1;36m#44[0m SKIP tension=[1;36m0.00004210[0m [0m| momentum_too_small [1;31mconf=0.0[0m
[BETA_X5] mode=OFF radar_adj=0 mom= conf=0
[ALPHA_X13_BURST13] mode=OFF radar_adj=0 mom= conf=0
[BETA_X5] [1;36m09:04:48[0m [1;33mx5[0m [1;36m#91[0m SKIP tension=[1;36m0.00000000[0m [0m| spread_too_wide [1;31mconf=0.0[0m
[ALPHA_X13_BURST13] [1;36m09:04:49[0m [1;32mx13[0m [1;36m#45[0m SKIP tension=[1;36m0.00000000[0m [0m| spread_too_wide [1;31mconf=0.0[0m
[BETA_X5] mode=OFF radar_adj=0 mom= conf=0
[ALPHA_X13_BURST13] mode=OFF radar_adj=0 mom= conf=0
[ALPHA_X13_BURST13] [1;36m09:04:58[0m [1;32mx13[0m [1;36m#46[0m SKIP tension=[1;36m0.77615482[0m [0m| wall_not_collapsed
[ALPHA_X13_BURST13] mode=OFF radar_adj=0 mom= conf=0
[ALPHA_X13_BURST13] [1;36m09:05:12[0m [1;32mx13[0m [1;36m#47[0m SKIP tension=[1;36m0.49218068[0m [0m| wall_not_collapsed
[BETA_X5] shockwave beta->alpha until_cycle=102
[BETA_X5] [1;33mSWARM shockwave[0m [0m| beta -> neighbor (fluid_exit_inversion)[0m
[BETA_X5] [1;36mCycle 92[0m [1;32mSOFT anomaly[0m [1;33m| pnl_abs=0.30510000 > 0.02500000[0m
[BETA_X5] [1;36mentry=09:05:00@64076.70000000[0m [1;33mx5[0m [1;36m#92[0m [1;31mSELL[0m tension=[1;31m4.19382495[0m hold=[1;36m18[0ms sec=[1;36m18[0m [0m| exit=64133.20000000 [1;32mconf=0.8324[0m [1;36mexit_time=09:05:18[0m [1;31mpnl=-0.30510000 bps=-8.81755771 pct=-0.08817558% total=0.6806399999999999[0m
[ALPHA_X13_BURST13] mode=OFF radar_adj=0 mom= conf=0
[BETA_X5] mode=OFF radar_adj=0 mom= conf=0
[ALPHA_X13_BURST13] [1;36m09:05:27[0m [1;32mx13[0m [1;36m#48[0m SKIP [1;33m| tension_stale age=4419ms>800ms (NUAGE)[0m
[BETA_X5] [1;36m09:05:28[0m [1;33mx5[0m [1;36m#93[0m SKIP tension=[1;36m0.00004458[0m [0m| momentum_too_small [1;31mconf=0.0001[0m
[ALPHA_X13_BURST13] mode=OFF radar_adj=0 mom= conf=0
[BETA_X5] mode=OFF radar_adj=0 mom= conf=0
[ALPHA_X13_BURST13] [1;36m09:05:36[0m [1;32mx13[0m [1;36m#49[0m SKIP tension=[1;36m0.00000000[0m [0m| momentum_too_small [1;31mconf=0.3493[0m
[BETA_X5] [1;36m09:05:37[0m [1;33mx5[0m [1;36m#94[0m SKIP tension=[1;33m0.97679993[0m [0m| wall_not_collapsed
[ALPHA_X13_BURST13] mode=OFF radar_adj=0 mom= conf=0
[BETA_X5] mode=OFF radar_adj=0 mom= conf=0
[ALPHA_X13_BURST13] [1;36m09:05:45[0m [1;32mx13[0m [1;36m#50[0m SKIP tension=[1;36m0.55841947[0m [0m| wall_not_collapsed
[BETA_X5] [1;36m09:05:46[0m [1;33mx5[0m [1;36m#95[0m SKIP tension=[1;36m0.34719750[0m [0m| wall_not_collapsed
[ALPHA_X13_BURST13] mode=OFF radar_adj=0 mom= conf=0
[BETA_X5] mode=OFF radar_adj=0 mom= conf=0
[ALPHA_X13_BURST13] [1;36m09:05:54[0m [1;32mx13[0m [1;36m#51[0m SKIP tension=[1;36m0.00009791[0m [0m| momentum_too_small [1;31mconf=0.0001[0m
[BETA_X5] [1;36m09:05:55[0m [1;33mx5[0m [1;36m#96[0m SKIP tension=[1;36m0.00266758[0m [0m| momentum_too_small [1;31mconf=0.004[0m
[ALPHA_X13_BURST13] mode=OFF radar_adj=0 mom= conf=0
[BETA_X5] mode=OFF radar_adj=0 mom= conf=0
[ALPHA_X13_BURST13] [1;36m09:06:03[0m [1;32mx13[0m [1;36m#52[0m SKIP [1;33m| tension_stale age=6943ms>800ms (NUAGE)[0m
[BETA_X5] [1;36m09:06:04[0m [1;33mx5[0m [1;36m#97[0m SKIP tension=[1;36m0.00000000[0m [0m| momentum_too_small [1;31mconf=0.3029[0m
[ALPHA_X13_BURST13] mode=OFF radar_adj=0 mom= conf=0
[BETA_X5] mode=OFF radar_adj=0 mom= conf=0
[ALPHA_X13_BURST13] [1;36m09:06:13[0m [1;32mx13[0m [1;36m#53[0m SKIP [1;33m| tension_stale age=7796ms>800ms (NUAGE)[0m
[ALPHA_X13_BURST13] mode=OFF radar_adj=0 mom= conf=0
[ALPHA_X13_BURST13] [1;36m09:06:28[0m [1;32mx13[0m [1;36m#54[0m SKIP tension=[1;36m0.00000000[0m [0m| momentum_too_small [1;31mconf=0.2831[0m
[ALPHA_X13_BURST13] mode=OFF radar_adj=0 mom= conf=0
[BETA_X5] shockwave beta->alpha until_cycle=108
[BETA_X5] [1;33mSWARM shockwave[0m [0m| beta -> neighbor (shock_inversion_stop)[0m
[BETA_X5] [1;36mCycle 98[0m [1;32mSOFT anomaly[0m [1;33m| pnl_abs=0.03040000 > 0.02500000[0m
[BETA_X5] [1;36mentry=09:06:20@64119.30000000[0m [1;33mx5[0m [1;36m#98[0m [1;31mSELL[0m tension=[1;32m1.40558010[0m hold=[1;36m14[0ms sec=[1;36m14[0m [0m| exit=64123.30000000 [1;32mconf=0.9055[0m [1;36mexit_time=09:06:34[0m [1;31mpnl=-0.03040000 bps=-0.62383713 pct=-0.00623837% total=0.6502399999999999[0m
[BETA_X5] mode=OFF radar_adj=0 mom= conf=0
[ALPHA_X13_BURST13] [1;36m09:06:43[0m [1;32mx13[0m [1;36m#55[0m SKIP tension=[1;36m0.00163822[0m [0m| momentum_too_small [1;31mconf=0.0022[0m
[BETA_X5] [1;36m09:06:44[0m [1;33mx5[0m [1;36m#99[0m SKIP tension=[1;36m0.00003691[0m [0m| momentum_too_small [1;31mconf=0.0001[0m
[ALPHA_X13_BURST13] mode=OFF radar_adj=0 mom= conf=0
[BETA_X5] mode=OFF radar_adj=0 mom= conf=0
[ALPHA_X13_BURST13] [1;36m09:06:52[0m [1;32mx13[0m [1;36m#56[0m SKIP [1;33m| tension_stale age=5792ms>800ms (NUAGE)[0m
[BETA_X5] [1;36m09:06:54[0m [1;33mx5[0m [1;36m#100[0m SKIP tension=[1;36m0.00000000[0m [0m| momentum_too_small [1;31mconf=0.3162[0m
[ALPHA_X13_BURST13] mode=OFF radar_adj=0 mom= conf=0
[BETA_X5] mode=OFF radar_adj=0 mom= conf=0
[ALPHA_X13_BURST13] [1;36m09:07:00[0m [1;32mx13[0m [1;36m#57[0m SKIP tension=[1;36m0.21807672[0m [0m| wall_not_collapsed
[BETA_X5] [1;36m09:07:01[0m [1;33mx5[0m [1;36m#101[0m SKIP tension=[1;36m0.28623894[0m [0m| wall_not_collapsed
[ALPHA_X13_BURST13] mode=OFF radar_adj=0 mom= conf=0
[BETA_X5] mode=OFF radar_adj=0 mom= conf=0
[BETA_X5] [1;36m09:07:09[0m [1;33mx5[0m [1;36m#102[0m SKIP tension=[1;36m0.00000000[0m [0m| momentum_too_small [1;31mconf=0.3162[0m
[BETA_X5] mode=OFF radar_adj=0 mom= conf=0
[BETA_X5] [1;36m09:07:18[0m [1;33mx5[0m [1;36m#103[0m SKIP tension=[1;36m0.00000000[0m [0m| momentum_too_small [1;31mconf=0.2913[0m
[BETA_X5] mode=OFF radar_adj=0 mom= conf=0
[ALPHA_X13_BURST13] shockwave alpha->beta until_cycle=68
[ALPHA_X13_BURST13] [1;33mSWARM shockwave[0m [0m| alpha -> neighbor (shock_inversion_stop)[0m
[BETA_X5] [1;36m09:07:27[0m [1;33mx5[0m [1;36m#104[0m SKIP tension=[1;36m0.45195527[0m [0m| wall_not_collapsed
[ALPHA_X13_BURST13] [1;36mCycle 58[0m [1;32mSOFT anomaly[0m [1;33m| pnl_abs=0.88768000 > 0.02500000[0m
[ALPHA_X13_BURST13] [1;36mentry=09:07:19@64123.30000000[0m [1;32mx13[0m [1;36m#58[0m [1;31mBUY[0m tension=[1;32m1.17271767[0m hold=[1;36m8[0ms sec=[1;36m8[0m [0m| exit=64116.00000000 [1;32mconf=0.807[0m [1;36mexit_time=09:07:27[0m [1;31mpnl=-0.88768000 bps=-1.13843174 pct=-0.01138432% total=-0.2374400000000001[0m
[BETA_X5] mode=OFF radar_adj=0 mom= conf=0
[ALPHA_X13_BURST13] mode=OFF radar_adj=0 mom= conf=0
[ALPHA_X13_BURST13] [1;36m09:07:38[0m [1;32mx13[0m [1;36m#59[0m SKIP tension=[1;36m0.00000000[0m [0m| momentum_too_small [1;31mconf=0.335[0m
[BETA_X5] [1;36m--- ACE777 STRICT CLONE FUTURES TESTNET ---[0m
[BETA_X5] [1;32mV8 Resonance ON:[0m [1;36mimpulse_thr=0.96 dt_ms=128 aspiration=1.618@37.8deg void_lock=TRUE shock_exit=TRUE[0m
[BETA_X5] [1;32mV8 Tension ON:[0m [1;36mwall_drop=6.5% dt_ms=128 filter=0.85 depth=20[0m
[BETA_X5] [1;36mSymbol=BTCUSDT[0m [1;32mLeverage=5[0m [1;36mBuyUSDT=200 Orders=TRUE[0m
[ALPHA_X13_BURST13] [1;36m--- ACE777 STRICT CLONE FUTURES TESTNET ---[0m
[ALPHA_X13_BURST13] [1;36mLeverage ramp ON:[0m [1;36mstart=5 end=13 cycles=180[0m
[ALPHA_X13_BURST13] [1;32mRUN_STATE checkpoint restored:[0m [1;36mtier=x5 start_ts=2026-07-16T10:20:06Z[0m
[ALPHA_X13_BURST13] [1;32mV8 Resonance ON:[0m [1;36mimpulse_thr=0.96 dt_ms=128 aspiration=1.618@37.8deg void_lock=TRUE shock_exit=TRUE[0m
[ALPHA_X13_BURST13] [1;32mV8 Tension ON:[0m [1;36mwall_drop=6.5% dt_ms=128 filter=0.85 depth=20[0m
[ALPHA_X13_BURST13] [1;36mSymbol=BTCUSDT[0m [1;32mLeverage=5[0m [1;36mBuyUSDT=800 Orders=TRUE[0m
[BETA_X5] mode=OFF radar_adj=0 mom= conf=0
[BETA_X5] [1;36m10:20:16[0m [1;33mx5[0m [1;36m#1[0m SKIP tension=[1;36m0.36086651[0m [0m| wall_not_collapsed
[BETA_X5] mode=OFF radar_adj=0 mom= conf=0
[BETA_X5] [1;36m10:20:24[0m [1;33mx5[0m [1;36m#2[0m SKIP tension=[1;36m0.00098240[0m [0m| momentum_too_small [1;31mconf=0.0016[0m
[BETA_X5] mode=OFF radar_adj=0 mom= conf=0
[ALPHA_X13_BURST13] [BARRIER_TIMEOUT] BETA en retard, ouverture forcée de la barrière au cycle 1
[ALPHA_X13_BURST13] mode=OFF radar_adj=0 mom= conf=0
[BETA_X5] [1;36m10:20:31[0m [1;33mx5[0m [1;36m#3[0m SKIP tension=[1;36m0.47922599[0m [0m| wall_not_collapsed
[ALPHA_X13_BURST13] [1;36m10:20:34[0m [1;33mx5[0m [1;36m#1[0m SKIP tension=[1;36m0.00419929[0m [0m| momentum_too_small [1;31mconf=0.007[0m
[BETA_X5] mode=OFF radar_adj=0 mom= conf=0
[BETA_X5] [1;36m10:20:39[0m [1;33mx5[0m [1;36m#4[0m SKIP tension=[1;36m0.00285932[0m [0m| momentum_too_small [1;31mconf=0.0047[0m
[BETA_X5] mode=OFF radar_adj=0 mom= conf=0
[BETA_X5] [1;36m10:20:46[0m [1;33mx5[0m [1;36m#5[0m SKIP tension=[1;36m0.50816811[0m [0m| wall_not_collapsed
[BETA_X5] mode=OFF radar_adj=0 mom= conf=0
[ALPHA_X13_BURST13] [BARRIER_TIMEOUT] BETA en retard, ouverture forcée de la barrière au cycle 2
[ALPHA_X13_BURST13] mode=OFF radar_adj=0 mom= conf=0
[ALPHA_X13_BURST13] [1;36m10:20:59[0m [1;33mx5[0m [1;36m#2[0m SKIP tension=[1;36m0.00000000[0m [0m| momentum_too_small [1;31mconf=0.3497[0m
[BETA_X5] [1;36mentry=10:21:00@64192.60000000[0m [1;33mx5[0m [1;36m#6[0m [1;33mSELL[0m tension=[1;32m1.37161660[0m hold=[1;36m6[0ms sec=[1;36m6[0m [0m| exit=64192.60000000 [1;32mconf=0.999[0m [1;36mexit_time=10:21:06[0m [1;33mpnl=-0.00000000 bps=-0.00000000 pct=-0.00000000% total=0.0[0m
[BETA_X5] mode=OFF radar_adj=0 mom= conf=0
[BETA_X5] [1;36m10:21:16[0m [1;33mx5[0m [1;36m#7[0m SKIP tension=[1;36m0.00285851[0m [0m| momentum_too_small [1;31mconf=0.0047[0m
[ALPHA_X13_BURST13] [BARRIER_TIMEOUT] BETA en retard, ouverture forcée de la barrière au cycle 3
[ALPHA_X13_BURST13] mode=OFF radar_adj=0 mom= conf=0
[BETA_X5] mode=OFF radar_adj=0 mom= conf=0
[ALPHA_X13_BURST13] [1;36m10:21:25[0m [1;33mx5[0m [1;36m#3[0m SKIP tension=[1;36m0.00000000[0m [0m| momentum_too_small [1;31mconf=0.3398[0m
[BETA_X5] [1;36m10:21:29[0m [1;33mx5[0m [1;36m#8[0m SKIP tension=[1;36m0.00007287[0m [0m| momentum_too_small [1;31mconf=0.0001[0m
[BETA_X5] mode=OFF radar_adj=0 mom= conf=0
[ALPHA_X13_BURST13] [BARRIER_TIMEOUT] BETA en retard, ouverture forcée de la barrière au cycle 4
[BETA_X5] [1;36m10:21:44[0m [1;33mx5[0m [1;36m#9[0m SKIP tension=[1;36m0.14601276[0m [0m| direction_unclear [1;31mconf=0.2362[0m
[ALPHA_X13_BURST13] mode=OFF radar_adj=0 mom= conf=0
[BETA_X5] mode=OFF radar_adj=0 mom= conf=0
[ALPHA_X13_BURST13] [1;36m10:21:51[0m [1;33mx5[0m [1;36m#4[0m SKIP tension=[1;36m0.00471581[0m [0m| momentum_too_small [1;31mconf=0.0076[0m
[BETA_X5] [1;36m10:21:51[0m [1;33mx5[0m [1;36m#10[0m SKIP tension=[1;36m0.56030116[0m [0m| wall_not_collapsed
[BETA_X5] mode=OFF radar_adj=0 mom= conf=0
[BETA_X5] [1;36m10:21:59[0m [1;33mx5[0m [1;36m#11[0m SKIP tension=[1;36m0.00000480[0m [0m| momentum_too_small [1;31mconf=0.0[0m
[BETA_X5] mode=OFF radar_adj=0 mom= conf=0
[BETA_X5] [1;36m10:22:07[0m [1;33mx5[0m [1;36m#12[0m SKIP tension=[1;36m0.83889458[0m [0m| wall_not_collapsed
[ALPHA_X13_BURST13] [BARRIER_TIMEOUT] BETA en retard, ouverture forcée de la barrière au cycle 5
[BETA_X5] mode=OFF radar_adj=0 mom= conf=0
[ALPHA_X13_BURST13] mode=OFF radar_adj=0 mom= conf=0
[BETA_X5] [1;36m10:22:15[0m [1;33mx5[0m [1;36m#13[0m SKIP tension=[1;36m0.01112870[0m [0m| direction_unclear [1;31mconf=0.018[0m
[ALPHA_X13_BURST13] [1;36m10:22:17[0m [1;33mx5[0m [1;36m#5[0m SKIP tension=[1;31m2.65857016[0m [0m| duo no_trigger
[BETA_X5] mode=OFF radar_adj=0 mom= conf=0
[BETA_X5] [1;36m10:22:22[0m [1;33mx5[0m [1;36m#14[0m SKIP tension=[1;36m0.00300602[0m [0m| momentum_too_small [1;31mconf=0.0049[0m
[BETA_X5] mode=OFF radar_adj=0 mom= conf=0
[BETA_X5] [1;36m10:22:30[0m [1;33mx5[0m [1;36m#15[0m SKIP tension=[1;36m0.36594541[0m [0m| wall_not_collapsed
[ALPHA_X13_BURST13] [BARRIER_TIMEOUT] BETA en retard, ouverture forcée de la barrière au cycle 6
[ALPHA_X13_BURST13] mode=OFF radar_adj=0 mom= conf=0
[BETA_X5] mode=OFF radar_adj=0 mom= conf=0
[ALPHA_X13_BURST13] [1;36m10:22:41[0m [1;33mx5[0m [1;36m#6[0m SKIP tension=[1;36m0.00364424[0m [0m| momentum_too_small [1;31mconf=0.0059[0m
[BETA_X5] [1;36m10:22:44[0m [1;33mx5[0m [1;36m#16[0m SKIP tension=[1;36m0.38187040[0m [0m| wall_not_collapsed
[BETA_X5] mode=OFF radar_adj=0 mom= conf=0
[ALPHA_X13_BURST13] [BARRIER_TIMEOUT] BETA en retard, ouverture forcée de la barrière au cycle 7
[BETA_X5] [1;36mentry=10:22:53@64190.00000000[0m [1;33mx5[0m [1;36m#17[0m [1;33mSELL[0m tension=[1;31m2.12234791[0m hold=[1;36m6[0ms sec=[1;36m6[0m [0m| exit=64190.00000000 [1;32mconf=0.9698[0m [1;36mexit_time=10:22:59[0m [1;33mpnl=-0.00000000 bps=-0.00000000 pct=-0.00000000% total=0.0[0m
[ALPHA_X13_BURST13] mode=OFF radar_adj=0 mom= conf=0
[BETA_X5] mode=OFF radar_adj=0 mom= conf=0
[ALPHA_X13_BURST13] [1;36m10:23:07[0m [1;33mx5[0m [1;36m#7[0m SKIP tension=[1;32m1.75920082[0m [0m| duo no_trigger
[BETA_X5] [1;36m10:23:09[0m [1;33mx5[0m [1;36m#18[0m SKIP tension=[1;36m0.00004122[0m [0m| momentum_too_small [1;31mconf=0.0001[0m
[BETA_X5] mode=OFF radar_adj=0 mom= conf=0
[BETA_X5] [1;36m10:23:19[0m [1;33mx5[0m [1;36m#19[0m SKIP tension=[1;36m0.00000000[0m [0m| momentum_too_small [1;31mconf=0.2699[0m
[BETA_X5] mode=OFF radar_adj=0 mom= conf=0
[ALPHA_X13_BURST13] [BARRIER_TIMEOUT] BETA en retard, ouverture forcée de la barrière au cycle 8
[BETA_X5] [1;36m10:23:27[0m [1;33mx5[0m [1;36m#20[0m SKIP tension=[1;36m0.22432747[0m [0m| low_confidence [1;31mconf=0.2865[0m
[ALPHA_X13_BURST13] mode=OFF radar_adj=0 mom= conf=0
[BETA_X5] mode=OFF radar_adj=0 mom= conf=0
[ALPHA_X13_BURST13] [1;36m10:23:34[0m [1;33mx5[0m [1;36m#8[0m SKIP tension=[1;36m0.00000304[0m [0m| momentum_too_small [1;31mconf=0.0[0m
[BETA_X5] [1;36m10:23:36[0m [1;33mx5[0m [1;36m#21[0m SKIP tension=[1;36m0.00000000[0m [0m| momentum_too_small [1;31mconf=0.2457[0m
[BETA_X5] mode=OFF radar_adj=0 mom= conf=0
[BETA_X5] [1;36m10:23:44[0m [1;33mx5[0m [1;36m#22[0m SKIP tension=[1;36m0.48824900[0m [0m| wall_not_collapsed
[BETA_X5] mode=OFF radar_adj=0 mom= conf=0
[BETA_X5] [1;36m10:23:52[0m [1;33mx5[0m [1;36m#23[0m SKIP tension=[1;36m0.15513446[0m [0m| direction_unclear [1;31mconf=0.2583[0m
[ALPHA_X13_BURST13] [BARRIER_TIMEOUT] BETA en retard, ouverture forcée de la barrière au cycle 9
[ALPHA_X13_BURST13] mode=OFF radar_adj=0 mom= conf=0
[BETA_X5] mode=OFF radar_adj=0 mom= conf=0
[ALPHA_X13_BURST13] [1;36m10:24:00[0m [1;33mx5[0m [1;36m#9[0m SKIP tension=[1;36m0.42882812[0m [0m| wall_not_collapsed
[BETA_X5] [1;36m10:24:00[0m [1;33mx5[0m [1;36m#24[0m SKIP tension=[1;36m0.67774999[0m [0m| wall_not_collapsed
[BETA_X5] mode=OFF radar_adj=0 mom= conf=0
[BETA_X5] [1;36m10:24:08[0m [1;33mx5[0m [1;36m#25[0m SKIP tension=[1;36m0.14636182[0m [0m| direction_unclear [1;31mconf=0.2009[0m
[BETA_X5] mode=OFF radar_adj=0 mom= conf=0
[BETA_X5] [1;36m10:24:16[0m [1;33mx5[0m [1;36m#26[0m SKIP tension=[1;36m0.00083090[0m [0m| momentum_too_small [1;31mconf=0.0014[0m
[ALPHA_X13_BURST13] [BARRIER_TIMEOUT] BETA en retard, ouverture forcée de la barrière au cycle 10
[BETA_X5] mode=OFF radar_adj=0 mom= conf=0
[ALPHA_X13_BURST13] mode=OFF radar_adj=0 mom= conf=0
[BETA_X5] [1;36m10:24:24[0m [1;33mx5[0m [1;36m#27[0m SKIP tension=[1;36m0.00004003[0m [0m| momentum_too_small [1;31mconf=0.0001[0m
[ALPHA_X13_BURST13] [1;36m10:24:25[0m [1;33mx5[0m [1;36m#10[0m SKIP tension=[1;36m0.00000260[0m [0m| momentum_too_small [1;31mconf=0.0[0m
[BETA_X5] mode=OFF radar_adj=0 mom= conf=0
[BETA_X5] [1;36m10:24:32[0m [1;33mx5[0m [1;36m#28[0m SKIP tension=[1;36m0.02838140[0m [0m| direction_unclear [1;31mconf=0.0332[0m
[BETA_X5] mode=OFF radar_adj=0 mom= conf=0
[ALPHA_X13_BURST13] [BARRIER_TIMEOUT] BETA en retard, ouverture forcée de la barrière au cycle 11
[BETA_X5] [1;36mentry=10:24:42@64162.50000000[0m [1;33mx5[0m [1;36m#29[0m [1;33mSELL[0m tension=[1;32m1.09807778[0m hold=[1;36m6[0ms sec=[1;36m6[0m [0m| exit=64162.50000000 [1;33mconf=0.7021[0m [1;36mexit_time=10:24:48[0m [1;33mpnl=-0.00000000 bps=-0.00000000 pct=-0.00000000% total=0.0[0m
[ALPHA_X13_BURST13] mode=OFF radar_adj=0 mom= conf=0
[BETA_X5] mode=OFF radar_adj=0 mom= conf=0
[ALPHA_X13_BURST13] [1;36m10:24:56[0m [1;33mx5[0m [1;36m#11[0m SKIP tension=[1;36m0.00002837[0m [0m| momentum_too_small [1;31mconf=0.0[0m
[BETA_X5] [1;36m10:24:58[0m [1;33mx5[0m [1;36m#30[0m SKIP tension=[1;36m0.16754906[0m [0m| direction_unclear [1;31mconf=0.226[0m
[BETA_X5] mode=OFF radar_adj=0 mom= conf=0
[BETA_X5] [1;36m10:25:06[0m [1;33mx5[0m [1;36m#31[0m SKIP tension=[1;36m0.15642439[0m [0m| direction_unclear [1;31mconf=0.2406[0m
[BETA_X5] mode=OFF radar_adj=0 mom= conf=0
[BETA_X5] [1;36m10:25:15[0m [1;33mx5[0m [1;36m#32[0m SKIP tension=[1;36m0.50782150[0m [0m| wall_not_collapsed
[ALPHA_X13_BURST13] [BARRIER_TIMEOUT] BETA en retard, ouverture forcée de la barrière au cycle 12
[BETA_X5] mode=OFF radar_adj=0 mom= conf=0
[ALPHA_X13_BURST13] mode=OFF radar_adj=0 mom= conf=0
[ALPHA_X13_BURST13] [1;36m10:25:25[0m [1;33mx5[0m [1;36m#12[0m SKIP tension=[1;31m7.83683031[0m [0m| duo no_trigger
[BETA_X5] [1;36mentry=10:25:24@64168.10000000[0m [1;33mx5[0m [1;36m#33[0m [1;33mSELL[0m tension=[1;31m7.83678025[0m hold=[1;36m6[0ms sec=[1;36m6[0m [0m| exit=64168.10000000 [1;32mconf=0.999[0m [1;36mexit_time=10:25:30[0m [1;33mpnl=-0.00000000 bps=-0.00000000 pct=-0.00000000% total=0.0[0m
[BETA_X5] [1;31mSTOP file detected (STOP_BETA). Stopping safely at cycle 34.[0m
[BETA_X5] 
[BETA_X5] [1;32mDone.[0m
[BETA_X5] [1;36mLog: runs/NUAGE_PROD_720H_BETA_X5.csv[0m
[BETA_X5] [1;32mSuccessful order-cycles: 4[0m
[BETA_X5] [1;32mDernier cycle #34:[0m [1;33mpnl=-0.00000000 bps=-0.00000000 pct=-0.00000000%[0m
[ALPHA_X13_BURST13] [BARRIER_TIMEOUT] BETA en retard, ouverture forcée de la barrière au cycle 13
[ALPHA_X13_BURST13] [1;31mSTOP file detected (STOP_ALPHA). Stopping safely at cycle 13.[0m
[ALPHA_X13_BURST13] 
[ALPHA_X13_BURST13] [1;32mDone.[0m
[ALPHA_X13_BURST13] [1;36mLog: runs/NUAGE_PROD_720H_ALPHA_X13_BURST13.csv[0m
[ALPHA_X13_BURST13] [1;32mSuccessful order-cycles: 0[0m
[BETA_X5] [1;36m--- ACE777 STRICT CLONE FUTURES TESTNET ---[0m
[BETA_X5] [1;32mV8 Resonance ON:[0m [1;36mimpulse_thr=0.96 dt_ms=128 aspiration=1.618@37.8deg void_lock=TRUE shock_exit=TRUE[0m
[BETA_X5] [1;32mV8 Tension ON:[0m [1;36mwall_drop=6.5% dt_ms=128 filter=0.85 depth=20[0m
[BETA_X5] [1;36mSymbol=BTCUSDT[0m [1;32mLeverage=5[0m [1;36mBuyUSDT=200 Orders=TRUE[0m
[ALPHA_X13_BURST13] [1;36m--- ACE777 STRICT CLONE FUTURES TESTNET ---[0m
[ALPHA_X13_BURST13] [1;36mLeverage ramp ON:[0m [1;36mstart=5 end=13 cycles=180[0m
[ALPHA_X13_BURST13] [1;32mRUN_STATE checkpoint restored:[0m [1;36mtier=x5 start_ts=2026-07-16T10:28:38Z[0m
[ALPHA_X13_BURST13] [1;32mV8 Resonance ON:[0m [1;36mimpulse_thr=0.96 dt_ms=128 aspiration=1.618@37.8deg void_lock=TRUE shock_exit=TRUE[0m
[ALPHA_X13_BURST13] [1;32mV8 Tension ON:[0m [1;36mwall_drop=6.5% dt_ms=128 filter=0.85 depth=20[0m
[ALPHA_X13_BURST13] [1;36mSymbol=BTCUSDT[0m [1;32mLeverage=5[0m [1;36mBuyUSDT=800 Orders=TRUE[0m
[BETA_X5] mode=OFF radar_adj=0 mom= conf=0
[BETA_X5] [1;36m10:28:48[0m [1;33mx5[0m [1;36m#1[0m SKIP tension=[1;36m0.00020377[0m [0m| momentum_too_small [1;31mconf=0.0003[0m
[BETA_X5] mode=OFF radar_adj=0 mom= conf=0
[BETA_X5] [1;36m10:28:56[0m [1;33mx5[0m [1;36m#2[0m SKIP tension=[1;36m0.00000000[0m [0m| momentum_too_small [1;31mconf=0.3278[0m
[BETA_X5] mode=OFF radar_adj=0 mom= conf=0
[ALPHA_X13_BURST13] [BARRIER_TIMEOUT] BETA en retard, ouverture forcée de la barrière au cycle 1
[ALPHA_X13_BURST13] mode=OFF radar_adj=0 mom= conf=0
[BETA_X5] [1;36m10:29:04[0m [1;33mx5[0m [1;36m#3[0m SKIP tension=[1;36m0.00004714[0m [0m| momentum_too_small [1;31mconf=0.0001[0m
[BETA_X5] mode=OFF radar_adj=0 mom= conf=0
[ALPHA_X13_BURST13] [1;36m10:29:06[0m [1;33mx5[0m [1;36m#1[0m SKIP tension=[1;36m0.00026583[0m [0m| momentum_too_small [1;31mconf=0.0004[0m
[BETA_X5] [1;36m10:29:12[0m [1;33mx5[0m [1;36m#4[0m SKIP tension=[1;36m0.00022132[0m [0m| momentum_too_small [1;31mconf=0.0003[0m
[BETA_X5] mode=OFF radar_adj=0 mom= conf=0
[BETA_X5] [1;36m10:29:19[0m [1;33mx5[0m [1;36m#5[0m SKIP tension=[1;36m0.00004771[0m [0m| momentum_too_small [1;31mconf=0.0001[0m
[BETA_X5] mode=OFF radar_adj=0 mom= conf=0
[ALPHA_X13_BURST13] [BARRIER_TIMEOUT] BETA en retard, ouverture forcée de la barrière au cycle 2
[ALPHA_X13_BURST13] mode=OFF radar_adj=0 mom= conf=0
[BETA_X5] [1;36m10:29:27[0m [1;33mx5[0m [1;36m#6[0m SKIP tension=[1;36m0.00011601[0m [0m| momentum_too_small [1;31mconf=0.0002[0m
[BETA_X5] mode=OFF radar_adj=0 mom= conf=0
[ALPHA_X13_BURST13] [1;36m10:29:32[0m [1;33mx5[0m [1;36m#2[0m SKIP tension=[1;31m7.89933785[0m [0m| duo no_state
[BETA_X5] [1;36mCycle 7[0m [1;32mSOFT anomaly[0m [1;33m| pnl_abs=0.03565000 > 0.02500000[0m
[BETA_X5] [1;36mentry=10:29:36@64160.00000000[0m [1;33mx5[0m [1;36m#7[0m [1;31mSELL[0m tension=[1;31m10.14096912[0m hold=[1;36m9[0ms sec=[1;36m9[0m [0m| exit=64162.30000000 [1;32mconf=0.9211[0m [1;36mexit_time=10:29:45[0m [1;31mpnl=-0.03565000 bps=-0.35847880 pct=-0.00358479% total=-0.03565[0m
[ALPHA_X13_BURST13] [BARRIER_TIMEOUT] BETA en retard, ouverture forcée de la barrière au cycle 3
[BETA_X5] mode=OFF radar_adj=0 mom= conf=0
[ALPHA_X13_BURST13] mode=OFF radar_adj=0 mom= conf=0
[BETA_X5] [1;36m10:29:54[0m [1;33mx5[0m [1;36m#8[0m SKIP tension=[1;36m0.00015067[0m [0m| momentum_too_small [1;31mconf=0.0002[0m
[ALPHA_X13_BURST13] [1;36m10:29:56[0m [1;33mx5[0m [1;36m#3[0m SKIP tension=[1;36m0.00000000[0m [0m| momentum_too_small [1;31mconf=0.2805[0m
[BETA_X5] mode=OFF radar_adj=0 mom= conf=0
[BETA_X5] [1;36m10:30:02[0m [1;33mx5[0m [1;36m#9[0m SKIP tension=[1;36m0.31907767[0m [0m| wall_not_collapsed
[BETA_X5] mode=OFF radar_adj=0 mom= conf=0
[BETA_X5] [1;36m10:30:10[0m [1;33mx5[0m [1;36m#10[0m SKIP tension=[1;36m0.00038274[0m [0m| momentum_too_small [1;31mconf=0.0005[0m
[BETA_X5] mode=OFF radar_adj=0 mom= conf=0
[ALPHA_X13_BURST13] [BARRIER_TIMEOUT] BETA en retard, ouverture forcée de la barrière au cycle 4
[ALPHA_X13_BURST13] mode=OFF radar_adj=0 mom= conf=0
[BETA_X5] [1;36m10:30:17[0m [1;33mx5[0m [1;36m#11[0m SKIP tension=[1;36m0.63978043[0m [0m| wall_not_collapsed
[BETA_X5] mode=OFF radar_adj=0 mom= conf=0
[BETA_X5] [1;36m10:30:25[0m [1;33mx5[0m [1;36m#12[0m SKIP tension=[1;36m0.00005704[0m [0m| momentum_too_small [1;31mconf=0.0001[0m
[ALPHA_X13_BURST13] [1;36m10:30:26[0m [1;33mx5[0m [1;36m#4[0m SKIP tension=[1;36m0.00004869[0m [0m| momentum_too_small [1;31mconf=0.0001[0m
[BETA_X5] mode=OFF radar_adj=0 mom= conf=0
[BETA_X5] [1;36m10:30:33[0m [1;33mx5[0m [1;36m#13[0m SKIP tension=[1;36m0.00000000[0m [0m| momentum_too_small [1;31mconf=0.2352[0m
[BETA_X5] mode=OFF radar_adj=0 mom= conf=0
[BETA_X5] [1;36m10:30:43[0m [1;33mx5[0m [1;36m#14[0m SKIP tension=[1;36m0.00000000[0m [0m| momentum_too_small [1;31mconf=0.2352[0m
[ALPHA_X13_BURST13] [BARRIER_TIMEOUT] BETA en retard, ouverture forcée de la barrière au cycle 5
[ALPHA_X13_BURST13] mode=OFF radar_adj=0 mom= conf=0
[BETA_X5] mode=OFF radar_adj=0 mom= conf=0
[BETA_X5] [1;36m10:30:51[0m [1;33mx5[0m [1;36m#15[0m SKIP tension=[1;36m0.00000000[0m [0m| momentum_too_small [1;31mconf=0.2355[0m
[ALPHA_X13_BURST13] [1;36m10:30:51[0m [1;33mx5[0m [1;36m#5[0m SKIP tension=[1;36m0.00000000[0m [0m| momentum_too_small [1;31mconf=0.2355[0m
[BETA_X5] mode=OFF radar_adj=0 mom= conf=0
[BETA_X5] [1;36mentry=10:31:00@64193.70000000[0m [1;33mx5[0m [1;36m#16[0m [1;33mSELL[0m tension=[1;31m6.20654301[0m hold=[1;36m6[0ms sec=[1;36m6[0m [0m| exit=64193.70000000 [1;33mconf=0.7079[0m [1;36mexit_time=10:31:06[0m [1;33mpnl=-0.00000000 bps=-0.00000000 pct=-0.00000000% total=-0.03565[0m
[ALPHA_X13_BURST13] [BARRIER_TIMEOUT] BETA en retard, ouverture forcée de la barrière au cycle 6
[BETA_X5] mode=OFF radar_adj=0 mom= conf=0
[ALPHA_X13_BURST13] mode=OFF radar_adj=0 mom= conf=0
[ALPHA_X13_BURST13] [1;36m10:31:15[0m [1;33mx5[0m [1;36m#6[0m SKIP tension=[1;36m0.00007050[0m [0m| momentum_too_small [1;31mconf=0.0001[0m
[BETA_X5] [1;36m10:31:16[0m [1;33mx5[0m [1;36m#17[0m SKIP tension=[1;36m0.00007050[0m [0m| momentum_too_small [1;31mconf=0.0001[0m
[BETA_X5] mode=OFF radar_adj=0 mom= conf=0
[ALPHA_X13_BURST13] [BARRIER_TIMEOUT] BETA en retard, ouverture forcée de la barrière au cycle 7
[BETA_X5] [1;36mentry=10:31:26@64190.60000000[0m [1;33mx5[0m [1;36m#18[0m [1;31mSELL[0m tension=[1;31m6.59798597[0m hold=[1;36m6[0ms sec=[1;36m6[0m [0m| exit=64193.70000000 [1;33mconf=0.7663[0m [1;36mexit_time=10:31:32[0m [1;31mpnl=-0.02387000 bps=-0.48293675 pct=-0.00482937% total=-0.05952[0m
[ALPHA_X13_BURST13] mode=OFF radar_adj=0 mom= conf=0
[BETA_X5] mode=OFF radar_adj=0 mom= conf=0
[ALPHA_X13_BURST13] [1;36m10:31:41[0m [1;33mx5[0m [1;36m#7[0m SKIP tension=[1;36m0.00000000[0m [0m| momentum_too_small [1;31mconf=0.245[0m
[BETA_X5] [1;36m10:31:42[0m [1;33mx5[0m [1;36m#19[0m SKIP tension=[1;36m0.00000000[0m [0m| momentum_too_small [1;31mconf=0.245[0m
[BETA_X5] mode=OFF radar_adj=0 mom= conf=0
[ALPHA_X13_BURST13] [BARRIER_TIMEOUT] BETA en retard, ouverture forcée de la barrière au cycle 8
[ALPHA_X13_BURST13] mode=OFF radar_adj=0 mom= conf=0
[BETA_X5] [1;36mCycle 20[0m [1;32mSOFT anomaly[0m [1;33m| pnl_abs=0.25949000 > 0.02500000[0m
[BETA_X5] [1;36mentry=10:31:56@64193.70000000[0m [1;33mx5[0m [1;36m#20[0m [1;32mSELL[0m tension=[1;31m6.20748154[0m hold=[1;36m9[0ms sec=[1;36m9[0m [0m| exit=64160.00000000 [1;33mconf=0.707[0m [1;36mexit_time=10:32:05[0m [1;32mpnl=0.25949000 bps=5.24973634 pct=0.05249736% total=0.19996999999999998[0m
[ALPHA_X13_BURST13] [1;36m10:32:07[0m [1;33mx5[0m [1;36m#8[0m SKIP tension=[1;36m0.14427231[0m [0m| direction_unclear [1;31mconf=0.1583[0m
[BETA_X5] mode=OFF radar_adj=0 mom= conf=0
[BETA_X5] [1;36m10:32:15[0m [1;33mx5[0m [1;36m#21[0m SKIP tension=[1;36m0.00000076[0m [0m| momentum_too_small [1;31mconf=0.0[0m
[BETA_X5] mode=OFF radar_adj=0 mom= conf=0
[ALPHA_X13_BURST13] [BARRIER_TIMEOUT] BETA en retard, ouverture forcée de la barrière au cycle 9
[ALPHA_X13_BURST13] mode=OFF radar_adj=0 mom= conf=0
[ALPHA_X13_BURST13] [1;36m10:32:36[0m [1;33mx5[0m [1;36m#9[0m SKIP tension=[1;36m0.00001345[0m [0m| momentum_too_small [1;31mconf=0.0[0m
[BETA_X5] [1;36mCycle 22[0m [1;32mSOFT anomaly[0m [1;33m| pnl_abs=0.27027000 > 0.02500000[0m
[BETA_X5] [1;36mentry=10:32:26@64195.20000000[0m [1;33mx5[0m [1;36m#22[0m [1;32mSELL[0m tension=[1;31m6.20792498[0m hold=[1;36m9[0ms sec=[1;36m9[0m [0m| exit=64160.10000000 [1;33mconf=0.7332[0m [1;36mexit_time=10:32:35[0m [1;32mpnl=0.27027000 bps=5.46769852 pct=0.05467699% total=0.47024[0m
[BETA_X5] mode=OFF radar_adj=0 mom= conf=0
[BETA_X5] [1;36mCycle 23[0m [1;32mSOFT anomaly[0m [1;33m| pnl_abs=0.18788000 > 0.02500000[0m
[ALPHA_X13_BURST13] [BARRIER_TIMEOUT] BETA en retard, ouverture forcée de la barrière au cycle 10
[BETA_X5] [1;36mentry=10:32:48@64199.90000000[0m [1;33mx5[0m [1;36m#23[0m [1;32mSELL[0m tension=[1;32m1.39113030[0m hold=[1;36m6[0ms sec=[1;36m6[0m [0m| exit=64175.50000000 [1;32mconf=0.854[0m [1;36mexit_time=10:32:54[0m [1;32mpnl=0.18788000 bps=3.80062897 pct=0.03800629% total=0.65812[0m
[ALPHA_X13_BURST13] mode=OFF radar_adj=0 mom= conf=0
[BETA_X5] mode=OFF radar_adj=0 mom= conf=0
[ALPHA_X13_BURST13] [1;36m10:33:03[0m [1;33mx5[0m [1;36m#10[0m SKIP tension=[1;36m0.20159242[0m [0m| low_confidence [1;31mconf=0.2715[0m
[BETA_X5] [1;36m10:33:05[0m [1;33mx5[0m [1;36m#24[0m SKIP tension=[1;36m0.20422258[0m [0m| low_confidence [1;31mconf=0.2598[0m
[BETA_X5] mode=OFF radar_adj=0 mom= conf=0
[BETA_X5] [1;36m10:33:13[0m [1;33mx5[0m [1;36m#25[0m SKIP tension=[1;36m0.00004542[0m [0m| momentum_too_small [1;31mconf=0.0001[0m
[BETA_X5] mode=OFF radar_adj=0 mom= conf=0
[BETA_X5] [1;36m10:33:22[0m [1;33mx5[0m [1;36m#26[0m SKIP tension=[1;36m0.00001191[0m [0m| momentum_too_small [1;31mconf=0.0[0m
[ALPHA_X13_BURST13] [BARRIER_TIMEOUT] BETA en retard, ouverture forcée de la barrière au cycle 11
[BETA_X5] mode=OFF radar_adj=0 mom= conf=0
[ALPHA_X13_BURST13] mode=OFF radar_adj=0 mom= conf=0
[ALPHA_X13_BURST13] [1;36m10:33:30[0m [1;33mx5[0m [1;36m#11[0m SKIP tension=[1;36m0.00003785[0m [0m| momentum_too_small [1;31mconf=0.0[0m
[BETA_X5] [1;36m10:33:30[0m [1;33mx5[0m [1;36m#27[0m SKIP tension=[1;36m0.00003785[0m [0m| momentum_too_small [1;31mconf=0.0[0m
[BETA_X5] mode=OFF radar_adj=0 mom= conf=0
[BETA_X5] [1;36m10:33:38[0m [1;33mx5[0m [1;36m#28[0m SKIP tension=[1;36m0.00001689[0m [0m| momentum_too_small [1;31mconf=0.0[0m
[BETA_X5] mode=OFF radar_adj=0 mom= conf=0
[BETA_X5] [1;36m10:33:46[0m [1;33mx5[0m [1;36m#29[0m SKIP tension=[1;36m0.00009308[0m [0m| momentum_too_small [1;31mconf=0.0001[0m
[ALPHA_X13_BURST13] [BARRIER_TIMEOUT] BETA en retard, ouverture forcée de la barrière au cycle 12
[BETA_X5] mode=OFF radar_adj=0 mom= conf=0
[ALPHA_X13_BURST13] mode=OFF radar_adj=0 mom= conf=0
[ALPHA_X13_BURST13] [1;36m10:33:55[0m [1;33mx5[0m [1;36m#12[0m SKIP tension=[1;36m0.00000375[0m [0m| momentum_too_small [1;31mconf=0.0[0m
[BETA_X5] [1;36mCycle 30[0m [1;32mSOFT anomaly[0m [1;33m| pnl_abs=0.30723000 > 0.02500000[0m
[BETA_X5] [1;36mentry=10:33:55@64199.90000000[0m [1;33mx5[0m [1;36m#30[0m [1;32mSELL[0m tension=[1;31m3.58738054[0m hold=[1;36m9[0ms sec=[1;36m9[0m [0m| exit=64160.00000000 [1;33mconf=0.6778[0m [1;36mexit_time=10:34:04[0m [1;32mpnl=0.30723000 bps=6.21496295 pct=0.06214963% total=0.96535[0m
[BETA_X5] mode=OFF radar_adj=0 mom= conf=0
[ALPHA_X13_BURST13] [BARRIER_TIMEOUT] BETA en retard, ouverture forcée de la barrière au cycle 13
[BETA_X5] [1;36m10:34:14[0m [1;33mx5[0m [1;36m#31[0m SKIP tension=[1;36m0.00000000[0m [0m| momentum_too_small [1;31mconf=0.2631[0m
[ALPHA_X13_BURST13] mode=OFF radar_adj=0 mom= conf=0
[BETA_X5] mode=OFF radar_adj=0 mom= conf=0
[ALPHA_X13_BURST13] [1;36m10:34:20[0m [1;33mx5[0m [1;36m#13[0m SKIP tension=[1;36m0.00005841[0m [0m| momentum_too_small [1;31mconf=0.0001[0m
[BETA_X5] [1;36m10:34:21[0m [1;33mx5[0m [1;36m#32[0m SKIP tension=[1;36m0.00000046[0m [0m| momentum_too_small [1;31mconf=0.0[0m
[BETA_X5] mode=OFF radar_adj=0 mom= conf=0
[ALPHA_X13_BURST13] [BARRIER_TIMEOUT] BETA en retard, ouverture forcée de la barrière au cycle 14
[ALPHA_X13_BURST13] mode=OFF radar_adj=0 mom= conf=0
[ALPHA_X13_BURST13] [1;36m10:34:44[0m [1;33mx5[0m [1;36m#14[0m SKIP tension=[1;36m0.00000000[0m [0m| momentum_too_small [1;31mconf=0.2147[0m
[BETA_X5] [1;36mentry=10:34:36@64199.80000000[0m [1;33mx5[0m [1;36m#33[0m [1;31mSELL[0m tension=[1;31m6.59931971[0m hold=[1;36m11[0ms sec=[1;36m11[0m [0m| exit=64199.90000000 [1;33mconf=0.6135[0m [1;36mexit_time=10:34:48[0m [1;31mpnl=-0.00077000 bps=-0.01557637 pct=-0.00015576% total=0.96458[0m
[BETA_X5] mode=OFF radar_adj=0 mom= conf=0
[BETA_X5] [1;36m10:34:57[0m [1;33mx5[0m [1;36m#34[0m SKIP tension=[1;36m0.00000396[0m [0m| momentum_too_small [1;31mconf=0.0[0m
[BETA_X5] mode=OFF radar_adj=0 mom= conf=0
[ALPHA_X13_BURST13] [BARRIER_TIMEOUT] BETA en retard, ouverture forcée de la barrière au cycle 15
[ALPHA_X13_BURST13] mode=OFF radar_adj=0 mom= conf=0
[BETA_X5] [1;36m10:35:06[0m [1;33mx5[0m [1;36m#35[0m SKIP tension=[1;36m0.16752158[0m [0m| direction_unclear [1;31mconf=0.1713[0m
[BETA_X5] mode=OFF radar_adj=0 mom= conf=0
[ALPHA_X13_BURST13] [1;36m10:35:09[0m [1;33mx5[0m [1;36m#15[0m SKIP tension=[1;36m0.00000000[0m [0m| momentum_too_small [1;31mconf=0.2147[0m
[BETA_X5] [1;36m10:35:14[0m [1;33mx5[0m [1;36m#36[0m SKIP tension=[1;31m6.59930009[0m [0m| tactic long vs short
[BETA_X5] mode=OFF radar_adj=0 mom= conf=0
[BETA_X5] [1;36m10:35:22[0m [1;33mx5[0m [1;36m#37[0m SKIP tension=[1;36m0.00006417[0m [0m| momentum_too_small [1;31mconf=0.0001[0m
[BETA_X5] mode=OFF radar_adj=0 mom= conf=0
[ALPHA_X13_BURST13] [BARRIER_TIMEOUT] BETA en retard, ouverture forcée de la barrière au cycle 16
[ALPHA_X13_BURST13] mode=OFF radar_adj=0 mom= conf=0
[BETA_X5] [1;36m10:35:30[0m [1;33mx5[0m [1;36m#38[0m SKIP tension=[1;36m0.00000443[0m [0m| momentum_too_small [1;31mconf=0.0[0m
[BETA_X5] mode=OFF radar_adj=0 mom= conf=0
[ALPHA_X13_BURST13] [1;36m10:35:35[0m [1;33mx5[0m [1;36m#16[0m SKIP tension=[1;36m0.00001032[0m [0m| momentum_too_small [1;31mconf=0.0[0m
[BETA_X5] [1;36m10:35:40[0m [1;33mx5[0m [1;36m#39[0m SKIP tension=[1;36m0.00000000[0m [0m| momentum_too_small [1;31mconf=0.3497[0m
[BETA_X5] mode=OFF radar_adj=0 mom= conf=0
[ALPHA_X13_BURST13] [BARRIER_TIMEOUT] BETA en retard, ouverture forcée de la barrière au cycle 17
[ALPHA_X13_BURST13] mode=OFF radar_adj=0 mom= conf=0
[ALPHA_X13_BURST13] [1;36m10:36:00[0m [1;33mx5[0m [1;36m#17[0m SKIP tension=[1;36m0.00002139[0m [0m| momentum_too_small [1;31mconf=0.0[0m
[BETA_X5] [1;36mentry=10:35:54@64199.90000000[0m [1;33mx5[0m [1;36m#40[0m [1;33mSELL[0m tension=[1;32m1.17449096[0m hold=[1;36m6[0ms sec=[1;36m6[0m [0m| exit=64199.90000000 [1;32mconf=0.999[0m [1;36mexit_time=10:36:00[0m [1;33mpnl=-0.00000000 bps=-0.00000000 pct=-0.00000000% total=0.96458[0m
[BETA_X5] mode=OFF radar_adj=0 mom= conf=0
[BETA_X5] [1;36m10:36:10[0m [1;33mx5[0m [1;36m#41[0m SKIP tension=[1;36m0.00000000[0m [0m| momentum_too_small [1;31mconf=0.2147[0m
[BETA_X5] mode=OFF radar_adj=0 mom= conf=0
[ALPHA_X13_BURST13] [BARRIER_TIMEOUT] BETA en retard, ouverture forcée de la barrière au cycle 18
[BETA_X5] [1;36m10:36:19[0m [1;33mx5[0m [1;36m#42[0m SKIP tension=[1;36m0.00000000[0m [0m| momentum_too_small [1;31mconf=0.2147[0m
[ALPHA_X13_BURST13] mode=OFF radar_adj=0 mom= conf=0
[BETA_X5] mode=OFF radar_adj=0 mom= conf=0
[BETA_X5] [1;36m10:36:27[0m [1;33mx5[0m [1;36m#43[0m SKIP tension=[1;36m0.00000000[0m [0m| momentum_too_small [1;31mconf=0.2144[0m
[BETA_X5] mode=OFF radar_adj=0 mom= conf=0
[ALPHA_X13_BURST13] [1;36m10:36:30[0m [1;33mx5[0m [1;36m#18[0m SKIP tension=[1;36m0.00000000[0m [0m| momentum_too_small [1;31mconf=0.2144[0m
[BETA_X5] [1;36m10:36:35[0m [1;33mx5[0m [1;36m#44[0m SKIP tension=[1;36m0.00003227[0m [0m| momentum_too_small [1;31mconf=0.0[0m
[BETA_X5] mode=OFF radar_adj=0 mom= conf=0
[BETA_X5] [1;36m10:36:43[0m [1;33mx5[0m [1;36m#45[0m SKIP tension=[1;36m0.00000000[0m [0m| momentum_too_small [1;31mconf=0.2144[0m
[BETA_X5] mode=OFF radar_adj=0 mom= conf=0
[ALPHA_X13_BURST13] [BARRIER_TIMEOUT] BETA en retard, ouverture forcée de la barrière au cycle 19
[ALPHA_X13_BURST13] mode=OFF radar_adj=0 mom= conf=0
[BETA_X5] [1;36m10:36:51[0m [1;33mx5[0m [1;36m#46[0m SKIP tension=[1;36m0.00000000[0m [0m| momentum_too_small [1;31mconf=0.2144[0m
[BETA_X5] mode=OFF radar_adj=0 mom= conf=0
[ALPHA_X13_BURST13] [1;36m10:36:55[0m [1;33mx5[0m [1;36m#19[0m SKIP tension=[1;36m0.00000000[0m [0m| momentum_too_small [1;31mconf=0.2144[0m
[BETA_X5] [1;36m10:36:59[0m [1;33mx5[0m [1;36m#47[0m SKIP tension=[1;36m0.00006299[0m [0m| momentum_too_small [1;31mconf=0.0001[0m
[BETA_X5] mode=OFF radar_adj=0 mom= conf=0
[BETA_X5] [1;36m10:37:07[0m [1;33mx5[0m [1;36m#48[0m SKIP tension=[1;36m0.00000000[0m [0m| momentum_too_small [1;31mconf=0.2147[0m
[BETA_X5] mode=OFF radar_adj=0 mom= conf=0
[ALPHA_X13_BURST13] [BARRIER_TIMEOUT] BETA en retard, ouverture forcée de la barrière au cycle 20
[BETA_X5] [1;36m10:37:15[0m [1;33mx5[0m [1;36m#49[0m SKIP tension=[1;36m0.00000407[0m [0m| momentum_too_small [1;31mconf=0.0[0m
[ALPHA_X13_BURST13] mode=OFF radar_adj=0 mom= conf=0
[BETA_X5] mode=OFF radar_adj=0 mom= conf=0
[ALPHA_X13_BURST13] [1;36m10:37:20[0m [1;33mx5[0m [1;36m#20[0m SKIP tension=[1;36m0.00000000[0m [0m| momentum_too_small [1;31mconf=0.2634[0m
[BETA_X5] [1;36m10:37:22[0m [1;33mx5[0m [1;36m#50[0m SKIP tension=[1;36m0.19358011[0m [0m| direction_unclear [1;31mconf=0.2428[0m
[BETA_X5] mode=OFF radar_adj=0 mom= conf=0
[BETA_X5] [1;36m10:37:31[0m [1;33mx5[0m [1;36m#51[0m SKIP tension=[1;36m0.20846232[0m [0m| low_confidence [1;31mconf=0.25[0m
[BETA_X5] mode=OFF radar_adj=0 mom= conf=0
[ALPHA_X13_BURST13] [BARRIER_TIMEOUT] BETA en retard, ouverture forcée de la barrière au cycle 21
[BETA_X5] [1;36m10:37:39[0m [1;33mx5[0m [1;36m#52[0m SKIP tension=[1;36m0.00000000[0m [0m| momentum_too_small [1;31mconf=0.2519[0m
[ALPHA_X13_BURST13] mode=OFF radar_adj=0 mom= conf=0
[BETA_X5] mode=OFF radar_adj=0 mom= conf=0
[ALPHA_X13_BURST13] [1;36m10:37:45[0m [1;33mx5[0m [1;36m#21[0m SKIP tension=[1;31m7.66079433[0m [0m| duo no_trigger
[BETA_X5] [1;36m10:37:47[0m [1;33mx5[0m [1;36m#53[0m SKIP tension=[1;36m0.39200494[0m [0m| wall_not_collapsed
[BETA_X5] mode=OFF radar_adj=0 mom= conf=0
[BETA_X5] [1;36m10:37:55[0m [1;33mx5[0m [1;36m#54[0m SKIP tension=[1;36m0.19841548[0m [0m| direction_unclear [1;31mconf=0.229[0m
[BETA_X5] mode=OFF radar_adj=0 mom= conf=0
[BETA_X5] [1;36m10:38:02[0m [1;33mx5[0m [1;36m#55[0m SKIP tension=[1;36m0.00000000[0m [0m| momentum_too_small [1;31mconf=0.2423[0m
[ALPHA_X13_BURST13] [BARRIER_TIMEOUT] BETA en retard, ouverture forcée de la barrière au cycle 22
[ALPHA_X13_BURST13] mode=OFF radar_adj=0 mom= conf=0
[BETA_X5] mode=OFF radar_adj=0 mom= conf=0
[BETA_X5] [1;36m10:38:10[0m [1;33mx5[0m [1;36m#56[0m SKIP tension=[1;36m0.00000000[0m [0m| momentum_too_small [1;31mconf=0.241[0m
[ALPHA_X13_BURST13] [1;36m10:38:10[0m [1;33mx5[0m [1;36m#22[0m SKIP tension=[1;36m0.00000000[0m [0m| momentum_too_small [1;31mconf=0.241[0m
[BETA_X5] mode=OFF radar_adj=0 mom= conf=0
[BETA_X5] [1;36m10:38:18[0m [1;33mx5[0m [1;36m#57[0m SKIP tension=[1;36m0.00003553[0m [0m| momentum_too_small [1;31mconf=0.0[0m
[BETA_X5] mode=OFF radar_adj=0 mom= conf=0
[BETA_X5] [1;36m10:38:26[0m [1;33mx5[0m [1;36m#58[0m SKIP tension=[1;36m0.00002012[0m [0m| momentum_too_small [1;31mconf=0.0[0m
[ALPHA_X13_BURST13] [BARRIER_TIMEOUT] BETA en retard, ouverture forcée de la barrière au cycle 23
[BETA_X5] mode=OFF radar_adj=0 mom= conf=0
[ALPHA_X13_BURST13] mode=OFF radar_adj=0 mom= conf=0
[BETA_X5] [1;36m10:38:33[0m [1;33mx5[0m [1;36m#59[0m SKIP tension=[1;36m0.00324863[0m [0m| momentum_too_small [1;31mconf=0.0038[0m
[ALPHA_X13_BURST13] [1;36m10:38:35[0m [1;33mx5[0m [1;36m#23[0m SKIP tension=[1;36m0.00000000[0m [0m| momentum_too_small [1;31mconf=0.2474[0m
[BETA_X5] mode=OFF radar_adj=0 mom= conf=0
[BETA_X5] [1;36m10:38:42[0m [1;33mx5[0m [1;36m#60[0m SKIP tension=[1;36m0.19573944[0m [0m| direction_unclear [1;31mconf=0.2306[0m
[BETA_X5] mode=OFF radar_adj=0 mom= conf=0
[BETA_X5] [1;36m10:38:50[0m [1;33mx5[0m [1;36m#61[0m SKIP tension=[1;36m0.00000000[0m [0m| momentum_too_small [1;31mconf=0.2474[0m
[BETA_X5] mode=OFF radar_adj=0 mom= conf=0
[ALPHA_X13_BURST13] [BARRIER_TIMEOUT] BETA en retard, ouverture forcée de la barrière au cycle 24
[ALPHA_X13_BURST13] mode=OFF radar_adj=0 mom= conf=0
[BETA_X5] [1;36m10:38:58[0m [1;33mx5[0m [1;36m#62[0m SKIP tension=[1;36m0.00000000[0m [0m| momentum_too_small [1;31mconf=0.2679[0m
[ALPHA_X13_BURST13] [1;36m10:39:00[0m [1;33mx5[0m [1;36m#24[0m SKIP tension=[1;36m0.06215049[0m [0m| direction_unclear [1;31mconf=0.0793[0m
[BETA_X5] mode=OFF radar_adj=0 mom= conf=0
[BETA_X5] [1;36m10:39:05[0m [1;33mx5[0m [1;36m#63[0m SKIP tension=[1;36m0.00000000[0m [0m| momentum_too_small [1;31mconf=0.3374[0m
[BETA_X5] mode=OFF radar_adj=0 mom= conf=0
[BETA_X5] [1;36m10:39:13[0m [1;33mx5[0m [1;36m#64[0m SKIP tension=[1;36m0.00000000[0m [0m| momentum_too_small [1;31mconf=0.3374[0m
[BETA_X5] mode=OFF radar_adj=0 mom= conf=0
[ALPHA_X13_BURST13] [BARRIER_TIMEOUT] BETA en retard, ouverture forcée de la barrière au cycle 25
[ALPHA_X13_BURST13] mode=OFF radar_adj=0 mom= conf=0
[BETA_X5] [1;36m10:39:21[0m [1;33mx5[0m [1;36m#65[0m SKIP tension=[1;36m0.00000000[0m [0m| momentum_too_small [1;31mconf=0.2856[0m
[BETA_X5] mode=OFF radar_adj=0 mom= conf=0
[ALPHA_X13_BURST13] [1;36m10:39:25[0m [1;33mx5[0m [1;36m#25[0m SKIP tension=[1;36m0.00000847[0m [0m| momentum_too_small [1;31mconf=0.0[0m
[BETA_X5] [1;36m10:39:34[0m [1;33mx5[0m [1;36m#66[0m SKIP tension=[1;36m0.00000000[0m [0m| momentum_too_small [1;31mconf=0.2474[0m
[BETA_X5] mode=OFF radar_adj=0 mom= conf=0
[BETA_X5] [1;36m10:39:42[0m [1;33mx5[0m [1;36m#67[0m SKIP tension=[1;36m0.01066667[0m [0m| direction_unclear [1;31mconf=0.0126[0m
[ALPHA_X13_BURST13] [BARRIER_TIMEOUT] BETA en retard, ouverture forcée de la barrière au cycle 26
[ALPHA_X13_BURST13] mode=OFF radar_adj=0 mom= conf=0
[BETA_X5] mode=OFF radar_adj=0 mom= conf=0
[BETA_X5] [1;36m10:39:50[0m [1;33mx5[0m [1;36m#68[0m SKIP tension=[1;36m0.00001199[0m [0m| momentum_too_small [1;31mconf=0.0[0m
[ALPHA_X13_BURST13] [1;36m10:39:51[0m [1;33mx5[0m [1;36m#26[0m SKIP tension=[1;36m0.00000000[0m [0m| momentum_too_small [1;31mconf=0.2532[0m
[BETA_X5] mode=OFF radar_adj=0 mom= conf=0
[BETA_X5] [1;36m10:39:59[0m [1;33mx5[0m [1;36m#69[0m SKIP tension=[1;36m0.00006985[0m [0m| momentum_too_small [1;31mconf=0.0001[0m
[BETA_X5] mode=OFF radar_adj=0 mom= conf=0
[ALPHA_X13_BURST13] [BARRIER_TIMEOUT] BETA en retard, ouverture forcée de la barrière au cycle 27
[ALPHA_X13_BURST13] mode=OFF radar_adj=0 mom= conf=0
[BETA_X5] [1;36mentry=10:40:08@64164.90000000[0m [1;33mx5[0m [1;36m#70[0m [1;33mSELL[0m tension=[1;32m1.19833243[0m hold=[1;36m8[0ms sec=[1;36m8[0m [0m| exit=64164.90000000 [1;33mconf=0.707[0m [1;36mexit_time=10:40:16[0m [1;33mpnl=-0.00000000 bps=-0.00000000 pct=-0.00000000% total=0.96458[0m
[ALPHA_X13_BURST13] [1;36m10:40:19[0m [1;33mx5[0m [1;36m#27[0m SKIP tension=[1;36m0.00005933[0m [0m| momentum_too_small [1;31mconf=0.0001[0m
[BETA_X5] mode=OFF radar_adj=0 mom= conf=0
[BETA_X5] [1;36m10:40:27[0m [1;33mx5[0m [1;36m#71[0m SKIP tension=[1;36m0.35642983[0m [0m| wall_not_collapsed
[BETA_X5] mode=OFF radar_adj=0 mom= conf=0
[BETA_X5] [1;36m10:40:36[0m [1;33mx5[0m [1;36m#72[0m SKIP tension=[1;36m0.00000000[0m [0m| momentum_too_small [1;31mconf=0.2474[0m
[ALPHA_X13_BURST13] [BARRIER_TIMEOUT] BETA en retard, ouverture forcée de la barrière au cycle 28
[BETA_X5] mode=OFF radar_adj=0 mom= conf=0
[ALPHA_X13_BURST13] mode=OFF radar_adj=0 mom= conf=0
[BETA_X5] [1;36m10:40:44[0m [1;33mx5[0m [1;36m#73[0m SKIP tension=[1;36m0.02435311[0m [0m| direction_unclear [1;31mconf=0.0387[0m
[ALPHA_X13_BURST13] [1;36m10:40:46[0m [1;33mx5[0m [1;36m#28[0m SKIP tension=[1;36m0.01313301[0m [0m| direction_unclear [1;31mconf=0.0209[0m
[BETA_X5] mode=OFF radar_adj=0 mom= conf=0
[BETA_X5] [1;36m10:40:53[0m [1;33mx5[0m [1;36m#74[0m SKIP tension=[1;36m0.60033035[0m [0m| wall_not_collapsed
[BETA_X5] mode=OFF radar_adj=0 mom= conf=0
[BETA_X5] [1;36m10:41:01[0m [1;33mx5[0m [1;36m#75[0m SKIP tension=[1;36m0.00000570[0m [0m| momentum_too_small [1;31mconf=0.0[0m
[ALPHA_X13_BURST13] [BARRIER_TIMEOUT] BETA en retard, ouverture forcée de la barrière au cycle 29
[BETA_X5] mode=OFF radar_adj=0 mom= conf=0
[ALPHA_X13_BURST13] mode=OFF radar_adj=0 mom= conf=0
[BETA_X5] [1;36m10:41:08[0m [1;33mx5[0m [1;36m#76[0m SKIP tension=[1;36m0.00028134[0m [0m| momentum_too_small [1;31mconf=0.0003[0m
[ALPHA_X13_BURST13] [1;36m10:41:10[0m [1;33mx5[0m [1;36m#29[0m SKIP tension=[1;36m0.19610827[0m [0m| direction_unclear [1;31mconf=0.3109[0m
[BETA_X5] mode=OFF radar_adj=0 mom= conf=0
[BETA_X5] [1;36m10:41:16[0m [1;33mx5[0m [1;36m#77[0m SKIP tension=[1;36m0.00001377[0m [0m| momentum_too_small [1;31mconf=0.0[0m
[BETA_X5] mode=OFF radar_adj=0 mom= conf=0
[BETA_X5] [1;36m10:41:23[0m [1;33mx5[0m [1;36m#78[0m SKIP tension=[1;36m0.00000000[0m [0m| momentum_too_small [1;31mconf=0.333[0m
[BETA_X5] mode=OFF radar_adj=0 mom= conf=0
[ALPHA_X13_BURST13] [BARRIER_TIMEOUT] BETA en retard, ouverture forcée de la barrière au cycle 30
[ALPHA_X13_BURST13] mode=OFF radar_adj=0 mom= conf=0
[BETA_X5] [1;36m10:41:32[0m [1;33mx5[0m [1;36m#79[0m SKIP tension=[1;36m0.00480333[0m [0m| momentum_too_small [1;31mconf=0.0076[0m
[ALPHA_X13_BURST13] [1;36m10:41:35[0m [1;33mx5[0m [1;36m#30[0m SKIP tension=[1;36m0.00000000[0m [0m| momentum_too_small [1;31mconf=0.3207[0m
[BETA_X5] mode=OFF radar_adj=0 mom= conf=0
[BETA_X5] [1;36m10:41:41[0m [1;33mx5[0m [1;36m#80[0m SKIP tension=[1;36m0.00002283[0m [0m| momentum_too_small [1;31mconf=0.0[0m
[BETA_X5] mode=OFF radar_adj=0 mom= conf=0
[BETA_X5] [1;36m10:41:49[0m [1;33mx5[0m [1;36m#81[0m SKIP tension=[1;36m0.00252582[0m [0m| momentum_too_small [1;31mconf=0.0038[0m
[BETA_X5] mode=OFF radar_adj=0 mom= conf=0
[ALPHA_X13_BURST13] [BARRIER_TIMEOUT] BETA en retard, ouverture forcée de la barrière au cycle 31
[ALPHA_X13_BURST13] mode=OFF radar_adj=0 mom= conf=0
[BETA_X5] [1;36m10:41:57[0m [1;33mx5[0m [1;36m#82[0m SKIP tension=[1;33m0.96228595[0m [0m| wall_not_collapsed
[BETA_X5] mode=OFF radar_adj=0 mom= conf=0
[ALPHA_X13_BURST13] [1;36m10:42:04[0m [1;33mx5[0m [1;36m#31[0m SKIP tension=[1;36m0.00000000[0m [0m| momentum_too_small [1;31mconf=0.32[0m
[BETA_X5] [1;36m10:42:05[0m [1;33mx5[0m [1;36m#83[0m SKIP tension=[1;36m0.00002388[0m [0m| momentum_too_small [1;31mconf=0.0[0m
[BETA_X5] mode=OFF radar_adj=0 mom= conf=0
[BETA_X5] [1;36m10:42:13[0m [1;33mx5[0m [1;36m#84[0m SKIP tension=[1;36m0.17988825[0m [0m| direction_unclear [1;31mconf=0.2741[0m
[BETA_X5] mode=OFF radar_adj=0 mom= conf=0
[BETA_X5] [1;36m10:42:21[0m [1;33mx5[0m [1;36m#85[0m SKIP tension=[1;36m0.00000000[0m [0m| momentum_too_small [1;31mconf=0.32[0m
[ALPHA_X13_BURST13] [BARRIER_TIMEOUT] BETA en retard, ouverture forcée de la barrière au cycle 32
[BETA_X5] mode=OFF radar_adj=0 mom= conf=0
[ALPHA_X13_BURST13] mode=OFF radar_adj=0 mom= conf=0
[ALPHA_X13_BURST13] [1;36m10:42:29[0m [1;33mx5[0m [1;36m#32[0m SKIP tension=[1;36m0.00003215[0m [0m| momentum_too_small [1;31mconf=0.0[0m
[BETA_X5] [1;36m10:42:29[0m [1;33mx5[0m [1;36m#86[0m SKIP tension=[1;36m0.00228674[0m [0m| momentum_too_small [1;31mconf=0.0035[0m
[BETA_X5] mode=OFF radar_adj=0 mom= conf=0
[BETA_X5] [1;36m10:42:38[0m [1;33mx5[0m [1;36m#87[0m SKIP tension=[1;36m0.00000816[0m [0m| momentum_too_small [1;31mconf=0.0[0m
[BETA_X5] mode=OFF radar_adj=0 mom= conf=0
[BETA_X5] [1;36m10:42:45[0m [1;33mx5[0m [1;36m#88[0m SKIP tension=[1;36m0.00011486[0m [0m| momentum_too_small [1;31mconf=0.0001[0m
[ALPHA_X13_BURST13] [BARRIER_TIMEOUT] BETA en retard, ouverture forcée de la barrière au cycle 33
[BETA_X5] mode=OFF radar_adj=0 mom= conf=0
[ALPHA_X13_BURST13] mode=OFF radar_adj=0 mom= conf=0
[BETA_X5] [1;36m10:42:53[0m [1;33mx5[0m [1;36m#89[0m SKIP tension=[1;36m0.00000000[0m [0m| momentum_too_small [1;31mconf=0.2307[0m
[ALPHA_X13_BURST13] [1;36m10:42:54[0m [1;33mx5[0m [1;36m#33[0m SKIP tension=[1;36m0.00000282[0m [0m| momentum_too_small [1;31mconf=0.0[0m
[BETA_X5] mode=OFF radar_adj=0 mom= conf=0
[BETA_X5] [1;36m10:43:02[0m [1;33mx5[0m [1;36m#90[0m SKIP tension=[1;36m0.00000973[0m [0m| momentum_too_small [1;31mconf=0.0[0m
[BETA_X5] mode=OFF radar_adj=0 mom= conf=0
[BETA_X5] [1;36m10:43:11[0m [1;33mx5[0m [1;36m#91[0m SKIP tension=[1;36m0.00000502[0m [0m| momentum_too_small [1;31mconf=0.0[0m
[ALPHA_X13_BURST13] [BARRIER_TIMEOUT] BETA en retard, ouverture forcée de la barrière au cycle 34
[BETA_X5] mode=OFF radar_adj=0 mom= conf=0
[ALPHA_X13_BURST13] mode=OFF radar_adj=0 mom= conf=0
[BETA_X5] [1;36m10:43:18[0m [1;33mx5[0m [1;36m#92[0m SKIP tension=[1;36m0.00000000[0m [0m| momentum_too_small [1;31mconf=0.2304[0m
[ALPHA_X13_BURST13] [1;36m10:43:20[0m [1;33mx5[0m [1;36m#34[0m SKIP tension=[1;36m0.00956300[0m [0m| momentum_too_small [1;31mconf=0.0105[0m
[BETA_X5] mode=OFF radar_adj=0 mom= conf=0
[BETA_X5] [1;36m10:43:26[0m [1;33mx5[0m [1;36m#93[0m SKIP tension=[1;36m0.00001426[0m [0m| momentum_too_small [1;31mconf=0.0[0m
[BETA_X5] mode=OFF radar_adj=0 mom= conf=0
[BETA_X5] [1;36m10:43:34[0m [1;33mx5[0m [1;36m#94[0m SKIP tension=[1;36m0.00000000[0m [0m| momentum_too_small [1;31mconf=0.3411[0m
[BETA_X5] mode=OFF radar_adj=0 mom= conf=0
[ALPHA_X13_BURST13] [BARRIER_TIMEOUT] BETA en retard, ouverture forcée de la barrière au cycle 35
[ALPHA_X13_BURST13] mode=OFF radar_adj=0 mom= conf=0
[BETA_X5] [1;36m10:43:42[0m [1;33mx5[0m [1;36m#95[0m SKIP tension=[1;36m0.00316373[0m [0m| momentum_too_small [1;31mconf=0.0035[0m
[ALPHA_X13_BURST13] [1;36m10:43:44[0m [1;33mx5[0m [1;36m#35[0m SKIP tension=[1;33m0.93739799[0m [0m| wall_not_collapsed
[BETA_X5] mode=OFF radar_adj=0 mom= conf=0
[BETA_X5] [1;36m10:43:50[0m [1;33mx5[0m [1;36m#96[0m SKIP tension=[1;36m0.00000000[0m [0m| momentum_too_small [1;31mconf=0.2304[0m
[BETA_X5] mode=OFF radar_adj=0 mom= conf=0
[BETA_X5] [1;36m10:43:58[0m [1;33mx5[0m [1;36m#97[0m SKIP tension=[1;36m0.00001260[0m [0m| momentum_too_small [1;31mconf=0.0[0m
[BETA_X5] mode=OFF radar_adj=0 mom= conf=0
[ALPHA_X13_BURST13] [BARRIER_TIMEOUT] BETA en retard, ouverture forcée de la barrière au cycle 36
[ALPHA_X13_BURST13] mode=OFF radar_adj=0 mom= conf=0
[BETA_X5] [1;36m10:44:06[0m [1;33mx5[0m [1;36m#98[0m SKIP tension=[1;36m0.01252324[0m [0m| direction_unclear [1;31mconf=0.0138[0m
[BETA_X5] mode=OFF radar_adj=0 mom= conf=0
[ALPHA_X13_BURST13] [1;36m10:44:10[0m [1;33mx5[0m [1;36m#36[0m SKIP tension=[1;36m0.00000407[0m [0m| momentum_too_small [1;31mconf=0.0[0m
[BETA_X5] [1;36m10:44:13[0m [1;33mx5[0m [1;36m#99[0m SKIP tension=[1;36m0.00000000[0m [0m| momentum_too_small [1;31mconf=0.3442[0m
[BETA_X5] mode=OFF radar_adj=0 mom= conf=0
[BETA_X5] [1;36m10:44:26[0m [1;33mx5[0m [1;36m#100[0m SKIP tension=[1;36m0.00000000[0m [0m| momentum_too_small [1;31mconf=0.2307[0m
[ALPHA_X13_BURST13] [BARRIER_TIMEOUT] BETA en retard, ouverture forcée de la barrière au cycle 37
[BETA_X5] mode=OFF radar_adj=0 mom= conf=0
[ALPHA_X13_BURST13] mode=OFF radar_adj=0 mom= conf=0
[BETA_X5] [1;36m10:44:35[0m [1;33mx5[0m [1;36m#101[0m SKIP tension=[1;36m0.00000875[0m [0m| momentum_too_small [1;31mconf=0.0[0m
[ALPHA_X13_BURST13] [1;36m10:44:35[0m [1;33mx5[0m [1;36m#37[0m SKIP tension=[1;36m0.00000000[0m [0m| momentum_too_small [1;31mconf=0.258[0m
[BETA_X5] mode=OFF radar_adj=0 mom= conf=0
[BETA_X5] [1;36m10:44:42[0m [1;33mx5[0m [1;36m#102[0m SKIP tension=[1;36m0.41372578[0m [0m| wall_not_collapsed
[BETA_X5] mode=OFF radar_adj=0 mom= conf=0
[BETA_X5] [1;36m10:44:50[0m [1;33mx5[0m [1;36m#103[0m SKIP tension=[1;36m0.00000814[0m [0m| momentum_too_small [1;31mconf=0.0[0m
[BETA_X5] mode=OFF radar_adj=0 mom= conf=0
[ALPHA_X13_BURST13] [BARRIER_TIMEOUT] BETA en retard, ouverture forcée de la barrière au cycle 38
[BETA_X5] [1;36m10:44:58[0m [1;33mx5[0m [1;36m#104[0m SKIP tension=[1;36m0.00000000[0m [0m| momentum_too_small [1;31mconf=0.2577[0m
[ALPHA_X13_BURST13] mode=OFF radar_adj=0 mom= conf=0
[BETA_X5] mode=OFF radar_adj=0 mom= conf=0
[ALPHA_X13_BURST13] [1;36m10:45:05[0m [1;33mx5[0m [1;36m#38[0m SKIP tension=[1;36m0.00001684[0m [0m| momentum_too_small [1;31mconf=0.0[0m
[BETA_X5] [1;36m10:45:06[0m [1;33mx5[0m [1;36m#105[0m SKIP tension=[1;36m0.00000707[0m [0m| momentum_too_small [1;31mconf=0.0[0m
[BETA_X5] mode=OFF radar_adj=0 mom= conf=0
[BETA_X5] [1;36m10:45:13[0m [1;33mx5[0m [1;36m#106[0m SKIP tension=[1;36m0.00000741[0m [0m| momentum_too_small [1;31mconf=0.0[0m
[BETA_X5] mode=OFF radar_adj=0 mom= conf=0
[BETA_X5] [1;36m10:45:21[0m [1;33mx5[0m [1;36m#107[0m SKIP tension=[1;36m0.00015066[0m [0m| momentum_too_small [1;31mconf=0.0002[0m
[ALPHA_X13_BURST13] [BARRIER_TIMEOUT] BETA en retard, ouverture forcée de la barrière au cycle 39
[BETA_X5] mode=OFF radar_adj=0 mom= conf=0
[ALPHA_X13_BURST13] mode=OFF radar_adj=0 mom= conf=0
[BETA_X5] [1;36m10:45:29[0m [1;33mx5[0m [1;36m#108[0m SKIP tension=[1;36m0.00178657[0m [0m| momentum_too_small [1;31mconf=0.0023[0m
[ALPHA_X13_BURST13] [1;36m10:45:30[0m [1;33mx5[0m [1;36m#39[0m SKIP tension=[1;36m0.00000000[0m [0m| momentum_too_small [1;31mconf=0.2696[0m
[BETA_X5] mode=OFF radar_adj=0 mom= conf=0
[BETA_X5] [1;36m10:45:36[0m [1;33mx5[0m [1;36m#109[0m SKIP tension=[1;36m0.00000000[0m [0m| momentum_too_small [1;31mconf=0.2301[0m
[BETA_X5] mode=OFF radar_adj=0 mom= conf=0
[BETA_X5] [1;36m10:45:44[0m [1;33mx5[0m [1;36m#110[0m SKIP tension=[1;36m0.80950054[0m [0m| wall_not_collapsed
[BETA_X5] mode=OFF radar_adj=0 mom= conf=0
[ALPHA_X13_BURST13] [BARRIER_TIMEOUT] BETA en retard, ouverture forcée de la barrière au cycle 40
[ALPHA_X13_BURST13] mode=OFF radar_adj=0 mom= conf=0
[BETA_X5] [1;36m10:45:52[0m [1;33mx5[0m [1;36m#111[0m SKIP tension=[1;36m0.01498067[0m [0m| direction_unclear [1;31mconf=0.0165[0m
[ALPHA_X13_BURST13] [1;36m10:45:54[0m [1;33mx5[0m [1;36m#40[0m SKIP tension=[1;36m0.00000000[0m [0m| momentum_too_small [1;31mconf=0.2304[0m
[BETA_X5] mode=OFF radar_adj=0 mom= conf=0
[BETA_X5] [1;36m10:46:00[0m [1;33mx5[0m [1;36m#112[0m SKIP tension=[1;36m0.19652681[0m [0m| direction_unclear [1;31mconf=0.3272[0m
[BETA_X5] mode=OFF radar_adj=0 mom= conf=0
[BETA_X5] [1;36m10:46:09[0m [1;33mx5[0m [1;36m#113[0m SKIP tension=[1;36m0.00096000[0m [0m| momentum_too_small [1;31mconf=0.0016[0m
[BETA_X5] mode=OFF radar_adj=0 mom= conf=0
[ALPHA_X13_BURST13] [BARRIER_TIMEOUT] BETA en retard, ouverture forcée de la barrière au cycle 41
[ALPHA_X13_BURST13] mode=OFF radar_adj=0 mom= conf=0
[BETA_X5] [1;36m10:46:17[0m [1;33mx5[0m [1;36m#114[0m SKIP tension=[1;36m0.00106517[0m [0m| momentum_too_small [1;31mconf=0.0012[0m
[ALPHA_X13_BURST13] [1;36m10:46:19[0m [1;33mx5[0m [1;36m#41[0m SKIP tension=[1;36m0.00039391[0m [0m| momentum_too_small [1;31mconf=0.0004[0m
[BETA_X5] mode=OFF radar_adj=0 mom= conf=0
[BETA_X5] [1;36m10:46:25[0m [1;33mx5[0m [1;36m#115[0m SKIP tension=[1;36m0.00001515[0m [0m| momentum_too_small [1;31mconf=0.0[0m
[BETA_X5] mode=OFF radar_adj=0 mom= conf=0
[BETA_X5] [1;36m10:46:33[0m [1;33mx5[0m [1;36m#116[0m SKIP tension=[1;36m0.00001196[0m [0m| momentum_too_small [1;31mconf=0.0[0m
[BETA_X5] mode=OFF radar_adj=0 mom= conf=0
[ALPHA_X13_BURST13] [BARRIER_TIMEOUT] BETA en retard, ouverture forcée de la barrière au cycle 42
[ALPHA_X13_BURST13] mode=OFF radar_adj=0 mom= conf=0
[BETA_X5] [1;36m10:46:41[0m [1;33mx5[0m [1;36m#117[0m SKIP tension=[1;36m0.00000808[0m [0m| momentum_too_small [1;31mconf=0.0[0m
[ALPHA_X13_BURST13] [1;36m10:46:43[0m [1;33mx5[0m [1;36m#42[0m SKIP tension=[1;36m0.00001227[0m [0m| momentum_too_small [1;31mconf=0.0[0m
[BETA_X5] mode=OFF radar_adj=0 mom= conf=0
[BETA_X5] [1;36m10:46:49[0m [1;33mx5[0m [1;36m#118[0m SKIP tension=[1;36m0.00000000[0m [0m| momentum_too_small [1;31mconf=0.2307[0m
[BETA_X5] mode=OFF radar_adj=0 mom= conf=0
[ALPHA_X13_BURST13] [BARRIER_TIMEOUT] BETA en retard, ouverture forcée de la barrière au cycle 43
[BETA_X5] [1;36m10:47:03[0m [1;33mx5[0m [1;36m#119[0m SKIP tension=[1;36m0.00000913[0m [0m| momentum_too_small [1;31mconf=0.0[0m
[ALPHA_X13_BURST13] mode=OFF radar_adj=0 mom= conf=0
[BETA_X5] mode=OFF radar_adj=0 mom= conf=0
[ALPHA_X13_BURST13] [1;36m10:47:08[0m [1;33mx5[0m [1;36m#43[0m SKIP tension=[1;36m0.19654602[0m [0m| direction_unclear [1;31mconf=0.325[0m
[BETA_X5] [1;36m10:47:11[0m [1;33mx5[0m [1;36m#120[0m SKIP tension=[1;36m0.00001888[0m [0m| momentum_too_small [1;31mconf=0.0[0m
[BETA_X5] mode=OFF radar_adj=0 mom= conf=0
[BETA_X5] [1;36m10:47:19[0m [1;33mx5[0m [1;36m#121[0m SKIP tension=[1;36m0.00001672[0m [0m| momentum_too_small [1;31mconf=0.0[0m
[BETA_X5] mode=OFF radar_adj=0 mom= conf=0
[ALPHA_X13_BURST13] [BARRIER_TIMEOUT] BETA en retard, ouverture forcée de la barrière au cycle 44
[BETA_X5] [1;36m10:47:27[0m [1;33mx5[0m [1;36m#122[0m SKIP tension=[1;36m0.00515809[0m [0m| momentum_too_small [1;31mconf=0.0057[0m
[ALPHA_X13_BURST13] mode=OFF radar_adj=0 mom= conf=0
[BETA_X5] mode=OFF radar_adj=0 mom= conf=0
[ALPHA_X13_BURST13] [1;36m10:47:33[0m [1;33mx5[0m [1;36m#44[0m SKIP tension=[1;36m0.00000000[0m [0m| momentum_too_small [1;31mconf=0.2651[0m
[BETA_X5] [1;36m10:47:40[0m [1;33mx5[0m [1;36m#123[0m SKIP tension=[1;36m0.00874727[0m [0m| momentum_too_small [1;31mconf=0.0096[0m
[BETA_X5] mode=OFF radar_adj=0 mom= conf=0
[BETA_X5] [1;36m10:47:47[0m [1;33mx5[0m [1;36m#124[0m SKIP tension=[1;36m0.00000610[0m [0m| momentum_too_small [1;31mconf=0.0[0m
[ALPHA_X13_BURST13] [BARRIER_TIMEOUT] BETA en retard, ouverture forcée de la barrière au cycle 45
[BETA_X5] mode=OFF radar_adj=0 mom= conf=0
[ALPHA_X13_BURST13] mode=OFF radar_adj=0 mom= conf=0
[BETA_X5] [1;36m10:47:56[0m [1;33mx5[0m [1;36m#125[0m SKIP tension=[1;36m0.00001118[0m [0m| momentum_too_small [1;31mconf=0.0[0m
[ALPHA_X13_BURST13] [1;36m10:47:57[0m [1;33mx5[0m [1;36m#45[0m SKIP tension=[1;36m0.00001050[0m [0m| momentum_too_small [1;31mconf=0.0[0m
[BETA_X5] mode=OFF radar_adj=0 mom= conf=0
[BETA_X5] [1;36m10:48:04[0m [1;33mx5[0m [1;36m#126[0m SKIP tension=[1;36m0.00003998[0m [0m| momentum_too_small [1;31mconf=0.0[0m
[BETA_X5] mode=OFF radar_adj=0 mom= conf=0
[BETA_X5] [1;36m10:48:13[0m [1;33mx5[0m [1;36m#127[0m SKIP tension=[1;36m0.00001728[0m [0m| momentum_too_small [1;31mconf=0.0[0m
[ALPHA_X13_BURST13] [BARRIER_TIMEOUT] BETA en retard, ouverture forcée de la barrière au cycle 46
[BETA_X5] mode=OFF radar_adj=0 mom= conf=0
[ALPHA_X13_BURST13] mode=OFF radar_adj=0 mom= conf=0
[BETA_X5] [1;36m10:48:21[0m [1;33mx5[0m [1;36m#128[0m SKIP tension=[1;36m0.00000000[0m [0m| momentum_too_small [1;31mconf=0.2301[0m
[ALPHA_X13_BURST13] [1;36m10:48:23[0m [1;33mx5[0m [1;36m#46[0m SKIP tension=[1;36m0.00001994[0m [0m| momentum_too_small [1;31mconf=0.0[0m
[BETA_X5] mode=OFF radar_adj=0 mom= conf=0
[BETA_X5] [1;36m10:48:28[0m [1;33mx5[0m [1;36m#129[0m SKIP tension=[1;36m0.00001593[0m [0m| momentum_too_small [1;31mconf=0.0[0m
[BETA_X5] mode=OFF radar_adj=0 mom= conf=0
[BETA_X5] [1;36m10:48:36[0m [1;33mx5[0m [1;36m#130[0m SKIP tension=[1;36m0.00000000[0m [0m| momentum_too_small [1;31mconf=0.2307[0m
[BETA_X5] mode=OFF radar_adj=0 mom= conf=0
[ALPHA_X13_BURST13] [BARRIER_TIMEOUT] BETA en retard, ouverture forcée de la barrière au cycle 47
[ALPHA_X13_BURST13] mode=OFF radar_adj=0 mom= conf=0
[BETA_X5] [1;36m10:48:44[0m [1;33mx5[0m [1;36m#131[0m SKIP tension=[1;36m0.01488740[0m [0m| direction_unclear [1;31mconf=0.0164[0m
[ALPHA_X13_BURST13] [1;36m10:48:47[0m [1;33mx5[0m [1;36m#47[0m SKIP tension=[1;36m0.00001626[0m [0m| momentum_too_small [1;31mconf=0.0[0m
[BETA_X5] mode=OFF radar_adj=0 mom= conf=0
[BETA_X5] [1;36m10:48:54[0m [1;33mx5[0m [1;36m#132[0m SKIP tension=[1;36m0.00004242[0m [0m| momentum_too_small [1;31mconf=0.0[0m
[BETA_X5] mode=OFF radar_adj=0 mom= conf=0
[BETA_X5] [1;36m10:49:01[0m [1;33mx5[0m [1;36m#133[0m SKIP tension=[1;36m0.00011650[0m [0m| momentum_too_small [1;31mconf=0.0001[0m
[BETA_X5] mode=OFF radar_adj=0 mom= conf=0
[ALPHA_X13_BURST13] [BARRIER_TIMEOUT] BETA en retard, ouverture forcée de la barrière au cycle 48
[ALPHA_X13_BURST13] mode=OFF radar_adj=0 mom= conf=0
[BETA_X5] [1;36m10:49:10[0m [1;33mx5[0m [1;36m#134[0m SKIP tension=[1;36m0.34792383[0m [0m| wall_not_collapsed
[ALPHA_X13_BURST13] [1;36m10:49:12[0m [1;33mx5[0m [1;36m#48[0m SKIP tension=[1;36m0.00008851[0m [0m| momentum_too_small [1;31mconf=0.0001[0m
[BETA_X5] mode=OFF radar_adj=0 mom= conf=0
[BETA_X5] [1;36m10:49:18[0m [1;33mx5[0m [1;36m#135[0m SKIP tension=[1;36m0.00000000[0m [0m| momentum_too_small [1;31mconf=0.2307[0m
[BETA_X5] mode=OFF radar_adj=0 mom= conf=0
[BETA_X5] [1;36m10:49:26[0m [1;33mx5[0m [1;36m#136[0m SKIP tension=[1;36m0.00001256[0m [0m| momentum_too_small [1;31mconf=0.0[0m
[BETA_X5] mode=OFF radar_adj=0 mom= conf=0
[ALPHA_X13_BURST13] [BARRIER_TIMEOUT] BETA en retard, ouverture forcée de la barrière au cycle 49
[ALPHA_X13_BURST13] mode=OFF radar_adj=0 mom= conf=0
[BETA_X5] [1;36m10:49:33[0m [1;33mx5[0m [1;36m#137[0m SKIP tension=[1;36m0.00050958[0m [0m| momentum_too_small [1;31mconf=0.0006[0m
[BETA_X5] mode=OFF radar_adj=0 mom= conf=0
[ALPHA_X13_BURST13] [1;36m10:49:37[0m [1;33mx5[0m [1;36m#49[0m SKIP tension=[1;36m0.00001256[0m [0m| momentum_too_small [1;31mconf=0.0[0m
[BETA_X5] [1;36m10:49:41[0m [1;33mx5[0m [1;36m#138[0m SKIP tension=[1;36m0.00000000[0m [0m| momentum_too_small [1;31mconf=0.2304[0m
[BETA_X5] mode=OFF radar_adj=0 mom= conf=0
[BETA_X5] [1;36m10:49:49[0m [1;33mx5[0m [1;36m#139[0m SKIP tension=[1;36m0.00001586[0m [0m| momentum_too_small [1;31mconf=0.0[0m
[BETA_X5] mode=OFF radar_adj=0 mom= conf=0
[ALPHA_X13_BURST13] [BARRIER_TIMEOUT] BETA en retard, ouverture forcée de la barrière au cycle 50
[ALPHA_X13_BURST13] mode=OFF radar_adj=0 mom= conf=0
[BETA_X5] [1;36m10:49:57[0m [1;33mx5[0m [1;36m#140[0m SKIP tension=[1;36m0.00000349[0m [0m| momentum_too_small [1;31mconf=0.0[0m
[BETA_X5] mode=OFF radar_adj=0 mom= conf=0
[ALPHA_X13_BURST13] [1;36m10:50:01[0m [1;33mx5[0m [1;36m#50[0m SKIP tension=[1;36m0.00004694[0m [0m| momentum_too_small [1;31mconf=0.0001[0m
[BETA_X5] [1;36mCycle 141[0m [1;32mSOFT anomaly[0m [1;33m| pnl_abs=0.54405000 > 0.02500000[0m
[BETA_X5] [1;36mentry=10:50:06@64199.90000000[0m [1;33mx5[0m [1;36m#141[0m [1;32mSELL[0m tension=[1;32m1.01292753[0m hold=[1;36m6[0ms sec=[1;36m6[0m [0m| exit=64164.80000000 [1;33mconf=0.6593[0m [1;36mexit_time=10:50:12[0m [1;32mpnl=0.54405000 bps=5.46729824 pct=0.05467298% total=1.5086300000000001[0m
[BETA_X5] mode=OFF radar_adj=0 mom= conf=0
[ALPHA_X13_BURST13] [BARRIER_TIMEOUT] BETA en retard, ouverture forcée de la barrière au cycle 51
[ALPHA_X13_BURST13] [1;36mCycle 51 LEVERAGE tier -> x8 | total_pnl=1.5086300000000001[0m
[ALPHA_X13_BURST13] mode=OFF radar_adj=0 mom= conf=0
[BETA_X5] [1;36m10:50:27[0m [1;33mx5[0m [1;36m#142[0m SKIP tension=[1;36m0.00006689[0m [0m| momentum_too_small [1;31mconf=0.0001[0m
[ALPHA_X13_BURST13] [1;36m10:50:29[0m [1;36mx8[0m [1;36m#51[0m SKIP tension=[1;32m1.01316089[0m [0m| duo no_trigger
[BETA_X5] mode=OFF radar_adj=0 mom= conf=0
[BETA_X5] [1;36mentry=10:50:37@64164.70000000[0m [1;33mx5[0m [1;36m#143[0m [1;33mSELL[0m tension=[1;32m1.01291726[0m hold=[1;36m6[0ms sec=[1;36m6[0m [0m| exit=64164.70000000 [1;32mconf=0.999[0m [1;36mexit_time=10:50:43[0m [1;33mpnl=-0.00000000 bps=-0.00000000 pct=-0.00000000% total=1.5086300000000001[0m
[ALPHA_X13_BURST13] [BARRIER_TIMEOUT] BETA en retard, ouverture forcée de la barrière au cycle 52
[BETA_X5] mode=OFF radar_adj=0 mom= conf=0
[ALPHA_X13_BURST13] mode=OFF radar_adj=0 mom= conf=0
[BETA_X5] [1;36m10:50:53[0m [1;33mx5[0m [1;36m#144[0m SKIP tension=[1;36m0.00001612[0m [0m| momentum_too_small [1;31mconf=0.0[0m
[ALPHA_X13_BURST13] [1;36m10:50:55[0m [1;36mx8[0m [1;36m#52[0m SKIP tension=[1;36m0.19965943[0m [0m| direction_unclear [1;31mconf=0.3321[0m
[BETA_X5] mode=OFF radar_adj=0 mom= conf=0
[BETA_X5] [1;36m10:51:02[0m [1;33mx5[0m [1;36m#145[0m SKIP tension=[1;36m0.00010295[0m [0m| momentum_too_small [1;31mconf=0.0001[0m
[BETA_X5] mode=OFF radar_adj=0 mom= conf=0
[ALPHA_X13_BURST13] [BARRIER_TIMEOUT] BETA en retard, ouverture forcée de la barrière au cycle 53
[BETA_X5] [1;36m10:51:16[0m [1;33mx5[0m [1;36m#146[0m SKIP tension=[1;36m0.00006563[0m [0m| momentum_too_small [1;31mconf=0.0001[0m
[ALPHA_X13_BURST13] mode=OFF radar_adj=0 mom= conf=0
[BETA_X5] mode=OFF radar_adj=0 mom= conf=0
[BETA_X5] [1;36m10:51:23[0m [1;33mx5[0m [1;36m#147[0m SKIP tension=[1;36m0.00000850[0m [0m| momentum_too_small [1;31mconf=0.0[0m
[ALPHA_X13_BURST13] [1;36m10:51:27[0m [1;36mx8[0m [1;36m#53[0m SKIP tension=[1;36m0.00001734[0m [0m| momentum_too_small [1;31mconf=0.0[0m
[BETA_X5] mode=OFF radar_adj=0 mom= conf=0
[BETA_X5] [1;36m10:51:38[0m [1;33mx5[0m [1;36m#148[0m SKIP tension=[1;36m0.01019834[0m [0m| direction_unclear [1;31mconf=0.0112[0m
[BETA_X5] mode=OFF radar_adj=0 mom= conf=0
[ALPHA_X13_BURST13] [BARRIER_TIMEOUT] BETA en retard, ouverture forcée de la barrière au cycle 54
[BETA_X5] [1;36m10:51:48[0m [1;33mx5[0m [1;36m#149[0m SKIP tension=[1;36m0.00002958[0m [0m| momentum_too_small [1;31mconf=0.0[0m
[ALPHA_X13_BURST13] mode=OFF radar_adj=0 mom= conf=0
[BETA_X5] mode=OFF radar_adj=0 mom= conf=0
[ALPHA_X13_BURST13] [1;36m10:51:54[0m [1;36mx8[0m [1;36m#54[0m SKIP tension=[1;36m0.00001598[0m [0m| momentum_too_small [1;31mconf=0.0[0m
[BETA_X5] [1;36m10:51:57[0m [1;33mx5[0m [1;36m#150[0m SKIP tension=[1;36m0.00455800[0m [0m| momentum_too_small [1;31mconf=0.005[0m
[BETA_X5] mode=OFF radar_adj=0 mom= conf=0
[BETA_X5] [1;36m10:52:07[0m [1;33mx5[0m [1;36m#151[0m SKIP tension=[1;36m0.00000986[0m [0m| momentum_too_small [1;31mconf=0.0[0m
[BETA_X5] mode=OFF radar_adj=0 mom= conf=0
[ALPHA_X13_BURST13] [BARRIER_TIMEOUT] BETA en retard, ouverture forcée de la barrière au cycle 55
[BETA_X5] [1;36m10:52:15[0m [1;33mx5[0m [1;36m#152[0m SKIP tension=[1;36m0.00004114[0m [0m| momentum_too_small [1;31mconf=0.0[0m
[ALPHA_X13_BURST13] mode=OFF radar_adj=0 mom= conf=0
[BETA_X5] mode=OFF radar_adj=0 mom= conf=0
[ALPHA_X13_BURST13] [1;36m10:52:21[0m [1;36mx8[0m [1;36m#55[0m SKIP tension=[1;36m0.00002142[0m [0m| momentum_too_small [1;31mconf=0.0[0m
[BETA_X5] [1;36m10:52:24[0m [1;33mx5[0m [1;36m#153[0m SKIP tension=[1;36m0.01475005[0m [0m| direction_unclear [1;31mconf=0.0162[0m
[BETA_X5] mode=OFF radar_adj=0 mom= conf=0
[BETA_X5] [1;36m10:52:33[0m [1;33mx5[0m [1;36m#154[0m SKIP tension=[1;36m0.02524662[0m [0m| direction_unclear [1;31mconf=0.0277[0m
[BETA_X5] mode=OFF radar_adj=0 mom= conf=0
[ALPHA_X13_BURST13] [BARRIER_TIMEOUT] BETA en retard, ouverture forcée de la barrière au cycle 56
[BETA_X5] [1;36m10:52:41[0m [1;33mx5[0m [1;36m#155[0m SKIP tension=[1;36m0.00000000[0m [0m| momentum_too_small [1;31mconf=0.2304[0m
[ALPHA_X13_BURST13] mode=OFF radar_adj=0 mom= conf=0
[BETA_X5] mode=OFF radar_adj=0 mom= conf=0
[BETA_X5] [1;36m10:52:49[0m [1;33mx5[0m [1;36m#156[0m SKIP tension=[1;36m0.00001677[0m [0m| momentum_too_small [1;31mconf=0.0[0m
[BETA_X5] mode=OFF radar_adj=0 mom= conf=0
[ALPHA_X13_BURST13] [1;36m10:52:53[0m [1;36mx8[0m [1;36m#56[0m SKIP tension=[1;36m0.00000000[0m [0m| momentum_too_small [1;31mconf=0.2307[0m
[BETA_X5] [1;36m10:52:58[0m [1;33mx5[0m [1;36m#157[0m SKIP tension=[1;36m0.00000000[0m [0m| momentum_too_small [1;31mconf=0.2304[0m
[BETA_X5] mode=OFF radar_adj=0 mom= conf=0
[BETA_X5] [1;36m10:53:07[0m [1;33mx5[0m [1;36m#158[0m SKIP tension=[1;36m0.00000000[0m [0m| momentum_too_small [1;31mconf=0.2304[0m
[BETA_X5] mode=OFF radar_adj=0 mom= conf=0
[ALPHA_X13_BURST13] [BARRIER_TIMEOUT] BETA en retard, ouverture forcée de la barrière au cycle 57
[ALPHA_X13_BURST13] mode=OFF radar_adj=0 mom= conf=0
[BETA_X5] [1;36m10:53:16[0m [1;33mx5[0m [1;36m#159[0m SKIP tension=[1;36m0.01501865[0m [0m| direction_unclear [1;31mconf=0.0165[0m
[BETA_X5] mode=OFF radar_adj=0 mom= conf=0
[ALPHA_X13_BURST13] [1;36m10:53:20[0m [1;36mx8[0m [1;36m#57[0m SKIP tension=[1;36m0.00027839[0m [0m| momentum_too_small [1;31mconf=0.0003[0m
[BETA_X5] [1;36m10:53:25[0m [1;33mx5[0m [1;36m#160[0m SKIP tension=[1;36m0.08950214[0m [0m| direction_unclear [1;31mconf=0.0981[0m
[BETA_X5] mode=OFF radar_adj=0 mom= conf=0
[BETA_X5] [1;36m10:53:33[0m [1;33mx5[0m [1;36m#161[0m SKIP tension=[1;36m0.19472390[0m [0m| direction_unclear [1;31mconf=0.3173[0m
[BETA_X5] mode=OFF radar_adj=0 mom= conf=0
[ALPHA_X13_BURST13] [BARRIER_TIMEOUT] BETA en retard, ouverture forcée de la barrière au cycle 58
[ALPHA_X13_BURST13] mode=OFF radar_adj=0 mom= conf=0
[BETA_X5] [1;36m10:53:41[0m [1;33mx5[0m [1;36m#162[0m SKIP tension=[1;36m0.20210806[0m [0m| wall_not_collapsed
[BETA_X5] mode=OFF radar_adj=0 mom= conf=0
[ALPHA_X13_BURST13] [1;36m10:53:46[0m [1;36mx8[0m [1;36m#58[0m SKIP tension=[1;36m0.00000462[0m [0m| momentum_too_small [1;31mconf=0.0[0m
[BETA_X5] [1;36m10:53:50[0m [1;33mx5[0m [1;36m#163[0m SKIP tension=[1;36m0.00000000[0m [0m| momentum_too_small [1;31mconf=0.3422[0m
[BETA_X5] mode=OFF radar_adj=0 mom= conf=0
[BETA_X5] [1;36m10:54:03[0m [1;33mx5[0m [1;36m#164[0m SKIP tension=[1;36m0.00000000[0m [0m| momentum_too_small [1;31mconf=0.3418[0m
[ALPHA_X13_BURST13] [BARRIER_TIMEOUT] BETA en retard, ouverture forcée de la barrière au cycle 59
[BETA_X5] mode=OFF radar_adj=0 mom= conf=0
[ALPHA_X13_BURST13] mode=OFF radar_adj=0 mom= conf=0
[BETA_X5] [1;36m10:54:11[0m [1;33mx5[0m [1;36m#165[0m SKIP tension=[1;36m0.00000340[0m [0m| momentum_too_small [1;31mconf=0.0[0m
[ALPHA_X13_BURST13] [1;36m10:54:13[0m [1;36mx8[0m [1;36m#59[0m SKIP tension=[1;36m0.00000530[0m [0m| momentum_too_small [1;31mconf=0.0[0m
[BETA_X5] mode=OFF radar_adj=0 mom= conf=0
[BETA_X5] [1;36m10:54:19[0m [1;33mx5[0m [1;36m#166[0m SKIP tension=[1;36m0.00000000[0m [0m| momentum_too_small [1;31mconf=0.3418[0m
[BETA_X5] mode=OFF radar_adj=0 mom= conf=0
[BETA_X5] [1;36m10:54:28[0m [1;33mx5[0m [1;36m#167[0m SKIP tension=[1;36m0.00000000[0m [0m| momentum_too_small [1;31mconf=0.3418[0m
[BETA_X5] mode=OFF radar_adj=0 mom= conf=0
[ALPHA_X13_BURST13] [BARRIER_TIMEOUT] BETA en retard, ouverture forcée de la barrière au cycle 60
[BETA_X5] [1;36m10:54:35[0m [1;33mx5[0m [1;36m#168[0m SKIP tension=[1;36m0.00066259[0m [0m| momentum_too_small [1;31mconf=0.0011[0m
[BETA_X5] mode=OFF radar_adj=0 mom= conf=0
[ALPHA_X13_BURST13] mode=OFF radar_adj=0 mom= conf=0
[BETA_X5] [1;36m10:54:44[0m [1;33mx5[0m [1;36m#169[0m SKIP tension=[1;36m0.00000628[0m [0m| momentum_too_small [1;31mconf=0.0[0m
[ALPHA_X13_BURST13] [1;36m10:54:44[0m [1;36mx8[0m [1;36m#60[0m SKIP tension=[1;36m0.00001347[0m [0m| momentum_too_small [1;31mconf=0.0[0m
[BETA_X5] mode=OFF radar_adj=0 mom= conf=0
[BETA_X5] [1;36m10:54:52[0m [1;33mx5[0m [1;36m#170[0m SKIP tension=[1;36m0.42736317[0m [0m| wall_not_collapsed
[BETA_X5] mode=OFF radar_adj=0 mom= conf=0
[BETA_X5] [1;36m10:55:01[0m [1;33mx5[0m [1;36m#171[0m SKIP tension=[1;36m0.00001276[0m [0m| momentum_too_small [1;31mconf=0.0[0m
[ALPHA_X13_BURST13] [BARRIER_TIMEOUT] BETA en retard, ouverture forcée de la barrière au cycle 61
[BETA_X5] mode=OFF radar_adj=0 mom= conf=0
[ALPHA_X13_BURST13] mode=OFF radar_adj=0 mom= conf=0
[BETA_X5] [1;36m10:55:09[0m [1;33mx5[0m [1;36m#172[0m SKIP tension=[1;36m0.00000345[0m [0m| momentum_too_small [1;31mconf=0.0[0m
[ALPHA_X13_BURST13] [1;36m10:55:10[0m [1;36mx8[0m [1;36m#61[0m SKIP tension=[1;36m0.00000638[0m [0m| momentum_too_small [1;31mconf=0.0[0m
[BETA_X5] mode=OFF radar_adj=0 mom= conf=0
[BETA_X5] [1;36m10:55:18[0m [1;33mx5[0m [1;36m#173[0m SKIP tension=[1;36m0.30478581[0m [0m| wall_not_collapsed
[BETA_X5] mode=OFF radar_adj=0 mom= conf=0
[BETA_X5] [1;36m10:55:26[0m [1;33mx5[0m [1;36m#174[0m SKIP tension=[1;36m0.66493579[0m [0m| wall_not_collapsed
[ALPHA_X13_BURST13] [BARRIER_TIMEOUT] BETA en retard, ouverture forcée de la barrière au cycle 62
[BETA_X5] mode=OFF radar_adj=0 mom= conf=0
[ALPHA_X13_BURST13] mode=OFF radar_adj=0 mom= conf=0
[BETA_X5] [1;36m10:55:34[0m [1;33mx5[0m [1;36m#175[0m SKIP tension=[1;36m0.00000000[0m [0m| momentum_too_small [1;31mconf=0.3408[0m
[ALPHA_X13_BURST13] [1;36m10:55:36[0m [1;36mx8[0m [1;36m#62[0m SKIP tension=[1;36m0.00000000[0m [0m| momentum_too_small [1;31mconf=0.3408[0m
[BETA_X5] mode=OFF radar_adj=0 mom= conf=0
[BETA_X5] [1;36m10:55:43[0m [1;33mx5[0m [1;36m#176[0m SKIP tension=[1;36m0.00000224[0m [0m| momentum_too_small [1;31mconf=0.0[0m
[BETA_X5] mode=OFF radar_adj=0 mom= conf=0
[BETA_X5] [1;36m10:55:53[0m [1;33mx5[0m [1;36m#177[0m SKIP tension=[1;36m0.00000000[0m [0m| momentum_too_small [1;31mconf=0.3408[0m
[ALPHA_X13_BURST13] [BARRIER_TIMEOUT] BETA en retard, ouverture forcée de la barrière au cycle 63
[BETA_X5] mode=OFF radar_adj=0 mom= conf=0
[ALPHA_X13_BURST13] mode=OFF radar_adj=0 mom= conf=0
[BETA_X5] [1;36m10:56:01[0m [1;33mx5[0m [1;36m#178[0m SKIP tension=[1;36m0.00000000[0m [0m| momentum_too_small [1;31mconf=0.3445[0m
[ALPHA_X13_BURST13] [1;36m10:56:02[0m [1;36mx8[0m [1;36m#63[0m SKIP tension=[1;36m0.00000000[0m [0m| momentum_too_small [1;31mconf=0.3445[0m
[BETA_X5] mode=OFF radar_adj=0 mom= conf=0
[BETA_X5] [1;36m10:56:14[0m [1;33mx5[0m [1;36m#179[0m SKIP tension=[1;36m0.00377581[0m [0m| momentum_too_small [1;31mconf=0.0062[0m
[BETA_X5] mode=OFF radar_adj=0 mom= conf=0
[ALPHA_X13_BURST13] [BARRIER_TIMEOUT] BETA en retard, ouverture forcée de la barrière au cycle 64
[ALPHA_X13_BURST13] mode=OFF radar_adj=0 mom= conf=0
[BETA_X5] [1;36m10:56:28[0m [1;33mx5[0m [1;36m#180[0m SKIP tension=[1;36m0.00000000[0m [0m| momentum_too_small [1;31mconf=0.3473[0m
[ALPHA_X13_BURST13] [1;36m10:56:28[0m [1;36mx8[0m [1;36m#64[0m SKIP tension=[1;36m0.45963142[0m [0m| wall_not_collapsed
[BETA_X5] mode=OFF radar_adj=0 mom= conf=0
[ALPHA_X13_BURST13] [BARRIER_TIMEOUT] BETA en retard, ouverture forcée de la barrière au cycle 65
[ALPHA_X13_BURST13] mode=OFF radar_adj=0 mom= conf=0
[BETA_X5] [1;36mentry=10:56:38@64171.30000000[0m [1;33mx5[0m [1;36m#181[0m [1;33mSELL[0m tension=[1;31m5.37655845[0m hold=[1;36m11[0ms sec=[1;36m11[0m [0m| exit=64171.30000000 [1;32mconf=0.9922[0m [1;36mexit_time=10:56:49[0m [1;33mpnl=-0.00000000 bps=-0.00000000 pct=-0.00000000% total=1.5086300000000001[0m
[BETA_X5] mode=OFF radar_adj=0 mom= conf=0
[ALPHA_X13_BURST13] [1;36m10:56:55[0m [1;36mx8[0m [1;36m#65[0m SKIP tension=[1;36m0.00000000[0m [0m| momentum_too_small [1;31mconf=0.3473[0m
[BETA_X5] [1;36mentry=10:57:02@64171.30000000[0m [1;33mx5[0m [1;36m#182[0m [1;32mSELL[0m tension=[1;32m1.36596573[0m hold=[1;36m8[0ms sec=[1;36m8[0m [0m| exit=64170.50000000 [1;32mconf=0.9922[0m [1;36mexit_time=10:57:10[0m [1;32mpnl=0.00616000 bps=0.12466632 pct=0.00124666% total=1.51479[0m
[ALPHA_X13_BURST13] [BARRIER_TIMEOUT] BETA en retard, ouverture forcée de la barrière au cycle 66
[BETA_X5] mode=OFF radar_adj=0 mom= conf=0
[ALPHA_X13_BURST13] mode=OFF radar_adj=0 mom= conf=0
[BETA_X5] [1;36m10:57:20[0m [1;33mx5[0m [1;36m#183[0m SKIP tension=[1;36m0.00000000[0m [0m| momentum_too_small [1;31mconf=0.3449[0m
[ALPHA_X13_BURST13] [1;36m10:57:21[0m [1;36mx8[0m [1;36m#66[0m SKIP tension=[1;33m0.89073321[0m [0m| wall_not_collapsed
[BETA_X5] mode=OFF radar_adj=0 mom= conf=0
[BETA_X5] [1;36m10:57:34[0m [1;33mx5[0m [1;36m#184[0m SKIP tension=[1;36m0.59131858[0m [0m| wall_not_collapsed
[ALPHA_X13_BURST13] [BARRIER_TIMEOUT] BETA en retard, ouverture forcée de la barrière au cycle 67
[ALPHA_X13_BURST13] mode=OFF radar_adj=0 mom= conf=0
[BETA_X5] mode=OFF radar_adj=0 mom= conf=0
[ALPHA_X13_BURST13] [1;36m10:57:46[0m [1;36mx8[0m [1;36m#67[0m SKIP tension=[1;36m0.00000462[0m [0m| momentum_too_small [1;31mconf=0.0[0m
[BETA_X5] [1;36m10:57:46[0m [1;33mx5[0m [1;36m#185[0m SKIP tension=[1;36m0.00000000[0m [0m| momentum_too_small [1;31mconf=0.3347[0m
[BETA_X5] mode=OFF radar_adj=0 mom= conf=0
[BETA_X5] [1;36m10:57:55[0m [1;33mx5[0m [1;36m#186[0m SKIP tension=[1;36m0.08985951[0m [0m| direction_unclear [1;31mconf=0.1431[0m
[BETA_X5] mode=OFF radar_adj=0 mom= conf=0
[BETA_X5] [1;36m10:58:03[0m [1;33mx5[0m [1;36m#187[0m SKIP tension=[1;36m0.00001016[0m [0m| momentum_too_small [1;31mconf=0.0[0m
[ALPHA_X13_BURST13] [BARRIER_TIMEOUT] BETA en retard, ouverture forcée de la barrière au cycle 68
[ALPHA_X13_BURST13] mode=OFF radar_adj=0 mom= conf=0
[BETA_X5] mode=OFF radar_adj=0 mom= conf=0
[ALPHA_X13_BURST13] [1;36m10:58:10[0m [1;36mx8[0m [1;36m#68[0m SKIP tension=[1;36m0.00000000[0m [0m| momentum_too_small [1;31mconf=0.3493[0m
[BETA_X5] [1;36m10:58:11[0m [1;33mx5[0m [1;36m#188[0m SKIP tension=[1;36m0.00000000[0m [0m| momentum_too_small [1;31mconf=0.3493[0m
[BETA_X5] mode=OFF radar_adj=0 mom= conf=0
[BETA_X5] [1;36m10:58:18[0m [1;33mx5[0m [1;36m#189[0m SKIP tension=[1;36m0.00000000[0m [0m| momentum_too_small [1;31mconf=0.349[0m
[BETA_X5] mode=OFF radar_adj=0 mom= conf=0
[BETA_X5] [1;36m10:58:26[0m [1;33mx5[0m [1;36m#190[0m SKIP tension=[1;36m0.00000000[0m [0m| momentum_too_small [1;31mconf=0.3486[0m
[ALPHA_X13_BURST13] [BARRIER_TIMEOUT] BETA en retard, ouverture forcée de la barrière au cycle 69
[BETA_X5] mode=OFF radar_adj=0 mom= conf=0
[ALPHA_X13_BURST13] mode=OFF radar_adj=0 mom= conf=0
[BETA_X5] [1;36m10:58:33[0m [1;33mx5[0m [1;36m#191[0m SKIP tension=[1;36m0.14389519[0m [0m| direction_unclear [1;31mconf=0.2347[0m
[ALPHA_X13_BURST13] [1;36m10:58:34[0m [1;36mx8[0m [1;36m#69[0m SKIP tension=[1;36m0.11065528[0m [0m| direction_unclear [1;31mconf=0.1805[0m
[BETA_X5] mode=OFF radar_adj=0 mom= conf=0
[BETA_X5] [1;36m10:58:42[0m [1;33mx5[0m [1;36m#192[0m SKIP tension=[1;36m0.00000000[0m [0m| momentum_too_small [1;31mconf=0.3425[0m
[BETA_X5] mode=OFF radar_adj=0 mom= conf=0
[BETA_X5] [1;36m10:58:50[0m [1;33mx5[0m [1;36m#193[0m SKIP tension=[1;36m0.24282288[0m [0m| wall_not_collapsed
[ALPHA_X13_BURST13] [BARRIER_TIMEOUT] BETA en retard, ouverture forcée de la barrière au cycle 70
[BETA_X5] mode=OFF radar_adj=0 mom= conf=0
[ALPHA_X13_BURST13] mode=OFF radar_adj=0 mom= conf=0
[BETA_X5] [1;36m10:58:59[0m [1;33mx5[0m [1;36m#194[0m SKIP tension=[1;36m0.00007311[0m [0m| momentum_too_small [1;31mconf=0.0001[0m
[ALPHA_X13_BURST13] [1;36m10:59:00[0m [1;36mx8[0m [1;36m#70[0m SKIP tension=[1;36m0.00120259[0m [0m| momentum_too_small [1;31mconf=0.002[0m
[BETA_X5] mode=OFF radar_adj=0 mom= conf=0
[BETA_X5] [1;36m10:59:07[0m [1;33mx5[0m [1;36m#195[0m SKIP tension=[1;36m0.00000000[0m [0m| momentum_too_small [1;31mconf=0.3425[0m
[BETA_X5] mode=OFF radar_adj=0 mom= conf=0
[BETA_X5] [1;36m10:59:17[0m [1;33mx5[0m [1;36m#196[0m SKIP tension=[1;36m0.24054167[0m [0m| wall_not_collapsed
[BETA_X5] mode=OFF radar_adj=0 mom= conf=0
[ALPHA_X13_BURST13] [BARRIER_TIMEOUT] BETA en retard, ouverture forcée de la barrière au cycle 71
[ALPHA_X13_BURST13] mode=OFF radar_adj=0 mom= conf=0
[BETA_X5] [1;36m10:59:25[0m [1;33mx5[0m [1;36m#197[0m SKIP tension=[1;36m0.00000000[0m [0m| momentum_too_small [1;31mconf=0.3425[0m
[BETA_X5] mode=OFF radar_adj=0 mom= conf=0
[ALPHA_X13_BURST13] [1;36m10:59:28[0m [1;36mx8[0m [1;36m#71[0m SKIP tension=[1;31m7.89649080[0m [0m| duo no_trigger
[BETA_X5] [1;36m10:59:33[0m [1;33mx5[0m [1;36m#198[0m SKIP tension=[1;36m0.00000313[0m [0m| momentum_too_small [1;31mconf=0.0[0m
[BETA_X5] mode=OFF radar_adj=0 mom= conf=0
[ALPHA_X13_BURST13] [BARRIER_TIMEOUT] BETA en retard, ouverture forcée de la barrière au cycle 72
[BETA_X5] [1;36mentry=10:59:42@64172.60000000[0m [1;33mx5[0m [1;36m#199[0m [1;33mSELL[0m tension=[1;31m2.54584765[0m hold=[1;36m7[0ms sec=[1;36m7[0m [0m| exit=64172.60000000 [1;32mconf=0.9981[0m [1;36mexit_time=10:59:49[0m [1;33mpnl=-0.00000000 bps=-0.00000000 pct=-0.00000000% total=1.51479[0m
[BETA_X5] mode=OFF radar_adj=0 mom= conf=0
[ALPHA_X13_BURST13] mode=OFF radar_adj=0 mom= conf=0
[BETA_X5] [1;36m10:59:59[0m [1;33mx5[0m [1;36m#200[0m SKIP tension=[1;36m0.00000000[0m [0m| momentum_too_small [1;31mconf=0.3493[0m
[ALPHA_X13_BURST13] [1;36m11:00:01[0m [1;36mx8[0m [1;36m#72[0m SKIP tension=[1;31m2.54589468[0m [0m| duo no_trigger
[BETA_X5] mode=OFF radar_adj=0 mom= conf=0
[BETA_X5] [1;36m11:00:07[0m [1;33mx5[0m [1;36m#201[0m SKIP tension=[1;36m0.00015228[0m [0m| momentum_too_small [1;31mconf=0.0002[0m
[BETA_X5] mode=OFF radar_adj=0 mom= conf=0
[ALPHA_X13_BURST13] [BARRIER_TIMEOUT] BETA en retard, ouverture forcée de la barrière au cycle 73
[ALPHA_X13_BURST13] mode=OFF radar_adj=0 mom= conf=0
[BETA_X5] [1;36mCycle 202[0m [1;32mSOFT anomaly[0m [1;33m| pnl_abs=0.03410000 > 0.02500000[0m
[BETA_X5] [1;36mentry=11:00:18@64170.40000000[0m [1;33mx5[0m [1;36m#202[0m [1;31mSELL[0m tension=[1;31m3.45316724[0m hold=[1;36m6[0ms sec=[1;36m6[0m [0m| exit=64172.60000000 [1;32mconf=0.9786[0m [1;36mexit_time=11:00:25[0m [1;31mpnl=-0.03410000 bps=-0.34283720 pct=-0.00342837% total=1.48069[0m
[ALPHA_X13_BURST13] [1;36m11:00:28[0m [1;36mx8[0m [1;36m#73[0m SKIP tension=[1;36m0.00007037[0m [0m| momentum_too_small [1;31mconf=0.0001[0m
[BETA_X5] mode=OFF radar_adj=0 mom= conf=0
[BETA_X5] [1;36m11:00:35[0m [1;33mx5[0m [1;36m#203[0m SKIP tension=[1;36m0.00000000[0m [0m| momentum_too_small [1;31mconf=0.3169[0m
[BETA_X5] mode=OFF radar_adj=0 mom= conf=0
[BETA_X5] [1;36m11:00:45[0m [1;33mx5[0m [1;36m#204[0m SKIP tension=[1;36m0.00000598[0m [0m| momentum_too_small [1;31mconf=0.0[0m
[ALPHA_X13_BURST13] [BARRIER_TIMEOUT] BETA en retard, ouverture forcée de la barrière au cycle 74
[BETA_X5] mode=OFF radar_adj=0 mom= conf=0
[ALPHA_X13_BURST13] mode=OFF radar_adj=0 mom= conf=0
[ALPHA_X13_BURST13] [1;36m11:00:54[0m [1;36mx8[0m [1;36m#74[0m SKIP tension=[1;36m0.00000727[0m [0m| momentum_too_small [1;31mconf=0.0[0m
[BETA_X5] [1;36mentry=11:00:55@64170.40000000[0m [1;33mx5[0m [1;36m#205[0m [1;33mSELL[0m tension=[1;32m1.03052534[0m hold=[1;36m14[0ms sec=[1;36m14[0m [0m| exit=64170.40000000 [1;32mconf=0.9055[0m [1;36mexit_time=11:01:09[0m [1;33mpnl=-0.00000000 bps=-0.00000000 pct=-0.00000000% total=1.48069[0m
[ALPHA_X13_BURST13] [BARRIER_TIMEOUT] BETA en retard, ouverture forcée de la barrière au cycle 75
[BETA_X5] mode=OFF radar_adj=0 mom= conf=0
[ALPHA_X13_BURST13] mode=OFF radar_adj=0 mom= conf=0
[BETA_X5] [1;36m11:01:19[0m [1;33mx5[0m [1;36m#206[0m SKIP tension=[1;36m0.00000000[0m [0m| momentum_too_small [1;31mconf=0.3169[0m
[ALPHA_X13_BURST13] [1;36m11:01:21[0m [1;36mx8[0m [1;36m#75[0m SKIP tension=[1;36m0.00002613[0m [0m| momentum_too_small [1;31mconf=0.0[0m
[BETA_X5] mode=OFF radar_adj=0 mom= conf=0
[BETA_X5] [1;36m11:01:27[0m [1;33mx5[0m [1;36m#207[0m SKIP tension=[1;36m0.01395800[0m [0m| direction_unclear [1;31mconf=0.0211[0m
[BETA_X5] mode=OFF radar_adj=0 mom= conf=0
[BETA_X5] [1;36m11:01:35[0m [1;33mx5[0m [1;36m#208[0m SKIP tension=[1;36m0.00002465[0m [0m| momentum_too_small [1;31mconf=0.0[0m
[BETA_X5] [1;31mSTOP file detected (STOP_BETA). Stopping safely at cycle 209.[0m
[BETA_X5] 
[BETA_X5] [1;32mDone.[0m
[BETA_X5] [1;36mLog: runs/NUAGE_PROD_720H_BETA_X5.csv[0m
[BETA_X5] [1;32mSuccessful order-cycles: 17[0m
[BETA_X5] [1;32mDernier cycle #209:[0m [1;33mpnl=-0.00000000 bps=-0.00000000 pct=-0.00000000%[0m
[ALPHA_X13_BURST13] [BARRIER_TIMEOUT] BETA en retard, ouverture forcée de la barrière au cycle 76
[ALPHA_X13_BURST13] [1;31mSTOP file detected (STOP_ALPHA). Stopping safely at cycle 76.[0m
[ALPHA_X13_BURST13] 
[ALPHA_X13_BURST13] [1;32mDone.[0m
[ALPHA_X13_BURST13] [1;36mLog: runs/NUAGE_PROD_720H_ALPHA_X13_BURST13.csv[0m
[ALPHA_X13_BURST13] [1;32mSuccessful order-cycles: 0[0m
[BETA_X5] [1;36m--- ACE777 STRICT CLONE FUTURES TESTNET ---[0m
[BETA_X5] [1;32mV8 Resonance ON:[0m [1;36mimpulse_thr=0.96 dt_ms=128 aspiration=1.618@37.8deg void_lock=TRUE shock_exit=TRUE[0m
[BETA_X5] [1;32mV8 Tension ON:[0m [1;36mwall_drop=6.5% dt_ms=128 filter=0.85 depth=20[0m
[BETA_X5] [1;36mSymbol=BTCUSDT[0m [1;32mLeverage=5[0m [1;36mBuyUSDT=200 Orders=TRUE[0m
[ALPHA_X13_BURST13] [1;36m--- ACE777 STRICT CLONE FUTURES TESTNET ---[0m
[ALPHA_X13_BURST13] [1;36mLeverage ramp ON:[0m [1;36mstart=5 end=13 cycles=180[0m
[ALPHA_X13_BURST13] [1;32mRUN_STATE checkpoint restored:[0m [1;36mtier=x5 start_ts=2026-07-16T11:02:34Z[0m
[ALPHA_X13_BURST13] [1;32mV8 Resonance ON:[0m [1;36mimpulse_thr=0.96 dt_ms=128 aspiration=1.618@37.8deg void_lock=TRUE shock_exit=TRUE[0m
[ALPHA_X13_BURST13] [1;32mV8 Tension ON:[0m [1;36mwall_drop=6.5% dt_ms=128 filter=0.85 depth=20[0m
[ALPHA_X13_BURST13] [1;36mSymbol=BTCUSDT[0m [1;32mLeverage=5[0m [1;36mBuyUSDT=800 Orders=TRUE[0m
[BETA_X5] mode=OFF radar_adj=0 mom= conf=0
[BETA_X5] [1;36mCycle 1[0m [1;32mSOFT anomaly[0m [1;33m| pnl_abs=0.07595000 > 0.02500000[0m
[BETA_X5] [1;36mentry=11:02:45@64175.20000000[0m [1;33mx5[0m [1;36m#1[0m [1;31mSELL[0m tension=[1;32m1.41779975[0m hold=[1;36m6[0ms sec=[1;36m6[0m [0m| exit=64180.10000000 [1;32mconf=0.9533[0m [1;36mexit_time=11:02:51[0m [1;31mpnl=-0.07595000 bps=-0.76353482 pct=-0.00763535% total=-0.07595[0m
[ALPHA_X13_BURST13] [BARRIER_TIMEOUT] BETA en retard, ouverture forcée de la barrière au cycle 1
[BETA_X5] mode=OFF radar_adj=0 mom= conf=0
[ALPHA_X13_BURST13] mode=OFF radar_adj=0 mom= conf=0
[BETA_X5] [1;36m11:03:01[0m [1;33mx5[0m [1;36m#2[0m SKIP tension=[1;36m0.00002850[0m [0m| momentum_too_small [1;31mconf=0.0[0m
[ALPHA_X13_BURST13] [1;36m11:03:02[0m [1;33mx5[0m [1;36m#1[0m SKIP tension=[1;36m0.50252264[0m [0m| wall_not_collapsed
[BETA_X5] mode=OFF radar_adj=0 mom= conf=0
[BETA_X5] [1;36m11:03:09[0m [1;33mx5[0m [1;36m#3[0m SKIP tension=[1;36m0.33103560[0m [0m| wall_not_collapsed
[BETA_X5] mode=OFF radar_adj=0 mom= conf=0
[BETA_X5] [1;36m11:03:17[0m [1;33mx5[0m [1;36m#4[0m SKIP tension=[1;36m0.00000000[0m [0m| momentum_too_small [1;31mconf=0.3108[0m
[ALPHA_X13_BURST13] [BARRIER_TIMEOUT] BETA en retard, ouverture forcée de la barrière au cycle 2
[BETA_X5] mode=OFF radar_adj=0 mom= conf=0
[ALPHA_X13_BURST13] mode=OFF radar_adj=0 mom= conf=0
[BETA_X5] [1;36m11:03:25[0m [1;33mx5[0m [1;36m#5[0m SKIP tension=[1;36m0.00001803[0m [0m| momentum_too_small [1;31mconf=0.0[0m
[BETA_X5] mode=OFF radar_adj=0 mom= conf=0
[ALPHA_X13_BURST13] [1;36mCycle 2[0m [1;31mENTRY error[0m [1;31m| code=-2019 msg=Margin is insufficient.[0m
[BETA_X5] [1;36m11:03:33[0m [1;33mx5[0m [1;36m#6[0m SKIP tension=[1;36m0.00000207[0m [0m| momentum_too_small [1;31mconf=0.0[0m
[BETA_X5] mode=OFF radar_adj=0 mom= conf=0
[BETA_X5] [1;36m11:03:42[0m [1;33mx5[0m [1;36m#7[0m SKIP tension=[1;36m0.00000449[0m [0m| momentum_too_small [1;31mconf=0.0[0m
[BETA_X5] mode=OFF radar_adj=0 mom= conf=0
[ALPHA_X13_BURST13] [BARRIER_TIMEOUT] BETA en retard, ouverture forcée de la barrière au cycle 3
[ALPHA_X13_BURST13] mode=OFF radar_adj=0 mom= conf=0
[BETA_X5] [1;36m11:03:49[0m [1;33mx5[0m [1;36m#8[0m SKIP tension=[1;36m0.00002310[0m [0m| momentum_too_small [1;31mconf=0.0[0m
[BETA_X5] mode=OFF radar_adj=0 mom= conf=0
[ALPHA_X13_BURST13] [1;36m11:03:53[0m [1;33mx5[0m [1;36m#3[0m SKIP tension=[1;36m0.00000000[0m [0m| momentum_too_small [1;31mconf=0.3497[0m
[BETA_X5] [1;36m11:03:57[0m [1;33mx5[0m [1;36m#9[0m SKIP tension=[1;36m0.00000000[0m [0m| momentum_too_small [1;31mconf=0.3497[0m
[BETA_X5] mode=OFF radar_adj=0 mom= conf=0
[BETA_X5] [1;36m11:04:06[0m [1;33mx5[0m [1;36m#10[0m SKIP tension=[1;36m0.02403778[0m [0m| direction_unclear [1;31mconf=0.0336[0m
[BETA_X5] mode=OFF radar_adj=0 mom= conf=0
[ALPHA_X13_BURST13] [BARRIER_TIMEOUT] BETA en retard, ouverture forcée de la barrière au cycle 4
[ALPHA_X13_BURST13] mode=OFF radar_adj=0 mom= conf=0
[BETA_X5] [1;36m11:04:14[0m [1;33mx5[0m [1;36m#11[0m SKIP tension=[1;36m0.00000856[0m [0m| momentum_too_small [1;31mconf=0.0[0m
[BETA_X5] mode=OFF radar_adj=0 mom= conf=0
[ALPHA_X13_BURST13] [1;36m11:04:17[0m [1;33mx5[0m [1;36m#4[0m SKIP tension=[1;36m0.69120014[0m [0m| wall_not_collapsed
[BETA_X5] [1;36m11:04:21[0m [1;33mx5[0m [1;36m#12[0m SKIP tension=[1;36m0.00000000[0m [0m| momentum_too_small [1;31mconf=0.2934[0m
[BETA_X5] mode=OFF radar_adj=0 mom= conf=0
[BETA_X5] [1;36m11:04:29[0m [1;33mx5[0m [1;36m#13[0m SKIP tension=[1;36m0.00000000[0m [0m| momentum_too_small [1;31mconf=0.2934[0m
[BETA_X5] mode=OFF radar_adj=0 mom= conf=0
[ALPHA_X13_BURST13] [BARRIER_TIMEOUT] BETA en retard, ouverture forcée de la barrière au cycle 5
[ALPHA_X13_BURST13] mode=OFF radar_adj=0 mom= conf=0
[BETA_X5] [1;36m11:04:37[0m [1;33mx5[0m [1;36m#14[0m SKIP tension=[1;36m0.00000030[0m [0m| momentum_too_small [1;31mconf=0.0[0m
[BETA_X5] mode=OFF radar_adj=0 mom= conf=0
[BETA_X5] [1;36m11:04:45[0m [1;33mx5[0m [1;36m#15[0m SKIP tension=[1;36m0.18242320[0m [0m| direction_unclear [1;31mconf=0.3037[0m
[ALPHA_X13_BURST13] [1;36m11:04:47[0m [1;33mx5[0m [1;36m#5[0m SKIP tension=[1;36m0.27480777[0m [0m| wall_not_collapsed
[BETA_X5] mode=OFF radar_adj=0 mom= conf=0
[BETA_X5] [1;36mCycle 16[0m [1;32mSOFT anomaly[0m [1;33m| pnl_abs=0.06391000 > 0.02500000[0m
[ALPHA_X13_BURST13] [BARRIER_TIMEOUT] BETA en retard, ouverture forcée de la barrière au cycle 6
[BETA_X5] [1;36mentry=11:04:54@64163.40000000[0m [1;33mx5[0m [1;36m#16[0m [1;32mSELL[0m tension=[1;31m2.42915061[0m hold=[1;36m10[0ms sec=[1;36m10[0m [0m| exit=64155.10000000 [1;32mconf=0.999[0m [1;36mexit_time=11:05:04[0m [1;32mpnl=0.06391000 bps=1.29357235 pct=0.01293572% total=-0.012040000000000009[0m
[ALPHA_X13_BURST13] mode=OFF radar_adj=0 mom= conf=0
[BETA_X5] mode=OFF radar_adj=0 mom= conf=0
[ALPHA_X13_BURST13] [1;36m11:05:13[0m [1;33mx5[0m [1;36m#6[0m SKIP tension=[1;32m1.45207160[0m [0m| duo no_trigger
[BETA_X5] [1;36m11:05:14[0m [1;33mx5[0m [1;36m#17[0m SKIP tension=[1;36m0.16856328[0m [0m| direction_unclear [1;31mconf=0.2623[0m
[BETA_X5] mode=OFF radar_adj=0 mom= conf=0
[BETA_X5] [1;36m11:05:23[0m [1;33mx5[0m [1;36m#18[0m SKIP tension=[1;36m0.00000000[0m [0m| momentum_too_small [1;31mconf=0.319[0m
[BETA_X5] mode=OFF radar_adj=0 mom= conf=0
[ALPHA_X13_BURST13] [BARRIER_TIMEOUT] BETA en retard, ouverture forcée de la barrière au cycle 7
[BETA_X5] [1;36m11:05:31[0m [1;33mx5[0m [1;36m#19[0m SKIP tension=[1;36m0.00000000[0m [0m| momentum_too_small [1;31mconf=0.304[0m
[ALPHA_X13_BURST13] mode=OFF radar_adj=0 mom= conf=0
[BETA_X5] mode=OFF radar_adj=0 mom= conf=0
[ALPHA_X13_BURST13] [1;36m11:05:37[0m [1;33mx5[0m [1;36m#7[0m SKIP tension=[1;33m0.88715252[0m [0m| wall_not_collapsed
[BETA_X5] [1;36m11:05:39[0m [1;33mx5[0m [1;36m#20[0m SKIP tension=[1;36m0.13827502[0m [0m| direction_unclear [1;31mconf=0.1959[0m
[BETA_X5] mode=OFF radar_adj=0 mom= conf=0
[ALPHA_X13_BURST13] [BARRIER_TIMEOUT] BETA en retard, ouverture forcée de la barrière au cycle 8
[BETA_X5] [1;36mCycle 21[0m [1;32mSOFT anomaly[0m [1;33m| pnl_abs=0.17388000 > 0.02500000[0m
[BETA_X5] [1;36mentry=11:05:49@64143.90000000[0m [1;33mx5[0m [1;36m#21[0m [1;32mSELL[0m tension=[1;31m10.69298308[0m hold=[1;36m6[0ms sec=[1;36m6[0m [0m| exit=64130.10000000 [1;33mconf=0.625[0m [1;36mexit_time=11:05:55[0m [1;32mpnl=0.17388000 bps=2.15141268 pct=0.02151413% total=0.16183999999999998[0m
[ALPHA_X13_BURST13] mode=OFF radar_adj=0 mom= conf=0
[BETA_X5] mode=OFF radar_adj=0 mom= conf=0
[ALPHA_X13_BURST13] [1;36m11:06:02[0m [1;33mx5[0m [1;36m#8[0m SKIP tension=[1;36m0.00000479[0m [0m| momentum_too_small [1;31mconf=0.0[0m
[BETA_X5] [1;36m11:06:06[0m [1;33mx5[0m [1;36m#22[0m SKIP tension=[1;36m0.00262142[0m [0m| momentum_too_small [1;31mconf=0.0043[0m
[BETA_X5] mode=OFF radar_adj=0 mom= conf=0
[BETA_X5] [1;36m11:06:13[0m [1;33mx5[0m [1;36m#23[0m SKIP tension=[1;36m0.00000451[0m [0m| momentum_too_small [1;31mconf=0.0[0m
[BETA_X5] mode=OFF radar_adj=0 mom= conf=0
[ALPHA_X13_BURST13] [BARRIER_TIMEOUT] BETA en retard, ouverture forcée de la barrière au cycle 9
[BETA_X5] [1;36m11:06:21[0m [1;33mx5[0m [1;36m#24[0m SKIP tension=[1;36m0.00000580[0m [0m| momentum_too_small [1;31mconf=0.0[0m
[ALPHA_X13_BURST13] mode=OFF radar_adj=0 mom= conf=0
[BETA_X5] mode=OFF radar_adj=0 mom= conf=0
[ALPHA_X13_BURST13] [1;36m11:06:28[0m [1;33mx5[0m [1;36m#9[0m SKIP tension=[1;32m1.98410271[0m [0m| duo no_trigger
[BETA_X5] [1;36m11:06:29[0m [1;33mx5[0m [1;36m#25[0m SKIP tension=[1;36m0.57947830[0m [0m| wall_not_collapsed
[BETA_X5] mode=OFF radar_adj=0 mom= conf=0
[ALPHA_X13_BURST13] [BARRIER_TIMEOUT] BETA en retard, ouverture forcée de la barrière au cycle 10
[ALPHA_X13_BURST13] mode=OFF radar_adj=0 mom= conf=0
[BETA_X5] [1;36mentry=11:06:40@64118.10000000[0m [1;33mx5[0m [1;36m#26[0m [1;33mSELL[0m tension=[1;31m2.12497139[0m hold=[1;36m6[0ms sec=[1;36m6[0m [0m| exit=64118.10000000 [1;32mconf=0.9864[0m [1;36mexit_time=11:06:46[0m [1;33mpnl=-0.00000000 bps=-0.00000000 pct=-0.00000000% total=0.16183999999999998[0m
[BETA_X5] mode=OFF radar_adj=0 mom= conf=0
[ALPHA_X13_BURST13] [1;36m11:06:53[0m [1;33mx5[0m [1;36m#10[0m SKIP tension=[1;31m3.08110379[0m [0m| duo no_trigger
[BETA_X5] [1;36m11:06:55[0m [1;33mx5[0m [1;36m#27[0m SKIP tension=[1;36m0.00020448[0m [0m| momentum_too_small [1;31mconf=0.0003[0m
[BETA_X5] mode=OFF radar_adj=0 mom= conf=0
[BETA_X5] [1;36m11:07:03[0m [1;33mx5[0m [1;36m#28[0m SKIP tension=[1;36m0.00010820[0m [0m| momentum_too_small [1;31mconf=0.0002[0m
[BETA_X5] mode=OFF radar_adj=0 mom= conf=0
[ALPHA_X13_BURST13] [BARRIER_TIMEOUT] BETA en retard, ouverture forcée de la barrière au cycle 11
[ALPHA_X13_BURST13] mode=OFF radar_adj=0 mom= conf=0
[ALPHA_X13_BURST13] [1;36m11:07:17[0m [1;33mx5[0m [1;36m#11[0m SKIP tension=[1;36m0.00000000[0m [0m| momentum_too_small [1;31mconf=0.3408[0m
[BETA_X5] [1;36mentry=11:07:13@64118.10000000[0m [1;33mx5[0m [1;36m#29[0m [1;32mSELL[0m tension=[1;32m1.00213914[0m hold=[1;36m6[0ms sec=[1;36m6[0m [0m| exit=64116.90000000 [1;32mconf=0.9747[0m [1;36mexit_time=11:07:19[0m [1;32mpnl=0.00924000 bps=0.18715464 pct=0.00187155% total=0.17107999999999998[0m
[BETA_X5] mode=OFF radar_adj=0 mom= conf=0
[BETA_X5] [1;36m11:07:28[0m [1;33mx5[0m [1;36m#30[0m SKIP tension=[1;33m0.94034793[0m [0m| wall_not_collapsed
[BETA_X5] mode=OFF radar_adj=0 mom= conf=0
[ALPHA_X13_BURST13] [BARRIER_TIMEOUT] BETA en retard, ouverture forcée de la barrière au cycle 12
[BETA_X5] [1;36m11:07:36[0m [1;33mx5[0m [1;36m#31[0m SKIP tension=[1;36m0.00000000[0m [0m| momentum_too_small [1;31mconf=0.3411[0m
[ALPHA_X13_BURST13] mode=OFF radar_adj=0 mom= conf=0
[BETA_X5] mode=OFF radar_adj=0 mom= conf=0
[ALPHA_X13_BURST13] [1;36m11:07:42[0m [1;33mx5[0m [1;36m#12[0m SKIP tension=[1;36m0.00017211[0m [0m| momentum_too_small [1;31mconf=0.0003[0m
[BETA_X5] [1;36m11:07:44[0m [1;33mx5[0m [1;36m#32[0m SKIP tension=[1;36m0.00147204[0m [0m| momentum_too_small [1;31mconf=0.0024[0m
[BETA_X5] mode=OFF radar_adj=0 mom= conf=0
[BETA_X5] [1;36m11:07:52[0m [1;33mx5[0m [1;36m#33[0m SKIP tension=[1;36m0.00008100[0m [0m| momentum_too_small [1;31mconf=0.0001[0m
[BETA_X5] mode=OFF radar_adj=0 mom= conf=0
[ALPHA_X13_BURST13] [BARRIER_TIMEOUT] BETA en retard, ouverture forcée de la barrière au cycle 13
[BETA_X5] [1;36m11:08:00[0m [1;33mx5[0m [1;36m#34[0m SKIP tension=[1;36m0.00004219[0m [0m| momentum_too_small [1;31mconf=0.0001[0m
[ALPHA_X13_BURST13] mode=OFF radar_adj=0 mom= conf=0
[BETA_X5] mode=OFF radar_adj=0 mom= conf=0
[ALPHA_X13_BURST13] [1;36m11:08:07[0m [1;33mx5[0m [1;36m#13[0m SKIP tension=[1;36m0.00000000[0m [0m| momentum_too_small [1;31mconf=0.3411[0m
[BETA_X5] [1;36mentry=11:08:10@64117.00000000[0m [1;33mx5[0m [1;36m#35[0m [1;32mSELL[0m tension=[1;32m1.44669297[0m hold=[1;36m11[0ms sec=[1;36m11[0m [0m| exit=64116.80000000 [1;32mconf=0.9747[0m [1;36mexit_time=11:08:21[0m [1;32mpnl=0.00154000 bps=0.03119298 pct=0.00031193% total=0.17262[0m
[ALPHA_X13_BURST13] [BARRIER_TIMEOUT] BETA en retard, ouverture forcée de la barrière au cycle 14
[BETA_X5] mode=OFF radar_adj=0 mom= conf=0
[ALPHA_X13_BURST13] mode=OFF radar_adj=0 mom= conf=0
[BETA_X5] [1;36m11:08:30[0m [1;33mx5[0m [1;36m#36[0m SKIP tension=[1;33m0.96049757[0m [0m| wall_not_collapsed
[ALPHA_X13_BURST13] [1;36m11:08:31[0m [1;33mx5[0m [1;36m#14[0m SKIP tension=[1;36m0.00000000[0m [0m| momentum_too_small [1;31mconf=0.3408[0m
[BETA_X5] mode=OFF radar_adj=0 mom= conf=0
[BETA_X5] [1;36m11:08:38[0m [1;33mx5[0m [1;36m#37[0m SKIP tension=[1;36m0.00000000[0m [0m| momentum_too_small [1;31mconf=0.3411[0m
[BETA_X5] mode=OFF radar_adj=0 mom= conf=0
[BETA_X5] [1;36m11:08:46[0m [1;33mx5[0m [1;36m#38[0m SKIP tension=[1;36m0.28527189[0m [0m| wall_not_collapsed
[ALPHA_X13_BURST13] [BARRIER_TIMEOUT] BETA en retard, ouverture forcée de la barrière au cycle 15
[BETA_X5] mode=OFF radar_adj=0 mom= conf=0
[ALPHA_X13_BURST13] mode=OFF radar_adj=0 mom= conf=0
[BETA_X5] [1;36m11:08:54[0m [1;33mx5[0m [1;36m#39[0m SKIP tension=[1;33m0.99393328[0m [0m| wall_not_collapsed
[ALPHA_X13_BURST13] [1;36m11:08:56[0m [1;33mx5[0m [1;36m#15[0m SKIP tension=[1;36m0.00001534[0m [0m| momentum_too_small [1;31mconf=0.0[0m
[BETA_X5] mode=OFF radar_adj=0 mom= conf=0
[BETA_X5] [1;36m11:09:02[0m [1;33mx5[0m [1;36m#40[0m SKIP tension=[1;36m0.00000906[0m [0m| momentum_too_small [1;31mconf=0.0[0m
[BETA_X5] mode=OFF radar_adj=0 mom= conf=0
[BETA_X5] [1;36m11:09:10[0m [1;33mx5[0m [1;36m#41[0m SKIP tension=[1;36m0.00000000[0m [0m| momentum_too_small [1;31mconf=0.3411[0m
[BETA_X5] mode=OFF radar_adj=0 mom= conf=0
[ALPHA_X13_BURST13] [BARRIER_TIMEOUT] BETA en retard, ouverture forcée de la barrière au cycle 16
[ALPHA_X13_BURST13] mode=OFF radar_adj=0 mom= conf=0
[BETA_X5] [1;36m11:09:18[0m [1;33mx5[0m [1;36m#42[0m SKIP tension=[1;36m0.00000000[0m [0m| momentum_too_small [1;31mconf=0.3408[0m
[ALPHA_X13_BURST13] [1;36m11:09:21[0m [1;33mx5[0m [1;36m#16[0m SKIP tension=[1;32m1.12991277[0m [0m| duo no_trigger
[BETA_X5] mode=OFF radar_adj=0 mom= conf=0
[BETA_X5] [1;36m11:09:27[0m [1;33mx5[0m [1;36m#43[0m SKIP tension=[1;36m0.00000000[0m [0m| momentum_too_small [1;31mconf=0.3497[0m
[BETA_X5] mode=OFF radar_adj=0 mom= conf=0
[ALPHA_X13_BURST13] [BARRIER_TIMEOUT] BETA en retard, ouverture forcée de la barrière au cycle 17
[ALPHA_X13_BURST13] mode=OFF radar_adj=0 mom= conf=0
[BETA_X5] [1;36mentry=11:09:40@64116.80000000[0m [1;33mx5[0m [1;36m#44[0m [1;33mSELL[0m tension=[1;32m1.34034566[0m hold=[1;36m5[0ms sec=[1;36m5[0m [0m| exit=64116.80000000 [1;32mconf=0.9737[0m [1;36mexit_time=11:09:46[0m [1;33mpnl=-0.00000000 bps=-0.00000000 pct=-0.00000000% total=0.17262[0m
[ALPHA_X13_BURST13] [1;36m11:09:48[0m [1;33mx5[0m [1;36m#17[0m SKIP tension=[1;32m1.54679462[0m [0m| duo no_trigger
[BETA_X5] mode=OFF radar_adj=0 mom= conf=0
[BETA_X5] [1;36m11:09:56[0m [1;33mx5[0m [1;36m#45[0m SKIP tension=[1;36m0.00000000[0m [0m| momentum_too_small [1;31mconf=0.3398[0m
[BETA_X5] mode=OFF radar_adj=0 mom= conf=0
[BETA_X5] [1;36m11:10:04[0m [1;33mx5[0m [1;36m#46[0m SKIP tension=[1;33m0.87879723[0m [0m| wall_not_collapsed
[ALPHA_X13_BURST13] [BARRIER_TIMEOUT] BETA en retard, ouverture forcée de la barrière au cycle 18
[BETA_X5] mode=OFF radar_adj=0 mom= conf=0
[ALPHA_X13_BURST13] mode=OFF radar_adj=0 mom= conf=0
[ALPHA_X13_BURST13] [1;36m11:10:13[0m [1;33mx5[0m [1;36m#18[0m SKIP tension=[1;36m0.00000000[0m [0m| momentum_too_small [1;31mconf=0.3408[0m
[BETA_X5] [1;36mentry=11:10:14@64116.50000000[0m [1;33mx5[0m [1;36m#47[0m [1;32mSELL[0m tension=[1;32m1.13537020[0m hold=[1;36m6[0ms sec=[1;36m6[0m [0m| exit=64116.30000000 [1;32mconf=0.9737[0m [1;36mexit_time=11:10:21[0m [1;32mpnl=0.00504000 bps=0.03119322 pct=0.00031193% total=0.17765999999999998[0m
[BETA_X5] mode=OFF radar_adj=0 mom= conf=0
[BETA_X5] [1;36m11:10:30[0m [1;33mx5[0m [1;36m#48[0m SKIP tension=[1;36m0.00000000[0m [0m| momentum_too_small [1;31mconf=0.3306[0m
[ALPHA_X13_BURST13] [BARRIER_TIMEOUT] BETA en retard, ouverture forcée de la barrière au cycle 19
[BETA_X5] mode=OFF radar_adj=0 mom= conf=0
[ALPHA_X13_BURST13] mode=OFF radar_adj=0 mom= conf=0
[ALPHA_X13_BURST13] [1;36m11:10:38[0m [1;33mx5[0m [1;36m#19[0m SKIP tension=[1;36m0.68215559[0m [0m| wall_not_collapsed
[BETA_X5] [1;36m11:10:38[0m [1;33mx5[0m [1;36m#49[0m SKIP tension=[1;36m0.00001263[0m [0m| momentum_too_small [1;31mconf=0.0[0m
[BETA_X5] mode=OFF radar_adj=0 mom= conf=0
[BETA_X5] [1;36m11:10:46[0m [1;33mx5[0m [1;36m#50[0m SKIP tension=[1;36m0.00000000[0m [0m| momentum_too_small [1;31mconf=0.3203[0m
[BETA_X5] mode=OFF radar_adj=0 mom= conf=0
[BETA_X5] [1;36m11:10:54[0m [1;33mx5[0m [1;36m#51[0m SKIP tension=[1;36m0.79990645[0m [0m| wall_not_collapsed
[ALPHA_X13_BURST13] [BARRIER_TIMEOUT] BETA en retard, ouverture forcée de la barrière au cycle 20
[BETA_X5] mode=OFF radar_adj=0 mom= conf=0
[ALPHA_X13_BURST13] mode=OFF radar_adj=0 mom= conf=0
[BETA_X5] [1;36m11:11:01[0m [1;33mx5[0m [1;36m#52[0m SKIP tension=[1;36m0.00000000[0m [0m| momentum_too_small [1;31mconf=0.3241[0m
[ALPHA_X13_BURST13] [1;36m11:11:03[0m [1;33mx5[0m [1;36m#20[0m SKIP tension=[1;36m0.00004432[0m [0m| momentum_too_small [1;31mconf=0.0001[0m
[BETA_X5] mode=OFF radar_adj=0 mom= conf=0
[BETA_X5] [1;36mCycle 53[0m [1;32mSOFT anomaly[0m [1;33m| pnl_abs=0.08525000 > 0.02500000[0m
[BETA_X5] [1;36mentry=11:11:10@64109.70000000[0m [1;33mx5[0m [1;36m#53[0m [1;31mSELL[0m tension=[1;31m2.08111270[0m hold=[1;36m7[0ms sec=[1;36m7[0m [0m| exit=64115.20000000 [1;32mconf=0.8772[0m [1;36mexit_time=11:11:17[0m [1;31mpnl=-0.08525000 bps=-0.85790450 pct=-0.00857904% total=0.09240999999999998[0m
[ALPHA_X13_BURST13] [BARRIER_TIMEOUT] BETA en retard, ouverture forcée de la barrière au cycle 21
[BETA_X5] mode=OFF radar_adj=0 mom= conf=0
[ALPHA_X13_BURST13] mode=OFF radar_adj=0 mom= conf=0
[ALPHA_X13_BURST13] [1;36m11:11:28[0m [1;33mx5[0m [1;36m#21[0m SKIP tension=[1;36m0.00001288[0m [0m| momentum_too_small [1;31mconf=0.0[0m
[BETA_X5] [1;36m11:11:31[0m [1;33mx5[0m [1;36m#54[0m SKIP tension=[1;36m0.00000000[0m [0m| momentum_too_small [1;31mconf=0.3186[0m
[BETA_X5] mode=OFF radar_adj=0 mom= conf=0
[BETA_X5] [1;36m11:11:39[0m [1;33mx5[0m [1;36m#55[0m SKIP tension=[1;36m0.00000803[0m [0m| momentum_too_small [1;31mconf=0.0[0m
[BETA_X5] mode=OFF radar_adj=0 mom= conf=0
[ALPHA_X13_BURST13] [BARRIER_TIMEOUT] BETA en retard, ouverture forcée de la barrière au cycle 22
[ALPHA_X13_BURST13] mode=OFF radar_adj=0 mom= conf=0
[ALPHA_X13_BURST13] [1;36m11:11:53[0m [1;33mx5[0m [1;36m#22[0m SKIP tension=[1;32m1.97559647[0m [0m| duo no_trigger
[BETA_X5] [1;36mentry=11:11:49@64115.10000000[0m [1;33mx5[0m [1;36m#56[0m [1;33mSELL[0m tension=[1;31m2.00516812[0m hold=[1;36m6[0ms sec=[1;36m6[0m [0m| exit=64115.10000000 [1;32mconf=0.9103[0m [1;36mexit_time=11:11:55[0m [1;33mpnl=-0.00000000 bps=-0.00000000 pct=-0.00000000% total=0.09240999999999998[0m
[BETA_X5] mode=OFF radar_adj=0 mom= conf=0
[ALPHA_X13_BURST13] [BARRIER_TIMEOUT] BETA en retard, ouverture forcée de la barrière au cycle 23
[ALPHA_X13_BURST13] mode=OFF radar_adj=0 mom= conf=0
[BETA_X5] [1;36mCycle 57[0m [1;32mSOFT anomaly[0m [1;33m| pnl_abs=0.03465000 > 0.02500000[0m
[BETA_X5] [1;36mentry=11:12:06@64115.10000000[0m [1;33mx5[0m [1;36m#57[0m [1;32mSELL[0m tension=[1;32m1.16046586[0m hold=[1;36m9[0ms sec=[1;36m9[0m [0m| exit=64110.60000000 [1;32mconf=0.8392[0m [1;36mexit_time=11:12:15[0m [1;32mpnl=0.03465000 bps=0.70186274 pct=0.00701863% total=0.12705999999999998[0m
[BETA_X5] mode=OFF radar_adj=0 mom= conf=0
[ALPHA_X13_BURST13] [1;36m11:12:19[0m [1;33mx5[0m [1;36m#23[0m SKIP tension=[1;36m0.06248109[0m [0m| direction_unclear [1;31mconf=0.1024[0m
[BETA_X5] [1;36mentry=11:12:25@64125.10000000[0m [1;33mx5[0m [1;36m#58[0m [1;31mSELL[0m tension=[1;32m1.77359246[0m hold=[1;36m7[0ms sec=[1;36m7[0m [0m| exit=64125.20000000 [1;32mconf=0.9834[0m [1;36mexit_time=11:12:33[0m [1;31mpnl=-0.00077000 bps=-0.01559452 pct=-0.00015595% total=0.12628999999999999[0m
[ALPHA_X13_BURST13] [BARRIER_TIMEOUT] BETA en retard, ouverture forcée de la barrière au cycle 24
[BETA_X5] mode=OFF radar_adj=0 mom= conf=0
[ALPHA_X13_BURST13] mode=OFF radar_adj=0 mom= conf=0
[BETA_X5] [1;36m11:12:43[0m [1;33mx5[0m [1;36m#59[0m SKIP tension=[1;36m0.00004578[0m [0m| momentum_too_small [1;31mconf=0.0001[0m
[BETA_X5] mode=OFF radar_adj=0 mom= conf=0
[ALPHA_X13_BURST13] [1;36mCycle 24[0m [1;31mENTRY error[0m [1;31m| code=-2019 msg=Margin is insufficient.[0m
[BETA_X5] [1;36m11:12:51[0m [1;33mx5[0m [1;36m#60[0m SKIP tension=[1;36m0.00000000[0m [0m| momentum_too_small [1;31mconf=0.3289[0m
[BETA_X5] mode=OFF radar_adj=0 mom= conf=0
[BETA_X5] [1;36m11:12:59[0m [1;33mx5[0m [1;36m#61[0m SKIP tension=[1;36m0.00042418[0m [0m| momentum_too_small [1;31mconf=0.0006[0m
[BETA_X5] mode=OFF radar_adj=0 mom= conf=0
[ALPHA_X13_BURST13] [BARRIER_TIMEOUT] BETA en retard, ouverture forcée de la barrière au cycle 25
[ALPHA_X13_BURST13] mode=OFF radar_adj=0 mom= conf=0
[BETA_X5] [1;36m11:13:07[0m [1;33mx5[0m [1;36m#62[0m SKIP tension=[1;36m0.00000000[0m [0m| momentum_too_small [1;31mconf=0.29[0m
[BETA_X5] mode=OFF radar_adj=0 mom= conf=0
[ALPHA_X13_BURST13] [1;36m11:13:11[0m [1;33mx5[0m [1;36m#25[0m SKIP tension=[1;36m0.63436956[0m [0m| wall_not_collapsed
[BETA_X5] [1;36m11:13:15[0m [1;33mx5[0m [1;36m#63[0m SKIP tension=[1;36m0.00001212[0m [0m| momentum_too_small [1;31mconf=0.0[0m
[BETA_X5] mode=OFF radar_adj=0 mom= conf=0
[BETA_X5] [1;36m11:13:22[0m [1;33mx5[0m [1;36m#64[0m SKIP tension=[1;36m0.00000000[0m [0m| momentum_too_small [1;31mconf=0.3104[0m
[BETA_X5] mode=OFF radar_adj=0 mom= conf=0
[ALPHA_X13_BURST13] [BARRIER_TIMEOUT] BETA en retard, ouverture forcée de la barrière au cycle 26
[BETA_X5] [1;36m11:13:30[0m [1;33mx5[0m [1;36m#65[0m SKIP tension=[1;36m0.00030571[0m [0m| momentum_too_small [1;31mconf=0.0005[0m
[ALPHA_X13_BURST13] mode=OFF radar_adj=0 mom= conf=0
[BETA_X5] mode=OFF radar_adj=0 mom= conf=0
[ALPHA_X13_BURST13] [1;36m11:13:36[0m [1;33mx5[0m [1;36m#26[0m SKIP tension=[1;36m0.48582915[0m [0m| wall_not_collapsed
[BETA_X5] [1;36m11:13:38[0m [1;33mx5[0m [1;36m#66[0m SKIP tension=[1;36m0.31160721[0m [0m| wall_not_collapsed
[BETA_X5] mode=OFF radar_adj=0 mom= conf=0
[BETA_X5] [1;36mCycle 67[0m [1;32mSOFT anomaly[0m [1;33m| pnl_abs=0.07161000 > 0.02500000[0m
[ALPHA_X13_BURST13] [BARRIER_TIMEOUT] BETA en retard, ouverture forcée de la barrière au cycle 27
[BETA_X5] [1;36mentry=11:13:47@64145.60000000[0m [1;33mx5[0m [1;36m#67[0m [1;32mSELL[0m tension=[1;31m3.65688376[0m hold=[1;36m6[0ms sec=[1;36m6[0m [0m| exit=64136.30000000 [1;32mconf=0.9094[0m [1;36mexit_time=11:13:54[0m [1;32mpnl=0.07161000 bps=1.44982664 pct=0.01449827% total=0.19789999999999996[0m
[ALPHA_X13_BURST13] mode=OFF radar_adj=0 mom= conf=0
[BETA_X5] mode=OFF radar_adj=0 mom= conf=0
[ALPHA_X13_BURST13] [1;36m11:14:01[0m [1;33mx5[0m [1;36m#27[0m SKIP tension=[1;36m0.00000000[0m [0m| momentum_too_small [1;31mconf=0.3459[0m
[BETA_X5] [1;36m11:14:03[0m [1;33mx5[0m [1;36m#68[0m SKIP tension=[1;33m0.99195498[0m [0m| wall_not_collapsed
[BETA_X5] mode=OFF radar_adj=0 mom= conf=0
[BETA_X5] [1;36m11:14:11[0m [1;33mx5[0m [1;36m#69[0m SKIP tension=[1;36m0.00005234[0m [0m| momentum_too_small [1;31mconf=0.0001[0m
[BETA_X5] mode=OFF radar_adj=0 mom= conf=0
[BETA_X5] [1;36m11:14:19[0m [1;33mx5[0m [1;36m#70[0m SKIP tension=[1;36m0.00270120[0m [0m| momentum_too_small [1;31mconf=0.0044[0m
[ALPHA_X13_BURST13] [BARRIER_TIMEOUT] BETA en retard, ouverture forcée de la barrière au cycle 28
[ALPHA_X13_BURST13] mode=OFF radar_adj=0 mom= conf=0
[BETA_X5] mode=OFF radar_adj=0 mom= conf=0
[ALPHA_X13_BURST13] [1;36m11:14:27[0m [1;33mx5[0m [1;36m#28[0m SKIP tension=[1;32m1.02462625[0m [0m| duo no_trigger
[BETA_X5] [1;36m11:14:28[0m [1;33mx5[0m [1;36m#71[0m SKIP tension=[1;36m0.00000000[0m [0m| momentum_too_small [1;31mconf=0.3493[0m
[BETA_X5] mode=OFF radar_adj=0 mom= conf=0
[BETA_X5] [1;36m11:14:36[0m [1;33mx5[0m [1;36m#72[0m SKIP tension=[1;36m0.00000000[0m [0m| momentum_too_small [1;31mconf=0.3497[0m
[BETA_X5] mode=OFF radar_adj=0 mom= conf=0
[ALPHA_X13_BURST13] [BARRIER_TIMEOUT] BETA en retard, ouverture forcée de la barrière au cycle 29
[BETA_X5] [1;36m11:14:45[0m [1;33mx5[0m [1;36m#73[0m SKIP tension=[1;36m0.00000000[0m [0m| momentum_too_small [1;31mconf=0.3483[0m
[ALPHA_X13_BURST13] mode=OFF radar_adj=0 mom= conf=0
[BETA_X5] mode=OFF radar_adj=0 mom= conf=0
[ALPHA_X13_BURST13] [1;36m11:14:52[0m [1;33mx5[0m [1;36m#29[0m SKIP tension=[1;36m0.00000000[0m [0m| momentum_too_small [1;31mconf=0.3483[0m
[BETA_X5] [1;36mentry=11:14:54@64145.00000000[0m [1;33mx5[0m [1;36m#74[0m [1;33mSELL[0m tension=[1;32m1.25532236[0m hold=[1;36m7[0ms sec=[1;36m7[0m [0m| exit=64145.00000000 [1;32mconf=0.9951[0m [1;36mexit_time=11:15:01[0m [1;33mpnl=-0.00000000 bps=-0.00000000 pct=-0.00000000% total=0.19789999999999996[0m
[BETA_X5] mode=OFF radar_adj=0 mom= conf=0
[ALPHA_X13_BURST13] [BARRIER_TIMEOUT] BETA en retard, ouverture forcée de la barrière au cycle 30
[BETA_X5] [1;36m11:15:11[0m [1;33mx5[0m [1;36m#75[0m SKIP tension=[1;36m0.00002565[0m [0m| momentum_too_small [1;31mconf=0.0[0m
[ALPHA_X13_BURST13] mode=OFF radar_adj=0 mom= conf=0
[BETA_X5] mode=OFF radar_adj=0 mom= conf=0
[ALPHA_X13_BURST13] [1;36m11:15:18[0m [1;33mx5[0m [1;36m#30[0m SKIP tension=[1;32m1.09911563[0m [0m| duo no_trigger
[BETA_X5] [1;36mentry=11:15:20@64145.60000000[0m [1;33mx5[0m [1;36m#76[0m [1;31mSELL[0m tension=[1;31m2.36726592[0m hold=[1;36m7[0ms sec=[1;36m7[0m [0m| exit=64145.70000000 [1;32mconf=0.9415[0m [1;36mexit_time=11:15:27[0m [1;31mpnl=-0.00077000 bps=-0.01558953 pct=-0.00015590% total=0.19712999999999997[0m
[BETA_X5] mode=OFF radar_adj=0 mom= conf=0
[ALPHA_X13_BURST13] [BARRIER_TIMEOUT] BETA en retard, ouverture forcée de la barrière au cycle 31
[ALPHA_X13_BURST13] mode=OFF radar_adj=0 mom= conf=0
[ALPHA_X13_BURST13] [1;36m11:15:43[0m [1;33mx5[0m [1;36m#31[0m SKIP tension=[1;36m0.71893542[0m [0m| wall_not_collapsed
[BETA_X5] [1;36mentry=11:15:38@64151.60000000[0m [1;33mx5[0m [1;36m#77[0m [1;33mSELL[0m tension=[1;31m4.95042330[0m hold=[1;36m5[0ms sec=[1;36m5[0m [0m| exit=64151.60000000 [1;32mconf=0.8831[0m [1;36mexit_time=11:15:43[0m [1;33mpnl=-0.00000000 bps=-0.00000000 pct=-0.00000000% total=0.19712999999999997[0m
[BETA_X5] mode=OFF radar_adj=0 mom= conf=0
[BETA_X5] [1;36m11:15:58[0m [1;33mx5[0m [1;36m#78[0m SKIP tension=[1;31m6.94777164[0m [0m| tactic short vs long
[BETA_X5] mode=OFF radar_adj=0 mom= conf=0
[ALPHA_X13_BURST13] [BARRIER_TIMEOUT] BETA en retard, ouverture forcée de la barrière au cycle 32
[ALPHA_X13_BURST13] mode=OFF radar_adj=0 mom= conf=0
[ALPHA_X13_BURST13] [1;36m11:16:09[0m [1;33mx5[0m [1;36m#32[0m SKIP tension=[1;36m0.33974884[0m [0m| wall_not_collapsed
[BETA_X5] [1;36mentry=11:16:08@64139.40000000[0m [1;33mx5[0m [1;36m#79[0m [1;31mSELL[0m tension=[1;31m4.52761279[0m hold=[1;36m7[0ms sec=[1;36m7[0m [0m| exit=64140.10000000 [1;32mconf=0.9981[0m [1;36mexit_time=11:16:15[0m [1;31mpnl=-0.01085000 bps=-0.10913729 pct=-0.00109137% total=0.18627999999999997[0m
[BETA_X5] mode=OFF radar_adj=0 mom= conf=0
[BETA_X5] [1;36m11:16:24[0m [1;33mx5[0m [1;36m#80[0m SKIP tension=[1;36m0.00000739[0m [0m| momentum_too_small [1;31mconf=0.0[0m
[BETA_X5] mode=OFF radar_adj=0 mom= conf=0
[ALPHA_X13_BURST13] [BARRIER_TIMEOUT] BETA en retard, ouverture forcée de la barrière au cycle 33
[ALPHA_X13_BURST13] mode=OFF radar_adj=0 mom= conf=0
[ALPHA_X13_BURST13] [1;36m11:16:34[0m [1;33mx5[0m [1;36m#33[0m SKIP tension=[1;36m0.00003498[0m [0m| momentum_too_small [1;31mconf=0.0[0m
[BETA_X5] [1;36mCycle 81[0m [1;32mSOFT anomaly[0m [1;33m| pnl_abs=0.38440000 > 0.02500000[0m
[BETA_X5] [1;36mentry=11:16:34@64130.60000000[0m [1;33mx5[0m [1;36m#81[0m [1;32mSELL[0m tension=[1;31m6.48296807[0m hold=[1;36m6[0ms sec=[1;36m6[0m [0m| exit=64105.80000000 [1;33mconf=0.6872[0m [1;36mexit_time=11:16:40[0m [1;32mpnl=0.38440000 bps=3.86710868 pct=0.03867109% total=0.57068[0m
[BETA_X5] mode=OFF radar_adj=0 mom= conf=0
[BETA_X5] [1;36m11:16:49[0m [1;33mx5[0m [1;36m#82[0m SKIP tension=[1;33m0.95527525[0m [0m| wall_not_collapsed
[BETA_X5] mode=OFF radar_adj=0 mom= conf=0
[ALPHA_X13_BURST13] [BARRIER_TIMEOUT] BETA en retard, ouverture forcée de la barrière au cycle 34
[ALPHA_X13_BURST13] mode=OFF radar_adj=0 mom= conf=0
[BETA_X5] [1;36m11:16:57[0m [1;33mx5[0m [1;36m#83[0m SKIP tension=[1;36m0.00000932[0m [0m| momentum_too_small [1;31mconf=0.0[0m
[BETA_X5] mode=OFF radar_adj=0 mom= conf=0
[ALPHA_X13_BURST13] [1;36m11:17:00[0m [1;33mx5[0m [1;36m#34[0m SKIP tension=[1;36m0.00001463[0m [0m| momentum_too_small [1;31mconf=0.0[0m
[BETA_X5] [1;36m11:17:05[0m [1;33mx5[0m [1;36m#84[0m SKIP tension=[1;36m0.00000000[0m [0m| momentum_too_small [1;31mconf=0.3497[0m
[BETA_X5] mode=OFF radar_adj=0 mom= conf=0
[BETA_X5] [1;36m11:17:13[0m [1;33mx5[0m [1;36m#85[0m SKIP tension=[1;36m0.00049259[0m [0m| momentum_too_small [1;31mconf=0.0008[0m
[BETA_X5] mode=OFF radar_adj=0 mom= conf=0
[ALPHA_X13_BURST13] [BARRIER_TIMEOUT] BETA en retard, ouverture forcée de la barrière au cycle 35
[ALPHA_X13_BURST13] mode=OFF radar_adj=0 mom= conf=0
[BETA_X5] [1;36m11:17:22[0m [1;33mx5[0m [1;36m#86[0m SKIP tension=[1;36m0.75941347[0m [0m| wall_not_collapsed
[BETA_X5] mode=OFF radar_adj=0 mom= conf=0
[ALPHA_X13_BURST13] [1;36m11:17:25[0m [1;33mx5[0m [1;36m#35[0m SKIP tension=[1;36m0.00004889[0m [0m| momentum_too_small [1;31mconf=0.0001[0m
[BETA_X5] [1;36m11:17:30[0m [1;33mx5[0m [1;36m#87[0m SKIP tension=[1;36m0.00009186[0m [0m| momentum_too_small [1;31mconf=0.0002[0m
[BETA_X5] mode=OFF radar_adj=0 mom= conf=0
[ALPHA_X13_BURST13] [BARRIER_TIMEOUT] BETA en retard, ouverture forcée de la barrière au cycle 36
[BETA_X5] [1;36m11:17:45[0m [1;33mx5[0m [1;36m#88[0m SKIP tension=[1;36m0.00031408[0m [0m| momentum_too_small [1;31mconf=0.0005[0m
[ALPHA_X13_BURST13] mode=OFF radar_adj=0 mom= conf=0
[BETA_X5] mode=OFF radar_adj=0 mom= conf=0
[ALPHA_X13_BURST13] [1;36m11:17:50[0m [1;33mx5[0m [1;36m#36[0m SKIP tension=[1;36m0.00008445[0m [0m| momentum_too_small [1;31mconf=0.0001[0m
[BETA_X5] [1;36m11:17:52[0m [1;33mx5[0m [1;36m#89[0m SKIP tension=[1;36m0.00006074[0m [0m| momentum_too_small [1;31mconf=0.0001[0m
[BETA_X5] mode=OFF radar_adj=0 mom= conf=0
[BETA_X5] [1;36m11:18:02[0m [1;33mx5[0m [1;36m#90[0m SKIP tension=[1;36m0.00000000[0m [0m| momentum_too_small [1;31mconf=0.3323[0m
[BETA_X5] mode=OFF radar_adj=0 mom= conf=0
[ALPHA_X13_BURST13] [BARRIER_TIMEOUT] BETA en retard, ouverture forcée de la barrière au cycle 37
[ALPHA_X13_BURST13] mode=OFF radar_adj=0 mom= conf=0
[BETA_X5] [1;36m11:18:11[0m [1;33mx5[0m [1;36m#91[0m SKIP tension=[1;36m0.00005555[0m [0m| momentum_too_small [1;31mconf=0.0001[0m
[BETA_X5] mode=OFF radar_adj=0 mom= conf=0
[ALPHA_X13_BURST13] [1;36m11:18:16[0m [1;33mx5[0m [1;36m#37[0m SKIP tension=[1;36m0.00005512[0m [0m| momentum_too_small [1;31mconf=0.0001[0m
[BETA_X5] [1;36m11:18:19[0m [1;33mx5[0m [1;36m#92[0m SKIP tension=[1;36m0.33505782[0m [0m| wall_not_collapsed
[BETA_X5] mode=OFF radar_adj=0 mom= conf=0
[BETA_X5] [1;36m11:18:28[0m [1;33mx5[0m [1;36m#93[0m SKIP tension=[1;36m0.00000000[0m [0m| momentum_too_small [1;31mconf=0.3206[0m
[BETA_X5] mode=OFF radar_adj=0 mom= conf=0
[ALPHA_X13_BURST13] [BARRIER_TIMEOUT] BETA en retard, ouverture forcée de la barrière au cycle 38
[BETA_X5] [1;36m11:18:36[0m [1;33mx5[0m [1;36m#94[0m SKIP tension=[1;36m0.00000000[0m [0m| momentum_too_small [1;31mconf=0.3206[0m
[ALPHA_X13_BURST13] mode=OFF radar_adj=0 mom= conf=0
[BETA_X5] mode=OFF radar_adj=0 mom= conf=0
[ALPHA_X13_BURST13] [1;36m11:18:41[0m [1;33mx5[0m [1;36m#38[0m SKIP tension=[1;36m0.00000000[0m [0m| momentum_too_small [1;31mconf=0.3206[0m
[ALPHA_X13_BURST13] [BARRIER_TIMEOUT] BETA en retard, ouverture forcée de la barrière au cycle 39
[BETA_X5] [1;36mentry=11:18:51@64092.30000000[0m [1;33mx5[0m [1;36m#95[0m [1;31mSELL[0m tension=[1;32m1.37516386[0m hold=[1;36m8[0ms sec=[1;36m8[0m [0m| exit=64094.00000000 [1;32mconf=0.9152[0m [1;36mexit_time=11:18:59[0m [1;31mpnl=-0.01326000 bps=-0.26524247 pct=-0.00265242% total=0.5574199999999999[0m
[ALPHA_X13_BURST13] mode=OFF radar_adj=0 mom= conf=0
[BETA_X5] mode=OFF radar_adj=0 mom= conf=0
[ALPHA_X13_BURST13] [1;36m11:19:07[0m [1;33mx5[0m [1;36m#39[0m SKIP tension=[1;36m0.35795535[0m [0m| wall_not_collapsed
[BETA_X5] [1;36m11:19:09[0m [1;33mx5[0m [1;36m#96[0m SKIP tension=[1;36m0.73295620[0m [0m| wall_not_collapsed
[BETA_X5] mode=OFF radar_adj=0 mom= conf=0
[BETA_X5] [1;36m11:19:17[0m [1;33mx5[0m [1;36m#97[0m SKIP tension=[1;36m0.59944382[0m [0m| wall_not_collapsed
[BETA_X5] mode=OFF radar_adj=0 mom= conf=0
[ALPHA_X13_BURST13] [BARRIER_TIMEOUT] BETA en retard, ouverture forcée de la barrière au cycle 40
[BETA_X5] [1;36m11:19:26[0m [1;33mx5[0m [1;36m#98[0m SKIP tension=[1;36m0.00006392[0m [0m| momentum_too_small [1;31mconf=0.0001[0m
[ALPHA_X13_BURST13] mode=OFF radar_adj=0 mom= conf=0
[BETA_X5] mode=OFF radar_adj=0 mom= conf=0
[ALPHA_X13_BURST13] [1;36m11:19:32[0m [1;33mx5[0m [1;36m#40[0m SKIP tension=[1;36m0.00000000[0m [0m| momentum_too_small [1;31mconf=0.3172[0m
[BETA_X5] [1;36m11:19:34[0m [1;33mx5[0m [1;36m#99[0m SKIP tension=[1;36m0.00000747[0m [0m| momentum_too_small [1;31mconf=0.0[0m
[BETA_X5] mode=OFF radar_adj=0 mom= conf=0
[BETA_X5] [1;36m11:19:42[0m [1;33mx5[0m [1;36m#100[0m SKIP tension=[1;36m0.34975990[0m [0m| wall_not_collapsed
[BETA_X5] mode=OFF radar_adj=0 mom= conf=0
[ALPHA_X13_BURST13] [BARRIER_TIMEOUT] BETA en retard, ouverture forcée de la barrière au cycle 41
[BETA_X5] [1;36m11:19:51[0m [1;33mx5[0m [1;36m#101[0m SKIP tension=[1;36m0.00000000[0m [0m| momentum_too_small [1;31mconf=0.3172[0m
[ALPHA_X13_BURST13] mode=OFF radar_adj=0 mom= conf=0
[BETA_X5] mode=OFF radar_adj=0 mom= conf=0
[ALPHA_X13_BURST13] [1;36m11:19:58[0m [1;33mx5[0m [1;36m#41[0m SKIP tension=[1;36m0.18963373[0m [0m| direction_unclear [1;31mconf=0.2865[0m
[BETA_X5] [1;36m11:19:59[0m [1;33mx5[0m [1;36m#102[0m SKIP tension=[1;36m0.00000345[0m [0m| momentum_too_small [1;31mconf=0.0[0m
[BETA_X5] mode=OFF radar_adj=0 mom= conf=0
[ALPHA_X13_BURST13] [BARRIER_TIMEOUT] BETA en retard, ouverture forcée de la barrière au cycle 42
[BETA_X5] [1;36mentry=11:20:09@64092.40000000[0m [1;33mx5[0m [1;36m#103[0m [1;33mSELL[0m tension=[1;31m2.38287004[0m hold=[1;36m6[0ms sec=[1;36m6[0m [0m| exit=64092.40000000 [1;32mconf=0.9064[0m [1;36mexit_time=11:20:15[0m [1;33mpnl=-0.00000000 bps=-0.00000000 pct=-0.00000000% total=0.5574199999999999[0m
[ALPHA_X13_BURST13] mode=OFF radar_adj=0 mom= conf=0
[BETA_X5] mode=OFF radar_adj=0 mom= conf=0
[ALPHA_X13_BURST13] [1;36m11:20:23[0m [1;33mx5[0m [1;36m#42[0m SKIP tension=[1;36m0.01011226[0m [0m| direction_unclear [1;31mconf=0.0153[0m
[BETA_X5] [1;36m11:20:29[0m [1;33mx5[0m [1;36m#104[0m SKIP tension=[1;36m0.01458410[0m [0m| direction_unclear [1;31mconf=0.022[0m
[BETA_X5] mode=OFF radar_adj=0 mom= conf=0
[ALPHA_X13_BURST13] [BARRIER_TIMEOUT] BETA en retard, ouverture forcée de la barrière au cycle 43
[ALPHA_X13_BURST13] mode=OFF radar_adj=0 mom= conf=0
[BETA_X5] [1;36mentry=11:20:39@64092.40000000[0m [1;33mx5[0m [1;36m#105[0m [1;33mSELL[0m tension=[1;32m1.04236883[0m hold=[1;36m6[0ms sec=[1;36m6[0m [0m| exit=64092.40000000 [1;32mconf=0.9064[0m [1;36mexit_time=11:20:45[0m [1;33mpnl=-0.00000000 bps=-0.00000000 pct=-0.00000000% total=0.5574199999999999[0m
[ALPHA_X13_BURST13] [1;36m11:20:48[0m [1;33mx5[0m [1;36m#43[0m SKIP tension=[1;33m0.96172138[0m [0m| wall_not_collapsed
[BETA_X5] mode=OFF radar_adj=0 mom= conf=0
[BETA_X5] [1;36m11:20:54[0m [1;33mx5[0m [1;36m#106[0m SKIP tension=[1;36m0.32936155[0m [0m| wall_not_collapsed
[BETA_X5] mode=OFF radar_adj=0 mom= conf=0
[BETA_X5] [1;36m11:21:02[0m [1;33mx5[0m [1;36m#107[0m SKIP tension=[1;36m0.78362539[0m [0m| wall_not_collapsed
[BETA_X5] mode=OFF radar_adj=0 mom= conf=0
[ALPHA_X13_BURST13] [BARRIER_TIMEOUT] BETA en retard, ouverture forcée de la barrière au cycle 44
[ALPHA_X13_BURST13] mode=OFF radar_adj=0 mom= conf=0
[BETA_X5] [1;36m11:21:10[0m [1;33mx5[0m [1;36m#108[0m SKIP tension=[1;36m0.19859642[0m [0m| direction_unclear [1;31mconf=0.2477[0m
[BETA_X5] mode=OFF radar_adj=0 mom= conf=0
[ALPHA_X13_BURST13] [1;36m11:21:14[0m [1;33mx5[0m [1;36m#44[0m SKIP tension=[1;32m1.00785697[0m [0m| tactic short vs long
[BETA_X5] [1;36m11:21:18[0m [1;33mx5[0m [1;36m#109[0m SKIP tension=[1;36m0.00000000[0m [0m| momentum_too_small [1;31mconf=0.2623[0m
[BETA_X5] mode=OFF radar_adj=0 mom= conf=0
[BETA_X5] [1;36m11:21:25[0m [1;33mx5[0m [1;36m#110[0m SKIP tension=[1;36m0.33993700[0m [0m| wall_not_collapsed
[BETA_X5] mode=OFF radar_adj=0 mom= conf=0
[ALPHA_X13_BURST13] [BARRIER_TIMEOUT] BETA en retard, ouverture forcée de la barrière au cycle 45
[BETA_X5] [1;36m11:21:33[0m [1;33mx5[0m [1;36m#111[0m SKIP tension=[1;36m0.00000899[0m [0m| momentum_too_small [1;31mconf=0.0[0m
[BETA_X5] mode=OFF radar_adj=0 mom= conf=0
[ALPHA_X13_BURST13] mode=OFF radar_adj=0 mom= conf=0
[BETA_X5] [1;36m11:21:41[0m [1;33mx5[0m [1;36m#112[0m SKIP tension=[1;36m0.45137461[0m [0m| wall_not_collapsed
[BETA_X5] mode=OFF radar_adj=0 mom= conf=0
[ALPHA_X13_BURST13] [1;36m11:21:45[0m [1;33mx5[0m [1;36m#45[0m SKIP tension=[1;36m0.22513972[0m [0m| wall_not_collapsed
[BETA_X5] [1;36m11:21:49[0m [1;33mx5[0m [1;36m#113[0m SKIP tension=[1;36m0.36048041[0m [0m| wall_not_collapsed
[BETA_X5] mode=OFF radar_adj=0 mom= conf=0
[BETA_X5] [1;36m11:21:57[0m [1;33mx5[0m [1;36m#114[0m SKIP tension=[1;36m0.00002724[0m [0m| momentum_too_small [1;31mconf=0.0[0m
[BETA_X5] mode=OFF radar_adj=0 mom= conf=0
[ALPHA_X13_BURST13] [BARRIER_TIMEOUT] BETA en retard, ouverture forcée de la barrière au cycle 46
[ALPHA_X13_BURST13] mode=OFF radar_adj=0 mom= conf=0
[BETA_X5] [1;36m11:22:05[0m [1;33mx5[0m [1;36m#115[0m SKIP tension=[1;33m0.98424623[0m [0m| wall_not_collapsed
[BETA_X5] mode=OFF radar_adj=0 mom= conf=0
[ALPHA_X13_BURST13] [1;36m11:22:09[0m [1;33mx5[0m [1;36m#46[0m SKIP tension=[1;36m0.58493493[0m [0m| wall_not_collapsed
[BETA_X5] [1;36m11:22:12[0m [1;33mx5[0m [1;36m#116[0m SKIP tension=[1;36m0.00001286[0m [0m| momentum_too_small [1;31mconf=0.0[0m
[BETA_X5] mode=OFF radar_adj=0 mom= conf=0
[ALPHA_X13_BURST13] [BARRIER_TIMEOUT] BETA en retard, ouverture forcée de la barrière au cycle 47
[BETA_X5] [1;36mCycle 117[0m [1;32mSOFT anomaly[0m [1;33m| pnl_abs=0.24025000 > 0.02500000[0m
[BETA_X5] [1;36mentry=11:22:21@64112.40000000[0m [1;33mx5[0m [1;36m#117[0m [1;31mSELL[0m tension=[1;32m1.39857470[0m hold=[1;36m6[0ms sec=[1;36m6[0m [0m| exit=64127.90000000 [1;33mconf=0.6511[0m [1;36mexit_time=11:22:28[0m [1;31mpnl=-0.24025000 bps=-2.41762904 pct=-0.02417629% total=0.31716999999999995[0m
[ALPHA_X13_BURST13] mode=OFF radar_adj=0 mom= conf=0
[BETA_X5] mode=OFF radar_adj=0 mom= conf=0
[ALPHA_X13_BURST13] [1;36m11:22:36[0m [1;33mx5[0m [1;36m#47[0m SKIP tension=[1;36m0.00000823[0m [0m| momentum_too_small [1;31mconf=0.0[0m
[BETA_X5] [1;36m11:22:37[0m [1;33mx5[0m [1;36m#118[0m SKIP tension=[1;36m0.07135405[0m [0m| direction_unclear [1;31mconf=0.1156[0m
[BETA_X5] mode=OFF radar_adj=0 mom= conf=0
[ALPHA_X13_BURST13] [BARRIER_TIMEOUT] BETA en retard, ouverture forcée de la barrière au cycle 48
[BETA_X5] [1;36mCycle 119[0m [1;32mSOFT anomaly[0m [1;33m| pnl_abs=0.08701000 > 0.02500000[0m
[BETA_X5] [1;36mentry=11:22:47@64131.70000000[0m [1;33mx5[0m [1;36m#119[0m [1;31mSELL[0m tension=[1;32m1.20469352[0m hold=[1;36m7[0ms sec=[1;36m7[0m [0m| exit=64143.00000000 [1;32mconf=0.9961[0m [1;36mexit_time=11:22:54[0m [1;31mpnl=-0.08701000 bps=-1.76199914 pct=-0.01761999% total=0.23015999999999995[0m
[ALPHA_X13_BURST13] mode=OFF radar_adj=0 mom= conf=0
[BETA_X5] mode=OFF radar_adj=0 mom= conf=0
[ALPHA_X13_BURST13] [1;36m11:23:01[0m [1;33mx5[0m [1;36m#48[0m SKIP tension=[1;36m0.00002010[0m [0m| momentum_too_small [1;31mconf=0.0[0m
[BETA_X5] [1;36m11:23:04[0m [1;33mx5[0m [1;36m#120[0m SKIP tension=[1;36m0.00001032[0m [0m| momentum_too_small [1;31mconf=0.0[0m
[BETA_X5] mode=OFF radar_adj=0 mom= conf=0
[BETA_X5] [1;36m11:23:11[0m [1;33mx5[0m [1;36m#121[0m SKIP tension=[1;36m0.00000000[0m [0m| momentum_too_small [1;31mconf=0.3207[0m
[BETA_X5] mode=OFF radar_adj=0 mom= conf=0
[ALPHA_X13_BURST13] [BARRIER_TIMEOUT] BETA en retard, ouverture forcée de la barrière au cycle 49
[BETA_X5] [1;36m11:23:20[0m [1;33mx5[0m [1;36m#122[0m SKIP tension=[1;36m0.00001323[0m [0m| momentum_too_small [1;31mconf=0.0[0m
[ALPHA_X13_BURST13] mode=OFF radar_adj=0 mom= conf=0
[BETA_X5] mode=OFF radar_adj=0 mom= conf=0
[ALPHA_X13_BURST13] [1;36mCycle 49[0m [1;31mENTRY error[0m [1;31m| code=-2019 msg=Margin is insufficient.[0m
[BETA_X5] [1;36m11:23:28[0m [1;33mx5[0m [1;36m#123[0m SKIP tension=[1;36m0.00001416[0m [0m| momentum_too_small [1;31mconf=0.0[0m
[BETA_X5] mode=OFF radar_adj=0 mom= conf=0
[BETA_X5] [1;36mCycle 124[0m [1;32mSOFT anomaly[0m [1;33m| pnl_abs=0.03619000 > 0.02500000[0m
[BETA_X5] [1;36mentry=11:23:37@64158.40000000[0m [1;33mx5[0m [1;36m#124[0m [1;31mSELL[0m tension=[1;32m1.31355891[0m hold=[1;36m6[0ms sec=[1;36m6[0m [0m| exit=64163.10000000 [1;32mconf=0.9016[0m [1;36mexit_time=11:23:43[0m [1;31mpnl=-0.03619000 bps=-0.73256191 pct=-0.00732562% total=0.19396999999999995[0m
[ALPHA_X13_BURST13] [BARRIER_TIMEOUT] BETA en retard, ouverture forcée de la barrière au cycle 50
[ALPHA_X13_BURST13] mode=OFF radar_adj=0 mom= conf=0
[BETA_X5] mode=OFF radar_adj=0 mom= conf=0
[ALPHA_X13_BURST13] [1;36m11:23:52[0m [1;33mx5[0m [1;36m#50[0m SKIP tension=[1;36m0.77531209[0m [0m| wall_not_collapsed
[BETA_X5] [1;36mentry=11:23:54@64164.90000000[0m [1;33mx5[0m [1;36m#125[0m [1;33mSELL[0m tension=[1;31m2.09660946[0m hold=[1;36m6[0ms sec=[1;36m6[0m [0m| exit=64164.90000000 [1;32mconf=0.9211[0m [1;36mexit_time=11:24:00[0m [1;33mpnl=-0.00000000 bps=-0.00000000 pct=-0.00000000% total=0.19396999999999995[0m
[BETA_X5] mode=OFF radar_adj=0 mom= conf=0
[BETA_X5] [1;36m11:24:09[0m [1;33mx5[0m [1;36m#126[0m SKIP tension=[1;36m0.00001054[0m [0m| momentum_too_small [1;31mconf=0.0[0m
[ALPHA_X13_BURST13] [BARRIER_TIMEOUT] BETA en retard, ouverture forcée de la barrière au cycle 51
[BETA_X5] mode=OFF radar_adj=0 mom= conf=0
[ALPHA_X13_BURST13] mode=OFF radar_adj=0 mom= conf=0
[ALPHA_X13_BURST13] [1;36m11:24:18[0m [1;33mx5[0m [1;36m#51[0m SKIP tension=[1;32m1.90798525[0m [0m| duo no_trigger
[BETA_X5] [1;36mCycle 127[0m [1;32mSOFT anomaly[0m [1;33m| pnl_abs=0.07161000 > 0.02500000[0m
[BETA_X5] [1;36mentry=11:24:24@64164.90000000[0m [1;33mx5[0m [1;36m#127[0m [1;31mSELL[0m tension=[1;32m1.90798133[0m hold=[1;36m6[0ms sec=[1;36m6[0m [0m| exit=64174.20000000 [1;33mconf=0.74[0m [1;36mexit_time=11:24:30[0m [1;31mpnl=-0.07161000 bps=-1.44939055 pct=-0.01449391% total=0.12235999999999995[0m
[BETA_X5] mode=OFF radar_adj=0 mom= conf=0
[ALPHA_X13_BURST13] [BARRIER_TIMEOUT] BETA en retard, ouverture forcée de la barrière au cycle 52
[ALPHA_X13_BURST13] mode=OFF radar_adj=0 mom= conf=0
[ALPHA_X13_BURST13] [1;36m11:24:49[0m [1;33mx5[0m [1;36m#52[0m SKIP tension=[1;36m0.00012148[0m [0m| momentum_too_small [1;31mconf=0.0002[0m
[BETA_X5] [1;36mCycle 128[0m [1;32mSOFT anomaly[0m [1;33m| pnl_abs=0.03619000 > 0.02500000[0m
[BETA_X5] [1;36mentry=11:24:42@64178.90000000[0m [1;33mx5[0m [1;36m#128[0m [1;32mSELL[0m tension=[1;32m1.69903609[0m hold=[1;36m8[0ms sec=[1;36m8[0m [0m| exit=64174.20000000 [1;32mconf=0.9542[0m [1;36mexit_time=11:24:50[0m [1;32mpnl=0.03619000 bps=0.73232791 pct=0.00732328% total=0.15854999999999997[0m
[BETA_X5] mode=OFF radar_adj=0 mom= conf=0
[BETA_X5] [1;36m11:24:59[0m [1;33mx5[0m [1;36m#129[0m SKIP tension=[1;33m0.89301014[0m [0m| wall_not_collapsed
[BETA_X5] mode=OFF radar_adj=0 mom= conf=0
[ALPHA_X13_BURST13] [BARRIER_TIMEOUT] BETA en retard, ouverture forcée de la barrière au cycle 53
[BETA_X5] [1;36m11:25:08[0m [1;33mx5[0m [1;36m#130[0m SKIP tension=[1;36m0.00000553[0m [0m| momentum_too_small [1;31mconf=0.0[0m
[ALPHA_X13_BURST13] mode=OFF radar_adj=0 mom= conf=0
[BETA_X5] mode=OFF radar_adj=0 mom= conf=0
[ALPHA_X13_BURST13] [1;36m11:25:14[0m [1;33mx5[0m [1;36m#53[0m SKIP tension=[1;36m0.00008794[0m [0m| momentum_too_small [1;31mconf=0.0001[0m
[BETA_X5] [1;36m11:25:15[0m [1;33mx5[0m [1;36m#131[0m SKIP tension=[1;36m0.00896149[0m [0m| momentum_too_small [1;31mconf=0.0148[0m
[BETA_X5] mode=OFF radar_adj=0 mom= conf=0
[BETA_X5] [1;36m11:25:23[0m [1;33mx5[0m [1;36m#132[0m SKIP tension=[1;36m0.00041083[0m [0m| momentum_too_small [1;31mconf=0.0007[0m
[BETA_X5] mode=OFF radar_adj=0 mom= conf=0
[BETA_X5] [1;36m11:25:31[0m [1;33mx5[0m [1;36m#133[0m SKIP tension=[1;36m0.00001307[0m [0m| momentum_too_small [1;31mconf=0.0[0m
[ALPHA_X13_BURST13] [BARRIER_TIMEOUT] BETA en retard, ouverture forcée de la barrière au cycle 54
[BETA_X5] mode=OFF radar_adj=0 mom= conf=0
[ALPHA_X13_BURST13] mode=OFF radar_adj=0 mom= conf=0
[ALPHA_X13_BURST13] [1;36m11:25:39[0m [1;33mx5[0m [1;36m#54[0m SKIP tension=[1;36m0.00000000[0m [0m| momentum_too_small [1;31mconf=0.2249[0m
[BETA_X5] [1;36m11:25:40[0m [1;33mx5[0m [1;36m#134[0m SKIP tension=[1;36m0.00000000[0m [0m| momentum_too_small [1;31mconf=0.2249[0m
[BETA_X5] mode=OFF radar_adj=0 mom= conf=0
[BETA_X5] [1;36m11:25:54[0m [1;33mx5[0m [1;36m#135[0m SKIP tension=[1;36m0.27735140[0m [0m| low_confidence [1;31mconf=0.2943[0m
[ALPHA_X13_BURST13] [BARRIER_TIMEOUT] BETA en retard, ouverture forcée de la barrière au cycle 55
[ALPHA_X13_BURST13] mode=OFF radar_adj=0 mom= conf=0
[BETA_X5] mode=OFF radar_adj=0 mom= conf=0
[ALPHA_X13_BURST13] [1;36m11:26:05[0m [1;33mx5[0m [1;36m#55[0m SKIP tension=[1;36m0.00000000[0m [0m| momentum_too_small [1;31mconf=0.2225[0m
[BETA_X5] [1;36m11:26:06[0m [1;33mx5[0m [1;36m#136[0m SKIP tension=[1;36m0.00002922[0m [0m| momentum_too_small [1;31mconf=0.0[0m
[BETA_X5] mode=OFF radar_adj=0 mom= conf=0
[BETA_X5] [1;36m11:26:15[0m [1;33mx5[0m [1;36m#137[0m SKIP tension=[1;36m0.00055831[0m [0m| momentum_too_small [1;31mconf=0.0006[0m
[BETA_X5] mode=OFF radar_adj=0 mom= conf=0
[ALPHA_X13_BURST13] [BARRIER_TIMEOUT] BETA en retard, ouverture forcée de la barrière au cycle 56
[BETA_X5] [1;36m11:26:23[0m [1;33mx5[0m [1;36m#138[0m SKIP tension=[1;36m0.00004820[0m [0m| momentum_too_small [1;31mconf=0.0001[0m
[ALPHA_X13_BURST13] mode=OFF radar_adj=0 mom= conf=0
[BETA_X5] mode=OFF radar_adj=0 mom= conf=0
[ALPHA_X13_BURST13] [1;36m11:26:35[0m [1;33mx5[0m [1;36m#56[0m SKIP tension=[1;36m0.00002153[0m [0m| momentum_too_small [1;31mconf=0.0[0m
[BETA_X5] [1;36m11:26:36[0m [1;33mx5[0m [1;36m#139[0m SKIP tension=[1;36m0.00000718[0m [0m| momentum_too_small [1;31mconf=0.0[0m
[BETA_X5] mode=OFF radar_adj=0 mom= conf=0
[BETA_X5] [1;36m11:26:43[0m [1;33mx5[0m [1;36m#140[0m SKIP tension=[1;36m0.70261906[0m [0m| wall_not_collapsed
[BETA_X5] mode=OFF radar_adj=0 mom= conf=0
[BETA_X5] [1;36m11:26:52[0m [1;33mx5[0m [1;36m#141[0m SKIP tension=[1;36m0.00051305[0m [0m| momentum_too_small [1;31mconf=0.0009[0m
[ALPHA_X13_BURST13] [BARRIER_TIMEOUT] BETA en retard, ouverture forcée de la barrière au cycle 57
[BETA_X5] mode=OFF radar_adj=0 mom= conf=0
[ALPHA_X13_BURST13] mode=OFF radar_adj=0 mom= conf=0
[BETA_X5] [1;36m11:26:59[0m [1;33mx5[0m [1;36m#142[0m SKIP tension=[1;36m0.00000000[0m [0m| momentum_too_small [1;31mconf=0.3353[0m
[ALPHA_X13_BURST13] [1;36m11:27:00[0m [1;33mx5[0m [1;36m#57[0m SKIP tension=[1;36m0.00000000[0m [0m| momentum_too_small [1;31mconf=0.3353[0m
[BETA_X5] mode=OFF radar_adj=0 mom= conf=0
[BETA_X5] [1;36m11:27:08[0m [1;33mx5[0m [1;36m#143[0m SKIP tension=[1;36m0.00004312[0m [0m| momentum_too_small [1;31mconf=0.0001[0m
[BETA_X5] mode=OFF radar_adj=0 mom= conf=0
[BETA_X5] [1;36m11:27:16[0m [1;33mx5[0m [1;36m#144[0m SKIP tension=[1;36m0.00000000[0m [0m| momentum_too_small [1;31mconf=0.3152[0m
[ALPHA_X13_BURST13] [BARRIER_TIMEOUT] BETA en retard, ouverture forcée de la barrière au cycle 58
[BETA_X5] mode=OFF radar_adj=0 mom= conf=0
[ALPHA_X13_BURST13] mode=OFF radar_adj=0 mom= conf=0
[BETA_X5] [1;36m11:27:23[0m [1;33mx5[0m [1;36m#145[0m SKIP tension=[1;36m0.58742800[0m [0m| wall_not_collapsed
[ALPHA_X13_BURST13] [1;36m11:27:25[0m [1;33mx5[0m [1;36m#58[0m SKIP tension=[1;36m0.00001856[0m [0m| momentum_too_small [1;31mconf=0.0[0m
[BETA_X5] mode=OFF radar_adj=0 mom= conf=0
[BETA_X5] [1;36m11:27:32[0m [1;33mx5[0m [1;36m#146[0m SKIP tension=[1;36m0.00000000[0m [0m| momentum_too_small [1;31mconf=0.3152[0m
[BETA_X5] mode=OFF radar_adj=0 mom= conf=0
[BETA_X5] [1;36m11:27:40[0m [1;33mx5[0m [1;36m#147[0m SKIP tension=[1;36m0.00111316[0m [0m| momentum_too_small [1;31mconf=0.0017[0m
[ALPHA_X13_BURST13] [BARRIER_TIMEOUT] BETA en retard, ouverture forcée de la barrière au cycle 59
[ALPHA_X13_BURST13] mode=OFF radar_adj=0 mom= conf=0
[BETA_X5] mode=OFF radar_adj=0 mom= conf=0
[ALPHA_X13_BURST13] [1;36m11:27:50[0m [1;33mx5[0m [1;36m#59[0m SKIP tension=[1;31m2.53210230[0m [0m| duo no_trigger
[BETA_X5] [1;36m11:27:52[0m [1;33mx5[0m [1;36m#148[0m SKIP tension=[1;36m0.26763379[0m [0m| wall_not_collapsed
[BETA_X5] mode=OFF radar_adj=0 mom= conf=0
[BETA_X5] [1;36m11:28:00[0m [1;33mx5[0m [1;36m#149[0m SKIP tension=[1;36m0.22935323[0m [0m| wall_not_collapsed
[BETA_X5] mode=OFF radar_adj=0 mom= conf=0
[ALPHA_X13_BURST13] [BARRIER_TIMEOUT] BETA en retard, ouverture forcée de la barrière au cycle 60
[BETA_X5] [1;36m11:28:09[0m [1;33mx5[0m [1;36m#150[0m SKIP tension=[1;36m0.00006423[0m [0m| momentum_too_small [1;31mconf=0.0001[0m
[ALPHA_X13_BURST13] mode=OFF radar_adj=0 mom= conf=0
[BETA_X5] mode=OFF radar_adj=0 mom= conf=0
[ALPHA_X13_BURST13] [1;36m11:28:15[0m [1;33mx5[0m [1;36m#60[0m SKIP tension=[1;33m0.87447442[0m [0m| wall_not_collapsed
[BETA_X5] [1;36m11:28:17[0m [1;33mx5[0m [1;36m#151[0m SKIP tension=[1;36m0.00000000[0m [0m| momentum_too_small [1;31mconf=0.3268[0m
[BETA_X5] mode=OFF radar_adj=0 mom= conf=0
[BETA_X5] [1;36m11:28:24[0m [1;33mx5[0m [1;36m#152[0m SKIP tension=[1;36m0.00000000[0m [0m| momentum_too_small [1;31mconf=0.3261[0m
[BETA_X5] mode=OFF radar_adj=0 mom= conf=0
[BETA_X5] [1;36m11:28:32[0m [1;33mx5[0m [1;36m#153[0m SKIP tension=[1;36m0.00003386[0m [0m| momentum_too_small [1;31mconf=0.0001[0m
[ALPHA_X13_BURST13] [BARRIER_TIMEOUT] BETA en retard, ouverture forcée de la barrière au cycle 61
[BETA_X5] mode=OFF radar_adj=0 mom= conf=0
[ALPHA_X13_BURST13] mode=OFF radar_adj=0 mom= conf=0
[BETA_X5] [1;36m11:28:40[0m [1;33mx5[0m [1;36m#154[0m SKIP tension=[1;36m0.00002397[0m [0m| momentum_too_small [1;31mconf=0.0[0m
[BETA_X5] mode=OFF radar_adj=0 mom= conf=0
[ALPHA_X13_BURST13] [1;36m11:28:45[0m [1;33mx5[0m [1;36m#61[0m SKIP tension=[1;36m0.00000000[0m [0m| momentum_too_small [1;31mconf=0.3238[0m
[BETA_X5] [1;36m11:28:48[0m [1;33mx5[0m [1;36m#155[0m SKIP tension=[1;36m0.00000000[0m [0m| momentum_too_small [1;31mconf=0.3227[0m
[BETA_X5] mode=OFF radar_adj=0 mom= conf=0
[BETA_X5] [1;36m11:28:56[0m [1;33mx5[0m [1;36m#156[0m SKIP tension=[1;36m0.26819726[0m [0m| wall_not_collapsed
[BETA_X5] mode=OFF radar_adj=0 mom= conf=0
[ALPHA_X13_BURST13] [BARRIER_TIMEOUT] BETA en retard, ouverture forcée de la barrière au cycle 62
[BETA_X5] [1;36m11:29:04[0m [1;33mx5[0m [1;36m#157[0m SKIP tension=[1;36m0.25177780[0m [0m| wall_not_collapsed
[ALPHA_X13_BURST13] mode=OFF radar_adj=0 mom= conf=0
[BETA_X5] mode=OFF radar_adj=0 mom= conf=0
[ALPHA_X13_BURST13] [1;36m11:29:10[0m [1;33mx5[0m [1;36m#62[0m SKIP tension=[1;36m0.00047878[0m [0m| momentum_too_small [1;31mconf=0.0008[0m
[BETA_X5] [1;36mentry=11:29:15@64184.30000000[0m [1;33mx5[0m [1;36m#158[0m [1;33mSELL[0m tension=[1;32m1.74192648[0m hold=[1;36m7[0ms sec=[1;36m7[0m [0m| exit=64184.30000000 [1;32mconf=0.9552[0m [1;36mexit_time=11:29:22[0m [1;33mpnl=-0.00000000 bps=-0.00000000 pct=-0.00000000% total=0.15854999999999997[0m
[BETA_X5] mode=OFF radar_adj=0 mom= conf=0
[ALPHA_X13_BURST13] [BARRIER_TIMEOUT] BETA en retard, ouverture forcée de la barrière au cycle 63
[ALPHA_X13_BURST13] mode=OFF radar_adj=0 mom= conf=0
[ALPHA_X13_BURST13] [1;36m11:29:36[0m [1;33mx5[0m [1;36m#63[0m SKIP tension=[1;31m4.80379052[0m [0m| duo no_trigger
[BETA_X5] [1;36mCycle 159[0m [1;32mSOFT anomaly[0m [1;33m| pnl_abs=0.10857000 > 0.02500000[0m
[BETA_X5] [1;36mentry=11:29:32@64185.10000000[0m [1;33mx5[0m [1;36m#159[0m [1;32mSELL[0m tension=[1;31m4.31798382[0m hold=[1;36m6[0ms sec=[1;36m6[0m [0m| exit=64171.00000000 [1;32mconf=0.9708[0m [1;36mexit_time=11:29:38[0m [1;32mpnl=0.10857000 bps=2.19677152 pct=0.02196772% total=0.26711999999999997[0m
[BETA_X5] mode=OFF radar_adj=0 mom= conf=0
[BETA_X5] [1;36m11:29:48[0m [1;33mx5[0m [1;36m#160[0m SKIP tension=[1;36m0.28688847[0m [0m| wall_not_collapsed
[BETA_X5] mode=OFF radar_adj=0 mom= conf=0
[ALPHA_X13_BURST13] [BARRIER_TIMEOUT] BETA en retard, ouverture forcée de la barrière au cycle 64
[ALPHA_X13_BURST13] mode=OFF radar_adj=0 mom= conf=0
[ALPHA_X13_BURST13] [1;36m11:30:03[0m [1;33mx5[0m [1;36m#64[0m SKIP tension=[1;36m0.21848203[0m [0m| low_confidence [1;31mconf=0.2681[0m
[BETA_X5] [1;36mCycle 161[0m [1;32mSOFT anomaly[0m [1;33m| pnl_abs=0.14399000 > 0.02500000[0m
[BETA_X5] [1;36mentry=11:29:57@64170.20000000[0m [1;33mx5[0m [1;36m#161[0m [1;31mSELL[0m tension=[1;31m7.38507558[0m hold=[1;36m7[0ms sec=[1;36m7[0m [0m| exit=64188.90000000 [1;32mconf=0.8179[0m [1;36mexit_time=11:30:04[0m [1;31mpnl=-0.14399000 bps=-2.91412525 pct=-0.02914125% total=0.12312999999999996[0m
[BETA_X5] mode=OFF radar_adj=0 mom= conf=0
[BETA_X5] [1;36m11:30:13[0m [1;33mx5[0m [1;36m#162[0m SKIP tension=[1;36m0.00004910[0m [0m| momentum_too_small [1;31mconf=0.0001[0m
[BETA_X5] mode=OFF radar_adj=0 mom= conf=0
[ALPHA_X13_BURST13] [BARRIER_TIMEOUT] BETA en retard, ouverture forcée de la barrière au cycle 65
[BETA_X5] [1;36m11:30:21[0m [1;33mx5[0m [1;36m#163[0m SKIP tension=[1;36m0.00005606[0m [0m| momentum_too_small [1;31mconf=0.0001[0m
[ALPHA_X13_BURST13] mode=OFF radar_adj=0 mom= conf=0
[BETA_X5] mode=OFF radar_adj=0 mom= conf=0
[ALPHA_X13_BURST13] [1;36m11:30:27[0m [1;33mx5[0m [1;36m#65[0m SKIP tension=[1;36m0.00006118[0m [0m| momentum_too_small [1;31mconf=0.0001[0m
[BETA_X5] [1;36m11:30:29[0m [1;33mx5[0m [1;36m#164[0m SKIP tension=[1;36m0.00000505[0m [0m| momentum_too_small [1;31mconf=0.0[0m
[BETA_X5] mode=OFF radar_adj=0 mom= conf=0
[BETA_X5] [1;36m11:30:43[0m [1;33mx5[0m [1;36m#165[0m SKIP tension=[1;36m0.22633115[0m [0m| low_confidence [1;31mconf=0.2773[0m
[BETA_X5] mode=OFF radar_adj=0 mom= conf=0
[ALPHA_X13_BURST13] [BARRIER_TIMEOUT] BETA en retard, ouverture forcée de la barrière au cycle 66
[ALPHA_X13_BURST13] mode=OFF radar_adj=0 mom= conf=0
[BETA_X5] [1;36m11:30:50[0m [1;33mx5[0m [1;36m#166[0m SKIP tension=[1;36m0.33146598[0m [0m| wall_not_collapsed
[ALPHA_X13_BURST13] [1;36m11:30:53[0m [1;33mx5[0m [1;36m#66[0m SKIP tension=[1;36m0.33117605[0m [0m| wall_not_collapsed
[BETA_X5] mode=OFF radar_adj=0 mom= conf=0
[BETA_X5] [1;36m11:30:58[0m [1;33mx5[0m [1;36m#167[0m SKIP tension=[1;36m0.00497420[0m [0m| momentum_too_small [1;31mconf=0.0076[0m
[BETA_X5] mode=OFF radar_adj=0 mom= conf=0
[ALPHA_X13_BURST13] [BARRIER_TIMEOUT] BETA en retard, ouverture forcée de la barrière au cycle 67
[ALPHA_X13_BURST13] mode=OFF radar_adj=0 mom= conf=0
[BETA_X5] [1;36mentry=11:31:08@64180.60000000[0m [1;33mx5[0m [1;36m#168[0m [1;33mSELL[0m tension=[1;31m2.96061994[0m hold=[1;36m5[0ms sec=[1;36m5[0m [0m| exit=64180.60000000 [1;32mconf=0.9426[0m [1;36mexit_time=11:31:14[0m [1;33mpnl=-0.00000000 bps=-0.00000000 pct=-0.00000000% total=0.12312999999999996[0m
[ALPHA_X13_BURST13] [1;36m11:31:18[0m [1;33mx5[0m [1;36m#67[0m SKIP tension=[1;36m0.00002161[0m [0m| momentum_too_small [1;31mconf=0.0[0m
[BETA_X5] mode=OFF radar_adj=0 mom= conf=0
[BETA_X5] [1;36m11:31:23[0m [1;33mx5[0m [1;36m#169[0m SKIP tension=[1;36m0.00307713[0m [0m| momentum_too_small [1;31mconf=0.0048[0m
[BETA_X5] mode=OFF radar_adj=0 mom= conf=0
[BETA_X5] [1;36m11:31:31[0m [1;33mx5[0m [1;36m#170[0m SKIP tension=[1;36m0.00000000[0m [0m| momentum_too_small [1;31mconf=0.3217[0m
[BETA_X5] mode=OFF radar_adj=0 mom= conf=0
[ALPHA_X13_BURST13] [BARRIER_TIMEOUT] BETA en retard, ouverture forcée de la barrière au cycle 68
[ALPHA_X13_BURST13] mode=OFF radar_adj=0 mom= conf=0
[BETA_X5] [1;36m11:31:39[0m [1;33mx5[0m [1;36m#171[0m SKIP tension=[1;36m0.00027656[0m [0m| momentum_too_small [1;31mconf=0.0004[0m
[BETA_X5] mode=OFF radar_adj=0 mom= conf=0
[ALPHA_X13_BURST13] [1;36m11:31:44[0m [1;33mx5[0m [1;36m#68[0m SKIP tension=[1;32m1.74468496[0m [0m| duo no_trigger
[BETA_X5] [1;36m11:31:47[0m [1;33mx5[0m [1;36m#172[0m SKIP tension=[1;36m0.00000000[0m [0m| momentum_too_small [1;31mconf=0.3296[0m
[BETA_X5] mode=OFF radar_adj=0 mom= conf=0
[BETA_X5] [1;36m11:31:55[0m [1;33mx5[0m [1;36m#173[0m SKIP tension=[1;36m0.00000000[0m [0m| momentum_too_small [1;31mconf=0.3217[0m
[BETA_X5] mode=OFF radar_adj=0 mom= conf=0
[ALPHA_X13_BURST13] [BARRIER_TIMEOUT] BETA en retard, ouverture forcée de la barrière au cycle 69
[ALPHA_X13_BURST13] mode=OFF radar_adj=0 mom= conf=0
[ALPHA_X13_BURST13] [1;36m11:32:09[0m [1;33mx5[0m [1;36m#69[0m SKIP tension=[1;36m0.20419719[0m [0m| wall_not_collapsed
[BETA_X5] [1;36mCycle 174[0m [1;32mSOFT anomaly[0m [1;33m| pnl_abs=0.42336000 > 0.02500000[0m
[BETA_X5] [1;36mentry=11:32:05@64161.70000000[0m [1;33mx5[0m [1;36m#174[0m [1;32mSELL[0m tension=[1;31m4.06618439[0m hold=[1;36m9[0ms sec=[1;36m9[0m [0m| exit=64128.10000000 [1;32mconf=0.816[0m [1;36mexit_time=11:32:14[0m [1;32mpnl=0.42336000 bps=5.23676898 pct=0.05236769% total=0.5464899999999999[0m
[BETA_X5] mode=OFF radar_adj=0 mom= conf=0
[BETA_X5] [1;36m11:32:24[0m [1;33mx5[0m [1;36m#175[0m SKIP tension=[1;36m0.11183562[0m [0m| direction_unclear [1;31mconf=0.1862[0m
[ALPHA_X13_BURST13] [BARRIER_TIMEOUT] BETA en retard, ouverture forcée de la barrière au cycle 70
[BETA_X5] mode=OFF radar_adj=0 mom= conf=0
[BETA_X5] [1;36m11:32:32[0m [1;33mx5[0m [1;36m#176[0m SKIP tension=[1;36m0.00017747[0m [0m| momentum_too_small [1;31mconf=0.0003[0m
[ALPHA_X13_BURST13] mode=OFF radar_adj=0 mom= conf=0
[BETA_X5] mode=OFF radar_adj=0 mom= conf=0
[ALPHA_X13_BURST13] [1;36m11:32:40[0m [1;33mx5[0m [1;36m#70[0m SKIP tension=[1;36m0.10700746[0m [0m| direction_unclear [1;31mconf=0.1778[0m
[BETA_X5] [1;36m11:32:40[0m [1;33mx5[0m [1;36m#177[0m SKIP tension=[1;36m0.10597607[0m [0m| direction_unclear [1;31mconf=0.1761[0m
[BETA_X5] mode=OFF radar_adj=0 mom= conf=0
[BETA_X5] [1;36m11:32:53[0m [1;33mx5[0m [1;36m#178[0m SKIP tension=[1;36m0.00000000[0m [0m| momentum_too_small [1;31mconf=0.349[0m
[BETA_X5] mode=OFF radar_adj=0 mom= conf=0
[ALPHA_X13_BURST13] [BARRIER_TIMEOUT] BETA en retard, ouverture forcée de la barrière au cycle 71
[ALPHA_X13_BURST13] mode=OFF radar_adj=0 mom= conf=0
[BETA_X5] [1;36m11:33:01[0m [1;33mx5[0m [1;36m#179[0m SKIP tension=[1;36m0.00000000[0m [0m| momentum_too_small [1;31mconf=0.349[0m
[BETA_X5] mode=OFF radar_adj=0 mom= conf=0
[ALPHA_X13_BURST13] [1;36m11:33:06[0m [1;33mx5[0m [1;36m#71[0m SKIP tension=[1;32m1.50949297[0m [0m| duo no_trigger
[BETA_X5] [1;36m11:33:09[0m [1;33mx5[0m [1;36m#180[0m SKIP tension=[1;36m0.82572037[0m [0m| wall_not_collapsed
[BETA_X5] mode=OFF radar_adj=0 mom= conf=0
[BETA_X5] [1;36m11:33:16[0m [1;33mx5[0m [1;36m#181[0m SKIP tension=[1;36m0.00000000[0m [0m| momentum_too_small [1;31mconf=0.349[0m
[BETA_X5] mode=OFF radar_adj=0 mom= conf=0
[ALPHA_X13_BURST13] [BARRIER_TIMEOUT] BETA en retard, ouverture forcée de la barrière au cycle 72
[ALPHA_X13_BURST13] mode=OFF radar_adj=0 mom= conf=0
[ALPHA_X13_BURST13] [1;36m11:33:31[0m [1;33mx5[0m [1;36m#72[0m SKIP tension=[1;36m0.00000000[0m [0m| momentum_too_small [1;31mconf=0.3213[0m
[BETA_X5] [1;36mCycle 182[0m [1;32mSOFT anomaly[0m [1;33m| pnl_abs=0.06083000 > 0.02500000[0m
[BETA_X5] [1;36mentry=11:33:26@64126.20000000[0m [1;33mx5[0m [1;36m#182[0m [1;32mSELL[0m tension=[1;31m2.94808406[0m hold=[1;36m9[0ms sec=[1;36m9[0m [0m| exit=64118.30000000 [1;32mconf=0.9045[0m [1;36mexit_time=11:33:35[0m [1;32mpnl=0.06083000 bps=1.23194576 pct=0.01231946% total=0.60732[0m
[BETA_X5] mode=OFF radar_adj=0 mom= conf=0
[ALPHA_X13_BURST13] [BARRIER_TIMEOUT] BETA en retard, ouverture forcée de la barrière au cycle 73
[ALPHA_X13_BURST13] mode=OFF radar_adj=0 mom= conf=0
[BETA_X5] [1;36mentry=11:33:46@64126.50000000[0m [1;33mx5[0m [1;36m#183[0m [1;31mSELL[0m tension=[1;32m1.46712036[0m hold=[1;36m6[0ms sec=[1;36m6[0m [0m| exit=64126.60000000 [1;32mconf=0.9191[0m [1;36mexit_time=11:33:52[0m [1;31mpnl=-0.00077000 bps=-0.01559418 pct=-0.00015594% total=0.6065499999999999[0m
[BETA_X5] mode=OFF radar_adj=0 mom= conf=0
[ALPHA_X13_BURST13] [1;36m11:33:58[0m [1;33mx5[0m [1;36m#73[0m SKIP tension=[1;36m0.00007276[0m [0m| momentum_too_small [1;31mconf=0.0001[0m
[BETA_X5] [1;36m11:34:01[0m [1;33mx5[0m [1;36m#184[0m SKIP tension=[1;36m0.00000000[0m [0m| momentum_too_small [1;31mconf=0.3101[0m
[BETA_X5] mode=OFF radar_adj=0 mom= conf=0
[BETA_X5] [1;36m11:34:09[0m [1;33mx5[0m [1;36m#185[0m SKIP tension=[1;36m0.00000000[0m [0m| momentum_too_small [1;31mconf=0.2975[0m
[BETA_X5] mode=OFF radar_adj=0 mom= conf=0
[ALPHA_X13_BURST13] [BARRIER_TIMEOUT] BETA en retard, ouverture forcée de la barrière au cycle 74
[BETA_X5] [1;36m11:34:17[0m [1;33mx5[0m [1;36m#186[0m SKIP tension=[1;36m0.00000000[0m [0m| momentum_too_small [1;31mconf=0.3497[0m
[ALPHA_X13_BURST13] mode=OFF radar_adj=0 mom= conf=0
[BETA_X5] mode=OFF radar_adj=0 mom= conf=0
[ALPHA_X13_BURST13] [1;36m11:34:23[0m [1;33mx5[0m [1;36m#74[0m SKIP tension=[1;36m0.00000000[0m [0m| momentum_too_small [1;31mconf=0.3497[0m
[BETA_X5] [1;36mCycle 187[0m [1;32mSOFT anomaly[0m [1;33m| pnl_abs=0.09317000 > 0.02500000[0m
[BETA_X5] [1;36mentry=11:34:26@64118.10000000[0m [1;33mx5[0m [1;36m#187[0m [1;31mSELL[0m tension=[1;31m7.68908750[0m hold=[1;36m7[0ms sec=[1;36m7[0m [0m| exit=64130.20000000 [1;32mconf=0.999[0m [1;36mexit_time=11:34:33[0m [1;31mpnl=-0.09317000 bps=-1.88714263 pct=-0.01887143% total=0.51338[0m
[BETA_X5] mode=OFF radar_adj=0 mom= conf=0
[ALPHA_X13_BURST13] [BARRIER_TIMEOUT] BETA en retard, ouverture forcée de la barrière au cycle 75
[BETA_X5] [1;36m11:34:43[0m [1;33mx5[0m [1;36m#188[0m SKIP tension=[1;32m1.68859067[0m [0m| tactic long vs short
[ALPHA_X13_BURST13] mode=OFF radar_adj=0 mom= conf=0
[BETA_X5] mode=OFF radar_adj=0 mom= conf=0
[ALPHA_X13_BURST13] [1;36m11:34:48[0m [1;33mx5[0m [1;36m#75[0m SKIP tension=[1;36m0.00005526[0m [0m| momentum_too_small [1;31mconf=0.0001[0m
[BETA_X5] [1;36m11:34:50[0m [1;33mx5[0m [1;36m#189[0m SKIP tension=[1;36m0.56704542[0m [0m| wall_not_collapsed
[BETA_X5] mode=OFF radar_adj=0 mom= conf=0
[BETA_X5] [1;36m11:34:58[0m [1;33mx5[0m [1;36m#190[0m SKIP tension=[1;36m0.58882331[0m [0m| wall_not_collapsed
[BETA_X5] mode=OFF radar_adj=0 mom= conf=0
[ALPHA_X13_BURST13] [BARRIER_TIMEOUT] BETA en retard, ouverture forcée de la barrière au cycle 76
[BETA_X5] [1;36m11:35:06[0m [1;33mx5[0m [1;36m#191[0m SKIP tension=[1;36m0.03232362[0m [0m| direction_unclear [1;31mconf=0.0453[0m
[ALPHA_X13_BURST13] mode=OFF radar_adj=0 mom= conf=0
[BETA_X5] mode=OFF radar_adj=0 mom= conf=0
[ALPHA_X13_BURST13] [1;36mCycle 76[0m [1;31mENTRY error[0m [1;31m| code=-2019 msg=Margin is insufficient.[0m
[BETA_X5] [1;36mCycle 192[0m [1;32mSOFT anomaly[0m [1;33m| pnl_abs=0.03003000 > 0.02500000[0m
[BETA_X5] [1;36mentry=11:35:15@64142.70000000[0m [1;33mx5[0m [1;36m#192[0m [1;31mSELL[0m tension=[1;32m1.05426315[0m hold=[1;36m8[0ms sec=[1;36m8[0m [0m| exit=64146.60000000 [1;32mconf=0.9162[0m [1;36mexit_time=11:35:23[0m [1;31mpnl=-0.03003000 bps=-0.60801931 pct=-0.00608019% total=0.48334999999999995[0m
[BETA_X5] mode=OFF radar_adj=0 mom= conf=0
[BETA_X5] [1;36m11:35:32[0m [1;33mx5[0m [1;36m#193[0m SKIP tension=[1;36m0.00001081[0m [0m| momentum_too_small [1;31mconf=0.0[0m
[ALPHA_X13_BURST13] [BARRIER_TIMEOUT] BETA en retard, ouverture forcée de la barrière au cycle 77
[ALPHA_X13_BURST13] mode=OFF radar_adj=0 mom= conf=0
[BETA_X5] mode=OFF radar_adj=0 mom= conf=0
[BETA_X5] [1;36m11:35:41[0m [1;33mx5[0m [1;36m#194[0m SKIP tension=[1;33m0.97659632[0m [0m| wall_not_collapsed
[BETA_X5] mode=OFF radar_adj=0 mom= conf=0
[ALPHA_X13_BURST13] [1;36m11:35:44[0m [1;33mx5[0m [1;36m#77[0m SKIP tension=[1;36m0.27655346[0m [0m| wall_not_collapsed
[BETA_X5] [1;36m11:35:50[0m [1;33mx5[0m [1;36m#195[0m SKIP tension=[1;36m0.00010992[0m [0m| momentum_too_small [1;31mconf=0.0002[0m
[BETA_X5] mode=OFF radar_adj=0 mom= conf=0
[ALPHA_X13_BURST13] [BARRIER_TIMEOUT] BETA en retard, ouverture forcée de la barrière au cycle 78
[BETA_X5] [1;36m11:36:03[0m [1;33mx5[0m [1;36m#196[0m SKIP tension=[1;36m0.00000000[0m [0m| momentum_too_small [1;31mconf=0.3456[0m
[ALPHA_X13_BURST13] mode=OFF radar_adj=0 mom= conf=0
[BETA_X5] mode=OFF radar_adj=0 mom= conf=0
[ALPHA_X13_BURST13] [1;36m11:36:09[0m [1;33mx5[0m [1;36m#78[0m SKIP tension=[1;36m0.00001293[0m [0m| momentum_too_small [1;31mconf=0.0[0m
[BETA_X5] [1;36m11:36:12[0m [1;33mx5[0m [1;36m#197[0m SKIP tension=[1;36m0.00075549[0m [0m| momentum_too_small [1;31mconf=0.0012[0m
[BETA_X5] mode=OFF radar_adj=0 mom= conf=0
[ALPHA_X13_BURST13] [BARRIER_TIMEOUT] BETA en retard, ouverture forcée de la barrière au cycle 79
[ALPHA_X13_BURST13] mode=OFF radar_adj=0 mom= conf=0
[BETA_X5] [1;36mentry=11:36:26@64167.70000000[0m [1;33mx5[0m [1;36m#198[0m [1;33mSELL[0m tension=[1;31m4.80369739[0m hold=[1;36m6[0ms sec=[1;36m6[0m [0m| exit=64167.70000000 [1;32mconf=0.999[0m [1;36mexit_time=11:36:32[0m [1;33mpnl=-0.00000000 bps=-0.00000000 pct=-0.00000000% total=0.48334999999999995[0m
[BETA_X5] mode=OFF radar_adj=0 mom= conf=0
[ALPHA_X13_BURST13] [1;36m11:36:40[0m [1;33mx5[0m [1;36m#79[0m SKIP tension=[1;32m1.62476506[0m [0m| duo no_trigger
[BETA_X5] [1;36m11:36:42[0m [1;33mx5[0m [1;36m#199[0m SKIP tension=[1;36m0.00000000[0m [0m| momentum_too_small [1;31mconf=0.3497[0m
[BETA_X5] mode=OFF radar_adj=0 mom= conf=0
[ALPHA_X13_BURST13] [BARRIER_TIMEOUT] BETA en retard, ouverture forcée de la barrière au cycle 80
[BETA_X5] [1;36mCycle 200[0m [1;32mSOFT anomaly[0m [1;33m| pnl_abs=0.07777000 > 0.02500000[0m
[BETA_X5] [1;36mentry=11:36:51@64167.70000000[0m [1;33mx5[0m [1;36m#200[0m [1;31mSELL[0m tension=[1;32m1.46047097[0m hold=[1;36m8[0ms sec=[1;36m8[0m [0m| exit=64177.80000000 [1;32mconf=0.9679[0m [1;36mexit_time=11:36:59[0m [1;31mpnl=-0.07777000 bps=-1.57400063 pct=-0.01574001% total=0.40557999999999994[0m
[ALPHA_X13_BURST13] mode=OFF radar_adj=0 mom= conf=0
[BETA_X5] mode=OFF radar_adj=0 mom= conf=0
[BETA_X5] [1;36m11:37:08[0m [1;33mx5[0m [1;36m#201[0m SKIP tension=[1;36m0.00000000[0m [0m| momentum_too_small [1;31mconf=0.3483[0m
[BETA_X5] mode=OFF radar_adj=0 mom= conf=0
[ALPHA_X13_BURST13] [1;36mCycle 80[0m [1;31mENTRY error[0m [1;31m| code=-2019 msg=Margin is insufficient.[0m
[BETA_X5] [1;36m11:37:16[0m [1;33mx5[0m [1;36m#202[0m SKIP tension=[1;36m0.00000000[0m [0m| momentum_too_small [1;31mconf=0.3483[0m
[BETA_X5] mode=OFF radar_adj=0 mom= conf=0
[BETA_X5] [1;36m11:37:29[0m [1;33mx5[0m [1;36m#203[0m SKIP tension=[1;36m0.00002297[0m [0m| momentum_too_small [1;31mconf=0.0[0m
[ALPHA_X13_BURST13] [BARRIER_TIMEOUT] BETA en retard, ouverture forcée de la barrière au cycle 81
[BETA_X5] mode=OFF radar_adj=0 mom= conf=0
[ALPHA_X13_BURST13] mode=OFF radar_adj=0 mom= conf=0
[BETA_X5] [1;36m11:37:36[0m [1;33mx5[0m [1;36m#204[0m SKIP tension=[1;36m0.00000000[0m [0m| momentum_too_small [1;31mconf=0.3388[0m
[ALPHA_X13_BURST13] [1;36m11:37:37[0m [1;33mx5[0m [1;36m#81[0m SKIP tension=[1;36m0.00000000[0m [0m| momentum_too_small [1;31mconf=0.3388[0m
[BETA_X5] mode=OFF radar_adj=0 mom= conf=0
[BETA_X5] [1;36m11:37:45[0m [1;33mx5[0m [1;36m#205[0m SKIP tension=[1;36m0.00000000[0m [0m| momentum_too_small [1;31mconf=0.3497[0m
[BETA_X5] mode=OFF radar_adj=0 mom= conf=0
[BETA_X5] [1;36m11:37:53[0m [1;33mx5[0m [1;36m#206[0m SKIP tension=[1;36m0.00000000[0m [0m| momentum_too_small [1;31mconf=0.3497[0m
[ALPHA_X13_BURST13] [BARRIER_TIMEOUT] BETA en retard, ouverture forcée de la barrière au cycle 82
[BETA_X5] mode=OFF radar_adj=0 mom= conf=0
[ALPHA_X13_BURST13] mode=OFF radar_adj=0 mom= conf=0
[BETA_X5] [1;36m11:38:00[0m [1;33mx5[0m [1;36m#207[0m SKIP tension=[1;36m0.00000000[0m [0m| momentum_too_small [1;31mconf=0.3388[0m
[ALPHA_X13_BURST13] [1;36m11:38:02[0m [1;33mx5[0m [1;36m#82[0m SKIP tension=[1;36m0.00008842[0m [0m| momentum_too_small [1;31mconf=0.0001[0m
[BETA_X5] mode=OFF radar_adj=0 mom= conf=0
[BETA_X5] [1;36m11:38:08[0m [1;33mx5[0m [1;36m#208[0m SKIP tension=[1;36m0.00004196[0m [0m| momentum_too_small [1;31mconf=0.0001[0m
[BETA_X5] mode=OFF radar_adj=0 mom= conf=0
[BETA_X5] [1;36m11:38:17[0m [1;33mx5[0m [1;36m#209[0m SKIP tension=[1;36m0.00000000[0m [0m| momentum_too_small [1;31mconf=0.3497[0m
[ALPHA_X13_BURST13] [BARRIER_TIMEOUT] BETA en retard, ouverture forcée de la barrière au cycle 83
[BETA_X5] mode=OFF radar_adj=0 mom= conf=0
[ALPHA_X13_BURST13] mode=OFF radar_adj=0 mom= conf=0
[BETA_X5] [1;36m11:38:25[0m [1;33mx5[0m [1;36m#210[0m SKIP tension=[1;36m0.00000000[0m [0m| momentum_too_small [1;31mconf=0.3497[0m
[ALPHA_X13_BURST13] [1;36m11:38:27[0m [1;33mx5[0m [1;36m#83[0m SKIP tension=[1;36m0.00000000[0m [0m| momentum_too_small [1;31mconf=0.3493[0m
[BETA_X5] mode=OFF radar_adj=0 mom= conf=0
[BETA_X5] [1;36m11:38:34[0m [1;33mx5[0m [1;36m#211[0m SKIP tension=[1;36m0.00001109[0m [0m| momentum_too_small [1;31mconf=0.0[0m
[BETA_X5] mode=OFF radar_adj=0 mom= conf=0
[BETA_X5] [1;36m11:38:41[0m [1;33mx5[0m [1;36m#212[0m SKIP tension=[1;33m0.96303475[0m [0m| wall_not_collapsed
[BETA_X5] mode=OFF radar_adj=0 mom= conf=0
[ALPHA_X13_BURST13] [BARRIER_TIMEOUT] BETA en retard, ouverture forcée de la barrière au cycle 84
[ALPHA_X13_BURST13] mode=OFF radar_adj=0 mom= conf=0
[BETA_X5] [1;36m11:38:49[0m [1;33mx5[0m [1;36m#213[0m SKIP tension=[1;36m0.00000890[0m [0m| momentum_too_small [1;31mconf=0.0[0m
[BETA_X5] mode=OFF radar_adj=0 mom= conf=0
[ALPHA_X13_BURST13] [1;36m11:38:53[0m [1;33mx5[0m [1;36m#84[0m SKIP tension=[1;33m0.86731993[0m [0m| wall_not_collapsed
[BETA_X5] [1;36m11:38:57[0m [1;33mx5[0m [1;36m#214[0m SKIP tension=[1;36m0.00000618[0m [0m| momentum_too_small [1;31mconf=0.0[0m
[BETA_X5] mode=OFF radar_adj=0 mom= conf=0
[BETA_X5] [1;36m11:39:06[0m [1;33mx5[0m [1;36m#215[0m SKIP tension=[1;36m0.31823367[0m [0m| wall_not_collapsed
[BETA_X5] mode=OFF radar_adj=0 mom= conf=0
[ALPHA_X13_BURST13] [BARRIER_TIMEOUT] BETA en retard, ouverture forcée de la barrière au cycle 85
[ALPHA_X13_BURST13] mode=OFF radar_adj=0 mom= conf=0
[BETA_X5] [1;36m11:39:13[0m [1;33mx5[0m [1;36m#216[0m SKIP tension=[1;36m0.33955968[0m [0m| wall_not_collapsed
[BETA_X5] mode=OFF radar_adj=0 mom= conf=0
[ALPHA_X13_BURST13] [1;36m11:39:18[0m [1;33mx5[0m [1;36m#85[0m SKIP tension=[1;36m0.00005974[0m [0m| momentum_too_small [1;31mconf=0.0001[0m
[BETA_X5] [1;36m11:39:21[0m [1;33mx5[0m [1;36m#217[0m SKIP tension=[1;36m0.00002655[0m [0m| momentum_too_small [1;31mconf=0.0[0m
[BETA_X5] mode=OFF radar_adj=0 mom= conf=0
[ALPHA_X13_BURST13] [BARRIER_TIMEOUT] BETA en retard, ouverture forcée de la barrière au cycle 86
[ALPHA_X13_BURST13] mode=OFF radar_adj=0 mom= conf=0
[BETA_X5] [1;36mentry=11:39:35@64175.80000000[0m [1;33mx5[0m [1;36m#218[0m [1;33mSELL[0m tension=[1;32m1.78085635[0m hold=[1;36m7[0ms sec=[1;36m7[0m [0m| exit=64175.80000000 [1;32mconf=0.9659[0m [1;36mexit_time=11:39:42[0m [1;33mpnl=-0.00000000 bps=-0.00000000 pct=-0.00000000% total=0.40557999999999994[0m
[ALPHA_X13_BURST13] [1;36m11:39:44[0m [1;33mx5[0m [1;36m#86[0m SKIP tension=[1;36m0.00159775[0m [0m| momentum_too_small [1;31mconf=0.0026[0m
[BETA_X5] mode=OFF radar_adj=0 mom= conf=0
[BETA_X5] [1;36m11:39:53[0m [1;33mx5[0m [1;36m#219[0m SKIP tension=[1;36m0.00000865[0m [0m| momentum_too_small [1;31mconf=0.0[0m
[BETA_X5] mode=OFF radar_adj=0 mom= conf=0
[ALPHA_X13_BURST13] [BARRIER_TIMEOUT] BETA en retard, ouverture forcée de la barrière au cycle 87
[ALPHA_X13_BURST13] mode=OFF radar_adj=0 mom= conf=0
[ALPHA_X13_BURST13] [1;36m11:40:09[0m [1;33mx5[0m [1;36m#87[0m SKIP tension=[1;36m0.00000000[0m [0m| momentum_too_small [1;31mconf=0.3466[0m
[BETA_X5] [1;36mentry=11:40:02@64175.80000000[0m [1;33mx5[0m [1;36m#220[0m [1;32mSELL[0m tension=[1;32m1.73943932[0m hold=[1;36m7[0ms sec=[1;36m7[0m [0m| exit=64175.70000000 [1;32mconf=0.9659[0m [1;36mexit_time=11:40:09[0m [1;32mpnl=0.00077000 bps=0.01558220 pct=0.00015582% total=0.40634999999999993[0m
[BETA_X5] mode=OFF radar_adj=0 mom= conf=0
[BETA_X5] [1;36m11:40:19[0m [1;33mx5[0m [1;36m#221[0m SKIP tension=[1;36m0.00000000[0m [0m| momentum_too_small [1;31mconf=0.3469[0m
[BETA_X5] mode=OFF radar_adj=0 mom= conf=0
[BETA_X5] [1;36m11:40:27[0m [1;33mx5[0m [1;36m#222[0m SKIP tension=[1;36m0.00000000[0m [0m| momentum_too_small [1;31mconf=0.3466[0m
[ALPHA_X13_BURST13] [BARRIER_TIMEOUT] BETA en retard, ouverture forcée de la barrière au cycle 88
[ALPHA_X13_BURST13] mode=OFF radar_adj=0 mom= conf=0
[BETA_X5] mode=OFF radar_adj=0 mom= conf=0
[ALPHA_X13_BURST13] [1;36m11:40:36[0m [1;33mx5[0m [1;36m#88[0m SKIP tension=[1;32m1.92289266[0m [0m| duo no_trigger
[BETA_X5] [1;36mentry=11:40:37@64180.60000000[0m [1;33mx5[0m [1;36m#223[0m [1;31mSELL[0m tension=[1;32m1.00108911[0m hold=[1;36m11[0ms sec=[1;36m11[0m [0m| exit=64181.40000000 [1;32mconf=0.9883[0m [1;36mexit_time=11:40:48[0m [1;31mpnl=-0.00616000 bps=-0.12464826 pct=-0.00124648% total=0.40018999999999993[0m
[BETA_X5] mode=OFF radar_adj=0 mom= conf=0
[ALPHA_X13_BURST13] [BARRIER_TIMEOUT] BETA en retard, ouverture forcée de la barrière au cycle 89
[ALPHA_X13_BURST13] mode=OFF radar_adj=0 mom= conf=0
[BETA_X5] [1;36m11:40:58[0m [1;33mx5[0m [1;36m#224[0m SKIP tension=[1;36m0.00001635[0m [0m| momentum_too_small [1;31mconf=0.0[0m
[BETA_X5] mode=OFF radar_adj=0 mom= conf=0
[ALPHA_X13_BURST13] [1;36m11:41:01[0m [1;33mx5[0m [1;36m#89[0m SKIP tension=[1;36m0.00001276[0m [0m| momentum_too_small [1;31mconf=0.0[0m
[BETA_X5] [1;36m11:41:06[0m [1;33mx5[0m [1;36m#225[0m SKIP tension=[1;36m0.00066040[0m [0m| momentum_too_small [1;31mconf=0.0011[0m
[BETA_X5] mode=OFF radar_adj=0 mom= conf=0
[BETA_X5] [1;36m11:41:14[0m [1;33mx5[0m [1;36m#226[0m SKIP tension=[1;36m0.00000000[0m [0m| momentum_too_small [1;31mconf=0.3415[0m
[BETA_X5] mode=OFF radar_adj=0 mom= conf=0
[ALPHA_X13_BURST13] [BARRIER_TIMEOUT] BETA en retard, ouverture forcée de la barrière au cycle 90
[ALPHA_X13_BURST13] mode=OFF radar_adj=0 mom= conf=0
[BETA_X5] [1;36m11:41:22[0m [1;33mx5[0m [1;36m#227[0m SKIP tension=[1;36m0.00000360[0m [0m| momentum_too_small [1;31mconf=0.0[0m
[BETA_X5] mode=OFF radar_adj=0 mom= conf=0
[ALPHA_X13_BURST13] [1;36m11:41:26[0m [1;33mx5[0m [1;36m#90[0m SKIP tension=[1;36m0.28643911[0m [0m| wall_not_collapsed
[BETA_X5] [1;36m11:41:29[0m [1;33mx5[0m [1;36m#228[0m SKIP tension=[1;36m0.00000000[0m [0m| momentum_too_small [1;31mconf=0.3497[0m
[BETA_X5] mode=OFF radar_adj=0 mom= conf=0
[BETA_X5] [1;36m11:41:37[0m [1;33mx5[0m [1;36m#229[0m SKIP tension=[1;36m0.00000000[0m [0m| momentum_too_small [1;31mconf=0.3497[0m
[BETA_X5] mode=OFF radar_adj=0 mom= conf=0
[ALPHA_X13_BURST13] [BARRIER_TIMEOUT] BETA en retard, ouverture forcée de la barrière au cycle 91
[BETA_X5] [1;36m11:41:45[0m [1;33mx5[0m [1;36m#230[0m SKIP tension=[1;36m0.00000584[0m [0m| momentum_too_small [1;31mconf=0.0[0m
[ALPHA_X13_BURST13] mode=OFF radar_adj=0 mom= conf=0
[BETA_X5] mode=OFF radar_adj=0 mom= conf=0
[ALPHA_X13_BURST13] [1;36mCycle 91[0m [1;31mENTRY error[0m [1;31m| code=-2019 msg=Margin is insufficient.[0m
[BETA_X5] [1;36m11:41:53[0m [1;33mx5[0m [1;36m#231[0m SKIP tension=[1;36m0.00000000[0m [0m| momentum_too_small [1;31mconf=0.3497[0m
[BETA_X5] mode=OFF radar_adj=0 mom= conf=0
[BETA_X5] [1;36m11:42:02[0m [1;33mx5[0m [1;36m#232[0m SKIP tension=[1;36m0.00003270[0m [0m| momentum_too_small [1;31mconf=0.0001[0m
[BETA_X5] mode=OFF radar_adj=0 mom= conf=0
[BETA_X5] [1;36m11:42:10[0m [1;33mx5[0m [1;36m#233[0m SKIP tension=[1;36m0.00000000[0m [0m| momentum_too_small [1;31mconf=0.3497[0m
[ALPHA_X13_BURST13] [BARRIER_TIMEOUT] BETA en retard, ouverture forcée de la barrière au cycle 92
[ALPHA_X13_BURST13] mode=OFF radar_adj=0 mom= conf=0
[BETA_X5] mode=OFF radar_adj=0 mom= conf=0
[ALPHA_X13_BURST13] [1;36m11:42:17[0m [1;33mx5[0m [1;36m#92[0m SKIP tension=[1;36m0.00000405[0m [0m| momentum_too_small [1;31mconf=0.0[0m
[BETA_X5] [1;36mentry=11:42:19@64181.40000000[0m [1;33mx5[0m [1;36m#234[0m [1;33mSELL[0m tension=[1;31m3.67933943[0m hold=[1;36m5[0ms sec=[1;36m5[0m [0m| exit=64181.40000000 [1;32mconf=0.999[0m [1;36mexit_time=11:42:24[0m [1;33mpnl=-0.00000000 bps=-0.00000000 pct=-0.00000000% total=0.40018999999999993[0m
[BETA_X5] mode=OFF radar_adj=0 mom= conf=0
[BETA_X5] [1;36m11:42:34[0m [1;33mx5[0m [1;36m#235[0m SKIP tension=[1;36m0.00029772[0m [0m| momentum_too_small [1;31mconf=0.0005[0m
[ALPHA_X13_BURST13] [BARRIER_TIMEOUT] BETA en retard, ouverture forcée de la barrière au cycle 93
[BETA_X5] mode=OFF radar_adj=0 mom= conf=0
[ALPHA_X13_BURST13] mode=OFF radar_adj=0 mom= conf=0
[BETA_X5] [1;36m11:42:42[0m [1;33mx5[0m [1;36m#236[0m SKIP tension=[1;36m0.00004847[0m [0m| momentum_too_small [1;31mconf=0.0001[0m
[ALPHA_X13_BURST13] [1;36m11:42:42[0m [1;33mx5[0m [1;36m#93[0m SKIP tension=[1;36m0.00002102[0m [0m| momentum_too_small [1;31mconf=0.0[0m
[BETA_X5] mode=OFF radar_adj=0 mom= conf=0
[BETA_X5] [1;36m11:42:49[0m [1;33mx5[0m [1;36m#237[0m SKIP tension=[1;36m0.00019854[0m [0m| momentum_too_small [1;31mconf=0.0003[0m
[BETA_X5] mode=OFF radar_adj=0 mom= conf=0
[BETA_X5] [1;36m11:42:57[0m [1;33mx5[0m [1;36m#238[0m SKIP tension=[1;36m0.00002745[0m [0m| momentum_too_small [1;31mconf=0.0[0m
[BETA_X5] mode=OFF radar_adj=0 mom= conf=0
[ALPHA_X13_BURST13] [BARRIER_TIMEOUT] BETA en retard, ouverture forcée de la barrière au cycle 94
[ALPHA_X13_BURST13] mode=OFF radar_adj=0 mom= conf=0
[BETA_X5] [1;36m11:43:05[0m [1;33mx5[0m [1;36m#239[0m SKIP tension=[1;36m0.00000000[0m [0m| momentum_too_small [1;31mconf=0.3415[0m
[BETA_X5] mode=OFF radar_adj=0 mom= conf=0
[ALPHA_X13_BURST13] [1;36m11:43:08[0m [1;33mx5[0m [1;36m#94[0m SKIP tension=[1;36m0.00033827[0m [0m| momentum_too_small [1;31mconf=0.0006[0m
[BETA_X5] [1;36m11:43:13[0m [1;33mx5[0m [1;36m#240[0m SKIP tension=[1;36m0.00001432[0m [0m| momentum_too_small [1;31mconf=0.0[0m
[BETA_X5] mode=OFF radar_adj=0 mom= conf=0
[BETA_X5] [1;36m11:43:21[0m [1;33mx5[0m [1;36m#241[0m SKIP tension=[1;36m0.00000000[0m [0m| momentum_too_small [1;31mconf=0.3415[0m
[BETA_X5] mode=OFF radar_adj=0 mom= conf=0
[ALPHA_X13_BURST13] [BARRIER_TIMEOUT] BETA en retard, ouverture forcée de la barrière au cycle 95
[ALPHA_X13_BURST13] mode=OFF radar_adj=0 mom= conf=0
[BETA_X5] [1;36m11:43:29[0m [1;33mx5[0m [1;36m#242[0m SKIP tension=[1;36m0.00000716[0m [0m| momentum_too_small [1;31mconf=0.0[0m
[BETA_X5] mode=OFF radar_adj=0 mom= conf=0
[ALPHA_X13_BURST13] [1;36m11:43:34[0m [1;33mx5[0m [1;36m#95[0m SKIP tension=[1;36m0.00002275[0m [0m| momentum_too_small [1;31mconf=0.0[0m
[BETA_X5] [1;36m11:43:37[0m [1;33mx5[0m [1;36m#243[0m SKIP tension=[1;36m0.00015283[0m [0m| momentum_too_small [1;31mconf=0.0002[0m
[BETA_X5] mode=OFF radar_adj=0 mom= conf=0
[BETA_X5] [1;36m11:43:44[0m [1;33mx5[0m [1;36m#244[0m SKIP tension=[1;36m0.08324949[0m [0m| direction_unclear [1;31mconf=0.1354[0m
[BETA_X5] mode=OFF radar_adj=0 mom= conf=0
[ALPHA_X13_BURST13] [BARRIER_TIMEOUT] BETA en retard, ouverture forcée de la barrière au cycle 96
[BETA_X5] [1;36m11:43:52[0m [1;33mx5[0m [1;36m#245[0m SKIP tension=[1;36m0.00002106[0m [0m| momentum_too_small [1;31mconf=0.0[0m
[ALPHA_X13_BURST13] mode=OFF radar_adj=0 mom= conf=0
[BETA_X5] mode=OFF radar_adj=0 mom= conf=0
[ALPHA_X13_BURST13] [1;36m11:43:59[0m [1;33mx5[0m [1;36m#96[0m SKIP tension=[1;36m0.00000758[0m [0m| momentum_too_small [1;31mconf=0.0[0m
[BETA_X5] [1;36m11:44:02[0m [1;33mx5[0m [1;36m#246[0m SKIP tension=[1;36m0.00001180[0m [0m| momentum_too_small [1;31mconf=0.0[0m
[BETA_X5] mode=OFF radar_adj=0 mom= conf=0
[BETA_X5] [1;36m11:44:10[0m [1;33mx5[0m [1;36m#247[0m SKIP tension=[1;36m0.00003364[0m [0m| momentum_too_small [1;31mconf=0.0001[0m
[BETA_X5] mode=OFF radar_adj=0 mom= conf=0
[ALPHA_X13_BURST13] [BARRIER_TIMEOUT] BETA en retard, ouverture forcée de la barrière au cycle 97
[BETA_X5] [1;36m11:44:18[0m [1;33mx5[0m [1;36m#248[0m SKIP tension=[1;36m0.58408670[0m [0m| wall_not_collapsed
[ALPHA_X13_BURST13] mode=OFF radar_adj=0 mom= conf=0
[BETA_X5] mode=OFF radar_adj=0 mom= conf=0
[ALPHA_X13_BURST13] [1;36m11:44:25[0m [1;33mx5[0m [1;36m#97[0m SKIP tension=[1;36m0.00000000[0m [0m| momentum_too_small [1;31mconf=0.3411[0m
[BETA_X5] [1;36m11:44:25[0m [1;33mx5[0m [1;36m#249[0m SKIP tension=[1;36m0.00000000[0m [0m| momentum_too_small [1;31mconf=0.3411[0m
[BETA_X5] mode=OFF radar_adj=0 mom= conf=0
[BETA_X5] [1;36m11:44:33[0m [1;33mx5[0m [1;36m#250[0m SKIP tension=[1;36m0.58415617[0m [0m| wall_not_collapsed
[BETA_X5] mode=OFF radar_adj=0 mom= conf=0
[BETA_X5] [1;36m11:44:41[0m [1;33mx5[0m [1;36m#251[0m SKIP tension=[1;36m0.00001135[0m [0m| momentum_too_small [1;31mconf=0.0[0m
[ALPHA_X13_BURST13] [BARRIER_TIMEOUT] BETA en retard, ouverture forcée de la barrière au cycle 98
[BETA_X5] mode=OFF radar_adj=0 mom= conf=0
[ALPHA_X13_BURST13] mode=OFF radar_adj=0 mom= conf=0
[BETA_X5] [1;36m11:44:48[0m [1;33mx5[0m [1;36m#252[0m SKIP tension=[1;36m0.00001865[0m [0m| momentum_too_small [1;31mconf=0.0[0m
[ALPHA_X13_BURST13] [1;36m11:44:50[0m [1;33mx5[0m [1;36m#98[0m SKIP tension=[1;36m0.00000973[0m [0m| momentum_too_small [1;31mconf=0.0[0m
[BETA_X5] mode=OFF radar_adj=0 mom= conf=0
[BETA_X5] [1;36m11:44:57[0m [1;33mx5[0m [1;36m#253[0m SKIP tension=[1;36m0.00001824[0m [0m| momentum_too_small [1;31mconf=0.0[0m
[BETA_X5] mode=OFF radar_adj=0 mom= conf=0
[BETA_X5] [1;36m11:45:04[0m [1;33mx5[0m [1;36m#254[0m SKIP tension=[1;36m0.00020636[0m [0m| momentum_too_small [1;31mconf=0.0003[0m
[BETA_X5] mode=OFF radar_adj=0 mom= conf=0
[ALPHA_X13_BURST13] [BARRIER_TIMEOUT] BETA en retard, ouverture forcée de la barrière au cycle 99
[ALPHA_X13_BURST13] mode=OFF radar_adj=0 mom= conf=0
[BETA_X5] [1;36m11:45:12[0m [1;33mx5[0m [1;36m#255[0m SKIP tension=[1;36m0.00000000[0m [0m| momentum_too_small [1;31mconf=0.3411[0m
[BETA_X5] mode=OFF radar_adj=0 mom= conf=0
[ALPHA_X13_BURST13] [1;36m11:45:15[0m [1;33mx5[0m [1;36m#99[0m SKIP tension=[1;36m0.00001518[0m [0m| momentum_too_small [1;31mconf=0.0[0m
[BETA_X5] [1;36m11:45:21[0m [1;33mx5[0m [1;36m#256[0m SKIP tension=[1;36m0.00000000[0m [0m| momentum_too_small [1;31mconf=0.3415[0m
[BETA_X5] mode=OFF radar_adj=0 mom= conf=0
[BETA_X5] [1;36m11:45:29[0m [1;33mx5[0m [1;36m#257[0m SKIP tension=[1;36m0.00001560[0m [0m| momentum_too_small [1;31mconf=0.0[0m
[BETA_X5] mode=OFF radar_adj=0 mom= conf=0
[ALPHA_X13_BURST13] [BARRIER_TIMEOUT] BETA en retard, ouverture forcée de la barrière au cycle 100
[ALPHA_X13_BURST13] mode=OFF radar_adj=0 mom= conf=0
[BETA_X5] [1;36m11:45:37[0m [1;33mx5[0m [1;36m#258[0m SKIP tension=[1;36m0.00238800[0m [0m| momentum_too_small [1;31mconf=0.0039[0m
[BETA_X5] mode=OFF radar_adj=0 mom= conf=0
[ALPHA_X13_BURST13] [1;36m11:45:40[0m [1;33mx5[0m [1;36m#100[0m SKIP tension=[1;36m0.00026439[0m [0m| momentum_too_small [1;31mconf=0.0004[0m
[BETA_X5] [1;36m11:45:45[0m [1;33mx5[0m [1;36m#259[0m SKIP tension=[1;36m0.00002530[0m [0m| momentum_too_small [1;31mconf=0.0[0m
[BETA_X5] mode=OFF radar_adj=0 mom= conf=0
[BETA_X5] [1;36m11:45:53[0m [1;33mx5[0m [1;36m#260[0m SKIP tension=[1;36m0.00002274[0m [0m| momentum_too_small [1;31mconf=0.0[0m
[BETA_X5] mode=OFF radar_adj=0 mom= conf=0
[ALPHA_X13_BURST13] [BARRIER_TIMEOUT] BETA en retard, ouverture forcée de la barrière au cycle 101
[ALPHA_X13_BURST13] mode=OFF radar_adj=0 mom= conf=0
[BETA_X5] [1;36m11:46:01[0m [1;33mx5[0m [1;36m#261[0m SKIP tension=[1;36m0.00005441[0m [0m| momentum_too_small [1;31mconf=0.0001[0m
[BETA_X5] mode=OFF radar_adj=0 mom= conf=0
[ALPHA_X13_BURST13] [1;36m11:46:05[0m [1;33mx5[0m [1;36m#101[0m SKIP tension=[1;36m0.83780872[0m [0m| wall_not_collapsed
[BETA_X5] [1;36m11:46:09[0m [1;33mx5[0m [1;36m#262[0m SKIP tension=[1;36m0.00000000[0m [0m| momentum_too_small [1;31mconf=0.3411[0m
[BETA_X5] mode=OFF radar_adj=0 mom= conf=0
[BETA_X5] [1;36m11:46:17[0m [1;33mx5[0m [1;36m#263[0m SKIP tension=[1;36m0.83834192[0m [0m| wall_not_collapsed
[BETA_X5] mode=OFF radar_adj=0 mom= conf=0
[ALPHA_X13_BURST13] [BARRIER_TIMEOUT] BETA en retard, ouverture forcée de la barrière au cycle 102
[BETA_X5] [1;36m11:46:24[0m [1;33mx5[0m [1;36m#264[0m SKIP tension=[1;36m0.00002026[0m [0m| momentum_too_small [1;31mconf=0.0[0m
[ALPHA_X13_BURST13] mode=OFF radar_adj=0 mom= conf=0
[BETA_X5] mode=OFF radar_adj=0 mom= conf=0
[ALPHA_X13_BURST13] [1;36m11:46:30[0m [1;33mx5[0m [1;36m#102[0m SKIP tension=[1;36m0.00000000[0m [0m| momentum_too_small [1;31mconf=0.3497[0m
[BETA_X5] [1;36m11:46:37[0m [1;33mx5[0m [1;36m#265[0m SKIP tension=[1;33m0.93841054[0m [0m| wall_not_collapsed
[BETA_X5] mode=OFF radar_adj=0 mom= conf=0
[ALPHA_X13_BURST13] [BARRIER_TIMEOUT] BETA en retard, ouverture forcée de la barrière au cycle 103
[ALPHA_X13_BURST13] mode=OFF radar_adj=0 mom= conf=0
[BETA_X5] [1;36mentry=11:46:46@64181.40000000[0m [1;33mx5[0m [1;36m#266[0m [1;33mSELL[0m tension=[1;31m3.68027842[0m hold=[1;36m6[0ms sec=[1;36m6[0m [0m| exit=64181.40000000 [1;32mconf=0.999[0m [1;36mexit_time=11:46:52[0m [1;33mpnl=-0.00000000 bps=-0.00000000 pct=-0.00000000% total=0.40018999999999993[0m
[ALPHA_X13_BURST13] [1;36m11:46:56[0m [1;33mx5[0m [1;36m#103[0m SKIP tension=[1;36m0.00010369[0m [0m| momentum_too_small [1;31mconf=0.0002[0m
[BETA_X5] mode=OFF radar_adj=0 mom= conf=0
[BETA_X5] [1;36m11:47:01[0m [1;33mx5[0m [1;36m#267[0m SKIP tension=[1;36m0.00338136[0m [0m| momentum_too_small [1;31mconf=0.0055[0m
[BETA_X5] mode=OFF radar_adj=0 mom= conf=0
[BETA_X5] [1;36m11:47:09[0m [1;33mx5[0m [1;36m#268[0m SKIP tension=[1;36m0.01510719[0m [0m| direction_unclear [1;31mconf=0.0245[0m
[BETA_X5] mode=OFF radar_adj=0 mom= conf=0
[ALPHA_X13_BURST13] [BARRIER_TIMEOUT] BETA en retard, ouverture forcée de la barrière au cycle 104
[ALPHA_X13_BURST13] mode=OFF radar_adj=0 mom= conf=0
[BETA_X5] [1;36m11:47:17[0m [1;33mx5[0m [1;36m#269[0m SKIP tension=[1;36m0.00002991[0m [0m| momentum_too_small [1;31mconf=0.0[0m
[BETA_X5] mode=OFF radar_adj=0 mom= conf=0
[ALPHA_X13_BURST13] [1;36m11:47:21[0m [1;33mx5[0m [1;36m#104[0m SKIP tension=[1;36m0.00001238[0m [0m| momentum_too_small [1;31mconf=0.0[0m
[BETA_X5] [1;36m11:47:25[0m [1;33mx5[0m [1;36m#270[0m SKIP tension=[1;36m0.08333340[0m [0m| direction_unclear [1;31mconf=0.1355[0m
[BETA_X5] mode=OFF radar_adj=0 mom= conf=0
[BETA_X5] [1;36m11:47:33[0m [1;33mx5[0m [1;36m#271[0m SKIP tension=[1;36m0.00002530[0m [0m| momentum_too_small [1;31mconf=0.0[0m
[BETA_X5] mode=OFF radar_adj=0 mom= conf=0
[ALPHA_X13_BURST13] [BARRIER_TIMEOUT] BETA en retard, ouverture forcée de la barrière au cycle 105
[BETA_X5] [1;36m11:47:41[0m [1;33mx5[0m [1;36m#272[0m SKIP tension=[1;33m0.96136583[0m [0m| wall_not_collapsed
[ALPHA_X13_BURST13] mode=OFF radar_adj=0 mom= conf=0
[BETA_X5] mode=OFF radar_adj=0 mom= conf=0
[ALPHA_X13_BURST13] [1;36m11:47:46[0m [1;33mx5[0m [1;36m#105[0m SKIP tension=[1;36m0.08344400[0m [0m| direction_unclear [1;31mconf=0.1354[0m
[BETA_X5] [1;36m11:47:49[0m [1;33mx5[0m [1;36m#273[0m SKIP tension=[1;36m0.18619718[0m [0m| direction_unclear [1;31mconf=0.3022[0m
[BETA_X5] mode=OFF radar_adj=0 mom= conf=0
[BETA_X5] [1;36m11:47:57[0m [1;33mx5[0m [1;36m#274[0m SKIP tension=[1;36m0.00000000[0m [0m| momentum_too_small [1;31mconf=0.3408[0m
[BETA_X5] mode=OFF radar_adj=0 mom= conf=0
[BETA_X5] [1;36m11:48:05[0m [1;33mx5[0m [1;36m#275[0m SKIP tension=[1;36m0.00002373[0m [0m| momentum_too_small [1;31mconf=0.0[0m
[ALPHA_X13_BURST13] [BARRIER_TIMEOUT] BETA en retard, ouverture forcée de la barrière au cycle 106
[ALPHA_X13_BURST13] mode=OFF radar_adj=0 mom= conf=0
[BETA_X5] mode=OFF radar_adj=0 mom= conf=0
[ALPHA_X13_BURST13] [1;36m11:48:12[0m [1;33mx5[0m [1;36m#106[0m SKIP tension=[1;36m0.00004698[0m [0m| momentum_too_small [1;31mconf=0.0001[0m
[BETA_X5] [1;36m11:48:13[0m [1;33mx5[0m [1;36m#276[0m SKIP tension=[1;36m0.00001259[0m [0m| momentum_too_small [1;31mconf=0.0[0m
[BETA_X5] mode=OFF radar_adj=0 mom= conf=0
[BETA_X5] [1;36m11:48:20[0m [1;33mx5[0m [1;36m#277[0m SKIP tension=[1;36m0.00001356[0m [0m| momentum_too_small [1;31mconf=0.0[0m
[BETA_X5] mode=OFF radar_adj=0 mom= conf=0
[BETA_X5] [1;36m11:48:29[0m [1;33mx5[0m [1;36m#278[0m SKIP tension=[1;36m0.00001963[0m [0m| momentum_too_small [1;31mconf=0.0[0m
[ALPHA_X13_BURST13] [BARRIER_TIMEOUT] BETA en retard, ouverture forcée de la barrière au cycle 107
[BETA_X5] mode=OFF radar_adj=0 mom= conf=0
[ALPHA_X13_BURST13] mode=OFF radar_adj=0 mom= conf=0
[BETA_X5] [1;36m11:48:37[0m [1;33mx5[0m [1;36m#279[0m SKIP tension=[1;36m0.00002686[0m [0m| momentum_too_small [1;31mconf=0.0[0m
[ALPHA_X13_BURST13] [1;36m11:48:37[0m [1;33mx5[0m [1;36m#107[0m SKIP tension=[1;36m0.00002686[0m [0m| momentum_too_small [1;31mconf=0.0[0m
[BETA_X5] mode=OFF radar_adj=0 mom= conf=0
[BETA_X5] [1;36m11:48:45[0m [1;33mx5[0m [1;36m#280[0m SKIP tension=[1;36m0.00002809[0m [0m| momentum_too_small [1;31mconf=0.0[0m
[BETA_X5] mode=OFF radar_adj=0 mom= conf=0
[BETA_X5] [1;36m11:48:53[0m [1;33mx5[0m [1;36m#281[0m SKIP tension=[1;36m0.00001912[0m [0m| momentum_too_small [1;31mconf=0.0[0m
[ALPHA_X13_BURST13] [BARRIER_TIMEOUT] BETA en retard, ouverture forcée de la barrière au cycle 108
[BETA_X5] mode=OFF radar_adj=0 mom= conf=0
[ALPHA_X13_BURST13] mode=OFF radar_adj=0 mom= conf=0
[BETA_X5] [1;36m11:49:01[0m [1;33mx5[0m [1;36m#282[0m SKIP tension=[1;36m0.00001017[0m [0m| momentum_too_small [1;31mconf=0.0[0m
[ALPHA_X13_BURST13] [1;36m11:49:02[0m [1;33mx5[0m [1;36m#108[0m SKIP tension=[1;36m0.00002229[0m [0m| momentum_too_small [1;31mconf=0.0[0m
[BETA_X5] mode=OFF radar_adj=0 mom= conf=0
[BETA_X5] [1;36m11:49:09[0m [1;33mx5[0m [1;36m#283[0m SKIP tension=[1;36m0.00000000[0m [0m| momentum_too_small [1;31mconf=0.3411[0m
[BETA_X5] mode=OFF radar_adj=0 mom= conf=0
[BETA_X5] [1;36m11:49:17[0m [1;33mx5[0m [1;36m#284[0m SKIP tension=[1;36m0.00002374[0m [0m| momentum_too_small [1;31mconf=0.0[0m
[BETA_X5] mode=OFF radar_adj=0 mom= conf=0
[ALPHA_X13_BURST13] [BARRIER_TIMEOUT] BETA en retard, ouverture forcée de la barrière au cycle 109
[ALPHA_X13_BURST13] mode=OFF radar_adj=0 mom= conf=0
[BETA_X5] [1;36m11:49:25[0m [1;33mx5[0m [1;36m#285[0m SKIP tension=[1;36m0.00001988[0m [0m| momentum_too_small [1;31mconf=0.0[0m
[ALPHA_X13_BURST13] [1;36m11:49:28[0m [1;33mx5[0m [1;36m#109[0m SKIP tension=[1;36m0.00002473[0m [0m| momentum_too_small [1;31mconf=0.0[0m
[BETA_X5] mode=OFF radar_adj=0 mom= conf=0
[BETA_X5] [1;36m11:49:33[0m [1;33mx5[0m [1;36m#286[0m SKIP tension=[1;36m0.00002571[0m [0m| momentum_too_small [1;31mconf=0.0[0m
[BETA_X5] mode=OFF radar_adj=0 mom= conf=0
[BETA_X5] [1;36m11:49:41[0m [1;33mx5[0m [1;36m#287[0m SKIP tension=[1;36m0.00001455[0m [0m| momentum_too_small [1;31mconf=0.0[0m
[BETA_X5] mode=OFF radar_adj=0 mom= conf=0
[ALPHA_X13_BURST13] [BARRIER_TIMEOUT] BETA en retard, ouverture forcée de la barrière au cycle 110
[ALPHA_X13_BURST13] mode=OFF radar_adj=0 mom= conf=0
[BETA_X5] [1;36m11:49:49[0m [1;33mx5[0m [1;36m#288[0m SKIP tension=[1;36m0.00002798[0m [0m| momentum_too_small [1;31mconf=0.0[0m
[BETA_X5] mode=OFF radar_adj=0 mom= conf=0
[ALPHA_X13_BURST13] [1;36m11:49:53[0m [1;33mx5[0m [1;36m#110[0m SKIP tension=[1;36m0.00002427[0m [0m| momentum_too_small [1;31mconf=0.0[0m
[BETA_X5] [1;36m11:49:57[0m [1;33mx5[0m [1;36m#289[0m SKIP tension=[1;36m0.00000922[0m [0m| momentum_too_small [1;31mconf=0.0[0m
[BETA_X5] mode=OFF radar_adj=0 mom= conf=0
[BETA_X5] [1;36m11:50:05[0m [1;33mx5[0m [1;36m#290[0m SKIP tension=[1;36m0.00037569[0m [0m| momentum_too_small [1;31mconf=0.0005[0m
[BETA_X5] mode=OFF radar_adj=0 mom= conf=0
[ALPHA_X13_BURST13] [BARRIER_TIMEOUT] BETA en retard, ouverture forcée de la barrière au cycle 111
[ALPHA_X13_BURST13] mode=OFF radar_adj=0 mom= conf=0
[BETA_X5] [1;36m11:50:13[0m [1;33mx5[0m [1;36m#291[0m SKIP tension=[1;36m0.00402443[0m [0m| momentum_too_small [1;31mconf=0.0064[0m
[BETA_X5] mode=OFF radar_adj=0 mom= conf=0
[ALPHA_X13_BURST13] [1;36m11:50:19[0m [1;33mx5[0m [1;36m#111[0m SKIP tension=[1;31m3.39857440[0m [0m| duo no_trigger
[BETA_X5] [1;36m11:50:21[0m [1;33mx5[0m [1;36m#292[0m SKIP tension=[1;36m0.00007542[0m [0m| momentum_too_small [1;31mconf=0.0001[0m
[BETA_X5] mode=OFF radar_adj=0 mom= conf=0
[BETA_X5] [1;36m11:50:29[0m [1;33mx5[0m [1;36m#293[0m SKIP tension=[1;36m0.00013813[0m [0m| momentum_too_small [1;31mconf=0.0002[0m
[BETA_X5] mode=OFF radar_adj=0 mom= conf=0
[ALPHA_X13_BURST13] [BARRIER_TIMEOUT] BETA en retard, ouverture forcée de la barrière au cycle 112
[BETA_X5] [1;36m11:50:37[0m [1;33mx5[0m [1;36m#294[0m SKIP tension=[1;36m0.00000000[0m [0m| momentum_too_small [1;31mconf=0.3476[0m
[ALPHA_X13_BURST13] mode=OFF radar_adj=0 mom= conf=0
[BETA_X5] mode=OFF radar_adj=0 mom= conf=0
[ALPHA_X13_BURST13] [1;36m11:50:45[0m [1;33mx5[0m [1;36m#112[0m SKIP tension=[1;31m2.71829918[0m [0m| duo no_trigger
[BETA_X5] [1;36m11:50:45[0m [1;33mx5[0m [1;36m#295[0m SKIP tension=[1;36m0.00042257[0m [0m| momentum_too_small [1;31mconf=0.0007[0m
[BETA_X5] mode=OFF radar_adj=0 mom= conf=0
[BETA_X5] [1;36m11:50:58[0m [1;33mx5[0m [1;36m#296[0m SKIP tension=[1;36m0.00133826[0m [0m| momentum_too_small [1;31mconf=0.0022[0m
[BETA_X5] mode=OFF radar_adj=0 mom= conf=0
[ALPHA_X13_BURST13] [BARRIER_TIMEOUT] BETA en retard, ouverture forcée de la barrière au cycle 113
[ALPHA_X13_BURST13] mode=OFF radar_adj=0 mom= conf=0
[BETA_X5] [1;36m11:51:06[0m [1;33mx5[0m [1;36m#297[0m SKIP tension=[1;36m0.00000000[0m [0m| momentum_too_small [1;31mconf=0.3343[0m
[BETA_X5] mode=OFF radar_adj=0 mom= conf=0
[BETA_X5] [1;36m11:51:14[0m [1;33mx5[0m [1;36m#298[0m SKIP tension=[1;36m0.61253261[0m [0m| wall_not_collapsed
[ALPHA_X13_BURST13] [1;36m11:51:16[0m [1;33mx5[0m [1;36m#113[0m SKIP tension=[1;36m0.00289047[0m [0m| momentum_too_small [1;31mconf=0.0046[0m
[BETA_X5] mode=OFF radar_adj=0 mom= conf=0
[BETA_X5] [1;36m11:51:22[0m [1;33mx5[0m [1;36m#299[0m SKIP tension=[1;36m0.00055673[0m [0m| momentum_too_small [1;31mconf=0.0009[0m
[BETA_X5] mode=OFF radar_adj=0 mom= conf=0
[BETA_X5] [1;36m11:51:31[0m [1;33mx5[0m [1;36m#300[0m SKIP tension=[1;36m0.00000000[0m [0m| momentum_too_small [1;31mconf=0.334[0m
[BETA_X5] mode=OFF radar_adj=0 mom= conf=0
[ALPHA_X13_BURST13] [BARRIER_TIMEOUT] BETA en retard, ouverture forcée de la barrière au cycle 114
[ALPHA_X13_BURST13] mode=OFF radar_adj=0 mom= conf=0
[BETA_X5] [1;36m11:51:39[0m [1;33mx5[0m [1;36m#301[0m SKIP tension=[1;36m0.00003860[0m [0m| momentum_too_small [1;31mconf=0.0001[0m
[ALPHA_X13_BURST13] [1;36m11:51:41[0m [1;33mx5[0m [1;36m#114[0m SKIP tension=[1;36m0.00058061[0m [0m| momentum_too_small [1;31mconf=0.0009[0m
[BETA_X5] mode=OFF radar_adj=0 mom= conf=0
[BETA_X5] [1;36m11:51:47[0m [1;33mx5[0m [1;36m#302[0m SKIP tension=[1;32m1.54792158[0m [0m| tactic long vs short
[BETA_X5] mode=OFF radar_adj=0 mom= conf=0
[ALPHA_X13_BURST13] [BARRIER_TIMEOUT] BETA en retard, ouverture forcée de la barrière au cycle 115
[ALPHA_X13_BURST13] mode=OFF radar_adj=0 mom= conf=0
[BETA_X5] [1;36mentry=11:51:58@64101.70000000[0m [1;33mx5[0m [1;36m#303[0m [1;33mSELL[0m tension=[1;32m1.42475928[0m hold=[1;36m5[0ms sec=[1;36m5[0m [0m| exit=64101.70000000 [1;32mconf=0.9552[0m [1;36mexit_time=11:52:04[0m [1;33mpnl=-0.00000000 bps=-0.00000000 pct=-0.00000000% total=0.40018999999999993[0m
[ALPHA_X13_BURST13] [1;36m11:52:07[0m [1;33mx5[0m [1;36m#115[0m SKIP tension=[1;31m4.26288622[0m [0m| duo no_trigger
[BETA_X5] mode=OFF radar_adj=0 mom= conf=0
[BETA_X5] [1;36m11:52:13[0m [1;33mx5[0m [1;36m#304[0m SKIP tension=[1;32m1.26713107[0m [0m| tactic long vs short
[BETA_X5] mode=OFF radar_adj=0 mom= conf=0
[BETA_X5] [1;36m11:52:21[0m [1;33mx5[0m [1;36m#305[0m SKIP tension=[1;36m0.00002415[0m [0m| momentum_too_small [1;31mconf=0.0[0m
[BETA_X5] mode=OFF radar_adj=0 mom= conf=0
[ALPHA_X13_BURST13] [BARRIER_TIMEOUT] BETA en retard, ouverture forcée de la barrière au cycle 116
[ALPHA_X13_BURST13] mode=OFF radar_adj=0 mom= conf=0
[BETA_X5] [1;36m11:52:30[0m [1;33mx5[0m [1;36m#306[0m SKIP tension=[1;36m0.00001226[0m [0m| momentum_too_small [1;31mconf=0.0[0m
[BETA_X5] mode=OFF radar_adj=0 mom= conf=0
[ALPHA_X13_BURST13] [1;36m11:52:33[0m [1;33mx5[0m [1;36m#116[0m SKIP tension=[1;31m4.26413796[0m [0m| duo no_trigger
[BETA_X5] [1;36m11:52:38[0m [1;33mx5[0m [1;36m#307[0m SKIP tension=[1;36m0.00031955[0m [0m| momentum_too_small [1;31mconf=0.0005[0m
[BETA_X5] mode=OFF radar_adj=0 mom= conf=0
[BETA_X5] [1;36m11:52:46[0m [1;33mx5[0m [1;36m#308[0m SKIP tension=[1;36m0.00002002[0m [0m| momentum_too_small [1;31mconf=0.0[0m
[BETA_X5] mode=OFF radar_adj=0 mom= conf=0
[ALPHA_X13_BURST13] [BARRIER_TIMEOUT] BETA en retard, ouverture forcée de la barrière au cycle 117
[ALPHA_X13_BURST13] mode=OFF radar_adj=0 mom= conf=0
[BETA_X5] [1;36m11:52:53[0m [1;33mx5[0m [1;36m#309[0m SKIP tension=[1;36m0.00000000[0m [0m| momentum_too_small [1;31mconf=0.3497[0m
[BETA_X5] mode=OFF radar_adj=0 mom= conf=0
[ALPHA_X13_BURST13] [1;36m11:52:58[0m [1;33mx5[0m [1;36m#117[0m SKIP tension=[1;36m0.00000562[0m [0m| momentum_too_small [1;31mconf=0.0[0m
[BETA_X5] [1;36m11:53:06[0m [1;33mx5[0m [1;36m#310[0m SKIP tension=[1;36m0.59475021[0m [0m| wall_not_collapsed
[BETA_X5] mode=OFF radar_adj=0 mom= conf=0
[BETA_X5] [1;36m11:53:14[0m [1;33mx5[0m [1;36m#311[0m SKIP tension=[1;36m0.00000000[0m [0m| momentum_too_small [1;31mconf=0.3497[0m
[ALPHA_X13_BURST13] [BARRIER_TIMEOUT] BETA en retard, ouverture forcée de la barrière au cycle 118
[BETA_X5] mode=OFF radar_adj=0 mom= conf=0
[ALPHA_X13_BURST13] mode=OFF radar_adj=0 mom= conf=0
[BETA_X5] [1;36m11:53:23[0m [1;33mx5[0m [1;36m#312[0m SKIP tension=[1;36m0.59489305[0m [0m| wall_not_collapsed
[ALPHA_X13_BURST13] [1;36m11:53:23[0m [1;33mx5[0m [1;36m#118[0m SKIP tension=[1;36m0.00000415[0m [0m| momentum_too_small [1;31mconf=0.0[0m
[BETA_X5] mode=OFF radar_adj=0 mom= conf=0
[ALPHA_X13_BURST13] [BARRIER_TIMEOUT] BETA en retard, ouverture forcée de la barrière au cycle 119
[BETA_X5] [1;36mentry=11:53:34@64173.40000000[0m [1;33mx5[0m [1;36m#313[0m [1;33mSELL[0m tension=[1;32m1.21595303[0m hold=[1;36m6[0ms sec=[1;36m6[0m [0m| exit=64173.40000000 [1;32mconf=0.999[0m [1;36mexit_time=11:53:40[0m [1;33mpnl=-0.00000000 bps=-0.00000000 pct=-0.00000000% total=0.40018999999999993[0m
[ALPHA_X13_BURST13] mode=OFF radar_adj=0 mom= conf=0
[BETA_X5] mode=OFF radar_adj=0 mom= conf=0
[ALPHA_X13_BURST13] [1;36m11:53:48[0m [1;33mx5[0m [1;36m#119[0m SKIP tension=[1;36m0.00003394[0m [0m| momentum_too_small [1;31mconf=0.0001[0m
[BETA_X5] [1;36m11:53:49[0m [1;33mx5[0m [1;36m#314[0m SKIP tension=[1;36m0.00006729[0m [0m| momentum_too_small [1;31mconf=0.0001[0m
[BETA_X5] mode=OFF radar_adj=0 mom= conf=0
[BETA_X5] [1;36mCycle 315[0m [1;32mSOFT anomaly[0m [1;33m| pnl_abs=0.04805000 > 0.02500000[0m
[BETA_X5] [1;36mentry=11:53:58@64173.40000000[0m [1;33mx5[0m [1;36m#315[0m [1;31mSELL[0m tension=[1;32m1.75166188[0m hold=[1;36m5[0ms sec=[1;36m5[0m [0m| exit=64176.50000000 [1;32mconf=0.9698[0m [1;36mexit_time=11:54:04[0m [1;31mpnl=-0.04805000 bps=-0.48306619 pct=-0.00483066% total=0.35213999999999995[0m
[ALPHA_X13_BURST13] [BARRIER_TIMEOUT] BETA en retard, ouverture forcée de la barrière au cycle 120
[ALPHA_X13_BURST13] mode=OFF radar_adj=0 mom= conf=0
[BETA_X5] mode=OFF radar_adj=0 mom= conf=0
[ALPHA_X13_BURST13] [1;36m11:54:13[0m [1;33mx5[0m [1;36m#120[0m SKIP tension=[1;36m0.00000000[0m [0m| momentum_too_small [1;31mconf=0.3394[0m
[BETA_X5] [1;36m11:54:14[0m [1;33mx5[0m [1;36m#316[0m SKIP tension=[1;36m0.00000000[0m [0m| momentum_too_small [1;31mconf=0.3394[0m
[BETA_X5] mode=OFF radar_adj=0 mom= conf=0
[BETA_X5] [1;36m11:54:21[0m [1;33mx5[0m [1;36m#317[0m SKIP tension=[1;36m0.00000000[0m [0m| momentum_too_small [1;31mconf=0.3394[0m
[BETA_X5] mode=OFF radar_adj=0 mom= conf=0
[BETA_X5] [1;36m11:54:29[0m [1;33mx5[0m [1;36m#318[0m SKIP tension=[1;36m0.00000000[0m [0m| momentum_too_small [1;31mconf=0.3394[0m
[ALPHA_X13_BURST13] [BARRIER_TIMEOUT] BETA en retard, ouverture forcée de la barrière au cycle 121
[BETA_X5] mode=OFF radar_adj=0 mom= conf=0
[ALPHA_X13_BURST13] mode=OFF radar_adj=0 mom= conf=0
[ALPHA_X13_BURST13] [1;36mCycle 121[0m [1;31mENTRY error[0m [1;31m| code=-2019 msg=Margin is insufficient.[0m
[BETA_X5] [1;36mentry=11:54:38@64173.50000000[0m [1;33mx5[0m [1;36m#319[0m [1;32mSELL[0m tension=[1;31m3.61684978[0m hold=[1;36m6[0ms sec=[1;36m6[0m [0m| exit=64173.40000000 [1;32mconf=0.999[0m [1;36mexit_time=11:54:44[0m [1;32mpnl=0.00077000 bps=0.01558276 pct=0.00015583% total=0.35290999999999995[0m
[BETA_X5] mode=OFF radar_adj=0 mom= conf=0
[BETA_X5] [1;36m11:54:55[0m [1;33mx5[0m [1;36m#320[0m SKIP tension=[1;36m0.00000000[0m [0m| momentum_too_small [1;31mconf=0.3394[0m
[BETA_X5] mode=OFF radar_adj=0 mom= conf=0
[ALPHA_X13_BURST13] [BARRIER_TIMEOUT] BETA en retard, ouverture forcée de la barrière au cycle 122
[ALPHA_X13_BURST13] mode=OFF radar_adj=0 mom= conf=0
[BETA_X5] [1;36m11:55:03[0m [1;33mx5[0m [1;36m#321[0m SKIP tension=[1;36m0.00000000[0m [0m| momentum_too_small [1;31mconf=0.3394[0m
[ALPHA_X13_BURST13] [1;36m11:55:05[0m [1;33mx5[0m [1;36m#122[0m SKIP tension=[1;36m0.00144346[0m [0m| momentum_too_small [1;31mconf=0.0023[0m
[BETA_X5] mode=OFF radar_adj=0 mom= conf=0
[BETA_X5] [1;36m11:55:11[0m [1;33mx5[0m [1;36m#322[0m SKIP tension=[1;36m0.00140731[0m [0m| momentum_too_small [1;31mconf=0.0023[0m
[BETA_X5] mode=OFF radar_adj=0 mom= conf=0
[BETA_X5] [1;36m11:55:18[0m [1;33mx5[0m [1;36m#323[0m SKIP tension=[1;36m0.00001584[0m [0m| momentum_too_small [1;31mconf=0.0[0m
[BETA_X5] mode=OFF radar_adj=0 mom= conf=0
[ALPHA_X13_BURST13] [BARRIER_TIMEOUT] BETA en retard, ouverture forcée de la barrière au cycle 123
[ALPHA_X13_BURST13] mode=OFF radar_adj=0 mom= conf=0
[BETA_X5] [1;36m11:55:26[0m [1;33mx5[0m [1;36m#324[0m SKIP tension=[1;36m0.00000000[0m [0m| momentum_too_small [1;31mconf=0.337[0m
[BETA_X5] mode=OFF radar_adj=0 mom= conf=0
[ALPHA_X13_BURST13] [1;36m11:55:30[0m [1;33mx5[0m [1;36m#123[0m SKIP tension=[1;36m0.22069019[0m [0m| wall_not_collapsed
[BETA_X5] [1;36m11:55:34[0m [1;33mx5[0m [1;36m#325[0m SKIP tension=[1;36m0.00001008[0m [0m| momentum_too_small [1;31mconf=0.0[0m
[BETA_X5] mode=OFF radar_adj=0 mom= conf=0
[BETA_X5] [1;36m11:55:41[0m [1;33mx5[0m [1;36m#326[0m SKIP tension=[1;36m0.00007861[0m [0m| momentum_too_small [1;31mconf=0.0001[0m
[BETA_X5] mode=OFF radar_adj=0 mom= conf=0
[ALPHA_X13_BURST13] [BARRIER_TIMEOUT] BETA en retard, ouverture forcée de la barrière au cycle 124
[BETA_X5] [1;36m11:55:49[0m [1;33mx5[0m [1;36m#327[0m SKIP tension=[1;36m0.00000776[0m [0m| momentum_too_small [1;31mconf=0.0[0m
[ALPHA_X13_BURST13] mode=OFF radar_adj=0 mom= conf=0
[BETA_X5] mode=OFF radar_adj=0 mom= conf=0
[ALPHA_X13_BURST13] [1;36m11:55:54[0m [1;33mx5[0m [1;36m#124[0m SKIP tension=[1;36m0.00005151[0m [0m| momentum_too_small [1;31mconf=0.0001[0m
[BETA_X5] [1;36m11:55:57[0m [1;33mx5[0m [1;36m#328[0m SKIP tension=[1;36m0.46712654[0m [0m| wall_not_collapsed
[BETA_X5] mode=OFF radar_adj=0 mom= conf=0
[BETA_X5] [1;36m11:56:05[0m [1;33mx5[0m [1;36m#329[0m SKIP tension=[1;36m0.00322522[0m [0m| momentum_too_small [1;31mconf=0.005[0m
[BETA_X5] mode=OFF radar_adj=0 mom= conf=0
[BETA_X5] [1;36m11:56:12[0m [1;33mx5[0m [1;36m#330[0m SKIP tension=[1;36m0.00000000[0m [0m| momentum_too_small [1;31mconf=0.3238[0m
[ALPHA_X13_BURST13] [BARRIER_TIMEOUT] BETA en retard, ouverture forcée de la barrière au cycle 125
[ALPHA_X13_BURST13] mode=OFF radar_adj=0 mom= conf=0
[BETA_X5] mode=OFF radar_adj=0 mom= conf=0
[ALPHA_X13_BURST13] [1;36m11:56:21[0m [1;33mx5[0m [1;36m#125[0m SKIP tension=[1;36m0.00000000[0m [0m| momentum_too_small [1;31mconf=0.3234[0m
[BETA_X5] [1;36m11:56:21[0m [1;33mx5[0m [1;36m#331[0m SKIP tension=[1;36m0.00000000[0m [0m| momentum_too_small [1;31mconf=0.3234[0m
[BETA_X5] mode=OFF radar_adj=0 mom= conf=0
[BETA_X5] [1;36m11:56:30[0m [1;33mx5[0m [1;36m#332[0m SKIP tension=[1;36m0.00000000[0m [0m| momentum_too_small [1;31mconf=0.3231[0m
[BETA_X5] mode=OFF radar_adj=0 mom= conf=0
[BETA_X5] [1;36m11:56:38[0m [1;33mx5[0m [1;36m#333[0m SKIP tension=[1;36m0.00000000[0m [0m| momentum_too_small [1;31mconf=0.3231[0m
[ALPHA_X13_BURST13] [BARRIER_TIMEOUT] BETA en retard, ouverture forcée de la barrière au cycle 126
[BETA_X5] mode=OFF radar_adj=0 mom= conf=0
[ALPHA_X13_BURST13] mode=OFF radar_adj=0 mom= conf=0
[BETA_X5] [1;36m11:56:45[0m [1;33mx5[0m [1;36m#334[0m SKIP tension=[1;36m0.00073070[0m [0m| momentum_too_small [1;31mconf=0.0011[0m
[ALPHA_X13_BURST13] [1;36m11:56:45[0m [1;33mx5[0m [1;36m#126[0m SKIP tension=[1;36m0.43866835[0m [0m| wall_not_collapsed
[BETA_X5] mode=OFF radar_adj=0 mom= conf=0
[BETA_X5] [1;36m11:56:53[0m [1;33mx5[0m [1;36m#335[0m SKIP tension=[1;36m0.00000739[0m [0m| momentum_too_small [1;31mconf=0.0[0m
[BETA_X5] mode=OFF radar_adj=0 mom= conf=0
[BETA_X5] [1;36m11:57:01[0m [1;33mx5[0m [1;36m#336[0m SKIP tension=[1;36m0.00000000[0m [0m| momentum_too_small [1;31mconf=0.3231[0m
[BETA_X5] mode=OFF radar_adj=0 mom= conf=0
[ALPHA_X13_BURST13] [BARRIER_TIMEOUT] BETA en retard, ouverture forcée de la barrière au cycle 127
[ALPHA_X13_BURST13] mode=OFF radar_adj=0 mom= conf=0
[BETA_X5] [1;36m11:57:09[0m [1;33mx5[0m [1;36m#337[0m SKIP tension=[1;36m0.00811509[0m [0m| momentum_too_small [1;31mconf=0.0125[0m
[ALPHA_X13_BURST13] [1;36m11:57:10[0m [1;33mx5[0m [1;36m#127[0m SKIP tension=[1;36m0.62175975[0m [0m| wall_not_collapsed
[BETA_X5] mode=OFF radar_adj=0 mom= conf=0
[BETA_X5] [1;36m11:57:16[0m [1;33mx5[0m [1;36m#338[0m SKIP tension=[1;36m0.22613720[0m [0m| wall_not_collapsed
[BETA_X5] mode=OFF radar_adj=0 mom= conf=0
[BETA_X5] [1;36m11:57:24[0m [1;33mx5[0m [1;36m#339[0m SKIP tension=[1;36m0.00000578[0m [0m| momentum_too_small [1;31mconf=0.0[0m
[BETA_X5] mode=OFF radar_adj=0 mom= conf=0
[ALPHA_X13_BURST13] [BARRIER_TIMEOUT] BETA en retard, ouverture forcée de la barrière au cycle 128
[ALPHA_X13_BURST13] mode=OFF radar_adj=0 mom= conf=0
[BETA_X5] [1;36m11:57:32[0m [1;33mx5[0m [1;36m#340[0m SKIP tension=[1;36m0.30846119[0m [0m| wall_not_collapsed
[BETA_X5] mode=OFF radar_adj=0 mom= conf=0
[ALPHA_X13_BURST13] [1;36m11:57:36[0m [1;33mx5[0m [1;36m#128[0m SKIP tension=[1;36m0.00000457[0m [0m| momentum_too_small [1;31mconf=0.0[0m
[BETA_X5] [1;36m11:57:40[0m [1;33mx5[0m [1;36m#341[0m SKIP tension=[1;36m0.00023605[0m [0m| momentum_too_small [1;31mconf=0.0004[0m
[BETA_X5] mode=OFF radar_adj=0 mom= conf=0
[BETA_X5] [1;36m11:57:48[0m [1;33mx5[0m [1;36m#342[0m SKIP tension=[1;36m0.00000558[0m [0m| momentum_too_small [1;31mconf=0.0[0m
[BETA_X5] mode=OFF radar_adj=0 mom= conf=0
[ALPHA_X13_BURST13] [BARRIER_TIMEOUT] BETA en retard, ouverture forcée de la barrière au cycle 129
[ALPHA_X13_BURST13] mode=OFF radar_adj=0 mom= conf=0
[ALPHA_X13_BURST13] [1;36m11:58:01[0m [1;33mx5[0m [1;36m#129[0m SKIP tension=[1;36m0.67401047[0m [0m| wall_not_collapsed
[BETA_X5] [1;36mentry=11:57:57@64181.40000000[0m [1;33mx5[0m [1;36m#343[0m [1;32mSELL[0m tension=[1;32m1.21065349[0m hold=[1;36m6[0ms sec=[1;36m6[0m [0m| exit=64181.30000000 [1;32mconf=0.999[0m [1;36mexit_time=11:58:03[0m [1;32mpnl=0.00077000 bps=0.01558084 pct=0.00015581% total=0.35367999999999994[0m
[BETA_X5] mode=OFF radar_adj=0 mom= conf=0
[BETA_X5] [1;36m11:58:12[0m [1;33mx5[0m [1;36m#344[0m SKIP tension=[1;36m0.00001734[0m [0m| momentum_too_small [1;31mconf=0.0[0m
[BETA_X5] mode=OFF radar_adj=0 mom= conf=0
[ALPHA_X13_BURST13] [BARRIER_TIMEOUT] BETA en retard, ouverture forcée de la barrière au cycle 130
[BETA_X5] [1;36m11:58:20[0m [1;33mx5[0m [1;36m#345[0m SKIP tension=[1;36m0.28600776[0m [0m| wall_not_collapsed
[ALPHA_X13_BURST13] mode=OFF radar_adj=0 mom= conf=0
[BETA_X5] mode=OFF radar_adj=0 mom= conf=0
[ALPHA_X13_BURST13] [1;36m11:58:26[0m [1;33mx5[0m [1;36m#130[0m SKIP tension=[1;36m0.59611066[0m [0m| wall_not_collapsed
[BETA_X5] [1;36m11:58:27[0m [1;33mx5[0m [1;36m#346[0m SKIP tension=[1;36m0.00002645[0m [0m| momentum_too_small [1;31mconf=0.0[0m
[BETA_X5] mode=OFF radar_adj=0 mom= conf=0
[BETA_X5] [1;36m11:58:37[0m [1;33mx5[0m [1;36m#347[0m SKIP tension=[1;36m0.74949032[0m [0m| wall_not_collapsed
[BETA_X5] mode=OFF radar_adj=0 mom= conf=0
[ALPHA_X13_BURST13] [BARRIER_TIMEOUT] BETA en retard, ouverture forcée de la barrière au cycle 131
[BETA_X5] [1;36m11:58:45[0m [1;33mx5[0m [1;36m#348[0m SKIP tension=[1;36m0.00000000[0m [0m| momentum_too_small [1;31mconf=0.3207[0m
[ALPHA_X13_BURST13] mode=OFF radar_adj=0 mom= conf=0
[BETA_X5] mode=OFF radar_adj=0 mom= conf=0
[ALPHA_X13_BURST13] [1;36m11:58:51[0m [1;33mx5[0m [1;36m#131[0m SKIP tension=[1;36m0.00000000[0m [0m| momentum_too_small [1;31mconf=0.3207[0m
[BETA_X5] [1;36mentry=11:58:55@64181.90000000[0m [1;33mx5[0m [1;36m#349[0m [1;31mSELL[0m tension=[1;32m1.65013074[0m hold=[1;36m9[0ms sec=[1;36m9[0m [0m| exit=64182.00000000 [1;32mconf=0.9065[0m [1;36mexit_time=11:59:04[0m [1;31mpnl=-0.00077000 bps=-0.01558072 pct=-0.00015581% total=0.35290999999999995[0m
[BETA_X5] mode=OFF radar_adj=0 mom= conf=0
[ALPHA_X13_BURST13] [BARRIER_TIMEOUT] BETA en retard, ouverture forcée de la barrière au cycle 132
[ALPHA_X13_BURST13] mode=OFF radar_adj=0 mom= conf=0
[BETA_X5] [1;36m11:59:13[0m [1;33mx5[0m [1;36m#350[0m SKIP tension=[1;36m0.25468264[0m [0m| wall_not_collapsed
[BETA_X5] mode=OFF radar_adj=0 mom= conf=0
[ALPHA_X13_BURST13] [1;36mCycle 132[0m [1;31mENTRY error[0m [1;31m| code=-2019 msg=Margin is insufficient.[0m
[BETA_X5] [1;36m11:59:21[0m [1;33mx5[0m [1;36m#351[0m SKIP tension=[1;36m0.00009606[0m [0m| momentum_too_small [1;31mconf=0.0002[0m
[BETA_X5] mode=OFF radar_adj=0 mom= conf=0
[BETA_X5] [1;36m11:59:29[0m [1;33mx5[0m [1;36m#352[0m SKIP tension=[1;36m0.47077271[0m [0m| wall_not_collapsed
[BETA_X5] mode=OFF radar_adj=0 mom= conf=0
[ALPHA_X13_BURST13] [BARRIER_TIMEOUT] BETA en retard, ouverture forcée de la barrière au cycle 133
[BETA_X5] [1;36m11:59:37[0m [1;33mx5[0m [1;36m#353[0m SKIP tension=[1;36m0.18260332[0m [0m| direction_unclear [1;31mconf=0.2854[0m
[ALPHA_X13_BURST13] mode=OFF radar_adj=0 mom= conf=0
[BETA_X5] mode=OFF radar_adj=0 mom= conf=0
[ALPHA_X13_BURST13] [1;36m11:59:43[0m [1;33mx5[0m [1;36m#133[0m SKIP tension=[1;36m0.00000000[0m [0m| momentum_too_small [1;31mconf=0.3282[0m
[BETA_X5] [1;36m11:59:44[0m [1;33mx5[0m [1;36m#354[0m SKIP tension=[1;36m0.05439727[0m [0m| direction_unclear [1;31mconf=0.085[0m
[BETA_X5] mode=OFF radar_adj=0 mom= conf=0
[BETA_X5] [1;36m11:59:52[0m [1;33mx5[0m [1;36m#355[0m SKIP tension=[1;36m0.00000266[0m [0m| momentum_too_small [1;31mconf=0.0[0m
[BETA_X5] mode=OFF radar_adj=0 mom= conf=0
[BETA_X5] [1;36m12:00:00[0m [1;33mx5[0m [1;36m#356[0m SKIP tension=[1;36m0.00000909[0m [0m| momentum_too_small [1;31mconf=0.0[0m
[ALPHA_X13_BURST13] [BARRIER_TIMEOUT] BETA en retard, ouverture forcée de la barrière au cycle 134
[ALPHA_X13_BURST13] mode=OFF radar_adj=0 mom= conf=0
[BETA_X5] mode=OFF radar_adj=0 mom= conf=0
[ALPHA_X13_BURST13] [1;36m12:00:08[0m [1;33mx5[0m [1;36m#134[0m SKIP tension=[1;36m0.00002902[0m [0m| momentum_too_small [1;31mconf=0.0[0m
[BETA_X5] [1;36m12:00:13[0m [1;33mx5[0m [1;36m#357[0m SKIP tension=[1;36m0.00002902[0m [0m| momentum_too_small [1;31mconf=0.0[0m
[BETA_X5] mode=OFF radar_adj=0 mom= conf=0
[BETA_X5] [1;36m12:00:23[0m [1;33mx5[0m [1;36m#358[0m SKIP tension=[1;36m0.00002636[0m [0m| momentum_too_small [1;31mconf=0.0[0m
[BETA_X5] mode=OFF radar_adj=0 mom= conf=0
[ALPHA_X13_BURST13] [BARRIER_TIMEOUT] BETA en retard, ouverture forcée de la barrière au cycle 135
[ALPHA_X13_BURST13] mode=OFF radar_adj=0 mom= conf=0
[BETA_X5] [1;36m12:00:30[0m [1;33mx5[0m [1;36m#359[0m SKIP tension=[1;36m0.00011391[0m [0m| momentum_too_small [1;31mconf=0.0002[0m
[BETA_X5] mode=OFF radar_adj=0 mom= conf=0
[ALPHA_X13_BURST13] [1;36m12:00:33[0m [1;33mx5[0m [1;36m#135[0m SKIP tension=[1;36m0.00001524[0m [0m| momentum_too_small [1;31mconf=0.0[0m
[BETA_X5] [1;36m12:00:38[0m [1;33mx5[0m [1;36m#360[0m SKIP tension=[1;36m0.00048681[0m [0m| momentum_too_small [1;31mconf=0.0007[0m
[BETA_X5] mode=OFF radar_adj=0 mom= conf=0
[BETA_X5] [1;36m12:00:46[0m [1;33mx5[0m [1;36m#361[0m SKIP tension=[1;36m0.00000280[0m [0m| momentum_too_small [1;31mconf=0.0[0m
[BETA_X5] mode=OFF radar_adj=0 mom= conf=0
[ALPHA_X13_BURST13] [BARRIER_TIMEOUT] BETA en retard, ouverture forcée de la barrière au cycle 136
[ALPHA_X13_BURST13] mode=OFF radar_adj=0 mom= conf=0
[BETA_X5] [1;36m12:00:54[0m [1;33mx5[0m [1;36m#362[0m SKIP tension=[1;36m0.00002660[0m [0m| momentum_too_small [1;31mconf=0.0[0m
[BETA_X5] mode=OFF radar_adj=0 mom= conf=0
[ALPHA_X13_BURST13] [1;36m12:00:58[0m [1;33mx5[0m [1;36m#136[0m SKIP tension=[1;36m0.00001354[0m [0m| momentum_too_small [1;31mconf=0.0[0m
[BETA_X5] [1;36m12:01:01[0m [1;33mx5[0m [1;36m#363[0m SKIP tension=[1;36m0.00000860[0m [0m| momentum_too_small [1;31mconf=0.0[0m
[BETA_X5] mode=OFF radar_adj=0 mom= conf=0
[BETA_X5] [1;36m12:01:09[0m [1;33mx5[0m [1;36m#364[0m SKIP tension=[1;36m0.00018503[0m [0m| momentum_too_small [1;31mconf=0.0003[0m
[BETA_X5] mode=OFF radar_adj=0 mom= conf=0
[ALPHA_X13_BURST13] [BARRIER_TIMEOUT] BETA en retard, ouverture forcée de la barrière au cycle 137
[BETA_X5] [1;36m12:01:17[0m [1;33mx5[0m [1;36m#365[0m SKIP tension=[1;36m0.00000822[0m [0m| momentum_too_small [1;31mconf=0.0[0m
[ALPHA_X13_BURST13] mode=OFF radar_adj=0 mom= conf=0
[BETA_X5] mode=OFF radar_adj=0 mom= conf=0
[ALPHA_X13_BURST13] [1;36m12:01:24[0m [1;33mx5[0m [1;36m#137[0m SKIP tension=[1;36m0.00000000[0m [0m| momentum_too_small [1;31mconf=0.2934[0m
[BETA_X5] [1;36m12:01:25[0m [1;33mx5[0m [1;36m#366[0m SKIP tension=[1;36m0.00000000[0m [0m| momentum_too_small [1;31mconf=0.2934[0m
[BETA_X5] mode=OFF radar_adj=0 mom= conf=0
[BETA_X5] [1;36m12:01:33[0m [1;33mx5[0m [1;36m#367[0m SKIP tension=[1;36m0.59668784[0m [0m| wall_not_collapsed
[BETA_X5] mode=OFF radar_adj=0 mom= conf=0
[ALPHA_X13_BURST13] [BARRIER_TIMEOUT] BETA en retard, ouverture forcée de la barrière au cycle 138
[ALPHA_X13_BURST13] mode=OFF radar_adj=0 mom= conf=0
[BETA_X5] [1;36mentry=12:01:42@64189.90000000[0m [1;33mx5[0m [1;36m#368[0m [1;31mSELL[0m tension=[1;32m1.21195182[0m hold=[1;36m6[0ms sec=[1;36m6[0m [0m| exit=64190.00000000 [1;32mconf=0.999[0m [1;36mexit_time=12:01:48[0m [1;31mpnl=-0.00155000 bps=-0.01557877 pct=-0.00015579% total=0.35135999999999995[0m
[ALPHA_X13_BURST13] [1;36m12:01:49[0m [1;33mx5[0m [1;36m#138[0m SKIP tension=[1;36m0.00019774[0m [0m| momentum_too_small [1;31mconf=0.0003[0m
[BETA_X5] mode=OFF radar_adj=0 mom= conf=0
[BETA_X5] [1;36m12:01:58[0m [1;33mx5[0m [1;36m#369[0m SKIP tension=[1;36m0.00001184[0m [0m| momentum_too_small [1;31mconf=0.0[0m
[BETA_X5] mode=OFF radar_adj=0 mom= conf=0
[BETA_X5] [1;36m12:02:06[0m [1;33mx5[0m [1;36m#370[0m SKIP tension=[1;36m0.63598730[0m [0m| wall_not_collapsed
[ALPHA_X13_BURST13] [BARRIER_TIMEOUT] BETA en retard, ouverture forcée de la barrière au cycle 139
[BETA_X5] mode=OFF radar_adj=0 mom= conf=0
[ALPHA_X13_BURST13] mode=OFF radar_adj=0 mom= conf=0
[BETA_X5] [1;36m12:02:14[0m [1;33mx5[0m [1;36m#371[0m SKIP tension=[1;36m0.62793550[0m [0m| wall_not_collapsed
[ALPHA_X13_BURST13] [1;36m12:02:15[0m [1;33mx5[0m [1;36m#139[0m SKIP tension=[1;36m0.19314904[0m [0m| direction_unclear [1;31mconf=0.2683[0m
[BETA_X5] mode=OFF radar_adj=0 mom= conf=0
[BETA_X5] [1;36m12:02:22[0m [1;33mx5[0m [1;36m#372[0m SKIP tension=[1;36m0.00000000[0m [0m| momentum_too_small [1;31mconf=0.2921[0m
[BETA_X5] mode=OFF radar_adj=0 mom= conf=0
[BETA_X5] [1;36m12:02:29[0m [1;33mx5[0m [1;36m#373[0m SKIP tension=[1;36m0.00003500[0m [0m| momentum_too_small [1;31mconf=0.0[0m
[BETA_X5] mode=OFF radar_adj=0 mom= conf=0
[ALPHA_X13_BURST13] [BARRIER_TIMEOUT] BETA en retard, ouverture forcée de la barrière au cycle 140
[ALPHA_X13_BURST13] mode=OFF radar_adj=0 mom= conf=0
[BETA_X5] [1;36m12:02:37[0m [1;33mx5[0m [1;36m#374[0m SKIP tension=[1;36m0.00000645[0m [0m| momentum_too_small [1;31mconf=0.0[0m
[BETA_X5] mode=OFF radar_adj=0 mom= conf=0
[ALPHA_X13_BURST13] [1;36m12:02:40[0m [1;33mx5[0m [1;36m#140[0m SKIP tension=[1;36m0.40507153[0m [0m| wall_not_collapsed
[BETA_X5] [1;36m12:02:45[0m [1;33mx5[0m [1;36m#375[0m SKIP tension=[1;36m0.00004442[0m [0m| momentum_too_small [1;31mconf=0.0001[0m
[BETA_X5] mode=OFF radar_adj=0 mom= conf=0
[BETA_X5] [1;36m12:02:54[0m [1;33mx5[0m [1;36m#376[0m SKIP tension=[1;36m0.00001192[0m [0m| momentum_too_small [1;31mconf=0.0[0m
[BETA_X5] mode=OFF radar_adj=0 mom= conf=0
[ALPHA_X13_BURST13] [BARRIER_TIMEOUT] BETA en retard, ouverture forcée de la barrière au cycle 141
[ALPHA_X13_BURST13] mode=OFF radar_adj=0 mom= conf=0
[ALPHA_X13_BURST13] [1;36m12:03:06[0m [1;33mx5[0m [1;36m#141[0m SKIP tension=[1;31m4.14548874[0m [0m| duo no_trigger
[BETA_X5] [1;36mentry=12:03:03@64172.90000000[0m [1;33mx5[0m [1;36m#377[0m [1;32mSELL[0m tension=[1;31m8.24279612[0m hold=[1;36m6[0ms sec=[1;36m6[0m [0m| exit=64172.80000000 [1;32mconf=0.8325[0m [1;36mexit_time=12:03:09[0m [1;32mpnl=0.00155000 bps=0.01558290 pct=0.00015583% total=0.35290999999999995[0m
[BETA_X5] mode=OFF radar_adj=0 mom= conf=0
[BETA_X5] [1;36m12:03:18[0m [1;33mx5[0m [1;36m#378[0m SKIP tension=[1;36m0.00000000[0m [0m| momentum_too_small [1;31mconf=0.2914[0m
[BETA_X5] mode=OFF radar_adj=0 mom= conf=0
[ALPHA_X13_BURST13] [BARRIER_TIMEOUT] BETA en retard, ouverture forcée de la barrière au cycle 142
[ALPHA_X13_BURST13] mode=OFF radar_adj=0 mom= conf=0
[BETA_X5] [1;36m12:03:26[0m [1;33mx5[0m [1;36m#379[0m SKIP tension=[1;36m0.00000000[0m [0m| momentum_too_small [1;31mconf=0.2914[0m
[BETA_X5] mode=OFF radar_adj=0 mom= conf=0
[ALPHA_X13_BURST13] [1;36m12:03:31[0m [1;33mx5[0m [1;36m#142[0m SKIP tension=[1;36m0.15504725[0m [0m| direction_unclear [1;31mconf=0.2154[0m
[BETA_X5] [1;36m12:03:34[0m [1;33mx5[0m [1;36m#380[0m SKIP tension=[1;36m0.00000000[0m [0m| momentum_too_small [1;31mconf=0.2914[0m
[BETA_X5] mode=OFF radar_adj=0 mom= conf=0
[BETA_X5] [1;36m12:03:42[0m [1;33mx5[0m [1;36m#381[0m SKIP tension=[1;36m0.00000000[0m [0m| momentum_too_small [1;31mconf=0.2917[0m
[BETA_X5] mode=OFF radar_adj=0 mom= conf=0
[ALPHA_X13_BURST13] [BARRIER_TIMEOUT] BETA en retard, ouverture forcée de la barrière au cycle 143
[BETA_X5] [1;36m12:03:50[0m [1;33mx5[0m [1;36m#382[0m SKIP tension=[1;36m0.00699325[0m [0m| momentum_too_small [1;31mconf=0.0097[0m
[ALPHA_X13_BURST13] mode=OFF radar_adj=0 mom= conf=0
[BETA_X5] mode=OFF radar_adj=0 mom= conf=0
[BETA_X5] [1;36m12:03:58[0m [1;33mx5[0m [1;36m#383[0m SKIP tension=[1;36m0.00003159[0m [0m| momentum_too_small [1;31mconf=0.0[0m
[BETA_X5] mode=OFF radar_adj=0 mom= conf=0
[ALPHA_X13_BURST13] [1;36m12:04:02[0m [1;33mx5[0m [1;36m#143[0m SKIP tension=[1;32m1.55478962[0m [0m| duo no_trigger
[BETA_X5] [1;36m12:04:06[0m [1;33mx5[0m [1;36m#384[0m SKIP tension=[1;36m0.04614611[0m [0m| direction_unclear [1;31mconf=0.0622[0m
[BETA_X5] mode=OFF radar_adj=0 mom= conf=0
[BETA_X5] [1;36m12:04:19[0m [1;33mx5[0m [1;36m#385[0m SKIP tension=[1;36m0.00083345[0m [0m| momentum_too_small [1;31mconf=0.0013[0m
[ALPHA_X13_BURST13] [BARRIER_TIMEOUT] BETA en retard, ouverture forcée de la barrière au cycle 144
[BETA_X5] mode=OFF radar_adj=0 mom= conf=0
[ALPHA_X13_BURST13] mode=OFF radar_adj=0 mom= conf=0
[BETA_X5] [1;36m12:04:27[0m [1;33mx5[0m [1;36m#386[0m SKIP tension=[1;36m0.00001809[0m [0m| momentum_too_small [1;31mconf=0.0[0m
[ALPHA_X13_BURST13] [1;36m12:04:29[0m [1;33mx5[0m [1;36m#144[0m SKIP tension=[1;36m0.00001809[0m [0m| momentum_too_small [1;31mconf=0.0[0m
[BETA_X5] mode=OFF radar_adj=0 mom= conf=0
[BETA_X5] [1;36m12:04:35[0m [1;33mx5[0m [1;36m#387[0m SKIP tension=[1;36m0.00067239[0m [0m| momentum_too_small [1;31mconf=0.001[0m
[BETA_X5] mode=OFF radar_adj=0 mom= conf=0
[BETA_X5] [1;36m12:04:43[0m [1;33mx5[0m [1;36m#388[0m SKIP tension=[1;36m0.00001030[0m [0m| momentum_too_small [1;31mconf=0.0[0m
[BETA_X5] mode=OFF radar_adj=0 mom= conf=0
[ALPHA_X13_BURST13] [BARRIER_TIMEOUT] BETA en retard, ouverture forcée de la barrière au cycle 145
[ALPHA_X13_BURST13] mode=OFF radar_adj=0 mom= conf=0
[BETA_X5] [1;36m12:04:51[0m [1;33mx5[0m [1;36m#389[0m SKIP tension=[1;36m0.00011596[0m [0m| momentum_too_small [1;31mconf=0.0002[0m
[ALPHA_X13_BURST13] [1;36m12:04:54[0m [1;33mx5[0m [1;36m#145[0m SKIP tension=[1;36m0.00004923[0m [0m| momentum_too_small [1;31mconf=0.0001[0m
[BETA_X5] mode=OFF radar_adj=0 mom= conf=0
[BETA_X5] [1;36m12:04:59[0m [1;33mx5[0m [1;36m#390[0m SKIP tension=[1;36m0.00003092[0m [0m| momentum_too_small [1;31mconf=0.0[0m
[BETA_X5] mode=OFF radar_adj=0 mom= conf=0
[BETA_X5] [1;36m12:05:07[0m [1;33mx5[0m [1;36m#391[0m SKIP tension=[1;33m0.85173400[0m [0m| wall_not_collapsed
[BETA_X5] mode=OFF radar_adj=0 mom= conf=0
[ALPHA_X13_BURST13] [BARRIER_TIMEOUT] BETA en retard, ouverture forcée de la barrière au cycle 146
[BETA_X5] [1;36m12:05:15[0m [1;33mx5[0m [1;36m#392[0m SKIP tension=[1;36m0.00000000[0m [0m| momentum_too_small [1;31mconf=0.3244[0m
[BETA_X5] mode=OFF radar_adj=0 mom= conf=0
[ALPHA_X13_BURST13] mode=OFF radar_adj=0 mom= conf=0
[BETA_X5] [1;36m12:05:23[0m [1;33mx5[0m [1;36m#393[0m SKIP tension=[1;36m0.00004849[0m [0m| momentum_too_small [1;31mconf=0.0001[0m
[ALPHA_X13_BURST13] [1;36m12:05:24[0m [1;33mx5[0m [1;36m#146[0m SKIP tension=[1;36m0.00189128[0m [0m| momentum_too_small [1;31mconf=0.0029[0m
[BETA_X5] mode=OFF radar_adj=0 mom= conf=0
[BETA_X5] [1;36m12:05:36[0m [1;33mx5[0m [1;36m#394[0m SKIP tension=[1;36m0.00076269[0m [0m| momentum_too_small [1;31mconf=0.0012[0m
[BETA_X5] mode=OFF radar_adj=0 mom= conf=0
[ALPHA_X13_BURST13] [BARRIER_TIMEOUT] BETA en retard, ouverture forcée de la barrière au cycle 147
[ALPHA_X13_BURST13] mode=OFF radar_adj=0 mom= conf=0
[BETA_X5] [1;36m12:05:44[0m [1;33mx5[0m [1;36m#395[0m SKIP tension=[1;36m0.00004468[0m [0m| momentum_too_small [1;31mconf=0.0001[0m
[BETA_X5] mode=OFF radar_adj=0 mom= conf=0
[ALPHA_X13_BURST13] [1;36m12:05:50[0m [1;33mx5[0m [1;36m#147[0m SKIP tension=[1;36m0.00002749[0m [0m| momentum_too_small [1;31mconf=0.0[0m
[BETA_X5] [1;36m12:05:57[0m [1;33mx5[0m [1;36m#396[0m SKIP tension=[1;36m0.00000000[0m [0m| momentum_too_small [1;31mconf=0.3173[0m
[BETA_X5] mode=OFF radar_adj=0 mom= conf=0
[BETA_X5] [1;36m12:06:05[0m [1;33mx5[0m [1;36m#397[0m SKIP tension=[1;36m0.42883104[0m [0m| wall_not_collapsed
[BETA_X5] mode=OFF radar_adj=0 mom= conf=0
[ALPHA_X13_BURST13] [BARRIER_TIMEOUT] BETA en retard, ouverture forcée de la barrière au cycle 148
[ALPHA_X13_BURST13] mode=OFF radar_adj=0 mom= conf=0
[BETA_X5] [1;36m12:06:13[0m [1;33mx5[0m [1;36m#398[0m SKIP tension=[1;36m0.00000000[0m [0m| momentum_too_small [1;31mconf=0.2699[0m
[ALPHA_X13_BURST13] [1;36m12:06:16[0m [1;33mx5[0m [1;36m#148[0m SKIP tension=[1;36m0.42786872[0m [0m| wall_not_collapsed
[BETA_X5] mode=OFF radar_adj=0 mom= conf=0
[BETA_X5] [1;36mCycle 399[0m [1;32mSOFT anomaly[0m [1;33m| pnl_abs=0.48980000 > 0.02500000[0m
[BETA_X5] [1;36mentry=12:06:23@64141.20000000[0m [1;33mx5[0m [1;36m#399[0m [1;31mSELL[0m tension=[1;31m3.76412228[0m hold=[1;36m2[0ms sec=[1;36m2[0m [0m| exit=64172.80000000 [1;32mconf=0.9951[0m [1;36mexit_time=12:06:25[0m [1;31mpnl=-0.48980000 bps=-4.92663062 pct=-0.04926631% total=-0.13689000000000007[0m
[BETA_X5] [1;31mSTOP file detected (STOP_BETA). Stopping safely at cycle 400.[0m
[BETA_X5] 
[BETA_X5] [1;32mDone.[0m
[BETA_X5] [1;36mLog: runs/NUAGE_PROD_720H_BETA_X5.csv[0m
[BETA_X5] [1;32mSuccessful order-cycles: 52[0m
[BETA_X5] [1;32mDernier cycle #400:[0m [1;31mpnl=-0.48980000 bps=-4.92663062 pct=-0.04926631%[0m
[ALPHA_X13_BURST13] [BARRIER_TIMEOUT] BETA en retard, ouverture forcée de la barrière au cycle 149
[ALPHA_X13_BURST13] [1;31mSTOP file detected (STOP_ALPHA). Stopping safely at cycle 149.[0m
[ALPHA_X13_BURST13] 
[ALPHA_X13_BURST13] [1;32mDone.[0m
[ALPHA_X13_BURST13] [1;36mLog: runs/NUAGE_PROD_720H_ALPHA_X13_BURST13.csv[0m
[ALPHA_X13_BURST13] [1;32mSuccessful order-cycles: 0[0m
[BETA_X5] [1;36m--- ACE777 STRICT CLONE FUTURES TESTNET ---[0m
[BETA_X5] [1;32mV8 Resonance ON:[0m [1;36mimpulse_thr=0.96 dt_ms=128 aspiration=1.618@37.8deg void_lock=TRUE shock_exit=TRUE[0m
[BETA_X5] [1;32mV8 Tension ON:[0m [1;36mwall_drop=6.5% dt_ms=128 filter=0.85 depth=20[0m
[BETA_X5] [1;36mSymbol=BTCUSDT[0m [1;32mLeverage=5[0m [1;36mBuyUSDT=200 Orders=TRUE[0m
[ALPHA_X13_BURST13] [1;36m--- ACE777 STRICT CLONE FUTURES TESTNET ---[0m
[ALPHA_X13_BURST13] [1;36mLeverage ramp ON:[0m [1;36mstart=5 end=13 cycles=180[0m
[ALPHA_X13_BURST13] [1;32mRUN_STATE checkpoint restored:[0m [1;36mtier=x5 start_ts=2026-07-16T12:06:45Z[0m
[ALPHA_X13_BURST13] [1;32mV8 Resonance ON:[0m [1;36mimpulse_thr=0.96 dt_ms=128 aspiration=1.618@37.8deg void_lock=TRUE shock_exit=TRUE[0m
[ALPHA_X13_BURST13] [1;32mV8 Tension ON:[0m [1;36mwall_drop=6.5% dt_ms=128 filter=0.85 depth=20[0m
[ALPHA_X13_BURST13] [1;36mSymbol=BTCUSDT[0m [1;32mLeverage=5[0m [1;36mBuyUSDT=800 Orders=TRUE[0m
[BETA_X5] mode=OFF radar_adj=0 mom= conf=0
[BETA_X5] [1;36mCycle 1[0m [1;32mSOFT anomaly[0m [1;33m| pnl_abs=0.03565000 > 0.02500000[0m
[BETA_X5] [1;36mentry=12:06:56@64133.50000000[0m [1;33mx5[0m [1;36m#1[0m [1;32mSELL[0m tension=[1;32m1.05131766[0m hold=[1;36m6[0ms sec=[1;36m6[0m [0m| exit=64131.20000000 [1;32mconf=0.999[0m [1;36mexit_time=12:07:02[0m [1;32mpnl=0.03565000 bps=0.35862693 pct=0.00358627% total=0.03565[0m
[BETA_X5] mode=OFF radar_adj=0 mom= conf=0
[ALPHA_X13_BURST13] [BARRIER_TIMEOUT] BETA en retard, ouverture forcée de la barrière au cycle 1
[ALPHA_X13_BURST13] mode=OFF radar_adj=0 mom= conf=0
[BETA_X5] [1;36m12:07:12[0m [1;33mx5[0m [1;36m#2[0m SKIP tension=[1;36m0.00000000[0m [0m| momentum_too_small [1;31mconf=0.3497[0m
[BETA_X5] mode=OFF radar_adj=0 mom= conf=0
[ALPHA_X13_BURST13] [1;36m12:07:14[0m [1;33mx5[0m [1;36m#1[0m SKIP tension=[1;36m0.00015638[0m [0m| momentum_too_small [1;31mconf=0.0003[0m
[BETA_X5] [1;36m12:07:19[0m [1;33mx5[0m [1;36m#3[0m SKIP tension=[1;36m0.00003645[0m [0m| momentum_too_small [1;31mconf=0.0001[0m
[BETA_X5] mode=OFF radar_adj=0 mom= conf=0
[BETA_X5] [1;36m12:07:27[0m [1;33mx5[0m [1;36m#4[0m SKIP tension=[1;36m0.00000800[0m [0m| momentum_too_small [1;31mconf=0.0[0m
[BETA_X5] mode=OFF radar_adj=0 mom= conf=0
[ALPHA_X13_BURST13] [BARRIER_TIMEOUT] BETA en retard, ouverture forcée de la barrière au cycle 2
[ALPHA_X13_BURST13] mode=OFF radar_adj=0 mom= conf=0
[BETA_X5] [1;36m12:07:36[0m [1;33mx5[0m [1;36m#5[0m SKIP tension=[1;36m0.00000000[0m [0m| momentum_too_small [1;31mconf=0.3497[0m
[BETA_X5] mode=OFF radar_adj=0 mom= conf=0
[ALPHA_X13_BURST13] [1;36m12:07:40[0m [1;33mx5[0m [1;36m#2[0m SKIP tension=[1;36m0.00002134[0m [0m| momentum_too_small [1;31mconf=0.0[0m
[BETA_X5] [1;36m12:07:43[0m [1;33mx5[0m [1;36m#6[0m SKIP tension=[1;36m0.00000000[0m [0m| momentum_too_small [1;31mconf=0.3497[0m
[BETA_X5] mode=OFF radar_adj=0 mom= conf=0
[BETA_X5] [1;36m12:07:52[0m [1;33mx5[0m [1;36m#7[0m SKIP tension=[1;36m0.00000000[0m [0m| momentum_too_small [1;31mconf=0.3497[0m
[BETA_X5] mode=OFF radar_adj=0 mom= conf=0
[ALPHA_X13_BURST13] [BARRIER_TIMEOUT] BETA en retard, ouverture forcée de la barrière au cycle 3
[BETA_X5] [1;36m12:08:01[0m [1;33mx5[0m [1;36m#8[0m SKIP tension=[1;36m0.35146671[0m [0m| wall_not_collapsed
[ALPHA_X13_BURST13] mode=OFF radar_adj=0 mom= conf=0
[BETA_X5] mode=OFF radar_adj=0 mom= conf=0
[ALPHA_X13_BURST13] [1;36m12:08:08[0m [1;33mx5[0m [1;36m#3[0m SKIP tension=[1;36m0.00001930[0m [0m| momentum_too_small [1;31mconf=0.0[0m
[BETA_X5] [1;36m12:08:09[0m [1;33mx5[0m [1;36m#9[0m SKIP tension=[1;36m0.00000000[0m [0m| momentum_too_small [1;31mconf=0.3486[0m
[BETA_X5] mode=OFF radar_adj=0 mom= conf=0
[BETA_X5] [1;36m12:08:17[0m [1;33mx5[0m [1;36m#10[0m SKIP tension=[1;36m0.00012688[0m [0m| momentum_too_small [1;31mconf=0.0002[0m
[BETA_X5] [1;31mSTOP file detected (STOP_BETA). Stopping safely at cycle 11.[0m
[BETA_X5] 
[BETA_X5] [1;32mDone.[0m
[BETA_X5] [1;36mLog: runs/NUAGE_PROD_720H_BETA_X5.csv[0m
[BETA_X5] [1;32mSuccessful order-cycles: 1[0m
[BETA_X5] [1;32mDernier cycle #11:[0m [1;32mpnl=0.03565000 bps=0.35862693 pct=0.00358627%[0m
[BETA_X5] [1;36m--- ACE777 STRICT CLONE FUTURES TESTNET ---[0m
[BETA_X5] [1;32mV8 Resonance ON:[0m [1;36mimpulse_thr=0.96 dt_ms=128 aspiration=1.618@37.8deg void_lock=TRUE shock_exit=TRUE[0m
[BETA_X5] [1;32mV8 Tension ON:[0m [1;36mwall_drop=6.5% dt_ms=128 filter=0.85 depth=20[0m
[BETA_X5] [1;36mSymbol=BTCUSDT[0m [1;32mLeverage=5[0m [1;36mBuyUSDT=200 Orders=TRUE[0m
[ALPHA_X13_BURST13] [1;36m--- ACE777 STRICT CLONE FUTURES TESTNET ---[0m
[ALPHA_X13_BURST13] [1;36mLeverage ramp ON:[0m [1;36mstart=5 end=13 cycles=180[0m
[ALPHA_X13_BURST13] [1;32mRUN_STATE checkpoint restored:[0m [1;36mtier=x5 start_ts=2026-07-16T12:08:33Z[0m
[ALPHA_X13_BURST13] [1;32mV8 Resonance ON:[0m [1;36mimpulse_thr=0.96 dt_ms=128 aspiration=1.618@37.8deg void_lock=TRUE shock_exit=TRUE[0m
[ALPHA_X13_BURST13] [1;32mV8 Tension ON:[0m [1;36mwall_drop=6.5% dt_ms=128 filter=0.85 depth=20[0m
[ALPHA_X13_BURST13] [1;36mSymbol=BTCUSDT[0m [1;32mLeverage=5[0m [1;36mBuyUSDT=800 Orders=TRUE[0m
[BETA_X5] mode=OFF radar_adj=0 mom= conf=0
[BETA_X5] [1;36m12:08:43[0m [1;33mx5[0m [1;36m#1[0m SKIP tension=[1;36m0.37150235[0m [0m| wall_not_collapsed
[BETA_X5] mode=OFF radar_adj=0 mom= conf=0
[BETA_X5] [1;36m12:08:51[0m [1;33mx5[0m [1;36m#2[0m SKIP tension=[1;36m0.00000000[0m [0m| momentum_too_small [1;31mconf=0.337[0m
[BETA_X5] mode=OFF radar_adj=0 mom= conf=0
[ALPHA_X13_BURST13] [BARRIER_TIMEOUT] BETA en retard, ouverture forcée de la barrière au cycle 1
[ALPHA_X13_BURST13] mode=OFF radar_adj=0 mom= conf=0
[BETA_X5] [1;36m12:08:59[0m [1;33mx5[0m [1;36m#3[0m SKIP tension=[1;36m0.00000000[0m [0m| momentum_too_small [1;31mconf=0.337[0m
[ALPHA_X13_BURST13] [1;36m12:09:01[0m [1;33mx5[0m [1;36m#1[0m SKIP tension=[1;36m0.61564808[0m [0m| wall_not_collapsed
[BETA_X5] mode=OFF radar_adj=0 mom= conf=0
[BETA_X5] [1;36m12:09:07[0m [1;33mx5[0m [1;36m#4[0m SKIP tension=[1;36m0.00032607[0m [0m| momentum_too_small [1;31mconf=0.0005[0m
[BETA_X5] mode=OFF radar_adj=0 mom= conf=0
[BETA_X5] [1;36m12:09:15[0m [1;33mx5[0m [1;36m#5[0m SKIP tension=[1;33m0.89223519[0m [0m| wall_not_collapsed
[BETA_X5] [1;31mSTOP file detected (STOP_BETA). Stopping safely at cycle 6.[0m
[BETA_X5] 
[BETA_X5] [1;32mDone.[0m
[BETA_X5] [1;36mLog: runs/NUAGE_PROD_720H_BETA_X5.csv[0m
[BETA_X5] [1;32mSuccessful order-cycles: 0[0m
[ALPHA_X13_BURST13] [BARRIER_TIMEOUT] BETA en retard, ouverture forcée de la barrière au cycle 2
[ALPHA_X13_BURST13] [1;31mSTOP file detected (STOP_ALPHA). Stopping safely at cycle 2.[0m
[ALPHA_X13_BURST13] 
[ALPHA_X13_BURST13] [1;32mDone.[0m
[ALPHA_X13_BURST13] [1;36mLog: runs/NUAGE_PROD_720H_ALPHA_X13_BURST13.csv[0m
[ALPHA_X13_BURST13] [1;32mSuccessful order-cycles: 0[0m
[BETA_X5] [1;36m--- ACE777 STRICT CLONE FUTURES TESTNET ---[0m
[BETA_X5] [1;32mV8 Resonance ON:[0m [1;36mimpulse_thr=0.96 dt_ms=128 aspiration=1.618@37.8deg void_lock=TRUE shock_exit=TRUE[0m
[BETA_X5] [1;32mV8 Tension ON:[0m [1;36mwall_drop=6.5% dt_ms=128 filter=0.85 depth=20[0m
[BETA_X5] [1;36mSymbol=BTCUSDT[0m [1;32mLeverage=5[0m [1;36mBuyUSDT=200 Orders=TRUE[0m
[ALPHA_X13_BURST13] [1;36m--- ACE777 STRICT CLONE FUTURES TESTNET ---[0m
[ALPHA_X13_BURST13] [1;36mLeverage ramp ON:[0m [1;36mstart=5 end=13 cycles=180[0m
[ALPHA_X13_BURST13] [1;32mRUN_STATE checkpoint restored:[0m [1;36mtier=x5 start_ts=2026-07-16T12:12:32Z[0m
[ALPHA_X13_BURST13] [1;32mV8 Resonance ON:[0m [1;36mimpulse_thr=0.96 dt_ms=128 aspiration=1.618@37.8deg void_lock=TRUE shock_exit=TRUE[0m
[ALPHA_X13_BURST13] [1;32mV8 Tension ON:[0m [1;36mwall_drop=6.5% dt_ms=128 filter=0.85 depth=20[0m
[ALPHA_X13_BURST13] [1;36mSymbol=BTCUSDT[0m [1;32mLeverage=5[0m [1;36mBuyUSDT=800 Orders=TRUE[0m
[BETA_X5] mode=OFF radar_adj=0 mom= conf=0
[BETA_X5] [1;36m12:12:41[0m [1;33mx5[0m [1;36m#1[0m SKIP tension=[1;36m0.00017335[0m [0m| momentum_too_small [1;31mconf=0.0003[0m
[BETA_X5] mode=OFF radar_adj=0 mom= conf=0
[BETA_X5] [1;36m12:12:50[0m [1;33mx5[0m [1;36m#2[0m SKIP tension=[1;36m0.00000000[0m [0m| momentum_too_small [1;31mconf=0.3398[0m
[BETA_X5] mode=OFF radar_adj=0 mom= conf=0
[ALPHA_X13_BURST13] [BARRIER_TIMEOUT] BETA en retard, ouverture forcée de la barrière au cycle 1
[ALPHA_X13_BURST13] mode=OFF radar_adj=0 mom= conf=0
[ALPHA_X13_BURST13] [1;36m12:13:00[0m [1;33mx5[0m [1;36m#1[0m SKIP tension=[1;36m0.00000113[0m [0m| momentum_too_small [1;31mconf=0.0[0m
[BETA_X5] [1;36mCycle 3[0m [1;32mSOFT anomaly[0m [1;33m| pnl_abs=0.04960000 > 0.02500000[0m
[BETA_X5] [1;36mentry=12:12:59@64121.80000000[0m [1;33mx5[0m [1;36m#3[0m [1;31mSELL[0m tension=[1;32m1.41889121[0m hold=[1;36m6[0ms sec=[1;36m6[0m [0m| exit=64125.00000000 [1;32mconf=0.9688[0m [1;36mexit_time=12:13:05[0m [1;31mpnl=-0.04960000 bps=-0.49905025 pct=-0.00499050% total=-0.0496[0m
[BETA_X5] mode=OFF radar_adj=0 mom= conf=0
[ALPHA_X13_BURST13] [BARRIER_TIMEOUT] BETA en retard, ouverture forcée de la barrière au cycle 2
[ALPHA_X13_BURST13] mode=OFF radar_adj=0 mom= conf=0
[BETA_X5] [1;36mCycle 4[0m [1;32mSOFT anomaly[0m [1;33m| pnl_abs=0.02618000 > 0.02500000[0m
[BETA_X5] [1;36mentry=12:13:17@64125.10000000[0m [1;33mx5[0m [1;36m#4[0m [1;32mSELL[0m tension=[1;31m3.98735851[0m hold=[1;36m6[0ms sec=[1;36m6[0m [0m| exit=64121.70000000 [1;32mconf=0.9678[0m [1;36mexit_time=12:13:23[0m [1;32mpnl=0.02618000 bps=0.53021360 pct=0.00530214% total=-0.02342[0m
[ALPHA_X13_BURST13] [1;36m12:13:25[0m [1;33mx5[0m [1;36m#2[0m SKIP tension=[1;36m0.37435146[0m [0m| wall_not_collapsed
[BETA_X5] [1;31mSTOP file detected (STOP_BETA). Stopping safely at cycle 5.[0m
[BETA_X5] 
[BETA_X5] [1;32mDone.[0m
[BETA_X5] [1;36mLog: runs/NUAGE_PROD_720H_BETA_X5.csv[0m
[BETA_X5] [1;32mSuccessful order-cycles: 2[0m
[BETA_X5] [1;32mDernier cycle #5:[0m [1;32mpnl=0.02618000 bps=0.53021360 pct=0.00530214%[0m
[ALPHA_X13_BURST13] [BARRIER_TIMEOUT] BETA en retard, ouverture forcée de la barrière au cycle 3
[ALPHA_X13_BURST13] [1;31mSTOP file detected (STOP_ALPHA). Stopping safely at cycle 3.[0m
[ALPHA_X13_BURST13] 
[ALPHA_X13_BURST13] [1;32mDone.[0m
[ALPHA_X13_BURST13] [1;36mLog: runs/NUAGE_PROD_720H_ALPHA_X13_BURST13.csv[0m
[ALPHA_X13_BURST13] [1;32mSuccessful order-cycles: 0[0m
[BETA_X5] [1;36m--- ACE777 STRICT CLONE FUTURES TESTNET ---[0m
[BETA_X5] [1;32mV8 Resonance ON:[0m [1;36mimpulse_thr=0.96 dt_ms=64 aspiration=1.618@37.8deg void_lock=TRUE shock_exit=TRUE[0m
[BETA_X5] [1;32mV8 Tension ON:[0m [1;36mwall_drop=6.5% dt_ms=64 filter=0.85 depth=20[0m
[BETA_X5] [1;36mSymbol=BTCUSDT[0m [1;32mLeverage=5[0m [1;36mBuyUSDT=200 Orders=TRUE[0m
[ALPHA_X13_BURST13] [1;36m--- ACE777 STRICT CLONE FUTURES TESTNET ---[0m
[ALPHA_X13_BURST13] [1;36mLeverage ramp ON:[0m [1;36mstart=5 end=13 cycles=180[0m
[ALPHA_X13_BURST13] [1;32mRUN_STATE checkpoint restored:[0m [1;36mtier=x5 start_ts=2026-07-16T12:15:06Z[0m
[ALPHA_X13_BURST13] [1;32mV8 Resonance ON:[0m [1;36mimpulse_thr=0.96 dt_ms=64 aspiration=1.618@37.8deg void_lock=TRUE shock_exit=TRUE[0m
[ALPHA_X13_BURST13] [1;32mV8 Tension ON:[0m [1;36mwall_drop=6.5% dt_ms=64 filter=0.85 depth=20[0m
[ALPHA_X13_BURST13] [1;36mSymbol=BTCUSDT[0m [1;32mLeverage=5[0m [1;36mBuyUSDT=800 Orders=TRUE[0m
[BETA_X5] mode=OFF radar_adj=0 mom= conf=0
[BETA_X5] [1;36m12:15:17[0m [1;33mx5[0m [1;36m#1[0m SKIP tension=[1;36m0.00000000[0m [0m| momentum_too_small [1;31mconf=0.348[0m
[ALPHA_X13_BURST13] mode=OFF radar_adj=0 mom= conf=0
[BETA_X5] mode=OFF radar_adj=0 mom= conf=0
[ALPHA_X13_BURST13] [1;36m12:15:23[0m [1;33mx5[0m [1;36m#1[0m SKIP tension=[1;36m0.00000000[0m [0m| momentum_too_small [1;31mconf=0.3493[0m
[ALPHA_X13_BURST13] mode=OFF radar_adj=0 mom= conf=0
[ALPHA_X13_BURST13] [1;36m12:15:34[0m [1;33mx5[0m [1;36m#2[0m SKIP tension=[1;36m0.00000000[0m [0m| momentum_too_small [1;31mconf=0.335[0m
[BETA_X5] [1;36mCycle 2[0m [1;32mSOFT anomaly[0m [1;33m| pnl_abs=0.18755000 > 0.02500000[0m
[BETA_X5] [1;36mentry=12:15:28@64129.20000000[0m [1;33mx5[0m [1;36m#2[0m [1;32mSELL[0m tension=[1;32m1.88878045[0m hold=[1;36m7[0ms sec=[1;36m7[0m [0m| exit=64117.10000000 [1;32mconf=0.9981[0m [1;36mexit_time=12:15:35[0m [1;32mpnl=0.18755000 bps=1.88681599 pct=0.01886816% total=0.18755[0m
[BETA_X5] mode=OFF radar_adj=0 mom= conf=0
[ALPHA_X13_BURST13] mode=OFF radar_adj=0 mom= conf=0
[ALPHA_X13_BURST13] [1;36m12:15:52[0m [1;33mx5[0m [1;36m#3[0m SKIP tension=[1;32m1.97035610[0m [0m| duo no_trigger
[BETA_X5] [1;36mentry=12:15:48@64115.50000000[0m [1;33mx5[0m [1;36m#3[0m [1;32mSELL[0m tension=[1;32m1.83339929[0m hold=[1;36m6[0ms sec=[1;36m6[0m [0m| exit=64115.30000000 [1;32mconf=0.9561[0m [1;36mexit_time=12:15:55[0m [1;32mpnl=0.00152000 bps=0.03119371 pct=0.00031194% total=0.18907[0m
[BETA_X5] [1;31mSTOP file detected (STOP_BETA). Stopping safely at cycle 4.[0m
[BETA_X5] 
[BETA_X5] [1;32mDone.[0m
[BETA_X5] [1;36mLog: runs/NUAGE_PROD_720H_BETA_X5.csv[0m
[BETA_X5] [1;32mSuccessful order-cycles: 2[0m
[BETA_X5] [1;32mDernier cycle #4:[0m [1;32mpnl=0.00152000 bps=0.03119371 pct=0.00031194%[0m
[ALPHA_X13_BURST13] [BARRIER_TIMEOUT] BETA en retard, ouverture forcée de la barrière au cycle 4
[ALPHA_X13_BURST13] [1;31mSTOP file detected (STOP_ALPHA). Stopping safely at cycle 4.[0m
[ALPHA_X13_BURST13] 
[ALPHA_X13_BURST13] [1;32mDone.[0m
[ALPHA_X13_BURST13] [1;36mLog: runs/NUAGE_PROD_720H_ALPHA_X13_BURST13.csv[0m
[ALPHA_X13_BURST13] [1;32mSuccessful order-cycles: 0[0m
