ts,cycle,side,status,entryPrice,exitPrice,qty,bps,pnl,exitReason,holdSec,msg
2026-07-16T08:45:49Z,1,SELL,FILLED,64138.30000000,64110.00000000,0.01550000,4.41234021,0.43865000,shock_inversion_stop,radar=short conf=0.9425 size_note=strong_conf_full+entry_25_75_full soft=0 pct=0.04412340 tension=2.67848643 bid_drop=0.00000000 ask_drop=17.41016178
2026-07-16T08:45:59Z,2,SKIP,SKIPPED,,,,,0,radar_block,reason=momentum_too_small conf=0.0009 mom_sig=0.00071264 raw_mom_bps=15.89358938 spread_bps=3.80100000 tension=0.00071264 bid_drop=0.00000000 ask_drop=0.00463213 swarm=0
2026-07-16T08:46:07Z,3,SKIP,SKIPPED,,,,,0,radar_block,reason=spread_too_wide conf=0.0 mom_sig=0.00001468 raw_mom_bps=0.00000000 spread_bps=12.06980000 tension=0.00001468 bid_drop=0.00000000 ask_drop=0.00009544 swarm=0
2026-07-16T08:46:15Z,4,SKIP,SKIPPED,,,,,0,radar_block,reason=spread_too_wide conf=0.0 mom_sig=0.00001753 raw_mom_bps=0.00000000 spread_bps=12.08530000 tension=0.00001753 bid_drop=0.00011392 ask_drop=0.00009538 swarm=0
2026-07-16T08:46:23Z,5,SKIP,SKIPPED,,,,,0,radar_block,reason=spread_too_wide conf=0.0252 mom_sig=0.03019290 raw_mom_bps=0.00000000 spread_bps=11.08860000 tension=0.03019290 bid_drop=0.19625386 ask_drop=0.00106029 swarm=0
2026-07-16T08:46:30Z,6,SKIP,SKIPPED,,,,,0,radar_block,reason=spread_too_wide conf=0.0 mom_sig=0.00001468 raw_mom_bps=0.00000000 spread_bps=14.29680000 tension=0.00001468 bid_drop=0.00000000 ask_drop=0.00009543 swarm=0
2026-07-16T08:46:38Z,7,SKIP,SKIPPED,,,,,0,radar_block,reason=spread_too_wide conf=0.5 mom_sig=0.88638555 raw_mom_bps=0.00000000 spread_bps=9.70710000 tension=0.88638555 bid_drop=5.76150607 ask_drop=4.02192370 swarm=0
2026-07-16T08:46:46Z,8,SKIP,SKIPPED,,,,,0,radar_block,reason=spread_too_wide conf=0.0 mom_sig=0.00000000 raw_mom_bps=0.00000000 spread_bps=9.58040000 tension=0.00000000 bid_drop=0.00000000 ask_drop=0.00000000 swarm=0
2026-07-16T08:46:54Z,9,SKIP,SKIPPED,,,,,0,radar_block,reason=spread_too_wide conf=0.5 mom_sig=1.74873693 raw_mom_bps=0.00000000 spread_bps=9.28620000 tension=1.74873693 bid_drop=11.36679005 ask_drop=0.00000000 swarm=0
2026-07-16T08:47:02Z,10,SKIP,SKIPPED,,,,,0,radar_block,reason=momentum_too_small conf=0.3019 mom_sig=0.00000000 raw_mom_bps=6.58243644 spread_bps=2.19750000 tension=0.00000000 bid_drop=0.00000000 ask_drop=0.00000000 swarm=0
2026-07-16T08:47:11Z,11,SKIP,SKIPPED,,,,,0,radar_block,reason=momentum_too_small conf=0.0028 mom_sig=0.00185014 raw_mom_bps=0.00000000 spread_bps=1.30860000 tension=0.00185014 bid_drop=0.00000000 ask_drop=0.01202589 swarm=0
2026-07-16T08:47:20Z,12,SKIP,SKIPPED,,,,,0,radar_block,reason=momentum_too_small conf=0.2366 mom_sig=0.00000000 raw_mom_bps=0.00000000 spread_bps=5.18560000 tension=0.00000000 bid_drop=0.00000000 ask_drop=0.00000000 swarm=1
2026-07-16T08:47:28Z,13,SKIP,SKIPPED,,,,,0,radar_block,reason=direction_unclear conf=0.0454 mom_sig=0.02781529 raw_mom_bps=-0.32719199 spread_bps=0.32720000 tension=0.02781529 bid_drop=0.00000000 ask_drop=0.18079940 swarm=0
2026-07-16T08:47:36Z,14,SKIP,SKIPPED,,,,,0,radar_block,reason=momentum_too_small conf=0.0003 mom_sig=0.00027620 raw_mom_bps=0.00000000 spread_bps=5.45040000 tension=0.00027620 bid_drop=0.00179533 ask_drop=0.00000000 swarm=0
2026-07-16T08:47:44Z,15,SKIP,SKIPPED,,,,,0,radar_block,reason=direction_unclear conf=0.0305 mom_sig=0.02781057 raw_mom_bps=0.00000000 spread_bps=5.46600000 tension=0.02781057 bid_drop=0.08085237 ask_drop=0.18076871 swarm=0
2026-07-16T08:47:52Z,16,SKIP,SKIPPED,,,,,0,radar_block,reason=momentum_too_small conf=0.2607 mom_sig=0.00000000 raw_mom_bps=0.00000000 spread_bps=4.08110000 tension=0.00000000 bid_drop=0.00000000 ask_drop=0.00000000 swarm=0
2026-07-16T08:48:19Z,17,SELL,FILLED,64215.90000000,64168.50000000,0.00760000,7.38134948,0.36024000,shock_inversion_stop,radar=long conf=0.7741 size_note=strong_conf_full+entry_25_75_full soft=1 pct=0.07381349 tension=2.69237415 bid_drop=12.92045133 ask_drop=17.50043196
2026-07-16T08:48:28Z,18,SKIP,SKIPPED,,,,,0,impulse_resonance_wait,reason=wall_not_collapsed tension=0.87029348 bid_drop=0.00000000 ask_drop=5.65690763
2026-07-16T08:48:49Z,19,SELL,FILLED,64173.80000000,64176.10000000,0.00760000,-0.35840172,-0.01748000,fluid_exit_inversion,radar=long conf=0.9503 size_note=strong_conf_full+entry_25_75_full soft=1 pct=-0.00358402 tension=2.56299182 bid_drop=16.65944682 ask_drop=0.00000000
2026-07-16T08:48:59Z,20,SKIP,SKIPPED,,,,,0,radar_block,reason=direction_unclear conf=0.0361 mom_sig=0.02561121 raw_mom_bps=0.00000000 spread_bps=2.47600000 tension=0.02561121 bid_drop=0.00005420 ask_drop=0.16647286 swarm=0
2026-07-16T08:49:19Z,21,SELL,FILLED,64215.80000000,64190.90000000,0.00760000,3.87755038,0.18924000,shock_inversion_stop,radar=long conf=0.89 size_note=strong_conf_full+entry_25_75_full soft=1 pct=0.03877550 tension=1.01862820 bid_drop=0.00000000 ask_drop=6.62108331
2026-07-16T08:49:28Z,22,SKIP,SKIPPED,,,,,0,radar_block,reason=momentum_too_small conf=0.303 mom_sig=0.00000000 raw_mom_bps=-5.65280561 spread_bps=2.14980000 tension=0.00000000 bid_drop=0.00000000 ask_drop=0.00000000 swarm=0
2026-07-16T08:49:36Z,23,SKIP,SKIPPED,,,,,0,radar_block,reason=momentum_too_small conf=0.3299 mom_sig=0.00000000 raw_mom_bps=0.00000000 spread_bps=0.91890000 tension=0.00000000 bid_drop=0.00000000 ask_drop=0.00000000 swarm=0
2026-07-16T08:49:44Z,24,SKIP,SKIPPED,,,,,0,impulse_resonance_wait,reason=wall_not_collapsed tension=0.35245570 bid_drop=2.29096203 ask_drop=0.00020098
2026-07-16T08:49:52Z,25,SKIP,SKIPPED,,,,,0,radar_block,reason=momentum_too_small conf=0.2662 mom_sig=0.00000000 raw_mom_bps=0.00000000 spread_bps=3.83280000 tension=0.00000000 bid_drop=0.00000000 ask_drop=0.00000000 swarm=0
2026-07-16T08:50:11Z,26,SELL,FILLED,64210.50000000,64210.50000000,0.00760000,-0.00000000,-0.00000000,shock_inversion_stop,radar=long conf=0.7254 size_note=strong_conf_full+entry_25_75_full soft=1 pct=-0.00000000 tension=1.47542947 bid_drop=9.59029155 ask_drop=5.66976633
2026-07-16T08:50:47Z,27,SELL,FILLED,64210.50000000,64150.00000000,0.00760000,9.42213501,0.45980000,shock_inversion_stop,radar=long conf=0.9484 size_note=strong_conf_full+entry_25_75_full soft=1 pct=0.09422135 tension=4.80749849 bid_drop=31.24874017 ask_drop=0.00024650
2026-07-16T08:51:18Z,28,SELL,FILLED,64139.40000000,64150.00000000,0.00760000,-1.65265032,-0.08056000,shock_inversion_stop,radar=short conf=0.6154 size_note=strong_conf_full+entry_25_75_full soft=1 pct=-0.01652650 tension=3.05494880 bid_drop=19.85716718 ask_drop=0.00000000
2026-07-16T08:51:39Z,29,SELL,FILLED,64150.00000000,64150.00000000,0.00760000,-0.00000000,-0.00000000,shock_inversion_stop,radar=long conf=0.5132 size_note=strong_conf_full+entry_25_75_full soft=1 pct=-0.00000000 tension=1.61814155 bid_drop=10.51792006 ask_drop=0.00053813
2026-07-16T08:51:47Z,30,SKIP,SKIPPED,,,,,0,radar_block,reason=spread_too_wide conf=0.0001 mom_sig=0.00011237 raw_mom_bps=0.00000000 spread_bps=10.26230000 tension=0.00011237 bid_drop=0.00073038 ask_drop=0.00000000 swarm=0
2026-07-16T08:51:56Z,31,SKIP,SKIPPED,,,,,0,radar_block,reason=spread_too_wide conf=0.5 mom_sig=1.01008461 raw_mom_bps=0.00000000 spread_bps=17.02070000 tension=1.01008461 bid_drop=6.56554994 ask_drop=0.07570146 swarm=0
2026-07-16T08:52:14Z,32,SELL,FILLED,64106.70000000,64150.00000000,0.00530000,-6.75436421,-0.22949000,shock_inversion_stop,radar=long conf=0.7633 size_note=strong_conf_full+entry_25_75_trap soft=1 pct=-0.06754364 tension=1.36949754 bid_drop=8.90173401 ask_drop=0.00049697
2026-07-16T08:52:23Z,33,SKIP,SKIPPED,,,,,0,radar_block,reason=momentum_too_small conf=0.0074 mom_sig=0.00583605 raw_mom_bps=0.00000000 spread_bps=3.78660000 tension=0.00583605 bid_drop=0.03793433 ask_drop=0.00000000 swarm=0
2026-07-16T08:52:32Z,34,SKIP,SKIPPED,,,,,0,radar_block,reason=spread_too_wide conf=0.5 mom_sig=0.63301042 raw_mom_bps=0.00000000 spread_bps=11.29670000 tension=0.63301042 bid_drop=0.00000000 ask_drop=4.11456774 swarm=0
2026-07-16T08:52:41Z,35,SKIP,SKIPPED,,,,,0,radar_block,reason=spread_too_wide conf=0.0 mom_sig=0.00000000 raw_mom_bps=0.00000000 spread_bps=15.74380000 tension=0.00000000 bid_drop=0.00000000 ask_drop=0.00000000 swarm=0
2026-07-16T08:52:50Z,36,SKIP,SKIPPED,,,,,0,radar_block,reason=momentum_too_small conf=0.0071 mom_sig=0.00751076 raw_mom_bps=0.00000000 spread_bps=6.96800000 tension=0.00751076 bid_drop=0.04881996 ask_drop=0.03620922 swarm=0
2026-07-16T08:52:58Z,37,SKIP,SKIPPED,,,,,0,radar_block,reason=spread_too_wide conf=0.5 mom_sig=1.47273433 raw_mom_bps=6.97290240 spread_bps=11.23450000 tension=1.47273433 bid_drop=9.57277314 ask_drop=0.00000000 swarm=0
2026-07-16T08:53:25Z,38,SELL,FILLED,64105.30000000,64082.50000000,0.00760000,3.55664820,0.17328000,shock_inversion_stop,radar=short conf=0.9903 size_note=strong_conf_full+entry_25_75_full soft=1 pct=0.03556648 tension=5.14805605 bid_drop=33.46236433 ask_drop=9.63359165
2026-07-16T08:53:34Z,39,SKIP,SKIPPED,,,,,0,radar_block,reason=direction_unclear conf=0.2994 mom_sig=0.18712604 raw_mom_bps=0.00000000 spread_bps=0.63980000 tension=0.18712604 bid_drop=1.21631928 ask_drop=0.00000000 swarm=0
2026-07-16T08:53:43Z,40,SKIP,SKIPPED,,,,,0,radar_block,reason=momentum_too_small conf=0.0 mom_sig=0.00001603 raw_mom_bps=-0.03121089 spread_bps=0.01560000 tension=0.00001603 bid_drop=0.00010418 ask_drop=0.00000000 swarm=0
2026-07-16T08:54:04Z,41,SELL,FILLED,64080.00000000,64079.90000000,0.00770000,0.01560549,0.00077000,shock_inversion_stop,radar=short conf=0.9571 size_note=strong_conf_full+entry_25_75_full soft=1 pct=0.00015605 tension=2.68031129 bid_drop=17.42202336 ask_drop=14.38488825
2026-07-16T08:54:14Z,42,SKIP,SKIPPED,,,,,0,radar_block,reason=direction_unclear conf=0.3295 mom_sig=0.19788888 raw_mom_bps=0.00000000 spread_bps=0.01560000 tension=0.19788888 bid_drop=1.28627772 ask_drop=0.00000000 swarm=0
2026-07-16T08:54:22Z,43,SKIP,SKIPPED,,,,,0,radar_block,reason=momentum_too_small conf=0.0013 mom_sig=0.00077914 raw_mom_bps=0.00000000 spread_bps=0.01560000 tension=0.00077914 bid_drop=0.00506440 ask_drop=0.00000000 swarm=0
2026-07-16T08:54:30Z,44,SKIP,SKIPPED,,,,,0,radar_block,reason=momentum_too_small conf=0.0 mom_sig=0.00001341 raw_mom_bps=0.00000000 spread_bps=0.01560000 tension=0.00001341 bid_drop=0.00008716 ask_drop=0.00000000 swarm=0
2026-07-16T08:54:37Z,45,SKIP,SKIPPED,,,,,0,radar_block,reason=momentum_too_small conf=0.3493 mom_sig=0.00000000 raw_mom_bps=0.00000000 spread_bps=0.03120000 tension=0.00000000 bid_drop=0.00000000 ask_drop=0.00000000 swarm=0
2026-07-16T08:54:59Z,46,SELL,FILLED,64076.70000000,64076.70000000,0.00770000,-0.00000000,-0.00000000,fluid_exit_brake,radar=short conf=0.999 size_note=strong_conf_full+entry_25_75_full soft=1 pct=-0.00000000 tension=1.20951704 bid_drop=7.86186079 ask_drop=0.00000000
2026-07-16T08:55:08Z,47,SKIP,SKIPPED,,,,,0,radar_block,reason=momentum_too_small conf=0.0 mom_sig=0.00000650 raw_mom_bps=0.00000000 spread_bps=0.01560000 tension=0.00000650 bid_drop=0.00004228 ask_drop=0.00000000 swarm=0
2026-07-16T08:55:17Z,48,SKIP,SKIPPED,,,,,0,radar_block,reason=momentum_too_small conf=0.0114 mom_sig=0.00685279 raw_mom_bps=0.00000000 spread_bps=0.03120000 tension=0.00685279 bid_drop=0.04454315 ask_drop=0.00000000 swarm=0
2026-07-16T08:55:26Z,49,SKIP,SKIPPED,,,,,0,radar_block,reason=direction_unclear conf=0.1021 mom_sig=0.06132249 raw_mom_bps=0.00000000 spread_bps=0.01560000 tension=0.06132249 bid_drop=0.00000000 ask_drop=0.39859619 swarm=0
2026-07-16T08:55:47Z,50,SELL,FILLED,64076.80000000,64076.70000000,0.00770000,0.01560627,0.00077000,shock_inversion_stop,radar=short conf=0.999 size_note=strong_conf_full+entry_25_75_full soft=1 pct=0.00015606 tension=6.33179466 bid_drop=41.15666526 ask_drop=0.00000000
2026-07-16T08:55:55Z,51,SKIP,SKIPPED,,,,,0,radar_block,reason=direction_unclear conf=0.0285 mom_sig=0.01715430 raw_mom_bps=0.00000000 spread_bps=0.03120000 tension=0.01715430 bid_drop=0.09689503 ask_drop=0.11150296 swarm=0
2026-07-16T08:56:16Z,52,SELL,FILLED,64076.70000000,64076.70000000,0.01560000,-0.00000000,-0.00000000,shock_inversion_stop,radar=short conf=0.999 size_note=strong_conf_full+entry_25_75_full soft=0 pct=-0.00000000 tension=6.37989860 bid_drop=41.46934090 ask_drop=0.16051924
2026-07-16T08:56:27Z,53,SKIP,SKIPPED,,,,,0,radar_block,reason=direction_unclear conf=0.0277 mom_sig=0.01666038 raw_mom_bps=0.00000000 spread_bps=0.01560000 tension=0.01666038 bid_drop=0.00000000 ask_drop=0.10829245 swarm=0
2026-07-16T08:56:36Z,54,SKIP,SKIPPED,,,,,0,radar_block,reason=momentum_too_small conf=0.0001 mom_sig=0.00003037 raw_mom_bps=0.00000000 spread_bps=0.01560000 tension=0.00003037 bid_drop=0.00019741 ask_drop=0.00000000 swarm=0
2026-07-16T08:56:51Z,55,SKIP,SKIPPED,,,,,0,radar_block,reason=direction_unclear conf=0.0788 mom_sig=0.04730806 raw_mom_bps=0.00000000 spread_bps=0.01560000 tension=0.04730806 bid_drop=0.30750240 ask_drop=0.00000000 swarm=0
2026-07-16T08:57:07Z,56,SKIP,SKIPPED,,,,,0,radar_block,reason=direction_unclear conf=0.072 mom_sig=0.04322528 raw_mom_bps=0.00000000 spread_bps=0.01560000 tension=0.04322528 bid_drop=0.28096429 ask_drop=0.18999961 swarm=0
2026-07-16T08:57:22Z,57,SKIP,SKIPPED,,,,,0,radar_block,reason=direction_unclear conf=0.2514 mom_sig=0.15114226 raw_mom_bps=0.03121259 spread_bps=0.03120000 tension=0.15114226 bid_drop=0.00017232 ask_drop=0.98242469 swarm=0
2026-07-16T08:57:58Z,58,SELL,FILLED,64076.80000000,64076.90000000,0.01560000,-0.01560627,-0.00156000,shock_inversion_stop,radar=long conf=0.999 size_note=strong_conf_full+entry_25_75_full soft=0 pct=-0.00015606 tension=5.14019271 bid_drop=33.41125264 ask_drop=0.00038624
2026-07-16T08:58:13Z,59,SKIP,SKIPPED,,,,,0,radar_block,reason=momentum_too_small conf=0.0 mom_sig=0.00002911 raw_mom_bps=0.00000000 spread_bps=0.18730000 tension=0.00002911 bid_drop=0.00018922 ask_drop=0.00000000 swarm=0
2026-07-16T08:58:26Z,60,SKIP,SKIPPED,,,,,0,radar_block,reason=momentum_too_small conf=0.3497 mom_sig=0.00000000 raw_mom_bps=0.00000000 spread_bps=0.01560000 tension=0.00000000 bid_drop=0.00000000 ask_drop=0.00000000 swarm=0
2026-07-16T08:58:43Z,61,SKIP,SKIPPED,,,,,0,impulse_resonance_wait,reason=wall_not_collapsed tension=0.38673835 bid_drop=2.51379925 ask_drop=0.00000000
2026-07-16T08:59:19Z,62,SELL,FILLED,64078.10000000,64080.00000000,0.01560000,-0.29651316,-0.02964000,shock_inversion_stop,radar=long conf=0.9815 size_note=strong_conf_full+entry_25_75_full soft=0 pct=-0.00296513 tension=1.16016094 bid_drop=0.00000000 ask_drop=7.54104610
2026-07-16T08:59:34Z,63,SKIP,SKIPPED,,,,,0,radar_block,reason=momentum_too_small conf=0.3394 mom_sig=0.00000000 raw_mom_bps=0.00000000 spread_bps=0.48380000 tension=0.00000000 bid_drop=0.00000000 ask_drop=0.00000000 swarm=0
2026-07-16T08:59:47Z,64,SKIP,SKIPPED,,,,,0,impulse_resonance_wait,reason=wall_not_collapsed tension=0.90107076 bid_drop=0.00000000 ask_drop=5.85695997
2026-07-16T09:00:00Z,65,SKIP,SKIPPED,,,,,0,impulse_resonance_wait,reason=wall_not_collapsed tension=0.42553506 bid_drop=0.00006279 ask_drop=2.76597791
2026-07-16T09:00:26Z,66,SELL,FILLED,64079.90000000,64079.90000000,0.00770000,-0.00000000,-0.00000000,shock_inversion_stop,radar=long conf=0.9746 size_note=strong_conf_full+entry_25_75_full soft=1 pct=-0.00000000 tension=1.36496283 bid_drop=0.00000000 ask_drop=8.87225840
2026-07-16T09:00:34Z,67,SKIP,SKIPPED,,,,,0,radar_block,reason=momentum_too_small conf=0.0 mom_sig=0.00001598 raw_mom_bps=0.00000000 spread_bps=1.79430000 tension=0.00001598 bid_drop=0.00000000 ask_drop=0.00010384 swarm=0
2026-07-16T09:00:42Z,68,SKIP,SKIPPED,,,,,0,radar_block,reason=momentum_too_small conf=0.0 mom_sig=0.00002827 raw_mom_bps=-2.29359945 spread_bps=3.08910000 tension=0.00002827 bid_drop=0.00000000 ask_drop=0.00018374 swarm=0
2026-07-16T09:00:55Z,69,SKIP,SKIPPED,,,,,0,radar_block,reason=momentum_too_small conf=0.0 mom_sig=0.00002352 raw_mom_bps=-3.08908741 spread_bps=3.08910000 tension=0.00002352 bid_drop=0.00012560 ask_drop=0.00015287 swarm=0
2026-07-16T09:01:19Z,70,SELL,FILLED,64096.60000000,64081.40000000,0.00540000,2.37142064,0.08208000,shock_inversion_stop,radar=long conf=0.7018 size_note=strong_conf_full+entry_25_75_trap soft=1 pct=0.02371421 tension=15.00272061 bid_drop=5.12240887 ask_drop=97.51768397
2026-07-16T09:01:28Z,71,SKIP,SKIPPED,,,,,0,radar_block,reason=spread_too_wide conf=0.3217 mom_sig=0.38605172 raw_mom_bps=-4.98893081 spread_bps=8.99620000 tension=0.38605172 bid_drop=2.50933617 ask_drop=0.00000000 swarm=0
2026-07-16T09:01:36Z,72,SKIP,SKIPPED,,,,,0,radar_block,reason=spread_too_wide conf=0.0 mom_sig=0.00003357 raw_mom_bps=0.00000000 spread_bps=8.63760000 tension=0.00003357 bid_drop=0.00021818 ask_drop=0.00000000 swarm=0
2026-07-16T09:01:44Z,73,SKIP,SKIPPED,,,,,0,radar_block,reason=spread_too_wide conf=0.0 mom_sig=0.00000000 raw_mom_bps=0.00000000 spread_bps=10.16500000 tension=0.00000000 bid_drop=0.00000000 ask_drop=0.00000000 swarm=0
2026-07-16T09:01:52Z,74,SKIP,SKIPPED,,,,,0,radar_block,reason=momentum_too_small conf=0.0075 mom_sig=0.00793598 raw_mom_bps=0.00000000 spread_bps=6.87700000 tension=0.00793598 bid_drop=0.00000000 ask_drop=0.05158387 swarm=0
2026-07-16T09:02:00Z,75,SKIP,SKIPPED,,,,,0,impulse_resonance_wait,reason=wall_not_collapsed tension=0.40183221 bid_drop=2.61190936 ask_drop=0.00000000
2026-07-16T09:02:07Z,76,SKIP,SKIPPED,,,,,0,radar_block,reason=momentum_too_small conf=0.0028 mom_sig=0.00208853 raw_mom_bps=0.00000000 spread_bps=3.07180000 tension=0.00208853 bid_drop=0.01357543 ask_drop=0.00000000 swarm=0
2026-07-16T09:02:15Z,77,SKIP,SKIPPED,,,,,0,radar_block,reason=momentum_too_small conf=0.2695 mom_sig=0.00000000 raw_mom_bps=0.00000000 spread_bps=3.67970000 tension=0.00000000 bid_drop=0.00000000 ask_drop=0.00000000 swarm=0
2026-07-16T09:02:24Z,78,SKIP,SKIPPED,,,,,0,radar_block,reason=momentum_too_small conf=0.0007 mom_sig=0.00044651 raw_mom_bps=0.00000000 spread_bps=0.23400000 tension=0.00044651 bid_drop=0.00029976 ask_drop=0.00290231 swarm=0
2026-07-16T09:02:32Z,79,SKIP,SKIPPED,,,,,0,impulse_resonance_wait,reason=wall_not_collapsed tension=0.78340799 bid_drop=5.09215194 ask_drop=0.00000000
2026-07-16T09:02:40Z,80,SKIP,SKIPPED,,,,,0,radar_block,reason=direction_unclear conf=0.0271 mom_sig=0.01642239 raw_mom_bps=0.00000000 spread_bps=0.17160000 tension=0.01642239 bid_drop=0.00000000 ask_drop=0.10674556 swarm=0
2026-07-16T09:02:48Z,81,SKIP,SKIPPED,,,,,0,radar_block,reason=momentum_too_small conf=0.0 mom_sig=0.00002127 raw_mom_bps=0.00000000 spread_bps=0.15600000 tension=0.00002127 bid_drop=0.00000000 ask_drop=0.00013825 swarm=0
2026-07-16T09:02:56Z,82,SKIP,SKIPPED,,,,,0,radar_block,reason=momentum_too_small conf=0.2667 mom_sig=0.00000000 raw_mom_bps=0.00000000 spread_bps=3.80650000 tension=0.00000000 bid_drop=0.00000000 ask_drop=0.00000000 swarm=0
2026-07-16T09:03:04Z,83,SKIP,SKIPPED,,,,,0,impulse_resonance_wait,reason=wall_not_collapsed tension=0.38602282 bid_drop=2.50914836 ask_drop=0.00000000
2026-07-16T09:03:12Z,84,SKIP,SKIPPED,,,,,0,radar_block,reason=momentum_too_small conf=0.2763 mom_sig=0.00000000 raw_mom_bps=0.01560036 spread_bps=3.36970000 tension=0.00000000 bid_drop=0.00000000 ask_drop=0.00000000 swarm=0
2026-07-16T09:03:32Z,85,SELL,FILLED,64101.20000000,64101.20000000,0.00770000,-0.00000000,-0.00000000,shock_inversion_stop,radar=long conf=0.7894 size_note=strong_conf_full+entry_25_75_full soft=1 pct=-0.00000000 tension=5.64840509 bid_drop=0.00000000 ask_drop=36.71463309
2026-07-16T09:03:47Z,86,SKIP,SKIPPED,,,,,0,radar_block,reason=momentum_too_small conf=0.0087 mom_sig=0.00528782 raw_mom_bps=0.00000000 spread_bps=0.17170000 tension=0.00528782 bid_drop=0.03437082 ask_drop=0.00148174 swarm=0
2026-07-16T09:04:13Z,87,SELL,FILLED,64080.50000000,64127.30000000,0.00770000,-7.30331380,-0.36036000,shock_inversion_stop,radar=long conf=0.9629 size_note=strong_conf_full+entry_25_75_full soft=1 pct=-0.07303314 tension=2.28691437 bid_drop=0.00000000 ask_drop=14.86494341
2026-07-16T09:04:22Z,88,SKIP,SKIPPED,,,,,0,radar_block,reason=spread_too_wide conf=0.5 mom_sig=1.28015533 raw_mom_bps=0.00000000 spread_bps=8.20170000 tension=1.28015533 bid_drop=0.01192058 ask_drop=8.32100965 swarm=0
2026-07-16T09:04:31Z,89,SKIP,SKIPPED,,,,,0,impulse_resonance_wait,reason=wall_not_collapsed tension=0.45274562 bid_drop=2.94284653 ask_drop=0.00083524
2026-07-16T09:04:39Z,90,SKIP,SKIPPED,,,,,0,radar_block,reason=spread_too_wide conf=0.0 mom_sig=0.00004210 raw_mom_bps=0.00000000 spread_bps=8.79420000 tension=0.00004210 bid_drop=0.00000000 ask_drop=0.00027362 swarm=0
2026-07-16T09:04:47Z,91,SKIP,SKIPPED,,,,,0,radar_block,reason=spread_too_wide conf=0.0 mom_sig=0.00000000 raw_mom_bps=0.00000000 spread_bps=8.77860000 tension=0.00000000 bid_drop=0.00000000 ask_drop=0.00000000 swarm=0
2026-07-16T09:05:19Z,92,SELL,FILLED,64076.70000000,64133.20000000,0.00540000,-8.81755771,-0.30510000,fluid_exit_inversion,radar=long conf=0.8324 size_note=strong_conf_full+entry_25_75_trap soft=1 pct=-0.08817558 tension=4.19382495 bid_drop=27.25986218 ask_drop=0.00000000
2026-07-16T09:05:28Z,93,SKIP,SKIPPED,,,,,0,radar_block,reason=momentum_too_small conf=0.0001 mom_sig=0.00004458 raw_mom_bps=1.51270831 spread_bps=0.46780000 tension=0.00004458 bid_drop=0.00028979 ask_drop=0.00016356 swarm=1
2026-07-16T09:05:37Z,94,SKIP,SKIPPED,,,,,0,impulse_resonance_wait,reason=wall_not_collapsed tension=0.97679993 bid_drop=6.34919956 ask_drop=0.00000000
2026-07-16T09:05:46Z,95,SKIP,SKIPPED,,,,,0,impulse_resonance_wait,reason=wall_not_collapsed tension=0.34719750 bid_drop=0.00000000 ask_drop=2.25678373
2026-07-16T09:05:54Z,96,SKIP,SKIPPED,,,,,0,radar_block,reason=momentum_too_small conf=0.004 mom_sig=0.00266758 raw_mom_bps=0.00000000 spread_bps=1.62160000 tension=0.00266758 bid_drop=0.00000000 ask_drop=0.01733926 swarm=0
2026-07-16T09:06:03Z,97,SKIP,SKIPPED,,,,,0,radar_block,reason=momentum_too_small conf=0.3029 mom_sig=0.00000000 raw_mom_bps=-0.59260830 spread_bps=2.15180000 tension=0.00000000 bid_drop=0.00000000 ask_drop=0.00000000 swarm=1
2026-07-16T09:06:34Z,98,SELL,FILLED,64119.30000000,64123.30000000,0.00760000,-0.62383713,-0.03040000,shock_inversion_stop,radar=long conf=0.9055 size_note=strong_conf_full+entry_25_75_full soft=1 pct=-0.00623837 tension=1.40558010 bid_drop=9.13627062 ask_drop=0.00025827
2026-07-16T09:06:44Z,99,SKIP,SKIPPED,,,,,0,radar_block,reason=momentum_too_small conf=0.0001 mom_sig=0.00003691 raw_mom_bps=0.01559476 spread_bps=1.52810000 tension=0.00003691 bid_drop=0.00023990 ask_drop=0.00000000 swarm=0
2026-07-16T09:06:53Z,100,SKIP,SKIPPED,,,,,0,radar_block,reason=momentum_too_small conf=0.3162 mom_sig=0.00000000 raw_mom_bps=0.00000000 spread_bps=1.54370000 tension=0.00000000 bid_drop=0.00000000 ask_drop=0.00000000 swarm=1
2026-07-16T09:07:01Z,101,SKIP,SKIPPED,,,,,0,impulse_resonance_wait,reason=wall_not_collapsed tension=0.28623894 bid_drop=1.86055310 ask_drop=0.00000000
2026-07-16T09:07:08Z,102,SKIP,SKIPPED,,,,,0,radar_block,reason=momentum_too_small conf=0.3162 mom_sig=0.00000000 raw_mom_bps=0.00000000 spread_bps=1.54370000 tension=0.00000000 bid_drop=0.00000000 ask_drop=0.00000000 swarm=0
2026-07-16T09:07:18Z,103,SKIP,SKIPPED,,,,,0,radar_block,reason=momentum_too_small conf=0.2913 mom_sig=0.00000000 raw_mom_bps=1.54390058 spread_bps=2.68190000 tension=0.00000000 bid_drop=0.00000000 ask_drop=0.00000000 swarm=0
2026-07-16T09:07:27Z,104,SKIP,SKIPPED,,,,,0,impulse_resonance_wait,reason=wall_not_collapsed tension=0.45195527 bid_drop=0.00000000 ask_drop=2.93770923
2026-07-16T10:20:16Z,1,SKIP,SKIPPED,,,,,0,impulse_resonance_wait,reason=wall_not_collapsed tension=0.36086651 bid_drop=0.12972999 ask_drop=2.34563232
2026-07-16T10:20:24Z,2,SKIP,SKIPPED,,,,,0,radar_block,reason=momentum_too_small conf=0.0016 mom_sig=0.00098240 raw_mom_bps=0.00000000 spread_bps=0.15580000 tension=0.00098240 bid_drop=0.00638563 ask_drop=0.00000000 swarm=0
2026-07-16T10:20:31Z,3,SKIP,SKIPPED,,,,,0,impulse_resonance_wait,reason=wall_not_collapsed tension=0.47922599 bid_drop=3.11496891 ask_drop=0.00000000
2026-07-16T10:20:39Z,4,SKIP,SKIPPED,,,,,0,radar_block,reason=momentum_too_small conf=0.0047 mom_sig=0.00285932 raw_mom_bps=0.00000000 spread_bps=0.09350000 tension=0.00285932 bid_drop=0.01858558 ask_drop=0.00000000 swarm=0
2026-07-16T10:20:46Z,5,SKIP,SKIPPED,,,,,0,impulse_resonance_wait,reason=wall_not_collapsed tension=0.50816811 bid_drop=0.00000000 ask_drop=3.30309274
2026-07-16T10:21:07Z,6,SELL,FILLED,64192.60000000,64192.60000000,0.01550000,-0.00000000,-0.00000000,shock_inversion_stop,radar=long conf=0.999 size_note=strong_conf_full soft=0 pct=-0.00000000 tension=1.37161660 bid_drop=0.00000000 ask_drop=8.91550787
2026-07-16T10:21:15Z,7,SKIP,SKIPPED,,,,,0,radar_block,reason=momentum_too_small conf=0.0047 mom_sig=0.00285851 raw_mom_bps=0.00000000 spread_bps=0.07790000 tension=0.00285851 bid_drop=0.00000000 ask_drop=0.01858029 swarm=0
2026-07-16T10:21:28Z,8,SKIP,SKIPPED,,,,,0,radar_block,reason=momentum_too_small conf=0.0001 mom_sig=0.00007287 raw_mom_bps=0.00000000 spread_bps=0.46730000 tension=0.00007287 bid_drop=0.00047366 ask_drop=0.00000000 swarm=0
2026-07-16T10:21:43Z,9,SKIP,SKIPPED,,,,,0,radar_block,reason=direction_unclear conf=0.2362 mom_sig=0.14601276 raw_mom_bps=0.00000000 spread_bps=0.46730000 tension=0.14601276 bid_drop=0.00000000 ask_drop=0.94908291 swarm=0
2026-07-16T10:21:51Z,10,SKIP,SKIPPED,,,,,0,impulse_resonance_wait,reason=wall_not_collapsed tension=0.56030116 bid_drop=3.64195753 ask_drop=0.02896732
2026-07-16T10:21:59Z,11,SKIP,SKIPPED,,,,,0,radar_block,reason=momentum_too_small conf=0.0 mom_sig=0.00000480 raw_mom_bps=0.00000000 spread_bps=0.48290000 tension=0.00000480 bid_drop=0.00003122 ask_drop=0.00000000 swarm=0
2026-07-16T10:22:07Z,12,SKIP,SKIPPED,,,,,0,impulse_resonance_wait,reason=wall_not_collapsed tension=0.83889458 bid_drop=5.45281480 ask_drop=0.00084111
2026-07-16T10:22:14Z,13,SKIP,SKIPPED,,,,,0,radar_block,reason=direction_unclear conf=0.018 mom_sig=0.01112870 raw_mom_bps=0.00000000 spread_bps=0.48290000 tension=0.01112870 bid_drop=0.07233652 ask_drop=0.00000000 swarm=0
2026-07-16T10:22:22Z,14,SKIP,SKIPPED,,,,,0,radar_block,reason=momentum_too_small conf=0.0049 mom_sig=0.00300602 raw_mom_bps=0.00000000 spread_bps=0.48290000 tension=0.00300602 bid_drop=0.00000000 ask_drop=0.01953914 swarm=0
2026-07-16T10:22:30Z,15,SKIP,SKIPPED,,,,,0,impulse_resonance_wait,reason=wall_not_collapsed tension=0.36594541 bid_drop=2.37864515 ask_drop=0.00000000
2026-07-16T10:22:44Z,16,SKIP,SKIPPED,,,,,0,impulse_resonance_wait,reason=wall_not_collapsed tension=0.38187040 bid_drop=2.48215757 ask_drop=0.00000000
2026-07-16T10:23:00Z,17,SELL,FILLED,64190.00000000,64190.00000000,0.01550000,-0.00000000,-0.00000000,shock_inversion_stop,radar=long conf=0.9698 size_note=strong_conf_full soft=0 pct=-0.00000000 tension=2.12234791 bid_drop=13.79526144 ask_drop=0.07119476
2026-07-16T10:23:09Z,18,SKIP,SKIPPED,,,,,0,radar_block,reason=momentum_too_small conf=0.0001 mom_sig=0.00004122 raw_mom_bps=0.00000000 spread_bps=3.08470000 tension=0.00004122 bid_drop=0.00000000 ask_drop=0.00026796 swarm=0
2026-07-16T10:23:18Z,19,SKIP,SKIPPED,,,,,0,radar_block,reason=momentum_too_small conf=0.2699 mom_sig=0.00000000 raw_mom_bps=0.00000000 spread_bps=3.66110000 tension=0.00000000 bid_drop=0.00000000 ask_drop=0.00000000 swarm=0
2026-07-16T10:23:27Z,20,SKIP,SKIPPED,,,,,0,radar_block,reason=low_confidence conf=0.2865 mom_sig=0.22432747 raw_mom_bps=0.00000000 spread_bps=3.73900000 tension=0.22432747 bid_drop=1.45812856 ask_drop=0.00000000 swarm=0
2026-07-16T10:23:35Z,21,SKIP,SKIPPED,,,,,0,radar_block,reason=momentum_too_small conf=0.2457 mom_sig=0.00000000 raw_mom_bps=0.00000000 spread_bps=4.76690000 tension=0.00000000 bid_drop=0.00000000 ask_drop=0.00000000 swarm=0
2026-07-16T10:23:43Z,22,SKIP,SKIPPED,,,,,0,impulse_resonance_wait,reason=wall_not_collapsed tension=0.48824900 bid_drop=0.00000000 ask_drop=3.17361848
2026-07-16T10:23:52Z,23,SKIP,SKIPPED,,,,,0,radar_block,reason=direction_unclear conf=0.2583 mom_sig=0.15513446 raw_mom_bps=0.00000000 spread_bps=0.01560000 tension=0.15513446 bid_drop=1.00837396 ask_drop=0.00000000 swarm=0
2026-07-16T10:24:00Z,24,SKIP,SKIPPED,,,,,0,impulse_resonance_wait,reason=wall_not_collapsed tension=0.67774999 bid_drop=4.40537492 ask_drop=0.00000000
2026-07-16T10:24:08Z,25,SKIP,SKIPPED,,,,,0,radar_block,reason=direction_unclear conf=0.2009 mom_sig=0.14636182 raw_mom_bps=0.00000000 spread_bps=2.81960000 tension=0.14636182 bid_drop=0.00000000 ask_drop=0.95135182 swarm=0
2026-07-16T10:24:16Z,26,SKIP,SKIPPED,,,,,0,radar_block,reason=momentum_too_small conf=0.0014 mom_sig=0.00083090 raw_mom_bps=0.00000000 spread_bps=0.01560000 tension=0.00083090 bid_drop=0.00000000 ask_drop=0.00540082 swarm=0
2026-07-16T10:24:24Z,27,SKIP,SKIPPED,,,,,0,radar_block,reason=momentum_too_small conf=0.0001 mom_sig=0.00004003 raw_mom_bps=0.00000000 spread_bps=0.01560000 tension=0.00004003 bid_drop=0.00026018 ask_drop=0.00000000 swarm=0
2026-07-16T10:24:32Z,28,SKIP,SKIPPED,,,,,0,radar_block,reason=direction_unclear conf=0.0332 mom_sig=0.02838140 raw_mom_bps=0.00000000 spread_bps=4.76690000 tension=0.02838140 bid_drop=0.18447910 ask_drop=0.00000000 swarm=0
2026-07-16T10:24:49Z,29,SELL,FILLED,64162.50000000,64162.50000000,0.01550000,-0.00000000,-0.00000000,shock_inversion_stop,radar=short conf=0.7021 size_note=strong_conf_full soft=0 pct=-0.00000000 tension=1.09807778 bid_drop=7.13750556 ask_drop=0.00000000
2026-07-16T10:24:58Z,30,SKIP,SKIPPED,,,,,0,radar_block,reason=direction_unclear conf=0.226 mom_sig=0.16754906 raw_mom_bps=0.00000000 spread_bps=3.05380000 tension=0.16754906 bid_drop=0.00000000 ask_drop=1.08906889 swarm=0
2026-07-16T10:25:06Z,31,SKIP,SKIPPED,,,,,0,radar_block,reason=direction_unclear conf=0.2406 mom_sig=0.15642439 raw_mom_bps=0.00000000 spread_bps=1.23110000 tension=0.15642439 bid_drop=0.00000000 ask_drop=1.01675853 swarm=0
2026-07-16T10:25:14Z,32,SKIP,SKIPPED,,,,,0,impulse_resonance_wait,reason=wall_not_collapsed tension=0.50782150 bid_drop=0.00000000 ask_drop=3.30083973
2026-07-16T10:25:31Z,33,SELL,FILLED,64168.10000000,64168.10000000,0.01550000,-0.00000000,-0.00000000,shock_inversion_stop,radar=short conf=0.999 size_note=strong_conf_full soft=0 pct=-0.00000000 tension=7.83678025 bid_drop=0.00003703 ask_drop=50.93907162
2026-07-16T10:28:48Z,1,SKIP,SKIPPED,,,,,0,radar_block,reason=momentum_too_small conf=0.0003 mom_sig=0.00020377 raw_mom_bps=0.67019950 spread_bps=0.01560000 tension=0.00020377 bid_drop=0.00000000 ask_drop=0.00132451 swarm=0
2026-07-16T10:28:55Z,2,SKIP,SKIPPED,,,,,0,radar_block,reason=momentum_too_small conf=0.3278 mom_sig=0.00000000 raw_mom_bps=0.00000000 spread_bps=1.01300000 tension=0.00000000 bid_drop=0.00000000 ask_drop=0.00000000 swarm=0
2026-07-16T10:29:03Z,3,SKIP,SKIPPED,,,,,0,radar_block,reason=momentum_too_small conf=0.0001 mom_sig=0.00004714 raw_mom_bps=0.00000000 spread_bps=1.12210000 tension=0.00004714 bid_drop=0.00000000 ask_drop=0.00030643 swarm=0
2026-07-16T10:29:11Z,4,SKIP,SKIPPED,,,,,0,radar_block,reason=momentum_too_small conf=0.0003 mom_sig=0.00022132 raw_mom_bps=0.00000000 spread_bps=1.12210000 tension=0.00022132 bid_drop=0.00000000 ask_drop=0.00143858 swarm=0
2026-07-16T10:29:19Z,5,SKIP,SKIPPED,,,,,0,radar_block,reason=momentum_too_small conf=0.0001 mom_sig=0.00004771 raw_mom_bps=0.00000000 spread_bps=1.18440000 tension=0.00004771 bid_drop=0.00000000 ask_drop=0.00031011 swarm=0
2026-07-16T10:29:26Z,6,SKIP,SKIPPED,,,,,0,radar_block,reason=momentum_too_small conf=0.0002 mom_sig=0.00011601 raw_mom_bps=0.00000000 spread_bps=1.27790000 tension=0.00011601 bid_drop=0.00075406 ask_drop=0.00000000 swarm=0
2026-07-16T10:29:45Z,7,SELL,FILLED,64160.00000000,64162.30000000,0.01550000,-0.35847880,-0.03565000,shock_inversion_stop,radar=short conf=0.9211 size_note=strong_conf_full soft=0 pct=-0.00358479 tension=10.14096912 bid_drop=65.91629931 ask_drop=0.00000000
2026-07-16T10:29:54Z,8,SKIP,SKIPPED,,,,,0,radar_block,reason=momentum_too_small conf=0.0002 mom_sig=0.00015067 raw_mom_bps=0.00000000 spread_bps=3.17820000 tension=0.00015067 bid_drop=0.00000000 ask_drop=0.00097936 swarm=0
2026-07-16T10:30:02Z,9,SKIP,SKIPPED,,,,,0,impulse_resonance_wait,reason=wall_not_collapsed tension=0.31907767 bid_drop=0.00000000 ask_drop=2.07400485
2026-07-16T10:30:09Z,10,SKIP,SKIPPED,,,,,0,radar_block,reason=momentum_too_small conf=0.0005 mom_sig=0.00038274 raw_mom_bps=0.00000000 spread_bps=4.40870000 tension=0.00038274 bid_drop=0.00000000 ask_drop=0.00248782 swarm=0
2026-07-16T10:30:17Z,11,SKIP,SKIPPED,,,,,0,impulse_resonance_wait,reason=wall_not_collapsed tension=0.63978043 bid_drop=0.00125118 ask_drop=4.15857281
2026-07-16T10:30:25Z,12,SKIP,SKIPPED,,,,,0,radar_block,reason=momentum_too_small conf=0.0001 mom_sig=0.00005704 raw_mom_bps=0.00000000 spread_bps=3.92570000 tension=0.00005704 bid_drop=0.00020410 ask_drop=0.00037078 swarm=0
2026-07-16T10:30:33Z,13,SKIP,SKIPPED,,,,,0,radar_block,reason=momentum_too_small conf=0.2352 mom_sig=0.00000000 raw_mom_bps=0.06231199 spread_bps=5.24970000 tension=0.00000000 bid_drop=0.00000000 ask_drop=0.00000000 swarm=0
2026-07-16T10:30:42Z,14,SKIP,SKIPPED,,,,,0,radar_block,reason=momentum_too_small conf=0.2352 mom_sig=0.00000000 raw_mom_bps=0.00000000 spread_bps=5.24970000 tension=0.00000000 bid_drop=0.00000000 ask_drop=0.00000000 swarm=0
2026-07-16T10:30:50Z,15,SKIP,SKIPPED,,,,,0,radar_block,reason=momentum_too_small conf=0.2355 mom_sig=0.00000000 raw_mom_bps=0.00000000 spread_bps=5.23420000 tension=0.00000000 bid_drop=0.00000000 ask_drop=0.00000000 swarm=0
2026-07-16T10:31:06Z,16,SELL,FILLED,64193.70000000,64193.70000000,0.00770000,-0.00000000,-0.00000000,shock_inversion_stop,radar=long conf=0.7079 size_note=strong_conf_full soft=1 pct=-0.00000000 tension=6.20654301 bid_drop=40.34252954 ask_drop=0.00000000
2026-07-16T10:31:16Z,17,SKIP,SKIPPED,,,,,0,radar_block,reason=momentum_too_small conf=0.0001 mom_sig=0.00007050 raw_mom_bps=0.00000000 spread_bps=4.75150000 tension=0.00007050 bid_drop=0.00000000 ask_drop=0.00045823 swarm=0
2026-07-16T10:31:33Z,18,SELL,FILLED,64190.60000000,64193.70000000,0.00770000,-0.48293675,-0.02387000,fluid_exit_inversion,radar=long conf=0.7663 size_note=strong_conf_full soft=1 pct=-0.00482937 tension=6.59798597 bid_drop=42.88690880 ask_drop=0.00000000
2026-07-16T10:31:41Z,19,SKIP,SKIPPED,,,,,0,radar_block,reason=momentum_too_small conf=0.245 mom_sig=0.00000000 raw_mom_bps=0.00000000 spread_bps=4.79800000 tension=0.00000000 bid_drop=0.00000000 ask_drop=0.00000000 swarm=0
2026-07-16T10:32:06Z,20,SELL,FILLED,64193.70000000,64160.00000000,0.00770000,5.24973634,0.25949000,shock_inversion_stop,radar=long conf=0.707 size_note=strong_conf_full soft=1 pct=0.05249736 tension=6.20748154 bid_drop=40.34862998 ask_drop=0.00000000
2026-07-16T10:32:14Z,21,SKIP,SKIPPED,,,,,0,radar_block,reason=momentum_too_small conf=0.0 mom_sig=0.00000076 raw_mom_bps=0.00000000 spread_bps=4.20590000 tension=0.00000076 bid_drop=0.00000000 ask_drop=0.00000493 swarm=0
2026-07-16T10:32:36Z,22,SELL,FILLED,64195.20000000,64160.10000000,0.00770000,5.46769852,0.27027000,shock_inversion_stop,radar=long conf=0.7332 size_note=strong_conf_full soft=1 pct=0.05467699 tension=6.20792498 bid_drop=40.35151236 ask_drop=13.32203927
2026-07-16T10:32:55Z,23,SELL,FILLED,64199.90000000,64175.50000000,0.00770000,3.80062897,0.18788000,shock_inversion_stop,radar=long conf=0.854 size_note=strong_conf_full soft=1 pct=0.03800629 tension=1.39113030 bid_drop=0.00003860 ask_drop=9.04234696
2026-07-16T10:33:04Z,24,SKIP,SKIPPED,,,,,0,radar_block,reason=low_confidence conf=0.2598 mom_sig=0.20422258 raw_mom_bps=0.00000000 spread_bps=3.78530000 tension=0.20422258 bid_drop=0.00000000 ask_drop=1.32744678 swarm=0
2026-07-16T10:33:13Z,25,SKIP,SKIPPED,,,,,0,radar_block,reason=momentum_too_small conf=0.0001 mom_sig=0.00004542 raw_mom_bps=3.06970729 spread_bps=3.58280000 tension=0.00004542 bid_drop=0.00000000 ask_drop=0.00029526 swarm=0
2026-07-16T10:33:21Z,26,SKIP,SKIPPED,,,,,0,radar_block,reason=momentum_too_small conf=0.0 mom_sig=0.00001191 raw_mom_bps=0.00000000 spread_bps=5.42100000 tension=0.00001191 bid_drop=0.00000000 ask_drop=0.00007741 swarm=0
2026-07-16T10:33:29Z,27,SKIP,SKIPPED,,,,,0,radar_block,reason=momentum_too_small conf=0.0 mom_sig=0.00003785 raw_mom_bps=0.00000000 spread_bps=5.46770000 tension=0.00003785 bid_drop=0.00000000 ask_drop=0.00024604 swarm=0
2026-07-16T10:33:38Z,28,SKIP,SKIPPED,,,,,0,radar_block,reason=momentum_too_small conf=0.0 mom_sig=0.00001689 raw_mom_bps=0.00000000 spread_bps=6.19940000 tension=0.00001689 bid_drop=0.00000000 ask_drop=0.00010978 swarm=0
2026-07-16T10:33:45Z,29,SKIP,SKIPPED,,,,,0,radar_block,reason=momentum_too_small conf=0.0001 mom_sig=0.00009308 raw_mom_bps=0.00000000 spread_bps=6.19940000 tension=0.00009308 bid_drop=0.00000000 ask_drop=0.00060502 swarm=0
2026-07-16T10:34:05Z,30,SELL,FILLED,64199.90000000,64160.00000000,0.00770000,6.21496295,0.30723000,shock_inversion_stop,radar=long conf=0.6778 size_note=strong_conf_full soft=1 pct=0.06214963 tension=3.58738054 bid_drop=23.31797352 ask_drop=0.00006099
2026-07-16T10:34:13Z,31,SKIP,SKIPPED,,,,,0,radar_block,reason=momentum_too_small conf=0.2631 mom_sig=0.00000000 raw_mom_bps=0.00000000 spread_bps=3.97200000 tension=0.00000000 bid_drop=0.00000000 ask_drop=0.00000000 swarm=0
2026-07-16T10:34:21Z,32,SKIP,SKIPPED,,,,,0,radar_block,reason=momentum_too_small conf=0.0 mom_sig=0.00000046 raw_mom_bps=0.00000000 spread_bps=6.19940000 tension=0.00000046 bid_drop=0.00000296 ask_drop=0.00000000 swarm=0
2026-07-16T10:34:48Z,33,SELL,FILLED,64199.80000000,64199.90000000,0.00770000,-0.01557637,-0.00077000,fluid_exit_inversion,radar=short conf=0.6135 size_note=strong_conf_full soft=1 pct=-0.00015576 tension=6.59931971 bid_drop=42.89557814 ask_drop=0.00000000
2026-07-16T10:34:56Z,34,SKIP,SKIPPED,,,,,0,radar_block,reason=momentum_too_small conf=0.0 mom_sig=0.00000396 raw_mom_bps=0.00000000 spread_bps=6.19940000 tension=0.00000396 bid_drop=0.00000000 ask_drop=0.00002572 swarm=0
2026-07-16T10:35:05Z,35,SKIP,SKIPPED,,,,,0,radar_block,reason=direction_unclear conf=0.1713 mom_sig=0.16752158 raw_mom_bps=0.00000000 spread_bps=6.18380000 tension=0.16752158 bid_drop=0.00128584 ask_drop=1.08889030 swarm=0
2026-07-16T10:35:14Z,36,SKIP,SKIPPED,,,,,0,tactic_mismatch,mom=long structure=short
2026-07-16T10:35:22Z,37,SKIP,SKIPPED,,,,,0,radar_block,reason=momentum_too_small conf=0.0001 mom_sig=0.00006417 raw_mom_bps=0.00000000 spread_bps=6.18380000 tension=0.00006417 bid_drop=0.00000000 ask_drop=0.00041709 swarm=0
2026-07-16T10:35:30Z,38,SKIP,SKIPPED,,,,,0,radar_block,reason=momentum_too_small conf=0.0 mom_sig=0.00000443 raw_mom_bps=0.00000000 spread_bps=6.18380000 tension=0.00000443 bid_drop=0.00000000 ask_drop=0.00002879 swarm=0
2026-07-16T10:35:40Z,39,SKIP,SKIPPED,,,,,0,radar_block,reason=momentum_too_small conf=0.3497 mom_sig=0.00000000 raw_mom_bps=0.01557637 spread_bps=0.01560000 tension=0.00000000 bid_drop=0.00000000 ask_drop=0.00000000 swarm=0
2026-07-16T10:36:01Z,40,SELL,FILLED,64199.90000000,64199.90000000,0.00770000,-0.00000000,-0.00000000,shock_inversion_stop,radar=long conf=0.999 size_note=strong_conf_full soft=1 pct=-0.00000000 tension=1.17449096 bid_drop=0.00000000 ask_drop=7.63419125
2026-07-16T10:36:09Z,41,SKIP,SKIPPED,,,,,0,radar_block,reason=momentum_too_small conf=0.2147 mom_sig=0.00000000 raw_mom_bps=0.00000000 spread_bps=6.18380000 tension=0.00000000 bid_drop=0.00000000 ask_drop=0.00000000 swarm=0
2026-07-16T10:36:18Z,42,SKIP,SKIPPED,,,,,0,radar_block,reason=momentum_too_small conf=0.2147 mom_sig=0.00000000 raw_mom_bps=0.00000000 spread_bps=6.18380000 tension=0.00000000 bid_drop=0.00000000 ask_drop=0.00000000 swarm=0
2026-07-16T10:36:27Z,43,SKIP,SKIPPED,,,,,0,radar_block,reason=momentum_too_small conf=0.2144 mom_sig=0.00000000 raw_mom_bps=0.00000000 spread_bps=6.19940000 tension=0.00000000 bid_drop=0.00000000 ask_drop=0.00000000 swarm=0
2026-07-16T10:36:35Z,44,SKIP,SKIPPED,,,,,0,radar_block,reason=momentum_too_small conf=0.0 mom_sig=0.00003227 raw_mom_bps=0.00000000 spread_bps=6.19940000 tension=0.00003227 bid_drop=0.00000000 ask_drop=0.00020978 swarm=0
2026-07-16T10:36:43Z,45,SKIP,SKIPPED,,,,,0,radar_block,reason=momentum_too_small conf=0.2144 mom_sig=0.00000000 raw_mom_bps=0.00000000 spread_bps=6.19940000 tension=0.00000000 bid_drop=0.00000000 ask_drop=0.00000000 swarm=0
2026-07-16T10:36:50Z,46,SKIP,SKIPPED,,,,,0,radar_block,reason=momentum_too_small conf=0.2144 mom_sig=0.00000000 raw_mom_bps=0.00000000 spread_bps=6.19940000 tension=0.00000000 bid_drop=0.00000000 ask_drop=0.00000000 swarm=0
2026-07-16T10:36:58Z,47,SKIP,SKIPPED,,,,,0,radar_block,reason=momentum_too_small conf=0.0001 mom_sig=0.00006299 raw_mom_bps=0.00000000 spread_bps=6.19940000 tension=0.00006299 bid_drop=0.00040945 ask_drop=0.00000000 swarm=0
2026-07-16T10:37:06Z,48,SKIP,SKIPPED,,,,,0,radar_block,reason=momentum_too_small conf=0.2147 mom_sig=0.00000000 raw_mom_bps=0.00000000 spread_bps=6.18380000 tension=0.00000000 bid_drop=0.00000000 ask_drop=0.00000000 swarm=0
2026-07-16T10:37:14Z,49,SKIP,SKIPPED,,,,,0,radar_block,reason=momentum_too_small conf=0.0 mom_sig=0.00000407 raw_mom_bps=0.00000000 spread_bps=6.18380000 tension=0.00000407 bid_drop=0.00000000 ask_drop=0.00002644 swarm=0
2026-07-16T10:37:22Z,50,SKIP,SKIPPED,,,,,0,radar_block,reason=direction_unclear conf=0.2428 mom_sig=0.19358011 raw_mom_bps=-3.73924383 spread_bps=3.95730000 tension=0.19358011 bid_drop=0.00000000 ask_drop=1.25827070 swarm=0
2026-07-16T10:37:31Z,51,SKIP,SKIPPED,,,,,0,radar_block,reason=low_confidence conf=0.25 mom_sig=0.20846232 raw_mom_bps=0.00000000 spread_bps=4.48620000 tension=0.20846232 bid_drop=0.00000000 ask_drop=1.35500509 swarm=0
2026-07-16T10:37:39Z,52,SKIP,SKIPPED,,,,,0,radar_block,reason=momentum_too_small conf=0.2519 mom_sig=0.00000000 raw_mom_bps=0.00000000 spread_bps=4.48620000 tension=0.00000000 bid_drop=0.00000000 ask_drop=0.00000000 swarm=0
2026-07-16T10:37:46Z,53,SKIP,SKIPPED,,,,,0,impulse_resonance_wait,reason=wall_not_collapsed tension=0.39200494 bid_drop=0.00000000 ask_drop=2.54803212
2026-07-16T10:37:54Z,54,SKIP,SKIPPED,,,,,0,radar_block,reason=direction_unclear conf=0.229 mom_sig=0.19841548 raw_mom_bps=0.00000000 spread_bps=4.92240000 tension=0.19841548 bid_drop=0.00000000 ask_drop=1.28970063 swarm=0
2026-07-16T10:38:02Z,55,SKIP,SKIPPED,,,,,0,radar_block,reason=momentum_too_small conf=0.2423 mom_sig=0.00000000 raw_mom_bps=0.00000000 spread_bps=4.92240000 tension=0.00000000 bid_drop=0.00000000 ask_drop=0.00000000 swarm=0
2026-07-16T10:38:10Z,56,SKIP,SKIPPED,,,,,0,radar_block,reason=momentum_too_small conf=0.241 mom_sig=0.00000000 raw_mom_bps=0.00000000 spread_bps=4.98470000 tension=0.00000000 bid_drop=0.00000000 ask_drop=0.00000000 swarm=0
2026-07-16T10:38:17Z,57,SKIP,SKIPPED,,,,,0,radar_block,reason=momentum_too_small conf=0.0 mom_sig=0.00003553 raw_mom_bps=0.00000000 spread_bps=4.98470000 tension=0.00003553 bid_drop=0.00023094 ask_drop=0.00000000 swarm=0
2026-07-16T10:38:25Z,58,SKIP,SKIPPED,,,,,0,radar_block,reason=momentum_too_small conf=0.0 mom_sig=0.00002012 raw_mom_bps=0.00000000 spread_bps=4.68880000 tension=0.00002012 bid_drop=0.00013080 ask_drop=0.00000000 swarm=0
2026-07-16T10:38:33Z,59,SKIP,SKIPPED,,,,,0,radar_block,reason=momentum_too_small conf=0.0038 mom_sig=0.00324863 raw_mom_bps=0.00000000 spread_bps=4.68880000 tension=0.00324863 bid_drop=0.00013818 ask_drop=0.02111608 swarm=0
2026-07-16T10:38:41Z,60,SKIP,SKIPPED,,,,,0,radar_block,reason=direction_unclear conf=0.2306 mom_sig=0.19573944 raw_mom_bps=0.00000000 spread_bps=4.68880000 tension=0.19573944 bid_drop=0.00000000 ask_drop=1.27230639 swarm=0
2026-07-16T10:38:49Z,61,SKIP,SKIPPED,,,,,0,radar_block,reason=momentum_too_small conf=0.2474 mom_sig=0.00000000 raw_mom_bps=0.00000000 spread_bps=4.68880000 tension=0.00000000 bid_drop=0.00000000 ask_drop=0.00000000 swarm=0
2026-07-16T10:38:57Z,62,SKIP,SKIPPED,,,,,0,radar_block,reason=momentum_too_small conf=0.2679 mom_sig=0.00000000 raw_mom_bps=0.00000000 spread_bps=3.75450000 tension=0.00000000 bid_drop=0.00000000 ask_drop=0.00000000 swarm=0
2026-07-16T10:39:05Z,63,SKIP,SKIPPED,,,,,0,radar_block,reason=momentum_too_small conf=0.3374 mom_sig=0.00000000 raw_mom_bps=0.00000000 spread_bps=0.57660000 tension=0.00000000 bid_drop=0.00000000 ask_drop=0.00000000 swarm=0
2026-07-16T10:39:13Z,64,SKIP,SKIPPED,,,,,0,radar_block,reason=momentum_too_small conf=0.3374 mom_sig=0.00000000 raw_mom_bps=0.00000000 spread_bps=0.57660000 tension=0.00000000 bid_drop=0.00000000 ask_drop=0.00000000 swarm=0
2026-07-16T10:39:20Z,65,SKIP,SKIPPED,,,,,0,radar_block,reason=momentum_too_small conf=0.2856 mom_sig=0.00000000 raw_mom_bps=0.00000000 spread_bps=2.94470000 tension=0.00000000 bid_drop=0.00000000 ask_drop=0.00000000 swarm=0
2026-07-16T10:39:33Z,66,SKIP,SKIPPED,,,,,0,radar_block,reason=momentum_too_small conf=0.2474 mom_sig=0.00000000 raw_mom_bps=0.00000000 spread_bps=4.68880000 tension=0.00000000 bid_drop=0.00000000 ask_drop=0.00000000 swarm=0
2026-07-16T10:39:42Z,67,SKIP,SKIPPED,,,,,0,radar_block,reason=direction_unclear conf=0.0126 mom_sig=0.01066667 raw_mom_bps=0.00000000 spread_bps=4.68880000 tension=0.01066667 bid_drop=0.06933337 ask_drop=0.02060831 swarm=0
2026-07-16T10:39:50Z,68,SKIP,SKIPPED,,,,,0,radar_block,reason=momentum_too_small conf=0.0 mom_sig=0.00001199 raw_mom_bps=0.00000000 spread_bps=4.42410000 tension=0.00001199 bid_drop=0.00007795 ask_drop=0.00000000 swarm=0
2026-07-16T10:39:58Z,69,SKIP,SKIPPED,,,,,0,radar_block,reason=momentum_too_small conf=0.0001 mom_sig=0.00006985 raw_mom_bps=0.00000000 spread_bps=4.68880000 tension=0.00006985 bid_drop=0.00045401 ask_drop=0.00000000 swarm=0
2026-07-16T10:40:17Z,70,SELL,FILLED,64164.90000000,64164.90000000,0.00770000,-0.00000000,-0.00000000,shock_inversion_stop,radar=short conf=0.707 size_note=strong_conf_full soft=1 pct=-0.00000000 tension=1.19833243 bid_drop=7.78916077 ask_drop=0.00000000
2026-07-16T10:40:26Z,71,SKIP,SKIPPED,,,,,0,impulse_resonance_wait,reason=wall_not_collapsed tension=0.35642983 bid_drop=2.31679390 ask_drop=0.00000000
2026-07-16T10:40:35Z,72,SKIP,SKIPPED,,,,,0,radar_block,reason=momentum_too_small conf=0.2474 mom_sig=0.00000000 raw_mom_bps=0.00000000 spread_bps=4.68880000 tension=0.00000000 bid_drop=0.00000000 ask_drop=0.00000000 swarm=0
2026-07-16T10:40:44Z,73,SKIP,SKIPPED,,,,,0,radar_block,reason=direction_unclear conf=0.0387 mom_sig=0.02435311 raw_mom_bps=0.00000000 spread_bps=0.74770000 tension=0.02435311 bid_drop=0.15829521 ask_drop=0.00000000 swarm=0
2026-07-16T10:40:53Z,74,SKIP,SKIPPED,,,,,0,impulse_resonance_wait,reason=wall_not_collapsed tension=0.60033035 bid_drop=3.90214728 ask_drop=0.00000000
2026-07-16T10:41:00Z,75,SKIP,SKIPPED,,,,,0,radar_block,reason=momentum_too_small conf=0.0 mom_sig=0.00000570 raw_mom_bps=0.00000000 spread_bps=5.46730000 tension=0.00000570 bid_drop=0.00000000 ask_drop=0.00003702 swarm=0
2026-07-16T10:41:08Z,76,SKIP,SKIPPED,,,,,0,radar_block,reason=momentum_too_small conf=0.0003 mom_sig=0.00028134 raw_mom_bps=-5.12462656 spread_bps=4.81340000 tension=0.00028134 bid_drop=0.00182872 ask_drop=0.00000000 swarm=0
2026-07-16T10:41:15Z,77,SKIP,SKIPPED,,,,,0,radar_block,reason=momentum_too_small conf=0.0 mom_sig=0.00001377 raw_mom_bps=0.00000000 spread_bps=0.77920000 tension=0.00001377 bid_drop=0.00000000 ask_drop=0.00008952 swarm=0
2026-07-16T10:41:23Z,78,SKIP,SKIPPED,,,,,0,radar_block,reason=momentum_too_small conf=0.333 mom_sig=0.00000000 raw_mom_bps=0.00000000 spread_bps=0.77920000 tension=0.00000000 bid_drop=0.00000000 ask_drop=0.00000000 swarm=0
2026-07-16T10:41:32Z,79,SKIP,SKIPPED,,,,,0,radar_block,reason=momentum_too_small conf=0.0076 mom_sig=0.00480333 raw_mom_bps=0.00000000 spread_bps=0.77920000 tension=0.00480333 bid_drop=0.03122162 ask_drop=0.00003898 swarm=0
2026-07-16T10:41:41Z,80,SKIP,SKIPPED,,,,,0,radar_block,reason=momentum_too_small conf=0.0 mom_sig=0.00002283 raw_mom_bps=0.00000000 spread_bps=1.34010000 tension=0.00002283 bid_drop=0.00000000 ask_drop=0.00014841 swarm=0
2026-07-16T10:41:49Z,81,SKIP,SKIPPED,,,,,0,radar_block,reason=momentum_too_small conf=0.0038 mom_sig=0.00252582 raw_mom_bps=0.00000000 spread_bps=1.37130000 tension=0.00252582 bid_drop=0.01641781 ask_drop=0.00017497 swarm=0
2026-07-16T10:41:56Z,82,SKIP,SKIPPED,,,,,0,impulse_resonance_wait,reason=wall_not_collapsed tension=0.96228595 bid_drop=6.25485869 ask_drop=0.00000000
2026-07-16T10:42:05Z,83,SKIP,SKIPPED,,,,,0,radar_block,reason=momentum_too_small conf=0.0 mom_sig=0.00002388 raw_mom_bps=0.00000000 spread_bps=1.37130000 tension=0.00002388 bid_drop=0.00000000 ask_drop=0.00015522 swarm=0
2026-07-16T10:42:12Z,84,SKIP,SKIPPED,,,,,0,radar_block,reason=direction_unclear conf=0.2741 mom_sig=0.17988825 raw_mom_bps=0.00000000 spread_bps=1.37130000 tension=0.17988825 bid_drop=1.16927365 ask_drop=0.00000000 swarm=0
2026-07-16T10:42:20Z,85,SKIP,SKIPPED,,,,,0,radar_block,reason=momentum_too_small conf=0.32 mom_sig=0.00000000 raw_mom_bps=0.00000000 spread_bps=1.37130000 tension=0.00000000 bid_drop=0.00000000 ask_drop=0.00000000 swarm=0
2026-07-16T10:42:29Z,86,SKIP,SKIPPED,,,,,0,radar_block,reason=momentum_too_small conf=0.0035 mom_sig=0.00228674 raw_mom_bps=-0.01558487 spread_bps=1.37130000 tension=0.00228674 bid_drop=0.01486380 ask_drop=0.00020897 swarm=0
2026-07-16T10:42:37Z,87,SKIP,SKIPPED,,,,,0,radar_block,reason=momentum_too_small conf=0.0 mom_sig=0.00000816 raw_mom_bps=0.00000000 spread_bps=5.45170000 tension=0.00000816 bid_drop=0.00005303 ask_drop=0.00000000 swarm=0
2026-07-16T10:42:45Z,88,SKIP,SKIPPED,,,,,0,radar_block,reason=momentum_too_small conf=0.0001 mom_sig=0.00011486 raw_mom_bps=0.00000000 spread_bps=5.45170000 tension=0.00011486 bid_drop=0.00000000 ask_drop=0.00074661 swarm=0
2026-07-16T10:42:53Z,89,SKIP,SKIPPED,,,,,0,radar_block,reason=momentum_too_small conf=0.2307 mom_sig=0.00000000 raw_mom_bps=0.00000000 spread_bps=5.45170000 tension=0.00000000 bid_drop=0.00000000 ask_drop=0.00000000 swarm=0
2026-07-16T10:43:01Z,90,SKIP,SKIPPED,,,,,0,radar_block,reason=momentum_too_small conf=0.0 mom_sig=0.00000973 raw_mom_bps=0.00000000 spread_bps=5.45170000 tension=0.00000973 bid_drop=0.00006323 ask_drop=0.00000000 swarm=0
2026-07-16T10:43:10Z,91,SKIP,SKIPPED,,,,,0,radar_block,reason=momentum_too_small conf=0.0 mom_sig=0.00000502 raw_mom_bps=0.00000000 spread_bps=0.10910000 tension=0.00000502 bid_drop=0.00003263 ask_drop=0.00000000 swarm=0
2026-07-16T10:43:18Z,92,SKIP,SKIPPED,,,,,0,radar_block,reason=momentum_too_small conf=0.2304 mom_sig=0.00000000 raw_mom_bps=0.14026382 spread_bps=5.46730000 tension=0.00000000 bid_drop=0.00000000 ask_drop=0.00000000 swarm=0
2026-07-16T10:43:26Z,93,SKIP,SKIPPED,,,,,0,radar_block,reason=momentum_too_small conf=0.0 mom_sig=0.00001426 raw_mom_bps=0.00000000 spread_bps=5.06230000 tension=0.00001426 bid_drop=0.00003195 ask_drop=0.00009266 swarm=0
2026-07-16T10:43:34Z,94,SKIP,SKIPPED,,,,,0,radar_block,reason=momentum_too_small conf=0.3411 mom_sig=0.00000000 raw_mom_bps=0.00000000 spread_bps=0.40520000 tension=0.00000000 bid_drop=0.00000000 ask_drop=0.00000000 swarm=0
2026-07-16T10:43:42Z,95,SKIP,SKIPPED,,,,,0,radar_block,reason=momentum_too_small conf=0.0035 mom_sig=0.00316373 raw_mom_bps=-0.38960715 spread_bps=5.45170000 tension=0.00316373 bid_drop=0.00000000 ask_drop=0.02056427 swarm=0
2026-07-16T10:43:50Z,96,SKIP,SKIPPED,,,,,0,radar_block,reason=momentum_too_small conf=0.2304 mom_sig=0.00000000 raw_mom_bps=0.00000000 spread_bps=5.46730000 tension=0.00000000 bid_drop=0.00000000 ask_drop=0.00000000 swarm=0
2026-07-16T10:43:57Z,97,SKIP,SKIPPED,,,,,0,radar_block,reason=momentum_too_small conf=0.0 mom_sig=0.00001260 raw_mom_bps=0.00000000 spread_bps=5.12460000 tension=0.00001260 bid_drop=0.00000000 ask_drop=0.00008191 swarm=0
2026-07-16T10:44:05Z,98,SKIP,SKIPPED,,,,,0,radar_block,reason=direction_unclear conf=0.0138 mom_sig=0.01252324 raw_mom_bps=0.00000000 spread_bps=5.45170000 tension=0.01252324 bid_drop=0.08140106 ask_drop=0.00000000 swarm=0
2026-07-16T10:44:13Z,99,SKIP,SKIPPED,,,,,0,radar_block,reason=momentum_too_small conf=0.3442 mom_sig=0.00000000 raw_mom_bps=0.34285590 spread_bps=0.26490000 tension=0.00000000 bid_drop=0.00000000 ask_drop=0.00000000 swarm=0
2026-07-16T10:44:25Z,100,SKIP,SKIPPED,,,,,0,radar_block,reason=momentum_too_small conf=0.2307 mom_sig=0.00000000 raw_mom_bps=0.00000000 spread_bps=5.45170000 tension=0.00000000 bid_drop=0.00000000 ask_drop=0.00000000 swarm=0
2026-07-16T10:44:34Z,101,SKIP,SKIPPED,,,,,0,radar_block,reason=momentum_too_small conf=0.0 mom_sig=0.00000875 raw_mom_bps=0.00000000 spread_bps=4.20560000 tension=0.00000875 bid_drop=0.00005687 ask_drop=0.00000000 swarm=0
2026-07-16T10:44:42Z,102,SKIP,SKIPPED,,,,,0,impulse_resonance_wait,reason=wall_not_collapsed tension=0.41372578 bid_drop=0.07617708 ask_drop=2.68921759
2026-07-16T10:44:50Z,103,SKIP,SKIPPED,,,,,0,radar_block,reason=momentum_too_small conf=0.0 mom_sig=0.00000814 raw_mom_bps=0.00000000 spread_bps=4.20560000 tension=0.00000814 bid_drop=0.00005292 ask_drop=0.00000000 swarm=0
2026-07-16T10:44:57Z,104,SKIP,SKIPPED,,,,,0,radar_block,reason=momentum_too_small conf=0.2577 mom_sig=0.00000000 raw_mom_bps=0.00000000 spread_bps=4.22120000 tension=0.00000000 bid_drop=0.00000000 ask_drop=0.00000000 swarm=0
2026-07-16T10:45:05Z,105,SKIP,SKIPPED,,,,,0,radar_block,reason=momentum_too_small conf=0.0 mom_sig=0.00000707 raw_mom_bps=0.00000000 spread_bps=4.22120000 tension=0.00000707 bid_drop=0.00004597 ask_drop=0.00000000 swarm=0
2026-07-16T10:45:13Z,106,SKIP,SKIPPED,,,,,0,radar_block,reason=momentum_too_small conf=0.0 mom_sig=0.00000741 raw_mom_bps=0.00000000 spread_bps=4.22120000 tension=0.00000741 bid_drop=0.00004816 ask_drop=0.00000000 swarm=0
2026-07-16T10:45:20Z,107,SKIP,SKIPPED,,,,,0,radar_block,reason=momentum_too_small conf=0.0002 mom_sig=0.00015066 raw_mom_bps=0.00000000 spread_bps=2.81930000 tension=0.00015066 bid_drop=0.00097931 ask_drop=0.00000000 swarm=0
2026-07-16T10:45:28Z,108,SKIP,SKIPPED,,,,,0,radar_block,reason=momentum_too_small conf=0.0023 mom_sig=0.00178657 raw_mom_bps=0.00000000 spread_bps=3.67670000 tension=0.00178657 bid_drop=0.01161269 ask_drop=0.00000000 swarm=0
2026-07-16T10:45:36Z,109,SKIP,SKIPPED,,,,,0,radar_block,reason=momentum_too_small conf=0.2301 mom_sig=0.00000000 raw_mom_bps=0.00000000 spread_bps=5.48290000 tension=0.00000000 bid_drop=0.00000000 ask_drop=0.00000000 swarm=0
2026-07-16T10:45:44Z,110,SKIP,SKIPPED,,,,,0,impulse_resonance_wait,reason=wall_not_collapsed tension=0.80950054 bid_drop=5.26175349 ask_drop=0.12282891
2026-07-16T10:45:52Z,111,SKIP,SKIPPED,,,,,0,radar_block,reason=direction_unclear conf=0.0165 mom_sig=0.01498067 raw_mom_bps=5.47028901 spread_bps=5.45170000 tension=0.01498067 bid_drop=0.00008007 ask_drop=0.09737437 swarm=0
2026-07-16T10:45:59Z,112,SKIP,SKIPPED,,,,,0,radar_block,reason=direction_unclear conf=0.3272 mom_sig=0.19652681 raw_mom_bps=0.00000000 spread_bps=0.01560000 tension=0.19652681 bid_drop=0.00001704 ask_drop=1.27742424 swarm=0
2026-07-16T10:46:08Z,113,SKIP,SKIPPED,,,,,0,radar_block,reason=momentum_too_small conf=0.0016 mom_sig=0.00096000 raw_mom_bps=0.00000000 spread_bps=0.01560000 tension=0.00096000 bid_drop=0.00010432 ask_drop=0.00624003 swarm=0
2026-07-16T10:46:16Z,114,SKIP,SKIPPED,,,,,0,radar_block,reason=momentum_too_small conf=0.0012 mom_sig=0.00106517 raw_mom_bps=0.00000000 spread_bps=5.45170000 tension=0.00106517 bid_drop=0.00692358 ask_drop=0.00000000 swarm=0
2026-07-16T10:46:25Z,115,SKIP,SKIPPED,,,,,0,radar_block,reason=momentum_too_small conf=0.0 mom_sig=0.00001515 raw_mom_bps=0.00000000 spread_bps=5.45170000 tension=0.00001515 bid_drop=0.00009848 ask_drop=0.00000000 swarm=0
2026-07-16T10:46:33Z,116,SKIP,SKIPPED,,,,,0,radar_block,reason=momentum_too_small conf=0.0 mom_sig=0.00001196 raw_mom_bps=0.00000000 spread_bps=5.45170000 tension=0.00001196 bid_drop=0.00007773 ask_drop=0.00000000 swarm=0
2026-07-16T10:46:40Z,117,SKIP,SKIPPED,,,,,0,radar_block,reason=momentum_too_small conf=0.0 mom_sig=0.00000808 raw_mom_bps=0.00000000 spread_bps=5.46730000 tension=0.00000808 bid_drop=0.00005252 ask_drop=0.00000000 swarm=0
2026-07-16T10:46:48Z,118,SKIP,SKIPPED,,,,,0,radar_block,reason=momentum_too_small conf=0.2307 mom_sig=0.00000000 raw_mom_bps=0.00000000 spread_bps=5.45170000 tension=0.00000000 bid_drop=0.00000000 ask_drop=0.00000000 swarm=0
2026-07-16T10:47:02Z,119,SKIP,SKIPPED,,,,,0,radar_block,reason=momentum_too_small conf=0.0 mom_sig=0.00000913 raw_mom_bps=0.00000000 spread_bps=5.45170000 tension=0.00000913 bid_drop=0.00005933 ask_drop=0.00000000 swarm=0
2026-07-16T10:47:11Z,120,SKIP,SKIPPED,,,,,0,radar_block,reason=momentum_too_small conf=0.0 mom_sig=0.00001888 raw_mom_bps=0.00000000 spread_bps=5.45170000 tension=0.00001888 bid_drop=0.00012275 ask_drop=0.00000000 swarm=0
2026-07-16T10:47:19Z,121,SKIP,SKIPPED,,,,,0,radar_block,reason=momentum_too_small conf=0.0 mom_sig=0.00001672 raw_mom_bps=0.00000000 spread_bps=5.46730000 tension=0.00001672 bid_drop=0.00010870 ask_drop=0.00000000 swarm=0
2026-07-16T10:47:27Z,122,SKIP,SKIPPED,,,,,0,radar_block,reason=momentum_too_small conf=0.0057 mom_sig=0.00515809 raw_mom_bps=0.00000000 spread_bps=5.46730000 tension=0.00515809 bid_drop=0.03352757 ask_drop=0.00000000 swarm=0
2026-07-16T10:47:39Z,123,SKIP,SKIPPED,,,,,0,radar_block,reason=momentum_too_small conf=0.0096 mom_sig=0.00874727 raw_mom_bps=0.00000000 spread_bps=5.48290000 tension=0.00874727 bid_drop=0.01825778 ask_drop=0.05685726 swarm=0
2026-07-16T10:47:47Z,124,SKIP,SKIPPED,,,,,0,radar_block,reason=momentum_too_small conf=0.0 mom_sig=0.00000610 raw_mom_bps=0.01558489 spread_bps=5.45170000 tension=0.00000610 bid_drop=0.00003964 ask_drop=0.00000000 swarm=0
2026-07-16T10:47:56Z,125,SKIP,SKIPPED,,,,,0,radar_block,reason=momentum_too_small conf=0.0 mom_sig=0.00001118 raw_mom_bps=0.00000000 spread_bps=5.45170000 tension=0.00001118 bid_drop=0.00007267 ask_drop=0.00000000 swarm=0
2026-07-16T10:48:04Z,126,SKIP,SKIPPED,,,,,0,radar_block,reason=momentum_too_small conf=0.0 mom_sig=0.00003998 raw_mom_bps=0.00000000 spread_bps=5.45170000 tension=0.00003998 bid_drop=0.00025984 ask_drop=0.00000000 swarm=0
2026-07-16T10:48:13Z,127,SKIP,SKIPPED,,,,,0,radar_block,reason=momentum_too_small conf=0.0 mom_sig=0.00001728 raw_mom_bps=0.00000000 spread_bps=5.45170000 tension=0.00001728 bid_drop=0.00011231 ask_drop=0.00000000 swarm=0
2026-07-16T10:48:20Z,128,SKIP,SKIPPED,,,,,0,radar_block,reason=momentum_too_small conf=0.2301 mom_sig=0.00000000 raw_mom_bps=0.00000000 spread_bps=5.48290000 tension=0.00000000 bid_drop=0.00000000 ask_drop=0.00000000 swarm=0
2026-07-16T10:48:28Z,129,SKIP,SKIPPED,,,,,0,radar_block,reason=momentum_too_small conf=0.0 mom_sig=0.00001593 raw_mom_bps=0.00000000 spread_bps=5.45170000 tension=0.00001593 bid_drop=0.00010352 ask_drop=0.00000000 swarm=0
2026-07-16T10:48:36Z,130,SKIP,SKIPPED,,,,,0,radar_block,reason=momentum_too_small conf=0.2307 mom_sig=0.00000000 raw_mom_bps=0.00000000 spread_bps=5.45170000 tension=0.00000000 bid_drop=0.00000000 ask_drop=0.00000000 swarm=0
2026-07-16T10:48:43Z,131,SKIP,SKIPPED,,,,,0,radar_block,reason=direction_unclear conf=0.0164 mom_sig=0.01488740 raw_mom_bps=0.00000000 spread_bps=5.45170000 tension=0.01488740 bid_drop=0.00000000 ask_drop=0.09676809 swarm=0
2026-07-16T10:48:53Z,132,SKIP,SKIPPED,,,,,0,radar_block,reason=momentum_too_small conf=0.0 mom_sig=0.00004242 raw_mom_bps=0.00000000 spread_bps=5.46730000 tension=0.00004242 bid_drop=0.00027575 ask_drop=0.00000000 swarm=0
2026-07-16T10:49:01Z,133,SKIP,SKIPPED,,,,,0,radar_block,reason=momentum_too_small conf=0.0001 mom_sig=0.00011650 raw_mom_bps=0.00000000 spread_bps=5.48290000 tension=0.00011650 bid_drop=0.00075728 ask_drop=0.00000000 swarm=0
2026-07-16T10:49:09Z,134,SKIP,SKIPPED,,,,,0,impulse_resonance_wait,reason=wall_not_collapsed tension=0.34792383 bid_drop=2.26150491 ask_drop=0.00000000
2026-07-16T10:49:17Z,135,SKIP,SKIPPED,,,,,0,radar_block,reason=momentum_too_small conf=0.2307 mom_sig=0.00000000 raw_mom_bps=0.01558489 spread_bps=5.45170000 tension=0.00000000 bid_drop=0.00000000 ask_drop=0.00000000 swarm=0
2026-07-16T10:49:25Z,136,SKIP,SKIPPED,,,,,0,radar_block,reason=momentum_too_small conf=0.0 mom_sig=0.00001256 raw_mom_bps=0.00000000 spread_bps=5.46730000 tension=0.00001256 bid_drop=0.00008163 ask_drop=0.00000000 swarm=0
2026-07-16T10:49:33Z,137,SKIP,SKIPPED,,,,,0,radar_block,reason=momentum_too_small conf=0.0006 mom_sig=0.00050958 raw_mom_bps=-0.01558487 spread_bps=5.45170000 tension=0.00050958 bid_drop=0.00331226 ask_drop=0.00000000 swarm=0
2026-07-16T10:49:41Z,138,SKIP,SKIPPED,,,,,0,radar_block,reason=momentum_too_small conf=0.2304 mom_sig=0.00000000 raw_mom_bps=0.00000000 spread_bps=5.46730000 tension=0.00000000 bid_drop=0.00000000 ask_drop=0.00000000 swarm=0
2026-07-16T10:49:48Z,139,SKIP,SKIPPED,,,,,0,radar_block,reason=momentum_too_small conf=0.0 mom_sig=0.00001586 raw_mom_bps=0.00000000 spread_bps=5.48290000 tension=0.00001586 bid_drop=0.00010309 ask_drop=0.00000000 swarm=0
2026-07-16T10:49:56Z,140,SKIP,SKIPPED,,,,,0,radar_block,reason=momentum_too_small conf=0.0 mom_sig=0.00000349 raw_mom_bps=0.00000000 spread_bps=5.48290000 tension=0.00000349 bid_drop=0.00002268 ask_drop=0.00000000 swarm=0
2026-07-16T10:50:12Z,141,SELL,FILLED,64199.90000000,64164.80000000,0.01550000,5.46729824,0.54405000,shock_inversion_stop,radar=long conf=0.6593 size_note=strong_conf_full soft=0 pct=0.05467298 tension=1.01292753 bid_drop=6.58402895 ask_drop=0.09747108
2026-07-16T10:50:27Z,142,SKIP,SKIPPED,,,,,0,radar_block,reason=momentum_too_small conf=0.0001 mom_sig=0.00006689 raw_mom_bps=0.00000000 spread_bps=5.48290000 tension=0.00006689 bid_drop=0.00043481 ask_drop=0.00000000 swarm=0
2026-07-16T10:50:44Z,143,SELL,FILLED,64164.70000000,64164.70000000,0.00770000,-0.00000000,-0.00000000,fluid_exit_brake,radar=long conf=0.999 size_note=strong_conf_full soft=1 pct=-0.00000000 tension=1.01291726 bid_drop=6.58396221 ask_drop=0.09751378
2026-07-16T10:50:52Z,144,SKIP,SKIPPED,,,,,0,radar_block,reason=momentum_too_small conf=0.0 mom_sig=0.00001612 raw_mom_bps=-0.03116969 spread_bps=0.03120000 tension=0.00001612 bid_drop=0.00010481 ask_drop=0.00000000 swarm=0
2026-07-16T10:51:02Z,145,SKIP,SKIPPED,,,,,0,radar_block,reason=momentum_too_small conf=0.0001 mom_sig=0.00010295 raw_mom_bps=0.00000000 spread_bps=5.48290000 tension=0.00010295 bid_drop=0.00066917 ask_drop=0.00000000 swarm=0
2026-07-16T10:51:15Z,146,SKIP,SKIPPED,,,,,0,radar_block,reason=momentum_too_small conf=0.0001 mom_sig=0.00006563 raw_mom_bps=0.00000000 spread_bps=5.45170000 tension=0.00006563 bid_drop=0.00042659 ask_drop=0.00000000 swarm=0
2026-07-16T10:51:23Z,147,SKIP,SKIPPED,,,,,0,radar_block,reason=momentum_too_small conf=0.0 mom_sig=0.00000850 raw_mom_bps=-5.45173038 spread_bps=5.45170000 tension=0.00000850 bid_drop=0.00005526 ask_drop=0.00000000 swarm=0
2026-07-16T10:51:37Z,148,SKIP,SKIPPED,,,,,0,radar_block,reason=direction_unclear conf=0.0112 mom_sig=0.01019834 raw_mom_bps=0.00000000 spread_bps=5.45170000 tension=0.01019834 bid_drop=0.06628918 ask_drop=0.00000000 swarm=0
2026-07-16T10:51:47Z,149,SKIP,SKIPPED,,,,,0,radar_block,reason=momentum_too_small conf=0.0 mom_sig=0.00002958 raw_mom_bps=0.00000000 spread_bps=5.46730000 tension=0.00002958 bid_drop=0.00019226 ask_drop=0.00000000 swarm=0
2026-07-16T10:51:57Z,150,SKIP,SKIPPED,,,,,0,radar_block,reason=momentum_too_small conf=0.005 mom_sig=0.00455800 raw_mom_bps=0.00000000 spread_bps=5.46730000 tension=0.00455800 bid_drop=0.00012154 ask_drop=0.02962703 swarm=0
2026-07-16T10:52:06Z,151,SKIP,SKIPPED,,,,,0,radar_block,reason=momentum_too_small conf=0.0 mom_sig=0.00000986 raw_mom_bps=0.00000000 spread_bps=5.46730000 tension=0.00000986 bid_drop=0.00006409 ask_drop=0.00000000 swarm=0
2026-07-16T10:52:15Z,152,SKIP,SKIPPED,,,,,0,radar_block,reason=momentum_too_small conf=0.0 mom_sig=0.00004114 raw_mom_bps=0.00000000 spread_bps=5.46730000 tension=0.00004114 bid_drop=0.00026741 ask_drop=0.00000000 swarm=0
2026-07-16T10:52:23Z,153,SKIP,SKIPPED,,,,,0,radar_block,reason=direction_unclear conf=0.0162 mom_sig=0.01475005 raw_mom_bps=0.00000000 spread_bps=5.46730000 tension=0.01475005 bid_drop=0.00000000 ask_drop=0.09587535 swarm=0
2026-07-16T10:52:32Z,154,SKIP,SKIPPED,,,,,0,radar_block,reason=direction_unclear conf=0.0277 mom_sig=0.02524662 raw_mom_bps=-5.46730675 spread_bps=5.45170000 tension=0.02524662 bid_drop=0.16410301 ask_drop=0.00002657 swarm=0
2026-07-16T10:52:41Z,155,SKIP,SKIPPED,,,,,0,radar_block,reason=momentum_too_small conf=0.2304 mom_sig=0.00000000 raw_mom_bps=0.00000000 spread_bps=5.46730000 tension=0.00000000 bid_drop=0.00000000 ask_drop=0.00000000 swarm=0
2026-07-16T10:52:49Z,156,SKIP,SKIPPED,,,,,0,radar_block,reason=momentum_too_small conf=0.0 mom_sig=0.00001677 raw_mom_bps=0.00000000 spread_bps=5.46730000 tension=0.00001677 bid_drop=0.00010898 ask_drop=0.00000000 swarm=0
2026-07-16T10:52:58Z,157,SKIP,SKIPPED,,,,,0,radar_block,reason=momentum_too_small conf=0.2304 mom_sig=0.00000000 raw_mom_bps=0.00000000 spread_bps=5.46730000 tension=0.00000000 bid_drop=0.00000000 ask_drop=0.00000000 swarm=0
2026-07-16T10:53:07Z,158,SKIP,SKIPPED,,,,,0,radar_block,reason=momentum_too_small conf=0.2304 mom_sig=0.00000000 raw_mom_bps=0.00000000 spread_bps=5.46730000 tension=0.00000000 bid_drop=0.00000000 ask_drop=0.00000000 swarm=0
2026-07-16T10:53:15Z,159,SKIP,SKIPPED,,,,,0,radar_block,reason=direction_unclear conf=0.0165 mom_sig=0.01501865 raw_mom_bps=0.00000000 spread_bps=5.46730000 tension=0.01501865 bid_drop=0.00000000 ask_drop=0.09762123 swarm=0
2026-07-16T10:53:24Z,160,SKIP,SKIPPED,,,,,0,radar_block,reason=direction_unclear conf=0.0981 mom_sig=0.08950214 raw_mom_bps=0.00000000 spread_bps=5.48290000 tension=0.08950214 bid_drop=0.58176388 ask_drop=0.11458926 swarm=0
2026-07-16T10:53:33Z,161,SKIP,SKIPPED,,,,,0,radar_block,reason=direction_unclear conf=0.3173 mom_sig=0.19472390 raw_mom_bps=0.04675315 spread_bps=0.35840000 tension=0.19472390 bid_drop=0.00000000 ask_drop=1.26570537 swarm=0
2026-07-16T10:53:41Z,162,SKIP,SKIPPED,,,,,0,impulse_resonance_wait,reason=wall_not_collapsed tension=0.20210806 bid_drop=0.00000000 ask_drop=1.31370236
2026-07-16T10:53:49Z,163,SKIP,SKIPPED,,,,,0,radar_block,reason=momentum_too_small conf=0.3422 mom_sig=0.00000000 raw_mom_bps=0.00000000 spread_bps=0.35840000 tension=0.00000000 bid_drop=0.00000000 ask_drop=0.00000000 swarm=0
2026-07-16T10:54:03Z,164,SKIP,SKIPPED,,,,,0,radar_block,reason=momentum_too_small conf=0.3418 mom_sig=0.00000000 raw_mom_bps=0.00000000 spread_bps=0.37400000 tension=0.00000000 bid_drop=0.00000000 ask_drop=0.00000000 swarm=0
2026-07-16T10:54:11Z,165,SKIP,SKIPPED,,,,,0,radar_block,reason=momentum_too_small conf=0.0 mom_sig=0.00000340 raw_mom_bps=0.00000000 spread_bps=0.37400000 tension=0.00000340 bid_drop=0.00000000 ask_drop=0.00002211 swarm=0
2026-07-16T10:54:19Z,166,SKIP,SKIPPED,,,,,0,radar_block,reason=momentum_too_small conf=0.3418 mom_sig=0.00000000 raw_mom_bps=0.00000000 spread_bps=0.37400000 tension=0.00000000 bid_drop=0.00000000 ask_drop=0.00000000 swarm=0
2026-07-16T10:54:27Z,167,SKIP,SKIPPED,,,,,0,radar_block,reason=momentum_too_small conf=0.3418 mom_sig=0.00000000 raw_mom_bps=0.00000000 spread_bps=0.37400000 tension=0.00000000 bid_drop=0.00000000 ask_drop=0.00000000 swarm=0
2026-07-16T10:54:35Z,168,SKIP,SKIPPED,,,,,0,radar_block,reason=momentum_too_small conf=0.0011 mom_sig=0.00066259 raw_mom_bps=0.00000000 spread_bps=0.37400000 tension=0.00066259 bid_drop=0.00009648 ask_drop=0.00430685 swarm=0
2026-07-16T10:54:43Z,169,SKIP,SKIPPED,,,,,0,radar_block,reason=momentum_too_small conf=0.0 mom_sig=0.00000628 raw_mom_bps=0.00000000 spread_bps=0.37400000 tension=0.00000628 bid_drop=0.00000000 ask_drop=0.00004085 swarm=0
2026-07-16T10:54:52Z,170,SKIP,SKIPPED,,,,,0,impulse_resonance_wait,reason=wall_not_collapsed tension=0.42736317 bid_drop=0.00000000 ask_drop=2.77786062
2026-07-16T10:55:00Z,171,SKIP,SKIPPED,,,,,0,radar_block,reason=momentum_too_small conf=0.0 mom_sig=0.00001276 raw_mom_bps=0.00000000 spread_bps=0.38960000 tension=0.00001276 bid_drop=0.00008296 ask_drop=0.00000000 swarm=0
2026-07-16T10:55:08Z,172,SKIP,SKIPPED,,,,,0,radar_block,reason=momentum_too_small conf=0.0 mom_sig=0.00000345 raw_mom_bps=-0.01558489 spread_bps=0.51430000 tension=0.00000345 bid_drop=0.00002242 ask_drop=0.00000000 swarm=0
2026-07-16T10:55:18Z,173,SKIP,SKIPPED,,,,,0,impulse_resonance_wait,reason=wall_not_collapsed tension=0.30478581 bid_drop=1.98110776 ask_drop=0.00000000
2026-07-16T10:55:26Z,174,SKIP,SKIPPED,,,,,0,impulse_resonance_wait,reason=wall_not_collapsed tension=0.66493579 bid_drop=4.32208262 ask_drop=0.00000000
2026-07-16T10:55:34Z,175,SKIP,SKIPPED,,,,,0,radar_block,reason=momentum_too_small conf=0.3408 mom_sig=0.00000000 raw_mom_bps=0.00000000 spread_bps=0.42080000 tension=0.00000000 bid_drop=0.00000000 ask_drop=0.00000000 swarm=0
2026-07-16T10:55:42Z,176,SKIP,SKIPPED,,,,,0,radar_block,reason=momentum_too_small conf=0.0 mom_sig=0.00000224 raw_mom_bps=0.42079868 spread_bps=0.42080000 tension=0.00000224 bid_drop=0.00001454 ask_drop=0.00000000 swarm=0
2026-07-16T10:55:52Z,177,SKIP,SKIPPED,,,,,0,radar_block,reason=momentum_too_small conf=0.3408 mom_sig=0.00000000 raw_mom_bps=-0.01558448 spread_bps=0.42080000 tension=0.00000000 bid_drop=0.00000000 ask_drop=0.00000000 swarm=0
2026-07-16T10:56:00Z,178,SKIP,SKIPPED,,,,,0,radar_block,reason=momentum_too_small conf=0.3445 mom_sig=0.00000000 raw_mom_bps=0.00000000 spread_bps=0.24940000 tension=0.00000000 bid_drop=0.00000000 ask_drop=0.00000000 swarm=0
2026-07-16T10:56:13Z,179,SKIP,SKIPPED,,,,,0,radar_block,reason=momentum_too_small conf=0.0062 mom_sig=0.00377581 raw_mom_bps=-0.24935169 spread_bps=0.26490000 tension=0.00377581 bid_drop=0.02454276 ask_drop=0.00606461 swarm=0
2026-07-16T10:56:28Z,180,SKIP,SKIPPED,,,,,0,radar_block,reason=momentum_too_small conf=0.3473 mom_sig=0.00000000 raw_mom_bps=0.00000000 spread_bps=0.12470000 tension=0.00000000 bid_drop=0.00000000 ask_drop=0.00000000 swarm=0
2026-07-16T10:56:49Z,181,SELL,FILLED,64171.30000000,64171.30000000,0.00770000,-0.00000000,-0.00000000,shock_inversion_stop,radar=long conf=0.9922 size_note=strong_conf_full soft=1 pct=-0.00000000 tension=5.37655845 bid_drop=0.00000000 ask_drop=34.94762991
2026-07-16T10:57:11Z,182,SELL,FILLED,64171.30000000,64170.50000000,0.00770000,0.12466632,0.00616000,shock_inversion_stop,radar=long conf=0.9922 size_note=strong_conf_full soft=1 pct=0.00124666 tension=1.36596573 bid_drop=8.87877722 ask_drop=0.00000000
2026-07-16T10:57:19Z,183,SKIP,SKIPPED,,,,,0,radar_block,reason=momentum_too_small conf=0.3449 mom_sig=0.00000000 raw_mom_bps=0.00000000 spread_bps=0.23370000 tension=0.00000000 bid_drop=0.00000000 ask_drop=0.00000000 swarm=0
2026-07-16T10:57:33Z,184,SKIP,SKIPPED,,,,,0,impulse_resonance_wait,reason=wall_not_collapsed tension=0.59131858 bid_drop=0.00000000 ask_drop=3.84357075
2026-07-16T10:57:46Z,185,SKIP,SKIPPED,,,,,0,radar_block,reason=momentum_too_small conf=0.3347 mom_sig=0.00000000 raw_mom_bps=0.00000000 spread_bps=0.70120000 tension=0.00000000 bid_drop=0.00000000 ask_drop=0.00000000 swarm=0
2026-07-16T10:57:55Z,186,SKIP,SKIPPED,,,,,0,radar_block,reason=direction_unclear conf=0.1431 mom_sig=0.08985951 raw_mom_bps=0.00000000 spread_bps=0.71680000 tension=0.08985951 bid_drop=0.00442311 ask_drop=0.58408683 swarm=0
2026-07-16T10:58:02Z,187,SKIP,SKIPPED,,,,,0,radar_block,reason=momentum_too_small conf=0.0 mom_sig=0.00001016 raw_mom_bps=0.00000000 spread_bps=0.24930000 tension=0.00001016 bid_drop=0.00000000 ask_drop=0.00006602 swarm=0
2026-07-16T10:58:10Z,188,SKIP,SKIPPED,,,,,0,radar_block,reason=momentum_too_small conf=0.3493 mom_sig=0.00000000 raw_mom_bps=0.00000000 spread_bps=0.03120000 tension=0.00000000 bid_drop=0.00000000 ask_drop=0.00000000 swarm=0
2026-07-16T10:58:18Z,189,SKIP,SKIPPED,,,,,0,radar_block,reason=momentum_too_small conf=0.349 mom_sig=0.00000000 raw_mom_bps=0.01558237 spread_bps=0.04670000 tension=0.00000000 bid_drop=0.00000000 ask_drop=0.00000000 swarm=0
2026-07-16T10:58:25Z,190,SKIP,SKIPPED,,,,,0,radar_block,reason=momentum_too_small conf=0.3486 mom_sig=0.00000000 raw_mom_bps=0.00000000 spread_bps=0.06230000 tension=0.00000000 bid_drop=0.00000000 ask_drop=0.00000000 swarm=0
2026-07-16T10:58:33Z,191,SKIP,SKIPPED,,,,,0,radar_block,reason=direction_unclear conf=0.2347 mom_sig=0.14389519 raw_mom_bps=0.00000000 spread_bps=0.34280000 tension=0.14389519 bid_drop=0.00000000 ask_drop=0.93531872 swarm=0
2026-07-16T10:58:41Z,192,SKIP,SKIPPED,,,,,0,radar_block,reason=momentum_too_small conf=0.3425 mom_sig=0.00000000 raw_mom_bps=0.00000000 spread_bps=0.34280000 tension=0.00000000 bid_drop=0.00000000 ask_drop=0.00000000 swarm=0
2026-07-16T10:58:49Z,193,SKIP,SKIPPED,,,,,0,impulse_resonance_wait,reason=wall_not_collapsed tension=0.24282288 bid_drop=0.00000000 ask_drop=1.57834875
2026-07-16T10:58:58Z,194,SKIP,SKIPPED,,,,,0,radar_block,reason=momentum_too_small conf=0.0001 mom_sig=0.00007311 raw_mom_bps=0.00000000 spread_bps=0.34280000 tension=0.00007311 bid_drop=0.00047520 ask_drop=0.00038064 swarm=0
2026-07-16T10:59:07Z,195,SKIP,SKIPPED,,,,,0,radar_block,reason=momentum_too_small conf=0.3425 mom_sig=0.00000000 raw_mom_bps=0.00000000 spread_bps=0.34280000 tension=0.00000000 bid_drop=0.00000000 ask_drop=0.00000000 swarm=0
2026-07-16T10:59:16Z,196,SKIP,SKIPPED,,,,,0,impulse_resonance_wait,reason=wall_not_collapsed tension=0.24054167 bid_drop=0.00000000 ask_drop=1.56352086
2026-07-16T10:59:24Z,197,SKIP,SKIPPED,,,,,0,radar_block,reason=momentum_too_small conf=0.3425 mom_sig=0.00000000 raw_mom_bps=0.00000000 spread_bps=0.34280000 tension=0.00000000 bid_drop=0.00000000 ask_drop=0.00000000 swarm=0
2026-07-16T10:59:32Z,198,SKIP,SKIPPED,,,,,0,radar_block,reason=momentum_too_small conf=0.0 mom_sig=0.00000313 raw_mom_bps=0.34283720 spread_bps=0.34280000 tension=0.00000313 bid_drop=0.00002037 ask_drop=0.00000000 swarm=0
2026-07-16T10:59:50Z,199,SELL,FILLED,64172.60000000,64172.60000000,0.01550000,-0.00000000,-0.00000000,shock_inversion_stop,radar=long conf=0.9981 size_note=strong_conf_full soft=0 pct=-0.00000000 tension=2.54584765 bid_drop=0.09647513 ask_drop=16.54800973
2026-07-16T10:59:59Z,200,SKIP,SKIPPED,,,,,0,radar_block,reason=momentum_too_small conf=0.3493 mom_sig=0.00000000 raw_mom_bps=0.00000000 spread_bps=0.03120000 tension=0.00000000 bid_drop=0.00000000 ask_drop=0.00000000 swarm=0
2026-07-16T11:00:07Z,201,SKIP,SKIPPED,,,,,0,radar_block,reason=momentum_too_small conf=0.0002 mom_sig=0.00015228 raw_mom_bps=0.00000000 spread_bps=0.34280000 tension=0.00015228 bid_drop=0.00098983 ask_drop=0.00000000 swarm=0
2026-07-16T11:00:25Z,202,SELL,FILLED,64170.40000000,64172.60000000,0.01550000,-0.34283720,-0.03410000,shock_inversion_stop,radar=long conf=0.9786 size_note=strong_conf_full soft=0 pct=-0.00342837 tension=3.45316724 bid_drop=0.00010411 ask_drop=22.44558708
2026-07-16T11:00:35Z,203,SKIP,SKIPPED,,,,,0,radar_block,reason=momentum_too_small conf=0.3169 mom_sig=0.00000000 raw_mom_bps=0.00000000 spread_bps=1.51140000 tension=0.00000000 bid_drop=0.00000000 ask_drop=0.00000000 swarm=0
2026-07-16T11:00:44Z,204,SKIP,SKIPPED,,,,,0,radar_block,reason=momentum_too_small conf=0.0 mom_sig=0.00000598 raw_mom_bps=-1.49579308 spread_bps=1.51140000 tension=0.00000598 bid_drop=0.00003884 ask_drop=0.00000000 swarm=0
2026-07-16T11:01:10Z,205,SELL,FILLED,64170.40000000,64170.40000000,0.00770000,-0.00000000,-0.00000000,shock_inversion_stop,radar=long conf=0.9055 size_note=strong_conf_full soft=1 pct=-0.00000000 tension=1.03052534 bid_drop=6.69841469 ask_drop=0.00000000
2026-07-16T11:01:18Z,206,SKIP,SKIPPED,,,,,0,radar_block,reason=momentum_too_small conf=0.3169 mom_sig=0.00000000 raw_mom_bps=0.00000000 spread_bps=1.51140000 tension=0.00000000 bid_drop=0.00000000 ask_drop=0.00000000 swarm=0
2026-07-16T11:01:26Z,207,SKIP,SKIPPED,,,,,0,radar_block,reason=direction_unclear conf=0.0211 mom_sig=0.01395800 raw_mom_bps=0.00000000 spread_bps=1.51140000 tension=0.01395800 bid_drop=0.00015703 ask_drop=0.09072698 swarm=0
2026-07-16T11:01:34Z,208,SKIP,SKIPPED,,,,,0,radar_block,reason=momentum_too_small conf=0.0 mom_sig=0.00002465 raw_mom_bps=0.00000000 spread_bps=1.51140000 tension=0.00002465 bid_drop=0.00016025 ask_drop=0.00000000 swarm=0
2026-07-16T11:02:52Z,1,SELL,FILLED,64175.20000000,64180.10000000,0.01550000,-0.76353482,-0.07595000,fluid_exit_inversion,radar=long conf=0.9533 size_note=strong_conf_full soft=0 pct=-0.00763535 tension=1.41779975 bid_drop=0.00000309 ask_drop=9.21569836
2026-07-16T11:03:00Z,2,SKIP,SKIPPED,,,,,0,radar_block,reason=momentum_too_small conf=0.0 mom_sig=0.00002850 raw_mom_bps=0.00000000 spread_bps=1.49580000 tension=0.00002850 bid_drop=0.00018524 ask_drop=0.00000000 swarm=0
2026-07-16T11:03:09Z,3,SKIP,SKIPPED,,,,,0,impulse_resonance_wait,reason=wall_not_collapsed tension=0.33103560 bid_drop=2.15173137 ask_drop=0.00005863
2026-07-16T11:03:17Z,4,SKIP,SKIPPED,,,,,0,radar_block,reason=momentum_too_small conf=0.3108 mom_sig=0.00000000 raw_mom_bps=0.00000000 spread_bps=1.79200000 tension=0.00000000 bid_drop=0.00000000 ask_drop=0.00000000 swarm=0
2026-07-16T11:03:24Z,5,SKIP,SKIPPED,,,,,0,radar_block,reason=momentum_too_small conf=0.0 mom_sig=0.00001803 raw_mom_bps=0.00000000 spread_bps=1.79200000 tension=0.00001803 bid_drop=0.00011718 ask_drop=0.00000000 swarm=0
2026-07-16T11:03:32Z,6,SKIP,SKIPPED,,,,,0,radar_block,reason=momentum_too_small conf=0.0 mom_sig=0.00000207 raw_mom_bps=0.00000000 spread_bps=1.80760000 tension=0.00000207 bid_drop=0.00001344 ask_drop=0.00000000 swarm=0
2026-07-16T11:03:41Z,7,SKIP,SKIPPED,,,,,0,radar_block,reason=momentum_too_small conf=0.0 mom_sig=0.00000449 raw_mom_bps=0.00000000 spread_bps=0.76350000 tension=0.00000449 bid_drop=0.00002921 ask_drop=0.00000000 swarm=0
2026-07-16T11:03:49Z,8,SKIP,SKIPPED,,,,,0,radar_block,reason=momentum_too_small conf=0.0 mom_sig=0.00002310 raw_mom_bps=0.00000000 spread_bps=2.30600000 tension=0.00002310 bid_drop=0.00015018 ask_drop=0.00013908 swarm=0
2026-07-16T11:03:57Z,9,SKIP,SKIPPED,,,,,0,radar_block,reason=momentum_too_small conf=0.3497 mom_sig=0.00000000 raw_mom_bps=0.00000000 spread_bps=0.01560000 tension=0.00000000 bid_drop=0.00000000 ask_drop=0.00000000 swarm=0
2026-07-16T11:04:05Z,10,SKIP,SKIPPED,,,,,0,radar_block,reason=direction_unclear conf=0.0336 mom_sig=0.02403778 raw_mom_bps=0.00000000 spread_bps=2.57090000 tension=0.02403778 bid_drop=0.15624554 ask_drop=0.00000000 swarm=0
2026-07-16T11:04:13Z,11,SKIP,SKIPPED,,,,,0,radar_block,reason=momentum_too_small conf=0.0 mom_sig=0.00000856 raw_mom_bps=0.00000000 spread_bps=2.57090000 tension=0.00000856 bid_drop=0.00005566 ask_drop=0.00000000 swarm=0
2026-07-16T11:04:21Z,12,SKIP,SKIPPED,,,,,0,radar_block,reason=momentum_too_small conf=0.2934 mom_sig=0.00000000 raw_mom_bps=0.00000000 spread_bps=2.58650000 tension=0.00000000 bid_drop=0.00000000 ask_drop=0.00000000 swarm=0
2026-07-16T11:04:29Z,13,SKIP,SKIPPED,,,,,0,radar_block,reason=momentum_too_small conf=0.2934 mom_sig=0.00000000 raw_mom_bps=0.00000000 spread_bps=2.58650000 tension=0.00000000 bid_drop=0.00000000 ask_drop=0.00000000 swarm=0
2026-07-16T11:04:37Z,14,SKIP,SKIPPED,,,,,0,radar_block,reason=momentum_too_small conf=0.0 mom_sig=0.00000030 raw_mom_bps=0.00000000 spread_bps=2.58650000 tension=0.00000030 bid_drop=0.00000195 ask_drop=0.00000000 swarm=0
2026-07-16T11:04:45Z,15,SKIP,SKIPPED,,,,,0,radar_block,reason=direction_unclear conf=0.3037 mom_sig=0.18242320 raw_mom_bps=0.00000000 spread_bps=0.01560000 tension=0.18242320 bid_drop=1.18575079 ask_drop=0.00000000 swarm=0
2026-07-16T11:05:05Z,16,SELL,FILLED,64163.40000000,64155.10000000,0.00770000,1.29357235,0.06391000,shock_inversion_stop,radar=long conf=0.999 size_note=strong_conf_full soft=1 pct=0.01293572 tension=2.42915061 bid_drop=15.78947896 ask_drop=0.00000000
2026-07-16T11:05:13Z,17,SKIP,SKIPPED,,,,,0,radar_block,reason=direction_unclear conf=0.2623 mom_sig=0.16856328 raw_mom_bps=-0.01558723 spread_bps=1.05980000 tension=0.16856328 bid_drop=1.09566132 ask_drop=0.00163165 swarm=0
2026-07-16T11:05:22Z,18,SKIP,SKIPPED,,,,,0,radar_block,reason=momentum_too_small conf=0.319 mom_sig=0.00000000 raw_mom_bps=0.00000000 spread_bps=1.41830000 tension=0.00000000 bid_drop=0.00000000 ask_drop=0.00000000 swarm=0
2026-07-16T11:05:30Z,19,SKIP,SKIPPED,,,,,0,radar_block,reason=momentum_too_small conf=0.304 mom_sig=0.00000000 raw_mom_bps=0.00000000 spread_bps=2.10410000 tension=0.00000000 bid_drop=0.00000000 ask_drop=0.00000000 swarm=0
2026-07-16T11:05:38Z,20,SKIP,SKIPPED,,,,,0,radar_block,reason=direction_unclear conf=0.1959 mom_sig=0.13827502 raw_mom_bps=0.00000000 spread_bps=2.39950000 tension=0.13827502 bid_drop=0.89878766 ask_drop=0.00172712 swarm=0
2026-07-16T11:05:56Z,21,SELL,FILLED,64143.90000000,64130.10000000,0.01260000,2.15141268,0.17388000,shock_inversion_stop,radar=short conf=0.625 size_note=strong_conf_full+aspiration_1.618x soft=1 pct=0.02151413 tension=10.69298308 bid_drop=69.50439004 ask_drop=0.00000000
2026-07-16T11:06:05Z,22,SKIP,SKIPPED,,,,,0,radar_block,reason=momentum_too_small conf=0.0043 mom_sig=0.00262142 raw_mom_bps=0.00000000 spread_bps=0.21830000 tension=0.00262142 bid_drop=0.01703921 ask_drop=0.00000000 swarm=0
2026-07-16T11:06:13Z,23,SKIP,SKIPPED,,,,,0,radar_block,reason=momentum_too_small conf=0.0 mom_sig=0.00000451 raw_mom_bps=0.00000000 spread_bps=0.20270000 tension=0.00000451 bid_drop=0.00002929 ask_drop=0.00000000 swarm=0
2026-07-16T11:06:21Z,24,SKIP,SKIPPED,,,,,0,radar_block,reason=momentum_too_small conf=0.0 mom_sig=0.00000580 raw_mom_bps=0.00000000 spread_bps=0.21830000 tension=0.00000580 bid_drop=0.00003767 ask_drop=0.00000000 swarm=0
2026-07-16T11:06:29Z,25,SKIP,SKIPPED,,,,,0,impulse_resonance_wait,reason=wall_not_collapsed tension=0.57947830 bid_drop=3.76660894 ask_drop=0.00000000
2026-07-16T11:06:46Z,26,SELL,FILLED,64118.10000000,64118.10000000,0.00770000,-0.00000000,-0.00000000,shock_inversion_stop,radar=short conf=0.9864 size_note=strong_conf_full soft=1 pct=-0.00000000 tension=2.12497139 bid_drop=13.81231406 ask_drop=0.00000000
2026-07-16T11:06:55Z,27,SKIP,SKIPPED,,,,,0,radar_block,reason=momentum_too_small conf=0.0003 mom_sig=0.00020448 raw_mom_bps=0.00000000 spread_bps=0.23390000 tension=0.00020448 bid_drop=0.00132915 ask_drop=0.00000000 swarm=0
2026-07-16T11:07:02Z,28,SKIP,SKIPPED,,,,,0,radar_block,reason=momentum_too_small conf=0.0002 mom_sig=0.00010820 raw_mom_bps=0.00000000 spread_bps=0.23390000 tension=0.00010820 bid_drop=0.00070329 ask_drop=0.00000000 swarm=0
2026-07-16T11:07:19Z,29,SELL,FILLED,64118.10000000,64116.90000000,0.00770000,0.18715464,0.00924000,shock_inversion_stop,radar=short conf=0.9747 size_note=strong_conf_full soft=1 pct=0.00187155 tension=1.00213914 bid_drop=6.51390441 ask_drop=0.02889060
2026-07-16T11:07:28Z,30,SKIP,SKIPPED,,,,,0,impulse_resonance_wait,reason=wall_not_collapsed tension=0.94034793 bid_drop=6.11226156 ask_drop=0.00065495
2026-07-16T11:07:36Z,31,SKIP,SKIPPED,,,,,0,radar_block,reason=momentum_too_small conf=0.3411 mom_sig=0.00000000 raw_mom_bps=0.00000000 spread_bps=0.40550000 tension=0.00000000 bid_drop=0.00000000 ask_drop=0.00000000 swarm=0
2026-07-16T11:07:43Z,32,SKIP,SKIPPED,,,,,0,radar_block,reason=momentum_too_small conf=0.0024 mom_sig=0.00147204 raw_mom_bps=0.00000000 spread_bps=0.42110000 tension=0.00147204 bid_drop=0.00956823 ask_drop=0.00000000 swarm=0
2026-07-16T11:07:52Z,33,SKIP,SKIPPED,,,,,0,radar_block,reason=momentum_too_small conf=0.0001 mom_sig=0.00008100 raw_mom_bps=0.00000000 spread_bps=0.42110000 tension=0.00008100 bid_drop=0.00052652 ask_drop=0.00000000 swarm=0
2026-07-16T11:08:00Z,34,SKIP,SKIPPED,,,,,0,radar_block,reason=momentum_too_small conf=0.0001 mom_sig=0.00004219 raw_mom_bps=0.00000000 spread_bps=0.40550000 tension=0.00004219 bid_drop=0.00027424 ask_drop=0.00000000 swarm=0
2026-07-16T11:08:21Z,35,SELL,FILLED,64117.00000000,64116.80000000,0.00770000,0.03119298,0.00154000,shock_inversion_stop,radar=short conf=0.9747 size_note=strong_conf_full soft=1 pct=0.00031193 tension=1.44669297 bid_drop=9.40350432 ask_drop=0.00000000
2026-07-16T11:08:30Z,36,SKIP,SKIPPED,,,,,0,impulse_resonance_wait,reason=wall_not_collapsed tension=0.96049757 bid_drop=6.24323422 ask_drop=0.00000000
2026-07-16T11:08:37Z,37,SKIP,SKIPPED,,,,,0,radar_block,reason=momentum_too_small conf=0.3411 mom_sig=0.00000000 raw_mom_bps=0.01559654 spread_bps=0.40550000 tension=0.00000000 bid_drop=0.00000000 ask_drop=0.00000000 swarm=0
2026-07-16T11:08:45Z,38,SKIP,SKIPPED,,,,,0,impulse_resonance_wait,reason=wall_not_collapsed tension=0.28527189 bid_drop=1.85426726 ask_drop=0.00000000
2026-07-16T11:08:54Z,39,SKIP,SKIPPED,,,,,0,impulse_resonance_wait,reason=wall_not_collapsed tension=0.99393328 bid_drop=0.00065349 ask_drop=6.46056629
2026-07-16T11:09:02Z,40,SKIP,SKIPPED,,,,,0,radar_block,reason=momentum_too_small conf=0.0 mom_sig=0.00000906 raw_mom_bps=0.00000000 spread_bps=0.42110000 tension=0.00000906 bid_drop=0.00000000 ask_drop=0.00005891 swarm=0
2026-07-16T11:09:10Z,41,SKIP,SKIPPED,,,,,0,radar_block,reason=momentum_too_small conf=0.3411 mom_sig=0.00000000 raw_mom_bps=0.00000000 spread_bps=0.40550000 tension=0.00000000 bid_drop=0.00000000 ask_drop=0.00000000 swarm=0
2026-07-16T11:09:18Z,42,SKIP,SKIPPED,,,,,0,radar_block,reason=momentum_too_small conf=0.3408 mom_sig=0.00000000 raw_mom_bps=0.00000000 spread_bps=0.42110000 tension=0.00000000 bid_drop=0.00000000 ask_drop=0.00000000 swarm=0
2026-07-16T11:09:26Z,43,SKIP,SKIPPED,,,,,0,radar_block,reason=momentum_too_small conf=0.3497 mom_sig=0.00000000 raw_mom_bps=0.00000000 spread_bps=0.01560000 tension=0.00000000 bid_drop=0.00000000 ask_drop=0.00000000 swarm=0
2026-07-16T11:09:47Z,44,SELL,FILLED,64116.80000000,64116.80000000,0.01550000,-0.00000000,-0.00000000,shock_inversion_stop,radar=long conf=0.9737 size_note=strong_conf_full soft=0 pct=-0.00000000 tension=1.34034566 bid_drop=8.71224681 ask_drop=0.00000000
2026-07-16T11:09:55Z,45,SKIP,SKIPPED,,,,,0,radar_block,reason=momentum_too_small conf=0.3398 mom_sig=0.00000000 raw_mom_bps=0.00000000 spread_bps=0.46790000 tension=0.00000000 bid_drop=0.00000000 ask_drop=0.00000000 swarm=0
2026-07-16T11:10:03Z,46,SKIP,SKIPPED,,,,,0,impulse_resonance_wait,reason=wall_not_collapsed tension=0.87879723 bid_drop=5.71218198 ask_drop=0.00007065
2026-07-16T11:10:21Z,47,SELL,FILLED,64116.50000000,64116.30000000,0.02520000,0.03119322,0.00504000,shock_inversion_stop,radar=long conf=0.9737 size_note=strong_conf_full+aspiration_1.618x soft=0 pct=0.00031193 tension=1.13537020 bid_drop=7.37990631 ask_drop=0.00000000
2026-07-16T11:10:29Z,48,SKIP,SKIPPED,,,,,0,radar_block,reason=momentum_too_small conf=0.3306 mom_sig=0.00000000 raw_mom_bps=0.00000000 spread_bps=0.88900000 tension=0.00000000 bid_drop=0.00000000 ask_drop=0.00000000 swarm=0
2026-07-16T11:10:37Z,49,SKIP,SKIPPED,,,,,0,radar_block,reason=momentum_too_small conf=0.0 mom_sig=0.00001263 raw_mom_bps=0.01559719 spread_bps=0.43670000 tension=0.00001263 bid_drop=0.00008208 ask_drop=0.00000000 swarm=0
2026-07-16T11:10:45Z,50,SKIP,SKIPPED,,,,,0,radar_block,reason=momentum_too_small conf=0.3203 mom_sig=0.00000000 raw_mom_bps=0.00000000 spread_bps=1.35680000 tension=0.00000000 bid_drop=0.00000000 ask_drop=0.00000000 swarm=0
2026-07-16T11:10:53Z,51,SKIP,SKIPPED,,,,,0,impulse_resonance_wait,reason=wall_not_collapsed tension=0.79990645 bid_drop=5.19939195 ask_drop=0.00000000
2026-07-16T11:11:01Z,52,SKIP,SKIPPED,,,,,0,radar_block,reason=momentum_too_small conf=0.3241 mom_sig=0.00000000 raw_mom_bps=0.00000000 spread_bps=1.18530000 tension=0.00000000 bid_drop=0.00000000 ask_drop=0.00000000 swarm=0
2026-07-16T11:11:17Z,53,SELL,FILLED,64109.70000000,64115.20000000,0.01550000,-0.85790450,-0.08525000,fluid_exit_inversion,radar=short conf=0.8772 size_note=strong_conf_full soft=0 pct=-0.00857904 tension=2.08111270 bid_drop=13.52723252 ask_drop=2.74996912
2026-07-16T11:11:31Z,54,SKIP,SKIPPED,,,,,0,radar_block,reason=momentum_too_small conf=0.3186 mom_sig=0.00000000 raw_mom_bps=0.00000000 spread_bps=1.43490000 tension=0.00000000 bid_drop=0.00000000 ask_drop=0.00000000 swarm=0
2026-07-16T11:11:38Z,55,SKIP,SKIPPED,,,,,0,radar_block,reason=momentum_too_small conf=0.0 mom_sig=0.00000803 raw_mom_bps=0.00000000 spread_bps=1.43490000 tension=0.00000803 bid_drop=0.00000000 ask_drop=0.00005217 swarm=0
2026-07-16T11:11:55Z,56,SELL,FILLED,64115.10000000,64115.10000000,0.00770000,-0.00000000,-0.00000000,shock_inversion_stop,radar=long conf=0.9103 size_note=strong_conf_full soft=1 pct=-0.00000000 tension=2.00516812 bid_drop=0.00000000 ask_drop=13.03359275
2026-07-16T11:12:15Z,57,SELL,FILLED,64115.10000000,64110.60000000,0.00770000,0.70186274,0.03465000,shock_inversion_stop,radar=short conf=0.8392 size_note=strong_conf_full soft=1 pct=0.00701863 tension=1.16046586 bid_drop=0.10135264 ask_drop=7.54302809
2026-07-16T11:12:34Z,58,SELL,FILLED,64125.10000000,64125.20000000,0.00770000,-0.01559452,-0.00077000,fluid_exit_brake,radar=long conf=0.9834 size_note=strong_conf_full soft=1 pct=-0.00015595 tension=1.77359246 bid_drop=0.00000000 ask_drop=11.52835096
2026-07-16T11:12:42Z,59,SKIP,SKIPPED,,,,,0,radar_block,reason=momentum_too_small conf=0.0001 mom_sig=0.00004578 raw_mom_bps=0.00000000 spread_bps=0.01560000 tension=0.00004578 bid_drop=0.00000000 ask_drop=0.00029757 swarm=0
2026-07-16T11:12:51Z,60,SKIP,SKIPPED,,,,,0,radar_block,reason=momentum_too_small conf=0.3289 mom_sig=0.00000000 raw_mom_bps=0.00000000 spread_bps=0.96680000 tension=0.00000000 bid_drop=0.00000000 ask_drop=0.00000000 swarm=0
2026-07-16T11:12:58Z,61,SKIP,SKIPPED,,,,,0,radar_block,reason=momentum_too_small conf=0.0006 mom_sig=0.00042418 raw_mom_bps=0.00000000 spread_bps=2.18260000 tension=0.00042418 bid_drop=0.00275718 ask_drop=0.00000000 swarm=0
2026-07-16T11:13:06Z,62,SKIP,SKIPPED,,,,,0,radar_block,reason=momentum_too_small conf=0.29 mom_sig=0.00000000 raw_mom_bps=0.00000000 spread_bps=2.74390000 tension=0.00000000 bid_drop=0.00000000 ask_drop=0.00000000 swarm=0
2026-07-16T11:13:14Z,63,SKIP,SKIPPED,,,,,0,radar_block,reason=momentum_too_small conf=0.0 mom_sig=0.00001212 raw_mom_bps=0.00000000 spread_bps=2.19810000 tension=0.00001212 bid_drop=0.00006892 ask_drop=0.00007876 swarm=0
2026-07-16T11:13:22Z,64,SKIP,SKIPPED,,,,,0,radar_block,reason=momentum_too_small conf=0.3104 mom_sig=0.00000000 raw_mom_bps=0.00000000 spread_bps=1.80840000 tension=0.00000000 bid_drop=0.00000000 ask_drop=0.00000000 swarm=0
2026-07-16T11:13:30Z,65,SKIP,SKIPPED,,,,,0,radar_block,reason=momentum_too_small conf=0.0005 mom_sig=0.00030571 raw_mom_bps=0.00000000 spread_bps=1.80840000 tension=0.00030571 bid_drop=0.00198714 ask_drop=0.00063148 swarm=0
2026-07-16T11:13:38Z,66,SKIP,SKIPPED,,,,,0,impulse_resonance_wait,reason=wall_not_collapsed tension=0.31160721 bid_drop=0.00000000 ask_drop=2.02544689
2026-07-16T11:13:54Z,67,SELL,FILLED,64145.60000000,64136.30000000,0.00770000,1.44982664,0.07161000,shock_inversion_stop,radar=long conf=0.9094 size_note=strong_conf_full soft=1 pct=0.01449827 tension=3.65688376 bid_drop=23.76974447 ask_drop=0.00000000
2026-07-16T11:14:02Z,68,SKIP,SKIPPED,,,,,0,impulse_resonance_wait,reason=wall_not_collapsed tension=0.99195498 bid_drop=6.44770736 ask_drop=0.03142732
2026-07-16T11:14:11Z,69,SKIP,SKIPPED,,,,,0,radar_block,reason=momentum_too_small conf=0.0001 mom_sig=0.00005234 raw_mom_bps=0.00000000 spread_bps=0.18710000 tension=0.00005234 bid_drop=0.00000000 ask_drop=0.00034023 swarm=0
2026-07-16T11:14:19Z,70,SKIP,SKIPPED,,,,,0,radar_block,reason=momentum_too_small conf=0.0044 mom_sig=0.00270120 raw_mom_bps=0.00000000 spread_bps=0.18710000 tension=0.00270120 bid_drop=0.01755779 ask_drop=0.00000000 swarm=0
2026-07-16T11:14:27Z,71,SKIP,SKIPPED,,,,,0,radar_block,reason=momentum_too_small conf=0.3493 mom_sig=0.00000000 raw_mom_bps=0.00000000 spread_bps=0.03120000 tension=0.00000000 bid_drop=0.00000000 ask_drop=0.00000000 swarm=0
2026-07-16T11:14:35Z,72,SKIP,SKIPPED,,,,,0,radar_block,reason=momentum_too_small conf=0.3497 mom_sig=0.00000000 raw_mom_bps=0.00000000 spread_bps=0.01560000 tension=0.00000000 bid_drop=0.00000000 ask_drop=0.00000000 swarm=0
2026-07-16T11:14:45Z,73,SKIP,SKIPPED,,,,,0,radar_block,reason=momentum_too_small conf=0.3483 mom_sig=0.00000000 raw_mom_bps=0.00000000 spread_bps=0.07790000 tension=0.00000000 bid_drop=0.00000000 ask_drop=0.00000000 swarm=0
2026-07-16T11:15:01Z,74,SELL,FILLED,64145.00000000,64145.00000000,0.00770000,-0.00000000,-0.00000000,shock_inversion_stop,radar=long conf=0.9951 size_note=strong_conf_full soft=1 pct=-0.00000000 tension=1.25532236 bid_drop=8.15959533 ask_drop=0.00000000
2026-07-16T11:15:10Z,75,SKIP,SKIPPED,,,,,0,radar_block,reason=momentum_too_small conf=0.0 mom_sig=0.00002565 raw_mom_bps=0.00000000 spread_bps=0.91980000 tension=0.00002565 bid_drop=0.00000000 ask_drop=0.00016671 swarm=0
2026-07-16T11:15:27Z,76,SELL,FILLED,64145.60000000,64145.70000000,0.00770000,-0.01558953,-0.00077000,shock_inversion_stop,radar=long conf=0.9415 size_note=strong_conf_full soft=1 pct=-0.00015590 tension=2.36726592 bid_drop=0.00000000 ask_drop=15.38722850
2026-07-16T11:15:44Z,77,SELL,FILLED,64151.60000000,64151.60000000,0.00770000,-0.00000000,-0.00000000,shock_inversion_stop,radar=long conf=0.8831 size_note=strong_conf_full soft=1 pct=-0.00000000 tension=4.95042330 bid_drop=0.00000000 ask_drop=32.17775144
2026-07-16T11:15:58Z,78,SKIP,SKIPPED,,,,,0,tactic_mismatch,mom=short structure=long
2026-07-16T11:16:16Z,79,SELL,FILLED,64139.40000000,64140.10000000,0.01550000,-0.10913729,-0.01085000,shock_inversion_stop,radar=long conf=0.9981 size_note=strong_conf_full soft=0 pct=-0.00109137 tension=4.52761279 bid_drop=29.42948316 ask_drop=0.00078687
2026-07-16T11:16:24Z,80,SKIP,SKIPPED,,,,,0,radar_block,reason=momentum_too_small conf=0.0 mom_sig=0.00000739 raw_mom_bps=0.00000000 spread_bps=1.13820000 tension=0.00000739 bid_drop=0.00000000 ask_drop=0.00004802 swarm=0
2026-07-16T11:16:41Z,81,SELL,FILLED,64130.60000000,64105.80000000,0.01550000,3.86710868,0.38440000,shock_inversion_stop,radar=long conf=0.6872 size_note=strong_conf_full soft=0 pct=0.03867109 tension=6.48296807 bid_drop=0.00000000 ask_drop=42.13929245
2026-07-16T11:16:49Z,82,SKIP,SKIPPED,,,,,0,impulse_resonance_wait,reason=wall_not_collapsed tension=0.95527525 bid_drop=0.00000000 ask_drop=6.20928913
2026-07-16T11:16:57Z,83,SKIP,SKIPPED,,,,,0,radar_block,reason=momentum_too_small conf=0.0 mom_sig=0.00000932 raw_mom_bps=0.00000000 spread_bps=0.01560000 tension=0.00000932 bid_drop=0.00006057 ask_drop=0.00000000 swarm=0
2026-07-16T11:17:05Z,84,SKIP,SKIPPED,,,,,0,radar_block,reason=momentum_too_small conf=0.3497 mom_sig=0.00000000 raw_mom_bps=0.00000000 spread_bps=0.01560000 tension=0.00000000 bid_drop=0.00000000 ask_drop=0.00000000 swarm=0
2026-07-16T11:17:13Z,85,SKIP,SKIPPED,,,,,0,radar_block,reason=momentum_too_small conf=0.0008 mom_sig=0.00049259 raw_mom_bps=0.01560459 spread_bps=0.01560000 tension=0.00049259 bid_drop=0.00026785 ask_drop=0.00320186 swarm=0
2026-07-16T11:17:21Z,86,SKIP,SKIPPED,,,,,0,impulse_resonance_wait,reason=wall_not_collapsed tension=0.75941347 bid_drop=4.11321266 ask_drop=4.93618757
2026-07-16T11:17:30Z,87,SKIP,SKIPPED,,,,,0,radar_block,reason=momentum_too_small conf=0.0002 mom_sig=0.00009186 raw_mom_bps=0.00000000 spread_bps=0.14040000 tension=0.00009186 bid_drop=0.00000000 ask_drop=0.00059712 swarm=0
2026-07-16T11:17:44Z,88,SKIP,SKIPPED,,,,,0,radar_block,reason=momentum_too_small conf=0.0005 mom_sig=0.00031408 raw_mom_bps=0.00000000 spread_bps=0.14040000 tension=0.00031408 bid_drop=0.00000000 ask_drop=0.00204154 swarm=0
2026-07-16T11:17:52Z,89,SKIP,SKIPPED,,,,,0,radar_block,reason=momentum_too_small conf=0.0001 mom_sig=0.00006074 raw_mom_bps=0.00000000 spread_bps=0.14040000 tension=0.00006074 bid_drop=0.00024223 ask_drop=0.00039484 swarm=0
2026-07-16T11:18:02Z,90,SKIP,SKIPPED,,,,,0,radar_block,reason=momentum_too_small conf=0.3323 mom_sig=0.00000000 raw_mom_bps=0.00000000 spread_bps=0.81140000 tension=0.00000000 bid_drop=0.00000000 ask_drop=0.00000000 swarm=0
2026-07-16T11:18:11Z,91,SKIP,SKIPPED,,,,,0,radar_block,reason=momentum_too_small conf=0.0001 mom_sig=0.00005555 raw_mom_bps=0.00000000 spread_bps=0.04680000 tension=0.00005555 bid_drop=0.00005265 ask_drop=0.00036105 swarm=0
2026-07-16T11:18:18Z,92,SKIP,SKIPPED,,,,,0,impulse_resonance_wait,reason=wall_not_collapsed tension=0.33505782 bid_drop=2.17787586 ask_drop=0.00000000
2026-07-16T11:18:27Z,93,SKIP,SKIPPED,,,,,0,radar_block,reason=momentum_too_small conf=0.3206 mom_sig=0.00000000 raw_mom_bps=0.00000000 spread_bps=1.34180000 tension=0.00000000 bid_drop=0.00000000 ask_drop=0.00000000 swarm=0
2026-07-16T11:18:36Z,94,SKIP,SKIPPED,,,,,0,radar_block,reason=momentum_too_small conf=0.3206 mom_sig=0.00000000 raw_mom_bps=0.00000000 spread_bps=1.34180000 tension=0.00000000 bid_drop=0.00000000 ask_drop=0.00000000 swarm=0
2026-07-16T11:19:00Z,95,SELL,FILLED,64092.30000000,64094.00000000,0.00780000,-0.26524247,-0.01326000,fluid_exit_inversion,radar=short conf=0.9152 size_note=strong_conf_full soft=1 pct=-0.00265242 tension=1.37516386 bid_drop=0.00000000 ask_drop=8.93856510
2026-07-16T11:19:08Z,96,SKIP,SKIPPED,,,,,0,impulse_resonance_wait,reason=wall_not_collapsed tension=0.73295620 bid_drop=0.00000000 ask_drop=4.76421533
2026-07-16T11:19:16Z,97,SKIP,SKIPPED,,,,,0,impulse_resonance_wait,reason=wall_not_collapsed tension=0.59944382 bid_drop=0.00000000 ask_drop=3.89638481
2026-07-16T11:19:26Z,98,SKIP,SKIPPED,,,,,0,radar_block,reason=momentum_too_small conf=0.0001 mom_sig=0.00006392 raw_mom_bps=0.00000000 spread_bps=1.49780000 tension=0.00006392 bid_drop=0.00041547 ask_drop=0.00000000 swarm=0
2026-07-16T11:19:34Z,99,SKIP,SKIPPED,,,,,0,radar_block,reason=momentum_too_small conf=0.0 mom_sig=0.00000747 raw_mom_bps=0.00000000 spread_bps=1.49780000 tension=0.00000747 bid_drop=0.00004858 ask_drop=0.00001497 swarm=0
2026-07-16T11:19:42Z,100,SKIP,SKIPPED,,,,,0,impulse_resonance_wait,reason=wall_not_collapsed tension=0.34975990 bid_drop=0.00005409 ask_drop=2.27343934
2026-07-16T11:19:50Z,101,SKIP,SKIPPED,,,,,0,radar_block,reason=momentum_too_small conf=0.3172 mom_sig=0.00000000 raw_mom_bps=0.00000000 spread_bps=1.49780000 tension=0.00000000 bid_drop=0.00000000 ask_drop=0.00000000 swarm=0
2026-07-16T11:19:58Z,102,SKIP,SKIPPED,,,,,0,radar_block,reason=momentum_too_small conf=0.0 mom_sig=0.00000345 raw_mom_bps=0.00000000 spread_bps=1.49780000 tension=0.00000345 bid_drop=0.00000000 ask_drop=0.00002240 swarm=0
2026-07-16T11:20:15Z,103,SELL,FILLED,64092.40000000,64092.40000000,0.00780000,-0.00000000,-0.00000000,shock_inversion_stop,radar=short conf=0.9064 size_note=strong_conf_full soft=1 pct=-0.00000000 tension=2.38287004 bid_drop=0.00010588 ask_drop=15.48865525
2026-07-16T11:20:29Z,104,SKIP,SKIPPED,,,,,0,radar_block,reason=direction_unclear conf=0.022 mom_sig=0.01458410 raw_mom_bps=-1.49783750 spread_bps=1.49780000 tension=0.01458410 bid_drop=0.09479665 ask_drop=0.00000000 swarm=0
2026-07-16T11:20:45Z,105,SELL,FILLED,64092.40000000,64092.40000000,0.00780000,-0.00000000,-0.00000000,shock_inversion_stop,radar=long conf=0.9064 size_note=strong_conf_full soft=1 pct=-0.00000000 tension=1.04236883 bid_drop=0.00000000 ask_drop=6.77539742
2026-07-16T11:20:54Z,106,SKIP,SKIPPED,,,,,0,impulse_resonance_wait,reason=wall_not_collapsed tension=0.32936155 bid_drop=2.14085008 ask_drop=0.00000000
2026-07-16T11:21:02Z,107,SKIP,SKIPPED,,,,,0,impulse_resonance_wait,reason=wall_not_collapsed tension=0.78362539 bid_drop=0.00000000 ask_drop=5.09356505
2026-07-16T11:21:09Z,108,SKIP,SKIPPED,,,,,0,radar_block,reason=direction_unclear conf=0.2477 mom_sig=0.19859642 raw_mom_bps=0.00000000 spread_bps=4.02440000 tension=0.19859642 bid_drop=0.03726054 ask_drop=1.29087670 swarm=0
2026-07-16T11:21:17Z,109,SKIP,SKIPPED,,,,,0,radar_block,reason=momentum_too_small conf=0.2623 mom_sig=0.00000000 raw_mom_bps=4.02604131 spread_bps=4.00880000 tension=0.00000000 bid_drop=0.00000000 ask_drop=0.00000000 swarm=0
2026-07-16T11:21:25Z,110,SKIP,SKIPPED,,,,,0,impulse_resonance_wait,reason=wall_not_collapsed tension=0.33993700 bid_drop=2.20959052 ask_drop=0.00002338
2026-07-16T11:21:32Z,111,SKIP,SKIPPED,,,,,0,radar_block,reason=momentum_too_small conf=0.0 mom_sig=0.00000899 raw_mom_bps=0.57714476 spread_bps=2.63600000 tension=0.00000899 bid_drop=0.00005842 ask_drop=0.00000000 swarm=0
2026-07-16T11:21:40Z,112,SKIP,SKIPPED,,,,,0,impulse_resonance_wait,reason=wall_not_collapsed tension=0.45137461 bid_drop=2.32673432 ask_drop=2.93393495
2026-07-16T11:21:49Z,113,SKIP,SKIPPED,,,,,0,impulse_resonance_wait,reason=wall_not_collapsed tension=0.36048041 bid_drop=2.34312268 ask_drop=0.00000000
2026-07-16T11:21:57Z,114,SKIP,SKIPPED,,,,,0,radar_block,reason=momentum_too_small conf=0.0 mom_sig=0.00002724 raw_mom_bps=0.00000000 spread_bps=1.65330000 tension=0.00002724 bid_drop=0.00000000 ask_drop=0.00017707 swarm=0
2026-07-16T11:22:04Z,115,SKIP,SKIPPED,,,,,0,impulse_resonance_wait,reason=wall_not_collapsed tension=0.98424623 bid_drop=0.00000000 ask_drop=6.39760050
2026-07-16T11:22:12Z,116,SKIP,SKIPPED,,,,,0,radar_block,reason=momentum_too_small conf=0.0 mom_sig=0.00001286 raw_mom_bps=0.00000000 spread_bps=3.49390000 tension=0.00001286 bid_drop=0.00000000 ask_drop=0.00008362 swarm=0
2026-07-16T11:22:28Z,117,SELL,FILLED,64112.40000000,64127.90000000,0.01550000,-2.41762904,-0.24025000,fluid_exit_inversion,radar=long conf=0.6511 size_note=strong_conf_full soft=0 pct=-0.02417629 tension=1.39857470 bid_drop=0.00000000 ask_drop=9.09073553
2026-07-16T11:22:37Z,118,SKIP,SKIPPED,,,,,0,radar_block,reason=direction_unclear conf=0.1156 mom_sig=0.07135405 raw_mom_bps=0.43662402 spread_bps=0.45220000 tension=0.07135405 bid_drop=0.00000000 ask_drop=0.46380133 swarm=0
2026-07-16T11:22:55Z,119,SELL,FILLED,64131.70000000,64143.00000000,0.00770000,-1.76199914,-0.08701000,shock_inversion_stop,radar=long conf=0.9961 size_note=strong_conf_full soft=1 pct=-0.01761999 tension=1.20469352 bid_drop=0.00000000 ask_drop=7.83050789
2026-07-16T11:23:03Z,120,SKIP,SKIPPED,,,,,0,radar_block,reason=momentum_too_small conf=0.0 mom_sig=0.00001032 raw_mom_bps=0.38975232 spread_bps=0.48330000 tension=0.00001032 bid_drop=0.00000000 ask_drop=0.00006710 swarm=0
2026-07-16T11:23:11Z,121,SKIP,SKIPPED,,,,,0,radar_block,reason=momentum_too_small conf=0.3207 mom_sig=0.00000000 raw_mom_bps=0.00000000 spread_bps=1.34050000 tension=0.00000000 bid_drop=0.00000000 ask_drop=0.00000000 swarm=0
2026-07-16T11:23:19Z,122,SKIP,SKIPPED,,,,,0,radar_block,reason=momentum_too_small conf=0.0 mom_sig=0.00001323 raw_mom_bps=0.00000000 spread_bps=1.76130000 tension=0.00001323 bid_drop=0.00000000 ask_drop=0.00008599 swarm=0
2026-07-16T11:23:28Z,123,SKIP,SKIPPED,,,,,0,radar_block,reason=momentum_too_small conf=0.0 mom_sig=0.00001416 raw_mom_bps=0.00000000 spread_bps=2.01060000 tension=0.00001416 bid_drop=0.00000000 ask_drop=0.00009206 swarm=0
2026-07-16T11:23:44Z,124,SELL,FILLED,64158.40000000,64163.10000000,0.00770000,-0.73256191,-0.03619000,shock_inversion_stop,radar=long conf=0.9016 size_note=strong_conf_full soft=1 pct=-0.00732562 tension=1.31355891 bid_drop=0.00000000 ask_drop=8.53813289
2026-07-16T11:24:00Z,125,SELL,FILLED,64164.90000000,64164.90000000,0.00770000,-0.00000000,-0.00000000,shock_inversion_stop,radar=long conf=0.9211 size_note=strong_conf_full soft=1 pct=-0.00000000 tension=2.09660946 bid_drop=13.62796151 ask_drop=0.00015862
2026-07-16T11:24:09Z,126,SKIP,SKIPPED,,,,,0,radar_block,reason=momentum_too_small conf=0.0 mom_sig=0.00001054 raw_mom_bps=0.00000000 spread_bps=3.14800000 tension=0.00001054 bid_drop=0.00000000 ask_drop=0.00006850 swarm=0
2026-07-16T11:24:30Z,127,SELL,FILLED,64164.90000000,64174.20000000,0.00770000,-1.44939055,-0.07161000,shock_inversion_stop,radar=long conf=0.74 size_note=strong_conf_full soft=1 pct=-0.01449391 tension=1.90798133 bid_drop=5.04073404 ask_drop=12.40187866
2026-07-16T11:24:50Z,128,SELL,FILLED,64178.90000000,64174.20000000,0.00770000,0.73232791,0.03619000,shock_inversion_stop,radar=long conf=0.9542 size_note=strong_conf_full soft=1 pct=0.00732328 tension=1.69903609 bid_drop=0.00000000 ask_drop=11.04373457
2026-07-16T11:24:58Z,129,SKIP,SKIPPED,,,,,0,impulse_resonance_wait,reason=wall_not_collapsed tension=0.89301014 bid_drop=5.80456593 ask_drop=0.00648906
2026-07-16T11:25:07Z,130,SKIP,SKIPPED,,,,,0,radar_block,reason=momentum_too_small conf=0.0 mom_sig=0.00000553 raw_mom_bps=0.00000000 spread_bps=0.18700000 tension=0.00000553 bid_drop=0.00000000 ask_drop=0.00003593 swarm=0
2026-07-16T11:25:15Z,131,SKIP,SKIPPED,,,,,0,radar_block,reason=momentum_too_small conf=0.0148 mom_sig=0.00896149 raw_mom_bps=0.00000000 spread_bps=0.18700000 tension=0.00896149 bid_drop=0.04336890 ask_drop=0.05824968 swarm=0
2026-07-16T11:25:23Z,132,SKIP,SKIPPED,,,,,0,radar_block,reason=momentum_too_small conf=0.0007 mom_sig=0.00041083 raw_mom_bps=0.18697734 spread_bps=0.18700000 tension=0.00041083 bid_drop=0.00023256 ask_drop=0.00267039 swarm=0
2026-07-16T11:25:31Z,133,SKIP,SKIPPED,,,,,0,radar_block,reason=momentum_too_small conf=0.0 mom_sig=0.00001307 raw_mom_bps=0.00000000 spread_bps=0.90370000 tension=0.00001307 bid_drop=0.00000000 ask_drop=0.00008498 swarm=0
2026-07-16T11:25:39Z,134,SKIP,SKIPPED,,,,,0,radar_block,reason=momentum_too_small conf=0.2249 mom_sig=0.00000000 raw_mom_bps=0.00000000 spread_bps=5.71830000 tension=0.00000000 bid_drop=0.00000000 ask_drop=0.00000000 swarm=0
2026-07-16T11:25:53Z,135,SKIP,SKIPPED,,,,,0,radar_block,reason=low_confidence conf=0.2943 mom_sig=0.27735140 raw_mom_bps=0.00000000 spread_bps=5.81170000 tension=0.27735140 bid_drop=0.00000000 ask_drop=1.80278409 swarm=0
2026-07-16T11:26:06Z,136,SKIP,SKIPPED,,,,,0,radar_block,reason=momentum_too_small conf=0.0 mom_sig=0.00002922 raw_mom_bps=0.00000000 spread_bps=5.82730000 tension=0.00002922 bid_drop=0.00000000 ask_drop=0.00018995 swarm=0
2026-07-16T11:26:14Z,137,SKIP,SKIPPED,,,,,0,radar_block,reason=momentum_too_small conf=0.0006 mom_sig=0.00055831 raw_mom_bps=0.00000000 spread_bps=5.82730000 tension=0.00055831 bid_drop=0.00000000 ask_drop=0.00362903 swarm=0
2026-07-16T11:26:23Z,138,SKIP,SKIPPED,,,,,0,radar_block,reason=momentum_too_small conf=0.0001 mom_sig=0.00004820 raw_mom_bps=0.00000000 spread_bps=5.82730000 tension=0.00004820 bid_drop=0.00000000 ask_drop=0.00031327 swarm=0
2026-07-16T11:26:35Z,139,SKIP,SKIPPED,,,,,0,radar_block,reason=momentum_too_small conf=0.0 mom_sig=0.00000718 raw_mom_bps=0.00000000 spread_bps=5.82730000 tension=0.00000718 bid_drop=0.00000000 ask_drop=0.00004666 swarm=0
2026-07-16T11:26:43Z,140,SKIP,SKIPPED,,,,,0,impulse_resonance_wait,reason=wall_not_collapsed tension=0.70261906 bid_drop=4.56702391 ask_drop=0.00019338
2026-07-16T11:26:52Z,141,SKIP,SKIPPED,,,,,0,radar_block,reason=momentum_too_small conf=0.0009 mom_sig=0.00051305 raw_mom_bps=0.00000000 spread_bps=0.01560000 tension=0.00051305 bid_drop=0.00000000 ask_drop=0.00333481 swarm=0
2026-07-16T11:26:59Z,142,SKIP,SKIPPED,,,,,0,radar_block,reason=momentum_too_small conf=0.3353 mom_sig=0.00000000 raw_mom_bps=0.00000000 spread_bps=0.67000000 tension=0.00000000 bid_drop=0.00000000 ask_drop=0.00000000 swarm=0
2026-07-16T11:27:08Z,143,SKIP,SKIPPED,,,,,0,radar_block,reason=momentum_too_small conf=0.0001 mom_sig=0.00004312 raw_mom_bps=0.67002301 spread_bps=0.63880000 tension=0.00004312 bid_drop=0.00028029 ask_drop=0.00000000 swarm=0
2026-07-16T11:27:16Z,144,SKIP,SKIPPED,,,,,0,radar_block,reason=momentum_too_small conf=0.3152 mom_sig=0.00000000 raw_mom_bps=0.00000000 spread_bps=1.58910000 tension=0.00000000 bid_drop=0.00000000 ask_drop=0.00000000 swarm=0
2026-07-16T11:27:23Z,145,SKIP,SKIPPED,,,,,0,impulse_resonance_wait,reason=wall_not_collapsed tension=0.58742800 bid_drop=3.81828200 ask_drop=0.00024133
2026-07-16T11:27:32Z,146,SKIP,SKIPPED,,,,,0,radar_block,reason=momentum_too_small conf=0.3152 mom_sig=0.00000000 raw_mom_bps=1.60493635 spread_bps=1.58910000 tension=0.00000000 bid_drop=0.00000000 ask_drop=0.00000000 swarm=0
2026-07-16T11:27:39Z,147,SKIP,SKIPPED,,,,,0,radar_block,reason=momentum_too_small conf=0.0017 mom_sig=0.00111316 raw_mom_bps=0.00000000 spread_bps=1.58910000 tension=0.00111316 bid_drop=0.00000000 ask_drop=0.00723553 swarm=0
2026-07-16T11:27:52Z,148,SKIP,SKIPPED,,,,,0,impulse_resonance_wait,reason=wall_not_collapsed tension=0.26763379 bid_drop=1.73961961 ask_drop=0.00002105
2026-07-16T11:28:00Z,149,SKIP,SKIPPED,,,,,0,impulse_resonance_wait,reason=wall_not_collapsed tension=0.22935323 bid_drop=0.00000000 ask_drop=1.49079598
2026-07-16T11:28:08Z,150,SKIP,SKIPPED,,,,,0,radar_block,reason=momentum_too_small conf=0.0001 mom_sig=0.00006423 raw_mom_bps=0.00000000 spread_bps=1.01270000 tension=0.00006423 bid_drop=0.00000000 ask_drop=0.00041750 swarm=0
2026-07-16T11:28:16Z,151,SKIP,SKIPPED,,,,,0,radar_block,reason=momentum_too_small conf=0.3268 mom_sig=0.00000000 raw_mom_bps=0.00000000 spread_bps=1.05940000 tension=0.00000000 bid_drop=0.00000000 ask_drop=0.00000000 swarm=0
2026-07-16T11:28:24Z,152,SKIP,SKIPPED,,,,,0,radar_block,reason=momentum_too_small conf=0.3261 mom_sig=0.00000000 raw_mom_bps=0.00000000 spread_bps=1.09050000 tension=0.00000000 bid_drop=0.00000000 ask_drop=0.00000000 swarm=0
2026-07-16T11:28:32Z,153,SKIP,SKIPPED,,,,,0,radar_block,reason=momentum_too_small conf=0.0001 mom_sig=0.00003386 raw_mom_bps=0.00000000 spread_bps=1.09050000 tension=0.00003386 bid_drop=0.00000000 ask_drop=0.00022008 swarm=0
2026-07-16T11:28:39Z,154,SKIP,SKIPPED,,,,,0,radar_block,reason=momentum_too_small conf=0.0 mom_sig=0.00002397 raw_mom_bps=0.00000000 spread_bps=1.19960000 tension=0.00002397 bid_drop=0.00000000 ask_drop=0.00015580 swarm=0
2026-07-16T11:28:48Z,155,SKIP,SKIPPED,,,,,0,radar_block,reason=momentum_too_small conf=0.3227 mom_sig=0.00000000 raw_mom_bps=0.04673727 spread_bps=1.24630000 tension=0.00000000 bid_drop=0.00000000 ask_drop=0.00000000 swarm=0
2026-07-16T11:28:56Z,156,SKIP,SKIPPED,,,,,0,impulse_resonance_wait,reason=wall_not_collapsed tension=0.26819726 bid_drop=1.74328218 ask_drop=1.27513051
2026-07-16T11:29:04Z,157,SKIP,SKIPPED,,,,,0,impulse_resonance_wait,reason=wall_not_collapsed tension=0.25177780 bid_drop=1.63655568 ask_drop=0.00000000
2026-07-16T11:29:22Z,158,SELL,FILLED,64184.30000000,64184.30000000,0.00770000,-0.00000000,-0.00000000,shock_inversion_stop,radar=long conf=0.9552 size_note=strong_conf_full soft=1 pct=-0.00000000 tension=1.74192648 bid_drop=0.00421447 ask_drop=11.32252213
2026-07-16T11:29:39Z,159,SELL,FILLED,64185.10000000,64171.00000000,0.00770000,2.19677152,0.10857000,shock_inversion_stop,radar=long conf=0.9708 size_note=strong_conf_full soft=1 pct=0.02196772 tension=4.31798382 bid_drop=28.06689484 ask_drop=0.00035621
2026-07-16T11:29:48Z,160,SKIP,SKIPPED,,,,,0,impulse_resonance_wait,reason=wall_not_collapsed tension=0.28688847 bid_drop=1.86477508 ask_drop=0.00000000
2026-07-16T11:30:04Z,161,SELL,FILLED,64170.20000000,64188.90000000,0.00770000,-2.91412525,-0.14399000,shock_inversion_stop,radar=short conf=0.8179 size_note=strong_conf_full soft=1 pct=-0.02914125 tension=7.38507558 bid_drop=48.00299124 ask_drop=0.00258873
2026-07-16T11:30:13Z,162,SKIP,SKIPPED,,,,,0,radar_block,reason=momentum_too_small conf=0.0001 mom_sig=0.00004910 raw_mom_bps=0.29613559 spread_bps=4.23750000 tension=0.00004910 bid_drop=0.00031915 ask_drop=0.00000000 swarm=0
2026-07-16T11:30:21Z,163,SKIP,SKIPPED,,,,,0,radar_block,reason=momentum_too_small conf=0.0001 mom_sig=0.00005606 raw_mom_bps=0.00000000 spread_bps=4.23750000 tension=0.00005606 bid_drop=0.00000000 ask_drop=0.00036436 swarm=0
2026-07-16T11:30:28Z,164,SKIP,SKIPPED,,,,,0,radar_block,reason=momentum_too_small conf=0.0 mom_sig=0.00000505 raw_mom_bps=0.00000000 spread_bps=4.23750000 tension=0.00000505 bid_drop=0.00003280 ask_drop=0.00000000 swarm=0
2026-07-16T11:30:42Z,165,SKIP,SKIPPED,,,,,0,radar_block,reason=low_confidence conf=0.2773 mom_sig=0.22633115 raw_mom_bps=0.00000000 spread_bps=4.23750000 tension=0.22633115 bid_drop=1.47115246 ask_drop=0.00000000 swarm=0
2026-07-16T11:30:50Z,166,SKIP,SKIPPED,,,,,0,impulse_resonance_wait,reason=wall_not_collapsed tension=0.33146598 bid_drop=2.15452887 ask_drop=0.00000000
2026-07-16T11:30:58Z,167,SKIP,SKIPPED,,,,,0,radar_block,reason=momentum_too_small conf=0.0076 mom_sig=0.00497420 raw_mom_bps=0.00000000 spread_bps=1.29310000 tension=0.00497420 bid_drop=0.00000000 ask_drop=0.03233232 swarm=0
2026-07-16T11:31:14Z,168,SELL,FILLED,64180.60000000,64180.60000000,0.00770000,-0.00000000,-0.00000000,shock_inversion_stop,radar=long conf=0.9426 size_note=strong_conf_full soft=1 pct=-0.00000000 tension=2.96061994 bid_drop=19.24402963 ask_drop=0.00000000
2026-07-16T11:31:23Z,169,SKIP,SKIPPED,,,,,0,radar_block,reason=momentum_too_small conf=0.0048 mom_sig=0.00307713 raw_mom_bps=0.00000000 spread_bps=0.91920000 tension=0.00307713 bid_drop=0.02000137 ask_drop=0.00003648 swarm=0
2026-07-16T11:31:30Z,170,SKIP,SKIPPED,,,,,0,radar_block,reason=momentum_too_small conf=0.3217 mom_sig=0.00000000 raw_mom_bps=0.00000000 spread_bps=1.29310000 tension=0.00000000 bid_drop=0.00000000 ask_drop=0.00000000 swarm=0
2026-07-16T11:31:38Z,171,SKIP,SKIPPED,,,,,0,radar_block,reason=momentum_too_small conf=0.0004 mom_sig=0.00027656 raw_mom_bps=0.00000000 spread_bps=1.29310000 tension=0.00027656 bid_drop=0.00179764 ask_drop=0.00000000 swarm=0
2026-07-16T11:31:46Z,172,SKIP,SKIPPED,,,,,0,radar_block,reason=momentum_too_small conf=0.3296 mom_sig=0.00000000 raw_mom_bps=0.00000000 spread_bps=0.93480000 tension=0.00000000 bid_drop=0.00000000 ask_drop=0.00000000 swarm=0
2026-07-16T11:31:55Z,173,SKIP,SKIPPED,,,,,0,radar_block,reason=momentum_too_small conf=0.3217 mom_sig=0.00000000 raw_mom_bps=0.00000000 spread_bps=1.29310000 tension=0.00000000 bid_drop=0.00000000 ask_drop=0.00000000 swarm=0
2026-07-16T11:32:15Z,174,SELL,FILLED,64161.70000000,64128.10000000,0.01260000,5.23676898,0.42336000,shock_inversion_stop,radar=short conf=0.816 size_note=strong_conf_full+aspiration_1.618x soft=1 pct=0.05236769 tension=4.06618439 bid_drop=26.43019851 ask_drop=1.44143311
2026-07-16T11:32:24Z,175,SKIP,SKIPPED,,,,,0,radar_block,reason=direction_unclear conf=0.1862 mom_sig=0.11183562 raw_mom_bps=0.00000000 spread_bps=0.01560000 tension=0.11183562 bid_drop=0.72693153 ask_drop=0.00000000 swarm=0
2026-07-16T11:32:31Z,176,SKIP,SKIPPED,,,,,0,radar_block,reason=momentum_too_small conf=0.0003 mom_sig=0.00017747 raw_mom_bps=0.00000000 spread_bps=0.03120000 tension=0.00017747 bid_drop=0.00000000 ask_drop=0.00115356 swarm=0
2026-07-16T11:32:40Z,177,SKIP,SKIPPED,,,,,0,radar_block,reason=direction_unclear conf=0.1761 mom_sig=0.10597607 raw_mom_bps=0.00000000 spread_bps=0.04680000 tension=0.10597607 bid_drop=0.68884447 ask_drop=0.00000000 swarm=0
2026-07-16T11:32:53Z,178,SKIP,SKIPPED,,,,,0,radar_block,reason=momentum_too_small conf=0.349 mom_sig=0.00000000 raw_mom_bps=0.00000000 spread_bps=0.04680000 tension=0.00000000 bid_drop=0.00000000 ask_drop=0.00000000 swarm=0
2026-07-16T11:33:01Z,179,SKIP,SKIPPED,,,,,0,radar_block,reason=momentum_too_small conf=0.349 mom_sig=0.00000000 raw_mom_bps=0.00000000 spread_bps=0.04680000 tension=0.00000000 bid_drop=0.00000000 ask_drop=0.00000000 swarm=0
2026-07-16T11:33:08Z,180,SKIP,SKIPPED,,,,,0,impulse_resonance_wait,reason=wall_not_collapsed tension=0.82572037 bid_drop=1.21337123 ask_drop=5.36718242
2026-07-16T11:33:16Z,181,SKIP,SKIPPED,,,,,0,radar_block,reason=momentum_too_small conf=0.349 mom_sig=0.00000000 raw_mom_bps=0.00000000 spread_bps=0.04680000 tension=0.00000000 bid_drop=0.00000000 ask_drop=0.00000000 swarm=0
2026-07-16T11:33:35Z,182,SELL,FILLED,64126.20000000,64118.30000000,0.00770000,1.23194576,0.06083000,shock_inversion_stop,radar=short conf=0.9045 size_note=strong_conf_full soft=1 pct=0.01231946 tension=2.94808406 bid_drop=0.17168208 ask_drop=19.16254640
2026-07-16T11:33:53Z,183,SELL,FILLED,64126.50000000,64126.60000000,0.00770000,-0.01559418,-0.00077000,fluid_exit_inversion,radar=short conf=0.9191 size_note=strong_conf_full soft=1 pct=-0.00015594 tension=1.46712036 bid_drop=0.00000000 ask_drop=9.53628234
2026-07-16T11:34:01Z,184,SKIP,SKIPPED,,,,,0,radar_block,reason=momentum_too_small conf=0.3101 mom_sig=0.00000000 raw_mom_bps=0.00000000 spread_bps=1.82440000 tension=0.00000000 bid_drop=0.00000000 ask_drop=0.00000000 swarm=0
2026-07-16T11:34:09Z,185,SKIP,SKIPPED,,,,,0,radar_block,reason=momentum_too_small conf=0.2975 mom_sig=0.00000000 raw_mom_bps=0.00000000 spread_bps=2.40120000 tension=0.00000000 bid_drop=0.00000000 ask_drop=0.00000000 swarm=0
2026-07-16T11:34:17Z,186,SKIP,SKIPPED,,,,,0,radar_block,reason=momentum_too_small conf=0.3497 mom_sig=0.00000000 raw_mom_bps=-2.40124116 spread_bps=0.01560000 tension=0.00000000 bid_drop=0.00000000 ask_drop=0.00000000 swarm=0
2026-07-16T11:34:33Z,187,SELL,FILLED,64118.10000000,64130.20000000,0.00770000,-1.88714263,-0.09317000,fluid_exit_inversion,radar=short conf=0.999 size_note=strong_conf_full soft=1 pct=-0.01887143 tension=7.68908750 bid_drop=4.31377998 ask_drop=49.97906875
2026-07-16T11:34:42Z,188,SKIP,SKIPPED,,,,,0,tactic_mismatch,mom=long structure=short
2026-07-16T11:34:50Z,189,SKIP,SKIPPED,,,,,0,impulse_resonance_wait,reason=wall_not_collapsed tension=0.56704542 bid_drop=0.00000000 ask_drop=3.68579526
2026-07-16T11:34:58Z,190,SKIP,SKIPPED,,,,,0,impulse_resonance_wait,reason=wall_not_collapsed tension=0.58882331 bid_drop=0.00004676 ask_drop=3.82735150
2026-07-16T11:35:06Z,191,SKIP,SKIPPED,,,,,0,radar_block,reason=direction_unclear conf=0.0453 mom_sig=0.03232362 raw_mom_bps=0.00000000 spread_bps=2.55680000 tension=0.03232362 bid_drop=0.21010356 ask_drop=0.00000000 swarm=0
2026-07-16T11:35:23Z,192,SELL,FILLED,64142.70000000,64146.60000000,0.00770000,-0.60801931,-0.03003000,shock_inversion_stop,radar=short conf=0.9162 size_note=strong_conf_full soft=1 pct=-0.00608019 tension=1.05426315 bid_drop=0.21628831 ask_drop=6.85271047
2026-07-16T11:35:32Z,193,SKIP,SKIPPED,,,,,0,radar_block,reason=momentum_too_small conf=0.0 mom_sig=0.00001081 raw_mom_bps=1.88658358 spread_bps=2.57200000 tension=0.00001081 bid_drop=0.00000000 ask_drop=0.00007029 swarm=0
2026-07-16T11:35:41Z,194,SKIP,SKIPPED,,,,,0,impulse_resonance_wait,reason=wall_not_collapsed tension=0.97659632 bid_drop=0.21432656 ask_drop=6.34787606
2026-07-16T11:35:49Z,195,SKIP,SKIPPED,,,,,0,radar_block,reason=momentum_too_small conf=0.0002 mom_sig=0.00010992 raw_mom_bps=0.00000000 spread_bps=0.20260000 tension=0.00010992 bid_drop=0.00000000 ask_drop=0.00071449 swarm=0
2026-07-16T11:36:02Z,196,SKIP,SKIPPED,,,,,0,radar_block,reason=momentum_too_small conf=0.3456 mom_sig=0.00000000 raw_mom_bps=0.20259414 spread_bps=0.20260000 tension=0.00000000 bid_drop=0.00000000 ask_drop=0.00000000 swarm=0
2026-07-16T11:36:12Z,197,SKIP,SKIPPED,,,,,0,radar_block,reason=momentum_too_small conf=0.0012 mom_sig=0.00075549 raw_mom_bps=0.00000000 spread_bps=0.23380000 tension=0.00075549 bid_drop=0.00000000 ask_drop=0.00491068 swarm=0
2026-07-16T11:36:33Z,198,SELL,FILLED,64167.70000000,64167.70000000,0.00770000,-0.00000000,-0.00000000,shock_inversion_stop,radar=long conf=0.999 size_note=strong_conf_full soft=1 pct=-0.00000000 tension=4.80369739 bid_drop=0.00000000 ask_drop=31.22403301
2026-07-16T11:36:42Z,199,SKIP,SKIPPED,,,,,0,radar_block,reason=momentum_too_small conf=0.3497 mom_sig=0.00000000 raw_mom_bps=0.00000000 spread_bps=0.01560000 tension=0.00000000 bid_drop=0.00000000 ask_drop=0.00000000 swarm=0
2026-07-16T11:36:59Z,200,SELL,FILLED,64167.70000000,64177.80000000,0.00770000,-1.57400063,-0.07777000,fluid_exit_inversion,radar=long conf=0.9679 size_note=strong_conf_full soft=1 pct=-0.01574001 tension=1.46047097 bid_drop=0.00418788 ask_drop=9.49306130
2026-07-16T11:37:08Z,201,SKIP,SKIPPED,,,,,0,radar_block,reason=momentum_too_small conf=0.3483 mom_sig=0.00000000 raw_mom_bps=0.00000000 spread_bps=0.07790000 tension=0.00000000 bid_drop=0.00000000 ask_drop=0.00000000 swarm=0
2026-07-16T11:37:15Z,202,SKIP,SKIPPED,,,,,0,radar_block,reason=momentum_too_small conf=0.3483 mom_sig=0.00000000 raw_mom_bps=0.00000000 spread_bps=0.07790000 tension=0.00000000 bid_drop=0.00000000 ask_drop=0.00000000 swarm=0
2026-07-16T11:37:28Z,203,SKIP,SKIPPED,,,,,0,radar_block,reason=momentum_too_small conf=0.0 mom_sig=0.00002297 raw_mom_bps=0.00000000 spread_bps=0.07790000 tension=0.00002297 bid_drop=0.00000000 ask_drop=0.00014931 swarm=0
2026-07-16T11:37:36Z,204,SKIP,SKIPPED,,,,,0,radar_block,reason=momentum_too_small conf=0.3388 mom_sig=0.00000000 raw_mom_bps=0.00000000 spread_bps=0.51420000 tension=0.00000000 bid_drop=0.00000000 ask_drop=0.00000000 swarm=0
2026-07-16T11:37:44Z,205,SKIP,SKIPPED,,,,,0,radar_block,reason=momentum_too_small conf=0.3497 mom_sig=0.00000000 raw_mom_bps=0.00000000 spread_bps=0.01560000 tension=0.00000000 bid_drop=0.00000000 ask_drop=0.00000000 swarm=0
2026-07-16T11:37:52Z,206,SKIP,SKIPPED,,,,,0,radar_block,reason=momentum_too_small conf=0.3497 mom_sig=0.00000000 raw_mom_bps=-0.01558137 spread_bps=0.01560000 tension=0.00000000 bid_drop=0.00000000 ask_drop=0.00000000 swarm=0
2026-07-16T11:38:00Z,207,SKIP,SKIPPED,,,,,0,radar_block,reason=momentum_too_small conf=0.3388 mom_sig=0.00000000 raw_mom_bps=0.00000000 spread_bps=0.51420000 tension=0.00000000 bid_drop=0.00000000 ask_drop=0.00000000 swarm=0
2026-07-16T11:38:08Z,208,SKIP,SKIPPED,,,,,0,radar_block,reason=momentum_too_small conf=0.0001 mom_sig=0.00004196 raw_mom_bps=0.00000000 spread_bps=0.03120000 tension=0.00004196 bid_drop=0.00027276 ask_drop=0.00000000 swarm=0
2026-07-16T11:38:16Z,209,SKIP,SKIPPED,,,,,0,radar_block,reason=momentum_too_small conf=0.3497 mom_sig=0.00000000 raw_mom_bps=0.00000000 spread_bps=0.01560000 tension=0.00000000 bid_drop=0.00000000 ask_drop=0.00000000 swarm=0
2026-07-16T11:38:25Z,210,SKIP,SKIPPED,,,,,0,radar_block,reason=momentum_too_small conf=0.3497 mom_sig=0.00000000 raw_mom_bps=0.00000000 spread_bps=0.01560000 tension=0.00000000 bid_drop=0.00000000 ask_drop=0.00000000 swarm=0
2026-07-16T11:38:33Z,211,SKIP,SKIPPED,,,,,0,radar_block,reason=momentum_too_small conf=0.0 mom_sig=0.00001109 raw_mom_bps=-0.01558137 spread_bps=0.01560000 tension=0.00001109 bid_drop=0.00007209 ask_drop=0.00001724 swarm=0
2026-07-16T11:38:41Z,212,SKIP,SKIPPED,,,,,0,impulse_resonance_wait,reason=wall_not_collapsed tension=0.96303475 bid_drop=6.25972587 ask_drop=3.46185149
2026-07-16T11:38:49Z,213,SKIP,SKIPPED,,,,,0,radar_block,reason=momentum_too_small conf=0.0 mom_sig=0.00000890 raw_mom_bps=0.00000000 spread_bps=0.01560000 tension=0.00000890 bid_drop=0.00005784 ask_drop=0.00000000 swarm=0
2026-07-16T11:38:56Z,214,SKIP,SKIPPED,,,,,0,radar_block,reason=momentum_too_small conf=0.0 mom_sig=0.00000618 raw_mom_bps=0.00000000 spread_bps=0.01560000 tension=0.00000618 bid_drop=0.00000000 ask_drop=0.00004018 swarm=0
2026-07-16T11:39:05Z,215,SKIP,SKIPPED,,,,,0,impulse_resonance_wait,reason=wall_not_collapsed tension=0.31823367 bid_drop=2.06851887 ask_drop=0.00024604
2026-07-16T11:39:13Z,216,SKIP,SKIPPED,,,,,0,impulse_resonance_wait,reason=wall_not_collapsed tension=0.33955968 bid_drop=2.20713793 ask_drop=0.00000000
2026-07-16T11:39:20Z,217,SKIP,SKIPPED,,,,,0,radar_block,reason=momentum_too_small conf=0.0 mom_sig=0.00002655 raw_mom_bps=0.00000000 spread_bps=0.01560000 tension=0.00002655 bid_drop=0.00017259 ask_drop=0.00000000 swarm=0
2026-07-16T11:39:43Z,218,SELL,FILLED,64175.80000000,64175.80000000,0.00770000,-0.00000000,-0.00000000,shock_inversion_stop,radar=long conf=0.9659 size_note=strong_conf_full soft=1 pct=-0.00000000 tension=1.78085635 bid_drop=11.57556628 ask_drop=0.00000000
2026-07-16T11:39:52Z,219,SKIP,SKIPPED,,,,,0,radar_block,reason=momentum_too_small conf=0.0 mom_sig=0.00000865 raw_mom_bps=0.00000000 spread_bps=0.54530000 tension=0.00000865 bid_drop=0.00005622 ask_drop=0.00001805 swarm=0
2026-07-16T11:40:09Z,220,SELL,FILLED,64175.80000000,64175.70000000,0.00770000,0.01558220,0.00077000,shock_inversion_stop,radar=long conf=0.9659 size_note=strong_conf_full soft=1 pct=0.00015582 tension=1.73943932 bid_drop=11.30635558 ask_drop=0.00000000
2026-07-16T11:40:19Z,221,SKIP,SKIPPED,,,,,0,radar_block,reason=momentum_too_small conf=0.3469 mom_sig=0.00000000 raw_mom_bps=0.14023126 spread_bps=0.14020000 tension=0.00000000 bid_drop=0.00000000 ask_drop=0.00000000 swarm=0
2026-07-16T11:40:26Z,222,SKIP,SKIPPED,,,,,0,radar_block,reason=momentum_too_small conf=0.3466 mom_sig=0.00000000 raw_mom_bps=0.00000000 spread_bps=0.15580000 tension=0.00000000 bid_drop=0.00000000 ask_drop=0.00000000 swarm=0
2026-07-16T11:40:49Z,223,SELL,FILLED,64180.60000000,64181.40000000,0.00770000,-0.12464826,-0.00616000,shock_inversion_stop,radar=long conf=0.9883 size_note=strong_conf_full soft=1 pct=-0.00124648 tension=1.00108911 bid_drop=6.50707920 ask_drop=0.00000000
2026-07-16T11:40:58Z,224,SKIP,SKIPPED,,,,,0,radar_block,reason=momentum_too_small conf=0.0 mom_sig=0.00001635 raw_mom_bps=0.00000000 spread_bps=0.40510000 tension=0.00001635 bid_drop=0.00010627 ask_drop=0.00000000 swarm=0
2026-07-16T11:41:05Z,225,SKIP,SKIPPED,,,,,0,radar_block,reason=momentum_too_small conf=0.0011 mom_sig=0.00066040 raw_mom_bps=0.00000000 spread_bps=0.40510000 tension=0.00066040 bid_drop=0.00429262 ask_drop=0.00000000 swarm=0
2026-07-16T11:41:13Z,226,SKIP,SKIPPED,,,,,0,radar_block,reason=momentum_too_small conf=0.3415 mom_sig=0.00000000 raw_mom_bps=0.00000000 spread_bps=0.38950000 tension=0.00000000 bid_drop=0.00000000 ask_drop=0.00000000 swarm=0
2026-07-16T11:41:21Z,227,SKIP,SKIPPED,,,,,0,radar_block,reason=momentum_too_small conf=0.0 mom_sig=0.00000360 raw_mom_bps=0.00000000 spread_bps=0.01560000 tension=0.00000360 bid_drop=0.00000000 ask_drop=0.00002339 swarm=0
2026-07-16T11:41:29Z,228,SKIP,SKIPPED,,,,,0,radar_block,reason=momentum_too_small conf=0.3497 mom_sig=0.00000000 raw_mom_bps=0.00000000 spread_bps=0.01560000 tension=0.00000000 bid_drop=0.00000000 ask_drop=0.00000000 swarm=0
2026-07-16T11:41:37Z,229,SKIP,SKIPPED,,,,,0,radar_block,reason=momentum_too_small conf=0.3497 mom_sig=0.00000000 raw_mom_bps=-0.01558084 spread_bps=0.01560000 tension=0.00000000 bid_drop=0.00000000 ask_drop=0.00000000 swarm=0
2026-07-16T11:41:45Z,230,SKIP,SKIPPED,,,,,0,radar_block,reason=momentum_too_small conf=0.0 mom_sig=0.00000584 raw_mom_bps=0.00000000 spread_bps=0.01560000 tension=0.00000584 bid_drop=0.00003796 ask_drop=0.00000000 swarm=0
2026-07-16T11:41:53Z,231,SKIP,SKIPPED,,,,,0,radar_block,reason=momentum_too_small conf=0.3497 mom_sig=0.00000000 raw_mom_bps=0.00000000 spread_bps=0.01560000 tension=0.00000000 bid_drop=0.00000000 ask_drop=0.00000000 swarm=0
2026-07-16T11:42:01Z,232,SKIP,SKIPPED,,,,,0,radar_block,reason=momentum_too_small conf=0.0001 mom_sig=0.00003270 raw_mom_bps=0.00000000 spread_bps=0.01560000 tension=0.00003270 bid_drop=0.00021258 ask_drop=0.00011786 swarm=0
2026-07-16T11:42:09Z,233,SKIP,SKIPPED,,,,,0,radar_block,reason=momentum_too_small conf=0.3497 mom_sig=0.00000000 raw_mom_bps=0.00000000 spread_bps=0.01560000 tension=0.00000000 bid_drop=0.00000000 ask_drop=0.00000000 swarm=0
2026-07-16T11:42:25Z,234,SELL,FILLED,64181.40000000,64181.40000000,0.01550000,-0.00000000,-0.00000000,shock_inversion_stop,radar=long conf=0.999 size_note=strong_conf_full soft=0 pct=-0.00000000 tension=3.67933943 bid_drop=23.91570632 ask_drop=0.00011053
2026-07-16T11:42:34Z,235,SKIP,SKIPPED,,,,,0,radar_block,reason=momentum_too_small conf=0.0005 mom_sig=0.00029772 raw_mom_bps=0.00000000 spread_bps=0.01560000 tension=0.00029772 bid_drop=0.00193515 ask_drop=0.00011856 swarm=0
2026-07-16T11:42:41Z,236,SKIP,SKIPPED,,,,,0,radar_block,reason=momentum_too_small conf=0.0001 mom_sig=0.00004847 raw_mom_bps=0.00000000 spread_bps=0.01560000 tension=0.00004847 bid_drop=0.00031504 ask_drop=0.00000000 swarm=0
2026-07-16T11:42:49Z,237,SKIP,SKIPPED,,,,,0,radar_block,reason=momentum_too_small conf=0.0003 mom_sig=0.00019854 raw_mom_bps=0.00000000 spread_bps=0.01560000 tension=0.00019854 bid_drop=0.00129051 ask_drop=0.00011325 swarm=0
2026-07-16T11:42:57Z,238,SKIP,SKIPPED,,,,,0,radar_block,reason=momentum_too_small conf=0.0 mom_sig=0.00002745 raw_mom_bps=0.00000000 spread_bps=0.01560000 tension=0.00002745 bid_drop=0.00017840 ask_drop=0.00012378 swarm=0
2026-07-16T11:43:05Z,239,SKIP,SKIPPED,,,,,0,radar_block,reason=momentum_too_small conf=0.3415 mom_sig=0.00000000 raw_mom_bps=0.00000000 spread_bps=0.38950000 tension=0.00000000 bid_drop=0.00000000 ask_drop=0.00000000 swarm=0
2026-07-16T11:43:13Z,240,SKIP,SKIPPED,,,,,0,radar_block,reason=momentum_too_small conf=0.0 mom_sig=0.00001432 raw_mom_bps=0.00000000 spread_bps=0.38950000 tension=0.00001432 bid_drop=0.00008735 ask_drop=0.00009310 swarm=0
2026-07-16T11:43:21Z,241,SKIP,SKIPPED,,,,,0,radar_block,reason=momentum_too_small conf=0.3415 mom_sig=0.00000000 raw_mom_bps=0.00000000 spread_bps=0.38950000 tension=0.00000000 bid_drop=0.00000000 ask_drop=0.00000000 swarm=0
2026-07-16T11:43:28Z,242,SKIP,SKIPPED,,,,,0,radar_block,reason=momentum_too_small conf=0.0 mom_sig=0.00000716 raw_mom_bps=0.00000000 spread_bps=0.40510000 tension=0.00000716 bid_drop=0.00000000 ask_drop=0.00004655 swarm=0
2026-07-16T11:43:36Z,243,SKIP,SKIPPED,,,,,0,radar_block,reason=momentum_too_small conf=0.0002 mom_sig=0.00015283 raw_mom_bps=0.00000000 spread_bps=0.40510000 tension=0.00015283 bid_drop=0.00099342 ask_drop=0.00029300 swarm=0
2026-07-16T11:43:44Z,244,SKIP,SKIPPED,,,,,0,radar_block,reason=direction_unclear conf=0.1354 mom_sig=0.08324949 raw_mom_bps=0.00000000 spread_bps=0.38950000 tension=0.08324949 bid_drop=0.54112167 ask_drop=0.00004929 swarm=0
2026-07-16T11:43:52Z,245,SKIP,SKIPPED,,,,,0,radar_block,reason=momentum_too_small conf=0.0 mom_sig=0.00002106 raw_mom_bps=0.00000000 spread_bps=0.34280000 tension=0.00002106 bid_drop=0.00000000 ask_drop=0.00013692 swarm=0
2026-07-16T11:44:01Z,246,SKIP,SKIPPED,,,,,0,radar_block,reason=momentum_too_small conf=0.0 mom_sig=0.00001180 raw_mom_bps=0.00000000 spread_bps=0.34280000 tension=0.00001180 bid_drop=0.00000000 ask_drop=0.00007667 swarm=0
2026-07-16T11:44:09Z,247,SKIP,SKIPPED,,,,,0,radar_block,reason=momentum_too_small conf=0.0001 mom_sig=0.00003364 raw_mom_bps=0.00000000 spread_bps=0.38950000 tension=0.00003364 bid_drop=0.00006076 ask_drop=0.00021866 swarm=0
2026-07-16T11:44:18Z,248,SKIP,SKIPPED,,,,,0,impulse_resonance_wait,reason=wall_not_collapsed tension=0.58408670 bid_drop=0.00008355 ask_drop=3.79656357
2026-07-16T11:44:25Z,249,SKIP,SKIPPED,,,,,0,radar_block,reason=momentum_too_small conf=0.3411 mom_sig=0.00000000 raw_mom_bps=0.00000000 spread_bps=0.40510000 tension=0.00000000 bid_drop=0.00000000 ask_drop=0.00000000 swarm=0
2026-07-16T11:44:33Z,250,SKIP,SKIPPED,,,,,0,impulse_resonance_wait,reason=wall_not_collapsed tension=0.58415617 bid_drop=0.00061524 ask_drop=3.79701509
2026-07-16T11:44:40Z,251,SKIP,SKIPPED,,,,,0,radar_block,reason=momentum_too_small conf=0.0 mom_sig=0.00001135 raw_mom_bps=0.00000000 spread_bps=0.40510000 tension=0.00001135 bid_drop=0.00000000 ask_drop=0.00007378 swarm=0
2026-07-16T11:44:48Z,252,SKIP,SKIPPED,,,,,0,radar_block,reason=momentum_too_small conf=0.0 mom_sig=0.00001865 raw_mom_bps=0.00000000 spread_bps=0.40510000 tension=0.00001865 bid_drop=0.00000000 ask_drop=0.00012121 swarm=0
2026-07-16T11:44:56Z,253,SKIP,SKIPPED,,,,,0,radar_block,reason=momentum_too_small conf=0.0 mom_sig=0.00001824 raw_mom_bps=0.00000000 spread_bps=0.40510000 tension=0.00001824 bid_drop=0.00000000 ask_drop=0.00011858 swarm=0
2026-07-16T11:45:04Z,254,SKIP,SKIPPED,,,,,0,radar_block,reason=momentum_too_small conf=0.0003 mom_sig=0.00020636 raw_mom_bps=0.00000000 spread_bps=0.38950000 tension=0.00020636 bid_drop=0.00000000 ask_drop=0.00134133 swarm=0
2026-07-16T11:45:12Z,255,SKIP,SKIPPED,,,,,0,radar_block,reason=momentum_too_small conf=0.3411 mom_sig=0.00000000 raw_mom_bps=-0.01558084 spread_bps=0.40510000 tension=0.00000000 bid_drop=0.00000000 ask_drop=0.00000000 swarm=0
2026-07-16T11:45:21Z,256,SKIP,SKIPPED,,,,,0,radar_block,reason=momentum_too_small conf=0.3415 mom_sig=0.00000000 raw_mom_bps=0.00000000 spread_bps=0.38950000 tension=0.00000000 bid_drop=0.00000000 ask_drop=0.00000000 swarm=0
2026-07-16T11:45:28Z,257,SKIP,SKIPPED,,,,,0,radar_block,reason=momentum_too_small conf=0.0 mom_sig=0.00001560 raw_mom_bps=0.00000000 spread_bps=0.40510000 tension=0.00001560 bid_drop=0.00000000 ask_drop=0.00010140 swarm=0
2026-07-16T11:45:36Z,258,SKIP,SKIPPED,,,,,0,radar_block,reason=momentum_too_small conf=0.0039 mom_sig=0.00238800 raw_mom_bps=0.00000000 spread_bps=0.40510000 tension=0.00238800 bid_drop=0.00000000 ask_drop=0.01552198 swarm=0
2026-07-16T11:45:44Z,259,SKIP,SKIPPED,,,,,0,radar_block,reason=momentum_too_small conf=0.0 mom_sig=0.00002530 raw_mom_bps=0.00000000 spread_bps=0.40510000 tension=0.00002530 bid_drop=0.00000000 ask_drop=0.00016446 swarm=0
2026-07-16T11:45:53Z,260,SKIP,SKIPPED,,,,,0,radar_block,reason=momentum_too_small conf=0.0 mom_sig=0.00002274 raw_mom_bps=-0.40510179 spread_bps=0.38950000 tension=0.00002274 bid_drop=0.00000000 ask_drop=0.00014784 swarm=0
2026-07-16T11:46:01Z,261,SKIP,SKIPPED,,,,,0,radar_block,reason=momentum_too_small conf=0.0001 mom_sig=0.00005441 raw_mom_bps=0.00000000 spread_bps=0.40510000 tension=0.00005441 bid_drop=0.00000000 ask_drop=0.00035366 swarm=0
2026-07-16T11:46:08Z,262,SKIP,SKIPPED,,,,,0,radar_block,reason=momentum_too_small conf=0.3411 mom_sig=0.00000000 raw_mom_bps=0.00000000 spread_bps=0.40510000 tension=0.00000000 bid_drop=0.00000000 ask_drop=0.00000000 swarm=0
2026-07-16T11:46:16Z,263,SKIP,SKIPPED,,,,,0,impulse_resonance_wait,reason=wall_not_collapsed tension=0.83834192 bid_drop=0.00006076 ask_drop=5.44922251
2026-07-16T11:46:24Z,264,SKIP,SKIPPED,,,,,0,radar_block,reason=momentum_too_small conf=0.0 mom_sig=0.00002026 raw_mom_bps=0.00000000 spread_bps=0.01560000 tension=0.00002026 bid_drop=0.00000000 ask_drop=0.00013168 swarm=0
2026-07-16T11:46:37Z,265,SKIP,SKIPPED,,,,,0,impulse_resonance_wait,reason=wall_not_collapsed tension=0.93841054 bid_drop=0.00000000 ask_drop=6.09966850
2026-07-16T11:46:52Z,266,SELL,FILLED,64181.40000000,64181.40000000,0.01550000,-0.00000000,-0.00000000,shock_inversion_stop,radar=long conf=0.999 size_note=strong_conf_full soft=0 pct=-0.00000000 tension=3.68027842 bid_drop=23.92180971 ask_drop=0.00015502
2026-07-16T11:47:01Z,267,SKIP,SKIPPED,,,,,0,radar_block,reason=momentum_too_small conf=0.0055 mom_sig=0.00338136 raw_mom_bps=0.00000000 spread_bps=0.40510000 tension=0.00338136 bid_drop=0.00000000 ask_drop=0.02197885 swarm=0
2026-07-16T11:47:09Z,268,SKIP,SKIPPED,,,,,0,radar_block,reason=direction_unclear conf=0.0245 mom_sig=0.01510719 raw_mom_bps=0.00000000 spread_bps=0.40510000 tension=0.01510719 bid_drop=0.00000000 ask_drop=0.09819676 swarm=0
2026-07-16T11:47:16Z,269,SKIP,SKIPPED,,,,,0,radar_block,reason=momentum_too_small conf=0.0 mom_sig=0.00002991 raw_mom_bps=0.00000000 spread_bps=0.38950000 tension=0.00002991 bid_drop=0.00000000 ask_drop=0.00019442 swarm=0
2026-07-16T11:47:24Z,270,SKIP,SKIPPED,,,,,0,radar_block,reason=direction_unclear conf=0.1355 mom_sig=0.08333340 raw_mom_bps=0.00000000 spread_bps=0.38950000 tension=0.08333340 bid_drop=0.54166712 ask_drop=0.00000000 swarm=0
2026-07-16T11:47:32Z,271,SKIP,SKIPPED,,,,,0,radar_block,reason=momentum_too_small conf=0.0 mom_sig=0.00002530 raw_mom_bps=0.00000000 spread_bps=0.38950000 tension=0.00002530 bid_drop=0.00000000 ask_drop=0.00016442 swarm=0
2026-07-16T11:47:40Z,272,SKIP,SKIPPED,,,,,0,impulse_resonance_wait,reason=wall_not_collapsed tension=0.96136583 bid_drop=0.00037985 ask_drop=6.24887790
2026-07-16T11:47:48Z,273,SKIP,SKIPPED,,,,,0,radar_block,reason=direction_unclear conf=0.3022 mom_sig=0.18619718 raw_mom_bps=-0.40510242 spread_bps=0.42070000 tension=0.18619718 bid_drop=1.21028168 ask_drop=0.00015106 swarm=0
2026-07-16T11:47:56Z,274,SKIP,SKIPPED,,,,,0,radar_block,reason=momentum_too_small conf=0.3408 mom_sig=0.00000000 raw_mom_bps=0.00000000 spread_bps=0.42070000 tension=0.00000000 bid_drop=0.00000000 ask_drop=0.00000000 swarm=0
2026-07-16T11:48:04Z,275,SKIP,SKIPPED,,,,,0,radar_block,reason=momentum_too_small conf=0.0 mom_sig=0.00002373 raw_mom_bps=0.00000000 spread_bps=0.01560000 tension=0.00002373 bid_drop=0.00000000 ask_drop=0.00015425 swarm=0
2026-07-16T11:48:12Z,276,SKIP,SKIPPED,,,,,0,radar_block,reason=momentum_too_small conf=0.0 mom_sig=0.00001259 raw_mom_bps=0.01558086 spread_bps=0.01560000 tension=0.00001259 bid_drop=0.00000000 ask_drop=0.00008185 swarm=0
2026-07-16T11:48:20Z,277,SKIP,SKIPPED,,,,,0,radar_block,reason=momentum_too_small conf=0.0 mom_sig=0.00001356 raw_mom_bps=0.00000000 spread_bps=0.42070000 tension=0.00001356 bid_drop=0.00004617 ask_drop=0.00008814 swarm=0
2026-07-16T11:48:29Z,278,SKIP,SKIPPED,,,,,0,radar_block,reason=momentum_too_small conf=0.0 mom_sig=0.00001963 raw_mom_bps=-0.01558084 spread_bps=0.38950000 tension=0.00001963 bid_drop=0.00000000 ask_drop=0.00012760 swarm=0
2026-07-16T11:48:37Z,279,SKIP,SKIPPED,,,,,0,radar_block,reason=momentum_too_small conf=0.0 mom_sig=0.00002686 raw_mom_bps=0.00000000 spread_bps=0.38950000 tension=0.00002686 bid_drop=0.00000000 ask_drop=0.00017461 swarm=0
2026-07-16T11:48:45Z,280,SKIP,SKIPPED,,,,,0,radar_block,reason=momentum_too_small conf=0.0 mom_sig=0.00002809 raw_mom_bps=0.00000000 spread_bps=0.40510000 tension=0.00002809 bid_drop=0.00000000 ask_drop=0.00018261 swarm=0
2026-07-16T11:48:53Z,281,SKIP,SKIPPED,,,,,0,radar_block,reason=momentum_too_small conf=0.0 mom_sig=0.00001912 raw_mom_bps=-0.01558084 spread_bps=0.42070000 tension=0.00001912 bid_drop=0.00000000 ask_drop=0.00012427 swarm=0
2026-07-16T11:49:00Z,282,SKIP,SKIPPED,,,,,0,radar_block,reason=momentum_too_small conf=0.0 mom_sig=0.00001017 raw_mom_bps=0.00000000 spread_bps=0.42070000 tension=0.00001017 bid_drop=0.00000000 ask_drop=0.00006613 swarm=0
2026-07-16T11:49:08Z,283,SKIP,SKIPPED,,,,,0,radar_block,reason=momentum_too_small conf=0.3411 mom_sig=0.00000000 raw_mom_bps=0.00000000 spread_bps=0.40510000 tension=0.00000000 bid_drop=0.00000000 ask_drop=0.00000000 swarm=0
2026-07-16T11:49:17Z,284,SKIP,SKIPPED,,,,,0,radar_block,reason=momentum_too_small conf=0.0 mom_sig=0.00002374 raw_mom_bps=0.00000000 spread_bps=0.38950000 tension=0.00002374 bid_drop=0.00000000 ask_drop=0.00015432 swarm=0
2026-07-16T11:49:25Z,285,SKIP,SKIPPED,,,,,0,radar_block,reason=momentum_too_small conf=0.0 mom_sig=0.00001988 raw_mom_bps=0.00000000 spread_bps=0.40510000 tension=0.00001988 bid_drop=0.00000000 ask_drop=0.00012921 swarm=0
2026-07-16T11:49:33Z,286,SKIP,SKIPPED,,,,,0,radar_block,reason=momentum_too_small conf=0.0 mom_sig=0.00002571 raw_mom_bps=0.00000000 spread_bps=0.40510000 tension=0.00002571 bid_drop=0.00000000 ask_drop=0.00016713 swarm=0
2026-07-16T11:49:41Z,287,SKIP,SKIPPED,,,,,0,radar_block,reason=momentum_too_small conf=0.0 mom_sig=0.00001455 raw_mom_bps=0.00000000 spread_bps=0.40510000 tension=0.00001455 bid_drop=0.00000000 ask_drop=0.00009460 swarm=0
2026-07-16T11:49:48Z,288,SKIP,SKIPPED,,,,,0,radar_block,reason=momentum_too_small conf=0.0 mom_sig=0.00002798 raw_mom_bps=0.00000000 spread_bps=0.38950000 tension=0.00002798 bid_drop=0.00018189 ask_drop=0.00017353 swarm=0
2026-07-16T11:49:57Z,289,SKIP,SKIPPED,,,,,0,radar_block,reason=momentum_too_small conf=0.0 mom_sig=0.00000922 raw_mom_bps=0.00000000 spread_bps=0.38950000 tension=0.00000922 bid_drop=0.00000000 ask_drop=0.00005995 swarm=0
2026-07-16T11:50:05Z,290,SKIP,SKIPPED,,,,,0,radar_block,reason=momentum_too_small conf=0.0005 mom_sig=0.00037569 raw_mom_bps=0.00000000 spread_bps=2.16570000 tension=0.00037569 bid_drop=0.00244201 ask_drop=0.00000000 swarm=0
2026-07-16T11:50:13Z,291,SKIP,SKIPPED,,,,,0,radar_block,reason=momentum_too_small conf=0.0064 mom_sig=0.00402443 raw_mom_bps=-3.44337058 spread_bps=0.71690000 tension=0.00402443 bid_drop=0.00000000 ask_drop=0.02615880 swarm=0
2026-07-16T11:50:20Z,292,SKIP,SKIPPED,,,,,0,radar_block,reason=momentum_too_small conf=0.0001 mom_sig=0.00007542 raw_mom_bps=0.00000000 spread_bps=0.14040000 tension=0.00007542 bid_drop=0.00049025 ask_drop=0.00000000 swarm=0
2026-07-16T11:50:28Z,293,SKIP,SKIPPED,,,,,0,radar_block,reason=momentum_too_small conf=0.0002 mom_sig=0.00013813 raw_mom_bps=-3.02574692 spread_bps=0.12480000 tension=0.00013813 bid_drop=0.00000000 ask_drop=0.00089787 swarm=0
2026-07-16T11:50:37Z,294,SKIP,SKIPPED,,,,,0,radar_block,reason=momentum_too_small conf=0.3476 mom_sig=0.00000000 raw_mom_bps=0.01560135 spread_bps=0.10920000 tension=0.00000000 bid_drop=0.00000000 ask_drop=0.00000000 swarm=0
2026-07-16T11:50:45Z,295,SKIP,SKIPPED,,,,,0,radar_block,reason=momentum_too_small conf=0.0007 mom_sig=0.00042257 raw_mom_bps=0.00000000 spread_bps=0.12480000 tension=0.00042257 bid_drop=0.00000000 ask_drop=0.00274669 swarm=0
2026-07-16T11:50:58Z,296,SKIP,SKIPPED,,,,,0,radar_block,reason=momentum_too_small conf=0.0022 mom_sig=0.00133826 raw_mom_bps=-0.12480928 spread_bps=0.12480000 tension=0.00133826 bid_drop=0.00000000 ask_drop=0.00869866 swarm=0
2026-07-16T11:51:06Z,297,SKIP,SKIPPED,,,,,0,radar_block,reason=momentum_too_small conf=0.3343 mom_sig=0.00000000 raw_mom_bps=0.00000000 spread_bps=0.71760000 tension=0.00000000 bid_drop=0.00000000 ask_drop=0.00000000 swarm=0
2026-07-16T11:51:14Z,298,SKIP,SKIPPED,,,,,0,impulse_resonance_wait,reason=wall_not_collapsed tension=0.61253261 bid_drop=0.00010163 ask_drop=3.98146194
2026-07-16T11:51:21Z,299,SKIP,SKIPPED,,,,,0,radar_block,reason=momentum_too_small conf=0.0009 mom_sig=0.00055673 raw_mom_bps=0.00000000 spread_bps=0.73320000 tension=0.00055673 bid_drop=0.00361873 ask_drop=0.00000000 swarm=0
2026-07-16T11:51:30Z,300,SKIP,SKIPPED,,,,,0,radar_block,reason=momentum_too_small conf=0.334 mom_sig=0.00000000 raw_mom_bps=0.00000000 spread_bps=0.73320000 tension=0.00000000 bid_drop=0.00000000 ask_drop=0.00000000 swarm=0
2026-07-16T11:51:38Z,301,SKIP,SKIPPED,,,,,0,radar_block,reason=momentum_too_small conf=0.0001 mom_sig=0.00003860 raw_mom_bps=0.00000000 spread_bps=0.73320000 tension=0.00003860 bid_drop=0.00000000 ask_drop=0.00025091 swarm=0
2026-07-16T11:51:47Z,302,SKIP,SKIPPED,,,,,0,tactic_mismatch,mom=long structure=short
2026-07-16T11:52:04Z,303,SELL,FILLED,64101.70000000,64101.70000000,0.01560000,-0.00000000,-0.00000000,shock_inversion_stop,radar=short conf=0.9552 size_note=strong_conf_full soft=0 pct=-0.00000000 tension=1.42475928 bid_drop=0.04638927 ask_drop=9.26093532
2026-07-16T11:52:13Z,304,SKIP,SKIPPED,,,,,0,tactic_mismatch,mom=long structure=short
2026-07-16T11:52:20Z,305,SKIP,SKIPPED,,,,,0,radar_block,reason=momentum_too_small conf=0.0 mom_sig=0.00002415 raw_mom_bps=0.00000000 spread_bps=2.05810000 tension=0.00002415 bid_drop=0.00000000 ask_drop=0.00015696 swarm=0
2026-07-16T11:52:29Z,306,SKIP,SKIPPED,,,,,0,radar_block,reason=momentum_too_small conf=0.0 mom_sig=0.00001226 raw_mom_bps=0.00000000 spread_bps=6.59390000 tension=0.00001226 bid_drop=0.00000000 ask_drop=0.00007972 swarm=0
2026-07-16T11:52:37Z,307,SKIP,SKIPPED,,,,,0,radar_block,reason=momentum_too_small conf=0.0005 mom_sig=0.00031955 raw_mom_bps=2.12048073 spread_bps=0.42070000 tension=0.00031955 bid_drop=0.00207708 ask_drop=0.00000000 swarm=0
2026-07-16T11:52:45Z,308,SKIP,SKIPPED,,,,,0,radar_block,reason=momentum_too_small conf=0.0 mom_sig=0.00002002 raw_mom_bps=0.00000000 spread_bps=0.01560000 tension=0.00002002 bid_drop=0.00000000 ask_drop=0.00013010 swarm=0
2026-07-16T11:52:53Z,309,SKIP,SKIPPED,,,,,0,radar_block,reason=momentum_too_small conf=0.3497 mom_sig=0.00000000 raw_mom_bps=-0.01558278 spread_bps=0.01560000 tension=0.00000000 bid_drop=0.00000000 ask_drop=0.00000000 swarm=0
2026-07-16T11:53:06Z,310,SKIP,SKIPPED,,,,,0,impulse_resonance_wait,reason=wall_not_collapsed tension=0.59475021 bid_drop=3.86587638 ask_drop=0.00000000
2026-07-16T11:53:13Z,311,SKIP,SKIPPED,,,,,0,radar_block,reason=momentum_too_small conf=0.3497 mom_sig=0.00000000 raw_mom_bps=0.00000000 spread_bps=0.01560000 tension=0.00000000 bid_drop=0.00000000 ask_drop=0.00000000 swarm=0
2026-07-16T11:53:22Z,312,SKIP,SKIPPED,,,,,0,impulse_resonance_wait,reason=wall_not_collapsed tension=0.59489305 bid_drop=3.86680481 ask_drop=2.56506898
2026-07-16T11:53:41Z,313,SELL,FILLED,64173.40000000,64173.40000000,0.01550000,-0.00000000,-0.00000000,shock_inversion_stop,radar=long conf=0.999 size_note=strong_conf_full soft=0 pct=-0.00000000 tension=1.21595303 bid_drop=0.00000000 ask_drop=7.90369468
2026-07-16T11:53:49Z,314,SKIP,SKIPPED,,,,,0,radar_block,reason=momentum_too_small conf=0.0001 mom_sig=0.00006729 raw_mom_bps=0.00000000 spread_bps=0.01560000 tension=0.00006729 bid_drop=0.00000000 ask_drop=0.00043739 swarm=0
2026-07-16T11:54:05Z,315,SELL,FILLED,64173.40000000,64176.50000000,0.01550000,-0.48306619,-0.04805000,shock_inversion_stop,radar=long conf=0.9698 size_note=strong_conf_full soft=0 pct=-0.00483066 tension=1.75166188 bid_drop=11.38580225 ask_drop=0.00000000
2026-07-16T11:54:13Z,316,SKIP,SKIPPED,,,,,0,radar_block,reason=momentum_too_small conf=0.3394 mom_sig=0.00000000 raw_mom_bps=0.00000000 spread_bps=0.48300000 tension=0.00000000 bid_drop=0.00000000 ask_drop=0.00000000 swarm=0
2026-07-16T11:54:21Z,317,SKIP,SKIPPED,,,,,0,radar_block,reason=momentum_too_small conf=0.3394 mom_sig=0.00000000 raw_mom_bps=0.00000000 spread_bps=0.48300000 tension=0.00000000 bid_drop=0.00000000 ask_drop=0.00000000 swarm=0
2026-07-16T11:54:29Z,318,SKIP,SKIPPED,,,,,0,radar_block,reason=momentum_too_small conf=0.3394 mom_sig=0.00000000 raw_mom_bps=0.00000000 spread_bps=0.48300000 tension=0.00000000 bid_drop=0.00000000 ask_drop=0.00000000 swarm=0
2026-07-16T11:54:45Z,319,SELL,FILLED,64173.50000000,64173.40000000,0.00770000,0.01558276,0.00077000,shock_inversion_stop,radar=long conf=0.999 size_note=strong_conf_full soft=1 pct=0.00015583 tension=3.61684978 bid_drop=0.00004344 ask_drop=23.50952354
2026-07-16T11:54:55Z,320,SKIP,SKIPPED,,,,,0,radar_block,reason=momentum_too_small conf=0.3394 mom_sig=0.00000000 raw_mom_bps=0.00000000 spread_bps=0.48300000 tension=0.00000000 bid_drop=0.00000000 ask_drop=0.00000000 swarm=0
2026-07-16T11:55:02Z,321,SKIP,SKIPPED,,,,,0,radar_block,reason=momentum_too_small conf=0.3394 mom_sig=0.00000000 raw_mom_bps=-0.01558276 spread_bps=0.48300000 tension=0.00000000 bid_drop=0.00000000 ask_drop=0.00000000 swarm=0
2026-07-16T11:55:10Z,322,SKIP,SKIPPED,,,,,0,radar_block,reason=momentum_too_small conf=0.0023 mom_sig=0.00140731 raw_mom_bps=0.00000000 spread_bps=0.48300000 tension=0.00140731 bid_drop=0.00914751 ask_drop=0.00000000 swarm=0
2026-07-16T11:55:18Z,323,SKIP,SKIPPED,,,,,0,radar_block,reason=momentum_too_small conf=0.0 mom_sig=0.00001584 raw_mom_bps=0.48306619 spread_bps=0.48300000 tension=0.00001584 bid_drop=0.00000000 ask_drop=0.00010299 swarm=0
2026-07-16T11:55:25Z,324,SKIP,SKIPPED,,,,,0,radar_block,reason=momentum_too_small conf=0.337 mom_sig=0.00000000 raw_mom_bps=0.00000000 spread_bps=0.59210000 tension=0.00000000 bid_drop=0.00000000 ask_drop=0.00000000 swarm=0
2026-07-16T11:55:33Z,325,SKIP,SKIPPED,,,,,0,radar_block,reason=momentum_too_small conf=0.0 mom_sig=0.00001008 raw_mom_bps=0.03116381 spread_bps=0.60770000 tension=0.00001008 bid_drop=0.00000000 ask_drop=0.00006553 swarm=0
2026-07-16T11:55:41Z,326,SKIP,SKIPPED,,,,,0,radar_block,reason=momentum_too_small conf=0.0001 mom_sig=0.00007861 raw_mom_bps=0.00000000 spread_bps=1.02840000 tension=0.00007861 bid_drop=0.00000000 ask_drop=0.00051099 swarm=0
2026-07-16T11:55:49Z,327,SKIP,SKIPPED,,,,,0,radar_block,reason=momentum_too_small conf=0.0 mom_sig=0.00000776 raw_mom_bps=0.00000000 spread_bps=1.10630000 tension=0.00000776 bid_drop=0.00000000 ask_drop=0.00005041 swarm=0
2026-07-16T11:55:56Z,328,SKIP,SKIPPED,,,,,0,impulse_resonance_wait,reason=wall_not_collapsed tension=0.46712654 bid_drop=0.00000000 ask_drop=3.03632253
2026-07-16T11:56:04Z,329,SKIP,SKIPPED,,,,,0,radar_block,reason=momentum_too_small conf=0.005 mom_sig=0.00322522 raw_mom_bps=0.00000000 spread_bps=1.19970000 tension=0.00322522 bid_drop=0.02096394 ask_drop=0.00000000 swarm=0
2026-07-16T11:56:12Z,330,SKIP,SKIPPED,,,,,0,radar_block,reason=momentum_too_small conf=0.3238 mom_sig=0.00000000 raw_mom_bps=0.00000000 spread_bps=1.19970000 tension=0.00000000 bid_drop=0.00000000 ask_drop=0.00000000 swarm=0
2026-07-16T11:56:20Z,331,SKIP,SKIPPED,,,,,0,radar_block,reason=momentum_too_small conf=0.3234 mom_sig=0.00000000 raw_mom_bps=0.00000000 spread_bps=1.21530000 tension=0.00000000 bid_drop=0.00000000 ask_drop=0.00000000 swarm=0
2026-07-16T11:56:29Z,332,SKIP,SKIPPED,,,,,0,radar_block,reason=momentum_too_small conf=0.3231 mom_sig=0.00000000 raw_mom_bps=-0.12464729 spread_bps=1.23090000 tension=0.00000000 bid_drop=0.00000000 ask_drop=0.00000000 swarm=0
2026-07-16T11:56:37Z,333,SKIP,SKIPPED,,,,,0,radar_block,reason=momentum_too_small conf=0.3231 mom_sig=0.00000000 raw_mom_bps=0.01558220 spread_bps=1.23090000 tension=0.00000000 bid_drop=0.00000000 ask_drop=0.00000000 swarm=0
2026-07-16T11:56:45Z,334,SKIP,SKIPPED,,,,,0,radar_block,reason=momentum_too_small conf=0.0011 mom_sig=0.00073070 raw_mom_bps=0.00000000 spread_bps=1.23090000 tension=0.00073070 bid_drop=0.00000000 ask_drop=0.00474952 swarm=0
2026-07-16T11:56:53Z,335,SKIP,SKIPPED,,,,,0,radar_block,reason=momentum_too_small conf=0.0 mom_sig=0.00000739 raw_mom_bps=-0.01558084 spread_bps=1.23090000 tension=0.00000739 bid_drop=0.00000000 ask_drop=0.00004801 swarm=0
2026-07-16T11:57:00Z,336,SKIP,SKIPPED,,,,,0,radar_block,reason=momentum_too_small conf=0.3231 mom_sig=0.00000000 raw_mom_bps=0.00000000 spread_bps=1.23090000 tension=0.00000000 bid_drop=0.00000000 ask_drop=0.00000000 swarm=0
2026-07-16T11:57:08Z,337,SKIP,SKIPPED,,,,,0,radar_block,reason=momentum_too_small conf=0.0125 mom_sig=0.00811509 raw_mom_bps=0.00000000 spread_bps=1.23090000 tension=0.00811509 bid_drop=0.05274809 ask_drop=0.00000000 swarm=0
2026-07-16T11:57:16Z,338,SKIP,SKIPPED,,,,,0,impulse_resonance_wait,reason=wall_not_collapsed tension=0.22613720 bid_drop=0.00000000 ask_drop=1.46989180
2026-07-16T11:57:24Z,339,SKIP,SKIPPED,,,,,0,radar_block,reason=momentum_too_small conf=0.0 mom_sig=0.00000578 raw_mom_bps=0.00000000 spread_bps=1.01280000 tension=0.00000578 bid_drop=0.00000000 ask_drop=0.00003754 swarm=0
2026-07-16T11:57:31Z,340,SKIP,SKIPPED,,,,,0,impulse_resonance_wait,reason=wall_not_collapsed tension=0.30846119 bid_drop=0.00000000 ask_drop=2.00499773
2026-07-16T11:57:39Z,341,SKIP,SKIPPED,,,,,0,radar_block,reason=momentum_too_small conf=0.0004 mom_sig=0.00023605 raw_mom_bps=0.00000000 spread_bps=0.01560000 tension=0.00023605 bid_drop=0.00000000 ask_drop=0.00153432 swarm=0
2026-07-16T11:57:47Z,342,SKIP,SKIPPED,,,,,0,radar_block,reason=momentum_too_small conf=0.0 mom_sig=0.00000558 raw_mom_bps=0.00000000 spread_bps=0.01560000 tension=0.00000558 bid_drop=0.00000591 ask_drop=0.00003628 swarm=0
2026-07-16T11:58:03Z,343,SELL,FILLED,64181.40000000,64181.30000000,0.00770000,0.01558084,0.00077000,shock_inversion_stop,radar=long conf=0.999 size_note=strong_conf_full soft=1 pct=0.00015581 tension=1.21065349 bid_drop=0.00000000 ask_drop=7.86924771
2026-07-16T11:58:12Z,344,SKIP,SKIPPED,,,,,0,radar_block,reason=momentum_too_small conf=0.0 mom_sig=0.00001734 raw_mom_bps=0.00000000 spread_bps=0.10910000 tension=0.00001734 bid_drop=0.00000000 ask_drop=0.00011268 swarm=0
2026-07-16T11:58:20Z,345,SKIP,SKIPPED,,,,,0,impulse_resonance_wait,reason=wall_not_collapsed tension=0.28600776 bid_drop=0.01612784 ask_drop=1.85905041
2026-07-16T11:58:27Z,346,SKIP,SKIPPED,,,,,0,radar_block,reason=momentum_too_small conf=0.0 mom_sig=0.00002645 raw_mom_bps=0.00000000 spread_bps=1.32440000 tension=0.00002645 bid_drop=0.00000000 ask_drop=0.00017192 swarm=0
2026-07-16T11:58:37Z,347,SKIP,SKIPPED,,,,,0,impulse_resonance_wait,reason=wall_not_collapsed tension=0.74949032 bid_drop=0.00000000 ask_drop=4.87168707
2026-07-16T11:58:44Z,348,SKIP,SKIPPED,,,,,0,radar_block,reason=momentum_too_small conf=0.3207 mom_sig=0.00000000 raw_mom_bps=0.00000000 spread_bps=1.33990000 tension=0.00000000 bid_drop=0.00000000 ask_drop=0.00000000 swarm=0
2026-07-16T11:59:05Z,349,SELL,FILLED,64181.90000000,64182.00000000,0.00770000,-0.01558072,-0.00077000,shock_inversion_stop,radar=long conf=0.9065 size_note=strong_conf_full soft=1 pct=-0.00015581 tension=1.65013074 bid_drop=0.00000000 ask_drop=10.72584980
2026-07-16T11:59:13Z,350,SKIP,SKIPPED,,,,,0,impulse_resonance_wait,reason=wall_not_collapsed tension=0.25468264 bid_drop=0.00000000 ask_drop=1.65543713
2026-07-16T11:59:21Z,351,SKIP,SKIPPED,,,,,0,radar_block,reason=momentum_too_small conf=0.0002 mom_sig=0.00009606 raw_mom_bps=0.00000000 spread_bps=0.52970000 tension=0.00009606 bid_drop=0.00000000 ask_drop=0.00062440 swarm=0
2026-07-16T11:59:29Z,352,SKIP,SKIPPED,,,,,0,impulse_resonance_wait,reason=wall_not_collapsed tension=0.47077271 bid_drop=0.00000000 ask_drop=3.06002262
2026-07-16T11:59:36Z,353,SKIP,SKIPPED,,,,,0,radar_block,reason=direction_unclear conf=0.2854 mom_sig=0.18260332 raw_mom_bps=0.00000000 spread_bps=0.99700000 tension=0.18260332 bid_drop=0.00000000 ask_drop=1.18692160 swarm=0
2026-07-16T11:59:44Z,354,SKIP,SKIPPED,,,,,0,radar_block,reason=direction_unclear conf=0.085 mom_sig=0.05439727 raw_mom_bps=0.00000000 spread_bps=0.99700000 tension=0.05439727 bid_drop=0.00000000 ask_drop=0.35358227 swarm=0
2026-07-16T11:59:52Z,355,SKIP,SKIPPED,,,,,0,radar_block,reason=momentum_too_small conf=0.0 mom_sig=0.00000266 raw_mom_bps=-0.01557875 spread_bps=2.05640000 tension=0.00000266 bid_drop=0.00000000 ask_drop=0.00001729 swarm=0
2026-07-16T12:00:00Z,356,SKIP,SKIPPED,,,,,0,radar_block,reason=momentum_too_small conf=0.0 mom_sig=0.00000909 raw_mom_bps=0.00000000 spread_bps=2.07200000 tension=0.00000909 bid_drop=0.00005909 ask_drop=0.00000000 swarm=0
2026-07-16T12:00:13Z,357,SKIP,SKIPPED,,,,,0,radar_block,reason=momentum_too_small conf=0.0 mom_sig=0.00002902 raw_mom_bps=2.07240322 spread_bps=2.58610000 tension=0.00002902 bid_drop=0.00000000 ask_drop=0.00018863 swarm=0
2026-07-16T12:00:22Z,358,SKIP,SKIPPED,,,,,0,radar_block,reason=momentum_too_small conf=0.0 mom_sig=0.00002636 raw_mom_bps=0.00000000 spread_bps=2.57050000 tension=0.00002636 bid_drop=0.00008165 ask_drop=0.00017135 swarm=0
2026-07-16T12:00:30Z,359,SKIP,SKIPPED,,,,,0,radar_block,reason=momentum_too_small conf=0.0002 mom_sig=0.00011391 raw_mom_bps=0.00000000 spread_bps=2.57050000 tension=0.00011391 bid_drop=0.00000000 ask_drop=0.00074043 swarm=0
2026-07-16T12:00:38Z,360,SKIP,SKIPPED,,,,,0,radar_block,reason=momentum_too_small conf=0.0007 mom_sig=0.00048681 raw_mom_bps=2.57115877 spread_bps=2.57050000 tension=0.00048681 bid_drop=0.00316424 ask_drop=0.00000000 swarm=0
2026-07-16T12:00:46Z,361,SKIP,SKIPPED,,,,,0,radar_block,reason=momentum_too_small conf=0.0 mom_sig=0.00000280 raw_mom_bps=0.00000000 spread_bps=2.57050000 tension=0.00000280 bid_drop=0.00000000 ask_drop=0.00001820 swarm=0
2026-07-16T12:00:53Z,362,SKIP,SKIPPED,,,,,0,radar_block,reason=momentum_too_small conf=0.0 mom_sig=0.00002660 raw_mom_bps=0.00000000 spread_bps=2.57050000 tension=0.00002660 bid_drop=0.00000000 ask_drop=0.00017293 swarm=0
2026-07-16T12:01:01Z,363,SKIP,SKIPPED,,,,,0,radar_block,reason=momentum_too_small conf=0.0 mom_sig=0.00000860 raw_mom_bps=0.00000000 spread_bps=2.58610000 tension=0.00000860 bid_drop=0.00000000 ask_drop=0.00005591 swarm=0
2026-07-16T12:01:09Z,364,SKIP,SKIPPED,,,,,0,radar_block,reason=momentum_too_small conf=0.0003 mom_sig=0.00018503 raw_mom_bps=0.00000000 spread_bps=2.58610000 tension=0.00018503 bid_drop=0.00000000 ask_drop=0.00120268 swarm=0
2026-07-16T12:01:17Z,365,SKIP,SKIPPED,,,,,0,radar_block,reason=momentum_too_small conf=0.0 mom_sig=0.00000822 raw_mom_bps=0.00000000 spread_bps=2.57050000 tension=0.00000822 bid_drop=0.00000000 ask_drop=0.00005345 swarm=0
2026-07-16T12:01:24Z,366,SKIP,SKIPPED,,,,,0,radar_block,reason=momentum_too_small conf=0.2934 mom_sig=0.00000000 raw_mom_bps=0.00000000 spread_bps=2.58610000 tension=0.00000000 bid_drop=0.00000000 ask_drop=0.00000000 swarm=0
2026-07-16T12:01:32Z,367,SKIP,SKIPPED,,,,,0,impulse_resonance_wait,reason=wall_not_collapsed tension=0.59668784 bid_drop=3.87847095 ask_drop=0.00052985
2026-07-16T12:01:48Z,368,SELL,FILLED,64189.90000000,64190.00000000,0.01550000,-0.01557877,-0.00155000,shock_inversion_stop,radar=long conf=0.999 size_note=strong_conf_full soft=0 pct=-0.00015579 tension=1.21195182 bid_drop=7.87768680 ask_drop=0.00000000
2026-07-16T12:01:58Z,369,SKIP,SKIPPED,,,,,0,radar_block,reason=momentum_too_small conf=0.0 mom_sig=0.00001184 raw_mom_bps=0.01557877 spread_bps=2.57050000 tension=0.00001184 bid_drop=0.00000000 ask_drop=0.00007698 swarm=0
2026-07-16T12:02:06Z,370,SKIP,SKIPPED,,,,,0,impulse_resonance_wait,reason=wall_not_collapsed tension=0.63598730 bid_drop=4.13391745 ask_drop=0.00000000
2026-07-16T12:02:13Z,371,SKIP,SKIPPED,,,,,0,impulse_resonance_wait,reason=wall_not_collapsed tension=0.62793550 bid_drop=4.08158077 ask_drop=1.25071684
2026-07-16T12:02:21Z,372,SKIP,SKIPPED,,,,,0,radar_block,reason=momentum_too_small conf=0.2921 mom_sig=0.00000000 raw_mom_bps=0.00000000 spread_bps=2.64840000 tension=0.00000000 bid_drop=0.00000000 ask_drop=0.00000000 swarm=0
2026-07-16T12:02:29Z,373,SKIP,SKIPPED,,,,,0,radar_block,reason=momentum_too_small conf=0.0 mom_sig=0.00003500 raw_mom_bps=0.00000000 spread_bps=2.66400000 tension=0.00003500 bid_drop=0.00000000 ask_drop=0.00022750 swarm=0
2026-07-16T12:02:37Z,374,SKIP,SKIPPED,,,,,0,radar_block,reason=momentum_too_small conf=0.0 mom_sig=0.00000645 raw_mom_bps=0.00000000 spread_bps=0.62320000 tension=0.00000645 bid_drop=0.00000000 ask_drop=0.00004195 swarm=0
2026-07-16T12:02:44Z,375,SKIP,SKIPPED,,,,,0,radar_block,reason=momentum_too_small conf=0.0001 mom_sig=0.00004442 raw_mom_bps=0.00000000 spread_bps=2.13440000 tension=0.00004442 bid_drop=0.00000000 ask_drop=0.00028874 swarm=0
2026-07-16T12:02:53Z,376,SKIP,SKIPPED,,,,,0,radar_block,reason=momentum_too_small conf=0.0 mom_sig=0.00001192 raw_mom_bps=0.00000000 spread_bps=2.66400000 tension=0.00001192 bid_drop=0.00000000 ask_drop=0.00007745 swarm=0
2026-07-16T12:03:09Z,377,SELL,FILLED,64172.90000000,64172.80000000,0.01550000,0.01558290,0.00155000,shock_inversion_stop,radar=long conf=0.8325 size_note=strong_conf_full soft=0 pct=0.00015583 tension=8.24279612 bid_drop=0.00000000 ask_drop=53.57817480
2026-07-16T12:03:18Z,378,SKIP,SKIPPED,,,,,0,radar_block,reason=momentum_too_small conf=0.2914 mom_sig=0.00000000 raw_mom_bps=-0.01557873 spread_bps=2.67950000 tension=0.00000000 bid_drop=0.00000000 ask_drop=0.00000000 swarm=0
2026-07-16T12:03:26Z,379,SKIP,SKIPPED,,,,,0,radar_block,reason=momentum_too_small conf=0.2914 mom_sig=0.00000000 raw_mom_bps=0.00000000 spread_bps=2.67950000 tension=0.00000000 bid_drop=0.00000000 ask_drop=0.00000000 swarm=0
2026-07-16T12:03:34Z,380,SKIP,SKIPPED,,,,,0,radar_block,reason=momentum_too_small conf=0.2914 mom_sig=0.00000000 raw_mom_bps=0.00000000 spread_bps=2.67950000 tension=0.00000000 bid_drop=0.00000000 ask_drop=0.00000000 swarm=0
2026-07-16T12:03:41Z,381,SKIP,SKIPPED,,,,,0,radar_block,reason=momentum_too_small conf=0.2917 mom_sig=0.00000000 raw_mom_bps=0.00000000 spread_bps=2.66400000 tension=0.00000000 bid_drop=0.00000000 ask_drop=0.00000000 swarm=0
2026-07-16T12:03:50Z,382,SKIP,SKIPPED,,,,,0,radar_block,reason=momentum_too_small conf=0.0097 mom_sig=0.00699325 raw_mom_bps=0.00000000 spread_bps=2.67950000 tension=0.00699325 bid_drop=0.04545612 ask_drop=0.00000000 swarm=0
2026-07-16T12:03:57Z,383,SKIP,SKIPPED,,,,,0,radar_block,reason=momentum_too_small conf=0.0 mom_sig=0.00003159 raw_mom_bps=0.01557875 spread_bps=2.61720000 tension=0.00003159 bid_drop=0.00020534 ask_drop=0.00002595 swarm=0
2026-07-16T12:04:05Z,384,SKIP,SKIPPED,,,,,0,radar_block,reason=direction_unclear conf=0.0622 mom_sig=0.04614611 raw_mom_bps=0.00000000 spread_bps=3.05330000 tension=0.04614611 bid_drop=0.01461110 ask_drop=0.29994971 swarm=0
2026-07-16T12:04:19Z,385,SKIP,SKIPPED,,,,,0,radar_block,reason=momentum_too_small conf=0.0013 mom_sig=0.00083345 raw_mom_bps=0.00000000 spread_bps=1.13720000 tension=0.00083345 bid_drop=0.00000000 ask_drop=0.00541741 swarm=0
2026-07-16T12:04:27Z,386,SKIP,SKIPPED,,,,,0,radar_block,reason=momentum_too_small conf=0.0 mom_sig=0.00001809 raw_mom_bps=0.00000000 spread_bps=3.11560000 tension=0.00001809 bid_drop=0.00011761 ask_drop=0.00000000 swarm=0
2026-07-16T12:04:34Z,387,SKIP,SKIPPED,,,,,0,radar_block,reason=momentum_too_small conf=0.001 mom_sig=0.00067239 raw_mom_bps=0.00000000 spread_bps=1.15280000 tension=0.00067239 bid_drop=0.00437053 ask_drop=0.00000000 swarm=0
2026-07-16T12:04:43Z,388,SKIP,SKIPPED,,,,,0,radar_block,reason=momentum_too_small conf=0.0 mom_sig=0.00001030 raw_mom_bps=0.00000000 spread_bps=1.10600000 tension=0.00001030 bid_drop=0.00006698 ask_drop=0.00000000 swarm=0
2026-07-16T12:04:51Z,389,SKIP,SKIPPED,,,,,0,radar_block,reason=momentum_too_small conf=0.0002 mom_sig=0.00011596 raw_mom_bps=0.00000000 spread_bps=0.42060000 tension=0.00011596 bid_drop=0.00039444 ask_drop=0.00075377 swarm=0
2026-07-16T12:04:59Z,390,SKIP,SKIPPED,,,,,0,radar_block,reason=momentum_too_small conf=0.0 mom_sig=0.00003092 raw_mom_bps=0.00000000 spread_bps=0.54530000 tension=0.00003092 bid_drop=0.00020095 ask_drop=0.00000000 swarm=0
2026-07-16T12:05:06Z,391,SKIP,SKIPPED,,,,,0,impulse_resonance_wait,reason=wall_not_collapsed tension=0.85173400 bid_drop=5.53627103 ask_drop=0.00000000
2026-07-16T12:05:14Z,392,SKIP,SKIPPED,,,,,0,radar_block,reason=momentum_too_small conf=0.3244 mom_sig=0.00000000 raw_mom_bps=0.00000000 spread_bps=1.16840000 tension=0.00000000 bid_drop=0.00000000 ask_drop=0.00000000 swarm=0
2026-07-16T12:05:23Z,393,SKIP,SKIPPED,,,,,0,radar_block,reason=momentum_too_small conf=0.0001 mom_sig=0.00004849 raw_mom_bps=0.00000000 spread_bps=1.16840000 tension=0.00004849 bid_drop=0.00031521 ask_drop=0.00000000 swarm=0
2026-07-16T12:05:36Z,394,SKIP,SKIPPED,,,,,0,radar_block,reason=momentum_too_small conf=0.0012 mom_sig=0.00076269 raw_mom_bps=0.00000000 spread_bps=1.16840000 tension=0.00076269 bid_drop=0.00495747 ask_drop=0.00000000 swarm=0
2026-07-16T12:05:44Z,395,SKIP,SKIPPED,,,,,0,radar_block,reason=momentum_too_small conf=0.0001 mom_sig=0.00004468 raw_mom_bps=0.00000000 spread_bps=1.13720000 tension=0.00004468 bid_drop=0.00029040 ask_drop=0.00000353 swarm=0
2026-07-16T12:05:57Z,396,SKIP,SKIPPED,,,,,0,radar_block,reason=momentum_too_small conf=0.3173 mom_sig=0.00000000 raw_mom_bps=0.00000000 spread_bps=1.49590000 tension=0.00000000 bid_drop=0.00000000 ask_drop=0.00000000 swarm=0
2026-07-16T12:06:05Z,397,SKIP,SKIPPED,,,,,0,impulse_resonance_wait,reason=wall_not_collapsed tension=0.42883104 bid_drop=0.00000000 ask_drop=2.78740179
2026-07-16T12:06:13Z,398,SKIP,SKIPPED,,,,,0,radar_block,reason=momentum_too_small conf=0.2699 mom_sig=0.00000000 raw_mom_bps=-0.90388155 spread_bps=3.66240000 tension=0.00000000 bid_drop=0.00000000 ask_drop=0.00000000 swarm=0
2026-07-16T12:06:25Z,399,SELL,FILLED,64141.20000000,64172.80000000,0.01550000,-4.92663062,-0.48980000,kill_switch,radar=short conf=0.9951 size_note=strong_conf_full soft=0 pct=-0.04926631 tension=3.76412228 bid_drop=24.46679479 ask_drop=2.78721620
2026-07-16T12:07:03Z,1,SELL,FILLED,64133.50000000,64131.20000000,0.01550000,0.35862693,0.03565000,fluid_exit_brake,radar=short conf=0.999 size_note=strong_conf_full soft=0 pct=0.00358627 tension=1.05131766 bid_drop=0.00104059 ask_drop=6.83356477
2026-07-16T12:07:11Z,2,SKIP,SKIPPED,,,,,0,radar_block,reason=momentum_too_small conf=0.3497 mom_sig=0.00000000 raw_mom_bps=0.00000000 spread_bps=0.01560000 tension=0.00000000 bid_drop=0.00000000 ask_drop=0.00000000 swarm=0
2026-07-16T12:07:19Z,3,SKIP,SKIPPED,,,,,0,radar_block,reason=momentum_too_small conf=0.0001 mom_sig=0.00003645 raw_mom_bps=0.00000000 spread_bps=0.01560000 tension=0.00003645 bid_drop=0.00000000 ask_drop=0.00023693 swarm=0
2026-07-16T12:07:27Z,4,SKIP,SKIPPED,,,,,0,radar_block,reason=momentum_too_small conf=0.0 mom_sig=0.00000800 raw_mom_bps=0.00000000 spread_bps=0.01560000 tension=0.00000800 bid_drop=0.00000000 ask_drop=0.00005201 swarm=0
2026-07-16T12:07:35Z,5,SKIP,SKIPPED,,,,,0,radar_block,reason=momentum_too_small conf=0.3497 mom_sig=0.00000000 raw_mom_bps=0.00000000 spread_bps=0.01560000 tension=0.00000000 bid_drop=0.00000000 ask_drop=0.00000000 swarm=0
2026-07-16T12:07:43Z,6,SKIP,SKIPPED,,,,,0,radar_block,reason=momentum_too_small conf=0.3497 mom_sig=0.00000000 raw_mom_bps=0.00000000 spread_bps=0.01560000 tension=0.00000000 bid_drop=0.00000000 ask_drop=0.00000000 swarm=0
2026-07-16T12:07:51Z,7,SKIP,SKIPPED,,,,,0,radar_block,reason=momentum_too_small conf=0.3497 mom_sig=0.00000000 raw_mom_bps=0.00000000 spread_bps=0.01560000 tension=0.00000000 bid_drop=0.00000000 ask_drop=0.00000000 swarm=0
2026-07-16T12:08:00Z,8,SKIP,SKIPPED,,,,,0,impulse_resonance_wait,reason=wall_not_collapsed tension=0.35146671 bid_drop=0.00024812 ask_drop=2.28453359
2026-07-16T12:08:09Z,9,SKIP,SKIPPED,,,,,0,radar_block,reason=momentum_too_small conf=0.3486 mom_sig=0.00000000 raw_mom_bps=0.00000000 spread_bps=0.06240000 tension=0.00000000 bid_drop=0.00000000 ask_drop=0.00000000 swarm=0
2026-07-16T12:08:17Z,10,SKIP,SKIPPED,,,,,0,radar_block,reason=momentum_too_small conf=0.0002 mom_sig=0.00012688 raw_mom_bps=0.00000000 spread_bps=0.06240000 tension=0.00012688 bid_drop=0.00000000 ask_drop=0.00082473 swarm=0
2026-07-16T12:08:43Z,1,SKIP,SKIPPED,,,,,0,impulse_resonance_wait,reason=wall_not_collapsed tension=0.37150235 bid_drop=2.41476529 ask_drop=0.00000000
2026-07-16T12:08:51Z,2,SKIP,SKIPPED,,,,,0,radar_block,reason=momentum_too_small conf=0.337 mom_sig=0.00000000 raw_mom_bps=0.00000000 spread_bps=0.59250000 tension=0.00000000 bid_drop=0.00000000 ask_drop=0.00000000 swarm=0
2026-07-16T12:08:58Z,3,SKIP,SKIPPED,,,,,0,radar_block,reason=momentum_too_small conf=0.337 mom_sig=0.00000000 raw_mom_bps=0.00000000 spread_bps=0.59250000 tension=0.00000000 bid_drop=0.00000000 ask_drop=0.00000000 swarm=0
2026-07-16T12:09:06Z,4,SKIP,SKIPPED,,,,,0,radar_block,reason=momentum_too_small conf=0.0005 mom_sig=0.00032607 raw_mom_bps=0.00000000 spread_bps=0.59250000 tension=0.00032607 bid_drop=0.00000000 ask_drop=0.00211946 swarm=0
2026-07-16T12:09:14Z,5,SKIP,SKIPPED,,,,,0,impulse_resonance_wait,reason=wall_not_collapsed tension=0.89223519 bid_drop=5.79952871 ask_drop=0.00005497
2026-07-16T12:12:41Z,1,SKIP,SKIPPED,,,,,0,radar_block,reason=momentum_too_small conf=0.0003 mom_sig=0.00017335 raw_mom_bps=0.00000000 spread_bps=1.63720000 tension=0.00017335 bid_drop=0.00001727 ask_drop=0.00112676 swarm=0
2026-07-16T12:12:49Z,2,SKIP,SKIPPED,,,,,0,radar_block,reason=momentum_too_small conf=0.3398 mom_sig=0.00000000 raw_mom_bps=0.00000000 spread_bps=0.46780000 tension=0.00000000 bid_drop=0.00000000 ask_drop=0.00000000 swarm=0
2026-07-16T12:13:05Z,3,SELL,FILLED,64121.80000000,64125.00000000,0.01550000,-0.49905025,-0.04960000,shock_inversion_stop,radar=long conf=0.9688 size_note=strong_conf_full soft=0 pct=-0.00499050 tension=1.41889121 bid_drop=9.22279289 ask_drop=0.00000000
2026-07-16T12:13:23Z,4,SELL,FILLED,64125.10000000,64121.70000000,0.00770000,0.53021360,0.02618000,shock_inversion_stop,radar=short conf=0.9678 size_note=strong_conf_full soft=1 pct=0.00530214 tension=3.98735851 bid_drop=25.91783033 ask_drop=5.23449407
2026-07-16T12:15:16Z,1,SKIP,SKIPPED,,,,,0,radar_block,reason=momentum_too_small conf=0.348 mom_sig=0.00000000 raw_mom_bps=0.00000000 spread_bps=0.09360000 tension=0.00000000 bid_drop=0.00000000 ask_drop=0.00000000 swarm=0
2026-07-16T12:15:35Z,2,SELL,FILLED,64129.20000000,64117.10000000,0.01550000,1.88681599,0.18755000,shock_inversion_stop,radar=short conf=0.9981 size_note=strong_conf_full+entry_25_75_full soft=0 pct=0.01886816 tension=1.88878045 bid_drop=0.00001542 ask_drop=12.27707291
2026-07-16T12:15:55Z,3,SELL,FILLED,64115.50000000,64115.30000000,0.00760000,0.03119371,0.00152000,shock_inversion_stop,radar=short conf=0.9561 size_note=strong_conf_full+entry_25_75_full soft=1 pct=0.00031194 tension=1.83339929 bid_drop=11.91709537 ask_drop=0.00000000
