[BETA_X5] [1;36m--- ACE777 STRICT CLONE FUTURES TESTNET ---[0m
[BETA_X5] [1;32mV8 Resonance ON:[0m [1;36mimpulse_thr=0.96 dt_ms=64 aspiration=1.618@37.8deg void_lock=TRUE shock_exit=TRUE[0m
[BETA_X5] [1;32mV8 Tension ON:[0m [1;36mwall_drop=6.5% dt_ms=64 filter=3.0 depth=20[0m
[BETA_X5] [1;36mSymbol=BTCUSDT[0m [1;32mLeverage=5[0m [1;36mBuyUSDT=200 Orders=TRUE[0m
[ALPHA_X13_BURST13] [1;36m--- ACE777 STRICT CLONE FUTURES TESTNET ---[0m
[ALPHA_X13_BURST13] [1;36mLeverage ramp ON:[0m [1;36mstart=13 end=13 cycles=180[0m
[ALPHA_X13_BURST13] [1;32mV8 Resonance ON:[0m [1;36mimpulse_thr=0.96 dt_ms=64 aspiration=1.618@37.8deg void_lock=TRUE shock_exit=TRUE[0m
[ALPHA_X13_BURST13] [1;32mV8 Tension ON:[0m [1;36mwall_drop=6.5% dt_ms=64 filter=3.0 depth=20[0m
[ALPHA_X13_BURST13] [1;36mSymbol=BTCUSDT[0m [1;32mLeverage=13[0m [1;36mBuyUSDT=800 Orders=TRUE[0m
[BETA_X5] mode=OFF radar_adj=0 mom= conf=0
[ALPHA_X13_BURST13] mode=OFF radar_adj=0 mom= conf=0
[BETA_X5] [1;36m15:58:26[0m [1;33mx5[0m [1;36m#1[0m SKIP tension=[1;36m0.30578572[0m [0m| wall_not_collapsed
[ALPHA_X13_BURST13] [1;36m15:58:28[0m [1;32mx13[0m [1;36m#1[0m SKIP tension=[1;36m0.24556367[0m [0m| wall_not_collapsed
[BETA_X5] mode=OFF radar_adj=0 mom= conf=0
[ALPHA_X13_BURST13] mode=OFF radar_adj=0 mom= conf=0
[BETA_X5] [1;36m15:58:35[0m [1;33mx5[0m [1;36m#2[0m SKIP tension=[1;36m0.00861053[0m [0m| momentum_too_small [1;31mconf=0.0141[0m
[ALPHA_X13_BURST13] [1;36m15:58:37[0m [1;32mx13[0m [1;36m#2[0m SKIP tension=[1;36m0.00000000[0m [0m| momentum_too_small [1;31mconf=0.3419[0m
[BETA_X5] mode=OFF radar_adj=0 mom= conf=0
[ALPHA_X13_BURST13] mode=OFF radar_adj=0 mom= conf=0
[BETA_X5] [1;36m15:58:43[0m [1;33mx5[0m [1;36m#3[0m SKIP tension=[1;36m0.77606116[0m [0m| wall_not_collapsed
[BETA_X5] mode=OFF radar_adj=0 mom= conf=0
[ALPHA_X13_BURST13] [1;36m15:58:46[0m [1;32mx13[0m [1;36m#3[0m SKIP tension=[1;36m0.00000000[0m [0m| momentum_too_small [1;31mconf=0.3294[0m
[ALPHA_X13_BURST13] mode=OFF radar_adj=0 mom= conf=0
[BETA_X5] [1;36m15:58:52[0m [1;33mx5[0m [1;36m#4[0m SKIP tension=[1;36m0.00000000[0m [0m| momentum_too_small [1;31mconf=0.3328[0m
[BETA_X5] mode=OFF radar_adj=0 mom= conf=0
[ALPHA_X13_BURST13] [1;36m15:58:55[0m [1;32mx13[0m [1;36m#4[0m SKIP tension=[1;32m1.66439647[0m [0m| cold < 3.0 (vortex=OFF)
[ALPHA_X13_BURST13] mode=OFF radar_adj=0 mom= conf=0
[BETA_X5] [1;36m15:59:01[0m [1;33mx5[0m [1;36m#5[0m SKIP tension=[1;36m0.00000000[0m [0m| momentum_too_small [1;31mconf=0.3317[0m
[BETA_X5] mode=OFF radar_adj=0 mom= conf=0
[ALPHA_X13_BURST13] [1;36m15:59:04[0m [1;32mx13[0m [1;36m#5[0m SKIP tension=[1;36m0.00002020[0m [0m| momentum_too_small [1;31mconf=0.0[0m
[ALPHA_X13_BURST13] mode=OFF radar_adj=0 mom= conf=0
[BETA_X5] [1;36m15:59:09[0m [1;33mx5[0m [1;36m#6[0m SKIP tension=[1;36m0.38003260[0m [0m| wall_not_collapsed
[BETA_X5] mode=OFF radar_adj=0 mom= conf=0
[ALPHA_X13_BURST13] [1;36m15:59:13[0m [1;32mx13[0m [1;36m#6[0m SKIP tension=[1;36m0.00000000[0m [0m| momentum_too_small [1;31mconf=0.3388[0m
[ALPHA_X13_BURST13] mode=OFF radar_adj=0 mom= conf=0
[BETA_X5] [1;36m15:59:17[0m [1;33mx5[0m [1;36m#7[0m SKIP tension=[1;32m1.00458301[0m [0m| cold < 3.0 (vortex=OFF)
[BETA_X5] mode=OFF radar_adj=0 mom= conf=0
[ALPHA_X13_BURST13] [1;36m15:59:22[0m [1;32mx13[0m [1;36m#7[0m SKIP tension=[1;36m0.13307014[0m [0m| direction_unclear [1;31mconf=0.0125[0m
[ALPHA_X13_BURST13] mode=OFF radar_adj=0 mom= conf=0
[BETA_X5] [1;36m15:59:26[0m [1;33mx5[0m [1;36m#8[0m SKIP tension=[1;36m0.13297208[0m [0m| direction_unclear [1;31mconf=0.215[0m
[BETA_X5] mode=OFF radar_adj=0 mom= conf=0
[ALPHA_X13_BURST13] [1;36m15:59:31[0m [1;32mx13[0m [1;36m#8[0m SKIP tension=[1;36m0.66526756[0m [0m| wall_not_collapsed
[BETA_X5] [1;36m15:59:34[0m [1;33mx5[0m [1;36m#9[0m SKIP tension=[1;36m0.13440217[0m [0m| direction_unclear [1;31mconf=0.2106[0m
[ALPHA_X13_BURST13] mode=OFF radar_adj=0 mom= conf=0
[BETA_X5] mode=OFF radar_adj=0 mom= conf=0
[ALPHA_X13_BURST13] [1;36m15:59:40[0m [1;32mx13[0m [1;36m#9[0m SKIP tension=[1;32m1.18712977[0m [0m| cold < 3.0 (vortex=OFF)
[BETA_X5] [1;36m15:59:42[0m [1;33mx5[0m [1;36m#10[0m SKIP tension=[1;36m0.00000000[0m [0m| momentum_too_small [1;31mconf=0.3395[0m
[ALPHA_X13_BURST13] mode=OFF radar_adj=0 mom= conf=0
[BETA_X5] mode=OFF radar_adj=0 mom= conf=0
[ALPHA_X13_BURST13] [1;36m15:59:48[0m [1;32mx13[0m [1;36m#10[0m SKIP tension=[1;36m0.00000000[0m [0m| momentum_too_small [1;31mconf=0.2929[0m
[BETA_X5] [1;36m15:59:50[0m [1;33mx5[0m [1;36m#11[0m SKIP tension=[1;36m0.13441165[0m [0m| direction_unclear [1;31mconf=0.2182[0m
[ALPHA_X13_BURST13] mode=OFF radar_adj=0 mom= conf=0
[BETA_X5] mode=OFF radar_adj=0 mom= conf=0
[ALPHA_X13_BURST13] [1;36m15:59:57[0m [1;32mx13[0m [1;36m#11[0m SKIP tension=[1;36m0.13298221[0m [0m| direction_unclear [1;31mconf=0.2176[0m
[BETA_X5] [1;36m15:59:59[0m [1;33mx5[0m [1;36m#12[0m SKIP tension=[1;36m0.13304726[0m [0m| direction_unclear [1;31mconf=0.2215[0m
[ALPHA_X13_BURST13] mode=OFF radar_adj=0 mom= conf=0
[BETA_X5] mode=OFF radar_adj=0 mom= conf=0
[ALPHA_X13_BURST13] [1;36m16:00:06[0m [1;32mx13[0m [1;36m#12[0m SKIP tension=[1;36m0.13442932[0m [0m| direction_unclear [1;31mconf=0.1963[0m
[BETA_X5] [1;36m16:00:06[0m [1;33mx5[0m [1;36m#13[0m SKIP tension=[1;36m0.00000000[0m [0m| momentum_too_small [1;31mconf=0.3453[0m
[ALPHA_X13_BURST13] mode=OFF radar_adj=0 mom= conf=0
[BETA_X5] mode=OFF radar_adj=0 mom= conf=0
[ALPHA_X13_BURST13] [1;36m16:00:14[0m [1;32mx13[0m [1;36m#13[0m SKIP tension=[1;36m0.13306639[0m [0m| direction_unclear [1;31mconf=0.1899[0m
[BETA_X5] [1;36m16:00:15[0m [1;33mx5[0m [1;36m#14[0m SKIP tension=[1;36m0.13314750[0m [0m| direction_unclear [1;31mconf=0.1979[0m
[ALPHA_X13_BURST13] mode=OFF radar_adj=0 mom= conf=0
[BETA_X5] mode=OFF radar_adj=0 mom= conf=0
[ALPHA_X13_BURST13] [1;36m16:00:23[0m [1;32mx13[0m [1;36m#14[0m SKIP tension=[1;36m0.00003283[0m [0m| momentum_too_small [1;31mconf=0.0001[0m
[BETA_X5] [1;36m16:00:23[0m [1;33mx5[0m [1;36m#15[0m SKIP tension=[1;36m0.13306864[0m [0m| direction_unclear [1;31mconf=0.1941[0m
[ALPHA_X13_BURST13] mode=OFF radar_adj=0 mom= conf=0
[BETA_X5] mode=OFF radar_adj=0 mom= conf=0
[BETA_X5] [1;36m16:00:32[0m [1;33mx5[0m [1;36m#16[0m SKIP tension=[1;36m0.00000000[0m [0m| momentum_too_small [1;31mconf=0.3446[0m
[ALPHA_X13_BURST13] [1;36m16:00:32[0m [1;32mx13[0m [1;36m#15[0m SKIP tension=[1;36m0.00108408[0m [0m| momentum_too_small [1;31mconf=0.0018[0m
[BETA_X5] mode=OFF radar_adj=0 mom= conf=0
[ALPHA_X13_BURST13] mode=OFF radar_adj=0 mom= conf=0
[BETA_X5] [1;36m16:00:41[0m [1;33mx5[0m [1;36m#17[0m SKIP tension=[1;36m0.00000000[0m [0m| momentum_too_small [1;31mconf=0.3402[0m
[ALPHA_X13_BURST13] [1;36m16:00:41[0m [1;32mx13[0m [1;36m#16[0m SKIP tension=[1;36m0.13454042[0m [0m| direction_unclear [1;31mconf=0.0132[0m
[BETA_X5] mode=OFF radar_adj=0 mom= conf=0
[ALPHA_X13_BURST13] mode=OFF radar_adj=0 mom= conf=0
[BETA_X5] [1;36m16:00:49[0m [1;33mx5[0m [1;36m#18[0m SKIP tension=[1;36m0.00000743[0m [0m| momentum_too_small [1;31mconf=0.0[0m
[ALPHA_X13_BURST13] [1;36m16:00:50[0m [1;32mx13[0m [1;36m#17[0m SKIP tension=[1;32m1.31246984[0m [0m| cold < 3.0 (vortex=OFF)
[BETA_X5] mode=OFF radar_adj=0 mom= conf=0
[ALPHA_X13_BURST13] mode=OFF radar_adj=0 mom= conf=0
[BETA_X5] [1;36m16:00:58[0m [1;33mx5[0m [1;36m#19[0m SKIP tension=[1;36m0.56191778[0m [0m| wall_not_collapsed
[ALPHA_X13_BURST13] [1;36m16:01:00[0m [1;32mx13[0m [1;36m#18[0m SKIP tension=[1;36m0.56371426[0m [0m| wall_not_collapsed
[BETA_X5] mode=OFF radar_adj=0 mom= conf=0
[ALPHA_X13_BURST13] mode=OFF radar_adj=0 mom= conf=0
[BETA_X5] [1;36m16:01:06[0m [1;33mx5[0m [1;36m#20[0m SKIP tension=[1;36m0.00000000[0m [0m| momentum_too_small [1;31mconf=0.3229[0m
[ALPHA_X13_BURST13] [1;36m16:01:08[0m [1;32mx13[0m [1;36m#19[0m SKIP tension=[1;36m0.00000166[0m [0m| momentum_too_small [1;31mconf=0.0[0m
[BETA_X5] mode=OFF radar_adj=0 mom= conf=0
[ALPHA_X13_BURST13] mode=OFF radar_adj=0 mom= conf=0
[BETA_X5] [1;36m16:01:14[0m [1;33mx5[0m [1;36m#21[0m SKIP tension=[1;32m1.89469002[0m [0m| cold < 3.0 (vortex=OFF)
[BETA_X5] mode=OFF radar_adj=0 mom= conf=0
[ALPHA_X13_BURST13] [1;36m16:01:17[0m [1;32mx13[0m [1;36m#20[0m SKIP tension=[1;36m0.00000000[0m [0m| momentum_too_small [1;31mconf=0.3497[0m
[ALPHA_X13_BURST13] mode=OFF radar_adj=0 mom= conf=0
[BETA_X5] [1;36m16:01:22[0m [1;33mx5[0m [1;36m#22[0m SKIP tension=[1;36m0.38083793[0m [0m| wall_not_collapsed
[BETA_X5] mode=OFF radar_adj=0 mom= conf=0
[ALPHA_X13_BURST13] [1;36m16:01:26[0m [1;32mx13[0m [1;36m#21[0m SKIP tension=[1;36m0.00000000[0m [0m| momentum_too_small [1;31mconf=0.3456[0m
[ALPHA_X13_BURST13] mode=OFF radar_adj=0 mom= conf=0
[BETA_X5] [1;36m16:01:30[0m [1;33mx5[0m [1;36m#23[0m SKIP tension=[1;36m0.00000000[0m [0m| momentum_too_small [1;31mconf=0.3253[0m
[BETA_X5] mode=OFF radar_adj=0 mom= conf=0
[ALPHA_X13_BURST13] [1;36m16:01:34[0m [1;32mx13[0m [1;36m#22[0m SKIP tension=[1;36m0.00000000[0m [0m| momentum_too_small [1;31mconf=0.3392[0m
[ALPHA_X13_BURST13] mode=OFF radar_adj=0 mom= conf=0
[BETA_X5] [1;36m16:01:38[0m [1;33mx5[0m [1;36m#24[0m SKIP tension=[1;36m0.00002131[0m [0m| momentum_too_small [1;31mconf=0.0[0m
[BETA_X5] mode=OFF radar_adj=0 mom= conf=0
[ALPHA_X13_BURST13] [1;36m16:01:43[0m [1;32mx13[0m [1;36m#23[0m SKIP tension=[1;36m0.38135152[0m [0m| wall_not_collapsed
[ALPHA_X13_BURST13] mode=OFF radar_adj=0 mom= conf=0
[BETA_X5] [1;36m16:01:47[0m [1;33mx5[0m [1;36m#25[0m SKIP tension=[1;36m0.00000000[0m [0m| momentum_too_small [1;31mconf=0.3209[0m
[BETA_X5] mode=OFF radar_adj=0 mom= conf=0
[ALPHA_X13_BURST13] [1;36m16:01:51[0m [1;32mx13[0m [1;36m#24[0m SKIP tension=[1;36m0.00000000[0m [0m| momentum_too_small [1;31mconf=0.28[0m
[ALPHA_X13_BURST13] mode=OFF radar_adj=0 mom= conf=0
[BETA_X5] [1;36m16:01:55[0m [1;33mx5[0m [1;36m#26[0m SKIP tension=[1;36m0.00000543[0m [0m| momentum_too_small [1;31mconf=0.0[0m
[BETA_X5] mode=OFF radar_adj=0 mom= conf=0
[ALPHA_X13_BURST13] [1;36m16:02:00[0m [1;32mx13[0m [1;36m#25[0m SKIP tension=[1;36m0.38158089[0m [0m| wall_not_collapsed
[ALPHA_X13_BURST13] mode=OFF radar_adj=0 mom= conf=0
[BETA_X5] [1;36m16:02:03[0m [1;33mx5[0m [1;36m#27[0m SKIP tension=[1;36m0.00000000[0m [0m| momentum_too_small [1;31mconf=0.2432[0m
[BETA_X5] mode=OFF radar_adj=0 mom= conf=0
[ALPHA_X13_BURST13] [1;36m16:02:08[0m [1;32mx13[0m [1;36m#26[0m SKIP tension=[1;36m0.00001834[0m [0m| momentum_too_small [1;31mconf=0.0[0m
[BETA_X5] [1;36m16:02:11[0m [1;33mx5[0m [1;36m#28[0m SKIP tension=[1;36m0.00004173[0m [0m| momentum_too_small [1;31mconf=0.0001[0m
[ALPHA_X13_BURST13] mode=OFF radar_adj=0 mom= conf=0
[BETA_X5] mode=OFF radar_adj=0 mom= conf=0
[ALPHA_X13_BURST13] [1;36m16:02:17[0m [1;32mx13[0m [1;36m#27[0m SKIP tension=[1;33m0.94170605[0m [0m| wall_not_collapsed
[BETA_X5] [1;36m16:02:19[0m [1;33mx5[0m [1;36m#29[0m SKIP tension=[1;36m0.00004840[0m [0m| momentum_too_small [1;31mconf=0.0001[0m
[ALPHA_X13_BURST13] mode=OFF radar_adj=0 mom= conf=0
[BETA_X5] mode=OFF radar_adj=0 mom= conf=0
[ALPHA_X13_BURST13] [1;36m16:02:26[0m [1;32mx13[0m [1;36m#28[0m SKIP tension=[1;36m0.26761653[0m [0m| wall_not_collapsed
[BETA_X5] [1;36m16:02:28[0m [1;33mx5[0m [1;36m#30[0m SKIP tension=[1;32m1.66304432[0m [0m| cold < 3.0 (vortex=OFF)
[ALPHA_X13_BURST13] mode=OFF radar_adj=0 mom= conf=0
[BETA_X5] mode=OFF radar_adj=0 mom= conf=0
[ALPHA_X13_BURST13] [1;36m16:02:35[0m [1;32mx13[0m [1;36m#29[0m SKIP tension=[1;36m0.00002774[0m [0m| momentum_too_small [1;31mconf=0.0[0m
[BETA_X5] [1;36m16:02:36[0m [1;33mx5[0m [1;36m#31[0m SKIP tension=[1;36m0.13369899[0m [0m| direction_unclear [1;31mconf=0.1417[0m
[ALPHA_X13_BURST13] mode=OFF radar_adj=0 mom= conf=0
[BETA_X5] mode=OFF radar_adj=0 mom= conf=0
[ALPHA_X13_BURST13] [1;36m16:02:44[0m [1;32mx13[0m [1;36m#30[0m SKIP tension=[1;32m1.23062729[0m [0m| cold < 3.0 (vortex=OFF)
[BETA_X5] [1;36m16:02:45[0m [1;33mx5[0m [1;36m#32[0m SKIP tension=[1;36m0.00000000[0m [0m| momentum_too_small [1;31mconf=0.3382[0m
[ALPHA_X13_BURST13] mode=OFF radar_adj=0 mom= conf=0
[BETA_X5] mode=OFF radar_adj=0 mom= conf=0
[ALPHA_X13_BURST13] [1;36m16:02:53[0m [1;32mx13[0m [1;36m#31[0m SKIP tension=[1;36m0.00100088[0m [0m| momentum_too_small [1;31mconf=0.0016[0m
[BETA_X5] [1;36m16:02:53[0m [1;33mx5[0m [1;36m#33[0m SKIP tension=[1;31m2.09781906[0m [0m| cold < 3.0 (vortex=OFF)
[ALPHA_X13_BURST13] mode=OFF radar_adj=0 mom= conf=0
[BETA_X5] mode=OFF radar_adj=0 mom= conf=0
[BETA_X5] [1;36m16:03:01[0m [1;33mx5[0m [1;36m#34[0m SKIP tension=[1;36m0.15178439[0m [0m| direction_unclear [1;31mconf=0.2444[0m
[ALPHA_X13_BURST13] [1;36m16:03:01[0m [1;32mx13[0m [1;36m#32[0m SKIP tension=[1;36m0.15178439[0m [0m| direction_unclear [1;31mconf=0.2444[0m
[BETA_X5] mode=OFF radar_adj=0 mom= conf=0
[ALPHA_X13_BURST13] mode=OFF radar_adj=0 mom= conf=0
[BETA_X5] [1;36m16:03:09[0m [1;33mx5[0m [1;36m#35[0m SKIP tension=[1;36m0.00001245[0m [0m| momentum_too_small [1;31mconf=0.0[0m
[ALPHA_X13_BURST13] [1;36m16:03:10[0m [1;32mx13[0m [1;36m#33[0m SKIP tension=[1;36m0.13367608[0m [0m| direction_unclear [1;31mconf=0.195[0m
[BETA_X5] mode=OFF radar_adj=0 mom= conf=0
[ALPHA_X13_BURST13] mode=OFF radar_adj=0 mom= conf=0
[BETA_X5] [1;36m16:03:17[0m [1;33mx5[0m [1;36m#36[0m SKIP tension=[1;36m0.33018175[0m [0m| wall_not_collapsed
[ALPHA_X13_BURST13] [1;36m16:03:18[0m [1;32mx13[0m [1;36m#34[0m SKIP tension=[1;36m0.33006894[0m [0m| wall_not_collapsed
[BETA_X5] mode=OFF radar_adj=0 mom= conf=0
[ALPHA_X13_BURST13] mode=OFF radar_adj=0 mom= conf=0
[BETA_X5] [1;36m16:03:25[0m [1;33mx5[0m [1;36m#37[0m SKIP tension=[1;36m0.00000000[0m [0m| momentum_too_small [1;31mconf=0.3486[0m
[ALPHA_X13_BURST13] [1;36m16:03:27[0m [1;32mx13[0m [1;36m#35[0m SKIP tension=[1;36m0.00003263[0m [0m| momentum_too_small [1;31mconf=0.0001[0m
[BETA_X5] mode=OFF radar_adj=0 mom= conf=0
[ALPHA_X13_BURST13] mode=OFF radar_adj=0 mom= conf=0
[BETA_X5] [1;36m16:03:34[0m [1;33mx5[0m [1;36m#38[0m SKIP tension=[1;36m0.52053562[0m [0m| wall_not_collapsed
[ALPHA_X13_BURST13] [1;36m16:03:35[0m [1;32mx13[0m [1;36m#36[0m SKIP tension=[1;36m0.00006117[0m [0m| momentum_too_small [1;31mconf=0.0001[0m
[BETA_X5] mode=OFF radar_adj=0 mom= conf=0
[ALPHA_X13_BURST13] mode=OFF radar_adj=0 mom= conf=0
[BETA_X5] [1;36m16:03:42[0m [1;33mx5[0m [1;36m#39[0m SKIP tension=[1;36m0.00000447[0m [0m| momentum_too_small [1;31mconf=0.0[0m
[BETA_X5] mode=OFF radar_adj=0 mom= conf=0
[ALPHA_X13_BURST13] [1;36m16:03:45[0m [1;32mx13[0m [1;36m#37[0m SKIP tension=[1;36m0.00171999[0m [0m| momentum_too_small [1;31mconf=0.0029[0m
[ALPHA_X13_BURST13] mode=OFF radar_adj=0 mom= conf=0
[BETA_X5] [1;36m16:03:50[0m [1;33mx5[0m [1;36m#40[0m SKIP tension=[1;36m0.00001369[0m [0m| momentum_too_small [1;31mconf=0.0[0m
[BETA_X5] mode=OFF radar_adj=0 mom= conf=0
[ALPHA_X13_BURST13] [1;36m16:03:54[0m [1;32mx13[0m [1;36m#38[0m SKIP tension=[1;36m0.00007449[0m [0m| momentum_too_small [1;31mconf=0.0001[0m
[ALPHA_X13_BURST13] mode=OFF radar_adj=0 mom= conf=0
[BETA_X5] [1;36m16:03:59[0m [1;33mx5[0m [1;36m#41[0m SKIP tension=[1;32m1.99036767[0m [0m| cold < 3.0 (vortex=OFF)
[BETA_X5] mode=OFF radar_adj=0 mom= conf=0
[ALPHA_X13_BURST13] [1;36m16:04:03[0m [1;32mx13[0m [1;36m#39[0m SKIP tension=[1;31m2.74908569[0m [0m| cold < 3.0 (vortex=OFF)
[ALPHA_X13_BURST13] mode=OFF radar_adj=0 mom= conf=0
[BETA_X5] [1;36m16:04:07[0m [1;33mx5[0m [1;36m#42[0m SKIP tension=[1;36m0.00002727[0m [0m| momentum_too_small [1;31mconf=0.0[0m
[BETA_X5] mode=OFF radar_adj=0 mom= conf=0
[ALPHA_X13_BURST13] [1;36m16:04:12[0m [1;32mx13[0m [1;36m#40[0m SKIP tension=[1;36m0.00018433[0m [0m| momentum_too_small [1;31mconf=0.0003[0m
[ALPHA_X13_BURST13] mode=OFF radar_adj=0 mom= conf=0
[BETA_X5] [1;36m16:04:15[0m [1;33mx5[0m [1;36m#43[0m SKIP tension=[1;36m0.04547175[0m [0m| direction_unclear [1;31mconf=0.0748[0m
[BETA_X5] mode=OFF radar_adj=0 mom= conf=0
[ALPHA_X13_BURST13] [1;36m16:04:20[0m [1;32mx13[0m [1;36m#41[0m SKIP tension=[1;36m0.00046616[0m [0m| momentum_too_small [1;31mconf=0.0007[0m
[BETA_X5] [1;36m16:04:23[0m [1;33mx5[0m [1;36m#44[0m SKIP tension=[1;36m0.01309463[0m [0m| direction_unclear [1;31mconf=0.0209[0m
[ALPHA_X13_BURST13] mode=OFF radar_adj=0 mom= conf=0
[BETA_X5] mode=OFF radar_adj=0 mom= conf=0
[ALPHA_X13_BURST13] [1;36m16:04:29[0m [1;32mx13[0m [1;36m#42[0m SKIP tension=[1;36m0.00002330[0m [0m| momentum_too_small [1;31mconf=0.0[0m
[ALPHA_X13_BURST13] mode=OFF radar_adj=0 mom= conf=0
[ALPHA_X13_BURST13] [1;36m16:04:38[0m [1;32mx13[0m [1;36m#43[0m SKIP tension=[1;32m1.25232143[0m [0m| cold < 3.0 (vortex=OFF)
[ALPHA_X13_BURST13] mode=OFF radar_adj=0 mom= conf=0
[ALPHA_X13_BURST13] [1;36m16:04:46[0m [1;32mx13[0m [1;36m#44[0m SKIP tension=[1;36m0.43030922[0m [0m| wall_not_collapsed
[ALPHA_X13_BURST13] mode=OFF radar_adj=0 mom= conf=0
[ALPHA_X13_BURST13] [1;36m16:04:55[0m [1;32mx13[0m [1;36m#45[0m SKIP tension=[1;36m0.00000000[0m [0m| momentum_too_small [1;31mconf=0.3476[0m
[ALPHA_X13_BURST13] mode=OFF radar_adj=0 mom= conf=0
[ALPHA_X13_BURST13] [1;36m16:05:04[0m [1;32mx13[0m [1;36m#46[0m SKIP tension=[1;36m0.00004614[0m [0m| momentum_too_small [1;31mconf=0.0001[0m
[BETA_X5] [1;36mCycle 45[0m [1;32mSOFT anomaly[0m [1;33m| pnl_abs=0.09086000 > 0.02500000[0m
[BETA_X5] [1;36mentry=16:04:35@64781.80000000[0m [1;33mx5[0m [1;36m#45[0m [1;32mBUY[0m tension=[1;31m5.07367093[0m hold=[1;36m29[0ms sec=[1;36m29[0m [0m| exit=64787.70000000 [1;32mconf=0.9894[0m [1;36mexit_time=16:05:04[0m [1;32mpnl=0.09086000 bps=0.91074962 pct=0.00910750% total=0.09086[0m
[ALPHA_X13_BURST13] mode=OFF radar_adj=0 mom= conf=0
[BETA_X5] mode=OFF radar_adj=0 mom= conf=0
[ALPHA_X13_BURST13] [1;36m16:05:13[0m [1;32mx13[0m [1;36m#47[0m SKIP tension=[1;36m0.00004988[0m [0m| momentum_too_small [1;31mconf=0.0001[0m
[BETA_X5] [1;36m16:05:14[0m [1;33mx5[0m [1;36m#46[0m SKIP tension=[1;36m0.00022052[0m [0m| momentum_too_small [1;31mconf=0.0004[0m
[ALPHA_X13_BURST13] mode=OFF radar_adj=0 mom= conf=0
[BETA_X5] mode=OFF radar_adj=0 mom= conf=0
[ALPHA_X13_BURST13] [1;36m16:05:22[0m [1;32mx13[0m [1;36m#48[0m SKIP tension=[1;36m0.00000544[0m [0m| momentum_too_small [1;31mconf=0.0[0m
[BETA_X5] [1;36m16:05:22[0m [1;33mx5[0m [1;36m#47[0m SKIP tension=[1;32m1.37966410[0m [0m| cold < 3.0 (vortex=OFF)
[ALPHA_X13_BURST13] mode=OFF radar_adj=0 mom= conf=0
[BETA_X5] mode=OFF radar_adj=0 mom= conf=0
[ALPHA_X13_BURST13] [1;36m16:05:30[0m [1;32mx13[0m [1;36m#49[0m SKIP tension=[1;36m0.00001237[0m [0m| momentum_too_small [1;31mconf=0.0[0m
[BETA_X5] [1;36m16:05:30[0m [1;33mx5[0m [1;36m#48[0m SKIP tension=[1;32m1.30387682[0m [0m| cold < 3.0 (vortex=OFF)
[ALPHA_X13_BURST13] mode=OFF radar_adj=0 mom= conf=0
[BETA_X5] mode=OFF radar_adj=0 mom= conf=0
[BETA_X5] [1;36m16:05:39[0m [1;33mx5[0m [1;36m#49[0m SKIP tension=[1;36m0.77232684[0m [0m| wall_not_collapsed
[ALPHA_X13_BURST13] [1;36m16:05:39[0m [1;32mx13[0m [1;36m#50[0m SKIP tension=[1;36m0.77232684[0m [0m| wall_not_collapsed
[BETA_X5] mode=OFF radar_adj=0 mom= conf=0
[ALPHA_X13_BURST13] mode=OFF radar_adj=0 mom= conf=0
[BETA_X5] [1;36m16:05:47[0m [1;33mx5[0m [1;36m#50[0m SKIP tension=[1;31m2.56065827[0m [0m| cold < 3.0 (vortex=OFF)
[ALPHA_X13_BURST13] [1;33m16:05:48[0m [1;33mSTORM_HUNTER[0m arm | tension=3.60355252 th=2.5 dir=long age=-
[ALPHA_X13_BURST13] [1;36m16:05:48[0m [1;32mx13[0m [1;36m#51[0m SKIP [1;33m| tension_stale age=7560ms>800ms (NUAGE)[0m
[BETA_X5] mode=OFF radar_adj=0 mom= conf=0
[ALPHA_X13_BURST13] mode=OFF radar_adj=0 mom= conf=0
[BETA_X5] [1;36m16:05:55[0m [1;33mx5[0m [1;36m#51[0m SKIP tension=[1;36m0.00000000[0m [0m| momentum_too_small [1;31mconf=0.3216[0m
[ALPHA_X13_BURST13] [1;36m16:05:57[0m [1;32mx13[0m [1;36m#52[0m SKIP tension=[1;32m1.29863062[0m [0m| cold < 3.0 (vortex=OFF)
[BETA_X5] mode=OFF radar_adj=0 mom= conf=0
[ALPHA_X13_BURST13] mode=OFF radar_adj=0 mom= conf=0
[ALPHA_X13_BURST13] [1;36m16:06:06[0m [1;32mx13[0m [1;36m#53[0m SKIP tension=[1;36m0.00055443[0m [0m| momentum_too_small [1;31mconf=0.0009[0m
[ALPHA_X13_BURST13] mode=OFF radar_adj=0 mom= conf=0
[ALPHA_X13_BURST13] [1;36m16:06:15[0m [1;32mx13[0m [1;36m#54[0m SKIP tension=[1;36m0.00008840[0m [0m| momentum_too_small [1;31mconf=0.0001[0m
[ALPHA_X13_BURST13] mode=OFF radar_adj=0 mom= conf=0
[ALPHA_X13_BURST13] [1;36m16:06:24[0m [1;32mx13[0m [1;36m#55[0m SKIP tension=[1;36m0.00029014[0m [0m| momentum_too_small [1;31mconf=0.0005[0m
[ALPHA_X13_BURST13] mode=OFF radar_adj=0 mom= conf=0
[ALPHA_X13_BURST13] [1;36m16:06:33[0m [1;32mx13[0m [1;36m#56[0m SKIP tension=[1;36m0.75700690[0m [0m| wall_not_collapsed
[BETA_X5] [1;36mCycle 52[0m [1;32mSOFT anomaly[0m [1;33m| pnl_abs=0.26144000 > 0.02500000[0m
[ALPHA_X13_BURST13] mode=OFF radar_adj=0 mom= conf=0
[BETA_X5] [1;36mentry=16:06:08@64795.10000000[0m [1;33mx5[0m [1;36m#52[0m [1;32mBUY[0m tension=[1;31m3.32060238[0m hold=[1;36m26[0ms sec=[1;36m26[0m [0m| exit=64829.50000000 [1;32mconf=0.919[0m [1;36mexit_time=16:06:35[0m [1;32mpnl=0.26144000 bps=5.30904343 pct=0.05309043% total=0.3523[0m
[BETA_X5] mode=OFF radar_adj=0 mom= conf=0
[ALPHA_X13_BURST13] [1;36m16:06:42[0m [1;32mx13[0m [1;36m#57[0m SKIP tension=[1;33m0.94614956[0m [0m| wall_not_collapsed
[ALPHA_X13_BURST13] mode=OFF radar_adj=0 mom= conf=0
[BETA_X5] [1;36m16:06:45[0m [1;33mx5[0m [1;36m#53[0m SKIP tension=[1;36m0.00740318[0m [0m| momentum_too_small [1;31mconf=0.0123[0m
[BETA_X5] mode=OFF radar_adj=0 mom= conf=0
[ALPHA_X13_BURST13] [1;36m16:06:51[0m [1;32mx13[0m [1;36m#58[0m SKIP tension=[1;31m2.63018850[0m [0m| cold < 3.0 (vortex=OFF)
[BETA_X5] [1;36m16:06:54[0m [1;33mx5[0m [1;36m#54[0m SKIP tension=[1;36m0.00117482[0m [0m| momentum_too_small [1;31mconf=0.002[0m
[ALPHA_X13_BURST13] mode=OFF radar_adj=0 mom= conf=0
[BETA_X5] mode=OFF radar_adj=0 mom= conf=0
[ALPHA_X13_BURST13] [1;36m16:07:00[0m [1;32mx13[0m [1;36m#59[0m SKIP tension=[1;36m0.00007110[0m [0m| momentum_too_small [1;31mconf=0.0001[0m
[BETA_X5] [1;36m16:07:02[0m [1;33mx5[0m [1;36m#55[0m SKIP tension=[1;36m0.53955617[0m [0m| wall_not_collapsed
[ALPHA_X13_BURST13] mode=OFF radar_adj=0 mom= conf=0
[BETA_X5] mode=OFF radar_adj=0 mom= conf=0
[ALPHA_X13_BURST13] [1;36m16:07:09[0m [1;32mx13[0m [1;36m#60[0m SKIP tension=[1;36m0.53946553[0m [0m| wall_not_collapsed
[BETA_X5] [1;36m16:07:11[0m [1;33mx5[0m [1;36m#56[0m SKIP tension=[1;36m0.00070983[0m [0m| momentum_too_small [1;31mconf=0.0012[0m
[ALPHA_X13_BURST13] mode=OFF radar_adj=0 mom= conf=0
[BETA_X5] mode=OFF radar_adj=0 mom= conf=0
[ALPHA_X13_BURST13] [1;36m16:07:18[0m [1;32mx13[0m [1;36m#61[0m SKIP tension=[1;32m1.46035560[0m [0m| cold < 3.0 (vortex=OFF)
[BETA_X5] [1;36m16:07:19[0m [1;33mx5[0m [1;36m#57[0m SKIP tension=[1;36m0.00186366[0m [0m| momentum_too_small [1;31mconf=0.0031[0m
[ALPHA_X13_BURST13] mode=OFF radar_adj=0 mom= conf=0
[BETA_X5] mode=OFF radar_adj=0 mom= conf=0
[ALPHA_X13_BURST13] [1;36m16:07:27[0m [1;32mx13[0m [1;36m#62[0m SKIP tension=[1;36m0.00000000[0m [0m| momentum_too_small [1;31mconf=0.349[0m
[BETA_X5] [1;36m16:07:27[0m [1;33mx5[0m [1;36m#58[0m SKIP tension=[1;36m0.00005796[0m [0m| momentum_too_small [1;31mconf=0.0001[0m
[ALPHA_X13_BURST13] mode=OFF radar_adj=0 mom= conf=0
[BETA_X5] mode=OFF radar_adj=0 mom= conf=0
[BETA_X5] [1;36m16:07:36[0m [1;33mx5[0m [1;36m#59[0m SKIP tension=[1;36m0.00770790[0m [0m| momentum_too_small [1;31mconf=0.0127[0m
[ALPHA_X13_BURST13] [1;36m16:07:36[0m [1;32mx13[0m [1;36m#63[0m SKIP tension=[1;36m0.00041187[0m [0m| momentum_too_small [1;31mconf=0.0007[0m
[BETA_X5] mode=OFF radar_adj=0 mom= conf=0
[ALPHA_X13_BURST13] mode=OFF radar_adj=0 mom= conf=0
[BETA_X5] [1;36m16:07:44[0m [1;33mx5[0m [1;36m#60[0m SKIP tension=[1;36m0.00002001[0m [0m| momentum_too_small [1;31mconf=0.0[0m
[ALPHA_X13_BURST13] [1;36m16:07:44[0m [1;32mx13[0m [1;36m#64[0m SKIP tension=[1;36m0.00000000[0m [0m| momentum_too_small [1;31mconf=0.3473[0m
[BETA_X5] mode=OFF radar_adj=0 mom= conf=0
[ALPHA_X13_BURST13] mode=OFF radar_adj=0 mom= conf=0
[BETA_X5] [1;36m16:07:52[0m [1;33mx5[0m [1;36m#61[0m SKIP tension=[1;36m0.00002002[0m [0m| momentum_too_small [1;31mconf=0.0[0m
[ALPHA_X13_BURST13] [1;36m16:07:53[0m [1;32mx13[0m [1;36m#65[0m SKIP tension=[1;36m0.00014825[0m [0m| momentum_too_small [1;31mconf=0.0002[0m
[BETA_X5] mode=OFF radar_adj=0 mom= conf=0
[ALPHA_X13_BURST13] mode=OFF radar_adj=0 mom= conf=0
[BETA_X5] [1;36m16:08:00[0m [1;33mx5[0m [1;36m#62[0m SKIP tension=[1;36m0.00018620[0m [0m| momentum_too_small [1;31mconf=0.0003[0m
[ALPHA_X13_BURST13] [1;36m16:08:01[0m [1;32mx13[0m [1;36m#66[0m SKIP tension=[1;36m0.00002002[0m [0m| momentum_too_small [1;31mconf=0.0[0m
[BETA_X5] mode=OFF radar_adj=0 mom= conf=0
[ALPHA_X13_BURST13] mode=OFF radar_adj=0 mom= conf=0
[BETA_X5] [1;36m16:08:08[0m [1;33mx5[0m [1;36m#63[0m SKIP tension=[1;36m0.00004005[0m [0m| momentum_too_small [1;31mconf=0.0001[0m
[ALPHA_X13_BURST13] [1;36m16:08:10[0m [1;32mx13[0m [1;36m#67[0m SKIP tension=[1;36m0.00014855[0m [0m| momentum_too_small [1;31mconf=0.0002[0m
[BETA_X5] mode=OFF radar_adj=0 mom= conf=0
[ALPHA_X13_BURST13] mode=OFF radar_adj=0 mom= conf=0
[BETA_X5] [1;36m16:08:16[0m [1;33mx5[0m [1;36m#64[0m SKIP tension=[1;36m0.00002403[0m [0m| momentum_too_small [1;31mconf=0.0[0m
[ALPHA_X13_BURST13] [1;36m16:08:18[0m [1;32mx13[0m [1;36m#68[0m SKIP tension=[1;36m0.00002002[0m [0m| momentum_too_small [1;31mconf=0.0[0m
[BETA_X5] mode=OFF radar_adj=0 mom= conf=0
[ALPHA_X13_BURST13] mode=OFF radar_adj=0 mom= conf=0
[BETA_X5] [1;36m16:08:24[0m [1;33mx5[0m [1;36m#65[0m SKIP tension=[1;36m0.00000000[0m [0m| momentum_too_small [1;31mconf=0.3473[0m
[ALPHA_X13_BURST13] [1;36m16:08:27[0m [1;32mx13[0m [1;36m#69[0m SKIP tension=[1;36m0.01313582[0m [0m| direction_unclear [1;31mconf=0.0217[0m
[BETA_X5] mode=OFF radar_adj=0 mom= conf=0
[ALPHA_X13_BURST13] mode=OFF radar_adj=0 mom= conf=0
[BETA_X5] [1;36m16:08:32[0m [1;33mx5[0m [1;36m#66[0m SKIP tension=[1;36m0.00000000[0m [0m| momentum_too_small [1;31mconf=0.3473[0m
[BETA_X5] mode=OFF radar_adj=0 mom= conf=0
[ALPHA_X13_BURST13] [1;36m16:08:35[0m [1;32mx13[0m [1;36m#70[0m SKIP tension=[1;36m0.00126326[0m [0m| momentum_too_small [1;31mconf=0.0021[0m
[ALPHA_X13_BURST13] mode=OFF radar_adj=0 mom= conf=0
[BETA_X5] [1;36m16:08:40[0m [1;33mx5[0m [1;36m#67[0m SKIP tension=[1;36m0.00090687[0m [0m| momentum_too_small [1;31mconf=0.0015[0m
[BETA_X5] mode=OFF radar_adj=0 mom= conf=0
[ALPHA_X13_BURST13] [1;36m16:08:44[0m [1;32mx13[0m [1;36m#71[0m SKIP tension=[1;36m0.00108507[0m [0m| momentum_too_small [1;31mconf=0.0018[0m
[ALPHA_X13_BURST13] mode=OFF radar_adj=0 mom= conf=0
[BETA_X5] [1;36m16:08:49[0m [1;33mx5[0m [1;36m#68[0m SKIP tension=[1;36m0.00067100[0m [0m| momentum_too_small [1;31mconf=0.0011[0m
[BETA_X5] mode=OFF radar_adj=0 mom= conf=0
[ALPHA_X13_BURST13] [1;36m16:08:53[0m [1;32mx13[0m [1;36m#72[0m SKIP tension=[1;36m0.00039482[0m [0m| momentum_too_small [1;31mconf=0.0007[0m
[ALPHA_X13_BURST13] mode=OFF radar_adj=0 mom= conf=0
[BETA_X5] [1;36m16:08:57[0m [1;33mx5[0m [1;36m#69[0m SKIP tension=[1;36m0.00001608[0m [0m| momentum_too_small [1;31mconf=0.0[0m
[BETA_X5] mode=OFF radar_adj=0 mom= conf=0
[ALPHA_X13_BURST13] [1;36m16:09:01[0m [1;32mx13[0m [1;36m#73[0m SKIP tension=[1;36m0.01999300[0m [0m| direction_unclear [1;31mconf=0.0331[0m
[ALPHA_X13_BURST13] mode=OFF radar_adj=0 mom= conf=0
[BETA_X5] [1;36m16:09:04[0m [1;33mx5[0m [1;36m#70[0m SKIP tension=[1;36m0.00302194[0m [0m| momentum_too_small [1;31mconf=0.005[0m
[BETA_X5] mode=OFF radar_adj=0 mom= conf=0
[ALPHA_X13_BURST13] [1;36m16:09:09[0m [1;32mx13[0m [1;36m#74[0m SKIP tension=[1;36m0.00000000[0m [0m| momentum_too_small [1;31mconf=0.3409[0m
[ALPHA_X13_BURST13] mode=OFF radar_adj=0 mom= conf=0
[BETA_X5] [1;36m16:09:14[0m [1;33mx5[0m [1;36m#71[0m SKIP tension=[1;36m0.00642031[0m [0m| momentum_too_small [1;31mconf=0.0104[0m
[BETA_X5] mode=OFF radar_adj=0 mom= conf=0
[ALPHA_X13_BURST13] [1;36m16:09:19[0m [1;32mx13[0m [1;36m#75[0m SKIP tension=[1;36m0.02120815[0m [0m| direction_unclear [1;31mconf=0.0131[0m
[ALPHA_X13_BURST13] mode=OFF radar_adj=0 mom= conf=0
[BETA_X5] [1;36m16:09:22[0m [1;33mx5[0m [1;36m#72[0m SKIP tension=[1;36m0.00488002[0m [0m| momentum_too_small [1;31mconf=0.008[0m
[BETA_X5] mode=OFF radar_adj=0 mom= conf=0
[ALPHA_X13_BURST13] [1;36m16:09:27[0m [1;32mx13[0m [1;36m#76[0m SKIP tension=[1;32m1.64304738[0m [0m| cold < 3.0 (vortex=OFF)
[ALPHA_X13_BURST13] mode=OFF radar_adj=0 mom= conf=0
[BETA_X5] [1;36m16:09:30[0m [1;33mx5[0m [1;36m#73[0m SKIP tension=[1;36m0.00000000[0m [0m| momentum_too_small [1;31mconf=0.348[0m
[BETA_X5] mode=OFF radar_adj=0 mom= conf=0
[ALPHA_X13_BURST13] [1;36m16:09:36[0m [1;32mx13[0m [1;36m#77[0m SKIP tension=[1;32m1.48471393[0m [0m| cold < 3.0 (vortex=OFF)
[ALPHA_X13_BURST13] mode=OFF radar_adj=0 mom= conf=0
[BETA_X5] [1;36m16:09:39[0m [1;33mx5[0m [1;36m#74[0m SKIP tension=[1;36m0.15000882[0m [0m| direction_unclear [1;31mconf=0.2483[0m
[BETA_X5] mode=OFF radar_adj=0 mom= conf=0
[ALPHA_X13_BURST13] [1;36m16:09:45[0m [1;32mx13[0m [1;36m#78[0m SKIP tension=[1;36m0.00186719[0m [0m| momentum_too_small [1;31mconf=0.0031[0m
[BETA_X5] [1;36m16:09:47[0m [1;33mx5[0m [1;36m#75[0m SKIP tension=[1;36m0.00082328[0m [0m| momentum_too_small [1;31mconf=0.0013[0m
[ALPHA_X13_BURST13] mode=OFF radar_adj=0 mom= conf=0
[BETA_X5] mode=OFF radar_adj=0 mom= conf=0
[ALPHA_X13_BURST13] [1;36m16:09:53[0m [1;32mx13[0m [1;36m#79[0m SKIP tension=[1;36m0.00000000[0m [0m| momentum_too_small [1;31mconf=0.3328[0m
[BETA_X5] [1;36m16:09:56[0m [1;33mx5[0m [1;36m#76[0m SKIP tension=[1;32m1.48078534[0m [0m| cold < 3.0 (vortex=OFF)
[ALPHA_X13_BURST13] mode=OFF radar_adj=0 mom= conf=0
[BETA_X5] mode=OFF radar_adj=0 mom= conf=0
[ALPHA_X13_BURST13] [1;36m16:10:02[0m [1;32mx13[0m [1;36m#80[0m SKIP tension=[1;36m0.00006220[0m [0m| momentum_too_small [1;31mconf=0.0001[0m
[BETA_X5] [1;36m16:10:04[0m [1;33mx5[0m [1;36m#77[0m SKIP tension=[1;31m2.48792093[0m [0m| cold < 3.0 (vortex=OFF)
[ALPHA_X13_BURST13] mode=OFF radar_adj=0 mom= conf=0
[BETA_X5] mode=OFF radar_adj=0 mom= conf=0
[ALPHA_X13_BURST13] [1;36m16:10:10[0m [1;32mx13[0m [1;36m#81[0m SKIP tension=[1;36m0.00000000[0m [0m| momentum_too_small [1;31mconf=0.3176[0m
[BETA_X5] [1;36m16:10:11[0m [1;33mx5[0m [1;36m#78[0m SKIP tension=[1;36m0.00000000[0m [0m| momentum_too_small [1;31mconf=0.32[0m
[ALPHA_X13_BURST13] mode=OFF radar_adj=0 mom= conf=0
[BETA_X5] mode=OFF radar_adj=0 mom= conf=0
[ALPHA_X13_BURST13] [1;36m16:10:18[0m [1;32mx13[0m [1;36m#82[0m SKIP tension=[1;36m0.00000541[0m [0m| momentum_too_small [1;31mconf=0.0[0m
[BETA_X5] [1;36m16:10:20[0m [1;33mx5[0m [1;36m#79[0m SKIP tension=[1;36m0.00004041[0m [0m| momentum_too_small [1;31mconf=0.0001[0m
[ALPHA_X13_BURST13] mode=OFF radar_adj=0 mom= conf=0
[BETA_X5] mode=OFF radar_adj=0 mom= conf=0
[ALPHA_X13_BURST13] [1;36m16:10:27[0m [1;32mx13[0m [1;36m#83[0m SKIP tension=[1;36m0.00007110[0m [0m| momentum_too_small [1;31mconf=0.0001[0m
[BETA_X5] [1;36m16:10:27[0m [1;33mx5[0m [1;36m#80[0m SKIP tension=[1;36m0.00000000[0m [0m| momentum_too_small [1;31mconf=0.2963[0m
[ALPHA_X13_BURST13] mode=OFF radar_adj=0 mom= conf=0
[BETA_X5] mode=OFF radar_adj=0 mom= conf=0
[BETA_X5] [1;36m16:10:35[0m [1;33mx5[0m [1;36m#81[0m SKIP tension=[1;36m0.00018882[0m [0m| momentum_too_small [1;31mconf=0.0003[0m
[ALPHA_X13_BURST13] [1;36m16:10:36[0m [1;32mx13[0m [1;36m#84[0m SKIP tension=[1;31m2.85547490[0m [0m| cold < 3.0 (vortex=OFF)
[BETA_X5] mode=OFF radar_adj=0 mom= conf=0
[ALPHA_X13_BURST13] mode=OFF radar_adj=0 mom= conf=0
[BETA_X5] [1;36m16:10:43[0m [1;33mx5[0m [1;36m#82[0m SKIP tension=[1;36m0.00002439[0m [0m| momentum_too_small [1;31mconf=0.0[0m
[ALPHA_X13_BURST13] [1;36m16:10:44[0m [1;32mx13[0m [1;36m#85[0m SKIP tension=[1;36m0.00477789[0m [0m| momentum_too_small [1;31mconf=0.0079[0m
[BETA_X5] mode=OFF radar_adj=0 mom= conf=0
[ALPHA_X13_BURST13] mode=OFF radar_adj=0 mom= conf=0
[BETA_X5] [1;36m16:10:51[0m [1;33mx5[0m [1;36m#83[0m SKIP tension=[1;36m0.00007319[0m [0m| momentum_too_small [1;31mconf=0.0001[0m
[ALPHA_X13_BURST13] [1;36m16:10:53[0m [1;32mx13[0m [1;36m#86[0m SKIP tension=[1;36m0.00002624[0m [0m| momentum_too_small [1;31mconf=0.0[0m
[BETA_X5] mode=OFF radar_adj=0 mom= conf=0
[ALPHA_X13_BURST13] mode=OFF radar_adj=0 mom= conf=0
[BETA_X5] [1;36m16:11:00[0m [1;33mx5[0m [1;36m#84[0m SKIP tension=[1;36m0.00005959[0m [0m| momentum_too_small [1;31mconf=0.0001[0m
[ALPHA_X13_BURST13] [1;36m16:11:01[0m [1;32mx13[0m [1;36m#87[0m SKIP tension=[1;36m0.00000000[0m [0m| momentum_too_small [1;31mconf=0.3476[0m
[BETA_X5] mode=OFF radar_adj=0 mom= conf=0
[ALPHA_X13_BURST13] mode=OFF radar_adj=0 mom= conf=0
[BETA_X5] [1;36m16:11:08[0m [1;33mx5[0m [1;36m#85[0m SKIP tension=[1;36m0.00025192[0m [0m| momentum_too_small [1;31mconf=0.0004[0m
[ALPHA_X13_BURST13] [1;36m16:11:09[0m [1;32mx13[0m [1;36m#88[0m SKIP tension=[1;36m0.00000000[0m [0m| momentum_too_small [1;31mconf=0.3476[0m
[BETA_X5] mode=OFF radar_adj=0 mom= conf=0
[ALPHA_X13_BURST13] mode=OFF radar_adj=0 mom= conf=0
[BETA_X5] [1;36m16:11:17[0m [1;33mx5[0m [1;36m#86[0m SKIP tension=[1;36m0.00000000[0m [0m| momentum_too_small [1;31mconf=0.3463[0m
[ALPHA_X13_BURST13] [1;36m16:11:20[0m [1;32mx13[0m [1;36m#89[0m SKIP tension=[1;31m2.03107560[0m [0m| cold < 3.0 (vortex=OFF)
[BETA_X5] mode=OFF radar_adj=0 mom= conf=0
[ALPHA_X13_BURST13] mode=OFF radar_adj=0 mom= conf=0
[BETA_X5] [1;36m16:11:25[0m [1;33mx5[0m [1;36m#87[0m SKIP tension=[1;31m2.03096225[0m [0m| cold < 3.0 (vortex=OFF)
[BETA_X5] mode=OFF radar_adj=0 mom= conf=0
[ALPHA_X13_BURST13] [1;36m16:11:28[0m [1;32mx13[0m [1;36m#90[0m SKIP tension=[1;36m0.00000000[0m [0m| momentum_too_small [1;31mconf=0.3429[0m
[ALPHA_X13_BURST13] mode=OFF radar_adj=0 mom= conf=0
[BETA_X5] [1;36m16:11:33[0m [1;33mx5[0m [1;36m#88[0m SKIP tension=[1;36m0.00000000[0m [0m| momentum_too_small [1;31mconf=0.3429[0m
[BETA_X5] mode=OFF radar_adj=0 mom= conf=0
[ALPHA_X13_BURST13] [1;36m16:11:36[0m [1;32mx13[0m [1;36m#91[0m SKIP tension=[1;36m0.00004003[0m [0m| momentum_too_small [1;31mconf=0.0001[0m
[ALPHA_X13_BURST13] mode=OFF radar_adj=0 mom= conf=0
[BETA_X5] [1;36m16:11:41[0m [1;33mx5[0m [1;36m#89[0m SKIP tension=[1;36m0.07400223[0m [0m| direction_unclear [1;31mconf=0.1208[0m
[BETA_X5] mode=OFF radar_adj=0 mom= conf=0
[ALPHA_X13_BURST13] [1;36m16:11:45[0m [1;32mx13[0m [1;36m#92[0m SKIP tension=[1;36m0.00021921[0m [0m| momentum_too_small [1;31mconf=0.0004[0m
[ALPHA_X13_BURST13] mode=OFF radar_adj=0 mom= conf=0
[BETA_X5] [1;36m16:11:49[0m [1;33mx5[0m [1;36m#90[0m SKIP tension=[1;36m0.00010738[0m [0m| momentum_too_small [1;31mconf=0.0002[0m
[BETA_X5] mode=OFF radar_adj=0 mom= conf=0
[ALPHA_X13_BURST13] [1;36m16:11:53[0m [1;32mx13[0m [1;36m#93[0m SKIP tension=[1;36m0.00055926[0m [0m| momentum_too_small [1;31mconf=0.0009[0m
[ALPHA_X13_BURST13] mode=OFF radar_adj=0 mom= conf=0
[BETA_X5] [1;36m16:11:57[0m [1;33mx5[0m [1;36m#91[0m SKIP tension=[1;36m0.00021477[0m [0m| momentum_too_small [1;31mconf=0.0004[0m
[BETA_X5] mode=OFF radar_adj=0 mom= conf=0
[ALPHA_X13_BURST13] [1;36m16:12:01[0m [1;32mx13[0m [1;36m#94[0m SKIP tension=[1;36m0.00055487[0m [0m| momentum_too_small [1;31mconf=0.0009[0m
[ALPHA_X13_BURST13] mode=OFF radar_adj=0 mom= conf=0
[BETA_X5] [1;36m16:12:05[0m [1;33mx5[0m [1;36m#92[0m SKIP tension=[1;36m0.00000000[0m [0m| momentum_too_small [1;31mconf=0.3429[0m
[BETA_X5] mode=OFF radar_adj=0 mom= conf=0
[ALPHA_X13_BURST13] [1;36m16:12:09[0m [1;32mx13[0m [1;36m#95[0m SKIP tension=[1;36m0.00052415[0m [0m| momentum_too_small [1;31mconf=0.0009[0m
[ALPHA_X13_BURST13] mode=OFF radar_adj=0 mom= conf=0
[BETA_X5] [1;36m16:12:13[0m [1;33mx5[0m [1;36m#93[0m SKIP tension=[1;36m0.00047833[0m [0m| momentum_too_small [1;31mconf=0.0008[0m
[BETA_X5] mode=OFF radar_adj=0 mom= conf=0
[ALPHA_X13_BURST13] [1;36m16:12:17[0m [1;32mx13[0m [1;36m#96[0m SKIP tension=[1;36m0.00000000[0m [0m| momentum_too_small [1;31mconf=0.3429[0m
[ALPHA_X13_BURST13] mode=OFF radar_adj=0 mom= conf=0
[BETA_X5] [1;36m16:12:21[0m [1;33mx5[0m [1;36m#94[0m SKIP tension=[1;31m2.89574175[0m [0m| cold < 3.0 (vortex=OFF)
[BETA_X5] mode=OFF radar_adj=0 mom= conf=0
[ALPHA_X13_BURST13] [1;36m16:12:26[0m [1;32mx13[0m [1;36m#97[0m SKIP tension=[1;36m0.01444464[0m [0m| direction_unclear [1;31mconf=0.0131[0m
[BETA_X5] [1;36m16:12:29[0m [1;33mx5[0m [1;36m#95[0m SKIP tension=[1;36m0.00018890[0m [0m| momentum_too_small [1;31mconf=0.0003[0m
[ALPHA_X13_BURST13] mode=OFF radar_adj=0 mom= conf=0
[BETA_X5] mode=OFF radar_adj=0 mom= conf=0
[ALPHA_X13_BURST13] [1;36m16:12:35[0m [1;32mx13[0m [1;36m#98[0m SKIP tension=[1;36m0.00028923[0m [0m| momentum_too_small [1;31mconf=0.0005[0m
[BETA_X5] [1;36m16:12:37[0m [1;33mx5[0m [1;36m#96[0m SKIP tension=[1;36m0.00072303[0m [0m| momentum_too_small [1;31mconf=0.0012[0m
[ALPHA_X13_BURST13] mode=OFF radar_adj=0 mom= conf=0
[BETA_X5] mode=OFF radar_adj=0 mom= conf=0
[ALPHA_X13_BURST13] [1;36m16:12:45[0m [1;32mx13[0m [1;36m#99[0m SKIP tension=[1;36m0.00031079[0m [0m| momentum_too_small [1;31mconf=0.0005[0m
[BETA_X5] [1;36m16:12:45[0m [1;33mx5[0m [1;36m#97[0m SKIP tension=[1;36m0.00052572[0m [0m| momentum_too_small [1;31mconf=0.0009[0m
[ALPHA_X13_BURST13] mode=OFF radar_adj=0 mom= conf=0
[BETA_X5] mode=OFF radar_adj=0 mom= conf=0
[BETA_X5] [1;36m16:12:53[0m [1;33mx5[0m [1;36m#98[0m SKIP tension=[1;36m0.00051775[0m [0m| momentum_too_small [1;31mconf=0.0008[0m
[ALPHA_X13_BURST13] [1;36m16:12:53[0m [1;32mx13[0m [1;36m#100[0m SKIP tension=[1;36m0.00051775[0m [0m| momentum_too_small [1;31mconf=0.0008[0m
[BETA_X5] mode=OFF radar_adj=0 mom= conf=0
[ALPHA_X13_BURST13] mode=OFF radar_adj=0 mom= conf=0
[BETA_X5] [1;36m16:13:02[0m [1;33mx5[0m [1;36m#99[0m SKIP tension=[1;32m1.35607530[0m [0m| cold < 3.0 (vortex=OFF)
[ALPHA_X13_BURST13] [1;36m16:13:02[0m [1;32mx13[0m [1;36m#101[0m SKIP tension=[1;32m1.35607530[0m [0m| cold < 3.0 (vortex=OFF)
[BETA_X5] mode=OFF radar_adj=0 mom= conf=0
[ALPHA_X13_BURST13] mode=OFF radar_adj=0 mom= conf=0
[BETA_X5] [1;36m16:13:10[0m [1;33mx5[0m [1;36m#100[0m SKIP tension=[1;36m0.00000000[0m [0m| momentum_too_small [1;31mconf=0.3429[0m
[ALPHA_X13_BURST13] [1;36m16:13:11[0m [1;32mx13[0m [1;36m#102[0m SKIP tension=[1;36m0.00000000[0m [0m| momentum_too_small [1;31mconf=0.3429[0m
[BETA_X5] mode=OFF radar_adj=0 mom= conf=0
[ALPHA_X13_BURST13] mode=OFF radar_adj=0 mom= conf=0
[BETA_X5] [1;36m16:13:19[0m [1;33mx5[0m [1;36m#101[0m SKIP tension=[1;36m0.02032918[0m [0m| direction_unclear [1;31mconf=0.0337[0m
[ALPHA_X13_BURST13] [1;36m16:13:19[0m [1;32mx13[0m [1;36m#103[0m SKIP tension=[1;36m0.00020227[0m [0m| momentum_too_small [1;31mconf=0.0003[0m
[BETA_X5] mode=OFF radar_adj=0 mom= conf=0
[ALPHA_X13_BURST13] mode=OFF radar_adj=0 mom= conf=0
[BETA_X5] [1;36m16:13:26[0m [1;33mx5[0m [1;36m#102[0m SKIP tension=[1;36m0.00005057[0m [0m| momentum_too_small [1;31mconf=0.0001[0m
[ALPHA_X13_BURST13] [1;36m16:13:28[0m [1;32mx13[0m [1;36m#104[0m SKIP tension=[1;36m0.00001498[0m [0m| momentum_too_small [1;31mconf=0.0[0m
[BETA_X5] mode=OFF radar_adj=0 mom= conf=0
[ALPHA_X13_BURST13] mode=OFF radar_adj=0 mom= conf=0
[BETA_X5] [1;36m16:13:34[0m [1;33mx5[0m [1;36m#103[0m SKIP tension=[1;36m0.00117719[0m [0m| momentum_too_small [1;31mconf=0.0019[0m
[ALPHA_X13_BURST13] [1;36m16:13:36[0m [1;32mx13[0m [1;36m#105[0m SKIP tension=[1;36m0.00036193[0m [0m| momentum_too_small [1;31mconf=0.0006[0m
[BETA_X5] mode=OFF radar_adj=0 mom= conf=0
[ALPHA_X13_BURST13] mode=OFF radar_adj=0 mom= conf=0
[BETA_X5] [1;36m16:13:42[0m [1;33mx5[0m [1;36m#104[0m SKIP tension=[1;36m0.00009752[0m [0m| momentum_too_small [1;31mconf=0.0002[0m
[BETA_X5] mode=OFF radar_adj=0 mom= conf=0
[ALPHA_X13_BURST13] [1;36m16:13:46[0m [1;32mx13[0m [1;36m#106[0m SKIP tension=[1;36m0.00090769[0m [0m| momentum_too_small [1;31mconf=0.0015[0m
[ALPHA_X13_BURST13] mode=OFF radar_adj=0 mom= conf=0
[BETA_X5] [1;36m16:13:50[0m [1;33mx5[0m [1;36m#105[0m SKIP tension=[1;36m0.00019709[0m [0m| momentum_too_small [1;31mconf=0.0003[0m
[BETA_X5] mode=OFF radar_adj=0 mom= conf=0
[ALPHA_X13_BURST13] [1;36m16:13:55[0m [1;32mx13[0m [1;36m#107[0m SKIP tension=[1;36m0.00000000[0m [0m| momentum_too_small [1;31mconf=0.3473[0m
[ALPHA_X13_BURST13] mode=OFF radar_adj=0 mom= conf=0
[BETA_X5] [1;36m16:13:59[0m [1;33mx5[0m [1;36m#106[0m SKIP tension=[1;36m0.00025838[0m [0m| momentum_too_small [1;31mconf=0.0004[0m
[BETA_X5] mode=OFF radar_adj=0 mom= conf=0
[ALPHA_X13_BURST13] [1;36m16:14:04[0m [1;32mx13[0m [1;36m#108[0m SKIP tension=[1;36m0.00008031[0m [0m| momentum_too_small [1;31mconf=0.0001[0m
[ALPHA_X13_BURST13] mode=OFF radar_adj=0 mom= conf=0
[BETA_X5] [1;36m16:14:07[0m [1;33mx5[0m [1;36m#107[0m SKIP tension=[1;32m1.45200360[0m [0m| cold < 3.0 (vortex=OFF)
[BETA_X5] mode=OFF radar_adj=0 mom= conf=0
[ALPHA_X13_BURST13] [1;36m16:14:12[0m [1;32mx13[0m [1;36m#109[0m SKIP tension=[1;32m1.60936531[0m [0m| cold < 3.0 (vortex=OFF)
[ALPHA_X13_BURST13] mode=OFF radar_adj=0 mom= conf=0
[BETA_X5] [1;36m16:14:16[0m [1;33mx5[0m [1;36m#108[0m SKIP tension=[1;36m0.00000000[0m [0m| momentum_too_small [1;31mconf=0.2674[0m
[BETA_X5] mode=OFF radar_adj=0 mom= conf=0
[ALPHA_X13_BURST13] [1;33m16:14:21[0m [1;33mSTORM_HUNTER[0m arm | tension=9.57803730 th=2.5 dir=long age=-
[ALPHA_X13_BURST13] [1;36m16:14:22[0m [1;32mx13[0m [1;36m#110[0m SKIP [1;33m| tension_stale age=4170ms>800ms (NUAGE)[0m
[BETA_X5] [1;36m16:14:24[0m [1;33mx5[0m [1;36m#109[0m SKIP tension=[1;36m0.00445357[0m [0m| momentum_too_small [1;31mconf=0.0066[0m
[ALPHA_X13_BURST13] mode=OFF radar_adj=0 mom= conf=0
[BETA_X5] mode=OFF radar_adj=0 mom= conf=0
[ALPHA_X13_BURST13] [1;36m16:14:30[0m [1;32mx13[0m [1;36m#111[0m SKIP tension=[1;36m0.00007949[0m [0m| momentum_too_small [1;31mconf=0.0001[0m
[BETA_X5] [1;36m16:14:32[0m [1;33mx5[0m [1;36m#110[0m SKIP tension=[1;36m0.00004912[0m [0m| momentum_too_small [1;31mconf=0.0001[0m
[ALPHA_X13_BURST13] mode=OFF radar_adj=0 mom= conf=0
[BETA_X5] mode=OFF radar_adj=0 mom= conf=0
[ALPHA_X13_BURST13] [1;36m16:14:39[0m [1;32mx13[0m [1;36m#112[0m SKIP tension=[1;36m0.00055600[0m [0m| momentum_too_small [1;31mconf=0.0009[0m
[BETA_X5] [1;36m16:14:41[0m [1;33mx5[0m [1;36m#111[0m SKIP tension=[1;36m0.00000888[0m [0m| momentum_too_small [1;31mconf=0.0[0m
[ALPHA_X13_BURST13] mode=OFF radar_adj=0 mom= conf=0
[BETA_X5] mode=OFF radar_adj=0 mom= conf=0
[ALPHA_X13_BURST13] [1;36m16:14:48[0m [1;32mx13[0m [1;36m#113[0m SKIP tension=[1;36m0.00000000[0m [0m| momentum_too_small [1;31mconf=0.3487[0m
[BETA_X5] [1;36m16:14:50[0m [1;33mx5[0m [1;36m#112[0m SKIP tension=[1;36m0.00010216[0m [0m| momentum_too_small [1;31mconf=0.0002[0m
[ALPHA_X13_BURST13] mode=OFF radar_adj=0 mom= conf=0
[BETA_X5] mode=OFF radar_adj=0 mom= conf=0
[ALPHA_X13_BURST13] [1;36m16:14:57[0m [1;32mx13[0m [1;36m#114[0m SKIP tension=[1;36m0.00000798[0m [0m| momentum_too_small [1;31mconf=0.0[0m
[BETA_X5] [1;36m16:14:58[0m [1;33mx5[0m [1;36m#113[0m SKIP tension=[1;36m0.00002588[0m [0m| momentum_too_small [1;31mconf=0.0[0m
[ALPHA_X13_BURST13] mode=OFF radar_adj=0 mom= conf=0
[BETA_X5] mode=OFF radar_adj=0 mom= conf=0
[ALPHA_X13_BURST13] [1;36m16:15:05[0m [1;32mx13[0m [1;36m#115[0m SKIP tension=[1;36m0.00053160[0m [0m| momentum_too_small [1;31mconf=0.0009[0m
[BETA_X5] [1;36m16:15:06[0m [1;33mx5[0m [1;36m#114[0m SKIP tension=[1;36m0.00041009[0m [0m| momentum_too_small [1;31mconf=0.0007[0m
[ALPHA_X13_BURST13] mode=OFF radar_adj=0 mom= conf=0
[BETA_X5] mode=OFF radar_adj=0 mom= conf=0
[ALPHA_X13_BURST13] [1;36m16:15:14[0m [1;32mx13[0m [1;36m#116[0m SKIP tension=[1;36m0.00001808[0m [0m| momentum_too_small [1;31mconf=0.0[0m
[BETA_X5] [1;36m16:15:15[0m [1;33mx5[0m [1;36m#115[0m SKIP tension=[1;36m0.00097796[0m [0m| momentum_too_small [1;31mconf=0.0016[0m
[ALPHA_X13_BURST13] mode=OFF radar_adj=0 mom= conf=0
[BETA_X5] mode=OFF radar_adj=0 mom= conf=0
[ALPHA_X13_BURST13] [1;36m16:15:23[0m [1;32mx13[0m [1;36m#117[0m SKIP tension=[1;31m2.09025941[0m [0m| cold < 3.0 (vortex=OFF)
[BETA_X5] [1;36m16:15:23[0m [1;33mx5[0m [1;36m#116[0m SKIP tension=[1;36m0.00000000[0m [0m| momentum_too_small [1;31mconf=0.3116[0m
[ALPHA_X13_BURST13] mode=OFF radar_adj=0 mom= conf=0
[BETA_X5] mode=OFF radar_adj=0 mom= conf=0
[ALPHA_X13_BURST13] [1;36m16:15:31[0m [1;32mx13[0m [1;36m#118[0m SKIP tension=[1;32m1.78064171[0m [0m| cold < 3.0 (vortex=OFF)
[ALPHA_X13_BURST13] mode=OFF radar_adj=0 mom= conf=0
[ALPHA_X13_BURST13] [1;36m16:15:39[0m [1;32mx13[0m [1;36m#119[0m SKIP tension=[1;31m2.16515647[0m [0m| cold < 3.0 (vortex=OFF)
[ALPHA_X13_BURST13] mode=OFF radar_adj=0 mom= conf=0
[ALPHA_X13_BURST13] [1;36m16:15:48[0m [1;32mx13[0m [1;36m#120[0m SKIP tension=[1;36m0.00001153[0m [0m| momentum_too_small [1;31mconf=0.0[0m
[ALPHA_X13_BURST13] mode=OFF radar_adj=0 mom= conf=0
[ALPHA_X13_BURST13] [1;36m16:15:56[0m [1;32mx13[0m [1;36m#121[0m SKIP tension=[1;36m0.00000000[0m [0m| momentum_too_small [1;31mconf=0.3497[0m
[ALPHA_X13_BURST13] mode=OFF radar_adj=0 mom= conf=0
[BETA_X5] [1;36mCycle 117[0m [1;32mSOFT anomaly[0m [1;33m| pnl_abs=0.03040000 > 0.02500000[0m
[BETA_X5] [1;36mentry=16:15:36@64893.00000000[0m [1;33mx5[0m [1;36m#117[0m [1;32mBUY[0m tension=[1;31m3.06744316[0m hold=[1;36m26[0ms sec=[1;36m26[0m [0m| exit=64897.00000000 [1;32mconf=0.9095[0m [1;36mexit_time=16:16:02[0m [1;32mpnl=0.03040000 bps=0.61639930 pct=0.00616399% total=0.3827[0m
[ALPHA_X13_BURST13] [1;36m16:16:05[0m [1;32mx13[0m [1;36m#122[0m SKIP tension=[1;36m0.00744254[0m [0m| direction_unclear [1;31mconf=0.0122[0m
[BETA_X5] mode=OFF radar_adj=0 mom= conf=0
[ALPHA_X13_BURST13] mode=OFF radar_adj=0 mom= conf=0
[BETA_X5] [1;36m16:16:12[0m [1;33mx5[0m [1;36m#118[0m SKIP tension=[1;36m0.00004706[0m [0m| momentum_too_small [1;31mconf=0.0001[0m
[ALPHA_X13_BURST13] [1;36m16:16:14[0m [1;32mx13[0m [1;36m#123[0m SKIP tension=[1;36m0.00003137[0m [0m| momentum_too_small [1;31mconf=0.0001[0m
[BETA_X5] mode=OFF radar_adj=0 mom= conf=0
[ALPHA_X13_BURST13] mode=OFF radar_adj=0 mom= conf=0
[BETA_X5] [1;36m16:16:20[0m [1;33mx5[0m [1;36m#119[0m SKIP tension=[1;36m0.00005116[0m [0m| momentum_too_small [1;31mconf=0.0001[0m
[ALPHA_X13_BURST13] [1;36m16:16:22[0m [1;32mx13[0m [1;36m#124[0m SKIP tension=[1;36m0.00002719[0m [0m| momentum_too_small [1;31mconf=0.0[0m
[BETA_X5] mode=OFF radar_adj=0 mom= conf=0
[ALPHA_X13_BURST13] mode=OFF radar_adj=0 mom= conf=0
[BETA_X5] [1;36m16:16:28[0m [1;33mx5[0m [1;36m#120[0m SKIP tension=[1;36m0.00953198[0m [0m| momentum_too_small [1;31mconf=0.0157[0m
[BETA_X5] mode=OFF radar_adj=0 mom= conf=0
[ALPHA_X13_BURST13] [1;36m16:16:31[0m [1;32mx13[0m [1;36m#125[0m SKIP tension=[1;36m0.00004915[0m [0m| momentum_too_small [1;31mconf=0.0001[0m
[ALPHA_X13_BURST13] mode=OFF radar_adj=0 mom= conf=0
[BETA_X5] [1;36m16:16:37[0m [1;33mx5[0m [1;36m#121[0m SKIP tension=[1;36m0.00000000[0m [0m| momentum_too_small [1;31mconf=0.3419[0m
[BETA_X5] mode=OFF radar_adj=0 mom= conf=0
[ALPHA_X13_BURST13] [1;36m16:16:40[0m [1;32mx13[0m [1;36m#126[0m SKIP tension=[1;36m0.00416070[0m [0m| momentum_too_small [1;31mconf=0.0067[0m
[ALPHA_X13_BURST13] mode=OFF radar_adj=0 mom= conf=0
[BETA_X5] [1;36m16:16:45[0m [1;33mx5[0m [1;36m#122[0m SKIP tension=[1;36m0.03046522[0m [0m| direction_unclear [1;31mconf=0.0467[0m
[BETA_X5] mode=OFF radar_adj=0 mom= conf=0
[ALPHA_X13_BURST13] [1;36m16:16:48[0m [1;32mx13[0m [1;36m#127[0m SKIP tension=[1;36m0.00000000[0m [0m| momentum_too_small [1;31mconf=0.3396[0m
[ALPHA_X13_BURST13] mode=OFF radar_adj=0 mom= conf=0
[ALPHA_X13_BURST13] [1;36m16:16:57[0m [1;32mx13[0m [1;36m#128[0m SKIP tension=[1;32m1.37224722[0m [0m| cold < 3.0 (vortex=OFF)
[ALPHA_X13_BURST13] mode=OFF radar_adj=0 mom= conf=0
[ALPHA_X13_BURST13] [1;36m16:17:05[0m [1;32mx13[0m [1;36m#129[0m SKIP tension=[1;36m0.19017383[0m [0m| direction_unclear [1;31mconf=0.3017[0m
[ALPHA_X13_BURST13] mode=OFF radar_adj=0 mom= conf=0
[ALPHA_X13_BURST13] [1;36m16:17:14[0m [1;32mx13[0m [1;36m#130[0m SKIP tension=[1;36m0.00001249[0m [0m| momentum_too_small [1;31mconf=0.0[0m
[ALPHA_X13_BURST13] mode=OFF radar_adj=0 mom= conf=0
[BETA_X5] [1;36mCycle 123[0m [1;32mSOFT anomaly[0m [1;33m| pnl_abs=0.12844000 > 0.02500000[0m
[ALPHA_X13_BURST13] [1;36m16:17:23[0m [1;32mx13[0m [1;36m#131[0m SKIP tension=[1;32m1.32470244[0m [0m| cold < 3.0 (vortex=OFF)
[BETA_X5] [1;36mentry=16:16:57@64880.20000000[0m [1;33mx5[0m [1;36m#123[0m [1;32mBUY[0m tension=[1;31m5.99836766[0m hold=[1;36m25[0ms sec=[1;36m25[0m [0m| exit=64897.10000000 [1;32mconf=0.8372[0m [1;36mexit_time=16:17:22[0m [1;32mpnl=0.12844000 bps=2.60480085 pct=0.02604801% total=0.5111399999999999[0m
[ALPHA_X13_BURST13] mode=OFF radar_adj=0 mom= conf=0
[BETA_X5] mode=OFF radar_adj=0 mom= conf=0
[ALPHA_X13_BURST13] [1;33m16:17:32[0m [1;33mSTORM_HUNTER[0m arm | tension=6.31058392 th=2.5 dir=long age=-
[ALPHA_X13_BURST13] [1;36m16:17:32[0m [1;32mx13[0m [1;36m#132[0m SKIP [1;33m| tension_stale age=6594ms>800ms (NUAGE)[0m
[ALPHA_X13_BURST13] mode=OFF radar_adj=0 mom= conf=0
[ALPHA_X13_BURST13] [1;33m16:17:41[0m [1;33mSTORM_HUNTER[0m arm | tension=6.31204098 th=2.5 dir=long age=-
[BETA_X5] [1;36mCycle 124[0m [1;32mSOFT anomaly[0m [1;33m| pnl_abs=0.05548000 > 0.02500000[0m
[BETA_X5] [1;36mentry=16:17:36@64874.60000000[0m [1;33mx5[0m [1;36m#124[0m [1;32mSELL[0m tension=[1;31m5.67653131[0m hold=[1;36m33[0ms sec=[1;36m33[0m [0m| exit=64867.30000000 [1;33mconf=0.7737[0m [1;36mexit_time=16:18:10[0m [1;32mpnl=0.05548000 bps=1.12524779 pct=0.01125248% total=0.5666199999999999[0m
[BETA_X5] mode=OFF radar_adj=0 mom= conf=0
[ALPHA_X13_BURST13] shockwave alpha->beta until_cycle=143
[ALPHA_X13_BURST13] [1;33mSWARM shockwave[0m [0m| alpha -> neighbor (fluid_exit_inversion)[0m
[ALPHA_X13_BURST13] [1;36mCycle 133[0m [1;32mSOFT anomaly[0m [1;33m| pnl_abs=1.48986000 > 0.02500000[0m
[ALPHA_X13_BURST13] [1;36mentry=16:17:46@64873.60000000[0m [1;32mx13[0m [1;36m#133[0m [1;31mBUY[0m tension=[1;31m6.31204098[0m hold=[1;36m30[0ms sec=[1;36m30[0m [0m| exit=64864.30000000 [1;32mconf=0.847[0m [1;36mexit_time=16:18:17[0m [1;31mpnl=-1.48986000 bps=-1.43355695 pct=-0.01433557% total=-0.9232400000000001[0m
[BETA_X5] [1;36m16:18:20[0m [1;33mx5[0m [1;36m#125[0m SKIP tension=[1;36m0.00000000[0m [0m| momentum_too_small [1;31mconf=0.2657[0m
[ALPHA_X13_BURST13] mode=OFF radar_adj=0 mom= conf=0
[BETA_X5] mode=OFF radar_adj=0 mom= conf=0
[ALPHA_X13_BURST13] [1;36m16:18:27[0m [1;32mx13[0m [1;36m#134[0m SKIP tension=[1;36m0.00004129[0m [0m| momentum_too_small [1;31mconf=0.0001[0m
[BETA_X5] [1;36m16:18:29[0m [1;33mx5[0m [1;36m#126[0m SKIP tension=[1;32m1.29398754[0m [0m| cold < 3.0 (vortex=OFF)
[ALPHA_X13_BURST13] mode=OFF radar_adj=0 mom= conf=0
[BETA_X5] mode=OFF radar_adj=0 mom= conf=0
[ALPHA_X13_BURST13] [1;36m16:18:36[0m [1;32mx13[0m [1;36m#135[0m SKIP tension=[1;36m0.00004964[0m [0m| momentum_too_small [1;31mconf=0.0001[0m
[BETA_X5] [1;36m16:18:37[0m [1;33mx5[0m [1;36m#127[0m SKIP tension=[1;36m0.77201061[0m [0m| wall_not_collapsed
[ALPHA_X13_BURST13] mode=OFF radar_adj=0 mom= conf=0
[BETA_X5] mode=OFF radar_adj=0 mom= conf=0
[ALPHA_X13_BURST13] [1;36m16:18:44[0m [1;32mx13[0m [1;36m#136[0m SKIP tension=[1;36m0.00000000[0m [0m| momentum_too_small [1;31mconf=0.323[0m
[BETA_X5] [1;36m16:18:46[0m [1;33mx5[0m [1;36m#128[0m SKIP tension=[1;36m0.00000000[0m [0m| momentum_too_small [1;31mconf=0.3466[0m
[ALPHA_X13_BURST13] mode=OFF radar_adj=0 mom= conf=0
[BETA_X5] mode=OFF radar_adj=0 mom= conf=0
[ALPHA_X13_BURST13] [1;36m16:18:53[0m [1;32mx13[0m [1;36m#137[0m SKIP tension=[1;36m0.00002094[0m [0m| momentum_too_small [1;31mconf=0.0[0m
[BETA_X5] [1;36m16:18:53[0m [1;33mx5[0m [1;36m#129[0m SKIP tension=[1;36m0.82686701[0m [0m| wall_not_collapsed
[ALPHA_X13_BURST13] mode=OFF radar_adj=0 mom= conf=0
[BETA_X5] mode=OFF radar_adj=0 mom= conf=0
[BETA_X5] [1;36m16:19:02[0m [1;33mx5[0m [1;36m#130[0m SKIP tension=[1;31m7.71916534[0m [0m| tactic long vs short
[ALPHA_X13_BURST13] [1;36m16:19:02[0m [1;32mx13[0m [1;36m#138[0m SKIP tension=[1;31m7.71916534[0m [0m| tactic long vs short
[BETA_X5] mode=OFF radar_adj=0 mom= conf=0
[ALPHA_X13_BURST13] mode=OFF radar_adj=0 mom= conf=0
[BETA_X5] [1;36m16:19:10[0m [1;33mx5[0m [1;36m#131[0m SKIP tension=[1;36m0.00000000[0m [0m| momentum_too_small [1;31mconf=0.3143[0m
[ALPHA_X13_BURST13] [1;36m16:19:11[0m [1;32mx13[0m [1;36m#139[0m SKIP tension=[1;36m0.32368525[0m [0m| wall_not_collapsed
[BETA_X5] mode=OFF radar_adj=0 mom= conf=0
[ALPHA_X13_BURST13] mode=OFF radar_adj=0 mom= conf=0
[BETA_X5] [1;36m16:19:19[0m [1;33mx5[0m [1;36m#132[0m SKIP tension=[1;32m1.34246777[0m [0m| cold < 3.0 (vortex=OFF)
[ALPHA_X13_BURST13] [1;36m16:19:19[0m [1;32mx13[0m [1;36m#140[0m SKIP tension=[1;31m2.49543162[0m [0m| cold < 3.0 (vortex=OFF)
[BETA_X5] mode=OFF radar_adj=0 mom= conf=0
[ALPHA_X13_BURST13] mode=OFF radar_adj=0 mom= conf=0
[BETA_X5] [1;36m16:19:27[0m [1;33mx5[0m [1;36m#133[0m SKIP tension=[1;36m0.05010065[0m [0m| direction_unclear [1;31mconf=0.0534[0m
[ALPHA_X13_BURST13] [1;36m16:19:28[0m [1;32mx13[0m [1;36m#141[0m SKIP tension=[1;36m0.79051658[0m [0m| wall_not_collapsed
[BETA_X5] mode=OFF radar_adj=0 mom= conf=0
[ALPHA_X13_BURST13] mode=OFF radar_adj=0 mom= conf=0
[BETA_X5] [1;36m16:19:35[0m [1;33mx5[0m [1;36m#134[0m SKIP tension=[1;36m0.00006849[0m [0m| momentum_too_small [1;31mconf=0.0001[0m
[ALPHA_X13_BURST13] [1;36m16:19:37[0m [1;32mx13[0m [1;36m#142[0m SKIP tension=[1;36m0.00000000[0m [0m| momentum_too_small [1;31mconf=0.347[0m
[BETA_X5] mode=OFF radar_adj=0 mom= conf=0
[ALPHA_X13_BURST13] mode=OFF radar_adj=0 mom= conf=0
[BETA_X5] [1;36m16:19:43[0m [1;33mx5[0m [1;36m#135[0m SKIP tension=[1;36m0.00000000[0m [0m| momentum_too_small [1;31mconf=0.3224[0m
[BETA_X5] mode=OFF radar_adj=0 mom= conf=0
[ALPHA_X13_BURST13] [1;33m16:19:46[0m [1;33mSTORM_HUNTER[0m arm | tension=4.44372064 th=2.5 dir=long age=-
[ALPHA_X13_BURST13] [1;36m16:19:46[0m [1;32mx13[0m [1;36m#143[0m SKIP [1;33m| tension_stale age=1710ms>800ms (NUAGE)[0m
[ALPHA_X13_BURST13] mode=OFF radar_adj=0 mom= conf=0
[BETA_X5] [1;36m16:19:51[0m [1;33mx5[0m [1;36m#136[0m SKIP tension=[1;36m0.00003420[0m [0m| momentum_too_small [1;31mconf=0.0001[0m
[BETA_X5] mode=OFF radar_adj=0 mom= conf=0
[ALPHA_X13_BURST13] [1;36m16:19:55[0m [1;32mx13[0m [1;36m#144[0m SKIP tension=[1;36m0.00005915[0m [0m| momentum_too_small [1;31mconf=0.0001[0m
[ALPHA_X13_BURST13] mode=OFF radar_adj=0 mom= conf=0
[BETA_X5] [1;33m16:20:00[0m [1;33mSTORM_LATCH[0m bypass Mode Écoute | tension=4.13792805 th=2.5 dir=short
[ALPHA_X13_BURST13] [1;36m16:20:04[0m [1;32mx13[0m [1;36m#145[0m SKIP tension=[1;36m0.00001768[0m [0m| momentum_too_small [1;31mconf=0.0[0m
[ALPHA_X13_BURST13] mode=OFF radar_adj=0 mom= conf=0
[ALPHA_X13_BURST13] [1;36m16:20:13[0m [1;32mx13[0m [1;36m#146[0m SKIP tension=[1;36m0.14899796[0m [0m| direction_unclear [1;31mconf=0.0123[0m
[ALPHA_X13_BURST13] mode=OFF radar_adj=0 mom= conf=0
[ALPHA_X13_BURST13] [1;36m16:20:23[0m [1;32mx13[0m [1;36m#147[0m SKIP tension=[1;36m0.10433067[0m [0m| direction_unclear [1;31mconf=0.0127[0m
[ALPHA_X13_BURST13] mode=OFF radar_adj=0 mom= conf=0
[ALPHA_X13_BURST13] [1;36m16:20:33[0m [1;32mx13[0m [1;36m#148[0m SKIP tension=[1;36m0.10413439[0m [0m| direction_unclear [1;31mconf=0.0105[0m
[BETA_X5] [1;36mCycle 137[0m [1;32mSOFT anomaly[0m [1;33m| pnl_abs=0.09300000 > 0.02500000[0m
[BETA_X5] [1;36mentry=16:20:05@64870.10000000[0m [1;33mx5[0m [1;36m#137[0m [1;32mSELL[0m tension=[1;31m4.13792805[0m hold=[1;36m29[0ms sec=[1;36m29[0m [0m| exit=64862.60000000 [1;32mconf=0.8536[0m [1;36mexit_time=16:20:34[0m [1;32mpnl=0.09300000 bps=1.15615669 pct=0.01156157% total=-0.8302400000000001[0m
[ALPHA_X13_BURST13] mode=OFF radar_adj=0 mom= conf=0
[BETA_X5] mode=OFF radar_adj=0 mom= conf=0
[ALPHA_X13_BURST13] [1;36m16:20:42[0m [1;32mx13[0m [1;36m#149[0m SKIP tension=[1;36m0.00005877[0m [0m| momentum_too_small [1;31mconf=0.0001[0m
[ALPHA_X13_BURST13] mode=OFF radar_adj=0 mom= conf=0
[BETA_X5] [1;36m16:20:44[0m [1;33mx5[0m [1;36m#138[0m SKIP tension=[1;36m0.00000000[0m [0m| momentum_too_small [1;31mconf=0.2583[0m
[BETA_X5] mode=OFF radar_adj=0 mom= conf=0
[ALPHA_X13_BURST13] [1;36m16:20:50[0m [1;32mx13[0m [1;36m#150[0m SKIP tension=[1;32m1.04022621[0m [0m| cold < 3.0 (vortex=OFF)
[BETA_X5] [1;36m16:20:53[0m [1;33mx5[0m [1;36m#139[0m SKIP tension=[1;36m0.00000000[0m [0m| momentum_too_small [1;31mconf=0.2644[0m
[ALPHA_X13_BURST13] mode=OFF radar_adj=0 mom= conf=0
[BETA_X5] mode=OFF radar_adj=0 mom= conf=0
[ALPHA_X13_BURST13] [1;36m16:20:59[0m [1;32mx13[0m [1;36m#151[0m SKIP tension=[1;36m0.00000000[0m [0m| momentum_too_small [1;31mconf=0.2907[0m
[BETA_X5] [1;36m16:21:01[0m [1;33mx5[0m [1;36m#140[0m SKIP tension=[1;31m4.15768055[0m [0m| tactic long vs short
[ALPHA_X13_BURST13] mode=OFF radar_adj=0 mom= conf=0
[BETA_X5] mode=OFF radar_adj=0 mom= conf=0
[ALPHA_X13_BURST13] [1;33m16:21:08[0m [1;33mSTORM_HUNTER[0m arm | tension=3.66243442 th=2.5 dir=short age=68
[ALPHA_X13_BURST13] [1;36m16:21:08[0m [1;32mx13[0m [1;36m#152[0m SKIP [1;33m| tension_stale age=5255ms>800ms (NUAGE)[0m
[BETA_X5] [1;36m16:21:10[0m [1;33mx5[0m [1;36m#141[0m SKIP tension=[1;36m0.00000000[0m [0m| momentum_too_small [1;31mconf=0.2266[0m
[ALPHA_X13_BURST13] mode=OFF radar_adj=0 mom= conf=0
[BETA_X5] mode=OFF radar_adj=0 mom= conf=0
[ALPHA_X13_BURST13] [1;36m16:21:17[0m [1;32mx13[0m [1;36m#153[0m SKIP tension=[1;36m0.00000000[0m [0m| momentum_too_small [1;31mconf=0.3311[0m
[BETA_X5] [1;36m16:21:18[0m [1;33mx5[0m [1;36m#142[0m SKIP tension=[1;36m0.00000000[0m [0m| momentum_too_small [1;31mconf=0.1949[0m
[ALPHA_X13_BURST13] mode=OFF radar_adj=0 mom= conf=0
[BETA_X5] mode=OFF radar_adj=0 mom= conf=0
[ALPHA_X13_BURST13] [1;36m16:21:25[0m [1;32mx13[0m [1;36m#154[0m SKIP tension=[1;36m0.00158690[0m [0m| momentum_too_small [1;31mconf=0.0026[0m
[BETA_X5] [1;36m16:21:26[0m [1;33mx5[0m [1;36m#143[0m SKIP tension=[1;36m0.00000000[0m [0m| momentum_too_small [1;31mconf=0.325[0m
[ALPHA_X13_BURST13] mode=OFF radar_adj=0 mom= conf=0
[BETA_X5] mode=OFF radar_adj=0 mom= conf=0
[ALPHA_X13_BURST13] [1;36m16:21:34[0m [1;32mx13[0m [1;36m#155[0m SKIP tension=[1;36m0.00000520[0m [0m| momentum_too_small [1;31mconf=0.0[0m
[BETA_X5] [1;36m16:21:34[0m [1;33mx5[0m [1;36m#144[0m SKIP tension=[1;36m0.00004706[0m [0m| momentum_too_small [1;31mconf=0.0001[0m
[ALPHA_X13_BURST13] mode=OFF radar_adj=0 mom= conf=0
[BETA_X5] mode=OFF radar_adj=0 mom= conf=0
[ALPHA_X13_BURST13] [1;36m16:21:42[0m [1;32mx13[0m [1;36m#156[0m SKIP tension=[1;36m0.01965425[0m [0m| direction_unclear [1;31mconf=0.0222[0m
[BETA_X5] [1;36m16:21:42[0m [1;33mx5[0m [1;36m#145[0m SKIP tension=[1;36m0.00003842[0m [0m| momentum_too_small [1;31mconf=0.0[0m
[BETA_X5] mode=OFF radar_adj=0 mom= conf=0
[ALPHA_X13_BURST13] mode=OFF radar_adj=0 mom= conf=0
[ALPHA_X13_BURST13] [1;36m16:21:51[0m [1;32mx13[0m [1;36m#157[0m SKIP tension=[1;32m1.27064449[0m [0m| cold < 3.0 (vortex=OFF)
[BETA_X5] [1;36m16:21:51[0m [1;33mx5[0m [1;36m#146[0m SKIP tension=[1;32m1.27064449[0m [0m| cold < 3.0 (vortex=OFF)
[BETA_X5] mode=OFF radar_adj=0 mom= conf=0
[ALPHA_X13_BURST13] mode=OFF radar_adj=0 mom= conf=0
[ALPHA_X13_BURST13] [1;36m16:22:00[0m [1;32mx13[0m [1;36m#158[0m SKIP tension=[1;32m1.05557917[0m [0m| cold < 3.0 (vortex=OFF)
[BETA_X5] [1;36m16:22:00[0m [1;33mx5[0m [1;36m#147[0m SKIP tension=[1;32m1.05556565[0m [0m| cold < 3.0 (vortex=OFF)
[BETA_X5] mode=OFF radar_adj=0 mom= conf=0
[ALPHA_X13_BURST13] mode=OFF radar_adj=0 mom= conf=0
[ALPHA_X13_BURST13] [1;36m16:22:09[0m [1;32mx13[0m [1;36m#159[0m SKIP tension=[1;32m1.69175224[0m [0m| cold < 3.0 (vortex=OFF)
[BETA_X5] [1;36m16:22:09[0m [1;33mx5[0m [1;36m#148[0m SKIP tension=[1;32m1.69175224[0m [0m| cold < 3.0 (vortex=OFF)
[ALPHA_X13_BURST13] mode=OFF radar_adj=0 mom= conf=0
[BETA_X5] mode=OFF radar_adj=0 mom= conf=0
[BETA_X5] [1;36m16:22:19[0m [1;33mx5[0m [1;36m#149[0m SKIP tension=[1;32m1.54602222[0m [0m| cold < 3.0 (vortex=OFF)
[ALPHA_X13_BURST13] [1;36m16:22:19[0m [1;32mx13[0m [1;36m#160[0m SKIP tension=[1;32m1.55397426[0m [0m| cold < 3.0 (vortex=OFF)
[BETA_X5] mode=OFF radar_adj=0 mom= conf=0
[ALPHA_X13_BURST13] mode=OFF radar_adj=0 mom= conf=0
[BETA_X5] [1;36m16:22:28[0m [1;33mx5[0m [1;36m#150[0m SKIP tension=[1;36m0.00002804[0m [0m| momentum_too_small [1;31mconf=0.0[0m
[ALPHA_X13_BURST13] [1;36m16:22:28[0m [1;32mx13[0m [1;36m#161[0m SKIP tension=[1;36m0.00002804[0m [0m| momentum_too_small [1;31mconf=0.0[0m
[ALPHA_X13_BURST13] mode=OFF radar_adj=0 mom= conf=0
[BETA_X5] mode=OFF radar_adj=0 mom= conf=0
[ALPHA_X13_BURST13] [1;36m16:22:37[0m [1;32mx13[0m [1;36m#162[0m SKIP tension=[1;36m0.00001612[0m [0m| momentum_too_small [1;31mconf=0.0[0m
[BETA_X5] [1;36m16:22:37[0m [1;33mx5[0m [1;36m#151[0m SKIP tension=[1;36m0.46982298[0m [0m| wall_not_collapsed
[ALPHA_X13_BURST13] mode=OFF radar_adj=0 mom= conf=0
[BETA_X5] mode=OFF radar_adj=0 mom= conf=0
[ALPHA_X13_BURST13] [1;36m16:22:45[0m [1;32mx13[0m [1;36m#163[0m SKIP tension=[1;36m0.00001685[0m [0m| momentum_too_small [1;31mconf=0.0[0m
[BETA_X5] [1;36m16:22:45[0m [1;33mx5[0m [1;36m#152[0m SKIP tension=[1;36m0.00001685[0m [0m| momentum_too_small [1;31mconf=0.0[0m
[ALPHA_X13_BURST13] mode=OFF radar_adj=0 mom= conf=0
[BETA_X5] mode=OFF radar_adj=0 mom= conf=0
[BETA_X5] [1;36m16:22:54[0m [1;33mx5[0m [1;36m#153[0m SKIP tension=[1;36m0.00002988[0m [0m| momentum_too_small [1;31mconf=0.0[0m
[ALPHA_X13_BURST13] [1;36m16:22:54[0m [1;32mx13[0m [1;36m#164[0m SKIP tension=[1;36m0.00002988[0m [0m| momentum_too_small [1;31mconf=0.0[0m
[BETA_X5] mode=OFF radar_adj=0 mom= conf=0
[ALPHA_X13_BURST13] mode=OFF radar_adj=0 mom= conf=0
[BETA_X5] [1;36m16:23:04[0m [1;33mx5[0m [1;36m#154[0m SKIP tension=[1;32m1.31225128[0m [0m| cold < 3.0 (vortex=OFF)
[ALPHA_X13_BURST13] [1;36m16:23:04[0m [1;32mx13[0m [1;36m#165[0m SKIP tension=[1;32m1.31223697[0m [0m| cold < 3.0 (vortex=OFF)
[BETA_X5] mode=OFF radar_adj=0 mom= conf=0
[ALPHA_X13_BURST13] mode=OFF radar_adj=0 mom= conf=0
[BETA_X5] [1;36m16:23:12[0m [1;33mx5[0m [1;36m#155[0m SKIP tension=[1;36m0.00001511[0m [0m| momentum_too_small [1;31mconf=0.0[0m
[ALPHA_X13_BURST13] [1;36m16:23:13[0m [1;32mx13[0m [1;36m#166[0m SKIP tension=[1;36m0.00000000[0m [0m| momentum_too_small [1;31mconf=0.1943[0m
[BETA_X5] mode=OFF radar_adj=0 mom= conf=0
[ALPHA_X13_BURST13] mode=OFF radar_adj=0 mom= conf=0
[BETA_X5] [1;36m16:23:20[0m [1;33mx5[0m [1;36m#156[0m SKIP tension=[1;36m0.00002515[0m [0m| momentum_too_small [1;31mconf=0.0[0m
[ALPHA_X13_BURST13] [1;36m16:23:21[0m [1;32mx13[0m [1;36m#167[0m SKIP tension=[1;32m1.23624250[0m [0m| cold < 3.0 (vortex=OFF)
[BETA_X5] mode=OFF radar_adj=0 mom= conf=0
[ALPHA_X13_BURST13] mode=OFF radar_adj=0 mom= conf=0
[BETA_X5] [1;36m16:23:29[0m [1;33mx5[0m [1;36m#157[0m SKIP tension=[1;36m0.22235613[0m [0m| low_confidence [1;31mconf=0.2296[0m
[ALPHA_X13_BURST13] [1;36m16:23:30[0m [1;32mx13[0m [1;36m#168[0m SKIP tension=[1;32m1.14743628[0m [0m| cold < 3.0 (vortex=OFF)
[BETA_X5] mode=OFF radar_adj=0 mom= conf=0
[ALPHA_X13_BURST13] mode=OFF radar_adj=0 mom= conf=0
[BETA_X5] [1;36m16:23:39[0m [1;33mx5[0m [1;36m#158[0m SKIP tension=[1;36m0.00121760[0m [0m| momentum_too_small [1;31mconf=0.0012[0m
[ALPHA_X13_BURST13] [1;36m16:23:39[0m [1;32mx13[0m [1;36m#169[0m SKIP tension=[1;36m0.00121760[0m [0m| momentum_too_small [1;31mconf=0.0012[0m
[BETA_X5] mode=OFF radar_adj=0 mom= conf=0
[ALPHA_X13_BURST13] mode=OFF radar_adj=0 mom= conf=0
[BETA_X5] [1;36m16:23:48[0m [1;33mx5[0m [1;36m#159[0m SKIP tension=[1;33m0.93889563[0m [0m| spread_too_wide [1;33mconf=0.5[0m
[ALPHA_X13_BURST13] [1;36m16:23:48[0m [1;32mx13[0m [1;36m#170[0m SKIP tension=[1;33m0.93889563[0m [0m| spread_too_wide [1;33mconf=0.5[0m
[BETA_X5] mode=OFF radar_adj=0 mom= conf=0
[ALPHA_X13_BURST13] mode=OFF radar_adj=0 mom= conf=0
[BETA_X5] [1;36m16:23:56[0m [1;33mx5[0m [1;36m#160[0m SKIP tension=[1;36m0.00001234[0m [0m| spread_too_wide [1;31mconf=0.0[0m
[ALPHA_X13_BURST13] [1;36m16:23:57[0m [1;32mx13[0m [1;36m#171[0m SKIP tension=[1;36m0.00001234[0m [0m| spread_too_wide [1;31mconf=0.0[0m
[BETA_X5] mode=OFF radar_adj=0 mom= conf=0
[ALPHA_X13_BURST13] mode=OFF radar_adj=0 mom= conf=0
[BETA_X5] [1;36m16:24:05[0m [1;33mx5[0m [1;36m#161[0m SKIP tension=[1;36m0.00000000[0m [0m| momentum_too_small [1;31mconf=0.3412[0m
[ALPHA_X13_BURST13] [1;36m16:24:05[0m [1;32mx13[0m [1;36m#172[0m SKIP tension=[1;36m0.00000000[0m [0m| momentum_too_small [1;31mconf=0.3412[0m
[BETA_X5] mode=OFF radar_adj=0 mom= conf=0
[ALPHA_X13_BURST13] mode=OFF radar_adj=0 mom= conf=0
[BETA_X5] [1;36m16:24:13[0m [1;33mx5[0m [1;36m#162[0m SKIP tension=[1;36m0.00000000[0m [0m| momentum_too_small [1;31mconf=0.3379[0m
[ALPHA_X13_BURST13] [1;36m16:24:13[0m [1;32mx13[0m [1;36m#173[0m SKIP tension=[1;36m0.00000000[0m [0m| momentum_too_small [1;31mconf=0.3379[0m
[BETA_X5] mode=OFF radar_adj=0 mom= conf=0
[ALPHA_X13_BURST13] mode=OFF radar_adj=0 mom= conf=0
[BETA_X5] [1;36m16:24:22[0m [1;33mx5[0m [1;36m#163[0m SKIP tension=[1;31m4.15594683[0m [0m| tactic long vs short
[ALPHA_X13_BURST13] [1;33m16:24:23[0m [1;33mSTORM_HUNTER[0m arm | tension=3.56431877 th=2.5 dir=short age=263
[ALPHA_X13_BURST13] [1;36m16:24:23[0m [1;32mx13[0m [1;36m#174[0m SKIP [1;33m| tension_stale age=8294ms>800ms (NUAGE)[0m
[BETA_X5] mode=OFF radar_adj=0 mom= conf=0
[ALPHA_X13_BURST13] mode=OFF radar_adj=0 mom= conf=0
[BETA_X5] [1;36m16:24:30[0m [1;33mx5[0m [1;36m#164[0m SKIP tension=[1;36m0.00002754[0m [0m| momentum_too_small [1;31mconf=0.0[0m
[ALPHA_X13_BURST13] [1;36m16:24:32[0m [1;32mx13[0m [1;36m#175[0m SKIP tension=[1;36m0.00000000[0m [0m| momentum_too_small [1;31mconf=0.3497[0m
[BETA_X5] mode=OFF radar_adj=0 mom= conf=0
[ALPHA_X13_BURST13] mode=OFF radar_adj=0 mom= conf=0
[BETA_X5] [1;36m16:24:40[0m [1;33mx5[0m [1;36m#165[0m SKIP tension=[1;36m0.00000000[0m [0m| momentum_too_small [1;31mconf=0.3497[0m
[ALPHA_X13_BURST13] [1;36m16:24:42[0m [1;32mx13[0m [1;36m#176[0m SKIP tension=[1;36m0.00000000[0m [0m| momentum_too_small [1;31mconf=0.3497[0m
[BETA_X5] mode=OFF radar_adj=0 mom= conf=0
[ALPHA_X13_BURST13] mode=OFF radar_adj=0 mom= conf=0
[BETA_X5] [1;36m16:24:48[0m [1;33mx5[0m [1;36m#166[0m SKIP tension=[1;36m0.01146504[0m [0m| direction_unclear [1;31mconf=0.0191[0m
[ALPHA_X13_BURST13] [1;36m16:24:50[0m [1;32mx13[0m [1;36m#177[0m SKIP tension=[1;36m0.00000000[0m [0m| momentum_too_small [1;31mconf=0.3497[0m
[BETA_X5] mode=OFF radar_adj=0 mom= conf=0
[ALPHA_X13_BURST13] mode=OFF radar_adj=0 mom= conf=0
[BETA_X5] [1;36m16:24:56[0m [1;33mx5[0m [1;36m#167[0m SKIP tension=[1;36m0.00002636[0m [0m| momentum_too_small [1;31mconf=0.0[0m
[BETA_X5] mode=OFF radar_adj=0 mom= conf=0
[ALPHA_X13_BURST13] [1;36m16:24:59[0m [1;32mx13[0m [1;36m#178[0m SKIP tension=[1;36m0.34730745[0m [0m| wall_not_collapsed
[ALPHA_X13_BURST13] mode=OFF radar_adj=0 mom= conf=0
[BETA_X5] [1;36m16:25:05[0m [1;33mx5[0m [1;36m#168[0m SKIP tension=[1;36m0.00080306[0m [0m| momentum_too_small [1;31mconf=0.0013[0m
[BETA_X5] mode=OFF radar_adj=0 mom= conf=0
[ALPHA_X13_BURST13] [1;36m16:25:08[0m [1;32mx13[0m [1;36m#179[0m SKIP tension=[1;36m0.00000000[0m [0m| momentum_too_small [1;31mconf=0.3426[0m
[ALPHA_X13_BURST13] mode=OFF radar_adj=0 mom= conf=0
[BETA_X5] [1;36m16:25:13[0m [1;33mx5[0m [1;36m#169[0m SKIP tension=[1;36m0.00000000[0m [0m| momentum_too_small [1;31mconf=0.3443[0m
[BETA_X5] mode=OFF radar_adj=0 mom= conf=0
[ALPHA_X13_BURST13] [1;36m16:25:16[0m [1;32mx13[0m [1;36m#180[0m SKIP tension=[1;36m0.00001158[0m [0m| momentum_too_small [1;31mconf=0.0[0m
[ALPHA_X13_BURST13] mode=OFF radar_adj=0 mom= conf=0
[BETA_X5] [1;36m16:25:21[0m [1;33mx5[0m [1;36m#170[0m SKIP tension=[1;36m0.00017856[0m [0m| momentum_too_small [1;31mconf=0.0003[0m
[BETA_X5] mode=OFF radar_adj=0 mom= conf=0
[ALPHA_X13_BURST13] [1;36m16:25:25[0m [1;32mx13[0m [1;36m#181[0m SKIP tension=[1;36m0.00088955[0m [0m| momentum_too_small [1;31mconf=0.0015[0m
[ALPHA_X13_BURST13] mode=OFF radar_adj=0 mom= conf=0
[BETA_X5] [1;36m16:25:30[0m [1;33mx5[0m [1;36m#171[0m SKIP tension=[1;36m0.00003851[0m [0m| momentum_too_small [1;31mconf=0.0001[0m
[BETA_X5] mode=OFF radar_adj=0 mom= conf=0
[ALPHA_X13_BURST13] [1;36m16:25:34[0m [1;32mx13[0m [1;36m#182[0m SKIP tension=[1;36m0.00000000[0m [0m| momentum_too_small [1;31mconf=0.3497[0m
[ALPHA_X13_BURST13] mode=OFF radar_adj=0 mom= conf=0
[BETA_X5] [1;36m16:25:38[0m [1;33mx5[0m [1;36m#172[0m SKIP tension=[1;36m0.00000000[0m [0m| momentum_too_small [1;31mconf=0.3267[0m
[BETA_X5] mode=OFF radar_adj=0 mom= conf=0
[ALPHA_X13_BURST13] [1;36m16:25:42[0m [1;32mx13[0m [1;36m#183[0m SKIP tension=[1;36m0.00000000[0m [0m| momentum_too_small [1;31mconf=0.3159[0m
[ALPHA_X13_BURST13] mode=OFF radar_adj=0 mom= conf=0
[BETA_X5] [1;36m16:25:47[0m [1;33mx5[0m [1;36m#173[0m SKIP tension=[1;36m0.00000000[0m [0m| momentum_too_small [1;31mconf=0.3159[0m
[BETA_X5] mode=OFF radar_adj=0 mom= conf=0
[ALPHA_X13_BURST13] [1;36m16:25:50[0m [1;32mx13[0m [1;36m#184[0m SKIP tension=[1;33m0.90789774[0m [0m| wall_not_collapsed
[ALPHA_X13_BURST13] mode=OFF radar_adj=0 mom= conf=0
[BETA_X5] [1;36m16:25:55[0m [1;33mx5[0m [1;36m#174[0m SKIP tension=[1;36m0.00000000[0m [0m| momentum_too_small [1;31mconf=0.3183[0m
[BETA_X5] mode=OFF radar_adj=0 mom= conf=0
[ALPHA_X13_BURST13] [1;36m16:25:59[0m [1;32mx13[0m [1;36m#185[0m SKIP tension=[1;36m0.00000000[0m [0m| momentum_too_small [1;31mconf=0.3183[0m
[ALPHA_X13_BURST13] mode=OFF radar_adj=0 mom= conf=0
[BETA_X5] [1;36m16:26:03[0m [1;33mx5[0m [1;36m#175[0m SKIP tension=[1;36m0.00000000[0m [0m| momentum_too_small [1;31mconf=0.3183[0m
[BETA_X5] mode=OFF radar_adj=0 mom= conf=0
[ALPHA_X13_BURST13] [1;36m16:26:08[0m [1;32mx13[0m [1;36m#186[0m SKIP tension=[1;36m0.67267789[0m [0m| wall_not_collapsed
[ALPHA_X13_BURST13] mode=OFF radar_adj=0 mom= conf=0
[BETA_X5] [1;36m16:26:13[0m [1;33mx5[0m [1;36m#176[0m SKIP tension=[1;32m1.75085267[0m [0m| cold < 3.0 (vortex=OFF)
[BETA_X5] mode=OFF radar_adj=0 mom= conf=0
[ALPHA_X13_BURST13] [1;36m16:26:17[0m [1;32mx13[0m [1;36m#187[0m SKIP tension=[1;32m1.94777039[0m [0m| cold < 3.0 (vortex=OFF)
[ALPHA_X13_BURST13] mode=OFF radar_adj=0 mom= conf=0
[BETA_X5] [1;36m16:26:21[0m [1;33mx5[0m [1;36m#177[0m SKIP tension=[1;36m0.00000000[0m [0m| momentum_too_small [1;31mconf=0.291[0m
[BETA_X5] mode=OFF radar_adj=0 mom= conf=0
[ALPHA_X13_BURST13] [1;36m16:26:27[0m [1;32mx13[0m [1;36m#188[0m SKIP tension=[1;36m0.00004168[0m [0m| momentum_too_small [1;31mconf=0.0001[0m
[ALPHA_X13_BURST13] mode=OFF radar_adj=0 mom= conf=0
[BETA_X5] [1;36m16:26:30[0m [1;33mx5[0m [1;36m#178[0m SKIP tension=[1;36m0.00002337[0m [0m| momentum_too_small [1;31mconf=0.0[0m
[BETA_X5] mode=OFF radar_adj=0 mom= conf=0
[ALPHA_X13_BURST13] [1;36m16:26:35[0m [1;32mx13[0m [1;36m#189[0m SKIP tension=[1;36m0.00000000[0m [0m| momentum_too_small [1;31mconf=0.3392[0m
[ALPHA_X13_BURST13] mode=OFF radar_adj=0 mom= conf=0
[ALPHA_X13_BURST13] [1;36m16:26:44[0m [1;32mx13[0m [1;36m#190[0m SKIP tension=[1;36m0.38504714[0m [0m| wall_not_collapsed
[ALPHA_X13_BURST13] mode=OFF radar_adj=0 mom= conf=0
[ALPHA_X13_BURST13] [1;36m16:26:54[0m [1;32mx13[0m [1;36m#191[0m SKIP tension=[1;36m0.00000000[0m [0m| momentum_too_small [1;31mconf=0.2889[0m
[ALPHA_X13_BURST13] mode=OFF radar_adj=0 mom= conf=0
[ALPHA_X13_BURST13] [1;36m16:27:03[0m [1;32mx13[0m [1;36m#192[0m SKIP tension=[1;36m0.00000000[0m [0m| momentum_too_small [1;31mconf=0.2889[0m
[ALPHA_X13_BURST13] mode=OFF radar_adj=0 mom= conf=0
[BETA_X5] [1;36mCycle 179[0m [1;32mSOFT anomaly[0m [1;33m| pnl_abs=0.13680000 > 0.02500000[0m
[BETA_X5] [1;36mentry=16:26:43@64821.10000000[0m [1;33mx5[0m [1;36m#179[0m [1;32mBUY[0m tension=[1;31m3.19597586[0m hold=[1;36m26[0ms sec=[1;36m26[0m [0m| exit=64839.10000000 [1;32mconf=0.9692[0m [1;36mexit_time=16:27:09[0m [1;32mpnl=0.13680000 bps=2.77687358 pct=0.02776874% total=-0.6934400000000001[0m
[BETA_X5] mode=OFF radar_adj=0 mom= conf=0
[ALPHA_X13_BURST13] [1;36m16:27:14[0m [1;32mx13[0m [1;36m#193[0m SKIP tension=[1;36m0.00388987[0m [0m| momentum_too_small [1;31mconf=0.0059[0m
[ALPHA_X13_BURST13] mode=OFF radar_adj=0 mom= conf=0
[BETA_X5] [1;36m16:27:20[0m [1;33mx5[0m [1;36m#180[0m SKIP tension=[1;36m0.01135326[0m [0m| direction_unclear [1;31mconf=0.0156[0m
[BETA_X5] mode=OFF radar_adj=0 mom= conf=0
[ALPHA_X13_BURST13] [1;36m16:27:23[0m [1;32mx13[0m [1;36m#194[0m SKIP tension=[1;36m0.00004691[0m [0m| momentum_too_small [1;31mconf=0.0001[0m
[ALPHA_X13_BURST13] mode=OFF radar_adj=0 mom= conf=0
[BETA_X5] [1;36m16:27:30[0m [1;33mx5[0m [1;36m#181[0m SKIP tension=[1;36m0.00003413[0m [0m| momentum_too_small [1;31mconf=0.0[0m
[BETA_X5] mode=OFF radar_adj=0 mom= conf=0
[ALPHA_X13_BURST13] [1;36m16:27:33[0m [1;32mx13[0m [1;36m#195[0m SKIP tension=[1;36m0.00000780[0m [0m| momentum_too_small [1;31mconf=0.0[0m
[ALPHA_X13_BURST13] mode=OFF radar_adj=0 mom= conf=0
[BETA_X5] [1;36m16:27:39[0m [1;33mx5[0m [1;36m#182[0m SKIP tension=[1;36m0.00472905[0m [0m| momentum_too_small [1;31mconf=0.0072[0m
[BETA_X5] mode=OFF radar_adj=0 mom= conf=0
[ALPHA_X13_BURST13] [1;36m16:27:42[0m [1;32mx13[0m [1;36m#196[0m SKIP tension=[1;32m1.24615360[0m [0m| cold < 3.0 (vortex=OFF)
[ALPHA_X13_BURST13] mode=OFF radar_adj=0 mom= conf=0
[BETA_X5] [1;36m16:27:48[0m [1;33mx5[0m [1;36m#183[0m SKIP tension=[1;36m0.00004126[0m [0m| momentum_too_small [1;31mconf=0.0001[0m
[ALPHA_X13_BURST13] [1;36m16:27:52[0m [1;32mx13[0m [1;36m#197[0m SKIP tension=[1;36m0.00107729[0m [0m| momentum_too_small [1;31mconf=0.0016[0m
[BETA_X5] mode=OFF radar_adj=0 mom= conf=0
[ALPHA_X13_BURST13] mode=OFF radar_adj=0 mom= conf=0
[ALPHA_X13_BURST13] [1;36m16:28:03[0m [1;32mx13[0m [1;36m#198[0m SKIP tension=[1;36m0.00002701[0m [0m| momentum_too_small [1;31mconf=0.0[0m
[ALPHA_X13_BURST13] mode=OFF radar_adj=0 mom= conf=0
[ALPHA_X13_BURST13] [1;36m16:28:13[0m [1;32mx13[0m [1;36m#199[0m SKIP tension=[1;36m0.00001464[0m [0m| momentum_too_small [1;31mconf=0.0[0m
[ALPHA_X13_BURST13] mode=OFF radar_adj=0 mom= conf=0
[ALPHA_X13_BURST13] [1;36m16:28:22[0m [1;32mx13[0m [1;36m#200[0m SKIP tension=[1;36m0.00000000[0m [0m| momentum_too_small [1;31mconf=0.2876[0m
[ALPHA_X13_BURST13] mode=OFF radar_adj=0 mom= conf=0
[BETA_X5] shockwave beta->alpha until_cycle=194
[BETA_X5] [1;33mSWARM shockwave[0m [0m| beta -> neighbor (shock_inversion_stop)[0m
[BETA_X5] [1;36mentry=16:28:03@64839.50000000[0m [1;33mx5[0m [1;36m#184[0m [1;31mBUY[0m tension=[1;31m3.86354655[0m hold=[1;36m24[0ms sec=[1;36m24[0m [0m| exit=64839.20000000 [1;32mconf=0.8381[0m [1;36mexit_time=16:28:27[0m [1;31mpnl=-0.00228000 bps=-0.04626809 pct=-0.00046268% total=-0.69572[0m
[ALPHA_X13_BURST13] [1;36m16:28:31[0m [1;32mx13[0m [1;36m#201[0m SKIP tension=[1;36m0.00004957[0m [0m| momentum_too_small [1;31mconf=0.0001[0m
[BETA_X5] mode=OFF radar_adj=0 mom= conf=0
[ALPHA_X13_BURST13] mode=OFF radar_adj=0 mom= conf=0
[BETA_X5] [1;36m16:28:38[0m [1;33mx5[0m [1;36m#185[0m SKIP tension=[1;36m0.00005641[0m [0m| momentum_too_small [1;31mconf=0.0001[0m
[ALPHA_X13_BURST13] [1;36m16:28:39[0m [1;32mx13[0m [1;36m#202[0m SKIP tension=[1;36m0.00004287[0m [0m| momentum_too_small [1;31mconf=0.0001[0m
[BETA_X5] mode=OFF radar_adj=0 mom= conf=0
[ALPHA_X13_BURST13] mode=OFF radar_adj=0 mom= conf=0
[BETA_X5] [1;36m16:28:46[0m [1;33mx5[0m [1;36m#186[0m SKIP tension=[1;36m0.00859978[0m [0m| momentum_too_small [1;31mconf=0.0118[0m
[ALPHA_X13_BURST13] [1;36m16:28:48[0m [1;32mx13[0m [1;36m#203[0m SKIP tension=[1;36m0.00001016[0m [0m| momentum_too_small [1;31mconf=0.0[0m
[BETA_X5] mode=OFF radar_adj=0 mom= conf=0
[ALPHA_X13_BURST13] mode=OFF radar_adj=0 mom= conf=0
[BETA_X5] [1;36m16:28:54[0m [1;33mx5[0m [1;36m#187[0m SKIP tension=[1;36m0.00075317[0m [0m| momentum_too_small [1;31mconf=0.001[0m
[ALPHA_X13_BURST13] [1;36m16:28:57[0m [1;32mx13[0m [1;36m#204[0m SKIP tension=[1;36m0.00003274[0m [0m| momentum_too_small [1;31mconf=0.0[0m
[BETA_X5] mode=OFF radar_adj=0 mom= conf=0
[ALPHA_X13_BURST13] mode=OFF radar_adj=0 mom= conf=0
[BETA_X5] [1;36m16:29:03[0m [1;33mx5[0m [1;36m#188[0m SKIP tension=[1;36m0.00121149[0m [0m| momentum_too_small [1;31mconf=0.0017[0m
[BETA_X5] mode=OFF radar_adj=0 mom= conf=0
[ALPHA_X13_BURST13] [1;36m16:29:07[0m [1;32mx13[0m [1;36m#205[0m SKIP tension=[1;36m0.00005057[0m [0m| momentum_too_small [1;31mconf=0.0001[0m
[ALPHA_X13_BURST13] mode=OFF radar_adj=0 mom= conf=0
[BETA_X5] [1;36m16:29:11[0m [1;33mx5[0m [1;36m#189[0m SKIP tension=[1;36m0.00000000[0m [0m| momentum_too_small [1;31mconf=0.2866[0m
[BETA_X5] mode=OFF radar_adj=0 mom= conf=0
[ALPHA_X13_BURST13] [1;36m16:29:15[0m [1;32mx13[0m [1;36m#206[0m SKIP tension=[1;36m0.00004723[0m [0m| momentum_too_small [1;31mconf=0.0001[0m
[ALPHA_X13_BURST13] mode=OFF radar_adj=0 mom= conf=0
[BETA_X5] [1;36m16:29:20[0m [1;33mx5[0m [1;36m#190[0m SKIP tension=[1;36m0.00653921[0m [0m| momentum_too_small [1;31mconf=0.0089[0m
[BETA_X5] mode=OFF radar_adj=0 mom= conf=0
[ALPHA_X13_BURST13] [1;36m16:29:24[0m [1;32mx13[0m [1;36m#207[0m SKIP tension=[1;36m0.00002531[0m [0m| momentum_too_small [1;31mconf=0.0[0m
[ALPHA_X13_BURST13] mode=OFF radar_adj=0 mom= conf=0
[BETA_X5] [1;36m16:29:28[0m [1;33mx5[0m [1;36m#191[0m SKIP tension=[1;36m0.00004304[0m [0m| momentum_too_small [1;31mconf=0.0001[0m
[BETA_X5] mode=OFF radar_adj=0 mom= conf=0
[ALPHA_X13_BURST13] [1;36m16:29:32[0m [1;32mx13[0m [1;36m#208[0m SKIP tension=[1;36m0.00003629[0m [0m| momentum_too_small [1;31mconf=0.0[0m
[ALPHA_X13_BURST13] mode=OFF radar_adj=0 mom= conf=0
[BETA_X5] [1;36m16:29:37[0m [1;33mx5[0m [1;36m#192[0m SKIP tension=[1;36m0.00002617[0m [0m| momentum_too_small [1;31mconf=0.0[0m
[BETA_X5] mode=OFF radar_adj=0 mom= conf=0
[ALPHA_X13_BURST13] [1;36m16:29:41[0m [1;32mx13[0m [1;36m#209[0m SKIP tension=[1;36m0.00003630[0m [0m| momentum_too_small [1;31mconf=0.0[0m
[BETA_X5] [1;36m16:29:45[0m [1;33mx5[0m [1;36m#193[0m SKIP tension=[1;36m0.00227818[0m [0m| momentum_too_small [1;31mconf=0.0031[0m
[ALPHA_X13_BURST13] mode=OFF radar_adj=0 mom= conf=0
[BETA_X5] mode=OFF radar_adj=0 mom= conf=0
[ALPHA_X13_BURST13] [1;36m16:29:50[0m [1;32mx13[0m [1;36m#210[0m SKIP tension=[1;36m0.00003546[0m [0m| momentum_too_small [1;31mconf=0.0[0m
[BETA_X5] [1;36m16:29:53[0m [1;33mx5[0m [1;36m#194[0m SKIP tension=[1;36m0.00003630[0m [0m| momentum_too_small [1;31mconf=0.0[0m
[ALPHA_X13_BURST13] mode=OFF radar_adj=0 mom= conf=0
[BETA_X5] mode=OFF radar_adj=0 mom= conf=0
[ALPHA_X13_BURST13] [1;36m16:30:01[0m [1;32mx13[0m [1;36m#211[0m SKIP tension=[1;36m0.00040973[0m [0m| momentum_too_small [1;31mconf=0.0006[0m
[BETA_X5] [1;36m16:30:02[0m [1;33mx5[0m [1;36m#195[0m SKIP tension=[1;36m0.00006755[0m [0m| momentum_too_small [1;31mconf=0.0001[0m
[ALPHA_X13_BURST13] mode=OFF radar_adj=0 mom= conf=0
[BETA_X5] mode=OFF radar_adj=0 mom= conf=0
[ALPHA_X13_BURST13] [1;36m16:30:09[0m [1;32mx13[0m [1;36m#212[0m SKIP tension=[1;36m0.80845230[0m [0m| wall_not_collapsed
[BETA_X5] [1;36m16:30:10[0m [1;33mx5[0m [1;36m#196[0m SKIP tension=[1;36m0.00013518[0m [0m| momentum_too_small [1;31mconf=0.0002[0m
[ALPHA_X13_BURST13] mode=OFF radar_adj=0 mom= conf=0
[BETA_X5] mode=OFF radar_adj=0 mom= conf=0
[ALPHA_X13_BURST13] [1;36m16:30:18[0m [1;32mx13[0m [1;36m#213[0m SKIP tension=[1;36m0.00004393[0m [0m| momentum_too_small [1;31mconf=0.0001[0m
[BETA_X5] [1;36m16:30:19[0m [1;33mx5[0m [1;36m#197[0m SKIP tension=[1;36m0.00004562[0m [0m| momentum_too_small [1;31mconf=0.0001[0m
[ALPHA_X13_BURST13] mode=OFF radar_adj=0 mom= conf=0
[BETA_X5] mode=OFF radar_adj=0 mom= conf=0
[ALPHA_X13_BURST13] [1;36m16:30:27[0m [1;32mx13[0m [1;36m#214[0m SKIP tension=[1;36m0.00001859[0m [0m| momentum_too_small [1;31mconf=0.0[0m
[BETA_X5] [1;36m16:30:28[0m [1;33mx5[0m [1;36m#198[0m SKIP tension=[1;36m0.00003042[0m [0m| momentum_too_small [1;31mconf=0.0[0m
[ALPHA_X13_BURST13] mode=OFF radar_adj=0 mom= conf=0
[BETA_X5] mode=OFF radar_adj=0 mom= conf=0
[ALPHA_X13_BURST13] [1;36m16:30:36[0m [1;32mx13[0m [1;36m#215[0m SKIP tension=[1;36m0.00049257[0m [0m| momentum_too_small [1;31mconf=0.0007[0m
[BETA_X5] [1;36m16:30:36[0m [1;33mx5[0m [1;36m#199[0m SKIP tension=[1;36m0.00047144[0m [0m| momentum_too_small [1;31mconf=0.0006[0m
[ALPHA_X13_BURST13] mode=OFF radar_adj=0 mom= conf=0
[BETA_X5] mode=OFF radar_adj=0 mom= conf=0
[BETA_X5] [1;36m16:30:45[0m [1;33mx5[0m [1;36m#200[0m SKIP tension=[1;36m0.00001048[0m [0m| momentum_too_small [1;31mconf=0.0[0m
[ALPHA_X13_BURST13] [1;36m16:30:46[0m [1;32mx13[0m [1;36m#216[0m SKIP tension=[1;36m0.00001048[0m [0m| momentum_too_small [1;31mconf=0.0[0m
[BETA_X5] mode=OFF radar_adj=0 mom= conf=0
[ALPHA_X13_BURST13] mode=OFF radar_adj=0 mom= conf=0
[BETA_X5] [1;36m16:30:53[0m [1;33mx5[0m [1;36m#201[0m SKIP tension=[1;36m0.00000000[0m [0m| momentum_too_small [1;31mconf=0.3125[0m
[BETA_X5] mode=OFF radar_adj=0 mom= conf=0
[ALPHA_X13_BURST13] [1;36m16:30:57[0m [1;32mx13[0m [1;36m#217[0m SKIP tension=[1;36m0.00000000[0m [0m| momentum_too_small [1;31mconf=0.3298[0m
[ALPHA_X13_BURST13] mode=OFF radar_adj=0 mom= conf=0
[BETA_X5] [1;36m16:31:01[0m [1;33mx5[0m [1;36m#202[0m SKIP tension=[1;36m0.00216079[0m [0m| momentum_too_small [1;31mconf=0.0034[0m
[BETA_X5] mode=OFF radar_adj=0 mom= conf=0
[ALPHA_X13_BURST13] [1;36m16:31:06[0m [1;32mx13[0m [1;36m#218[0m SKIP tension=[1;36m0.00000000[0m [0m| momentum_too_small [1;31mconf=0.3298[0m
[ALPHA_X13_BURST13] mode=OFF radar_adj=0 mom= conf=0
[BETA_X5] [1;36m16:31:10[0m [1;33mx5[0m [1;36m#203[0m SKIP tension=[1;36m0.00000527[0m [0m| momentum_too_small [1;31mconf=0.0[0m
[BETA_X5] mode=OFF radar_adj=0 mom= conf=0
[ALPHA_X13_BURST13] [1;36m16:31:15[0m [1;32mx13[0m [1;36m#219[0m SKIP tension=[1;36m0.00000316[0m [0m| momentum_too_small [1;31mconf=0.0[0m
[ALPHA_X13_BURST13] mode=OFF radar_adj=0 mom= conf=0
[BETA_X5] [1;36m16:31:19[0m [1;33mx5[0m [1;36m#204[0m SKIP tension=[1;36m0.00000237[0m [0m| momentum_too_small [1;31mconf=0.0[0m
[BETA_X5] mode=OFF radar_adj=0 mom= conf=0
[ALPHA_X13_BURST13] [1;36m16:31:23[0m [1;32mx13[0m [1;36m#220[0m SKIP tension=[1;36m0.20555685[0m [0m| wall_not_collapsed
[BETA_X5] [1;36m16:31:27[0m [1;33mx5[0m [1;36m#205[0m SKIP tension=[1;36m0.00000000[0m [0m| momentum_too_small [1;31mconf=0.3412[0m
[ALPHA_X13_BURST13] mode=OFF radar_adj=0 mom= conf=0
[BETA_X5] mode=OFF radar_adj=0 mom= conf=0
[ALPHA_X13_BURST13] [1;36m16:31:33[0m [1;32mx13[0m [1;36m#221[0m SKIP tension=[1;36m0.00001741[0m [0m| momentum_too_small [1;31mconf=0.0[0m
[BETA_X5] [1;36m16:31:36[0m [1;33mx5[0m [1;36m#206[0m SKIP tension=[1;31m2.93357402[0m [0m| cold < 3.0 (vortex=OFF)
[ALPHA_X13_BURST13] mode=OFF radar_adj=0 mom= conf=0
[BETA_X5] mode=OFF radar_adj=0 mom= conf=0
[ALPHA_X13_BURST13] [1;36m16:31:42[0m [1;32mx13[0m [1;36m#222[0m SKIP tension=[1;31m2.26726682[0m [0m| cold < 3.0 (vortex=OFF)
[BETA_X5] [1;36m16:31:44[0m [1;33mx5[0m [1;36m#207[0m SKIP tension=[1;36m0.00001414[0m [0m| momentum_too_small [1;31mconf=0.0[0m
[ALPHA_X13_BURST13] mode=OFF radar_adj=0 mom= conf=0
[BETA_X5] mode=OFF radar_adj=0 mom= conf=0
[ALPHA_X13_BURST13] [1;36m16:31:51[0m [1;32mx13[0m [1;36m#223[0m SKIP tension=[1;36m0.00024425[0m [0m| momentum_too_small [1;31mconf=0.0004[0m
[BETA_X5] [1;36m16:31:53[0m [1;33mx5[0m [1;36m#208[0m SKIP tension=[1;36m0.01570857[0m [0m| direction_unclear [1;31mconf=0.0259[0m
[ALPHA_X13_BURST13] mode=OFF radar_adj=0 mom= conf=0
[BETA_X5] mode=OFF radar_adj=0 mom= conf=0
[ALPHA_X13_BURST13] [1;36m16:32:00[0m [1;32mx13[0m [1;36m#224[0m SKIP tension=[1;36m0.00000502[0m [0m| momentum_too_small [1;31mconf=0.0[0m
[BETA_X5] [1;36m16:32:02[0m [1;33mx5[0m [1;36m#209[0m SKIP tension=[1;32m1.42973325[0m [0m| cold < 3.0 (vortex=OFF)
[ALPHA_X13_BURST13] mode=OFF radar_adj=0 mom= conf=0
[BETA_X5] mode=OFF radar_adj=0 mom= conf=0
[ALPHA_X13_BURST13] [1;36m16:32:10[0m [1;32mx13[0m [1;36m#225[0m SKIP tension=[1;36m0.00022678[0m [0m| momentum_too_small [1;31mconf=0.0004[0m
[BETA_X5] [1;36m16:32:11[0m [1;33mx5[0m [1;36m#210[0m SKIP tension=[1;36m0.00022678[0m [0m| momentum_too_small [1;31mconf=0.0004[0m
[BETA_X5] mode=OFF radar_adj=0 mom= conf=0
[ALPHA_X13_BURST13] mode=OFF radar_adj=0 mom= conf=0
[BETA_X5] [1;36m16:32:19[0m [1;33mx5[0m [1;36m#211[0m SKIP tension=[1;36m0.00091184[0m [0m| momentum_too_small [1;31mconf=0.0015[0m
[ALPHA_X13_BURST13] [1;36m16:32:20[0m [1;32mx13[0m [1;36m#226[0m SKIP tension=[1;36m0.00091184[0m [0m| momentum_too_small [1;31mconf=0.0015[0m
[BETA_X5] mode=OFF radar_adj=0 mom= conf=0
[ALPHA_X13_BURST13] mode=OFF radar_adj=0 mom= conf=0
[BETA_X5] [1;36m16:32:28[0m [1;33mx5[0m [1;36m#212[0m SKIP tension=[1;36m0.00000000[0m [0m| momentum_too_small [1;31mconf=0.346[0m
[ALPHA_X13_BURST13] [1;36m16:32:29[0m [1;32mx13[0m [1;36m#227[0m SKIP tension=[1;36m0.00000000[0m [0m| momentum_too_small [1;31mconf=0.3456[0m
[BETA_X5] mode=OFF radar_adj=0 mom= conf=0
[ALPHA_X13_BURST13] mode=OFF radar_adj=0 mom= conf=0
[BETA_X5] [1;36m16:32:36[0m [1;33mx5[0m [1;36m#213[0m SKIP tension=[1;36m0.00000000[0m [0m| momentum_too_small [1;31mconf=0.3436[0m
[ALPHA_X13_BURST13] [1;36m16:32:38[0m [1;32mx13[0m [1;36m#228[0m SKIP tension=[1;36m0.00057306[0m [0m| momentum_too_small [1;31mconf=0.0009[0m
[BETA_X5] mode=OFF radar_adj=0 mom= conf=0
[ALPHA_X13_BURST13] mode=OFF radar_adj=0 mom= conf=0
[BETA_X5] [1;36m16:32:45[0m [1;33mx5[0m [1;36m#214[0m SKIP tension=[1;36m0.72566670[0m [0m| wall_not_collapsed
[ALPHA_X13_BURST13] [1;36m16:32:47[0m [1;32mx13[0m [1;36m#229[0m SKIP tension=[1;36m0.00000000[0m [0m| momentum_too_small [1;31mconf=0.3409[0m
[BETA_X5] mode=OFF radar_adj=0 mom= conf=0
[ALPHA_X13_BURST13] mode=OFF radar_adj=0 mom= conf=0
[ALPHA_X13_BURST13] [1;36m16:32:57[0m [1;32mx13[0m [1;36m#230[0m SKIP tension=[1;36m0.00000000[0m [0m| momentum_too_small [1;31mconf=0.3271[0m
[ALPHA_X13_BURST13] mode=OFF radar_adj=0 mom= conf=0
[ALPHA_X13_BURST13] [1;33m16:33:08[0m [1;33mSTORM_HUNTER[0m arm | tension=6.02005426 th=2.5 dir=short age=788
[ALPHA_X13_BURST13] [1;36m16:33:08[0m [1;32mx13[0m [1;36m#231[0m SKIP [1;33m| tension_stale age=2018ms>800ms (NUAGE)[0m
[ALPHA_X13_BURST13] mode=OFF radar_adj=0 mom= conf=0
[ALPHA_X13_BURST13] [1;36m16:33:18[0m [1;32mx13[0m [1;36m#232[0m SKIP tension=[1;36m0.00000000[0m [0m| momentum_too_small [1;31mconf=0.3156[0m
[ALPHA_X13_BURST13] mode=OFF radar_adj=0 mom= conf=0
[BETA_X5] shockwave beta->alpha until_cycle=225
[BETA_X5] [1;33mSWARM shockwave[0m [0m| beta -> neighbor (fluid_exit_inversion)[0m
[BETA_X5] [1;36mentry=16:32:57@64818.60000000[0m [1;33mx5[0m [1;36m#215[0m [1;31mBUY[0m tension=[1;31m5.66659252[0m hold=[1;36m27[0ms sec=[1;36m27[0m [0m| exit=64815.90000000 [1;32mconf=0.974[0m [1;36mexit_time=16:33:25[0m [1;31mpnl=-0.02052000 bps=-0.41654710 pct=-0.00416547% total=-0.71624[0m
[ALPHA_X13_BURST13] [1;36m16:33:28[0m [1;32mx13[0m [1;36m#233[0m SKIP tension=[1;36m0.00001224[0m [0m| momentum_too_small [1;31mconf=0.0[0m
[BETA_X5] mode=OFF radar_adj=0 mom= conf=0
[ALPHA_X13_BURST13] mode=OFF radar_adj=0 mom= conf=0
[BETA_X5] [1;36m16:33:36[0m [1;33mx5[0m [1;36m#216[0m SKIP tension=[1;36m0.00000338[0m [0m| momentum_too_small [1;31mconf=0.0[0m
[ALPHA_X13_BURST13] [1;36m16:33:37[0m [1;32mx13[0m [1;36m#234[0m SKIP tension=[1;36m0.00000338[0m [0m| momentum_too_small [1;31mconf=0.0[0m
[BETA_X5] mode=OFF radar_adj=0 mom= conf=0
[ALPHA_X13_BURST13] mode=OFF radar_adj=0 mom= conf=0
[BETA_X5] [1;36m16:33:45[0m [1;33mx5[0m [1;36m#217[0m SKIP tension=[1;36m0.00000000[0m [0m| momentum_too_small [1;31mconf=0.3136[0m
[ALPHA_X13_BURST13] [1;36m16:33:47[0m [1;32mx13[0m [1;36m#235[0m SKIP tension=[1;36m0.00000000[0m [0m| momentum_too_small [1;31mconf=0.3136[0m
[BETA_X5] mode=OFF radar_adj=0 mom= conf=0
[ALPHA_X13_BURST13] mode=OFF radar_adj=0 mom= conf=0
[BETA_X5] [1;36m16:33:54[0m [1;33mx5[0m [1;36m#218[0m SKIP tension=[1;36m0.00000000[0m [0m| momentum_too_small [1;31mconf=0.2771[0m
[ALPHA_X13_BURST13] [1;36m16:33:56[0m [1;32mx13[0m [1;36m#236[0m SKIP tension=[1;32m1.44101804[0m [0m| cold < 3.0 (vortex=OFF)
[BETA_X5] mode=OFF radar_adj=0 mom= conf=0
[ALPHA_X13_BURST13] mode=OFF radar_adj=0 mom= conf=0
[BETA_X5] [1;36m16:34:02[0m [1;33mx5[0m [1;36m#219[0m SKIP tension=[1;36m0.34775974[0m [0m| wall_not_collapsed
[ALPHA_X13_BURST13] [1;36m16:34:04[0m [1;32mx13[0m [1;36m#237[0m SKIP tension=[1;36m0.00000000[0m [0m| momentum_too_small [1;31mconf=0.3169[0m
[BETA_X5] mode=OFF radar_adj=0 mom= conf=0
[ALPHA_X13_BURST13] mode=OFF radar_adj=0 mom= conf=0
[BETA_X5] [1;36m16:34:12[0m [1;33mx5[0m [1;36m#220[0m SKIP tension=[1;32m1.36832688[0m [0m| cold < 3.0 (vortex=OFF)
[ALPHA_X13_BURST13] [1;36m16:34:13[0m [1;32mx13[0m [1;36m#238[0m SKIP tension=[1;36m0.00001530[0m [0m| momentum_too_small [1;31mconf=0.0[0m
[BETA_X5] mode=OFF radar_adj=0 mom= conf=0
[ALPHA_X13_BURST13] mode=OFF radar_adj=0 mom= conf=0
[BETA_X5] [1;36m16:34:21[0m [1;33mx5[0m [1;36m#221[0m SKIP tension=[1;36m0.00000000[0m [0m| momentum_too_small [1;31mconf=0.27[0m
[ALPHA_X13_BURST13] [1;36m16:34:23[0m [1;32mx13[0m [1;36m#239[0m SKIP tension=[1;32m1.08471097[0m [0m| cold < 3.0 (vortex=OFF)
[BETA_X5] mode=OFF radar_adj=0 mom= conf=0
[ALPHA_X13_BURST13] mode=OFF radar_adj=0 mom= conf=0
[BETA_X5] [1;36m16:34:29[0m [1;33mx5[0m [1;36m#222[0m SKIP tension=[1;32m1.30515490[0m [0m| cold < 3.0 (vortex=OFF)
[ALPHA_X13_BURST13] [1;36m16:34:32[0m [1;32mx13[0m [1;36m#240[0m SKIP tension=[1;36m0.00000000[0m [0m| momentum_too_small [1;31mconf=0.27[0m
[BETA_X5] mode=OFF radar_adj=0 mom= conf=0
[ALPHA_X13_BURST13] mode=OFF radar_adj=0 mom= conf=0
[BETA_X5] [1;36m16:34:38[0m [1;33mx5[0m [1;36m#223[0m SKIP tension=[1;36m0.00004059[0m [0m| momentum_too_small [1;31mconf=0.0001[0m
[ALPHA_X13_BURST13] [1;36m16:34:41[0m [1;32mx13[0m [1;36m#241[0m SKIP tension=[1;36m0.00018568[0m [0m| momentum_too_small [1;31mconf=0.0002[0m
[BETA_X5] mode=OFF radar_adj=0 mom= conf=0
[ALPHA_X13_BURST13] mode=OFF radar_adj=0 mom= conf=0
[BETA_X5] [1;36m16:34:47[0m [1;33mx5[0m [1;36m#224[0m SKIP tension=[1;36m0.00000649[0m [0m| momentum_too_small [1;31mconf=0.0[0m
[BETA_X5] mode=OFF radar_adj=0 mom= conf=0
[ALPHA_X13_BURST13] [1;36m16:34:50[0m [1;32mx13[0m [1;36m#242[0m SKIP tension=[1;36m0.16406253[0m [0m| direction_unclear [1;31mconf=0.226[0m
[ALPHA_X13_BURST13] mode=OFF radar_adj=0 mom= conf=0
[BETA_X5] [1;36m16:34:56[0m [1;33mx5[0m [1;36m#225[0m SKIP tension=[1;36m0.00000000[0m [0m| momentum_too_small [1;31mconf=0.2842[0m
[BETA_X5] mode=OFF radar_adj=0 mom= conf=0
[ALPHA_X13_BURST13] [1;36m16:35:00[0m [1;32mx13[0m [1;36m#243[0m SKIP tension=[1;36m0.00000000[0m [0m| momentum_too_small [1;31mconf=0.2842[0m
[ALPHA_X13_BURST13] mode=OFF radar_adj=0 mom= conf=0
[BETA_X5] [1;36m16:35:05[0m [1;33mx5[0m [1;36m#226[0m SKIP tension=[1;36m0.00012170[0m [0m| momentum_too_small [1;31mconf=0.0002[0m
[BETA_X5] mode=OFF radar_adj=0 mom= conf=0
[ALPHA_X13_BURST13] [1;36m16:35:10[0m [1;32mx13[0m [1;36m#244[0m SKIP tension=[1;36m0.00003814[0m [0m| momentum_too_small [1;31mconf=0.0[0m
[ALPHA_X13_BURST13] mode=OFF radar_adj=0 mom= conf=0
[BETA_X5] [1;36m16:35:13[0m [1;33mx5[0m [1;36m#227[0m SKIP tension=[1;36m0.01753996[0m [0m| direction_unclear [1;31mconf=0.0226[0m
[BETA_X5] mode=OFF radar_adj=0 mom= conf=0
[ALPHA_X13_BURST13] [1;36m16:35:19[0m [1;32mx13[0m [1;36m#245[0m SKIP tension=[1;36m0.00000000[0m [0m| momentum_too_small [1;31mconf=0.27[0m
[BETA_X5] [1;36m16:35:22[0m [1;33mx5[0m [1;36m#228[0m SKIP tension=[1;36m0.00000000[0m [0m| momentum_too_small [1;31mconf=0.27[0m
[ALPHA_X13_BURST13] mode=OFF radar_adj=0 mom= conf=0
[BETA_X5] mode=OFF radar_adj=0 mom= conf=0
[ALPHA_X13_BURST13] [1;36m16:35:28[0m [1;32mx13[0m [1;36m#246[0m SKIP tension=[1;36m0.00000000[0m [0m| momentum_too_small [1;31mconf=0.27[0m
[BETA_X5] [1;36m16:35:30[0m [1;33mx5[0m [1;36m#229[0m SKIP tension=[1;32m1.63065395[0m [0m| cold < 3.0 (vortex=OFF)
[ALPHA_X13_BURST13] mode=OFF radar_adj=0 mom= conf=0
[BETA_X5] mode=OFF radar_adj=0 mom= conf=0
[ALPHA_X13_BURST13] [1;36m16:35:37[0m [1;32mx13[0m [1;36m#247[0m SKIP tension=[1;31m2.69457943[0m [0m| cold < 3.0 (vortex=OFF)
[BETA_X5] [1;36m16:35:39[0m [1;33mx5[0m [1;36m#230[0m SKIP tension=[1;36m0.00003893[0m [0m| momentum_too_small [1;31mconf=0.0001[0m
[ALPHA_X13_BURST13] mode=OFF radar_adj=0 mom= conf=0
[BETA_X5] mode=OFF radar_adj=0 mom= conf=0
[ALPHA_X13_BURST13] [1;36m16:35:46[0m [1;32mx13[0m [1;36m#248[0m SKIP tension=[1;36m0.00002454[0m [0m| momentum_too_small [1;31mconf=0.0[0m
[BETA_X5] [1;36m16:35:48[0m [1;33mx5[0m [1;36m#231[0m SKIP tension=[1;36m0.00000000[0m [0m| momentum_too_small [1;31mconf=0.27[0m
[ALPHA_X13_BURST13] mode=OFF radar_adj=0 mom= conf=0
[BETA_X5] mode=OFF radar_adj=0 mom= conf=0
[ALPHA_X13_BURST13] [1;36m16:35:55[0m [1;32mx13[0m [1;36m#249[0m SKIP tension=[1;36m0.00000000[0m [0m| momentum_too_small [1;31mconf=0.3206[0m
[BETA_X5] [1;36m16:35:56[0m [1;33mx5[0m [1;36m#232[0m SKIP tension=[1;36m0.00357709[0m [0m| momentum_too_small [1;31mconf=0.0055[0m
[ALPHA_X13_BURST13] mode=OFF radar_adj=0 mom= conf=0
[BETA_X5] mode=OFF radar_adj=0 mom= conf=0
[ALPHA_X13_BURST13] [1;36m16:36:04[0m [1;32mx13[0m [1;36m#250[0m SKIP tension=[1;36m0.00113760[0m [0m| momentum_too_small [1;31mconf=0.0017[0m
[BETA_X5] [1;36m16:36:04[0m [1;33mx5[0m [1;36m#233[0m SKIP tension=[1;36m0.00002306[0m [0m| momentum_too_small [1;31mconf=0.0[0m
[ALPHA_X13_BURST13] mode=OFF radar_adj=0 mom= conf=0
[BETA_X5] mode=OFF radar_adj=0 mom= conf=0
[ALPHA_X13_BURST13] [1;36m16:36:13[0m [1;32mx13[0m [1;36m#251[0m SKIP tension=[1;36m0.00037258[0m [0m| momentum_too_small [1;31mconf=0.0006[0m
[BETA_X5] [1;36m16:36:13[0m [1;33mx5[0m [1;36m#234[0m SKIP tension=[1;36m0.00037258[0m [0m| momentum_too_small [1;31mconf=0.0006[0m
[BETA_X5] mode=OFF radar_adj=0 mom= conf=0
[ALPHA_X13_BURST13] mode=OFF radar_adj=0 mom= conf=0
[BETA_X5] [1;36m16:36:22[0m [1;33mx5[0m [1;36m#235[0m SKIP tension=[1;36m0.83128329[0m [0m| wall_not_collapsed
[ALPHA_X13_BURST13] [1;36m16:36:22[0m [1;32mx13[0m [1;36m#252[0m SKIP tension=[1;36m0.83129939[0m [0m| wall_not_collapsed
[BETA_X5] mode=OFF radar_adj=0 mom= conf=0
[ALPHA_X13_BURST13] mode=OFF radar_adj=0 mom= conf=0
[ALPHA_X13_BURST13] [1;36m16:36:31[0m [1;32mx13[0m [1;36m#253[0m SKIP tension=[1;36m0.00000000[0m [0m| momentum_too_small [1;31mconf=0.27[0m
[BETA_X5] [1;36m16:36:32[0m [1;33mx5[0m [1;36m#236[0m SKIP tension=[1;36m0.00281904[0m [0m| momentum_too_small [1;31mconf=0.0036[0m
[BETA_X5] mode=OFF radar_adj=0 mom= conf=0
[ALPHA_X13_BURST13] mode=OFF radar_adj=0 mom= conf=0
[BETA_X5] [1;36m16:36:40[0m [1;33mx5[0m [1;36m#237[0m SKIP tension=[1;36m0.00000085[0m [0m| momentum_too_small [1;31mconf=0.0[0m
[ALPHA_X13_BURST13] [1;36m16:36:41[0m [1;32mx13[0m [1;36m#254[0m SKIP tension=[1;36m0.00000085[0m [0m| momentum_too_small [1;31mconf=0.0[0m
[BETA_X5] mode=OFF radar_adj=0 mom= conf=0
[ALPHA_X13_BURST13] mode=OFF radar_adj=0 mom= conf=0
[BETA_X5] [1;36m16:36:49[0m [1;33mx5[0m [1;36m#238[0m SKIP tension=[1;36m0.00000000[0m [0m| momentum_too_small [1;31mconf=0.27[0m
[ALPHA_X13_BURST13] [1;36m16:36:50[0m [1;32mx13[0m [1;36m#255[0m SKIP [1;33m| tension_stale age=7648ms>800ms (NUAGE)[0m
[BETA_X5] mode=OFF radar_adj=0 mom= conf=0
[ALPHA_X13_BURST13] mode=OFF radar_adj=0 mom= conf=0
[BETA_X5] [1;36m16:36:57[0m [1;33mx5[0m [1;36m#239[0m SKIP tension=[1;36m0.62703603[0m [0m| wall_not_collapsed
[ALPHA_X13_BURST13] [1;36m16:36:59[0m [1;32mx13[0m [1;36m#256[0m SKIP tension=[1;36m0.00002710[0m [0m| momentum_too_small [1;31mconf=0.0[0m
[BETA_X5] mode=OFF radar_adj=0 mom= conf=0
[ALPHA_X13_BURST13] mode=OFF radar_adj=0 mom= conf=0
[BETA_X5] [1;36m16:37:06[0m [1;33mx5[0m [1;36m#240[0m SKIP tension=[1;36m0.00003556[0m [0m| momentum_too_small [1;31mconf=0.0[0m
[ALPHA_X13_BURST13] [1;36m16:37:09[0m [1;32mx13[0m [1;36m#257[0m SKIP tension=[1;36m0.00002422[0m [0m| momentum_too_small [1;31mconf=0.0[0m
[BETA_X5] mode=OFF radar_adj=0 mom= conf=0
[ALPHA_X13_BURST13] mode=OFF radar_adj=0 mom= conf=0
[BETA_X5] [1;36m16:37:19[0m [1;33mx5[0m [1;36m#241[0m SKIP tension=[1;36m0.00135910[0m [0m| momentum_too_small [1;31mconf=0.0017[0m
[ALPHA_X13_BURST13] [1;36m16:37:21[0m [1;32mx13[0m [1;36m#258[0m SKIP tension=[1;36m0.00003387[0m [0m| momentum_too_small [1;31mconf=0.0001[0m
[BETA_X5] mode=OFF radar_adj=0 mom= conf=0
[ALPHA_X13_BURST13] mode=OFF radar_adj=0 mom= conf=0
[BETA_X5] [1;36m16:37:30[0m [1;33mx5[0m [1;36m#242[0m SKIP tension=[1;36m0.00031758[0m [0m| momentum_too_small [1;31mconf=0.0005[0m
[ALPHA_X13_BURST13] [1;36m16:37:33[0m [1;32mx13[0m [1;36m#259[0m SKIP tension=[1;36m0.00001863[0m [0m| momentum_too_small [1;31mconf=0.0[0m
[BETA_X5] mode=OFF radar_adj=0 mom= conf=0
[ALPHA_X13_BURST13] mode=OFF radar_adj=0 mom= conf=0
[BETA_X5] [1;36m16:37:41[0m [1;33mx5[0m [1;36m#243[0m SKIP tension=[1;36m0.00002795[0m [0m| momentum_too_small [1;31mconf=0.0[0m
[BETA_X5] mode=OFF radar_adj=0 mom= conf=0
[ALPHA_X13_BURST13] [1;36m16:37:45[0m [1;32mx13[0m [1;36m#260[0m SKIP tension=[1;36m0.00003981[0m [0m| momentum_too_small [1;31mconf=0.0001[0m
[ALPHA_X13_BURST13] mode=OFF radar_adj=0 mom= conf=0
[BETA_X5] [1;36m16:37:53[0m [1;33mx5[0m [1;36m#244[0m SKIP tension=[1;36m0.00003726[0m [0m| momentum_too_small [1;31mconf=0.0[0m
[ALPHA_X13_BURST13] [1;36m16:37:56[0m [1;32mx13[0m [1;36m#261[0m SKIP tension=[1;36m0.00002287[0m [0m| momentum_too_small [1;31mconf=0.0[0m
[BETA_X5] mode=OFF radar_adj=0 mom= conf=0
[ALPHA_X13_BURST13] mode=OFF radar_adj=0 mom= conf=0
[BETA_X5] [1;36m16:38:04[0m [1;33mx5[0m [1;36m#245[0m SKIP tension=[1;36m0.00003728[0m [0m| momentum_too_small [1;31mconf=0.0[0m
[ALPHA_X13_BURST13] [1;36m16:38:07[0m [1;32mx13[0m [1;36m#262[0m SKIP tension=[1;36m0.00287504[0m [0m| momentum_too_small [1;31mconf=0.0037[0m
[BETA_X5] mode=OFF radar_adj=0 mom= conf=0
[ALPHA_X13_BURST13] mode=OFF radar_adj=0 mom= conf=0
[BETA_X5] [1;36m16:38:13[0m [1;33mx5[0m [1;36m#246[0m SKIP tension=[1;36m0.00000000[0m [0m| momentum_too_small [1;31mconf=0.27[0m
[BETA_X5] mode=OFF radar_adj=0 mom= conf=0
[ALPHA_X13_BURST13] [1;36m16:38:17[0m [1;32mx13[0m [1;36m#263[0m SKIP tension=[1;36m0.00082794[0m [0m| momentum_too_small [1;31mconf=0.0011[0m
[ALPHA_X13_BURST13] mode=OFF radar_adj=0 mom= conf=0
[BETA_X5] [1;36m16:38:25[0m [1;33mx5[0m [1;36m#247[0m SKIP tension=[1;36m0.00058408[0m [0m| momentum_too_small [1;31mconf=0.0008[0m
[BETA_X5] mode=OFF radar_adj=0 mom= conf=0
[ALPHA_X13_BURST13] [1;36m16:38:31[0m [1;32mx13[0m [1;36m#264[0m SKIP [1;33m| tension_stale age=4059ms>800ms (NUAGE)[0m
[ALPHA_X13_BURST13] mode=OFF radar_adj=0 mom= conf=0
[BETA_X5] [1;36m16:38:34[0m [1;33mx5[0m [1;36m#248[0m SKIP tension=[1;36m0.00006440[0m [0m| momentum_too_small [1;31mconf=0.0001[0m
[BETA_X5] mode=OFF radar_adj=0 mom= conf=0
[ALPHA_X13_BURST13] [1;36m16:38:41[0m [1;32mx13[0m [1;36m#265[0m SKIP tension=[1;36m0.00000000[0m [0m| momentum_too_small [1;31mconf=0.2731[0m
[BETA_X5] [1;36m16:38:44[0m [1;33mx5[0m [1;36m#249[0m SKIP tension=[1;36m0.09482984[0m [0m| direction_unclear [1;31mconf=0.1232[0m
[ALPHA_X13_BURST13] mode=OFF radar_adj=0 mom= conf=0
[BETA_X5] mode=OFF radar_adj=0 mom= conf=0
[ALPHA_X13_BURST13] [1;36m16:38:50[0m [1;32mx13[0m [1;36m#266[0m SKIP tension=[1;36m0.00000000[0m [0m| momentum_too_small [1;31mconf=0.2731[0m
[BETA_X5] [1;36m16:38:52[0m [1;33mx5[0m [1;36m#250[0m SKIP tension=[1;36m0.02431813[0m [0m| direction_unclear [1;31mconf=0.0316[0m
[ALPHA_X13_BURST13] mode=OFF radar_adj=0 mom= conf=0
[BETA_X5] mode=OFF radar_adj=0 mom= conf=0
[ALPHA_X13_BURST13] [1;36m16:38:59[0m [1;32mx13[0m [1;36m#267[0m SKIP tension=[1;36m0.00000000[0m [0m| momentum_too_small [1;31mconf=0.2727[0m
[BETA_X5] [1;36m16:39:01[0m [1;33mx5[0m [1;36m#251[0m SKIP tension=[1;36m0.00000000[0m [0m| momentum_too_small [1;31mconf=0.2727[0m
[ALPHA_X13_BURST13] mode=OFF radar_adj=0 mom= conf=0
[BETA_X5] mode=OFF radar_adj=0 mom= conf=0
[ALPHA_X13_BURST13] [1;36m16:39:08[0m [1;32mx13[0m [1;36m#268[0m SKIP tension=[1;36m0.00000000[0m [0m| momentum_too_small [1;31mconf=0.3021[0m
[BETA_X5] [1;36m16:39:10[0m [1;33mx5[0m [1;36m#252[0m SKIP tension=[1;36m0.00000000[0m [0m| momentum_too_small [1;31mconf=0.3021[0m
[ALPHA_X13_BURST13] mode=OFF radar_adj=0 mom= conf=0
[BETA_X5] mode=OFF radar_adj=0 mom= conf=0
[ALPHA_X13_BURST13] [1;36m16:39:18[0m [1;32mx13[0m [1;36m#269[0m SKIP [1;33m| tension_stale age=6757ms>800ms (NUAGE)[0m
[BETA_X5] [1;36m16:39:20[0m [1;33mx5[0m [1;36m#253[0m SKIP tension=[1;36m0.00293700[0m [0m| momentum_too_small [1;31mconf=0.0042[0m
[ALPHA_X13_BURST13] mode=OFF radar_adj=0 mom= conf=0
[BETA_X5] mode=OFF radar_adj=0 mom= conf=0
[ALPHA_X13_BURST13] [1;36m16:39:27[0m [1;32mx13[0m [1;36m#270[0m SKIP tension=[1;36m0.00001367[0m [0m| momentum_too_small [1;31mconf=0.0[0m
[BETA_X5] [1;36m16:39:29[0m [1;33mx5[0m [1;36m#254[0m SKIP tension=[1;36m0.00287317[0m [0m| momentum_too_small [1;31mconf=0.0037[0m
[ALPHA_X13_BURST13] mode=OFF radar_adj=0 mom= conf=0
[BETA_X5] mode=OFF radar_adj=0 mom= conf=0
[ALPHA_X13_BURST13] [1;36m16:39:37[0m [1;32mx13[0m [1;36m#271[0m SKIP tension=[1;33m0.94630704[0m [0m| wall_not_collapsed
[BETA_X5] [1;36m16:39:38[0m [1;33mx5[0m [1;36m#255[0m SKIP tension=[1;36m0.00001567[0m [0m| momentum_too_small [1;31mconf=0.0[0m
[ALPHA_X13_BURST13] mode=OFF radar_adj=0 mom= conf=0
[BETA_X5] mode=OFF radar_adj=0 mom= conf=0
[ALPHA_X13_BURST13] [1;36m16:39:45[0m [1;32mx13[0m [1;36m#272[0m SKIP tension=[1;36m0.00001525[0m [0m| momentum_too_small [1;31mconf=0.0[0m
[BETA_X5] [1;36m16:39:46[0m [1;33mx5[0m [1;36m#256[0m SKIP tension=[1;31m2.11572198[0m [0m| cold < 3.0 (vortex=OFF)
[ALPHA_X13_BURST13] mode=OFF radar_adj=0 mom= conf=0
[BETA_X5] mode=OFF radar_adj=0 mom= conf=0
[BETA_X5] [1;36m16:39:54[0m [1;33mx5[0m [1;36m#257[0m SKIP tension=[1;36m0.34751068[0m [0m| wall_not_collapsed
[ALPHA_X13_BURST13] [1;36m16:39:54[0m [1;32mx13[0m [1;36m#273[0m SKIP tension=[1;36m0.34748101[0m [0m| wall_not_collapsed
[BETA_X5] mode=OFF radar_adj=0 mom= conf=0
[ALPHA_X13_BURST13] mode=OFF radar_adj=0 mom= conf=0
[ALPHA_X13_BURST13] [1;36m16:40:03[0m [1;32mx13[0m [1;36m#274[0m SKIP tension=[1;36m0.70753216[0m [0m| wall_not_collapsed
[ALPHA_X13_BURST13] mode=OFF radar_adj=0 mom= conf=0
[ALPHA_X13_BURST13] [1;36m16:40:12[0m [1;32mx13[0m [1;36m#275[0m SKIP tension=[1;36m0.00011769[0m [0m| momentum_too_small [1;31mconf=0.0002[0m
[ALPHA_X13_BURST13] mode=OFF radar_adj=0 mom= conf=0
[ALPHA_X13_BURST13] [1;36m16:40:21[0m [1;32mx13[0m [1;36m#276[0m SKIP tension=[1;36m0.00000799[0m [0m| momentum_too_small [1;31mconf=0.0[0m
[ALPHA_X13_BURST13] mode=OFF radar_adj=0 mom= conf=0
[ALPHA_X13_BURST13] [1;36m16:40:31[0m [1;32mx13[0m [1;36m#277[0m SKIP tension=[1;31m2.38090933[0m [0m| cold < 3.0 (vortex=OFF)
[ALPHA_X13_BURST13] mode=OFF radar_adj=0 mom= conf=0
[BETA_X5] [1;36mentry=16:40:08@64815.90000000[0m [1;33mx5[0m [1;36m#258[0m [1;32mSELL[0m tension=[1;31m6.51735718[0m hold=[1;36m25[0ms sec=[1;36m25[0m [0m| exit=64815.80000000 [1;32mconf=0.8506[0m [1;36mexit_time=16:40:33[0m [1;32mpnl=0.00124000 bps=0.01542831 pct=0.00015428% total=-0.715[0m
[BETA_X5] mode=OFF radar_adj=0 mom= conf=0
[ALPHA_X13_BURST13] [1;36m16:40:40[0m [1;32mx13[0m [1;36m#278[0m SKIP tension=[1;36m0.00006325[0m [0m| momentum_too_small [1;31mconf=0.0001[0m
[ALPHA_X13_BURST13] mode=OFF radar_adj=0 mom= conf=0
[BETA_X5] [1;36m16:40:43[0m [1;33mx5[0m [1;36m#259[0m SKIP tension=[1;36m0.00000000[0m [0m| momentum_too_small [1;31mconf=0.2984[0m
[BETA_X5] mode=OFF radar_adj=0 mom= conf=0
[ALPHA_X13_BURST13] [1;36m16:40:49[0m [1;32mx13[0m [1;36m#279[0m SKIP tension=[1;36m0.02002195[0m [0m| direction_unclear [1;31mconf=0.0284[0m
[ALPHA_X13_BURST13] mode=OFF radar_adj=0 mom= conf=0
[ALPHA_X13_BURST13] [1;36m16:40:57[0m [1;32mx13[0m [1;36m#280[0m SKIP tension=[1;36m0.01327102[0m [0m| direction_unclear [1;31mconf=0.0157[0m
[ALPHA_X13_BURST13] mode=OFF radar_adj=0 mom= conf=0
[ALPHA_X13_BURST13] [1;36m16:41:06[0m [1;32mx13[0m [1;36m#281[0m SKIP tension=[1;32m1.26795016[0m [0m| cold < 3.0 (vortex=OFF)
[ALPHA_X13_BURST13] mode=OFF radar_adj=0 mom= conf=0
[ALPHA_X13_BURST13] [1;36m16:41:17[0m [1;32mx13[0m [1;36m#282[0m SKIP tension=[1;36m0.00004704[0m [0m| momentum_too_small [1;31mconf=0.0001[0m
[ALPHA_X13_BURST13] mode=OFF radar_adj=0 mom= conf=0
[BETA_X5] shockwave beta->alpha until_cycle=270
[BETA_X5] [1;33mSWARM shockwave[0m [0m| beta -> neighbor (shock_inversion_stop)[0m
[BETA_X5] [1;36mCycle 260[0m [1;32mSOFT anomaly[0m [1;33m| pnl_abs=0.23562000 > 0.02500000[0m
[BETA_X5] [1;36mentry=16:40:56@64807.60000000[0m [1;33mx5[0m [1;36m#260[0m [1;31mSELL[0m tension=[1;31m4.80207700[0m hold=[1;36m27[0ms sec=[1;36m27[0m [0m| exit=64822.90000000 [1;33mconf=0.7879[0m [1;36mexit_time=16:41:23[0m [1;31mpnl=-0.23562000 bps=-2.36083422 pct=-0.02360834% total=-0.95062[0m
[ALPHA_X13_BURST13] [1;36m16:41:26[0m [1;32mx13[0m [1;36m#283[0m SKIP tension=[1;36m0.00000940[0m [0m| momentum_too_small [1;31mconf=0.0[0m
[BETA_X5] mode=OFF radar_adj=0 mom= conf=0
[ALPHA_X13_BURST13] mode=OFF radar_adj=0 mom= conf=0
[BETA_X5] [1;36m16:41:34[0m [1;33mx5[0m [1;36m#261[0m SKIP tension=[1;36m0.00002467[0m [0m| momentum_too_small [1;31mconf=0.0[0m
[ALPHA_X13_BURST13] [1;36m16:41:35[0m [1;32mx13[0m [1;36m#284[0m SKIP tension=[1;36m0.00000000[0m [0m| momentum_too_small [1;31mconf=0.348[0m
[BETA_X5] mode=OFF radar_adj=0 mom= conf=0
[ALPHA_X13_BURST13] mode=OFF radar_adj=0 mom= conf=0
[BETA_X5] [1;36m16:41:42[0m [1;33mx5[0m [1;36m#262[0m SKIP tension=[1;36m0.22042650[0m [0m| wall_not_collapsed
[ALPHA_X13_BURST13] [1;36m16:41:44[0m [1;32mx13[0m [1;36m#285[0m SKIP tension=[1;36m0.00000000[0m [0m| momentum_too_small [1;31mconf=0.348[0m
[BETA_X5] mode=OFF radar_adj=0 mom= conf=0
[ALPHA_X13_BURST13] mode=OFF radar_adj=0 mom= conf=0
[BETA_X5] [1;36m16:41:50[0m [1;33mx5[0m [1;36m#263[0m SKIP tension=[1;36m0.00000000[0m [0m| momentum_too_small [1;31mconf=0.348[0m
[ALPHA_X13_BURST13] [1;36m16:41:52[0m [1;32mx13[0m [1;36m#286[0m SKIP tension=[1;36m0.00100626[0m [0m| momentum_too_small [1;31mconf=0.0017[0m
[BETA_X5] mode=OFF radar_adj=0 mom= conf=0
[ALPHA_X13_BURST13] mode=OFF radar_adj=0 mom= conf=0
[BETA_X5] [1;36m16:41:59[0m [1;33mx5[0m [1;36m#264[0m SKIP tension=[1;36m0.00000393[0m [0m| momentum_too_small [1;31mconf=0.0[0m
[BETA_X5] mode=OFF radar_adj=0 mom= conf=0
[ALPHA_X13_BURST13] [1;36m16:42:02[0m [1;32mx13[0m [1;36m#287[0m SKIP tension=[1;32m1.63085451[0m [0m| cold < 3.0 (vortex=OFF)
[ALPHA_X13_BURST13] mode=OFF radar_adj=0 mom= conf=0
[BETA_X5] [1;36m16:42:07[0m [1;33mx5[0m [1;36m#265[0m SKIP tension=[1;36m0.00194374[0m [0m| momentum_too_small [1;31mconf=0.0032[0m
[BETA_X5] mode=OFF radar_adj=0 mom= conf=0
[ALPHA_X13_BURST13] [1;36m16:42:11[0m [1;32mx13[0m [1;36m#288[0m SKIP tension=[1;36m0.00372238[0m [0m| momentum_too_small [1;31mconf=0.0062[0m
[ALPHA_X13_BURST13] mode=OFF radar_adj=0 mom= conf=0
[BETA_X5] [1;36m16:42:15[0m [1;33mx5[0m [1;36m#266[0m SKIP tension=[1;36m0.00057164[0m [0m| momentum_too_small [1;31mconf=0.0009[0m
[BETA_X5] mode=OFF radar_adj=0 mom= conf=0
[ALPHA_X13_BURST13] [1;36m16:42:20[0m [1;32mx13[0m [1;36m#289[0m SKIP tension=[1;36m0.00000000[0m [0m| momentum_too_small [1;31mconf=0.348[0m
[ALPHA_X13_BURST13] mode=OFF radar_adj=0 mom= conf=0
[BETA_X5] [1;36m16:42:24[0m [1;33mx5[0m [1;36m#267[0m SKIP tension=[1;36m0.00002574[0m [0m| momentum_too_small [1;31mconf=0.0[0m
[BETA_X5] mode=OFF radar_adj=0 mom= conf=0
[ALPHA_X13_BURST13] [1;36m16:42:29[0m [1;32mx13[0m [1;36m#290[0m SKIP tension=[1;36m0.00000000[0m [0m| momentum_too_small [1;31mconf=0.3476[0m
[ALPHA_X13_BURST13] mode=OFF radar_adj=0 mom= conf=0
[ALPHA_X13_BURST13] [1;36m16:42:38[0m [1;32mx13[0m [1;36m#291[0m SKIP tension=[1;36m0.00183881[0m [0m| momentum_too_small [1;31mconf=0.0031[0m
[ALPHA_X13_BURST13] mode=OFF radar_adj=0 mom= conf=0
[ALPHA_X13_BURST13] [1;36m16:42:47[0m [1;32mx13[0m [1;36m#292[0m SKIP tension=[1;36m0.00563600[0m [0m| direction_unclear [1;31mconf=0.0093[0m
[ALPHA_X13_BURST13] mode=OFF radar_adj=0 mom= conf=0
[ALPHA_X13_BURST13] [1;33m16:42:57[0m [1;33mSTORM_HUNTER[0m arm | tension=4.40546715 th=2.5 dir=short age=1377
[ALPHA_X13_BURST13] [1;36m16:42:57[0m [1;32mx13[0m [1;36m#293[0m SKIP [1;33m| tension_stale age=2638ms>800ms (NUAGE)[0m
[ALPHA_X13_BURST13] mode=OFF radar_adj=0 mom= conf=0
[ALPHA_X13_BURST13] [1;36m16:43:07[0m [1;32mx13[0m [1;36m#294[0m SKIP tension=[1;36m0.28214873[0m [0m| wall_not_collapsed
[BETA_X5] [1;36mentry=16:42:37@64761.80000000[0m [1;33mx5[0m [1;36m#268[0m [1;32mSELL[0m tension=[1;31m3.80982362[0m hold=[1;36m29[0ms sec=[1;36m29[0m [0m| exit=64760.30000000 [1;32mconf=0.9904[0m [1;36mexit_time=16:43:07[0m [1;32mpnl=0.01140000 bps=0.23161802 pct=0.00231618% total=-0.93922[0m
[ALPHA_X13_BURST13] mode=OFF radar_adj=0 mom= conf=0
[BETA_X5] mode=OFF radar_adj=0 mom= conf=0
[ALPHA_X13_BURST13] [1;36m16:43:17[0m [1;32mx13[0m [1;36m#295[0m SKIP tension=[1;36m0.45533525[0m [0m| wall_not_collapsed
[BETA_X5] [1;36m16:43:19[0m [1;33mx5[0m [1;36m#269[0m SKIP tension=[1;36m0.51330533[0m [0m| wall_not_collapsed
[ALPHA_X13_BURST13] mode=OFF radar_adj=0 mom= conf=0
[BETA_X5] mode=OFF radar_adj=0 mom= conf=0
[ALPHA_X13_BURST13] [1;36m16:43:27[0m [1;32mx13[0m [1;36m#296[0m SKIP tension=[1;36m0.00001003[0m [0m| momentum_too_small [1;31mconf=0.0[0m
[BETA_X5] [1;36m16:43:29[0m [1;33mx5[0m [1;36m#270[0m SKIP tension=[1;36m0.02707384[0m [0m| direction_unclear [1;31mconf=0.0436[0m
[ALPHA_X13_BURST13] mode=OFF radar_adj=0 mom= conf=0
[BETA_X5] mode=OFF radar_adj=0 mom= conf=0
[ALPHA_X13_BURST13] [1;36m16:43:37[0m [1;32mx13[0m [1;36m#297[0m SKIP tension=[1;36m0.00000000[0m [0m| momentum_too_small [1;31mconf=0.3324[0m
[BETA_X5] [1;36m16:43:38[0m [1;33mx5[0m [1;36m#271[0m SKIP tension=[1;36m0.00010948[0m [0m| momentum_too_small [1;31mconf=0.0002[0m
[ALPHA_X13_BURST13] mode=OFF radar_adj=0 mom= conf=0
[BETA_X5] mode=OFF radar_adj=0 mom= conf=0
[ALPHA_X13_BURST13] [1;36m16:43:46[0m [1;32mx13[0m [1;36m#298[0m SKIP tension=[1;36m0.00000092[0m [0m| momentum_too_small [1;31mconf=0.0[0m
[BETA_X5] [1;36m16:43:47[0m [1;33mx5[0m [1;36m#272[0m SKIP tension=[1;36m0.00000000[0m [0m| momentum_too_small [1;31mconf=0.3473[0m
[ALPHA_X13_BURST13] mode=OFF radar_adj=0 mom= conf=0
[BETA_X5] mode=OFF radar_adj=0 mom= conf=0
[ALPHA_X13_BURST13] [1;36m16:43:55[0m [1;32mx13[0m [1;36m#299[0m SKIP tension=[1;36m0.00006962[0m [0m| momentum_too_small [1;31mconf=0.0001[0m
[BETA_X5] [1;36m16:43:56[0m [1;33mx5[0m [1;36m#273[0m SKIP tension=[1;36m0.00009138[0m [0m| momentum_too_small [1;31mconf=0.0002[0m
[ALPHA_X13_BURST13] mode=OFF radar_adj=0 mom= conf=0
[BETA_X5] mode=OFF radar_adj=0 mom= conf=0
[BETA_X5] [1;36m16:44:05[0m [1;33mx5[0m [1;36m#274[0m SKIP tension=[1;32m1.02242446[0m [0m| cold < 3.0 (vortex=OFF)
[ALPHA_X13_BURST13] [1;36m16:44:06[0m [1;32mx13[0m [1;36m#300[0m SKIP tension=[1;32m1.02242446[0m [0m| cold < 3.0 (vortex=OFF)
[BETA_X5] mode=OFF radar_adj=0 mom= conf=0
[ALPHA_X13_BURST13] mode=OFF radar_adj=0 mom= conf=0
[BETA_X5] [1;36m16:44:15[0m [1;33mx5[0m [1;36m#275[0m SKIP tension=[1;36m0.00010948[0m [0m| momentum_too_small [1;31mconf=0.0002[0m
[ALPHA_X13_BURST13] [1;36m16:44:15[0m [1;32mx13[0m [1;36m#301[0m SKIP tension=[1;36m0.00000000[0m [0m| momentum_too_small [1;31mconf=0.3324[0m
[BETA_X5] mode=OFF radar_adj=0 mom= conf=0
[ALPHA_X13_BURST13] mode=OFF radar_adj=0 mom= conf=0
[BETA_X5] [1;36m16:44:24[0m [1;33mx5[0m [1;36m#276[0m SKIP tension=[1;36m0.00012138[0m [0m| momentum_too_small [1;31mconf=0.0002[0m
[ALPHA_X13_BURST13] [1;36m16:44:24[0m [1;32mx13[0m [1;36m#302[0m SKIP tension=[1;36m0.00008174[0m [0m| momentum_too_small [1;31mconf=0.0001[0m
[BETA_X5] mode=OFF radar_adj=0 mom= conf=0
[ALPHA_X13_BURST13] mode=OFF radar_adj=0 mom= conf=0
[BETA_X5] [1;36m16:44:33[0m [1;33mx5[0m [1;36m#277[0m SKIP tension=[1;36m0.00015854[0m [0m| momentum_too_small [1;31mconf=0.0003[0m
[ALPHA_X13_BURST13] [1;36m16:44:34[0m [1;32mx13[0m [1;36m#303[0m SKIP tension=[1;36m0.00160273[0m [0m| momentum_too_small [1;31mconf=0.0025[0m
[BETA_X5] mode=OFF radar_adj=0 mom= conf=0
[ALPHA_X13_BURST13] mode=OFF radar_adj=0 mom= conf=0
[BETA_X5] [1;36m16:44:42[0m [1;33mx5[0m [1;36m#278[0m SKIP tension=[1;36m0.00010469[0m [0m| momentum_too_small [1;31mconf=0.0002[0m
[ALPHA_X13_BURST13] [1;36m16:44:44[0m [1;32mx13[0m [1;36m#304[0m SKIP tension=[1;36m0.00000000[0m [0m| momentum_too_small [1;31mconf=0.3324[0m
[BETA_X5] mode=OFF radar_adj=0 mom= conf=0
[ALPHA_X13_BURST13] mode=OFF radar_adj=0 mom= conf=0
[BETA_X5] [1;36m16:44:52[0m [1;33mx5[0m [1;36m#279[0m SKIP tension=[1;36m0.00013461[0m [0m| momentum_too_small [1;31mconf=0.0002[0m
[ALPHA_X13_BURST13] [1;36m16:44:54[0m [1;32mx13[0m [1;36m#305[0m SKIP tension=[1;36m0.00013710[0m [0m| momentum_too_small [1;31mconf=0.0002[0m
[BETA_X5] mode=OFF radar_adj=0 mom= conf=0
[ALPHA_X13_BURST13] mode=OFF radar_adj=0 mom= conf=0
[BETA_X5] [1;36m16:45:01[0m [1;33mx5[0m [1;36m#280[0m SKIP tension=[1;36m0.00199429[0m [0m| momentum_too_small [1;31mconf=0.0032[0m
[BETA_X5] mode=OFF radar_adj=0 mom= conf=0
[ALPHA_X13_BURST13] [1;36m16:45:04[0m [1;32mx13[0m [1;36m#306[0m SKIP tension=[1;36m0.00009225[0m [0m| momentum_too_small [1;31mconf=0.0001[0m
[ALPHA_X13_BURST13] mode=OFF radar_adj=0 mom= conf=0
[BETA_X5] [1;36m16:45:10[0m [1;33mx5[0m [1;36m#281[0m SKIP tension=[1;36m0.00006982[0m [0m| momentum_too_small [1;31mconf=0.0001[0m
[BETA_X5] mode=OFF radar_adj=0 mom= conf=0
[ALPHA_X13_BURST13] [1;36m16:45:13[0m [1;32mx13[0m [1;36m#307[0m SKIP tension=[1;36m0.00012223[0m [0m| momentum_too_small [1;31mconf=0.0002[0m
[ALPHA_X13_BURST13] mode=OFF radar_adj=0 mom= conf=0
[BETA_X5] [1;36m16:45:19[0m [1;33mx5[0m [1;36m#282[0m SKIP tension=[1;36m0.00000000[0m [0m| momentum_too_small [1;31mconf=0.3324[0m
[BETA_X5] mode=OFF radar_adj=0 mom= conf=0
[ALPHA_X13_BURST13] [1;36m16:45:22[0m [1;32mx13[0m [1;36m#308[0m SKIP tension=[1;36m0.00008690[0m [0m| momentum_too_small [1;31mconf=0.0001[0m
[ALPHA_X13_BURST13] mode=OFF radar_adj=0 mom= conf=0
[BETA_X5] [1;36m16:45:28[0m [1;33mx5[0m [1;36m#283[0m SKIP tension=[1;36m0.00006952[0m [0m| momentum_too_small [1;31mconf=0.0001[0m
[BETA_X5] mode=OFF radar_adj=0 mom= conf=0
[ALPHA_X13_BURST13] [1;36m16:45:32[0m [1;32mx13[0m [1;36m#309[0m SKIP tension=[1;36m0.00000185[0m [0m| momentum_too_small [1;31mconf=0.0[0m
[ALPHA_X13_BURST13] mode=OFF radar_adj=0 mom= conf=0
[BETA_X5] [1;36m16:45:37[0m [1;33mx5[0m [1;36m#284[0m SKIP tension=[1;32m1.00397065[0m [0m| cold < 3.0 (vortex=OFF)
[BETA_X5] mode=OFF radar_adj=0 mom= conf=0
[ALPHA_X13_BURST13] [1;36m16:45:41[0m [1;32mx13[0m [1;36m#310[0m SKIP tension=[1;36m0.00000000[0m [0m| momentum_too_small [1;31mconf=0.347[0m
[ALPHA_X13_BURST13] mode=OFF radar_adj=0 mom= conf=0
[BETA_X5] [1;36m16:45:45[0m [1;33mx5[0m [1;36m#285[0m SKIP tension=[1;36m0.00003908[0m [0m| momentum_too_small [1;31mconf=0.0001[0m
[BETA_X5] mode=OFF radar_adj=0 mom= conf=0
[ALPHA_X13_BURST13] [1;36m16:45:50[0m [1;32mx13[0m [1;36m#311[0m SKIP tension=[1;36m0.00002748[0m [0m| momentum_too_small [1;31mconf=0.0[0m
[ALPHA_X13_BURST13] mode=OFF radar_adj=0 mom= conf=0
[BETA_X5] [1;36m16:45:55[0m [1;33mx5[0m [1;36m#286[0m SKIP tension=[1;36m0.00001446[0m [0m| momentum_too_small [1;31mconf=0.0[0m
[BETA_X5] mode=OFF radar_adj=0 mom= conf=0
[ALPHA_X13_BURST13] [1;36m16:45:59[0m [1;32mx13[0m [1;36m#312[0m SKIP tension=[1;36m0.00002815[0m [0m| momentum_too_small [1;31mconf=0.0[0m
[ALPHA_X13_BURST13] mode=OFF radar_adj=0 mom= conf=0
[BETA_X5] [1;36m16:46:04[0m [1;33mx5[0m [1;36m#287[0m SKIP tension=[1;33m0.93090303[0m [0m| wall_not_collapsed
[BETA_X5] mode=OFF radar_adj=0 mom= conf=0
[ALPHA_X13_BURST13] [1;36m16:46:08[0m [1;32mx13[0m [1;36m#313[0m SKIP tension=[1;36m0.00001765[0m [0m| momentum_too_small [1;31mconf=0.0[0m
[ALPHA_X13_BURST13] mode=OFF radar_adj=0 mom= conf=0
[BETA_X5] [1;36m16:46:12[0m [1;33mx5[0m [1;36m#288[0m SKIP tension=[1;36m0.09867074[0m [0m| direction_unclear [1;31mconf=0.163[0m
[BETA_X5] mode=OFF radar_adj=0 mom= conf=0
[ALPHA_X13_BURST13] [1;36m16:46:18[0m [1;32mx13[0m [1;36m#314[0m SKIP tension=[1;36m0.01109628[0m [0m| direction_unclear [1;31mconf=0.0132[0m
[BETA_X5] [1;36m16:46:21[0m [1;33mx5[0m [1;36m#289[0m SKIP tension=[1;36m0.00000000[0m [0m| momentum_too_small [1;31mconf=0.3449[0m
[ALPHA_X13_BURST13] mode=OFF radar_adj=0 mom= conf=0
[BETA_X5] mode=OFF radar_adj=0 mom= conf=0
[ALPHA_X13_BURST13] [1;36m16:46:27[0m [1;32mx13[0m [1;36m#315[0m SKIP tension=[1;36m0.27638819[0m [0m| wall_not_collapsed
[BETA_X5] [1;36m16:46:30[0m [1;33mx5[0m [1;36m#290[0m SKIP tension=[1;36m0.00000000[0m [0m| momentum_too_small [1;31mconf=0.348[0m
[ALPHA_X13_BURST13] mode=OFF radar_adj=0 mom= conf=0
[BETA_X5] mode=OFF radar_adj=0 mom= conf=0
[ALPHA_X13_BURST13] [1;36m16:46:36[0m [1;32mx13[0m [1;36m#316[0m SKIP tension=[1;33m0.85336655[0m [0m| wall_not_collapsed
[BETA_X5] [1;36m16:46:38[0m [1;33mx5[0m [1;36m#291[0m SKIP tension=[1;36m0.71493104[0m [0m| wall_not_collapsed
[ALPHA_X13_BURST13] mode=OFF radar_adj=0 mom= conf=0
[BETA_X5] mode=OFF radar_adj=0 mom= conf=0
[ALPHA_X13_BURST13] [1;36m16:46:45[0m [1;32mx13[0m [1;36m#317[0m SKIP tension=[1;36m0.00578407[0m [0m| momentum_too_small [1;31mconf=0.0095[0m
[BETA_X5] [1;36m16:46:46[0m [1;33mx5[0m [1;36m#292[0m SKIP tension=[1;31m2.71693152[0m [0m| cold < 3.0 (vortex=OFF)
[ALPHA_X13_BURST13] mode=OFF radar_adj=0 mom= conf=0
[BETA_X5] mode=OFF radar_adj=0 mom= conf=0
[ALPHA_X13_BURST13] [1;36m16:46:55[0m [1;32mx13[0m [1;36m#318[0m SKIP tension=[1;32m1.19109068[0m [0m| cold < 3.0 (vortex=OFF)
[BETA_X5] [1;36m16:46:55[0m [1;33mx5[0m [1;36m#293[0m SKIP tension=[1;36m0.00003013[0m [0m| momentum_too_small [1;31mconf=0.0[0m
[ALPHA_X13_BURST13] mode=OFF radar_adj=0 mom= conf=0
[BETA_X5] mode=OFF radar_adj=0 mom= conf=0
[ALPHA_X13_BURST13] [1;36m16:47:04[0m [1;32mx13[0m [1;36m#319[0m SKIP tension=[1;36m0.00001502[0m [0m| momentum_too_small [1;31mconf=0.0[0m
[BETA_X5] [1;36m16:47:04[0m [1;33mx5[0m [1;36m#294[0m SKIP tension=[1;36m0.00000000[0m [0m| momentum_too_small [1;31mconf=0.3449[0m
[BETA_X5] mode=OFF radar_adj=0 mom= conf=0
[ALPHA_X13_BURST13] mode=OFF radar_adj=0 mom= conf=0
[BETA_X5] [1;36m16:47:13[0m [1;33mx5[0m [1;36m#295[0m SKIP tension=[1;36m0.00422313[0m [0m| momentum_too_small [1;31mconf=0.0069[0m
[ALPHA_X13_BURST13] [1;36m16:47:13[0m [1;32mx13[0m [1;36m#320[0m SKIP tension=[1;36m0.00422313[0m [0m| momentum_too_small [1;31mconf=0.0069[0m
[BETA_X5] mode=OFF radar_adj=0 mom= conf=0
[ALPHA_X13_BURST13] mode=OFF radar_adj=0 mom= conf=0
[BETA_X5] [1;36m16:47:22[0m [1;33mx5[0m [1;36m#296[0m SKIP tension=[1;36m0.00000000[0m [0m| momentum_too_small [1;31mconf=0.3432[0m
[ALPHA_X13_BURST13] [1;36m16:47:22[0m [1;32mx13[0m [1;36m#321[0m SKIP tension=[1;36m0.00000000[0m [0m| momentum_too_small [1;31mconf=0.3432[0m
[BETA_X5] mode=OFF radar_adj=0 mom= conf=0
[ALPHA_X13_BURST13] mode=OFF radar_adj=0 mom= conf=0
[BETA_X5] [1;36m16:47:30[0m [1;33mx5[0m [1;36m#297[0m SKIP tension=[1;36m0.00000000[0m [0m| momentum_too_small [1;31mconf=0.3419[0m
[ALPHA_X13_BURST13] [1;36m16:47:32[0m [1;32mx13[0m [1;36m#322[0m SKIP tension=[1;36m0.04431996[0m [0m| direction_unclear [1;31mconf=0.0722[0m
[BETA_X5] mode=OFF radar_adj=0 mom= conf=0
[ALPHA_X13_BURST13] mode=OFF radar_adj=0 mom= conf=0
[BETA_X5] [1;36m16:47:38[0m [1;33mx5[0m [1;36m#298[0m SKIP tension=[1;36m0.00000000[0m [0m| momentum_too_small [1;31mconf=0.3392[0m
[ALPHA_X13_BURST13] [1;36m16:47:40[0m [1;32mx13[0m [1;36m#323[0m SKIP tension=[1;36m0.45118878[0m [0m| wall_not_collapsed
[BETA_X5] mode=OFF radar_adj=0 mom= conf=0
[ALPHA_X13_BURST13] mode=OFF radar_adj=0 mom= conf=0
[BETA_X5] [1;36m16:47:46[0m [1;33mx5[0m [1;36m#299[0m SKIP tension=[1;36m0.62920761[0m [0m| wall_not_collapsed
[ALPHA_X13_BURST13] [1;36m16:47:48[0m [1;32mx13[0m [1;36m#324[0m SKIP tension=[1;36m0.00000000[0m [0m| momentum_too_small [1;31mconf=0.3392[0m
[BETA_X5] mode=OFF radar_adj=0 mom= conf=0
[ALPHA_X13_BURST13] mode=OFF radar_adj=0 mom= conf=0
[BETA_X5] [1;36m16:47:55[0m [1;33mx5[0m [1;36m#300[0m SKIP tension=[1;36m0.46596991[0m [0m| wall_not_collapsed
[ALPHA_X13_BURST13] [1;36m16:47:57[0m [1;32mx13[0m [1;36m#325[0m SKIP tension=[1;36m0.00245031[0m [0m| momentum_too_small [1;31mconf=0.0039[0m
[BETA_X5] mode=OFF radar_adj=0 mom= conf=0
[ALPHA_X13_BURST13] mode=OFF radar_adj=0 mom= conf=0
[BETA_X5] [1;36m16:48:04[0m [1;33mx5[0m [1;36m#301[0m SKIP tension=[1;36m0.00002985[0m [0m| momentum_too_small [1;31mconf=0.0[0m
[ALPHA_X13_BURST13] [1;36m16:48:05[0m [1;32mx13[0m [1;36m#326[0m SKIP tension=[1;32m1.83086659[0m [0m| cold < 3.0 (vortex=OFF)
[BETA_X5] mode=OFF radar_adj=0 mom= conf=0
[ALPHA_X13_BURST13] mode=OFF radar_adj=0 mom= conf=0
[BETA_X5] [1;36m16:48:12[0m [1;33mx5[0m [1;36m#302[0m SKIP tension=[1;36m0.00001697[0m [0m| momentum_too_small [1;31mconf=0.0[0m
[ALPHA_X13_BURST13] [1;36m16:48:14[0m [1;32mx13[0m [1;36m#327[0m SKIP tension=[1;36m0.00006045[0m [0m| momentum_too_small [1;31mconf=0.0001[0m
[BETA_X5] mode=OFF radar_adj=0 mom= conf=0
[ALPHA_X13_BURST13] mode=OFF radar_adj=0 mom= conf=0
[BETA_X5] [1;36m16:48:21[0m [1;33mx5[0m [1;36m#303[0m SKIP tension=[1;36m0.00000315[0m [0m| momentum_too_small [1;31mconf=0.0[0m
[ALPHA_X13_BURST13] [1;36m16:48:23[0m [1;32mx13[0m [1;36m#328[0m SKIP tension=[1;33m0.91689573[0m [0m| wall_not_collapsed
[BETA_X5] mode=OFF radar_adj=0 mom= conf=0
[ALPHA_X13_BURST13] mode=OFF radar_adj=0 mom= conf=0
[BETA_X5] [1;36m16:48:29[0m [1;33mx5[0m [1;36m#304[0m SKIP tension=[1;36m0.29356796[0m [0m| wall_not_collapsed
[BETA_X5] mode=OFF radar_adj=0 mom= conf=0
[ALPHA_X13_BURST13] [1;36m16:48:31[0m [1;32mx13[0m [1;36m#329[0m SKIP tension=[1;36m0.30532621[0m [0m| wall_not_collapsed
[ALPHA_X13_BURST13] mode=OFF radar_adj=0 mom= conf=0
[BETA_X5] [1;36m16:48:37[0m [1;33mx5[0m [1;36m#305[0m SKIP tension=[1;36m0.00000798[0m [0m| momentum_too_small [1;31mconf=0.0[0m
[BETA_X5] mode=OFF radar_adj=0 mom= conf=0
[ALPHA_X13_BURST13] [1;36m16:48:41[0m [1;32mx13[0m [1;36m#330[0m SKIP tension=[1;36m0.00003490[0m [0m| momentum_too_small [1;31mconf=0.0001[0m
[ALPHA_X13_BURST13] mode=OFF radar_adj=0 mom= conf=0
[BETA_X5] [1;36m16:48:45[0m [1;33mx5[0m [1;36m#306[0m SKIP tension=[1;36m0.79666126[0m [0m| wall_not_collapsed
[BETA_X5] mode=OFF radar_adj=0 mom= conf=0
[ALPHA_X13_BURST13] [1;36m16:48:50[0m [1;32mx13[0m [1;36m#331[0m SKIP tension=[1;36m0.00000630[0m [0m| momentum_too_small [1;31mconf=0.0[0m
[ALPHA_X13_BURST13] mode=OFF radar_adj=0 mom= conf=0
[BETA_X5] [1;36m16:48:54[0m [1;33mx5[0m [1;36m#307[0m SKIP tension=[1;33m0.91356153[0m [0m| wall_not_collapsed
[BETA_X5] mode=OFF radar_adj=0 mom= conf=0
[ALPHA_X13_BURST13] [1;36m16:48:59[0m [1;32mx13[0m [1;36m#332[0m SKIP tension=[1;36m0.00002215[0m [0m| momentum_too_small [1;31mconf=0.0[0m
[ALPHA_X13_BURST13] mode=OFF radar_adj=0 mom= conf=0
[BETA_X5] [1;36m16:49:02[0m [1;33mx5[0m [1;36m#308[0m SKIP tension=[1;36m0.81839838[0m [0m| wall_not_collapsed
[BETA_X5] mode=OFF radar_adj=0 mom= conf=0
[ALPHA_X13_BURST13] [1;36m16:49:07[0m [1;32mx13[0m [1;36m#333[0m SKIP tension=[1;36m0.67282282[0m [0m| wall_not_collapsed
[BETA_X5] [1;36m16:49:10[0m [1;33mx5[0m [1;36m#309[0m SKIP tension=[1;36m0.06128163[0m [0m| direction_unclear [1;31mconf=0.0946[0m
[ALPHA_X13_BURST13] mode=OFF radar_adj=0 mom= conf=0
[BETA_X5] mode=OFF radar_adj=0 mom= conf=0
[ALPHA_X13_BURST13] [1;36m16:49:17[0m [1;32mx13[0m [1;36m#334[0m SKIP tension=[1;36m0.02638985[0m [0m| direction_unclear [1;31mconf=0.0411[0m
[BETA_X5] [1;36m16:49:19[0m [1;33mx5[0m [1;36m#310[0m SKIP tension=[1;36m0.00000792[0m [0m| momentum_too_small [1;31mconf=0.0[0m
[ALPHA_X13_BURST13] mode=OFF radar_adj=0 mom= conf=0
[BETA_X5] mode=OFF radar_adj=0 mom= conf=0
[ALPHA_X13_BURST13] [1;36m16:49:27[0m [1;32mx13[0m [1;36m#335[0m SKIP tension=[1;36m0.00004977[0m [0m| momentum_too_small [1;31mconf=0.0001[0m
[BETA_X5] [1;36m16:49:27[0m [1;33mx5[0m [1;36m#311[0m SKIP tension=[1;36m0.00000000[0m [0m| momentum_too_small [1;31mconf=0.3426[0m
[ALPHA_X13_BURST13] mode=OFF radar_adj=0 mom= conf=0
[BETA_X5] mode=OFF radar_adj=0 mom= conf=0
[BETA_X5] [1;36m16:49:35[0m [1;33mx5[0m [1;36m#312[0m SKIP tension=[1;36m0.00000000[0m [0m| momentum_too_small [1;31mconf=0.3419[0m
[ALPHA_X13_BURST13] [1;36m16:49:35[0m [1;32mx13[0m [1;36m#336[0m SKIP tension=[1;36m0.00000059[0m [0m| momentum_too_small [1;31mconf=0.0[0m
[BETA_X5] mode=OFF radar_adj=0 mom= conf=0
[ALPHA_X13_BURST13] mode=OFF radar_adj=0 mom= conf=0
[BETA_X5] [1;36m16:49:44[0m [1;33mx5[0m [1;36m#313[0m SKIP tension=[1;36m0.22450297[0m [0m| wall_not_collapsed
[ALPHA_X13_BURST13] [1;36m16:49:44[0m [1;32mx13[0m [1;36m#337[0m SKIP tension=[1;36m0.22449524[0m [0m| wall_not_collapsed
[BETA_X5] mode=OFF radar_adj=0 mom= conf=0
[ALPHA_X13_BURST13] mode=OFF radar_adj=0 mom= conf=0
[ALPHA_X13_BURST13] [1;36m16:49:53[0m [1;32mx13[0m [1;36m#338[0m SKIP tension=[1;31m6.08776765[0m [0m| tactic short vs long
[ALPHA_X13_BURST13] mode=OFF radar_adj=0 mom= conf=0
[ALPHA_X13_BURST13] [1;36m16:50:02[0m [1;32mx13[0m [1;36m#339[0m SKIP tension=[1;36m0.25002910[0m [0m| wall_not_collapsed
[ALPHA_X13_BURST13] mode=OFF radar_adj=0 mom= conf=0
[ALPHA_X13_BURST13] [1;36m16:50:10[0m [1;32mx13[0m [1;36m#340[0m SKIP tension=[1;36m0.64363962[0m [0m| wall_not_collapsed
[ALPHA_X13_BURST13] mode=OFF radar_adj=0 mom= conf=0
[ALPHA_X13_BURST13] [1;36m16:50:19[0m [1;32mx13[0m [1;36m#341[0m SKIP tension=[1;36m0.24028974[0m [0m| wall_not_collapsed
[ALPHA_X13_BURST13] mode=OFF radar_adj=0 mom= conf=0
[BETA_X5] shockwave beta->alpha until_cycle=324
[BETA_X5] [1;33mSWARM shockwave[0m [0m| beta -> neighbor (shock_inversion_stop)[0m
[BETA_X5] [1;36mentry=16:49:58@64771.00000000[0m [1;33mx5[0m [1;36m#314[0m [1;31mSELL[0m tension=[1;31m5.83398466[0m hold=[1;36m25[0ms sec=[1;36m25[0m [0m| exit=64772.00000000 [1;32mconf=0.999[0m [1;36mexit_time=16:50:23[0m [1;31mpnl=-0.00760000 bps=-0.15439008 pct=-0.00154390% total=-0.9468200000000001[0m
[BETA_X5] mode=OFF radar_adj=0 mom= conf=0
[ALPHA_X13_BURST13] [1;36m16:50:30[0m [1;32mx13[0m [1;36m#342[0m SKIP [1;33m| tension_stale age=3038ms>800ms (NUAGE)[0m
[ALPHA_X13_BURST13] mode=OFF radar_adj=0 mom= conf=0
[BETA_X5] [1;36m16:50:34[0m [1;33mx5[0m [1;36m#315[0m SKIP tension=[1;36m0.00032620[0m [0m| momentum_too_small [1;31mconf=0.0005[0m
[BETA_X5] mode=OFF radar_adj=0 mom= conf=0
[ALPHA_X13_BURST13] [1;36m16:50:39[0m [1;32mx13[0m [1;36m#343[0m SKIP tension=[1;36m0.00000000[0m [0m| momentum_too_small [1;31mconf=0.347[0m
[ALPHA_X13_BURST13] mode=OFF radar_adj=0 mom= conf=0
[BETA_X5] [1;36m16:50:43[0m [1;33mx5[0m [1;36m#316[0m SKIP tension=[1;36m0.00004715[0m [0m| momentum_too_small [1;31mconf=0.0001[0m
[BETA_X5] mode=OFF radar_adj=0 mom= conf=0
[ALPHA_X13_BURST13] [1;36m16:50:49[0m [1;32mx13[0m [1;36m#344[0m SKIP tension=[1;36m0.00000000[0m [0m| momentum_too_small [1;31mconf=0.347[0m
[BETA_X5] [1;36m16:50:51[0m [1;33mx5[0m [1;36m#317[0m SKIP tension=[1;36m0.00006536[0m [0m| momentum_too_small [1;31mconf=0.0001[0m
[ALPHA_X13_BURST13] mode=OFF radar_adj=0 mom= conf=0
[BETA_X5] mode=OFF radar_adj=0 mom= conf=0
[ALPHA_X13_BURST13] [1;36m16:50:57[0m [1;32mx13[0m [1;36m#345[0m SKIP tension=[1;36m0.00000000[0m [0m| momentum_too_small [1;31mconf=0.3162[0m
[BETA_X5] [1;36m16:51:00[0m [1;33mx5[0m [1;36m#318[0m SKIP tension=[1;36m0.00000000[0m [0m| momentum_too_small [1;31mconf=0.3162[0m
[ALPHA_X13_BURST13] mode=OFF radar_adj=0 mom= conf=0
[BETA_X5] mode=OFF radar_adj=0 mom= conf=0
[ALPHA_X13_BURST13] [1;36m16:51:06[0m [1;32mx13[0m [1;36m#346[0m SKIP tension=[1;36m0.00000000[0m [0m| momentum_too_small [1;31mconf=0.3169[0m
[BETA_X5] [1;36m16:51:08[0m [1;33mx5[0m [1;36m#319[0m SKIP tension=[1;31m2.39195571[0m [0m| cold < 3.0 (vortex=OFF)
[ALPHA_X13_BURST13] mode=OFF radar_adj=0 mom= conf=0
[BETA_X5] mode=OFF radar_adj=0 mom= conf=0
[ALPHA_X13_BURST13] [1;36m16:51:15[0m [1;32mx13[0m [1;36m#347[0m SKIP tension=[1;36m0.00000000[0m [0m| momentum_too_small [1;31mconf=0.3321[0m
[BETA_X5] [1;36m16:51:16[0m [1;33mx5[0m [1;36m#320[0m SKIP tension=[1;31m2.39196906[0m [0m| cold < 3.0 (vortex=OFF)
[ALPHA_X13_BURST13] mode=OFF radar_adj=0 mom= conf=0
[BETA_X5] mode=OFF radar_adj=0 mom= conf=0
[ALPHA_X13_BURST13] [1;36m16:51:24[0m [1;32mx13[0m [1;36m#348[0m SKIP tension=[1;31m2.39196560[0m [0m| cold < 3.0 (vortex=OFF)
[BETA_X5] [1;36m16:51:25[0m [1;33mx5[0m [1;36m#321[0m SKIP tension=[1;31m2.39196560[0m [0m| cold < 3.0 (vortex=OFF)
[ALPHA_X13_BURST13] mode=OFF radar_adj=0 mom= conf=0
[BETA_X5] mode=OFF radar_adj=0 mom= conf=0
[ALPHA_X13_BURST13] [1;36m16:51:32[0m [1;32mx13[0m [1;36m#349[0m SKIP tension=[1;36m0.67109188[0m [0m| wall_not_collapsed
[BETA_X5] [1;36m16:51:33[0m [1;33mx5[0m [1;36m#322[0m SKIP tension=[1;36m0.00000753[0m [0m| momentum_too_small [1;31mconf=0.0[0m
[ALPHA_X13_BURST13] mode=OFF radar_adj=0 mom= conf=0
[BETA_X5] mode=OFF radar_adj=0 mom= conf=0
[BETA_X5] [1;36m16:51:41[0m [1;33mx5[0m [1;36m#323[0m SKIP tension=[1;36m0.00000280[0m [0m| momentum_too_small [1;31mconf=0.0[0m
[ALPHA_X13_BURST13] [1;36m16:51:41[0m [1;32mx13[0m [1;36m#350[0m SKIP tension=[1;36m0.00240150[0m [0m| momentum_too_small [1;31mconf=0.0035[0m
[BETA_X5] mode=OFF radar_adj=0 mom= conf=0
[ALPHA_X13_BURST13] mode=OFF radar_adj=0 mom= conf=0
[BETA_X5] [1;36m16:51:50[0m [1;33mx5[0m [1;36m#324[0m SKIP tension=[1;36m0.00006102[0m [0m| momentum_too_small [1;31mconf=0.0001[0m
[ALPHA_X13_BURST13] [1;36m16:51:50[0m [1;32mx13[0m [1;36m#351[0m SKIP tension=[1;36m0.00000301[0m [0m| momentum_too_small [1;31mconf=0.0[0m
[BETA_X5] mode=OFF radar_adj=0 mom= conf=0
[ALPHA_X13_BURST13] mode=OFF radar_adj=0 mom= conf=0
[BETA_X5] [1;36m16:51:58[0m [1;33mx5[0m [1;36m#325[0m SKIP tension=[1;36m0.00004039[0m [0m| momentum_too_small [1;31mconf=0.0001[0m
[ALPHA_X13_BURST13] [1;36m16:51:59[0m [1;32mx13[0m [1;36m#352[0m SKIP tension=[1;36m0.00004039[0m [0m| momentum_too_small [1;31mconf=0.0001[0m
[BETA_X5] mode=OFF radar_adj=0 mom= conf=0
[ALPHA_X13_BURST13] mode=OFF radar_adj=0 mom= conf=0
[BETA_X5] [1;36m16:52:07[0m [1;33mx5[0m [1;36m#326[0m SKIP tension=[1;36m0.00000749[0m [0m| momentum_too_small [1;31mconf=0.0[0m
[ALPHA_X13_BURST13] [1;36m16:52:09[0m [1;32mx13[0m [1;36m#353[0m SKIP tension=[1;36m0.30981780[0m [0m| wall_not_collapsed
[BETA_X5] mode=OFF radar_adj=0 mom= conf=0
[ALPHA_X13_BURST13] mode=OFF radar_adj=0 mom= conf=0
[BETA_X5] [1;36m16:52:15[0m [1;33mx5[0m [1;36m#327[0m SKIP tension=[1;36m0.00008164[0m [0m| momentum_too_small [1;31mconf=0.0001[0m
[ALPHA_X13_BURST13] [1;36m16:52:17[0m [1;32mx13[0m [1;36m#354[0m SKIP tension=[1;33m0.93364788[0m [0m| wall_not_collapsed
[BETA_X5] mode=OFF radar_adj=0 mom= conf=0
[ALPHA_X13_BURST13] mode=OFF radar_adj=0 mom= conf=0
[BETA_X5] [1;36m16:52:24[0m [1;33mx5[0m [1;36m#328[0m SKIP tension=[1;36m0.63224215[0m [0m| wall_not_collapsed
[ALPHA_X13_BURST13] [1;36m16:52:26[0m [1;32mx13[0m [1;36m#355[0m SKIP tension=[1;36m0.00001281[0m [0m| momentum_too_small [1;31mconf=0.0[0m
[BETA_X5] mode=OFF radar_adj=0 mom= conf=0
[ALPHA_X13_BURST13] mode=OFF radar_adj=0 mom= conf=0
[BETA_X5] [1;36m16:52:32[0m [1;33mx5[0m [1;36m#329[0m SKIP tension=[1;36m0.00000000[0m [0m| momentum_too_small [1;31mconf=0.3267[0m
[ALPHA_X13_BURST13] [1;36m16:52:34[0m [1;32mx13[0m [1;36m#356[0m SKIP tension=[1;36m0.45697141[0m [0m| wall_not_collapsed
[BETA_X5] mode=OFF radar_adj=0 mom= conf=0
[ALPHA_X13_BURST13] mode=OFF radar_adj=0 mom= conf=0
[BETA_X5] [1;36m16:52:40[0m [1;33mx5[0m [1;36m#330[0m SKIP tension=[1;36m0.27753073[0m [0m| wall_not_collapsed
[BETA_X5] mode=OFF radar_adj=0 mom= conf=0
[ALPHA_X13_BURST13] [1;36m16:52:44[0m [1;32mx13[0m [1;36m#357[0m SKIP tension=[1;36m0.36429448[0m [0m| wall_not_collapsed
[ALPHA_X13_BURST13] mode=OFF radar_adj=0 mom= conf=0
[BETA_X5] [1;36m16:52:49[0m [1;33mx5[0m [1;36m#331[0m SKIP tension=[1;36m0.00000000[0m [0m| momentum_too_small [1;31mconf=0.2511[0m
[BETA_X5] mode=OFF radar_adj=0 mom= conf=0
[ALPHA_X13_BURST13] [1;36m16:52:52[0m [1;32mx13[0m [1;36m#358[0m SKIP tension=[1;36m0.00000322[0m [0m| momentum_too_small [1;31mconf=0.0[0m
[ALPHA_X13_BURST13] mode=OFF radar_adj=0 mom= conf=0
[BETA_X5] [1;36m16:52:58[0m [1;33mx5[0m [1;36m#332[0m SKIP tension=[1;31m2.56410389[0m [0m| cold < 3.0 (vortex=OFF)
[BETA_X5] mode=OFF radar_adj=0 mom= conf=0
[ALPHA_X13_BURST13] [1;36m16:53:02[0m [1;32mx13[0m [1;36m#359[0m SKIP [1;33m| tension_stale age=2254ms>800ms (NUAGE)[0m
[ALPHA_X13_BURST13] mode=OFF radar_adj=0 mom= conf=0
[BETA_X5] [1;36m16:53:06[0m [1;33mx5[0m [1;36m#333[0m SKIP tension=[1;36m0.45131041[0m [0m| wall_not_collapsed
[BETA_X5] mode=OFF radar_adj=0 mom= conf=0
[ALPHA_X13_BURST13] [1;36m16:53:11[0m [1;32mx13[0m [1;36m#360[0m SKIP tension=[1;36m0.33966486[0m [0m| wall_not_collapsed
[ALPHA_X13_BURST13] mode=OFF radar_adj=0 mom= conf=0
[BETA_X5] [1;36m16:53:15[0m [1;33mx5[0m [1;36m#334[0m SKIP tension=[1;36m0.34733130[0m [0m| wall_not_collapsed
[BETA_X5] mode=OFF radar_adj=0 mom= conf=0
[ALPHA_X13_BURST13] [1;36m16:53:19[0m [1;32mx13[0m [1;36m#361[0m SKIP tension=[1;36m0.26800262[0m [0m| wall_not_collapsed
[ALPHA_X13_BURST13] mode=OFF radar_adj=0 mom= conf=0
[BETA_X5] [1;36m16:53:23[0m [1;33mx5[0m [1;36m#335[0m SKIP tension=[1;36m0.55063692[0m [0m| wall_not_collapsed
[BETA_X5] mode=OFF radar_adj=0 mom= conf=0
[ALPHA_X13_BURST13] [1;36m16:53:29[0m [1;32mx13[0m [1;36m#362[0m SKIP tension=[1;36m0.00721936[0m [0m| direction_unclear [1;31mconf=0.011[0m
[BETA_X5] [1;36m16:53:31[0m [1;33mx5[0m [1;36m#336[0m SKIP tension=[1;36m0.00000000[0m [0m| momentum_too_small [1;31mconf=0.3206[0m
[ALPHA_X13_BURST13] mode=OFF radar_adj=0 mom= conf=0
[BETA_X5] mode=OFF radar_adj=0 mom= conf=0
[ALPHA_X13_BURST13] [1;36m16:53:38[0m [1;32mx13[0m [1;36m#363[0m SKIP tension=[1;36m0.07184473[0m [0m| direction_unclear [1;31mconf=0.1152[0m
[BETA_X5] [1;36m16:53:40[0m [1;33mx5[0m [1;36m#337[0m SKIP tension=[1;36m0.00747209[0m [0m| momentum_too_small [1;31mconf=0.0123[0m
[ALPHA_X13_BURST13] mode=OFF radar_adj=0 mom= conf=0
[BETA_X5] mode=OFF radar_adj=0 mom= conf=0
[ALPHA_X13_BURST13] [1;36m16:53:47[0m [1;32mx13[0m [1;36m#364[0m SKIP tension=[1;36m0.00000000[0m [0m| momentum_too_small [1;31mconf=0.3378[0m
[BETA_X5] [1;36m16:53:49[0m [1;33mx5[0m [1;36m#338[0m SKIP tension=[1;36m0.00016917[0m [0m| momentum_too_small [1;31mconf=0.0003[0m
[ALPHA_X13_BURST13] mode=OFF radar_adj=0 mom= conf=0
[BETA_X5] mode=OFF radar_adj=0 mom= conf=0
[ALPHA_X13_BURST13] [1;36m16:53:57[0m [1;32mx13[0m [1;36m#365[0m SKIP tension=[1;36m0.09555356[0m [0m| direction_unclear [1;31mconf=0.0129[0m
[BETA_X5] [1;36m16:53:57[0m [1;33mx5[0m [1;36m#339[0m SKIP tension=[1;36m0.00000000[0m [0m| momentum_too_small [1;31mconf=0.3378[0m
[BETA_X5] mode=OFF radar_adj=0 mom= conf=0
[ALPHA_X13_BURST13] mode=OFF radar_adj=0 mom= conf=0
[BETA_X5] [1;36m16:54:05[0m [1;33mx5[0m [1;36m#340[0m SKIP tension=[1;36m0.00001630[0m [0m| momentum_too_small [1;31mconf=0.0[0m
[ALPHA_X13_BURST13] [1;36m16:54:05[0m [1;32mx13[0m [1;36m#366[0m SKIP tension=[1;36m0.00001630[0m [0m| momentum_too_small [1;31mconf=0.0[0m
[BETA_X5] mode=OFF radar_adj=0 mom= conf=0
[ALPHA_X13_BURST13] mode=OFF radar_adj=0 mom= conf=0
[BETA_X5] [1;36m16:54:13[0m [1;33mx5[0m [1;36m#341[0m SKIP tension=[1;36m0.00000000[0m [0m| momentum_too_small [1;31mconf=0.3206[0m
[ALPHA_X13_BURST13] [1;36m16:54:14[0m [1;32mx13[0m [1;36m#367[0m SKIP tension=[1;36m0.00000000[0m [0m| momentum_too_small [1;31mconf=0.3206[0m
[BETA_X5] mode=OFF radar_adj=0 mom= conf=0
[ALPHA_X13_BURST13] mode=OFF radar_adj=0 mom= conf=0
[BETA_X5] [1;36m16:54:22[0m [1;33mx5[0m [1;36m#342[0m SKIP tension=[1;36m0.00000000[0m [0m| momentum_too_small [1;31mconf=0.2997[0m
[ALPHA_X13_BURST13] [1;36m16:54:24[0m [1;32mx13[0m [1;36m#368[0m SKIP tension=[1;36m0.00001538[0m [0m| momentum_too_small [1;31mconf=0.0[0m
[BETA_X5] mode=OFF radar_adj=0 mom= conf=0
[ALPHA_X13_BURST13] mode=OFF radar_adj=0 mom= conf=0
[BETA_X5] [1;36m16:54:30[0m [1;33mx5[0m [1;36m#343[0m SKIP tension=[1;36m0.09155372[0m [0m| direction_unclear [1;31mconf=0.1421[0m
[ALPHA_X13_BURST13] [1;36m16:54:33[0m [1;32mx13[0m [1;36m#369[0m SKIP tension=[1;36m0.00000000[0m [0m| momentum_too_small [1;31mconf=0.326[0m
[BETA_X5] mode=OFF radar_adj=0 mom= conf=0
[ALPHA_X13_BURST13] mode=OFF radar_adj=0 mom= conf=0
[BETA_X5] [1;36m16:54:38[0m [1;33mx5[0m [1;36m#344[0m SKIP tension=[1;36m0.00000000[0m [0m| momentum_too_small [1;31mconf=0.326[0m
[ALPHA_X13_BURST13] [1;36m16:54:41[0m [1;32mx13[0m [1;36m#370[0m SKIP tension=[1;36m0.00000297[0m [0m| momentum_too_small [1;31mconf=0.0[0m
[BETA_X5] mode=OFF radar_adj=0 mom= conf=0
[ALPHA_X13_BURST13] mode=OFF radar_adj=0 mom= conf=0
[BETA_X5] [1;36m16:54:46[0m [1;33mx5[0m [1;36m#345[0m SKIP tension=[1;36m0.00000255[0m [0m| momentum_too_small [1;31mconf=0.0[0m
[BETA_X5] mode=OFF radar_adj=0 mom= conf=0
[ALPHA_X13_BURST13] [1;36m16:54:51[0m [1;32mx13[0m [1;36m#371[0m SKIP tension=[1;36m0.01450168[0m [0m| direction_unclear [1;31mconf=0.0116[0m
[ALPHA_X13_BURST13] mode=OFF radar_adj=0 mom= conf=0
[BETA_X5] [1;36m16:54:55[0m [1;33mx5[0m [1;36m#346[0m SKIP tension=[1;36m0.00004204[0m [0m| momentum_too_small [1;31mconf=0.0001[0m
[BETA_X5] mode=OFF radar_adj=0 mom= conf=0
[ALPHA_X13_BURST13] [1;36m16:55:00[0m [1;32mx13[0m [1;36m#372[0m SKIP tension=[1;36m0.01568525[0m [0m| direction_unclear [1;31mconf=0.0242[0m
[ALPHA_X13_BURST13] mode=OFF radar_adj=0 mom= conf=0
[BETA_X5] [1;36m16:55:03[0m [1;33mx5[0m [1;36m#347[0m SKIP tension=[1;36m0.00000204[0m [0m| momentum_too_small [1;31mconf=0.0[0m
[BETA_X5] mode=OFF radar_adj=0 mom= conf=0
[ALPHA_X13_BURST13] [1;36m16:55:10[0m [1;32mx13[0m [1;36m#373[0m SKIP tension=[1;36m0.09557564[0m [0m| direction_unclear [1;31mconf=0.1363[0m
[BETA_X5] [1;36m16:55:12[0m [1;33mx5[0m [1;36m#348[0m SKIP tension=[1;36m0.00002051[0m [0m| momentum_too_small [1;31mconf=0.0[0m
[ALPHA_X13_BURST13] mode=OFF radar_adj=0 mom= conf=0
[BETA_X5] mode=OFF radar_adj=0 mom= conf=0
[ALPHA_X13_BURST13] [1;36m16:55:18[0m [1;32mx13[0m [1;36m#374[0m SKIP tension=[1;36m0.25955194[0m [0m| wall_not_collapsed
[BETA_X5] [1;36m16:55:20[0m [1;33mx5[0m [1;36m#349[0m SKIP tension=[1;36m0.00000000[0m [0m| momentum_too_small [1;31mconf=0.3176[0m
[ALPHA_X13_BURST13] mode=OFF radar_adj=0 mom= conf=0
[BETA_X5] mode=OFF radar_adj=0 mom= conf=0
[ALPHA_X13_BURST13] [1;36m16:55:27[0m [1;32mx13[0m [1;36m#375[0m SKIP tension=[1;36m0.13929197[0m [0m| direction_unclear [1;31mconf=0.2107[0m
[BETA_X5] [1;36m16:55:28[0m [1;33mx5[0m [1;36m#350[0m SKIP tension=[1;36m0.00000000[0m [0m| momentum_too_small [1;31mconf=0.3443[0m
[ALPHA_X13_BURST13] mode=OFF radar_adj=0 mom= conf=0
[BETA_X5] mode=OFF radar_adj=0 mom= conf=0
[ALPHA_X13_BURST13] [1;36m16:55:36[0m [1;32mx13[0m [1;36m#376[0m SKIP tension=[1;36m0.00000000[0m [0m| momentum_too_small [1;31mconf=0.3176[0m
[BETA_X5] [1;36m16:55:36[0m [1;33mx5[0m [1;36m#351[0m SKIP tension=[1;36m0.00000000[0m [0m| momentum_too_small [1;31mconf=0.3176[0m
[ALPHA_X13_BURST13] mode=OFF radar_adj=0 mom= conf=0
[BETA_X5] mode=OFF radar_adj=0 mom= conf=0
[BETA_X5] [1;36m16:55:44[0m [1;33mx5[0m [1;36m#352[0m SKIP tension=[1;36m0.26145650[0m [0m| wall_not_collapsed
[ALPHA_X13_BURST13] [1;36m16:55:44[0m [1;32mx13[0m [1;36m#377[0m SKIP tension=[1;36m0.26146150[0m [0m| wall_not_collapsed
[BETA_X5] mode=OFF radar_adj=0 mom= conf=0
[ALPHA_X13_BURST13] mode=OFF radar_adj=0 mom= conf=0
[BETA_X5] [1;36m16:55:52[0m [1;33mx5[0m [1;36m#353[0m SKIP tension=[1;36m0.37417883[0m [0m| wall_not_collapsed
[ALPHA_X13_BURST13] [1;36m16:55:53[0m [1;32mx13[0m [1;36m#378[0m SKIP tension=[1;36m0.00029874[0m [0m| momentum_too_small [1;31mconf=0.0005[0m
[BETA_X5] mode=OFF radar_adj=0 mom= conf=0
[ALPHA_X13_BURST13] mode=OFF radar_adj=0 mom= conf=0
[BETA_X5] [1;36m16:56:01[0m [1;33mx5[0m [1;36m#354[0m SKIP tension=[1;32m1.56756608[0m [0m| cold < 3.0 (vortex=OFF)
[ALPHA_X13_BURST13] [1;36m16:56:01[0m [1;32mx13[0m [1;36m#379[0m SKIP tension=[1;32m1.56756004[0m [0m| cold < 3.0 (vortex=OFF)
[BETA_X5] mode=OFF radar_adj=0 mom= conf=0
[ALPHA_X13_BURST13] mode=OFF radar_adj=0 mom= conf=0
[BETA_X5] [1;36m16:56:09[0m [1;33mx5[0m [1;36m#355[0m SKIP tension=[1;36m0.00049567[0m [0m| momentum_too_small [1;31mconf=0.0007[0m
[ALPHA_X13_BURST13] [1;36m16:56:10[0m [1;32mx13[0m [1;36m#380[0m SKIP tension=[1;32m1.33861902[0m [0m| cold < 3.0 (vortex=OFF)
[BETA_X5] mode=OFF radar_adj=0 mom= conf=0
[ALPHA_X13_BURST13] mode=OFF radar_adj=0 mom= conf=0
[BETA_X5] [1;36m16:56:17[0m [1;33mx5[0m [1;36m#356[0m SKIP tension=[1;32m1.72284421[0m [0m| cold < 3.0 (vortex=OFF)
[ALPHA_X13_BURST13] [1;36m16:56:19[0m [1;32mx13[0m [1;36m#381[0m SKIP tension=[1;32m1.17956952[0m [0m| cold < 3.0 (vortex=OFF)
[BETA_X5] mode=OFF radar_adj=0 mom= conf=0
[ALPHA_X13_BURST13] mode=OFF radar_adj=0 mom= conf=0
[BETA_X5] [1;36m16:56:26[0m [1;33mx5[0m [1;36m#357[0m SKIP tension=[1;36m0.00008417[0m [0m| momentum_too_small [1;31mconf=0.0001[0m
[ALPHA_X13_BURST13] [1;36m16:56:28[0m [1;32mx13[0m [1;36m#382[0m SKIP tension=[1;36m0.00055910[0m [0m| momentum_too_small [1;31mconf=0.0008[0m
[BETA_X5] mode=OFF radar_adj=0 mom= conf=0
[ALPHA_X13_BURST13] mode=OFF radar_adj=0 mom= conf=0
[BETA_X5] [1;36m16:56:34[0m [1;33mx5[0m [1;36m#358[0m SKIP tension=[1;36m0.00000000[0m [0m| momentum_too_small [1;31mconf=0.3166[0m
[ALPHA_X13_BURST13] [1;36m16:56:37[0m [1;32mx13[0m [1;36m#383[0m SKIP tension=[1;36m0.00001126[0m [0m| momentum_too_small [1;31mconf=0.0[0m
[BETA_X5] mode=OFF radar_adj=0 mom= conf=0
[ALPHA_X13_BURST13] mode=OFF radar_adj=0 mom= conf=0
[BETA_X5] [1;36m16:56:43[0m [1;33mx5[0m [1;36m#359[0m SKIP tension=[1;36m0.00000000[0m [0m| momentum_too_small [1;31mconf=0.2933[0m
[BETA_X5] mode=OFF radar_adj=0 mom= conf=0
[ALPHA_X13_BURST13] [1;36m16:56:46[0m [1;32mx13[0m [1;36m#384[0m SKIP tension=[1;36m0.00049785[0m [0m| momentum_too_small [1;31mconf=0.0007[0m
[ALPHA_X13_BURST13] mode=OFF radar_adj=0 mom= conf=0
[BETA_X5] [1;36m16:56:52[0m [1;33mx5[0m [1;36m#360[0m SKIP tension=[1;36m0.00000038[0m [0m| momentum_too_small [1;31mconf=0.0[0m
[BETA_X5] mode=OFF radar_adj=0 mom= conf=0
[ALPHA_X13_BURST13] [1;36m16:56:55[0m [1;32mx13[0m [1;36m#385[0m SKIP tension=[1;36m0.00000000[0m [0m| momentum_too_small [1;31mconf=0.3284[0m
[ALPHA_X13_BURST13] mode=OFF radar_adj=0 mom= conf=0
[BETA_X5] [1;36m16:57:01[0m [1;33mx5[0m [1;36m#361[0m SKIP tension=[1;36m0.00000000[0m [0m| momentum_too_small [1;31mconf=0.2933[0m
[ALPHA_X13_BURST13] [1;36m16:57:04[0m [1;32mx13[0m [1;36m#386[0m SKIP tension=[1;36m0.00039048[0m [0m| momentum_too_small [1;31mconf=0.0005[0m
[BETA_X5] mode=OFF radar_adj=0 mom= conf=0
[ALPHA_X13_BURST13] mode=OFF radar_adj=0 mom= conf=0
[BETA_X5] [1;36m16:57:09[0m [1;33mx5[0m [1;36m#362[0m SKIP tension=[1;36m0.00000000[0m [0m| momentum_too_small [1;31mconf=0.326[0m
[BETA_X5] mode=OFF radar_adj=0 mom= conf=0
[ALPHA_X13_BURST13] [1;36m16:57:13[0m [1;32mx13[0m [1;36m#387[0m SKIP tension=[1;36m0.00000000[0m [0m| momentum_too_small [1;31mconf=0.3497[0m
[ALPHA_X13_BURST13] mode=OFF radar_adj=0 mom= conf=0
[BETA_X5] [1;36m16:57:17[0m [1;33mx5[0m [1;36m#363[0m SKIP tension=[1;36m0.26808619[0m [0m| wall_not_collapsed
[BETA_X5] mode=OFF radar_adj=0 mom= conf=0
[ALPHA_X13_BURST13] [1;36m16:57:21[0m [1;32mx13[0m [1;36m#388[0m SKIP tension=[1;36m0.00000000[0m [0m| momentum_too_small [1;31mconf=0.3149[0m
[ALPHA_X13_BURST13] mode=OFF radar_adj=0 mom= conf=0
[BETA_X5] [1;36m16:57:26[0m [1;33mx5[0m [1;36m#364[0m SKIP tension=[1;36m0.00000000[0m [0m| momentum_too_small [1;31mconf=0.3149[0m
[BETA_X5] mode=OFF radar_adj=0 mom= conf=0
[ALPHA_X13_BURST13] [1;36m16:57:30[0m [1;32mx13[0m [1;36m#389[0m SKIP tension=[1;36m0.00000000[0m [0m| momentum_too_small [1;31mconf=0.3149[0m
[ALPHA_X13_BURST13] mode=OFF radar_adj=0 mom= conf=0
[BETA_X5] [1;36m16:57:34[0m [1;33mx5[0m [1;36m#365[0m SKIP tension=[1;36m0.26752854[0m [0m| wall_not_collapsed
[BETA_X5] mode=OFF radar_adj=0 mom= conf=0
[ALPHA_X13_BURST13] [1;36m16:57:39[0m [1;32mx13[0m [1;36m#390[0m SKIP tension=[1;36m0.27224598[0m [0m| wall_not_collapsed
[ALPHA_X13_BURST13] mode=OFF radar_adj=0 mom= conf=0
[BETA_X5] [1;36m16:57:42[0m [1;33mx5[0m [1;36m#366[0m SKIP tension=[1;36m0.00000000[0m [0m| momentum_too_small [1;31mconf=0.3281[0m
[BETA_X5] mode=OFF radar_adj=0 mom= conf=0
[ALPHA_X13_BURST13] [1;36m16:57:47[0m [1;32mx13[0m [1;36m#391[0m SKIP tension=[1;36m0.11387418[0m [0m| direction_unclear [1;31mconf=0.1779[0m
[ALPHA_X13_BURST13] mode=OFF radar_adj=0 mom= conf=0
[BETA_X5] [1;36m16:57:51[0m [1;33mx5[0m [1;36m#367[0m SKIP tension=[1;36m0.00000000[0m [0m| momentum_too_small [1;31mconf=0.3189[0m
[BETA_X5] mode=OFF radar_adj=0 mom= conf=0
[ALPHA_X13_BURST13] [1;36m16:57:56[0m [1;32mx13[0m [1;36m#392[0m SKIP tension=[1;36m0.00000000[0m [0m| momentum_too_small [1;31mconf=0.3456[0m
[ALPHA_X13_BURST13] mode=OFF radar_adj=0 mom= conf=0
[BETA_X5] [1;36m16:57:59[0m [1;33mx5[0m [1;36m#368[0m SKIP tension=[1;36m0.00000297[0m [0m| momentum_too_small [1;31mconf=0.0[0m
[BETA_X5] mode=OFF radar_adj=0 mom= conf=0
[ALPHA_X13_BURST13] [1;36m16:58:05[0m [1;32mx13[0m [1;36m#393[0m SKIP tension=[1;36m0.00000848[0m [0m| momentum_too_small [1;31mconf=0.0[0m
[BETA_X5] [1;36m16:58:08[0m [1;33mx5[0m [1;36m#369[0m SKIP tension=[1;36m0.00008371[0m [0m| momentum_too_small [1;31mconf=0.0001[0m
[ALPHA_X13_BURST13] mode=OFF radar_adj=0 mom= conf=0
[BETA_X5] mode=OFF radar_adj=0 mom= conf=0
[ALPHA_X13_BURST13] [1;36m16:58:14[0m [1;32mx13[0m [1;36m#394[0m SKIP tension=[1;36m0.19162304[0m [0m| direction_unclear [1;31mconf=0.2873[0m
[BETA_X5] [1;36m16:58:16[0m [1;33mx5[0m [1;36m#370[0m SKIP tension=[1;36m0.00036834[0m [0m| momentum_too_small [1;31mconf=0.0006[0m
[ALPHA_X13_BURST13] mode=OFF radar_adj=0 mom= conf=0
[BETA_X5] mode=OFF radar_adj=0 mom= conf=0
[ALPHA_X13_BURST13] [1;36m16:58:22[0m [1;32mx13[0m [1;36m#395[0m SKIP tension=[1;36m0.13689101[0m [0m| direction_unclear [1;31mconf=0.2053[0m
[BETA_X5] [1;36m16:58:24[0m [1;33mx5[0m [1;36m#371[0m SKIP tension=[1;36m0.00000000[0m [0m| momentum_too_small [1;31mconf=0.3149[0m
[ALPHA_X13_BURST13] mode=OFF radar_adj=0 mom= conf=0
[BETA_X5] mode=OFF radar_adj=0 mom= conf=0
[ALPHA_X13_BURST13] [1;36m16:58:31[0m [1;32mx13[0m [1;36m#396[0m SKIP tension=[1;36m0.64743270[0m [0m| wall_not_collapsed
[ALPHA_X13_BURST13] mode=OFF radar_adj=0 mom= conf=0
[ALPHA_X13_BURST13] [1;36m16:58:40[0m [1;32mx13[0m [1;36m#397[0m SKIP tension=[1;36m0.00000000[0m [0m| momentum_too_small [1;31mconf=0.3287[0m
[ALPHA_X13_BURST13] mode=OFF radar_adj=0 mom= conf=0
[ALPHA_X13_BURST13] [1;36m16:58:49[0m [1;32mx13[0m [1;36m#398[0m SKIP tension=[1;36m0.37982000[0m [0m| wall_not_collapsed
[ALPHA_X13_BURST13] mode=OFF radar_adj=0 mom= conf=0
[ALPHA_X13_BURST13] [1;36m16:58:57[0m [1;32mx13[0m [1;36m#399[0m SKIP tension=[1;36m0.00000000[0m [0m| momentum_too_small [1;31mconf=0.3301[0m
[ALPHA_X13_BURST13] mode=OFF radar_adj=0 mom= conf=0
[BETA_X5] shockwave beta->alpha until_cycle=382
[BETA_X5] [1;33mSWARM shockwave[0m [0m| beta -> neighbor (shock_inversion_stop)[0m
[BETA_X5] [1;36mentry=16:58:36@64792.90000000[0m [1;33mx5[0m [1;36m#372[0m [1;31mSELL[0m tension=[1;31m4.24105037[0m hold=[1;36m25[0ms sec=[1;36m25[0m [0m| exit=64794.10000000 [1;32mconf=0.9315[0m [1;36mexit_time=16:59:01[0m [1;31mpnl=-0.00912000 bps=-0.18520548 pct=-0.00185205% total=-0.9559400000000001[0m
[ALPHA_X13_BURST13] [1;36m16:59:06[0m [1;32mx13[0m [1;36m#400[0m SKIP tension=[1;36m0.00005110[0m [0m| momentum_too_small [1;31mconf=0.0001[0m
[BETA_X5] mode=OFF radar_adj=0 mom= conf=0
[ALPHA_X13_BURST13] mode=OFF radar_adj=0 mom= conf=0
[BETA_X5] [1;36m16:59:12[0m [1;33mx5[0m [1;36m#373[0m SKIP tension=[1;36m0.00000000[0m [0m| momentum_too_small [1;31mconf=0.326[0m
[BETA_X5] mode=OFF radar_adj=0 mom= conf=0
[ALPHA_X13_BURST13] [1;36m16:59:15[0m [1;32mx13[0m [1;36m#401[0m SKIP tension=[1;36m0.00003358[0m [0m| momentum_too_small [1;31mconf=0.0001[0m
[ALPHA_X13_BURST13] mode=OFF radar_adj=0 mom= conf=0
[BETA_X5] [1;36m16:59:21[0m [1;33mx5[0m [1;36m#374[0m SKIP tension=[1;33m0.85197818[0m [0m| wall_not_collapsed
[BETA_X5] mode=OFF radar_adj=0 mom= conf=0
[ALPHA_X13_BURST13] [1;36m16:59:25[0m [1;32mx13[0m [1;36m#402[0m SKIP tension=[1;32m1.01982866[0m [0m| cold < 3.0 (vortex=OFF)
[ALPHA_X13_BURST13] mode=OFF radar_adj=0 mom= conf=0
[BETA_X5] [1;36m16:59:30[0m [1;33mx5[0m [1;36m#375[0m SKIP tension=[1;36m0.00047382[0m [0m| momentum_too_small [1;31mconf=0.0007[0m
[BETA_X5] mode=OFF radar_adj=0 mom= conf=0
[ALPHA_X13_BURST13] [1;36m16:59:35[0m [1;32mx13[0m [1;36m#403[0m SKIP tension=[1;36m0.00000422[0m [0m| momentum_too_small [1;31mconf=0.0[0m
[ALPHA_X13_BURST13] mode=OFF radar_adj=0 mom= conf=0
[BETA_X5] [1;36m16:59:40[0m [1;33mx5[0m [1;36m#376[0m SKIP tension=[1;33m0.89907299[0m [0m| wall_not_collapsed
[BETA_X5] mode=OFF radar_adj=0 mom= conf=0
[ALPHA_X13_BURST13] [1;36m16:59:45[0m [1;32mx13[0m [1;36m#404[0m SKIP tension=[1;36m0.00003758[0m [0m| momentum_too_small [1;31mconf=0.0001[0m
[ALPHA_X13_BURST13] mode=OFF radar_adj=0 mom= conf=0
[BETA_X5] [1;36m16:59:49[0m [1;33mx5[0m [1;36m#377[0m SKIP tension=[1;36m0.21288694[0m [0m| wall_not_collapsed
[BETA_X5] mode=OFF radar_adj=0 mom= conf=0
[ALPHA_X13_BURST13] [1;36m16:59:56[0m [1;32mx13[0m [1;36m#405[0m SKIP tension=[1;36m0.00000000[0m [0m| momentum_too_small [1;31mconf=0.3132[0m
[ALPHA_X13_BURST13] mode=OFF radar_adj=0 mom= conf=0
[BETA_X5] [1;36m16:59:59[0m [1;33mx5[0m [1;36m#378[0m SKIP tension=[1;36m0.00000000[0m [0m| momentum_too_small [1;31mconf=0.3044[0m
[BETA_X5] mode=OFF radar_adj=0 mom= conf=0
[ALPHA_X13_BURST13] [1;36m17:00:06[0m [1;32mx13[0m [1;36m#406[0m SKIP tension=[1;36m0.00000000[0m [0m| momentum_too_small [1;31mconf=0.3027[0m
[BETA_X5] [1;36m17:00:09[0m [1;33mx5[0m [1;36m#379[0m SKIP tension=[1;36m0.27747745[0m [0m| wall_not_collapsed
[ALPHA_X13_BURST13] mode=OFF radar_adj=0 mom= conf=0
[BETA_X5] mode=OFF radar_adj=0 mom= conf=0
[ALPHA_X13_BURST13] [1;36m17:00:17[0m [1;32mx13[0m [1;36m#407[0m SKIP tension=[1;36m0.00000468[0m [0m| momentum_too_small [1;31mconf=0.0[0m
[BETA_X5] [1;36m17:00:20[0m [1;33mx5[0m [1;36m#380[0m SKIP tension=[1;36m0.00153530[0m [0m| momentum_too_small [1;31mconf=0.0025[0m
[ALPHA_X13_BURST13] mode=OFF radar_adj=0 mom= conf=0
[BETA_X5] mode=OFF radar_adj=0 mom= conf=0
[ALPHA_X13_BURST13] [1;36m17:00:27[0m [1;32mx13[0m [1;36m#408[0m SKIP tension=[1;36m0.00000000[0m [0m| momentum_too_small [1;31mconf=0.3267[0m
[BETA_X5] [1;36m17:00:28[0m [1;33mx5[0m [1;36m#381[0m SKIP tension=[1;36m0.00000000[0m [0m| momentum_too_small [1;31mconf=0.3267[0m
[ALPHA_X13_BURST13] mode=OFF radar_adj=0 mom= conf=0
[BETA_X5] mode=OFF radar_adj=0 mom= conf=0
[ALPHA_X13_BURST13] [1;36m17:00:37[0m [1;32mx13[0m [1;36m#409[0m SKIP [1;33m| tension_stale age=7123ms>800ms (NUAGE)[0m
[BETA_X5] [1;36m17:00:37[0m [1;33mx5[0m [1;36m#382[0m SKIP tension=[1;36m0.00000000[0m [0m| momentum_too_small [1;31mconf=0.3267[0m
[ALPHA_X13_BURST13] mode=OFF radar_adj=0 mom= conf=0
[BETA_X5] mode=OFF radar_adj=0 mom= conf=0
[BETA_X5] [1;36m17:00:46[0m [1;33mx5[0m [1;36m#383[0m SKIP tension=[1;36m0.00000000[0m [0m| momentum_too_small [1;31mconf=0.3257[0m
[ALPHA_X13_BURST13] [1;36m17:00:46[0m [1;32mx13[0m [1;36m#410[0m SKIP tension=[1;36m0.00000000[0m [0m| momentum_too_small [1;31mconf=0.3257[0m
[BETA_X5] mode=OFF radar_adj=0 mom= conf=0
[ALPHA_X13_BURST13] mode=OFF radar_adj=0 mom= conf=0
[BETA_X5] [1;36m17:00:55[0m [1;33mx5[0m [1;36m#384[0m SKIP tension=[1;36m0.00001082[0m [0m| momentum_too_small [1;31mconf=0.0[0m
[ALPHA_X13_BURST13] [1;36m17:00:56[0m [1;32mx13[0m [1;36m#411[0m SKIP tension=[1;36m0.00001082[0m [0m| momentum_too_small [1;31mconf=0.0[0m
[BETA_X5] mode=OFF radar_adj=0 mom= conf=0
[ALPHA_X13_BURST13] mode=OFF radar_adj=0 mom= conf=0
[BETA_X5] [1;36m17:01:04[0m [1;33mx5[0m [1;36m#385[0m SKIP tension=[1;36m0.00000000[0m [0m| momentum_too_small [1;31mconf=0.322[0m
[ALPHA_X13_BURST13] [1;36m17:01:05[0m [1;32mx13[0m [1;36m#412[0m SKIP tension=[1;36m0.00000000[0m [0m| momentum_too_small [1;31mconf=0.322[0m
[BETA_X5] mode=OFF radar_adj=0 mom= conf=0
[ALPHA_X13_BURST13] mode=OFF radar_adj=0 mom= conf=0
[BETA_X5] [1;36m17:01:13[0m [1;33mx5[0m [1;36m#386[0m SKIP tension=[1;36m0.00006524[0m [0m| momentum_too_small [1;31mconf=0.0001[0m
[ALPHA_X13_BURST13] [1;36m17:01:14[0m [1;32mx13[0m [1;36m#413[0m SKIP tension=[1;36m0.00013836[0m [0m| momentum_too_small [1;31mconf=0.0002[0m
[BETA_X5] mode=OFF radar_adj=0 mom= conf=0
[ALPHA_X13_BURST13] mode=OFF radar_adj=0 mom= conf=0
[BETA_X5] [1;36m17:01:22[0m [1;33mx5[0m [1;36m#387[0m SKIP tension=[1;32m1.71695755[0m [0m| cold < 3.0 (vortex=OFF)
[ALPHA_X13_BURST13] [1;36m17:01:23[0m [1;32mx13[0m [1;36m#414[0m SKIP tension=[1;32m1.12071689[0m [0m| cold < 3.0 (vortex=OFF)
[BETA_X5] mode=OFF radar_adj=0 mom= conf=0
[ALPHA_X13_BURST13] mode=OFF radar_adj=0 mom= conf=0
[BETA_X5] [1;36m17:01:30[0m [1;33mx5[0m [1;36m#388[0m SKIP tension=[1;36m0.00000784[0m [0m| momentum_too_small [1;31mconf=0.0[0m
[ALPHA_X13_BURST13] [1;36m17:01:32[0m [1;32mx13[0m [1;36m#415[0m SKIP tension=[1;36m0.49748660[0m [0m| wall_not_collapsed
[BETA_X5] mode=OFF radar_adj=0 mom= conf=0
[ALPHA_X13_BURST13] mode=OFF radar_adj=0 mom= conf=0
[BETA_X5] [1;36m17:01:39[0m [1;33mx5[0m [1;36m#389[0m SKIP tension=[1;36m0.00531514[0m [0m| momentum_too_small [1;31mconf=0.0081[0m
[ALPHA_X13_BURST13] [1;36m17:01:41[0m [1;32mx13[0m [1;36m#416[0m SKIP tension=[1;36m0.00001443[0m [0m| momentum_too_small [1;31mconf=0.0[0m
[BETA_X5] mode=OFF radar_adj=0 mom= conf=0
[ALPHA_X13_BURST13] mode=OFF radar_adj=0 mom= conf=0
[BETA_X5] [1;36m17:01:48[0m [1;33mx5[0m [1;36m#390[0m SKIP tension=[1;36m0.00002518[0m [0m| momentum_too_small [1;31mconf=0.0[0m
[ALPHA_X13_BURST13] [1;36m17:01:49[0m [1;32mx13[0m [1;36m#417[0m SKIP tension=[1;36m0.00000806[0m [0m| momentum_too_small [1;31mconf=0.0[0m
[BETA_X5] mode=OFF radar_adj=0 mom= conf=0
[ALPHA_X13_BURST13] mode=OFF radar_adj=0 mom= conf=0
[BETA_X5] [1;36m17:01:56[0m [1;33mx5[0m [1;36m#391[0m SKIP tension=[1;36m0.37925890[0m [0m| wall_not_collapsed
[ALPHA_X13_BURST13] [1;36m17:01:58[0m [1;32mx13[0m [1;36m#418[0m SKIP tension=[1;36m0.00003878[0m [0m| momentum_too_small [1;31mconf=0.0001[0m
[BETA_X5] mode=OFF radar_adj=0 mom= conf=0
[ALPHA_X13_BURST13] mode=OFF radar_adj=0 mom= conf=0
[BETA_X5] [1;36m17:02:05[0m [1;33mx5[0m [1;36m#392[0m SKIP tension=[1;32m1.88392034[0m [0m| cold < 3.0 (vortex=OFF)
[ALPHA_X13_BURST13] [1;36m17:02:08[0m [1;32mx13[0m [1;36m#419[0m SKIP tension=[1;36m0.00001532[0m [0m| momentum_too_small [1;31mconf=0.0[0m
[BETA_X5] mode=OFF radar_adj=0 mom= conf=0
[ALPHA_X13_BURST13] mode=OFF radar_adj=0 mom= conf=0
[BETA_X5] [1;36m17:02:13[0m [1;33mx5[0m [1;36m#393[0m SKIP tension=[1;36m0.00000000[0m [0m| momentum_too_small [1;31mconf=0.27[0m
[BETA_X5] mode=OFF radar_adj=0 mom= conf=0
[ALPHA_X13_BURST13] [1;36m17:02:17[0m [1;32mx13[0m [1;36m#420[0m SKIP [1;33m| tension_stale age=1540ms>800ms (NUAGE)[0m
[ALPHA_X13_BURST13] mode=OFF radar_adj=0 mom= conf=0
[BETA_X5] [1;36m17:02:22[0m [1;33mx5[0m [1;36m#394[0m SKIP tension=[1;36m0.00001985[0m [0m| momentum_too_small [1;31mconf=0.0[0m
[BETA_X5] mode=OFF radar_adj=0 mom= conf=0
[ALPHA_X13_BURST13] [1;36m17:02:25[0m [1;32mx13[0m [1;36m#421[0m SKIP tension=[1;36m0.55337746[0m [0m| wall_not_collapsed
[ALPHA_X13_BURST13] mode=OFF radar_adj=0 mom= conf=0
[ALPHA_X13_BURST13] [1;36m17:02:34[0m [1;32mx13[0m [1;36m#422[0m SKIP tension=[1;36m0.00000000[0m [0m| momentum_too_small [1;31mconf=0.2697[0m
[ALPHA_X13_BURST13] mode=OFF radar_adj=0 mom= conf=0
[ALPHA_X13_BURST13] [1;33m17:02:44[0m [1;33mSTORM_HUNTER[0m arm | tension=3.30869198 th=2.5 dir=long age=2564
[BETA_X5] shockwave beta->alpha until_cycle=405
[BETA_X5] [1;33mSWARM shockwave[0m [0m| beta -> neighbor (fluid_exit_inversion)[0m
[BETA_X5] [1;36mCycle 395[0m [1;32mSOFT anomaly[0m [1;33m| pnl_abs=0.36652000 > 0.02500000[0m
[BETA_X5] [1;36mentry=17:02:36@64785.90000000[0m [1;33mx5[0m [1;36m#395[0m [1;31mSELL[0m tension=[1;31m6.08436862[0m hold=[1;36m33[0ms sec=[1;36m33[0m [0m| exit=64809.70000000 [1;33mconf=0.7705[0m [1;36mexit_time=17:03:09[0m [1;31mpnl=-0.36652000 bps=-3.67363886 pct=-0.03673639% total=-1.3224600000000002[0m
[BETA_X5] mode=OFF radar_adj=0 mom= conf=0
[ALPHA_X13_BURST13] [1;36mentry=17:02:49@64809.70000000[0m [1;32mx13[0m [1;36m#423[0m [1;33mBUY[0m tension=[1;31m3.30869198[0m hold=[1;36m25[0ms sec=[1;36m25[0m [0m| exit=64809.70000000 [1;32mconf=0.8688[0m [1;36mexit_time=17:03:14[0m [1;33mpnl=0.00000000 bps=0.00000000 pct=0.00000000% total=-1.3224600000000002[0m
[ALPHA_X13_BURST13] mode=OFF radar_adj=0 mom= conf=0
[BETA_X5] [1;36m17:03:22[0m [1;33mx5[0m [1;36m#396[0m SKIP tension=[1;36m0.50822968[0m [0m| wall_not_collapsed
[BETA_X5] mode=OFF radar_adj=0 mom= conf=0
[ALPHA_X13_BURST13] [1;36m17:03:27[0m [1;32mx13[0m [1;36m#424[0m SKIP tension=[1;36m0.79877909[0m [0m| wall_not_collapsed
[ALPHA_X13_BURST13] mode=OFF radar_adj=0 mom= conf=0
[BETA_X5] [1;36m17:03:33[0m [1;33mx5[0m [1;36m#397[0m SKIP tension=[1;32m1.28093324[0m [0m| cold < 3.0 (vortex=OFF)
[BETA_X5] mode=OFF radar_adj=0 mom= conf=0
[ALPHA_X13_BURST13] [1;36m17:03:38[0m [1;32mx13[0m [1;36m#425[0m SKIP [1;33m| tension_stale age=3668ms>800ms (NUAGE)[0m
[ALPHA_X13_BURST13] mode=OFF radar_adj=0 mom= conf=0
[BETA_X5] [1;36m17:03:43[0m [1;33mx5[0m [1;36m#398[0m SKIP tension=[1;36m0.00000000[0m [0m| momentum_too_small [1;31mconf=0.2953[0m
[BETA_X5] mode=OFF radar_adj=0 mom= conf=0
[ALPHA_X13_BURST13] [1;36m17:03:49[0m [1;32mx13[0m [1;36m#426[0m SKIP tension=[1;36m0.31239023[0m [0m| wall_not_collapsed
[BETA_X5] [1;36m17:03:52[0m [1;33mx5[0m [1;36m#399[0m SKIP tension=[1;32m1.53266377[0m [0m| cold < 3.0 (vortex=OFF)
[ALPHA_X13_BURST13] mode=OFF radar_adj=0 mom= conf=0
[BETA_X5] mode=OFF radar_adj=0 mom= conf=0
[ALPHA_X13_BURST13] [1;36m17:04:14[0m [1;32mx13[0m [1;36m#427[0m SKIP [1;33m| tension_stale age=19943ms>800ms (NUAGE)[0m
[BETA_X5] [1;33m17:04:15[0m [1;33mSTORM_LATCH[0m bypass Mode Écoute | tension=7.39169848 th=2.5 dir=long
[ALPHA_X13_BURST13] mode=OFF radar_adj=0 mom= conf=0
[ALPHA_X13_BURST13] [1;36m17:04:24[0m [1;32mx13[0m [1;36m#428[0m SKIP tension=[1;36m0.00000000[0m [0m| momentum_too_small [1;31mconf=0.3395[0m
[ALPHA_X13_BURST13] mode=OFF radar_adj=0 mom= conf=0
[ALPHA_X13_BURST13] [1;36m17:04:35[0m [1;32mx13[0m [1;36m#429[0m SKIP tension=[1;36m0.00000000[0m [0m| momentum_too_small [1;31mconf=0.3395[0m
[ALPHA_X13_BURST13] mode=OFF radar_adj=0 mom= conf=0
[ALPHA_X13_BURST13] [1;36m17:04:47[0m [1;32mx13[0m [1;36m#430[0m SKIP tension=[1;36m0.07893719[0m [0m| direction_unclear [1;31mconf=0.0129[0m
[BETA_X5] shockwave beta->alpha until_cycle=410
[BETA_X5] [1;33mSWARM shockwave[0m [0m| beta -> neighbor (fluid_exit_inversion)[0m
[BETA_X5] [1;36mCycle 400[0m [1;32mSOFT anomaly[0m [1;33m| pnl_abs=0.25792000 > 0.02500000[0m
[BETA_X5] [1;36mentry=17:04:19@64806.70000000[0m [1;33mx5[0m [1;36m#400[0m [1;31mBUY[0m tension=[1;31m7.39169848[0m hold=[1;36m29[0ms sec=[1;36m29[0m [0m| exit=64785.90000000 [1;33mconf=0.7994[0m [1;36mexit_time=17:04:48[0m [1;31mpnl=-0.25792000 bps=-3.20954469 pct=-0.03209545% total=-1.5803800000000001[0m
[ALPHA_X13_BURST13] mode=OFF radar_adj=0 mom= conf=0
[BETA_X5] mode=OFF radar_adj=0 mom= conf=0
[ALPHA_X13_BURST13] [1;36m17:04:57[0m [1;32mx13[0m [1;36m#431[0m SKIP tension=[1;36m0.00000593[0m [0m| momentum_too_small [1;31mconf=0.0[0m
[BETA_X5] [1;36m17:04:59[0m [1;33mx5[0m [1;36m#401[0m SKIP tension=[1;36m0.00000000[0m [0m| momentum_too_small [1;31mconf=0.2724[0m
[ALPHA_X13_BURST13] mode=OFF radar_adj=0 mom= conf=0
[BETA_X5] mode=OFF radar_adj=0 mom= conf=0
[ALPHA_X13_BURST13] [1;36m17:05:07[0m [1;32mx13[0m [1;36m#432[0m SKIP tension=[1;31m4.01551235[0m [0m| tactic short vs long
[BETA_X5] [1;36m17:05:09[0m [1;33mx5[0m [1;36m#402[0m SKIP tension=[1;36m0.00000411[0m [0m| momentum_too_small [1;31mconf=0.0[0m
[ALPHA_X13_BURST13] mode=OFF radar_adj=0 mom= conf=0
[BETA_X5] mode=OFF radar_adj=0 mom= conf=0
[ALPHA_X13_BURST13] [1;36m17:05:17[0m [1;32mx13[0m [1;36m#433[0m SKIP tension=[1;36m0.00016606[0m [0m| momentum_too_small [1;31mconf=0.0003[0m
[BETA_X5] [1;36m17:05:19[0m [1;33mx5[0m [1;36m#403[0m SKIP tension=[1;36m0.00048865[0m [0m| momentum_too_small [1;31mconf=0.0006[0m
[ALPHA_X13_BURST13] mode=OFF radar_adj=0 mom= conf=0
[BETA_X5] mode=OFF radar_adj=0 mom= conf=0
[ALPHA_X13_BURST13] [1;36m17:05:27[0m [1;32mx13[0m [1;36m#434[0m SKIP tension=[1;36m0.00000000[0m [0m| momentum_too_small [1;31mconf=0.2737[0m
[BETA_X5] [1;36m17:05:28[0m [1;33mx5[0m [1;36m#404[0m SKIP tension=[1;36m0.00000411[0m [0m| momentum_too_small [1;31mconf=0.0[0m
[ALPHA_X13_BURST13] mode=OFF radar_adj=0 mom= conf=0
[BETA_X5] mode=OFF radar_adj=0 mom= conf=0
[ALPHA_X13_BURST13] [1;36m17:05:37[0m [1;32mx13[0m [1;36m#435[0m SKIP tension=[1;33m0.92276947[0m [0m| wall_not_collapsed
[BETA_X5] [1;36m17:05:38[0m [1;33mx5[0m [1;36m#405[0m SKIP tension=[1;36m0.00001006[0m [0m| momentum_too_small [1;31mconf=0.0[0m
[ALPHA_X13_BURST13] mode=OFF radar_adj=0 mom= conf=0
[BETA_X5] mode=OFF radar_adj=0 mom= conf=0
[ALPHA_X13_BURST13] [1;36m17:05:47[0m [1;32mx13[0m [1;36m#436[0m SKIP tension=[1;36m0.00000000[0m [0m| momentum_too_small [1;31mconf=0.2737[0m
[BETA_X5] [1;36m17:05:48[0m [1;33mx5[0m [1;36m#406[0m SKIP tension=[1;36m0.15148697[0m [0m| direction_unclear [1;31mconf=0.1975[0m
[BETA_X5] mode=OFF radar_adj=0 mom= conf=0
[ALPHA_X13_BURST13] mode=OFF radar_adj=0 mom= conf=0
[BETA_X5] [1;36m17:05:57[0m [1;33mx5[0m [1;36m#407[0m SKIP tension=[1;36m0.00000000[0m [0m| momentum_too_small [1;31mconf=0.2764[0m
[ALPHA_X13_BURST13] [1;36m17:05:59[0m [1;32mx13[0m [1;36m#437[0m SKIP tension=[1;36m0.00000000[0m [0m| momentum_too_small [1;31mconf=0.2764[0m
[BETA_X5] mode=OFF radar_adj=0 mom= conf=0
[ALPHA_X13_BURST13] mode=OFF radar_adj=0 mom= conf=0
[BETA_X5] [1;36m17:06:07[0m [1;33mx5[0m [1;36m#408[0m SKIP tension=[1;33m0.91257567[0m [0m| wall_not_collapsed
[ALPHA_X13_BURST13] [1;36m17:06:09[0m [1;32mx13[0m [1;36m#438[0m SKIP tension=[1;36m0.00000000[0m [0m| momentum_too_small [1;31mconf=0.3439[0m
[BETA_X5] mode=OFF radar_adj=0 mom= conf=0
[ALPHA_X13_BURST13] mode=OFF radar_adj=0 mom= conf=0
[BETA_X5] [1;36m17:06:16[0m [1;33mx5[0m [1;36m#409[0m SKIP tension=[1;36m0.00000000[0m [0m| momentum_too_small [1;31mconf=0.3439[0m
[BETA_X5] mode=OFF radar_adj=0 mom= conf=0
[ALPHA_X13_BURST13] [1;36m17:06:19[0m [1;32mx13[0m [1;36m#439[0m SKIP tension=[1;36m0.00000000[0m [0m| momentum_too_small [1;31mconf=0.3439[0m
[ALPHA_X13_BURST13] mode=OFF radar_adj=0 mom= conf=0
[BETA_X5] [1;36m17:06:25[0m [1;33mx5[0m [1;36m#410[0m SKIP tension=[1;36m0.00000000[0m [0m| momentum_too_small [1;31mconf=0.3405[0m
[BETA_X5] mode=OFF radar_adj=0 mom= conf=0
[ALPHA_X13_BURST13] [1;36m17:06:29[0m [1;32mx13[0m [1;36m#440[0m SKIP tension=[1;36m0.00000000[0m [0m| momentum_too_small [1;31mconf=0.3392[0m
[ALPHA_X13_BURST13] mode=OFF radar_adj=0 mom= conf=0
[BETA_X5] [1;36m17:06:35[0m [1;33mx5[0m [1;36m#411[0m SKIP tension=[1;36m0.56365649[0m [0m| wall_not_collapsed
[ALPHA_X13_BURST13] [1;36m17:06:38[0m [1;32mx13[0m [1;36m#441[0m SKIP tension=[1;36m0.00000000[0m [0m| momentum_too_small [1;31mconf=0.3392[0m
[BETA_X5] mode=OFF radar_adj=0 mom= conf=0
[ALPHA_X13_BURST13] mode=OFF radar_adj=0 mom= conf=0
[BETA_X5] [1;36m17:06:45[0m [1;33mx5[0m [1;36m#412[0m SKIP tension=[1;36m0.00000763[0m [0m| momentum_too_small [1;31mconf=0.0[0m
[BETA_X5] mode=OFF radar_adj=0 mom= conf=0
[ALPHA_X13_BURST13] [1;36m17:06:49[0m [1;32mx13[0m [1;36m#442[0m SKIP tension=[1;36m0.00000000[0m [0m| momentum_too_small [1;31mconf=0.3335[0m
[ALPHA_X13_BURST13] mode=OFF radar_adj=0 mom= conf=0
[BETA_X5] [1;36m17:06:54[0m [1;33mx5[0m [1;36m#413[0m SKIP tension=[1;36m0.00000000[0m [0m| momentum_too_small [1;31mconf=0.3331[0m
[BETA_X5] mode=OFF radar_adj=0 mom= conf=0
[ALPHA_X13_BURST13] [1;36m17:06:58[0m [1;32mx13[0m [1;36m#443[0m SKIP tension=[1;36m0.68024777[0m [0m| wall_not_collapsed
[ALPHA_X13_BURST13] mode=OFF radar_adj=0 mom= conf=0
[BETA_X5] [1;36m17:07:04[0m [1;33mx5[0m [1;36m#414[0m SKIP tension=[1;36m0.55220647[0m [0m| wall_not_collapsed
[BETA_X5] mode=OFF radar_adj=0 mom= conf=0
[ALPHA_X13_BURST13] [1;36m17:07:08[0m [1;32mx13[0m [1;36m#444[0m SKIP tension=[1;33m0.96448310[0m [0m| wall_not_collapsed
[ALPHA_X13_BURST13] mode=OFF radar_adj=0 mom= conf=0
[BETA_X5] [1;36m17:07:14[0m [1;33mx5[0m [1;36m#415[0m SKIP tension=[1;36m0.00000470[0m [0m| momentum_too_small [1;31mconf=0.0[0m
[BETA_X5] mode=OFF radar_adj=0 mom= conf=0
[ALPHA_X13_BURST13] [1;36m17:07:18[0m [1;32mx13[0m [1;36m#445[0m SKIP tension=[1;36m0.64066264[0m [0m| wall_not_collapsed
[ALPHA_X13_BURST13] mode=OFF radar_adj=0 mom= conf=0
[BETA_X5] [1;36m17:07:24[0m [1;33mx5[0m [1;36m#416[0m SKIP tension=[1;36m0.00000000[0m [0m| momentum_too_small [1;31mconf=0.3183[0m
[BETA_X5] mode=OFF radar_adj=0 mom= conf=0
[ALPHA_X13_BURST13] [1;36m17:07:28[0m [1;32mx13[0m [1;36m#446[0m SKIP tension=[1;36m0.42034298[0m [0m| wall_not_collapsed
[ALPHA_X13_BURST13] mode=OFF radar_adj=0 mom= conf=0
[BETA_X5] [1;36m17:07:33[0m [1;33mx5[0m [1;36m#417[0m SKIP tension=[1;32m1.35362171[0m [0m| cold < 3.0 (vortex=OFF)
[BETA_X5] mode=OFF radar_adj=0 mom= conf=0
[ALPHA_X13_BURST13] [1;36m17:07:38[0m [1;32mx13[0m [1;36m#447[0m SKIP tension=[1;36m0.00001932[0m [0m| momentum_too_small [1;31mconf=0.0[0m
[BETA_X5] [1;36m17:07:42[0m [1;33mx5[0m [1;36m#418[0m SKIP tension=[1;36m0.00000556[0m [0m| momentum_too_small [1;31mconf=0.0[0m
[ALPHA_X13_BURST13] mode=OFF radar_adj=0 mom= conf=0
[BETA_X5] mode=OFF radar_adj=0 mom= conf=0
[ALPHA_X13_BURST13] [1;36m17:07:49[0m [1;32mx13[0m [1;36m#448[0m SKIP tension=[1;36m0.00000215[0m [0m| momentum_too_small [1;31mconf=0.0[0m
[BETA_X5] [1;36m17:07:52[0m [1;33mx5[0m [1;36m#419[0m SKIP tension=[1;36m0.00011025[0m [0m| momentum_too_small [1;31mconf=0.0002[0m
[ALPHA_X13_BURST13] mode=OFF radar_adj=0 mom= conf=0
[BETA_X5] mode=OFF radar_adj=0 mom= conf=0
[ALPHA_X13_BURST13] [1;36m17:07:59[0m [1;32mx13[0m [1;36m#449[0m SKIP tension=[1;36m0.00000778[0m [0m| momentum_too_small [1;31mconf=0.0[0m
[ALPHA_X13_BURST13] mode=OFF radar_adj=0 mom= conf=0
[BETA_X5] [1;36m17:08:02[0m [1;33mx5[0m [1;36m#420[0m SKIP tension=[1;36m0.58943557[0m [0m| wall_not_collapsed
[BETA_X5] mode=OFF radar_adj=0 mom= conf=0
[ALPHA_X13_BURST13] [1;36m17:08:09[0m [1;32mx13[0m [1;36m#450[0m SKIP tension=[1;36m0.00000000[0m [0m| momentum_too_small [1;31mconf=0.3179[0m
[BETA_X5] [1;36m17:08:13[0m [1;33mx5[0m [1;36m#421[0m SKIP tension=[1;36m0.00000000[0m [0m| momentum_too_small [1;31mconf=0.3179[0m
[ALPHA_X13_BURST13] mode=OFF radar_adj=0 mom= conf=0
[BETA_X5] mode=OFF radar_adj=0 mom= conf=0
[ALPHA_X13_BURST13] [1;36m17:08:19[0m [1;32mx13[0m [1;36m#451[0m SKIP tension=[1;36m0.00179050[0m [0m| momentum_too_small [1;31mconf=0.0027[0m
[BETA_X5] [1;36m17:08:21[0m [1;33mx5[0m [1;36m#422[0m SKIP tension=[1;36m0.00000000[0m [0m| momentum_too_small [1;31mconf=0.3179[0m
[ALPHA_X13_BURST13] mode=OFF radar_adj=0 mom= conf=0
[BETA_X5] mode=OFF radar_adj=0 mom= conf=0
[ALPHA_X13_BURST13] [1;36m17:08:28[0m [1;32mx13[0m [1;36m#452[0m SKIP tension=[1;36m0.00000000[0m [0m| momentum_too_small [1;31mconf=0.3179[0m
[BETA_X5] [1;36m17:08:30[0m [1;33mx5[0m [1;36m#423[0m SKIP tension=[1;32m1.97039603[0m [0m| cold < 3.0 (vortex=OFF)
[ALPHA_X13_BURST13] mode=OFF radar_adj=0 mom= conf=0
[BETA_X5] mode=OFF radar_adj=0 mom= conf=0
[ALPHA_X13_BURST13] [1;36m17:08:37[0m [1;32mx13[0m [1;36m#453[0m SKIP tension=[1;36m0.00000644[0m [0m| momentum_too_small [1;31mconf=0.0[0m
[BETA_X5] [1;36m17:08:38[0m [1;33mx5[0m [1;36m#424[0m SKIP tension=[1;36m0.00174934[0m [0m| momentum_too_small [1;31mconf=0.0026[0m
[ALPHA_X13_BURST13] mode=OFF radar_adj=0 mom= conf=0
[BETA_X5] mode=OFF radar_adj=0 mom= conf=0
[ALPHA_X13_BURST13] [1;36m17:08:46[0m [1;32mx13[0m [1;36m#454[0m SKIP tension=[1;36m0.00480526[0m [0m| momentum_too_small [1;31mconf=0.0078[0m
[BETA_X5] [1;36m17:08:46[0m [1;33mx5[0m [1;36m#425[0m SKIP tension=[1;36m0.00000000[0m [0m| momentum_too_small [1;31mconf=0.3416[0m
[ALPHA_X13_BURST13] mode=OFF radar_adj=0 mom= conf=0
[BETA_X5] mode=OFF radar_adj=0 mom= conf=0
[BETA_X5] [1;36m17:08:55[0m [1;33mx5[0m [1;36m#426[0m SKIP tension=[1;36m0.00000000[0m [0m| momentum_too_small [1;31mconf=0.3399[0m
[ALPHA_X13_BURST13] [1;36m17:08:56[0m [1;32mx13[0m [1;36m#455[0m SKIP tension=[1;33m0.96559138[0m [0m| wall_not_collapsed
[BETA_X5] mode=OFF radar_adj=0 mom= conf=0
[ALPHA_X13_BURST13] mode=OFF radar_adj=0 mom= conf=0
[BETA_X5] [1;36m17:09:05[0m [1;33mx5[0m [1;36m#427[0m SKIP tension=[1;36m0.00000573[0m [0m| momentum_too_small [1;31mconf=0.0[0m
[ALPHA_X13_BURST13] [1;36m17:09:05[0m [1;32mx13[0m [1;36m#456[0m SKIP tension=[1;32m1.38800346[0m [0m| cold < 3.0 (vortex=OFF)
[BETA_X5] mode=OFF radar_adj=0 mom= conf=0
[ALPHA_X13_BURST13] mode=OFF radar_adj=0 mom= conf=0
[BETA_X5] [1;36m17:09:13[0m [1;33mx5[0m [1;36m#428[0m SKIP tension=[1;36m0.00000000[0m [0m| momentum_too_small [1;31mconf=0.3399[0m
[ALPHA_X13_BURST13] [1;36m17:09:14[0m [1;32mx13[0m [1;36m#457[0m SKIP tension=[1;36m0.00000000[0m [0m| momentum_too_small [1;31mconf=0.3399[0m
[BETA_X5] mode=OFF radar_adj=0 mom= conf=0
[ALPHA_X13_BURST13] mode=OFF radar_adj=0 mom= conf=0
[BETA_X5] [1;36m17:09:22[0m [1;33mx5[0m [1;36m#429[0m SKIP tension=[1;36m0.00000000[0m [0m| momentum_too_small [1;31mconf=0.3061[0m
[ALPHA_X13_BURST13] [1;36m17:09:23[0m [1;32mx13[0m [1;36m#458[0m SKIP tension=[1;33m0.86298470[0m [0m| wall_not_collapsed
[BETA_X5] mode=OFF radar_adj=0 mom= conf=0
[ALPHA_X13_BURST13] mode=OFF radar_adj=0 mom= conf=0
[BETA_X5] [1;36m17:09:32[0m [1;33mx5[0m [1;36m#430[0m SKIP tension=[1;32m1.65546997[0m [0m| cold < 3.0 (vortex=OFF)
[ALPHA_X13_BURST13] [1;36m17:09:33[0m [1;32mx13[0m [1;36m#459[0m SKIP tension=[1;36m0.00530954[0m [0m| direction_unclear [1;31mconf=0.0077[0m
[BETA_X5] mode=OFF radar_adj=0 mom= conf=0
[ALPHA_X13_BURST13] mode=OFF radar_adj=0 mom= conf=0
[BETA_X5] [1;36m17:09:42[0m [1;33mx5[0m [1;36m#431[0m SKIP tension=[1;36m0.11392686[0m [0m| direction_unclear [1;31mconf=0.1635[0m
[ALPHA_X13_BURST13] [1;36m17:09:44[0m [1;32mx13[0m [1;36m#460[0m SKIP tension=[1;32m1.48948885[0m [0m| cold < 3.0 (vortex=OFF)
[BETA_X5] mode=OFF radar_adj=0 mom= conf=0
[ALPHA_X13_BURST13] mode=OFF radar_adj=0 mom= conf=0
[BETA_X5] [1;36m17:09:51[0m [1;33mx5[0m [1;36m#432[0m SKIP tension=[1;36m0.01624555[0m [0m| direction_unclear [1;31mconf=0.0208[0m
[ALPHA_X13_BURST13] [1;36m17:09:53[0m [1;32mx13[0m [1;36m#461[0m SKIP tension=[1;36m0.00000000[0m [0m| momentum_too_small [1;31mconf=0.2788[0m
[BETA_X5] mode=OFF radar_adj=0 mom= conf=0
[ALPHA_X13_BURST13] mode=OFF radar_adj=0 mom= conf=0
[BETA_X5] [1;36m17:09:59[0m [1;33mx5[0m [1;36m#433[0m SKIP tension=[1;36m0.00000000[0m [0m| momentum_too_small [1;31mconf=0.2687[0m
[ALPHA_X13_BURST13] [1;36m17:10:01[0m [1;32mx13[0m [1;36m#462[0m SKIP tension=[1;36m0.00000503[0m [0m| momentum_too_small [1;31mconf=0.0[0m
[BETA_X5] mode=OFF radar_adj=0 mom= conf=0
[ALPHA_X13_BURST13] mode=OFF radar_adj=0 mom= conf=0
[BETA_X5] [1;36m17:10:07[0m [1;33mx5[0m [1;36m#434[0m SKIP tension=[1;36m0.00869937[0m [0m| momentum_too_small [1;31mconf=0.0116[0m
[BETA_X5] mode=OFF radar_adj=0 mom= conf=0
[ALPHA_X13_BURST13] [1;36m17:10:10[0m [1;32mx13[0m [1;36m#463[0m SKIP tension=[1;36m0.01017296[0m [0m| direction_unclear [1;31mconf=0.0135[0m
[ALPHA_X13_BURST13] mode=OFF radar_adj=0 mom= conf=0
[BETA_X5] [1;36m17:10:16[0m [1;33mx5[0m [1;36m#435[0m SKIP tension=[1;36m0.00000000[0m [0m| momentum_too_small [1;31mconf=0.2626[0m
[BETA_X5] mode=OFF radar_adj=0 mom= conf=0
[ALPHA_X13_BURST13] [1;36m17:10:19[0m [1;32mx13[0m [1;36m#464[0m SKIP tension=[1;36m0.00003952[0m [0m| momentum_too_small [1;31mconf=0.0[0m
[ALPHA_X13_BURST13] mode=OFF radar_adj=0 mom= conf=0
[BETA_X5] [1;36m17:10:26[0m [1;33mx5[0m [1;36m#436[0m SKIP tension=[1;36m0.00000581[0m [0m| momentum_too_small [1;31mconf=0.0[0m
[BETA_X5] mode=OFF radar_adj=0 mom= conf=0
[ALPHA_X13_BURST13] [1;36m17:10:29[0m [1;32mx13[0m [1;36m#465[0m SKIP tension=[1;36m0.01753422[0m [0m| direction_unclear [1;31mconf=0.0249[0m
[ALPHA_X13_BURST13] mode=OFF radar_adj=0 mom= conf=0
[BETA_X5] [1;36m17:10:35[0m [1;33mx5[0m [1;36m#437[0m SKIP tension=[1;36m0.00070503[0m [0m| momentum_too_small [1;31mconf=0.001[0m
[BETA_X5] mode=OFF radar_adj=0 mom= conf=0
[ALPHA_X13_BURST13] [1;36m17:10:38[0m [1;32mx13[0m [1;36m#466[0m SKIP tension=[1;36m0.83327078[0m [0m| wall_not_collapsed
[ALPHA_X13_BURST13] mode=OFF radar_adj=0 mom= conf=0
[BETA_X5] [1;36m17:10:44[0m [1;33mx5[0m [1;36m#438[0m SKIP tension=[1;32m1.25561335[0m [0m| cold < 3.0 (vortex=OFF)
[BETA_X5] mode=OFF radar_adj=0 mom= conf=0
[ALPHA_X13_BURST13] [1;36m17:10:48[0m [1;32mx13[0m [1;36m#467[0m SKIP tension=[1;36m0.00590039[0m [0m| momentum_too_small [1;31mconf=0.0094[0m
[ALPHA_X13_BURST13] mode=OFF radar_adj=0 mom= conf=0
[BETA_X5] [1;36m17:10:53[0m [1;33mx5[0m [1;36m#439[0m SKIP tension=[1;36m0.01018687[0m [0m| direction_unclear [1;31mconf=0.0145[0m
[BETA_X5] mode=OFF radar_adj=0 mom= conf=0
[ALPHA_X13_BURST13] [1;36m17:10:57[0m [1;32mx13[0m [1;36m#468[0m SKIP tension=[1;36m0.00000000[0m [0m| momentum_too_small [1;31mconf=0.298[0m
[ALPHA_X13_BURST13] mode=OFF radar_adj=0 mom= conf=0
[ALPHA_X13_BURST13] [1;36m17:11:07[0m [1;32mx13[0m [1;36m#469[0m SKIP tension=[1;36m0.00259509[0m [0m| momentum_too_small [1;31mconf=0.0037[0m
[ALPHA_X13_BURST13] mode=OFF radar_adj=0 mom= conf=0
[ALPHA_X13_BURST13] [1;36m17:11:16[0m [1;32mx13[0m [1;36m#470[0m SKIP tension=[1;36m0.00524266[0m [0m| direction_unclear [1;31mconf=0.0082[0m
[ALPHA_X13_BURST13] mode=OFF radar_adj=0 mom= conf=0
[ALPHA_X13_BURST13] [1;36m17:11:25[0m [1;32mx13[0m [1;36m#471[0m SKIP tension=[1;36m0.00000000[0m [0m| momentum_too_small [1;31mconf=0.2434[0m
[ALPHA_X13_BURST13] mode=OFF radar_adj=0 mom= conf=0
[ALPHA_X13_BURST13] [1;36m17:11:35[0m [1;32mx13[0m [1;36m#472[0m SKIP tension=[1;36m0.25391792[0m [0m| wall_not_collapsed
[ALPHA_X13_BURST13] mode=OFF radar_adj=0 mom= conf=0
[BETA_X5] [1;36mCycle 440[0m [1;32mSOFT anomaly[0m [1;33m| pnl_abs=0.04864000 > 0.02500000[0m
[BETA_X5] [1;36mentry=17:11:06@64808.50000000[0m [1;33mx5[0m [1;36m#440[0m [1;32mBUY[0m tension=[1;31m4.67722869[0m hold=[1;36m34[0ms sec=[1;36m34[0m [0m| exit=64814.90000000 [1;32mconf=0.8515[0m [1;36mexit_time=17:11:40[0m [1;32mpnl=0.04864000 bps=0.98752478 pct=0.00987525% total=-1.53174[0m
[BETA_X5] mode=OFF radar_adj=0 mom= conf=0
[ALPHA_X13_BURST13] [1;36m17:11:45[0m [1;32mx13[0m [1;36m#473[0m SKIP tension=[1;36m0.00251531[0m [0m| momentum_too_small [1;31mconf=0.0039[0m
[ALPHA_X13_BURST13] mode=OFF radar_adj=0 mom= conf=0
[BETA_X5] [1;36m17:11:50[0m [1;33mx5[0m [1;36m#441[0m SKIP tension=[1;36m0.27750416[0m [0m| wall_not_collapsed
[BETA_X5] mode=OFF radar_adj=0 mom= conf=0
[ALPHA_X13_BURST13] [1;36m17:11:54[0m [1;32mx13[0m [1;36m#474[0m SKIP tension=[1;36m0.30917512[0m [0m| wall_not_collapsed
[ALPHA_X13_BURST13] mode=OFF radar_adj=0 mom= conf=0
[BETA_X5] [1;36m17:11:59[0m [1;33mx5[0m [1;36m#442[0m SKIP tension=[1;32m1.48249996[0m [0m| cold < 3.0 (vortex=OFF)
[BETA_X5] mode=OFF radar_adj=0 mom= conf=0
[ALPHA_X13_BURST13] [1;36m17:12:03[0m [1;32mx13[0m [1;36m#475[0m SKIP tension=[1;36m0.00002511[0m [0m| momentum_too_small [1;31mconf=0.0[0m
[ALPHA_X13_BURST13] mode=OFF radar_adj=0 mom= conf=0
[BETA_X5] [1;36m17:12:07[0m [1;33mx5[0m [1;36m#443[0m SKIP tension=[1;36m0.00078766[0m [0m| momentum_too_small [1;31mconf=0.0012[0m
[BETA_X5] mode=OFF radar_adj=0 mom= conf=0
[ALPHA_X13_BURST13] [1;36m17:12:12[0m [1;32mx13[0m [1;36m#476[0m SKIP tension=[1;36m0.00229936[0m [0m| momentum_too_small [1;31mconf=0.0035[0m
[ALPHA_X13_BURST13] mode=OFF radar_adj=0 mom= conf=0
[BETA_X5] [1;36m17:12:15[0m [1;33mx5[0m [1;36m#444[0m SKIP tension=[1;36m0.00003551[0m [0m| momentum_too_small [1;31mconf=0.0[0m
[BETA_X5] mode=OFF radar_adj=0 mom= conf=0
[ALPHA_X13_BURST13] [1;36m17:12:20[0m [1;32mx13[0m [1;36m#477[0m SKIP tension=[1;36m0.00003667[0m [0m| spread_too_wide [1;31mconf=0.0[0m
[ALPHA_X13_BURST13] mode=OFF radar_adj=0 mom= conf=0
[BETA_X5] [1;36m17:12:24[0m [1;33mx5[0m [1;36m#445[0m SKIP tension=[1;31m10.46397193[0m [0m| spread_too_wide [1;33mconf=0.5[0m
[BETA_X5] mode=OFF radar_adj=0 mom= conf=0
[ALPHA_X13_BURST13] [1;36m17:12:29[0m [1;32mx13[0m [1;36m#478[0m SKIP tension=[1;36m0.00002262[0m [0m| spread_too_wide [1;31mconf=0.0[0m
[ALPHA_X13_BURST13] mode=OFF radar_adj=0 mom= conf=0
[BETA_X5] [1;36m17:12:32[0m [1;33mx5[0m [1;36m#446[0m SKIP tension=[1;36m0.49434449[0m [0m| spread_too_wide [1;31mconf=0.412[0m
[BETA_X5] mode=OFF radar_adj=0 mom= conf=0
[ALPHA_X13_BURST13] [1;36m17:12:37[0m [1;32mx13[0m [1;36m#479[0m SKIP tension=[1;36m0.00000000[0m [0m| momentum_too_small [1;31mconf=0.3419[0m
[ALPHA_X13_BURST13] mode=OFF radar_adj=0 mom= conf=0
[BETA_X5] [1;36m17:12:41[0m [1;33mx5[0m [1;36m#447[0m SKIP tension=[1;36m0.00000682[0m [0m| momentum_too_small [1;31mconf=0.0[0m
[BETA_X5] mode=OFF radar_adj=0 mom= conf=0
[ALPHA_X13_BURST13] [1;36m17:12:46[0m [1;32mx13[0m [1;36m#480[0m SKIP tension=[1;36m0.00000000[0m [0m| momentum_too_small [1;31mconf=0.349[0m
[ALPHA_X13_BURST13] mode=OFF radar_adj=0 mom= conf=0
[BETA_X5] [1;36m17:12:50[0m [1;33mx5[0m [1;36m#448[0m SKIP tension=[1;36m0.00428576[0m [0m| momentum_too_small [1;31mconf=0.0071[0m
[BETA_X5] mode=OFF radar_adj=0 mom= conf=0
[ALPHA_X13_BURST13] [1;36m17:12:55[0m [1;32mx13[0m [1;36m#481[0m SKIP tension=[1;36m0.00001993[0m [0m| momentum_too_small [1;31mconf=0.0[0m
[BETA_X5] [1;36m17:12:58[0m [1;33mx5[0m [1;36m#449[0m SKIP tension=[1;36m0.02823488[0m [0m| direction_unclear [1;31mconf=0.047[0m
[ALPHA_X13_BURST13] mode=OFF radar_adj=0 mom= conf=0
[BETA_X5] mode=OFF radar_adj=0 mom= conf=0
[ALPHA_X13_BURST13] [1;36m17:13:04[0m [1;32mx13[0m [1;36m#482[0m SKIP tension=[1;36m0.00905425[0m [0m| direction_unclear [1;31mconf=0.0147[0m
[BETA_X5] [1;36m17:13:06[0m [1;33mx5[0m [1;36m#450[0m SKIP tension=[1;36m0.00000000[0m [0m| momentum_too_small [1;31mconf=0.3419[0m
[ALPHA_X13_BURST13] mode=OFF radar_adj=0 mom= conf=0
[BETA_X5] mode=OFF radar_adj=0 mom= conf=0
[ALPHA_X13_BURST13] [1;36m17:13:13[0m [1;32mx13[0m [1;36m#483[0m SKIP tension=[1;36m0.00001418[0m [0m| momentum_too_small [1;31mconf=0.0[0m
[BETA_X5] [1;36m17:13:14[0m [1;33mx5[0m [1;36m#451[0m SKIP tension=[1;36m0.03768011[0m [0m| direction_unclear [1;31mconf=0.0622[0m
[ALPHA_X13_BURST13] mode=OFF radar_adj=0 mom= conf=0
[BETA_X5] mode=OFF radar_adj=0 mom= conf=0
[ALPHA_X13_BURST13] [1;36m17:13:21[0m [1;32mx13[0m [1;36m#484[0m SKIP tension=[1;36m0.00001666[0m [0m| momentum_too_small [1;31mconf=0.0[0m
[BETA_X5] [1;36m17:13:22[0m [1;33mx5[0m [1;36m#452[0m SKIP tension=[1;36m0.00000494[0m [0m| momentum_too_small [1;31mconf=0.0[0m
[ALPHA_X13_BURST13] mode=OFF radar_adj=0 mom= conf=0
[BETA_X5] mode=OFF radar_adj=0 mom= conf=0
[ALPHA_X13_BURST13] [1;36m17:13:30[0m [1;32mx13[0m [1;36m#485[0m SKIP tension=[1;36m0.00000000[0m [0m| momentum_too_small [1;31mconf=0.3419[0m
[BETA_X5] [1;36m17:13:30[0m [1;33mx5[0m [1;36m#453[0m SKIP tension=[1;36m0.00003878[0m [0m| momentum_too_small [1;31mconf=0.0001[0m
[ALPHA_X13_BURST13] mode=OFF radar_adj=0 mom= conf=0
[BETA_X5] mode=OFF radar_adj=0 mom= conf=0
[BETA_X5] [1;36m17:13:39[0m [1;33mx5[0m [1;36m#454[0m SKIP tension=[1;36m0.00051453[0m [0m| momentum_too_small [1;31mconf=0.0008[0m
[ALPHA_X13_BURST13] [1;36m17:13:39[0m [1;32mx13[0m [1;36m#486[0m SKIP tension=[1;36m0.00051453[0m [0m| momentum_too_small [1;31mconf=0.0008[0m
[BETA_X5] mode=OFF radar_adj=0 mom= conf=0
[ALPHA_X13_BURST13] mode=OFF radar_adj=0 mom= conf=0
[BETA_X5] [1;36m17:13:47[0m [1;33mx5[0m [1;36m#455[0m SKIP tension=[1;36m0.00000000[0m [0m| momentum_too_small [1;31mconf=0.3375[0m
[ALPHA_X13_BURST13] [1;36m17:13:47[0m [1;32mx13[0m [1;36m#487[0m SKIP tension=[1;36m0.00000000[0m [0m| momentum_too_small [1;31mconf=0.3341[0m
[BETA_X5] mode=OFF radar_adj=0 mom= conf=0
[ALPHA_X13_BURST13] mode=OFF radar_adj=0 mom= conf=0
[BETA_X5] [1;36m17:13:55[0m [1;33mx5[0m [1;36m#456[0m SKIP tension=[1;36m0.00024740[0m [0m| momentum_too_small [1;31mconf=0.0004[0m
[ALPHA_X13_BURST13] [1;36m17:13:56[0m [1;32mx13[0m [1;36m#488[0m SKIP tension=[1;32m1.45916322[0m [0m| cold < 3.0 (vortex=OFF)
[BETA_X5] mode=OFF radar_adj=0 mom= conf=0
[ALPHA_X13_BURST13] mode=OFF radar_adj=0 mom= conf=0
[BETA_X5] [1;36m17:14:03[0m [1;33mx5[0m [1;36m#457[0m SKIP tension=[1;36m0.00001721[0m [0m| momentum_too_small [1;31mconf=0.0[0m
[ALPHA_X13_BURST13] [1;36m17:14:05[0m [1;32mx13[0m [1;36m#489[0m SKIP tension=[1;36m0.00000216[0m [0m| momentum_too_small [1;31mconf=0.0[0m
[BETA_X5] mode=OFF radar_adj=0 mom= conf=0
[ALPHA_X13_BURST13] mode=OFF radar_adj=0 mom= conf=0
[ALPHA_X13_BURST13] [1;36m17:14:14[0m [1;32mx13[0m [1;36m#490[0m SKIP tension=[1;36m0.00002100[0m [0m| momentum_too_small [1;31mconf=0.0[0m
[ALPHA_X13_BURST13] mode=OFF radar_adj=0 mom= conf=0
[ALPHA_X13_BURST13] [1;36m17:14:23[0m [1;32mx13[0m [1;36m#491[0m SKIP tension=[1;36m0.00000590[0m [0m| momentum_too_small [1;31mconf=0.0[0m
[ALPHA_X13_BURST13] mode=OFF radar_adj=0 mom= conf=0
[ALPHA_X13_BURST13] [1;36m17:14:32[0m [1;32mx13[0m [1;36m#492[0m SKIP tension=[1;36m0.83713276[0m [0m| wall_not_collapsed
[ALPHA_X13_BURST13] mode=OFF radar_adj=0 mom= conf=0
[BETA_X5] shockwave beta->alpha until_cycle=468
[BETA_X5] [1;33mSWARM shockwave[0m [0m| beta -> neighbor (shock_inversion_stop)[0m
[ALPHA_X13_BURST13] [1;36m17:14:41[0m [1;32mx13[0m [1;36m#493[0m SKIP tension=[1;31m2.44002853[0m [0m| cold < 3.0 (vortex=OFF)
[BETA_X5] [1;36mentry=17:14:15@64751.70000000[0m [1;33mx5[0m [1;36m#458[0m [1;31mBUY[0m tension=[1;31m3.10904043[0m hold=[1;36m25[0ms sec=[1;36m25[0m [0m| exit=64748.80000000 [1;32mconf=0.8987[0m [1;36mexit_time=17:14:40[0m [1;31mpnl=-0.02204000 bps=-0.44786469 pct=-0.00447865% total=-1.5537800000000002[0m
[BETA_X5] mode=OFF radar_adj=0 mom= conf=0
[ALPHA_X13_BURST13] mode=OFF radar_adj=0 mom= conf=0
[BETA_X5] [1;36m17:14:50[0m [1;33mx5[0m [1;36m#459[0m SKIP tension=[1;36m0.00000000[0m [0m| momentum_too_small [1;31mconf=0.3331[0m
[ALPHA_X13_BURST13] [1;36m17:14:51[0m [1;32mx13[0m [1;36m#494[0m SKIP tension=[1;36m0.01564688[0m [0m| direction_unclear [1;31mconf=0.0127[0m
[BETA_X5] mode=OFF radar_adj=0 mom= conf=0
[ALPHA_X13_BURST13] mode=OFF radar_adj=0 mom= conf=0
[BETA_X5] [1;36m17:14:58[0m [1;33mx5[0m [1;36m#460[0m SKIP tension=[1;36m0.00005565[0m [0m| momentum_too_small [1;31mconf=0.0001[0m
[ALPHA_X13_BURST13] [1;36m17:14:59[0m [1;32mx13[0m [1;36m#495[0m SKIP tension=[1;36m0.79035462[0m [0m| wall_not_collapsed
[BETA_X5] mode=OFF radar_adj=0 mom= conf=0
[ALPHA_X13_BURST13] mode=OFF radar_adj=0 mom= conf=0
[BETA_X5] [1;36m17:15:06[0m [1;33mx5[0m [1;36m#461[0m SKIP tension=[1;36m0.35573677[0m [0m| wall_not_collapsed
[ALPHA_X13_BURST13] [1;36m17:15:08[0m [1;32mx13[0m [1;36m#496[0m SKIP tension=[1;36m0.00006506[0m [0m| momentum_too_small [1;31mconf=0.0001[0m
[BETA_X5] mode=OFF radar_adj=0 mom= conf=0
[ALPHA_X13_BURST13] mode=OFF radar_adj=0 mom= conf=0
[BETA_X5] [1;36m17:15:14[0m [1;33mx5[0m [1;36m#462[0m SKIP tension=[1;36m0.00253236[0m [0m| momentum_too_small [1;31mconf=0.0042[0m
[BETA_X5] mode=OFF radar_adj=0 mom= conf=0
[ALPHA_X13_BURST13] [1;36m17:15:17[0m [1;32mx13[0m [1;36m#497[0m SKIP tension=[1;36m0.00002256[0m [0m| momentum_too_small [1;31mconf=0.0[0m
[ALPHA_X13_BURST13] mode=OFF radar_adj=0 mom= conf=0
[BETA_X5] [1;36m17:15:22[0m [1;33mx5[0m [1;36m#463[0m SKIP tension=[1;36m0.00000000[0m [0m| momentum_too_small [1;31mconf=0.3443[0m
[BETA_X5] mode=OFF radar_adj=0 mom= conf=0
[ALPHA_X13_BURST13] [1;36m17:15:26[0m [1;32mx13[0m [1;36m#498[0m SKIP tension=[1;36m0.00453140[0m [0m| momentum_too_small [1;31mconf=0.0074[0m
[ALPHA_X13_BURST13] mode=OFF radar_adj=0 mom= conf=0
[BETA_X5] [1;36m17:15:31[0m [1;33mx5[0m [1;36m#464[0m SKIP tension=[1;36m0.00000000[0m [0m| momentum_too_small [1;31mconf=0.3443[0m
[BETA_X5] mode=OFF radar_adj=0 mom= conf=0
[ALPHA_X13_BURST13] [1;36m17:15:34[0m [1;32mx13[0m [1;36m#499[0m SKIP tension=[1;36m0.00218129[0m [0m| momentum_too_small [1;31mconf=0.0036[0m
[ALPHA_X13_BURST13] mode=OFF radar_adj=0 mom= conf=0
[BETA_X5] [1;36m17:15:39[0m [1;33mx5[0m [1;36m#465[0m SKIP tension=[1;36m0.26032142[0m [0m| wall_not_collapsed
[BETA_X5] mode=OFF radar_adj=0 mom= conf=0
[ALPHA_X13_BURST13] [1;36m17:15:43[0m [1;32mx13[0m [1;36m#500[0m SKIP tension=[1;36m0.35068925[0m [0m| wall_not_collapsed
[ALPHA_X13_BURST13] mode=OFF radar_adj=0 mom= conf=0
[BETA_X5] [1;36m17:15:48[0m [1;33mx5[0m [1;36m#466[0m SKIP tension=[1;36m0.01982951[0m [0m| direction_unclear [1;31mconf=0.0323[0m
[BETA_X5] mode=OFF radar_adj=0 mom= conf=0
[ALPHA_X13_BURST13] [1;36m17:15:52[0m [1;32mx13[0m [1;36m#501[0m SKIP tension=[1;36m0.00000000[0m [0m| momentum_too_small [1;31mconf=0.3422[0m
[ALPHA_X13_BURST13] mode=OFF radar_adj=0 mom= conf=0
[BETA_X5] [1;36m17:15:57[0m [1;33mx5[0m [1;36m#467[0m SKIP tension=[1;36m0.00000000[0m [0m| momentum_too_small [1;31mconf=0.3412[0m
[BETA_X5] mode=OFF radar_adj=0 mom= conf=0
[ALPHA_X13_BURST13] [1;36m17:16:00[0m [1;32mx13[0m [1;36m#502[0m SKIP tension=[1;36m0.00000000[0m [0m| momentum_too_small [1;31mconf=0.3443[0m
[ALPHA_X13_BURST13] mode=OFF radar_adj=0 mom= conf=0
[BETA_X5] [1;36m17:16:05[0m [1;33mx5[0m [1;36m#468[0m SKIP tension=[1;36m0.23104259[0m [0m| wall_not_collapsed
[BETA_X5] mode=OFF radar_adj=0 mom= conf=0
[ALPHA_X13_BURST13] [1;36m17:16:09[0m [1;32mx13[0m [1;36m#503[0m SKIP tension=[1;36m0.00000418[0m [0m| momentum_too_small [1;31mconf=0.0[0m
[ALPHA_X13_BURST13] mode=OFF radar_adj=0 mom= conf=0
[BETA_X5] [1;36m17:16:14[0m [1;33mx5[0m [1;36m#469[0m SKIP tension=[1;36m0.00000356[0m [0m| momentum_too_small [1;31mconf=0.0[0m
[ALPHA_X13_BURST13] [1;36m17:16:17[0m [1;32mx13[0m [1;36m#504[0m SKIP tension=[1;36m0.25206039[0m [0m| wall_not_collapsed
[BETA_X5] mode=OFF radar_adj=0 mom= conf=0
[ALPHA_X13_BURST13] mode=OFF radar_adj=0 mom= conf=0
[BETA_X5] [1;36m17:16:23[0m [1;33mx5[0m [1;36m#470[0m SKIP tension=[1;36m0.00606222[0m [0m| momentum_too_small [1;31mconf=0.0096[0m
[BETA_X5] mode=OFF radar_adj=0 mom= conf=0
[ALPHA_X13_BURST13] [1;36m17:16:26[0m [1;32mx13[0m [1;36m#505[0m SKIP tension=[1;36m0.00000000[0m [0m| momentum_too_small [1;31mconf=0.3291[0m
[ALPHA_X13_BURST13] mode=OFF radar_adj=0 mom= conf=0
[BETA_X5] [1;36m17:16:31[0m [1;33mx5[0m [1;36m#471[0m SKIP tension=[1;36m0.00000000[0m [0m| momentum_too_small [1;31mconf=0.3311[0m
[BETA_X5] mode=OFF radar_adj=0 mom= conf=0
[ALPHA_X13_BURST13] [1;36m17:16:36[0m [1;32mx13[0m [1;36m#506[0m SKIP tension=[1;36m0.01197749[0m [0m| direction_unclear [1;31mconf=0.0126[0m
[ALPHA_X13_BURST13] mode=OFF radar_adj=0 mom= conf=0
[BETA_X5] [1;36m17:16:40[0m [1;33mx5[0m [1;36m#472[0m SKIP tension=[1;36m0.00000000[0m [0m| momentum_too_small [1;31mconf=0.3196[0m
[BETA_X5] mode=OFF radar_adj=0 mom= conf=0
[ALPHA_X13_BURST13] [1;36m17:16:45[0m [1;32mx13[0m [1;36m#507[0m SKIP tension=[1;36m0.00000000[0m [0m| momentum_too_small [1;31mconf=0.3193[0m
[ALPHA_X13_BURST13] mode=OFF radar_adj=0 mom= conf=0
[BETA_X5] [1;36m17:16:48[0m [1;33mx5[0m [1;36m#473[0m SKIP tension=[1;36m0.58338512[0m [0m| wall_not_collapsed
[BETA_X5] mode=OFF radar_adj=0 mom= conf=0
[ALPHA_X13_BURST13] [1;36m17:16:53[0m [1;32mx13[0m [1;36m#508[0m SKIP tension=[1;36m0.01043795[0m [0m| direction_unclear [1;31mconf=0.0159[0m
[ALPHA_X13_BURST13] mode=OFF radar_adj=0 mom= conf=0
[BETA_X5] [1;36m17:16:56[0m [1;33mx5[0m [1;36m#474[0m SKIP tension=[1;36m0.00000249[0m [0m| momentum_too_small [1;31mconf=0.0[0m
[BETA_X5] mode=OFF radar_adj=0 mom= conf=0
[ALPHA_X13_BURST13] [1;36m17:17:02[0m [1;32mx13[0m [1;36m#509[0m SKIP tension=[1;36m0.64917601[0m [0m| wall_not_collapsed
[ALPHA_X13_BURST13] mode=OFF radar_adj=0 mom= conf=0
[BETA_X5] [1;36m17:17:06[0m [1;33mx5[0m [1;36m#475[0m SKIP tension=[1;36m0.00000000[0m [0m| momentum_too_small [1;31mconf=0.3078[0m
[BETA_X5] mode=OFF radar_adj=0 mom= conf=0
[ALPHA_X13_BURST13] [1;36m17:17:12[0m [1;32mx13[0m [1;36m#510[0m SKIP tension=[1;36m0.01118469[0m [0m| direction_unclear [1;31mconf=0.0117[0m
[BETA_X5] [1;36m17:17:14[0m [1;33mx5[0m [1;36m#476[0m SKIP tension=[1;36m0.72418106[0m [0m| wall_not_collapsed
[ALPHA_X13_BURST13] mode=OFF radar_adj=0 mom= conf=0
[BETA_X5] mode=OFF radar_adj=0 mom= conf=0
[ALPHA_X13_BURST13] [1;36m17:17:21[0m [1;32mx13[0m [1;36m#511[0m SKIP tension=[1;36m0.20507714[0m [0m| wall_not_collapsed
[BETA_X5] [1;36m17:17:22[0m [1;33mx5[0m [1;36m#477[0m SKIP tension=[1;31m2.44681160[0m [0m| cold < 3.0 (vortex=OFF)
[ALPHA_X13_BURST13] mode=OFF radar_adj=0 mom= conf=0
[BETA_X5] mode=OFF radar_adj=0 mom= conf=0
[ALPHA_X13_BURST13] [1;36m17:17:29[0m [1;32mx13[0m [1;36m#512[0m SKIP tension=[1;36m0.77347796[0m [0m| wall_not_collapsed
[BETA_X5] [1;36m17:17:30[0m [1;33mx5[0m [1;36m#478[0m SKIP tension=[1;36m0.00000000[0m [0m| momentum_too_small [1;31mconf=0.3047[0m
[ALPHA_X13_BURST13] mode=OFF radar_adj=0 mom= conf=0
[BETA_X5] mode=OFF radar_adj=0 mom= conf=0
[ALPHA_X13_BURST13] [1;36m17:17:38[0m [1;32mx13[0m [1;36m#513[0m SKIP tension=[1;36m0.01437211[0m [0m| direction_unclear [1;31mconf=0.0206[0m
[BETA_X5] [1;36m17:17:38[0m [1;33mx5[0m [1;36m#479[0m SKIP tension=[1;36m0.00000754[0m [0m| momentum_too_small [1;31mconf=0.0[0m
[BETA_X5] mode=OFF radar_adj=0 mom= conf=0
[ALPHA_X13_BURST13] mode=OFF radar_adj=0 mom= conf=0
[BETA_X5] [1;36m17:17:46[0m [1;33mx5[0m [1;36m#480[0m SKIP tension=[1;36m0.53810796[0m [0m| wall_not_collapsed
[ALPHA_X13_BURST13] [1;36m17:17:47[0m [1;32mx13[0m [1;36m#514[0m SKIP tension=[1;36m0.00000314[0m [0m| momentum_too_small [1;31mconf=0.0[0m
[BETA_X5] mode=OFF radar_adj=0 mom= conf=0
[ALPHA_X13_BURST13] mode=OFF radar_adj=0 mom= conf=0
[BETA_X5] [1;36m17:17:56[0m [1;33mx5[0m [1;36m#481[0m SKIP tension=[1;36m0.00000000[0m [0m| momentum_too_small [1;31mconf=0.2197[0m
[ALPHA_X13_BURST13] [1;36m17:17:56[0m [1;32mx13[0m [1;36m#515[0m SKIP tension=[1;36m0.00000000[0m [0m| momentum_too_small [1;31mconf=0.2197[0m
[BETA_X5] mode=OFF radar_adj=0 mom= conf=0
[ALPHA_X13_BURST13] mode=OFF radar_adj=0 mom= conf=0
[BETA_X5] [1;36m17:18:04[0m [1;33mx5[0m [1;36m#482[0m SKIP tension=[1;36m0.38471195[0m [0m| wall_not_collapsed
[ALPHA_X13_BURST13] [1;36m17:18:05[0m [1;32mx13[0m [1;36m#516[0m SKIP tension=[1;36m0.00726329[0m [0m| direction_unclear [1;31mconf=0.0072[0m
[BETA_X5] mode=OFF radar_adj=0 mom= conf=0
[ALPHA_X13_BURST13] mode=OFF radar_adj=0 mom= conf=0
[BETA_X5] [1;36m17:18:12[0m [1;33mx5[0m [1;36m#483[0m SKIP tension=[1;36m0.00438809[0m [0m| momentum_too_small [1;31mconf=0.0049[0m
[ALPHA_X13_BURST13] [1;36m17:18:14[0m [1;32mx13[0m [1;36m#517[0m SKIP tension=[1;36m0.00000000[0m [0m| momentum_too_small [1;31mconf=0.1792[0m
[BETA_X5] mode=OFF radar_adj=0 mom= conf=0
[ALPHA_X13_BURST13] mode=OFF radar_adj=0 mom= conf=0
[BETA_X5] [1;36m17:18:21[0m [1;33mx5[0m [1;36m#484[0m SKIP tension=[1;36m0.00000000[0m [0m| momentum_too_small [1;31mconf=0.1792[0m
[ALPHA_X13_BURST13] [1;36m17:18:24[0m [1;32mx13[0m [1;36m#518[0m SKIP tension=[1;36m0.00000000[0m [0m| momentum_too_small [1;31mconf=0.1792[0m
[BETA_X5] mode=OFF radar_adj=0 mom= conf=0
[ALPHA_X13_BURST13] mode=OFF radar_adj=0 mom= conf=0
[BETA_X5] [1;36m17:18:31[0m [1;33mx5[0m [1;36m#485[0m SKIP tension=[1;36m0.00000000[0m [0m| momentum_too_small [1;31mconf=0.2271[0m
[BETA_X5] mode=OFF radar_adj=0 mom= conf=0
[ALPHA_X13_BURST13] [1;36m17:18:34[0m [1;32mx13[0m [1;36m#519[0m SKIP tension=[1;36m0.00000000[0m [0m| momentum_too_small [1;31mconf=0.32[0m
[ALPHA_X13_BURST13] mode=OFF radar_adj=0 mom= conf=0
[BETA_X5] [1;36m17:18:40[0m [1;33mx5[0m [1;36m#486[0m SKIP tension=[1;36m0.00117919[0m [0m| momentum_too_small [1;31mconf=0.001[0m
[ALPHA_X13_BURST13] [1;36m17:18:43[0m [1;32mx13[0m [1;36m#520[0m SKIP tension=[1;32m1.98592617[0m [0m| cold < 3.0 (vortex=OFF)
[BETA_X5] mode=OFF radar_adj=0 mom= conf=0
[ALPHA_X13_BURST13] mode=OFF radar_adj=0 mom= conf=0
[BETA_X5] [1;36m17:18:50[0m [1;33mx5[0m [1;36m#487[0m SKIP tension=[1;32m1.98587439[0m [0m| cold < 3.0 (vortex=OFF)
[ALPHA_X13_BURST13] [1;36m17:18:52[0m [1;32mx13[0m [1;36m#521[0m SKIP tension=[1;36m0.00000000[0m [0m| momentum_too_small [1;31mconf=0.1792[0m
[BETA_X5] mode=OFF radar_adj=0 mom= conf=0
[ALPHA_X13_BURST13] mode=OFF radar_adj=0 mom= conf=0
[BETA_X5] [1;36m17:18:58[0m [1;33mx5[0m [1;36m#488[0m SKIP tension=[1;36m0.00002518[0m [0m| momentum_too_small [1;31mconf=0.0[0m
[BETA_X5] mode=OFF radar_adj=0 mom= conf=0
[ALPHA_X13_BURST13] [1;36m17:19:02[0m [1;32mx13[0m [1;36m#522[0m SKIP tension=[1;36m0.00000232[0m [0m| momentum_too_small [1;31mconf=0.0[0m
[ALPHA_X13_BURST13] mode=OFF radar_adj=0 mom= conf=0
[BETA_X5] [1;36m17:19:07[0m [1;33mx5[0m [1;36m#489[0m SKIP tension=[1;36m0.00242479[0m [0m| momentum_too_small [1;31mconf=0.0021[0m
[ALPHA_X13_BURST13] [1;36m17:19:11[0m [1;32mx13[0m [1;36m#523[0m SKIP tension=[1;36m0.00000252[0m [0m| momentum_too_small [1;31mconf=0.0[0m
[BETA_X5] mode=OFF radar_adj=0 mom= conf=0
[ALPHA_X13_BURST13] mode=OFF radar_adj=0 mom= conf=0
[BETA_X5] [1;36m17:19:17[0m [1;33mx5[0m [1;36m#490[0m SKIP tension=[1;32m1.98656809[0m [0m| cold < 3.0 (vortex=OFF)
[BETA_X5] mode=OFF radar_adj=0 mom= conf=0
[ALPHA_X13_BURST13] [1;36m17:19:20[0m [1;32mx13[0m [1;36m#524[0m SKIP tension=[1;36m0.20058552[0m [0m| low_confidence [1;31mconf=0.1712[0m
[ALPHA_X13_BURST13] mode=OFF radar_adj=0 mom= conf=0
[BETA_X5] [1;36m17:19:25[0m [1;33mx5[0m [1;36m#491[0m SKIP tension=[1;36m0.21180363[0m [0m| low_confidence [1;31mconf=0.1804[0m
[BETA_X5] mode=OFF radar_adj=0 mom= conf=0
[ALPHA_X13_BURST13] [1;36m17:19:29[0m [1;32mx13[0m [1;36m#525[0m SKIP tension=[1;36m0.15937267[0m [0m| direction_unclear [1;31mconf=0.0133[0m
[ALPHA_X13_BURST13] mode=OFF radar_adj=0 mom= conf=0
[BETA_X5] [1;36m17:19:34[0m [1;33mx5[0m [1;36m#492[0m SKIP tension=[1;36m0.00550146[0m [0m| momentum_too_small [1;31mconf=0.0084[0m
[BETA_X5] mode=OFF radar_adj=0 mom= conf=0
[ALPHA_X13_BURST13] [1;36m17:19:38[0m [1;32mx13[0m [1;36m#526[0m SKIP tension=[1;36m0.00002056[0m [0m| momentum_too_small [1;31mconf=0.0[0m
[ALPHA_X13_BURST13] mode=OFF radar_adj=0 mom= conf=0
[BETA_X5] [1;36m17:19:42[0m [1;33mx5[0m [1;36m#493[0m SKIP tension=[1;32m1.82183389[0m [0m| cold < 3.0 (vortex=OFF)
[BETA_X5] mode=OFF radar_adj=0 mom= conf=0
[ALPHA_X13_BURST13] [1;36m17:19:47[0m [1;32mx13[0m [1;36m#527[0m SKIP tension=[1;36m0.00001298[0m [0m| momentum_too_small [1;31mconf=0.0[0m
[ALPHA_X13_BURST13] mode=OFF radar_adj=0 mom= conf=0
[BETA_X5] [1;36m17:19:51[0m [1;33mx5[0m [1;36m#494[0m SKIP tension=[1;36m0.00012019[0m [0m| momentum_too_small [1;31mconf=0.0002[0m
[BETA_X5] mode=OFF radar_adj=0 mom= conf=0
[ALPHA_X13_BURST13] [1;36m17:19:57[0m [1;32mx13[0m [1;36m#528[0m SKIP tension=[1;36m0.00005260[0m [0m| momentum_too_small [1;31mconf=0.0001[0m
[BETA_X5] [1;36m17:20:00[0m [1;33mx5[0m [1;36m#495[0m SKIP tension=[1;36m0.00000999[0m [0m| momentum_too_small [1;31mconf=0.0[0m
[ALPHA_X13_BURST13] mode=OFF radar_adj=0 mom= conf=0
[BETA_X5] mode=OFF radar_adj=0 mom= conf=0
[ALPHA_X13_BURST13] [1;36m17:20:07[0m [1;32mx13[0m [1;36m#529[0m SKIP tension=[1;36m0.00001998[0m [0m| momentum_too_small [1;31mconf=0.0[0m
[BETA_X5] [1;36m17:20:08[0m [1;33mx5[0m [1;36m#496[0m SKIP tension=[1;36m0.00224534[0m [0m| momentum_too_small [1;31mconf=0.0034[0m
[ALPHA_X13_BURST13] mode=OFF radar_adj=0 mom= conf=0
[BETA_X5] mode=OFF radar_adj=0 mom= conf=0
[ALPHA_X13_BURST13] [1;36m17:20:17[0m [1;32mx13[0m [1;36m#530[0m SKIP [1;33m| tension_stale age=6465ms>800ms (NUAGE)[0m
[BETA_X5] [1;36m17:20:17[0m [1;33mx5[0m [1;36m#497[0m SKIP tension=[1;36m0.00001233[0m [0m| momentum_too_small [1;31mconf=0.0[0m
[ALPHA_X13_BURST13] mode=OFF radar_adj=0 mom= conf=0
[BETA_X5] mode=OFF radar_adj=0 mom= conf=0
[BETA_X5] [1;36m17:20:26[0m [1;33mx5[0m [1;36m#498[0m SKIP tension=[1;36m0.00000366[0m [0m| momentum_too_small [1;31mconf=0.0[0m
[ALPHA_X13_BURST13] [1;36m17:20:26[0m [1;32mx13[0m [1;36m#531[0m SKIP tension=[1;36m0.00000366[0m [0m| momentum_too_small [1;31mconf=0.0[0m
[BETA_X5] mode=OFF radar_adj=0 mom= conf=0
[ALPHA_X13_BURST13] mode=OFF radar_adj=0 mom= conf=0
[BETA_X5] [1;36m17:20:35[0m [1;33mx5[0m [1;36m#499[0m SKIP tension=[1;36m0.00000966[0m [0m| momentum_too_small [1;31mconf=0.0[0m
[ALPHA_X13_BURST13] [1;36m17:20:35[0m [1;32mx13[0m [1;36m#532[0m SKIP tension=[1;36m0.00001266[0m [0m| momentum_too_small [1;31mconf=0.0[0m
[BETA_X5] mode=OFF radar_adj=0 mom= conf=0
[ALPHA_X13_BURST13] mode=OFF radar_adj=0 mom= conf=0
[BETA_X5] [1;36m17:20:43[0m [1;33mx5[0m [1;36m#500[0m SKIP tension=[1;36m0.00012143[0m [0m| momentum_too_small [1;31mconf=0.0002[0m
[BETA_X5] mode=OFF radar_adj=0 mom= conf=0
[ALPHA_X13_BURST13] shockwave alpha->beta until_cycle=543
[ALPHA_X13_BURST13] [1;33mSWARM shockwave[0m [0m| alpha -> neighbor (shock_inversion_stop)[0m
[ALPHA_X13_BURST13] [1;36mentry=17:20:49@64826.00000000[0m [1;32mx13[0m [1;36m#533[0m [1;31mSELL[0m tension=[1;31m3.33709454[0m hold=[1;36m27[0ms sec=[1;36m27[0m [0m| exit=64826.10000000 [1;32mconf=0.9482[0m [1;36mexit_time=17:21:16[0m [1;31mpnl=-0.02406000 bps=-0.01542591 pct=-0.00015426% total=-1.5778400000000001[0m
[ALPHA_X13_BURST13] mode=OFF radar_adj=0 mom= conf=0
[BETA_X5] shockwave beta->alpha until_cycle=511
[BETA_X5] [1;33mSWARM shockwave[0m [0m| beta -> neighbor (shock_inversion_stop)[0m
[BETA_X5] [1;36mentry=17:20:57@64826.00000000[0m [1;33mx5[0m [1;36m#501[0m [1;31mSELL[0m tension=[1;31m8.57784968[0m hold=[1;36m26[0ms sec=[1;36m26[0m [0m| exit=64826.10000000 [1;32mconf=0.999[0m [1;36mexit_time=17:21:23[0m [1;31mpnl=-0.00076000 bps=-0.01542591 pct=-0.00015426% total=-1.5786[0m
[ALPHA_X13_BURST13] [1;36m17:21:27[0m [1;32mx13[0m [1;36m#534[0m SKIP tension=[1;36m0.00005656[0m [0m| momentum_too_small [1;31mconf=0.0001[0m
[BETA_X5] mode=OFF radar_adj=0 mom= conf=0
[ALPHA_X13_BURST13] mode=OFF radar_adj=0 mom= conf=0
[BETA_X5] [1;36m17:21:33[0m [1;33mx5[0m [1;36m#502[0m SKIP tension=[1;36m0.00000551[0m [0m| momentum_too_small [1;31mconf=0.0[0m
[BETA_X5] mode=OFF radar_adj=0 mom= conf=0
[ALPHA_X13_BURST13] [1;36m17:21:37[0m [1;32mx13[0m [1;36m#535[0m SKIP tension=[1;31m7.47027657[0m [0m| tactic short vs long
[ALPHA_X13_BURST13] mode=OFF radar_adj=0 mom= conf=0
[ALPHA_X13_BURST13] [1;36m17:21:47[0m [1;32mx13[0m [1;36m#536[0m SKIP tension=[1;36m0.04070320[0m [0m| direction_unclear [1;31mconf=0.0616[0m
[ALPHA_X13_BURST13] mode=OFF radar_adj=0 mom= conf=0
[ALPHA_X13_BURST13] [1;36m17:21:56[0m [1;32mx13[0m [1;36m#537[0m SKIP tension=[1;36m0.00052256[0m [0m| momentum_too_small [1;31mconf=0.0008[0m
[ALPHA_X13_BURST13] mode=OFF radar_adj=0 mom= conf=0
[ALPHA_X13_BURST13] [1;36m17:22:06[0m [1;32mx13[0m [1;36m#538[0m SKIP tension=[1;36m0.00023636[0m [0m| momentum_too_small [1;31mconf=0.0004[0m
[ALPHA_X13_BURST13] mode=OFF radar_adj=0 mom= conf=0
[ALPHA_X13_BURST13] [1;36m17:22:15[0m [1;32mx13[0m [1;36m#539[0m SKIP tension=[1;36m0.00004755[0m [0m| momentum_too_small [1;31mconf=0.0001[0m
[BETA_X5] [1;36mentry=17:21:48@64826.10000000[0m [1;33mx5[0m [1;36m#503[0m [1;33mSELL[0m tension=[1;31m4.04163674[0m hold=[1;36m28[0ms sec=[1;36m28[0m [0m| exit=64826.10000000 [1;32mconf=0.8168[0m [1;36mexit_time=17:22:16[0m [1;33mpnl=-0.00000000 bps=-0.00000000 pct=-0.00000000% total=-1.5786[0m
[ALPHA_X13_BURST13] mode=OFF radar_adj=0 mom= conf=0
[BETA_X5] mode=OFF radar_adj=0 mom= conf=0
[ALPHA_X13_BURST13] [1;36m17:22:24[0m [1;32mx13[0m [1;36m#540[0m SKIP tension=[1;36m0.00004707[0m [0m| momentum_too_small [1;31mconf=0.0001[0m
[BETA_X5] [1;36m17:22:27[0m [1;33mx5[0m [1;36m#504[0m SKIP tension=[1;36m0.00001953[0m [0m| momentum_too_small [1;31mconf=0.0[0m
[ALPHA_X13_BURST13] mode=OFF radar_adj=0 mom= conf=0
[BETA_X5] mode=OFF radar_adj=0 mom= conf=0
[ALPHA_X13_BURST13] [1;36m17:22:33[0m [1;32mx13[0m [1;36m#541[0m SKIP tension=[1;36m0.00001402[0m [0m| momentum_too_small [1;31mconf=0.0[0m
[BETA_X5] [1;36m17:22:35[0m [1;33mx5[0m [1;36m#505[0m SKIP tension=[1;36m0.00001052[0m [0m| momentum_too_small [1;31mconf=0.0[0m
[ALPHA_X13_BURST13] mode=OFF radar_adj=0 mom= conf=0
[BETA_X5] mode=OFF radar_adj=0 mom= conf=0
[ALPHA_X13_BURST13] [1;36m17:22:42[0m [1;32mx13[0m [1;36m#542[0m SKIP tension=[1;36m0.00002103[0m [0m| momentum_too_small [1;31mconf=0.0[0m
[BETA_X5] [1;36m17:22:43[0m [1;33mx5[0m [1;36m#506[0m SKIP tension=[1;36m0.00002454[0m [0m| momentum_too_small [1;31mconf=0.0[0m
[ALPHA_X13_BURST13] mode=OFF radar_adj=0 mom= conf=0
[BETA_X5] mode=OFF radar_adj=0 mom= conf=0
[BETA_X5] [1;36m17:22:51[0m [1;33mx5[0m [1;36m#507[0m SKIP tension=[1;36m0.00001052[0m [0m| momentum_too_small [1;31mconf=0.0[0m
[ALPHA_X13_BURST13] [1;36m17:22:51[0m [1;32mx13[0m [1;36m#543[0m SKIP tension=[1;36m0.00002204[0m [0m| momentum_too_small [1;31mconf=0.0[0m
[ALPHA_X13_BURST13] mode=OFF radar_adj=0 mom= conf=0
[BETA_X5] mode=OFF radar_adj=0 mom= conf=0
[ALPHA_X13_BURST13] [1;36m17:23:00[0m [1;32mx13[0m [1;36m#544[0m SKIP tension=[1;36m0.00001703[0m [0m| momentum_too_small [1;31mconf=0.0[0m
[ALPHA_X13_BURST13] mode=OFF radar_adj=0 mom= conf=0
[ALPHA_X13_BURST13] [1;36m17:23:09[0m [1;32mx13[0m [1;36m#545[0m SKIP tension=[1;36m0.00005397[0m [0m| momentum_too_small [1;31mconf=0.0001[0m
[ALPHA_X13_BURST13] mode=OFF radar_adj=0 mom= conf=0
[ALPHA_X13_BURST13] [1;36m17:23:18[0m [1;32mx13[0m [1;36m#546[0m SKIP tension=[1;32m1.48992373[0m [0m| cold < 3.0 (vortex=OFF)
[ALPHA_X13_BURST13] mode=OFF radar_adj=0 mom= conf=0
[ALPHA_X13_BURST13] [1;36m17:23:28[0m [1;32mx13[0m [1;36m#547[0m SKIP tension=[1;32m1.72404084[0m [0m| cold < 3.0 (vortex=OFF)
[BETA_X5] shockwave beta->alpha until_cycle=518
[BETA_X5] [1;33mSWARM shockwave[0m [0m| beta -> neighbor (shock_inversion_stop)[0m
[BETA_X5] [1;36mCycle 508[0m [1;32mSOFT anomaly[0m [1;33m| pnl_abs=0.24178000 > 0.02500000[0m
[ALPHA_X13_BURST13] mode=OFF radar_adj=0 mom= conf=0
[BETA_X5] [1;36mentry=17:23:04@64826.10000000[0m [1;33mx5[0m [1;36m#508[0m [1;31mSELL[0m tension=[1;31m7.49318251[0m hold=[1;36m26[0ms sec=[1;36m26[0m [0m| exit=64841.80000000 [1;32mconf=0.8168[0m [1;36mexit_time=17:23:30[0m [1;31mpnl=-0.24178000 bps=-2.42186403 pct=-0.02421864% total=-1.82038[0m
[BETA_X5] mode=OFF radar_adj=0 mom= conf=0
[ALPHA_X13_BURST13] [1;36m17:23:37[0m [1;32mx13[0m [1;36m#548[0m SKIP [1;33m| tension_stale age=3472ms>800ms (NUAGE)[0m
[ALPHA_X13_BURST13] mode=OFF radar_adj=0 mom= conf=0
[ALPHA_X13_BURST13] [1;36m17:23:46[0m [1;32mx13[0m [1;36m#549[0m SKIP tension=[1;36m0.00008008[0m [0m| momentum_too_small [1;31mconf=0.0001[0m
[ALPHA_X13_BURST13] mode=OFF radar_adj=0 mom= conf=0
[ALPHA_X13_BURST13] [1;36m17:23:55[0m [1;32mx13[0m [1;36m#550[0m SKIP tension=[1;32m1.32314262[0m [0m| cold < 3.0 (vortex=OFF)
[ALPHA_X13_BURST13] mode=OFF radar_adj=0 mom= conf=0
[ALPHA_X13_BURST13] [1;36m17:24:05[0m [1;32mx13[0m [1;36m#551[0m SKIP tension=[1;32m1.01172222[0m [0m| cold < 3.0 (vortex=OFF)
[ALPHA_X13_BURST13] mode=OFF radar_adj=0 mom= conf=0
[BETA_X5] [1;36mCycle 509[0m [1;32mSOFT anomaly[0m [1;33m| pnl_abs=0.40736000 > 0.02500000[0m
[BETA_X5] [1;36mentry=17:23:45@64846.40000000[0m [1;33mx5[0m [1;36m#509[0m [1;32mBUY[0m tension=[1;31m3.62357888[0m hold=[1;36m25[0ms sec=[1;36m25[0m [0m| exit=64900.00000000 [1;33mconf=0.7456[0m [1;36mexit_time=17:24:10[0m [1;32mpnl=0.40736000 bps=8.26568630 pct=0.08265686% total=-1.4130200000000002[0m
[ALPHA_X13_BURST13] [1;36m17:24:15[0m [1;32mx13[0m [1;36m#552[0m SKIP tension=[1;36m0.00022712[0m [0m| momentum_too_small [1;31mconf=0.0004[0m
[BETA_X5] mode=OFF radar_adj=0 mom= conf=0
[ALPHA_X13_BURST13] mode=OFF radar_adj=0 mom= conf=0
[BETA_X5] [1;36m17:24:21[0m [1;33mx5[0m [1;36m#510[0m SKIP tension=[1;36m0.43125355[0m [0m| wall_not_collapsed
[ALPHA_X13_BURST13] [1;36m17:24:24[0m [1;32mx13[0m [1;36m#553[0m SKIP tension=[1;36m0.00002460[0m [0m| momentum_too_small [1;31mconf=0.0[0m
[BETA_X5] mode=OFF radar_adj=0 mom= conf=0
[ALPHA_X13_BURST13] mode=OFF radar_adj=0 mom= conf=0
[BETA_X5] [1;36m17:24:29[0m [1;33mx5[0m [1;36m#511[0m SKIP tension=[1;36m0.00000879[0m [0m| momentum_too_small [1;31mconf=0.0[0m
[BETA_X5] mode=OFF radar_adj=0 mom= conf=0
[ALPHA_X13_BURST13] [1;36m17:24:33[0m [1;32mx13[0m [1;36m#554[0m SKIP tension=[1;36m0.00004656[0m [0m| momentum_too_small [1;31mconf=0.0001[0m
[ALPHA_X13_BURST13] mode=OFF radar_adj=0 mom= conf=0
[BETA_X5] [1;36m17:24:39[0m [1;33mx5[0m [1;36m#512[0m SKIP tension=[1;36m0.01156928[0m [0m| direction_unclear [1;31mconf=0.0175[0m
[ALPHA_X13_BURST13] [1;36m17:24:42[0m [1;32mx13[0m [1;36m#555[0m SKIP tension=[1;36m0.00011334[0m [0m| momentum_too_small [1;31mconf=0.0002[0m
[BETA_X5] mode=OFF radar_adj=0 mom= conf=0
[ALPHA_X13_BURST13] mode=OFF radar_adj=0 mom= conf=0
[BETA_X5] [1;36m17:24:48[0m [1;33mx5[0m [1;36m#513[0m SKIP tension=[1;36m0.00001757[0m [0m| momentum_too_small [1;31mconf=0.0[0m
[BETA_X5] mode=OFF radar_adj=0 mom= conf=0
[ALPHA_X13_BURST13] [1;36m17:24:51[0m [1;32mx13[0m [1;36m#556[0m SKIP tension=[1;36m0.00000000[0m [0m| momentum_too_small [1;31mconf=0.3335[0m
[ALPHA_X13_BURST13] mode=OFF radar_adj=0 mom= conf=0
[BETA_X5] [1;36m17:24:56[0m [1;33mx5[0m [1;36m#514[0m SKIP tension=[1;36m0.00002109[0m [0m| momentum_too_small [1;31mconf=0.0[0m
[BETA_X5] mode=OFF radar_adj=0 mom= conf=0
[ALPHA_X13_BURST13] [1;36m17:24:59[0m [1;32mx13[0m [1;36m#557[0m SKIP tension=[1;36m0.00003164[0m [0m| momentum_too_small [1;31mconf=0.0001[0m
[ALPHA_X13_BURST13] mode=OFF radar_adj=0 mom= conf=0
[BETA_X5] [1;36m17:25:04[0m [1;33mx5[0m [1;36m#515[0m SKIP tension=[1;36m0.00004218[0m [0m| momentum_too_small [1;31mconf=0.0001[0m
[BETA_X5] mode=OFF radar_adj=0 mom= conf=0
[ALPHA_X13_BURST13] [1;36m17:25:08[0m [1;32mx13[0m [1;36m#558[0m SKIP tension=[1;36m0.00003515[0m [0m| momentum_too_small [1;31mconf=0.0001[0m
[ALPHA_X13_BURST13] mode=OFF radar_adj=0 mom= conf=0
[BETA_X5] [1;36m17:25:13[0m [1;33mx5[0m [1;36m#516[0m SKIP tension=[1;32m1.05309915[0m [0m| cold < 3.0 (vortex=OFF)
[BETA_X5] mode=OFF radar_adj=0 mom= conf=0
[ALPHA_X13_BURST13] [1;36m17:25:18[0m [1;32mx13[0m [1;36m#559[0m SKIP tension=[1;36m0.00002373[0m [0m| momentum_too_small [1;31mconf=0.0[0m
[ALPHA_X13_BURST13] mode=OFF radar_adj=0 mom= conf=0
[ALPHA_X13_BURST13] [1;36m17:25:27[0m [1;32mx13[0m [1;36m#560[0m SKIP tension=[1;36m0.00000000[0m [0m| momentum_too_small [1;31mconf=0.3335[0m
[ALPHA_X13_BURST13] mode=OFF radar_adj=0 mom= conf=0
[ALPHA_X13_BURST13] [1;36m17:25:36[0m [1;32mx13[0m [1;36m#561[0m SKIP tension=[1;36m0.00044005[0m [0m| momentum_too_small [1;31mconf=0.0007[0m
[ALPHA_X13_BURST13] mode=OFF radar_adj=0 mom= conf=0
[ALPHA_X13_BURST13] [1;36m17:25:45[0m [1;32mx13[0m [1;36m#562[0m SKIP tension=[1;36m0.00012735[0m [0m| momentum_too_small [1;31mconf=0.0002[0m
[ALPHA_X13_BURST13] mode=OFF radar_adj=0 mom= conf=0
[ALPHA_X13_BURST13] [1;36m17:25:54[0m [1;32mx13[0m [1;36m#563[0m SKIP tension=[1;36m0.00010296[0m [0m| momentum_too_small [1;31mconf=0.0002[0m
[BETA_X5] [1;36mCycle 517[0m [1;32mSOFT anomaly[0m [1;33m| pnl_abs=0.03724000 > 0.02500000[0m
[ALPHA_X13_BURST13] mode=OFF radar_adj=0 mom= conf=0
[BETA_X5] [1;36mentry=17:25:27@64895.10000000[0m [1;33mx5[0m [1;36m#517[0m [1;32mBUY[0m tension=[1;31m8.14918485[0m hold=[1;36m29[0ms sec=[1;36m29[0m [0m| exit=64900.00000000 [1;32mconf=0.9056[0m [1;36mexit_time=17:25:56[0m [1;32mpnl=0.03724000 bps=0.75506471 pct=0.00755065% total=-1.3757800000000002[0m
[BETA_X5] mode=OFF radar_adj=0 mom= conf=0
[ALPHA_X13_BURST13] [1;36m17:26:03[0m [1;32mx13[0m [1;36m#564[0m SKIP tension=[1;36m0.00104173[0m [0m| momentum_too_small [1;31mconf=0.0017[0m
[ALPHA_X13_BURST13] mode=OFF radar_adj=0 mom= conf=0
[BETA_X5] [1;36m17:26:06[0m [1;33mx5[0m [1;36m#518[0m SKIP tension=[1;36m0.00006663[0m [0m| momentum_too_small [1;31mconf=0.0001[0m
[BETA_X5] mode=OFF radar_adj=0 mom= conf=0
[ALPHA_X13_BURST13] [1;36m17:26:12[0m [1;32mx13[0m [1;36m#565[0m SKIP tension=[1;36m0.20634489[0m [0m| wall_not_collapsed
[BETA_X5] [1;36m17:26:14[0m [1;33mx5[0m [1;36m#519[0m SKIP tension=[1;36m0.00000000[0m [0m| momentum_too_small [1;31mconf=0.317[0m
[ALPHA_X13_BURST13] mode=OFF radar_adj=0 mom= conf=0
[BETA_X5] mode=OFF radar_adj=0 mom= conf=0
[ALPHA_X13_BURST13] [1;36m17:26:20[0m [1;32mx13[0m [1;36m#566[0m SKIP tension=[1;36m0.00081371[0m [0m| momentum_too_small [1;31mconf=0.0013[0m
[BETA_X5] [1;36m17:26:23[0m [1;33mx5[0m [1;36m#520[0m SKIP tension=[1;36m0.15872708[0m [0m| direction_unclear [1;31mconf=0.2396[0m
[ALPHA_X13_BURST13] mode=OFF radar_adj=0 mom= conf=0
[BETA_X5] mode=OFF radar_adj=0 mom= conf=0
[ALPHA_X13_BURST13] [1;36m17:26:30[0m [1;32mx13[0m [1;36m#567[0m SKIP tension=[1;36m0.00008180[0m [0m| momentum_too_small [1;31mconf=0.0001[0m
[BETA_X5] [1;36m17:26:32[0m [1;33mx5[0m [1;36m#521[0m SKIP tension=[1;36m0.00057934[0m [0m| momentum_too_small [1;31mconf=0.0009[0m
[ALPHA_X13_BURST13] mode=OFF radar_adj=0 mom= conf=0
[BETA_X5] mode=OFF radar_adj=0 mom= conf=0
[ALPHA_X13_BURST13] [1;36m17:26:40[0m [1;32mx13[0m [1;36m#568[0m SKIP tension=[1;36m0.00010033[0m [0m| momentum_too_small [1;31mconf=0.0002[0m
[BETA_X5] [1;36m17:26:41[0m [1;33mx5[0m [1;36m#522[0m SKIP tension=[1;36m0.00009829[0m [0m| momentum_too_small [1;31mconf=0.0001[0m
[ALPHA_X13_BURST13] mode=OFF radar_adj=0 mom= conf=0
[BETA_X5] mode=OFF radar_adj=0 mom= conf=0
[ALPHA_X13_BURST13] [1;36m17:26:48[0m [1;32mx13[0m [1;36m#569[0m SKIP tension=[1;36m0.00000000[0m [0m| momentum_too_small [1;31mconf=0.3335[0m
[BETA_X5] [1;36m17:26:49[0m [1;33mx5[0m [1;36m#523[0m SKIP tension=[1;36m0.00000000[0m [0m| momentum_too_small [1;31mconf=0.317[0m
[ALPHA_X13_BURST13] mode=OFF radar_adj=0 mom= conf=0
[BETA_X5] mode=OFF radar_adj=0 mom= conf=0
[ALPHA_X13_BURST13] [1;36m17:26:57[0m [1;32mx13[0m [1;36m#570[0m SKIP tension=[1;36m0.00000000[0m [0m| momentum_too_small [1;31mconf=0.3335[0m
[BETA_X5] [1;36m17:26:58[0m [1;33mx5[0m [1;36m#524[0m SKIP tension=[1;31m2.87341740[0m [0m| cold < 3.0 (vortex=OFF)
[ALPHA_X13_BURST13] mode=OFF radar_adj=0 mom= conf=0
[BETA_X5] mode=OFF radar_adj=0 mom= conf=0
[ALPHA_X13_BURST13] [1;36m17:27:07[0m [1;32mx13[0m [1;36m#571[0m SKIP tension=[1;36m0.00000000[0m [0m| momentum_too_small [1;31mconf=0.3335[0m
[BETA_X5] [1;36m17:27:07[0m [1;33mx5[0m [1;36m#525[0m SKIP tension=[1;36m0.00012732[0m [0m| momentum_too_small [1;31mconf=0.0002[0m
[BETA_X5] mode=OFF radar_adj=0 mom= conf=0
[ALPHA_X13_BURST13] mode=OFF radar_adj=0 mom= conf=0
[BETA_X5] [1;36m17:27:15[0m [1;33mx5[0m [1;36m#526[0m SKIP tension=[1;36m0.00015414[0m [0m| momentum_too_small [1;31mconf=0.0002[0m
[ALPHA_X13_BURST13] [1;36m17:27:16[0m [1;32mx13[0m [1;36m#572[0m SKIP tension=[1;36m0.00015414[0m [0m| momentum_too_small [1;31mconf=0.0003[0m
[BETA_X5] mode=OFF radar_adj=0 mom= conf=0
[ALPHA_X13_BURST13] mode=OFF radar_adj=0 mom= conf=0
[BETA_X5] [1;36m17:27:24[0m [1;33mx5[0m [1;36m#527[0m SKIP tension=[1;36m0.00120445[0m [0m| momentum_too_small [1;31mconf=0.0018[0m
[ALPHA_X13_BURST13] [1;36m17:27:25[0m [1;32mx13[0m [1;36m#573[0m SKIP tension=[1;36m0.00120445[0m [0m| momentum_too_small [1;31mconf=0.0019[0m
[BETA_X5] mode=OFF radar_adj=0 mom= conf=0
[ALPHA_X13_BURST13] mode=OFF radar_adj=0 mom= conf=0
[BETA_X5] [1;36m17:27:32[0m [1;33mx5[0m [1;36m#528[0m SKIP tension=[1;36m0.00001713[0m [0m| momentum_too_small [1;31mconf=0.0[0m
[ALPHA_X13_BURST13] [1;36m17:27:35[0m [1;32mx13[0m [1;36m#574[0m SKIP tension=[1;36m0.00000000[0m [0m| momentum_too_small [1;31mconf=0.3335[0m
[BETA_X5] mode=OFF radar_adj=0 mom= conf=0
[ALPHA_X13_BURST13] mode=OFF radar_adj=0 mom= conf=0
[BETA_X5] [1;36m17:27:42[0m [1;33mx5[0m [1;36m#529[0m SKIP tension=[1;36m0.00002308[0m [0m| momentum_too_small [1;31mconf=0.0[0m
[BETA_X5] mode=OFF radar_adj=0 mom= conf=0
[ALPHA_X13_BURST13] [1;36m17:27:45[0m [1;32mx13[0m [1;36m#575[0m SKIP tension=[1;36m0.00008788[0m [0m| momentum_too_small [1;31mconf=0.0001[0m
[ALPHA_X13_BURST13] mode=OFF radar_adj=0 mom= conf=0
[BETA_X5] [1;36m17:27:51[0m [1;33mx5[0m [1;36m#530[0m SKIP tension=[1;36m0.00004083[0m [0m| momentum_too_small [1;31mconf=0.0001[0m
[BETA_X5] mode=OFF radar_adj=0 mom= conf=0
[ALPHA_X13_BURST13] [1;36m17:27:54[0m [1;32mx13[0m [1;36m#576[0m SKIP tension=[1;36m0.00000000[0m [0m| momentum_too_small [1;31mconf=0.3335[0m
[ALPHA_X13_BURST13] mode=OFF radar_adj=0 mom= conf=0
[BETA_X5] [1;36m17:27:59[0m [1;33mx5[0m [1;36m#531[0m SKIP tension=[1;36m0.00004543[0m [0m| momentum_too_small [1;31mconf=0.0001[0m
[BETA_X5] mode=OFF radar_adj=0 mom= conf=0
[ALPHA_X13_BURST13] [1;36m17:28:03[0m [1;32mx13[0m [1;36m#577[0m SKIP tension=[1;36m0.00000904[0m [0m| momentum_too_small [1;31mconf=0.0[0m
[ALPHA_X13_BURST13] mode=OFF radar_adj=0 mom= conf=0
[BETA_X5] [1;36m17:28:07[0m [1;33mx5[0m [1;36m#532[0m SKIP tension=[1;36m0.00149940[0m [0m| momentum_too_small [1;31mconf=0.0023[0m
[BETA_X5] mode=OFF radar_adj=0 mom= conf=0
[ALPHA_X13_BURST13] [1;36m17:28:12[0m [1;32mx13[0m [1;36m#578[0m SKIP tension=[1;36m0.00000000[0m [0m| momentum_too_small [1;31mconf=0.3335[0m
[BETA_X5] [1;36m17:28:16[0m [1;33mx5[0m [1;36m#533[0m SKIP tension=[1;36m0.00002350[0m [0m| momentum_too_small [1;31mconf=0.0[0m
[ALPHA_X13_BURST13] mode=OFF radar_adj=0 mom= conf=0
[BETA_X5] mode=OFF radar_adj=0 mom= conf=0
[ALPHA_X13_BURST13] [1;36m17:28:23[0m [1;32mx13[0m [1;36m#579[0m SKIP tension=[1;36m0.00000000[0m [0m| momentum_too_small [1;31mconf=0.3335[0m
[BETA_X5] [1;36m17:28:24[0m [1;33mx5[0m [1;36m#534[0m SKIP tension=[1;36m0.00347237[0m [0m| momentum_too_small [1;31mconf=0.0052[0m
[ALPHA_X13_BURST13] mode=OFF radar_adj=0 mom= conf=0
[BETA_X5] mode=OFF radar_adj=0 mom= conf=0
[ALPHA_X13_BURST13] [1;36m17:28:31[0m [1;32mx13[0m [1;36m#580[0m SKIP tension=[1;36m0.00002805[0m [0m| momentum_too_small [1;31mconf=0.0[0m
[BETA_X5] [1;36m17:28:32[0m [1;33mx5[0m [1;36m#535[0m SKIP tension=[1;36m0.00052388[0m [0m| momentum_too_small [1;31mconf=0.0008[0m
[ALPHA_X13_BURST13] mode=OFF radar_adj=0 mom= conf=0
[BETA_X5] mode=OFF radar_adj=0 mom= conf=0
[ALPHA_X13_BURST13] [1;36m17:28:40[0m [1;32mx13[0m [1;36m#581[0m SKIP tension=[1;36m0.00004434[0m [0m| momentum_too_small [1;31mconf=0.0001[0m
[BETA_X5] [1;36m17:28:42[0m [1;33mx5[0m [1;36m#536[0m SKIP tension=[1;36m0.00007058[0m [0m| momentum_too_small [1;31mconf=0.0001[0m
[ALPHA_X13_BURST13] mode=OFF radar_adj=0 mom= conf=0
[BETA_X5] mode=OFF radar_adj=0 mom= conf=0
[ALPHA_X13_BURST13] [1;36m17:28:49[0m [1;32mx13[0m [1;36m#582[0m SKIP tension=[1;36m0.00001719[0m [0m| momentum_too_small [1;31mconf=0.0[0m
[BETA_X5] [1;36m17:28:50[0m [1;33mx5[0m [1;36m#537[0m SKIP tension=[1;36m0.53432499[0m [0m| wall_not_collapsed
[ALPHA_X13_BURST13] mode=OFF radar_adj=0 mom= conf=0
[BETA_X5] mode=OFF radar_adj=0 mom= conf=0
[ALPHA_X13_BURST13] [1;36m17:28:58[0m [1;32mx13[0m [1;36m#583[0m SKIP tension=[1;36m0.00000000[0m [0m| momentum_too_small [1;31mconf=0.3264[0m
[BETA_X5] [1;36m17:28:58[0m [1;33mx5[0m [1;36m#538[0m SKIP tension=[1;36m0.00005221[0m [0m| momentum_too_small [1;31mconf=0.0001[0m
[ALPHA_X13_BURST13] mode=OFF radar_adj=0 mom= conf=0
[BETA_X5] mode=OFF radar_adj=0 mom= conf=0
[BETA_X5] [1;36m17:29:06[0m [1;33mx5[0m [1;36m#539[0m SKIP tension=[1;36m0.00008972[0m [0m| momentum_too_small [1;31mconf=0.0001[0m
[ALPHA_X13_BURST13] [1;36m17:29:06[0m [1;32mx13[0m [1;36m#584[0m SKIP tension=[1;36m0.00008972[0m [0m| momentum_too_small [1;31mconf=0.0001[0m
[BETA_X5] mode=OFF radar_adj=0 mom= conf=0
[ALPHA_X13_BURST13] mode=OFF radar_adj=0 mom= conf=0
[BETA_X5] [1;36m17:29:14[0m [1;33mx5[0m [1;36m#540[0m SKIP tension=[1;36m0.00002931[0m [0m| momentum_too_small [1;31mconf=0.0[0m
[ALPHA_X13_BURST13] [1;36m17:29:15[0m [1;32mx13[0m [1;36m#585[0m SKIP tension=[1;36m0.00004488[0m [0m| momentum_too_small [1;31mconf=0.0001[0m
[BETA_X5] mode=OFF radar_adj=0 mom= conf=0
[ALPHA_X13_BURST13] mode=OFF radar_adj=0 mom= conf=0
[BETA_X5] [1;36m17:29:22[0m [1;33mx5[0m [1;36m#541[0m SKIP tension=[1;36m0.00004302[0m [0m| momentum_too_small [1;31mconf=0.0001[0m
[ALPHA_X13_BURST13] [1;36m17:29:23[0m [1;32mx13[0m [1;36m#586[0m SKIP tension=[1;36m0.00004119[0m [0m| momentum_too_small [1;31mconf=0.0001[0m
[BETA_X5] mode=OFF radar_adj=0 mom= conf=0
[ALPHA_X13_BURST13] mode=OFF radar_adj=0 mom= conf=0
[BETA_X5] [1;36m17:29:30[0m [1;33mx5[0m [1;36m#542[0m SKIP tension=[1;36m0.00004122[0m [0m| momentum_too_small [1;31mconf=0.0001[0m
[ALPHA_X13_BURST13] [1;36m17:29:32[0m [1;32mx13[0m [1;36m#587[0m SKIP tension=[1;36m0.02205092[0m [0m| direction_unclear [1;31mconf=0.0343[0m
[BETA_X5] mode=OFF radar_adj=0 mom= conf=0
[ALPHA_X13_BURST13] mode=OFF radar_adj=0 mom= conf=0
[BETA_X5] [1;36m17:29:38[0m [1;33mx5[0m [1;36m#543[0m SKIP tension=[1;36m0.00067955[0m [0m| momentum_too_small [1;31mconf=0.001[0m
[ALPHA_X13_BURST13] [1;36m17:29:40[0m [1;32mx13[0m [1;36m#588[0m SKIP tension=[1;36m0.00004036[0m [0m| momentum_too_small [1;31mconf=0.0001[0m
[BETA_X5] mode=OFF radar_adj=0 mom= conf=0
[ALPHA_X13_BURST13] mode=OFF radar_adj=0 mom= conf=0
[BETA_X5] [1;36m17:29:46[0m [1;33mx5[0m [1;36m#544[0m SKIP tension=[1;36m0.00000000[0m [0m| momentum_too_small [1;31mconf=0.3264[0m
[ALPHA_X13_BURST13] [1;36m17:29:49[0m [1;32mx13[0m [1;36m#589[0m SKIP tension=[1;36m0.00001651[0m [0m| momentum_too_small [1;31mconf=0.0[0m
[BETA_X5] mode=OFF radar_adj=0 mom= conf=0
[ALPHA_X13_BURST13] mode=OFF radar_adj=0 mom= conf=0
[BETA_X5] [1;36m17:29:56[0m [1;33mx5[0m [1;36m#545[0m SKIP tension=[1;36m0.00006330[0m [0m| momentum_too_small [1;31mconf=0.0001[0m
[ALPHA_X13_BURST13] [1;36m17:29:57[0m [1;32mx13[0m [1;36m#590[0m SKIP tension=[1;36m0.00003578[0m [0m| momentum_too_small [1;31mconf=0.0001[0m
[BETA_X5] mode=OFF radar_adj=0 mom= conf=0
[ALPHA_X13_BURST13] mode=OFF radar_adj=0 mom= conf=0
[BETA_X5] [1;36m17:30:04[0m [1;33mx5[0m [1;36m#546[0m SKIP tension=[1;36m0.00004496[0m [0m| momentum_too_small [1;31mconf=0.0001[0m
[ALPHA_X13_BURST13] [1;36m17:30:06[0m [1;32mx13[0m [1;36m#591[0m SKIP tension=[1;36m0.00764498[0m [0m| direction_unclear [1;31mconf=0.0119[0m
[BETA_X5] mode=OFF radar_adj=0 mom= conf=0
[ALPHA_X13_BURST13] mode=OFF radar_adj=0 mom= conf=0
[BETA_X5] [1;36m17:30:12[0m [1;33mx5[0m [1;36m#547[0m SKIP tension=[1;36m0.00024063[0m [0m| momentum_too_small [1;31mconf=0.0004[0m
[BETA_X5] mode=OFF radar_adj=0 mom= conf=0
[ALPHA_X13_BURST13] [1;36m17:30:16[0m [1;32mx13[0m [1;36m#592[0m SKIP tension=[1;36m0.00004775[0m [0m| momentum_too_small [1;31mconf=0.0001[0m
[ALPHA_X13_BURST13] mode=OFF radar_adj=0 mom= conf=0
[BETA_X5] [1;36m17:30:21[0m [1;33mx5[0m [1;36m#548[0m SKIP tension=[1;36m0.00004224[0m [0m| momentum_too_small [1;31mconf=0.0001[0m
[BETA_X5] mode=OFF radar_adj=0 mom= conf=0
[ALPHA_X13_BURST13] [1;36m17:30:25[0m [1;32mx13[0m [1;36m#593[0m SKIP tension=[1;36m0.00018733[0m [0m| momentum_too_small [1;31mconf=0.0003[0m
[ALPHA_X13_BURST13] mode=OFF radar_adj=0 mom= conf=0
[BETA_X5] [1;36m17:30:29[0m [1;33mx5[0m [1;36m#549[0m SKIP tension=[1;36m0.00143070[0m [0m| momentum_too_small [1;31mconf=0.0022[0m
[BETA_X5] mode=OFF radar_adj=0 mom= conf=0
[ALPHA_X13_BURST13] [1;36m17:30:33[0m [1;32mx13[0m [1;36m#594[0m SKIP tension=[1;36m0.00002480[0m [0m| momentum_too_small [1;31mconf=0.0[0m
[ALPHA_X13_BURST13] mode=OFF radar_adj=0 mom= conf=0
[BETA_X5] [1;36m17:30:38[0m [1;33mx5[0m [1;36m#550[0m SKIP tension=[1;36m0.00003582[0m [0m| momentum_too_small [1;31mconf=0.0001[0m
[BETA_X5] mode=OFF radar_adj=0 mom= conf=0
[ALPHA_X13_BURST13] [1;36m17:30:42[0m [1;32mx13[0m [1;36m#595[0m SKIP tension=[1;36m0.00003582[0m [0m| momentum_too_small [1;31mconf=0.0001[0m
[ALPHA_X13_BURST13] mode=OFF radar_adj=0 mom= conf=0
[BETA_X5] [1;36m17:30:46[0m [1;33mx5[0m [1;36m#551[0m SKIP tension=[1;36m0.00341614[0m [0m| momentum_too_small [1;31mconf=0.0053[0m
[BETA_X5] mode=OFF radar_adj=0 mom= conf=0
[ALPHA_X13_BURST13] [1;36m17:30:50[0m [1;32mx13[0m [1;36m#596[0m SKIP tension=[1;36m0.00008875[0m [0m| momentum_too_small [1;31mconf=0.0001[0m
[ALPHA_X13_BURST13] mode=OFF radar_adj=0 mom= conf=0
[BETA_X5] [1;36m17:30:54[0m [1;33mx5[0m [1;36m#552[0m SKIP tension=[1;36m0.01416860[0m [0m| direction_unclear [1;31mconf=0.022[0m
[BETA_X5] mode=OFF radar_adj=0 mom= conf=0
[ALPHA_X13_BURST13] [1;36m17:30:59[0m [1;32mx13[0m [1;36m#597[0m SKIP tension=[1;36m0.00006996[0m [0m| momentum_too_small [1;31mconf=0.0001[0m
[ALPHA_X13_BURST13] mode=OFF radar_adj=0 mom= conf=0
[BETA_X5] [1;36m17:31:02[0m [1;33mx5[0m [1;36m#553[0m SKIP tension=[1;36m0.00005058[0m [0m| momentum_too_small [1;31mconf=0.0001[0m
[BETA_X5] mode=OFF radar_adj=0 mom= conf=0
[ALPHA_X13_BURST13] [1;36m17:31:08[0m [1;32mx13[0m [1;36m#598[0m SKIP tension=[1;36m0.00011334[0m [0m| momentum_too_small [1;31mconf=0.0002[0m
[BETA_X5] [1;36m17:31:10[0m [1;33mx5[0m [1;36m#554[0m SKIP tension=[1;36m0.00003317[0m [0m| momentum_too_small [1;31mconf=0.0001[0m
[ALPHA_X13_BURST13] mode=OFF radar_adj=0 mom= conf=0
[BETA_X5] mode=OFF radar_adj=0 mom= conf=0
[ALPHA_X13_BURST13] [1;36m17:31:17[0m [1;32mx13[0m [1;36m#599[0m SKIP tension=[1;36m0.00000000[0m [0m| momentum_too_small [1;31mconf=0.3264[0m
[BETA_X5] [1;36m17:31:19[0m [1;33mx5[0m [1;36m#555[0m SKIP tension=[1;36m0.00004055[0m [0m| momentum_too_small [1;31mconf=0.0001[0m
[ALPHA_X13_BURST13] mode=OFF radar_adj=0 mom= conf=0
[BETA_X5] mode=OFF radar_adj=0 mom= conf=0
[ALPHA_X13_BURST13] [1;36m17:31:26[0m [1;32mx13[0m [1;36m#600[0m SKIP tension=[1;36m0.00004789[0m [0m| momentum_too_small [1;31mconf=0.0001[0m
[BETA_X5] [1;36m17:31:27[0m [1;33mx5[0m [1;36m#556[0m SKIP tension=[1;36m0.00004236[0m [0m| momentum_too_small [1;31mconf=0.0001[0m
[ALPHA_X13_BURST13] mode=OFF radar_adj=0 mom= conf=0
[BETA_X5] mode=OFF radar_adj=0 mom= conf=0
[ALPHA_X13_BURST13] [1;36m17:31:34[0m [1;32mx13[0m [1;36m#601[0m SKIP tension=[1;36m0.00004605[0m [0m| momentum_too_small [1;31mconf=0.0001[0m
[BETA_X5] [1;36m17:31:36[0m [1;33mx5[0m [1;36m#557[0m SKIP tension=[1;36m0.00004144[0m [0m| momentum_too_small [1;31mconf=0.0001[0m
[ALPHA_X13_BURST13] mode=OFF radar_adj=0 mom= conf=0
[BETA_X5] mode=OFF radar_adj=0 mom= conf=0
[ALPHA_X13_BURST13] [1;36m17:31:43[0m [1;32mx13[0m [1;36m#602[0m SKIP tension=[1;36m0.00130819[0m [0m| momentum_too_small [1;31mconf=0.002[0m
[BETA_X5] [1;36m17:31:44[0m [1;33mx5[0m [1;36m#558[0m SKIP tension=[1;36m0.00067602[0m [0m| momentum_too_small [1;31mconf=0.0011[0m
[ALPHA_X13_BURST13] mode=OFF radar_adj=0 mom= conf=0
[BETA_X5] mode=OFF radar_adj=0 mom= conf=0
[ALPHA_X13_BURST13] [1;36m17:31:52[0m [1;32mx13[0m [1;36m#603[0m SKIP tension=[1;36m0.00007122[0m [0m| momentum_too_small [1;31mconf=0.0001[0m
[BETA_X5] [1;36m17:31:52[0m [1;33mx5[0m [1;36m#559[0m SKIP tension=[1;36m0.00007122[0m [0m| momentum_too_small [1;31mconf=0.0001[0m
[BETA_X5] mode=OFF radar_adj=0 mom= conf=0
[ALPHA_X13_BURST13] mode=OFF radar_adj=0 mom= conf=0
[BETA_X5] [1;36m17:32:01[0m [1;33mx5[0m [1;36m#560[0m SKIP tension=[1;36m0.00002003[0m [0m| momentum_too_small [1;31mconf=0.0[0m
[ALPHA_X13_BURST13] [1;36m17:32:01[0m [1;32mx13[0m [1;36m#604[0m SKIP tension=[1;36m0.00002003[0m [0m| momentum_too_small [1;31mconf=0.0[0m
[BETA_X5] mode=OFF radar_adj=0 mom= conf=0
[ALPHA_X13_BURST13] mode=OFF radar_adj=0 mom= conf=0
[ALPHA_X13_BURST13] [1;36m17:32:10[0m [1;32mx13[0m [1;36m#605[0m SKIP tension=[1;36m0.00000000[0m [0m| momentum_too_small [1;31mconf=0.3264[0m
[BETA_X5] [1;36m17:32:10[0m [1;33mx5[0m [1;36m#561[0m SKIP tension=[1;36m0.00000000[0m [0m| momentum_too_small [1;31mconf=0.3264[0m
[BETA_X5] mode=OFF radar_adj=0 mom= conf=0
[ALPHA_X13_BURST13] mode=OFF radar_adj=0 mom= conf=0
[BETA_X5] [1;36m17:32:19[0m [1;33mx5[0m [1;36m#562[0m SKIP tension=[1;36m0.00002082[0m [0m| momentum_too_small [1;31mconf=0.0[0m
[ALPHA_X13_BURST13] [1;36m17:32:20[0m [1;32mx13[0m [1;36m#606[0m SKIP tension=[1;36m0.00002226[0m [0m| momentum_too_small [1;31mconf=0.0[0m
[BETA_X5] mode=OFF radar_adj=0 mom= conf=0
[ALPHA_X13_BURST13] mode=OFF radar_adj=0 mom= conf=0
[BETA_X5] [1;36m17:32:28[0m [1;33mx5[0m [1;36m#563[0m SKIP tension=[1;36m0.00000000[0m [0m| momentum_too_small [1;31mconf=0.3264[0m
[ALPHA_X13_BURST13] [1;36m17:32:29[0m [1;32mx13[0m [1;36m#607[0m SKIP tension=[1;36m0.00062522[0m [0m| momentum_too_small [1;31mconf=0.001[0m
[BETA_X5] mode=OFF radar_adj=0 mom= conf=0
[ALPHA_X13_BURST13] mode=OFF radar_adj=0 mom= conf=0
[BETA_X5] [1;36m17:32:37[0m [1;33mx5[0m [1;36m#564[0m SKIP tension=[1;36m0.00022901[0m [0m| momentum_too_small [1;31mconf=0.0004[0m
[ALPHA_X13_BURST13] [1;36m17:32:38[0m [1;32mx13[0m [1;36m#608[0m SKIP tension=[1;36m0.00012798[0m [0m| momentum_too_small [1;31mconf=0.0002[0m
[BETA_X5] mode=OFF radar_adj=0 mom= conf=0
[ALPHA_X13_BURST13] mode=OFF radar_adj=0 mom= conf=0
[BETA_X5] [1;36m17:32:46[0m [1;33mx5[0m [1;36m#565[0m SKIP tension=[1;36m0.00012799[0m [0m| momentum_too_small [1;31mconf=0.0002[0m
[ALPHA_X13_BURST13] [1;36m17:32:47[0m [1;32mx13[0m [1;36m#609[0m SKIP tension=[1;36m0.00020841[0m [0m| momentum_too_small [1;31mconf=0.0003[0m
[BETA_X5] mode=OFF radar_adj=0 mom= conf=0
[ALPHA_X13_BURST13] mode=OFF radar_adj=0 mom= conf=0
[BETA_X5] [1;36m17:32:54[0m [1;33mx5[0m [1;36m#566[0m SKIP tension=[1;32m1.12761211[0m [0m| cold < 3.0 (vortex=OFF)
[ALPHA_X13_BURST13] [1;36m17:32:56[0m [1;32mx13[0m [1;36m#610[0m SKIP tension=[1;36m0.00000000[0m [0m| momentum_too_small [1;31mconf=0.3342[0m
[BETA_X5] mode=OFF radar_adj=0 mom= conf=0
[ALPHA_X13_BURST13] mode=OFF radar_adj=0 mom= conf=0
[BETA_X5] [1;36m17:33:03[0m [1;33mx5[0m [1;36m#567[0m SKIP tension=[1;36m0.00000000[0m [0m| momentum_too_small [1;31mconf=0.3311[0m
[BETA_X5] mode=OFF radar_adj=0 mom= conf=0
[ALPHA_X13_BURST13] [1;36m17:33:07[0m [1;32mx13[0m [1;36m#611[0m SKIP tension=[1;32m1.37717868[0m [0m| cold < 3.0 (vortex=OFF)
[ALPHA_X13_BURST13] mode=OFF radar_adj=0 mom= conf=0
[BETA_X5] [1;36m17:33:13[0m [1;33mx5[0m [1;36m#568[0m SKIP tension=[1;36m0.00000000[0m [0m| momentum_too_small [1;31mconf=0.3345[0m
[BETA_X5] mode=OFF radar_adj=0 mom= conf=0
[ALPHA_X13_BURST13] [1;36m17:33:17[0m [1;32mx13[0m [1;36m#612[0m SKIP tension=[1;36m0.00000000[0m [0m| momentum_too_small [1;31mconf=0.3311[0m
[ALPHA_X13_BURST13] mode=OFF radar_adj=0 mom= conf=0
[BETA_X5] [1;36m17:33:22[0m [1;33mx5[0m [1;36m#569[0m SKIP tension=[1;36m0.00000000[0m [0m| momentum_too_small [1;31mconf=0.3203[0m
[BETA_X5] mode=OFF radar_adj=0 mom= conf=0
[ALPHA_X13_BURST13] [1;36m17:33:26[0m [1;32mx13[0m [1;36m#613[0m SKIP tension=[1;36m0.00001055[0m [0m| momentum_too_small [1;31mconf=0.0[0m
[ALPHA_X13_BURST13] mode=OFF radar_adj=0 mom= conf=0
[BETA_X5] [1;36m17:33:31[0m [1;33mx5[0m [1;36m#570[0m SKIP tension=[1;36m0.00000000[0m [0m| momentum_too_small [1;31mconf=0.2917[0m
[BETA_X5] mode=OFF radar_adj=0 mom= conf=0
[ALPHA_X13_BURST13] [1;36m17:33:35[0m [1;32mx13[0m [1;36m#614[0m SKIP tension=[1;36m0.00000000[0m [0m| momentum_too_small [1;31mconf=0.2718[0m
[ALPHA_X13_BURST13] mode=OFF radar_adj=0 mom= conf=0
[BETA_X5] [1;36m17:33:40[0m [1;33mx5[0m [1;36m#571[0m SKIP tension=[1;36m0.00001270[0m [0m| momentum_too_small [1;31mconf=0.0[0m
[BETA_X5] mode=OFF radar_adj=0 mom= conf=0
[ALPHA_X13_BURST13] [1;36m17:33:44[0m [1;32mx13[0m [1;36m#615[0m SKIP tension=[1;36m0.00071762[0m [0m| momentum_too_small [1;31mconf=0.0009[0m
[ALPHA_X13_BURST13] mode=OFF radar_adj=0 mom= conf=0
[BETA_X5] [1;36m17:33:48[0m [1;33mx5[0m [1;36m#572[0m SKIP tension=[1;36m0.00001462[0m [0m| momentum_too_small [1;31mconf=0.0[0m
[BETA_X5] mode=OFF radar_adj=0 mom= conf=0
[ALPHA_X13_BURST13] [1;36m17:33:53[0m [1;32mx13[0m [1;36m#616[0m SKIP tension=[1;36m0.07817708[0m [0m| direction_unclear [1;31mconf=0.1009[0m
[ALPHA_X13_BURST13] mode=OFF radar_adj=0 mom= conf=0
[BETA_X5] [1;36m17:33:57[0m [1;33mx5[0m [1;36m#573[0m SKIP tension=[1;36m0.09244666[0m [0m| direction_unclear [1;31mconf=0.147[0m
[BETA_X5] mode=OFF radar_adj=0 mom= conf=0
[ALPHA_X13_BURST13] [1;36m17:34:02[0m [1;32mx13[0m [1;36m#617[0m SKIP tension=[1;32m1.70721433[0m [0m| cold < 3.0 (vortex=OFF)
[ALPHA_X13_BURST13] mode=OFF radar_adj=0 mom= conf=0
[ALPHA_X13_BURST13] [1;36m17:34:12[0m [1;32mx13[0m [1;36m#618[0m SKIP tension=[1;32m1.07960640[0m [0m| cold < 3.0 (vortex=OFF)
[ALPHA_X13_BURST13] mode=OFF radar_adj=0 mom= conf=0
[ALPHA_X13_BURST13] [1;33m17:34:23[0m [1;33mSTORM_HUNTER[0m arm | tension=3.65348619 th=2.5 dir=short age=1808
[ALPHA_X13_BURST13] [1;36m17:34:23[0m [1;32mx13[0m [1;36m#619[0m SKIP [1;33m| tension_stale age=1324ms>800ms (NUAGE)[0m
[ALPHA_X13_BURST13] mode=OFF radar_adj=0 mom= conf=0
[ALPHA_X13_BURST13] [1;36m17:34:33[0m [1;32mx13[0m [1;36m#620[0m SKIP tension=[1;36m0.00000534[0m [0m| momentum_too_small [1;31mconf=0.0[0m
[ALPHA_X13_BURST13] mode=OFF radar_adj=0 mom= conf=0
[ALPHA_X13_BURST13] [1;36m17:34:42[0m [1;32mx13[0m [1;36m#621[0m SKIP tension=[1;31m2.70444038[0m [0m| cold < 3.0 (vortex=OFF)
[BETA_X5] [1;36mCycle 574[0m [1;32mSOFT anomaly[0m [1;33m| pnl_abs=0.21052000 > 0.02500000[0m
[BETA_X5] [1;36mentry=17:34:10@64871.70000000[0m [1;33mx5[0m [1;36m#574[0m [1;32mSELL[0m tension=[1;31m3.26346161[0m hold=[1;36m33[0ms sec=[1;36m33[0m [0m| exit=64844.00000000 [1;32mconf=0.9374[0m [1;36mexit_time=17:34:43[0m [1;32mpnl=0.21052000 bps=4.26996672 pct=0.04269967% total=-1.16526[0m
[ALPHA_X13_BURST13] mode=OFF radar_adj=0 mom= conf=0
[BETA_X5] mode=OFF radar_adj=0 mom= conf=0
[ALPHA_X13_BURST13] [1;36m17:34:52[0m [1;32mx13[0m [1;36m#622[0m SKIP tension=[1;36m0.42176044[0m [0m| wall_not_collapsed
[BETA_X5] [1;36m17:34:54[0m [1;33mx5[0m [1;36m#575[0m SKIP tension=[1;36m0.00000560[0m [0m| momentum_too_small [1;31mconf=0.0[0m
[ALPHA_X13_BURST13] mode=OFF radar_adj=0 mom= conf=0
[BETA_X5] mode=OFF radar_adj=0 mom= conf=0
[ALPHA_X13_BURST13] [1;36m17:35:00[0m [1;32mx13[0m [1;36m#623[0m SKIP tension=[1;36m0.65125107[0m [0m| wall_not_collapsed
[BETA_X5] [1;36m17:35:02[0m [1;33mx5[0m [1;36m#576[0m SKIP tension=[1;36m0.00000000[0m [0m| momentum_too_small [1;31mconf=0.1774[0m
[ALPHA_X13_BURST13] mode=OFF radar_adj=0 mom= conf=0
[BETA_X5] mode=OFF radar_adj=0 mom= conf=0
[ALPHA_X13_BURST13] [1;36m17:35:09[0m [1;32mx13[0m [1;36m#624[0m SKIP tension=[1;36m0.00000000[0m [0m| momentum_too_small [1;31mconf=0.1804[0m
[BETA_X5] [1;36m17:35:10[0m [1;33mx5[0m [1;36m#577[0m SKIP tension=[1;36m0.63972524[0m [0m| wall_not_collapsed
[BETA_X5] mode=OFF radar_adj=0 mom= conf=0
[ALPHA_X13_BURST13] mode=OFF radar_adj=0 mom= conf=0
[BETA_X5] [1;36m17:35:19[0m [1;33mx5[0m [1;36m#578[0m SKIP tension=[1;36m0.13442600[0m [0m| direction_unclear [1;31mconf=0.2161[0m
[ALPHA_X13_BURST13] [1;36m17:35:19[0m [1;32mx13[0m [1;36m#625[0m SKIP tension=[1;36m0.13442600[0m [0m| direction_unclear [1;31mconf=0.2161[0m
[BETA_X5] mode=OFF radar_adj=0 mom= conf=0
[ALPHA_X13_BURST13] mode=OFF radar_adj=0 mom= conf=0
[BETA_X5] [1;36m17:35:27[0m [1;33mx5[0m [1;36m#579[0m SKIP tension=[1;36m0.00003867[0m [0m| momentum_too_small [1;31mconf=0.0001[0m
[ALPHA_X13_BURST13] [1;36m17:35:28[0m [1;32mx13[0m [1;36m#626[0m SKIP tension=[1;36m0.00000000[0m [0m| momentum_too_small [1;31mconf=0.3372[0m
[BETA_X5] mode=OFF radar_adj=0 mom= conf=0
[ALPHA_X13_BURST13] mode=OFF radar_adj=0 mom= conf=0
[BETA_X5] [1;36m17:35:36[0m [1;33mx5[0m [1;36m#580[0m SKIP tension=[1;36m0.00009538[0m [0m| momentum_too_small [1;31mconf=0.0002[0m
[ALPHA_X13_BURST13] [1;36m17:35:37[0m [1;32mx13[0m [1;36m#627[0m SKIP tension=[1;36m0.00000000[0m [0m| momentum_too_small [1;31mconf=0.346[0m
[BETA_X5] mode=OFF radar_adj=0 mom= conf=0
[ALPHA_X13_BURST13] mode=OFF radar_adj=0 mom= conf=0
[BETA_X5] [1;36m17:35:45[0m [1;33mx5[0m [1;36m#581[0m SKIP tension=[1;36m0.00000000[0m [0m| momentum_too_small [1;31mconf=0.346[0m
[ALPHA_X13_BURST13] [1;36m17:35:45[0m [1;32mx13[0m [1;36m#628[0m SKIP tension=[1;36m0.00000000[0m [0m| momentum_too_small [1;31mconf=0.346[0m
[BETA_X5] mode=OFF radar_adj=0 mom= conf=0
[ALPHA_X13_BURST13] mode=OFF radar_adj=0 mom= conf=0
[BETA_X5] [1;36m17:35:55[0m [1;33mx5[0m [1;36m#582[0m SKIP tension=[1;36m0.14819048[0m [0m| direction_unclear [1;31mconf=0.2439[0m
[ALPHA_X13_BURST13] [1;36m17:35:55[0m [1;32mx13[0m [1;36m#629[0m SKIP tension=[1;36m0.00264444[0m [0m| momentum_too_small [1;31mconf=0.0043[0m
[BETA_X5] mode=OFF radar_adj=0 mom= conf=0
[ALPHA_X13_BURST13] mode=OFF radar_adj=0 mom= conf=0
[BETA_X5] [1;36m17:36:03[0m [1;33mx5[0m [1;36m#583[0m SKIP tension=[1;36m0.34553752[0m [0m| wall_not_collapsed
[ALPHA_X13_BURST13] [1;36m17:36:04[0m [1;32mx13[0m [1;36m#630[0m SKIP tension=[1;36m0.00001210[0m [0m| momentum_too_small [1;31mconf=0.0[0m
[BETA_X5] mode=OFF radar_adj=0 mom= conf=0
[ALPHA_X13_BURST13] mode=OFF radar_adj=0 mom= conf=0
[BETA_X5] [1;36m17:36:12[0m [1;33mx5[0m [1;36m#584[0m SKIP tension=[1;36m0.00000000[0m [0m| momentum_too_small [1;31mconf=0.3352[0m
[ALPHA_X13_BURST13] [1;36m17:36:14[0m [1;32mx13[0m [1;36m#631[0m SKIP tension=[1;36m0.00000000[0m [0m| momentum_too_small [1;31mconf=0.3352[0m
[BETA_X5] mode=OFF radar_adj=0 mom= conf=0
[ALPHA_X13_BURST13] mode=OFF radar_adj=0 mom= conf=0
[BETA_X5] [1;36m17:36:21[0m [1;33mx5[0m [1;36m#585[0m SKIP tension=[1;36m0.22391077[0m [0m| wall_not_collapsed
[ALPHA_X13_BURST13] [1;36m17:36:23[0m [1;32mx13[0m [1;36m#632[0m SKIP tension=[1;32m1.41786975[0m [0m| cold < 3.0 (vortex=OFF)
[BETA_X5] mode=OFF radar_adj=0 mom= conf=0
[ALPHA_X13_BURST13] mode=OFF radar_adj=0 mom= conf=0
[BETA_X5] [1;36m17:36:30[0m [1;33mx5[0m [1;36m#586[0m SKIP tension=[1;36m0.00000596[0m [0m| momentum_too_small [1;31mconf=0.0[0m
[BETA_X5] mode=OFF radar_adj=0 mom= conf=0
[ALPHA_X13_BURST13] [1;36m17:36:33[0m [1;32mx13[0m [1;36m#633[0m SKIP tension=[1;36m0.00000000[0m [0m| momentum_too_small [1;31mconf=0.2967[0m
[ALPHA_X13_BURST13] mode=OFF radar_adj=0 mom= conf=0
[BETA_X5] [1;36m17:36:39[0m [1;33mx5[0m [1;36m#587[0m SKIP tension=[1;36m0.00000000[0m [0m| momentum_too_small [1;31mconf=0.3392[0m
[BETA_X5] mode=OFF radar_adj=0 mom= conf=0
[ALPHA_X13_BURST13] [1;36m17:36:42[0m [1;32mx13[0m [1;36m#634[0m SKIP tension=[1;36m0.44658744[0m [0m| wall_not_collapsed
[ALPHA_X13_BURST13] mode=OFF radar_adj=0 mom= conf=0
[BETA_X5] [1;36m17:36:50[0m [1;33mx5[0m [1;36m#588[0m SKIP tension=[1;36m0.00029403[0m [0m| momentum_too_small [1;31mconf=0.0003[0m
[BETA_X5] mode=OFF radar_adj=0 mom= conf=0
[ALPHA_X13_BURST13] [1;36m17:36:54[0m [1;32mx13[0m [1;36m#635[0m SKIP tension=[1;36m0.00000000[0m [0m| momentum_too_small [1;31mconf=0.2367[0m
[ALPHA_X13_BURST13] mode=OFF radar_adj=0 mom= conf=0
[BETA_X5] [1;36m17:36:59[0m [1;33mx5[0m [1;36m#589[0m SKIP tension=[1;36m0.00000597[0m [0m| momentum_too_small [1;31mconf=0.0[0m
[BETA_X5] mode=OFF radar_adj=0 mom= conf=0
[ALPHA_X13_BURST13] [1;36m17:37:03[0m [1;32mx13[0m [1;36m#636[0m SKIP tension=[1;36m0.00000000[0m [0m| momentum_too_small [1;31mconf=0.2175[0m
[ALPHA_X13_BURST13] mode=OFF radar_adj=0 mom= conf=0
[BETA_X5] [1;36m17:37:09[0m [1;33mx5[0m [1;36m#590[0m SKIP tension=[1;36m0.32051346[0m [0m| wall_not_collapsed
[BETA_X5] mode=OFF radar_adj=0 mom= conf=0
[ALPHA_X13_BURST13] [1;36m17:37:13[0m [1;32mx13[0m [1;36m#637[0m SKIP tension=[1;36m0.00000000[0m [0m| momentum_too_small [1;31mconf=0.2145[0m
[ALPHA_X13_BURST13] mode=OFF radar_adj=0 mom= conf=0
[BETA_X5] [1;36m17:37:18[0m [1;33mx5[0m [1;36m#591[0m SKIP tension=[1;36m0.00000000[0m [0m| momentum_too_small [1;31mconf=0.2141[0m
[BETA_X5] mode=OFF radar_adj=0 mom= conf=0
[ALPHA_X13_BURST13] [1;36m17:37:23[0m [1;32mx13[0m [1;36m#638[0m SKIP tension=[1;36m0.00000435[0m [0m| momentum_too_small [1;31mconf=0.0[0m
[ALPHA_X13_BURST13] mode=OFF radar_adj=0 mom= conf=0
[BETA_X5] [1;36m17:37:27[0m [1;33mx5[0m [1;36m#592[0m SKIP tension=[1;36m0.00000671[0m [0m| momentum_too_small [1;31mconf=0.0[0m
[BETA_X5] mode=OFF radar_adj=0 mom= conf=0
[ALPHA_X13_BURST13] [1;36m17:37:32[0m [1;32mx13[0m [1;36m#639[0m SKIP tension=[1;33m0.91862887[0m [0m| wall_not_collapsed
[ALPHA_X13_BURST13] mode=OFF radar_adj=0 mom= conf=0
[BETA_X5] [1;36m17:37:36[0m [1;33mx5[0m [1;36m#593[0m SKIP tension=[1;33m0.86519663[0m [0m| wall_not_collapsed
[BETA_X5] mode=OFF radar_adj=0 mom= conf=0
[ALPHA_X13_BURST13] [1;36m17:37:42[0m [1;32mx13[0m [1;36m#640[0m SKIP tension=[1;36m0.00000000[0m [0m| momentum_too_small [1;31mconf=0.198[0m
[BETA_X5] [1;36m17:37:45[0m [1;33mx5[0m [1;36m#594[0m SKIP tension=[1;36m0.27949695[0m [0m| wall_not_collapsed
[ALPHA_X13_BURST13] mode=OFF radar_adj=0 mom= conf=0
[BETA_X5] mode=OFF radar_adj=0 mom= conf=0
[ALPHA_X13_BURST13] [1;36m17:37:52[0m [1;32mx13[0m [1;36m#641[0m SKIP tension=[1;36m0.00000000[0m [0m| momentum_too_small [1;31mconf=0.2977[0m
[BETA_X5] [1;36m17:37:54[0m [1;33mx5[0m [1;36m#595[0m SKIP tension=[1;36m0.27951122[0m [0m| wall_not_collapsed
[ALPHA_X13_BURST13] mode=OFF radar_adj=0 mom= conf=0
[BETA_X5] mode=OFF radar_adj=0 mom= conf=0
[ALPHA_X13_BURST13] [1;36m17:38:02[0m [1;32mx13[0m [1;36m#642[0m SKIP tension=[1;36m0.00000000[0m [0m| momentum_too_small [1;31mconf=0.2934[0m
[BETA_X5] [1;36m17:38:03[0m [1;33mx5[0m [1;36m#596[0m SKIP tension=[1;36m0.00001303[0m [0m| momentum_too_small [1;31mconf=0.0[0m
[ALPHA_X13_BURST13] mode=OFF radar_adj=0 mom= conf=0
[BETA_X5] mode=OFF radar_adj=0 mom= conf=0
[ALPHA_X13_BURST13] [1;36m17:38:12[0m [1;32mx13[0m [1;36m#643[0m SKIP tension=[1;36m0.00001571[0m [0m| momentum_too_small [1;31mconf=0.0[0m
[BETA_X5] [1;36m17:38:14[0m [1;33mx5[0m [1;36m#597[0m SKIP tension=[1;36m0.21980235[0m [0m| wall_not_collapsed
[ALPHA_X13_BURST13] mode=OFF radar_adj=0 mom= conf=0
[BETA_X5] mode=OFF radar_adj=0 mom= conf=0
[ALPHA_X13_BURST13] [1;36m17:38:21[0m [1;32mx13[0m [1;36m#644[0m SKIP tension=[1;36m0.00000000[0m [0m| momentum_too_small [1;31mconf=0.3345[0m
[BETA_X5] [1;36m17:38:24[0m [1;33mx5[0m [1;36m#598[0m SKIP tension=[1;31m2.10859213[0m [0m| cold < 3.0 (vortex=OFF)
[ALPHA_X13_BURST13] mode=OFF radar_adj=0 mom= conf=0
[BETA_X5] mode=OFF radar_adj=0 mom= conf=0
[ALPHA_X13_BURST13] [1;36m17:38:31[0m [1;32mx13[0m [1;36m#645[0m SKIP tension=[1;32m1.53952158[0m [0m| cold < 3.0 (vortex=OFF)
[BETA_X5] [1;36m17:38:33[0m [1;33mx5[0m [1;36m#599[0m SKIP tension=[1;32m1.72481266[0m [0m| cold < 3.0 (vortex=OFF)
[ALPHA_X13_BURST13] mode=OFF radar_adj=0 mom= conf=0
[BETA_X5] mode=OFF radar_adj=0 mom= conf=0
[ALPHA_X13_BURST13] [1;36m17:38:41[0m [1;32mx13[0m [1;36m#646[0m SKIP tension=[1;36m0.00005414[0m [0m| spread_too_wide [1;31mconf=0.0[0m
[BETA_X5] [1;36m17:38:42[0m [1;33mx5[0m [1;36m#600[0m SKIP tension=[1;36m0.00000000[0m [0m| spread_too_wide [1;31mconf=0.0[0m
[ALPHA_X13_BURST13] mode=OFF radar_adj=0 mom= conf=0
[BETA_X5] mode=OFF radar_adj=0 mom= conf=0
[ALPHA_X13_BURST13] [1;36m17:38:50[0m [1;32mx13[0m [1;36m#647[0m SKIP tension=[1;36m0.00001257[0m [0m| momentum_too_small [1;31mconf=0.0[0m
[BETA_X5] [1;36m17:38:50[0m [1;33mx5[0m [1;36m#601[0m SKIP tension=[1;36m0.00000000[0m [0m| momentum_too_small [1;31mconf=0.1763[0m
[ALPHA_X13_BURST13] mode=OFF radar_adj=0 mom= conf=0
[BETA_X5] mode=OFF radar_adj=0 mom= conf=0
[BETA_X5] [1;36m17:38:59[0m [1;33mx5[0m [1;36m#602[0m SKIP tension=[1;36m0.01396583[0m [0m| spread_too_wide [1;31mconf=0.0116[0m
[ALPHA_X13_BURST13] [1;36m17:39:00[0m [1;32mx13[0m [1;36m#648[0m SKIP tension=[1;36m0.01396583[0m [0m| spread_too_wide [1;31mconf=0.0116[0m
[BETA_X5] mode=OFF radar_adj=0 mom= conf=0
[ALPHA_X13_BURST13] mode=OFF radar_adj=0 mom= conf=0
[BETA_X5] [1;36m17:39:08[0m [1;33mx5[0m [1;36m#603[0m SKIP tension=[1;36m0.00001169[0m [0m| spread_too_wide [1;31mconf=0.0[0m
[ALPHA_X13_BURST13] [1;36m17:39:09[0m [1;32mx13[0m [1;36m#649[0m SKIP tension=[1;36m0.00020060[0m [0m| spread_too_wide [1;31mconf=0.0002[0m
[BETA_X5] mode=OFF radar_adj=0 mom= conf=0
[ALPHA_X13_BURST13] mode=OFF radar_adj=0 mom= conf=0
[BETA_X5] [1;36m17:39:16[0m [1;33mx5[0m [1;36m#604[0m SKIP tension=[1;36m0.21937037[0m [0m| low_confidence [1;31mconf=0.2807[0m
[ALPHA_X13_BURST13] [1;36m17:39:19[0m [1;32mx13[0m [1;36m#650[0m SKIP tension=[1;36m0.21980552[0m [0m| spread_too_wide [1;31mconf=0.1832[0m
[BETA_X5] mode=OFF radar_adj=0 mom= conf=0
[ALPHA_X13_BURST13] mode=OFF radar_adj=0 mom= conf=0
[BETA_X5] [1;36m17:39:25[0m [1;33mx5[0m [1;36m#605[0m SKIP tension=[1;31m3.41996272[0m [0m| spread_too_wide [1;33mconf=0.5[0m
[ALPHA_X13_BURST13] [1;36m17:39:28[0m [1;32mx13[0m [1;36m#651[0m SKIP tension=[1;36m0.00000000[0m [0m| momentum_too_small [1;31mconf=0.2842[0m
[BETA_X5] mode=OFF radar_adj=0 mom= conf=0
[ALPHA_X13_BURST13] mode=OFF radar_adj=0 mom= conf=0
[ALPHA_X13_BURST13] [1;36m17:39:38[0m [1;32mx13[0m [1;36m#652[0m SKIP tension=[1;36m0.00000000[0m [0m| momentum_too_small [1;31mconf=0.2687[0m
[ALPHA_X13_BURST13] mode=OFF radar_adj=0 mom= conf=0
[ALPHA_X13_BURST13] [1;36m17:39:47[0m [1;32mx13[0m [1;36m#653[0m SKIP tension=[1;36m0.00000000[0m [0m| momentum_too_small [1;31mconf=0.2687[0m
[ALPHA_X13_BURST13] mode=OFF radar_adj=0 mom= conf=0
[ALPHA_X13_BURST13] [1;36m17:39:56[0m [1;32mx13[0m [1;36m#654[0m SKIP tension=[1;36m0.00000000[0m [0m| momentum_too_small [1;31mconf=0.2735[0m
[ALPHA_X13_BURST13] mode=OFF radar_adj=0 mom= conf=0
[ALPHA_X13_BURST13] [1;36m17:40:07[0m [1;32mx13[0m [1;36m#655[0m SKIP tension=[1;36m0.22294443[0m [0m| wall_not_collapsed
[ALPHA_X13_BURST13] mode=OFF radar_adj=0 mom= conf=0
[BETA_X5] shockwave beta->alpha until_cycle=616
[BETA_X5] [1;33mSWARM shockwave[0m [0m| beta -> neighbor (fluid_exit_inversion)[0m
[BETA_X5] [1;36mCycle 606[0m [1;32mSOFT anomaly[0m [1;33m| pnl_abs=0.09424000 > 0.02500000[0m
[BETA_X5] [1;36mentry=17:39:40@64830.60000000[0m [1;33mx5[0m [1;36m#606[0m [1;31mSELL[0m tension=[1;31m3.42069405[0m hold=[1;36m31[0ms sec=[1;36m31[0m [0m| exit=64843.00000000 [1;33mconf=0.7851[0m [1;36mexit_time=17:40:11[0m [1;31mpnl=-0.09424000 bps=-1.91267704 pct=-0.01912677% total=-1.2595[0m
[BETA_X5] mode=OFF radar_adj=0 mom= conf=0
[ALPHA_X13_BURST13] [1;36m17:40:16[0m [1;32mx13[0m [1;36m#656[0m SKIP tension=[1;36m0.00000000[0m [0m| momentum_too_small [1;31mconf=0.322[0m
[ALPHA_X13_BURST13] mode=OFF radar_adj=0 mom= conf=0
[BETA_X5] [1;36m17:40:22[0m [1;33mx5[0m [1;36m#607[0m SKIP tension=[1;36m0.00371329[0m [0m| momentum_too_small [1;31mconf=0.0048[0m
[BETA_X5] mode=OFF radar_adj=0 mom= conf=0
[ALPHA_X13_BURST13] [1;36m17:40:25[0m [1;32mx13[0m [1;36m#657[0m SKIP tension=[1;36m0.00000000[0m [0m| momentum_too_small [1;31mconf=0.269[0m
[ALPHA_X13_BURST13] mode=OFF radar_adj=0 mom= conf=0
[BETA_X5] [1;36m17:40:31[0m [1;33mx5[0m [1;36m#608[0m SKIP tension=[1;36m0.30288431[0m [0m| wall_not_collapsed
[BETA_X5] mode=OFF radar_adj=0 mom= conf=0
[ALPHA_X13_BURST13] [1;36m17:40:37[0m [1;32mx13[0m [1;36m#658[0m SKIP tension=[1;36m0.11696519[0m [0m| direction_unclear [1;31mconf=0.0102[0m
[BETA_X5] [1;36m17:40:40[0m [1;33mx5[0m [1;36m#609[0m SKIP tension=[1;36m0.00000000[0m [0m| momentum_too_small [1;31mconf=0.269[0m
[ALPHA_X13_BURST13] mode=OFF radar_adj=0 mom= conf=0
[BETA_X5] mode=OFF radar_adj=0 mom= conf=0
[ALPHA_X13_BURST13] [1;36m17:40:46[0m [1;32mx13[0m [1;36m#659[0m SKIP tension=[1;36m0.00000780[0m [0m| momentum_too_small [1;31mconf=0.0[0m
[BETA_X5] [1;36m17:40:49[0m [1;33mx5[0m [1;36m#610[0m SKIP tension=[1;36m0.00000000[0m [0m| momentum_too_small [1;31mconf=0.269[0m
[ALPHA_X13_BURST13] mode=OFF radar_adj=0 mom= conf=0
[BETA_X5] mode=OFF radar_adj=0 mom= conf=0
[ALPHA_X13_BURST13] [1;36m17:40:56[0m [1;32mx13[0m [1;36m#660[0m SKIP tension=[1;36m0.00004103[0m [0m| momentum_too_small [1;31mconf=0.0001[0m
[BETA_X5] [1;36m17:40:58[0m [1;33mx5[0m [1;36m#611[0m SKIP tension=[1;36m0.00005927[0m [0m| momentum_too_small [1;31mconf=0.0001[0m
[ALPHA_X13_BURST13] mode=OFF radar_adj=0 mom= conf=0
[BETA_X5] mode=OFF radar_adj=0 mom= conf=0
[ALPHA_X13_BURST13] [1;36m17:41:04[0m [1;32mx13[0m [1;36m#661[0m SKIP tension=[1;36m0.00052172[0m [0m| momentum_too_small [1;31mconf=0.0007[0m
[BETA_X5] [1;36m17:41:06[0m [1;33mx5[0m [1;36m#612[0m SKIP tension=[1;36m0.00029296[0m [0m| momentum_too_small [1;31mconf=0.0004[0m
[ALPHA_X13_BURST13] mode=OFF radar_adj=0 mom= conf=0
[BETA_X5] mode=OFF radar_adj=0 mom= conf=0
[ALPHA_X13_BURST13] [1;36m17:41:16[0m [1;32mx13[0m [1;36m#662[0m SKIP [1;33m| tension_stale age=7941ms>800ms (NUAGE)[0m
[BETA_X5] [1;36m17:41:16[0m [1;33mx5[0m [1;36m#613[0m SKIP tension=[1;36m0.43327699[0m [0m| wall_not_collapsed
[ALPHA_X13_BURST13] mode=OFF radar_adj=0 mom= conf=0
[BETA_X5] mode=OFF radar_adj=0 mom= conf=0
[ALPHA_X13_BURST13] [1;36m17:41:25[0m [1;32mx13[0m [1;36m#663[0m SKIP tension=[1;36m0.06651009[0m [0m| direction_unclear [1;31mconf=0.0852[0m
[BETA_X5] [1;36m17:41:26[0m [1;33mx5[0m [1;36m#614[0m SKIP tension=[1;36m0.00058943[0m [0m| momentum_too_small [1;31mconf=0.0008[0m
[ALPHA_X13_BURST13] mode=OFF radar_adj=0 mom= conf=0
[BETA_X5] mode=OFF radar_adj=0 mom= conf=0
[ALPHA_X13_BURST13] [1;36m17:41:33[0m [1;32mx13[0m [1;36m#664[0m SKIP tension=[1;36m0.00000000[0m [0m| momentum_too_small [1;31mconf=0.2822[0m
[BETA_X5] [1;36m17:41:34[0m [1;33mx5[0m [1;36m#615[0m SKIP tension=[1;36m0.00000000[0m [0m| momentum_too_small [1;31mconf=0.2822[0m
[ALPHA_X13_BURST13] mode=OFF radar_adj=0 mom= conf=0
[BETA_X5] mode=OFF radar_adj=0 mom= conf=0
[ALPHA_X13_BURST13] [1;36m17:41:42[0m [1;32mx13[0m [1;36m#665[0m SKIP tension=[1;36m0.00000000[0m [0m| momentum_too_small [1;31mconf=0.2917[0m
[BETA_X5] [1;36m17:41:42[0m [1;33mx5[0m [1;36m#616[0m SKIP tension=[1;36m0.00000000[0m [0m| momentum_too_small [1;31mconf=0.3237[0m
[BETA_X5] mode=OFF radar_adj=0 mom= conf=0
[ALPHA_X13_BURST13] mode=OFF radar_adj=0 mom= conf=0
[BETA_X5] [1;36m17:41:51[0m [1;33mx5[0m [1;36m#617[0m SKIP tension=[1;36m0.00000000[0m [0m| momentum_too_small [1;31mconf=0.3143[0m
[ALPHA_X13_BURST13] [1;36m17:41:51[0m [1;32mx13[0m [1;36m#666[0m SKIP tension=[1;36m0.00000000[0m [0m| momentum_too_small [1;31mconf=0.3143[0m
[BETA_X5] mode=OFF radar_adj=0 mom= conf=0
[ALPHA_X13_BURST13] mode=OFF radar_adj=0 mom= conf=0
[BETA_X5] [1;36m17:41:59[0m [1;33mx5[0m [1;36m#618[0m SKIP tension=[1;36m0.00000465[0m [0m| momentum_too_small [1;31mconf=0.0[0m
[ALPHA_X13_BURST13] [1;36m17:42:00[0m [1;32mx13[0m [1;36m#667[0m SKIP tension=[1;36m0.00000000[0m [0m| spread_too_wide [1;31mconf=0.0[0m
[BETA_X5] mode=OFF radar_adj=0 mom= conf=0
[ALPHA_X13_BURST13] mode=OFF radar_adj=0 mom= conf=0
[BETA_X5] [1;36m17:42:08[0m [1;33mx5[0m [1;36m#619[0m SKIP tension=[1;36m0.00014451[0m [0m| spread_too_wide [1;31mconf=0.0001[0m
[ALPHA_X13_BURST13] [1;36m17:42:11[0m [1;32mx13[0m [1;36m#668[0m SKIP tension=[1;36m0.00000744[0m [0m| spread_too_wide [1;31mconf=0.0[0m
[BETA_X5] mode=OFF radar_adj=0 mom= conf=0
[ALPHA_X13_BURST13] mode=OFF radar_adj=0 mom= conf=0
[BETA_X5] [1;36m17:42:17[0m [1;33mx5[0m [1;36m#620[0m SKIP tension=[1;36m0.00006978[0m [0m| momentum_too_small [1;31mconf=0.0001[0m
[BETA_X5] mode=OFF radar_adj=0 mom= conf=0
[ALPHA_X13_BURST13] [1;36m17:42:20[0m [1;32mx13[0m [1;36m#669[0m SKIP tension=[1;36m0.00015504[0m [0m| momentum_too_small [1;31mconf=0.0001[0m
[ALPHA_X13_BURST13] mode=OFF radar_adj=0 mom= conf=0
[BETA_X5] [1;36m17:42:25[0m [1;33mx5[0m [1;36m#621[0m SKIP tension=[1;36m0.00002512[0m [0m| momentum_too_small [1;31mconf=0.0[0m
[BETA_X5] mode=OFF radar_adj=0 mom= conf=0
[ALPHA_X13_BURST13] [1;36m17:42:29[0m [1;32mx13[0m [1;36m#670[0m SKIP [1;33m| tension_stale age=1907ms>800ms (NUAGE)[0m
[ALPHA_X13_BURST13] mode=OFF radar_adj=0 mom= conf=0
[BETA_X5] [1;36m17:42:34[0m [1;33mx5[0m [1;36m#622[0m SKIP tension=[1;36m0.00000372[0m [0m| momentum_too_small [1;31mconf=0.0[0m
[BETA_X5] mode=OFF radar_adj=0 mom= conf=0
[ALPHA_X13_BURST13] [1;36m17:42:38[0m [1;32mx13[0m [1;36m#671[0m SKIP tension=[1;36m0.00004978[0m [0m| momentum_too_small [1;31mconf=0.0001[0m
[ALPHA_X13_BURST13] mode=OFF radar_adj=0 mom= conf=0
[BETA_X5] [1;36m17:42:43[0m [1;33mx5[0m [1;36m#623[0m SKIP tension=[1;36m0.00002173[0m [0m| momentum_too_small [1;31mconf=0.0[0m
[BETA_X5] mode=OFF radar_adj=0 mom= conf=0
[ALPHA_X13_BURST13] [1;36m17:42:47[0m [1;32mx13[0m [1;36m#672[0m SKIP tension=[1;36m0.00000465[0m [0m| momentum_too_small [1;31mconf=0.0[0m
[ALPHA_X13_BURST13] mode=OFF radar_adj=0 mom= conf=0
[BETA_X5] [1;36m17:42:51[0m [1;33mx5[0m [1;36m#624[0m SKIP tension=[1;36m0.00000465[0m [0m| momentum_too_small [1;31mconf=0.0[0m
[BETA_X5] mode=OFF radar_adj=0 mom= conf=0
[ALPHA_X13_BURST13] [1;36m17:42:57[0m [1;32mx13[0m [1;36m#673[0m SKIP tension=[1;36m0.00000745[0m [0m| momentum_too_small [1;31mconf=0.0[0m
[ALPHA_X13_BURST13] mode=OFF radar_adj=0 mom= conf=0
[BETA_X5] [1;36m17:43:01[0m [1;33mx5[0m [1;36m#625[0m SKIP tension=[1;36m0.00002746[0m [0m| momentum_too_small [1;31mconf=0.0[0m
[BETA_X5] mode=OFF radar_adj=0 mom= conf=0
[ALPHA_X13_BURST13] [1;36m17:43:07[0m [1;32mx13[0m [1;36m#674[0m SKIP tension=[1;36m0.00000791[0m [0m| momentum_too_small [1;31mconf=0.0[0m
[BETA_X5] [1;36m17:43:10[0m [1;33mx5[0m [1;36m#626[0m SKIP tension=[1;36m0.22302732[0m [0m| low_confidence [1;31mconf=0.2976[0m
[ALPHA_X13_BURST13] mode=OFF radar_adj=0 mom= conf=0
[BETA_X5] mode=OFF radar_adj=0 mom= conf=0
[ALPHA_X13_BURST13] [1;36m17:43:16[0m [1;32mx13[0m [1;36m#675[0m SKIP tension=[1;36m0.00000000[0m [0m| momentum_too_small [1;31mconf=0.2802[0m
[BETA_X5] [1;36m17:43:19[0m [1;33mx5[0m [1;36m#627[0m SKIP tension=[1;36m0.00006330[0m [0m| momentum_too_small [1;31mconf=0.0001[0m
[ALPHA_X13_BURST13] mode=OFF radar_adj=0 mom= conf=0
[BETA_X5] mode=OFF radar_adj=0 mom= conf=0
[ALPHA_X13_BURST13] [1;36m17:43:26[0m [1;32mx13[0m [1;36m#676[0m SKIP tension=[1;36m0.00001811[0m [0m| momentum_too_small [1;31mconf=0.0[0m
[BETA_X5] [1;36m17:43:28[0m [1;33mx5[0m [1;36m#628[0m SKIP tension=[1;31m3.62103872[0m [0m| tactic short vs long
[ALPHA_X13_BURST13] mode=OFF radar_adj=0 mom= conf=0
[BETA_X5] mode=OFF radar_adj=0 mom= conf=0
[ALPHA_X13_BURST13] [1;36m17:43:36[0m [1;32mx13[0m [1;36m#677[0m SKIP tension=[1;36m0.00005803[0m [0m| spread_too_wide [1;31mconf=0.0[0m
[BETA_X5] [1;36m17:43:37[0m [1;33mx5[0m [1;36m#629[0m SKIP tension=[1;36m0.00000000[0m [0m| momentum_too_small [1;31mconf=0.3055[0m
[ALPHA_X13_BURST13] mode=OFF radar_adj=0 mom= conf=0
[BETA_X5] mode=OFF radar_adj=0 mom= conf=0
[ALPHA_X13_BURST13] [1;36m17:43:45[0m [1;32mx13[0m [1;36m#678[0m SKIP tension=[1;36m0.00018619[0m [0m| momentum_too_small [1;31mconf=0.0003[0m
[BETA_X5] [1;36m17:43:46[0m [1;33mx5[0m [1;36m#630[0m SKIP tension=[1;36m0.00361925[0m [0m| momentum_too_small [1;31mconf=0.006[0m
[ALPHA_X13_BURST13] mode=OFF radar_adj=0 mom= conf=0
[BETA_X5] mode=OFF radar_adj=0 mom= conf=0
[BETA_X5] [1;36m17:43:55[0m [1;33mx5[0m [1;36m#631[0m SKIP tension=[1;36m0.00004080[0m [0m| momentum_too_small [1;31mconf=0.0001[0m
[ALPHA_X13_BURST13] [1;36m17:43:55[0m [1;32mx13[0m [1;36m#679[0m SKIP tension=[1;36m0.00003338[0m [0m| momentum_too_small [1;31mconf=0.0001[0m
[BETA_X5] mode=OFF radar_adj=0 mom= conf=0
[ALPHA_X13_BURST13] mode=OFF radar_adj=0 mom= conf=0
[BETA_X5] [1;36m17:44:04[0m [1;33mx5[0m [1;36m#632[0m SKIP tension=[1;36m0.00005193[0m [0m| momentum_too_small [1;31mconf=0.0001[0m
[ALPHA_X13_BURST13] [1;36m17:44:05[0m [1;32mx13[0m [1;36m#680[0m SKIP tension=[1;36m0.00005935[0m [0m| momentum_too_small [1;31mconf=0.0001[0m
[BETA_X5] mode=OFF radar_adj=0 mom= conf=0
[ALPHA_X13_BURST13] mode=OFF radar_adj=0 mom= conf=0
[BETA_X5] [1;36m17:44:12[0m [1;33mx5[0m [1;36m#633[0m SKIP tension=[1;36m0.00002127[0m [0m| momentum_too_small [1;31mconf=0.0[0m
[ALPHA_X13_BURST13] [1;36m17:44:13[0m [1;32mx13[0m [1;36m#681[0m SKIP tension=[1;36m0.00210867[0m [0m| momentum_too_small [1;31mconf=0.0035[0m
[BETA_X5] mode=OFF radar_adj=0 mom= conf=0
[ALPHA_X13_BURST13] mode=OFF radar_adj=0 mom= conf=0
[BETA_X5] [1;36m17:44:20[0m [1;33mx5[0m [1;36m#634[0m SKIP tension=[1;36m0.00000000[0m [0m| momentum_too_small [1;31mconf=0.349[0m
[ALPHA_X13_BURST13] [1;36m17:44:23[0m [1;32mx13[0m [1;36m#682[0m SKIP tension=[1;36m0.00007057[0m [0m| momentum_too_small [1;31mconf=0.0001[0m
[BETA_X5] mode=OFF radar_adj=0 mom= conf=0
[ALPHA_X13_BURST13] mode=OFF radar_adj=0 mom= conf=0
[BETA_X5] [1;36m17:44:30[0m [1;33mx5[0m [1;36m#635[0m SKIP tension=[1;36m0.00000000[0m [0m| momentum_too_small [1;31mconf=0.349[0m
[ALPHA_X13_BURST13] [1;36m17:44:32[0m [1;32mx13[0m [1;36m#683[0m SKIP tension=[1;36m0.00000000[0m [0m| momentum_too_small [1;31mconf=0.349[0m
[BETA_X5] mode=OFF radar_adj=0 mom= conf=0
[ALPHA_X13_BURST13] mode=OFF radar_adj=0 mom= conf=0
[BETA_X5] [1;36m17:44:38[0m [1;33mx5[0m [1;36m#636[0m SKIP tension=[1;32m1.86688936[0m [0m| cold < 3.0 (vortex=OFF)
[BETA_X5] mode=OFF radar_adj=0 mom= conf=0
[ALPHA_X13_BURST13] [1;36m17:44:41[0m [1;32mx13[0m [1;36m#684[0m SKIP tension=[1;36m0.58242813[0m [0m| wall_not_collapsed
[ALPHA_X13_BURST13] mode=OFF radar_adj=0 mom= conf=0
[BETA_X5] [1;36m17:44:47[0m [1;33mx5[0m [1;36m#637[0m SKIP tension=[1;36m0.00000000[0m [0m| momentum_too_small [1;31mconf=0.349[0m
[BETA_X5] mode=OFF radar_adj=0 mom= conf=0
[ALPHA_X13_BURST13] [1;36m17:44:50[0m [1;32mx13[0m [1;36m#685[0m SKIP tension=[1;36m0.00315353[0m [0m| momentum_too_small [1;31mconf=0.0052[0m
[ALPHA_X13_BURST13] mode=OFF radar_adj=0 mom= conf=0
[BETA_X5] [1;36m17:44:56[0m [1;33mx5[0m [1;36m#638[0m SKIP tension=[1;32m1.73925264[0m [0m| cold < 3.0 (vortex=OFF)
[BETA_X5] mode=OFF radar_adj=0 mom= conf=0
[ALPHA_X13_BURST13] [1;36m17:45:00[0m [1;32mx13[0m [1;36m#686[0m SKIP tension=[1;32m1.11757325[0m [0m| cold < 3.0 (vortex=OFF)
[ALPHA_X13_BURST13] mode=OFF radar_adj=0 mom= conf=0
[BETA_X5] [1;36m17:45:06[0m [1;33mx5[0m [1;36m#639[0m SKIP tension=[1;32m1.93860772[0m [0m| cold < 3.0 (vortex=OFF)
[BETA_X5] mode=OFF radar_adj=0 mom= conf=0
[ALPHA_X13_BURST13] [1;36m17:45:10[0m [1;32mx13[0m [1;36m#687[0m SKIP tension=[1;31m2.97434438[0m [0m| cold < 3.0 (vortex=OFF)
[ALPHA_X13_BURST13] mode=OFF radar_adj=0 mom= conf=0
[BETA_X5] [1;36m17:45:15[0m [1;33mx5[0m [1;36m#640[0m SKIP tension=[1;36m0.75139746[0m [0m| wall_not_collapsed
[BETA_X5] mode=OFF radar_adj=0 mom= conf=0
[ALPHA_X13_BURST13] [1;36m17:45:19[0m [1;32mx13[0m [1;36m#688[0m SKIP tension=[1;36m0.00000000[0m [0m| momentum_too_small [1;31mconf=0.349[0m
[ALPHA_X13_BURST13] mode=OFF radar_adj=0 mom= conf=0
[BETA_X5] [1;36m17:45:23[0m [1;33mx5[0m [1;36m#641[0m SKIP tension=[1;36m0.00010590[0m [0m| momentum_too_small [1;31mconf=0.0002[0m
[BETA_X5] mode=OFF radar_adj=0 mom= conf=0
[ALPHA_X13_BURST13] [1;36m17:45:30[0m [1;32mx13[0m [1;36m#689[0m SKIP tension=[1;31m2.44286587[0m [0m| cold < 3.0 (vortex=OFF)
[BETA_X5] [1;36m17:45:32[0m [1;33mx5[0m [1;36m#642[0m SKIP tension=[1;36m0.01153457[0m [0m| direction_unclear [1;31mconf=0.0192[0m
[ALPHA_X13_BURST13] mode=OFF radar_adj=0 mom= conf=0
[BETA_X5] mode=OFF radar_adj=0 mom= conf=0
[ALPHA_X13_BURST13] [1;36m17:45:38[0m [1;32mx13[0m [1;36m#690[0m SKIP tension=[1;36m0.00003818[0m [0m| momentum_too_small [1;31mconf=0.0001[0m
[BETA_X5] [1;36m17:45:41[0m [1;33mx5[0m [1;36m#643[0m SKIP tension=[1;36m0.72406336[0m [0m| wall_not_collapsed
[ALPHA_X13_BURST13] mode=OFF radar_adj=0 mom= conf=0
[BETA_X5] mode=OFF radar_adj=0 mom= conf=0
[ALPHA_X13_BURST13] [1;36m17:45:47[0m [1;32mx13[0m [1;36m#691[0m SKIP tension=[1;36m0.32819944[0m [0m| wall_not_collapsed
[BETA_X5] [1;36m17:45:49[0m [1;33mx5[0m [1;36m#644[0m SKIP tension=[1;36m0.00000000[0m [0m| momentum_too_small [1;31mconf=0.3483[0m
[ALPHA_X13_BURST13] mode=OFF radar_adj=0 mom= conf=0
[BETA_X5] mode=OFF radar_adj=0 mom= conf=0
[ALPHA_X13_BURST13] [1;36m17:45:57[0m [1;32mx13[0m [1;36m#692[0m SKIP tension=[1;36m0.00000000[0m [0m| momentum_too_small [1;31mconf=0.3483[0m
[BETA_X5] [1;36m17:45:57[0m [1;33mx5[0m [1;36m#645[0m SKIP tension=[1;36m0.00000000[0m [0m| momentum_too_small [1;31mconf=0.3483[0m
[ALPHA_X13_BURST13] mode=OFF radar_adj=0 mom= conf=0
[BETA_X5] mode=OFF radar_adj=0 mom= conf=0
[BETA_X5] [1;36m17:46:06[0m [1;33mx5[0m [1;36m#646[0m SKIP tension=[1;36m0.00000000[0m [0m| momentum_too_small [1;31mconf=0.3483[0m
[ALPHA_X13_BURST13] [1;36m17:46:06[0m [1;32mx13[0m [1;36m#693[0m SKIP tension=[1;36m0.00000000[0m [0m| momentum_too_small [1;31mconf=0.3483[0m
[BETA_X5] mode=OFF radar_adj=0 mom= conf=0
[ALPHA_X13_BURST13] mode=OFF radar_adj=0 mom= conf=0
[BETA_X5] [1;36m17:46:14[0m [1;33mx5[0m [1;36m#647[0m SKIP tension=[1;36m0.00076378[0m [0m| momentum_too_small [1;31mconf=0.0013[0m
[ALPHA_X13_BURST13] [1;36m17:46:14[0m [1;32mx13[0m [1;36m#694[0m SKIP tension=[1;36m0.00075940[0m [0m| momentum_too_small [1;31mconf=0.0013[0m
[BETA_X5] mode=OFF radar_adj=0 mom= conf=0
[ALPHA_X13_BURST13] mode=OFF radar_adj=0 mom= conf=0
[BETA_X5] [1;36m17:46:23[0m [1;33mx5[0m [1;36m#648[0m SKIP tension=[1;36m0.00001586[0m [0m| momentum_too_small [1;31mconf=0.0[0m
[ALPHA_X13_BURST13] [1;36m17:46:23[0m [1;32mx13[0m [1;36m#695[0m SKIP tension=[1;36m0.00000000[0m [0m| momentum_too_small [1;31mconf=0.3483[0m
[BETA_X5] mode=OFF radar_adj=0 mom= conf=0
[ALPHA_X13_BURST13] mode=OFF radar_adj=0 mom= conf=0
[BETA_X5] [1;36m17:46:31[0m [1;33mx5[0m [1;36m#649[0m SKIP tension=[1;36m0.00000000[0m [0m| momentum_too_small [1;31mconf=0.3483[0m
[ALPHA_X13_BURST13] [1;36m17:46:32[0m [1;32mx13[0m [1;36m#696[0m SKIP tension=[1;36m0.00000000[0m [0m| momentum_too_small [1;31mconf=0.3483[0m
[BETA_X5] mode=OFF radar_adj=0 mom= conf=0
[ALPHA_X13_BURST13] mode=OFF radar_adj=0 mom= conf=0
[BETA_X5] [1;36m17:46:41[0m [1;33mx5[0m [1;36m#650[0m SKIP tension=[1;32m1.69319668[0m [0m| cold < 3.0 (vortex=OFF)
[ALPHA_X13_BURST13] [1;36m17:46:42[0m [1;32mx13[0m [1;36m#697[0m SKIP tension=[1;36m0.00000000[0m [0m| momentum_too_small [1;31mconf=0.3483[0m
[BETA_X5] mode=OFF radar_adj=0 mom= conf=0
[ALPHA_X13_BURST13] mode=OFF radar_adj=0 mom= conf=0
[BETA_X5] [1;36m17:46:49[0m [1;33mx5[0m [1;36m#651[0m SKIP tension=[1;36m0.00000000[0m [0m| momentum_too_small [1;31mconf=0.2581[0m
[ALPHA_X13_BURST13] [1;36m17:46:51[0m [1;32mx13[0m [1;36m#698[0m SKIP tension=[1;36m0.00000000[0m [0m| momentum_too_small [1;31mconf=0.257[0m
[BETA_X5] mode=OFF radar_adj=0 mom= conf=0
[ALPHA_X13_BURST13] mode=OFF radar_adj=0 mom= conf=0
[BETA_X5] [1;36m17:46:58[0m [1;33mx5[0m [1;36m#652[0m SKIP tension=[1;36m0.00000000[0m [0m| momentum_too_small [1;31mconf=0.3487[0m
[ALPHA_X13_BURST13] [1;36m17:46:59[0m [1;32mx13[0m [1;36m#699[0m SKIP tension=[1;36m0.00000382[0m [0m| momentum_too_small [1;31mconf=0.0[0m
[BETA_X5] mode=OFF radar_adj=0 mom= conf=0
[ALPHA_X13_BURST13] mode=OFF radar_adj=0 mom= conf=0
[BETA_X5] [1;36m17:47:07[0m [1;33mx5[0m [1;36m#653[0m SKIP tension=[1;36m0.46937411[0m [0m| wall_not_collapsed
[ALPHA_X13_BURST13] [1;36m17:47:08[0m [1;32mx13[0m [1;36m#700[0m SKIP tension=[1;32m1.51694213[0m [0m| cold < 3.0 (vortex=OFF)
[BETA_X5] mode=OFF radar_adj=0 mom= conf=0
[ALPHA_X13_BURST13] mode=OFF radar_adj=0 mom= conf=0
[BETA_X5] [1;36m17:47:15[0m [1;33mx5[0m [1;36m#654[0m SKIP tension=[1;32m1.42102262[0m [0m| cold < 3.0 (vortex=OFF)
[ALPHA_X13_BURST13] [1;36m17:47:18[0m [1;32mx13[0m [1;36m#701[0m SKIP tension=[1;32m1.18283379[0m [0m| cold < 3.0 (vortex=OFF)
[BETA_X5] mode=OFF radar_adj=0 mom= conf=0
[ALPHA_X13_BURST13] mode=OFF radar_adj=0 mom= conf=0
[BETA_X5] [1;36m17:47:24[0m [1;33mx5[0m [1;36m#655[0m SKIP tension=[1;36m0.00000000[0m [0m| momentum_too_small [1;31mconf=0.257[0m
[BETA_X5] mode=OFF radar_adj=0 mom= conf=0
[ALPHA_X13_BURST13] [1;36m17:47:26[0m [1;32mx13[0m [1;36m#702[0m SKIP tension=[1;36m0.00000481[0m [0m| momentum_too_small [1;31mconf=0.0[0m
[ALPHA_X13_BURST13] mode=OFF radar_adj=0 mom= conf=0
[BETA_X5] [1;36m17:47:32[0m [1;33mx5[0m [1;36m#656[0m SKIP tension=[1;32m1.35313604[0m [0m| cold < 3.0 (vortex=OFF)
[BETA_X5] mode=OFF radar_adj=0 mom= conf=0
[ALPHA_X13_BURST13] [1;36m17:47:36[0m [1;32mx13[0m [1;36m#703[0m SKIP [1;33m| tension_stale age=1978ms>800ms (NUAGE)[0m
[ALPHA_X13_BURST13] mode=OFF radar_adj=0 mom= conf=0
[BETA_X5] [1;36m17:47:41[0m [1;33mx5[0m [1;36m#657[0m SKIP tension=[1;36m0.83634583[0m [0m| wall_not_collapsed
[BETA_X5] mode=OFF radar_adj=0 mom= conf=0
[ALPHA_X13_BURST13] [1;36m17:47:45[0m [1;32mx13[0m [1;36m#704[0m SKIP tension=[1;36m0.63922840[0m [0m| wall_not_collapsed
[ALPHA_X13_BURST13] mode=OFF radar_adj=0 mom= conf=0
[BETA_X5] [1;36m17:47:50[0m [1;33mx5[0m [1;36m#658[0m SKIP tension=[1;31m2.33252507[0m [0m| cold < 3.0 (vortex=OFF)
[BETA_X5] mode=OFF radar_adj=0 mom= conf=0
[ALPHA_X13_BURST13] [1;36m17:47:54[0m [1;32mx13[0m [1;36m#705[0m SKIP tension=[1;36m0.00004207[0m [0m| momentum_too_small [1;31mconf=0.0001[0m
[ALPHA_X13_BURST13] mode=OFF radar_adj=0 mom= conf=0
[BETA_X5] [1;36m17:47:58[0m [1;33mx5[0m [1;36m#659[0m SKIP tension=[1;36m0.00011546[0m [0m| momentum_too_small [1;31mconf=0.0001[0m
[BETA_X5] mode=OFF radar_adj=0 mom= conf=0
[ALPHA_X13_BURST13] [1;36m17:48:04[0m [1;32mx13[0m [1;36m#706[0m SKIP tension=[1;36m0.00000000[0m [0m| momentum_too_small [1;31mconf=0.2506[0m
[ALPHA_X13_BURST13] mode=OFF radar_adj=0 mom= conf=0
[BETA_X5] [1;36m17:48:09[0m [1;33mx5[0m [1;36m#660[0m SKIP tension=[1;36m0.00001034[0m [0m| momentum_too_small [1;31mconf=0.0[0m
[BETA_X5] mode=OFF radar_adj=0 mom= conf=0
[ALPHA_X13_BURST13] [1;36m17:48:13[0m [1;32mx13[0m [1;36m#707[0m SKIP tension=[1;36m0.75437551[0m [0m| wall_not_collapsed
[ALPHA_X13_BURST13] mode=OFF radar_adj=0 mom= conf=0
[BETA_X5] [1;36m17:48:18[0m [1;33mx5[0m [1;36m#661[0m SKIP tension=[1;36m0.40665345[0m [0m| wall_not_collapsed
[BETA_X5] mode=OFF radar_adj=0 mom= conf=0
[ALPHA_X13_BURST13] [1;36m17:48:25[0m [1;32mx13[0m [1;36m#708[0m SKIP tension=[1;31m2.50385296[0m [0m| cold < 3.0 (vortex=OFF)
[BETA_X5] [1;36m17:48:27[0m [1;33mx5[0m [1;36m#662[0m SKIP tension=[1;36m0.49541888[0m [0m| wall_not_collapsed
[ALPHA_X13_BURST13] mode=OFF radar_adj=0 mom= conf=0
[BETA_X5] mode=OFF radar_adj=0 mom= conf=0
[ALPHA_X13_BURST13] [1;36m17:48:35[0m [1;32mx13[0m [1;36m#709[0m SKIP tension=[1;36m0.00000000[0m [0m| momentum_too_small [1;31mconf=0.2442[0m
[BETA_X5] [1;36m17:48:35[0m [1;33mx5[0m [1;36m#663[0m SKIP tension=[1;36m0.00000000[0m [0m| momentum_too_small [1;31mconf=0.2442[0m
[ALPHA_X13_BURST13] mode=OFF radar_adj=0 mom= conf=0
[BETA_X5] mode=OFF radar_adj=0 mom= conf=0
[ALPHA_X13_BURST13] [1;36m17:48:44[0m [1;32mx13[0m [1;36m#710[0m SKIP tension=[1;36m0.00000000[0m [0m| momentum_too_small [1;31mconf=0.2378[0m
[BETA_X5] [1;36m17:48:44[0m [1;33mx5[0m [1;36m#664[0m SKIP tension=[1;36m0.00011386[0m [0m| momentum_too_small [1;31mconf=0.0001[0m
[ALPHA_X13_BURST13] mode=OFF radar_adj=0 mom= conf=0
[BETA_X5] mode=OFF radar_adj=0 mom= conf=0
[BETA_X5] [1;36m17:48:53[0m [1;33mx5[0m [1;36m#665[0m SKIP tension=[1;36m0.00000876[0m [0m| momentum_too_small [1;31mconf=0.0[0m
[ALPHA_X13_BURST13] [1;36m17:48:53[0m [1;32mx13[0m [1;36m#711[0m SKIP tension=[1;36m0.00000876[0m [0m| momentum_too_small [1;31mconf=0.0[0m
[BETA_X5] mode=OFF radar_adj=0 mom= conf=0
[ALPHA_X13_BURST13] mode=OFF radar_adj=0 mom= conf=0
[BETA_X5] [1;36m17:49:02[0m [1;33mx5[0m [1;36m#666[0m SKIP tension=[1;33m0.97069206[0m [0m| wall_not_collapsed
[ALPHA_X13_BURST13] [1;36m17:49:02[0m [1;32mx13[0m [1;36m#712[0m SKIP tension=[1;36m0.00000986[0m [0m| momentum_too_small [1;31mconf=0.0[0m
[BETA_X5] mode=OFF radar_adj=0 mom= conf=0
[ALPHA_X13_BURST13] mode=OFF radar_adj=0 mom= conf=0
[BETA_X5] [1;36m17:49:10[0m [1;33mx5[0m [1;36m#667[0m SKIP tension=[1;36m0.35798563[0m [0m| wall_not_collapsed
[ALPHA_X13_BURST13] [1;36m17:49:11[0m [1;32mx13[0m [1;36m#713[0m SKIP tension=[1;36m0.00000000[0m [0m| momentum_too_small [1;31mconf=0.3483[0m
[BETA_X5] mode=OFF radar_adj=0 mom= conf=0
[ALPHA_X13_BURST13] mode=OFF radar_adj=0 mom= conf=0
[BETA_X5] [1;36m17:49:19[0m [1;33mx5[0m [1;36m#668[0m SKIP tension=[1;36m0.00005202[0m [0m| momentum_too_small [1;31mconf=0.0001[0m
[ALPHA_X13_BURST13] [1;36m17:49:19[0m [1;32mx13[0m [1;36m#714[0m SKIP tension=[1;33m0.98984276[0m [0m| wall_not_collapsed
[BETA_X5] mode=OFF radar_adj=0 mom= conf=0
[ALPHA_X13_BURST13] mode=OFF radar_adj=0 mom= conf=0
[BETA_X5] [1;36m17:49:27[0m [1;33mx5[0m [1;36m#669[0m SKIP tension=[1;36m0.00000439[0m [0m| momentum_too_small [1;31mconf=0.0[0m
[ALPHA_X13_BURST13] [1;36m17:49:29[0m [1;32mx13[0m [1;36m#715[0m SKIP tension=[1;36m0.00000439[0m [0m| momentum_too_small [1;31mconf=0.0[0m
[BETA_X5] mode=OFF radar_adj=0 mom= conf=0
[ALPHA_X13_BURST13] mode=OFF radar_adj=0 mom= conf=0
[BETA_X5] [1;36m17:49:35[0m [1;33mx5[0m [1;36m#670[0m SKIP tension=[1;36m0.54052393[0m [0m| wall_not_collapsed
[ALPHA_X13_BURST13] [1;36m17:49:38[0m [1;32mx13[0m [1;36m#716[0m SKIP tension=[1;36m0.83761277[0m [0m| wall_not_collapsed
[BETA_X5] mode=OFF radar_adj=0 mom= conf=0
[ALPHA_X13_BURST13] mode=OFF radar_adj=0 mom= conf=0
[BETA_X5] [1;36m17:49:44[0m [1;33mx5[0m [1;36m#671[0m SKIP tension=[1;36m0.00001031[0m [0m| momentum_too_small [1;31mconf=0.0[0m
[ALPHA_X13_BURST13] [1;36m17:49:46[0m [1;32mx13[0m [1;36m#717[0m SKIP tension=[1;36m0.00000000[0m [0m| momentum_too_small [1;31mconf=0.349[0m
[BETA_X5] mode=OFF radar_adj=0 mom= conf=0
[ALPHA_X13_BURST13] mode=OFF radar_adj=0 mom= conf=0
[BETA_X5] [1;36m17:49:52[0m [1;33mx5[0m [1;36m#672[0m SKIP tension=[1;36m0.83760513[0m [0m| wall_not_collapsed
[BETA_X5] mode=OFF radar_adj=0 mom= conf=0
[ALPHA_X13_BURST13] [1;36m17:49:56[0m [1;32mx13[0m [1;36m#718[0m SKIP tension=[1;36m0.00004151[0m [0m| momentum_too_small [1;31mconf=0.0[0m
[ALPHA_X13_BURST13] mode=OFF radar_adj=0 mom= conf=0
[BETA_X5] [1;36m17:50:00[0m [1;33mx5[0m [1;36m#673[0m SKIP tension=[1;36m0.46448718[0m [0m| wall_not_collapsed
[BETA_X5] mode=OFF radar_adj=0 mom= conf=0
[ALPHA_X13_BURST13] [1;36m17:50:05[0m [1;32mx13[0m [1;36m#719[0m SKIP tension=[1;36m0.00021071[0m [0m| momentum_too_small [1;31mconf=0.0002[0m
[ALPHA_X13_BURST13] mode=OFF radar_adj=0 mom= conf=0
[BETA_X5] [1;36m17:50:09[0m [1;33mx5[0m [1;36m#674[0m SKIP tension=[1;36m0.00664835[0m [0m| momentum_too_small [1;31mconf=0.006[0m
[BETA_X5] mode=OFF radar_adj=0 mom= conf=0
[ALPHA_X13_BURST13] [1;36m17:50:14[0m [1;32mx13[0m [1;36m#720[0m SKIP tension=[1;36m0.00014331[0m [0m| momentum_too_small [1;31mconf=0.0002[0m
[BETA_X5] [1;36m17:50:17[0m [1;33mx5[0m [1;36m#675[0m SKIP tension=[1;36m0.00000000[0m [0m| momentum_too_small [1;31mconf=0.3497[0m
[ALPHA_X13_BURST13] mode=OFF radar_adj=0 mom= conf=0
[BETA_X5] mode=OFF radar_adj=0 mom= conf=0
[ALPHA_X13_BURST13] [1;36m17:50:23[0m [1;32mx13[0m [1;36m#721[0m SKIP tension=[1;31m2.20743645[0m [0m| cold < 3.0 (vortex=OFF)
[BETA_X5] [1;36m17:50:26[0m [1;33mx5[0m [1;36m#676[0m SKIP tension=[1;36m0.00650114[0m [0m| momentum_too_small [1;31mconf=0.0108[0m
[ALPHA_X13_BURST13] mode=OFF radar_adj=0 mom= conf=0
[BETA_X5] mode=OFF radar_adj=0 mom= conf=0
[ALPHA_X13_BURST13] [1;36m17:50:32[0m [1;32mx13[0m [1;36m#722[0m SKIP tension=[1;31m2.20360322[0m [0m| cold < 3.0 (vortex=OFF)
[BETA_X5] [1;36m17:50:35[0m [1;33mx5[0m [1;36m#677[0m SKIP tension=[1;36m0.00000000[0m [0m| momentum_too_small [1;31mconf=0.348[0m
[ALPHA_X13_BURST13] mode=OFF radar_adj=0 mom= conf=0
[BETA_X5] mode=OFF radar_adj=0 mom= conf=0
[ALPHA_X13_BURST13] [1;36m17:50:41[0m [1;32mx13[0m [1;36m#723[0m SKIP tension=[1;36m0.00000000[0m [0m| momentum_too_small [1;31mconf=0.348[0m
[BETA_X5] [1;36m17:50:43[0m [1;33mx5[0m [1;36m#678[0m SKIP tension=[1;36m0.00000395[0m [0m| momentum_too_small [1;31mconf=0.0[0m
[ALPHA_X13_BURST13] mode=OFF radar_adj=0 mom= conf=0
[BETA_X5] mode=OFF radar_adj=0 mom= conf=0
[ALPHA_X13_BURST13] [1;36m17:50:50[0m [1;32mx13[0m [1;36m#724[0m SKIP tension=[1;36m0.00000000[0m [0m| momentum_too_small [1;31mconf=0.348[0m
[BETA_X5] [1;36m17:50:51[0m [1;33mx5[0m [1;36m#679[0m SKIP tension=[1;36m0.00002064[0m [0m| momentum_too_small [1;31mconf=0.0[0m
[ALPHA_X13_BURST13] mode=OFF radar_adj=0 mom= conf=0
[BETA_X5] mode=OFF radar_adj=0 mom= conf=0
[ALPHA_X13_BURST13] [1;36m17:50:59[0m [1;32mx13[0m [1;36m#725[0m SKIP tension=[1;36m0.00002021[0m [0m| momentum_too_small [1;31mconf=0.0[0m
[BETA_X5] [1;36m17:51:00[0m [1;33mx5[0m [1;36m#680[0m SKIP tension=[1;36m0.00001648[0m [0m| momentum_too_small [1;31mconf=0.0[0m
[ALPHA_X13_BURST13] mode=OFF radar_adj=0 mom= conf=0
[BETA_X5] mode=OFF radar_adj=0 mom= conf=0
[ALPHA_X13_BURST13] [1;36m17:51:08[0m [1;32mx13[0m [1;36m#726[0m SKIP tension=[1;36m0.00081164[0m [0m| momentum_too_small [1;31mconf=0.0013[0m
[BETA_X5] [1;36m17:51:08[0m [1;33mx5[0m [1;36m#681[0m SKIP tension=[1;36m0.00000000[0m [0m| momentum_too_small [1;31mconf=0.348[0m
[ALPHA_X13_BURST13] mode=OFF radar_adj=0 mom= conf=0
[BETA_X5] mode=OFF radar_adj=0 mom= conf=0
[BETA_X5] [1;36m17:51:16[0m [1;33mx5[0m [1;36m#682[0m SKIP tension=[1;36m0.00002153[0m [0m| momentum_too_small [1;31mconf=0.0[0m
[ALPHA_X13_BURST13] [1;36m17:51:17[0m [1;32mx13[0m [1;36m#727[0m SKIP tension=[1;36m0.00002153[0m [0m| momentum_too_small [1;31mconf=0.0[0m
[BETA_X5] mode=OFF radar_adj=0 mom= conf=0
[ALPHA_X13_BURST13] mode=OFF radar_adj=0 mom= conf=0
[BETA_X5] [1;36m17:51:25[0m [1;33mx5[0m [1;36m#683[0m SKIP tension=[1;36m0.00107202[0m [0m| momentum_too_small [1;31mconf=0.0017[0m
[ALPHA_X13_BURST13] [1;36m17:51:26[0m [1;32mx13[0m [1;36m#728[0m SKIP tension=[1;36m0.00107202[0m [0m| momentum_too_small [1;31mconf=0.0017[0m
[BETA_X5] mode=OFF radar_adj=0 mom= conf=0
[ALPHA_X13_BURST13] mode=OFF radar_adj=0 mom= conf=0
[BETA_X5] [1;36m17:51:33[0m [1;33mx5[0m [1;36m#684[0m SKIP tension=[1;36m0.00000484[0m [0m| momentum_too_small [1;31mconf=0.0[0m
[ALPHA_X13_BURST13] [1;36m17:51:35[0m [1;32mx13[0m [1;36m#729[0m SKIP tension=[1;36m0.08816994[0m [0m| direction_unclear [1;31mconf=0.1396[0m
[BETA_X5] mode=OFF radar_adj=0 mom= conf=0
[ALPHA_X13_BURST13] mode=OFF radar_adj=0 mom= conf=0
[BETA_X5] [1;36m17:51:43[0m [1;33mx5[0m [1;36m#685[0m SKIP tension=[1;31m2.47390337[0m [0m| cold < 3.0 (vortex=OFF)
[ALPHA_X13_BURST13] [1;36m17:51:44[0m [1;32mx13[0m [1;36m#730[0m SKIP tension=[1;36m0.00000000[0m [0m| momentum_too_small [1;31mconf=0.3261[0m
[BETA_X5] mode=OFF radar_adj=0 mom= conf=0
[ALPHA_X13_BURST13] mode=OFF radar_adj=0 mom= conf=0
[BETA_X5] [1;36m17:51:51[0m [1;33mx5[0m [1;36m#686[0m SKIP tension=[1;36m0.00000000[0m [0m| momentum_too_small [1;31mconf=0.3146[0m
[ALPHA_X13_BURST13] [1;36m17:51:53[0m [1;32mx13[0m [1;36m#731[0m SKIP tension=[1;36m0.00000000[0m [0m| momentum_too_small [1;31mconf=0.3089[0m
[BETA_X5] mode=OFF radar_adj=0 mom= conf=0
[ALPHA_X13_BURST13] mode=OFF radar_adj=0 mom= conf=0
[BETA_X5] [1;36m17:52:00[0m [1;33mx5[0m [1;36m#687[0m SKIP tension=[1;36m0.00000739[0m [0m| momentum_too_small [1;31mconf=0.0[0m
[ALPHA_X13_BURST13] [1;36m17:52:02[0m [1;32mx13[0m [1;36m#732[0m SKIP tension=[1;36m0.71215208[0m [0m| wall_not_collapsed
[BETA_X5] mode=OFF radar_adj=0 mom= conf=0
[ALPHA_X13_BURST13] mode=OFF radar_adj=0 mom= conf=0
[BETA_X5] [1;36m17:52:08[0m [1;33mx5[0m [1;36m#688[0m SKIP tension=[1;36m0.00000000[0m [0m| momentum_too_small [1;31mconf=0.3288[0m
[BETA_X5] mode=OFF radar_adj=0 mom= conf=0
[ALPHA_X13_BURST13] [1;36m17:52:13[0m [1;32mx13[0m [1;36m#733[0m SKIP tension=[1;36m0.34419791[0m [0m| wall_not_collapsed
[ALPHA_X13_BURST13] mode=OFF radar_adj=0 mom= conf=0
[BETA_X5] [1;36m17:52:18[0m [1;33mx5[0m [1;36m#689[0m SKIP tension=[1;36m0.34071497[0m [0m| wall_not_collapsed
[BETA_X5] mode=OFF radar_adj=0 mom= conf=0
[ALPHA_X13_BURST13] [1;36m17:52:22[0m [1;32mx13[0m [1;36m#734[0m SKIP tension=[1;36m0.34416695[0m [0m| wall_not_collapsed
[ALPHA_X13_BURST13] mode=OFF radar_adj=0 mom= conf=0
[BETA_X5] [1;36m17:52:27[0m [1;33mx5[0m [1;36m#690[0m SKIP tension=[1;36m0.00000899[0m [0m| momentum_too_small [1;31mconf=0.0[0m
[BETA_X5] mode=OFF radar_adj=0 mom= conf=0
[ALPHA_X13_BURST13] [1;36m17:52:32[0m [1;32mx13[0m [1;36m#735[0m SKIP tension=[1;36m0.00001465[0m [0m| momentum_too_small [1;31mconf=0.0[0m
[ALPHA_X13_BURST13] mode=OFF radar_adj=0 mom= conf=0
[BETA_X5] [1;36m17:52:35[0m [1;33mx5[0m [1;36m#691[0m SKIP tension=[1;36m0.00003809[0m [0m| momentum_too_small [1;31mconf=0.0001[0m
[BETA_X5] mode=OFF radar_adj=0 mom= conf=0
[ALPHA_X13_BURST13] [1;36m17:52:41[0m [1;32mx13[0m [1;36m#736[0m SKIP tension=[1;36m0.00045197[0m [0m| momentum_too_small [1;31mconf=0.0008[0m
[BETA_X5] [1;36m17:52:44[0m [1;33mx5[0m [1;36m#692[0m SKIP tension=[1;36m0.00000000[0m [0m| momentum_too_small [1;31mconf=0.2873[0m
[ALPHA_X13_BURST13] mode=OFF radar_adj=0 mom= conf=0
[BETA_X5] mode=OFF radar_adj=0 mom= conf=0
[ALPHA_X13_BURST13] [1;36m17:52:50[0m [1;32mx13[0m [1;36m#737[0m SKIP tension=[1;32m1.00667429[0m [0m| cold < 3.0 (vortex=OFF)
[BETA_X5] [1;36m17:52:53[0m [1;33mx5[0m [1;36m#693[0m SKIP tension=[1;36m0.00609492[0m [0m| momentum_too_small [1;31mconf=0.0096[0m
[ALPHA_X13_BURST13] mode=OFF radar_adj=0 mom= conf=0
[BETA_X5] mode=OFF radar_adj=0 mom= conf=0
[ALPHA_X13_BURST13] [1;36m17:53:00[0m [1;32mx13[0m [1;36m#738[0m SKIP tension=[1;36m0.00000000[0m [0m| momentum_too_small [1;31mconf=0.3301[0m
[BETA_X5] [1;36m17:53:01[0m [1;33mx5[0m [1;36m#694[0m SKIP tension=[1;31m2.81082921[0m [0m| cold < 3.0 (vortex=OFF)
[ALPHA_X13_BURST13] mode=OFF radar_adj=0 mom= conf=0
[BETA_X5] mode=OFF radar_adj=0 mom= conf=0
[ALPHA_X13_BURST13] [1;36m17:53:10[0m [1;32mx13[0m [1;36m#739[0m SKIP tension=[1;36m0.00000000[0m [0m| momentum_too_small [1;31mconf=0.3308[0m
[BETA_X5] [1;36m17:53:11[0m [1;33mx5[0m [1;36m#695[0m SKIP tension=[1;36m0.00000000[0m [0m| momentum_too_small [1;31mconf=0.3247[0m
[ALPHA_X13_BURST13] mode=OFF radar_adj=0 mom= conf=0
[BETA_X5] mode=OFF radar_adj=0 mom= conf=0
[ALPHA_X13_BURST13] [1;36m17:53:19[0m [1;32mx13[0m [1;36m#740[0m SKIP tension=[1;36m0.77067952[0m [0m| wall_not_collapsed
[BETA_X5] [1;36m17:53:20[0m [1;33mx5[0m [1;36m#696[0m SKIP tension=[1;36m0.00014466[0m [0m| momentum_too_small [1;31mconf=0.0002[0m
[ALPHA_X13_BURST13] mode=OFF radar_adj=0 mom= conf=0
[BETA_X5] mode=OFF radar_adj=0 mom= conf=0
[ALPHA_X13_BURST13] [1;36m17:53:27[0m [1;32mx13[0m [1;36m#741[0m SKIP tension=[1;36m0.00002639[0m [0m| momentum_too_small [1;31mconf=0.0[0m
[BETA_X5] [1;36m17:53:28[0m [1;33mx5[0m [1;36m#697[0m SKIP tension=[1;36m0.00000000[0m [0m| momentum_too_small [1;31mconf=0.3453[0m
[BETA_X5] mode=OFF radar_adj=0 mom= conf=0
[ALPHA_X13_BURST13] mode=OFF radar_adj=0 mom= conf=0
[BETA_X5] [1;36m17:53:38[0m [1;33mx5[0m [1;36m#698[0m SKIP tension=[1;36m0.00003238[0m [0m| momentum_too_small [1;31mconf=0.0001[0m
[ALPHA_X13_BURST13] [1;36m17:53:38[0m [1;32mx13[0m [1;36m#742[0m SKIP tension=[1;36m0.00003238[0m [0m| momentum_too_small [1;31mconf=0.0001[0m
[BETA_X5] mode=OFF radar_adj=0 mom= conf=0
[ALPHA_X13_BURST13] mode=OFF radar_adj=0 mom= conf=0
[BETA_X5] [1;36m17:53:48[0m [1;33mx5[0m [1;36m#699[0m SKIP tension=[1;36m0.00234445[0m [0m| momentum_too_small [1;31mconf=0.0039[0m
[ALPHA_X13_BURST13] [1;36m17:53:48[0m [1;32mx13[0m [1;36m#743[0m SKIP tension=[1;36m0.00004138[0m [0m| momentum_too_small [1;31mconf=0.0001[0m
[BETA_X5] mode=OFF radar_adj=0 mom= conf=0
[ALPHA_X13_BURST13] mode=OFF radar_adj=0 mom= conf=0
[BETA_X5] [1;36m17:53:57[0m [1;33mx5[0m [1;36m#700[0m SKIP tension=[1;36m0.00004258[0m [0m| momentum_too_small [1;31mconf=0.0001[0m
[ALPHA_X13_BURST13] [1;36m17:53:58[0m [1;32mx13[0m [1;36m#744[0m SKIP tension=[1;36m0.00001559[0m [0m| momentum_too_small [1;31mconf=0.0[0m
[BETA_X5] mode=OFF radar_adj=0 mom= conf=0
[ALPHA_X13_BURST13] mode=OFF radar_adj=0 mom= conf=0
[BETA_X5] [1;36m17:54:06[0m [1;33mx5[0m [1;36m#701[0m SKIP tension=[1;36m0.00002399[0m [0m| momentum_too_small [1;31mconf=0.0[0m
[ALPHA_X13_BURST13] [1;36m17:54:07[0m [1;32mx13[0m [1;36m#745[0m SKIP tension=[1;36m0.00000600[0m [0m| momentum_too_small [1;31mconf=0.0[0m
[BETA_X5] mode=OFF radar_adj=0 mom= conf=0
[ALPHA_X13_BURST13] mode=OFF radar_adj=0 mom= conf=0
[BETA_X5] [1;36m17:54:16[0m [1;33mx5[0m [1;36m#702[0m SKIP tension=[1;36m0.00004709[0m [0m| momentum_too_small [1;31mconf=0.0001[0m
[ALPHA_X13_BURST13] [1;36m17:54:18[0m [1;32mx13[0m [1;36m#746[0m SKIP tension=[1;36m0.00003538[0m [0m| momentum_too_small [1;31mconf=0.0001[0m
[BETA_X5] mode=OFF radar_adj=0 mom= conf=0
[ALPHA_X13_BURST13] mode=OFF radar_adj=0 mom= conf=0
[BETA_X5] [1;36m17:54:25[0m [1;33mx5[0m [1;36m#703[0m SKIP tension=[1;36m0.00002399[0m [0m| momentum_too_small [1;31mconf=0.0[0m
[ALPHA_X13_BURST13] [1;36m17:54:28[0m [1;32mx13[0m [1;36m#747[0m SKIP tension=[1;36m0.00001680[0m [0m| momentum_too_small [1;31mconf=0.0[0m
[BETA_X5] mode=OFF radar_adj=0 mom= conf=0
[ALPHA_X13_BURST13] mode=OFF radar_adj=0 mom= conf=0
[BETA_X5] [1;36m17:54:36[0m [1;33mx5[0m [1;36m#704[0m SKIP tension=[1;36m0.00002099[0m [0m| momentum_too_small [1;31mconf=0.0[0m
[ALPHA_X13_BURST13] [1;36m17:54:37[0m [1;32mx13[0m [1;36m#748[0m SKIP tension=[1;36m0.00002339[0m [0m| momentum_too_small [1;31mconf=0.0[0m
[BETA_X5] mode=OFF radar_adj=0 mom= conf=0
[ALPHA_X13_BURST13] mode=OFF radar_adj=0 mom= conf=0
[BETA_X5] [1;36m17:54:45[0m [1;33mx5[0m [1;36m#705[0m SKIP tension=[1;36m0.02006739[0m [0m| direction_unclear [1;31mconf=0.0262[0m
[ALPHA_X13_BURST13] [1;36m17:54:47[0m [1;32mx13[0m [1;36m#749[0m SKIP tension=[1;36m0.00001562[0m [0m| momentum_too_small [1;31mconf=0.0[0m
[BETA_X5] mode=OFF radar_adj=0 mom= conf=0
[ALPHA_X13_BURST13] mode=OFF radar_adj=0 mom= conf=0
[BETA_X5] [1;36m17:54:54[0m [1;33mx5[0m [1;36m#706[0m SKIP tension=[1;36m0.00244097[0m [0m| momentum_too_small [1;31mconf=0.0032[0m
[ALPHA_X13_BURST13] [1;36m17:54:56[0m [1;32mx13[0m [1;36m#750[0m SKIP tension=[1;36m0.00002163[0m [0m| momentum_too_small [1;31mconf=0.0[0m
[BETA_X5] mode=OFF radar_adj=0 mom= conf=0
[ALPHA_X13_BURST13] mode=OFF radar_adj=0 mom= conf=0
[BETA_X5] [1;36m17:55:02[0m [1;33mx5[0m [1;36m#707[0m SKIP tension=[1;36m0.00709944[0m [0m| momentum_too_small [1;31mconf=0.0093[0m
[ALPHA_X13_BURST13] [1;36m17:55:05[0m [1;32mx13[0m [1;36m#751[0m SKIP tension=[1;36m0.00003065[0m [0m| momentum_too_small [1;31mconf=0.0[0m
[BETA_X5] mode=OFF radar_adj=0 mom= conf=0
[ALPHA_X13_BURST13] mode=OFF radar_adj=0 mom= conf=0
[BETA_X5] [1;36m17:55:11[0m [1;33mx5[0m [1;36m#708[0m SKIP tension=[1;36m0.00003125[0m [0m| momentum_too_small [1;31mconf=0.0[0m
[BETA_X5] mode=OFF radar_adj=0 mom= conf=0
[ALPHA_X13_BURST13] [1;36m17:55:14[0m [1;32mx13[0m [1;36m#752[0m SKIP tension=[1;36m0.00000000[0m [0m| momentum_too_small [1;31mconf=0.2745[0m
[ALPHA_X13_BURST13] mode=OFF radar_adj=0 mom= conf=0
[BETA_X5] [1;36m17:55:19[0m [1;33mx5[0m [1;36m#709[0m SKIP tension=[1;36m0.00002224[0m [0m| momentum_too_small [1;31mconf=0.0[0m
[BETA_X5] mode=OFF radar_adj=0 mom= conf=0
[ALPHA_X13_BURST13] [1;36m17:55:23[0m [1;32mx13[0m [1;36m#753[0m SKIP tension=[1;36m0.00002704[0m [0m| momentum_too_small [1;31mconf=0.0[0m
[ALPHA_X13_BURST13] mode=OFF radar_adj=0 mom= conf=0
[BETA_X5] [1;36m17:55:27[0m [1;33mx5[0m [1;36m#710[0m SKIP tension=[1;36m0.00000481[0m [0m| momentum_too_small [1;31mconf=0.0[0m
[BETA_X5] mode=OFF radar_adj=0 mom= conf=0
[ALPHA_X13_BURST13] [1;36m17:55:32[0m [1;32mx13[0m [1;36m#754[0m SKIP tension=[1;36m0.00001983[0m [0m| momentum_too_small [1;31mconf=0.0[0m
[ALPHA_X13_BURST13] mode=OFF radar_adj=0 mom= conf=0
[BETA_X5] [1;36m17:55:36[0m [1;33mx5[0m [1;36m#711[0m SKIP tension=[1;36m0.00000000[0m [0m| momentum_too_small [1;31mconf=0.2745[0m
[BETA_X5] mode=OFF radar_adj=0 mom= conf=0
[ALPHA_X13_BURST13] [1;36m17:55:40[0m [1;32mx13[0m [1;36m#755[0m SKIP tension=[1;36m0.00000481[0m [0m| momentum_too_small [1;31mconf=0.0[0m
[ALPHA_X13_BURST13] mode=OFF radar_adj=0 mom= conf=0
[BETA_X5] [1;36m17:55:45[0m [1;33mx5[0m [1;36m#712[0m SKIP tension=[1;36m0.00000000[0m [0m| momentum_too_small [1;31mconf=0.2745[0m
[BETA_X5] mode=OFF radar_adj=0 mom= conf=0
[ALPHA_X13_BURST13] [1;36m17:55:49[0m [1;32mx13[0m [1;36m#756[0m SKIP tension=[1;36m0.39424407[0m [0m| wall_not_collapsed
[ALPHA_X13_BURST13] mode=OFF radar_adj=0 mom= conf=0
[BETA_X5] [1;36m17:55:53[0m [1;33mx5[0m [1;36m#713[0m SKIP tension=[1;36m0.00000000[0m [0m| momentum_too_small [1;31mconf=0.3483[0m
[BETA_X5] mode=OFF radar_adj=0 mom= conf=0
[ALPHA_X13_BURST13] [1;36m17:55:58[0m [1;32mx13[0m [1;36m#757[0m SKIP tension=[1;36m0.13927500[0m [0m| direction_unclear [1;31mconf=0.2319[0m
[ALPHA_X13_BURST13] mode=OFF radar_adj=0 mom= conf=0
[BETA_X5] [1;36m17:56:01[0m [1;33mx5[0m [1;36m#714[0m SKIP tension=[1;31m2.53863378[0m [0m| cold < 3.0 (vortex=OFF)
[BETA_X5] mode=OFF radar_adj=0 mom= conf=0
[ALPHA_X13_BURST13] [1;36m17:56:07[0m [1;32mx13[0m [1;36m#758[0m SKIP tension=[1;33m0.93779897[0m [0m| wall_not_collapsed
[ALPHA_X13_BURST13] mode=OFF radar_adj=0 mom= conf=0
[BETA_X5] [1;36m17:56:10[0m [1;33mx5[0m [1;36m#715[0m SKIP tension=[1;36m0.00001548[0m [0m| momentum_too_small [1;31mconf=0.0[0m
[BETA_X5] mode=OFF radar_adj=0 mom= conf=0
[ALPHA_X13_BURST13] [1;36m17:56:15[0m [1;32mx13[0m [1;36m#759[0m SKIP tension=[1;36m0.53246863[0m [0m| wall_not_collapsed
[BETA_X5] [1;36m17:56:18[0m [1;33mx5[0m [1;36m#716[0m SKIP tension=[1;36m0.00005516[0m [0m| momentum_too_small [1;31mconf=0.0001[0m
[ALPHA_X13_BURST13] mode=OFF radar_adj=0 mom= conf=0
[BETA_X5] mode=OFF radar_adj=0 mom= conf=0
[ALPHA_X13_BURST13] [1;36m17:56:24[0m [1;32mx13[0m [1;36m#760[0m SKIP tension=[1;36m0.00001367[0m [0m| momentum_too_small [1;31mconf=0.0[0m
[BETA_X5] [1;36m17:56:27[0m [1;33mx5[0m [1;36m#717[0m SKIP tension=[1;36m0.00001475[0m [0m| momentum_too_small [1;31mconf=0.0[0m
[ALPHA_X13_BURST13] mode=OFF radar_adj=0 mom= conf=0
[BETA_X5] mode=OFF radar_adj=0 mom= conf=0
[ALPHA_X13_BURST13] [1;36m17:56:33[0m [1;32mx13[0m [1;36m#761[0m SKIP tension=[1;36m0.00001381[0m [0m| momentum_too_small [1;31mconf=0.0[0m
[BETA_X5] [1;36m17:56:35[0m [1;33mx5[0m [1;36m#718[0m SKIP tension=[1;36m0.00000000[0m [0m| momentum_too_small [1;31mconf=0.3493[0m
[ALPHA_X13_BURST13] mode=OFF radar_adj=0 mom= conf=0
[BETA_X5] mode=OFF radar_adj=0 mom= conf=0
[ALPHA_X13_BURST13] [1;36m17:56:41[0m [1;32mx13[0m [1;36m#762[0m SKIP tension=[1;36m0.00001568[0m [0m| momentum_too_small [1;31mconf=0.0[0m
[BETA_X5] [1;36m17:56:44[0m [1;33mx5[0m [1;36m#719[0m SKIP tension=[1;36m0.00225393[0m [0m| momentum_too_small [1;31mconf=0.0037[0m
[ALPHA_X13_BURST13] mode=OFF radar_adj=0 mom= conf=0
[BETA_X5] mode=OFF radar_adj=0 mom= conf=0
[ALPHA_X13_BURST13] [1;36m17:56:50[0m [1;32mx13[0m [1;36m#763[0m SKIP tension=[1;36m0.00559804[0m [0m| momentum_too_small [1;31mconf=0.0093[0m
[BETA_X5] [1;36m17:56:52[0m [1;33mx5[0m [1;36m#720[0m SKIP tension=[1;36m0.00016096[0m [0m| momentum_too_small [1;31mconf=0.0003[0m
[ALPHA_X13_BURST13] mode=OFF radar_adj=0 mom= conf=0
[BETA_X5] mode=OFF radar_adj=0 mom= conf=0
[ALPHA_X13_BURST13] [1;36m17:56:59[0m [1;32mx13[0m [1;36m#764[0m SKIP tension=[1;36m0.00001867[0m [0m| momentum_too_small [1;31mconf=0.0[0m
[BETA_X5] [1;36m17:57:01[0m [1;33mx5[0m [1;36m#721[0m SKIP tension=[1;36m0.00146017[0m [0m| momentum_too_small [1;31mconf=0.0024[0m
[ALPHA_X13_BURST13] mode=OFF radar_adj=0 mom= conf=0
[BETA_X5] mode=OFF radar_adj=0 mom= conf=0
[ALPHA_X13_BURST13] [1;36m17:57:07[0m [1;32mx13[0m [1;36m#765[0m SKIP tension=[1;36m0.00007507[0m [0m| momentum_too_small [1;31mconf=0.0001[0m
[BETA_X5] [1;36m17:57:10[0m [1;33mx5[0m [1;36m#722[0m SKIP tension=[1;36m0.00001382[0m [0m| momentum_too_small [1;31mconf=0.0[0m
[ALPHA_X13_BURST13] mode=OFF radar_adj=0 mom= conf=0
[BETA_X5] mode=OFF radar_adj=0 mom= conf=0
[ALPHA_X13_BURST13] [1;36m17:57:16[0m [1;32mx13[0m [1;36m#766[0m SKIP tension=[1;36m0.00001905[0m [0m| momentum_too_small [1;31mconf=0.0[0m
[BETA_X5] [1;36m17:57:19[0m [1;33mx5[0m [1;36m#723[0m SKIP tension=[1;36m0.00001756[0m [0m| momentum_too_small [1;31mconf=0.0[0m
[ALPHA_X13_BURST13] mode=OFF radar_adj=0 mom= conf=0
[BETA_X5] mode=OFF radar_adj=0 mom= conf=0
[ALPHA_X13_BURST13] [1;36m17:57:25[0m [1;32mx13[0m [1;36m#767[0m SKIP tension=[1;36m0.00000000[0m [0m| momentum_too_small [1;31mconf=0.3497[0m
[BETA_X5] [1;36m17:57:27[0m [1;33mx5[0m [1;36m#724[0m SKIP tension=[1;36m0.00000000[0m [0m| momentum_too_small [1;31mconf=0.3497[0m
[ALPHA_X13_BURST13] mode=OFF radar_adj=0 mom= conf=0
[BETA_X5] mode=OFF radar_adj=0 mom= conf=0
[ALPHA_X13_BURST13] [1;36m17:57:34[0m [1;32mx13[0m [1;36m#768[0m SKIP tension=[1;36m0.00004706[0m [0m| momentum_too_small [1;31mconf=0.0001[0m
[BETA_X5] [1;36m17:57:35[0m [1;33mx5[0m [1;36m#725[0m SKIP tension=[1;36m0.00323332[0m [0m| momentum_too_small [1;31mconf=0.0054[0m
[ALPHA_X13_BURST13] mode=OFF radar_adj=0 mom= conf=0
[BETA_X5] mode=OFF radar_adj=0 mom= conf=0
[ALPHA_X13_BURST13] [1;36m17:57:42[0m [1;32mx13[0m [1;36m#769[0m SKIP tension=[1;36m0.00001569[0m [0m| momentum_too_small [1;31mconf=0.0[0m
[ALPHA_X13_BURST13] mode=OFF radar_adj=0 mom= conf=0
[ALPHA_X13_BURST13] [1;36m17:57:52[0m [1;32mx13[0m [1;36m#770[0m SKIP tension=[1;36m0.00561823[0m [0m| direction_unclear [1;31mconf=0.0093[0m
[ALPHA_X13_BURST13] mode=OFF radar_adj=0 mom= conf=0
[ALPHA_X13_BURST13] [1;36m17:58:00[0m [1;32mx13[0m [1;36m#771[0m SKIP tension=[1;36m0.00001046[0m [0m| momentum_too_small [1;31mconf=0.0[0m
[ALPHA_X13_BURST13] mode=OFF radar_adj=0 mom= conf=0
[ALPHA_X13_BURST13] [1;36m17:58:09[0m [1;32mx13[0m [1;36m#772[0m SKIP tension=[1;36m0.01522269[0m [0m| direction_unclear [1;31mconf=0.0253[0m
[ALPHA_X13_BURST13] mode=OFF radar_adj=0 mom= conf=0
[BETA_X5] [1;36mentry=17:57:48@64882.70000000[0m [1;33mx5[0m [1;36m#726[0m [1;32mBUY[0m tension=[1;31m4.48571855[0m hold=[1;36m25[0ms sec=[1;36m25[0m [0m| exit=64882.80000000 [1;32mconf=0.9981[0m [1;36mexit_time=17:58:14[0m [1;32mpnl=0.00076000 bps=0.01541243 pct=0.00015412% total=-1.25874[0m
[BETA_X5] [1;31mSTOP file detected (STOP_BETA). Stopping safely at cycle 727.[0m
[BETA_X5] [1;32mDone.[0m
[BETA_X5] [1;36mLog: runs/NUAGE_SETUP_AVANT_BETA_X5.csv[0m
[BETA_X5] [1;32mSuccessful order-cycles: 26[0m
[BETA_X5] [1;32mDernier cycle #727:[0m [1;32mpnl=0.00076000 bps=0.01541243 pct=0.00015412%[0m
[BETA_X5] PROCESS_DIE | ts=2026-07-30T17:58:17Z role=SCOUT stop=STOP_BETA ec=0 last_cmd=echo "${C_G}Dernier cycle #${i:-0}:${C_N} ${last_col}pnl=${pnl_usdt:-0} bps=${bps:-0} pct=${pct:-0}%${C_N}" line=2590
2026-07-30T17:58:17Z PROCESS_EXIT unit=BETA_X5 wrapper=79810 genesis=79815 how=exit0 why=clean_end_or_self_exit_0 rc=0
[ALPHA_X13_BURST13] [1;36m17:58:19[0m [1;32mx13[0m [1;36m#773[0m SKIP tension=[1;36m0.00012937[0m [0m| momentum_too_small [1;31mconf=0.0002[0m
[ALPHA_X13_BURST13] [1;31mSTOP file detected (STOP_ALPHA). Stopping safely at cycle 774.[0m
[ALPHA_X13_BURST13] [1;32mDone.[0m
[ALPHA_X13_BURST13] [1;36mLog: runs/NUAGE_SETUP_AVANT_ALPHA_X13_BURST13.csv[0m
[ALPHA_X13_BURST13] [1;32mSuccessful order-cycles: 3[0m
[ALPHA_X13_BURST13] [1;32mDernier cycle #774:[0m [1;31mpnl=-0.02406000 bps=-0.01542591 pct=-0.00015426%[0m
[ALPHA_X13_BURST13] PROCESS_DIE | ts=2026-07-30T17:58:20Z role=HUNTER stop=STOP_ALPHA ec=0 last_cmd=echo "${C_G}Dernier cycle #${i:-0}:${C_N} ${last_col}pnl=${pnl_usdt:-0} bps=${bps:-0} pct=${pct:-0}%${C_N}" line=2590
2026-07-30T17:58:20Z PROCESS_EXIT unit=ALPHA_X13_BURST13 wrapper=79945 genesis=79952 how=exit0 why=clean_end_or_self_exit_0 rc=0
[BETA_X5] [1;36m--- ACE777 STRICT CLONE FUTURES TESTNET ---[0m
[BETA_X5] [1;32mV8 Resonance ON:[0m [1;36mimpulse_thr=0.96 dt_ms=64 aspiration=1.618@37.8deg void_lock=TRUE shock_exit=TRUE[0m
[BETA_X5] [1;32mV8 Tension ON:[0m [1;36mwall_drop=6.5% dt_ms=64 filter=0.85 depth=20[0m
[BETA_X5] [1;36mSymbol=BTCUSDT[0m [1;32mLeverage=5[0m [1;36mBuyUSDT=200 Orders=TRUE[0m
[ALPHA_X13_BURST13] [1;36m--- ACE777 STRICT CLONE FUTURES TESTNET ---[0m
[ALPHA_X13_BURST13] [1;36mLeverage ramp ON:[0m [1;36mstart=13 end=13 cycles=180[0m
[ALPHA_X13_BURST13] [1;32mV8 Resonance ON:[0m [1;36mimpulse_thr=0.96 dt_ms=64 aspiration=1.618@37.8deg void_lock=TRUE shock_exit=TRUE[0m
[ALPHA_X13_BURST13] [1;32mV8 Tension ON:[0m [1;36mwall_drop=6.5% dt_ms=64 filter=0.85 depth=20[0m
[ALPHA_X13_BURST13] [1;36mSymbol=BTCUSDT[0m [1;32mLeverage=13[0m [1;36mBuyUSDT=800 Orders=TRUE[0m
[BETA_X5] mode=OFF radar_adj=0 mom= conf=0
[ALPHA_X13_BURST13] mode=OFF radar_adj=0 mom= conf=0
[BETA_X5] [1;36m18:42:20[0m [1;33mx5[0m [1;36m#1[0m SKIP tension=[1;36m0.10592584[0m [0m| direction_unclear [1;31mconf=0.1701[0m
[ALPHA_X13_BURST13] [1;36m18:42:23[0m [1;32mx13[0m [1;36m#1[0m SKIP tension=[1;36m0.00018475[0m [0m| momentum_too_small [1;31mconf=0.0003[0m
[BETA_X5] mode=OFF radar_adj=0 mom= conf=0
[ALPHA_X13_BURST13] mode=OFF radar_adj=0 mom= conf=0
[BETA_X5] [1;36m18:42:28[0m [1;33mx5[0m [1;36m#2[0m SKIP tension=[1;36m0.00030532[0m [0m| momentum_too_small [1;31mconf=0.0005[0m
[ALPHA_X13_BURST13] [1;36m18:42:31[0m [1;32mx13[0m [1;36m#2[0m SKIP tension=[1;36m0.10755520[0m [0m| direction_unclear [1;31mconf=0.1727[0m
[BETA_X5] mode=OFF radar_adj=0 mom= conf=0
[ALPHA_X13_BURST13] mode=OFF radar_adj=0 mom= conf=0
[BETA_X5] [1;36m18:42:36[0m [1;33mx5[0m [1;36m#3[0m SKIP tension=[1;36m0.16133586[0m [0m| direction_unclear [1;31mconf=0.259[0m
[ALPHA_X13_BURST13] [1;36m18:42:39[0m [1;32mx13[0m [1;36m#3[0m SKIP tension=[1;36m0.00020891[0m [0m| momentum_too_small [1;31mconf=0.0003[0m
[BETA_X5] mode=OFF radar_adj=0 mom= conf=0
[ALPHA_X13_BURST13] mode=OFF radar_adj=0 mom= conf=0
[BETA_X5] [1;36m18:42:44[0m [1;33mx5[0m [1;36m#4[0m SKIP tension=[1;36m0.00024468[0m [0m| momentum_too_small [1;31mconf=0.0004[0m
[BETA_X5] mode=OFF radar_adj=0 mom= conf=0
[ALPHA_X13_BURST13] [1;36m18:42:48[0m [1;32mx13[0m [1;36m#4[0m SKIP tension=[1;36m0.11037640[0m [0m| direction_unclear [1;31mconf=0.1772[0m
[ALPHA_X13_BURST13] mode=OFF radar_adj=0 mom= conf=0
[BETA_X5] [1;36m18:42:52[0m [1;33mx5[0m [1;36m#5[0m SKIP tension=[1;36m0.00006951[0m [0m| momentum_too_small [1;31mconf=0.0001[0m
[BETA_X5] mode=OFF radar_adj=0 mom= conf=0
[ALPHA_X13_BURST13] [1;36m18:42:56[0m [1;32mx13[0m [1;36m#5[0m SKIP tension=[1;36m0.00004965[0m [0m| momentum_too_small [1;31mconf=0.0001[0m
[ALPHA_X13_BURST13] mode=OFF radar_adj=0 mom= conf=0
[BETA_X5] [1;36m18:42:59[0m [1;33mx5[0m [1;36m#6[0m SKIP tension=[1;36m0.00016516[0m [0m| momentum_too_small [1;31mconf=0.0003[0m
[BETA_X5] mode=OFF radar_adj=0 mom= conf=0
[ALPHA_X13_BURST13] [1;36m18:43:04[0m [1;32mx13[0m [1;36m#6[0m SKIP tension=[1;36m0.00023696[0m [0m| momentum_too_small [1;31mconf=0.0004[0m
[ALPHA_X13_BURST13] mode=OFF radar_adj=0 mom= conf=0
[BETA_X5] [1;36m18:43:07[0m [1;33mx5[0m [1;36m#7[0m SKIP tension=[1;36m0.00024385[0m [0m| momentum_too_small [1;31mconf=0.0004[0m
[BETA_X5] mode=OFF radar_adj=0 mom= conf=0
[ALPHA_X13_BURST13] [1;36m18:43:12[0m [1;32mx13[0m [1;36m#7[0m SKIP tension=[1;36m0.00000000[0m [0m| momentum_too_small [1;31mconf=0.3372[0m
[BETA_X5] [1;36m18:43:15[0m [1;33mx5[0m [1;36m#8[0m SKIP tension=[1;36m0.00040839[0m [0m| momentum_too_small [1;31mconf=0.0007[0m
[ALPHA_X13_BURST13] mode=OFF radar_adj=0 mom= conf=0
[BETA_X5] mode=OFF radar_adj=0 mom= conf=0
[ALPHA_X13_BURST13] [1;36m18:43:20[0m [1;32mx13[0m [1;36m#8[0m SKIP tension=[1;36m0.00018194[0m [0m| momentum_too_small [1;31mconf=0.0003[0m
[BETA_X5] [1;36m18:43:23[0m [1;33mx5[0m [1;36m#9[0m SKIP tension=[1;36m0.11935290[0m [0m| direction_unclear [1;31mconf=0.1916[0m
[ALPHA_X13_BURST13] mode=OFF radar_adj=0 mom= conf=0
[BETA_X5] mode=OFF radar_adj=0 mom= conf=0
[ALPHA_X13_BURST13] [1;36m18:43:29[0m [1;32mx13[0m [1;36m#9[0m SKIP tension=[1;36m0.00008449[0m [0m| momentum_too_small [1;31mconf=0.0001[0m
[BETA_X5] [1;36m18:43:31[0m [1;33mx5[0m [1;36m#10[0m SKIP tension=[1;36m0.12131936[0m [0m| direction_unclear [1;31mconf=0.1948[0m
[ALPHA_X13_BURST13] mode=OFF radar_adj=0 mom= conf=0
[BETA_X5] mode=OFF radar_adj=0 mom= conf=0
[ALPHA_X13_BURST13] [1;36m18:43:37[0m [1;32mx13[0m [1;36m#10[0m SKIP tension=[1;36m0.12231333[0m [0m| direction_unclear [1;31mconf=0.1964[0m
[BETA_X5] [1;36m18:43:38[0m [1;33mx5[0m [1;36m#11[0m SKIP tension=[1;36m0.00043676[0m [0m| momentum_too_small [1;31mconf=0.0007[0m
[ALPHA_X13_BURST13] mode=OFF radar_adj=0 mom= conf=0
[BETA_X5] mode=OFF radar_adj=0 mom= conf=0
[ALPHA_X13_BURST13] [1;36m18:43:45[0m [1;32mx13[0m [1;36m#11[0m SKIP tension=[1;36m0.00019477[0m [0m| momentum_too_small [1;31mconf=0.0003[0m
[BETA_X5] [1;36m18:43:46[0m [1;33mx5[0m [1;36m#12[0m SKIP tension=[1;36m0.23123968[0m [0m| wall_not_collapsed
[ALPHA_X13_BURST13] mode=OFF radar_adj=0 mom= conf=0
[BETA_X5] mode=OFF radar_adj=0 mom= conf=0
[ALPHA_X13_BURST13] [1;36m18:43:53[0m [1;32mx13[0m [1;36m#12[0m SKIP tension=[1;36m0.00026767[0m [0m| momentum_too_small [1;31mconf=0.0004[0m
[BETA_X5] [1;36m18:43:54[0m [1;33mx5[0m [1;36m#13[0m SKIP tension=[1;36m0.00291559[0m [0m| momentum_too_small [1;31mconf=0.0047[0m
[ALPHA_X13_BURST13] mode=OFF radar_adj=0 mom= conf=0
[BETA_X5] mode=OFF radar_adj=0 mom= conf=0
[ALPHA_X13_BURST13] [1;36m18:44:01[0m [1;32mx13[0m [1;36m#13[0m SKIP tension=[1;36m0.14948904[0m [0m| direction_unclear [1;31mconf=0.24[0m
[BETA_X5] [1;36m18:44:02[0m [1;33mx5[0m [1;36m#14[0m SKIP tension=[1;36m0.14941834[0m [0m| direction_unclear [1;31mconf=0.2399[0m
[ALPHA_X13_BURST13] mode=OFF radar_adj=0 mom= conf=0
[BETA_X5] mode=OFF radar_adj=0 mom= conf=0
[ALPHA_X13_BURST13] [1;36m18:44:09[0m [1;32mx13[0m [1;36m#14[0m SKIP tension=[1;36m0.00176932[0m [0m| momentum_too_small [1;31mconf=0.0028[0m
[BETA_X5] [1;36m18:44:09[0m [1;33mx5[0m [1;36m#15[0m SKIP tension=[1;36m0.01534370[0m [0m| direction_unclear [1;31mconf=0.0246[0m
[ALPHA_X13_BURST13] mode=OFF radar_adj=0 mom= conf=0
[BETA_X5] mode=OFF radar_adj=0 mom= conf=0
[BETA_X5] [1;36m18:44:17[0m [1;33mx5[0m [1;36m#16[0m SKIP tension=[1;36m0.00020910[0m [0m| momentum_too_small [1;31mconf=0.0003[0m
[ALPHA_X13_BURST13] [1;36m18:44:17[0m [1;32mx13[0m [1;36m#15[0m SKIP tension=[1;36m0.00020910[0m [0m| momentum_too_small [1;31mconf=0.0003[0m
[BETA_X5] mode=OFF radar_adj=0 mom= conf=0
[ALPHA_X13_BURST13] mode=OFF radar_adj=0 mom= conf=0
[BETA_X5] [1;36m18:44:25[0m [1;33mx5[0m [1;36m#17[0m SKIP tension=[1;36m0.00029596[0m [0m| momentum_too_small [1;31mconf=0.0005[0m
[ALPHA_X13_BURST13] [1;36m18:44:25[0m [1;32mx13[0m [1;36m#16[0m SKIP tension=[1;36m0.00029596[0m [0m| momentum_too_small [1;31mconf=0.0005[0m
[BETA_X5] mode=OFF radar_adj=0 mom= conf=0
[ALPHA_X13_BURST13] mode=OFF radar_adj=0 mom= conf=0
[BETA_X5] [1;36m18:44:33[0m [1;33mx5[0m [1;36m#18[0m SKIP tension=[1;36m0.00000000[0m [0m| momentum_too_small [1;31mconf=0.3372[0m
[ALPHA_X13_BURST13] [1;36m18:44:33[0m [1;32mx13[0m [1;36m#17[0m SKIP tension=[1;36m0.00474706[0m [0m| momentum_too_small [1;31mconf=0.0076[0m
[BETA_X5] mode=OFF radar_adj=0 mom= conf=0
[ALPHA_X13_BURST13] mode=OFF radar_adj=0 mom= conf=0
[BETA_X5] [1;36m18:44:40[0m [1;33mx5[0m [1;36m#19[0m SKIP tension=[1;36m0.00007091[0m [0m| momentum_too_small [1;31mconf=0.0001[0m
[ALPHA_X13_BURST13] [1;36m18:44:41[0m [1;32mx13[0m [1;36m#18[0m SKIP tension=[1;36m0.00012409[0m [0m| momentum_too_small [1;31mconf=0.0002[0m
[BETA_X5] mode=OFF radar_adj=0 mom= conf=0
[ALPHA_X13_BURST13] mode=OFF radar_adj=0 mom= conf=0
[BETA_X5] [1;36m18:44:48[0m [1;33mx5[0m [1;36m#20[0m SKIP tension=[1;36m0.00030557[0m [0m| momentum_too_small [1;31mconf=0.0005[0m
[ALPHA_X13_BURST13] [1;36m18:44:50[0m [1;32mx13[0m [1;36m#19[0m SKIP tension=[1;36m0.00018574[0m [0m| momentum_too_small [1;31mconf=0.0003[0m
[BETA_X5] mode=OFF radar_adj=0 mom= conf=0
[ALPHA_X13_BURST13] mode=OFF radar_adj=0 mom= conf=0
[BETA_X5] [1;36m18:44:56[0m [1;33mx5[0m [1;36m#21[0m SKIP tension=[1;36m0.00027737[0m [0m| momentum_too_small [1;31mconf=0.0004[0m
[ALPHA_X13_BURST13] [1;36m18:44:58[0m [1;32mx13[0m [1;36m#20[0m SKIP tension=[1;36m0.00025272[0m [0m| momentum_too_small [1;31mconf=0.0004[0m
[BETA_X5] mode=OFF radar_adj=0 mom= conf=0
[ALPHA_X13_BURST13] mode=OFF radar_adj=0 mom= conf=0
[BETA_X5] [1;36m18:45:04[0m [1;33mx5[0m [1;36m#22[0m SKIP tension=[1;36m0.00026164[0m [0m| momentum_too_small [1;31mconf=0.0004[0m
[ALPHA_X13_BURST13] [1;36m18:45:06[0m [1;32mx13[0m [1;36m#21[0m SKIP tension=[1;36m0.22769116[0m [0m| wall_not_collapsed
[BETA_X5] mode=OFF radar_adj=0 mom= conf=0
[ALPHA_X13_BURST13] mode=OFF radar_adj=0 mom= conf=0
[BETA_X5] [1;36m18:45:13[0m [1;33mx5[0m [1;36m#23[0m SKIP tension=[1;36m0.21938063[0m [0m| wall_not_collapsed
[ALPHA_X13_BURST13] [1;36m18:45:14[0m [1;32mx13[0m [1;36m#22[0m SKIP tension=[1;36m0.00084704[0m [0m| momentum_too_small [1;31mconf=0.0014[0m
[BETA_X5] mode=OFF radar_adj=0 mom= conf=0
[ALPHA_X13_BURST13] mode=OFF radar_adj=0 mom= conf=0
[BETA_X5] [1;36m18:45:21[0m [1;33mx5[0m [1;36m#24[0m SKIP tension=[1;36m0.00027398[0m [0m| momentum_too_small [1;31mconf=0.0004[0m
[ALPHA_X13_BURST13] [1;36m18:45:22[0m [1;32mx13[0m [1;36m#23[0m SKIP tension=[1;36m0.24154590[0m [0m| wall_not_collapsed
[BETA_X5] mode=OFF radar_adj=0 mom= conf=0
[ALPHA_X13_BURST13] mode=OFF radar_adj=0 mom= conf=0
[BETA_X5] [1;36m18:45:29[0m [1;33mx5[0m [1;36m#25[0m SKIP tension=[1;36m0.00473210[0m [0m| momentum_too_small [1;31mconf=0.0076[0m
[ALPHA_X13_BURST13] [1;36m18:45:31[0m [1;32mx13[0m [1;36m#24[0m SKIP tension=[1;36m0.00010035[0m [0m| momentum_too_small [1;31mconf=0.0002[0m
[BETA_X5] mode=OFF radar_adj=0 mom= conf=0
[ALPHA_X13_BURST13] mode=OFF radar_adj=0 mom= conf=0
[BETA_X5] [1;36m18:45:37[0m [1;33mx5[0m [1;36m#26[0m SKIP tension=[1;36m0.32345366[0m [0m| wall_not_collapsed
[ALPHA_X13_BURST13] [1;36m18:45:39[0m [1;32mx13[0m [1;36m#25[0m SKIP tension=[1;36m0.00045033[0m [0m| momentum_too_small [1;31mconf=0.0007[0m
[BETA_X5] mode=OFF radar_adj=0 mom= conf=0
[ALPHA_X13_BURST13] mode=OFF radar_adj=0 mom= conf=0
[BETA_X5] [1;36m18:45:45[0m [1;33mx5[0m [1;36m#27[0m SKIP tension=[1;36m0.00019059[0m [0m| momentum_too_small [1;31mconf=0.0003[0m
[ALPHA_X13_BURST13] [1;36m18:45:46[0m [1;32mx13[0m [1;36m#26[0m SKIP tension=[1;36m0.33881199[0m [0m| wall_not_collapsed
[BETA_X5] mode=OFF radar_adj=0 mom= conf=0
[ALPHA_X13_BURST13] mode=OFF radar_adj=0 mom= conf=0
[BETA_X5] [1;36m18:45:53[0m [1;33mx5[0m [1;36m#28[0m SKIP tension=[1;36m0.17487858[0m [0m| direction_unclear [1;31mconf=0.2791[0m
[ALPHA_X13_BURST13] [1;36m18:45:54[0m [1;32mx13[0m [1;36m#27[0m SKIP tension=[1;36m0.00000000[0m [0m| momentum_too_small [1;31mconf=0.3351[0m
[BETA_X5] mode=OFF radar_adj=0 mom= conf=0
[ALPHA_X13_BURST13] mode=OFF radar_adj=0 mom= conf=0
[BETA_X5] [1;36m18:46:00[0m [1;33mx5[0m [1;36m#29[0m SKIP tension=[1;36m0.03645147[0m [0m| direction_unclear [1;31mconf=0.0582[0m
[ALPHA_X13_BURST13] [1;36m18:46:02[0m [1;32mx13[0m [1;36m#28[0m SKIP tension=[1;36m0.00035193[0m [0m| momentum_too_small [1;31mconf=0.0006[0m
[BETA_X5] mode=OFF radar_adj=0 mom= conf=0
[ALPHA_X13_BURST13] mode=OFF radar_adj=0 mom= conf=0
[BETA_X5] [1;36m18:46:08[0m [1;33mx5[0m [1;36m#30[0m SKIP tension=[1;36m0.00146177[0m [0m| momentum_too_small [1;31mconf=0.0023[0m
[ALPHA_X13_BURST13] [1;36m18:46:11[0m [1;32mx13[0m [1;36m#29[0m SKIP tension=[1;36m0.00035303[0m [0m| momentum_too_small [1;31mconf=0.0006[0m
[BETA_X5] mode=OFF radar_adj=0 mom= conf=0
[ALPHA_X13_BURST13] mode=OFF radar_adj=0 mom= conf=0
[BETA_X5] [1;36m18:46:16[0m [1;33mx5[0m [1;36m#31[0m SKIP tension=[1;36m0.00006725[0m [0m| momentum_too_small [1;31mconf=0.0001[0m
[BETA_X5] mode=OFF radar_adj=0 mom= conf=0
[ALPHA_X13_BURST13] [1;36m18:46:19[0m [1;32mx13[0m [1;36m#30[0m SKIP tension=[1;36m0.00035599[0m [0m| momentum_too_small [1;31mconf=0.0006[0m
[ALPHA_X13_BURST13] mode=OFF radar_adj=0 mom= conf=0
[BETA_X5] [1;36m18:46:24[0m [1;33mx5[0m [1;36m#32[0m SKIP tension=[1;36m0.00014399[0m [0m| momentum_too_small [1;31mconf=0.0002[0m
[BETA_X5] mode=OFF radar_adj=0 mom= conf=0
[ALPHA_X13_BURST13] [1;36m18:46:27[0m [1;32mx13[0m [1;36m#31[0m SKIP tension=[1;36m0.03168031[0m [0m| direction_unclear [1;31mconf=0.0506[0m
[ALPHA_X13_BURST13] mode=OFF radar_adj=0 mom= conf=0
[BETA_X5] [1;36m18:46:31[0m [1;33mx5[0m [1;36m#33[0m SKIP tension=[1;36m0.39813546[0m [0m| wall_not_collapsed
[BETA_X5] mode=OFF radar_adj=0 mom= conf=0
[ALPHA_X13_BURST13] [1;36m18:46:36[0m [1;32mx13[0m [1;36m#32[0m SKIP tension=[1;36m0.14178045[0m [0m| direction_unclear [1;31mconf=0.0127[0m
[ALPHA_X13_BURST13] mode=OFF radar_adj=0 mom= conf=0
[BETA_X5] [1;36m18:46:39[0m [1;33mx5[0m [1;36m#34[0m SKIP tension=[1;36m0.05919709[0m [0m| direction_unclear [1;31mconf=0.0942[0m
[BETA_X5] mode=OFF radar_adj=0 mom= conf=0
[ALPHA_X13_BURST13] [1;36m18:46:44[0m [1;32mx13[0m [1;36m#33[0m SKIP tension=[1;36m0.00046903[0m [0m| momentum_too_small [1;31mconf=0.0007[0m
[ALPHA_X13_BURST13] mode=OFF radar_adj=0 mom= conf=0
[BETA_X5] [1;36m18:46:47[0m [1;33mx5[0m [1;36m#35[0m SKIP tension=[1;36m0.27559545[0m [0m| wall_not_collapsed
[BETA_X5] mode=OFF radar_adj=0 mom= conf=0
[ALPHA_X13_BURST13] [1;36m18:46:54[0m [1;32mx13[0m [1;36m#34[0m SKIP tension=[1;33m0.98591524[0m [0m| wall_not_collapsed
[ALPHA_X13_BURST13] mode=OFF radar_adj=0 mom= conf=0
[ALPHA_X13_BURST13] [1;36m18:47:03[0m [1;32mx13[0m [1;36m#35[0m SKIP tension=[1;31m2.95449791[0m [0m| duo no_state
[ALPHA_X13_BURST13] mode=OFF radar_adj=0 mom= conf=0
[ALPHA_X13_BURST13] [1;36m18:47:11[0m [1;32mx13[0m [1;36m#36[0m SKIP tension=[1;36m0.00173555[0m [0m| momentum_too_small [1;31mconf=0.0028[0m
[BETA_X5] [1;36mCycle 36[0m [1;32mSOFT anomaly[0m [1;33m| pnl_abs=0.16170000 > 0.02500000[0m
[ALPHA_X13_BURST13] mode=OFF radar_adj=0 mom= conf=0
[BETA_X5] [1;36mentry=18:47:00@64741.90000000[0m [1;33mx5[0m [1;36m#36[0m [1;32mSELL[0m tension=[1;31m2.55040364[0m hold=[1;36m12[0ms sec=[1;36m12[0m [0m| exit=64731.40000000 [1;32mconf=0.9392[0m [1;36mexit_time=18:47:12[0m [1;32mpnl=0.16170000 bps=1.62182451 pct=0.01621825% total=0.1617[0m
[BETA_X5] mode=OFF radar_adj=0 mom= conf=0
[ALPHA_X13_BURST13] [1;36m18:47:19[0m [1;32mx13[0m [1;36m#37[0m SKIP tension=[1;36m0.17058021[0m [0m| direction_unclear [1;31mconf=0.2722[0m
[ALPHA_X13_BURST13] mode=OFF radar_adj=0 mom= conf=0
[ALPHA_X13_BURST13] [1;36m18:47:28[0m [1;32mx13[0m [1;36m#38[0m SKIP tension=[1;31m5.07918880[0m [0m| duo no_trigger
[ALPHA_X13_BURST13] mode=OFF radar_adj=0 mom= conf=0
[BETA_X5] shockwave beta->alpha until_cycle=47
[BETA_X5] [1;33mSWARM shockwave[0m [0m| beta -> neighbor (shock_inversion_stop)[0m
[BETA_X5] [1;36mentry=18:47:26@64739.80000000[0m [1;33mx5[0m [1;36m#37[0m [1;31mSELL[0m tension=[1;31m3.93201352[0m hold=[1;36m6[0ms sec=[1;36m6[0m [0m| exit=64741.90000000 [1;32mconf=0.9575[0m [1;36mexit_time=18:47:32[0m [1;31mpnl=-0.01596000 bps=-0.32437542 pct=-0.00324375% total=0.14574[0m
[ALPHA_X13_BURST13] [1;36m18:47:36[0m [1;32mx13[0m [1;36m#39[0m SKIP tension=[1;36m0.00000000[0m [0m| spread_too_wide [1;31mconf=0.0[0m
[BETA_X5] mode=OFF radar_adj=0 mom= conf=0
[ALPHA_X13_BURST13] mode=OFF radar_adj=0 mom= conf=0
[BETA_X5] [1;36m18:47:41[0m [1;33mx5[0m [1;36m#38[0m SKIP tension=[1;36m0.73831771[0m [0m| wall_not_collapsed
[BETA_X5] mode=OFF radar_adj=0 mom= conf=0
[ALPHA_X13_BURST13] [1;36m18:47:44[0m [1;32mx13[0m [1;36m#40[0m SKIP tension=[1;36m0.42936308[0m [0m| spread_too_wide [1;31mconf=0.3578[0m
[ALPHA_X13_BURST13] mode=OFF radar_adj=0 mom= conf=0
[ALPHA_X13_BURST13] [1;36m18:47:52[0m [1;32mx13[0m [1;36m#41[0m SKIP tension=[1;36m0.23856357[0m [0m| wall_not_collapsed
[ALPHA_X13_BURST13] mode=OFF radar_adj=0 mom= conf=0
[ALPHA_X13_BURST13] [1;36m18:48:00[0m [1;32mx13[0m [1;36m#42[0m SKIP tension=[1;36m0.00000000[0m [0m| momentum_too_small [1;31mconf=0.3392[0m
[BETA_X5] [1;36mentry=18:47:53@64703.70000000[0m [1;33mx5[0m [1;36m#39[0m [1;32mSELL[0m tension=[1;31m2.36467107[0m hold=[1;36m6[0ms sec=[1;36m6[0m [0m| exit=64702.10000000 [1;32mconf=0.9768[0m [1;36mexit_time=18:47:59[0m [1;32mpnl=0.01216000 bps=0.24728107 pct=0.00247281% total=0.1579[0m
[ALPHA_X13_BURST13] mode=OFF radar_adj=0 mom= conf=0
[BETA_X5] mode=OFF radar_adj=0 mom= conf=0
[ALPHA_X13_BURST13] [1;36m18:48:08[0m [1;32mx13[0m [1;36m#43[0m SKIP tension=[1;36m0.00000000[0m [0m| momentum_too_small [1;31mconf=0.3392[0m
[BETA_X5] [1;36m18:48:09[0m [1;33mx5[0m [1;36m#40[0m SKIP tension=[1;36m0.00000000[0m [0m| momentum_too_small [1;31mconf=0.3446[0m
[BETA_X5] mode=OFF radar_adj=0 mom= conf=0
[ALPHA_X13_BURST13] mode=OFF radar_adj=0 mom= conf=0
[BETA_X5] [1;36m18:48:16[0m [1;33mx5[0m [1;36m#41[0m SKIP tension=[1;36m0.00000000[0m [0m| momentum_too_small [1;31mconf=0.3446[0m
[ALPHA_X13_BURST13] [1;36m18:48:17[0m [1;32mx13[0m [1;36m#44[0m SKIP tension=[1;36m0.00000000[0m [0m| momentum_too_small [1;31mconf=0.3392[0m
[BETA_X5] mode=OFF radar_adj=0 mom= conf=0
[ALPHA_X13_BURST13] mode=OFF radar_adj=0 mom= conf=0
[BETA_X5] [1;36m18:48:24[0m [1;33mx5[0m [1;36m#42[0m SKIP tension=[1;36m0.79345998[0m [0m| wall_not_collapsed
[ALPHA_X13_BURST13] [1;36m18:48:25[0m [1;32mx13[0m [1;36m#45[0m SKIP tension=[1;36m0.79345892[0m [0m| wall_not_collapsed
[BETA_X5] mode=OFF radar_adj=0 mom= conf=0
[ALPHA_X13_BURST13] mode=OFF radar_adj=0 mom= conf=0
[ALPHA_X13_BURST13] [1;36m18:48:33[0m [1;32mx13[0m [1;36m#46[0m SKIP tension=[1;36m0.00002924[0m [0m| momentum_too_small [1;31mconf=0.0[0m
[ALPHA_X13_BURST13] mode=OFF radar_adj=0 mom= conf=0
[ALPHA_X13_BURST13] [1;36m18:48:42[0m [1;32mx13[0m [1;36m#47[0m SKIP tension=[1;32m1.67459806[0m [0m| duo no_trigger
[BETA_X5] [1;36mentry=18:48:36@64699.70000000[0m [1;33mx5[0m [1;36m#43[0m [1;33mSELL[0m tension=[1;32m1.20409238[0m hold=[1;36m6[0ms sec=[1;36m6[0m [0m| exit=64699.70000000 [1;32mconf=0.9845[0m [1;36mexit_time=18:48:43[0m [1;33mpnl=-0.00000000 bps=-0.00000000 pct=-0.00000000% total=0.1579[0m
[ALPHA_X13_BURST13] mode=OFF radar_adj=0 mom= conf=0
[BETA_X5] mode=OFF radar_adj=0 mom= conf=0
[ALPHA_X13_BURST13] [1;36m18:48:51[0m [1;32mx13[0m [1;36m#48[0m SKIP [1;33m| tension_stale age=5576ms>800ms (NUAGE)[0m
[ALPHA_X13_BURST13] mode=OFF radar_adj=0 mom= conf=0
[ALPHA_X13_BURST13] [1;36m18:49:00[0m [1;32mx13[0m [1;36m#49[0m SKIP [1;33m| tension_stale age=1641ms>800ms (NUAGE)[0m
[ALPHA_X13_BURST13] mode=OFF radar_adj=0 mom= conf=0
[BETA_X5] [1;36mentry=18:48:56@64699.00000000[0m [1;33mx5[0m [1;36m#44[0m [1;33mSELL[0m tension=[1;32m1.02990585[0m hold=[1;36m6[0ms sec=[1;36m6[0m [0m| exit=64699.00000000 [1;32mconf=0.9932[0m [1;36mexit_time=18:49:02[0m [1;33mpnl=-0.00000000 bps=-0.00000000 pct=-0.00000000% total=0.1579[0m
[BETA_X5] mode=OFF radar_adj=0 mom= conf=0
[ALPHA_X13_BURST13] [1;36m18:49:09[0m [1;32mx13[0m [1;36m#50[0m SKIP tension=[1;36m0.02570476[0m [0m| direction_unclear [1;31mconf=0.011[0m
[ALPHA_X13_BURST13] mode=OFF radar_adj=0 mom= conf=0
[BETA_X5] [1;36m18:49:12[0m [1;33mx5[0m [1;36m#45[0m SKIP tension=[1;36m0.67695213[0m [0m| wall_not_collapsed
[BETA_X5] mode=OFF radar_adj=0 mom= conf=0
[ALPHA_X13_BURST13] [1;36m18:49:18[0m [1;32mx13[0m [1;36m#51[0m SKIP tension=[1;33m0.91092865[0m [0m| wall_not_collapsed
[BETA_X5] [1;36m18:49:20[0m [1;33mx5[0m [1;36m#46[0m SKIP tension=[1;36m0.00026059[0m [0m| momentum_too_small [1;31mconf=0.0004[0m
[ALPHA_X13_BURST13] mode=OFF radar_adj=0 mom= conf=0
[BETA_X5] mode=OFF radar_adj=0 mom= conf=0
[ALPHA_X13_BURST13] [1;36m18:49:28[0m [1;32mx13[0m [1;36m#52[0m SKIP [1;33m| tension_stale age=6551ms>800ms (NUAGE)[0m
[ALPHA_X13_BURST13] mode=OFF radar_adj=0 mom= conf=0
[BETA_X5] [1;36mCycle 47[0m [1;32mSOFT anomaly[0m [1;33m| pnl_abs=0.08316000 > 0.02500000[0m
[BETA_X5] [1;36mentry=18:49:32@64681.30000000[0m [1;33mx5[0m [1;36m#47[0m [1;32mSELL[0m tension=[1;31m10.67894315[0m hold=[1;36m7[0ms sec=[1;36m7[0m [0m| exit=64675.90000000 [1;32mconf=0.9923[0m [1;36mexit_time=18:49:39[0m [1;32mpnl=0.08316000 bps=0.83486263 pct=0.00834863% total=0.24106[0m
[BETA_X5] mode=OFF radar_adj=0 mom= conf=0
[ALPHA_X13_BURST13] shockwave alpha->beta until_cycle=63
[ALPHA_X13_BURST13] [1;33mSWARM shockwave[0m [0m| alpha -> neighbor (shock_inversion_stop)[0m
[ALPHA_X13_BURST13] [1;36mCycle 53[0m [1;32mSOFT anomaly[0m [1;33m| pnl_abs=0.08040000 > 0.02500000[0m
[BETA_X5] [1;36m18:49:49[0m [1;33mx5[0m [1;36m#48[0m SKIP tension=[1;36m0.00000000[0m [0m| momentum_too_small [1;31mconf=0.3473[0m
[ALPHA_X13_BURST13] [1;36mentry=18:49:41@64675.90000000[0m [1;32mx13[0m [1;36m#53[0m [1;31mBUY[0m tension=[1;31m3.41530004[0m hold=[1;36m7[0ms sec=[1;36m7[0m [0m| exit=64675.40000000 [1;32mconf=0.999[0m [1;36mexit_time=18:49:48[0m [1;31mpnl=-0.08040000 bps=-0.07730855 pct=-0.00077309% total=0.16066[0m
[BETA_X5] mode=OFF radar_adj=0 mom= conf=0
[ALPHA_X13_BURST13] mode=OFF radar_adj=0 mom= conf=0
[ALPHA_X13_BURST13] [1;36m18:49:57[0m [1;32mx13[0m [1;36m#54[0m SKIP tension=[1;36m0.20829189[0m [0m| wall_not_collapsed
[BETA_X5] [1;36m18:49:58[0m [1;33mx5[0m [1;36m#49[0m SKIP tension=[1;36m0.00000000[0m [0m| momentum_too_small [1;31mconf=0.3473[0m
[ALPHA_X13_BURST13] mode=OFF radar_adj=0 mom= conf=0
[BETA_X5] mode=OFF radar_adj=0 mom= conf=0
[ALPHA_X13_BURST13] [1;36m18:50:07[0m [1;32mx13[0m [1;36m#55[0m SKIP [1;33m| tension_stale age=7320ms>800ms (NUAGE)[0m
[BETA_X5] [1;36m18:50:07[0m [1;33mx5[0m [1;36m#50[0m SKIP tension=[1;36m0.01220163[0m [0m| direction_unclear [1;31mconf=0.0197[0m
[BETA_X5] mode=OFF radar_adj=0 mom= conf=0
[ALPHA_X13_BURST13] mode=OFF radar_adj=0 mom= conf=0
[ALPHA_X13_BURST13] [1;36m18:50:16[0m [1;32mx13[0m [1;36m#56[0m SKIP [1;33m| tension_stale age=7660ms>800ms (NUAGE)[0m
[ALPHA_X13_BURST13] mode=OFF radar_adj=0 mom= conf=0
[ALPHA_X13_BURST13] [1;36m18:50:24[0m [1;32mx13[0m [1;36m#57[0m SKIP tension=[1;36m0.00051309[0m [0m| momentum_too_small [1;31mconf=0.0008[0m
[BETA_X5] shockwave beta->alpha until_cycle=61
[BETA_X5] [1;33mSWARM shockwave[0m [0m| beta -> neighbor (shock_inversion_stop)[0m
[ALPHA_X13_BURST13] mode=OFF radar_adj=0 mom= conf=0
[BETA_X5] [1;36mentry=18:50:20@64674.80000000[0m [1;33mx5[0m [1;36m#51[0m [1;31mSELL[0m tension=[1;31m9.84527359[0m hold=[1;36m6[0ms sec=[1;36m6[0m [0m| exit=64676.20000000 [1;32mconf=0.9594[0m [1;36mexit_time=18:50:26[0m [1;31mpnl=-0.01064000 bps=-0.21646762 pct=-0.00216468% total=0.15002[0m
[BETA_X5] mode=OFF radar_adj=0 mom= conf=0
[ALPHA_X13_BURST13] [1;36m18:50:32[0m [1;32mx13[0m [1;36m#58[0m SKIP tension=[1;36m0.00001361[0m [0m| momentum_too_small [1;31mconf=0.0[0m
[ALPHA_X13_BURST13] mode=OFF radar_adj=0 mom= conf=0
[BETA_X5] [1;36m18:50:36[0m [1;33mx5[0m [1;36m#52[0m SKIP tension=[1;36m0.00389841[0m [0m| momentum_too_small [1;31mconf=0.0055[0m
[BETA_X5] mode=OFF radar_adj=0 mom= conf=0
[ALPHA_X13_BURST13] [1;36m18:50:41[0m [1;32mx13[0m [1;36m#59[0m SKIP tension=[1;32m1.35152990[0m [0m| tactic long vs short
[ALPHA_X13_BURST13] mode=OFF radar_adj=0 mom= conf=0
[BETA_X5] [1;36m18:50:44[0m [1;33mx5[0m [1;36m#53[0m SKIP tension=[1;36m0.00000000[0m [0m| momentum_too_small [1;31mconf=0.2952[0m
[BETA_X5] mode=OFF radar_adj=0 mom= conf=0
[ALPHA_X13_BURST13] [1;36m18:50:49[0m [1;32mx13[0m [1;36m#60[0m SKIP tension=[1;36m0.07598091[0m [0m| direction_unclear [1;31mconf=0.1068[0m
[BETA_X5] [1;36m18:50:52[0m [1;33mx5[0m [1;36m#54[0m SKIP tension=[1;36m0.00000000[0m [0m| momentum_too_small [1;31mconf=0.2952[0m
[ALPHA_X13_BURST13] mode=OFF radar_adj=0 mom= conf=0
[BETA_X5] mode=OFF radar_adj=0 mom= conf=0
[ALPHA_X13_BURST13] [1;36m18:50:59[0m [1;32mx13[0m [1;36m#61[0m SKIP tension=[1;36m0.59050111[0m [0m| wall_not_collapsed
[BETA_X5] [1;36m18:51:00[0m [1;33mx5[0m [1;36m#55[0m SKIP tension=[1;36m0.59050111[0m [0m| wall_not_collapsed
[ALPHA_X13_BURST13] mode=OFF radar_adj=0 mom= conf=0
[BETA_X5] mode=OFF radar_adj=0 mom= conf=0
[BETA_X5] [1;36m18:51:08[0m [1;33mx5[0m [1;36m#56[0m SKIP tension=[1;36m0.07598364[0m [0m| direction_unclear [1;31mconf=0.122[0m
[ALPHA_X13_BURST13] [1;36m18:51:08[0m [1;32mx13[0m [1;36m#62[0m SKIP tension=[1;36m0.07598364[0m [0m| direction_unclear [1;31mconf=0.1243[0m
[BETA_X5] mode=OFF radar_adj=0 mom= conf=0
[ALPHA_X13_BURST13] mode=OFF radar_adj=0 mom= conf=0
[BETA_X5] [1;36m18:51:16[0m [1;33mx5[0m [1;36m#57[0m SKIP tension=[1;36m0.00292446[0m [0m| momentum_too_small [1;31mconf=0.0041[0m
[ALPHA_X13_BURST13] [1;36m18:51:16[0m [1;32mx13[0m [1;36m#63[0m SKIP tension=[1;36m0.00000000[0m [0m| momentum_too_small [1;31mconf=0.3226[0m
[BETA_X5] mode=OFF radar_adj=0 mom= conf=0
[ALPHA_X13_BURST13] mode=OFF radar_adj=0 mom= conf=0
[BETA_X5] [1;36m18:51:24[0m [1;33mx5[0m [1;36m#58[0m SKIP tension=[1;36m0.00123389[0m [0m| momentum_too_small [1;31mconf=0.0017[0m
[ALPHA_X13_BURST13] [1;36m18:51:25[0m [1;32mx13[0m [1;36m#64[0m SKIP tension=[1;36m0.00000798[0m [0m| momentum_too_small [1;31mconf=0.0[0m
[BETA_X5] mode=OFF radar_adj=0 mom= conf=0
[ALPHA_X13_BURST13] mode=OFF radar_adj=0 mom= conf=0
[BETA_X5] [1;36m18:51:31[0m [1;33mx5[0m [1;36m#59[0m SKIP tension=[1;36m0.00000000[0m [0m| momentum_too_small [1;31mconf=0.2952[0m
[ALPHA_X13_BURST13] [1;36m18:51:33[0m [1;32mx13[0m [1;36m#65[0m SKIP tension=[1;36m0.00000000[0m [0m| momentum_too_small [1;31mconf=0.3226[0m
[BETA_X5] mode=OFF radar_adj=0 mom= conf=0
[ALPHA_X13_BURST13] [1;33mNET_RETRY[0m [0m| attempt=1/3 rc=35[0m
[BETA_X5] [1;36m18:51:39[0m [1;33mx5[0m [1;36m#60[0m SKIP tension=[1;36m0.00000000[0m [0m| momentum_too_small [1;31mconf=0.2952[0m
[ALPHA_X13_BURST13] mode=OFF radar_adj=0 mom= conf=0
[BETA_X5] mode=OFF radar_adj=0 mom= conf=0
[ALPHA_X13_BURST13] [1;36m18:51:47[0m [1;32mx13[0m [1;36m#66[0m SKIP tension=[1;36m0.00000747[0m [0m| momentum_too_small [1;31mconf=0.0[0m
[BETA_X5] [1;36m18:51:47[0m [1;33mx5[0m [1;36m#61[0m SKIP tension=[1;36m0.00029634[0m [0m| momentum_too_small [1;31mconf=0.0004[0m
[BETA_X5] mode=OFF radar_adj=0 mom= conf=0
[ALPHA_X13_BURST13] mode=OFF radar_adj=0 mom= conf=0
[BETA_X5] [1;36m18:51:55[0m [1;33mx5[0m [1;36m#62[0m SKIP tension=[1;36m0.00000000[0m [0m| momentum_too_small [1;31mconf=0.3392[0m
[ALPHA_X13_BURST13] [1;36m18:51:56[0m [1;32mx13[0m [1;36m#67[0m SKIP tension=[1;36m0.00000000[0m [0m| momentum_too_small [1;31mconf=0.3449[0m
[BETA_X5] mode=OFF radar_adj=0 mom= conf=0
[ALPHA_X13_BURST13] mode=OFF radar_adj=0 mom= conf=0
[BETA_X5] [1;36m18:52:03[0m [1;33mx5[0m [1;36m#63[0m SKIP tension=[1;36m0.00161038[0m [0m| momentum_too_small [1;31mconf=0.0023[0m
[ALPHA_X13_BURST13] [1;36m18:52:04[0m [1;32mx13[0m [1;36m#68[0m SKIP tension=[1;36m0.00321246[0m [0m| momentum_too_small [1;31mconf=0.0049[0m
[BETA_X5] mode=OFF radar_adj=0 mom= conf=0
[ALPHA_X13_BURST13] mode=OFF radar_adj=0 mom= conf=0
[BETA_X5] [1;36m18:52:11[0m [1;33mx5[0m [1;36m#64[0m SKIP tension=[1;36m0.00000000[0m [0m| momentum_too_small [1;31mconf=0.3226[0m
[ALPHA_X13_BURST13] [1;36m18:52:13[0m [1;32mx13[0m [1;36m#69[0m SKIP tension=[1;36m0.07601235[0m [0m| direction_unclear [1;31mconf=0.0123[0m
[BETA_X5] mode=OFF radar_adj=0 mom= conf=0
[ALPHA_X13_BURST13] mode=OFF radar_adj=0 mom= conf=0
[BETA_X5] [1;36m18:52:18[0m [1;33mx5[0m [1;36m#65[0m SKIP tension=[1;36m0.44584472[0m [0m| wall_not_collapsed
[BETA_X5] mode=OFF radar_adj=0 mom= conf=0
[ALPHA_X13_BURST13] [1;36m18:52:21[0m [1;32mx13[0m [1;36m#70[0m SKIP tension=[1;33m0.96236606[0m [0m| wall_not_collapsed
[ALPHA_X13_BURST13] mode=OFF radar_adj=0 mom= conf=0
[BETA_X5] [1;36m18:52:27[0m [1;33mx5[0m [1;36m#66[0m SKIP tension=[1;36m0.00000000[0m [0m| momentum_too_small [1;31mconf=0.3223[0m
[ALPHA_X13_BURST13] [1;36m18:52:29[0m [1;32mx13[0m [1;36m#71[0m SKIP tension=[1;36m0.00000000[0m [0m| momentum_too_small [1;31mconf=0.3223[0m
[BETA_X5] mode=OFF radar_adj=0 mom= conf=0
[ALPHA_X13_BURST13] mode=OFF radar_adj=0 mom= conf=0
[ALPHA_X13_BURST13] [1;36m18:52:38[0m [1;32mx13[0m [1;36m#72[0m SKIP tension=[1;36m0.00000000[0m [0m| momentum_too_small [1;31mconf=0.3206[0m
[ALPHA_X13_BURST13] mode=OFF radar_adj=0 mom= conf=0
[ALPHA_X13_BURST13] [1;36m18:52:47[0m [1;32mx13[0m [1;36m#73[0m SKIP tension=[1;36m0.00000000[0m [0m| momentum_too_small [1;31mconf=0.3331[0m
[BETA_X5] [1;36mentry=18:52:39@64681.50000000[0m [1;33mx5[0m [1;36m#67[0m [1;32mSELL[0m tension=[1;32m1.72628579[0m hold=[1;36m7[0ms sec=[1;36m7[0m [0m| exit=64678.30000000 [1;32mconf=0.9198[0m [1;36mexit_time=18:52:46[0m [1;32mpnl=0.02432000 bps=0.49473188 pct=0.00494732% total=0.17433999999999997[0m
[ALPHA_X13_BURST13] mode=OFF radar_adj=0 mom= conf=0
[BETA_X5] mode=OFF radar_adj=0 mom= conf=0
[ALPHA_X13_BURST13] [1;36m18:52:55[0m [1;32mx13[0m [1;36m#74[0m SKIP tension=[1;36m0.00000000[0m [0m| momentum_too_small [1;31mconf=0.3202[0m
[BETA_X5] [1;36m18:52:55[0m [1;33mx5[0m [1;36m#68[0m SKIP tension=[1;36m0.00000000[0m [0m| momentum_too_small [1;31mconf=0.3202[0m
[ALPHA_X13_BURST13] mode=OFF radar_adj=0 mom= conf=0
[BETA_X5] mode=OFF radar_adj=0 mom= conf=0
[ALPHA_X13_BURST13] [1;36m18:53:03[0m [1;32mx13[0m [1;36m#75[0m SKIP tension=[1;36m0.43685141[0m [0m| wall_not_collapsed
[BETA_X5] [1;36m18:53:03[0m [1;33mx5[0m [1;36m#69[0m SKIP tension=[1;36m0.00001294[0m [0m| momentum_too_small [1;31mconf=0.0[0m
[ALPHA_X13_BURST13] mode=OFF radar_adj=0 mom= conf=0
[BETA_X5] mode=OFF radar_adj=0 mom= conf=0
[ALPHA_X13_BURST13] [1;36m18:53:11[0m [1;32mx13[0m [1;36m#76[0m SKIP tension=[1;36m0.24726628[0m [0m| wall_not_collapsed
[BETA_X5] [1;36m18:53:11[0m [1;33mx5[0m [1;36m#70[0m SKIP tension=[1;36m0.69419302[0m [0m| wall_not_collapsed
[ALPHA_X13_BURST13] mode=OFF radar_adj=0 mom= conf=0
[BETA_X5] mode=OFF radar_adj=0 mom= conf=0
[BETA_X5] [1;36m18:53:19[0m [1;33mx5[0m [1;36m#71[0m SKIP tension=[1;36m0.00001807[0m [0m| momentum_too_small [1;31mconf=0.0[0m
[ALPHA_X13_BURST13] [1;36m18:53:19[0m [1;32mx13[0m [1;36m#77[0m SKIP tension=[1;36m0.00000000[0m [0m| momentum_too_small [1;31mconf=0.3192[0m
[BETA_X5] mode=OFF radar_adj=0 mom= conf=0
[ALPHA_X13_BURST13] mode=OFF radar_adj=0 mom= conf=0
[BETA_X5] [1;36m18:53:27[0m [1;33mx5[0m [1;36m#72[0m SKIP tension=[1;36m0.28575914[0m [0m| wall_not_collapsed
[ALPHA_X13_BURST13] [1;36m18:53:27[0m [1;32mx13[0m [1;36m#78[0m SKIP tension=[1;36m0.28575411[0m [0m| wall_not_collapsed
[BETA_X5] mode=OFF radar_adj=0 mom= conf=0
[ALPHA_X13_BURST13] mode=OFF radar_adj=0 mom= conf=0
[BETA_X5] [1;36m18:53:35[0m [1;33mx5[0m [1;36m#73[0m SKIP tension=[1;36m0.26449880[0m [0m| wall_not_collapsed
[ALPHA_X13_BURST13] [1;36m18:53:35[0m [1;32mx13[0m [1;36m#79[0m SKIP tension=[1;36m0.26450358[0m [0m| wall_not_collapsed
[BETA_X5] mode=OFF radar_adj=0 mom= conf=0
[ALPHA_X13_BURST13] mode=OFF radar_adj=0 mom= conf=0
[BETA_X5] [1;36m18:53:43[0m [1;33mx5[0m [1;36m#74[0m SKIP tension=[1;36m0.67386211[0m [0m| wall_not_collapsed
[ALPHA_X13_BURST13] [1;36m18:53:44[0m [1;32mx13[0m [1;36m#80[0m SKIP tension=[1;36m0.00004511[0m [0m| momentum_too_small [1;31mconf=0.0001[0m
[BETA_X5] mode=OFF radar_adj=0 mom= conf=0
[ALPHA_X13_BURST13] mode=OFF radar_adj=0 mom= conf=0
[ALPHA_X13_BURST13] [1;36m18:53:53[0m [1;32mx13[0m [1;36m#81[0m SKIP tension=[1;32m1.45362697[0m [0m| duo no_trigger
[ALPHA_X13_BURST13] mode=OFF radar_adj=0 mom= conf=0
[ALPHA_X13_BURST13] [1;36m18:54:01[0m [1;32mx13[0m [1;36m#82[0m SKIP tension=[1;36m0.00004492[0m [0m| momentum_too_small [1;31mconf=0.0001[0m
[ALPHA_X13_BURST13] mode=OFF radar_adj=0 mom= conf=0
[BETA_X5] [1;36mentry=18:53:55@64673.20000000[0m [1;33mx5[0m [1;36m#75[0m [1;33mSELL[0m tension=[1;31m2.09924680[0m hold=[1;36m9[0ms sec=[1;36m9[0m [0m| exit=64673.20000000 [1;32mconf=0.9121[0m [1;36mexit_time=18:54:05[0m [1;33mpnl=-0.00000000 bps=-0.00000000 pct=-0.00000000% total=0.17433999999999997[0m
[BETA_X5] mode=OFF radar_adj=0 mom= conf=0
[ALPHA_X13_BURST13] [1;36m18:54:10[0m [1;32mx13[0m [1;36m#83[0m SKIP tension=[1;36m0.00005343[0m [0m| momentum_too_small [1;31mconf=0.0001[0m
[ALPHA_X13_BURST13] mode=OFF radar_adj=0 mom= conf=0
[BETA_X5] [1;36m18:54:14[0m [1;33mx5[0m [1;36m#76[0m SKIP tension=[1;36m0.00005343[0m [0m| momentum_too_small [1;31mconf=0.0001[0m
[BETA_X5] mode=OFF radar_adj=0 mom= conf=0
[ALPHA_X13_BURST13] [1;36m18:54:18[0m [1;32mx13[0m [1;36m#84[0m SKIP tension=[1;36m0.00001821[0m [0m| momentum_too_small [1;31mconf=0.0[0m
[ALPHA_X13_BURST13] mode=OFF radar_adj=0 mom= conf=0
[BETA_X5] [1;36m18:54:22[0m [1;33mx5[0m [1;36m#77[0m SKIP tension=[1;36m0.00005221[0m [0m| momentum_too_small [1;31mconf=0.0001[0m
[BETA_X5] mode=OFF radar_adj=0 mom= conf=0
[ALPHA_X13_BURST13] [1;36m18:54:27[0m [1;32mx13[0m [1;36m#85[0m SKIP tension=[1;36m0.00191648[0m [0m| momentum_too_small [1;31mconf=0.0029[0m
[ALPHA_X13_BURST13] mode=OFF radar_adj=0 mom= conf=0
[BETA_X5] [1;36m18:54:31[0m [1;33mx5[0m [1;36m#78[0m SKIP tension=[1;36m0.00003157[0m [0m| momentum_too_small [1;31mconf=0.0[0m
[BETA_X5] mode=OFF radar_adj=0 mom= conf=0
[ALPHA_X13_BURST13] [1;36m18:54:35[0m [1;32mx13[0m [1;36m#86[0m SKIP tension=[1;36m0.00239709[0m [0m| momentum_too_small [1;31mconf=0.0036[0m
[ALPHA_X13_BURST13] mode=OFF radar_adj=0 mom= conf=0
[BETA_X5] [1;36m18:54:39[0m [1;33mx5[0m [1;36m#79[0m SKIP tension=[1;36m0.36005292[0m [0m| wall_not_collapsed
[BETA_X5] mode=OFF radar_adj=0 mom= conf=0
[ALPHA_X13_BURST13] [1;36m18:54:44[0m [1;32mx13[0m [1;36m#87[0m SKIP tension=[1;36m0.00002794[0m [0m| momentum_too_small [1;31mconf=0.0[0m
[ALPHA_X13_BURST13] mode=OFF radar_adj=0 mom= conf=0
[BETA_X5] [1;36m18:54:47[0m [1;33mx5[0m [1;36m#80[0m SKIP tension=[1;36m0.00001944[0m [0m| momentum_too_small [1;31mconf=0.0[0m
[BETA_X5] mode=OFF radar_adj=0 mom= conf=0
[ALPHA_X13_BURST13] [1;36m18:54:52[0m [1;32mx13[0m [1;36m#88[0m SKIP tension=[1;36m0.00005345[0m [0m| momentum_too_small [1;31mconf=0.0001[0m
[BETA_X5] [1;36m18:54:55[0m [1;33mx5[0m [1;36m#81[0m SKIP tension=[1;36m0.00002308[0m [0m| momentum_too_small [1;31mconf=0.0[0m
[ALPHA_X13_BURST13] mode=OFF radar_adj=0 mom= conf=0
[BETA_X5] mode=OFF radar_adj=0 mom= conf=0
[ALPHA_X13_BURST13] [1;36m18:55:01[0m [1;32mx13[0m [1;36m#89[0m SKIP tension=[1;36m0.00005945[0m [0m| momentum_too_small [1;31mconf=0.0001[0m
[BETA_X5] [1;36m18:55:03[0m [1;33mx5[0m [1;36m#82[0m SKIP tension=[1;36m0.00001699[0m [0m| momentum_too_small [1;31mconf=0.0[0m
[ALPHA_X13_BURST13] mode=OFF radar_adj=0 mom= conf=0
[BETA_X5] mode=OFF radar_adj=0 mom= conf=0
[ALPHA_X13_BURST13] [1;36m18:55:09[0m [1;32mx13[0m [1;36m#90[0m SKIP tension=[1;36m0.00005581[0m [0m| momentum_too_small [1;31mconf=0.0001[0m
[BETA_X5] [1;36m18:55:11[0m [1;33mx5[0m [1;36m#83[0m SKIP tension=[1;36m0.00005460[0m [0m| momentum_too_small [1;31mconf=0.0001[0m
[ALPHA_X13_BURST13] mode=OFF radar_adj=0 mom= conf=0
[BETA_X5] mode=OFF radar_adj=0 mom= conf=0
[ALPHA_X13_BURST13] [1;36m18:55:17[0m [1;32mx13[0m [1;36m#91[0m SKIP tension=[1;36m0.00005339[0m [0m| momentum_too_small [1;31mconf=0.0001[0m
[BETA_X5] [1;36m18:55:19[0m [1;33mx5[0m [1;36m#84[0m SKIP tension=[1;36m0.00000000[0m [0m| momentum_too_small [1;31mconf=0.3192[0m
[ALPHA_X13_BURST13] mode=OFF radar_adj=0 mom= conf=0
[BETA_X5] mode=OFF radar_adj=0 mom= conf=0
[ALPHA_X13_BURST13] [1;36m18:55:26[0m [1;32mx13[0m [1;36m#92[0m SKIP tension=[1;36m0.00008858[0m [0m| momentum_too_small [1;31mconf=0.0001[0m
[BETA_X5] [1;36m18:55:27[0m [1;33mx5[0m [1;36m#85[0m SKIP tension=[1;36m0.00385686[0m [0m| momentum_too_small [1;31mconf=0.0059[0m
[ALPHA_X13_BURST13] mode=OFF radar_adj=0 mom= conf=0
[BETA_X5] mode=OFF radar_adj=0 mom= conf=0
[ALPHA_X13_BURST13] [1;36m18:55:34[0m [1;32mx13[0m [1;36m#93[0m SKIP tension=[1;36m0.00001093[0m [0m| momentum_too_small [1;31mconf=0.0[0m
[BETA_X5] [1;36m18:55:35[0m [1;33mx5[0m [1;36m#86[0m SKIP tension=[1;36m0.00006431[0m [0m| momentum_too_small [1;31mconf=0.0001[0m
[ALPHA_X13_BURST13] mode=OFF radar_adj=0 mom= conf=0
[BETA_X5] mode=OFF radar_adj=0 mom= conf=0
[ALPHA_X13_BURST13] [1;36m18:55:43[0m [1;32mx13[0m [1;36m#94[0m SKIP tension=[1;36m0.00005460[0m [0m| momentum_too_small [1;31mconf=0.0001[0m
[BETA_X5] [1;36m18:55:44[0m [1;33mx5[0m [1;36m#87[0m SKIP tension=[1;36m0.00005460[0m [0m| momentum_too_small [1;31mconf=0.0001[0m
[ALPHA_X13_BURST13] mode=OFF radar_adj=0 mom= conf=0
[BETA_X5] mode=OFF radar_adj=0 mom= conf=0
[ALPHA_X13_BURST13] [1;36m18:55:51[0m [1;32mx13[0m [1;36m#95[0m SKIP tension=[1;36m0.00004979[0m [0m| momentum_too_small [1;31mconf=0.0001[0m
[BETA_X5] [1;36m18:55:52[0m [1;33mx5[0m [1;36m#88[0m SKIP tension=[1;36m0.00003765[0m [0m| momentum_too_small [1;31mconf=0.0001[0m
[BETA_X5] mode=OFF radar_adj=0 mom= conf=0
[ALPHA_X13_BURST13] mode=OFF radar_adj=0 mom= conf=0
[BETA_X5] [1;36m18:56:01[0m [1;33mx5[0m [1;36m#89[0m SKIP tension=[1;36m0.00004129[0m [0m| momentum_too_small [1;31mconf=0.0001[0m
[ALPHA_X13_BURST13] [1;36m18:56:01[0m [1;32mx13[0m [1;36m#96[0m SKIP tension=[1;36m0.00004129[0m [0m| momentum_too_small [1;31mconf=0.0001[0m
[BETA_X5] mode=OFF radar_adj=0 mom= conf=0
[ALPHA_X13_BURST13] mode=OFF radar_adj=0 mom= conf=0
[BETA_X5] [1;36m18:56:09[0m [1;33mx5[0m [1;36m#90[0m SKIP tension=[1;36m0.00005830[0m [0m| momentum_too_small [1;31mconf=0.0001[0m
[ALPHA_X13_BURST13] [1;36m18:56:10[0m [1;32mx13[0m [1;36m#97[0m SKIP tension=[1;36m0.00007044[0m [0m| momentum_too_small [1;31mconf=0.0001[0m
[BETA_X5] mode=OFF radar_adj=0 mom= conf=0
[ALPHA_X13_BURST13] mode=OFF radar_adj=0 mom= conf=0
[BETA_X5] [1;36m18:56:17[0m [1;33mx5[0m [1;36m#91[0m SKIP tension=[1;36m0.00005830[0m [0m| momentum_too_small [1;31mconf=0.0001[0m
[ALPHA_X13_BURST13] [1;36m18:56:19[0m [1;32mx13[0m [1;36m#98[0m SKIP tension=[1;36m0.00002551[0m [0m| momentum_too_small [1;31mconf=0.0[0m
[BETA_X5] mode=OFF radar_adj=0 mom= conf=0
[ALPHA_X13_BURST13] mode=OFF radar_adj=0 mom= conf=0
[BETA_X5] [1;36m18:56:25[0m [1;33mx5[0m [1;36m#92[0m SKIP tension=[1;36m0.00000079[0m [0m| momentum_too_small [1;31mconf=0.0[0m
[ALPHA_X13_BURST13] [1;36m18:56:28[0m [1;32mx13[0m [1;36m#99[0m SKIP tension=[1;36m0.00005466[0m [0m| momentum_too_small [1;31mconf=0.0001[0m
[BETA_X5] mode=OFF radar_adj=0 mom= conf=0
[ALPHA_X13_BURST13] mode=OFF radar_adj=0 mom= conf=0
[BETA_X5] [1;36m18:56:34[0m [1;33mx5[0m [1;36m#93[0m SKIP tension=[1;36m0.00006078[0m [0m| momentum_too_small [1;31mconf=0.0001[0m
[ALPHA_X13_BURST13] [1;36m18:56:36[0m [1;32mx13[0m [1;36m#100[0m SKIP tension=[1;36m0.00052026[0m [0m| momentum_too_small [1;31mconf=0.0008[0m
[BETA_X5] mode=OFF radar_adj=0 mom= conf=0
[ALPHA_X13_BURST13] mode=OFF radar_adj=0 mom= conf=0
[BETA_X5] [1;36m18:56:42[0m [1;33mx5[0m [1;36m#94[0m SKIP tension=[1;36m0.00004863[0m [0m| momentum_too_small [1;31mconf=0.0001[0m
[BETA_X5] mode=OFF radar_adj=0 mom= conf=0
[ALPHA_X13_BURST13] [1;36m18:56:45[0m [1;32mx13[0m [1;36m#101[0m SKIP tension=[1;36m0.00003769[0m [0m| momentum_too_small [1;31mconf=0.0001[0m
[ALPHA_X13_BURST13] mode=OFF radar_adj=0 mom= conf=0
[BETA_X5] [1;36m18:56:50[0m [1;33mx5[0m [1;36m#95[0m SKIP tension=[1;36m0.00012232[0m [0m| momentum_too_small [1;31mconf=0.0002[0m
[BETA_X5] mode=OFF radar_adj=0 mom= conf=0
[ALPHA_X13_BURST13] [1;36m18:56:53[0m [1;32mx13[0m [1;36m#102[0m SKIP tension=[1;36m0.00004016[0m [0m| momentum_too_small [1;31mconf=0.0001[0m
[ALPHA_X13_BURST13] mode=OFF radar_adj=0 mom= conf=0
[BETA_X5] [1;36m18:56:58[0m [1;33mx5[0m [1;36m#96[0m SKIP tension=[1;36m0.00003895[0m [0m| momentum_too_small [1;31mconf=0.0001[0m
[BETA_X5] mode=OFF radar_adj=0 mom= conf=0
[ALPHA_X13_BURST13] [1;36m18:57:02[0m [1;32mx13[0m [1;36m#103[0m SKIP tension=[1;36m0.00000974[0m [0m| momentum_too_small [1;31mconf=0.0[0m
[ALPHA_X13_BURST13] mode=OFF radar_adj=0 mom= conf=0
[BETA_X5] [1;36m18:57:06[0m [1;33mx5[0m [1;36m#97[0m SKIP tension=[1;36m0.00002182[0m [0m| momentum_too_small [1;31mconf=0.0[0m
[BETA_X5] mode=OFF radar_adj=0 mom= conf=0
[ALPHA_X13_BURST13] [1;36m18:57:10[0m [1;32mx13[0m [1;36m#104[0m SKIP tension=[1;36m0.00000602[0m [0m| momentum_too_small [1;31mconf=0.0[0m
[ALPHA_X13_BURST13] mode=OFF radar_adj=0 mom= conf=0
[BETA_X5] [1;36m18:57:16[0m [1;33mx5[0m [1;36m#98[0m SKIP tension=[1;36m0.00007825[0m [0m| momentum_too_small [1;31mconf=0.0001[0m
[BETA_X5] mode=OFF radar_adj=0 mom= conf=0
[ALPHA_X13_BURST13] [1;36m18:57:19[0m [1;32mx13[0m [1;36m#105[0m SKIP tension=[1;36m0.00002934[0m [0m| momentum_too_small [1;31mconf=0.0[0m
[ALPHA_X13_BURST13] mode=OFF radar_adj=0 mom= conf=0
[BETA_X5] [1;36m18:57:24[0m [1;33mx5[0m [1;36m#99[0m SKIP tension=[1;36m0.00001957[0m [0m| momentum_too_small [1;31mconf=0.0[0m
[BETA_X5] mode=OFF radar_adj=0 mom= conf=0
[ALPHA_X13_BURST13] [1;36m18:57:28[0m [1;32mx13[0m [1;36m#106[0m SKIP tension=[1;36m0.00002935[0m [0m| momentum_too_small [1;31mconf=0.0[0m
[ALPHA_X13_BURST13] mode=OFF radar_adj=0 mom= conf=0
[BETA_X5] [1;36m18:57:33[0m [1;33mx5[0m [1;36m#100[0m SKIP tension=[1;36m0.00005361[0m [0m| momentum_too_small [1;31mconf=0.0001[0m
[BETA_X5] mode=OFF radar_adj=0 mom= conf=0
[ALPHA_X13_BURST13] [1;36m18:57:37[0m [1;32mx13[0m [1;36m#107[0m SKIP tension=[1;36m0.00006214[0m [0m| momentum_too_small [1;31mconf=0.0001[0m
[ALPHA_X13_BURST13] mode=OFF radar_adj=0 mom= conf=0
[BETA_X5] [1;36m18:57:41[0m [1;33mx5[0m [1;36m#101[0m SKIP tension=[1;36m0.00005605[0m [0m| momentum_too_small [1;31mconf=0.0001[0m
[BETA_X5] mode=OFF radar_adj=0 mom= conf=0
[ALPHA_X13_BURST13] [1;36m18:57:46[0m [1;32mx13[0m [1;36m#108[0m SKIP tension=[1;36m0.02298521[0m [0m| direction_unclear [1;31mconf=0.0348[0m
[ALPHA_X13_BURST13] mode=OFF radar_adj=0 mom= conf=0
[BETA_X5] [1;36m18:57:50[0m [1;33mx5[0m [1;36m#102[0m SKIP tension=[1;36m0.00004292[0m [0m| momentum_too_small [1;31mconf=0.0001[0m
[BETA_X5] mode=OFF radar_adj=0 mom= conf=0
[ALPHA_X13_BURST13] [1;36m18:57:55[0m [1;32mx13[0m [1;36m#109[0m SKIP tension=[1;36m0.00003088[0m [0m| momentum_too_small [1;31mconf=0.0[0m
[ALPHA_X13_BURST13] mode=OFF radar_adj=0 mom= conf=0
[BETA_X5] [1;36m18:57:58[0m [1;33mx5[0m [1;36m#103[0m SKIP tension=[1;36m0.00000000[0m [0m| momentum_too_small [1;31mconf=0.3179[0m
[BETA_X5] mode=OFF radar_adj=0 mom= conf=0
[ALPHA_X13_BURST13] [1;36m18:58:04[0m [1;32mx13[0m [1;36m#110[0m SKIP tension=[1;36m0.00000000[0m [0m| momentum_too_small [1;31mconf=0.3179[0m
[BETA_X5] [1;36m18:58:06[0m [1;33mx5[0m [1;36m#104[0m SKIP tension=[1;36m0.00000000[0m [0m| momentum_too_small [1;31mconf=0.3179[0m
[ALPHA_X13_BURST13] mode=OFF radar_adj=0 mom= conf=0
[BETA_X5] mode=OFF radar_adj=0 mom= conf=0
[ALPHA_X13_BURST13] [1;36m18:58:13[0m [1;32mx13[0m [1;36m#111[0m SKIP tension=[1;36m0.62503937[0m [0m| wall_not_collapsed
[BETA_X5] [1;36m18:58:14[0m [1;33mx5[0m [1;36m#105[0m SKIP tension=[1;36m0.00001043[0m [0m| momentum_too_small [1;31mconf=0.0[0m
[ALPHA_X13_BURST13] mode=OFF radar_adj=0 mom= conf=0
[BETA_X5] mode=OFF radar_adj=0 mom= conf=0
[ALPHA_X13_BURST13] [1;36m18:58:21[0m [1;32mx13[0m [1;36m#112[0m SKIP tension=[1;36m0.00000000[0m [0m| momentum_too_small [1;31mconf=0.3179[0m
[BETA_X5] [1;36m18:58:23[0m [1;33mx5[0m [1;36m#106[0m SKIP tension=[1;36m0.00000000[0m [0m| momentum_too_small [1;31mconf=0.3179[0m
[ALPHA_X13_BURST13] mode=OFF radar_adj=0 mom= conf=0
[BETA_X5] mode=OFF radar_adj=0 mom= conf=0
[ALPHA_X13_BURST13] [1;36m18:58:30[0m [1;32mx13[0m [1;36m#113[0m SKIP tension=[1;36m0.00000000[0m [0m| momentum_too_small [1;31mconf=0.3358[0m
[BETA_X5] [1;36m18:58:31[0m [1;33mx5[0m [1;36m#107[0m SKIP tension=[1;36m0.00000796[0m [0m| momentum_too_small [1;31mconf=0.0[0m
[ALPHA_X13_BURST13] mode=OFF radar_adj=0 mom= conf=0
[BETA_X5] mode=OFF radar_adj=0 mom= conf=0
[ALPHA_X13_BURST13] [1;36m18:58:39[0m [1;32mx13[0m [1;36m#114[0m SKIP tension=[1;36m0.00091590[0m [0m| momentum_too_small [1;31mconf=0.0014[0m
[BETA_X5] [1;36m18:58:40[0m [1;33mx5[0m [1;36m#108[0m SKIP tension=[1;36m0.70987127[0m [0m| wall_not_collapsed
[ALPHA_X13_BURST13] mode=OFF radar_adj=0 mom= conf=0
[BETA_X5] mode=OFF radar_adj=0 mom= conf=0
[ALPHA_X13_BURST13] [1;36m18:58:47[0m [1;32mx13[0m [1;36m#115[0m SKIP tension=[1;36m0.00000281[0m [0m| momentum_too_small [1;31mconf=0.0[0m
[ALPHA_X13_BURST13] mode=OFF radar_adj=0 mom= conf=0
[ALPHA_X13_BURST13] [1;36m18:58:56[0m [1;32mx13[0m [1;36m#116[0m SKIP tension=[1;36m0.00270320[0m [0m| momentum_too_small [1;31mconf=0.0041[0m
[ALPHA_X13_BURST13] mode=OFF radar_adj=0 mom= conf=0
[BETA_X5] [1;36mentry=18:58:53@64672.80000000[0m [1;33mx5[0m [1;36m#109[0m [1;33mSELL[0m tension=[1;31m2.19397234[0m hold=[1;36m6[0ms sec=[1;36m6[0m [0m| exit=64672.80000000 [1;32mconf=0.9585[0m [1;36mexit_time=18:58:59[0m [1;33mpnl=-0.00000000 bps=-0.00000000 pct=-0.00000000% total=0.17433999999999997[0m
[BETA_X5] mode=OFF radar_adj=0 mom= conf=0
[ALPHA_X13_BURST13] [1;36m18:59:05[0m [1;32mx13[0m [1;36m#117[0m SKIP tension=[1;36m0.00000421[0m [0m| momentum_too_small [1;31mconf=0.0[0m
[ALPHA_X13_BURST13] mode=OFF radar_adj=0 mom= conf=0
[BETA_X5] [1;36m18:59:09[0m [1;33mx5[0m [1;36m#110[0m SKIP tension=[1;36m0.00000000[0m [0m| momentum_too_small [1;31mconf=0.3179[0m
[BETA_X5] mode=OFF radar_adj=0 mom= conf=0
[ALPHA_X13_BURST13] [1;36m18:59:13[0m [1;32mx13[0m [1;36m#118[0m SKIP tension=[1;36m0.00000505[0m [0m| momentum_too_small [1;31mconf=0.0[0m
[ALPHA_X13_BURST13] mode=OFF radar_adj=0 mom= conf=0
[BETA_X5] [1;36m18:59:17[0m [1;33mx5[0m [1;36m#111[0m SKIP tension=[1;36m0.00000281[0m [0m| momentum_too_small [1;31mconf=0.0[0m
[BETA_X5] mode=OFF radar_adj=0 mom= conf=0
[ALPHA_X13_BURST13] [1;36m18:59:22[0m [1;32mx13[0m [1;36m#119[0m SKIP tension=[1;36m0.00009654[0m [0m| momentum_too_small [1;31mconf=0.0001[0m
[ALPHA_X13_BURST13] mode=OFF radar_adj=0 mom= conf=0
[BETA_X5] [1;36m18:59:26[0m [1;33mx5[0m [1;36m#112[0m SKIP tension=[1;36m0.00000000[0m [0m| momentum_too_small [1;31mconf=0.3179[0m
[BETA_X5] mode=OFF radar_adj=0 mom= conf=0
[ALPHA_X13_BURST13] [1;36m18:59:30[0m [1;32mx13[0m [1;36m#120[0m SKIP tension=[1;36m0.00000995[0m [0m| momentum_too_small [1;31mconf=0.0[0m
[ALPHA_X13_BURST13] mode=OFF radar_adj=0 mom= conf=0
[ALPHA_X13_BURST13] [1;36m18:59:40[0m [1;32mx13[0m [1;36m#121[0m SKIP tension=[1;36m0.35967740[0m [0m| wall_not_collapsed
[ALPHA_X13_BURST13] mode=OFF radar_adj=0 mom= conf=0
[BETA_X5] shockwave beta->alpha until_cycle=123
[BETA_X5] [1;33mSWARM shockwave[0m [0m| beta -> neighbor (shock_inversion_stop)[0m
[BETA_X5] [1;36mCycle 113[0m [1;32mSOFT anomaly[0m [1;33m| pnl_abs=0.14630000 > 0.02500000[0m
[BETA_X5] [1;36mentry=18:59:38@64672.80000000[0m [1;33mx5[0m [1;36m#113[0m [1;31mSELL[0m tension=[1;31m2.19494122[0m hold=[1;36m6[0ms sec=[1;36m6[0m [0m| exit=64682.30000000 [1;32mconf=0.9082[0m [1;36mexit_time=18:59:44[0m [1;31mpnl=-0.14630000 bps=-1.46893284 pct=-0.01468933% total=0.028039999999999954[0m
[BETA_X5] mode=OFF radar_adj=0 mom= conf=0
[ALPHA_X13_BURST13] [1;36m18:59:50[0m [1;32mx13[0m [1;36m#122[0m SKIP tension=[1;36m0.00008162[0m [0m| momentum_too_small [1;31mconf=0.0001[0m
[ALPHA_X13_BURST13] mode=OFF radar_adj=0 mom= conf=0
[BETA_X5] [1;36m18:59:54[0m [1;33mx5[0m [1;36m#114[0m SKIP tension=[1;36m0.00000262[0m [0m| momentum_too_small [1;31mconf=0.0[0m
[BETA_X5] mode=OFF radar_adj=0 mom= conf=0
[ALPHA_X13_BURST13] [1;36m18:59:58[0m [1;32mx13[0m [1;36m#123[0m SKIP tension=[1;36m0.00001376[0m [0m| momentum_too_small [1;31mconf=0.0[0m
[ALPHA_X13_BURST13] mode=OFF radar_adj=0 mom= conf=0
[ALPHA_X13_BURST13] [1;36m19:00:07[0m [1;32mx13[0m [1;36m#124[0m SKIP tension=[1;36m0.00000000[0m [0m| momentum_too_small [1;31mconf=0.3179[0m
[ALPHA_X13_BURST13] mode=OFF radar_adj=0 mom= conf=0
[BETA_X5] [1;36mentry=19:00:07@64672.80000000[0m [1;33mx5[0m [1;36m#115[0m [1;33mSELL[0m tension=[1;31m5.77132962[0m hold=[1;36m7[0ms sec=[1;36m7[0m [0m| exit=64672.80000000 [1;32mconf=0.9082[0m [1;36mexit_time=19:00:14[0m [1;33mpnl=-0.00000000 bps=-0.00000000 pct=-0.00000000% total=0.028039999999999954[0m
[ALPHA_X13_BURST13] [1;36m19:00:16[0m [1;32mx13[0m [1;36m#125[0m SKIP [1;33m| tension_stale age=1987ms>800ms (NUAGE)[0m
[BETA_X5] mode=OFF radar_adj=0 mom= conf=0
[ALPHA_X13_BURST13] mode=OFF radar_adj=0 mom= conf=0
[BETA_X5] [1;36m19:00:24[0m [1;33mx5[0m [1;36m#116[0m SKIP tension=[1;36m0.00005158[0m [0m| momentum_too_small [1;31mconf=0.0001[0m
[ALPHA_X13_BURST13] [1;36m19:00:25[0m [1;32mx13[0m [1;36m#126[0m SKIP tension=[1;36m0.00004514[0m [0m| momentum_too_small [1;31mconf=0.0001[0m
[BETA_X5] mode=OFF radar_adj=0 mom= conf=0
[ALPHA_X13_BURST13] mode=OFF radar_adj=0 mom= conf=0
[BETA_X5] [1;36m19:00:32[0m [1;33mx5[0m [1;36m#117[0m SKIP tension=[1;36m0.00031755[0m [0m| momentum_too_small [1;31mconf=0.0005[0m
[ALPHA_X13_BURST13] [1;36m19:00:33[0m [1;32mx13[0m [1;36m#127[0m SKIP tension=[1;36m0.00062052[0m [0m| momentum_too_small [1;31mconf=0.001[0m
[BETA_X5] mode=OFF radar_adj=0 mom= conf=0
[ALPHA_X13_BURST13] mode=OFF radar_adj=0 mom= conf=0
[ALPHA_X13_BURST13] [1;36m19:00:42[0m [1;32mx13[0m [1;36m#128[0m SKIP tension=[1;36m0.00029298[0m [0m| momentum_too_small [1;31mconf=0.0005[0m
[ALPHA_X13_BURST13] mode=OFF radar_adj=0 mom= conf=0
[ALPHA_X13_BURST13] [1;36m19:00:52[0m [1;32mx13[0m [1;36m#129[0m SKIP tension=[1;32m1.07892873[0m [0m| duo no_trigger
[BETA_X5] [1;36mentry=19:00:44@64675.30000000[0m [1;33mx5[0m [1;36m#118[0m [1;32mSELL[0m tension=[1;31m6.02096345[0m hold=[1;36m7[0ms sec=[1;36m7[0m [0m| exit=64675.20000000 [1;32mconf=0.9314[0m [1;36mexit_time=19:00:51[0m [1;32mpnl=0.00076000 bps=0.01546185 pct=0.00015462% total=0.02879999999999995[0m
[ALPHA_X13_BURST13] mode=OFF radar_adj=0 mom= conf=0
[BETA_X5] mode=OFF radar_adj=0 mom= conf=0
[ALPHA_X13_BURST13] [1;36m19:01:00[0m [1;32mx13[0m [1;36m#130[0m SKIP tension=[1;36m0.00000000[0m [0m| momentum_too_small [1;31mconf=0.325[0m
[BETA_X5] [1;36m19:01:01[0m [1;33mx5[0m [1;36m#119[0m SKIP tension=[1;36m0.00000916[0m [0m| momentum_too_small [1;31mconf=0.0[0m
[BETA_X5] mode=OFF radar_adj=0 mom= conf=0
[ALPHA_X13_BURST13] mode=OFF radar_adj=0 mom= conf=0
[BETA_X5] [1;36m19:01:09[0m [1;33mx5[0m [1;36m#120[0m SKIP tension=[1;36m0.00000000[0m [0m| momentum_too_small [1;31mconf=0.3216[0m
[ALPHA_X13_BURST13] [1;36m19:01:10[0m [1;32mx13[0m [1;36m#131[0m SKIP tension=[1;36m0.00039749[0m [0m| momentum_too_small [1;31mconf=0.0006[0m
[BETA_X5] mode=OFF radar_adj=0 mom= conf=0
[ALPHA_X13_BURST13] mode=OFF radar_adj=0 mom= conf=0
[BETA_X5] [1;36m19:01:18[0m [1;33mx5[0m [1;36m#121[0m SKIP tension=[1;36m0.00002512[0m [0m| momentum_too_small [1;31mconf=0.0[0m
[ALPHA_X13_BURST13] [1;36m19:01:18[0m [1;32mx13[0m [1;36m#132[0m SKIP tension=[1;36m0.00002512[0m [0m| momentum_too_small [1;31mconf=0.0[0m
[BETA_X5] mode=OFF radar_adj=0 mom= conf=0
[ALPHA_X13_BURST13] mode=OFF radar_adj=0 mom= conf=0
[BETA_X5] [1;36m19:01:26[0m [1;33mx5[0m [1;36m#122[0m SKIP tension=[1;36m0.00000733[0m [0m| momentum_too_small [1;31mconf=0.0[0m
[ALPHA_X13_BURST13] [1;36m19:01:27[0m [1;32mx13[0m [1;36m#133[0m SKIP tension=[1;36m0.00000733[0m [0m| momentum_too_small [1;31mconf=0.0[0m
[BETA_X5] mode=OFF radar_adj=0 mom= conf=0
[ALPHA_X13_BURST13] mode=OFF radar_adj=0 mom= conf=0
[BETA_X5] [1;36m19:01:35[0m [1;33mx5[0m [1;36m#123[0m SKIP tension=[1;36m0.01502949[0m [0m| direction_unclear [1;31mconf=0.022[0m
[ALPHA_X13_BURST13] [1;36m19:01:37[0m [1;32mx13[0m [1;36m#134[0m SKIP tension=[1;32m1.00747137[0m [0m| duo no_trigger
[BETA_X5] mode=OFF radar_adj=0 mom= conf=0
[ALPHA_X13_BURST13] mode=OFF radar_adj=0 mom= conf=0
[BETA_X5] [1;36m19:01:43[0m [1;33mx5[0m [1;36m#124[0m SKIP tension=[1;36m0.00002266[0m [0m| momentum_too_small [1;31mconf=0.0[0m
[ALPHA_X13_BURST13] [1;36m19:01:45[0m [1;32mx13[0m [1;36m#135[0m SKIP tension=[1;36m0.00001576[0m [0m| momentum_too_small [1;31mconf=0.0[0m
[BETA_X5] mode=OFF radar_adj=0 mom= conf=0
[ALPHA_X13_BURST13] mode=OFF radar_adj=0 mom= conf=0
[BETA_X5] [1;36m19:01:53[0m [1;33mx5[0m [1;36m#125[0m SKIP tension=[1;36m0.00008408[0m [0m| momentum_too_small [1;31mconf=0.0001[0m
[ALPHA_X13_BURST13] [1;36m19:01:54[0m [1;32mx13[0m [1;36m#136[0m SKIP tension=[1;36m0.00000000[0m [0m| momentum_too_small [1;31mconf=0.348[0m
[BETA_X5] mode=OFF radar_adj=0 mom= conf=0
[ALPHA_X13_BURST13] mode=OFF radar_adj=0 mom= conf=0
[BETA_X5] [1;36m19:02:02[0m [1;33mx5[0m [1;36m#126[0m SKIP tension=[1;36m0.00000000[0m [0m| momentum_too_small [1;31mconf=0.348[0m
[ALPHA_X13_BURST13] [1;36m19:02:03[0m [1;32mx13[0m [1;36m#137[0m SKIP tension=[1;36m0.00005725[0m [0m| momentum_too_small [1;31mconf=0.0001[0m
[BETA_X5] mode=OFF radar_adj=0 mom= conf=0
[ALPHA_X13_BURST13] mode=OFF radar_adj=0 mom= conf=0
[BETA_X5] [1;36m19:02:11[0m [1;33mx5[0m [1;36m#127[0m SKIP tension=[1;36m0.00000000[0m [0m| momentum_too_small [1;31mconf=0.3341[0m
[ALPHA_X13_BURST13] [1;36m19:02:12[0m [1;32mx13[0m [1;36m#138[0m SKIP tension=[1;36m0.00000000[0m [0m| momentum_too_small [1;31mconf=0.3341[0m
[BETA_X5] mode=OFF radar_adj=0 mom= conf=0
[ALPHA_X13_BURST13] mode=OFF radar_adj=0 mom= conf=0
[BETA_X5] [1;36m19:02:20[0m [1;33mx5[0m [1;36m#128[0m SKIP tension=[1;36m0.03135405[0m [0m| direction_unclear [1;31mconf=0.0484[0m
[ALPHA_X13_BURST13] [1;36m19:02:21[0m [1;32mx13[0m [1;36m#139[0m SKIP tension=[1;36m0.00000000[0m [0m| momentum_too_small [1;31mconf=0.324[0m
[BETA_X5] mode=OFF radar_adj=0 mom= conf=0
[ALPHA_X13_BURST13] mode=OFF radar_adj=0 mom= conf=0
[BETA_X5] [1;36m19:02:28[0m [1;33mx5[0m [1;36m#129[0m SKIP tension=[1;36m0.27047335[0m [0m| wall_not_collapsed
[ALPHA_X13_BURST13] [1;36m19:02:29[0m [1;32mx13[0m [1;36m#140[0m SKIP tension=[1;36m0.00000071[0m [0m| momentum_too_small [1;31mconf=0.0[0m
[BETA_X5] mode=OFF radar_adj=0 mom= conf=0
[ALPHA_X13_BURST13] mode=OFF radar_adj=0 mom= conf=0
[BETA_X5] [1;36m19:02:36[0m [1;33mx5[0m [1;36m#130[0m SKIP tension=[1;36m0.00000296[0m [0m| momentum_too_small [1;31mconf=0.0[0m
[ALPHA_X13_BURST13] [1;36m19:02:38[0m [1;32mx13[0m [1;36m#141[0m SKIP tension=[1;36m0.00000000[0m [0m| momentum_too_small [1;31mconf=0.3186[0m
[BETA_X5] mode=OFF radar_adj=0 mom= conf=0
[ALPHA_X13_BURST13] mode=OFF radar_adj=0 mom= conf=0
[BETA_X5] [1;36m19:02:45[0m [1;33mx5[0m [1;36m#131[0m SKIP tension=[1;36m0.41669279[0m [0m| wall_not_collapsed
[ALPHA_X13_BURST13] [1;36m19:02:47[0m [1;32mx13[0m [1;36m#142[0m SKIP tension=[1;36m0.00000000[0m [0m| momentum_too_small [1;31mconf=0.3159[0m
[BETA_X5] mode=OFF radar_adj=0 mom= conf=0
[ALPHA_X13_BURST13] mode=OFF radar_adj=0 mom= conf=0
[BETA_X5] [1;36m19:02:53[0m [1;33mx5[0m [1;36m#132[0m SKIP tension=[1;36m0.00000000[0m [0m| momentum_too_small [1;31mconf=0.3064[0m
[ALPHA_X13_BURST13] [1;36m19:02:56[0m [1;32mx13[0m [1;36m#143[0m SKIP tension=[1;33m0.89843911[0m [0m| wall_not_collapsed
[BETA_X5] mode=OFF radar_adj=0 mom= conf=0
[ALPHA_X13_BURST13] mode=OFF radar_adj=0 mom= conf=0
[BETA_X5] [1;36m19:03:03[0m [1;33mx5[0m [1;36m#133[0m SKIP tension=[1;36m0.00000000[0m [0m| momentum_too_small [1;31mconf=0.3044[0m
[ALPHA_X13_BURST13] [1;36m19:03:05[0m [1;32mx13[0m [1;36m#144[0m SKIP tension=[1;36m0.00079438[0m [0m| momentum_too_small [1;31mconf=0.0012[0m
[BETA_X5] mode=OFF radar_adj=0 mom= conf=0
[ALPHA_X13_BURST13] mode=OFF radar_adj=0 mom= conf=0
[BETA_X5] [1;36m19:03:11[0m [1;33mx5[0m [1;36m#134[0m SKIP tension=[1;36m0.00000000[0m [0m| momentum_too_small [1;31mconf=0.3044[0m
[BETA_X5] mode=OFF radar_adj=0 mom= conf=0
[ALPHA_X13_BURST13] [1;36m19:03:14[0m [1;32mx13[0m [1;36m#145[0m SKIP tension=[1;36m0.08221056[0m [0m| direction_unclear [1;31mconf=0.1191[0m
[ALPHA_X13_BURST13] mode=OFF radar_adj=0 mom= conf=0
[BETA_X5] [1;36m19:03:19[0m [1;33mx5[0m [1;36m#135[0m SKIP tension=[1;36m0.00051277[0m [0m| momentum_too_small [1;31mconf=0.0007[0m
[BETA_X5] mode=OFF radar_adj=0 mom= conf=0
[ALPHA_X13_BURST13] [1;36m19:03:22[0m [1;32mx13[0m [1;36m#146[0m SKIP tension=[1;36m0.12095724[0m [0m| direction_unclear [1;31mconf=0.1601[0m
[ALPHA_X13_BURST13] mode=OFF radar_adj=0 mom= conf=0
[BETA_X5] [1;36m19:03:27[0m [1;33mx5[0m [1;36m#136[0m SKIP tension=[1;36m0.00000320[0m [0m| momentum_too_small [1;31mconf=0.0[0m
[BETA_X5] mode=OFF radar_adj=0 mom= conf=0
[ALPHA_X13_BURST13] [1;36m19:03:31[0m [1;32mx13[0m [1;36m#147[0m SKIP tension=[1;36m0.00000000[0m [0m| momentum_too_small [1;31mconf=0.2773[0m
[ALPHA_X13_BURST13] mode=OFF radar_adj=0 mom= conf=0
[BETA_X5] [1;36m19:03:36[0m [1;33mx5[0m [1;36m#137[0m SKIP tension=[1;36m0.00000000[0m [0m| momentum_too_small [1;31mconf=0.2739[0m
[BETA_X5] mode=OFF radar_adj=0 mom= conf=0
[ALPHA_X13_BURST13] [1;36m19:03:41[0m [1;32mx13[0m [1;36m#148[0m SKIP tension=[1;31m3.96958358[0m [0m| duo no_trigger
[ALPHA_X13_BURST13] mode=OFF radar_adj=0 mom= conf=0
[BETA_X5] [1;36m19:03:45[0m [1;33mx5[0m [1;36m#138[0m SKIP tension=[1;36m0.15727094[0m [0m| direction_unclear [1;31mconf=0.2348[0m
[BETA_X5] mode=OFF radar_adj=0 mom= conf=0
[ALPHA_X13_BURST13] [1;36m19:03:50[0m [1;32mx13[0m [1;36m#149[0m SKIP tension=[1;36m0.00001227[0m [0m| momentum_too_small [1;31mconf=0.0[0m
[ALPHA_X13_BURST13] mode=OFF radar_adj=0 mom= conf=0
[ALPHA_X13_BURST13] [1;36m19:03:59[0m [1;32mx13[0m [1;36m#150[0m SKIP tension=[1;36m0.00001145[0m [0m| momentum_too_small [1;31mconf=0.0[0m
[ALPHA_X13_BURST13] mode=OFF radar_adj=0 mom= conf=0
[BETA_X5] shockwave beta->alpha until_cycle=149
[BETA_X5] [1;33mSWARM shockwave[0m [0m| beta -> neighbor (fluid_exit_inversion)[0m
[BETA_X5] [1;36mCycle 139[0m [1;32mSOFT anomaly[0m [1;33m| pnl_abs=0.11856000 > 0.02500000[0m
[BETA_X5] [1;36mentry=19:03:58@64710.90000000[0m [1;33mx5[0m [1;36m#139[0m [1;31mSELL[0m tension=[1;32m1.77119280[0m hold=[1;36m7[0ms sec=[1;36m7[0m [0m| exit=64726.50000000 [1;33mconf=0.7248[0m [1;36mexit_time=19:04:05[0m [1;31mpnl=-0.11856000 bps=-2.41072215 pct=-0.02410722% total=-0.08976000000000005[0m
[ALPHA_X13_BURST13] [1;36m19:04:08[0m [1;32mx13[0m [1;36m#151[0m SKIP tension=[1;36m0.00028965[0m [0m| momentum_too_small [1;31mconf=0.0003[0m
[BETA_X5] mode=OFF radar_adj=0 mom= conf=0
[ALPHA_X13_BURST13] mode=OFF radar_adj=0 mom= conf=0
[BETA_X5] [1;36m19:04:15[0m [1;33mx5[0m [1;36m#140[0m SKIP tension=[1;36m0.00002232[0m [0m| momentum_too_small [1;31mconf=0.0[0m
[ALPHA_X13_BURST13] [1;36m19:04:17[0m [1;32mx13[0m [1;36m#152[0m SKIP [1;33m| tension_stale age=8263ms>800ms (NUAGE)[0m
[BETA_X5] mode=OFF radar_adj=0 mom= conf=0
[ALPHA_X13_BURST13] mode=OFF radar_adj=0 mom= conf=0
[BETA_X5] [1;36m19:04:23[0m [1;33mx5[0m [1;36m#141[0m SKIP tension=[1;36m0.00003915[0m [0m| momentum_too_small [1;31mconf=0.0[0m
[ALPHA_X13_BURST13] [1;36m19:04:25[0m [1;32mx13[0m [1;36m#153[0m SKIP tension=[1;36m0.00002638[0m [0m| momentum_too_small [1;31mconf=0.0[0m
[BETA_X5] mode=OFF radar_adj=0 mom= conf=0
[ALPHA_X13_BURST13] mode=OFF radar_adj=0 mom= conf=0
[BETA_X5] [1;36m19:04:33[0m [1;33mx5[0m [1;36m#142[0m SKIP tension=[1;36m0.63556061[0m [0m| wall_not_collapsed
[ALPHA_X13_BURST13] [1;36m19:04:34[0m [1;32mx13[0m [1;36m#154[0m SKIP [1;33m| tension_stale age=9096ms>800ms (NUAGE)[0m
[BETA_X5] mode=OFF radar_adj=0 mom= conf=0
[ALPHA_X13_BURST13] mode=OFF radar_adj=0 mom= conf=0
[ALPHA_X13_BURST13] [1;36m19:04:43[0m [1;32mx13[0m [1;36m#155[0m SKIP tension=[1;36m0.00004100[0m [0m| momentum_too_small [1;31mconf=0.0001[0m
[ALPHA_X13_BURST13] mode=OFF radar_adj=0 mom= conf=0
[ALPHA_X13_BURST13] [1;36m19:04:51[0m [1;32mx13[0m [1;36m#156[0m SKIP tension=[1;36m0.00000000[0m [0m| momentum_too_small [1;31mconf=0.3497[0m
[BETA_X5] shockwave beta->alpha until_cycle=153
[BETA_X5] [1;33mSWARM shockwave[0m [0m| beta -> neighbor (shock_inversion_stop)[0m
[BETA_X5] [1;36mCycle 143[0m [1;32mSOFT anomaly[0m [1;33m| pnl_abs=0.03192000 > 0.02500000[0m
[BETA_X5] [1;36mentry=19:04:45@64741.80000000[0m [1;33mx5[0m [1;36m#143[0m [1;31mSELL[0m tension=[1;31m3.04597045[0m hold=[1;36m7[0ms sec=[1;36m7[0m [0m| exit=64746.00000000 [1;32mconf=0.999[0m [1;36mexit_time=19:04:52[0m [1;31mpnl=-0.03192000 bps=-0.64873080 pct=-0.00648731% total=-0.12168000000000004[0m
[ALPHA_X13_BURST13] mode=OFF radar_adj=0 mom= conf=0
[BETA_X5] mode=OFF radar_adj=0 mom= conf=0
[ALPHA_X13_BURST13] [1;36m19:04:59[0m [1;32mx13[0m [1;36m#157[0m SKIP tension=[1;36m0.66234357[0m [0m| wall_not_collapsed
[ALPHA_X13_BURST13] mode=OFF radar_adj=0 mom= conf=0
[BETA_X5] [1;36m19:05:02[0m [1;33mx5[0m [1;36m#144[0m SKIP tension=[1;36m0.00149271[0m [0m| momentum_too_small [1;31mconf=0.0025[0m
[BETA_X5] mode=OFF radar_adj=0 mom= conf=0
[ALPHA_X13_BURST13] [1;36m19:05:08[0m [1;32mx13[0m [1;36m#158[0m SKIP tension=[1;36m0.00009164[0m [0m| momentum_too_small [1;31mconf=0.0002[0m
[ALPHA_X13_BURST13] mode=OFF radar_adj=0 mom= conf=0
[ALPHA_X13_BURST13] [1;36m19:05:17[0m [1;32mx13[0m [1;36m#159[0m SKIP tension=[1;36m0.00012878[0m [0m| momentum_too_small [1;31mconf=0.0002[0m
[ALPHA_X13_BURST13] mode=OFF radar_adj=0 mom= conf=0
[BETA_X5] [1;36mCycle 145[0m [1;32mSOFT anomaly[0m [1;33m| pnl_abs=0.04180000 > 0.02500000[0m
[BETA_X5] [1;36mentry=19:05:16@64749.90000000[0m [1;33mx5[0m [1;36m#145[0m [1;32mSELL[0m tension=[1;31m2.04830471[0m hold=[1;36m6[0ms sec=[1;36m6[0m [0m| exit=64744.40000000 [1;32mconf=0.9768[0m [1;36mexit_time=19:05:22[0m [1;32mpnl=0.04180000 bps=0.84942216 pct=0.00849422% total=-0.07988000000000005[0m
[ALPHA_X13_BURST13] [1;36m19:05:26[0m [1;32mx13[0m [1;36m#160[0m SKIP tension=[1;36m0.42307603[0m [0m| wall_not_collapsed
[BETA_X5] mode=OFF radar_adj=0 mom= conf=0
[ALPHA_X13_BURST13] mode=OFF radar_adj=0 mom= conf=0
[BETA_X5] [1;36m19:05:32[0m [1;33mx5[0m [1;36m#146[0m SKIP tension=[1;36m0.00000000[0m [0m| momentum_too_small [1;31mconf=0.3111[0m
[ALPHA_X13_BURST13] [1;36m19:05:34[0m [1;32mx13[0m [1;36m#161[0m SKIP tension=[1;36m0.00000150[0m [0m| momentum_too_small [1;31mconf=0.0[0m
[BETA_X5] mode=OFF radar_adj=0 mom= conf=0
[ALPHA_X13_BURST13] mode=OFF radar_adj=0 mom= conf=0
[BETA_X5] [1;36m19:05:40[0m [1;33mx5[0m [1;36m#147[0m SKIP tension=[1;36m0.42042270[0m [0m| wall_not_collapsed
[ALPHA_X13_BURST13] [1;36m19:05:42[0m [1;32mx13[0m [1;36m#162[0m SKIP tension=[1;36m0.00000644[0m [0m| momentum_too_small [1;31mconf=0.0[0m
[BETA_X5] mode=OFF radar_adj=0 mom= conf=0
[ALPHA_X13_BURST13] mode=OFF radar_adj=0 mom= conf=0
[BETA_X5] [1;36m19:05:48[0m [1;33mx5[0m [1;36m#148[0m SKIP tension=[1;36m0.00000000[0m [0m| momentum_too_small [1;31mconf=0.3111[0m
[BETA_X5] mode=OFF radar_adj=0 mom= conf=0
[ALPHA_X13_BURST13] [1;36m19:05:51[0m [1;32mx13[0m [1;36m#163[0m SKIP tension=[1;36m0.00563391[0m [0m| momentum_too_small [1;31mconf=0.0083[0m
[ALPHA_X13_BURST13] mode=OFF radar_adj=0 mom= conf=0
[BETA_X5] [1;36m19:05:56[0m [1;33mx5[0m [1;36m#149[0m SKIP tension=[1;36m0.00000000[0m [0m| momentum_too_small [1;31mconf=0.3111[0m
[BETA_X5] mode=OFF radar_adj=0 mom= conf=0
[ALPHA_X13_BURST13] [1;36m19:06:00[0m [1;32mx13[0m [1;36m#164[0m SKIP tension=[1;36m0.00000000[0m [0m| momentum_too_small [1;31mconf=0.3111[0m
[ALPHA_X13_BURST13] mode=OFF radar_adj=0 mom= conf=0
[BETA_X5] [1;36m19:06:04[0m [1;33mx5[0m [1;36m#150[0m SKIP tension=[1;36m0.00000150[0m [0m| momentum_too_small [1;31mconf=0.0[0m
[BETA_X5] mode=OFF radar_adj=0 mom= conf=0
[ALPHA_X13_BURST13] [1;36m19:06:08[0m [1;32mx13[0m [1;36m#165[0m SKIP tension=[1;36m0.00036272[0m [0m| momentum_too_small [1;31mconf=0.0005[0m
[ALPHA_X13_BURST13] mode=OFF radar_adj=0 mom= conf=0
[BETA_X5] [1;36m19:06:13[0m [1;33mx5[0m [1;36m#151[0m SKIP tension=[1;36m0.00000000[0m [0m| momentum_too_small [1;31mconf=0.3166[0m
[BETA_X5] mode=OFF radar_adj=0 mom= conf=0
[ALPHA_X13_BURST13] [1;36m19:06:17[0m [1;32mx13[0m [1;36m#166[0m SKIP tension=[1;36m0.00120893[0m [0m| momentum_too_small [1;31mconf=0.0018[0m
[ALPHA_X13_BURST13] mode=OFF radar_adj=0 mom= conf=0
[BETA_X5] [1;36m19:06:22[0m [1;33mx5[0m [1;36m#152[0m SKIP tension=[1;36m0.00000000[0m [0m| momentum_too_small [1;31mconf=0.3166[0m
[BETA_X5] mode=OFF radar_adj=0 mom= conf=0
[ALPHA_X13_BURST13] [1;36m19:06:26[0m [1;32mx13[0m [1;36m#167[0m SKIP tension=[1;36m0.00000000[0m [0m| momentum_too_small [1;31mconf=0.3111[0m
[ALPHA_X13_BURST13] mode=OFF radar_adj=0 mom= conf=0
[ALPHA_X13_BURST13] [1;36m19:06:36[0m [1;32mx13[0m [1;36m#168[0m SKIP tension=[1;36m0.00000000[0m [0m| momentum_too_small [1;31mconf=0.3111[0m
[ALPHA_X13_BURST13] mode=OFF radar_adj=0 mom= conf=0
[BETA_X5] shockwave beta->alpha until_cycle=163
[BETA_X5] [1;33mSWARM shockwave[0m [0m| beta -> neighbor (shock_inversion_stop)[0m
[BETA_X5] [1;36mCycle 153[0m [1;32mSOFT anomaly[0m [1;33m| pnl_abs=0.08664000 > 0.02500000[0m
[BETA_X5] [1;36mentry=19:06:34@64738.60000000[0m [1;33mx5[0m [1;36m#153[0m [1;31mSELL[0m tension=[1;32m1.84038141[0m hold=[1;36m6[0ms sec=[1;36m6[0m [0m| exit=64750.00000000 [1;32mconf=0.889[0m [1;36mexit_time=19:06:41[0m [1;31mpnl=-0.08664000 bps=-1.76092779 pct=-0.01760928% total=-0.16652000000000006[0m
[ALPHA_X13_BURST13] [1;36m19:06:45[0m [1;32mx13[0m [1;36m#169[0m SKIP tension=[1;36m0.14808895[0m [0m| direction_unclear [1;31mconf=0.2235[0m
[BETA_X5] mode=OFF radar_adj=0 mom= conf=0
[ALPHA_X13_BURST13] mode=OFF radar_adj=0 mom= conf=0
[BETA_X5] [1;36m19:06:50[0m [1;33mx5[0m [1;36m#154[0m SKIP tension=[1;36m0.15346669[0m [0m| direction_unclear [1;31mconf=0.2316[0m
[BETA_X5] mode=OFF radar_adj=0 mom= conf=0
[ALPHA_X13_BURST13] [1;36m19:06:54[0m [1;32mx13[0m [1;36m#170[0m SKIP tension=[1;36m0.00017225[0m [0m| momentum_too_small [1;31mconf=0.0003[0m
[ALPHA_X13_BURST13] mode=OFF radar_adj=0 mom= conf=0
[BETA_X5] [1;36m19:06:58[0m [1;33mx5[0m [1;36m#155[0m SKIP tension=[1;36m0.00000000[0m [0m| momentum_too_small [1;31mconf=0.3169[0m
[BETA_X5] mode=OFF radar_adj=0 mom= conf=0
[ALPHA_X13_BURST13] [1;36m19:07:02[0m [1;32mx13[0m [1;36m#171[0m SKIP tension=[1;36m0.15821770[0m [0m| direction_unclear [1;31mconf=0.2502[0m
[ALPHA_X13_BURST13] mode=OFF radar_adj=0 mom= conf=0
[BETA_X5] [1;36m19:07:06[0m [1;33mx5[0m [1;36m#156[0m SKIP tension=[1;32m1.69080508[0m [0m| tactic short vs long
[BETA_X5] mode=OFF radar_adj=0 mom= conf=0
[ALPHA_X13_BURST13] [1;36m19:07:11[0m [1;32mx13[0m [1;36m#172[0m SKIP tension=[1;36m0.04275224[0m [0m| direction_unclear [1;31mconf=0.0117[0m
[ALPHA_X13_BURST13] mode=OFF radar_adj=0 mom= conf=0
[BETA_X5] [1;36m19:07:14[0m [1;33mx5[0m [1;36m#157[0m SKIP tension=[1;36m0.83367128[0m [0m| wall_not_collapsed
[BETA_X5] mode=OFF radar_adj=0 mom= conf=0
[ALPHA_X13_BURST13] [1;36m19:07:19[0m [1;32mx13[0m [1;36m#173[0m SKIP tension=[1;36m0.45638534[0m [0m| wall_not_collapsed
[ALPHA_X13_BURST13] mode=OFF radar_adj=0 mom= conf=0
[BETA_X5] [1;36m19:07:22[0m [1;33mx5[0m [1;36m#158[0m SKIP tension=[1;36m0.00000968[0m [0m| momentum_too_small [1;31mconf=0.0[0m
[BETA_X5] mode=OFF radar_adj=0 mom= conf=0
[ALPHA_X13_BURST13] [1;36m19:07:28[0m [1;32mx13[0m [1;36m#174[0m SKIP tension=[1;36m0.00002546[0m [0m| momentum_too_small [1;31mconf=0.0[0m
[BETA_X5] [1;36m19:07:31[0m [1;33mx5[0m [1;36m#159[0m SKIP tension=[1;36m0.00002496[0m [0m| momentum_too_small [1;31mconf=0.0[0m
[ALPHA_X13_BURST13] mode=OFF radar_adj=0 mom= conf=0
[BETA_X5] mode=OFF radar_adj=0 mom= conf=0
[ALPHA_X13_BURST13] [1;36m19:07:37[0m [1;32mx13[0m [1;36m#175[0m SKIP [1;33m| tension_stale age=4675ms>800ms (NUAGE)[0m
[BETA_X5] [1;36m19:07:39[0m [1;33mx5[0m [1;36m#160[0m SKIP tension=[1;33m0.95352845[0m [0m| wall_not_collapsed
[ALPHA_X13_BURST13] mode=OFF radar_adj=0 mom= conf=0
[BETA_X5] mode=OFF radar_adj=0 mom= conf=0
[ALPHA_X13_BURST13] [1;36m19:07:45[0m [1;32mx13[0m [1;36m#176[0m SKIP tension=[1;36m0.60417014[0m [0m| wall_not_collapsed
[ALPHA_X13_BURST13] mode=OFF radar_adj=0 mom= conf=0
[ALPHA_X13_BURST13] [1;36m19:07:54[0m [1;32mx13[0m [1;36m#177[0m SKIP tension=[1;33m0.87401478[0m [0m| wall_not_collapsed
[ALPHA_X13_BURST13] mode=OFF radar_adj=0 mom= conf=0
[BETA_X5] shockwave beta->alpha until_cycle=171
[BETA_X5] [1;33mSWARM shockwave[0m [0m| beta -> neighbor (shock_inversion_stop)[0m
[BETA_X5] [1;36mentry=19:07:52@64752.40000000[0m [1;33mx5[0m [1;36m#161[0m [1;31mSELL[0m tension=[1;32m1.42613775[0m hold=[1;36m6[0ms sec=[1;36m6[0m [0m| exit=64752.50000000 [1;32mconf=0.9836[0m [1;36mexit_time=19:07:58[0m [1;31mpnl=-0.00076000 bps=-0.01544344 pct=-0.00015443% total=-0.16728000000000004[0m
[ALPHA_X13_BURST13] [1;36m19:08:02[0m [1;32mx13[0m [1;36m#178[0m SKIP tension=[1;36m0.00008057[0m [0m| momentum_too_small [1;31mconf=0.0001[0m
[BETA_X5] mode=OFF radar_adj=0 mom= conf=0
[ALPHA_X13_BURST13] mode=OFF radar_adj=0 mom= conf=0
[BETA_X5] [1;36m19:08:08[0m [1;33mx5[0m [1;36m#162[0m SKIP tension=[1;36m0.00003065[0m [0m| momentum_too_small [1;31mconf=0.0[0m
[BETA_X5] mode=OFF radar_adj=0 mom= conf=0
[ALPHA_X13_BURST13] [1;36m19:08:11[0m [1;32mx13[0m [1;36m#179[0m SKIP [1;33m| tension_stale age=1453ms>800ms (NUAGE)[0m
[ALPHA_X13_BURST13] mode=OFF radar_adj=0 mom= conf=0
[BETA_X5] [1;36m19:08:16[0m [1;33mx5[0m [1;36m#163[0m SKIP tension=[1;36m0.00000876[0m [0m| momentum_too_small [1;31mconf=0.0[0m
[BETA_X5] mode=OFF radar_adj=0 mom= conf=0
[ALPHA_X13_BURST13] [1;36m19:08:20[0m [1;32mx13[0m [1;36m#180[0m SKIP tension=[1;36m0.00006306[0m [0m| momentum_too_small [1;31mconf=0.0001[0m
[ALPHA_X13_BURST13] mode=OFF radar_adj=0 mom= conf=0
[BETA_X5] [1;36m19:08:25[0m [1;33mx5[0m [1;36m#164[0m SKIP tension=[1;36m0.00004116[0m [0m| momentum_too_small [1;31mconf=0.0001[0m
[BETA_X5] mode=OFF radar_adj=0 mom= conf=0
[ALPHA_X13_BURST13] [1;36m19:08:29[0m [1;32mx13[0m [1;36m#181[0m SKIP tension=[1;36m0.00004554[0m [0m| momentum_too_small [1;31mconf=0.0001[0m
[ALPHA_X13_BURST13] mode=OFF radar_adj=0 mom= conf=0
[BETA_X5] [1;36m19:08:34[0m [1;33mx5[0m [1;36m#165[0m SKIP tension=[1;36m0.00170548[0m [0m| momentum_too_small [1;31mconf=0.0025[0m
[BETA_X5] mode=OFF radar_adj=0 mom= conf=0
[ALPHA_X13_BURST13] [1;36m19:08:37[0m [1;32mx13[0m [1;36m#182[0m SKIP tension=[1;36m0.00003066[0m [0m| momentum_too_small [1;31mconf=0.0[0m
[ALPHA_X13_BURST13] mode=OFF radar_adj=0 mom= conf=0
[BETA_X5] [1;36m19:08:42[0m [1;33mx5[0m [1;36m#166[0m SKIP tension=[1;36m0.00004380[0m [0m| momentum_too_small [1;31mconf=0.0001[0m
[BETA_X5] mode=OFF radar_adj=0 mom= conf=0
[ALPHA_X13_BURST13] [1;36m19:08:46[0m [1;32mx13[0m [1;36m#183[0m SKIP tension=[1;36m0.00007447[0m [0m| momentum_too_small [1;31mconf=0.0001[0m
[ALPHA_X13_BURST13] mode=OFF radar_adj=0 mom= conf=0
[BETA_X5] [1;36m19:08:50[0m [1;33mx5[0m [1;36m#167[0m SKIP tension=[1;36m0.00135913[0m [0m| momentum_too_small [1;31mconf=0.002[0m
[BETA_X5] mode=OFF radar_adj=0 mom= conf=0
[ALPHA_X13_BURST13] [1;36m19:08:55[0m [1;32mx13[0m [1;36m#184[0m SKIP tension=[1;36m0.00001577[0m [0m| momentum_too_small [1;31mconf=0.0[0m
[ALPHA_X13_BURST13] mode=OFF radar_adj=0 mom= conf=0
[BETA_X5] [1;36m19:08:59[0m [1;33mx5[0m [1;36m#168[0m SKIP tension=[1;33m0.87401541[0m [0m| wall_not_collapsed
[BETA_X5] mode=OFF radar_adj=0 mom= conf=0
[ALPHA_X13_BURST13] [1;36m19:09:04[0m [1;32mx13[0m [1;36m#185[0m SKIP [1;33m| tension_stale age=3348ms>800ms (NUAGE)[0m
[ALPHA_X13_BURST13] mode=OFF radar_adj=0 mom= conf=0
[BETA_X5] [1;36m19:09:07[0m [1;33mx5[0m [1;36m#169[0m SKIP tension=[1;36m0.00686500[0m [0m| momentum_too_small [1;31mconf=0.0113[0m
[BETA_X5] mode=OFF radar_adj=0 mom= conf=0
[ALPHA_X13_BURST13] [1;36m19:09:12[0m [1;32mx13[0m [1;36m#186[0m SKIP [1;33m| tension_stale age=3283ms>800ms (NUAGE)[0m
[ALPHA_X13_BURST13] mode=OFF radar_adj=0 mom= conf=0
[BETA_X5] [1;36m19:09:16[0m [1;33mx5[0m [1;36m#170[0m SKIP tension=[1;36m0.00017682[0m [0m| momentum_too_small [1;31mconf=0.0003[0m
[BETA_X5] mode=OFF radar_adj=0 mom= conf=0
[ALPHA_X13_BURST13] [1;36m19:09:21[0m [1;32mx13[0m [1;36m#187[0m SKIP tension=[1;36m0.00002758[0m [0m| momentum_too_small [1;31mconf=0.0[0m
[ALPHA_X13_BURST13] mode=OFF radar_adj=0 mom= conf=0
[BETA_X5] [1;36m19:09:25[0m [1;33mx5[0m [1;36m#171[0m SKIP tension=[1;36m0.00002121[0m [0m| momentum_too_small [1;31mconf=0.0[0m
[BETA_X5] mode=OFF radar_adj=0 mom= conf=0
[ALPHA_X13_BURST13] [1;36m19:09:29[0m [1;32mx13[0m [1;36m#188[0m SKIP tension=[1;36m0.00069309[0m [0m| momentum_too_small [1;31mconf=0.0011[0m
[ALPHA_X13_BURST13] mode=OFF radar_adj=0 mom= conf=0
[BETA_X5] [1;36m19:09:33[0m [1;33mx5[0m [1;36m#172[0m SKIP tension=[1;36m0.00010367[0m [0m| momentum_too_small [1;31mconf=0.0002[0m
[BETA_X5] mode=OFF radar_adj=0 mom= conf=0
[ALPHA_X13_BURST13] [1;36m19:09:37[0m [1;32mx13[0m [1;36m#189[0m SKIP tension=[1;36m0.00005044[0m [0m| momentum_too_small [1;31mconf=0.0001[0m
[ALPHA_X13_BURST13] mode=OFF radar_adj=0 mom= conf=0
[BETA_X5] [1;36m19:09:42[0m [1;33mx5[0m [1;36m#173[0m SKIP tension=[1;36m0.00006346[0m [0m| momentum_too_small [1;31mconf=0.0001[0m
[BETA_X5] mode=OFF radar_adj=0 mom= conf=0
[ALPHA_X13_BURST13] [1;36m19:09:46[0m [1;32mx13[0m [1;36m#190[0m SKIP tension=[1;36m0.00000000[0m [0m| momentum_too_small [1;31mconf=0.347[0m
[ALPHA_X13_BURST13] mode=OFF radar_adj=0 mom= conf=0
[BETA_X5] [1;36m19:09:50[0m [1;33mx5[0m [1;36m#174[0m SKIP tension=[1;36m0.00088663[0m [0m| momentum_too_small [1;31mconf=0.0015[0m
[BETA_X5] mode=OFF radar_adj=0 mom= conf=0
[ALPHA_X13_BURST13] [1;36m19:09:55[0m [1;32mx13[0m [1;36m#191[0m SKIP tension=[1;36m0.00011882[0m [0m| momentum_too_small [1;31mconf=0.0002[0m
[ALPHA_X13_BURST13] mode=OFF radar_adj=0 mom= conf=0
[BETA_X5] [1;36m19:09:58[0m [1;33mx5[0m [1;36m#175[0m SKIP tension=[1;36m0.00004079[0m [0m| momentum_too_small [1;31mconf=0.0001[0m
[BETA_X5] mode=OFF radar_adj=0 mom= conf=0
[ALPHA_X13_BURST13] [1;36m19:10:04[0m [1;32mx13[0m [1;36m#192[0m SKIP tension=[1;36m0.17979185[0m [0m| direction_unclear [1;31mconf=0.2971[0m
[BETA_X5] [1;36m19:10:06[0m [1;33mx5[0m [1;36m#176[0m SKIP tension=[1;36m0.00009123[0m [0m| momentum_too_small [1;31mconf=0.0002[0m
[ALPHA_X13_BURST13] mode=OFF radar_adj=0 mom= conf=0
[BETA_X5] mode=OFF radar_adj=0 mom= conf=0
[ALPHA_X13_BURST13] [1;36m19:10:14[0m [1;32mx13[0m [1;36m#193[0m SKIP tension=[1;36m0.00000000[0m [0m| momentum_too_small [1;31mconf=0.347[0m
[BETA_X5] [1;36m19:10:15[0m [1;33mx5[0m [1;36m#177[0m SKIP tension=[1;36m0.00000000[0m [0m| momentum_too_small [1;31mconf=0.347[0m
[ALPHA_X13_BURST13] mode=OFF radar_adj=0 mom= conf=0
[BETA_X5] mode=OFF radar_adj=0 mom= conf=0
[ALPHA_X13_BURST13] [1;36m19:10:22[0m [1;32mx13[0m [1;36m#194[0m SKIP tension=[1;36m0.00000000[0m [0m| momentum_too_small [1;31mconf=0.347[0m
[BETA_X5] [1;36m19:10:23[0m [1;33mx5[0m [1;36m#178[0m SKIP tension=[1;36m0.00000000[0m [0m| momentum_too_small [1;31mconf=0.347[0m
[ALPHA_X13_BURST13] mode=OFF radar_adj=0 mom= conf=0
[BETA_X5] mode=OFF radar_adj=0 mom= conf=0
[BETA_X5] [1;36m19:10:31[0m [1;33mx5[0m [1;36m#179[0m SKIP tension=[1;36m0.00003187[0m [0m| momentum_too_small [1;31mconf=0.0001[0m
[ALPHA_X13_BURST13] [1;36m19:10:31[0m [1;32mx13[0m [1;36m#195[0m SKIP tension=[1;36m0.00002081[0m [0m| momentum_too_small [1;31mconf=0.0[0m
[BETA_X5] mode=OFF radar_adj=0 mom= conf=0
[ALPHA_X13_BURST13] mode=OFF radar_adj=0 mom= conf=0
[ALPHA_X13_BURST13] [1;36m19:10:42[0m [1;32mx13[0m [1;36m#196[0m SKIP [1;33m| tension_stale age=9255ms>800ms (NUAGE)[0m
[ALPHA_X13_BURST13] mode=OFF radar_adj=0 mom= conf=0
[ALPHA_X13_BURST13] [1;36m19:10:51[0m [1;32mx13[0m [1;36m#197[0m SKIP tension=[1;32m1.20601141[0m [0m| duo no_trigger
[ALPHA_X13_BURST13] mode=OFF radar_adj=0 mom= conf=0
[BETA_X5] [1;36mentry=19:10:43@64805.80000000[0m [1;33mx5[0m [1;36m#180[0m [1;32mSELL[0m tension=[1;32m1.84720145[0m hold=[1;36m10[0ms sec=[1;36m10[0m [0m| exit=64804.90000000 [1;32mconf=0.9913[0m [1;36mexit_time=19:10:53[0m [1;32mpnl=0.00684000 bps=0.13887646 pct=0.00138876% total=-0.16044000000000003[0m
[BETA_X5] mode=OFF radar_adj=0 mom= conf=0
[ALPHA_X13_BURST13] [1;36m19:11:00[0m [1;32mx13[0m [1;36m#198[0m SKIP tension=[1;36m0.00000000[0m [0m| momentum_too_small [1;31mconf=0.3476[0m
[ALPHA_X13_BURST13] mode=OFF radar_adj=0 mom= conf=0
[BETA_X5] [1;36m19:11:03[0m [1;33mx5[0m [1;36m#181[0m SKIP tension=[1;36m0.00003856[0m [0m| momentum_too_small [1;31mconf=0.0001[0m
[BETA_X5] mode=OFF radar_adj=0 mom= conf=0
[ALPHA_X13_BURST13] [1;36m19:11:08[0m [1;32mx13[0m [1;36m#199[0m SKIP tension=[1;36m0.00001638[0m [0m| momentum_too_small [1;31mconf=0.0[0m
[ALPHA_X13_BURST13] mode=OFF radar_adj=0 mom= conf=0
[BETA_X5] [1;36m19:11:11[0m [1;33mx5[0m [1;36m#182[0m SKIP tension=[1;36m0.00001040[0m [0m| momentum_too_small [1;31mconf=0.0[0m
[BETA_X5] mode=OFF radar_adj=0 mom= conf=0
[ALPHA_X13_BURST13] [1;36m19:11:17[0m [1;32mx13[0m [1;36m#200[0m SKIP tension=[1;36m0.00005064[0m [0m| momentum_too_small [1;31mconf=0.0001[0m
[BETA_X5] [1;36m19:11:19[0m [1;33mx5[0m [1;36m#183[0m SKIP tension=[1;36m0.00000000[0m [0m| momentum_too_small [1;31mconf=0.347[0m
[ALPHA_X13_BURST13] mode=OFF radar_adj=0 mom= conf=0
[BETA_X5] mode=OFF radar_adj=0 mom= conf=0
[ALPHA_X13_BURST13] [1;36m19:11:25[0m [1;32mx13[0m [1;36m#201[0m SKIP tension=[1;36m0.27126618[0m [0m| wall_not_collapsed
[BETA_X5] [1;36m19:11:27[0m [1;33mx5[0m [1;36m#184[0m SKIP tension=[1;36m0.00000643[0m [0m| momentum_too_small [1;31mconf=0.0[0m
[ALPHA_X13_BURST13] mode=OFF radar_adj=0 mom= conf=0
[BETA_X5] mode=OFF radar_adj=0 mom= conf=0
[ALPHA_X13_BURST13] [1;36m19:11:34[0m [1;32mx13[0m [1;36m#202[0m SKIP tension=[1;36m0.00226571[0m [0m| momentum_too_small [1;31mconf=0.0037[0m
[BETA_X5] [1;36m19:11:36[0m [1;33mx5[0m [1;36m#185[0m SKIP tension=[1;36m0.00000000[0m [0m| momentum_too_small [1;31mconf=0.3463[0m
[ALPHA_X13_BURST13] mode=OFF radar_adj=0 mom= conf=0
[BETA_X5] mode=OFF radar_adj=0 mom= conf=0
[ALPHA_X13_BURST13] [1;36m19:11:42[0m [1;32mx13[0m [1;36m#203[0m SKIP tension=[1;36m0.00000588[0m [0m| momentum_too_small [1;31mconf=0.0[0m
[ALPHA_X13_BURST13] mode=OFF radar_adj=0 mom= conf=0
[ALPHA_X13_BURST13] [1;36m19:11:51[0m [1;32mx13[0m [1;36m#204[0m SKIP tension=[1;36m0.00010265[0m [0m| momentum_too_small [1;31mconf=0.0002[0m
[ALPHA_X13_BURST13] mode=OFF radar_adj=0 mom= conf=0
[BETA_X5] [1;36mentry=19:11:48@64806.00000000[0m [1;33mx5[0m [1;36m#186[0m [1;33mSELL[0m tension=[1;32m1.00114348[0m hold=[1;36m7[0ms sec=[1;36m7[0m [0m| exit=64806.00000000 [1;32mconf=0.9894[0m [1;36mexit_time=19:11:55[0m [1;33mpnl=-0.00000000 bps=-0.00000000 pct=-0.00000000% total=-0.16044000000000003[0m
[ALPHA_X13_BURST13] [1;36m19:11:59[0m [1;32mx13[0m [1;36m#205[0m SKIP tension=[1;36m0.00007727[0m [0m| momentum_too_small [1;31mconf=0.0001[0m
[BETA_X5] mode=OFF radar_adj=0 mom= conf=0
[ALPHA_X13_BURST13] mode=OFF radar_adj=0 mom= conf=0
[BETA_X5] [1;36m19:12:06[0m [1;33mx5[0m [1;36m#187[0m SKIP tension=[1;36m0.00003100[0m [0m| momentum_too_small [1;31mconf=0.0001[0m
[ALPHA_X13_BURST13] [1;36m19:12:08[0m [1;32mx13[0m [1;36m#206[0m SKIP tension=[1;36m0.00048427[0m [0m| momentum_too_small [1;31mconf=0.0008[0m
[BETA_X5] mode=OFF radar_adj=0 mom= conf=0
[ALPHA_X13_BURST13] mode=OFF radar_adj=0 mom= conf=0
[BETA_X5] [1;36m19:12:14[0m [1;33mx5[0m [1;36m#188[0m SKIP tension=[1;36m0.03733197[0m [0m| direction_unclear [1;31mconf=0.0616[0m
[ALPHA_X13_BURST13] [1;36m19:12:16[0m [1;32mx13[0m [1;36m#207[0m SKIP tension=[1;36m0.00194152[0m [0m| momentum_too_small [1;31mconf=0.0032[0m
[BETA_X5] mode=OFF radar_adj=0 mom= conf=0
[ALPHA_X13_BURST13] mode=OFF radar_adj=0 mom= conf=0
[BETA_X5] [1;36m19:12:22[0m [1;33mx5[0m [1;36m#189[0m SKIP tension=[1;36m0.00002913[0m [0m| momentum_too_small [1;31mconf=0.0[0m
[BETA_X5] mode=OFF radar_adj=0 mom= conf=0
[ALPHA_X13_BURST13] [1;36m19:12:25[0m [1;32mx13[0m [1;36m#208[0m SKIP tension=[1;32m1.21012889[0m [0m| duo no_trigger
[ALPHA_X13_BURST13] mode=OFF radar_adj=0 mom= conf=0
[ALPHA_X13_BURST13] [1;36m19:12:33[0m [1;32mx13[0m [1;36m#209[0m SKIP tension=[1;36m0.00000459[0m [0m| momentum_too_small [1;31mconf=0.0[0m
[ALPHA_X13_BURST13] mode=OFF radar_adj=0 mom= conf=0
[BETA_X5] [1;36mentry=19:12:34@64806.00000000[0m [1;33mx5[0m [1;36m#190[0m [1;33mSELL[0m tension=[1;32m1.21017776[0m hold=[1;36m6[0ms sec=[1;36m6[0m [0m| exit=64806.00000000 [1;32mconf=0.9913[0m [1;36mexit_time=19:12:40[0m [1;33mpnl=-0.00000000 bps=-0.00000000 pct=-0.00000000% total=-0.16044000000000003[0m
[ALPHA_X13_BURST13] [1;36m19:12:42[0m [1;32mx13[0m [1;36m#210[0m SKIP tension=[1;36m0.00001192[0m [0m| momentum_too_small [1;31mconf=0.0[0m
[BETA_X5] mode=OFF radar_adj=0 mom= conf=0
[ALPHA_X13_BURST13] mode=OFF radar_adj=0 mom= conf=0
[ALPHA_X13_BURST13] [1;36m19:12:50[0m [1;32mx13[0m [1;36m#211[0m SKIP tension=[1;36m0.00000826[0m [0m| momentum_too_small [1;31mconf=0.0[0m
[BETA_X5] [1;36m19:12:51[0m [1;33mx5[0m [1;36m#191[0m SKIP tension=[1;36m0.00002064[0m [0m| momentum_too_small [1;31mconf=0.0[0m
[ALPHA_X13_BURST13] mode=OFF radar_adj=0 mom= conf=0
[BETA_X5] mode=OFF radar_adj=0 mom= conf=0
[ALPHA_X13_BURST13] [1;36m19:12:59[0m [1;32mx13[0m [1;36m#212[0m SKIP tension=[1;36m0.00001926[0m [0m| momentum_too_small [1;31mconf=0.0[0m
[BETA_X5] [1;36m19:12:59[0m [1;33mx5[0m [1;36m#192[0m SKIP tension=[1;36m0.00001926[0m [0m| momentum_too_small [1;31mconf=0.0[0m
[ALPHA_X13_BURST13] mode=OFF radar_adj=0 mom= conf=0
[BETA_X5] mode=OFF radar_adj=0 mom= conf=0
[ALPHA_X13_BURST13] [1;36m19:13:09[0m [1;32mx13[0m [1;36m#213[0m SKIP tension=[1;32m1.21030303[0m [0m| duo no_trigger
[ALPHA_X13_BURST13] mode=OFF radar_adj=0 mom= conf=0
[ALPHA_X13_BURST13] [1;36m19:13:17[0m [1;32mx13[0m [1;36m#214[0m SKIP tension=[1;36m0.00002202[0m [0m| momentum_too_small [1;31mconf=0.0[0m
[BETA_X5] [1;36mentry=19:13:12@64806.00000000[0m [1;33mx5[0m [1;36m#193[0m [1;33mSELL[0m tension=[1;32m1.21030303[0m hold=[1;36m6[0ms sec=[1;36m6[0m [0m| exit=64806.00000000 [1;32mconf=0.9913[0m [1;36mexit_time=19:13:18[0m [1;33mpnl=-0.00000000 bps=-0.00000000 pct=-0.00000000% total=-0.16044000000000003[0m
[ALPHA_X13_BURST13] mode=OFF radar_adj=0 mom= conf=0
[BETA_X5] mode=OFF radar_adj=0 mom= conf=0
[ALPHA_X13_BURST13] [1;36m19:13:25[0m [1;32mx13[0m [1;36m#215[0m SKIP tension=[1;36m0.00000734[0m [0m| momentum_too_small [1;31mconf=0.0[0m
[ALPHA_X13_BURST13] mode=OFF radar_adj=0 mom= conf=0
[BETA_X5] [1;36m19:13:28[0m [1;33mx5[0m [1;36m#194[0m SKIP tension=[1;36m0.00002202[0m [0m| momentum_too_small [1;31mconf=0.0[0m
[BETA_X5] mode=OFF radar_adj=0 mom= conf=0
[ALPHA_X13_BURST13] [1;36m19:13:34[0m [1;32mx13[0m [1;36m#216[0m SKIP tension=[1;36m0.00000000[0m [0m| momentum_too_small [1;31mconf=0.3456[0m
[BETA_X5] [1;36m19:13:38[0m [1;33mx5[0m [1;36m#195[0m SKIP tension=[1;36m0.00001238[0m [0m| momentum_too_small [1;31mconf=0.0[0m
[ALPHA_X13_BURST13] mode=OFF radar_adj=0 mom= conf=0
[BETA_X5] mode=OFF radar_adj=0 mom= conf=0
[ALPHA_X13_BURST13] [1;36m19:13:49[0m [1;32mx13[0m [1;36m#217[0m SKIP tension=[1;36m0.18524583[0m [0m| direction_unclear [1;31mconf=0.0132[0m
[BETA_X5] [1;36m19:13:49[0m [1;33mx5[0m [1;36m#196[0m SKIP tension=[1;36m0.00001457[0m [0m| momentum_too_small [1;31mconf=0.0[0m
[BETA_X5] mode=OFF radar_adj=0 mom= conf=0
[ALPHA_X13_BURST13] mode=OFF radar_adj=0 mom= conf=0
[BETA_X5] [1;36m19:13:58[0m [1;33mx5[0m [1;36m#197[0m SKIP tension=[1;36m0.00011651[0m [0m| momentum_too_small [1;31mconf=0.0002[0m
[ALPHA_X13_BURST13] [1;36m19:13:58[0m [1;32mx13[0m [1;36m#218[0m SKIP tension=[1;36m0.00011100[0m [0m| momentum_too_small [1;31mconf=0.0002[0m
[BETA_X5] mode=OFF radar_adj=0 mom= conf=0
[ALPHA_X13_BURST13] mode=OFF radar_adj=0 mom= conf=0
[BETA_X5] [1;36m19:14:06[0m [1;33mx5[0m [1;36m#198[0m SKIP tension=[1;36m0.00003440[0m [0m| momentum_too_small [1;31mconf=0.0001[0m
[ALPHA_X13_BURST13] [1;36m19:14:07[0m [1;32mx13[0m [1;36m#219[0m SKIP tension=[1;36m0.00004404[0m [0m| momentum_too_small [1;31mconf=0.0001[0m
[BETA_X5] mode=OFF radar_adj=0 mom= conf=0
[ALPHA_X13_BURST13] mode=OFF radar_adj=0 mom= conf=0
[BETA_X5] [1;36m19:14:15[0m [1;33mx5[0m [1;36m#199[0m SKIP tension=[1;36m0.00002248[0m [0m| momentum_too_small [1;31mconf=0.0[0m
[ALPHA_X13_BURST13] [1;36m19:14:15[0m [1;32mx13[0m [1;36m#220[0m SKIP tension=[1;36m0.00001789[0m [0m| momentum_too_small [1;31mconf=0.0[0m
[BETA_X5] mode=OFF radar_adj=0 mom= conf=0
[ALPHA_X13_BURST13] mode=OFF radar_adj=0 mom= conf=0
[BETA_X5] [1;36m19:14:23[0m [1;33mx5[0m [1;36m#200[0m SKIP tension=[1;36m0.00005596[0m [0m| momentum_too_small [1;31mconf=0.0001[0m
[ALPHA_X13_BURST13] [1;36m19:14:24[0m [1;32mx13[0m [1;36m#221[0m SKIP tension=[1;36m0.00004358[0m [0m| momentum_too_small [1;31mconf=0.0001[0m
[BETA_X5] mode=OFF radar_adj=0 mom= conf=0
[ALPHA_X13_BURST13] mode=OFF radar_adj=0 mom= conf=0
[BETA_X5] [1;36m19:14:31[0m [1;33mx5[0m [1;36m#201[0m SKIP tension=[1;36m0.00019541[0m [0m| momentum_too_small [1;31mconf=0.0003[0m
[ALPHA_X13_BURST13] [1;36m19:14:32[0m [1;32mx13[0m [1;36m#222[0m SKIP tension=[1;36m0.00001449[0m [0m| momentum_too_small [1;31mconf=0.0[0m
[BETA_X5] mode=OFF radar_adj=0 mom= conf=0
[ALPHA_X13_BURST13] mode=OFF radar_adj=0 mom= conf=0
[ALPHA_X13_BURST13] [1;36m19:14:41[0m [1;32mx13[0m [1;36m#223[0m SKIP tension=[1;36m0.00001698[0m [0m| momentum_too_small [1;31mconf=0.0[0m
[ALPHA_X13_BURST13] mode=OFF radar_adj=0 mom= conf=0
[ALPHA_X13_BURST13] [1;36m19:14:50[0m [1;32mx13[0m [1;36m#224[0m SKIP tension=[1;36m0.00000000[0m [0m| momentum_too_small [1;31mconf=0.3456[0m
[BETA_X5] [1;36mentry=19:14:43@64806.00000000[0m [1;33mx5[0m [1;36m#202[0m [1;32mSELL[0m tension=[1;31m2.25675979[0m hold=[1;36m7[0ms sec=[1;36m7[0m [0m| exit=64804.70000000 [1;32mconf=0.999[0m [1;36mexit_time=19:14:50[0m [1;32mpnl=0.02002000 bps=0.20059871 pct=0.00200599% total=-0.14042000000000004[0m
[ALPHA_X13_BURST13] mode=OFF radar_adj=0 mom= conf=0
[BETA_X5] mode=OFF radar_adj=0 mom= conf=0
[ALPHA_X13_BURST13] [1;36m19:15:00[0m [1;32mx13[0m [1;36m#225[0m SKIP tension=[1;36m0.00754455[0m [0m| direction_unclear [1;31mconf=0.0123[0m
[BETA_X5] [1;36m19:15:00[0m [1;33mx5[0m [1;36m#203[0m SKIP tension=[1;36m0.00000000[0m [0m| momentum_too_small [1;31mconf=0.3416[0m
[ALPHA_X13_BURST13] mode=OFF radar_adj=0 mom= conf=0
[BETA_X5] mode=OFF radar_adj=0 mom= conf=0
[BETA_X5] [1;36m19:15:08[0m [1;33mx5[0m [1;36m#204[0m SKIP tension=[1;36m0.01486184[0m [0m| direction_unclear [1;31mconf=0.0242[0m
[ALPHA_X13_BURST13] [1;36m19:15:09[0m [1;32mx13[0m [1;36m#226[0m SKIP tension=[1;36m0.01486184[0m [0m| direction_unclear [1;31mconf=0.013[0m
[BETA_X5] mode=OFF radar_adj=0 mom= conf=0
[ALPHA_X13_BURST13] mode=OFF radar_adj=0 mom= conf=0
[BETA_X5] [1;36m19:15:16[0m [1;33mx5[0m [1;36m#205[0m SKIP tension=[1;36m0.16497023[0m [0m| direction_unclear [1;31mconf=0.2731[0m
[ALPHA_X13_BURST13] [1;36m19:15:18[0m [1;32mx13[0m [1;36m#227[0m SKIP tension=[1;36m0.00292681[0m [0m| momentum_too_small [1;31mconf=0.0048[0m
[BETA_X5] mode=OFF radar_adj=0 mom= conf=0
[ALPHA_X13_BURST13] mode=OFF radar_adj=0 mom= conf=0
[BETA_X5] [1;36m19:15:25[0m [1;33mx5[0m [1;36m#206[0m SKIP tension=[1;36m0.00004618[0m [0m| momentum_too_small [1;31mconf=0.0001[0m
[ALPHA_X13_BURST13] [1;36m19:15:26[0m [1;32mx13[0m [1;36m#228[0m SKIP tension=[1;36m0.00101009[0m [0m| momentum_too_small [1;31mconf=0.0016[0m
[BETA_X5] mode=OFF radar_adj=0 mom= conf=0
[ALPHA_X13_BURST13] mode=OFF radar_adj=0 mom= conf=0
[BETA_X5] [1;36m19:15:33[0m [1;33mx5[0m [1;36m#207[0m SKIP tension=[1;36m0.00003382[0m [0m| momentum_too_small [1;31mconf=0.0001[0m
[ALPHA_X13_BURST13] [1;36m19:15:35[0m [1;32mx13[0m [1;36m#229[0m SKIP tension=[1;36m0.00005996[0m [0m| momentum_too_small [1;31mconf=0.0001[0m
[BETA_X5] mode=OFF radar_adj=0 mom= conf=0
[ALPHA_X13_BURST13] mode=OFF radar_adj=0 mom= conf=0
[BETA_X5] [1;36m19:15:41[0m [1;33mx5[0m [1;36m#208[0m SKIP tension=[1;36m0.50521969[0m [0m| wall_not_collapsed
[ALPHA_X13_BURST13] [1;36m19:15:43[0m [1;32mx13[0m [1;36m#230[0m SKIP tension=[1;36m0.00004144[0m [0m| momentum_too_small [1;31mconf=0.0001[0m
[BETA_X5] mode=OFF radar_adj=0 mom= conf=0
[ALPHA_X13_BURST13] mode=OFF radar_adj=0 mom= conf=0
[BETA_X5] [1;36m19:15:50[0m [1;33mx5[0m [1;36m#209[0m SKIP tension=[1;36m0.00000000[0m [0m| momentum_too_small [1;31mconf=0.3338[0m
[ALPHA_X13_BURST13] [1;36m19:15:52[0m [1;32mx13[0m [1;36m#231[0m SKIP tension=[1;36m0.00000975[0m [0m| momentum_too_small [1;31mconf=0.0[0m
[BETA_X5] mode=OFF radar_adj=0 mom= conf=0
[ALPHA_X13_BURST13] mode=OFF radar_adj=0 mom= conf=0
[BETA_X5] [1;36m19:15:59[0m [1;33mx5[0m [1;36m#210[0m SKIP tension=[1;36m0.00002215[0m [0m| momentum_too_small [1;31mconf=0.0[0m
[ALPHA_X13_BURST13] [1;36m19:16:01[0m [1;32mx13[0m [1;36m#232[0m SKIP tension=[1;36m0.00177669[0m [0m| momentum_too_small [1;31mconf=0.0028[0m
[BETA_X5] mode=OFF radar_adj=0 mom= conf=0
[ALPHA_X13_BURST13] mode=OFF radar_adj=0 mom= conf=0
[BETA_X5] [1;36m19:16:08[0m [1;33mx5[0m [1;36m#211[0m SKIP tension=[1;36m0.00697245[0m [0m| momentum_too_small [1;31mconf=0.0109[0m
[ALPHA_X13_BURST13] [1;36m19:16:11[0m [1;32mx13[0m [1;36m#233[0m SKIP tension=[1;36m0.00000086[0m [0m| momentum_too_small [1;31mconf=0.0[0m
[BETA_X5] mode=OFF radar_adj=0 mom= conf=0
[ALPHA_X13_BURST13] mode=OFF radar_adj=0 mom= conf=0
[BETA_X5] [1;36m19:16:17[0m [1;33mx5[0m [1;36m#212[0m SKIP tension=[1;36m0.00003026[0m [0m| momentum_too_small [1;31mconf=0.0[0m
[ALPHA_X13_BURST13] [1;36m19:16:19[0m [1;32mx13[0m [1;36m#234[0m SKIP tension=[1;36m0.00004928[0m [0m| momentum_too_small [1;31mconf=0.0001[0m
[BETA_X5] mode=OFF radar_adj=0 mom= conf=0
[ALPHA_X13_BURST13] mode=OFF radar_adj=0 mom= conf=0
[BETA_X5] [1;36m19:16:25[0m [1;33mx5[0m [1;36m#213[0m SKIP tension=[1;36m0.00029004[0m [0m| momentum_too_small [1;31mconf=0.0005[0m
[BETA_X5] mode=OFF radar_adj=0 mom= conf=0
[ALPHA_X13_BURST13] [1;36m19:16:28[0m [1;32mx13[0m [1;36m#235[0m SKIP tension=[1;36m0.00004755[0m [0m| momentum_too_small [1;31mconf=0.0001[0m
[ALPHA_X13_BURST13] mode=OFF radar_adj=0 mom= conf=0
[BETA_X5] [1;36m19:16:35[0m [1;33mx5[0m [1;36m#214[0m SKIP tension=[1;36m0.00000000[0m [0m| momentum_too_small [1;31mconf=0.3432[0m
[ALPHA_X13_BURST13] [1;36m19:16:39[0m [1;32mx13[0m [1;36m#236[0m SKIP tension=[1;33m0.85887648[0m [0m| wall_not_collapsed
[BETA_X5] mode=OFF radar_adj=0 mom= conf=0
[ALPHA_X13_BURST13] mode=OFF radar_adj=0 mom= conf=0
[ALPHA_X13_BURST13] [1;36m19:16:57[0m [1;32mx13[0m [1;36m#237[0m SKIP tension=[1;31m4.59563593[0m [0m| duo no_trigger
[ALPHA_X13_BURST13] mode=OFF radar_adj=0 mom= conf=0
[ALPHA_X13_BURST13] [1;36m19:17:14[0m [1;32mx13[0m [1;36m#238[0m SKIP tension=[1;36m0.00001433[0m [0m| momentum_too_small [1;31mconf=0.0[0m
[ALPHA_X13_BURST13] mode=OFF radar_adj=0 mom= conf=0
[BETA_X5] shockwave beta->alpha until_cycle=225
[BETA_X5] [1;33mSWARM shockwave[0m [0m| beta -> neighbor (shock_inversion_stop)[0m
[BETA_X5] [1;36mCycle 215[0m [1;32mSOFT anomaly[0m [1;33m| pnl_abs=0.15438000 > 0.02500000[0m
[BETA_X5] [1;36mentry=19:17:12@64793.30000000[0m [1;33mx5[0m [1;36m#215[0m [1;31mSELL[0m tension=[1;31m14.69634588[0m hold=[1;36m7[0ms sec=[1;36m7[0m [0m| exit=64799.50000000 [1;32mconf=0.9933[0m [1;36mexit_time=19:17:19[0m [1;31mpnl=-0.15438000 bps=-0.95688906 pct=-0.00956889% total=-0.29480000000000006[0m
[ALPHA_X13_BURST13] [1;36m19:17:23[0m [1;32mx13[0m [1;36m#239[0m SKIP tension=[1;36m0.00000000[0m [0m| momentum_too_small [1;31mconf=0.3041[0m
[BETA_X5] mode=OFF radar_adj=0 mom= conf=0
[ALPHA_X13_BURST13] mode=OFF radar_adj=0 mom= conf=0
[BETA_X5] [1;36m19:17:29[0m [1;33mx5[0m [1;36m#216[0m SKIP tension=[1;36m0.30531130[0m [0m| wall_not_collapsed
[BETA_X5] mode=OFF radar_adj=0 mom= conf=0
[ALPHA_X13_BURST13] [1;36m19:17:32[0m [1;32mx13[0m [1;36m#240[0m SKIP [1;33m| tension_stale age=1672ms>800ms (NUAGE)[0m
[BETA_X5] [1;33mNET_RETRY[0m [0m| attempt=1/3 rc=28[0m
[ALPHA_X13_BURST13] mode=OFF radar_adj=0 mom= conf=0
[BETA_X5] [1;36m19:17:52[0m [1;33mx5[0m [1;36m#217[0m SKIP tension=[1;36m0.00001692[0m [0m| momentum_too_small [1;31mconf=0.0[0m
[ALPHA_X13_BURST13] [1;36m19:17:52[0m [1;32mx13[0m [1;36m#241[0m SKIP tension=[1;36m0.00000000[0m [0m| momentum_too_small [1;31mconf=0.3233[0m
[BETA_X5] mode=OFF radar_adj=0 mom= conf=0
[ALPHA_X13_BURST13] mode=OFF radar_adj=0 mom= conf=0
[ALPHA_X13_BURST13] [1;36m19:18:02[0m [1;32mx13[0m [1;36m#242[0m SKIP tension=[1;36m0.00000000[0m [0m| momentum_too_small [1;31mconf=0.3233[0m
[BETA_X5] [1;36m19:18:03[0m [1;33mx5[0m [1;36m#218[0m SKIP tension=[1;36m0.00001562[0m [0m| momentum_too_small [1;31mconf=0.0[0m
[ALPHA_X13_BURST13] mode=OFF radar_adj=0 mom= conf=0
[BETA_X5] mode=OFF radar_adj=0 mom= conf=0
[ALPHA_X13_BURST13] [1;36m19:18:10[0m [1;32mx13[0m [1;36m#243[0m SKIP tension=[1;36m0.00026697[0m [0m| momentum_too_small [1;31mconf=0.0004[0m
[BETA_X5] [1;36m19:18:11[0m [1;33mx5[0m [1;36m#219[0m SKIP tension=[1;36m0.00026697[0m [0m| momentum_too_small [1;31mconf=0.0004[0m
[ALPHA_X13_BURST13] mode=OFF radar_adj=0 mom= conf=0
[BETA_X5] mode=OFF radar_adj=0 mom= conf=0
[BETA_X5] [1;36m19:18:19[0m [1;33mx5[0m [1;36m#220[0m SKIP tension=[1;36m0.00000000[0m [0m| momentum_too_small [1;31mconf=0.3233[0m
[ALPHA_X13_BURST13] [1;36m19:18:19[0m [1;32mx13[0m [1;36m#244[0m SKIP tension=[1;36m0.00664949[0m [0m| momentum_too_small [1;31mconf=0.0102[0m
[BETA_X5] mode=OFF radar_adj=0 mom= conf=0
[ALPHA_X13_BURST13] mode=OFF radar_adj=0 mom= conf=0
[BETA_X5] [1;36m19:18:27[0m [1;33mx5[0m [1;36m#221[0m SKIP tension=[1;36m0.00031605[0m [0m| momentum_too_small [1;31mconf=0.0005[0m
[ALPHA_X13_BURST13] [1;36m19:18:27[0m [1;32mx13[0m [1;36m#245[0m SKIP tension=[1;36m0.00031605[0m [0m| momentum_too_small [1;31mconf=0.0005[0m
[BETA_X5] mode=OFF radar_adj=0 mom= conf=0
[ALPHA_X13_BURST13] mode=OFF radar_adj=0 mom= conf=0
[BETA_X5] [1;36m19:18:35[0m [1;33mx5[0m [1;36m#222[0m SKIP tension=[1;36m0.00083699[0m [0m| momentum_too_small [1;31mconf=0.0013[0m
[ALPHA_X13_BURST13] [1;36m19:18:36[0m [1;32mx13[0m [1;36m#246[0m SKIP tension=[1;36m0.00084133[0m [0m| momentum_too_small [1;31mconf=0.0013[0m
[BETA_X5] mode=OFF radar_adj=0 mom= conf=0
[ALPHA_X13_BURST13] mode=OFF radar_adj=0 mom= conf=0
[BETA_X5] [1;36m19:18:44[0m [1;33mx5[0m [1;36m#223[0m SKIP tension=[1;36m0.00000000[0m [0m| momentum_too_small [1;31mconf=0.3233[0m
[ALPHA_X13_BURST13] [1;36m19:18:45[0m [1;32mx13[0m [1;36m#247[0m SKIP tension=[1;36m0.00001475[0m [0m| momentum_too_small [1;31mconf=0.0[0m
[BETA_X5] mode=OFF radar_adj=0 mom= conf=0
[ALPHA_X13_BURST13] mode=OFF radar_adj=0 mom= conf=0
[BETA_X5] [1;36m19:18:52[0m [1;33mx5[0m [1;36m#224[0m SKIP tension=[1;36m0.84278949[0m [0m| wall_not_collapsed
[ALPHA_X13_BURST13] [1;36m19:18:54[0m [1;32mx13[0m [1;36m#248[0m SKIP tension=[1;36m0.00000998[0m [0m| momentum_too_small [1;31mconf=0.0[0m
[BETA_X5] mode=OFF radar_adj=0 mom= conf=0
[ALPHA_X13_BURST13] mode=OFF radar_adj=0 mom= conf=0
[BETA_X5] [1;36m19:19:01[0m [1;33mx5[0m [1;36m#225[0m SKIP tension=[1;36m0.00000000[0m [0m| momentum_too_small [1;31mconf=0.2997[0m
[ALPHA_X13_BURST13] [1;36m19:19:03[0m [1;32mx13[0m [1;36m#249[0m SKIP tension=[1;36m0.00002082[0m [0m| momentum_too_small [1;31mconf=0.0[0m
[BETA_X5] mode=OFF radar_adj=0 mom= conf=0
[ALPHA_X13_BURST13] mode=OFF radar_adj=0 mom= conf=0
[BETA_X5] [1;36m19:19:09[0m [1;33mx5[0m [1;36m#226[0m SKIP tension=[1;36m0.00002342[0m [0m| momentum_too_small [1;31mconf=0.0[0m
[BETA_X5] mode=OFF radar_adj=0 mom= conf=0
[ALPHA_X13_BURST13] [1;36m19:19:12[0m [1;32mx13[0m [1;36m#250[0m SKIP tension=[1;36m0.00000000[0m [0m| momentum_too_small [1;31mconf=0.2997[0m
[ALPHA_X13_BURST13] mode=OFF radar_adj=0 mom= conf=0
[BETA_X5] [1;36m19:19:17[0m [1;33mx5[0m [1;36m#227[0m SKIP tension=[1;36m0.00000000[0m [0m| momentum_too_small [1;31mconf=0.3[0m
[BETA_X5] mode=OFF radar_adj=0 mom= conf=0
[ALPHA_X13_BURST13] [1;36m19:19:21[0m [1;32mx13[0m [1;36m#251[0m SKIP tension=[1;36m0.00000000[0m [0m| momentum_too_small [1;31mconf=0.3[0m
[ALPHA_X13_BURST13] mode=OFF radar_adj=0 mom= conf=0
[BETA_X5] [1;36m19:19:25[0m [1;33mx5[0m [1;36m#228[0m SKIP tension=[1;33m0.89542446[0m [0m| wall_not_collapsed
[BETA_X5] mode=OFF radar_adj=0 mom= conf=0
[ALPHA_X13_BURST13] [1;36m19:19:31[0m [1;32mx13[0m [1;36m#252[0m SKIP tension=[1;36m0.00097372[0m [0m| momentum_too_small [1;31mconf=0.0014[0m
[ALPHA_X13_BURST13] mode=OFF radar_adj=0 mom= conf=0
[BETA_X5] [1;36m19:19:34[0m [1;33mx5[0m [1;36m#229[0m SKIP tension=[1;36m0.00029245[0m [0m| momentum_too_small [1;31mconf=0.0004[0m
[BETA_X5] mode=OFF radar_adj=0 mom= conf=0
[ALPHA_X13_BURST13] [1;36m19:19:39[0m [1;32mx13[0m [1;36m#253[0m SKIP tension=[1;36m0.00000000[0m [0m| momentum_too_small [1;31mconf=0.2997[0m
[ALPHA_X13_BURST13] mode=OFF radar_adj=0 mom= conf=0
[BETA_X5] [1;36m19:19:43[0m [1;33mx5[0m [1;36m#230[0m SKIP tension=[1;36m0.00002040[0m [0m| momentum_too_small [1;31mconf=0.0[0m
[BETA_X5] mode=OFF radar_adj=0 mom= conf=0
[ALPHA_X13_BURST13] [1;36m19:19:47[0m [1;32mx13[0m [1;36m#254[0m SKIP tension=[1;36m0.00074193[0m [0m| momentum_too_small [1;31mconf=0.0011[0m
[ALPHA_X13_BURST13] mode=OFF radar_adj=0 mom= conf=0
[BETA_X5] [1;36m19:19:51[0m [1;33mx5[0m [1;36m#231[0m SKIP tension=[1;36m0.00000000[0m [0m| momentum_too_small [1;31mconf=0.2997[0m
[BETA_X5] mode=OFF radar_adj=0 mom= conf=0
[ALPHA_X13_BURST13] [1;36m19:19:56[0m [1;32mx13[0m [1;36m#255[0m SKIP tension=[1;36m0.00001232[0m [0m| momentum_too_small [1;31mconf=0.0[0m
[BETA_X5] [1;36m19:19:59[0m [1;33mx5[0m [1;36m#232[0m SKIP tension=[1;36m0.00000417[0m [0m| momentum_too_small [1;31mconf=0.0[0m
[ALPHA_X13_BURST13] mode=OFF radar_adj=0 mom= conf=0
[BETA_X5] mode=OFF radar_adj=0 mom= conf=0
[ALPHA_X13_BURST13] [1;36m19:20:05[0m [1;32mx13[0m [1;36m#256[0m SKIP tension=[1;36m0.00167813[0m [0m| momentum_too_small [1;31mconf=0.0024[0m
[BETA_X5] [1;36m19:20:07[0m [1;33mx5[0m [1;36m#233[0m SKIP tension=[1;36m0.00000000[0m [0m| momentum_too_small [1;31mconf=0.2997[0m
[ALPHA_X13_BURST13] mode=OFF radar_adj=0 mom= conf=0
[BETA_X5] mode=OFF radar_adj=0 mom= conf=0
[ALPHA_X13_BURST13] [1;36m19:20:14[0m [1;32mx13[0m [1;36m#257[0m SKIP tension=[1;36m0.00000000[0m [0m| momentum_too_small [1;31mconf=0.2997[0m
[BETA_X5] [1;36m19:20:15[0m [1;33mx5[0m [1;36m#234[0m SKIP tension=[1;36m0.00148856[0m [0m| momentum_too_small [1;31mconf=0.0021[0m
[ALPHA_X13_BURST13] mode=OFF radar_adj=0 mom= conf=0
[BETA_X5] mode=OFF radar_adj=0 mom= conf=0
[ALPHA_X13_BURST13] [1;36m19:20:23[0m [1;32mx13[0m [1;36m#258[0m SKIP tension=[1;36m0.43116557[0m [0m| wall_not_collapsed
[BETA_X5] [1;36m19:20:23[0m [1;33mx5[0m [1;36m#235[0m SKIP tension=[1;36m0.43114345[0m [0m| wall_not_collapsed
[ALPHA_X13_BURST13] mode=OFF radar_adj=0 mom= conf=0
[BETA_X5] mode=OFF radar_adj=0 mom= conf=0
[ALPHA_X13_BURST13] [1;36m19:20:31[0m [1;32mx13[0m [1;36m#259[0m SKIP tension=[1;36m0.32495707[0m [0m| wall_not_collapsed
[BETA_X5] [1;36m19:20:31[0m [1;33mx5[0m [1;36m#236[0m SKIP tension=[1;36m0.32497618[0m [0m| wall_not_collapsed
[BETA_X5] mode=OFF radar_adj=0 mom= conf=0
[ALPHA_X13_BURST13] mode=OFF radar_adj=0 mom= conf=0
[BETA_X5] [1;36m19:20:40[0m [1;33mx5[0m [1;36m#237[0m SKIP tension=[1;36m0.02671421[0m [0m| direction_unclear [1;31mconf=0.0402[0m
[ALPHA_X13_BURST13] [1;36m19:20:40[0m [1;32mx13[0m [1;36m#260[0m SKIP tension=[1;36m0.02671421[0m [0m| direction_unclear [1;31mconf=0.0402[0m
[BETA_X5] mode=OFF radar_adj=0 mom= conf=0
[ALPHA_X13_BURST13] mode=OFF radar_adj=0 mom= conf=0
[ALPHA_X13_BURST13] [1;36m19:20:49[0m [1;32mx13[0m [1;36m#261[0m SKIP tension=[1;36m0.00002294[0m [0m| momentum_too_small [1;31mconf=0.0[0m
[BETA_X5] [1;36m19:20:49[0m [1;33mx5[0m [1;36m#238[0m SKIP tension=[1;36m0.00000964[0m [0m| momentum_too_small [1;31mconf=0.0[0m
[BETA_X5] mode=OFF radar_adj=0 mom= conf=0
[ALPHA_X13_BURST13] mode=OFF radar_adj=0 mom= conf=0
[BETA_X5] [1;36m19:20:58[0m [1;33mx5[0m [1;36m#239[0m SKIP tension=[1;36m0.18533274[0m [0m| direction_unclear [1;31mconf=0.2791[0m
[ALPHA_X13_BURST13] [1;36m19:20:58[0m [1;32mx13[0m [1;36m#262[0m SKIP tension=[1;36m0.18533274[0m [0m| direction_unclear [1;31mconf=0.2791[0m
[BETA_X5] mode=OFF radar_adj=0 mom= conf=0
[ALPHA_X13_BURST13] mode=OFF radar_adj=0 mom= conf=0
[BETA_X5] [1;36m19:21:07[0m [1;33mx5[0m [1;36m#240[0m SKIP tension=[1;36m0.00002632[0m [0m| momentum_too_small [1;31mconf=0.0[0m
[ALPHA_X13_BURST13] [1;36m19:21:07[0m [1;32mx13[0m [1;36m#263[0m SKIP tension=[1;36m0.00002632[0m [0m| momentum_too_small [1;31mconf=0.0[0m
[BETA_X5] mode=OFF radar_adj=0 mom= conf=0
[ALPHA_X13_BURST13] mode=OFF radar_adj=0 mom= conf=0
[BETA_X5] [1;36m19:21:15[0m [1;33mx5[0m [1;36m#241[0m SKIP tension=[1;36m0.00003074[0m [0m| momentum_too_small [1;31mconf=0.0[0m
[ALPHA_X13_BURST13] [1;36m19:21:16[0m [1;32mx13[0m [1;36m#264[0m SKIP tension=[1;36m0.00002616[0m [0m| momentum_too_small [1;31mconf=0.0[0m
[BETA_X5] mode=OFF radar_adj=0 mom= conf=0
[ALPHA_X13_BURST13] mode=OFF radar_adj=0 mom= conf=0
[BETA_X5] [1;36m19:21:23[0m [1;33mx5[0m [1;36m#242[0m SKIP tension=[1;36m0.00000505[0m [0m| momentum_too_small [1;31mconf=0.0[0m
[ALPHA_X13_BURST13] [1;36m19:21:24[0m [1;32mx13[0m [1;36m#265[0m SKIP tension=[1;36m0.00002249[0m [0m| momentum_too_small [1;31mconf=0.0[0m
[BETA_X5] mode=OFF radar_adj=0 mom= conf=0
[ALPHA_X13_BURST13] mode=OFF radar_adj=0 mom= conf=0
[BETA_X5] [1;36m19:21:31[0m [1;33mx5[0m [1;36m#243[0m SKIP tension=[1;36m0.00001974[0m [0m| momentum_too_small [1;31mconf=0.0[0m
[ALPHA_X13_BURST13] [1;36m19:21:33[0m [1;32mx13[0m [1;36m#266[0m SKIP tension=[1;36m0.00000780[0m [0m| momentum_too_small [1;31mconf=0.0[0m
[BETA_X5] mode=OFF radar_adj=0 mom= conf=0
[ALPHA_X13_BURST13] mode=OFF radar_adj=0 mom= conf=0
[BETA_X5] [1;36m19:21:47[0m [1;33mx5[0m [1;36m#244[0m SKIP tension=[1;36m0.00390947[0m [0m| momentum_too_small [1;31mconf=0.0056[0m
[ALPHA_X13_BURST13] [1;36m19:21:48[0m [1;32mx13[0m [1;36m#267[0m SKIP tension=[1;36m0.00001823[0m [0m| momentum_too_small [1;31mconf=0.0[0m
[BETA_X5] mode=OFF radar_adj=0 mom= conf=0
[ALPHA_X13_BURST13] mode=OFF radar_adj=0 mom= conf=0
[BETA_X5] [1;36m19:21:55[0m [1;33mx5[0m [1;36m#245[0m SKIP tension=[1;36m0.00002257[0m [0m| momentum_too_small [1;31mconf=0.0[0m
[ALPHA_X13_BURST13] [1;36m19:21:57[0m [1;32mx13[0m [1;36m#268[0m SKIP tension=[1;36m0.00001780[0m [0m| momentum_too_small [1;31mconf=0.0[0m
[BETA_X5] mode=OFF radar_adj=0 mom= conf=0
[ALPHA_X13_BURST13] mode=OFF radar_adj=0 mom= conf=0
[BETA_X5] [1;36m19:22:04[0m [1;33mx5[0m [1;36m#246[0m SKIP tension=[1;36m0.00673081[0m [0m| momentum_too_small [1;31mconf=0.0096[0m
[BETA_X5] mode=OFF radar_adj=0 mom= conf=0
[ALPHA_X13_BURST13] [1;36m19:22:07[0m [1;32mx13[0m [1;36m#269[0m SKIP tension=[1;36m0.00330038[0m [0m| momentum_too_small [1;31mconf=0.0047[0m
[ALPHA_X13_BURST13] mode=OFF radar_adj=0 mom= conf=0
[BETA_X5] [1;36m19:22:13[0m [1;33mx5[0m [1;36m#247[0m SKIP tension=[1;36m0.00167944[0m [0m| momentum_too_small [1;31mconf=0.0024[0m
[BETA_X5] mode=OFF radar_adj=0 mom= conf=0
[ALPHA_X13_BURST13] [1;36m19:22:16[0m [1;32mx13[0m [1;36m#270[0m SKIP tension=[1;36m0.00002432[0m [0m| momentum_too_small [1;31mconf=0.0[0m
[ALPHA_X13_BURST13] mode=OFF radar_adj=0 mom= conf=0
[BETA_X5] [1;36m19:22:21[0m [1;33mx5[0m [1;36m#248[0m SKIP tension=[1;36m0.00612060[0m [0m| momentum_too_small [1;31mconf=0.0087[0m
[BETA_X5] mode=OFF radar_adj=0 mom= conf=0
[ALPHA_X13_BURST13] [1;36m19:22:24[0m [1;32mx13[0m [1;36m#271[0m SKIP tension=[1;36m0.00000408[0m [0m| momentum_too_small [1;31mconf=0.0[0m
[ALPHA_X13_BURST13] mode=OFF radar_adj=0 mom= conf=0
[BETA_X5] [1;36m19:22:29[0m [1;33mx5[0m [1;36m#249[0m SKIP tension=[1;36m0.00341141[0m [0m| momentum_too_small [1;31mconf=0.0057[0m
[BETA_X5] mode=OFF radar_adj=0 mom= conf=0
[ALPHA_X13_BURST13] [1;36m19:22:33[0m [1;32mx13[0m [1;36m#272[0m SKIP tension=[1;36m0.34210595[0m [0m| wall_not_collapsed
[ALPHA_X13_BURST13] mode=OFF radar_adj=0 mom= conf=0
[BETA_X5] [1;36m19:22:37[0m [1;33mx5[0m [1;36m#250[0m SKIP tension=[1;36m0.12915409[0m [0m| direction_unclear [1;31mconf=0.2107[0m
[BETA_X5] mode=OFF radar_adj=0 mom= conf=0
[ALPHA_X13_BURST13] [1;36m19:22:42[0m [1;32mx13[0m [1;36m#273[0m SKIP tension=[1;36m0.00000700[0m [0m| momentum_too_small [1;31mconf=0.0[0m
[ALPHA_X13_BURST13] mode=OFF radar_adj=0 mom= conf=0
[BETA_X5] [1;36m19:22:45[0m [1;33mx5[0m [1;36m#251[0m SKIP tension=[1;36m0.00000000[0m [0m| momentum_too_small [1;31mconf=0.3331[0m
[BETA_X5] mode=OFF radar_adj=0 mom= conf=0
[ALPHA_X13_BURST13] [1;36m19:22:51[0m [1;32mx13[0m [1;36m#274[0m SKIP [1;33m| tension_stale age=3860ms>800ms (NUAGE)[0m
[BETA_X5] [1;36m19:22:54[0m [1;33mx5[0m [1;36m#252[0m SKIP tension=[1;36m0.00000000[0m [0m| momentum_too_small [1;31mconf=0.3304[0m
[ALPHA_X13_BURST13] mode=OFF radar_adj=0 mom= conf=0
[BETA_X5] mode=OFF radar_adj=0 mom= conf=0
[ALPHA_X13_BURST13] [1;36m19:23:01[0m [1;32mx13[0m [1;36m#275[0m SKIP tension=[1;36m0.00000247[0m [0m| momentum_too_small [1;31mconf=0.0[0m
[BETA_X5] [1;36m19:23:03[0m [1;33mx5[0m [1;36m#253[0m SKIP tension=[1;36m0.00000000[0m [0m| momentum_too_small [1;31mconf=0.2903[0m
[ALPHA_X13_BURST13] mode=OFF radar_adj=0 mom= conf=0
[BETA_X5] mode=OFF radar_adj=0 mom= conf=0
[ALPHA_X13_BURST13] [1;36m19:23:10[0m [1;32mx13[0m [1;36m#276[0m SKIP tension=[1;36m0.00000000[0m [0m| momentum_too_small [1;31mconf=0.2903[0m
[BETA_X5] [1;36m19:23:12[0m [1;33mx5[0m [1;36m#254[0m SKIP tension=[1;36m0.00000000[0m [0m| momentum_too_small [1;31mconf=0.2903[0m
[ALPHA_X13_BURST13] mode=OFF radar_adj=0 mom= conf=0
[BETA_X5] mode=OFF radar_adj=0 mom= conf=0
[ALPHA_X13_BURST13] [1;36m19:23:19[0m [1;32mx13[0m [1;36m#277[0m SKIP tension=[1;36m0.00000000[0m [0m| momentum_too_small [1;31mconf=0.3264[0m
[BETA_X5] [1;36m19:23:20[0m [1;33mx5[0m [1;36m#255[0m SKIP tension=[1;36m0.00000000[0m [0m| momentum_too_small [1;31mconf=0.2903[0m
[ALPHA_X13_BURST13] mode=OFF radar_adj=0 mom= conf=0
[BETA_X5] mode=OFF radar_adj=0 mom= conf=0
[ALPHA_X13_BURST13] [1;36m19:23:27[0m [1;32mx13[0m [1;36m#278[0m SKIP tension=[1;36m0.00063329[0m [0m| momentum_too_small [1;31mconf=0.0009[0m
[BETA_X5] [1;36m19:23:28[0m [1;33mx5[0m [1;36m#256[0m SKIP tension=[1;36m0.17065088[0m [0m| direction_unclear [1;31mconf=0.2548[0m
[ALPHA_X13_BURST13] mode=OFF radar_adj=0 mom= conf=0
[BETA_X5] mode=OFF radar_adj=0 mom= conf=0
[ALPHA_X13_BURST13] [1;36m19:23:36[0m [1;32mx13[0m [1;36m#279[0m SKIP tension=[1;36m0.00000000[0m [0m| momentum_too_small [1;31mconf=0.2903[0m
[BETA_X5] [1;36m19:23:36[0m [1;33mx5[0m [1;36m#257[0m SKIP tension=[1;36m0.00000000[0m [0m| momentum_too_small [1;31mconf=0.2903[0m
[ALPHA_X13_BURST13] mode=OFF radar_adj=0 mom= conf=0
[BETA_X5] mode=OFF radar_adj=0 mom= conf=0
[ALPHA_X13_BURST13] [1;36m19:23:44[0m [1;32mx13[0m [1;36m#280[0m SKIP tension=[1;36m0.00000000[0m [0m| momentum_too_small [1;31mconf=0.297[0m
[BETA_X5] [1;36m19:23:45[0m [1;33mx5[0m [1;36m#258[0m SKIP tension=[1;36m0.00000000[0m [0m| momentum_too_small [1;31mconf=0.297[0m
[ALPHA_X13_BURST13] mode=OFF radar_adj=0 mom= conf=0
[BETA_X5] mode=OFF radar_adj=0 mom= conf=0
[ALPHA_X13_BURST13] [1;36m19:23:53[0m [1;32mx13[0m [1;36m#281[0m SKIP tension=[1;36m0.00000684[0m [0m| momentum_too_small [1;31mconf=0.0[0m
[BETA_X5] [1;36m19:23:53[0m [1;33mx5[0m [1;36m#259[0m SKIP tension=[1;36m0.33352279[0m [0m| wall_not_collapsed
[ALPHA_X13_BURST13] mode=OFF radar_adj=0 mom= conf=0
[BETA_X5] mode=OFF radar_adj=0 mom= conf=0
[ALPHA_X13_BURST13] [1;36m19:24:03[0m [1;32mx13[0m [1;36m#282[0m SKIP [1;33m| tension_stale age=8099ms>800ms (NUAGE)[0m
[ALPHA_X13_BURST13] mode=OFF radar_adj=0 mom= conf=0
[ALPHA_X13_BURST13] [1;36m19:24:12[0m [1;32mx13[0m [1;36m#283[0m SKIP tension=[1;36m0.00001892[0m [0m| momentum_too_small [1;31mconf=0.0[0m
[ALPHA_X13_BURST13] mode=OFF radar_adj=0 mom= conf=0
[BETA_X5] [1;36mentry=19:24:07@64806.90000000[0m [1;33mx5[0m [1;36m#260[0m [1;33mSELL[0m tension=[1;32m1.18177933[0m hold=[1;36m6[0ms sec=[1;36m6[0m [0m| exit=64806.90000000 [1;32mconf=0.8486[0m [1;36mexit_time=19:24:13[0m [1;33mpnl=-0.00000000 bps=-0.00000000 pct=-0.00000000% total=-0.29480000000000006[0m
[BETA_X5] mode=OFF radar_adj=0 mom= conf=0
[ALPHA_X13_BURST13] [1;36m19:24:20[0m [1;32mx13[0m [1;36m#284[0m SKIP tension=[1;36m0.00000941[0m [0m| momentum_too_small [1;31mconf=0.0[0m
[ALPHA_X13_BURST13] mode=OFF radar_adj=0 mom= conf=0
[BETA_X5] [1;36m19:24:23[0m [1;33mx5[0m [1;36m#261[0m SKIP tension=[1;36m0.00000876[0m [0m| momentum_too_small [1;31mconf=0.0[0m
[BETA_X5] mode=OFF radar_adj=0 mom= conf=0
[ALPHA_X13_BURST13] [1;36m19:24:28[0m [1;32mx13[0m [1;36m#285[0m SKIP tension=[1;36m0.00001736[0m [0m| momentum_too_small [1;31mconf=0.0[0m
[ALPHA_X13_BURST13] mode=OFF radar_adj=0 mom= conf=0
[ALPHA_X13_BURST13] [1;36m19:24:38[0m [1;32mx13[0m [1;36m#286[0m SKIP tension=[1;36m0.00001920[0m [0m| momentum_too_small [1;31mconf=0.0[0m
[ALPHA_X13_BURST13] mode=OFF radar_adj=0 mom= conf=0
[BETA_X5] [1;36mentry=19:24:36@64806.90000000[0m [1;33mx5[0m [1;36m#262[0m [1;33mSELL[0m tension=[1;31m7.17836172[0m hold=[1;36m7[0ms sec=[1;36m7[0m [0m| exit=64806.90000000 [1;32mconf=0.8293[0m [1;36mexit_time=19:24:43[0m [1;33mpnl=-0.00000000 bps=-0.00000000 pct=-0.00000000% total=-0.29480000000000006[0m
[ALPHA_X13_BURST13] [1;36m19:24:47[0m [1;32mx13[0m [1;36m#287[0m SKIP tension=[1;36m0.00005303[0m [0m| momentum_too_small [1;31mconf=0.0001[0m
[BETA_X5] mode=OFF radar_adj=0 mom= conf=0
[ALPHA_X13_BURST13] mode=OFF radar_adj=0 mom= conf=0
[BETA_X5] [1;36m19:24:53[0m [1;33mx5[0m [1;36m#263[0m SKIP tension=[1;36m0.00001417[0m [0m| momentum_too_small [1;31mconf=0.0[0m
[BETA_X5] mode=OFF radar_adj=0 mom= conf=0
[ALPHA_X13_BURST13] [1;36m19:24:56[0m [1;32mx13[0m [1;36m#288[0m SKIP tension=[1;36m0.00002149[0m [0m| momentum_too_small [1;31mconf=0.0[0m
[ALPHA_X13_BURST13] mode=OFF radar_adj=0 mom= conf=0
[BETA_X5] [1;36m19:25:02[0m [1;33mx5[0m [1;36m#264[0m SKIP tension=[1;36m0.00000366[0m [0m| momentum_too_small [1;31mconf=0.0[0m
[BETA_X5] mode=OFF radar_adj=0 mom= conf=0
[ALPHA_X13_BURST13] [1;36m19:25:06[0m [1;32mx13[0m [1;36m#289[0m SKIP tension=[1;36m0.00003155[0m [0m| momentum_too_small [1;31mconf=0.0[0m
[ALPHA_X13_BURST13] mode=OFF radar_adj=0 mom= conf=0
[BETA_X5] [1;36m19:25:11[0m [1;33mx5[0m [1;36m#265[0m SKIP tension=[1;36m0.00000000[0m [0m| momentum_too_small [1;31mconf=0.2903[0m
[BETA_X5] mode=OFF radar_adj=0 mom= conf=0
[ALPHA_X13_BURST13] [1;36m19:25:15[0m [1;32mx13[0m [1;36m#290[0m SKIP tension=[1;36m0.00000000[0m [0m| momentum_too_small [1;31mconf=0.3169[0m
[ALPHA_X13_BURST13] mode=OFF radar_adj=0 mom= conf=0
[BETA_X5] [1;36m19:25:20[0m [1;33mx5[0m [1;36m#266[0m SKIP tension=[1;36m0.00004168[0m [0m| momentum_too_small [1;31mconf=0.0001[0m
[BETA_X5] mode=OFF radar_adj=0 mom= conf=0
[ALPHA_X13_BURST13] [1;36m19:25:24[0m [1;32mx13[0m [1;36m#291[0m SKIP tension=[1;36m0.00000000[0m [0m| momentum_too_small [1;31mconf=0.2903[0m
[ALPHA_X13_BURST13] mode=OFF radar_adj=0 mom= conf=0
[BETA_X5] [1;36m19:25:29[0m [1;33mx5[0m [1;36m#267[0m SKIP tension=[1;36m0.00002332[0m [0m| momentum_too_small [1;31mconf=0.0[0m
[BETA_X5] mode=OFF radar_adj=0 mom= conf=0
[ALPHA_X13_BURST13] [1;36m19:25:33[0m [1;32mx13[0m [1;36m#292[0m SKIP tension=[1;36m0.00001692[0m [0m| momentum_too_small [1;31mconf=0.0[0m
[ALPHA_X13_BURST13] mode=OFF radar_adj=0 mom= conf=0
[BETA_X5] [1;36m19:25:37[0m [1;33mx5[0m [1;36m#268[0m SKIP tension=[1;36m0.00000412[0m [0m| momentum_too_small [1;31mconf=0.0[0m
[BETA_X5] mode=OFF radar_adj=0 mom= conf=0
[ALPHA_X13_BURST13] [1;36m19:25:43[0m [1;32mx13[0m [1;36m#293[0m SKIP tension=[1;36m0.00003384[0m [0m| momentum_too_small [1;31mconf=0.0001[0m
[ALPHA_X13_BURST13] mode=OFF radar_adj=0 mom= conf=0
[BETA_X5] [1;36m19:25:46[0m [1;33mx5[0m [1;36m#269[0m SKIP tension=[1;36m0.00002378[0m [0m| momentum_too_small [1;31mconf=0.0[0m
[BETA_X5] mode=OFF radar_adj=0 mom= conf=0
[ALPHA_X13_BURST13] [1;36m19:25:52[0m [1;32mx13[0m [1;36m#294[0m SKIP tension=[1;36m0.00036764[0m [0m| momentum_too_small [1;31mconf=0.0006[0m
[BETA_X5] [1;36m19:25:54[0m [1;33mx5[0m [1;36m#270[0m SKIP tension=[1;36m0.00002241[0m [0m| momentum_too_small [1;31mconf=0.0[0m
[ALPHA_X13_BURST13] mode=OFF radar_adj=0 mom= conf=0
[BETA_X5] mode=OFF radar_adj=0 mom= conf=0
[ALPHA_X13_BURST13] [1;36m19:26:01[0m [1;32mx13[0m [1;36m#295[0m SKIP tension=[1;36m0.00002286[0m [0m| momentum_too_small [1;31mconf=0.0[0m
[BETA_X5] [1;36m19:26:03[0m [1;33mx5[0m [1;36m#271[0m SKIP tension=[1;36m0.00001692[0m [0m| momentum_too_small [1;31mconf=0.0[0m
[ALPHA_X13_BURST13] mode=OFF radar_adj=0 mom= conf=0
[BETA_X5] mode=OFF radar_adj=0 mom= conf=0
[ALPHA_X13_BURST13] [1;36m19:26:15[0m [1;32mx13[0m [1;36m#296[0m SKIP tension=[1;36m0.00001937[0m [0m| momentum_too_small [1;31mconf=0.0[0m
[BETA_X5] [1;36m19:26:16[0m [1;33mx5[0m [1;36m#272[0m SKIP tension=[1;36m0.00002114[0m [0m| momentum_too_small [1;31mconf=0.0[0m
[ALPHA_X13_BURST13] mode=OFF radar_adj=0 mom= conf=0
[BETA_X5] mode=OFF radar_adj=0 mom= conf=0
[ALPHA_X13_BURST13] [1;36m19:26:24[0m [1;32mx13[0m [1;36m#297[0m SKIP tension=[1;36m0.00007410[0m [0m| momentum_too_small [1;31mconf=0.0001[0m
[BETA_X5] [1;36m19:26:25[0m [1;33mx5[0m [1;36m#273[0m SKIP tension=[1;36m0.00001045[0m [0m| momentum_too_small [1;31mconf=0.0[0m
[ALPHA_X13_BURST13] mode=OFF radar_adj=0 mom= conf=0
[BETA_X5] mode=OFF radar_adj=0 mom= conf=0
[ALPHA_X13_BURST13] [1;36m19:26:41[0m [1;32mx13[0m [1;36m#298[0m SKIP tension=[1;36m0.00537423[0m [0m| momentum_too_small [1;31mconf=0.0072[0m
[BETA_X5] [1;36m19:26:43[0m [1;33mx5[0m [1;36m#274[0m SKIP tension=[1;36m0.00000000[0m [0m| momentum_too_small [1;31mconf=0.2815[0m
[ALPHA_X13_BURST13] mode=OFF radar_adj=0 mom= conf=0
[BETA_X5] mode=OFF radar_adj=0 mom= conf=0
[ALPHA_X13_BURST13] [1;36m19:26:50[0m [1;32mx13[0m [1;36m#299[0m SKIP tension=[1;36m0.00093426[0m [0m| momentum_too_small [1;31mconf=0.0013[0m
[BETA_X5] [1;36m19:26:52[0m [1;33mx5[0m [1;36m#275[0m SKIP tension=[1;36m0.00000659[0m [0m| momentum_too_small [1;31mconf=0.0[0m
[ALPHA_X13_BURST13] mode=OFF radar_adj=0 mom= conf=0
[BETA_X5] mode=OFF radar_adj=0 mom= conf=0
[ALPHA_X13_BURST13] [1;36m19:26:59[0m [1;32mx13[0m [1;36m#300[0m SKIP tension=[1;36m0.00001288[0m [0m| momentum_too_small [1;31mconf=0.0[0m
[BETA_X5] [1;36m19:27:01[0m [1;33mx5[0m [1;36m#276[0m SKIP tension=[1;36m0.00000000[0m [0m| momentum_too_small [1;31mconf=0.2727[0m
[ALPHA_X13_BURST13] mode=OFF radar_adj=0 mom= conf=0
[BETA_X5] mode=OFF radar_adj=0 mom= conf=0
[ALPHA_X13_BURST13] [1;36m19:27:09[0m [1;32mx13[0m [1;36m#301[0m SKIP tension=[1;31m3.54055314[0m [0m| duo no_trigger
[ALPHA_X13_BURST13] mode=OFF radar_adj=0 mom= conf=0
[ALPHA_X13_BURST13] [1;36m19:27:19[0m [1;32mx13[0m [1;36m#302[0m SKIP [1;33m| tension_stale age=1830ms>800ms (NUAGE)[0m
[BETA_X5] shockwave beta->alpha until_cycle=287
[BETA_X5] [1;33mSWARM shockwave[0m [0m| beta -> neighbor (fluid_exit_inversion)[0m
[BETA_X5] [1;36mCycle 277[0m [1;32mSOFT anomaly[0m [1;33m| pnl_abs=0.23850000 > 0.02500000[0m
[BETA_X5] [1;36mentry=19:27:13@64809.70000000[0m [1;33mx5[0m [1;36m#277[0m [1;31mSELL[0m tension=[1;31m3.54032248[0m hold=[1;36m7[0ms sec=[1;36m7[0m [0m| exit=64854.70000000 [1;32mconf=0.8293[0m [1;36mexit_time=19:27:20[0m [1;31mpnl=-0.23850000 bps=-6.94340508 pct=-0.06943405% total=-0.5333[0m
[ALPHA_X13_BURST13] mode=OFF radar_adj=0 mom= conf=0
[BETA_X5] mode=OFF radar_adj=0 mom= conf=0
[ALPHA_X13_BURST13] [1;36m19:27:28[0m [1;32mx13[0m [1;36m#303[0m SKIP tension=[1;36m0.00000987[0m [0m| momentum_too_small [1;31mconf=0.0[0m
[BETA_X5] [1;36m19:27:31[0m [1;33mx5[0m [1;36m#278[0m SKIP tension=[1;36m0.00014806[0m [0m| momentum_too_small [1;31mconf=0.0002[0m
[ALPHA_X13_BURST13] mode=OFF radar_adj=0 mom= conf=0
[BETA_X5] mode=OFF radar_adj=0 mom= conf=0
[ALPHA_X13_BURST13] [1;36m19:27:38[0m [1;32mx13[0m [1;36m#304[0m SKIP tension=[1;36m0.00070896[0m [0m| momentum_too_small [1;31mconf=0.0012[0m
[BETA_X5] [1;36m19:27:39[0m [1;33mx5[0m [1;36m#279[0m SKIP tension=[1;36m0.00000000[0m [0m| momentum_too_small [1;31mconf=0.3493[0m
[ALPHA_X13_BURST13] mode=OFF radar_adj=0 mom= conf=0
[BETA_X5] mode=OFF radar_adj=0 mom= conf=0
[ALPHA_X13_BURST13] [1;36m19:27:47[0m [1;32mx13[0m [1;36m#305[0m SKIP tension=[1;36m0.00577762[0m [0m| momentum_too_small [1;31mconf=0.0096[0m
[BETA_X5] [1;36m19:27:48[0m [1;33mx5[0m [1;36m#280[0m SKIP tension=[1;36m0.00003232[0m [0m| momentum_too_small [1;31mconf=0.0001[0m
[ALPHA_X13_BURST13] mode=OFF radar_adj=0 mom= conf=0
[BETA_X5] mode=OFF radar_adj=0 mom= conf=0
[ALPHA_X13_BURST13] [1;36m19:27:55[0m [1;32mx13[0m [1;36m#306[0m SKIP tension=[1;36m0.00000734[0m [0m| momentum_too_small [1;31mconf=0.0[0m
[BETA_X5] [1;36m19:27:56[0m [1;33mx5[0m [1;36m#281[0m SKIP tension=[1;36m0.00000000[0m [0m| momentum_too_small [1;31mconf=0.3493[0m
[ALPHA_X13_BURST13] mode=OFF radar_adj=0 mom= conf=0
[BETA_X5] mode=OFF radar_adj=0 mom= conf=0
[ALPHA_X13_BURST13] [1;36m19:28:05[0m [1;32mx13[0m [1;36m#307[0m SKIP tension=[1;36m0.00003425[0m [0m| momentum_too_small [1;31mconf=0.0001[0m
[ALPHA_X13_BURST13] mode=OFF radar_adj=0 mom= conf=0
[ALPHA_X13_BURST13] [1;36m19:28:14[0m [1;32mx13[0m [1;36m#308[0m SKIP tension=[1;36m0.00001239[0m [0m| momentum_too_small [1;31mconf=0.0[0m
[ALPHA_X13_BURST13] mode=OFF radar_adj=0 mom= conf=0
[BETA_X5] shockwave beta->alpha until_cycle=292
[BETA_X5] [1;33mSWARM shockwave[0m [0m| beta -> neighbor (fluid_exit_brake)[0m
[BETA_X5] [1;36mentry=19:28:09@64860.40000000[0m [1;33mx5[0m [1;36m#282[0m [1;31mSELL[0m tension=[1;32m1.03567672[0m hold=[1;36m7[0ms sec=[1;36m7[0m [0m| exit=64861.30000000 [1;32mconf=0.9942[0m [1;36mexit_time=19:28:17[0m [1;31mpnl=-0.00684000 bps=-0.13875955 pct=-0.00138760% total=-0.5401400000000001[0m
[BETA_X5] mode=OFF radar_adj=0 mom= conf=0
[ALPHA_X13_BURST13] [1;36m19:28:23[0m [1;32mx13[0m [1;36m#309[0m SKIP [1;33m| tension_stale age=2449ms>800ms (NUAGE)[0m
[ALPHA_X13_BURST13] mode=OFF radar_adj=0 mom= conf=0
[BETA_X5] [1;36m19:28:28[0m [1;33mx5[0m [1;36m#283[0m SKIP tension=[1;36m0.00000000[0m [0m| momentum_too_small [1;31mconf=0.3422[0m
[BETA_X5] mode=OFF radar_adj=0 mom= conf=0
[ALPHA_X13_BURST13] [1;36m19:28:34[0m [1;32mx13[0m [1;36m#310[0m SKIP [1;33m| tension_stale age=3563ms>800ms (NUAGE)[0m
[ALPHA_X13_BURST13] mode=OFF radar_adj=0 mom= conf=0
[BETA_X5] [1;36m19:28:37[0m [1;33mx5[0m [1;36m#284[0m SKIP tension=[1;36m0.00000000[0m [0m| momentum_too_small [1;31mconf=0.3385[0m
[BETA_X5] mode=OFF radar_adj=0 mom= conf=0
[ALPHA_X13_BURST13] [1;36m19:28:43[0m [1;32mx13[0m [1;36m#311[0m SKIP tension=[1;36m0.00000000[0m [0m| momentum_too_small [1;31mconf=0.3385[0m
[ALPHA_X13_BURST13] mode=OFF radar_adj=0 mom= conf=0
[BETA_X5] [1;36m19:28:46[0m [1;33mx5[0m [1;36m#285[0m SKIP tension=[1;36m0.00000494[0m [0m| momentum_too_small [1;31mconf=0.0[0m
[BETA_X5] mode=OFF radar_adj=0 mom= conf=0
[ALPHA_X13_BURST13] [1;36m19:28:52[0m [1;32mx13[0m [1;36m#312[0m SKIP tension=[1;36m0.00001680[0m [0m| momentum_too_small [1;31mconf=0.0[0m
[BETA_X5] [1;36m19:28:55[0m [1;33mx5[0m [1;36m#286[0m SKIP tension=[1;36m0.00002352[0m [0m| momentum_too_small [1;31mconf=0.0[0m
[ALPHA_X13_BURST13] mode=OFF radar_adj=0 mom= conf=0
[BETA_X5] mode=OFF radar_adj=0 mom= conf=0
[ALPHA_X13_BURST13] [1;36m19:29:02[0m [1;32mx13[0m [1;36m#313[0m SKIP tension=[1;36m0.00014033[0m [0m| momentum_too_small [1;31mconf=0.0002[0m
[BETA_X5] [1;36m19:29:05[0m [1;33mx5[0m [1;36m#287[0m SKIP tension=[1;36m0.00001847[0m [0m| momentum_too_small [1;31mconf=0.0[0m
[ALPHA_X13_BURST13] mode=OFF radar_adj=0 mom= conf=0
[BETA_X5] mode=OFF radar_adj=0 mom= conf=0
[ALPHA_X13_BURST13] [1;36m19:29:12[0m [1;32mx13[0m [1;36m#314[0m SKIP tension=[1;36m0.00001344[0m [0m| momentum_too_small [1;31mconf=0.0[0m
[BETA_X5] [1;36m19:29:14[0m [1;33mx5[0m [1;36m#288[0m SKIP tension=[1;36m0.00000616[0m [0m| momentum_too_small [1;31mconf=0.0[0m
[ALPHA_X13_BURST13] mode=OFF radar_adj=0 mom= conf=0
[BETA_X5] mode=OFF radar_adj=0 mom= conf=0
[ALPHA_X13_BURST13] [1;36m19:29:21[0m [1;32mx13[0m [1;36m#315[0m SKIP tension=[1;36m0.00042040[0m [0m| momentum_too_small [1;31mconf=0.0007[0m
[BETA_X5] [1;36m19:29:23[0m [1;33mx5[0m [1;36m#289[0m SKIP tension=[1;36m0.00000000[0m [0m| momentum_too_small [1;31mconf=0.3385[0m
[ALPHA_X13_BURST13] mode=OFF radar_adj=0 mom= conf=0
[BETA_X5] mode=OFF radar_adj=0 mom= conf=0
[ALPHA_X13_BURST13] [1;36m19:29:31[0m [1;32mx13[0m [1;36m#316[0m SKIP tension=[1;36m0.00000000[0m [0m| momentum_too_small [1;31mconf=0.3311[0m
[BETA_X5] [1;36m19:29:32[0m [1;33mx5[0m [1;36m#290[0m SKIP tension=[1;36m0.00000000[0m [0m| momentum_too_small [1;31mconf=0.3311[0m
[ALPHA_X13_BURST13] mode=OFF radar_adj=0 mom= conf=0
[BETA_X5] mode=OFF radar_adj=0 mom= conf=0
[ALPHA_X13_BURST13] [1;36m19:29:41[0m [1;32mx13[0m [1;36m#317[0m SKIP tension=[1;36m0.00001883[0m [0m| momentum_too_small [1;31mconf=0.0[0m
[BETA_X5] [1;36m19:29:43[0m [1;33mx5[0m [1;36m#291[0m SKIP tension=[1;33m0.96798297[0m [0m| wall_not_collapsed
[ALPHA_X13_BURST13] mode=OFF radar_adj=0 mom= conf=0
[BETA_X5] mode=OFF radar_adj=0 mom= conf=0
[ALPHA_X13_BURST13] [1;36m19:29:50[0m [1;32mx13[0m [1;36m#318[0m SKIP tension=[1;32m1.82550716[0m [0m| tactic short vs long
[BETA_X5] [1;36m19:29:52[0m [1;33mx5[0m [1;36m#292[0m SKIP tension=[1;36m0.33476514[0m [0m| wall_not_collapsed
[ALPHA_X13_BURST13] mode=OFF radar_adj=0 mom= conf=0
[BETA_X5] mode=OFF radar_adj=0 mom= conf=0
[ALPHA_X13_BURST13] [1;36m19:30:01[0m [1;32mx13[0m [1;36m#319[0m SKIP tension=[1;36m0.00000000[0m [0m| momentum_too_small [1;31mconf=0.3244[0m
[BETA_X5] [1;36m19:30:02[0m [1;33mx5[0m [1;36m#293[0m SKIP tension=[1;36m0.25149979[0m [0m| wall_not_collapsed
[ALPHA_X13_BURST13] mode=OFF radar_adj=0 mom= conf=0
[BETA_X5] mode=OFF radar_adj=0 mom= conf=0
[ALPHA_X13_BURST13] [1;36m19:30:10[0m [1;32mx13[0m [1;36m#320[0m SKIP tension=[1;36m0.00000781[0m [0m| momentum_too_small [1;31mconf=0.0[0m
[BETA_X5] [1;36m19:30:11[0m [1;33mx5[0m [1;36m#294[0m SKIP tension=[1;36m0.00000781[0m [0m| momentum_too_small [1;31mconf=0.0[0m
[BETA_X5] mode=OFF radar_adj=0 mom= conf=0
[ALPHA_X13_BURST13] mode=OFF radar_adj=0 mom= conf=0
[BETA_X5] [1;36m19:30:20[0m [1;33mx5[0m [1;36m#295[0m SKIP tension=[1;36m0.00177845[0m [0m| momentum_too_small [1;31mconf=0.0027[0m
[ALPHA_X13_BURST13] [1;36m19:30:20[0m [1;32mx13[0m [1;36m#321[0m SKIP tension=[1;36m0.00177845[0m [0m| momentum_too_small [1;31mconf=0.0027[0m
[BETA_X5] mode=OFF radar_adj=0 mom= conf=0
[ALPHA_X13_BURST13] mode=OFF radar_adj=0 mom= conf=0
[BETA_X5] [1;36m19:30:29[0m [1;33mx5[0m [1;36m#296[0m SKIP tension=[1;36m0.00002543[0m [0m| momentum_too_small [1;31mconf=0.0[0m
[ALPHA_X13_BURST13] [1;36m19:30:30[0m [1;32mx13[0m [1;36m#322[0m SKIP tension=[1;36m0.00162403[0m [0m| momentum_too_small [1;31mconf=0.0025[0m
[BETA_X5] mode=OFF radar_adj=0 mom= conf=0
[ALPHA_X13_BURST13] mode=OFF radar_adj=0 mom= conf=0
[BETA_X5] [1;36m19:30:38[0m [1;33mx5[0m [1;36m#297[0m SKIP tension=[1;36m0.00004226[0m [0m| momentum_too_small [1;31mconf=0.0001[0m
[ALPHA_X13_BURST13] [1;36m19:30:40[0m [1;32mx13[0m [1;36m#323[0m SKIP tension=[1;36m0.00005072[0m [0m| momentum_too_small [1;31mconf=0.0001[0m
[BETA_X5] mode=OFF radar_adj=0 mom= conf=0
[ALPHA_X13_BURST13] mode=OFF radar_adj=0 mom= conf=0
[BETA_X5] [1;36m19:30:46[0m [1;33mx5[0m [1;36m#298[0m SKIP tension=[1;36m0.00138869[0m [0m| momentum_too_small [1;31mconf=0.0021[0m
[ALPHA_X13_BURST13] [1;36m19:30:49[0m [1;32mx13[0m [1;36m#324[0m SKIP tension=[1;36m0.00000000[0m [0m| momentum_too_small [1;31mconf=0.3207[0m
[BETA_X5] mode=OFF radar_adj=0 mom= conf=0
[ALPHA_X13_BURST13] mode=OFF radar_adj=0 mom= conf=0
[BETA_X5] [1;36m19:30:55[0m [1;33mx5[0m [1;36m#299[0m SKIP tension=[1;36m0.00000000[0m [0m| momentum_too_small [1;31mconf=0.3183[0m
[BETA_X5] mode=OFF radar_adj=0 mom= conf=0
[ALPHA_X13_BURST13] [1;36m19:30:59[0m [1;32mx13[0m [1;36m#325[0m SKIP tension=[1;36m0.00000000[0m [0m| momentum_too_small [1;31mconf=0.32[0m
[ALPHA_X13_BURST13] mode=OFF radar_adj=0 mom= conf=0
[BETA_X5] [1;36m19:31:04[0m [1;33mx5[0m [1;36m#300[0m SKIP tension=[1;36m0.00000000[0m [0m| momentum_too_small [1;31mconf=0.32[0m
[BETA_X5] mode=OFF radar_adj=0 mom= conf=0
[ALPHA_X13_BURST13] [1;36m19:31:08[0m [1;32mx13[0m [1;36m#326[0m SKIP tension=[1;36m0.00000000[0m [0m| momentum_too_small [1;31mconf=0.32[0m
[ALPHA_X13_BURST13] mode=OFF radar_adj=0 mom= conf=0
[BETA_X5] [1;36m19:31:13[0m [1;33mx5[0m [1;36m#301[0m SKIP tension=[1;36m0.00004766[0m [0m| momentum_too_small [1;31mconf=0.0001[0m
[BETA_X5] mode=OFF radar_adj=0 mom= conf=0
[ALPHA_X13_BURST13] [1;36m19:31:18[0m [1;32mx13[0m [1;36m#327[0m SKIP tension=[1;36m0.00003205[0m [0m| momentum_too_small [1;31mconf=0.0[0m
[ALPHA_X13_BURST13] mode=OFF radar_adj=0 mom= conf=0
[BETA_X5] [1;36m19:31:22[0m [1;33mx5[0m [1;36m#302[0m SKIP tension=[1;36m0.00002220[0m [0m| momentum_too_small [1;31mconf=0.0[0m
[BETA_X5] mode=OFF radar_adj=0 mom= conf=0
[ALPHA_X13_BURST13] [1;36m19:31:27[0m [1;32mx13[0m [1;36m#328[0m SKIP tension=[1;36m0.00007974[0m [0m| momentum_too_small [1;31mconf=0.0001[0m
[ALPHA_X13_BURST13] mode=OFF radar_adj=0 mom= conf=0
[BETA_X5] [1;36m19:31:31[0m [1;33mx5[0m [1;36m#303[0m SKIP tension=[1;36m0.00002938[0m [0m| momentum_too_small [1;31mconf=0.0[0m
[BETA_X5] mode=OFF radar_adj=0 mom= conf=0
[ALPHA_X13_BURST13] [1;36m19:31:37[0m [1;32mx13[0m [1;36m#329[0m SKIP tension=[1;36m0.30272695[0m [0m| wall_not_collapsed
[ALPHA_X13_BURST13] mode=OFF radar_adj=0 mom= conf=0
[ALPHA_X13_BURST13] [1;36m19:31:47[0m [1;32mx13[0m [1;36m#330[0m SKIP tension=[1;36m0.72754940[0m [0m| wall_not_collapsed
[ALPHA_X13_BURST13] mode=OFF radar_adj=0 mom= conf=0
[BETA_X5] [1;36mCycle 304[0m [1;32mSOFT anomaly[0m [1;33m| pnl_abs=0.03268000 > 0.02500000[0m
[BETA_X5] [1;36mentry=19:31:45@64854.50000000[0m [1;33mx5[0m [1;36m#304[0m [1;32mSELL[0m tension=[1;32m1.77759162[0m hold=[1;36m19[0ms sec=[1;36m19[0m [0m| exit=64850.20000000 [1;32mconf=0.8593[0m [1;36mexit_time=19:32:04[0m [1;32mpnl=0.03268000 bps=0.66302261 pct=0.00663023% total=-0.50746[0m
[ALPHA_X13_BURST13] [1;36m19:32:06[0m [1;32mx13[0m [1;36m#331[0m SKIP tension=[1;36m0.00067687[0m [0m| momentum_too_small [1;31mconf=0.0009[0m
[ALPHA_X13_BURST13] mode=OFF radar_adj=0 mom= conf=0
[BETA_X5] mode=OFF radar_adj=0 mom= conf=0
[ALPHA_X13_BURST13] [1;36m19:32:15[0m [1;32mx13[0m [1;36m#332[0m SKIP tension=[1;36m0.00301907[0m [0m| momentum_too_small [1;31mconf=0.0041[0m
[BETA_X5] [1;36m19:32:16[0m [1;33mx5[0m [1;36m#305[0m SKIP tension=[1;36m0.00106443[0m [0m| momentum_too_small [1;31mconf=0.0014[0m
[ALPHA_X13_BURST13] mode=OFF radar_adj=0 mom= conf=0
[BETA_X5] mode=OFF radar_adj=0 mom= conf=0
[ALPHA_X13_BURST13] [1;36m19:32:26[0m [1;32mx13[0m [1;36m#333[0m SKIP tension=[1;32m1.38009352[0m [0m| duo no_trigger
[ALPHA_X13_BURST13] mode=OFF radar_adj=0 mom= conf=0
[ALPHA_X13_BURST13] [1;36m19:32:38[0m [1;32mx13[0m [1;36m#334[0m SKIP tension=[1;31m4.54682725[0m [0m| duo no_trigger
[ALPHA_X13_BURST13] mode=OFF radar_adj=0 mom= conf=0
[BETA_X5] [1;36mentry=19:32:30@64845.00000000[0m [1;33mx5[0m [1;36m#306[0m [1;33mSELL[0m tension=[1;32m1.38009352[0m hold=[1;36m9[0ms sec=[1;36m9[0m [0m| exit=64845.00000000 [1;32mconf=0.8083[0m [1;36mexit_time=19:32:40[0m [1;33mpnl=-0.00000000 bps=-0.00000000 pct=-0.00000000% total=-0.50746[0m
[BETA_X5] mode=OFF radar_adj=0 mom= conf=0
[ALPHA_X13_BURST13] [1;36m19:32:48[0m [1;32mx13[0m [1;36m#335[0m SKIP tension=[1;36m0.00026773[0m [0m| momentum_too_small [1;31mconf=0.0004[0m
[ALPHA_X13_BURST13] mode=OFF radar_adj=0 mom= conf=0
[BETA_X5] [1;36m19:32:52[0m [1;33mx5[0m [1;36m#307[0m SKIP tension=[1;36m0.00020080[0m [0m| momentum_too_small [1;31mconf=0.0003[0m
[BETA_X5] mode=OFF radar_adj=0 mom= conf=0
[ALPHA_X13_BURST13] [1;36m19:32:58[0m [1;32mx13[0m [1;36m#336[0m SKIP tension=[1;36m0.00004720[0m [0m| momentum_too_small [1;31mconf=0.0001[0m
[BETA_X5] [1;36m19:33:02[0m [1;33mx5[0m [1;36m#308[0m SKIP tension=[1;36m0.00190109[0m [0m| momentum_too_small [1;31mconf=0.0026[0m
[ALPHA_X13_BURST13] mode=OFF radar_adj=0 mom= conf=0
[BETA_X5] mode=OFF radar_adj=0 mom= conf=0
[ALPHA_X13_BURST13] [1;36m19:33:10[0m [1;32mx13[0m [1;36m#337[0m SKIP tension=[1;32m1.18829990[0m [0m| duo no_trigger
[BETA_X5] [1;36m19:33:12[0m [1;33mx5[0m [1;36m#309[0m SKIP tension=[1;36m0.01878920[0m [0m| direction_unclear [1;31mconf=0.0253[0m
[ALPHA_X13_BURST13] mode=OFF radar_adj=0 mom= conf=0
[BETA_X5] mode=OFF radar_adj=0 mom= conf=0
[ALPHA_X13_BURST13] [1;36m19:33:21[0m [1;32mx13[0m [1;36m#338[0m SKIP tension=[1;31m2.54320359[0m [0m| duo no_trigger
[BETA_X5] [1;36m19:33:21[0m [1;33mx5[0m [1;36m#310[0m SKIP tension=[1;36m0.00322719[0m [0m| momentum_too_small [1;31mconf=0.0043[0m
[ALPHA_X13_BURST13] mode=OFF radar_adj=0 mom= conf=0
[BETA_X5] mode=OFF radar_adj=0 mom= conf=0
[ALPHA_X13_BURST13] [1;36m19:33:30[0m [1;32mx13[0m [1;36m#339[0m SKIP tension=[1;36m0.00000000[0m [0m| momentum_too_small [1;31mconf=0.2829[0m
[BETA_X5] [1;36m19:33:30[0m [1;33mx5[0m [1;36m#311[0m SKIP tension=[1;36m0.00032715[0m [0m| momentum_too_small [1;31mconf=0.0004[0m
[BETA_X5] mode=OFF radar_adj=0 mom= conf=0
[ALPHA_X13_BURST13] mode=OFF radar_adj=0 mom= conf=0
[BETA_X5] [1;36m19:33:40[0m [1;33mx5[0m [1;36m#312[0m SKIP tension=[1;36m0.00001847[0m [0m| momentum_too_small [1;31mconf=0.0[0m
[ALPHA_X13_BURST13] [1;36m19:33:40[0m [1;32mx13[0m [1;36m#340[0m SKIP tension=[1;36m0.00002483[0m [0m| momentum_too_small [1;31mconf=0.0[0m
[BETA_X5] mode=OFF radar_adj=0 mom= conf=0
[ALPHA_X13_BURST13] mode=OFF radar_adj=0 mom= conf=0
[BETA_X5] [1;36m19:33:49[0m [1;33mx5[0m [1;36m#313[0m SKIP tension=[1;36m0.00000000[0m [0m| momentum_too_small [1;31mconf=0.3497[0m
[ALPHA_X13_BURST13] [1;36m19:33:49[0m [1;32mx13[0m [1;36m#341[0m SKIP tension=[1;36m0.00000000[0m [0m| momentum_too_small [1;31mconf=0.3497[0m
[BETA_X5] mode=OFF radar_adj=0 mom= conf=0
[ALPHA_X13_BURST13] mode=OFF radar_adj=0 mom= conf=0
[BETA_X5] [1;36m19:33:58[0m [1;33mx5[0m [1;36m#314[0m SKIP tension=[1;36m0.01516356[0m [0m| direction_unclear [1;31mconf=0.0251[0m
[ALPHA_X13_BURST13] [1;36m19:33:59[0m [1;32mx13[0m [1;36m#342[0m SKIP tension=[1;36m0.00000000[0m [0m| momentum_too_small [1;31mconf=0.3476[0m
[BETA_X5] mode=OFF radar_adj=0 mom= conf=0
[ALPHA_X13_BURST13] mode=OFF radar_adj=0 mom= conf=0
[BETA_X5] [1;36m19:34:07[0m [1;33mx5[0m [1;36m#315[0m SKIP tension=[1;36m0.41693617[0m [0m| wall_not_collapsed
[ALPHA_X13_BURST13] [1;36m19:34:09[0m [1;32mx13[0m [1;36m#343[0m SKIP tension=[1;36m0.47348899[0m [0m| wall_not_collapsed
[BETA_X5] mode=OFF radar_adj=0 mom= conf=0
[ALPHA_X13_BURST13] mode=OFF radar_adj=0 mom= conf=0
[BETA_X5] [1;36m19:34:15[0m [1;33mx5[0m [1;36m#316[0m SKIP tension=[1;36m0.54047034[0m [0m| wall_not_collapsed
[ALPHA_X13_BURST13] [1;36m19:34:18[0m [1;32mx13[0m [1;36m#344[0m SKIP tension=[1;36m0.00000000[0m [0m| momentum_too_small [1;31mconf=0.3169[0m
[BETA_X5] mode=OFF radar_adj=0 mom= conf=0
[ALPHA_X13_BURST13] mode=OFF radar_adj=0 mom= conf=0
[ALPHA_X13_BURST13] [1;36m19:34:27[0m [1;32mx13[0m [1;36m#345[0m SKIP tension=[1;36m0.00000000[0m [0m| momentum_too_small [1;31mconf=0.3105[0m
[ALPHA_X13_BURST13] mode=OFF radar_adj=0 mom= conf=0
[ALPHA_X13_BURST13] [1;36m19:34:36[0m [1;32mx13[0m [1;36m#346[0m SKIP tension=[1;36m0.00002118[0m [0m| momentum_too_small [1;31mconf=0.0[0m
[BETA_X5] [1;36mCycle 317[0m [1;32mSOFT anomaly[0m [1;33m| pnl_abs=0.02964000 > 0.02500000[0m
[BETA_X5] [1;36mentry=19:34:30@64819.60000000[0m [1;33mx5[0m [1;36m#317[0m [1;32mSELL[0m tension=[1;31m7.12951061[0m hold=[1;36m7[0ms sec=[1;36m7[0m [0m| exit=64815.70000000 [1;32mconf=0.8872[0m [1;36mexit_time=19:34:37[0m [1;32mpnl=0.02964000 bps=0.60166987 pct=0.00601670% total=-0.47782[0m
[ALPHA_X13_BURST13] mode=OFF radar_adj=0 mom= conf=0
[BETA_X5] mode=OFF radar_adj=0 mom= conf=0
[ALPHA_X13_BURST13] [1;36m19:34:46[0m [1;32mx13[0m [1;36m#347[0m SKIP tension=[1;36m0.00000000[0m [0m| momentum_too_small [1;31mconf=0.2886[0m
[ALPHA_X13_BURST13] mode=OFF radar_adj=0 mom= conf=0
[ALPHA_X13_BURST13] [1;36m19:34:56[0m [1;32mx13[0m [1;36m#348[0m SKIP tension=[1;36m0.00019877[0m [0m| momentum_too_small [1;31mconf=0.0003[0m
[ALPHA_X13_BURST13] mode=OFF radar_adj=0 mom= conf=0
[BETA_X5] shockwave beta->alpha until_cycle=328
[BETA_X5] [1;33mSWARM shockwave[0m [0m| beta -> neighbor (shock_inversion_stop)[0m
[BETA_X5] [1;36mCycle 318[0m [1;32mSOFT anomaly[0m [1;33m| pnl_abs=0.14592000 > 0.02500000[0m
[BETA_X5] [1;36mentry=19:34:53@64827.50000000[0m [1;33mx5[0m [1;36m#318[0m [1;31mSELL[0m tension=[1;32m1.57063540[0m hold=[1;36m7[0ms sec=[1;36m7[0m [0m| exit=64846.70000000 [1;32mconf=0.8246[0m [1;36mexit_time=19:35:00[0m [1;31mpnl=-0.14592000 bps=-2.96170607 pct=-0.02961706% total=-0.6237400000000001[0m
[ALPHA_X13_BURST13] [1;36m19:35:05[0m [1;32mx13[0m [1;36m#349[0m SKIP tension=[1;36m0.00008849[0m [0m| momentum_too_small [1;31mconf=0.0001[0m
[BETA_X5] mode=OFF radar_adj=0 mom= conf=0
[ALPHA_X13_BURST13] mode=OFF radar_adj=0 mom= conf=0
[BETA_X5] [1;36m19:35:12[0m [1;33mx5[0m [1;36m#319[0m SKIP tension=[1;36m0.00000000[0m [0m| momentum_too_small [1;31mconf=0.324[0m
[ALPHA_X13_BURST13] [1;36m19:35:14[0m [1;32mx13[0m [1;36m#350[0m SKIP tension=[1;36m0.84742543[0m [0m| wall_not_collapsed
[BETA_X5] mode=OFF radar_adj=0 mom= conf=0
[ALPHA_X13_BURST13] mode=OFF radar_adj=0 mom= conf=0
[BETA_X5] [1;36m19:35:21[0m [1;33mx5[0m [1;36m#320[0m SKIP tension=[1;36m0.00006683[0m [0m| momentum_too_small [1;31mconf=0.0001[0m
[BETA_X5] mode=OFF radar_adj=0 mom= conf=0
[ALPHA_X13_BURST13] [1;36m19:35:24[0m [1;32mx13[0m [1;36m#351[0m SKIP tension=[1;36m0.00008101[0m [0m| momentum_too_small [1;31mconf=0.0001[0m
[ALPHA_X13_BURST13] mode=OFF radar_adj=0 mom= conf=0
[BETA_X5] [1;36m19:35:30[0m [1;33mx5[0m [1;36m#321[0m SKIP tension=[1;36m0.00018226[0m [0m| momentum_too_small [1;31mconf=0.0003[0m
[BETA_X5] mode=OFF radar_adj=0 mom= conf=0
[ALPHA_X13_BURST13] [1;36m19:35:33[0m [1;32mx13[0m [1;36m#352[0m SKIP tension=[1;36m0.00021764[0m [0m| momentum_too_small [1;31mconf=0.0004[0m
[ALPHA_X13_BURST13] mode=OFF radar_adj=0 mom= conf=0
[BETA_X5] [1;36m19:35:39[0m [1;33mx5[0m [1;36m#322[0m SKIP tension=[1;36m0.00000000[0m [0m| momentum_too_small [1;31mconf=0.2903[0m
[BETA_X5] mode=OFF radar_adj=0 mom= conf=0
[ALPHA_X13_BURST13] [1;36m19:35:42[0m [1;32mx13[0m [1;36m#353[0m SKIP tension=[1;36m0.00014581[0m [0m| momentum_too_small [1;31mconf=0.0002[0m
[ALPHA_X13_BURST13] mode=OFF radar_adj=0 mom= conf=0
[BETA_X5] [1;36m19:35:48[0m [1;33mx5[0m [1;36m#323[0m SKIP tension=[1;36m0.00000000[0m [0m| momentum_too_small [1;31mconf=0.3065[0m
[BETA_X5] mode=OFF radar_adj=0 mom= conf=0
[ALPHA_X13_BURST13] [1;36m19:35:51[0m [1;32mx13[0m [1;36m#354[0m SKIP tension=[1;36m0.00000000[0m [0m| momentum_too_small [1;31mconf=0.3065[0m
[ALPHA_X13_BURST13] mode=OFF radar_adj=0 mom= conf=0
[BETA_X5] [1;36m19:35:57[0m [1;33mx5[0m [1;36m#324[0m SKIP tension=[1;36m0.00000000[0m [0m| momentum_too_small [1;31mconf=0.3062[0m
[BETA_X5] mode=OFF radar_adj=0 mom= conf=0
[ALPHA_X13_BURST13] [1;36m19:36:02[0m [1;32mx13[0m [1;36m#355[0m SKIP [1;33m| tension_stale age=3431ms>800ms (NUAGE)[0m
[ALPHA_X13_BURST13] [1;33mNET_RETRY[0m [0m| attempt=1/3 rc=28[0m
[ALPHA_X13_BURST13] [1;33mNET_RETRY[0m [0m| attempt=2/3 rc=6[0m
[ALPHA_X13_BURST13] [1;33mNET_RETRY[0m [0m| attempt=3/3 rc=6[0m
[ALPHA_X13_BURST13] [1;33mNET_RETRY_EXHAUSTED[0m [0m| skip request (no process kill)[0m
[ALPHA_X13_BURST13] [1;33mNET_RETRY[0m [0m| attempt=1/3 rc=6[0m
[BETA_X5] [1;33mNET_RETRY[0m [0m| attempt=1/3 rc=28[0m
[ALPHA_X13_BURST13] [1;33mNET_RETRY[0m [0m| attempt=2/3 rc=6[0m
[BETA_X5] [1;33mNET_RETRY[0m [0m| attempt=2/3 rc=6[0m
[ALPHA_X13_BURST13] [1;33mNET_RETRY[0m [0m| attempt=3/3 rc=6[0m
[ALPHA_X13_BURST13] [1;33mNET_RETRY_EXHAUSTED[0m [0m| skip request (no process kill)[0m
[ALPHA_X13_BURST13] mode=OFF radar_adj=0 mom= conf=0
[ALPHA_X13_BURST13] [1;33mNET_RETRY[0m [0m| attempt=1/3 rc=6[0m
[BETA_X5] [1;33mNET_RETRY[0m [0m| attempt=3/3 rc=6[0m
[BETA_X5] [1;33mNET_RETRY_EXHAUSTED[0m [0m| skip request (no process kill)[0m
[ALPHA_X13_BURST13] [1;33mNET_RETRY[0m [0m| attempt=2/3 rc=6[0m
[BETA_X5] [1;33mNET_RETRY[0m [0m| attempt=1/3 rc=6[0m
[ALPHA_X13_BURST13] [1;33mNET_RETRY[0m [0m| attempt=3/3 rc=6[0m
[ALPHA_X13_BURST13] [1;33mNET_RETRY_EXHAUSTED[0m [0m| skip request (no process kill)[0m
[ALPHA_X13_BURST13] [1;33mNET_RETRY[0m [0m| attempt=1/3 rc=6[0m
[BETA_X5] [1;33mNET_RETRY[0m [0m| attempt=2/3 rc=6[0m
[ALPHA_X13_BURST13] [1;33mNET_RETRY[0m [0m| attempt=2/3 rc=6[0m
[BETA_X5] [1;33mNET_RETRY[0m [0m| attempt=3/3 rc=6[0m
[BETA_X5] [1;33mNET_RETRY_EXHAUSTED[0m [0m| skip request (no process kill)[0m
[BETA_X5] [1;33mNET_RETRY[0m [0m| attempt=1/3 rc=6[0m
[ALPHA_X13_BURST13] [1;33mNET_RETRY[0m [0m| attempt=3/3 rc=6[0m
[ALPHA_X13_BURST13] [1;33mNET_RETRY_EXHAUSTED[0m [0m| skip request (no process kill)[0m
[ALPHA_X13_BURST13] [1;33mNET_RETRY[0m [0m| attempt=1/3 rc=6[0m
[BETA_X5] [1;33mNET_RETRY[0m [0m| attempt=2/3 rc=6[0m
[ALPHA_X13_BURST13] [1;33mNET_RETRY[0m [0m| attempt=2/3 rc=6[0m
[BETA_X5] [1;33mNET_RETRY[0m [0m| attempt=3/3 rc=6[0m
[BETA_X5] [1;33mNET_RETRY_EXHAUSTED[0m [0m| skip request (no process kill)[0m
[BETA_X5] [1;33mNET_RETRY[0m [0m| attempt=1/3 rc=6[0m
[ALPHA_X13_BURST13] [1;33mNET_RETRY[0m [0m| attempt=3/3 rc=6[0m
[ALPHA_X13_BURST13] [1;33mNET_RETRY_EXHAUSTED[0m [0m| skip request (no process kill)[0m
[ALPHA_X13_BURST13] [1;33mNET_RETRY[0m [0m| attempt=1/3 rc=6[0m
[BETA_X5] [1;33mNET_RETRY[0m [0m| attempt=2/3 rc=6[0m
[ALPHA_X13_BURST13] [1;33mNET_RETRY[0m [0m| attempt=2/3 rc=6[0m
[BETA_X5] [1;33mNET_RETRY[0m [0m| attempt=3/3 rc=6[0m
[BETA_X5] [1;33mNET_RETRY_EXHAUSTED[0m [0m| skip request (no process kill)[0m
[BETA_X5] [1;33mNET_RETRY[0m [0m| attempt=1/3 rc=6[0m
[ALPHA_X13_BURST13] [1;33mNET_RETRY[0m [0m| attempt=3/3 rc=6[0m
[ALPHA_X13_BURST13] [1;33mNET_RETRY_EXHAUSTED[0m [0m| skip request (no process kill)[0m
[ALPHA_X13_BURST13] [1;36m19:37:19[0m [1;32mx13[0m [1;36m#356[0m SKIP tension=[1;36m0.00000000[0m [0m| momentum_too_small [1;31mconf=0.35[0m
[BETA_X5] [1;33mNET_RETRY[0m [0m| attempt=2/3 rc=6[0m
[ALPHA_X13_BURST13] [1;33mNET_RETRY[0m [0m| attempt=1/3 rc=6[0m
[BETA_X5] [1;33mNET_RETRY[0m [0m| attempt=3/3 rc=6[0m
[BETA_X5] [1;33mNET_RETRY_EXHAUSTED[0m [0m| skip request (no process kill)[0m
[ALPHA_X13_BURST13] [1;33mNET_RETRY[0m [0m| attempt=2/3 rc=6[0m
[BETA_X5] [1;33mNET_RETRY[0m [0m| attempt=1/3 rc=6[0m
[ALPHA_X13_BURST13] [1;33mNET_RETRY[0m [0m| attempt=3/3 rc=6[0m
[ALPHA_X13_BURST13] [1;33mNET_RETRY_EXHAUSTED[0m [0m| skip request (no process kill)[0m
[ALPHA_X13_BURST13] [1;33mNET_RETRY[0m [0m| attempt=1/3 rc=6[0m
[BETA_X5] [1;33mNET_RETRY[0m [0m| attempt=2/3 rc=6[0m
[ALPHA_X13_BURST13] [1;33mNET_RETRY[0m [0m| attempt=2/3 rc=6[0m
[BETA_X5] [1;33mNET_RETRY[0m [0m| attempt=3/3 rc=6[0m
[BETA_X5] [1;33mNET_RETRY_EXHAUSTED[0m [0m| skip request (no process kill)[0m
[BETA_X5] [1;33mNET_RETRY[0m [0m| attempt=1/3 rc=6[0m
[ALPHA_X13_BURST13] [1;33mNET_RETRY[0m [0m| attempt=3/3 rc=6[0m
[ALPHA_X13_BURST13] [1;33mNET_RETRY_EXHAUSTED[0m [0m| skip request (no process kill)[0m
[ALPHA_X13_BURST13] mode=OFF radar_adj=0 mom= conf=0
[ALPHA_X13_BURST13] [1;33mNET_RETRY[0m [0m| attempt=1/3 rc=6[0m
[BETA_X5] [1;33mNET_RETRY[0m [0m| attempt=2/3 rc=6[0m
[ALPHA_X13_BURST13] [1;33mNET_RETRY[0m [0m| attempt=2/3 rc=6[0m
[BETA_X5] [1;33mNET_RETRY[0m [0m| attempt=3/3 rc=6[0m
[BETA_X5] [1;33mNET_RETRY_EXHAUSTED[0m [0m| skip request (no process kill)[0m
[BETA_X5] [1;36mentry=19:37:14@64851.90000000[0m [1;33mx5[0m [1;36m#325[0m [1;33mSELL[0m tension=[1;31m3.91361017[0m hold=[1;36m36[0ms sec=[1;36m36[0m [0m| exit=64851.90000000 [1;32mconf=0.9258[0m [1;36mexit_time=19:37:50[0m [1;33mpnl=-0.00000000 bps=-0.00000000 pct=-0.00000000% total=-0.6237400000000001[0m
[ALPHA_X13_BURST13] [1;33mNET_RETRY[0m [0m| attempt=3/3 rc=6[0m
[ALPHA_X13_BURST13] [1;33mNET_RETRY_EXHAUSTED[0m [0m| skip request (no process kill)[0m
[ALPHA_X13_BURST13] [1;33mNET_RETRY[0m [0m| attempt=1/3 rc=6[0m
[BETA_X5] [1;33mNET_RETRY[0m [0m| attempt=1/3 rc=6[0m
[ALPHA_X13_BURST13] [1;33mNET_RETRY[0m [0m| attempt=2/3 rc=6[0m
[BETA_X5] [1;33mNET_RETRY[0m [0m| attempt=2/3 rc=6[0m
[ALPHA_X13_BURST13] [1;33mNET_RETRY[0m [0m| attempt=3/3 rc=6[0m
[ALPHA_X13_BURST13] [1;33mNET_RETRY_EXHAUSTED[0m [0m| skip request (no process kill)[0m
[ALPHA_X13_BURST13] [1;33mNET_RETRY[0m [0m| attempt=1/3 rc=6[0m
[BETA_X5] [1;33mNET_RETRY[0m [0m| attempt=3/3 rc=6[0m
[BETA_X5] [1;33mNET_RETRY_EXHAUSTED[0m [0m| skip request (no process kill)[0m
[BETA_X5] [1;33mNET_RETRY[0m [0m| attempt=1/3 rc=6[0m
[ALPHA_X13_BURST13] [1;33mNET_RETRY[0m [0m| attempt=2/3 rc=6[0m
[BETA_X5] [1;33mNET_RETRY[0m [0m| attempt=2/3 rc=6[0m
[ALPHA_X13_BURST13] [1;33mNET_RETRY[0m [0m| attempt=3/3 rc=6[0m
[ALPHA_X13_BURST13] [1;33mNET_RETRY_EXHAUSTED[0m [0m| skip request (no process kill)[0m
[ALPHA_X13_BURST13] [1;33mNET_RETRY[0m [0m| attempt=1/3 rc=6[0m
[BETA_X5] [1;33mNET_RETRY[0m [0m| attempt=3/3 rc=6[0m
[BETA_X5] [1;33mNET_RETRY_EXHAUSTED[0m [0m| skip request (no process kill)[0m
[BETA_X5] mode=OFF radar_adj=0 mom= conf=0
[BETA_X5] [1;33mNET_RETRY[0m [0m| attempt=1/3 rc=6[0m
[ALPHA_X13_BURST13] [1;33mNET_RETRY[0m [0m| attempt=2/3 rc=6[0m
[BETA_X5] [1;33mNET_RETRY[0m [0m| attempt=2/3 rc=6[0m
[ALPHA_X13_BURST13] [1;33mNET_RETRY[0m [0m| attempt=3/3 rc=6[0m
[ALPHA_X13_BURST13] [1;33mNET_RETRY_EXHAUSTED[0m [0m| skip request (no process kill)[0m
[BETA_X5] [1;33mNET_RETRY[0m [0m| attempt=3/3 rc=6[0m
[BETA_X5] [1;33mNET_RETRY_EXHAUSTED[0m [0m| skip request (no process kill)[0m
[BETA_X5] [1;33mNET_RETRY[0m [0m| attempt=1/3 rc=6[0m
[ALPHA_X13_BURST13] [1;36m19:38:25[0m [1;32mx13[0m [1;36m#357[0m SKIP tension=[1;36m0.00000000[0m [0m| momentum_too_small [1;31mconf=0.35[0m
[ALPHA_X13_BURST13] [1;31mSTOP file detected (STOP_ALPHA). Stopping safely at cycle 358.[0m
[ALPHA_X13_BURST13] [1;32mDone.[0m
[ALPHA_X13_BURST13] [1;36mLog: runs/NUAGE_SETUP_AVANT_ALPHA_X13_BURST13.csv[0m
[ALPHA_X13_BURST13] [1;32mSuccessful order-cycles: 1[0m
[ALPHA_X13_BURST13] [1;32mDernier cycle #358:[0m [1;31mpnl=-0.08040000 bps=-0.07730855 pct=-0.00077309%[0m
[ALPHA_X13_BURST13] PROCESS_DIE | ts=2026-07-30T19:38:27Z role=HUNTER stop=STOP_ALPHA ec=0 last_cmd=echo "${C_G}Dernier cycle #${i:-0}:${C_N} ${last_col}pnl=${pnl_usdt:-0} bps=${bps:-0} pct=${pct:-0}%${C_N}" line=2489
2026-07-30T19:38:27Z PROCESS_EXIT unit=ALPHA_X13_BURST13 wrapper=9072 genesis=9078 how=exit0 why=clean_end_or_self_exit_0 rc=0
[BETA_X5] [1;33mNET_RETRY[0m [0m| attempt=2/3 rc=6[0m
[BETA_X5] [1;33mNET_RETRY[0m [0m| attempt=3/3 rc=6[0m
[BETA_X5] [1;33mNET_RETRY_EXHAUSTED[0m [0m| skip request (no process kill)[0m
[BETA_X5] [1;33mNET_RETRY[0m [0m| attempt=1/3 rc=6[0m
[BETA_X5] [1;33mNET_RETRY[0m [0m| attempt=2/3 rc=6[0m
[BETA_X5] [1;33mNET_RETRY[0m [0m| attempt=3/3 rc=6[0m
[BETA_X5] [1;33mNET_RETRY_EXHAUSTED[0m [0m| skip request (no process kill)[0m
[BETA_X5] [1;33mNET_RETRY[0m [0m| attempt=1/3 rc=6[0m
[BETA_X5] [1;33mNET_RETRY[0m [0m| attempt=2/3 rc=6[0m
[BETA_X5] [1;33mNET_RETRY[0m [0m| attempt=3/3 rc=6[0m
[BETA_X5] [1;33mNET_RETRY_EXHAUSTED[0m [0m| skip request (no process kill)[0m
[BETA_X5] [1;36m19:38:58[0m [1;33mx5[0m [1;36m#326[0m SKIP tension=[1;36m0.00000000[0m [0m| momentum_too_small [1;31mconf=0.35[0m
[BETA_X5] [1;31mSTOP file detected (STOP_BETA). Stopping safely at cycle 327.[0m
[BETA_X5] [1;32mDone.[0m
[BETA_X5] [1;36mLog: runs/NUAGE_SETUP_AVANT_BETA_X5.csv[0m
[BETA_X5] [1;32mSuccessful order-cycles: 33[0m
[BETA_X5] [1;32mDernier cycle #327:[0m [1;33mpnl=-0.00000000 bps=-0.00000000 pct=-0.00000000%[0m
[BETA_X5] PROCESS_DIE | ts=2026-07-30T19:38:59Z role=SCOUT stop=STOP_BETA ec=0 last_cmd=echo "${C_G}Dernier cycle #${i:-0}:${C_N} ${last_col}pnl=${pnl_usdt:-0} bps=${bps:-0} pct=${pct:-0}%${C_N}" line=2489
2026-07-30T19:38:59Z PROCESS_EXIT unit=BETA_X5 wrapper=8949 genesis=8957 how=exit0 why=clean_end_or_self_exit_0 rc=0
[BETA_X5] [1;36m--- ACE777 STRICT CLONE FUTURES TESTNET ---[0m
[BETA_X5] [1;32mV8 Resonance ON:[0m [1;36mimpulse_thr=0.96 dt_ms=64 aspiration=1.618@37.8deg void_lock=TRUE shock_exit=TRUE[0m
[BETA_X5] [1;32mV8 Tension ON:[0m [1;36mwall_drop=6.5% dt_ms=64 filter=0.85 depth=20[0m
[BETA_X5] [1;36mSymbol=BTCUSDT[0m [1;32mLeverage=5[0m [1;36mBuyUSDT=200 Orders=TRUE[0m
[ALPHA_X13_BURST13] [1;36m--- ACE777 STRICT CLONE FUTURES TESTNET ---[0m
[ALPHA_X13_BURST13] [1;36mLeverage ramp ON:[0m [1;36mstart=13 end=13 cycles=180[0m
[ALPHA_X13_BURST13] [1;32mV8 Resonance ON:[0m [1;36mimpulse_thr=0.96 dt_ms=64 aspiration=1.618@37.8deg void_lock=TRUE shock_exit=TRUE[0m
[ALPHA_X13_BURST13] [1;32mV8 Tension ON:[0m [1;36mwall_drop=6.5% dt_ms=64 filter=0.85 depth=20[0m
[ALPHA_X13_BURST13] [1;36mSymbol=BTCUSDT[0m [1;32mLeverage=13[0m [1;36mBuyUSDT=800 Orders=TRUE[0m
[BETA_X5] mode=OFF radar_adj=0 mom= conf=0
[ALPHA_X13_BURST13] mode=OFF radar_adj=0 mom= conf=0
[BETA_X5] [1;36m20:43:40[0m [1;33mx5[0m [1;36m#1[0m SKIP tension=[1;36m0.00000000[0m [0m| momentum_too_small [1;31mconf=0.3493[0m
[BETA_X5] mode=OFF radar_adj=0 mom= conf=0
[ALPHA_X13_BURST13] [1;36m20:43:44[0m [1;32mx13[0m [1;36m#1[0m SKIP tension=[1;32m1.92580694[0m [0m| duo no_state
[ALPHA_X13_BURST13] mode=OFF radar_adj=0 mom= conf=0
[BETA_X5] [1;36m20:43:48[0m [1;33mx5[0m [1;36m#2[0m SKIP tension=[1;36m0.32350752[0m [0m| wall_not_collapsed
[BETA_X5] mode=OFF radar_adj=0 mom= conf=0
[ALPHA_X13_BURST13] [1;36m20:43:53[0m [1;32mx13[0m [1;36m#2[0m SKIP tension=[1;36m0.00000000[0m [0m| momentum_too_small [1;31mconf=0.3493[0m
[BETA_X5] [1;36m20:43:56[0m [1;33mx5[0m [1;36m#3[0m SKIP tension=[1;36m0.00000000[0m [0m| momentum_too_small [1;31mconf=0.3493[0m
[ALPHA_X13_BURST13] mode=OFF radar_adj=0 mom= conf=0
[BETA_X5] mode=OFF radar_adj=0 mom= conf=0
[ALPHA_X13_BURST13] [1;36m20:44:03[0m [1;32mx13[0m [1;36m#3[0m SKIP tension=[1;36m0.00022508[0m [0m| momentum_too_small [1;31mconf=0.0004[0m
[BETA_X5] [1;36m20:44:04[0m [1;33mx5[0m [1;36m#4[0m SKIP tension=[1;36m0.00001502[0m [0m| momentum_too_small [1;31mconf=0.0[0m
[ALPHA_X13_BURST13] mode=OFF radar_adj=0 mom= conf=0
[BETA_X5] mode=OFF radar_adj=0 mom= conf=0
[ALPHA_X13_BURST13] [1;36m20:44:11[0m [1;32mx13[0m [1;36m#4[0m SKIP tension=[1;36m0.00000371[0m [0m| momentum_too_small [1;31mconf=0.0[0m
[BETA_X5] [1;36m20:44:12[0m [1;33mx5[0m [1;36m#5[0m SKIP tension=[1;36m0.00000000[0m [0m| momentum_too_small [1;31mconf=0.3493[0m
[ALPHA_X13_BURST13] mode=OFF radar_adj=0 mom= conf=0
[BETA_X5] mode=OFF radar_adj=0 mom= conf=0
[ALPHA_X13_BURST13] [1;36m20:44:19[0m [1;32mx13[0m [1;36m#5[0m SKIP tension=[1;36m0.00000000[0m [0m| momentum_too_small [1;31mconf=0.3493[0m
[BETA_X5] [1;36m20:44:20[0m [1;33mx5[0m [1;36m#6[0m SKIP tension=[1;36m0.00000334[0m [0m| momentum_too_small [1;31mconf=0.0[0m
[ALPHA_X13_BURST13] mode=OFF radar_adj=0 mom= conf=0
[BETA_X5] mode=OFF radar_adj=0 mom= conf=0
[ALPHA_X13_BURST13] [1;36m20:44:28[0m [1;32mx13[0m [1;36m#6[0m SKIP tension=[1;36m0.70932456[0m [0m| wall_not_collapsed
[ALPHA_X13_BURST13] mode=OFF radar_adj=0 mom= conf=0
[ALPHA_X13_BURST13] [1;36m20:44:36[0m [1;32mx13[0m [1;36m#7[0m SKIP tension=[1;36m0.00529263[0m [0m| momentum_too_small [1;31mconf=0.0088[0m
[ALPHA_X13_BURST13] mode=OFF radar_adj=0 mom= conf=0
[ALPHA_X13_BURST13] [1;36m20:44:44[0m [1;32mx13[0m [1;36m#8[0m SKIP tension=[1;36m0.00000371[0m [0m| momentum_too_small [1;31mconf=0.0[0m
[BETA_X5] [1;36mentry=20:44:37@64855.30000000[0m [1;33mx5[0m [1;36m#7[0m [1;33mSELL[0m tension=[1;32m1.39642439[0m hold=[1;36m6[0ms sec=[1;36m6[0m [0m| exit=64855.30000000 [1;32mconf=0.9981[0m [1;36mexit_time=20:44:43[0m [1;33mpnl=-0.00000000 bps=-0.00000000 pct=-0.00000000% total=0.0[0m
[ALPHA_X13_BURST13] mode=OFF radar_adj=0 mom= conf=0
[BETA_X5] mode=OFF radar_adj=0 mom= conf=0
[ALPHA_X13_BURST13] [1;36m20:44:53[0m [1;32mx13[0m [1;36m#9[0m SKIP tension=[1;36m0.68080923[0m [0m| wall_not_collapsed
[ALPHA_X13_BURST13] mode=OFF radar_adj=0 mom= conf=0
[ALPHA_X13_BURST13] [1;36m20:45:01[0m [1;32mx13[0m [1;36m#10[0m SKIP tension=[1;36m0.00004539[0m [0m| momentum_too_small [1;31mconf=0.0001[0m
[ALPHA_X13_BURST13] mode=OFF radar_adj=0 mom= conf=0
[BETA_X5] [1;36mentry=20:44:57@64855.50000000[0m [1;33mx5[0m [1;36m#8[0m [1;33mSELL[0m tension=[1;32m1.07961546[0m hold=[1;36m7[0ms sec=[1;36m7[0m [0m| exit=64855.50000000 [1;32mconf=0.9981[0m [1;36mexit_time=20:45:05[0m [1;33mpnl=-0.00000000 bps=-0.00000000 pct=-0.00000000% total=0.0[0m
[BETA_X5] mode=OFF radar_adj=0 mom= conf=0
[ALPHA_X13_BURST13] [1;36m20:45:10[0m [1;32mx13[0m [1;36m#11[0m SKIP tension=[1;36m0.00000000[0m [0m| momentum_too_small [1;31mconf=0.3493[0m
[ALPHA_X13_BURST13] mode=OFF radar_adj=0 mom= conf=0
[BETA_X5] [1;36m20:45:14[0m [1;33mx5[0m [1;36m#9[0m SKIP tension=[1;33m0.87886872[0m [0m| wall_not_collapsed
[BETA_X5] mode=OFF radar_adj=0 mom= conf=0
[ALPHA_X13_BURST13] [1;36m20:45:18[0m [1;32mx13[0m [1;36m#12[0m SKIP tension=[1;31m2.29768576[0m [0m| duo no_trigger
[ALPHA_X13_BURST13] mode=OFF radar_adj=0 mom= conf=0
[ALPHA_X13_BURST13] [1;36m20:45:27[0m [1;32mx13[0m [1;36m#13[0m SKIP tension=[1;36m0.00045750[0m [0m| momentum_too_small [1;31mconf=0.0007[0m
[ALPHA_X13_BURST13] mode=OFF radar_adj=0 mom= conf=0
[BETA_X5] [1;36mCycle 10[0m [1;32mSOFT anomaly[0m [1;33m| pnl_abs=0.39116000 > 0.02500000[0m
[ALPHA_X13_BURST13] [1;36m20:45:36[0m [1;32mx13[0m [1;36m#14[0m SKIP tension=[1;36m0.13169657[0m [0m| direction_unclear [1;31mconf=0.2193[0m
[BETA_X5] [1;36mentry=20:45:28@64855.30000000[0m [1;33mx5[0m [1;36m#10[0m [1;32mSELL[0m tension=[1;31m2.43156763[0m hold=[1;36m6[0ms sec=[1;36m6[0m [0m| exit=64829.90000000 [1;32mconf=0.9981[0m [1;36mexit_time=20:45:34[0m [1;32mpnl=0.39116000 bps=3.91641084 pct=0.03916411% total=0.39116[0m
[BETA_X5] mode=OFF radar_adj=0 mom= conf=0
[ALPHA_X13_BURST13] mode=OFF radar_adj=0 mom= conf=0
[BETA_X5] [1;36m20:45:44[0m [1;33mx5[0m [1;36m#11[0m SKIP tension=[1;36m0.13232984[0m [0m| direction_unclear [1;31mconf=0.2203[0m
[ALPHA_X13_BURST13] [1;36m20:45:45[0m [1;32mx13[0m [1;36m#15[0m SKIP tension=[1;36m0.00133954[0m [0m| momentum_too_small [1;31mconf=0.0022[0m
[BETA_X5] mode=OFF radar_adj=0 mom= conf=0
[ALPHA_X13_BURST13] mode=OFF radar_adj=0 mom= conf=0
[BETA_X5] [1;36m20:45:53[0m [1;33mx5[0m [1;36m#12[0m SKIP tension=[1;36m0.01152812[0m [0m| direction_unclear [1;31mconf=0.0192[0m
[ALPHA_X13_BURST13] [1;36m20:45:53[0m [1;32mx13[0m [1;36m#16[0m SKIP tension=[1;36m0.01163141[0m [0m| direction_unclear [1;31mconf=0.0194[0m
[BETA_X5] mode=OFF radar_adj=0 mom= conf=0
[ALPHA_X13_BURST13] mode=OFF radar_adj=0 mom= conf=0
[ALPHA_X13_BURST13] [1;36m20:46:01[0m [1;32mx13[0m [1;36m#17[0m SKIP tension=[1;36m0.69294270[0m [0m| wall_not_collapsed
[ALPHA_X13_BURST13] mode=OFF radar_adj=0 mom= conf=0
[ALPHA_X13_BURST13] [1;36m20:46:11[0m [1;32mx13[0m [1;36m#18[0m SKIP tension=[1;36m0.00000000[0m [0m| momentum_too_small [1;31mconf=0.3497[0m
[ALPHA_X13_BURST13] mode=OFF radar_adj=0 mom= conf=0
[BETA_X5] [1;36mentry=20:46:11@64826.50000000[0m [1;33mx5[0m [1;36m#13[0m [1;32mSELL[0m tension=[1;31m6.15276375[0m hold=[1;36m7[0ms sec=[1;36m7[0m [0m| exit=64823.30000000 [1;32mconf=0.9701[0m [1;36mexit_time=20:46:18[0m [1;32mpnl=0.02432000 bps=0.49362529 pct=0.00493625% total=0.41548[0m
[BETA_X5] mode=OFF radar_adj=0 mom= conf=0
[ALPHA_X13_BURST13] [1;36m20:46:25[0m [1;32mx13[0m [1;36m#19[0m SKIP tension=[1;36m0.00139065[0m [0m| momentum_too_small [1;31mconf=0.0023[0m
[BETA_X5] [1;36m20:46:28[0m [1;33mx5[0m [1;36m#14[0m SKIP tension=[1;36m0.00000000[0m [0m| momentum_too_small [1;31mconf=0.3497[0m
[ALPHA_X13_BURST13] mode=OFF radar_adj=0 mom= conf=0
[BETA_X5] mode=OFF radar_adj=0 mom= conf=0
[ALPHA_X13_BURST13] [1;36m20:46:34[0m [1;32mx13[0m [1;36m#20[0m SKIP tension=[1;36m0.64038264[0m [0m| wall_not_collapsed
[BETA_X5] [1;36m20:46:36[0m [1;33mx5[0m [1;36m#15[0m SKIP tension=[1;36m0.00000000[0m [0m| momentum_too_small [1;31mconf=0.3419[0m
[BETA_X5] mode=OFF radar_adj=0 mom= conf=0
[ALPHA_X13_BURST13] mode=OFF radar_adj=0 mom= conf=0
[BETA_X5] [1;36m20:46:45[0m [1;33mx5[0m [1;36m#16[0m SKIP tension=[1;36m0.29491766[0m [0m| wall_not_collapsed
[ALPHA_X13_BURST13] [1;36m20:46:47[0m [1;32mx13[0m [1;36m#21[0m SKIP tension=[1;36m0.00000639[0m [0m| momentum_too_small [1;31mconf=0.0[0m
[BETA_X5] mode=OFF radar_adj=0 mom= conf=0
[ALPHA_X13_BURST13] mode=OFF radar_adj=0 mom= conf=0
[BETA_X5] [1;36m20:46:53[0m [1;33mx5[0m [1;36m#17[0m SKIP tension=[1;36m0.00000272[0m [0m| momentum_too_small [1;31mconf=0.0[0m
[BETA_X5] mode=OFF radar_adj=0 mom= conf=0
[ALPHA_X13_BURST13] [1;36m20:46:58[0m [1;32mx13[0m [1;36m#22[0m SKIP tension=[1;36m0.00000000[0m [0m| momentum_too_small [1;31mconf=0.3429[0m
[ALPHA_X13_BURST13] mode=OFF radar_adj=0 mom= conf=0
[BETA_X5] [1;36m20:47:02[0m [1;33mx5[0m [1;36m#18[0m SKIP tension=[1;36m0.72441296[0m [0m| wall_not_collapsed
[BETA_X5] mode=OFF radar_adj=0 mom= conf=0
[ALPHA_X13_BURST13] [1;36m20:47:07[0m [1;32mx13[0m [1;36m#23[0m SKIP tension=[1;36m0.00010607[0m [0m| momentum_too_small [1;31mconf=0.0002[0m
[ALPHA_X13_BURST13] mode=OFF radar_adj=0 mom= conf=0
[BETA_X5] [1;36m20:47:10[0m [1;33mx5[0m [1;36m#19[0m SKIP tension=[1;36m0.00001088[0m [0m| momentum_too_small [1;31mconf=0.0[0m
[BETA_X5] mode=OFF radar_adj=0 mom= conf=0
[ALPHA_X13_BURST13] [1;36m20:47:16[0m [1;32mx13[0m [1;36m#24[0m SKIP tension=[1;36m0.00000000[0m [0m| momentum_too_small [1;31mconf=0.3362[0m
[BETA_X5] [1;36m20:47:18[0m [1;33mx5[0m [1;36m#20[0m SKIP tension=[1;36m0.00000229[0m [0m| momentum_too_small [1;31mconf=0.0[0m
[ALPHA_X13_BURST13] mode=OFF radar_adj=0 mom= conf=0
[BETA_X5] mode=OFF radar_adj=0 mom= conf=0
[ALPHA_X13_BURST13] [1;36m20:47:25[0m [1;32mx13[0m [1;36m#25[0m SKIP tension=[1;36m0.00000000[0m [0m| momentum_too_small [1;31mconf=0.3244[0m
[BETA_X5] [1;36m20:47:27[0m [1;33mx5[0m [1;36m#21[0m SKIP tension=[1;36m0.00000000[0m [0m| momentum_too_small [1;31mconf=0.3223[0m
[ALPHA_X13_BURST13] mode=OFF radar_adj=0 mom= conf=0
[BETA_X5] mode=OFF radar_adj=0 mom= conf=0
[ALPHA_X13_BURST13] [1;36m20:47:34[0m [1;32mx13[0m [1;36m#26[0m SKIP tension=[1;32m1.46327706[0m [0m| duo no_trigger
[ALPHA_X13_BURST13] mode=OFF radar_adj=0 mom= conf=0
[ALPHA_X13_BURST13] [1;36m20:47:42[0m [1;32mx13[0m [1;36m#27[0m SKIP tension=[1;36m0.00000164[0m [0m| momentum_too_small [1;31mconf=0.0[0m
[ALPHA_X13_BURST13] mode=OFF radar_adj=0 mom= conf=0
[BETA_X5] [1;36mCycle 22[0m [1;32mSOFT anomaly[0m [1;33m| pnl_abs=0.06200000 > 0.02500000[0m
[BETA_X5] [1;36mentry=20:47:39@64812.80000000[0m [1;33mx5[0m [1;36m#22[0m [1;32mSELL[0m tension=[1;32m1.33689198[0m hold=[1;36m7[0ms sec=[1;36m7[0m [0m| exit=64807.80000000 [1;32mconf=0.9094[0m [1;36mexit_time=20:47:46[0m [1;32mpnl=0.06200000 bps=0.77145255 pct=0.00771453% total=0.47748[0m
[BETA_X5] mode=OFF radar_adj=0 mom= conf=0
[ALPHA_X13_BURST13] [1;36m20:47:51[0m [1;32mx13[0m [1;36m#28[0m SKIP tension=[1;31m2.00537139[0m [0m| duo no_trigger
[ALPHA_X13_BURST13] mode=OFF radar_adj=0 mom= conf=0
[BETA_X5] [1;36m20:47:56[0m [1;33mx5[0m [1;36m#23[0m SKIP tension=[1;36m0.00000000[0m [0m| momentum_too_small [1;31mconf=0.3254[0m
[BETA_X5] mode=OFF radar_adj=0 mom= conf=0
[ALPHA_X13_BURST13] [1;36m20:47:59[0m [1;32mx13[0m [1;36m#29[0m SKIP tension=[1;36m0.00000199[0m [0m| momentum_too_small [1;31mconf=0.0[0m
[ALPHA_X13_BURST13] mode=OFF radar_adj=0 mom= conf=0
[BETA_X5] [1;36m20:48:04[0m [1;33mx5[0m [1;36m#24[0m SKIP tension=[1;36m0.16263753[0m [0m| direction_unclear [1;31mconf=0.2703[0m
[BETA_X5] mode=OFF radar_adj=0 mom= conf=0
[ALPHA_X13_BURST13] [1;36m20:48:08[0m [1;32mx13[0m [1;36m#30[0m SKIP tension=[1;36m0.00000000[0m [0m| momentum_too_small [1;31mconf=0.3487[0m
[ALPHA_X13_BURST13] mode=OFF radar_adj=0 mom= conf=0
[BETA_X5] [1;36m20:48:13[0m [1;33mx5[0m [1;36m#25[0m SKIP tension=[1;36m0.02121451[0m [0m| direction_unclear [1;31mconf=0.0347[0m
[BETA_X5] mode=OFF radar_adj=0 mom= conf=0
[ALPHA_X13_BURST13] [1;36m20:48:17[0m [1;32mx13[0m [1;36m#31[0m SKIP tension=[1;31m2.85072911[0m [0m| duo no_trigger
[ALPHA_X13_BURST13] mode=OFF radar_adj=0 mom= conf=0
[ALPHA_X13_BURST13] [1;36m20:48:25[0m [1;32mx13[0m [1;36m#32[0m SKIP tension=[1;36m0.82368049[0m [0m| wall_not_collapsed
[ALPHA_X13_BURST13] mode=OFF radar_adj=0 mom= conf=0
[ALPHA_X13_BURST13] [1;36m20:48:33[0m [1;32mx13[0m [1;36m#33[0m SKIP tension=[1;36m0.00000000[0m [0m| momentum_too_small [1;31mconf=0.2997[0m
[BETA_X5] shockwave beta->alpha until_cycle=36
[BETA_X5] [1;33mSWARM shockwave[0m [0m| beta -> neighbor (fluid_exit_inversion)[0m
[BETA_X5] [1;36mCycle 26[0m [1;32mSOFT anomaly[0m [1;33m| pnl_abs=0.18476000 > 0.02500000[0m
[ALPHA_X13_BURST13] mode=OFF radar_adj=0 mom= conf=0
[BETA_X5] [1;36mentry=20:48:25@64806.10000000[0m [1;33mx5[0m [1;36m#26[0m [1;31mSELL[0m tension=[1;32m1.37842386[0m hold=[1;36m10[0ms sec=[1;36m10[0m [0m| exit=64821.00000000 [1;32mconf=0.8882[0m [1;36mexit_time=20:48:35[0m [1;31mpnl=-0.18476000 bps=-2.29916628 pct=-0.02299166% total=0.29272[0m
[BETA_X5] mode=OFF radar_adj=0 mom= conf=0
[ALPHA_X13_BURST13] [1;36m20:48:44[0m [1;32mx13[0m [1;36m#34[0m SKIP tension=[1;36m0.07311844[0m [0m| direction_unclear [1;31mconf=0.0107[0m
[BETA_X5] [1;36m20:48:46[0m [1;33mx5[0m [1;36m#27[0m SKIP tension=[1;33m0.91630378[0m [0m| wall_not_collapsed
[ALPHA_X13_BURST13] mode=OFF radar_adj=0 mom= conf=0
[BETA_X5] mode=OFF radar_adj=0 mom= conf=0
[BETA_X5] [1;36m20:48:54[0m [1;33mx5[0m [1;36m#28[0m SKIP [0m| Mode Écoute: spread=0.74050000 volat=17.83964766 (attente froid)
[BETA_X5] mode=OFF radar_adj=0 mom= conf=0
[ALPHA_X13_BURST13] [1;36m20:48:59[0m [1;32mx13[0m [1;36m#35[0m SKIP [1;33m| tension_stale age=3594ms>800ms (NUAGE)[0m
[ALPHA_X13_BURST13] mode=OFF radar_adj=0 mom= conf=0
[BETA_X5] [1;36m20:49:02[0m [1;33mx5[0m [1;36m#29[0m SKIP tension=[1;36m0.00000000[0m [0m| momentum_too_small [1;31mconf=0.3426[0m
[BETA_X5] mode=OFF radar_adj=0 mom= conf=0
[ALPHA_X13_BURST13] [1;36m20:49:08[0m [1;32mx13[0m [1;36m#36[0m SKIP tension=[1;36m0.00000000[0m [0m| momentum_too_small [1;31mconf=0.3473[0m
[ALPHA_X13_BURST13] mode=OFF radar_adj=0 mom= conf=0
[BETA_X5] [1;36m20:49:15[0m [1;33mx5[0m [1;36m#30[0m SKIP tension=[1;36m0.13214294[0m [0m| direction_unclear [1;31mconf=0.2194[0m
[ALPHA_X13_BURST13] [1;36m20:49:16[0m [1;32mx13[0m [1;36m#37[0m SKIP tension=[1;36m0.00000000[0m [0m| momentum_too_small [1;31mconf=0.3487[0m
[BETA_X5] mode=OFF radar_adj=0 mom= conf=0
[ALPHA_X13_BURST13] mode=OFF radar_adj=0 mom= conf=0
[ALPHA_X13_BURST13] [1;36m20:49:27[0m [1;32mx13[0m [1;36m#38[0m SKIP tension=[1;36m0.00000000[0m [0m| momentum_too_small [1;31mconf=0.3487[0m
[BETA_X5] [1;36m20:49:29[0m [1;33mx5[0m [1;36m#31[0m SKIP tension=[1;36m0.00000000[0m [0m| momentum_too_small [1;31mconf=0.3436[0m
[ALPHA_X13_BURST13] mode=OFF radar_adj=0 mom= conf=0
[BETA_X5] mode=OFF radar_adj=0 mom= conf=0
[ALPHA_X13_BURST13] [1;36m20:49:36[0m [1;32mx13[0m [1;36m#39[0m SKIP tension=[1;36m0.00000000[0m [0m| momentum_too_small [1;31mconf=0.3365[0m
[ALPHA_X13_BURST13] mode=OFF radar_adj=0 mom= conf=0
[ALPHA_X13_BURST13] [1;36m20:49:45[0m [1;32mx13[0m [1;36m#40[0m SKIP [1;33m| tension_stale age=14257ms>800ms (NUAGE)[0m
[ALPHA_X13_BURST13] mode=OFF radar_adj=0 mom= conf=0
[BETA_X5] shockwave beta->alpha until_cycle=42
[BETA_X5] [1;33mSWARM shockwave[0m [0m| beta -> neighbor (fluid_exit_inversion)[0m
[BETA_X5] [1;36mCycle 32[0m [1;32mSOFT anomaly[0m [1;33m| pnl_abs=0.12920000 > 0.02500000[0m
[BETA_X5] [1;36mentry=20:49:43@64826.60000000[0m [1;33mx5[0m [1;36m#32[0m [1;31mSELL[0m tension=[1;31m2.47842632[0m hold=[1;36m8[0ms sec=[1;36m8[0m [0m| exit=64843.60000000 [1;32mconf=0.8323[0m [1;36mexit_time=20:49:51[0m [1;31mpnl=-0.12920000 bps=-2.62238032 pct=-0.02622380% total=0.16351999999999997[0m
[BETA_X5] mode=OFF radar_adj=0 mom= conf=0
[ALPHA_X13_BURST13] [1;36m20:50:00[0m [1;32mx13[0m [1;36m#41[0m SKIP [1;33m| tension_stale age=6073ms>800ms (NUAGE)[0m
[ALPHA_X13_BURST13] mode=OFF radar_adj=0 mom= conf=0
[ALPHA_X13_BURST13] [1;36m20:50:10[0m [1;32mx13[0m [1;36m#42[0m SKIP tension=[1;36m0.00004530[0m [0m| momentum_too_small [1;31mconf=0.0001[0m
[ALPHA_X13_BURST13] mode=OFF radar_adj=0 mom= conf=0
[BETA_X5] [1;36mCycle 33[0m [1;32mSOFT anomaly[0m [1;33m| pnl_abs=0.12236000 > 0.02500000[0m
[ALPHA_X13_BURST13] [1;36m20:50:19[0m [1;32mx13[0m [1;36m#43[0m SKIP tension=[1;32m1.23903022[0m [0m| duo no_trigger
[BETA_X5] [1;36mentry=20:50:11@64838.20000000[0m [1;33mx5[0m [1;36m#33[0m [1;32mSELL[0m tension=[1;31m3.05481661[0m hold=[1;36m7[0ms sec=[1;36m7[0m [0m| exit=64822.10000000 [1;32mconf=0.8496[0m [1;36mexit_time=20:50:18[0m [1;32mpnl=0.12236000 bps=2.48310410 pct=0.02483104% total=0.28587999999999997[0m
[ALPHA_X13_BURST13] mode=OFF radar_adj=0 mom= conf=0
[BETA_X5] mode=OFF radar_adj=0 mom= conf=0
[BETA_X5] [1;36m20:50:28[0m [1;33mx5[0m [1;36m#34[0m SKIP tension=[1;36m0.27616547[0m [0m| wall_not_collapsed
[ALPHA_X13_BURST13] [1;36m20:50:28[0m [1;32mx13[0m [1;36m#44[0m SKIP tension=[1;36m0.27616547[0m [0m| wall_not_collapsed
[BETA_X5] mode=OFF radar_adj=0 mom= conf=0
[ALPHA_X13_BURST13] mode=OFF radar_adj=0 mom= conf=0
[ALPHA_X13_BURST13] [1;36m20:50:37[0m [1;32mx13[0m [1;36m#45[0m SKIP tension=[1;36m0.00000000[0m [0m| momentum_too_small [1;31mconf=0.2852[0m
[ALPHA_X13_BURST13] mode=OFF radar_adj=0 mom= conf=0
[ALPHA_X13_BURST13] [1;36m20:50:45[0m [1;32mx13[0m [1;36m#46[0m SKIP tension=[1;36m0.00000000[0m [0m| momentum_too_small [1;31mconf=0.3348[0m
[BETA_X5] [1;36mCycle 35[0m [1;32mSOFT anomaly[0m [1;33m| pnl_abs=0.12400000 > 0.02500000[0m
[ALPHA_X13_BURST13] mode=OFF radar_adj=0 mom= conf=0
[BETA_X5] [1;36mentry=20:50:40@64830.50000000[0m [1;33mx5[0m [1;36m#35[0m [1;32mSELL[0m tension=[1;32m1.49148509[0m hold=[1;36m7[0ms sec=[1;36m7[0m [0m| exit=64820.50000000 [1;32mconf=0.9364[0m [1;36mexit_time=20:50:47[0m [1;32mpnl=0.12400000 bps=1.54248386 pct=0.01542484% total=0.40987999999999997[0m
[BETA_X5] mode=OFF radar_adj=0 mom= conf=0
[ALPHA_X13_BURST13] [1;36m20:50:54[0m [1;32mx13[0m [1;36m#47[0m SKIP tension=[1;32m1.49356827[0m [0m| duo no_trigger
[BETA_X5] [1;36m20:50:57[0m [1;33mx5[0m [1;36m#36[0m SKIP tension=[1;36m0.00000000[0m [0m| momentum_too_small [1;31mconf=0.3099[0m
[ALPHA_X13_BURST13] mode=OFF radar_adj=0 mom= conf=0
[BETA_X5] mode=OFF radar_adj=0 mom= conf=0
[ALPHA_X13_BURST13] [1;36m20:51:03[0m [1;32mx13[0m [1;36m#48[0m SKIP tension=[1;36m0.00001292[0m [0m| momentum_too_small [1;31mconf=0.0[0m
[BETA_X5] [1;36m20:51:05[0m [1;33mx5[0m [1;36m#37[0m SKIP tension=[1;36m0.00000000[0m [0m| momentum_too_small [1;31mconf=0.3294[0m
[ALPHA_X13_BURST13] mode=OFF radar_adj=0 mom= conf=0
[BETA_X5] mode=OFF radar_adj=0 mom= conf=0
[ALPHA_X13_BURST13] [1;36m20:51:11[0m [1;32mx13[0m [1;36m#49[0m SKIP tension=[1;36m0.00013592[0m [0m| momentum_too_small [1;31mconf=0.0002[0m
[BETA_X5] [1;36m20:51:12[0m [1;33mx5[0m [1;36m#38[0m SKIP tension=[1;36m0.00000407[0m [0m| momentum_too_small [1;31mconf=0.0[0m
[ALPHA_X13_BURST13] mode=OFF radar_adj=0 mom= conf=0
[BETA_X5] mode=OFF radar_adj=0 mom= conf=0
[ALPHA_X13_BURST13] [1;36m20:51:20[0m [1;32mx13[0m [1;36m#50[0m SKIP tension=[1;36m0.00000058[0m [0m| momentum_too_small [1;31mconf=0.0[0m
[BETA_X5] [1;36m20:51:20[0m [1;33mx5[0m [1;36m#39[0m SKIP tension=[1;36m0.00000000[0m [0m| momentum_too_small [1;31mconf=0.2741[0m
[ALPHA_X13_BURST13] mode=OFF radar_adj=0 mom= conf=0
[BETA_X5] mode=OFF radar_adj=0 mom= conf=0
[BETA_X5] [1;36m20:51:29[0m [1;33mx5[0m [1;36m#40[0m SKIP tension=[1;36m0.00000000[0m [0m| momentum_too_small [1;31mconf=0.3007[0m
[ALPHA_X13_BURST13] [1;36m20:51:30[0m [1;32mx13[0m [1;36m#51[0m SKIP tension=[1;36m0.00000000[0m [0m| momentum_too_small [1;31mconf=0.3007[0m
[BETA_X5] mode=OFF radar_adj=0 mom= conf=0
[ALPHA_X13_BURST13] mode=OFF radar_adj=0 mom= conf=0
[BETA_X5] [1;36m20:51:36[0m [1;33mx5[0m [1;36m#41[0m SKIP tension=[1;36m0.00000000[0m [0m| momentum_too_small [1;31mconf=0.3358[0m
[ALPHA_X13_BURST13] [1;36m20:51:38[0m [1;32mx13[0m [1;36m#52[0m SKIP tension=[1;36m0.00000668[0m [0m| momentum_too_small [1;31mconf=0.0[0m
[BETA_X5] mode=OFF radar_adj=0 mom= conf=0
[ALPHA_X13_BURST13] mode=OFF radar_adj=0 mom= conf=0
[ALPHA_X13_BURST13] [1;36m20:51:47[0m [1;32mx13[0m [1;36m#53[0m SKIP tension=[1;32m1.49447862[0m [0m| duo no_trigger
[ALPHA_X13_BURST13] mode=OFF radar_adj=0 mom= conf=0
[ALPHA_X13_BURST13] [1;36m20:51:56[0m [1;32mx13[0m [1;36m#54[0m SKIP tension=[1;32m1.05910170[0m [0m| tactic short vs long
[BETA_X5] [1;36mentry=20:51:49@64820.00000000[0m [1;33mx5[0m [1;36m#42[0m [1;32mSELL[0m tension=[1;32m1.99482290[0m hold=[1;36m7[0ms sec=[1;36m7[0m [0m| exit=64819.90000000 [1;33mconf=0.7725[0m [1;36mexit_time=20:51:56[0m [1;32mpnl=0.00076000 bps=0.01542734 pct=0.00015427% total=0.41063999999999995[0m
[ALPHA_X13_BURST13] mode=OFF radar_adj=0 mom= conf=0
[BETA_X5] mode=OFF radar_adj=0 mom= conf=0
[ALPHA_X13_BURST13] [1;36m20:52:05[0m [1;32mx13[0m [1;36m#55[0m SKIP tension=[1;36m0.00000000[0m [0m| momentum_too_small [1;31mconf=0.293[0m
[BETA_X5] [1;36m20:52:05[0m [1;33mx5[0m [1;36m#43[0m SKIP tension=[1;36m0.48252731[0m [0m| wall_not_collapsed
[BETA_X5] mode=OFF radar_adj=0 mom= conf=0
[ALPHA_X13_BURST13] mode=OFF radar_adj=0 mom= conf=0
[BETA_X5] [1;36m20:52:13[0m [1;33mx5[0m [1;36m#44[0m SKIP tension=[1;36m0.55317236[0m [0m| wall_not_collapsed
[BETA_X5] mode=OFF radar_adj=0 mom= conf=0
[ALPHA_X13_BURST13] [1;36m20:52:16[0m [1;32mx13[0m [1;36m#56[0m SKIP tension=[1;32m1.14467011[0m [0m| duo no_trigger
[ALPHA_X13_BURST13] mode=OFF radar_adj=0 mom= conf=0
[BETA_X5] [1;36m20:52:21[0m [1;33mx5[0m [1;36m#45[0m SKIP tension=[1;36m0.00000000[0m [0m| momentum_too_small [1;31mconf=0.2967[0m
[BETA_X5] mode=OFF radar_adj=0 mom= conf=0
[ALPHA_X13_BURST13] [1;36m20:52:25[0m [1;32mx13[0m [1;36m#57[0m SKIP tension=[1;36m0.48265649[0m [0m| wall_not_collapsed
[ALPHA_X13_BURST13] mode=OFF radar_adj=0 mom= conf=0
[BETA_X5] [1;36m20:52:29[0m [1;33mx5[0m [1;36m#46[0m SKIP tension=[1;36m0.00002564[0m [0m| momentum_too_small [1;31mconf=0.0[0m
[BETA_X5] mode=OFF radar_adj=0 mom= conf=0
[ALPHA_X13_BURST13] [1;36m20:52:33[0m [1;32mx13[0m [1;36m#58[0m SKIP tension=[1;36m0.69796478[0m [0m| wall_not_collapsed
[ALPHA_X13_BURST13] mode=OFF radar_adj=0 mom= conf=0
[BETA_X5] [1;36m20:52:37[0m [1;33mx5[0m [1;36m#47[0m SKIP tension=[1;36m0.00000647[0m [0m| momentum_too_small [1;31mconf=0.0[0m
[BETA_X5] mode=OFF radar_adj=0 mom= conf=0
[ALPHA_X13_BURST13] [1;36m20:52:42[0m [1;32mx13[0m [1;36m#59[0m SKIP tension=[1;36m0.00001755[0m [0m| momentum_too_small [1;31mconf=0.0[0m
[ALPHA_X13_BURST13] mode=OFF radar_adj=0 mom= conf=0
[BETA_X5] [1;36m20:52:50[0m [1;33mx5[0m [1;36m#48[0m SKIP tension=[1;36m0.48338362[0m [0m| wall_not_collapsed
[BETA_X5] mode=OFF radar_adj=0 mom= conf=0
[ALPHA_X13_BURST13] [1;36m20:52:56[0m [1;32mx13[0m [1;36m#60[0m SKIP [1;33m| tension_stale age=3890ms>800ms (NUAGE)[0m
[ALPHA_X13_BURST13] mode=OFF radar_adj=0 mom= conf=0
[ALPHA_X13_BURST13] [1;36m20:53:04[0m [1;32mx13[0m [1;36m#61[0m SKIP tension=[1;36m0.50798542[0m [0m| wall_not_collapsed
[ALPHA_X13_BURST13] mode=OFF radar_adj=0 mom= conf=0
[ALPHA_X13_BURST13] [1;36m20:53:14[0m [1;32mx13[0m [1;36m#62[0m SKIP tension=[1;36m0.00003586[0m [0m| momentum_too_small [1;31mconf=0.0[0m
[ALPHA_X13_BURST13] mode=OFF radar_adj=0 mom= conf=0
[BETA_X5] shockwave beta->alpha until_cycle=59
[BETA_X5] [1;33mSWARM shockwave[0m [0m| beta -> neighbor (shock_inversion_stop)[0m
[BETA_X5] [1;36mentry=20:53:09@64806.10000000[0m [1;33mx5[0m [1;36m#49[0m [1;31mSELL[0m tension=[1;31m2.41828583[0m hold=[1;36m8[0ms sec=[1;36m8[0m [0m| exit=64807.60000000 [1;32mconf=0.8545[0m [1;36mexit_time=20:53:17[0m [1;31mpnl=-0.01140000 bps=-0.23145969 pct=-0.00231460% total=0.39923999999999993[0m
[BETA_X5] mode=OFF radar_adj=0 mom= conf=0
[ALPHA_X13_BURST13] [1;36m20:53:23[0m [1;32mx13[0m [1;36m#63[0m SKIP [1;33m| tension_stale age=2580ms>800ms (NUAGE)[0m
[ALPHA_X13_BURST13] mode=OFF radar_adj=0 mom= conf=0
[ALPHA_X13_BURST13] [1;36m20:53:32[0m [1;32mx13[0m [1;36m#64[0m SKIP tension=[1;36m0.55440289[0m [0m| wall_not_collapsed
[ALPHA_X13_BURST13] mode=OFF radar_adj=0 mom= conf=0
[ALPHA_X13_BURST13] [1;36m20:53:41[0m [1;32mx13[0m [1;36m#65[0m SKIP tension=[1;36m0.00002371[0m [0m| momentum_too_small [1;31mconf=0.0[0m
[BETA_X5] [1;36mCycle 50[0m [1;32mSOFT anomaly[0m [1;33m| pnl_abs=0.08892000 > 0.02500000[0m
[BETA_X5] [1;36mentry=20:53:32@64817.80000000[0m [1;33mx5[0m [1;36m#50[0m [1;32mSELL[0m tension=[1;31m2.30755374[0m hold=[1;36m10[0ms sec=[1;36m10[0m [0m| exit=64806.10000000 [1;32mconf=0.8409[0m [1;36mexit_time=20:53:42[0m [1;32mpnl=0.08892000 bps=1.80505972 pct=0.01805060% total=0.4881599999999999[0m
[ALPHA_X13_BURST13] mode=OFF radar_adj=0 mom= conf=0
[BETA_X5] mode=OFF radar_adj=0 mom= conf=0
[ALPHA_X13_BURST13] [1;36m20:53:50[0m [1;32mx13[0m [1;36m#66[0m SKIP tension=[1;36m0.00001482[0m [0m| momentum_too_small [1;31mconf=0.0[0m
[BETA_X5] [1;36m20:53:52[0m [1;33mx5[0m [1;36m#51[0m SKIP tension=[1;36m0.00002272[0m [0m| momentum_too_small [1;31mconf=0.0[0m
[ALPHA_X13_BURST13] mode=OFF radar_adj=0 mom= conf=0
[BETA_X5] mode=OFF radar_adj=0 mom= conf=0
[ALPHA_X13_BURST13] [1;36m20:53:59[0m [1;32mx13[0m [1;36m#67[0m SKIP tension=[1;36m0.00000000[0m [0m| momentum_too_small [1;31mconf=0.2832[0m
[BETA_X5] [1;36m20:54:01[0m [1;33mx5[0m [1;36m#52[0m SKIP [0m| Mode Écoute: spread=3.70200000 volat=44.12200391 (attente froid)
[ALPHA_X13_BURST13] mode=OFF radar_adj=0 mom= conf=0
[BETA_X5] mode=OFF radar_adj=0 mom= conf=0
[ALPHA_X13_BURST13] [1;36m20:54:09[0m [1;32mx13[0m [1;36m#68[0m SKIP tension=[1;36m0.00108781[0m [0m| momentum_too_small [1;31mconf=0.0018[0m
[BETA_X5] [1;36m20:54:11[0m [1;33mx5[0m [1;36m#53[0m SKIP tension=[1;36m0.55444887[0m [0m| wall_not_collapsed
[ALPHA_X13_BURST13] mode=OFF radar_adj=0 mom= conf=0
[BETA_X5] mode=OFF radar_adj=0 mom= conf=0
[ALPHA_X13_BURST13] [1;36m20:54:19[0m [1;32mx13[0m [1;36m#69[0m SKIP tension=[1;36m0.36954484[0m [0m| wall_not_collapsed
[BETA_X5] [1;36m20:54:20[0m [1;33mx5[0m [1;36m#54[0m SKIP tension=[1;36m0.00000000[0m [0m| momentum_too_small [1;31mconf=0.3375[0m
[ALPHA_X13_BURST13] mode=OFF radar_adj=0 mom= conf=0
[BETA_X5] mode=OFF radar_adj=0 mom= conf=0
[ALPHA_X13_BURST13] [1;36m20:54:33[0m [1;32mx13[0m [1;36m#70[0m SKIP [1;33m| tension_stale age=11496ms>800ms (NUAGE)[0m
[ALPHA_X13_BURST13] mode=OFF radar_adj=0 mom= conf=0
[BETA_X5] shockwave beta->alpha until_cycle=65
[BETA_X5] [1;33mSWARM shockwave[0m [0m| beta -> neighbor (shock_inversion_stop)[0m
[BETA_X5] [1;36mCycle 55[0m [1;32mSOFT anomaly[0m [1;33m| pnl_abs=0.10792000 > 0.02500000[0m
[ALPHA_X13_BURST13] [1;36m20:54:44[0m [1;32mx13[0m [1;36m#71[0m SKIP tension=[1;36m0.00002152[0m [0m| momentum_too_small [1;31mconf=0.0[0m
[BETA_X5] [1;36mentry=20:54:35@64823.00000000[0m [1;33mx5[0m [1;36m#55[0m [1;31mSELL[0m tension=[1;32m1.49789750[0m hold=[1;36m8[0ms sec=[1;36m8[0m [0m| exit=64837.20000000 [1;32mconf=0.9826[0m [1;36mexit_time=20:54:43[0m [1;31mpnl=-0.10792000 bps=-2.19058050 pct=-0.02190580% total=0.3802399999999999[0m
[ALPHA_X13_BURST13] mode=OFF radar_adj=0 mom= conf=0
[BETA_X5] mode=OFF radar_adj=0 mom= conf=0
[ALPHA_X13_BURST13] [1;36m20:54:53[0m [1;32mx13[0m [1;36m#72[0m SKIP tension=[1;36m0.00000000[0m [0m| momentum_too_small [1;31mconf=0.2842[0m
[ALPHA_X13_BURST13] mode=OFF radar_adj=0 mom= conf=0
[ALPHA_X13_BURST13] [1;36m20:55:04[0m [1;32mx13[0m [1;36m#73[0m SKIP tension=[1;36m0.00000000[0m [0m| momentum_too_small [1;31mconf=0.3497[0m
[BETA_X5] [1;36mCycle 56[0m [1;32mSOFT anomaly[0m [1;33m| pnl_abs=0.15656000 > 0.02500000[0m
[ALPHA_X13_BURST13] mode=OFF radar_adj=0 mom= conf=0
[BETA_X5] [1;36mentry=20:54:58@64843.60000000[0m [1;33mx5[0m [1;36m#56[0m [1;32mSELL[0m tension=[1;32m1.14770511[0m hold=[1;36m8[0ms sec=[1;36m8[0m [0m| exit=64823.00000000 [1;32mconf=0.8997[0m [1;36mexit_time=20:55:06[0m [1;32mpnl=0.15656000 bps=3.17687482 pct=0.03176875% total=0.5367999999999999[0m
[BETA_X5] mode=OFF radar_adj=0 mom= conf=0
[ALPHA_X13_BURST13] [1;36m20:55:13[0m [1;32mx13[0m [1;36m#74[0m SKIP tension=[1;36m0.55370775[0m [0m| wall_not_collapsed
[ALPHA_X13_BURST13] mode=OFF radar_adj=0 mom= conf=0
[ALPHA_X13_BURST13] [1;36m20:55:24[0m [1;32mx13[0m [1;36m#75[0m SKIP tension=[1;36m0.64612718[0m [0m| wall_not_collapsed
[ALPHA_X13_BURST13] mode=OFF radar_adj=0 mom= conf=0
[BETA_X5] [1;36mCycle 57[0m [1;32mSOFT anomaly[0m [1;33m| pnl_abs=0.19608000 > 0.02500000[0m
[BETA_X5] [1;36mentry=20:55:21@64843.60000000[0m [1;33mx5[0m [1;36m#57[0m [1;32mSELL[0m tension=[1;32m1.14768313[0m hold=[1;36m8[0ms sec=[1;36m8[0m [0m| exit=64817.80000000 [1;32mconf=0.999[0m [1;36mexit_time=20:55:29[0m [1;32mpnl=0.19608000 bps=3.97880438 pct=0.03978804% total=0.73288[0m
[ALPHA_X13_BURST13] [1;36m20:55:34[0m [1;32mx13[0m [1;36m#76[0m SKIP tension=[1;36m0.00000000[0m [0m| momentum_too_small [1;31mconf=0.2923[0m
[BETA_X5] mode=OFF radar_adj=0 mom= conf=0
[ALPHA_X13_BURST13] mode=OFF radar_adj=0 mom= conf=0
[BETA_X5] [1;36m20:55:41[0m [1;33mx5[0m [1;36m#58[0m SKIP tension=[1;36m0.00000000[0m [0m| momentum_too_small [1;31mconf=0.3136[0m
[BETA_X5] mode=OFF radar_adj=0 mom= conf=0
[ALPHA_X13_BURST13] [1;36m20:55:45[0m [1;32mx13[0m [1;36m#77[0m SKIP tension=[1;32m1.14881452[0m [0m| duo no_trigger
[ALPHA_X13_BURST13] mode=OFF radar_adj=0 mom= conf=0
[BETA_X5] [1;36m20:55:50[0m [1;33mx5[0m [1;36m#59[0m SKIP tension=[1;36m0.00000000[0m [0m| momentum_too_small [1;31mconf=0.3051[0m
[BETA_X5] mode=OFF radar_adj=0 mom= conf=0
[ALPHA_X13_BURST13] [1;36m20:55:59[0m [1;32mx13[0m [1;36m#78[0m SKIP tension=[1;32m1.72272908[0m [0m| tactic long vs short
[ALPHA_X13_BURST13] mode=OFF radar_adj=0 mom= conf=0
[BETA_X5] [1;36m20:56:04[0m [1;33mx5[0m [1;36m#60[0m SKIP tension=[1;36m0.00000000[0m [0m| momentum_too_small [1;31mconf=0.3497[0m
[ALPHA_X13_BURST13] [1;36m20:56:09[0m [1;32mx13[0m [1;36m#79[0m SKIP [1;33m| tension_stale age=2857ms>800ms (NUAGE)[0m
[ALPHA_X13_BURST13] mode=OFF radar_adj=0 mom= conf=0
[BETA_X5] mode=OFF radar_adj=0 mom= conf=0
[BETA_X5] [1;36m20:56:18[0m [1;33mx5[0m [1;36m#61[0m SKIP tension=[1;36m0.00003782[0m [0m| momentum_too_small [1;31mconf=0.0001[0m
[ALPHA_X13_BURST13] [1;36m20:56:19[0m [1;32mx13[0m [1;36m#80[0m SKIP tension=[1;36m0.00005930[0m [0m| momentum_too_small [1;31mconf=0.0001[0m
[BETA_X5] mode=OFF radar_adj=0 mom= conf=0
[ALPHA_X13_BURST13] mode=OFF radar_adj=0 mom= conf=0
[BETA_X5] [1;36m20:56:27[0m [1;33mx5[0m [1;36m#62[0m SKIP tension=[1;36m0.00006176[0m [0m| momentum_too_small [1;31mconf=0.0001[0m
[BETA_X5] mode=OFF radar_adj=0 mom= conf=0
[ALPHA_X13_BURST13] [1;36m20:56:33[0m [1;32mx13[0m [1;36m#81[0m SKIP tension=[1;36m0.00006063[0m [0m| momentum_too_small [1;31mconf=0.0001[0m
[ALPHA_X13_BURST13] mode=OFF radar_adj=0 mom= conf=0
[ALPHA_X13_BURST13] [1;36m20:56:43[0m [1;32mx13[0m [1;36m#82[0m SKIP tension=[1;36m0.00044050[0m [0m| momentum_too_small [1;31mconf=0.0007[0m
[ALPHA_X13_BURST13] mode=OFF radar_adj=0 mom= conf=0
[BETA_X5] [1;36mentry=20:56:41@64806.00000000[0m [1;33mx5[0m [1;36m#63[0m [1;33mSELL[0m tension=[1;32m1.71322512[0m hold=[1;36m8[0ms sec=[1;36m8[0m [0m| exit=64806.00000000 [1;32mconf=0.9489[0m [1;36mexit_time=20:56:49[0m [1;33mpnl=-0.00000000 bps=-0.00000000 pct=-0.00000000% total=0.73288[0m
[BETA_X5] mode=OFF radar_adj=0 mom= conf=0
[BETA_X5] [1;36m20:57:01[0m [1;33mx5[0m [1;36m#64[0m SKIP [0m| Mode Écoute: spread=5.79860000 volat=66.54476438 (attente froid)
[BETA_X5] mode=OFF radar_adj=0 mom= conf=0
[ALPHA_X13_BURST13] shockwave alpha->beta until_cycle=93
[ALPHA_X13_BURST13] [1;33mSWARM shockwave[0m [0m| alpha -> neighbor (fluid_exit_inversion)[0m
[ALPHA_X13_BURST13] [1;36mCycle 83[0m [1;32mSOFT anomaly[0m [1;33m| pnl_abs=2.75544000 > 0.02500000[0m
[ALPHA_X13_BURST13] [1;36mentry=20:56:57@64843.60000000[0m [1;32mx13[0m [1;36m#83[0m [1;31mBUY[0m tension=[1;32m1.74857914[0m hold=[1;36m8[0ms sec=[1;36m8[0m [0m| exit=64809.20000000 [1;32mconf=0.9566[0m [1;36mexit_time=20:57:05[0m [1;31mpnl=-2.75544000 bps=-5.30507251 pct=-0.05305073% total=-2.0225600000000004[0m
[ALPHA_X13_BURST13] mode=OFF radar_adj=0 mom= conf=0
[BETA_X5] [1;36m20:57:15[0m [1;33mx5[0m [1;36m#65[0m SKIP tension=[1;36m0.00133898[0m [0m| momentum_too_small [1;31mconf=0.0014[0m
[ALPHA_X13_BURST13] [1;36m20:57:17[0m [1;32mx13[0m [1;36m#84[0m SKIP tension=[1;36m0.00001448[0m [0m| momentum_too_small [1;31mconf=0.0[0m
[BETA_X5] mode=OFF radar_adj=0 mom= conf=0
[ALPHA_X13_BURST13] mode=OFF radar_adj=0 mom= conf=0
[ALPHA_X13_BURST13] [1;36m20:57:27[0m [1;32mx13[0m [1;36m#85[0m SKIP tension=[1;36m0.48699122[0m [0m| wall_not_collapsed
[ALPHA_X13_BURST13] mode=OFF radar_adj=0 mom= conf=0
[BETA_X5] [1;36mentry=20:57:29@64807.00000000[0m [1;33mx5[0m [1;36m#66[0m [1;32mSELL[0m tension=[1;32m1.49961497[0m hold=[1;36m9[0ms sec=[1;36m9[0m [0m| exit=64804.80000000 [1;32mconf=0.9981[0m [1;36mexit_time=20:57:38[0m [1;32mpnl=0.01672000 bps=0.33946950 pct=0.00339470% total=-2.00584[0m
[ALPHA_X13_BURST13] [1;36m20:57:43[0m [1;32mx13[0m [1;36m#86[0m SKIP tension=[1;36m0.00000000[0m [0m| momentum_too_small [1;31mconf=0.2633[0m
[BETA_X5] mode=OFF radar_adj=0 mom= conf=0
[ALPHA_X13_BURST13] mode=OFF radar_adj=0 mom= conf=0
[BETA_X5] [1;36m20:57:49[0m [1;33mx5[0m [1;36m#67[0m SKIP tension=[1;36m0.00000327[0m [0m| momentum_too_small [1;31mconf=0.0[0m
[BETA_X5] mode=OFF radar_adj=0 mom= conf=0
[ALPHA_X13_BURST13] [1;36m20:57:52[0m [1;32mx13[0m [1;36m#87[0m SKIP [0m| Mode Écoute: spread=0.01540000 volat=38.82023516 (attente froid)
[ALPHA_X13_BURST13] mode=OFF radar_adj=0 mom= conf=0
[BETA_X5] [1;36m20:57:58[0m [1;33mx5[0m [1;36m#68[0m SKIP tension=[1;36m0.00000666[0m [0m| momentum_too_small [1;31mconf=0.0[0m
[BETA_X5] mode=OFF radar_adj=0 mom= conf=0
[ALPHA_X13_BURST13] [1;36m20:58:01[0m [1;32mx13[0m [1;36m#88[0m SKIP tension=[1;36m0.38349474[0m [0m| wall_not_collapsed
[ALPHA_X13_BURST13] mode=OFF radar_adj=0 mom= conf=0
[ALPHA_X13_BURST13] [1;36m20:58:15[0m [1;32mx13[0m [1;36m#89[0m SKIP tension=[1;36m0.00000000[0m [0m| momentum_too_small [1;31mconf=0.3368[0m
[ALPHA_X13_BURST13] mode=OFF radar_adj=0 mom= conf=0
[BETA_X5] [1;36mCycle 69[0m [1;32mSOFT anomaly[0m [1;33m| pnl_abs=0.15687000 > 0.02500000[0m
[ALPHA_X13_BURST13] [1;36m20:58:24[0m [1;32mx13[0m [1;36m#90[0m SKIP tension=[1;36m0.00015853[0m [0m| momentum_too_small [1;31mconf=0.0003[0m
[BETA_X5] [1;36mentry=20:58:16@64774.40000000[0m [1;33mx5[0m [1;36m#69[0m [1;32mSELL[0m tension=[1;31m3.03432279[0m hold=[1;36m7[0ms sec=[1;36m7[0m [0m| exit=64768.10000000 [1;32mconf=0.944[0m [1;36mexit_time=20:58:23[0m [1;32mpnl=0.15687000 bps=0.97260646 pct=0.00972606% total=-1.8489700000000002[0m
[BETA_X5] mode=OFF radar_adj=0 mom= conf=0
[ALPHA_X13_BURST13] mode=OFF radar_adj=0 mom= conf=0
[ALPHA_X13_BURST13] [1;36m20:58:34[0m [1;32mx13[0m [1;36m#91[0m SKIP tension=[1;31m2.90408226[0m [0m| tactic long vs short
[ALPHA_X13_BURST13] mode=OFF radar_adj=0 mom= conf=0
[ALPHA_X13_BURST13] [1;36m20:58:43[0m [1;32mx13[0m [1;36m#92[0m SKIP tension=[1;36m0.00000611[0m [0m| momentum_too_small [1;31mconf=0.0[0m
[BETA_X5] [1;36mCycle 70[0m [1;32mSOFT anomaly[0m [1;33m| pnl_abs=0.07068000 > 0.02500000[0m
[ALPHA_X13_BURST13] mode=OFF radar_adj=0 mom= conf=0
[BETA_X5] [1;36mentry=20:58:38@64770.50000000[0m [1;33mx5[0m [1;36m#70[0m [1;32mSELL[0m tension=[1;31m2.90408226[0m hold=[1;36m7[0ms sec=[1;36m7[0m [0m| exit=64761.20000000 [1;32mconf=0.9865[0m [1;36mexit_time=20:58:45[0m [1;32mpnl=0.07068000 bps=1.43583885 pct=0.01435839% total=-1.7782900000000001[0m
[BETA_X5] mode=OFF radar_adj=0 mom= conf=0
[ALPHA_X13_BURST13] [1;36m20:58:53[0m [1;32mx13[0m [1;36m#93[0m SKIP tension=[1;31m5.06507764[0m [0m| duo no_trigger
[BETA_X5] [1;36m20:58:55[0m [1;33mx5[0m [1;36m#71[0m SKIP tension=[1;36m0.00002974[0m [0m| momentum_too_small [1;31mconf=0.0[0m
[ALPHA_X13_BURST13] mode=OFF radar_adj=0 mom= conf=0
[BETA_X5] mode=OFF radar_adj=0 mom= conf=0
[ALPHA_X13_BURST13] [1;36m20:59:03[0m [1;32mx13[0m [1;36m#94[0m SKIP tension=[1;32m1.37710788[0m [0m| duo no_trigger
[BETA_X5] [1;36m20:59:05[0m [1;33mx5[0m [1;36m#72[0m SKIP tension=[1;36m0.00000000[0m [0m| momentum_too_small [1;31mconf=0.3304[0m
[ALPHA_X13_BURST13] mode=OFF radar_adj=0 mom= conf=0
[BETA_X5] mode=OFF radar_adj=0 mom= conf=0
[ALPHA_X13_BURST13] [1;36m20:59:13[0m [1;32mx13[0m [1;36m#95[0m SKIP tension=[1;32m1.68077704[0m [0m| duo no_trigger
[ALPHA_X13_BURST13] mode=OFF radar_adj=0 mom= conf=0
[ALPHA_X13_BURST13] [1;36m20:59:23[0m [1;32mx13[0m [1;36m#96[0m SKIP tension=[1;36m0.00000474[0m [0m| momentum_too_small [1;31mconf=0.0[0m
[ALPHA_X13_BURST13] mode=OFF radar_adj=0 mom= conf=0
[BETA_X5] shockwave beta->alpha until_cycle=83
[BETA_X5] [1;33mSWARM shockwave[0m [0m| beta -> neighbor (fluid_exit_inversion)[0m
[BETA_X5] [1;36mentry=20:59:18@64759.40000000[0m [1;33mx5[0m [1;36m#73[0m [1;31mSELL[0m tension=[1;31m3.39577624[0m hold=[1;36m8[0ms sec=[1;36m8[0m [0m| exit=64762.50000000 [1;32mconf=0.9325[0m [1;36mexit_time=20:59:27[0m [1;31mpnl=-0.02356000 bps=-0.47869498 pct=-0.00478695% total=-1.8018500000000004[0m
[BETA_X5] mode=OFF radar_adj=0 mom= conf=0
[ALPHA_X13_BURST13] [1;36m20:59:32[0m [1;32mx13[0m [1;36m#97[0m SKIP tension=[1;36m0.00000000[0m [0m| momentum_too_small [1;31mconf=0.3456[0m
[ALPHA_X13_BURST13] mode=OFF radar_adj=0 mom= conf=0
[BETA_X5] [1;36m20:59:37[0m [1;33mx5[0m [1;36m#74[0m SKIP tension=[1;36m0.00000000[0m [0m| momentum_too_small [1;31mconf=0.3412[0m
[BETA_X5] mode=OFF radar_adj=0 mom= conf=0
[ALPHA_X13_BURST13] [1;36m20:59:41[0m [1;32mx13[0m [1;36m#98[0m SKIP tension=[1;36m0.00000000[0m [0m| momentum_too_small [1;31mconf=0.3456[0m
[ALPHA_X13_BURST13] mode=OFF radar_adj=0 mom= conf=0
[BETA_X5] [1;36m20:59:45[0m [1;33mx5[0m [1;36m#75[0m SKIP tension=[1;36m0.00000000[0m [0m| momentum_too_small [1;31mconf=0.3412[0m
[BETA_X5] mode=OFF radar_adj=0 mom= conf=0
[ALPHA_X13_BURST13] [1;36m20:59:49[0m [1;32mx13[0m [1;36m#99[0m SKIP tension=[1;36m0.26741715[0m [0m| wall_not_collapsed
[ALPHA_X13_BURST13] mode=OFF radar_adj=0 mom= conf=0
[BETA_X5] [1;36m20:59:54[0m [1;33mx5[0m [1;36m#76[0m SKIP tension=[1;36m0.40098562[0m [0m| wall_not_collapsed
[BETA_X5] mode=OFF radar_adj=0 mom= conf=0
[ALPHA_X13_BURST13] [1;36m21:00:00[0m [1;32mx13[0m [1;36m#100[0m SKIP [1;33m| tension_stale age=4017ms>800ms (NUAGE)[0m
[ALPHA_X13_BURST13] mode=OFF radar_adj=0 mom= conf=0
[BETA_X5] [1;36m21:00:08[0m [1;33mx5[0m [1;36m#77[0m SKIP tension=[1;36m0.00002532[0m [0m| momentum_too_small [1;31mconf=0.0[0m
[BETA_X5] mode=OFF radar_adj=0 mom= conf=0
[BETA_X5] [1;36m21:00:17[0m [1;33mx5[0m [1;36m#78[0m SKIP tension=[1;36m0.00231690[0m [0m| momentum_too_small [1;31mconf=0.0035[0m
[BETA_X5] mode=OFF radar_adj=0 mom= conf=0
[BETA_X5] [1;36m21:00:25[0m [1;33mx5[0m [1;36m#79[0m SKIP tension=[1;36m0.02250604[0m [0m| direction_unclear [1;31mconf=0.0336[0m
[ALPHA_X13_BURST13] [1;36mentry=21:00:14@64757.10000000[0m [1;32mx13[0m [1;36m#101[0m [1;33mBUY[0m tension=[1;32m1.38496716[0m hold=[1;36m11[0ms sec=[1;36m11[0m [0m| exit=64757.10000000 [1;32mconf=0.9932[0m [1;36mexit_time=21:00:25[0m [1;33mpnl=0.00000000 bps=0.00000000 pct=0.00000000% total=-1.8018500000000004[0m
[BETA_X5] mode=OFF radar_adj=0 mom= conf=0
[ALPHA_X13_BURST13] mode=OFF radar_adj=0 mom= conf=0
[ALPHA_X13_BURST13] [1;36m21:00:37[0m [1;32mx13[0m [1;36m#102[0m SKIP tension=[1;36m0.00326718[0m [0m| momentum_too_small [1;31mconf=0.0054[0m
[ALPHA_X13_BURST13] mode=OFF radar_adj=0 mom= conf=0
[ALPHA_X13_BURST13] [1;36m21:00:46[0m [1;32mx13[0m [1;36m#103[0m SKIP tension=[1;36m0.00000000[0m [0m| momentum_too_small [1;31mconf=0.3473[0m
[ALPHA_X13_BURST13] mode=OFF radar_adj=0 mom= conf=0
[BETA_X5] [1;36mentry=21:00:39@64757.60000000[0m [1;33mx5[0m [1;36m#80[0m [1;32mSELL[0m tension=[1;31m4.74538703[0m hold=[1;36m11[0ms sec=[1;36m11[0m [0m| exit=64757.10000000 [1;32mconf=0.9421[0m [1;36mexit_time=21:00:50[0m [1;32mpnl=0.00380000 bps=0.07721101 pct=0.00077211% total=-1.7980500000000004[0m
[ALPHA_X13_BURST13] [1;36m21:00:55[0m [1;32mx13[0m [1;36m#104[0m SKIP tension=[1;36m0.00000000[0m [0m| momentum_too_small [1;31mconf=0.3318[0m
[BETA_X5] mode=OFF radar_adj=0 mom= conf=0
[ALPHA_X13_BURST13] mode=OFF radar_adj=0 mom= conf=0
[BETA_X5] [1;36m21:01:01[0m [1;33mx5[0m [1;36m#81[0m SKIP tension=[1;36m0.00000000[0m [0m| momentum_too_small [1;31mconf=0.3203[0m
[ALPHA_X13_BURST13] [1;36m21:01:04[0m [1;32mx13[0m [1;36m#105[0m SKIP tension=[1;36m0.00599861[0m [0m| momentum_too_small [1;31mconf=0.0098[0m
[BETA_X5] mode=OFF radar_adj=0 mom= conf=0
[ALPHA_X13_BURST13] mode=OFF radar_adj=0 mom= conf=0
[ALPHA_X13_BURST13] [1;36m21:01:14[0m [1;32mx13[0m [1;36m#106[0m SKIP tension=[1;36m0.00000000[0m [0m| momentum_too_small [1;31mconf=0.3314[0m
[ALPHA_X13_BURST13] mode=OFF radar_adj=0 mom= conf=0
[BETA_X5] [1;36mCycle 82[0m [1;32mSOFT anomaly[0m [1;33m| pnl_abs=0.03116000 > 0.02500000[0m
[ALPHA_X13_BURST13] [1;36m21:01:23[0m [1;32mx13[0m [1;36m#107[0m SKIP tension=[1;36m0.09483999[0m [0m| direction_unclear [1;31mconf=0.1497[0m
[BETA_X5] [1;36mentry=21:01:14@64762.50000000[0m [1;33mx5[0m [1;36m#82[0m [1;32mSELL[0m tension=[1;31m3.43077030[0m hold=[1;36m6[0ms sec=[1;36m6[0m [0m| exit=64758.40000000 [1;32mconf=0.944[0m [1;36mexit_time=21:01:22[0m [1;32mpnl=0.03116000 bps=0.63308242 pct=0.00633082% total=-1.7668900000000003[0m
[ALPHA_X13_BURST13] mode=OFF radar_adj=0 mom= conf=0
[BETA_X5] mode=OFF radar_adj=0 mom= conf=0
[BETA_X5] [1;36m21:01:32[0m [1;33mx5[0m [1;36m#83[0m SKIP tension=[1;36m0.00000697[0m [0m| momentum_too_small [1;31mconf=0.0[0m
[ALPHA_X13_BURST13] [1;36m21:01:32[0m [1;32mx13[0m [1;36m#108[0m SKIP tension=[1;32m1.34478130[0m [0m| duo no_trigger
[BETA_X5] mode=OFF radar_adj=0 mom= conf=0
[ALPHA_X13_BURST13] mode=OFF radar_adj=0 mom= conf=0
[BETA_X5] [1;36m21:01:40[0m [1;33mx5[0m [1;36m#84[0m SKIP tension=[1;36m0.13439050[0m [0m| direction_unclear [1;31mconf=0.221[0m
[BETA_X5] mode=OFF radar_adj=0 mom= conf=0
[ALPHA_X13_BURST13] [1;36m21:01:47[0m [1;32mx13[0m [1;36m#109[0m SKIP tension=[1;36m0.13441877[0m [0m| direction_unclear [1;31mconf=0.0127[0m
[BETA_X5] [1;36m21:01:48[0m [1;33mx5[0m [1;36m#85[0m SKIP tension=[1;36m0.00019337[0m [0m| momentum_too_small [1;31mconf=0.0003[0m
[ALPHA_X13_BURST13] mode=OFF radar_adj=0 mom= conf=0
[BETA_X5] mode=OFF radar_adj=0 mom= conf=0
[BETA_X5] [1;36m21:01:57[0m [1;33mx5[0m [1;36m#86[0m SKIP tension=[1;36m0.15339594[0m [0m| direction_unclear [1;31mconf=0.2423[0m
[BETA_X5] mode=OFF radar_adj=0 mom= conf=0
[ALPHA_X13_BURST13] [1;36m21:02:01[0m [1;32mx13[0m [1;36m#110[0m SKIP tension=[1;32m1.35683382[0m [0m| duo no_trigger
[ALPHA_X13_BURST13] mode=OFF radar_adj=0 mom= conf=0
[BETA_X5] [1;36m21:02:05[0m [1;33mx5[0m [1;36m#87[0m SKIP tension=[1;36m0.15371333[0m [0m| direction_unclear [1;31mconf=0.2295[0m
[BETA_X5] mode=OFF radar_adj=0 mom= conf=0
[ALPHA_X13_BURST13] [1;36m21:02:11[0m [1;32mx13[0m [1;36m#111[0m SKIP tension=[1;31m2.71377239[0m [0m| duo no_trigger
[ALPHA_X13_BURST13] mode=OFF radar_adj=0 mom= conf=0
[ALPHA_X13_BURST13] [1;36m21:02:20[0m [1;32mx13[0m [1;36m#112[0m SKIP tension=[1;36m0.00000000[0m [0m| momentum_too_small [1;31mconf=0.3483[0m
[ALPHA_X13_BURST13] mode=OFF radar_adj=0 mom= conf=0
[BETA_X5] [1;36mentry=21:02:19@64762.50000000[0m [1;33mx5[0m [1;36m#88[0m [1;32mSELL[0m tension=[1;31m2.75195089[0m hold=[1;36m7[0ms sec=[1;36m7[0m [0m| exit=64761.50000000 [1;32mconf=0.9826[0m [1;36mexit_time=21:02:26[0m [1;32mpnl=0.00760000 bps=0.15441035 pct=0.00154410% total=-1.7592900000000002[0m
[ALPHA_X13_BURST13] [1;36m21:02:29[0m [1;32mx13[0m [1;36m#113[0m SKIP tension=[1;32m1.21225737[0m [0m| duo no_trigger
[BETA_X5] mode=OFF radar_adj=0 mom= conf=0
[ALPHA_X13_BURST13] mode=OFF radar_adj=0 mom= conf=0
[ALPHA_X13_BURST13] [1;36m21:02:38[0m [1;32mx13[0m [1;36m#114[0m SKIP tension=[1;36m0.00000000[0m [0m| momentum_too_small [1;31mconf=0.349[0m
[ALPHA_X13_BURST13] mode=OFF radar_adj=0 mom= conf=0
[BETA_X5] [1;36m21:02:44[0m [1;33mx5[0m [1;36m#89[0m SKIP tension=[1;36m0.00003070[0m [0m| momentum_too_small [1;31mconf=0.0001[0m
[BETA_X5] mode=OFF radar_adj=0 mom= conf=0
[ALPHA_X13_BURST13] [1;36m21:02:47[0m [1;32mx13[0m [1;36m#115[0m SKIP tension=[1;36m0.00000000[0m [0m| momentum_too_small [1;31mconf=0.3497[0m
[ALPHA_X13_BURST13] mode=OFF radar_adj=0 mom= conf=0
[ALPHA_X13_BURST13] [1;36m21:02:55[0m [1;32mx13[0m [1;36m#116[0m SKIP tension=[1;36m0.34665648[0m [0m| wall_not_collapsed
[ALPHA_X13_BURST13] mode=OFF radar_adj=0 mom= conf=0
[BETA_X5] [1;36mCycle 90[0m [1;32mSOFT anomaly[0m [1;33m| pnl_abs=0.03648000 > 0.02500000[0m
[ALPHA_X13_BURST13] [1;36m21:03:05[0m [1;32mx13[0m [1;36m#117[0m SKIP tension=[1;36m0.00000000[0m [0m| momentum_too_small [1;31mconf=0.3338[0m
[BETA_X5] [1;36mentry=21:02:57@64768.00000000[0m [1;33mx5[0m [1;36m#90[0m [1;32mSELL[0m tension=[1;32m1.42986386[0m hold=[1;36m8[0ms sec=[1;36m8[0m [0m| exit=64763.20000000 [1;32mconf=0.9074[0m [1;36mexit_time=21:03:05[0m [1;32mpnl=0.03648000 bps=0.74110672 pct=0.00741107% total=-1.7228100000000002[0m
[ALPHA_X13_BURST13] mode=OFF radar_adj=0 mom= conf=0
[BETA_X5] mode=OFF radar_adj=0 mom= conf=0
[BETA_X5] [1;36m21:03:15[0m [1;33mx5[0m [1;36m#91[0m SKIP tension=[1;36m0.00000000[0m [0m| momentum_too_small [1;31mconf=0.3378[0m
[ALPHA_X13_BURST13] [1;36m21:03:15[0m [1;32mx13[0m [1;36m#118[0m SKIP tension=[1;36m0.00000000[0m [0m| momentum_too_small [1;31mconf=0.3311[0m
[BETA_X5] mode=OFF radar_adj=0 mom= conf=0
[ALPHA_X13_BURST13] mode=OFF radar_adj=0 mom= conf=0
[BETA_X5] [1;36m21:03:22[0m [1;33mx5[0m [1;36m#92[0m SKIP tension=[1;36m0.00000000[0m [0m| momentum_too_small [1;31mconf=0.3466[0m
[ALPHA_X13_BURST13] [1;36m21:03:23[0m [1;32mx13[0m [1;36m#119[0m SKIP tension=[1;36m0.00004478[0m [0m| momentum_too_small [1;31mconf=0.0001[0m
[BETA_X5] mode=OFF radar_adj=0 mom= conf=0
[ALPHA_X13_BURST13] mode=OFF radar_adj=0 mom= conf=0
[BETA_X5] [1;36m21:03:31[0m [1;33mx5[0m [1;36m#93[0m SKIP tension=[1;36m0.00041253[0m [0m| momentum_too_small [1;31mconf=0.0006[0m
[ALPHA_X13_BURST13] [1;36m21:03:33[0m [1;32mx13[0m [1;36m#120[0m SKIP tension=[1;36m0.00040230[0m [0m| momentum_too_small [1;31mconf=0.0007[0m
[BETA_X5] mode=OFF radar_adj=0 mom= conf=0
[ALPHA_X13_BURST13] mode=OFF radar_adj=0 mom= conf=0
[ALPHA_X13_BURST13] [1;36m21:03:43[0m [1;32mx13[0m [1;36m#121[0m SKIP tension=[1;36m0.00007945[0m [0m| momentum_too_small [1;31mconf=0.0001[0m
[BETA_X5] [1;36m21:03:45[0m [1;33mx5[0m [1;36m#94[0m SKIP tension=[1;36m0.00000000[0m [0m| momentum_too_small [1;31mconf=0.3443[0m
[ALPHA_X13_BURST13] mode=OFF radar_adj=0 mom= conf=0
[BETA_X5] mode=OFF radar_adj=0 mom= conf=0
[ALPHA_X13_BURST13] [1;36m21:03:51[0m [1;32mx13[0m [1;36m#122[0m SKIP tension=[1;36m0.23339986[0m [0m| wall_not_collapsed
[ALPHA_X13_BURST13] mode=OFF radar_adj=0 mom= conf=0
[ALPHA_X13_BURST13] [1;36m21:04:00[0m [1;32mx13[0m [1;36m#123[0m SKIP tension=[1;36m0.00000000[0m [0m| momentum_too_small [1;31mconf=0.297[0m
[ALPHA_X13_BURST13] mode=OFF radar_adj=0 mom= conf=0
[BETA_X5] [1;36mCycle 95[0m [1;32mSOFT anomaly[0m [1;33m| pnl_abs=0.14012000 > 0.02500000[0m
[BETA_X5] [1;36mentry=21:03:58@64774.50000000[0m [1;33mx5[0m [1;36m#95[0m [1;32mSELL[0m tension=[1;32m1.00312077[0m hold=[1;36m7[0ms sec=[1;36m7[0m [0m| exit=64763.20000000 [1;32mconf=0.8813[0m [1;36mexit_time=21:04:05[0m [1;32mpnl=0.14012000 bps=1.74451366 pct=0.01744514% total=-1.5826900000000002[0m
[BETA_X5] mode=OFF radar_adj=0 mom= conf=0
[ALPHA_X13_BURST13] [1;36m21:04:10[0m [1;32mx13[0m [1;36m#124[0m SKIP tension=[1;36m0.00097709[0m [0m| momentum_too_small [1;31mconf=0.0015[0m
[ALPHA_X13_BURST13] mode=OFF radar_adj=0 mom= conf=0
[BETA_X5] [1;36m21:04:15[0m [1;33mx5[0m [1;36m#96[0m SKIP tension=[1;36m0.00002536[0m [0m| momentum_too_small [1;31mconf=0.0[0m
[BETA_X5] mode=OFF radar_adj=0 mom= conf=0
[ALPHA_X13_BURST13] [1;36m21:04:19[0m [1;32mx13[0m [1;36m#125[0m SKIP tension=[1;36m0.00001691[0m [0m| momentum_too_small [1;31mconf=0.0[0m
[ALPHA_X13_BURST13] mode=OFF radar_adj=0 mom= conf=0
[BETA_X5] [1;36m21:04:23[0m [1;33mx5[0m [1;36m#97[0m SKIP tension=[1;36m0.00000000[0m [0m| momentum_too_small [1;31mconf=0.2966[0m
[BETA_X5] mode=OFF radar_adj=0 mom= conf=0
[ALPHA_X13_BURST13] [1;36m21:04:28[0m [1;32mx13[0m [1;36m#126[0m SKIP tension=[1;36m0.00004711[0m [0m| momentum_too_small [1;31mconf=0.0001[0m
[ALPHA_X13_BURST13] mode=OFF radar_adj=0 mom= conf=0
[BETA_X5] [1;36m21:04:33[0m [1;33mx5[0m [1;36m#98[0m SKIP tension=[1;36m0.00007248[0m [0m| momentum_too_small [1;31mconf=0.0001[0m
[BETA_X5] mode=OFF radar_adj=0 mom= conf=0
[ALPHA_X13_BURST13] [1;36m21:04:36[0m [1;32mx13[0m [1;36m#127[0m SKIP tension=[1;36m0.00002899[0m [0m| momentum_too_small [1;31mconf=0.0[0m
[ALPHA_X13_BURST13] mode=OFF radar_adj=0 mom= conf=0
[BETA_X5] [1;36m21:04:42[0m [1;33mx5[0m [1;36m#99[0m SKIP tension=[1;36m0.00003020[0m [0m| momentum_too_small [1;31mconf=0.0001[0m
[BETA_X5] mode=OFF radar_adj=0 mom= conf=0
[ALPHA_X13_BURST13] [1;36m21:04:46[0m [1;32mx13[0m [1;36m#128[0m SKIP tension=[1;36m0.00001274[0m [0m| momentum_too_small [1;31mconf=0.0[0m
[ALPHA_X13_BURST13] mode=OFF radar_adj=0 mom= conf=0
[BETA_X5] [1;36m21:04:50[0m [1;33mx5[0m [1;36m#100[0m SKIP tension=[1;36m0.00000278[0m [0m| momentum_too_small [1;31mconf=0.0[0m
[BETA_X5] mode=OFF radar_adj=0 mom= conf=0
[ALPHA_X13_BURST13] [1;36m21:04:55[0m [1;32mx13[0m [1;36m#129[0m SKIP tension=[1;36m0.00000000[0m [0m| momentum_too_small [1;31mconf=0.349[0m
[ALPHA_X13_BURST13] mode=OFF radar_adj=0 mom= conf=0
[BETA_X5] [1;36m21:04:59[0m [1;33mx5[0m [1;36m#101[0m SKIP tension=[1;36m0.00000000[0m [0m| momentum_too_small [1;31mconf=0.349[0m
[BETA_X5] mode=OFF radar_adj=0 mom= conf=0
[ALPHA_X13_BURST13] [1;36m21:05:04[0m [1;32mx13[0m [1;36m#130[0m SKIP tension=[1;36m0.00063891[0m [0m| momentum_too_small [1;31mconf=0.0011[0m
[BETA_X5] [1;36m21:05:07[0m [1;33mx5[0m [1;36m#102[0m SKIP tension=[1;36m0.00000604[0m [0m| momentum_too_small [1;31mconf=0.0[0m
[ALPHA_X13_BURST13] mode=OFF radar_adj=0 mom= conf=0
[BETA_X5] mode=OFF radar_adj=0 mom= conf=0
[ALPHA_X13_BURST13] [1;36m21:05:13[0m [1;32mx13[0m [1;36m#131[0m SKIP tension=[1;36m0.00000000[0m [0m| momentum_too_small [1;31mconf=0.3338[0m
[BETA_X5] [1;36m21:05:16[0m [1;33mx5[0m [1;36m#103[0m SKIP tension=[1;36m0.00000000[0m [0m| momentum_too_small [1;31mconf=0.3443[0m
[ALPHA_X13_BURST13] mode=OFF radar_adj=0 mom= conf=0
[BETA_X5] mode=OFF radar_adj=0 mom= conf=0
[ALPHA_X13_BURST13] [1;36m21:05:22[0m [1;32mx13[0m [1;36m#132[0m SKIP tension=[1;36m0.00001450[0m [0m| momentum_too_small [1;31mconf=0.0[0m
[ALPHA_X13_BURST13] mode=OFF radar_adj=0 mom= conf=0
[ALPHA_X13_BURST13] [1;36m21:05:32[0m [1;32mx13[0m [1;36m#133[0m SKIP tension=[1;32m1.51099477[0m [0m| duo no_trigger
[ALPHA_X13_BURST13] mode=OFF radar_adj=0 mom= conf=0
[BETA_X5] shockwave beta->alpha until_cycle=114
[BETA_X5] [1;33mSWARM shockwave[0m [0m| beta -> neighbor (shock_inversion_stop)[0m
[BETA_X5] [1;36mCycle 104[0m [1;32mSOFT anomaly[0m [1;33m| pnl_abs=0.02584000 > 0.02500000[0m
[BETA_X5] [1;36mentry=21:05:28@64775.50000000[0m [1;33mx5[0m [1;36m#104[0m [1;31mSELL[0m tension=[1;31m7.33560510[0m hold=[1;36m7[0ms sec=[1;36m7[0m [0m| exit=64778.90000000 [1;32mconf=0.999[0m [1;36mexit_time=21:05:35[0m [1;31mpnl=-0.02584000 bps=-0.52488981 pct=-0.00524890% total=-1.6085300000000002[0m
[BETA_X5] mode=OFF radar_adj=0 mom= conf=0
[ALPHA_X13_BURST13] [1;36m21:05:41[0m [1;32mx13[0m [1;36m#134[0m SKIP tension=[1;36m0.00006389[0m [0m| momentum_too_small [1;31mconf=0.0001[0m
[ALPHA_X13_BURST13] mode=OFF radar_adj=0 mom= conf=0
[BETA_X5] [1;36m21:05:50[0m [1;33mx5[0m [1;36m#105[0m SKIP tension=[1;33m0.88762906[0m [0m| wall_not_collapsed
[ALPHA_X13_BURST13] [1;36m21:05:50[0m [1;32mx13[0m [1;36m#135[0m SKIP tension=[1;36m0.00000000[0m [0m| momentum_too_small [1;31mconf=0.3392[0m
[BETA_X5] mode=OFF radar_adj=0 mom= conf=0
[ALPHA_X13_BURST13] mode=OFF radar_adj=0 mom= conf=0
[ALPHA_X13_BURST13] [1;36m21:05:59[0m [1;32mx13[0m [1;36m#136[0m SKIP tension=[1;36m0.00000000[0m [0m| momentum_too_small [1;31mconf=0.2966[0m
[ALPHA_X13_BURST13] mode=OFF radar_adj=0 mom= conf=0
[ALPHA_X13_BURST13] [1;36m21:06:09[0m [1;32mx13[0m [1;36m#137[0m SKIP [1;33m| tension_stale age=16846ms>800ms (NUAGE)[0m
[ALPHA_X13_BURST13] mode=OFF radar_adj=0 mom= conf=0
[ALPHA_X13_BURST13] [1;36m21:06:19[0m [1;32mx13[0m [1;36m#138[0m SKIP tension=[1;36m0.83968630[0m [0m| wall_not_collapsed
[BETA_X5] [1;36mCycle 106[0m [1;32mSOFT anomaly[0m [1;33m| pnl_abs=0.02888000 > 0.02500000[0m
[BETA_X5] [1;36mentry=21:06:08@64763.20000000[0m [1;33mx5[0m [1;36m#106[0m [1;32mSELL[0m tension=[1;32m1.53387441[0m hold=[1;36m11[0ms sec=[1;36m11[0m [0m| exit=64759.40000000 [1;32mconf=0.9112[0m [1;36mexit_time=21:06:19[0m [1;32mpnl=0.02888000 bps=0.58675297 pct=0.00586753% total=-1.5796500000000002[0m
[ALPHA_X13_BURST13] mode=OFF radar_adj=0 mom= conf=0
[BETA_X5] mode=OFF radar_adj=0 mom= conf=0
[ALPHA_X13_BURST13] [1;36m21:06:28[0m [1;32mx13[0m [1;36m#139[0m SKIP tension=[1;36m0.00000000[0m [0m| momentum_too_small [1;31mconf=0.3426[0m
[BETA_X5] [1;36m21:06:30[0m [1;33mx5[0m [1;36m#107[0m SKIP tension=[1;36m0.17001246[0m [0m| direction_unclear [1;31mconf=0.2765[0m
[ALPHA_X13_BURST13] mode=OFF radar_adj=0 mom= conf=0
[BETA_X5] mode=OFF radar_adj=0 mom= conf=0
[ALPHA_X13_BURST13] [1;36m21:06:37[0m [1;32mx13[0m [1;36m#140[0m SKIP tension=[1;36m0.33659115[0m [0m| wall_not_collapsed
[BETA_X5] [1;36m21:06:38[0m [1;33mx5[0m [1;36m#108[0m SKIP tension=[1;36m0.00000000[0m [0m| momentum_too_small [1;31mconf=0.3037[0m
[ALPHA_X13_BURST13] mode=OFF radar_adj=0 mom= conf=0
[BETA_X5] mode=OFF radar_adj=0 mom= conf=0
[BETA_X5] [1;36m21:06:47[0m [1;33mx5[0m [1;36m#109[0m SKIP tension=[1;36m0.83978779[0m [0m| wall_not_collapsed
[ALPHA_X13_BURST13] [1;36m21:06:47[0m [1;32mx13[0m [1;36m#141[0m SKIP tension=[1;36m0.83979922[0m [0m| wall_not_collapsed
[BETA_X5] mode=OFF radar_adj=0 mom= conf=0
[ALPHA_X13_BURST13] mode=OFF radar_adj=0 mom= conf=0
[BETA_X5] [1;36m21:06:55[0m [1;33mx5[0m [1;36m#110[0m SKIP tension=[1;36m0.00000000[0m [0m| momentum_too_small [1;31mconf=0.3149[0m
[ALPHA_X13_BURST13] [1;36m21:06:56[0m [1;32mx13[0m [1;36m#142[0m SKIP tension=[1;36m0.00000000[0m [0m| momentum_too_small [1;31mconf=0.3341[0m
[BETA_X5] mode=OFF radar_adj=0 mom= conf=0
[ALPHA_X13_BURST13] mode=OFF radar_adj=0 mom= conf=0
[ALPHA_X13_BURST13] [1;36m21:07:05[0m [1;32mx13[0m [1;36m#143[0m SKIP tension=[1;36m0.20770236[0m [0m| wall_not_collapsed
[BETA_X5] [1;36m21:07:05[0m [1;33mx5[0m [1;36m#111[0m SKIP tension=[1;36m0.20768989[0m [0m| wall_not_collapsed
[BETA_X5] mode=OFF radar_adj=0 mom= conf=0
[ALPHA_X13_BURST13] mode=OFF radar_adj=0 mom= conf=0
[ALPHA_X13_BURST13] [1;36m21:07:15[0m [1;32mx13[0m [1;36m#144[0m SKIP tension=[1;36m0.00002320[0m [0m| momentum_too_small [1;31mconf=0.0[0m
[ALPHA_X13_BURST13] mode=OFF radar_adj=0 mom= conf=0
[ALPHA_X13_BURST13] [1;36m21:07:24[0m [1;32mx13[0m [1;36m#145[0m SKIP tension=[1;36m0.56986434[0m [0m| wall_not_collapsed
[ALPHA_X13_BURST13] mode=OFF radar_adj=0 mom= conf=0
[ALPHA_X13_BURST13] [1;36m21:07:33[0m [1;32mx13[0m [1;36m#146[0m SKIP tension=[1;36m0.80159444[0m [0m| wall_not_collapsed
[ALPHA_X13_BURST13] mode=OFF radar_adj=0 mom= conf=0
[BETA_X5] [1;36mentry=21:07:24@64757.10000000[0m [1;33mx5[0m [1;36m#112[0m [1;33mSELL[0m tension=[1;32m1.00430316[0m hold=[1;36m10[0ms sec=[1;36m10[0m [0m| exit=64757.10000000 [1;32mconf=0.9257[0m [1;36mexit_time=21:07:35[0m [1;33mpnl=-0.00000000 bps=-0.00000000 pct=-0.00000000% total=-1.5796500000000002[0m
[BETA_X5] mode=OFF radar_adj=0 mom= conf=0
[ALPHA_X13_BURST13] [1;36m21:07:42[0m [1;32mx13[0m [1;36m#147[0m SKIP tension=[1;36m0.05709328[0m [0m| direction_unclear [1;31mconf=0.0896[0m
[BETA_X5] [1;36m21:07:45[0m [1;33mx5[0m [1;36m#113[0m SKIP tension=[1;36m0.01278797[0m [0m| direction_unclear [1;31mconf=0.0168[0m
[ALPHA_X13_BURST13] mode=OFF radar_adj=0 mom= conf=0
[BETA_X5] mode=OFF radar_adj=0 mom= conf=0
[ALPHA_X13_BURST13] [1;36m21:07:51[0m [1;32mx13[0m [1;36m#148[0m SKIP tension=[1;36m0.00000000[0m [0m| momentum_too_small [1;31mconf=0.2571[0m
[BETA_X5] [1;36m21:07:54[0m [1;33mx5[0m [1;36m#114[0m SKIP tension=[1;36m0.00000000[0m [0m| momentum_too_small [1;31mconf=0.321[0m
[ALPHA_X13_BURST13] mode=OFF radar_adj=0 mom= conf=0
[BETA_X5] mode=OFF radar_adj=0 mom= conf=0
[ALPHA_X13_BURST13] [1;36m21:08:02[0m [1;32mx13[0m [1;36m#149[0m SKIP tension=[1;31m4.40856234[0m [0m| duo no_trigger
[BETA_X5] [1;36m21:08:03[0m [1;33mx5[0m [1;36m#115[0m SKIP tension=[1;36m0.00000000[0m [0m| momentum_too_small [1;31mconf=0.3497[0m
[BETA_X5] mode=OFF radar_adj=0 mom= conf=0
[ALPHA_X13_BURST13] mode=OFF radar_adj=0 mom= conf=0
[ALPHA_X13_BURST13] [1;36m21:08:13[0m [1;32mx13[0m [1;36m#150[0m SKIP tension=[1;31m4.06652241[0m [0m| duo no_trigger
[ALPHA_X13_BURST13] mode=OFF radar_adj=0 mom= conf=0
[ALPHA_X13_BURST13] [1;36m21:08:22[0m [1;32mx13[0m [1;36m#151[0m SKIP tension=[1;36m0.00005414[0m [0m| momentum_too_small [1;31mconf=0.0001[0m
[BETA_X5] shockwave beta->alpha until_cycle=126
[BETA_X5] [1;33mSWARM shockwave[0m [0m| beta -> neighbor (fluid_exit_inversion)[0m
[ALPHA_X13_BURST13] mode=OFF radar_adj=0 mom= conf=0
[BETA_X5] [1;36mentry=21:08:16@64751.40000000[0m [1;33mx5[0m [1;36m#116[0m [1;31mSELL[0m tension=[1;31m4.06652241[0m hold=[1;36m8[0ms sec=[1;36m8[0m [0m| exit=64752.70000000 [1;32mconf=0.999[0m [1;36mexit_time=21:08:24[0m [1;31mpnl=-0.00988000 bps=-0.20076786 pct=-0.00200768% total=-1.5895300000000003[0m
[BETA_X5] mode=OFF radar_adj=0 mom= conf=0
[ALPHA_X13_BURST13] [1;36m21:08:32[0m [1;32mx13[0m [1;36m#152[0m SKIP tension=[1;36m0.00008204[0m [0m| momentum_too_small [1;31mconf=0.0001[0m
[ALPHA_X13_BURST13] mode=OFF radar_adj=0 mom= conf=0
[BETA_X5] [1;36m21:08:35[0m [1;33mx5[0m [1;36m#117[0m SKIP tension=[1;36m0.00000000[0m [0m| momentum_too_small [1;31mconf=0.3446[0m
[BETA_X5] mode=OFF radar_adj=0 mom= conf=0
[ALPHA_X13_BURST13] [1;36m21:08:42[0m [1;32mx13[0m [1;36m#153[0m SKIP tension=[1;36m0.64026047[0m [0m| wall_not_collapsed
[ALPHA_X13_BURST13] mode=OFF radar_adj=0 mom= conf=0
[ALPHA_X13_BURST13] [1;36m21:08:53[0m [1;32mx13[0m [1;36m#154[0m SKIP tension=[1;36m0.00001732[0m [0m| momentum_too_small [1;31mconf=0.0[0m
[ALPHA_X13_BURST13] mode=OFF radar_adj=0 mom= conf=0
[BETA_X5] [1;36mentry=21:08:50@64753.00000000[0m [1;33mx5[0m [1;36m#118[0m [1;32mSELL[0m tension=[1;32m1.48141417[0m hold=[1;36m8[0ms sec=[1;36m8[0m [0m| exit=64750.00000000 [1;32mconf=0.9768[0m [1;36mexit_time=21:08:59[0m [1;32mpnl=0.02280000 bps=0.46329900 pct=0.00463299% total=-1.5667300000000004[0m
[ALPHA_X13_BURST13] [1;36m21:09:03[0m [1;32mx13[0m [1;36m#155[0m SKIP tension=[1;36m0.00008298[0m [0m| momentum_too_small [1;31mconf=0.0001[0m
[BETA_X5] mode=OFF radar_adj=0 mom= conf=0
[ALPHA_X13_BURST13] mode=OFF radar_adj=0 mom= conf=0
[BETA_X5] [1;36m21:09:10[0m [1;33mx5[0m [1;36m#119[0m SKIP tension=[1;36m0.00001048[0m [0m| momentum_too_small [1;31mconf=0.0[0m
[ALPHA_X13_BURST13] [1;36m21:09:13[0m [1;32mx13[0m [1;36m#156[0m SKIP tension=[1;36m0.00000000[0m [0m| momentum_too_small [1;31mconf=0.3497[0m
[BETA_X5] mode=OFF radar_adj=0 mom= conf=0
[ALPHA_X13_BURST13] mode=OFF radar_adj=0 mom= conf=0
[BETA_X5] [1;36m21:09:19[0m [1;33mx5[0m [1;36m#120[0m SKIP tension=[1;36m0.66324866[0m [0m| wall_not_collapsed
[BETA_X5] mode=OFF radar_adj=0 mom= conf=0
[ALPHA_X13_BURST13] [1;36m21:09:22[0m [1;32mx13[0m [1;36m#157[0m SKIP tension=[1;36m0.00000000[0m [0m| momentum_too_small [1;31mconf=0.3486[0m
[ALPHA_X13_BURST13] mode=OFF radar_adj=0 mom= conf=0
[BETA_X5] [1;36m21:09:29[0m [1;33mx5[0m [1;36m#121[0m SKIP tension=[1;36m0.00000563[0m [0m| momentum_too_small [1;31mconf=0.0[0m
[BETA_X5] mode=OFF radar_adj=0 mom= conf=0
[ALPHA_X13_BURST13] [1;36m21:09:33[0m [1;32mx13[0m [1;36m#158[0m SKIP tension=[1;36m0.25953537[0m [0m| wall_not_collapsed
[ALPHA_X13_BURST13] mode=OFF radar_adj=0 mom= conf=0
[BETA_X5] [1;36m21:09:39[0m [1;33mx5[0m [1;36m#122[0m SKIP tension=[1;36m0.00000880[0m [0m| momentum_too_small [1;31mconf=0.0[0m
[BETA_X5] mode=OFF radar_adj=0 mom= conf=0
[ALPHA_X13_BURST13] [1;36m21:09:43[0m [1;32mx13[0m [1;36m#159[0m SKIP tension=[1;36m0.00000000[0m [0m| momentum_too_small [1;31mconf=0.3473[0m
[ALPHA_X13_BURST13] mode=OFF radar_adj=0 mom= conf=0
[BETA_X5] [1;36m21:09:49[0m [1;33mx5[0m [1;36m#123[0m SKIP tension=[1;36m0.00000838[0m [0m| momentum_too_small [1;31mconf=0.0[0m
[BETA_X5] mode=OFF radar_adj=0 mom= conf=0
[ALPHA_X13_BURST13] [1;36m21:09:54[0m [1;32mx13[0m [1;36m#160[0m SKIP tension=[1;36m0.00000000[0m [0m| momentum_too_small [1;31mconf=0.3473[0m
[ALPHA_X13_BURST13] mode=OFF radar_adj=0 mom= conf=0
[BETA_X5] [1;36m21:09:58[0m [1;33mx5[0m [1;36m#124[0m SKIP tension=[1;36m0.00000814[0m [0m| momentum_too_small [1;31mconf=0.0[0m
[BETA_X5] mode=OFF radar_adj=0 mom= conf=0
[ALPHA_X13_BURST13] [1;36m21:10:03[0m [1;32mx13[0m [1;36m#161[0m SKIP tension=[1;36m0.00000000[0m [0m| momentum_too_small [1;31mconf=0.3473[0m
[ALPHA_X13_BURST13] mode=OFF radar_adj=0 mom= conf=0
[BETA_X5] [1;36m21:10:07[0m [1;33mx5[0m [1;36m#125[0m SKIP tension=[1;36m0.00060316[0m [0m| momentum_too_small [1;31mconf=0.001[0m
[BETA_X5] mode=OFF radar_adj=0 mom= conf=0
[BETA_X5] [1;36m21:10:15[0m [1;33mx5[0m [1;36m#126[0m SKIP tension=[1;36m0.00003274[0m [0m| momentum_too_small [1;31mconf=0.0001[0m
[ALPHA_X13_BURST13] [1;36m21:10:16[0m [1;32mx13[0m [1;36m#162[0m SKIP tension=[1;36m0.00006387[0m [0m| momentum_too_small [1;31mconf=0.0001[0m
[ALPHA_X13_BURST13] mode=OFF radar_adj=0 mom= conf=0
[BETA_X5] mode=OFF radar_adj=0 mom= conf=0
[ALPHA_X13_BURST13] [1;36m21:10:25[0m [1;32mx13[0m [1;36m#163[0m SKIP tension=[1;36m0.03172019[0m [0m| direction_unclear [1;31mconf=0.0524[0m
[ALPHA_X13_BURST13] mode=OFF radar_adj=0 mom= conf=0
[BETA_X5] [1;36m21:10:29[0m [1;33mx5[0m [1;36m#127[0m SKIP tension=[1;36m0.00002129[0m [0m| momentum_too_small [1;31mconf=0.0[0m
[BETA_X5] mode=OFF radar_adj=0 mom= conf=0
[ALPHA_X13_BURST13] [1;36m21:10:35[0m [1;32mx13[0m [1;36m#164[0m SKIP tension=[1;36m0.05277253[0m [0m| direction_unclear [1;31mconf=0.0879[0m
[ALPHA_X13_BURST13] mode=OFF radar_adj=0 mom= conf=0
[BETA_X5] [1;36m21:10:38[0m [1;33mx5[0m [1;36m#128[0m SKIP tension=[1;36m0.11615726[0m [0m| direction_unclear [1;31mconf=0.1934[0m
[BETA_X5] mode=OFF radar_adj=0 mom= conf=0
[ALPHA_X13_BURST13] [1;36m21:10:44[0m [1;32mx13[0m [1;36m#165[0m SKIP tension=[1;36m0.00000000[0m [0m| momentum_too_small [1;31mconf=0.3493[0m
[BETA_X5] [1;36m21:10:47[0m [1;33mx5[0m [1;36m#129[0m SKIP tension=[1;36m0.55867958[0m [0m| wall_not_collapsed
[ALPHA_X13_BURST13] mode=OFF radar_adj=0 mom= conf=0
[BETA_X5] mode=OFF radar_adj=0 mom= conf=0
[ALPHA_X13_BURST13] [1;36m21:10:53[0m [1;32mx13[0m [1;36m#166[0m SKIP tension=[1;36m0.00000000[0m [0m| momentum_too_small [1;31mconf=0.3294[0m
[BETA_X5] [1;36m21:10:56[0m [1;33mx5[0m [1;36m#130[0m SKIP tension=[1;36m0.00003396[0m [0m| momentum_too_small [1;31mconf=0.0001[0m
[ALPHA_X13_BURST13] mode=OFF radar_adj=0 mom= conf=0
[BETA_X5] mode=OFF radar_adj=0 mom= conf=0
[ALPHA_X13_BURST13] [1;36m21:11:02[0m [1;32mx13[0m [1;36m#167[0m SKIP tension=[1;36m0.54001713[0m [0m| wall_not_collapsed
[BETA_X5] [1;36m21:11:04[0m [1;33mx5[0m [1;36m#131[0m SKIP tension=[1;36m0.00000000[0m [0m| momentum_too_small [1;31mconf=0.3443[0m
[ALPHA_X13_BURST13] mode=OFF radar_adj=0 mom= conf=0
[BETA_X5] mode=OFF radar_adj=0 mom= conf=0
[ALPHA_X13_BURST13] [1;36m21:11:11[0m [1;32mx13[0m [1;36m#168[0m SKIP tension=[1;33m0.94195535[0m [0m| wall_not_collapsed
[BETA_X5] [1;36m21:11:13[0m [1;33mx5[0m [1;36m#132[0m SKIP tension=[1;36m0.00009837[0m [0m| momentum_too_small [1;31mconf=0.0002[0m
[ALPHA_X13_BURST13] mode=OFF radar_adj=0 mom= conf=0
[BETA_X5] mode=OFF radar_adj=0 mom= conf=0
[ALPHA_X13_BURST13] [1;36m21:11:20[0m [1;32mx13[0m [1;36m#169[0m SKIP tension=[1;36m0.19679195[0m [0m| direction_unclear [1;31mconf=0.3251[0m
[BETA_X5] [1;36m21:11:22[0m [1;33mx5[0m [1;36m#133[0m SKIP tension=[1;36m0.43799199[0m [0m| wall_not_collapsed
[ALPHA_X13_BURST13] mode=OFF radar_adj=0 mom= conf=0
[BETA_X5] mode=OFF radar_adj=0 mom= conf=0
[ALPHA_X13_BURST13] [1;36m21:11:28[0m [1;32mx13[0m [1;36m#170[0m SKIP tension=[1;36m0.00000000[0m [0m| momentum_too_small [1;31mconf=0.347[0m
[ALPHA_X13_BURST13] mode=OFF radar_adj=0 mom= conf=0
[BETA_X5] [1;36m21:11:31[0m [1;33mx5[0m [1;36m#134[0m SKIP tension=[1;36m0.65339209[0m [0m| wall_not_collapsed
[BETA_X5] mode=OFF radar_adj=0 mom= conf=0
[ALPHA_X13_BURST13] [1;36m21:11:37[0m [1;32mx13[0m [1;36m#171[0m SKIP tension=[1;36m0.00000000[0m [0m| momentum_too_small [1;31mconf=0.347[0m
[BETA_X5] [1;36m21:11:40[0m [1;33mx5[0m [1;36m#135[0m SKIP tension=[1;36m0.00000000[0m [0m| momentum_too_small [1;31mconf=0.347[0m
[ALPHA_X13_BURST13] mode=OFF radar_adj=0 mom= conf=0
[BETA_X5] mode=OFF radar_adj=0 mom= conf=0
[ALPHA_X13_BURST13] [1;36m21:11:46[0m [1;32mx13[0m [1;36m#172[0m SKIP tension=[1;36m0.52693156[0m [0m| wall_not_collapsed
[ALPHA_X13_BURST13] mode=OFF radar_adj=0 mom= conf=0
[BETA_X5] [1;36m21:11:49[0m [1;33mx5[0m [1;36m#136[0m SKIP tension=[1;36m0.51930688[0m [0m| wall_not_collapsed
[BETA_X5] mode=OFF radar_adj=0 mom= conf=0
[ALPHA_X13_BURST13] [1;36m21:11:54[0m [1;32mx13[0m [1;36m#173[0m SKIP tension=[1;36m0.26874454[0m [0m| wall_not_collapsed
[ALPHA_X13_BURST13] mode=OFF radar_adj=0 mom= conf=0
[BETA_X5] [1;36m21:11:58[0m [1;33mx5[0m [1;36m#137[0m SKIP tension=[1;36m0.00000000[0m [0m| momentum_too_small [1;31mconf=0.347[0m
[BETA_X5] mode=OFF radar_adj=0 mom= conf=0
[ALPHA_X13_BURST13] [1;36m21:12:03[0m [1;32mx13[0m [1;36m#174[0m SKIP tension=[1;36m0.00000000[0m [0m| momentum_too_small [1;31mconf=0.347[0m
[ALPHA_X13_BURST13] mode=OFF radar_adj=0 mom= conf=0
[BETA_X5] [1;36m21:12:07[0m [1;33mx5[0m [1;36m#138[0m SKIP tension=[1;36m0.00000000[0m [0m| momentum_too_small [1;31mconf=0.347[0m
[BETA_X5] mode=OFF radar_adj=0 mom= conf=0
[ALPHA_X13_BURST13] [1;36m21:12:12[0m [1;32mx13[0m [1;36m#175[0m SKIP tension=[1;36m0.00004833[0m [0m| momentum_too_small [1;31mconf=0.0001[0m
[ALPHA_X13_BURST13] mode=OFF radar_adj=0 mom= conf=0
[BETA_X5] [1;36m21:12:16[0m [1;33mx5[0m [1;36m#139[0m SKIP tension=[1;36m0.27029737[0m [0m| wall_not_collapsed
[BETA_X5] mode=OFF radar_adj=0 mom= conf=0
[ALPHA_X13_BURST13] [1;36m21:12:22[0m [1;32mx13[0m [1;36m#176[0m SKIP tension=[1;36m0.00000840[0m [0m| momentum_too_small [1;31mconf=0.0[0m
[ALPHA_X13_BURST13] mode=OFF radar_adj=0 mom= conf=0
[BETA_X5] [1;36m21:12:26[0m [1;33mx5[0m [1;36m#140[0m SKIP tension=[1;36m0.00002624[0m [0m| momentum_too_small [1;31mconf=0.0[0m
[BETA_X5] mode=OFF radar_adj=0 mom= conf=0
[ALPHA_X13_BURST13] [1;36m21:12:33[0m [1;32mx13[0m [1;36m#177[0m SKIP tension=[1;36m0.00007347[0m [0m| momentum_too_small [1;31mconf=0.0001[0m
[BETA_X5] [1;36m21:12:35[0m [1;33mx5[0m [1;36m#141[0m SKIP tension=[1;36m0.00005143[0m [0m| momentum_too_small [1;31mconf=0.0001[0m
[ALPHA_X13_BURST13] mode=OFF radar_adj=0 mom= conf=0
[BETA_X5] mode=OFF radar_adj=0 mom= conf=0
[ALPHA_X13_BURST13] [1;36m21:12:42[0m [1;32mx13[0m [1;36m#178[0m SKIP tension=[1;36m0.00008399[0m [0m| momentum_too_small [1;31mconf=0.0001[0m
[BETA_X5] [1;36m21:12:43[0m [1;33mx5[0m [1;36m#142[0m SKIP tension=[1;36m0.00002940[0m [0m| momentum_too_small [1;31mconf=0.0[0m
[ALPHA_X13_BURST13] mode=OFF radar_adj=0 mom= conf=0
[BETA_X5] mode=OFF radar_adj=0 mom= conf=0
[ALPHA_X13_BURST13] [1;36m21:12:51[0m [1;32mx13[0m [1;36m#179[0m SKIP tension=[1;36m0.00000000[0m [0m| momentum_too_small [1;31mconf=0.3466[0m
[ALPHA_X13_BURST13] mode=OFF radar_adj=0 mom= conf=0
[ALPHA_X13_BURST13] [1;36m21:13:00[0m [1;32mx13[0m [1;36m#180[0m SKIP tension=[1;36m0.00000000[0m [0m| momentum_too_small [1;31mconf=0.3476[0m
[ALPHA_X13_BURST13] mode=OFF radar_adj=0 mom= conf=0
[BETA_X5] [1;36mentry=21:12:56@64755.10000000[0m [1;33mx5[0m [1;36m#143[0m [1;32mSELL[0m tension=[1;32m1.10417041[0m hold=[1;36m7[0ms sec=[1;36m7[0m [0m| exit=64755.00000000 [1;32mconf=0.9904[0m [1;36mexit_time=21:13:03[0m [1;32mpnl=0.00154000 bps=0.01544280 pct=0.00015443% total=-1.5651900000000003[0m
[BETA_X5] mode=OFF radar_adj=0 mom= conf=0
[ALPHA_X13_BURST13] [1;36m21:13:09[0m [1;32mx13[0m [1;36m#181[0m SKIP tension=[1;36m0.42083708[0m [0m| wall_not_collapsed
[ALPHA_X13_BURST13] mode=OFF radar_adj=0 mom= conf=0
[BETA_X5] [1;36m21:13:15[0m [1;33mx5[0m [1;36m#144[0m SKIP tension=[1;36m0.00000000[0m [0m| momentum_too_small [1;31mconf=0.3476[0m
[BETA_X5] mode=OFF radar_adj=0 mom= conf=0
[ALPHA_X13_BURST13] [1;36m21:13:18[0m [1;32mx13[0m [1;36m#182[0m SKIP tension=[1;36m0.00000000[0m [0m| momentum_too_small [1;31mconf=0.3463[0m
[ALPHA_X13_BURST13] mode=OFF radar_adj=0 mom= conf=0
[BETA_X5] [1;36m21:13:23[0m [1;33mx5[0m [1;36m#145[0m SKIP tension=[1;36m0.18388131[0m [0m| direction_unclear [1;31mconf=0.3038[0m
[BETA_X5] mode=OFF radar_adj=0 mom= conf=0
[ALPHA_X13_BURST13] [1;36m21:13:27[0m [1;32mx13[0m [1;36m#183[0m SKIP tension=[1;36m0.00000364[0m [0m| momentum_too_small [1;31mconf=0.0[0m
[ALPHA_X13_BURST13] mode=OFF radar_adj=0 mom= conf=0
[BETA_X5] [1;36m21:13:32[0m [1;33mx5[0m [1;36m#146[0m SKIP tension=[1;36m0.57799056[0m [0m| wall_not_collapsed
[BETA_X5] mode=OFF radar_adj=0 mom= conf=0
[ALPHA_X13_BURST13] [1;36m21:13:38[0m [1;32mx13[0m [1;36m#184[0m SKIP tension=[1;32m1.02942962[0m [0m| duo no_trigger
[BETA_X5] [1;36m21:13:40[0m [1;33mx5[0m [1;36m#147[0m SKIP tension=[1;36m0.00001814[0m [0m| momentum_too_small [1;31mconf=0.0[0m
[ALPHA_X13_BURST13] mode=OFF radar_adj=0 mom= conf=0
[BETA_X5] mode=OFF radar_adj=0 mom= conf=0
[ALPHA_X13_BURST13] [1;36m21:13:47[0m [1;32mx13[0m [1;36m#185[0m SKIP tension=[1;36m0.47253715[0m [0m| wall_not_collapsed
[BETA_X5] [1;36m21:13:50[0m [1;33mx5[0m [1;36m#148[0m SKIP tension=[1;36m0.00000000[0m [0m| momentum_too_small [1;31mconf=0.347[0m
[ALPHA_X13_BURST13] mode=OFF radar_adj=0 mom= conf=0
[BETA_X5] mode=OFF radar_adj=0 mom= conf=0
[ALPHA_X13_BURST13] [1;36m21:13:57[0m [1;32mx13[0m [1;36m#186[0m SKIP tension=[1;36m0.73697067[0m [0m| wall_not_collapsed
[ALPHA_X13_BURST13] mode=OFF radar_adj=0 mom= conf=0
[ALPHA_X13_BURST13] [1;36m21:14:06[0m [1;32mx13[0m [1;36m#187[0m SKIP tension=[1;36m0.62501360[0m [0m| wall_not_collapsed
[ALPHA_X13_BURST13] mode=OFF radar_adj=0 mom= conf=0
[BETA_X5] [1;36mentry=21:14:05@64755.00000000[0m [1;33mx5[0m [1;36m#149[0m [1;33mSELL[0m tension=[1;32m1.09244460[0m hold=[1;36m7[0ms sec=[1;36m7[0m [0m| exit=64755.00000000 [1;32mconf=0.9913[0m [1;36mexit_time=21:14:12[0m [1;33mpnl=-0.00000000 bps=-0.00000000 pct=-0.00000000% total=-1.5651900000000003[0m
[ALPHA_X13_BURST13] [1;36m21:14:16[0m [1;32mx13[0m [1;36m#188[0m SKIP tension=[1;36m0.00000000[0m [0m| momentum_too_small [1;31mconf=0.348[0m
[BETA_X5] mode=OFF radar_adj=0 mom= conf=0
[ALPHA_X13_BURST13] mode=OFF radar_adj=0 mom= conf=0
[BETA_X5] [1;36m21:14:23[0m [1;33mx5[0m [1;36m#150[0m SKIP tension=[1;36m0.00001748[0m [0m| momentum_too_small [1;31mconf=0.0[0m
[ALPHA_X13_BURST13] [1;36m21:14:25[0m [1;32mx13[0m [1;36m#189[0m SKIP tension=[1;36m0.84538452[0m [0m| wall_not_collapsed
[BETA_X5] mode=OFF radar_adj=0 mom= conf=0
[ALPHA_X13_BURST13] mode=OFF radar_adj=0 mom= conf=0
[BETA_X5] [1;36m21:14:32[0m [1;33mx5[0m [1;36m#151[0m SKIP tension=[1;33m0.92963870[0m [0m| wall_not_collapsed
[ALPHA_X13_BURST13] [1;36m21:14:34[0m [1;32mx13[0m [1;36m#190[0m SKIP tension=[1;36m0.00000000[0m [0m| momentum_too_small [1;31mconf=0.348[0m
[BETA_X5] mode=OFF radar_adj=0 mom= conf=0
[ALPHA_X13_BURST13] mode=OFF radar_adj=0 mom= conf=0
[BETA_X5] [1;36m21:14:40[0m [1;33mx5[0m [1;36m#152[0m SKIP tension=[1;36m0.00001954[0m [0m| momentum_too_small [1;31mconf=0.0[0m
[BETA_X5] mode=OFF radar_adj=0 mom= conf=0
[ALPHA_X13_BURST13] [1;36m21:14:43[0m [1;32mx13[0m [1;36m#191[0m SKIP tension=[1;36m0.00000000[0m [0m| momentum_too_small [1;31mconf=0.348[0m
[ALPHA_X13_BURST13] mode=OFF radar_adj=0 mom= conf=0
[ALPHA_X13_BURST13] [1;36m21:14:54[0m [1;32mx13[0m [1;36m#192[0m SKIP tension=[1;31m3.77720540[0m [0m| duo no_trigger
[ALPHA_X13_BURST13] mode=OFF radar_adj=0 mom= conf=0
[ALPHA_X13_BURST13] [1;36m21:15:05[0m [1;32mx13[0m [1;36m#193[0m SKIP tension=[1;36m0.00001919[0m [0m| momentum_too_small [1;31mconf=0.0[0m
[BETA_X5] [1;36mentry=21:14:55@64755.50000000[0m [1;33mx5[0m [1;36m#153[0m [1;33mSELL[0m tension=[1;31m2.16418410[0m hold=[1;36m8[0ms sec=[1;36m8[0m [0m| exit=64755.50000000 [1;32mconf=0.9942[0m [1;36mexit_time=21:15:03[0m [1;33mpnl=-0.00000000 bps=-0.00000000 pct=-0.00000000% total=-1.5651900000000003[0m
[ALPHA_X13_BURST13] mode=OFF radar_adj=0 mom= conf=0
[BETA_X5] mode=OFF radar_adj=0 mom= conf=0
[BETA_X5] [1;36m21:15:14[0m [1;33mx5[0m [1;36m#154[0m SKIP tension=[1;36m0.00000390[0m [0m| momentum_too_small [1;31mconf=0.0[0m
[ALPHA_X13_BURST13] [1;36m21:15:15[0m [1;32mx13[0m [1;36m#194[0m SKIP tension=[1;36m0.00000390[0m [0m| momentum_too_small [1;31mconf=0.0[0m
[BETA_X5] mode=OFF radar_adj=0 mom= conf=0
[ALPHA_X13_BURST13] mode=OFF radar_adj=0 mom= conf=0
[BETA_X5] [1;36m21:15:24[0m [1;33mx5[0m [1;36m#155[0m SKIP tension=[1;36m0.00317513[0m [0m| momentum_too_small [1;31mconf=0.0052[0m
[ALPHA_X13_BURST13] [1;36m21:15:25[0m [1;32mx13[0m [1;36m#195[0m SKIP tension=[1;36m0.00000000[0m [0m| momentum_too_small [1;31mconf=0.3416[0m
[BETA_X5] mode=OFF radar_adj=0 mom= conf=0
[ALPHA_X13_BURST13] mode=OFF radar_adj=0 mom= conf=0
[BETA_X5] [1;36m21:15:34[0m [1;33mx5[0m [1;36m#156[0m SKIP tension=[1;36m0.00104822[0m [0m| momentum_too_small [1;31mconf=0.0017[0m
[ALPHA_X13_BURST13] [1;36m21:15:36[0m [1;32mx13[0m [1;36m#196[0m SKIP tension=[1;32m1.35641865[0m [0m| duo no_trigger
[BETA_X5] mode=OFF radar_adj=0 mom= conf=0
[ALPHA_X13_BURST13] mode=OFF radar_adj=0 mom= conf=0
[BETA_X5] [1;36m21:15:44[0m [1;33mx5[0m [1;36m#157[0m SKIP tension=[1;36m0.56079274[0m [0m| wall_not_collapsed
[BETA_X5] mode=OFF radar_adj=0 mom= conf=0
[ALPHA_X13_BURST13] [1;36m21:15:48[0m [1;32mx13[0m [1;36m#197[0m SKIP tension=[1;36m0.29101438[0m [0m| wall_not_collapsed
[ALPHA_X13_BURST13] mode=OFF radar_adj=0 mom= conf=0
[BETA_X5] [1;36m21:15:54[0m [1;33mx5[0m [1;36m#158[0m SKIP tension=[1;36m0.00000000[0m [0m| momentum_too_small [1;31mconf=0.3372[0m
[BETA_X5] mode=OFF radar_adj=0 mom= conf=0
[ALPHA_X13_BURST13] [1;36m21:16:03[0m [1;32mx13[0m [1;36m#198[0m SKIP tension=[1;31m12.45702064[0m [0m| duo no_trigger
[ALPHA_X13_BURST13] mode=OFF radar_adj=0 mom= conf=0
[ALPHA_X13_BURST13] [1;36m21:16:13[0m [1;32mx13[0m [1;36m#199[0m SKIP tension=[1;36m0.00012345[0m [0m| momentum_too_small [1;31mconf=0.0002[0m
[BETA_X5] [1;36mCycle 159[0m [1;32mSOFT anomaly[0m [1;33m| pnl_abs=0.03984000 > 0.02500000[0m
[ALPHA_X13_BURST13] mode=OFF radar_adj=0 mom= conf=0
[BETA_X5] [1;36mentry=21:16:07@64751.50000000[0m [1;33mx5[0m [1;36m#159[0m [1;32mSELL[0m tension=[1;32m1.35648764[0m hold=[1;36m7[0ms sec=[1;36m7[0m [0m| exit=64749.90000000 [1;32mconf=0.9923[0m [1;36mexit_time=21:16:15[0m [1;32mpnl=0.03984000 bps=0.24709852 pct=0.00247099% total=-1.5253500000000002[0m
[BETA_X5] mode=OFF radar_adj=0 mom= conf=0
[ALPHA_X13_BURST13] [1;36m21:16:24[0m [1;32mx13[0m [1;36m#200[0m SKIP tension=[1;32m1.35872286[0m [0m| duo no_trigger
[ALPHA_X13_BURST13] mode=OFF radar_adj=0 mom= conf=0
[ALPHA_X13_BURST13] [1;36m21:16:34[0m [1;32mx13[0m [1;36m#201[0m SKIP tension=[1;36m0.27565692[0m [0m| wall_not_collapsed
[ALPHA_X13_BURST13] mode=OFF radar_adj=0 mom= conf=0
[BETA_X5] [1;36mCycle 160[0m [1;32mSOFT anomaly[0m [1;33m| pnl_abs=0.04588000 > 0.02500000[0m
[BETA_X5] [1;36mentry=21:16:32@64753.60000000[0m [1;33mx5[0m [1;36m#160[0m [1;32mSELL[0m tension=[1;32m1.35870556[0m hold=[1;36m7[0ms sec=[1;36m7[0m [0m| exit=64749.90000000 [1;32mconf=0.9643[0m [1;36mexit_time=21:16:39[0m [1;32mpnl=0.04588000 bps=0.57139680 pct=0.00571397% total=-1.4794700000000003[0m
[ALPHA_X13_BURST13] [1;36m21:16:44[0m [1;32mx13[0m [1;36m#202[0m SKIP tension=[1;36m0.00000000[0m [0m| momentum_too_small [1;31mconf=0.3473[0m
[BETA_X5] mode=OFF radar_adj=0 mom= conf=0
[ALPHA_X13_BURST13] mode=OFF radar_adj=0 mom= conf=0
[BETA_X5] [1;36m21:16:50[0m [1;33mx5[0m [1;36m#161[0m SKIP tension=[1;36m0.00008252[0m [0m| momentum_too_small [1;31mconf=0.0001[0m
[BETA_X5] mode=OFF radar_adj=0 mom= conf=0
[ALPHA_X13_BURST13] [1;36m21:16:54[0m [1;32mx13[0m [1;36m#203[0m SKIP tension=[1;36m0.56140810[0m [0m| wall_not_collapsed
[ALPHA_X13_BURST13] mode=OFF radar_adj=0 mom= conf=0
[BETA_X5] [1;36m21:16:58[0m [1;33mx5[0m [1;36m#162[0m SKIP tension=[1;36m0.56137944[0m [0m| wall_not_collapsed
[BETA_X5] mode=OFF radar_adj=0 mom= conf=0
[ALPHA_X13_BURST13] [1;36m21:17:03[0m [1;32mx13[0m [1;36m#204[0m SKIP tension=[1;36m0.00000000[0m [0m| momentum_too_small [1;31mconf=0.3459[0m
[ALPHA_X13_BURST13] mode=OFF radar_adj=0 mom= conf=0
[BETA_X5] [1;36m21:17:07[0m [1;33mx5[0m [1;36m#163[0m SKIP tension=[1;36m0.00002181[0m [0m| momentum_too_small [1;31mconf=0.0[0m
[BETA_X5] mode=OFF radar_adj=0 mom= conf=0
[ALPHA_X13_BURST13] [1;36m21:17:12[0m [1;32mx13[0m [1;36m#205[0m SKIP tension=[1;36m0.00000000[0m [0m| momentum_too_small [1;31mconf=0.3378[0m
[ALPHA_X13_BURST13] mode=OFF radar_adj=0 mom= conf=0
[BETA_X5] [1;36m21:17:16[0m [1;33mx5[0m [1;36m#164[0m SKIP tension=[1;36m0.00006149[0m [0m| momentum_too_small [1;31mconf=0.0001[0m
[BETA_X5] mode=OFF radar_adj=0 mom= conf=0
[ALPHA_X13_BURST13] [1;36m21:17:22[0m [1;32mx13[0m [1;36m#206[0m SKIP tension=[1;36m0.56137962[0m [0m| wall_not_collapsed
[BETA_X5] [1;36m21:17:24[0m [1;33mx5[0m [1;36m#165[0m SKIP tension=[1;36m0.00009731[0m [0m| momentum_too_small [1;31mconf=0.0002[0m
[ALPHA_X13_BURST13] mode=OFF radar_adj=0 mom= conf=0
[BETA_X5] mode=OFF radar_adj=0 mom= conf=0
[ALPHA_X13_BURST13] [1;36m21:17:31[0m [1;32mx13[0m [1;36m#207[0m SKIP tension=[1;36m0.00002639[0m [0m| momentum_too_small [1;31mconf=0.0[0m
[BETA_X5] [1;36m21:17:34[0m [1;33mx5[0m [1;36m#166[0m SKIP tension=[1;36m0.00006102[0m [0m| momentum_too_small [1;31mconf=0.0001[0m
[ALPHA_X13_BURST13] mode=OFF radar_adj=0 mom= conf=0
[BETA_X5] mode=OFF radar_adj=0 mom= conf=0
[ALPHA_X13_BURST13] [1;36m21:17:40[0m [1;32mx13[0m [1;36m#208[0m SKIP tension=[1;36m0.00001319[0m [0m| momentum_too_small [1;31mconf=0.0[0m
[BETA_X5] [1;36m21:17:43[0m [1;33mx5[0m [1;36m#167[0m SKIP tension=[1;36m0.00000000[0m [0m| momentum_too_small [1;31mconf=0.3476[0m
[ALPHA_X13_BURST13] mode=OFF radar_adj=0 mom= conf=0
[BETA_X5] mode=OFF radar_adj=0 mom= conf=0
[ALPHA_X13_BURST13] [1;36m21:17:50[0m [1;32mx13[0m [1;36m#209[0m SKIP tension=[1;36m0.00001649[0m [0m| momentum_too_small [1;31mconf=0.0[0m
[ALPHA_X13_BURST13] mode=OFF radar_adj=0 mom= conf=0
[BETA_X5] [1;36m21:17:53[0m [1;33mx5[0m [1;36m#168[0m SKIP tension=[1;36m0.00000000[0m [0m| momentum_too_small [1;31mconf=0.3463[0m
[BETA_X5] mode=OFF radar_adj=0 mom= conf=0
[ALPHA_X13_BURST13] [1;36m21:18:00[0m [1;32mx13[0m [1;36m#210[0m SKIP tension=[1;36m0.00000000[0m [0m| momentum_too_small [1;31mconf=0.3463[0m
[BETA_X5] [1;36m21:18:02[0m [1;33mx5[0m [1;36m#169[0m SKIP tension=[1;36m0.00004957[0m [0m| momentum_too_small [1;31mconf=0.0001[0m
[ALPHA_X13_BURST13] mode=OFF radar_adj=0 mom= conf=0
[BETA_X5] mode=OFF radar_adj=0 mom= conf=0
[ALPHA_X13_BURST13] [1;36m21:18:09[0m [1;32mx13[0m [1;36m#211[0m SKIP tension=[1;36m0.00004958[0m [0m| momentum_too_small [1;31mconf=0.0001[0m
[BETA_X5] [1;36m21:18:10[0m [1;33mx5[0m [1;36m#170[0m SKIP tension=[1;36m0.00003470[0m [0m| momentum_too_small [1;31mconf=0.0001[0m
[BETA_X5] mode=OFF radar_adj=0 mom= conf=0
[ALPHA_X13_BURST13] mode=OFF radar_adj=0 mom= conf=0
[BETA_X5] [1;36m21:18:19[0m [1;33mx5[0m [1;36m#171[0m SKIP tension=[1;36m0.00007987[0m [0m| momentum_too_small [1;31mconf=0.0001[0m
[ALPHA_X13_BURST13] [1;36m21:18:19[0m [1;32mx13[0m [1;36m#212[0m SKIP tension=[1;36m0.00007987[0m [0m| momentum_too_small [1;31mconf=0.0001[0m
[BETA_X5] mode=OFF radar_adj=0 mom= conf=0
[ALPHA_X13_BURST13] mode=OFF radar_adj=0 mom= conf=0
[BETA_X5] [1;36m21:18:27[0m [1;33mx5[0m [1;36m#172[0m SKIP tension=[1;36m0.00000000[0m [0m| momentum_too_small [1;31mconf=0.3483[0m
[ALPHA_X13_BURST13] [1;36m21:18:28[0m [1;32mx13[0m [1;36m#213[0m SKIP tension=[1;36m0.00000000[0m [0m| momentum_too_small [1;31mconf=0.3483[0m
[BETA_X5] mode=OFF radar_adj=0 mom= conf=0
[ALPHA_X13_BURST13] mode=OFF radar_adj=0 mom= conf=0
[BETA_X5] [1;36m21:18:36[0m [1;33mx5[0m [1;36m#173[0m SKIP tension=[1;36m0.00000000[0m [0m| momentum_too_small [1;31mconf=0.3476[0m
[ALPHA_X13_BURST13] [1;36m21:18:37[0m [1;32mx13[0m [1;36m#214[0m SKIP tension=[1;36m0.00000000[0m [0m| momentum_too_small [1;31mconf=0.3476[0m
[BETA_X5] mode=OFF radar_adj=0 mom= conf=0
[ALPHA_X13_BURST13] mode=OFF radar_adj=0 mom= conf=0
[BETA_X5] [1;36m21:18:47[0m [1;33mx5[0m [1;36m#174[0m SKIP tension=[1;36m0.00000000[0m [0m| momentum_too_small [1;31mconf=0.3473[0m
[ALPHA_X13_BURST13] [1;36m21:18:47[0m [1;32mx13[0m [1;36m#215[0m SKIP tension=[1;36m0.00000000[0m [0m| momentum_too_small [1;31mconf=0.3473[0m
[BETA_X5] mode=OFF radar_adj=0 mom= conf=0
[ALPHA_X13_BURST13] mode=OFF radar_adj=0 mom= conf=0
[ALPHA_X13_BURST13] [1;36m21:18:58[0m [1;32mx13[0m [1;36m#216[0m SKIP tension=[1;31m12.19579827[0m [0m| duo no_trigger
[ALPHA_X13_BURST13] mode=OFF radar_adj=0 mom= conf=0
[ALPHA_X13_BURST13] [1;36m21:19:08[0m [1;32mx13[0m [1;36m#217[0m SKIP tension=[1;36m0.00003154[0m [0m| momentum_too_small [1;31mconf=0.0001[0m
[BETA_X5] [1;36mentry=21:19:00@64749.90000000[0m [1;33mx5[0m [1;36m#175[0m [1;33mSELL[0m tension=[1;31m12.19579827[0m hold=[1;36m7[0ms sec=[1;36m7[0m [0m| exit=64749.90000000 [1;32mconf=0.9923[0m [1;36mexit_time=21:19:08[0m [1;33mpnl=-0.00000000 bps=-0.00000000 pct=-0.00000000% total=-1.4794700000000003[0m
[ALPHA_X13_BURST13] mode=OFF radar_adj=0 mom= conf=0
[BETA_X5] mode=OFF radar_adj=0 mom= conf=0
[ALPHA_X13_BURST13] [1;36m21:19:17[0m [1;32mx13[0m [1;36m#218[0m SKIP tension=[1;36m0.56139104[0m [0m| wall_not_collapsed
[BETA_X5] [1;36m21:19:18[0m [1;33mx5[0m [1;36m#176[0m SKIP tension=[1;36m0.00005644[0m [0m| momentum_too_small [1;31mconf=0.0001[0m
[ALPHA_X13_BURST13] mode=OFF radar_adj=0 mom= conf=0
[BETA_X5] mode=OFF radar_adj=0 mom= conf=0
[BETA_X5] [1;36m21:19:26[0m [1;33mx5[0m [1;36m#177[0m SKIP tension=[1;36m0.00001640[0m [0m| momentum_too_small [1;31mconf=0.0[0m
[ALPHA_X13_BURST13] [1;36m21:19:26[0m [1;32mx13[0m [1;36m#219[0m SKIP tension=[1;32m1.36832717[0m [0m| duo no_trigger
[BETA_X5] mode=OFF radar_adj=0 mom= conf=0
[ALPHA_X13_BURST13] mode=OFF radar_adj=0 mom= conf=0
[ALPHA_X13_BURST13] [1;36m21:19:36[0m [1;32mx13[0m [1;36m#220[0m SKIP tension=[1;36m0.00009131[0m [0m| momentum_too_small [1;31mconf=0.0002[0m
[BETA_X5] [1;36m21:19:37[0m [1;33mx5[0m [1;36m#178[0m SKIP tension=[1;36m0.00009131[0m [0m| momentum_too_small [1;31mconf=0.0002[0m
[ALPHA_X13_BURST13] mode=OFF radar_adj=0 mom= conf=0
[BETA_X5] mode=OFF radar_adj=0 mom= conf=0
[ALPHA_X13_BURST13] [1;36m21:19:46[0m [1;32mx13[0m [1;36m#221[0m SKIP tension=[1;31m12.19706308[0m [0m| duo no_trigger
[ALPHA_X13_BURST13] mode=OFF radar_adj=0 mom= conf=0
[BETA_X5] shockwave beta->alpha until_cycle=189
[BETA_X5] [1;33mSWARM shockwave[0m [0m| beta -> neighbor (shock_inversion_stop)[0m
[BETA_X5] [1;36mCycle 179[0m [1;32mSOFT anomaly[0m [1;33m| pnl_abs=0.04712000 > 0.02500000[0m
[BETA_X5] [1;36mentry=21:19:51@64749.90000000[0m [1;33mx5[0m [1;36m#179[0m [1;31mSELL[0m tension=[1;31m12.19706824[0m hold=[1;36m7[0ms sec=[1;36m7[0m [0m| exit=64756.10000000 [1;32mconf=0.9961[0m [1;36mexit_time=21:19:58[0m [1;31mpnl=-0.04712000 bps=-0.95753044 pct=-0.00957530% total=-1.5265900000000003[0m
[ALPHA_X13_BURST13] [1;36m21:20:01[0m [1;32mx13[0m [1;36m#222[0m SKIP [1;33m| tension_stale age=2369ms>800ms (NUAGE)[0m
[BETA_X5] mode=OFF radar_adj=0 mom= conf=0
[ALPHA_X13_BURST13] mode=OFF radar_adj=0 mom= conf=0
[BETA_X5] [1;36m21:20:09[0m [1;33mx5[0m [1;36m#180[0m SKIP tension=[1;36m0.56175323[0m [0m| wall_not_collapsed
[ALPHA_X13_BURST13] [1;36m21:20:10[0m [1;32mx13[0m [1;36m#223[0m SKIP tension=[1;36m0.00000998[0m [0m| momentum_too_small [1;31mconf=0.0[0m
[BETA_X5] mode=OFF radar_adj=0 mom= conf=0
[ALPHA_X13_BURST13] mode=OFF radar_adj=0 mom= conf=0
[BETA_X5] [1;36m21:20:17[0m [1;33mx5[0m [1;36m#181[0m SKIP tension=[1;36m0.00000998[0m [0m| momentum_too_small [1;31mconf=0.0[0m
[ALPHA_X13_BURST13] [1;36m21:20:19[0m [1;32mx13[0m [1;36m#224[0m SKIP tension=[1;36m0.00000792[0m [0m| momentum_too_small [1;31mconf=0.0[0m
[BETA_X5] mode=OFF radar_adj=0 mom= conf=0
[ALPHA_X13_BURST13] mode=OFF radar_adj=0 mom= conf=0
[BETA_X5] [1;36m21:20:26[0m [1;33mx5[0m [1;36m#182[0m SKIP tension=[1;36m0.00001329[0m [0m| momentum_too_small [1;31mconf=0.0[0m
[ALPHA_X13_BURST13] [1;36m21:20:28[0m [1;32mx13[0m [1;36m#225[0m SKIP tension=[1;36m0.00000000[0m [0m| momentum_too_small [1;31mconf=0.3382[0m
[BETA_X5] mode=OFF radar_adj=0 mom= conf=0
[ALPHA_X13_BURST13] mode=OFF radar_adj=0 mom= conf=0
[ALPHA_X13_BURST13] [1;36m21:20:38[0m [1;32mx13[0m [1;36m#226[0m SKIP [1;33m| tension_stale age=10385ms>800ms (NUAGE)[0m
[BETA_X5] [1;36m21:20:40[0m [1;33mx5[0m [1;36m#183[0m SKIP tension=[1;36m0.00483601[0m [0m| momentum_too_small [1;31mconf=0.008[0m
[ALPHA_X13_BURST13] mode=OFF radar_adj=0 mom= conf=0
[BETA_X5] mode=OFF radar_adj=0 mom= conf=0
[ALPHA_X13_BURST13] [1;36m21:20:47[0m [1;32mx13[0m [1;36m#227[0m SKIP tension=[1;36m0.56191574[0m [0m| wall_not_collapsed
[BETA_X5] [1;36m21:20:50[0m [1;33mx5[0m [1;36m#184[0m SKIP tension=[1;36m0.00000344[0m [0m| momentum_too_small [1;31mconf=0.0[0m
[ALPHA_X13_BURST13] mode=OFF radar_adj=0 mom= conf=0
[BETA_X5] mode=OFF radar_adj=0 mom= conf=0
[ALPHA_X13_BURST13] [1;36m21:20:57[0m [1;32mx13[0m [1;36m#228[0m SKIP tension=[1;36m0.00000123[0m [0m| momentum_too_small [1;31mconf=0.0[0m
[ALPHA_X13_BURST13] mode=OFF radar_adj=0 mom= conf=0
[BETA_X5] [1;36m21:21:01[0m [1;33mx5[0m [1;36m#185[0m SKIP tension=[1;36m0.00001472[0m [0m| momentum_too_small [1;31mconf=0.0[0m
[BETA_X5] mode=OFF radar_adj=0 mom= conf=0
[ALPHA_X13_BURST13] [1;36m21:21:07[0m [1;32mx13[0m [1;36m#229[0m SKIP tension=[1;36m0.27592750[0m [0m| wall_not_collapsed
[BETA_X5] [1;36m21:21:10[0m [1;33mx5[0m [1;36m#186[0m SKIP tension=[1;36m0.56194079[0m [0m| wall_not_collapsed
[ALPHA_X13_BURST13] mode=OFF radar_adj=0 mom= conf=0
[BETA_X5] mode=OFF radar_adj=0 mom= conf=0
[ALPHA_X13_BURST13] [1;36m21:21:17[0m [1;32mx13[0m [1;36m#230[0m SKIP [1;33m| tension_stale age=5972ms>800ms (NUAGE)[0m
[BETA_X5] [1;36m21:21:19[0m [1;33mx5[0m [1;36m#187[0m SKIP tension=[1;36m0.56220774[0m [0m| wall_not_collapsed
[ALPHA_X13_BURST13] mode=OFF radar_adj=0 mom= conf=0
[BETA_X5] mode=OFF radar_adj=0 mom= conf=0
[ALPHA_X13_BURST13] [1;36m21:21:27[0m [1;32mx13[0m [1;36m#231[0m SKIP [1;33m| tension_stale age=6935ms>800ms (NUAGE)[0m
[BETA_X5] [1;36m21:21:29[0m [1;33mx5[0m [1;36m#188[0m SKIP tension=[1;36m0.56203402[0m [0m| wall_not_collapsed
[ALPHA_X13_BURST13] mode=OFF radar_adj=0 mom= conf=0
[BETA_X5] mode=OFF radar_adj=0 mom= conf=0
[ALPHA_X13_BURST13] [1;36m21:21:37[0m [1;32mx13[0m [1;36m#232[0m SKIP tension=[1;36m0.00000000[0m [0m| momentum_too_small [1;31mconf=0.348[0m
[BETA_X5] [1;36m21:21:39[0m [1;33mx5[0m [1;36m#189[0m SKIP tension=[1;36m0.00002331[0m [0m| momentum_too_small [1;31mconf=0.0[0m
[ALPHA_X13_BURST13] mode=OFF radar_adj=0 mom= conf=0
[BETA_X5] mode=OFF radar_adj=0 mom= conf=0
[ALPHA_X13_BURST13] [1;36m21:21:47[0m [1;32mx13[0m [1;36m#233[0m SKIP tension=[1;36m0.00000675[0m [0m| momentum_too_small [1;31mconf=0.0[0m
[BETA_X5] [1;36m21:21:49[0m [1;33mx5[0m [1;36m#190[0m SKIP tension=[1;36m0.00000000[0m [0m| momentum_too_small [1;31mconf=0.348[0m
[ALPHA_X13_BURST13] mode=OFF radar_adj=0 mom= conf=0
[BETA_X5] mode=OFF radar_adj=0 mom= conf=0
[ALPHA_X13_BURST13] [1;36m21:21:57[0m [1;32mx13[0m [1;36m#234[0m SKIP tension=[1;36m0.00000736[0m [0m| momentum_too_small [1;31mconf=0.0[0m
[BETA_X5] [1;36m21:22:00[0m [1;33mx5[0m [1;36m#191[0m SKIP tension=[1;36m0.00001074[0m [0m| momentum_too_small [1;31mconf=0.0[0m
[ALPHA_X13_BURST13] mode=OFF radar_adj=0 mom= conf=0
[BETA_X5] mode=OFF radar_adj=0 mom= conf=0
[ALPHA_X13_BURST13] [1;36m21:22:07[0m [1;32mx13[0m [1;36m#235[0m SKIP tension=[1;36m0.00000000[0m [0m| momentum_too_small [1;31mconf=0.348[0m
[BETA_X5] [1;36m21:22:09[0m [1;33mx5[0m [1;36m#192[0m SKIP tension=[1;36m0.00000000[0m [0m| momentum_too_small [1;31mconf=0.348[0m
[ALPHA_X13_BURST13] mode=OFF radar_adj=0 mom= conf=0
[BETA_X5] mode=OFF radar_adj=0 mom= conf=0
[ALPHA_X13_BURST13] [1;36m21:22:16[0m [1;32mx13[0m [1;36m#236[0m SKIP tension=[1;36m0.00000000[0m [0m| momentum_too_small [1;31mconf=0.348[0m
[BETA_X5] [1;36m21:22:17[0m [1;33mx5[0m [1;36m#193[0m SKIP tension=[1;36m0.00000245[0m [0m| momentum_too_small [1;31mconf=0.0[0m
[ALPHA_X13_BURST13] mode=OFF radar_adj=0 mom= conf=0
[BETA_X5] mode=OFF radar_adj=0 mom= conf=0
[ALPHA_X13_BURST13] [1;36m21:22:26[0m [1;32mx13[0m [1;36m#237[0m SKIP tension=[1;36m0.00000000[0m [0m| momentum_too_small [1;31mconf=0.348[0m
[BETA_X5] [1;36m21:22:26[0m [1;33mx5[0m [1;36m#194[0m SKIP tension=[1;36m0.00000460[0m [0m| momentum_too_small [1;31mconf=0.0[0m
[ALPHA_X13_BURST13] mode=OFF radar_adj=0 mom= conf=0
[BETA_X5] mode=OFF radar_adj=0 mom= conf=0
[ALPHA_X13_BURST13] [1;36m21:22:35[0m [1;32mx13[0m [1;36m#238[0m SKIP tension=[1;36m0.00001308[0m [0m| momentum_too_small [1;31mconf=0.0[0m
[ALPHA_X13_BURST13] mode=OFF radar_adj=0 mom= conf=0
[ALPHA_X13_BURST13] [1;36m21:22:45[0m [1;32mx13[0m [1;36m#239[0m SKIP tension=[1;36m0.29173453[0m [0m| wall_not_collapsed
[ALPHA_X13_BURST13] mode=OFF radar_adj=0 mom= conf=0
[BETA_X5] [1;36mentry=21:22:41@64756.10000000[0m [1;33mx5[0m [1;36m#195[0m [1;33mSELL[0m tension=[1;32m1.68589072[0m hold=[1;36m10[0ms sec=[1;36m10[0m [0m| exit=64756.10000000 [1;32mconf=0.9749[0m [1;36mexit_time=21:22:51[0m [1;33mpnl=-0.00000000 bps=-0.00000000 pct=-0.00000000% total=-1.5265900000000003[0m
[BETA_X5] mode=OFF radar_adj=0 mom= conf=0
[ALPHA_X13_BURST13] [1;36m21:22:57[0m [1;32mx13[0m [1;36m#240[0m SKIP tension=[1;31m12.31874859[0m [0m| duo no_trigger
[ALPHA_X13_BURST13] mode=OFF radar_adj=0 mom= conf=0
[BETA_X5] [1;36m21:23:03[0m [1;33mx5[0m [1;36m#196[0m SKIP tension=[1;36m0.00000000[0m [0m| momentum_too_small [1;31mconf=0.3476[0m
[BETA_X5] mode=OFF radar_adj=0 mom= conf=0
[ALPHA_X13_BURST13] [1;36m21:23:07[0m [1;32mx13[0m [1;36m#241[0m SKIP tension=[1;31m11.10233610[0m [0m| duo no_trigger
[ALPHA_X13_BURST13] mode=OFF radar_adj=0 mom= conf=0
[BETA_X5] [1;36m21:23:13[0m [1;33mx5[0m [1;36m#197[0m SKIP tension=[1;36m0.00000000[0m [0m| momentum_too_small [1;31mconf=0.3422[0m
[BETA_X5] mode=OFF radar_adj=0 mom= conf=0
[ALPHA_X13_BURST13] [1;36m21:23:17[0m [1;32mx13[0m [1;36m#242[0m SKIP tension=[1;36m0.33050067[0m [0m| wall_not_collapsed
[ALPHA_X13_BURST13] mode=OFF radar_adj=0 mom= conf=0
[BETA_X5] [1;36m21:23:21[0m [1;33mx5[0m [1;36m#198[0m SKIP tension=[1;36m0.07816218[0m [0m| direction_unclear [1;31mconf=0.1288[0m
[BETA_X5] mode=OFF radar_adj=0 mom= conf=0
[ALPHA_X13_BURST13] [1;36m21:23:26[0m [1;32mx13[0m [1;36m#243[0m SKIP tension=[1;36m0.00000000[0m [0m| momentum_too_small [1;31mconf=0.3476[0m
[ALPHA_X13_BURST13] mode=OFF radar_adj=0 mom= conf=0
[BETA_X5] [1;36m21:23:30[0m [1;33mx5[0m [1;36m#199[0m SKIP tension=[1;36m0.00000000[0m [0m| momentum_too_small [1;31mconf=0.3476[0m
[BETA_X5] mode=OFF radar_adj=0 mom= conf=0
[ALPHA_X13_BURST13] [1;36m21:23:37[0m [1;32mx13[0m [1;36m#244[0m SKIP tension=[1;32m1.14511792[0m [0m| duo no_trigger
[ALPHA_X13_BURST13] mode=OFF radar_adj=0 mom= conf=0
[ALPHA_X13_BURST13] [1;36m21:23:47[0m [1;32mx13[0m [1;36m#245[0m SKIP tension=[1;36m0.56234095[0m [0m| wall_not_collapsed
[ALPHA_X13_BURST13] mode=OFF radar_adj=0 mom= conf=0
[ALPHA_X13_BURST13] [1;36m21:23:58[0m [1;32mx13[0m [1;36m#246[0m SKIP tension=[1;36m0.07392115[0m [0m| direction_unclear [1;31mconf=0.1218[0m
[BETA_X5] [1;36mentry=21:23:45@64749.80000000[0m [1;33mx5[0m [1;36m#200[0m [1;33mSELL[0m tension=[1;32m1.13295709[0m hold=[1;36m12[0ms sec=[1;36m12[0m [0m| exit=64749.80000000 [1;32mconf=0.9672[0m [1;36mexit_time=21:23:58[0m [1;33mpnl=-0.00000000 bps=-0.00000000 pct=-0.00000000% total=-1.5265900000000003[0m
[ALPHA_X13_BURST13] mode=OFF radar_adj=0 mom= conf=0
[BETA_X5] mode=OFF radar_adj=0 mom= conf=0
[ALPHA_X13_BURST13] [1;36m21:24:08[0m [1;32mx13[0m [1;36m#247[0m SKIP tension=[1;36m0.56238738[0m [0m| wall_not_collapsed
[ALPHA_X13_BURST13] mode=OFF radar_adj=0 mom= conf=0
[ALPHA_X13_BURST13] [1;36m21:24:17[0m [1;32mx13[0m [1;36m#248[0m SKIP tension=[1;36m0.00000000[0m [0m| momentum_too_small [1;31mconf=0.3362[0m
[ALPHA_X13_BURST13] mode=OFF radar_adj=0 mom= conf=0
[ALPHA_X13_BURST13] [1;36m21:24:27[0m [1;32mx13[0m [1;36m#249[0m SKIP tension=[1;36m0.00000000[0m [0m| momentum_too_small [1;31mconf=0.3476[0m
[BETA_X5] [1;36mentry=21:24:13@64750.10000000[0m [1;33mx5[0m [1;36m#201[0m [1;32mSELL[0m tension=[1;32m1.21354930[0m hold=[1;36m13[0ms sec=[1;36m13[0m [0m| exit=64749.80000000 [1;32mconf=0.9566[0m [1;36mexit_time=21:24:26[0m [1;32mpnl=0.00228000 bps=0.04633197 pct=0.00046332% total=-1.5243100000000003[0m
[ALPHA_X13_BURST13] mode=OFF radar_adj=0 mom= conf=0
[BETA_X5] mode=OFF radar_adj=0 mom= conf=0
[ALPHA_X13_BURST13] [1;36m21:24:37[0m [1;32mx13[0m [1;36m#250[0m SKIP tension=[1;31m12.21641607[0m [0m| duo no_trigger
[ALPHA_X13_BURST13] mode=OFF radar_adj=0 mom= conf=0
[ALPHA_X13_BURST13] [1;36m21:24:47[0m [1;32mx13[0m [1;36m#251[0m SKIP tension=[1;36m0.00022092[0m [0m| momentum_too_small [1;31mconf=0.0004[0m
[BETA_X5] [1;36mCycle 202[0m [1;32mSOFT anomaly[0m [1;33m| pnl_abs=0.09702000 > 0.02500000[0m
[BETA_X5] [1;36mentry=21:24:42@64756.10000000[0m [1;33mx5[0m [1;36m#202[0m [1;32mSELL[0m tension=[1;31m12.21641607[0m hold=[1;36m7[0ms sec=[1;36m7[0m [0m| exit=64749.80000000 [1;32mconf=0.9855[0m [1;36mexit_time=21:24:49[0m [1;32mpnl=0.09702000 bps=0.97288132 pct=0.00972881% total=-1.4272900000000002[0m
[ALPHA_X13_BURST13] mode=OFF radar_adj=0 mom= conf=0
[BETA_X5] mode=OFF radar_adj=0 mom= conf=0
[ALPHA_X13_BURST13] [1;36m21:25:00[0m [1;32mx13[0m [1;36m#252[0m SKIP tension=[1;31m12.50094077[0m [0m| duo no_trigger
[ALPHA_X13_BURST13] mode=OFF radar_adj=0 mom= conf=0
[ALPHA_X13_BURST13] [1;36m21:25:09[0m [1;32mx13[0m [1;36m#253[0m SKIP tension=[1;36m0.00000857[0m [0m| momentum_too_small [1;31mconf=0.0[0m
[ALPHA_X13_BURST13] mode=OFF radar_adj=0 mom= conf=0
[BETA_X5] [1;36mCycle 203[0m [1;32mSOFT anomaly[0m [1;33m| pnl_abs=0.04788000 > 0.02500000[0m
[BETA_X5] [1;36mentry=21:25:06@64756.10000000[0m [1;33mx5[0m [1;36m#203[0m [1;32mSELL[0m tension=[1;32m1.37962272[0m hold=[1;36m7[0ms sec=[1;36m7[0m [0m| exit=64749.80000000 [1;32mconf=0.9826[0m [1;36mexit_time=21:25:14[0m [1;32mpnl=0.04788000 bps=0.97288132 pct=0.00972881% total=-1.3794100000000002[0m
[BETA_X5] mode=OFF radar_adj=0 mom= conf=0
[ALPHA_X13_BURST13] [1;36m21:25:19[0m [1;32mx13[0m [1;36m#254[0m SKIP tension=[1;36m0.00321730[0m [0m| momentum_too_small [1;31mconf=0.0053[0m
[ALPHA_X13_BURST13] mode=OFF radar_adj=0 mom= conf=0
[BETA_X5] [1;36m21:25:24[0m [1;33mx5[0m [1;36m#204[0m SKIP tension=[1;36m0.00002516[0m [0m| momentum_too_small [1;31mconf=0.0[0m
[BETA_X5] mode=OFF radar_adj=0 mom= conf=0
[ALPHA_X13_BURST13] [1;36m21:25:28[0m [1;32mx13[0m [1;36m#255[0m SKIP tension=[1;36m0.00001675[0m [0m| momentum_too_small [1;31mconf=0.0[0m
[ALPHA_X13_BURST13] mode=OFF radar_adj=0 mom= conf=0
[BETA_X5] [1;36m21:25:34[0m [1;33mx5[0m [1;36m#205[0m SKIP tension=[1;36m0.00021548[0m [0m| momentum_too_small [1;31mconf=0.0004[0m
[BETA_X5] mode=OFF radar_adj=0 mom= conf=0
[ALPHA_X13_BURST13] [1;36m21:25:38[0m [1;32mx13[0m [1;36m#256[0m SKIP tension=[1;31m12.52483125[0m [0m| duo no_trigger
[ALPHA_X13_BURST13] mode=OFF radar_adj=0 mom= conf=0
[BETA_X5] [1;36m21:25:43[0m [1;33mx5[0m [1;36m#206[0m SKIP tension=[1;36m0.00000000[0m [0m| momentum_too_small [1;31mconf=0.3497[0m
[BETA_X5] mode=OFF radar_adj=0 mom= conf=0
[ALPHA_X13_BURST13] [1;36m21:25:48[0m [1;32mx13[0m [1;36m#257[0m SKIP tension=[1;36m0.00002703[0m [0m| momentum_too_small [1;31mconf=0.0[0m
[ALPHA_X13_BURST13] mode=OFF radar_adj=0 mom= conf=0
[BETA_X5] [1;36m21:25:52[0m [1;33mx5[0m [1;36m#207[0m SKIP tension=[1;36m0.00004830[0m [0m| momentum_too_small [1;31mconf=0.0001[0m
[BETA_X5] mode=OFF radar_adj=0 mom= conf=0
[ALPHA_X13_BURST13] [1;36m21:25:59[0m [1;32mx13[0m [1;36m#258[0m SKIP tension=[1;36m0.00003886[0m [0m| momentum_too_small [1;31mconf=0.0001[0m
[BETA_X5] [1;36m21:26:01[0m [1;33mx5[0m [1;36m#208[0m SKIP tension=[1;36m0.00001690[0m [0m| momentum_too_small [1;31mconf=0.0[0m
[ALPHA_X13_BURST13] mode=OFF radar_adj=0 mom= conf=0
[BETA_X5] mode=OFF radar_adj=0 mom= conf=0
[ALPHA_X13_BURST13] [1;36m21:26:10[0m [1;32mx13[0m [1;36m#259[0m SKIP tension=[1;36m0.00010645[0m [0m| momentum_too_small [1;31mconf=0.0002[0m
[BETA_X5] [1;36m21:26:12[0m [1;33mx5[0m [1;36m#209[0m SKIP tension=[1;36m0.00005914[0m [0m| momentum_too_small [1;31mconf=0.0001[0m
[ALPHA_X13_BURST13] mode=OFF radar_adj=0 mom= conf=0
[BETA_X5] mode=OFF radar_adj=0 mom= conf=0
[ALPHA_X13_BURST13] [1;36m21:26:19[0m [1;32mx13[0m [1;36m#260[0m SKIP tension=[1;36m0.00170424[0m [0m| momentum_too_small [1;31mconf=0.0028[0m
[BETA_X5] [1;36m21:26:21[0m [1;33mx5[0m [1;36m#210[0m SKIP tension=[1;36m0.00007947[0m [0m| momentum_too_small [1;31mconf=0.0001[0m
[ALPHA_X13_BURST13] mode=OFF radar_adj=0 mom= conf=0
[BETA_X5] mode=OFF radar_adj=0 mom= conf=0
[ALPHA_X13_BURST13] [1;36m21:26:29[0m [1;32mx13[0m [1;36m#261[0m SKIP tension=[1;36m0.00002367[0m [0m| momentum_too_small [1;31mconf=0.0[0m
[BETA_X5] [1;36m21:26:29[0m [1;33mx5[0m [1;36m#211[0m SKIP tension=[1;36m0.00004904[0m [0m| momentum_too_small [1;31mconf=0.0001[0m
[ALPHA_X13_BURST13] mode=OFF radar_adj=0 mom= conf=0
[BETA_X5] mode=OFF radar_adj=0 mom= conf=0
[ALPHA_X13_BURST13] [1;36m21:26:38[0m [1;32mx13[0m [1;36m#262[0m SKIP tension=[1;36m0.00001860[0m [0m| momentum_too_small [1;31mconf=0.0[0m
[BETA_X5] [1;36m21:26:38[0m [1;33mx5[0m [1;36m#212[0m SKIP tension=[1;36m0.00000000[0m [0m| momentum_too_small [1;31mconf=0.3493[0m
[ALPHA_X13_BURST13] mode=OFF radar_adj=0 mom= conf=0
[BETA_X5] mode=OFF radar_adj=0 mom= conf=0
[ALPHA_X13_BURST13] [1;36m21:26:48[0m [1;32mx13[0m [1;36m#263[0m SKIP tension=[1;36m0.00002706[0m [0m| momentum_too_small [1;31mconf=0.0[0m
[ALPHA_X13_BURST13] mode=OFF radar_adj=0 mom= conf=0
[ALPHA_X13_BURST13] [1;36m21:26:57[0m [1;32mx13[0m [1;36m#264[0m SKIP tension=[1;36m0.00005242[0m [0m| momentum_too_small [1;31mconf=0.0001[0m
[ALPHA_X13_BURST13] mode=OFF radar_adj=0 mom= conf=0
[BETA_X5] [1;36mentry=21:26:52@64749.80000000[0m [1;33mx5[0m [1;36m#213[0m [1;33mSELL[0m tension=[1;31m12.24237030[0m hold=[1;36m7[0ms sec=[1;36m7[0m [0m| exit=64749.80000000 [1;32mconf=0.9981[0m [1;36mexit_time=21:26:59[0m [1;33mpnl=-0.00000000 bps=-0.00000000 pct=-0.00000000% total=-1.3794100000000002[0m
[BETA_X5] mode=OFF radar_adj=0 mom= conf=0
[ALPHA_X13_BURST13] [1;36m21:27:07[0m [1;32mx13[0m [1;36m#265[0m SKIP tension=[1;36m0.00145602[0m [0m| momentum_too_small [1;31mconf=0.0024[0m
[BETA_X5] [1;36m21:27:14[0m [1;33mx5[0m [1;36m#214[0m SKIP tension=[1;36m0.00006427[0m [0m| momentum_too_small [1;31mconf=0.0001[0m
[ALPHA_X13_BURST13] mode=OFF radar_adj=0 mom= conf=0
[BETA_X5] mode=OFF radar_adj=0 mom= conf=0
[ALPHA_X13_BURST13] [1;36m21:27:21[0m [1;32mx13[0m [1;36m#266[0m SKIP tension=[1;36m0.00006452[0m [0m| momentum_too_small [1;31mconf=0.0001[0m
[ALPHA_X13_BURST13] mode=OFF radar_adj=0 mom= conf=0
[ALPHA_X13_BURST13] [1;36m21:27:30[0m [1;32mx13[0m [1;36m#267[0m SKIP tension=[1;36m0.00000518[0m [0m| momentum_too_small [1;31mconf=0.0[0m
[ALPHA_X13_BURST13] mode=OFF radar_adj=0 mom= conf=0
[BETA_X5] shockwave beta->alpha until_cycle=225
[BETA_X5] [1;33mSWARM shockwave[0m [0m| beta -> neighbor (fluid_exit_inversion)[0m
[BETA_X5] [1;36mentry=21:27:27@64749.80000000[0m [1;33mx5[0m [1;36m#215[0m [1;31mSELL[0m tension=[1;31m12.25256504[0m hold=[1;36m8[0ms sec=[1;36m8[0m [0m| exit=64751.70000000 [1;32mconf=0.9981[0m [1;36mexit_time=21:27:35[0m [1;31mpnl=-0.01444000 bps=-0.29343720 pct=-0.00293437% total=-1.3938500000000003[0m
[ALPHA_X13_BURST13] [1;36m21:27:39[0m [1;32mx13[0m [1;36m#268[0m SKIP tension=[1;36m0.00001816[0m [0m| momentum_too_small [1;31mconf=0.0[0m
[BETA_X5] mode=OFF radar_adj=0 mom= conf=0
[ALPHA_X13_BURST13] mode=OFF radar_adj=0 mom= conf=0
[BETA_X5] [1;36m21:27:45[0m [1;33mx5[0m [1;36m#216[0m SKIP tension=[1;36m0.00000000[0m [0m| momentum_too_small [1;31mconf=0.3466[0m
[BETA_X5] mode=OFF radar_adj=0 mom= conf=0
[ALPHA_X13_BURST13] [1;36m21:27:49[0m [1;32mx13[0m [1;36m#269[0m SKIP tension=[1;36m0.00000770[0m [0m| momentum_too_small [1;31mconf=0.0[0m
[ALPHA_X13_BURST13] mode=OFF radar_adj=0 mom= conf=0
[BETA_X5] [1;36m21:27:54[0m [1;33mx5[0m [1;36m#217[0m SKIP tension=[1;36m0.00000000[0m [0m| momentum_too_small [1;31mconf=0.3466[0m
[BETA_X5] mode=OFF radar_adj=0 mom= conf=0
[ALPHA_X13_BURST13] [1;36m21:27:58[0m [1;32mx13[0m [1;36m#270[0m SKIP [1;33m| tension_stale age=2218ms>800ms (NUAGE)[0m
[ALPHA_X13_BURST13] mode=OFF radar_adj=0 mom= conf=0
[BETA_X5] [1;36m21:28:03[0m [1;33mx5[0m [1;36m#218[0m SKIP tension=[1;36m0.00000000[0m [0m| momentum_too_small [1;31mconf=0.3287[0m
[BETA_X5] mode=OFF radar_adj=0 mom= conf=0
[ALPHA_X13_BURST13] [1;36m21:28:08[0m [1;32mx13[0m [1;36m#271[0m SKIP tension=[1;36m0.00000308[0m [0m| momentum_too_small [1;31mconf=0.0[0m
[ALPHA_X13_BURST13] mode=OFF radar_adj=0 mom= conf=0
[BETA_X5] [1;36m21:28:12[0m [1;33mx5[0m [1;36m#219[0m SKIP tension=[1;36m0.00010373[0m [0m| momentum_too_small [1;31mconf=0.0002[0m
[BETA_X5] mode=OFF radar_adj=0 mom= conf=0
[ALPHA_X13_BURST13] [1;36m21:28:23[0m [1;32mx13[0m [1;36m#272[0m SKIP tension=[1;36m0.00011154[0m [0m| momentum_too_small [1;31mconf=0.0002[0m
[ALPHA_X13_BURST13] mode=OFF radar_adj=0 mom= conf=0
[ALPHA_X13_BURST13] [1;36m21:28:32[0m [1;32mx13[0m [1;36m#273[0m SKIP tension=[1;36m0.00007304[0m [0m| momentum_too_small [1;31mconf=0.0001[0m
[ALPHA_X13_BURST13] mode=OFF radar_adj=0 mom= conf=0
[BETA_X5] [1;36mentry=21:28:27@64749.80000000[0m [1;33mx5[0m [1;36m#220[0m [1;33mSELL[0m tension=[1;32m1.68584402[0m hold=[1;36m7[0ms sec=[1;36m7[0m [0m| exit=64749.80000000 [1;32mconf=0.999[0m [1;36mexit_time=21:28:34[0m [1;33mpnl=-0.00000000 bps=-0.00000000 pct=-0.00000000% total=-1.3938500000000003[0m
[BETA_X5] mode=OFF radar_adj=0 mom= conf=0
[ALPHA_X13_BURST13] [1;36m21:28:41[0m [1;32mx13[0m [1;36m#274[0m SKIP tension=[1;36m0.00000000[0m [0m| momentum_too_small [1;31mconf=0.3291[0m
[ALPHA_X13_BURST13] mode=OFF radar_adj=0 mom= conf=0
[BETA_X5] [1;36m21:28:45[0m [1;33mx5[0m [1;36m#221[0m SKIP tension=[1;36m0.29232586[0m [0m| wall_not_collapsed
[BETA_X5] mode=OFF radar_adj=0 mom= conf=0
[ALPHA_X13_BURST13] [1;36m21:28:51[0m [1;32mx13[0m [1;36m#275[0m SKIP tension=[1;36m0.00001139[0m [0m| momentum_too_small [1;31mconf=0.0[0m
[ALPHA_X13_BURST13] mode=OFF radar_adj=0 mom= conf=0
[ALPHA_X13_BURST13] [1;36m21:29:00[0m [1;32mx13[0m [1;36m#276[0m SKIP tension=[1;36m0.00004631[0m [0m| momentum_too_small [1;31mconf=0.0001[0m
[ALPHA_X13_BURST13] mode=OFF radar_adj=0 mom= conf=0
[BETA_X5] [1;36mentry=21:28:58@64750.80000000[0m [1;33mx5[0m [1;36m#222[0m [1;32mSELL[0m tension=[1;32m1.68553290[0m hold=[1;36m6[0ms sec=[1;36m6[0m [0m| exit=64749.80000000 [1;32mconf=0.9817[0m [1;36mexit_time=21:29:05[0m [1;32mpnl=0.01540000 bps=0.15443825 pct=0.00154438% total=-1.3784500000000002[0m
[BETA_X5] mode=OFF radar_adj=0 mom= conf=0
[ALPHA_X13_BURST13] [1;36m21:29:11[0m [1;32mx13[0m [1;36m#277[0m SKIP tension=[1;36m0.00006244[0m [0m| momentum_too_small [1;31mconf=0.0001[0m
[ALPHA_X13_BURST13] mode=OFF radar_adj=0 mom= conf=0
[BETA_X5] [1;36m21:29:16[0m [1;33mx5[0m [1;36m#223[0m SKIP tension=[1;36m0.00000899[0m [0m| momentum_too_small [1;31mconf=0.0[0m
[BETA_X5] mode=OFF radar_adj=0 mom= conf=0
[ALPHA_X13_BURST13] [1;36m21:29:20[0m [1;32mx13[0m [1;36m#278[0m SKIP tension=[1;36m0.00000795[0m [0m| momentum_too_small [1;31mconf=0.0[0m
[ALPHA_X13_BURST13] mode=OFF radar_adj=0 mom= conf=0
[BETA_X5] [1;36m21:29:25[0m [1;33mx5[0m [1;36m#224[0m SKIP tension=[1;36m0.00001970[0m [0m| momentum_too_small [1;31mconf=0.0[0m
[BETA_X5] mode=OFF radar_adj=0 mom= conf=0
[ALPHA_X13_BURST13] [1;36m21:29:30[0m [1;32mx13[0m [1;36m#279[0m SKIP tension=[1;36m0.00002212[0m [0m| momentum_too_small [1;31mconf=0.0[0m
[ALPHA_X13_BURST13] mode=OFF radar_adj=0 mom= conf=0
[BETA_X5] [1;36m21:29:34[0m [1;33mx5[0m [1;36m#225[0m SKIP tension=[1;36m0.00001590[0m [0m| momentum_too_small [1;31mconf=0.0[0m
[BETA_X5] mode=OFF radar_adj=0 mom= conf=0
[ALPHA_X13_BURST13] [1;36m21:29:39[0m [1;32mx13[0m [1;36m#280[0m SKIP tension=[1;36m0.00001382[0m [0m| momentum_too_small [1;31mconf=0.0[0m
[ALPHA_X13_BURST13] mode=OFF radar_adj=0 mom= conf=0
[ALPHA_X13_BURST13] [1;36m21:29:49[0m [1;32mx13[0m [1;36m#281[0m SKIP tension=[1;36m0.29235574[0m [0m| wall_not_collapsed
[BETA_X5] [1;36m21:29:49[0m [1;33mx5[0m [1;36m#226[0m SKIP tension=[1;36m0.00001486[0m [0m| momentum_too_small [1;31mconf=0.0[0m
[BETA_X5] mode=OFF radar_adj=0 mom= conf=0
[ALPHA_X13_BURST13] mode=OFF radar_adj=0 mom= conf=0
[BETA_X5] [1;36m21:30:03[0m [1;33mx5[0m [1;36m#227[0m SKIP tension=[1;36m0.00013357[0m [0m| momentum_too_small [1;31mconf=0.0002[0m
[ALPHA_X13_BURST13] [1;36m21:30:03[0m [1;32mx13[0m [1;36m#282[0m SKIP tension=[1;36m0.00000462[0m [0m| momentum_too_small [1;31mconf=0.0[0m
[ALPHA_X13_BURST13] mode=OFF radar_adj=0 mom= conf=0
[BETA_X5] mode=OFF radar_adj=0 mom= conf=0
[ALPHA_X13_BURST13] [1;36m21:30:22[0m [1;32mx13[0m [1;36m#283[0m SKIP tension=[1;32m1.68576867[0m [0m| duo no_trigger
[ALPHA_X13_BURST13] mode=OFF radar_adj=0 mom= conf=0
[ALPHA_X13_BURST13] [1;36m21:30:52[0m [1;32mx13[0m [1;36m#284[0m SKIP tension=[1;36m0.60907049[0m [0m| wall_not_collapsed
[ALPHA_X13_BURST13] mode=OFF radar_adj=0 mom= conf=0
[BETA_X5] [1;36mentry=21:30:49@64749.80000000[0m [1;33mx5[0m [1;36m#228[0m [1;33mSELL[0m tension=[1;31m12.59662948[0m hold=[1;36m13[0ms sec=[1;36m13[0m [0m| exit=64749.80000000 [1;32mconf=0.9392[0m [1;36mexit_time=21:31:02[0m [1;33mpnl=-0.00000000 bps=-0.00000000 pct=-0.00000000% total=-1.3784500000000002[0m
[BETA_X5] mode=OFF radar_adj=0 mom= conf=0
[ALPHA_X13_BURST13] [1;36m21:31:10[0m [1;32mx13[0m [1;36m#285[0m SKIP tension=[1;36m0.00001878[0m [0m| momentum_too_small [1;31mconf=0.0[0m
[ALPHA_X13_BURST13] mode=OFF radar_adj=0 mom= conf=0
[BETA_X5] [1;36m21:31:20[0m [1;33mx5[0m [1;36m#229[0m SKIP tension=[1;36m0.00005728[0m [0m| momentum_too_small [1;31mconf=0.0001[0m
[ALPHA_X13_BURST13] [1;36m21:31:26[0m [1;32mx13[0m [1;36m#286[0m SKIP tension=[1;32m1.68651107[0m [0m| duo no_trigger
[BETA_X5] mode=OFF radar_adj=0 mom= conf=0
[ALPHA_X13_BURST13] mode=OFF radar_adj=0 mom= conf=0
[BETA_X5] [1;36m21:31:34[0m [1;33mx5[0m [1;36m#230[0m SKIP tension=[1;36m0.60981397[0m [0m| wall_not_collapsed
[BETA_X5] mode=OFF radar_adj=0 mom= conf=0
[ALPHA_X13_BURST13] [1;36m21:31:41[0m [1;32mx13[0m [1;36m#287[0m SKIP tension=[1;36m0.00000000[0m [0m| momentum_too_small [1;31mconf=0.348[0m
[ALPHA_X13_BURST13] mode=OFF radar_adj=0 mom= conf=0
[BETA_X5] [1;36m21:31:51[0m [1;33mx5[0m [1;36m#231[0m SKIP tension=[1;36m0.00000000[0m [0m| momentum_too_small [1;31mconf=0.3463[0m
[BETA_X5] mode=OFF radar_adj=0 mom= conf=0
[ALPHA_X13_BURST13] [1;36m21:32:00[0m [1;32mx13[0m [1;36m#288[0m SKIP tension=[1;36m0.00000277[0m [0m| momentum_too_small [1;31mconf=0.0[0m
[BETA_X5] [1;36m21:32:08[0m [1;33mx5[0m [1;36m#232[0m SKIP tension=[1;36m0.00001694[0m [0m| momentum_too_small [1;31mconf=0.0[0m
[ALPHA_X13_BURST13] mode=OFF radar_adj=0 mom= conf=0
[BETA_X5] mode=OFF radar_adj=0 mom= conf=0
[ALPHA_X13_BURST13] [1;36m21:32:20[0m [1;32mx13[0m [1;36m#289[0m SKIP tension=[1;33m0.92745988[0m [0m| wall_not_collapsed
[ALPHA_X13_BURST13] mode=OFF radar_adj=0 mom= conf=0
[ALPHA_X13_BURST13] [1;36m21:32:38[0m [1;32mx13[0m [1;36m#290[0m SKIP tension=[1;36m0.00000308[0m [0m| momentum_too_small [1;31mconf=0.0[0m
[ALPHA_X13_BURST13] mode=OFF radar_adj=0 mom= conf=0
[BETA_X5] [1;36mCycle 233[0m [1;32mSOFT anomaly[0m [1;33m| pnl_abs=0.09702000 > 0.02500000[0m
[BETA_X5] [1;36mentry=21:32:32@64756.10000000[0m [1;33mx5[0m [1;36m#233[0m [1;32mSELL[0m tension=[1;32m1.68752447[0m hold=[1;36m10[0ms sec=[1;36m10[0m [0m| exit=64749.80000000 [1;32mconf=0.9614[0m [1;36mexit_time=21:32:42[0m [1;32mpnl=0.09702000 bps=0.97288132 pct=0.00972881% total=-1.2814300000000003[0m
[BETA_X5] mode=OFF radar_adj=0 mom= conf=0
[ALPHA_X13_BURST13] [1;36m21:32:55[0m [1;32mx13[0m [1;36m#291[0m SKIP tension=[1;36m0.33120249[0m [0m| wall_not_collapsed
[ALPHA_X13_BURST13] mode=OFF radar_adj=0 mom= conf=0
[BETA_X5] [1;36m21:33:13[0m [1;33mx5[0m [1;36m#234[0m SKIP tension=[1;36m0.33137649[0m [0m| wall_not_collapsed
[ALPHA_X13_BURST13] [1;36m21:33:18[0m [1;32mx13[0m [1;36m#292[0m SKIP tension=[1;36m0.00007890[0m [0m| momentum_too_small [1;31mconf=0.0001[0m
[BETA_X5] mode=OFF radar_adj=0 mom= conf=0
[ALPHA_X13_BURST13] mode=OFF radar_adj=0 mom= conf=0
[BETA_X5] [1;36m21:33:31[0m [1;33mx5[0m [1;36m#235[0m SKIP tension=[1;36m0.56372432[0m [0m| wall_not_collapsed
[ALPHA_X13_BURST13] [1;36m21:33:32[0m [1;32mx13[0m [1;36m#293[0m SKIP tension=[1;36m0.56372432[0m [0m| wall_not_collapsed
[BETA_X5] mode=OFF radar_adj=0 mom= conf=0
[ALPHA_X13_BURST13] mode=OFF radar_adj=0 mom= conf=0
[BETA_X5] [1;36m21:33:45[0m [1;33mx5[0m [1;36m#236[0m SKIP tension=[1;36m0.56370822[0m [0m| wall_not_collapsed
[BETA_X5] mode=OFF radar_adj=0 mom= conf=0
[ALPHA_X13_BURST13] [1;36m21:33:53[0m [1;32mx13[0m [1;36m#294[0m SKIP tension=[1;36m0.00001246[0m [0m| momentum_too_small [1;31mconf=0.0[0m
[ALPHA_X13_BURST13] mode=OFF radar_adj=0 mom= conf=0
[BETA_X5] [1;36m21:34:04[0m [1;33mx5[0m [1;36m#237[0m SKIP tension=[1;36m0.00000000[0m [0m| momentum_too_small [1;31mconf=0.3476[0m
[BETA_X5] mode=OFF radar_adj=0 mom= conf=0
[ALPHA_X13_BURST13] [1;36m21:34:11[0m [1;32mx13[0m [1;36m#295[0m SKIP tension=[1;36m0.00001233[0m [0m| momentum_too_small [1;31mconf=0.0[0m
[ALPHA_X13_BURST13] mode=OFF radar_adj=0 mom= conf=0
[BETA_X5] [1;36m21:34:21[0m [1;33mx5[0m [1;36m#238[0m SKIP tension=[1;36m0.00002404[0m [0m| momentum_too_small [1;31mconf=0.0[0m
[BETA_X5] mode=OFF radar_adj=0 mom= conf=0
[ALPHA_X13_BURST13] [1;36m21:34:27[0m [1;32mx13[0m [1;36m#296[0m SKIP tension=[1;36m0.00000586[0m [0m| momentum_too_small [1;31mconf=0.0[0m
[BETA_X5] [1;33mNET_RETRY[0m [0m| attempt=1/3 rc=28[0m
[ALPHA_X13_BURST13] [1;33mNET_RETRY[0m [0m| attempt=1/3 rc=28[0m
[BETA_X5] [1;33mNET_RETRY[0m [0m| attempt=2/3 rc=28[0m
[ALPHA_X13_BURST13] [1;33mNET_RETRY[0m [0m| attempt=2/3 rc=28[0m
[ALPHA_X13_BURST13] mode=OFF radar_adj=0 mom= conf=0
[BETA_X5] [1;36m21:35:36[0m [1;33mx5[0m [1;36m#239[0m SKIP tension=[1;36m0.29259713[0m [0m| wall_not_collapsed
[BETA_X5] mode=OFF radar_adj=0 mom= conf=0
[ALPHA_X13_BURST13] [1;36m21:35:57[0m [1;32mx13[0m [1;36m#297[0m SKIP tension=[1;36m0.00018891[0m [0m| momentum_too_small [1;31mconf=0.0003[0m
[ALPHA_X13_BURST13] mode=OFF radar_adj=0 mom= conf=0
[BETA_X5] [1;36m21:36:15[0m [1;33mx5[0m [1;36m#240[0m SKIP tension=[1;36m0.00005239[0m [0m| momentum_too_small [1;31mconf=0.0001[0m
[ALPHA_X13_BURST13] [1;36m21:36:16[0m [1;32mx13[0m [1;36m#298[0m SKIP tension=[1;36m0.00004007[0m [0m| momentum_too_small [1;31mconf=0.0001[0m
[BETA_X5] mode=OFF radar_adj=0 mom= conf=0
[ALPHA_X13_BURST13] mode=OFF radar_adj=0 mom= conf=0
[BETA_X5] [1;36m21:36:35[0m [1;33mx5[0m [1;36m#241[0m SKIP tension=[1;36m0.00001265[0m [0m| momentum_too_small [1;31mconf=0.0[0m
[ALPHA_X13_BURST13] [1;36m21:36:36[0m [1;32mx13[0m [1;36m#299[0m SKIP tension=[1;36m0.00001265[0m [0m| momentum_too_small [1;31mconf=0.0[0m
[BETA_X5] [1;31mSTOP file detected (STOP_BETA). Stopping safely at cycle 242.[0m
[BETA_X5] [1;32mDone.[0m
[BETA_X5] [1;36mLog: runs/NUAGE_SETUP_AVANT_BETA_X5.csv[0m
[BETA_X5] [1;32mSuccessful order-cycles: 48[0m
[BETA_X5] [1;32mDernier cycle #242:[0m [1;32mpnl=0.09702000 bps=0.97288132 pct=0.00972881%[0m
[BETA_X5] PROCESS_DIE | ts=2026-07-30T21:36:37Z role=SCOUT stop=STOP_BETA ec=0 last_cmd=echo "${C_G}Dernier cycle #${i:-0}:${C_N} ${last_col}pnl=${pnl_usdt:-0} bps=${bps:-0} pct=${pct:-0}%${C_N}" line=2489
2026-07-30T21:36:37Z PROCESS_EXIT unit=BETA_X5 wrapper=43350 genesis=43357 how=exit0 why=clean_end_or_self_exit_0 rc=0
[ALPHA_X13_BURST13] [1;31mSTOP file detected (STOP_ALPHA). Stopping safely at cycle 300.[0m
[ALPHA_X13_BURST13] [1;32mDone.[0m
[ALPHA_X13_BURST13] [1;36mLog: runs/NUAGE_SETUP_AVANT_ALPHA_X13_BURST13.csv[0m
[ALPHA_X13_BURST13] [1;32mSuccessful order-cycles: 2[0m
[ALPHA_X13_BURST13] [1;32mDernier cycle #300:[0m [1;33mpnl=0.00000000 bps=0.00000000 pct=0.00000000%[0m
[ALPHA_X13_BURST13] PROCESS_DIE | ts=2026-07-30T21:36:37Z role=HUNTER stop=STOP_ALPHA ec=0 last_cmd=echo "${C_G}Dernier cycle #${i:-0}:${C_N} ${last_col}pnl=${pnl_usdt:-0} bps=${bps:-0} pct=${pct:-0}%${C_N}" line=2489
2026-07-30T21:36:37Z PROCESS_EXIT unit=ALPHA_X13_BURST13 wrapper=43471 genesis=43476 how=exit0 why=clean_end_or_self_exit_0 rc=0
[BETA_X5] [1;36m--- ACE777 STRICT CLONE FUTURES TESTNET ---[0m
[BETA_X5] [1;32mV8 Resonance ON:[0m [1;36mimpulse_thr=0.96 dt_ms=64 aspiration=1.618@37.8deg void_lock=TRUE shock_exit=TRUE[0m
[BETA_X5] [1;32mV8 Tension ON:[0m [1;36mwall_drop=6.5% dt_ms=64 filter=0.85 depth=20[0m
[BETA_X5] [1;36mSymbol=BTCUSDT[0m [1;32mLeverage=5[0m [1;36mBuyUSDT=200 Orders=TRUE[0m
[ALPHA_X13_BURST13] [1;36m--- ACE777 STRICT CLONE FUTURES TESTNET ---[0m
[ALPHA_X13_BURST13] [1;36mLeverage ramp ON:[0m [1;36mstart=13 end=13 cycles=180[0m
[ALPHA_X13_BURST13] [1;32mV8 Resonance ON:[0m [1;36mimpulse_thr=0.96 dt_ms=64 aspiration=1.618@37.8deg void_lock=TRUE shock_exit=TRUE[0m
[ALPHA_X13_BURST13] [1;32mV8 Tension ON:[0m [1;36mwall_drop=6.5% dt_ms=64 filter=0.85 depth=20[0m
[ALPHA_X13_BURST13] [1;36mSymbol=BTCUSDT[0m [1;32mLeverage=13[0m [1;36mBuyUSDT=800 Orders=TRUE[0m
[BETA_X5] mode=OFF radar_adj=0 mom= conf=0
[ALPHA_X13_BURST13] mode=OFF radar_adj=0 mom= conf=0
[BETA_X5] [1;36m22:13:30[0m [1;33mx5[0m [1;36m#1[0m SKIP tension=[1;36m0.00002780[0m [0m| momentum_too_small [1;31mconf=0.0[0m
[ALPHA_X13_BURST13] [1;36m22:13:32[0m [1;32mx13[0m [1;36m#1[0m SKIP tension=[1;36m0.00005560[0m [0m| momentum_too_small [1;31mconf=0.0001[0m
[BETA_X5] mode=OFF radar_adj=0 mom= conf=0
[ALPHA_X13_BURST13] mode=OFF radar_adj=0 mom= conf=0
[BETA_X5] [1;36m22:13:38[0m [1;33mx5[0m [1;36m#2[0m SKIP tension=[1;36m0.00025073[0m [0m| momentum_too_small [1;31mconf=0.0004[0m
[BETA_X5] mode=OFF radar_adj=0 mom= conf=0
[ALPHA_X13_BURST13] [1;36m22:13:41[0m [1;32mx13[0m [1;36m#2[0m SKIP tension=[1;36m0.00004170[0m [0m| momentum_too_small [1;31mconf=0.0001[0m
[ALPHA_X13_BURST13] mode=OFF radar_adj=0 mom= conf=0
[BETA_X5] [1;36m22:13:47[0m [1;33mx5[0m [1;36m#3[0m SKIP tension=[1;36m0.00005213[0m [0m| momentum_too_small [1;31mconf=0.0001[0m
[BETA_X5] mode=OFF radar_adj=0 mom= conf=0
[ALPHA_X13_BURST13] [1;36m22:13:50[0m [1;32mx13[0m [1;36m#3[0m SKIP tension=[1;36m0.00020158[0m [0m| momentum_too_small [1;31mconf=0.0003[0m
[ALPHA_X13_BURST13] mode=OFF radar_adj=0 mom= conf=0
[BETA_X5] [1;36m22:13:55[0m [1;33mx5[0m [1;36m#4[0m SKIP tension=[1;36m0.00001158[0m [0m| momentum_too_small [1;31mconf=0.0[0m
[ALPHA_X13_BURST13] [1;36m22:13:59[0m [1;32mx13[0m [1;36m#4[0m SKIP tension=[1;36m0.00000579[0m [0m| momentum_too_small [1;31mconf=0.0[0m
[BETA_X5] mode=OFF radar_adj=0 mom= conf=0
[ALPHA_X13_BURST13] mode=OFF radar_adj=0 mom= conf=0
[BETA_X5] [1;36m22:14:05[0m [1;33mx5[0m [1;36m#5[0m SKIP tension=[1;36m0.00003076[0m [0m| momentum_too_small [1;31mconf=0.0001[0m
[BETA_X5] mode=OFF radar_adj=0 mom= conf=0
[ALPHA_X13_BURST13] [1;36m22:14:08[0m [1;32mx13[0m [1;36m#5[0m SKIP tension=[1;36m0.00980090[0m [0m| direction_unclear [1;31mconf=0.0161[0m
[ALPHA_X13_BURST13] mode=OFF radar_adj=0 mom= conf=0
[BETA_X5] [1;36m22:14:13[0m [1;33mx5[0m [1;36m#6[0m SKIP tension=[1;36m0.03075634[0m [0m| direction_unclear [1;31mconf=0.0506[0m
[BETA_X5] mode=OFF radar_adj=0 mom= conf=0
[ALPHA_X13_BURST13] [1;36m22:14:16[0m [1;32mx13[0m [1;36m#6[0m SKIP tension=[1;36m0.30717570[0m [0m| wall_not_collapsed
[ALPHA_X13_BURST13] mode=OFF radar_adj=0 mom= conf=0
[BETA_X5] [1;36m22:14:22[0m [1;33mx5[0m [1;36m#7[0m SKIP tension=[1;36m0.33220897[0m [0m| wall_not_collapsed
[BETA_X5] mode=OFF radar_adj=0 mom= conf=0
[ALPHA_X13_BURST13] [1;36m22:14:25[0m [1;32mx13[0m [1;36m#7[0m SKIP tension=[1;36m0.00001840[0m [0m| momentum_too_small [1;31mconf=0.0[0m
[ALPHA_X13_BURST13] mode=OFF radar_adj=0 mom= conf=0
[BETA_X5] [1;36m22:14:30[0m [1;33mx5[0m [1;36m#8[0m SKIP tension=[1;36m0.00003192[0m [0m| momentum_too_small [1;31mconf=0.0001[0m
[BETA_X5] mode=OFF radar_adj=0 mom= conf=0
[ALPHA_X13_BURST13] [1;36m22:14:34[0m [1;32mx13[0m [1;36m#8[0m SKIP tension=[1;36m0.00634755[0m [0m| momentum_too_small [1;31mconf=0.01[0m
[ALPHA_X13_BURST13] mode=OFF radar_adj=0 mom= conf=0
[BETA_X5] [1;36m22:14:38[0m [1;33mx5[0m [1;36m#9[0m SKIP tension=[1;36m0.00000000[0m [0m| momentum_too_small [1;31mconf=0.3281[0m
[BETA_X5] mode=OFF radar_adj=0 mom= conf=0
[ALPHA_X13_BURST13] [1;36m22:14:42[0m [1;32mx13[0m [1;36m#9[0m SKIP tension=[1;36m0.00000000[0m [0m| momentum_too_small [1;31mconf=0.3041[0m
[ALPHA_X13_BURST13] mode=OFF radar_adj=0 mom= conf=0
[BETA_X5] [1;36m22:14:46[0m [1;33mx5[0m [1;36m#10[0m SKIP tension=[1;36m0.20351374[0m [0m| low_confidence [1;31mconf=0.2931[0m
[BETA_X5] mode=OFF radar_adj=0 mom= conf=0
[ALPHA_X13_BURST13] [1;36m22:14:50[0m [1;32mx13[0m [1;36m#10[0m SKIP tension=[1;36m0.00000830[0m [0m| momentum_too_small [1;31mconf=0.0[0m
[ALPHA_X13_BURST13] mode=OFF radar_adj=0 mom= conf=0
[BETA_X5] [1;36m22:14:55[0m [1;33mx5[0m [1;36m#11[0m SKIP tension=[1;36m0.00005148[0m [0m| momentum_too_small [1;31mconf=0.0001[0m
[BETA_X5] mode=OFF radar_adj=0 mom= conf=0
[ALPHA_X13_BURST13] [1;36m22:14:58[0m [1;32mx13[0m [1;36m#11[0m SKIP tension=[1;36m0.00033156[0m [0m| momentum_too_small [1;31mconf=0.0005[0m
[BETA_X5] [1;36m22:15:02[0m [1;33mx5[0m [1;36m#12[0m SKIP tension=[1;36m0.66261286[0m [0m| wall_not_collapsed
[ALPHA_X13_BURST13] mode=OFF radar_adj=0 mom= conf=0
[BETA_X5] mode=OFF radar_adj=0 mom= conf=0
[ALPHA_X13_BURST13] [1;36m22:15:09[0m [1;32mx13[0m [1;36m#12[0m SKIP tension=[1;31m2.37613088[0m [0m| duo no_state
[BETA_X5] [1;36m22:15:11[0m [1;33mx5[0m [1;36m#13[0m SKIP tension=[1;36m0.00060085[0m [0m| momentum_too_small [1;31mconf=0.0006[0m
[ALPHA_X13_BURST13] mode=OFF radar_adj=0 mom= conf=0
[BETA_X5] mode=OFF radar_adj=0 mom= conf=0
[ALPHA_X13_BURST13] [1;36m22:15:18[0m [1;32mx13[0m [1;36m#13[0m SKIP tension=[1;31m2.99821276[0m [0m| duo no_state
[BETA_X5] [1;36m22:15:19[0m [1;33mx5[0m [1;36m#14[0m SKIP tension=[1;36m0.03523632[0m [0m| direction_unclear [1;31mconf=0.0582[0m
[ALPHA_X13_BURST13] mode=OFF radar_adj=0 mom= conf=0
[BETA_X5] mode=OFF radar_adj=0 mom= conf=0
[ALPHA_X13_BURST13] [1;36m22:15:26[0m [1;32mx13[0m [1;36m#14[0m SKIP tension=[1;36m0.00007035[0m [0m| momentum_too_small [1;31mconf=0.0001[0m
[BETA_X5] [1;36m22:15:26[0m [1;33mx5[0m [1;36m#15[0m SKIP tension=[1;36m0.00007531[0m [0m| momentum_too_small [1;31mconf=0.0001[0m
[BETA_X5] mode=OFF radar_adj=0 mom= conf=0
[ALPHA_X13_BURST13] mode=OFF radar_adj=0 mom= conf=0
[BETA_X5] [1;36m22:15:34[0m [1;33mx5[0m [1;36m#16[0m SKIP tension=[1;36m0.00014362[0m [0m| momentum_too_small [1;31mconf=0.0002[0m
[BETA_X5] mode=OFF radar_adj=0 mom= conf=0
[ALPHA_X13_BURST13] [1;36m22:15:41[0m [1;32mx13[0m [1;36m#15[0m SKIP tension=[1;36m0.02139257[0m [0m| direction_unclear [1;31mconf=0.0342[0m
[BETA_X5] [1;36m22:15:41[0m [1;33mx5[0m [1;36m#17[0m SKIP tension=[1;36m0.00012610[0m [0m| momentum_too_small [1;31mconf=0.0002[0m
[ALPHA_X13_BURST13] mode=OFF radar_adj=0 mom= conf=0
[BETA_X5] mode=OFF radar_adj=0 mom= conf=0
[ALPHA_X13_BURST13] [1;36m22:15:50[0m [1;32mx13[0m [1;36m#16[0m SKIP tension=[1;36m0.00013728[0m [0m| momentum_too_small [1;31mconf=0.0002[0m
[BETA_X5] [1;36m22:15:51[0m [1;33mx5[0m [1;36m#18[0m SKIP tension=[1;36m0.00013728[0m [0m| momentum_too_small [1;31mconf=0.0002[0m
[ALPHA_X13_BURST13] mode=OFF radar_adj=0 mom= conf=0
[BETA_X5] mode=OFF radar_adj=0 mom= conf=0
[ALPHA_X13_BURST13] [1;36m22:15:58[0m [1;32mx13[0m [1;36m#17[0m SKIP tension=[1;36m0.00000000[0m [0m| momentum_too_small [1;31mconf=0.3355[0m
[BETA_X5] [1;36m22:15:58[0m [1;33mx5[0m [1;36m#19[0m SKIP tension=[1;36m0.00000000[0m [0m| momentum_too_small [1;31mconf=0.3355[0m
[ALPHA_X13_BURST13] mode=OFF radar_adj=0 mom= conf=0
[BETA_X5] mode=OFF radar_adj=0 mom= conf=0
[ALPHA_X13_BURST13] [1;36m22:16:06[0m [1;32mx13[0m [1;36m#18[0m SKIP tension=[1;36m0.00000000[0m [0m| momentum_too_small [1;31mconf=0.3355[0m
[BETA_X5] [1;36m22:16:06[0m [1;33mx5[0m [1;36m#20[0m SKIP tension=[1;36m0.00000000[0m [0m| momentum_too_small [1;31mconf=0.3355[0m
[BETA_X5] mode=OFF radar_adj=0 mom= conf=0
[ALPHA_X13_BURST13] mode=OFF radar_adj=0 mom= conf=0
[BETA_X5] [1;36m22:16:14[0m [1;33mx5[0m [1;36m#21[0m SKIP tension=[1;36m0.54789288[0m [0m| wall_not_collapsed
[ALPHA_X13_BURST13] [1;36m22:16:15[0m [1;32mx13[0m [1;36m#19[0m SKIP tension=[1;36m0.00002007[0m [0m| momentum_too_small [1;31mconf=0.0[0m
[BETA_X5] mode=OFF radar_adj=0 mom= conf=0
[ALPHA_X13_BURST13] mode=OFF radar_adj=0 mom= conf=0
[BETA_X5] [1;36m22:16:22[0m [1;33mx5[0m [1;36m#22[0m SKIP tension=[1;36m0.00004648[0m [0m| momentum_too_small [1;31mconf=0.0001[0m
[ALPHA_X13_BURST13] [1;36m22:16:23[0m [1;32mx13[0m [1;36m#20[0m SKIP tension=[1;36m0.00000000[0m [0m| momentum_too_small [1;31mconf=0.3372[0m
[BETA_X5] mode=OFF radar_adj=0 mom= conf=0
[ALPHA_X13_BURST13] mode=OFF radar_adj=0 mom= conf=0
[BETA_X5] [1;36m22:16:29[0m [1;33mx5[0m [1;36m#23[0m SKIP tension=[1;36m0.00274075[0m [0m| momentum_too_small [1;31mconf=0.0044[0m
[ALPHA_X13_BURST13] [1;36m22:16:31[0m [1;32mx13[0m [1;36m#21[0m SKIP tension=[1;32m1.33972202[0m [0m| duo no_state
[BETA_X5] mode=OFF radar_adj=0 mom= conf=0
[ALPHA_X13_BURST13] mode=OFF radar_adj=0 mom= conf=0
[ALPHA_X13_BURST13] [1;36m22:16:39[0m [1;32mx13[0m [1;36m#22[0m SKIP tension=[1;36m0.82729861[0m [0m| wall_not_collapsed
[BETA_X5] [1;36m22:16:43[0m [1;33mx5[0m [1;36m#24[0m SKIP tension=[1;36m0.03789512[0m [0m| direction_unclear [1;31mconf=0.0605[0m
[BETA_X5] mode=OFF radar_adj=0 mom= conf=0
[ALPHA_X13_BURST13] mode=OFF radar_adj=0 mom= conf=0
[BETA_X5] [1;36m22:16:52[0m [1;33mx5[0m [1;36m#25[0m SKIP tension=[1;36m0.00009640[0m [0m| momentum_too_small [1;31mconf=0.0002[0m
[ALPHA_X13_BURST13] [1;36m22:16:52[0m [1;32mx13[0m [1;36m#23[0m SKIP tension=[1;36m0.00009640[0m [0m| momentum_too_small [1;31mconf=0.0002[0m
[ALPHA_X13_BURST13] mode=OFF radar_adj=0 mom= conf=0
[BETA_X5] mode=OFF radar_adj=0 mom= conf=0
[ALPHA_X13_BURST13] [1;36m22:17:01[0m [1;32mx13[0m [1;36m#24[0m SKIP tension=[1;31m2.95319756[0m [0m| duo no_state
[ALPHA_X13_BURST13] mode=OFF radar_adj=0 mom= conf=0
[ALPHA_X13_BURST13] [1;36m22:17:09[0m [1;32mx13[0m [1;36m#25[0m SKIP tension=[1;36m0.00004200[0m [0m| momentum_too_small [1;31mconf=0.0001[0m
[BETA_X5] [1;36m22:17:10[0m [1;33mx5[0m [1;36m#26[0m SKIP tension=[1;36m0.00000000[0m [0m| momentum_too_small [1;31mconf=0.3372[0m
[ALPHA_X13_BURST13] mode=OFF radar_adj=0 mom= conf=0
[BETA_X5] mode=OFF radar_adj=0 mom= conf=0
[ALPHA_X13_BURST13] [1;36m22:17:17[0m [1;32mx13[0m [1;36m#26[0m SKIP tension=[1;36m0.25606680[0m [0m| wall_not_collapsed
[BETA_X5] [1;36m22:17:17[0m [1;33mx5[0m [1;36m#27[0m SKIP tension=[1;36m0.25606680[0m [0m| wall_not_collapsed
[ALPHA_X13_BURST13] mode=OFF radar_adj=0 mom= conf=0
[BETA_X5] mode=OFF radar_adj=0 mom= conf=0
[ALPHA_X13_BURST13] [1;36m22:17:25[0m [1;32mx13[0m [1;36m#27[0m SKIP tension=[1;36m0.00003060[0m [0m| momentum_too_small [1;31mconf=0.0[0m
[BETA_X5] [1;36m22:17:25[0m [1;33mx5[0m [1;36m#28[0m SKIP tension=[1;36m0.00007409[0m [0m| momentum_too_small [1;31mconf=0.0001[0m
[BETA_X5] mode=OFF radar_adj=0 mom= conf=0
[ALPHA_X13_BURST13] mode=OFF radar_adj=0 mom= conf=0
[BETA_X5] [1;36m22:17:33[0m [1;33mx5[0m [1;36m#29[0m SKIP tension=[1;36m0.06509628[0m [0m| direction_unclear [1;31mconf=0.1056[0m
[BETA_X5] mode=OFF radar_adj=0 mom= conf=0
[ALPHA_X13_BURST13] [1;36m22:17:38[0m [1;32mx13[0m [1;36m#28[0m SKIP tension=[1;36m0.02411783[0m [0m| direction_unclear [1;31mconf=0.0391[0m
[BETA_X5] [1;36m22:17:41[0m [1;33mx5[0m [1;36m#30[0m SKIP tension=[1;36m0.00005998[0m [0m| momentum_too_small [1;31mconf=0.0001[0m
[ALPHA_X13_BURST13] mode=OFF radar_adj=0 mom= conf=0
[BETA_X5] mode=OFF radar_adj=0 mom= conf=0
[ALPHA_X13_BURST13] [1;36m22:17:48[0m [1;32mx13[0m [1;36m#29[0m SKIP tension=[1;36m0.04206719[0m [0m| direction_unclear [1;31mconf=0.0682[0m
[BETA_X5] [1;36m22:17:49[0m [1;33mx5[0m [1;36m#31[0m SKIP tension=[1;36m0.00601109[0m [0m| momentum_too_small [1;31mconf=0.0097[0m
[BETA_X5] mode=OFF radar_adj=0 mom= conf=0
[ALPHA_X13_BURST13] mode=OFF radar_adj=0 mom= conf=0
[ALPHA_X13_BURST13] [1;36m22:18:00[0m [1;32mx13[0m [1;36m#30[0m SKIP tension=[1;36m0.00003547[0m [0m| momentum_too_small [1;31mconf=0.0001[0m
[BETA_X5] [1;36m22:18:01[0m [1;33mx5[0m [1;36m#32[0m SKIP tension=[1;36m0.00718534[0m [0m| momentum_too_small [1;31mconf=0.0117[0m
[ALPHA_X13_BURST13] mode=OFF radar_adj=0 mom= conf=0
[BETA_X5] mode=OFF radar_adj=0 mom= conf=0
[ALPHA_X13_BURST13] [1;36m22:18:08[0m [1;32mx13[0m [1;36m#31[0m SKIP tension=[1;36m0.00029853[0m [0m| momentum_too_small [1;31mconf=0.0005[0m
[BETA_X5] [1;36m22:18:09[0m [1;33mx5[0m [1;36m#33[0m SKIP tension=[1;36m0.00715029[0m [0m| momentum_too_small [1;31mconf=0.0116[0m
[ALPHA_X13_BURST13] mode=OFF radar_adj=0 mom= conf=0
[BETA_X5] mode=OFF radar_adj=0 mom= conf=0
[BETA_X5] [1;36m22:18:16[0m [1;33mx5[0m [1;36m#34[0m SKIP tension=[1;36m0.00715033[0m [0m| momentum_too_small [1;31mconf=0.0114[0m
[ALPHA_X13_BURST13] [1;36m22:18:16[0m [1;32mx13[0m [1;36m#32[0m SKIP tension=[1;36m0.00000000[0m [0m| momentum_too_small [1;31mconf=0.3355[0m
[BETA_X5] mode=OFF radar_adj=0 mom= conf=0
[ALPHA_X13_BURST13] mode=OFF radar_adj=0 mom= conf=0
[BETA_X5] [1;36m22:18:24[0m [1;33mx5[0m [1;36m#35[0m SKIP tension=[1;36m0.00000000[0m [0m| momentum_too_small [1;31mconf=0.3355[0m
[ALPHA_X13_BURST13] [1;36m22:18:25[0m [1;32mx13[0m [1;36m#33[0m SKIP tension=[1;36m0.00000000[0m [0m| momentum_too_small [1;31mconf=0.3355[0m
[ALPHA_X13_BURST13] mode=OFF radar_adj=0 mom= conf=0
[BETA_X5] mode=OFF radar_adj=0 mom= conf=0
[ALPHA_X13_BURST13] [1;36m22:18:32[0m [1;32mx13[0m [1;36m#34[0m SKIP tension=[1;36m0.00007909[0m [0m| momentum_too_small [1;31mconf=0.0001[0m
[BETA_X5] [1;36m22:18:33[0m [1;33mx5[0m [1;36m#36[0m SKIP tension=[1;36m0.00007909[0m [0m| momentum_too_small [1;31mconf=0.0001[0m
[ALPHA_X13_BURST13] mode=OFF radar_adj=0 mom= conf=0
[BETA_X5] mode=OFF radar_adj=0 mom= conf=0
[ALPHA_X13_BURST13] [1;36m22:18:40[0m [1;32mx13[0m [1;36m#35[0m SKIP tension=[1;36m0.00000000[0m [0m| momentum_too_small [1;31mconf=0.3355[0m
[BETA_X5] [1;36m22:18:41[0m [1;33mx5[0m [1;36m#37[0m SKIP tension=[1;36m0.00000000[0m [0m| momentum_too_small [1;31mconf=0.3355[0m
[ALPHA_X13_BURST13] mode=OFF radar_adj=0 mom= conf=0
[BETA_X5] mode=OFF radar_adj=0 mom= conf=0
[ALPHA_X13_BURST13] [1;36m22:18:48[0m [1;32mx13[0m [1;36m#36[0m SKIP tension=[1;36m0.00006328[0m [0m| momentum_too_small [1;31mconf=0.0001[0m
[ALPHA_X13_BURST13] mode=OFF radar_adj=0 mom= conf=0
[ALPHA_X13_BURST13] [1;36m22:18:56[0m [1;32mx13[0m [1;36m#37[0m SKIP tension=[1;36m0.00027128[0m [0m| momentum_too_small [1;31mconf=0.0004[0m
[ALPHA_X13_BURST13] mode=OFF radar_adj=0 mom= conf=0
[BETA_X5] [1;36mentry=22:18:52@64897.20000000[0m [1;33mx5[0m [1;36m#38[0m [1;33mSELL[0m tension=[1;31m6.63854973[0m hold=[1;36m6[0ms sec=[1;36m6[0m [0m| exit=64897.20000000 [1;32mconf=0.9586[0m [1;36mexit_time=22:18:58[0m [1;33mpnl=-0.00000000 bps=-0.00000000 pct=-0.00000000% total=0.0[0m
[BETA_X5] mode=OFF radar_adj=0 mom= conf=0
[ALPHA_X13_BURST13] [1;36m22:19:04[0m [1;32mx13[0m [1;36m#38[0m SKIP tension=[1;36m0.00000000[0m [0m| momentum_too_small [1;31mconf=0.3406[0m
[ALPHA_X13_BURST13] mode=OFF radar_adj=0 mom= conf=0
[BETA_X5] [1;36m22:19:08[0m [1;33mx5[0m [1;36m#39[0m SKIP tension=[1;36m0.00005927[0m [0m| momentum_too_small [1;31mconf=0.0001[0m
[BETA_X5] mode=OFF radar_adj=0 mom= conf=0
[ALPHA_X13_BURST13] [1;36m22:19:12[0m [1;32mx13[0m [1;36m#39[0m SKIP tension=[1;36m0.00000000[0m [0m| momentum_too_small [1;31mconf=0.3406[0m
[ALPHA_X13_BURST13] mode=OFF radar_adj=0 mom= conf=0
[BETA_X5] [1;36m22:19:15[0m [1;33mx5[0m [1;36m#40[0m SKIP tension=[1;36m0.00000000[0m [0m| momentum_too_small [1;31mconf=0.3406[0m
[BETA_X5] mode=OFF radar_adj=0 mom= conf=0
[ALPHA_X13_BURST13] [1;36m22:19:20[0m [1;32mx13[0m [1;36m#40[0m SKIP tension=[1;36m0.00000000[0m [0m| momentum_too_small [1;31mconf=0.3355[0m
[ALPHA_X13_BURST13] mode=OFF radar_adj=0 mom= conf=0
[BETA_X5] [1;36m22:19:24[0m [1;33mx5[0m [1;36m#41[0m SKIP tension=[1;36m0.00000000[0m [0m| momentum_too_small [1;31mconf=0.3355[0m
[BETA_X5] mode=OFF radar_adj=0 mom= conf=0
[ALPHA_X13_BURST13] [1;36m22:19:28[0m [1;32mx13[0m [1;36m#41[0m SKIP tension=[1;36m0.00023460[0m [0m| momentum_too_small [1;31mconf=0.0004[0m
[ALPHA_X13_BURST13] mode=OFF radar_adj=0 mom= conf=0
[BETA_X5] [1;36m22:19:32[0m [1;33mx5[0m [1;36m#42[0m SKIP tension=[1;36m0.00000000[0m [0m| momentum_too_small [1;31mconf=0.3355[0m
[BETA_X5] mode=OFF radar_adj=0 mom= conf=0
[ALPHA_X13_BURST13] [1;36m22:19:37[0m [1;32mx13[0m [1;36m#42[0m SKIP tension=[1;36m0.00000000[0m [0m| momentum_too_small [1;31mconf=0.3355[0m
[BETA_X5] [1;36m22:19:39[0m [1;33mx5[0m [1;36m#43[0m SKIP tension=[1;36m0.56600598[0m [0m| wall_not_collapsed
[ALPHA_X13_BURST13] mode=OFF radar_adj=0 mom= conf=0
[BETA_X5] mode=OFF radar_adj=0 mom= conf=0
[ALPHA_X13_BURST13] [1;36m22:19:46[0m [1;32mx13[0m [1;36m#43[0m SKIP tension=[1;31m7.28337858[0m [0m| duo no_trigger
[BETA_X5] [1;36m22:19:48[0m [1;33mx5[0m [1;36m#44[0m SKIP tension=[1;36m0.00007035[0m [0m| momentum_too_small [1;31mconf=0.0001[0m
[ALPHA_X13_BURST13] mode=OFF radar_adj=0 mom= conf=0
[BETA_X5] mode=OFF radar_adj=0 mom= conf=0
[ALPHA_X13_BURST13] [1;36m22:19:54[0m [1;32mx13[0m [1;36m#44[0m SKIP tension=[1;36m0.00042904[0m [0m| momentum_too_small [1;31mconf=0.0007[0m
[BETA_X5] [1;36m22:19:55[0m [1;33mx5[0m [1;36m#45[0m SKIP tension=[1;36m0.00000000[0m [0m| momentum_too_small [1;31mconf=0.3355[0m
[ALPHA_X13_BURST13] mode=OFF radar_adj=0 mom= conf=0
[BETA_X5] mode=OFF radar_adj=0 mom= conf=0
[ALPHA_X13_BURST13] [1;36m22:20:02[0m [1;32mx13[0m [1;36m#45[0m SKIP tension=[1;36m0.00013374[0m [0m| momentum_too_small [1;31mconf=0.0002[0m
[BETA_X5] [1;36m22:20:03[0m [1;33mx5[0m [1;36m#46[0m SKIP tension=[1;36m0.01129375[0m [0m| direction_unclear [1;31mconf=0.018[0m
[ALPHA_X13_BURST13] mode=OFF radar_adj=0 mom= conf=0
[BETA_X5] mode=OFF radar_adj=0 mom= conf=0
[ALPHA_X13_BURST13] [1;36m22:20:10[0m [1;32mx13[0m [1;36m#46[0m SKIP tension=[1;31m2.72621693[0m [0m| duo no_trigger
[ALPHA_X13_BURST13] mode=OFF radar_adj=0 mom= conf=0
[BETA_X5] [1;36m22:20:16[0m [1;33mx5[0m [1;36m#47[0m SKIP tension=[1;36m0.00000000[0m [0m| momentum_too_small [1;31mconf=0.3355[0m
[BETA_X5] mode=OFF radar_adj=0 mom= conf=0
[ALPHA_X13_BURST13] [1;36m22:20:18[0m [1;32mx13[0m [1;36m#47[0m SKIP tension=[1;36m0.02521096[0m [0m| direction_unclear [1;31mconf=0.0403[0m
[ALPHA_X13_BURST13] mode=OFF radar_adj=0 mom= conf=0
[BETA_X5] [1;36m22:20:23[0m [1;33mx5[0m [1;36m#48[0m SKIP tension=[1;36m0.00003980[0m [0m| momentum_too_small [1;31mconf=0.0001[0m
[ALPHA_X13_BURST13] [1;36m22:20:27[0m [1;32mx13[0m [1;36m#48[0m SKIP tension=[1;36m0.00005737[0m [0m| momentum_too_small [1;31mconf=0.0001[0m
[ALPHA_X13_BURST13] mode=OFF radar_adj=0 mom= conf=0
[BETA_X5] mode=OFF radar_adj=0 mom= conf=0
[ALPHA_X13_BURST13] [1;36m22:20:35[0m [1;32mx13[0m [1;36m#49[0m SKIP tension=[1;31m2.72639944[0m [0m| duo no_trigger
[BETA_X5] [1;36m22:20:36[0m [1;33mx5[0m [1;36m#49[0m SKIP tension=[1;36m0.00000000[0m [0m| momentum_too_small [1;31mconf=0.317[0m
[ALPHA_X13_BURST13] mode=OFF radar_adj=0 mom= conf=0
[BETA_X5] mode=OFF radar_adj=0 mom= conf=0
[ALPHA_X13_BURST13] [1;36m22:20:44[0m [1;32mx13[0m [1;36m#50[0m SKIP tension=[1;31m3.77130665[0m [0m| duo no_trigger
[ALPHA_X13_BURST13] mode=OFF radar_adj=0 mom= conf=0
[ALPHA_X13_BURST13] [1;36m22:20:53[0m [1;32mx13[0m [1;36m#51[0m SKIP tension=[1;31m2.72530606[0m [0m| duo no_trigger
[BETA_X5] shockwave beta->alpha until_cycle=60
[BETA_X5] [1;33mSWARM shockwave[0m [0m| beta -> neighbor (shock_inversion_stop)[0m
[BETA_X5] [1;36mCycle 50[0m [1;32mSOFT anomaly[0m [1;33m| pnl_abs=0.04312000 > 0.02500000[0m
[ALPHA_X13_BURST13] mode=OFF radar_adj=0 mom= conf=0
[BETA_X5] [1;36mentry=22:20:49@64887.40000000[0m [1;33mx5[0m [1;36m#50[0m [1;31mSELL[0m tension=[1;31m3.75222212[0m hold=[1;36m6[0ms sec=[1;36m6[0m [0m| exit=64890.20000000 [1;32mconf=0.8787[0m [1;36mexit_time=22:20:55[0m [1;31mpnl=-0.04312000 bps=-0.43151675 pct=-0.00431517% total=-0.04312[0m
[BETA_X5] mode=OFF radar_adj=0 mom= conf=0
[ALPHA_X13_BURST13] [1;36m22:21:01[0m [1;32mx13[0m [1;36m#52[0m SKIP tension=[1;36m0.00045427[0m [0m| momentum_too_small [1;31mconf=0.0006[0m
[ALPHA_X13_BURST13] mode=OFF radar_adj=0 mom= conf=0
[BETA_X5] [1;36m22:21:04[0m [1;33mx5[0m [1;36m#51[0m SKIP tension=[1;36m0.00723965[0m [0m| momentum_too_small [1;31mconf=0.0108[0m
[BETA_X5] mode=OFF radar_adj=0 mom= conf=0
[ALPHA_X13_BURST13] [1;36m22:21:09[0m [1;32mx13[0m [1;36m#53[0m SKIP tension=[1;36m0.00005974[0m [0m| momentum_too_small [1;31mconf=0.0001[0m
[ALPHA_X13_BURST13] mode=OFF radar_adj=0 mom= conf=0
[BETA_X5] [1;36m22:21:13[0m [1;33mx5[0m [1;36m#52[0m SKIP [0m| Mode Écoute: spread=2.17250000 volat=26.96393766 (attente froid)
[BETA_X5] mode=OFF radar_adj=0 mom= conf=0
[ALPHA_X13_BURST13] [1;36m22:21:17[0m [1;32mx13[0m [1;36m#54[0m SKIP tension=[1;36m0.00000000[0m [0m| momentum_too_small [1;31mconf=0.2738[0m
[ALPHA_X13_BURST13] mode=OFF radar_adj=0 mom= conf=0
[BETA_X5] [1;36m22:21:21[0m [1;33mx5[0m [1;36m#53[0m SKIP tension=[1;36m0.00012754[0m [0m| momentum_too_small [1;31mconf=0.0002[0m
[BETA_X5] mode=OFF radar_adj=0 mom= conf=0
[ALPHA_X13_BURST13] [1;36m22:21:26[0m [1;32mx13[0m [1;36m#55[0m SKIP tension=[1;36m0.00000000[0m [0m| momentum_too_small [1;31mconf=0.2738[0m
[ALPHA_X13_BURST13] mode=OFF radar_adj=0 mom= conf=0
[BETA_X5] [1;36m22:21:29[0m [1;33mx5[0m [1;36m#54[0m SKIP tension=[1;36m0.00000000[0m [0m| momentum_too_small [1;31mconf=0.317[0m
[BETA_X5] mode=OFF radar_adj=0 mom= conf=0
[ALPHA_X13_BURST13] [1;36m22:21:34[0m [1;32mx13[0m [1;36m#56[0m SKIP tension=[1;36m0.00000000[0m [0m| momentum_too_small [1;31mconf=0.2839[0m
[ALPHA_X13_BURST13] mode=OFF radar_adj=0 mom= conf=0
[ALPHA_X13_BURST13] [1;36m22:21:42[0m [1;32mx13[0m [1;36m#57[0m SKIP tension=[1;36m0.00017060[0m [0m| momentum_too_small [1;31mconf=0.0002[0m
[ALPHA_X13_BURST13] mode=OFF radar_adj=0 mom= conf=0
[BETA_X5] [1;36mentry=22:21:42@64890.20000000[0m [1;33mx5[0m [1;36m#55[0m [1;33mSELL[0m tension=[1;31m6.56166230[0m hold=[1;36m6[0ms sec=[1;36m6[0m [0m| exit=64890.20000000 [1;32mconf=0.9056[0m [1;36mexit_time=22:21:48[0m [1;33mpnl=-0.00000000 bps=-0.00000000 pct=-0.00000000% total=-0.04312[0m
[ALPHA_X13_BURST13] [1;36m22:21:51[0m [1;32mx13[0m [1;36m#58[0m SKIP tension=[1;31m7.29303084[0m [0m| duo no_trigger
[BETA_X5] mode=OFF radar_adj=0 mom= conf=0
[ALPHA_X13_BURST13] mode=OFF radar_adj=0 mom= conf=0
[BETA_X5] [1;36m22:21:57[0m [1;33mx5[0m [1;36m#56[0m SKIP tension=[1;36m0.00000000[0m [0m| momentum_too_small [1;31mconf=0.3123[0m
[ALPHA_X13_BURST13] [1;36m22:21:59[0m [1;32mx13[0m [1;36m#59[0m SKIP tension=[1;36m0.00062781[0m [0m| momentum_too_small [1;31mconf=0.0008[0m
[BETA_X5] mode=OFF radar_adj=0 mom= conf=0
[ALPHA_X13_BURST13] mode=OFF radar_adj=0 mom= conf=0
[BETA_X5] [1;36m22:22:05[0m [1;33mx5[0m [1;36m#57[0m SKIP tension=[1;36m0.00050098[0m [0m| momentum_too_small [1;31mconf=0.0007[0m
[ALPHA_X13_BURST13] [1;36m22:22:07[0m [1;32mx13[0m [1;36m#60[0m SKIP tension=[1;36m0.00055744[0m [0m| momentum_too_small [1;31mconf=0.0007[0m
[BETA_X5] mode=OFF radar_adj=0 mom= conf=0
[ALPHA_X13_BURST13] mode=OFF radar_adj=0 mom= conf=0
[BETA_X5] [1;36m22:22:13[0m [1;33mx5[0m [1;36m#58[0m SKIP tension=[1;36m0.00573852[0m [0m| momentum_too_small [1;31mconf=0.0085[0m
[ALPHA_X13_BURST13] [1;36m22:22:15[0m [1;32mx13[0m [1;36m#61[0m SKIP tension=[1;36m0.00000000[0m [0m| momentum_too_small [1;31mconf=0.3123[0m
[BETA_X5] mode=OFF radar_adj=0 mom= conf=0
[ALPHA_X13_BURST13] mode=OFF radar_adj=0 mom= conf=0
[BETA_X5] [1;36m22:22:21[0m [1;33mx5[0m [1;36m#59[0m SKIP tension=[1;36m0.00000000[0m [0m| momentum_too_small [1;31mconf=0.3123[0m
[ALPHA_X13_BURST13] [1;36m22:22:23[0m [1;32mx13[0m [1;36m#62[0m SKIP tension=[1;36m0.00000000[0m [0m| momentum_too_small [1;31mconf=0.3123[0m
[BETA_X5] mode=OFF radar_adj=0 mom= conf=0
[ALPHA_X13_BURST13] mode=OFF radar_adj=0 mom= conf=0
[BETA_X5] [1;36m22:22:29[0m [1;33mx5[0m [1;36m#60[0m SKIP tension=[1;36m0.00000000[0m [0m| momentum_too_small [1;31mconf=0.3173[0m
[ALPHA_X13_BURST13] [1;36m22:22:32[0m [1;32mx13[0m [1;36m#63[0m SKIP tension=[1;36m0.00000000[0m [0m| momentum_too_small [1;31mconf=0.3173[0m
[ALPHA_X13_BURST13] mode=OFF radar_adj=0 mom= conf=0
[BETA_X5] mode=OFF radar_adj=0 mom= conf=0
[ALPHA_X13_BURST13] [1;36m22:22:40[0m [1;32mx13[0m [1;36m#64[0m SKIP tension=[1;36m0.00000000[0m [0m| momentum_too_small [1;31mconf=0.3173[0m
[BETA_X5] [1;36m22:22:42[0m [1;33mx5[0m [1;36m#61[0m SKIP tension=[1;36m0.00103917[0m [0m| momentum_too_small [1;31mconf=0.0016[0m
[ALPHA_X13_BURST13] mode=OFF radar_adj=0 mom= conf=0
[BETA_X5] mode=OFF radar_adj=0 mom= conf=0
[ALPHA_X13_BURST13] [1;36m22:22:49[0m [1;32mx13[0m [1;36m#65[0m SKIP tension=[1;36m0.00007022[0m [0m| momentum_too_small [1;31mconf=0.0001[0m
[ALPHA_X13_BURST13] mode=OFF radar_adj=0 mom= conf=0
[BETA_X5] [1;36m22:22:51[0m [1;33mx5[0m [1;36m#62[0m SKIP tension=[1;36m0.00024578[0m [0m| momentum_too_small [1;31mconf=0.0004[0m
[BETA_X5] mode=OFF radar_adj=0 mom= conf=0
[ALPHA_X13_BURST13] [1;36m22:22:57[0m [1;32mx13[0m [1;36m#66[0m SKIP tension=[1;36m0.00003186[0m [0m| momentum_too_small [1;31mconf=0.0[0m
[BETA_X5] [1;36m22:22:59[0m [1;33mx5[0m [1;36m#63[0m SKIP tension=[1;36m0.00014045[0m [0m| momentum_too_small [1;31mconf=0.0002[0m
[ALPHA_X13_BURST13] mode=OFF radar_adj=0 mom= conf=0
[BETA_X5] mode=OFF radar_adj=0 mom= conf=0
[ALPHA_X13_BURST13] [1;36m22:23:05[0m [1;32mx13[0m [1;36m#67[0m SKIP tension=[1;36m0.01343667[0m [0m| direction_unclear [1;31mconf=0.02[0m
[BETA_X5] [1;36m22:23:08[0m [1;33mx5[0m [1;36m#64[0m SKIP tension=[1;36m0.00010567[0m [0m| momentum_too_small [1;31mconf=0.0002[0m
[ALPHA_X13_BURST13] mode=OFF radar_adj=0 mom= conf=0
[BETA_X5] mode=OFF radar_adj=0 mom= conf=0
[ALPHA_X13_BURST13] [1;36m22:23:15[0m [1;32mx13[0m [1;36m#68[0m SKIP tension=[1;36m0.00146740[0m [0m| momentum_too_small [1;31mconf=0.0022[0m
[BETA_X5] [1;36m22:23:16[0m [1;33mx5[0m [1;36m#65[0m SKIP tension=[1;36m0.00003190[0m [0m| momentum_too_small [1;31mconf=0.0[0m
[ALPHA_X13_BURST13] mode=OFF radar_adj=0 mom= conf=0
[BETA_X5] mode=OFF radar_adj=0 mom= conf=0
[BETA_X5] [1;36m22:23:24[0m [1;33mx5[0m [1;36m#66[0m SKIP tension=[1;36m0.00006225[0m [0m| momentum_too_small [1;31mconf=0.0001[0m
[BETA_X5] mode=OFF radar_adj=0 mom= conf=0
[ALPHA_X13_BURST13] [1;36m22:23:29[0m [1;32mx13[0m [1;36m#69[0m SKIP tension=[1;36m0.01037512[0m [0m| direction_unclear [1;31mconf=0.0157[0m
[BETA_X5] [1;36m22:23:32[0m [1;33mx5[0m [1;36m#67[0m SKIP tension=[1;36m0.00000000[0m [0m| momentum_too_small [1;31mconf=0.3173[0m
[ALPHA_X13_BURST13] mode=OFF radar_adj=0 mom= conf=0
[BETA_X5] mode=OFF radar_adj=0 mom= conf=0
[ALPHA_X13_BURST13] [1;36m22:23:39[0m [1;32mx13[0m [1;36m#70[0m SKIP tension=[1;36m0.00032680[0m [0m| momentum_too_small [1;31mconf=0.0005[0m
[ALPHA_X13_BURST13] mode=OFF radar_adj=0 mom= conf=0
[BETA_X5] [1;36m22:23:45[0m [1;33mx5[0m [1;36m#68[0m SKIP tension=[1;36m0.00714387[0m [0m| momentum_too_small [1;31mconf=0.0106[0m
[ALPHA_X13_BURST13] [1;36m22:23:47[0m [1;32mx13[0m [1;36m#71[0m SKIP tension=[1;36m0.00030166[0m [0m| momentum_too_small [1;31mconf=0.0004[0m
[BETA_X5] mode=OFF radar_adj=0 mom= conf=0
[ALPHA_X13_BURST13] mode=OFF radar_adj=0 mom= conf=0
[BETA_X5] [1;36m22:23:53[0m [1;33mx5[0m [1;36m#69[0m SKIP tension=[1;36m0.00045683[0m [0m| momentum_too_small [1;31mconf=0.0007[0m
[BETA_X5] mode=OFF radar_adj=0 mom= conf=0
[ALPHA_X13_BURST13] [1;36m22:23:56[0m [1;32mx13[0m [1;36m#72[0m SKIP tension=[1;36m0.00000000[0m [0m| momentum_too_small [1;31mconf=0.3123[0m
[ALPHA_X13_BURST13] mode=OFF radar_adj=0 mom= conf=0
[BETA_X5] [1;36m22:24:00[0m [1;33mx5[0m [1;36m#70[0m SKIP tension=[1;36m0.05408859[0m [0m| direction_unclear [1;31mconf=0.0805[0m
[BETA_X5] mode=OFF radar_adj=0 mom= conf=0
[ALPHA_X13_BURST13] [1;36m22:24:04[0m [1;32mx13[0m [1;36m#73[0m SKIP tension=[1;36m0.00150370[0m [0m| momentum_too_small [1;31mconf=0.0022[0m
[ALPHA_X13_BURST13] mode=OFF radar_adj=0 mom= conf=0
[BETA_X5] [1;36m22:24:08[0m [1;33mx5[0m [1;36m#71[0m SKIP tension=[1;36m0.00020331[0m [0m| momentum_too_small [1;31mconf=0.0003[0m
[BETA_X5] mode=OFF radar_adj=0 mom= conf=0
[ALPHA_X13_BURST13] [1;36m22:24:12[0m [1;32mx13[0m [1;36m#74[0m SKIP tension=[1;36m0.00005980[0m [0m| momentum_too_small [1;31mconf=0.0001[0m
[ALPHA_X13_BURST13] mode=OFF radar_adj=0 mom= conf=0
[BETA_X5] [1;36m22:24:17[0m [1;33mx5[0m [1;36m#72[0m SKIP tension=[1;36m0.00000000[0m [0m| momentum_too_small [1;31mconf=0.3497[0m
[BETA_X5] mode=OFF radar_adj=0 mom= conf=0
[ALPHA_X13_BURST13] [1;36m22:24:20[0m [1;32mx13[0m [1;36m#75[0m SKIP tension=[1;36m0.00001110[0m [0m| momentum_too_small [1;31mconf=0.0[0m
[ALPHA_X13_BURST13] mode=OFF radar_adj=0 mom= conf=0
[BETA_X5] [1;36m22:24:25[0m [1;33mx5[0m [1;36m#73[0m SKIP tension=[1;36m0.00000000[0m [0m| momentum_too_small [1;31mconf=0.3497[0m
[BETA_X5] mode=OFF radar_adj=0 mom= conf=0
[ALPHA_X13_BURST13] [1;36m22:24:29[0m [1;32mx13[0m [1;36m#76[0m SKIP tension=[1;36m0.00005962[0m [0m| momentum_too_small [1;31mconf=0.0001[0m
[ALPHA_X13_BURST13] mode=OFF radar_adj=0 mom= conf=0
[BETA_X5] [1;36m22:24:32[0m [1;33mx5[0m [1;36m#74[0m SKIP tension=[1;36m0.00002143[0m [0m| momentum_too_small [1;31mconf=0.0[0m
[BETA_X5] mode=OFF radar_adj=0 mom= conf=0
[ALPHA_X13_BURST13] [1;36m22:24:37[0m [1;32mx13[0m [1;36m#77[0m SKIP [1;33m| tension_stale age=3402ms>800ms (NUAGE)[0m
[BETA_X5] [1;36m22:24:40[0m [1;33mx5[0m [1;36m#75[0m SKIP tension=[1;36m0.00000000[0m [0m| momentum_too_small [1;31mconf=0.348[0m
[ALPHA_X13_BURST13] mode=OFF radar_adj=0 mom= conf=0
[BETA_X5] mode=OFF radar_adj=0 mom= conf=0
[ALPHA_X13_BURST13] [1;36m22:24:46[0m [1;32mx13[0m [1;36m#78[0m SKIP [1;33m| tension_stale age=4490ms>800ms (NUAGE)[0m
[BETA_X5] [1;36m22:24:48[0m [1;33mx5[0m [1;36m#76[0m SKIP tension=[1;36m0.00008462[0m [0m| momentum_too_small [1;31mconf=0.0001[0m
[ALPHA_X13_BURST13] mode=OFF radar_adj=0 mom= conf=0
[BETA_X5] mode=OFF radar_adj=0 mom= conf=0
[ALPHA_X13_BURST13] [1;36m22:24:55[0m [1;32mx13[0m [1;36m#79[0m SKIP tension=[1;36m0.00000000[0m [0m| momentum_too_small [1;31mconf=0.3325[0m
[BETA_X5] [1;36m22:24:55[0m [1;33mx5[0m [1;36m#77[0m SKIP tension=[1;36m0.00000000[0m [0m| momentum_too_small [1;31mconf=0.3325[0m
[ALPHA_X13_BURST13] mode=OFF radar_adj=0 mom= conf=0
[BETA_X5] mode=OFF radar_adj=0 mom= conf=0
[BETA_X5] [1;36m22:25:04[0m [1;33mx5[0m [1;36m#78[0m SKIP tension=[1;36m0.00046262[0m [0m| momentum_too_small [1;31mconf=0.0007[0m
[ALPHA_X13_BURST13] [1;36m22:25:04[0m [1;32mx13[0m [1;36m#80[0m SKIP tension=[1;36m0.00046262[0m [0m| momentum_too_small [1;31mconf=0.0007[0m
[BETA_X5] mode=OFF radar_adj=0 mom= conf=0
[ALPHA_X13_BURST13] mode=OFF radar_adj=0 mom= conf=0
[BETA_X5] [1;36m22:25:11[0m [1;33mx5[0m [1;36m#79[0m SKIP tension=[1;36m0.00000459[0m [0m| momentum_too_small [1;31mconf=0.0[0m
[ALPHA_X13_BURST13] [1;36m22:25:12[0m [1;32mx13[0m [1;36m#81[0m SKIP tension=[1;36m0.00000242[0m [0m| momentum_too_small [1;31mconf=0.0[0m
[BETA_X5] mode=OFF radar_adj=0 mom= conf=0
[ALPHA_X13_BURST13] mode=OFF radar_adj=0 mom= conf=0
[BETA_X5] [1;36m22:25:19[0m [1;33mx5[0m [1;36m#80[0m SKIP tension=[1;36m0.00001475[0m [0m| momentum_too_small [1;31mconf=0.0[0m
[ALPHA_X13_BURST13] [1;36m22:25:20[0m [1;32mx13[0m [1;36m#82[0m SKIP tension=[1;36m0.00000000[0m [0m| momentum_too_small [1;31mconf=0.3321[0m
[BETA_X5] mode=OFF radar_adj=0 mom= conf=0
[ALPHA_X13_BURST13] mode=OFF radar_adj=0 mom= conf=0
[BETA_X5] [1;36m22:25:27[0m [1;33mx5[0m [1;36m#81[0m SKIP tension=[1;36m0.00001111[0m [0m| momentum_too_small [1;31mconf=0.0[0m
[BETA_X5] mode=OFF radar_adj=0 mom= conf=0
[ALPHA_X13_BURST13] [1;36m22:25:30[0m [1;32mx13[0m [1;36m#83[0m SKIP tension=[1;32m1.06953365[0m [0m| duo no_trigger
[ALPHA_X13_BURST13] mode=OFF radar_adj=0 mom= conf=0
[BETA_X5] [1;36m22:25:35[0m [1;33mx5[0m [1;36m#82[0m SKIP tension=[1;36m0.11326568[0m [0m| direction_unclear [1;31mconf=0.1751[0m
[BETA_X5] mode=OFF radar_adj=0 mom= conf=0
[BETA_X5] [1;36m22:25:42[0m [1;33mx5[0m [1;36m#83[0m SKIP tension=[1;36m0.00003841[0m [0m| momentum_too_small [1;31mconf=0.0001[0m
[ALPHA_X13_BURST13] [1;36m22:25:43[0m [1;32mx13[0m [1;36m#84[0m SKIP tension=[1;36m0.51680176[0m [0m| wall_not_collapsed
[BETA_X5] mode=OFF radar_adj=0 mom= conf=0
[ALPHA_X13_BURST13] mode=OFF radar_adj=0 mom= conf=0
[BETA_X5] [1;36m22:25:50[0m [1;33mx5[0m [1;36m#84[0m SKIP tension=[1;36m0.00000000[0m [0m| momentum_too_small [1;31mconf=0.3247[0m
[ALPHA_X13_BURST13] [1;36m22:25:52[0m [1;32mx13[0m [1;36m#85[0m SKIP tension=[1;36m0.00000000[0m [0m| momentum_too_small [1;31mconf=0.3247[0m
[BETA_X5] mode=OFF radar_adj=0 mom= conf=0
[ALPHA_X13_BURST13] mode=OFF radar_adj=0 mom= conf=0
[BETA_X5] [1;36m22:25:58[0m [1;33mx5[0m [1;36m#85[0m SKIP tension=[1;36m0.00000024[0m [0m| momentum_too_small [1;31mconf=0.0[0m
[ALPHA_X13_BURST13] [1;36m22:26:00[0m [1;32mx13[0m [1;36m#86[0m SKIP tension=[1;36m0.00000435[0m [0m| momentum_too_small [1;31mconf=0.0[0m
[BETA_X5] mode=OFF radar_adj=0 mom= conf=0
[ALPHA_X13_BURST13] mode=OFF radar_adj=0 mom= conf=0
[BETA_X5] [1;36m22:26:06[0m [1;33mx5[0m [1;36m#86[0m SKIP tension=[1;36m0.00000000[0m [0m| momentum_too_small [1;31mconf=0.3497[0m
[BETA_X5] mode=OFF radar_adj=0 mom= conf=0
[ALPHA_X13_BURST13] [1;36m22:26:08[0m [1;32mx13[0m [1;36m#87[0m SKIP tension=[1;36m0.10724207[0m [0m| direction_unclear [1;31mconf=0.1657[0m
[ALPHA_X13_BURST13] mode=OFF radar_adj=0 mom= conf=0
[BETA_X5] [1;36m22:26:14[0m [1;33mx5[0m [1;36m#87[0m SKIP tension=[1;36m0.14447520[0m [0m| direction_unclear [1;31mconf=0.2229[0m
[BETA_X5] mode=OFF radar_adj=0 mom= conf=0
[ALPHA_X13_BURST13] [1;36m22:26:17[0m [1;32mx13[0m [1;36m#88[0m SKIP tension=[1;36m0.00000000[0m [0m| momentum_too_small [1;31mconf=0.324[0m
[ALPHA_X13_BURST13] mode=OFF radar_adj=0 mom= conf=0
[BETA_X5] [1;36m22:26:21[0m [1;33mx5[0m [1;36m#88[0m SKIP tension=[1;36m0.00001137[0m [0m| momentum_too_small [1;31mconf=0.0[0m
[BETA_X5] mode=OFF radar_adj=0 mom= conf=0
[ALPHA_X13_BURST13] [1;36m22:26:26[0m [1;32mx13[0m [1;36m#89[0m SKIP tension=[1;36m0.00000000[0m [0m| momentum_too_small [1;31mconf=0.3493[0m
[ALPHA_X13_BURST13] mode=OFF radar_adj=0 mom= conf=0
[ALPHA_X13_BURST13] [1;36m22:26:34[0m [1;32mx13[0m [1;36m#90[0m SKIP tension=[1;36m0.00002628[0m [0m| momentum_too_small [1;31mconf=0.0[0m
[ALPHA_X13_BURST13] mode=OFF radar_adj=0 mom= conf=0
[BETA_X5] [1;36mentry=22:26:33@64894.50000000[0m [1;33mx5[0m [1;36m#89[0m [1;33mSELL[0m tension=[1;32m1.46005835[0m hold=[1;36m7[0ms sec=[1;36m7[0m [0m| exit=64894.50000000 [1;32mconf=0.9971[0m [1;36mexit_time=22:26:40[0m [1;33mpnl=-0.00000000 bps=-0.00000000 pct=-0.00000000% total=-0.04312[0m
[ALPHA_X13_BURST13] [1;36m22:26:42[0m [1;32mx13[0m [1;36m#91[0m SKIP tension=[1;36m0.00000000[0m [0m| momentum_too_small [1;31mconf=0.3466[0m
[BETA_X5] mode=OFF radar_adj=0 mom= conf=0
[ALPHA_X13_BURST13] mode=OFF radar_adj=0 mom= conf=0
[BETA_X5] [1;36m22:26:49[0m [1;33mx5[0m [1;36m#90[0m SKIP tension=[1;33m0.86690286[0m [0m| wall_not_collapsed
[ALPHA_X13_BURST13] [1;36m22:26:50[0m [1;32mx13[0m [1;36m#92[0m SKIP tension=[1;36m0.00000000[0m [0m| momentum_too_small [1;31mconf=0.3345[0m
[BETA_X5] mode=OFF radar_adj=0 mom= conf=0
[ALPHA_X13_BURST13] mode=OFF radar_adj=0 mom= conf=0
[BETA_X5] [1;36m22:26:57[0m [1;33mx5[0m [1;36m#91[0m SKIP tension=[1;36m0.69452056[0m [0m| wall_not_collapsed
[ALPHA_X13_BURST13] [1;36m22:26:59[0m [1;32mx13[0m [1;36m#93[0m SKIP tension=[1;36m0.08455542[0m [0m| direction_unclear [1;31mconf=0.0114[0m
[BETA_X5] mode=OFF radar_adj=0 mom= conf=0
[ALPHA_X13_BURST13] mode=OFF radar_adj=0 mom= conf=0
[BETA_X5] [1;36m22:27:04[0m [1;33mx5[0m [1;36m#92[0m SKIP tension=[1;36m0.00061864[0m [0m| momentum_too_small [1;31mconf=0.0009[0m
[BETA_X5] mode=OFF radar_adj=0 mom= conf=0
[ALPHA_X13_BURST13] [1;36m22:27:07[0m [1;32mx13[0m [1;36m#94[0m SKIP tension=[1;36m0.00000840[0m [0m| momentum_too_small [1;31mconf=0.0[0m
[ALPHA_X13_BURST13] mode=OFF radar_adj=0 mom= conf=0
[BETA_X5] [1;36m22:27:12[0m [1;33mx5[0m [1;36m#93[0m SKIP tension=[1;36m0.00004208[0m [0m| momentum_too_small [1;31mconf=0.0001[0m
[BETA_X5] mode=OFF radar_adj=0 mom= conf=0
[ALPHA_X13_BURST13] [1;36m22:27:15[0m [1;32mx13[0m [1;36m#95[0m SKIP tension=[1;36m0.00003436[0m [0m| momentum_too_small [1;31mconf=0.0[0m
[ALPHA_X13_BURST13] mode=OFF radar_adj=0 mom= conf=0
[BETA_X5] [1;36m22:27:20[0m [1;33mx5[0m [1;36m#94[0m SKIP tension=[1;36m0.00002621[0m [0m| momentum_too_small [1;31mconf=0.0[0m
[BETA_X5] mode=OFF radar_adj=0 mom= conf=0
[ALPHA_X13_BURST13] [1;36m22:27:23[0m [1;32mx13[0m [1;36m#96[0m SKIP tension=[1;33m0.98824564[0m [0m| wall_not_collapsed
[BETA_X5] [1;36m22:27:28[0m [1;33mx5[0m [1;36m#95[0m SKIP tension=[1;36m0.00001499[0m [0m| momentum_too_small [1;31mconf=0.0[0m
[BETA_X5] mode=OFF radar_adj=0 mom= conf=0
[ALPHA_X13_BURST13] mode=OFF radar_adj=0 mom= conf=0
[BETA_X5] [1;36m22:27:35[0m [1;33mx5[0m [1;36m#96[0m SKIP tension=[1;36m0.00011451[0m [0m| momentum_too_small [1;31mconf=0.0002[0m
[ALPHA_X13_BURST13] [1;36m22:27:38[0m [1;32mx13[0m [1;36m#97[0m SKIP tension=[1;36m0.00006212[0m [0m| momentum_too_small [1;31mconf=0.0001[0m
[BETA_X5] mode=OFF radar_adj=0 mom= conf=0
[ALPHA_X13_BURST13] mode=OFF radar_adj=0 mom= conf=0
[ALPHA_X13_BURST13] [1;36m22:27:46[0m [1;32mx13[0m [1;36m#98[0m SKIP tension=[1;36m0.00002932[0m [0m| momentum_too_small [1;31mconf=0.0[0m
[ALPHA_X13_BURST13] mode=OFF radar_adj=0 mom= conf=0
[BETA_X5] shockwave beta->alpha until_cycle=107
[BETA_X5] [1;33mSWARM shockwave[0m [0m| beta -> neighbor (shock_inversion_stop)[0m
[BETA_X5] [1;36mCycle 97[0m [1;32mSOFT anomaly[0m [1;33m| pnl_abs=0.23716000 > 0.02500000[0m
[ALPHA_X13_BURST13] [1;36m22:27:55[0m [1;32mx13[0m [1;36m#99[0m SKIP tension=[1;36m0.00000728[0m [0m| momentum_too_small [1;31mconf=0.0[0m
[BETA_X5] [1;36mentry=22:27:48@64887.00000000[0m [1;33mx5[0m [1;36m#97[0m [1;31mSELL[0m tension=[1;32m1.81309554[0m hold=[1;36m6[0ms sec=[1;36m6[0m [0m| exit=64902.40000000 [1;32mconf=0.8517[0m [1;36mexit_time=22:27:54[0m [1;31mpnl=-0.23716000 bps=-2.37335676 pct=-0.02373357% total=-0.28028000000000003[0m
[ALPHA_X13_BURST13] mode=OFF radar_adj=0 mom= conf=0
[BETA_X5] mode=OFF radar_adj=0 mom= conf=0
[ALPHA_X13_BURST13] [1;36m22:28:03[0m [1;32mx13[0m [1;36m#100[0m SKIP tension=[1;36m0.00006076[0m [0m| momentum_too_small [1;31mconf=0.0001[0m
[BETA_X5] [1;36m22:28:03[0m [1;33mx5[0m [1;36m#98[0m SKIP tension=[1;36m0.00047361[0m [0m| momentum_too_small [1;31mconf=0.0007[0m
[BETA_X5] mode=OFF radar_adj=0 mom= conf=0
[ALPHA_X13_BURST13] mode=OFF radar_adj=0 mom= conf=0
[BETA_X5] [1;36m22:28:11[0m [1;33mx5[0m [1;36m#99[0m SKIP tension=[1;36m0.00021263[0m [0m| momentum_too_small [1;31mconf=0.0003[0m
[ALPHA_X13_BURST13] [1;36m22:28:11[0m [1;32mx13[0m [1;36m#101[0m SKIP tension=[1;36m0.00021263[0m [0m| momentum_too_small [1;31mconf=0.0002[0m
[BETA_X5] mode=OFF radar_adj=0 mom= conf=0
[ALPHA_X13_BURST13] mode=OFF radar_adj=0 mom= conf=0
[BETA_X5] [1;36m22:28:18[0m [1;33mx5[0m [1;36m#100[0m SKIP tension=[1;36m0.00001955[0m [0m| momentum_too_small [1;31mconf=0.0[0m
[ALPHA_X13_BURST13] [1;36m22:28:19[0m [1;32mx13[0m [1;36m#102[0m SKIP tension=[1;36m0.00013688[0m [0m| momentum_too_small [1;31mconf=0.0002[0m
[BETA_X5] mode=OFF radar_adj=0 mom= conf=0
[ALPHA_X13_BURST13] mode=OFF radar_adj=0 mom= conf=0
[BETA_X5] [1;36m22:28:26[0m [1;33mx5[0m [1;36m#101[0m SKIP tension=[1;36m0.01699713[0m [0m| direction_unclear [1;31mconf=0.0202[0m
[ALPHA_X13_BURST13] [1;36m22:28:28[0m [1;32mx13[0m [1;36m#103[0m SKIP tension=[1;36m0.00000000[0m [0m| spread_too_wide [1;31mconf=0.0[0m
[BETA_X5] mode=OFF radar_adj=0 mom= conf=0
[ALPHA_X13_BURST13] mode=OFF radar_adj=0 mom= conf=0
[BETA_X5] [1;36m22:28:34[0m [1;33mx5[0m [1;36m#102[0m SKIP tension=[1;36m0.00000890[0m [0m| momentum_too_small [1;31mconf=0.0[0m
[BETA_X5] mode=OFF radar_adj=0 mom= conf=0
[ALPHA_X13_BURST13] [1;36m22:28:37[0m [1;32mx13[0m [1;36m#104[0m SKIP tension=[1;32m1.21267568[0m [0m| spread_too_wide [1;33mconf=0.5[0m
[ALPHA_X13_BURST13] mode=OFF radar_adj=0 mom= conf=0
[BETA_X5] [1;36m22:28:42[0m [1;33mx5[0m [1;36m#103[0m SKIP tension=[1;36m0.00074034[0m [0m| momentum_too_small [1;31mconf=0.0008[0m
[BETA_X5] mode=OFF radar_adj=0 mom= conf=0
[ALPHA_X13_BURST13] [1;36m22:28:45[0m [1;32mx13[0m [1;36m#105[0m SKIP tension=[1;36m0.00000000[0m [0m| spread_too_wide [1;31mconf=0.0[0m
[ALPHA_X13_BURST13] mode=OFF radar_adj=0 mom= conf=0
[BETA_X5] [1;36m22:28:50[0m [1;33mx5[0m [1;36m#104[0m SKIP tension=[1;31m2.87531830[0m [0m| spread_too_wide [1;33mconf=0.5[0m
[BETA_X5] mode=OFF radar_adj=0 mom= conf=0
[ALPHA_X13_BURST13] [1;36m22:28:54[0m [1;32mx13[0m [1;36m#106[0m SKIP tension=[1;31m3.85943293[0m [0m| spread_too_wide [1;33mconf=0.5[0m
[ALPHA_X13_BURST13] mode=OFF radar_adj=0 mom= conf=0
[ALPHA_X13_BURST13] [1;36m22:29:02[0m [1;32mx13[0m [1;36m#107[0m SKIP tension=[1;36m0.00000000[0m [0m| spread_too_wide [1;31mconf=0.0[0m
[BETA_X5] [1;36m22:29:03[0m [1;33mx5[0m [1;36m#105[0m SKIP tension=[1;36m0.00155212[0m [0m| spread_too_wide [1;31mconf=0.0013[0m
[ALPHA_X13_BURST13] mode=OFF radar_adj=0 mom= conf=0
[BETA_X5] mode=OFF radar_adj=0 mom= conf=0
[BETA_X5] [1;36m22:29:11[0m [1;33mx5[0m [1;36m#106[0m SKIP tension=[1;36m0.00000000[0m [0m| spread_too_wide [1;31mconf=0.0[0m
[ALPHA_X13_BURST13] [1;36m22:29:12[0m [1;32mx13[0m [1;36m#108[0m SKIP tension=[1;36m0.00000000[0m [0m| spread_too_wide [1;31mconf=0.0[0m
[BETA_X5] mode=OFF radar_adj=0 mom= conf=0
[ALPHA_X13_BURST13] mode=OFF radar_adj=0 mom= conf=0
[BETA_X5] [1;36m22:29:19[0m [1;33mx5[0m [1;36m#107[0m SKIP tension=[1;36m0.00004654[0m [0m| spread_too_wide [1;31mconf=0.0[0m
[ALPHA_X13_BURST13] [1;36m22:29:21[0m [1;32mx13[0m [1;36m#109[0m SKIP tension=[1;36m0.00000000[0m [0m| momentum_too_small [1;31mconf=0.1752[0m
[BETA_X5] mode=OFF radar_adj=0 mom= conf=0
[ALPHA_X13_BURST13] mode=OFF radar_adj=0 mom= conf=0
[BETA_X5] [1;36m22:29:27[0m [1;33mx5[0m [1;36m#108[0m SKIP tension=[1;36m0.00002607[0m [0m| spread_too_wide [1;31mconf=0.0[0m
[ALPHA_X13_BURST13] [1;36m22:29:29[0m [1;32mx13[0m [1;36m#110[0m SKIP tension=[1;36m0.00003805[0m [0m| spread_too_wide [1;31mconf=0.0[0m
[BETA_X5] mode=OFF radar_adj=0 mom= conf=0
[ALPHA_X13_BURST13] mode=OFF radar_adj=0 mom= conf=0
[BETA_X5] [1;36m22:29:35[0m [1;33mx5[0m [1;36m#109[0m SKIP tension=[1;36m0.09004626[0m [0m| spread_too_wide [1;31mconf=0.075[0m
[BETA_X5] mode=OFF radar_adj=0 mom= conf=0
[ALPHA_X13_BURST13] [1;36m22:29:38[0m [1;32mx13[0m [1;36m#111[0m SKIP tension=[1;32m1.55308691[0m [0m| spread_too_wide [1;33mconf=0.5[0m
[ALPHA_X13_BURST13] mode=OFF radar_adj=0 mom= conf=0
[BETA_X5] [1;36m22:29:43[0m [1;33mx5[0m [1;36m#110[0m SKIP tension=[1;36m0.00001664[0m [0m| spread_too_wide [1;31mconf=0.0[0m
[BETA_X5] mode=OFF radar_adj=0 mom= conf=0
[ALPHA_X13_BURST13] [1;36m22:29:46[0m [1;32mx13[0m [1;36m#112[0m SKIP tension=[1;36m0.00004403[0m [0m| spread_too_wide [1;31mconf=0.0[0m
[ALPHA_X13_BURST13] mode=OFF radar_adj=0 mom= conf=0
[ALPHA_X13_BURST13] [1;36m22:29:55[0m [1;32mx13[0m [1;36m#113[0m SKIP [1;33m| tension_stale age=10826ms>800ms (NUAGE)[0m
[ALPHA_X13_BURST13] mode=OFF radar_adj=0 mom= conf=0
[BETA_X5] [1;36mCycle 111[0m [1;32mSOFT anomaly[0m [1;33m| pnl_abs=0.39520000 > 0.02500000[0m
[BETA_X5] [1;36mentry=22:29:55@64950.00000000[0m [1;33mx5[0m [1;36m#111[0m [1;32mSELL[0m tension=[1;32m1.54498812[0m hold=[1;36m6[0ms sec=[1;36m6[0m [0m| exit=64898.00000000 [1;32mconf=0.8941[0m [1;36mexit_time=22:30:01[0m [1;32mpnl=0.39520000 bps=8.00615858 pct=0.08006159% total=0.11491999999999997[0m
[ALPHA_X13_BURST13] [1;36m22:30:04[0m [1;32mx13[0m [1;36m#114[0m SKIP tension=[1;36m0.00004079[0m [0m| momentum_too_small [1;31mconf=0.0001[0m
[BETA_X5] mode=OFF radar_adj=0 mom= conf=0
[ALPHA_X13_BURST13] mode=OFF radar_adj=0 mom= conf=0
[ALPHA_X13_BURST13] [1;36m22:30:12[0m [1;32mx13[0m [1;36m#115[0m SKIP tension=[1;36m0.00000000[0m [0m| momentum_too_small [1;31mconf=0.3129[0m
[ALPHA_X13_BURST13] mode=OFF radar_adj=0 mom= conf=0
[ALPHA_X13_BURST13] [1;36m22:30:22[0m [1;32mx13[0m [1;36m#116[0m SKIP tension=[1;36m0.10444456[0m [0m| direction_unclear [1;31mconf=0.1556[0m
[BETA_X5] [1;36mCycle 112[0m [1;32mSOFT anomaly[0m [1;33m| pnl_abs=0.08360000 > 0.02500000[0m
[BETA_X5] [1;36mentry=22:30:16@64898.00000000[0m [1;33mx5[0m [1;36m#112[0m [1;32mSELL[0m tension=[1;31m8.64622322[0m hold=[1;36m6[0ms sec=[1;36m6[0m [0m| exit=64887.00000000 [1;32mconf=0.8941[0m [1;36mexit_time=22:30:22[0m [1;32mpnl=0.08360000 bps=1.69496749 pct=0.01694967% total=0.19851999999999997[0m
[ALPHA_X13_BURST13] mode=OFF radar_adj=0 mom= conf=0
[BETA_X5] mode=OFF radar_adj=0 mom= conf=0
[ALPHA_X13_BURST13] [1;36m22:30:30[0m [1;32mx13[0m [1;36m#117[0m SKIP tension=[1;36m0.00000194[0m [0m| momentum_too_small [1;31mconf=0.0[0m
[BETA_X5] [1;36m22:30:31[0m [1;33mx5[0m [1;36m#113[0m SKIP tension=[1;36m0.00025516[0m [0m| momentum_too_small [1;31mconf=0.0004[0m
[ALPHA_X13_BURST13] mode=OFF radar_adj=0 mom= conf=0
[BETA_X5] mode=OFF radar_adj=0 mom= conf=0
[ALPHA_X13_BURST13] [1;36m22:30:38[0m [1;32mx13[0m [1;36m#118[0m SKIP tension=[1;36m0.00008226[0m [0m| momentum_too_small [1;31mconf=0.0001[0m
[BETA_X5] [1;36m22:30:39[0m [1;33mx5[0m [1;36m#114[0m SKIP tension=[1;36m0.00019537[0m [0m| momentum_too_small [1;31mconf=0.0003[0m
[ALPHA_X13_BURST13] mode=OFF radar_adj=0 mom= conf=0
[BETA_X5] mode=OFF radar_adj=0 mom= conf=0
[ALPHA_X13_BURST13] [1;36m22:30:46[0m [1;32mx13[0m [1;36m#119[0m SKIP tension=[1;36m0.00046780[0m [0m| spread_too_wide [1;31mconf=0.0004[0m
[BETA_X5] [1;36m22:30:47[0m [1;33mx5[0m [1;36m#115[0m SKIP tension=[1;36m0.00046830[0m [0m| spread_too_wide [1;31mconf=0.0004[0m
[ALPHA_X13_BURST13] mode=OFF radar_adj=0 mom= conf=0
[BETA_X5] mode=OFF radar_adj=0 mom= conf=0
[BETA_X5] [1;36m22:30:55[0m [1;33mx5[0m [1;36m#116[0m SKIP tension=[1;36m0.16890607[0m [0m| direction_unclear [1;31mconf=0.255[0m
[ALPHA_X13_BURST13] [1;36m22:30:55[0m [1;32mx13[0m [1;36m#120[0m SKIP tension=[1;36m0.16890607[0m [0m| direction_unclear [1;31mconf=0.255[0m
[BETA_X5] mode=OFF radar_adj=0 mom= conf=0
[ALPHA_X13_BURST13] mode=OFF radar_adj=0 mom= conf=0
[BETA_X5] [1;36m22:31:03[0m [1;33mx5[0m [1;36m#117[0m SKIP tension=[1;36m0.00007537[0m [0m| spread_too_wide [1;31mconf=0.0001[0m
[ALPHA_X13_BURST13] [1;36m22:31:03[0m [1;32mx13[0m [1;36m#121[0m SKIP tension=[1;36m0.00006783[0m [0m| spread_too_wide [1;31mconf=0.0001[0m
[BETA_X5] mode=OFF radar_adj=0 mom= conf=0
[ALPHA_X13_BURST13] mode=OFF radar_adj=0 mom= conf=0
[BETA_X5] [1;36m22:31:10[0m [1;33mx5[0m [1;36m#118[0m SKIP tension=[1;36m0.00001926[0m [0m| momentum_too_small [1;31mconf=0.0[0m
[ALPHA_X13_BURST13] [1;36m22:31:11[0m [1;32mx13[0m [1;36m#122[0m SKIP tension=[1;36m0.00002474[0m [0m| momentum_too_small [1;31mconf=0.0[0m
[BETA_X5] mode=OFF radar_adj=0 mom= conf=0
[ALPHA_X13_BURST13] mode=OFF radar_adj=0 mom= conf=0
[BETA_X5] [1;36m22:31:18[0m [1;33mx5[0m [1;36m#119[0m SKIP tension=[1;36m0.00067812[0m [0m| momentum_too_small [1;31mconf=0.0006[0m
[ALPHA_X13_BURST13] [1;36m22:31:20[0m [1;32mx13[0m [1;36m#123[0m SKIP tension=[1;36m0.00038878[0m [0m| momentum_too_small [1;31mconf=0.0004[0m
[BETA_X5] mode=OFF radar_adj=0 mom= conf=0
[ALPHA_X13_BURST13] mode=OFF radar_adj=0 mom= conf=0
[BETA_X5] [1;36m22:31:26[0m [1;33mx5[0m [1;36m#120[0m SKIP tension=[1;36m0.00001213[0m [0m| momentum_too_small [1;31mconf=0.0[0m
[ALPHA_X13_BURST13] [1;36m22:31:28[0m [1;32mx13[0m [1;36m#124[0m SKIP tension=[1;36m0.00000000[0m [0m| momentum_too_small [1;31mconf=0.3129[0m
[BETA_X5] mode=OFF radar_adj=0 mom= conf=0
[ALPHA_X13_BURST13] mode=OFF radar_adj=0 mom= conf=0
[BETA_X5] [1;36m22:31:34[0m [1;33mx5[0m [1;36m#121[0m SKIP tension=[1;36m0.00000000[0m [0m| momentum_too_small [1;31mconf=0.317[0m
[ALPHA_X13_BURST13] [1;36m22:31:36[0m [1;32mx13[0m [1;36m#125[0m SKIP tension=[1;36m0.00000873[0m [0m| momentum_too_small [1;31mconf=0.0[0m
[BETA_X5] mode=OFF radar_adj=0 mom= conf=0
[ALPHA_X13_BURST13] mode=OFF radar_adj=0 mom= conf=0
[BETA_X5] [1;36m22:31:42[0m [1;33mx5[0m [1;36m#122[0m SKIP tension=[1;36m0.00000000[0m [0m| momentum_too_small [1;31mconf=0.317[0m
[BETA_X5] mode=OFF radar_adj=0 mom= conf=0
[ALPHA_X13_BURST13] [1;36m22:31:45[0m [1;32mx13[0m [1;36m#126[0m SKIP [1;33m| tension_stale age=1406ms>800ms (NUAGE)[0m
[ALPHA_X13_BURST13] mode=OFF radar_adj=0 mom= conf=0
[BETA_X5] [1;36m22:31:51[0m [1;33mx5[0m [1;36m#123[0m SKIP tension=[1;36m0.46023339[0m [0m| wall_not_collapsed
[BETA_X5] mode=OFF radar_adj=0 mom= conf=0
[ALPHA_X13_BURST13] [1;36m22:31:54[0m [1;32mx13[0m [1;36m#127[0m SKIP [1;33m| tension_stale age=1513ms>800ms (NUAGE)[0m
[BETA_X5] [1;36m22:31:59[0m [1;33mx5[0m [1;36m#124[0m SKIP tension=[1;36m0.00001950[0m [0m| momentum_too_small [1;31mconf=0.0[0m
[BETA_X5] mode=OFF radar_adj=0 mom= conf=0
[ALPHA_X13_BURST13] mode=OFF radar_adj=0 mom= conf=0
[BETA_X5] [1;36m22:32:07[0m [1;33mx5[0m [1;36m#125[0m SKIP tension=[1;36m0.00008847[0m [0m| momentum_too_small [1;31mconf=0.0001[0m
[ALPHA_X13_BURST13] [1;36m22:32:07[0m [1;32mx13[0m [1;36m#128[0m SKIP tension=[1;36m0.00008847[0m [0m| momentum_too_small [1;31mconf=0.0001[0m
[BETA_X5] mode=OFF radar_adj=0 mom= conf=0
[ALPHA_X13_BURST13] mode=OFF radar_adj=0 mom= conf=0
[BETA_X5] [1;36m22:32:15[0m [1;33mx5[0m [1;36m#126[0m SKIP tension=[1;36m0.00000194[0m [0m| momentum_too_small [1;31mconf=0.0[0m
[ALPHA_X13_BURST13] [1;36m22:32:15[0m [1;32mx13[0m [1;36m#129[0m SKIP tension=[1;36m0.00000000[0m [0m| momentum_too_small [1;31mconf=0.3129[0m
[BETA_X5] mode=OFF radar_adj=0 mom= conf=0
[ALPHA_X13_BURST13] mode=OFF radar_adj=0 mom= conf=0
[BETA_X5] [1;36m22:32:23[0m [1;33mx5[0m [1;36m#127[0m SKIP tension=[1;36m0.78476550[0m [0m| wall_not_collapsed
[ALPHA_X13_BURST13] [1;36m22:32:26[0m [1;32mx13[0m [1;36m#130[0m SKIP tension=[1;31m2.78949034[0m [0m| duo no_trigger
[BETA_X5] mode=OFF radar_adj=0 mom= conf=0
[ALPHA_X13_BURST13] mode=OFF radar_adj=0 mom= conf=0
[BETA_X5] [1;36m22:32:31[0m [1;33mx5[0m [1;36m#128[0m SKIP tension=[1;36m0.00000000[0m [0m| momentum_too_small [1;31mconf=0.3311[0m
[ALPHA_X13_BURST13] [1;36m22:32:34[0m [1;32mx13[0m [1;36m#131[0m SKIP tension=[1;36m0.00000000[0m [0m| momentum_too_small [1;31mconf=0.3311[0m
[BETA_X5] mode=OFF radar_adj=0 mom= conf=0
[ALPHA_X13_BURST13] mode=OFF radar_adj=0 mom= conf=0
[BETA_X5] [1;36m22:32:39[0m [1;33mx5[0m [1;36m#129[0m SKIP tension=[1;33m0.86270599[0m [0m| wall_not_collapsed
[BETA_X5] mode=OFF radar_adj=0 mom= conf=0
[ALPHA_X13_BURST13] [1;36m22:32:42[0m [1;32mx13[0m [1;36m#132[0m SKIP tension=[1;36m0.00000194[0m [0m| momentum_too_small [1;31mconf=0.0[0m
[ALPHA_X13_BURST13] mode=OFF radar_adj=0 mom= conf=0
[BETA_X5] [1;36m22:32:47[0m [1;33mx5[0m [1;36m#130[0m SKIP tension=[1;36m0.00000000[0m [0m| momentum_too_small [1;31mconf=0.3129[0m
[BETA_X5] mode=OFF radar_adj=0 mom= conf=0
[ALPHA_X13_BURST13] [1;36m22:32:50[0m [1;32mx13[0m [1;36m#133[0m SKIP tension=[1;33m0.90244206[0m [0m| wall_not_collapsed
[ALPHA_X13_BURST13] mode=OFF radar_adj=0 mom= conf=0
[BETA_X5] [1;36m22:32:55[0m [1;33mx5[0m [1;36m#131[0m SKIP tension=[1;36m0.55111707[0m [0m| wall_not_collapsed
[BETA_X5] mode=OFF radar_adj=0 mom= conf=0
[ALPHA_X13_BURST13] [1;36m22:32:59[0m [1;32mx13[0m [1;36m#134[0m SKIP tension=[1;32m1.05391602[0m [0m| duo no_trigger
[ALPHA_X13_BURST13] mode=OFF radar_adj=0 mom= conf=0
[BETA_X5] [1;36m22:33:02[0m [1;33mx5[0m [1;36m#132[0m SKIP tension=[1;36m0.00007005[0m [0m| momentum_too_small [1;31mconf=0.0001[0m
[BETA_X5] mode=OFF radar_adj=0 mom= conf=0
[ALPHA_X13_BURST13] [1;36m22:33:08[0m [1;32mx13[0m [1;36m#135[0m SKIP tension=[1;36m0.00007732[0m [0m| momentum_too_small [1;31mconf=0.0001[0m
[BETA_X5] [1;36m22:33:10[0m [1;33mx5[0m [1;36m#133[0m SKIP tension=[1;36m0.00084680[0m [0m| momentum_too_small [1;31mconf=0.0013[0m
[ALPHA_X13_BURST13] mode=OFF radar_adj=0 mom= conf=0
[BETA_X5] mode=OFF radar_adj=0 mom= conf=0
[ALPHA_X13_BURST13] [1;36m22:33:16[0m [1;32mx13[0m [1;36m#136[0m SKIP tension=[1;36m0.00000048[0m [0m| momentum_too_small [1;31mconf=0.0[0m
[ALPHA_X13_BURST13] mode=OFF radar_adj=0 mom= conf=0
[ALPHA_X13_BURST13] [1;36m22:33:25[0m [1;32mx13[0m [1;36m#137[0m SKIP tension=[1;36m0.00001096[0m [0m| momentum_too_small [1;31mconf=0.0[0m
[ALPHA_X13_BURST13] mode=OFF radar_adj=0 mom= conf=0
[BETA_X5] [1;36mCycle 134[0m [1;32mSOFT anomaly[0m [1;33m| pnl_abs=0.07144000 > 0.02500000[0m
[BETA_X5] [1;36mentry=22:33:22@64896.40000000[0m [1;33mx5[0m [1;36m#134[0m [1;32mSELL[0m tension=[1;32m1.20282203[0m hold=[1;36m6[0ms sec=[1;36m6[0m [0m| exit=64887.00000000 [1;32mconf=0.9095[0m [1;36mexit_time=22:33:29[0m [1;32mpnl=0.07144000 bps=1.44846247 pct=0.01448462% total=0.26996[0m
[BETA_X5] mode=OFF radar_adj=0 mom= conf=0
[ALPHA_X13_BURST13] [1;36m22:33:33[0m [1;32mx13[0m [1;36m#138[0m SKIP tension=[1;36m0.00009269[0m [0m| momentum_too_small [1;31mconf=0.0001[0m
[BETA_X5] [1;36m22:33:39[0m [1;33mx5[0m [1;36m#135[0m SKIP tension=[1;36m0.00000000[0m [0m| momentum_too_small [1;31mconf=0.3183[0m
[ALPHA_X13_BURST13] mode=OFF radar_adj=0 mom= conf=0
[BETA_X5] mode=OFF radar_adj=0 mom= conf=0
[BETA_X5] [1;36m22:33:47[0m [1;33mx5[0m [1;36m#136[0m SKIP tension=[1;36m0.00003805[0m [0m| momentum_too_small [1;31mconf=0.0001[0m
[BETA_X5] mode=OFF radar_adj=0 mom= conf=0
[ALPHA_X13_BURST13] [1;36m22:33:53[0m [1;32mx13[0m [1;36m#139[0m SKIP tension=[1;31m2.17043551[0m [0m| duo no_trigger
[BETA_X5] [1;36m22:33:54[0m [1;33mx5[0m [1;36m#137[0m SKIP tension=[1;36m0.58382073[0m [0m| wall_not_collapsed
[ALPHA_X13_BURST13] mode=OFF radar_adj=0 mom= conf=0
[BETA_X5] mode=OFF radar_adj=0 mom= conf=0
[BETA_X5] [1;36m22:34:02[0m [1;33mx5[0m [1;36m#138[0m SKIP tension=[1;36m0.00002118[0m [0m| momentum_too_small [1;31mconf=0.0[0m
[BETA_X5] mode=OFF radar_adj=0 mom= conf=0
[ALPHA_X13_BURST13] [1;36m22:34:07[0m [1;32mx13[0m [1;36m#140[0m SKIP tension=[1;36m0.75761648[0m [0m| wall_not_collapsed
[ALPHA_X13_BURST13] mode=OFF radar_adj=0 mom= conf=0
[BETA_X5] [1;36m22:34:10[0m [1;33mx5[0m [1;36m#139[0m SKIP tension=[1;36m0.00193290[0m [0m| momentum_too_small [1;31mconf=0.0031[0m
[BETA_X5] mode=OFF radar_adj=0 mom= conf=0
[BETA_X5] [1;36m22:34:18[0m [1;33mx5[0m [1;36m#140[0m SKIP tension=[1;36m0.00000945[0m [0m| momentum_too_small [1;31mconf=0.0[0m
[ALPHA_X13_BURST13] [1;36m22:34:20[0m [1;32mx13[0m [1;36m#141[0m SKIP tension=[1;36m0.00058265[0m [0m| momentum_too_small [1;31mconf=0.0009[0m
[BETA_X5] mode=OFF radar_adj=0 mom= conf=0
[ALPHA_X13_BURST13] mode=OFF radar_adj=0 mom= conf=0
[BETA_X5] [1;36m22:34:31[0m [1;33mx5[0m [1;36m#141[0m SKIP tension=[1;36m0.84712058[0m [0m| wall_not_collapsed
[BETA_X5] mode=OFF radar_adj=0 mom= conf=0
[ALPHA_X13_BURST13] [1;36m22:34:34[0m [1;32mx13[0m [1;36m#142[0m SKIP tension=[1;36m0.67305848[0m [0m| wall_not_collapsed
[ALPHA_X13_BURST13] mode=OFF radar_adj=0 mom= conf=0
[ALPHA_X13_BURST13] [1;36m22:34:42[0m [1;32mx13[0m [1;36m#143[0m SKIP tension=[1;36m0.00000000[0m [0m| momentum_too_small [1;31mconf=0.3173[0m
[ALPHA_X13_BURST13] mode=OFF radar_adj=0 mom= conf=0
[BETA_X5] [1;36mentry=22:34:43@64900.00000000[0m [1;33mx5[0m [1;36m#142[0m [1;33mSELL[0m tension=[1;31m2.74158775[0m hold=[1;36m6[0ms sec=[1;36m6[0m [0m| exit=64900.00000000 [1;32mconf=0.9066[0m [1;36mexit_time=22:34:49[0m [1;33mpnl=-0.00000000 bps=-0.00000000 pct=-0.00000000% total=0.26996[0m
[ALPHA_X13_BURST13] [1;36m22:34:51[0m [1;32mx13[0m [1;36m#144[0m SKIP tension=[1;36m0.00000218[0m [0m| momentum_too_small [1;31mconf=0.0[0m
[BETA_X5] mode=OFF radar_adj=0 mom= conf=0
[ALPHA_X13_BURST13] mode=OFF radar_adj=0 mom= conf=0
[ALPHA_X13_BURST13] [1;36m22:34:59[0m [1;32mx13[0m [1;36m#145[0m SKIP tension=[1;32m1.91545895[0m [0m| duo no_trigger
[ALPHA_X13_BURST13] mode=OFF radar_adj=0 mom= conf=0
[ALPHA_X13_BURST13] [1;36m22:35:08[0m [1;32mx13[0m [1;36m#146[0m SKIP tension=[1;32m1.47683725[0m [0m| duo no_trigger
[BETA_X5] shockwave beta->alpha until_cycle=153
[BETA_X5] [1;33mSWARM shockwave[0m [0m| beta -> neighbor (fluid_exit_inversion)[0m
[BETA_X5] [1;36mCycle 143[0m [1;32mSOFT anomaly[0m [1;33m| pnl_abs=0.06992000 > 0.02500000[0m
[ALPHA_X13_BURST13] mode=OFF radar_adj=0 mom= conf=0
[BETA_X5] [1;36mentry=22:35:04@64900.00000000[0m [1;33mx5[0m [1;36m#143[0m [1;31mSELL[0m tension=[1;32m1.91546711[0m hold=[1;36m7[0ms sec=[1;36m7[0m [0m| exit=64909.20000000 [1;32mconf=0.8344[0m [1;36mexit_time=22:35:11[0m [1;31mpnl=-0.06992000 bps=-1.41756549 pct=-0.01417565% total=0.20004[0m
[BETA_X5] mode=OFF radar_adj=0 mom= conf=0
[BETA_X5] [1;36m22:35:20[0m [1;33mx5[0m [1;36m#144[0m SKIP tension=[1;36m0.00000000[0m [0m| momentum_too_small [1;31mconf=0.3328[0m
[ALPHA_X13_BURST13] [1;36m22:35:21[0m [1;32mx13[0m [1;36m#147[0m SKIP tension=[1;36m0.00003540[0m [0m| momentum_too_small [1;31mconf=0.0001[0m
[BETA_X5] mode=OFF radar_adj=0 mom= conf=0
[ALPHA_X13_BURST13] mode=OFF radar_adj=0 mom= conf=0
[BETA_X5] [1;36m22:35:29[0m [1;33mx5[0m [1;36m#145[0m SKIP tension=[1;36m0.16896348[0m [0m| direction_unclear [1;31mconf=0.2803[0m
[ALPHA_X13_BURST13] [1;36m22:35:30[0m [1;32mx13[0m [1;36m#148[0m SKIP tension=[1;36m0.00000000[0m [0m| momentum_too_small [1;31mconf=0.3493[0m
[BETA_X5] mode=OFF radar_adj=0 mom= conf=0
[ALPHA_X13_BURST13] mode=OFF radar_adj=0 mom= conf=0
[ALPHA_X13_BURST13] [1;36m22:35:39[0m [1;32mx13[0m [1;36m#149[0m SKIP tension=[1;36m0.00000000[0m [0m| momentum_too_small [1;31mconf=0.3237[0m
[ALPHA_X13_BURST13] mode=OFF radar_adj=0 mom= conf=0
[ALPHA_X13_BURST13] [1;36m22:35:47[0m [1;32mx13[0m [1;36m#150[0m SKIP tension=[1;36m0.00000000[0m [0m| momentum_too_small [1;31mconf=0.2253[0m
[BETA_X5] [1;36mCycle 146[0m [1;32mSOFT anomaly[0m [1;33m| pnl_abs=0.05548000 > 0.02500000[0m
[BETA_X5] [1;36mentry=22:35:41@64912.80000000[0m [1;33mx5[0m [1;36m#146[0m [1;32mSELL[0m tension=[1;31m8.27626381[0m hold=[1;36m6[0ms sec=[1;36m6[0m [0m| exit=64905.50000000 [1;32mconf=0.9625[0m [1;36mexit_time=22:35:47[0m [1;32mpnl=0.05548000 bps=1.12458560 pct=0.01124586% total=0.25551999999999997[0m
[ALPHA_X13_BURST13] mode=OFF radar_adj=0 mom= conf=0
[BETA_X5] mode=OFF radar_adj=0 mom= conf=0
[ALPHA_X13_BURST13] [1;36m22:35:55[0m [1;32mx13[0m [1;36m#151[0m SKIP tension=[1;36m0.00000194[0m [0m| momentum_too_small [1;31mconf=0.0[0m
[BETA_X5] [1;36m22:35:57[0m [1;33mx5[0m [1;36m#147[0m SKIP tension=[1;36m0.00000000[0m [0m| momentum_too_small [1;31mconf=0.2876[0m
[ALPHA_X13_BURST13] mode=OFF radar_adj=0 mom= conf=0
[ALPHA_X13_BURST13] [1;36m22:36:03[0m [1;32mx13[0m [1;36m#152[0m SKIP tension=[1;36m0.00003775[0m [0m| momentum_too_small [1;31mconf=0.0[0m
[BETA_X5] mode=OFF radar_adj=0 mom= conf=0
[ALPHA_X13_BURST13] mode=OFF radar_adj=0 mom= conf=0
[BETA_X5] [1;36m22:36:10[0m [1;33mx5[0m [1;36m#148[0m SKIP tension=[1;36m0.00000857[0m [0m| momentum_too_small [1;31mconf=0.0[0m
[ALPHA_X13_BURST13] [1;36m22:36:11[0m [1;32mx13[0m [1;36m#153[0m SKIP tension=[1;32m1.23357708[0m [0m| duo no_trigger
[BETA_X5] mode=OFF radar_adj=0 mom= conf=0
[ALPHA_X13_BURST13] mode=OFF radar_adj=0 mom= conf=0
[ALPHA_X13_BURST13] [1;36m22:36:20[0m [1;32mx13[0m [1;36m#154[0m SKIP tension=[1;36m0.00003445[0m [0m| momentum_too_small [1;31mconf=0.0[0m
[BETA_X5] [1;36m22:36:22[0m [1;33mx5[0m [1;36m#149[0m SKIP tension=[1;36m0.00000000[0m [0m| momentum_too_small [1;31mconf=0.2856[0m
[ALPHA_X13_BURST13] mode=OFF radar_adj=0 mom= conf=0
[BETA_X5] mode=OFF radar_adj=0 mom= conf=0
[ALPHA_X13_BURST13] [1;36m22:36:28[0m [1;32mx13[0m [1;36m#155[0m SKIP tension=[1;36m0.00002102[0m [0m| momentum_too_small [1;31mconf=0.0[0m
[ALPHA_X13_BURST13] mode=OFF radar_adj=0 mom= conf=0
[BETA_X5] [1;36m22:36:32[0m [1;33mx5[0m [1;36m#150[0m SKIP tension=[1;36m0.00000777[0m [0m| momentum_too_small [1;31mconf=0.0[0m
[BETA_X5] mode=OFF radar_adj=0 mom= conf=0
[ALPHA_X13_BURST13] [1;36m22:36:36[0m [1;32mx13[0m [1;36m#156[0m SKIP tension=[1;36m0.00000000[0m [0m| momentum_too_small [1;31mconf=0.2853[0m
[ALPHA_X13_BURST13] mode=OFF radar_adj=0 mom= conf=0
[BETA_X5] [1;36m22:36:39[0m [1;33mx5[0m [1;36m#151[0m SKIP tension=[1;36m0.00000904[0m [0m| momentum_too_small [1;31mconf=0.0[0m
[BETA_X5] mode=OFF radar_adj=0 mom= conf=0
[ALPHA_X13_BURST13] [1;36m22:36:45[0m [1;32mx13[0m [1;36m#157[0m SKIP tension=[1;36m0.65044200[0m [0m| wall_not_collapsed
[ALPHA_X13_BURST13] mode=OFF radar_adj=0 mom= conf=0
[ALPHA_X13_BURST13] [1;36m22:36:55[0m [1;32mx13[0m [1;36m#158[0m SKIP [1;33m| tension_stale age=1041ms>800ms (NUAGE)[0m
[ALPHA_X13_BURST13] mode=OFF radar_adj=0 mom= conf=0
[BETA_X5] [1;36mCycle 152[0m [1;32mSOFT anomaly[0m [1;33m| pnl_abs=0.04788000 > 0.02500000[0m
[BETA_X5] [1;36mentry=22:36:51@64906.30000000[0m [1;33mx5[0m [1;36m#152[0m [1;32mSELL[0m tension=[1;32m1.24894116[0m hold=[1;36m7[0ms sec=[1;36m7[0m [0m| exit=64900.00000000 [1;32mconf=0.8941[0m [1;36mexit_time=22:36:58[0m [1;32mpnl=0.04788000 bps=0.97062997 pct=0.00970630% total=0.30339999999999995[0m
[BETA_X5] mode=OFF radar_adj=0 mom= conf=0
[ALPHA_X13_BURST13] [1;36m22:37:03[0m [1;32mx13[0m [1;36m#159[0m SKIP tension=[1;36m0.52919440[0m [0m| wall_not_collapsed
[BETA_X5] [1;36m22:37:08[0m [1;33mx5[0m [1;36m#153[0m SKIP tension=[1;36m0.00000000[0m [0m| momentum_too_small [1;31mconf=0.2903[0m
[BETA_X5] mode=OFF radar_adj=0 mom= conf=0
[ALPHA_X13_BURST13] mode=OFF radar_adj=0 mom= conf=0
[BETA_X5] [1;36m22:37:15[0m [1;33mx5[0m [1;36m#154[0m SKIP [0m| Mode Écoute: spread=2.74250000 volat=41.65896094 (attente froid)
[ALPHA_X13_BURST13] [1;36m22:37:17[0m [1;32mx13[0m [1;36m#160[0m SKIP tension=[1;36m0.06768221[0m [0m| direction_unclear [1;31mconf=0.011[0m
[BETA_X5] mode=OFF radar_adj=0 mom= conf=0
[ALPHA_X13_BURST13] mode=OFF radar_adj=0 mom= conf=0
[BETA_X5] [1;36m22:37:23[0m [1;33mx5[0m [1;36m#155[0m SKIP tension=[1;36m0.00000000[0m [0m| momentum_too_small [1;31mconf=0.3335[0m
[ALPHA_X13_BURST13] [1;36m22:37:25[0m [1;32mx13[0m [1;36m#161[0m SKIP tension=[1;36m0.00000000[0m [0m| momentum_too_small [1;31mconf=0.3335[0m
[BETA_X5] mode=OFF radar_adj=0 mom= conf=0
[ALPHA_X13_BURST13] mode=OFF radar_adj=0 mom= conf=0
[BETA_X5] [1;36m22:37:31[0m [1;33mx5[0m [1;36m#156[0m SKIP tension=[1;36m0.00000243[0m [0m| momentum_too_small [1;31mconf=0.0[0m
[ALPHA_X13_BURST13] [1;36m22:37:33[0m [1;32mx13[0m [1;36m#162[0m SKIP tension=[1;33m0.89923353[0m [0m| wall_not_collapsed
[BETA_X5] mode=OFF radar_adj=0 mom= conf=0
[ALPHA_X13_BURST13] mode=OFF radar_adj=0 mom= conf=0
[BETA_X5] [1;36m22:37:39[0m [1;33mx5[0m [1;36m#157[0m SKIP tension=[1;36m0.00000843[0m [0m| momentum_too_small [1;31mconf=0.0[0m
[BETA_X5] mode=OFF radar_adj=0 mom= conf=0
[ALPHA_X13_BURST13] [1;36m22:37:41[0m [1;32mx13[0m [1;36m#163[0m SKIP tension=[1;36m0.00001966[0m [0m| momentum_too_small [1;31mconf=0.0[0m
[ALPHA_X13_BURST13] mode=OFF radar_adj=0 mom= conf=0
[BETA_X5] [1;36m22:37:46[0m [1;33mx5[0m [1;36m#158[0m SKIP tension=[1;36m0.00002420[0m [0m| momentum_too_small [1;31mconf=0.0[0m
[BETA_X5] mode=OFF radar_adj=0 mom= conf=0
[ALPHA_X13_BURST13] [1;36m22:37:50[0m [1;32mx13[0m [1;36m#164[0m SKIP tension=[1;36m0.06672057[0m [0m| direction_unclear [1;31mconf=0.0124[0m
[ALPHA_X13_BURST13] mode=OFF radar_adj=0 mom= conf=0
[BETA_X5] [1;36m22:37:55[0m [1;33mx5[0m [1;36m#159[0m SKIP tension=[1;36m0.23087142[0m [0m| wall_not_collapsed
[BETA_X5] mode=OFF radar_adj=0 mom= conf=0
[BETA_X5] [1;36m22:38:03[0m [1;33mx5[0m [1;36m#160[0m SKIP tension=[1;36m0.54190603[0m [0m| wall_not_collapsed
[ALPHA_X13_BURST13] [1;36m22:38:05[0m [1;32mx13[0m [1;36m#165[0m SKIP tension=[1;32m1.20206417[0m [0m| duo no_trigger
[BETA_X5] mode=OFF radar_adj=0 mom= conf=0
[ALPHA_X13_BURST13] mode=OFF radar_adj=0 mom= conf=0
[BETA_X5] [1;36m22:38:11[0m [1;33mx5[0m [1;36m#161[0m SKIP tension=[1;36m0.00254311[0m [0m| momentum_too_small [1;31mconf=0.004[0m
[ALPHA_X13_BURST13] [1;36m22:38:13[0m [1;32mx13[0m [1;36m#166[0m SKIP tension=[1;36m0.00003060[0m [0m| momentum_too_small [1;31mconf=0.0[0m
[BETA_X5] mode=OFF radar_adj=0 mom= conf=0
[ALPHA_X13_BURST13] mode=OFF radar_adj=0 mom= conf=0
[BETA_X5] [1;36m22:38:20[0m [1;33mx5[0m [1;36m#162[0m SKIP tension=[1;36m0.00003060[0m [0m| momentum_too_small [1;31mconf=0.0[0m
[ALPHA_X13_BURST13] [1;36m22:38:21[0m [1;32mx13[0m [1;36m#167[0m SKIP tension=[1;36m0.00000000[0m [0m| momentum_too_small [1;31mconf=0.3264[0m
[BETA_X5] mode=OFF radar_adj=0 mom= conf=0
[ALPHA_X13_BURST13] mode=OFF radar_adj=0 mom= conf=0
[BETA_X5] [1;36m22:38:28[0m [1;33mx5[0m [1;36m#163[0m SKIP tension=[1;36m0.76509457[0m [0m| wall_not_collapsed
[ALPHA_X13_BURST13] [1;36m22:38:29[0m [1;32mx13[0m [1;36m#168[0m SKIP tension=[1;36m0.76508990[0m [0m| wall_not_collapsed
[BETA_X5] mode=OFF radar_adj=0 mom= conf=0
[ALPHA_X13_BURST13] mode=OFF radar_adj=0 mom= conf=0
[BETA_X5] [1;36m22:38:35[0m [1;33mx5[0m [1;36m#164[0m SKIP tension=[1;36m0.41657800[0m [0m| wall_not_collapsed
[ALPHA_X13_BURST13] [1;36m22:38:37[0m [1;32mx13[0m [1;36m#169[0m SKIP tension=[1;36m0.00001576[0m [0m| momentum_too_small [1;31mconf=0.0[0m
[BETA_X5] mode=OFF radar_adj=0 mom= conf=0
[ALPHA_X13_BURST13] mode=OFF radar_adj=0 mom= conf=0
[BETA_X5] [1;36m22:38:44[0m [1;33mx5[0m [1;36m#165[0m SKIP tension=[1;36m0.00001410[0m [0m| momentum_too_small [1;31mconf=0.0[0m
[ALPHA_X13_BURST13] [1;36m22:38:45[0m [1;32mx13[0m [1;36m#170[0m SKIP tension=[1;36m0.00000000[0m [0m| momentum_too_small [1;31mconf=0.3264[0m
[BETA_X5] mode=OFF radar_adj=0 mom= conf=0
[ALPHA_X13_BURST13] mode=OFF radar_adj=0 mom= conf=0
[BETA_X5] [1;36m22:38:52[0m [1;33mx5[0m [1;36m#166[0m SKIP tension=[1;36m0.00030977[0m [0m| momentum_too_small [1;31mconf=0.0005[0m
[ALPHA_X13_BURST13] [1;36m22:38:53[0m [1;32mx13[0m [1;36m#171[0m SKIP tension=[1;36m0.00024118[0m [0m| momentum_too_small [1;31mconf=0.0004[0m
[BETA_X5] mode=OFF radar_adj=0 mom= conf=0
[ALPHA_X13_BURST13] mode=OFF radar_adj=0 mom= conf=0
[ALPHA_X13_BURST13] [1;36m22:39:01[0m [1;32mx13[0m [1;36m#172[0m SKIP tension=[1;36m0.00000000[0m [0m| momentum_too_small [1;31mconf=0.3264[0m
[BETA_X5] [1;36m22:39:01[0m [1;33mx5[0m [1;36m#167[0m SKIP tension=[1;36m0.00002332[0m [0m| momentum_too_small [1;31mconf=0.0[0m
[ALPHA_X13_BURST13] mode=OFF radar_adj=0 mom= conf=0
[BETA_X5] mode=OFF radar_adj=0 mom= conf=0
[BETA_X5] [1;36m22:39:09[0m [1;33mx5[0m [1;36m#168[0m SKIP tension=[1;36m0.00004962[0m [0m| momentum_too_small [1;31mconf=0.0001[0m
[BETA_X5] mode=OFF radar_adj=0 mom= conf=0
[ALPHA_X13_BURST13] [1;36m22:39:15[0m [1;32mx13[0m [1;36m#173[0m SKIP tension=[1;32m1.39023576[0m [0m| duo no_trigger
[ALPHA_X13_BURST13] mode=OFF radar_adj=0 mom= conf=0
[BETA_X5] [1;36m22:39:18[0m [1;33mx5[0m [1;36m#169[0m SKIP tension=[1;36m0.00000000[0m [0m| momentum_too_small [1;31mconf=0.3264[0m
[BETA_X5] mode=OFF radar_adj=0 mom= conf=0
[ALPHA_X13_BURST13] [1;36m22:39:23[0m [1;32mx13[0m [1;36m#174[0m SKIP tension=[1;36m0.00000597[0m [0m| momentum_too_small [1;31mconf=0.0[0m
[ALPHA_X13_BURST13] mode=OFF radar_adj=0 mom= conf=0
[BETA_X5] [1;36m22:39:27[0m [1;33mx5[0m [1;36m#170[0m SKIP tension=[1;36m0.00056690[0m [0m| momentum_too_small [1;31mconf=0.0009[0m
[BETA_X5] mode=OFF radar_adj=0 mom= conf=0
[ALPHA_X13_BURST13] [1;36m22:39:32[0m [1;32mx13[0m [1;36m#175[0m SKIP tension=[1;36m0.00002242[0m [0m| momentum_too_small [1;31mconf=0.0[0m
[ALPHA_X13_BURST13] mode=OFF radar_adj=0 mom= conf=0
[BETA_X5] [1;36m22:39:40[0m [1;33mx5[0m [1;36m#171[0m SKIP tension=[1;36m0.00020720[0m [0m| momentum_too_small [1;31mconf=0.0003[0m
[ALPHA_X13_BURST13] [1;36m22:39:40[0m [1;32mx13[0m [1;36m#176[0m SKIP tension=[1;36m0.00003050[0m [0m| momentum_too_small [1;31mconf=0.0[0m
[BETA_X5] mode=OFF radar_adj=0 mom= conf=0
[ALPHA_X13_BURST13] mode=OFF radar_adj=0 mom= conf=0
[BETA_X5] [1;36m22:39:48[0m [1;33mx5[0m [1;36m#172[0m SKIP tension=[1;36m0.24076927[0m [0m| wall_not_collapsed
[ALPHA_X13_BURST13] [1;36m22:39:48[0m [1;32mx13[0m [1;36m#177[0m SKIP tension=[1;36m0.00005924[0m [0m| momentum_too_small [1;31mconf=0.0001[0m
[BETA_X5] mode=OFF radar_adj=0 mom= conf=0
[ALPHA_X13_BURST13] mode=OFF radar_adj=0 mom= conf=0
[BETA_X5] [1;36m22:39:57[0m [1;33mx5[0m [1;36m#173[0m SKIP tension=[1;36m0.00009514[0m [0m| momentum_too_small [1;31mconf=0.0002[0m
[ALPHA_X13_BURST13] [1;36m22:39:57[0m [1;32mx13[0m [1;36m#178[0m SKIP tension=[1;36m0.00005924[0m [0m| momentum_too_small [1;31mconf=0.0001[0m
[BETA_X5] mode=OFF radar_adj=0 mom= conf=0
[ALPHA_X13_BURST13] mode=OFF radar_adj=0 mom= conf=0
[BETA_X5] [1;36m22:40:05[0m [1;33mx5[0m [1;36m#174[0m SKIP tension=[1;36m0.33642415[0m [0m| wall_not_collapsed
[ALPHA_X13_BURST13] [1;36m22:40:05[0m [1;32mx13[0m [1;36m#179[0m SKIP tension=[1;36m0.00001110[0m [0m| momentum_too_small [1;31mconf=0.0[0m
[BETA_X5] mode=OFF radar_adj=0 mom= conf=0
[ALPHA_X13_BURST13] mode=OFF radar_adj=0 mom= conf=0
[BETA_X5] [1;36m22:40:13[0m [1;33mx5[0m [1;36m#175[0m SKIP tension=[1;36m0.00000000[0m [0m| momentum_too_small [1;31mconf=0.3096[0m
[BETA_X5] mode=OFF radar_adj=0 mom= conf=0
[ALPHA_X13_BURST13] [1;36m22:40:15[0m [1;32mx13[0m [1;36m#180[0m SKIP tension=[1;36m0.00000666[0m [0m| momentum_too_small [1;31mconf=0.0[0m
[ALPHA_X13_BURST13] mode=OFF radar_adj=0 mom= conf=0
[BETA_X5] [1;36m22:40:21[0m [1;33mx5[0m [1;36m#176[0m SKIP tension=[1;36m0.00007113[0m [0m| momentum_too_small [1;31mconf=0.0001[0m
[BETA_X5] mode=OFF radar_adj=0 mom= conf=0
[ALPHA_X13_BURST13] [1;36m22:40:24[0m [1;32mx13[0m [1;36m#181[0m SKIP tension=[1;36m0.00001397[0m [0m| momentum_too_small [1;31mconf=0.0[0m
[ALPHA_X13_BURST13] mode=OFF radar_adj=0 mom= conf=0
[BETA_X5] [1;36m22:40:29[0m [1;33mx5[0m [1;36m#177[0m SKIP tension=[1;36m0.00010684[0m [0m| momentum_too_small [1;31mconf=0.0001[0m
[BETA_X5] mode=OFF radar_adj=0 mom= conf=0
[ALPHA_X13_BURST13] [1;36m22:40:32[0m [1;32mx13[0m [1;36m#182[0m SKIP tension=[1;36m0.24080527[0m [0m| wall_not_collapsed
[ALPHA_X13_BURST13] mode=OFF radar_adj=0 mom= conf=0
[BETA_X5] [1;36m22:40:37[0m [1;33mx5[0m [1;36m#178[0m SKIP tension=[1;36m0.00000000[0m [0m| momentum_too_small [1;31mconf=0.3082[0m
[BETA_X5] mode=OFF radar_adj=0 mom= conf=0
[ALPHA_X13_BURST13] [1;36m22:40:40[0m [1;32mx13[0m [1;36m#183[0m SKIP tension=[1;36m0.00000000[0m [0m| momentum_too_small [1;31mconf=0.3082[0m
[ALPHA_X13_BURST13] mode=OFF radar_adj=0 mom= conf=0
[BETA_X5] [1;36m22:40:45[0m [1;33mx5[0m [1;36m#179[0m SKIP tension=[1;36m0.00009830[0m [0m| momentum_too_small [1;31mconf=0.0001[0m
[BETA_X5] mode=OFF radar_adj=0 mom= conf=0
[ALPHA_X13_BURST13] [1;36m22:40:49[0m [1;32mx13[0m [1;36m#184[0m SKIP tension=[1;36m0.00000026[0m [0m| momentum_too_small [1;31mconf=0.0[0m
[ALPHA_X13_BURST13] mode=OFF radar_adj=0 mom= conf=0
[BETA_X5] [1;36m22:40:53[0m [1;33mx5[0m [1;36m#180[0m SKIP tension=[1;36m0.00000207[0m [0m| momentum_too_small [1;31mconf=0.0[0m
[BETA_X5] mode=OFF radar_adj=0 mom= conf=0
[ALPHA_X13_BURST13] [1;36m22:40:58[0m [1;32mx13[0m [1;36m#185[0m SKIP tension=[1;36m0.00000518[0m [0m| momentum_too_small [1;31mconf=0.0[0m
[BETA_X5] [1;36m22:41:00[0m [1;33mx5[0m [1;36m#181[0m SKIP tension=[1;36m0.00000000[0m [0m| momentum_too_small [1;31mconf=0.2846[0m
[ALPHA_X13_BURST13] mode=OFF radar_adj=0 mom= conf=0
[BETA_X5] mode=OFF radar_adj=0 mom= conf=0
[ALPHA_X13_BURST13] [1;36m22:41:06[0m [1;32mx13[0m [1;36m#186[0m SKIP tension=[1;36m0.00000104[0m [0m| momentum_too_small [1;31mconf=0.0[0m
[BETA_X5] [1;36m22:41:08[0m [1;33mx5[0m [1;36m#182[0m SKIP tension=[1;36m0.00000000[0m [0m| momentum_too_small [1;31mconf=0.2846[0m
[ALPHA_X13_BURST13] mode=OFF radar_adj=0 mom= conf=0
[BETA_X5] mode=OFF radar_adj=0 mom= conf=0
[ALPHA_X13_BURST13] [1;36m22:41:14[0m [1;32mx13[0m [1;36m#187[0m SKIP tension=[1;36m0.00001711[0m [0m| momentum_too_small [1;31mconf=0.0[0m
[BETA_X5] [1;36m22:41:15[0m [1;33mx5[0m [1;36m#183[0m SKIP tension=[1;36m0.00000000[0m [0m| momentum_too_small [1;31mconf=0.2846[0m
[ALPHA_X13_BURST13] mode=OFF radar_adj=0 mom= conf=0
[BETA_X5] mode=OFF radar_adj=0 mom= conf=0
[ALPHA_X13_BURST13] [1;36m22:41:22[0m [1;32mx13[0m [1;36m#188[0m SKIP tension=[1;36m0.00000856[0m [0m| momentum_too_small [1;31mconf=0.0[0m
[BETA_X5] [1;36m22:41:23[0m [1;33mx5[0m [1;36m#184[0m SKIP tension=[1;36m0.00000233[0m [0m| momentum_too_small [1;31mconf=0.0[0m
[ALPHA_X13_BURST13] mode=OFF radar_adj=0 mom= conf=0
[BETA_X5] mode=OFF radar_adj=0 mom= conf=0
[ALPHA_X13_BURST13] [1;36m22:41:30[0m [1;32mx13[0m [1;36m#189[0m SKIP tension=[1;36m0.00000000[0m [0m| momentum_too_small [1;31mconf=0.3362[0m
[BETA_X5] [1;36m22:41:32[0m [1;33mx5[0m [1;36m#185[0m SKIP tension=[1;36m0.00000259[0m [0m| momentum_too_small [1;31mconf=0.0[0m
[ALPHA_X13_BURST13] mode=OFF radar_adj=0 mom= conf=0
[ALPHA_X13_BURST13] [1;36m22:41:38[0m [1;32mx13[0m [1;36m#190[0m SKIP tension=[1;36m0.00000052[0m [0m| momentum_too_small [1;31mconf=0.0[0m
[BETA_X5] mode=OFF radar_adj=0 mom= conf=0
[ALPHA_X13_BURST13] mode=OFF radar_adj=0 mom= conf=0
[BETA_X5] [1;36m22:41:45[0m [1;33mx5[0m [1;36m#186[0m SKIP tension=[1;36m0.20063226[0m [0m| low_confidence [1;31mconf=0.2719[0m
[ALPHA_X13_BURST13] [1;36m22:41:47[0m [1;32mx13[0m [1;36m#191[0m SKIP tension=[1;36m0.00000000[0m [0m| momentum_too_small [1;31mconf=0.2846[0m
[BETA_X5] mode=OFF radar_adj=0 mom= conf=0
[ALPHA_X13_BURST13] mode=OFF radar_adj=0 mom= conf=0
[BETA_X5] [1;36m22:41:53[0m [1;33mx5[0m [1;36m#187[0m SKIP tension=[1;36m0.00001089[0m [0m| momentum_too_small [1;31mconf=0.0[0m
[BETA_X5] mode=OFF radar_adj=0 mom= conf=0
[ALPHA_X13_BURST13] [1;36m22:41:56[0m [1;32mx13[0m [1;36m#192[0m SKIP tension=[1;36m0.00001322[0m [0m| momentum_too_small [1;31mconf=0.0[0m
[ALPHA_X13_BURST13] mode=OFF radar_adj=0 mom= conf=0
[BETA_X5] [1;36m22:42:00[0m [1;33mx5[0m [1;36m#188[0m SKIP tension=[1;36m0.00000233[0m [0m| momentum_too_small [1;31mconf=0.0[0m
[BETA_X5] mode=OFF radar_adj=0 mom= conf=0
[ALPHA_X13_BURST13] [1;36m22:42:04[0m [1;32mx13[0m [1;36m#193[0m SKIP tension=[1;36m0.00000583[0m [0m| momentum_too_small [1;31mconf=0.0[0m
[BETA_X5] [1;36m22:42:09[0m [1;33mx5[0m [1;36m#189[0m SKIP tension=[1;36m0.00001270[0m [0m| momentum_too_small [1;31mconf=0.0[0m
[BETA_X5] mode=OFF radar_adj=0 mom= conf=0
[ALPHA_X13_BURST13] mode=OFF radar_adj=0 mom= conf=0
[BETA_X5] [1;36m22:42:19[0m [1;33mx5[0m [1;36m#190[0m SKIP tension=[1;36m0.00001037[0m [0m| momentum_too_small [1;31mconf=0.0[0m
[BETA_X5] mode=OFF radar_adj=0 mom= conf=0
[BETA_X5] [1;36m22:42:27[0m [1;33mx5[0m [1;36m#191[0m SKIP tension=[1;36m0.00000000[0m [0m| momentum_too_small [1;31mconf=0.3264[0m
[ALPHA_X13_BURST13] [1;36m22:42:29[0m [1;32mx13[0m [1;36m#194[0m SKIP tension=[1;36m0.00006415[0m [0m| momentum_too_small [1;31mconf=0.0001[0m
[BETA_X5] mode=OFF radar_adj=0 mom= conf=0
[ALPHA_X13_BURST13] mode=OFF radar_adj=0 mom= conf=0
[BETA_X5] [1;36m22:42:35[0m [1;33mx5[0m [1;36m#192[0m SKIP tension=[1;36m0.00005832[0m [0m| momentum_too_small [1;31mconf=0.0001[0m
[ALPHA_X13_BURST13] [1;36m22:42:38[0m [1;32mx13[0m [1;36m#195[0m SKIP tension=[1;36m0.00000000[0m [0m| momentum_too_small [1;31mconf=0.3264[0m
[BETA_X5] mode=OFF radar_adj=0 mom= conf=0
[ALPHA_X13_BURST13] mode=OFF radar_adj=0 mom= conf=0
[ALPHA_X13_BURST13] [1;36m22:42:46[0m [1;32mx13[0m [1;36m#196[0m SKIP tension=[1;36m0.00000493[0m [0m| momentum_too_small [1;31mconf=0.0[0m
[BETA_X5] [1;36m22:42:49[0m [1;33mx5[0m [1;36m#193[0m SKIP tension=[1;36m0.00004226[0m [0m| momentum_too_small [1;31mconf=0.0001[0m
[ALPHA_X13_BURST13] mode=OFF radar_adj=0 mom= conf=0
[BETA_X5] mode=OFF radar_adj=0 mom= conf=0
[BETA_X5] [1;36m22:42:59[0m [1;33mx5[0m [1;36m#194[0m SKIP tension=[1;36m0.00004228[0m [0m| momentum_too_small [1;31mconf=0.0001[0m
[ALPHA_X13_BURST13] [1;36m22:43:00[0m [1;32mx13[0m [1;36m#197[0m SKIP tension=[1;36m0.00000207[0m [0m| momentum_too_small [1;31mconf=0.0[0m
[BETA_X5] mode=OFF radar_adj=0 mom= conf=0
[ALPHA_X13_BURST13] mode=OFF radar_adj=0 mom= conf=0
[BETA_X5] [1;36m22:43:07[0m [1;33mx5[0m [1;36m#195[0m SKIP tension=[1;36m0.00001841[0m [0m| momentum_too_small [1;31mconf=0.0[0m
[ALPHA_X13_BURST13] [1;36m22:43:09[0m [1;32mx13[0m [1;36m#198[0m SKIP tension=[1;36m0.00001089[0m [0m| momentum_too_small [1;31mconf=0.0[0m
[BETA_X5] mode=OFF radar_adj=0 mom= conf=0
[ALPHA_X13_BURST13] mode=OFF radar_adj=0 mom= conf=0
[BETA_X5] [1;36m22:43:16[0m [1;33mx5[0m [1;36m#196[0m SKIP tension=[1;36m0.00118574[0m [0m| momentum_too_small [1;31mconf=0.0018[0m
[ALPHA_X13_BURST13] [1;36m22:43:18[0m [1;32mx13[0m [1;36m#199[0m SKIP tension=[1;36m0.00017503[0m [0m| momentum_too_small [1;31mconf=0.0003[0m
[BETA_X5] mode=OFF radar_adj=0 mom= conf=0
[ALPHA_X13_BURST13] mode=OFF radar_adj=0 mom= conf=0
[BETA_X5] [1;36m22:43:24[0m [1;33mx5[0m [1;36m#197[0m SKIP tension=[1;36m0.00002833[0m [0m| momentum_too_small [1;31mconf=0.0[0m
[ALPHA_X13_BURST13] [1;36m22:43:26[0m [1;32mx13[0m [1;36m#200[0m SKIP tension=[1;36m0.24098557[0m [0m| wall_not_collapsed
[BETA_X5] mode=OFF radar_adj=0 mom= conf=0
[ALPHA_X13_BURST13] mode=OFF radar_adj=0 mom= conf=0
[BETA_X5] [1;36m22:43:31[0m [1;33mx5[0m [1;36m#198[0m SKIP tension=[1;36m0.00000000[0m [0m| momentum_too_small [1;31mconf=0.3264[0m
[BETA_X5] mode=OFF radar_adj=0 mom= conf=0
[ALPHA_X13_BURST13] [1;36m22:43:34[0m [1;32mx13[0m [1;36m#201[0m SKIP tension=[1;36m0.00000000[0m [0m| momentum_too_small [1;31mconf=0.3264[0m
[ALPHA_X13_BURST13] mode=OFF radar_adj=0 mom= conf=0
[BETA_X5] [1;36m22:43:39[0m [1;33mx5[0m [1;36m#199[0m SKIP tension=[1;36m0.00000000[0m [0m| momentum_too_small [1;31mconf=0.3264[0m
[ALPHA_X13_BURST13] [1;36m22:43:42[0m [1;32mx13[0m [1;36m#202[0m SKIP tension=[1;36m0.00010430[0m [0m| momentum_too_small [1;31mconf=0.0002[0m
[BETA_X5] mode=OFF radar_adj=0 mom= conf=0
[ALPHA_X13_BURST13] mode=OFF radar_adj=0 mom= conf=0
[BETA_X5] [1;36m22:43:48[0m [1;33mx5[0m [1;36m#200[0m SKIP tension=[1;36m0.00000000[0m [0m| momentum_too_small [1;31mconf=0.3264[0m
[BETA_X5] mode=OFF radar_adj=0 mom= conf=0
[ALPHA_X13_BURST13] [1;36m22:43:51[0m [1;32mx13[0m [1;36m#203[0m SKIP tension=[1;36m0.12545890[0m [0m| direction_unclear [1;31mconf=0.195[0m
[ALPHA_X13_BURST13] mode=OFF radar_adj=0 mom= conf=0
[ALPHA_X13_BURST13] [1;36m22:43:59[0m [1;32mx13[0m [1;36m#204[0m SKIP tension=[1;36m0.00000000[0m [0m| momentum_too_small [1;31mconf=0.2937[0m
[BETA_X5] [1;36m22:44:02[0m [1;33mx5[0m [1;36m#201[0m SKIP tension=[1;33m0.93741509[0m [0m| wall_not_collapsed
[ALPHA_X13_BURST13] mode=OFF radar_adj=0 mom= conf=0
[BETA_X5] mode=OFF radar_adj=0 mom= conf=0
[ALPHA_X13_BURST13] [1;36m22:44:07[0m [1;32mx13[0m [1;36m#205[0m SKIP tension=[1;36m0.00000000[0m [0m| momentum_too_small [1;31mconf=0.3146[0m
[ALPHA_X13_BURST13] mode=OFF radar_adj=0 mom= conf=0
[BETA_X5] [1;36m22:44:10[0m [1;33mx5[0m [1;36m#202[0m SKIP tension=[1;36m0.00000000[0m [0m| momentum_too_small [1;31mconf=0.3146[0m
[ALPHA_X13_BURST13] [1;36m22:44:15[0m [1;32mx13[0m [1;36m#206[0m SKIP tension=[1;36m0.00002751[0m [0m| momentum_too_small [1;31mconf=0.0[0m
[BETA_X5] mode=OFF radar_adj=0 mom= conf=0
[ALPHA_X13_BURST13] mode=OFF radar_adj=0 mom= conf=0
[ALPHA_X13_BURST13] [1;36m22:44:24[0m [1;32mx13[0m [1;36m#207[0m SKIP tension=[1;36m0.00349888[0m [0m| momentum_too_small [1;31mconf=0.0052[0m
[BETA_X5] [1;36m22:44:24[0m [1;33mx5[0m [1;36m#203[0m SKIP tension=[1;36m0.00352893[0m [0m| momentum_too_small [1;31mconf=0.0055[0m
[BETA_X5] mode=OFF radar_adj=0 mom= conf=0
[ALPHA_X13_BURST13] mode=OFF radar_adj=0 mom= conf=0
[ALPHA_X13_BURST13] [1;36m22:44:32[0m [1;32mx13[0m [1;36m#208[0m SKIP tension=[1;36m0.00005767[0m [0m| momentum_too_small [1;31mconf=0.0001[0m
[BETA_X5] [1;36m22:44:33[0m [1;33mx5[0m [1;36m#204[0m SKIP tension=[1;36m0.12707584[0m [0m| direction_unclear [1;31mconf=0.1969[0m
[ALPHA_X13_BURST13] mode=OFF radar_adj=0 mom= conf=0
[BETA_X5] mode=OFF radar_adj=0 mom= conf=0
[ALPHA_X13_BURST13] [1;36m22:44:40[0m [1;32mx13[0m [1;36m#209[0m SKIP tension=[1;36m0.00005815[0m [0m| momentum_too_small [1;31mconf=0.0001[0m
[BETA_X5] [1;36m22:44:42[0m [1;33mx5[0m [1;36m#205[0m SKIP tension=[1;36m0.20450464[0m [0m| wall_not_collapsed
[ALPHA_X13_BURST13] mode=OFF radar_adj=0 mom= conf=0
[BETA_X5] mode=OFF radar_adj=0 mom= conf=0
[ALPHA_X13_BURST13] [1;36m22:44:48[0m [1;32mx13[0m [1;36m#210[0m SKIP tension=[1;36m0.00000000[0m [0m| momentum_too_small [1;31mconf=0.3257[0m
[BETA_X5] [1;36m22:44:49[0m [1;33mx5[0m [1;36m#206[0m SKIP tension=[1;36m0.77209971[0m [0m| wall_not_collapsed
[BETA_X5] mode=OFF radar_adj=0 mom= conf=0
[ALPHA_X13_BURST13] mode=OFF radar_adj=0 mom= conf=0
[BETA_X5] [1;36m22:44:57[0m [1;33mx5[0m [1;36m#207[0m SKIP tension=[1;36m0.00000000[0m [0m| momentum_too_small [1;31mconf=0.3247[0m
[ALPHA_X13_BURST13] [1;36m22:44:58[0m [1;32mx13[0m [1;36m#211[0m SKIP tension=[1;36m0.00000000[0m [0m| momentum_too_small [1;31mconf=0.3247[0m
[BETA_X5] mode=OFF radar_adj=0 mom= conf=0
[ALPHA_X13_BURST13] mode=OFF radar_adj=0 mom= conf=0
[BETA_X5] [1;36m22:45:05[0m [1;33mx5[0m [1;36m#208[0m SKIP tension=[1;36m0.00055886[0m [0m| momentum_too_small [1;31mconf=0.0009[0m
[ALPHA_X13_BURST13] [1;36m22:45:07[0m [1;32mx13[0m [1;36m#212[0m SKIP tension=[1;36m0.00000000[0m [0m| momentum_too_small [1;31mconf=0.323[0m
[BETA_X5] mode=OFF radar_adj=0 mom= conf=0
[ALPHA_X13_BURST13] mode=OFF radar_adj=0 mom= conf=0
[BETA_X5] [1;36m22:45:13[0m [1;33mx5[0m [1;36m#209[0m SKIP tension=[1;36m0.00061795[0m [0m| momentum_too_small [1;31mconf=0.0009[0m
[ALPHA_X13_BURST13] [1;36m22:45:15[0m [1;32mx13[0m [1;36m#213[0m SKIP tension=[1;36m0.00006362[0m [0m| momentum_too_small [1;31mconf=0.0001[0m
[BETA_X5] mode=OFF radar_adj=0 mom= conf=0
[ALPHA_X13_BURST13] mode=OFF radar_adj=0 mom= conf=0
[BETA_X5] [1;36m22:45:21[0m [1;33mx5[0m [1;36m#210[0m SKIP tension=[1;36m0.64775858[0m [0m| wall_not_collapsed
[BETA_X5] mode=OFF radar_adj=0 mom= conf=0
[ALPHA_X13_BURST13] [1;36m22:45:24[0m [1;32mx13[0m [1;36m#214[0m SKIP tension=[1;36m0.00000000[0m [0m| momentum_too_small [1;31mconf=0.322[0m
[ALPHA_X13_BURST13] mode=OFF radar_adj=0 mom= conf=0
[BETA_X5] [1;36m22:45:29[0m [1;33mx5[0m [1;36m#211[0m SKIP tension=[1;36m0.00004362[0m [0m| momentum_too_small [1;31mconf=0.0001[0m
[BETA_X5] mode=OFF radar_adj=0 mom= conf=0
[ALPHA_X13_BURST13] [1;36m22:45:32[0m [1;32mx13[0m [1;36m#215[0m SKIP tension=[1;36m0.00003310[0m [0m| momentum_too_small [1;31mconf=0.0001[0m
[ALPHA_X13_BURST13] mode=OFF radar_adj=0 mom= conf=0
[BETA_X5] [1;36m22:45:36[0m [1;33mx5[0m [1;36m#212[0m SKIP tension=[1;36m0.00000909[0m [0m| momentum_too_small [1;31mconf=0.0[0m
[BETA_X5] mode=OFF radar_adj=0 mom= conf=0
[ALPHA_X13_BURST13] [1;36m22:45:40[0m [1;32mx13[0m [1;36m#216[0m SKIP tension=[1;36m0.54057950[0m [0m| wall_not_collapsed
[ALPHA_X13_BURST13] mode=OFF radar_adj=0 mom= conf=0
[BETA_X5] [1;36m22:45:44[0m [1;33mx5[0m [1;36m#213[0m SKIP tension=[1;36m0.00030143[0m [0m| momentum_too_small [1;31mconf=0.0005[0m
[BETA_X5] mode=OFF radar_adj=0 mom= conf=0
[ALPHA_X13_BURST13] [1;36m22:45:48[0m [1;32mx13[0m [1;36m#217[0m SKIP tension=[1;36m0.00000000[0m [0m| momentum_too_small [1;31mconf=0.3493[0m
[ALPHA_X13_BURST13] mode=OFF radar_adj=0 mom= conf=0
[BETA_X5] [1;36m22:45:51[0m [1;33mx5[0m [1;36m#214[0m SKIP tension=[1;36m0.00000000[0m [0m| momentum_too_small [1;31mconf=0.3497[0m
[BETA_X5] mode=OFF radar_adj=0 mom= conf=0
[ALPHA_X13_BURST13] [1;36m22:45:56[0m [1;32mx13[0m [1;36m#218[0m SKIP tension=[1;36m0.00000000[0m [0m| momentum_too_small [1;31mconf=0.3493[0m
[ALPHA_X13_BURST13] mode=OFF radar_adj=0 mom= conf=0
[BETA_X5] [1;36m22:45:59[0m [1;33mx5[0m [1;36m#215[0m SKIP tension=[1;36m0.01590516[0m [0m| direction_unclear [1;31mconf=0.0265[0m
[BETA_X5] mode=OFF radar_adj=0 mom= conf=0
[ALPHA_X13_BURST13] [1;36m22:46:04[0m [1;32mx13[0m [1;36m#219[0m SKIP tension=[1;36m0.74754284[0m [0m| wall_not_collapsed
[ALPHA_X13_BURST13] mode=OFF radar_adj=0 mom= conf=0
[ALPHA_X13_BURST13] [1;36m22:46:13[0m [1;32mx13[0m [1;36m#220[0m SKIP tension=[1;32m1.44579632[0m [0m| duo no_trigger
[ALPHA_X13_BURST13] mode=OFF radar_adj=0 mom= conf=0
[BETA_X5] [1;36mentry=22:46:11@64900.00000000[0m [1;33mx5[0m [1;36m#216[0m [1;32mSELL[0m tension=[1;32m1.08660829[0m hold=[1;36m6[0ms sec=[1;36m6[0m [0m| exit=64899.60000000 [1;32mconf=0.9971[0m [1;36mexit_time=22:46:17[0m [1;32mpnl=0.00304000 bps=0.06163328 pct=0.00061633% total=0.30643999999999993[0m
[BETA_X5] mode=OFF radar_adj=0 mom= conf=0
[ALPHA_X13_BURST13] [1;36m22:46:22[0m [1;32mx13[0m [1;36m#221[0m SKIP tension=[1;32m1.44596529[0m [0m| duo no_trigger
[BETA_X5] [1;36m22:46:27[0m [1;33mx5[0m [1;36m#217[0m SKIP tension=[1;36m0.00000000[0m [0m| momentum_too_small [1;31mconf=0.3217[0m
[ALPHA_X13_BURST13] mode=OFF radar_adj=0 mom= conf=0
[BETA_X5] mode=OFF radar_adj=0 mom= conf=0
[BETA_X5] [1;36m22:46:35[0m [1;33mx5[0m [1;36m#218[0m SKIP tension=[1;33m0.88433656[0m [0m| wall_not_collapsed
[ALPHA_X13_BURST13] [1;36m22:46:36[0m [1;32mx13[0m [1;36m#222[0m SKIP tension=[1;32m1.09078175[0m [0m| duo no_trigger
[BETA_X5] mode=OFF radar_adj=0 mom= conf=0
[ALPHA_X13_BURST13] mode=OFF radar_adj=0 mom= conf=0
[BETA_X5] [1;36m22:46:42[0m [1;33mx5[0m [1;36m#219[0m SKIP tension=[1;36m0.00001285[0m [0m| momentum_too_small [1;31mconf=0.0[0m
[ALPHA_X13_BURST13] [1;36m22:46:44[0m [1;32mx13[0m [1;36m#223[0m SKIP tension=[1;36m0.00000952[0m [0m| momentum_too_small [1;31mconf=0.0[0m
[BETA_X5] mode=OFF radar_adj=0 mom= conf=0
[ALPHA_X13_BURST13] mode=OFF radar_adj=0 mom= conf=0
[BETA_X5] [1;36m22:46:50[0m [1;33mx5[0m [1;36m#220[0m SKIP tension=[1;36m0.00000000[0m [0m| momentum_too_small [1;31mconf=0.3143[0m
[BETA_X5] mode=OFF radar_adj=0 mom= conf=0
[ALPHA_X13_BURST13] [1;36m22:46:53[0m [1;32mx13[0m [1;36m#224[0m SKIP tension=[1;32m1.44588092[0m [0m| duo no_trigger
[ALPHA_X13_BURST13] mode=OFF radar_adj=0 mom= conf=0
[BETA_X5] [1;36m22:46:59[0m [1;33mx5[0m [1;36m#221[0m SKIP tension=[1;36m0.00000176[0m [0m| momentum_too_small [1;31mconf=0.0[0m
[BETA_X5] mode=OFF radar_adj=0 mom= conf=0
[ALPHA_X13_BURST13] [1;36m22:47:02[0m [1;32mx13[0m [1;36m#225[0m SKIP tension=[1;36m0.00000000[0m [0m| momentum_too_small [1;31mconf=0.3082[0m
[ALPHA_X13_BURST13] mode=OFF radar_adj=0 mom= conf=0
[ALPHA_X13_BURST13] [1;36m22:47:10[0m [1;32mx13[0m [1;36m#226[0m SKIP tension=[1;36m0.00003794[0m [0m| momentum_too_small [1;31mconf=0.0001[0m
[ALPHA_X13_BURST13] mode=OFF radar_adj=0 mom= conf=0
[BETA_X5] shockwave beta->alpha until_cycle=232
[BETA_X5] [1;33mSWARM shockwave[0m [0m| beta -> neighbor (shock_inversion_stop)[0m
[BETA_X5] [1;36mCycle 222[0m [1;32mSOFT anomaly[0m [1;33m| pnl_abs=0.03572000 > 0.02500000[0m
[ALPHA_X13_BURST13] [1;36m22:47:18[0m [1;32mx13[0m [1;36m#227[0m SKIP tension=[1;36m0.00001188[0m [0m| momentum_too_small [1;31mconf=0.0[0m
[BETA_X5] [1;36mentry=22:47:10@64887.60000000[0m [1;33mx5[0m [1;36m#222[0m [1;31mSELL[0m tension=[1;32m1.44587874[0m hold=[1;36m7[0ms sec=[1;36m7[0m [0m| exit=64892.30000000 [1;32mconf=0.9027[0m [1;36mexit_time=22:47:17[0m [1;31mpnl=-0.03572000 bps=-0.72432946 pct=-0.00724329% total=0.27071999999999996[0m
[ALPHA_X13_BURST13] mode=OFF radar_adj=0 mom= conf=0
[BETA_X5] mode=OFF radar_adj=0 mom= conf=0
[BETA_X5] [1;36m22:47:27[0m [1;33mx5[0m [1;36m#223[0m SKIP tension=[1;36m0.11800599[0m [0m| direction_unclear [1;31mconf=0.1721[0m
[ALPHA_X13_BURST13] [1;36m22:47:27[0m [1;32mx13[0m [1;36m#228[0m SKIP tension=[1;36m0.11800599[0m [0m| direction_unclear [1;31mconf=0.1474[0m
[ALPHA_X13_BURST13] mode=OFF radar_adj=0 mom= conf=0
[BETA_X5] mode=OFF radar_adj=0 mom= conf=0
[ALPHA_X13_BURST13] [1;36m22:47:35[0m [1;32mx13[0m [1;36m#229[0m SKIP tension=[1;36m0.00000957[0m [0m| momentum_too_small [1;31mconf=0.0[0m
[BETA_X5] [1;36m22:47:37[0m [1;33mx5[0m [1;36m#224[0m SKIP tension=[1;36m0.12005397[0m [0m| direction_unclear [1;31mconf=0.175[0m
[ALPHA_X13_BURST13] mode=OFF radar_adj=0 mom= conf=0
[BETA_X5] mode=OFF radar_adj=0 mom= conf=0
[ALPHA_X13_BURST13] [1;36m22:47:44[0m [1;32mx13[0m [1;36m#230[0m SKIP tension=[1;36m0.12348239[0m [0m| direction_unclear [1;31mconf=0.01[0m
[BETA_X5] [1;36m22:47:45[0m [1;33mx5[0m [1;36m#225[0m SKIP tension=[1;36m0.00000238[0m [0m| momentum_too_small [1;31mconf=0.0[0m
[ALPHA_X13_BURST13] mode=OFF radar_adj=0 mom= conf=0
[BETA_X5] mode=OFF radar_adj=0 mom= conf=0
[ALPHA_X13_BURST13] [1;36m22:47:52[0m [1;32mx13[0m [1;36m#231[0m SKIP tension=[1;36m0.00031356[0m [0m| momentum_too_small [1;31mconf=0.0004[0m
[BETA_X5] [1;36m22:47:52[0m [1;33mx5[0m [1;36m#226[0m SKIP tension=[1;36m0.00003120[0m [0m| momentum_too_small [1;31mconf=0.0[0m
[BETA_X5] mode=OFF radar_adj=0 mom= conf=0
[ALPHA_X13_BURST13] mode=OFF radar_adj=0 mom= conf=0
[BETA_X5] [1;36m22:48:00[0m [1;33mx5[0m [1;36m#227[0m SKIP tension=[1;36m0.00003120[0m [0m| momentum_too_small [1;31mconf=0.0[0m
[ALPHA_X13_BURST13] [1;36m22:48:00[0m [1;32mx13[0m [1;36m#232[0m SKIP tension=[1;36m0.00003120[0m [0m| momentum_too_small [1;31mconf=0.0[0m
[BETA_X5] mode=OFF radar_adj=0 mom= conf=0
[BETA_X5] [1;36m22:48:08[0m [1;33mx5[0m [1;36m#228[0m SKIP tension=[1;36m0.00001396[0m [0m| momentum_too_small [1;31mconf=0.0[0m
[ALPHA_X13_BURST13] mode=OFF radar_adj=0 mom= conf=0
[BETA_X5] mode=OFF radar_adj=0 mom= conf=0
[ALPHA_X13_BURST13] [1;36m22:48:14[0m [1;32mx13[0m [1;36m#233[0m SKIP tension=[1;36m0.00001297[0m [0m| momentum_too_small [1;31mconf=0.0[0m
[BETA_X5] [1;36m22:48:16[0m [1;33mx5[0m [1;36m#229[0m SKIP tension=[1;36m0.00000000[0m [0m| momentum_too_small [1;31mconf=0.3062[0m
[ALPHA_X13_BURST13] mode=OFF radar_adj=0 mom= conf=0
[BETA_X5] mode=OFF radar_adj=0 mom= conf=0
[ALPHA_X13_BURST13] [1;36m22:48:22[0m [1;32mx13[0m [1;36m#234[0m SKIP tension=[1;36m0.13092246[0m [0m| direction_unclear [1;31mconf=0.1909[0m
[BETA_X5] [1;36m22:48:24[0m [1;33mx5[0m [1;36m#230[0m SKIP tension=[1;36m0.00001347[0m [0m| momentum_too_small [1;31mconf=0.0[0m
[ALPHA_X13_BURST13] mode=OFF radar_adj=0 mom= conf=0
[BETA_X5] mode=OFF radar_adj=0 mom= conf=0
[ALPHA_X13_BURST13] [1;36m22:48:31[0m [1;32mx13[0m [1;36m#235[0m SKIP tension=[1;36m0.00001132[0m [0m| momentum_too_small [1;31mconf=0.0[0m
[BETA_X5] [1;36m22:48:34[0m [1;33mx5[0m [1;36m#231[0m SKIP tension=[1;36m0.00000000[0m [0m| momentum_too_small [1;31mconf=0.3062[0m
[ALPHA_X13_BURST13] mode=OFF radar_adj=0 mom= conf=0
[BETA_X5] mode=OFF radar_adj=0 mom= conf=0
[ALPHA_X13_BURST13] [1;36m22:48:40[0m [1;32mx13[0m [1;36m#236[0m SKIP tension=[1;36m0.00001268[0m [0m| momentum_too_small [1;31mconf=0.0[0m
[ALPHA_X13_BURST13] mode=OFF radar_adj=0 mom= conf=0
[BETA_X5] [1;36m22:48:43[0m [1;33mx5[0m [1;36m#232[0m SKIP tension=[1;36m0.00003052[0m [0m| momentum_too_small [1;31mconf=0.0[0m
[BETA_X5] mode=OFF radar_adj=0 mom= conf=0
[ALPHA_X13_BURST13] [1;36m22:48:48[0m [1;32mx13[0m [1;36m#237[0m SKIP tension=[1;36m0.00001232[0m [0m| momentum_too_small [1;31mconf=0.0[0m
[BETA_X5] [1;36m22:48:51[0m [1;33mx5[0m [1;36m#233[0m SKIP tension=[1;36m0.13820706[0m [0m| direction_unclear [1;31mconf=0.2015[0m
[ALPHA_X13_BURST13] mode=OFF radar_adj=0 mom= conf=0
[BETA_X5] mode=OFF radar_adj=0 mom= conf=0
[ALPHA_X13_BURST13] [1;36m22:48:58[0m [1;32mx13[0m [1;36m#238[0m SKIP tension=[1;36m0.00001314[0m [0m| momentum_too_small [1;31mconf=0.0[0m
[BETA_X5] [1;36m22:48:58[0m [1;33mx5[0m [1;36m#234[0m SKIP tension=[1;36m0.00000866[0m [0m| momentum_too_small [1;31mconf=0.0[0m
[ALPHA_X13_BURST13] mode=OFF radar_adj=0 mom= conf=0
[BETA_X5] mode=OFF radar_adj=0 mom= conf=0
[BETA_X5] [1;36m22:49:06[0m [1;33mx5[0m [1;36m#235[0m SKIP tension=[1;36m0.14202986[0m [0m| direction_unclear [1;31mconf=0.2071[0m
[ALPHA_X13_BURST13] [1;36m22:49:07[0m [1;32mx13[0m [1;36m#239[0m SKIP tension=[1;36m0.14202986[0m [0m| direction_unclear [1;31mconf=0.0121[0m
[BETA_X5] mode=OFF radar_adj=0 mom= conf=0
[ALPHA_X13_BURST13] mode=OFF radar_adj=0 mom= conf=0
[BETA_X5] [1;36m22:49:16[0m [1;33mx5[0m [1;36m#236[0m SKIP tension=[1;36m0.14664618[0m [0m| direction_unclear [1;31mconf=0.2213[0m
[ALPHA_X13_BURST13] [1;36m22:49:16[0m [1;32mx13[0m [1;36m#240[0m SKIP tension=[1;36m0.14664618[0m [0m| direction_unclear [1;31mconf=0.0121[0m
[BETA_X5] mode=OFF radar_adj=0 mom= conf=0
[ALPHA_X13_BURST13] mode=OFF radar_adj=0 mom= conf=0
[BETA_X5] [1;36m22:49:23[0m [1;33mx5[0m [1;36m#237[0m SKIP tension=[1;36m0.00000000[0m [0m| momentum_too_small [1;31mconf=0.317[0m
[ALPHA_X13_BURST13] [1;36m22:49:26[0m [1;32mx13[0m [1;36m#241[0m SKIP tension=[1;36m0.00000876[0m [0m| momentum_too_small [1;31mconf=0.0[0m
[BETA_X5] mode=OFF radar_adj=0 mom= conf=0
[ALPHA_X13_BURST13] mode=OFF radar_adj=0 mom= conf=0
[BETA_X5] [1;36m22:49:31[0m [1;33mx5[0m [1;36m#238[0m SKIP tension=[1;36m0.13599443[0m [0m| direction_unclear [1;31mconf=0.2053[0m
[BETA_X5] mode=OFF radar_adj=0 mom= conf=0
[ALPHA_X13_BURST13] [1;36m22:49:34[0m [1;32mx13[0m [1;36m#242[0m SKIP tension=[1;36m0.00001181[0m [0m| momentum_too_small [1;31mconf=0.0[0m
[ALPHA_X13_BURST13] mode=OFF radar_adj=0 mom= conf=0
[BETA_X5] [1;36m22:49:39[0m [1;33mx5[0m [1;36m#239[0m SKIP tension=[1;36m0.00005651[0m [0m| momentum_too_small [1;31mconf=0.0001[0m
[BETA_X5] mode=OFF radar_adj=0 mom= conf=0
[ALPHA_X13_BURST13] [1;36m22:49:44[0m [1;32mx13[0m [1;36m#243[0m SKIP tension=[1;36m0.00000000[0m [0m| momentum_too_small [1;31mconf=0.317[0m
[ALPHA_X13_BURST13] mode=OFF radar_adj=0 mom= conf=0
[BETA_X5] [1;36m22:49:47[0m [1;33mx5[0m [1;36m#240[0m SKIP tension=[1;36m0.00001810[0m [0m| momentum_too_small [1;31mconf=0.0[0m
[BETA_X5] mode=OFF radar_adj=0 mom= conf=0
[ALPHA_X13_BURST13] [1;36m22:49:53[0m [1;32mx13[0m [1;36m#244[0m SKIP tension=[1;36m0.00000266[0m [0m| momentum_too_small [1;31mconf=0.0[0m
[BETA_X5] [1;36m22:49:55[0m [1;33mx5[0m [1;36m#241[0m SKIP tension=[1;36m0.00000465[0m [0m| momentum_too_small [1;31mconf=0.0[0m
[ALPHA_X13_BURST13] mode=OFF radar_adj=0 mom= conf=0
[BETA_X5] mode=OFF radar_adj=0 mom= conf=0
[ALPHA_X13_BURST13] [1;36m22:50:01[0m [1;32mx13[0m [1;36m#245[0m SKIP tension=[1;36m0.00000332[0m [0m| momentum_too_small [1;31mconf=0.0[0m
[BETA_X5] [1;36m22:50:03[0m [1;33mx5[0m [1;36m#242[0m SKIP tension=[1;36m0.00024034[0m [0m| momentum_too_small [1;31mconf=0.0004[0m
[ALPHA_X13_BURST13] mode=OFF radar_adj=0 mom= conf=0
[BETA_X5] mode=OFF radar_adj=0 mom= conf=0
[BETA_X5] [1;36m22:50:10[0m [1;33mx5[0m [1;36m#243[0m SKIP tension=[1;36m0.00000571[0m [0m| momentum_too_small [1;31mconf=0.0[0m
[ALPHA_X13_BURST13] [1;36m22:50:10[0m [1;32mx13[0m [1;36m#246[0m SKIP tension=[1;36m0.00000571[0m [0m| momentum_too_small [1;31mconf=0.0[0m
[BETA_X5] mode=OFF radar_adj=0 mom= conf=0
[ALPHA_X13_BURST13] mode=OFF radar_adj=0 mom= conf=0
[BETA_X5] [1;36m22:50:18[0m [1;33mx5[0m [1;36m#244[0m SKIP tension=[1;36m0.00001852[0m [0m| momentum_too_small [1;31mconf=0.0[0m
[ALPHA_X13_BURST13] [1;36m22:50:19[0m [1;32mx13[0m [1;36m#247[0m SKIP tension=[1;36m0.00001818[0m [0m| momentum_too_small [1;31mconf=0.0[0m
[BETA_X5] mode=OFF radar_adj=0 mom= conf=0
[ALPHA_X13_BURST13] mode=OFF radar_adj=0 mom= conf=0
[BETA_X5] [1;36m22:50:26[0m [1;33mx5[0m [1;36m#245[0m SKIP tension=[1;36m0.00000832[0m [0m| momentum_too_small [1;31mconf=0.0[0m
[ALPHA_X13_BURST13] [1;36m22:50:27[0m [1;32mx13[0m [1;36m#248[0m SKIP tension=[1;36m0.00000000[0m [0m| momentum_too_small [1;31mconf=0.3045[0m
[BETA_X5] mode=OFF radar_adj=0 mom= conf=0
[ALPHA_X13_BURST13] mode=OFF radar_adj=0 mom= conf=0
[BETA_X5] [1;36m22:50:34[0m [1;33mx5[0m [1;36m#246[0m SKIP tension=[1;36m0.00000000[0m [0m| momentum_too_small [1;31mconf=0.3035[0m
[ALPHA_X13_BURST13] [1;36m22:50:36[0m [1;32mx13[0m [1;36m#249[0m SKIP [1;33m| tension_stale age=834ms>800ms (NUAGE)[0m
[BETA_X5] mode=OFF radar_adj=0 mom= conf=0
[ALPHA_X13_BURST13] mode=OFF radar_adj=0 mom= conf=0
[ALPHA_X13_BURST13] [1;36m22:50:44[0m [1;32mx13[0m [1;36m#250[0m SKIP tension=[1;36m0.00000819[0m [0m| momentum_too_small [1;31mconf=0.0[0m
[ALPHA_X13_BURST13] mode=OFF radar_adj=0 mom= conf=0
[BETA_X5] [1;36m22:50:47[0m [1;33mx5[0m [1;36m#247[0m SKIP tension=[1;36m0.33542991[0m [0m| wall_not_collapsed
[BETA_X5] mode=OFF radar_adj=0 mom= conf=0
[BETA_X5] [1;36m22:50:56[0m [1;33mx5[0m [1;36m#248[0m SKIP tension=[1;36m0.00002294[0m [0m| momentum_too_small [1;31mconf=0.0[0m
[ALPHA_X13_BURST13] [1;36m22:50:58[0m [1;32mx13[0m [1;36m#251[0m SKIP tension=[1;36m0.00001360[0m [0m| momentum_too_small [1;31mconf=0.0[0m
[BETA_X5] mode=OFF radar_adj=0 mom= conf=0
[ALPHA_X13_BURST13] mode=OFF radar_adj=0 mom= conf=0
[BETA_X5] [1;36m22:51:04[0m [1;33mx5[0m [1;36m#249[0m SKIP tension=[1;36m0.00000000[0m [0m| momentum_too_small [1;31mconf=0.3015[0m
[BETA_X5] mode=OFF radar_adj=0 mom= conf=0
[ALPHA_X13_BURST13] [1;36m22:51:06[0m [1;32mx13[0m [1;36m#252[0m SKIP tension=[1;36m0.17583283[0m [0m| direction_unclear [1;31mconf=0.2524[0m
[ALPHA_X13_BURST13] mode=OFF radar_adj=0 mom= conf=0
[ALPHA_X13_BURST13] [1;36m22:51:15[0m [1;32mx13[0m [1;36m#253[0m SKIP tension=[1;36m0.00373709[0m [0m| momentum_too_small [1;31mconf=0.0054[0m
[ALPHA_X13_BURST13] mode=OFF radar_adj=0 mom= conf=0
[BETA_X5] [1;36m22:51:19[0m [1;33mx5[0m [1;36m#250[0m SKIP tension=[1;36m0.36093820[0m [0m| wall_not_collapsed
[BETA_X5] mode=OFF radar_adj=0 mom= conf=0
[ALPHA_X13_BURST13] [1;36m22:51:23[0m [1;32mx13[0m [1;36m#254[0m SKIP tension=[1;36m0.00002143[0m [0m| momentum_too_small [1;31mconf=0.0[0m
[BETA_X5] [1;36m22:51:26[0m [1;33mx5[0m [1;36m#251[0m SKIP tension=[1;36m0.00006801[0m [0m| momentum_too_small [1;31mconf=0.0001[0m
[ALPHA_X13_BURST13] mode=OFF radar_adj=0 mom= conf=0
[BETA_X5] mode=OFF radar_adj=0 mom= conf=0
[ALPHA_X13_BURST13] [1;36m22:51:33[0m [1;32mx13[0m [1;36m#255[0m SKIP tension=[1;36m0.00000000[0m [0m| momentum_too_small [1;31mconf=0.2961[0m
[ALPHA_X13_BURST13] mode=OFF radar_adj=0 mom= conf=0
[ALPHA_X13_BURST13] [1;36m22:51:41[0m [1;32mx13[0m [1;36m#256[0m SKIP tension=[1;36m0.00000000[0m [0m| momentum_too_small [1;31mconf=0.2961[0m
[ALPHA_X13_BURST13] mode=OFF radar_adj=0 mom= conf=0
[BETA_X5] [1;36mentry=22:51:38@64884.00000000[0m [1;33mx5[0m [1;36m#252[0m [1;33mSELL[0m tension=[1;31m3.00570488[0m hold=[1;36m6[0ms sec=[1;36m6[0m [0m| exit=64884.00000000 [1;32mconf=0.8459[0m [1;36mexit_time=22:51:45[0m [1;33mpnl=-0.00000000 bps=-0.00000000 pct=-0.00000000% total=0.27071999999999996[0m
[BETA_X5] mode=OFF radar_adj=0 mom= conf=0
[ALPHA_X13_BURST13] [1;36m22:51:50[0m [1;32mx13[0m [1;36m#257[0m SKIP tension=[1;36m0.31281816[0m [0m| wall_not_collapsed
[ALPHA_X13_BURST13] mode=OFF radar_adj=0 mom= conf=0
[BETA_X5] [1;36m22:51:54[0m [1;33mx5[0m [1;36m#253[0m SKIP tension=[1;36m0.16636751[0m [0m| direction_unclear [1;31mconf=0.2346[0m
[BETA_X5] mode=OFF radar_adj=0 mom= conf=0
[ALPHA_X13_BURST13] [1;36m22:51:58[0m [1;32mx13[0m [1;36m#258[0m SKIP tension=[1;36m0.00000000[0m [0m| momentum_too_small [1;31mconf=0.2961[0m
[ALPHA_X13_BURST13] mode=OFF radar_adj=0 mom= conf=0
[BETA_X5] [1;36m22:52:02[0m [1;33mx5[0m [1;36m#254[0m SKIP tension=[1;36m0.10752575[0m [0m| direction_unclear [1;31mconf=0.1516[0m
[BETA_X5] mode=OFF radar_adj=0 mom= conf=0
[ALPHA_X13_BURST13] [1;36m22:52:07[0m [1;32mx13[0m [1;36m#259[0m SKIP tension=[1;36m0.00004237[0m [0m| momentum_too_small [1;31mconf=0.0001[0m
[BETA_X5] [1;36m22:52:10[0m [1;33mx5[0m [1;36m#255[0m SKIP tension=[1;36m0.00153627[0m [0m| momentum_too_small [1;31mconf=0.0022[0m
[ALPHA_X13_BURST13] mode=OFF radar_adj=0 mom= conf=0
[BETA_X5] mode=OFF radar_adj=0 mom= conf=0
[ALPHA_X13_BURST13] [1;36m22:52:16[0m [1;32mx13[0m [1;36m#260[0m SKIP tension=[1;36m0.77188273[0m [0m| wall_not_collapsed
[BETA_X5] [1;36m22:52:18[0m [1;33mx5[0m [1;36m#256[0m SKIP tension=[1;36m0.22484055[0m [0m| wall_not_collapsed
[ALPHA_X13_BURST13] mode=OFF radar_adj=0 mom= conf=0
[BETA_X5] mode=OFF radar_adj=0 mom= conf=0
[ALPHA_X13_BURST13] [1;36m22:52:25[0m [1;32mx13[0m [1;36m#261[0m SKIP tension=[1;36m0.00006183[0m [0m| momentum_too_small [1;31mconf=0.0001[0m
[ALPHA_X13_BURST13] mode=OFF radar_adj=0 mom= conf=0
[ALPHA_X13_BURST13] [1;36m22:52:33[0m [1;32mx13[0m [1;36m#262[0m SKIP tension=[1;36m0.84712379[0m [0m| wall_not_collapsed
[ALPHA_X13_BURST13] mode=OFF radar_adj=0 mom= conf=0
[ALPHA_X13_BURST13] [1;36m22:52:42[0m [1;32mx13[0m [1;36m#263[0m SKIP tension=[1;36m0.50219002[0m [0m| wall_not_collapsed
[ALPHA_X13_BURST13] mode=OFF radar_adj=0 mom= conf=0
[BETA_X5] [1;36mentry=22:52:36@64884.00000000[0m [1;33mx5[0m [1;36m#257[0m [1;32mSELL[0m tension=[1;31m2.01983997[0m hold=[1;36m11[0ms sec=[1;36m11[0m [0m| exit=64883.70000000 [1;32mconf=0.9788[0m [1;36mexit_time=22:52:47[0m [1;32mpnl=0.00228000 bps=0.04623636 pct=0.00046236% total=0.27299999999999996[0m
[ALPHA_X13_BURST13] [1;36m22:52:50[0m [1;32mx13[0m [1;36m#264[0m SKIP tension=[1;36m0.00000000[0m [0m| momentum_too_small [1;31mconf=0.3416[0m
[BETA_X5] mode=OFF radar_adj=0 mom= conf=0
[ALPHA_X13_BURST13] mode=OFF radar_adj=0 mom= conf=0
[BETA_X5] [1;36m22:52:56[0m [1;33mx5[0m [1;36m#258[0m SKIP tension=[1;36m0.21731268[0m [0m| wall_not_collapsed
[ALPHA_X13_BURST13] [1;36m22:52:59[0m [1;32mx13[0m [1;36m#265[0m SKIP tension=[1;36m0.00000000[0m [0m| momentum_too_small [1;31mconf=0.3416[0m
[BETA_X5] mode=OFF radar_adj=0 mom= conf=0
[ALPHA_X13_BURST13] mode=OFF radar_adj=0 mom= conf=0
[BETA_X5] [1;36m22:53:05[0m [1;33mx5[0m [1;36m#259[0m SKIP tension=[1;36m0.00001554[0m [0m| momentum_too_small [1;31mconf=0.0[0m
[ALPHA_X13_BURST13] [1;36m22:53:07[0m [1;32mx13[0m [1;36m#266[0m SKIP tension=[1;36m0.00000000[0m [0m| momentum_too_small [1;31mconf=0.3416[0m
[BETA_X5] mode=OFF radar_adj=0 mom= conf=0
[ALPHA_X13_BURST13] mode=OFF radar_adj=0 mom= conf=0
[BETA_X5] [1;36m22:53:13[0m [1;33mx5[0m [1;36m#260[0m SKIP tension=[1;36m0.00000933[0m [0m| momentum_too_small [1;31mconf=0.0[0m
[ALPHA_X13_BURST13] [1;36m22:53:15[0m [1;32mx13[0m [1;36m#267[0m SKIP tension=[1;36m0.78734030[0m [0m| wall_not_collapsed
[BETA_X5] mode=OFF radar_adj=0 mom= conf=0
[ALPHA_X13_BURST13] mode=OFF radar_adj=0 mom= conf=0
[ALPHA_X13_BURST13] [1;36m22:53:24[0m [1;32mx13[0m [1;36m#268[0m SKIP tension=[1;36m0.00009717[0m [0m| momentum_too_small [1;31mconf=0.0002[0m
[ALPHA_X13_BURST13] mode=OFF radar_adj=0 mom= conf=0
[BETA_X5] [1;36mentry=22:53:25@64883.70000000[0m [1;33mx5[0m [1;36m#261[0m [1;33mSELL[0m tension=[1;32m1.32457660[0m hold=[1;36m6[0ms sec=[1;36m6[0m [0m| exit=64883.70000000 [1;32mconf=0.9759[0m [1;36mexit_time=22:53:31[0m [1;33mpnl=-0.00000000 bps=-0.00000000 pct=-0.00000000% total=0.27299999999999996[0m
[ALPHA_X13_BURST13] [1;36m22:53:35[0m [1;32mx13[0m [1;36m#269[0m SKIP tension=[1;36m0.24264542[0m [0m| wall_not_collapsed
[ALPHA_X13_BURST13] mode=OFF radar_adj=0 mom= conf=0
[BETA_X5] mode=OFF radar_adj=0 mom= conf=0
[ALPHA_X13_BURST13] [1;36m22:53:43[0m [1;32mx13[0m [1;36m#270[0m SKIP tension=[1;36m0.00000000[0m [0m| momentum_too_small [1;31mconf=0.2947[0m
[ALPHA_X13_BURST13] mode=OFF radar_adj=0 mom= conf=0
[BETA_X5] [1;36m22:53:46[0m [1;33mx5[0m [1;36m#262[0m SKIP tension=[1;36m0.10241753[0m [0m| direction_unclear [1;31mconf=0.1437[0m
[BETA_X5] mode=OFF radar_adj=0 mom= conf=0
[ALPHA_X13_BURST13] [1;36m22:53:51[0m [1;32mx13[0m [1;36m#271[0m SKIP tension=[1;33m0.87080138[0m [0m| wall_not_collapsed
[ALPHA_X13_BURST13] mode=OFF radar_adj=0 mom= conf=0
[BETA_X5] [1;36m22:53:55[0m [1;33mx5[0m [1;36m#263[0m SKIP tension=[1;36m0.00016711[0m [0m| momentum_too_small [1;31mconf=0.0002[0m
[BETA_X5] mode=OFF radar_adj=0 mom= conf=0
[ALPHA_X13_BURST13] [1;36m22:54:00[0m [1;32mx13[0m [1;36m#272[0m SKIP tension=[1;36m0.00003964[0m [0m| momentum_too_small [1;31mconf=0.0001[0m
[ALPHA_X13_BURST13] mode=OFF radar_adj=0 mom= conf=0
[BETA_X5] [1;36m22:54:03[0m [1;33mx5[0m [1;36m#264[0m SKIP tension=[1;36m0.00000000[0m [0m| momentum_too_small [1;31mconf=0.2947[0m
[BETA_X5] mode=OFF radar_adj=0 mom= conf=0
[ALPHA_X13_BURST13] [1;36m22:54:08[0m [1;32mx13[0m [1;36m#273[0m SKIP tension=[1;36m0.76836617[0m [0m| wall_not_collapsed
[ALPHA_X13_BURST13] mode=OFF radar_adj=0 mom= conf=0
[BETA_X5] [1;36m22:54:11[0m [1;33mx5[0m [1;36m#265[0m SKIP tension=[1;36m0.00000000[0m [0m| momentum_too_small [1;31mconf=0.2944[0m
[BETA_X5] mode=OFF radar_adj=0 mom= conf=0
[ALPHA_X13_BURST13] [1;36m22:54:16[0m [1;32mx13[0m [1;36m#274[0m SKIP tension=[1;36m0.12944443[0m [0m| direction_unclear [1;31mconf=0.1815[0m
[BETA_X5] [1;36m22:54:19[0m [1;33mx5[0m [1;36m#266[0m SKIP tension=[1;36m0.20518649[0m [0m| low_confidence [1;31mconf=0.2876[0m
[BETA_X5] mode=OFF radar_adj=0 mom= conf=0
[ALPHA_X13_BURST13] mode=OFF radar_adj=0 mom= conf=0
[BETA_X5] [1;36m22:54:27[0m [1;33mx5[0m [1;36m#267[0m SKIP tension=[1;36m0.10791098[0m [0m| direction_unclear [1;31mconf=0.1514[0m
[ALPHA_X13_BURST13] [1;36m22:54:30[0m [1;32mx13[0m [1;36m#275[0m SKIP tension=[1;36m0.00000000[0m [0m| momentum_too_small [1;31mconf=0.2947[0m
[BETA_X5] mode=OFF radar_adj=0 mom= conf=0
[ALPHA_X13_BURST13] mode=OFF radar_adj=0 mom= conf=0
[ALPHA_X13_BURST13] [1;36m22:54:38[0m [1;32mx13[0m [1;36m#276[0m SKIP tension=[1;36m0.00001091[0m [0m| momentum_too_small [1;31mconf=0.0[0m
[ALPHA_X13_BURST13] mode=OFF radar_adj=0 mom= conf=0
[ALPHA_X13_BURST13] [1;36m22:54:47[0m [1;32mx13[0m [1;36m#277[0m SKIP tension=[1;32m1.41534602[0m [0m| duo no_trigger
[ALPHA_X13_BURST13] mode=OFF radar_adj=0 mom= conf=0
[BETA_X5] [1;36mentry=22:54:45@64883.60000000[0m [1;33mx5[0m [1;36m#268[0m [1;33mSELL[0m tension=[1;32m1.94243152[0m hold=[1;36m6[0ms sec=[1;36m6[0m [0m| exit=64883.60000000 [1;32mconf=0.8421[0m [1;36mexit_time=22:54:51[0m [1;33mpnl=-0.00000000 bps=-0.00000000 pct=-0.00000000% total=0.27299999999999996[0m
[BETA_X5] mode=OFF radar_adj=0 mom= conf=0
[ALPHA_X13_BURST13] [1;36m22:54:56[0m [1;32mx13[0m [1;36m#278[0m SKIP tension=[1;36m0.67188642[0m [0m| wall_not_collapsed
[ALPHA_X13_BURST13] mode=OFF radar_adj=0 mom= conf=0
[BETA_X5] [1;36m22:55:01[0m [1;33mx5[0m [1;36m#269[0m SKIP tension=[1;36m0.00000000[0m [0m| momentum_too_small [1;31mconf=0.2944[0m
[BETA_X5] mode=OFF radar_adj=0 mom= conf=0
[ALPHA_X13_BURST13] [1;36m22:55:05[0m [1;32mx13[0m [1;36m#279[0m SKIP tension=[1;32m1.38945749[0m [0m| duo no_trigger
[ALPHA_X13_BURST13] mode=OFF radar_adj=0 mom= conf=0
[ALPHA_X13_BURST13] [1;36m22:55:14[0m [1;32mx13[0m [1;36m#280[0m SKIP tension=[1;36m0.21481137[0m [0m| wall_not_collapsed
[ALPHA_X13_BURST13] mode=OFF radar_adj=0 mom= conf=0
[BETA_X5] [1;36mentry=22:55:12@64883.60000000[0m [1;33mx5[0m [1;36m#270[0m [1;33mSELL[0m tension=[1;31m2.06757826[0m hold=[1;36m7[0ms sec=[1;36m7[0m [0m| exit=64883.60000000 [1;32mconf=0.8411[0m [1;36mexit_time=22:55:20[0m [1;33mpnl=-0.00000000 bps=-0.00000000 pct=-0.00000000% total=0.27299999999999996[0m
[ALPHA_X13_BURST13] [1;36m22:55:23[0m [1;32mx13[0m [1;36m#281[0m SKIP tension=[1;36m0.00000000[0m [0m| momentum_too_small [1;31mconf=0.2944[0m
[BETA_X5] mode=OFF radar_adj=0 mom= conf=0
[ALPHA_X13_BURST13] mode=OFF radar_adj=0 mom= conf=0
[ALPHA_X13_BURST13] [1;36m22:55:31[0m [1;32mx13[0m [1;36m#282[0m SKIP tension=[1;36m0.40820561[0m [0m| wall_not_collapsed
[ALPHA_X13_BURST13] mode=OFF radar_adj=0 mom= conf=0
[BETA_X5] [1;36m22:55:35[0m [1;33mx5[0m [1;36m#271[0m SKIP tension=[1;36m0.00000000[0m [0m| momentum_too_small [1;31mconf=0.2947[0m
[BETA_X5] mode=OFF radar_adj=0 mom= conf=0
[ALPHA_X13_BURST13] [1;36m22:55:41[0m [1;32mx13[0m [1;36m#283[0m SKIP tension=[1;36m0.00001346[0m [0m| momentum_too_small [1;31mconf=0.0[0m
[ALPHA_X13_BURST13] mode=OFF radar_adj=0 mom= conf=0
[ALPHA_X13_BURST13] [1;36m22:55:51[0m [1;32mx13[0m [1;36m#284[0m SKIP tension=[1;36m0.81694932[0m [0m| wall_not_collapsed
[ALPHA_X13_BURST13] mode=OFF radar_adj=0 mom= conf=0
[BETA_X5] [1;36mCycle 272[0m [1;32mSOFT anomaly[0m [1;33m| pnl_abs=0.81672000 > 0.02500000[0m
[BETA_X5] [1;36mentry=22:55:52@64883.60000000[0m [1;33mx5[0m [1;36m#272[0m [1;32mSELL[0m tension=[1;31m2.48754768[0m hold=[1;36m6[0ms sec=[1;36m6[0m [0m| exit=64850.80000000 [1;32mconf=0.8411[0m [1;36mexit_time=22:55:58[0m [1;32mpnl=0.81672000 bps=5.05520655 pct=0.05055207% total=1.08972[0m
[BETA_X5] mode=OFF radar_adj=0 mom= conf=0
[ALPHA_X13_BURST13] [1;36m22:56:05[0m [1;32mx13[0m [1;36m#285[0m SKIP tension=[1;31m2.79028773[0m [0m| duo no_trigger
[ALPHA_X13_BURST13] mode=OFF radar_adj=0 mom= conf=0
[ALPHA_X13_BURST13] [1;36m22:56:14[0m [1;32mx13[0m [1;36m#286[0m SKIP tension=[1;36m0.02187417[0m [0m| direction_unclear [1;31mconf=0.0357[0m
[ALPHA_X13_BURST13] mode=OFF radar_adj=0 mom= conf=0
[ALPHA_X13_BURST13] [1;36m22:56:23[0m [1;32mx13[0m [1;36m#287[0m SKIP tension=[1;36m0.64891763[0m [0m| wall_not_collapsed
[BETA_X5] [1;36mCycle 273[0m [1;32mSOFT anomaly[0m [1;33m| pnl_abs=0.05244000 > 0.02500000[0m
[BETA_X5] [1;36mentry=22:56:13@64850.70000000[0m [1;33mx5[0m [1;36m#273[0m [1;32mSELL[0m tension=[1;31m6.37345906[0m hold=[1;36m9[0ms sec=[1;36m9[0m [0m| exit=64843.80000000 [1;32mconf=0.9595[0m [1;36mexit_time=22:56:22[0m [1;32mpnl=0.05244000 bps=1.06398235 pct=0.01063982% total=1.14216[0m
[ALPHA_X13_BURST13] mode=OFF radar_adj=0 mom= conf=0
[BETA_X5] mode=OFF radar_adj=0 mom= conf=0
[ALPHA_X13_BURST13] [1;36m22:56:31[0m [1;32mx13[0m [1;36m#288[0m SKIP tension=[1;36m0.00000000[0m [0m| momentum_too_small [1;31mconf=0.3497[0m
[BETA_X5] [1;36m22:56:31[0m [1;33mx5[0m [1;36m#274[0m SKIP tension=[1;36m0.34071208[0m [0m| wall_not_collapsed
[BETA_X5] mode=OFF radar_adj=0 mom= conf=0
[ALPHA_X13_BURST13] mode=OFF radar_adj=0 mom= conf=0
[BETA_X5] [1;36m22:56:39[0m [1;33mx5[0m [1;36m#275[0m SKIP tension=[1;36m0.00166198[0m [0m| momentum_too_small [1;31mconf=0.0028[0m
[ALPHA_X13_BURST13] [1;36m22:56:40[0m [1;32mx13[0m [1;36m#289[0m SKIP tension=[1;36m0.00014640[0m [0m| momentum_too_small [1;31mconf=0.0002[0m
[BETA_X5] mode=OFF radar_adj=0 mom= conf=0
[ALPHA_X13_BURST13] mode=OFF radar_adj=0 mom= conf=0
[BETA_X5] [1;36m22:56:47[0m [1;33mx5[0m [1;36m#276[0m SKIP tension=[1;36m0.00000485[0m [0m| momentum_too_small [1;31mconf=0.0[0m
[ALPHA_X13_BURST13] [1;36m22:56:48[0m [1;32mx13[0m [1;36m#290[0m SKIP tension=[1;36m0.00000000[0m [0m| momentum_too_small [1;31mconf=0.3487[0m
[BETA_X5] mode=OFF radar_adj=0 mom= conf=0
[ALPHA_X13_BURST13] mode=OFF radar_adj=0 mom= conf=0
[BETA_X5] [1;36m22:56:55[0m [1;33mx5[0m [1;36m#277[0m SKIP tension=[1;36m0.00000000[0m [0m| momentum_too_small [1;31mconf=0.3487[0m
[ALPHA_X13_BURST13] [1;36m22:56:57[0m [1;32mx13[0m [1;36m#291[0m SKIP tension=[1;36m0.00000000[0m [0m| momentum_too_small [1;31mconf=0.3487[0m
[BETA_X5] mode=OFF radar_adj=0 mom= conf=0
[ALPHA_X13_BURST13] mode=OFF radar_adj=0 mom= conf=0
[BETA_X5] [1;36m22:57:03[0m [1;33mx5[0m [1;36m#278[0m SKIP tension=[1;36m0.00000000[0m [0m| momentum_too_small [1;31mconf=0.3487[0m
[ALPHA_X13_BURST13] [1;36m22:57:05[0m [1;32mx13[0m [1;36m#292[0m SKIP tension=[1;36m0.00002170[0m [0m| momentum_too_small [1;31mconf=0.0[0m
[BETA_X5] mode=OFF radar_adj=0 mom= conf=0
[ALPHA_X13_BURST13] mode=OFF radar_adj=0 mom= conf=0
[BETA_X5] [1;36m22:57:10[0m [1;33mx5[0m [1;36m#279[0m SKIP tension=[1;36m0.00000028[0m [0m| momentum_too_small [1;31mconf=0.0[0m
[BETA_X5] mode=OFF radar_adj=0 mom= conf=0
[ALPHA_X13_BURST13] [1;36m22:57:14[0m [1;32mx13[0m [1;36m#293[0m SKIP tension=[1;36m0.00001302[0m [0m| momentum_too_small [1;31mconf=0.0[0m
[ALPHA_X13_BURST13] mode=OFF radar_adj=0 mom= conf=0
[BETA_X5] [1;36m22:57:18[0m [1;33mx5[0m [1;36m#280[0m SKIP tension=[1;36m0.00000000[0m [0m| momentum_too_small [1;31mconf=0.3487[0m
[BETA_X5] mode=OFF radar_adj=0 mom= conf=0
[ALPHA_X13_BURST13] [1;36m22:57:27[0m [1;32mx13[0m [1;36m#294[0m SKIP tension=[1;36m0.64369303[0m [0m| wall_not_collapsed
[BETA_X5] [1;36m22:57:28[0m [1;33mx5[0m [1;36m#281[0m SKIP tension=[1;36m0.00001857[0m [0m| momentum_too_small [1;31mconf=0.0[0m
[ALPHA_X13_BURST13] mode=OFF radar_adj=0 mom= conf=0
[BETA_X5] mode=OFF radar_adj=0 mom= conf=0
[BETA_X5] [1;36m22:57:36[0m [1;33mx5[0m [1;36m#282[0m SKIP tension=[1;36m0.00005715[0m [0m| momentum_too_small [1;31mconf=0.0001[0m
[ALPHA_X13_BURST13] [1;36m22:57:36[0m [1;32mx13[0m [1;36m#295[0m SKIP tension=[1;36m0.22715640[0m [0m| wall_not_collapsed
[BETA_X5] mode=OFF radar_adj=0 mom= conf=0
[ALPHA_X13_BURST13] mode=OFF radar_adj=0 mom= conf=0
[BETA_X5] [1;36m22:57:43[0m [1;33mx5[0m [1;36m#283[0m SKIP tension=[1;36m0.00000000[0m [0m| momentum_too_small [1;31mconf=0.346[0m
[ALPHA_X13_BURST13] [1;36m22:57:44[0m [1;32mx13[0m [1;36m#296[0m SKIP tension=[1;36m0.00000000[0m [0m| momentum_too_small [1;31mconf=0.346[0m
[BETA_X5] mode=OFF radar_adj=0 mom= conf=0
[ALPHA_X13_BURST13] mode=OFF radar_adj=0 mom= conf=0
[BETA_X5] [1;36m22:57:51[0m [1;33mx5[0m [1;36m#284[0m SKIP tension=[1;36m0.00025033[0m [0m| momentum_too_small [1;31mconf=0.0004[0m
[ALPHA_X13_BURST13] [1;36m22:57:52[0m [1;32mx13[0m [1;36m#297[0m SKIP tension=[1;36m0.83811154[0m [0m| wall_not_collapsed
[ALPHA_X13_BURST13] mode=OFF radar_adj=0 mom= conf=0
[BETA_X5] mode=OFF radar_adj=0 mom= conf=0
[BETA_X5] [1;36m22:58:00[0m [1;33mx5[0m [1;36m#285[0m SKIP tension=[1;36m0.70617507[0m [0m| wall_not_collapsed
[ALPHA_X13_BURST13] [1;36m22:58:01[0m [1;32mx13[0m [1;36m#298[0m SKIP tension=[1;36m0.70617507[0m [0m| wall_not_collapsed
[BETA_X5] mode=OFF radar_adj=0 mom= conf=0
[ALPHA_X13_BURST13] mode=OFF radar_adj=0 mom= conf=0
[BETA_X5] [1;36m22:58:08[0m [1;33mx5[0m [1;36m#286[0m SKIP tension=[1;36m0.00000000[0m [0m| momentum_too_small [1;31mconf=0.3443[0m
[ALPHA_X13_BURST13] [1;36m22:58:09[0m [1;32mx13[0m [1;36m#299[0m SKIP tension=[1;32m1.27715934[0m [0m| duo no_trigger
[BETA_X5] mode=OFF radar_adj=0 mom= conf=0
[BETA_X5] [1;36m22:58:16[0m [1;33mx5[0m [1;36m#287[0m SKIP tension=[1;36m0.00005764[0m [0m| momentum_too_small [1;31mconf=0.0001[0m
[ALPHA_X13_BURST13] mode=OFF radar_adj=0 mom= conf=0
[BETA_X5] mode=OFF radar_adj=0 mom= conf=0
[ALPHA_X13_BURST13] [1;36m22:58:23[0m [1;32mx13[0m [1;36m#300[0m SKIP tension=[1;36m0.00000000[0m [0m| momentum_too_small [1;31mconf=0.3443[0m
[BETA_X5] [1;36m22:58:24[0m [1;33mx5[0m [1;36m#288[0m SKIP tension=[1;36m0.65897241[0m [0m| wall_not_collapsed
[ALPHA_X13_BURST13] mode=OFF radar_adj=0 mom= conf=0
[BETA_X5] mode=OFF radar_adj=0 mom= conf=0
[BETA_X5] [1;36m22:58:32[0m [1;33mx5[0m [1;36m#289[0m SKIP tension=[1;36m0.00000000[0m [0m| momentum_too_small [1;31mconf=0.3443[0m
[BETA_X5] mode=OFF radar_adj=0 mom= conf=0
[ALPHA_X13_BURST13] [1;36m22:58:36[0m [1;32mx13[0m [1;36m#301[0m SKIP tension=[1;36m0.00000000[0m [0m| momentum_too_small [1;31mconf=0.3443[0m
[ALPHA_X13_BURST13] mode=OFF radar_adj=0 mom= conf=0
[BETA_X5] [1;36m22:58:40[0m [1;33mx5[0m [1;36m#290[0m SKIP tension=[1;36m0.00000000[0m [0m| momentum_too_small [1;31mconf=0.3443[0m
[BETA_X5] mode=OFF radar_adj=0 mom= conf=0
[ALPHA_X13_BURST13] [1;36m22:58:44[0m [1;32mx13[0m [1;36m#302[0m SKIP tension=[1;33m0.98344124[0m [0m| wall_not_collapsed
[ALPHA_X13_BURST13] mode=OFF radar_adj=0 mom= conf=0
[BETA_X5] [1;36m22:58:48[0m [1;33mx5[0m [1;36m#291[0m SKIP tension=[1;36m0.00001922[0m [0m| momentum_too_small [1;31mconf=0.0[0m
[BETA_X5] mode=OFF radar_adj=0 mom= conf=0
[ALPHA_X13_BURST13] [1;36m22:58:54[0m [1;32mx13[0m [1;36m#303[0m SKIP tension=[1;36m0.00000000[0m [0m| momentum_too_small [1;31mconf=0.3443[0m
[BETA_X5] [1;36m22:58:57[0m [1;33mx5[0m [1;36m#292[0m SKIP tension=[1;36m0.00000000[0m [0m| momentum_too_small [1;31mconf=0.3443[0m
[ALPHA_X13_BURST13] mode=OFF radar_adj=0 mom= conf=0
[BETA_X5] mode=OFF radar_adj=0 mom= conf=0
[ALPHA_X13_BURST13] [1;36m22:59:02[0m [1;32mx13[0m [1;36m#304[0m SKIP tension=[1;36m0.84823648[0m [0m| wall_not_collapsed
[ALPHA_X13_BURST13] mode=OFF radar_adj=0 mom= conf=0
[BETA_X5] [1;36m22:59:06[0m [1;33mx5[0m [1;36m#293[0m SKIP tension=[1;36m0.00025717[0m [0m| momentum_too_small [1;31mconf=0.0004[0m
[ALPHA_X13_BURST13] [1;36m22:59:10[0m [1;32mx13[0m [1;36m#305[0m SKIP tension=[1;36m0.00000721[0m [0m| momentum_too_small [1;31mconf=0.0[0m
[ALPHA_X13_BURST13] mode=OFF radar_adj=0 mom= conf=0
[BETA_X5] mode=OFF radar_adj=0 mom= conf=0
[ALPHA_X13_BURST13] [1;36m22:59:19[0m [1;32mx13[0m [1;36m#306[0m SKIP tension=[1;36m0.00017838[0m [0m| momentum_too_small [1;31mconf=0.0003[0m
[ALPHA_X13_BURST13] mode=OFF radar_adj=0 mom= conf=0
[ALPHA_X13_BURST13] [1;36m22:59:27[0m [1;32mx13[0m [1;36m#307[0m SKIP tension=[1;36m0.00115058[0m [0m| momentum_too_small [1;31mconf=0.0019[0m
[ALPHA_X13_BURST13] mode=OFF radar_adj=0 mom= conf=0
[BETA_X5] [1;36mentry=22:59:34@64837.90000000[0m [1;33mx5[0m [1;36m#294[0m [1;33mSELL[0m tension=[1;31m2.08957539[0m hold=[1;36m6[0ms sec=[1;36m6[0m [0m| exit=64837.90000000 [1;32mconf=0.9836[0m [1;36mexit_time=22:59:40[0m [1;33mpnl=-0.00000000 bps=-0.00000000 pct=-0.00000000% total=1.14216[0m
[ALPHA_X13_BURST13] [1;36m22:59:42[0m [1;32mx13[0m [1;36m#308[0m SKIP tension=[1;31m2.75339585[0m [0m| duo no_trigger
[BETA_X5] mode=OFF radar_adj=0 mom= conf=0
[ALPHA_X13_BURST13] mode=OFF radar_adj=0 mom= conf=0
[BETA_X5] [1;36m22:59:49[0m [1;33mx5[0m [1;36m#295[0m SKIP tension=[1;36m0.00002634[0m [0m| momentum_too_small [1;31mconf=0.0[0m
[BETA_X5] mode=OFF radar_adj=0 mom= conf=0
[BETA_X5] [1;36m22:59:57[0m [1;33mx5[0m [1;36m#296[0m SKIP tension=[1;36m0.00000000[0m [0m| momentum_too_small [1;31mconf=0.3443[0m
[BETA_X5] mode=OFF radar_adj=0 mom= conf=0
[ALPHA_X13_BURST13] [1;36m23:00:00[0m [1;32mx13[0m [1;36m#309[0m SKIP tension=[1;36m0.00000000[0m [0m| momentum_too_small [1;31mconf=0.3443[0m
[ALPHA_X13_BURST13] mode=OFF radar_adj=0 mom= conf=0
[BETA_X5] [1;36m23:00:06[0m [1;33mx5[0m [1;36m#297[0m SKIP tension=[1;36m0.00000892[0m [0m| momentum_too_small [1;31mconf=0.0[0m
[ALPHA_X13_BURST13] [1;36m23:00:08[0m [1;32mx13[0m [1;36m#310[0m SKIP tension=[1;36m0.00008265[0m [0m| momentum_too_small [1;31mconf=0.0001[0m
[BETA_X5] mode=OFF radar_adj=0 mom= conf=0
[ALPHA_X13_BURST13] mode=OFF radar_adj=0 mom= conf=0
[BETA_X5] [1;36m23:00:14[0m [1;33mx5[0m [1;36m#298[0m SKIP tension=[1;36m0.00000000[0m [0m| momentum_too_small [1;31mconf=0.3443[0m
[BETA_X5] mode=OFF radar_adj=0 mom= conf=0
[ALPHA_X13_BURST13] [1;36m23:00:17[0m [1;32mx13[0m [1;36m#311[0m SKIP tension=[1;36m0.00000000[0m [0m| momentum_too_small [1;31mconf=0.3443[0m
[ALPHA_X13_BURST13] mode=OFF radar_adj=0 mom= conf=0
[ALPHA_X13_BURST13] [1;36m23:00:25[0m [1;32mx13[0m [1;36m#312[0m SKIP tension=[1;36m0.00224552[0m [0m| momentum_too_small [1;31mconf=0.0037[0m
[ALPHA_X13_BURST13] mode=OFF radar_adj=0 mom= conf=0
[ALPHA_X13_BURST13] [1;36m23:00:34[0m [1;32mx13[0m [1;36m#313[0m SKIP tension=[1;36m0.00010321[0m [0m| momentum_too_small [1;31mconf=0.0002[0m
[BETA_X5] [1;36mentry=23:00:27@64837.90000000[0m [1;33mx5[0m [1;36m#299[0m [1;33mSELL[0m tension=[1;31m3.50172814[0m hold=[1;36m6[0ms sec=[1;36m6[0m [0m| exit=64837.90000000 [1;32mconf=0.9836[0m [1;36mexit_time=23:00:33[0m [1;33mpnl=-0.00000000 bps=-0.00000000 pct=-0.00000000% total=1.14216[0m
[ALPHA_X13_BURST13] mode=OFF radar_adj=0 mom= conf=0
[BETA_X5] mode=OFF radar_adj=0 mom= conf=0
[BETA_X5] [1;36m23:00:43[0m [1;33mx5[0m [1;36m#300[0m SKIP tension=[1;36m0.00006393[0m [0m| momentum_too_small [1;31mconf=0.0001[0m
[ALPHA_X13_BURST13] [1;36m23:00:43[0m [1;32mx13[0m [1;36m#314[0m SKIP tension=[1;36m0.00005204[0m [0m| momentum_too_small [1;31mconf=0.0001[0m
[BETA_X5] mode=OFF radar_adj=0 mom= conf=0
[ALPHA_X13_BURST13] mode=OFF radar_adj=0 mom= conf=0
[BETA_X5] [1;36m23:00:56[0m [1;33mx5[0m [1;36m#301[0m SKIP tension=[1;36m0.00019325[0m [0m| momentum_too_small [1;31mconf=0.0003[0m
[ALPHA_X13_BURST13] [1;36m23:00:56[0m [1;32mx13[0m [1;36m#315[0m SKIP tension=[1;36m0.00019325[0m [0m| momentum_too_small [1;31mconf=0.0003[0m
[BETA_X5] mode=OFF radar_adj=0 mom= conf=0
[ALPHA_X13_BURST13] mode=OFF radar_adj=0 mom= conf=0
[BETA_X5] [1;36m23:01:05[0m [1;33mx5[0m [1;36m#302[0m SKIP tension=[1;36m0.63157999[0m [0m| wall_not_collapsed
[ALPHA_X13_BURST13] [1;36m23:01:07[0m [1;32mx13[0m [1;36m#316[0m SKIP tension=[1;32m1.59076467[0m [0m| duo no_trigger
[BETA_X5] mode=OFF radar_adj=0 mom= conf=0
[ALPHA_X13_BURST13] mode=OFF radar_adj=0 mom= conf=0
[ALPHA_X13_BURST13] [1;36m23:01:17[0m [1;32mx13[0m [1;36m#317[0m SKIP tension=[1;36m0.00016358[0m [0m| momentum_too_small [1;31mconf=0.0002[0m
[ALPHA_X13_BURST13] mode=OFF radar_adj=0 mom= conf=0
[BETA_X5] [1;36mentry=23:01:18@64830.40000000[0m [1;33mx5[0m [1;36m#303[0m [1;33mSELL[0m tension=[1;32m1.77143826[0m hold=[1;36m6[0ms sec=[1;36m6[0m [0m| exit=64830.40000000 [1;32mconf=0.9113[0m [1;36mexit_time=23:01:24[0m [1;33mpnl=-0.00000000 bps=-0.00000000 pct=-0.00000000% total=1.14216[0m
[BETA_X5] mode=OFF radar_adj=0 mom= conf=0
[ALPHA_X13_BURST13] [1;36m23:01:30[0m [1;32mx13[0m [1;36m#318[0m SKIP tension=[1;36m0.00004062[0m [0m| momentum_too_small [1;31mconf=0.0001[0m
[ALPHA_X13_BURST13] mode=OFF radar_adj=0 mom= conf=0
[BETA_X5] [1;36m23:01:36[0m [1;33mx5[0m [1;36m#304[0m SKIP tension=[1;36m0.00006028[0m [0m| momentum_too_small [1;31mconf=0.0001[0m
[BETA_X5] mode=OFF radar_adj=0 mom= conf=0
[ALPHA_X13_BURST13] [1;36m23:01:38[0m [1;32mx13[0m [1;36m#319[0m SKIP tension=[1;36m0.00002621[0m [0m| momentum_too_small [1;31mconf=0.0[0m
[ALPHA_X13_BURST13] mode=OFF radar_adj=0 mom= conf=0
[ALPHA_X13_BURST13] [1;36m23:01:47[0m [1;32mx13[0m [1;36m#320[0m SKIP tension=[1;32m1.72142780[0m [0m| tactic long vs short
[BETA_X5] [1;36m23:01:49[0m [1;33mx5[0m [1;36m#305[0m SKIP tension=[1;36m0.82054450[0m [0m| wall_not_collapsed
[ALPHA_X13_BURST13] mode=OFF radar_adj=0 mom= conf=0
[BETA_X5] mode=OFF radar_adj=0 mom= conf=0
[BETA_X5] [1;36m23:01:56[0m [1;33mx5[0m [1;36m#306[0m SKIP tension=[1;36m0.00002231[0m [0m| momentum_too_small [1;31mconf=0.0[0m
[ALPHA_X13_BURST13] [1;36m23:01:56[0m [1;32mx13[0m [1;36m#321[0m SKIP tension=[1;36m0.00000000[0m [0m| momentum_too_small [1;31mconf=0.319[0m
[BETA_X5] mode=OFF radar_adj=0 mom= conf=0
[ALPHA_X13_BURST13] mode=OFF radar_adj=0 mom= conf=0
[BETA_X5] [1;36m23:02:04[0m [1;33mx5[0m [1;36m#307[0m SKIP tension=[1;36m0.00021425[0m [0m| momentum_too_small [1;31mconf=0.0003[0m
[ALPHA_X13_BURST13] [1;36m23:02:05[0m [1;32mx13[0m [1;36m#322[0m SKIP tension=[1;36m0.00021425[0m [0m| momentum_too_small [1;31mconf=0.0003[0m
[BETA_X5] mode=OFF radar_adj=0 mom= conf=0
[ALPHA_X13_BURST13] mode=OFF radar_adj=0 mom= conf=0
[BETA_X5] [1;36m23:02:12[0m [1;33mx5[0m [1;36m#308[0m SKIP tension=[1;36m0.00014278[0m [0m| momentum_too_small [1;31mconf=0.0002[0m
[ALPHA_X13_BURST13] [1;36m23:02:13[0m [1;32mx13[0m [1;36m#323[0m SKIP tension=[1;36m0.00015765[0m [0m| momentum_too_small [1;31mconf=0.0002[0m
[BETA_X5] mode=OFF radar_adj=0 mom= conf=0
[ALPHA_X13_BURST13] mode=OFF radar_adj=0 mom= conf=0
[BETA_X5] [1;36m23:02:20[0m [1;33mx5[0m [1;36m#309[0m SKIP tension=[1;36m0.00016361[0m [0m| momentum_too_small [1;31mconf=0.0002[0m
[BETA_X5] mode=OFF radar_adj=0 mom= conf=0
[ALPHA_X13_BURST13] [1;36m23:02:27[0m [1;32mx13[0m [1;36m#324[0m SKIP tension=[1;36m0.00000779[0m [0m| momentum_too_small [1;31mconf=0.0[0m
[BETA_X5] [1;36m23:02:28[0m [1;33mx5[0m [1;36m#310[0m SKIP tension=[1;36m0.00008329[0m [0m| momentum_too_small [1;31mconf=0.0001[0m
[ALPHA_X13_BURST13] mode=OFF radar_adj=0 mom= conf=0
[BETA_X5] mode=OFF radar_adj=0 mom= conf=0
[ALPHA_X13_BURST13] [1;36m23:02:35[0m [1;32mx13[0m [1;36m#325[0m SKIP tension=[1;36m0.00048482[0m [0m| momentum_too_small [1;31mconf=0.0007[0m
[ALPHA_X13_BURST13] mode=OFF radar_adj=0 mom= conf=0
[ALPHA_X13_BURST13] [1;36m23:02:45[0m [1;32mx13[0m [1;36m#326[0m SKIP tension=[1;36m0.07750238[0m [0m| direction_unclear [1;31mconf=0.1231[0m
[BETA_X5] [1;36mCycle 311[0m [1;32mSOFT anomaly[0m [1;33m| pnl_abs=0.06776000 > 0.02500000[0m
[ALPHA_X13_BURST13] mode=OFF radar_adj=0 mom= conf=0
[BETA_X5] [1;36mentry=23:02:41@64839.60000000[0m [1;33mx5[0m [1;36m#311[0m [1;32mSELL[0m tension=[1;32m1.39906540[0m hold=[1;36m7[0ms sec=[1;36m7[0m [0m| exit=64835.20000000 [1;32mconf=0.9113[0m [1;36mexit_time=23:02:48[0m [1;32mpnl=0.06776000 bps=0.67859765 pct=0.00678598% total=1.20992[0m
[BETA_X5] mode=OFF radar_adj=0 mom= conf=0
[ALPHA_X13_BURST13] [1;36m23:02:54[0m [1;32mx13[0m [1;36m#327[0m SKIP tension=[1;36m0.00001848[0m [0m| momentum_too_small [1;31mconf=0.0[0m
[BETA_X5] [1;36m23:02:57[0m [1;33mx5[0m [1;36m#312[0m SKIP tension=[1;36m0.46853658[0m [0m| wall_not_collapsed
[BETA_X5] mode=OFF radar_adj=0 mom= conf=0
[ALPHA_X13_BURST13] mode=OFF radar_adj=0 mom= conf=0
[BETA_X5] [1;36m23:03:05[0m [1;33mx5[0m [1;36m#313[0m SKIP tension=[1;36m0.00039659[0m [0m| momentum_too_small [1;31mconf=0.0006[0m
[ALPHA_X13_BURST13] [1;36m23:03:07[0m [1;32mx13[0m [1;36m#328[0m SKIP tension=[1;36m0.26465705[0m [0m| wall_not_collapsed
[BETA_X5] mode=OFF radar_adj=0 mom= conf=0
[ALPHA_X13_BURST13] mode=OFF radar_adj=0 mom= conf=0
[ALPHA_X13_BURST13] [1;36m23:03:15[0m [1;32mx13[0m [1;36m#329[0m SKIP tension=[1;36m0.57455211[0m [0m| wall_not_collapsed
[BETA_X5] [1;36m23:03:15[0m [1;33mx5[0m [1;36m#314[0m SKIP tension=[1;36m0.57455775[0m [0m| wall_not_collapsed
[ALPHA_X13_BURST13] mode=OFF radar_adj=0 mom= conf=0
[BETA_X5] mode=OFF radar_adj=0 mom= conf=0
[ALPHA_X13_BURST13] [1;36m23:03:24[0m [1;32mx13[0m [1;36m#330[0m SKIP tension=[1;36m0.00000000[0m [0m| momentum_too_small [1;31mconf=0.326[0m
[BETA_X5] [1;36m23:03:24[0m [1;33mx5[0m [1;36m#315[0m SKIP tension=[1;36m0.00000000[0m [0m| momentum_too_small [1;31mconf=0.326[0m
[BETA_X5] mode=OFF radar_adj=0 mom= conf=0
[ALPHA_X13_BURST13] mode=OFF radar_adj=0 mom= conf=0
[BETA_X5] [1;36m23:03:32[0m [1;33mx5[0m [1;36m#316[0m SKIP tension=[1;36m0.00000000[0m [0m| momentum_too_small [1;31mconf=0.324[0m
[ALPHA_X13_BURST13] [1;36m23:03:33[0m [1;32mx13[0m [1;36m#331[0m SKIP tension=[1;32m1.49947181[0m [0m| duo no_trigger
[BETA_X5] mode=OFF radar_adj=0 mom= conf=0
[ALPHA_X13_BURST13] mode=OFF radar_adj=0 mom= conf=0
[ALPHA_X13_BURST13] [1;36m23:03:42[0m [1;32mx13[0m [1;36m#332[0m SKIP tension=[1;36m0.00000000[0m [0m| momentum_too_small [1;31mconf=0.3132[0m
[ALPHA_X13_BURST13] mode=OFF radar_adj=0 mom= conf=0
[BETA_X5] shockwave beta->alpha until_cycle=327
[BETA_X5] [1;33mSWARM shockwave[0m [0m| beta -> neighbor (shock_inversion_stop)[0m
[ALPHA_X13_BURST13] [1;36m23:03:50[0m [1;32mx13[0m [1;36m#333[0m SKIP tension=[1;36m0.00000000[0m [0m| momentum_too_small [1;31mconf=0.3132[0m
[BETA_X5] [1;36mentry=23:03:44@64836.60000000[0m [1;33mx5[0m [1;36m#317[0m [1;31mSELL[0m tension=[1;32m1.55227620[0m hold=[1;36m6[0ms sec=[1;36m6[0m [0m| exit=64839.60000000 [1;32mconf=0.8949[0m [1;36mexit_time=23:03:51[0m [1;31mpnl=-0.02280000 bps=-0.46270162 pct=-0.00462702% total=1.1871200000000002[0m
[ALPHA_X13_BURST13] mode=OFF radar_adj=0 mom= conf=0
[BETA_X5] mode=OFF radar_adj=0 mom= conf=0
[ALPHA_X13_BURST13] [1;36m23:03:59[0m [1;32mx13[0m [1;36m#334[0m SKIP tension=[1;36m0.00002340[0m [0m| momentum_too_small [1;31mconf=0.0[0m
[BETA_X5] [1;36m23:04:00[0m [1;33mx5[0m [1;36m#318[0m SKIP tension=[1;36m0.00021274[0m [0m| momentum_too_small [1;31mconf=0.0003[0m
[BETA_X5] mode=OFF radar_adj=0 mom= conf=0
[ALPHA_X13_BURST13] mode=OFF radar_adj=0 mom= conf=0
[ALPHA_X13_BURST13] [1;36m23:04:08[0m [1;32mx13[0m [1;36m#335[0m SKIP tension=[1;36m0.00004257[0m [0m| momentum_too_small [1;31mconf=0.0001[0m
[BETA_X5] [1;36m23:04:08[0m [1;33mx5[0m [1;36m#319[0m SKIP tension=[1;36m0.00006598[0m [0m| momentum_too_small [1;31mconf=0.0001[0m
[BETA_X5] mode=OFF radar_adj=0 mom= conf=0
[ALPHA_X13_BURST13] mode=OFF radar_adj=0 mom= conf=0
[BETA_X5] [1;36m23:04:16[0m [1;33mx5[0m [1;36m#320[0m SKIP tension=[1;36m0.00000000[0m [0m| momentum_too_small [1;31mconf=0.3132[0m
[ALPHA_X13_BURST13] [1;36m23:04:16[0m [1;32mx13[0m [1;36m#336[0m SKIP tension=[1;36m0.00000000[0m [0m| momentum_too_small [1;31mconf=0.3132[0m
[BETA_X5] mode=OFF radar_adj=0 mom= conf=0
[ALPHA_X13_BURST13] mode=OFF radar_adj=0 mom= conf=0
[BETA_X5] [1;36m23:04:24[0m [1;33mx5[0m [1;36m#321[0m SKIP tension=[1;36m0.00004450[0m [0m| momentum_too_small [1;31mconf=0.0001[0m
[ALPHA_X13_BURST13] [1;36m23:04:25[0m [1;32mx13[0m [1;36m#337[0m SKIP tension=[1;36m0.00004450[0m [0m| momentum_too_small [1;31mconf=0.0001[0m
[BETA_X5] mode=OFF radar_adj=0 mom= conf=0
[ALPHA_X13_BURST13] mode=OFF radar_adj=0 mom= conf=0
[BETA_X5] [1;36m23:04:32[0m [1;33mx5[0m [1;36m#322[0m SKIP tension=[1;36m0.00007384[0m [0m| momentum_too_small [1;31mconf=0.0001[0m
[ALPHA_X13_BURST13] [1;36m23:04:33[0m [1;32mx13[0m [1;36m#338[0m SKIP tension=[1;36m0.00000000[0m [0m| momentum_too_small [1;31mconf=0.3196[0m
[BETA_X5] mode=OFF radar_adj=0 mom= conf=0
[ALPHA_X13_BURST13] mode=OFF radar_adj=0 mom= conf=0
[BETA_X5] [1;36m23:04:39[0m [1;33mx5[0m [1;36m#323[0m SKIP tension=[1;36m0.00000457[0m [0m| momentum_too_small [1;31mconf=0.0[0m
[ALPHA_X13_BURST13] [1;36m23:04:41[0m [1;32mx13[0m [1;36m#339[0m SKIP tension=[1;36m0.00000000[0m [0m| momentum_too_small [1;31mconf=0.3196[0m
[BETA_X5] mode=OFF radar_adj=0 mom= conf=0
[ALPHA_X13_BURST13] mode=OFF radar_adj=0 mom= conf=0
[BETA_X5] [1;36m23:04:47[0m [1;33mx5[0m [1;36m#324[0m SKIP tension=[1;36m0.00000000[0m [0m| momentum_too_small [1;31mconf=0.3196[0m
[BETA_X5] mode=OFF radar_adj=0 mom= conf=0
[ALPHA_X13_BURST13] [1;36m23:04:50[0m [1;32mx13[0m [1;36m#340[0m SKIP [1;33m| tension_stale age=1800ms>800ms (NUAGE)[0m
[ALPHA_X13_BURST13] mode=OFF radar_adj=0 mom= conf=0
[BETA_X5] [1;36m23:04:55[0m [1;33mx5[0m [1;36m#325[0m SKIP tension=[1;36m0.00000000[0m [0m| momentum_too_small [1;31mconf=0.3196[0m
[BETA_X5] mode=OFF radar_adj=0 mom= conf=0
[ALPHA_X13_BURST13] [1;36m23:04:59[0m [1;32mx13[0m [1;36m#341[0m SKIP tension=[1;36m0.00000000[0m [0m| momentum_too_small [1;31mconf=0.3196[0m
[ALPHA_X13_BURST13] mode=OFF radar_adj=0 mom= conf=0
[BETA_X5] [1;36m23:05:02[0m [1;33mx5[0m [1;36m#326[0m SKIP tension=[1;36m0.00000000[0m [0m| momentum_too_small [1;31mconf=0.3196[0m
[BETA_X5] mode=OFF radar_adj=0 mom= conf=0
[ALPHA_X13_BURST13] [1;36m23:05:07[0m [1;32mx13[0m [1;36m#342[0m SKIP tension=[1;36m0.18242529[0m [0m| direction_unclear [1;31mconf=0.2777[0m
[BETA_X5] [1;36m23:05:10[0m [1;33mx5[0m [1;36m#327[0m SKIP tension=[1;36m0.00000000[0m [0m| momentum_too_small [1;31mconf=0.3409[0m
[ALPHA_X13_BURST13] mode=OFF radar_adj=0 mom= conf=0
[BETA_X5] mode=OFF radar_adj=0 mom= conf=0
[ALPHA_X13_BURST13] [1;36m23:05:17[0m [1;32mx13[0m [1;36m#343[0m SKIP tension=[1;36m0.00000000[0m [0m| momentum_too_small [1;31mconf=0.3409[0m
[BETA_X5] [1;36m23:05:18[0m [1;33mx5[0m [1;36m#328[0m SKIP tension=[1;36m0.05802340[0m [0m| direction_unclear [1;31mconf=0.0942[0m
[ALPHA_X13_BURST13] mode=OFF radar_adj=0 mom= conf=0
[BETA_X5] mode=OFF radar_adj=0 mom= conf=0
[ALPHA_X13_BURST13] [1;36m23:05:25[0m [1;32mx13[0m [1;36m#344[0m SKIP tension=[1;36m0.33328019[0m [0m| wall_not_collapsed
[ALPHA_X13_BURST13] mode=OFF radar_adj=0 mom= conf=0
[BETA_X5] [1;36m23:05:30[0m [1;33mx5[0m [1;36m#329[0m SKIP tension=[1;36m0.33328227[0m [0m| wall_not_collapsed
[BETA_X5] mode=OFF radar_adj=0 mom= conf=0
[ALPHA_X13_BURST13] [1;36m23:05:33[0m [1;32mx13[0m [1;36m#345[0m SKIP tension=[1;36m0.00000000[0m [0m| momentum_too_small [1;31mconf=0.3399[0m
[ALPHA_X13_BURST13] mode=OFF radar_adj=0 mom= conf=0
[BETA_X5] [1;36m23:05:39[0m [1;33mx5[0m [1;36m#330[0m SKIP tension=[1;36m0.00000000[0m [0m| momentum_too_small [1;31mconf=0.3389[0m
[ALPHA_X13_BURST13] [1;36m23:05:42[0m [1;32mx13[0m [1;36m#346[0m SKIP tension=[1;36m0.00001825[0m [0m| momentum_too_small [1;31mconf=0.0[0m
[BETA_X5] mode=OFF radar_adj=0 mom= conf=0
[ALPHA_X13_BURST13] mode=OFF radar_adj=0 mom= conf=0
[BETA_X5] [1;36m23:05:47[0m [1;33mx5[0m [1;36m#331[0m SKIP tension=[1;36m0.00001825[0m [0m| momentum_too_small [1;31mconf=0.0[0m
[ALPHA_X13_BURST13] [1;36m23:05:50[0m [1;32mx13[0m [1;36m#347[0m SKIP tension=[1;36m0.00001156[0m [0m| momentum_too_small [1;31mconf=0.0[0m
[BETA_X5] mode=OFF radar_adj=0 mom= conf=0
[ALPHA_X13_BURST13] mode=OFF radar_adj=0 mom= conf=0
[ALPHA_X13_BURST13] [1;36m23:05:58[0m [1;32mx13[0m [1;36m#348[0m SKIP tension=[1;36m0.00000000[0m [0m| momentum_too_small [1;31mconf=0.3368[0m
[ALPHA_X13_BURST13] mode=OFF radar_adj=0 mom= conf=0
[ALPHA_X13_BURST13] [1;36m23:06:06[0m [1;32mx13[0m [1;36m#349[0m SKIP tension=[1;36m0.00030417[0m [0m| momentum_too_small [1;31mconf=0.0005[0m
[BETA_X5] shockwave beta->alpha until_cycle=342
[BETA_X5] [1;33mSWARM shockwave[0m [0m| beta -> neighbor (fluid_exit_brake)[0m
[BETA_X5] [1;36mentry=23:06:00@64838.80000000[0m [1;33mx5[0m [1;36m#332[0m [1;31mSELL[0m tension=[1;32m1.01524227[0m hold=[1;36m7[0ms sec=[1;36m7[0m [0m| exit=64838.90000000 [1;32mconf=0.9624[0m [1;36mexit_time=23:06:07[0m [1;31mpnl=-0.00076000 bps=-0.01542286 pct=-0.00015423% total=1.18636[0m
[ALPHA_X13_BURST13] mode=OFF radar_adj=0 mom= conf=0
[BETA_X5] mode=OFF radar_adj=0 mom= conf=0
[ALPHA_X13_BURST13] [1;36m23:06:15[0m [1;32mx13[0m [1;36m#350[0m SKIP tension=[1;36m0.00001824[0m [0m| momentum_too_small [1;31mconf=0.0[0m
[BETA_X5] [1;36m23:06:17[0m [1;33mx5[0m [1;36m#333[0m SKIP tension=[1;36m0.02235437[0m [0m| direction_unclear [1;31mconf=0.0336[0m
[ALPHA_X13_BURST13] mode=OFF radar_adj=0 mom= conf=0
[BETA_X5] mode=OFF radar_adj=0 mom= conf=0
[ALPHA_X13_BURST13] [1;36m23:06:23[0m [1;32mx13[0m [1;36m#351[0m SKIP tension=[1;36m0.64449877[0m [0m| wall_not_collapsed
[ALPHA_X13_BURST13] mode=OFF radar_adj=0 mom= conf=0
[ALPHA_X13_BURST13] [1;36m23:06:31[0m [1;32mx13[0m [1;36m#352[0m SKIP tension=[1;36m0.37797810[0m [0m| wall_not_collapsed
[ALPHA_X13_BURST13] mode=OFF radar_adj=0 mom= conf=0
[BETA_X5] [1;36mentry=23:06:29@64838.80000000[0m [1;33mx5[0m [1;36m#334[0m [1;33mSELL[0m tension=[1;32m1.00900139[0m hold=[1;36m6[0ms sec=[1;36m6[0m [0m| exit=64838.80000000 [1;32mconf=0.9026[0m [1;36mexit_time=23:06:35[0m [1;33mpnl=-0.00000000 bps=-0.00000000 pct=-0.00000000% total=1.18636[0m
[ALPHA_X13_BURST13] [1;36m23:06:40[0m [1;32mx13[0m [1;36m#353[0m SKIP tension=[1;36m0.00018326[0m [0m| momentum_too_small [1;31mconf=0.0003[0m
[BETA_X5] mode=OFF radar_adj=0 mom= conf=0
[ALPHA_X13_BURST13] mode=OFF radar_adj=0 mom= conf=0
[BETA_X5] [1;36m23:06:47[0m [1;33mx5[0m [1;36m#335[0m SKIP tension=[1;36m0.55040976[0m [0m| wall_not_collapsed
[ALPHA_X13_BURST13] [1;36m23:06:49[0m [1;32mx13[0m [1;36m#354[0m SKIP tension=[1;36m0.00001693[0m [0m| momentum_too_small [1;31mconf=0.0[0m
[BETA_X5] mode=OFF radar_adj=0 mom= conf=0
[ALPHA_X13_BURST13] mode=OFF radar_adj=0 mom= conf=0
[ALPHA_X13_BURST13] [1;36m23:06:57[0m [1;32mx13[0m [1;36m#355[0m SKIP tension=[1;36m0.00008416[0m [0m| momentum_too_small [1;31mconf=0.0001[0m
[ALPHA_X13_BURST13] mode=OFF radar_adj=0 mom= conf=0
[ALPHA_X13_BURST13] [1;36m23:07:06[0m [1;32mx13[0m [1;36m#356[0m SKIP tension=[1;32m1.10629912[0m [0m| duo no_trigger
[BETA_X5] [1;36mentry=23:06:58@64839.60000000[0m [1;33mx5[0m [1;36m#336[0m [1;32mSELL[0m tension=[1;31m2.00279280[0m hold=[1;36m9[0ms sec=[1;36m9[0m [0m| exit=64838.80000000 [1;32mconf=0.9923[0m [1;36mexit_time=23:07:07[0m [1;32mpnl=0.01232000 bps=0.12338139 pct=0.00123381% total=1.1986800000000002[0m
[ALPHA_X13_BURST13] mode=OFF radar_adj=0 mom= conf=0
[BETA_X5] mode=OFF radar_adj=0 mom= conf=0
[ALPHA_X13_BURST13] [1;36m23:07:15[0m [1;32mx13[0m [1;36m#357[0m SKIP tension=[1;36m0.00000000[0m [0m| momentum_too_small [1;31mconf=0.3473[0m
[BETA_X5] [1;36m23:07:17[0m [1;33mx5[0m [1;36m#337[0m SKIP tension=[1;36m0.00007595[0m [0m| momentum_too_small [1;31mconf=0.0001[0m
[ALPHA_X13_BURST13] mode=OFF radar_adj=0 mom= conf=0
[BETA_X5] mode=OFF radar_adj=0 mom= conf=0
[ALPHA_X13_BURST13] [1;36m23:07:23[0m [1;32mx13[0m [1;36m#358[0m SKIP tension=[1;36m0.00009829[0m [0m| momentum_too_small [1;31mconf=0.0002[0m
[BETA_X5] [1;36m23:07:24[0m [1;33mx5[0m [1;36m#338[0m SKIP tension=[1;36m0.00010275[0m [0m| momentum_too_small [1;31mconf=0.0002[0m
[ALPHA_X13_BURST13] mode=OFF radar_adj=0 mom= conf=0
[BETA_X5] mode=OFF radar_adj=0 mom= conf=0
[ALPHA_X13_BURST13] [1;36m23:07:32[0m [1;32mx13[0m [1;36m#359[0m SKIP tension=[1;36m0.00028593[0m [0m| momentum_too_small [1;31mconf=0.0005[0m
[BETA_X5] [1;36m23:07:32[0m [1;33mx5[0m [1;36m#339[0m SKIP tension=[1;36m0.00019881[0m [0m| momentum_too_small [1;31mconf=0.0003[0m
[BETA_X5] mode=OFF radar_adj=0 mom= conf=0
[ALPHA_X13_BURST13] mode=OFF radar_adj=0 mom= conf=0
[BETA_X5] [1;36m23:07:40[0m [1;33mx5[0m [1;36m#340[0m SKIP tension=[1;36m0.00007829[0m [0m| momentum_too_small [1;31mconf=0.0001[0m
[ALPHA_X13_BURST13] [1;36m23:07:41[0m [1;32mx13[0m [1;36m#360[0m SKIP tension=[1;36m0.00006711[0m [0m| momentum_too_small [1;31mconf=0.0001[0m
[BETA_X5] mode=OFF radar_adj=0 mom= conf=0
[ALPHA_X13_BURST13] mode=OFF radar_adj=0 mom= conf=0
[BETA_X5] [1;36m23:07:48[0m [1;33mx5[0m [1;36m#341[0m SKIP tension=[1;36m0.00000000[0m [0m| momentum_too_small [1;31mconf=0.3473[0m
[ALPHA_X13_BURST13] [1;36m23:07:50[0m [1;32mx13[0m [1;36m#361[0m SKIP tension=[1;36m0.00009396[0m [0m| momentum_too_small [1;31mconf=0.0002[0m
[BETA_X5] mode=OFF radar_adj=0 mom= conf=0
[ALPHA_X13_BURST13] mode=OFF radar_adj=0 mom= conf=0
[BETA_X5] [1;36m23:07:55[0m [1;33mx5[0m [1;36m#342[0m SKIP tension=[1;36m0.00008725[0m [0m| momentum_too_small [1;31mconf=0.0001[0m
[BETA_X5] mode=OFF radar_adj=0 mom= conf=0
[ALPHA_X13_BURST13] [1;36m23:07:59[0m [1;32mx13[0m [1;36m#362[0m SKIP tension=[1;36m0.00001532[0m [0m| momentum_too_small [1;31mconf=0.0[0m
[BETA_X5] [1;36m23:08:03[0m [1;33mx5[0m [1;36m#343[0m SKIP tension=[1;36m0.48266858[0m [0m| wall_not_collapsed
[BETA_X5] mode=OFF radar_adj=0 mom= conf=0
[ALPHA_X13_BURST13] mode=OFF radar_adj=0 mom= conf=0
[ALPHA_X13_BURST13] [1;36m23:08:12[0m [1;32mx13[0m [1;36m#363[0m SKIP tension=[1;36m0.00005133[0m [0m| momentum_too_small [1;31mconf=0.0001[0m
[ALPHA_X13_BURST13] mode=OFF radar_adj=0 mom= conf=0
[BETA_X5] shockwave beta->alpha until_cycle=354
[BETA_X5] [1;33mSWARM shockwave[0m [0m| beta -> neighbor (shock_inversion_stop)[0m
[BETA_X5] [1;36mCycle 344[0m [1;32mSOFT anomaly[0m [1;33m| pnl_abs=0.47894000 > 0.02500000[0m
[ALPHA_X13_BURST13] [1;36m23:08:22[0m [1;32mx13[0m [1;36m#364[0m SKIP tension=[1;36m0.00000000[0m [0m| spread_too_wide [1;31mconf=0.0[0m
[BETA_X5] [1;36mentry=23:08:15@64850.00000000[0m [1;33mx5[0m [1;36m#344[0m [1;31mSELL[0m tension=[1;32m1.79529407[0m hold=[1;36m6[0ms sec=[1;36m6[0m [0m| exit=64881.10000000 [1;33mconf=0.606[0m [1;36mexit_time=23:08:21[0m [1;31mpnl=-0.47894000 bps=-4.79568234 pct=-0.04795682% total=0.7197400000000003[0m
[ALPHA_X13_BURST13] mode=OFF radar_adj=0 mom= conf=0
[BETA_X5] mode=OFF radar_adj=0 mom= conf=0
[BETA_X5] [1;36m23:08:31[0m [1;33mx5[0m [1;36m#345[0m SKIP tension=[1;36m0.00000000[0m [0m| spread_too_wide [1;31mconf=0.0[0m
[ALPHA_X13_BURST13] [1;36m23:08:31[0m [1;32mx13[0m [1;36m#365[0m SKIP tension=[1;36m0.00000000[0m [0m| spread_too_wide [1;31mconf=0.0[0m
[BETA_X5] mode=OFF radar_adj=0 mom= conf=0
[ALPHA_X13_BURST13] mode=OFF radar_adj=0 mom= conf=0
[BETA_X5] [1;36m23:08:39[0m [1;33mx5[0m [1;36m#346[0m SKIP tension=[1;36m0.00000152[0m [0m| spread_too_wide [1;31mconf=0.0[0m
[ALPHA_X13_BURST13] [1;36m23:08:39[0m [1;32mx13[0m [1;36m#366[0m SKIP tension=[1;36m0.00000000[0m [0m| spread_too_wide [1;31mconf=0.0[0m
[BETA_X5] mode=OFF radar_adj=0 mom= conf=0
[ALPHA_X13_BURST13] mode=OFF radar_adj=0 mom= conf=0
[BETA_X5] [1;36m23:08:46[0m [1;33mx5[0m [1;36m#347[0m SKIP tension=[1;36m0.00010693[0m [0m| spread_too_wide [1;31mconf=0.0001[0m
[ALPHA_X13_BURST13] [1;36m23:08:48[0m [1;32mx13[0m [1;36m#367[0m SKIP tension=[1;36m0.00000000[0m [0m| spread_too_wide [1;31mconf=0.0[0m
[BETA_X5] mode=OFF radar_adj=0 mom= conf=0
[BETA_X5] [1;36m23:08:55[0m [1;33mx5[0m [1;36m#348[0m SKIP tension=[1;36m0.00000000[0m [0m| spread_too_wide [1;31mconf=0.0[0m
[ALPHA_X13_BURST13] mode=OFF radar_adj=0 mom= conf=0
[BETA_X5] mode=OFF radar_adj=0 mom= conf=0
[ALPHA_X13_BURST13] [1;36m23:09:01[0m [1;32mx13[0m [1;36m#368[0m SKIP tension=[1;36m0.00000000[0m [0m| momentum_too_small [1;31mconf=0.3497[0m
[BETA_X5] [1;36m23:09:03[0m [1;33mx5[0m [1;36m#349[0m SKIP tension=[1;36m0.00000218[0m [0m| momentum_too_small [1;31mconf=0.0[0m
[ALPHA_X13_BURST13] mode=OFF radar_adj=0 mom= conf=0
[BETA_X5] mode=OFF radar_adj=0 mom= conf=0
[ALPHA_X13_BURST13] [1;36m23:09:09[0m [1;32mx13[0m [1;36m#369[0m SKIP tension=[1;36m0.80907943[0m [0m| wall_not_collapsed
[BETA_X5] [1;36m23:09:12[0m [1;33mx5[0m [1;36m#350[0m SKIP tension=[1;36m0.00006026[0m [0m| momentum_too_small [1;31mconf=0.0001[0m
[ALPHA_X13_BURST13] mode=OFF radar_adj=0 mom= conf=0
[BETA_X5] mode=OFF radar_adj=0 mom= conf=0
[ALPHA_X13_BURST13] [1;36m23:09:18[0m [1;32mx13[0m [1;36m#370[0m SKIP tension=[1;36m0.00000000[0m [0m| momentum_too_small [1;31mconf=0.347[0m
[ALPHA_X13_BURST13] mode=OFF radar_adj=0 mom= conf=0
[ALPHA_X13_BURST13] [1;36m23:09:26[0m [1;32mx13[0m [1;36m#371[0m SKIP tension=[1;36m0.00000000[0m [0m| momentum_too_small [1;31mconf=0.347[0m
[ALPHA_X13_BURST13] mode=OFF radar_adj=0 mom= conf=0
[ALPHA_X13_BURST13] [1;36m23:09:35[0m [1;32mx13[0m [1;36m#372[0m SKIP tension=[1;36m0.00042057[0m [0m| momentum_too_small [1;31mconf=0.0007[0m
[BETA_X5] [1;36mentry=23:09:29@64882.20000000[0m [1;33mx5[0m [1;36m#351[0m [1;33mSELL[0m tension=[1;31m5.02465185[0m hold=[1;36m6[0ms sec=[1;36m6[0m [0m| exit=64882.20000000 [1;32mconf=0.9913[0m [1;36mexit_time=23:09:35[0m [1;33mpnl=-0.00000000 bps=-0.00000000 pct=-0.00000000% total=0.7197400000000003[0m
[ALPHA_X13_BURST13] mode=OFF radar_adj=0 mom= conf=0
[BETA_X5] mode=OFF radar_adj=0 mom= conf=0
[ALPHA_X13_BURST13] [1;36m23:09:44[0m [1;32mx13[0m [1;36m#373[0m SKIP tension=[1;36m0.00002833[0m [0m| momentum_too_small [1;31mconf=0.0[0m
[BETA_X5] [1;36m23:09:46[0m [1;33mx5[0m [1;36m#352[0m SKIP tension=[1;36m0.00006102[0m [0m| momentum_too_small [1;31mconf=0.0001[0m
[ALPHA_X13_BURST13] mode=OFF radar_adj=0 mom= conf=0
[BETA_X5] mode=OFF radar_adj=0 mom= conf=0
[ALPHA_X13_BURST13] [1;36m23:09:52[0m [1;32mx13[0m [1;36m#374[0m SKIP tension=[1;36m0.00005231[0m [0m| momentum_too_small [1;31mconf=0.0001[0m
[BETA_X5] [1;36m23:09:54[0m [1;33mx5[0m [1;36m#353[0m SKIP tension=[1;36m0.00011551[0m [0m| momentum_too_small [1;31mconf=0.0002[0m
[ALPHA_X13_BURST13] mode=OFF radar_adj=0 mom= conf=0
[BETA_X5] mode=OFF radar_adj=0 mom= conf=0
[ALPHA_X13_BURST13] [1;36m23:10:00[0m [1;32mx13[0m [1;36m#375[0m SKIP tension=[1;36m0.00000000[0m [0m| momentum_too_small [1;31mconf=0.347[0m
[BETA_X5] [1;36m23:10:02[0m [1;33mx5[0m [1;36m#354[0m SKIP tension=[1;36m0.00011878[0m [0m| momentum_too_small [1;31mconf=0.0002[0m
[ALPHA_X13_BURST13] mode=OFF radar_adj=0 mom= conf=0
[BETA_X5] mode=OFF radar_adj=0 mom= conf=0
[ALPHA_X13_BURST13] [1;36m23:10:09[0m [1;32mx13[0m [1;36m#376[0m SKIP tension=[1;31m2.15252219[0m [0m| duo no_trigger
[BETA_X5] [1;36m23:10:10[0m [1;33mx5[0m [1;36m#355[0m SKIP tension=[1;36m0.00000000[0m [0m| momentum_too_small [1;31mconf=0.3449[0m
[ALPHA_X13_BURST13] mode=OFF radar_adj=0 mom= conf=0
[BETA_X5] mode=OFF radar_adj=0 mom= conf=0
[BETA_X5] [1;36m23:10:17[0m [1;33mx5[0m [1;36m#356[0m SKIP tension=[1;36m0.81234496[0m [0m| wall_not_collapsed
[ALPHA_X13_BURST13] [1;36m23:10:18[0m [1;32mx13[0m [1;36m#377[0m SKIP tension=[1;36m0.81311885[0m [0m| wall_not_collapsed
[BETA_X5] mode=OFF radar_adj=0 mom= conf=0
[ALPHA_X13_BURST13] mode=OFF radar_adj=0 mom= conf=0
[BETA_X5] [1;36m23:10:25[0m [1;33mx5[0m [1;36m#357[0m SKIP tension=[1;36m0.00000250[0m [0m| momentum_too_small [1;31mconf=0.0[0m
[ALPHA_X13_BURST13] [1;36m23:10:26[0m [1;32mx13[0m [1;36m#378[0m SKIP tension=[1;36m0.00000250[0m [0m| momentum_too_small [1;31mconf=0.0[0m
[BETA_X5] mode=OFF radar_adj=0 mom= conf=0
[ALPHA_X13_BURST13] mode=OFF radar_adj=0 mom= conf=0
[BETA_X5] [1;36m23:10:33[0m [1;33mx5[0m [1;36m#358[0m SKIP tension=[1;36m0.00000160[0m [0m| momentum_too_small [1;31mconf=0.0[0m
[ALPHA_X13_BURST13] [1;36m23:10:36[0m [1;32mx13[0m [1;36m#379[0m SKIP tension=[1;36m0.24737570[0m [0m| wall_not_collapsed
[BETA_X5] mode=OFF radar_adj=0 mom= conf=0
[ALPHA_X13_BURST13] mode=OFF radar_adj=0 mom= conf=0
[BETA_X5] [1;36m23:10:41[0m [1;33mx5[0m [1;36m#359[0m SKIP tension=[1;36m0.00000000[0m [0m| momentum_too_small [1;31mconf=0.2998[0m
[ALPHA_X13_BURST13] [1;36m23:10:44[0m [1;32mx13[0m [1;36m#380[0m SKIP tension=[1;36m0.16367360[0m [0m| direction_unclear [1;31mconf=0.2334[0m
[BETA_X5] mode=OFF radar_adj=0 mom= conf=0
[ALPHA_X13_BURST13] mode=OFF radar_adj=0 mom= conf=0
[BETA_X5] [1;36m23:10:49[0m [1;33mx5[0m [1;36m#360[0m SKIP tension=[1;36m0.00000000[0m [0m| momentum_too_small [1;31mconf=0.2994[0m
[ALPHA_X13_BURST13] [1;36m23:10:52[0m [1;32mx13[0m [1;36m#381[0m SKIP tension=[1;36m0.00000000[0m [0m| momentum_too_small [1;31mconf=0.2994[0m
[BETA_X5] mode=OFF radar_adj=0 mom= conf=0
[ALPHA_X13_BURST13] mode=OFF radar_adj=0 mom= conf=0
[BETA_X5] [1;36m23:10:57[0m [1;33mx5[0m [1;36m#361[0m SKIP tension=[1;36m0.51210118[0m [0m| wall_not_collapsed
[BETA_X5] mode=OFF radar_adj=0 mom= conf=0
[ALPHA_X13_BURST13] [1;36m23:11:01[0m [1;32mx13[0m [1;36m#382[0m SKIP tension=[1;32m1.45176750[0m [0m| duo no_trigger
[ALPHA_X13_BURST13] mode=OFF radar_adj=0 mom= conf=0
[BETA_X5] [1;36m23:11:05[0m [1;33mx5[0m [1;36m#362[0m SKIP tension=[1;36m0.00010096[0m [0m| momentum_too_small [1;31mconf=0.0001[0m
[BETA_X5] mode=OFF radar_adj=0 mom= conf=0
[ALPHA_X13_BURST13] [1;36m23:11:09[0m [1;32mx13[0m [1;36m#383[0m SKIP tension=[1;36m0.00000565[0m [0m| momentum_too_small [1;31mconf=0.0[0m
[ALPHA_X13_BURST13] mode=OFF radar_adj=0 mom= conf=0
[BETA_X5] [1;36m23:11:13[0m [1;33mx5[0m [1;36m#363[0m SKIP tension=[1;36m0.00000000[0m [0m| momentum_too_small [1;31mconf=0.3166[0m
[BETA_X5] mode=OFF radar_adj=0 mom= conf=0
[ALPHA_X13_BURST13] [1;36m23:11:17[0m [1;32mx13[0m [1;36m#384[0m SKIP tension=[1;36m0.00001653[0m [0m| momentum_too_small [1;31mconf=0.0[0m
[ALPHA_X13_BURST13] mode=OFF radar_adj=0 mom= conf=0
[BETA_X5] [1;36m23:11:20[0m [1;33mx5[0m [1;36m#364[0m SKIP tension=[1;36m0.00000000[0m [0m| momentum_too_small [1;31mconf=0.3345[0m
[BETA_X5] mode=OFF radar_adj=0 mom= conf=0
[ALPHA_X13_BURST13] [1;36m23:11:25[0m [1;32mx13[0m [1;36m#385[0m SKIP tension=[1;36m0.00000250[0m [0m| momentum_too_small [1;31mconf=0.0[0m
[BETA_X5] [1;36m23:11:28[0m [1;33mx5[0m [1;36m#365[0m SKIP tension=[1;36m0.00001031[0m [0m| momentum_too_small [1;31mconf=0.0[0m
[ALPHA_X13_BURST13] mode=OFF radar_adj=0 mom= conf=0
[BETA_X5] mode=OFF radar_adj=0 mom= conf=0
[ALPHA_X13_BURST13] [1;36m23:11:35[0m [1;32mx13[0m [1;36m#386[0m SKIP tension=[1;36m0.00000000[0m [0m| momentum_too_small [1;31mconf=0.3035[0m
[BETA_X5] [1;36m23:11:36[0m [1;33mx5[0m [1;36m#366[0m SKIP tension=[1;36m0.00893959[0m [0m| momentum_too_small [1;31mconf=0.0129[0m
[ALPHA_X13_BURST13] mode=OFF radar_adj=0 mom= conf=0
[BETA_X5] mode=OFF radar_adj=0 mom= conf=0
[ALPHA_X13_BURST13] [1;36m23:11:43[0m [1;32mx13[0m [1;36m#387[0m SKIP tension=[1;36m0.00000223[0m [0m| momentum_too_small [1;31mconf=0.0[0m
[BETA_X5] [1;36m23:11:43[0m [1;33mx5[0m [1;36m#367[0m SKIP tension=[1;36m0.00000578[0m [0m| momentum_too_small [1;31mconf=0.0[0m
[ALPHA_X13_BURST13] mode=OFF radar_adj=0 mom= conf=0
[BETA_X5] mode=OFF radar_adj=0 mom= conf=0
[BETA_X5] [1;36m23:11:51[0m [1;33mx5[0m [1;36m#368[0m SKIP tension=[1;36m0.00079113[0m [0m| momentum_too_small [1;31mconf=0.0011[0m
[ALPHA_X13_BURST13] [1;36m23:11:52[0m [1;32mx13[0m [1;36m#388[0m SKIP tension=[1;36m0.00079113[0m [0m| momentum_too_small [1;31mconf=0.0011[0m
[BETA_X5] mode=OFF radar_adj=0 mom= conf=0
[ALPHA_X13_BURST13] mode=OFF radar_adj=0 mom= conf=0
[BETA_X5] [1;36m23:11:59[0m [1;33mx5[0m [1;36m#369[0m SKIP tension=[1;36m0.00000000[0m [0m| momentum_too_small [1;31mconf=0.2924[0m
[ALPHA_X13_BURST13] [1;36m23:12:00[0m [1;32mx13[0m [1;36m#389[0m SKIP tension=[1;36m0.00000000[0m [0m| momentum_too_small [1;31mconf=0.2924[0m
[BETA_X5] mode=OFF radar_adj=0 mom= conf=0
[ALPHA_X13_BURST13] mode=OFF radar_adj=0 mom= conf=0
[BETA_X5] [1;36m23:12:07[0m [1;33mx5[0m [1;36m#370[0m SKIP tension=[1;36m0.13743008[0m [0m| direction_unclear [1;31mconf=0.1907[0m
[ALPHA_X13_BURST13] [1;36m23:12:09[0m [1;32mx13[0m [1;36m#390[0m SKIP tension=[1;36m0.13742718[0m [0m| direction_unclear [1;31mconf=0.0111[0m
[BETA_X5] mode=OFF radar_adj=0 mom= conf=0
[ALPHA_X13_BURST13] mode=OFF radar_adj=0 mom= conf=0
[BETA_X5] [1;36m23:12:16[0m [1;33mx5[0m [1;36m#371[0m SKIP tension=[1;36m0.00037140[0m [0m| momentum_too_small [1;31mconf=0.0005[0m
[ALPHA_X13_BURST13] [1;36m23:12:17[0m [1;32mx13[0m [1;36m#391[0m SKIP tension=[1;36m0.00000000[0m [0m| momentum_too_small [1;31mconf=0.2843[0m
[BETA_X5] mode=OFF radar_adj=0 mom= conf=0
[ALPHA_X13_BURST13] mode=OFF radar_adj=0 mom= conf=0
[BETA_X5] [1;36m23:12:23[0m [1;33mx5[0m [1;36m#372[0m SKIP tension=[1;36m0.00001264[0m [0m| momentum_too_small [1;31mconf=0.0[0m
[BETA_X5] mode=OFF radar_adj=0 mom= conf=0
[ALPHA_X13_BURST13] [1;36m23:12:26[0m [1;32mx13[0m [1;36m#392[0m SKIP tension=[1;32m1.20182029[0m [0m| duo no_trigger
[ALPHA_X13_BURST13] mode=OFF radar_adj=0 mom= conf=0
[BETA_X5] [1;36m23:12:31[0m [1;33mx5[0m [1;36m#373[0m SKIP tension=[1;36m0.00001439[0m [0m| momentum_too_small [1;31mconf=0.0[0m
[BETA_X5] mode=OFF radar_adj=0 mom= conf=0
[ALPHA_X13_BURST13] [1;36m23:12:35[0m [1;32mx13[0m [1;36m#393[0m SKIP tension=[1;36m0.00000150[0m [0m| momentum_too_small [1;31mconf=0.0[0m
[ALPHA_X13_BURST13] mode=OFF radar_adj=0 mom= conf=0
[BETA_X5] [1;36m23:12:39[0m [1;33mx5[0m [1;36m#374[0m SKIP tension=[1;36m0.23551890[0m [0m| wall_not_collapsed
[BETA_X5] mode=OFF radar_adj=0 mom= conf=0
[ALPHA_X13_BURST13] [1;36m23:12:43[0m [1;32mx13[0m [1;36m#394[0m SKIP tension=[1;36m0.71358989[0m [0m| wall_not_collapsed
[ALPHA_X13_BURST13] mode=OFF radar_adj=0 mom= conf=0
[BETA_X5] [1;36m23:12:46[0m [1;33mx5[0m [1;36m#375[0m SKIP tension=[1;36m0.00001117[0m [0m| momentum_too_small [1;31mconf=0.0[0m
[BETA_X5] mode=OFF radar_adj=0 mom= conf=0
[ALPHA_X13_BURST13] [1;36m23:12:51[0m [1;32mx13[0m [1;36m#395[0m SKIP tension=[1;36m0.48400220[0m [0m| wall_not_collapsed
[ALPHA_X13_BURST13] mode=OFF radar_adj=0 mom= conf=0
[BETA_X5] [1;36m23:12:54[0m [1;33mx5[0m [1;36m#376[0m SKIP tension=[1;36m0.00000325[0m [0m| momentum_too_small [1;31mconf=0.0[0m
[BETA_X5] mode=OFF radar_adj=0 mom= conf=0
[ALPHA_X13_BURST13] [1;36m23:13:01[0m [1;32mx13[0m [1;36m#396[0m SKIP tension=[1;36m0.80518867[0m [0m| wall_not_collapsed
[BETA_X5] [1;36m23:13:03[0m [1;33mx5[0m [1;36m#377[0m SKIP tension=[1;36m0.84954648[0m [0m| wall_not_collapsed
[ALPHA_X13_BURST13] mode=OFF radar_adj=0 mom= conf=0
[BETA_X5] mode=OFF radar_adj=0 mom= conf=0
[ALPHA_X13_BURST13] [1;36m23:13:10[0m [1;32mx13[0m [1;36m#397[0m SKIP tension=[1;32m1.21961570[0m [0m| duo no_trigger
[ALPHA_X13_BURST13] mode=OFF radar_adj=0 mom= conf=0
[ALPHA_X13_BURST13] [1;36m23:13:19[0m [1;32mx13[0m [1;36m#398[0m SKIP tension=[1;32m1.14373189[0m [0m| duo no_trigger
[BETA_X5] [1;36mCycle 378[0m [1;32mSOFT anomaly[0m [1;33m| pnl_abs=0.17556000 > 0.02500000[0m
[ALPHA_X13_BURST13] mode=OFF radar_adj=0 mom= conf=0
[BETA_X5] [1;36mentry=23:13:15@64890.90000000[0m [1;33mx5[0m [1;36m#378[0m [1;32mSELL[0m tension=[1;32m1.20201482[0m hold=[1;36m6[0ms sec=[1;36m6[0m [0m| exit=64867.80000000 [1;32mconf=0.9047[0m [1;36mexit_time=23:13:21[0m [1;32mpnl=0.17556000 bps=3.55982118 pct=0.03559821% total=0.8953000000000002[0m
[BETA_X5] mode=OFF radar_adj=0 mom= conf=0
[ALPHA_X13_BURST13] [1;36m23:13:28[0m [1;32mx13[0m [1;36m#399[0m SKIP tension=[1;36m0.00000184[0m [0m| momentum_too_small [1;31mconf=0.0[0m
[BETA_X5] [1;36m23:13:31[0m [1;33mx5[0m [1;36m#379[0m SKIP tension=[1;36m0.00038173[0m [0m| momentum_too_small [1;31mconf=0.0005[0m
[ALPHA_X13_BURST13] mode=OFF radar_adj=0 mom= conf=0
[BETA_X5] mode=OFF radar_adj=0 mom= conf=0
[ALPHA_X13_BURST13] [1;36m23:13:38[0m [1;32mx13[0m [1;36m#400[0m SKIP tension=[1;36m0.00000000[0m [0m| momentum_too_small [1;31mconf=0.347[0m
[BETA_X5] [1;36m23:13:39[0m [1;33mx5[0m [1;36m#380[0m SKIP tension=[1;36m0.00000636[0m [0m| momentum_too_small [1;31mconf=0.0[0m
[ALPHA_X13_BURST13] mode=OFF radar_adj=0 mom= conf=0
[BETA_X5] mode=OFF radar_adj=0 mom= conf=0
[ALPHA_X13_BURST13] [1;36m23:13:47[0m [1;32mx13[0m [1;36m#401[0m SKIP tension=[1;36m0.00014316[0m [0m| momentum_too_small [1;31mconf=0.0002[0m
[ALPHA_X13_BURST13] mode=OFF radar_adj=0 mom= conf=0
[BETA_X5] [1;36m23:13:51[0m [1;33mx5[0m [1;36m#381[0m SKIP tension=[1;36m0.00000000[0m [0m| momentum_too_small [1;31mconf=0.3497[0m
[BETA_X5] mode=OFF radar_adj=0 mom= conf=0
[ALPHA_X13_BURST13] [1;36m23:13:56[0m [1;32mx13[0m [1;36m#402[0m SKIP tension=[1;32m1.20203578[0m [0m| duo no_trigger
[ALPHA_X13_BURST13] mode=OFF radar_adj=0 mom= conf=0
[ALPHA_X13_BURST13] [1;36m23:14:04[0m [1;32mx13[0m [1;36m#403[0m SKIP tension=[1;36m0.00001266[0m [0m| momentum_too_small [1;31mconf=0.0[0m
[BETA_X5] [1;36mCycle 382[0m [1;32mSOFT anomaly[0m [1;33m| pnl_abs=0.21356000 > 0.02500000[0m
[BETA_X5] [1;36mentry=23:14:04@64895.90000000[0m [1;33mx5[0m [1;36m#382[0m [1;32mSELL[0m tension=[1;32m1.47025951[0m hold=[1;36m7[0ms sec=[1;36m7[0m [0m| exit=64867.80000000 [1;32mconf=0.9904[0m [1;36mexit_time=23:14:11[0m [1;32mpnl=0.21356000 bps=4.33001160 pct=0.04330012% total=1.1088600000000002[0m
[ALPHA_X13_BURST13] mode=OFF radar_adj=0 mom= conf=0
[BETA_X5] mode=OFF radar_adj=0 mom= conf=0
[ALPHA_X13_BURST13] [1;36m23:14:18[0m [1;32mx13[0m [1;36m#404[0m SKIP tension=[1;36m0.00016183[0m [0m| momentum_too_small [1;31mconf=0.0002[0m
[BETA_X5] [1;36m23:14:20[0m [1;33mx5[0m [1;36m#383[0m SKIP tension=[1;33m0.94338015[0m [0m| wall_not_collapsed
[ALPHA_X13_BURST13] mode=OFF radar_adj=0 mom= conf=0
[BETA_X5] mode=OFF radar_adj=0 mom= conf=0
[BETA_X5] [1;36m23:14:29[0m [1;33mx5[0m [1;36m#384[0m SKIP tension=[1;36m0.00001592[0m [0m| momentum_too_small [1;31mconf=0.0[0m
[ALPHA_X13_BURST13] [1;36m23:14:31[0m [1;32mx13[0m [1;36m#405[0m SKIP tension=[1;33m0.94338576[0m [0m| wall_not_collapsed
[BETA_X5] mode=OFF radar_adj=0 mom= conf=0
[ALPHA_X13_BURST13] mode=OFF radar_adj=0 mom= conf=0
[ALPHA_X13_BURST13] [1;36m23:14:41[0m [1;32mx13[0m [1;36m#406[0m SKIP tension=[1;36m0.00002135[0m [0m| momentum_too_small [1;31mconf=0.0[0m
[BETA_X5] [1;36m23:14:42[0m [1;33mx5[0m [1;36m#385[0m SKIP tension=[1;36m0.00003078[0m [0m| momentum_too_small [1;31mconf=0.0[0m
[BETA_X5] mode=OFF radar_adj=0 mom= conf=0
[ALPHA_X13_BURST13] mode=OFF radar_adj=0 mom= conf=0
[BETA_X5] [1;36m23:14:50[0m [1;33mx5[0m [1;36m#386[0m SKIP tension=[1;36m0.00000463[0m [0m| momentum_too_small [1;31mconf=0.0[0m
[ALPHA_X13_BURST13] [1;36m23:14:50[0m [1;32mx13[0m [1;36m#407[0m SKIP tension=[1;36m0.00000463[0m [0m| momentum_too_small [1;31mconf=0.0[0m
[ALPHA_X13_BURST13] mode=OFF radar_adj=0 mom= conf=0
[BETA_X5] mode=OFF radar_adj=0 mom= conf=0
[ALPHA_X13_BURST13] [1;36m23:14:58[0m [1;32mx13[0m [1;36m#408[0m SKIP tension=[1;36m0.00049819[0m [0m| momentum_too_small [1;31mconf=0.0006[0m
[BETA_X5] [1;36m23:14:59[0m [1;33mx5[0m [1;36m#387[0m SKIP tension=[1;36m0.76217496[0m [0m| wall_not_collapsed
[ALPHA_X13_BURST13] mode=OFF radar_adj=0 mom= conf=0
[BETA_X5] mode=OFF radar_adj=0 mom= conf=0
[ALPHA_X13_BURST13] [1;36m23:15:06[0m [1;32mx13[0m [1;36m#409[0m SKIP tension=[1;33m0.89525854[0m [0m| wall_not_collapsed
[BETA_X5] [1;36m23:15:07[0m [1;33mx5[0m [1;36m#388[0m SKIP tension=[1;33m0.89524360[0m [0m| wall_not_collapsed
[ALPHA_X13_BURST13] mode=OFF radar_adj=0 mom= conf=0
[BETA_X5] mode=OFF radar_adj=0 mom= conf=0
[ALPHA_X13_BURST13] [1;36m23:15:17[0m [1;32mx13[0m [1;36m#410[0m SKIP tension=[1;32m1.30033573[0m [0m| duo no_trigger
[ALPHA_X13_BURST13] mode=OFF radar_adj=0 mom= conf=0
[ALPHA_X13_BURST13] [1;36m23:15:25[0m [1;32mx13[0m [1;36m#411[0m SKIP tension=[1;33m0.89899872[0m [0m| wall_not_collapsed
[BETA_X5] [1;36mentry=23:15:21@64900.10000000[0m [1;33mx5[0m [1;36m#389[0m [1;33mSELL[0m tension=[1;32m1.29995469[0m hold=[1;36m8[0ms sec=[1;36m8[0m [0m| exit=64900.10000000 [1;33mconf=0.6899[0m [1;36mexit_time=23:15:29[0m [1;33mpnl=-0.00000000 bps=-0.00000000 pct=-0.00000000% total=1.1088600000000002[0m
[ALPHA_X13_BURST13] mode=OFF radar_adj=0 mom= conf=0
[BETA_X5] mode=OFF radar_adj=0 mom= conf=0
[BETA_X5] [1;36m23:15:38[0m [1;33mx5[0m [1;36m#390[0m SKIP tension=[1;36m0.81815499[0m [0m| wall_not_collapsed
[ALPHA_X13_BURST13] [1;36m23:15:39[0m [1;32mx13[0m [1;36m#412[0m SKIP tension=[1;36m0.81814915[0m [0m| wall_not_collapsed
[ALPHA_X13_BURST13] mode=OFF radar_adj=0 mom= conf=0
[BETA_X5] mode=OFF radar_adj=0 mom= conf=0
[ALPHA_X13_BURST13] [1;36m23:15:47[0m [1;32mx13[0m [1;36m#413[0m SKIP tension=[1;36m0.00118576[0m [0m| momentum_too_small [1;31mconf=0.0014[0m
[ALPHA_X13_BURST13] mode=OFF radar_adj=0 mom= conf=0
[BETA_X5] [1;36m23:15:51[0m [1;33mx5[0m [1;36m#391[0m SKIP tension=[1;36m0.00000000[0m [0m| momentum_too_small [1;31mconf=0.2428[0m
[BETA_X5] mode=OFF radar_adj=0 mom= conf=0
[ALPHA_X13_BURST13] [1;36m23:15:56[0m [1;32mx13[0m [1;36m#414[0m SKIP tension=[1;36m0.00001908[0m [0m| momentum_too_small [1;31mconf=0.0[0m
[BETA_X5] [1;36m23:15:58[0m [1;33mx5[0m [1;36m#392[0m SKIP tension=[1;36m0.00001908[0m [0m| momentum_too_small [1;31mconf=0.0[0m
[ALPHA_X13_BURST13] mode=OFF radar_adj=0 mom= conf=0
[BETA_X5] mode=OFF radar_adj=0 mom= conf=0
[ALPHA_X13_BURST13] [1;36m23:16:05[0m [1;32mx13[0m [1;36m#415[0m SKIP tension=[1;36m0.00000000[0m [0m| momentum_too_small [1;31mconf=0.2657[0m
[BETA_X5] [1;36m23:16:06[0m [1;33mx5[0m [1;36m#393[0m SKIP tension=[1;36m0.00000759[0m [0m| momentum_too_small [1;31mconf=0.0[0m
[ALPHA_X13_BURST13] mode=OFF radar_adj=0 mom= conf=0
[BETA_X5] mode=OFF radar_adj=0 mom= conf=0
[ALPHA_X13_BURST13] [1;36m23:16:16[0m [1;32mx13[0m [1;36m#416[0m SKIP tension=[1;36m0.00074993[0m [0m| momentum_too_small [1;31mconf=0.0009[0m
[ALPHA_X13_BURST13] mode=OFF radar_adj=0 mom= conf=0
[ALPHA_X13_BURST13] [1;36m23:16:24[0m [1;32mx13[0m [1;36m#417[0m SKIP tension=[1;36m0.00000000[0m [0m| momentum_too_small [1;31mconf=0.2411[0m
[BETA_X5] [1;36mentry=23:16:19@64900.10000000[0m [1;33mx5[0m [1;36m#394[0m [1;33mSELL[0m tension=[1;31m2.36781661[0m hold=[1;36m6[0ms sec=[1;36m6[0m [0m| exit=64900.10000000 [1;33mconf=0.7592[0m [1;36mexit_time=23:16:25[0m [1;33mpnl=-0.00000000 bps=-0.00000000 pct=-0.00000000% total=1.1088600000000002[0m
[ALPHA_X13_BURST13] mode=OFF radar_adj=0 mom= conf=0
[BETA_X5] mode=OFF radar_adj=0 mom= conf=0
[ALPHA_X13_BURST13] [1;36m23:16:33[0m [1;32mx13[0m [1;36m#418[0m SKIP tension=[1;36m0.00000678[0m [0m| momentum_too_small [1;31mconf=0.0[0m
[BETA_X5] [1;36m23:16:34[0m [1;33mx5[0m [1;36m#395[0m SKIP tension=[1;36m0.00000000[0m [0m| momentum_too_small [1;31mconf=0.2657[0m
[ALPHA_X13_BURST13] mode=OFF radar_adj=0 mom= conf=0
[BETA_X5] mode=OFF radar_adj=0 mom= conf=0
[ALPHA_X13_BURST13] [1;36m23:16:41[0m [1;32mx13[0m [1;36m#419[0m SKIP tension=[1;36m0.00002341[0m [0m| momentum_too_small [1;31mconf=0.0[0m
[BETA_X5] [1;36m23:16:43[0m [1;33mx5[0m [1;36m#396[0m SKIP tension=[1;36m0.00002702[0m [0m| momentum_too_small [1;31mconf=0.0[0m
[ALPHA_X13_BURST13] mode=OFF radar_adj=0 mom= conf=0
[BETA_X5] mode=OFF radar_adj=0 mom= conf=0
[ALPHA_X13_BURST13] [1;36m23:16:50[0m [1;32mx13[0m [1;36m#420[0m SKIP tension=[1;32m1.09354252[0m [0m| duo no_trigger
[BETA_X5] [1;36m23:16:51[0m [1;33mx5[0m [1;36m#397[0m SKIP tension=[1;36m0.00073133[0m [0m| momentum_too_small [1;31mconf=0.0009[0m
[ALPHA_X13_BURST13] mode=OFF radar_adj=0 mom= conf=0
[BETA_X5] mode=OFF radar_adj=0 mom= conf=0
[ALPHA_X13_BURST13] [1;36m23:16:58[0m [1;32mx13[0m [1;36m#421[0m SKIP tension=[1;36m0.00000000[0m [0m| momentum_too_small [1;31mconf=0.2657[0m
[BETA_X5] [1;36m23:16:58[0m [1;33mx5[0m [1;36m#398[0m SKIP tension=[1;33m0.94367350[0m [0m| wall_not_collapsed
[BETA_X5] mode=OFF radar_adj=0 mom= conf=0
[ALPHA_X13_BURST13] mode=OFF radar_adj=0 mom= conf=0
[BETA_X5] [1;36m23:17:07[0m [1;33mx5[0m [1;36m#399[0m SKIP tension=[1;36m0.00005802[0m [0m| momentum_too_small [1;31mconf=0.0001[0m
[ALPHA_X13_BURST13] [1;36m23:17:07[0m [1;32mx13[0m [1;36m#422[0m SKIP tension=[1;36m0.00005802[0m [0m| momentum_too_small [1;31mconf=0.0001[0m
[BETA_X5] mode=OFF radar_adj=0 mom= conf=0
[ALPHA_X13_BURST13] mode=OFF radar_adj=0 mom= conf=0
[BETA_X5] [1;36m23:17:15[0m [1;33mx5[0m [1;36m#400[0m SKIP tension=[1;36m0.00072039[0m [0m| momentum_too_small [1;31mconf=0.0008[0m
[ALPHA_X13_BURST13] [1;36m23:17:16[0m [1;32mx13[0m [1;36m#423[0m SKIP tension=[1;31m4.38969203[0m [0m| duo no_trigger
[BETA_X5] mode=OFF radar_adj=0 mom= conf=0
[ALPHA_X13_BURST13] mode=OFF radar_adj=0 mom= conf=0
[BETA_X5] [1;36m23:17:22[0m [1;33mx5[0m [1;36m#401[0m SKIP tension=[1;36m0.00001441[0m [0m| momentum_too_small [1;31mconf=0.0[0m
[BETA_X5] mode=OFF radar_adj=0 mom= conf=0
[ALPHA_X13_BURST13] [1;36m23:17:26[0m [1;32mx13[0m [1;36m#424[0m SKIP tension=[1;32m1.20261964[0m [0m| duo no_trigger
[ALPHA_X13_BURST13] mode=OFF radar_adj=0 mom= conf=0
[BETA_X5] [1;36m23:17:31[0m [1;33mx5[0m [1;36m#402[0m SKIP tension=[1;36m0.00000000[0m [0m| momentum_too_small [1;31mconf=0.3052[0m
[BETA_X5] mode=OFF radar_adj=0 mom= conf=0
[ALPHA_X13_BURST13] [1;36m23:17:34[0m [1;32mx13[0m [1;36m#425[0m SKIP tension=[1;36m0.00000000[0m [0m| momentum_too_small [1;31mconf=0.3052[0m
[ALPHA_X13_BURST13] mode=OFF radar_adj=0 mom= conf=0
[BETA_X5] [1;36m23:17:38[0m [1;33mx5[0m [1;36m#403[0m SKIP tension=[1;36m0.00000000[0m [0m| momentum_too_small [1;31mconf=0.3052[0m
[BETA_X5] mode=OFF radar_adj=0 mom= conf=0
[ALPHA_X13_BURST13] [1;36m23:17:42[0m [1;32mx13[0m [1;36m#426[0m SKIP tension=[1;36m0.00000000[0m [0m| momentum_too_small [1;31mconf=0.3055[0m
[ALPHA_X13_BURST13] mode=OFF radar_adj=0 mom= conf=0
[BETA_X5] [1;36m23:17:46[0m [1;33mx5[0m [1;36m#404[0m SKIP tension=[1;36m0.00000000[0m [0m| momentum_too_small [1;31mconf=0.3052[0m
[BETA_X5] mode=OFF radar_adj=0 mom= conf=0
[ALPHA_X13_BURST13] [1;36m23:17:51[0m [1;32mx13[0m [1;36m#427[0m SKIP tension=[1;36m0.00006149[0m [0m| momentum_too_small [1;31mconf=0.0001[0m
[ALPHA_X13_BURST13] mode=OFF radar_adj=0 mom= conf=0
[BETA_X5] [1;36m23:17:54[0m [1;33mx5[0m [1;36m#405[0m SKIP tension=[1;36m0.00000279[0m [0m| momentum_too_small [1;31mconf=0.0[0m
[BETA_X5] mode=OFF radar_adj=0 mom= conf=0
[ALPHA_X13_BURST13] [1;36m23:17:59[0m [1;32mx13[0m [1;36m#428[0m SKIP tension=[1;36m0.00000769[0m [0m| momentum_too_small [1;31mconf=0.0[0m
[ALPHA_X13_BURST13] mode=OFF radar_adj=0 mom= conf=0
[BETA_X5] [1;36m23:18:02[0m [1;33mx5[0m [1;36m#406[0m SKIP tension=[1;36m0.00000000[0m [0m| momentum_too_small [1;31mconf=0.2411[0m
[BETA_X5] mode=OFF radar_adj=0 mom= conf=0
[ALPHA_X13_BURST13] [1;36m23:18:08[0m [1;32mx13[0m [1;36m#429[0m SKIP tension=[1;36m0.00000615[0m [0m| momentum_too_small [1;31mconf=0.0[0m
[BETA_X5] [1;36m23:18:10[0m [1;33mx5[0m [1;36m#407[0m SKIP tension=[1;36m0.00000000[0m [0m| momentum_too_small [1;31mconf=0.2411[0m
[ALPHA_X13_BURST13] mode=OFF radar_adj=0 mom= conf=0
[BETA_X5] mode=OFF radar_adj=0 mom= conf=0
[ALPHA_X13_BURST13] [1;36m23:18:16[0m [1;32mx13[0m [1;36m#430[0m SKIP tension=[1;36m0.00000000[0m [0m| momentum_too_small [1;31mconf=0.2411[0m
[BETA_X5] [1;36m23:18:17[0m [1;33mx5[0m [1;36m#408[0m SKIP tension=[1;36m0.00530171[0m [0m| momentum_too_small [1;31mconf=0.0061[0m
[ALPHA_X13_BURST13] mode=OFF radar_adj=0 mom= conf=0
[BETA_X5] mode=OFF radar_adj=0 mom= conf=0
[ALPHA_X13_BURST13] [1;36m23:18:24[0m [1;32mx13[0m [1;36m#431[0m SKIP tension=[1;36m0.00000000[0m [0m| momentum_too_small [1;31mconf=0.2411[0m
[BETA_X5] [1;36m23:18:25[0m [1;33mx5[0m [1;36m#409[0m SKIP tension=[1;36m0.76450616[0m [0m| wall_not_collapsed
[ALPHA_X13_BURST13] mode=OFF radar_adj=0 mom= conf=0
[BETA_X5] mode=OFF radar_adj=0 mom= conf=0
[ALPHA_X13_BURST13] [1;36m23:18:32[0m [1;32mx13[0m [1;36m#432[0m SKIP tension=[1;36m0.00000000[0m [0m| momentum_too_small [1;31mconf=0.3476[0m
[BETA_X5] [1;36m23:18:34[0m [1;33mx5[0m [1;36m#410[0m SKIP tension=[1;36m0.00000000[0m [0m| momentum_too_small [1;31mconf=0.3473[0m
[ALPHA_X13_BURST13] mode=OFF radar_adj=0 mom= conf=0
[BETA_X5] mode=OFF radar_adj=0 mom= conf=0
[ALPHA_X13_BURST13] [1;36m23:18:41[0m [1;32mx13[0m [1;36m#433[0m SKIP tension=[1;36m0.00000906[0m [0m| momentum_too_small [1;31mconf=0.0[0m
[BETA_X5] [1;36m23:18:42[0m [1;33mx5[0m [1;36m#411[0m SKIP tension=[1;36m0.00002319[0m [0m| momentum_too_small [1;31mconf=0.0[0m
[ALPHA_X13_BURST13] mode=OFF radar_adj=0 mom= conf=0
[BETA_X5] mode=OFF radar_adj=0 mom= conf=0
[ALPHA_X13_BURST13] [1;36m23:18:49[0m [1;32mx13[0m [1;36m#434[0m SKIP tension=[1;36m0.00001448[0m [0m| momentum_too_small [1;31mconf=0.0[0m
[BETA_X5] [1;36m23:18:50[0m [1;33mx5[0m [1;36m#412[0m SKIP tension=[1;36m0.00000000[0m [0m| momentum_too_small [1;31mconf=0.3473[0m
[ALPHA_X13_BURST13] mode=OFF radar_adj=0 mom= conf=0
[BETA_X5] mode=OFF radar_adj=0 mom= conf=0
[ALPHA_X13_BURST13] [1;36m23:18:58[0m [1;32mx13[0m [1;36m#435[0m SKIP tension=[1;36m0.00000196[0m [0m| momentum_too_small [1;31mconf=0.0[0m
[BETA_X5] [1;36m23:18:58[0m [1;33mx5[0m [1;36m#413[0m SKIP tension=[1;36m0.00005621[0m [0m| momentum_too_small [1;31mconf=0.0001[0m
[ALPHA_X13_BURST13] mode=OFF radar_adj=0 mom= conf=0
[BETA_X5] mode=OFF radar_adj=0 mom= conf=0
[ALPHA_X13_BURST13] [1;36m23:19:06[0m [1;32mx13[0m [1;36m#436[0m SKIP tension=[1;36m0.00000000[0m [0m| momentum_too_small [1;31mconf=0.3497[0m
[BETA_X5] [1;36m23:19:06[0m [1;33mx5[0m [1;36m#414[0m SKIP tension=[1;36m0.76451358[0m [0m| wall_not_collapsed
[BETA_X5] mode=OFF radar_adj=0 mom= conf=0
[ALPHA_X13_BURST13] mode=OFF radar_adj=0 mom= conf=0
[ALPHA_X13_BURST13] [1;36m23:19:16[0m [1;32mx13[0m [1;36m#437[0m SKIP tension=[1;31m3.58296955[0m [0m| duo no_trigger
[ALPHA_X13_BURST13] mode=OFF radar_adj=0 mom= conf=0
[ALPHA_X13_BURST13] [1;36m23:19:25[0m [1;32mx13[0m [1;36m#438[0m SKIP tension=[1;36m0.00003235[0m [0m| momentum_too_small [1;31mconf=0.0001[0m
[ALPHA_X13_BURST13] mode=OFF radar_adj=0 mom= conf=0
[BETA_X5] [1;36mentry=23:19:19@64896.70000000[0m [1;33mx5[0m [1;36m#415[0m [1;33mSELL[0m tension=[1;31m3.58296955[0m hold=[1;36m11[0ms sec=[1;36m11[0m [0m| exit=64896.70000000 [1;32mconf=0.999[0m [1;36mexit_time=23:19:30[0m [1;33mpnl=-0.00000000 bps=-0.00000000 pct=-0.00000000% total=1.1088600000000002[0m
[ALPHA_X13_BURST13] [1;36m23:19:34[0m [1;32mx13[0m [1;36m#439[0m SKIP tension=[1;36m0.00009167[0m [0m| momentum_too_small [1;31mconf=0.0001[0m
[BETA_X5] mode=OFF radar_adj=0 mom= conf=0
[ALPHA_X13_BURST13] mode=OFF radar_adj=0 mom= conf=0
[BETA_X5] [1;36m23:19:39[0m [1;33mx5[0m [1;36m#416[0m SKIP tension=[1;36m0.00000392[0m [0m| momentum_too_small [1;31mconf=0.0[0m
[BETA_X5] mode=OFF radar_adj=0 mom= conf=0
[ALPHA_X13_BURST13] [1;36m23:19:44[0m [1;32mx13[0m [1;36m#440[0m SKIP tension=[1;31m5.36666706[0m [0m| duo no_trigger
[ALPHA_X13_BURST13] mode=OFF radar_adj=0 mom= conf=0
[BETA_X5] [1;36m23:19:47[0m [1;33mx5[0m [1;36m#417[0m SKIP tension=[1;36m0.00001107[0m [0m| momentum_too_small [1;31mconf=0.0[0m
[BETA_X5] mode=OFF radar_adj=0 mom= conf=0
[ALPHA_X13_BURST13] [1;36m23:19:52[0m [1;32mx13[0m [1;36m#441[0m SKIP tension=[1;36m0.00002681[0m [0m| momentum_too_small [1;31mconf=0.0[0m
[ALPHA_X13_BURST13] mode=OFF radar_adj=0 mom= conf=0
[BETA_X5] [1;36m23:19:55[0m [1;33mx5[0m [1;36m#418[0m SKIP tension=[1;36m0.00001624[0m [0m| momentum_too_small [1;31mconf=0.0[0m
[BETA_X5] mode=OFF radar_adj=0 mom= conf=0
[ALPHA_X13_BURST13] [1;36m23:20:01[0m [1;32mx13[0m [1;36m#442[0m SKIP tension=[1;36m0.00000000[0m [0m| momentum_too_small [1;31mconf=0.2522[0m
[BETA_X5] [1;36m23:20:03[0m [1;33mx5[0m [1;36m#419[0m SKIP tension=[1;36m0.00009385[0m [0m| momentum_too_small [1;31mconf=0.0001[0m
[ALPHA_X13_BURST13] mode=OFF radar_adj=0 mom= conf=0
[BETA_X5] mode=OFF radar_adj=0 mom= conf=0
[ALPHA_X13_BURST13] [1;36m23:20:09[0m [1;32mx13[0m [1;36m#443[0m SKIP tension=[1;36m0.00015688[0m [0m| momentum_too_small [1;31mconf=0.0002[0m
[BETA_X5] [1;36m23:20:11[0m [1;33mx5[0m [1;36m#420[0m SKIP tension=[1;36m0.00000000[0m [0m| momentum_too_small [1;31mconf=0.3001[0m
[ALPHA_X13_BURST13] mode=OFF radar_adj=0 mom= conf=0
[BETA_X5] mode=OFF radar_adj=0 mom= conf=0
[BETA_X5] [1;36m23:20:19[0m [1;33mx5[0m [1;36m#421[0m SKIP tension=[1;36m0.00001137[0m [0m| momentum_too_small [1;31mconf=0.0[0m
[ALPHA_X13_BURST13] [1;36m23:20:20[0m [1;32mx13[0m [1;36m#444[0m SKIP tension=[1;31m2.70602938[0m [0m| duo no_trigger
[BETA_X5] mode=OFF radar_adj=0 mom= conf=0
[ALPHA_X13_BURST13] mode=OFF radar_adj=0 mom= conf=0
[BETA_X5] [1;36m23:20:27[0m [1;33mx5[0m [1;36m#422[0m SKIP tension=[1;36m0.00017733[0m [0m| momentum_too_small [1;31mconf=0.0003[0m
[BETA_X5] mode=OFF radar_adj=0 mom= conf=0
[ALPHA_X13_BURST13] [1;36m23:20:33[0m [1;32mx13[0m [1;36m#445[0m SKIP tension=[1;36m0.00000000[0m [0m| momentum_too_small [1;31mconf=0.346[0m
[BETA_X5] [1;36m23:20:35[0m [1;33mx5[0m [1;36m#423[0m SKIP tension=[1;36m0.00020362[0m [0m| momentum_too_small [1;31mconf=0.0003[0m
[ALPHA_X13_BURST13] mode=OFF radar_adj=0 mom= conf=0
[BETA_X5] mode=OFF radar_adj=0 mom= conf=0
[BETA_X5] [1;36m23:20:43[0m [1;33mx5[0m [1;36m#424[0m SKIP tension=[1;36m0.00000719[0m [0m| momentum_too_small [1;31mconf=0.0[0m
[ALPHA_X13_BURST13] [1;36m23:20:43[0m [1;32mx13[0m [1;36m#446[0m SKIP tension=[1;31m2.74638624[0m [0m| duo no_trigger
[BETA_X5] mode=OFF radar_adj=0 mom= conf=0
[ALPHA_X13_BURST13] mode=OFF radar_adj=0 mom= conf=0
[BETA_X5] [1;36m23:20:51[0m [1;33mx5[0m [1;36m#425[0m SKIP tension=[1;36m0.00000232[0m [0m| momentum_too_small [1;31mconf=0.0[0m
[ALPHA_X13_BURST13] [1;36m23:20:52[0m [1;32mx13[0m [1;36m#447[0m SKIP tension=[1;36m0.25862555[0m [0m| wall_not_collapsed
[BETA_X5] mode=OFF radar_adj=0 mom= conf=0
[ALPHA_X13_BURST13] mode=OFF radar_adj=0 mom= conf=0
[ALPHA_X13_BURST13] [1;36m23:21:01[0m [1;32mx13[0m [1;36m#448[0m SKIP tension=[1;36m0.00000000[0m [0m| momentum_too_small [1;31mconf=0.3001[0m
[BETA_X5] [1;36m23:21:02[0m [1;33mx5[0m [1;36m#426[0m SKIP tension=[1;36m0.00000000[0m [0m| momentum_too_small [1;31mconf=0.3001[0m
[ALPHA_X13_BURST13] mode=OFF radar_adj=0 mom= conf=0
[BETA_X5] mode=OFF radar_adj=0 mom= conf=0
[BETA_X5] [1;36m23:21:09[0m [1;33mx5[0m [1;36m#427[0m SKIP tension=[1;36m0.00000000[0m [0m| momentum_too_small [1;31mconf=0.2994[0m
[ALPHA_X13_BURST13] [1;36m23:21:09[0m [1;32mx13[0m [1;36m#449[0m SKIP tension=[1;36m0.00000000[0m [0m| momentum_too_small [1;31mconf=0.2994[0m
[BETA_X5] mode=OFF radar_adj=0 mom= conf=0
[ALPHA_X13_BURST13] mode=OFF radar_adj=0 mom= conf=0
[BETA_X5] [1;36m23:21:18[0m [1;33mx5[0m [1;36m#428[0m SKIP tension=[1;36m0.00000220[0m [0m| momentum_too_small [1;31mconf=0.0[0m
[ALPHA_X13_BURST13] [1;36m23:21:18[0m [1;32mx13[0m [1;36m#450[0m SKIP tension=[1;36m0.00000220[0m [0m| momentum_too_small [1;31mconf=0.0[0m
[BETA_X5] mode=OFF radar_adj=0 mom= conf=0
[BETA_X5] [1;36m23:21:25[0m [1;33mx5[0m [1;36m#429[0m SKIP tension=[1;36m0.00008186[0m [0m| momentum_too_small [1;31mconf=0.0001[0m
[ALPHA_X13_BURST13] mode=OFF radar_adj=0 mom= conf=0
[BETA_X5] mode=OFF radar_adj=0 mom= conf=0
[ALPHA_X13_BURST13] [1;36m23:21:32[0m [1;32mx13[0m [1;36m#451[0m SKIP tension=[1;36m0.48590376[0m [0m| wall_not_collapsed
[BETA_X5] [1;36m23:21:34[0m [1;33mx5[0m [1;36m#430[0m SKIP tension=[1;36m0.00015095[0m [0m| momentum_too_small [1;31mconf=0.0002[0m
[ALPHA_X13_BURST13] mode=OFF radar_adj=0 mom= conf=0
[BETA_X5] mode=OFF radar_adj=0 mom= conf=0
[ALPHA_X13_BURST13] [1;36m23:21:40[0m [1;32mx13[0m [1;36m#452[0m SKIP tension=[1;36m0.00003319[0m [0m| momentum_too_small [1;31mconf=0.0[0m
[BETA_X5] [1;36m23:21:42[0m [1;33mx5[0m [1;36m#431[0m SKIP tension=[1;36m0.00002017[0m [0m| momentum_too_small [1;31mconf=0.0[0m
[ALPHA_X13_BURST13] mode=OFF radar_adj=0 mom= conf=0
[BETA_X5] mode=OFF radar_adj=0 mom= conf=0
[BETA_X5] [1;36m23:21:50[0m [1;33mx5[0m [1;36m#432[0m SKIP tension=[1;36m0.00000196[0m [0m| momentum_too_small [1;31mconf=0.0[0m
[BETA_X5] mode=OFF radar_adj=0 mom= conf=0
[ALPHA_X13_BURST13] [1;36m23:21:54[0m [1;32mx13[0m [1;36m#453[0m SKIP tension=[1;36m0.00011503[0m [0m| momentum_too_small [1;31mconf=0.0002[0m
[ALPHA_X13_BURST13] mode=OFF radar_adj=0 mom= conf=0
[BETA_X5] [1;36m23:21:58[0m [1;33mx5[0m [1;36m#433[0m SKIP tension=[1;36m0.76588130[0m [0m| wall_not_collapsed
[ALPHA_X13_BURST13] [1;36m23:22:02[0m [1;32mx13[0m [1;36m#454[0m SKIP tension=[1;36m0.00001226[0m [0m| momentum_too_small [1;31mconf=0.0[0m
[ALPHA_X13_BURST13] mode=OFF radar_adj=0 mom= conf=0
[BETA_X5] mode=OFF radar_adj=0 mom= conf=0
[ALPHA_X13_BURST13] [1;36m23:22:11[0m [1;32mx13[0m [1;36m#455[0m SKIP tension=[1;36m0.00000000[0m [0m| momentum_too_small [1;31mconf=0.2954[0m
[BETA_X5] [1;36m23:22:12[0m [1;33mx5[0m [1;36m#434[0m SKIP tension=[1;36m0.00000000[0m [0m| momentum_too_small [1;31mconf=0.2954[0m
[ALPHA_X13_BURST13] mode=OFF radar_adj=0 mom= conf=0
[BETA_X5] mode=OFF radar_adj=0 mom= conf=0
[ALPHA_X13_BURST13] [1;36m23:22:19[0m [1;32mx13[0m [1;36m#456[0m SKIP tension=[1;36m0.76588293[0m [0m| wall_not_collapsed
[BETA_X5] [1;36m23:22:20[0m [1;33mx5[0m [1;36m#435[0m SKIP tension=[1;36m0.76588185[0m [0m| wall_not_collapsed
[ALPHA_X13_BURST13] mode=OFF radar_adj=0 mom= conf=0
[BETA_X5] mode=OFF radar_adj=0 mom= conf=0
[ALPHA_X13_BURST13] [1;36m23:22:27[0m [1;32mx13[0m [1;36m#457[0m SKIP tension=[1;32m1.20547550[0m [0m| duo no_trigger
[BETA_X5] [1;36m23:22:28[0m [1;33mx5[0m [1;36m#436[0m SKIP tension=[1;36m0.00000000[0m [0m| momentum_too_small [1;31mconf=0.32[0m
[ALPHA_X13_BURST13] mode=OFF radar_adj=0 mom= conf=0
[BETA_X5] mode=OFF radar_adj=0 mom= conf=0
[ALPHA_X13_BURST13] [1;36m23:22:36[0m [1;32mx13[0m [1;36m#458[0m SKIP tension=[1;31m3.56892627[0m [0m| duo no_trigger
[ALPHA_X13_BURST13] mode=OFF radar_adj=0 mom= conf=0
[ALPHA_X13_BURST13] [1;36m23:22:45[0m [1;32mx13[0m [1;36m#459[0m SKIP tension=[1;32m1.86661938[0m [0m| duo no_trigger
[BETA_X5] shockwave beta->alpha until_cycle=447
[BETA_X5] [1;33mSWARM shockwave[0m [0m| beta -> neighbor (shock_inversion_stop)[0m
[BETA_X5] [1;36mCycle 437[0m [1;32mSOFT anomaly[0m [1;33m| pnl_abs=0.07854000 > 0.02500000[0m
[BETA_X5] [1;36mentry=23:22:40@64880.70000000[0m [1;33mx5[0m [1;36m#437[0m [1;31mSELL[0m tension=[1;31m3.56939308[0m hold=[1;36m6[0ms sec=[1;36m6[0m [0m| exit=64885.80000000 [1;32mconf=0.8266[0m [1;36mexit_time=23:22:46[0m [1;31mpnl=-0.07854000 bps=-0.78605810 pct=-0.00786058% total=1.0303200000000001[0m
[ALPHA_X13_BURST13] mode=OFF radar_adj=0 mom= conf=0
[BETA_X5] mode=OFF radar_adj=0 mom= conf=0
[ALPHA_X13_BURST13] [1;36m23:22:54[0m [1;32mx13[0m [1;36m#460[0m SKIP tension=[1;36m0.00004116[0m [0m| momentum_too_small [1;31mconf=0.0001[0m
[BETA_X5] [1;36m23:22:56[0m [1;33mx5[0m [1;36m#438[0m SKIP tension=[1;36m0.00000000[0m [0m| momentum_too_small [1;31mconf=0.289[0m
[ALPHA_X13_BURST13] mode=OFF radar_adj=0 mom= conf=0
[BETA_X5] mode=OFF radar_adj=0 mom= conf=0
[ALPHA_X13_BURST13] [1;36m23:23:02[0m [1;32mx13[0m [1;36m#461[0m SKIP tension=[1;36m0.00000000[0m [0m| momentum_too_small [1;31mconf=0.2822[0m
[BETA_X5] [1;36m23:23:03[0m [1;33mx5[0m [1;36m#439[0m SKIP tension=[1;36m0.00001400[0m [0m| momentum_too_small [1;31mconf=0.0[0m
[ALPHA_X13_BURST13] mode=OFF radar_adj=0 mom= conf=0
[BETA_X5] mode=OFF radar_adj=0 mom= conf=0
[ALPHA_X13_BURST13] [1;36m23:23:10[0m [1;32mx13[0m [1;36m#462[0m SKIP tension=[1;36m0.00000000[0m [0m| momentum_too_small [1;31mconf=0.317[0m
[BETA_X5] [1;36m23:23:12[0m [1;33mx5[0m [1;36m#440[0m SKIP tension=[1;36m0.00000224[0m [0m| momentum_too_small [1;31mconf=0.0[0m
[ALPHA_X13_BURST13] mode=OFF radar_adj=0 mom= conf=0
[BETA_X5] mode=OFF radar_adj=0 mom= conf=0
[BETA_X5] [1;36m23:23:19[0m [1;33mx5[0m [1;36m#441[0m SKIP tension=[1;36m0.00000000[0m [0m| momentum_too_small [1;31mconf=0.3207[0m
[ALPHA_X13_BURST13] [1;36m23:23:20[0m [1;32mx13[0m [1;36m#463[0m SKIP tension=[1;36m0.00000000[0m [0m| momentum_too_small [1;31mconf=0.3207[0m
[BETA_X5] mode=OFF radar_adj=0 mom= conf=0
[ALPHA_X13_BURST13] mode=OFF radar_adj=0 mom= conf=0
[BETA_X5] [1;36m23:23:27[0m [1;33mx5[0m [1;36m#442[0m SKIP tension=[1;36m0.00000000[0m [0m| momentum_too_small [1;31mconf=0.3207[0m
[ALPHA_X13_BURST13] [1;36m23:23:29[0m [1;32mx13[0m [1;36m#464[0m SKIP tension=[1;36m0.00000206[0m [0m| momentum_too_small [1;31mconf=0.0[0m
[BETA_X5] mode=OFF radar_adj=0 mom= conf=0
[ALPHA_X13_BURST13] mode=OFF radar_adj=0 mom= conf=0
[BETA_X5] [1;36m23:23:36[0m [1;33mx5[0m [1;36m#443[0m SKIP tension=[1;36m0.00019362[0m [0m| momentum_too_small [1;31mconf=0.0003[0m
[ALPHA_X13_BURST13] [1;36m23:23:37[0m [1;32mx13[0m [1;36m#465[0m SKIP tension=[1;36m0.00000000[0m [0m| momentum_too_small [1;31mconf=0.3497[0m
[BETA_X5] mode=OFF radar_adj=0 mom= conf=0
[ALPHA_X13_BURST13] mode=OFF radar_adj=0 mom= conf=0
[BETA_X5] [1;36m23:23:44[0m [1;33mx5[0m [1;36m#444[0m SKIP tension=[1;36m0.00000000[0m [0m| momentum_too_small [1;31mconf=0.3429[0m
[ALPHA_X13_BURST13] [1;36m23:23:45[0m [1;32mx13[0m [1;36m#466[0m SKIP tension=[1;36m0.00000000[0m [0m| momentum_too_small [1;31mconf=0.3429[0m
[BETA_X5] mode=OFF radar_adj=0 mom= conf=0
[ALPHA_X13_BURST13] mode=OFF radar_adj=0 mom= conf=0
[BETA_X5] [1;36m23:23:51[0m [1;33mx5[0m [1;36m#445[0m SKIP tension=[1;36m0.00000000[0m [0m| momentum_too_small [1;31mconf=0.3429[0m
[ALPHA_X13_BURST13] [1;36m23:23:53[0m [1;32mx13[0m [1;36m#467[0m SKIP tension=[1;36m0.00000000[0m [0m| momentum_too_small [1;31mconf=0.3429[0m
[BETA_X5] mode=OFF radar_adj=0 mom= conf=0
[ALPHA_X13_BURST13] mode=OFF radar_adj=0 mom= conf=0
[BETA_X5] [1;36m23:24:00[0m [1;33mx5[0m [1;36m#446[0m SKIP tension=[1;36m0.00000224[0m [0m| momentum_too_small [1;31mconf=0.0[0m
[ALPHA_X13_BURST13] [1;36m23:24:02[0m [1;32mx13[0m [1;36m#468[0m SKIP tension=[1;36m0.00000000[0m [0m| momentum_too_small [1;31mconf=0.3429[0m
[BETA_X5] mode=OFF radar_adj=0 mom= conf=0
[ALPHA_X13_BURST13] mode=OFF radar_adj=0 mom= conf=0
[BETA_X5] [1;36m23:24:08[0m [1;33mx5[0m [1;36m#447[0m SKIP tension=[1;36m0.00000000[0m [0m| momentum_too_small [1;31mconf=0.321[0m
[ALPHA_X13_BURST13] [1;36m23:24:10[0m [1;32mx13[0m [1;36m#469[0m SKIP tension=[1;36m0.00000409[0m [0m| momentum_too_small [1;31mconf=0.0[0m
[BETA_X5] mode=OFF radar_adj=0 mom= conf=0
[ALPHA_X13_BURST13] mode=OFF radar_adj=0 mom= conf=0
[BETA_X5] [1;36m23:24:16[0m [1;33mx5[0m [1;36m#448[0m SKIP tension=[1;36m0.00000000[0m [0m| momentum_too_small [1;31mconf=0.3358[0m
[ALPHA_X13_BURST13] [1;36m23:24:18[0m [1;32mx13[0m [1;36m#470[0m SKIP tension=[1;36m0.00004112[0m [0m| momentum_too_small [1;31mconf=0.0001[0m
[BETA_X5] mode=OFF radar_adj=0 mom= conf=0
[ALPHA_X13_BURST13] mode=OFF radar_adj=0 mom= conf=0
[BETA_X5] [1;36m23:24:24[0m [1;33mx5[0m [1;36m#449[0m SKIP tension=[1;36m0.00000000[0m [0m| momentum_too_small [1;31mconf=0.3476[0m
[BETA_X5] mode=OFF radar_adj=0 mom= conf=0
[ALPHA_X13_BURST13] [1;36m23:24:27[0m [1;32mx13[0m [1;36m#471[0m SKIP tension=[1;36m0.00001898[0m [0m| momentum_too_small [1;31mconf=0.0[0m
[ALPHA_X13_BURST13] mode=OFF radar_adj=0 mom= conf=0
[BETA_X5] [1;36m23:24:31[0m [1;33mx5[0m [1;36m#450[0m SKIP tension=[1;36m0.00002312[0m [0m| momentum_too_small [1;31mconf=0.0[0m
[BETA_X5] mode=OFF radar_adj=0 mom= conf=0
[ALPHA_X13_BURST13] [1;36m23:24:36[0m [1;32mx13[0m [1;36m#472[0m SKIP tension=[1;36m0.00000000[0m [0m| momentum_too_small [1;31mconf=0.3038[0m
[ALPHA_X13_BURST13] mode=OFF radar_adj=0 mom= conf=0
[BETA_X5] [1;36m23:24:39[0m [1;33mx5[0m [1;36m#451[0m SKIP tension=[1;36m0.00000405[0m [0m| momentum_too_small [1;31mconf=0.0[0m
[BETA_X5] mode=OFF radar_adj=0 mom= conf=0
[ALPHA_X13_BURST13] [1;36m23:24:45[0m [1;32mx13[0m [1;36m#473[0m SKIP tension=[1;36m0.00000000[0m [0m| momentum_too_small [1;31mconf=0.3038[0m
[BETA_X5] [1;36m23:24:47[0m [1;33mx5[0m [1;36m#452[0m SKIP tension=[1;36m0.00000280[0m [0m| momentum_too_small [1;31mconf=0.0[0m
[ALPHA_X13_BURST13] mode=OFF radar_adj=0 mom= conf=0
[BETA_X5] mode=OFF radar_adj=0 mom= conf=0
[ALPHA_X13_BURST13] [1;36m23:24:53[0m [1;32mx13[0m [1;36m#474[0m SKIP tension=[1;36m0.00000506[0m [0m| momentum_too_small [1;31mconf=0.0[0m
[ALPHA_X13_BURST13] mode=OFF radar_adj=0 mom= conf=0
[BETA_X5] [1;36m23:24:59[0m [1;33mx5[0m [1;36m#453[0m SKIP tension=[1;36m0.38887813[0m [0m| wall_not_collapsed
[ALPHA_X13_BURST13] [1;36m23:25:02[0m [1;32mx13[0m [1;36m#475[0m SKIP [1;33m| tension_stale age=932ms>800ms (NUAGE)[0m
[BETA_X5] mode=OFF radar_adj=0 mom= conf=0
[ALPHA_X13_BURST13] mode=OFF radar_adj=0 mom= conf=0
[BETA_X5] [1;36m23:25:07[0m [1;33mx5[0m [1;36m#454[0m SKIP tension=[1;36m0.00000000[0m [0m| momentum_too_small [1;31mconf=0.3038[0m
[BETA_X5] mode=OFF radar_adj=0 mom= conf=0
[ALPHA_X13_BURST13] [1;36m23:25:10[0m [1;32mx13[0m [1;36m#476[0m SKIP tension=[1;36m0.40260381[0m [0m| wall_not_collapsed
[ALPHA_X13_BURST13] mode=OFF radar_adj=0 mom= conf=0
[BETA_X5] [1;36m23:25:16[0m [1;33mx5[0m [1;36m#455[0m SKIP tension=[1;36m0.00001287[0m [0m| momentum_too_small [1;31mconf=0.0[0m
[BETA_X5] mode=OFF radar_adj=0 mom= conf=0
[ALPHA_X13_BURST13] [1;36m23:25:19[0m [1;32mx13[0m [1;36m#477[0m SKIP tension=[1;36m0.00002307[0m [0m| momentum_too_small [1;31mconf=0.0[0m
[ALPHA_X13_BURST13] mode=OFF radar_adj=0 mom= conf=0
[ALPHA_X13_BURST13] [1;36m23:25:28[0m [1;32mx13[0m [1;36m#478[0m SKIP tension=[1;36m0.00002231[0m [0m| momentum_too_small [1;31mconf=0.0[0m
[ALPHA_X13_BURST13] mode=OFF radar_adj=0 mom= conf=0
[ALPHA_X13_BURST13] [1;36m23:25:37[0m [1;32mx13[0m [1;36m#479[0m SKIP tension=[1;36m0.37091437[0m [0m| wall_not_collapsed
[BETA_X5] shockwave beta->alpha until_cycle=466
[BETA_X5] [1;33mSWARM shockwave[0m [0m| beta -> neighbor (fluid_exit_inversion)[0m
[BETA_X5] [1;36mCycle 456[0m [1;32mSOFT anomaly[0m [1;33m| pnl_abs=0.03268000 > 0.02500000[0m
[ALPHA_X13_BURST13] mode=OFF radar_adj=0 mom= conf=0
[BETA_X5] [1;36mentry=23:25:29@64890.30000000[0m [1;33mx5[0m [1;36m#456[0m [1;31mSELL[0m tension=[1;32m1.06667310[0m hold=[1;36m10[0ms sec=[1;36m10[0m [0m| exit=64894.60000000 [1;32mconf=0.8671[0m [1;36mexit_time=23:25:40[0m [1;31mpnl=-0.03268000 bps=-0.66265682 pct=-0.00662657% total=0.9976400000000001[0m
[BETA_X5] mode=OFF radar_adj=0 mom= conf=0
[ALPHA_X13_BURST13] [1;36m23:25:46[0m [1;32mx13[0m [1;36m#480[0m SKIP tension=[1;36m0.00003960[0m [0m| momentum_too_small [1;31mconf=0.0001[0m
[BETA_X5] [1;36m23:25:49[0m [1;33mx5[0m [1;36m#457[0m SKIP tension=[1;36m0.00000555[0m [0m| momentum_too_small [1;31mconf=0.0[0m
[ALPHA_X13_BURST13] mode=OFF radar_adj=0 mom= conf=0
[BETA_X5] mode=OFF radar_adj=0 mom= conf=0
[ALPHA_X13_BURST13] [1;36m23:25:55[0m [1;32mx13[0m [1;36m#481[0m SKIP tension=[1;36m0.00046003[0m [0m| momentum_too_small [1;31mconf=0.0007[0m
[BETA_X5] [1;36m23:25:56[0m [1;33mx5[0m [1;36m#458[0m SKIP tension=[1;36m0.33753910[0m [0m| wall_not_collapsed
[ALPHA_X13_BURST13] mode=OFF radar_adj=0 mom= conf=0
[BETA_X5] mode=OFF radar_adj=0 mom= conf=0
[ALPHA_X13_BURST13] [1;36m23:26:03[0m [1;32mx13[0m [1;36m#482[0m SKIP tension=[1;36m0.00164374[0m [0m| momentum_too_small [1;31mconf=0.0024[0m
[BETA_X5] [1;36m23:26:05[0m [1;33mx5[0m [1;36m#459[0m SKIP tension=[1;36m0.00018639[0m [0m| momentum_too_small [1;31mconf=0.0003[0m
[ALPHA_X13_BURST13] mode=OFF radar_adj=0 mom= conf=0
[BETA_X5] mode=OFF radar_adj=0 mom= conf=0
[ALPHA_X13_BURST13] [1;36m23:26:12[0m [1;32mx13[0m [1;36m#483[0m SKIP [1;33m| tension_stale age=5136ms>800ms (NUAGE)[0m
[ALPHA_X13_BURST13] mode=OFF radar_adj=0 mom= conf=0
[ALPHA_X13_BURST13] [1;36m23:26:21[0m [1;32mx13[0m [1;36m#484[0m SKIP [1;33m| tension_stale age=1078ms>800ms (NUAGE)[0m
[ALPHA_X13_BURST13] mode=OFF radar_adj=0 mom= conf=0
[BETA_X5] [1;36mCycle 460[0m [1;32mSOFT anomaly[0m [1;33m| pnl_abs=0.05928000 > 0.02500000[0m
[BETA_X5] [1;36mentry=23:26:17@64890.30000000[0m [1;33mx5[0m [1;36m#460[0m [1;32mSELL[0m tension=[1;32m1.08118039[0m hold=[1;36m7[0ms sec=[1;36m7[0m [0m| exit=64882.50000000 [1;32mconf=0.9403[0m [1;36mexit_time=23:26:24[0m [1;32mpnl=0.05928000 bps=1.20202865 pct=0.01202029% total=1.05692[0m
[BETA_X5] mode=OFF radar_adj=0 mom= conf=0
[BETA_X5] [1;36m23:26:34[0m [1;33mx5[0m [1;36m#461[0m SKIP tension=[1;36m0.00019285[0m [0m| momentum_too_small [1;31mconf=0.0003[0m
[ALPHA_X13_BURST13] [1;36m23:26:34[0m [1;32mx13[0m [1;36m#485[0m SKIP tension=[1;36m0.00000000[0m [0m| momentum_too_small [1;31mconf=0.3497[0m
[ALPHA_X13_BURST13] mode=OFF radar_adj=0 mom= conf=0
[BETA_X5] mode=OFF radar_adj=0 mom= conf=0
[BETA_X5] [1;36m23:26:43[0m [1;33mx5[0m [1;36m#462[0m SKIP tension=[1;36m0.18300762[0m [0m| direction_unclear [1;31mconf=0.3047[0m
[ALPHA_X13_BURST13] [1;36m23:26:43[0m [1;32mx13[0m [1;36m#486[0m SKIP tension=[1;36m0.00002212[0m [0m| momentum_too_small [1;31mconf=0.0[0m
[BETA_X5] mode=OFF radar_adj=0 mom= conf=0
[ALPHA_X13_BURST13] mode=OFF radar_adj=0 mom= conf=0
[BETA_X5] [1;36m23:26:51[0m [1;33mx5[0m [1;36m#463[0m SKIP tension=[1;36m0.00000000[0m [0m| momentum_too_small [1;31mconf=0.3274[0m
[ALPHA_X13_BURST13] [1;36m23:26:53[0m [1;32mx13[0m [1;36m#487[0m SKIP tension=[1;36m0.34303878[0m [0m| wall_not_collapsed
[BETA_X5] mode=OFF radar_adj=0 mom= conf=0
[ALPHA_X13_BURST13] mode=OFF radar_adj=0 mom= conf=0
[BETA_X5] [1;36m23:26:58[0m [1;33mx5[0m [1;36m#464[0m SKIP tension=[1;36m0.20484470[0m [0m| wall_not_collapsed
[BETA_X5] mode=OFF radar_adj=0 mom= conf=0
[ALPHA_X13_BURST13] [1;36m23:27:02[0m [1;32mx13[0m [1;36m#488[0m SKIP tension=[1;36m0.12925890[0m [0m| direction_unclear [1;31mconf=0.2015[0m
[ALPHA_X13_BURST13] mode=OFF radar_adj=0 mom= conf=0
[BETA_X5] [1;36m23:27:07[0m [1;33mx5[0m [1;36m#465[0m SKIP tension=[1;36m0.00000000[0m [0m| momentum_too_small [1;31mconf=0.3274[0m
[BETA_X5] mode=OFF radar_adj=0 mom= conf=0
[ALPHA_X13_BURST13] [1;36m23:27:10[0m [1;32mx13[0m [1;36m#489[0m SKIP tension=[1;36m0.00016477[0m [0m| momentum_too_small [1;31mconf=0.0003[0m
[ALPHA_X13_BURST13] mode=OFF radar_adj=0 mom= conf=0
[BETA_X5] [1;36m23:27:14[0m [1;33mx5[0m [1;36m#466[0m SKIP tension=[1;36m0.00000254[0m [0m| momentum_too_small [1;31mconf=0.0[0m
[BETA_X5] mode=OFF radar_adj=0 mom= conf=0
[ALPHA_X13_BURST13] [1;36m23:27:19[0m [1;32mx13[0m [1;36m#490[0m SKIP tension=[1;36m0.00000000[0m [0m| momentum_too_small [1;31mconf=0.3274[0m
[ALPHA_X13_BURST13] mode=OFF radar_adj=0 mom= conf=0
[BETA_X5] [1;36m23:27:22[0m [1;33mx5[0m [1;36m#467[0m SKIP tension=[1;36m0.00001186[0m [0m| momentum_too_small [1;31mconf=0.0[0m
[BETA_X5] mode=OFF radar_adj=0 mom= conf=0
[ALPHA_X13_BURST13] [1;36m23:27:28[0m [1;32mx13[0m [1;36m#491[0m SKIP tension=[1;36m0.00004512[0m [0m| momentum_too_small [1;31mconf=0.0001[0m
[BETA_X5] [1;36m23:27:30[0m [1;33mx5[0m [1;36m#468[0m SKIP tension=[1;36m0.00000000[0m [0m| momentum_too_small [1;31mconf=0.3274[0m
[ALPHA_X13_BURST13] mode=OFF radar_adj=0 mom= conf=0
[BETA_X5] mode=OFF radar_adj=0 mom= conf=0
[ALPHA_X13_BURST13] [1;36m23:27:36[0m [1;32mx13[0m [1;36m#492[0m SKIP tension=[1;36m0.00000681[0m [0m| momentum_too_small [1;31mconf=0.0[0m
[BETA_X5] [1;36m23:27:38[0m [1;33mx5[0m [1;36m#469[0m SKIP tension=[1;36m0.00000085[0m [0m| momentum_too_small [1;31mconf=0.0[0m
[ALPHA_X13_BURST13] mode=OFF radar_adj=0 mom= conf=0
[BETA_X5] mode=OFF radar_adj=0 mom= conf=0
[ALPHA_X13_BURST13] [1;36m23:27:45[0m [1;32mx13[0m [1;36m#493[0m SKIP tension=[1;36m0.00010898[0m [0m| momentum_too_small [1;31mconf=0.0002[0m
[BETA_X5] [1;36m23:27:47[0m [1;33mx5[0m [1;36m#470[0m SKIP tension=[1;36m0.00012516[0m [0m| momentum_too_small [1;31mconf=0.0002[0m
[ALPHA_X13_BURST13] mode=OFF radar_adj=0 mom= conf=0
[BETA_X5] mode=OFF radar_adj=0 mom= conf=0
[ALPHA_X13_BURST13] [1;36m23:27:53[0m [1;32mx13[0m [1;36m#494[0m SKIP tension=[1;36m0.00013793[0m [0m| momentum_too_small [1;31mconf=0.0002[0m
[BETA_X5] [1;36m23:27:55[0m [1;33mx5[0m [1;36m#471[0m SKIP tension=[1;36m0.00000000[0m [0m| momentum_too_small [1;31mconf=0.3274[0m
[ALPHA_X13_BURST13] mode=OFF radar_adj=0 mom= conf=0
[BETA_X5] mode=OFF radar_adj=0 mom= conf=0
[ALPHA_X13_BURST13] [1;36m23:28:01[0m [1;32mx13[0m [1;36m#495[0m SKIP tension=[1;36m0.00000852[0m [0m| momentum_too_small [1;31mconf=0.0[0m
[BETA_X5] [1;36m23:28:02[0m [1;33mx5[0m [1;36m#472[0m SKIP tension=[1;36m0.00000000[0m [0m| momentum_too_small [1;31mconf=0.3274[0m
[ALPHA_X13_BURST13] mode=OFF radar_adj=0 mom= conf=0
[BETA_X5] mode=OFF radar_adj=0 mom= conf=0
[ALPHA_X13_BURST13] [1;36m23:28:10[0m [1;32mx13[0m [1;36m#496[0m SKIP tension=[1;36m0.00000598[0m [0m| momentum_too_small [1;31mconf=0.0[0m
[BETA_X5] [1;36m23:28:11[0m [1;33mx5[0m [1;36m#473[0m SKIP tension=[1;36m0.00000000[0m [0m| momentum_too_small [1;31mconf=0.3274[0m
[ALPHA_X13_BURST13] mode=OFF radar_adj=0 mom= conf=0
[BETA_X5] mode=OFF radar_adj=0 mom= conf=0
[ALPHA_X13_BURST13] [1;36m23:28:18[0m [1;32mx13[0m [1;36m#497[0m SKIP tension=[1;36m0.00005421[0m [0m| momentum_too_small [1;31mconf=0.0001[0m
[BETA_X5] [1;36m23:28:19[0m [1;33mx5[0m [1;36m#474[0m SKIP tension=[1;36m0.00000000[0m [0m| momentum_too_small [1;31mconf=0.3274[0m
[ALPHA_X13_BURST13] mode=OFF radar_adj=0 mom= conf=0
[BETA_X5] mode=OFF radar_adj=0 mom= conf=0
[ALPHA_X13_BURST13] [1;36m23:28:26[0m [1;32mx13[0m [1;36m#498[0m SKIP tension=[1;36m0.00001022[0m [0m| momentum_too_small [1;31mconf=0.0[0m
[BETA_X5] [1;36m23:28:26[0m [1;33mx5[0m [1;36m#475[0m SKIP tension=[1;36m0.00001448[0m [0m| momentum_too_small [1;31mconf=0.0[0m
[BETA_X5] mode=OFF radar_adj=0 mom= conf=0
[ALPHA_X13_BURST13] mode=OFF radar_adj=0 mom= conf=0
[BETA_X5] [1;36m23:28:35[0m [1;33mx5[0m [1;36m#476[0m SKIP tension=[1;36m0.00002896[0m [0m| momentum_too_small [1;31mconf=0.0[0m
[ALPHA_X13_BURST13] [1;36m23:28:35[0m [1;32mx13[0m [1;36m#499[0m SKIP tension=[1;36m0.00002896[0m [0m| momentum_too_small [1;31mconf=0.0[0m
[BETA_X5] mode=OFF radar_adj=0 mom= conf=0
[ALPHA_X13_BURST13] mode=OFF radar_adj=0 mom= conf=0
[BETA_X5] [1;36m23:28:42[0m [1;33mx5[0m [1;36m#477[0m SKIP tension=[1;36m0.00002300[0m [0m| momentum_too_small [1;31mconf=0.0[0m
[ALPHA_X13_BURST13] [1;36m23:28:44[0m [1;32mx13[0m [1;36m#500[0m SKIP tension=[1;36m0.00000000[0m [0m| momentum_too_small [1;31mconf=0.3274[0m
[BETA_X5] mode=OFF radar_adj=0 mom= conf=0
[ALPHA_X13_BURST13] mode=OFF radar_adj=0 mom= conf=0
[BETA_X5] [1;36m23:28:51[0m [1;33mx5[0m [1;36m#478[0m SKIP tension=[1;36m0.00005537[0m [0m| momentum_too_small [1;31mconf=0.0001[0m
[ALPHA_X13_BURST13] [1;36m23:28:52[0m [1;32mx13[0m [1;36m#501[0m SKIP tension=[1;36m0.00013800[0m [0m| momentum_too_small [1;31mconf=0.0002[0m
[ALPHA_X13_BURST13] mode=OFF radar_adj=0 mom= conf=0
[BETA_X5] mode=OFF radar_adj=0 mom= conf=0
[BETA_X5] [1;36m23:29:00[0m [1;33mx5[0m [1;36m#479[0m SKIP tension=[1;36m0.00000000[0m [0m| momentum_too_small [1;31mconf=0.3274[0m
[ALPHA_X13_BURST13] [1;36m23:29:01[0m [1;32mx13[0m [1;36m#502[0m SKIP tension=[1;36m0.00000000[0m [0m| momentum_too_small [1;31mconf=0.3274[0m
[BETA_X5] mode=OFF radar_adj=0 mom= conf=0
[ALPHA_X13_BURST13] mode=OFF radar_adj=0 mom= conf=0
[ALPHA_X13_BURST13] [1;36m23:29:11[0m [1;32mx13[0m [1;36m#503[0m SKIP tension=[1;32m1.21533313[0m [0m| duo no_trigger
[ALPHA_X13_BURST13] mode=OFF radar_adj=0 mom= conf=0
[ALPHA_X13_BURST13] [1;36m23:29:19[0m [1;32mx13[0m [1;36m#504[0m SKIP tension=[1;36m0.00000687[0m [0m| momentum_too_small [1;31mconf=0.0[0m
[BETA_X5] shockwave beta->alpha until_cycle=490
[BETA_X5] [1;33mSWARM shockwave[0m [0m| beta -> neighbor (fluid_exit_brake)[0m
[BETA_X5] [1;36mCycle 480[0m [1;32mSOFT anomaly[0m [1;33m| pnl_abs=0.04484000 > 0.02500000[0m
[BETA_X5] [1;36mentry=23:29:13@64867.80000000[0m [1;33mx5[0m [1;36m#480[0m [1;31mSELL[0m tension=[1;32m1.21533504[0m hold=[1;36m7[0ms sec=[1;36m7[0m [0m| exit=64873.70000000 [1;32mconf=0.9355[0m [1;36mexit_time=23:29:20[0m [1;31mpnl=-0.04484000 bps=-0.90954218 pct=-0.00909542% total=1.01208[0m
[ALPHA_X13_BURST13] mode=OFF radar_adj=0 mom= conf=0
[BETA_X5] mode=OFF radar_adj=0 mom= conf=0
[ALPHA_X13_BURST13] [1;36m23:29:27[0m [1;32mx13[0m [1;36m#505[0m SKIP tension=[1;36m0.00004468[0m [0m| momentum_too_small [1;31mconf=0.0001[0m
[ALPHA_X13_BURST13] mode=OFF radar_adj=0 mom= conf=0
[BETA_X5] [1;36m23:29:30[0m [1;33mx5[0m [1;36m#481[0m SKIP tension=[1;36m0.00000000[0m [0m| momentum_too_small [1;31mconf=0.3274[0m
[BETA_X5] mode=OFF radar_adj=0 mom= conf=0
[ALPHA_X13_BURST13] [1;36m23:29:36[0m [1;32mx13[0m [1;36m#506[0m SKIP tension=[1;36m0.00006645[0m [0m| momentum_too_small [1;31mconf=0.0001[0m
[ALPHA_X13_BURST13] mode=OFF radar_adj=0 mom= conf=0
[BETA_X5] [1;36m23:29:39[0m [1;33mx5[0m [1;36m#482[0m SKIP tension=[1;36m0.00005196[0m [0m| momentum_too_small [1;31mconf=0.0001[0m
[BETA_X5] mode=OFF radar_adj=0 mom= conf=0
[ALPHA_X13_BURST13] [1;36m23:29:44[0m [1;32mx13[0m [1;36m#507[0m SKIP tension=[1;36m0.00006873[0m [0m| momentum_too_small [1;31mconf=0.0001[0m
[BETA_X5] [1;36m23:29:47[0m [1;33mx5[0m [1;36m#483[0m SKIP tension=[1;36m0.00004108[0m [0m| momentum_too_small [1;31mconf=0.0001[0m
[BETA_X5] mode=OFF radar_adj=0 mom= conf=0
[ALPHA_X13_BURST13] mode=OFF radar_adj=0 mom= conf=0
[BETA_X5] [1;36m23:29:56[0m [1;33mx5[0m [1;36m#484[0m SKIP tension=[1;36m0.00018335[0m [0m| momentum_too_small [1;31mconf=0.0003[0m
[ALPHA_X13_BURST13] [1;36m23:29:57[0m [1;32mx13[0m [1;36m#508[0m SKIP tension=[1;36m0.00013977[0m [0m| momentum_too_small [1;31mconf=0.0002[0m
[BETA_X5] mode=OFF radar_adj=0 mom= conf=0
[ALPHA_X13_BURST13] mode=OFF radar_adj=0 mom= conf=0
[BETA_X5] [1;36m23:30:05[0m [1;33mx5[0m [1;36m#485[0m SKIP tension=[1;36m0.00016757[0m [0m| momentum_too_small [1;31mconf=0.0003[0m
[ALPHA_X13_BURST13] [1;36m23:30:07[0m [1;32mx13[0m [1;36m#509[0m SKIP tension=[1;36m0.00009393[0m [0m| momentum_too_small [1;31mconf=0.0001[0m
[BETA_X5] mode=OFF radar_adj=0 mom= conf=0
[ALPHA_X13_BURST13] mode=OFF radar_adj=0 mom= conf=0
[BETA_X5] [1;36m23:30:12[0m [1;33mx5[0m [1;36m#486[0m SKIP tension=[1;36m0.00006238[0m [0m| momentum_too_small [1;31mconf=0.0001[0m
[BETA_X5] mode=OFF radar_adj=0 mom= conf=0
[ALPHA_X13_BURST13] [1;36m23:30:15[0m [1;32mx13[0m [1;36m#510[0m SKIP tension=[1;36m0.00032317[0m [0m| momentum_too_small [1;31mconf=0.0005[0m
[ALPHA_X13_BURST13] mode=OFF radar_adj=0 mom= conf=0
[BETA_X5] [1;36m23:30:20[0m [1;33mx5[0m [1;36m#487[0m SKIP tension=[1;36m0.00000000[0m [0m| momentum_too_small [1;31mconf=0.3274[0m
[BETA_X5] mode=OFF radar_adj=0 mom= conf=0
[ALPHA_X13_BURST13] [1;36m23:30:23[0m [1;32mx13[0m [1;36m#511[0m SKIP tension=[1;36m0.00016029[0m [0m| momentum_too_small [1;31mconf=0.0002[0m
[ALPHA_X13_BURST13] mode=OFF radar_adj=0 mom= conf=0
[BETA_X5] [1;36m23:30:28[0m [1;33mx5[0m [1;36m#488[0m SKIP tension=[1;36m0.00000000[0m [0m| momentum_too_small [1;31mconf=0.3274[0m
[BETA_X5] mode=OFF radar_adj=0 mom= conf=0
[ALPHA_X13_BURST13] [1;36m23:30:33[0m [1;32mx13[0m [1;36m#512[0m SKIP tension=[1;36m0.00002931[0m [0m| momentum_too_small [1;31mconf=0.0[0m
[ALPHA_X13_BURST13] mode=OFF radar_adj=0 mom= conf=0
[BETA_X5] [1;36m23:30:36[0m [1;33mx5[0m [1;36m#489[0m SKIP tension=[1;36m0.00003908[0m [0m| momentum_too_small [1;31mconf=0.0001[0m
[BETA_X5] mode=OFF radar_adj=0 mom= conf=0
[ALPHA_X13_BURST13] [1;36m23:30:41[0m [1;32mx13[0m [1;36m#513[0m SKIP tension=[1;36m0.00014184[0m [0m| momentum_too_small [1;31mconf=0.0002[0m
[BETA_X5] [1;36m23:30:43[0m [1;33mx5[0m [1;36m#490[0m SKIP tension=[1;36m0.00002716[0m [0m| momentum_too_small [1;31mconf=0.0[0m
[ALPHA_X13_BURST13] mode=OFF radar_adj=0 mom= conf=0
[BETA_X5] mode=OFF radar_adj=0 mom= conf=0
[ALPHA_X13_BURST13] [1;36m23:30:49[0m [1;32mx13[0m [1;36m#514[0m SKIP tension=[1;36m0.00000000[0m [0m| momentum_too_small [1;31mconf=0.3274[0m
[ALPHA_X13_BURST13] mode=OFF radar_adj=0 mom= conf=0
[BETA_X5] [1;36m23:30:52[0m [1;33mx5[0m [1;36m#491[0m SKIP tension=[1;36m0.00003915[0m [0m| momentum_too_small [1;31mconf=0.0001[0m
[BETA_X5] mode=OFF radar_adj=0 mom= conf=0
[ALPHA_X13_BURST13] [1;36m23:30:57[0m [1;32mx13[0m [1;36m#515[0m SKIP tension=[1;36m0.00009525[0m [0m| momentum_too_small [1;31mconf=0.0001[0m
[ALPHA_X13_BURST13] mode=OFF radar_adj=0 mom= conf=0
[BETA_X5] [1;36m23:31:00[0m [1;33mx5[0m [1;36m#492[0m SKIP tension=[1;36m0.00243859[0m [0m| momentum_too_small [1;31mconf=0.0038[0m
[BETA_X5] mode=OFF radar_adj=0 mom= conf=0
[ALPHA_X13_BURST13] [1;36m23:31:06[0m [1;32mx13[0m [1;36m#516[0m SKIP tension=[1;36m0.00978304[0m [0m| direction_unclear [1;31mconf=0.0153[0m
[ALPHA_X13_BURST13] mode=OFF radar_adj=0 mom= conf=0
[BETA_X5] [1;36m23:31:09[0m [1;33mx5[0m [1;36m#493[0m SKIP tension=[1;36m0.00021340[0m [0m| momentum_too_small [1;31mconf=0.0003[0m
[BETA_X5] mode=OFF radar_adj=0 mom= conf=0
[ALPHA_X13_BURST13] [1;36m23:31:15[0m [1;32mx13[0m [1;36m#517[0m SKIP [1;33m| tension_stale age=3957ms>800ms (NUAGE)[0m
[ALPHA_X13_BURST13] mode=OFF radar_adj=0 mom= conf=0
[ALPHA_X13_BURST13] [1;36m23:31:23[0m [1;32mx13[0m [1;36m#518[0m SKIP tension=[1;36m0.00046111[0m [0m| momentum_too_small [1;31mconf=0.0007[0m
[ALPHA_X13_BURST13] mode=OFF radar_adj=0 mom= conf=0
[ALPHA_X13_BURST13] [1;36m23:31:32[0m [1;32mx13[0m [1;36m#519[0m SKIP tension=[1;36m0.00000000[0m [0m| momentum_too_small [1;31mconf=0.2994[0m
[BETA_X5] shockwave beta->alpha until_cycle=504
[BETA_X5] [1;33mSWARM shockwave[0m [0m| beta -> neighbor (shock_inversion_stop)[0m
[BETA_X5] [1;36mCycle 494[0m [1;32mSOFT anomaly[0m [1;33m| pnl_abs=0.06232000 > 0.02500000[0m
[BETA_X5] [1;36mentry=23:31:26@64874.50000000[0m [1;33mx5[0m [1;36m#494[0m [1;31mSELL[0m tension=[1;32m1.74316373[0m hold=[1;36m6[0ms sec=[1;36m6[0m [0m| exit=64882.70000000 [1;32mconf=0.9355[0m [1;36mexit_time=23:31:32[0m [1;31mpnl=-0.06232000 bps=-1.26397891 pct=-0.01263979% total=0.94976[0m
[ALPHA_X13_BURST13] mode=OFF radar_adj=0 mom= conf=0
[ALPHA_X13_BURST13] [1;36m23:31:41[0m [1;32mx13[0m [1;36m#520[0m SKIP tension=[1;36m0.00000000[0m [0m| momentum_too_small [1;31mconf=0.2876[0m
[BETA_X5] mode=OFF radar_adj=0 mom= conf=0
[ALPHA_X13_BURST13] mode=OFF radar_adj=0 mom= conf=0
[BETA_X5] [1;36m23:31:47[0m [1;33mx5[0m [1;36m#495[0m SKIP tension=[1;36m0.00000000[0m [0m| momentum_too_small [1;31mconf=0.2742[0m
[BETA_X5] mode=OFF radar_adj=0 mom= conf=0
[BETA_X5] [1;36m23:31:55[0m [1;33mx5[0m [1;36m#496[0m SKIP tension=[1;36m0.00000765[0m [0m| momentum_too_small [1;31mconf=0.0[0m
[ALPHA_X13_BURST13] [1;36m23:31:55[0m [1;32mx13[0m [1;36m#521[0m SKIP tension=[1;36m0.35968841[0m [0m| wall_not_collapsed
[BETA_X5] mode=OFF radar_adj=0 mom= conf=0
[ALPHA_X13_BURST13] mode=OFF radar_adj=0 mom= conf=0
[ALPHA_X13_BURST13] [1;36m23:32:05[0m [1;32mx13[0m [1;36m#522[0m SKIP [1;33m| tension_stale age=8238ms>800ms (NUAGE)[0m
[ALPHA_X13_BURST13] mode=OFF radar_adj=0 mom= conf=0
[ALPHA_X13_BURST13] [1;36m23:32:14[0m [1;32mx13[0m [1;36m#523[0m SKIP tension=[1;32m1.21839595[0m [0m| duo no_trigger
[BETA_X5] [1;36mentry=23:32:10@64890.30000000[0m [1;33mx5[0m [1;36m#497[0m [1;33mSELL[0m tension=[1;32m1.23932241[0m hold=[1;36m6[0ms sec=[1;36m6[0m [0m| exit=64890.30000000 [1;32mconf=0.8478[0m [1;36mexit_time=23:32:16[0m [1;33mpnl=-0.00000000 bps=-0.00000000 pct=-0.00000000% total=0.94976[0m
[ALPHA_X13_BURST13] mode=OFF radar_adj=0 mom= conf=0
[BETA_X5] mode=OFF radar_adj=0 mom= conf=0
[ALPHA_X13_BURST13] [1;36m23:32:24[0m [1;32mx13[0m [1;36m#524[0m SKIP tension=[1;36m0.46167105[0m [0m| wall_not_collapsed
[BETA_X5] [1;36m23:32:26[0m [1;33mx5[0m [1;36m#498[0m SKIP tension=[1;36m0.47121525[0m [0m| wall_not_collapsed
[ALPHA_X13_BURST13] mode=OFF radar_adj=0 mom= conf=0
[BETA_X5] mode=OFF radar_adj=0 mom= conf=0
[BETA_X5] [1;36m23:32:34[0m [1;33mx5[0m [1;36m#499[0m SKIP tension=[1;36m0.00000000[0m [0m| momentum_too_small [1;31mconf=0.3247[0m
[ALPHA_X13_BURST13] [1;36m23:32:34[0m [1;32mx13[0m [1;36m#525[0m SKIP tension=[1;32m1.89660463[0m [0m| duo no_trigger
[BETA_X5] mode=OFF radar_adj=0 mom= conf=0
[ALPHA_X13_BURST13] mode=OFF radar_adj=0 mom= conf=0
[BETA_X5] [1;36m23:32:41[0m [1;33mx5[0m [1;36m#500[0m SKIP tension=[1;33m0.86874818[0m [0m| wall_not_collapsed
[ALPHA_X13_BURST13] [1;36m23:32:42[0m [1;32mx13[0m [1;36m#526[0m SKIP tension=[1;36m0.00006222[0m [0m| momentum_too_small [1;31mconf=0.0001[0m
[ALPHA_X13_BURST13] mode=OFF radar_adj=0 mom= conf=0
[BETA_X5] mode=OFF radar_adj=0 mom= conf=0
[ALPHA_X13_BURST13] [1;36m23:32:51[0m [1;32mx13[0m [1;36m#527[0m SKIP tension=[1;36m0.00014237[0m [0m| momentum_too_small [1;31mconf=0.0002[0m
[ALPHA_X13_BURST13] mode=OFF radar_adj=0 mom= conf=0
[BETA_X5] [1;36m23:32:54[0m [1;33mx5[0m [1;36m#501[0m SKIP tension=[1;36m0.00001948[0m [0m| momentum_too_small [1;31mconf=0.0[0m
[BETA_X5] mode=OFF radar_adj=0 mom= conf=0
[ALPHA_X13_BURST13] [1;36m23:32:59[0m [1;32mx13[0m [1;36m#528[0m SKIP tension=[1;36m0.00002351[0m [0m| momentum_too_small [1;31mconf=0.0[0m
[BETA_X5] [1;36m23:33:01[0m [1;33mx5[0m [1;36m#502[0m SKIP tension=[1;36m0.00016626[0m [0m| momentum_too_small [1;31mconf=0.0002[0m
[ALPHA_X13_BURST13] mode=OFF radar_adj=0 mom= conf=0
[BETA_X5] mode=OFF radar_adj=0 mom= conf=0
[ALPHA_X13_BURST13] [1;36m23:33:07[0m [1;32mx13[0m [1;36m#529[0m SKIP tension=[1;31m3.25546703[0m [0m| spread_too_wide [1;33mconf=0.5[0m
[BETA_X5] [1;36m23:33:09[0m [1;33mx5[0m [1;36m#503[0m SKIP tension=[1;36m0.00001984[0m [0m| spread_too_wide [1;31mconf=0.0[0m
[ALPHA_X13_BURST13] mode=OFF radar_adj=0 mom= conf=0
[BETA_X5] mode=OFF radar_adj=0 mom= conf=0
[ALPHA_X13_BURST13] [1;36m23:33:15[0m [1;32mx13[0m [1;36m#530[0m SKIP tension=[1;36m0.00000000[0m [0m| spread_too_wide [1;31mconf=0.0[0m
[BETA_X5] [1;36m23:33:17[0m [1;33mx5[0m [1;36m#504[0m SKIP tension=[1;31m7.79539175[0m [0m| spread_too_wide [1;33mconf=0.5[0m
[ALPHA_X13_BURST13] mode=OFF radar_adj=0 mom= conf=0
[BETA_X5] mode=OFF radar_adj=0 mom= conf=0
[ALPHA_X13_BURST13] [1;36m23:33:24[0m [1;32mx13[0m [1;36m#531[0m SKIP tension=[1;31m4.18004527[0m [0m| duo no_trigger
[BETA_X5] [1;36m23:33:25[0m [1;33mx5[0m [1;36m#505[0m SKIP tension=[1;36m0.30106905[0m [0m| wall_not_collapsed
[ALPHA_X13_BURST13] mode=OFF radar_adj=0 mom= conf=0
[BETA_X5] mode=OFF radar_adj=0 mom= conf=0
[ALPHA_X13_BURST13] [1;36m23:33:32[0m [1;32mx13[0m [1;36m#532[0m SKIP tension=[1;31m2.10012881[0m [0m| duo no_trigger
[BETA_X5] [1;36m23:33:32[0m [1;33mx5[0m [1;36m#506[0m SKIP tension=[1;36m0.00000889[0m [0m| momentum_too_small [1;31mconf=0.0[0m
[BETA_X5] mode=OFF radar_adj=0 mom= conf=0
[ALPHA_X13_BURST13] mode=OFF radar_adj=0 mom= conf=0
[BETA_X5] [1;36m23:33:40[0m [1;33mx5[0m [1;36m#507[0m SKIP tension=[1;36m0.00002564[0m [0m| momentum_too_small [1;31mconf=0.0[0m
[ALPHA_X13_BURST13] [1;36m23:33:40[0m [1;32mx13[0m [1;36m#533[0m SKIP tension=[1;36m0.00002564[0m [0m| momentum_too_small [1;31mconf=0.0[0m
[ALPHA_X13_BURST13] mode=OFF radar_adj=0 mom= conf=0
[BETA_X5] mode=OFF radar_adj=0 mom= conf=0
[ALPHA_X13_BURST13] [1;36m23:33:49[0m [1;32mx13[0m [1;36m#534[0m SKIP tension=[1;36m0.00001663[0m [0m| momentum_too_small [1;31mconf=0.0[0m
[ALPHA_X13_BURST13] mode=OFF radar_adj=0 mom= conf=0
[BETA_X5] [1;36m23:33:52[0m [1;33mx5[0m [1;36m#508[0m SKIP tension=[1;36m0.00009614[0m [0m| momentum_too_small [1;31mconf=0.0002[0m
[BETA_X5] mode=OFF radar_adj=0 mom= conf=0
[ALPHA_X13_BURST13] [1;36m23:33:57[0m [1;32mx13[0m [1;36m#535[0m SKIP tension=[1;36m0.00063085[0m [0m| momentum_too_small [1;31mconf=0.001[0m
[ALPHA_X13_BURST13] mode=OFF radar_adj=0 mom= conf=0
[BETA_X5] [1;36m23:34:00[0m [1;33mx5[0m [1;36m#509[0m SKIP tension=[1;36m0.00001618[0m [0m| momentum_too_small [1;31mconf=0.0[0m
[BETA_X5] mode=OFF radar_adj=0 mom= conf=0
[ALPHA_X13_BURST13] [1;36m23:34:05[0m [1;32mx13[0m [1;36m#536[0m SKIP tension=[1;36m0.00012018[0m [0m| momentum_too_small [1;31mconf=0.0002[0m
[BETA_X5] [1;36m23:34:08[0m [1;33mx5[0m [1;36m#510[0m SKIP tension=[1;36m0.00012980[0m [0m| momentum_too_small [1;31mconf=0.0002[0m
[ALPHA_X13_BURST13] mode=OFF radar_adj=0 mom= conf=0
[BETA_X5] mode=OFF radar_adj=0 mom= conf=0
[ALPHA_X13_BURST13] [1;36m23:34:14[0m [1;32mx13[0m [1;36m#537[0m SKIP tension=[1;36m0.42179896[0m [0m| wall_not_collapsed
[BETA_X5] [1;36m23:34:16[0m [1;33mx5[0m [1;36m#511[0m SKIP tension=[1;36m0.16126319[0m [0m| direction_unclear [1;31mconf=0.2424[0m
[ALPHA_X13_BURST13] mode=OFF radar_adj=0 mom= conf=0
[BETA_X5] mode=OFF radar_adj=0 mom= conf=0
[ALPHA_X13_BURST13] [1;36m23:34:22[0m [1;32mx13[0m [1;36m#538[0m SKIP tension=[1;36m0.81097378[0m [0m| wall_not_collapsed
[ALPHA_X13_BURST13] mode=OFF radar_adj=0 mom= conf=0
[ALPHA_X13_BURST13] [1;36m23:34:30[0m [1;32mx13[0m [1;36m#539[0m SKIP tension=[1;36m0.00009490[0m [0m| momentum_too_small [1;31mconf=0.0001[0m
[ALPHA_X13_BURST13] mode=OFF radar_adj=0 mom= conf=0
[BETA_X5] [1;36mentry=23:34:28@64971.10000000[0m [1;33mx5[0m [1;36m#512[0m [1;33mSELL[0m tension=[1;32m1.62554098[0m hold=[1;36m6[0ms sec=[1;36m6[0m [0m| exit=64971.10000000 [1;32mconf=0.9019[0m [1;36mexit_time=23:34:34[0m [1;33mpnl=-0.00000000 bps=-0.00000000 pct=-0.00000000% total=0.94976[0m
[ALPHA_X13_BURST13] [1;36m23:34:39[0m [1;32mx13[0m [1;36m#540[0m SKIP tension=[1;31m2.77382712[0m [0m| duo no_trigger
[BETA_X5] mode=OFF radar_adj=0 mom= conf=0
[ALPHA_X13_BURST13] mode=OFF radar_adj=0 mom= conf=0
[ALPHA_X13_BURST13] [1;36m23:34:48[0m [1;32mx13[0m [1;36m#541[0m SKIP tension=[1;36m0.00005974[0m [0m| momentum_too_small [1;31mconf=0.0001[0m
[ALPHA_X13_BURST13] mode=OFF radar_adj=0 mom= conf=0
[BETA_X5] [1;36mentry=23:34:49@64971.10000000[0m [1;33mx5[0m [1;36m#513[0m [1;33mSELL[0m tension=[1;32m1.87558189[0m hold=[1;36m6[0ms sec=[1;36m6[0m [0m| exit=64971.10000000 [1;32mconf=0.9019[0m [1;36mexit_time=23:34:55[0m [1;33mpnl=-0.00000000 bps=-0.00000000 pct=-0.00000000% total=0.94976[0m
[BETA_X5] mode=OFF radar_adj=0 mom= conf=0
[ALPHA_X13_BURST13] [1;36m23:35:01[0m [1;32mx13[0m [1;36m#542[0m SKIP tension=[1;36m0.00005621[0m [0m| momentum_too_small [1;31mconf=0.0001[0m
[ALPHA_X13_BURST13] mode=OFF radar_adj=0 mom= conf=0
[BETA_X5] [1;36m23:35:04[0m [1;33mx5[0m [1;36m#514[0m SKIP tension=[1;36m0.00006454[0m [0m| momentum_too_small [1;31mconf=0.0001[0m
[BETA_X5] mode=OFF radar_adj=0 mom= conf=0
[ALPHA_X13_BURST13] [1;36m23:35:09[0m [1;32mx13[0m [1;36m#543[0m SKIP tension=[1;36m0.00005912[0m [0m| momentum_too_small [1;31mconf=0.0001[0m
[ALPHA_X13_BURST13] mode=OFF radar_adj=0 mom= conf=0
[BETA_X5] [1;36m23:35:13[0m [1;33mx5[0m [1;36m#515[0m SKIP tension=[1;36m0.00019677[0m [0m| momentum_too_small [1;31mconf=0.0003[0m
[BETA_X5] mode=OFF radar_adj=0 mom= conf=0
[ALPHA_X13_BURST13] [1;36m23:35:18[0m [1;32mx13[0m [1;36m#544[0m SKIP tension=[1;36m0.00011244[0m [0m| momentum_too_small [1;31mconf=0.0002[0m
[ALPHA_X13_BURST13] mode=OFF radar_adj=0 mom= conf=0
[BETA_X5] [1;36m23:35:21[0m [1;33mx5[0m [1;36m#516[0m SKIP tension=[1;36m0.00828445[0m [0m| momentum_too_small [1;31mconf=0.0125[0m
[BETA_X5] mode=OFF radar_adj=0 mom= conf=0
[ALPHA_X13_BURST13] [1;36m23:35:26[0m [1;32mx13[0m [1;36m#545[0m SKIP tension=[1;36m0.00001042[0m [0m| momentum_too_small [1;31mconf=0.0[0m
[BETA_X5] [1;36m23:35:29[0m [1;33mx5[0m [1;36m#517[0m SKIP tension=[1;36m0.00005521[0m [0m| momentum_too_small [1;31mconf=0.0001[0m
[ALPHA_X13_BURST13] mode=OFF radar_adj=0 mom= conf=0
[BETA_X5] mode=OFF radar_adj=0 mom= conf=0
[ALPHA_X13_BURST13] [1;36m23:35:34[0m [1;32mx13[0m [1;36m#546[0m SKIP tension=[1;36m0.00007500[0m [0m| momentum_too_small [1;31mconf=0.0001[0m
[BETA_X5] [1;36m23:35:36[0m [1;33mx5[0m [1;36m#518[0m SKIP tension=[1;36m0.00003854[0m [0m| momentum_too_small [1;31mconf=0.0001[0m
[ALPHA_X13_BURST13] mode=OFF radar_adj=0 mom= conf=0
[BETA_X5] mode=OFF radar_adj=0 mom= conf=0
[ALPHA_X13_BURST13] [1;36m23:35:43[0m [1;32mx13[0m [1;36m#547[0m SKIP tension=[1;36m0.03449260[0m [0m| direction_unclear [1;31mconf=0.012[0m
[BETA_X5] [1;36m23:35:44[0m [1;33mx5[0m [1;36m#519[0m SKIP tension=[1;36m0.00003960[0m [0m| momentum_too_small [1;31mconf=0.0001[0m
[ALPHA_X13_BURST13] mode=OFF radar_adj=0 mom= conf=0
[BETA_X5] mode=OFF radar_adj=0 mom= conf=0
[ALPHA_X13_BURST13] [1;36m23:35:51[0m [1;32mx13[0m [1;36m#548[0m SKIP tension=[1;36m0.00004066[0m [0m| momentum_too_small [1;31mconf=0.0001[0m
[BETA_X5] [1;36m23:35:51[0m [1;33mx5[0m [1;36m#520[0m SKIP tension=[1;36m0.00004274[0m [0m| momentum_too_small [1;31mconf=0.0001[0m
[ALPHA_X13_BURST13] mode=OFF radar_adj=0 mom= conf=0
[BETA_X5] mode=OFF radar_adj=0 mom= conf=0
[ALPHA_X13_BURST13] [1;36m23:36:00[0m [1;32mx13[0m [1;36m#549[0m SKIP tension=[1;36m0.00004379[0m [0m| momentum_too_small [1;31mconf=0.0001[0m
[BETA_X5] [1;36m23:36:00[0m [1;33mx5[0m [1;36m#521[0m SKIP tension=[1;36m0.00003545[0m [0m| momentum_too_small [1;31mconf=0.0001[0m
[BETA_X5] mode=OFF radar_adj=0 mom= conf=0
[ALPHA_X13_BURST13] mode=OFF radar_adj=0 mom= conf=0
[BETA_X5] [1;36m23:36:08[0m [1;33mx5[0m [1;36m#522[0m SKIP tension=[1;36m0.00019393[0m [0m| momentum_too_small [1;31mconf=0.0003[0m
[ALPHA_X13_BURST13] [1;36m23:36:09[0m [1;32mx13[0m [1;36m#550[0m SKIP tension=[1;36m0.00004171[0m [0m| momentum_too_small [1;31mconf=0.0001[0m
[BETA_X5] mode=OFF radar_adj=0 mom= conf=0
[ALPHA_X13_BURST13] mode=OFF radar_adj=0 mom= conf=0
[BETA_X5] [1;36m23:36:16[0m [1;33mx5[0m [1;36m#523[0m SKIP tension=[1;36m0.00003437[0m [0m| momentum_too_small [1;31mconf=0.0001[0m
[ALPHA_X13_BURST13] [1;36m23:36:17[0m [1;32mx13[0m [1;36m#551[0m SKIP tension=[1;36m0.00003646[0m [0m| momentum_too_small [1;31mconf=0.0001[0m
[BETA_X5] mode=OFF radar_adj=0 mom= conf=0
[ALPHA_X13_BURST13] mode=OFF radar_adj=0 mom= conf=0
[ALPHA_X13_BURST13] [1;36m23:36:26[0m [1;32mx13[0m [1;36m#552[0m SKIP tension=[1;36m0.00016349[0m [0m| momentum_too_small [1;31mconf=0.0002[0m
[BETA_X5] [1;36m23:36:28[0m [1;33mx5[0m [1;36m#524[0m SKIP tension=[1;36m0.00004479[0m [0m| momentum_too_small [1;31mconf=0.0001[0m
[ALPHA_X13_BURST13] mode=OFF radar_adj=0 mom= conf=0
[BETA_X5] mode=OFF radar_adj=0 mom= conf=0
[ALPHA_X13_BURST13] [1;36m23:36:34[0m [1;32mx13[0m [1;36m#553[0m SKIP tension=[1;36m0.00056480[0m [0m| momentum_too_small [1;31mconf=0.0008[0m
[BETA_X5] [1;36m23:36:36[0m [1;33mx5[0m [1;36m#525[0m SKIP tension=[1;36m0.00004484[0m [0m| momentum_too_small [1;31mconf=0.0001[0m
[ALPHA_X13_BURST13] mode=OFF radar_adj=0 mom= conf=0
[BETA_X5] mode=OFF radar_adj=0 mom= conf=0
[ALPHA_X13_BURST13] [1;36m23:36:42[0m [1;32mx13[0m [1;36m#554[0m SKIP tension=[1;36m0.00010854[0m [0m| momentum_too_small [1;31mconf=0.0002[0m
[BETA_X5] [1;36m23:36:44[0m [1;33mx5[0m [1;36m#526[0m SKIP tension=[1;36m0.00264668[0m [0m| momentum_too_small [1;31mconf=0.004[0m
[ALPHA_X13_BURST13] mode=OFF radar_adj=0 mom= conf=0
[BETA_X5] mode=OFF radar_adj=0 mom= conf=0
[ALPHA_X13_BURST13] [1;36m23:36:51[0m [1;32mx13[0m [1;36m#555[0m SKIP tension=[1;36m0.00004384[0m [0m| momentum_too_small [1;31mconf=0.0001[0m
[BETA_X5] [1;36m23:36:52[0m [1;33mx5[0m [1;36m#527[0m SKIP tension=[1;36m0.00008455[0m [0m| momentum_too_small [1;31mconf=0.0001[0m
[ALPHA_X13_BURST13] mode=OFF radar_adj=0 mom= conf=0
[BETA_X5] mode=OFF radar_adj=0 mom= conf=0
[ALPHA_X13_BURST13] [1;36m23:37:00[0m [1;32mx13[0m [1;36m#556[0m SKIP tension=[1;36m0.00001296[0m [0m| momentum_too_small [1;31mconf=0.0[0m
[BETA_X5] [1;36m23:37:00[0m [1;33mx5[0m [1;36m#528[0m SKIP tension=[1;36m0.00004081[0m [0m| momentum_too_small [1;31mconf=0.0001[0m
[ALPHA_X13_BURST13] mode=OFF radar_adj=0 mom= conf=0
[BETA_X5] mode=OFF radar_adj=0 mom= conf=0
[ALPHA_X13_BURST13] [1;36m23:37:08[0m [1;32mx13[0m [1;36m#557[0m SKIP tension=[1;36m0.00001046[0m [0m| momentum_too_small [1;31mconf=0.0[0m
[BETA_X5] [1;36m23:37:09[0m [1;33mx5[0m [1;36m#529[0m SKIP tension=[1;36m0.00009881[0m [0m| momentum_too_small [1;31mconf=0.0001[0m
[ALPHA_X13_BURST13] mode=OFF radar_adj=0 mom= conf=0
[BETA_X5] mode=OFF radar_adj=0 mom= conf=0
[ALPHA_X13_BURST13] [1;36m23:37:17[0m [1;32mx13[0m [1;36m#558[0m SKIP tension=[1;36m0.00008163[0m [0m| momentum_too_small [1;31mconf=0.0001[0m
[BETA_X5] [1;36m23:37:17[0m [1;33mx5[0m [1;36m#530[0m SKIP tension=[1;36m0.00001151[0m [0m| momentum_too_small [1;31mconf=0.0[0m
[ALPHA_X13_BURST13] mode=OFF radar_adj=0 mom= conf=0
[BETA_X5] mode=OFF radar_adj=0 mom= conf=0
[ALPHA_X13_BURST13] [1;36m23:37:25[0m [1;32mx13[0m [1;36m#559[0m SKIP tension=[1;36m0.00006907[0m [0m| momentum_too_small [1;31mconf=0.0001[0m
[BETA_X5] [1;36m23:37:25[0m [1;33mx5[0m [1;36m#531[0m SKIP tension=[1;36m0.00003454[0m [0m| momentum_too_small [1;31mconf=0.0001[0m
[ALPHA_X13_BURST13] mode=OFF radar_adj=0 mom= conf=0
[BETA_X5] mode=OFF radar_adj=0 mom= conf=0
[BETA_X5] [1;36m23:37:33[0m [1;33mx5[0m [1;36m#532[0m SKIP tension=[1;36m0.00002506[0m [0m| momentum_too_small [1;31mconf=0.0[0m
[BETA_X5] mode=OFF radar_adj=0 mom= conf=0
[ALPHA_X13_BURST13] [1;36m23:37:38[0m [1;32mx13[0m [1;36m#560[0m SKIP tension=[1;36m0.00003550[0m [0m| momentum_too_small [1;31mconf=0.0001[0m
[BETA_X5] [1;36m23:37:41[0m [1;33mx5[0m [1;36m#533[0m SKIP tension=[1;36m0.00000835[0m [0m| momentum_too_small [1;31mconf=0.0[0m
[ALPHA_X13_BURST13] mode=OFF radar_adj=0 mom= conf=0
[BETA_X5] mode=OFF radar_adj=0 mom= conf=0
[ALPHA_X13_BURST13] [1;36m23:37:47[0m [1;32mx13[0m [1;36m#561[0m SKIP tension=[1;36m0.00005533[0m [0m| momentum_too_small [1;31mconf=0.0001[0m
[ALPHA_X13_BURST13] mode=OFF radar_adj=0 mom= conf=0
[BETA_X5] [1;36m23:37:50[0m [1;33mx5[0m [1;36m#534[0m SKIP tension=[1;36m0.00006890[0m [0m| momentum_too_small [1;31mconf=0.0001[0m
[BETA_X5] mode=OFF radar_adj=0 mom= conf=0
[ALPHA_X13_BURST13] [1;36m23:37:55[0m [1;32mx13[0m [1;36m#562[0m SKIP tension=[1;36m0.02698140[0m [0m| direction_unclear [1;31mconf=0.0407[0m
[BETA_X5] [1;36m23:37:58[0m [1;33mx5[0m [1;36m#535[0m SKIP tension=[1;36m0.00001464[0m [0m| momentum_too_small [1;31mconf=0.0[0m
[ALPHA_X13_BURST13] mode=OFF radar_adj=0 mom= conf=0
[BETA_X5] mode=OFF radar_adj=0 mom= conf=0
[ALPHA_X13_BURST13] [1;36m23:38:04[0m [1;32mx13[0m [1;36m#563[0m SKIP tension=[1;36m0.00003974[0m [0m| momentum_too_small [1;31mconf=0.0001[0m
[BETA_X5] [1;36m23:38:06[0m [1;33mx5[0m [1;36m#536[0m SKIP tension=[1;36m0.00006173[0m [0m| momentum_too_small [1;31mconf=0.0001[0m
[ALPHA_X13_BURST13] mode=OFF radar_adj=0 mom= conf=0
[BETA_X5] mode=OFF radar_adj=0 mom= conf=0
[ALPHA_X13_BURST13] [1;36m23:38:13[0m [1;32mx13[0m [1;36m#564[0m SKIP tension=[1;36m0.00020612[0m [0m| momentum_too_small [1;31mconf=0.0003[0m
[ALPHA_X13_BURST13] mode=OFF radar_adj=0 mom= conf=0
[BETA_X5] [1;36m23:38:16[0m [1;33mx5[0m [1;36m#537[0m SKIP tension=[1;36m0.00004394[0m [0m| momentum_too_small [1;31mconf=0.0001[0m
[BETA_X5] mode=OFF radar_adj=0 mom= conf=0
[ALPHA_X13_BURST13] [1;36m23:38:22[0m [1;32mx13[0m [1;36m#565[0m SKIP tension=[1;36m0.00006906[0m [0m| momentum_too_small [1;31mconf=0.0001[0m
[BETA_X5] [1;36m23:38:24[0m [1;33mx5[0m [1;36m#538[0m SKIP tension=[1;36m0.00005232[0m [0m| momentum_too_small [1;31mconf=0.0001[0m
[ALPHA_X13_BURST13] mode=OFF radar_adj=0 mom= conf=0
[BETA_X5] mode=OFF radar_adj=0 mom= conf=0
[ALPHA_X13_BURST13] [1;36m23:38:30[0m [1;32mx13[0m [1;36m#566[0m SKIP tension=[1;36m0.00008057[0m [0m| momentum_too_small [1;31mconf=0.0001[0m
[ALPHA_X13_BURST13] mode=OFF radar_adj=0 mom= conf=0
[BETA_X5] [1;36m23:38:33[0m [1;33mx5[0m [1;36m#539[0m SKIP tension=[1;36m0.00807239[0m [0m| momentum_too_small [1;31mconf=0.0121[0m
[BETA_X5] mode=OFF radar_adj=0 mom= conf=0
[ALPHA_X13_BURST13] [1;36m23:38:39[0m [1;32mx13[0m [1;36m#567[0m SKIP tension=[1;36m0.00005234[0m [0m| momentum_too_small [1;31mconf=0.0001[0m
[BETA_X5] [1;36m23:38:41[0m [1;33mx5[0m [1;36m#540[0m SKIP tension=[1;36m0.74954230[0m [0m| wall_not_collapsed
[BETA_X5] mode=OFF radar_adj=0 mom= conf=0
[ALPHA_X13_BURST13] mode=OFF radar_adj=0 mom= conf=0
[BETA_X5] [1;36m23:38:49[0m [1;33mx5[0m [1;36m#541[0m SKIP tension=[1;36m0.00001709[0m [0m| momentum_too_small [1;31mconf=0.0[0m
[BETA_X5] mode=OFF radar_adj=0 mom= conf=0
[ALPHA_X13_BURST13] [1;36m23:38:52[0m [1;32mx13[0m [1;36m#568[0m SKIP tension=[1;36m0.00008271[0m [0m| momentum_too_small [1;31mconf=0.0001[0m
[ALPHA_X13_BURST13] mode=OFF radar_adj=0 mom= conf=0
[BETA_X5] [1;36m23:38:57[0m [1;33mx5[0m [1;36m#542[0m SKIP tension=[1;36m0.00002932[0m [0m| momentum_too_small [1;31mconf=0.0[0m
[BETA_X5] mode=OFF radar_adj=0 mom= conf=0
[ALPHA_X13_BURST13] [1;36m23:39:02[0m [1;32mx13[0m [1;36m#569[0m SKIP tension=[1;36m0.00000000[0m [0m| momentum_too_small [1;31mconf=0.3157[0m
[ALPHA_X13_BURST13] mode=OFF radar_adj=0 mom= conf=0
[BETA_X5] [1;36m23:39:06[0m [1;33mx5[0m [1;36m#543[0m SKIP tension=[1;36m0.00002564[0m [0m| momentum_too_small [1;31mconf=0.0[0m
[BETA_X5] mode=OFF radar_adj=0 mom= conf=0
[ALPHA_X13_BURST13] [1;36m23:39:10[0m [1;32mx13[0m [1;36m#570[0m SKIP tension=[1;36m0.00001680[0m [0m| momentum_too_small [1;31mconf=0.0[0m
[ALPHA_X13_BURST13] mode=OFF radar_adj=0 mom= conf=0
[BETA_X5] [1;36m23:39:14[0m [1;33mx5[0m [1;36m#544[0m SKIP tension=[1;36m0.00011236[0m [0m| momentum_too_small [1;31mconf=0.0002[0m
[BETA_X5] mode=OFF radar_adj=0 mom= conf=0
[ALPHA_X13_BURST13] [1;36m23:39:18[0m [1;32mx13[0m [1;36m#571[0m SKIP tension=[1;36m0.00004411[0m [0m| momentum_too_small [1;31mconf=0.0001[0m
[ALPHA_X13_BURST13] mode=OFF radar_adj=0 mom= conf=0
[BETA_X5] [1;36m23:39:22[0m [1;33mx5[0m [1;36m#545[0m SKIP tension=[1;36m0.00000000[0m [0m| momentum_too_small [1;31mconf=0.3157[0m
[BETA_X5] mode=OFF radar_adj=0 mom= conf=0
[ALPHA_X13_BURST13] [1;36m23:39:26[0m [1;32mx13[0m [1;36m#572[0m SKIP tension=[1;36m0.00006830[0m [0m| momentum_too_small [1;31mconf=0.0001[0m
[ALPHA_X13_BURST13] mode=OFF radar_adj=0 mom= conf=0
[BETA_X5] [1;36m23:39:30[0m [1;33mx5[0m [1;36m#546[0m SKIP tension=[1;36m0.00008722[0m [0m| momentum_too_small [1;31mconf=0.0001[0m
[BETA_X5] mode=OFF radar_adj=0 mom= conf=0
[ALPHA_X13_BURST13] [1;36m23:39:35[0m [1;32mx13[0m [1;36m#573[0m SKIP tension=[1;36m0.00010237[0m [0m| momentum_too_small [1;31mconf=0.0002[0m
[ALPHA_X13_BURST13] mode=OFF radar_adj=0 mom= conf=0
[BETA_X5] [1;36m23:39:38[0m [1;33mx5[0m [1;36m#547[0m SKIP tension=[1;36m0.00116220[0m [0m| momentum_too_small [1;31mconf=0.0017[0m
[BETA_X5] mode=OFF radar_adj=0 mom= conf=0
[ALPHA_X13_BURST13] [1;36m23:39:43[0m [1;32mx13[0m [1;36m#574[0m SKIP tension=[1;36m0.00017520[0m [0m| momentum_too_small [1;31mconf=0.0003[0m
[ALPHA_X13_BURST13] mode=OFF radar_adj=0 mom= conf=0
[BETA_X5] [1;36m23:39:46[0m [1;33mx5[0m [1;36m#548[0m SKIP tension=[1;36m0.00005805[0m [0m| momentum_too_small [1;31mconf=0.0001[0m
[BETA_X5] mode=OFF radar_adj=0 mom= conf=0
[ALPHA_X13_BURST13] [1;36m23:39:51[0m [1;32mx13[0m [1;36m#575[0m SKIP tension=[1;36m0.00000950[0m [0m| momentum_too_small [1;31mconf=0.0[0m
[BETA_X5] [1;36m23:39:54[0m [1;33mx5[0m [1;36m#549[0m SKIP tension=[1;36m0.00005488[0m [0m| momentum_too_small [1;31mconf=0.0001[0m
[ALPHA_X13_BURST13] mode=OFF radar_adj=0 mom= conf=0
[BETA_X5] mode=OFF radar_adj=0 mom= conf=0
[ALPHA_X13_BURST13] [1;36m23:40:00[0m [1;32mx13[0m [1;36m#576[0m SKIP tension=[1;36m0.00000000[0m [0m| momentum_too_small [1;31mconf=0.3157[0m
[BETA_X5] [1;36m23:40:02[0m [1;33mx5[0m [1;36m#550[0m SKIP tension=[1;36m0.00006755[0m [0m| momentum_too_small [1;31mconf=0.0001[0m
[ALPHA_X13_BURST13] mode=OFF radar_adj=0 mom= conf=0
[BETA_X5] mode=OFF radar_adj=0 mom= conf=0
[ALPHA_X13_BURST13] [1;36m23:40:08[0m [1;32mx13[0m [1;36m#577[0m SKIP tension=[1;36m0.00001267[0m [0m| momentum_too_small [1;31mconf=0.0[0m
[BETA_X5] [1;36m23:40:09[0m [1;33mx5[0m [1;36m#551[0m SKIP tension=[1;36m0.00002428[0m [0m| momentum_too_small [1;31mconf=0.0[0m
[ALPHA_X13_BURST13] mode=OFF radar_adj=0 mom= conf=0
[BETA_X5] mode=OFF radar_adj=0 mom= conf=0
[BETA_X5] [1;36m23:40:17[0m [1;33mx5[0m [1;36m#552[0m SKIP tension=[1;36m0.00001710[0m [0m| momentum_too_small [1;31mconf=0.0[0m
[ALPHA_X13_BURST13] [1;36m23:40:17[0m [1;32mx13[0m [1;36m#578[0m SKIP tension=[1;36m0.00001710[0m [0m| momentum_too_small [1;31mconf=0.0[0m
[BETA_X5] mode=OFF radar_adj=0 mom= conf=0
[ALPHA_X13_BURST13] mode=OFF radar_adj=0 mom= conf=0
[BETA_X5] [1;36m23:40:25[0m [1;33mx5[0m [1;36m#553[0m SKIP tension=[1;36m0.00002111[0m [0m| momentum_too_small [1;31mconf=0.0[0m
[ALPHA_X13_BURST13] [1;36m23:40:26[0m [1;32mx13[0m [1;36m#579[0m SKIP tension=[1;36m0.01590410[0m [0m| direction_unclear [1;31mconf=0.0239[0m
[BETA_X5] mode=OFF radar_adj=0 mom= conf=0
[ALPHA_X13_BURST13] mode=OFF radar_adj=0 mom= conf=0
[BETA_X5] [1;36m23:40:33[0m [1;33mx5[0m [1;36m#554[0m SKIP tension=[1;36m0.00019740[0m [0m| momentum_too_small [1;31mconf=0.0003[0m
[ALPHA_X13_BURST13] [1;36m23:40:34[0m [1;32mx13[0m [1;36m#580[0m SKIP tension=[1;36m0.00003906[0m [0m| momentum_too_small [1;31mconf=0.0001[0m
[BETA_X5] mode=OFF radar_adj=0 mom= conf=0
[ALPHA_X13_BURST13] mode=OFF radar_adj=0 mom= conf=0
[BETA_X5] [1;36m23:40:40[0m [1;33mx5[0m [1;36m#555[0m SKIP tension=[1;36m0.00012034[0m [0m| momentum_too_small [1;31mconf=0.0002[0m
[BETA_X5] mode=OFF radar_adj=0 mom= conf=0
[ALPHA_X13_BURST13] [1;36m23:40:44[0m [1;32mx13[0m [1;36m#581[0m SKIP tension=[1;36m0.00000000[0m [0m| momentum_too_small [1;31mconf=0.3157[0m
[ALPHA_X13_BURST13] mode=OFF radar_adj=0 mom= conf=0
[BETA_X5] [1;36m23:40:49[0m [1;33mx5[0m [1;36m#556[0m SKIP tension=[1;36m0.00001882[0m [0m| momentum_too_small [1;31mconf=0.0[0m
[BETA_X5] mode=OFF radar_adj=0 mom= conf=0
[ALPHA_X13_BURST13] [1;36m23:40:52[0m [1;32mx13[0m [1;36m#582[0m SKIP tension=[1;36m0.00002534[0m [0m| momentum_too_small [1;31mconf=0.0[0m
[ALPHA_X13_BURST13] mode=OFF radar_adj=0 mom= conf=0
[BETA_X5] [1;36m23:40:57[0m [1;33mx5[0m [1;36m#557[0m SKIP tension=[1;36m0.00002567[0m [0m| momentum_too_small [1;31mconf=0.0[0m
[BETA_X5] mode=OFF radar_adj=0 mom= conf=0
[ALPHA_X13_BURST13] [1;36m23:41:01[0m [1;32mx13[0m [1;36m#583[0m SKIP tension=[1;36m0.79547693[0m [0m| wall_not_collapsed
[ALPHA_X13_BURST13] mode=OFF radar_adj=0 mom= conf=0
[BETA_X5] [1;36m23:41:05[0m [1;33mx5[0m [1;36m#558[0m SKIP tension=[1;36m0.00006862[0m [0m| momentum_too_small [1;31mconf=0.0001[0m
[BETA_X5] mode=OFF radar_adj=0 mom= conf=0
[ALPHA_X13_BURST13] [1;36m23:41:10[0m [1;32mx13[0m [1;36m#584[0m SKIP tension=[1;36m0.00019425[0m [0m| momentum_too_small [1;31mconf=0.0003[0m
[BETA_X5] [1;36m23:41:12[0m [1;33mx5[0m [1;36m#559[0m SKIP tension=[1;36m0.00000000[0m [0m| momentum_too_small [1;31mconf=0.3271[0m
[ALPHA_X13_BURST13] mode=OFF radar_adj=0 mom= conf=0
[BETA_X5] mode=OFF radar_adj=0 mom= conf=0
[ALPHA_X13_BURST13] [1;36m23:41:18[0m [1;32mx13[0m [1;36m#585[0m SKIP tension=[1;36m0.03853818[0m [0m| direction_unclear [1;31mconf=0.0584[0m
[BETA_X5] [1;36m23:41:20[0m [1;33mx5[0m [1;36m#560[0m SKIP tension=[1;36m0.00001527[0m [0m| momentum_too_small [1;31mconf=0.0[0m
[ALPHA_X13_BURST13] mode=OFF radar_adj=0 mom= conf=0
[BETA_X5] mode=OFF radar_adj=0 mom= conf=0
[ALPHA_X13_BURST13] [1;36m23:41:27[0m [1;32mx13[0m [1;36m#586[0m SKIP tension=[1;36m0.03869181[0m [0m| direction_unclear [1;31mconf=0.0121[0m
[BETA_X5] [1;36m23:41:28[0m [1;33mx5[0m [1;36m#561[0m SKIP tension=[1;36m0.00005610[0m [0m| momentum_too_small [1;31mconf=0.0001[0m
[BETA_X5] mode=OFF radar_adj=0 mom= conf=0
[ALPHA_X13_BURST13] mode=OFF radar_adj=0 mom= conf=0
[BETA_X5] [1;36m23:41:36[0m [1;33mx5[0m [1;36m#562[0m SKIP tension=[1;36m0.00000000[0m [0m| momentum_too_small [1;31mconf=0.3157[0m
[BETA_X5] mode=OFF radar_adj=0 mom= conf=0
[ALPHA_X13_BURST13] [1;36m23:41:40[0m [1;32mx13[0m [1;36m#587[0m SKIP tension=[1;36m0.00008483[0m [0m| momentum_too_small [1;31mconf=0.0001[0m
[ALPHA_X13_BURST13] mode=OFF radar_adj=0 mom= conf=0
[BETA_X5] [1;36m23:41:44[0m [1;33mx5[0m [1;36m#563[0m SKIP tension=[1;36m0.00001058[0m [0m| momentum_too_small [1;31mconf=0.0[0m
[BETA_X5] mode=OFF radar_adj=0 mom= conf=0
[ALPHA_X13_BURST13] [1;36m23:41:48[0m [1;32mx13[0m [1;36m#588[0m SKIP tension=[1;36m0.00001444[0m [0m| momentum_too_small [1;31mconf=0.0[0m
[ALPHA_X13_BURST13] mode=OFF radar_adj=0 mom= conf=0
[BETA_X5] [1;36m23:41:52[0m [1;33mx5[0m [1;36m#564[0m SKIP tension=[1;33m0.87954948[0m [0m| wall_not_collapsed
[BETA_X5] mode=OFF radar_adj=0 mom= conf=0
[ALPHA_X13_BURST13] [1;36m23:41:56[0m [1;32mx13[0m [1;36m#589[0m SKIP tension=[1;36m0.00070921[0m [0m| momentum_too_small [1;31mconf=0.0011[0m
[BETA_X5] [1;36m23:41:59[0m [1;33mx5[0m [1;36m#565[0m SKIP tension=[1;36m0.00003847[0m [0m| momentum_too_small [1;31mconf=0.0001[0m
[ALPHA_X13_BURST13] mode=OFF radar_adj=0 mom= conf=0
[BETA_X5] mode=OFF radar_adj=0 mom= conf=0
[ALPHA_X13_BURST13] [1;36m23:42:06[0m [1;32mx13[0m [1;36m#590[0m SKIP tension=[1;36m0.00007695[0m [0m| momentum_too_small [1;31mconf=0.0001[0m
[BETA_X5] [1;36m23:42:07[0m [1;33mx5[0m [1;36m#566[0m SKIP tension=[1;36m0.00123930[0m [0m| momentum_too_small [1;31mconf=0.0019[0m
[ALPHA_X13_BURST13] mode=OFF radar_adj=0 mom= conf=0
[BETA_X5] mode=OFF radar_adj=0 mom= conf=0
[ALPHA_X13_BURST13] [1;36m23:42:14[0m [1;32mx13[0m [1;36m#591[0m SKIP tension=[1;36m0.03866756[0m [0m| direction_unclear [1;31mconf=0.0581[0m
[BETA_X5] [1;36m23:42:14[0m [1;33mx5[0m [1;36m#567[0m SKIP tension=[1;36m0.03866756[0m [0m| direction_unclear [1;31mconf=0.0581[0m
[ALPHA_X13_BURST13] mode=OFF radar_adj=0 mom= conf=0
[BETA_X5] mode=OFF radar_adj=0 mom= conf=0
[ALPHA_X13_BURST13] [1;36m23:42:22[0m [1;32mx13[0m [1;36m#592[0m SKIP tension=[1;36m0.00001059[0m [0m| momentum_too_small [1;31mconf=0.0[0m
[BETA_X5] [1;36m23:42:24[0m [1;33mx5[0m [1;36m#568[0m SKIP tension=[1;36m0.00000000[0m [0m| momentum_too_small [1;31mconf=0.3157[0m
[ALPHA_X13_BURST13] mode=OFF radar_adj=0 mom= conf=0
[BETA_X5] mode=OFF radar_adj=0 mom= conf=0
[ALPHA_X13_BURST13] [1;36m23:42:31[0m [1;32mx13[0m [1;36m#593[0m SKIP tension=[1;36m0.00845439[0m [0m| direction_unclear [1;31mconf=0.0127[0m
[BETA_X5] [1;36m23:42:33[0m [1;33mx5[0m [1;36m#569[0m SKIP tension=[1;36m0.00005273[0m [0m| momentum_too_small [1;31mconf=0.0001[0m
[ALPHA_X13_BURST13] mode=OFF radar_adj=0 mom= conf=0
[BETA_X5] mode=OFF radar_adj=0 mom= conf=0
[ALPHA_X13_BURST13] [1;36m23:42:40[0m [1;32mx13[0m [1;36m#594[0m SKIP tension=[1;36m0.00010158[0m [0m| momentum_too_small [1;31mconf=0.0002[0m
[BETA_X5] [1;36m23:42:41[0m [1;33mx5[0m [1;36m#570[0m SKIP tension=[1;36m0.00007517[0m [0m| momentum_too_small [1;31mconf=0.0001[0m
[BETA_X5] mode=OFF radar_adj=0 mom= conf=0
[ALPHA_X13_BURST13] mode=OFF radar_adj=0 mom= conf=0
[BETA_X5] [1;36m23:42:50[0m [1;33mx5[0m [1;36m#571[0m SKIP tension=[1;36m0.00009751[0m [0m| momentum_too_small [1;31mconf=0.0002[0m
[ALPHA_X13_BURST13] [1;36m23:42:50[0m [1;32mx13[0m [1;36m#595[0m SKIP tension=[1;36m0.00009751[0m [0m| momentum_too_small [1;31mconf=0.0002[0m
[BETA_X5] mode=OFF radar_adj=0 mom= conf=0
[ALPHA_X13_BURST13] mode=OFF radar_adj=0 mom= conf=0
[BETA_X5] [1;36m23:42:57[0m [1;33mx5[0m [1;36m#572[0m SKIP tension=[1;36m0.00000000[0m [0m| momentum_too_small [1;31mconf=0.3446[0m
[ALPHA_X13_BURST13] [1;36m23:42:59[0m [1;32mx13[0m [1;36m#596[0m SKIP tension=[1;36m0.01617211[0m [0m| direction_unclear [1;31mconf=0.0131[0m
[BETA_X5] mode=OFF radar_adj=0 mom= conf=0
[ALPHA_X13_BURST13] mode=OFF radar_adj=0 mom= conf=0
[BETA_X5] [1;36m23:43:06[0m [1;33mx5[0m [1;36m#573[0m SKIP tension=[1;36m0.00006510[0m [0m| momentum_too_small [1;31mconf=0.0001[0m
[ALPHA_X13_BURST13] [1;36m23:43:08[0m [1;32mx13[0m [1;36m#597[0m SKIP tension=[1;36m0.00005289[0m [0m| momentum_too_small [1;31mconf=0.0001[0m
[BETA_X5] mode=OFF radar_adj=0 mom= conf=0
[ALPHA_X13_BURST13] mode=OFF radar_adj=0 mom= conf=0
[BETA_X5] [1;36m23:43:14[0m [1;33mx5[0m [1;36m#574[0m SKIP tension=[1;36m0.00006730[0m [0m| momentum_too_small [1;31mconf=0.0001[0m
[BETA_X5] mode=OFF radar_adj=0 mom= conf=0
[ALPHA_X13_BURST13] [1;36m23:43:21[0m [1;32mx13[0m [1;36m#598[0m SKIP tension=[1;36m0.35157786[0m [0m| wall_not_collapsed
[BETA_X5] [1;36m23:43:21[0m [1;33mx5[0m [1;36m#575[0m SKIP tension=[1;36m0.00007097[0m [0m| momentum_too_small [1;31mconf=0.0001[0m
[BETA_X5] mode=OFF radar_adj=0 mom= conf=0
[ALPHA_X13_BURST13] mode=OFF radar_adj=0 mom= conf=0
[BETA_X5] [1;36m23:43:30[0m [1;33mx5[0m [1;36m#576[0m SKIP tension=[1;33m0.92988392[0m [0m| wall_not_collapsed
[ALPHA_X13_BURST13] [1;36m23:43:30[0m [1;32mx13[0m [1;36m#599[0m SKIP tension=[1;33m0.92988392[0m [0m| wall_not_collapsed
[BETA_X5] mode=OFF radar_adj=0 mom= conf=0
[ALPHA_X13_BURST13] mode=OFF radar_adj=0 mom= conf=0
[BETA_X5] [1;36m23:43:38[0m [1;33mx5[0m [1;36m#577[0m SKIP tension=[1;36m0.00092408[0m [0m| momentum_too_small [1;31mconf=0.0014[0m
[ALPHA_X13_BURST13] [1;36m23:43:38[0m [1;32mx13[0m [1;36m#600[0m SKIP tension=[1;36m0.00000496[0m [0m| momentum_too_small [1;31mconf=0.0[0m
[BETA_X5] mode=OFF radar_adj=0 mom= conf=0
[ALPHA_X13_BURST13] mode=OFF radar_adj=0 mom= conf=0
[BETA_X5] [1;36m23:43:45[0m [1;33mx5[0m [1;36m#578[0m SKIP tension=[1;36m0.00084754[0m [0m| momentum_too_small [1;31mconf=0.0011[0m
[ALPHA_X13_BURST13] [1;36m23:43:46[0m [1;32mx13[0m [1;36m#601[0m SKIP tension=[1;36m0.67247937[0m [0m| wall_not_collapsed
[BETA_X5] mode=OFF radar_adj=0 mom= conf=0
[ALPHA_X13_BURST13] mode=OFF radar_adj=0 mom= conf=0
[BETA_X5] [1;36m23:43:53[0m [1;33mx5[0m [1;36m#579[0m SKIP tension=[1;36m0.00000198[0m [0m| momentum_too_small [1;31mconf=0.0[0m
[ALPHA_X13_BURST13] [1;36m23:43:54[0m [1;32mx13[0m [1;36m#602[0m SKIP tension=[1;36m0.00000000[0m [0m| momentum_too_small [1;31mconf=0.2145[0m
[BETA_X5] mode=OFF radar_adj=0 mom= conf=0
[ALPHA_X13_BURST13] mode=OFF radar_adj=0 mom= conf=0
[BETA_X5] [1;36m23:44:01[0m [1;33mx5[0m [1;36m#580[0m SKIP tension=[1;36m0.00000688[0m [0m| momentum_too_small [1;31mconf=0.0[0m
[ALPHA_X13_BURST13] [1;36m23:44:02[0m [1;32mx13[0m [1;36m#603[0m SKIP tension=[1;32m1.03546416[0m [0m| tactic long vs short
[BETA_X5] mode=OFF radar_adj=0 mom= conf=0
[ALPHA_X13_BURST13] mode=OFF radar_adj=0 mom= conf=0
[BETA_X5] [1;36m23:44:09[0m [1;33mx5[0m [1;36m#581[0m SKIP tension=[1;36m0.00000764[0m [0m| momentum_too_small [1;31mconf=0.0[0m
[ALPHA_X13_BURST13] [1;36m23:44:10[0m [1;32mx13[0m [1;36m#604[0m SKIP tension=[1;36m0.00000000[0m [0m| momentum_too_small [1;31mconf=0.1916[0m
[BETA_X5] mode=OFF radar_adj=0 mom= conf=0
[ALPHA_X13_BURST13] mode=OFF radar_adj=0 mom= conf=0
[ALPHA_X13_BURST13] [1;36m23:44:19[0m [1;32mx13[0m [1;36m#605[0m SKIP tension=[1;36m0.00001289[0m [0m| momentum_too_small [1;31mconf=0.0[0m
[ALPHA_X13_BURST13] mode=OFF radar_adj=0 mom= conf=0
[ALPHA_X13_BURST13] [1;36m23:44:28[0m [1;32mx13[0m [1;36m#606[0m SKIP tension=[1;32m1.37473907[0m [0m| duo no_trigger
[BETA_X5] [1;36mentry=23:44:21@64863.20000000[0m [1;33mx5[0m [1;36m#582[0m [1;32mSELL[0m tension=[1;31m4.75605644[0m hold=[1;36m6[0ms sec=[1;36m6[0m [0m| exit=64862.40000000 [1;33mconf=0.5398[0m [1;36mexit_time=23:44:28[0m [1;32mpnl=0.01232000 bps=0.12333650 pct=0.00123336% total=0.96208[0m
[ALPHA_X13_BURST13] mode=OFF radar_adj=0 mom= conf=0
[BETA_X5] mode=OFF radar_adj=0 mom= conf=0
[ALPHA_X13_BURST13] [1;36m23:44:36[0m [1;32mx13[0m [1;36m#607[0m SKIP tension=[1;36m0.00019494[0m [0m| momentum_too_small [1;31mconf=0.0002[0m
[ALPHA_X13_BURST13] mode=OFF radar_adj=0 mom= conf=0
[ALPHA_X13_BURST13] [1;36m23:44:45[0m [1;32mx13[0m [1;36m#608[0m SKIP tension=[1;36m0.00001237[0m [0m| momentum_too_small [1;31mconf=0.0[0m
[ALPHA_X13_BURST13] mode=OFF radar_adj=0 mom= conf=0
[BETA_X5] [1;36mCycle 583[0m [1;32mSOFT anomaly[0m [1;33m| pnl_abs=0.07719000 > 0.02500000[0m
[BETA_X5] [1;36mentry=23:44:42@64821.10000000[0m [1;33mx5[0m [1;36m#583[0m [1;32mSELL[0m tension=[1;32m1.37758668[0m hold=[1;36m9[0ms sec=[1;36m9[0m [0m| exit=64818.00000000 [1;33mconf=0.6425[0m [1;36mexit_time=23:44:51[0m [1;32mpnl=0.07719000 bps=0.47823934 pct=0.00478239% total=1.0392700000000001[0m
[ALPHA_X13_BURST13] [1;36m23:44:54[0m [1;32mx13[0m [1;36m#609[0m SKIP tension=[1;36m0.00091087[0m [0m| spread_too_wide [1;31mconf=0.0008[0m
[BETA_X5] mode=OFF radar_adj=0 mom= conf=0
[ALPHA_X13_BURST13] mode=OFF radar_adj=0 mom= conf=0
[BETA_X5] [1;36m23:45:01[0m [1;33mx5[0m [1;36m#584[0m SKIP tension=[1;36m0.00000000[0m [0m| momentum_too_small [1;31mconf=0.3493[0m
[ALPHA_X13_BURST13] [1;36m23:45:02[0m [1;32mx13[0m [1;36m#610[0m SKIP tension=[1;36m0.00014328[0m [0m| momentum_too_small [1;31mconf=0.0002[0m
[BETA_X5] mode=OFF radar_adj=0 mom= conf=0
[ALPHA_X13_BURST13] mode=OFF radar_adj=0 mom= conf=0
[BETA_X5] [1;36m23:45:08[0m [1;33mx5[0m [1;36m#585[0m SKIP tension=[1;36m0.00082721[0m [0m| momentum_too_small [1;31mconf=0.0014[0m
[ALPHA_X13_BURST13] [1;36m23:45:10[0m [1;32mx13[0m [1;36m#611[0m SKIP tension=[1;36m0.00089175[0m [0m| momentum_too_small [1;31mconf=0.0015[0m
[BETA_X5] mode=OFF radar_adj=0 mom= conf=0
[ALPHA_X13_BURST13] mode=OFF radar_adj=0 mom= conf=0
[ALPHA_X13_BURST13] [1;36m23:45:20[0m [1;32mx13[0m [1;36m#612[0m SKIP tension=[1;36m0.13832665[0m [0m| direction_unclear [1;31mconf=0.2301[0m
[BETA_X5] [1;36m23:45:21[0m [1;33mx5[0m [1;36m#586[0m SKIP tension=[1;36m0.00228930[0m [0m| momentum_too_small [1;31mconf=0.0038[0m
[ALPHA_X13_BURST13] mode=OFF radar_adj=0 mom= conf=0
[BETA_X5] mode=OFF radar_adj=0 mom= conf=0
[ALPHA_X13_BURST13] [1;36m23:45:28[0m [1;32mx13[0m [1;36m#613[0m SKIP tension=[1;36m0.00004342[0m [0m| momentum_too_small [1;31mconf=0.0001[0m
[BETA_X5] [1;36m23:45:30[0m [1;33mx5[0m [1;36m#587[0m SKIP tension=[1;36m0.00000000[0m [0m| momentum_too_small [1;31mconf=0.3493[0m
[ALPHA_X13_BURST13] mode=OFF radar_adj=0 mom= conf=0
[BETA_X5] mode=OFF radar_adj=0 mom= conf=0
[ALPHA_X13_BURST13] [1;36m23:45:37[0m [1;32mx13[0m [1;36m#614[0m SKIP tension=[1;36m0.00012264[0m [0m| momentum_too_small [1;31mconf=0.0002[0m
[BETA_X5] [1;36m23:45:39[0m [1;33mx5[0m [1;36m#588[0m SKIP tension=[1;36m0.00005601[0m [0m| momentum_too_small [1;31mconf=0.0001[0m
[ALPHA_X13_BURST13] mode=OFF radar_adj=0 mom= conf=0
[BETA_X5] mode=OFF radar_adj=0 mom= conf=0
[ALPHA_X13_BURST13] [1;36m23:45:45[0m [1;32mx13[0m [1;36m#615[0m SKIP tension=[1;36m0.00002643[0m [0m| momentum_too_small [1;31mconf=0.0[0m
[BETA_X5] [1;36m23:45:47[0m [1;33mx5[0m [1;36m#589[0m SKIP tension=[1;36m0.00000000[0m [0m| momentum_too_small [1;31mconf=0.3233[0m
[ALPHA_X13_BURST13] mode=OFF radar_adj=0 mom= conf=0
[BETA_X5] mode=OFF radar_adj=0 mom= conf=0
[ALPHA_X13_BURST13] [1;36m23:45:54[0m [1;32mx13[0m [1;36m#616[0m SKIP tension=[1;32m1.07174010[0m [0m| duo no_trigger
[BETA_X5] [1;36m23:45:55[0m [1;33mx5[0m [1;36m#590[0m SKIP tension=[1;32m1.53439852[0m [0m| tactic long vs short
[ALPHA_X13_BURST13] mode=OFF radar_adj=0 mom= conf=0
[BETA_X5] mode=OFF radar_adj=0 mom= conf=0
[ALPHA_X13_BURST13] [1;36m23:46:03[0m [1;32mx13[0m [1;36m#617[0m SKIP tension=[1;36m0.00016560[0m [0m| momentum_too_small [1;31mconf=0.0002[0m
[BETA_X5] [1;36m23:46:03[0m [1;33mx5[0m [1;36m#591[0m SKIP tension=[1;36m0.00024681[0m [0m| momentum_too_small [1;31mconf=0.0003[0m
[BETA_X5] mode=OFF radar_adj=0 mom= conf=0
[ALPHA_X13_BURST13] mode=OFF radar_adj=0 mom= conf=0
[ALPHA_X13_BURST13] [1;36m23:46:12[0m [1;32mx13[0m [1;36m#618[0m SKIP tension=[1;31m2.56386322[0m [0m| duo no_trigger
[ALPHA_X13_BURST13] mode=OFF radar_adj=0 mom= conf=0
[ALPHA_X13_BURST13] [1;36m23:46:21[0m [1;32mx13[0m [1;36m#619[0m SKIP tension=[1;36m0.22385463[0m [0m| wall_not_collapsed
[ALPHA_X13_BURST13] mode=OFF radar_adj=0 mom= conf=0
[BETA_X5] [1;36mentry=23:46:16@64792.10000000[0m [1;33mx5[0m [1;36m#592[0m [1;33mSELL[0m tension=[1;31m2.56386322[0m hold=[1;36m6[0ms sec=[1;36m6[0m [0m| exit=64792.10000000 [1;32mconf=0.9392[0m [1;36mexit_time=23:46:22[0m [1;33mpnl=-0.00000000 bps=-0.00000000 pct=-0.00000000% total=1.0392700000000001[0m
[BETA_X5] mode=OFF radar_adj=0 mom= conf=0
[ALPHA_X13_BURST13] [1;36m23:46:30[0m [1;32mx13[0m [1;36m#620[0m SKIP tension=[1;36m0.57320717[0m [0m| wall_not_collapsed
[BETA_X5] [1;36m23:46:32[0m [1;33mx5[0m [1;36m#593[0m SKIP tension=[1;36m0.11879428[0m [0m| direction_unclear [1;31mconf=0.1508[0m
[ALPHA_X13_BURST13] mode=OFF radar_adj=0 mom= conf=0
[BETA_X5] mode=OFF radar_adj=0 mom= conf=0
[ALPHA_X13_BURST13] [1;36m23:46:38[0m [1;32mx13[0m [1;36m#621[0m SKIP tension=[1;36m0.00003533[0m [0m| momentum_too_small [1;31mconf=0.0[0m
[BETA_X5] [1;36m23:46:40[0m [1;33mx5[0m [1;36m#594[0m SKIP tension=[1;36m0.00000448[0m [0m| momentum_too_small [1;31mconf=0.0[0m
[ALPHA_X13_BURST13] mode=OFF radar_adj=0 mom= conf=0
[BETA_X5] mode=OFF radar_adj=0 mom= conf=0
[BETA_X5] [1;36m23:46:47[0m [1;33mx5[0m [1;36m#595[0m SKIP tension=[1;32m1.58716001[0m [0m| tactic long vs short
[BETA_X5] mode=OFF radar_adj=0 mom= conf=0
[ALPHA_X13_BURST13] [1;36m23:46:52[0m [1;32mx13[0m [1;36m#622[0m SKIP tension=[1;31m4.41959211[0m [0m| tactic long vs short
[ALPHA_X13_BURST13] mode=OFF radar_adj=0 mom= conf=0
[BETA_X5] [1;36m23:46:55[0m [1;33mx5[0m [1;36m#596[0m SKIP tension=[1;36m0.00000134[0m [0m| momentum_too_small [1;31mconf=0.0[0m
[BETA_X5] mode=OFF radar_adj=0 mom= conf=0
[ALPHA_X13_BURST13] [1;36m23:47:00[0m [1;32mx13[0m [1;36m#623[0m SKIP tension=[1;36m0.00001309[0m [0m| momentum_too_small [1;31mconf=0.0[0m
[ALPHA_X13_BURST13] mode=OFF radar_adj=0 mom= conf=0
[BETA_X5] [1;36m23:47:04[0m [1;33mx5[0m [1;36m#597[0m SKIP tension=[1;36m0.00002381[0m [0m| momentum_too_small [1;31mconf=0.0[0m
[BETA_X5] mode=OFF radar_adj=0 mom= conf=0
[ALPHA_X13_BURST13] [1;36m23:47:09[0m [1;32mx13[0m [1;36m#624[0m SKIP tension=[1;36m0.00002221[0m [0m| momentum_too_small [1;31mconf=0.0[0m
[BETA_X5] [1;36m23:47:12[0m [1;33mx5[0m [1;36m#598[0m SKIP tension=[1;36m0.00000000[0m [0m| momentum_too_small [1;31mconf=0.3311[0m
[ALPHA_X13_BURST13] mode=OFF radar_adj=0 mom= conf=0
[BETA_X5] mode=OFF radar_adj=0 mom= conf=0
[ALPHA_X13_BURST13] [1;36m23:47:18[0m [1;32mx13[0m [1;36m#625[0m SKIP tension=[1;36m0.54864019[0m [0m| wall_not_collapsed
[BETA_X5] [1;36m23:47:20[0m [1;33mx5[0m [1;36m#599[0m SKIP tension=[1;36m0.00003055[0m [0m| momentum_too_small [1;31mconf=0.0[0m
[ALPHA_X13_BURST13] mode=OFF radar_adj=0 mom= conf=0
[BETA_X5] mode=OFF radar_adj=0 mom= conf=0
[ALPHA_X13_BURST13] [1;36m23:47:28[0m [1;32mx13[0m [1;36m#626[0m SKIP tension=[1;32m1.24197715[0m [0m| duo no_trigger
[BETA_X5] [1;36m23:47:28[0m [1;33mx5[0m [1;36m#600[0m SKIP tension=[1;36m0.00005041[0m [0m| momentum_too_small [1;31mconf=0.0001[0m
[BETA_X5] mode=OFF radar_adj=0 mom= conf=0
[ALPHA_X13_BURST13] mode=OFF radar_adj=0 mom= conf=0
[BETA_X5] [1;36m23:47:36[0m [1;33mx5[0m [1;36m#601[0m SKIP tension=[1;36m0.00000000[0m [0m| momentum_too_small [1;31mconf=0.2923[0m
[ALPHA_X13_BURST13] [1;36m23:47:36[0m [1;32mx13[0m [1;36m#627[0m SKIP tension=[1;36m0.00406943[0m [0m| momentum_too_small [1;31mconf=0.0057[0m
[BETA_X5] mode=OFF radar_adj=0 mom= conf=0
[ALPHA_X13_BURST13] mode=OFF radar_adj=0 mom= conf=0
[BETA_X5] [1;36m23:47:43[0m [1;33mx5[0m [1;36m#602[0m SKIP tension=[1;36m0.39639609[0m [0m| wall_not_collapsed
[ALPHA_X13_BURST13] [1;36m23:47:44[0m [1;32mx13[0m [1;36m#628[0m SKIP tension=[1;36m0.00008115[0m [0m| momentum_too_small [1;31mconf=0.0001[0m
[BETA_X5] mode=OFF radar_adj=0 mom= conf=0
[ALPHA_X13_BURST13] mode=OFF radar_adj=0 mom= conf=0
[BETA_X5] [1;36m23:47:51[0m [1;33mx5[0m [1;36m#603[0m SKIP tension=[1;36m0.40688830[0m [0m| wall_not_collapsed
[ALPHA_X13_BURST13] [1;36m23:47:52[0m [1;32mx13[0m [1;36m#629[0m SKIP tension=[1;36m0.00001570[0m [0m| momentum_too_small [1;31mconf=0.0[0m
[BETA_X5] mode=OFF radar_adj=0 mom= conf=0
[ALPHA_X13_BURST13] mode=OFF radar_adj=0 mom= conf=0
[BETA_X5] [1;36m23:48:00[0m [1;33mx5[0m [1;36m#604[0m SKIP tension=[1;36m0.53389518[0m [0m| wall_not_collapsed
[BETA_X5] mode=OFF radar_adj=0 mom= conf=0
[ALPHA_X13_BURST13] [1;36m23:48:06[0m [1;32mx13[0m [1;36m#630[0m SKIP tension=[1;36m0.00000000[0m [0m| momentum_too_small [1;31mconf=0.2393[0m
[BETA_X5] [1;36m23:48:09[0m [1;33mx5[0m [1;36m#605[0m SKIP tension=[1;36m0.00001540[0m [0m| spread_too_wide [1;31mconf=0.0[0m
[ALPHA_X13_BURST13] mode=OFF radar_adj=0 mom= conf=0
[ALPHA_X13_BURST13] [1;36m23:48:15[0m [1;32mx13[0m [1;36m#631[0m SKIP tension=[1;31m2.16944885[0m [0m| duo no_trigger
[BETA_X5] mode=OFF radar_adj=0 mom= conf=0
[ALPHA_X13_BURST13] mode=OFF radar_adj=0 mom= conf=0
[BETA_X5] [1;36m23:48:22[0m [1;33mx5[0m [1;36m#606[0m SKIP tension=[1;36m0.01648413[0m [0m| direction_unclear [1;31mconf=0.0154[0m
[BETA_X5] mode=OFF radar_adj=0 mom= conf=0
[ALPHA_X13_BURST13] [1;36m23:48:26[0m [1;32mx13[0m [1;36m#632[0m SKIP tension=[1;31m2.14256930[0m [0m| duo no_trigger
[ALPHA_X13_BURST13] mode=OFF radar_adj=0 mom= conf=0
[BETA_X5] [1;36m23:48:29[0m [1;33mx5[0m [1;36m#607[0m SKIP tension=[1;36m0.00006588[0m [0m| spread_too_wide [1;31mconf=0.0001[0m
[BETA_X5] mode=OFF radar_adj=0 mom= conf=0
[ALPHA_X13_BURST13] [1;36m23:48:34[0m [1;32mx13[0m [1;36m#633[0m SKIP tension=[1;32m1.59674080[0m [0m| spread_too_wide [1;33mconf=0.5[0m
[ALPHA_X13_BURST13] mode=OFF radar_adj=0 mom= conf=0
[BETA_X5] [1;36m23:48:37[0m [1;33mx5[0m [1;36m#608[0m SKIP tension=[1;33m0.99696556[0m [0m| wall_not_collapsed
[BETA_X5] mode=OFF radar_adj=0 mom= conf=0
[ALPHA_X13_BURST13] [1;36m23:48:43[0m [1;32mx13[0m [1;36m#634[0m SKIP tension=[1;32m1.63570714[0m [0m| spread_too_wide [1;33mconf=0.5[0m
[ALPHA_X13_BURST13] mode=OFF radar_adj=0 mom= conf=0
[ALPHA_X13_BURST13] [1;36m23:48:51[0m [1;32mx13[0m [1;36m#635[0m SKIP tension=[1;36m0.00017695[0m [0m| spread_too_wide [1;31mconf=0.0001[0m
[ALPHA_X13_BURST13] mode=OFF radar_adj=0 mom= conf=0
[BETA_X5] shockwave beta->alpha until_cycle=619
[BETA_X5] [1;33mSWARM shockwave[0m [0m| beta -> neighbor (shock_inversion_stop)[0m
[BETA_X5] [1;36mentry=23:48:50@64840.00000000[0m [1;33mx5[0m [1;36m#609[0m [1;31mSELL[0m tension=[1;32m1.83027719[0m hold=[1;36m6[0ms sec=[1;36m6[0m [0m| exit=64841.00000000 [1;33mconf=0.5181[0m [1;36mexit_time=23:48:57[0m [1;31mpnl=-0.01240000 bps=-0.15422579 pct=-0.00154226% total=1.0268700000000002[0m
[ALPHA_X13_BURST13] [1;36m23:49:00[0m [1;32mx13[0m [1;36m#636[0m SKIP tension=[1;36m0.51587728[0m [0m| wall_not_collapsed
[BETA_X5] mode=OFF radar_adj=0 mom= conf=0
[ALPHA_X13_BURST13] mode=OFF radar_adj=0 mom= conf=0
[BETA_X5] [1;36m23:49:07[0m [1;33mx5[0m [1;36m#610[0m SKIP tension=[1;31m7.67580645[0m [0m| spread_too_wide [1;33mconf=0.5[0m
[ALPHA_X13_BURST13] [1;36m23:49:10[0m [1;32mx13[0m [1;36m#637[0m SKIP tension=[1;36m0.00000000[0m [0m| spread_too_wide [1;31mconf=0.0[0m
[BETA_X5] mode=OFF radar_adj=0 mom= conf=0
[ALPHA_X13_BURST13] mode=OFF radar_adj=0 mom= conf=0
[BETA_X5] [1;36m23:49:15[0m [1;33mx5[0m [1;36m#611[0m SKIP tension=[1;36m0.13848339[0m [0m| spread_too_wide [1;31mconf=0.1154[0m
[BETA_X5] mode=OFF radar_adj=0 mom= conf=0
[ALPHA_X13_BURST13] [1;36m23:49:18[0m [1;32mx13[0m [1;36m#638[0m SKIP tension=[1;36m0.00000000[0m [0m| spread_too_wide [1;31mconf=0.0[0m
[ALPHA_X13_BURST13] mode=OFF radar_adj=0 mom= conf=0
[BETA_X5] [1;36m23:49:23[0m [1;33mx5[0m [1;36m#612[0m SKIP tension=[1;36m0.01994311[0m [0m| spread_too_wide [1;31mconf=0.0166[0m
[ALPHA_X13_BURST13] [1;36m23:49:26[0m [1;32mx13[0m [1;36m#639[0m SKIP tension=[1;36m0.00002471[0m [0m| spread_too_wide [1;31mconf=0.0[0m
[BETA_X5] mode=OFF radar_adj=0 mom= conf=0
[ALPHA_X13_BURST13] mode=OFF radar_adj=0 mom= conf=0
[BETA_X5] [1;36m23:49:31[0m [1;33mx5[0m [1;36m#613[0m SKIP tension=[1;36m0.00001809[0m [0m| spread_too_wide [1;31mconf=0.0[0m
[BETA_X5] mode=OFF radar_adj=0 mom= conf=0
[ALPHA_X13_BURST13] [1;36m23:49:35[0m [1;32mx13[0m [1;36m#640[0m SKIP tension=[1;36m0.00000000[0m [0m| spread_too_wide [1;31mconf=0.0[0m
[ALPHA_X13_BURST13] mode=OFF radar_adj=0 mom= conf=0
[BETA_X5] [1;36m23:49:39[0m [1;33mx5[0m [1;36m#614[0m SKIP tension=[1;36m0.00081528[0m [0m| momentum_too_small [1;31mconf=0.0008[0m
[BETA_X5] mode=OFF radar_adj=0 mom= conf=0
[ALPHA_X13_BURST13] [1;36m23:49:43[0m [1;32mx13[0m [1;36m#641[0m SKIP tension=[1;36m0.00000000[0m [0m| momentum_too_small [1;31mconf=0.2158[0m
[ALPHA_X13_BURST13] mode=OFF radar_adj=0 mom= conf=0
[BETA_X5] [1;36m23:49:47[0m [1;33mx5[0m [1;36m#615[0m SKIP tension=[1;36m0.00000000[0m [0m| momentum_too_small [1;31mconf=0.1902[0m
[BETA_X5] mode=OFF radar_adj=0 mom= conf=0
[ALPHA_X13_BURST13] [1;36m23:49:51[0m [1;32mx13[0m [1;36m#642[0m SKIP tension=[1;36m0.00004652[0m [0m| momentum_too_small [1;31mconf=0.0001[0m
[ALPHA_X13_BURST13] mode=OFF radar_adj=0 mom= conf=0
[BETA_X5] [1;36m23:49:55[0m [1;33mx5[0m [1;36m#616[0m SKIP tension=[1;36m0.00077398[0m [0m| momentum_too_small [1;31mconf=0.0011[0m
[BETA_X5] mode=OFF radar_adj=0 mom= conf=0
[ALPHA_X13_BURST13] [1;36m23:49:59[0m [1;32mx13[0m [1;36m#643[0m SKIP tension=[1;36m0.00001208[0m [0m| momentum_too_small [1;31mconf=0.0[0m
[ALPHA_X13_BURST13] mode=OFF radar_adj=0 mom= conf=0
[ALPHA_X13_BURST13] [1;36m23:50:07[0m [1;32mx13[0m [1;36m#644[0m SKIP tension=[1;36m0.53272392[0m [0m| spread_too_wide [1;31mconf=0.4439[0m
[BETA_X5] [1;36m23:50:07[0m [1;33mx5[0m [1;36m#617[0m SKIP tension=[1;32m1.91483437[0m [0m| spread_too_wide [1;33mconf=0.5[0m
[ALPHA_X13_BURST13] mode=OFF radar_adj=0 mom= conf=0
[BETA_X5] mode=OFF radar_adj=0 mom= conf=0
[BETA_X5] [1;36m23:50:16[0m [1;33mx5[0m [1;36m#618[0m SKIP tension=[1;36m0.00000000[0m [0m| spread_too_wide [1;31mconf=0.0[0m
[ALPHA_X13_BURST13] [1;36m23:50:16[0m [1;32mx13[0m [1;36m#645[0m SKIP tension=[1;36m0.00000000[0m [0m| spread_too_wide [1;31mconf=0.0[0m
[BETA_X5] mode=OFF radar_adj=0 mom= conf=0
[ALPHA_X13_BURST13] mode=OFF radar_adj=0 mom= conf=0
[ALPHA_X13_BURST13] [1;36m23:50:24[0m [1;32mx13[0m [1;36m#646[0m SKIP [1;33m| tension_stale age=7230ms>800ms (NUAGE)[0m
[ALPHA_X13_BURST13] mode=OFF radar_adj=0 mom= conf=0
[ALPHA_X13_BURST13] [1;36m23:50:34[0m [1;32mx13[0m [1;36m#647[0m SKIP tension=[1;32m1.95943303[0m [0m| duo no_trigger
[BETA_X5] [1;36mCycle 619[0m [1;32mSOFT anomaly[0m [1;33m| pnl_abs=0.20444000 > 0.02500000[0m
[BETA_X5] [1;36mentry=23:50:28@64823.00000000[0m [1;33mx5[0m [1;36m#619[0m [1;32mSELL[0m tension=[1;31m2.79711584[0m hold=[1;36m7[0ms sec=[1;36m7[0m [0m| exit=64796.10000000 [1;33mconf=0.7975[0m [1;36mexit_time=23:50:35[0m [1;32mpnl=0.20444000 bps=4.14976166 pct=0.04149762% total=1.2313100000000001[0m
[ALPHA_X13_BURST13] mode=OFF radar_adj=0 mom= conf=0
[BETA_X5] mode=OFF radar_adj=0 mom= conf=0
[ALPHA_X13_BURST13] [1;36m23:50:43[0m [1;32mx13[0m [1;36m#648[0m SKIP tension=[1;36m0.35854981[0m [0m| wall_not_collapsed
[BETA_X5] [1;36m23:50:44[0m [1;33mx5[0m [1;36m#620[0m SKIP tension=[1;36m0.00017314[0m [0m| momentum_too_small [1;31mconf=0.0003[0m
[ALPHA_X13_BURST13] mode=OFF radar_adj=0 mom= conf=0
[BETA_X5] mode=OFF radar_adj=0 mom= conf=0
[ALPHA_X13_BURST13] [1;36m23:50:51[0m [1;32mx13[0m [1;36m#649[0m SKIP tension=[1;36m0.00000000[0m [0m| momentum_too_small [1;31mconf=0.347[0m
[BETA_X5] [1;36m23:50:52[0m [1;33mx5[0m [1;36m#621[0m SKIP tension=[1;36m0.00000000[0m [0m| momentum_too_small [1;31mconf=0.347[0m
[BETA_X5] mode=OFF radar_adj=0 mom= conf=0
[ALPHA_X13_BURST13] mode=OFF radar_adj=0 mom= conf=0
[BETA_X5] [1;36m23:51:00[0m [1;33mx5[0m [1;36m#622[0m SKIP tension=[1;36m0.00005042[0m [0m| momentum_too_small [1;31mconf=0.0001[0m
[BETA_X5] mode=OFF radar_adj=0 mom= conf=0
[ALPHA_X13_BURST13] [1;36m23:51:05[0m [1;32mx13[0m [1;36m#650[0m SKIP tension=[1;32m1.02317158[0m [0m| duo no_trigger
[BETA_X5] [1;36m23:51:08[0m [1;33mx5[0m [1;36m#623[0m SKIP tension=[1;36m0.00001678[0m [0m| momentum_too_small [1;31mconf=0.0[0m
[ALPHA_X13_BURST13] mode=OFF radar_adj=0 mom= conf=0
[BETA_X5] mode=OFF radar_adj=0 mom= conf=0
[ALPHA_X13_BURST13] [1;36m23:51:16[0m [1;32mx13[0m [1;36m#651[0m SKIP tension=[1;32m1.64579659[0m [0m| duo no_trigger
[BETA_X5] [1;36m23:51:16[0m [1;33mx5[0m [1;36m#624[0m SKIP tension=[1;36m0.00018538[0m [0m| momentum_too_small [1;31mconf=0.0003[0m
[BETA_X5] mode=OFF radar_adj=0 mom= conf=0
[ALPHA_X13_BURST13] mode=OFF radar_adj=0 mom= conf=0
[BETA_X5] [1;36m23:51:24[0m [1;33mx5[0m [1;36m#625[0m SKIP tension=[1;36m0.00099954[0m [0m| momentum_too_small [1;31mconf=0.0016[0m
[ALPHA_X13_BURST13] [1;36m23:51:24[0m [1;32mx13[0m [1;36m#652[0m SKIP tension=[1;36m0.00099954[0m [0m| momentum_too_small [1;31mconf=0.0016[0m
[BETA_X5] mode=OFF radar_adj=0 mom= conf=0
[ALPHA_X13_BURST13] mode=OFF radar_adj=0 mom= conf=0
[BETA_X5] [1;36m23:51:32[0m [1;33mx5[0m [1;36m#626[0m SKIP tension=[1;36m0.00004644[0m [0m| momentum_too_small [1;31mconf=0.0001[0m
[ALPHA_X13_BURST13] [1;36m23:51:33[0m [1;32mx13[0m [1;36m#653[0m SKIP tension=[1;36m0.00005845[0m [0m| momentum_too_small [1;31mconf=0.0001[0m
[BETA_X5] mode=OFF radar_adj=0 mom= conf=0
[ALPHA_X13_BURST13] mode=OFF radar_adj=0 mom= conf=0
[BETA_X5] [1;36m23:51:40[0m [1;33mx5[0m [1;36m#627[0m SKIP tension=[1;36m0.00000641[0m [0m| momentum_too_small [1;31mconf=0.0[0m
[ALPHA_X13_BURST13] [1;36m23:51:41[0m [1;32mx13[0m [1;36m#654[0m SKIP tension=[1;36m0.00000000[0m [0m| momentum_too_small [1;31mconf=0.3392[0m
[BETA_X5] mode=OFF radar_adj=0 mom= conf=0
[ALPHA_X13_BURST13] mode=OFF radar_adj=0 mom= conf=0
[ALPHA_X13_BURST13] [1;36m23:51:49[0m [1;32mx13[0m [1;36m#655[0m SKIP tension=[1;36m0.51785802[0m [0m| wall_not_collapsed
[ALPHA_X13_BURST13] mode=OFF radar_adj=0 mom= conf=0
[ALPHA_X13_BURST13] [1;36m23:51:59[0m [1;32mx13[0m [1;36m#656[0m SKIP tension=[1;36m0.00000000[0m [0m| momentum_too_small [1;31mconf=0.3392[0m
[BETA_X5] [1;36mentry=23:51:53@64776.50000000[0m [1;33mx5[0m [1;36m#628[0m [1;33mSELL[0m tension=[1;32m1.00089243[0m hold=[1;36m6[0ms sec=[1;36m6[0m [0m| exit=64776.50000000 [1;32mconf=0.9691[0m [1;36mexit_time=23:51:59[0m [1;33mpnl=-0.00000000 bps=-0.00000000 pct=-0.00000000% total=1.2313100000000001[0m
[ALPHA_X13_BURST13] mode=OFF radar_adj=0 mom= conf=0
[BETA_X5] mode=OFF radar_adj=0 mom= conf=0
[ALPHA_X13_BURST13] [1;36m23:52:07[0m [1;32mx13[0m [1;36m#657[0m SKIP tension=[1;36m0.00000000[0m [0m| momentum_too_small [1;31mconf=0.3392[0m
[BETA_X5] [1;36m23:52:09[0m [1;33mx5[0m [1;36m#629[0m SKIP tension=[1;36m0.00000000[0m [0m| momentum_too_small [1;31mconf=0.3392[0m
[ALPHA_X13_BURST13] mode=OFF radar_adj=0 mom= conf=0
[BETA_X5] mode=OFF radar_adj=0 mom= conf=0
[ALPHA_X13_BURST13] [1;36m23:52:16[0m [1;32mx13[0m [1;36m#658[0m SKIP tension=[1;36m0.00000000[0m [0m| momentum_too_small [1;31mconf=0.3392[0m
[BETA_X5] [1;36m23:52:16[0m [1;33mx5[0m [1;36m#630[0m SKIP tension=[1;36m0.30436684[0m [0m| wall_not_collapsed
[ALPHA_X13_BURST13] mode=OFF radar_adj=0 mom= conf=0
[BETA_X5] mode=OFF radar_adj=0 mom= conf=0
[ALPHA_X13_BURST13] [1;36m23:52:24[0m [1;32mx13[0m [1;36m#659[0m SKIP tension=[1;36m0.21431283[0m [0m| wall_not_collapsed
[BETA_X5] [1;36m23:52:24[0m [1;33mx5[0m [1;36m#631[0m SKIP tension=[1;36m0.21430467[0m [0m| wall_not_collapsed
[ALPHA_X13_BURST13] mode=OFF radar_adj=0 mom= conf=0
[BETA_X5] mode=OFF radar_adj=0 mom= conf=0
[ALPHA_X13_BURST13] [1;36m23:52:32[0m [1;32mx13[0m [1;36m#660[0m SKIP tension=[1;36m0.00000000[0m [0m| momentum_too_small [1;31mconf=0.3392[0m
[BETA_X5] [1;36m23:52:33[0m [1;33mx5[0m [1;36m#632[0m SKIP tension=[1;36m0.00000000[0m [0m| momentum_too_small [1;31mconf=0.3392[0m
[ALPHA_X13_BURST13] mode=OFF radar_adj=0 mom= conf=0
[BETA_X5] mode=OFF radar_adj=0 mom= conf=0
[ALPHA_X13_BURST13] [1;36m23:52:40[0m [1;32mx13[0m [1;36m#661[0m SKIP tension=[1;36m0.00000000[0m [0m| momentum_too_small [1;31mconf=0.3392[0m
[ALPHA_X13_BURST13] mode=OFF radar_adj=0 mom= conf=0
[ALPHA_X13_BURST13] [1;36m23:52:49[0m [1;32mx13[0m [1;36m#662[0m SKIP tension=[1;36m0.00020991[0m [0m| momentum_too_small [1;31mconf=0.0003[0m
[BETA_X5] shockwave beta->alpha until_cycle=643
[BETA_X5] [1;33mSWARM shockwave[0m [0m| beta -> neighbor (fluid_exit_inversion)[0m
[ALPHA_X13_BURST13] mode=OFF radar_adj=0 mom= conf=0
[BETA_X5] [1;36mentry=23:52:45@64776.50000000[0m [1;33mx5[0m [1;36m#633[0m [1;31mSELL[0m tension=[1;32m1.26224883[0m hold=[1;36m7[0ms sec=[1;36m7[0m [0m| exit=64778.20000000 [1;32mconf=0.9691[0m [1;36mexit_time=23:52:52[0m [1;31mpnl=-0.02108000 bps=-0.26244085 pct=-0.00262441% total=1.2102300000000001[0m
[BETA_X5] mode=OFF radar_adj=0 mom= conf=0
[ALPHA_X13_BURST13] [1;36m23:52:57[0m [1;32mx13[0m [1;36m#663[0m SKIP tension=[1;36m0.00001804[0m [0m| momentum_too_small [1;31mconf=0.0[0m
[ALPHA_X13_BURST13] mode=OFF radar_adj=0 mom= conf=0
[BETA_X5] [1;36m23:53:02[0m [1;33mx5[0m [1;36m#634[0m SKIP tension=[1;36m0.00002909[0m [0m| momentum_too_small [1;31mconf=0.0[0m
[BETA_X5] mode=OFF radar_adj=0 mom= conf=0
[ALPHA_X13_BURST13] [1;36m23:53:05[0m [1;32mx13[0m [1;36m#664[0m SKIP tension=[1;36m0.00001147[0m [0m| momentum_too_small [1;31mconf=0.0[0m
[ALPHA_X13_BURST13] mode=OFF radar_adj=0 mom= conf=0
[BETA_X5] [1;36m23:53:09[0m [1;33mx5[0m [1;36m#635[0m SKIP tension=[1;36m0.00001032[0m [0m| momentum_too_small [1;31mconf=0.0[0m
[BETA_X5] mode=OFF radar_adj=0 mom= conf=0
[ALPHA_X13_BURST13] [1;36m23:53:14[0m [1;32mx13[0m [1;36m#665[0m SKIP [1;33m| tension_stale age=3553ms>800ms (NUAGE)[0m
[BETA_X5] [1;36m23:53:17[0m [1;33mx5[0m [1;36m#636[0m SKIP tension=[1;36m0.00000000[0m [0m| momentum_too_small [1;31mconf=0.3416[0m
[ALPHA_X13_BURST13] mode=OFF radar_adj=0 mom= conf=0
[BETA_X5] mode=OFF radar_adj=0 mom= conf=0
[ALPHA_X13_BURST13] [1;36m23:53:23[0m [1;32mx13[0m [1;36m#666[0m SKIP tension=[1;36m0.00001747[0m [0m| momentum_too_small [1;31mconf=0.0[0m
[BETA_X5] [1;36m23:53:25[0m [1;33mx5[0m [1;36m#637[0m SKIP tension=[1;36m0.00005172[0m [0m| momentum_too_small [1;31mconf=0.0001[0m
[ALPHA_X13_BURST13] mode=OFF radar_adj=0 mom= conf=0
[BETA_X5] mode=OFF radar_adj=0 mom= conf=0
[ALPHA_X13_BURST13] [1;36m23:53:31[0m [1;32mx13[0m [1;36m#667[0m SKIP tension=[1;36m0.00001747[0m [0m| momentum_too_small [1;31mconf=0.0[0m
[ALPHA_X13_BURST13] mode=OFF radar_adj=0 mom= conf=0
[BETA_X5] [1;36m23:53:38[0m [1;33mx5[0m [1;36m#638[0m SKIP tension=[1;36m0.00000000[0m [0m| momentum_too_small [1;31mconf=0.3264[0m
[ALPHA_X13_BURST13] [1;36m23:53:40[0m [1;32mx13[0m [1;36m#668[0m SKIP tension=[1;36m0.00001343[0m [0m| momentum_too_small [1;31mconf=0.0[0m
[BETA_X5] mode=OFF radar_adj=0 mom= conf=0
[ALPHA_X13_BURST13] mode=OFF radar_adj=0 mom= conf=0
[BETA_X5] [1;36m23:53:47[0m [1;33mx5[0m [1;36m#639[0m SKIP tension=[1;36m0.00000950[0m [0m| momentum_too_small [1;31mconf=0.0[0m
[ALPHA_X13_BURST13] [1;36m23:53:49[0m [1;32mx13[0m [1;36m#669[0m SKIP tension=[1;36m0.00000976[0m [0m| momentum_too_small [1;31mconf=0.0[0m
[BETA_X5] mode=OFF radar_adj=0 mom= conf=0
[ALPHA_X13_BURST13] mode=OFF radar_adj=0 mom= conf=0
[BETA_X5] [1;36m23:53:55[0m [1;33mx5[0m [1;36m#640[0m SKIP tension=[1;36m0.00001003[0m [0m| momentum_too_small [1;31mconf=0.0[0m
[BETA_X5] mode=OFF radar_adj=0 mom= conf=0
[ALPHA_X13_BURST13] [1;36m23:53:58[0m [1;32mx13[0m [1;36m#670[0m SKIP tension=[1;36m0.00000818[0m [0m| momentum_too_small [1;31mconf=0.0[0m
[ALPHA_X13_BURST13] mode=OFF radar_adj=0 mom= conf=0
[BETA_X5] [1;36m23:54:03[0m [1;33mx5[0m [1;36m#641[0m SKIP tension=[1;36m0.00001609[0m [0m| momentum_too_small [1;31mconf=0.0[0m
[BETA_X5] mode=OFF radar_adj=0 mom= conf=0
[ALPHA_X13_BURST13] [1;36m23:54:06[0m [1;32mx13[0m [1;36m#671[0m SKIP tension=[1;36m0.00010263[0m [0m| momentum_too_small [1;31mconf=0.0002[0m
[ALPHA_X13_BURST13] mode=OFF radar_adj=0 mom= conf=0
[ALPHA_X13_BURST13] [1;36m23:54:14[0m [1;32mx13[0m [1;36m#672[0m SKIP tension=[1;36m0.00000781[0m [0m| momentum_too_small [1;31mconf=0.0[0m
[ALPHA_X13_BURST13] mode=OFF radar_adj=0 mom= conf=0
[ALPHA_X13_BURST13] [1;36m23:54:23[0m [1;32mx13[0m [1;36m#673[0m SKIP tension=[1;36m0.00000000[0m [0m| momentum_too_small [1;31mconf=0.3358[0m
[ALPHA_X13_BURST13] mode=OFF radar_adj=0 mom= conf=0
[BETA_X5] [1;36mentry=23:54:20@64771.80000000[0m [1;33mx5[0m [1;36m#642[0m [1;33mSELL[0m tension=[1;32m1.03208309[0m hold=[1;36m6[0ms sec=[1;36m6[0m [0m| exit=64771.80000000 [1;32mconf=0.9595[0m [1;36mexit_time=23:54:26[0m [1;33mpnl=-0.00000000 bps=-0.00000000 pct=-0.00000000% total=1.2102300000000001[0m
[BETA_X5] mode=OFF radar_adj=0 mom= conf=0
[ALPHA_X13_BURST13] [1;36m23:54:31[0m [1;32mx13[0m [1;36m#674[0m SKIP tension=[1;36m0.00001235[0m [0m| momentum_too_small [1;31mconf=0.0[0m
[ALPHA_X13_BURST13] mode=OFF radar_adj=0 mom= conf=0
[BETA_X5] [1;36m23:54:37[0m [1;33mx5[0m [1;36m#643[0m SKIP tension=[1;36m0.00067584[0m [0m| momentum_too_small [1;31mconf=0.0011[0m
[BETA_X5] mode=OFF radar_adj=0 mom= conf=0
[ALPHA_X13_BURST13] [1;36m23:54:40[0m [1;32mx13[0m [1;36m#675[0m SKIP tension=[1;36m0.00001632[0m [0m| momentum_too_small [1;31mconf=0.0[0m
[ALPHA_X13_BURST13] mode=OFF radar_adj=0 mom= conf=0
[BETA_X5] [1;36m23:54:45[0m [1;33mx5[0m [1;36m#644[0m SKIP tension=[1;36m0.00001632[0m [0m| momentum_too_small [1;31mconf=0.0[0m
[BETA_X5] mode=OFF radar_adj=0 mom= conf=0
[ALPHA_X13_BURST13] [1;36m23:54:48[0m [1;32mx13[0m [1;36m#676[0m SKIP tension=[1;36m0.00001544[0m [0m| momentum_too_small [1;31mconf=0.0[0m
[ALPHA_X13_BURST13] mode=OFF radar_adj=0 mom= conf=0
[BETA_X5] [1;36m23:54:53[0m [1;33mx5[0m [1;36m#645[0m SKIP tension=[1;36m0.49130537[0m [0m| wall_not_collapsed
[BETA_X5] mode=OFF radar_adj=0 mom= conf=0
[ALPHA_X13_BURST13] [1;36m23:54:57[0m [1;32mx13[0m [1;36m#677[0m SKIP tension=[1;36m0.00012447[0m [0m| momentum_too_small [1;31mconf=0.0002[0m
[ALPHA_X13_BURST13] mode=OFF radar_adj=0 mom= conf=0
[ALPHA_X13_BURST13] [1;36m23:55:05[0m [1;32mx13[0m [1;36m#678[0m SKIP tension=[1;36m0.00003542[0m [0m| momentum_too_small [1;31mconf=0.0001[0m
[ALPHA_X13_BURST13] mode=OFF radar_adj=0 mom= conf=0
[BETA_X5] [1;36mentry=23:55:05@64770.10000000[0m [1;33mx5[0m [1;36m#646[0m [1;32mSELL[0m tension=[1;32m1.11785854[0m hold=[1;36m8[0ms sec=[1;36m8[0m [0m| exit=64768.70000000 [1;32mconf=0.9141[0m [1;36mexit_time=23:55:13[0m [1;32mpnl=0.02156000 bps=0.21614912 pct=0.00216149% total=1.2317900000000002[0m
[ALPHA_X13_BURST13] [1;36m23:55:15[0m [1;32mx13[0m [1;36m#679[0m SKIP tension=[1;31m7.18717347[0m [0m| duo no_trigger
[BETA_X5] mode=OFF radar_adj=0 mom= conf=0
[ALPHA_X13_BURST13] mode=OFF radar_adj=0 mom= conf=0
[BETA_X5] [1;36m23:55:22[0m [1;33mx5[0m [1;36m#647[0m SKIP tension=[1;36m0.00001920[0m [0m| momentum_too_small [1;31mconf=0.0[0m
[ALPHA_X13_BURST13] [1;36m23:55:23[0m [1;32mx13[0m [1;36m#680[0m SKIP tension=[1;36m0.00001026[0m [0m| momentum_too_small [1;31mconf=0.0[0m
[BETA_X5] mode=OFF radar_adj=0 mom= conf=0
[ALPHA_X13_BURST13] mode=OFF radar_adj=0 mom= conf=0
[BETA_X5] [1;36m23:55:30[0m [1;33mx5[0m [1;36m#648[0m SKIP tension=[1;36m0.00058299[0m [0m| momentum_too_small [1;31mconf=0.0009[0m
[ALPHA_X13_BURST13] [1;36m23:55:31[0m [1;32mx13[0m [1;36m#681[0m SKIP tension=[1;36m0.79592777[0m [0m| wall_not_collapsed
[BETA_X5] mode=OFF radar_adj=0 mom= conf=0
[ALPHA_X13_BURST13] mode=OFF radar_adj=0 mom= conf=0
[BETA_X5] [1;36m23:55:38[0m [1;33mx5[0m [1;36m#649[0m SKIP tension=[1;36m0.00000000[0m [0m| momentum_too_small [1;31mconf=0.3118[0m
[ALPHA_X13_BURST13] [1;36m23:55:40[0m [1;32mx13[0m [1;36m#682[0m SKIP tension=[1;36m0.00001204[0m [0m| momentum_too_small [1;31mconf=0.0[0m
[BETA_X5] mode=OFF radar_adj=0 mom= conf=0
[ALPHA_X13_BURST13] mode=OFF radar_adj=0 mom= conf=0
[BETA_X5] [1;36m23:55:47[0m [1;33mx5[0m [1;36m#650[0m SKIP tension=[1;36m0.00000000[0m [0m| momentum_too_small [1;31mconf=0.3118[0m
[ALPHA_X13_BURST13] [1;36m23:55:49[0m [1;32mx13[0m [1;36m#683[0m SKIP tension=[1;36m0.00000000[0m [0m| momentum_too_small [1;31mconf=0.3118[0m
[BETA_X5] mode=OFF radar_adj=0 mom= conf=0
[ALPHA_X13_BURST13] mode=OFF radar_adj=0 mom= conf=0
[BETA_X5] [1;36m23:55:55[0m [1;33mx5[0m [1;36m#651[0m SKIP tension=[1;36m0.00000000[0m [0m| momentum_too_small [1;31mconf=0.3118[0m
[ALPHA_X13_BURST13] [1;36m23:55:58[0m [1;32mx13[0m [1;36m#684[0m SKIP tension=[1;36m0.00000000[0m [0m| momentum_too_small [1;31mconf=0.3034[0m
[BETA_X5] mode=OFF radar_adj=0 mom= conf=0
[ALPHA_X13_BURST13] mode=OFF radar_adj=0 mom= conf=0
[BETA_X5] [1;36m23:56:03[0m [1;33mx5[0m [1;36m#652[0m SKIP tension=[1;36m0.00000000[0m [0m| momentum_too_small [1;31mconf=0.3031[0m
[BETA_X5] mode=OFF radar_adj=0 mom= conf=0
[ALPHA_X13_BURST13] [1;36m23:56:07[0m [1;32mx13[0m [1;36m#685[0m SKIP tension=[1;31m6.32910831[0m [0m| duo no_trigger
[ALPHA_X13_BURST13] mode=OFF radar_adj=0 mom= conf=0
[ALPHA_X13_BURST13] [1;36m23:56:15[0m [1;32mx13[0m [1;36m#686[0m SKIP tension=[1;36m0.03455479[0m [0m| direction_unclear [1;31mconf=0.0575[0m
[ALPHA_X13_BURST13] mode=OFF radar_adj=0 mom= conf=0
[ALPHA_X13_BURST13] [1;36m23:56:23[0m [1;32mx13[0m [1;36m#687[0m SKIP tension=[1;36m0.32586293[0m [0m| wall_not_collapsed
[BETA_X5] shockwave beta->alpha until_cycle=663
[BETA_X5] [1;33mSWARM shockwave[0m [0m| beta -> neighbor (shock_inversion_stop)[0m
[ALPHA_X13_BURST13] mode=OFF radar_adj=0 mom= conf=0
[BETA_X5] [1;36mentry=23:56:15@64766.10000000[0m [1;33mx5[0m [1;36m#653[0m [1;31mSELL[0m tension=[1;31m10.98209675[0m hold=[1;36m11[0ms sec=[1;36m11[0m [0m| exit=64766.20000000 [1;32mconf=0.999[0m [1;36mexit_time=23:56:26[0m [1;31mpnl=-0.00154000 bps=-0.01544018 pct=-0.00015440% total=1.23025[0m
[BETA_X5] mode=OFF radar_adj=0 mom= conf=0
[ALPHA_X13_BURST13] [1;36m23:56:31[0m [1;32mx13[0m [1;36m#688[0m SKIP tension=[1;36m0.00000000[0m [0m| momentum_too_small [1;31mconf=0.3453[0m
[ALPHA_X13_BURST13] mode=OFF radar_adj=0 mom= conf=0
[BETA_X5] [1;36m23:56:36[0m [1;33mx5[0m [1;36m#654[0m SKIP tension=[1;36m0.00000000[0m [0m| momentum_too_small [1;31mconf=0.3378[0m
[BETA_X5] mode=OFF radar_adj=0 mom= conf=0
[ALPHA_X13_BURST13] [1;36m23:56:42[0m [1;32mx13[0m [1;36m#689[0m SKIP tension=[1;36m0.00005377[0m [0m| momentum_too_small [1;31mconf=0.0001[0m
[BETA_X5] [1;36m23:56:45[0m [1;33mx5[0m [1;36m#655[0m SKIP tension=[1;36m0.00000000[0m [0m| momentum_too_small [1;31mconf=0.3426[0m
[ALPHA_X13_BURST13] mode=OFF radar_adj=0 mom= conf=0
[BETA_X5] mode=OFF radar_adj=0 mom= conf=0
[ALPHA_X13_BURST13] [1;36m23:56:51[0m [1;32mx13[0m [1;36m#690[0m SKIP tension=[1;36m0.17449517[0m [0m| direction_unclear [1;31mconf=0.013[0m
[BETA_X5] [1;36m23:56:53[0m [1;33mx5[0m [1;36m#656[0m SKIP tension=[1;36m0.00000762[0m [0m| momentum_too_small [1;31mconf=0.0[0m
[ALPHA_X13_BURST13] mode=OFF radar_adj=0 mom= conf=0
[BETA_X5] mode=OFF radar_adj=0 mom= conf=0
[ALPHA_X13_BURST13] [1;36m23:56:59[0m [1;32mx13[0m [1;36m#691[0m SKIP tension=[1;36m0.04661703[0m [0m| direction_unclear [1;31mconf=0.0756[0m
[BETA_X5] [1;36m23:57:00[0m [1;33mx5[0m [1;36m#657[0m SKIP tension=[1;36m0.00000000[0m [0m| momentum_too_small [1;31mconf=0.3405[0m
[ALPHA_X13_BURST13] mode=OFF radar_adj=0 mom= conf=0
[BETA_X5] mode=OFF radar_adj=0 mom= conf=0
[ALPHA_X13_BURST13] [1;36m23:57:08[0m [1;32mx13[0m [1;36m#692[0m SKIP tension=[1;36m0.00004940[0m [0m| momentum_too_small [1;31mconf=0.0001[0m
[BETA_X5] [1;36m23:57:08[0m [1;33mx5[0m [1;36m#658[0m SKIP tension=[1;36m0.00002610[0m [0m| momentum_too_small [1;31mconf=0.0[0m
[BETA_X5] mode=OFF radar_adj=0 mom= conf=0
[ALPHA_X13_BURST13] mode=OFF radar_adj=0 mom= conf=0
[BETA_X5] [1;36m23:57:16[0m [1;33mx5[0m [1;36m#659[0m SKIP tension=[1;36m0.00005500[0m [0m| momentum_too_small [1;31mconf=0.0001[0m
[ALPHA_X13_BURST13] [1;36m23:57:16[0m [1;32mx13[0m [1;36m#693[0m SKIP tension=[1;36m0.00005500[0m [0m| momentum_too_small [1;31mconf=0.0001[0m
[BETA_X5] mode=OFF radar_adj=0 mom= conf=0
[ALPHA_X13_BURST13] mode=OFF radar_adj=0 mom= conf=0
[BETA_X5] [1;36m23:57:25[0m [1;33mx5[0m [1;36m#660[0m SKIP tension=[1;36m0.00000000[0m [0m| momentum_too_small [1;31mconf=0.3405[0m
[ALPHA_X13_BURST13] [1;36m23:57:25[0m [1;32mx13[0m [1;36m#694[0m SKIP tension=[1;36m0.00000000[0m [0m| momentum_too_small [1;31mconf=0.3426[0m
[BETA_X5] mode=OFF radar_adj=0 mom= conf=0
[ALPHA_X13_BURST13] mode=OFF radar_adj=0 mom= conf=0
[BETA_X5] [1;36m23:57:32[0m [1;33mx5[0m [1;36m#661[0m SKIP tension=[1;36m0.00000000[0m [0m| momentum_too_small [1;31mconf=0.3378[0m
[ALPHA_X13_BURST13] [1;36m23:57:33[0m [1;32mx13[0m [1;36m#695[0m SKIP tension=[1;36m0.00002616[0m [0m| momentum_too_small [1;31mconf=0.0[0m
[BETA_X5] mode=OFF radar_adj=0 mom= conf=0
[ALPHA_X13_BURST13] mode=OFF radar_adj=0 mom= conf=0
[BETA_X5] [1;36m23:57:40[0m [1;33mx5[0m [1;36m#662[0m SKIP tension=[1;36m0.00000000[0m [0m| momentum_too_small [1;31mconf=0.3378[0m
[ALPHA_X13_BURST13] [1;36m23:57:42[0m [1;32mx13[0m [1;36m#696[0m SKIP tension=[1;36m0.39709100[0m [0m| wall_not_collapsed
[BETA_X5] mode=OFF radar_adj=0 mom= conf=0
[ALPHA_X13_BURST13] mode=OFF radar_adj=0 mom= conf=0
[BETA_X5] [1;36m23:57:49[0m [1;33mx5[0m [1;36m#663[0m SKIP tension=[1;36m0.00098228[0m [0m| momentum_too_small [1;31mconf=0.0015[0m
[ALPHA_X13_BURST13] [1;36m23:57:50[0m [1;32mx13[0m [1;36m#697[0m SKIP tension=[1;36m0.00003401[0m [0m| momentum_too_small [1;31mconf=0.0001[0m
[BETA_X5] mode=OFF radar_adj=0 mom= conf=0
[ALPHA_X13_BURST13] mode=OFF radar_adj=0 mom= conf=0
[BETA_X5] [1;36m23:57:57[0m [1;33mx5[0m [1;36m#664[0m SKIP tension=[1;36m0.00003401[0m [0m| momentum_too_small [1;31mconf=0.0001[0m
[ALPHA_X13_BURST13] [1;36m23:57:59[0m [1;32mx13[0m [1;36m#698[0m SKIP tension=[1;36m0.00000532[0m [0m| momentum_too_small [1;31mconf=0.0[0m
[BETA_X5] mode=OFF radar_adj=0 mom= conf=0
[ALPHA_X13_BURST13] mode=OFF radar_adj=0 mom= conf=0
[BETA_X5] [1;36m23:58:05[0m [1;33mx5[0m [1;36m#665[0m SKIP tension=[1;36m0.00001734[0m [0m| momentum_too_small [1;31mconf=0.0[0m
[ALPHA_X13_BURST13] [1;36m23:58:07[0m [1;32mx13[0m [1;36m#699[0m SKIP tension=[1;36m0.65874866[0m [0m| wall_not_collapsed
[BETA_X5] mode=OFF radar_adj=0 mom= conf=0
[ALPHA_X13_BURST13] mode=OFF radar_adj=0 mom= conf=0
[BETA_X5] [1;36m23:58:13[0m [1;33mx5[0m [1;36m#666[0m SKIP tension=[1;36m0.17257508[0m [0m| direction_unclear [1;31mconf=0.2832[0m
[ALPHA_X13_BURST13] [1;36m23:58:15[0m [1;32mx13[0m [1;36m#700[0m SKIP tension=[1;36m0.00000000[0m [0m| momentum_too_small [1;31mconf=0.3446[0m
[BETA_X5] mode=OFF radar_adj=0 mom= conf=0
[ALPHA_X13_BURST13] mode=OFF radar_adj=0 mom= conf=0
[BETA_X5] [1;36m23:58:21[0m [1;33mx5[0m [1;36m#667[0m SKIP tension=[1;36m0.31467465[0m [0m| wall_not_collapsed
[ALPHA_X13_BURST13] [1;36m23:58:24[0m [1;32mx13[0m [1;36m#701[0m SKIP tension=[1;36m0.00000453[0m [0m| momentum_too_small [1;31mconf=0.0[0m
[BETA_X5] mode=OFF radar_adj=0 mom= conf=0
[ALPHA_X13_BURST13] mode=OFF radar_adj=0 mom= conf=0
[BETA_X5] [1;36m23:58:29[0m [1;33mx5[0m [1;36m#668[0m SKIP tension=[1;36m0.33957830[0m [0m| wall_not_collapsed
[ALPHA_X13_BURST13] [1;36m23:58:32[0m [1;32mx13[0m [1;36m#702[0m SKIP tension=[1;36m0.17487118[0m [0m| direction_unclear [1;31mconf=0.287[0m
[BETA_X5] mode=OFF radar_adj=0 mom= conf=0
[ALPHA_X13_BURST13] mode=OFF radar_adj=0 mom= conf=0
[BETA_X5] [1;36m23:58:37[0m [1;33mx5[0m [1;36m#669[0m SKIP tension=[1;36m0.00002071[0m [0m| momentum_too_small [1;31mconf=0.0[0m
[BETA_X5] mode=OFF radar_adj=0 mom= conf=0
[ALPHA_X13_BURST13] [1;36m23:58:40[0m [1;32mx13[0m [1;36m#703[0m SKIP tension=[1;36m0.00000214[0m [0m| momentum_too_small [1;31mconf=0.0[0m
[ALPHA_X13_BURST13] mode=OFF radar_adj=0 mom= conf=0
[BETA_X5] [1;36m23:58:45[0m [1;33mx5[0m [1;36m#670[0m SKIP tension=[1;36m0.00000000[0m [0m| momentum_too_small [1;31mconf=0.3446[0m
[BETA_X5] mode=OFF radar_adj=0 mom= conf=0
[ALPHA_X13_BURST13] [1;36m23:58:49[0m [1;32mx13[0m [1;36m#704[0m SKIP tension=[1;36m0.56429330[0m [0m| wall_not_collapsed
[ALPHA_X13_BURST13] mode=OFF radar_adj=0 mom= conf=0
[BETA_X5] [1;36m23:58:53[0m [1;33mx5[0m [1;36m#671[0m SKIP tension=[1;36m0.00000000[0m [0m| momentum_too_small [1;31mconf=0.3446[0m
[BETA_X5] mode=OFF radar_adj=0 mom= conf=0
[ALPHA_X13_BURST13] [1;36m23:58:58[0m [1;32mx13[0m [1;36m#705[0m SKIP tension=[1;36m0.17763937[0m [0m| direction_unclear [1;31mconf=0.2915[0m
[ALPHA_X13_BURST13] mode=OFF radar_adj=0 mom= conf=0
[BETA_X5] [1;36m23:59:01[0m [1;33mx5[0m [1;36m#672[0m SKIP tension=[1;36m0.00000000[0m [0m| momentum_too_small [1;31mconf=0.3446[0m
[BETA_X5] mode=OFF radar_adj=0 mom= conf=0
[ALPHA_X13_BURST13] [1;36m23:59:06[0m [1;32mx13[0m [1;36m#706[0m SKIP tension=[1;36m0.00000000[0m [0m| momentum_too_small [1;31mconf=0.3446[0m
[ALPHA_X13_BURST13] mode=OFF radar_adj=0 mom= conf=0
[BETA_X5] [1;36m23:59:09[0m [1;33mx5[0m [1;36m#673[0m SKIP tension=[1;36m0.34048030[0m [0m| wall_not_collapsed
[BETA_X5] mode=OFF radar_adj=0 mom= conf=0
[ALPHA_X13_BURST13] [1;36m23:59:14[0m [1;32mx13[0m [1;36m#707[0m SKIP tension=[1;36m0.17114996[0m [0m| direction_unclear [1;31mconf=0.2808[0m
[ALPHA_X13_BURST13] mode=OFF radar_adj=0 mom= conf=0
[BETA_X5] [1;36m23:59:17[0m [1;33mx5[0m [1;36m#674[0m SKIP tension=[1;36m0.00000000[0m [0m| momentum_too_small [1;31mconf=0.3446[0m
[BETA_X5] mode=OFF radar_adj=0 mom= conf=0
[ALPHA_X13_BURST13] [1;36m23:59:23[0m [1;32mx13[0m [1;36m#708[0m SKIP tension=[1;36m0.00000000[0m [0m| momentum_too_small [1;31mconf=0.3446[0m
[ALPHA_X13_BURST13] mode=OFF radar_adj=0 mom= conf=0
[BETA_X5] [1;36m23:59:31[0m [1;33mx5[0m [1;36m#675[0m SKIP tension=[1;36m0.00000533[0m [0m| momentum_too_small [1;31mconf=0.0[0m
[ALPHA_X13_BURST13] [1;36m23:59:31[0m [1;32mx13[0m [1;36m#709[0m SKIP tension=[1;36m0.00000000[0m [0m| momentum_too_small [1;31mconf=0.3446[0m
[BETA_X5] mode=OFF radar_adj=0 mom= conf=0
[ALPHA_X13_BURST13] mode=OFF radar_adj=0 mom= conf=0
[BETA_X5] [1;36m23:59:39[0m [1;33mx5[0m [1;36m#676[0m SKIP tension=[1;36m0.00000000[0m [0m| momentum_too_small [1;31mconf=0.3446[0m
[ALPHA_X13_BURST13] [1;36m23:59:40[0m [1;32mx13[0m [1;36m#710[0m SKIP tension=[1;36m0.00000533[0m [0m| momentum_too_small [1;31mconf=0.0[0m
[ALPHA_X13_BURST13] mode=OFF radar_adj=0 mom= conf=0
[BETA_X5] mode=OFF radar_adj=0 mom= conf=0
[BETA_X5] [1;36m23:59:48[0m [1;33mx5[0m [1;36m#677[0m SKIP tension=[1;36m0.00000000[0m [0m| momentum_too_small [1;31mconf=0.3446[0m
[ALPHA_X13_BURST13] [1;36m23:59:48[0m [1;32mx13[0m [1;36m#711[0m SKIP tension=[1;36m0.00000000[0m [0m| momentum_too_small [1;31mconf=0.3446[0m
[BETA_X5] mode=OFF radar_adj=0 mom= conf=0
[ALPHA_X13_BURST13] mode=OFF radar_adj=0 mom= conf=0
[ALPHA_X13_BURST13] [1;36m23:59:58[0m [1;32mx13[0m [1;36m#712[0m SKIP tension=[1;36m0.00000000[0m [0m| momentum_too_small [1;31mconf=0.3291[0m
[BETA_X5] [1;36m23:59:58[0m [1;33mx5[0m [1;36m#678[0m SKIP tension=[1;36m0.00000000[0m [0m| momentum_too_small [1;31mconf=0.3291[0m
[BETA_X5] mode=OFF radar_adj=0 mom= conf=0
[ALPHA_X13_BURST13] mode=OFF radar_adj=0 mom= conf=0
[BETA_X5] [1;36m00:00:07[0m [1;33mx5[0m [1;36m#679[0m SKIP tension=[1;36m0.00004092[0m [0m| momentum_too_small [1;31mconf=0.0001[0m
[ALPHA_X13_BURST13] [1;36m00:00:07[0m [1;32mx13[0m [1;36m#713[0m SKIP tension=[1;36m0.00004092[0m [0m| momentum_too_small [1;31mconf=0.0001[0m
[BETA_X5] mode=OFF radar_adj=0 mom= conf=0
[ALPHA_X13_BURST13] mode=OFF radar_adj=0 mom= conf=0
[BETA_X5] [1;36m00:00:15[0m [1;33mx5[0m [1;36m#680[0m SKIP tension=[1;36m0.00023561[0m [0m| momentum_too_small [1;31mconf=0.0004[0m
[ALPHA_X13_BURST13] [1;36m00:00:17[0m [1;32mx13[0m [1;36m#714[0m SKIP tension=[1;36m0.00044646[0m [0m| momentum_too_small [1;31mconf=0.0007[0m
[ALPHA_X13_BURST13] mode=OFF radar_adj=0 mom= conf=0
[BETA_X5] mode=OFF radar_adj=0 mom= conf=0
[ALPHA_X13_BURST13] [1;36m00:00:25[0m [1;32mx13[0m [1;36m#715[0m SKIP tension=[1;36m0.00614319[0m [0m| momentum_too_small [1;31mconf=0.0097[0m
[BETA_X5] [1;36m00:00:28[0m [1;33mx5[0m [1;36m#681[0m SKIP tension=[1;36m0.00007556[0m [0m| momentum_too_small [1;31mconf=0.0001[0m
[ALPHA_X13_BURST13] mode=OFF radar_adj=0 mom= conf=0
[BETA_X5] mode=OFF radar_adj=0 mom= conf=0
[ALPHA_X13_BURST13] [1;36m00:00:34[0m [1;32mx13[0m [1;36m#716[0m SKIP tension=[1;36m0.00039841[0m [0m| momentum_too_small [1;31mconf=0.0006[0m
[BETA_X5] [1;36m00:00:36[0m [1;33mx5[0m [1;36m#682[0m SKIP tension=[1;36m0.05747207[0m [0m| direction_unclear [1;31mconf=0.0899[0m
[ALPHA_X13_BURST13] mode=OFF radar_adj=0 mom= conf=0
[BETA_X5] mode=OFF radar_adj=0 mom= conf=0
[ALPHA_X13_BURST13] [1;36m00:00:43[0m [1;32mx13[0m [1;36m#717[0m SKIP tension=[1;36m0.29847076[0m [0m| wall_not_collapsed
[BETA_X5] [1;36m00:00:44[0m [1;33mx5[0m [1;36m#683[0m SKIP tension=[1;36m0.10336666[0m [0m| direction_unclear [1;31mconf=0.1615[0m
[ALPHA_X13_BURST13] mode=OFF radar_adj=0 mom= conf=0
[BETA_X5] mode=OFF radar_adj=0 mom= conf=0
[ALPHA_X13_BURST13] [1;36m00:00:51[0m [1;32mx13[0m [1;36m#718[0m SKIP tension=[1;36m0.00002119[0m [0m| momentum_too_small [1;31mconf=0.0[0m
[BETA_X5] [1;36m00:00:52[0m [1;33mx5[0m [1;36m#684[0m SKIP tension=[1;36m0.00005192[0m [0m| momentum_too_small [1;31mconf=0.0001[0m
[ALPHA_X13_BURST13] mode=OFF radar_adj=0 mom= conf=0
[BETA_X5] mode=OFF radar_adj=0 mom= conf=0
[ALPHA_X13_BURST13] [1;36m00:01:00[0m [1;32mx13[0m [1;36m#719[0m SKIP tension=[1;36m0.10182373[0m [0m| direction_unclear [1;31mconf=0.0125[0m
[BETA_X5] [1;36m00:01:01[0m [1;33mx5[0m [1;36m#685[0m SKIP tension=[1;36m0.10182373[0m [0m| direction_unclear [1;31mconf=0.1591[0m
[ALPHA_X13_BURST13] mode=OFF radar_adj=0 mom= conf=0
[BETA_X5] mode=OFF radar_adj=0 mom= conf=0
[ALPHA_X13_BURST13] [1;36m00:01:08[0m [1;32mx13[0m [1;36m#720[0m SKIP tension=[1;36m0.58348371[0m [0m| wall_not_collapsed
[BETA_X5] [1;36m00:01:08[0m [1;33mx5[0m [1;36m#686[0m SKIP tension=[1;36m0.00201434[0m [0m| momentum_too_small [1;31mconf=0.0031[0m
[BETA_X5] mode=OFF radar_adj=0 mom= conf=0
[ALPHA_X13_BURST13] mode=OFF radar_adj=0 mom= conf=0
[BETA_X5] [1;36m00:01:17[0m [1;33mx5[0m [1;36m#687[0m SKIP tension=[1;36m0.02795104[0m [0m| direction_unclear [1;31mconf=0.0436[0m
[ALPHA_X13_BURST13] [1;36m00:01:17[0m [1;32mx13[0m [1;36m#721[0m SKIP tension=[1;36m0.02795104[0m [0m| direction_unclear [1;31mconf=0.0436[0m
[BETA_X5] mode=OFF radar_adj=0 mom= conf=0
[ALPHA_X13_BURST13] mode=OFF radar_adj=0 mom= conf=0
[ALPHA_X13_BURST13] [1;36m00:01:27[0m [1;32mx13[0m [1;36m#722[0m SKIP tension=[1;36m0.26850948[0m [0m| wall_not_collapsed
[BETA_X5] [1;36m00:01:29[0m [1;33mx5[0m [1;36m#688[0m SKIP tension=[1;36m0.26854615[0m [0m| wall_not_collapsed
[ALPHA_X13_BURST13] mode=OFF radar_adj=0 mom= conf=0
[BETA_X5] mode=OFF radar_adj=0 mom= conf=0
[ALPHA_X13_BURST13] [1;36m00:01:37[0m [1;32mx13[0m [1;36m#723[0m SKIP [1;33m| tension_stale age=5964ms>800ms (NUAGE)[0m
[BETA_X5] [1;36m00:01:37[0m [1;33mx5[0m [1;36m#689[0m SKIP tension=[1;36m0.00000000[0m [0m| momentum_too_small [1;31mconf=0.3419[0m
[BETA_X5] mode=OFF radar_adj=0 mom= conf=0
[ALPHA_X13_BURST13] mode=OFF radar_adj=0 mom= conf=0
[BETA_X5] [1;36m00:01:45[0m [1;33mx5[0m [1;36m#690[0m SKIP tension=[1;36m0.80481068[0m [0m| wall_not_collapsed
[BETA_X5] mode=OFF radar_adj=0 mom= conf=0
[BETA_X5] [1;36m00:01:53[0m [1;33mx5[0m [1;36m#691[0m SKIP tension=[1;36m0.01318712[0m [0m| direction_unclear [1;31mconf=0.0214[0m
[BETA_X5] mode=OFF radar_adj=0 mom= conf=0
[ALPHA_X13_BURST13] [1;36mentry=00:01:51@64770.00000000[0m [1;32mx13[0m [1;36m#724[0m [1;33mBUY[0m tension=[1;32m1.43017877[0m hold=[1;36m6[0ms sec=[1;36m6[0m [0m| exit=64770.00000000 [1;32mconf=0.9759[0m [1;36mexit_time=00:01:57[0m [1;33mpnl=0.00000000 bps=0.00000000 pct=0.00000000% total=1.23025[0m
[ALPHA_X13_BURST13] mode=OFF radar_adj=0 mom= conf=0
[ALPHA_X13_BURST13] [1;36m00:02:07[0m [1;32mx13[0m [1;36m#725[0m SKIP tension=[1;36m0.00000318[0m [0m| momentum_too_small [1;31mconf=0.0[0m
[ALPHA_X13_BURST13] mode=OFF radar_adj=0 mom= conf=0
[BETA_X5] shockwave beta->alpha until_cycle=702
[BETA_X5] [1;33mSWARM shockwave[0m [0m| beta -> neighbor (shock_inversion_stop)[0m
[BETA_X5] [1;36mCycle 692[0m [1;32mSOFT anomaly[0m [1;33m| pnl_abs=0.07700000 > 0.02500000[0m
[BETA_X5] [1;36mentry=00:02:05@64770.00000000[0m [1;33mx5[0m [1;36m#692[0m [1;31mSELL[0m tension=[1;32m1.00153234[0m hold=[1;36m6[0ms sec=[1;36m6[0m [0m| exit=64775.00000000 [1;32mconf=0.9276[0m [1;36mexit_time=00:02:11[0m [1;31mpnl=-0.07700000 bps=-0.77196233 pct=-0.00771962% total=1.15325[0m
[ALPHA_X13_BURST13] [1;36m00:02:15[0m [1;32mx13[0m [1;36m#726[0m SKIP tension=[1;36m0.57160512[0m [0m| wall_not_collapsed
[BETA_X5] mode=OFF radar_adj=0 mom= conf=0
[ALPHA_X13_BURST13] mode=OFF radar_adj=0 mom= conf=0
[BETA_X5] [1;36m00:02:21[0m [1;33mx5[0m [1;36m#693[0m SKIP [0m| Mode Écoute: spread=1.86790000 volat=17.85229031 (attente froid)
[BETA_X5] mode=OFF radar_adj=0 mom= conf=0
[ALPHA_X13_BURST13] [1;36m00:02:24[0m [1;32mx13[0m [1;36m#727[0m SKIP tension=[1;36m0.00001058[0m [0m| momentum_too_small [1;31mconf=0.0[0m
[ALPHA_X13_BURST13] mode=OFF radar_adj=0 mom= conf=0
[BETA_X5] [1;36m00:02:28[0m [1;33mx5[0m [1;36m#694[0m SKIP tension=[1;36m0.00002142[0m [0m| momentum_too_small [1;31mconf=0.0[0m
[BETA_X5] mode=OFF radar_adj=0 mom= conf=0
[ALPHA_X13_BURST13] [1;36m00:02:33[0m [1;32mx13[0m [1;36m#728[0m SKIP tension=[1;36m0.00001799[0m [0m| momentum_too_small [1;31mconf=0.0[0m
[ALPHA_X13_BURST13] mode=OFF radar_adj=0 mom= conf=0
[BETA_X5] [1;36m00:02:36[0m [1;33mx5[0m [1;36m#695[0m SKIP tension=[1;36m0.00000000[0m [0m| momentum_too_small [1;31mconf=0.3027[0m
[BETA_X5] mode=OFF radar_adj=0 mom= conf=0
[ALPHA_X13_BURST13] [1;36m00:02:41[0m [1;32mx13[0m [1;36m#729[0m SKIP tension=[1;36m0.00000000[0m [0m| momentum_too_small [1;31mconf=0.2889[0m
[ALPHA_X13_BURST13] mode=OFF radar_adj=0 mom= conf=0
[BETA_X5] [1;36m00:02:44[0m [1;33mx5[0m [1;36m#696[0m SKIP tension=[1;36m0.00001358[0m [0m| momentum_too_small [1;31mconf=0.0[0m
[BETA_X5] mode=OFF radar_adj=0 mom= conf=0
[ALPHA_X13_BURST13] [1;36m00:02:50[0m [1;32mx13[0m [1;36m#730[0m SKIP tension=[1;36m0.00000879[0m [0m| momentum_too_small [1;31mconf=0.0[0m
[ALPHA_X13_BURST13] mode=OFF radar_adj=0 mom= conf=0
[BETA_X5] [1;36m00:02:53[0m [1;33mx5[0m [1;36m#697[0m SKIP tension=[1;36m0.00002336[0m [0m| momentum_too_small [1;31mconf=0.0[0m
[BETA_X5] mode=OFF radar_adj=0 mom= conf=0
[ALPHA_X13_BURST13] [1;36m00:02:58[0m [1;32mx13[0m [1;36m#731[0m SKIP tension=[1;36m0.00002170[0m [0m| momentum_too_small [1;31mconf=0.0[0m
[ALPHA_X13_BURST13] mode=OFF radar_adj=0 mom= conf=0
[BETA_X5] [1;36m00:03:01[0m [1;33mx5[0m [1;36m#698[0m SKIP tension=[1;36m0.00005292[0m [0m| momentum_too_small [1;31mconf=0.0001[0m
[BETA_X5] mode=OFF radar_adj=0 mom= conf=0
[ALPHA_X13_BURST13] [1;36m00:03:06[0m [1;32mx13[0m [1;36m#732[0m SKIP tension=[1;36m0.00001829[0m [0m| momentum_too_small [1;31mconf=0.0[0m
[ALPHA_X13_BURST13] mode=OFF radar_adj=0 mom= conf=0
[BETA_X5] [1;36m00:03:09[0m [1;33mx5[0m [1;36m#699[0m SKIP tension=[1;36m0.00001979[0m [0m| momentum_too_small [1;31mconf=0.0[0m
[BETA_X5] mode=OFF radar_adj=0 mom= conf=0
[ALPHA_X13_BURST13] [1;36m00:03:15[0m [1;32mx13[0m [1;36m#733[0m SKIP tension=[1;36m0.00038152[0m [0m| momentum_too_small [1;31mconf=0.0006[0m
[BETA_X5] [1;36m00:03:17[0m [1;33mx5[0m [1;36m#700[0m SKIP tension=[1;36m0.69630666[0m [0m| wall_not_collapsed
[ALPHA_X13_BURST13] mode=OFF radar_adj=0 mom= conf=0
[BETA_X5] mode=OFF radar_adj=0 mom= conf=0
[ALPHA_X13_BURST13] [1;36m00:03:23[0m [1;32mx13[0m [1;36m#734[0m SKIP tension=[1;36m0.73266092[0m [0m| wall_not_collapsed
[ALPHA_X13_BURST13] mode=OFF radar_adj=0 mom= conf=0
[BETA_X5] [1;36m00:03:26[0m [1;33mx5[0m [1;36m#701[0m SKIP tension=[1;36m0.00000231[0m [0m| momentum_too_small [1;31mconf=0.0[0m
[BETA_X5] mode=OFF radar_adj=0 mom= conf=0
[ALPHA_X13_BURST13] [1;36m00:03:32[0m [1;32mx13[0m [1;36m#735[0m SKIP tension=[1;36m0.00016691[0m [0m| momentum_too_small [1;31mconf=0.0003[0m
[BETA_X5] [1;36m00:03:34[0m [1;33mx5[0m [1;36m#702[0m SKIP tension=[1;36m0.00013888[0m [0m| momentum_too_small [1;31mconf=0.0002[0m
[ALPHA_X13_BURST13] mode=OFF radar_adj=0 mom= conf=0
[BETA_X5] mode=OFF radar_adj=0 mom= conf=0
[ALPHA_X13_BURST13] [1;36m00:03:40[0m [1;32mx13[0m [1;36m#736[0m SKIP tension=[1;36m0.00014077[0m [0m| momentum_too_small [1;31mconf=0.0002[0m
[ALPHA_X13_BURST13] mode=OFF radar_adj=0 mom= conf=0
[ALPHA_X13_BURST13] [1;36m00:03:49[0m [1;32mx13[0m [1;36m#737[0m SKIP tension=[1;31m8.16752014[0m [0m| spread_too_wide [1;33mconf=0.5[0m
[ALPHA_X13_BURST13] mode=OFF radar_adj=0 mom= conf=0
[BETA_X5] shockwave beta->alpha until_cycle=713
[BETA_X5] [1;33mSWARM shockwave[0m [0m| beta -> neighbor (fluid_exit_inversion)[0m
[BETA_X5] [1;36mCycle 703[0m [1;32mSOFT anomaly[0m [1;33m| pnl_abs=0.13452000 > 0.02500000[0m
[BETA_X5] [1;36mentry=00:03:46@64800.00000000[0m [1;33mx5[0m [1;36m#703[0m [1;31mSELL[0m tension=[1;31m5.50298350[0m hold=[1;36m6[0ms sec=[1;36m6[0m [0m| exit=64817.70000000 [1;32mconf=0.9315[0m [1;36mexit_time=00:03:53[0m [1;31mpnl=-0.13452000 bps=-2.73148148 pct=-0.02731481% total=1.0187300000000001[0m
[BETA_X5] mode=OFF radar_adj=0 mom= conf=0
[ALPHA_X13_BURST13] [1;36m00:03:58[0m [1;32mx13[0m [1;36m#738[0m SKIP tension=[1;36m0.84350233[0m [0m| wall_not_collapsed
[ALPHA_X13_BURST13] mode=OFF radar_adj=0 mom= conf=0
[BETA_X5] [1;36m00:04:02[0m [1;33mx5[0m [1;36m#704[0m SKIP tension=[1;36m0.57365677[0m [0m| wall_not_collapsed
[BETA_X5] mode=OFF radar_adj=0 mom= conf=0
[ALPHA_X13_BURST13] [1;36m00:04:07[0m [1;32mx13[0m [1;36m#739[0m SKIP [1;33m| tension_stale age=3368ms>800ms (NUAGE)[0m
[ALPHA_X13_BURST13] mode=OFF radar_adj=0 mom= conf=0
[BETA_X5] [1;36m00:04:10[0m [1;33mx5[0m [1;36m#705[0m SKIP tension=[1;36m0.00000000[0m [0m| spread_too_wide [1;31mconf=0.0[0m
[BETA_X5] mode=OFF radar_adj=0 mom= conf=0
[ALPHA_X13_BURST13] [1;36m00:04:15[0m [1;32mx13[0m [1;36m#740[0m SKIP tension=[1;36m0.00092961[0m [0m| momentum_too_small [1;31mconf=0.0009[0m
[ALPHA_X13_BURST13] mode=OFF radar_adj=0 mom= conf=0
[ALPHA_X13_BURST13] [1;36m00:04:24[0m [1;32mx13[0m [1;36m#741[0m SKIP tension=[1;36m0.00009855[0m [0m| momentum_too_small [1;31mconf=0.0001[0m
[ALPHA_X13_BURST13] mode=OFF radar_adj=0 mom= conf=0
[BETA_X5] [1;36mCycle 706[0m [1;32mSOFT anomaly[0m [1;33m| pnl_abs=0.46360000 > 0.02500000[0m
[BETA_X5] [1;36mentry=00:04:22@64910.20000000[0m [1;33mx5[0m [1;36m#706[0m [1;32mSELL[0m tension=[1;32m1.07783291[0m hold=[1;36m6[0ms sec=[1;36m6[0m [0m| exit=64849.20000000 [1;33mconf=0.6802[0m [1;36mexit_time=00:04:28[0m [1;32mpnl=0.46360000 bps=9.39759853 pct=0.09397599% total=1.4823300000000001[0m
[ALPHA_X13_BURST13] [1;36m00:04:32[0m [1;32mx13[0m [1;36m#742[0m SKIP tension=[1;36m0.00009855[0m [0m| momentum_too_small [1;31mconf=0.0001[0m
[BETA_X5] mode=OFF radar_adj=0 mom= conf=0
[ALPHA_X13_BURST13] mode=OFF radar_adj=0 mom= conf=0
[BETA_X5] [1;36m00:04:38[0m [1;33mx5[0m [1;36m#707[0m SKIP tension=[1;36m0.00000000[0m [0m| momentum_too_small [1;31mconf=0.2024[0m
[ALPHA_X13_BURST13] [1;36m00:04:41[0m [1;32mx13[0m [1;36m#743[0m SKIP tension=[1;36m0.00000000[0m [0m| momentum_too_small [1;31mconf=0.2024[0m
[BETA_X5] mode=OFF radar_adj=0 mom= conf=0
[ALPHA_X13_BURST13] mode=OFF radar_adj=0 mom= conf=0
[BETA_X5] [1;36m00:04:47[0m [1;33mx5[0m [1;36m#708[0m SKIP tension=[1;36m0.00001297[0m [0m| momentum_too_small [1;31mconf=0.0[0m
[ALPHA_X13_BURST13] [1;36m00:04:49[0m [1;32mx13[0m [1;36m#744[0m SKIP tension=[1;36m0.00001364[0m [0m| momentum_too_small [1;31mconf=0.0[0m
[BETA_X5] mode=OFF radar_adj=0 mom= conf=0
[ALPHA_X13_BURST13] mode=OFF radar_adj=0 mom= conf=0
[BETA_X5] [1;36m00:04:54[0m [1;33mx5[0m [1;36m#709[0m SKIP tension=[1;36m0.00000000[0m [0m| momentum_too_small [1;31mconf=0.3422[0m
[BETA_X5] mode=OFF radar_adj=0 mom= conf=0
[ALPHA_X13_BURST13] [1;36m00:04:58[0m [1;32mx13[0m [1;36m#745[0m SKIP tension=[1;36m0.00007160[0m [0m| momentum_too_small [1;31mconf=0.0001[0m
[ALPHA_X13_BURST13] mode=OFF radar_adj=0 mom= conf=0
[BETA_X5] [1;36m00:05:02[0m [1;33mx5[0m [1;36m#710[0m SKIP tension=[1;36m0.00000000[0m [0m| momentum_too_small [1;31mconf=0.3422[0m
[BETA_X5] mode=OFF radar_adj=0 mom= conf=0
[ALPHA_X13_BURST13] [1;36m00:05:07[0m [1;32mx13[0m [1;36m#746[0m SKIP tension=[1;36m0.00000000[0m [0m| momentum_too_small [1;31mconf=0.3422[0m
[BETA_X5] [1;36m00:05:10[0m [1;33mx5[0m [1;36m#711[0m SKIP tension=[1;36m0.00000847[0m [0m| momentum_too_small [1;31mconf=0.0[0m
[BETA_X5] mode=OFF radar_adj=0 mom= conf=0
[ALPHA_X13_BURST13] mode=OFF radar_adj=0 mom= conf=0
[BETA_X5] [1;36m00:05:19[0m [1;33mx5[0m [1;36m#712[0m SKIP tension=[1;36m0.00001832[0m [0m| momentum_too_small [1;31mconf=0.0[0m
[ALPHA_X13_BURST13] [1;36m00:05:20[0m [1;32mx13[0m [1;36m#747[0m SKIP tension=[1;36m0.00004579[0m [0m| momentum_too_small [1;31mconf=0.0001[0m
[BETA_X5] mode=OFF radar_adj=0 mom= conf=0
[ALPHA_X13_BURST13] mode=OFF radar_adj=0 mom= conf=0
[BETA_X5] [1;36m00:05:27[0m [1;33mx5[0m [1;36m#713[0m SKIP tension=[1;36m0.00003566[0m [0m| momentum_too_small [1;31mconf=0.0001[0m
[ALPHA_X13_BURST13] [1;36m00:05:29[0m [1;32mx13[0m [1;36m#748[0m SKIP tension=[1;31m2.24749056[0m [0m| duo no_trigger
[BETA_X5] mode=OFF radar_adj=0 mom= conf=0
[ALPHA_X13_BURST13] mode=OFF radar_adj=0 mom= conf=0
[BETA_X5] [1;36m00:05:34[0m [1;33mx5[0m [1;36m#714[0m SKIP tension=[1;36m0.46384998[0m [0m| wall_not_collapsed
[BETA_X5] mode=OFF radar_adj=0 mom= conf=0
[ALPHA_X13_BURST13] [1;36m00:05:38[0m [1;32mx13[0m [1;36m#749[0m SKIP tension=[1;31m2.73581768[0m [0m| duo no_trigger
[ALPHA_X13_BURST13] mode=OFF radar_adj=0 mom= conf=0
[BETA_X5] [1;36m00:05:42[0m [1;33mx5[0m [1;36m#715[0m SKIP tension=[1;31m4.47521284[0m [0m| tactic short vs long
[BETA_X5] mode=OFF radar_adj=0 mom= conf=0
[ALPHA_X13_BURST13] [1;36m00:05:46[0m [1;32mx13[0m [1;36m#750[0m SKIP tension=[1;36m0.00007075[0m [0m| momentum_too_small [1;31mconf=0.0001[0m
[ALPHA_X13_BURST13] mode=OFF radar_adj=0 mom= conf=0
[BETA_X5] [1;36m00:05:50[0m [1;33mx5[0m [1;36m#716[0m SKIP tension=[1;36m0.00000000[0m [0m| momentum_too_small [1;31mconf=0.3456[0m
[BETA_X5] mode=OFF radar_adj=0 mom= conf=0
[ALPHA_X13_BURST13] [1;36m00:05:54[0m [1;32mx13[0m [1;36m#751[0m SKIP tension=[1;36m0.00000000[0m [0m| momentum_too_small [1;31mconf=0.3497[0m
[ALPHA_X13_BURST13] mode=OFF radar_adj=0 mom= conf=0
[BETA_X5] [1;36m00:05:57[0m [1;33mx5[0m [1;36m#717[0m SKIP tension=[1;36m0.00000000[0m [0m| momentum_too_small [1;31mconf=0.3497[0m
[BETA_X5] mode=OFF radar_adj=0 mom= conf=0
[ALPHA_X13_BURST13] [1;36m00:06:03[0m [1;32mx13[0m [1;36m#752[0m SKIP tension=[1;36m0.00007897[0m [0m| momentum_too_small [1;31mconf=0.0001[0m
[BETA_X5] [1;36m00:06:05[0m [1;33mx5[0m [1;36m#718[0m SKIP tension=[1;36m0.09930590[0m [0m| direction_unclear [1;31mconf=0.1642[0m
[ALPHA_X13_BURST13] mode=OFF radar_adj=0 mom= conf=0
[BETA_X5] mode=OFF radar_adj=0 mom= conf=0
[ALPHA_X13_BURST13] [1;36m00:06:13[0m [1;32mx13[0m [1;36m#753[0m SKIP tension=[1;32m1.19130109[0m [0m| duo no_trigger
[BETA_X5] [1;36m00:06:13[0m [1;33mx5[0m [1;36m#719[0m SKIP tension=[1;36m0.00000000[0m [0m| momentum_too_small [1;31mconf=0.3402[0m
[ALPHA_X13_BURST13] mode=OFF radar_adj=0 mom= conf=0
[BETA_X5] mode=OFF radar_adj=0 mom= conf=0
[BETA_X5] [1;36m00:06:21[0m [1;33mx5[0m [1;36m#720[0m SKIP tension=[1;36m0.00000990[0m [0m| momentum_too_small [1;31mconf=0.0[0m
[ALPHA_X13_BURST13] [1;36m00:06:21[0m [1;32mx13[0m [1;36m#754[0m SKIP tension=[1;31m2.08764630[0m [0m| duo no_trigger
[BETA_X5] mode=OFF radar_adj=0 mom= conf=0
[ALPHA_X13_BURST13] mode=OFF radar_adj=0 mom= conf=0
[BETA_X5] [1;36m00:06:29[0m [1;33mx5[0m [1;36m#721[0m SKIP tension=[1;36m0.00000000[0m [0m| momentum_too_small [1;31mconf=0.3281[0m
[ALPHA_X13_BURST13] [1;36m00:06:29[0m [1;32mx13[0m [1;36m#755[0m SKIP tension=[1;36m0.00000000[0m [0m| momentum_too_small [1;31mconf=0.3281[0m
[ALPHA_X13_BURST13] mode=OFF radar_adj=0 mom= conf=0
[BETA_X5] mode=OFF radar_adj=0 mom= conf=0
[BETA_X5] [1;36m00:06:37[0m [1;33mx5[0m [1;36m#722[0m SKIP tension=[1;36m0.27724093[0m [0m| wall_not_collapsed
[BETA_X5] mode=OFF radar_adj=0 mom= conf=0
[ALPHA_X13_BURST13] [1;36m00:06:42[0m [1;32mx13[0m [1;36m#756[0m SKIP tension=[1;36m0.27724350[0m [0m| wall_not_collapsed
[BETA_X5] [1;36m00:06:45[0m [1;33mx5[0m [1;36m#723[0m SKIP tension=[1;36m0.00008974[0m [0m| momentum_too_small [1;31mconf=0.0001[0m
[ALPHA_X13_BURST13] mode=OFF radar_adj=0 mom= conf=0
[BETA_X5] mode=OFF radar_adj=0 mom= conf=0
[ALPHA_X13_BURST13] [1;36m00:06:51[0m [1;32mx13[0m [1;36m#757[0m SKIP tension=[1;36m0.34123538[0m [0m| wall_not_collapsed
[BETA_X5] [1;36m00:06:53[0m [1;33mx5[0m [1;36m#724[0m SKIP tension=[1;36m0.00003993[0m [0m| momentum_too_small [1;31mconf=0.0001[0m
[ALPHA_X13_BURST13] mode=OFF radar_adj=0 mom= conf=0
[BETA_X5] mode=OFF radar_adj=0 mom= conf=0
[ALPHA_X13_BURST13] [1;36m00:06:59[0m [1;32mx13[0m [1;36m#758[0m SKIP tension=[1;36m0.00000000[0m [0m| momentum_too_small [1;31mconf=0.3176[0m
[BETA_X5] [1;36m00:07:01[0m [1;33mx5[0m [1;36m#725[0m SKIP tension=[1;36m0.00000000[0m [0m| momentum_too_small [1;31mconf=0.3372[0m
[ALPHA_X13_BURST13] mode=OFF radar_adj=0 mom= conf=0
[BETA_X5] mode=OFF radar_adj=0 mom= conf=0
[ALPHA_X13_BURST13] [1;36m00:07:09[0m [1;32mx13[0m [1;36m#759[0m SKIP tension=[1;31m3.08562647[0m [0m| duo no_trigger
[BETA_X5] [1;36m00:07:09[0m [1;33mx5[0m [1;36m#726[0m SKIP tension=[1;36m0.00001575[0m [0m| momentum_too_small [1;31mconf=0.0[0m
[ALPHA_X13_BURST13] mode=OFF radar_adj=0 mom= conf=0
[BETA_X5] mode=OFF radar_adj=0 mom= conf=0
[ALPHA_X13_BURST13] [1;36m00:07:17[0m [1;32mx13[0m [1;36m#760[0m SKIP tension=[1;36m0.40369519[0m [0m| wall_not_collapsed
[BETA_X5] [1;36m00:07:18[0m [1;33mx5[0m [1;36m#727[0m SKIP tension=[1;36m0.00000391[0m [0m| momentum_too_small [1;31mconf=0.0[0m
[ALPHA_X13_BURST13] mode=OFF radar_adj=0 mom= conf=0
[BETA_X5] mode=OFF radar_adj=0 mom= conf=0
[ALPHA_X13_BURST13] [1;36m00:07:25[0m [1;32mx13[0m [1;36m#761[0m SKIP tension=[1;36m0.00000000[0m [0m| momentum_too_small [1;31mconf=0.3176[0m
[BETA_X5] [1;36m00:07:26[0m [1;33mx5[0m [1;36m#728[0m SKIP tension=[1;36m0.00000875[0m [0m| momentum_too_small [1;31mconf=0.0[0m
[ALPHA_X13_BURST13] mode=OFF radar_adj=0 mom= conf=0
[BETA_X5] mode=OFF radar_adj=0 mom= conf=0
[BETA_X5] [1;36m00:07:33[0m [1;33mx5[0m [1;36m#729[0m SKIP tension=[1;36m0.00000000[0m [0m| momentum_too_small [1;31mconf=0.3176[0m
[ALPHA_X13_BURST13] [1;36m00:07:34[0m [1;32mx13[0m [1;36m#762[0m SKIP tension=[1;36m0.00000000[0m [0m| momentum_too_small [1;31mconf=0.3176[0m
[BETA_X5] mode=OFF radar_adj=0 mom= conf=0
[ALPHA_X13_BURST13] mode=OFF radar_adj=0 mom= conf=0
[BETA_X5] [1;36m00:07:43[0m [1;33mx5[0m [1;36m#730[0m SKIP tension=[1;36m0.05022366[0m [0m| direction_unclear [1;31mconf=0.076[0m
[BETA_X5] mode=OFF radar_adj=0 mom= conf=0
[ALPHA_X13_BURST13] [1;36m00:07:48[0m [1;32mx13[0m [1;36m#763[0m SKIP tension=[1;36m0.00168748[0m [0m| momentum_too_small [1;31mconf=0.0026[0m
[BETA_X5] [1;36m00:07:50[0m [1;33mx5[0m [1;36m#731[0m SKIP tension=[1;36m0.63111865[0m [0m| wall_not_collapsed
[ALPHA_X13_BURST13] mode=OFF radar_adj=0 mom= conf=0
[ALPHA_X13_BURST13] [1;36m00:07:57[0m [1;32mx13[0m [1;36m#764[0m SKIP tension=[1;36m0.07110657[0m [0m| direction_unclear [1;31mconf=0.1075[0m
[BETA_X5] mode=OFF radar_adj=0 mom= conf=0
[ALPHA_X13_BURST13] mode=OFF radar_adj=0 mom= conf=0
[BETA_X5] [1;36m00:08:04[0m [1;33mx5[0m [1;36m#732[0m SKIP tension=[1;36m0.00000000[0m [0m| momentum_too_small [1;31mconf=0.3176[0m
[ALPHA_X13_BURST13] [1;36m00:08:05[0m [1;32mx13[0m [1;36m#765[0m SKIP tension=[1;32m1.47869624[0m [0m| duo no_trigger
[BETA_X5] mode=OFF radar_adj=0 mom= conf=0
[ALPHA_X13_BURST13] mode=OFF radar_adj=0 mom= conf=0
[ALPHA_X13_BURST13] [1;36m00:08:15[0m [1;32mx13[0m [1;36m#766[0m SKIP tension=[1;31m2.15636648[0m [0m| duo no_trigger
[ALPHA_X13_BURST13] mode=OFF radar_adj=0 mom= conf=0
[ALPHA_X13_BURST13] [1;36m00:08:25[0m [1;32mx13[0m [1;36m#767[0m SKIP tension=[1;31m3.17178770[0m [0m| duo no_trigger
[BETA_X5] [1;36mentry=00:08:17@64853.20000000[0m [1;33mx5[0m [1;36m#733[0m [1;33mSELL[0m tension=[1;31m2.15651909[0m hold=[1;36m9[0ms sec=[1;36m9[0m [0m| exit=64853.20000000 [1;32mconf=0.9075[0m [1;36mexit_time=00:08:26[0m [1;33mpnl=-0.00000000 bps=-0.00000000 pct=-0.00000000% total=1.4823300000000001[0m
[ALPHA_X13_BURST13] mode=OFF radar_adj=0 mom= conf=0
[BETA_X5] mode=OFF radar_adj=0 mom= conf=0
[ALPHA_X13_BURST13] [1;36m00:08:34[0m [1;32mx13[0m [1;36m#768[0m SKIP tension=[1;36m0.00009209[0m [0m| momentum_too_small [1;31mconf=0.0001[0m
[BETA_X5] [1;36m00:08:35[0m [1;33mx5[0m [1;36m#734[0m SKIP tension=[1;36m0.00000000[0m [0m| momentum_too_small [1;31mconf=0.3176[0m
[BETA_X5] mode=OFF radar_adj=0 mom= conf=0
[ALPHA_X13_BURST13] mode=OFF radar_adj=0 mom= conf=0
[BETA_X5] [1;36m00:08:43[0m [1;33mx5[0m [1;36m#735[0m SKIP tension=[1;36m0.80738720[0m [0m| wall_not_collapsed
[BETA_X5] mode=OFF radar_adj=0 mom= conf=0
[ALPHA_X13_BURST13] [1;36m00:08:48[0m [1;32mx13[0m [1;36m#769[0m SKIP tension=[1;36m0.00002255[0m [0m| momentum_too_small [1;31mconf=0.0[0m
[ALPHA_X13_BURST13] mode=OFF radar_adj=0 mom= conf=0
[BETA_X5] [1;36m00:08:52[0m [1;33mx5[0m [1;36m#736[0m SKIP tension=[1;36m0.00000000[0m [0m| momentum_too_small [1;31mconf=0.324[0m
[BETA_X5] mode=OFF radar_adj=0 mom= conf=0
[ALPHA_X13_BURST13] [1;36m00:08:56[0m [1;32mx13[0m [1;36m#770[0m SKIP tension=[1;36m0.83229844[0m [0m| wall_not_collapsed
[ALPHA_X13_BURST13] mode=OFF radar_adj=0 mom= conf=0
[ALPHA_X13_BURST13] [1;36m00:09:05[0m [1;32mx13[0m [1;36m#771[0m SKIP tension=[1;36m0.00047223[0m [0m| momentum_too_small [1;31mconf=0.0008[0m
[ALPHA_X13_BURST13] mode=OFF radar_adj=0 mom= conf=0
[ALPHA_X13_BURST13] [1;36m00:09:14[0m [1;32mx13[0m [1;36m#772[0m SKIP tension=[1;36m0.00015374[0m [0m| momentum_too_small [1;31mconf=0.0003[0m
[BETA_X5] [1;36mCycle 737[0m [1;32mSOFT anomaly[0m [1;33m| pnl_abs=0.42636000 > 0.02500000[0m
[BETA_X5] [1;36mentry=00:09:09@64853.20000000[0m [1;33mx5[0m [1;36m#737[0m [1;32mSELL[0m tension=[1;31m3.26718978[0m hold=[1;36m6[0ms sec=[1;36m6[0m [0m| exit=64797.10000000 [1;32mconf=0.9913[0m [1;36mexit_time=00:09:16[0m [1;32mpnl=0.42636000 bps=8.65030561 pct=0.08650306% total=1.9086900000000002[0m
[ALPHA_X13_BURST13] mode=OFF radar_adj=0 mom= conf=0
[BETA_X5] mode=OFF radar_adj=0 mom= conf=0
[ALPHA_X13_BURST13] [1;36m00:09:23[0m [1;32mx13[0m [1;36m#773[0m SKIP tension=[1;36m0.00012644[0m [0m| momentum_too_small [1;31mconf=0.0002[0m
[BETA_X5] [1;36m00:09:25[0m [1;33mx5[0m [1;36m#738[0m SKIP tension=[1;36m0.00000000[0m [0m| momentum_too_small [1;31mconf=0.3497[0m
[ALPHA_X13_BURST13] mode=OFF radar_adj=0 mom= conf=0
[BETA_X5] mode=OFF radar_adj=0 mom= conf=0
[ALPHA_X13_BURST13] [1;36m00:09:31[0m [1;32mx13[0m [1;36m#774[0m SKIP tension=[1;36m0.00000000[0m [0m| momentum_too_small [1;31mconf=0.3497[0m
[BETA_X5] [1;36m00:09:33[0m [1;33mx5[0m [1;36m#739[0m SKIP tension=[1;36m0.34859733[0m [0m| wall_not_collapsed
[ALPHA_X13_BURST13] mode=OFF radar_adj=0 mom= conf=0
[BETA_X5] mode=OFF radar_adj=0 mom= conf=0
[ALPHA_X13_BURST13] [1;36m00:09:40[0m [1;32mx13[0m [1;36m#775[0m SKIP tension=[1;36m0.00001976[0m [0m| momentum_too_small [1;31mconf=0.0[0m
[BETA_X5] [1;36m00:09:42[0m [1;33mx5[0m [1;36m#740[0m SKIP tension=[1;36m0.00005412[0m [0m| momentum_too_small [1;31mconf=0.0001[0m
[ALPHA_X13_BURST13] mode=OFF radar_adj=0 mom= conf=0
[BETA_X5] mode=OFF radar_adj=0 mom= conf=0
[ALPHA_X13_BURST13] [1;36m00:09:48[0m [1;32mx13[0m [1;36m#776[0m SKIP tension=[1;36m0.00021406[0m [0m| momentum_too_small [1;31mconf=0.0004[0m
[BETA_X5] [1;36m00:09:49[0m [1;33mx5[0m [1;36m#741[0m SKIP tension=[1;36m0.00000106[0m [0m| momentum_too_small [1;31mconf=0.0[0m
[ALPHA_X13_BURST13] mode=OFF radar_adj=0 mom= conf=0
[BETA_X5] mode=OFF radar_adj=0 mom= conf=0
[ALPHA_X13_BURST13] [1;36m00:09:57[0m [1;32mx13[0m [1;36m#777[0m SKIP tension=[1;36m0.00001112[0m [0m| momentum_too_small [1;31mconf=0.0[0m
[BETA_X5] [1;36m00:09:57[0m [1;33mx5[0m [1;36m#742[0m SKIP tension=[1;36m0.00001704[0m [0m| momentum_too_small [1;31mconf=0.0[0m
[BETA_X5] mode=OFF radar_adj=0 mom= conf=0
[ALPHA_X13_BURST13] mode=OFF radar_adj=0 mom= conf=0
[BETA_X5] [1;36m00:10:05[0m [1;33mx5[0m [1;36m#743[0m SKIP tension=[1;36m0.01010237[0m [0m| direction_unclear [1;31mconf=0.0168[0m
[BETA_X5] mode=OFF radar_adj=0 mom= conf=0
[ALPHA_X13_BURST13] [1;36m00:10:10[0m [1;32mx13[0m [1;36m#778[0m SKIP tension=[1;36m0.01036494[0m [0m| direction_unclear [1;31mconf=0.0173[0m
[ALPHA_X13_BURST13] mode=OFF radar_adj=0 mom= conf=0
[BETA_X5] [1;36m00:10:13[0m [1;33mx5[0m [1;36m#744[0m SKIP tension=[1;36m0.00031974[0m [0m| momentum_too_small [1;31mconf=0.0005[0m
[BETA_X5] mode=OFF radar_adj=0 mom= conf=0
[BETA_X5] [1;36m00:10:21[0m [1;33mx5[0m [1;36m#745[0m SKIP tension=[1;36m0.00000000[0m [0m| momentum_too_small [1;31mconf=0.3497[0m
[ALPHA_X13_BURST13] [1;36m00:10:24[0m [1;32mx13[0m [1;36m#779[0m SKIP tension=[1;36m0.00021414[0m [0m| momentum_too_small [1;31mconf=0.0004[0m
[BETA_X5] mode=OFF radar_adj=0 mom= conf=0
[ALPHA_X13_BURST13] mode=OFF radar_adj=0 mom= conf=0
[BETA_X5] [1;36m00:10:30[0m [1;33mx5[0m [1;36m#746[0m SKIP tension=[1;36m0.00018252[0m [0m| momentum_too_small [1;31mconf=0.0003[0m
[BETA_X5] mode=OFF radar_adj=0 mom= conf=0
[ALPHA_X13_BURST13] [1;36m00:10:33[0m [1;32mx13[0m [1;36m#780[0m SKIP tension=[1;36m0.00000247[0m [0m| momentum_too_small [1;31mconf=0.0[0m
[BETA_X5] [1;36m00:10:38[0m [1;33mx5[0m [1;36m#747[0m SKIP tension=[1;36m0.00004935[0m [0m| momentum_too_small [1;31mconf=0.0001[0m
[BETA_X5] mode=OFF radar_adj=0 mom= conf=0
[ALPHA_X13_BURST13] mode=OFF radar_adj=0 mom= conf=0
[ALPHA_X13_BURST13] [1;36m00:10:48[0m [1;32mx13[0m [1;36m#781[0m SKIP tension=[1;32m1.53247625[0m [0m| duo no_trigger
[ALPHA_X13_BURST13] mode=OFF radar_adj=0 mom= conf=0
[ALPHA_X13_BURST13] [1;36m00:10:56[0m [1;32mx13[0m [1;36m#782[0m SKIP tension=[1;36m0.03487133[0m [0m| direction_unclear [1;31mconf=0.0574[0m
[BETA_X5] [1;36mentry=00:10:51@64797.00000000[0m [1;33mx5[0m [1;36m#748[0m [1;32mSELL[0m tension=[1;32m1.53247625[0m hold=[1;36m6[0ms sec=[1;36m6[0m [0m| exit=64796.00000000 [1;32mconf=0.9971[0m [1;36mexit_time=00:10:57[0m [1;32mpnl=0.00760000 bps=0.15432813 pct=0.00154328% total=1.9162900000000003[0m
[ALPHA_X13_BURST13] mode=OFF radar_adj=0 mom= conf=0
[BETA_X5] mode=OFF radar_adj=0 mom= conf=0
[ALPHA_X13_BURST13] [1;36m00:11:05[0m [1;32mx13[0m [1;36m#783[0m SKIP tension=[1;36m0.00056812[0m [0m| momentum_too_small [1;31mconf=0.0007[0m
[BETA_X5] [1;36m00:11:06[0m [1;33mx5[0m [1;36m#749[0m SKIP tension=[1;36m0.00000000[0m [0m| momentum_too_small [1;31mconf=0.2389[0m
[ALPHA_X13_BURST13] mode=OFF radar_adj=0 mom= conf=0
[BETA_X5] mode=OFF radar_adj=0 mom= conf=0
[BETA_X5] [1;36m00:11:14[0m [1;33mx5[0m [1;36m#750[0m SKIP tension=[1;36m0.00000000[0m [0m| momentum_too_small [1;31mconf=0.3125[0m
[ALPHA_X13_BURST13] [1;36m00:11:14[0m [1;32mx13[0m [1;36m#784[0m SKIP tension=[1;36m0.00031871[0m [0m| momentum_too_small [1;31mconf=0.0003[0m
[BETA_X5] mode=OFF radar_adj=0 mom= conf=0
[ALPHA_X13_BURST13] mode=OFF radar_adj=0 mom= conf=0
[BETA_X5] [1;36m00:11:22[0m [1;33mx5[0m [1;36m#751[0m SKIP tension=[1;36m0.00010183[0m [0m| momentum_too_small [1;31mconf=0.0002[0m
[ALPHA_X13_BURST13] [1;36m00:11:23[0m [1;32mx13[0m [1;36m#785[0m SKIP tension=[1;36m0.00010183[0m [0m| momentum_too_small [1;31mconf=0.0002[0m
[BETA_X5] mode=OFF radar_adj=0 mom= conf=0
[ALPHA_X13_BURST13] mode=OFF radar_adj=0 mom= conf=0
[BETA_X5] [1;36m00:11:30[0m [1;33mx5[0m [1;36m#752[0m SKIP tension=[1;36m0.00010183[0m [0m| momentum_too_small [1;31mconf=0.0002[0m
[ALPHA_X13_BURST13] [1;36m00:11:31[0m [1;32mx13[0m [1;36m#786[0m SKIP tension=[1;36m0.00001520[0m [0m| momentum_too_small [1;31mconf=0.0[0m
[BETA_X5] mode=OFF radar_adj=0 mom= conf=0
[ALPHA_X13_BURST13] mode=OFF radar_adj=0 mom= conf=0
[ALPHA_X13_BURST13] [1;36m00:11:40[0m [1;32mx13[0m [1;36m#787[0m SKIP tension=[1;32m1.03661720[0m [0m| duo no_trigger
[ALPHA_X13_BURST13] mode=OFF radar_adj=0 mom= conf=0
[ALPHA_X13_BURST13] [1;36m00:11:49[0m [1;32mx13[0m [1;36m#788[0m SKIP tension=[1;31m3.40956092[0m [0m| duo no_trigger
[BETA_X5] [1;36mCycle 753[0m [1;32mSOFT anomaly[0m [1;33m| pnl_abs=0.03040000 > 0.02500000[0m
[BETA_X5] [1;36mentry=00:11:42@64768.20000000[0m [1;33mx5[0m [1;36m#753[0m [1;32mSELL[0m tension=[1;32m1.03662793[0m hold=[1;36m6[0ms sec=[1;36m6[0m [0m| exit=64764.20000000 [1;32mconf=0.8302[0m [1;36mexit_time=00:11:49[0m [1;32mpnl=0.03040000 bps=0.61758703 pct=0.00617587% total=1.9466900000000003[0m
[ALPHA_X13_BURST13] mode=OFF radar_adj=0 mom= conf=0
[BETA_X5] mode=OFF radar_adj=0 mom= conf=0
[ALPHA_X13_BURST13] [1;36m00:11:57[0m [1;32mx13[0m [1;36m#789[0m SKIP tension=[1;36m0.00000000[0m [0m| momentum_too_small [1;31mconf=0.242[0m
[BETA_X5] [1;36m00:11:58[0m [1;33mx5[0m [1;36m#754[0m SKIP tension=[1;31m3.40958137[0m [0m| tactic long vs short
[ALPHA_X13_BURST13] mode=OFF radar_adj=0 mom= conf=0
[BETA_X5] mode=OFF radar_adj=0 mom= conf=0
[ALPHA_X13_BURST13] [1;36m00:12:05[0m [1;32mx13[0m [1;36m#790[0m SKIP tension=[1;36m0.00002119[0m [0m| momentum_too_small [1;31mconf=0.0[0m
[BETA_X5] [1;36m00:12:06[0m [1;33mx5[0m [1;36m#755[0m SKIP tension=[1;36m0.00000000[0m [0m| momentum_too_small [1;31mconf=0.2386[0m
[ALPHA_X13_BURST13] mode=OFF radar_adj=0 mom= conf=0
[BETA_X5] mode=OFF radar_adj=0 mom= conf=0
[BETA_X5] [1;36m00:12:14[0m [1;33mx5[0m [1;36m#756[0m SKIP tension=[1;36m0.00000000[0m [0m| momentum_too_small [1;31mconf=0.2342[0m
[ALPHA_X13_BURST13] [1;36m00:12:14[0m [1;32mx13[0m [1;36m#791[0m SKIP tension=[1;36m0.00000000[0m [0m| momentum_too_small [1;31mconf=0.2342[0m
[ALPHA_X13_BURST13] mode=OFF radar_adj=0 mom= conf=0
[BETA_X5] mode=OFF radar_adj=0 mom= conf=0
[ALPHA_X13_BURST13] [1;36m00:12:24[0m [1;32mx13[0m [1;36m#792[0m SKIP tension=[1;36m0.00003188[0m [0m| momentum_too_small [1;31mconf=0.0[0m
[BETA_X5] [1;36m00:12:27[0m [1;33mx5[0m [1;36m#757[0m SKIP tension=[1;36m0.00000000[0m [0m| momentum_too_small [1;31mconf=0.2275[0m
[ALPHA_X13_BURST13] mode=OFF radar_adj=0 mom= conf=0
[BETA_X5] mode=OFF radar_adj=0 mom= conf=0
[ALPHA_X13_BURST13] [1;36m00:12:34[0m [1;32mx13[0m [1;36m#793[0m SKIP tension=[1;36m0.00011522[0m [0m| momentum_too_small [1;31mconf=0.0001[0m
[ALPHA_X13_BURST13] mode=OFF radar_adj=0 mom= conf=0
[BETA_X5] [1;36m00:12:39[0m [1;33mx5[0m [1;36m#758[0m SKIP tension=[1;36m0.00001802[0m [0m| momentum_too_small [1;31mconf=0.0[0m
[ALPHA_X13_BURST13] [1;36m00:12:42[0m [1;32mx13[0m [1;36m#794[0m SKIP tension=[1;36m0.00000000[0m [0m| momentum_too_small [1;31mconf=0.2275[0m
[BETA_X5] mode=OFF radar_adj=0 mom= conf=0
[ALPHA_X13_BURST13] mode=OFF radar_adj=0 mom= conf=0
[BETA_X5] [1;36m00:12:49[0m [1;33mx5[0m [1;36m#759[0m SKIP tension=[1;36m0.00000000[0m [0m| momentum_too_small [1;31mconf=0.2399[0m
[BETA_X5] mode=OFF radar_adj=0 mom= conf=0
[ALPHA_X13_BURST13] [1;36m00:12:52[0m [1;32mx13[0m [1;36m#795[0m SKIP tension=[1;36m0.00804734[0m [0m| direction_unclear [1;31mconf=0.0129[0m
[ALPHA_X13_BURST13] mode=OFF radar_adj=0 mom= conf=0
[ALPHA_X13_BURST13] [1;36m00:13:00[0m [1;32mx13[0m [1;36m#796[0m SKIP tension=[1;36m0.00020629[0m [0m| momentum_too_small [1;31mconf=0.0003[0m
[ALPHA_X13_BURST13] mode=OFF radar_adj=0 mom= conf=0
[BETA_X5] [1;36mCycle 760[0m [1;32mSOFT anomaly[0m [1;33m| pnl_abs=0.24776000 > 0.02500000[0m
[ALPHA_X13_BURST13] [1;36m00:13:09[0m [1;32mx13[0m [1;36m#797[0m SKIP tension=[1;36m0.00000000[0m [0m| momentum_too_small [1;31mconf=0.3372[0m
[BETA_X5] [1;36mentry=00:13:01@64797.30000000[0m [1;33mx5[0m [1;36m#760[0m [1;32mSELL[0m tension=[1;31m2.90881290[0m hold=[1;36m6[0ms sec=[1;36m6[0m [0m| exit=64764.70000000 [1;32mconf=0.9643[0m [1;36mexit_time=00:13:07[0m [1;32mpnl=0.24776000 bps=5.03107383 pct=0.05031074% total=2.1944500000000002[0m
[BETA_X5] mode=OFF radar_adj=0 mom= conf=0
[ALPHA_X13_BURST13] mode=OFF radar_adj=0 mom= conf=0
[BETA_X5] [1;36m00:13:17[0m [1;33mx5[0m [1;36m#761[0m SKIP tension=[1;36m0.00008090[0m [0m| momentum_too_small [1;31mconf=0.0001[0m
[ALPHA_X13_BURST13] [1;36m00:13:18[0m [1;32mx13[0m [1;36m#798[0m SKIP tension=[1;36m0.00008090[0m [0m| momentum_too_small [1;31mconf=0.0001[0m
[BETA_X5] mode=OFF radar_adj=0 mom= conf=0
[ALPHA_X13_BURST13] mode=OFF radar_adj=0 mom= conf=0
2026-07-31T00:13:22Z PROCESS_EXIT unit=BETA_X5 wrapper=33887 genesis=33893 how=signal why=killed_by_signal_15 rc=143
2026-07-31T00:13:26Z PROCESS_EXIT unit=ALPHA_X13_BURST13 wrapper=34023 genesis=34030 how=signal why=killed_by_signal_15 rc=143
