[BETA_X5] [1;36m--- ACE777 STRICT CLONE FUTURES TESTNET ---[0m
[BETA_X5] [1;32mV8 Resonance ON:[0m [1;36mimpulse_thr=0.96 dt_ms=64 aspiration=1.618@37.8deg void_lock=TRUE shock_exit=TRUE[0m
[BETA_X5] [1;32mV8 Tension ON:[0m [1;36mwall_drop=6.5% dt_ms=64 filter=0.85 depth=20[0m
[BETA_X5] [1;36mSymbol=BTCUSDT[0m [1;32mLeverage=5[0m [1;36mBuyUSDT=200 Orders=TRUE[0m
[ALPHA_X13_BURST13] [1;36m--- ACE777 STRICT CLONE FUTURES TESTNET ---[0m
[ALPHA_X13_BURST13] [1;36mLeverage ramp ON:[0m [1;36mstart=13 end=13 cycles=180[0m
[ALPHA_X13_BURST13] [1;32mV8 Resonance ON:[0m [1;36mimpulse_thr=0.96 dt_ms=64 aspiration=1.618@37.8deg void_lock=TRUE shock_exit=TRUE[0m
[ALPHA_X13_BURST13] [1;32mV8 Tension ON:[0m [1;36mwall_drop=6.5% dt_ms=64 filter=0.85 depth=20[0m
[ALPHA_X13_BURST13] [1;36mSymbol=BTCUSDT[0m [1;32mLeverage=13[0m [1;36mBuyUSDT=800 Orders=TRUE[0m
[BETA_X5] mode=OFF radar_adj=0 mom= conf=0
[ALPHA_X13_BURST13] mode=OFF radar_adj=0 mom= conf=0
[BETA_X5] [1;36m06:57:39[0m [1;33mx5[0m [1;36m#1[0m SKIP tension=[1;36m0.00002853[0m [0m| momentum_too_small [1;31mconf=0.0[0m
[ALPHA_X13_BURST13] [1;36m06:57:40[0m [1;32mx13[0m [1;36m#1[0m SKIP tension=[1;33m0.88292425[0m [0m| wall_not_collapsed
[BETA_X5] mode=OFF radar_adj=0 mom= conf=0
[ALPHA_X13_BURST13] mode=OFF radar_adj=0 mom= conf=0
[ALPHA_X13_BURST13] [1;36m06:57:50[0m [1;32mx13[0m [1;36m#2[0m SKIP tension=[1;36m0.00000000[0m [0m| momentum_too_small [1;31mconf=0.3496[0m
[ALPHA_X13_BURST13] mode=OFF radar_adj=0 mom= conf=0
[ALPHA_X13_BURST13] [1;36m06:58:00[0m [1;32mx13[0m [1;36m#3[0m SKIP tension=[1;36m0.00002730[0m [0m| momentum_too_small [1;31mconf=0.0[0m
[BETA_X5] [1;36mentry=06:57:53@62576.70000000[0m [1;33mx5[0m [1;36m#2[0m [1;32mSELL[0m tension=[1;31m4.15838047[0m hold=[1;36m7[0ms sec=[1;36m7[0m [0m| exit=62576.10000000 [1;32mconf=0.999[0m [1;36mexit_time=06:58:00[0m [1;32mpnl=0.00948000 bps=0.09588233 pct=0.00095882% total=0.00948[0m
[ALPHA_X13_BURST13] mode=OFF radar_adj=0 mom= conf=0
[BETA_X5] mode=OFF radar_adj=0 mom= conf=0
[ALPHA_X13_BURST13] [1;36m06:58:09[0m [1;32mx13[0m [1;36m#4[0m SKIP tension=[1;36m0.28767133[0m [0m| wall_not_collapsed
[BETA_X5] [1;36m06:58:10[0m [1;33mx5[0m [1;36m#3[0m SKIP tension=[1;36m0.00000739[0m [0m| momentum_too_small [1;31mconf=0.0[0m
[ALPHA_X13_BURST13] mode=OFF radar_adj=0 mom= conf=0
[BETA_X5] mode=OFF radar_adj=0 mom= conf=0
[ALPHA_X13_BURST13] [1;36m06:58:22[0m [1;32mx13[0m [1;36m#5[0m SKIP tension=[1;36m0.00713662[0m [0m| direction_unclear [1;31mconf=0.0119[0m
[BETA_X5] [1;36m06:58:23[0m [1;33mx5[0m [1;36m#4[0m SKIP tension=[1;36m0.00000000[0m [0m| momentum_too_small [1;31mconf=0.3493[0m
[ALPHA_X13_BURST13] mode=OFF radar_adj=0 mom= conf=0
[BETA_X5] mode=OFF radar_adj=0 mom= conf=0
[ALPHA_X13_BURST13] [1;36m06:58:40[0m [1;32mx13[0m [1;36m#6[0m SKIP tension=[1;36m0.00000000[0m [0m| momentum_too_small [1;31mconf=0.3493[0m
[ALPHA_X13_BURST13] mode=OFF radar_adj=0 mom= conf=0
[ALPHA_X13_BURST13] [1;36m06:58:55[0m [1;32mx13[0m [1;36m#7[0m SKIP tension=[1;36m0.00000000[0m [0m| momentum_too_small [1;31mconf=0.3493[0m
[ALPHA_X13_BURST13] mode=OFF radar_adj=0 mom= conf=0
[BETA_X5] [1;36mentry=06:58:49@62569.20000000[0m [1;33mx5[0m [1;36m#5[0m [1;32mSELL[0m tension=[1;32m1.11635164[0m hold=[1;36m13[0ms sec=[1;36m13[0m [0m| exit=62569.00000000 [1;32mconf=0.998[0m [1;36mexit_time=06:59:03[0m [1;32mpnl=0.00316000 bps=0.03196461 pct=0.00031965% total=0.01264[0m
[BETA_X5] mode=OFF radar_adj=0 mom= conf=0
[ALPHA_X13_BURST13] [1;36m06:59:10[0m [1;32mx13[0m [1;36m#8[0m SKIP tension=[1;36m0.81642702[0m [0m| wall_not_collapsed
[ALPHA_X13_BURST13] mode=OFF radar_adj=0 mom= conf=0
[BETA_X5] [1;36m06:59:19[0m [1;33mx5[0m [1;36m#6[0m SKIP tension=[1;36m0.26385454[0m [0m| wall_not_collapsed
[BETA_X5] mode=OFF radar_adj=0 mom= conf=0
[ALPHA_X13_BURST13] [1;36m06:59:24[0m [1;32mx13[0m [1;36m#9[0m SKIP tension=[1;36m0.00000300[0m [0m| momentum_too_small [1;31mconf=0.0[0m
[ALPHA_X13_BURST13] mode=OFF radar_adj=0 mom= conf=0
[BETA_X5] [1;36m06:59:29[0m [1;33mx5[0m [1;36m#7[0m SKIP tension=[1;36m0.00001690[0m [0m| momentum_too_small [1;31mconf=0.0[0m
[BETA_X5] mode=OFF radar_adj=0 mom= conf=0
[ALPHA_X13_BURST13] [1;36m06:59:33[0m [1;32mx13[0m [1;36m#10[0m SKIP tension=[1;36m0.00000371[0m [0m| momentum_too_small [1;31mconf=0.0[0m
[ALPHA_X13_BURST13] mode=OFF radar_adj=0 mom= conf=0
[BETA_X5] [1;36m06:59:38[0m [1;33mx5[0m [1;36m#8[0m SKIP tension=[1;36m0.00001717[0m [0m| momentum_too_small [1;31mconf=0.0[0m
[BETA_X5] mode=OFF radar_adj=0 mom= conf=0
[ALPHA_X13_BURST13] [1;36m06:59:42[0m [1;32mx13[0m [1;36m#11[0m SKIP tension=[1;32m1.83821660[0m [0m| duo no_trigger
[ALPHA_X13_BURST13] mode=OFF radar_adj=0 mom= conf=0
[BETA_X5] [1;36m06:59:47[0m [1;33mx5[0m [1;36m#9[0m SKIP tension=[1;36m0.00001537[0m [0m| momentum_too_small [1;31mconf=0.0[0m
[BETA_X5] mode=OFF radar_adj=0 mom= conf=0
[ALPHA_X13_BURST13] [1;36m06:59:52[0m [1;32mx13[0m [1;36m#12[0m SKIP tension=[1;32m1.33457540[0m [0m| duo no_trigger
[ALPHA_X13_BURST13] mode=OFF radar_adj=0 mom= conf=0
[BETA_X5] [1;36m06:59:55[0m [1;33mx5[0m [1;36m#10[0m SKIP tension=[1;36m0.00001934[0m [0m| momentum_too_small [1;31mconf=0.0[0m
[BETA_X5] mode=OFF radar_adj=0 mom= conf=0
[ALPHA_X13_BURST13] [1;36m07:00:01[0m [1;32mx13[0m [1;36m#13[0m SKIP tension=[1;31m2.08108149[0m [0m| duo no_trigger
[ALPHA_X13_BURST13] mode=OFF radar_adj=0 mom= conf=0
[ALPHA_X13_BURST13] [1;36m07:00:09[0m [1;32mx13[0m [1;36m#14[0m SKIP tension=[1;36m0.02707881[0m [0m| direction_unclear [1;31mconf=0.0362[0m
[ALPHA_X13_BURST13] mode=OFF radar_adj=0 mom= conf=0
[BETA_X5] [1;36mCycle 11[0m [1;32mSOFT anomaly[0m [1;33m| pnl_abs=0.24490000 > 0.02500000[0m
[BETA_X5] [1;36mentry=07:00:08@62584.50000000[0m [1;33mx5[0m [1;36m#11[0m [1;32mSELL[0m tension=[1;31m2.23412002[0m hold=[1;36m6[0ms sec=[1;36m6[0m [0m| exit=62569.00000000 [1;32mconf=0.8083[0m [1;36mexit_time=07:00:15[0m [1;32mpnl=0.24490000 bps=2.47665157 pct=0.02476652% total=0.25754[0m
[ALPHA_X13_BURST13] [1;36m07:00:18[0m [1;32mx13[0m [1;36m#15[0m SKIP tension=[1;36m0.00006585[0m [0m| momentum_too_small [1;31mconf=0.0001[0m
[BETA_X5] mode=OFF radar_adj=0 mom= conf=0
[ALPHA_X13_BURST13] mode=OFF radar_adj=0 mom= conf=0
[BETA_X5] [1;36m07:00:24[0m [1;33mx5[0m [1;36m#12[0m SKIP tension=[1;36m0.00000000[0m [0m| momentum_too_small [1;31mconf=0.2804[0m
[ALPHA_X13_BURST13] [1;36m07:00:27[0m [1;32mx13[0m [1;36m#16[0m SKIP tension=[1;36m0.00000000[0m [0m| momentum_too_small [1;31mconf=0.2804[0m
[BETA_X5] mode=OFF radar_adj=0 mom= conf=0
[ALPHA_X13_BURST13] mode=OFF radar_adj=0 mom= conf=0
[BETA_X5] [1;36m07:00:33[0m [1;33mx5[0m [1;36m#13[0m SKIP tension=[1;36m0.00000000[0m [0m| momentum_too_small [1;31mconf=0.2804[0m
[ALPHA_X13_BURST13] [1;36m07:00:35[0m [1;32mx13[0m [1;36m#17[0m SKIP tension=[1;36m0.00001637[0m [0m| momentum_too_small [1;31mconf=0.0[0m
[BETA_X5] mode=OFF radar_adj=0 mom= conf=0
[ALPHA_X13_BURST13] mode=OFF radar_adj=0 mom= conf=0
[BETA_X5] [1;36m07:00:42[0m [1;33mx5[0m [1;36m#14[0m SKIP tension=[1;36m0.00000000[0m [0m| momentum_too_small [1;31mconf=0.2804[0m
[ALPHA_X13_BURST13] [1;36m07:00:44[0m [1;32mx13[0m [1;36m#18[0m SKIP tension=[1;36m0.00000417[0m [0m| momentum_too_small [1;31mconf=0.0[0m
[BETA_X5] mode=OFF radar_adj=0 mom= conf=0
[ALPHA_X13_BURST13] mode=OFF radar_adj=0 mom= conf=0
[BETA_X5] [1;36m07:00:50[0m [1;33mx5[0m [1;36m#15[0m SKIP tension=[1;36m0.00000000[0m [0m| momentum_too_small [1;31mconf=0.3255[0m
[ALPHA_X13_BURST13] [1;36m07:00:52[0m [1;32mx13[0m [1;36m#19[0m SKIP tension=[1;36m0.00000834[0m [0m| momentum_too_small [1;31mconf=0.0[0m
[BETA_X5] mode=OFF radar_adj=0 mom= conf=0
[ALPHA_X13_BURST13] mode=OFF radar_adj=0 mom= conf=0
[BETA_X5] [1;36m07:00:58[0m [1;33mx5[0m [1;36m#16[0m SKIP tension=[1;36m0.00059840[0m [0m| momentum_too_small [1;31mconf=0.0008[0m
[BETA_X5] mode=OFF radar_adj=0 mom= conf=0
[ALPHA_X13_BURST13] [1;36m07:01:01[0m [1;32mx13[0m [1;36m#20[0m SKIP tension=[1;36m0.00000417[0m [0m| momentum_too_small [1;31mconf=0.0[0m
[ALPHA_X13_BURST13] mode=OFF radar_adj=0 mom= conf=0
[BETA_X5] [1;36m07:01:06[0m [1;33mx5[0m [1;36m#17[0m SKIP tension=[1;36m0.00005210[0m [0m| momentum_too_small [1;31mconf=0.0001[0m
[BETA_X5] mode=OFF radar_adj=0 mom= conf=0
[ALPHA_X13_BURST13] [1;36m07:01:09[0m [1;32mx13[0m [1;36m#21[0m SKIP tension=[1;36m0.00000000[0m [0m| momentum_too_small [1;31mconf=0.3018[0m
[ALPHA_X13_BURST13] mode=OFF radar_adj=0 mom= conf=0
[BETA_X5] [1;36m07:01:14[0m [1;33mx5[0m [1;36m#18[0m SKIP tension=[1;36m0.00003444[0m [0m| momentum_too_small [1;31mconf=0.0[0m
[BETA_X5] mode=OFF radar_adj=0 mom= conf=0
[ALPHA_X13_BURST13] [1;36m07:01:18[0m [1;32mx13[0m [1;36m#22[0m SKIP tension=[1;36m0.00000000[0m [0m| momentum_too_small [1;31mconf=0.2804[0m
[ALPHA_X13_BURST13] mode=OFF radar_adj=0 mom= conf=0
[BETA_X5] [1;36m07:01:22[0m [1;33mx5[0m [1;36m#19[0m SKIP tension=[1;36m0.84453248[0m [0m| wall_not_collapsed
[BETA_X5] mode=OFF radar_adj=0 mom= conf=0
[ALPHA_X13_BURST13] [1;36m07:01:26[0m [1;32mx13[0m [1;36m#23[0m SKIP tension=[1;36m0.06282914[0m [0m| direction_unclear [1;31mconf=0.0839[0m
[ALPHA_X13_BURST13] mode=OFF radar_adj=0 mom= conf=0
[BETA_X5] [1;36m07:01:31[0m [1;33mx5[0m [1;36m#20[0m SKIP tension=[1;36m0.00000000[0m [0m| momentum_too_small [1;31mconf=0.2804[0m
[BETA_X5] mode=OFF radar_adj=0 mom= conf=0
[ALPHA_X13_BURST13] [1;36m07:01:35[0m [1;32mx13[0m [1;36m#24[0m SKIP tension=[1;36m0.00000587[0m [0m| momentum_too_small [1;31mconf=0.0[0m
[ALPHA_X13_BURST13] mode=OFF radar_adj=0 mom= conf=0
[BETA_X5] [1;36m07:01:39[0m [1;33mx5[0m [1;36m#21[0m SKIP tension=[1;36m0.00508725[0m [0m| momentum_too_small [1;31mconf=0.0068[0m
[BETA_X5] mode=OFF radar_adj=0 mom= conf=0
[ALPHA_X13_BURST13] [1;36m07:01:44[0m [1;32mx13[0m [1;36m#25[0m SKIP tension=[1;36m0.00002911[0m [0m| momentum_too_small [1;31mconf=0.0[0m
[ALPHA_X13_BURST13] mode=OFF radar_adj=0 mom= conf=0
[BETA_X5] [1;36m07:01:48[0m [1;33mx5[0m [1;36m#22[0m SKIP tension=[1;36m0.00001862[0m [0m| momentum_too_small [1;31mconf=0.0[0m
[BETA_X5] mode=OFF radar_adj=0 mom= conf=0
[ALPHA_X13_BURST13] [1;36m07:01:53[0m [1;32mx13[0m [1;36m#26[0m SKIP tension=[1;33m0.96614895[0m [0m| wall_not_collapsed
[ALPHA_X13_BURST13] mode=OFF radar_adj=0 mom= conf=0
[BETA_X5] [1;36m07:01:57[0m [1;33mx5[0m [1;36m#23[0m SKIP tension=[1;36m0.00000773[0m [0m| momentum_too_small [1;31mconf=0.0[0m
[BETA_X5] mode=OFF radar_adj=0 mom= conf=0
[ALPHA_X13_BURST13] [1;36m07:02:02[0m [1;32mx13[0m [1;36m#27[0m SKIP tension=[1;36m0.00003115[0m [0m| momentum_too_small [1;31mconf=0.0[0m
[ALPHA_X13_BURST13] mode=OFF radar_adj=0 mom= conf=0
[ALPHA_X13_BURST13] [1;36m07:02:11[0m [1;32mx13[0m [1;36m#28[0m SKIP tension=[1;31m3.85840348[0m [0m| duo no_trigger
[ALPHA_X13_BURST13] mode=OFF radar_adj=0 mom= conf=0
[ALPHA_X13_BURST13] [1;36m07:02:21[0m [1;32mx13[0m [1;36m#29[0m SKIP tension=[1;31m11.19522441[0m [0m| duo no_trigger
[BETA_X5] [1;36mentry=07:02:10@62588.90000000[0m [1;33mx5[0m [1;36m#24[0m [1;32mSELL[0m tension=[1;32m1.45591447[0m hold=[1;36m10[0ms sec=[1;36m10[0m [0m| exit=62588.30000000 [1;32mconf=0.8013[0m [1;36mexit_time=07:02:20[0m [1;32mpnl=0.00468000 bps=0.09586364 pct=0.00095864% total=0.26222[0m
[ALPHA_X13_BURST13] mode=OFF radar_adj=0 mom= conf=0
[BETA_X5] mode=OFF radar_adj=0 mom= conf=0
[BETA_X5] [1;36m07:02:30[0m [1;33mx5[0m [1;36m#25[0m SKIP tension=[1;36m0.00000617[0m [0m| momentum_too_small [1;31mconf=0.0[0m
[ALPHA_X13_BURST13] [1;36m07:02:30[0m [1;32mx13[0m [1;36m#30[0m SKIP tension=[1;36m0.00000964[0m [0m| momentum_too_small [1;31mconf=0.0[0m
[BETA_X5] mode=OFF radar_adj=0 mom= conf=0
[ALPHA_X13_BURST13] mode=OFF radar_adj=0 mom= conf=0
[BETA_X5] [1;36m07:02:38[0m [1;33mx5[0m [1;36m#26[0m SKIP tension=[1;36m0.00000000[0m [0m| momentum_too_small [1;31mconf=0.2804[0m
[ALPHA_X13_BURST13] [1;36m07:02:38[0m [1;32mx13[0m [1;36m#31[0m SKIP tension=[1;36m0.00000000[0m [0m| momentum_too_small [1;31mconf=0.2804[0m
[BETA_X5] mode=OFF radar_adj=0 mom= conf=0
[ALPHA_X13_BURST13] mode=OFF radar_adj=0 mom= conf=0
[ALPHA_X13_BURST13] [1;36m07:02:48[0m [1;32mx13[0m [1;36m#32[0m SKIP tension=[1;36m0.00000000[0m [0m| momentum_too_small [1;31mconf=0.3479[0m
[ALPHA_X13_BURST13] mode=OFF radar_adj=0 mom= conf=0
[ALPHA_X13_BURST13] [1;36m07:02:58[0m [1;32mx13[0m [1;36m#33[0m SKIP tension=[1;36m0.00001822[0m [0m| momentum_too_small [1;31mconf=0.0[0m
[ALPHA_X13_BURST13] mode=OFF radar_adj=0 mom= conf=0
[BETA_X5] [1;36mCycle 27[0m [1;32mSOFT anomaly[0m [1;33m| pnl_abs=0.10842000 > 0.02500000[0m
[BETA_X5] [1;36mentry=07:02:51@62582.90000000[0m [1;33mx5[0m [1;36m#27[0m [1;32mSELL[0m tension=[1;31m5.92552688[0m hold=[1;36m9[0ms sec=[1;36m9[0m [0m| exit=62569.00000000 [1;32mconf=0.994[0m [1;36mexit_time=07:03:00[0m [1;32mpnl=0.10842000 bps=2.22105399 pct=0.02221054% total=0.37064[0m
[BETA_X5] mode=OFF radar_adj=0 mom= conf=0
[ALPHA_X13_BURST13] [1;36m07:03:06[0m [1;32mx13[0m [1;36m#34[0m SKIP tension=[1;36m0.00090083[0m [0m| momentum_too_small [1;31mconf=0.0014[0m
[ALPHA_X13_BURST13] mode=OFF radar_adj=0 mom= conf=0
[BETA_X5] [1;36m07:03:10[0m [1;33mx5[0m [1;36m#28[0m SKIP tension=[1;36m0.00030200[0m [0m| momentum_too_small [1;31mconf=0.0005[0m
[BETA_X5] mode=OFF radar_adj=0 mom= conf=0
[ALPHA_X13_BURST13] [1;36m07:03:16[0m [1;32mx13[0m [1;36m#35[0m SKIP tension=[1;36m0.00003271[0m [0m| momentum_too_small [1;31mconf=0.0001[0m
[BETA_X5] [1;36m07:03:18[0m [1;33mx5[0m [1;36m#29[0m SKIP tension=[1;36m0.02463734[0m [0m| direction_unclear [1;31mconf=0.0378[0m
[ALPHA_X13_BURST13] mode=OFF radar_adj=0 mom= conf=0
[BETA_X5] mode=OFF radar_adj=0 mom= conf=0
[ALPHA_X13_BURST13] [1;36m07:03:24[0m [1;32mx13[0m [1;36m#36[0m SKIP tension=[1;36m0.08798471[0m [0m| direction_unclear [1;31mconf=0.1339[0m
[ALPHA_X13_BURST13] mode=OFF radar_adj=0 mom= conf=0
[ALPHA_X13_BURST13] [1;36m07:03:33[0m [1;32mx13[0m [1;36m#37[0m SKIP tension=[1;36m0.00272546[0m [0m| momentum_too_small [1;31mconf=0.0041[0m
[ALPHA_X13_BURST13] mode=OFF radar_adj=0 mom= conf=0
[BETA_X5] [1;36mentry=07:03:30@62568.90000000[0m [1;33mx5[0m [1;36m#30[0m [1;32mSELL[0m tension=[1;32m1.62334005[0m hold=[1;36m10[0ms sec=[1;36m10[0m [0m| exit=62567.20000000 [1;32mconf=0.9131[0m [1;36mexit_time=07:03:40[0m [1;32mpnl=0.01326000 bps=0.27170048 pct=0.00271700% total=0.3839[0m
[ALPHA_X13_BURST13] [1;36m07:03:42[0m [1;32mx13[0m [1;36m#38[0m SKIP tension=[1;36m0.49225085[0m [0m| wall_not_collapsed
[BETA_X5] mode=OFF radar_adj=0 mom= conf=0
[ALPHA_X13_BURST13] mode=OFF radar_adj=0 mom= conf=0
[BETA_X5] [1;36m07:03:49[0m [1;33mx5[0m [1;36m#31[0m SKIP tension=[1;36m0.07731122[0m [0m| direction_unclear [1;31mconf=0.1183[0m
[ALPHA_X13_BURST13] [1;36m07:03:51[0m [1;32mx13[0m [1;36m#39[0m SKIP tension=[1;31m2.30303264[0m [0m| duo no_trigger
[BETA_X5] mode=OFF radar_adj=0 mom= conf=0
[ALPHA_X13_BURST13] mode=OFF radar_adj=0 mom= conf=0
[BETA_X5] [1;36m07:03:57[0m [1;33mx5[0m [1;36m#32[0m SKIP tension=[1;36m0.03184080[0m [0m| direction_unclear [1;31mconf=0.053[0m
[ALPHA_X13_BURST13] [1;36m07:04:00[0m [1;32mx13[0m [1;36m#40[0m SKIP tension=[1;36m0.00000000[0m [0m| momentum_too_small [1;31mconf=0.3496[0m
[BETA_X5] mode=OFF radar_adj=0 mom= conf=0
[ALPHA_X13_BURST13] mode=OFF radar_adj=0 mom= conf=0
[BETA_X5] [1;36m07:04:05[0m [1;33mx5[0m [1;36m#33[0m SKIP tension=[1;36m0.00002770[0m [0m| momentum_too_small [1;31mconf=0.0[0m
[BETA_X5] mode=OFF radar_adj=0 mom= conf=0
[ALPHA_X13_BURST13] [1;36m07:04:09[0m [1;32mx13[0m [1;36m#41[0m SKIP tension=[1;36m0.19083228[0m [0m| direction_unclear [1;31mconf=0.3177[0m
[ALPHA_X13_BURST13] mode=OFF radar_adj=0 mom= conf=0
[BETA_X5] [1;36m07:04:13[0m [1;33mx5[0m [1;36m#34[0m SKIP tension=[1;33m0.94003157[0m [0m| wall_not_collapsed
[BETA_X5] mode=OFF radar_adj=0 mom= conf=0
[ALPHA_X13_BURST13] [1;36m07:04:18[0m [1;32mx13[0m [1;36m#42[0m SKIP tension=[1;36m0.24996107[0m [0m| wall_not_collapsed
[ALPHA_X13_BURST13] mode=OFF radar_adj=0 mom= conf=0
[BETA_X5] [1;36m07:04:21[0m [1;33mx5[0m [1;36m#35[0m SKIP tension=[1;36m0.71322632[0m [0m| wall_not_collapsed
[BETA_X5] mode=OFF radar_adj=0 mom= conf=0
[ALPHA_X13_BURST13] [1;36m07:04:26[0m [1;32mx13[0m [1;36m#43[0m SKIP tension=[1;36m0.00000000[0m [0m| momentum_too_small [1;31mconf=0.3112[0m
[ALPHA_X13_BURST13] mode=OFF radar_adj=0 mom= conf=0
[ALPHA_X13_BURST13] [1;36m07:04:34[0m [1;32mx13[0m [1;36m#44[0m SKIP tension=[1;36m0.25773594[0m [0m| wall_not_collapsed
[ALPHA_X13_BURST13] mode=OFF radar_adj=0 mom= conf=0
[BETA_X5] [1;36mCycle 36[0m [1;32mSOFT anomaly[0m [1;33m| pnl_abs=0.07488000 > 0.02500000[0m
[BETA_X5] [1;36mentry=07:04:34@62573.10000000[0m [1;33mx5[0m [1;36m#36[0m [1;32mSELL[0m tension=[1;31m4.24900392[0m hold=[1;36m6[0ms sec=[1;36m6[0m [0m| exit=62563.50000000 [1;32mconf=0.8881[0m [1;36mexit_time=07:04:40[0m [1;32mpnl=0.07488000 bps=1.53420559 pct=0.01534206% total=0.45878[0m
[ALPHA_X13_BURST13] [1;36m07:04:43[0m [1;32mx13[0m [1;36m#45[0m SKIP tension=[1;36m0.28583060[0m [0m| wall_not_collapsed
[BETA_X5] mode=OFF radar_adj=0 mom= conf=0
[ALPHA_X13_BURST13] mode=OFF radar_adj=0 mom= conf=0
[ALPHA_X13_BURST13] [1;36m07:04:52[0m [1;32mx13[0m [1;36m#46[0m SKIP tension=[1;36m0.00006501[0m [0m| momentum_too_small [1;31mconf=0.0001[0m
[ALPHA_X13_BURST13] mode=OFF radar_adj=0 mom= conf=0
[ALPHA_X13_BURST13] [1;36m07:05:02[0m [1;32mx13[0m [1;36m#47[0m SKIP tension=[1;36m0.00000000[0m [0m| momentum_too_small [1;31mconf=0.3496[0m
[BETA_X5] [1;36mentry=07:04:54@62563.60000000[0m [1;33mx5[0m [1;36m#37[0m [1;33mSELL[0m tension=[1;31m4.39576521[0m hold=[1;36m7[0ms sec=[1;36m7[0m [0m| exit=62563.60000000 [1;32mconf=0.999[0m [1;36mexit_time=07:05:01[0m [1;33mpnl=-0.00000000 bps=-0.00000000 pct=-0.00000000% total=0.45878[0m
[ALPHA_X13_BURST13] mode=OFF radar_adj=0 mom= conf=0
[BETA_X5] mode=OFF radar_adj=0 mom= conf=0
[ALPHA_X13_BURST13] [1;36m07:05:10[0m [1;32mx13[0m [1;36m#48[0m SKIP tension=[1;36m0.00013170[0m [0m| momentum_too_small [1;31mconf=0.0002[0m
[BETA_X5] [1;36m07:05:10[0m [1;33mx5[0m [1;36m#38[0m SKIP tension=[1;36m0.00013170[0m [0m| momentum_too_small [1;31mconf=0.0002[0m
[ALPHA_X13_BURST13] mode=OFF radar_adj=0 mom= conf=0
[BETA_X5] mode=OFF radar_adj=0 mom= conf=0
[ALPHA_X13_BURST13] [1;36m07:05:20[0m [1;32mx13[0m [1;36m#49[0m SKIP tension=[1;31m4.65215381[0m [0m| duo no_trigger
[ALPHA_X13_BURST13] mode=OFF radar_adj=0 mom= conf=0
[ALPHA_X13_BURST13] [1;36m07:05:30[0m [1;32mx13[0m [1;36m#50[0m SKIP tension=[1;36m0.66634907[0m [0m| wall_not_collapsed
[BETA_X5] [1;36mentry=07:05:23@62563.50000000[0m [1;33mx5[0m [1;36m#39[0m [1;33mSELL[0m tension=[1;31m4.65215381[0m hold=[1;36m7[0ms sec=[1;36m7[0m [0m| exit=62563.50000000 [1;33mconf=0.7883[0m [1;36mexit_time=07:05:30[0m [1;33mpnl=-0.00000000 bps=-0.00000000 pct=-0.00000000% total=0.45878[0m
[ALPHA_X13_BURST13] mode=OFF radar_adj=0 mom= conf=0
[BETA_X5] mode=OFF radar_adj=0 mom= conf=0
[ALPHA_X13_BURST13] [1;36m07:05:39[0m [1;32mx13[0m [1;36m#51[0m SKIP tension=[1;33m0.91160264[0m [0m| wall_not_collapsed
[BETA_X5] [1;36m07:05:41[0m [1;33mx5[0m [1;36m#40[0m SKIP tension=[1;36m0.00000000[0m [0m| momentum_too_small [1;31mconf=0.3409[0m
[ALPHA_X13_BURST13] mode=OFF radar_adj=0 mom= conf=0
[BETA_X5] mode=OFF radar_adj=0 mom= conf=0
[ALPHA_X13_BURST13] [1;36m07:05:49[0m [1;32mx13[0m [1;36m#52[0m SKIP tension=[1;36m0.30858210[0m [0m| wall_not_collapsed
[BETA_X5] [1;36m07:05:49[0m [1;33mx5[0m [1;36m#41[0m SKIP tension=[1;36m0.00000000[0m [0m| momentum_too_small [1;31mconf=0.3409[0m
[ALPHA_X13_BURST13] mode=OFF radar_adj=0 mom= conf=0
[BETA_X5] mode=OFF radar_adj=0 mom= conf=0
[ALPHA_X13_BURST13] [1;36m07:05:58[0m [1;32mx13[0m [1;36m#53[0m SKIP tension=[1;31m3.72776763[0m [0m| duo no_trigger
[ALPHA_X13_BURST13] mode=OFF radar_adj=0 mom= conf=0
[ALPHA_X13_BURST13] [1;36m07:06:08[0m [1;32mx13[0m [1;36m#54[0m SKIP tension=[1;31m8.23262823[0m [0m| duo no_trigger
[BETA_X5] [1;36mCycle 42[0m [1;32mSOFT anomaly[0m [1;33m| pnl_abs=0.19812000 > 0.02500000[0m
[ALPHA_X13_BURST13] mode=OFF radar_adj=0 mom= conf=0
[BETA_X5] [1;36mentry=07:06:03@62588.90000000[0m [1;33mx5[0m [1;36m#42[0m [1;32mSELL[0m tension=[1;31m3.72776763[0m hold=[1;36m7[0ms sec=[1;36m7[0m [0m| exit=62563.50000000 [1;33mconf=0.6366[0m [1;36mexit_time=07:06:10[0m [1;32mpnl=0.19812000 bps=4.05822758 pct=0.04058228% total=0.6569[0m
[BETA_X5] mode=OFF radar_adj=0 mom= conf=0
[ALPHA_X13_BURST13] [1;36m07:06:16[0m [1;32mx13[0m [1;36m#55[0m SKIP tension=[1;36m0.00003959[0m [0m| momentum_too_small [1;31mconf=0.0001[0m
[ALPHA_X13_BURST13] mode=OFF radar_adj=0 mom= conf=0
[ALPHA_X13_BURST13] [1;36m07:06:25[0m [1;32mx13[0m [1;36m#56[0m SKIP tension=[1;31m6.05882675[0m [0m| duo no_trigger
[ALPHA_X13_BURST13] mode=OFF radar_adj=0 mom= conf=0
[BETA_X5] [1;36mentry=07:06:23@62600.60000000[0m [1;33mx5[0m [1;36m#43[0m [1;33mSELL[0m tension=[1;31m9.79124188[0m hold=[1;36m8[0ms sec=[1;36m8[0m [0m| exit=62600.60000000 [1;32mconf=0.994[0m [1;36mexit_time=07:06:31[0m [1;33mpnl=-0.00000000 bps=-0.00000000 pct=-0.00000000% total=0.6569[0m
[ALPHA_X13_BURST13] [1;36m07:06:34[0m [1;32mx13[0m [1;36m#57[0m SKIP tension=[1;32m1.25784392[0m [0m| duo no_trigger
[BETA_X5] mode=OFF radar_adj=0 mom= conf=0
[ALPHA_X13_BURST13] mode=OFF radar_adj=0 mom= conf=0
[BETA_X5] [1;36m07:06:41[0m [1;33mx5[0m [1;36m#44[0m SKIP tension=[1;36m0.00013592[0m [0m| momentum_too_small [1;31mconf=0.0002[0m
[ALPHA_X13_BURST13] [1;36m07:06:43[0m [1;32mx13[0m [1;36m#58[0m SKIP tension=[1;36m0.00002550[0m [0m| momentum_too_small [1;31mconf=0.0[0m
[BETA_X5] mode=OFF radar_adj=0 mom= conf=0
[ALPHA_X13_BURST13] mode=OFF radar_adj=0 mom= conf=0
[BETA_X5] [1;36m07:06:49[0m [1;33mx5[0m [1;36m#45[0m SKIP tension=[1;36m0.00922240[0m [0m| momentum_too_small [1;31mconf=0.0153[0m
[BETA_X5] mode=OFF radar_adj=0 mom= conf=0
[ALPHA_X13_BURST13] [1;36m07:06:53[0m [1;32mx13[0m [1;36m#59[0m SKIP tension=[1;31m4.49729597[0m [0m| duo no_trigger
[ALPHA_X13_BURST13] mode=OFF radar_adj=0 mom= conf=0
[BETA_X5] [1;36m07:06:57[0m [1;33mx5[0m [1;36m#46[0m SKIP tension=[1;36m0.00000842[0m [0m| momentum_too_small [1;31mconf=0.0[0m
[BETA_X5] mode=OFF radar_adj=0 mom= conf=0
[ALPHA_X13_BURST13] [1;36m07:07:01[0m [1;32mx13[0m [1;36m#60[0m SKIP tension=[1;36m0.00000986[0m [0m| momentum_too_small [1;31mconf=0.0[0m
[ALPHA_X13_BURST13] mode=OFF radar_adj=0 mom= conf=0
[BETA_X5] [1;36m07:07:05[0m [1;33mx5[0m [1;36m#47[0m SKIP tension=[1;36m0.00003874[0m [0m| momentum_too_small [1;31mconf=0.0001[0m
[BETA_X5] mode=OFF radar_adj=0 mom= conf=0
[ALPHA_X13_BURST13] [1;36m07:07:11[0m [1;32mx13[0m [1;36m#61[0m SKIP tension=[1;32m1.10311078[0m [0m| duo no_trigger
[ALPHA_X13_BURST13] mode=OFF radar_adj=0 mom= conf=0
[BETA_X5] [1;36m07:07:14[0m [1;33mx5[0m [1;36m#48[0m SKIP tension=[1;36m0.00002527[0m [0m| momentum_too_small [1;31mconf=0.0[0m
[BETA_X5] mode=OFF radar_adj=0 mom= conf=0
[ALPHA_X13_BURST13] [1;36m07:07:19[0m [1;32mx13[0m [1;36m#62[0m SKIP tension=[1;36m0.00000000[0m [0m| momentum_too_small [1;31mconf=0.329[0m
[BETA_X5] [1;36m07:07:22[0m [1;33mx5[0m [1;36m#49[0m SKIP tension=[1;36m0.00000000[0m [0m| momentum_too_small [1;31mconf=0.329[0m
[ALPHA_X13_BURST13] mode=OFF radar_adj=0 mom= conf=0
[BETA_X5] mode=OFF radar_adj=0 mom= conf=0
[ALPHA_X13_BURST13] [1;36m07:07:29[0m [1;32mx13[0m [1;36m#63[0m SKIP tension=[1;36m0.00000000[0m [0m| momentum_too_small [1;31mconf=0.2934[0m
[BETA_X5] [1;36m07:07:31[0m [1;33mx5[0m [1;36m#50[0m SKIP tension=[1;36m0.00002359[0m [0m| momentum_too_small [1;31mconf=0.0[0m
[ALPHA_X13_BURST13] mode=OFF radar_adj=0 mom= conf=0
[BETA_X5] mode=OFF radar_adj=0 mom= conf=0
[ALPHA_X13_BURST13] [1;36m07:07:38[0m [1;32mx13[0m [1;36m#64[0m SKIP tension=[1;33m0.97501749[0m [0m| wall_not_collapsed
[BETA_X5] [1;36m07:07:39[0m [1;33mx5[0m [1;36m#51[0m SKIP tension=[1;36m0.00000000[0m [0m| momentum_too_small [1;31mconf=0.342[0m
[ALPHA_X13_BURST13] mode=OFF radar_adj=0 mom= conf=0
[BETA_X5] mode=OFF radar_adj=0 mom= conf=0
[ALPHA_X13_BURST13] [1;36m07:07:47[0m [1;32mx13[0m [1;36m#65[0m SKIP tension=[1;36m0.00001845[0m [0m| momentum_too_small [1;31mconf=0.0[0m
[BETA_X5] [1;36m07:07:48[0m [1;33mx5[0m [1;36m#52[0m SKIP tension=[1;36m0.00830007[0m [0m| momentum_too_small [1;31mconf=0.0135[0m
[ALPHA_X13_BURST13] mode=OFF radar_adj=0 mom= conf=0
[BETA_X5] mode=OFF radar_adj=0 mom= conf=0
[BETA_X5] [1;36m07:07:57[0m [1;33mx5[0m [1;36m#53[0m SKIP tension=[1;36m0.00000000[0m [0m| momentum_too_small [1;31mconf=0.342[0m
[ALPHA_X13_BURST13] [1;36m07:07:57[0m [1;32mx13[0m [1;36m#66[0m SKIP tension=[1;36m0.00000000[0m [0m| momentum_too_small [1;31mconf=0.342[0m
[BETA_X5] mode=OFF radar_adj=0 mom= conf=0
[ALPHA_X13_BURST13] mode=OFF radar_adj=0 mom= conf=0
[BETA_X5] [1;36m07:08:05[0m [1;33mx5[0m [1;36m#54[0m SKIP tension=[1;36m0.00002582[0m [0m| momentum_too_small [1;31mconf=0.0[0m
[ALPHA_X13_BURST13] [1;36m07:08:06[0m [1;32mx13[0m [1;36m#67[0m SKIP tension=[1;36m0.00003299[0m [0m| momentum_too_small [1;31mconf=0.0001[0m
[BETA_X5] mode=OFF radar_adj=0 mom= conf=0
[ALPHA_X13_BURST13] mode=OFF radar_adj=0 mom= conf=0
[BETA_X5] [1;36m07:08:15[0m [1;33mx5[0m [1;36m#55[0m SKIP tension=[1;36m0.67977286[0m [0m| wall_not_collapsed
[ALPHA_X13_BURST13] [1;36m07:08:15[0m [1;32mx13[0m [1;36m#68[0m SKIP tension=[1;32m1.36054256[0m [0m| duo no_trigger
[BETA_X5] mode=OFF radar_adj=0 mom= conf=0
[ALPHA_X13_BURST13] mode=OFF radar_adj=0 mom= conf=0
[BETA_X5] [1;36m07:08:23[0m [1;33mx5[0m [1;36m#56[0m SKIP tension=[1;36m0.00001482[0m [0m| momentum_too_small [1;31mconf=0.0[0m
[ALPHA_X13_BURST13] [1;36m07:08:24[0m [1;32mx13[0m [1;36m#69[0m SKIP tension=[1;36m0.00001482[0m [0m| momentum_too_small [1;31mconf=0.0[0m
[BETA_X5] mode=OFF radar_adj=0 mom= conf=0
[ALPHA_X13_BURST13] mode=OFF radar_adj=0 mom= conf=0
[BETA_X5] [1;36m07:08:31[0m [1;33mx5[0m [1;36m#57[0m SKIP tension=[1;36m0.00001482[0m [0m| momentum_too_small [1;31mconf=0.0[0m
[ALPHA_X13_BURST13] [1;36m07:08:32[0m [1;32mx13[0m [1;36m#70[0m SKIP tension=[1;36m0.00000000[0m [0m| momentum_too_small [1;31mconf=0.3472[0m
[BETA_X5] mode=OFF radar_adj=0 mom= conf=0
[ALPHA_X13_BURST13] mode=OFF radar_adj=0 mom= conf=0
[BETA_X5] [1;36m07:08:40[0m [1;33mx5[0m [1;36m#58[0m SKIP tension=[1;36m0.00003139[0m [0m| momentum_too_small [1;31mconf=0.0001[0m
[ALPHA_X13_BURST13] [1;36m07:08:40[0m [1;32mx13[0m [1;36m#71[0m SKIP tension=[1;36m0.00002354[0m [0m| momentum_too_small [1;31mconf=0.0[0m
[BETA_X5] mode=OFF radar_adj=0 mom= conf=0
[ALPHA_X13_BURST13] mode=OFF radar_adj=0 mom= conf=0
[ALPHA_X13_BURST13] [1;36m07:08:50[0m [1;32mx13[0m [1;36m#72[0m SKIP tension=[1;36m0.79052242[0m [0m| wall_not_collapsed
[ALPHA_X13_BURST13] mode=OFF radar_adj=0 mom= conf=0
[ALPHA_X13_BURST13] [1;36m07:08:59[0m [1;32mx13[0m [1;36m#73[0m SKIP tension=[1;36m0.00002989[0m [0m| momentum_too_small [1;31mconf=0.0[0m
[BETA_X5] [1;36mentry=07:08:54@62584.10000000[0m [1;33mx5[0m [1;36m#59[0m [1;33mSELL[0m tension=[1;32m1.35634841[0m hold=[1;36m6[0ms sec=[1;36m6[0m [0m| exit=62584.10000000 [1;32mconf=0.992[0m [1;36mexit_time=07:09:01[0m [1;33mpnl=-0.00000000 bps=-0.00000000 pct=-0.00000000% total=0.6569[0m
[ALPHA_X13_BURST13] mode=OFF radar_adj=0 mom= conf=0
[BETA_X5] mode=OFF radar_adj=0 mom= conf=0
[ALPHA_X13_BURST13] [1;36m07:09:08[0m [1;32mx13[0m [1;36m#74[0m SKIP tension=[1;36m0.00000000[0m [0m| momentum_too_small [1;31mconf=0.3472[0m
[BETA_X5] [1;36m07:09:10[0m [1;33mx5[0m [1;36m#60[0m SKIP tension=[1;36m0.84222566[0m [0m| wall_not_collapsed
[ALPHA_X13_BURST13] mode=OFF radar_adj=0 mom= conf=0
[BETA_X5] mode=OFF radar_adj=0 mom= conf=0
[ALPHA_X13_BURST13] [1;36m07:09:17[0m [1;32mx13[0m [1;36m#75[0m SKIP tension=[1;36m0.00000000[0m [0m| momentum_too_small [1;31mconf=0.3126[0m
[BETA_X5] [1;36m07:09:19[0m [1;33mx5[0m [1;36m#61[0m SKIP tension=[1;36m0.00002450[0m [0m| momentum_too_small [1;31mconf=0.0[0m
[ALPHA_X13_BURST13] mode=OFF radar_adj=0 mom= conf=0
[BETA_X5] mode=OFF radar_adj=0 mom= conf=0
[ALPHA_X13_BURST13] [1;36m07:09:26[0m [1;32mx13[0m [1;36m#76[0m SKIP tension=[1;32m1.68813010[0m [0m| duo no_trigger
[BETA_X5] [1;36m07:09:28[0m [1;33mx5[0m [1;36m#62[0m SKIP tension=[1;36m0.00001305[0m [0m| momentum_too_small [1;31mconf=0.0[0m
[ALPHA_X13_BURST13] mode=OFF radar_adj=0 mom= conf=0
[BETA_X5] mode=OFF radar_adj=0 mom= conf=0
[ALPHA_X13_BURST13] [1;36m07:09:35[0m [1;32mx13[0m [1;36m#77[0m SKIP tension=[1;36m0.00000000[0m [0m| momentum_too_small [1;31mconf=0.2983[0m
[BETA_X5] [1;36m07:09:37[0m [1;33mx5[0m [1;36m#63[0m SKIP tension=[1;36m0.00000000[0m [0m| momentum_too_small [1;31mconf=0.2983[0m
[ALPHA_X13_BURST13] mode=OFF radar_adj=0 mom= conf=0
[BETA_X5] mode=OFF radar_adj=0 mom= conf=0
[ALPHA_X13_BURST13] [1;36m07:09:44[0m [1;32mx13[0m [1;36m#78[0m SKIP tension=[1;36m0.00000000[0m [0m| momentum_too_small [1;31mconf=0.3262[0m
[BETA_X5] [1;36m07:09:45[0m [1;33mx5[0m [1;36m#64[0m SKIP tension=[1;36m0.00000000[0m [0m| momentum_too_small [1;31mconf=0.3262[0m
[ALPHA_X13_BURST13] mode=OFF radar_adj=0 mom= conf=0
[BETA_X5] mode=OFF radar_adj=0 mom= conf=0
[ALPHA_X13_BURST13] [1;36m07:09:53[0m [1;32mx13[0m [1;36m#79[0m SKIP tension=[1;36m0.11713495[0m [0m| direction_unclear [1;31mconf=0.1703[0m
[BETA_X5] [1;36m07:09:54[0m [1;33mx5[0m [1;36m#65[0m SKIP tension=[1;36m0.53984383[0m [0m| wall_not_collapsed
[BETA_X5] mode=OFF radar_adj=0 mom= conf=0
[ALPHA_X13_BURST13] mode=OFF radar_adj=0 mom= conf=0
[BETA_X5] [1;36m07:10:02[0m [1;33mx5[0m [1;36m#66[0m SKIP tension=[1;36m0.08505890[0m [0m| direction_unclear [1;31mconf=0.1236[0m
[ALPHA_X13_BURST13] [1;36m07:10:02[0m [1;32mx13[0m [1;36m#80[0m SKIP tension=[1;36m0.08505890[0m [0m| direction_unclear [1;31mconf=0.1236[0m
[BETA_X5] mode=OFF radar_adj=0 mom= conf=0
[ALPHA_X13_BURST13] mode=OFF radar_adj=0 mom= conf=0
[BETA_X5] [1;36m07:10:10[0m [1;33mx5[0m [1;36m#67[0m SKIP tension=[1;36m0.00009136[0m [0m| momentum_too_small [1;31mconf=0.0001[0m
[ALPHA_X13_BURST13] [1;36m07:10:11[0m [1;32mx13[0m [1;36m#81[0m SKIP tension=[1;32m1.46979554[0m [0m| duo no_trigger
[BETA_X5] mode=OFF radar_adj=0 mom= conf=0
[ALPHA_X13_BURST13] mode=OFF radar_adj=0 mom= conf=0
[ALPHA_X13_BURST13] [1;36m07:10:20[0m [1;32mx13[0m [1;36m#82[0m SKIP tension=[1;36m0.02133005[0m [0m| direction_unclear [1;31mconf=0.0298[0m
[ALPHA_X13_BURST13] mode=OFF radar_adj=0 mom= conf=0
[ALPHA_X13_BURST13] [1;36m07:10:29[0m [1;32mx13[0m [1;36m#83[0m SKIP tension=[1;36m0.00014710[0m [0m| momentum_too_small [1;31mconf=0.0002[0m
[BETA_X5] [1;36mCycle 68[0m [1;32mSOFT anomaly[0m [1;33m| pnl_abs=0.14274000 > 0.02500000[0m
[BETA_X5] [1;36mentry=07:10:23@62598.10000000[0m [1;33mx5[0m [1;36m#68[0m [1;32mSELL[0m tension=[1;32m1.00382302[0m hold=[1;36m7[0ms sec=[1;36m7[0m [0m| exit=62579.80000000 [1;32mconf=0.8413[0m [1;36mexit_time=07:10:30[0m [1;32mpnl=0.14274000 bps=2.92341141 pct=0.02923411% total=0.79964[0m
[ALPHA_X13_BURST13] mode=OFF radar_adj=0 mom= conf=0
[BETA_X5] mode=OFF radar_adj=0 mom= conf=0
[ALPHA_X13_BURST13] [1;36m07:10:39[0m [1;32mx13[0m [1;36m#84[0m SKIP tension=[1;32m1.07725371[0m [0m| duo no_trigger
[BETA_X5] [1;36m07:10:40[0m [1;33mx5[0m [1;36m#69[0m SKIP tension=[1;36m0.00544889[0m [0m| momentum_too_small [1;31mconf=0.0071[0m
[ALPHA_X13_BURST13] mode=OFF radar_adj=0 mom= conf=0
[BETA_X5] mode=OFF radar_adj=0 mom= conf=0
[ALPHA_X13_BURST13] [1;36m07:10:48[0m [1;32mx13[0m [1;36m#85[0m SKIP tension=[1;36m0.00000312[0m [0m| momentum_too_small [1;31mconf=0.0[0m
[BETA_X5] [1;36m07:10:48[0m [1;33mx5[0m [1;36m#70[0m SKIP tension=[1;36m0.00000000[0m [0m| momentum_too_small [1;31mconf=0.2567[0m
[ALPHA_X13_BURST13] mode=OFF radar_adj=0 mom= conf=0
[BETA_X5] mode=OFF radar_adj=0 mom= conf=0
[ALPHA_X13_BURST13] [1;36m07:10:57[0m [1;32mx13[0m [1;36m#86[0m SKIP tension=[1;31m3.01113042[0m [0m| duo no_trigger
[BETA_X5] [1;36m07:10:58[0m [1;33mx5[0m [1;36m#71[0m SKIP tension=[1;33m0.96715372[0m [0m| wall_not_collapsed
[ALPHA_X13_BURST13] mode=OFF radar_adj=0 mom= conf=0
[BETA_X5] mode=OFF radar_adj=0 mom= conf=0
[ALPHA_X13_BURST13] [1;36m07:11:06[0m [1;32mx13[0m [1;36m#87[0m SKIP tension=[1;36m0.00000000[0m [0m| momentum_too_small [1;31mconf=0.2522[0m
[BETA_X5] [1;36m07:11:06[0m [1;33mx5[0m [1;36m#72[0m SKIP tension=[1;36m0.00028353[0m [0m| momentum_too_small [1;31mconf=0.0003[0m
[ALPHA_X13_BURST13] mode=OFF radar_adj=0 mom= conf=0
[BETA_X5] mode=OFF radar_adj=0 mom= conf=0
[ALPHA_X13_BURST13] [1;36m07:11:14[0m [1;32mx13[0m [1;36m#88[0m SKIP tension=[1;36m0.00074004[0m [0m| momentum_too_small [1;31mconf=0.0009[0m
[BETA_X5] [1;36m07:11:14[0m [1;33mx5[0m [1;36m#73[0m SKIP tension=[1;36m0.00074004[0m [0m| momentum_too_small [1;31mconf=0.0009[0m
[BETA_X5] mode=OFF radar_adj=0 mom= conf=0
[ALPHA_X13_BURST13] mode=OFF radar_adj=0 mom= conf=0
[BETA_X5] [1;36m07:11:23[0m [1;33mx5[0m [1;36m#74[0m SKIP tension=[1;36m0.54188599[0m [0m| wall_not_collapsed
[ALPHA_X13_BURST13] [1;36m07:11:23[0m [1;32mx13[0m [1;36m#89[0m SKIP tension=[1;36m0.54188599[0m [0m| wall_not_collapsed
[BETA_X5] mode=OFF radar_adj=0 mom= conf=0
[ALPHA_X13_BURST13] mode=OFF radar_adj=0 mom= conf=0
[ALPHA_X13_BURST13] [1;36m07:11:32[0m [1;32mx13[0m [1;36m#90[0m SKIP tension=[1;36m0.00000000[0m [0m| momentum_too_small [1;31mconf=0.2752[0m
[ALPHA_X13_BURST13] mode=OFF radar_adj=0 mom= conf=0
[ALPHA_X13_BURST13] [1;36m07:11:41[0m [1;32mx13[0m [1;36m#91[0m SKIP tension=[1;36m0.00000000[0m [0m| momentum_too_small [1;31mconf=0.2291[0m
[ALPHA_X13_BURST13] mode=OFF radar_adj=0 mom= conf=0
[BETA_X5] [1;36mentry=07:11:36@62565.50000000[0m [1;33mx5[0m [1;36m#75[0m [1;32mSELL[0m tension=[1;32m1.04120043[0m hold=[1;36m10[0ms sec=[1;36m10[0m [0m| exit=62565.00000000 [1;33mconf=0.7863[0m [1;36mexit_time=07:11:46[0m [1;32mpnl=0.00390000 bps=0.07991625 pct=0.00079916% total=0.80354[0m
[BETA_X5] mode=OFF radar_adj=0 mom= conf=0
[ALPHA_X13_BURST13] [1;36m07:11:51[0m [1;32mx13[0m [1;36m#92[0m SKIP tension=[1;31m4.59882582[0m [0m| duo no_trigger
[ALPHA_X13_BURST13] mode=OFF radar_adj=0 mom= conf=0
[BETA_X5] [1;36m07:11:56[0m [1;33mx5[0m [1;36m#76[0m SKIP tension=[1;36m0.54227490[0m [0m| wall_not_collapsed
[BETA_X5] mode=OFF radar_adj=0 mom= conf=0
[ALPHA_X13_BURST13] [1;36m07:12:00[0m [1;32mx13[0m [1;36m#93[0m SKIP tension=[1;36m0.00001277[0m [0m| momentum_too_small [1;31mconf=0.0[0m
[ALPHA_X13_BURST13] mode=OFF radar_adj=0 mom= conf=0
[BETA_X5] [1;36m07:12:04[0m [1;33mx5[0m [1;36m#77[0m SKIP tension=[1;36m0.65629091[0m [0m| wall_not_collapsed
[BETA_X5] mode=OFF radar_adj=0 mom= conf=0
[ALPHA_X13_BURST13] [1;36m07:12:10[0m [1;32mx13[0m [1;36m#94[0m SKIP tension=[1;36m0.49392446[0m [0m| wall_not_collapsed
[BETA_X5] [1;36m07:12:13[0m [1;33mx5[0m [1;36m#78[0m SKIP tension=[1;36m0.52937670[0m [0m| wall_not_collapsed
[ALPHA_X13_BURST13] mode=OFF radar_adj=0 mom= conf=0
[BETA_X5] mode=OFF radar_adj=0 mom= conf=0
[ALPHA_X13_BURST13] [1;36m07:12:19[0m [1;32mx13[0m [1;36m#95[0m SKIP tension=[1;36m0.00076653[0m [0m| momentum_too_small [1;31mconf=0.0008[0m
[BETA_X5] [1;36m07:12:21[0m [1;33mx5[0m [1;36m#79[0m SKIP tension=[1;36m0.00000950[0m [0m| momentum_too_small [1;31mconf=0.0[0m
[ALPHA_X13_BURST13] mode=OFF radar_adj=0 mom= conf=0
[BETA_X5] mode=OFF radar_adj=0 mom= conf=0
[ALPHA_X13_BURST13] [1;36m07:12:28[0m [1;32mx13[0m [1;36m#96[0m SKIP tension=[1;36m0.00001866[0m [0m| momentum_too_small [1;31mconf=0.0[0m
[BETA_X5] [1;36m07:12:30[0m [1;33mx5[0m [1;36m#80[0m SKIP tension=[1;36m0.00000814[0m [0m| momentum_too_small [1;31mconf=0.0[0m
[ALPHA_X13_BURST13] mode=OFF radar_adj=0 mom= conf=0
[BETA_X5] mode=OFF radar_adj=0 mom= conf=0
[ALPHA_X13_BURST13] [1;36m07:12:37[0m [1;32mx13[0m [1;36m#97[0m SKIP tension=[1;36m0.00000509[0m [0m| momentum_too_small [1;31mconf=0.0[0m
[BETA_X5] [1;36m07:12:38[0m [1;33mx5[0m [1;36m#81[0m SKIP tension=[1;36m0.00104596[0m [0m| momentum_too_small [1;31mconf=0.0011[0m
[ALPHA_X13_BURST13] mode=OFF radar_adj=0 mom= conf=0
[BETA_X5] mode=OFF radar_adj=0 mom= conf=0
[ALPHA_X13_BURST13] [1;36m07:12:46[0m [1;32mx13[0m [1;36m#98[0m SKIP tension=[1;36m0.00000781[0m [0m| momentum_too_small [1;31mconf=0.0[0m
[BETA_X5] [1;36m07:12:47[0m [1;33mx5[0m [1;36m#82[0m SKIP tension=[1;36m0.00001086[0m [0m| momentum_too_small [1;31mconf=0.0[0m
[ALPHA_X13_BURST13] mode=OFF radar_adj=0 mom= conf=0
[BETA_X5] mode=OFF radar_adj=0 mom= conf=0
[ALPHA_X13_BURST13] [1;36m07:12:55[0m [1;32mx13[0m [1;36m#99[0m SKIP tension=[1;36m0.00041886[0m [0m| momentum_too_small [1;31mconf=0.0005[0m
[BETA_X5] [1;36m07:12:55[0m [1;33mx5[0m [1;36m#83[0m SKIP tension=[1;36m0.00001120[0m [0m| momentum_too_small [1;31mconf=0.0[0m
[BETA_X5] mode=OFF radar_adj=0 mom= conf=0
[ALPHA_X13_BURST13] mode=OFF radar_adj=0 mom= conf=0
[BETA_X5] [1;36m07:13:04[0m [1;33mx5[0m [1;36m#84[0m SKIP tension=[1;36m0.00001393[0m [0m| momentum_too_small [1;31mconf=0.0[0m
[ALPHA_X13_BURST13] [1;36m07:13:04[0m [1;32mx13[0m [1;36m#100[0m SKIP tension=[1;36m0.00001393[0m [0m| momentum_too_small [1;31mconf=0.0[0m
[BETA_X5] mode=OFF radar_adj=0 mom= conf=0
[ALPHA_X13_BURST13] mode=OFF radar_adj=0 mom= conf=0
[BETA_X5] [1;36m07:13:13[0m [1;33mx5[0m [1;36m#85[0m SKIP tension=[1;36m0.00064681[0m [0m| momentum_too_small [1;31mconf=0.0007[0m
[ALPHA_X13_BURST13] [1;36m07:13:13[0m [1;32mx13[0m [1;36m#101[0m SKIP tension=[1;36m0.00033975[0m [0m| momentum_too_small [1;31mconf=0.0004[0m
[BETA_X5] mode=OFF radar_adj=0 mom= conf=0
[ALPHA_X13_BURST13] mode=OFF radar_adj=0 mom= conf=0
[BETA_X5] [1;36m07:13:21[0m [1;33mx5[0m [1;36m#86[0m SKIP tension=[1;36m0.00030680[0m [0m| momentum_too_small [1;31mconf=0.0003[0m
[ALPHA_X13_BURST13] [1;36m07:13:22[0m [1;32mx13[0m [1;36m#102[0m SKIP tension=[1;36m0.00030612[0m [0m| momentum_too_small [1;31mconf=0.0003[0m
[BETA_X5] mode=OFF radar_adj=0 mom= conf=0
[ALPHA_X13_BURST13] mode=OFF radar_adj=0 mom= conf=0
[BETA_X5] [1;36m07:13:29[0m [1;33mx5[0m [1;36m#87[0m SKIP tension=[1;36m0.09995453[0m [0m| direction_unclear [1;31mconf=0.1077[0m
[ALPHA_X13_BURST13] [1;36m07:13:30[0m [1;32mx13[0m [1;36m#103[0m SKIP tension=[1;36m0.00000000[0m [0m| momentum_too_small [1;31mconf=0.2263[0m
[BETA_X5] mode=OFF radar_adj=0 mom= conf=0
[ALPHA_X13_BURST13] mode=OFF radar_adj=0 mom= conf=0
[BETA_X5] [1;36m07:13:38[0m [1;33mx5[0m [1;36m#88[0m SKIP tension=[1;36m0.58361090[0m [0m| wall_not_collapsed
[ALPHA_X13_BURST13] [1;36m07:13:39[0m [1;32mx13[0m [1;36m#104[0m SKIP tension=[1;36m0.00001464[0m [0m| momentum_too_small [1;31mconf=0.0[0m
[BETA_X5] mode=OFF radar_adj=0 mom= conf=0
[ALPHA_X13_BURST13] mode=OFF radar_adj=0 mom= conf=0
[BETA_X5] [1;36m07:13:46[0m [1;33mx5[0m [1;36m#89[0m SKIP tension=[1;36m0.50218392[0m [0m| wall_not_collapsed
[ALPHA_X13_BURST13] [1;36m07:13:49[0m [1;32mx13[0m [1;36m#105[0m SKIP tension=[1;32m1.03591436[0m [0m| duo no_trigger
[BETA_X5] mode=OFF radar_adj=0 mom= conf=0
[ALPHA_X13_BURST13] mode=OFF radar_adj=0 mom= conf=0
[BETA_X5] [1;36m07:13:55[0m [1;33mx5[0m [1;36m#90[0m SKIP tension=[1;36m0.57935917[0m [0m| wall_not_collapsed
[ALPHA_X13_BURST13] [1;36m07:13:57[0m [1;32mx13[0m [1;36m#106[0m SKIP tension=[1;36m0.25934876[0m [0m| wall_not_collapsed
[BETA_X5] mode=OFF radar_adj=0 mom= conf=0
[ALPHA_X13_BURST13] mode=OFF radar_adj=0 mom= conf=0
[BETA_X5] [1;36m07:14:03[0m [1;33mx5[0m [1;36m#91[0m SKIP [0m| Mode Écoute: spread=0.09590000 volat=17.48450172 (attente froid)
[ALPHA_X13_BURST13] [1;36m07:14:06[0m [1;32mx13[0m [1;36m#107[0m SKIP tension=[1;36m0.71456935[0m [0m| wall_not_collapsed
[BETA_X5] mode=OFF radar_adj=0 mom= conf=0
[ALPHA_X13_BURST13] mode=OFF radar_adj=0 mom= conf=0
[ALPHA_X13_BURST13] [1;36m07:14:15[0m [1;32mx13[0m [1;36m#108[0m SKIP tension=[1;36m0.00000715[0m [0m| momentum_too_small [1;31mconf=0.0[0m
[ALPHA_X13_BURST13] mode=OFF radar_adj=0 mom= conf=0
[ALPHA_X13_BURST13] [1;36m07:14:24[0m [1;32mx13[0m [1;36m#109[0m SKIP tension=[1;36m0.00015421[0m [0m| momentum_too_small [1;31mconf=0.0003[0m
[BETA_X5] [1;36mentry=07:14:17@62548.40000000[0m [1;33mx5[0m [1;36m#92[0m [1;32mSELL[0m tension=[1;31m5.33157627[0m hold=[1;36m6[0ms sec=[1;36m6[0m [0m| exit=62547.70000000 [1;32mconf=0.994[0m [1;36mexit_time=07:14:23[0m [1;32mpnl=0.00546000 bps=0.11191333 pct=0.00111913% total=0.809[0m
[ALPHA_X13_BURST13] mode=OFF radar_adj=0 mom= conf=0
[BETA_X5] mode=OFF radar_adj=0 mom= conf=0
[ALPHA_X13_BURST13] [1;36m07:14:33[0m [1;32mx13[0m [1;36m#110[0m SKIP tension=[1;36m0.00003266[0m [0m| momentum_too_small [1;31mconf=0.0001[0m
[BETA_X5] [1;36m07:14:33[0m [1;33mx5[0m [1;36m#93[0m SKIP tension=[1;31m6.10755745[0m [0m| tactic long vs short
[BETA_X5] mode=OFF radar_adj=0 mom= conf=0
[ALPHA_X13_BURST13] mode=OFF radar_adj=0 mom= conf=0
[BETA_X5] [1;36m07:14:41[0m [1;33mx5[0m [1;36m#94[0m SKIP tension=[1;36m0.00088961[0m [0m| momentum_too_small [1;31mconf=0.0013[0m
[ALPHA_X13_BURST13] [1;36m07:14:43[0m [1;32mx13[0m [1;36m#111[0m SKIP tension=[1;36m0.10088976[0m [0m| direction_unclear [1;31mconf=0.1505[0m
[BETA_X5] mode=OFF radar_adj=0 mom= conf=0
[ALPHA_X13_BURST13] mode=OFF radar_adj=0 mom= conf=0
[ALPHA_X13_BURST13] [1;36m07:14:54[0m [1;32mx13[0m [1;36m#112[0m SKIP tension=[1;36m0.00000000[0m [0m| momentum_too_small [1;31mconf=0.3133[0m
[ALPHA_X13_BURST13] mode=OFF radar_adj=0 mom= conf=0
[ALPHA_X13_BURST13] [1;36m07:15:03[0m [1;32mx13[0m [1;36m#113[0m SKIP tension=[1;36m0.00000542[0m [0m| momentum_too_small [1;31mconf=0.0[0m
[BETA_X5] [1;36mentry=07:14:55@62558.20000000[0m [1;33mx5[0m [1;36m#95[0m [1;33mSELL[0m tension=[1;31m9.26198150[0m hold=[1;36m7[0ms sec=[1;36m7[0m [0m| exit=62558.20000000 [1;32mconf=0.8951[0m [1;36mexit_time=07:15:02[0m [1;33mpnl=-0.00000000 bps=-0.00000000 pct=-0.00000000% total=0.809[0m
[BETA_X5] mode=OFF radar_adj=0 mom= conf=0
[ALPHA_X13_BURST13] mode=OFF radar_adj=0 mom= conf=0
[BETA_X5] [1;36m07:15:12[0m [1;33mx5[0m [1;36m#96[0m SKIP tension=[1;36m0.00001479[0m [0m| momentum_too_small [1;31mconf=0.0[0m
[ALPHA_X13_BURST13] [1;36m07:15:12[0m [1;32mx13[0m [1;36m#114[0m SKIP tension=[1;36m0.00001479[0m [0m| momentum_too_small [1;31mconf=0.0[0m
[BETA_X5] mode=OFF radar_adj=0 mom= conf=0
[ALPHA_X13_BURST13] mode=OFF radar_adj=0 mom= conf=0
[ALPHA_X13_BURST13] [1;36m07:15:21[0m [1;32mx13[0m [1;36m#115[0m SKIP tension=[1;31m4.11396116[0m [0m| duo no_trigger
[ALPHA_X13_BURST13] mode=OFF radar_adj=0 mom= conf=0
[ALPHA_X13_BURST13] [1;36m07:15:30[0m [1;32mx13[0m [1;36m#116[0m SKIP tension=[1;36m0.00000000[0m [0m| momentum_too_small [1;31mconf=0.3416[0m
[BETA_X5] [1;36mCycle 97[0m [1;32mSOFT anomaly[0m [1;33m| pnl_abs=0.03792000 > 0.02500000[0m
[BETA_X5] [1;36mentry=07:15:23@62558.30000000[0m [1;33mx5[0m [1;36m#97[0m [1;32mSELL[0m tension=[1;31m4.11396760[0m hold=[1;36m6[0ms sec=[1;36m6[0m [0m| exit=62555.90000000 [1;32mconf=0.954[0m [1;36mexit_time=07:15:31[0m [1;32mpnl=0.03792000 bps=0.38364214 pct=0.00383642% total=0.84692[0m
[ALPHA_X13_BURST13] mode=OFF radar_adj=0 mom= conf=0
[BETA_X5] mode=OFF radar_adj=0 mom= conf=0
[ALPHA_X13_BURST13] [1;36m07:15:39[0m [1;32mx13[0m [1;36m#117[0m SKIP tension=[1;31m2.71201323[0m [0m| duo no_trigger
[BETA_X5] [1;36m07:15:41[0m [1;33mx5[0m [1;36m#98[0m SKIP tension=[1;36m0.00011262[0m [0m| momentum_too_small [1;31mconf=0.0002[0m
[ALPHA_X13_BURST13] mode=OFF radar_adj=0 mom= conf=0
[BETA_X5] mode=OFF radar_adj=0 mom= conf=0
[ALPHA_X13_BURST13] [1;36m07:15:49[0m [1;32mx13[0m [1;36m#118[0m SKIP tension=[1;32m1.46370034[0m [0m| duo no_trigger
[BETA_X5] [1;36m07:15:50[0m [1;33mx5[0m [1;36m#99[0m SKIP tension=[1;36m0.00000000[0m [0m| momentum_too_small [1;31mconf=0.321[0m
[ALPHA_X13_BURST13] mode=OFF radar_adj=0 mom= conf=0
[BETA_X5] mode=OFF radar_adj=0 mom= conf=0
[BETA_X5] [1;36m07:15:58[0m [1;33mx5[0m [1;36m#100[0m SKIP tension=[1;36m0.00000868[0m [0m| momentum_too_small [1;31mconf=0.0[0m
[ALPHA_X13_BURST13] [1;36m07:15:58[0m [1;32mx13[0m [1;36m#119[0m SKIP tension=[1;36m0.00000868[0m [0m| momentum_too_small [1;31mconf=0.0[0m
[BETA_X5] mode=OFF radar_adj=0 mom= conf=0
[ALPHA_X13_BURST13] mode=OFF radar_adj=0 mom= conf=0
[BETA_X5] [1;36m07:16:06[0m [1;33mx5[0m [1;36m#101[0m SKIP tension=[1;36m0.38619633[0m [0m| wall_not_collapsed
[ALPHA_X13_BURST13] [1;36m07:16:07[0m [1;32mx13[0m [1;36m#120[0m SKIP tension=[1;36m0.00002856[0m [0m| momentum_too_small [1;31mconf=0.0[0m
[BETA_X5] mode=OFF radar_adj=0 mom= conf=0
[ALPHA_X13_BURST13] mode=OFF radar_adj=0 mom= conf=0
[BETA_X5] [1;36m07:16:14[0m [1;33mx5[0m [1;36m#102[0m SKIP tension=[1;36m0.38619879[0m [0m| wall_not_collapsed
[BETA_X5] mode=OFF radar_adj=0 mom= conf=0
[ALPHA_X13_BURST13] [1;36m07:16:18[0m [1;32mx13[0m [1;36m#121[0m SKIP tension=[1;31m4.59275058[0m [0m| duo no_trigger
[ALPHA_X13_BURST13] mode=OFF radar_adj=0 mom= conf=0
[BETA_X5] [1;36m07:16:22[0m [1;33mx5[0m [1;36m#103[0m SKIP tension=[1;36m0.00000543[0m [0m| momentum_too_small [1;31mconf=0.0[0m
[BETA_X5] mode=OFF radar_adj=0 mom= conf=0
[ALPHA_X13_BURST13] [1;36m07:16:27[0m [1;32mx13[0m [1;36m#122[0m SKIP tension=[1;36m0.00000000[0m [0m| momentum_too_small [1;31mconf=0.3077[0m
[ALPHA_X13_BURST13] mode=OFF radar_adj=0 mom= conf=0
[BETA_X5] [1;36m07:16:31[0m [1;33mx5[0m [1;36m#104[0m SKIP tension=[1;36m0.00000922[0m [0m| momentum_too_small [1;31mconf=0.0[0m
[BETA_X5] mode=OFF radar_adj=0 mom= conf=0
[ALPHA_X13_BURST13] [1;36m07:16:35[0m [1;32mx13[0m [1;36m#123[0m SKIP tension=[1;36m0.00000000[0m [0m| momentum_too_small [1;31mconf=0.3259[0m
[ALPHA_X13_BURST13] mode=OFF radar_adj=0 mom= conf=0
[BETA_X5] [1;36m07:16:39[0m [1;33mx5[0m [1;36m#105[0m SKIP tension=[1;36m0.38625204[0m [0m| wall_not_collapsed
[BETA_X5] mode=OFF radar_adj=0 mom= conf=0
[ALPHA_X13_BURST13] [1;36m07:16:44[0m [1;32mx13[0m [1;36m#124[0m SKIP tension=[1;36m0.00000000[0m [0m| momentum_too_small [1;31mconf=0.2972[0m
[ALPHA_X13_BURST13] mode=OFF radar_adj=0 mom= conf=0
[BETA_X5] [1;36m07:16:47[0m [1;33mx5[0m [1;36m#106[0m SKIP tension=[1;36m0.02940343[0m [0m| direction_unclear [1;31mconf=0.0416[0m
[BETA_X5] mode=OFF radar_adj=0 mom= conf=0
[ALPHA_X13_BURST13] [1;36m07:16:53[0m [1;32mx13[0m [1;36m#125[0m SKIP tension=[1;36m0.00010827[0m [0m| momentum_too_small [1;31mconf=0.0002[0m
[ALPHA_X13_BURST13] mode=OFF radar_adj=0 mom= conf=0
[BETA_X5] [1;36m07:16:56[0m [1;33mx5[0m [1;36m#107[0m SKIP tension=[1;36m0.00001005[0m [0m| momentum_too_small [1;31mconf=0.0[0m
[BETA_X5] mode=OFF radar_adj=0 mom= conf=0
[ALPHA_X13_BURST13] [1;36m07:17:02[0m [1;32mx13[0m [1;36m#126[0m SKIP tension=[1;36m0.38417091[0m [0m| wall_not_collapsed
[ALPHA_X13_BURST13] mode=OFF radar_adj=0 mom= conf=0
[ALPHA_X13_BURST13] [1;36m07:17:10[0m [1;32mx13[0m [1;36m#127[0m SKIP tension=[1;36m0.00003581[0m [0m| momentum_too_small [1;31mconf=0.0001[0m
[ALPHA_X13_BURST13] mode=OFF radar_adj=0 mom= conf=0
[BETA_X5] [1;36mCycle 108[0m [1;32mSOFT anomaly[0m [1;33m| pnl_abs=0.11700000 > 0.02500000[0m
[BETA_X5] [1;36mentry=07:17:09@62562.80000000[0m [1;33mx5[0m [1;36m#108[0m [1;32mSELL[0m tension=[1;32m1.77691388[0m hold=[1;36m7[0ms sec=[1;36m7[0m [0m| exit=62547.80000000 [1;32mconf=0.8502[0m [1;36mexit_time=07:17:16[0m [1;32mpnl=0.11700000 bps=2.39759090 pct=0.02397591% total=0.96392[0m
[ALPHA_X13_BURST13] [1;36m07:17:19[0m [1;32mx13[0m [1;36m#128[0m SKIP tension=[1;36m0.00000488[0m [0m| momentum_too_small [1;31mconf=0.0[0m
[BETA_X5] mode=OFF radar_adj=0 mom= conf=0
[ALPHA_X13_BURST13] mode=OFF radar_adj=0 mom= conf=0
[BETA_X5] [1;36m07:17:27[0m [1;33mx5[0m [1;36m#109[0m SKIP tension=[1;36m0.00000600[0m [0m| momentum_too_small [1;31mconf=0.0[0m
[ALPHA_X13_BURST13] [1;36m07:17:28[0m [1;32mx13[0m [1;36m#129[0m SKIP tension=[1;36m0.00001139[0m [0m| momentum_too_small [1;31mconf=0.0[0m
[BETA_X5] mode=OFF radar_adj=0 mom= conf=0
[ALPHA_X13_BURST13] mode=OFF radar_adj=0 mom= conf=0
[BETA_X5] [1;36m07:17:35[0m [1;33mx5[0m [1;36m#110[0m SKIP tension=[1;36m0.00002939[0m [0m| momentum_too_small [1;31mconf=0.0[0m
[ALPHA_X13_BURST13] [1;36m07:17:37[0m [1;32mx13[0m [1;36m#130[0m SKIP tension=[1;36m0.00000600[0m [0m| momentum_too_small [1;31mconf=0.0[0m
[BETA_X5] mode=OFF radar_adj=0 mom= conf=0
[ALPHA_X13_BURST13] mode=OFF radar_adj=0 mom= conf=0
[BETA_X5] [1;36m07:17:44[0m [1;33mx5[0m [1;36m#111[0m SKIP tension=[1;36m0.00001863[0m [0m| momentum_too_small [1;31mconf=0.0[0m
[BETA_X5] mode=OFF radar_adj=0 mom= conf=0
[ALPHA_X13_BURST13] [1;36m07:17:47[0m [1;32mx13[0m [1;36m#131[0m SKIP tension=[1;36m0.00001863[0m [0m| momentum_too_small [1;31mconf=0.0[0m
[ALPHA_X13_BURST13] mode=OFF radar_adj=0 mom= conf=0
[BETA_X5] [1;36m07:17:53[0m [1;33mx5[0m [1;36m#112[0m SKIP tension=[1;36m0.00000622[0m [0m| momentum_too_small [1;31mconf=0.0[0m
[BETA_X5] mode=OFF radar_adj=0 mom= conf=0
[ALPHA_X13_BURST13] [1;36m07:17:57[0m [1;32mx13[0m [1;36m#132[0m SKIP tension=[1;36m0.00001865[0m [0m| momentum_too_small [1;31mconf=0.0[0m
[ALPHA_X13_BURST13] mode=OFF radar_adj=0 mom= conf=0
[BETA_X5] [1;36m07:18:02[0m [1;33mx5[0m [1;36m#113[0m SKIP tension=[1;36m0.00045994[0m [0m| momentum_too_small [1;31mconf=0.0007[0m
[BETA_X5] mode=OFF radar_adj=0 mom= conf=0
[ALPHA_X13_BURST13] [1;36m07:18:06[0m [1;32mx13[0m [1;36m#133[0m SKIP tension=[1;36m0.00010375[0m [0m| momentum_too_small [1;31mconf=0.0001[0m
[ALPHA_X13_BURST13] mode=OFF radar_adj=0 mom= conf=0
[BETA_X5] [1;36m07:18:10[0m [1;33mx5[0m [1;36m#114[0m SKIP tension=[1;36m0.00012955[0m [0m| momentum_too_small [1;31mconf=0.0002[0m
[BETA_X5] mode=OFF radar_adj=0 mom= conf=0
[ALPHA_X13_BURST13] [1;36m07:18:14[0m [1;32mx13[0m [1;36m#134[0m SKIP tension=[1;36m0.00001538[0m [0m| momentum_too_small [1;31mconf=0.0[0m
[ALPHA_X13_BURST13] mode=OFF radar_adj=0 mom= conf=0
[BETA_X5] [1;36m07:18:18[0m [1;33mx5[0m [1;36m#115[0m SKIP tension=[1;36m0.00000000[0m [0m| momentum_too_small [1;31mconf=0.2588[0m
[BETA_X5] mode=OFF radar_adj=0 mom= conf=0
[ALPHA_X13_BURST13] [1;36m07:18:23[0m [1;32mx13[0m [1;36m#135[0m SKIP tension=[1;31m2.01704230[0m [0m| duo no_trigger
[BETA_X5] [1;36m07:18:26[0m [1;33mx5[0m [1;36m#116[0m SKIP tension=[1;36m0.00000000[0m [0m| momentum_too_small [1;31mconf=0.3409[0m
[ALPHA_X13_BURST13] mode=OFF radar_adj=0 mom= conf=0
[BETA_X5] mode=OFF radar_adj=0 mom= conf=0
[ALPHA_X13_BURST13] [1;36m07:18:34[0m [1;32mx13[0m [1;36m#136[0m SKIP tension=[1;31m2.10656819[0m [0m| duo no_trigger
[BETA_X5] [1;36m07:18:36[0m [1;33mx5[0m [1;36m#117[0m SKIP tension=[1;36m0.00000336[0m [0m| momentum_too_small [1;31mconf=0.0[0m
[ALPHA_X13_BURST13] mode=OFF radar_adj=0 mom= conf=0
[BETA_X5] mode=OFF radar_adj=0 mom= conf=0
[ALPHA_X13_BURST13] [1;36m07:18:43[0m [1;32mx13[0m [1;36m#137[0m SKIP tension=[1;36m0.00000000[0m [0m| momentum_too_small [1;31mconf=0.2829[0m
[ALPHA_X13_BURST13] mode=OFF radar_adj=0 mom= conf=0
[ALPHA_X13_BURST13] [1;36m07:18:55[0m [1;32mx13[0m [1;36m#138[0m SKIP tension=[1;31m2.62517828[0m [0m| tactic long vs short
[ALPHA_X13_BURST13] mode=OFF radar_adj=0 mom= conf=0
[BETA_X5] [1;36mCycle 118[0m [1;32mSOFT anomaly[0m [1;33m| pnl_abs=0.08832000 > 0.02500000[0m
[ALPHA_X13_BURST13] [1;36m07:19:04[0m [1;32mx13[0m [1;36m#139[0m SKIP tension=[1;36m0.36606436[0m [0m| wall_not_collapsed
[BETA_X5] [1;36mentry=07:18:50@62571.50000000[0m [1;33mx5[0m [1;36m#118[0m [1;32mSELL[0m tension=[1;32m1.46443066[0m hold=[1;36m12[0ms sec=[1;36m12[0m [0m| exit=62564.60000000 [1;32mconf=0.8392[0m [1;36mexit_time=07:19:03[0m [1;32mpnl=0.08832000 bps=1.10273847 pct=0.01102738% total=1.05224[0m
[ALPHA_X13_BURST13] mode=OFF radar_adj=0 mom= conf=0
[BETA_X5] mode=OFF radar_adj=0 mom= conf=0
[ALPHA_X13_BURST13] [1;36m07:19:13[0m [1;32mx13[0m [1;36m#140[0m SKIP tension=[1;33m0.99154825[0m [0m| wall_not_collapsed
[ALPHA_X13_BURST13] mode=OFF radar_adj=0 mom= conf=0
[ALPHA_X13_BURST13] [1;36m07:19:23[0m [1;32mx13[0m [1;36m#141[0m SKIP tension=[1;36m0.00002587[0m [0m| momentum_too_small [1;31mconf=0.0[0m
[ALPHA_X13_BURST13] mode=OFF radar_adj=0 mom= conf=0
[BETA_X5] [1;36mCycle 119[0m [1;32mSOFT anomaly[0m [1;33m| pnl_abs=0.17664000 > 0.02500000[0m
[BETA_X5] [1;36mentry=07:19:19@62562.30000000[0m [1;33mx5[0m [1;36m#119[0m [1;32mSELL[0m tension=[1;31m2.63050043[0m hold=[1;36m9[0ms sec=[1;36m9[0m [0m| exit=62548.50000000 [1;32mconf=0.8851[0m [1;36mexit_time=07:19:28[0m [1;32mpnl=0.17664000 bps=2.20580126 pct=0.02205801% total=1.22888[0m
[BETA_X5] mode=OFF radar_adj=0 mom= conf=0
[ALPHA_X13_BURST13] [1;36m07:19:34[0m [1;32mx13[0m [1;36m#142[0m SKIP tension=[1;32m1.37300580[0m [0m| duo no_trigger
[ALPHA_X13_BURST13] mode=OFF radar_adj=0 mom= conf=0
[BETA_X5] [1;36m07:19:38[0m [1;33mx5[0m [1;36m#120[0m SKIP tension=[1;36m0.00000488[0m [0m| momentum_too_small [1;31mconf=0.0[0m
[BETA_X5] mode=OFF radar_adj=0 mom= conf=0
[ALPHA_X13_BURST13] [1;36m07:19:43[0m [1;32mx13[0m [1;36m#143[0m SKIP tension=[1;36m0.00000304[0m [0m| momentum_too_small [1;31mconf=0.0[0m
[ALPHA_X13_BURST13] mode=OFF radar_adj=0 mom= conf=0
[BETA_X5] [1;36m07:19:47[0m [1;33mx5[0m [1;36m#121[0m SKIP tension=[1;36m0.31470179[0m [0m| wall_not_collapsed
[BETA_X5] mode=OFF radar_adj=0 mom= conf=0
[ALPHA_X13_BURST13] [1;36m07:19:52[0m [1;32mx13[0m [1;36m#144[0m SKIP tension=[1;36m0.71688083[0m [0m| wall_not_collapsed
[ALPHA_X13_BURST13] mode=OFF radar_adj=0 mom= conf=0
[BETA_X5] [1;36m07:19:56[0m [1;33mx5[0m [1;36m#122[0m SKIP tension=[1;36m0.00000820[0m [0m| momentum_too_small [1;31mconf=0.0[0m
[BETA_X5] mode=OFF radar_adj=0 mom= conf=0
[ALPHA_X13_BURST13] [1;36m07:20:02[0m [1;32mx13[0m [1;36m#145[0m SKIP tension=[1;36m0.00000000[0m [0m| momentum_too_small [1;31mconf=0.2902[0m
[ALPHA_X13_BURST13] mode=OFF radar_adj=0 mom= conf=0
[BETA_X5] [1;36m07:20:06[0m [1;33mx5[0m [1;36m#123[0m SKIP tension=[1;36m0.00000656[0m [0m| momentum_too_small [1;31mconf=0.0[0m
[BETA_X5] mode=OFF radar_adj=0 mom= conf=0
[ALPHA_X13_BURST13] [1;36m07:20:11[0m [1;32mx13[0m [1;36m#146[0m SKIP tension=[1;36m0.00005783[0m [0m| momentum_too_small [1;31mconf=0.0001[0m
[ALPHA_X13_BURST13] mode=OFF radar_adj=0 mom= conf=0
[BETA_X5] [1;36m07:20:14[0m [1;33mx5[0m [1;36m#124[0m SKIP tension=[1;36m0.00002362[0m [0m| momentum_too_small [1;31mconf=0.0[0m
[BETA_X5] mode=OFF radar_adj=0 mom= conf=0
[ALPHA_X13_BURST13] [1;36m07:20:21[0m [1;32mx13[0m [1;36m#147[0m SKIP tension=[1;36m0.00000000[0m [0m| momentum_too_small [1;31mconf=0.3483[0m
[BETA_X5] [1;36m07:20:23[0m [1;33mx5[0m [1;36m#125[0m SKIP tension=[1;36m0.00000482[0m [0m| momentum_too_small [1;31mconf=0.0[0m
[ALPHA_X13_BURST13] mode=OFF radar_adj=0 mom= conf=0
[BETA_X5] mode=OFF radar_adj=0 mom= conf=0
[ALPHA_X13_BURST13] [1;36m07:20:30[0m [1;32mx13[0m [1;36m#148[0m SKIP tension=[1;31m3.20615360[0m [0m| duo no_trigger
[BETA_X5] [1;36m07:20:32[0m [1;33mx5[0m [1;36m#126[0m SKIP tension=[1;36m0.00007523[0m [0m| momentum_too_small [1;31mconf=0.0001[0m
[ALPHA_X13_BURST13] mode=OFF radar_adj=0 mom= conf=0
[BETA_X5] mode=OFF radar_adj=0 mom= conf=0
[ALPHA_X13_BURST13] [1;36m07:20:39[0m [1;32mx13[0m [1;36m#149[0m SKIP tension=[1;36m0.00000507[0m [0m| momentum_too_small [1;31mconf=0.0[0m
[BETA_X5] [1;36m07:20:41[0m [1;33mx5[0m [1;36m#127[0m SKIP tension=[1;36m0.00000000[0m [0m| momentum_too_small [1;31mconf=0.3483[0m
[ALPHA_X13_BURST13] mode=OFF radar_adj=0 mom= conf=0
[BETA_X5] mode=OFF radar_adj=0 mom= conf=0
[ALPHA_X13_BURST13] [1;36m07:20:49[0m [1;32mx13[0m [1;36m#150[0m SKIP tension=[1;31m2.63035386[0m [0m| duo no_trigger
[BETA_X5] [1;36m07:20:50[0m [1;33mx5[0m [1;36m#128[0m SKIP tension=[1;36m0.00000000[0m [0m| momentum_too_small [1;31mconf=0.3322[0m
[ALPHA_X13_BURST13] mode=OFF radar_adj=0 mom= conf=0
[BETA_X5] mode=OFF radar_adj=0 mom= conf=0
[ALPHA_X13_BURST13] [1;36m07:20:59[0m [1;32mx13[0m [1;36m#151[0m SKIP tension=[1;36m0.00000000[0m [0m| momentum_too_small [1;31mconf=0.3322[0m
[BETA_X5] [1;36m07:20:59[0m [1;33mx5[0m [1;36m#129[0m SKIP tension=[1;36m0.00000456[0m [0m| momentum_too_small [1;31mconf=0.0[0m
[BETA_X5] mode=OFF radar_adj=0 mom= conf=0
[ALPHA_X13_BURST13] mode=OFF radar_adj=0 mom= conf=0
[BETA_X5] [1;36m07:21:08[0m [1;33mx5[0m [1;36m#130[0m SKIP tension=[1;36m0.00011559[0m [0m| momentum_too_small [1;31mconf=0.0002[0m
[ALPHA_X13_BURST13] [1;36m07:21:08[0m [1;32mx13[0m [1;36m#152[0m SKIP tension=[1;36m0.00000525[0m [0m| momentum_too_small [1;31mconf=0.0[0m
[BETA_X5] mode=OFF radar_adj=0 mom= conf=0
[ALPHA_X13_BURST13] mode=OFF radar_adj=0 mom= conf=0
[BETA_X5] [1;36m07:21:17[0m [1;33mx5[0m [1;36m#131[0m SKIP tension=[1;36m0.00002042[0m [0m| momentum_too_small [1;31mconf=0.0[0m
[ALPHA_X13_BURST13] [1;36m07:21:17[0m [1;32mx13[0m [1;36m#153[0m SKIP tension=[1;36m0.00002042[0m [0m| momentum_too_small [1;31mconf=0.0[0m
[BETA_X5] mode=OFF radar_adj=0 mom= conf=0
[ALPHA_X13_BURST13] mode=OFF radar_adj=0 mom= conf=0
[ALPHA_X13_BURST13] [1;36m07:21:25[0m [1;32mx13[0m [1;36m#154[0m SKIP tension=[1;36m0.00000000[0m [0m| momentum_too_small [1;31mconf=0.308[0m
[ALPHA_X13_BURST13] mode=OFF radar_adj=0 mom= conf=0
[ALPHA_X13_BURST13] [1;36m07:21:34[0m [1;32mx13[0m [1;36m#155[0m SKIP tension=[1;36m0.00000000[0m [0m| momentum_too_small [1;31mconf=0.3[0m
[ALPHA_X13_BURST13] mode=OFF radar_adj=0 mom= conf=0
[BETA_X5] [1;36mentry=07:21:29@62562.80000000[0m [1;33mx5[0m [1;36m#132[0m [1;33mSELL[0m tension=[1;31m2.63275636[0m hold=[1;36m7[0ms sec=[1;36m7[0m [0m| exit=62562.80000000 [1;32mconf=0.8801[0m [1;36mexit_time=07:21:36[0m [1;33mpnl=-0.00000000 bps=-0.00000000 pct=-0.00000000% total=1.22888[0m
[BETA_X5] mode=OFF radar_adj=0 mom= conf=0
[ALPHA_X13_BURST13] [1;36m07:21:43[0m [1;32mx13[0m [1;36m#156[0m SKIP tension=[1;36m0.00000567[0m [0m| momentum_too_small [1;31mconf=0.0[0m
[ALPHA_X13_BURST13] mode=OFF radar_adj=0 mom= conf=0
[BETA_X5] [1;36m07:21:46[0m [1;33mx5[0m [1;36m#133[0m SKIP tension=[1;36m0.00000000[0m [0m| momentum_too_small [1;31mconf=0.308[0m
[BETA_X5] mode=OFF radar_adj=0 mom= conf=0
[ALPHA_X13_BURST13] [1;36m07:21:52[0m [1;32mx13[0m [1;36m#157[0m SKIP tension=[1;36m0.00000396[0m [0m| momentum_too_small [1;31mconf=0.0[0m
[BETA_X5] [1;36m07:21:55[0m [1;33mx5[0m [1;36m#134[0m SKIP tension=[1;36m0.00000000[0m [0m| momentum_too_small [1;31mconf=0.2972[0m
[ALPHA_X13_BURST13] mode=OFF radar_adj=0 mom= conf=0
[BETA_X5] mode=OFF radar_adj=0 mom= conf=0
[ALPHA_X13_BURST13] [1;36m07:22:00[0m [1;32mx13[0m [1;36m#158[0m SKIP tension=[1;36m0.00003520[0m [0m| momentum_too_small [1;31mconf=0.0[0m
[BETA_X5] [1;36m07:22:03[0m [1;33mx5[0m [1;36m#135[0m SKIP tension=[1;36m0.00000419[0m [0m| momentum_too_small [1;31mconf=0.0[0m
[ALPHA_X13_BURST13] mode=OFF radar_adj=0 mom= conf=0
[BETA_X5] mode=OFF radar_adj=0 mom= conf=0
[ALPHA_X13_BURST13] [1;36m07:22:09[0m [1;32mx13[0m [1;36m#159[0m SKIP tension=[1;36m0.00005307[0m [0m| momentum_too_small [1;31mconf=0.0001[0m
[BETA_X5] [1;36m07:22:12[0m [1;33mx5[0m [1;36m#136[0m SKIP tension=[1;36m0.00002123[0m [0m| momentum_too_small [1;31mconf=0.0[0m
[ALPHA_X13_BURST13] mode=OFF radar_adj=0 mom= conf=0
[BETA_X5] mode=OFF radar_adj=0 mom= conf=0
[ALPHA_X13_BURST13] [1;36m07:22:18[0m [1;32mx13[0m [1;36m#160[0m SKIP tension=[1;36m0.00000000[0m [0m| momentum_too_small [1;31mconf=0.2776[0m
[ALPHA_X13_BURST13] mode=OFF radar_adj=0 mom= conf=0
[ALPHA_X13_BURST13] [1;36m07:22:27[0m [1;32mx13[0m [1;36m#161[0m SKIP tension=[1;31m3.35239284[0m [0m| duo no_trigger
[ALPHA_X13_BURST13] mode=OFF radar_adj=0 mom= conf=0
[BETA_X5] [1;36mCycle 137[0m [1;32mSOFT anomaly[0m [1;33m| pnl_abs=0.03588000 > 0.02500000[0m
[BETA_X5] [1;36mentry=07:22:25@62567.40000000[0m [1;33mx5[0m [1;36m#137[0m [1;32mSELL[0m tension=[1;31m3.78987353[0m hold=[1;36m6[0ms sec=[1;36m6[0m [0m| exit=62562.80000000 [1;32mconf=0.9541[0m [1;36mexit_time=07:22:31[0m [1;32mpnl=0.03588000 bps=0.73520715 pct=0.00735207% total=1.2647599999999999[0m
[ALPHA_X13_BURST13] [1;36m07:22:36[0m [1;32mx13[0m [1;36m#162[0m SKIP tension=[1;36m0.00000798[0m [0m| momentum_too_small [1;31mconf=0.0[0m
[BETA_X5] mode=OFF radar_adj=0 mom= conf=0
[ALPHA_X13_BURST13] mode=OFF radar_adj=0 mom= conf=0
[BETA_X5] [1;36m07:22:42[0m [1;33mx5[0m [1;36m#138[0m SKIP tension=[1;36m0.00003549[0m [0m| momentum_too_small [1;31mconf=0.0001[0m
[ALPHA_X13_BURST13] [1;36m07:22:45[0m [1;32mx13[0m [1;36m#163[0m SKIP tension=[1;36m0.00010308[0m [0m| momentum_too_small [1;31mconf=0.0002[0m
[BETA_X5] mode=OFF radar_adj=0 mom= conf=0
[ALPHA_X13_BURST13] mode=OFF radar_adj=0 mom= conf=0
[BETA_X5] [1;36m07:22:50[0m [1;33mx5[0m [1;36m#139[0m SKIP tension=[1;36m0.00000000[0m [0m| momentum_too_small [1;31mconf=0.3081[0m
[BETA_X5] mode=OFF radar_adj=0 mom= conf=0
[ALPHA_X13_BURST13] [1;36m07:22:54[0m [1;32mx13[0m [1;36m#164[0m SKIP tension=[1;36m0.00000539[0m [0m| momentum_too_small [1;31mconf=0.0[0m
[ALPHA_X13_BURST13] mode=OFF radar_adj=0 mom= conf=0
[BETA_X5] [1;36m07:22:59[0m [1;33mx5[0m [1;36m#140[0m SKIP tension=[1;36m0.00000681[0m [0m| momentum_too_small [1;31mconf=0.0[0m
[BETA_X5] mode=OFF radar_adj=0 mom= conf=0
[ALPHA_X13_BURST13] [1;36m07:23:02[0m [1;32mx13[0m [1;36m#165[0m SKIP tension=[1;36m0.00000000[0m [0m| momentum_too_small [1;31mconf=0.2748[0m
[ALPHA_X13_BURST13] mode=OFF radar_adj=0 mom= conf=0
[BETA_X5] [1;36m07:23:07[0m [1;33mx5[0m [1;36m#141[0m SKIP tension=[1;36m0.00002248[0m [0m| momentum_too_small [1;31mconf=0.0[0m
[BETA_X5] mode=OFF radar_adj=0 mom= conf=0
[ALPHA_X13_BURST13] [1;36m07:23:12[0m [1;32mx13[0m [1;36m#166[0m SKIP tension=[1;36m0.00002725[0m [0m| momentum_too_small [1;31mconf=0.0[0m
[ALPHA_X13_BURST13] mode=OFF radar_adj=0 mom= conf=0
[BETA_X5] [1;36m07:23:16[0m [1;33mx5[0m [1;36m#142[0m SKIP tension=[1;36m0.02726493[0m [0m| direction_unclear [1;31mconf=0.04[0m
[BETA_X5] mode=OFF radar_adj=0 mom= conf=0
[ALPHA_X13_BURST13] [1;36m07:23:21[0m [1;32mx13[0m [1;36m#167[0m SKIP tension=[1;36m0.00000000[0m [0m| momentum_too_small [1;31mconf=0.2553[0m
[BETA_X5] [1;36m07:23:24[0m [1;33mx5[0m [1;36m#143[0m SKIP tension=[1;36m0.00000000[0m [0m| momentum_too_small [1;31mconf=0.2581[0m
[ALPHA_X13_BURST13] mode=OFF radar_adj=0 mom= conf=0
[BETA_X5] mode=OFF radar_adj=0 mom= conf=0
[ALPHA_X13_BURST13] [1;36m07:23:29[0m [1;32mx13[0m [1;36m#168[0m SKIP tension=[1;36m0.00000000[0m [0m| momentum_too_small [1;31mconf=0.2553[0m
[ALPHA_X13_BURST13] mode=OFF radar_adj=0 mom= conf=0
[ALPHA_X13_BURST13] [1;36m07:23:38[0m [1;32mx13[0m [1;36m#169[0m SKIP tension=[1;36m0.00067681[0m [0m| momentum_too_small [1;31mconf=0.0009[0m
[ALPHA_X13_BURST13] mode=OFF radar_adj=0 mom= conf=0
[ALPHA_X13_BURST13] [1;36m07:23:46[0m [1;32mx13[0m [1;36m#170[0m SKIP tension=[1;36m0.00000000[0m [0m| momentum_too_small [1;31mconf=0.2609[0m
[ALPHA_X13_BURST13] mode=OFF radar_adj=0 mom= conf=0
[BETA_X5] [1;36mentry=07:23:36@62574.80000000[0m [1;33mx5[0m [1;36m#144[0m [1;33mSELL[0m tension=[1;31m2.52871756[0m hold=[1;36m12[0ms sec=[1;36m12[0m [0m| exit=62574.80000000 [1;33mconf=0.7852[0m [1;36mexit_time=07:23:48[0m [1;33mpnl=-0.00000000 bps=-0.00000000 pct=-0.00000000% total=1.2647599999999999[0m
[BETA_X5] mode=OFF radar_adj=0 mom= conf=0
[ALPHA_X13_BURST13] [1;36m07:23:55[0m [1;32mx13[0m [1;36m#171[0m SKIP tension=[1;36m0.00000189[0m [0m| momentum_too_small [1;31mconf=0.0[0m
[BETA_X5] [1;36m07:23:58[0m [1;33mx5[0m [1;36m#145[0m SKIP tension=[1;36m0.00000000[0m [0m| momentum_too_small [1;31mconf=0.2696[0m
[ALPHA_X13_BURST13] mode=OFF radar_adj=0 mom= conf=0
[BETA_X5] mode=OFF radar_adj=0 mom= conf=0
[ALPHA_X13_BURST13] [1;36m07:24:04[0m [1;32mx13[0m [1;36m#172[0m SKIP tension=[1;36m0.00000665[0m [0m| momentum_too_small [1;31mconf=0.0[0m
[ALPHA_X13_BURST13] mode=OFF radar_adj=0 mom= conf=0
[ALPHA_X13_BURST13] [1;36m07:24:13[0m [1;32mx13[0m [1;36m#173[0m SKIP tension=[1;36m0.00001350[0m [0m| momentum_too_small [1;31mconf=0.0[0m
[ALPHA_X13_BURST13] mode=OFF radar_adj=0 mom= conf=0
[ALPHA_X13_BURST13] [1;36m07:24:22[0m [1;32mx13[0m [1;36m#174[0m SKIP tension=[1;36m0.00000685[0m [0m| momentum_too_small [1;31mconf=0.0[0m
[ALPHA_X13_BURST13] mode=OFF radar_adj=0 mom= conf=0
[BETA_X5] [1;36mentry=07:24:11@62571.50000000[0m [1;33mx5[0m [1;36m#146[0m [1;32mSELL[0m tension=[1;32m1.27246052[0m hold=[1;36m14[0ms sec=[1;36m14[0m [0m| exit=62569.20000000 [1;33mconf=0.7703[0m [1;36mexit_time=07:24:25[0m [1;32mpnl=0.01794000 bps=0.36757949 pct=0.00367579% total=1.2827[0m
[BETA_X5] mode=OFF radar_adj=0 mom= conf=0
[ALPHA_X13_BURST13] [1;36m07:24:32[0m [1;32mx13[0m [1;36m#175[0m SKIP tension=[1;36m0.00000421[0m [0m| momentum_too_small [1;31mconf=0.0[0m
[ALPHA_X13_BURST13] mode=OFF radar_adj=0 mom= conf=0
[BETA_X5] [1;36m07:24:39[0m [1;33mx5[0m [1;36m#147[0m SKIP tension=[1;36m0.00000000[0m [0m| momentum_too_small [1;31mconf=0.2741[0m
[BETA_X5] mode=OFF radar_adj=0 mom= conf=0
[ALPHA_X13_BURST13] [1;36m07:24:44[0m [1;32mx13[0m [1;36m#176[0m SKIP tension=[1;36m0.00000000[0m [0m| momentum_too_small [1;31mconf=0.315[0m
[ALPHA_X13_BURST13] mode=OFF radar_adj=0 mom= conf=0
[BETA_X5] [1;36m07:24:48[0m [1;33mx5[0m [1;36m#148[0m SKIP tension=[1;36m0.00011040[0m [0m| momentum_too_small [1;31mconf=0.0001[0m
[BETA_X5] mode=OFF radar_adj=0 mom= conf=0
[ALPHA_X13_BURST13] [1;36m07:24:52[0m [1;32mx13[0m [1;36m#177[0m SKIP tension=[1;36m0.00003250[0m [0m| momentum_too_small [1;31mconf=0.0[0m
[ALPHA_X13_BURST13] mode=OFF radar_adj=0 mom= conf=0
[BETA_X5] [1;36m07:24:56[0m [1;33mx5[0m [1;36m#149[0m SKIP tension=[1;36m0.00000000[0m [0m| momentum_too_small [1;31mconf=0.3259[0m
[BETA_X5] mode=OFF radar_adj=0 mom= conf=0
[ALPHA_X13_BURST13] [1;36m07:25:01[0m [1;32mx13[0m [1;36m#178[0m SKIP tension=[1;36m0.29180288[0m [0m| wall_not_collapsed
[ALPHA_X13_BURST13] mode=OFF radar_adj=0 mom= conf=0
[BETA_X5] [1;36m07:25:04[0m [1;33mx5[0m [1;36m#150[0m SKIP tension=[1;36m0.00000000[0m [0m| momentum_too_small [1;31mconf=0.3098[0m
[BETA_X5] mode=OFF radar_adj=0 mom= conf=0
[ALPHA_X13_BURST13] [1;36m07:25:09[0m [1;32mx13[0m [1;36m#179[0m SKIP tension=[1;36m0.00000000[0m [0m| momentum_too_small [1;31mconf=0.3098[0m
[BETA_X5] [1;36m07:25:12[0m [1;33mx5[0m [1;36m#151[0m SKIP tension=[1;36m0.00000916[0m [0m| momentum_too_small [1;31mconf=0.0[0m
[ALPHA_X13_BURST13] mode=OFF radar_adj=0 mom= conf=0
[BETA_X5] mode=OFF radar_adj=0 mom= conf=0
[ALPHA_X13_BURST13] [1;36m07:25:17[0m [1;32mx13[0m [1;36m#180[0m SKIP tension=[1;36m0.00000000[0m [0m| momentum_too_small [1;31mconf=0.2846[0m
[ALPHA_X13_BURST13] mode=OFF radar_adj=0 mom= conf=0
[ALPHA_X13_BURST13] [1;36m07:25:27[0m [1;32mx13[0m [1;36m#181[0m SKIP tension=[1;32m1.19227011[0m [0m| duo no_trigger
[ALPHA_X13_BURST13] mode=OFF radar_adj=0 mom= conf=0
[BETA_X5] [1;36mCycle 152[0m [1;32mSOFT anomaly[0m [1;33m| pnl_abs=0.21138000 > 0.02500000[0m
[BETA_X5] [1;36mentry=07:25:24@62574.80000000[0m [1;33mx5[0m [1;36m#152[0m [1;32mSELL[0m tension=[1;31m2.27308964[0m hold=[1;36m7[0ms sec=[1;36m7[0m [0m| exit=62547.70000000 [1;32mconf=0.8602[0m [1;36mexit_time=07:25:31[0m [1;32mpnl=0.21138000 bps=4.33081688 pct=0.04330817% total=1.4940799999999999[0m
[ALPHA_X13_BURST13] [1;36m07:25:35[0m [1;32mx13[0m [1;36m#182[0m SKIP tension=[1;36m0.00001894[0m [0m| momentum_too_small [1;31mconf=0.0[0m
[BETA_X5] mode=OFF radar_adj=0 mom= conf=0
[ALPHA_X13_BURST13] mode=OFF radar_adj=0 mom= conf=0
[BETA_X5] [1;36m07:25:41[0m [1;33mx5[0m [1;36m#153[0m SKIP tension=[1;36m0.72244398[0m [0m| wall_not_collapsed
[BETA_X5] mode=OFF radar_adj=0 mom= conf=0
[ALPHA_X13_BURST13] [1;36m07:25:44[0m [1;32mx13[0m [1;36m#183[0m SKIP tension=[1;36m0.00000686[0m [0m| momentum_too_small [1;31mconf=0.0[0m
[ALPHA_X13_BURST13] mode=OFF radar_adj=0 mom= conf=0
[BETA_X5] [1;36m07:25:49[0m [1;33mx5[0m [1;36m#154[0m SKIP tension=[1;36m0.00000331[0m [0m| momentum_too_small [1;31mconf=0.0[0m
[BETA_X5] mode=OFF radar_adj=0 mom= conf=0
[ALPHA_X13_BURST13] [1;36m07:25:52[0m [1;32mx13[0m [1;36m#184[0m SKIP tension=[1;36m0.00000000[0m [0m| momentum_too_small [1;31mconf=0.2577[0m
[ALPHA_X13_BURST13] mode=OFF radar_adj=0 mom= conf=0
[BETA_X5] [1;36m07:25:57[0m [1;33mx5[0m [1;36m#155[0m SKIP tension=[1;36m0.37123498[0m [0m| wall_not_collapsed
[BETA_X5] mode=OFF radar_adj=0 mom= conf=0
[ALPHA_X13_BURST13] [1;36m07:26:01[0m [1;32mx13[0m [1;36m#185[0m SKIP tension=[1;36m0.50706903[0m [0m| wall_not_collapsed
[ALPHA_X13_BURST13] mode=OFF radar_adj=0 mom= conf=0
[BETA_X5] [1;36m07:26:06[0m [1;33mx5[0m [1;36m#156[0m SKIP tension=[1;36m0.00004184[0m [0m| momentum_too_small [1;31mconf=0.0001[0m
[BETA_X5] mode=OFF radar_adj=0 mom= conf=0
[ALPHA_X13_BURST13] [1;36m07:26:10[0m [1;32mx13[0m [1;36m#186[0m SKIP tension=[1;36m0.00000000[0m [0m| momentum_too_small [1;31mconf=0.2525[0m
[ALPHA_X13_BURST13] mode=OFF radar_adj=0 mom= conf=0
[BETA_X5] [1;36m07:26:13[0m [1;33mx5[0m [1;36m#157[0m SKIP tension=[1;36m0.00001440[0m [0m| momentum_too_small [1;31mconf=0.0[0m
[BETA_X5] mode=OFF radar_adj=0 mom= conf=0
[ALPHA_X13_BURST13] [1;36m07:26:18[0m [1;32mx13[0m [1;36m#187[0m SKIP tension=[1;36m0.20709212[0m [0m| low_confidence [1;31mconf=0.2407[0m
[ALPHA_X13_BURST13] mode=OFF radar_adj=0 mom= conf=0
[BETA_X5] [1;36m07:26:21[0m [1;33mx5[0m [1;36m#158[0m SKIP tension=[1;36m0.00000479[0m [0m| momentum_too_small [1;31mconf=0.0[0m
[BETA_X5] mode=OFF radar_adj=0 mom= conf=0
[ALPHA_X13_BURST13] [1;36m07:26:27[0m [1;32mx13[0m [1;36m#188[0m SKIP tension=[1;31m2.21174858[0m [0m| duo no_trigger
[BETA_X5] [1;36m07:26:30[0m [1;33mx5[0m [1;36m#159[0m SKIP tension=[1;36m0.00002812[0m [0m| momentum_too_small [1;31mconf=0.0[0m
[ALPHA_X13_BURST13] mode=OFF radar_adj=0 mom= conf=0
[BETA_X5] mode=OFF radar_adj=0 mom= conf=0
[ALPHA_X13_BURST13] [1;36m07:26:36[0m [1;32mx13[0m [1;36m#189[0m SKIP tension=[1;36m0.29970356[0m [0m| wall_not_collapsed
[BETA_X5] [1;36m07:26:39[0m [1;33mx5[0m [1;36m#160[0m SKIP tension=[1;36m0.00000686[0m [0m| momentum_too_small [1;31mconf=0.0[0m
[ALPHA_X13_BURST13] mode=OFF radar_adj=0 mom= conf=0
[BETA_X5] mode=OFF radar_adj=0 mom= conf=0
[ALPHA_X13_BURST13] [1;36m07:26:44[0m [1;32mx13[0m [1;36m#190[0m SKIP tension=[1;36m0.00000813[0m [0m| momentum_too_small [1;31mconf=0.0[0m
[ALPHA_X13_BURST13] mode=OFF radar_adj=0 mom= conf=0
[ALPHA_X13_BURST13] [1;36m07:26:53[0m [1;32mx13[0m [1;36m#191[0m SKIP tension=[1;36m0.00000000[0m [0m| momentum_too_small [1;31mconf=0.2081[0m
[ALPHA_X13_BURST13] mode=OFF radar_adj=0 mom= conf=0
[BETA_X5] [1;36mCycle 161[0m [1;32mSOFT anomaly[0m [1;33m| pnl_abs=0.34086000 > 0.02500000[0m
[BETA_X5] [1;36mentry=07:26:50@62594.50000000[0m [1;33mx5[0m [1;36m#161[0m [1;32mSELL[0m tension=[1;31m7.43263208[0m hold=[1;36m10[0ms sec=[1;36m10[0m [0m| exit=62550.80000000 [1;33mconf=0.6495[0m [1;36mexit_time=07:27:00[0m [1;32mpnl=0.34086000 bps=6.98144406 pct=0.06981444% total=1.8349399999999998[0m
[ALPHA_X13_BURST13] [1;36m07:27:02[0m [1;32mx13[0m [1;36m#192[0m SKIP tension=[1;31m2.00329360[0m [0m| spread_too_wide [1;33mconf=0.5[0m
[BETA_X5] mode=OFF radar_adj=0 mom= conf=0
[ALPHA_X13_BURST13] mode=OFF radar_adj=0 mom= conf=0
[BETA_X5] [1;36m07:27:10[0m [1;33mx5[0m [1;36m#162[0m SKIP tension=[1;36m0.00017060[0m [0m| momentum_too_small [1;31mconf=0.0003[0m
[ALPHA_X13_BURST13] [1;36m07:27:10[0m [1;32mx13[0m [1;36m#193[0m SKIP tension=[1;36m0.00007980[0m [0m| momentum_too_small [1;31mconf=0.0001[0m
[ALPHA_X13_BURST13] mode=OFF radar_adj=0 mom= conf=0
[BETA_X5] mode=OFF radar_adj=0 mom= conf=0
[ALPHA_X13_BURST13] [1;36m07:27:19[0m [1;32mx13[0m [1;36m#194[0m SKIP tension=[1;36m0.00001343[0m [0m| momentum_too_small [1;31mconf=0.0[0m
[BETA_X5] [1;36m07:27:19[0m [1;33mx5[0m [1;36m#163[0m SKIP tension=[1;36m0.00002568[0m [0m| momentum_too_small [1;31mconf=0.0[0m
[BETA_X5] mode=OFF radar_adj=0 mom= conf=0
[ALPHA_X13_BURST13] mode=OFF radar_adj=0 mom= conf=0
[BETA_X5] [1;36m07:27:28[0m [1;33mx5[0m [1;36m#164[0m SKIP tension=[1;36m0.00018402[0m [0m| momentum_too_small [1;31mconf=0.0003[0m
[ALPHA_X13_BURST13] [1;36m07:27:29[0m [1;32mx13[0m [1;36m#195[0m SKIP tension=[1;36m0.00018402[0m [0m| momentum_too_small [1;31mconf=0.0003[0m
[BETA_X5] mode=OFF radar_adj=0 mom= conf=0
[ALPHA_X13_BURST13] mode=OFF radar_adj=0 mom= conf=0
[BETA_X5] [1;36m07:27:36[0m [1;33mx5[0m [1;36m#165[0m SKIP tension=[1;36m0.00036082[0m [0m| momentum_too_small [1;31mconf=0.0006[0m
[ALPHA_X13_BURST13] [1;36m07:27:38[0m [1;32mx13[0m [1;36m#196[0m SKIP tension=[1;36m0.00000000[0m [0m| momentum_too_small [1;31mconf=0.3493[0m
[BETA_X5] mode=OFF radar_adj=0 mom= conf=0
[ALPHA_X13_BURST13] mode=OFF radar_adj=0 mom= conf=0
[BETA_X5] [1;36m07:27:44[0m [1;33mx5[0m [1;36m#166[0m SKIP tension=[1;36m0.00001072[0m [0m| momentum_too_small [1;31mconf=0.0[0m
[BETA_X5] mode=OFF radar_adj=0 mom= conf=0
[ALPHA_X13_BURST13] [1;36m07:27:46[0m [1;32mx13[0m [1;36m#197[0m SKIP tension=[1;36m0.00000000[0m [0m| momentum_too_small [1;31mconf=0.3493[0m
[ALPHA_X13_BURST13] mode=OFF radar_adj=0 mom= conf=0
[BETA_X5] [1;36m07:27:52[0m [1;33mx5[0m [1;36m#167[0m SKIP tension=[1;36m0.00000780[0m [0m| momentum_too_small [1;31mconf=0.0[0m
[ALPHA_X13_BURST13] [1;36m07:27:55[0m [1;32mx13[0m [1;36m#198[0m SKIP tension=[1;36m0.00003704[0m [0m| momentum_too_small [1;31mconf=0.0001[0m
[BETA_X5] mode=OFF radar_adj=0 mom= conf=0
[ALPHA_X13_BURST13] mode=OFF radar_adj=0 mom= conf=0
[BETA_X5] [1;36m07:28:01[0m [1;33mx5[0m [1;36m#168[0m SKIP tension=[1;36m0.00004680[0m [0m| momentum_too_small [1;31mconf=0.0001[0m
[BETA_X5] mode=OFF radar_adj=0 mom= conf=0
[ALPHA_X13_BURST13] [1;36m07:28:04[0m [1;32mx13[0m [1;36m#199[0m SKIP tension=[1;36m0.00001852[0m [0m| momentum_too_small [1;31mconf=0.0[0m
[ALPHA_X13_BURST13] mode=OFF radar_adj=0 mom= conf=0
[BETA_X5] [1;36m07:28:10[0m [1;33mx5[0m [1;36m#169[0m SKIP tension=[1;36m0.00000313[0m [0m| momentum_too_small [1;31mconf=0.0[0m
[BETA_X5] mode=OFF radar_adj=0 mom= conf=0
[ALPHA_X13_BURST13] [1;36m07:28:13[0m [1;32mx13[0m [1;36m#200[0m SKIP tension=[1;36m0.00009981[0m [0m| momentum_too_small [1;31mconf=0.0002[0m
[ALPHA_X13_BURST13] mode=OFF radar_adj=0 mom= conf=0
[BETA_X5] [1;36m07:28:18[0m [1;33mx5[0m [1;36m#170[0m SKIP tension=[1;36m0.00000000[0m [0m| momentum_too_small [1;31mconf=0.3496[0m
[BETA_X5] mode=OFF radar_adj=0 mom= conf=0
[ALPHA_X13_BURST13] [1;36m07:28:22[0m [1;32mx13[0m [1;36m#201[0m SKIP tension=[1;36m0.00003218[0m [0m| momentum_too_small [1;31mconf=0.0001[0m
[ALPHA_X13_BURST13] mode=OFF radar_adj=0 mom= conf=0
[BETA_X5] [1;36m07:28:26[0m [1;33mx5[0m [1;36m#171[0m SKIP tension=[1;36m0.00004485[0m [0m| momentum_too_small [1;31mconf=0.0001[0m
[BETA_X5] mode=OFF radar_adj=0 mom= conf=0
[ALPHA_X13_BURST13] [1;36m07:28:32[0m [1;32mx13[0m [1;36m#202[0m SKIP tension=[1;36m0.00003705[0m [0m| momentum_too_small [1;31mconf=0.0001[0m
[BETA_X5] [1;36m07:28:34[0m [1;33mx5[0m [1;36m#172[0m SKIP tension=[1;36m0.00004095[0m [0m| momentum_too_small [1;31mconf=0.0001[0m
[ALPHA_X13_BURST13] mode=OFF radar_adj=0 mom= conf=0
[BETA_X5] mode=OFF radar_adj=0 mom= conf=0
[ALPHA_X13_BURST13] [1;36m07:28:40[0m [1;32mx13[0m [1;36m#203[0m SKIP tension=[1;36m0.00005313[0m [0m| momentum_too_small [1;31mconf=0.0001[0m
[BETA_X5] [1;36m07:28:42[0m [1;33mx5[0m [1;36m#173[0m SKIP tension=[1;36m0.00005549[0m [0m| momentum_too_small [1;31mconf=0.0001[0m
[ALPHA_X13_BURST13] mode=OFF radar_adj=0 mom= conf=0
[BETA_X5] mode=OFF radar_adj=0 mom= conf=0
[ALPHA_X13_BURST13] [1;36m07:28:48[0m [1;32mx13[0m [1;36m#204[0m SKIP tension=[1;36m0.00000000[0m [0m| momentum_too_small [1;31mconf=0.3496[0m
[BETA_X5] [1;36m07:28:51[0m [1;33mx5[0m [1;36m#174[0m SKIP tension=[1;36m0.00000000[0m [0m| momentum_too_small [1;31mconf=0.3496[0m
[ALPHA_X13_BURST13] mode=OFF radar_adj=0 mom= conf=0
[BETA_X5] mode=OFF radar_adj=0 mom= conf=0
[ALPHA_X13_BURST13] [1;36m07:28:57[0m [1;32mx13[0m [1;36m#205[0m SKIP tension=[1;36m0.00000000[0m [0m| momentum_too_small [1;31mconf=0.3493[0m
[BETA_X5] [1;36m07:28:59[0m [1;33mx5[0m [1;36m#175[0m SKIP tension=[1;36m0.00037212[0m [0m| momentum_too_small [1;31mconf=0.0006[0m
[ALPHA_X13_BURST13] mode=OFF radar_adj=0 mom= conf=0
[BETA_X5] mode=OFF radar_adj=0 mom= conf=0
[ALPHA_X13_BURST13] [1;36m07:29:05[0m [1;32mx13[0m [1;36m#206[0m SKIP tension=[1;36m0.00343446[0m [0m| momentum_too_small [1;31mconf=0.0051[0m
[BETA_X5] [1;36m07:29:08[0m [1;33mx5[0m [1;36m#176[0m SKIP tension=[1;32m1.26876283[0m [0m| tactic short vs long
[ALPHA_X13_BURST13] mode=OFF radar_adj=0 mom= conf=0
[BETA_X5] mode=OFF radar_adj=0 mom= conf=0
[ALPHA_X13_BURST13] [1;36m07:29:14[0m [1;32mx13[0m [1;36m#207[0m SKIP tension=[1;31m2.27256708[0m [0m| duo no_trigger
[ALPHA_X13_BURST13] mode=OFF radar_adj=0 mom= conf=0
[ALPHA_X13_BURST13] [1;36m07:29:23[0m [1;32mx13[0m [1;36m#208[0m SKIP tension=[1;36m0.00001009[0m [0m| momentum_too_small [1;31mconf=0.0[0m
[ALPHA_X13_BURST13] mode=OFF radar_adj=0 mom= conf=0
[BETA_X5] [1;36mentry=07:29:21@62615.20000000[0m [1;33mx5[0m [1;36m#177[0m [1;32mSELL[0m tension=[1;32m1.74853578[0m hold=[1;36m6[0ms sec=[1;36m6[0m [0m| exit=62615.10000000 [1;32mconf=0.9311[0m [1;36mexit_time=07:29:27[0m [1;32mpnl=0.00078000 bps=0.01597056 pct=0.00015971% total=1.8357199999999998[0m
[ALPHA_X13_BURST13] [1;36m07:29:32[0m [1;32mx13[0m [1;36m#209[0m SKIP tension=[1;36m0.00002460[0m [0m| momentum_too_small [1;31mconf=0.0[0m
[BETA_X5] mode=OFF radar_adj=0 mom= conf=0
[ALPHA_X13_BURST13] mode=OFF radar_adj=0 mom= conf=0
[BETA_X5] [1;36m07:29:37[0m [1;33mx5[0m [1;36m#178[0m SKIP tension=[1;36m0.00000314[0m [0m| momentum_too_small [1;31mconf=0.0[0m
[ALPHA_X13_BURST13] [1;36m07:29:40[0m [1;32mx13[0m [1;36m#210[0m SKIP tension=[1;36m0.00000000[0m [0m| momentum_too_small [1;31mconf=0.3448[0m
[BETA_X5] mode=OFF radar_adj=0 mom= conf=0
[ALPHA_X13_BURST13] mode=OFF radar_adj=0 mom= conf=0
[BETA_X5] [1;36m07:29:45[0m [1;33mx5[0m [1;36m#179[0m SKIP tension=[1;36m0.00001919[0m [0m| momentum_too_small [1;31mconf=0.0[0m
[BETA_X5] mode=OFF radar_adj=0 mom= conf=0
[ALPHA_X13_BURST13] [1;36m07:29:49[0m [1;32mx13[0m [1;36m#211[0m SKIP tension=[1;36m0.31265113[0m [0m| wall_not_collapsed
[ALPHA_X13_BURST13] mode=OFF radar_adj=0 mom= conf=0
[BETA_X5] [1;36m07:29:54[0m [1;33mx5[0m [1;36m#180[0m SKIP tension=[1;36m0.00000000[0m [0m| momentum_too_small [1;31mconf=0.3448[0m
[BETA_X5] mode=OFF radar_adj=0 mom= conf=0
[ALPHA_X13_BURST13] [1;36m07:29:58[0m [1;32mx13[0m [1;36m#212[0m SKIP tension=[1;36m0.00000392[0m [0m| momentum_too_small [1;31mconf=0.0[0m
[ALPHA_X13_BURST13] mode=OFF radar_adj=0 mom= conf=0
[BETA_X5] [1;36m07:30:03[0m [1;33mx5[0m [1;36m#181[0m SKIP tension=[1;36m0.00000467[0m [0m| momentum_too_small [1;31mconf=0.0[0m
[BETA_X5] mode=OFF radar_adj=0 mom= conf=0
[ALPHA_X13_BURST13] [1;36m07:30:07[0m [1;32mx13[0m [1;36m#213[0m SKIP tension=[1;36m0.00596735[0m [0m| momentum_too_small [1;31mconf=0.0093[0m
[ALPHA_X13_BURST13] mode=OFF radar_adj=0 mom= conf=0
[BETA_X5] [1;36m07:30:11[0m [1;33mx5[0m [1;36m#182[0m SKIP tension=[1;36m0.00000788[0m [0m| momentum_too_small [1;31mconf=0.0[0m
[BETA_X5] mode=OFF radar_adj=0 mom= conf=0
[ALPHA_X13_BURST13] [1;36m07:30:16[0m [1;32mx13[0m [1;36m#214[0m SKIP tension=[1;36m0.00000274[0m [0m| momentum_too_small [1;31mconf=0.0[0m
[ALPHA_X13_BURST13] mode=OFF radar_adj=0 mom= conf=0
[BETA_X5] [1;36m07:30:19[0m [1;33mx5[0m [1;36m#183[0m SKIP tension=[1;36m0.16470745[0m [0m| direction_unclear [1;31mconf=0.2707[0m
[BETA_X5] mode=OFF radar_adj=0 mom= conf=0
[ALPHA_X13_BURST13] [1;36m07:30:24[0m [1;32mx13[0m [1;36m#215[0m SKIP tension=[1;36m0.58864638[0m [0m| wall_not_collapsed
[BETA_X5] [1;36m07:30:27[0m [1;33mx5[0m [1;36m#184[0m SKIP tension=[1;36m0.30667118[0m [0m| wall_not_collapsed
[ALPHA_X13_BURST13] mode=OFF radar_adj=0 mom= conf=0
[BETA_X5] mode=OFF radar_adj=0 mom= conf=0
[ALPHA_X13_BURST13] [1;36m07:30:33[0m [1;32mx13[0m [1;36m#216[0m SKIP tension=[1;36m0.31972852[0m [0m| wall_not_collapsed
[ALPHA_X13_BURST13] mode=OFF radar_adj=0 mom= conf=0
[ALPHA_X13_BURST13] [1;36m07:30:42[0m [1;32mx13[0m [1;36m#217[0m SKIP tension=[1;36m0.00472122[0m [0m| momentum_too_small [1;31mconf=0.0067[0m
[ALPHA_X13_BURST13] mode=OFF radar_adj=0 mom= conf=0
[BETA_X5] [1;36mCycle 185[0m [1;32mSOFT anomaly[0m [1;33m| pnl_abs=0.11778000 > 0.02500000[0m
[BETA_X5] [1;36mentry=07:30:39@62624.40000000[0m [1;33mx5[0m [1;36m#185[0m [1;32mSELL[0m tension=[1;32m1.64671846[0m hold=[1;36m7[0ms sec=[1;36m7[0m [0m| exit=62609.30000000 [1;32mconf=0.8493[0m [1;36mexit_time=07:30:46[0m [1;32mpnl=0.11778000 bps=2.41120075 pct=0.02411201% total=1.9534999999999998[0m
[BETA_X5] mode=OFF radar_adj=0 mom= conf=0
[ALPHA_X13_BURST13] [1;36m07:30:51[0m [1;32mx13[0m [1;36m#218[0m SKIP tension=[1;36m0.00000000[0m [0m| momentum_too_small [1;31mconf=0.2938[0m
[ALPHA_X13_BURST13] mode=OFF radar_adj=0 mom= conf=0
[BETA_X5] [1;36m07:30:56[0m [1;33mx5[0m [1;36m#186[0m SKIP tension=[1;36m0.59812813[0m [0m| wall_not_collapsed
[BETA_X5] mode=OFF radar_adj=0 mom= conf=0
[ALPHA_X13_BURST13] [1;36m07:30:59[0m [1;32mx13[0m [1;36m#219[0m SKIP tension=[1;36m0.00000117[0m [0m| momentum_too_small [1;31mconf=0.0[0m
[ALPHA_X13_BURST13] mode=OFF radar_adj=0 mom= conf=0
[BETA_X5] [1;36m07:31:04[0m [1;33mx5[0m [1;36m#187[0m SKIP tension=[1;36m0.00000250[0m [0m| momentum_too_small [1;31mconf=0.0[0m
[BETA_X5] mode=OFF radar_adj=0 mom= conf=0
[ALPHA_X13_BURST13] [1;36m07:31:09[0m [1;32mx13[0m [1;36m#220[0m SKIP tension=[1;32m1.81458397[0m [0m| duo no_trigger
[ALPHA_X13_BURST13] mode=OFF radar_adj=0 mom= conf=0
[BETA_X5] [1;36m07:31:13[0m [1;33mx5[0m [1;36m#188[0m SKIP tension=[1;36m0.00000506[0m [0m| momentum_too_small [1;31mconf=0.0[0m
[BETA_X5] mode=OFF radar_adj=0 mom= conf=0
[ALPHA_X13_BURST13] [1;36m07:31:17[0m [1;32mx13[0m [1;36m#221[0m SKIP tension=[1;32m1.53734036[0m [0m| duo no_trigger
[ALPHA_X13_BURST13] mode=OFF radar_adj=0 mom= conf=0
[BETA_X5] [1;36m07:31:21[0m [1;33mx5[0m [1;36m#189[0m SKIP tension=[1;36m0.00000000[0m [0m| momentum_too_small [1;31mconf=0.3311[0m
[BETA_X5] mode=OFF radar_adj=0 mom= conf=0
[ALPHA_X13_BURST13] [1;36m07:31:26[0m [1;32mx13[0m [1;36m#222[0m SKIP tension=[1;36m0.00000000[0m [0m| momentum_too_small [1;31mconf=0.3311[0m
[BETA_X5] [1;36m07:31:29[0m [1;33mx5[0m [1;36m#190[0m SKIP tension=[1;36m0.00000577[0m [0m| momentum_too_small [1;31mconf=0.0[0m
[ALPHA_X13_BURST13] mode=OFF radar_adj=0 mom= conf=0
[BETA_X5] mode=OFF radar_adj=0 mom= conf=0
[ALPHA_X13_BURST13] [1;36m07:31:35[0m [1;32mx13[0m [1;36m#223[0m SKIP tension=[1;36m0.00000000[0m [0m| momentum_too_small [1;31mconf=0.3465[0m
[BETA_X5] [1;36m07:31:37[0m [1;33mx5[0m [1;36m#191[0m SKIP tension=[1;36m0.00001076[0m [0m| momentum_too_small [1;31mconf=0.0[0m
[ALPHA_X13_BURST13] mode=OFF radar_adj=0 mom= conf=0
[BETA_X5] mode=OFF radar_adj=0 mom= conf=0
[ALPHA_X13_BURST13] [1;36m07:31:44[0m [1;32mx13[0m [1;36m#224[0m SKIP tension=[1;36m0.68238260[0m [0m| wall_not_collapsed
[BETA_X5] [1;36m07:31:45[0m [1;33mx5[0m [1;36m#192[0m SKIP tension=[1;36m0.37354565[0m [0m| wall_not_collapsed
[ALPHA_X13_BURST13] mode=OFF radar_adj=0 mom= conf=0
[BETA_X5] mode=OFF radar_adj=0 mom= conf=0
[ALPHA_X13_BURST13] [1;36m07:31:52[0m [1;32mx13[0m [1;36m#225[0m SKIP tension=[1;36m0.00000000[0m [0m| momentum_too_small [1;31mconf=0.3465[0m
[BETA_X5] [1;36m07:31:53[0m [1;33mx5[0m [1;36m#193[0m SKIP tension=[1;36m0.52048422[0m [0m| wall_not_collapsed
[BETA_X5] mode=OFF radar_adj=0 mom= conf=0
[ALPHA_X13_BURST13] mode=OFF radar_adj=0 mom= conf=0
[ALPHA_X13_BURST13] [1;36m07:32:02[0m [1;32mx13[0m [1;36m#226[0m SKIP tension=[1;36m0.00000000[0m [0m| momentum_too_small [1;31mconf=0.269[0m
[ALPHA_X13_BURST13] mode=OFF radar_adj=0 mom= conf=0
[ALPHA_X13_BURST13] [1;36m07:32:12[0m [1;32mx13[0m [1;36m#227[0m SKIP tension=[1;31m2.69913450[0m [0m| duo no_trigger
[BETA_X5] [1;36mCycle 194[0m [1;32mSOFT anomaly[0m [1;33m| pnl_abs=0.17394000 > 0.02500000[0m
[BETA_X5] [1;36mentry=07:32:06@62624.80000000[0m [1;33mx5[0m [1;36m#194[0m [1;32mSELL[0m tension=[1;31m2.64813839[0m hold=[1;36m8[0ms sec=[1;36m8[0m [0m| exit=62602.50000000 [1;33mconf=0.7685[0m [1;36mexit_time=07:32:14[0m [1;32mpnl=0.17394000 bps=3.56088962 pct=0.03560890% total=2.12744[0m
[ALPHA_X13_BURST13] mode=OFF radar_adj=0 mom= conf=0
[BETA_X5] mode=OFF radar_adj=0 mom= conf=0
[ALPHA_X13_BURST13] [1;36m07:32:21[0m [1;32mx13[0m [1;36m#228[0m SKIP tension=[1;36m0.00003441[0m [0m| momentum_too_small [1;31mconf=0.0001[0m
[BETA_X5] [1;36m07:32:23[0m [1;33mx5[0m [1;36m#195[0m SKIP tension=[1;36m0.05082301[0m [0m| direction_unclear [1;31mconf=0.0761[0m
[ALPHA_X13_BURST13] mode=OFF radar_adj=0 mom= conf=0
[BETA_X5] mode=OFF radar_adj=0 mom= conf=0
[ALPHA_X13_BURST13] [1;36m07:32:29[0m [1;32mx13[0m [1;36m#229[0m SKIP tension=[1;36m0.00000000[0m [0m| momentum_too_small [1;31mconf=0.3231[0m
[BETA_X5] [1;36m07:32:32[0m [1;33mx5[0m [1;36m#196[0m SKIP tension=[1;36m0.00000586[0m [0m| momentum_too_small [1;31mconf=0.0[0m
[ALPHA_X13_BURST13] mode=OFF radar_adj=0 mom= conf=0
[BETA_X5] mode=OFF radar_adj=0 mom= conf=0
[ALPHA_X13_BURST13] [1;36m07:32:38[0m [1;32mx13[0m [1;36m#230[0m SKIP tension=[1;36m0.00000000[0m [0m| momentum_too_small [1;31mconf=0.3123[0m
[BETA_X5] [1;36m07:32:40[0m [1;33mx5[0m [1;36m#197[0m SKIP tension=[1;36m0.00000369[0m [0m| momentum_too_small [1;31mconf=0.0[0m
[ALPHA_X13_BURST13] mode=OFF radar_adj=0 mom= conf=0
[BETA_X5] mode=OFF radar_adj=0 mom= conf=0
[ALPHA_X13_BURST13] [1;36m07:32:48[0m [1;32mx13[0m [1;36m#231[0m SKIP tension=[1;36m0.00000000[0m [0m| momentum_too_small [1;31mconf=0.2969[0m
[BETA_X5] [1;36m07:32:48[0m [1;33mx5[0m [1;36m#198[0m SKIP tension=[1;36m0.00000000[0m [0m| momentum_too_small [1;31mconf=0.2969[0m
[ALPHA_X13_BURST13] mode=OFF radar_adj=0 mom= conf=0
[BETA_X5] mode=OFF radar_adj=0 mom= conf=0
[ALPHA_X13_BURST13] [1;36m07:32:56[0m [1;32mx13[0m [1;36m#232[0m SKIP tension=[1;36m0.00000271[0m [0m| momentum_too_small [1;31mconf=0.0[0m
[BETA_X5] [1;36m07:32:56[0m [1;33mx5[0m [1;36m#199[0m SKIP tension=[1;36m0.00000609[0m [0m| momentum_too_small [1;31mconf=0.0[0m
[BETA_X5] mode=OFF radar_adj=0 mom= conf=0
[ALPHA_X13_BURST13] mode=OFF radar_adj=0 mom= conf=0
[BETA_X5] [1;36m07:33:04[0m [1;33mx5[0m [1;36m#200[0m SKIP tension=[1;36m0.00001590[0m [0m| momentum_too_small [1;31mconf=0.0[0m
[ALPHA_X13_BURST13] [1;36m07:33:04[0m [1;32mx13[0m [1;36m#233[0m SKIP tension=[1;36m0.00001590[0m [0m| momentum_too_small [1;31mconf=0.0[0m
[BETA_X5] mode=OFF radar_adj=0 mom= conf=0
[ALPHA_X13_BURST13] mode=OFF radar_adj=0 mom= conf=0
[BETA_X5] [1;36m07:33:12[0m [1;33mx5[0m [1;36m#201[0m SKIP tension=[1;36m0.00003926[0m [0m| momentum_too_small [1;31mconf=0.0001[0m
[ALPHA_X13_BURST13] [1;36m07:33:13[0m [1;32mx13[0m [1;36m#234[0m SKIP tension=[1;36m0.04466393[0m [0m| direction_unclear [1;31mconf=0.0709[0m
[BETA_X5] mode=OFF radar_adj=0 mom= conf=0
[ALPHA_X13_BURST13] mode=OFF radar_adj=0 mom= conf=0
[BETA_X5] [1;36m07:33:21[0m [1;33mx5[0m [1;36m#202[0m SKIP tension=[1;36m0.00001581[0m [0m| momentum_too_small [1;31mconf=0.0[0m
[ALPHA_X13_BURST13] [1;36m07:33:22[0m [1;32mx13[0m [1;36m#235[0m SKIP tension=[1;36m0.00001510[0m [0m| momentum_too_small [1;31mconf=0.0[0m
[BETA_X5] mode=OFF radar_adj=0 mom= conf=0
[ALPHA_X13_BURST13] mode=OFF radar_adj=0 mom= conf=0
[BETA_X5] [1;36m07:33:29[0m [1;33mx5[0m [1;36m#203[0m SKIP tension=[1;36m0.58374918[0m [0m| wall_not_collapsed
[ALPHA_X13_BURST13] [1;36m07:33:31[0m [1;32mx13[0m [1;36m#236[0m SKIP tension=[1;32m1.20727416[0m [0m| duo no_trigger
[BETA_X5] mode=OFF radar_adj=0 mom= conf=0
[ALPHA_X13_BURST13] mode=OFF radar_adj=0 mom= conf=0
[BETA_X5] [1;36m07:33:37[0m [1;33mx5[0m [1;36m#204[0m SKIP tension=[1;36m0.00000856[0m [0m| momentum_too_small [1;31mconf=0.0[0m
[ALPHA_X13_BURST13] [1;36m07:33:40[0m [1;32mx13[0m [1;36m#237[0m SKIP tension=[1;36m0.00000000[0m [0m| momentum_too_small [1;31mconf=0.3158[0m
[BETA_X5] mode=OFF radar_adj=0 mom= conf=0
[ALPHA_X13_BURST13] mode=OFF radar_adj=0 mom= conf=0
[BETA_X5] [1;36m07:33:45[0m [1;33mx5[0m [1;36m#205[0m SKIP tension=[1;36m0.00002116[0m [0m| momentum_too_small [1;31mconf=0.0[0m
[ALPHA_X13_BURST13] [1;36m07:33:48[0m [1;32mx13[0m [1;36m#238[0m SKIP tension=[1;36m0.42968610[0m [0m| wall_not_collapsed
[BETA_X5] mode=OFF radar_adj=0 mom= conf=0
[ALPHA_X13_BURST13] mode=OFF radar_adj=0 mom= conf=0
[BETA_X5] [1;36m07:33:54[0m [1;33mx5[0m [1;36m#206[0m SKIP tension=[1;36m0.00000163[0m [0m| momentum_too_small [1;31mconf=0.0[0m
[BETA_X5] mode=OFF radar_adj=0 mom= conf=0
[ALPHA_X13_BURST13] [1;36m07:33:56[0m [1;32mx13[0m [1;36m#239[0m SKIP tension=[1;36m0.00000000[0m [0m| momentum_too_small [1;31mconf=0.3227[0m
[ALPHA_X13_BURST13] mode=OFF radar_adj=0 mom= conf=0
[BETA_X5] [1;36m07:34:02[0m [1;33mx5[0m [1;36m#207[0m SKIP tension=[1;36m0.00021763[0m [0m| momentum_too_small [1;31mconf=0.0003[0m
[BETA_X5] mode=OFF radar_adj=0 mom= conf=0
[ALPHA_X13_BURST13] [1;36m07:34:05[0m [1;32mx13[0m [1;36m#240[0m SKIP tension=[1;36m0.00000000[0m [0m| momentum_too_small [1;31mconf=0.3227[0m
[ALPHA_X13_BURST13] mode=OFF radar_adj=0 mom= conf=0
[BETA_X5] [1;36m07:34:10[0m [1;33mx5[0m [1;36m#208[0m SKIP tension=[1;36m0.00003726[0m [0m| momentum_too_small [1;31mconf=0.0[0m
[BETA_X5] mode=OFF radar_adj=0 mom= conf=0
[ALPHA_X13_BURST13] [1;36m07:34:14[0m [1;32mx13[0m [1;36m#241[0m SKIP tension=[1;31m3.41119249[0m [0m| duo no_trigger
[ALPHA_X13_BURST13] mode=OFF radar_adj=0 mom= conf=0
[BETA_X5] [1;36m07:34:18[0m [1;33mx5[0m [1;36m#209[0m SKIP tension=[1;36m0.00000000[0m [0m| momentum_too_small [1;31mconf=0.2599[0m
[BETA_X5] mode=OFF radar_adj=0 mom= conf=0
[ALPHA_X13_BURST13] [1;36m07:34:22[0m [1;32mx13[0m [1;36m#242[0m SKIP tension=[1;36m0.00000000[0m [0m| momentum_too_small [1;31mconf=0.2288[0m
[ALPHA_X13_BURST13] mode=OFF radar_adj=0 mom= conf=0
[BETA_X5] [1;36m07:34:26[0m [1;33mx5[0m [1;36m#210[0m SKIP tension=[1;36m0.00000000[0m [0m| momentum_too_small [1;31mconf=0.2256[0m
[BETA_X5] mode=OFF radar_adj=0 mom= conf=0
[ALPHA_X13_BURST13] [1;36m07:34:31[0m [1;32mx13[0m [1;36m#243[0m SKIP tension=[1;36m0.00001290[0m [0m| momentum_too_small [1;31mconf=0.0[0m
[ALPHA_X13_BURST13] mode=OFF radar_adj=0 mom= conf=0
[BETA_X5] [1;36m07:34:34[0m [1;33mx5[0m [1;36m#211[0m SKIP tension=[1;36m0.00000307[0m [0m| momentum_too_small [1;31mconf=0.0[0m
[BETA_X5] mode=OFF radar_adj=0 mom= conf=0
[ALPHA_X13_BURST13] [1;36m07:34:40[0m [1;32mx13[0m [1;36m#244[0m SKIP tension=[1;36m0.00641889[0m [0m| momentum_too_small [1;31mconf=0.01[0m
[ALPHA_X13_BURST13] mode=OFF radar_adj=0 mom= conf=0
[BETA_X5] [1;36m07:34:43[0m [1;33mx5[0m [1;36m#212[0m SKIP tension=[1;36m0.00642227[0m [0m| momentum_too_small [1;31mconf=0.0089[0m
[BETA_X5] mode=OFF radar_adj=0 mom= conf=0
[ALPHA_X13_BURST13] [1;36m07:34:48[0m [1;32mx13[0m [1;36m#245[0m SKIP tension=[1;36m0.00000000[0m [0m| momentum_too_small [1;31mconf=0.2917[0m
[ALPHA_X13_BURST13] mode=OFF radar_adj=0 mom= conf=0
[BETA_X5] [1;36m07:34:51[0m [1;33mx5[0m [1;36m#213[0m SKIP tension=[1;36m0.00000000[0m [0m| momentum_too_small [1;31mconf=0.2917[0m
[BETA_X5] mode=OFF radar_adj=0 mom= conf=0
[ALPHA_X13_BURST13] [1;36m07:34:56[0m [1;32mx13[0m [1;36m#246[0m SKIP tension=[1;36m0.00000800[0m [0m| momentum_too_small [1;31mconf=0.0[0m
[BETA_X5] [1;36m07:34:59[0m [1;33mx5[0m [1;36m#214[0m SKIP tension=[1;36m0.00000544[0m [0m| momentum_too_small [1;31mconf=0.0[0m
[ALPHA_X13_BURST13] mode=OFF radar_adj=0 mom= conf=0
[BETA_X5] mode=OFF radar_adj=0 mom= conf=0
[ALPHA_X13_BURST13] [1;36m07:35:05[0m [1;32mx13[0m [1;36m#247[0m SKIP tension=[1;36m0.76859076[0m [0m| wall_not_collapsed
[ALPHA_X13_BURST13] mode=OFF radar_adj=0 mom= conf=0
[ALPHA_X13_BURST13] [1;36m07:35:14[0m [1;32mx13[0m [1;36m#248[0m SKIP tension=[1;36m0.00000000[0m [0m| momentum_too_small [1;31mconf=0.2721[0m
[ALPHA_X13_BURST13] mode=OFF radar_adj=0 mom= conf=0
[BETA_X5] shockwave beta->alpha until_cycle=225
[BETA_X5] [1;33mSWARM shockwave[0m [0m| beta -> neighbor (shock_inversion_stop)[0m
[BETA_X5] [1;36mCycle 215[0m [1;32mSOFT anomaly[0m [1;33m| pnl_abs=0.04368000 > 0.02500000[0m
[BETA_X5] [1;36mentry=07:35:12@62606.90000000[0m [1;33mx5[0m [1;36m#215[0m [1;31mSELL[0m tension=[1;32m1.12967675[0m hold=[1;36m7[0ms sec=[1;36m7[0m [0m| exit=62612.50000000 [1;32mconf=0.8333[0m [1;36mexit_time=07:35:19[0m [1;31mpnl=-0.04368000 bps=-0.89447010 pct=-0.00894470% total=2.08376[0m
[BETA_X5] mode=OFF radar_adj=0 mom= conf=0
[BETA_X5] [1;36m07:35:30[0m [1;33mx5[0m [1;36m#216[0m SKIP tension=[1;36m0.00005442[0m [0m| momentum_too_small [1;31mconf=0.0001[0m
[BETA_X5] mode=OFF radar_adj=0 mom= conf=0
[BETA_X5] [1;36m07:35:38[0m [1;33mx5[0m [1;36m#217[0m SKIP tension=[1;36m0.00000000[0m [0m| momentum_too_small [1;31mconf=0.306[0m
[BETA_X5] mode=OFF radar_adj=0 mom= conf=0
[BETA_X5] [1;36m07:35:47[0m [1;33mx5[0m [1;36m#218[0m SKIP tension=[1;36m0.00000000[0m [0m| momentum_too_small [1;31mconf=0.3339[0m
[BETA_X5] mode=OFF radar_adj=0 mom= conf=0
[BETA_X5] [1;36m07:35:55[0m [1;33mx5[0m [1;36m#219[0m SKIP tension=[1;36m0.00000000[0m [0m| momentum_too_small [1;31mconf=0.3336[0m
[BETA_X5] mode=OFF radar_adj=0 mom= conf=0
[BETA_X5] [1;36m07:36:04[0m [1;33mx5[0m [1;36m#220[0m SKIP tension=[1;36m0.00000000[0m [0m| momentum_too_small [1;31mconf=0.3336[0m
[BETA_X5] mode=OFF radar_adj=0 mom= conf=0
[BETA_X5] [1;36m07:36:12[0m [1;33mx5[0m [1;36m#221[0m SKIP tension=[1;36m0.73393319[0m [0m| wall_not_collapsed
[BETA_X5] mode=OFF radar_adj=0 mom= conf=0
[BETA_X5] [1;36mentry=07:36:27@62592.70000000[0m [1;33mx5[0m [1;36m#222[0m [1;33mSELL[0m tension=[1;31m3.42247373[0m hold=[1;36m6[0ms sec=[1;36m6[0m [0m| exit=62592.70000000 [1;32mconf=0.975[0m [1;36mexit_time=07:36:34[0m [1;33mpnl=-0.00000000 bps=-0.00000000 pct=-0.00000000% total=2.08376[0m
[BETA_X5] mode=OFF radar_adj=0 mom= conf=0
[BETA_X5] [1;36m07:36:43[0m [1;33mx5[0m [1;36m#223[0m SKIP tension=[1;36m0.00000000[0m [0m| momentum_too_small [1;31mconf=0.307[0m
[BETA_X5] mode=OFF radar_adj=0 mom= conf=0
[BETA_X5] [1;36m07:36:53[0m [1;33mx5[0m [1;36m#224[0m SKIP tension=[1;36m0.00000000[0m [0m| momentum_too_small [1;31mconf=0.307[0m
[BETA_X5] mode=OFF radar_adj=0 mom= conf=0
[BETA_X5] [1;36m07:37:01[0m [1;33mx5[0m [1;36m#225[0m SKIP tension=[1;36m0.00000436[0m [0m| momentum_too_small [1;31mconf=0.0[0m
[BETA_X5] mode=OFF radar_adj=0 mom= conf=0
[BETA_X5] [1;36m07:37:09[0m [1;33mx5[0m [1;36m#226[0m SKIP tension=[1;36m0.00011276[0m [0m| momentum_too_small [1;31mconf=0.0002[0m
[BETA_X5] mode=OFF radar_adj=0 mom= conf=0
[BETA_X5] [1;36m07:37:17[0m [1;33mx5[0m [1;36m#227[0m SKIP tension=[1;36m0.83386315[0m [0m| wall_not_collapsed
[BETA_X5] mode=OFF radar_adj=0 mom= conf=0
[BETA_X5] [1;36m07:37:26[0m [1;33mx5[0m [1;36m#228[0m SKIP tension=[1;36m0.00001015[0m [0m| momentum_too_small [1;31mconf=0.0[0m
[BETA_X5] mode=OFF radar_adj=0 mom= conf=0
[BETA_X5] [1;36m07:37:34[0m [1;33mx5[0m [1;36m#229[0m SKIP tension=[1;36m0.00001903[0m [0m| momentum_too_small [1;31mconf=0.0[0m
[BETA_X5] mode=OFF radar_adj=0 mom= conf=0
[BETA_X5] [1;36m07:37:43[0m [1;33mx5[0m [1;36m#230[0m SKIP tension=[1;36m0.00001864[0m [0m| momentum_too_small [1;31mconf=0.0[0m
[BETA_X5] mode=OFF radar_adj=0 mom= conf=0
[BETA_X5] [1;36m07:37:53[0m [1;33mx5[0m [1;36m#231[0m SKIP tension=[1;36m0.00006988[0m [0m| momentum_too_small [1;31mconf=0.0001[0m
[BETA_X5] mode=OFF radar_adj=0 mom= conf=0
[BETA_X5] [1;36m07:38:01[0m [1;33mx5[0m [1;36m#232[0m SKIP tension=[1;36m0.00001313[0m [0m| momentum_too_small [1;31mconf=0.0[0m
[BETA_X5] mode=OFF radar_adj=0 mom= conf=0
[BETA_X5] [1;36m07:38:10[0m [1;33mx5[0m [1;36m#233[0m SKIP tension=[1;36m0.00051340[0m [0m| momentum_too_small [1;31mconf=0.0008[0m
[BETA_X5] mode=OFF radar_adj=0 mom= conf=0
[BETA_X5] [1;36m07:38:19[0m [1;33mx5[0m [1;36m#234[0m SKIP tension=[1;36m0.00000000[0m [0m| momentum_too_small [1;31mconf=0.3067[0m
[BETA_X5] mode=OFF radar_adj=0 mom= conf=0
[BETA_X5] [1;36m07:38:29[0m [1;33mx5[0m [1;36m#235[0m SKIP tension=[1;36m0.00000000[0m [0m| momentum_too_small [1;31mconf=0.3067[0m
[BETA_X5] mode=OFF radar_adj=0 mom= conf=0
[BETA_X5] [1;36m07:38:37[0m [1;33mx5[0m [1;36m#236[0m SKIP tension=[1;36m0.00003257[0m [0m| momentum_too_small [1;31mconf=0.0[0m
[BETA_X5] mode=OFF radar_adj=0 mom= conf=0
[BETA_X5] [1;36m07:38:47[0m [1;33mx5[0m [1;36m#237[0m SKIP tension=[1;36m0.00000000[0m [0m| momentum_too_small [1;31mconf=0.3067[0m
[BETA_X5] mode=OFF radar_adj=0 mom= conf=0
[BETA_X5] [1;36m07:38:55[0m [1;33mx5[0m [1;36m#238[0m SKIP tension=[1;36m0.82820336[0m [0m| wall_not_collapsed
[BETA_X5] mode=OFF radar_adj=0 mom= conf=0
[BETA_X5] [1;36m07:39:05[0m [1;33mx5[0m [1;36m#239[0m SKIP tension=[1;36m0.00968373[0m [0m| momentum_too_small [1;31mconf=0.0141[0m
[BETA_X5] mode=OFF radar_adj=0 mom= conf=0
[BETA_X5] [1;36m07:39:16[0m [1;33mx5[0m [1;36m#240[0m SKIP tension=[1;36m0.00003087[0m [0m| momentum_too_small [1;31mconf=0.0[0m
[BETA_X5] mode=OFF radar_adj=0 mom= conf=0
[BETA_X5] [1;36m07:39:24[0m [1;33mx5[0m [1;36m#241[0m SKIP tension=[1;36m0.77322112[0m [0m| wall_not_collapsed
[BETA_X5] mode=OFF radar_adj=0 mom= conf=0
[BETA_X5] [1;36m07:39:34[0m [1;33mx5[0m [1;36m#242[0m SKIP tension=[1;36m0.00003161[0m [0m| momentum_too_small [1;31mconf=0.0001[0m
[BETA_X5] mode=OFF radar_adj=0 mom= conf=0
[BETA_X5] [1;36m07:39:43[0m [1;33mx5[0m [1;36m#243[0m SKIP tension=[1;36m0.33350200[0m [0m| wall_not_collapsed
[BETA_X5] mode=OFF radar_adj=0 mom= conf=0
[BETA_X5] [1;36m07:39:52[0m [1;33mx5[0m [1;36m#244[0m SKIP tension=[1;36m0.00042869[0m [0m| momentum_too_small [1;31mconf=0.0006[0m
[BETA_X5] mode=OFF radar_adj=0 mom= conf=0
[BETA_X5] [1;36m07:40:00[0m [1;33mx5[0m [1;36m#245[0m SKIP tension=[1;36m0.42789158[0m [0m| wall_not_collapsed
[BETA_X5] mode=OFF radar_adj=0 mom= conf=0
[BETA_X5] [1;36m07:40:08[0m [1;33mx5[0m [1;36m#246[0m SKIP tension=[1;36m0.00011774[0m [0m| momentum_too_small [1;31mconf=0.0002[0m
[BETA_X5] mode=OFF radar_adj=0 mom= conf=0
[BETA_X5] [1;36m07:40:16[0m [1;33mx5[0m [1;36m#247[0m SKIP tension=[1;36m0.00003272[0m [0m| momentum_too_small [1;31mconf=0.0[0m
[BETA_X5] mode=OFF radar_adj=0 mom= conf=0
[BETA_X5] [1;36m07:40:26[0m [1;33mx5[0m [1;36m#248[0m SKIP tension=[1;36m0.00001473[0m [0m| momentum_too_small [1;31mconf=0.0[0m
[BETA_X5] mode=OFF radar_adj=0 mom= conf=0
[BETA_X5] [1;36m07:40:34[0m [1;33mx5[0m [1;36m#249[0m SKIP tension=[1;36m0.00035300[0m [0m| momentum_too_small [1;31mconf=0.0005[0m
[BETA_X5] mode=OFF radar_adj=0 mom= conf=0
[BETA_X5] [1;36m07:40:43[0m [1;33mx5[0m [1;36m#250[0m SKIP tension=[1;36m0.00000546[0m [0m| momentum_too_small [1;31mconf=0.0[0m
[BETA_X5] mode=OFF radar_adj=0 mom= conf=0
[BETA_X5] [1;36m07:40:51[0m [1;33mx5[0m [1;36m#251[0m SKIP tension=[1;36m0.00000859[0m [0m| momentum_too_small [1;31mconf=0.0[0m
[BETA_X5] mode=OFF radar_adj=0 mom= conf=0
[BETA_X5] [1;36m07:41:00[0m [1;33mx5[0m [1;36m#252[0m SKIP tension=[1;36m0.00002896[0m [0m| momentum_too_small [1;31mconf=0.0[0m
[BETA_X5] mode=OFF radar_adj=0 mom= conf=0
[BETA_X5] [1;36m07:41:08[0m [1;33mx5[0m [1;36m#253[0m SKIP tension=[1;36m0.00011039[0m [0m| momentum_too_small [1;31mconf=0.0002[0m
[BETA_X5] mode=OFF radar_adj=0 mom= conf=0
[BETA_X5] [1;36m07:41:17[0m [1;33mx5[0m [1;36m#254[0m SKIP tension=[1;36m0.00082145[0m [0m| momentum_too_small [1;31mconf=0.0012[0m
[BETA_X5] mode=OFF radar_adj=0 mom= conf=0
[BETA_X5] [1;36m07:41:25[0m [1;33mx5[0m [1;36m#255[0m SKIP tension=[1;36m0.00003925[0m [0m| momentum_too_small [1;31mconf=0.0001[0m
[BETA_X5] mode=OFF radar_adj=0 mom= conf=0
[BETA_X5] [1;36m07:41:34[0m [1;33mx5[0m [1;36m#256[0m SKIP tension=[1;36m0.00000000[0m [0m| momentum_too_small [1;31mconf=0.3067[0m
[BETA_X5] mode=OFF radar_adj=0 mom= conf=0
[BETA_X5] [1;36m07:41:43[0m [1;33mx5[0m [1;36m#257[0m SKIP tension=[1;36m0.00002052[0m [0m| momentum_too_small [1;31mconf=0.0[0m
[BETA_X5] mode=OFF radar_adj=0 mom= conf=0
[BETA_X5] [1;36m07:41:52[0m [1;33mx5[0m [1;36m#258[0m SKIP tension=[1;33m0.98872700[0m [0m| wall_not_collapsed
[BETA_X5] mode=OFF radar_adj=0 mom= conf=0
[BETA_X5] [1;36m07:42:00[0m [1;33mx5[0m [1;36m#259[0m SKIP tension=[1;36m0.00000000[0m [0m| momentum_too_small [1;31mconf=0.3067[0m
[BETA_X5] mode=OFF radar_adj=0 mom= conf=0
[BETA_X5] [1;36m07:42:09[0m [1;33mx5[0m [1;36m#260[0m SKIP tension=[1;36m0.00006072[0m [0m| momentum_too_small [1;31mconf=0.0001[0m
[BETA_X5] mode=OFF radar_adj=0 mom= conf=0
[BETA_X5] [1;36m07:42:17[0m [1;33mx5[0m [1;36m#261[0m SKIP tension=[1;36m0.00298845[0m [0m| momentum_too_small [1;31mconf=0.0044[0m
[BETA_X5] mode=OFF radar_adj=0 mom= conf=0
[BETA_X5] [1;36m07:42:26[0m [1;33mx5[0m [1;36m#262[0m SKIP tension=[1;36m0.00000941[0m [0m| momentum_too_small [1;31mconf=0.0[0m
[BETA_X5] mode=OFF radar_adj=0 mom= conf=0
[BETA_X5] [1;36m07:42:34[0m [1;33mx5[0m [1;36m#263[0m SKIP tension=[1;36m0.00000000[0m [0m| momentum_too_small [1;31mconf=0.3067[0m
[BETA_X5] mode=OFF radar_adj=0 mom= conf=0
[BETA_X5] [1;36m07:42:42[0m [1;33mx5[0m [1;36m#264[0m SKIP tension=[1;36m0.00000000[0m [0m| momentum_too_small [1;31mconf=0.3067[0m
[BETA_X5] mode=OFF radar_adj=0 mom= conf=0
[BETA_X5] [1;36m07:42:51[0m [1;33mx5[0m [1;36m#265[0m SKIP tension=[1;36m0.00000000[0m [0m| momentum_too_small [1;31mconf=0.3067[0m
[BETA_X5] mode=OFF radar_adj=0 mom= conf=0
[BETA_X5] [1;36m07:43:00[0m [1;33mx5[0m [1;36m#266[0m SKIP tension=[1;36m0.78804086[0m [0m| wall_not_collapsed
[BETA_X5] mode=OFF radar_adj=0 mom= conf=0
[BETA_X5] [1;36m07:43:09[0m [1;33mx5[0m [1;36m#267[0m SKIP tension=[1;36m0.00175308[0m [0m| momentum_too_small [1;31mconf=0.0026[0m
[BETA_X5] mode=OFF radar_adj=0 mom= conf=0
[BETA_X5] [1;36m07:43:18[0m [1;33mx5[0m [1;36m#268[0m SKIP tension=[1;36m0.16152474[0m [0m| direction_unclear [1;31mconf=0.2426[0m
[BETA_X5] mode=OFF radar_adj=0 mom= conf=0
[BETA_X5] [1;36m07:43:26[0m [1;33mx5[0m [1;36m#269[0m SKIP tension=[1;36m0.00001460[0m [0m| momentum_too_small [1;31mconf=0.0[0m
[BETA_X5] mode=OFF radar_adj=0 mom= conf=0
[BETA_X5] [1;36m07:43:35[0m [1;33mx5[0m [1;36m#270[0m SKIP tension=[1;36m0.00000000[0m [0m| momentum_too_small [1;31mconf=0.3067[0m
[BETA_X5] mode=OFF radar_adj=0 mom= conf=0
[BETA_X5] [1;36m07:43:44[0m [1;33mx5[0m [1;36m#271[0m SKIP tension=[1;36m0.46264923[0m [0m| wall_not_collapsed
[BETA_X5] mode=OFF radar_adj=0 mom= conf=0
[BETA_X5] [1;36m07:43:53[0m [1;33mx5[0m [1;36m#272[0m SKIP tension=[1;36m0.83830703[0m [0m| wall_not_collapsed
[BETA_X5] mode=OFF radar_adj=0 mom= conf=0
[BETA_X5] [1;36m07:44:02[0m [1;33mx5[0m [1;36m#273[0m SKIP tension=[1;36m0.00000000[0m [0m| momentum_too_small [1;31mconf=0.3067[0m
[BETA_X5] mode=OFF radar_adj=0 mom= conf=0
[BETA_X5] [1;36m07:44:11[0m [1;33mx5[0m [1;36m#274[0m SKIP tension=[1;36m0.00315244[0m [0m| momentum_too_small [1;31mconf=0.0047[0m
[BETA_X5] mode=OFF radar_adj=0 mom= conf=0
[BETA_X5] [1;36m07:44:19[0m [1;33mx5[0m [1;36m#275[0m SKIP tension=[1;36m0.00379790[0m [0m| momentum_too_small [1;31mconf=0.005[0m
[BETA_X5] mode=OFF radar_adj=0 mom= conf=0
[BETA_X5] [1;36m07:44:29[0m [1;33mx5[0m [1;36m#276[0m SKIP tension=[1;36m0.55222655[0m [0m| wall_not_collapsed
[BETA_X5] mode=OFF radar_adj=0 mom= conf=0
[BETA_X5] [1;36m07:44:38[0m [1;33mx5[0m [1;36m#277[0m SKIP tension=[1;36m0.00008299[0m [0m| momentum_too_small [1;31mconf=0.0001[0m
[BETA_X5] mode=OFF radar_adj=0 mom= conf=0
[BETA_X5] [1;36m07:44:46[0m [1;33mx5[0m [1;36m#278[0m SKIP tension=[1;36m0.00000302[0m [0m| momentum_too_small [1;31mconf=0.0[0m
[BETA_X5] mode=OFF radar_adj=0 mom= conf=0
[BETA_X5] [1;36m07:44:56[0m [1;33mx5[0m [1;36m#279[0m SKIP tension=[1;36m0.00001596[0m [0m| momentum_too_small [1;31mconf=0.0[0m
[BETA_X5] mode=OFF radar_adj=0 mom= conf=0
[BETA_X5] [1;36mentry=07:45:09@62569.10000000[0m [1;33mx5[0m [1;36m#280[0m [1;32mSELL[0m tension=[1;32m1.66648305[0m hold=[1;36m7[0ms sec=[1;36m7[0m [0m| exit=62567.50000000 [1;33mconf=0.6665[0m [1;36mexit_time=07:45:16[0m [1;32mpnl=0.01248000 bps=0.25571728 pct=0.00255717% total=2.09624[0m
[BETA_X5] mode=OFF radar_adj=0 mom= conf=0
[BETA_X5] [1;36m07:45:28[0m [1;33mx5[0m [1;36m#281[0m SKIP tension=[1;36m0.44408999[0m [0m| wall_not_collapsed
[BETA_X5] mode=OFF radar_adj=0 mom= conf=0
[BETA_X5] [1;36mCycle 282[0m [1;32mSOFT anomaly[0m [1;33m| pnl_abs=0.03042000 > 0.02500000[0m
[BETA_X5] [1;36mentry=07:45:43@62551.60000000[0m [1;33mx5[0m [1;36m#282[0m [1;32mSELL[0m tension=[1;32m1.33152541[0m hold=[1;36m7[0ms sec=[1;36m7[0m [0m| exit=62547.70000000 [1;32mconf=0.993[0m [1;36mexit_time=07:45:50[0m [1;32mpnl=0.03042000 bps=0.62348525 pct=0.00623485% total=2.1266599999999998[0m
[BETA_X5] mode=OFF radar_adj=0 mom= conf=0
[BETA_X5] [1;36m07:46:02[0m [1;33mx5[0m [1;36m#283[0m SKIP tension=[1;36m0.00000000[0m [0m| momentum_too_small [1;31mconf=0.3472[0m
[BETA_X5] mode=OFF radar_adj=0 mom= conf=0
[BETA_X5] [1;36m07:46:12[0m [1;33mx5[0m [1;36m#284[0m SKIP tension=[1;36m0.00000000[0m [0m| momentum_too_small [1;31mconf=0.3367[0m
[BETA_X5] mode=OFF radar_adj=0 mom= conf=0
[BETA_X5] [1;36m07:46:21[0m [1;33mx5[0m [1;36m#285[0m SKIP tension=[1;36m0.00010977[0m [0m| momentum_too_small [1;31mconf=0.0002[0m
[BETA_X5] mode=OFF radar_adj=0 mom= conf=0
[BETA_X5] [1;36m07:46:29[0m [1;33mx5[0m [1;36m#286[0m SKIP tension=[1;36m0.00000000[0m [0m| momentum_too_small [1;31mconf=0.3483[0m
[BETA_X5] mode=OFF radar_adj=0 mom= conf=0
[BETA_X5] [1;36mentry=07:46:44@62538.10000000[0m [1;33mx5[0m [1;36m#287[0m [1;32mSELL[0m tension=[1;32m1.16256084[0m hold=[1;36m7[0ms sec=[1;36m7[0m [0m| exit=62538.00000000 [1;32mconf=0.995[0m [1;36mexit_time=07:46:51[0m [1;32mpnl=0.00078000 bps=0.01599025 pct=0.00015990% total=2.1274399999999996[0m
[BETA_X5] mode=OFF radar_adj=0 mom= conf=0
[BETA_X5] [1;36m07:47:01[0m [1;33mx5[0m [1;36m#288[0m SKIP tension=[1;36m0.00001086[0m [0m| momentum_too_small [1;31mconf=0.0[0m
[BETA_X5] mode=OFF radar_adj=0 mom= conf=0
[BETA_X5] [1;36m07:47:09[0m [1;33mx5[0m [1;36m#289[0m SKIP tension=[1;36m0.00000000[0m [0m| momentum_too_small [1;31mconf=0.3399[0m
[BETA_X5] mode=OFF radar_adj=0 mom= conf=0
[BETA_X5] [1;36m07:47:18[0m [1;33mx5[0m [1;36m#290[0m SKIP tension=[1;36m0.46470309[0m [0m| wall_not_collapsed
[BETA_X5] mode=OFF radar_adj=0 mom= conf=0
[BETA_X5] [1;36m07:47:27[0m [1;33mx5[0m [1;36m#291[0m SKIP tension=[1;36m0.00053946[0m [0m| momentum_too_small [1;31mconf=0.0009[0m
[BETA_X5] mode=OFF radar_adj=0 mom= conf=0
[BETA_X5] [1;36m07:47:35[0m [1;33mx5[0m [1;36m#292[0m SKIP tension=[1;36m0.00002016[0m [0m| momentum_too_small [1;31mconf=0.0[0m
[BETA_X5] mode=OFF radar_adj=0 mom= conf=0
[BETA_X5] [1;36m07:47:44[0m [1;33mx5[0m [1;36m#293[0m SKIP tension=[1;36m0.13155340[0m [0m| direction_unclear [1;31mconf=0.2129[0m
[BETA_X5] mode=OFF radar_adj=0 mom= conf=0
[BETA_X5] [1;36m07:47:54[0m [1;33mx5[0m [1;36m#294[0m SKIP tension=[1;36m0.00000000[0m [0m| momentum_too_small [1;31mconf=0.3399[0m
[BETA_X5] mode=OFF radar_adj=0 mom= conf=0
[BETA_X5] [1;36m07:48:02[0m [1;33mx5[0m [1;36m#295[0m SKIP tension=[1;36m0.00000000[0m [0m| momentum_too_small [1;31mconf=0.3399[0m
[BETA_X5] mode=OFF radar_adj=0 mom= conf=0
[BETA_X5] [1;36m07:48:10[0m [1;33mx5[0m [1;36m#296[0m SKIP tension=[1;36m0.37121236[0m [0m| wall_not_collapsed
[BETA_X5] mode=OFF radar_adj=0 mom= conf=0
[BETA_X5] [1;36m07:48:19[0m [1;33mx5[0m [1;36m#297[0m SKIP tension=[1;36m0.00002831[0m [0m| momentum_too_small [1;31mconf=0.0[0m
[BETA_X5] mode=OFF radar_adj=0 mom= conf=0
[BETA_X5] [1;36m07:48:27[0m [1;33mx5[0m [1;36m#298[0m SKIP tension=[1;36m0.00022042[0m [0m| momentum_too_small [1;31mconf=0.0004[0m
[BETA_X5] mode=OFF radar_adj=0 mom= conf=0
[BETA_X5] [1;36m07:48:37[0m [1;33mx5[0m [1;36m#299[0m SKIP tension=[1;36m0.00047657[0m [0m| momentum_too_small [1;31mconf=0.0008[0m
[BETA_X5] mode=OFF radar_adj=0 mom= conf=0
[BETA_X5] [1;36m07:48:45[0m [1;33mx5[0m [1;36m#300[0m SKIP tension=[1;36m0.00000000[0m [0m| momentum_too_small [1;31mconf=0.3399[0m
[BETA_X5] mode=OFF radar_adj=0 mom= conf=0
[BETA_X5] [1;36m07:48:54[0m [1;33mx5[0m [1;36m#301[0m SKIP tension=[1;36m0.34243571[0m [0m| wall_not_collapsed
[BETA_X5] mode=OFF radar_adj=0 mom= conf=0
[BETA_X5] [1;36m07:49:03[0m [1;33mx5[0m [1;36m#302[0m SKIP tension=[1;36m0.00000000[0m [0m| momentum_too_small [1;31mconf=0.3399[0m
[BETA_X5] mode=OFF radar_adj=0 mom= conf=0
[BETA_X5] [1;36m07:49:11[0m [1;33mx5[0m [1;36m#303[0m SKIP tension=[1;36m0.00007967[0m [0m| momentum_too_small [1;31mconf=0.0001[0m
[BETA_X5] mode=OFF radar_adj=0 mom= conf=0
[BETA_X5] [1;36mentry=07:49:24@62535.70000000[0m [1;33mx5[0m [1;36m#304[0m [1;33mSELL[0m tension=[1;32m1.91112588[0m hold=[1;36m8[0ms sec=[1;36m8[0m [0m| exit=62535.70000000 [1;32mconf=0.971[0m [1;36mexit_time=07:49:32[0m [1;33mpnl=-0.00000000 bps=-0.00000000 pct=-0.00000000% total=2.1274399999999996[0m
[BETA_X5] mode=OFF radar_adj=0 mom= conf=0
[BETA_X5] [1;36m07:49:42[0m [1;33mx5[0m [1;36m#305[0m SKIP tension=[1;36m0.00013843[0m [0m| momentum_too_small [1;31mconf=0.0002[0m
[BETA_X5] mode=OFF radar_adj=0 mom= conf=0
[BETA_X5] [1;36m07:49:51[0m [1;33mx5[0m [1;36m#306[0m SKIP tension=[1;36m0.00016538[0m [0m| momentum_too_small [1;31mconf=0.0003[0m
[BETA_X5] mode=OFF radar_adj=0 mom= conf=0
[BETA_X5] [1;36m07:49:59[0m [1;33mx5[0m [1;36m#307[0m SKIP tension=[1;36m0.00000000[0m [0m| momentum_too_small [1;31mconf=0.3462[0m
[BETA_X5] mode=OFF radar_adj=0 mom= conf=0
[BETA_X5] [1;36m07:50:07[0m [1;33mx5[0m [1;36m#308[0m SKIP tension=[1;36m0.00029582[0m [0m| momentum_too_small [1;31mconf=0.0005[0m
[BETA_X5] mode=OFF radar_adj=0 mom= conf=0
[BETA_X5] [1;36m07:50:16[0m [1;33mx5[0m [1;36m#309[0m SKIP tension=[1;36m0.63936450[0m [0m| wall_not_collapsed
[BETA_X5] mode=OFF radar_adj=0 mom= conf=0
[BETA_X5] [1;36m07:50:25[0m [1;33mx5[0m [1;36m#310[0m SKIP tension=[1;36m0.00000000[0m [0m| momentum_too_small [1;31mconf=0.3399[0m
[BETA_X5] mode=OFF radar_adj=0 mom= conf=0
[BETA_X5] [1;36m07:50:35[0m [1;33mx5[0m [1;36m#311[0m SKIP tension=[1;36m0.00000000[0m [0m| momentum_too_small [1;31mconf=0.342[0m
[BETA_X5] mode=OFF radar_adj=0 mom= conf=0
[BETA_X5] [1;36m07:50:43[0m [1;33mx5[0m [1;36m#312[0m SKIP tension=[1;36m0.00002862[0m [0m| momentum_too_small [1;31mconf=0.0[0m
[BETA_X5] mode=OFF radar_adj=0 mom= conf=0
[BETA_X5] [1;36m07:50:53[0m [1;33mx5[0m [1;36m#313[0m SKIP tension=[1;36m0.00000000[0m [0m| momentum_too_small [1;31mconf=0.342[0m
[BETA_X5] mode=OFF radar_adj=0 mom= conf=0
[BETA_X5] [1;36m07:51:02[0m [1;33mx5[0m [1;36m#314[0m SKIP tension=[1;36m0.00000000[0m [0m| momentum_too_small [1;31mconf=0.342[0m
[BETA_X5] mode=OFF radar_adj=0 mom= conf=0
[BETA_X5] [1;36m07:51:10[0m [1;33mx5[0m [1;36m#315[0m SKIP tension=[1;36m0.00007970[0m [0m| momentum_too_small [1;31mconf=0.0001[0m
[BETA_X5] mode=OFF radar_adj=0 mom= conf=0
[BETA_X5] [1;36m07:51:19[0m [1;33mx5[0m [1;36m#316[0m SKIP tension=[1;36m0.00011117[0m [0m| momentum_too_small [1;31mconf=0.0002[0m
[BETA_X5] mode=OFF radar_adj=0 mom= conf=0
[BETA_X5] [1;36m07:51:29[0m [1;33mx5[0m [1;36m#317[0m SKIP tension=[1;36m0.00005244[0m [0m| momentum_too_small [1;31mconf=0.0001[0m
[BETA_X5] mode=OFF radar_adj=0 mom= conf=0
[BETA_X5] [1;36m07:51:38[0m [1;33mx5[0m [1;36m#318[0m SKIP tension=[1;36m0.00002568[0m [0m| momentum_too_small [1;31mconf=0.0[0m
[BETA_X5] mode=OFF radar_adj=0 mom= conf=0
[BETA_X5] [1;36m07:51:46[0m [1;33mx5[0m [1;36m#319[0m SKIP tension=[1;36m0.00000000[0m [0m| momentum_too_small [1;31mconf=0.3399[0m
[BETA_X5] mode=OFF radar_adj=0 mom= conf=0
[BETA_X5] [1;36m07:51:56[0m [1;33mx5[0m [1;36m#320[0m SKIP tension=[1;36m0.00013084[0m [0m| momentum_too_small [1;31mconf=0.0002[0m
[BETA_X5] mode=OFF radar_adj=0 mom= conf=0
[BETA_X5] [1;36m07:52:04[0m [1;33mx5[0m [1;36m#321[0m SKIP tension=[1;36m0.00000000[0m [0m| momentum_too_small [1;31mconf=0.3399[0m
[BETA_X5] mode=OFF radar_adj=0 mom= conf=0
[BETA_X5] [1;36mentry=07:52:16@62538.60000000[0m [1;33mx5[0m [1;36m#322[0m [1;32mSELL[0m tension=[1;32m1.62275720[0m hold=[1;36m10[0ms sec=[1;36m10[0m [0m| exit=62535.70000000 [1;32mconf=0.971[0m [1;36mexit_time=07:52:26[0m [1;32mpnl=0.02262000 bps=0.46371361 pct=0.00463714% total=2.1500599999999994[0m
[BETA_X5] mode=OFF radar_adj=0 mom= conf=0
[BETA_X5] [1;36m07:52:36[0m [1;33mx5[0m [1;36m#323[0m SKIP tension=[1;36m0.00000000[0m [0m| momentum_too_small [1;31mconf=0.3399[0m
[BETA_X5] mode=OFF radar_adj=0 mom= conf=0
[BETA_X5] [1;36m07:52:44[0m [1;33mx5[0m [1;36m#324[0m SKIP tension=[1;36m0.00000641[0m [0m| momentum_too_small [1;31mconf=0.0[0m
[BETA_X5] mode=OFF radar_adj=0 mom= conf=0
[BETA_X5] [1;36m07:52:54[0m [1;33mx5[0m [1;36m#325[0m SKIP tension=[1;36m0.00000000[0m [0m| momentum_too_small [1;31mconf=0.3399[0m
[BETA_X5] mode=OFF radar_adj=0 mom= conf=0
[BETA_X5] [1;36m07:53:03[0m [1;33mx5[0m [1;36m#326[0m SKIP tension=[1;36m0.00000000[0m [0m| momentum_too_small [1;31mconf=0.3399[0m
[BETA_X5] mode=OFF radar_adj=0 mom= conf=0
[BETA_X5] [1;36m07:53:12[0m [1;33mx5[0m [1;36m#327[0m SKIP tension=[1;36m0.00341802[0m [0m| momentum_too_small [1;31mconf=0.0055[0m
[BETA_X5] mode=OFF radar_adj=0 mom= conf=0
[BETA_X5] [1;36m07:53:21[0m [1;33mx5[0m [1;36m#328[0m SKIP tension=[1;36m0.00020228[0m [0m| momentum_too_small [1;31mconf=0.0003[0m
[BETA_X5] mode=OFF radar_adj=0 mom= conf=0
[BETA_X5] [1;36m07:53:30[0m [1;33mx5[0m [1;36m#329[0m SKIP tension=[1;36m0.00018647[0m [0m| momentum_too_small [1;31mconf=0.0003[0m
[BETA_X5] mode=OFF radar_adj=0 mom= conf=0
[BETA_X5] [1;36m07:53:38[0m [1;33mx5[0m [1;36m#330[0m SKIP tension=[1;36m0.00013887[0m [0m| momentum_too_small [1;31mconf=0.0002[0m
[BETA_X5] mode=OFF radar_adj=0 mom= conf=0
[BETA_X5] [1;36m07:53:46[0m [1;33mx5[0m [1;36m#331[0m SKIP tension=[1;36m0.01591918[0m [0m| direction_unclear [1;31mconf=0.0258[0m
[BETA_X5] mode=OFF radar_adj=0 mom= conf=0
[BETA_X5] [1;36m07:53:54[0m [1;33mx5[0m [1;36m#332[0m SKIP tension=[1;36m0.00027806[0m [0m| momentum_too_small [1;31mconf=0.0005[0m
[BETA_X5] mode=OFF radar_adj=0 mom= conf=0
[BETA_X5] [1;36m07:54:02[0m [1;33mx5[0m [1;36m#333[0m SKIP tension=[1;36m0.00000000[0m [0m| momentum_too_small [1;31mconf=0.3399[0m
[BETA_X5] mode=OFF radar_adj=0 mom= conf=0
[BETA_X5] [1;36m07:54:10[0m [1;33mx5[0m [1;36m#334[0m SKIP tension=[1;36m0.00234917[0m [0m| momentum_too_small [1;31mconf=0.0038[0m
[BETA_X5] mode=OFF radar_adj=0 mom= conf=0
[BETA_X5] [1;36m07:54:20[0m [1;33mx5[0m [1;36m#335[0m SKIP tension=[1;36m0.00032156[0m [0m| momentum_too_small [1;31mconf=0.0005[0m
[BETA_X5] mode=OFF radar_adj=0 mom= conf=0
[BETA_X5] [1;36m07:54:29[0m [1;33mx5[0m [1;36m#336[0m SKIP tension=[1;36m0.01192970[0m [0m| direction_unclear [1;31mconf=0.0193[0m
[BETA_X5] mode=OFF radar_adj=0 mom= conf=0
[BETA_X5] [1;36m07:54:37[0m [1;33mx5[0m [1;36m#337[0m SKIP tension=[1;36m0.00032644[0m [0m| momentum_too_small [1;31mconf=0.0005[0m
[BETA_X5] mode=OFF radar_adj=0 mom= conf=0
[BETA_X5] [1;36m07:54:45[0m [1;33mx5[0m [1;36m#338[0m SKIP tension=[1;36m0.00043380[0m [0m| momentum_too_small [1;31mconf=0.0007[0m
[BETA_X5] mode=OFF radar_adj=0 mom= conf=0
[BETA_X5] [1;36m07:54:54[0m [1;33mx5[0m [1;36m#339[0m SKIP tension=[1;36m0.00015672[0m [0m| momentum_too_small [1;31mconf=0.0003[0m
[BETA_X5] mode=OFF radar_adj=0 mom= conf=0
[BETA_X5] [1;36m07:55:02[0m [1;33mx5[0m [1;36m#340[0m SKIP tension=[1;36m0.00003583[0m [0m| momentum_too_small [1;31mconf=0.0001[0m
[BETA_X5] mode=OFF radar_adj=0 mom= conf=0
[BETA_X5] [1;36m07:55:10[0m [1;33mx5[0m [1;36m#341[0m SKIP tension=[1;36m0.03640604[0m [0m| direction_unclear [1;31mconf=0.0589[0m
[BETA_X5] mode=OFF radar_adj=0 mom= conf=0
[BETA_X5] [1;36m07:55:19[0m [1;33mx5[0m [1;36m#342[0m SKIP tension=[1;36m0.01801970[0m [0m| direction_unclear [1;31mconf=0.0292[0m
[BETA_X5] mode=OFF radar_adj=0 mom= conf=0
[BETA_X5] [1;36mCycle 343[0m [1;32mSOFT anomaly[0m [1;33m| pnl_abs=0.04582000 > 0.02500000[0m
[BETA_X5] [1;36mentry=07:55:33@62538.60000000[0m [1;33mx5[0m [1;36m#343[0m [1;32mSELL[0m tension=[1;32m1.95453275[0m hold=[1;36m7[0ms sec=[1;36m7[0m [0m| exit=62535.70000000 [1;32mconf=0.971[0m [1;36mexit_time=07:55:40[0m [1;32mpnl=0.04582000 bps=0.46371361 pct=0.00463714% total=2.1958799999999994[0m
[BETA_X5] mode=OFF radar_adj=0 mom= conf=0
[BETA_X5] [1;36m07:55:50[0m [1;33mx5[0m [1;36m#344[0m SKIP tension=[1;36m0.00000000[0m [0m| momentum_too_small [1;31mconf=0.3399[0m
[BETA_X5] mode=OFF radar_adj=0 mom= conf=0
[BETA_X5] [1;36m07:55:58[0m [1;33mx5[0m [1;36m#345[0m SKIP tension=[1;36m0.00000000[0m [0m| momentum_too_small [1;31mconf=0.3325[0m
[BETA_X5] mode=OFF radar_adj=0 mom= conf=0
[BETA_X5] [1;36m07:56:06[0m [1;33mx5[0m [1;36m#346[0m SKIP tension=[1;36m0.00000000[0m [0m| momentum_too_small [1;31mconf=0.3308[0m
[BETA_X5] mode=OFF radar_adj=0 mom= conf=0
[BETA_X5] [1;36m07:56:14[0m [1;33mx5[0m [1;36m#347[0m SKIP tension=[1;36m0.01092692[0m [0m| direction_unclear [1;31mconf=0.0171[0m
[BETA_X5] mode=OFF radar_adj=0 mom= conf=0
[BETA_X5] [1;36m07:56:22[0m [1;33mx5[0m [1;36m#348[0m SKIP tension=[1;36m0.00006242[0m [0m| momentum_too_small [1;31mconf=0.0001[0m
[BETA_X5] mode=OFF radar_adj=0 mom= conf=0
[BETA_X5] [1;36m07:56:31[0m [1;33mx5[0m [1;36m#349[0m SKIP tension=[1;36m0.00000000[0m [0m| momentum_too_small [1;31mconf=0.3283[0m
[BETA_X5] mode=OFF radar_adj=0 mom= conf=0
[BETA_X5] [1;36m07:56:40[0m [1;33mx5[0m [1;36m#350[0m SKIP tension=[1;36m0.60669880[0m [0m| wall_not_collapsed
[BETA_X5] mode=OFF radar_adj=0 mom= conf=0
[BETA_X5] [1;36m07:56:47[0m [1;33mx5[0m [1;36m#351[0m SKIP tension=[1;36m0.00002995[0m [0m| momentum_too_small [1;31mconf=0.0[0m
[BETA_X5] mode=OFF radar_adj=0 mom= conf=0
[BETA_X5] [1;36mentry=07:57:00@62541.90000000[0m [1;33mx5[0m [1;36m#352[0m [1;33mSELL[0m tension=[1;31m4.60863734[0m hold=[1;36m7[0ms sec=[1;36m7[0m [0m| exit=62541.90000000 [1;32mconf=0.938[0m [1;36mexit_time=07:57:07[0m [1;33mpnl=-0.00000000 bps=-0.00000000 pct=-0.00000000% total=2.1958799999999994[0m
[BETA_X5] mode=OFF radar_adj=0 mom= conf=0
[BETA_X5] [1;36m07:57:17[0m [1;33mx5[0m [1;36m#353[0m SKIP tension=[1;36m0.07870036[0m [0m| direction_unclear [1;31mconf=0.1268[0m
[BETA_X5] mode=OFF radar_adj=0 mom= conf=0
[BETA_X5] [1;36m07:57:25[0m [1;33mx5[0m [1;36m#354[0m SKIP tension=[1;36m0.02969961[0m [0m| direction_unclear [1;31mconf=0.0479[0m
[BETA_X5] mode=OFF radar_adj=0 mom= conf=0
[BETA_X5] [1;36mentry=07:57:39@62537.20000000[0m [1;33mx5[0m [1;36m#355[0m [1;32mSELL[0m tension=[1;31m3.01734756[0m hold=[1;36m7[0ms sec=[1;36m7[0m [0m| exit=62535.70000000 [1;32mconf=0.971[0m [1;36mexit_time=07:57:46[0m [1;32mpnl=0.01920000 bps=0.23985724 pct=0.00239857% total=2.2150799999999995[0m
[BETA_X5] mode=OFF radar_adj=0 mom= conf=0
[BETA_X5] [1;36mentry=07:58:01@62530.00000000[0m [1;33mx5[0m [1;36m#356[0m [1;33mSELL[0m tension=[1;31m8.93349489[0m hold=[1;36m7[0ms sec=[1;36m7[0m [0m| exit=62530.00000000 [1;32mconf=0.999[0m [1;36mexit_time=07:58:09[0m [1;33mpnl=-0.00000000 bps=-0.00000000 pct=-0.00000000% total=2.2150799999999995[0m
[BETA_X5] mode=OFF radar_adj=0 mom= conf=0
[BETA_X5] [1;36m07:58:20[0m [1;33mx5[0m [1;36m#357[0m SKIP tension=[1;36m0.00005538[0m [0m| momentum_too_small [1;31mconf=0.0001[0m
[BETA_X5] mode=OFF radar_adj=0 mom= conf=0
[BETA_X5] [1;36m07:58:29[0m [1;33mx5[0m [1;36m#358[0m SKIP tension=[1;36m0.00014050[0m [0m| momentum_too_small [1;31mconf=0.0002[0m
[BETA_X5] mode=OFF radar_adj=0 mom= conf=0
[BETA_X5] [1;36m07:58:38[0m [1;33mx5[0m [1;36m#359[0m SKIP tension=[1;36m0.00000000[0m [0m| momentum_too_small [1;31mconf=0.3297[0m
[BETA_X5] mode=OFF radar_adj=0 mom= conf=0
[BETA_X5] [1;36m07:58:47[0m [1;33mx5[0m [1;36m#360[0m SKIP tension=[1;36m0.00384905[0m [0m| momentum_too_small [1;31mconf=0.006[0m
[BETA_X5] mode=OFF radar_adj=0 mom= conf=0
[BETA_X5] [1;36m07:58:57[0m [1;33mx5[0m [1;36m#361[0m SKIP tension=[1;36m0.00000000[0m [0m| momentum_too_small [1;31mconf=0.3325[0m
[BETA_X5] mode=OFF radar_adj=0 mom= conf=0
[BETA_X5] [1;36m07:59:06[0m [1;33mx5[0m [1;36m#362[0m SKIP tension=[1;36m0.00025630[0m [0m| momentum_too_small [1;31mconf=0.0004[0m
[BETA_X5] mode=OFF radar_adj=0 mom= conf=0
[BETA_X5] [1;36m07:59:15[0m [1;33mx5[0m [1;36m#363[0m SKIP tension=[1;36m0.00005466[0m [0m| momentum_too_small [1;31mconf=0.0001[0m
[BETA_X5] mode=OFF radar_adj=0 mom= conf=0
[BETA_X5] [1;36m07:59:24[0m [1;33mx5[0m [1;36m#364[0m SKIP tension=[1;36m0.00022302[0m [0m| momentum_too_small [1;31mconf=0.0004[0m
[BETA_X5] mode=OFF radar_adj=0 mom= conf=0
[BETA_X5] [1;36m07:59:34[0m [1;33mx5[0m [1;36m#365[0m SKIP tension=[1;36m0.00000000[0m [0m| momentum_too_small [1;31mconf=0.3297[0m
[BETA_X5] mode=OFF radar_adj=0 mom= conf=0
[BETA_X5] [1;36mentry=07:59:46@62530.00000000[0m [1;33mx5[0m [1;36m#366[0m [1;33mSELL[0m tension=[1;31m9.10710080[0m hold=[1;36m7[0ms sec=[1;36m7[0m [0m| exit=62530.00000000 [1;32mconf=0.942[0m [1;36mexit_time=07:59:53[0m [1;33mpnl=-0.00000000 bps=-0.00000000 pct=-0.00000000% total=2.2150799999999995[0m
[BETA_X5] mode=OFF radar_adj=0 mom= conf=0
[BETA_X5] [1;36m08:00:03[0m [1;33mx5[0m [1;36m#367[0m SKIP tension=[1;36m0.00001769[0m [0m| momentum_too_small [1;31mconf=0.0[0m
[BETA_X5] mode=OFF radar_adj=0 mom= conf=0
[BETA_X5] [1;36m08:00:11[0m [1;33mx5[0m [1;36m#368[0m SKIP tension=[1;36m0.00005378[0m [0m| momentum_too_small [1;31mconf=0.0001[0m
[BETA_X5] mode=OFF radar_adj=0 mom= conf=0
[BETA_X5] [1;36m08:00:20[0m [1;33mx5[0m [1;36m#369[0m SKIP tension=[1;36m0.00039404[0m [0m| momentum_too_small [1;31mconf=0.0006[0m
[BETA_X5] mode=OFF radar_adj=0 mom= conf=0
[BETA_X5] [1;36mCycle 370[0m [1;32mSOFT anomaly[0m [1;33m| pnl_abs=0.04108000 > 0.02500000[0m
[BETA_X5] [1;36mentry=08:00:36@62532.20000000[0m [1;33mx5[0m [1;36m#370[0m [1;32mSELL[0m tension=[1;32m1.35124197[0m hold=[1;36m7[0ms sec=[1;36m7[0m [0m| exit=62529.60000000 [1;32mconf=0.978[0m [1;36mexit_time=08:00:44[0m [1;32mpnl=0.04108000 bps=0.41578579 pct=0.00415786% total=2.2561599999999995[0m
[BETA_X5] mode=OFF radar_adj=0 mom= conf=0
[BETA_X5] [1;36m08:00:55[0m [1;33mx5[0m [1;36m#371[0m SKIP tension=[1;36m0.00133666[0m [0m| momentum_too_small [1;31mconf=0.0022[0m
[BETA_X5] mode=OFF radar_adj=0 mom= conf=0
[BETA_X5] [1;36m08:01:03[0m [1;33mx5[0m [1;36m#372[0m SKIP tension=[1;36m0.30102618[0m [0m| wall_not_collapsed
[BETA_X5] mode=OFF radar_adj=0 mom= conf=0
[BETA_X5] [1;36m08:01:11[0m [1;33mx5[0m [1;36m#373[0m SKIP tension=[1;36m0.81409423[0m [0m| wall_not_collapsed
[BETA_X5] mode=OFF radar_adj=0 mom= conf=0
[BETA_X5] [1;36m08:01:19[0m [1;33mx5[0m [1;36m#374[0m SKIP tension=[1;36m0.50388545[0m [0m| wall_not_collapsed
[BETA_X5] mode=OFF radar_adj=0 mom= conf=0
[BETA_X5] [1;36m08:01:28[0m [1;33mx5[0m [1;36m#375[0m SKIP tension=[1;36m0.00009570[0m [0m| momentum_too_small [1;31mconf=0.0002[0m
[BETA_X5] mode=OFF radar_adj=0 mom= conf=0
[BETA_X5] [1;36m08:01:37[0m [1;33mx5[0m [1;36m#376[0m SKIP tension=[1;36m0.39338322[0m [0m| wall_not_collapsed
[BETA_X5] mode=OFF radar_adj=0 mom= conf=0
[BETA_X5] [1;36m08:01:45[0m [1;33mx5[0m [1;36m#377[0m SKIP tension=[1;36m0.06373017[0m [0m| direction_unclear [1;31mconf=0.0967[0m
[BETA_X5] mode=OFF radar_adj=0 mom= conf=0
[BETA_X5] [1;36m08:01:54[0m [1;33mx5[0m [1;36m#378[0m SKIP tension=[1;36m0.00000478[0m [0m| momentum_too_small [1;31mconf=0.0[0m
[BETA_X5] mode=OFF radar_adj=0 mom= conf=0
[BETA_X5] [1;36m08:02:03[0m [1;33mx5[0m [1;36m#379[0m SKIP tension=[1;36m0.00000000[0m [0m| momentum_too_small [1;31mconf=0.3185[0m
[BETA_X5] mode=OFF radar_adj=0 mom= conf=0
[BETA_X5] [1;36m08:02:11[0m [1;33mx5[0m [1;36m#380[0m SKIP tension=[1;36m0.00496720[0m [0m| momentum_too_small [1;31mconf=0.0081[0m
[BETA_X5] mode=OFF radar_adj=0 mom= conf=0
[BETA_X5] [1;36m08:02:19[0m [1;33mx5[0m [1;36m#381[0m SKIP tension=[1;36m0.00181732[0m [0m| momentum_too_small [1;31mconf=0.003[0m
[BETA_X5] mode=OFF radar_adj=0 mom= conf=0
[BETA_X5] [1;36m08:02:28[0m [1;33mx5[0m [1;36m#382[0m SKIP tension=[1;36m0.00002602[0m [0m| momentum_too_small [1;31mconf=0.0[0m
[BETA_X5] mode=OFF radar_adj=0 mom= conf=0
[BETA_X5] [1;36m08:02:37[0m [1;33mx5[0m [1;36m#383[0m SKIP tension=[1;36m0.36503019[0m [0m| wall_not_collapsed
[BETA_X5] mode=OFF radar_adj=0 mom= conf=0
[BETA_X5] [1;36m08:02:45[0m [1;33mx5[0m [1;36m#384[0m SKIP tension=[1;36m0.63848285[0m [0m| wall_not_collapsed
[BETA_X5] mode=OFF radar_adj=0 mom= conf=0
[BETA_X5] [1;36m08:02:53[0m [1;33mx5[0m [1;36m#385[0m SKIP tension=[1;36m0.00000478[0m [0m| momentum_too_small [1;31mconf=0.0[0m
[BETA_X5] mode=OFF radar_adj=0 mom= conf=0
[BETA_X5] [1;36m08:03:01[0m [1;33mx5[0m [1;36m#386[0m SKIP tension=[1;36m0.00000000[0m [0m| momentum_too_small [1;31mconf=0.3496[0m
[BETA_X5] mode=OFF radar_adj=0 mom= conf=0
[BETA_X5] [1;36m08:03:10[0m [1;33mx5[0m [1;36m#387[0m SKIP tension=[1;36m0.00001629[0m [0m| momentum_too_small [1;31mconf=0.0[0m
[BETA_X5] mode=OFF radar_adj=0 mom= conf=0
[BETA_X5] [1;36m08:03:19[0m [1;33mx5[0m [1;36m#388[0m SKIP tension=[1;36m0.00008475[0m [0m| momentum_too_small [1;31mconf=0.0001[0m
[BETA_X5] mode=OFF radar_adj=0 mom= conf=0
[BETA_X5] [1;36m08:03:29[0m [1;33mx5[0m [1;36m#389[0m SKIP tension=[1;36m0.00000478[0m [0m| momentum_too_small [1;31mconf=0.0[0m
[BETA_X5] mode=OFF radar_adj=0 mom= conf=0
[BETA_X5] [1;36mentry=08:03:45@62530.00000000[0m [1;33mx5[0m [1;36m#390[0m [1;33mSELL[0m tension=[1;31m2.14865338[0m hold=[1;36m9[0ms sec=[1;36m9[0m [0m| exit=62530.00000000 [1;32mconf=0.9101[0m [1;36mexit_time=08:03:55[0m [1;33mpnl=-0.00000000 bps=-0.00000000 pct=-0.00000000% total=2.2561599999999995[0m
[BETA_X5] mode=OFF radar_adj=0 mom= conf=0
[BETA_X5] [1;36m08:04:05[0m [1;33mx5[0m [1;36m#391[0m SKIP tension=[1;36m0.00001595[0m [0m| momentum_too_small [1;31mconf=0.0[0m
[BETA_X5] mode=OFF radar_adj=0 mom= conf=0
[BETA_X5] shockwave beta->alpha until_cycle=402
[BETA_X5] [1;33mSWARM shockwave[0m [0m| beta -> neighbor (shock_inversion_stop)[0m
[BETA_X5] [1;36mentry=08:04:18@62530.00000000[0m [1;33mx5[0m [1;36m#392[0m [1;31mSELL[0m tension=[1;32m1.40132254[0m hold=[1;36m7[0ms sec=[1;36m7[0m [0m| exit=62533.00000000 [1;32mconf=0.94[0m [1;36mexit_time=08:04:25[0m [1;31mpnl=-0.02340000 bps=-0.47976971 pct=-0.00479770% total=2.2327599999999994[0m
[BETA_X5] mode=OFF radar_adj=0 mom= conf=0
[BETA_X5] [1;36m08:04:36[0m [1;33mx5[0m [1;36m#393[0m SKIP tension=[1;36m0.00006474[0m [0m| momentum_too_small [1;31mconf=0.0001[0m
[BETA_X5] mode=OFF radar_adj=0 mom= conf=0
[BETA_X5] [1;36m08:04:44[0m [1;33mx5[0m [1;36m#394[0m SKIP tension=[1;36m0.00002234[0m [0m| momentum_too_small [1;31mconf=0.0[0m
[BETA_X5] mode=OFF radar_adj=0 mom= conf=0
[BETA_X5] [1;36m08:04:52[0m [1;33mx5[0m [1;36m#395[0m SKIP tension=[1;36m0.00000000[0m [0m| momentum_too_small [1;31mconf=0.3185[0m
[BETA_X5] mode=OFF radar_adj=0 mom= conf=0
[BETA_X5] [1;36m08:05:00[0m [1;33mx5[0m [1;36m#396[0m SKIP tension=[1;36m0.00001662[0m [0m| momentum_too_small [1;31mconf=0.0[0m
[BETA_X5] mode=OFF radar_adj=0 mom= conf=0
[BETA_X5] shockwave beta->alpha until_cycle=407
[BETA_X5] [1;33mSWARM shockwave[0m [0m| beta -> neighbor (shock_inversion_stop)[0m
[BETA_X5] [1;36mentry=08:05:14@62539.00000000[0m [1;33mx5[0m [1;36m#397[0m [1;31mSELL[0m tension=[1;32m1.39407010[0m hold=[1;36m7[0ms sec=[1;36m7[0m [0m| exit=62540.70000000 [1;32mconf=0.9001[0m [1;36mexit_time=08:05:21[0m [1;31mpnl=-0.01326000 bps=-0.27183038 pct=-0.00271830% total=2.2194999999999996[0m
[BETA_X5] mode=OFF radar_adj=0 mom= conf=0
[BETA_X5] [1;36m08:05:33[0m [1;33mx5[0m [1;36m#398[0m SKIP tension=[1;36m0.15043112[0m [0m| direction_unclear [1;31mconf=0.2287[0m
[BETA_X5] mode=OFF radar_adj=0 mom= conf=0
[BETA_X5] [1;36mentry=08:05:46@62531.90000000[0m [1;33mx5[0m [1;36m#399[0m [1;33mSELL[0m tension=[1;32m1.98932534[0m hold=[1;36m7[0ms sec=[1;36m7[0m [0m| exit=62531.90000000 [1;32mconf=0.9121[0m [1;36mexit_time=08:05:53[0m [1;33mpnl=-0.00000000 bps=-0.00000000 pct=-0.00000000% total=2.2194999999999996[0m
[BETA_X5] mode=OFF radar_adj=0 mom= conf=0
[BETA_X5] [1;36m08:06:02[0m [1;33mx5[0m [1;36m#400[0m SKIP tension=[1;36m0.00004255[0m [0m| momentum_too_small [1;31mconf=0.0001[0m
[BETA_X5] mode=OFF radar_adj=0 mom= conf=0
[BETA_X5] [1;36m08:06:11[0m [1;33mx5[0m [1;36m#401[0m SKIP tension=[1;36m0.00018333[0m [0m| momentum_too_small [1;31mconf=0.0003[0m
[BETA_X5] mode=OFF radar_adj=0 mom= conf=0
[BETA_X5] [1;36mCycle 402[0m [1;32mSOFT anomaly[0m [1;33m| pnl_abs=0.18486000 > 0.02500000[0m
[BETA_X5] [1;36mentry=08:06:23@62540.70000000[0m [1;33mx5[0m [1;36m#402[0m [1;32mSELL[0m tension=[1;32m1.49922340[0m hold=[1;36m6[0ms sec=[1;36m6[0m [0m| exit=62529.00000000 [1;32mconf=0.8831[0m [1;36mexit_time=08:06:30[0m [1;32mpnl=0.18486000 bps=1.87078175 pct=0.01870782% total=2.4043599999999996[0m
[BETA_X5] mode=OFF radar_adj=0 mom= conf=0
[BETA_X5] [1;36m08:06:40[0m [1;33mx5[0m [1;36m#403[0m SKIP tension=[1;36m0.00000000[0m [0m| momentum_too_small [1;31mconf=0.3091[0m
[BETA_X5] mode=OFF radar_adj=0 mom= conf=0
[BETA_X5] [1;36m08:06:50[0m [1;33mx5[0m [1;36m#404[0m SKIP tension=[1;36m0.67760729[0m [0m| wall_not_collapsed
[BETA_X5] mode=OFF radar_adj=0 mom= conf=0
[BETA_X5] [1;36m08:07:00[0m [1;33mx5[0m [1;36m#405[0m SKIP tension=[1;36m0.00000000[0m [0m| momentum_too_small [1;31mconf=0.3091[0m
[BETA_X5] mode=OFF radar_adj=0 mom= conf=0
[BETA_X5] [1;36mentry=08:07:14@62540.70000000[0m [1;33mx5[0m [1;36m#406[0m [1;33mSELL[0m tension=[1;32m1.21444015[0m hold=[1;36m8[0ms sec=[1;36m8[0m [0m| exit=62540.70000000 [1;32mconf=0.8831[0m [1;36mexit_time=08:07:22[0m [1;33mpnl=-0.00000000 bps=-0.00000000 pct=-0.00000000% total=2.4043599999999996[0m
[BETA_X5] mode=OFF radar_adj=0 mom= conf=0
[BETA_X5] [1;36mCycle 407[0m [1;32mSOFT anomaly[0m [1;33m| pnl_abs=0.11466000 > 0.02500000[0m
[BETA_X5] [1;36mentry=08:07:37@62540.70000000[0m [1;33mx5[0m [1;36m#407[0m [1;32mSELL[0m tension=[1;31m3.65557227[0m hold=[1;36m13[0ms sec=[1;36m13[0m [0m| exit=62526.00000000 [1;32mconf=0.984[0m [1;36mexit_time=08:07:50[0m [1;32mpnl=0.11466000 bps=2.35046937 pct=0.02350469% total=2.51902[0m
[BETA_X5] mode=OFF radar_adj=0 mom= conf=0
[BETA_X5] [1;36mentry=08:08:04@62526.00000000[0m [1;33mx5[0m [1;36m#408[0m [1;33mSELL[0m tension=[1;32m1.41335638[0m hold=[1;36m6[0ms sec=[1;36m6[0m [0m| exit=62526.00000000 [1;32mconf=0.958[0m [1;36mexit_time=08:08:10[0m [1;33mpnl=-0.00000000 bps=-0.00000000 pct=-0.00000000% total=2.51902[0m
[BETA_X5] mode=OFF radar_adj=0 mom= conf=0
[BETA_X5] [1;36m08:08:21[0m [1;33mx5[0m [1;36m#409[0m SKIP tension=[1;36m0.00002161[0m [0m| momentum_too_small [1;31mconf=0.0[0m
[BETA_X5] mode=OFF radar_adj=0 mom= conf=0
[BETA_X5] [1;36m08:08:30[0m [1;33mx5[0m [1;36m#410[0m SKIP tension=[1;36m0.00009943[0m [0m| momentum_too_small [1;31mconf=0.0002[0m
[BETA_X5] mode=OFF radar_adj=0 mom= conf=0
[BETA_X5] [1;36m08:08:39[0m [1;33mx5[0m [1;36m#411[0m SKIP tension=[1;36m0.00001757[0m [0m| momentum_too_small [1;31mconf=0.0[0m
[BETA_X5] mode=OFF radar_adj=0 mom= conf=0
[BETA_X5] [1;36m08:08:48[0m [1;33mx5[0m [1;36m#412[0m SKIP tension=[1;36m0.00000000[0m [0m| momentum_too_small [1;31mconf=0.3245[0m
[BETA_X5] mode=OFF radar_adj=0 mom= conf=0
[BETA_X5] [1;36m08:08:57[0m [1;33mx5[0m [1;36m#413[0m SKIP tension=[1;33m0.94683269[0m [0m| wall_not_collapsed
[BETA_X5] mode=OFF radar_adj=0 mom= conf=0
[BETA_X5] [1;36m08:09:05[0m [1;33mx5[0m [1;36m#414[0m SKIP tension=[1;36m0.30976115[0m [0m| wall_not_collapsed
[BETA_X5] mode=OFF radar_adj=0 mom= conf=0
[BETA_X5] [1;36mentry=08:09:18@62521.90000000[0m [1;33mx5[0m [1;36m#415[0m [1;33mSELL[0m tension=[1;32m1.61106641[0m hold=[1;36m6[0ms sec=[1;36m6[0m [0m| exit=62521.90000000 [1;32mconf=0.917[0m [1;36mexit_time=08:09:24[0m [1;33mpnl=-0.00000000 bps=-0.00000000 pct=-0.00000000% total=2.51902[0m
[BETA_X5] mode=OFF radar_adj=0 mom= conf=0
[BETA_X5] [1;36m08:09:34[0m [1;33mx5[0m [1;36m#416[0m SKIP tension=[1;36m0.00000879[0m [0m| momentum_too_small [1;31mconf=0.0[0m
[BETA_X5] mode=OFF radar_adj=0 mom= conf=0
[BETA_X5] [1;36m08:09:44[0m [1;33mx5[0m [1;36m#417[0m SKIP tension=[1;36m0.00008294[0m [0m| momentum_too_small [1;31mconf=0.0001[0m
[BETA_X5] mode=OFF radar_adj=0 mom= conf=0
[BETA_X5] [1;36m08:09:52[0m [1;33mx5[0m [1;36m#418[0m SKIP tension=[1;36m0.00007365[0m [0m| momentum_too_small [1;31mconf=0.0001[0m
[BETA_X5] mode=OFF radar_adj=0 mom= conf=0
[BETA_X5] [1;36mCycle 419[0m [1;32mSOFT anomaly[0m [1;33m| pnl_abs=0.04368000 > 0.02500000[0m
[BETA_X5] [1;36mentry=08:10:06@62518.20000000[0m [1;33mx5[0m [1;36m#419[0m [1;32mSELL[0m tension=[1;31m2.85621953[0m hold=[1;36m10[0ms sec=[1;36m10[0m [0m| exit=62512.60000000 [1;32mconf=0.8791[0m [1;36mexit_time=08:10:16[0m [1;32mpnl=0.04368000 bps=0.89573916 pct=0.00895739% total=2.5627[0m
[BETA_X5] mode=OFF radar_adj=0 mom= conf=0
[BETA_X5] [1;36mCycle 420[0m [1;32mSOFT anomaly[0m [1;33m| pnl_abs=0.02808000 > 0.02500000[0m
[BETA_X5] [1;36mentry=08:10:30@62507.30000000[0m [1;33mx5[0m [1;36m#420[0m [1;32mSELL[0m tension=[1;32m1.17607892[0m hold=[1;36m10[0ms sec=[1;36m10[0m [0m| exit=62503.70000000 [1;32mconf=0.999[0m [1;36mexit_time=08:10:40[0m [1;32mpnl=0.02808000 bps=0.57593273 pct=0.00575933% total=2.59078[0m
[BETA_X5] mode=OFF radar_adj=0 mom= conf=0
[BETA_X5] [1;36m08:10:50[0m [1;33mx5[0m [1;36m#421[0m SKIP tension=[1;36m0.00000000[0m [0m| momentum_too_small [1;31mconf=0.3409[0m
[BETA_X5] mode=OFF radar_adj=0 mom= conf=0
[BETA_X5] [1;36m08:11:01[0m [1;33mx5[0m [1;36m#422[0m SKIP tension=[1;36m0.00000218[0m [0m| momentum_too_small [1;31mconf=0.0[0m
[BETA_X5] mode=OFF radar_adj=0 mom= conf=0
[BETA_X5] [1;36m08:11:10[0m [1;33mx5[0m [1;36m#423[0m SKIP tension=[1;36m0.00139034[0m [0m| momentum_too_small [1;31mconf=0.0022[0m
[BETA_X5] mode=OFF radar_adj=0 mom= conf=0
[BETA_X5] [1;36m08:11:19[0m [1;33mx5[0m [1;36m#424[0m SKIP tension=[1;36m0.00000000[0m [0m| momentum_too_small [1;31mconf=0.3353[0m
[BETA_X5] mode=OFF radar_adj=0 mom= conf=0
[BETA_X5] [1;36m08:11:29[0m [1;33mx5[0m [1;36m#425[0m SKIP tension=[1;36m0.00000000[0m [0m| momentum_too_small [1;31mconf=0.3353[0m
[BETA_X5] mode=OFF radar_adj=0 mom= conf=0
[BETA_X5] [1;36m08:11:38[0m [1;33mx5[0m [1;36m#426[0m SKIP tension=[1;36m0.00000000[0m [0m| momentum_too_small [1;31mconf=0.3353[0m
[BETA_X5] mode=OFF radar_adj=0 mom= conf=0
[BETA_X5] [1;36m08:11:47[0m [1;33mx5[0m [1;36m#427[0m SKIP tension=[1;36m0.00000801[0m [0m| momentum_too_small [1;31mconf=0.0[0m
[BETA_X5] mode=OFF radar_adj=0 mom= conf=0
[BETA_X5] shockwave beta->alpha until_cycle=438
[BETA_X5] [1;33mSWARM shockwave[0m [0m| beta -> neighbor (shock_inversion_stop)[0m
[BETA_X5] [1;36mentry=08:12:00@62500.20000000[0m [1;33mx5[0m [1;36m#428[0m [1;31mSELL[0m tension=[1;31m3.37238521[0m hold=[1;36m6[0ms sec=[1;36m6[0m [0m| exit=62500.80000000 [1;32mconf=0.996[0m [1;36mexit_time=08:12:06[0m [1;31mpnl=-0.00468000 bps=-0.09599969 pct=-0.00096000% total=2.5861[0m
[BETA_X5] mode=OFF radar_adj=0 mom= conf=0
[BETA_X5] [1;36m08:12:16[0m [1;33mx5[0m [1;36m#429[0m SKIP tension=[1;36m0.00000367[0m [0m| momentum_too_small [1;31mconf=0.0[0m
[BETA_X5] mode=OFF radar_adj=0 mom= conf=0
[BETA_X5] [1;36m08:12:25[0m [1;33mx5[0m [1;36m#430[0m SKIP tension=[1;36m0.00000000[0m [0m| momentum_too_small [1;31mconf=0.336[0m
[BETA_X5] mode=OFF radar_adj=0 mom= conf=0
[BETA_X5] [1;36m08:12:34[0m [1;33mx5[0m [1;36m#431[0m SKIP tension=[1;36m0.80973722[0m [0m| wall_not_collapsed
[BETA_X5] mode=OFF radar_adj=0 mom= conf=0
[BETA_X5] [1;36m08:12:43[0m [1;33mx5[0m [1;36m#432[0m SKIP tension=[1;36m0.00000000[0m [0m| momentum_too_small [1;31mconf=0.336[0m
[BETA_X5] mode=OFF radar_adj=0 mom= conf=0
[BETA_X5] [1;36m08:12:52[0m [1;33mx5[0m [1;36m#433[0m SKIP tension=[1;36m0.00000040[0m [0m| momentum_too_small [1;31mconf=0.0[0m
[BETA_X5] mode=OFF radar_adj=0 mom= conf=0
[BETA_X5] [1;36m08:13:00[0m [1;33mx5[0m [1;36m#434[0m SKIP tension=[1;36m0.00001734[0m [0m| momentum_too_small [1;31mconf=0.0[0m
[BETA_X5] mode=OFF radar_adj=0 mom= conf=0
[BETA_X5] [1;36mentry=08:13:13@62500.00000000[0m [1;33mx5[0m [1;36m#435[0m [1;33mSELL[0m tension=[1;32m1.24022834[0m hold=[1;36m7[0ms sec=[1;36m7[0m [0m| exit=62500.00000000 [1;32mconf=0.96[0m [1;36mexit_time=08:13:20[0m [1;33mpnl=-0.00000000 bps=-0.00000000 pct=-0.00000000% total=2.5861[0m
[BETA_X5] mode=OFF radar_adj=0 mom= conf=0
[BETA_X5] [1;36m08:13:30[0m [1;33mx5[0m [1;36m#436[0m SKIP tension=[1;36m0.32695391[0m [0m| wall_not_collapsed
[BETA_X5] mode=OFF radar_adj=0 mom= conf=0
[BETA_X5] [1;36m08:13:38[0m [1;33mx5[0m [1;36m#437[0m SKIP tension=[1;36m0.00000000[0m [0m| momentum_too_small [1;31mconf=0.3304[0m
[BETA_X5] mode=OFF radar_adj=0 mom= conf=0
[BETA_X5] [1;36mCycle 438[0m [1;32mSOFT anomaly[0m [1;33m| pnl_abs=0.04368000 > 0.02500000[0m
[BETA_X5] [1;36mentry=08:13:52@62501.60000000[0m [1;33mx5[0m [1;36m#438[0m [1;32mSELL[0m tension=[1;32m1.16290755[0m hold=[1;36m8[0ms sec=[1;36m8[0m [0m| exit=62496.00000000 [1;32mconf=0.928[0m [1;36mexit_time=08:14:00[0m [1;32mpnl=0.04368000 bps=0.89597706 pct=0.00895977% total=2.6297800000000002[0m
[BETA_X5] mode=OFF radar_adj=0 mom= conf=0
[BETA_X5] shockwave beta->alpha until_cycle=449
[BETA_X5] [1;33mSWARM shockwave[0m [0m| beta -> neighbor (fluid_exit_inversion)[0m
[BETA_X5] [1;36mCycle 439[0m [1;32mSOFT anomaly[0m [1;33m| pnl_abs=0.03978000 > 0.02500000[0m
[BETA_X5] [1;36mentry=08:14:15@62507.10000000[0m [1;33mx5[0m [1;36m#439[0m [1;31mSELL[0m tension=[1;31m7.25870936[0m hold=[1;36m7[0ms sec=[1;36m7[0m [0m| exit=62512.20000000 [1;32mconf=0.889[0m [1;36mexit_time=08:14:22[0m [1;31mpnl=-0.03978000 bps=-0.81590731 pct=-0.00815907% total=2.5900000000000003[0m
[BETA_X5] mode=OFF radar_adj=0 mom= conf=0
[BETA_X5] [1;36m08:14:34[0m [1;33mx5[0m [1;36m#440[0m SKIP tension=[1;36m0.00011162[0m [0m| momentum_too_small [1;31mconf=0.0002[0m
[BETA_X5] mode=OFF radar_adj=0 mom= conf=0
[BETA_X5] [1;36m08:14:42[0m [1;33mx5[0m [1;36m#441[0m SKIP tension=[1;36m0.00000773[0m [0m| momentum_too_small [1;31mconf=0.0[0m
[BETA_X5] mode=OFF radar_adj=0 mom= conf=0
[BETA_X5] [1;36m08:14:52[0m [1;33mx5[0m [1;36m#442[0m SKIP tension=[1;36m0.00000000[0m [0m| momentum_too_small [1;31mconf=0.3409[0m
[BETA_X5] mode=OFF radar_adj=0 mom= conf=0
[BETA_X5] shockwave beta->alpha until_cycle=453
[BETA_X5] [1;33mSWARM shockwave[0m [0m| beta -> neighbor (shock_inversion_stop)[0m
[BETA_X5] [1;36mentry=08:15:07@62515.00000000[0m [1;33mx5[0m [1;36m#443[0m [1;31mSELL[0m tension=[1;31m2.84091791[0m hold=[1;36m7[0ms sec=[1;36m7[0m [0m| exit=62515.90000000 [1;32mconf=0.823[0m [1;36mexit_time=08:15:15[0m [1;31mpnl=-0.00702000 bps=-0.14396545 pct=-0.00143965% total=2.5829800000000005[0m
[BETA_X5] mode=OFF radar_adj=0 mom= conf=0
[BETA_X5] [1;36m08:15:25[0m [1;33mx5[0m [1;36m#444[0m SKIP tension=[1;36m0.39954891[0m [0m| wall_not_collapsed
[BETA_X5] mode=OFF radar_adj=0 mom= conf=0
[BETA_X5] [1;36m08:15:34[0m [1;33mx5[0m [1;36m#445[0m SKIP tension=[1;36m0.00000000[0m [0m| momentum_too_small [1;31mconf=0.2755[0m
[BETA_X5] mode=OFF radar_adj=0 mom= conf=0
[BETA_X5] [1;36m08:15:43[0m [1;33mx5[0m [1;36m#446[0m SKIP tension=[1;36m0.00000000[0m [0m| momentum_too_small [1;31mconf=0.2839[0m
[BETA_X5] mode=OFF radar_adj=0 mom= conf=0
[BETA_X5] shockwave beta->alpha until_cycle=457
[BETA_X5] [1;33mSWARM shockwave[0m [0m| beta -> neighbor (shock_inversion_stop)[0m
[BETA_X5] [1;36mCycle 447[0m [1;32mSOFT anomaly[0m [1;33m| pnl_abs=0.25122000 > 0.02500000[0m
[BETA_X5] [1;36mentry=08:15:57@62496.00000000[0m [1;33mx5[0m [1;36m#447[0m [1;31mSELL[0m tension=[1;32m1.86008890[0m hold=[1;36m6[0ms sec=[1;36m6[0m [0m| exit=62527.80000000 [1;32mconf=0.8211[0m [1;36mexit_time=08:16:04[0m [1;31mpnl=-0.25122000 bps=-5.08832565 pct=-0.05088326% total=2.3317600000000005[0m
[BETA_X5] mode=OFF radar_adj=0 mom= conf=0
[BETA_X5] [1;36m08:16:14[0m [1;33mx5[0m [1;36m#448[0m SKIP tension=[1;32m1.10456055[0m [0m| tactic short vs long
[BETA_X5] mode=OFF radar_adj=0 mom= conf=0
[BETA_X5] [1;36m08:16:21[0m [1;33mx5[0m [1;36m#449[0m SKIP tension=[1;36m0.00002222[0m [0m| momentum_too_small [1;31mconf=0.0[0m
[BETA_X5] mode=OFF radar_adj=0 mom= conf=0
[BETA_X5] [1;36m08:16:30[0m [1;33mx5[0m [1;36m#450[0m SKIP tension=[1;36m0.00000862[0m [0m| momentum_too_small [1;31mconf=0.0[0m
[BETA_X5] mode=OFF radar_adj=0 mom= conf=0
[BETA_X5] [1;36m08:16:38[0m [1;33mx5[0m [1;36m#451[0m SKIP tension=[1;36m0.00000244[0m [0m| momentum_too_small [1;31mconf=0.0[0m
[BETA_X5] mode=OFF radar_adj=0 mom= conf=0
[BETA_X5] [1;36m08:16:47[0m [1;33mx5[0m [1;36m#452[0m SKIP tension=[1;36m0.00001792[0m [0m| spread_too_wide [1;31mconf=0.0[0m
[BETA_X5] mode=OFF radar_adj=0 mom= conf=0
[BETA_X5] [1;36m08:16:56[0m [1;33mx5[0m [1;36m#453[0m SKIP tension=[1;36m0.00001125[0m [0m| spread_too_wide [1;31mconf=0.0[0m
[BETA_X5] mode=OFF radar_adj=0 mom= conf=0
[BETA_X5] [1;36m08:17:05[0m [1;33mx5[0m [1;36m#454[0m SKIP tension=[1;36m0.00000221[0m [0m| spread_too_wide [1;31mconf=0.0[0m
[BETA_X5] mode=OFF radar_adj=0 mom= conf=0
[BETA_X5] [1;36m08:17:13[0m [1;33mx5[0m [1;36m#455[0m SKIP tension=[1;36m0.00001826[0m [0m| spread_too_wide [1;31mconf=0.0[0m
[BETA_X5] mode=OFF radar_adj=0 mom= conf=0
[BETA_X5] [1;36m08:17:21[0m [1;33mx5[0m [1;36m#456[0m SKIP tension=[1;32m1.37515390[0m [0m| spread_too_wide [1;33mconf=0.5[0m
[BETA_X5] mode=OFF radar_adj=0 mom= conf=0
[BETA_X5] [1;36m08:17:30[0m [1;33mx5[0m [1;36m#457[0m SKIP tension=[1;36m0.13263386[0m [0m| direction_unclear [1;31mconf=0.1245[0m
[BETA_X5] mode=OFF radar_adj=0 mom= conf=0
[BETA_X5] [1;36m08:17:38[0m [1;33mx5[0m [1;36m#458[0m SKIP tension=[1;36m0.00000000[0m [0m| spread_too_wide [1;31mconf=0.0[0m
[BETA_X5] mode=OFF radar_adj=0 mom= conf=0
[BETA_X5] [1;36m08:17:47[0m [1;33mx5[0m [1;36m#459[0m SKIP tension=[1;31m2.12579818[0m [0m| spread_too_wide [1;33mconf=0.5[0m
[BETA_X5] mode=OFF radar_adj=0 mom= conf=0
[BETA_X5] [1;36m08:17:55[0m [1;33mx5[0m [1;36m#460[0m SKIP tension=[1;36m0.00006914[0m [0m| spread_too_wide [1;31mconf=0.0001[0m
[BETA_X5] mode=OFF radar_adj=0 mom= conf=0
[BETA_X5] [1;36m08:18:03[0m [1;33mx5[0m [1;36m#461[0m SKIP tension=[1;32m1.18920095[0m [0m| spread_too_wide [1;33mconf=0.5[0m
[BETA_X5] mode=OFF radar_adj=0 mom= conf=0
[BETA_X5] shockwave beta->alpha until_cycle=472
[BETA_X5] [1;33mSWARM shockwave[0m [0m| beta -> neighbor (shock_inversion_stop)[0m
[BETA_X5] [1;36mCycle 462[0m [1;32mSOFT anomaly[0m [1;33m| pnl_abs=0.07722000 > 0.02500000[0m
[BETA_X5] [1;36mentry=08:18:17@62571.60000000[0m [1;33mx5[0m [1;36m#462[0m [1;31mSELL[0m tension=[1;31m10.52328988[0m hold=[1;36m7[0ms sec=[1;36m7[0m [0m| exit=62581.50000000 [1;33mconf=0.7874[0m [1;36mexit_time=08:18:24[0m [1;31mpnl=-0.07722000 bps=-1.58218745 pct=-0.01582187% total=2.2545400000000004[0m
[BETA_X5] mode=OFF radar_adj=0 mom= conf=0
[BETA_X5] [1;36m08:18:34[0m [1;33mx5[0m [1;36m#463[0m SKIP tension=[1;36m0.47583410[0m [0m| wall_not_collapsed
[BETA_X5] mode=OFF radar_adj=0 mom= conf=0
[BETA_X5] [1;36m08:18:42[0m [1;33mx5[0m [1;36m#464[0m SKIP tension=[1;36m0.00004005[0m [0m| momentum_too_small [1;31mconf=0.0001[0m
[BETA_X5] mode=OFF radar_adj=0 mom= conf=0
[BETA_X5] [1;36m08:18:51[0m [1;33mx5[0m [1;36m#465[0m SKIP tension=[1;36m0.00000000[0m [0m| momentum_too_small [1;31mconf=0.2906[0m
[BETA_X5] mode=OFF radar_adj=0 mom= conf=0
[BETA_X5] [1;36m08:18:59[0m [1;33mx5[0m [1;36m#466[0m SKIP tension=[1;36m0.00000663[0m [0m| momentum_too_small [1;31mconf=0.0[0m
[BETA_X5] mode=OFF radar_adj=0 mom= conf=0
[BETA_X5] [1;36m08:19:08[0m [1;33mx5[0m [1;36m#467[0m SKIP tension=[1;36m0.00000261[0m [0m| momentum_too_small [1;31mconf=0.0[0m
[BETA_X5] mode=OFF radar_adj=0 mom= conf=0
[BETA_X5] [1;36m08:19:16[0m [1;33mx5[0m [1;36m#468[0m SKIP tension=[1;36m0.00001811[0m [0m| momentum_too_small [1;31mconf=0.0[0m
[BETA_X5] mode=OFF radar_adj=0 mom= conf=0
[BETA_X5] [1;36m08:19:25[0m [1;33mx5[0m [1;36m#469[0m SKIP tension=[1;36m0.00000000[0m [0m| momentum_too_small [1;31mconf=0.3437[0m
[BETA_X5] mode=OFF radar_adj=0 mom= conf=0
[BETA_X5] [1;36mCycle 470[0m [1;32mSOFT anomaly[0m [1;33m| pnl_abs=0.04056000 > 0.02500000[0m
[BETA_X5] [1;36mentry=08:19:38@62587.00000000[0m [1;33mx5[0m [1;36m#470[0m [1;32mSELL[0m tension=[1;31m7.81301101[0m hold=[1;36m7[0ms sec=[1;36m7[0m [0m| exit=62581.80000000 [1;32mconf=0.999[0m [1;36mexit_time=08:19:45[0m [1;32mpnl=0.04056000 bps=0.83084347 pct=0.00830843% total=2.2951000000000006[0m
[BETA_X5] mode=OFF radar_adj=0 mom= conf=0
[BETA_X5] [1;36m08:19:55[0m [1;33mx5[0m [1;36m#471[0m SKIP tension=[1;36m0.00000000[0m [0m| momentum_too_small [1;31mconf=0.349[0m
[BETA_X5] mode=OFF radar_adj=0 mom= conf=0
[BETA_X5] [1;36m08:20:04[0m [1;33mx5[0m [1;36m#472[0m SKIP tension=[1;36m0.00001074[0m [0m| momentum_too_small [1;31mconf=0.0[0m
[BETA_X5] mode=OFF radar_adj=0 mom= conf=0
[BETA_X5] [1;36m08:20:12[0m [1;33mx5[0m [1;36m#473[0m SKIP tension=[1;36m0.00000000[0m [0m| momentum_too_small [1;31mconf=0.3496[0m
[BETA_X5] mode=OFF radar_adj=0 mom= conf=0
[BETA_X5] [1;36m08:20:20[0m [1;33mx5[0m [1;36m#474[0m SKIP tension=[1;36m0.00001549[0m [0m| momentum_too_small [1;31mconf=0.0[0m
[BETA_X5] mode=OFF radar_adj=0 mom= conf=0
[BETA_X5] [1;36m08:20:29[0m [1;33mx5[0m [1;36m#475[0m SKIP tension=[1;36m0.02753100[0m [0m| direction_unclear [1;31mconf=0.0457[0m
[BETA_X5] mode=OFF radar_adj=0 mom= conf=0
[BETA_X5] [1;36m08:20:37[0m [1;33mx5[0m [1;36m#476[0m SKIP tension=[1;36m0.00000000[0m [0m| momentum_too_small [1;31mconf=0.3483[0m
[BETA_X5] mode=OFF radar_adj=0 mom= conf=0
[BETA_X5] [1;36m08:20:47[0m [1;33mx5[0m [1;36m#477[0m SKIP tension=[1;36m0.00003645[0m [0m| momentum_too_small [1;31mconf=0.0001[0m
[BETA_X5] mode=OFF radar_adj=0 mom= conf=0
[BETA_X5] [1;36m08:20:55[0m [1;33mx5[0m [1;36m#478[0m SKIP tension=[1;36m0.00000000[0m [0m| momentum_too_small [1;31mconf=0.343[0m
[BETA_X5] mode=OFF radar_adj=0 mom= conf=0
[BETA_X5] [1;36m08:21:03[0m [1;33mx5[0m [1;36m#479[0m SKIP tension=[1;36m0.00203356[0m [0m| momentum_too_small [1;31mconf=0.0033[0m
[BETA_X5] mode=OFF radar_adj=0 mom= conf=0
[BETA_X5] [1;36m08:21:11[0m [1;33mx5[0m [1;36m#480[0m SKIP tension=[1;36m0.00000000[0m [0m| momentum_too_small [1;31mconf=0.3339[0m
[BETA_X5] mode=OFF radar_adj=0 mom= conf=0
[BETA_X5] [1;36m08:21:20[0m [1;33mx5[0m [1;36m#481[0m SKIP tension=[1;36m0.00001626[0m [0m| momentum_too_small [1;31mconf=0.0[0m
[BETA_X5] mode=OFF radar_adj=0 mom= conf=0
[BETA_X5] [1;36mCycle 482[0m [1;32mSOFT anomaly[0m [1;33m| pnl_abs=0.04480000 > 0.02500000[0m
[BETA_X5] [1;36mentry=08:21:33@62579.10000000[0m [1;33mx5[0m [1;36m#482[0m [1;32mSELL[0m tension=[1;32m1.32189672[0m hold=[1;36m7[0ms sec=[1;36m7[0m [0m| exit=62575.60000000 [1;32mconf=0.972[0m [1;36mexit_time=08:21:40[0m [1;32mpnl=0.04480000 bps=0.55929216 pct=0.00559292% total=2.3399000000000005[0m
[BETA_X5] mode=OFF radar_adj=0 mom= conf=0
[BETA_X5] [1;36mentry=08:21:55@62571.20000000[0m [1;33mx5[0m [1;36m#483[0m [1;32mSELL[0m tension=[1;32m1.01078995[0m hold=[1;36m9[0ms sec=[1;36m9[0m [0m| exit=62570.30000000 [1;32mconf=0.9211[0m [1;36mexit_time=08:22:04[0m [1;32mpnl=0.00702000 bps=0.14383614 pct=0.00143836% total=2.3469200000000003[0m
[BETA_X5] mode=OFF radar_adj=0 mom= conf=0
[BETA_X5] [1;36m08:22:15[0m [1;33mx5[0m [1;36m#484[0m SKIP tension=[1;36m0.00000000[0m [0m| momentum_too_small [1;31mconf=0.3112[0m
[BETA_X5] mode=OFF radar_adj=0 mom= conf=0
[BETA_X5] [1;36m08:22:24[0m [1;33mx5[0m [1;36m#485[0m SKIP tension=[1;36m0.00069210[0m [0m| momentum_too_small [1;31mconf=0.001[0m
[BETA_X5] mode=OFF radar_adj=0 mom= conf=0
[BETA_X5] [1;36m08:22:34[0m [1;33mx5[0m [1;36m#486[0m SKIP tension=[1;36m0.00002535[0m [0m| momentum_too_small [1;31mconf=0.0[0m
[BETA_X5] mode=OFF radar_adj=0 mom= conf=0
[BETA_X5] [1;36m08:22:42[0m [1;33mx5[0m [1;36m#487[0m SKIP tension=[1;36m0.00001667[0m [0m| momentum_too_small [1;31mconf=0.0[0m
[BETA_X5] mode=OFF radar_adj=0 mom= conf=0
[BETA_X5] [1;36m08:22:51[0m [1;33mx5[0m [1;36m#488[0m SKIP tension=[1;36m0.00002702[0m [0m| momentum_too_small [1;31mconf=0.0[0m
[BETA_X5] mode=OFF radar_adj=0 mom= conf=0
[BETA_X5] [1;36m08:22:59[0m [1;33mx5[0m [1;36m#489[0m SKIP tension=[1;36m0.00000000[0m [0m| momentum_too_small [1;31mconf=0.2888[0m
[BETA_X5] mode=OFF radar_adj=0 mom= conf=0
[BETA_X5] [1;36m08:23:08[0m [1;33mx5[0m [1;36m#490[0m SKIP tension=[1;36m0.00000000[0m [0m| momentum_too_small [1;31mconf=0.2888[0m
[BETA_X5] mode=OFF radar_adj=0 mom= conf=0
[BETA_X5] [1;36m08:23:16[0m [1;33mx5[0m [1;36m#491[0m SKIP tension=[1;36m0.00000701[0m [0m| momentum_too_small [1;31mconf=0.0[0m
[BETA_X5] mode=OFF radar_adj=0 mom= conf=0
[BETA_X5] [1;36m08:23:24[0m [1;33mx5[0m [1;36m#492[0m SKIP tension=[1;36m0.00238147[0m [0m| momentum_too_small [1;31mconf=0.0033[0m
[BETA_X5] mode=OFF radar_adj=0 mom= conf=0
[BETA_X5] [1;36m08:23:33[0m [1;33mx5[0m [1;36m#493[0m SKIP tension=[1;36m0.00000000[0m [0m| momentum_too_small [1;31mconf=0.2878[0m
[BETA_X5] mode=OFF radar_adj=0 mom= conf=0
[BETA_X5] [1;36m08:23:42[0m [1;33mx5[0m [1;36m#494[0m SKIP tension=[1;36m0.00001792[0m [0m| momentum_too_small [1;31mconf=0.0[0m
[BETA_X5] mode=OFF radar_adj=0 mom= conf=0
[BETA_X5] [1;36m08:23:50[0m [1;33mx5[0m [1;36m#495[0m SKIP tension=[1;36m0.00002555[0m [0m| momentum_too_small [1;31mconf=0.0[0m
[BETA_X5] mode=OFF radar_adj=0 mom= conf=0
[BETA_X5] [1;36m08:23:59[0m [1;33mx5[0m [1;36m#496[0m SKIP tension=[1;36m0.00406872[0m [0m| momentum_too_small [1;31mconf=0.0056[0m
[BETA_X5] mode=OFF radar_adj=0 mom= conf=0
[BETA_X5] [1;36m08:24:08[0m [1;33mx5[0m [1;36m#497[0m SKIP tension=[1;36m0.00014363[0m [0m| momentum_too_small [1;31mconf=0.0002[0m
[BETA_X5] mode=OFF radar_adj=0 mom= conf=0
[BETA_X5] [1;36m08:24:16[0m [1;33mx5[0m [1;36m#498[0m SKIP tension=[1;36m0.49784354[0m [0m| wall_not_collapsed
[BETA_X5] mode=OFF radar_adj=0 mom= conf=0
[BETA_X5] [1;36mentry=08:24:29@62577.30000000[0m [1;33mx5[0m [1;36m#499[0m [1;33mSELL[0m tension=[1;31m4.44631534[0m hold=[1;36m7[0ms sec=[1;36m7[0m [0m| exit=62577.30000000 [1;32mconf=0.9621[0m [1;36mexit_time=08:24:36[0m [1;33mpnl=-0.00000000 bps=-0.00000000 pct=-0.00000000% total=2.3469200000000003[0m
[BETA_X5] mode=OFF radar_adj=0 mom= conf=0
[BETA_X5] [1;36m08:24:46[0m [1;33mx5[0m [1;36m#500[0m SKIP tension=[1;36m0.61001820[0m [0m| wall_not_collapsed
[BETA_X5] mode=OFF radar_adj=0 mom= conf=0
[BETA_X5] [1;36m08:24:55[0m [1;33mx5[0m [1;36m#501[0m SKIP tension=[1;36m0.00001114[0m [0m| momentum_too_small [1;31mconf=0.0[0m
[BETA_X5] mode=OFF radar_adj=0 mom= conf=0
[BETA_X5] [1;36m08:25:05[0m [1;33mx5[0m [1;36m#502[0m SKIP tension=[1;36m0.00000051[0m [0m| momentum_too_small [1;31mconf=0.0[0m
[BETA_X5] mode=OFF radar_adj=0 mom= conf=0
[BETA_X5] [1;36mentry=08:25:19@62571.00000000[0m [1;33mx5[0m [1;36m#503[0m [1;33mSELL[0m tension=[1;31m4.21904786[0m hold=[1;36m7[0ms sec=[1;36m7[0m [0m| exit=62571.00000000 [1;32mconf=0.973[0m [1;36mexit_time=08:25:26[0m [1;33mpnl=-0.00000000 bps=-0.00000000 pct=-0.00000000% total=2.3469200000000003[0m
[BETA_X5] mode=OFF radar_adj=0 mom= conf=0
[BETA_X5] [1;36m08:25:36[0m [1;33mx5[0m [1;36m#504[0m SKIP tension=[1;36m0.00000000[0m [0m| momentum_too_small [1;31mconf=0.3185[0m
[BETA_X5] mode=OFF radar_adj=0 mom= conf=0
[BETA_X5] [1;36m08:25:44[0m [1;33mx5[0m [1;36m#505[0m SKIP tension=[1;36m0.00000000[0m [0m| momentum_too_small [1;31mconf=0.3241[0m
[BETA_X5] mode=OFF radar_adj=0 mom= conf=0
[BETA_X5] [1;36m08:25:52[0m [1;33mx5[0m [1;36m#506[0m SKIP tension=[1;36m0.00000000[0m [0m| momentum_too_small [1;31mconf=0.3388[0m
[BETA_X5] mode=OFF radar_adj=0 mom= conf=0
[BETA_X5] [1;36m08:26:01[0m [1;33mx5[0m [1;36m#507[0m SKIP tension=[1;36m0.00001353[0m [0m| momentum_too_small [1;31mconf=0.0[0m
[BETA_X5] mode=OFF radar_adj=0 mom= conf=0
[BETA_X5] [1;36m08:26:09[0m [1;33mx5[0m [1;36m#508[0m SKIP tension=[1;33m0.99630975[0m [0m| wall_not_collapsed
[BETA_X5] mode=OFF radar_adj=0 mom= conf=0
[BETA_X5] [1;36m08:26:18[0m [1;33mx5[0m [1;36m#509[0m SKIP tension=[1;36m0.00002491[0m [0m| momentum_too_small [1;31mconf=0.0[0m
[BETA_X5] mode=OFF radar_adj=0 mom= conf=0
[BETA_X5] shockwave beta->alpha until_cycle=520
[BETA_X5] [1;33mSWARM shockwave[0m [0m| beta -> neighbor (fluid_exit_inversion)[0m
[BETA_X5] [1;36mCycle 510[0m [1;32mSOFT anomaly[0m [1;33m| pnl_abs=0.03950000 > 0.02500000[0m
[BETA_X5] [1;36mentry=08:26:31@62581.40000000[0m [1;33mx5[0m [1;36m#510[0m [1;31mSELL[0m tension=[1;32m1.22035708[0m hold=[1;36m6[0ms sec=[1;36m6[0m [0m| exit=62583.90000000 [1;32mconf=0.9411[0m [1;36mexit_time=08:26:38[0m [1;31mpnl=-0.03950000 bps=-0.39947972 pct=-0.00399480% total=2.3074200000000005[0m
[BETA_X5] mode=OFF radar_adj=0 mom= conf=0
[BETA_X5] [1;36m08:26:48[0m [1;33mx5[0m [1;36m#511[0m SKIP tension=[1;36m0.00006678[0m [0m| momentum_too_small [1;31mconf=0.0001[0m
[BETA_X5] mode=OFF radar_adj=0 mom= conf=0
[BETA_X5] [1;36m08:26:56[0m [1;33mx5[0m [1;36m#512[0m SKIP tension=[1;36m0.19630229[0m [0m| direction_unclear [1;31mconf=0.3177[0m
[BETA_X5] mode=OFF radar_adj=0 mom= conf=0
[BETA_X5] [1;36m08:27:04[0m [1;33mx5[0m [1;36m#513[0m SKIP tension=[1;36m0.00001674[0m [0m| momentum_too_small [1;31mconf=0.0[0m
[BETA_X5] mode=OFF radar_adj=0 mom= conf=0
[BETA_X5] shockwave beta->alpha until_cycle=524
[BETA_X5] [1;33mSWARM shockwave[0m [0m| beta -> neighbor (shock_inversion_stop)[0m
[BETA_X5] [1;36mCycle 514[0m [1;32mSOFT anomaly[0m [1;33m| pnl_abs=0.05070000 > 0.02500000[0m
[BETA_X5] [1;36mentry=08:27:18@62585.50000000[0m [1;33mx5[0m [1;36m#514[0m [1;31mSELL[0m tension=[1;31m6.32827510[0m hold=[1;36m6[0ms sec=[1;36m6[0m [0m| exit=62592.00000000 [1;32mconf=0.972[0m [1;36mexit_time=08:27:24[0m [1;31mpnl=-0.05070000 bps=-1.03857922 pct=-0.01038579% total=2.2567200000000005[0m
[BETA_X5] mode=OFF radar_adj=0 mom= conf=0
[BETA_X5] [1;36mCycle 515[0m [1;32mSOFT anomaly[0m [1;33m| pnl_abs=0.07800000 > 0.02500000[0m
[BETA_X5] [1;36mentry=08:27:38@62602.50000000[0m [1;33mx5[0m [1;36m#515[0m [1;32mSELL[0m tension=[1;32m1.88385191[0m hold=[1;36m8[0ms sec=[1;36m8[0m [0m| exit=62592.50000000 [1;32mconf=0.9002[0m [1;36mexit_time=08:27:46[0m [1;32mpnl=0.07800000 bps=1.59738030 pct=0.01597380% total=2.3347200000000004[0m
[BETA_X5] mode=OFF radar_adj=0 mom= conf=0
[BETA_X5] shockwave beta->alpha until_cycle=526
[BETA_X5] [1;33mSWARM shockwave[0m [0m| beta -> neighbor (fluid_exit_inversion)[0m
[BETA_X5] [1;36mCycle 516[0m [1;32mSOFT anomaly[0m [1;33m| pnl_abs=0.04992000 > 0.02500000[0m
[BETA_X5] [1;36mentry=08:28:00@62621.70000000[0m [1;33mx5[0m [1;36m#516[0m [1;31mSELL[0m tension=[1;31m4.83026170[0m hold=[1;36m7[0ms sec=[1;36m7[0m [0m| exit=62628.10000000 [1;32mconf=0.9182[0m [1;36mexit_time=08:28:08[0m [1;31mpnl=-0.04992000 bps=-1.02200994 pct=-0.01022010% total=2.2848[0m
[BETA_X5] mode=OFF radar_adj=0 mom= conf=0
[BETA_X5] [1;36m08:28:17[0m [1;33mx5[0m [1;36m#517[0m SKIP tension=[1;36m0.00088801[0m [0m| momentum_too_small [1;31mconf=0.0014[0m
[BETA_X5] mode=OFF radar_adj=0 mom= conf=0
[BETA_X5] [1;36m08:28:26[0m [1;33mx5[0m [1;36m#518[0m SKIP tension=[1;36m0.00000764[0m [0m| momentum_too_small [1;31mconf=0.0[0m
[BETA_X5] mode=OFF radar_adj=0 mom= conf=0
[BETA_X5] [1;36m08:28:35[0m [1;33mx5[0m [1;36m#519[0m SKIP tension=[1;36m0.15226106[0m [0m| direction_unclear [1;31mconf=0.253[0m
[BETA_X5] mode=OFF radar_adj=0 mom= conf=0
[BETA_X5] shockwave beta->alpha until_cycle=530
[BETA_X5] [1;33mSWARM shockwave[0m [0m| beta -> neighbor (shock_inversion_stop)[0m
[BETA_X5] [1;36mentry=08:28:49@62644.80000000[0m [1;33mx5[0m [1;36m#520[0m [1;31mSELL[0m tension=[1;32m1.30130527[0m hold=[1;36m6[0ms sec=[1;36m6[0m [0m| exit=62644.90000000 [1;32mconf=0.998[0m [1;36mexit_time=08:28:55[0m [1;31mpnl=-0.00078000 bps=-0.01596302 pct=-0.00015963% total=2.2840200000000004[0m
[BETA_X5] mode=OFF radar_adj=0 mom= conf=0
[BETA_X5] shockwave beta->alpha until_cycle=531
[BETA_X5] [1;33mSWARM shockwave[0m [0m| beta -> neighbor (fluid_exit_brake)[0m
[BETA_X5] [1;36mentry=08:29:10@62644.90000000[0m [1;33mx5[0m [1;36m#521[0m [1;31mSELL[0m tension=[1;32m1.56209487[0m hold=[1;36m7[0ms sec=[1;36m7[0m [0m| exit=62645.10000000 [1;32mconf=0.998[0m [1;36mexit_time=08:29:17[0m [1;31mpnl=-0.00156000 bps=-0.03192598 pct=-0.00031926% total=2.2824600000000004[0m
[BETA_X5] mode=OFF radar_adj=0 mom= conf=0
[BETA_X5] [1;36m08:29:27[0m [1;33mx5[0m [1;36m#522[0m SKIP tension=[1;36m0.00086563[0m [0m| momentum_too_small [1;31mconf=0.0014[0m
[BETA_X5] mode=OFF radar_adj=0 mom= conf=0
[BETA_X5] [1;36m08:29:37[0m [1;33mx5[0m [1;36m#523[0m SKIP tension=[1;36m0.00179712[0m [0m| momentum_too_small [1;31mconf=0.003[0m
[BETA_X5] mode=OFF radar_adj=0 mom= conf=0
[BETA_X5] [1;36m08:29:44[0m [1;33mx5[0m [1;36m#524[0m SKIP tension=[1;36m0.00053154[0m [0m| momentum_too_small [1;31mconf=0.0009[0m
[BETA_X5] mode=OFF radar_adj=0 mom= conf=0
[BETA_X5] [1;36m08:29:53[0m [1;33mx5[0m [1;36m#525[0m SKIP tension=[1;36m0.00000000[0m [0m| momentum_too_small [1;31mconf=0.3496[0m
[BETA_X5] mode=OFF radar_adj=0 mom= conf=0
[BETA_X5] [1;36m08:30:02[0m [1;33mx5[0m [1;36m#526[0m SKIP tension=[1;36m0.00029101[0m [0m| momentum_too_small [1;31mconf=0.0005[0m
[BETA_X5] mode=OFF radar_adj=0 mom= conf=0
[BETA_X5] [1;36m08:30:10[0m [1;33mx5[0m [1;36m#527[0m SKIP tension=[1;36m0.00053812[0m [0m| momentum_too_small [1;31mconf=0.0009[0m
[BETA_X5] mode=OFF radar_adj=0 mom= conf=0
[BETA_X5] [1;36m08:30:18[0m [1;33mx5[0m [1;36m#528[0m SKIP tension=[1;36m0.00115876[0m [0m| momentum_too_small [1;31mconf=0.0019[0m
[BETA_X5] mode=OFF radar_adj=0 mom= conf=0
[BETA_X5] [1;36m08:30:28[0m [1;33mx5[0m [1;36m#529[0m SKIP tension=[1;36m0.00055562[0m [0m| momentum_too_small [1;31mconf=0.0009[0m
[BETA_X5] mode=OFF radar_adj=0 mom= conf=0
[BETA_X5] [1;36m08:30:36[0m [1;33mx5[0m [1;36m#530[0m SKIP tension=[1;36m0.00006876[0m [0m| momentum_too_small [1;31mconf=0.0001[0m
[BETA_X5] mode=OFF radar_adj=0 mom= conf=0
[BETA_X5] [1;36m08:30:44[0m [1;33mx5[0m [1;36m#531[0m SKIP tension=[1;36m0.00004222[0m [0m| momentum_too_small [1;31mconf=0.0001[0m
[BETA_X5] mode=OFF radar_adj=0 mom= conf=0
[BETA_X5] [1;36m08:30:53[0m [1;33mx5[0m [1;36m#532[0m SKIP tension=[1;36m0.00003902[0m [0m| momentum_too_small [1;31mconf=0.0001[0m
[BETA_X5] mode=OFF radar_adj=0 mom= conf=0
[BETA_X5] [1;36m08:31:01[0m [1;33mx5[0m [1;36m#533[0m SKIP tension=[1;33m0.85176402[0m [0m| wall_not_collapsed
[BETA_X5] mode=OFF radar_adj=0 mom= conf=0
[BETA_X5] [1;36m08:31:10[0m [1;33mx5[0m [1;36m#534[0m SKIP tension=[1;36m0.00047304[0m [0m| momentum_too_small [1;31mconf=0.0007[0m
[BETA_X5] mode=OFF radar_adj=0 mom= conf=0
[BETA_X5] [1;36m08:31:19[0m [1;33mx5[0m [1;36m#535[0m SKIP tension=[1;36m0.00009724[0m [0m| momentum_too_small [1;31mconf=0.0002[0m
[BETA_X5] mode=OFF radar_adj=0 mom= conf=0
[BETA_X5] [1;36m08:31:28[0m [1;33mx5[0m [1;36m#536[0m SKIP tension=[1;36m0.00000000[0m [0m| momentum_too_small [1;31mconf=0.3221[0m
[BETA_X5] mode=OFF radar_adj=0 mom= conf=0
[BETA_X5] [1;36m08:31:36[0m [1;33mx5[0m [1;36m#537[0m SKIP tension=[1;36m0.00000000[0m [0m| momentum_too_small [1;31mconf=0.3214[0m
[BETA_X5] mode=OFF radar_adj=0 mom= conf=0
[BETA_X5] [1;36m08:31:45[0m [1;33mx5[0m [1;36m#538[0m SKIP tension=[1;36m0.00000000[0m [0m| momentum_too_small [1;31mconf=0.3252[0m
[BETA_X5] mode=OFF radar_adj=0 mom= conf=0
[BETA_X5] [1;36m08:31:54[0m [1;33mx5[0m [1;36m#539[0m SKIP tension=[1;31m2.12336850[0m [0m| tactic short vs long
[BETA_X5] mode=OFF radar_adj=0 mom= conf=0
[BETA_X5] [1;36m08:32:03[0m [1;33mx5[0m [1;36m#540[0m SKIP tension=[1;36m0.00000000[0m [0m| momentum_too_small [1;31mconf=0.3242[0m
[BETA_X5] mode=OFF radar_adj=0 mom= conf=0
[BETA_X5] [1;36m08:32:11[0m [1;33mx5[0m [1;36m#541[0m SKIP tension=[1;36m0.00003425[0m [0m| momentum_too_small [1;31mconf=0.0001[0m
[BETA_X5] mode=OFF radar_adj=0 mom= conf=0
[BETA_X5] [1;36mCycle 542[0m [1;32mSOFT anomaly[0m [1;33m| pnl_abs=0.03328000 > 0.02500000[0m
[BETA_X5] [1;36mentry=08:32:24@62645.10000000[0m [1;33mx5[0m [1;36m#542[0m [1;32mSELL[0m tension=[1;31m2.11276606[0m hold=[1;36m6[0ms sec=[1;36m6[0m [0m| exit=62642.50000000 [1;32mconf=0.9122[0m [1;36mexit_time=08:32:30[0m [1;32mpnl=0.03328000 bps=0.41503645 pct=0.00415036% total=2.3157400000000004[0m
[BETA_X5] mode=OFF radar_adj=0 mom= conf=0
[BETA_X5] [1;36m08:32:40[0m [1;33mx5[0m [1;36m#543[0m SKIP tension=[1;36m0.32562465[0m [0m| wall_not_collapsed
[BETA_X5] mode=OFF radar_adj=0 mom= conf=0
[BETA_X5] [1;36m08:32:50[0m [1;33mx5[0m [1;36m#544[0m SKIP tension=[1;36m0.00000000[0m [0m| momentum_too_small [1;31mconf=0.3081[0m
[BETA_X5] mode=OFF radar_adj=0 mom= conf=0
[BETA_X5] [1;36m08:32:58[0m [1;33mx5[0m [1;36m#545[0m SKIP tension=[1;36m0.00002584[0m [0m| momentum_too_small [1;31mconf=0.0[0m
[BETA_X5] mode=OFF radar_adj=0 mom= conf=0
[BETA_X5] [1;36m08:33:06[0m [1;33mx5[0m [1;36m#546[0m SKIP tension=[1;36m0.32565152[0m [0m| wall_not_collapsed
[BETA_X5] mode=OFF radar_adj=0 mom= conf=0
[BETA_X5] [1;36m08:33:16[0m [1;33mx5[0m [1;36m#547[0m SKIP tension=[1;36m0.00017044[0m [0m| momentum_too_small [1;31mconf=0.0002[0m
[BETA_X5] mode=OFF radar_adj=0 mom= conf=0
[BETA_X5] [1;36m08:33:25[0m [1;33mx5[0m [1;36m#548[0m SKIP tension=[1;36m0.00003782[0m [0m| momentum_too_small [1;31mconf=0.0001[0m
[BETA_X5] mode=OFF radar_adj=0 mom= conf=0
[BETA_X5] [1;36m08:33:34[0m [1;33mx5[0m [1;36m#549[0m SKIP tension=[1;36m0.00014658[0m [0m| momentum_too_small [1;31mconf=0.0002[0m
[BETA_X5] mode=OFF radar_adj=0 mom= conf=0
[BETA_X5] [1;36m08:33:42[0m [1;33mx5[0m [1;36m#550[0m SKIP tension=[1;36m0.00000000[0m [0m| momentum_too_small [1;31mconf=0.3315[0m
[BETA_X5] mode=OFF radar_adj=0 mom= conf=0
[BETA_X5] [1;36m08:33:51[0m [1;33mx5[0m [1;36m#551[0m SKIP tension=[1;36m0.00000000[0m [0m| momentum_too_small [1;31mconf=0.3406[0m
[BETA_X5] mode=OFF radar_adj=0 mom= conf=0
[BETA_X5] [1;36m08:33:59[0m [1;33mx5[0m [1;36m#552[0m SKIP tension=[1;36m0.00000000[0m [0m| momentum_too_small [1;31mconf=0.3406[0m
[BETA_X5] mode=OFF radar_adj=0 mom= conf=0
[BETA_X5] [1;36m08:34:07[0m [1;33mx5[0m [1;36m#553[0m SKIP tension=[1;36m0.00001096[0m [0m| momentum_too_small [1;31mconf=0.0[0m
[BETA_X5] mode=OFF radar_adj=0 mom= conf=0
[BETA_X5] [1;36m08:34:15[0m [1;33mx5[0m [1;36m#554[0m SKIP tension=[1;36m0.27290606[0m [0m| wall_not_collapsed
[BETA_X5] mode=OFF radar_adj=0 mom= conf=0
[BETA_X5] [1;36mentry=08:34:30@62636.30000000[0m [1;33mx5[0m [1;36m#555[0m [1;33mSELL[0m tension=[1;31m5.92800566[0m hold=[1;36m7[0ms sec=[1;36m7[0m [0m| exit=62636.30000000 [1;32mconf=0.9332[0m [1;36mexit_time=08:34:37[0m [1;33mpnl=-0.00000000 bps=-0.00000000 pct=-0.00000000% total=2.3157400000000004[0m
[BETA_X5] mode=OFF radar_adj=0 mom= conf=0
[BETA_X5] [1;36mCycle 556[0m [1;32mSOFT anomaly[0m [1;33m| pnl_abs=0.05772000 > 0.02500000[0m
[BETA_X5] [1;36mentry=08:34:51@62635.90000000[0m [1;33mx5[0m [1;36m#556[0m [1;32mSELL[0m tension=[1;31m5.92803775[0m hold=[1;36m11[0ms sec=[1;36m11[0m [0m| exit=62628.50000000 [1;32mconf=0.9332[0m [1;36mexit_time=08:35:02[0m [1;32mpnl=0.05772000 bps=1.18143110 pct=0.01181431% total=2.3734600000000006[0m
[BETA_X5] mode=OFF radar_adj=0 mom= conf=0
[BETA_X5] [1;36m08:35:13[0m [1;33mx5[0m [1;36m#557[0m SKIP tension=[1;36m0.00000000[0m [0m| momentum_too_small [1;31mconf=0.3266[0m
[BETA_X5] mode=OFF radar_adj=0 mom= conf=0
[BETA_X5] [1;36m08:35:22[0m [1;33mx5[0m [1;36m#558[0m SKIP tension=[1;36m0.00012283[0m [0m| momentum_too_small [1;31mconf=0.0002[0m
[BETA_X5] mode=OFF radar_adj=0 mom= conf=0
[BETA_X5] [1;36m08:35:31[0m [1;33mx5[0m [1;36m#559[0m SKIP tension=[1;36m0.00006836[0m [0m| momentum_too_small [1;31mconf=0.0001[0m
[BETA_X5] mode=OFF radar_adj=0 mom= conf=0
[BETA_X5] [1;36m08:35:40[0m [1;33mx5[0m [1;36m#560[0m SKIP tension=[1;36m0.00000000[0m [0m| momentum_too_small [1;31mconf=0.335[0m
[BETA_X5] mode=OFF radar_adj=0 mom= conf=0
[BETA_X5] [1;36m08:35:49[0m [1;33mx5[0m [1;36m#561[0m SKIP tension=[1;36m0.00037616[0m [0m| momentum_too_small [1;31mconf=0.0006[0m
[BETA_X5] mode=OFF radar_adj=0 mom= conf=0
[BETA_X5] [1;36m08:35:57[0m [1;33mx5[0m [1;36m#562[0m SKIP tension=[1;36m0.00330560[0m [0m| momentum_too_small [1;31mconf=0.0049[0m
[BETA_X5] mode=OFF radar_adj=0 mom= conf=0
[BETA_X5] [1;36m08:36:06[0m [1;33mx5[0m [1;36m#563[0m SKIP tension=[1;36m0.00012008[0m [0m| momentum_too_small [1;31mconf=0.0002[0m
[BETA_X5] mode=OFF radar_adj=0 mom= conf=0
[BETA_X5] [1;36m08:36:14[0m [1;33mx5[0m [1;36m#564[0m SKIP tension=[1;36m0.00000041[0m [0m| momentum_too_small [1;31mconf=0.0[0m
[BETA_X5] mode=OFF radar_adj=0 mom= conf=0
[BETA_X5] [1;36m08:36:22[0m [1;33mx5[0m [1;36m#565[0m SKIP tension=[1;36m0.00000000[0m [0m| momentum_too_small [1;31mconf=0.3252[0m
[BETA_X5] mode=OFF radar_adj=0 mom= conf=0
[BETA_X5] [1;36m08:36:31[0m [1;33mx5[0m [1;36m#566[0m SKIP tension=[1;36m0.00000000[0m [0m| momentum_too_small [1;31mconf=0.3284[0m
[BETA_X5] mode=OFF radar_adj=0 mom= conf=0
[BETA_X5] [1;36m08:36:39[0m [1;33mx5[0m [1;36m#567[0m SKIP tension=[1;36m0.00000000[0m [0m| momentum_too_small [1;31mconf=0.3409[0m
[BETA_X5] mode=OFF radar_adj=0 mom= conf=0
[BETA_X5] [1;36m08:36:48[0m [1;33mx5[0m [1;36m#568[0m SKIP tension=[1;36m0.00011423[0m [0m| momentum_too_small [1;31mconf=0.0002[0m
[BETA_X5] mode=OFF radar_adj=0 mom= conf=0
[BETA_X5] [1;36m08:36:56[0m [1;33mx5[0m [1;36m#569[0m SKIP tension=[1;36m0.00002755[0m [0m| momentum_too_small [1;31mconf=0.0[0m
[BETA_X5] mode=OFF radar_adj=0 mom= conf=0
[BETA_X5] [1;36m08:37:05[0m [1;33mx5[0m [1;36m#570[0m SKIP tension=[1;36m0.00537226[0m [0m| momentum_too_small [1;31mconf=0.0087[0m
[BETA_X5] mode=OFF radar_adj=0 mom= conf=0
[BETA_X5] [1;36m08:37:13[0m [1;33mx5[0m [1;36m#571[0m SKIP tension=[1;36m0.36563114[0m [0m| wall_not_collapsed
[BETA_X5] mode=OFF radar_adj=0 mom= conf=0
[BETA_X5] [1;36m08:37:21[0m [1;33mx5[0m [1;36m#572[0m SKIP tension=[1;36m0.00002575[0m [0m| momentum_too_small [1;31mconf=0.0[0m
[BETA_X5] mode=OFF radar_adj=0 mom= conf=0
[BETA_X5] [1;36m08:37:30[0m [1;33mx5[0m [1;36m#573[0m SKIP tension=[1;36m0.00000000[0m [0m| momentum_too_small [1;31mconf=0.335[0m
[BETA_X5] mode=OFF radar_adj=0 mom= conf=0
[BETA_X5] [1;36m08:37:39[0m [1;33mx5[0m [1;36m#574[0m SKIP tension=[1;36m0.05569040[0m [0m| direction_unclear [1;31mconf=0.0891[0m
[BETA_X5] mode=OFF radar_adj=0 mom= conf=0
[BETA_X5] [1;36m08:37:49[0m [1;33mx5[0m [1;36m#575[0m SKIP tension=[1;36m0.00003856[0m [0m| momentum_too_small [1;31mconf=0.0001[0m
[BETA_X5] mode=OFF radar_adj=0 mom= conf=0
[BETA_X5] [1;36m08:37:59[0m [1;33mx5[0m [1;36m#576[0m SKIP tension=[1;36m0.00000458[0m [0m| momentum_too_small [1;31mconf=0.0[0m
[BETA_X5] mode=OFF radar_adj=0 mom= conf=0
[BETA_X5] [1;36m08:38:08[0m [1;33mx5[0m [1;36m#577[0m SKIP tension=[1;36m0.00003573[0m [0m| momentum_too_small [1;31mconf=0.0001[0m
[BETA_X5] mode=OFF radar_adj=0 mom= conf=0
[BETA_X5] [1;36m08:38:16[0m [1;33mx5[0m [1;36m#578[0m SKIP tension=[1;36m0.00002648[0m [0m| momentum_too_small [1;31mconf=0.0[0m
[BETA_X5] mode=OFF radar_adj=0 mom= conf=0
[BETA_X5] [1;36m08:38:24[0m [1;33mx5[0m [1;36m#579[0m SKIP tension=[1;36m0.00184568[0m [0m| momentum_too_small [1;31mconf=0.0027[0m
[BETA_X5] mode=OFF radar_adj=0 mom= conf=0
[BETA_X5] [1;36m08:38:32[0m [1;33mx5[0m [1;36m#580[0m SKIP tension=[1;36m0.00000000[0m [0m| momentum_too_small [1;31mconf=0.2956[0m
[BETA_X5] mode=OFF radar_adj=0 mom= conf=0
[BETA_X5] [1;36m08:38:42[0m [1;33mx5[0m [1;36m#581[0m SKIP tension=[1;36m0.00000000[0m [0m| momentum_too_small [1;31mconf=0.2956[0m
[BETA_X5] mode=OFF radar_adj=0 mom= conf=0
[BETA_X5] [1;36m08:38:50[0m [1;33mx5[0m [1;36m#582[0m SKIP tension=[1;36m0.00349716[0m [0m| momentum_too_small [1;31mconf=0.0056[0m
[BETA_X5] mode=OFF radar_adj=0 mom= conf=0
[BETA_X5] [1;36m08:38:59[0m [1;33mx5[0m [1;36m#583[0m SKIP tension=[1;36m0.00000000[0m [0m| momentum_too_small [1;31mconf=0.3374[0m
[BETA_X5] mode=OFF radar_adj=0 mom= conf=0
[BETA_X5] [1;36m08:39:07[0m [1;33mx5[0m [1;36m#584[0m SKIP tension=[1;36m0.00893626[0m [0m| momentum_too_small [1;31mconf=0.0144[0m
[BETA_X5] mode=OFF radar_adj=0 mom= conf=0
[BETA_X5] [1;36m08:39:15[0m [1;33mx5[0m [1;36m#585[0m SKIP tension=[1;36m0.00184355[0m [0m| momentum_too_small [1;31mconf=0.003[0m
[BETA_X5] mode=OFF radar_adj=0 mom= conf=0
[BETA_X5] [1;36m08:39:24[0m [1;33mx5[0m [1;36m#586[0m SKIP tension=[1;36m0.00025886[0m [0m| momentum_too_small [1;31mconf=0.0004[0m
[BETA_X5] mode=OFF radar_adj=0 mom= conf=0
[BETA_X5] [1;36m08:39:34[0m [1;33mx5[0m [1;36m#587[0m SKIP tension=[1;36m0.00631125[0m [0m| momentum_too_small [1;31mconf=0.0101[0m
[BETA_X5] mode=OFF radar_adj=0 mom= conf=0
[BETA_X5] [1;36m08:39:42[0m [1;33mx5[0m [1;36m#588[0m SKIP tension=[1;36m0.00002774[0m [0m| momentum_too_small [1;31mconf=0.0[0m
[BETA_X5] mode=OFF radar_adj=0 mom= conf=0
[BETA_X5] [1;36m08:39:52[0m [1;33mx5[0m [1;36m#589[0m SKIP tension=[1;36m0.00084776[0m [0m| momentum_too_small [1;31mconf=0.0014[0m
[BETA_X5] mode=OFF radar_adj=0 mom= conf=0
[BETA_X5] [1;36m08:40:01[0m [1;33mx5[0m [1;36m#590[0m SKIP tension=[1;36m0.00003330[0m [0m| momentum_too_small [1;31mconf=0.0001[0m
[BETA_X5] mode=OFF radar_adj=0 mom= conf=0
[BETA_X5] [1;36m08:40:09[0m [1;33mx5[0m [1;36m#591[0m SKIP tension=[1;36m0.00010309[0m [0m| momentum_too_small [1;31mconf=0.0002[0m
[BETA_X5] mode=OFF radar_adj=0 mom= conf=0
[BETA_X5] [1;36m08:40:18[0m [1;33mx5[0m [1;36m#592[0m SKIP tension=[1;36m0.00256692[0m [0m| momentum_too_small [1;31mconf=0.0042[0m
[BETA_X5] mode=OFF radar_adj=0 mom= conf=0
[BETA_X5] [1;36m08:40:26[0m [1;33mx5[0m [1;36m#593[0m SKIP tension=[1;36m0.00000000[0m [0m| momentum_too_small [1;31mconf=0.3374[0m
[BETA_X5] mode=OFF radar_adj=0 mom= conf=0
[BETA_X5] [1;36m08:40:34[0m [1;33mx5[0m [1;36m#594[0m SKIP tension=[1;36m0.00001661[0m [0m| momentum_too_small [1;31mconf=0.0[0m
[BETA_X5] mode=OFF radar_adj=0 mom= conf=0
[BETA_X5] [1;36mCycle 595[0m [1;32mSOFT anomaly[0m [1;33m| pnl_abs=0.02808000 > 0.02500000[0m
[BETA_X5] [1;36mentry=08:40:49@62716.30000000[0m [1;33mx5[0m [1;36m#595[0m [1;32mSELL[0m tension=[1;32m1.61912002[0m hold=[1;36m7[0ms sec=[1;36m7[0m [0m| exit=62712.70000000 [1;32mconf=0.9641[0m [1;36mexit_time=08:40:56[0m [1;32mpnl=0.02808000 bps=0.57401345 pct=0.00574013% total=2.4015400000000007[0m
[BETA_X5] mode=OFF radar_adj=0 mom= conf=0
[BETA_X5] [1;36m08:41:06[0m [1;33mx5[0m [1;36m#596[0m SKIP tension=[1;36m0.00021820[0m [0m| momentum_too_small [1;31mconf=0.0004[0m
[BETA_X5] mode=OFF radar_adj=0 mom= conf=0
[BETA_X5] [1;36m08:41:14[0m [1;33mx5[0m [1;36m#597[0m SKIP tension=[1;36m0.00004166[0m [0m| momentum_too_small [1;31mconf=0.0001[0m
[BETA_X5] mode=OFF radar_adj=0 mom= conf=0
[BETA_X5] [1;36m08:41:23[0m [1;33mx5[0m [1;36m#598[0m SKIP tension=[1;36m0.00004940[0m [0m| momentum_too_small [1;31mconf=0.0001[0m
[BETA_X5] mode=OFF radar_adj=0 mom= conf=0
[BETA_X5] [1;36m08:41:33[0m [1;33mx5[0m [1;36m#599[0m SKIP tension=[1;36m0.00826690[0m [0m| momentum_too_small [1;31mconf=0.0133[0m
[BETA_X5] mode=OFF radar_adj=0 mom= conf=0
[BETA_X5] [1;36m08:41:41[0m [1;33mx5[0m [1;36m#600[0m SKIP tension=[1;36m0.00348943[0m [0m| momentum_too_small [1;31mconf=0.0056[0m
[BETA_X5] mode=OFF radar_adj=0 mom= conf=0
[BETA_X5] [1;36m08:41:50[0m [1;33mx5[0m [1;36m#601[0m SKIP tension=[1;36m0.00000000[0m [0m| momentum_too_small [1;31mconf=0.3371[0m
[BETA_X5] mode=OFF radar_adj=0 mom= conf=0
[BETA_X5] [1;36m08:41:59[0m [1;33mx5[0m [1;36m#602[0m SKIP tension=[1;36m0.00878384[0m [0m| momentum_too_small [1;31mconf=0.0141[0m
[BETA_X5] mode=OFF radar_adj=0 mom= conf=0
[BETA_X5] [1;36m08:42:08[0m [1;33mx5[0m [1;36m#603[0m SKIP tension=[1;36m0.04120249[0m [0m| direction_unclear [1;31mconf=0.0661[0m
[BETA_X5] mode=OFF radar_adj=0 mom= conf=0
[BETA_X5] [1;36mentry=08:42:23@62716.40000000[0m [1;33mx5[0m [1;36m#604[0m [1;33mSELL[0m tension=[1;31m3.51499365[0m hold=[1;36m6[0ms sec=[1;36m6[0m [0m| exit=62716.40000000 [1;32mconf=0.9631[0m [1;36mexit_time=08:42:29[0m [1;33mpnl=-0.00000000 bps=-0.00000000 pct=-0.00000000% total=2.4015400000000007[0m
[BETA_X5] mode=OFF radar_adj=0 mom= conf=0
[BETA_X5] shockwave beta->alpha until_cycle=615
[BETA_X5] [1;33mSWARM shockwave[0m [0m| beta -> neighbor (fluid_exit_inversion)[0m
[BETA_X5] [1;36mCycle 605[0m [1;32mSOFT anomaly[0m [1;33m| pnl_abs=0.03042000 > 0.02500000[0m
[BETA_X5] [1;36mentry=08:42:46@62712.50000000[0m [1;33mx5[0m [1;36m#605[0m [1;31mSELL[0m tension=[1;31m2.21380799[0m hold=[1;36m8[0ms sec=[1;36m8[0m [0m| exit=62716.40000000 [1;32mconf=0.9552[0m [1;36mexit_time=08:42:54[0m [1;31mpnl=-0.03042000 bps=-0.62188559 pct=-0.00621886% total=2.371120000000001[0m
[BETA_X5] mode=OFF radar_adj=0 mom= conf=0
[BETA_X5] [1;36m08:43:05[0m [1;33mx5[0m [1;36m#606[0m SKIP tension=[1;36m0.00010409[0m [0m| momentum_too_small [1;31mconf=0.0002[0m
[BETA_X5] mode=OFF radar_adj=0 mom= conf=0
[BETA_X5] [1;36m08:43:13[0m [1;33mx5[0m [1;36m#607[0m SKIP tension=[1;36m0.00008096[0m [0m| momentum_too_small [1;31mconf=0.0001[0m
[BETA_X5] mode=OFF radar_adj=0 mom= conf=0
[BETA_X5] [1;36m08:43:22[0m [1;33mx5[0m [1;36m#608[0m SKIP tension=[1;36m0.00754545[0m [0m| momentum_too_small [1;31mconf=0.0119[0m
[BETA_X5] mode=OFF radar_adj=0 mom= conf=0
[BETA_X5] [1;36m08:43:34[0m [1;33mx5[0m [1;36m#609[0m SKIP tension=[1;36m0.00009253[0m [0m| momentum_too_small [1;31mconf=0.0001[0m
[BETA_X5] mode=OFF radar_adj=0 mom= conf=0
[BETA_X5] [1;36m08:43:42[0m [1;33mx5[0m [1;36m#610[0m SKIP tension=[1;36m0.01320766[0m [0m| direction_unclear [1;31mconf=0.0209[0m
[BETA_X5] mode=OFF radar_adj=0 mom= conf=0
[BETA_X5] [1;36m08:43:52[0m [1;33mx5[0m [1;36m#611[0m SKIP tension=[1;36m0.00018378[0m [0m| momentum_too_small [1;31mconf=0.0003[0m
[BETA_X5] mode=OFF radar_adj=0 mom= conf=0
[BETA_X5] [1;36m08:44:01[0m [1;33mx5[0m [1;36m#612[0m SKIP tension=[1;36m0.00003770[0m [0m| momentum_too_small [1;31mconf=0.0001[0m
[BETA_X5] mode=OFF radar_adj=0 mom= conf=0
[BETA_X5] [1;36m08:44:12[0m [1;33mx5[0m [1;36m#613[0m SKIP tension=[1;36m0.00004241[0m [0m| momentum_too_small [1;31mconf=0.0001[0m
[BETA_X5] mode=OFF radar_adj=0 mom= conf=0
[BETA_X5] [1;36m08:44:21[0m [1;33mx5[0m [1;36m#614[0m SKIP tension=[1;36m0.00062204[0m [0m| momentum_too_small [1;31mconf=0.001[0m
[BETA_X5] mode=OFF radar_adj=0 mom= conf=0
[BETA_X5] [1;36m08:44:29[0m [1;33mx5[0m [1;36m#615[0m SKIP tension=[1;36m0.00267830[0m [0m| momentum_too_small [1;31mconf=0.0042[0m
[BETA_X5] mode=OFF radar_adj=0 mom= conf=0
[BETA_X5] [1;36m08:44:38[0m [1;33mx5[0m [1;36m#616[0m SKIP tension=[1;36m0.00015720[0m [0m| momentum_too_small [1;31mconf=0.0002[0m
[BETA_X5] mode=OFF radar_adj=0 mom= conf=0
[BETA_X5] [1;36m08:44:48[0m [1;33mx5[0m [1;36m#617[0m SKIP tension=[1;36m0.00413005[0m [0m| momentum_too_small [1;31mconf=0.0065[0m
[BETA_X5] mode=OFF radar_adj=0 mom= conf=0
[BETA_X5] [1;36m08:44:58[0m [1;33mx5[0m [1;36m#618[0m SKIP tension=[1;36m0.00003806[0m [0m| momentum_too_small [1;31mconf=0.0001[0m
[BETA_X5] mode=OFF radar_adj=0 mom= conf=0
[BETA_X5] [1;36m08:45:07[0m [1;33mx5[0m [1;36m#619[0m SKIP tension=[1;36m0.00314146[0m [0m| momentum_too_small [1;31mconf=0.005[0m
[BETA_X5] mode=OFF radar_adj=0 mom= conf=0
[BETA_X5] [1;36m08:45:16[0m [1;33mx5[0m [1;36m#620[0m SKIP tension=[1;36m0.01138103[0m [0m| direction_unclear [1;31mconf=0.018[0m
[BETA_X5] mode=OFF radar_adj=0 mom= conf=0
[BETA_X5] [1;36m08:45:25[0m [1;33mx5[0m [1;36m#621[0m SKIP tension=[1;36m0.00061953[0m [0m| momentum_too_small [1;31mconf=0.001[0m
[BETA_X5] mode=OFF radar_adj=0 mom= conf=0
[BETA_X5] [1;36m08:45:34[0m [1;33mx5[0m [1;36m#622[0m SKIP tension=[1;36m0.00001663[0m [0m| momentum_too_small [1;31mconf=0.0[0m
[BETA_X5] mode=OFF radar_adj=0 mom= conf=0
[BETA_X5] [1;36m08:45:42[0m [1;33mx5[0m [1;36m#623[0m SKIP tension=[1;36m0.00005986[0m [0m| momentum_too_small [1;31mconf=0.0001[0m
[BETA_X5] mode=OFF radar_adj=0 mom= conf=0
[BETA_X5] [1;36m08:45:51[0m [1;33mx5[0m [1;36m#624[0m SKIP tension=[1;36m0.00003991[0m [0m| momentum_too_small [1;31mconf=0.0001[0m
[BETA_X5] mode=OFF radar_adj=0 mom= conf=0
[BETA_X5] [1;36m08:45:59[0m [1;33mx5[0m [1;36m#625[0m SKIP tension=[1;36m0.00000000[0m [0m| momentum_too_small [1;31mconf=0.3326[0m
[BETA_X5] mode=OFF radar_adj=0 mom= conf=0
[BETA_X5] [1;36m08:46:08[0m [1;33mx5[0m [1;36m#626[0m SKIP tension=[1;36m0.06648837[0m [0m| direction_unclear [1;31mconf=0.1053[0m
[BETA_X5] mode=OFF radar_adj=0 mom= conf=0
[BETA_X5] [1;36m08:46:16[0m [1;33mx5[0m [1;36m#627[0m SKIP tension=[1;36m0.00131654[0m [0m| momentum_too_small [1;31mconf=0.0021[0m
[BETA_X5] mode=OFF radar_adj=0 mom= conf=0
[BETA_X5] [1;36m08:46:24[0m [1;33mx5[0m [1;36m#628[0m SKIP tension=[1;36m0.00045191[0m [0m| momentum_too_small [1;31mconf=0.0007[0m
[BETA_X5] mode=OFF radar_adj=0 mom= conf=0
[BETA_X5] [1;36m08:46:33[0m [1;33mx5[0m [1;36m#629[0m SKIP tension=[1;36m0.00010812[0m [0m| momentum_too_small [1;31mconf=0.0002[0m
[BETA_X5] mode=OFF radar_adj=0 mom= conf=0
[BETA_X5] [1;36m08:46:42[0m [1;33mx5[0m [1;36m#630[0m SKIP tension=[1;36m0.00113242[0m [0m| momentum_too_small [1;31mconf=0.0018[0m
[BETA_X5] mode=OFF radar_adj=0 mom= conf=0
[BETA_X5] [1;36m08:46:51[0m [1;33mx5[0m [1;36m#631[0m SKIP tension=[1;36m0.00029363[0m [0m| momentum_too_small [1;31mconf=0.0005[0m
[BETA_X5] mode=OFF radar_adj=0 mom= conf=0
[BETA_X5] [1;36m08:46:59[0m [1;33mx5[0m [1;36m#632[0m SKIP tension=[1;36m0.00003188[0m [0m| momentum_too_small [1;31mconf=0.0001[0m
[BETA_X5] mode=OFF radar_adj=0 mom= conf=0
[BETA_X5] [1;36m08:47:08[0m [1;33mx5[0m [1;36m#633[0m SKIP tension=[1;36m0.00007719[0m [0m| momentum_too_small [1;31mconf=0.0001[0m
[BETA_X5] mode=OFF radar_adj=0 mom= conf=0
[BETA_X5] [1;36m08:47:16[0m [1;33mx5[0m [1;36m#634[0m SKIP tension=[1;36m0.00008894[0m [0m| momentum_too_small [1;31mconf=0.0001[0m
[BETA_X5] mode=OFF radar_adj=0 mom= conf=0
[BETA_X5] shockwave beta->alpha until_cycle=645
[BETA_X5] [1;33mSWARM shockwave[0m [0m| beta -> neighbor (fluid_exit_brake)[0m
[BETA_X5] [1;36mCycle 635[0m [1;32mSOFT anomaly[0m [1;33m| pnl_abs=0.02964000 > 0.02500000[0m
[BETA_X5] [1;36mentry=08:47:31@62716.40000000[0m [1;33mx5[0m [1;36m#635[0m [1;31mSELL[0m tension=[1;32m1.90891332[0m hold=[1;36m8[0ms sec=[1;36m8[0m [0m| exit=62720.20000000 [1;32mconf=0.999[0m [1;36mexit_time=08:47:39[0m [1;31mpnl=-0.02964000 bps=-0.60590212 pct=-0.00605902% total=2.3414800000000007[0m
[BETA_X5] mode=OFF radar_adj=0 mom= conf=0
[BETA_X5] [1;36m08:47:49[0m [1;33mx5[0m [1;36m#636[0m SKIP tension=[1;36m0.00000000[0m [0m| momentum_too_small [1;31mconf=0.3497[0m
[BETA_X5] mode=OFF radar_adj=0 mom= conf=0
[BETA_X5] [1;36m08:47:57[0m [1;33mx5[0m [1;36m#637[0m SKIP tension=[1;36m0.00000000[0m [0m| momentum_too_small [1;31mconf=0.3497[0m
[BETA_X5] mode=OFF radar_adj=0 mom= conf=0
[BETA_X5] [1;36m08:48:06[0m [1;33mx5[0m [1;36m#638[0m SKIP tension=[1;36m0.00029317[0m [0m| momentum_too_small [1;31mconf=0.0005[0m
[BETA_X5] mode=OFF radar_adj=0 mom= conf=0
[BETA_X5] [1;36m08:48:14[0m [1;33mx5[0m [1;36m#639[0m SKIP tension=[1;36m0.00001692[0m [0m| momentum_too_small [1;31mconf=0.0[0m
[BETA_X5] mode=OFF radar_adj=0 mom= conf=0
[BETA_X5] [1;36m08:48:23[0m [1;33mx5[0m [1;36m#640[0m SKIP tension=[1;36m0.25386428[0m [0m| wall_not_collapsed
[BETA_X5] mode=OFF radar_adj=0 mom= conf=0
[BETA_X5] [1;36m08:48:31[0m [1;33mx5[0m [1;36m#641[0m SKIP tension=[1;36m0.00007945[0m [0m| momentum_too_small [1;31mconf=0.0001[0m
[BETA_X5] mode=OFF radar_adj=0 mom= conf=0
[BETA_X5] [1;36m08:48:40[0m [1;33mx5[0m [1;36m#642[0m SKIP tension=[1;36m0.00024984[0m [0m| momentum_too_small [1;31mconf=0.0004[0m
[BETA_X5] mode=OFF radar_adj=0 mom= conf=0
[BETA_X5] [1;36m08:48:48[0m [1;33mx5[0m [1;36m#643[0m SKIP tension=[1;36m0.00004707[0m [0m| momentum_too_small [1;31mconf=0.0001[0m
[BETA_X5] mode=OFF radar_adj=0 mom= conf=0
[BETA_X5] [1;36mCycle 644[0m [1;32mSOFT anomaly[0m [1;33m| pnl_abs=0.06006000 > 0.02500000[0m
[BETA_X5] [1;36mentry=08:49:01@62714.50000000[0m [1;33mx5[0m [1;36m#644[0m [1;32mSELL[0m tension=[1;31m10.76630211[0m hold=[1;36m7[0ms sec=[1;36m7[0m [0m| exit=62706.80000000 [1;32mconf=0.9562[0m [1;36mexit_time=08:49:09[0m [1;32mpnl=0.06006000 bps=1.22778624 pct=0.01227786% total=2.4015400000000007[0m
[BETA_X5] mode=OFF radar_adj=0 mom= conf=0
[BETA_X5] [1;36m08:49:18[0m [1;33mx5[0m [1;36m#645[0m SKIP tension=[1;36m0.00000000[0m [0m| momentum_too_small [1;31mconf=0.304[0m
[BETA_X5] mode=OFF radar_adj=0 mom= conf=0
[BETA_X5] [1;36m08:49:26[0m [1;33mx5[0m [1;36m#646[0m SKIP tension=[1;33m0.95370510[0m [0m| wall_not_collapsed
[BETA_X5] mode=OFF radar_adj=0 mom= conf=0
[BETA_X5] [1;36mCycle 647[0m [1;32mSOFT anomaly[0m [1;33m| pnl_abs=0.03120000 > 0.02500000[0m
[BETA_X5] [1;36mentry=08:49:39@62720.30000000[0m [1;33mx5[0m [1;36m#647[0m [1;32mSELL[0m tension=[1;32m1.30899003[0m hold=[1;36m8[0ms sec=[1;36m8[0m [0m| exit=62716.30000000 [1;33mconf=0.7469[0m [1;36mexit_time=08:49:47[0m [1;32mpnl=0.03120000 bps=0.63775205 pct=0.00637752% total=2.432740000000001[0m
[BETA_X5] mode=OFF radar_adj=0 mom= conf=0
[BETA_X5] [1;36m08:49:58[0m [1;33mx5[0m [1;36m#648[0m SKIP tension=[1;36m0.00000000[0m [0m| momentum_too_small [1;31mconf=0.349[0m
[BETA_X5] mode=OFF radar_adj=0 mom= conf=0
[BETA_X5] [1;36m08:50:07[0m [1;33mx5[0m [1;36m#649[0m SKIP tension=[1;36m0.00000000[0m [0m| momentum_too_small [1;31mconf=0.349[0m
[BETA_X5] mode=OFF radar_adj=0 mom= conf=0
[BETA_X5] [1;36m08:50:15[0m [1;33mx5[0m [1;36m#650[0m SKIP tension=[1;36m0.00000000[0m [0m| momentum_too_small [1;31mconf=0.349[0m
[BETA_X5] mode=OFF radar_adj=0 mom= conf=0
[BETA_X5] [1;36m08:50:25[0m [1;33mx5[0m [1;36m#651[0m SKIP tension=[1;36m0.00000000[0m [0m| momentum_too_small [1;31mconf=0.349[0m
[BETA_X5] mode=OFF radar_adj=0 mom= conf=0
[BETA_X5] [1;36m08:50:34[0m [1;33mx5[0m [1;36m#652[0m SKIP tension=[1;36m0.00023602[0m [0m| momentum_too_small [1;31mconf=0.0004[0m
[BETA_X5] mode=OFF radar_adj=0 mom= conf=0
[BETA_X5] [1;36m08:50:43[0m [1;33mx5[0m [1;36m#653[0m SKIP tension=[1;36m0.00009350[0m [0m| momentum_too_small [1;31mconf=0.0002[0m
[BETA_X5] mode=OFF radar_adj=0 mom= conf=0
[BETA_X5] [1;36m08:50:53[0m [1;33mx5[0m [1;36m#654[0m SKIP tension=[1;36m0.00000000[0m [0m| momentum_too_small [1;31mconf=0.349[0m
[BETA_X5] mode=OFF radar_adj=0 mom= conf=0
[BETA_X5] [1;36m08:51:01[0m [1;33mx5[0m [1;36m#655[0m SKIP tension=[1;36m0.52817101[0m [0m| wall_not_collapsed
[BETA_X5] mode=OFF radar_adj=0 mom= conf=0
[BETA_X5] [1;36m08:51:09[0m [1;33mx5[0m [1;36m#656[0m SKIP tension=[1;36m0.62865403[0m [0m| wall_not_collapsed
[BETA_X5] mode=OFF radar_adj=0 mom= conf=0
[BETA_X5] [1;36mentry=08:51:22@62691.50000000[0m [1;33mx5[0m [1;36m#657[0m [1;32mSELL[0m tension=[1;31m3.87352311[0m hold=[1;36m6[0ms sec=[1;36m6[0m [0m| exit=62688.80000000 [1;32mconf=0.9731[0m [1;36mexit_time=08:51:29[0m [1;32mpnl=0.02106000 bps=0.43068040 pct=0.00430680% total=2.4538000000000006[0m
[BETA_X5] mode=OFF radar_adj=0 mom= conf=0
[BETA_X5] [1;36m08:51:41[0m [1;33mx5[0m [1;36m#658[0m SKIP tension=[1;36m0.00032249[0m [0m| momentum_too_small [1;31mconf=0.0005[0m
[BETA_X5] mode=OFF radar_adj=0 mom= conf=0
[BETA_X5] [1;36mCycle 659[0m [1;32mSOFT anomaly[0m [1;33m| pnl_abs=0.10296000 > 0.02500000[0m
[BETA_X5] [1;36mentry=08:51:54@62686.90000000[0m [1;33mx5[0m [1;36m#659[0m [1;32mSELL[0m tension=[1;31m6.05408895[0m hold=[1;36m6[0ms sec=[1;36m6[0m [0m| exit=62673.70000000 [1;32mconf=0.9003[0m [1;36mexit_time=08:52:01[0m [1;32mpnl=0.10296000 bps=2.10570311 pct=0.02105703% total=2.5567600000000006[0m
[BETA_X5] mode=OFF radar_adj=0 mom= conf=0
[BETA_X5] [1;36m08:52:10[0m [1;33mx5[0m [1;36m#660[0m SKIP tension=[1;36m0.00011808[0m [0m| momentum_too_small [1;31mconf=0.0002[0m
[BETA_X5] mode=OFF radar_adj=0 mom= conf=0
[BETA_X5] [1;36mentry=08:52:23@62673.30000000[0m [1;33mx5[0m [1;36m#661[0m [1;32mSELL[0m tension=[1;32m1.42629840[0m hold=[1;36m6[0ms sec=[1;36m6[0m [0m| exit=62673.10000000 [1;32mconf=0.9801[0m [1;36mexit_time=08:52:29[0m [1;32mpnl=0.00256000 bps=0.03191152 pct=0.00031912% total=2.5593200000000005[0m
[BETA_X5] mode=OFF radar_adj=0 mom= conf=0
[BETA_X5] [1;36m08:52:40[0m [1;33mx5[0m [1;36m#662[0m SKIP tension=[1;36m0.24346038[0m [0m| wall_not_collapsed
[BETA_X5] mode=OFF radar_adj=0 mom= conf=0
[BETA_X5] [1;36m08:52:49[0m [1;33mx5[0m [1;36m#663[0m SKIP tension=[1;36m0.00000000[0m [0m| momentum_too_small [1;31mconf=0.3364[0m
[BETA_X5] mode=OFF radar_adj=0 mom= conf=0
[BETA_X5] [1;36m08:52:57[0m [1;33mx5[0m [1;36m#664[0m SKIP tension=[1;36m0.00000000[0m [0m| momentum_too_small [1;31mconf=0.3357[0m
[BETA_X5] mode=OFF radar_adj=0 mom= conf=0
[BETA_X5] [1;36m08:53:05[0m [1;33mx5[0m [1;36m#665[0m SKIP tension=[1;36m0.00001306[0m [0m| momentum_too_small [1;31mconf=0.0[0m
[BETA_X5] mode=OFF radar_adj=0 mom= conf=0
[BETA_X5] [1;36m08:53:15[0m [1;33mx5[0m [1;36m#666[0m SKIP tension=[1;36m0.00004243[0m [0m| momentum_too_small [1;31mconf=0.0001[0m
[BETA_X5] mode=OFF radar_adj=0 mom= conf=0
[BETA_X5] [1;36m08:53:24[0m [1;33mx5[0m [1;36m#667[0m SKIP tension=[1;36m0.46253952[0m [0m| wall_not_collapsed
[BETA_X5] mode=OFF radar_adj=0 mom= conf=0
[BETA_X5] [1;36m08:53:33[0m [1;33mx5[0m [1;36m#668[0m SKIP tension=[1;36m0.00000000[0m [0m| momentum_too_small [1;31mconf=0.3465[0m
[BETA_X5] mode=OFF radar_adj=0 mom= conf=0
[BETA_X5] [1;36m08:53:42[0m [1;33mx5[0m [1;36m#669[0m SKIP tension=[1;36m0.00000000[0m [0m| momentum_too_small [1;31mconf=0.3465[0m
[BETA_X5] mode=OFF radar_adj=0 mom= conf=0
[BETA_X5] [1;36m08:53:50[0m [1;33mx5[0m [1;36m#670[0m SKIP tension=[1;36m0.00000000[0m [0m| momentum_too_small [1;31mconf=0.3496[0m
[BETA_X5] mode=OFF radar_adj=0 mom= conf=0
[BETA_X5] [1;36m08:54:00[0m [1;33mx5[0m [1;36m#671[0m SKIP tension=[1;36m0.24157797[0m [0m| wall_not_collapsed
[BETA_X5] mode=OFF radar_adj=0 mom= conf=0
[BETA_X5] [1;36m08:54:08[0m [1;33mx5[0m [1;36m#672[0m SKIP tension=[1;36m0.12240354[0m [0m| direction_unclear [1;31mconf=0.202[0m
[BETA_X5] mode=OFF radar_adj=0 mom= conf=0
[BETA_X5] [1;36m08:54:16[0m [1;33mx5[0m [1;36m#673[0m SKIP tension=[1;36m0.00157942[0m [0m| momentum_too_small [1;31mconf=0.0026[0m
[BETA_X5] mode=OFF radar_adj=0 mom= conf=0
[BETA_X5] [1;36m08:54:26[0m [1;33mx5[0m [1;36m#674[0m SKIP tension=[1;36m0.08488431[0m [0m| direction_unclear [1;31mconf=0.1401[0m
[BETA_X5] mode=OFF radar_adj=0 mom= conf=0
[BETA_X5] [1;36m08:54:34[0m [1;33mx5[0m [1;36m#675[0m SKIP tension=[1;36m0.00000000[0m [0m| momentum_too_small [1;31mconf=0.3462[0m
[BETA_X5] mode=OFF radar_adj=0 mom= conf=0
[BETA_X5] [1;36m08:54:42[0m [1;33mx5[0m [1;36m#676[0m SKIP tension=[1;36m0.00000408[0m [0m| momentum_too_small [1;31mconf=0.0[0m
[BETA_X5] mode=OFF radar_adj=0 mom= conf=0
[BETA_X5] [1;36m08:54:51[0m [1;33mx5[0m [1;36m#677[0m SKIP tension=[1;36m0.00000000[0m [0m| momentum_too_small [1;31mconf=0.3277[0m
[BETA_X5] mode=OFF radar_adj=0 mom= conf=0
[BETA_X5] [1;36m08:54:59[0m [1;33mx5[0m [1;36m#678[0m SKIP tension=[1;36m0.00000000[0m [0m| momentum_too_small [1;31mconf=0.3245[0m
[BETA_X5] mode=OFF radar_adj=0 mom= conf=0
[BETA_X5] [1;36m08:55:08[0m [1;33mx5[0m [1;36m#679[0m SKIP [0m| Mode Écoute: spread=1.19660000 volat=18.19759094 (attente froid)
[BETA_X5] mode=OFF radar_adj=0 mom= conf=0
[BETA_X5] [1;36m08:55:16[0m [1;33mx5[0m [1;36m#680[0m SKIP tension=[1;36m0.00000000[0m [0m| momentum_too_small [1;31mconf=0.3231[0m
[BETA_X5] mode=OFF radar_adj=0 mom= conf=0
[BETA_X5] [1;36m08:55:24[0m [1;33mx5[0m [1;36m#681[0m SKIP tension=[1;36m0.00000000[0m [0m| momentum_too_small [1;31mconf=0.3231[0m
[BETA_X5] mode=OFF radar_adj=0 mom= conf=0
[BETA_X5] [1;36m08:55:34[0m [1;33mx5[0m [1;36m#682[0m SKIP tension=[1;36m0.00181546[0m [0m| momentum_too_small [1;31mconf=0.003[0m
[BETA_X5] mode=OFF radar_adj=0 mom= conf=0
[BETA_X5] [1;36m08:55:42[0m [1;33mx5[0m [1;36m#683[0m SKIP tension=[1;36m0.19160267[0m [0m| direction_unclear [1;31mconf=0.3111[0m
[BETA_X5] mode=OFF radar_adj=0 mom= conf=0
[BETA_X5] [1;36m08:55:51[0m [1;33mx5[0m [1;36m#684[0m SKIP tension=[1;36m0.00001568[0m [0m| momentum_too_small [1;31mconf=0.0[0m
[BETA_X5] mode=OFF radar_adj=0 mom= conf=0
[BETA_X5] [1;36m08:56:00[0m [1;33mx5[0m [1;36m#685[0m SKIP tension=[1;36m0.01794430[0m [0m| direction_unclear [1;31mconf=0.0284[0m
[BETA_X5] mode=OFF radar_adj=0 mom= conf=0
[BETA_X5] [1;36m08:56:08[0m [1;33mx5[0m [1;36m#686[0m SKIP tension=[1;36m0.40409670[0m [0m| wall_not_collapsed
[BETA_X5] mode=OFF radar_adj=0 mom= conf=0
[BETA_X5] [1;36m08:56:16[0m [1;33mx5[0m [1;36m#687[0m SKIP tension=[1;36m0.06406689[0m [0m| direction_unclear [1;31mconf=0.1045[0m
[BETA_X5] mode=OFF radar_adj=0 mom= conf=0
[BETA_X5] [1;36mCycle 688[0m [1;32mSOFT anomaly[0m [1;33m| pnl_abs=0.08190000 > 0.02500000[0m
[BETA_X5] [1;36mentry=08:56:28@62688.40000000[0m [1;33mx5[0m [1;36m#688[0m [1;32mSELL[0m tension=[1;32m1.01103527[0m hold=[1;36m6[0ms sec=[1;36m6[0m [0m| exit=62677.90000000 [1;32mconf=0.9372[0m [1;36mexit_time=08:56:35[0m [1;32mpnl=0.08190000 bps=1.67495103 pct=0.01674951% total=2.6412200000000006[0m
[BETA_X5] mode=OFF radar_adj=0 mom= conf=0
[BETA_X5] [1;36m08:56:45[0m [1;33mx5[0m [1;36m#689[0m SKIP tension=[1;36m0.00000000[0m [0m| momentum_too_small [1;31mconf=0.3343[0m
[BETA_X5] mode=OFF radar_adj=0 mom= conf=0
[BETA_X5] [1;36m08:56:54[0m [1;33mx5[0m [1;36m#690[0m SKIP tension=[1;36m0.21093421[0m [0m| wall_not_collapsed
[BETA_X5] mode=OFF radar_adj=0 mom= conf=0
[BETA_X5] [1;36m08:57:02[0m [1;33mx5[0m [1;36m#691[0m SKIP tension=[1;36m0.00000000[0m [0m| momentum_too_small [1;31mconf=0.3339[0m
[BETA_X5] mode=OFF radar_adj=0 mom= conf=0
[BETA_X5] [1;36m08:57:10[0m [1;33mx5[0m [1;36m#692[0m SKIP tension=[1;36m0.65682135[0m [0m| wall_not_collapsed
[BETA_X5] mode=OFF radar_adj=0 mom= conf=0
[BETA_X5] [1;36m08:57:19[0m [1;33mx5[0m [1;36m#693[0m SKIP tension=[1;36m0.00000000[0m [0m| momentum_too_small [1;31mconf=0.3339[0m
[BETA_X5] mode=OFF radar_adj=0 mom= conf=0
[BETA_X5] shockwave beta->alpha until_cycle=704
[BETA_X5] [1;33mSWARM shockwave[0m [0m| beta -> neighbor (shock_inversion_stop)[0m
[BETA_X5] [1;36mentry=08:57:34@62685.50000000[0m [1;33mx5[0m [1;36m#694[0m [1;31mSELL[0m tension=[1;31m3.21709868[0m hold=[1;36m6[0ms sec=[1;36m6[0m [0m| exit=62686.60000000 [1;32mconf=0.9741[0m [1;36mexit_time=08:57:40[0m [1;31mpnl=-0.01408000 bps=-0.17547918 pct=-0.00175479% total=2.6271400000000007[0m
[BETA_X5] mode=OFF radar_adj=0 mom= conf=0
[BETA_X5] [1;36m08:57:50[0m [1;33mx5[0m [1;36m#695[0m SKIP tension=[1;36m0.10582656[0m [0m| direction_unclear [1;31mconf=0.1718[0m
[BETA_X5] mode=OFF radar_adj=0 mom= conf=0
[BETA_X5] [1;36m08:57:59[0m [1;33mx5[0m [1;36m#696[0m SKIP tension=[1;36m0.00000000[0m [0m| momentum_too_small [1;31mconf=0.3409[0m
[BETA_X5] mode=OFF radar_adj=0 mom= conf=0
[BETA_X5] [1;36m08:58:07[0m [1;33mx5[0m [1;36m#697[0m SKIP tension=[1;36m0.00000000[0m [0m| momentum_too_small [1;31mconf=0.3409[0m
[BETA_X5] mode=OFF radar_adj=0 mom= conf=0
[BETA_X5] [1;36m08:58:15[0m [1;33mx5[0m [1;36m#698[0m SKIP tension=[1;36m0.00001940[0m [0m| momentum_too_small [1;31mconf=0.0[0m
[BETA_X5] mode=OFF radar_adj=0 mom= conf=0
[BETA_X5] [1;36m08:58:24[0m [1;33mx5[0m [1;36m#699[0m SKIP tension=[1;36m0.00002587[0m [0m| momentum_too_small [1;31mconf=0.0[0m
[BETA_X5] mode=OFF radar_adj=0 mom= conf=0
[BETA_X5] [1;36m08:58:32[0m [1;33mx5[0m [1;36m#700[0m SKIP tension=[1;36m0.00628342[0m [0m| momentum_too_small [1;31mconf=0.01[0m
[BETA_X5] mode=OFF radar_adj=0 mom= conf=0
[BETA_X5] [1;36m08:58:40[0m [1;33mx5[0m [1;36m#701[0m SKIP tension=[1;36m0.12765838[0m [0m| direction_unclear [1;31mconf=0.203[0m
[BETA_X5] mode=OFF radar_adj=0 mom= conf=0
[BETA_X5] [1;36m08:58:48[0m [1;33mx5[0m [1;36m#702[0m SKIP tension=[1;36m0.06046317[0m [0m| direction_unclear [1;31mconf=0.0962[0m
[BETA_X5] mode=OFF radar_adj=0 mom= conf=0
[BETA_X5] [1;36m08:58:57[0m [1;33mx5[0m [1;36m#703[0m SKIP tension=[1;36m0.00001517[0m [0m| momentum_too_small [1;31mconf=0.0[0m
[BETA_X5] mode=OFF radar_adj=0 mom= conf=0
[BETA_X5] [1;36m08:59:05[0m [1;33mx5[0m [1;36m#704[0m SKIP tension=[1;36m0.00000000[0m [0m| momentum_too_small [1;31mconf=0.3339[0m
[BETA_X5] mode=OFF radar_adj=0 mom= conf=0
[BETA_X5] [1;36m08:59:14[0m [1;33mx5[0m [1;36m#705[0m SKIP tension=[1;36m0.00000686[0m [0m| momentum_too_small [1;31mconf=0.0[0m
[BETA_X5] mode=OFF radar_adj=0 mom= conf=0
[BETA_X5] [1;36m08:59:22[0m [1;33mx5[0m [1;36m#706[0m SKIP tension=[1;33m0.87702920[0m [0m| wall_not_collapsed
[BETA_X5] mode=OFF radar_adj=0 mom= conf=0
[BETA_X5] [1;36mCycle 707[0m [1;32mSOFT anomaly[0m [1;33m| pnl_abs=0.03588000 > 0.02500000[0m
[BETA_X5] [1;36mentry=08:59:35@62689.20000000[0m [1;33mx5[0m [1;36m#707[0m [1;32mSELL[0m tension=[1;31m4.99800442[0m hold=[1;36m7[0ms sec=[1;36m7[0m [0m| exit=62684.60000000 [1;32mconf=0.9541[0m [1;36mexit_time=08:59:42[0m [1;32mpnl=0.03588000 bps=0.73377871 pct=0.00733779% total=2.663020000000001[0m
[BETA_X5] mode=OFF radar_adj=0 mom= conf=0
[BETA_X5] [1;36m08:59:52[0m [1;33mx5[0m [1;36m#708[0m SKIP tension=[1;36m0.00000000[0m [0m| momentum_too_small [1;31mconf=0.3339[0m
[BETA_X5] mode=OFF radar_adj=0 mom= conf=0
[BETA_X5] [1;36m09:00:00[0m [1;33mx5[0m [1;36m#709[0m SKIP tension=[1;36m0.00000000[0m [0m| momentum_too_small [1;31mconf=0.3339[0m
[BETA_X5] mode=OFF radar_adj=0 mom= conf=0
[BETA_X5] [1;36m09:00:08[0m [1;33mx5[0m [1;36m#710[0m SKIP tension=[1;36m0.00081160[0m [0m| momentum_too_small [1;31mconf=0.0013[0m
[BETA_X5] mode=OFF radar_adj=0 mom= conf=0
[BETA_X5] [1;36m09:00:17[0m [1;33mx5[0m [1;36m#711[0m SKIP tension=[1;36m0.56530704[0m [0m| wall_not_collapsed
[BETA_X5] mode=OFF radar_adj=0 mom= conf=0
[BETA_X5] [1;36m09:00:25[0m [1;33mx5[0m [1;36m#712[0m SKIP tension=[1;36m0.00000000[0m [0m| momentum_too_small [1;31mconf=0.3339[0m
[BETA_X5] mode=OFF radar_adj=0 mom= conf=0
[BETA_X5] [1;36m09:00:33[0m [1;33mx5[0m [1;36m#713[0m SKIP tension=[1;36m0.74859543[0m [0m| wall_not_collapsed
[BETA_X5] mode=OFF radar_adj=0 mom= conf=0
[BETA_X5] [1;36m09:00:42[0m [1;33mx5[0m [1;36m#714[0m SKIP tension=[1;36m0.00000554[0m [0m| momentum_too_small [1;31mconf=0.0[0m
[BETA_X5] mode=OFF radar_adj=0 mom= conf=0
[BETA_X5] [1;36m09:00:50[0m [1;33mx5[0m [1;36m#715[0m SKIP tension=[1;36m0.62686623[0m [0m| wall_not_collapsed
[BETA_X5] mode=OFF radar_adj=0 mom= conf=0
[BETA_X5] [1;36mentry=09:01:03@62684.60000000[0m [1;33mx5[0m [1;36m#716[0m [1;33mSELL[0m tension=[1;32m1.61905642[0m hold=[1;36m6[0ms sec=[1;36m6[0m [0m| exit=62684.60000000 [1;32mconf=0.9541[0m [1;36mexit_time=09:01:09[0m [1;33mpnl=-0.00000000 bps=-0.00000000 pct=-0.00000000% total=2.663020000000001[0m
[BETA_X5] mode=OFF radar_adj=0 mom= conf=0
[BETA_X5] [1;36m09:01:19[0m [1;33mx5[0m [1;36m#717[0m SKIP tension=[1;36m0.00000547[0m [0m| momentum_too_small [1;31mconf=0.0[0m
[BETA_X5] mode=OFF radar_adj=0 mom= conf=0
[BETA_X5] [1;36m09:01:29[0m [1;33mx5[0m [1;36m#718[0m SKIP tension=[1;36m0.00002797[0m [0m| momentum_too_small [1;31mconf=0.0[0m
[BETA_X5] mode=OFF radar_adj=0 mom= conf=0
[BETA_X5] [1;36m09:01:37[0m [1;33mx5[0m [1;36m#719[0m SKIP tension=[1;36m0.00000301[0m [0m| momentum_too_small [1;31mconf=0.0[0m
[BETA_X5] mode=OFF radar_adj=0 mom= conf=0
[BETA_X5] [1;36m09:01:46[0m [1;33mx5[0m [1;36m#720[0m SKIP tension=[1;36m0.00002371[0m [0m| momentum_too_small [1;31mconf=0.0[0m
[BETA_X5] mode=OFF radar_adj=0 mom= conf=0
[BETA_X5] [1;36m09:02:03[0m [1;33mx5[0m [1;36m#721[0m SKIP tension=[1;36m0.00012059[0m [0m| momentum_too_small [1;31mconf=0.0002[0m
[BETA_X5] mode=OFF radar_adj=0 mom= conf=0
[BETA_X5] [1;36m09:02:24[0m [1;33mx5[0m [1;36m#722[0m SKIP tension=[1;36m0.00040153[0m [0m| momentum_too_small [1;31mconf=0.0006[0m
[BETA_X5] mode=OFF radar_adj=0 mom= conf=0
[BETA_X5] shockwave beta->alpha until_cycle=733
[BETA_X5] [1;33mSWARM shockwave[0m [0m| beta -> neighbor (shock_inversion_stop)[0m
[BETA_X5] [1;36mCycle 723[0m [1;32mSOFT anomaly[0m [1;33m| pnl_abs=0.02574000 > 0.02500000[0m
[BETA_X5] [1;36mentry=09:02:39@62689.30000000[0m [1;33mx5[0m [1;36m#723[0m [1;31mSELL[0m tension=[1;32m1.01644166[0m hold=[1;36m6[0ms sec=[1;36m6[0m [0m| exit=62692.60000000 [1;32mconf=0.9631[0m [1;36mexit_time=09:02:45[0m [1;31mpnl=-0.02574000 bps=-0.52640562 pct=-0.00526406% total=2.637280000000001[0m
[BETA_X5] mode=OFF radar_adj=0 mom= conf=0
[BETA_X5] [1;36m09:02:56[0m [1;33mx5[0m [1;36m#724[0m SKIP tension=[1;36m0.00001124[0m [0m| momentum_too_small [1;31mconf=0.0[0m
[BETA_X5] mode=OFF radar_adj=0 mom= conf=0
[BETA_X5] [1;36m09:03:05[0m [1;33mx5[0m [1;36m#725[0m SKIP tension=[1;36m0.00000734[0m [0m| momentum_too_small [1;31mconf=0.0[0m
[BETA_X5] mode=OFF radar_adj=0 mom= conf=0
[BETA_X5] [1;36m09:03:13[0m [1;33mx5[0m [1;36m#726[0m SKIP tension=[1;36m0.00000000[0m [0m| momentum_too_small [1;31mconf=0.3249[0m
[BETA_X5] mode=OFF radar_adj=0 mom= conf=0
[BETA_X5] [1;36m09:03:21[0m [1;33mx5[0m [1;36m#727[0m SKIP tension=[1;36m0.00000542[0m [0m| momentum_too_small [1;31mconf=0.0[0m
[BETA_X5] mode=OFF radar_adj=0 mom= conf=0
[BETA_X5] [1;36m09:03:29[0m [1;33mx5[0m [1;36m#728[0m SKIP tension=[1;36m0.00000000[0m [0m| momentum_too_small [1;31mconf=0.3343[0m
[BETA_X5] mode=OFF radar_adj=0 mom= conf=0
[BETA_X5] [1;36mentry=09:03:45@62685.60000000[0m [1;33mx5[0m [1;36m#729[0m [1;32mSELL[0m tension=[1;32m1.22396165[0m hold=[1;36m7[0ms sec=[1;36m7[0m [0m| exit=62684.70000000 [1;32mconf=0.9731[0m [1;36mexit_time=09:03:52[0m [1;32mpnl=0.00702000 bps=0.14357364 pct=0.00143574% total=2.6443000000000008[0m
[BETA_X5] mode=OFF radar_adj=0 mom= conf=0
[BETA_X5] [1;36m09:04:02[0m [1;33mx5[0m [1;36m#730[0m SKIP tension=[1;36m0.00000000[0m [0m| momentum_too_small [1;31mconf=0.3493[0m
[BETA_X5] mode=OFF radar_adj=0 mom= conf=0
[BETA_X5] [1;36m09:04:11[0m [1;33mx5[0m [1;36m#731[0m SKIP tension=[1;36m0.00019560[0m [0m| momentum_too_small [1;31mconf=0.0003[0m
[BETA_X5] mode=OFF radar_adj=0 mom= conf=0
[BETA_X5] [1;36m09:04:19[0m [1;33mx5[0m [1;36m#732[0m SKIP tension=[1;36m0.00437578[0m [0m| momentum_too_small [1;31mconf=0.0073[0m
[BETA_X5] mode=OFF radar_adj=0 mom= conf=0
[BETA_X5] [1;36m09:04:27[0m [1;33mx5[0m [1;36m#733[0m SKIP tension=[1;36m0.00064743[0m [0m| momentum_too_small [1;31mconf=0.0011[0m
[BETA_X5] mode=OFF radar_adj=0 mom= conf=0
[BETA_X5] [1;36m09:04:36[0m [1;33mx5[0m [1;36m#734[0m SKIP tension=[1;36m0.00000000[0m [0m| momentum_too_small [1;31mconf=0.3496[0m
[BETA_X5] mode=OFF radar_adj=0 mom= conf=0
[BETA_X5] [1;36m09:04:44[0m [1;33mx5[0m [1;36m#735[0m SKIP tension=[1;36m0.00000000[0m [0m| momentum_too_small [1;31mconf=0.3496[0m
[BETA_X5] mode=OFF radar_adj=0 mom= conf=0
[BETA_X5] [1;36m09:04:52[0m [1;33mx5[0m [1;36m#736[0m SKIP tension=[1;36m0.00000000[0m [0m| momentum_too_small [1;31mconf=0.3483[0m
[BETA_X5] mode=OFF radar_adj=0 mom= conf=0
[BETA_X5] [1;36m09:05:00[0m [1;33mx5[0m [1;36m#737[0m SKIP tension=[1;36m0.44702150[0m [0m| wall_not_collapsed
[BETA_X5] mode=OFF radar_adj=0 mom= conf=0
[BETA_X5] [1;36m09:05:10[0m [1;33mx5[0m [1;36m#738[0m SKIP tension=[1;36m0.00026200[0m [0m| momentum_too_small [1;31mconf=0.0004[0m
[BETA_X5] mode=OFF radar_adj=0 mom= conf=0
[BETA_X5] [1;36m09:05:19[0m [1;33mx5[0m [1;36m#739[0m SKIP tension=[1;36m0.00623873[0m [0m| momentum_too_small [1;31mconf=0.0101[0m
[BETA_X5] mode=OFF radar_adj=0 mom= conf=0
[BETA_X5] [1;36m09:05:27[0m [1;33mx5[0m [1;36m#740[0m SKIP tension=[1;36m0.00000000[0m [0m| momentum_too_small [1;31mconf=0.3388[0m
[BETA_X5] mode=OFF radar_adj=0 mom= conf=0
[BETA_X5] [1;36m09:05:35[0m [1;33mx5[0m [1;36m#741[0m SKIP tension=[1;36m0.01003468[0m [0m| direction_unclear [1;31mconf=0.0161[0m
[BETA_X5] mode=OFF radar_adj=0 mom= conf=0
[BETA_X5] [1;36m09:05:44[0m [1;33mx5[0m [1;36m#742[0m SKIP tension=[1;36m0.00000000[0m [0m| momentum_too_small [1;31mconf=0.3437[0m
[BETA_X5] mode=OFF radar_adj=0 mom= conf=0
[BETA_X5] [1;36mentry=09:05:56@62697.00000000[0m [1;33mx5[0m [1;36m#743[0m [1;32mSELL[0m tension=[1;31m2.73507872[0m hold=[1;36m6[0ms sec=[1;36m6[0m [0m| exit=62695.60000000 [1;32mconf=0.986[0m [1;36mexit_time=09:06:03[0m [1;32mpnl=0.01092000 bps=0.22329617 pct=0.00223296% total=2.655220000000001[0m
[BETA_X5] mode=OFF radar_adj=0 mom= conf=0
[BETA_X5] [1;36m09:06:13[0m [1;33mx5[0m [1;36m#744[0m SKIP tension=[1;36m0.00000000[0m [0m| momentum_too_small [1;31mconf=0.3451[0m
[BETA_X5] mode=OFF radar_adj=0 mom= conf=0
[BETA_X5] [1;36m09:06:21[0m [1;33mx5[0m [1;36m#745[0m SKIP tension=[1;36m0.01001011[0m [0m| direction_unclear [1;31mconf=0.0165[0m
[BETA_X5] mode=OFF radar_adj=0 mom= conf=0
[BETA_X5] [1;36m09:06:29[0m [1;33mx5[0m [1;36m#746[0m SKIP tension=[1;36m0.00006459[0m [0m| momentum_too_small [1;31mconf=0.0001[0m
[BETA_X5] mode=OFF radar_adj=0 mom= conf=0
[BETA_X5] [1;36m09:06:38[0m [1;33mx5[0m [1;36m#747[0m SKIP tension=[1;33m0.95251239[0m [0m| wall_not_collapsed
[BETA_X5] mode=OFF radar_adj=0 mom= conf=0
[BETA_X5] [1;36m09:06:46[0m [1;33mx5[0m [1;36m#748[0m SKIP tension=[1;36m0.01586238[0m [0m| direction_unclear [1;31mconf=0.0254[0m
[BETA_X5] mode=OFF radar_adj=0 mom= conf=0
[BETA_X5] [1;36m09:06:55[0m [1;33mx5[0m [1;36m#749[0m SKIP tension=[1;36m0.00643011[0m [0m| momentum_too_small [1;31mconf=0.0103[0m
[BETA_X5] mode=OFF radar_adj=0 mom= conf=0
[BETA_X5] [1;36m09:07:03[0m [1;33mx5[0m [1;36m#750[0m SKIP tension=[1;36m0.00002815[0m [0m| momentum_too_small [1;31mconf=0.0[0m
