ts,cycle,side,status,entryPrice,exitPrice,qty,bps,pnl,exitReason,holdSec,msg
2026-07-30T15:58:28Z,1,SKIP,SKIPPED,,,,,0,impulse_resonance_wait,reason=wall_not_collapsed tension=0.24556367 bid_drop=0.00000000 ask_drop=1.59616387
2026-07-30T15:58:37Z,2,SKIP,SKIPPED,,,,,0,radar_block,reason=momentum_too_small conf=0.3419 mom_sig=0.00000000 raw_mom_bps=0.00000000 spread_bps=0.37110000 tension=0.00000000 bid_drop=0.00000000 ask_drop=0.00000000 swarm=0
2026-07-30T15:58:46Z,3,SKIP,SKIPPED,,,,,0,radar_block,reason=momentum_too_small conf=0.3294 mom_sig=0.00000000 raw_mom_bps=0.00000000 spread_bps=0.94300000 tension=0.00000000 bid_drop=0.00000000 ask_drop=0.00000000 swarm=0
2026-07-30T15:58:55Z,4,SKIP,SKIPPED,,,,,0,vacuum_filter,reason=cold_absolute tension=1.66439647 threshold=3.0 vortex_mode=OFF
2026-07-30T15:59:04Z,5,SKIP,SKIPPED,,,,,0,radar_block,reason=momentum_too_small conf=0.0 mom_sig=0.00002020 raw_mom_bps=0.26284094 spread_bps=0.01550000 tension=0.00002020 bid_drop=0.00013133 ask_drop=0.00000000 swarm=0
2026-07-30T15:59:12Z,6,SKIP,SKIPPED,,,,,0,radar_block,reason=momentum_too_small conf=0.3388 mom_sig=0.00000000 raw_mom_bps=0.00000000 spread_bps=0.51010000 tension=0.00000000 bid_drop=0.00000000 ask_drop=0.00000000 swarm=0
2026-07-30T15:59:22Z,7,SKIP,SKIPPED,,,,,0,radar_block,reason=direction_unclear conf=0.0125 mom_sig=0.13307014 raw_mom_bps=0.00000000 spread_bps=0.97380000 tension=0.13307014 bid_drop=0.86495591 ask_drop=0.00000000 swarm=0
2026-07-30T15:59:31Z,8,SKIP,SKIPPED,,,,,0,impulse_resonance_wait,reason=wall_not_collapsed tension=0.66526756 bid_drop=0.00003309 ask_drop=4.32423916
2026-07-30T15:59:39Z,9,SKIP,SKIPPED,,,,,0,vacuum_filter,reason=cold_absolute tension=1.18712977 threshold=3.0 vortex_mode=OFF
2026-07-30T15:59:48Z,10,SKIP,SKIPPED,,,,,0,radar_block,reason=momentum_too_small conf=0.2929 mom_sig=0.00000000 raw_mom_bps=0.00000000 spread_bps=2.61220000 tension=0.00000000 bid_drop=0.00000000 ask_drop=0.00000000 swarm=0
2026-07-30T15:59:56Z,11,SKIP,SKIPPED,,,,,0,radar_block,reason=direction_unclear conf=0.2176 mom_sig=0.13298221 raw_mom_bps=2.62836063 spread_bps=0.29370000 tension=0.13298221 bid_drop=0.86438439 ask_drop=0.00000000 swarm=0
2026-07-30T16:00:05Z,12,SKIP,SKIPPED,,,,,0,radar_block,reason=direction_unclear conf=0.1963 mom_sig=0.13442932 raw_mom_bps=0.00000000 spread_bps=1.97850000 tension=0.13442932 bid_drop=0.87379060 ask_drop=0.00000000 swarm=0
2026-07-30T16:00:14Z,13,SKIP,SKIPPED,,,,,0,radar_block,reason=direction_unclear conf=0.1899 mom_sig=0.13306639 raw_mom_bps=0.00000000 spread_bps=2.30320000 tension=0.13306639 bid_drop=0.86493156 ask_drop=0.00000000 swarm=0
2026-07-30T16:00:23Z,14,SKIP,SKIPPED,,,,,0,radar_block,reason=momentum_too_small conf=0.0001 mom_sig=0.00003283 raw_mom_bps=0.00000000 spread_bps=0.23190000 tension=0.00003283 bid_drop=0.00000000 ask_drop=0.00021337 swarm=0
2026-07-30T16:00:31Z,15,SKIP,SKIPPED,,,,,0,radar_block,reason=momentum_too_small conf=0.0018 mom_sig=0.00108408 raw_mom_bps=0.00000000 spread_bps=0.24730000 tension=0.00108408 bid_drop=0.00704655 ask_drop=0.00000000 swarm=0
2026-07-30T16:00:41Z,16,SKIP,SKIPPED,,,,,0,radar_block,reason=direction_unclear conf=0.0132 mom_sig=0.13454042 raw_mom_bps=-0.27822431 spread_bps=0.18550000 tension=0.13454042 bid_drop=0.87451271 ask_drop=0.00002707 swarm=0
2026-07-30T16:00:50Z,17,SKIP,SKIPPED,,,,,0,vacuum_filter,reason=cold_absolute tension=1.31246984 threshold=3.0 vortex_mode=OFF
2026-07-30T16:01:00Z,18,SKIP,SKIPPED,,,,,0,impulse_resonance_wait,reason=wall_not_collapsed tension=0.56371426 bid_drop=0.00000000 ask_drop=3.66414269
2026-07-30T16:01:08Z,19,SKIP,SKIPPED,,,,,0,radar_block,reason=momentum_too_small conf=0.0 mom_sig=0.00000166 raw_mom_bps=0.00000000 spread_bps=0.66470000 tension=0.00000166 bid_drop=0.00000000 ask_drop=0.00001077 swarm=0
2026-07-30T16:01:17Z,20,SKIP,SKIPPED,,,,,0,radar_block,reason=momentum_too_small conf=0.3497 mom_sig=0.00000000 raw_mom_bps=-2.96774892 spread_bps=0.01550000 tension=0.00000000 bid_drop=0.00000000 ask_drop=0.00000000 swarm=1
2026-07-30T16:01:25Z,21,SKIP,SKIPPED,,,,,0,radar_block,reason=momentum_too_small conf=0.3456 mom_sig=0.00000000 raw_mom_bps=-1.70027282 spread_bps=0.20100000 tension=0.00000000 bid_drop=0.00000000 ask_drop=0.00000000 swarm=0
2026-07-30T16:01:34Z,22,SKIP,SKIPPED,,,,,0,radar_block,reason=momentum_too_small conf=0.3392 mom_sig=0.00000000 raw_mom_bps=0.00000000 spread_bps=0.49470000 tension=0.00000000 bid_drop=0.00000000 ask_drop=0.00000000 swarm=0
2026-07-30T16:01:42Z,23,SKIP,SKIPPED,,,,,0,impulse_resonance_wait,reason=wall_not_collapsed tension=0.38135152 bid_drop=2.47878491 ask_drop=0.00000000
2026-07-30T16:01:51Z,24,SKIP,SKIPPED,,,,,0,radar_block,reason=momentum_too_small conf=0.28 mom_sig=0.00000000 raw_mom_bps=0.21638465 spread_bps=3.19910000 tension=0.00000000 bid_drop=0.00000000 ask_drop=0.00000000 swarm=0
2026-07-30T16:01:59Z,25,SKIP,SKIPPED,,,,,0,impulse_resonance_wait,reason=wall_not_collapsed tension=0.38158089 bid_drop=2.48027576 ask_drop=0.00527774
2026-07-30T16:02:08Z,26,SKIP,SKIPPED,,,,,0,radar_block,reason=momentum_too_small conf=0.0 mom_sig=0.00001834 raw_mom_bps=0.00000000 spread_bps=4.88350000 tension=0.00001834 bid_drop=0.00000000 ask_drop=0.00011921 swarm=0
2026-07-30T16:02:17Z,27,SKIP,SKIPPED,,,,,0,impulse_resonance_wait,reason=wall_not_collapsed tension=0.94170605 bid_drop=0.00000000 ask_drop=6.12108935
2026-07-30T16:02:26Z,28,SKIP,SKIPPED,,,,,0,impulse_resonance_wait,reason=wall_not_collapsed tension=0.26761653 bid_drop=1.73950742 ask_drop=0.00004545
2026-07-30T16:02:34Z,29,SKIP,SKIPPED,,,,,0,radar_block,reason=momentum_too_small conf=0.0 mom_sig=0.00002774 raw_mom_bps=0.00000000 spread_bps=0.52540000 tension=0.00002774 bid_drop=0.00000000 ask_drop=0.00018031 swarm=0
2026-07-30T16:02:43Z,30,SKIP,SKIPPED,,,,,0,vacuum_filter,reason=cold_absolute tension=1.23062729 threshold=3.0 vortex_mode=OFF
2026-07-30T16:02:52Z,31,SKIP,SKIPPED,,,,,0,radar_block,reason=momentum_too_small conf=0.0016 mom_sig=0.00100088 raw_mom_bps=0.00000000 spread_bps=0.46360000 tension=0.00100088 bid_drop=0.00650569 ask_drop=0.00000000 swarm=0
2026-07-30T16:03:01Z,32,SKIP,SKIPPED,,,,,0,radar_block,reason=direction_unclear conf=0.2444 mom_sig=0.15178439 raw_mom_bps=0.00000000 spread_bps=0.54080000 tension=0.15178439 bid_drop=0.98659853 ask_drop=0.00000000 swarm=0
2026-07-30T16:03:09Z,33,SKIP,SKIPPED,,,,,0,radar_block,reason=direction_unclear conf=0.195 mom_sig=0.13367608 raw_mom_bps=0.00000000 spread_bps=1.99270000 tension=0.13367608 bid_drop=0.86889450 ask_drop=0.75203892 swarm=0
2026-07-30T16:03:18Z,34,SKIP,SKIPPED,,,,,0,impulse_resonance_wait,reason=wall_not_collapsed tension=0.33006894 bid_drop=0.98599837 ask_drop=2.14544811
2026-07-30T16:03:26Z,35,SKIP,SKIPPED,,,,,0,radar_block,reason=momentum_too_small conf=0.0001 mom_sig=0.00003263 raw_mom_bps=0.00000000 spread_bps=0.01540000 tension=0.00003263 bid_drop=0.00021208 ask_drop=0.00000000 swarm=0
2026-07-30T16:03:35Z,36,SKIP,SKIPPED,,,,,0,radar_block,reason=momentum_too_small conf=0.0001 mom_sig=0.00006117 raw_mom_bps=1.15846218 spread_bps=0.01540000 tension=0.00006117 bid_drop=0.00000000 ask_drop=0.00039763 swarm=0
2026-07-30T16:03:44Z,37,SKIP,SKIPPED,,,,,0,radar_block,reason=momentum_too_small conf=0.0029 mom_sig=0.00171999 raw_mom_bps=0.00000000 spread_bps=0.01540000 tension=0.00171999 bid_drop=0.01117995 ask_drop=0.00018649 swarm=0
2026-07-30T16:03:54Z,38,SKIP,SKIPPED,,,,,0,radar_block,reason=momentum_too_small conf=0.0001 mom_sig=0.00007449 raw_mom_bps=0.00000000 spread_bps=0.01540000 tension=0.00007449 bid_drop=0.00000000 ask_drop=0.00048418 swarm=0
2026-07-30T16:04:03Z,39,SKIP,SKIPPED,,,,,0,vacuum_filter,reason=cold_absolute tension=2.74908569 threshold=3.0 vortex_mode=OFF
2026-07-30T16:04:11Z,40,SKIP,SKIPPED,,,,,0,radar_block,reason=momentum_too_small conf=0.0003 mom_sig=0.00018433 raw_mom_bps=1.12740965 spread_bps=0.24710000 tension=0.00018433 bid_drop=0.00000000 ask_drop=0.00119815 swarm=0
2026-07-30T16:04:20Z,41,SKIP,SKIPPED,,,,,0,radar_block,reason=momentum_too_small conf=0.0007 mom_sig=0.00046616 raw_mom_bps=0.61768907 spread_bps=2.05320000 tension=0.00046616 bid_drop=0.00001335 ask_drop=0.00303007 swarm=0
2026-07-30T16:04:29Z,42,SKIP,SKIPPED,,,,,0,radar_block,reason=momentum_too_small conf=0.0 mom_sig=0.00002330 raw_mom_bps=0.00000000 spread_bps=0.07720000 tension=0.00002330 bid_drop=0.00011507 ask_drop=0.00015147 swarm=0
2026-07-30T16:04:37Z,43,SKIP,SKIPPED,,,,,0,vacuum_filter,reason=cold_absolute tension=1.25232143 threshold=3.0 vortex_mode=OFF
2026-07-30T16:04:46Z,44,SKIP,SKIPPED,,,,,0,impulse_resonance_wait,reason=wall_not_collapsed tension=0.43030922 bid_drop=0.00000000 ask_drop=2.79700992
2026-07-30T16:04:54Z,45,SKIP,SKIPPED,,,,,0,radar_block,reason=momentum_too_small conf=0.3476 mom_sig=0.00000000 raw_mom_bps=0.00000000 spread_bps=0.10800000 tension=0.00000000 bid_drop=0.00000000 ask_drop=0.00000000 swarm=1
2026-07-30T16:05:04Z,46,SKIP,SKIPPED,,,,,0,radar_block,reason=momentum_too_small conf=0.0001 mom_sig=0.00004614 raw_mom_bps=-0.15435029 spread_bps=0.26240000 tension=0.00004614 bid_drop=0.00000000 ask_drop=0.00029993 swarm=1
2026-07-30T16:05:12Z,47,SKIP,SKIPPED,,,,,0,radar_block,reason=momentum_too_small conf=0.0001 mom_sig=0.00004988 raw_mom_bps=0.00000000 spread_bps=0.43220000 tension=0.00004988 bid_drop=0.00000000 ask_drop=0.00032422 swarm=0
2026-07-30T16:05:21Z,48,SKIP,SKIPPED,,,,,0,radar_block,reason=momentum_too_small conf=0.0 mom_sig=0.00000544 raw_mom_bps=0.72545754 spread_bps=0.27780000 tension=0.00000544 bid_drop=0.00000000 ask_drop=0.00003535 swarm=0
2026-07-30T16:05:30Z,49,SKIP,SKIPPED,,,,,0,radar_block,reason=momentum_too_small conf=0.0 mom_sig=0.00001237 raw_mom_bps=0.00000000 spread_bps=0.86430000 tension=0.00001237 bid_drop=0.00000000 ask_drop=0.00008041 swarm=0
2026-07-30T16:05:39Z,50,SKIP,SKIPPED,,,,,0,impulse_resonance_wait,reason=wall_not_collapsed tension=0.77232684 bid_drop=0.00000000 ask_drop=5.02012449
2026-07-30T16:05:48Z,51,SKIP,SKIPPED,,,,,0,tension_stale,reason=nuage_age_ms=7560 thresh=800
2026-07-30T16:05:56Z,52,SKIP,SKIPPED,,,,,0,vacuum_filter,reason=cold_absolute tension=1.29863062 threshold=3.0 vortex_mode=OFF
2026-07-30T16:06:05Z,53,SKIP,SKIPPED,,,,,0,radar_block,reason=momentum_too_small conf=0.0009 mom_sig=0.00055443 raw_mom_bps=1.29656241 spread_bps=0.07720000 tension=0.00055443 bid_drop=0.00000000 ask_drop=0.00360379 swarm=1
2026-07-30T16:06:14Z,54,SKIP,SKIPPED,,,,,0,radar_block,reason=momentum_too_small conf=0.0001 mom_sig=0.00008840 raw_mom_bps=0.00000000 spread_bps=0.07720000 tension=0.00008840 bid_drop=0.00000000 ask_drop=0.00057457 swarm=1
2026-07-30T16:06:23Z,55,SKIP,SKIPPED,,,,,0,radar_block,reason=momentum_too_small conf=0.0005 mom_sig=0.00029014 raw_mom_bps=0.00000000 spread_bps=0.01540000 tension=0.00029014 bid_drop=0.00000000 ask_drop=0.00188589 swarm=1
2026-07-30T16:06:32Z,56,SKIP,SKIPPED,,,,,0,impulse_resonance_wait,reason=wall_not_collapsed tension=0.75700690 bid_drop=0.00077073 ask_drop=4.92054486
2026-07-30T16:06:41Z,57,SKIP,SKIPPED,,,,,0,impulse_resonance_wait,reason=wall_not_collapsed tension=0.94614956 bid_drop=6.14997212 ask_drop=0.01179560
2026-07-30T16:06:51Z,58,SKIP,SKIPPED,,,,,0,vacuum_filter,reason=cold_absolute tension=2.63018850 threshold=3.0 vortex_mode=OFF
2026-07-30T16:07:00Z,59,SKIP,SKIPPED,,,,,0,radar_block,reason=momentum_too_small conf=0.0001 mom_sig=0.00007110 raw_mom_bps=0.00000000 spread_bps=0.07710000 tension=0.00007110 bid_drop=0.00000000 ask_drop=0.00046215 swarm=0
2026-07-30T16:07:09Z,60,SKIP,SKIPPED,,,,,0,impulse_resonance_wait,reason=wall_not_collapsed tension=0.53946553 bid_drop=3.50652596 ask_drop=0.00015412
2026-07-30T16:07:18Z,61,SKIP,SKIPPED,,,,,0,vacuum_filter,reason=cold_absolute tension=1.46035560 threshold=3.0 vortex_mode=OFF
2026-07-30T16:07:26Z,62,SKIP,SKIPPED,,,,,0,radar_block,reason=momentum_too_small conf=0.349 mom_sig=0.00000000 raw_mom_bps=0.00000000 spread_bps=0.04630000 tension=0.00000000 bid_drop=0.00000000 ask_drop=0.00000000 swarm=0
2026-07-30T16:07:36Z,63,SKIP,SKIPPED,,,,,0,radar_block,reason=momentum_too_small conf=0.0007 mom_sig=0.00041187 raw_mom_bps=0.00000000 spread_bps=0.12340000 tension=0.00041187 bid_drop=0.00267717 ask_drop=0.00013003 swarm=0
2026-07-30T16:07:44Z,64,SKIP,SKIPPED,,,,,0,radar_block,reason=momentum_too_small conf=0.3473 mom_sig=0.00000000 raw_mom_bps=0.00000000 spread_bps=0.12340000 tension=0.00000000 bid_drop=0.00000000 ask_drop=0.00000000 swarm=0
2026-07-30T16:07:52Z,65,SKIP,SKIPPED,,,,,0,radar_block,reason=momentum_too_small conf=0.0002 mom_sig=0.00014825 raw_mom_bps=0.00000000 spread_bps=0.12340000 tension=0.00014825 bid_drop=0.00096362 ask_drop=0.00081986 swarm=0
2026-07-30T16:08:01Z,66,SKIP,SKIPPED,,,,,0,radar_block,reason=momentum_too_small conf=0.0 mom_sig=0.00002002 raw_mom_bps=0.00000000 spread_bps=0.12340000 tension=0.00002002 bid_drop=0.00000000 ask_drop=0.00013014 swarm=0
2026-07-30T16:08:09Z,67,SKIP,SKIPPED,,,,,0,radar_block,reason=momentum_too_small conf=0.0002 mom_sig=0.00014855 raw_mom_bps=0.00000000 spread_bps=0.12340000 tension=0.00014855 bid_drop=0.00096560 ask_drop=0.00000000 swarm=0
2026-07-30T16:08:18Z,68,SKIP,SKIPPED,,,,,0,radar_block,reason=momentum_too_small conf=0.0 mom_sig=0.00002002 raw_mom_bps=0.00000000 spread_bps=0.12340000 tension=0.00002002 bid_drop=0.00000000 ask_drop=0.00013016 swarm=0
2026-07-30T16:08:26Z,69,SKIP,SKIPPED,,,,,0,radar_block,reason=direction_unclear conf=0.0217 mom_sig=0.01313582 raw_mom_bps=0.07712538 spread_bps=0.12340000 tension=0.01313582 bid_drop=0.00907856 ask_drop=0.08538281 swarm=0
2026-07-30T16:08:35Z,70,SKIP,SKIPPED,,,,,0,radar_block,reason=momentum_too_small conf=0.0021 mom_sig=0.00126326 raw_mom_bps=0.00000000 spread_bps=0.12340000 tension=0.00126326 bid_drop=0.00821118 ask_drop=0.00000000 swarm=0
2026-07-30T16:08:43Z,71,SKIP,SKIPPED,,,,,0,radar_block,reason=momentum_too_small conf=0.0018 mom_sig=0.00108507 raw_mom_bps=-0.12339909 spread_bps=0.12340000 tension=0.00108507 bid_drop=0.00705294 ask_drop=0.00000000 swarm=0
2026-07-30T16:08:52Z,72,SKIP,SKIPPED,,,,,0,radar_block,reason=momentum_too_small conf=0.0007 mom_sig=0.00039482 raw_mom_bps=0.00000000 spread_bps=0.12340000 tension=0.00039482 bid_drop=0.00256635 ask_drop=0.00000000 swarm=0
2026-07-30T16:09:00Z,73,SKIP,SKIPPED,,,,,0,radar_block,reason=direction_unclear conf=0.0331 mom_sig=0.01999300 raw_mom_bps=0.00000000 spread_bps=0.12340000 tension=0.01999300 bid_drop=0.00885763 ask_drop=0.12995448 swarm=0
2026-07-30T16:09:09Z,74,SKIP,SKIPPED,,,,,0,radar_block,reason=momentum_too_small conf=0.3409 mom_sig=0.00000000 raw_mom_bps=0.00000000 spread_bps=0.41650000 tension=0.00000000 bid_drop=0.00000000 ask_drop=0.00000000 swarm=0
2026-07-30T16:09:19Z,75,SKIP,SKIPPED,,,,,0,radar_block,reason=direction_unclear conf=0.0131 mom_sig=0.02120815 raw_mom_bps=0.00000000 spread_bps=0.24680000 tension=0.02120815 bid_drop=0.00000000 ask_drop=0.13785298 swarm=0
2026-07-30T16:09:27Z,76,SKIP,SKIPPED,,,,,0,vacuum_filter,reason=cold_absolute tension=1.64304738 threshold=3.0 vortex_mode=OFF
2026-07-30T16:09:35Z,77,SKIP,SKIPPED,,,,,0,vacuum_filter,reason=cold_absolute tension=1.48471393 threshold=3.0 vortex_mode=OFF
2026-07-30T16:09:45Z,78,SKIP,SKIPPED,,,,,0,radar_block,reason=momentum_too_small conf=0.0031 mom_sig=0.00186719 raw_mom_bps=-0.33938362 spread_bps=0.10800000 tension=0.00186719 bid_drop=0.01213675 ask_drop=0.00012501 swarm=0
2026-07-30T16:09:53Z,79,SKIP,SKIPPED,,,,,0,radar_block,reason=momentum_too_small conf=0.3328 mom_sig=0.00000000 raw_mom_bps=0.41653039 spread_bps=0.78690000 tension=0.00000000 bid_drop=0.00000000 ask_drop=0.00000000 swarm=0
2026-07-30T16:10:01Z,80,SKIP,SKIPPED,,,,,0,radar_block,reason=momentum_too_small conf=0.0001 mom_sig=0.00006220 raw_mom_bps=0.00000000 spread_bps=1.57350000 tension=0.00006220 bid_drop=0.00040429 ask_drop=0.00000000 swarm=0
2026-07-30T16:10:10Z,81,SKIP,SKIPPED,,,,,0,radar_block,reason=momentum_too_small conf=0.3176 mom_sig=0.00000000 raw_mom_bps=0.00000000 spread_bps=1.48080000 tension=0.00000000 bid_drop=0.00000000 ask_drop=0.00000000 swarm=0
2026-07-30T16:10:18Z,82,SKIP,SKIPPED,,,,,0,radar_block,reason=momentum_too_small conf=0.0 mom_sig=0.00000541 raw_mom_bps=-2.66850531 spread_bps=1.54270000 tension=0.00000541 bid_drop=0.00003516 ask_drop=0.00000000 swarm=0
2026-07-30T16:10:26Z,83,SKIP,SKIPPED,,,,,0,radar_block,reason=momentum_too_small conf=0.0001 mom_sig=0.00007110 raw_mom_bps=0.00000000 spread_bps=2.57600000 tension=0.00007110 bid_drop=0.00046216 ask_drop=0.00000000 swarm=0
2026-07-30T16:10:36Z,84,SKIP,SKIPPED,,,,,0,vacuum_filter,reason=cold_absolute tension=2.85547490 threshold=3.0 vortex_mode=OFF
2026-07-30T16:10:44Z,85,SKIP,SKIPPED,,,,,0,radar_block,reason=momentum_too_small conf=0.0079 mom_sig=0.00477789 raw_mom_bps=0.00000000 spread_bps=0.10800000 tension=0.00477789 bid_drop=0.03105627 ask_drop=0.00000000 swarm=0
2026-07-30T16:10:52Z,86,SKIP,SKIPPED,,,,,0,radar_block,reason=momentum_too_small conf=0.0 mom_sig=0.00002624 raw_mom_bps=0.00000000 spread_bps=0.10800000 tension=0.00002624 bid_drop=0.00000000 ask_drop=0.00017053 swarm=0
2026-07-30T16:11:01Z,87,SKIP,SKIPPED,,,,,0,radar_block,reason=momentum_too_small conf=0.3476 mom_sig=0.00000000 raw_mom_bps=0.00000000 spread_bps=0.10800000 tension=0.00000000 bid_drop=0.00000000 ask_drop=0.00000000 swarm=0
2026-07-30T16:11:09Z,88,SKIP,SKIPPED,,,,,0,radar_block,reason=momentum_too_small conf=0.3476 mom_sig=0.00000000 raw_mom_bps=-0.10800969 spread_bps=0.10800000 tension=0.00000000 bid_drop=0.00000000 ask_drop=0.00000000 swarm=0
2026-07-30T16:11:19Z,89,SKIP,SKIPPED,,,,,0,vacuum_filter,reason=cold_absolute tension=2.03107560 threshold=3.0 vortex_mode=OFF
2026-07-30T16:11:28Z,90,SKIP,SKIPPED,,,,,0,radar_block,reason=momentum_too_small conf=0.3429 mom_sig=0.00000000 raw_mom_bps=0.00000000 spread_bps=0.32400000 tension=0.00000000 bid_drop=0.00000000 ask_drop=0.00000000 swarm=1
2026-07-30T16:11:36Z,91,SKIP,SKIPPED,,,,,0,radar_block,reason=momentum_too_small conf=0.0001 mom_sig=0.00004003 raw_mom_bps=0.00000000 spread_bps=0.32400000 tension=0.00004003 bid_drop=0.00000000 ask_drop=0.00026022 swarm=0
2026-07-30T16:11:44Z,92,SKIP,SKIPPED,,,,,0,radar_block,reason=momentum_too_small conf=0.0004 mom_sig=0.00021921 raw_mom_bps=0.00000000 spread_bps=0.32400000 tension=0.00021921 bid_drop=0.00000000 ask_drop=0.00142485 swarm=0
2026-07-30T16:11:52Z,93,SKIP,SKIPPED,,,,,0,radar_block,reason=momentum_too_small conf=0.0009 mom_sig=0.00055926 raw_mom_bps=0.00000000 spread_bps=0.32400000 tension=0.00055926 bid_drop=0.00028391 ask_drop=0.00363517 swarm=0
2026-07-30T16:12:00Z,94,SKIP,SKIPPED,,,,,0,radar_block,reason=momentum_too_small conf=0.0009 mom_sig=0.00055487 raw_mom_bps=0.00000000 spread_bps=0.32400000 tension=0.00055487 bid_drop=0.00000000 ask_drop=0.00360663 swarm=0
2026-07-30T16:12:08Z,95,SKIP,SKIPPED,,,,,0,radar_block,reason=momentum_too_small conf=0.0009 mom_sig=0.00052415 raw_mom_bps=0.00000000 spread_bps=0.32400000 tension=0.00052415 bid_drop=0.00340699 ask_drop=0.00332391 swarm=0
2026-07-30T16:12:17Z,96,SKIP,SKIPPED,,,,,0,radar_block,reason=momentum_too_small conf=0.3429 mom_sig=0.00000000 raw_mom_bps=0.32403957 spread_bps=0.32400000 tension=0.00000000 bid_drop=0.00000000 ask_drop=0.00000000 swarm=0
2026-07-30T16:12:26Z,97,SKIP,SKIPPED,,,,,0,radar_block,reason=direction_unclear conf=0.0131 mom_sig=0.01444464 raw_mom_bps=0.00000000 spread_bps=0.32400000 tension=0.01444464 bid_drop=0.00017826 ask_drop=0.09389013 swarm=0
2026-07-30T16:12:35Z,98,SKIP,SKIPPED,,,,,0,radar_block,reason=momentum_too_small conf=0.0005 mom_sig=0.00028923 raw_mom_bps=0.00000000 spread_bps=0.32400000 tension=0.00028923 bid_drop=0.00000000 ask_drop=0.00188000 swarm=0
2026-07-30T16:12:44Z,99,SKIP,SKIPPED,,,,,0,radar_block,reason=momentum_too_small conf=0.0005 mom_sig=0.00031079 raw_mom_bps=0.00000000 spread_bps=0.32400000 tension=0.00031079 bid_drop=0.00000000 ask_drop=0.00202013 swarm=0
2026-07-30T16:12:53Z,100,SKIP,SKIPPED,,,,,0,radar_block,reason=momentum_too_small conf=0.0008 mom_sig=0.00051775 raw_mom_bps=0.32403957 spread_bps=0.32400000 tension=0.00051775 bid_drop=0.00000000 ask_drop=0.00336537 swarm=0
2026-07-30T16:13:02Z,101,SKIP,SKIPPED,,,,,0,vacuum_filter,reason=cold_absolute tension=1.35607530 threshold=3.0 vortex_mode=OFF
2026-07-30T16:13:10Z,102,SKIP,SKIPPED,,,,,0,radar_block,reason=momentum_too_small conf=0.3429 mom_sig=0.00000000 raw_mom_bps=0.00000000 spread_bps=0.32400000 tension=0.00000000 bid_drop=0.00000000 ask_drop=0.00000000 swarm=0
2026-07-30T16:13:19Z,103,SKIP,SKIPPED,,,,,0,radar_block,reason=momentum_too_small conf=0.0003 mom_sig=0.00020227 raw_mom_bps=0.00000000 spread_bps=0.09260000 tension=0.00020227 bid_drop=0.00000000 ask_drop=0.00131473 swarm=0
2026-07-30T16:13:27Z,104,SKIP,SKIPPED,,,,,0,radar_block,reason=momentum_too_small conf=0.0 mom_sig=0.00001498 raw_mom_bps=0.00000000 spread_bps=0.32400000 tension=0.00001498 bid_drop=0.00000000 ask_drop=0.00009739 swarm=0
2026-07-30T16:13:36Z,105,SKIP,SKIPPED,,,,,0,radar_block,reason=momentum_too_small conf=0.0006 mom_sig=0.00036193 raw_mom_bps=0.00000000 spread_bps=0.32400000 tension=0.00036193 bid_drop=0.00000000 ask_drop=0.00235257 swarm=0
2026-07-30T16:13:45Z,106,SKIP,SKIPPED,,,,,0,radar_block,reason=momentum_too_small conf=0.0015 mom_sig=0.00090769 raw_mom_bps=0.00000000 spread_bps=0.32400000 tension=0.00090769 bid_drop=0.00000000 ask_drop=0.00589997 swarm=0
2026-07-30T16:13:54Z,107,SKIP,SKIPPED,,,,,0,radar_block,reason=momentum_too_small conf=0.3473 mom_sig=0.00000000 raw_mom_bps=0.00000000 spread_bps=0.12340000 tension=0.00000000 bid_drop=0.00000000 ask_drop=0.00000000 swarm=0
2026-07-30T16:14:03Z,108,SKIP,SKIPPED,,,,,0,radar_block,reason=momentum_too_small conf=0.0001 mom_sig=0.00008031 raw_mom_bps=0.32403957 spread_bps=4.48820000 tension=0.00008031 bid_drop=0.00000000 ask_drop=0.00052200 swarm=0
2026-07-30T16:14:12Z,109,SKIP,SKIPPED,,,,,0,vacuum_filter,reason=cold_absolute tension=1.60936531 threshold=3.0 vortex_mode=OFF
2026-07-30T16:14:21Z,110,SKIP,SKIPPED,,,,,0,tension_stale,reason=nuage_age_ms=4170 thresh=800
2026-07-30T16:14:30Z,111,SKIP,SKIPPED,,,,,0,radar_block,reason=momentum_too_small conf=0.0001 mom_sig=0.00007949 raw_mom_bps=0.00000000 spread_bps=0.03080000 tension=0.00007949 bid_drop=0.00011605 ask_drop=0.00051668 swarm=0
2026-07-30T16:14:39Z,112,SKIP,SKIPPED,,,,,0,radar_block,reason=momentum_too_small conf=0.0009 mom_sig=0.00055600 raw_mom_bps=0.00000000 spread_bps=0.06170000 tension=0.00055600 bid_drop=0.00000000 ask_drop=0.00361402 swarm=0
2026-07-30T16:14:47Z,113,SKIP,SKIPPED,,,,,0,radar_block,reason=momentum_too_small conf=0.3487 mom_sig=0.00000000 raw_mom_bps=0.00000000 spread_bps=0.06170000 tension=0.00000000 bid_drop=0.00000000 ask_drop=0.00000000 swarm=0
2026-07-30T16:14:56Z,114,SKIP,SKIPPED,,,,,0,radar_block,reason=momentum_too_small conf=0.0 mom_sig=0.00000798 raw_mom_bps=0.00000000 spread_bps=0.06170000 tension=0.00000798 bid_drop=0.00005185 ask_drop=0.00000000 swarm=0
2026-07-30T16:15:05Z,115,SKIP,SKIPPED,,,,,0,radar_block,reason=momentum_too_small conf=0.0009 mom_sig=0.00053160 raw_mom_bps=0.00000000 spread_bps=0.06170000 tension=0.00053160 bid_drop=0.00009731 ask_drop=0.00345542 swarm=0
2026-07-30T16:15:13Z,116,SKIP,SKIPPED,,,,,0,radar_block,reason=momentum_too_small conf=0.0 mom_sig=0.00001808 raw_mom_bps=0.00000000 spread_bps=0.06170000 tension=0.00001808 bid_drop=0.00005190 ask_drop=0.00011749 swarm=0
2026-07-30T16:15:22Z,117,SKIP,SKIPPED,,,,,0,vacuum_filter,reason=cold_absolute tension=2.09025941 threshold=3.0 vortex_mode=OFF
2026-07-30T16:15:30Z,118,SKIP,SKIPPED,,,,,0,vacuum_filter,reason=cold_absolute tension=1.78064171 threshold=3.0 vortex_mode=OFF
2026-07-30T16:15:39Z,119,SKIP,SKIPPED,,,,,0,vacuum_filter,reason=cold_absolute tension=2.16515647 threshold=3.0 vortex_mode=OFF
2026-07-30T16:15:47Z,120,SKIP,SKIPPED,,,,,0,radar_block,reason=momentum_too_small conf=0.0 mom_sig=0.00001153 raw_mom_bps=0.00000000 spread_bps=0.01540000 tension=0.00001153 bid_drop=0.00000000 ask_drop=0.00007497 swarm=1
2026-07-30T16:15:56Z,121,SKIP,SKIPPED,,,,,0,radar_block,reason=momentum_too_small conf=0.3497 mom_sig=0.00000000 raw_mom_bps=0.00000000 spread_bps=0.01540000 tension=0.00000000 bid_drop=0.00000000 ask_drop=0.00000000 swarm=1
2026-07-30T16:16:05Z,122,SKIP,SKIPPED,,,,,0,radar_block,reason=direction_unclear conf=0.0122 mom_sig=0.00744254 raw_mom_bps=-0.18490839 spread_bps=0.20030000 tension=0.00744254 bid_drop=0.00364588 ask_drop=0.04837651 swarm=1
2026-07-30T16:16:13Z,123,SKIP,SKIPPED,,,,,0,radar_block,reason=momentum_too_small conf=0.0001 mom_sig=0.00003137 raw_mom_bps=0.00000000 spread_bps=0.20030000 tension=0.00003137 bid_drop=0.00020391 ask_drop=0.00000000 swarm=0
2026-07-30T16:16:22Z,124,SKIP,SKIPPED,,,,,0,radar_block,reason=momentum_too_small conf=0.0 mom_sig=0.00002719 raw_mom_bps=0.00000000 spread_bps=0.20030000 tension=0.00002719 bid_drop=0.00017673 ask_drop=0.00000000 swarm=0
2026-07-30T16:16:31Z,125,SKIP,SKIPPED,,,,,0,radar_block,reason=momentum_too_small conf=0.0001 mom_sig=0.00004915 raw_mom_bps=0.20032113 spread_bps=0.20030000 tension=0.00004915 bid_drop=0.00031947 ask_drop=0.00004546 swarm=0
2026-07-30T16:16:39Z,126,SKIP,SKIPPED,,,,,0,radar_block,reason=momentum_too_small conf=0.0067 mom_sig=0.00416070 raw_mom_bps=0.00000000 spread_bps=0.44690000 tension=0.00416070 bid_drop=0.00015928 ask_drop=0.02704455 swarm=0
2026-07-30T16:16:48Z,127,SKIP,SKIPPED,,,,,0,radar_block,reason=momentum_too_small conf=0.3396 mom_sig=0.00000000 raw_mom_bps=0.00000000 spread_bps=0.47770000 tension=0.00000000 bid_drop=0.00000000 ask_drop=0.00000000 swarm=0
2026-07-30T16:16:56Z,128,SKIP,SKIPPED,,,,,0,vacuum_filter,reason=cold_absolute tension=1.37224722 threshold=3.0 vortex_mode=OFF
2026-07-30T16:17:05Z,129,SKIP,SKIPPED,,,,,0,radar_block,reason=direction_unclear conf=0.3017 mom_sig=0.19017383 raw_mom_bps=-0.43154734 spread_bps=0.77050000 tension=0.19017383 bid_drop=1.23612988 ask_drop=0.00390524 swarm=1
2026-07-30T16:17:14Z,130,SKIP,SKIPPED,,,,,0,radar_block,reason=momentum_too_small conf=0.0 mom_sig=0.00001249 raw_mom_bps=0.00000000 spread_bps=1.64900000 tension=0.00001249 bid_drop=0.00008118 ask_drop=0.00000000 swarm=1
2026-07-30T16:17:22Z,131,SKIP,SKIPPED,,,,,0,vacuum_filter,reason=cold_absolute tension=1.32470244 threshold=3.0 vortex_mode=OFF
2026-07-30T16:17:32Z,132,SKIP,SKIPPED,,,,,0,tension_stale,reason=nuage_age_ms=6594 thresh=800
2026-07-30T16:18:17Z,133,BUY,FILLED,64873.60000000,64864.30000000,0.16020000,-1.43355695,-1.48986000,fluid_exit_inversion,radar=long conf=0.847 size_note=strong_conf_full+entry_25_75_full soft=0 pct=-0.01433557 tension=6.31204098 bid_drop=0.33969484 ask_drop=41.02826638
2026-07-30T16:18:27Z,134,SKIP,SKIPPED,,,,,0,radar_block,reason=momentum_too_small conf=0.0001 mom_sig=0.00004129 raw_mom_bps=-1.63387863 spread_bps=1.94220000 tension=0.00004129 bid_drop=0.00026839 ask_drop=0.00000000 swarm=0
2026-07-30T16:18:35Z,135,SKIP,SKIPPED,,,,,0,radar_block,reason=momentum_too_small conf=0.0001 mom_sig=0.00004964 raw_mom_bps=0.00000000 spread_bps=0.44710000 tension=0.00004964 bid_drop=0.00032265 ask_drop=0.00000000 swarm=0
2026-07-30T16:18:44Z,136,SKIP,SKIPPED,,,,,0,radar_block,reason=momentum_too_small conf=0.323 mom_sig=0.00000000 raw_mom_bps=0.09250323 spread_bps=1.23320000 tension=0.00000000 bid_drop=0.00000000 ask_drop=0.00000000 swarm=0
2026-07-30T16:18:53Z,137,SKIP,SKIPPED,,,,,0,radar_block,reason=momentum_too_small conf=0.0 mom_sig=0.00002094 raw_mom_bps=0.00000000 spread_bps=0.41620000 tension=0.00002094 bid_drop=0.00000000 ask_drop=0.00013610 swarm=0
2026-07-30T16:19:02Z,138,SKIP,SKIPPED,,,,,0,tactic_mismatch,mom=long structure=short
2026-07-30T16:19:10Z,139,SKIP,SKIPPED,,,,,0,impulse_resonance_wait,reason=wall_not_collapsed tension=0.32368525 bid_drop=0.00000000 ask_drop=2.10395410
2026-07-30T16:19:19Z,140,SKIP,SKIPPED,,,,,0,vacuum_filter,reason=cold_absolute tension=2.49543162 threshold=3.0 vortex_mode=OFF
2026-07-30T16:19:27Z,141,SKIP,SKIPPED,,,,,0,impulse_resonance_wait,reason=wall_not_collapsed tension=0.79051658 bid_drop=0.00000000 ask_drop=5.13835779
2026-07-30T16:19:37Z,142,SKIP,SKIPPED,,,,,0,radar_block,reason=momentum_too_small conf=0.347 mom_sig=0.00000000 raw_mom_bps=0.77060838 spread_bps=0.13870000 tension=0.00000000 bid_drop=0.00000000 ask_drop=0.00000000 swarm=0
2026-07-30T16:19:46Z,143,SKIP,SKIPPED,,,,,0,tension_stale,reason=nuage_age_ms=1710 thresh=800
2026-07-30T16:19:54Z,144,SKIP,SKIPPED,,,,,0,radar_block,reason=momentum_too_small conf=0.0001 mom_sig=0.00005915 raw_mom_bps=-1.44861873 spread_bps=2.97430000 tension=0.00005915 bid_drop=0.00000000 ask_drop=0.00038446 swarm=0
2026-07-30T16:20:03Z,145,SKIP,SKIPPED,,,,,0,radar_block,reason=momentum_too_small conf=0.0 mom_sig=0.00001768 raw_mom_bps=0.00000000 spread_bps=1.37170000 tension=0.00001768 bid_drop=0.00000000 ask_drop=0.00011489 swarm=1
2026-07-30T16:20:13Z,146,SKIP,SKIPPED,,,,,0,radar_block,reason=direction_unclear conf=0.0123 mom_sig=0.14899796 raw_mom_bps=0.00000000 spread_bps=1.20200000 tension=0.14899796 bid_drop=0.96848675 ask_drop=0.00000000 swarm=1
2026-07-30T16:20:23Z,147,SKIP,SKIPPED,,,,,0,radar_block,reason=direction_unclear conf=0.0127 mom_sig=0.10433067 raw_mom_bps=-1.15615669 spread_bps=0.77080000 tension=0.10433067 bid_drop=0.67814934 ask_drop=0.00000000 swarm=1
2026-07-30T16:20:32Z,148,SKIP,SKIPPED,,,,,0,radar_block,reason=direction_unclear conf=0.0105 mom_sig=0.10413439 raw_mom_bps=1.77284464 spread_bps=3.35960000 tension=0.10413439 bid_drop=0.67687353 ask_drop=0.02360564 swarm=0
2026-07-30T16:20:41Z,149,SKIP,SKIPPED,,,,,0,radar_block,reason=momentum_too_small conf=0.0001 mom_sig=0.00005877 raw_mom_bps=0.00000000 spread_bps=2.54300000 tension=0.00005877 bid_drop=0.00038200 ask_drop=0.00000000 swarm=0
2026-07-30T16:20:50Z,150,SKIP,SKIPPED,,,,,0,vacuum_filter,reason=cold_absolute tension=1.04022621 threshold=3.0 vortex_mode=OFF
2026-07-30T16:20:58Z,151,SKIP,SKIPPED,,,,,0,radar_block,reason=momentum_too_small conf=0.2907 mom_sig=0.00000000 raw_mom_bps=0.00000000 spread_bps=2.71240000 tension=0.00000000 bid_drop=0.00000000 ask_drop=0.00000000 swarm=0
2026-07-30T16:21:08Z,152,SKIP,SKIPPED,,,,,0,tension_stale,reason=nuage_age_ms=5255 thresh=800
2026-07-30T16:21:16Z,153,SKIP,SKIPPED,,,,,0,radar_block,reason=momentum_too_small conf=0.3311 mom_sig=0.00000000 raw_mom_bps=-0.01541742 spread_bps=0.86330000 tension=0.00000000 bid_drop=0.00000000 ask_drop=0.00000000 swarm=0
2026-07-30T16:21:25Z,154,SKIP,SKIPPED,,,,,0,radar_block,reason=momentum_too_small conf=0.0026 mom_sig=0.00158690 raw_mom_bps=0.00000000 spread_bps=0.57040000 tension=0.00158690 bid_drop=0.01031482 ask_drop=0.00000000 swarm=0
2026-07-30T16:21:33Z,155,SKIP,SKIPPED,,,,,0,radar_block,reason=momentum_too_small conf=0.0 mom_sig=0.00000520 raw_mom_bps=0.00000000 spread_bps=2.71290000 tension=0.00000520 bid_drop=0.00003380 ask_drop=0.00000000 swarm=0
2026-07-30T16:21:42Z,156,SKIP,SKIPPED,,,,,0,radar_block,reason=direction_unclear conf=0.0222 mom_sig=0.01965425 raw_mom_bps=-5.08557638 spread_bps=5.14720000 tension=0.01965425 bid_drop=0.12775264 ask_drop=0.00000000 swarm=0
2026-07-30T16:21:51Z,157,SKIP,SKIPPED,,,,,0,vacuum_filter,reason=cold_absolute tension=1.27064449 threshold=3.0 vortex_mode=OFF
2026-07-30T16:22:00Z,158,SKIP,SKIPPED,,,,,0,vacuum_filter,reason=cold_absolute tension=1.05557917 threshold=3.0 vortex_mode=OFF
2026-07-30T16:22:09Z,159,SKIP,SKIPPED,,,,,0,vacuum_filter,reason=cold_absolute tension=1.69175224 threshold=3.0 vortex_mode=OFF
2026-07-30T16:22:19Z,160,SKIP,SKIPPED,,,,,0,vacuum_filter,reason=cold_absolute tension=1.55397426 threshold=3.0 vortex_mode=OFF
2026-07-30T16:22:28Z,161,SKIP,SKIPPED,,,,,0,radar_block,reason=momentum_too_small conf=0.0 mom_sig=0.00002804 raw_mom_bps=0.00000000 spread_bps=1.89630000 tension=0.00002804 bid_drop=0.00018224 ask_drop=0.00000000 swarm=0
2026-07-30T16:22:36Z,162,SKIP,SKIPPED,,,,,0,radar_block,reason=momentum_too_small conf=0.0 mom_sig=0.00001612 raw_mom_bps=0.00000000 spread_bps=5.74820000 tension=0.00001612 bid_drop=0.00010481 ask_drop=0.00000000 swarm=0
2026-07-30T16:22:45Z,163,SKIP,SKIPPED,,,,,0,radar_block,reason=momentum_too_small conf=0.0 mom_sig=0.00001685 raw_mom_bps=0.30839402 spread_bps=5.44000000 tension=0.00001685 bid_drop=0.00010952 ask_drop=0.00000000 swarm=0
2026-07-30T16:22:54Z,164,SKIP,SKIPPED,,,,,0,radar_block,reason=momentum_too_small conf=0.0 mom_sig=0.00002988 raw_mom_bps=0.00000000 spread_bps=6.45710000 tension=0.00002988 bid_drop=0.00019423 ask_drop=0.00000000 swarm=0
2026-07-30T16:23:04Z,165,SKIP,SKIPPED,,,,,0,vacuum_filter,reason=cold_absolute tension=1.31223697 threshold=3.0 vortex_mode=OFF
2026-07-30T16:23:12Z,166,SKIP,SKIPPED,,,,,0,radar_block,reason=momentum_too_small conf=0.1943 mom_sig=0.00000000 raw_mom_bps=0.00000000 spread_bps=7.11980000 tension=0.00000000 bid_drop=0.00000000 ask_drop=0.00000000 swarm=0
2026-07-30T16:23:21Z,167,SKIP,SKIPPED,,,,,0,vacuum_filter,reason=cold_absolute tension=1.23624250 threshold=3.0 vortex_mode=OFF
2026-07-30T16:23:29Z,168,SKIP,SKIPPED,,,,,0,vacuum_filter,reason=cold_absolute tension=1.14743628 threshold=3.0 vortex_mode=OFF
2026-07-30T16:23:38Z,169,SKIP,SKIPPED,,,,,0,radar_block,reason=momentum_too_small conf=0.0012 mom_sig=0.00121760 raw_mom_bps=0.00000000 spread_bps=6.30400000 tension=0.00121760 bid_drop=0.00791440 ask_drop=0.00000000 swarm=0
2026-07-30T16:23:47Z,170,SKIP,SKIPPED,,,,,0,radar_block,reason=spread_too_wide conf=0.5 mom_sig=0.93889563 raw_mom_bps=-0.01542286 spread_bps=8.21400000 tension=0.93889563 bid_drop=0.00015971 ask_drop=6.10282159 swarm=0
2026-07-30T16:23:56Z,171,SKIP,SKIPPED,,,,,0,radar_block,reason=spread_too_wide conf=0.0 mom_sig=0.00001234 raw_mom_bps=-0.53982272 spread_bps=8.75340000 tension=0.00001234 bid_drop=0.00008021 ask_drop=0.00000000 swarm=0
2026-07-30T16:24:04Z,172,SKIP,SKIPPED,,,,,0,radar_block,reason=momentum_too_small conf=0.3412 mom_sig=0.00000000 raw_mom_bps=0.00000000 spread_bps=0.40100000 tension=0.00000000 bid_drop=0.00000000 ask_drop=0.00000000 swarm=0
2026-07-30T16:24:13Z,173,SKIP,SKIPPED,,,,,0,radar_block,reason=momentum_too_small conf=0.3379 mom_sig=0.00000000 raw_mom_bps=0.00000000 spread_bps=0.55530000 tension=0.00000000 bid_drop=0.00000000 ask_drop=0.00000000 swarm=0
2026-07-30T16:24:23Z,174,SKIP,SKIPPED,,,,,0,tension_stale,reason=nuage_age_ms=8294 thresh=800
2026-07-30T16:24:31Z,175,SKIP,SKIPPED,,,,,0,radar_block,reason=momentum_too_small conf=0.3497 mom_sig=0.00000000 raw_mom_bps=0.00000000 spread_bps=0.01540000 tension=0.00000000 bid_drop=0.00000000 ask_drop=0.00000000 swarm=0
2026-07-30T16:24:41Z,176,SKIP,SKIPPED,,,,,0,radar_block,reason=momentum_too_small conf=0.3497 mom_sig=0.00000000 raw_mom_bps=0.00000000 spread_bps=0.01540000 tension=0.00000000 bid_drop=0.00000000 ask_drop=0.00000000 swarm=0
2026-07-30T16:24:50Z,177,SKIP,SKIPPED,,,,,0,radar_block,reason=momentum_too_small conf=0.3497 mom_sig=0.00000000 raw_mom_bps=0.00000000 spread_bps=0.01540000 tension=0.00000000 bid_drop=0.00000000 ask_drop=0.00000000 swarm=0
2026-07-30T16:24:59Z,178,SKIP,SKIPPED,,,,,0,impulse_resonance_wait,reason=wall_not_collapsed tension=0.34730745 bid_drop=2.25749840 ask_drop=0.00000000
2026-07-30T16:25:08Z,179,SKIP,SKIPPED,,,,,0,radar_block,reason=momentum_too_small conf=0.3426 mom_sig=0.00000000 raw_mom_bps=-0.89453577 spread_bps=0.33930000 tension=0.00000000 bid_drop=0.00000000 ask_drop=0.00000000 swarm=0
2026-07-30T16:25:16Z,180,SKIP,SKIPPED,,,,,0,radar_block,reason=momentum_too_small conf=0.0 mom_sig=0.00001158 raw_mom_bps=-0.10797087 spread_bps=0.23140000 tension=0.00001158 bid_drop=0.00000000 ask_drop=0.00007524 swarm=0
2026-07-30T16:25:25Z,181,SKIP,SKIPPED,,,,,0,radar_block,reason=momentum_too_small conf=0.0015 mom_sig=0.00088955 raw_mom_bps=-0.95636507 spread_bps=0.03090000 tension=0.00088955 bid_drop=0.00001404 ask_drop=0.00578209 swarm=0
2026-07-30T16:25:33Z,182,SKIP,SKIPPED,,,,,0,radar_block,reason=momentum_too_small conf=0.3497 mom_sig=0.00000000 raw_mom_bps=0.00000000 spread_bps=0.01540000 tension=0.00000000 bid_drop=0.00000000 ask_drop=0.00000000 swarm=0
2026-07-30T16:25:42Z,183,SKIP,SKIPPED,,,,,0,radar_block,reason=momentum_too_small conf=0.3159 mom_sig=0.00000000 raw_mom_bps=0.52452057 spread_bps=1.55790000 tension=0.00000000 bid_drop=0.00000000 ask_drop=0.00000000 swarm=0
2026-07-30T16:25:50Z,184,SKIP,SKIPPED,,,,,0,impulse_resonance_wait,reason=wall_not_collapsed tension=0.90789774 bid_drop=0.00001687 ask_drop=5.90133531
2026-07-30T16:25:58Z,185,SKIP,SKIPPED,,,,,0,radar_block,reason=momentum_too_small conf=0.3183 mom_sig=0.00000000 raw_mom_bps=0.00000000 spread_bps=1.44990000 tension=0.00000000 bid_drop=0.00000000 ask_drop=0.00000000 swarm=0
2026-07-30T16:26:07Z,186,SKIP,SKIPPED,,,,,0,impulse_resonance_wait,reason=wall_not_collapsed tension=0.67267789 bid_drop=0.00000000 ask_drop=4.37240628
2026-07-30T16:26:16Z,187,SKIP,SKIPPED,,,,,0,vacuum_filter,reason=cold_absolute tension=1.94777039 threshold=3.0 vortex_mode=OFF
2026-07-30T16:26:26Z,188,SKIP,SKIPPED,,,,,0,radar_block,reason=momentum_too_small conf=0.0001 mom_sig=0.00004168 raw_mom_bps=2.69973820 spread_bps=2.71440000 tension=0.00004168 bid_drop=0.00000000 ask_drop=0.00027093 swarm=0
2026-07-30T16:26:35Z,189,SKIP,SKIPPED,,,,,0,radar_block,reason=momentum_too_small conf=0.3392 mom_sig=0.00000000 raw_mom_bps=0.00000000 spread_bps=0.49360000 tension=0.00000000 bid_drop=0.00000000 ask_drop=0.00000000 swarm=0
2026-07-30T16:26:44Z,190,SKIP,SKIPPED,,,,,0,impulse_resonance_wait,reason=wall_not_collapsed tension=0.38504714 bid_drop=0.00001688 ask_drop=2.50280644
2026-07-30T16:26:53Z,191,SKIP,SKIPPED,,,,,0,radar_block,reason=momentum_too_small conf=0.2889 mom_sig=0.00000000 raw_mom_bps=0.00000000 spread_bps=2.79150000 tension=0.00000000 bid_drop=0.00000000 ask_drop=0.00000000 swarm=1
2026-07-30T16:27:03Z,192,SKIP,SKIPPED,,,,,0,radar_block,reason=momentum_too_small conf=0.2889 mom_sig=0.00000000 raw_mom_bps=0.00000000 spread_bps=2.79150000 tension=0.00000000 bid_drop=0.00000000 ask_drop=0.00000000 swarm=1
2026-07-30T16:27:13Z,193,SKIP,SKIPPED,,,,,0,radar_block,reason=momentum_too_small conf=0.0059 mom_sig=0.00388987 raw_mom_bps=0.00000000 spread_bps=1.37260000 tension=0.00388987 bid_drop=0.00000000 ask_drop=0.02528414 swarm=0
2026-07-30T16:27:23Z,194,SKIP,SKIPPED,,,,,0,radar_block,reason=momentum_too_small conf=0.0001 mom_sig=0.00004691 raw_mom_bps=0.00000000 spread_bps=2.79150000 tension=0.00004691 bid_drop=0.00000000 ask_drop=0.00030490 swarm=0
2026-07-30T16:27:32Z,195,SKIP,SKIPPED,,,,,0,radar_block,reason=momentum_too_small conf=0.0 mom_sig=0.00000780 raw_mom_bps=-2.79152118 spread_bps=2.86860000 tension=0.00000780 bid_drop=0.00005068 ask_drop=0.00000000 swarm=0
2026-07-30T16:27:42Z,196,SKIP,SKIPPED,,,,,0,vacuum_filter,reason=cold_absolute tension=1.24615360 threshold=3.0 vortex_mode=OFF
2026-07-30T16:27:51Z,197,SKIP,SKIPPED,,,,,0,radar_block,reason=momentum_too_small conf=0.0016 mom_sig=0.00107729 raw_mom_bps=0.00000000 spread_bps=1.41890000 tension=0.00107729 bid_drop=0.00000000 ask_drop=0.00700239 swarm=0
2026-07-30T16:28:02Z,198,SKIP,SKIPPED,,,,,0,radar_block,reason=momentum_too_small conf=0.0 mom_sig=0.00002701 raw_mom_bps=0.00000000 spread_bps=1.51140000 tension=0.00002701 bid_drop=0.00000000 ask_drop=0.00017555 swarm=0
2026-07-30T16:28:12Z,199,SKIP,SKIPPED,,,,,0,radar_block,reason=momentum_too_small conf=0.0 mom_sig=0.00001464 raw_mom_bps=2.85402657 spread_bps=2.85320000 tension=0.00001464 bid_drop=0.00005072 ask_drop=0.00009516 swarm=1
2026-07-30T16:28:21Z,200,SKIP,SKIPPED,,,,,0,radar_block,reason=momentum_too_small conf=0.2876 mom_sig=0.00000000 raw_mom_bps=0.00000000 spread_bps=2.85320000 tension=0.00000000 bid_drop=0.00000000 ask_drop=0.00000000 swarm=1
2026-07-30T16:28:30Z,201,SKIP,SKIPPED,,,,,0,radar_block,reason=momentum_too_small conf=0.0001 mom_sig=0.00004957 raw_mom_bps=0.00000000 spread_bps=2.85320000 tension=0.00004957 bid_drop=0.00000000 ask_drop=0.00032219 swarm=1
2026-07-30T16:28:39Z,202,SKIP,SKIPPED,,,,,0,radar_block,reason=momentum_too_small conf=0.0001 mom_sig=0.00004287 raw_mom_bps=0.00000000 spread_bps=2.85320000 tension=0.00004287 bid_drop=0.00000000 ask_drop=0.00027865 swarm=0
2026-07-30T16:28:47Z,203,SKIP,SKIPPED,,,,,0,radar_block,reason=momentum_too_small conf=0.0 mom_sig=0.00001016 raw_mom_bps=0.00000000 spread_bps=2.85320000 tension=0.00001016 bid_drop=0.00000000 ask_drop=0.00006603 swarm=0
2026-07-30T16:28:56Z,204,SKIP,SKIPPED,,,,,0,radar_block,reason=momentum_too_small conf=0.0 mom_sig=0.00003274 raw_mom_bps=0.00000000 spread_bps=2.85320000 tension=0.00003274 bid_drop=0.00000000 ask_drop=0.00021283 swarm=0
2026-07-30T16:29:06Z,205,SKIP,SKIPPED,,,,,0,radar_block,reason=momentum_too_small conf=0.0001 mom_sig=0.00005057 raw_mom_bps=2.90030808 spread_bps=2.89950000 tension=0.00005057 bid_drop=0.00011162 ask_drop=0.00032872 swarm=0
2026-07-30T16:29:15Z,206,SKIP,SKIPPED,,,,,0,radar_block,reason=momentum_too_small conf=0.0001 mom_sig=0.00004723 raw_mom_bps=0.00000000 spread_bps=2.89950000 tension=0.00004723 bid_drop=0.00001691 ask_drop=0.00030697 swarm=0
2026-07-30T16:29:24Z,207,SKIP,SKIPPED,,,,,0,radar_block,reason=momentum_too_small conf=0.0 mom_sig=0.00002531 raw_mom_bps=0.00000000 spread_bps=2.89950000 tension=0.00002531 bid_drop=0.00000000 ask_drop=0.00016453 swarm=0
2026-07-30T16:29:32Z,208,SKIP,SKIPPED,,,,,0,radar_block,reason=momentum_too_small conf=0.0 mom_sig=0.00003629 raw_mom_bps=0.00000000 spread_bps=2.89950000 tension=0.00003629 bid_drop=0.00000000 ask_drop=0.00023588 swarm=0
2026-07-30T16:29:41Z,209,SKIP,SKIPPED,,,,,0,radar_block,reason=momentum_too_small conf=0.0 mom_sig=0.00003630 raw_mom_bps=-2.89946715 spread_bps=2.89950000 tension=0.00003630 bid_drop=0.00000000 ask_drop=0.00023592 swarm=0
2026-07-30T16:29:50Z,210,SKIP,SKIPPED,,,,,0,radar_block,reason=momentum_too_small conf=0.0 mom_sig=0.00003546 raw_mom_bps=0.00000000 spread_bps=2.89950000 tension=0.00003546 bid_drop=0.00014213 ask_drop=0.00023047 swarm=0
2026-07-30T16:30:00Z,211,SKIP,SKIPPED,,,,,0,radar_block,reason=momentum_too_small conf=0.0006 mom_sig=0.00040973 raw_mom_bps=0.00000000 spread_bps=2.89950000 tension=0.00040973 bid_drop=0.00266326 ask_drop=0.00027442 swarm=0
2026-07-30T16:30:09Z,212,SKIP,SKIPPED,,,,,0,impulse_resonance_wait,reason=wall_not_collapsed tension=0.80845230 bid_drop=5.25493996 ask_drop=0.02377949
2026-07-30T16:30:17Z,213,SKIP,SKIPPED,,,,,0,radar_block,reason=momentum_too_small conf=0.0001 mom_sig=0.00004393 raw_mom_bps=0.00000000 spread_bps=2.91490000 tension=0.00004393 bid_drop=0.00000000 ask_drop=0.00028556 swarm=0
2026-07-30T16:30:26Z,214,SKIP,SKIPPED,,,,,0,radar_block,reason=momentum_too_small conf=0.0 mom_sig=0.00001859 raw_mom_bps=0.00000000 spread_bps=2.91490000 tension=0.00001859 bid_drop=0.00000000 ask_drop=0.00012082 swarm=0
2026-07-30T16:30:35Z,215,SKIP,SKIPPED,,,,,0,radar_block,reason=momentum_too_small conf=0.0007 mom_sig=0.00049257 raw_mom_bps=0.00000000 spread_bps=2.91490000 tension=0.00049257 bid_drop=0.00000000 ask_drop=0.00320168 swarm=0
2026-07-30T16:30:46Z,216,SKIP,SKIPPED,,,,,0,radar_block,reason=momentum_too_small conf=0.0 mom_sig=0.00001048 raw_mom_bps=0.00000000 spread_bps=2.59110000 tension=0.00001048 bid_drop=0.00000000 ask_drop=0.00006814 swarm=0
2026-07-30T16:30:57Z,217,SKIP,SKIPPED,,,,,0,radar_block,reason=momentum_too_small conf=0.3298 mom_sig=0.00000000 raw_mom_bps=0.00000000 spread_bps=0.92550000 tension=0.00000000 bid_drop=0.00000000 ask_drop=0.00000000 swarm=0
2026-07-30T16:31:05Z,218,SKIP,SKIPPED,,,,,0,radar_block,reason=momentum_too_small conf=0.3298 mom_sig=0.00000000 raw_mom_bps=0.00000000 spread_bps=0.92550000 tension=0.00000000 bid_drop=0.00000000 ask_drop=0.00000000 swarm=0
2026-07-30T16:31:14Z,219,SKIP,SKIPPED,,,,,0,radar_block,reason=momentum_too_small conf=0.0 mom_sig=0.00000316 raw_mom_bps=0.00000000 spread_bps=1.01810000 tension=0.00000316 bid_drop=0.00002055 ask_drop=0.00000000 swarm=0
2026-07-30T16:31:23Z,220,SKIP,SKIPPED,,,,,0,impulse_resonance_wait,reason=wall_not_collapsed tension=0.20555685 bid_drop=1.33611955 ask_drop=0.00000000
2026-07-30T16:31:33Z,221,SKIP,SKIPPED,,,,,0,radar_block,reason=momentum_too_small conf=0.0 mom_sig=0.00001741 raw_mom_bps=0.00000000 spread_bps=0.40110000 tension=0.00001741 bid_drop=0.00011316 ask_drop=0.00000000 swarm=0
2026-07-30T16:31:42Z,222,SKIP,SKIPPED,,,,,0,vacuum_filter,reason=cold_absolute tension=2.26726682 threshold=3.0 vortex_mode=OFF
2026-07-30T16:31:51Z,223,SKIP,SKIPPED,,,,,0,radar_block,reason=momentum_too_small conf=0.0004 mom_sig=0.00024425 raw_mom_bps=-0.43196544 spread_bps=0.18510000 tension=0.00024425 bid_drop=0.00158765 ask_drop=0.00000000 swarm=0
2026-07-30T16:32:00Z,224,SKIP,SKIPPED,,,,,0,radar_block,reason=momentum_too_small conf=0.0 mom_sig=0.00000502 raw_mom_bps=0.00000000 spread_bps=0.20060000 tension=0.00000502 bid_drop=0.00003262 ask_drop=0.00000000 swarm=0
2026-07-30T16:32:10Z,225,SKIP,SKIPPED,,,,,0,radar_block,reason=momentum_too_small conf=0.0004 mom_sig=0.00022678 raw_mom_bps=0.20056807 spread_bps=0.16970000 tension=0.00022678 bid_drop=0.00147404 ask_drop=0.00000000 swarm=0
2026-07-30T16:32:19Z,226,SKIP,SKIPPED,,,,,0,radar_block,reason=momentum_too_small conf=0.0015 mom_sig=0.00091184 raw_mom_bps=0.00000000 spread_bps=0.18510000 tension=0.00091184 bid_drop=0.00592696 ask_drop=0.00024922 swarm=0
2026-07-30T16:32:29Z,227,SKIP,SKIPPED,,,,,0,radar_block,reason=momentum_too_small conf=0.3456 mom_sig=0.00000000 raw_mom_bps=0.00000000 spread_bps=0.20060000 tension=0.00000000 bid_drop=0.00000000 ask_drop=0.00000000 swarm=0
2026-07-30T16:32:38Z,228,SKIP,SKIPPED,,,,,0,radar_block,reason=momentum_too_small conf=0.0009 mom_sig=0.00057306 raw_mom_bps=0.00000000 spread_bps=0.40110000 tension=0.00057306 bid_drop=0.00000000 ask_drop=0.00372487 swarm=0
2026-07-30T16:32:47Z,229,SKIP,SKIPPED,,,,,0,radar_block,reason=momentum_too_small conf=0.3409 mom_sig=0.00000000 raw_mom_bps=0.00000000 spread_bps=0.41650000 tension=0.00000000 bid_drop=0.00000000 ask_drop=0.00000000 swarm=0
2026-07-30T16:32:57Z,230,SKIP,SKIPPED,,,,,0,radar_block,reason=momentum_too_small conf=0.3271 mom_sig=0.00000000 raw_mom_bps=0.41656445 spread_bps=1.04900000 tension=0.00000000 bid_drop=0.00000000 ask_drop=0.00000000 swarm=0
2026-07-30T16:33:08Z,231,SKIP,SKIPPED,,,,,0,tension_stale,reason=nuage_age_ms=2018 thresh=800
2026-07-30T16:33:17Z,232,SKIP,SKIPPED,,,,,0,radar_block,reason=momentum_too_small conf=0.3156 mom_sig=0.00000000 raw_mom_bps=0.00000000 spread_bps=1.57340000 tension=0.00000000 bid_drop=0.00000000 ask_drop=0.00000000 swarm=0
2026-07-30T16:33:28Z,233,SKIP,SKIPPED,,,,,0,radar_block,reason=momentum_too_small conf=0.0 mom_sig=0.00001224 raw_mom_bps=1.58911625 spread_bps=1.58890000 tension=0.00001224 bid_drop=0.00000000 ask_drop=0.00007955 swarm=1
2026-07-30T16:33:37Z,234,SKIP,SKIPPED,,,,,0,radar_block,reason=momentum_too_small conf=0.0 mom_sig=0.00000338 raw_mom_bps=1.66625782 spread_bps=1.66600000 tension=0.00000338 bid_drop=0.00002194 ask_drop=0.00000000 swarm=0
2026-07-30T16:33:47Z,235,SKIP,SKIPPED,,,,,0,radar_block,reason=momentum_too_small conf=0.3136 mom_sig=0.00000000 raw_mom_bps=0.00000000 spread_bps=1.66600000 tension=0.00000000 bid_drop=0.00000000 ask_drop=0.00000000 swarm=0
2026-07-30T16:33:55Z,236,SKIP,SKIPPED,,,,,0,vacuum_filter,reason=cold_absolute tension=1.44101804 threshold=3.0 vortex_mode=OFF
2026-07-30T16:34:04Z,237,SKIP,SKIPPED,,,,,0,radar_block,reason=momentum_too_small conf=0.3169 mom_sig=0.00000000 raw_mom_bps=0.00000000 spread_bps=1.51150000 tension=0.00000000 bid_drop=0.00000000 ask_drop=0.00000000 swarm=0
2026-07-30T16:34:13Z,238,SKIP,SKIPPED,,,,,0,radar_block,reason=momentum_too_small conf=0.0 mom_sig=0.00001530 raw_mom_bps=0.00000000 spread_bps=1.66600000 tension=0.00001530 bid_drop=0.00000000 ask_drop=0.00009948 swarm=0
2026-07-30T16:34:22Z,239,SKIP,SKIPPED,,,,,0,vacuum_filter,reason=cold_absolute tension=1.08471097 threshold=3.0 vortex_mode=OFF
2026-07-30T16:34:31Z,240,SKIP,SKIPPED,,,,,0,radar_block,reason=momentum_too_small conf=0.27 mom_sig=0.00000000 raw_mom_bps=0.00000000 spread_bps=3.65520000 tension=0.00000000 bid_drop=0.00000000 ask_drop=0.00000000 swarm=0
2026-07-30T16:34:41Z,241,SKIP,SKIPPED,,,,,0,radar_block,reason=momentum_too_small conf=0.0002 mom_sig=0.00018568 raw_mom_bps=0.00000000 spread_bps=3.65520000 tension=0.00018568 bid_drop=0.00120694 ask_drop=0.00042321 swarm=0
2026-07-30T16:34:50Z,242,SKIP,SKIPPED,,,,,0,radar_block,reason=direction_unclear conf=0.226 mom_sig=0.16406253 raw_mom_bps=0.00000000 spread_bps=2.77610000 tension=0.16406253 bid_drop=1.06640643 ask_drop=0.00000000 swarm=0
2026-07-30T16:35:00Z,243,SKIP,SKIPPED,,,,,0,radar_block,reason=momentum_too_small conf=0.2842 mom_sig=0.00000000 raw_mom_bps=0.00000000 spread_bps=3.00740000 tension=0.00000000 bid_drop=0.00000000 ask_drop=0.00000000 swarm=0
2026-07-30T16:35:09Z,244,SKIP,SKIPPED,,,,,0,radar_block,reason=momentum_too_small conf=0.0 mom_sig=0.00003814 raw_mom_bps=0.00000000 spread_bps=3.65520000 tension=0.00003814 bid_drop=0.00000000 ask_drop=0.00024791 swarm=0
2026-07-30T16:35:18Z,245,SKIP,SKIPPED,,,,,0,radar_block,reason=momentum_too_small conf=0.27 mom_sig=0.00000000 raw_mom_bps=0.00000000 spread_bps=3.65520000 tension=0.00000000 bid_drop=0.00000000 ask_drop=0.00000000 swarm=0
2026-07-30T16:35:27Z,246,SKIP,SKIPPED,,,,,0,radar_block,reason=momentum_too_small conf=0.27 mom_sig=0.00000000 raw_mom_bps=0.00000000 spread_bps=3.65520000 tension=0.00000000 bid_drop=0.00000000 ask_drop=0.00000000 swarm=0
2026-07-30T16:35:36Z,247,SKIP,SKIPPED,,,,,0,vacuum_filter,reason=cold_absolute tension=2.69457943 threshold=3.0 vortex_mode=OFF
2026-07-30T16:35:46Z,248,SKIP,SKIPPED,,,,,0,radar_block,reason=momentum_too_small conf=0.0 mom_sig=0.00002454 raw_mom_bps=0.00000000 spread_bps=3.65520000 tension=0.00002454 bid_drop=0.00000000 ask_drop=0.00015954 swarm=0
2026-07-30T16:35:54Z,249,SKIP,SKIPPED,,,,,0,radar_block,reason=momentum_too_small conf=0.3206 mom_sig=0.00000000 raw_mom_bps=0.00000000 spread_bps=1.34210000 tension=0.00000000 bid_drop=0.00000000 ask_drop=0.00000000 swarm=0
2026-07-30T16:36:04Z,250,SKIP,SKIPPED,,,,,0,radar_block,reason=momentum_too_small conf=0.0017 mom_sig=0.00113760 raw_mom_bps=0.00000000 spread_bps=1.34210000 tension=0.00113760 bid_drop=0.00000000 ask_drop=0.00739438 swarm=0
2026-07-30T16:36:13Z,251,SKIP,SKIPPED,,,,,0,radar_block,reason=momentum_too_small conf=0.0006 mom_sig=0.00037258 raw_mom_bps=0.00000000 spread_bps=1.37290000 tension=0.00037258 bid_drop=0.00242180 ask_drop=0.00000000 swarm=0
2026-07-30T16:36:22Z,252,SKIP,SKIPPED,,,,,0,impulse_resonance_wait,reason=wall_not_collapsed tension=0.83129939 bid_drop=0.00000000 ask_drop=5.40344603
2026-07-30T16:36:31Z,253,SKIP,SKIPPED,,,,,0,radar_block,reason=momentum_too_small conf=0.27 mom_sig=0.00000000 raw_mom_bps=0.78668740 spread_bps=3.65520000 tension=0.00000000 bid_drop=0.00000000 ask_drop=0.00000000 swarm=0
2026-07-30T16:36:40Z,254,SKIP,SKIPPED,,,,,0,radar_block,reason=momentum_too_small conf=0.0 mom_sig=0.00000085 raw_mom_bps=0.00000000 spread_bps=3.65520000 tension=0.00000085 bid_drop=0.00000000 ask_drop=0.00000550 swarm=0
2026-07-30T16:36:50Z,255,SKIP,SKIPPED,,,,,0,tension_stale,reason=nuage_age_ms=7648 thresh=800
2026-07-30T16:36:59Z,256,SKIP,SKIPPED,,,,,0,radar_block,reason=momentum_too_small conf=0.0 mom_sig=0.00002710 raw_mom_bps=0.00000000 spread_bps=3.65520000 tension=0.00002710 bid_drop=0.00000000 ask_drop=0.00017612 swarm=0
2026-07-30T16:37:08Z,257,SKIP,SKIPPED,,,,,0,radar_block,reason=momentum_too_small conf=0.0 mom_sig=0.00002422 raw_mom_bps=0.00000000 spread_bps=3.65520000 tension=0.00002422 bid_drop=0.00015746 ask_drop=0.00012109 swarm=0
2026-07-30T16:37:20Z,258,SKIP,SKIPPED,,,,,0,radar_block,reason=momentum_too_small conf=0.0001 mom_sig=0.00003387 raw_mom_bps=0.00000000 spread_bps=1.80450000 tension=0.00003387 bid_drop=0.00000000 ask_drop=0.00022018 swarm=0
2026-07-30T16:37:32Z,259,SKIP,SKIPPED,,,,,0,radar_block,reason=momentum_too_small conf=0.0 mom_sig=0.00001863 raw_mom_bps=0.00000000 spread_bps=1.75820000 tension=0.00001863 bid_drop=0.00004924 ask_drop=0.00012111 swarm=0
2026-07-30T16:37:44Z,260,SKIP,SKIPPED,,,,,0,radar_block,reason=momentum_too_small conf=0.0001 mom_sig=0.00003981 raw_mom_bps=0.00000000 spread_bps=1.51140000 tension=0.00003981 bid_drop=0.00000000 ask_drop=0.00025874 swarm=0
2026-07-30T16:37:56Z,261,SKIP,SKIPPED,,,,,0,radar_block,reason=momentum_too_small conf=0.0 mom_sig=0.00002287 raw_mom_bps=0.00000000 spread_bps=3.65520000 tension=0.00002287 bid_drop=0.00000000 ask_drop=0.00014864 swarm=0
2026-07-30T16:38:06Z,262,SKIP,SKIPPED,,,,,0,radar_block,reason=momentum_too_small conf=0.0037 mom_sig=0.00287504 raw_mom_bps=0.00000000 spread_bps=3.65520000 tension=0.00287504 bid_drop=0.01868773 ask_drop=0.00000000 swarm=0
2026-07-30T16:38:16Z,263,SKIP,SKIPPED,,,,,0,radar_block,reason=momentum_too_small conf=0.0011 mom_sig=0.00082794 raw_mom_bps=0.00000000 spread_bps=3.65520000 tension=0.00082794 bid_drop=0.00538160 ask_drop=0.00000000 swarm=0
2026-07-30T16:38:30Z,264,SKIP,SKIPPED,,,,,0,tension_stale,reason=nuage_age_ms=4059 thresh=800
2026-07-30T16:38:40Z,265,SKIP,SKIPPED,,,,,0,radar_block,reason=momentum_too_small conf=0.2731 mom_sig=0.00000000 raw_mom_bps=0.00000000 spread_bps=3.51640000 tension=0.00000000 bid_drop=0.00000000 ask_drop=0.00000000 swarm=0
2026-07-30T16:38:50Z,266,SKIP,SKIPPED,,,,,0,radar_block,reason=momentum_too_small conf=0.2731 mom_sig=0.00000000 raw_mom_bps=0.00000000 spread_bps=3.51640000 tension=0.00000000 bid_drop=0.00000000 ask_drop=0.00000000 swarm=0
2026-07-30T16:38:59Z,267,SKIP,SKIPPED,,,,,0,radar_block,reason=momentum_too_small conf=0.2727 mom_sig=0.00000000 raw_mom_bps=-0.01542286 spread_bps=3.53180000 tension=0.00000000 bid_drop=0.00000000 ask_drop=0.00000000 swarm=0
2026-07-30T16:39:07Z,268,SKIP,SKIPPED,,,,,0,radar_block,reason=momentum_too_small conf=0.3021 mom_sig=0.00000000 raw_mom_bps=2.17539215 spread_bps=2.19030000 tension=0.00000000 bid_drop=0.00000000 ask_drop=0.00000000 swarm=0
2026-07-30T16:39:18Z,269,SKIP,SKIPPED,,,,,0,tension_stale,reason=nuage_age_ms=6757 thresh=800
2026-07-30T16:39:27Z,270,SKIP,SKIPPED,,,,,0,radar_block,reason=momentum_too_small conf=0.0 mom_sig=0.00001367 raw_mom_bps=2.19082046 spread_bps=3.63980000 tension=0.00001367 bid_drop=0.00000000 ask_drop=0.00008888 swarm=0
2026-07-30T16:39:36Z,271,SKIP,SKIPPED,,,,,0,impulse_resonance_wait,reason=wall_not_collapsed tension=0.94630704 bid_drop=0.00000000 ask_drop=6.15099576
2026-07-30T16:39:45Z,272,SKIP,SKIPPED,,,,,0,radar_block,reason=momentum_too_small conf=0.0 mom_sig=0.00001525 raw_mom_bps=0.00000000 spread_bps=3.65520000 tension=0.00001525 bid_drop=0.00000000 ask_drop=0.00009915 swarm=0
2026-07-30T16:39:54Z,273,SKIP,SKIPPED,,,,,0,impulse_resonance_wait,reason=wall_not_collapsed tension=0.34748101 bid_drop=0.00000000 ask_drop=2.25862656
2026-07-30T16:40:03Z,274,SKIP,SKIPPED,,,,,0,impulse_resonance_wait,reason=wall_not_collapsed tension=0.70753216 bid_drop=0.00000000 ask_drop=4.59895904
2026-07-30T16:40:12Z,275,SKIP,SKIPPED,,,,,0,radar_block,reason=momentum_too_small conf=0.0002 mom_sig=0.00011769 raw_mom_bps=-1.31109308 spread_bps=1.09530000 tension=0.00011769 bid_drop=0.00076499 ask_drop=0.00000000 swarm=0
2026-07-30T16:40:21Z,276,SKIP,SKIPPED,,,,,0,radar_block,reason=momentum_too_small conf=0.0 mom_sig=0.00000799 raw_mom_bps=-0.01542831 spread_bps=1.09530000 tension=0.00000799 bid_drop=0.00005193 ask_drop=0.00000000 swarm=1
2026-07-30T16:40:30Z,277,SKIP,SKIPPED,,,,,0,vacuum_filter,reason=cold_absolute tension=2.38090933 threshold=3.0 vortex_mode=OFF
2026-07-30T16:40:39Z,278,SKIP,SKIPPED,,,,,0,radar_block,reason=momentum_too_small conf=0.0001 mom_sig=0.00006325 raw_mom_bps=0.00000000 spread_bps=1.11070000 tension=0.00006325 bid_drop=0.00041114 ask_drop=0.00000000 swarm=0
2026-07-30T16:40:48Z,279,SKIP,SKIPPED,,,,,0,radar_block,reason=direction_unclear conf=0.0284 mom_sig=0.02002195 raw_mom_bps=1.24985341 spread_bps=2.36030000 tension=0.02002195 bid_drop=0.00019467 ask_drop=0.13014270 swarm=0
2026-07-30T16:40:57Z,280,SKIP,SKIPPED,,,,,0,radar_block,reason=direction_unclear conf=0.0157 mom_sig=0.01327102 raw_mom_bps=-1.03382937 spread_bps=4.64340000 tension=0.01327102 bid_drop=0.08626164 ask_drop=0.00000000 swarm=0
2026-07-30T16:41:06Z,281,SKIP,SKIPPED,,,,,0,vacuum_filter,reason=cold_absolute tension=1.26795016 threshold=3.0 vortex_mode=OFF
2026-07-30T16:41:16Z,282,SKIP,SKIPPED,,,,,0,radar_block,reason=momentum_too_small conf=0.0001 mom_sig=0.00004704 raw_mom_bps=0.00000000 spread_bps=5.70790000 tension=0.00004704 bid_drop=0.00030578 ask_drop=0.00000000 swarm=1
2026-07-30T16:41:25Z,283,SKIP,SKIPPED,,,,,0,radar_block,reason=momentum_too_small conf=0.0 mom_sig=0.00000940 raw_mom_bps=-5.70785941 spread_bps=0.29340000 tension=0.00000940 bid_drop=0.00006109 ask_drop=0.00000000 swarm=1
2026-07-30T16:41:35Z,284,SKIP,SKIPPED,,,,,0,radar_block,reason=momentum_too_small conf=0.348 mom_sig=0.00000000 raw_mom_bps=0.00000000 spread_bps=0.09260000 tension=0.00000000 bid_drop=0.00000000 ask_drop=0.00000000 swarm=0
2026-07-30T16:41:43Z,285,SKIP,SKIPPED,,,,,0,radar_block,reason=momentum_too_small conf=0.348 mom_sig=0.00000000 raw_mom_bps=0.00000000 spread_bps=0.09260000 tension=0.00000000 bid_drop=0.00000000 ask_drop=0.00000000 swarm=0
2026-07-30T16:41:52Z,286,SKIP,SKIPPED,,,,,0,radar_block,reason=momentum_too_small conf=0.0017 mom_sig=0.00100626 raw_mom_bps=0.00000000 spread_bps=0.09260000 tension=0.00100626 bid_drop=0.00654070 ask_drop=0.00004143 swarm=0
2026-07-30T16:42:01Z,287,SKIP,SKIPPED,,,,,0,vacuum_filter,reason=cold_absolute tension=1.63085451 threshold=3.0 vortex_mode=OFF
2026-07-30T16:42:11Z,288,SKIP,SKIPPED,,,,,0,radar_block,reason=momentum_too_small conf=0.0062 mom_sig=0.00372238 raw_mom_bps=0.09264707 spread_bps=0.09260000 tension=0.00372238 bid_drop=0.00000000 ask_drop=0.02419547 swarm=0
2026-07-30T16:42:19Z,289,SKIP,SKIPPED,,,,,0,radar_block,reason=momentum_too_small conf=0.348 mom_sig=0.00000000 raw_mom_bps=0.00000000 spread_bps=0.09260000 tension=0.00000000 bid_drop=0.00000000 ask_drop=0.00000000 swarm=0
2026-07-30T16:42:28Z,290,SKIP,SKIPPED,,,,,0,radar_block,reason=momentum_too_small conf=0.3476 mom_sig=0.00000000 raw_mom_bps=0.00000000 spread_bps=0.10810000 tension=0.00000000 bid_drop=0.00000000 ask_drop=0.00000000 swarm=0
2026-07-30T16:42:37Z,291,SKIP,SKIPPED,,,,,0,radar_block,reason=momentum_too_small conf=0.0031 mom_sig=0.00183881 raw_mom_bps=0.00000000 spread_bps=0.03090000 tension=0.00183881 bid_drop=0.01195228 ask_drop=0.00000000 swarm=0
2026-07-30T16:42:47Z,292,SKIP,SKIPPED,,,,,0,radar_block,reason=direction_unclear conf=0.0093 mom_sig=0.00563600 raw_mom_bps=0.00000000 spread_bps=0.18530000 tension=0.00563600 bid_drop=0.03663402 ask_drop=0.00000000 swarm=1
2026-07-30T16:42:57Z,293,SKIP,SKIPPED,,,,,0,tension_stale,reason=nuage_age_ms=2638 thresh=800
2026-07-30T16:43:07Z,294,SKIP,SKIPPED,,,,,0,impulse_resonance_wait,reason=wall_not_collapsed tension=0.28214873 bid_drop=1.83396677 ask_drop=0.00085078
2026-07-30T16:43:17Z,295,SKIP,SKIPPED,,,,,0,impulse_resonance_wait,reason=wall_not_collapsed tension=0.45533525 bid_drop=0.00000000 ask_drop=2.95967912
2026-07-30T16:43:26Z,296,SKIP,SKIPPED,,,,,0,radar_block,reason=momentum_too_small conf=0.0 mom_sig=0.00001003 raw_mom_bps=0.03088240 spread_bps=0.55590000 tension=0.00001003 bid_drop=0.00004704 ask_drop=0.00006520 swarm=0
2026-07-30T16:43:36Z,297,SKIP,SKIPPED,,,,,0,radar_block,reason=momentum_too_small conf=0.3324 mom_sig=0.00000000 raw_mom_bps=0.24705121 spread_bps=0.80290000 tension=0.00000000 bid_drop=0.00000000 ask_drop=0.00000000 swarm=0
2026-07-30T16:43:46Z,298,SKIP,SKIPPED,,,,,0,radar_block,reason=momentum_too_small conf=0.0 mom_sig=0.00000092 raw_mom_bps=-0.47866542 spread_bps=0.12350000 tension=0.00000092 bid_drop=0.00000000 ask_drop=0.00000596 swarm=0
2026-07-30T16:43:55Z,299,SKIP,SKIPPED,,,,,0,radar_block,reason=momentum_too_small conf=0.0001 mom_sig=0.00006962 raw_mom_bps=0.00000000 spread_bps=0.10810000 tension=0.00006962 bid_drop=0.00045254 ask_drop=0.00000000 swarm=0
2026-07-30T16:44:05Z,300,SKIP,SKIPPED,,,,,0,vacuum_filter,reason=cold_absolute tension=1.02242446 threshold=3.0 vortex_mode=OFF
2026-07-30T16:44:14Z,301,SKIP,SKIPPED,,,,,0,radar_block,reason=momentum_too_small conf=0.3324 mom_sig=0.00000000 raw_mom_bps=0.00000000 spread_bps=0.80290000 tension=0.00000000 bid_drop=0.00000000 ask_drop=0.00000000 swarm=0
2026-07-30T16:44:24Z,302,SKIP,SKIPPED,,,,,0,radar_block,reason=momentum_too_small conf=0.0001 mom_sig=0.00008174 raw_mom_bps=0.00000000 spread_bps=0.80290000 tension=0.00008174 bid_drop=0.00053133 ask_drop=0.00000000 swarm=0
2026-07-30T16:44:33Z,303,SKIP,SKIPPED,,,,,0,radar_block,reason=momentum_too_small conf=0.0025 mom_sig=0.00160273 raw_mom_bps=0.00000000 spread_bps=0.80290000 tension=0.00160273 bid_drop=0.01041772 ask_drop=0.00001800 swarm=0
2026-07-30T16:44:43Z,304,SKIP,SKIPPED,,,,,0,radar_block,reason=momentum_too_small conf=0.3324 mom_sig=0.00000000 raw_mom_bps=0.00000000 spread_bps=0.80290000 tension=0.00000000 bid_drop=0.00000000 ask_drop=0.00000000 swarm=0
2026-07-30T16:44:54Z,305,SKIP,SKIPPED,,,,,0,radar_block,reason=momentum_too_small conf=0.0002 mom_sig=0.00013710 raw_mom_bps=0.00000000 spread_bps=0.80290000 tension=0.00013710 bid_drop=0.00089117 ask_drop=0.00000000 swarm=0
2026-07-30T16:45:03Z,306,SKIP,SKIPPED,,,,,0,radar_block,reason=momentum_too_small conf=0.0001 mom_sig=0.00009225 raw_mom_bps=0.00000000 spread_bps=0.80290000 tension=0.00009225 bid_drop=0.00059961 ask_drop=0.00000000 swarm=0
2026-07-30T16:45:12Z,307,SKIP,SKIPPED,,,,,0,radar_block,reason=momentum_too_small conf=0.0002 mom_sig=0.00012223 raw_mom_bps=0.00000000 spread_bps=0.38600000 tension=0.00012223 bid_drop=0.00079449 ask_drop=0.00000000 swarm=0
2026-07-30T16:45:22Z,308,SKIP,SKIPPED,,,,,0,radar_block,reason=momentum_too_small conf=0.0001 mom_sig=0.00008690 raw_mom_bps=-0.41690471 spread_bps=0.80290000 tension=0.00008690 bid_drop=0.00056484 ask_drop=0.00000000 swarm=0
2026-07-30T16:45:31Z,309,SKIP,SKIPPED,,,,,0,radar_block,reason=momentum_too_small conf=0.0 mom_sig=0.00000185 raw_mom_bps=0.00000000 spread_bps=0.10810000 tension=0.00000185 bid_drop=0.00000000 ask_drop=0.00001200 swarm=0
2026-07-30T16:45:41Z,310,SKIP,SKIPPED,,,,,0,radar_block,reason=momentum_too_small conf=0.347 mom_sig=0.00000000 raw_mom_bps=-0.03088097 spread_bps=0.13900000 tension=0.00000000 bid_drop=0.00000000 ask_drop=0.00000000 swarm=0
2026-07-30T16:45:49Z,311,SKIP,SKIPPED,,,,,0,radar_block,reason=momentum_too_small conf=0.0 mom_sig=0.00002748 raw_mom_bps=0.00000000 spread_bps=0.10810000 tension=0.00002748 bid_drop=0.00017864 ask_drop=0.00000000 swarm=0
2026-07-30T16:45:59Z,312,SKIP,SKIPPED,,,,,0,radar_block,reason=momentum_too_small conf=0.0 mom_sig=0.00002815 raw_mom_bps=0.00000000 spread_bps=0.12350000 tension=0.00002815 bid_drop=0.00018295 ask_drop=0.00000000 swarm=0
2026-07-30T16:46:08Z,313,SKIP,SKIPPED,,,,,0,radar_block,reason=momentum_too_small conf=0.0 mom_sig=0.00001765 raw_mom_bps=-0.01544051 spread_bps=0.13900000 tension=0.00001765 bid_drop=0.00011475 ask_drop=0.00002000 swarm=0
2026-07-30T16:46:18Z,314,SKIP,SKIPPED,,,,,0,radar_block,reason=direction_unclear conf=0.0132 mom_sig=0.01109628 raw_mom_bps=-0.13896287 spread_bps=0.16980000 tension=0.01109628 bid_drop=0.07212584 ask_drop=0.00000000 swarm=0
2026-07-30T16:46:27Z,315,SKIP,SKIPPED,,,,,0,impulse_resonance_wait,reason=wall_not_collapsed tension=0.27638819 bid_drop=1.79652324 ask_drop=0.00120937
2026-07-30T16:46:36Z,316,SKIP,SKIPPED,,,,,0,impulse_resonance_wait,reason=wall_not_collapsed tension=0.85336655 bid_drop=0.00000000 ask_drop=5.54688257
2026-07-30T16:46:45Z,317,SKIP,SKIPPED,,,,,0,radar_block,reason=momentum_too_small conf=0.0095 mom_sig=0.00578407 raw_mom_bps=0.00000000 spread_bps=0.18530000 tension=0.00578407 bid_drop=0.03759648 ask_drop=0.00000000 swarm=0
2026-07-30T16:46:54Z,318,SKIP,SKIPPED,,,,,0,vacuum_filter,reason=cold_absolute tension=1.19109068 threshold=3.0 vortex_mode=OFF
2026-07-30T16:47:03Z,319,SKIP,SKIPPED,,,,,0,radar_block,reason=momentum_too_small conf=0.0 mom_sig=0.00001502 raw_mom_bps=0.00000000 spread_bps=0.23160000 tension=0.00001502 bid_drop=0.00009765 ask_drop=0.00000000 swarm=0
2026-07-30T16:47:13Z,320,SKIP,SKIPPED,,,,,0,radar_block,reason=momentum_too_small conf=0.0069 mom_sig=0.00422313 raw_mom_bps=0.01544046 spread_bps=0.29340000 tension=0.00422313 bid_drop=0.00000000 ask_drop=0.02745034 swarm=0
2026-07-30T16:47:22Z,321,SKIP,SKIPPED,,,,,0,radar_block,reason=momentum_too_small conf=0.3432 mom_sig=0.00000000 raw_mom_bps=0.00000000 spread_bps=0.30880000 tension=0.00000000 bid_drop=0.00000000 ask_drop=0.00000000 swarm=0
2026-07-30T16:47:31Z,322,SKIP,SKIPPED,,,,,0,radar_block,reason=direction_unclear conf=0.0722 mom_sig=0.04431996 raw_mom_bps=0.01543999 spread_bps=0.37060000 tension=0.04431996 bid_drop=0.28807975 ask_drop=0.00000000 swarm=0
2026-07-30T16:47:40Z,323,SKIP,SKIPPED,,,,,0,impulse_resonance_wait,reason=wall_not_collapsed tension=0.45118878 bid_drop=2.93272710 ask_drop=1.78624835
2026-07-30T16:47:48Z,324,SKIP,SKIPPED,,,,,0,radar_block,reason=momentum_too_small conf=0.3392 mom_sig=0.00000000 raw_mom_bps=0.00000000 spread_bps=0.49410000 tension=0.00000000 bid_drop=0.00000000 ask_drop=0.00000000 swarm=0
2026-07-30T16:47:56Z,325,SKIP,SKIPPED,,,,,0,radar_block,reason=momentum_too_small conf=0.0039 mom_sig=0.00245031 raw_mom_bps=0.00000000 spread_bps=0.52490000 tension=0.00245031 bid_drop=0.00000000 ask_drop=0.01592704 swarm=0
2026-07-30T16:48:05Z,326,SKIP,SKIPPED,,,,,0,vacuum_filter,reason=cold_absolute tension=1.83086659 threshold=3.0 vortex_mode=OFF
2026-07-30T16:48:13Z,327,SKIP,SKIPPED,,,,,0,radar_block,reason=momentum_too_small conf=0.0001 mom_sig=0.00006045 raw_mom_bps=0.00000000 spread_bps=0.66390000 tension=0.00006045 bid_drop=0.00039294 ask_drop=0.00000000 swarm=0
2026-07-30T16:48:23Z,328,SKIP,SKIPPED,,,,,0,impulse_resonance_wait,reason=wall_not_collapsed tension=0.91689573 bid_drop=0.00005186 ask_drop=5.95982224
2026-07-30T16:48:31Z,329,SKIP,SKIPPED,,,,,0,impulse_resonance_wait,reason=wall_not_collapsed tension=0.30532621 bid_drop=0.00019711 ask_drop=1.98462038
2026-07-30T16:48:41Z,330,SKIP,SKIPPED,,,,,0,radar_block,reason=momentum_too_small conf=0.0001 mom_sig=0.00003490 raw_mom_bps=0.00000000 spread_bps=0.84920000 tension=0.00003490 bid_drop=0.00000000 ask_drop=0.00022688 swarm=0
2026-07-30T16:48:50Z,331,SKIP,SKIPPED,,,,,0,radar_block,reason=momentum_too_small conf=0.0 mom_sig=0.00000630 raw_mom_bps=0.00000000 spread_bps=0.84920000 tension=0.00000630 bid_drop=0.00000000 ask_drop=0.00004097 swarm=0
2026-07-30T16:48:58Z,332,SKIP,SKIPPED,,,,,0,radar_block,reason=momentum_too_small conf=0.0 mom_sig=0.00002215 raw_mom_bps=0.00000000 spread_bps=1.00360000 tension=0.00002215 bid_drop=0.00000000 ask_drop=0.00014399 swarm=0
2026-07-30T16:49:07Z,333,SKIP,SKIPPED,,,,,0,impulse_resonance_wait,reason=wall_not_collapsed tension=0.67282282 bid_drop=0.00029854 ask_drop=4.37334832
2026-07-30T16:49:16Z,334,SKIP,SKIPPED,,,,,0,radar_block,reason=direction_unclear conf=0.0411 mom_sig=0.02638985 raw_mom_bps=-0.12351302 spread_bps=1.03440000 tension=0.02638985 bid_drop=0.17153405 ask_drop=0.00000000 swarm=0
2026-07-30T16:49:26Z,335,SKIP,SKIPPED,,,,,0,radar_block,reason=momentum_too_small conf=0.0001 mom_sig=0.00004977 raw_mom_bps=0.38598355 spread_bps=0.33970000 tension=0.00004977 bid_drop=0.00032349 ask_drop=0.00000000 swarm=0
2026-07-30T16:49:35Z,336,SKIP,SKIPPED,,,,,0,radar_block,reason=momentum_too_small conf=0.0 mom_sig=0.00000059 raw_mom_bps=0.00000000 spread_bps=0.37050000 tension=0.00000059 bid_drop=0.00000000 ask_drop=0.00000384 swarm=0
2026-07-30T16:49:43Z,337,SKIP,SKIPPED,,,,,0,impulse_resonance_wait,reason=wall_not_collapsed tension=0.22449524 bid_drop=0.00000000 ask_drop=1.45921903
2026-07-30T16:49:52Z,338,SKIP,SKIPPED,,,,,0,tactic_mismatch,mom=short structure=long
2026-07-30T16:50:01Z,339,SKIP,SKIPPED,,,,,0,impulse_resonance_wait,reason=wall_not_collapsed tension=0.25002910 bid_drop=0.00000000 ask_drop=1.62518913
2026-07-30T16:50:10Z,340,SKIP,SKIPPED,,,,,0,impulse_resonance_wait,reason=wall_not_collapsed tension=0.64363962 bid_drop=0.00000000 ask_drop=4.18365751
2026-07-30T16:50:19Z,341,SKIP,SKIPPED,,,,,0,impulse_resonance_wait,reason=wall_not_collapsed tension=0.24028974 bid_drop=1.56188334 ask_drop=0.13640452
2026-07-30T16:50:30Z,342,SKIP,SKIPPED,,,,,0,tension_stale,reason=nuage_age_ms=3038 thresh=800
2026-07-30T16:50:39Z,343,SKIP,SKIPPED,,,,,0,radar_block,reason=momentum_too_small conf=0.347 mom_sig=0.00000000 raw_mom_bps=0.00000000 spread_bps=0.13890000 tension=0.00000000 bid_drop=0.00000000 ask_drop=0.00000000 swarm=0
2026-07-30T16:50:48Z,344,SKIP,SKIPPED,,,,,0,radar_block,reason=momentum_too_small conf=0.347 mom_sig=0.00000000 raw_mom_bps=0.00000000 spread_bps=0.13890000 tension=0.00000000 bid_drop=0.00000000 ask_drop=0.00000000 swarm=0
2026-07-30T16:50:57Z,345,SKIP,SKIPPED,,,,,0,radar_block,reason=momentum_too_small conf=0.3162 mom_sig=0.00000000 raw_mom_bps=0.00000000 spread_bps=1.54390000 tension=0.00000000 bid_drop=0.00000000 ask_drop=0.00000000 swarm=0
2026-07-30T16:51:06Z,346,SKIP,SKIPPED,,,,,0,radar_block,reason=momentum_too_small conf=0.3169 mom_sig=0.00000000 raw_mom_bps=0.00000000 spread_bps=1.51300000 tension=0.00000000 bid_drop=0.00000000 ask_drop=0.00000000 swarm=0
2026-07-30T16:51:15Z,347,SKIP,SKIPPED,,,,,0,radar_block,reason=momentum_too_small conf=0.3321 mom_sig=0.00000000 raw_mom_bps=0.03087721 spread_bps=0.81830000 tension=0.00000000 bid_drop=0.00000000 ask_drop=0.00000000 swarm=0
2026-07-30T16:51:23Z,348,SKIP,SKIPPED,,,,,0,vacuum_filter,reason=cold_absolute tension=2.39196560 threshold=3.0 vortex_mode=OFF
2026-07-30T16:51:32Z,349,SKIP,SKIPPED,,,,,0,impulse_resonance_wait,reason=wall_not_collapsed tension=0.67109188 bid_drop=0.00000000 ask_drop=4.36209725
2026-07-30T16:51:41Z,350,SKIP,SKIPPED,,,,,0,radar_block,reason=momentum_too_small conf=0.0035 mom_sig=0.00240150 raw_mom_bps=0.00000000 spread_bps=1.83710000 tension=0.00240150 bid_drop=0.00000000 ask_drop=0.01560978 swarm=0
2026-07-30T16:51:50Z,351,SKIP,SKIPPED,,,,,0,radar_block,reason=momentum_too_small conf=0.0 mom_sig=0.00000301 raw_mom_bps=-1.83713987 spread_bps=1.94520000 tension=0.00000301 bid_drop=0.00001959 ask_drop=0.00000867 swarm=0
2026-07-30T16:51:59Z,352,SKIP,SKIPPED,,,,,0,radar_block,reason=momentum_too_small conf=0.0001 mom_sig=0.00004039 raw_mom_bps=0.00000000 spread_bps=2.03780000 tension=0.00004039 bid_drop=0.00000000 ask_drop=0.00026252 swarm=0
2026-07-30T16:52:08Z,353,SKIP,SKIPPED,,,,,0,impulse_resonance_wait,reason=wall_not_collapsed tension=0.30981780 bid_drop=2.01381570 ask_drop=0.00001082
2026-07-30T16:52:17Z,354,SKIP,SKIPPED,,,,,0,impulse_resonance_wait,reason=wall_not_collapsed tension=0.93364788 bid_drop=0.00000000 ask_drop=6.06871120
2026-07-30T16:52:25Z,355,SKIP,SKIPPED,,,,,0,radar_block,reason=momentum_too_small conf=0.0 mom_sig=0.00001281 raw_mom_bps=0.00000000 spread_bps=0.74100000 tension=0.00001281 bid_drop=0.00000000 ask_drop=0.00008327 swarm=0
2026-07-30T16:52:34Z,356,SKIP,SKIPPED,,,,,0,impulse_resonance_wait,reason=wall_not_collapsed tension=0.45697141 bid_drop=0.00000000 ask_drop=2.97031417
2026-07-30T16:52:43Z,357,SKIP,SKIPPED,,,,,0,impulse_resonance_wait,reason=wall_not_collapsed tension=0.36429448 bid_drop=0.00000000 ask_drop=2.36791410
2026-07-30T16:52:52Z,358,SKIP,SKIPPED,,,,,0,radar_block,reason=momentum_too_small conf=0.0 mom_sig=0.00000322 raw_mom_bps=0.00000000 spread_bps=4.52220000 tension=0.00000322 bid_drop=0.00000000 ask_drop=0.00002095 swarm=0
2026-07-30T16:53:02Z,359,SKIP,SKIPPED,,,,,0,tension_stale,reason=nuage_age_ms=2254 thresh=800
2026-07-30T16:53:10Z,360,SKIP,SKIPPED,,,,,0,impulse_resonance_wait,reason=wall_not_collapsed tension=0.33966486 bid_drop=0.00000000 ask_drop=2.20782161
2026-07-30T16:53:19Z,361,SKIP,SKIPPED,,,,,0,impulse_resonance_wait,reason=wall_not_collapsed tension=0.26800262 bid_drop=0.95161009 ask_drop=1.74201706
2026-07-30T16:53:28Z,362,SKIP,SKIPPED,,,,,0,radar_block,reason=direction_unclear conf=0.011 mom_sig=0.00721936 raw_mom_bps=0.00000000 spread_bps=1.34240000 tension=0.00721936 bid_drop=0.00000000 ask_drop=0.04692581 swarm=0
2026-07-30T16:53:38Z,363,SKIP,SKIPPED,,,,,0,radar_block,reason=direction_unclear conf=0.1152 mom_sig=0.07184473 raw_mom_bps=1.32717688 spread_bps=0.60180000 tension=0.07184473 bid_drop=0.46699073 ask_drop=0.04635795 swarm=0
2026-07-30T16:53:47Z,364,SKIP,SKIPPED,,,,,0,radar_block,reason=momentum_too_small conf=0.3378 mom_sig=0.00000000 raw_mom_bps=0.55551869 spread_bps=0.55550000 tension=0.00000000 bid_drop=0.00000000 ask_drop=0.00000000 swarm=0
2026-07-30T16:53:56Z,365,SKIP,SKIPPED,,,,,0,radar_block,reason=direction_unclear conf=0.0129 mom_sig=0.09555356 raw_mom_bps=-0.55548783 spread_bps=0.55550000 tension=0.09555356 bid_drop=0.00000000 ask_drop=0.62109815 swarm=0
2026-07-30T16:54:05Z,366,SKIP,SKIPPED,,,,,0,radar_block,reason=momentum_too_small conf=0.0 mom_sig=0.00001630 raw_mom_bps=-0.03086215 spread_bps=0.70980000 tension=0.00001630 bid_drop=0.00000000 ask_drop=0.00010597 swarm=0
2026-07-30T16:54:13Z,367,SKIP,SKIPPED,,,,,0,radar_block,reason=momentum_too_small conf=0.3206 mom_sig=0.00000000 raw_mom_bps=0.43209543 spread_bps=1.34240000 tension=0.00000000 bid_drop=0.00000000 ask_drop=0.00000000 swarm=0
2026-07-30T16:54:24Z,368,SKIP,SKIPPED,,,,,0,radar_block,reason=momentum_too_small conf=0.0 mom_sig=0.00001538 raw_mom_bps=-1.34242893 spread_bps=2.29910000 tension=0.00001538 bid_drop=0.00000000 ask_drop=0.00009997 swarm=0
2026-07-30T16:54:32Z,369,SKIP,SKIPPED,,,,,0,radar_block,reason=momentum_too_small conf=0.326 mom_sig=0.00000000 raw_mom_bps=0.00000000 spread_bps=1.09570000 tension=0.00000000 bid_drop=0.00000000 ask_drop=0.00000000 swarm=0
2026-07-30T16:54:41Z,370,SKIP,SKIPPED,,,,,0,radar_block,reason=momentum_too_small conf=0.0 mom_sig=0.00000297 raw_mom_bps=0.00000000 spread_bps=2.31450000 tension=0.00000297 bid_drop=0.00001928 ask_drop=0.00000000 swarm=0
2026-07-30T16:54:50Z,371,SKIP,SKIPPED,,,,,0,radar_block,reason=direction_unclear conf=0.0116 mom_sig=0.01450168 raw_mom_bps=0.00000000 spread_bps=2.06760000 tension=0.01450168 bid_drop=0.09426091 ask_drop=0.00001656 swarm=0
2026-07-30T16:54:59Z,372,SKIP,SKIPPED,,,,,0,radar_block,reason=direction_unclear conf=0.0242 mom_sig=0.01568525 raw_mom_bps=0.00000000 spread_bps=1.21900000 tension=0.01568525 bid_drop=0.10195413 ask_drop=0.00000000 swarm=0
2026-07-30T16:55:09Z,373,SKIP,SKIPPED,,,,,0,radar_block,reason=direction_unclear conf=0.1363 mom_sig=0.09557564 raw_mom_bps=0.00000000 spread_bps=2.31450000 tension=0.09557564 bid_drop=0.36219980 ask_drop=0.62124165 swarm=0
2026-07-30T16:55:18Z,374,SKIP,SKIPPED,,,,,0,impulse_resonance_wait,reason=wall_not_collapsed tension=0.25955194 bid_drop=0.00000000 ask_drop=1.68708758
2026-07-30T16:55:26Z,375,SKIP,SKIPPED,,,,,0,radar_block,reason=direction_unclear conf=0.2107 mom_sig=0.13929197 raw_mom_bps=0.00000000 spread_bps=1.48130000 tension=0.13929197 bid_drop=0.00000000 ask_drop=0.90539778 swarm=0
2026-07-30T16:55:35Z,376,SKIP,SKIPPED,,,,,0,radar_block,reason=momentum_too_small conf=0.3176 mom_sig=0.00000000 raw_mom_bps=0.00000000 spread_bps=1.48130000 tension=0.00000000 bid_drop=0.00000000 ask_drop=0.00000000 swarm=0
2026-07-30T16:55:44Z,377,SKIP,SKIPPED,,,,,0,impulse_resonance_wait,reason=wall_not_collapsed tension=0.26146150 bid_drop=0.00000000 ask_drop=1.69949977
2026-07-30T16:55:52Z,378,SKIP,SKIPPED,,,,,0,radar_block,reason=momentum_too_small conf=0.0005 mom_sig=0.00029874 raw_mom_bps=0.00000000 spread_bps=1.48130000 tension=0.00029874 bid_drop=0.00000000 ask_drop=0.00194179 swarm=0
2026-07-30T16:56:01Z,379,SKIP,SKIPPED,,,,,0,vacuum_filter,reason=cold_absolute tension=1.56756004 threshold=3.0 vortex_mode=OFF
2026-07-30T16:56:10Z,380,SKIP,SKIPPED,,,,,0,vacuum_filter,reason=cold_absolute tension=1.33861902 threshold=3.0 vortex_mode=OFF
2026-07-30T16:56:18Z,381,SKIP,SKIPPED,,,,,0,vacuum_filter,reason=cold_absolute tension=1.17956952 threshold=3.0 vortex_mode=OFF
2026-07-30T16:56:28Z,382,SKIP,SKIPPED,,,,,0,radar_block,reason=momentum_too_small conf=0.0008 mom_sig=0.00055910 raw_mom_bps=0.00000000 spread_bps=2.59220000 tension=0.00055910 bid_drop=0.00363417 ask_drop=0.00000000 swarm=0
2026-07-30T16:56:36Z,383,SKIP,SKIPPED,,,,,0,radar_block,reason=momentum_too_small conf=0.0 mom_sig=0.00001126 raw_mom_bps=0.00000000 spread_bps=0.33950000 tension=0.00001126 bid_drop=0.00007321 ask_drop=0.00000000 swarm=0
2026-07-30T16:56:45Z,384,SKIP,SKIPPED,,,,,0,radar_block,reason=momentum_too_small conf=0.0007 mom_sig=0.00049785 raw_mom_bps=2.03726026 spread_bps=2.59220000 tension=0.00049785 bid_drop=0.00323601 ask_drop=0.00005292 swarm=0
2026-07-30T16:56:54Z,385,SKIP,SKIPPED,,,,,0,radar_block,reason=momentum_too_small conf=0.3284 mom_sig=0.00000000 raw_mom_bps=-2.03684530 spread_bps=0.98750000 tension=0.00000000 bid_drop=0.00000000 ask_drop=0.00000000 swarm=0
2026-07-30T16:57:03Z,386,SKIP,SKIPPED,,,,,0,radar_block,reason=momentum_too_small conf=0.0005 mom_sig=0.00039048 raw_mom_bps=0.00000000 spread_bps=2.59220000 tension=0.00039048 bid_drop=0.00253813 ask_drop=0.00000000 swarm=0
2026-07-30T16:57:12Z,387,SKIP,SKIPPED,,,,,0,radar_block,reason=momentum_too_small conf=0.3497 mom_sig=0.00000000 raw_mom_bps=0.00000000 spread_bps=0.01540000 tension=0.00000000 bid_drop=0.00000000 ask_drop=0.00000000 swarm=0
2026-07-30T16:57:21Z,388,SKIP,SKIPPED,,,,,0,radar_block,reason=momentum_too_small conf=0.3149 mom_sig=0.00000000 raw_mom_bps=-1.09567901 spread_bps=1.60490000 tension=0.00000000 bid_drop=0.00000000 ask_drop=0.00000000 swarm=0
2026-07-30T16:57:29Z,389,SKIP,SKIPPED,,,,,0,radar_block,reason=momentum_too_small conf=0.3149 mom_sig=0.00000000 raw_mom_bps=0.00000000 spread_bps=1.60490000 tension=0.00000000 bid_drop=0.00000000 ask_drop=0.00000000 swarm=0
2026-07-30T16:57:38Z,390,SKIP,SKIPPED,,,,,0,impulse_resonance_wait,reason=wall_not_collapsed tension=0.27224598 bid_drop=0.00000000 ask_drop=1.76959888
2026-07-30T16:57:47Z,391,SKIP,SKIPPED,,,,,0,radar_block,reason=direction_unclear conf=0.1779 mom_sig=0.11387418 raw_mom_bps=0.40126986 spread_bps=1.00300000 tension=0.11387418 bid_drop=0.74018215 ask_drop=0.00000000 swarm=0
2026-07-30T16:57:56Z,392,SKIP,SKIPPED,,,,,0,radar_block,reason=momentum_too_small conf=0.3456 mom_sig=0.00000000 raw_mom_bps=0.00000000 spread_bps=0.20060000 tension=0.00000000 bid_drop=0.00000000 ask_drop=0.00000000 swarm=0
2026-07-30T16:58:04Z,393,SKIP,SKIPPED,,,,,0,radar_block,reason=momentum_too_small conf=0.0 mom_sig=0.00000848 raw_mom_bps=1.40444669 spread_bps=1.60490000 tension=0.00000848 bid_drop=0.00005514 ask_drop=0.00000000 swarm=0
2026-07-30T16:58:13Z,394,SKIP,SKIPPED,,,,,0,radar_block,reason=direction_unclear conf=0.2873 mom_sig=0.19162304 raw_mom_bps=0.00000000 spread_bps=1.60490000 tension=0.19162304 bid_drop=1.24554978 ask_drop=0.00005441 swarm=0
2026-07-30T16:58:22Z,395,SKIP,SKIPPED,,,,,0,radar_block,reason=direction_unclear conf=0.2053 mom_sig=0.13689101 raw_mom_bps=-1.60485654 spread_bps=1.60490000 tension=0.13689101 bid_drop=0.88979157 ask_drop=0.00000000 swarm=0
2026-07-30T16:58:30Z,396,SKIP,SKIPPED,,,,,0,impulse_resonance_wait,reason=wall_not_collapsed tension=0.64743270 bid_drop=4.20831254 ask_drop=0.00000000
2026-07-30T16:58:39Z,397,SKIP,SKIPPED,,,,,0,radar_block,reason=momentum_too_small conf=0.3287 mom_sig=0.00000000 raw_mom_bps=0.00000000 spread_bps=0.97220000 tension=0.00000000 bid_drop=0.00000000 ask_drop=0.00000000 swarm=1
2026-07-30T16:58:48Z,398,SKIP,SKIPPED,,,,,0,impulse_resonance_wait,reason=wall_not_collapsed tension=0.37982000 bid_drop=2.46882999 ask_drop=0.00000000
2026-07-30T16:58:57Z,399,SKIP,SKIPPED,,,,,0,radar_block,reason=momentum_too_small conf=0.3301 mom_sig=0.00000000 raw_mom_bps=0.00000000 spread_bps=0.91050000 tension=0.00000000 bid_drop=0.00000000 ask_drop=0.00000000 swarm=1
2026-07-30T16:59:06Z,400,SKIP,SKIPPED,,,,,0,radar_block,reason=momentum_too_small conf=0.0001 mom_sig=0.00005110 raw_mom_bps=0.00000000 spread_bps=1.09570000 tension=0.00005110 bid_drop=0.00000000 ask_drop=0.00033213 swarm=0
2026-07-30T16:59:14Z,401,SKIP,SKIPPED,,,,,0,radar_block,reason=momentum_too_small conf=0.0001 mom_sig=0.00003358 raw_mom_bps=0.00000000 spread_bps=1.09570000 tension=0.00003358 bid_drop=0.00021830 ask_drop=0.00000000 swarm=0
2026-07-30T16:59:24Z,402,SKIP,SKIPPED,,,,,0,vacuum_filter,reason=cold_absolute tension=1.01982866 threshold=3.0 vortex_mode=OFF
2026-07-30T16:59:34Z,403,SKIP,SKIPPED,,,,,0,radar_block,reason=momentum_too_small conf=0.0 mom_sig=0.00000422 raw_mom_bps=0.00000000 spread_bps=1.60490000 tension=0.00000422 bid_drop=0.00002740 ask_drop=0.00000000 swarm=0
2026-07-30T16:59:44Z,404,SKIP,SKIPPED,,,,,0,radar_block,reason=momentum_too_small conf=0.0001 mom_sig=0.00003758 raw_mom_bps=0.00000000 spread_bps=1.74380000 tension=0.00003758 bid_drop=0.00024424 ask_drop=0.00000000 swarm=0
2026-07-30T16:59:55Z,405,SKIP,SKIPPED,,,,,0,radar_block,reason=momentum_too_small conf=0.3132 mom_sig=0.00000000 raw_mom_bps=0.33957692 spread_bps=1.68210000 tension=0.00000000 bid_drop=0.00000000 ask_drop=0.00000000 swarm=0
2026-07-30T17:00:06Z,406,SKIP,SKIPPED,,,,,0,radar_block,reason=momentum_too_small conf=0.3027 mom_sig=0.00000000 raw_mom_bps=0.00000000 spread_bps=2.16050000 tension=0.00000000 bid_drop=0.00000000 ask_drop=0.00000000 swarm=0
2026-07-30T17:00:17Z,407,SKIP,SKIPPED,,,,,0,radar_block,reason=momentum_too_small conf=0.0 mom_sig=0.00000468 raw_mom_bps=-1.69753086 spread_bps=0.09260000 tension=0.00000468 bid_drop=0.00003043 ask_drop=0.00000000 swarm=0
2026-07-30T17:00:27Z,408,SKIP,SKIPPED,,,,,0,radar_block,reason=momentum_too_small conf=0.3267 mom_sig=0.00000000 raw_mom_bps=0.57111104 spread_bps=1.06490000 tension=0.00000000 bid_drop=0.00000000 ask_drop=0.00000000 swarm=0
2026-07-30T17:00:37Z,409,SKIP,SKIPPED,,,,,0,tension_stale,reason=nuage_age_ms=7123 thresh=800
2026-07-30T17:00:46Z,410,SKIP,SKIPPED,,,,,0,radar_block,reason=momentum_too_small conf=0.3257 mom_sig=0.00000000 raw_mom_bps=0.16977431 spread_bps=1.11120000 tension=0.00000000 bid_drop=0.00000000 ask_drop=0.00000000 swarm=0
2026-07-30T17:00:55Z,411,SKIP,SKIPPED,,,,,0,radar_block,reason=momentum_too_small conf=0.0 mom_sig=0.00001082 raw_mom_bps=0.00000000 spread_bps=1.26550000 tension=0.00001082 bid_drop=0.00000000 ask_drop=0.00007034 swarm=0
2026-07-30T17:01:05Z,412,SKIP,SKIPPED,,,,,0,radar_block,reason=momentum_too_small conf=0.322 mom_sig=0.00000000 raw_mom_bps=0.00000000 spread_bps=1.28100000 tension=0.00000000 bid_drop=0.00000000 ask_drop=0.00000000 swarm=0
2026-07-30T17:01:14Z,413,SKIP,SKIPPED,,,,,0,radar_block,reason=momentum_too_small conf=0.0002 mom_sig=0.00013836 raw_mom_bps=0.00000000 spread_bps=1.28100000 tension=0.00013836 bid_drop=0.00003804 ask_drop=0.00089937 swarm=0
2026-07-30T17:01:23Z,414,SKIP,SKIPPED,,,,,0,vacuum_filter,reason=cold_absolute tension=1.12071689 threshold=3.0 vortex_mode=OFF
2026-07-30T17:01:31Z,415,SKIP,SKIPPED,,,,,0,impulse_resonance_wait,reason=wall_not_collapsed tension=0.49748660 bid_drop=0.00000000 ask_drop=3.23366291
2026-07-30T17:01:40Z,416,SKIP,SKIPPED,,,,,0,radar_block,reason=momentum_too_small conf=0.0 mom_sig=0.00001443 raw_mom_bps=0.01543348 spread_bps=1.28100000 tension=0.00001443 bid_drop=0.00000000 ask_drop=0.00009378 swarm=0
2026-07-30T17:01:49Z,417,SKIP,SKIPPED,,,,,0,radar_block,reason=momentum_too_small conf=0.0 mom_sig=0.00000806 raw_mom_bps=0.00000000 spread_bps=1.28100000 tension=0.00000806 bid_drop=0.00000000 ask_drop=0.00005238 swarm=0
2026-07-30T17:01:58Z,418,SKIP,SKIPPED,,,,,0,radar_block,reason=momentum_too_small conf=0.0001 mom_sig=0.00003878 raw_mom_bps=0.00000000 spread_bps=1.26550000 tension=0.00003878 bid_drop=0.00006469 ask_drop=0.00025207 swarm=0
2026-07-30T17:02:07Z,419,SKIP,SKIPPED,,,,,0,radar_block,reason=momentum_too_small conf=0.0 mom_sig=0.00001532 raw_mom_bps=0.01543543 spread_bps=3.65690000 tension=0.00001532 bid_drop=0.00000000 ask_drop=0.00009955 swarm=1
2026-07-30T17:02:16Z,420,SKIP,SKIPPED,,,,,0,tension_stale,reason=nuage_age_ms=1540 thresh=800
2026-07-30T17:02:25Z,421,SKIP,SKIPPED,,,,,0,impulse_resonance_wait,reason=wall_not_collapsed tension=0.55337746 bid_drop=0.00000000 ask_drop=3.59695352
2026-07-30T17:02:34Z,422,SKIP,SKIPPED,,,,,0,radar_block,reason=momentum_too_small conf=0.2697 mom_sig=0.00000000 raw_mom_bps=0.00000000 spread_bps=3.67230000 tension=0.00000000 bid_drop=0.00000000 ask_drop=0.00000000 swarm=1
2026-07-30T17:03:15Z,423,BUY,FILLED,64809.70000000,64809.70000000,0.25960000,0.00000000,0.00000000,shock_inversion_stop,radar=long conf=0.8688 size_note=strong_conf_full+aspiration_1.618x+entry_25_75_full soft=0 pct=0.00000000 tension=3.30869198 bid_drop=0.00000000 ask_drop=21.50649789
2026-07-30T17:03:27Z,424,SKIP,SKIPPED,,,,,0,impulse_resonance_wait,reason=wall_not_collapsed tension=0.79877909 bid_drop=0.00022415 ask_drop=5.19206407
2026-07-30T17:03:38Z,425,SKIP,SKIPPED,,,,,0,tension_stale,reason=nuage_age_ms=3668 thresh=800
2026-07-30T17:03:49Z,426,SKIP,SKIPPED,,,,,0,impulse_resonance_wait,reason=wall_not_collapsed tension=0.31239023 bid_drop=0.00000000 ask_drop=2.03053652
2026-07-30T17:04:14Z,427,SKIP,SKIPPED,,,,,0,tension_stale,reason=nuage_age_ms=19943 thresh=800
2026-07-30T17:04:24Z,428,SKIP,SKIPPED,,,,,0,radar_block,reason=momentum_too_small conf=0.3395 mom_sig=0.00000000 raw_mom_bps=0.00000000 spread_bps=0.47850000 tension=0.00000000 bid_drop=0.00000000 ask_drop=0.00000000 swarm=1
2026-07-30T17:04:34Z,429,SKIP,SKIPPED,,,,,0,radar_block,reason=momentum_too_small conf=0.3395 mom_sig=0.00000000 raw_mom_bps=0.00000000 spread_bps=0.47850000 tension=0.00000000 bid_drop=0.00000000 ask_drop=0.00000000 swarm=1
2026-07-30T17:04:46Z,430,SKIP,SKIPPED,,,,,0,radar_block,reason=direction_unclear conf=0.0129 mom_sig=0.07893719 raw_mom_bps=0.00000000 spread_bps=0.47850000 tension=0.07893719 bid_drop=0.00002076 ask_drop=0.51309173 swarm=1
2026-07-30T17:04:56Z,431,SKIP,SKIPPED,,,,,0,radar_block,reason=momentum_too_small conf=0.0 mom_sig=0.00000593 raw_mom_bps=3.07150905 spread_bps=3.54890000 tension=0.00000593 bid_drop=0.00003855 ask_drop=0.00000000 swarm=0
2026-07-30T17:05:07Z,432,SKIP,SKIPPED,,,,,0,tactic_mismatch,mom=short structure=long
2026-07-30T17:05:17Z,433,SKIP,SKIPPED,,,,,0,radar_block,reason=momentum_too_small conf=0.0003 mom_sig=0.00016606 raw_mom_bps=0.24688767 spread_bps=0.01540000 tension=0.00016606 bid_drop=0.00107941 ask_drop=0.00000000 swarm=0
2026-07-30T17:05:26Z,434,SKIP,SKIPPED,,,,,0,radar_block,reason=momentum_too_small conf=0.2737 mom_sig=0.00000000 raw_mom_bps=-0.01543007 spread_bps=3.48720000 tension=0.00000000 bid_drop=0.00000000 ask_drop=0.00000000 swarm=0
2026-07-30T17:05:37Z,435,SKIP,SKIPPED,,,,,0,impulse_resonance_wait,reason=wall_not_collapsed tension=0.92276947 bid_drop=5.99800158 ask_drop=0.00006541
2026-07-30T17:05:47Z,436,SKIP,SKIPPED,,,,,0,radar_block,reason=momentum_too_small conf=0.2737 mom_sig=0.00000000 raw_mom_bps=0.00000000 spread_bps=3.48720000 tension=0.00000000 bid_drop=0.00000000 ask_drop=0.00000000 swarm=0
2026-07-30T17:05:58Z,437,SKIP,SKIPPED,,,,,0,radar_block,reason=momentum_too_small conf=0.2764 mom_sig=0.00000000 raw_mom_bps=0.01543007 spread_bps=3.36370000 tension=0.00000000 bid_drop=0.00000000 ask_drop=0.00000000 swarm=0
2026-07-30T17:06:08Z,438,SKIP,SKIPPED,,,,,0,radar_block,reason=momentum_too_small conf=0.3439 mom_sig=0.00000000 raw_mom_bps=0.00000000 spread_bps=0.27770000 tension=0.00000000 bid_drop=0.00000000 ask_drop=0.00000000 swarm=0
2026-07-30T17:06:18Z,439,SKIP,SKIPPED,,,,,0,radar_block,reason=momentum_too_small conf=0.3439 mom_sig=0.00000000 raw_mom_bps=0.00000000 spread_bps=0.27770000 tension=0.00000000 bid_drop=0.00000000 ask_drop=0.00000000 swarm=0
2026-07-30T17:06:28Z,440,SKIP,SKIPPED,,,,,0,radar_block,reason=momentum_too_small conf=0.3392 mom_sig=0.00000000 raw_mom_bps=0.00000000 spread_bps=0.49370000 tension=0.00000000 bid_drop=0.00000000 ask_drop=0.00000000 swarm=0
2026-07-30T17:06:38Z,441,SKIP,SKIPPED,,,,,0,radar_block,reason=momentum_too_small conf=0.3392 mom_sig=0.00000000 raw_mom_bps=0.06171763 spread_bps=0.49370000 tension=0.00000000 bid_drop=0.00000000 ask_drop=0.00000000 swarm=0
2026-07-30T17:06:48Z,442,SKIP,SKIPPED,,,,,0,radar_block,reason=momentum_too_small conf=0.3335 mom_sig=0.00000000 raw_mom_bps=0.00000000 spread_bps=0.75600000 tension=0.00000000 bid_drop=0.00000000 ask_drop=0.00000000 swarm=0
2026-07-30T17:06:58Z,443,SKIP,SKIPPED,,,,,0,impulse_resonance_wait,reason=wall_not_collapsed tension=0.68024777 bid_drop=0.00003054 ask_drop=4.42161052
2026-07-30T17:07:07Z,444,SKIP,SKIPPED,,,,,0,impulse_resonance_wait,reason=wall_not_collapsed tension=0.96448310 bid_drop=0.00009925 ask_drop=6.26914016
2026-07-30T17:07:17Z,445,SKIP,SKIPPED,,,,,0,impulse_resonance_wait,reason=wall_not_collapsed tension=0.64066264 bid_drop=0.00000000 ask_drop=4.16430718
2026-07-30T17:07:27Z,446,SKIP,SKIPPED,,,,,0,impulse_resonance_wait,reason=wall_not_collapsed tension=0.42034298 bid_drop=0.00003054 ask_drop=2.73222934
2026-07-30T17:07:37Z,447,SKIP,SKIPPED,,,,,0,radar_block,reason=momentum_too_small conf=0.0 mom_sig=0.00001932 raw_mom_bps=0.00000000 spread_bps=1.45020000 tension=0.00001932 bid_drop=0.00003248 ask_drop=0.00012561 swarm=0
2026-07-30T17:07:48Z,448,SKIP,SKIPPED,,,,,0,radar_block,reason=momentum_too_small conf=0.0 mom_sig=0.00000215 raw_mom_bps=0.00000000 spread_bps=1.45020000 tension=0.00000215 bid_drop=0.00000000 ask_drop=0.00001396 swarm=0
2026-07-30T17:07:58Z,449,SKIP,SKIPPED,,,,,0,radar_block,reason=momentum_too_small conf=0.0 mom_sig=0.00000778 raw_mom_bps=0.00000000 spread_bps=1.46560000 tension=0.00000778 bid_drop=0.00005058 ask_drop=0.00000000 swarm=0
2026-07-30T17:08:09Z,450,SKIP,SKIPPED,,,,,0,radar_block,reason=momentum_too_small conf=0.3179 mom_sig=0.00000000 raw_mom_bps=0.00000000 spread_bps=1.46560000 tension=0.00000000 bid_drop=0.00000000 ask_drop=0.00000000 swarm=0
2026-07-30T17:08:18Z,451,SKIP,SKIPPED,,,,,0,radar_block,reason=momentum_too_small conf=0.0027 mom_sig=0.00179050 raw_mom_bps=0.00000000 spread_bps=1.46560000 tension=0.00179050 bid_drop=0.00000000 ask_drop=0.01163826 swarm=0
2026-07-30T17:08:28Z,452,SKIP,SKIPPED,,,,,0,radar_block,reason=momentum_too_small conf=0.3179 mom_sig=0.00000000 raw_mom_bps=0.00000000 spread_bps=1.46560000 tension=0.00000000 bid_drop=0.00000000 ask_drop=0.00000000 swarm=0
2026-07-30T17:08:37Z,453,SKIP,SKIPPED,,,,,0,radar_block,reason=momentum_too_small conf=0.0 mom_sig=0.00000644 raw_mom_bps=0.00000000 spread_bps=1.46560000 tension=0.00000644 bid_drop=0.00000000 ask_drop=0.00004189 swarm=0
2026-07-30T17:08:45Z,454,SKIP,SKIPPED,,,,,0,radar_block,reason=momentum_too_small conf=0.0078 mom_sig=0.00480526 raw_mom_bps=1.00295641 spread_bps=0.38570000 tension=0.00480526 bid_drop=0.03123421 ask_drop=0.00000000 swarm=0
2026-07-30T17:08:55Z,455,SKIP,SKIPPED,,,,,0,impulse_resonance_wait,reason=wall_not_collapsed tension=0.96559138 bid_drop=6.27634395 ask_drop=0.00000000
2026-07-30T17:09:05Z,456,SKIP,SKIPPED,,,,,0,vacuum_filter,reason=cold_absolute tension=1.38800346 threshold=3.0 vortex_mode=OFF
2026-07-30T17:09:13Z,457,SKIP,SKIPPED,,,,,0,radar_block,reason=momentum_too_small conf=0.3399 mom_sig=0.00000000 raw_mom_bps=-0.46283511 spread_bps=0.46280000 tension=0.00000000 bid_drop=0.00000000 ask_drop=0.00000000 swarm=0
2026-07-30T17:09:23Z,458,SKIP,SKIPPED,,,,,0,impulse_resonance_wait,reason=wall_not_collapsed tension=0.86298470 bid_drop=5.60940057 ask_drop=0.00000000
2026-07-30T17:09:33Z,459,SKIP,SKIPPED,,,,,0,radar_block,reason=direction_unclear conf=0.0077 mom_sig=0.00530954 raw_mom_bps=0.00000000 spread_bps=2.14450000 tension=0.00530954 bid_drop=0.00000000 ask_drop=0.03451199 swarm=1
2026-07-30T17:09:43Z,460,SKIP,SKIPPED,,,,,0,vacuum_filter,reason=cold_absolute tension=1.48948885 threshold=3.0 vortex_mode=OFF
2026-07-30T17:09:52Z,461,SKIP,SKIPPED,,,,,0,radar_block,reason=momentum_too_small conf=0.2788 mom_sig=0.00000000 raw_mom_bps=-0.07716597 spread_bps=3.25530000 tension=0.00000000 bid_drop=0.00000000 ask_drop=0.00000000 swarm=0
2026-07-30T17:10:01Z,462,SKIP,SKIPPED,,,,,0,radar_block,reason=momentum_too_small conf=0.0 mom_sig=0.00000503 raw_mom_bps=0.00000000 spread_bps=3.27070000 tension=0.00000503 bid_drop=0.00000000 ask_drop=0.00003267 swarm=0
2026-07-30T17:10:10Z,463,SKIP,SKIPPED,,,,,0,radar_block,reason=direction_unclear conf=0.0135 mom_sig=0.01017296 raw_mom_bps=0.00000000 spread_bps=3.23980000 tension=0.01017296 bid_drop=0.06612422 ask_drop=0.00000000 swarm=0
2026-07-30T17:10:19Z,464,SKIP,SKIPPED,,,,,0,radar_block,reason=momentum_too_small conf=0.0 mom_sig=0.00003952 raw_mom_bps=0.00000000 spread_bps=4.45840000 tension=0.00003952 bid_drop=0.00001596 ask_drop=0.00025690 swarm=0
2026-07-30T17:10:29Z,465,SKIP,SKIPPED,,,,,0,radar_block,reason=direction_unclear conf=0.0249 mom_sig=0.01753422 raw_mom_bps=0.00000000 spread_bps=2.36080000 tension=0.01753422 bid_drop=0.11397244 ask_drop=0.00000000 swarm=0
2026-07-30T17:10:38Z,466,SKIP,SKIPPED,,,,,0,impulse_resonance_wait,reason=wall_not_collapsed tension=0.83327078 bid_drop=0.00003649 ask_drop=5.41626004
2026-07-30T17:10:47Z,467,SKIP,SKIPPED,,,,,0,radar_block,reason=momentum_too_small conf=0.0094 mom_sig=0.00590039 raw_mom_bps=2.23736429 spread_bps=0.78680000 tension=0.00590039 bid_drop=0.00000000 ask_drop=0.03835251 swarm=0
2026-07-30T17:10:56Z,468,SKIP,SKIPPED,,,,,0,radar_block,reason=momentum_too_small conf=0.298 mom_sig=0.00000000 raw_mom_bps=-0.75596518 spread_bps=2.37620000 tension=0.00000000 bid_drop=0.00000000 ask_drop=0.00000000 swarm=0
2026-07-30T17:11:06Z,469,SKIP,SKIPPED,,,,,0,radar_block,reason=momentum_too_small conf=0.0037 mom_sig=0.00259509 raw_mom_bps=0.00000000 spread_bps=2.37620000 tension=0.00259509 bid_drop=0.01686808 ask_drop=0.00000000 swarm=0
2026-07-30T17:11:15Z,470,SKIP,SKIPPED,,,,,0,radar_block,reason=direction_unclear conf=0.0082 mom_sig=0.00524266 raw_mom_bps=-0.06172030 spread_bps=1.06480000 tension=0.00524266 bid_drop=0.03407730 ask_drop=0.00003970 swarm=1
2026-07-30T17:11:25Z,471,SKIP,SKIPPED,,,,,0,radar_block,reason=momentum_too_small conf=0.2434 mom_sig=0.00000000 raw_mom_bps=1.06492821 spread_bps=4.87480000 tension=0.00000000 bid_drop=0.00000000 ask_drop=0.00000000 swarm=0
2026-07-30T17:11:35Z,472,SKIP,SKIPPED,,,,,0,impulse_resonance_wait,reason=wall_not_collapsed tension=0.25391792 bid_drop=1.65046650 ask_drop=0.00000000
2026-07-30T17:11:45Z,473,SKIP,SKIPPED,,,,,0,radar_block,reason=momentum_too_small conf=0.0039 mom_sig=0.00251531 raw_mom_bps=0.00000000 spread_bps=1.23410000 tension=0.00251531 bid_drop=0.01634951 ask_drop=0.00000000 swarm=0
2026-07-30T17:11:54Z,474,SKIP,SKIPPED,,,,,0,impulse_resonance_wait,reason=wall_not_collapsed tension=0.30917512 bid_drop=2.00963828 ask_drop=0.00000000
2026-07-30T17:12:03Z,475,SKIP,SKIPPED,,,,,0,radar_block,reason=momentum_too_small conf=0.0 mom_sig=0.00002511 raw_mom_bps=0.00000000 spread_bps=1.23410000 tension=0.00002511 bid_drop=0.00016322 ask_drop=0.00000000 swarm=0
2026-07-30T17:12:11Z,476,SKIP,SKIPPED,,,,,0,radar_block,reason=momentum_too_small conf=0.0035 mom_sig=0.00229936 raw_mom_bps=0.00000000 spread_bps=1.23410000 tension=0.00229936 bid_drop=0.00000000 ask_drop=0.01494584 swarm=0
2026-07-30T17:12:20Z,477,SKIP,SKIPPED,,,,,0,radar_block,reason=spread_too_wide conf=0.0 mom_sig=0.00003667 raw_mom_bps=0.00000000 spread_bps=8.39210000 tension=0.00003667 bid_drop=0.00004093 ask_drop=0.00023837 swarm=0
2026-07-30T17:12:28Z,478,SKIP,SKIPPED,,,,,0,radar_block,reason=spread_too_wide conf=0.0 mom_sig=0.00002262 raw_mom_bps=0.00000000 spread_bps=10.08900000 tension=0.00002262 bid_drop=0.00000000 ask_drop=0.00014700 swarm=0
2026-07-30T17:12:37Z,479,SKIP,SKIPPED,,,,,0,radar_block,reason=momentum_too_small conf=0.3419 mom_sig=0.00000000 raw_mom_bps=2.08470061 spread_bps=0.37070000 tension=0.00000000 bid_drop=0.00000000 ask_drop=0.00000000 swarm=0
2026-07-30T17:12:45Z,480,SKIP,SKIPPED,,,,,0,radar_block,reason=momentum_too_small conf=0.349 mom_sig=0.00000000 raw_mom_bps=0.00000000 spread_bps=0.04630000 tension=0.00000000 bid_drop=0.00000000 ask_drop=0.00000000 swarm=0
2026-07-30T17:12:55Z,481,SKIP,SKIPPED,,,,,0,radar_block,reason=momentum_too_small conf=0.0 mom_sig=0.00001993 raw_mom_bps=0.00000000 spread_bps=0.01540000 tension=0.00001993 bid_drop=0.00012956 ask_drop=0.00000000 swarm=0
2026-07-30T17:13:04Z,482,SKIP,SKIPPED,,,,,0,radar_block,reason=direction_unclear conf=0.0147 mom_sig=0.00905425 raw_mom_bps=0.01544495 spread_bps=0.37070000 tension=0.00905425 bid_drop=0.05885262 ask_drop=0.00000000 swarm=0
2026-07-30T17:13:12Z,483,SKIP,SKIPPED,,,,,0,radar_block,reason=momentum_too_small conf=0.0 mom_sig=0.00001418 raw_mom_bps=0.00000000 spread_bps=0.37070000 tension=0.00001418 bid_drop=0.00000000 ask_drop=0.00009220 swarm=0
2026-07-30T17:13:21Z,484,SKIP,SKIPPED,,,,,0,radar_block,reason=momentum_too_small conf=0.0 mom_sig=0.00001666 raw_mom_bps=-0.21622891 spread_bps=0.16990000 tension=0.00001666 bid_drop=0.00010828 ask_drop=0.00000000 swarm=0
2026-07-30T17:13:30Z,485,SKIP,SKIPPED,,,,,0,radar_block,reason=momentum_too_small conf=0.3419 mom_sig=0.00000000 raw_mom_bps=-0.16989755 spread_bps=0.37070000 tension=0.00000000 bid_drop=0.00000000 ask_drop=0.00000000 swarm=0
2026-07-30T17:13:39Z,486,SKIP,SKIPPED,,,,,0,radar_block,reason=momentum_too_small conf=0.0008 mom_sig=0.00051453 raw_mom_bps=0.00000000 spread_bps=0.37070000 tension=0.00051453 bid_drop=0.00000000 ask_drop=0.00334444 swarm=0
2026-07-30T17:13:47Z,487,SKIP,SKIPPED,,,,,0,radar_block,reason=momentum_too_small conf=0.3341 mom_sig=0.00000000 raw_mom_bps=0.00000000 spread_bps=0.72590000 tension=0.00000000 bid_drop=0.00000000 ask_drop=0.00000000 swarm=0
2026-07-30T17:13:55Z,488,SKIP,SKIPPED,,,,,0,vacuum_filter,reason=cold_absolute tension=1.45916322 threshold=3.0 vortex_mode=OFF
2026-07-30T17:14:04Z,489,SKIP,SKIPPED,,,,,0,radar_block,reason=momentum_too_small conf=0.0 mom_sig=0.00000216 raw_mom_bps=0.00000000 spread_bps=1.48250000 tension=0.00000216 bid_drop=0.00001404 ask_drop=0.00000000 swarm=0
2026-07-30T17:14:14Z,490,SKIP,SKIPPED,,,,,0,radar_block,reason=momentum_too_small conf=0.0 mom_sig=0.00002100 raw_mom_bps=-0.09265823 spread_bps=1.62150000 tension=0.00002100 bid_drop=0.00000000 ask_drop=0.00013652 swarm=1
2026-07-30T17:14:22Z,491,SKIP,SKIPPED,,,,,0,radar_block,reason=momentum_too_small conf=0.0 mom_sig=0.00000590 raw_mom_bps=0.00000000 spread_bps=0.77220000 tension=0.00000590 bid_drop=0.00003008 ask_drop=0.00003832 swarm=1
2026-07-30T17:14:31Z,492,SKIP,SKIPPED,,,,,0,impulse_resonance_wait,reason=wall_not_collapsed tension=0.83713276 bid_drop=0.16790241 ask_drop=5.44136297
2026-07-30T17:14:40Z,493,SKIP,SKIPPED,,,,,0,vacuum_filter,reason=cold_absolute tension=2.44002853 threshold=3.0 vortex_mode=OFF
2026-07-30T17:14:50Z,494,SKIP,SKIPPED,,,,,0,radar_block,reason=direction_unclear conf=0.0127 mom_sig=0.01564688 raw_mom_bps=0.77227472 spread_bps=0.77220000 tension=0.01564688 bid_drop=0.00001809 ask_drop=0.10170474 swarm=0
2026-07-30T17:14:59Z,495,SKIP,SKIPPED,,,,,0,impulse_resonance_wait,reason=wall_not_collapsed tension=0.79035462 bid_drop=0.00000000 ask_drop=5.13730500
2026-07-30T17:15:07Z,496,SKIP,SKIPPED,,,,,0,radar_block,reason=momentum_too_small conf=0.0001 mom_sig=0.00006506 raw_mom_bps=0.00000000 spread_bps=0.26250000 tension=0.00006506 bid_drop=0.00042292 ask_drop=0.00019273 swarm=0
2026-07-30T17:15:17Z,497,SKIP,SKIPPED,,,,,0,radar_block,reason=momentum_too_small conf=0.0 mom_sig=0.00002256 raw_mom_bps=0.26248664 spread_bps=0.26250000 tension=0.00002256 bid_drop=0.00014667 ask_drop=0.00000000 swarm=0
2026-07-30T17:15:25Z,498,SKIP,SKIPPED,,,,,0,radar_block,reason=momentum_too_small conf=0.0074 mom_sig=0.00453140 raw_mom_bps=0.00000000 spread_bps=0.26250000 tension=0.00453140 bid_drop=0.02945407 ask_drop=0.00000000 swarm=0
2026-07-30T17:15:34Z,499,SKIP,SKIPPED,,,,,0,radar_block,reason=momentum_too_small conf=0.0036 mom_sig=0.00218129 raw_mom_bps=0.00000000 spread_bps=0.26250000 tension=0.00218129 bid_drop=0.00000000 ask_drop=0.01417839 swarm=0
2026-07-30T17:15:43Z,500,SKIP,SKIPPED,,,,,0,impulse_resonance_wait,reason=wall_not_collapsed tension=0.35068925 bid_drop=0.00107983 ask_drop=2.27948010
2026-07-30T17:15:51Z,501,SKIP,SKIPPED,,,,,0,radar_block,reason=momentum_too_small conf=0.3422 mom_sig=0.00000000 raw_mom_bps=0.01543999 spread_bps=0.35510000 tension=0.00000000 bid_drop=0.00000000 ask_drop=0.00000000 swarm=0
2026-07-30T17:16:00Z,502,SKIP,SKIPPED,,,,,0,radar_block,reason=momentum_too_small conf=0.3443 mom_sig=0.00000000 raw_mom_bps=0.00000000 spread_bps=0.26250000 tension=0.00000000 bid_drop=0.00000000 ask_drop=0.00000000 swarm=0
2026-07-30T17:16:08Z,503,SKIP,SKIPPED,,,,,0,radar_block,reason=momentum_too_small conf=0.0 mom_sig=0.00000418 raw_mom_bps=0.00000000 spread_bps=0.23160000 tension=0.00000418 bid_drop=0.00002719 ask_drop=0.00000000 swarm=0
2026-07-30T17:16:17Z,504,SKIP,SKIPPED,,,,,0,impulse_resonance_wait,reason=wall_not_collapsed tension=0.25206039 bid_drop=1.63839251 ask_drop=0.00000000
2026-07-30T17:16:26Z,505,SKIP,SKIPPED,,,,,0,radar_block,reason=momentum_too_small conf=0.3291 mom_sig=0.00000000 raw_mom_bps=-0.26249556 spread_bps=0.95730000 tension=0.00000000 bid_drop=0.00000000 ask_drop=0.00000000 swarm=0
2026-07-30T17:16:35Z,506,SKIP,SKIPPED,,,,,0,radar_block,reason=direction_unclear conf=0.0126 mom_sig=0.01197749 raw_mom_bps=0.00000000 spread_bps=0.86460000 tension=0.01197749 bid_drop=0.07785369 ask_drop=0.00000000 swarm=0
2026-07-30T17:16:44Z,507,SKIP,SKIPPED,,,,,0,radar_block,reason=momentum_too_small conf=0.3193 mom_sig=0.00000000 raw_mom_bps=0.00000000 spread_bps=1.40500000 tension=0.00000000 bid_drop=0.00000000 ask_drop=0.00000000 swarm=0
2026-07-30T17:16:53Z,508,SKIP,SKIPPED,,,,,0,radar_block,reason=direction_unclear conf=0.0159 mom_sig=0.01043795 raw_mom_bps=0.00000000 spread_bps=1.40500000 tension=0.01043795 bid_drop=0.06784665 ask_drop=0.00000000 swarm=0
2026-07-30T17:17:01Z,509,SKIP,SKIPPED,,,,,0,impulse_resonance_wait,reason=wall_not_collapsed tension=0.64917601 bid_drop=0.00796933 ask_drop=4.21964408
2026-07-30T17:17:12Z,510,SKIP,SKIPPED,,,,,0,radar_block,reason=direction_unclear conf=0.0117 mom_sig=0.01118469 raw_mom_bps=-1.72912887 spread_bps=1.94520000 tension=0.01118469 bid_drop=0.07270050 ask_drop=0.00002064 swarm=0
2026-07-30T17:17:20Z,511,SKIP,SKIPPED,,,,,0,impulse_resonance_wait,reason=wall_not_collapsed tension=0.20507714 bid_drop=0.00000000 ask_drop=1.33300140
2026-07-30T17:17:29Z,512,SKIP,SKIPPED,,,,,0,impulse_resonance_wait,reason=wall_not_collapsed tension=0.77347796 bid_drop=0.07439885 ask_drop=5.02760674
2026-07-30T17:17:37Z,513,SKIP,SKIPPED,,,,,0,radar_block,reason=direction_unclear conf=0.0206 mom_sig=0.01437211 raw_mom_bps=0.00000000 spread_bps=2.25390000 tension=0.01437211 bid_drop=0.00000000 ask_drop=0.09341869 swarm=0
2026-07-30T17:17:47Z,514,SKIP,SKIPPED,,,,,0,radar_block,reason=momentum_too_small conf=0.0 mom_sig=0.00000314 raw_mom_bps=1.17327586 spread_bps=3.42680000 tension=0.00000314 bid_drop=0.00002038 ask_drop=0.00000000 swarm=0
2026-07-30T17:17:55Z,515,SKIP,SKIPPED,,,,,0,radar_block,reason=momentum_too_small conf=0.2197 mom_sig=0.00000000 raw_mom_bps=2.17648012 spread_bps=5.95680000 tension=0.00000000 bid_drop=0.00000000 ask_drop=0.00000000 swarm=0
2026-07-30T17:18:05Z,516,SKIP,SKIPPED,,,,,0,radar_block,reason=direction_unclear conf=0.0072 mom_sig=0.00726329 raw_mom_bps=0.00000000 spread_bps=7.34470000 tension=0.00726329 bid_drop=0.04721139 ask_drop=0.00000000 swarm=0
2026-07-30T17:18:14Z,517,SKIP,SKIPPED,,,,,0,radar_block,reason=momentum_too_small conf=0.1792 mom_sig=0.00000000 raw_mom_bps=0.00000000 spread_bps=7.80720000 tension=0.00000000 bid_drop=0.00000000 ask_drop=0.00000000 swarm=0
2026-07-30T17:18:24Z,518,SKIP,SKIPPED,,,,,0,radar_block,reason=momentum_too_small conf=0.1792 mom_sig=0.00000000 raw_mom_bps=0.27773449 spread_bps=7.80720000 tension=0.00000000 bid_drop=0.00000000 ask_drop=0.00000000 swarm=0
2026-07-30T17:18:33Z,519,SKIP,SKIPPED,,,,,0,radar_block,reason=momentum_too_small conf=0.32 mom_sig=0.00000000 raw_mom_bps=4.41621771 spread_bps=1.37320000 tension=0.00000000 bid_drop=0.00000000 ask_drop=0.00000000 swarm=0
2026-07-30T17:18:42Z,520,SKIP,SKIPPED,,,,,0,vacuum_filter,reason=cold_absolute tension=1.98592617 threshold=3.0 vortex_mode=OFF
2026-07-30T17:18:52Z,521,SKIP,SKIPPED,,,,,0,radar_block,reason=momentum_too_small conf=0.1792 mom_sig=0.00000000 raw_mom_bps=1.08016523 spread_bps=7.80720000 tension=0.00000000 bid_drop=0.00000000 ask_drop=0.00000000 swarm=1
2026-07-30T17:19:01Z,522,SKIP,SKIPPED,,,,,0,radar_block,reason=momentum_too_small conf=0.0 mom_sig=0.00000232 raw_mom_bps=0.00000000 spread_bps=7.80720000 tension=0.00000232 bid_drop=0.00000000 ask_drop=0.00001505 swarm=0
2026-07-30T17:19:10Z,523,SKIP,SKIPPED,,,,,0,radar_block,reason=momentum_too_small conf=0.0 mom_sig=0.00000252 raw_mom_bps=0.00000000 spread_bps=7.80720000 tension=0.00000252 bid_drop=0.00001637 ask_drop=0.00000000 swarm=0
2026-07-30T17:19:19Z,524,SKIP,SKIPPED,,,,,0,radar_block,reason=low_confidence conf=0.1712 mom_sig=0.20058552 raw_mom_bps=0.00000000 spread_bps=7.80720000 tension=0.20058552 bid_drop=0.00000000 ask_drop=1.30380587 swarm=1
2026-07-30T17:19:29Z,525,SKIP,SKIPPED,,,,,0,radar_block,reason=direction_unclear conf=0.0133 mom_sig=0.15937267 raw_mom_bps=0.00000000 spread_bps=0.07710000 tension=0.15937267 bid_drop=1.03592233 ask_drop=0.00000000 swarm=0
2026-07-30T17:19:38Z,526,SKIP,SKIPPED,,,,,0,radar_block,reason=momentum_too_small conf=0.0 mom_sig=0.00002056 raw_mom_bps=0.00000000 spread_bps=1.43460000 tension=0.00002056 bid_drop=0.00000000 ask_drop=0.00013366 swarm=0
2026-07-30T17:19:46Z,527,SKIP,SKIPPED,,,,,0,radar_block,reason=momentum_too_small conf=0.0 mom_sig=0.00001298 raw_mom_bps=0.00000000 spread_bps=1.45000000 tension=0.00001298 bid_drop=0.00000000 ask_drop=0.00008440 swarm=0
2026-07-30T17:19:57Z,528,SKIP,SKIPPED,,,,,0,radar_block,reason=momentum_too_small conf=0.0001 mom_sig=0.00005260 raw_mom_bps=-1.45003548 spread_bps=1.45000000 tension=0.00005260 bid_drop=0.00012615 ask_drop=0.00034193 swarm=0
2026-07-30T17:20:06Z,529,SKIP,SKIPPED,,,,,0,radar_block,reason=momentum_too_small conf=0.0 mom_sig=0.00001998 raw_mom_bps=0.00000000 spread_bps=1.45000000 tension=0.00001998 bid_drop=0.00000000 ask_drop=0.00012990 swarm=0
2026-07-30T17:20:16Z,530,SKIP,SKIPPED,,,,,0,tension_stale,reason=nuage_age_ms=6465 thresh=800
2026-07-30T17:20:26Z,531,SKIP,SKIPPED,,,,,0,radar_block,reason=momentum_too_small conf=0.0 mom_sig=0.00000366 raw_mom_bps=0.00000000 spread_bps=1.45000000 tension=0.00000366 bid_drop=0.00000000 ask_drop=0.00002382 swarm=0
2026-07-30T17:20:35Z,532,SKIP,SKIPPED,,,,,0,radar_block,reason=momentum_too_small conf=0.0 mom_sig=0.00001266 raw_mom_bps=0.00000000 spread_bps=1.45000000 tension=0.00001266 bid_drop=0.00000000 ask_drop=0.00008229 swarm=0
2026-07-30T17:21:17Z,533,SELL,FILLED,64826.00000000,64826.10000000,0.24060000,-0.01542591,-0.02406000,shock_inversion_stop,radar=long conf=0.9482 size_note=hunter_revenge_1.5x+entry_25_75_full soft=0 pct=-0.00015426 tension=3.33709454 bid_drop=21.69111452 ask_drop=0.00009821
2026-07-30T17:21:26Z,534,SKIP,SKIPPED,,,,,0,radar_block,reason=momentum_too_small conf=0.0001 mom_sig=0.00005656 raw_mom_bps=0.00000000 spread_bps=1.46550000 tension=0.00005656 bid_drop=0.00000000 ask_drop=0.00036761 swarm=1
2026-07-30T17:21:36Z,535,SKIP,SKIPPED,,,,,0,tactic_mismatch,mom=short structure=long
2026-07-30T17:21:46Z,536,SKIP,SKIPPED,,,,,0,radar_block,reason=direction_unclear conf=0.0616 mom_sig=0.04070320 raw_mom_bps=0.00000000 spread_bps=1.46550000 tension=0.04070320 bid_drop=0.26457080 ask_drop=0.00033851 swarm=1
2026-07-30T17:21:56Z,537,SKIP,SKIPPED,,,,,0,radar_block,reason=momentum_too_small conf=0.0008 mom_sig=0.00052256 raw_mom_bps=-1.46545913 spread_bps=1.46550000 tension=0.00052256 bid_drop=0.00339664 ask_drop=0.00013671 swarm=1
2026-07-30T17:22:05Z,538,SKIP,SKIPPED,,,,,0,radar_block,reason=momentum_too_small conf=0.0004 mom_sig=0.00023636 raw_mom_bps=0.00000000 spread_bps=1.46550000 tension=0.00023636 bid_drop=0.00040614 ask_drop=0.00153634 swarm=1
2026-07-30T17:22:15Z,539,SKIP,SKIPPED,,,,,0,radar_block,reason=momentum_too_small conf=0.0001 mom_sig=0.00004755 raw_mom_bps=1.46567392 spread_bps=1.46550000 tension=0.00004755 bid_drop=0.00030907 ask_drop=0.00002930 swarm=1
2026-07-30T17:22:23Z,540,SKIP,SKIPPED,,,,,0,radar_block,reason=momentum_too_small conf=0.0001 mom_sig=0.00004707 raw_mom_bps=0.00000000 spread_bps=1.46550000 tension=0.00004707 bid_drop=0.00000000 ask_drop=0.00030597 swarm=0
2026-07-30T17:22:32Z,541,SKIP,SKIPPED,,,,,0,radar_block,reason=momentum_too_small conf=0.0 mom_sig=0.00001402 raw_mom_bps=0.00000000 spread_bps=1.46550000 tension=0.00001402 bid_drop=0.00000000 ask_drop=0.00009115 swarm=0
2026-07-30T17:22:41Z,542,SKIP,SKIPPED,,,,,0,radar_block,reason=momentum_too_small conf=0.0 mom_sig=0.00002103 raw_mom_bps=0.00000000 spread_bps=1.46550000 tension=0.00002103 bid_drop=0.00000000 ask_drop=0.00013672 swarm=0
2026-07-30T17:22:51Z,543,SKIP,SKIPPED,,,,,0,radar_block,reason=momentum_too_small conf=0.0 mom_sig=0.00002204 raw_mom_bps=0.00000000 spread_bps=1.46550000 tension=0.00002204 bid_drop=0.00000000 ask_drop=0.00014324 swarm=0
2026-07-30T17:23:00Z,544,SKIP,SKIPPED,,,,,0,radar_block,reason=momentum_too_small conf=0.0 mom_sig=0.00001703 raw_mom_bps=0.00000000 spread_bps=1.46550000 tension=0.00001703 bid_drop=0.00010210 ask_drop=0.00011068 swarm=0
2026-07-30T17:23:08Z,545,SKIP,SKIPPED,,,,,0,radar_block,reason=momentum_too_small conf=0.0001 mom_sig=0.00005397 raw_mom_bps=0.00000000 spread_bps=1.46550000 tension=0.00005397 bid_drop=0.00035082 ask_drop=0.00011069 swarm=1
2026-07-30T17:23:17Z,546,SKIP,SKIPPED,,,,,0,vacuum_filter,reason=cold_absolute tension=1.48992373 threshold=3.0 vortex_mode=OFF
2026-07-30T17:23:27Z,547,SKIP,SKIPPED,,,,,0,vacuum_filter,reason=cold_absolute tension=1.72404084 threshold=3.0 vortex_mode=OFF
2026-07-30T17:23:37Z,548,SKIP,SKIPPED,,,,,0,tension_stale,reason=nuage_age_ms=3472 thresh=800
2026-07-30T17:23:45Z,549,SKIP,SKIPPED,,,,,0,radar_block,reason=momentum_too_small conf=0.0001 mom_sig=0.00008008 raw_mom_bps=0.00000000 spread_bps=0.75500000 tension=0.00008008 bid_drop=0.00000000 ask_drop=0.00052052 swarm=0
2026-07-30T17:23:55Z,550,SKIP,SKIPPED,,,,,0,vacuum_filter,reason=cold_absolute tension=1.32314262 threshold=3.0 vortex_mode=OFF
2026-07-30T17:24:04Z,551,SKIP,SKIPPED,,,,,0,vacuum_filter,reason=cold_absolute tension=1.01172222 threshold=3.0 vortex_mode=OFF
2026-07-30T17:24:14Z,552,SKIP,SKIPPED,,,,,0,radar_block,reason=momentum_too_small conf=0.0004 mom_sig=0.00022712 raw_mom_bps=0.00000000 spread_bps=0.63170000 tension=0.00022712 bid_drop=0.00147631 ask_drop=0.00009130 swarm=0
2026-07-30T17:24:23Z,553,SKIP,SKIPPED,,,,,0,radar_block,reason=momentum_too_small conf=0.0 mom_sig=0.00002460 raw_mom_bps=0.00000000 spread_bps=0.75500000 tension=0.00002460 bid_drop=0.00000000 ask_drop=0.00015989 swarm=0
2026-07-30T17:24:32Z,554,SKIP,SKIPPED,,,,,0,radar_block,reason=momentum_too_small conf=0.0001 mom_sig=0.00004656 raw_mom_bps=0.00000000 spread_bps=0.75500000 tension=0.00004656 bid_drop=0.00000000 ask_drop=0.00030266 swarm=0
2026-07-30T17:24:41Z,555,SKIP,SKIPPED,,,,,0,radar_block,reason=momentum_too_small conf=0.0002 mom_sig=0.00011334 raw_mom_bps=-0.75500770 spread_bps=0.75500000 tension=0.00011334 bid_drop=0.00000000 ask_drop=0.00073668 swarm=0
2026-07-30T17:24:50Z,556,SKIP,SKIPPED,,,,,0,radar_block,reason=momentum_too_small conf=0.3335 mom_sig=0.00000000 raw_mom_bps=0.00000000 spread_bps=0.75500000 tension=0.00000000 bid_drop=0.00000000 ask_drop=0.00000000 swarm=0
2026-07-30T17:24:59Z,557,SKIP,SKIPPED,,,,,0,radar_block,reason=momentum_too_small conf=0.0001 mom_sig=0.00003164 raw_mom_bps=0.00000000 spread_bps=0.75500000 tension=0.00003164 bid_drop=0.00000000 ask_drop=0.00020563 swarm=0
2026-07-30T17:25:08Z,558,SKIP,SKIPPED,,,,,0,radar_block,reason=momentum_too_small conf=0.0001 mom_sig=0.00003515 raw_mom_bps=-0.75500770 spread_bps=0.75500000 tension=0.00003515 bid_drop=0.00000000 ask_drop=0.00022849 swarm=0
2026-07-30T17:25:17Z,559,SKIP,SKIPPED,,,,,0,radar_block,reason=momentum_too_small conf=0.0 mom_sig=0.00002373 raw_mom_bps=0.00000000 spread_bps=0.75500000 tension=0.00002373 bid_drop=0.00000000 ask_drop=0.00015423 swarm=0
2026-07-30T17:25:26Z,560,SKIP,SKIPPED,,,,,0,radar_block,reason=momentum_too_small conf=0.3335 mom_sig=0.00000000 raw_mom_bps=0.75506471 spread_bps=0.75500000 tension=0.00000000 bid_drop=0.00000000 ask_drop=0.00000000 swarm=0
2026-07-30T17:25:35Z,561,SKIP,SKIPPED,,,,,0,radar_block,reason=momentum_too_small conf=0.0007 mom_sig=0.00044005 raw_mom_bps=0.75506471 spread_bps=0.75500000 tension=0.00044005 bid_drop=0.00286030 ask_drop=0.00000000 swarm=1
2026-07-30T17:25:45Z,562,SKIP,SKIPPED,,,,,0,radar_block,reason=momentum_too_small conf=0.0002 mom_sig=0.00012735 raw_mom_bps=0.00000000 spread_bps=0.75500000 tension=0.00012735 bid_drop=0.00010497 ask_drop=0.00082779 swarm=1
2026-07-30T17:25:54Z,563,SKIP,SKIPPED,,,,,0,radar_block,reason=momentum_too_small conf=0.0002 mom_sig=0.00010296 raw_mom_bps=0.75506471 spread_bps=0.75500000 tension=0.00010296 bid_drop=0.00066923 ask_drop=0.00000000 swarm=1
2026-07-30T17:26:03Z,564,SKIP,SKIPPED,,,,,0,radar_block,reason=momentum_too_small conf=0.0017 mom_sig=0.00104173 raw_mom_bps=0.00000000 spread_bps=0.75500000 tension=0.00104173 bid_drop=0.00677124 ask_drop=0.00000000 swarm=0
2026-07-30T17:26:11Z,565,SKIP,SKIPPED,,,,,0,impulse_resonance_wait,reason=wall_not_collapsed tension=0.20634489 bid_drop=0.00000000 ask_drop=1.34124181
2026-07-30T17:26:20Z,566,SKIP,SKIPPED,,,,,0,radar_block,reason=momentum_too_small conf=0.0013 mom_sig=0.00081371 raw_mom_bps=0.00000000 spread_bps=0.75500000 tension=0.00081371 bid_drop=0.00528911 ask_drop=0.00000000 swarm=0
2026-07-30T17:26:30Z,567,SKIP,SKIPPED,,,,,0,radar_block,reason=momentum_too_small conf=0.0001 mom_sig=0.00008180 raw_mom_bps=0.00000000 spread_bps=0.75500000 tension=0.00008180 bid_drop=0.00053171 ask_drop=0.00009882 swarm=0
2026-07-30T17:26:39Z,568,SKIP,SKIPPED,,,,,0,radar_block,reason=momentum_too_small conf=0.0002 mom_sig=0.00010033 raw_mom_bps=0.00000000 spread_bps=0.75500000 tension=0.00010033 bid_drop=0.00065216 ask_drop=0.00000000 swarm=0
2026-07-30T17:26:48Z,569,SKIP,SKIPPED,,,,,0,radar_block,reason=momentum_too_small conf=0.3335 mom_sig=0.00000000 raw_mom_bps=0.00000000 spread_bps=0.75500000 tension=0.00000000 bid_drop=0.00000000 ask_drop=0.00000000 swarm=0
2026-07-30T17:26:57Z,570,SKIP,SKIPPED,,,,,0,radar_block,reason=momentum_too_small conf=0.3335 mom_sig=0.00000000 raw_mom_bps=0.00000000 spread_bps=0.75500000 tension=0.00000000 bid_drop=0.00000000 ask_drop=0.00000000 swarm=0
2026-07-30T17:27:06Z,571,SKIP,SKIPPED,,,,,0,radar_block,reason=momentum_too_small conf=0.3335 mom_sig=0.00000000 raw_mom_bps=0.00000000 spread_bps=0.75500000 tension=0.00000000 bid_drop=0.00000000 ask_drop=0.00000000 swarm=0
2026-07-30T17:27:15Z,572,SKIP,SKIPPED,,,,,0,radar_block,reason=momentum_too_small conf=0.0003 mom_sig=0.00015414 raw_mom_bps=0.00000000 spread_bps=0.35440000 tension=0.00015414 bid_drop=0.00100194 ask_drop=0.00000000 swarm=0
2026-07-30T17:27:25Z,573,SKIP,SKIPPED,,,,,0,radar_block,reason=momentum_too_small conf=0.0019 mom_sig=0.00120445 raw_mom_bps=0.00000000 spread_bps=0.75500000 tension=0.00120445 bid_drop=0.00012353 ask_drop=0.00782893 swarm=0
2026-07-30T17:27:34Z,574,SKIP,SKIPPED,,,,,0,radar_block,reason=momentum_too_small conf=0.3335 mom_sig=0.00000000 raw_mom_bps=0.00000000 spread_bps=0.75500000 tension=0.00000000 bid_drop=0.00000000 ask_drop=0.00000000 swarm=0
2026-07-30T17:27:45Z,575,SKIP,SKIPPED,,,,,0,radar_block,reason=momentum_too_small conf=0.0001 mom_sig=0.00008788 raw_mom_bps=0.00000000 spread_bps=0.75500000 tension=0.00008788 bid_drop=0.00000000 ask_drop=0.00057125 swarm=0
2026-07-30T17:27:54Z,576,SKIP,SKIPPED,,,,,0,radar_block,reason=momentum_too_small conf=0.3335 mom_sig=0.00000000 raw_mom_bps=0.00000000 spread_bps=0.75500000 tension=0.00000000 bid_drop=0.00000000 ask_drop=0.00000000 swarm=0
2026-07-30T17:28:03Z,577,SKIP,SKIPPED,,,,,0,radar_block,reason=momentum_too_small conf=0.0 mom_sig=0.00000904 raw_mom_bps=0.00000000 spread_bps=0.75500000 tension=0.00000904 bid_drop=0.00000000 ask_drop=0.00005876 swarm=0
2026-07-30T17:28:12Z,578,SKIP,SKIPPED,,,,,0,radar_block,reason=momentum_too_small conf=0.3335 mom_sig=0.00000000 raw_mom_bps=0.00000000 spread_bps=0.75500000 tension=0.00000000 bid_drop=0.00000000 ask_drop=0.00000000 swarm=0
2026-07-30T17:28:22Z,579,SKIP,SKIPPED,,,,,0,radar_block,reason=momentum_too_small conf=0.3335 mom_sig=0.00000000 raw_mom_bps=0.00000000 spread_bps=0.75500000 tension=0.00000000 bid_drop=0.00000000 ask_drop=0.00000000 swarm=0
2026-07-30T17:28:31Z,580,SKIP,SKIPPED,,,,,0,radar_block,reason=momentum_too_small conf=0.0 mom_sig=0.00002805 raw_mom_bps=0.00000000 spread_bps=0.75500000 tension=0.00002805 bid_drop=0.00000000 ask_drop=0.00018232 swarm=0
2026-07-30T17:28:40Z,581,SKIP,SKIPPED,,,,,0,radar_block,reason=momentum_too_small conf=0.0001 mom_sig=0.00004434 raw_mom_bps=0.00000000 spread_bps=0.75500000 tension=0.00004434 bid_drop=0.00000000 ask_drop=0.00028819 swarm=0
2026-07-30T17:28:48Z,582,SKIP,SKIPPED,,,,,0,radar_block,reason=momentum_too_small conf=0.0 mom_sig=0.00001719 raw_mom_bps=0.00000000 spread_bps=1.07860000 tension=0.00001719 bid_drop=0.00000000 ask_drop=0.00011175 swarm=0
2026-07-30T17:28:57Z,583,SKIP,SKIPPED,,,,,0,radar_block,reason=momentum_too_small conf=0.3264 mom_sig=0.00000000 raw_mom_bps=0.00000000 spread_bps=1.07860000 tension=0.00000000 bid_drop=0.00000000 ask_drop=0.00000000 swarm=0
2026-07-30T17:29:06Z,584,SKIP,SKIPPED,,,,,0,radar_block,reason=momentum_too_small conf=0.0001 mom_sig=0.00008972 raw_mom_bps=0.00000000 spread_bps=1.07860000 tension=0.00008972 bid_drop=0.00058317 ask_drop=0.00013694 swarm=0
2026-07-30T17:29:14Z,585,SKIP,SKIPPED,,,,,0,radar_block,reason=momentum_too_small conf=0.0001 mom_sig=0.00004488 raw_mom_bps=0.00000000 spread_bps=1.07860000 tension=0.00004488 bid_drop=0.00000000 ask_drop=0.00029175 swarm=0
2026-07-30T17:29:23Z,586,SKIP,SKIPPED,,,,,0,radar_block,reason=momentum_too_small conf=0.0001 mom_sig=0.00004119 raw_mom_bps=1.07869878 spread_bps=1.07860000 tension=0.00004119 bid_drop=0.00000000 ask_drop=0.00026776 swarm=0
2026-07-30T17:29:31Z,587,SKIP,SKIPPED,,,,,0,radar_block,reason=direction_unclear conf=0.0343 mom_sig=0.02205092 raw_mom_bps=0.00000000 spread_bps=1.07860000 tension=0.02205092 bid_drop=0.00000000 ask_drop=0.14333101 swarm=0
2026-07-30T17:29:40Z,588,SKIP,SKIPPED,,,,,0,radar_block,reason=momentum_too_small conf=0.0001 mom_sig=0.00004036 raw_mom_bps=0.00000000 spread_bps=1.07860000 tension=0.00004036 bid_drop=0.00000000 ask_drop=0.00026235 swarm=0
2026-07-30T17:29:48Z,589,SKIP,SKIPPED,,,,,0,radar_block,reason=momentum_too_small conf=0.0 mom_sig=0.00001651 raw_mom_bps=0.00000000 spread_bps=1.07860000 tension=0.00001651 bid_drop=0.00000000 ask_drop=0.00010732 swarm=0
2026-07-30T17:29:57Z,590,SKIP,SKIPPED,,,,,0,radar_block,reason=momentum_too_small conf=0.0001 mom_sig=0.00003578 raw_mom_bps=0.00000000 spread_bps=1.07860000 tension=0.00003578 bid_drop=0.00000000 ask_drop=0.00023254 swarm=0
2026-07-30T17:30:05Z,591,SKIP,SKIPPED,,,,,0,radar_block,reason=direction_unclear conf=0.0119 mom_sig=0.00764498 raw_mom_bps=1.07869878 spread_bps=1.07860000 tension=0.00764498 bid_drop=0.00000000 ask_drop=0.04969239 swarm=0
2026-07-30T17:30:16Z,592,SKIP,SKIPPED,,,,,0,radar_block,reason=momentum_too_small conf=0.0001 mom_sig=0.00004775 raw_mom_bps=0.00000000 spread_bps=1.07860000 tension=0.00004775 bid_drop=0.00000000 ask_drop=0.00031037 swarm=0
2026-07-30T17:30:24Z,593,SKIP,SKIPPED,,,,,0,radar_block,reason=momentum_too_small conf=0.0003 mom_sig=0.00018733 raw_mom_bps=0.00000000 spread_bps=1.07860000 tension=0.00018733 bid_drop=0.00000000 ask_drop=0.00121763 swarm=0
2026-07-30T17:30:33Z,594,SKIP,SKIPPED,,,,,0,radar_block,reason=momentum_too_small conf=0.0 mom_sig=0.00002480 raw_mom_bps=0.00000000 spread_bps=1.07860000 tension=0.00002480 bid_drop=0.00000000 ask_drop=0.00016118 swarm=0
2026-07-30T17:30:41Z,595,SKIP,SKIPPED,,,,,0,radar_block,reason=momentum_too_small conf=0.0001 mom_sig=0.00003582 raw_mom_bps=0.00000000 spread_bps=1.07860000 tension=0.00003582 bid_drop=0.00000000 ask_drop=0.00023286 swarm=0
2026-07-30T17:30:50Z,596,SKIP,SKIPPED,,,,,0,radar_block,reason=momentum_too_small conf=0.0001 mom_sig=0.00008875 raw_mom_bps=0.00000000 spread_bps=1.07860000 tension=0.00008875 bid_drop=0.00057688 ask_drop=0.00014332 swarm=0
2026-07-30T17:30:59Z,597,SKIP,SKIPPED,,,,,0,radar_block,reason=momentum_too_small conf=0.0001 mom_sig=0.00006996 raw_mom_bps=0.00000000 spread_bps=1.07860000 tension=0.00006996 bid_drop=0.00000000 ask_drop=0.00045473 swarm=0
2026-07-30T17:31:07Z,598,SKIP,SKIPPED,,,,,0,radar_block,reason=momentum_too_small conf=0.0002 mom_sig=0.00011334 raw_mom_bps=0.00000000 spread_bps=1.07860000 tension=0.00011334 bid_drop=0.00000000 ask_drop=0.00073668 swarm=0
2026-07-30T17:31:16Z,599,SKIP,SKIPPED,,,,,0,radar_block,reason=momentum_too_small conf=0.3264 mom_sig=0.00000000 raw_mom_bps=0.00000000 spread_bps=1.07860000 tension=0.00000000 bid_drop=0.00000000 ask_drop=0.00000000 swarm=0
2026-07-30T17:31:25Z,600,SKIP,SKIPPED,,,,,0,radar_block,reason=momentum_too_small conf=0.0001 mom_sig=0.00004789 raw_mom_bps=0.00000000 spread_bps=1.07860000 tension=0.00004789 bid_drop=0.00000000 ask_drop=0.00031129 swarm=0
2026-07-30T17:31:34Z,601,SKIP,SKIPPED,,,,,0,radar_block,reason=momentum_too_small conf=0.0001 mom_sig=0.00004605 raw_mom_bps=0.00000000 spread_bps=1.07860000 tension=0.00004605 bid_drop=0.00000000 ask_drop=0.00029932 swarm=0
2026-07-30T17:31:43Z,602,SKIP,SKIPPED,,,,,0,radar_block,reason=momentum_too_small conf=0.002 mom_sig=0.00130819 raw_mom_bps=0.00000000 spread_bps=1.07860000 tension=0.00130819 bid_drop=0.00850324 ask_drop=0.00476811 swarm=0
2026-07-30T17:31:51Z,603,SKIP,SKIPPED,,,,,0,radar_block,reason=momentum_too_small conf=0.0001 mom_sig=0.00007122 raw_mom_bps=0.00000000 spread_bps=1.07860000 tension=0.00007122 bid_drop=0.00046291 ask_drop=0.00010737 swarm=0
2026-07-30T17:32:01Z,604,SKIP,SKIPPED,,,,,0,radar_block,reason=momentum_too_small conf=0.0 mom_sig=0.00002003 raw_mom_bps=0.00000000 spread_bps=1.07860000 tension=0.00002003 bid_drop=0.00013020 ask_drop=0.00000000 swarm=0
2026-07-30T17:32:09Z,605,SKIP,SKIPPED,,,,,0,radar_block,reason=momentum_too_small conf=0.3264 mom_sig=0.00000000 raw_mom_bps=0.00000000 spread_bps=1.07860000 tension=0.00000000 bid_drop=0.00000000 ask_drop=0.00000000 swarm=0
2026-07-30T17:32:19Z,606,SKIP,SKIPPED,,,,,0,radar_block,reason=momentum_too_small conf=0.0 mom_sig=0.00002226 raw_mom_bps=0.00000000 spread_bps=1.07860000 tension=0.00002226 bid_drop=0.00014467 ask_drop=0.00000000 swarm=0
2026-07-30T17:32:28Z,607,SKIP,SKIPPED,,,,,0,radar_block,reason=momentum_too_small conf=0.001 mom_sig=0.00062522 raw_mom_bps=0.27737969 spread_bps=1.07860000 tension=0.00062522 bid_drop=0.00000000 ask_drop=0.00406390 swarm=0
2026-07-30T17:32:37Z,608,SKIP,SKIPPED,,,,,0,radar_block,reason=momentum_too_small conf=0.0002 mom_sig=0.00012798 raw_mom_bps=-1.07858243 spread_bps=1.07860000 tension=0.00012798 bid_drop=0.00083187 ask_drop=0.00000000 swarm=0
2026-07-30T17:32:47Z,609,SKIP,SKIPPED,,,,,0,radar_block,reason=momentum_too_small conf=0.0003 mom_sig=0.00020841 raw_mom_bps=0.00000000 spread_bps=1.07860000 tension=0.00020841 bid_drop=0.00000000 ask_drop=0.00135467 swarm=0
2026-07-30T17:32:55Z,610,SKIP,SKIPPED,,,,,0,radar_block,reason=momentum_too_small conf=0.3342 mom_sig=0.00000000 raw_mom_bps=0.00000000 spread_bps=0.72430000 tension=0.00000000 bid_drop=0.00000000 ask_drop=0.00000000 swarm=0
2026-07-30T17:33:06Z,611,SKIP,SKIPPED,,,,,0,vacuum_filter,reason=cold_absolute tension=1.37717868 threshold=3.0 vortex_mode=OFF
2026-07-30T17:33:16Z,612,SKIP,SKIPPED,,,,,0,radar_block,reason=momentum_too_small conf=0.3311 mom_sig=0.00000000 raw_mom_bps=0.15411313 spread_bps=0.86300000 tension=0.00000000 bid_drop=0.00000000 ask_drop=0.00000000 swarm=0
2026-07-30T17:33:25Z,613,SKIP,SKIPPED,,,,,0,radar_block,reason=momentum_too_small conf=0.0 mom_sig=0.00001055 raw_mom_bps=0.00000000 spread_bps=3.57470000 tension=0.00001055 bid_drop=0.00006860 ask_drop=0.00000000 swarm=0
2026-07-30T17:33:34Z,614,SKIP,SKIPPED,,,,,0,radar_block,reason=momentum_too_small conf=0.2718 mom_sig=0.00000000 raw_mom_bps=0.00000000 spread_bps=3.57470000 tension=0.00000000 bid_drop=0.00000000 ask_drop=0.00000000 swarm=0
2026-07-30T17:33:43Z,615,SKIP,SKIPPED,,,,,0,radar_block,reason=momentum_too_small conf=0.0009 mom_sig=0.00071762 raw_mom_bps=0.00000000 spread_bps=3.57470000 tension=0.00071762 bid_drop=0.00466452 ask_drop=0.00000000 swarm=0
2026-07-30T17:33:52Z,616,SKIP,SKIPPED,,,,,0,radar_block,reason=direction_unclear conf=0.1009 mom_sig=0.07817708 raw_mom_bps=0.00000000 spread_bps=3.60560000 tension=0.07817708 bid_drop=0.50815102 ask_drop=0.00002683 swarm=0
2026-07-30T17:34:02Z,617,SKIP,SKIPPED,,,,,0,vacuum_filter,reason=cold_absolute tension=1.70721433 threshold=3.0 vortex_mode=OFF
2026-07-30T17:34:12Z,618,SKIP,SKIPPED,,,,,0,vacuum_filter,reason=cold_absolute tension=1.07960640 threshold=3.0 vortex_mode=OFF
2026-07-30T17:34:23Z,619,SKIP,SKIPPED,,,,,0,tension_stale,reason=nuage_age_ms=1324 thresh=800
2026-07-30T17:34:32Z,620,SKIP,SKIPPED,,,,,0,radar_block,reason=momentum_too_small conf=0.0 mom_sig=0.00000534 raw_mom_bps=0.00000000 spread_bps=2.80550000 tension=0.00000534 bid_drop=0.00000000 ask_drop=0.00003474 swarm=0
2026-07-30T17:34:42Z,621,SKIP,SKIPPED,,,,,0,vacuum_filter,reason=cold_absolute tension=2.70444038 threshold=3.0 vortex_mode=OFF
2026-07-30T17:34:51Z,622,SKIP,SKIPPED,,,,,0,impulse_resonance_wait,reason=wall_not_collapsed tension=0.42176044 bid_drop=2.74144284 ask_drop=0.00294694
2026-07-30T17:35:00Z,623,SKIP,SKIPPED,,,,,0,impulse_resonance_wait,reason=wall_not_collapsed tension=0.65125107 bid_drop=4.23313195 ask_drop=0.00000000
2026-07-30T17:35:09Z,624,SKIP,SKIPPED,,,,,0,radar_block,reason=momentum_too_small conf=0.1804 mom_sig=0.00000000 raw_mom_bps=0.00000000 spread_bps=7.75140000 tension=0.00000000 bid_drop=0.00000000 ask_drop=0.00000000 swarm=0
2026-07-30T17:35:19Z,625,SKIP,SKIPPED,,,,,0,radar_block,reason=direction_unclear conf=0.2161 mom_sig=0.13442600 raw_mom_bps=-0.03084563 spread_bps=0.57060000 tension=0.13442600 bid_drop=0.00005666 ask_drop=0.87376902 swarm=0
2026-07-30T17:35:27Z,626,SKIP,SKIPPED,,,,,0,radar_block,reason=momentum_too_small conf=0.3372 mom_sig=0.00000000 raw_mom_bps=0.00000000 spread_bps=0.58600000 tension=0.00000000 bid_drop=0.00000000 ask_drop=0.00000000 swarm=0
2026-07-30T17:35:36Z,627,SKIP,SKIPPED,,,,,0,radar_block,reason=momentum_too_small conf=0.346 mom_sig=0.00000000 raw_mom_bps=-0.38554247 spread_bps=0.18510000 tension=0.00000000 bid_drop=0.00000000 ask_drop=0.00000000 swarm=0
2026-07-30T17:35:45Z,628,SKIP,SKIPPED,,,,,0,radar_block,reason=momentum_too_small conf=0.346 mom_sig=0.00000000 raw_mom_bps=0.18507123 spread_bps=0.18510000 tension=0.00000000 bid_drop=0.00000000 ask_drop=0.00000000 swarm=0
2026-07-30T17:35:55Z,629,SKIP,SKIPPED,,,,,0,radar_block,reason=momentum_too_small conf=0.0043 mom_sig=0.00264444 raw_mom_bps=0.00000000 spread_bps=0.21590000 tension=0.00264444 bid_drop=0.01718888 ask_drop=0.00096588 swarm=0
2026-07-30T17:36:04Z,630,SKIP,SKIPPED,,,,,0,radar_block,reason=momentum_too_small conf=0.0 mom_sig=0.00001210 raw_mom_bps=0.00000000 spread_bps=0.58600000 tension=0.00001210 bid_drop=0.00000000 ask_drop=0.00007865 swarm=0
2026-07-30T17:36:13Z,631,SKIP,SKIPPED,,,,,0,radar_block,reason=momentum_too_small conf=0.3352 mom_sig=0.00000000 raw_mom_bps=0.00000000 spread_bps=0.67850000 tension=0.00000000 bid_drop=0.00000000 ask_drop=0.00000000 swarm=0
2026-07-30T17:36:23Z,632,SKIP,SKIPPED,,,,,0,vacuum_filter,reason=cold_absolute tension=1.41786975 threshold=3.0 vortex_mode=OFF
2026-07-30T17:36:32Z,633,SKIP,SKIPPED,,,,,0,radar_block,reason=momentum_too_small conf=0.2967 mom_sig=0.00000000 raw_mom_bps=0.00000000 spread_bps=2.43620000 tension=0.00000000 bid_drop=0.00000000 ask_drop=0.00000000 swarm=0
2026-07-30T17:36:42Z,634,SKIP,SKIPPED,,,,,0,impulse_resonance_wait,reason=wall_not_collapsed tension=0.44658744 bid_drop=2.90281839 ask_drop=0.00000000
2026-07-30T17:36:53Z,635,SKIP,SKIPPED,,,,,0,radar_block,reason=momentum_too_small conf=0.2367 mom_sig=0.00000000 raw_mom_bps=0.00000000 spread_bps=5.17930000 tension=0.00000000 bid_drop=0.00000000 ask_drop=0.00000000 swarm=0
2026-07-30T17:37:03Z,636,SKIP,SKIPPED,,,,,0,radar_block,reason=momentum_too_small conf=0.2175 mom_sig=0.00000000 raw_mom_bps=0.00000000 spread_bps=6.05740000 tension=0.00000000 bid_drop=0.00000000 ask_drop=0.00000000 swarm=0
2026-07-30T17:37:13Z,637,SKIP,SKIPPED,,,,,0,radar_block,reason=momentum_too_small conf=0.2145 mom_sig=0.00000000 raw_mom_bps=0.00000000 spread_bps=6.19600000 tension=0.00000000 bid_drop=0.00000000 ask_drop=0.00000000 swarm=0
2026-07-30T17:37:22Z,638,SKIP,SKIPPED,,,,,0,radar_block,reason=momentum_too_small conf=0.0 mom_sig=0.00000435 raw_mom_bps=0.01541302 spread_bps=6.47330000 tension=0.00000435 bid_drop=0.00000000 ask_drop=0.00002825 swarm=0
2026-07-30T17:37:31Z,639,SKIP,SKIPPED,,,,,0,impulse_resonance_wait,reason=wall_not_collapsed tension=0.91862887 bid_drop=0.00000000 ask_drop=5.97108765
2026-07-30T17:37:41Z,640,SKIP,SKIPPED,,,,,0,radar_block,reason=momentum_too_small conf=0.198 mom_sig=0.00000000 raw_mom_bps=0.00000000 spread_bps=6.95020000 tension=0.00000000 bid_drop=0.00000000 ask_drop=0.00000000 swarm=0
2026-07-30T17:37:51Z,641,SKIP,SKIPPED,,,,,0,radar_block,reason=momentum_too_small conf=0.2977 mom_sig=0.00000000 raw_mom_bps=0.00000000 spread_bps=2.38870000 tension=0.00000000 bid_drop=0.00000000 ask_drop=0.00000000 swarm=0
2026-07-30T17:38:01Z,642,SKIP,SKIPPED,,,,,0,radar_block,reason=momentum_too_small conf=0.2934 mom_sig=0.00000000 raw_mom_bps=-0.07707153 spread_bps=2.58900000 tension=0.00000000 bid_drop=0.00000000 ask_drop=0.00000000 swarm=0
2026-07-30T17:38:11Z,643,SKIP,SKIPPED,,,,,0,radar_block,reason=momentum_too_small conf=0.0 mom_sig=0.00001571 raw_mom_bps=-3.60702538 spread_bps=2.34350000 tension=0.00001571 bid_drop=0.00010213 ask_drop=0.00002378 swarm=0
2026-07-30T17:38:21Z,644,SKIP,SKIPPED,,,,,0,radar_block,reason=momentum_too_small conf=0.3345 mom_sig=0.00000000 raw_mom_bps=2.34402590 spread_bps=0.70890000 tension=0.00000000 bid_drop=0.00000000 ask_drop=0.00000000 swarm=0
2026-07-30T17:38:31Z,645,SKIP,SKIPPED,,,,,0,vacuum_filter,reason=cold_absolute tension=1.53952158 threshold=3.0 vortex_mode=OFF
2026-07-30T17:38:40Z,646,SKIP,SKIPPED,,,,,0,radar_block,reason=spread_too_wide conf=0.0 mom_sig=0.00005414 raw_mom_bps=0.00000000 spread_bps=10.94160000 tension=0.00005414 bid_drop=0.00035191 ask_drop=0.00000000 swarm=0
2026-07-30T17:38:49Z,647,SKIP,SKIPPED,,,,,0,radar_block,reason=momentum_too_small conf=0.0 mom_sig=0.00001257 raw_mom_bps=0.00000000 spread_bps=7.93890000 tension=0.00001257 bid_drop=0.00000000 ask_drop=0.00008169 swarm=0
2026-07-30T17:38:59Z,648,SKIP,SKIPPED,,,,,0,radar_block,reason=spread_too_wide conf=0.0116 mom_sig=0.01396583 raw_mom_bps=0.00000000 spread_bps=8.00050000 tension=0.01396583 bid_drop=0.09077787 ask_drop=0.00003933 swarm=0
2026-07-30T17:39:09Z,649,SKIP,SKIPPED,,,,,0,radar_block,reason=spread_too_wide conf=0.0002 mom_sig=0.00020060 raw_mom_bps=0.00000000 spread_bps=10.03330000 tension=0.00020060 bid_drop=0.00006649 ask_drop=0.00130387 swarm=0
2026-07-30T17:39:18Z,650,SKIP,SKIPPED,,,,,0,radar_block,reason=spread_too_wide conf=0.1832 mom_sig=0.21980552 raw_mom_bps=0.00000000 spread_bps=9.98690000 tension=0.21980552 bid_drop=0.00134892 ask_drop=1.42873586 swarm=0
2026-07-30T17:39:27Z,651,SKIP,SKIPPED,,,,,0,radar_block,reason=momentum_too_small conf=0.2842 mom_sig=0.00000000 raw_mom_bps=-10.97238104 spread_bps=3.00750000 tension=0.00000000 bid_drop=0.00000000 ask_drop=0.00000000 swarm=1
2026-07-30T17:39:37Z,652,SKIP,SKIPPED,,,,,0,radar_block,reason=momentum_too_small conf=0.2687 mom_sig=0.00000000 raw_mom_bps=0.00000000 spread_bps=3.71670000 tension=0.00000000 bid_drop=0.00000000 ask_drop=0.00000000 swarm=1
2026-07-30T17:39:47Z,653,SKIP,SKIPPED,,,,,0,radar_block,reason=momentum_too_small conf=0.2687 mom_sig=0.00000000 raw_mom_bps=0.00000000 spread_bps=3.71670000 tension=0.00000000 bid_drop=0.00000000 ask_drop=0.00000000 swarm=1
2026-07-30T17:39:56Z,654,SKIP,SKIPPED,,,,,0,radar_block,reason=momentum_too_small conf=0.2735 mom_sig=0.00000000 raw_mom_bps=0.00000000 spread_bps=3.49830000 tension=0.00000000 bid_drop=0.00000000 ask_drop=0.00000000 swarm=1
2026-07-30T17:40:06Z,655,SKIP,SKIPPED,,,,,0,impulse_resonance_wait,reason=wall_not_collapsed tension=0.22294443 bid_drop=0.00000000 ask_drop=1.44913877
2026-07-30T17:40:16Z,656,SKIP,SKIPPED,,,,,0,radar_block,reason=momentum_too_small conf=0.322 mom_sig=0.00000000 raw_mom_bps=0.00000000 spread_bps=1.28030000 tension=0.00000000 bid_drop=0.00000000 ask_drop=0.00000000 swarm=0
2026-07-30T17:40:25Z,657,SKIP,SKIPPED,,,,,0,radar_block,reason=momentum_too_small conf=0.269 mom_sig=0.00000000 raw_mom_bps=2.42181920 spread_bps=3.70120000 tension=0.00000000 bid_drop=0.00000000 ask_drop=0.00000000 swarm=0
2026-07-30T17:40:36Z,658,SKIP,SKIPPED,,,,,0,radar_block,reason=direction_unclear conf=0.0102 mom_sig=0.11696519 raw_mom_bps=0.00000000 spread_bps=3.70120000 tension=0.11696519 bid_drop=0.76027372 ask_drop=0.00000000 swarm=0
2026-07-30T17:40:46Z,659,SKIP,SKIPPED,,,,,0,radar_block,reason=momentum_too_small conf=0.0 mom_sig=0.00000780 raw_mom_bps=0.00000000 spread_bps=3.70120000 tension=0.00000780 bid_drop=0.00000000 ask_drop=0.00005072 swarm=0
2026-07-30T17:40:55Z,660,SKIP,SKIPPED,,,,,0,radar_block,reason=momentum_too_small conf=0.0001 mom_sig=0.00004103 raw_mom_bps=3.70261806 spread_bps=3.70120000 tension=0.00004103 bid_drop=0.00000000 ask_drop=0.00026671 swarm=0
2026-07-30T17:41:04Z,661,SKIP,SKIPPED,,,,,0,radar_block,reason=momentum_too_small conf=0.0007 mom_sig=0.00052172 raw_mom_bps=0.00000000 spread_bps=3.70120000 tension=0.00052172 bid_drop=0.00015545 ask_drop=0.00339117 swarm=0
2026-07-30T17:41:15Z,662,SKIP,SKIPPED,,,,,0,tension_stale,reason=nuage_age_ms=7941 thresh=800
2026-07-30T17:41:24Z,663,SKIP,SKIPPED,,,,,0,radar_block,reason=direction_unclear conf=0.0852 mom_sig=0.06651009 raw_mom_bps=0.00000000 spread_bps=3.70120000 tension=0.06651009 bid_drop=0.00191564 ask_drop=0.43231559 swarm=0
2026-07-30T17:41:33Z,664,SKIP,SKIPPED,,,,,0,radar_block,reason=momentum_too_small conf=0.2822 mom_sig=0.00000000 raw_mom_bps=0.00000000 spread_bps=3.09780000 tension=0.00000000 bid_drop=0.00000000 ask_drop=0.00000000 swarm=0
2026-07-30T17:41:42Z,665,SKIP,SKIPPED,,,,,0,radar_block,reason=momentum_too_small conf=0.2917 mom_sig=0.00000000 raw_mom_bps=-1.37171674 spread_bps=2.66640000 tension=0.00000000 bid_drop=0.00000000 ask_drop=0.00000000 swarm=0
2026-07-30T17:41:51Z,666,SKIP,SKIPPED,,,,,0,radar_block,reason=momentum_too_small conf=0.3143 mom_sig=0.00000000 raw_mom_bps=0.49329428 spread_bps=1.63370000 tension=0.00000000 bid_drop=0.00000000 ask_drop=0.00000000 swarm=0
2026-07-30T17:42:00Z,667,SKIP,SKIPPED,,,,,0,radar_block,reason=spread_too_wide conf=0.0 mom_sig=0.00000000 raw_mom_bps=0.00000000 spread_bps=9.06240000 tension=0.00000000 bid_drop=0.00000000 ask_drop=0.00000000 swarm=0
2026-07-30T17:42:10Z,668,SKIP,SKIPPED,,,,,0,radar_block,reason=spread_too_wide conf=0.0 mom_sig=0.00000744 raw_mom_bps=0.00000000 spread_bps=10.04870000 tension=0.00000744 bid_drop=0.00000000 ask_drop=0.00004838 swarm=0
2026-07-30T17:42:19Z,669,SKIP,SKIPPED,,,,,0,radar_block,reason=momentum_too_small conf=0.0001 mom_sig=0.00015504 raw_mom_bps=0.00000000 spread_bps=7.99890000 tension=0.00015504 bid_drop=0.00100778 ask_drop=0.00000000 swarm=0
2026-07-30T17:42:29Z,670,SKIP,SKIPPED,,,,,0,tension_stale,reason=nuage_age_ms=1907 thresh=800
2026-07-30T17:42:38Z,671,SKIP,SKIPPED,,,,,0,radar_block,reason=momentum_too_small conf=0.0001 mom_sig=0.00004978 raw_mom_bps=0.00000000 spread_bps=1.23300000 tension=0.00004978 bid_drop=0.00011287 ask_drop=0.00032355 swarm=0
2026-07-30T17:42:46Z,672,SKIP,SKIPPED,,,,,0,radar_block,reason=momentum_too_small conf=0.0 mom_sig=0.00000465 raw_mom_bps=0.27742671 spread_bps=6.28820000 tension=0.00000465 bid_drop=0.00000000 ask_drop=0.00003025 swarm=0
2026-07-30T17:42:57Z,673,SKIP,SKIPPED,,,,,0,radar_block,reason=momentum_too_small conf=0.0 mom_sig=0.00000745 raw_mom_bps=0.00000000 spread_bps=6.28820000 tension=0.00000745 bid_drop=0.00000000 ask_drop=0.00004840 swarm=0
2026-07-30T17:43:06Z,674,SKIP,SKIPPED,,,,,0,radar_block,reason=momentum_too_small conf=0.0 mom_sig=0.00000791 raw_mom_bps=6.29212097 spread_bps=3.19030000 tension=0.00000791 bid_drop=0.00000000 ask_drop=0.00005144 swarm=0
2026-07-30T17:43:16Z,675,SKIP,SKIPPED,,,,,0,radar_block,reason=momentum_too_small conf=0.2802 mom_sig=0.00000000 raw_mom_bps=0.00000000 spread_bps=3.19030000 tension=0.00000000 bid_drop=0.00000000 ask_drop=0.00000000 swarm=0
2026-07-30T17:43:25Z,676,SKIP,SKIPPED,,,,,0,radar_block,reason=momentum_too_small conf=0.0 mom_sig=0.00001811 raw_mom_bps=0.00000000 spread_bps=6.28820000 tension=0.00001811 bid_drop=0.00011769 ask_drop=0.00000000 swarm=0
2026-07-30T17:43:35Z,677,SKIP,SKIPPED,,,,,0,radar_block,reason=spread_too_wide conf=0.0 mom_sig=0.00005803 raw_mom_bps=0.00000000 spread_bps=10.07570000 tension=0.00005803 bid_drop=0.00000000 ask_drop=0.00037721 swarm=0
2026-07-30T17:43:45Z,678,SKIP,SKIPPED,,,,,0,radar_block,reason=momentum_too_small conf=0.0003 mom_sig=0.00018619 raw_mom_bps=0.00000000 spread_bps=0.07700000 tension=0.00018619 bid_drop=0.00121026 ask_drop=0.00000000 swarm=0
2026-07-30T17:43:55Z,679,SKIP,SKIPPED,,,,,0,radar_block,reason=momentum_too_small conf=0.0001 mom_sig=0.00003338 raw_mom_bps=0.00000000 spread_bps=0.07700000 tension=0.00003338 bid_drop=0.00021699 ask_drop=0.00000000 swarm=0
2026-07-30T17:44:04Z,680,SKIP,SKIPPED,,,,,0,radar_block,reason=momentum_too_small conf=0.0001 mom_sig=0.00005935 raw_mom_bps=0.00000000 spread_bps=0.04620000 tension=0.00005935 bid_drop=0.00038577 ask_drop=0.00008869 swarm=0
2026-07-30T17:44:13Z,681,SKIP,SKIPPED,,,,,0,radar_block,reason=momentum_too_small conf=0.0035 mom_sig=0.00210867 raw_mom_bps=0.00000000 spread_bps=0.04620000 tension=0.00210867 bid_drop=0.00000000 ask_drop=0.01370635 swarm=0
2026-07-30T17:44:22Z,682,SKIP,SKIPPED,,,,,0,radar_block,reason=momentum_too_small conf=0.0001 mom_sig=0.00007057 raw_mom_bps=0.04619172 spread_bps=0.04620000 tension=0.00007057 bid_drop=0.00045872 ask_drop=0.00002839 swarm=0
2026-07-30T17:44:32Z,683,SKIP,SKIPPED,,,,,0,radar_block,reason=momentum_too_small conf=0.349 mom_sig=0.00000000 raw_mom_bps=0.00000000 spread_bps=0.04620000 tension=0.00000000 bid_drop=0.00000000 ask_drop=0.00000000 swarm=0
2026-07-30T17:44:41Z,684,SKIP,SKIPPED,,,,,0,impulse_resonance_wait,reason=wall_not_collapsed tension=0.58242813 bid_drop=3.78578283 ask_drop=0.00003194
2026-07-30T17:44:50Z,685,SKIP,SKIPPED,,,,,0,radar_block,reason=momentum_too_small conf=0.0052 mom_sig=0.00315353 raw_mom_bps=0.00000000 spread_bps=0.04620000 tension=0.00315353 bid_drop=0.02049797 ask_drop=0.00000000 swarm=0
2026-07-30T17:45:00Z,686,SKIP,SKIPPED,,,,,0,vacuum_filter,reason=cold_absolute tension=1.11757325 threshold=3.0 vortex_mode=OFF
2026-07-30T17:45:10Z,687,SKIP,SKIPPED,,,,,0,vacuum_filter,reason=cold_absolute tension=2.97434438 threshold=3.0 vortex_mode=OFF
2026-07-30T17:45:19Z,688,SKIP,SKIPPED,,,,,0,radar_block,reason=momentum_too_small conf=0.349 mom_sig=0.00000000 raw_mom_bps=0.00000000 spread_bps=0.04620000 tension=0.00000000 bid_drop=0.00000000 ask_drop=0.00000000 swarm=0
2026-07-30T17:45:29Z,689,SKIP,SKIPPED,,,,,0,vacuum_filter,reason=cold_absolute tension=2.44286587 threshold=3.0 vortex_mode=OFF
2026-07-30T17:45:38Z,690,SKIP,SKIPPED,,,,,0,radar_block,reason=momentum_too_small conf=0.0001 mom_sig=0.00003818 raw_mom_bps=0.04619172 spread_bps=0.04620000 tension=0.00003818 bid_drop=0.00024817 ask_drop=0.00000000 swarm=0
2026-07-30T17:45:47Z,691,SKIP,SKIPPED,,,,,0,impulse_resonance_wait,reason=wall_not_collapsed tension=0.32819944 bid_drop=2.13329638 ask_drop=0.00000000
2026-07-30T17:45:56Z,692,SKIP,SKIPPED,,,,,0,radar_block,reason=momentum_too_small conf=0.3483 mom_sig=0.00000000 raw_mom_bps=0.00000000 spread_bps=0.07700000 tension=0.00000000 bid_drop=0.00000000 ask_drop=0.00000000 swarm=0
2026-07-30T17:46:05Z,693,SKIP,SKIPPED,,,,,0,radar_block,reason=momentum_too_small conf=0.3483 mom_sig=0.00000000 raw_mom_bps=0.00000000 spread_bps=0.07700000 tension=0.00000000 bid_drop=0.00000000 ask_drop=0.00000000 swarm=0
2026-07-30T17:46:14Z,694,SKIP,SKIPPED,,,,,0,radar_block,reason=momentum_too_small conf=0.0013 mom_sig=0.00075940 raw_mom_bps=0.00000000 spread_bps=0.07700000 tension=0.00075940 bid_drop=0.00002751 ask_drop=0.00493612 swarm=0
2026-07-30T17:46:23Z,695,SKIP,SKIPPED,,,,,0,radar_block,reason=momentum_too_small conf=0.3483 mom_sig=0.00000000 raw_mom_bps=0.00000000 spread_bps=0.07700000 tension=0.00000000 bid_drop=0.00000000 ask_drop=0.00000000 swarm=0
2026-07-30T17:46:32Z,696,SKIP,SKIPPED,,,,,0,radar_block,reason=momentum_too_small conf=0.3483 mom_sig=0.00000000 raw_mom_bps=0.00000000 spread_bps=0.07700000 tension=0.00000000 bid_drop=0.00000000 ask_drop=0.00000000 swarm=0
2026-07-30T17:46:41Z,697,SKIP,SKIPPED,,,,,0,radar_block,reason=momentum_too_small conf=0.3483 mom_sig=0.00000000 raw_mom_bps=-3.00246202 spread_bps=0.07700000 tension=0.00000000 bid_drop=0.00000000 ask_drop=0.00000000 swarm=1
2026-07-30T17:46:50Z,698,SKIP,SKIPPED,,,,,0,radar_block,reason=momentum_too_small conf=0.257 mom_sig=0.00000000 raw_mom_bps=-0.07698561 spread_bps=4.24960000 tension=0.00000000 bid_drop=0.00000000 ask_drop=0.00000000 swarm=0
2026-07-30T17:46:59Z,699,SKIP,SKIPPED,,,,,0,radar_block,reason=momentum_too_small conf=0.0 mom_sig=0.00000382 raw_mom_bps=0.00000000 spread_bps=0.06160000 tension=0.00000382 bid_drop=0.00002483 ask_drop=0.00000000 swarm=0
2026-07-30T17:47:08Z,700,SKIP,SKIPPED,,,,,0,vacuum_filter,reason=cold_absolute tension=1.51694213 threshold=3.0 vortex_mode=OFF
2026-07-30T17:47:17Z,701,SKIP,SKIPPED,,,,,0,vacuum_filter,reason=cold_absolute tension=1.18283379 threshold=3.0 vortex_mode=OFF
2026-07-30T17:47:26Z,702,SKIP,SKIPPED,,,,,0,radar_block,reason=momentum_too_small conf=0.0 mom_sig=0.00000481 raw_mom_bps=0.00000000 spread_bps=4.38820000 tension=0.00000481 bid_drop=0.00003129 ask_drop=0.00002846 swarm=0
2026-07-30T17:47:36Z,703,SKIP,SKIPPED,,,,,0,tension_stale,reason=nuage_age_ms=1978 thresh=800
2026-07-30T17:47:45Z,704,SKIP,SKIPPED,,,,,0,impulse_resonance_wait,reason=wall_not_collapsed tension=0.63922840 bid_drop=4.15498458 ask_drop=0.00000000
2026-07-30T17:47:53Z,705,SKIP,SKIPPED,,,,,0,radar_block,reason=momentum_too_small conf=0.0001 mom_sig=0.00004207 raw_mom_bps=-4.54215116 spread_bps=4.54220000 tension=0.00004207 bid_drop=0.00027348 ask_drop=0.00000000 swarm=0
2026-07-30T17:48:03Z,706,SKIP,SKIPPED,,,,,0,radar_block,reason=momentum_too_small conf=0.2506 mom_sig=0.00000000 raw_mom_bps=0.00000000 spread_bps=4.54220000 tension=0.00000000 bid_drop=0.00000000 ask_drop=0.00000000 swarm=0
2026-07-30T17:48:13Z,707,SKIP,SKIPPED,,,,,0,impulse_resonance_wait,reason=wall_not_collapsed tension=0.75437551 bid_drop=4.90344084 ask_drop=0.00000000
2026-07-30T17:48:24Z,708,SKIP,SKIPPED,,,,,0,vacuum_filter,reason=cold_absolute tension=2.50385296 threshold=3.0 vortex_mode=OFF
2026-07-30T17:48:34Z,709,SKIP,SKIPPED,,,,,0,radar_block,reason=momentum_too_small conf=0.2442 mom_sig=0.00000000 raw_mom_bps=0.00000000 spread_bps=4.83470000 tension=0.00000000 bid_drop=0.00000000 ask_drop=0.00000000 swarm=0
2026-07-30T17:48:43Z,710,SKIP,SKIPPED,,,,,0,radar_block,reason=momentum_too_small conf=0.2378 mom_sig=0.00000000 raw_mom_bps=0.00000000 spread_bps=5.12720000 tension=0.00000000 bid_drop=0.00000000 ask_drop=0.00000000 swarm=0
2026-07-30T17:48:52Z,711,SKIP,SKIPPED,,,,,0,radar_block,reason=momentum_too_small conf=0.0 mom_sig=0.00000876 raw_mom_bps=-0.10783515 spread_bps=5.21980000 tension=0.00000876 bid_drop=0.00000000 ask_drop=0.00005693 swarm=0
2026-07-30T17:49:01Z,712,SKIP,SKIPPED,,,,,0,radar_block,reason=momentum_too_small conf=0.0 mom_sig=0.00000986 raw_mom_bps=-0.06162312 spread_bps=1.90920000 tension=0.00000986 bid_drop=0.00000000 ask_drop=0.00006407 swarm=0
2026-07-30T17:49:10Z,713,SKIP,SKIPPED,,,,,0,radar_block,reason=momentum_too_small conf=0.3483 mom_sig=0.00000000 raw_mom_bps=0.00000000 spread_bps=0.07700000 tension=0.00000000 bid_drop=0.00000000 ask_drop=0.00000000 swarm=0
2026-07-30T17:49:19Z,714,SKIP,SKIPPED,,,,,0,impulse_resonance_wait,reason=wall_not_collapsed tension=0.98984276 bid_drop=6.43397792 ask_drop=0.00000000
2026-07-30T17:49:28Z,715,SKIP,SKIPPED,,,,,0,radar_block,reason=momentum_too_small conf=0.0 mom_sig=0.00000439 raw_mom_bps=0.00000000 spread_bps=0.07700000 tension=0.00000439 bid_drop=0.00000000 ask_drop=0.00002851 swarm=0
2026-07-30T17:49:37Z,716,SKIP,SKIPPED,,,,,0,impulse_resonance_wait,reason=wall_not_collapsed tension=0.83761277 bid_drop=0.00000000 ask_drop=5.44448301
2026-07-30T17:49:46Z,717,SKIP,SKIPPED,,,,,0,radar_block,reason=momentum_too_small conf=0.349 mom_sig=0.00000000 raw_mom_bps=0.00000000 spread_bps=0.04620000 tension=0.00000000 bid_drop=0.00000000 ask_drop=0.00000000 swarm=0
2026-07-30T17:49:56Z,718,SKIP,SKIPPED,,,,,0,radar_block,reason=momentum_too_small conf=0.0 mom_sig=0.00004151 raw_mom_bps=0.00000000 spread_bps=6.55920000 tension=0.00004151 bid_drop=0.00026981 ask_drop=0.00003015 swarm=0
2026-07-30T17:50:05Z,719,SKIP,SKIPPED,,,,,0,radar_block,reason=momentum_too_small conf=0.0002 mom_sig=0.00021071 raw_mom_bps=-0.18488674 spread_bps=6.82100000 tension=0.00021071 bid_drop=0.00136964 ask_drop=0.00000000 swarm=0
2026-07-30T17:50:14Z,720,SKIP,SKIPPED,,,,,0,radar_block,reason=momentum_too_small conf=0.0002 mom_sig=0.00014331 raw_mom_bps=0.00000000 spread_bps=0.06170000 tension=0.00014331 bid_drop=0.00093154 ask_drop=0.00000000 swarm=0
2026-07-30T17:50:23Z,721,SKIP,SKIPPED,,,,,0,vacuum_filter,reason=cold_absolute tension=2.20743645 threshold=3.0 vortex_mode=OFF
2026-07-30T17:50:32Z,722,SKIP,SKIPPED,,,,,0,vacuum_filter,reason=cold_absolute tension=2.20360322 threshold=3.0 vortex_mode=OFF
2026-07-30T17:50:41Z,723,SKIP,SKIPPED,,,,,0,radar_block,reason=momentum_too_small conf=0.348 mom_sig=0.00000000 raw_mom_bps=0.00000000 spread_bps=0.09250000 tension=0.00000000 bid_drop=0.00000000 ask_drop=0.00000000 swarm=0
2026-07-30T17:50:50Z,724,SKIP,SKIPPED,,,,,0,radar_block,reason=momentum_too_small conf=0.348 mom_sig=0.00000000 raw_mom_bps=0.00000000 spread_bps=0.09250000 tension=0.00000000 bid_drop=0.00000000 ask_drop=0.00000000 swarm=0
2026-07-30T17:50:58Z,725,SKIP,SKIPPED,,,,,0,radar_block,reason=momentum_too_small conf=0.0 mom_sig=0.00002021 raw_mom_bps=0.00000000 spread_bps=0.09250000 tension=0.00002021 bid_drop=0.00013134 ask_drop=0.00000000 swarm=0
2026-07-30T17:51:07Z,726,SKIP,SKIPPED,,,,,0,radar_block,reason=momentum_too_small conf=0.0013 mom_sig=0.00081164 raw_mom_bps=-0.09250409 spread_bps=0.09250000 tension=0.00081164 bid_drop=0.00030552 ask_drop=0.00527569 swarm=0
2026-07-30T17:51:16Z,727,SKIP,SKIPPED,,,,,0,radar_block,reason=momentum_too_small conf=0.0 mom_sig=0.00002153 raw_mom_bps=0.00000000 spread_bps=0.09250000 tension=0.00002153 bid_drop=0.00013996 ask_drop=0.00000000 swarm=0
2026-07-30T17:51:25Z,728,SKIP,SKIPPED,,,,,0,radar_block,reason=momentum_too_small conf=0.0017 mom_sig=0.00107202 raw_mom_bps=0.00000000 spread_bps=0.37000000 tension=0.00107202 bid_drop=0.00696816 ask_drop=0.00000000 swarm=0
2026-07-30T17:51:34Z,729,SKIP,SKIPPED,,,,,0,radar_block,reason=direction_unclear conf=0.1396 mom_sig=0.08816994 raw_mom_bps=0.00000000 spread_bps=0.80160000 tension=0.08816994 bid_drop=0.00003143 ask_drop=0.57310462 swarm=0
2026-07-30T17:51:43Z,730,SKIP,SKIPPED,,,,,0,radar_block,reason=momentum_too_small conf=0.3261 mom_sig=0.00000000 raw_mom_bps=0.00000000 spread_bps=1.09450000 tension=0.00000000 bid_drop=0.00000000 ask_drop=0.00000000 swarm=1
2026-07-30T17:51:52Z,731,SKIP,SKIPPED,,,,,0,radar_block,reason=momentum_too_small conf=0.3089 mom_sig=0.00000000 raw_mom_bps=0.23124025 spread_bps=1.88060000 tension=0.00000000 bid_drop=0.00000000 ask_drop=0.00000000 swarm=0
2026-07-30T17:52:01Z,732,SKIP,SKIPPED,,,,,0,impulse_resonance_wait,reason=wall_not_collapsed tension=0.71215208 bid_drop=0.00000000 ask_drop=4.62898850
2026-07-30T17:52:12Z,733,SKIP,SKIPPED,,,,,0,impulse_resonance_wait,reason=wall_not_collapsed tension=0.34419791 bid_drop=2.23728642 ask_drop=0.00000000
2026-07-30T17:52:22Z,734,SKIP,SKIPPED,,,,,0,impulse_resonance_wait,reason=wall_not_collapsed tension=0.34416695 bid_drop=2.23708517 ask_drop=0.00000000
2026-07-30T17:52:31Z,735,SKIP,SKIPPED,,,,,0,radar_block,reason=momentum_too_small conf=0.0 mom_sig=0.00001465 raw_mom_bps=2.85223569 spread_bps=0.01540000 tension=0.00001465 bid_drop=0.00009523 ask_drop=0.00000000 swarm=0
2026-07-30T17:52:41Z,736,SKIP,SKIPPED,,,,,0,radar_block,reason=momentum_too_small conf=0.0008 mom_sig=0.00045197 raw_mom_bps=0.00000000 spread_bps=0.01540000 tension=0.00045197 bid_drop=0.00293783 ask_drop=0.00000000 swarm=0
2026-07-30T17:52:50Z,737,SKIP,SKIPPED,,,,,0,vacuum_filter,reason=cold_absolute tension=1.00667429 threshold=3.0 vortex_mode=OFF
2026-07-30T17:52:59Z,738,SKIP,SKIPPED,,,,,0,radar_block,reason=momentum_too_small conf=0.3301 mom_sig=0.00000000 raw_mom_bps=0.00000000 spread_bps=0.90960000 tension=0.00000000 bid_drop=0.00000000 ask_drop=0.00000000 swarm=0
2026-07-30T17:53:10Z,739,SKIP,SKIPPED,,,,,0,radar_block,reason=momentum_too_small conf=0.3308 mom_sig=0.00000000 raw_mom_bps=0.00000000 spread_bps=0.87870000 tension=0.00000000 bid_drop=0.00000000 ask_drop=0.00000000 swarm=0
2026-07-30T17:53:18Z,740,SKIP,SKIPPED,,,,,0,impulse_resonance_wait,reason=wall_not_collapsed tension=0.77067952 bid_drop=5.00941690 ask_drop=0.00000000
2026-07-30T17:53:27Z,741,SKIP,SKIPPED,,,,,0,radar_block,reason=momentum_too_small conf=0.0 mom_sig=0.00002639 raw_mom_bps=0.00000000 spread_bps=0.21580000 tension=0.00002639 bid_drop=0.00017153 ask_drop=0.00000000 swarm=0
2026-07-30T17:53:37Z,742,SKIP,SKIPPED,,,,,0,radar_block,reason=momentum_too_small conf=0.0001 mom_sig=0.00003238 raw_mom_bps=0.00000000 spread_bps=0.21580000 tension=0.00003238 bid_drop=0.00021046 ask_drop=0.00003314 swarm=0
2026-07-30T17:53:48Z,743,SKIP,SKIPPED,,,,,0,radar_block,reason=momentum_too_small conf=0.0001 mom_sig=0.00004138 raw_mom_bps=0.00000000 spread_bps=0.21580000 tension=0.00004138 bid_drop=0.00026896 ask_drop=0.00000000 swarm=0
2026-07-30T17:53:57Z,744,SKIP,SKIPPED,,,,,0,radar_block,reason=momentum_too_small conf=0.0 mom_sig=0.00001559 raw_mom_bps=0.00000000 spread_bps=0.21580000 tension=0.00001559 bid_drop=0.00010135 ask_drop=0.00000000 swarm=0
2026-07-30T17:54:07Z,745,SKIP,SKIPPED,,,,,0,radar_block,reason=momentum_too_small conf=0.0 mom_sig=0.00000600 raw_mom_bps=0.00000000 spread_bps=2.28110000 tension=0.00000600 bid_drop=0.00003898 ask_drop=0.00000000 swarm=0
2026-07-30T17:54:18Z,746,SKIP,SKIPPED,,,,,0,radar_block,reason=momentum_too_small conf=0.0001 mom_sig=0.00003538 raw_mom_bps=0.00000000 spread_bps=2.28110000 tension=0.00003538 bid_drop=0.00022999 ask_drop=0.00000000 swarm=0
2026-07-30T17:54:27Z,747,SKIP,SKIPPED,,,,,0,radar_block,reason=momentum_too_small conf=0.0 mom_sig=0.00001680 raw_mom_bps=-1.17166061 spread_bps=3.45250000 tension=0.00001680 bid_drop=0.00010917 ask_drop=0.00000000 swarm=0
2026-07-30T17:54:37Z,748,SKIP,SKIPPED,,,,,0,radar_block,reason=momentum_too_small conf=0.0 mom_sig=0.00002339 raw_mom_bps=0.00000000 spread_bps=3.45250000 tension=0.00002339 bid_drop=0.00015206 ask_drop=0.00012644 swarm=0
2026-07-30T17:54:46Z,749,SKIP,SKIPPED,,,,,0,radar_block,reason=momentum_too_small conf=0.0 mom_sig=0.00001562 raw_mom_bps=0.00000000 spread_bps=3.45250000 tension=0.00001562 bid_drop=0.00010150 ask_drop=0.00009982 swarm=0
2026-07-30T17:54:55Z,750,SKIP,SKIPPED,,,,,0,radar_block,reason=momentum_too_small conf=0.0 mom_sig=0.00002163 raw_mom_bps=3.45372015 spread_bps=3.45250000 tension=0.00002163 bid_drop=0.00014057 ask_drop=0.00000000 swarm=0
2026-07-30T17:55:04Z,751,SKIP,SKIPPED,,,,,0,radar_block,reason=momentum_too_small conf=0.0 mom_sig=0.00003065 raw_mom_bps=0.00000000 spread_bps=3.45250000 tension=0.00003065 bid_drop=0.00019923 ask_drop=0.00000000 swarm=0
2026-07-30T17:55:13Z,752,SKIP,SKIPPED,,,,,0,radar_block,reason=momentum_too_small conf=0.2745 mom_sig=0.00000000 raw_mom_bps=0.00000000 spread_bps=3.45250000 tension=0.00000000 bid_drop=0.00000000 ask_drop=0.00000000 swarm=0
2026-07-30T17:55:23Z,753,SKIP,SKIPPED,,,,,0,radar_block,reason=momentum_too_small conf=0.0 mom_sig=0.00002704 raw_mom_bps=0.00000000 spread_bps=3.45250000 tension=0.00002704 bid_drop=0.00017579 ask_drop=0.00003328 swarm=0
2026-07-30T17:55:31Z,754,SKIP,SKIPPED,,,,,0,radar_block,reason=momentum_too_small conf=0.0 mom_sig=0.00001983 raw_mom_bps=0.00000000 spread_bps=3.45250000 tension=0.00001983 bid_drop=0.00012892 ask_drop=0.00000000 swarm=0
2026-07-30T17:55:40Z,755,SKIP,SKIPPED,,,,,0,radar_block,reason=momentum_too_small conf=0.0 mom_sig=0.00000481 raw_mom_bps=0.00000000 spread_bps=3.45250000 tension=0.00000481 bid_drop=0.00003125 ask_drop=0.00000000 swarm=0
2026-07-30T17:55:48Z,756,SKIP,SKIPPED,,,,,0,impulse_resonance_wait,reason=wall_not_collapsed tension=0.39424407 bid_drop=0.00000000 ask_drop=2.56258644
2026-07-30T17:55:57Z,757,SKIP,SKIPPED,,,,,0,radar_block,reason=direction_unclear conf=0.2319 mom_sig=0.13927500 raw_mom_bps=0.00000000 spread_bps=0.01540000 tension=0.13927500 bid_drop=0.00000000 ask_drop=0.90528748 swarm=0
2026-07-30T17:56:06Z,758,SKIP,SKIPPED,,,,,0,impulse_resonance_wait,reason=wall_not_collapsed tension=0.93779897 bid_drop=6.09569328 ask_drop=2.12569164
2026-07-30T17:56:15Z,759,SKIP,SKIPPED,,,,,0,impulse_resonance_wait,reason=wall_not_collapsed tension=0.53246863 bid_drop=0.00000000 ask_drop=3.46104608
2026-07-30T17:56:23Z,760,SKIP,SKIPPED,,,,,0,radar_block,reason=momentum_too_small conf=0.0 mom_sig=0.00001367 raw_mom_bps=0.00000000 spread_bps=0.03080000 tension=0.00001367 bid_drop=0.00008884 ask_drop=0.00000000 swarm=0
2026-07-30T17:56:32Z,761,SKIP,SKIPPED,,,,,0,radar_block,reason=momentum_too_small conf=0.0 mom_sig=0.00001381 raw_mom_bps=0.00000000 spread_bps=0.03080000 tension=0.00001381 bid_drop=0.00008978 ask_drop=0.00000000 swarm=0
2026-07-30T17:56:41Z,762,SKIP,SKIPPED,,,,,0,radar_block,reason=momentum_too_small conf=0.0 mom_sig=0.00001568 raw_mom_bps=0.00000000 spread_bps=0.03080000 tension=0.00001568 bid_drop=0.00010192 ask_drop=0.00000000 swarm=0
2026-07-30T17:56:49Z,763,SKIP,SKIPPED,,,,,0,radar_block,reason=momentum_too_small conf=0.0093 mom_sig=0.00559804 raw_mom_bps=0.00000000 spread_bps=0.03080000 tension=0.00559804 bid_drop=0.03638723 ask_drop=0.00000000 swarm=0
2026-07-30T17:56:58Z,764,SKIP,SKIPPED,,,,,0,radar_block,reason=momentum_too_small conf=0.0 mom_sig=0.00001867 raw_mom_bps=0.00000000 spread_bps=0.03080000 tension=0.00001867 bid_drop=0.00012137 ask_drop=0.00000000 swarm=0
2026-07-30T17:57:07Z,765,SKIP,SKIPPED,,,,,0,radar_block,reason=momentum_too_small conf=0.0001 mom_sig=0.00007507 raw_mom_bps=0.00000000 spread_bps=0.03080000 tension=0.00007507 bid_drop=0.00048795 ask_drop=0.00008178 swarm=0
2026-07-30T17:57:16Z,766,SKIP,SKIPPED,,,,,0,radar_block,reason=momentum_too_small conf=0.0 mom_sig=0.00001905 raw_mom_bps=0.00000000 spread_bps=0.03080000 tension=0.00001905 bid_drop=0.00012383 ask_drop=0.00000000 swarm=0
2026-07-30T17:57:25Z,767,SKIP,SKIPPED,,,,,0,radar_block,reason=momentum_too_small conf=0.3497 mom_sig=0.00000000 raw_mom_bps=0.00000000 spread_bps=0.01540000 tension=0.00000000 bid_drop=0.00000000 ask_drop=0.00000000 swarm=0
2026-07-30T17:57:33Z,768,SKIP,SKIPPED,,,,,0,radar_block,reason=momentum_too_small conf=0.0001 mom_sig=0.00004706 raw_mom_bps=0.00000000 spread_bps=0.01540000 tension=0.00004706 bid_drop=0.00030591 ask_drop=0.00000000 swarm=0
2026-07-30T17:57:42Z,769,SKIP,SKIPPED,,,,,0,radar_block,reason=momentum_too_small conf=0.0 mom_sig=0.00001569 raw_mom_bps=0.00000000 spread_bps=0.03080000 tension=0.00001569 bid_drop=0.00010198 ask_drop=0.00000000 swarm=0
2026-07-30T17:57:51Z,770,SKIP,SKIPPED,,,,,0,radar_block,reason=direction_unclear conf=0.0093 mom_sig=0.00561823 raw_mom_bps=0.00000000 spread_bps=0.03080000 tension=0.00561823 bid_drop=0.00678180 ask_drop=0.03651848 swarm=1
2026-07-30T17:58:00Z,771,SKIP,SKIPPED,,,,,0,radar_block,reason=momentum_too_small conf=0.0 mom_sig=0.00001046 raw_mom_bps=0.00000000 spread_bps=0.03080000 tension=0.00001046 bid_drop=0.00006801 ask_drop=0.00000000 swarm=1
2026-07-30T17:58:09Z,772,SKIP,SKIPPED,,,,,0,radar_block,reason=direction_unclear conf=0.0253 mom_sig=0.01522269 raw_mom_bps=0.00000000 spread_bps=0.03080000 tension=0.01522269 bid_drop=0.00000000 ask_drop=0.09894749 swarm=1
2026-07-30T17:58:18Z,773,SKIP,SKIPPED,,,,,0,radar_block,reason=momentum_too_small conf=0.0002 mom_sig=0.00012937 raw_mom_bps=0.00000000 spread_bps=0.03080000 tension=0.00012937 bid_drop=0.00011442 ask_drop=0.00084090 swarm=0
2026-07-30T18:42:22Z,1,SKIP,SKIPPED,,,,,0,radar_block,reason=momentum_too_small conf=0.0003 mom_sig=0.00018475 raw_mom_bps=0.00000000 spread_bps=0.58690000 tension=0.00018475 bid_drop=0.00120090 ask_drop=0.00000000 swarm=0
2026-07-30T18:42:30Z,2,SKIP,SKIPPED,,,,,0,radar_block,reason=direction_unclear conf=0.1727 mom_sig=0.10755520 raw_mom_bps=0.00000000 spread_bps=0.58690000 tension=0.10755520 bid_drop=0.69910879 ask_drop=0.00000000 swarm=0
2026-07-30T18:42:38Z,3,SKIP,SKIPPED,,,,,0,radar_block,reason=momentum_too_small conf=0.0003 mom_sig=0.00020891 raw_mom_bps=0.00000000 spread_bps=0.58690000 tension=0.00020891 bid_drop=0.00135789 ask_drop=0.00000000 swarm=0
2026-07-30T18:42:47Z,4,SKIP,SKIPPED,,,,,0,radar_block,reason=direction_unclear conf=0.1772 mom_sig=0.11037640 raw_mom_bps=0.00000000 spread_bps=0.58690000 tension=0.11037640 bid_drop=0.71744660 ask_drop=0.00000000 swarm=0
2026-07-30T18:42:55Z,5,SKIP,SKIPPED,,,,,0,radar_block,reason=momentum_too_small conf=0.0001 mom_sig=0.00004965 raw_mom_bps=0.00000000 spread_bps=0.58690000 tension=0.00004965 bid_drop=0.00032273 ask_drop=0.00000000 swarm=0
2026-07-30T18:43:04Z,6,SKIP,SKIPPED,,,,,0,radar_block,reason=momentum_too_small conf=0.0004 mom_sig=0.00023696 raw_mom_bps=0.00000000 spread_bps=0.58690000 tension=0.00023696 bid_drop=0.00154027 ask_drop=0.00000000 swarm=0
2026-07-30T18:43:12Z,7,SKIP,SKIPPED,,,,,0,radar_block,reason=momentum_too_small conf=0.3372 mom_sig=0.00000000 raw_mom_bps=0.00000000 spread_bps=0.58690000 tension=0.00000000 bid_drop=0.00000000 ask_drop=0.00000000 swarm=0
2026-07-30T18:43:20Z,8,SKIP,SKIPPED,,,,,0,radar_block,reason=momentum_too_small conf=0.0003 mom_sig=0.00018194 raw_mom_bps=0.00000000 spread_bps=0.58690000 tension=0.00018194 bid_drop=0.00118260 ask_drop=0.00000000 swarm=0
2026-07-30T18:43:28Z,9,SKIP,SKIPPED,,,,,0,radar_block,reason=momentum_too_small conf=0.0001 mom_sig=0.00008449 raw_mom_bps=0.00000000 spread_bps=0.58690000 tension=0.00008449 bid_drop=0.00054916 ask_drop=0.00000000 swarm=0
2026-07-30T18:43:36Z,10,SKIP,SKIPPED,,,,,0,radar_block,reason=direction_unclear conf=0.1964 mom_sig=0.12231333 raw_mom_bps=0.00000000 spread_bps=0.58690000 tension=0.12231333 bid_drop=0.79503665 ask_drop=0.00000000 swarm=0
2026-07-30T18:43:44Z,11,SKIP,SKIPPED,,,,,0,radar_block,reason=momentum_too_small conf=0.0003 mom_sig=0.00019477 raw_mom_bps=0.00000000 spread_bps=0.58690000 tension=0.00019477 bid_drop=0.00126598 ask_drop=0.00000000 swarm=0
2026-07-30T18:43:52Z,12,SKIP,SKIPPED,,,,,0,radar_block,reason=momentum_too_small conf=0.0004 mom_sig=0.00026767 raw_mom_bps=0.00000000 spread_bps=0.58690000 tension=0.00026767 bid_drop=0.00173985 ask_drop=0.00000000 swarm=0
2026-07-30T18:44:01Z,13,SKIP,SKIPPED,,,,,0,radar_block,reason=direction_unclear conf=0.24 mom_sig=0.14948904 raw_mom_bps=0.00000000 spread_bps=0.58690000 tension=0.14948904 bid_drop=0.97167877 ask_drop=0.00000000 swarm=0
2026-07-30T18:44:09Z,14,SKIP,SKIPPED,,,,,0,radar_block,reason=momentum_too_small conf=0.0028 mom_sig=0.00176932 raw_mom_bps=0.00000000 spread_bps=0.58690000 tension=0.00176932 bid_drop=0.01150059 ask_drop=0.00000000 swarm=0
2026-07-30T18:44:17Z,15,SKIP,SKIPPED,,,,,0,radar_block,reason=momentum_too_small conf=0.0003 mom_sig=0.00020910 raw_mom_bps=0.00000000 spread_bps=0.58690000 tension=0.00020910 bid_drop=0.00135917 ask_drop=0.00000000 swarm=0
2026-07-30T18:44:25Z,16,SKIP,SKIPPED,,,,,0,radar_block,reason=momentum_too_small conf=0.0005 mom_sig=0.00029596 raw_mom_bps=0.00000000 spread_bps=0.58690000 tension=0.00029596 bid_drop=0.00121089 ask_drop=0.00192377 swarm=0
2026-07-30T18:44:33Z,17,SKIP,SKIPPED,,,,,0,radar_block,reason=momentum_too_small conf=0.0076 mom_sig=0.00474706 raw_mom_bps=-0.58694601 spread_bps=0.58690000 tension=0.00474706 bid_drop=0.00092154 ask_drop=0.03085587 swarm=0
2026-07-30T18:44:41Z,18,SKIP,SKIPPED,,,,,0,radar_block,reason=momentum_too_small conf=0.0002 mom_sig=0.00012409 raw_mom_bps=-0.58694601 spread_bps=0.58690000 tension=0.00012409 bid_drop=0.00080657 ask_drop=0.00030748 swarm=0
2026-07-30T18:44:50Z,19,SKIP,SKIPPED,,,,,0,radar_block,reason=momentum_too_small conf=0.0003 mom_sig=0.00018574 raw_mom_bps=0.00000000 spread_bps=0.58690000 tension=0.00018574 bid_drop=0.00120732 ask_drop=0.00000000 swarm=0
2026-07-30T18:44:58Z,20,SKIP,SKIPPED,,,,,0,radar_block,reason=momentum_too_small conf=0.0004 mom_sig=0.00025272 raw_mom_bps=0.00000000 spread_bps=0.58690000 tension=0.00025272 bid_drop=0.00164270 ask_drop=0.00004920 swarm=0
2026-07-30T18:45:06Z,21,SKIP,SKIPPED,,,,,0,impulse_resonance_wait,reason=wall_not_collapsed tension=0.22769116 bid_drop=1.47999257 ask_drop=0.00000000
2026-07-30T18:45:14Z,22,SKIP,SKIPPED,,,,,0,radar_block,reason=momentum_too_small conf=0.0014 mom_sig=0.00084704 raw_mom_bps=0.00000000 spread_bps=0.58690000 tension=0.00084704 bid_drop=0.00550578 ask_drop=0.00000000 swarm=0
2026-07-30T18:45:22Z,23,SKIP,SKIPPED,,,,,0,impulse_resonance_wait,reason=wall_not_collapsed tension=0.24154590 bid_drop=1.57004836 ask_drop=0.00000000
2026-07-30T18:45:30Z,24,SKIP,SKIPPED,,,,,0,radar_block,reason=momentum_too_small conf=0.0002 mom_sig=0.00010035 raw_mom_bps=-0.04634056 spread_bps=0.63330000 tension=0.00010035 bid_drop=0.00000000 ask_drop=0.00065228 swarm=0
2026-07-30T18:45:38Z,25,SKIP,SKIPPED,,,,,0,radar_block,reason=momentum_too_small conf=0.0007 mom_sig=0.00045033 raw_mom_bps=0.00000000 spread_bps=0.67960000 tension=0.00045033 bid_drop=0.00292715 ask_drop=0.00000000 swarm=0
2026-07-30T18:45:46Z,26,SKIP,SKIPPED,,,,,0,impulse_resonance_wait,reason=wall_not_collapsed tension=0.33881199 bid_drop=2.20227794 ask_drop=0.00000000
2026-07-30T18:45:54Z,27,SKIP,SKIPPED,,,,,0,radar_block,reason=momentum_too_small conf=0.3351 mom_sig=0.00000000 raw_mom_bps=0.00000000 spread_bps=0.67960000 tension=0.00000000 bid_drop=0.00000000 ask_drop=0.00000000 swarm=0
2026-07-30T18:46:02Z,28,SKIP,SKIPPED,,,,,0,radar_block,reason=momentum_too_small conf=0.0006 mom_sig=0.00035193 raw_mom_bps=0.00000000 spread_bps=0.67960000 tension=0.00035193 bid_drop=0.00228755 ask_drop=0.00000000 swarm=0
2026-07-30T18:46:10Z,29,SKIP,SKIPPED,,,,,0,radar_block,reason=momentum_too_small conf=0.0006 mom_sig=0.00035303 raw_mom_bps=0.67966789 spread_bps=0.67960000 tension=0.00035303 bid_drop=0.00229472 ask_drop=0.00000000 swarm=0
2026-07-30T18:46:18Z,30,SKIP,SKIPPED,,,,,0,radar_block,reason=momentum_too_small conf=0.0006 mom_sig=0.00035599 raw_mom_bps=0.00000000 spread_bps=0.09270000 tension=0.00035599 bid_drop=0.00231395 ask_drop=0.00000000 swarm=0
2026-07-30T18:46:27Z,31,SKIP,SKIPPED,,,,,0,radar_block,reason=direction_unclear conf=0.0506 mom_sig=0.03168031 raw_mom_bps=0.00000000 spread_bps=0.67960000 tension=0.03168031 bid_drop=0.20592200 ask_drop=0.00000000 swarm=0
2026-07-30T18:46:35Z,32,SKIP,SKIPPED,,,,,0,radar_block,reason=direction_unclear conf=0.0127 mom_sig=0.14178045 raw_mom_bps=-0.04634099 spread_bps=0.72600000 tension=0.14178045 bid_drop=0.92157292 ask_drop=0.00000000 swarm=0
2026-07-30T18:46:44Z,33,SKIP,SKIPPED,,,,,0,radar_block,reason=momentum_too_small conf=0.0007 mom_sig=0.00046903 raw_mom_bps=0.00000000 spread_bps=0.74140000 tension=0.00046903 bid_drop=0.00304868 ask_drop=0.00000000 swarm=0
2026-07-30T18:46:54Z,34,SKIP,SKIPPED,,,,,0,impulse_resonance_wait,reason=wall_not_collapsed tension=0.98591524 bid_drop=6.40844906 ask_drop=0.00000000
2026-07-30T18:47:02Z,35,SKIP,SKIPPED,,,,,0,duo_wait,reason=no_state mode=none
2026-07-30T18:47:10Z,36,SKIP,SKIPPED,,,,,0,radar_block,reason=momentum_too_small conf=0.0028 mom_sig=0.00173555 raw_mom_bps=-0.63334646 spread_bps=0.67960000 tension=0.00173555 bid_drop=0.01128110 ask_drop=0.00000000 swarm=1
2026-07-30T18:47:19Z,37,SKIP,SKIPPED,,,,,0,radar_block,reason=direction_unclear conf=0.2722 mom_sig=0.17058021 raw_mom_bps=0.00000000 spread_bps=0.67960000 tension=0.17058021 bid_drop=1.10877135 ask_drop=0.00000000 swarm=0
2026-07-30T18:47:27Z,38,SKIP,SKIPPED,,,,,0,duo_wait,reason=no_trigger mode=none
2026-07-30T18:47:35Z,39,SKIP,SKIPPED,,,,,0,radar_block,reason=spread_too_wide conf=0.0 mom_sig=0.00000000 raw_mom_bps=2.22471129 spread_bps=5.90040000 tension=0.00000000 bid_drop=0.00000000 ask_drop=0.00000000 swarm=0
2026-07-30T18:47:44Z,40,SKIP,SKIPPED,,,,,0,radar_block,reason=spread_too_wide conf=0.3578 mom_sig=0.42936308 raw_mom_bps=0.00000000 spread_bps=5.90040000 tension=0.42936308 bid_drop=2.79085999 ask_drop=1.51871174 swarm=0
2026-07-30T18:47:52Z,41,SKIP,SKIPPED,,,,,0,impulse_resonance_wait,reason=wall_not_collapsed tension=0.23856357 bid_drop=0.00108038 ask_drop=1.55066319
2026-07-30T18:48:00Z,42,SKIP,SKIPPED,,,,,0,radar_block,reason=momentum_too_small conf=0.3392 mom_sig=0.00000000 raw_mom_bps=0.00000000 spread_bps=0.24730000 tension=0.00000000 bid_drop=0.00000000 ask_drop=0.00000000 swarm=1
2026-07-30T18:48:08Z,43,SKIP,SKIPPED,,,,,0,radar_block,reason=momentum_too_small conf=0.3392 mom_sig=0.00000000 raw_mom_bps=0.00000000 spread_bps=0.24730000 tension=0.00000000 bid_drop=0.00000000 ask_drop=0.00000000 swarm=0
2026-07-30T18:48:16Z,44,SKIP,SKIPPED,,,,,0,radar_block,reason=momentum_too_small conf=0.3392 mom_sig=0.00000000 raw_mom_bps=-0.24729024 spread_bps=0.24730000 tension=0.00000000 bid_drop=0.00000000 ask_drop=0.00000000 swarm=0
2026-07-30T18:48:25Z,45,SKIP,SKIPPED,,,,,0,impulse_resonance_wait,reason=wall_not_collapsed tension=0.79345892 bid_drop=5.15748301 ask_drop=0.00000000
2026-07-30T18:48:33Z,46,SKIP,SKIPPED,,,,,0,radar_block,reason=momentum_too_small conf=0.0 mom_sig=0.00002924 raw_mom_bps=0.00000000 spread_bps=0.24730000 tension=0.00002924 bid_drop=0.00019004 ask_drop=0.00000000 swarm=0
2026-07-30T18:48:42Z,47,SKIP,SKIPPED,,,,,0,duo_wait,reason=no_trigger mode=none
2026-07-30T18:48:51Z,48,SKIP,SKIPPED,,,,,0,tension_stale,reason=nuage_age_ms=5576 thresh=800
2026-07-30T18:49:00Z,49,SKIP,SKIPPED,,,,,0,tension_stale,reason=nuage_age_ms=1641 thresh=800
2026-07-30T18:49:08Z,50,SKIP,SKIPPED,,,,,0,radar_block,reason=direction_unclear conf=0.011 mom_sig=0.02570476 raw_mom_bps=0.26276212 spread_bps=2.82850000 tension=0.02570476 bid_drop=0.00016412 ask_drop=0.16708094 swarm=0
2026-07-30T18:49:18Z,51,SKIP,SKIPPED,,,,,0,impulse_resonance_wait,reason=wall_not_collapsed tension=0.91092865 bid_drop=5.92103620 ask_drop=0.00000000
2026-07-30T18:49:28Z,52,SKIP,SKIPPED,,,,,0,tension_stale,reason=nuage_age_ms=6551 thresh=800
2026-07-30T18:49:48Z,53,BUY,FILLED,64675.90000000,64675.40000000,0.16080000,-0.07730855,-0.08040000,shock_inversion_stop,radar=short conf=0.999 size_note=strong_conf_full+entry_25_75_full soft=0 pct=-0.00077309 tension=3.41530004 bid_drop=22.19945028 ask_drop=0.00000000
2026-07-30T18:49:57Z,54,SKIP,SKIPPED,,,,,0,impulse_resonance_wait,reason=wall_not_collapsed tension=0.20829189 bid_drop=1.35389727 ask_drop=0.00000000
2026-07-30T18:50:06Z,55,SKIP,SKIPPED,,,,,0,tension_stale,reason=nuage_age_ms=7320 thresh=800
2026-07-30T18:50:16Z,56,SKIP,SKIPPED,,,,,0,tension_stale,reason=nuage_age_ms=7660 thresh=800
2026-07-30T18:50:24Z,57,SKIP,SKIPPED,,,,,0,radar_block,reason=momentum_too_small conf=0.0008 mom_sig=0.00051309 raw_mom_bps=0.00000000 spread_bps=0.68030000 tension=0.00051309 bid_drop=0.00004239 ask_drop=0.00333506 swarm=1
2026-07-30T18:50:32Z,58,SKIP,SKIPPED,,,,,0,radar_block,reason=momentum_too_small conf=0.0 mom_sig=0.00001361 raw_mom_bps=0.00000000 spread_bps=1.23680000 tension=0.00001361 bid_drop=0.00008846 ask_drop=0.00000000 swarm=0
2026-07-30T18:50:41Z,59,SKIP,SKIPPED,,,,,0,tactic_mismatch,mom=long structure=short
2026-07-30T18:50:49Z,60,SKIP,SKIPPED,,,,,0,radar_block,reason=direction_unclear conf=0.1068 mom_sig=0.07598091 raw_mom_bps=0.00000000 spread_bps=1.25230000 tension=0.07598091 bid_drop=0.49387594 ask_drop=0.00000000 swarm=0
2026-07-30T18:50:59Z,61,SKIP,SKIPPED,,,,,0,impulse_resonance_wait,reason=wall_not_collapsed tension=0.59050111 bid_drop=0.00000000 ask_drop=3.83825723
2026-07-30T18:51:08Z,62,SKIP,SKIPPED,,,,,0,radar_block,reason=direction_unclear conf=0.1243 mom_sig=0.07598364 raw_mom_bps=0.00000000 spread_bps=0.29370000 tension=0.07598364 bid_drop=0.49389366 ask_drop=0.00004668 swarm=0
2026-07-30T18:51:16Z,63,SKIP,SKIPPED,,,,,0,radar_block,reason=momentum_too_small conf=0.3226 mom_sig=0.00000000 raw_mom_bps=0.01546085 spread_bps=1.25230000 tension=0.00000000 bid_drop=0.00000000 ask_drop=0.00000000 swarm=0
2026-07-30T18:51:24Z,64,SKIP,SKIPPED,,,,,0,radar_block,reason=momentum_too_small conf=0.0 mom_sig=0.00000798 raw_mom_bps=0.00000000 spread_bps=0.97400000 tension=0.00000798 bid_drop=0.00000000 ask_drop=0.00005188 swarm=0
2026-07-30T18:51:32Z,65,SKIP,SKIPPED,,,,,0,radar_block,reason=momentum_too_small conf=0.3226 mom_sig=0.00000000 raw_mom_bps=0.00000000 spread_bps=1.25230000 tension=0.00000000 bid_drop=0.00000000 ask_drop=0.00000000 swarm=0
2026-07-30T18:51:46Z,66,SKIP,SKIPPED,,,,,0,radar_block,reason=momentum_too_small conf=0.0 mom_sig=0.00000747 raw_mom_bps=-0.97403200 spread_bps=1.25230000 tension=0.00000747 bid_drop=0.00000000 ask_drop=0.00004856 swarm=0
2026-07-30T18:51:56Z,67,SKIP,SKIPPED,,,,,0,radar_block,reason=momentum_too_small conf=0.3449 mom_sig=0.00000000 raw_mom_bps=0.00000000 spread_bps=0.23190000 tension=0.00000000 bid_drop=0.00000000 ask_drop=0.00000000 swarm=0
2026-07-30T18:52:04Z,68,SKIP,SKIPPED,,,,,0,radar_block,reason=momentum_too_small conf=0.0049 mom_sig=0.00321246 raw_mom_bps=0.00000000 spread_bps=1.25230000 tension=0.00321246 bid_drop=0.00000000 ask_drop=0.02088097 swarm=0
2026-07-30T18:52:12Z,69,SKIP,SKIPPED,,,,,0,radar_block,reason=direction_unclear conf=0.0123 mom_sig=0.07601235 raw_mom_bps=0.00000000 spread_bps=1.25230000 tension=0.07601235 bid_drop=0.49408029 ask_drop=0.00000000 swarm=0
2026-07-30T18:52:21Z,70,SKIP,SKIPPED,,,,,0,impulse_resonance_wait,reason=wall_not_collapsed tension=0.96236606 bid_drop=0.00000000 ask_drop=6.25537936
2026-07-30T18:52:29Z,71,SKIP,SKIPPED,,,,,0,radar_block,reason=momentum_too_small conf=0.3223 mom_sig=0.00000000 raw_mom_bps=0.00000000 spread_bps=1.26780000 tension=0.00000000 bid_drop=0.00000000 ask_drop=0.00000000 swarm=0
2026-07-30T18:52:37Z,72,SKIP,SKIPPED,,,,,0,radar_block,reason=momentum_too_small conf=0.3206 mom_sig=0.00000000 raw_mom_bps=0.00000000 spread_bps=1.34500000 tension=0.00000000 bid_drop=0.00000000 ask_drop=0.00000000 swarm=1
2026-07-30T18:52:46Z,73,SKIP,SKIPPED,,,,,0,radar_block,reason=momentum_too_small conf=0.3331 mom_sig=0.00000000 raw_mom_bps=0.77311657 spread_bps=0.77310000 tension=0.00000000 bid_drop=0.00000000 ask_drop=0.00000000 swarm=1
2026-07-30T18:52:54Z,74,SKIP,SKIPPED,,,,,0,radar_block,reason=momentum_too_small conf=0.3202 mom_sig=0.00000000 raw_mom_bps=-0.32468386 spread_bps=1.36050000 tension=0.00000000 bid_drop=0.00000000 ask_drop=0.00000000 swarm=0
2026-07-30T18:53:02Z,75,SKIP,SKIPPED,,,,,0,impulse_resonance_wait,reason=wall_not_collapsed tension=0.43685141 bid_drop=2.83953415 ask_drop=0.00000000
2026-07-30T18:53:10Z,76,SKIP,SKIPPED,,,,,0,impulse_resonance_wait,reason=wall_not_collapsed tension=0.24726628 bid_drop=1.60723082 ask_drop=0.00000000
2026-07-30T18:53:18Z,77,SKIP,SKIPPED,,,,,0,radar_block,reason=momentum_too_small conf=0.3192 mom_sig=0.00000000 raw_mom_bps=0.00000000 spread_bps=1.40690000 tension=0.00000000 bid_drop=0.00000000 ask_drop=0.00000000 swarm=0
2026-07-30T18:53:27Z,78,SKIP,SKIPPED,,,,,0,impulse_resonance_wait,reason=wall_not_collapsed tension=0.28575411 bid_drop=1.85740171 ask_drop=0.00000323
2026-07-30T18:53:35Z,79,SKIP,SKIPPED,,,,,0,impulse_resonance_wait,reason=wall_not_collapsed tension=0.26450358 bid_drop=1.71927327 ask_drop=0.00000000
2026-07-30T18:53:43Z,80,SKIP,SKIPPED,,,,,0,radar_block,reason=momentum_too_small conf=0.0001 mom_sig=0.00004511 raw_mom_bps=0.00000000 spread_bps=1.40690000 tension=0.00004511 bid_drop=0.00029322 ask_drop=0.00000000 swarm=0
2026-07-30T18:53:52Z,81,SKIP,SKIPPED,,,,,0,duo_wait,reason=no_trigger mode=none
2026-07-30T18:54:01Z,82,SKIP,SKIPPED,,,,,0,radar_block,reason=momentum_too_small conf=0.0001 mom_sig=0.00004492 raw_mom_bps=-1.40687638 spread_bps=1.40690000 tension=0.00004492 bid_drop=0.00029199 ask_drop=0.00000000 swarm=1
2026-07-30T18:54:09Z,83,SKIP,SKIPPED,,,,,0,radar_block,reason=momentum_too_small conf=0.0001 mom_sig=0.00005343 raw_mom_bps=0.00000000 spread_bps=1.40690000 tension=0.00005343 bid_drop=0.00034728 ask_drop=0.00000000 swarm=0
2026-07-30T18:54:18Z,84,SKIP,SKIPPED,,,,,0,radar_block,reason=momentum_too_small conf=0.0 mom_sig=0.00001821 raw_mom_bps=0.00000000 spread_bps=1.40690000 tension=0.00001821 bid_drop=0.00011839 ask_drop=0.00000000 swarm=0
2026-07-30T18:54:26Z,85,SKIP,SKIPPED,,,,,0,radar_block,reason=momentum_too_small conf=0.0029 mom_sig=0.00191648 raw_mom_bps=0.00000000 spread_bps=1.40690000 tension=0.00191648 bid_drop=0.00029993 ask_drop=0.01245714 swarm=0
2026-07-30T18:54:35Z,86,SKIP,SKIPPED,,,,,0,radar_block,reason=momentum_too_small conf=0.0036 mom_sig=0.00239709 raw_mom_bps=0.00000000 spread_bps=1.40690000 tension=0.00239709 bid_drop=0.01558109 ask_drop=0.00000000 swarm=0
2026-07-30T18:54:44Z,87,SKIP,SKIPPED,,,,,0,radar_block,reason=momentum_too_small conf=0.0 mom_sig=0.00002794 raw_mom_bps=0.00000000 spread_bps=1.40690000 tension=0.00002794 bid_drop=0.00018160 ask_drop=0.00000000 swarm=0
2026-07-30T18:54:52Z,88,SKIP,SKIPPED,,,,,0,radar_block,reason=momentum_too_small conf=0.0001 mom_sig=0.00005345 raw_mom_bps=0.00000000 spread_bps=1.40690000 tension=0.00005345 bid_drop=0.00034742 ask_drop=0.00000000 swarm=0
2026-07-30T18:55:00Z,89,SKIP,SKIPPED,,,,,0,radar_block,reason=momentum_too_small conf=0.0001 mom_sig=0.00005945 raw_mom_bps=0.00000000 spread_bps=1.40690000 tension=0.00005945 bid_drop=0.00038643 ask_drop=0.00000000 swarm=0
2026-07-30T18:55:09Z,90,SKIP,SKIPPED,,,,,0,radar_block,reason=momentum_too_small conf=0.0001 mom_sig=0.00005581 raw_mom_bps=0.00000000 spread_bps=1.40690000 tension=0.00005581 bid_drop=0.00036278 ask_drop=0.00000323 swarm=0
2026-07-30T18:55:17Z,91,SKIP,SKIPPED,,,,,0,radar_block,reason=momentum_too_small conf=0.0001 mom_sig=0.00005339 raw_mom_bps=0.00000000 spread_bps=1.40690000 tension=0.00005339 bid_drop=0.00034702 ask_drop=0.00000000 swarm=0
2026-07-30T18:55:26Z,92,SKIP,SKIPPED,,,,,0,radar_block,reason=momentum_too_small conf=0.0001 mom_sig=0.00008858 raw_mom_bps=0.00000000 spread_bps=1.40690000 tension=0.00008858 bid_drop=0.00057574 ask_drop=0.00000000 swarm=0
2026-07-30T18:55:34Z,93,SKIP,SKIPPED,,,,,0,radar_block,reason=momentum_too_small conf=0.0 mom_sig=0.00001093 raw_mom_bps=0.00000000 spread_bps=1.40690000 tension=0.00001093 bid_drop=0.00000000 ask_drop=0.00007104 swarm=0
2026-07-30T18:55:42Z,94,SKIP,SKIPPED,,,,,0,radar_block,reason=momentum_too_small conf=0.0001 mom_sig=0.00005460 raw_mom_bps=0.00000000 spread_bps=1.40690000 tension=0.00005460 bid_drop=0.00035493 ask_drop=0.00000000 swarm=0
2026-07-30T18:55:51Z,95,SKIP,SKIPPED,,,,,0,radar_block,reason=momentum_too_small conf=0.0001 mom_sig=0.00004979 raw_mom_bps=0.00000000 spread_bps=1.40690000 tension=0.00004979 bid_drop=0.00032364 ask_drop=0.00000000 swarm=0
2026-07-30T18:56:00Z,96,SKIP,SKIPPED,,,,,0,radar_block,reason=momentum_too_small conf=0.0001 mom_sig=0.00004129 raw_mom_bps=0.00000000 spread_bps=1.40690000 tension=0.00004129 bid_drop=0.00026839 ask_drop=0.00000000 swarm=0
2026-07-30T18:56:10Z,97,SKIP,SKIPPED,,,,,0,radar_block,reason=momentum_too_small conf=0.0001 mom_sig=0.00007044 raw_mom_bps=0.00000000 spread_bps=1.40690000 tension=0.00007044 bid_drop=0.00045788 ask_drop=0.00000000 swarm=0
2026-07-30T18:56:19Z,98,SKIP,SKIPPED,,,,,0,radar_block,reason=momentum_too_small conf=0.0 mom_sig=0.00002551 raw_mom_bps=0.00000000 spread_bps=1.40690000 tension=0.00002551 bid_drop=0.00016579 ask_drop=0.00000000 swarm=0
2026-07-30T18:56:27Z,99,SKIP,SKIPPED,,,,,0,radar_block,reason=momentum_too_small conf=0.0001 mom_sig=0.00005466 raw_mom_bps=0.00000000 spread_bps=1.40690000 tension=0.00005466 bid_drop=0.00035526 ask_drop=0.00000000 swarm=0
2026-07-30T18:56:36Z,100,SKIP,SKIPPED,,,,,0,radar_block,reason=momentum_too_small conf=0.0008 mom_sig=0.00052026 raw_mom_bps=0.00000000 spread_bps=1.40690000 tension=0.00052026 bid_drop=0.00338169 ask_drop=0.00000000 swarm=0
2026-07-30T18:56:44Z,101,SKIP,SKIPPED,,,,,0,radar_block,reason=momentum_too_small conf=0.0001 mom_sig=0.00003769 raw_mom_bps=0.00000000 spread_bps=1.46870000 tension=0.00003769 bid_drop=0.00024496 ask_drop=0.00000000 swarm=0
2026-07-30T18:56:53Z,102,SKIP,SKIPPED,,,,,0,radar_block,reason=momentum_too_small conf=0.0001 mom_sig=0.00004016 raw_mom_bps=0.00000000 spread_bps=1.40690000 tension=0.00004016 bid_drop=0.00026103 ask_drop=0.00000000 swarm=0
2026-07-30T18:57:02Z,103,SKIP,SKIPPED,,,,,0,radar_block,reason=momentum_too_small conf=0.0 mom_sig=0.00000974 raw_mom_bps=0.00000000 spread_bps=1.40690000 tension=0.00000974 bid_drop=0.00006329 ask_drop=0.00004647 swarm=0
2026-07-30T18:57:10Z,104,SKIP,SKIPPED,,,,,0,radar_block,reason=momentum_too_small conf=0.0 mom_sig=0.00000602 raw_mom_bps=-0.06184942 spread_bps=0.06180000 tension=0.00000602 bid_drop=0.00003912 ask_drop=0.00000000 swarm=0
2026-07-30T18:57:19Z,105,SKIP,SKIPPED,,,,,0,radar_block,reason=momentum_too_small conf=0.0 mom_sig=0.00002934 raw_mom_bps=0.00000000 spread_bps=0.06180000 tension=0.00002934 bid_drop=0.00019073 ask_drop=0.00000000 swarm=0
2026-07-30T18:57:28Z,106,SKIP,SKIPPED,,,,,0,radar_block,reason=momentum_too_small conf=0.0 mom_sig=0.00002935 raw_mom_bps=0.00000000 spread_bps=0.03090000 tension=0.00002935 bid_drop=0.00019076 ask_drop=0.00000000 swarm=0
2026-07-30T18:57:36Z,107,SKIP,SKIPPED,,,,,0,radar_block,reason=momentum_too_small conf=0.0001 mom_sig=0.00006214 raw_mom_bps=0.00000000 spread_bps=0.03090000 tension=0.00006214 bid_drop=0.00040391 ask_drop=0.00000000 swarm=0
2026-07-30T18:57:45Z,108,SKIP,SKIPPED,,,,,0,radar_block,reason=direction_unclear conf=0.0348 mom_sig=0.02298521 raw_mom_bps=-0.03092471 spread_bps=1.46870000 tension=0.02298521 bid_drop=0.01857754 ask_drop=0.14940386 swarm=0
2026-07-30T18:57:54Z,109,SKIP,SKIPPED,,,,,0,radar_block,reason=momentum_too_small conf=0.0 mom_sig=0.00003088 raw_mom_bps=0.00000000 spread_bps=1.46870000 tension=0.00003088 bid_drop=0.00020069 ask_drop=0.00000000 swarm=0
2026-07-30T18:58:04Z,110,SKIP,SKIPPED,,,,,0,radar_block,reason=momentum_too_small conf=0.3179 mom_sig=0.00000000 raw_mom_bps=0.00000000 spread_bps=1.46870000 tension=0.00000000 bid_drop=0.00000000 ask_drop=0.00000000 swarm=0
2026-07-30T18:58:12Z,111,SKIP,SKIPPED,,,,,0,impulse_resonance_wait,reason=wall_not_collapsed tension=0.62503937 bid_drop=4.06275593 ask_drop=0.00000000
2026-07-30T18:58:21Z,112,SKIP,SKIPPED,,,,,0,radar_block,reason=momentum_too_small conf=0.3179 mom_sig=0.00000000 raw_mom_bps=0.00000000 spread_bps=1.46870000 tension=0.00000000 bid_drop=0.00000000 ask_drop=0.00000000 swarm=0
2026-07-30T18:58:29Z,113,SKIP,SKIPPED,,,,,0,radar_block,reason=momentum_too_small conf=0.3358 mom_sig=0.00000000 raw_mom_bps=0.00000000 spread_bps=0.64940000 tension=0.00000000 bid_drop=0.00000000 ask_drop=0.00000000 swarm=0
2026-07-30T18:58:38Z,114,SKIP,SKIPPED,,,,,0,radar_block,reason=momentum_too_small conf=0.0014 mom_sig=0.00091590 raw_mom_bps=0.00000000 spread_bps=1.46870000 tension=0.00091590 bid_drop=0.00000000 ask_drop=0.00595333 swarm=0
2026-07-30T18:58:47Z,115,SKIP,SKIPPED,,,,,0,radar_block,reason=momentum_too_small conf=0.0 mom_sig=0.00000281 raw_mom_bps=0.64942294 spread_bps=0.66480000 tension=0.00000281 bid_drop=0.00001824 ask_drop=0.00000000 swarm=0
2026-07-30T18:58:56Z,116,SKIP,SKIPPED,,,,,0,radar_block,reason=momentum_too_small conf=0.0041 mom_sig=0.00270320 raw_mom_bps=0.00000000 spread_bps=1.46870000 tension=0.00270320 bid_drop=0.01757079 ask_drop=0.00000000 swarm=1
2026-07-30T18:59:04Z,117,SKIP,SKIPPED,,,,,0,radar_block,reason=momentum_too_small conf=0.0 mom_sig=0.00000421 raw_mom_bps=0.00000000 spread_bps=1.46870000 tension=0.00000421 bid_drop=0.00002737 ask_drop=0.00000000 swarm=0
2026-07-30T18:59:13Z,118,SKIP,SKIPPED,,,,,0,radar_block,reason=momentum_too_small conf=0.0 mom_sig=0.00000505 raw_mom_bps=0.00000000 spread_bps=1.46870000 tension=0.00000505 bid_drop=0.00003285 ask_drop=0.00002587 swarm=0
2026-07-30T18:59:21Z,119,SKIP,SKIPPED,,,,,0,radar_block,reason=momentum_too_small conf=0.0001 mom_sig=0.00009654 raw_mom_bps=0.00000000 spread_bps=1.46870000 tension=0.00009654 bid_drop=0.00000000 ask_drop=0.00062752 swarm=0
2026-07-30T18:59:30Z,120,SKIP,SKIPPED,,,,,0,radar_block,reason=momentum_too_small conf=0.0 mom_sig=0.00000995 raw_mom_bps=0.01546145 spread_bps=0.81940000 tension=0.00000995 bid_drop=0.00000000 ask_drop=0.00006469 swarm=0
2026-07-30T18:59:40Z,121,SKIP,SKIPPED,,,,,0,impulse_resonance_wait,reason=wall_not_collapsed tension=0.35967740 bid_drop=0.00019527 ask_drop=2.33790308
2026-07-30T18:59:49Z,122,SKIP,SKIPPED,,,,,0,radar_block,reason=momentum_too_small conf=0.0001 mom_sig=0.00008162 raw_mom_bps=0.00000000 spread_bps=1.46870000 tension=0.00008162 bid_drop=0.00000000 ask_drop=0.00053051 swarm=0
2026-07-30T18:59:58Z,123,SKIP,SKIPPED,,,,,0,radar_block,reason=momentum_too_small conf=0.0 mom_sig=0.00001376 raw_mom_bps=0.00000000 spread_bps=1.46870000 tension=0.00001376 bid_drop=0.00008943 ask_drop=0.00003559 swarm=0
2026-07-30T19:00:06Z,124,SKIP,SKIPPED,,,,,0,radar_block,reason=momentum_too_small conf=0.3179 mom_sig=0.00000000 raw_mom_bps=0.00000000 spread_bps=1.46870000 tension=0.00000000 bid_drop=0.00000000 ask_drop=0.00000000 swarm=0
2026-07-30T19:00:16Z,125,SKIP,SKIPPED,,,,,0,tension_stale,reason=nuage_age_ms=1987 thresh=800
2026-07-30T19:00:24Z,126,SKIP,SKIPPED,,,,,0,radar_block,reason=momentum_too_small conf=0.0001 mom_sig=0.00004514 raw_mom_bps=1.46893284 spread_bps=0.54110000 tension=0.00004514 bid_drop=0.00029338 ask_drop=0.00002589 swarm=0
2026-07-30T19:00:33Z,127,SKIP,SKIPPED,,,,,0,radar_block,reason=momentum_too_small conf=0.001 mom_sig=0.00062052 raw_mom_bps=0.54113558 spread_bps=1.08220000 tension=0.00062052 bid_drop=0.00403341 ask_drop=0.00000000 swarm=0
2026-07-30T19:00:41Z,128,SKIP,SKIPPED,,,,,0,radar_block,reason=momentum_too_small conf=0.0005 mom_sig=0.00029298 raw_mom_bps=0.00000000 spread_bps=1.09770000 tension=0.00029298 bid_drop=0.00190434 ask_drop=0.00004170 swarm=1
2026-07-30T19:00:51Z,129,SKIP,SKIPPED,,,,,0,duo_wait,reason=no_trigger mode=none
2026-07-30T19:01:00Z,130,SKIP,SKIPPED,,,,,0,radar_block,reason=momentum_too_small conf=0.325 mom_sig=0.00000000 raw_mom_bps=1.09779328 spread_bps=1.14400000 tension=0.00000000 bid_drop=0.00000000 ask_drop=0.00000000 swarm=0
2026-07-30T19:01:09Z,131,SKIP,SKIPPED,,,,,0,radar_block,reason=momentum_too_small conf=0.0006 mom_sig=0.00039749 raw_mom_bps=-0.01546008 spread_bps=1.29860000 tension=0.00039749 bid_drop=0.00000000 ask_drop=0.00258369 swarm=0
2026-07-30T19:01:18Z,132,SKIP,SKIPPED,,,,,0,radar_block,reason=momentum_too_small conf=0.0 mom_sig=0.00002512 raw_mom_bps=0.00000000 spread_bps=1.31410000 tension=0.00002512 bid_drop=0.00000000 ask_drop=0.00016331 swarm=0
2026-07-30T19:01:27Z,133,SKIP,SKIPPED,,,,,0,radar_block,reason=momentum_too_small conf=0.0 mom_sig=0.00000733 raw_mom_bps=0.00000000 spread_bps=1.39140000 tension=0.00000733 bid_drop=0.00004764 ask_drop=0.00000000 swarm=0
2026-07-30T19:01:36Z,134,SKIP,SKIPPED,,,,,0,duo_wait,reason=no_trigger mode=none
2026-07-30T19:01:45Z,135,SKIP,SKIPPED,,,,,0,radar_block,reason=momentum_too_small conf=0.0 mom_sig=0.00001576 raw_mom_bps=0.09275334 spread_bps=0.38650000 tension=0.00001576 bid_drop=0.00010246 ask_drop=0.00000000 swarm=0
2026-07-30T19:01:54Z,136,SKIP,SKIPPED,,,,,0,radar_block,reason=momentum_too_small conf=0.348 mom_sig=0.00000000 raw_mom_bps=0.00000000 spread_bps=0.09280000 tension=0.00000000 bid_drop=0.00000000 ask_drop=0.00000000 swarm=0
2026-07-30T19:02:03Z,137,SKIP,SKIPPED,,,,,0,radar_block,reason=momentum_too_small conf=0.0001 mom_sig=0.00005725 raw_mom_bps=0.00000000 spread_bps=0.09280000 tension=0.00005725 bid_drop=0.00037211 ask_drop=0.00000000 swarm=0
2026-07-30T19:02:12Z,138,SKIP,SKIPPED,,,,,0,radar_block,reason=momentum_too_small conf=0.3341 mom_sig=0.00000000 raw_mom_bps=0.00000000 spread_bps=0.72650000 tension=0.00000000 bid_drop=0.00000000 ask_drop=0.00000000 swarm=0
2026-07-30T19:02:21Z,139,SKIP,SKIPPED,,,,,0,radar_block,reason=momentum_too_small conf=0.324 mom_sig=0.00000000 raw_mom_bps=-0.68013751 spread_bps=1.19020000 tension=0.00000000 bid_drop=0.00000000 ask_drop=0.00000000 swarm=0
2026-07-30T19:02:29Z,140,SKIP,SKIPPED,,,,,0,radar_block,reason=momentum_too_small conf=0.0 mom_sig=0.00000071 raw_mom_bps=0.00000000 spread_bps=1.28290000 tension=0.00000071 bid_drop=0.00000000 ask_drop=0.00000463 swarm=0
2026-07-30T19:02:38Z,141,SKIP,SKIPPED,,,,,0,radar_block,reason=momentum_too_small conf=0.3186 mom_sig=0.00000000 raw_mom_bps=0.00000000 spread_bps=1.43750000 tension=0.00000000 bid_drop=0.00000000 ask_drop=0.00000000 swarm=0
2026-07-30T19:02:47Z,142,SKIP,SKIPPED,,,,,0,radar_block,reason=momentum_too_small conf=0.3159 mom_sig=0.00000000 raw_mom_bps=0.00000000 spread_bps=1.56110000 tension=0.00000000 bid_drop=0.00000000 ask_drop=0.00000000 swarm=0
2026-07-30T19:02:56Z,143,SKIP,SKIPPED,,,,,0,impulse_resonance_wait,reason=wall_not_collapsed tension=0.89843911 bid_drop=0.00000000 ask_drop=5.83985422
2026-07-30T19:03:04Z,144,SKIP,SKIPPED,,,,,0,radar_block,reason=momentum_too_small conf=0.0012 mom_sig=0.00079438 raw_mom_bps=0.00000000 spread_bps=2.07100000 tension=0.00079438 bid_drop=0.00516349 ask_drop=0.00022213 swarm=0
2026-07-30T19:03:14Z,145,SKIP,SKIPPED,,,,,0,radar_block,reason=direction_unclear conf=0.1191 mom_sig=0.08221056 raw_mom_bps=0.00000000 spread_bps=2.08650000 tension=0.08221056 bid_drop=0.00000000 ask_drop=0.53436866 swarm=0
2026-07-30T19:03:22Z,146,SKIP,SKIPPED,,,,,0,radar_block,reason=direction_unclear conf=0.1601 mom_sig=0.12095724 raw_mom_bps=0.00000000 spread_bps=3.29160000 tension=0.12095724 bid_drop=0.00050654 ask_drop=0.78622206 swarm=0
2026-07-30T19:03:31Z,147,SKIP,SKIPPED,,,,,0,radar_block,reason=momentum_too_small conf=0.2773 mom_sig=0.00000000 raw_mom_bps=0.00000000 spread_bps=3.32250000 tension=0.00000000 bid_drop=0.00000000 ask_drop=0.00000000 swarm=0
2026-07-30T19:03:40Z,148,SKIP,SKIPPED,,,,,0,duo_wait,reason=no_trigger mode=none
2026-07-30T19:03:50Z,149,SKIP,SKIPPED,,,,,0,radar_block,reason=momentum_too_small conf=0.0 mom_sig=0.00001227 raw_mom_bps=0.00000000 spread_bps=1.66900000 tension=0.00001227 bid_drop=0.00000000 ask_drop=0.00007977 swarm=0
2026-07-30T19:03:58Z,150,SKIP,SKIPPED,,,,,0,radar_block,reason=momentum_too_small conf=0.0 mom_sig=0.00001145 raw_mom_bps=0.00000000 spread_bps=5.31500000 tension=0.00001145 bid_drop=0.00000000 ask_drop=0.00007441 swarm=0
2026-07-30T19:04:07Z,151,SKIP,SKIPPED,,,,,0,radar_block,reason=momentum_too_small conf=0.0003 mom_sig=0.00028965 raw_mom_bps=0.00000000 spread_bps=5.90170000 tension=0.00028965 bid_drop=0.00000000 ask_drop=0.00188270 swarm=1
2026-07-30T19:04:17Z,152,SKIP,SKIPPED,,,,,0,tension_stale,reason=nuage_age_ms=8263 thresh=800
2026-07-30T19:04:25Z,153,SKIP,SKIPPED,,,,,0,radar_block,reason=momentum_too_small conf=0.0 mom_sig=0.00002638 raw_mom_bps=0.00000000 spread_bps=0.04630000 tension=0.00002638 bid_drop=0.00000000 ask_drop=0.00017149 swarm=0
2026-07-30T19:04:34Z,154,SKIP,SKIPPED,,,,,0,tension_stale,reason=nuage_age_ms=9096 thresh=800
2026-07-30T19:04:42Z,155,SKIP,SKIPPED,,,,,0,radar_block,reason=momentum_too_small conf=0.0001 mom_sig=0.00004100 raw_mom_bps=0.00000000 spread_bps=0.01540000 tension=0.00004100 bid_drop=0.00000000 ask_drop=0.00026649 swarm=1
2026-07-30T19:04:51Z,156,SKIP,SKIPPED,,,,,0,radar_block,reason=momentum_too_small conf=0.3497 mom_sig=0.00000000 raw_mom_bps=0.00000000 spread_bps=0.01540000 tension=0.00000000 bid_drop=0.00000000 ask_drop=0.00000000 swarm=1
2026-07-30T19:04:59Z,157,SKIP,SKIPPED,,,,,0,impulse_resonance_wait,reason=wall_not_collapsed tension=0.66234357 bid_drop=0.00000000 ask_drop=4.30523322
2026-07-30T19:05:08Z,158,SKIP,SKIPPED,,,,,0,radar_block,reason=momentum_too_small conf=0.0002 mom_sig=0.00009164 raw_mom_bps=0.00000000 spread_bps=0.10810000 tension=0.00009164 bid_drop=0.00000000 ask_drop=0.00059564 swarm=0
2026-07-30T19:05:17Z,159,SKIP,SKIPPED,,,,,0,radar_block,reason=momentum_too_small conf=0.0002 mom_sig=0.00012878 raw_mom_bps=-0.26255110 spread_bps=0.86490000 tension=0.00012878 bid_drop=0.00083707 ask_drop=0.00000000 swarm=0
2026-07-30T19:05:25Z,160,SKIP,SKIPPED,,,,,0,impulse_resonance_wait,reason=wall_not_collapsed tension=0.42307603 bid_drop=2.74999422 ask_drop=0.00009276
2026-07-30T19:05:34Z,161,SKIP,SKIPPED,,,,,0,radar_block,reason=momentum_too_small conf=0.0 mom_sig=0.00000150 raw_mom_bps=0.00000000 spread_bps=1.77610000 tension=0.00000150 bid_drop=0.00000000 ask_drop=0.00000976 swarm=0
2026-07-30T19:05:42Z,162,SKIP,SKIPPED,,,,,0,radar_block,reason=momentum_too_small conf=0.0 mom_sig=0.00000644 raw_mom_bps=0.00000000 spread_bps=1.77610000 tension=0.00000644 bid_drop=0.00004185 ask_drop=0.00000000 swarm=0
2026-07-30T19:05:51Z,163,SKIP,SKIPPED,,,,,0,radar_block,reason=momentum_too_small conf=0.0083 mom_sig=0.00563391 raw_mom_bps=0.01544676 spread_bps=1.77610000 tension=0.00563391 bid_drop=0.01099192 ask_drop=0.03662043 swarm=0
2026-07-30T19:05:59Z,164,SKIP,SKIPPED,,,,,0,radar_block,reason=momentum_too_small conf=0.3111 mom_sig=0.00000000 raw_mom_bps=0.00000000 spread_bps=1.77610000 tension=0.00000000 bid_drop=0.00000000 ask_drop=0.00000000 swarm=0
2026-07-30T19:06:08Z,165,SKIP,SKIPPED,,,,,0,radar_block,reason=momentum_too_small conf=0.0005 mom_sig=0.00036272 raw_mom_bps=0.00000000 spread_bps=1.52900000 tension=0.00036272 bid_drop=0.00000000 ask_drop=0.00235770 swarm=0
2026-07-30T19:06:17Z,166,SKIP,SKIPPED,,,,,0,radar_block,reason=momentum_too_small conf=0.0018 mom_sig=0.00120893 raw_mom_bps=0.00000000 spread_bps=1.52900000 tension=0.00120893 bid_drop=0.00785802 ask_drop=0.00001229 swarm=0
2026-07-30T19:06:26Z,167,SKIP,SKIPPED,,,,,0,radar_block,reason=momentum_too_small conf=0.3111 mom_sig=0.00000000 raw_mom_bps=0.00000000 spread_bps=1.77610000 tension=0.00000000 bid_drop=0.00000000 ask_drop=0.00000000 swarm=0
2026-07-30T19:06:35Z,168,SKIP,SKIPPED,,,,,0,radar_block,reason=momentum_too_small conf=0.3111 mom_sig=0.00000000 raw_mom_bps=0.00000000 spread_bps=1.77610000 tension=0.00000000 bid_drop=0.00000000 ask_drop=0.00000000 swarm=0
2026-07-30T19:06:44Z,169,SKIP,SKIPPED,,,,,0,radar_block,reason=direction_unclear conf=0.2235 mom_sig=0.14808895 raw_mom_bps=0.00000000 spread_bps=1.51350000 tension=0.14808895 bid_drop=0.00000000 ask_drop=0.96257816 swarm=1
2026-07-30T19:06:53Z,170,SKIP,SKIPPED,,,,,0,radar_block,reason=momentum_too_small conf=0.0003 mom_sig=0.00017225 raw_mom_bps=0.00000000 spread_bps=1.51350000 tension=0.00017225 bid_drop=0.00000000 ask_drop=0.00111963 swarm=0
2026-07-30T19:07:02Z,171,SKIP,SKIPPED,,,,,0,radar_block,reason=direction_unclear conf=0.2502 mom_sig=0.15821770 raw_mom_bps=0.00000000 spread_bps=0.81860000 tension=0.15821770 bid_drop=0.00352356 ask_drop=1.02841503 swarm=0
2026-07-30T19:07:10Z,172,SKIP,SKIPPED,,,,,0,radar_block,reason=direction_unclear conf=0.0117 mom_sig=0.04275224 raw_mom_bps=1.11207560 spread_bps=1.99220000 tension=0.04275224 bid_drop=0.00883147 ask_drop=0.27788956 swarm=0
2026-07-30T19:07:19Z,173,SKIP,SKIPPED,,,,,0,impulse_resonance_wait,reason=wall_not_collapsed tension=0.45638534 bid_drop=2.96650473 ask_drop=0.00370379
2026-07-30T19:07:27Z,174,SKIP,SKIPPED,,,,,0,radar_block,reason=momentum_too_small conf=0.0 mom_sig=0.00002546 raw_mom_bps=0.00000000 spread_bps=2.13120000 tension=0.00002546 bid_drop=0.00000000 ask_drop=0.00016552 swarm=0
2026-07-30T19:07:37Z,175,SKIP,SKIPPED,,,,,0,tension_stale,reason=nuage_age_ms=4675 thresh=800
2026-07-30T19:07:45Z,176,SKIP,SKIPPED,,,,,0,impulse_resonance_wait,reason=wall_not_collapsed tension=0.60417014 bid_drop=0.00000000 ask_drop=3.92710591
2026-07-30T19:07:54Z,177,SKIP,SKIPPED,,,,,0,impulse_resonance_wait,reason=wall_not_collapsed tension=0.87401478 bid_drop=5.68109607 ask_drop=0.00016507
2026-07-30T19:08:02Z,178,SKIP,SKIPPED,,,,,0,radar_block,reason=momentum_too_small conf=0.0001 mom_sig=0.00008057 raw_mom_bps=-2.16207868 spread_bps=2.16210000 tension=0.00008057 bid_drop=0.00000000 ask_drop=0.00052370 swarm=0
2026-07-30T19:08:11Z,179,SKIP,SKIPPED,,,,,0,tension_stale,reason=nuage_age_ms=1453 thresh=800
2026-07-30T19:08:20Z,180,SKIP,SKIPPED,,,,,0,radar_block,reason=momentum_too_small conf=0.0001 mom_sig=0.00006306 raw_mom_bps=0.00000000 spread_bps=2.16210000 tension=0.00006306 bid_drop=0.00000000 ask_drop=0.00040989 swarm=0
2026-07-30T19:08:28Z,181,SKIP,SKIPPED,,,,,0,radar_block,reason=momentum_too_small conf=0.0001 mom_sig=0.00004554 raw_mom_bps=0.00000000 spread_bps=2.16210000 tension=0.00004554 bid_drop=0.00000000 ask_drop=0.00029604 swarm=0
2026-07-30T19:08:37Z,182,SKIP,SKIPPED,,,,,0,radar_block,reason=momentum_too_small conf=0.0 mom_sig=0.00003066 raw_mom_bps=0.00000000 spread_bps=2.16210000 tension=0.00003066 bid_drop=0.00000000 ask_drop=0.00019930 swarm=0
2026-07-30T19:08:45Z,183,SKIP,SKIPPED,,,,,0,radar_block,reason=momentum_too_small conf=0.0001 mom_sig=0.00007447 raw_mom_bps=-2.16207868 spread_bps=2.16210000 tension=0.00007447 bid_drop=0.00004577 ask_drop=0.00048403 swarm=0
2026-07-30T19:08:54Z,184,SKIP,SKIPPED,,,,,0,radar_block,reason=momentum_too_small conf=0.0 mom_sig=0.00001577 raw_mom_bps=0.00000000 spread_bps=2.16210000 tension=0.00001577 bid_drop=0.00000000 ask_drop=0.00010250 swarm=0
2026-07-30T19:09:03Z,185,SKIP,SKIPPED,,,,,0,tension_stale,reason=nuage_age_ms=3348 thresh=800
2026-07-30T19:09:12Z,186,SKIP,SKIPPED,,,,,0,tension_stale,reason=nuage_age_ms=3283 thresh=800
2026-07-30T19:09:20Z,187,SKIP,SKIPPED,,,,,0,radar_block,reason=momentum_too_small conf=0.0 mom_sig=0.00002758 raw_mom_bps=0.00000000 spread_bps=0.12340000 tension=0.00002758 bid_drop=0.00000000 ask_drop=0.00017926 swarm=0
2026-07-30T19:09:29Z,188,SKIP,SKIPPED,,,,,0,radar_block,reason=momentum_too_small conf=0.0011 mom_sig=0.00069309 raw_mom_bps=0.00000000 spread_bps=0.13890000 tension=0.00069309 bid_drop=0.00021153 ask_drop=0.00450510 swarm=0
2026-07-30T19:09:37Z,189,SKIP,SKIPPED,,,,,0,radar_block,reason=momentum_too_small conf=0.0001 mom_sig=0.00005044 raw_mom_bps=0.13887839 spread_bps=0.13890000 tension=0.00005044 bid_drop=0.00032788 ask_drop=0.00000000 swarm=0
2026-07-30T19:09:46Z,190,SKIP,SKIPPED,,,,,0,radar_block,reason=momentum_too_small conf=0.347 mom_sig=0.00000000 raw_mom_bps=0.00000000 spread_bps=0.13890000 tension=0.00000000 bid_drop=0.00000000 ask_drop=0.00000000 swarm=0
2026-07-30T19:09:55Z,191,SKIP,SKIPPED,,,,,0,radar_block,reason=momentum_too_small conf=0.0002 mom_sig=0.00011882 raw_mom_bps=0.00000000 spread_bps=0.13890000 tension=0.00011882 bid_drop=0.00077230 ask_drop=0.00000000 swarm=0
2026-07-30T19:10:03Z,192,SKIP,SKIPPED,,,,,0,radar_block,reason=direction_unclear conf=0.2971 mom_sig=0.17979185 raw_mom_bps=0.00000000 spread_bps=0.13890000 tension=0.17979185 bid_drop=1.16864705 ask_drop=0.00067387 swarm=0
2026-07-30T19:10:13Z,193,SKIP,SKIPPED,,,,,0,radar_block,reason=momentum_too_small conf=0.347 mom_sig=0.00000000 raw_mom_bps=-0.13887646 spread_bps=0.13890000 tension=0.00000000 bid_drop=0.00000000 ask_drop=0.00000000 swarm=0
2026-07-30T19:10:22Z,194,SKIP,SKIPPED,,,,,0,radar_block,reason=momentum_too_small conf=0.347 mom_sig=0.00000000 raw_mom_bps=0.00000000 spread_bps=0.13890000 tension=0.00000000 bid_drop=0.00000000 ask_drop=0.00000000 swarm=0
2026-07-30T19:10:31Z,195,SKIP,SKIPPED,,,,,0,radar_block,reason=momentum_too_small conf=0.0 mom_sig=0.00002081 raw_mom_bps=0.13887839 spread_bps=0.13890000 tension=0.00002081 bid_drop=0.00000000 ask_drop=0.00013527 swarm=0
2026-07-30T19:10:42Z,196,SKIP,SKIPPED,,,,,0,tension_stale,reason=nuage_age_ms=9255 thresh=800
2026-07-30T19:10:50Z,197,SKIP,SKIPPED,,,,,0,duo_wait,reason=no_trigger mode=none
2026-07-30T19:10:59Z,198,SKIP,SKIPPED,,,,,0,radar_block,reason=momentum_too_small conf=0.3476 mom_sig=0.00000000 raw_mom_bps=0.00000000 spread_bps=0.10800000 tension=0.00000000 bid_drop=0.00000000 ask_drop=0.00000000 swarm=0
2026-07-30T19:11:08Z,199,SKIP,SKIPPED,,,,,0,radar_block,reason=momentum_too_small conf=0.0 mom_sig=0.00001638 raw_mom_bps=0.00000000 spread_bps=0.13890000 tension=0.00001638 bid_drop=0.00000000 ask_drop=0.00010647 swarm=0
2026-07-30T19:11:16Z,200,SKIP,SKIPPED,,,,,0,radar_block,reason=momentum_too_small conf=0.0001 mom_sig=0.00005064 raw_mom_bps=0.00000000 spread_bps=0.13890000 tension=0.00005064 bid_drop=0.00000000 ask_drop=0.00032919 swarm=0
2026-07-30T19:11:25Z,201,SKIP,SKIPPED,,,,,0,impulse_resonance_wait,reason=wall_not_collapsed tension=0.27126618 bid_drop=0.00006828 ask_drop=1.76323017
2026-07-30T19:11:33Z,202,SKIP,SKIPPED,,,,,0,radar_block,reason=momentum_too_small conf=0.0037 mom_sig=0.00226571 raw_mom_bps=0.00000000 spread_bps=0.16970000 tension=0.00226571 bid_drop=0.01472710 ask_drop=0.00000000 swarm=0
2026-07-30T19:11:42Z,203,SKIP,SKIPPED,,,,,0,radar_block,reason=momentum_too_small conf=0.0 mom_sig=0.00000588 raw_mom_bps=0.00000000 spread_bps=0.16970000 tension=0.00000588 bid_drop=0.00000000 ask_drop=0.00003822 swarm=0
2026-07-30T19:11:50Z,204,SKIP,SKIPPED,,,,,0,radar_block,reason=momentum_too_small conf=0.0002 mom_sig=0.00010265 raw_mom_bps=0.00000000 spread_bps=0.16970000 tension=0.00010265 bid_drop=0.00066722 ask_drop=0.00034747 swarm=0
2026-07-30T19:11:59Z,205,SKIP,SKIPPED,,,,,0,radar_block,reason=momentum_too_small conf=0.0001 mom_sig=0.00007727 raw_mom_bps=0.00000000 spread_bps=0.16970000 tension=0.00007727 bid_drop=0.00000000 ask_drop=0.00050223 swarm=0
2026-07-30T19:12:07Z,206,SKIP,SKIPPED,,,,,0,radar_block,reason=momentum_too_small conf=0.0008 mom_sig=0.00048427 raw_mom_bps=0.16974025 spread_bps=0.16970000 tension=0.00048427 bid_drop=0.00010071 ask_drop=0.00314777 swarm=0
2026-07-30T19:12:16Z,207,SKIP,SKIPPED,,,,,0,radar_block,reason=momentum_too_small conf=0.0032 mom_sig=0.00194152 raw_mom_bps=0.00000000 spread_bps=0.16970000 tension=0.00194152 bid_drop=0.01261987 ask_drop=0.00027750 swarm=0
2026-07-30T19:12:25Z,208,SKIP,SKIPPED,,,,,0,duo_wait,reason=no_trigger mode=none
2026-07-30T19:12:33Z,209,SKIP,SKIPPED,,,,,0,radar_block,reason=momentum_too_small conf=0.0 mom_sig=0.00000459 raw_mom_bps=0.00000000 spread_bps=0.13890000 tension=0.00000459 bid_drop=0.00000000 ask_drop=0.00002981 swarm=0
2026-07-30T19:12:41Z,210,SKIP,SKIPPED,,,,,0,radar_block,reason=momentum_too_small conf=0.0 mom_sig=0.00001192 raw_mom_bps=0.00000000 spread_bps=0.16970000 tension=0.00001192 bid_drop=0.00000000 ask_drop=0.00007751 swarm=0
2026-07-30T19:12:50Z,211,SKIP,SKIPPED,,,,,0,radar_block,reason=momentum_too_small conf=0.0 mom_sig=0.00000826 raw_mom_bps=0.00000000 spread_bps=0.16970000 tension=0.00000826 bid_drop=0.00000000 ask_drop=0.00005366 swarm=0
2026-07-30T19:12:59Z,212,SKIP,SKIPPED,,,,,0,radar_block,reason=momentum_too_small conf=0.0 mom_sig=0.00001926 raw_mom_bps=0.00000000 spread_bps=0.16970000 tension=0.00001926 bid_drop=0.00000000 ask_drop=0.00012521 swarm=0
2026-07-30T19:13:08Z,213,SKIP,SKIPPED,,,,,0,duo_wait,reason=no_trigger mode=none
2026-07-30T19:13:17Z,214,SKIP,SKIPPED,,,,,0,radar_block,reason=momentum_too_small conf=0.0 mom_sig=0.00002202 raw_mom_bps=0.00000000 spread_bps=0.20060000 tension=0.00002202 bid_drop=0.00000000 ask_drop=0.00014310 swarm=0
2026-07-30T19:13:25Z,215,SKIP,SKIPPED,,,,,0,radar_block,reason=momentum_too_small conf=0.0 mom_sig=0.00000734 raw_mom_bps=0.00000000 spread_bps=0.20060000 tension=0.00000734 bid_drop=0.00000000 ask_drop=0.00004770 swarm=0
2026-07-30T19:13:34Z,216,SKIP,SKIPPED,,,,,0,radar_block,reason=momentum_too_small conf=0.3456 mom_sig=0.00000000 raw_mom_bps=0.00000000 spread_bps=0.20060000 tension=0.00000000 bid_drop=0.00000000 ask_drop=0.00000000 swarm=0
2026-07-30T19:13:48Z,217,SKIP,SKIPPED,,,,,0,radar_block,reason=direction_unclear conf=0.0132 mom_sig=0.18524583 raw_mom_bps=0.00000000 spread_bps=0.20060000 tension=0.18524583 bid_drop=0.00000000 ask_drop=1.20409787 swarm=0
2026-07-30T19:13:58Z,218,SKIP,SKIPPED,,,,,0,radar_block,reason=momentum_too_small conf=0.0002 mom_sig=0.00011100 raw_mom_bps=0.00000000 spread_bps=0.20060000 tension=0.00011100 bid_drop=0.00000000 ask_drop=0.00072152 swarm=0
2026-07-30T19:14:07Z,219,SKIP,SKIPPED,,,,,0,radar_block,reason=momentum_too_small conf=0.0001 mom_sig=0.00004404 raw_mom_bps=0.00000000 spread_bps=0.20060000 tension=0.00004404 bid_drop=0.00000000 ask_drop=0.00028623 swarm=0
2026-07-30T19:14:15Z,220,SKIP,SKIPPED,,,,,0,radar_block,reason=momentum_too_small conf=0.0 mom_sig=0.00001789 raw_mom_bps=0.00000000 spread_bps=0.20060000 tension=0.00001789 bid_drop=0.00000000 ask_drop=0.00011628 swarm=0
2026-07-30T19:14:23Z,221,SKIP,SKIPPED,,,,,0,radar_block,reason=momentum_too_small conf=0.0001 mom_sig=0.00004358 raw_mom_bps=0.20060273 spread_bps=0.20060000 tension=0.00004358 bid_drop=0.00000000 ask_drop=0.00028325 swarm=0
2026-07-30T19:14:32Z,222,SKIP,SKIPPED,,,,,0,radar_block,reason=momentum_too_small conf=0.0 mom_sig=0.00001449 raw_mom_bps=0.00000000 spread_bps=0.20060000 tension=0.00001449 bid_drop=0.00009418 ask_drop=0.00009243 swarm=0
2026-07-30T19:14:41Z,223,SKIP,SKIPPED,,,,,0,radar_block,reason=momentum_too_small conf=0.0 mom_sig=0.00001698 raw_mom_bps=-0.15430670 spread_bps=0.04630000 tension=0.00001698 bid_drop=0.00011037 ask_drop=0.00000000 swarm=1
2026-07-30T19:14:49Z,224,SKIP,SKIPPED,,,,,0,radar_block,reason=momentum_too_small conf=0.3456 mom_sig=0.00000000 raw_mom_bps=0.00000000 spread_bps=0.20060000 tension=0.00000000 bid_drop=0.00000000 ask_drop=0.00000000 swarm=1
2026-07-30T19:14:59Z,225,SKIP,SKIPPED,,,,,0,radar_block,reason=direction_unclear conf=0.0123 mom_sig=0.00754455 raw_mom_bps=0.00000000 spread_bps=0.37030000 tension=0.00754455 bid_drop=0.04903959 ask_drop=0.00000000 swarm=0
2026-07-30T19:15:09Z,226,SKIP,SKIPPED,,,,,0,radar_block,reason=direction_unclear conf=0.013 mom_sig=0.01486184 raw_mom_bps=0.00000000 spread_bps=0.38580000 tension=0.01486184 bid_drop=0.00000000 ask_drop=0.09660198 swarm=0
2026-07-30T19:15:17Z,227,SKIP,SKIPPED,,,,,0,radar_block,reason=momentum_too_small conf=0.0048 mom_sig=0.00292681 raw_mom_bps=0.00000000 spread_bps=0.10800000 tension=0.00292681 bid_drop=0.00000000 ask_drop=0.01902424 swarm=0
2026-07-30T19:15:26Z,228,SKIP,SKIPPED,,,,,0,radar_block,reason=momentum_too_small conf=0.0016 mom_sig=0.00101009 raw_mom_bps=-0.16973501 spread_bps=0.52460000 tension=0.00101009 bid_drop=0.00000000 ask_drop=0.00656560 swarm=0
2026-07-30T19:15:35Z,229,SKIP,SKIPPED,,,,,0,radar_block,reason=momentum_too_small conf=0.0001 mom_sig=0.00005996 raw_mom_bps=0.00000000 spread_bps=0.35490000 tension=0.00005996 bid_drop=0.00038971 ask_drop=0.00000000 swarm=0
2026-07-30T19:15:43Z,230,SKIP,SKIPPED,,,,,0,radar_block,reason=momentum_too_small conf=0.0001 mom_sig=0.00004144 raw_mom_bps=0.00000000 spread_bps=0.52460000 tension=0.00004144 bid_drop=0.00026936 ask_drop=0.00000000 swarm=0
2026-07-30T19:15:51Z,231,SKIP,SKIPPED,,,,,0,radar_block,reason=momentum_too_small conf=0.0 mom_sig=0.00000975 raw_mom_bps=-0.21603771 spread_bps=0.74070000 tension=0.00000975 bid_drop=0.00006335 ask_drop=0.00000000 swarm=0
2026-07-30T19:16:01Z,232,SKIP,SKIPPED,,,,,0,radar_block,reason=momentum_too_small conf=0.0028 mom_sig=0.00177669 raw_mom_bps=0.00000000 spread_bps=0.74070000 tension=0.00177669 bid_drop=0.01154849 ask_drop=0.00000000 swarm=0
2026-07-30T19:16:10Z,233,SKIP,SKIPPED,,,,,0,radar_block,reason=momentum_too_small conf=0.0 mom_sig=0.00000086 raw_mom_bps=-0.07715799 spread_bps=0.92580000 tension=0.00000086 bid_drop=0.00000562 ask_drop=0.00000000 swarm=0
2026-07-30T19:16:19Z,234,SKIP,SKIPPED,,,,,0,radar_block,reason=momentum_too_small conf=0.0001 mom_sig=0.00004928 raw_mom_bps=0.00000000 spread_bps=0.92580000 tension=0.00004928 bid_drop=0.00032032 ask_drop=0.00000000 swarm=0
2026-07-30T19:16:28Z,235,SKIP,SKIPPED,,,,,0,radar_block,reason=momentum_too_small conf=0.0001 mom_sig=0.00004755 raw_mom_bps=0.00000000 spread_bps=0.92580000 tension=0.00004755 bid_drop=0.00030909 ask_drop=0.00006111 swarm=0
2026-07-30T19:16:38Z,236,SKIP,SKIPPED,,,,,0,impulse_resonance_wait,reason=wall_not_collapsed tension=0.85887648 bid_drop=5.58269710 ask_drop=0.00000000
2026-07-30T19:16:57Z,237,SKIP,SKIPPED,,,,,0,duo_wait,reason=no_trigger mode=none
2026-07-30T19:17:14Z,238,SKIP,SKIPPED,,,,,0,radar_block,reason=momentum_too_small conf=0.0 mom_sig=0.00001433 raw_mom_bps=0.00000000 spread_bps=1.15740000 tension=0.00001433 bid_drop=0.00000000 ask_drop=0.00009314 swarm=0
2026-07-30T19:17:23Z,239,SKIP,SKIPPED,,,,,0,radar_block,reason=momentum_too_small conf=0.3041 mom_sig=0.00000000 raw_mom_bps=0.00000000 spread_bps=2.09860000 tension=0.00000000 bid_drop=0.00000000 ask_drop=0.00000000 swarm=0
2026-07-30T19:17:32Z,240,SKIP,SKIPPED,,,,,0,tension_stale,reason=nuage_age_ms=1672 thresh=800
2026-07-30T19:17:52Z,241,SKIP,SKIPPED,,,,,0,radar_block,reason=momentum_too_small conf=0.3233 mom_sig=0.00000000 raw_mom_bps=0.00000000 spread_bps=1.21900000 tension=0.00000000 bid_drop=0.00000000 ask_drop=0.00000000 swarm=0
2026-07-30T19:18:01Z,242,SKIP,SKIPPED,,,,,0,radar_block,reason=momentum_too_small conf=0.3233 mom_sig=0.00000000 raw_mom_bps=0.00000000 spread_bps=1.21900000 tension=0.00000000 bid_drop=0.00000000 ask_drop=0.00000000 swarm=0
2026-07-30T19:18:10Z,243,SKIP,SKIPPED,,,,,0,radar_block,reason=momentum_too_small conf=0.0004 mom_sig=0.00026697 raw_mom_bps=0.00000000 spread_bps=1.21900000 tension=0.00026697 bid_drop=0.00173529 ask_drop=0.00000000 swarm=0
2026-07-30T19:18:18Z,244,SKIP,SKIPPED,,,,,0,radar_block,reason=momentum_too_small conf=0.0102 mom_sig=0.00664949 raw_mom_bps=0.00000000 spread_bps=1.21900000 tension=0.00664949 bid_drop=0.04322168 ask_drop=0.00000000 swarm=0
2026-07-30T19:18:27Z,245,SKIP,SKIPPED,,,,,0,radar_block,reason=momentum_too_small conf=0.0005 mom_sig=0.00031605 raw_mom_bps=-0.16975282 spread_bps=1.21900000 tension=0.00031605 bid_drop=0.00000000 ask_drop=0.00205430 swarm=0
2026-07-30T19:18:35Z,246,SKIP,SKIPPED,,,,,0,radar_block,reason=momentum_too_small conf=0.0013 mom_sig=0.00084133 raw_mom_bps=0.00000000 spread_bps=1.21900000 tension=0.00084133 bid_drop=0.00000000 ask_drop=0.00546864 swarm=0
2026-07-30T19:18:44Z,247,SKIP,SKIPPED,,,,,0,radar_block,reason=momentum_too_small conf=0.0 mom_sig=0.00001475 raw_mom_bps=0.00000000 spread_bps=1.21900000 tension=0.00001475 bid_drop=0.00000000 ask_drop=0.00009585 swarm=0
2026-07-30T19:18:54Z,248,SKIP,SKIPPED,,,,,0,radar_block,reason=momentum_too_small conf=0.0 mom_sig=0.00000998 raw_mom_bps=0.00000000 spread_bps=2.29910000 tension=0.00000998 bid_drop=0.00000000 ask_drop=0.00006485 swarm=0
2026-07-30T19:19:02Z,249,SKIP,SKIPPED,,,,,0,radar_block,reason=momentum_too_small conf=0.0 mom_sig=0.00002082 raw_mom_bps=0.00000000 spread_bps=2.29910000 tension=0.00002082 bid_drop=0.00000000 ask_drop=0.00013533 swarm=0
2026-07-30T19:19:11Z,250,SKIP,SKIPPED,,,,,0,radar_block,reason=momentum_too_small conf=0.2997 mom_sig=0.00000000 raw_mom_bps=0.00000000 spread_bps=2.29910000 tension=0.00000000 bid_drop=0.00000000 ask_drop=0.00000000 swarm=0
2026-07-30T19:19:20Z,251,SKIP,SKIPPED,,,,,0,radar_block,reason=momentum_too_small conf=0.3 mom_sig=0.00000000 raw_mom_bps=-0.01543046 spread_bps=2.28370000 tension=0.00000000 bid_drop=0.00000000 ask_drop=0.00000000 swarm=0
2026-07-30T19:19:30Z,252,SKIP,SKIPPED,,,,,0,radar_block,reason=momentum_too_small conf=0.0014 mom_sig=0.00097372 raw_mom_bps=0.00000000 spread_bps=2.29910000 tension=0.00097372 bid_drop=0.00632918 ask_drop=0.00000000 swarm=0
2026-07-30T19:19:39Z,253,SKIP,SKIPPED,,,,,0,radar_block,reason=momentum_too_small conf=0.2997 mom_sig=0.00000000 raw_mom_bps=0.00000000 spread_bps=2.29910000 tension=0.00000000 bid_drop=0.00000000 ask_drop=0.00000000 swarm=0
2026-07-30T19:19:47Z,254,SKIP,SKIPPED,,,,,0,radar_block,reason=momentum_too_small conf=0.0011 mom_sig=0.00074193 raw_mom_bps=0.00000000 spread_bps=2.29910000 tension=0.00074193 bid_drop=0.00051993 ask_drop=0.00482253 swarm=0
2026-07-30T19:19:55Z,255,SKIP,SKIPPED,,,,,0,radar_block,reason=momentum_too_small conf=0.0 mom_sig=0.00001232 raw_mom_bps=-0.07715228 spread_bps=1.63570000 tension=0.00001232 bid_drop=0.00001130 ask_drop=0.00008005 swarm=0
2026-07-30T19:20:04Z,256,SKIP,SKIPPED,,,,,0,radar_block,reason=momentum_too_small conf=0.0024 mom_sig=0.00167813 raw_mom_bps=0.00000000 spread_bps=2.29910000 tension=0.00167813 bid_drop=0.01090787 ask_drop=0.00000000 swarm=0
2026-07-30T19:20:14Z,257,SKIP,SKIPPED,,,,,0,radar_block,reason=momentum_too_small conf=0.2997 mom_sig=0.00000000 raw_mom_bps=0.00000000 spread_bps=2.29910000 tension=0.00000000 bid_drop=0.00000000 ask_drop=0.00000000 swarm=0
2026-07-30T19:20:22Z,258,SKIP,SKIPPED,,,,,0,impulse_resonance_wait,reason=wall_not_collapsed tension=0.43116557 bid_drop=0.00000000 ask_drop=2.80257623
2026-07-30T19:20:31Z,259,SKIP,SKIPPED,,,,,0,impulse_resonance_wait,reason=wall_not_collapsed tension=0.32495707 bid_drop=0.00260612 ask_drop=2.11222097
2026-07-30T19:20:40Z,260,SKIP,SKIPPED,,,,,0,radar_block,reason=direction_unclear conf=0.0402 mom_sig=0.02671421 raw_mom_bps=0.00000000 spread_bps=1.54320000 tension=0.02671421 bid_drop=0.17364239 ask_drop=0.00016703 swarm=0
2026-07-30T19:20:48Z,261,SKIP,SKIPPED,,,,,0,radar_block,reason=momentum_too_small conf=0.0 mom_sig=0.00002294 raw_mom_bps=-1.54316225 spread_bps=1.54320000 tension=0.00002294 bid_drop=0.00000000 ask_drop=0.00014913 swarm=0
2026-07-30T19:20:58Z,262,SKIP,SKIPPED,,,,,0,radar_block,reason=direction_unclear conf=0.2791 mom_sig=0.18533274 raw_mom_bps=0.00000000 spread_bps=1.54320000 tension=0.18533274 bid_drop=0.00000000 ask_drop=1.20466282 swarm=0
2026-07-30T19:21:07Z,263,SKIP,SKIPPED,,,,,0,radar_block,reason=momentum_too_small conf=0.0 mom_sig=0.00002632 raw_mom_bps=0.00000000 spread_bps=1.54320000 tension=0.00002632 bid_drop=0.00011349 ask_drop=0.00017110 swarm=0
2026-07-30T19:21:15Z,264,SKIP,SKIPPED,,,,,0,radar_block,reason=momentum_too_small conf=0.0 mom_sig=0.00002616 raw_mom_bps=0.00000000 spread_bps=1.51230000 tension=0.00002616 bid_drop=0.00004542 ask_drop=0.00017002 swarm=0
2026-07-30T19:21:24Z,265,SKIP,SKIPPED,,,,,0,radar_block,reason=momentum_too_small conf=0.0 mom_sig=0.00002249 raw_mom_bps=0.00000000 spread_bps=1.51230000 tension=0.00002249 bid_drop=0.00000000 ask_drop=0.00014616 swarm=0
2026-07-30T19:21:32Z,266,SKIP,SKIPPED,,,,,0,radar_block,reason=momentum_too_small conf=0.0 mom_sig=0.00000780 raw_mom_bps=0.00000000 spread_bps=1.54320000 tension=0.00000780 bid_drop=0.00000000 ask_drop=0.00005072 swarm=0
2026-07-30T19:21:48Z,267,SKIP,SKIPPED,,,,,0,radar_block,reason=momentum_too_small conf=0.0 mom_sig=0.00001823 raw_mom_bps=0.00000000 spread_bps=2.29910000 tension=0.00001823 bid_drop=0.00000000 ask_drop=0.00011847 swarm=0
2026-07-30T19:21:56Z,268,SKIP,SKIPPED,,,,,0,radar_block,reason=momentum_too_small conf=0.0 mom_sig=0.00001780 raw_mom_bps=0.00000000 spread_bps=2.29910000 tension=0.00001780 bid_drop=0.00000000 ask_drop=0.00011567 swarm=0
2026-07-30T19:22:07Z,269,SKIP,SKIPPED,,,,,0,radar_block,reason=momentum_too_small conf=0.0047 mom_sig=0.00330038 raw_mom_bps=0.00000000 spread_bps=2.29910000 tension=0.00330038 bid_drop=0.00003977 ask_drop=0.02145248 swarm=0
2026-07-30T19:22:16Z,270,SKIP,SKIPPED,,,,,0,radar_block,reason=momentum_too_small conf=0.0 mom_sig=0.00002432 raw_mom_bps=0.00000000 spread_bps=2.29910000 tension=0.00002432 bid_drop=0.00000000 ask_drop=0.00015811 swarm=0
2026-07-30T19:22:24Z,271,SKIP,SKIPPED,,,,,0,radar_block,reason=momentum_too_small conf=0.0 mom_sig=0.00000408 raw_mom_bps=0.00000000 spread_bps=2.29910000 tension=0.00000408 bid_drop=0.00001137 ask_drop=0.00002650 swarm=0
2026-07-30T19:22:33Z,272,SKIP,SKIPPED,,,,,0,impulse_resonance_wait,reason=wall_not_collapsed tension=0.34210595 bid_drop=0.00001138 ask_drop=2.22368870
2026-07-30T19:22:41Z,273,SKIP,SKIPPED,,,,,0,radar_block,reason=momentum_too_small conf=0.0 mom_sig=0.00000700 raw_mom_bps=0.92601024 spread_bps=0.33950000 tension=0.00000700 bid_drop=0.00004551 ask_drop=0.00000000 swarm=0
2026-07-30T19:22:51Z,274,SKIP,SKIPPED,,,,,0,tension_stale,reason=nuage_age_ms=3860 thresh=800
2026-07-30T19:23:00Z,275,SKIP,SKIPPED,,,,,0,radar_block,reason=momentum_too_small conf=0.0 mom_sig=0.00000247 raw_mom_bps=0.15433528 spread_bps=2.73120000 tension=0.00000247 bid_drop=0.00001604 ask_drop=0.00000000 swarm=0
2026-07-30T19:23:09Z,276,SKIP,SKIPPED,,,,,0,radar_block,reason=momentum_too_small conf=0.2903 mom_sig=0.00000000 raw_mom_bps=0.00000000 spread_bps=2.73120000 tension=0.00000000 bid_drop=0.00000000 ask_drop=0.00000000 swarm=0
2026-07-30T19:23:18Z,277,SKIP,SKIPPED,,,,,0,radar_block,reason=momentum_too_small conf=0.3264 mom_sig=0.00000000 raw_mom_bps=0.00000000 spread_bps=1.08010000 tension=0.00000000 bid_drop=0.00000000 ask_drop=0.00000000 swarm=0
2026-07-30T19:23:27Z,278,SKIP,SKIPPED,,,,,0,radar_block,reason=momentum_too_small conf=0.0009 mom_sig=0.00063329 raw_mom_bps=-1.08013190 spread_bps=1.66670000 tension=0.00063329 bid_drop=0.00411636 ask_drop=0.00000000 swarm=0
2026-07-30T19:23:35Z,279,SKIP,SKIPPED,,,,,0,radar_block,reason=momentum_too_small conf=0.2903 mom_sig=0.00000000 raw_mom_bps=0.00000000 spread_bps=2.73120000 tension=0.00000000 bid_drop=0.00000000 ask_drop=0.00000000 swarm=0
2026-07-30T19:23:44Z,280,SKIP,SKIPPED,,,,,0,radar_block,reason=momentum_too_small conf=0.297 mom_sig=0.00000000 raw_mom_bps=0.00000000 spread_bps=2.42260000 tension=0.00000000 bid_drop=0.00000000 ask_drop=0.00000000 swarm=0
2026-07-30T19:23:52Z,281,SKIP,SKIPPED,,,,,0,radar_block,reason=momentum_too_small conf=0.0 mom_sig=0.00000684 raw_mom_bps=0.00000000 spread_bps=2.42260000 tension=0.00000684 bid_drop=0.00000000 ask_drop=0.00004448 swarm=0
2026-07-30T19:24:03Z,282,SKIP,SKIPPED,,,,,0,tension_stale,reason=nuage_age_ms=8099 thresh=800
2026-07-30T19:24:11Z,283,SKIP,SKIPPED,,,,,0,radar_block,reason=momentum_too_small conf=0.0 mom_sig=0.00001892 raw_mom_bps=0.00000000 spread_bps=2.73120000 tension=0.00001892 bid_drop=0.00012299 ask_drop=0.00000000 swarm=0
2026-07-30T19:24:20Z,284,SKIP,SKIPPED,,,,,0,radar_block,reason=momentum_too_small conf=0.0 mom_sig=0.00000941 raw_mom_bps=0.00000000 spread_bps=2.73120000 tension=0.00000941 bid_drop=0.00000000 ask_drop=0.00006115 swarm=0
2026-07-30T19:24:28Z,285,SKIP,SKIPPED,,,,,0,radar_block,reason=momentum_too_small conf=0.0 mom_sig=0.00001736 raw_mom_bps=0.00000000 spread_bps=2.73120000 tension=0.00001736 bid_drop=0.00000000 ask_drop=0.00011282 swarm=0
2026-07-30T19:24:37Z,286,SKIP,SKIPPED,,,,,0,radar_block,reason=momentum_too_small conf=0.0 mom_sig=0.00001920 raw_mom_bps=0.00000000 spread_bps=2.73120000 tension=0.00001920 bid_drop=0.00000000 ask_drop=0.00012481 swarm=0
2026-07-30T19:24:46Z,287,SKIP,SKIPPED,,,,,0,radar_block,reason=momentum_too_small conf=0.0001 mom_sig=0.00005303 raw_mom_bps=0.00000000 spread_bps=2.73120000 tension=0.00005303 bid_drop=0.00000000 ask_drop=0.00034472 swarm=1
2026-07-30T19:24:56Z,288,SKIP,SKIPPED,,,,,0,radar_block,reason=momentum_too_small conf=0.0 mom_sig=0.00002149 raw_mom_bps=2.73193680 spread_bps=2.73120000 tension=0.00002149 bid_drop=0.00000000 ask_drop=0.00013967 swarm=0
2026-07-30T19:25:05Z,289,SKIP,SKIPPED,,,,,0,radar_block,reason=momentum_too_small conf=0.0 mom_sig=0.00003155 raw_mom_bps=2.73193680 spread_bps=2.73120000 tension=0.00003155 bid_drop=0.00000000 ask_drop=0.00020505 swarm=0
2026-07-30T19:25:14Z,290,SKIP,SKIPPED,,,,,0,radar_block,reason=momentum_too_small conf=0.3169 mom_sig=0.00000000 raw_mom_bps=0.00000000 spread_bps=1.51220000 tension=0.00000000 bid_drop=0.00000000 ask_drop=0.00000000 swarm=0
2026-07-30T19:25:24Z,291,SKIP,SKIPPED,,,,,0,radar_block,reason=momentum_too_small conf=0.2903 mom_sig=0.00000000 raw_mom_bps=0.00000000 spread_bps=2.73120000 tension=0.00000000 bid_drop=0.00000000 ask_drop=0.00000000 swarm=0
2026-07-30T19:25:33Z,292,SKIP,SKIPPED,,,,,0,radar_block,reason=momentum_too_small conf=0.0 mom_sig=0.00001692 raw_mom_bps=0.00000000 spread_bps=2.73120000 tension=0.00001692 bid_drop=0.00000000 ask_drop=0.00010996 swarm=0
2026-07-30T19:25:42Z,293,SKIP,SKIPPED,,,,,0,radar_block,reason=momentum_too_small conf=0.0001 mom_sig=0.00003384 raw_mom_bps=0.00000000 spread_bps=1.45050000 tension=0.00003384 bid_drop=0.00000000 ask_drop=0.00021994 swarm=0
2026-07-30T19:25:51Z,294,SKIP,SKIPPED,,,,,0,radar_block,reason=momentum_too_small conf=0.0006 mom_sig=0.00036764 raw_mom_bps=0.00000000 spread_bps=1.45050000 tension=0.00036764 bid_drop=0.00000000 ask_drop=0.00238968 swarm=0
2026-07-30T19:26:00Z,295,SKIP,SKIPPED,,,,,0,radar_block,reason=momentum_too_small conf=0.0 mom_sig=0.00002286 raw_mom_bps=0.00000000 spread_bps=1.45050000 tension=0.00002286 bid_drop=0.00000000 ask_drop=0.00014862 swarm=0
2026-07-30T19:26:15Z,296,SKIP,SKIPPED,,,,,0,radar_block,reason=momentum_too_small conf=0.0 mom_sig=0.00001937 raw_mom_bps=-0.13887217 spread_bps=1.45050000 tension=0.00001937 bid_drop=0.00000000 ask_drop=0.00012593 swarm=0
2026-07-30T19:26:23Z,297,SKIP,SKIPPED,,,,,0,radar_block,reason=momentum_too_small conf=0.0001 mom_sig=0.00007410 raw_mom_bps=0.00000000 spread_bps=3.07060000 tension=0.00007410 bid_drop=0.00048168 ask_drop=0.00001853 swarm=0
2026-07-30T19:26:41Z,298,SKIP,SKIPPED,,,,,0,radar_block,reason=momentum_too_small conf=0.0072 mom_sig=0.00537423 raw_mom_bps=0.00000000 spread_bps=3.13230000 tension=0.00537423 bid_drop=0.03493247 ask_drop=0.00020034 swarm=0
2026-07-30T19:26:50Z,299,SKIP,SKIPPED,,,,,0,radar_block,reason=momentum_too_small conf=0.0013 mom_sig=0.00093426 raw_mom_bps=0.00000000 spread_bps=3.13230000 tension=0.00093426 bid_drop=0.00004284 ask_drop=0.00607266 swarm=0
2026-07-30T19:26:59Z,300,SKIP,SKIPPED,,,,,0,radar_block,reason=momentum_too_small conf=0.0 mom_sig=0.00001288 raw_mom_bps=0.00000000 spread_bps=3.14770000 tension=0.00001288 bid_drop=0.00000000 ask_drop=0.00008371 swarm=0
2026-07-30T19:27:09Z,301,SKIP,SKIPPED,,,,,0,duo_wait,reason=no_trigger mode=none
2026-07-30T19:27:19Z,302,SKIP,SKIPPED,,,,,0,tension_stale,reason=nuage_age_ms=1830 thresh=800
2026-07-30T19:27:28Z,303,SKIP,SKIPPED,,,,,0,radar_block,reason=momentum_too_small conf=0.0 mom_sig=0.00000987 raw_mom_bps=0.00000000 spread_bps=0.01540000 tension=0.00000987 bid_drop=0.00006416 ask_drop=0.00000000 swarm=0
2026-07-30T19:27:38Z,304,SKIP,SKIPPED,,,,,0,radar_block,reason=momentum_too_small conf=0.0012 mom_sig=0.00070896 raw_mom_bps=0.01541775 spread_bps=0.03080000 tension=0.00070896 bid_drop=0.00000000 ask_drop=0.00460826 swarm=0
2026-07-30T19:27:46Z,305,SKIP,SKIPPED,,,,,0,radar_block,reason=momentum_too_small conf=0.0096 mom_sig=0.00577762 raw_mom_bps=0.00000000 spread_bps=0.03080000 tension=0.00577762 bid_drop=0.00000000 ask_drop=0.03755450 swarm=0
2026-07-30T19:27:55Z,306,SKIP,SKIPPED,,,,,0,radar_block,reason=momentum_too_small conf=0.0 mom_sig=0.00000734 raw_mom_bps=0.00000000 spread_bps=0.03080000 tension=0.00000734 bid_drop=0.00000000 ask_drop=0.00004772 swarm=0
2026-07-30T19:28:05Z,307,SKIP,SKIPPED,,,,,0,radar_block,reason=momentum_too_small conf=0.0001 mom_sig=0.00003425 raw_mom_bps=0.00000000 spread_bps=0.06170000 tension=0.00003425 bid_drop=0.00000000 ask_drop=0.00022265 swarm=0
2026-07-30T19:28:13Z,308,SKIP,SKIPPED,,,,,0,radar_block,reason=momentum_too_small conf=0.0 mom_sig=0.00001239 raw_mom_bps=0.04625290 spread_bps=0.16960000 tension=0.00001239 bid_drop=0.00008052 ask_drop=0.00004574 swarm=0
2026-07-30T19:28:23Z,309,SKIP,SKIPPED,,,,,0,tension_stale,reason=nuage_age_ms=2449 thresh=800
2026-07-30T19:28:33Z,310,SKIP,SKIPPED,,,,,0,tension_stale,reason=nuage_age_ms=3563 thresh=800
2026-07-30T19:28:42Z,311,SKIP,SKIPPED,,,,,0,radar_block,reason=momentum_too_small conf=0.3385 mom_sig=0.00000000 raw_mom_bps=0.00000000 spread_bps=0.52420000 tension=0.00000000 bid_drop=0.00000000 ask_drop=0.00000000 swarm=0
2026-07-30T19:28:52Z,312,SKIP,SKIPPED,,,,,0,radar_block,reason=momentum_too_small conf=0.0 mom_sig=0.00001680 raw_mom_bps=0.00000000 spread_bps=0.52420000 tension=0.00001680 bid_drop=0.00010919 ask_drop=0.00007970 swarm=0
2026-07-30T19:29:01Z,313,SKIP,SKIPPED,,,,,0,radar_block,reason=momentum_too_small conf=0.0002 mom_sig=0.00014033 raw_mom_bps=0.00000000 spread_bps=0.52420000 tension=0.00014033 bid_drop=0.00060422 ask_drop=0.00091213 swarm=0
2026-07-30T19:29:11Z,314,SKIP,SKIPPED,,,,,0,radar_block,reason=momentum_too_small conf=0.0 mom_sig=0.00001344 raw_mom_bps=0.00000000 spread_bps=0.52420000 tension=0.00001344 bid_drop=0.00008733 ask_drop=0.00000000 swarm=0
2026-07-30T19:29:21Z,315,SKIP,SKIPPED,,,,,0,radar_block,reason=momentum_too_small conf=0.0007 mom_sig=0.00042040 raw_mom_bps=0.00000000 spread_bps=0.52420000 tension=0.00042040 bid_drop=0.00273261 ask_drop=0.00000000 swarm=0
2026-07-30T19:29:30Z,316,SKIP,SKIPPED,,,,,0,radar_block,reason=momentum_too_small conf=0.3311 mom_sig=0.00000000 raw_mom_bps=0.00000000 spread_bps=0.86330000 tension=0.00000000 bid_drop=0.00000000 ask_drop=0.00000000 swarm=0
2026-07-30T19:29:41Z,317,SKIP,SKIPPED,,,,,0,radar_block,reason=momentum_too_small conf=0.0 mom_sig=0.00001883 raw_mom_bps=0.00000000 spread_bps=0.86330000 tension=0.00001883 bid_drop=0.00000000 ask_drop=0.00012241 swarm=0
2026-07-30T19:29:50Z,318,SKIP,SKIPPED,,,,,0,tactic_mismatch,mom=short structure=long
2026-07-30T19:30:00Z,319,SKIP,SKIPPED,,,,,0,radar_block,reason=momentum_too_small conf=0.3244 mom_sig=0.00000000 raw_mom_bps=0.00000000 spread_bps=1.17170000 tension=0.00000000 bid_drop=0.00000000 ask_drop=0.00000000 swarm=0
2026-07-30T19:30:10Z,320,SKIP,SKIPPED,,,,,0,radar_block,reason=momentum_too_small conf=0.0 mom_sig=0.00000781 raw_mom_bps=0.00000000 spread_bps=1.29500000 tension=0.00000781 bid_drop=0.00000000 ask_drop=0.00005076 swarm=0
2026-07-30T19:30:20Z,321,SKIP,SKIPPED,,,,,0,radar_block,reason=momentum_too_small conf=0.0027 mom_sig=0.00177845 raw_mom_bps=0.01541870 spread_bps=1.24880000 tension=0.00177845 bid_drop=0.00036130 ask_drop=0.01155995 swarm=0
2026-07-30T19:30:30Z,322,SKIP,SKIPPED,,,,,0,radar_block,reason=momentum_too_small conf=0.0025 mom_sig=0.00162403 raw_mom_bps=0.00000000 spread_bps=1.29500000 tension=0.00162403 bid_drop=0.01055622 ask_drop=0.00000000 swarm=0
2026-07-30T19:30:39Z,323,SKIP,SKIPPED,,,,,0,radar_block,reason=momentum_too_small conf=0.0001 mom_sig=0.00005072 raw_mom_bps=0.00000000 spread_bps=1.29500000 tension=0.00005072 bid_drop=0.00032965 ask_drop=0.00000000 swarm=0
2026-07-30T19:30:49Z,324,SKIP,SKIPPED,,,,,0,radar_block,reason=momentum_too_small conf=0.3207 mom_sig=0.00000000 raw_mom_bps=0.00000000 spread_bps=1.34130000 tension=0.00000000 bid_drop=0.00000000 ask_drop=0.00000000 swarm=0
2026-07-30T19:30:59Z,325,SKIP,SKIPPED,,,,,0,radar_block,reason=momentum_too_small conf=0.32 mom_sig=0.00000000 raw_mom_bps=0.00000000 spread_bps=1.37210000 tension=0.00000000 bid_drop=0.00000000 ask_drop=0.00000000 swarm=0
2026-07-30T19:31:08Z,326,SKIP,SKIPPED,,,,,0,radar_block,reason=momentum_too_small conf=0.32 mom_sig=0.00000000 raw_mom_bps=0.00000000 spread_bps=1.37210000 tension=0.00000000 bid_drop=0.00000000 ask_drop=0.00000000 swarm=0
2026-07-30T19:31:17Z,327,SKIP,SKIPPED,,,,,0,radar_block,reason=momentum_too_small conf=0.0 mom_sig=0.00003205 raw_mom_bps=0.00000000 spread_bps=1.37210000 tension=0.00003205 bid_drop=0.00020830 ask_drop=0.00000000 swarm=0
2026-07-30T19:31:27Z,328,SKIP,SKIPPED,,,,,0,radar_block,reason=momentum_too_small conf=0.0001 mom_sig=0.00007974 raw_mom_bps=1.37227088 spread_bps=1.49540000 tension=0.00007974 bid_drop=0.00051831 ask_drop=0.00000000 swarm=0
2026-07-30T19:31:37Z,329,SKIP,SKIPPED,,,,,0,impulse_resonance_wait,reason=wall_not_collapsed tension=0.30272695 bid_drop=1.96772518 ask_drop=0.00000000
2026-07-30T19:31:47Z,330,SKIP,SKIPPED,,,,,0,impulse_resonance_wait,reason=wall_not_collapsed tension=0.72754940 bid_drop=4.72907109 ask_drop=0.00000000
2026-07-30T19:32:06Z,331,SKIP,SKIPPED,,,,,0,radar_block,reason=momentum_too_small conf=0.0009 mom_sig=0.00067687 raw_mom_bps=0.00000000 spread_bps=3.05250000 tension=0.00067687 bid_drop=0.00439965 ask_drop=0.00009551 swarm=1
2026-07-30T19:32:15Z,332,SKIP,SKIPPED,,,,,0,radar_block,reason=momentum_too_small conf=0.0041 mom_sig=0.00301907 raw_mom_bps=0.00000000 spread_bps=3.06790000 tension=0.00301907 bid_drop=0.00000000 ask_drop=0.01962397 swarm=0
2026-07-30T19:32:25Z,333,SKIP,SKIPPED,,,,,0,duo_wait,reason=no_trigger mode=none
2026-07-30T19:32:37Z,334,SKIP,SKIPPED,,,,,0,duo_wait,reason=no_trigger mode=none
2026-07-30T19:32:48Z,335,SKIP,SKIPPED,,,,,0,radar_block,reason=momentum_too_small conf=0.0004 mom_sig=0.00026773 raw_mom_bps=0.00000000 spread_bps=3.05250000 tension=0.00026773 bid_drop=0.00174024 ask_drop=0.00000000 swarm=0
2026-07-30T19:32:58Z,336,SKIP,SKIPPED,,,,,0,radar_block,reason=momentum_too_small conf=0.0001 mom_sig=0.00004720 raw_mom_bps=0.00000000 spread_bps=3.06790000 tension=0.00004720 bid_drop=0.00030682 ask_drop=0.00000000 swarm=0
2026-07-30T19:33:09Z,337,SKIP,SKIPPED,,,,,0,duo_wait,reason=no_trigger mode=none
2026-07-30T19:33:20Z,338,SKIP,SKIPPED,,,,,0,duo_wait,reason=no_trigger mode=none
2026-07-30T19:33:29Z,339,SKIP,SKIPPED,,,,,0,radar_block,reason=momentum_too_small conf=0.2829 mom_sig=0.00000000 raw_mom_bps=0.00000000 spread_bps=3.06790000 tension=0.00000000 bid_drop=0.00000000 ask_drop=0.00000000 swarm=0
2026-07-30T19:33:39Z,340,SKIP,SKIPPED,,,,,0,radar_block,reason=momentum_too_small conf=0.0 mom_sig=0.00002483 raw_mom_bps=0.00000000 spread_bps=6.12040000 tension=0.00002483 bid_drop=0.00016142 ask_drop=0.00000000 swarm=0
2026-07-30T19:33:48Z,341,SKIP,SKIPPED,,,,,0,radar_block,reason=momentum_too_small conf=0.3497 mom_sig=0.00000000 raw_mom_bps=0.06171335 spread_bps=0.01540000 tension=0.00000000 bid_drop=0.00000000 ask_drop=0.00000000 swarm=0
2026-07-30T19:33:59Z,342,SKIP,SKIPPED,,,,,0,radar_block,reason=momentum_too_small conf=0.3476 mom_sig=0.00000000 raw_mom_bps=0.00000000 spread_bps=0.10800000 tension=0.00000000 bid_drop=0.00000000 ask_drop=0.00000000 swarm=0
2026-07-30T19:34:08Z,343,SKIP,SKIPPED,,,,,0,impulse_resonance_wait,reason=wall_not_collapsed tension=0.47348899 bid_drop=3.07767844 ask_drop=0.00000000
2026-07-30T19:34:17Z,344,SKIP,SKIPPED,,,,,0,radar_block,reason=momentum_too_small conf=0.3169 mom_sig=0.00000000 raw_mom_bps=0.46285653 spread_bps=1.51180000 tension=0.00000000 bid_drop=0.00000000 ask_drop=0.00000000 swarm=0
2026-07-30T19:34:26Z,345,SKIP,SKIPPED,,,,,0,radar_block,reason=momentum_too_small conf=0.3105 mom_sig=0.00000000 raw_mom_bps=0.67880703 spread_bps=1.80480000 tension=0.00000000 bid_drop=0.00000000 ask_drop=0.00000000 swarm=1
2026-07-30T19:34:35Z,346,SKIP,SKIPPED,,,,,0,radar_block,reason=momentum_too_small conf=0.0 mom_sig=0.00002118 raw_mom_bps=-1.28038998 spread_bps=0.30850000 tension=0.00002118 bid_drop=0.00000000 ask_drop=0.00013765 swarm=1
2026-07-30T19:34:46Z,347,SKIP,SKIPPED,,,,,0,radar_block,reason=momentum_too_small conf=0.2886 mom_sig=0.00000000 raw_mom_bps=0.30852104 spread_bps=2.80580000 tension=0.00000000 bid_drop=0.00000000 ask_drop=0.00000000 swarm=0
2026-07-30T19:34:55Z,348,SKIP,SKIPPED,,,,,0,radar_block,reason=momentum_too_small conf=0.0003 mom_sig=0.00019877 raw_mom_bps=0.00000000 spread_bps=2.80580000 tension=0.00019877 bid_drop=0.00129201 ask_drop=0.00000000 swarm=0
2026-07-30T19:35:04Z,349,SKIP,SKIPPED,,,,,0,radar_block,reason=momentum_too_small conf=0.0001 mom_sig=0.00008849 raw_mom_bps=0.00000000 spread_bps=3.90040000 tension=0.00008849 bid_drop=0.00057520 ask_drop=0.00011470 swarm=0
2026-07-30T19:35:14Z,350,SKIP,SKIPPED,,,,,0,impulse_resonance_wait,reason=wall_not_collapsed tension=0.84742543 bid_drop=0.00000000 ask_drop=5.50826529
2026-07-30T19:35:23Z,351,SKIP,SKIPPED,,,,,0,radar_block,reason=momentum_too_small conf=0.0001 mom_sig=0.00008101 raw_mom_bps=0.00000000 spread_bps=1.98870000 tension=0.00008101 bid_drop=0.00052654 ask_drop=0.00000000 swarm=0
2026-07-30T19:35:32Z,352,SKIP,SKIPPED,,,,,0,radar_block,reason=momentum_too_small conf=0.0004 mom_sig=0.00021764 raw_mom_bps=0.00000000 spread_bps=0.01540000 tension=0.00021764 bid_drop=0.00000000 ask_drop=0.00141465 swarm=0
2026-07-30T19:35:41Z,353,SKIP,SKIPPED,,,,,0,radar_block,reason=momentum_too_small conf=0.0002 mom_sig=0.00014581 raw_mom_bps=0.01541975 spread_bps=1.71120000 tension=0.00014581 bid_drop=0.00094778 ask_drop=0.00000000 swarm=0
2026-07-30T19:35:51Z,354,SKIP,SKIPPED,,,,,0,radar_block,reason=momentum_too_small conf=0.3065 mom_sig=0.00000000 raw_mom_bps=1.71154196 spread_bps=1.98870000 tension=0.00000000 bid_drop=0.00000000 ask_drop=0.00000000 swarm=0
2026-07-30T19:36:02Z,355,SKIP,SKIPPED,,,,,0,tension_stale,reason=nuage_age_ms=3431 thresh=800
2026-07-30T19:37:18Z,356,SKIP,SKIPPED,,,,,0,radar_block,reason=momentum_too_small conf=0.35 mom_sig=0.00000000 raw_mom_bps=0.00000000 spread_bps=0 tension=0.00000000 bid_drop=0.00000000 ask_drop=0.00000000 swarm=0
2026-07-30T19:38:25Z,357,SKIP,SKIPPED,,,,,0,radar_block,reason=momentum_too_small conf=0.35 mom_sig=0.00000000 raw_mom_bps=0.00000000 spread_bps=0 tension=0.00000000 bid_drop=0.00000000 ask_drop=0.00000000 swarm=0
2026-07-30T20:43:43Z,1,SKIP,SKIPPED,,,,,0,duo_wait,reason=no_state mode=none
2026-07-30T20:43:53Z,2,SKIP,SKIPPED,,,,,0,radar_block,reason=momentum_too_small conf=0.3493 mom_sig=0.00000000 raw_mom_bps=0.00000000 spread_bps=0.03080000 tension=0.00000000 bid_drop=0.00000000 ask_drop=0.00000000 swarm=0
2026-07-30T20:44:02Z,3,SKIP,SKIPPED,,,,,0,radar_block,reason=momentum_too_small conf=0.0004 mom_sig=0.00022508 raw_mom_bps=0.00000000 spread_bps=0.03080000 tension=0.00022508 bid_drop=0.00000000 ask_drop=0.00146300 swarm=0
2026-07-30T20:44:10Z,4,SKIP,SKIPPED,,,,,0,radar_block,reason=momentum_too_small conf=0.0 mom_sig=0.00000371 raw_mom_bps=0.03083788 spread_bps=0.03080000 tension=0.00000371 bid_drop=0.00000000 ask_drop=0.00002410 swarm=0
2026-07-30T20:44:19Z,5,SKIP,SKIPPED,,,,,0,radar_block,reason=momentum_too_small conf=0.3493 mom_sig=0.00000000 raw_mom_bps=0.00000000 spread_bps=0.03080000 tension=0.00000000 bid_drop=0.00000000 ask_drop=0.00000000 swarm=0
2026-07-30T20:44:27Z,6,SKIP,SKIPPED,,,,,0,impulse_resonance_wait,reason=wall_not_collapsed tension=0.70932456 bid_drop=4.61060966 ask_drop=0.00000000
2026-07-30T20:44:36Z,7,SKIP,SKIPPED,,,,,0,radar_block,reason=momentum_too_small conf=0.0088 mom_sig=0.00529263 raw_mom_bps=0.00000000 spread_bps=0.03080000 tension=0.00529263 bid_drop=0.03440208 ask_drop=0.00000000 swarm=0
2026-07-30T20:44:44Z,8,SKIP,SKIPPED,,,,,0,radar_block,reason=momentum_too_small conf=0.0 mom_sig=0.00000371 raw_mom_bps=0.00000000 spread_bps=0.03080000 tension=0.00000371 bid_drop=0.00000000 ask_drop=0.00002411 swarm=0
2026-07-30T20:44:52Z,9,SKIP,SKIPPED,,,,,0,impulse_resonance_wait,reason=wall_not_collapsed tension=0.68080923 bid_drop=4.42525997 ask_drop=0.00000000
2026-07-30T20:45:01Z,10,SKIP,SKIPPED,,,,,0,radar_block,reason=momentum_too_small conf=0.0001 mom_sig=0.00004539 raw_mom_bps=0.00000000 spread_bps=0.03080000 tension=0.00004539 bid_drop=0.00029502 ask_drop=0.00000000 swarm=0
2026-07-30T20:45:09Z,11,SKIP,SKIPPED,,,,,0,radar_block,reason=momentum_too_small conf=0.3493 mom_sig=0.00000000 raw_mom_bps=0.00000000 spread_bps=0.03080000 tension=0.00000000 bid_drop=0.00000000 ask_drop=0.00000000 swarm=0
2026-07-30T20:45:18Z,12,SKIP,SKIPPED,,,,,0,duo_wait,reason=no_trigger mode=none
2026-07-30T20:45:27Z,13,SKIP,SKIPPED,,,,,0,radar_block,reason=momentum_too_small conf=0.0007 mom_sig=0.00045750 raw_mom_bps=-0.03083779 spread_bps=1.48020000 tension=0.00045750 bid_drop=0.00000000 ask_drop=0.00297377 swarm=0
2026-07-30T20:45:35Z,14,SKIP,SKIPPED,,,,,0,radar_block,reason=direction_unclear conf=0.2193 mom_sig=0.13169657 raw_mom_bps=-3.91641084 spread_bps=0.01540000 tension=0.13169657 bid_drop=0.85602772 ask_drop=0.00013469 swarm=1
2026-07-30T20:45:44Z,15,SKIP,SKIPPED,,,,,0,radar_block,reason=momentum_too_small conf=0.0022 mom_sig=0.00133954 raw_mom_bps=0.00000000 spread_bps=0.01540000 tension=0.00133954 bid_drop=0.00870698 ask_drop=0.00000000 swarm=0
2026-07-30T20:45:52Z,16,SKIP,SKIPPED,,,,,0,radar_block,reason=direction_unclear conf=0.0194 mom_sig=0.01163141 raw_mom_bps=0.00000000 spread_bps=0.01540000 tension=0.01163141 bid_drop=0.00003627 ask_drop=0.07560418 swarm=0
2026-07-30T20:46:00Z,17,SKIP,SKIPPED,,,,,0,impulse_resonance_wait,reason=wall_not_collapsed tension=0.69294270 bid_drop=4.50412755 ask_drop=0.00000000
2026-07-30T20:46:11Z,18,SKIP,SKIPPED,,,,,0,radar_block,reason=momentum_too_small conf=0.3497 mom_sig=0.00000000 raw_mom_bps=0.00000000 spread_bps=0.01540000 tension=0.00000000 bid_drop=0.00000000 ask_drop=0.00000000 swarm=0
2026-07-30T20:46:25Z,19,SKIP,SKIPPED,,,,,0,radar_block,reason=momentum_too_small conf=0.0023 mom_sig=0.00139065 raw_mom_bps=0.00000000 spread_bps=0.01540000 tension=0.00139065 bid_drop=0.00903923 ask_drop=0.00225079 swarm=0
2026-07-30T20:46:33Z,20,SKIP,SKIPPED,,,,,0,impulse_resonance_wait,reason=wall_not_collapsed tension=0.64038264 bid_drop=0.00021468 ask_drop=4.16248713
2026-07-30T20:46:47Z,21,SKIP,SKIPPED,,,,,0,radar_block,reason=momentum_too_small conf=0.0 mom_sig=0.00000639 raw_mom_bps=-0.01542710 spread_bps=0.38570000 tension=0.00000639 bid_drop=0.00004151 ask_drop=0.00000000 swarm=0
2026-07-30T20:46:57Z,22,SKIP,SKIPPED,,,,,0,radar_block,reason=momentum_too_small conf=0.3429 mom_sig=0.00000000 raw_mom_bps=0.00000000 spread_bps=0.32400000 tension=0.00000000 bid_drop=0.00000000 ask_drop=0.00000000 swarm=0
2026-07-30T20:47:06Z,23,SKIP,SKIPPED,,,,,0,radar_block,reason=momentum_too_small conf=0.0002 mom_sig=0.00010607 raw_mom_bps=0.00000000 spread_bps=0.33940000 tension=0.00010607 bid_drop=0.00000000 ask_drop=0.00068948 swarm=0
2026-07-30T20:47:15Z,24,SKIP,SKIPPED,,,,,0,radar_block,reason=momentum_too_small conf=0.3362 mom_sig=0.00000000 raw_mom_bps=0.33940770 spread_bps=0.63250000 tension=0.00000000 bid_drop=0.00000000 ask_drop=0.00000000 swarm=0
2026-07-30T20:47:24Z,25,SKIP,SKIPPED,,,,,0,radar_block,reason=momentum_too_small conf=0.3244 mom_sig=0.00000000 raw_mom_bps=0.00000000 spread_bps=1.17250000 tension=0.00000000 bid_drop=0.00000000 ask_drop=0.00000000 swarm=0
2026-07-30T20:47:33Z,26,SKIP,SKIPPED,,,,,0,duo_wait,reason=no_trigger mode=none
2026-07-30T20:47:42Z,27,SKIP,SKIPPED,,,,,0,radar_block,reason=momentum_too_small conf=0.0 mom_sig=0.00000164 raw_mom_bps=0.00000000 spread_bps=1.32680000 tension=0.00000164 bid_drop=0.00001063 ask_drop=0.00000000 swarm=0
2026-07-30T20:47:51Z,28,SKIP,SKIPPED,,,,,0,duo_wait,reason=no_trigger mode=none
2026-07-30T20:47:59Z,29,SKIP,SKIPPED,,,,,0,radar_block,reason=momentum_too_small conf=0.0 mom_sig=0.00000199 raw_mom_bps=0.00000000 spread_bps=0.61720000 tension=0.00000199 bid_drop=0.00001296 ask_drop=0.00000000 swarm=0
2026-07-30T20:48:07Z,30,SKIP,SKIPPED,,,,,0,radar_block,reason=momentum_too_small conf=0.3487 mom_sig=0.00000000 raw_mom_bps=0.57093215 spread_bps=0.06170000 tension=0.00000000 bid_drop=0.00000000 ask_drop=0.00000000 swarm=0
2026-07-30T20:48:16Z,31,SKIP,SKIPPED,,,,,0,duo_wait,reason=no_trigger mode=none
2026-07-30T20:48:24Z,32,SKIP,SKIPPED,,,,,0,impulse_resonance_wait,reason=wall_not_collapsed tension=0.82368049 bid_drop=0.00000000 ask_drop=5.35392319
2026-07-30T20:48:33Z,33,SKIP,SKIPPED,,,,,0,radar_block,reason=momentum_too_small conf=0.2997 mom_sig=0.00000000 raw_mom_bps=0.00000000 spread_bps=2.29860000 tension=0.00000000 bid_drop=0.00000000 ask_drop=0.00000000 swarm=0
2026-07-30T20:48:44Z,34,SKIP,SKIPPED,,,,,0,radar_block,reason=direction_unclear conf=0.0107 mom_sig=0.07311844 raw_mom_bps=-0.84849308 spread_bps=1.58900000 tension=0.07311844 bid_drop=0.00001833 ask_drop=0.47526985 swarm=0
2026-07-30T20:48:59Z,35,SKIP,SKIPPED,,,,,0,tension_stale,reason=nuage_age_ms=3594 thresh=800
2026-07-30T20:49:07Z,36,SKIP,SKIPPED,,,,,0,radar_block,reason=momentum_too_small conf=0.3473 mom_sig=0.00000000 raw_mom_bps=0.86391756 spread_bps=0.06170000 tension=0.00000000 bid_drop=0.00000000 ask_drop=0.00000000 swarm=0
2026-07-30T20:49:16Z,37,SKIP,SKIPPED,,,,,0,radar_block,reason=momentum_too_small conf=0.3487 mom_sig=0.00000000 raw_mom_bps=0.00000000 spread_bps=0.06170000 tension=0.00000000 bid_drop=0.00000000 ask_drop=0.00000000 swarm=0
2026-07-30T20:49:26Z,38,SKIP,SKIPPED,,,,,0,radar_block,reason=momentum_too_small conf=0.3487 mom_sig=0.00000000 raw_mom_bps=0.00000000 spread_bps=0.06170000 tension=0.00000000 bid_drop=0.00000000 ask_drop=0.00000000 swarm=0
2026-07-30T20:49:35Z,39,SKIP,SKIPPED,,,,,0,radar_block,reason=momentum_too_small conf=0.3365 mom_sig=0.00000000 raw_mom_bps=0.00000000 spread_bps=0.61700000 tension=0.00000000 bid_drop=0.00000000 ask_drop=0.00000000 swarm=0
2026-07-30T20:49:45Z,40,SKIP,SKIPPED,,,,,0,tension_stale,reason=nuage_age_ms=14257 thresh=800
2026-07-30T20:50:00Z,41,SKIP,SKIPPED,,,,,0,tension_stale,reason=nuage_age_ms=6073 thresh=800
2026-07-30T20:50:09Z,42,SKIP,SKIPPED,,,,,0,radar_block,reason=momentum_too_small conf=0.0001 mom_sig=0.00004530 raw_mom_bps=0.00000000 spread_bps=0.43200000 tension=0.00004530 bid_drop=0.00000000 ask_drop=0.00029448 swarm=1
2026-07-30T20:50:19Z,43,SKIP,SKIPPED,,,,,0,duo_wait,reason=no_trigger mode=none
2026-07-30T20:50:28Z,44,SKIP,SKIPPED,,,,,0,impulse_resonance_wait,reason=wall_not_collapsed tension=0.27616547 bid_drop=1.79507557 ask_drop=0.00000000
2026-07-30T20:50:36Z,45,SKIP,SKIPPED,,,,,0,radar_block,reason=momentum_too_small conf=0.2852 mom_sig=0.00000000 raw_mom_bps=-0.92549032 spread_bps=2.96100000 tension=0.00000000 bid_drop=0.00000000 ask_drop=0.00000000 swarm=0
2026-07-30T20:50:45Z,46,SKIP,SKIPPED,,,,,0,radar_block,reason=momentum_too_small conf=0.3348 mom_sig=0.00000000 raw_mom_bps=-5.78314591 spread_bps=0.69400000 tension=0.00000000 bid_drop=0.00000000 ask_drop=0.00000000 swarm=0
2026-07-30T20:50:54Z,47,SKIP,SKIPPED,,,,,0,duo_wait,reason=no_trigger mode=none
2026-07-30T20:51:03Z,48,SKIP,SKIPPED,,,,,0,radar_block,reason=momentum_too_small conf=0.0 mom_sig=0.00001292 raw_mom_bps=0.00000000 spread_bps=4.36430000 tension=0.00001292 bid_drop=0.00000000 ask_drop=0.00008395 swarm=0
2026-07-30T20:51:11Z,49,SKIP,SKIPPED,,,,,0,radar_block,reason=momentum_too_small conf=0.0002 mom_sig=0.00013592 raw_mom_bps=-2.88386209 spread_bps=2.17450000 tension=0.00013592 bid_drop=0.00088347 ask_drop=0.00000000 swarm=0
2026-07-30T20:51:20Z,50,SKIP,SKIPPED,,,,,0,radar_block,reason=momentum_too_small conf=0.0 mom_sig=0.00000058 raw_mom_bps=0.00000000 spread_bps=1.98940000 tension=0.00000058 bid_drop=0.00000378 ask_drop=0.00000000 swarm=0
2026-07-30T20:51:29Z,51,SKIP,SKIPPED,,,,,0,radar_block,reason=momentum_too_small conf=0.3007 mom_sig=0.00000000 raw_mom_bps=-2.62214976 spread_bps=2.25240000 tension=0.00000000 bid_drop=0.00000000 ask_drop=0.00000000 swarm=0
2026-07-30T20:51:38Z,52,SKIP,SKIPPED,,,,,0,radar_block,reason=momentum_too_small conf=0.0 mom_sig=0.00000668 raw_mom_bps=0.00000000 spread_bps=1.06430000 tension=0.00000668 bid_drop=0.00004342 ask_drop=0.00000000 swarm=0
2026-07-30T20:51:47Z,53,SKIP,SKIPPED,,,,,0,duo_wait,reason=no_trigger mode=none
2026-07-30T20:51:56Z,54,SKIP,SKIPPED,,,,,0,tactic_mismatch,mom=short structure=long
2026-07-30T20:52:04Z,55,SKIP,SKIPPED,,,,,0,radar_block,reason=momentum_too_small conf=0.293 mom_sig=0.00000000 raw_mom_bps=0.00000000 spread_bps=2.60630000 tension=0.00000000 bid_drop=0.00000000 ask_drop=0.00000000 swarm=0
2026-07-30T20:52:15Z,56,SKIP,SKIPPED,,,,,0,duo_wait,reason=no_trigger mode=none
2026-07-30T20:52:25Z,57,SKIP,SKIPPED,,,,,0,impulse_resonance_wait,reason=wall_not_collapsed tension=0.48265649 bid_drop=0.00000000 ask_drop=3.13726716
2026-07-30T20:52:33Z,58,SKIP,SKIPPED,,,,,0,impulse_resonance_wait,reason=wall_not_collapsed tension=0.69796478 bid_drop=4.53677107 ask_drop=3.14208150
2026-07-30T20:52:41Z,59,SKIP,SKIPPED,,,,,0,radar_block,reason=momentum_too_small conf=0.0 mom_sig=0.00001755 raw_mom_bps=0.00000000 spread_bps=0.69410000 tension=0.00001755 bid_drop=0.00011408 ask_drop=0.00000000 swarm=0
2026-07-30T20:52:56Z,60,SKIP,SKIPPED,,,,,0,tension_stale,reason=nuage_age_ms=3890 thresh=800
2026-07-30T20:53:04Z,61,SKIP,SKIPPED,,,,,0,impulse_resonance_wait,reason=wall_not_collapsed tension=0.50798542 bid_drop=3.30190522 ask_drop=0.00003729
2026-07-30T20:53:13Z,62,SKIP,SKIPPED,,,,,0,radar_block,reason=momentum_too_small conf=0.0 mom_sig=0.00003586 raw_mom_bps=0.00000000 spread_bps=5.27430000 tension=0.00003586 bid_drop=0.00000000 ask_drop=0.00023307 swarm=0
2026-07-30T20:53:23Z,63,SKIP,SKIPPED,,,,,0,tension_stale,reason=nuage_age_ms=2580 thresh=800
2026-07-30T20:53:32Z,64,SKIP,SKIPPED,,,,,0,impulse_resonance_wait,reason=wall_not_collapsed tension=0.55440289 bid_drop=0.00000000 ask_drop=3.60361876
2026-07-30T20:53:40Z,65,SKIP,SKIPPED,,,,,0,radar_block,reason=momentum_too_small conf=0.0 mom_sig=0.00002371 raw_mom_bps=-2.85385486 spread_bps=5.78310000 tension=0.00002371 bid_drop=0.00015413 ask_drop=0.00000000 swarm=1
2026-07-30T20:53:49Z,66,SKIP,SKIPPED,,,,,0,radar_block,reason=momentum_too_small conf=0.0 mom_sig=0.00001482 raw_mom_bps=0.00000000 spread_bps=4.82750000 tension=0.00001482 bid_drop=0.00009633 ask_drop=0.00000000 swarm=0
2026-07-30T20:53:58Z,67,SKIP,SKIPPED,,,,,0,radar_block,reason=momentum_too_small conf=0.2832 mom_sig=0.00000000 raw_mom_bps=-0.01543062 spread_bps=3.05350000 tension=0.00000000 bid_drop=0.00000000 ask_drop=0.00000000 swarm=0
2026-07-30T20:54:08Z,68,SKIP,SKIPPED,,,,,0,radar_block,reason=momentum_too_small conf=0.0018 mom_sig=0.00108781 raw_mom_bps=1.77451884 spread_bps=0.06170000 tension=0.00108781 bid_drop=0.00707077 ask_drop=0.00000000 swarm=0
2026-07-30T20:54:18Z,69,SKIP,SKIPPED,,,,,0,impulse_resonance_wait,reason=wall_not_collapsed tension=0.36954484 bid_drop=2.40204146 ask_drop=0.00000000
2026-07-30T20:54:33Z,70,SKIP,SKIPPED,,,,,0,tension_stale,reason=nuage_age_ms=11496 thresh=800
2026-07-30T20:54:43Z,71,SKIP,SKIPPED,,,,,0,radar_block,reason=momentum_too_small conf=0.0 mom_sig=0.00002152 raw_mom_bps=0.00000000 spread_bps=2.68340000 tension=0.00002152 bid_drop=0.00000000 ask_drop=0.00013990 swarm=0
2026-07-30T20:54:52Z,72,SKIP,SKIPPED,,,,,0,radar_block,reason=momentum_too_small conf=0.2842 mom_sig=0.00000000 raw_mom_bps=-3.17687482 spread_bps=3.00720000 tension=0.00000000 bid_drop=0.00000000 ask_drop=0.00000000 swarm=0
2026-07-30T20:55:03Z,73,SKIP,SKIPPED,,,,,0,radar_block,reason=momentum_too_small conf=0.3497 mom_sig=0.00000000 raw_mom_bps=-0.27767151 spread_bps=0.01540000 tension=0.00000000 bid_drop=0.00000000 ask_drop=0.00000000 swarm=0
2026-07-30T20:55:13Z,74,SKIP,SKIPPED,,,,,0,impulse_resonance_wait,reason=wall_not_collapsed tension=0.55370775 bid_drop=0.00000000 ask_drop=3.59910040
2026-07-30T20:55:23Z,75,SKIP,SKIPPED,,,,,0,impulse_resonance_wait,reason=wall_not_collapsed tension=0.64612718 bid_drop=0.00000000 ask_drop=4.19982666
2026-07-30T20:55:34Z,76,SKIP,SKIPPED,,,,,0,radar_block,reason=momentum_too_small conf=0.2923 mom_sig=0.00000000 raw_mom_bps=0.00000000 spread_bps=2.63790000 tension=0.00000000 bid_drop=0.00000000 ask_drop=0.00000000 swarm=0
2026-07-30T20:55:44Z,77,SKIP,SKIPPED,,,,,0,duo_wait,reason=no_trigger mode=none
2026-07-30T20:55:58Z,78,SKIP,SKIPPED,,,,,0,tactic_mismatch,mom=long structure=short
2026-07-30T20:56:09Z,79,SKIP,SKIPPED,,,,,0,tension_stale,reason=nuage_age_ms=2857 thresh=800
2026-07-30T20:56:18Z,80,SKIP,SKIPPED,,,,,0,radar_block,reason=momentum_too_small conf=0.0001 mom_sig=0.00005930 raw_mom_bps=0.00000000 spread_bps=0.89490000 tension=0.00005930 bid_drop=0.00038548 ask_drop=0.00009812 swarm=0
2026-07-30T20:56:33Z,81,SKIP,SKIPPED,,,,,0,radar_block,reason=momentum_too_small conf=0.0001 mom_sig=0.00006063 raw_mom_bps=0.01543067 spread_bps=1.37310000 tension=0.00006063 bid_drop=0.00039407 ask_drop=0.00000000 swarm=0
2026-07-30T20:56:42Z,82,SKIP,SKIPPED,,,,,0,radar_block,reason=momentum_too_small conf=0.0007 mom_sig=0.00044050 raw_mom_bps=1.88254174 spread_bps=0.89490000 tension=0.00044050 bid_drop=0.00286324 ask_drop=0.00000000 swarm=0
2026-07-30T20:57:06Z,83,BUY,FILLED,64843.60000000,64809.20000000,0.08010000,-5.30507251,-2.75544000,fluid_exit_inversion,radar=short conf=0.9566 size_note=strong_conf_full+entry_25_75_trap soft=0 pct=-0.05305073 tension=1.74857914 bid_drop=11.36576441 ask_drop=0.00000000
2026-07-30T20:57:16Z,84,SKIP,SKIPPED,,,,,0,radar_block,reason=momentum_too_small conf=0.0 mom_sig=0.00001448 raw_mom_bps=0.00000000 spread_bps=5.79860000 tension=0.00001448 bid_drop=0.00009413 ask_drop=0.00000000 swarm=0
2026-07-30T20:57:27Z,85,SKIP,SKIPPED,,,,,0,impulse_resonance_wait,reason=wall_not_collapsed tension=0.48699122 bid_drop=3.16544291 ask_drop=0.00000000
2026-07-30T20:57:42Z,86,SKIP,SKIPPED,,,,,0,radar_block,reason=momentum_too_small conf=0.2633 mom_sig=0.00000000 raw_mom_bps=0.00000000 spread_bps=3.96340000 tension=0.00000000 bid_drop=0.00000000 ask_drop=0.00000000 swarm=0
2026-07-30T20:57:52Z,87,SKIP,SKIPPED,,,,,0,stase_ecoute,reason=spread_or_volat_not_cold spread_bps=0.01540000 volat=38.82023516
2026-07-30T20:58:01Z,88,SKIP,SKIPPED,,,,,0,impulse_resonance_wait,reason=wall_not_collapsed tension=0.38349474 bid_drop=0.00000000 ask_drop=2.49271583
2026-07-30T20:58:14Z,89,SKIP,SKIPPED,,,,,0,radar_block,reason=momentum_too_small conf=0.3368 mom_sig=0.00000000 raw_mom_bps=0.00000000 spread_bps=0.60210000 tension=0.00000000 bid_drop=0.00000000 ask_drop=0.00000000 swarm=0
2026-07-30T20:58:24Z,90,SKIP,SKIPPED,,,,,0,radar_block,reason=momentum_too_small conf=0.0003 mom_sig=0.00015853 raw_mom_bps=0.00000000 spread_bps=0.32420000 tension=0.00015853 bid_drop=0.00000000 ask_drop=0.00103043 swarm=1
2026-07-30T20:58:33Z,91,SKIP,SKIPPED,,,,,0,tactic_mismatch,mom=long structure=short
2026-07-30T20:58:42Z,92,SKIP,SKIPPED,,,,,0,radar_block,reason=momentum_too_small conf=0.0 mom_sig=0.00000611 raw_mom_bps=0.00000000 spread_bps=0.06180000 tension=0.00000611 bid_drop=0.00003972 ask_drop=0.00000000 swarm=1
2026-07-30T20:58:53Z,93,SKIP,SKIPPED,,,,,0,duo_wait,reason=no_trigger mode=none
2026-07-30T20:59:02Z,94,SKIP,SKIPPED,,,,,0,duo_wait,reason=no_trigger mode=none
2026-07-30T20:59:12Z,95,SKIP,SKIPPED,,,,,0,duo_wait,reason=no_trigger mode=none
2026-07-30T20:59:22Z,96,SKIP,SKIPPED,,,,,0,radar_block,reason=momentum_too_small conf=0.0 mom_sig=0.00000474 raw_mom_bps=-0.03088364 spread_bps=0.55590000 tension=0.00000474 bid_drop=0.00003078 ask_drop=0.00000000 swarm=1
2026-07-30T20:59:31Z,97,SKIP,SKIPPED,,,,,0,radar_block,reason=momentum_too_small conf=0.3456 mom_sig=0.00000000 raw_mom_bps=0.00000000 spread_bps=0.20070000 tension=0.00000000 bid_drop=0.00000000 ask_drop=0.00000000 swarm=0
2026-07-30T20:59:40Z,98,SKIP,SKIPPED,,,,,0,radar_block,reason=momentum_too_small conf=0.3456 mom_sig=0.00000000 raw_mom_bps=0.00000000 spread_bps=0.20070000 tension=0.00000000 bid_drop=0.00000000 ask_drop=0.00000000 swarm=0
2026-07-30T20:59:49Z,99,SKIP,SKIPPED,,,,,0,impulse_resonance_wait,reason=wall_not_collapsed tension=0.26741715 bid_drop=1.73821148 ask_drop=0.00028363
2026-07-30T21:00:00Z,100,SKIP,SKIPPED,,,,,0,tension_stale,reason=nuage_age_ms=4017 thresh=800
2026-07-30T21:00:26Z,101,BUY,FILLED,64757.10000000,64757.10000000,0.24090000,0.00000000,0.00000000,shock_inversion_stop,radar=short conf=0.9932 size_note=hunter_revenge_1.5x+entry_25_75_full soft=0 pct=0.00000000 tension=1.38496716 bid_drop=0.00000000 ask_drop=9.00228656
2026-07-30T21:00:36Z,102,SKIP,SKIPPED,,,,,0,radar_block,reason=momentum_too_small conf=0.0054 mom_sig=0.00326718 raw_mom_bps=0.00000000 spread_bps=0.07720000 tension=0.00326718 bid_drop=0.00000000 ask_drop=0.02123668 swarm=1
2026-07-30T21:00:46Z,103,SKIP,SKIPPED,,,,,0,radar_block,reason=momentum_too_small conf=0.3473 mom_sig=0.00000000 raw_mom_bps=0.00000000 spread_bps=0.12350000 tension=0.00000000 bid_drop=0.00000000 ask_drop=0.00000000 swarm=1
2026-07-30T21:00:55Z,104,SKIP,SKIPPED,,,,,0,radar_block,reason=momentum_too_small conf=0.3318 mom_sig=0.00000000 raw_mom_bps=0.06176929 spread_bps=0.83380000 tension=0.00000000 bid_drop=0.00000000 ask_drop=0.00000000 swarm=0
2026-07-30T21:01:04Z,105,SKIP,SKIPPED,,,,,0,radar_block,reason=momentum_too_small conf=0.0098 mom_sig=0.00599861 raw_mom_bps=0.00000000 spread_bps=0.24710000 tension=0.00599861 bid_drop=0.00000000 ask_drop=0.03899099 swarm=0
2026-07-30T21:01:13Z,106,SKIP,SKIPPED,,,,,0,radar_block,reason=momentum_too_small conf=0.3314 mom_sig=0.00000000 raw_mom_bps=0.00000000 spread_bps=0.84930000 tension=0.00000000 bid_drop=0.00000000 ask_drop=0.00000000 swarm=1
2026-07-30T21:01:22Z,107,SKIP,SKIPPED,,,,,0,radar_block,reason=direction_unclear conf=0.1497 mom_sig=0.09483999 raw_mom_bps=-0.63308242 spread_bps=0.84930000 tension=0.09483999 bid_drop=0.00000000 ask_drop=0.61645992 swarm=1
2026-07-30T21:01:32Z,108,SKIP,SKIPPED,,,,,0,duo_wait,reason=no_trigger mode=none
2026-07-30T21:01:46Z,109,SKIP,SKIPPED,,,,,0,radar_block,reason=direction_unclear conf=0.0127 mom_sig=0.13441877 raw_mom_bps=-0.12352961 spread_bps=0.78750000 tension=0.13441877 bid_drop=0.00000000 ask_drop=0.87372201 swarm=0
2026-07-30T21:02:01Z,110,SKIP,SKIPPED,,,,,0,duo_wait,reason=no_trigger mode=none
2026-07-30T21:02:10Z,111,SKIP,SKIPPED,,,,,0,duo_wait,reason=no_trigger mode=none
2026-07-30T21:02:19Z,112,SKIP,SKIPPED,,,,,0,radar_block,reason=momentum_too_small conf=0.3483 mom_sig=0.00000000 raw_mom_bps=-0.15441035 spread_bps=0.07720000 tension=0.00000000 bid_drop=0.00000000 ask_drop=0.00000000 swarm=0
2026-07-30T21:02:29Z,113,SKIP,SKIPPED,,,,,0,duo_wait,reason=no_trigger mode=none
2026-07-30T21:02:38Z,114,SKIP,SKIPPED,,,,,0,radar_block,reason=momentum_too_small conf=0.349 mom_sig=0.00000000 raw_mom_bps=0.00000000 spread_bps=0.04630000 tension=0.00000000 bid_drop=0.00000000 ask_drop=0.00000000 swarm=0
2026-07-30T21:02:46Z,115,SKIP,SKIPPED,,,,,0,radar_block,reason=momentum_too_small conf=0.3497 mom_sig=0.00000000 raw_mom_bps=-0.07719802 spread_bps=0.01540000 tension=0.00000000 bid_drop=0.00000000 ask_drop=0.00000000 swarm=0
2026-07-30T21:02:55Z,116,SKIP,SKIPPED,,,,,0,impulse_resonance_wait,reason=wall_not_collapsed tension=0.34665648 bid_drop=2.25326712 ask_drop=0.00000000
2026-07-30T21:03:05Z,117,SKIP,SKIPPED,,,,,0,radar_block,reason=momentum_too_small conf=0.3338 mom_sig=0.00000000 raw_mom_bps=0.00000000 spread_bps=0.74110000 tension=0.00000000 bid_drop=0.00000000 ask_drop=0.00000000 swarm=0
2026-07-30T21:03:14Z,118,SKIP,SKIPPED,,,,,0,radar_block,reason=momentum_too_small conf=0.3311 mom_sig=0.00000000 raw_mom_bps=0.00000000 spread_bps=0.86450000 tension=0.00000000 bid_drop=0.00000000 ask_drop=0.00000000 swarm=0
2026-07-30T21:03:23Z,119,SKIP,SKIPPED,,,,,0,radar_block,reason=momentum_too_small conf=0.0001 mom_sig=0.00004478 raw_mom_bps=0.00000000 spread_bps=0.07720000 tension=0.00004478 bid_drop=0.00000000 ask_drop=0.00029107 swarm=0
2026-07-30T21:03:33Z,120,SKIP,SKIPPED,,,,,0,radar_block,reason=momentum_too_small conf=0.0007 mom_sig=0.00040230 raw_mom_bps=0.00000000 spread_bps=0.43230000 tension=0.00040230 bid_drop=0.00261492 ask_drop=0.00015023 swarm=0
2026-07-30T21:03:42Z,121,SKIP,SKIPPED,,,,,0,radar_block,reason=momentum_too_small conf=0.0001 mom_sig=0.00007945 raw_mom_bps=-1.74451366 spread_bps=0.66380000 tension=0.00007945 bid_drop=0.00000000 ask_drop=0.00051641 swarm=0
2026-07-30T21:03:51Z,122,SKIP,SKIPPED,,,,,0,impulse_resonance_wait,reason=wall_not_collapsed tension=0.23339986 bid_drop=1.51709912 ask_drop=0.00000000
2026-07-30T21:04:00Z,123,SKIP,SKIPPED,,,,,0,radar_block,reason=momentum_too_small conf=0.297 mom_sig=0.00000000 raw_mom_bps=0.00000000 spread_bps=2.42360000 tension=0.00000000 bid_drop=0.00000000 ask_drop=0.00000000 swarm=0
2026-07-30T21:04:10Z,124,SKIP,SKIPPED,,,,,0,radar_block,reason=momentum_too_small conf=0.0015 mom_sig=0.00097709 raw_mom_bps=-1.21967976 spread_bps=0.87990000 tension=0.00097709 bid_drop=0.00000000 ask_drop=0.00635107 swarm=0
2026-07-30T21:04:19Z,125,SKIP,SKIPPED,,,,,0,radar_block,reason=momentum_too_small conf=0.0 mom_sig=0.00001691 raw_mom_bps=0.00000000 spread_bps=1.96060000 tension=0.00001691 bid_drop=0.00000325 ask_drop=0.00010992 swarm=0
2026-07-30T21:04:27Z,126,SKIP,SKIPPED,,,,,0,radar_block,reason=momentum_too_small conf=0.0001 mom_sig=0.00004711 raw_mom_bps=0.00000000 spread_bps=0.04630000 tension=0.00004711 bid_drop=0.00000000 ask_drop=0.00030622 swarm=0
2026-07-30T21:04:36Z,127,SKIP,SKIPPED,,,,,0,radar_block,reason=momentum_too_small conf=0.0 mom_sig=0.00002899 raw_mom_bps=0.00000000 spread_bps=0.04630000 tension=0.00002899 bid_drop=0.00000000 ask_drop=0.00018846 swarm=0
2026-07-30T21:04:45Z,128,SKIP,SKIPPED,,,,,0,radar_block,reason=momentum_too_small conf=0.0 mom_sig=0.00001274 raw_mom_bps=0.00000000 spread_bps=0.04630000 tension=0.00001274 bid_drop=0.00008280 ask_drop=0.00000000 swarm=0
2026-07-30T21:04:55Z,129,SKIP,SKIPPED,,,,,0,radar_block,reason=momentum_too_small conf=0.349 mom_sig=0.00000000 raw_mom_bps=0.00000000 spread_bps=0.04630000 tension=0.00000000 bid_drop=0.00000000 ask_drop=0.00000000 swarm=0
2026-07-30T21:05:04Z,130,SKIP,SKIPPED,,,,,0,radar_block,reason=momentum_too_small conf=0.0011 mom_sig=0.00063891 raw_mom_bps=0.00000000 spread_bps=0.04630000 tension=0.00063891 bid_drop=0.00006932 ask_drop=0.00415294 swarm=0
2026-07-30T21:05:13Z,131,SKIP,SKIPPED,,,,,0,radar_block,reason=momentum_too_small conf=0.3338 mom_sig=0.00000000 raw_mom_bps=0.00000000 spread_bps=0.74100000 tension=0.00000000 bid_drop=0.00000000 ask_drop=0.00000000 swarm=0
2026-07-30T21:05:22Z,132,SKIP,SKIPPED,,,,,0,radar_block,reason=momentum_too_small conf=0.0 mom_sig=0.00001450 raw_mom_bps=-0.52486226 spread_bps=0.01540000 tension=0.00001450 bid_drop=0.00000000 ask_drop=0.00009423 swarm=0
2026-07-30T21:05:31Z,133,SKIP,SKIPPED,,,,,0,duo_wait,reason=no_trigger mode=none
2026-07-30T21:05:40Z,134,SKIP,SKIPPED,,,,,0,radar_block,reason=momentum_too_small conf=0.0001 mom_sig=0.00006389 raw_mom_bps=-1.45108978 spread_bps=0.07720000 tension=0.00006389 bid_drop=0.00000000 ask_drop=0.00041527 swarm=0
2026-07-30T21:05:50Z,135,SKIP,SKIPPED,,,,,0,radar_block,reason=momentum_too_small conf=0.3392 mom_sig=0.00000000 raw_mom_bps=-0.37056709 spread_bps=0.49410000 tension=0.00000000 bid_drop=0.00000000 ask_drop=0.00000000 swarm=0
2026-07-30T21:05:59Z,136,SKIP,SKIPPED,,,,,0,radar_block,reason=momentum_too_small conf=0.2966 mom_sig=0.00000000 raw_mom_bps=0.00000000 spread_bps=2.43910000 tension=0.00000000 bid_drop=0.00000000 ask_drop=0.00000000 swarm=0
2026-07-30T21:06:09Z,137,SKIP,SKIPPED,,,,,0,tension_stale,reason=nuage_age_ms=16846 thresh=800
2026-07-30T21:06:19Z,138,SKIP,SKIPPED,,,,,0,impulse_resonance_wait,reason=wall_not_collapsed tension=0.83968630 bid_drop=0.49236350 ask_drop=5.45796092
2026-07-30T21:06:27Z,139,SKIP,SKIPPED,,,,,0,radar_block,reason=momentum_too_small conf=0.3426 mom_sig=0.00000000 raw_mom_bps=0.00000000 spread_bps=0.33970000 tension=0.00000000 bid_drop=0.00000000 ask_drop=0.00000000 swarm=0
2026-07-30T21:06:37Z,140,SKIP,SKIPPED,,,,,0,impulse_resonance_wait,reason=wall_not_collapsed tension=0.33659115 bid_drop=2.18784246 ask_drop=0.00000000
2026-07-30T21:06:47Z,141,SKIP,SKIPPED,,,,,0,impulse_resonance_wait,reason=wall_not_collapsed tension=0.83979922 bid_drop=0.00000000 ask_drop=5.45869492
2026-07-30T21:06:55Z,142,SKIP,SKIPPED,,,,,0,radar_block,reason=momentum_too_small conf=0.3341 mom_sig=0.00000000 raw_mom_bps=0.00000000 spread_bps=0.72570000 tension=0.00000000 bid_drop=0.00000000 ask_drop=0.00000000 swarm=0
2026-07-30T21:07:05Z,143,SKIP,SKIPPED,,,,,0,impulse_resonance_wait,reason=wall_not_collapsed tension=0.20770236 bid_drop=1.35006532 ask_drop=0.00000000
2026-07-30T21:07:15Z,144,SKIP,SKIPPED,,,,,0,radar_block,reason=momentum_too_small conf=0.0 mom_sig=0.00002320 raw_mom_bps=0.00000000 spread_bps=1.18880000 tension=0.00002320 bid_drop=0.00002391 ask_drop=0.00015080 swarm=0
2026-07-30T21:07:24Z,145,SKIP,SKIPPED,,,,,0,impulse_resonance_wait,reason=wall_not_collapsed tension=0.56986434 bid_drop=3.70411818 ask_drop=0.00000000
2026-07-30T21:07:32Z,146,SKIP,SKIPPED,,,,,0,impulse_resonance_wait,reason=wall_not_collapsed tension=0.80159444 bid_drop=5.21036389 ask_drop=0.00000000
2026-07-30T21:07:42Z,147,SKIP,SKIPPED,,,,,0,radar_block,reason=direction_unclear conf=0.0896 mom_sig=0.05709328 raw_mom_bps=0.84928575 spread_bps=0.92650000 tension=0.05709328 bid_drop=0.37110630 ask_drop=0.00000000 swarm=0
2026-07-30T21:07:51Z,148,SKIP,SKIPPED,,,,,0,radar_block,reason=momentum_too_small conf=0.2571 mom_sig=0.00000000 raw_mom_bps=-0.01544232 spread_bps=4.24520000 tension=0.00000000 bid_drop=0.00000000 ask_drop=0.00000000 swarm=0
2026-07-30T21:08:01Z,149,SKIP,SKIPPED,,,,,0,duo_wait,reason=no_trigger mode=none
2026-07-30T21:08:12Z,150,SKIP,SKIPPED,,,,,0,duo_wait,reason=no_trigger mode=none
2026-07-30T21:08:22Z,151,SKIP,SKIPPED,,,,,0,radar_block,reason=momentum_too_small conf=0.0001 mom_sig=0.00005414 raw_mom_bps=-0.01544363 spread_bps=0.01540000 tension=0.00005414 bid_drop=0.00035194 ask_drop=0.00000000 swarm=1
2026-07-30T21:08:31Z,152,SKIP,SKIPPED,,,,,0,radar_block,reason=momentum_too_small conf=0.0001 mom_sig=0.00008204 raw_mom_bps=0.00000000 spread_bps=0.23160000 tension=0.00008204 bid_drop=0.00053324 ask_drop=0.00000000 swarm=0
2026-07-30T21:08:42Z,153,SKIP,SKIPPED,,,,,0,impulse_resonance_wait,reason=wall_not_collapsed tension=0.64026047 bid_drop=0.00000000 ask_drop=4.16169305
2026-07-30T21:08:52Z,154,SKIP,SKIPPED,,,,,0,radar_block,reason=momentum_too_small conf=0.0 mom_sig=0.00001732 raw_mom_bps=0.00000000 spread_bps=0.01540000 tension=0.00001732 bid_drop=0.00011256 ask_drop=0.00000000 swarm=0
2026-07-30T21:09:02Z,155,SKIP,SKIPPED,,,,,0,radar_block,reason=momentum_too_small conf=0.0001 mom_sig=0.00008298 raw_mom_bps=0.00000000 spread_bps=0.01540000 tension=0.00008298 bid_drop=0.00000000 ask_drop=0.00053938 swarm=0
2026-07-30T21:09:12Z,156,SKIP,SKIPPED,,,,,0,radar_block,reason=momentum_too_small conf=0.3497 mom_sig=0.00000000 raw_mom_bps=0.00000000 spread_bps=0.01540000 tension=0.00000000 bid_drop=0.00000000 ask_drop=0.00000000 swarm=0
2026-07-30T21:09:22Z,157,SKIP,SKIPPED,,,,,0,radar_block,reason=momentum_too_small conf=0.3486 mom_sig=0.00000000 raw_mom_bps=0.00000000 spread_bps=0.06180000 tension=0.00000000 bid_drop=0.00000000 ask_drop=0.00000000 swarm=0
2026-07-30T21:09:32Z,158,SKIP,SKIPPED,,,,,0,impulse_resonance_wait,reason=wall_not_collapsed tension=0.25953537 bid_drop=0.00000000 ask_drop=1.68697991
2026-07-30T21:09:43Z,159,SKIP,SKIPPED,,,,,0,radar_block,reason=momentum_too_small conf=0.3473 mom_sig=0.00000000 raw_mom_bps=-0.10810711 spread_bps=0.12360000 tension=0.00000000 bid_drop=0.00000000 ask_drop=0.00000000 swarm=0
2026-07-30T21:09:53Z,160,SKIP,SKIPPED,,,,,0,radar_block,reason=momentum_too_small conf=0.3473 mom_sig=0.00000000 raw_mom_bps=0.00000000 spread_bps=0.12360000 tension=0.00000000 bid_drop=0.00000000 ask_drop=0.00000000 swarm=0
2026-07-30T21:10:02Z,161,SKIP,SKIPPED,,,,,0,radar_block,reason=momentum_too_small conf=0.3473 mom_sig=0.00000000 raw_mom_bps=0.00000000 spread_bps=0.12360000 tension=0.00000000 bid_drop=0.00000000 ask_drop=0.00000000 swarm=0
2026-07-30T21:10:16Z,162,SKIP,SKIPPED,,,,,0,radar_block,reason=momentum_too_small conf=0.0001 mom_sig=0.00006387 raw_mom_bps=0.00000000 spread_bps=0.12360000 tension=0.00006387 bid_drop=0.00041513 ask_drop=0.00000000 swarm=0
2026-07-30T21:10:25Z,163,SKIP,SKIPPED,,,,,0,radar_block,reason=direction_unclear conf=0.0524 mom_sig=0.03172019 raw_mom_bps=0.00000000 spread_bps=0.13900000 tension=0.03172019 bid_drop=0.00013838 ask_drop=0.20618125 swarm=0
2026-07-30T21:10:35Z,164,SKIP,SKIPPED,,,,,0,radar_block,reason=direction_unclear conf=0.0879 mom_sig=0.05277253 raw_mom_bps=0.13899635 spread_bps=0.01540000 tension=0.05277253 bid_drop=0.00000000 ask_drop=0.34302143 swarm=0
2026-07-30T21:10:44Z,165,SKIP,SKIPPED,,,,,0,radar_block,reason=momentum_too_small conf=0.3493 mom_sig=0.00000000 raw_mom_bps=0.00000000 spread_bps=0.03090000 tension=0.00000000 bid_drop=0.00000000 ask_drop=0.00000000 swarm=0
2026-07-30T21:10:53Z,166,SKIP,SKIPPED,,,,,0,radar_block,reason=momentum_too_small conf=0.3294 mom_sig=0.00000000 raw_mom_bps=0.60231753 spread_bps=0.94200000 tension=0.00000000 bid_drop=0.00000000 ask_drop=0.00000000 swarm=0
2026-07-30T21:11:01Z,167,SKIP,SKIPPED,,,,,0,impulse_resonance_wait,reason=wall_not_collapsed tension=0.54001713 bid_drop=0.00008039 ask_drop=3.51011133
2026-07-30T21:11:10Z,168,SKIP,SKIPPED,,,,,0,impulse_resonance_wait,reason=wall_not_collapsed tension=0.94195535 bid_drop=0.00000000 ask_drop=6.12270980
2026-07-30T21:11:19Z,169,SKIP,SKIPPED,,,,,0,radar_block,reason=direction_unclear conf=0.3251 mom_sig=0.19679195 raw_mom_bps=0.00000000 spread_bps=0.13900000 tension=0.19679195 bid_drop=0.00000000 ask_drop=1.27914768 swarm=0
2026-07-30T21:11:28Z,170,SKIP,SKIPPED,,,,,0,radar_block,reason=momentum_too_small conf=0.347 mom_sig=0.00000000 raw_mom_bps=0.00000000 spread_bps=0.13900000 tension=0.00000000 bid_drop=0.00000000 ask_drop=0.00000000 swarm=0
2026-07-30T21:11:37Z,171,SKIP,SKIPPED,,,,,0,radar_block,reason=momentum_too_small conf=0.347 mom_sig=0.00000000 raw_mom_bps=0.00000000 spread_bps=0.13900000 tension=0.00000000 bid_drop=0.00000000 ask_drop=0.00000000 swarm=0
2026-07-30T21:11:45Z,172,SKIP,SKIPPED,,,,,0,impulse_resonance_wait,reason=wall_not_collapsed tension=0.52693156 bid_drop=0.00010927 ask_drop=3.42505514
2026-07-30T21:11:54Z,173,SKIP,SKIPPED,,,,,0,impulse_resonance_wait,reason=wall_not_collapsed tension=0.26874454 bid_drop=0.00005464 ask_drop=1.74683949
2026-07-30T21:12:03Z,174,SKIP,SKIPPED,,,,,0,radar_block,reason=momentum_too_small conf=0.347 mom_sig=0.00000000 raw_mom_bps=0.00000000 spread_bps=0.13900000 tension=0.00000000 bid_drop=0.00000000 ask_drop=0.00000000 swarm=0
2026-07-30T21:12:12Z,175,SKIP,SKIPPED,,,,,0,radar_block,reason=momentum_too_small conf=0.0001 mom_sig=0.00004833 raw_mom_bps=0.00000000 spread_bps=0.13900000 tension=0.00004833 bid_drop=0.00031416 ask_drop=0.00000000 swarm=0
2026-07-30T21:12:21Z,176,SKIP,SKIPPED,,,,,0,radar_block,reason=momentum_too_small conf=0.0 mom_sig=0.00000840 raw_mom_bps=0.00000000 spread_bps=0.13900000 tension=0.00000840 bid_drop=0.00005458 ask_drop=0.00000000 swarm=0
2026-07-30T21:12:32Z,177,SKIP,SKIPPED,,,,,0,radar_block,reason=momentum_too_small conf=0.0001 mom_sig=0.00007347 raw_mom_bps=0.00000000 spread_bps=0.13900000 tension=0.00007347 bid_drop=0.00047758 ask_drop=0.00000000 swarm=0
2026-07-30T21:12:42Z,178,SKIP,SKIPPED,,,,,0,radar_block,reason=momentum_too_small conf=0.0001 mom_sig=0.00008399 raw_mom_bps=0.00000000 spread_bps=0.15440000 tension=0.00008399 bid_drop=0.00054593 ask_drop=0.00000000 swarm=0
2026-07-30T21:12:51Z,179,SKIP,SKIPPED,,,,,0,radar_block,reason=momentum_too_small conf=0.3466 mom_sig=0.00000000 raw_mom_bps=0.00000000 spread_bps=0.15440000 tension=0.00000000 bid_drop=0.00000000 ask_drop=0.00000000 swarm=0
2026-07-30T21:13:00Z,180,SKIP,SKIPPED,,,,,0,radar_block,reason=momentum_too_small conf=0.3476 mom_sig=0.00000000 raw_mom_bps=-0.01544280 spread_bps=0.10810000 tension=0.00000000 bid_drop=0.00000000 ask_drop=0.00000000 swarm=0
2026-07-30T21:13:09Z,181,SKIP,SKIPPED,,,,,0,impulse_resonance_wait,reason=wall_not_collapsed tension=0.42083708 bid_drop=2.73544101 ask_drop=0.00000000
2026-07-30T21:13:18Z,182,SKIP,SKIPPED,,,,,0,radar_block,reason=momentum_too_small conf=0.3463 mom_sig=0.00000000 raw_mom_bps=0.00000000 spread_bps=0.16990000 tension=0.00000000 bid_drop=0.00000000 ask_drop=0.00000000 swarm=0
2026-07-30T21:13:27Z,183,SKIP,SKIPPED,,,,,0,radar_block,reason=momentum_too_small conf=0.0 mom_sig=0.00000364 raw_mom_bps=0.00000000 spread_bps=0.13900000 tension=0.00000364 bid_drop=0.00002363 ask_drop=0.00000000 swarm=0
2026-07-30T21:13:38Z,184,SKIP,SKIPPED,,,,,0,duo_wait,reason=no_trigger mode=none
2026-07-30T21:13:47Z,185,SKIP,SKIPPED,,,,,0,impulse_resonance_wait,reason=wall_not_collapsed tension=0.47253715 bid_drop=3.07149146 ask_drop=0.00000000
2026-07-30T21:13:56Z,186,SKIP,SKIPPED,,,,,0,impulse_resonance_wait,reason=wall_not_collapsed tension=0.73697067 bid_drop=4.79030935 ask_drop=0.00000000
2026-07-30T21:14:06Z,187,SKIP,SKIPPED,,,,,0,impulse_resonance_wait,reason=wall_not_collapsed tension=0.62501360 bid_drop=4.06258841 ask_drop=0.00000000
2026-07-30T21:14:16Z,188,SKIP,SKIPPED,,,,,0,radar_block,reason=momentum_too_small conf=0.348 mom_sig=0.00000000 raw_mom_bps=0.13898541 spread_bps=0.09270000 tension=0.00000000 bid_drop=0.00000000 ask_drop=0.00000000 swarm=0
2026-07-30T21:14:25Z,189,SKIP,SKIPPED,,,,,0,impulse_resonance_wait,reason=wall_not_collapsed tension=0.84538452 bid_drop=5.49499936 ask_drop=0.00000000
2026-07-30T21:14:34Z,190,SKIP,SKIPPED,,,,,0,radar_block,reason=momentum_too_small conf=0.348 mom_sig=0.00000000 raw_mom_bps=-0.07721292 spread_bps=0.09270000 tension=0.00000000 bid_drop=0.00000000 ask_drop=0.00000000 swarm=0
2026-07-30T21:14:43Z,191,SKIP,SKIPPED,,,,,0,radar_block,reason=momentum_too_small conf=0.348 mom_sig=0.00000000 raw_mom_bps=0.00000000 spread_bps=0.09270000 tension=0.00000000 bid_drop=0.00000000 ask_drop=0.00000000 swarm=0
2026-07-30T21:14:54Z,192,SKIP,SKIPPED,,,,,0,duo_wait,reason=no_trigger mode=none
2026-07-30T21:15:04Z,193,SKIP,SKIPPED,,,,,0,radar_block,reason=momentum_too_small conf=0.0 mom_sig=0.00001919 raw_mom_bps=0.00000000 spread_bps=0.09270000 tension=0.00001919 bid_drop=0.00012476 ask_drop=0.00000000 swarm=1
2026-07-30T21:15:14Z,194,SKIP,SKIPPED,,,,,0,radar_block,reason=momentum_too_small conf=0.0 mom_sig=0.00000390 raw_mom_bps=0.00000000 spread_bps=0.16990000 tension=0.00000390 bid_drop=0.00000000 ask_drop=0.00002532 swarm=0
2026-07-30T21:15:24Z,195,SKIP,SKIPPED,,,,,0,radar_block,reason=momentum_too_small conf=0.3416 mom_sig=0.00000000 raw_mom_bps=0.00000000 spread_bps=0.38610000 tension=0.00000000 bid_drop=0.00000000 ask_drop=0.00000000 swarm=0
2026-07-30T21:15:35Z,196,SKIP,SKIPPED,,,,,0,duo_wait,reason=no_trigger mode=none
2026-07-30T21:15:47Z,197,SKIP,SKIPPED,,,,,0,impulse_resonance_wait,reason=wall_not_collapsed tension=0.29101438 bid_drop=0.00000000 ask_drop=1.89159347
2026-07-30T21:16:02Z,198,SKIP,SKIPPED,,,,,0,duo_wait,reason=no_trigger mode=none
2026-07-30T21:16:13Z,199,SKIP,SKIPPED,,,,,0,radar_block,reason=momentum_too_small conf=0.0002 mom_sig=0.00012345 raw_mom_bps=0.00000000 spread_bps=0.95740000 tension=0.00012345 bid_drop=0.00080242 ask_drop=0.00000000 swarm=0
2026-07-30T21:16:23Z,200,SKIP,SKIPPED,,,,,0,duo_wait,reason=no_trigger mode=none
2026-07-30T21:16:33Z,201,SKIP,SKIPPED,,,,,0,impulse_resonance_wait,reason=wall_not_collapsed tension=0.27565692 bid_drop=0.00127609 ask_drop=1.79176995
2026-07-30T21:16:43Z,202,SKIP,SKIPPED,,,,,0,radar_block,reason=momentum_too_small conf=0.3473 mom_sig=0.00000000 raw_mom_bps=0.00000000 spread_bps=0.12360000 tension=0.00000000 bid_drop=0.00000000 ask_drop=0.00000000 swarm=0
2026-07-30T21:16:53Z,203,SKIP,SKIPPED,,,,,0,impulse_resonance_wait,reason=wall_not_collapsed tension=0.56140810 bid_drop=0.00003350 ask_drop=3.64915266
2026-07-30T21:17:02Z,204,SKIP,SKIPPED,,,,,0,radar_block,reason=momentum_too_small conf=0.3459 mom_sig=0.00000000 raw_mom_bps=0.00000000 spread_bps=0.18530000 tension=0.00000000 bid_drop=0.00000000 ask_drop=0.00000000 swarm=0
2026-07-30T21:17:11Z,205,SKIP,SKIPPED,,,,,0,radar_block,reason=momentum_too_small conf=0.3378 mom_sig=0.00000000 raw_mom_bps=0.00000000 spread_bps=0.55590000 tension=0.00000000 bid_drop=0.00000000 ask_drop=0.00000000 swarm=0
2026-07-30T21:17:22Z,206,SKIP,SKIPPED,,,,,0,impulse_resonance_wait,reason=wall_not_collapsed tension=0.56137962 bid_drop=0.00036440 ask_drop=3.64896750
2026-07-30T21:17:31Z,207,SKIP,SKIPPED,,,,,0,radar_block,reason=momentum_too_small conf=0.0 mom_sig=0.00002639 raw_mom_bps=0.00000000 spread_bps=0.18530000 tension=0.00002639 bid_drop=0.00017153 ask_drop=0.00000000 swarm=0
2026-07-30T21:17:40Z,208,SKIP,SKIPPED,,,,,0,radar_block,reason=momentum_too_small conf=0.0 mom_sig=0.00001319 raw_mom_bps=0.00000000 spread_bps=0.18530000 tension=0.00001319 bid_drop=0.00008576 ask_drop=0.00000000 swarm=0
2026-07-30T21:17:49Z,209,SKIP,SKIPPED,,,,,0,radar_block,reason=momentum_too_small conf=0.0 mom_sig=0.00001649 raw_mom_bps=0.00000000 spread_bps=0.26250000 tension=0.00001649 bid_drop=0.00010721 ask_drop=0.00000000 swarm=0
2026-07-30T21:17:59Z,210,SKIP,SKIPPED,,,,,0,radar_block,reason=momentum_too_small conf=0.3463 mom_sig=0.00000000 raw_mom_bps=0.00000000 spread_bps=0.16990000 tension=0.00000000 bid_drop=0.00000000 ask_drop=0.00000000 swarm=0
2026-07-30T21:18:09Z,211,SKIP,SKIPPED,,,,,0,radar_block,reason=momentum_too_small conf=0.0001 mom_sig=0.00004958 raw_mom_bps=0.00000000 spread_bps=0.16990000 tension=0.00004958 bid_drop=0.00032224 ask_drop=0.00000000 swarm=0
2026-07-30T21:18:19Z,212,SKIP,SKIPPED,,,,,0,radar_block,reason=momentum_too_small conf=0.0001 mom_sig=0.00007987 raw_mom_bps=0.00000000 spread_bps=0.07720000 tension=0.00007987 bid_drop=0.00051916 ask_drop=0.00000000 swarm=0
2026-07-30T21:18:27Z,213,SKIP,SKIPPED,,,,,0,radar_block,reason=momentum_too_small conf=0.3483 mom_sig=0.00000000 raw_mom_bps=0.00000000 spread_bps=0.07720000 tension=0.00000000 bid_drop=0.00000000 ask_drop=0.00000000 swarm=0
2026-07-30T21:18:37Z,214,SKIP,SKIPPED,,,,,0,radar_block,reason=momentum_too_small conf=0.3476 mom_sig=0.00000000 raw_mom_bps=0.00000000 spread_bps=0.10810000 tension=0.00000000 bid_drop=0.00000000 ask_drop=0.00000000 swarm=0
2026-07-30T21:18:47Z,215,SKIP,SKIPPED,,,,,0,radar_block,reason=momentum_too_small conf=0.3473 mom_sig=0.00000000 raw_mom_bps=0.03088803 spread_bps=0.12360000 tension=0.00000000 bid_drop=0.00000000 ask_drop=0.00000000 swarm=0
2026-07-30T21:18:57Z,216,SKIP,SKIPPED,,,,,0,duo_wait,reason=no_trigger mode=none
2026-07-30T21:19:07Z,217,SKIP,SKIPPED,,,,,0,radar_block,reason=momentum_too_small conf=0.0001 mom_sig=0.00003154 raw_mom_bps=0.00000000 spread_bps=0.12360000 tension=0.00003154 bid_drop=0.00020501 ask_drop=0.00000000 swarm=1
2026-07-30T21:19:16Z,218,SKIP,SKIPPED,,,,,0,impulse_resonance_wait,reason=wall_not_collapsed tension=0.56139104 bid_drop=0.00050716 ask_drop=3.64904178
2026-07-30T21:19:26Z,219,SKIP,SKIPPED,,,,,0,duo_wait,reason=no_trigger mode=none
2026-07-30T21:19:35Z,220,SKIP,SKIPPED,,,,,0,radar_block,reason=momentum_too_small conf=0.0002 mom_sig=0.00009131 raw_mom_bps=0.00000000 spread_bps=0.13900000 tension=0.00009131 bid_drop=0.00059351 ask_drop=0.00000000 swarm=0
2026-07-30T21:19:45Z,221,SKIP,SKIPPED,,,,,0,duo_wait,reason=no_trigger mode=none
2026-07-30T21:20:01Z,222,SKIP,SKIPPED,,,,,0,tension_stale,reason=nuage_age_ms=2369 thresh=800
2026-07-30T21:20:09Z,223,SKIP,SKIPPED,,,,,0,radar_block,reason=momentum_too_small conf=0.0 mom_sig=0.00000998 raw_mom_bps=0.00000000 spread_bps=0.10810000 tension=0.00000998 bid_drop=0.00006487 ask_drop=0.00000000 swarm=0
2026-07-30T21:20:18Z,224,SKIP,SKIPPED,,,,,0,radar_block,reason=momentum_too_small conf=0.0 mom_sig=0.00000792 raw_mom_bps=0.00000000 spread_bps=0.80300000 tension=0.00000792 bid_drop=0.00005145 ask_drop=0.00000000 swarm=0
2026-07-30T21:20:27Z,225,SKIP,SKIPPED,,,,,0,radar_block,reason=momentum_too_small conf=0.3382 mom_sig=0.00000000 raw_mom_bps=0.97297598 spread_bps=0.54050000 tension=0.00000000 bid_drop=0.00000000 ask_drop=0.00000000 swarm=0
2026-07-30T21:20:38Z,226,SKIP,SKIPPED,,,,,0,tension_stale,reason=nuage_age_ms=10385 thresh=800
2026-07-30T21:20:47Z,227,SKIP,SKIPPED,,,,,0,impulse_resonance_wait,reason=wall_not_collapsed tension=0.56191574 bid_drop=0.04014115 ask_drop=3.65245234
2026-07-30T21:20:56Z,228,SKIP,SKIPPED,,,,,0,radar_block,reason=momentum_too_small conf=0.0 mom_sig=0.00000123 raw_mom_bps=0.00000000 spread_bps=0.09270000 tension=0.00000123 bid_drop=0.00000797 ask_drop=0.00000000 swarm=0
2026-07-30T21:21:06Z,229,SKIP,SKIPPED,,,,,0,impulse_resonance_wait,reason=wall_not_collapsed tension=0.27592750 bid_drop=0.00011761 ask_drop=1.79352874
2026-07-30T21:21:17Z,230,SKIP,SKIPPED,,,,,0,tension_stale,reason=nuage_age_ms=5972 thresh=800
2026-07-30T21:21:27Z,231,SKIP,SKIPPED,,,,,0,tension_stale,reason=nuage_age_ms=6935 thresh=800
2026-07-30T21:21:36Z,232,SKIP,SKIPPED,,,,,0,radar_block,reason=momentum_too_small conf=0.348 mom_sig=0.00000000 raw_mom_bps=-0.29342089 spread_bps=0.09270000 tension=0.00000000 bid_drop=0.00000000 ask_drop=0.00000000 swarm=0
2026-07-30T21:21:46Z,233,SKIP,SKIPPED,,,,,0,radar_block,reason=momentum_too_small conf=0.0 mom_sig=0.00000675 raw_mom_bps=0.01544406 spread_bps=0.09270000 tension=0.00000675 bid_drop=0.00004386 ask_drop=0.00000000 swarm=0
2026-07-30T21:21:56Z,234,SKIP,SKIPPED,,,,,0,radar_block,reason=momentum_too_small conf=0.0 mom_sig=0.00000736 raw_mom_bps=0.00000000 spread_bps=0.09270000 tension=0.00000736 bid_drop=0.00004785 ask_drop=0.00000000 swarm=0
2026-07-30T21:22:07Z,235,SKIP,SKIPPED,,,,,0,radar_block,reason=momentum_too_small conf=0.348 mom_sig=0.00000000 raw_mom_bps=0.00000000 spread_bps=0.09270000 tension=0.00000000 bid_drop=0.00000000 ask_drop=0.00000000 swarm=0
2026-07-30T21:22:16Z,236,SKIP,SKIPPED,,,,,0,radar_block,reason=momentum_too_small conf=0.348 mom_sig=0.00000000 raw_mom_bps=0.00000000 spread_bps=0.09270000 tension=0.00000000 bid_drop=0.00000000 ask_drop=0.00000000 swarm=0
2026-07-30T21:22:25Z,237,SKIP,SKIPPED,,,,,0,radar_block,reason=momentum_too_small conf=0.348 mom_sig=0.00000000 raw_mom_bps=0.07722032 spread_bps=0.09270000 tension=0.00000000 bid_drop=0.00000000 ask_drop=0.00000000 swarm=0
2026-07-30T21:22:35Z,238,SKIP,SKIPPED,,,,,0,radar_block,reason=momentum_too_small conf=0.0 mom_sig=0.00001308 raw_mom_bps=0.92663950 spread_bps=0.83390000 tension=0.00001308 bid_drop=0.00008505 ask_drop=0.00000000 swarm=0
2026-07-30T21:22:45Z,239,SKIP,SKIPPED,,,,,0,impulse_resonance_wait,reason=wall_not_collapsed tension=0.29173453 bid_drop=0.00010372 ask_drop=1.89627442
2026-07-30T21:22:56Z,240,SKIP,SKIPPED,,,,,0,duo_wait,reason=no_trigger mode=none
2026-07-30T21:23:07Z,241,SKIP,SKIPPED,,,,,0,duo_wait,reason=no_trigger mode=none
2026-07-30T21:23:16Z,242,SKIP,SKIPPED,,,,,0,impulse_resonance_wait,reason=wall_not_collapsed tension=0.33050067 bid_drop=0.00000000 ask_drop=2.14825438
2026-07-30T21:23:26Z,243,SKIP,SKIPPED,,,,,0,radar_block,reason=momentum_too_small conf=0.3476 mom_sig=0.00000000 raw_mom_bps=0.00000000 spread_bps=0.10810000 tension=0.00000000 bid_drop=0.00000000 ask_drop=0.00000000 swarm=0
2026-07-30T21:23:36Z,244,SKIP,SKIPPED,,,,,0,duo_wait,reason=no_trigger mode=none
2026-07-30T21:23:47Z,245,SKIP,SKIPPED,,,,,0,impulse_resonance_wait,reason=wall_not_collapsed tension=0.56234095 bid_drop=0.00000000 ask_drop=3.65521616
2026-07-30T21:23:58Z,246,SKIP,SKIPPED,,,,,0,radar_block,reason=direction_unclear conf=0.1218 mom_sig=0.07392115 raw_mom_bps=-0.13899464 spread_bps=0.18530000 tension=0.07392115 bid_drop=0.48048749 ask_drop=0.00000000 swarm=0
2026-07-30T21:24:07Z,247,SKIP,SKIPPED,,,,,0,impulse_resonance_wait,reason=wall_not_collapsed tension=0.56238738 bid_drop=0.00000000 ask_drop=3.65551798
2026-07-30T21:24:17Z,248,SKIP,SKIPPED,,,,,0,radar_block,reason=momentum_too_small conf=0.3362 mom_sig=0.00000000 raw_mom_bps=0.00000000 spread_bps=0.63310000 tension=0.00000000 bid_drop=0.00000000 ask_drop=0.00000000 swarm=0
2026-07-30T21:24:26Z,249,SKIP,SKIPPED,,,,,0,radar_block,reason=momentum_too_small conf=0.3476 mom_sig=0.00000000 raw_mom_bps=0.00000000 spread_bps=0.10810000 tension=0.00000000 bid_drop=0.00000000 ask_drop=0.00000000 swarm=0
2026-07-30T21:24:37Z,250,SKIP,SKIPPED,,,,,0,duo_wait,reason=no_trigger mode=none
2026-07-30T21:24:47Z,251,SKIP,SKIPPED,,,,,0,radar_block,reason=momentum_too_small conf=0.0004 mom_sig=0.00022092 raw_mom_bps=0.00000000 spread_bps=0.04630000 tension=0.00022092 bid_drop=0.00143598 ask_drop=0.00000000 swarm=1
2026-07-30T21:24:59Z,252,SKIP,SKIPPED,,,,,0,duo_wait,reason=no_trigger mode=none
2026-07-30T21:25:09Z,253,SKIP,SKIPPED,,,,,0,radar_block,reason=momentum_too_small conf=0.0 mom_sig=0.00000857 raw_mom_bps=0.00000000 spread_bps=0.97290000 tension=0.00000857 bid_drop=0.00000000 ask_drop=0.00005570 swarm=0
2026-07-30T21:25:18Z,254,SKIP,SKIPPED,,,,,0,radar_block,reason=momentum_too_small conf=0.0053 mom_sig=0.00321730 raw_mom_bps=0.00000000 spread_bps=0.10810000 tension=0.00321730 bid_drop=0.02091246 ask_drop=0.00000000 swarm=0
2026-07-30T21:25:28Z,255,SKIP,SKIPPED,,,,,0,radar_block,reason=momentum_too_small conf=0.0 mom_sig=0.00001675 raw_mom_bps=0.00000000 spread_bps=0.43240000 tension=0.00001675 bid_drop=0.00010885 ask_drop=0.00002785 swarm=0
2026-07-30T21:25:37Z,256,SKIP,SKIPPED,,,,,0,duo_wait,reason=no_trigger mode=none
2026-07-30T21:25:48Z,257,SKIP,SKIPPED,,,,,0,radar_block,reason=momentum_too_small conf=0.0 mom_sig=0.00002703 raw_mom_bps=0.00000000 spread_bps=0.01540000 tension=0.00002703 bid_drop=0.00017571 ask_drop=0.00000000 swarm=0
2026-07-30T21:25:58Z,258,SKIP,SKIPPED,,,,,0,radar_block,reason=momentum_too_small conf=0.0001 mom_sig=0.00003886 raw_mom_bps=0.00000000 spread_bps=0.01540000 tension=0.00003886 bid_drop=0.00025259 ask_drop=0.00000000 swarm=0
2026-07-30T21:26:09Z,259,SKIP,SKIPPED,,,,,0,radar_block,reason=momentum_too_small conf=0.0002 mom_sig=0.00010645 raw_mom_bps=0.00000000 spread_bps=0.03090000 tension=0.00010645 bid_drop=0.00069190 ask_drop=0.00000000 swarm=0
2026-07-30T21:26:19Z,260,SKIP,SKIPPED,,,,,0,radar_block,reason=momentum_too_small conf=0.0028 mom_sig=0.00170424 raw_mom_bps=0.00000000 spread_bps=0.03090000 tension=0.00170424 bid_drop=0.01107759 ask_drop=0.00000000 swarm=0
2026-07-30T21:26:28Z,261,SKIP,SKIPPED,,,,,0,radar_block,reason=momentum_too_small conf=0.0 mom_sig=0.00002367 raw_mom_bps=0.00000000 spread_bps=0.03090000 tension=0.00002367 bid_drop=0.00015388 ask_drop=0.00000000 swarm=0
2026-07-30T21:26:37Z,262,SKIP,SKIPPED,,,,,0,radar_block,reason=momentum_too_small conf=0.0 mom_sig=0.00001860 raw_mom_bps=0.00000000 spread_bps=0.03090000 tension=0.00001860 bid_drop=0.00012090 ask_drop=0.00000000 swarm=0
2026-07-30T21:26:47Z,263,SKIP,SKIPPED,,,,,0,radar_block,reason=momentum_too_small conf=0.0 mom_sig=0.00002706 raw_mom_bps=0.00000000 spread_bps=0.03090000 tension=0.00002706 bid_drop=0.00017586 ask_drop=0.00000000 swarm=1
2026-07-30T21:26:56Z,264,SKIP,SKIPPED,,,,,0,radar_block,reason=momentum_too_small conf=0.0001 mom_sig=0.00005242 raw_mom_bps=0.00000000 spread_bps=0.03090000 tension=0.00005242 bid_drop=0.00034075 ask_drop=0.00000000 swarm=1
2026-07-30T21:27:07Z,265,SKIP,SKIPPED,,,,,0,radar_block,reason=momentum_too_small conf=0.0024 mom_sig=0.00145602 raw_mom_bps=0.00000000 spread_bps=0.03090000 tension=0.00145602 bid_drop=0.00946416 ask_drop=0.00000000 swarm=0
2026-07-30T21:27:21Z,266,SKIP,SKIPPED,,,,,0,radar_block,reason=momentum_too_small conf=0.0001 mom_sig=0.00006452 raw_mom_bps=0.00000000 spread_bps=0.03090000 tension=0.00006452 bid_drop=0.00041938 ask_drop=0.00000000 swarm=0
2026-07-30T21:27:30Z,267,SKIP,SKIPPED,,,,,0,radar_block,reason=momentum_too_small conf=0.0 mom_sig=0.00000518 raw_mom_bps=0.00000000 spread_bps=0.61770000 tension=0.00000518 bid_drop=0.00003370 ask_drop=0.00000000 swarm=0
2026-07-30T21:27:39Z,268,SKIP,SKIPPED,,,,,0,radar_block,reason=momentum_too_small conf=0.0 mom_sig=0.00001816 raw_mom_bps=0.00000000 spread_bps=0.01540000 tension=0.00001816 bid_drop=0.00011804 ask_drop=0.00007248 swarm=0
2026-07-30T21:27:48Z,269,SKIP,SKIPPED,,,,,0,radar_block,reason=momentum_too_small conf=0.0 mom_sig=0.00000770 raw_mom_bps=0.00000000 spread_bps=0.15440000 tension=0.00000770 bid_drop=0.00005002 ask_drop=0.00000000 swarm=0
2026-07-30T21:27:58Z,270,SKIP,SKIPPED,,,,,0,tension_stale,reason=nuage_age_ms=2218 thresh=800
2026-07-30T21:28:08Z,271,SKIP,SKIPPED,,,,,0,radar_block,reason=momentum_too_small conf=0.0 mom_sig=0.00000308 raw_mom_bps=0.00000000 spread_bps=0.32430000 tension=0.00000308 bid_drop=0.00002001 ask_drop=0.00000000 swarm=0
2026-07-30T21:28:22Z,272,SKIP,SKIPPED,,,,,0,radar_block,reason=momentum_too_small conf=0.0002 mom_sig=0.00011154 raw_mom_bps=0.00000000 spread_bps=0.01540000 tension=0.00011154 bid_drop=0.00000000 ask_drop=0.00072500 swarm=1
2026-07-30T21:28:31Z,273,SKIP,SKIPPED,,,,,0,radar_block,reason=momentum_too_small conf=0.0001 mom_sig=0.00007304 raw_mom_bps=0.00000000 spread_bps=0.01540000 tension=0.00007304 bid_drop=0.00047479 ask_drop=0.00000000 swarm=1
2026-07-30T21:28:40Z,274,SKIP,SKIPPED,,,,,0,radar_block,reason=momentum_too_small conf=0.3291 mom_sig=0.00000000 raw_mom_bps=0.00000000 spread_bps=0.95740000 tension=0.00000000 bid_drop=0.00000000 ask_drop=0.00000000 swarm=0
2026-07-30T21:28:50Z,275,SKIP,SKIPPED,,,,,0,radar_block,reason=momentum_too_small conf=0.0 mom_sig=0.00001139 raw_mom_bps=0.00000000 spread_bps=0.21620000 tension=0.00001139 bid_drop=0.00007402 ask_drop=0.00000000 swarm=0
2026-07-30T21:28:59Z,276,SKIP,SKIPPED,,,,,0,radar_block,reason=momentum_too_small conf=0.0001 mom_sig=0.00004631 raw_mom_bps=-0.69493454 spread_bps=0.20080000 tension=0.00004631 bid_drop=0.00030104 ask_drop=0.00000000 swarm=0
2026-07-30T21:29:10Z,277,SKIP,SKIPPED,,,,,0,radar_block,reason=momentum_too_small conf=0.0001 mom_sig=0.00006244 raw_mom_bps=0.00000000 spread_bps=0.97290000 tension=0.00006244 bid_drop=0.00000000 ask_drop=0.00040585 swarm=0
2026-07-30T21:29:20Z,278,SKIP,SKIPPED,,,,,0,radar_block,reason=momentum_too_small conf=0.0 mom_sig=0.00000795 raw_mom_bps=0.00000000 spread_bps=0.18530000 tension=0.00000795 bid_drop=0.00005167 ask_drop=0.00000000 swarm=0
2026-07-30T21:29:29Z,279,SKIP,SKIPPED,,,,,0,radar_block,reason=momentum_too_small conf=0.0 mom_sig=0.00002212 raw_mom_bps=0.00000000 spread_bps=0.18530000 tension=0.00002212 bid_drop=0.00014378 ask_drop=0.00000000 swarm=0
2026-07-30T21:29:39Z,280,SKIP,SKIPPED,,,,,0,radar_block,reason=momentum_too_small conf=0.0 mom_sig=0.00001382 raw_mom_bps=0.00000000 spread_bps=0.18530000 tension=0.00001382 bid_drop=0.00008986 ask_drop=0.00000000 swarm=0
2026-07-30T21:29:48Z,281,SKIP,SKIPPED,,,,,0,impulse_resonance_wait,reason=wall_not_collapsed tension=0.29235574 bid_drop=0.00009885 ask_drop=1.90031233
2026-07-30T21:30:03Z,282,SKIP,SKIPPED,,,,,0,radar_block,reason=momentum_too_small conf=0.0 mom_sig=0.00000462 raw_mom_bps=0.00000000 spread_bps=0.10810000 tension=0.00000462 bid_drop=0.00003001 ask_drop=0.00000000 swarm=0
2026-07-30T21:30:22Z,283,SKIP,SKIPPED,,,,,0,duo_wait,reason=no_trigger mode=none
2026-07-30T21:30:51Z,284,SKIP,SKIPPED,,,,,0,impulse_resonance_wait,reason=wall_not_collapsed tension=0.60907049 bid_drop=0.00011609 ask_drop=3.95895820
2026-07-30T21:31:10Z,285,SKIP,SKIPPED,,,,,0,radar_block,reason=momentum_too_small conf=0.0 mom_sig=0.00001878 raw_mom_bps=0.00000000 spread_bps=0.29340000 tension=0.00001878 bid_drop=0.00012210 ask_drop=0.00000000 swarm=0
2026-07-30T21:31:26Z,286,SKIP,SKIPPED,,,,,0,duo_wait,reason=no_trigger mode=none
2026-07-30T21:31:40Z,287,SKIP,SKIPPED,,,,,0,radar_block,reason=momentum_too_small conf=0.348 mom_sig=0.00000000 raw_mom_bps=0.00000000 spread_bps=0.09270000 tension=0.00000000 bid_drop=0.00000000 ask_drop=0.00000000 swarm=0
2026-07-30T21:32:00Z,288,SKIP,SKIPPED,,,,,0,radar_block,reason=momentum_too_small conf=0.0 mom_sig=0.00000277 raw_mom_bps=0.00000000 spread_bps=0.16990000 tension=0.00000277 bid_drop=0.00001802 ask_drop=0.00000000 swarm=0
2026-07-30T21:32:20Z,289,SKIP,SKIPPED,,,,,0,impulse_resonance_wait,reason=wall_not_collapsed tension=0.92745988 bid_drop=0.00021026 ask_drop=6.02848925
2026-07-30T21:32:37Z,290,SKIP,SKIPPED,,,,,0,radar_block,reason=momentum_too_small conf=0.0 mom_sig=0.00000308 raw_mom_bps=0.00000000 spread_bps=0.18530000 tension=0.00000308 bid_drop=0.00002003 ask_drop=0.00000000 swarm=1
2026-07-30T21:32:54Z,291,SKIP,SKIPPED,,,,,0,impulse_resonance_wait,reason=wall_not_collapsed tension=0.33120249 bid_drop=0.00003204 ask_drop=2.15281618
2026-07-30T21:33:18Z,292,SKIP,SKIPPED,,,,,0,radar_block,reason=momentum_too_small conf=0.0001 mom_sig=0.00007890 raw_mom_bps=0.00000000 spread_bps=0.16990000 tension=0.00007890 bid_drop=0.00051286 ask_drop=0.00000000 swarm=0
2026-07-30T21:33:32Z,293,SKIP,SKIPPED,,,,,0,impulse_resonance_wait,reason=wall_not_collapsed tension=0.56372432 bid_drop=0.00000000 ask_drop=3.66420806
2026-07-30T21:33:52Z,294,SKIP,SKIPPED,,,,,0,radar_block,reason=momentum_too_small conf=0.0 mom_sig=0.00001246 raw_mom_bps=-0.15443825 spread_bps=0.20080000 tension=0.00001246 bid_drop=0.00008099 ask_drop=0.00000000 swarm=0
2026-07-30T21:34:11Z,295,SKIP,SKIPPED,,,,,0,radar_block,reason=momentum_too_small conf=0.0 mom_sig=0.00001233 raw_mom_bps=0.00000000 spread_bps=0.10810000 tension=0.00001233 bid_drop=0.00008012 ask_drop=0.00000000 swarm=0
2026-07-30T21:34:26Z,296,SKIP,SKIPPED,,,,,0,radar_block,reason=momentum_too_small conf=0.0 mom_sig=0.00000586 raw_mom_bps=0.00000000 spread_bps=0.10810000 tension=0.00000586 bid_drop=0.00003806 ask_drop=0.00000000 swarm=0
2026-07-30T21:35:57Z,297,SKIP,SKIPPED,,,,,0,radar_block,reason=momentum_too_small conf=0.0003 mom_sig=0.00018891 raw_mom_bps=0.00000000 spread_bps=0.13900000 tension=0.00018891 bid_drop=0.00122794 ask_drop=0.00000000 swarm=0
2026-07-30T21:36:16Z,298,SKIP,SKIPPED,,,,,0,radar_block,reason=momentum_too_small conf=0.0001 mom_sig=0.00004007 raw_mom_bps=0.00000000 spread_bps=0.97290000 tension=0.00004007 bid_drop=0.00026043 ask_drop=0.00002190 swarm=0
2026-07-30T21:36:35Z,299,SKIP,SKIPPED,,,,,0,radar_block,reason=momentum_too_small conf=0.0 mom_sig=0.00001265 raw_mom_bps=0.00000000 spread_bps=0.18530000 tension=0.00001265 bid_drop=0.00008221 ask_drop=0.00000000 swarm=0
2026-07-30T22:13:32Z,1,SKIP,SKIPPED,,,,,0,radar_block,reason=momentum_too_small conf=0.0001 mom_sig=0.00005560 raw_mom_bps=0.00000000 spread_bps=0.21590000 tension=0.00005560 bid_drop=0.00000000 ask_drop=0.00036143 swarm=0
2026-07-30T22:13:41Z,2,SKIP,SKIPPED,,,,,0,radar_block,reason=momentum_too_small conf=0.0001 mom_sig=0.00004170 raw_mom_bps=0.00000000 spread_bps=0.21590000 tension=0.00004170 bid_drop=0.00010600 ask_drop=0.00027108 swarm=0
2026-07-30T22:13:50Z,3,SKIP,SKIPPED,,,,,0,radar_block,reason=momentum_too_small conf=0.0003 mom_sig=0.00020158 raw_mom_bps=0.00000000 spread_bps=0.21590000 tension=0.00020158 bid_drop=0.00000000 ask_drop=0.00131026 swarm=0
2026-07-30T22:13:58Z,4,SKIP,SKIPPED,,,,,0,radar_block,reason=momentum_too_small conf=0.0 mom_sig=0.00000579 raw_mom_bps=0.00000000 spread_bps=0.21590000 tension=0.00000579 bid_drop=0.00000000 ask_drop=0.00003765 swarm=0
2026-07-30T22:14:07Z,5,SKIP,SKIPPED,,,,,0,radar_block,reason=direction_unclear conf=0.0161 mom_sig=0.00980090 raw_mom_bps=0.00000000 spread_bps=0.21590000 tension=0.00980090 bid_drop=0.06370584 ask_drop=0.00044430 swarm=0
2026-07-30T22:14:16Z,6,SKIP,SKIPPED,,,,,0,impulse_resonance_wait,reason=wall_not_collapsed tension=0.30717570 bid_drop=0.05952523 ask_drop=1.99664206
2026-07-30T22:14:24Z,7,SKIP,SKIPPED,,,,,0,radar_block,reason=momentum_too_small conf=0.0 mom_sig=0.00001840 raw_mom_bps=0.00000000 spread_bps=0.92520000 tension=0.00001840 bid_drop=0.00000000 ask_drop=0.00011961 swarm=0
2026-07-30T22:14:33Z,8,SKIP,SKIPPED,,,,,0,radar_block,reason=momentum_too_small conf=0.01 mom_sig=0.00634755 raw_mom_bps=0.00000000 spread_bps=0.94070000 tension=0.00634755 bid_drop=0.04125909 ask_drop=0.00019004 swarm=0
2026-07-30T22:14:41Z,9,SKIP,SKIPPED,,,,,0,radar_block,reason=momentum_too_small conf=0.3041 mom_sig=0.00000000 raw_mom_bps=0.00000000 spread_bps=2.09700000 tension=0.00000000 bid_drop=0.00000000 ask_drop=0.00000000 swarm=0
2026-07-30T22:14:50Z,10,SKIP,SKIPPED,,,,,0,radar_block,reason=momentum_too_small conf=0.0 mom_sig=0.00000830 raw_mom_bps=0.04625668 spread_bps=2.31280000 tension=0.00000830 bid_drop=0.00000000 ask_drop=0.00005394 swarm=0
2026-07-30T22:14:58Z,11,SKIP,SKIPPED,,,,,0,radar_block,reason=momentum_too_small conf=0.0005 mom_sig=0.00033156 raw_mom_bps=0.00000000 spread_bps=2.74410000 tension=0.00033156 bid_drop=0.00215516 ask_drop=0.00015050 swarm=0
2026-07-30T22:15:08Z,12,SKIP,SKIPPED,,,,,0,duo_wait,reason=no_state mode=none
2026-07-30T22:15:17Z,13,SKIP,SKIPPED,,,,,0,duo_wait,reason=no_state mode=none
2026-07-30T22:15:25Z,14,SKIP,SKIPPED,,,,,0,radar_block,reason=momentum_too_small conf=0.0001 mom_sig=0.00007035 raw_mom_bps=0.00000000 spread_bps=0.66250000 tension=0.00007035 bid_drop=0.00021933 ask_drop=0.00045729 swarm=0
2026-07-30T22:15:41Z,15,SKIP,SKIPPED,,,,,0,radar_block,reason=direction_unclear conf=0.0342 mom_sig=0.02139257 raw_mom_bps=0.00000000 spread_bps=0.66250000 tension=0.02139257 bid_drop=0.13905169 ask_drop=0.00000000 swarm=0
2026-07-30T22:15:49Z,16,SKIP,SKIPPED,,,,,0,radar_block,reason=momentum_too_small conf=0.0002 mom_sig=0.00013728 raw_mom_bps=0.00000000 spread_bps=0.66250000 tension=0.00013728 bid_drop=0.00089232 ask_drop=0.00000000 swarm=0
2026-07-30T22:15:57Z,17,SKIP,SKIPPED,,,,,0,radar_block,reason=momentum_too_small conf=0.3355 mom_sig=0.00000000 raw_mom_bps=0.00000000 spread_bps=0.66250000 tension=0.00000000 bid_drop=0.00000000 ask_drop=0.00000000 swarm=0
2026-07-30T22:16:06Z,18,SKIP,SKIPPED,,,,,0,radar_block,reason=momentum_too_small conf=0.3355 mom_sig=0.00000000 raw_mom_bps=0.00000000 spread_bps=0.66250000 tension=0.00000000 bid_drop=0.00000000 ask_drop=0.00000000 swarm=0
2026-07-30T22:16:14Z,19,SKIP,SKIPPED,,,,,0,radar_block,reason=momentum_too_small conf=0.0 mom_sig=0.00002007 raw_mom_bps=-0.07703982 spread_bps=0.58550000 tension=0.00002007 bid_drop=0.00000000 ask_drop=0.00013045 swarm=0
2026-07-30T22:16:22Z,20,SKIP,SKIPPED,,,,,0,radar_block,reason=momentum_too_small conf=0.3372 mom_sig=0.00000000 raw_mom_bps=0.00000000 spread_bps=0.58550000 tension=0.00000000 bid_drop=0.00000000 ask_drop=0.00000000 swarm=0
2026-07-30T22:16:31Z,21,SKIP,SKIPPED,,,,,0,duo_wait,reason=no_state mode=none
2026-07-30T22:16:39Z,22,SKIP,SKIPPED,,,,,0,impulse_resonance_wait,reason=wall_not_collapsed tension=0.82729861 bid_drop=0.00000000 ask_drop=5.37744098
2026-07-30T22:16:52Z,23,SKIP,SKIPPED,,,,,0,radar_block,reason=momentum_too_small conf=0.0002 mom_sig=0.00009640 raw_mom_bps=0.00000000 spread_bps=0.43140000 tension=0.00009640 bid_drop=0.00000000 ask_drop=0.00062662 swarm=0
2026-07-30T22:17:00Z,24,SKIP,SKIPPED,,,,,0,duo_wait,reason=no_state mode=none
2026-07-30T22:17:09Z,25,SKIP,SKIPPED,,,,,0,radar_block,reason=momentum_too_small conf=0.0001 mom_sig=0.00004200 raw_mom_bps=0.00000000 spread_bps=0.58550000 tension=0.00004200 bid_drop=0.00000000 ask_drop=0.00027301 swarm=0
2026-07-30T22:17:17Z,26,SKIP,SKIPPED,,,,,0,impulse_resonance_wait,reason=wall_not_collapsed tension=0.25606680 bid_drop=0.04600860 ask_drop=1.66443422
2026-07-30T22:17:24Z,27,SKIP,SKIPPED,,,,,0,radar_block,reason=momentum_too_small conf=0.0 mom_sig=0.00003060 raw_mom_bps=0.00000000 spread_bps=0.43140000 tension=0.00003060 bid_drop=0.00000000 ask_drop=0.00019892 swarm=0
2026-07-30T22:17:38Z,28,SKIP,SKIPPED,,,,,0,radar_block,reason=direction_unclear conf=0.0391 mom_sig=0.02411783 raw_mom_bps=0.00000000 spread_bps=0.43140000 tension=0.02411783 bid_drop=0.00045328 ask_drop=0.15676588 swarm=0
2026-07-30T22:17:47Z,29,SKIP,SKIPPED,,,,,0,radar_block,reason=direction_unclear conf=0.0682 mom_sig=0.04206719 raw_mom_bps=0.00000000 spread_bps=0.43140000 tension=0.04206719 bid_drop=0.00000000 ask_drop=0.27343672 swarm=0
2026-07-30T22:18:00Z,30,SKIP,SKIPPED,,,,,0,radar_block,reason=momentum_too_small conf=0.0001 mom_sig=0.00003547 raw_mom_bps=0.00000000 spread_bps=0.43140000 tension=0.00003547 bid_drop=0.00000000 ask_drop=0.00023058 swarm=0
2026-07-30T22:18:08Z,31,SKIP,SKIPPED,,,,,0,radar_block,reason=momentum_too_small conf=0.0005 mom_sig=0.00029853 raw_mom_bps=0.00000000 spread_bps=0.43140000 tension=0.00029853 bid_drop=0.00194045 ask_drop=0.00012810 swarm=0
2026-07-30T22:18:16Z,32,SKIP,SKIPPED,,,,,0,radar_block,reason=momentum_too_small conf=0.3355 mom_sig=0.00000000 raw_mom_bps=0.00000000 spread_bps=0.66250000 tension=0.00000000 bid_drop=0.00000000 ask_drop=0.00000000 swarm=0
2026-07-30T22:18:24Z,33,SKIP,SKIPPED,,,,,0,radar_block,reason=momentum_too_small conf=0.3355 mom_sig=0.00000000 raw_mom_bps=0.00000000 spread_bps=0.66250000 tension=0.00000000 bid_drop=0.00000000 ask_drop=0.00000000 swarm=0
2026-07-30T22:18:32Z,34,SKIP,SKIPPED,,,,,0,radar_block,reason=momentum_too_small conf=0.0001 mom_sig=0.00007909 raw_mom_bps=0.00000000 spread_bps=0.66250000 tension=0.00007909 bid_drop=0.00011214 ask_drop=0.00051408 swarm=0
2026-07-30T22:18:40Z,35,SKIP,SKIPPED,,,,,0,radar_block,reason=momentum_too_small conf=0.3355 mom_sig=0.00000000 raw_mom_bps=0.00000000 spread_bps=0.66250000 tension=0.00000000 bid_drop=0.00000000 ask_drop=0.00000000 swarm=0
2026-07-30T22:18:48Z,36,SKIP,SKIPPED,,,,,0,radar_block,reason=momentum_too_small conf=0.0001 mom_sig=0.00006328 raw_mom_bps=0.00000000 spread_bps=0.66250000 tension=0.00006328 bid_drop=0.00011189 ask_drop=0.00041131 swarm=0
2026-07-30T22:18:56Z,37,SKIP,SKIPPED,,,,,0,radar_block,reason=momentum_too_small conf=0.0004 mom_sig=0.00027128 raw_mom_bps=0.00000000 spread_bps=0.66250000 tension=0.00027128 bid_drop=0.00176333 ask_drop=0.00000000 swarm=1
2026-07-30T22:19:04Z,38,SKIP,SKIPPED,,,,,0,radar_block,reason=momentum_too_small conf=0.3406 mom_sig=0.00000000 raw_mom_bps=0.00000000 spread_bps=0.43140000 tension=0.00000000 bid_drop=0.00000000 ask_drop=0.00000000 swarm=0
2026-07-30T22:19:12Z,39,SKIP,SKIPPED,,,,,0,radar_block,reason=momentum_too_small conf=0.3406 mom_sig=0.00000000 raw_mom_bps=0.43145159 spread_bps=0.43140000 tension=0.00000000 bid_drop=0.00000000 ask_drop=0.00000000 swarm=0
2026-07-30T22:19:20Z,40,SKIP,SKIPPED,,,,,0,radar_block,reason=momentum_too_small conf=0.3355 mom_sig=0.00000000 raw_mom_bps=0.00000000 spread_bps=0.66250000 tension=0.00000000 bid_drop=0.00000000 ask_drop=0.00000000 swarm=0
2026-07-30T22:19:28Z,41,SKIP,SKIPPED,,,,,0,radar_block,reason=momentum_too_small conf=0.0004 mom_sig=0.00023460 raw_mom_bps=0.66258637 spread_bps=0.43140000 tension=0.00023460 bid_drop=0.00152488 ask_drop=0.00018007 swarm=0
2026-07-30T22:19:37Z,42,SKIP,SKIPPED,,,,,0,radar_block,reason=momentum_too_small conf=0.3355 mom_sig=0.00000000 raw_mom_bps=0.00000000 spread_bps=0.66250000 tension=0.00000000 bid_drop=0.00000000 ask_drop=0.00000000 swarm=0
2026-07-30T22:19:45Z,43,SKIP,SKIPPED,,,,,0,duo_wait,reason=no_trigger mode=none
2026-07-30T22:19:53Z,44,SKIP,SKIPPED,,,,,0,radar_block,reason=momentum_too_small conf=0.0007 mom_sig=0.00042904 raw_mom_bps=0.00000000 spread_bps=0.66250000 tension=0.00042904 bid_drop=0.00278873 ask_drop=0.00000000 swarm=0
2026-07-30T22:20:01Z,45,SKIP,SKIPPED,,,,,0,radar_block,reason=momentum_too_small conf=0.0002 mom_sig=0.00013374 raw_mom_bps=0.00000000 spread_bps=0.66250000 tension=0.00013374 bid_drop=0.00086932 ask_drop=0.00000000 swarm=0
2026-07-30T22:20:10Z,46,SKIP,SKIPPED,,,,,0,duo_wait,reason=no_trigger mode=none
2026-07-30T22:20:18Z,47,SKIP,SKIPPED,,,,,0,radar_block,reason=direction_unclear conf=0.0403 mom_sig=0.02521096 raw_mom_bps=0.00000000 spread_bps=0.66250000 tension=0.02521096 bid_drop=0.00000000 ask_drop=0.16387121 swarm=0
2026-07-30T22:20:26Z,48,SKIP,SKIPPED,,,,,0,radar_block,reason=momentum_too_small conf=0.0001 mom_sig=0.00005737 raw_mom_bps=0.00000000 spread_bps=0.43140000 tension=0.00005737 bid_drop=0.00037288 ask_drop=0.00000000 swarm=0
2026-07-30T22:20:35Z,49,SKIP,SKIPPED,,,,,0,duo_wait,reason=no_trigger mode=none
2026-07-30T22:20:44Z,50,SKIP,SKIPPED,,,,,0,duo_wait,reason=no_trigger mode=none
2026-07-30T22:20:52Z,51,SKIP,SKIPPED,,,,,0,duo_wait,reason=no_trigger mode=none
2026-07-30T22:21:01Z,52,SKIP,SKIPPED,,,,,0,radar_block,reason=momentum_too_small conf=0.0006 mom_sig=0.00045427 raw_mom_bps=0.00000000 spread_bps=1.74110000 tension=0.00045427 bid_drop=0.00295276 ask_drop=0.00000000 swarm=0
2026-07-30T22:21:09Z,53,SKIP,SKIPPED,,,,,0,radar_block,reason=momentum_too_small conf=0.0001 mom_sig=0.00005974 raw_mom_bps=0.00000000 spread_bps=2.17250000 tension=0.00005974 bid_drop=0.00027162 ask_drop=0.00038828 swarm=0
2026-07-30T22:21:17Z,54,SKIP,SKIPPED,,,,,0,radar_block,reason=momentum_too_small conf=0.2738 mom_sig=0.00000000 raw_mom_bps=0.00000000 spread_bps=1.74110000 tension=0.00000000 bid_drop=0.00000000 ask_drop=0.00000000 swarm=0
2026-07-30T22:21:25Z,55,SKIP,SKIPPED,,,,,0,radar_block,reason=momentum_too_small conf=0.2738 mom_sig=0.00000000 raw_mom_bps=0.00000000 spread_bps=1.74110000 tension=0.00000000 bid_drop=0.00000000 ask_drop=0.00000000 swarm=0
2026-07-30T22:21:33Z,56,SKIP,SKIPPED,,,,,0,radar_block,reason=momentum_too_small conf=0.2839 mom_sig=0.00000000 raw_mom_bps=0.00000000 spread_bps=1.51000000 tension=0.00000000 bid_drop=0.00000000 ask_drop=0.00000000 swarm=0
2026-07-30T22:21:42Z,57,SKIP,SKIPPED,,,,,0,radar_block,reason=momentum_too_small conf=0.0002 mom_sig=0.00017060 raw_mom_bps=0.00000000 spread_bps=1.51000000 tension=0.00017060 bid_drop=0.00110890 ask_drop=0.00000000 swarm=0
2026-07-30T22:21:51Z,58,SKIP,SKIPPED,,,,,0,duo_wait,reason=no_trigger mode=none
2026-07-30T22:21:58Z,59,SKIP,SKIPPED,,,,,0,radar_block,reason=momentum_too_small conf=0.0008 mom_sig=0.00062781 raw_mom_bps=0.00000000 spread_bps=1.72570000 tension=0.00062781 bid_drop=0.00408074 ask_drop=0.00000000 swarm=0
2026-07-30T22:22:06Z,60,SKIP,SKIPPED,,,,,0,radar_block,reason=momentum_too_small conf=0.0007 mom_sig=0.00055744 raw_mom_bps=0.00000000 spread_bps=1.72570000 tension=0.00055744 bid_drop=0.00362338 ask_drop=0.00000000 swarm=0
2026-07-30T22:22:14Z,61,SKIP,SKIPPED,,,,,0,radar_block,reason=momentum_too_small conf=0.3123 mom_sig=0.00000000 raw_mom_bps=1.72598986 spread_bps=1.72570000 tension=0.00000000 bid_drop=0.00000000 ask_drop=0.00000000 swarm=0
2026-07-30T22:22:23Z,62,SKIP,SKIPPED,,,,,0,radar_block,reason=momentum_too_small conf=0.3123 mom_sig=0.00000000 raw_mom_bps=0.00000000 spread_bps=1.72570000 tension=0.00000000 bid_drop=0.00000000 ask_drop=0.00000000 swarm=0
2026-07-30T22:22:31Z,63,SKIP,SKIPPED,,,,,0,radar_block,reason=momentum_too_small conf=0.3173 mom_sig=0.00000000 raw_mom_bps=0.00000000 spread_bps=1.49460000 tension=0.00000000 bid_drop=0.00000000 ask_drop=0.00000000 swarm=0
2026-07-30T22:22:40Z,64,SKIP,SKIPPED,,,,,0,radar_block,reason=momentum_too_small conf=0.3173 mom_sig=0.00000000 raw_mom_bps=0.00000000 spread_bps=1.49460000 tension=0.00000000 bid_drop=0.00000000 ask_drop=0.00000000 swarm=0
2026-07-30T22:22:48Z,65,SKIP,SKIPPED,,,,,0,radar_block,reason=momentum_too_small conf=0.0001 mom_sig=0.00007022 raw_mom_bps=0.00000000 spread_bps=1.49460000 tension=0.00007022 bid_drop=0.00045644 ask_drop=0.00036245 swarm=0
2026-07-30T22:22:56Z,66,SKIP,SKIPPED,,,,,0,radar_block,reason=momentum_too_small conf=0.0 mom_sig=0.00003186 raw_mom_bps=0.00000000 spread_bps=1.49460000 tension=0.00003186 bid_drop=0.00000000 ask_drop=0.00020711 swarm=0
2026-07-30T22:23:05Z,67,SKIP,SKIPPED,,,,,0,radar_block,reason=direction_unclear conf=0.02 mom_sig=0.01343667 raw_mom_bps=0.00000000 spread_bps=1.74110000 tension=0.01343667 bid_drop=0.00000000 ask_drop=0.08733834 swarm=0
2026-07-30T22:23:14Z,68,SKIP,SKIPPED,,,,,0,radar_block,reason=momentum_too_small conf=0.0022 mom_sig=0.00146740 raw_mom_bps=0.00000000 spread_bps=1.72570000 tension=0.00146740 bid_drop=0.00242768 ask_drop=0.00953807 swarm=0
2026-07-30T22:23:29Z,69,SKIP,SKIPPED,,,,,0,radar_block,reason=direction_unclear conf=0.0157 mom_sig=0.01037512 raw_mom_bps=0.00000000 spread_bps=1.49460000 tension=0.01037512 bid_drop=0.06743828 ask_drop=0.00000000 swarm=0
2026-07-30T22:23:38Z,70,SKIP,SKIPPED,,,,,0,radar_block,reason=momentum_too_small conf=0.0005 mom_sig=0.00032680 raw_mom_bps=-1.49460709 spread_bps=0.33900000 tension=0.00032680 bid_drop=0.00000000 ask_drop=0.00212419 swarm=0
2026-07-30T22:23:47Z,71,SKIP,SKIPPED,,,,,0,radar_block,reason=momentum_too_small conf=0.0004 mom_sig=0.00030166 raw_mom_bps=-0.35443178 spread_bps=1.72570000 tension=0.00030166 bid_drop=0.00196081 ask_drop=0.00000000 swarm=0
2026-07-30T22:23:56Z,72,SKIP,SKIPPED,,,,,0,radar_block,reason=momentum_too_small conf=0.3123 mom_sig=0.00000000 raw_mom_bps=0.00000000 spread_bps=1.72570000 tension=0.00000000 bid_drop=0.00000000 ask_drop=0.00000000 swarm=0
2026-07-30T22:24:04Z,73,SKIP,SKIPPED,,,,,0,radar_block,reason=momentum_too_small conf=0.0022 mom_sig=0.00150370 raw_mom_bps=0.00000000 spread_bps=1.71030000 tension=0.00150370 bid_drop=0.00977404 ask_drop=0.00000000 swarm=0
2026-07-30T22:24:12Z,74,SKIP,SKIPPED,,,,,0,radar_block,reason=momentum_too_small conf=0.0001 mom_sig=0.00005980 raw_mom_bps=0.00000000 spread_bps=1.72570000 tension=0.00005980 bid_drop=0.00000000 ask_drop=0.00038870 swarm=0
2026-07-30T22:24:20Z,75,SKIP,SKIPPED,,,,,0,radar_block,reason=momentum_too_small conf=0.0 mom_sig=0.00001110 raw_mom_bps=1.81845641 spread_bps=0.01540000 tension=0.00001110 bid_drop=0.00007213 ask_drop=0.00000000 swarm=0
2026-07-30T22:24:28Z,76,SKIP,SKIPPED,,,,,0,radar_block,reason=momentum_too_small conf=0.0001 mom_sig=0.00005962 raw_mom_bps=0.00000000 spread_bps=0.01540000 tension=0.00005962 bid_drop=0.00020266 ask_drop=0.00038751 swarm=0
2026-07-30T22:24:37Z,77,SKIP,SKIPPED,,,,,0,tension_stale,reason=nuage_age_ms=3402 thresh=800
2026-07-30T22:24:46Z,78,SKIP,SKIPPED,,,,,0,tension_stale,reason=nuage_age_ms=4490 thresh=800
2026-07-30T22:24:55Z,79,SKIP,SKIPPED,,,,,0,radar_block,reason=momentum_too_small conf=0.3325 mom_sig=0.00000000 raw_mom_bps=0.00000000 spread_bps=0.80120000 tension=0.00000000 bid_drop=0.00000000 ask_drop=0.00000000 swarm=0
2026-07-30T22:25:04Z,80,SKIP,SKIPPED,,,,,0,radar_block,reason=momentum_too_small conf=0.0007 mom_sig=0.00046262 raw_mom_bps=0.00000000 spread_bps=2.31120000 tension=0.00046262 bid_drop=0.00300700 ask_drop=0.00000000 swarm=0
2026-07-30T22:25:12Z,81,SKIP,SKIPPED,,,,,0,radar_block,reason=momentum_too_small conf=0.0 mom_sig=0.00000242 raw_mom_bps=0.00000000 spread_bps=1.98770000 tension=0.00000242 bid_drop=0.00001571 ask_drop=0.00000000 swarm=0
2026-07-30T22:25:20Z,82,SKIP,SKIPPED,,,,,0,radar_block,reason=momentum_too_small conf=0.3321 mom_sig=0.00000000 raw_mom_bps=0.00000000 spread_bps=0.81660000 tension=0.00000000 bid_drop=0.00000000 ask_drop=0.00000000 swarm=0
2026-07-30T22:25:29Z,83,SKIP,SKIPPED,,,,,0,duo_wait,reason=no_trigger mode=none
2026-07-30T22:25:42Z,84,SKIP,SKIPPED,,,,,0,impulse_resonance_wait,reason=wall_not_collapsed tension=0.51680176 bid_drop=0.06052531 ask_drop=3.35921146
2026-07-30T22:25:52Z,85,SKIP,SKIPPED,,,,,0,radar_block,reason=momentum_too_small conf=0.3247 mom_sig=0.00000000 raw_mom_bps=0.00000000 spread_bps=1.15570000 tension=0.00000000 bid_drop=0.00000000 ask_drop=0.00000000 swarm=0
2026-07-30T22:26:00Z,86,SKIP,SKIPPED,,,,,0,radar_block,reason=momentum_too_small conf=0.0 mom_sig=0.00000435 raw_mom_bps=0.00000000 spread_bps=1.15570000 tension=0.00000435 bid_drop=0.00002830 ask_drop=0.00000000 swarm=0
2026-07-30T22:26:08Z,87,SKIP,SKIPPED,,,,,0,radar_block,reason=direction_unclear conf=0.1657 mom_sig=0.10724207 raw_mom_bps=0.00000000 spread_bps=1.17110000 tension=0.10724207 bid_drop=0.00000000 ask_drop=0.69707346 swarm=0
2026-07-30T22:26:16Z,88,SKIP,SKIPPED,,,,,0,radar_block,reason=momentum_too_small conf=0.324 mom_sig=0.00000000 raw_mom_bps=0.03081925 spread_bps=1.18650000 tension=0.00000000 bid_drop=0.00000000 ask_drop=0.00000000 swarm=0
2026-07-30T22:26:25Z,89,SKIP,SKIPPED,,,,,0,radar_block,reason=momentum_too_small conf=0.3493 mom_sig=0.00000000 raw_mom_bps=-0.03081916 spread_bps=0.03080000 tension=0.00000000 bid_drop=0.00000000 ask_drop=0.00000000 swarm=0
2026-07-30T22:26:34Z,90,SKIP,SKIPPED,,,,,0,radar_block,reason=momentum_too_small conf=0.0 mom_sig=0.00002628 raw_mom_bps=0.00000000 spread_bps=0.04620000 tension=0.00002628 bid_drop=0.00000000 ask_drop=0.00017081 swarm=0
2026-07-30T22:26:42Z,91,SKIP,SKIPPED,,,,,0,radar_block,reason=momentum_too_small conf=0.3466 mom_sig=0.00000000 raw_mom_bps=0.03081911 spread_bps=0.15410000 tension=0.00000000 bid_drop=0.00000000 ask_drop=0.00000000 swarm=0
2026-07-30T22:26:50Z,92,SKIP,SKIPPED,,,,,0,radar_block,reason=momentum_too_small conf=0.3345 mom_sig=0.00000000 raw_mom_bps=0.47769106 spread_bps=0.70880000 tension=0.00000000 bid_drop=0.00000000 ask_drop=0.00000000 swarm=0
2026-07-30T22:26:59Z,93,SKIP,SKIPPED,,,,,0,radar_block,reason=direction_unclear conf=0.0114 mom_sig=0.08455542 raw_mom_bps=0.00000000 spread_bps=2.37280000 tension=0.08455542 bid_drop=0.00000000 ask_drop=0.54961024 swarm=0
2026-07-30T22:27:07Z,94,SKIP,SKIPPED,,,,,0,radar_block,reason=momentum_too_small conf=0.0 mom_sig=0.00000840 raw_mom_bps=0.00000000 spread_bps=1.51000000 tension=0.00000840 bid_drop=0.00000000 ask_drop=0.00005462 swarm=0
2026-07-30T22:27:15Z,95,SKIP,SKIPPED,,,,,0,radar_block,reason=momentum_too_small conf=0.0 mom_sig=0.00003436 raw_mom_bps=0.00000000 spread_bps=2.37280000 tension=0.00003436 bid_drop=0.00000000 ask_drop=0.00022337 swarm=0
2026-07-30T22:27:23Z,96,SKIP,SKIPPED,,,,,0,impulse_resonance_wait,reason=wall_not_collapsed tension=0.98824564 bid_drop=0.00000000 ask_drop=6.42359666
2026-07-30T22:27:37Z,97,SKIP,SKIPPED,,,,,0,radar_block,reason=momentum_too_small conf=0.0001 mom_sig=0.00006212 raw_mom_bps=0.00000000 spread_bps=2.37280000 tension=0.00006212 bid_drop=0.00003146 ask_drop=0.00040376 swarm=0
2026-07-30T22:27:46Z,98,SKIP,SKIPPED,,,,,0,radar_block,reason=momentum_too_small conf=0.0 mom_sig=0.00002932 raw_mom_bps=0.00000000 spread_bps=2.37280000 tension=0.00002932 bid_drop=0.00000000 ask_drop=0.00019060 swarm=1
2026-07-30T22:27:54Z,99,SKIP,SKIPPED,,,,,0,radar_block,reason=momentum_too_small conf=0.0 mom_sig=0.00000728 raw_mom_bps=0.00000000 spread_bps=2.37280000 tension=0.00000728 bid_drop=0.00000000 ask_drop=0.00004729 swarm=1
2026-07-30T22:28:02Z,100,SKIP,SKIPPED,,,,,0,radar_block,reason=momentum_too_small conf=0.0001 mom_sig=0.00006076 raw_mom_bps=0.00000000 spread_bps=2.37280000 tension=0.00006076 bid_drop=0.00000000 ask_drop=0.00039497 swarm=0
2026-07-30T22:28:11Z,101,SKIP,SKIPPED,,,,,0,radar_block,reason=momentum_too_small conf=0.0002 mom_sig=0.00021263 raw_mom_bps=0.00000000 spread_bps=2.37280000 tension=0.00021263 bid_drop=0.00008494 ask_drop=0.00138211 swarm=0
2026-07-30T22:28:19Z,102,SKIP,SKIPPED,,,,,0,radar_block,reason=momentum_too_small conf=0.0002 mom_sig=0.00013688 raw_mom_bps=0.00000000 spread_bps=1.89520000 tension=0.00013688 bid_drop=0.00000000 ask_drop=0.00088971 swarm=0
2026-07-30T22:28:28Z,103,SKIP,SKIPPED,,,,,0,radar_block,reason=spread_too_wide conf=0.0 mom_sig=0.00000000 raw_mom_bps=0.00000000 spread_bps=4.60540000 tension=0.00000000 bid_drop=0.00000000 ask_drop=0.00000000 swarm=0
2026-07-30T22:28:36Z,104,SKIP,SKIPPED,,,,,0,radar_block,reason=spread_too_wide conf=0.5 mom_sig=1.21267568 raw_mom_bps=0.00000000 spread_bps=4.60540000 tension=1.21267568 bid_drop=0.00000000 ask_drop=7.88239194 swarm=0
2026-07-30T22:28:45Z,105,SKIP,SKIPPED,,,,,0,radar_block,reason=spread_too_wide conf=0.0 mom_sig=0.00000000 raw_mom_bps=0.00000000 spread_bps=8.17550000 tension=0.00000000 bid_drop=0.00000000 ask_drop=0.00000000 swarm=0
2026-07-30T22:28:53Z,106,SKIP,SKIPPED,,,,,0,radar_block,reason=spread_too_wide conf=0.5 mom_sig=3.85943293 raw_mom_bps=0.00000000 spread_bps=9.69980000 tension=3.85943293 bid_drop=0.00000000 ask_drop=25.08631405 swarm=0
2026-07-30T22:29:02Z,107,SKIP,SKIPPED,,,,,0,radar_block,reason=spread_too_wide conf=0.0 mom_sig=0.00000000 raw_mom_bps=-3.20246343 spread_bps=9.69980000 tension=0.00000000 bid_drop=0.00000000 ask_drop=0.00000000 swarm=0
2026-07-30T22:29:12Z,108,SKIP,SKIPPED,,,,,0,radar_block,reason=spread_too_wide conf=0.0 mom_sig=0.00000000 raw_mom_bps=0.00000000 spread_bps=9.69980000 tension=0.00000000 bid_drop=0.00000000 ask_drop=0.00000000 swarm=0
2026-07-30T22:29:20Z,109,SKIP,SKIPPED,,,,,0,radar_block,reason=momentum_too_small conf=0.1752 mom_sig=0.00000000 raw_mom_bps=0.00000000 spread_bps=7.99210000 tension=0.00000000 bid_drop=0.00000000 ask_drop=0.00000000 swarm=0
2026-07-30T22:29:29Z,110,SKIP,SKIPPED,,,,,0,radar_block,reason=spread_too_wide conf=0.0 mom_sig=0.00003805 raw_mom_bps=0.00000000 spread_bps=9.69980000 tension=0.00003805 bid_drop=0.00024735 ask_drop=0.00008472 swarm=0
2026-07-30T22:29:37Z,111,SKIP,SKIPPED,,,,,0,radar_block,reason=spread_too_wide conf=0.5 mom_sig=1.55308691 raw_mom_bps=0.00000000 spread_bps=8.00620000 tension=1.55308691 bid_drop=0.00000000 ask_drop=10.09506494 swarm=0
2026-07-30T22:29:46Z,112,SKIP,SKIPPED,,,,,0,radar_block,reason=spread_too_wide conf=0.0 mom_sig=0.00004403 raw_mom_bps=0.00000000 spread_bps=8.00620000 tension=0.00004403 bid_drop=0.00010398 ask_drop=0.00028620 swarm=0
2026-07-30T22:29:55Z,113,SKIP,SKIPPED,,,,,0,tension_stale,reason=nuage_age_ms=10826 thresh=800
2026-07-30T22:30:03Z,114,SKIP,SKIPPED,,,,,0,radar_block,reason=momentum_too_small conf=0.0001 mom_sig=0.00004079 raw_mom_bps=0.00000000 spread_bps=1.51010000 tension=0.00004079 bid_drop=0.00000000 ask_drop=0.00026516 swarm=1
2026-07-30T22:30:12Z,115,SKIP,SKIPPED,,,,,0,radar_block,reason=momentum_too_small conf=0.3129 mom_sig=0.00000000 raw_mom_bps=0.00000000 spread_bps=1.69500000 tension=0.00000000 bid_drop=0.00000000 ask_drop=0.00000000 swarm=1
2026-07-30T22:30:21Z,116,SKIP,SKIPPED,,,,,0,radar_block,reason=direction_unclear conf=0.1556 mom_sig=0.10444456 raw_mom_bps=0.00000000 spread_bps=1.69500000 tension=0.10444456 bid_drop=0.00000000 ask_drop=0.67888964 swarm=1
2026-07-30T22:30:29Z,117,SKIP,SKIPPED,,,,,0,radar_block,reason=momentum_too_small conf=0.0 mom_sig=0.00000194 raw_mom_bps=0.00000000 spread_bps=1.69500000 tension=0.00000194 bid_drop=0.00001261 ask_drop=0.00000000 swarm=0
2026-07-30T22:30:37Z,118,SKIP,SKIPPED,,,,,0,radar_block,reason=momentum_too_small conf=0.0001 mom_sig=0.00008226 raw_mom_bps=0.00000000 spread_bps=1.69500000 tension=0.00008226 bid_drop=0.00040511 ask_drop=0.00053471 swarm=0
2026-07-30T22:30:46Z,119,SKIP,SKIPPED,,,,,0,radar_block,reason=spread_too_wide conf=0.0004 mom_sig=0.00046780 raw_mom_bps=0.00000000 spread_bps=9.69980000 tension=0.00046780 bid_drop=0.00304069 ask_drop=0.00257333 swarm=0
2026-07-30T22:30:55Z,120,SKIP,SKIPPED,,,,,0,radar_block,reason=direction_unclear conf=0.255 mom_sig=0.16890607 raw_mom_bps=-0.01539646 spread_bps=1.50890000 tension=0.16890607 bid_drop=1.09788945 ask_drop=0.00023407 swarm=0
2026-07-30T22:31:03Z,121,SKIP,SKIPPED,,,,,0,radar_block,reason=spread_too_wide conf=0.0001 mom_sig=0.00006783 raw_mom_bps=0.00000000 spread_bps=9.69980000 tension=0.00006783 bid_drop=0.00000000 ask_drop=0.00044092 swarm=0
2026-07-30T22:31:11Z,122,SKIP,SKIPPED,,,,,0,radar_block,reason=momentum_too_small conf=0.0 mom_sig=0.00002474 raw_mom_bps=0.00000000 spread_bps=5.39020000 tension=0.00002474 bid_drop=0.00016080 ask_drop=0.00000000 swarm=0
2026-07-30T22:31:19Z,123,SKIP,SKIPPED,,,,,0,radar_block,reason=momentum_too_small conf=0.0004 mom_sig=0.00038878 raw_mom_bps=-0.21560221 spread_bps=7.09960000 tension=0.00038878 bid_drop=0.00252706 ask_drop=0.00012095 swarm=0
2026-07-30T22:31:27Z,124,SKIP,SKIPPED,,,,,0,radar_block,reason=momentum_too_small conf=0.3129 mom_sig=0.00000000 raw_mom_bps=0.00000000 spread_bps=1.69500000 tension=0.00000000 bid_drop=0.00000000 ask_drop=0.00000000 swarm=0
2026-07-30T22:31:35Z,125,SKIP,SKIPPED,,,,,0,radar_block,reason=momentum_too_small conf=0.0 mom_sig=0.00000873 raw_mom_bps=0.00000000 spread_bps=1.51010000 tension=0.00000873 bid_drop=0.00005675 ask_drop=0.00000000 swarm=0
2026-07-30T22:31:45Z,126,SKIP,SKIPPED,,,,,0,tension_stale,reason=nuage_age_ms=1406 thresh=800
2026-07-30T22:31:54Z,127,SKIP,SKIPPED,,,,,0,tension_stale,reason=nuage_age_ms=1513 thresh=800
2026-07-30T22:32:07Z,128,SKIP,SKIPPED,,,,,0,radar_block,reason=momentum_too_small conf=0.0001 mom_sig=0.00008847 raw_mom_bps=0.00000000 spread_bps=1.69500000 tension=0.00008847 bid_drop=0.00000000 ask_drop=0.00057507 swarm=0
2026-07-30T22:32:15Z,129,SKIP,SKIPPED,,,,,0,radar_block,reason=momentum_too_small conf=0.3129 mom_sig=0.00000000 raw_mom_bps=0.00000000 spread_bps=1.69500000 tension=0.00000000 bid_drop=0.00000000 ask_drop=0.00000000 swarm=0
2026-07-30T22:32:25Z,130,SKIP,SKIPPED,,,,,0,duo_wait,reason=no_trigger mode=none
2026-07-30T22:32:33Z,131,SKIP,SKIPPED,,,,,0,radar_block,reason=momentum_too_small conf=0.3311 mom_sig=0.00000000 raw_mom_bps=1.66443201 spread_bps=0.86300000 tension=0.00000000 bid_drop=0.00000000 ask_drop=0.00000000 swarm=0
2026-07-30T22:32:42Z,132,SKIP,SKIPPED,,,,,0,radar_block,reason=momentum_too_small conf=0.0 mom_sig=0.00000194 raw_mom_bps=0.83214419 spread_bps=1.69500000 tension=0.00000194 bid_drop=0.00001261 ask_drop=0.00000000 swarm=0
2026-07-30T22:32:50Z,133,SKIP,SKIPPED,,,,,0,impulse_resonance_wait,reason=wall_not_collapsed tension=0.90244206 bid_drop=0.00000000 ask_drop=5.86587342
2026-07-30T22:32:59Z,134,SKIP,SKIPPED,,,,,0,duo_wait,reason=no_trigger mode=none
2026-07-30T22:33:07Z,135,SKIP,SKIPPED,,,,,0,radar_block,reason=momentum_too_small conf=0.0001 mom_sig=0.00007732 raw_mom_bps=1.69525483 spread_bps=1.69500000 tension=0.00007732 bid_drop=0.00000000 ask_drop=0.00050260 swarm=0
2026-07-30T22:33:16Z,136,SKIP,SKIPPED,,,,,0,radar_block,reason=momentum_too_small conf=0.0 mom_sig=0.00000048 raw_mom_bps=-0.24654073 spread_bps=1.44850000 tension=0.00000048 bid_drop=0.00000315 ask_drop=0.00000000 swarm=0
2026-07-30T22:33:24Z,137,SKIP,SKIPPED,,,,,0,radar_block,reason=momentum_too_small conf=0.0 mom_sig=0.00001096 raw_mom_bps=0.00000000 spread_bps=1.44850000 tension=0.00001096 bid_drop=0.00000000 ask_drop=0.00007125 swarm=0
2026-07-30T22:33:33Z,138,SKIP,SKIPPED,,,,,0,radar_block,reason=momentum_too_small conf=0.0001 mom_sig=0.00009269 raw_mom_bps=0.00000000 spread_bps=1.44850000 tension=0.00009269 bid_drop=0.00000000 ask_drop=0.00060251 swarm=0
2026-07-30T22:33:53Z,139,SKIP,SKIPPED,,,,,0,duo_wait,reason=no_trigger mode=none
2026-07-30T22:34:06Z,140,SKIP,SKIPPED,,,,,0,impulse_resonance_wait,reason=wall_not_collapsed tension=0.75761648 bid_drop=0.00000000 ask_drop=4.92450711
2026-07-30T22:34:20Z,141,SKIP,SKIPPED,,,,,0,radar_block,reason=momentum_too_small conf=0.0009 mom_sig=0.00058265 raw_mom_bps=0.36981109 spread_bps=1.49460000 tension=0.00058265 bid_drop=0.00378722 ask_drop=0.00000000 swarm=0
2026-07-30T22:34:33Z,142,SKIP,SKIPPED,,,,,0,impulse_resonance_wait,reason=wall_not_collapsed tension=0.67305848 bid_drop=0.00000000 ask_drop=4.37488015
2026-07-30T22:34:42Z,143,SKIP,SKIPPED,,,,,0,radar_block,reason=momentum_too_small conf=0.3173 mom_sig=0.00000000 raw_mom_bps=0.00000000 spread_bps=1.49460000 tension=0.00000000 bid_drop=0.00000000 ask_drop=0.00000000 swarm=0
2026-07-30T22:34:50Z,144,SKIP,SKIPPED,,,,,0,radar_block,reason=momentum_too_small conf=0.0 mom_sig=0.00000218 raw_mom_bps=0.00000000 spread_bps=1.49460000 tension=0.00000218 bid_drop=0.00001419 ask_drop=0.00000000 swarm=1
2026-07-30T22:34:59Z,145,SKIP,SKIPPED,,,,,0,duo_wait,reason=no_trigger mode=none
2026-07-30T22:35:08Z,146,SKIP,SKIPPED,,,,,0,duo_wait,reason=no_trigger mode=none
2026-07-30T22:35:21Z,147,SKIP,SKIPPED,,,,,0,radar_block,reason=momentum_too_small conf=0.0001 mom_sig=0.00003540 raw_mom_bps=0.00000000 spread_bps=0.78570000 tension=0.00003540 bid_drop=0.00000000 ask_drop=0.00023008 swarm=0
2026-07-30T22:35:30Z,148,SKIP,SKIPPED,,,,,0,radar_block,reason=momentum_too_small conf=0.3493 mom_sig=0.00000000 raw_mom_bps=-0.06162065 spread_bps=0.01540000 tension=0.00000000 bid_drop=0.00000000 ask_drop=0.00000000 swarm=0
2026-07-30T22:35:38Z,149,SKIP,SKIPPED,,,,,0,radar_block,reason=momentum_too_small conf=0.3237 mom_sig=0.00000000 raw_mom_bps=0.00000000 spread_bps=0.60080000 tension=0.00000000 bid_drop=0.00000000 ask_drop=0.00000000 swarm=1
2026-07-30T22:35:46Z,150,SKIP,SKIPPED,,,,,0,radar_block,reason=momentum_too_small conf=0.2253 mom_sig=0.00000000 raw_mom_bps=-3.38936049 spread_bps=2.85030000 tension=0.00000000 bid_drop=0.00000000 ask_drop=0.00000000 swarm=1
2026-07-30T22:35:54Z,151,SKIP,SKIPPED,,,,,0,radar_block,reason=momentum_too_small conf=0.0 mom_sig=0.00000194 raw_mom_bps=0.84745763 spread_bps=2.85030000 tension=0.00000194 bid_drop=0.00001262 ask_drop=0.00000000 swarm=0
2026-07-30T22:36:02Z,152,SKIP,SKIPPED,,,,,0,radar_block,reason=momentum_too_small conf=0.0 mom_sig=0.00003775 raw_mom_bps=0.00000000 spread_bps=2.86570000 tension=0.00003775 bid_drop=0.00003944 ask_drop=0.00024539 swarm=0
2026-07-30T22:36:11Z,153,SKIP,SKIPPED,,,,,0,duo_wait,reason=no_trigger mode=none
2026-07-30T22:36:19Z,154,SKIP,SKIPPED,,,,,0,radar_block,reason=momentum_too_small conf=0.0 mom_sig=0.00003445 raw_mom_bps=0.04622083 spread_bps=2.94270000 tension=0.00003445 bid_drop=0.00000000 ask_drop=0.00022395 swarm=0
2026-07-30T22:36:27Z,155,SKIP,SKIPPED,,,,,0,radar_block,reason=momentum_too_small conf=0.0 mom_sig=0.00002102 raw_mom_bps=0.00000000 spread_bps=2.94270000 tension=0.00002102 bid_drop=0.00000000 ask_drop=0.00013662 swarm=0
2026-07-30T22:36:35Z,156,SKIP,SKIPPED,,,,,0,radar_block,reason=momentum_too_small conf=0.2853 mom_sig=0.00000000 raw_mom_bps=0.00000000 spread_bps=2.95810000 tension=0.00000000 bid_drop=0.00000000 ask_drop=0.00000000 swarm=0
2026-07-30T22:36:45Z,157,SKIP,SKIPPED,,,,,0,impulse_resonance_wait,reason=wall_not_collapsed tension=0.65044200 bid_drop=0.00000000 ask_drop=4.22787298
2026-07-30T22:36:54Z,158,SKIP,SKIPPED,,,,,0,tension_stale,reason=nuage_age_ms=1041 thresh=800
2026-07-30T22:37:03Z,159,SKIP,SKIPPED,,,,,0,impulse_resonance_wait,reason=wall_not_collapsed tension=0.52919440 bid_drop=0.00000000 ask_drop=3.43976363
2026-07-30T22:37:16Z,160,SKIP,SKIPPED,,,,,0,radar_block,reason=direction_unclear conf=0.011 mom_sig=0.06768221 raw_mom_bps=-1.15572198 spread_bps=2.74250000 tension=0.06768221 bid_drop=0.00581952 ask_drop=0.43993439 swarm=0
2026-07-30T22:37:24Z,161,SKIP,SKIPPED,,,,,0,radar_block,reason=momentum_too_small conf=0.3335 mom_sig=0.00000000 raw_mom_bps=0.00000000 spread_bps=0.75500000 tension=0.00000000 bid_drop=0.00000000 ask_drop=0.00000000 swarm=0
2026-07-30T22:37:33Z,162,SKIP,SKIPPED,,,,,0,impulse_resonance_wait,reason=wall_not_collapsed tension=0.89923353 bid_drop=0.00000000 ask_drop=5.84501797
2026-07-30T22:37:41Z,163,SKIP,SKIPPED,,,,,0,radar_block,reason=momentum_too_small conf=0.0 mom_sig=0.00001966 raw_mom_bps=0.00000000 spread_bps=1.06310000 tension=0.00001966 bid_drop=0.00000000 ask_drop=0.00012777 swarm=0
2026-07-30T22:37:50Z,164,SKIP,SKIPPED,,,,,0,radar_block,reason=direction_unclear conf=0.0124 mom_sig=0.06672057 raw_mom_bps=0.00000000 spread_bps=1.07850000 tension=0.06672057 bid_drop=0.00003632 ask_drop=0.43368372 swarm=0
2026-07-30T22:38:04Z,165,SKIP,SKIPPED,,,,,0,duo_wait,reason=no_trigger mode=none
2026-07-30T22:38:12Z,166,SKIP,SKIPPED,,,,,0,radar_block,reason=momentum_too_small conf=0.0 mom_sig=0.00003060 raw_mom_bps=1.07858243 spread_bps=1.07850000 tension=0.00003060 bid_drop=0.00000000 ask_drop=0.00019891 swarm=0
2026-07-30T22:38:20Z,167,SKIP,SKIPPED,,,,,0,radar_block,reason=momentum_too_small conf=0.3264 mom_sig=0.00000000 raw_mom_bps=0.00000000 spread_bps=1.07850000 tension=0.00000000 bid_drop=0.00000000 ask_drop=0.00000000 swarm=0
2026-07-30T22:38:29Z,168,SKIP,SKIPPED,,,,,0,impulse_resonance_wait,reason=wall_not_collapsed tension=0.76508990 bid_drop=4.97308436 ask_drop=0.00000000
2026-07-30T22:38:37Z,169,SKIP,SKIPPED,,,,,0,radar_block,reason=momentum_too_small conf=0.0 mom_sig=0.00001576 raw_mom_bps=0.00000000 spread_bps=1.07850000 tension=0.00001576 bid_drop=0.00010245 ask_drop=0.00000000 swarm=0
2026-07-30T22:38:45Z,170,SKIP,SKIPPED,,,,,0,radar_block,reason=momentum_too_small conf=0.3264 mom_sig=0.00000000 raw_mom_bps=0.00000000 spread_bps=1.07850000 tension=0.00000000 bid_drop=0.00000000 ask_drop=0.00000000 swarm=0
2026-07-30T22:38:53Z,171,SKIP,SKIPPED,,,,,0,radar_block,reason=momentum_too_small conf=0.0004 mom_sig=0.00024118 raw_mom_bps=0.00000000 spread_bps=1.07850000 tension=0.00024118 bid_drop=0.00014107 ask_drop=0.00156764 swarm=0
2026-07-30T22:39:01Z,172,SKIP,SKIPPED,,,,,0,radar_block,reason=momentum_too_small conf=0.3264 mom_sig=0.00000000 raw_mom_bps=0.00000000 spread_bps=1.07850000 tension=0.00000000 bid_drop=0.00000000 ask_drop=0.00000000 swarm=0
2026-07-30T22:39:15Z,173,SKIP,SKIPPED,,,,,0,duo_wait,reason=no_trigger mode=none
2026-07-30T22:39:23Z,174,SKIP,SKIPPED,,,,,0,radar_block,reason=momentum_too_small conf=0.0 mom_sig=0.00000597 raw_mom_bps=0.00000000 spread_bps=1.07850000 tension=0.00000597 bid_drop=0.00003878 ask_drop=0.00000000 swarm=0
2026-07-30T22:39:31Z,175,SKIP,SKIPPED,,,,,0,radar_block,reason=momentum_too_small conf=0.0 mom_sig=0.00002242 raw_mom_bps=0.00000000 spread_bps=1.07850000 tension=0.00002242 bid_drop=0.00014575 ask_drop=0.00000000 swarm=0
2026-07-30T22:39:40Z,176,SKIP,SKIPPED,,,,,0,radar_block,reason=momentum_too_small conf=0.0 mom_sig=0.00003050 raw_mom_bps=0.00000000 spread_bps=1.07850000 tension=0.00003050 bid_drop=0.00019823 ask_drop=0.00000000 swarm=0
2026-07-30T22:39:48Z,177,SKIP,SKIPPED,,,,,0,radar_block,reason=momentum_too_small conf=0.0001 mom_sig=0.00005924 raw_mom_bps=0.00000000 spread_bps=1.07850000 tension=0.00005924 bid_drop=0.00038503 ask_drop=0.00000000 swarm=0
2026-07-30T22:39:57Z,178,SKIP,SKIPPED,,,,,0,radar_block,reason=momentum_too_small conf=0.0001 mom_sig=0.00005924 raw_mom_bps=-1.07846611 spread_bps=0.49310000 tension=0.00005924 bid_drop=0.00038503 ask_drop=0.00000000 swarm=0
2026-07-30T22:40:05Z,179,SKIP,SKIPPED,,,,,0,radar_block,reason=momentum_too_small conf=0.0 mom_sig=0.00001110 raw_mom_bps=0.00000000 spread_bps=0.83200000 tension=0.00001110 bid_drop=0.00000000 ask_drop=0.00007216 swarm=0
2026-07-30T22:40:15Z,180,SKIP,SKIPPED,,,,,0,radar_block,reason=momentum_too_small conf=0.0 mom_sig=0.00000666 raw_mom_bps=-0.01540958 spread_bps=1.84900000 tension=0.00000666 bid_drop=0.00000000 ask_drop=0.00004329 swarm=0
2026-07-30T22:40:24Z,181,SKIP,SKIPPED,,,,,0,radar_block,reason=momentum_too_small conf=0.0 mom_sig=0.00001397 raw_mom_bps=0.00000000 spread_bps=1.91060000 tension=0.00001397 bid_drop=0.00009079 ask_drop=0.00000000 swarm=0
2026-07-30T22:40:32Z,182,SKIP,SKIPPED,,,,,0,impulse_resonance_wait,reason=wall_not_collapsed tension=0.24080527 bid_drop=0.00000000 ask_drop=1.56523426
2026-07-30T22:40:40Z,183,SKIP,SKIPPED,,,,,0,radar_block,reason=momentum_too_small conf=0.3082 mom_sig=0.00000000 raw_mom_bps=0.00000000 spread_bps=1.91060000 tension=0.00000000 bid_drop=0.00000000 ask_drop=0.00000000 swarm=0
2026-07-30T22:40:48Z,184,SKIP,SKIPPED,,,,,0,radar_block,reason=momentum_too_small conf=0.0 mom_sig=0.00000026 raw_mom_bps=0.00000000 spread_bps=2.98890000 tension=0.00000026 bid_drop=0.00000169 ask_drop=0.00000000 swarm=0
2026-07-30T22:40:57Z,185,SKIP,SKIPPED,,,,,0,radar_block,reason=momentum_too_small conf=0.0 mom_sig=0.00000518 raw_mom_bps=0.00000000 spread_bps=2.98890000 tension=0.00000518 bid_drop=0.00003370 ask_drop=0.00000000 swarm=0
2026-07-30T22:41:05Z,186,SKIP,SKIPPED,,,,,0,radar_block,reason=momentum_too_small conf=0.0 mom_sig=0.00000104 raw_mom_bps=-2.98889180 spread_bps=2.98890000 tension=0.00000104 bid_drop=0.00000674 ask_drop=0.00000000 swarm=0
2026-07-30T22:41:14Z,187,SKIP,SKIPPED,,,,,0,radar_block,reason=momentum_too_small conf=0.0 mom_sig=0.00001711 raw_mom_bps=0.00000000 spread_bps=2.98890000 tension=0.00001711 bid_drop=0.00011122 ask_drop=0.00000000 swarm=0
2026-07-30T22:41:22Z,188,SKIP,SKIPPED,,,,,0,radar_block,reason=momentum_too_small conf=0.0 mom_sig=0.00000856 raw_mom_bps=0.00000000 spread_bps=2.98890000 tension=0.00000856 bid_drop=0.00005561 ask_drop=0.00000000 swarm=0
2026-07-30T22:41:30Z,189,SKIP,SKIPPED,,,,,0,radar_block,reason=momentum_too_small conf=0.3362 mom_sig=0.00000000 raw_mom_bps=0.00000000 spread_bps=0.63170000 tension=0.00000000 bid_drop=0.00000000 ask_drop=0.00000000 swarm=0
2026-07-30T22:41:38Z,190,SKIP,SKIPPED,,,,,0,radar_block,reason=momentum_too_small conf=0.0 mom_sig=0.00000052 raw_mom_bps=0.00000000 spread_bps=2.98890000 tension=0.00000052 bid_drop=0.00000337 ask_drop=0.00000000 swarm=0
2026-07-30T22:41:46Z,191,SKIP,SKIPPED,,,,,0,radar_block,reason=momentum_too_small conf=0.2846 mom_sig=0.00000000 raw_mom_bps=0.00000000 spread_bps=2.98890000 tension=0.00000000 bid_drop=0.00000000 ask_drop=0.00000000 swarm=0
2026-07-30T22:41:55Z,192,SKIP,SKIPPED,,,,,0,radar_block,reason=momentum_too_small conf=0.0 mom_sig=0.00001322 raw_mom_bps=0.00000000 spread_bps=2.98890000 tension=0.00001322 bid_drop=0.00008595 ask_drop=0.00000000 swarm=0
2026-07-30T22:42:04Z,193,SKIP,SKIPPED,,,,,0,radar_block,reason=momentum_too_small conf=0.0 mom_sig=0.00000583 raw_mom_bps=0.00000000 spread_bps=2.98890000 tension=0.00000583 bid_drop=0.00001348 ask_drop=0.00003790 swarm=0
2026-07-30T22:42:29Z,194,SKIP,SKIPPED,,,,,0,radar_block,reason=momentum_too_small conf=0.0001 mom_sig=0.00006415 raw_mom_bps=1.91099686 spread_bps=1.07850000 tension=0.00006415 bid_drop=0.00011291 ask_drop=0.00041696 swarm=0
2026-07-30T22:42:37Z,195,SKIP,SKIPPED,,,,,0,radar_block,reason=momentum_too_small conf=0.3264 mom_sig=0.00000000 raw_mom_bps=0.00000000 spread_bps=1.07850000 tension=0.00000000 bid_drop=0.00000000 ask_drop=0.00000000 swarm=0
2026-07-30T22:42:46Z,196,SKIP,SKIPPED,,,,,0,radar_block,reason=momentum_too_small conf=0.0 mom_sig=0.00000493 raw_mom_bps=0.00000000 spread_bps=1.07850000 tension=0.00000493 bid_drop=0.00003202 ask_drop=0.00000000 swarm=0
2026-07-30T22:42:59Z,197,SKIP,SKIPPED,,,,,0,radar_block,reason=momentum_too_small conf=0.0 mom_sig=0.00000207 raw_mom_bps=0.00000000 spread_bps=1.07850000 tension=0.00000207 bid_drop=0.00001348 ask_drop=0.00000000 swarm=0
2026-07-30T22:43:08Z,198,SKIP,SKIPPED,,,,,0,radar_block,reason=momentum_too_small conf=0.0 mom_sig=0.00001089 raw_mom_bps=0.00000000 spread_bps=1.07850000 tension=0.00001089 bid_drop=0.00007078 ask_drop=0.00000000 swarm=0
2026-07-30T22:43:17Z,199,SKIP,SKIPPED,,,,,0,radar_block,reason=momentum_too_small conf=0.0003 mom_sig=0.00017503 raw_mom_bps=0.00000000 spread_bps=1.07850000 tension=0.00017503 bid_drop=0.00009437 ask_drop=0.00113770 swarm=0
2026-07-30T22:43:26Z,200,SKIP,SKIPPED,,,,,0,impulse_resonance_wait,reason=wall_not_collapsed tension=0.24098557 bid_drop=0.00003194 ask_drop=1.56640623
2026-07-30T22:43:34Z,201,SKIP,SKIPPED,,,,,0,radar_block,reason=momentum_too_small conf=0.3264 mom_sig=0.00000000 raw_mom_bps=0.00000000 spread_bps=1.07850000 tension=0.00000000 bid_drop=0.00000000 ask_drop=0.00000000 swarm=0
2026-07-30T22:43:42Z,202,SKIP,SKIPPED,,,,,0,radar_block,reason=momentum_too_small conf=0.0002 mom_sig=0.00010430 raw_mom_bps=0.00000000 spread_bps=1.07850000 tension=0.00010430 bid_drop=0.00000000 ask_drop=0.00067795 swarm=0
2026-07-30T22:43:50Z,203,SKIP,SKIPPED,,,,,0,radar_block,reason=direction_unclear conf=0.195 mom_sig=0.12545890 raw_mom_bps=0.00000000 spread_bps=1.07850000 tension=0.12545890 bid_drop=0.81548284 ask_drop=0.00000000 swarm=0
2026-07-30T22:43:59Z,204,SKIP,SKIPPED,,,,,0,radar_block,reason=momentum_too_small conf=0.2937 mom_sig=0.00000000 raw_mom_bps=0.00000000 spread_bps=2.57290000 tension=0.00000000 bid_drop=0.00000000 ask_drop=0.00000000 swarm=0
2026-07-30T22:44:07Z,205,SKIP,SKIPPED,,,,,0,radar_block,reason=momentum_too_small conf=0.3146 mom_sig=0.00000000 raw_mom_bps=0.00000000 spread_bps=1.61790000 tension=0.00000000 bid_drop=0.00000000 ask_drop=0.00000000 swarm=0
2026-07-30T22:44:15Z,206,SKIP,SKIPPED,,,,,0,radar_block,reason=momentum_too_small conf=0.0 mom_sig=0.00002751 raw_mom_bps=0.33899454 spread_bps=1.61790000 tension=0.00002751 bid_drop=0.00000000 ask_drop=0.00017880 swarm=0
2026-07-30T22:44:23Z,207,SKIP,SKIPPED,,,,,0,radar_block,reason=momentum_too_small conf=0.0052 mom_sig=0.00349888 raw_mom_bps=0.00000000 spread_bps=1.61790000 tension=0.00349888 bid_drop=0.00002721 ask_drop=0.02274275 swarm=0
2026-07-30T22:44:31Z,208,SKIP,SKIPPED,,,,,0,radar_block,reason=momentum_too_small conf=0.0001 mom_sig=0.00005767 raw_mom_bps=-1.10939908 spread_bps=1.12480000 tension=0.00005767 bid_drop=0.00000000 ask_drop=0.00037488 swarm=0
2026-07-30T22:44:40Z,209,SKIP,SKIPPED,,,,,0,radar_block,reason=momentum_too_small conf=0.0001 mom_sig=0.00005815 raw_mom_bps=0.00000000 spread_bps=1.12480000 tension=0.00005815 bid_drop=0.00000000 ask_drop=0.00037800 swarm=0
2026-07-30T22:44:48Z,210,SKIP,SKIPPED,,,,,0,radar_block,reason=momentum_too_small conf=0.3257 mom_sig=0.00000000 raw_mom_bps=0.03082016 spread_bps=1.10940000 tension=0.00000000 bid_drop=0.00000000 ask_drop=0.00000000 swarm=0
2026-07-30T22:44:58Z,211,SKIP,SKIPPED,,,,,0,radar_block,reason=momentum_too_small conf=0.3247 mom_sig=0.00000000 raw_mom_bps=-0.03082006 spread_bps=1.15560000 tension=0.00000000 bid_drop=0.00000000 ask_drop=0.00000000 swarm=0
2026-07-30T22:45:06Z,212,SKIP,SKIPPED,,,,,0,radar_block,reason=momentum_too_small conf=0.323 mom_sig=0.00000000 raw_mom_bps=0.00000000 spread_bps=1.23270000 tension=0.00000000 bid_drop=0.00000000 ask_drop=0.00000000 swarm=0
2026-07-30T22:45:15Z,213,SKIP,SKIPPED,,,,,0,radar_block,reason=momentum_too_small conf=0.0001 mom_sig=0.00006362 raw_mom_bps=0.00000000 spread_bps=1.27890000 tension=0.00006362 bid_drop=0.00000000 ask_drop=0.00041350 swarm=0
2026-07-30T22:45:23Z,214,SKIP,SKIPPED,,,,,0,radar_block,reason=momentum_too_small conf=0.322 mom_sig=0.00000000 raw_mom_bps=0.00000000 spread_bps=1.27890000 tension=0.00000000 bid_drop=0.00000000 ask_drop=0.00000000 swarm=0
2026-07-30T22:45:31Z,215,SKIP,SKIPPED,,,,,0,radar_block,reason=momentum_too_small conf=0.0001 mom_sig=0.00003310 raw_mom_bps=1.27905418 spread_bps=1.27890000 tension=0.00003310 bid_drop=0.00021517 ask_drop=0.00000000 swarm=0
2026-07-30T22:45:40Z,216,SKIP,SKIPPED,,,,,0,impulse_resonance_wait,reason=wall_not_collapsed tension=0.54057950 bid_drop=0.00000000 ask_drop=3.51376676
2026-07-30T22:45:47Z,217,SKIP,SKIPPED,,,,,0,radar_block,reason=momentum_too_small conf=0.3493 mom_sig=0.00000000 raw_mom_bps=0.00000000 spread_bps=0.03080000 tension=0.00000000 bid_drop=0.00000000 ask_drop=0.00000000 swarm=0
2026-07-30T22:45:55Z,218,SKIP,SKIPPED,,,,,0,radar_block,reason=momentum_too_small conf=0.3493 mom_sig=0.00000000 raw_mom_bps=0.00000000 spread_bps=0.03080000 tension=0.00000000 bid_drop=0.00000000 ask_drop=0.00000000 swarm=0
2026-07-30T22:46:04Z,219,SKIP,SKIPPED,,,,,0,impulse_resonance_wait,reason=wall_not_collapsed tension=0.74754284 bid_drop=4.85902849 ask_drop=0.00000000
2026-07-30T22:46:12Z,220,SKIP,SKIPPED,,,,,0,duo_wait,reason=no_trigger mode=none
2026-07-30T22:46:21Z,221,SKIP,SKIPPED,,,,,0,duo_wait,reason=no_trigger mode=none
2026-07-30T22:46:36Z,222,SKIP,SKIPPED,,,,,0,duo_wait,reason=no_trigger mode=none
2026-07-30T22:46:44Z,223,SKIP,SKIPPED,,,,,0,radar_block,reason=momentum_too_small conf=0.0 mom_sig=0.00000952 raw_mom_bps=0.00000000 spread_bps=1.35590000 tension=0.00000952 bid_drop=0.00006189 ask_drop=0.00000000 swarm=0
2026-07-30T22:46:53Z,224,SKIP,SKIPPED,,,,,0,duo_wait,reason=no_trigger mode=none
2026-07-30T22:47:01Z,225,SKIP,SKIPPED,,,,,0,radar_block,reason=momentum_too_small conf=0.3082 mom_sig=0.00000000 raw_mom_bps=0.00000000 spread_bps=1.91060000 tension=0.00000000 bid_drop=0.00000000 ask_drop=0.00000000 swarm=0
2026-07-30T22:47:10Z,226,SKIP,SKIPPED,,,,,0,radar_block,reason=momentum_too_small conf=0.0001 mom_sig=0.00003794 raw_mom_bps=0.00000000 spread_bps=1.58710000 tension=0.00003794 bid_drop=0.00000000 ask_drop=0.00024663 swarm=0
2026-07-30T22:47:18Z,227,SKIP,SKIPPED,,,,,0,radar_block,reason=momentum_too_small conf=0.0 mom_sig=0.00001188 raw_mom_bps=0.80139196 spread_bps=1.60250000 tension=0.00001188 bid_drop=0.00007719 ask_drop=0.00000000 swarm=0
2026-07-30T22:47:27Z,228,SKIP,SKIPPED,,,,,0,radar_block,reason=direction_unclear conf=0.1474 mom_sig=0.11800599 raw_mom_bps=0.00000000 spread_bps=2.00310000 tension=0.11800599 bid_drop=0.76703894 ask_drop=0.00000000 swarm=0
2026-07-30T22:47:35Z,229,SKIP,SKIPPED,,,,,0,radar_block,reason=momentum_too_small conf=0.0 mom_sig=0.00000957 raw_mom_bps=0.00000000 spread_bps=2.00310000 tension=0.00000957 bid_drop=0.00006219 ask_drop=0.00000000 swarm=0
2026-07-30T22:47:44Z,230,SKIP,SKIPPED,,,,,0,radar_block,reason=direction_unclear conf=0.01 mom_sig=0.12348239 raw_mom_bps=0.00000000 spread_bps=2.00310000 tension=0.12348239 bid_drop=0.80263555 ask_drop=0.00000000 swarm=0
2026-07-30T22:47:52Z,231,SKIP,SKIPPED,,,,,0,radar_block,reason=momentum_too_small conf=0.0004 mom_sig=0.00031356 raw_mom_bps=0.00000000 spread_bps=2.00310000 tension=0.00031356 bid_drop=0.00000000 ask_drop=0.00203817 swarm=0
2026-07-30T22:48:00Z,232,SKIP,SKIPPED,,,,,0,radar_block,reason=momentum_too_small conf=0.0 mom_sig=0.00003120 raw_mom_bps=0.00000000 spread_bps=2.00310000 tension=0.00003120 bid_drop=0.00000000 ask_drop=0.00020278 swarm=0
2026-07-30T22:48:13Z,233,SKIP,SKIPPED,,,,,0,radar_block,reason=momentum_too_small conf=0.0 mom_sig=0.00001297 raw_mom_bps=0.00000000 spread_bps=2.00310000 tension=0.00001297 bid_drop=0.00008432 ask_drop=0.00004160 swarm=0
2026-07-30T22:48:22Z,234,SKIP,SKIPPED,,,,,0,radar_block,reason=direction_unclear conf=0.1909 mom_sig=0.13092246 raw_mom_bps=0.00000000 spread_bps=2.00310000 tension=0.13092246 bid_drop=0.85099600 ask_drop=0.00000000 swarm=0
2026-07-30T22:48:31Z,235,SKIP,SKIPPED,,,,,0,radar_block,reason=momentum_too_small conf=0.0 mom_sig=0.00001132 raw_mom_bps=0.00000000 spread_bps=2.00310000 tension=0.00001132 bid_drop=0.00007361 ask_drop=0.00000000 swarm=0
2026-07-30T22:48:39Z,236,SKIP,SKIPPED,,,,,0,radar_block,reason=momentum_too_small conf=0.0 mom_sig=0.00001268 raw_mom_bps=0.00000000 spread_bps=2.00310000 tension=0.00001268 bid_drop=0.00008240 ask_drop=0.00000000 swarm=0
2026-07-30T22:48:48Z,237,SKIP,SKIPPED,,,,,0,radar_block,reason=momentum_too_small conf=0.0 mom_sig=0.00001232 raw_mom_bps=0.00000000 spread_bps=2.00310000 tension=0.00001232 bid_drop=0.00008006 ask_drop=0.00000000 swarm=0
2026-07-30T22:48:57Z,238,SKIP,SKIPPED,,,,,0,radar_block,reason=momentum_too_small conf=0.0 mom_sig=0.00001314 raw_mom_bps=0.00000000 spread_bps=2.00310000 tension=0.00001314 bid_drop=0.00008541 ask_drop=0.00000000 swarm=0
2026-07-30T22:49:07Z,239,SKIP,SKIPPED,,,,,0,radar_block,reason=direction_unclear conf=0.0121 mom_sig=0.14202986 raw_mom_bps=0.00000000 spread_bps=1.51000000 tension=0.14202986 bid_drop=0.92319407 ask_drop=0.00000000 swarm=0
2026-07-30T22:49:16Z,240,SKIP,SKIPPED,,,,,0,radar_block,reason=direction_unclear conf=0.0121 mom_sig=0.14664618 raw_mom_bps=0.00000000 spread_bps=1.51010000 tension=0.14664618 bid_drop=0.95320016 ask_drop=0.00000000 swarm=0
2026-07-30T22:49:25Z,241,SKIP,SKIPPED,,,,,0,radar_block,reason=momentum_too_small conf=0.0 mom_sig=0.00000876 raw_mom_bps=0.00000000 spread_bps=1.51010000 tension=0.00000876 bid_drop=0.00005697 ask_drop=0.00000000 swarm=0
2026-07-30T22:49:34Z,242,SKIP,SKIPPED,,,,,0,radar_block,reason=momentum_too_small conf=0.0 mom_sig=0.00001181 raw_mom_bps=0.00000000 spread_bps=1.51010000 tension=0.00001181 bid_drop=0.00007678 ask_drop=0.00000000 swarm=0
2026-07-30T22:49:44Z,243,SKIP,SKIPPED,,,,,0,radar_block,reason=momentum_too_small conf=0.317 mom_sig=0.00000000 raw_mom_bps=0.00000000 spread_bps=1.51010000 tension=0.00000000 bid_drop=0.00000000 ask_drop=0.00000000 swarm=0
2026-07-30T22:49:52Z,244,SKIP,SKIPPED,,,,,0,radar_block,reason=momentum_too_small conf=0.0 mom_sig=0.00000266 raw_mom_bps=0.00000000 spread_bps=1.51010000 tension=0.00000266 bid_drop=0.00001729 ask_drop=0.00000000 swarm=0
2026-07-30T22:50:00Z,245,SKIP,SKIPPED,,,,,0,radar_block,reason=momentum_too_small conf=0.0 mom_sig=0.00000332 raw_mom_bps=0.00000000 spread_bps=2.00310000 tension=0.00000332 bid_drop=0.00002161 ask_drop=0.00000000 swarm=0
2026-07-30T22:50:10Z,246,SKIP,SKIPPED,,,,,0,radar_block,reason=momentum_too_small conf=0.0 mom_sig=0.00000571 raw_mom_bps=0.00000000 spread_bps=2.00310000 tension=0.00000571 bid_drop=0.00003711 ask_drop=0.00000000 swarm=0
2026-07-30T22:50:18Z,247,SKIP,SKIPPED,,,,,0,radar_block,reason=momentum_too_small conf=0.0 mom_sig=0.00001818 raw_mom_bps=0.00000000 spread_bps=2.00310000 tension=0.00001818 bid_drop=0.00011814 ask_drop=0.00000000 swarm=0
2026-07-30T22:50:27Z,248,SKIP,SKIPPED,,,,,0,radar_block,reason=momentum_too_small conf=0.3045 mom_sig=0.00000000 raw_mom_bps=0.00000000 spread_bps=2.08010000 tension=0.00000000 bid_drop=0.00000000 ask_drop=0.00000000 swarm=0
2026-07-30T22:50:36Z,249,SKIP,SKIPPED,,,,,0,tension_stale,reason=nuage_age_ms=834 thresh=800
2026-07-30T22:50:44Z,250,SKIP,SKIPPED,,,,,0,radar_block,reason=momentum_too_small conf=0.0 mom_sig=0.00000819 raw_mom_bps=0.00000000 spread_bps=2.20340000 tension=0.00000819 bid_drop=0.00005325 ask_drop=0.00004160 swarm=0
2026-07-30T22:50:57Z,251,SKIP,SKIPPED,,,,,0,radar_block,reason=momentum_too_small conf=0.0 mom_sig=0.00001360 raw_mom_bps=0.00000000 spread_bps=2.20340000 tension=0.00001360 bid_drop=0.00001894 ask_drop=0.00008840 swarm=0
2026-07-30T22:51:06Z,252,SKIP,SKIPPED,,,,,0,radar_block,reason=direction_unclear conf=0.2524 mom_sig=0.17583283 raw_mom_bps=0.00000000 spread_bps=2.21880000 tension=0.17583283 bid_drop=1.14291337 ask_drop=0.00000000 swarm=0
2026-07-30T22:51:14Z,253,SKIP,SKIPPED,,,,,0,radar_block,reason=momentum_too_small conf=0.0054 mom_sig=0.00373709 raw_mom_bps=0.00000000 spread_bps=2.24960000 tension=0.00373709 bid_drop=0.02429107 ask_drop=0.00000000 swarm=0
2026-07-30T22:51:22Z,254,SKIP,SKIPPED,,,,,0,radar_block,reason=momentum_too_small conf=0.0 mom_sig=0.00002143 raw_mom_bps=0.00000000 spread_bps=2.46530000 tension=0.00002143 bid_drop=0.00013929 ask_drop=0.00004160 swarm=0
2026-07-30T22:51:32Z,255,SKIP,SKIPPED,,,,,0,radar_block,reason=momentum_too_small conf=0.2961 mom_sig=0.00000000 raw_mom_bps=0.00000000 spread_bps=2.46530000 tension=0.00000000 bid_drop=0.00000000 ask_drop=0.00000000 swarm=0
2026-07-30T22:51:40Z,256,SKIP,SKIPPED,,,,,0,radar_block,reason=momentum_too_small conf=0.2961 mom_sig=0.00000000 raw_mom_bps=0.00000000 spread_bps=2.46530000 tension=0.00000000 bid_drop=0.00000000 ask_drop=0.00000000 swarm=0
2026-07-30T22:51:49Z,257,SKIP,SKIPPED,,,,,0,impulse_resonance_wait,reason=wall_not_collapsed tension=0.31281816 bid_drop=2.03331803 ask_drop=0.00000000
2026-07-30T22:51:57Z,258,SKIP,SKIPPED,,,,,0,radar_block,reason=momentum_too_small conf=0.2961 mom_sig=0.00000000 raw_mom_bps=0.00000000 spread_bps=2.46530000 tension=0.00000000 bid_drop=0.00000000 ask_drop=0.00000000 swarm=0
2026-07-30T22:52:07Z,259,SKIP,SKIPPED,,,,,0,radar_block,reason=momentum_too_small conf=0.0001 mom_sig=0.00004237 raw_mom_bps=0.00000000 spread_bps=2.46530000 tension=0.00004237 bid_drop=0.00027538 ask_drop=0.00000000 swarm=0
2026-07-30T22:52:16Z,260,SKIP,SKIPPED,,,,,0,impulse_resonance_wait,reason=wall_not_collapsed tension=0.77188273 bid_drop=5.01723777 ask_drop=0.00000000
2026-07-30T22:52:24Z,261,SKIP,SKIPPED,,,,,0,radar_block,reason=momentum_too_small conf=0.0001 mom_sig=0.00006183 raw_mom_bps=0.00000000 spread_bps=0.33910000 tension=0.00006183 bid_drop=0.00005530 ask_drop=0.00040190 swarm=0
2026-07-30T22:52:33Z,262,SKIP,SKIPPED,,,,,0,impulse_resonance_wait,reason=wall_not_collapsed tension=0.84712379 bid_drop=5.50630465 ask_drop=0.00000000
2026-07-30T22:52:41Z,263,SKIP,SKIPPED,,,,,0,impulse_resonance_wait,reason=wall_not_collapsed tension=0.50219002 bid_drop=3.26423511 ask_drop=0.00000000
2026-07-30T22:52:49Z,264,SKIP,SKIPPED,,,,,0,radar_block,reason=momentum_too_small conf=0.3416 mom_sig=0.00000000 raw_mom_bps=0.00000000 spread_bps=0.38530000 tension=0.00000000 bid_drop=0.00000000 ask_drop=0.00000000 swarm=1
2026-07-30T22:52:58Z,265,SKIP,SKIPPED,,,,,0,radar_block,reason=momentum_too_small conf=0.3416 mom_sig=0.00000000 raw_mom_bps=0.00000000 spread_bps=0.38530000 tension=0.00000000 bid_drop=0.00000000 ask_drop=0.00000000 swarm=0
2026-07-30T22:53:07Z,266,SKIP,SKIPPED,,,,,0,radar_block,reason=momentum_too_small conf=0.3416 mom_sig=0.00000000 raw_mom_bps=0.00000000 spread_bps=0.38530000 tension=0.00000000 bid_drop=0.00000000 ask_drop=0.00000000 swarm=0
2026-07-30T22:53:15Z,267,SKIP,SKIPPED,,,,,0,impulse_resonance_wait,reason=wall_not_collapsed tension=0.78734030 bid_drop=5.11771193 ask_drop=0.00000000
2026-07-30T22:53:24Z,268,SKIP,SKIPPED,,,,,0,radar_block,reason=momentum_too_small conf=0.0002 mom_sig=0.00009717 raw_mom_bps=0.00000000 spread_bps=0.38530000 tension=0.00009717 bid_drop=0.00000000 ask_drop=0.00063158 swarm=0
2026-07-30T22:53:35Z,269,SKIP,SKIPPED,,,,,0,impulse_resonance_wait,reason=wall_not_collapsed tension=0.24264542 bid_drop=1.57719523 ask_drop=0.00085543
2026-07-30T22:53:43Z,270,SKIP,SKIPPED,,,,,0,radar_block,reason=momentum_too_small conf=0.2947 mom_sig=0.00000000 raw_mom_bps=0.00000000 spread_bps=2.52700000 tension=0.00000000 bid_drop=0.00000000 ask_drop=0.00000000 swarm=0
2026-07-30T22:53:51Z,271,SKIP,SKIPPED,,,,,0,impulse_resonance_wait,reason=wall_not_collapsed tension=0.87080138 bid_drop=5.66020894 ask_drop=0.00033691
2026-07-30T22:53:59Z,272,SKIP,SKIPPED,,,,,0,radar_block,reason=momentum_too_small conf=0.0001 mom_sig=0.00003964 raw_mom_bps=0.00000000 spread_bps=2.54240000 tension=0.00003964 bid_drop=0.00000000 ask_drop=0.00025765 swarm=0
2026-07-30T22:54:08Z,273,SKIP,SKIPPED,,,,,0,impulse_resonance_wait,reason=wall_not_collapsed tension=0.76836617 bid_drop=4.99438011 ask_drop=0.00000000
2026-07-30T22:54:16Z,274,SKIP,SKIPPED,,,,,0,radar_block,reason=direction_unclear conf=0.1815 mom_sig=0.12944443 raw_mom_bps=-0.01541219 spread_bps=2.54240000 tension=0.12944443 bid_drop=0.84138878 ask_drop=0.00000000 swarm=0
2026-07-30T22:54:29Z,275,SKIP,SKIPPED,,,,,0,radar_block,reason=momentum_too_small conf=0.2947 mom_sig=0.00000000 raw_mom_bps=0.00000000 spread_bps=2.52700000 tension=0.00000000 bid_drop=0.00000000 ask_drop=0.00000000 swarm=0
2026-07-30T22:54:37Z,276,SKIP,SKIPPED,,,,,0,radar_block,reason=momentum_too_small conf=0.0 mom_sig=0.00001091 raw_mom_bps=0.00000000 spread_bps=2.52700000 tension=0.00001091 bid_drop=0.00007092 ask_drop=0.00000000 swarm=0
2026-07-30T22:54:47Z,277,SKIP,SKIPPED,,,,,0,duo_wait,reason=no_trigger mode=none
2026-07-30T22:54:56Z,278,SKIP,SKIPPED,,,,,0,impulse_resonance_wait,reason=wall_not_collapsed tension=0.67188642 bid_drop=4.36726176 ask_drop=0.00000000
2026-07-30T22:55:05Z,279,SKIP,SKIPPED,,,,,0,duo_wait,reason=no_trigger mode=none
2026-07-30T22:55:13Z,280,SKIP,SKIPPED,,,,,0,impulse_resonance_wait,reason=wall_not_collapsed tension=0.21481137 bid_drop=1.39627389 ask_drop=0.00000000
2026-07-30T22:55:23Z,281,SKIP,SKIPPED,,,,,0,radar_block,reason=momentum_too_small conf=0.2944 mom_sig=0.00000000 raw_mom_bps=0.00000000 spread_bps=2.54240000 tension=0.00000000 bid_drop=0.00000000 ask_drop=0.00000000 swarm=1
2026-07-30T22:55:31Z,282,SKIP,SKIPPED,,,,,0,impulse_resonance_wait,reason=wall_not_collapsed tension=0.40820561 bid_drop=2.65333648 ask_drop=0.00000000
2026-07-30T22:55:40Z,283,SKIP,SKIPPED,,,,,0,radar_block,reason=momentum_too_small conf=0.0 mom_sig=0.00001346 raw_mom_bps=0.00000000 spread_bps=2.54240000 tension=0.00001346 bid_drop=0.00008749 ask_drop=0.00000000 swarm=0
2026-07-30T22:55:51Z,284,SKIP,SKIPPED,,,,,0,impulse_resonance_wait,reason=wall_not_collapsed tension=0.81694932 bid_drop=5.31017060 ask_drop=0.00000000
2026-07-30T22:56:05Z,285,SKIP,SKIPPED,,,,,0,duo_wait,reason=no_trigger mode=none
2026-07-30T22:56:13Z,286,SKIP,SKIPPED,,,,,0,radar_block,reason=direction_unclear conf=0.0357 mom_sig=0.02187417 raw_mom_bps=0.00000000 spread_bps=0.33920000 tension=0.02187417 bid_drop=0.00000000 ask_drop=0.14218208 swarm=0
2026-07-30T22:56:22Z,287,SKIP,SKIPPED,,,,,0,impulse_resonance_wait,reason=wall_not_collapsed tension=0.64891763 bid_drop=4.21796460 ask_drop=0.00000000
2026-07-30T22:56:30Z,288,SKIP,SKIPPED,,,,,0,radar_block,reason=momentum_too_small conf=0.3497 mom_sig=0.00000000 raw_mom_bps=0.00000000 spread_bps=0.01540000 tension=0.00000000 bid_drop=0.00000000 ask_drop=0.00000000 swarm=0
2026-07-30T22:56:40Z,289,SKIP,SKIPPED,,,,,0,radar_block,reason=momentum_too_small conf=0.0002 mom_sig=0.00014640 raw_mom_bps=-0.20048827 spread_bps=0.06170000 tension=0.00014640 bid_drop=0.00000000 ask_drop=0.00095160 swarm=0
2026-07-30T22:56:48Z,290,SKIP,SKIPPED,,,,,0,radar_block,reason=momentum_too_small conf=0.3487 mom_sig=0.00000000 raw_mom_bps=0.00000000 spread_bps=0.06170000 tension=0.00000000 bid_drop=0.00000000 ask_drop=0.00000000 swarm=0
2026-07-30T22:56:56Z,291,SKIP,SKIPPED,,,,,0,radar_block,reason=momentum_too_small conf=0.3487 mom_sig=0.00000000 raw_mom_bps=0.00000000 spread_bps=0.06170000 tension=0.00000000 bid_drop=0.00000000 ask_drop=0.00000000 swarm=0
2026-07-30T22:57:05Z,292,SKIP,SKIPPED,,,,,0,radar_block,reason=momentum_too_small conf=0.0 mom_sig=0.00002170 raw_mom_bps=0.00000000 spread_bps=0.06170000 tension=0.00002170 bid_drop=0.00000000 ask_drop=0.00014108 swarm=0
2026-07-30T22:57:13Z,293,SKIP,SKIPPED,,,,,0,radar_block,reason=momentum_too_small conf=0.0 mom_sig=0.00001302 raw_mom_bps=0.00000000 spread_bps=0.06170000 tension=0.00001302 bid_drop=0.00001469 ask_drop=0.00008465 swarm=0
2026-07-30T22:57:26Z,294,SKIP,SKIPPED,,,,,0,impulse_resonance_wait,reason=wall_not_collapsed tension=0.64369303 bid_drop=4.18400467 ask_drop=0.00000000
2026-07-30T22:57:35Z,295,SKIP,SKIPPED,,,,,0,impulse_resonance_wait,reason=wall_not_collapsed tension=0.22715640 bid_drop=1.47651663 ask_drop=0.00000000
2026-07-30T22:57:43Z,296,SKIP,SKIPPED,,,,,0,radar_block,reason=momentum_too_small conf=0.346 mom_sig=0.00000000 raw_mom_bps=0.00000000 spread_bps=0.18510000 tension=0.00000000 bid_drop=0.00000000 ask_drop=0.00000000 swarm=0
2026-07-30T22:57:52Z,297,SKIP,SKIPPED,,,,,0,impulse_resonance_wait,reason=wall_not_collapsed tension=0.83811154 bid_drop=5.44772504 ask_drop=0.00162715
2026-07-30T22:58:00Z,298,SKIP,SKIPPED,,,,,0,impulse_resonance_wait,reason=wall_not_collapsed tension=0.70617507 bid_drop=4.59013794 ask_drop=0.00000000
2026-07-30T22:58:09Z,299,SKIP,SKIPPED,,,,,0,duo_wait,reason=no_trigger mode=none
2026-07-30T22:58:22Z,300,SKIP,SKIPPED,,,,,0,radar_block,reason=momentum_too_small conf=0.3443 mom_sig=0.00000000 raw_mom_bps=0.00000000 spread_bps=0.26220000 tension=0.00000000 bid_drop=0.00000000 ask_drop=0.00000000 swarm=0
2026-07-30T22:58:36Z,301,SKIP,SKIPPED,,,,,0,radar_block,reason=momentum_too_small conf=0.3443 mom_sig=0.00000000 raw_mom_bps=0.00000000 spread_bps=0.26220000 tension=0.00000000 bid_drop=0.00000000 ask_drop=0.00000000 swarm=0
2026-07-30T22:58:44Z,302,SKIP,SKIPPED,,,,,0,impulse_resonance_wait,reason=wall_not_collapsed tension=0.98344124 bid_drop=6.39236804 ask_drop=0.00000000
2026-07-30T22:58:53Z,303,SKIP,SKIPPED,,,,,0,radar_block,reason=momentum_too_small conf=0.3443 mom_sig=0.00000000 raw_mom_bps=0.00000000 spread_bps=0.26220000 tension=0.00000000 bid_drop=0.00000000 ask_drop=0.00000000 swarm=0
2026-07-30T22:59:02Z,304,SKIP,SKIPPED,,,,,0,impulse_resonance_wait,reason=wall_not_collapsed tension=0.84823648 bid_drop=5.51353713 ask_drop=0.00007724
2026-07-30T22:59:10Z,305,SKIP,SKIPPED,,,,,0,radar_block,reason=momentum_too_small conf=0.0 mom_sig=0.00000721 raw_mom_bps=0.00000000 spread_bps=0.26220000 tension=0.00000721 bid_drop=0.00004689 ask_drop=0.00000000 swarm=0
2026-07-30T22:59:18Z,306,SKIP,SKIPPED,,,,,0,radar_block,reason=momentum_too_small conf=0.0003 mom_sig=0.00017838 raw_mom_bps=0.00000000 spread_bps=0.26220000 tension=0.00017838 bid_drop=0.00009791 ask_drop=0.00115948 swarm=0
2026-07-30T22:59:27Z,307,SKIP,SKIPPED,,,,,0,radar_block,reason=momentum_too_small conf=0.0019 mom_sig=0.00115058 raw_mom_bps=0.00000000 spread_bps=0.26220000 tension=0.00115058 bid_drop=0.00000000 ask_drop=0.00747880 swarm=0
2026-07-30T22:59:41Z,308,SKIP,SKIPPED,,,,,0,duo_wait,reason=no_trigger mode=none
2026-07-30T23:00:00Z,309,SKIP,SKIPPED,,,,,0,radar_block,reason=momentum_too_small conf=0.3443 mom_sig=0.00000000 raw_mom_bps=-0.26218545 spread_bps=0.26220000 tension=0.00000000 bid_drop=0.00000000 ask_drop=0.00000000 swarm=0
2026-07-30T23:00:08Z,310,SKIP,SKIPPED,,,,,0,radar_block,reason=momentum_too_small conf=0.0001 mom_sig=0.00008265 raw_mom_bps=0.00000000 spread_bps=0.26220000 tension=0.00008265 bid_drop=0.00053721 ask_drop=0.00000000 swarm=0
2026-07-30T23:00:16Z,311,SKIP,SKIPPED,,,,,0,radar_block,reason=momentum_too_small conf=0.3443 mom_sig=0.00000000 raw_mom_bps=0.00000000 spread_bps=0.26220000 tension=0.00000000 bid_drop=0.00000000 ask_drop=0.00000000 swarm=0
2026-07-30T23:00:25Z,312,SKIP,SKIPPED,,,,,0,radar_block,reason=momentum_too_small conf=0.0037 mom_sig=0.00224552 raw_mom_bps=0.00000000 spread_bps=0.26220000 tension=0.00224552 bid_drop=0.01459586 ask_drop=0.00071508 swarm=1
2026-07-30T23:00:34Z,313,SKIP,SKIPPED,,,,,0,radar_block,reason=momentum_too_small conf=0.0002 mom_sig=0.00010321 raw_mom_bps=0.00000000 spread_bps=0.26220000 tension=0.00010321 bid_drop=0.00067085 ask_drop=0.00000000 swarm=1
2026-07-30T23:00:42Z,314,SKIP,SKIPPED,,,,,0,radar_block,reason=momentum_too_small conf=0.0001 mom_sig=0.00005204 raw_mom_bps=0.00000000 spread_bps=0.26220000 tension=0.00005204 bid_drop=0.00000000 ask_drop=0.00033825 swarm=0
2026-07-30T23:00:56Z,315,SKIP,SKIPPED,,,,,0,radar_block,reason=momentum_too_small conf=0.0003 mom_sig=0.00019325 raw_mom_bps=0.00000000 spread_bps=0.33930000 tension=0.00019325 bid_drop=0.00125611 ask_drop=0.00008698 swarm=0
2026-07-30T23:01:07Z,316,SKIP,SKIPPED,,,,,0,duo_wait,reason=no_trigger mode=none
2026-07-30T23:01:16Z,317,SKIP,SKIPPED,,,,,0,radar_block,reason=momentum_too_small conf=0.0002 mom_sig=0.00016358 raw_mom_bps=0.00000000 spread_bps=1.41890000 tension=0.00016358 bid_drop=0.00026402 ask_drop=0.00106329 swarm=1
2026-07-30T23:01:30Z,318,SKIP,SKIPPED,,,,,0,radar_block,reason=momentum_too_small conf=0.0001 mom_sig=0.00004062 raw_mom_bps=0.00000000 spread_bps=1.41890000 tension=0.00004062 bid_drop=0.00026403 ask_drop=0.00000000 swarm=0
2026-07-30T23:01:38Z,319,SKIP,SKIPPED,,,,,0,radar_block,reason=momentum_too_small conf=0.0 mom_sig=0.00002621 raw_mom_bps=1.41908734 spread_bps=1.41890000 tension=0.00002621 bid_drop=0.00017034 ask_drop=0.00000000 swarm=0
2026-07-30T23:01:47Z,320,SKIP,SKIPPED,,,,,0,tactic_mismatch,mom=long structure=short
2026-07-30T23:01:56Z,321,SKIP,SKIPPED,,,,,0,radar_block,reason=momentum_too_small conf=0.319 mom_sig=0.00000000 raw_mom_bps=0.00000000 spread_bps=1.41890000 tension=0.00000000 bid_drop=0.00000000 ask_drop=0.00000000 swarm=0
2026-07-30T23:02:04Z,322,SKIP,SKIPPED,,,,,0,radar_block,reason=momentum_too_small conf=0.0003 mom_sig=0.00021425 raw_mom_bps=1.41908734 spread_bps=1.41890000 tension=0.00021425 bid_drop=0.00139260 ask_drop=0.00035769 swarm=0
2026-07-30T23:02:12Z,323,SKIP,SKIPPED,,,,,0,radar_block,reason=momentum_too_small conf=0.0002 mom_sig=0.00015765 raw_mom_bps=0.00000000 spread_bps=1.41890000 tension=0.00015765 bid_drop=0.00000000 ask_drop=0.00102475 swarm=0
2026-07-30T23:02:26Z,324,SKIP,SKIPPED,,,,,0,radar_block,reason=momentum_too_small conf=0.0 mom_sig=0.00000779 raw_mom_bps=0.00000000 spread_bps=1.41890000 tension=0.00000779 bid_drop=0.00005064 ask_drop=0.00000000 swarm=0
2026-07-30T23:02:35Z,325,SKIP,SKIPPED,,,,,0,radar_block,reason=momentum_too_small conf=0.0007 mom_sig=0.00048482 raw_mom_bps=0.00000000 spread_bps=1.41890000 tension=0.00048482 bid_drop=0.00000000 ask_drop=0.00315130 swarm=0
2026-07-30T23:02:44Z,326,SKIP,SKIPPED,,,,,0,radar_block,reason=direction_unclear conf=0.1231 mom_sig=0.07750238 raw_mom_bps=0.00000000 spread_bps=0.75580000 tension=0.07750238 bid_drop=0.00068960 ask_drop=0.50376550 swarm=0
2026-07-30T23:02:54Z,327,SKIP,SKIPPED,,,,,0,radar_block,reason=momentum_too_small conf=0.0 mom_sig=0.00001848 raw_mom_bps=0.00000000 spread_bps=0.74030000 tension=0.00001848 bid_drop=0.00005061 ask_drop=0.00012015 swarm=0
2026-07-30T23:03:07Z,328,SKIP,SKIPPED,,,,,0,impulse_resonance_wait,reason=wall_not_collapsed tension=0.26465705 bid_drop=1.72027083 ask_drop=0.00000000
2026-07-30T23:03:15Z,329,SKIP,SKIPPED,,,,,0,impulse_resonance_wait,reason=wall_not_collapsed tension=0.57455211 bid_drop=3.73458870 ask_drop=0.00000000
2026-07-30T23:03:23Z,330,SKIP,SKIPPED,,,,,0,radar_block,reason=momentum_too_small conf=0.326 mom_sig=0.00000000 raw_mom_bps=0.00000000 spread_bps=1.09510000 tension=0.00000000 bid_drop=0.00000000 ask_drop=0.00000000 swarm=0
2026-07-30T23:03:32Z,331,SKIP,SKIPPED,,,,,0,duo_wait,reason=no_trigger mode=none
2026-07-30T23:03:41Z,332,SKIP,SKIPPED,,,,,0,radar_block,reason=momentum_too_small conf=0.3132 mom_sig=0.00000000 raw_mom_bps=-0.03084677 spread_bps=1.68110000 tension=0.00000000 bid_drop=0.00000000 ask_drop=0.00000000 swarm=1
2026-07-30T23:03:50Z,333,SKIP,SKIPPED,,,,,0,radar_block,reason=momentum_too_small conf=0.3132 mom_sig=0.00000000 raw_mom_bps=0.00000000 spread_bps=1.68110000 tension=0.00000000 bid_drop=0.00000000 ask_drop=0.00000000 swarm=1
2026-07-30T23:03:58Z,334,SKIP,SKIPPED,,,,,0,radar_block,reason=momentum_too_small conf=0.0 mom_sig=0.00002340 raw_mom_bps=0.00000000 spread_bps=1.68110000 tension=0.00002340 bid_drop=0.00000000 ask_drop=0.00015211 swarm=0
2026-07-30T23:04:08Z,335,SKIP,SKIPPED,,,,,0,radar_block,reason=momentum_too_small conf=0.0001 mom_sig=0.00004257 raw_mom_bps=1.68135409 spread_bps=1.68110000 tension=0.00004257 bid_drop=0.00000000 ask_drop=0.00027668 swarm=0
2026-07-30T23:04:16Z,336,SKIP,SKIPPED,,,,,0,radar_block,reason=momentum_too_small conf=0.3132 mom_sig=0.00000000 raw_mom_bps=0.00000000 spread_bps=1.68110000 tension=0.00000000 bid_drop=0.00000000 ask_drop=0.00000000 swarm=0
2026-07-30T23:04:24Z,337,SKIP,SKIPPED,,,,,0,radar_block,reason=momentum_too_small conf=0.0001 mom_sig=0.00004450 raw_mom_bps=0.00000000 spread_bps=1.38810000 tension=0.00004450 bid_drop=0.00000000 ask_drop=0.00028924 swarm=0
2026-07-30T23:04:32Z,338,SKIP,SKIPPED,,,,,0,radar_block,reason=momentum_too_small conf=0.3196 mom_sig=0.00000000 raw_mom_bps=0.00000000 spread_bps=1.38810000 tension=0.00000000 bid_drop=0.00000000 ask_drop=0.00000000 swarm=0
2026-07-30T23:04:41Z,339,SKIP,SKIPPED,,,,,0,radar_block,reason=momentum_too_small conf=0.3196 mom_sig=0.00000000 raw_mom_bps=0.00000000 spread_bps=1.38810000 tension=0.00000000 bid_drop=0.00000000 ask_drop=0.00000000 swarm=0
2026-07-30T23:04:50Z,340,SKIP,SKIPPED,,,,,0,tension_stale,reason=nuage_age_ms=1800 thresh=800
2026-07-30T23:04:59Z,341,SKIP,SKIPPED,,,,,0,radar_block,reason=momentum_too_small conf=0.3196 mom_sig=0.00000000 raw_mom_bps=0.00000000 spread_bps=1.38810000 tension=0.00000000 bid_drop=0.00000000 ask_drop=0.00000000 swarm=0
2026-07-30T23:05:07Z,342,SKIP,SKIPPED,,,,,0,radar_block,reason=direction_unclear conf=0.2777 mom_sig=0.18242529 raw_mom_bps=0.00000000 spread_bps=1.38810000 tension=0.18242529 bid_drop=0.00000000 ask_drop=1.18576436 swarm=0
2026-07-30T23:05:16Z,343,SKIP,SKIPPED,,,,,0,radar_block,reason=momentum_too_small conf=0.3409 mom_sig=0.00000000 raw_mom_bps=0.00000000 spread_bps=0.41640000 tension=0.00000000 bid_drop=0.00000000 ask_drop=0.00000000 swarm=0
2026-07-30T23:05:25Z,344,SKIP,SKIPPED,,,,,0,impulse_resonance_wait,reason=wall_not_collapsed tension=0.33328019 bid_drop=0.00000000 ask_drop=2.16632125
2026-07-30T23:05:33Z,345,SKIP,SKIPPED,,,,,0,radar_block,reason=momentum_too_small conf=0.3399 mom_sig=0.00000000 raw_mom_bps=0.00000000 spread_bps=0.46270000 tension=0.00000000 bid_drop=0.00000000 ask_drop=0.00000000 swarm=0
2026-07-30T23:05:41Z,346,SKIP,SKIPPED,,,,,0,radar_block,reason=momentum_too_small conf=0.0 mom_sig=0.00001825 raw_mom_bps=0.00000000 spread_bps=0.58610000 tension=0.00001825 bid_drop=0.00011862 ask_drop=0.00008371 swarm=0
2026-07-30T23:05:49Z,347,SKIP,SKIPPED,,,,,0,radar_block,reason=momentum_too_small conf=0.0 mom_sig=0.00001156 raw_mom_bps=0.00000000 spread_bps=0.58610000 tension=0.00001156 bid_drop=0.00000000 ask_drop=0.00007512 swarm=0
2026-07-30T23:05:58Z,348,SKIP,SKIPPED,,,,,0,radar_block,reason=momentum_too_small conf=0.3368 mom_sig=0.00000000 raw_mom_bps=0.00000000 spread_bps=0.60150000 tension=0.00000000 bid_drop=0.00000000 ask_drop=0.00000000 swarm=0
2026-07-30T23:06:06Z,349,SKIP,SKIPPED,,,,,0,radar_block,reason=momentum_too_small conf=0.0005 mom_sig=0.00030417 raw_mom_bps=0.01542284 spread_bps=0.61690000 tension=0.00030417 bid_drop=0.00197708 ask_drop=0.00021590 swarm=0
2026-07-30T23:06:14Z,350,SKIP,SKIPPED,,,,,0,radar_block,reason=momentum_too_small conf=0.0 mom_sig=0.00001824 raw_mom_bps=0.00000000 spread_bps=1.55770000 tension=0.00001824 bid_drop=0.00000000 ask_drop=0.00011859 swarm=0
2026-07-30T23:06:22Z,351,SKIP,SKIPPED,,,,,0,impulse_resonance_wait,reason=wall_not_collapsed tension=0.64449877 bid_drop=0.00003960 ask_drop=4.18924203
2026-07-30T23:06:31Z,352,SKIP,SKIPPED,,,,,0,impulse_resonance_wait,reason=wall_not_collapsed tension=0.37797810 bid_drop=0.00042570 ask_drop=2.45685763
2026-07-30T23:06:39Z,353,SKIP,SKIPPED,,,,,0,radar_block,reason=momentum_too_small conf=0.0003 mom_sig=0.00018326 raw_mom_bps=0.00000000 spread_bps=0.12340000 tension=0.00018326 bid_drop=0.00026729 ask_drop=0.00119118 swarm=0
2026-07-30T23:06:48Z,354,SKIP,SKIPPED,,,,,0,radar_block,reason=momentum_too_small conf=0.0 mom_sig=0.00001693 raw_mom_bps=0.00000000 spread_bps=0.12340000 tension=0.00001693 bid_drop=0.00000000 ask_drop=0.00011002 swarm=0
2026-07-30T23:06:57Z,355,SKIP,SKIPPED,,,,,0,radar_block,reason=momentum_too_small conf=0.0001 mom_sig=0.00008416 raw_mom_bps=0.00000000 spread_bps=0.12340000 tension=0.00008416 bid_drop=0.00000000 ask_drop=0.00054701 swarm=1
2026-07-30T23:07:06Z,356,SKIP,SKIPPED,,,,,0,duo_wait,reason=no_trigger mode=none
2026-07-30T23:07:14Z,357,SKIP,SKIPPED,,,,,0,radar_block,reason=momentum_too_small conf=0.3473 mom_sig=0.00000000 raw_mom_bps=0.00000000 spread_bps=0.12340000 tension=0.00000000 bid_drop=0.00000000 ask_drop=0.00000000 swarm=0
2026-07-30T23:07:23Z,358,SKIP,SKIPPED,,,,,0,radar_block,reason=momentum_too_small conf=0.0002 mom_sig=0.00009829 raw_mom_bps=0.00000000 spread_bps=0.12340000 tension=0.00009829 bid_drop=0.00000000 ask_drop=0.00063886 swarm=0
2026-07-30T23:07:31Z,359,SKIP,SKIPPED,,,,,0,radar_block,reason=momentum_too_small conf=0.0005 mom_sig=0.00028593 raw_mom_bps=0.00000000 spread_bps=0.12340000 tension=0.00028593 bid_drop=0.00000000 ask_drop=0.00185856 swarm=0
2026-07-30T23:07:41Z,360,SKIP,SKIPPED,,,,,0,radar_block,reason=momentum_too_small conf=0.0001 mom_sig=0.00006711 raw_mom_bps=0.00000000 spread_bps=0.12340000 tension=0.00006711 bid_drop=0.00000000 ask_drop=0.00043621 swarm=0
2026-07-30T23:07:49Z,361,SKIP,SKIPPED,,,,,0,radar_block,reason=momentum_too_small conf=0.0002 mom_sig=0.00009396 raw_mom_bps=0.00000000 spread_bps=0.12340000 tension=0.00009396 bid_drop=0.00025895 ask_drop=0.00061072 swarm=0
2026-07-30T23:07:58Z,362,SKIP,SKIPPED,,,,,0,radar_block,reason=momentum_too_small conf=0.0 mom_sig=0.00001532 raw_mom_bps=0.00000000 spread_bps=3.19200000 tension=0.00001532 bid_drop=0.00009960 ask_drop=0.00000000 swarm=0
2026-07-30T23:08:12Z,363,SKIP,SKIPPED,,,,,0,radar_block,reason=momentum_too_small conf=0.0001 mom_sig=0.00005133 raw_mom_bps=0.00000000 spread_bps=6.30380000 tension=0.00005133 bid_drop=0.00033366 ask_drop=0.00000000 swarm=1
2026-07-30T23:08:22Z,364,SKIP,SKIPPED,,,,,0,radar_block,reason=spread_too_wide conf=0.0 mom_sig=0.00000000 raw_mom_bps=0.00000000 spread_bps=8.07630000 tension=0.00000000 bid_drop=0.00000000 ask_drop=0.00000000 swarm=1
2026-07-30T23:08:30Z,365,SKIP,SKIPPED,,,,,0,radar_block,reason=spread_too_wide conf=0.0 mom_sig=0.00000000 raw_mom_bps=0.00000000 spread_bps=8.36890000 tension=0.00000000 bid_drop=0.00000000 ask_drop=0.00000000 swarm=0
2026-07-30T23:08:39Z,366,SKIP,SKIPPED,,,,,0,radar_block,reason=spread_too_wide conf=0.0 mom_sig=0.00000000 raw_mom_bps=0.00000000 spread_bps=8.36890000 tension=0.00000000 bid_drop=0.00000000 ask_drop=0.00000000 swarm=0
2026-07-30T23:08:48Z,367,SKIP,SKIPPED,,,,,0,radar_block,reason=spread_too_wide conf=0.0 mom_sig=0.00000000 raw_mom_bps=0.00000000 spread_bps=8.38430000 tension=0.00000000 bid_drop=0.00000000 ask_drop=0.00000000 swarm=0
2026-07-30T23:09:01Z,368,SKIP,SKIPPED,,,,,0,radar_block,reason=momentum_too_small conf=0.3497 mom_sig=0.00000000 raw_mom_bps=8.37591992 spread_bps=0.01540000 tension=0.00000000 bid_drop=0.00000000 ask_drop=0.00000000 swarm=0
2026-07-30T23:09:09Z,369,SKIP,SKIPPED,,,,,0,impulse_resonance_wait,reason=wall_not_collapsed tension=0.80907943 bid_drop=5.25901629 ask_drop=0.00095459
2026-07-30T23:09:17Z,370,SKIP,SKIPPED,,,,,0,radar_block,reason=momentum_too_small conf=0.347 mom_sig=0.00000000 raw_mom_bps=0.00000000 spread_bps=0.13870000 tension=0.00000000 bid_drop=0.00000000 ask_drop=0.00000000 swarm=0
2026-07-30T23:09:26Z,371,SKIP,SKIPPED,,,,,0,radar_block,reason=momentum_too_small conf=0.347 mom_sig=0.00000000 raw_mom_bps=0.00000000 spread_bps=0.13870000 tension=0.00000000 bid_drop=0.00000000 ask_drop=0.00000000 swarm=1
2026-07-30T23:09:35Z,372,SKIP,SKIPPED,,,,,0,radar_block,reason=momentum_too_small conf=0.0007 mom_sig=0.00042057 raw_mom_bps=0.00000000 spread_bps=0.13870000 tension=0.00042057 bid_drop=0.00273369 ask_drop=0.00000000 swarm=1
2026-07-30T23:09:43Z,373,SKIP,SKIPPED,,,,,0,radar_block,reason=momentum_too_small conf=0.0 mom_sig=0.00002833 raw_mom_bps=0.00000000 spread_bps=0.13870000 tension=0.00002833 bid_drop=0.00018414 ask_drop=0.00000000 swarm=0
2026-07-30T23:09:51Z,374,SKIP,SKIPPED,,,,,0,radar_block,reason=momentum_too_small conf=0.0001 mom_sig=0.00005231 raw_mom_bps=0.00000000 spread_bps=0.13870000 tension=0.00005231 bid_drop=0.00034000 ask_drop=0.00000000 swarm=0
2026-07-30T23:10:00Z,375,SKIP,SKIPPED,,,,,0,radar_block,reason=momentum_too_small conf=0.347 mom_sig=0.00000000 raw_mom_bps=0.00000000 spread_bps=0.13870000 tension=0.00000000 bid_drop=0.00000000 ask_drop=0.00000000 swarm=0
2026-07-30T23:10:09Z,376,SKIP,SKIPPED,,,,,0,duo_wait,reason=no_trigger mode=none
2026-07-30T23:10:18Z,377,SKIP,SKIPPED,,,,,0,impulse_resonance_wait,reason=wall_not_collapsed tension=0.81311885 bid_drop=5.28527251 ask_drop=0.00000000
2026-07-30T23:10:26Z,378,SKIP,SKIPPED,,,,,0,radar_block,reason=momentum_too_small conf=0.0 mom_sig=0.00000250 raw_mom_bps=0.00000000 spread_bps=1.26380000 tension=0.00000250 bid_drop=0.00000000 ask_drop=0.00001622 swarm=0
2026-07-30T23:10:35Z,379,SKIP,SKIPPED,,,,,0,impulse_resonance_wait,reason=wall_not_collapsed tension=0.24737570 bid_drop=1.60794206 ask_drop=0.00000000
2026-07-30T23:10:43Z,380,SKIP,SKIPPED,,,,,0,radar_block,reason=direction_unclear conf=0.2334 mom_sig=0.16367360 raw_mom_bps=0.00000000 spread_bps=2.31190000 tension=0.16367360 bid_drop=1.06387837 ask_drop=0.00000000 swarm=0
2026-07-30T23:10:51Z,381,SKIP,SKIPPED,,,,,0,radar_block,reason=momentum_too_small conf=0.2994 mom_sig=0.00000000 raw_mom_bps=0.00000000 spread_bps=2.31190000 tension=0.00000000 bid_drop=0.00000000 ask_drop=0.00000000 swarm=0
2026-07-30T23:11:00Z,382,SKIP,SKIPPED,,,,,0,duo_wait,reason=no_trigger mode=none
2026-07-30T23:11:08Z,383,SKIP,SKIPPED,,,,,0,radar_block,reason=momentum_too_small conf=0.0 mom_sig=0.00000565 raw_mom_bps=0.00000000 spread_bps=1.52590000 tension=0.00000565 bid_drop=0.00003674 ask_drop=0.00002027 swarm=0
2026-07-30T23:11:17Z,384,SKIP,SKIPPED,,,,,0,radar_block,reason=momentum_too_small conf=0.0 mom_sig=0.00001653 raw_mom_bps=0.00000000 spread_bps=0.78620000 tension=0.00001653 bid_drop=0.00000000 ask_drop=0.00010744 swarm=0
2026-07-30T23:11:25Z,385,SKIP,SKIPPED,,,,,0,radar_block,reason=momentum_too_small conf=0.0 mom_sig=0.00000250 raw_mom_bps=0.78621442 spread_bps=0.64740000 tension=0.00000250 bid_drop=0.00000000 ask_drop=0.00001622 swarm=0
2026-07-30T23:11:34Z,386,SKIP,SKIPPED,,,,,0,radar_block,reason=momentum_too_small conf=0.3035 mom_sig=0.00000000 raw_mom_bps=-0.53951650 spread_bps=2.12700000 tension=0.00000000 bid_drop=0.00000000 ask_drop=0.00000000 swarm=0
2026-07-30T23:11:43Z,387,SKIP,SKIPPED,,,,,0,radar_block,reason=momentum_too_small conf=0.0 mom_sig=0.00000223 raw_mom_bps=0.00000000 spread_bps=2.35810000 tension=0.00000223 bid_drop=0.00001450 ask_drop=0.00000000 swarm=0
2026-07-30T23:11:51Z,388,SKIP,SKIPPED,,,,,0,radar_block,reason=momentum_too_small conf=0.0011 mom_sig=0.00079113 raw_mom_bps=-2.35808708 spread_bps=2.41970000 tension=0.00079113 bid_drop=0.00514233 ask_drop=0.00000000 swarm=0
2026-07-30T23:11:59Z,389,SKIP,SKIPPED,,,,,0,radar_block,reason=momentum_too_small conf=0.2924 mom_sig=0.00000000 raw_mom_bps=0.06164924 spread_bps=2.63540000 tension=0.00000000 bid_drop=0.00000000 ask_drop=0.00000000 swarm=0
2026-07-30T23:12:08Z,390,SKIP,SKIPPED,,,,,0,radar_block,reason=direction_unclear conf=0.0111 mom_sig=0.13742718 raw_mom_bps=-0.03082367 spread_bps=2.68170000 tension=0.13742718 bid_drop=0.00000000 ask_drop=0.89327670 swarm=0
2026-07-30T23:12:17Z,391,SKIP,SKIPPED,,,,,0,radar_block,reason=momentum_too_small conf=0.2843 mom_sig=0.00000000 raw_mom_bps=0.12329449 spread_bps=3.00520000 tension=0.00000000 bid_drop=0.00000000 ask_drop=0.00000000 swarm=0
2026-07-30T23:12:26Z,392,SKIP,SKIPPED,,,,,0,duo_wait,reason=no_trigger mode=none
2026-07-30T23:12:34Z,393,SKIP,SKIPPED,,,,,0,radar_block,reason=momentum_too_small conf=0.0 mom_sig=0.00000150 raw_mom_bps=0.00000000 spread_bps=3.03600000 tension=0.00000150 bid_drop=0.00000000 ask_drop=0.00000978 swarm=0
2026-07-30T23:12:43Z,394,SKIP,SKIPPED,,,,,0,impulse_resonance_wait,reason=wall_not_collapsed tension=0.71358989 bid_drop=0.00000000 ask_drop=4.63833426
2026-07-30T23:12:51Z,395,SKIP,SKIPPED,,,,,0,impulse_resonance_wait,reason=wall_not_collapsed tension=0.48400220 bid_drop=0.00005078 ask_drop=3.14601431
2026-07-30T23:13:00Z,396,SKIP,SKIPPED,,,,,0,impulse_resonance_wait,reason=wall_not_collapsed tension=0.80518867 bid_drop=0.00000000 ask_drop=5.23372638
2026-07-30T23:13:09Z,397,SKIP,SKIPPED,,,,,0,duo_wait,reason=no_trigger mode=none
2026-07-30T23:13:18Z,398,SKIP,SKIPPED,,,,,0,duo_wait,reason=no_trigger mode=none
2026-07-30T23:13:27Z,399,SKIP,SKIPPED,,,,,0,radar_block,reason=momentum_too_small conf=0.0 mom_sig=0.00000184 raw_mom_bps=0.00000000 spread_bps=2.68170000 tension=0.00000184 bid_drop=0.00001197 ask_drop=0.00000000 swarm=0
2026-07-30T23:13:37Z,400,SKIP,SKIPPED,,,,,0,radar_block,reason=momentum_too_small conf=0.347 mom_sig=0.00000000 raw_mom_bps=0.00000000 spread_bps=0.13870000 tension=0.00000000 bid_drop=0.00000000 ask_drop=0.00000000 swarm=0
2026-07-30T23:13:47Z,401,SKIP,SKIPPED,,,,,0,radar_block,reason=momentum_too_small conf=0.0002 mom_sig=0.00014316 raw_mom_bps=0.00000000 spread_bps=0.01540000 tension=0.00014316 bid_drop=0.00000000 ask_drop=0.00093052 swarm=0
2026-07-30T23:13:55Z,402,SKIP,SKIPPED,,,,,0,duo_wait,reason=no_trigger mode=none
2026-07-30T23:14:04Z,403,SKIP,SKIPPED,,,,,0,radar_block,reason=momentum_too_small conf=0.0 mom_sig=0.00001266 raw_mom_bps=0.00000000 spread_bps=4.53020000 tension=0.00001266 bid_drop=0.00000000 ask_drop=0.00008231 swarm=0
2026-07-30T23:14:17Z,404,SKIP,SKIPPED,,,,,0,radar_block,reason=momentum_too_small conf=0.0002 mom_sig=0.00016183 raw_mom_bps=0.16949884 spread_bps=4.69970000 tension=0.00016183 bid_drop=0.00000000 ask_drop=0.00105190 swarm=0
2026-07-30T23:14:30Z,405,SKIP,SKIPPED,,,,,0,impulse_resonance_wait,reason=wall_not_collapsed tension=0.94338576 bid_drop=6.13200746 ask_drop=0.00000000
2026-07-30T23:14:41Z,406,SKIP,SKIPPED,,,,,0,radar_block,reason=momentum_too_small conf=0.0 mom_sig=0.00002135 raw_mom_bps=0.00000000 spread_bps=4.96150000 tension=0.00002135 bid_drop=0.00013879 ask_drop=0.00000000 swarm=0
2026-07-30T23:14:50Z,407,SKIP,SKIPPED,,,,,0,radar_block,reason=momentum_too_small conf=0.0 mom_sig=0.00000463 raw_mom_bps=4.96394205 spread_bps=4.96150000 tension=0.00000463 bid_drop=0.00000000 ask_drop=0.00003012 swarm=0
2026-07-30T23:14:58Z,408,SKIP,SKIPPED,,,,,0,radar_block,reason=momentum_too_small conf=0.0006 mom_sig=0.00049819 raw_mom_bps=0.00000000 spread_bps=4.97690000 tension=0.00049819 bid_drop=0.00000000 ask_drop=0.00323825 swarm=0
2026-07-30T23:15:06Z,409,SKIP,SKIPPED,,,,,0,impulse_resonance_wait,reason=wall_not_collapsed tension=0.89525854 bid_drop=0.00000000 ask_drop=5.81918051
2026-07-30T23:15:16Z,410,SKIP,SKIPPED,,,,,0,duo_wait,reason=no_trigger mode=none
2026-07-30T23:15:24Z,411,SKIP,SKIPPED,,,,,0,impulse_resonance_wait,reason=wall_not_collapsed tension=0.89899872 bid_drop=0.00004173 ask_drop=5.84349170
2026-07-30T23:15:39Z,412,SKIP,SKIPPED,,,,,0,impulse_resonance_wait,reason=wall_not_collapsed tension=0.81814915 bid_drop=0.00000000 ask_drop=5.31796946
2026-07-30T23:15:47Z,413,SKIP,SKIPPED,,,,,0,radar_block,reason=momentum_too_small conf=0.0014 mom_sig=0.00118576 raw_mom_bps=0.00000000 spread_bps=4.97690000 tension=0.00118576 bid_drop=0.00001452 ask_drop=0.00770745 swarm=0
2026-07-30T23:15:55Z,414,SKIP,SKIPPED,,,,,0,radar_block,reason=momentum_too_small conf=0.0 mom_sig=0.00001908 raw_mom_bps=-0.07704148 spread_bps=3.85210000 tension=0.00001908 bid_drop=0.00000000 ask_drop=0.00012400 swarm=0
2026-07-30T23:16:04Z,415,SKIP,SKIPPED,,,,,0,radar_block,reason=momentum_too_small conf=0.2657 mom_sig=0.00000000 raw_mom_bps=0.00000000 spread_bps=3.85210000 tension=0.00000000 bid_drop=0.00000000 ask_drop=0.00000000 swarm=0
2026-07-30T23:16:16Z,416,SKIP,SKIPPED,,,,,0,radar_block,reason=momentum_too_small conf=0.0009 mom_sig=0.00074993 raw_mom_bps=0.00000000 spread_bps=3.85210000 tension=0.00074993 bid_drop=0.00000000 ask_drop=0.00487452 swarm=1
2026-07-30T23:16:24Z,417,SKIP,SKIPPED,,,,,0,radar_block,reason=momentum_too_small conf=0.2411 mom_sig=0.00000000 raw_mom_bps=0.00000000 spread_bps=4.97690000 tension=0.00000000 bid_drop=0.00000000 ask_drop=0.00000000 swarm=1
2026-07-30T23:16:32Z,418,SKIP,SKIPPED,,,,,0,radar_block,reason=momentum_too_small conf=0.0 mom_sig=0.00000678 raw_mom_bps=0.00000000 spread_bps=3.85210000 tension=0.00000678 bid_drop=0.00000000 ask_drop=0.00004408 swarm=0
2026-07-30T23:16:41Z,419,SKIP,SKIPPED,,,,,0,radar_block,reason=momentum_too_small conf=0.0 mom_sig=0.00002341 raw_mom_bps=0.00000000 spread_bps=3.85210000 tension=0.00002341 bid_drop=0.00000000 ask_drop=0.00015214 swarm=0
2026-07-30T23:16:50Z,420,SKIP,SKIPPED,,,,,0,duo_wait,reason=no_trigger mode=none
2026-07-30T23:16:58Z,421,SKIP,SKIPPED,,,,,0,radar_block,reason=momentum_too_small conf=0.2657 mom_sig=0.00000000 raw_mom_bps=0.00000000 spread_bps=3.85210000 tension=0.00000000 bid_drop=0.00000000 ask_drop=0.00000000 swarm=0
2026-07-30T23:17:07Z,422,SKIP,SKIPPED,,,,,0,radar_block,reason=momentum_too_small conf=0.0001 mom_sig=0.00005802 raw_mom_bps=0.00000000 spread_bps=3.85210000 tension=0.00005802 bid_drop=0.00000000 ask_drop=0.00037716 swarm=0
2026-07-30T23:17:15Z,423,SKIP,SKIPPED,,,,,0,duo_wait,reason=no_trigger mode=none
2026-07-30T23:17:25Z,424,SKIP,SKIPPED,,,,,0,duo_wait,reason=no_trigger mode=none
2026-07-30T23:17:34Z,425,SKIP,SKIPPED,,,,,0,radar_block,reason=momentum_too_small conf=0.3052 mom_sig=0.00000000 raw_mom_bps=-0.01541065 spread_bps=2.04930000 tension=0.00000000 bid_drop=0.00000000 ask_drop=0.00000000 swarm=0
2026-07-30T23:17:42Z,426,SKIP,SKIPPED,,,,,0,radar_block,reason=momentum_too_small conf=0.3055 mom_sig=0.00000000 raw_mom_bps=0.00000000 spread_bps=2.03390000 tension=0.00000000 bid_drop=0.00000000 ask_drop=0.00000000 swarm=0
2026-07-30T23:17:50Z,427,SKIP,SKIPPED,,,,,0,radar_block,reason=momentum_too_small conf=0.0001 mom_sig=0.00006149 raw_mom_bps=0.00000000 spread_bps=2.04930000 tension=0.00006149 bid_drop=0.00000000 ask_drop=0.00039967 swarm=0
2026-07-30T23:17:58Z,428,SKIP,SKIPPED,,,,,0,radar_block,reason=momentum_too_small conf=0.0 mom_sig=0.00000769 raw_mom_bps=0.00000000 spread_bps=4.97690000 tension=0.00000769 bid_drop=0.00000000 ask_drop=0.00004996 swarm=0
2026-07-30T23:18:08Z,429,SKIP,SKIPPED,,,,,0,radar_block,reason=momentum_too_small conf=0.0 mom_sig=0.00000615 raw_mom_bps=0.00000000 spread_bps=4.97690000 tension=0.00000615 bid_drop=0.00001272 ask_drop=0.00003997 swarm=0
2026-07-30T23:18:16Z,430,SKIP,SKIPPED,,,,,0,radar_block,reason=momentum_too_small conf=0.2411 mom_sig=0.00000000 raw_mom_bps=-1.52550130 spread_bps=4.97690000 tension=0.00000000 bid_drop=0.00000000 ask_drop=0.00000000 swarm=0
2026-07-30T23:18:24Z,431,SKIP,SKIPPED,,,,,0,radar_block,reason=momentum_too_small conf=0.2411 mom_sig=0.00000000 raw_mom_bps=4.97935802 spread_bps=4.97690000 tension=0.00000000 bid_drop=0.00000000 ask_drop=0.00000000 swarm=0
2026-07-30T23:18:32Z,432,SKIP,SKIPPED,,,,,0,radar_block,reason=momentum_too_small conf=0.3476 mom_sig=0.00000000 raw_mom_bps=-0.01541143 spread_bps=0.10790000 tension=0.00000000 bid_drop=0.00000000 ask_drop=0.00000000 swarm=0
2026-07-30T23:18:41Z,433,SKIP,SKIPPED,,,,,0,radar_block,reason=momentum_too_small conf=0.0 mom_sig=0.00000906 raw_mom_bps=0.01540849 spread_bps=0.12330000 tension=0.00000906 bid_drop=0.00000000 ask_drop=0.00005888 swarm=0
2026-07-30T23:18:49Z,434,SKIP,SKIPPED,,,,,0,radar_block,reason=momentum_too_small conf=0.0 mom_sig=0.00001448 raw_mom_bps=0.00000000 spread_bps=0.12330000 tension=0.00001448 bid_drop=0.00000000 ask_drop=0.00009409 swarm=0
2026-07-30T23:18:57Z,435,SKIP,SKIPPED,,,,,0,radar_block,reason=momentum_too_small conf=0.0 mom_sig=0.00000196 raw_mom_bps=0.00000000 spread_bps=4.97690000 tension=0.00000196 bid_drop=0.00001272 ask_drop=0.00000000 swarm=0
2026-07-30T23:19:05Z,436,SKIP,SKIPPED,,,,,0,radar_block,reason=momentum_too_small conf=0.3497 mom_sig=0.00000000 raw_mom_bps=0.00000000 spread_bps=0.01540000 tension=0.00000000 bid_drop=0.00000000 ask_drop=0.00000000 swarm=0
2026-07-30T23:19:15Z,437,SKIP,SKIPPED,,,,,0,duo_wait,reason=no_trigger mode=none
2026-07-30T23:19:25Z,438,SKIP,SKIPPED,,,,,0,radar_block,reason=momentum_too_small conf=0.0001 mom_sig=0.00003235 raw_mom_bps=0.00000000 spread_bps=0.01540000 tension=0.00003235 bid_drop=0.00000000 ask_drop=0.00021025 swarm=1
2026-07-30T23:19:33Z,439,SKIP,SKIPPED,,,,,0,radar_block,reason=momentum_too_small conf=0.0001 mom_sig=0.00009167 raw_mom_bps=0.01540910 spread_bps=4.46860000 tension=0.00009167 bid_drop=0.00000000 ask_drop=0.00059583 swarm=1
2026-07-30T23:19:43Z,440,SKIP,SKIPPED,,,,,0,duo_wait,reason=no_trigger mode=none
2026-07-30T23:19:52Z,441,SKIP,SKIPPED,,,,,0,radar_block,reason=momentum_too_small conf=0.0 mom_sig=0.00002681 raw_mom_bps=0.01540910 spread_bps=4.46860000 tension=0.00002681 bid_drop=0.00000000 ask_drop=0.00017429 swarm=0
2026-07-30T23:20:00Z,442,SKIP,SKIPPED,,,,,0,radar_block,reason=momentum_too_small conf=0.2522 mom_sig=0.00000000 raw_mom_bps=0.00000000 spread_bps=4.46860000 tension=0.00000000 bid_drop=0.00000000 ask_drop=0.00000000 swarm=0
2026-07-30T23:20:09Z,443,SKIP,SKIPPED,,,,,0,radar_block,reason=momentum_too_small conf=0.0002 mom_sig=0.00015688 raw_mom_bps=0.00000000 spread_bps=2.28100000 tension=0.00015688 bid_drop=0.00000000 ask_drop=0.00101970 swarm=0
2026-07-30T23:20:20Z,444,SKIP,SKIPPED,,,,,0,duo_wait,reason=no_trigger mode=none
2026-07-30T23:20:33Z,445,SKIP,SKIPPED,,,,,0,radar_block,reason=momentum_too_small conf=0.346 mom_sig=0.00000000 raw_mom_bps=0.00000000 spread_bps=0.18500000 tension=0.00000000 bid_drop=0.00000000 ask_drop=0.00000000 swarm=0
2026-07-30T23:20:43Z,446,SKIP,SKIPPED,,,,,0,duo_wait,reason=no_trigger mode=none
2026-07-30T23:20:52Z,447,SKIP,SKIPPED,,,,,0,impulse_resonance_wait,reason=wall_not_collapsed tension=0.25862555 bid_drop=0.00000000 ask_drop=1.68106609
2026-07-30T23:21:01Z,448,SKIP,SKIPPED,,,,,0,radar_block,reason=momentum_too_small conf=0.3001 mom_sig=0.00000000 raw_mom_bps=0.00000000 spread_bps=2.28100000 tension=0.00000000 bid_drop=0.00000000 ask_drop=0.00000000 swarm=0
2026-07-30T23:21:09Z,449,SKIP,SKIPPED,,,,,0,radar_block,reason=momentum_too_small conf=0.2994 mom_sig=0.00000000 raw_mom_bps=0.00000000 spread_bps=2.31190000 tension=0.00000000 bid_drop=0.00000000 ask_drop=0.00000000 swarm=0
2026-07-30T23:21:17Z,450,SKIP,SKIPPED,,,,,0,radar_block,reason=momentum_too_small conf=0.0 mom_sig=0.00000220 raw_mom_bps=0.06164962 spread_bps=2.57380000 tension=0.00000220 bid_drop=0.00001433 ask_drop=0.00000000 swarm=0
2026-07-30T23:21:32Z,451,SKIP,SKIPPED,,,,,0,impulse_resonance_wait,reason=wall_not_collapsed tension=0.48590376 bid_drop=0.00000000 ask_drop=3.15837446
2026-07-30T23:21:40Z,452,SKIP,SKIPPED,,,,,0,radar_block,reason=momentum_too_small conf=0.0 mom_sig=0.00003319 raw_mom_bps=2.77487444 spread_bps=2.77410000 tension=0.00003319 bid_drop=0.00008283 ask_drop=0.00021572 swarm=0
2026-07-30T23:21:53Z,453,SKIP,SKIPPED,,,,,0,radar_block,reason=momentum_too_small conf=0.0002 mom_sig=0.00011503 raw_mom_bps=0.00000000 spread_bps=2.77410000 tension=0.00011503 bid_drop=0.00002548 ask_drop=0.00074768 swarm=0
2026-07-30T23:22:02Z,454,SKIP,SKIPPED,,,,,0,radar_block,reason=momentum_too_small conf=0.0 mom_sig=0.00001226 raw_mom_bps=-0.01541217 spread_bps=2.77410000 tension=0.00001226 bid_drop=0.00007967 ask_drop=0.00004372 swarm=0
2026-07-30T23:22:10Z,455,SKIP,SKIPPED,,,,,0,radar_block,reason=momentum_too_small conf=0.2954 mom_sig=0.00000000 raw_mom_bps=-1.78775633 spread_bps=2.49680000 tension=0.00000000 bid_drop=0.00000000 ask_drop=0.00000000 swarm=0
2026-07-30T23:22:18Z,456,SKIP,SKIPPED,,,,,0,impulse_resonance_wait,reason=wall_not_collapsed tension=0.76588293 bid_drop=4.97823906 ask_drop=0.00000000
2026-07-30T23:22:27Z,457,SKIP,SKIPPED,,,,,0,duo_wait,reason=no_trigger mode=none
2026-07-30T23:22:35Z,458,SKIP,SKIPPED,,,,,0,duo_wait,reason=no_trigger mode=none
2026-07-30T23:22:44Z,459,SKIP,SKIPPED,,,,,0,duo_wait,reason=no_trigger mode=none
2026-07-30T23:22:54Z,460,SKIP,SKIPPED,,,,,0,radar_block,reason=momentum_too_small conf=0.0001 mom_sig=0.00004116 raw_mom_bps=0.00000000 spread_bps=2.78950000 tension=0.00004116 bid_drop=0.00000000 ask_drop=0.00026751 swarm=0
2026-07-30T23:23:02Z,461,SKIP,SKIPPED,,,,,0,radar_block,reason=momentum_too_small conf=0.2822 mom_sig=0.00000000 raw_mom_bps=0.00000000 spread_bps=3.09760000 tension=0.00000000 bid_drop=0.00000000 ask_drop=0.00000000 swarm=0
2026-07-30T23:23:10Z,462,SKIP,SKIPPED,,,,,0,radar_block,reason=momentum_too_small conf=0.317 mom_sig=0.00000000 raw_mom_bps=0.00000000 spread_bps=1.51030000 tension=0.00000000 bid_drop=0.00000000 ask_drop=0.00000000 swarm=0
2026-07-30T23:23:19Z,463,SKIP,SKIPPED,,,,,0,radar_block,reason=momentum_too_small conf=0.3207 mom_sig=0.00000000 raw_mom_bps=0.00000000 spread_bps=1.34100000 tension=0.00000000 bid_drop=0.00000000 ask_drop=0.00000000 swarm=0
2026-07-30T23:23:28Z,464,SKIP,SKIPPED,,,,,0,radar_block,reason=momentum_too_small conf=0.0 mom_sig=0.00000206 raw_mom_bps=0.00000000 spread_bps=1.34100000 tension=0.00000206 bid_drop=0.00001342 ask_drop=0.00000000 swarm=0
2026-07-30T23:23:37Z,465,SKIP,SKIPPED,,,,,0,radar_block,reason=momentum_too_small conf=0.3497 mom_sig=0.00000000 raw_mom_bps=-0.01541390 spread_bps=0.01540000 tension=0.00000000 bid_drop=0.00000000 ask_drop=0.00000000 swarm=0
2026-07-30T23:23:45Z,466,SKIP,SKIPPED,,,,,0,radar_block,reason=momentum_too_small conf=0.3429 mom_sig=0.00000000 raw_mom_bps=0.00000000 spread_bps=0.32370000 tension=0.00000000 bid_drop=0.00000000 ask_drop=0.00000000 swarm=0
2026-07-30T23:23:53Z,467,SKIP,SKIPPED,,,,,0,radar_block,reason=momentum_too_small conf=0.3429 mom_sig=0.00000000 raw_mom_bps=0.00000000 spread_bps=0.32370000 tension=0.00000000 bid_drop=0.00000000 ask_drop=0.00000000 swarm=0
2026-07-30T23:24:01Z,468,SKIP,SKIPPED,,,,,0,radar_block,reason=momentum_too_small conf=0.3429 mom_sig=0.00000000 raw_mom_bps=0.01541393 spread_bps=0.32370000 tension=0.00000000 bid_drop=0.00000000 ask_drop=0.00000000 swarm=0
2026-07-30T23:24:09Z,469,SKIP,SKIPPED,,,,,0,radar_block,reason=momentum_too_small conf=0.0 mom_sig=0.00000409 raw_mom_bps=0.00000000 spread_bps=1.32560000 tension=0.00000409 bid_drop=0.00000000 ask_drop=0.00002660 swarm=0
2026-07-30T23:24:17Z,470,SKIP,SKIPPED,,,,,0,radar_block,reason=momentum_too_small conf=0.0001 mom_sig=0.00004112 raw_mom_bps=0.00000000 spread_bps=0.63200000 tension=0.00004112 bid_drop=0.00000000 ask_drop=0.00026729 swarm=0
2026-07-30T23:24:26Z,471,SKIP,SKIPPED,,,,,0,radar_block,reason=momentum_too_small conf=0.0 mom_sig=0.00001898 raw_mom_bps=0.32369244 spread_bps=0.10790000 tension=0.00001898 bid_drop=0.00004912 ask_drop=0.00012339 swarm=0
2026-07-30T23:24:36Z,472,SKIP,SKIPPED,,,,,0,radar_block,reason=momentum_too_small conf=0.3038 mom_sig=0.00000000 raw_mom_bps=0.00000000 spread_bps=2.11130000 tension=0.00000000 bid_drop=0.00000000 ask_drop=0.00000000 swarm=0
2026-07-30T23:24:44Z,473,SKIP,SKIPPED,,,,,0,radar_block,reason=momentum_too_small conf=0.3038 mom_sig=0.00000000 raw_mom_bps=0.00000000 spread_bps=2.11130000 tension=0.00000000 bid_drop=0.00000000 ask_drop=0.00000000 swarm=0
2026-07-30T23:24:53Z,474,SKIP,SKIPPED,,,,,0,radar_block,reason=momentum_too_small conf=0.0 mom_sig=0.00000506 raw_mom_bps=1.38725330 spread_bps=0.72430000 tension=0.00000506 bid_drop=0.00000000 ask_drop=0.00003287 swarm=0
2026-07-30T23:25:02Z,475,SKIP,SKIPPED,,,,,0,tension_stale,reason=nuage_age_ms=932 thresh=800
2026-07-30T23:25:10Z,476,SKIP,SKIPPED,,,,,0,impulse_resonance_wait,reason=wall_not_collapsed tension=0.40260381 bid_drop=0.00000000 ask_drop=2.61692478
2026-07-30T23:25:18Z,477,SKIP,SKIPPED,,,,,0,radar_block,reason=momentum_too_small conf=0.0 mom_sig=0.00002307 raw_mom_bps=0.00000000 spread_bps=2.12670000 tension=0.00002307 bid_drop=0.00000000 ask_drop=0.00014993 swarm=0
2026-07-30T23:25:27Z,478,SKIP,SKIPPED,,,,,0,radar_block,reason=momentum_too_small conf=0.0 mom_sig=0.00002231 raw_mom_bps=0.00000000 spread_bps=2.14210000 tension=0.00002231 bid_drop=0.00000000 ask_drop=0.00014500 swarm=0
2026-07-30T23:25:37Z,479,SKIP,SKIPPED,,,,,0,impulse_resonance_wait,reason=wall_not_collapsed tension=0.37091437 bid_drop=0.00000000 ask_drop=2.41094338
2026-07-30T23:25:46Z,480,SKIP,SKIPPED,,,,,0,radar_block,reason=momentum_too_small conf=0.0001 mom_sig=0.00003960 raw_mom_bps=-0.80128822 spread_bps=2.12670000 tension=0.00003960 bid_drop=0.00025646 ask_drop=0.00025740 swarm=0
2026-07-30T23:25:54Z,481,SKIP,SKIPPED,,,,,0,radar_block,reason=momentum_too_small conf=0.0007 mom_sig=0.00046003 raw_mom_bps=0.00000000 spread_bps=2.12670000 tension=0.00046003 bid_drop=0.00299017 ask_drop=0.00014602 swarm=0
2026-07-30T23:26:03Z,482,SKIP,SKIPPED,,,,,0,radar_block,reason=momentum_too_small conf=0.0024 mom_sig=0.00164374 raw_mom_bps=0.00000000 spread_bps=2.14210000 tension=0.00164374 bid_drop=0.01068428 ask_drop=0.00000000 swarm=0
2026-07-30T23:26:12Z,483,SKIP,SKIPPED,,,,,0,tension_stale,reason=nuage_age_ms=5136 thresh=800
2026-07-30T23:26:20Z,484,SKIP,SKIPPED,,,,,0,tension_stale,reason=nuage_age_ms=1078 thresh=800
2026-07-30T23:26:33Z,485,SKIP,SKIPPED,,,,,0,radar_block,reason=momentum_too_small conf=0.3497 mom_sig=0.00000000 raw_mom_bps=0.00000000 spread_bps=0.01540000 tension=0.00000000 bid_drop=0.00000000 ask_drop=0.00000000 swarm=0
2026-07-30T23:26:43Z,486,SKIP,SKIPPED,,,,,0,radar_block,reason=momentum_too_small conf=0.0 mom_sig=0.00002212 raw_mom_bps=0.00000000 spread_bps=0.01540000 tension=0.00002212 bid_drop=0.00014375 ask_drop=0.00000000 swarm=0
2026-07-30T23:26:53Z,487,SKIP,SKIPPED,,,,,0,impulse_resonance_wait,reason=wall_not_collapsed tension=0.34303878 bid_drop=0.00000000 ask_drop=2.22975204
2026-07-30T23:27:01Z,488,SKIP,SKIPPED,,,,,0,radar_block,reason=direction_unclear conf=0.2015 mom_sig=0.12925890 raw_mom_bps=0.00000000 spread_bps=1.03280000 tension=0.12925890 bid_drop=0.84018283 ask_drop=0.09773124 swarm=0
2026-07-30T23:27:09Z,489,SKIP,SKIPPED,,,,,0,radar_block,reason=momentum_too_small conf=0.0003 mom_sig=0.00016477 raw_mom_bps=0.00000000 spread_bps=1.03280000 tension=0.00016477 bid_drop=0.00001521 ask_drop=0.00107103 swarm=0
2026-07-30T23:27:19Z,490,SKIP,SKIPPED,,,,,0,radar_block,reason=momentum_too_small conf=0.3274 mom_sig=0.00000000 raw_mom_bps=0.00000000 spread_bps=1.03280000 tension=0.00000000 bid_drop=0.00000000 ask_drop=0.00000000 swarm=0
2026-07-30T23:27:27Z,491,SKIP,SKIPPED,,,,,0,radar_block,reason=momentum_too_small conf=0.0001 mom_sig=0.00004512 raw_mom_bps=0.00000000 spread_bps=1.03280000 tension=0.00004512 bid_drop=0.00001652 ask_drop=0.00029330 swarm=0
2026-07-30T23:27:35Z,492,SKIP,SKIPPED,,,,,0,radar_block,reason=momentum_too_small conf=0.0 mom_sig=0.00000681 raw_mom_bps=0.00000000 spread_bps=1.03280000 tension=0.00000681 bid_drop=0.00001468 ask_drop=0.00004427 swarm=0
2026-07-30T23:27:45Z,493,SKIP,SKIPPED,,,,,0,radar_block,reason=momentum_too_small conf=0.0002 mom_sig=0.00010898 raw_mom_bps=0.00000000 spread_bps=1.03280000 tension=0.00010898 bid_drop=0.00009177 ask_drop=0.00070836 swarm=0
2026-07-30T23:27:53Z,494,SKIP,SKIPPED,,,,,0,radar_block,reason=momentum_too_small conf=0.0002 mom_sig=0.00013793 raw_mom_bps=0.00000000 spread_bps=1.03280000 tension=0.00013793 bid_drop=0.00000000 ask_drop=0.00089652 swarm=0
2026-07-30T23:28:01Z,495,SKIP,SKIPPED,,,,,0,radar_block,reason=momentum_too_small conf=0.0 mom_sig=0.00000852 raw_mom_bps=0.00000000 spread_bps=1.03280000 tension=0.00000852 bid_drop=0.00000000 ask_drop=0.00005537 swarm=0
2026-07-30T23:28:09Z,496,SKIP,SKIPPED,,,,,0,radar_block,reason=momentum_too_small conf=0.0 mom_sig=0.00000598 raw_mom_bps=0.00000000 spread_bps=1.03280000 tension=0.00000598 bid_drop=0.00003888 ask_drop=0.00000000 swarm=0
2026-07-30T23:28:18Z,497,SKIP,SKIPPED,,,,,0,radar_block,reason=momentum_too_small conf=0.0001 mom_sig=0.00005421 raw_mom_bps=0.00000000 spread_bps=1.03280000 tension=0.00005421 bid_drop=0.00035239 ask_drop=0.00000000 swarm=0
2026-07-30T23:28:26Z,498,SKIP,SKIPPED,,,,,0,radar_block,reason=momentum_too_small conf=0.0 mom_sig=0.00001022 raw_mom_bps=0.00000000 spread_bps=1.03280000 tension=0.00001022 bid_drop=0.00000000 ask_drop=0.00006644 swarm=0
2026-07-30T23:28:34Z,499,SKIP,SKIPPED,,,,,0,radar_block,reason=momentum_too_small conf=0.0 mom_sig=0.00002896 raw_mom_bps=0.00000000 spread_bps=1.03280000 tension=0.00002896 bid_drop=0.00000000 ask_drop=0.00018825 swarm=0
2026-07-30T23:28:44Z,500,SKIP,SKIPPED,,,,,0,radar_block,reason=momentum_too_small conf=0.3274 mom_sig=0.00000000 raw_mom_bps=0.00000000 spread_bps=1.03280000 tension=0.00000000 bid_drop=0.00000000 ask_drop=0.00000000 swarm=0
2026-07-30T23:28:52Z,501,SKIP,SKIPPED,,,,,0,radar_block,reason=momentum_too_small conf=0.0002 mom_sig=0.00013800 raw_mom_bps=0.00000000 spread_bps=1.03280000 tension=0.00013800 bid_drop=0.00000000 ask_drop=0.00089699 swarm=0
2026-07-30T23:29:00Z,502,SKIP,SKIPPED,,,,,0,radar_block,reason=momentum_too_small conf=0.3274 mom_sig=0.00000000 raw_mom_bps=0.00000000 spread_bps=1.03280000 tension=0.00000000 bid_drop=0.00000000 ask_drop=0.00000000 swarm=0
2026-07-30T23:29:10Z,503,SKIP,SKIPPED,,,,,0,duo_wait,reason=no_trigger mode=none
2026-07-30T23:29:19Z,504,SKIP,SKIPPED,,,,,0,radar_block,reason=momentum_too_small conf=0.0 mom_sig=0.00000687 raw_mom_bps=0.00000000 spread_bps=1.03280000 tension=0.00000687 bid_drop=0.00001469 ask_drop=0.00004467 swarm=0
2026-07-30T23:29:27Z,505,SKIP,SKIPPED,,,,,0,radar_block,reason=momentum_too_small conf=0.0001 mom_sig=0.00004468 raw_mom_bps=0.00000000 spread_bps=1.03280000 tension=0.00004468 bid_drop=0.00000000 ask_drop=0.00029039 swarm=0
2026-07-30T23:29:35Z,506,SKIP,SKIPPED,,,,,0,radar_block,reason=momentum_too_small conf=0.0001 mom_sig=0.00006645 raw_mom_bps=0.00000000 spread_bps=1.03280000 tension=0.00006645 bid_drop=0.00000000 ask_drop=0.00043190 swarm=0
2026-07-30T23:29:43Z,507,SKIP,SKIPPED,,,,,0,radar_block,reason=momentum_too_small conf=0.0001 mom_sig=0.00006873 raw_mom_bps=0.00000000 spread_bps=1.03280000 tension=0.00006873 bid_drop=0.00000000 ask_drop=0.00044676 swarm=0
2026-07-30T23:29:57Z,508,SKIP,SKIPPED,,,,,0,radar_block,reason=momentum_too_small conf=0.0002 mom_sig=0.00013977 raw_mom_bps=0.00000000 spread_bps=1.03280000 tension=0.00013977 bid_drop=0.00000000 ask_drop=0.00090849 swarm=0
2026-07-30T23:30:06Z,509,SKIP,SKIPPED,,,,,0,radar_block,reason=momentum_too_small conf=0.0001 mom_sig=0.00009393 raw_mom_bps=0.00000000 spread_bps=1.03280000 tension=0.00009393 bid_drop=0.00002537 ask_drop=0.00061055 swarm=0
2026-07-30T23:30:15Z,510,SKIP,SKIPPED,,,,,0,radar_block,reason=momentum_too_small conf=0.0005 mom_sig=0.00032317 raw_mom_bps=0.00000000 spread_bps=1.03280000 tension=0.00032317 bid_drop=0.00066302 ask_drop=0.00210060 swarm=0
2026-07-30T23:30:23Z,511,SKIP,SKIPPED,,,,,0,radar_block,reason=momentum_too_small conf=0.0002 mom_sig=0.00016029 raw_mom_bps=0.00000000 spread_bps=1.03280000 tension=0.00016029 bid_drop=0.00104190 ask_drop=0.00013679 swarm=0
2026-07-30T23:30:32Z,512,SKIP,SKIPPED,,,,,0,radar_block,reason=momentum_too_small conf=0.0 mom_sig=0.00002931 raw_mom_bps=0.00000000 spread_bps=1.03280000 tension=0.00002931 bid_drop=0.00001353 ask_drop=0.00019054 swarm=0
2026-07-30T23:30:40Z,513,SKIP,SKIPPED,,,,,0,radar_block,reason=momentum_too_small conf=0.0002 mom_sig=0.00014184 raw_mom_bps=0.00000000 spread_bps=1.03280000 tension=0.00014184 bid_drop=0.00001353 ask_drop=0.00092199 swarm=0
2026-07-30T23:30:49Z,514,SKIP,SKIPPED,,,,,0,radar_block,reason=momentum_too_small conf=0.3274 mom_sig=0.00000000 raw_mom_bps=0.00000000 spread_bps=1.03280000 tension=0.00000000 bid_drop=0.00000000 ask_drop=0.00000000 swarm=0
2026-07-30T23:30:57Z,515,SKIP,SKIPPED,,,,,0,radar_block,reason=momentum_too_small conf=0.0001 mom_sig=0.00009525 raw_mom_bps=0.00000000 spread_bps=1.03280000 tension=0.00009525 bid_drop=0.00000000 ask_drop=0.00061913 swarm=0
2026-07-30T23:31:05Z,516,SKIP,SKIPPED,,,,,0,radar_block,reason=direction_unclear conf=0.0153 mom_sig=0.00978304 raw_mom_bps=0.00000000 spread_bps=1.03280000 tension=0.00978304 bid_drop=0.00016914 ask_drop=0.06358975 swarm=0
2026-07-30T23:31:15Z,517,SKIP,SKIPPED,,,,,0,tension_stale,reason=nuage_age_ms=3957 thresh=800
2026-07-30T23:31:23Z,518,SKIP,SKIPPED,,,,,0,radar_block,reason=momentum_too_small conf=0.0007 mom_sig=0.00046111 raw_mom_bps=0.00000000 spread_bps=1.03280000 tension=0.00046111 bid_drop=0.00299720 ask_drop=0.00016885 swarm=1
2026-07-30T23:31:32Z,519,SKIP,SKIPPED,,,,,0,radar_block,reason=momentum_too_small conf=0.2994 mom_sig=0.00000000 raw_mom_bps=2.29697940 spread_bps=2.31190000 tension=0.00000000 bid_drop=0.00000000 ask_drop=0.00000000 swarm=1
2026-07-30T23:31:41Z,520,SKIP,SKIPPED,,,,,0,radar_block,reason=momentum_too_small conf=0.2876 mom_sig=0.00000000 raw_mom_bps=0.07706203 spread_bps=2.85110000 tension=0.00000000 bid_drop=0.00000000 ask_drop=0.00000000 swarm=0
2026-07-30T23:31:55Z,521,SKIP,SKIPPED,,,,,0,impulse_resonance_wait,reason=wall_not_collapsed tension=0.35968841 bid_drop=0.00008462 ask_drop=2.33797467
2026-07-30T23:32:04Z,522,SKIP,SKIPPED,,,,,0,tension_stale,reason=nuage_age_ms=8238 thresh=800
2026-07-30T23:32:14Z,523,SKIP,SKIPPED,,,,,0,duo_wait,reason=no_trigger mode=none
2026-07-30T23:32:24Z,524,SKIP,SKIPPED,,,,,0,impulse_resonance_wait,reason=wall_not_collapsed tension=0.46167105 bid_drop=0.00000000 ask_drop=3.00086180
2026-07-30T23:32:33Z,525,SKIP,SKIPPED,,,,,0,duo_wait,reason=no_trigger mode=none
2026-07-30T23:32:42Z,526,SKIP,SKIPPED,,,,,0,radar_block,reason=momentum_too_small conf=0.0001 mom_sig=0.00006222 raw_mom_bps=0.00000000 spread_bps=2.43490000 tension=0.00006222 bid_drop=0.00000000 ask_drop=0.00040442 swarm=0
2026-07-30T23:32:50Z,527,SKIP,SKIPPED,,,,,0,radar_block,reason=momentum_too_small conf=0.0002 mom_sig=0.00014237 raw_mom_bps=0.00000000 spread_bps=3.45200000 tension=0.00014237 bid_drop=0.00092542 ask_drop=0.00006753 swarm=0
2026-07-30T23:32:58Z,528,SKIP,SKIPPED,,,,,0,radar_block,reason=momentum_too_small conf=0.0 mom_sig=0.00002351 raw_mom_bps=0.00000000 spread_bps=4.99130000 tension=0.00002351 bid_drop=0.00015281 ask_drop=0.00000000 swarm=0
2026-07-30T23:33:06Z,529,SKIP,SKIPPED,,,,,0,radar_block,reason=spread_too_wide conf=0.5 mom_sig=3.25546703 raw_mom_bps=0.00000000 spread_bps=8.17920000 tension=3.25546703 bid_drop=0.00000000 ask_drop=21.16053571 swarm=0
2026-07-30T23:33:15Z,530,SKIP,SKIPPED,,,,,0,radar_block,reason=spread_too_wide conf=0.0 mom_sig=0.00000000 raw_mom_bps=0.00000000 spread_bps=9.50260000 tension=0.00000000 bid_drop=0.00000000 ask_drop=0.00000000 swarm=0
2026-07-30T23:33:23Z,531,SKIP,SKIPPED,,,,,0,duo_wait,reason=no_trigger mode=none
2026-07-30T23:33:32Z,532,SKIP,SKIPPED,,,,,0,duo_wait,reason=no_trigger mode=none
2026-07-30T23:33:40Z,533,SKIP,SKIPPED,,,,,0,radar_block,reason=momentum_too_small conf=0.0 mom_sig=0.00002564 raw_mom_bps=0.06157522 spread_bps=0.10780000 tension=0.00002564 bid_drop=0.00016665 ask_drop=0.00011053 swarm=0
2026-07-30T23:33:48Z,534,SKIP,SKIPPED,,,,,0,radar_block,reason=momentum_too_small conf=0.0 mom_sig=0.00001663 raw_mom_bps=0.00000000 spread_bps=0.40020000 tension=0.00001663 bid_drop=0.00000000 ask_drop=0.00010808 swarm=0
2026-07-30T23:33:57Z,535,SKIP,SKIPPED,,,,,0,radar_block,reason=momentum_too_small conf=0.001 mom_sig=0.00063085 raw_mom_bps=0.00000000 spread_bps=0.67730000 tension=0.00063085 bid_drop=0.00008333 ask_drop=0.00410055 swarm=0
2026-07-30T23:34:05Z,536,SKIP,SKIPPED,,,,,0,radar_block,reason=momentum_too_small conf=0.0002 mom_sig=0.00012018 raw_mom_bps=0.00000000 spread_bps=1.26210000 tension=0.00012018 bid_drop=0.00078117 ask_drop=0.00024287 swarm=0
2026-07-30T23:34:13Z,537,SKIP,SKIPPED,,,,,0,impulse_resonance_wait,reason=wall_not_collapsed tension=0.42179896 bid_drop=0.00000000 ask_drop=2.74169326
2026-07-30T23:34:21Z,538,SKIP,SKIPPED,,,,,0,impulse_resonance_wait,reason=wall_not_collapsed tension=0.81097378 bid_drop=0.00000000 ask_drop=5.27132954
2026-07-30T23:34:30Z,539,SKIP,SKIPPED,,,,,0,radar_block,reason=momentum_too_small conf=0.0001 mom_sig=0.00009490 raw_mom_bps=0.00000000 spread_bps=1.56990000 tension=0.00009490 bid_drop=0.00061688 ask_drop=0.00000000 swarm=0
2026-07-30T23:34:39Z,540,SKIP,SKIPPED,,,,,0,duo_wait,reason=no_trigger mode=none
2026-07-30T23:34:47Z,541,SKIP,SKIPPED,,,,,0,radar_block,reason=momentum_too_small conf=0.0001 mom_sig=0.00005974 raw_mom_bps=0.00000000 spread_bps=1.56990000 tension=0.00005974 bid_drop=0.00000000 ask_drop=0.00038831 swarm=1
2026-07-30T23:35:01Z,542,SKIP,SKIPPED,,,,,0,radar_block,reason=momentum_too_small conf=0.0001 mom_sig=0.00005621 raw_mom_bps=0.00000000 spread_bps=1.56990000 tension=0.00005621 bid_drop=0.00000000 ask_drop=0.00036536 swarm=0
2026-07-30T23:35:09Z,543,SKIP,SKIPPED,,,,,0,radar_block,reason=momentum_too_small conf=0.0001 mom_sig=0.00005912 raw_mom_bps=1.57017529 spread_bps=1.56990000 tension=0.00005912 bid_drop=0.00038427 ask_drop=0.00027746 swarm=0
2026-07-30T23:35:17Z,544,SKIP,SKIPPED,,,,,0,radar_block,reason=momentum_too_small conf=0.0002 mom_sig=0.00011244 raw_mom_bps=0.00000000 spread_bps=1.56990000 tension=0.00011244 bid_drop=0.00000000 ask_drop=0.00073087 swarm=0
2026-07-30T23:35:26Z,545,SKIP,SKIPPED,,,,,0,radar_block,reason=momentum_too_small conf=0.0 mom_sig=0.00001042 raw_mom_bps=0.00000000 spread_bps=1.56990000 tension=0.00001042 bid_drop=0.00000000 ask_drop=0.00006771 swarm=0
2026-07-30T23:35:34Z,546,SKIP,SKIPPED,,,,,0,radar_block,reason=momentum_too_small conf=0.0001 mom_sig=0.00007500 raw_mom_bps=0.00000000 spread_bps=1.53910000 tension=0.00007500 bid_drop=0.00000000 ask_drop=0.00048753 swarm=0
2026-07-30T23:35:43Z,547,SKIP,SKIPPED,,,,,0,radar_block,reason=direction_unclear conf=0.012 mom_sig=0.03449260 raw_mom_bps=0.00000000 spread_bps=1.56990000 tension=0.03449260 bid_drop=0.22420187 ask_drop=0.02625270 swarm=0
2026-07-30T23:35:51Z,548,SKIP,SKIPPED,,,,,0,radar_block,reason=momentum_too_small conf=0.0001 mom_sig=0.00004066 raw_mom_bps=0.00000000 spread_bps=1.56990000 tension=0.00004066 bid_drop=0.00000000 ask_drop=0.00026428 swarm=0
2026-07-30T23:35:59Z,549,SKIP,SKIPPED,,,,,0,radar_block,reason=momentum_too_small conf=0.0001 mom_sig=0.00004379 raw_mom_bps=0.00000000 spread_bps=1.56990000 tension=0.00004379 bid_drop=0.00000000 ask_drop=0.00028464 swarm=0
2026-07-30T23:36:08Z,550,SKIP,SKIPPED,,,,,0,radar_block,reason=momentum_too_small conf=0.0001 mom_sig=0.00004171 raw_mom_bps=0.00000000 spread_bps=1.56990000 tension=0.00004171 bid_drop=0.00000000 ask_drop=0.00027109 swarm=0
2026-07-30T23:36:17Z,551,SKIP,SKIPPED,,,,,0,radar_block,reason=momentum_too_small conf=0.0001 mom_sig=0.00003646 raw_mom_bps=0.00000000 spread_bps=1.56990000 tension=0.00003646 bid_drop=0.00000000 ask_drop=0.00023698 swarm=0
2026-07-30T23:36:25Z,552,SKIP,SKIPPED,,,,,0,radar_block,reason=momentum_too_small conf=0.0002 mom_sig=0.00016349 raw_mom_bps=0.00000000 spread_bps=1.50840000 tension=0.00016349 bid_drop=0.00106266 ask_drop=0.00026406 swarm=0
2026-07-30T23:36:33Z,553,SKIP,SKIPPED,,,,,0,radar_block,reason=momentum_too_small conf=0.0008 mom_sig=0.00056480 raw_mom_bps=0.00000000 spread_bps=1.56990000 tension=0.00056480 bid_drop=0.00367123 ask_drop=0.00011522 swarm=0
2026-07-30T23:36:42Z,554,SKIP,SKIPPED,,,,,0,radar_block,reason=momentum_too_small conf=0.0002 mom_sig=0.00010854 raw_mom_bps=0.00000000 spread_bps=1.56990000 tension=0.00010854 bid_drop=0.00000000 ask_drop=0.00070550 swarm=0
2026-07-30T23:36:50Z,555,SKIP,SKIPPED,,,,,0,radar_block,reason=momentum_too_small conf=0.0001 mom_sig=0.00004384 raw_mom_bps=0.00000000 spread_bps=1.56990000 tension=0.00004384 bid_drop=0.00000000 ask_drop=0.00028497 swarm=0
2026-07-30T23:36:59Z,556,SKIP,SKIPPED,,,,,0,radar_block,reason=momentum_too_small conf=0.0 mom_sig=0.00001296 raw_mom_bps=0.00000000 spread_bps=1.56990000 tension=0.00001296 bid_drop=0.00008423 ask_drop=0.00000000 swarm=0
2026-07-30T23:37:08Z,557,SKIP,SKIPPED,,,,,0,radar_block,reason=momentum_too_small conf=0.0 mom_sig=0.00001046 raw_mom_bps=0.00000000 spread_bps=1.56990000 tension=0.00001046 bid_drop=0.00000000 ask_drop=0.00006802 swarm=0
2026-07-30T23:37:16Z,558,SKIP,SKIPPED,,,,,0,radar_block,reason=momentum_too_small conf=0.0001 mom_sig=0.00008163 raw_mom_bps=0.00000000 spread_bps=1.56990000 tension=0.00008163 bid_drop=0.00018952 ask_drop=0.00053059 swarm=0
2026-07-30T23:37:24Z,559,SKIP,SKIPPED,,,,,0,radar_block,reason=momentum_too_small conf=0.0001 mom_sig=0.00006907 raw_mom_bps=0.00000000 spread_bps=1.56990000 tension=0.00006907 bid_drop=0.00000000 ask_drop=0.00044897 swarm=0
2026-07-30T23:37:38Z,560,SKIP,SKIPPED,,,,,0,radar_block,reason=momentum_too_small conf=0.0001 mom_sig=0.00003550 raw_mom_bps=0.00000000 spread_bps=1.56990000 tension=0.00003550 bid_drop=0.00000000 ask_drop=0.00023072 swarm=0
2026-07-30T23:37:47Z,561,SKIP,SKIPPED,,,,,0,radar_block,reason=momentum_too_small conf=0.0001 mom_sig=0.00005533 raw_mom_bps=0.00000000 spread_bps=1.50840000 tension=0.00005533 bid_drop=0.00000000 ask_drop=0.00035966 swarm=0
2026-07-30T23:37:55Z,562,SKIP,SKIPPED,,,,,0,radar_block,reason=direction_unclear conf=0.0407 mom_sig=0.02698140 raw_mom_bps=0.00000000 spread_bps=1.50840000 tension=0.02698140 bid_drop=0.00000000 ask_drop=0.17537912 swarm=0
2026-07-30T23:38:04Z,563,SKIP,SKIPPED,,,,,0,radar_block,reason=momentum_too_small conf=0.0001 mom_sig=0.00003974 raw_mom_bps=0.00000000 spread_bps=1.56990000 tension=0.00003974 bid_drop=0.00000000 ask_drop=0.00025834 swarm=0
2026-07-30T23:38:12Z,564,SKIP,SKIPPED,,,,,0,radar_block,reason=momentum_too_small conf=0.0003 mom_sig=0.00020612 raw_mom_bps=0.00000000 spread_bps=1.56990000 tension=0.00020612 bid_drop=0.00000000 ask_drop=0.00133975 swarm=0
2026-07-30T23:38:21Z,565,SKIP,SKIPPED,,,,,0,radar_block,reason=momentum_too_small conf=0.0001 mom_sig=0.00006906 raw_mom_bps=0.00000000 spread_bps=1.56990000 tension=0.00006906 bid_drop=0.00000000 ask_drop=0.00044886 swarm=0
2026-07-30T23:38:30Z,566,SKIP,SKIPPED,,,,,0,radar_block,reason=momentum_too_small conf=0.0001 mom_sig=0.00008057 raw_mom_bps=0.00000000 spread_bps=1.56990000 tension=0.00008057 bid_drop=0.00008454 ask_drop=0.00052368 swarm=0
2026-07-30T23:38:38Z,567,SKIP,SKIPPED,,,,,0,radar_block,reason=momentum_too_small conf=0.0001 mom_sig=0.00005234 raw_mom_bps=0.00000000 spread_bps=1.56990000 tension=0.00005234 bid_drop=0.00000000 ask_drop=0.00034024 swarm=0
2026-07-30T23:38:52Z,568,SKIP,SKIPPED,,,,,0,radar_block,reason=momentum_too_small conf=0.0001 mom_sig=0.00008271 raw_mom_bps=0.00000000 spread_bps=1.56990000 tension=0.00008271 bid_drop=0.00000000 ask_drop=0.00053761 swarm=0
2026-07-30T23:39:01Z,569,SKIP,SKIPPED,,,,,0,radar_block,reason=momentum_too_small conf=0.3157 mom_sig=0.00000000 raw_mom_bps=0.00000000 spread_bps=1.56990000 tension=0.00000000 bid_drop=0.00000000 ask_drop=0.00000000 swarm=0
2026-07-30T23:39:09Z,570,SKIP,SKIPPED,,,,,0,radar_block,reason=momentum_too_small conf=0.0 mom_sig=0.00001680 raw_mom_bps=0.00000000 spread_bps=1.56990000 tension=0.00001680 bid_drop=0.00000000 ask_drop=0.00010921 swarm=0
2026-07-30T23:39:18Z,571,SKIP,SKIPPED,,,,,0,radar_block,reason=momentum_too_small conf=0.0001 mom_sig=0.00004411 raw_mom_bps=1.57017529 spread_bps=1.56990000 tension=0.00004411 bid_drop=0.00000000 ask_drop=0.00028669 swarm=0
2026-07-30T23:39:26Z,572,SKIP,SKIPPED,,,,,0,radar_block,reason=momentum_too_small conf=0.0001 mom_sig=0.00006830 raw_mom_bps=0.00000000 spread_bps=1.56990000 tension=0.00006830 bid_drop=0.00000000 ask_drop=0.00044397 swarm=0
2026-07-30T23:39:34Z,573,SKIP,SKIPPED,,,,,0,radar_block,reason=momentum_too_small conf=0.0002 mom_sig=0.00010237 raw_mom_bps=0.00000000 spread_bps=1.56990000 tension=0.00010237 bid_drop=0.00000000 ask_drop=0.00066542 swarm=0
2026-07-30T23:39:43Z,574,SKIP,SKIPPED,,,,,0,radar_block,reason=momentum_too_small conf=0.0003 mom_sig=0.00017520 raw_mom_bps=0.00000000 spread_bps=1.56990000 tension=0.00017520 bid_drop=0.00055551 ask_drop=0.00113878 swarm=0
2026-07-30T23:39:51Z,575,SKIP,SKIPPED,,,,,0,radar_block,reason=momentum_too_small conf=0.0 mom_sig=0.00000950 raw_mom_bps=0.00000000 spread_bps=1.56990000 tension=0.00000950 bid_drop=0.00000000 ask_drop=0.00006174 swarm=0
2026-07-30T23:39:59Z,576,SKIP,SKIPPED,,,,,0,radar_block,reason=momentum_too_small conf=0.3157 mom_sig=0.00000000 raw_mom_bps=0.00000000 spread_bps=1.56990000 tension=0.00000000 bid_drop=0.00000000 ask_drop=0.00000000 swarm=0
2026-07-30T23:40:08Z,577,SKIP,SKIPPED,,,,,0,radar_block,reason=momentum_too_small conf=0.0 mom_sig=0.00001267 raw_mom_bps=0.00000000 spread_bps=1.56990000 tension=0.00001267 bid_drop=0.00000000 ask_drop=0.00008233 swarm=0
2026-07-30T23:40:17Z,578,SKIP,SKIPPED,,,,,0,radar_block,reason=momentum_too_small conf=0.0 mom_sig=0.00001710 raw_mom_bps=0.00000000 spread_bps=1.56990000 tension=0.00001710 bid_drop=0.00011112 ask_drop=0.00004803 swarm=0
2026-07-30T23:40:25Z,579,SKIP,SKIPPED,,,,,0,radar_block,reason=direction_unclear conf=0.0239 mom_sig=0.01590410 raw_mom_bps=1.57017529 spread_bps=1.56990000 tension=0.01590410 bid_drop=0.10337665 ask_drop=0.00054206 swarm=0
2026-07-30T23:40:34Z,580,SKIP,SKIPPED,,,,,0,radar_block,reason=momentum_too_small conf=0.0001 mom_sig=0.00003906 raw_mom_bps=0.00000000 spread_bps=1.56990000 tension=0.00003906 bid_drop=0.00000000 ask_drop=0.00025388 swarm=0
2026-07-30T23:40:43Z,581,SKIP,SKIPPED,,,,,0,radar_block,reason=momentum_too_small conf=0.3157 mom_sig=0.00000000 raw_mom_bps=0.00000000 spread_bps=1.56990000 tension=0.00000000 bid_drop=0.00000000 ask_drop=0.00000000 swarm=0
2026-07-30T23:40:52Z,582,SKIP,SKIPPED,,,,,0,radar_block,reason=momentum_too_small conf=0.0 mom_sig=0.00002534 raw_mom_bps=-1.56992878 spread_bps=1.56990000 tension=0.00002534 bid_drop=0.00000000 ask_drop=0.00016469 swarm=0
2026-07-30T23:41:01Z,583,SKIP,SKIPPED,,,,,0,impulse_resonance_wait,reason=wall_not_collapsed tension=0.79547693 bid_drop=5.17060007 ask_drop=0.00013724
2026-07-30T23:41:09Z,584,SKIP,SKIPPED,,,,,0,radar_block,reason=momentum_too_small conf=0.0003 mom_sig=0.00019425 raw_mom_bps=0.00000000 spread_bps=0.24630000 tension=0.00019425 bid_drop=0.00009927 ask_drop=0.00126264 swarm=0
2026-07-30T23:41:18Z,585,SKIP,SKIPPED,,,,,0,radar_block,reason=direction_unclear conf=0.0584 mom_sig=0.03853818 raw_mom_bps=0.00000000 spread_bps=1.46220000 tension=0.03853818 bid_drop=0.00000000 ask_drop=0.25049816 swarm=0
2026-07-30T23:41:26Z,586,SKIP,SKIPPED,,,,,0,radar_block,reason=direction_unclear conf=0.0121 mom_sig=0.03869181 raw_mom_bps=0.00000000 spread_bps=1.47760000 tension=0.03869181 bid_drop=0.00000000 ask_drop=0.25149676 swarm=0
2026-07-30T23:41:39Z,587,SKIP,SKIPPED,,,,,0,radar_block,reason=momentum_too_small conf=0.0001 mom_sig=0.00008483 raw_mom_bps=0.00000000 spread_bps=1.56990000 tension=0.00008483 bid_drop=0.00055137 ask_drop=0.00000000 swarm=0
2026-07-30T23:41:48Z,588,SKIP,SKIPPED,,,,,0,radar_block,reason=momentum_too_small conf=0.0 mom_sig=0.00001444 raw_mom_bps=0.00000000 spread_bps=1.56990000 tension=0.00001444 bid_drop=0.00009385 ask_drop=0.00000000 swarm=0
2026-07-30T23:41:56Z,589,SKIP,SKIPPED,,,,,0,radar_block,reason=momentum_too_small conf=0.0011 mom_sig=0.00070921 raw_mom_bps=0.00000000 spread_bps=1.56990000 tension=0.00070921 bid_drop=0.00000000 ask_drop=0.00460986 swarm=0
2026-07-30T23:42:05Z,590,SKIP,SKIPPED,,,,,0,radar_block,reason=momentum_too_small conf=0.0001 mom_sig=0.00007695 raw_mom_bps=0.00000000 spread_bps=1.56990000 tension=0.00007695 bid_drop=0.00050017 ask_drop=0.00000000 swarm=0
2026-07-30T23:42:13Z,591,SKIP,SKIPPED,,,,,0,radar_block,reason=direction_unclear conf=0.0581 mom_sig=0.03866756 raw_mom_bps=0.00000000 spread_bps=1.56990000 tension=0.03866756 bid_drop=0.00034226 ask_drop=0.25133912 swarm=0
2026-07-30T23:42:22Z,592,SKIP,SKIPPED,,,,,0,radar_block,reason=momentum_too_small conf=0.0 mom_sig=0.00001059 raw_mom_bps=0.00000000 spread_bps=1.56990000 tension=0.00001059 bid_drop=0.00000000 ask_drop=0.00006881 swarm=0
2026-07-30T23:42:31Z,593,SKIP,SKIPPED,,,,,0,radar_block,reason=direction_unclear conf=0.0127 mom_sig=0.00845439 raw_mom_bps=0.00000000 spread_bps=1.56990000 tension=0.00845439 bid_drop=0.05495351 ask_drop=0.00006881 swarm=0
2026-07-30T23:42:40Z,594,SKIP,SKIPPED,,,,,0,radar_block,reason=momentum_too_small conf=0.0002 mom_sig=0.00010158 raw_mom_bps=0.00000000 spread_bps=1.56990000 tension=0.00010158 bid_drop=0.00066026 ask_drop=0.00000000 swarm=0
2026-07-30T23:42:49Z,595,SKIP,SKIPPED,,,,,0,radar_block,reason=momentum_too_small conf=0.0002 mom_sig=0.00009751 raw_mom_bps=0.00000000 spread_bps=0.24630000 tension=0.00009751 bid_drop=0.00063384 ask_drop=0.00000000 swarm=0
2026-07-30T23:42:59Z,596,SKIP,SKIPPED,,,,,0,radar_block,reason=direction_unclear conf=0.0131 mom_sig=0.01617211 raw_mom_bps=0.00000000 spread_bps=0.24630000 tension=0.01617211 bid_drop=0.00046219 ask_drop=0.10511870 swarm=0
2026-07-30T23:43:07Z,597,SKIP,SKIPPED,,,,,0,radar_block,reason=momentum_too_small conf=0.0001 mom_sig=0.00005289 raw_mom_bps=-1.32369804 spread_bps=1.56990000 tension=0.00005289 bid_drop=0.00034380 ask_drop=0.00005547 swarm=0
2026-07-30T23:43:21Z,598,SKIP,SKIPPED,,,,,0,impulse_resonance_wait,reason=wall_not_collapsed tension=0.35157786 bid_drop=2.28525612 ask_drop=0.00000000
2026-07-30T23:43:30Z,599,SKIP,SKIPPED,,,,,0,impulse_resonance_wait,reason=wall_not_collapsed tension=0.92988392 bid_drop=0.00000967 ask_drop=6.04424551
2026-07-30T23:43:38Z,600,SKIP,SKIPPED,,,,,0,radar_block,reason=momentum_too_small conf=0.0 mom_sig=0.00000496 raw_mom_bps=0.00000000 spread_bps=1.41800000 tension=0.00000496 bid_drop=0.00003223 ask_drop=0.00000000 swarm=0
2026-07-30T23:43:46Z,601,SKIP,SKIPPED,,,,,0,impulse_resonance_wait,reason=wall_not_collapsed tension=0.67247937 bid_drop=0.00000000 ask_drop=4.37111591
2026-07-30T23:43:54Z,602,SKIP,SKIPPED,,,,,0,radar_block,reason=momentum_too_small conf=0.2145 mom_sig=0.00000000 raw_mom_bps=0.00000000 spread_bps=6.19320000 tension=0.00000000 bid_drop=0.00000000 ask_drop=0.00000000 swarm=0
2026-07-30T23:44:02Z,603,SKIP,SKIPPED,,,,,0,tactic_mismatch,mom=long structure=short
2026-07-30T23:44:10Z,604,SKIP,SKIPPED,,,,,0,radar_block,reason=momentum_too_small conf=0.1916 mom_sig=0.00000000 raw_mom_bps=0.00000000 spread_bps=7.24080000 tension=0.00000000 bid_drop=0.00000000 ask_drop=0.00000000 swarm=0
2026-07-30T23:44:18Z,605,SKIP,SKIPPED,,,,,0,radar_block,reason=momentum_too_small conf=0.0 mom_sig=0.00001289 raw_mom_bps=0.00000000 spread_bps=7.36400000 tension=0.00001289 bid_drop=0.00000000 ask_drop=0.00008379 swarm=1
2026-07-30T23:44:28Z,606,SKIP,SKIPPED,,,,,0,duo_wait,reason=no_trigger mode=none
2026-07-30T23:44:36Z,607,SKIP,SKIPPED,,,,,0,radar_block,reason=momentum_too_small conf=0.0002 mom_sig=0.00019494 raw_mom_bps=-13.72665621 spread_bps=5.72030000 tension=0.00019494 bid_drop=0.00126709 ask_drop=0.00000000 swarm=0
2026-07-30T23:44:44Z,608,SKIP,SKIPPED,,,,,0,radar_block,reason=momentum_too_small conf=0.0 mom_sig=0.00001237 raw_mom_bps=0.00000000 spread_bps=3.80910000 tension=0.00001237 bid_drop=0.00008039 ask_drop=0.00000000 swarm=0
2026-07-30T23:44:53Z,609,SKIP,SKIPPED,,,,,0,radar_block,reason=spread_too_wide conf=0.0008 mom_sig=0.00091087 raw_mom_bps=0.00000000 spread_bps=11.81630000 tension=0.00091087 bid_drop=0.00000000 ask_drop=0.00592063 swarm=0
2026-07-30T23:45:02Z,610,SKIP,SKIPPED,,,,,0,radar_block,reason=momentum_too_small conf=0.0002 mom_sig=0.00014328 raw_mom_bps=-16.77702426 spread_bps=0.03090000 tension=0.00014328 bid_drop=0.00093133 ask_drop=0.00000000 swarm=0
2026-07-30T23:45:10Z,611,SKIP,SKIPPED,,,,,0,radar_block,reason=momentum_too_small conf=0.0015 mom_sig=0.00089175 raw_mom_bps=0.00000000 spread_bps=0.03090000 tension=0.00089175 bid_drop=0.00579637 ask_drop=0.00003962 swarm=0
2026-07-30T23:45:19Z,612,SKIP,SKIPPED,,,,,0,radar_block,reason=direction_unclear conf=0.2301 mom_sig=0.13832665 raw_mom_bps=0.00000000 spread_bps=0.03090000 tension=0.13832665 bid_drop=0.00289846 ask_drop=0.89912323 swarm=0
2026-07-30T23:45:28Z,613,SKIP,SKIPPED,,,,,0,radar_block,reason=momentum_too_small conf=0.0001 mom_sig=0.00004342 raw_mom_bps=0.00000000 spread_bps=0.03090000 tension=0.00004342 bid_drop=0.00000000 ask_drop=0.00028223 swarm=0
2026-07-30T23:45:36Z,614,SKIP,SKIPPED,,,,,0,radar_block,reason=momentum_too_small conf=0.0002 mom_sig=0.00012264 raw_mom_bps=0.00000000 spread_bps=0.01540000 tension=0.00012264 bid_drop=0.00079715 ask_drop=0.00003681 swarm=0
2026-07-30T23:45:45Z,615,SKIP,SKIPPED,,,,,0,radar_block,reason=momentum_too_small conf=0.0 mom_sig=0.00002643 raw_mom_bps=0.00000000 spread_bps=0.67920000 tension=0.00002643 bid_drop=0.00014494 ask_drop=0.00017180 swarm=0
2026-07-30T23:45:54Z,616,SKIP,SKIPPED,,,,,0,duo_wait,reason=no_trigger mode=none
2026-07-30T23:46:02Z,617,SKIP,SKIPPED,,,,,0,radar_block,reason=momentum_too_small conf=0.0002 mom_sig=0.00016560 raw_mom_bps=-1.91390514 spread_bps=2.39230000 tension=0.00016560 bid_drop=0.00107642 ask_drop=0.00000000 swarm=0
2026-07-30T23:46:12Z,618,SKIP,SKIPPED,,,,,0,duo_wait,reason=no_trigger mode=none
2026-07-30T23:46:20Z,619,SKIP,SKIPPED,,,,,0,impulse_resonance_wait,reason=wall_not_collapsed tension=0.22385463 bid_drop=0.00042957 ask_drop=1.45505510
2026-07-30T23:46:30Z,620,SKIP,SKIPPED,,,,,0,impulse_resonance_wait,reason=wall_not_collapsed tension=0.57320717 bid_drop=0.00000000 ask_drop=3.72584663
2026-07-30T23:46:38Z,621,SKIP,SKIPPED,,,,,0,radar_block,reason=momentum_too_small conf=0.0 mom_sig=0.00003533 raw_mom_bps=0.00000000 spread_bps=5.32320000 tension=0.00003533 bid_drop=0.00000000 ask_drop=0.00022963 swarm=0
2026-07-30T23:46:51Z,622,SKIP,SKIPPED,,,,,0,tactic_mismatch,mom=long structure=short
2026-07-30T23:47:00Z,623,SKIP,SKIPPED,,,,,0,radar_block,reason=momentum_too_small conf=0.0 mom_sig=0.00001309 raw_mom_bps=0.00000000 spread_bps=1.58900000 tension=0.00001309 bid_drop=0.00000000 ask_drop=0.00008506 swarm=0
2026-07-30T23:47:09Z,624,SKIP,SKIPPED,,,,,0,radar_block,reason=momentum_too_small conf=0.0 mom_sig=0.00002221 raw_mom_bps=0.06170802 spread_bps=0.70960000 tension=0.00002221 bid_drop=0.00000000 ask_drop=0.00014436 swarm=0
2026-07-30T23:47:18Z,625,SKIP,SKIPPED,,,,,0,impulse_resonance_wait,reason=wall_not_collapsed tension=0.54864019 bid_drop=3.56616125 ask_drop=0.00025818
2026-07-30T23:47:27Z,626,SKIP,SKIPPED,,,,,0,duo_wait,reason=no_trigger mode=none
2026-07-30T23:47:36Z,627,SKIP,SKIPPED,,,,,0,radar_block,reason=momentum_too_small conf=0.0057 mom_sig=0.00406943 raw_mom_bps=0.00000000 spread_bps=2.63770000 tension=0.00406943 bid_drop=0.00000000 ask_drop=0.02645129 swarm=0
2026-07-30T23:47:44Z,628,SKIP,SKIPPED,,,,,0,radar_block,reason=momentum_too_small conf=0.0001 mom_sig=0.00008115 raw_mom_bps=0.00000000 spread_bps=4.55030000 tension=0.00008115 bid_drop=0.00000000 ask_drop=0.00052745 swarm=0
2026-07-30T23:47:52Z,629,SKIP,SKIPPED,,,,,0,radar_block,reason=momentum_too_small conf=0.0 mom_sig=0.00001570 raw_mom_bps=0.00000000 spread_bps=4.55030000 tension=0.00001570 bid_drop=0.00000000 ask_drop=0.00010204 swarm=0
2026-07-30T23:48:05Z,630,SKIP,SKIPPED,,,,,0,radar_block,reason=momentum_too_small conf=0.2393 mom_sig=0.00000000 raw_mom_bps=0.00000000 spread_bps=5.05910000 tension=0.00000000 bid_drop=0.00000000 ask_drop=0.00000000 swarm=0
2026-07-30T23:48:14Z,631,SKIP,SKIPPED,,,,,0,duo_wait,reason=no_trigger mode=none
2026-07-30T23:48:25Z,632,SKIP,SKIPPED,,,,,0,duo_wait,reason=no_trigger mode=none
2026-07-30T23:48:33Z,633,SKIP,SKIPPED,,,,,0,radar_block,reason=spread_too_wide conf=0.5 mom_sig=1.59674080 raw_mom_bps=0.00000000 spread_bps=9.43900000 tension=1.59674080 bid_drop=0.00012323 ask_drop=10.37881522 swarm=0
2026-07-30T23:48:42Z,634,SKIP,SKIPPED,,,,,0,radar_block,reason=spread_too_wide conf=0.5 mom_sig=1.63570714 raw_mom_bps=0.00000000 spread_bps=8.14300000 tension=1.63570714 bid_drop=3.23701172 ask_drop=10.63209641 swarm=0
2026-07-30T23:48:51Z,635,SKIP,SKIPPED,,,,,0,radar_block,reason=spread_too_wide conf=0.0001 mom_sig=0.00017695 raw_mom_bps=0.00000000 spread_bps=9.94740000 tension=0.00017695 bid_drop=0.00000000 ask_drop=0.00115015 swarm=0
2026-07-30T23:49:00Z,636,SKIP,SKIPPED,,,,,0,impulse_resonance_wait,reason=wall_not_collapsed tension=0.51587728 bid_drop=3.35320234 ask_drop=0.00479209
2026-07-30T23:49:09Z,637,SKIP,SKIPPED,,,,,0,radar_block,reason=spread_too_wide conf=0.0 mom_sig=0.00000000 raw_mom_bps=0.00000000 spread_bps=8.37380000 tension=0.00000000 bid_drop=0.00000000 ask_drop=0.00000000 swarm=1
2026-07-30T23:49:17Z,638,SKIP,SKIPPED,,,,,0,radar_block,reason=spread_too_wide conf=0.0 mom_sig=0.00000000 raw_mom_bps=0.00000000 spread_bps=10.77930000 tension=0.00000000 bid_drop=0.00000000 ask_drop=0.00000000 swarm=0
2026-07-30T23:49:26Z,639,SKIP,SKIPPED,,,,,0,radar_block,reason=spread_too_wide conf=0.0 mom_sig=0.00002471 raw_mom_bps=0.00000000 spread_bps=8.00350000 tension=0.00002471 bid_drop=0.00016062 ask_drop=0.00000000 swarm=0
2026-07-30T23:49:34Z,640,SKIP,SKIPPED,,,,,0,radar_block,reason=spread_too_wide conf=0.0 mom_sig=0.00000000 raw_mom_bps=0.00000000 spread_bps=9.43020000 tension=0.00000000 bid_drop=0.00000000 ask_drop=0.00000000 swarm=0
2026-07-30T23:49:42Z,641,SKIP,SKIPPED,,,,,0,radar_block,reason=momentum_too_small conf=0.2158 mom_sig=0.00000000 raw_mom_bps=0.00000000 spread_bps=6.13320000 tension=0.00000000 bid_drop=0.00000000 ask_drop=0.00000000 swarm=0
2026-07-30T23:49:50Z,642,SKIP,SKIPPED,,,,,0,radar_block,reason=momentum_too_small conf=0.0001 mom_sig=0.00004652 raw_mom_bps=0.00000000 spread_bps=4.40910000 tension=0.00004652 bid_drop=0.00000000 ask_drop=0.00030235 swarm=0
2026-07-30T23:49:58Z,643,SKIP,SKIPPED,,,,,0,radar_block,reason=momentum_too_small conf=0.0 mom_sig=0.00001208 raw_mom_bps=0.50877326 spread_bps=4.62490000 tension=0.00001208 bid_drop=0.00000000 ask_drop=0.00007849 swarm=0
2026-07-30T23:50:07Z,644,SKIP,SKIPPED,,,,,0,radar_block,reason=spread_too_wide conf=0.4439 mom_sig=0.53272392 raw_mom_bps=0.18499876 spread_bps=9.18850000 tension=0.53272392 bid_drop=3.46270550 ask_drop=0.00000000 swarm=0
2026-07-30T23:50:15Z,645,SKIP,SKIPPED,,,,,0,radar_block,reason=spread_too_wide conf=0.0 mom_sig=0.00000000 raw_mom_bps=0.00000000 spread_bps=10.78700000 tension=0.00000000 bid_drop=0.00000000 ask_drop=0.00000000 swarm=0
2026-07-30T23:50:24Z,646,SKIP,SKIPPED,,,,,0,tension_stale,reason=nuage_age_ms=7230 thresh=800
2026-07-30T23:50:33Z,647,SKIP,SKIPPED,,,,,0,duo_wait,reason=no_trigger mode=none
2026-07-30T23:50:43Z,648,SKIP,SKIPPED,,,,,0,impulse_resonance_wait,reason=wall_not_collapsed tension=0.35854981 bid_drop=0.00180513 ask_drop=2.33057377
2026-07-30T23:50:51Z,649,SKIP,SKIPPED,,,,,0,radar_block,reason=momentum_too_small conf=0.347 mom_sig=0.00000000 raw_mom_bps=0.00000000 spread_bps=0.13890000 tension=0.00000000 bid_drop=0.00000000 ask_drop=0.00000000 swarm=0
2026-07-30T23:51:04Z,650,SKIP,SKIPPED,,,,,0,duo_wait,reason=no_trigger mode=none
2026-07-30T23:51:15Z,651,SKIP,SKIPPED,,,,,0,duo_wait,reason=no_trigger mode=none
2026-07-30T23:51:24Z,652,SKIP,SKIPPED,,,,,0,radar_block,reason=momentum_too_small conf=0.0016 mom_sig=0.00099954 raw_mom_bps=0.00000000 spread_bps=0.49400000 tension=0.00099954 bid_drop=0.00184231 ask_drop=0.00649700 swarm=0
2026-07-30T23:51:32Z,653,SKIP,SKIPPED,,,,,0,radar_block,reason=momentum_too_small conf=0.0001 mom_sig=0.00005845 raw_mom_bps=0.00000000 spread_bps=0.49400000 tension=0.00005845 bid_drop=0.00037992 ask_drop=0.00000000 swarm=0
2026-07-30T23:51:41Z,654,SKIP,SKIPPED,,,,,0,radar_block,reason=momentum_too_small conf=0.3392 mom_sig=0.00000000 raw_mom_bps=0.00000000 spread_bps=0.49400000 tension=0.00000000 bid_drop=0.00000000 ask_drop=0.00000000 swarm=0
2026-07-30T23:51:49Z,655,SKIP,SKIPPED,,,,,0,impulse_resonance_wait,reason=wall_not_collapsed tension=0.51785802 bid_drop=3.36607712 ask_drop=0.00579250
2026-07-30T23:51:58Z,656,SKIP,SKIPPED,,,,,0,radar_block,reason=momentum_too_small conf=0.3392 mom_sig=0.00000000 raw_mom_bps=0.00000000 spread_bps=0.49400000 tension=0.00000000 bid_drop=0.00000000 ask_drop=0.00000000 swarm=0
2026-07-30T23:52:07Z,657,SKIP,SKIPPED,,,,,0,radar_block,reason=momentum_too_small conf=0.3392 mom_sig=0.00000000 raw_mom_bps=0.00000000 spread_bps=0.49400000 tension=0.00000000 bid_drop=0.00000000 ask_drop=0.00000000 swarm=0
2026-07-30T23:52:15Z,658,SKIP,SKIPPED,,,,,0,radar_block,reason=momentum_too_small conf=0.3392 mom_sig=0.00000000 raw_mom_bps=0.00000000 spread_bps=0.49400000 tension=0.00000000 bid_drop=0.00000000 ask_drop=0.00000000 swarm=0
2026-07-30T23:52:23Z,659,SKIP,SKIPPED,,,,,0,impulse_resonance_wait,reason=wall_not_collapsed tension=0.21431283 bid_drop=0.00000000 ask_drop=1.39303341
2026-07-30T23:52:32Z,660,SKIP,SKIPPED,,,,,0,radar_block,reason=momentum_too_small conf=0.3392 mom_sig=0.00000000 raw_mom_bps=0.00000000 spread_bps=0.49400000 tension=0.00000000 bid_drop=0.00000000 ask_drop=0.00000000 swarm=0
2026-07-30T23:52:40Z,661,SKIP,SKIPPED,,,,,0,radar_block,reason=momentum_too_small conf=0.3392 mom_sig=0.00000000 raw_mom_bps=-0.49398191 spread_bps=0.49400000 tension=0.00000000 bid_drop=0.00000000 ask_drop=0.00000000 swarm=0
2026-07-30T23:52:49Z,662,SKIP,SKIPPED,,,,,0,radar_block,reason=momentum_too_small conf=0.0003 mom_sig=0.00020991 raw_mom_bps=0.00000000 spread_bps=0.23160000 tension=0.00020991 bid_drop=0.00136441 ask_drop=0.00017613 swarm=0
2026-07-30T23:52:57Z,663,SKIP,SKIPPED,,,,,0,radar_block,reason=momentum_too_small conf=0.0 mom_sig=0.00001804 raw_mom_bps=0.27787126 spread_bps=0.27790000 tension=0.00001804 bid_drop=0.00000000 ask_drop=0.00011724 swarm=0
2026-07-30T23:53:05Z,664,SKIP,SKIPPED,,,,,0,radar_block,reason=momentum_too_small conf=0.0 mom_sig=0.00001147 raw_mom_bps=0.00000000 spread_bps=0.12350000 tension=0.00001147 bid_drop=0.00007456 ask_drop=0.00000000 swarm=0
2026-07-30T23:53:14Z,665,SKIP,SKIPPED,,,,,0,tension_stale,reason=nuage_age_ms=3553 thresh=800
2026-07-30T23:53:22Z,666,SKIP,SKIPPED,,,,,0,radar_block,reason=momentum_too_small conf=0.0 mom_sig=0.00001747 raw_mom_bps=0.00000000 spread_bps=0.46310000 tension=0.00001747 bid_drop=0.00000000 ask_drop=0.00011356 swarm=0
2026-07-30T23:53:31Z,667,SKIP,SKIPPED,,,,,0,radar_block,reason=momentum_too_small conf=0.0 mom_sig=0.00001747 raw_mom_bps=-0.21613177 spread_bps=1.00340000 tension=0.00001747 bid_drop=0.00000000 ask_drop=0.00011356 swarm=0
2026-07-30T23:53:40Z,668,SKIP,SKIPPED,,,,,0,radar_block,reason=momentum_too_small conf=0.0 mom_sig=0.00001343 raw_mom_bps=0.00000000 spread_bps=0.01540000 tension=0.00001343 bid_drop=0.00008732 ask_drop=0.00000000 swarm=0
2026-07-30T23:53:48Z,669,SKIP,SKIPPED,,,,,0,radar_block,reason=momentum_too_small conf=0.0 mom_sig=0.00000976 raw_mom_bps=0.00000000 spread_bps=0.64840000 tension=0.00000976 bid_drop=0.00006345 ask_drop=0.00000000 swarm=0
2026-07-30T23:53:57Z,670,SKIP,SKIPPED,,,,,0,radar_block,reason=momentum_too_small conf=0.0 mom_sig=0.00000818 raw_mom_bps=0.00000000 spread_bps=0.64840000 tension=0.00000818 bid_drop=0.00005316 ask_drop=0.00000000 swarm=0
2026-07-30T23:54:05Z,671,SKIP,SKIPPED,,,,,0,radar_block,reason=momentum_too_small conf=0.0002 mom_sig=0.00010263 raw_mom_bps=0.00000000 spread_bps=0.64840000 tension=0.00010263 bid_drop=0.00004802 ask_drop=0.00066710 swarm=0
2026-07-30T23:54:14Z,672,SKIP,SKIPPED,,,,,0,radar_block,reason=momentum_too_small conf=0.0 mom_sig=0.00000781 raw_mom_bps=0.00000000 spread_bps=0.30880000 tension=0.00000781 bid_drop=0.00005076 ask_drop=0.00000000 swarm=0
2026-07-30T23:54:23Z,673,SKIP,SKIPPED,,,,,0,radar_block,reason=momentum_too_small conf=0.3358 mom_sig=0.00000000 raw_mom_bps=0.00000000 spread_bps=0.64840000 tension=0.00000000 bid_drop=0.00000000 ask_drop=0.00000000 swarm=0
2026-07-30T23:54:31Z,674,SKIP,SKIPPED,,,,,0,radar_block,reason=momentum_too_small conf=0.0 mom_sig=0.00001235 raw_mom_bps=0.00000000 spread_bps=0.64840000 tension=0.00001235 bid_drop=0.00008026 ask_drop=0.00000000 swarm=0
2026-07-30T23:54:39Z,675,SKIP,SKIPPED,,,,,0,radar_block,reason=momentum_too_small conf=0.0 mom_sig=0.00001632 raw_mom_bps=0.00000000 spread_bps=0.64840000 tension=0.00001632 bid_drop=0.00010606 ask_drop=0.00000000 swarm=0
2026-07-30T23:54:48Z,676,SKIP,SKIPPED,,,,,0,radar_block,reason=momentum_too_small conf=0.0 mom_sig=0.00001544 raw_mom_bps=0.00000000 spread_bps=0.64840000 tension=0.00001544 bid_drop=0.00010033 ask_drop=0.00000000 swarm=0
2026-07-30T23:54:57Z,677,SKIP,SKIPPED,,,,,0,radar_block,reason=momentum_too_small conf=0.0002 mom_sig=0.00012447 raw_mom_bps=-0.23158226 spread_bps=0.91080000 tension=0.00012447 bid_drop=0.00015294 ask_drop=0.00080908 swarm=0
2026-07-30T23:55:05Z,678,SKIP,SKIPPED,,,,,0,radar_block,reason=momentum_too_small conf=0.0001 mom_sig=0.00003542 raw_mom_bps=0.00000000 spread_bps=1.69810000 tension=0.00003542 bid_drop=0.00023021 ask_drop=0.00000000 swarm=0
2026-07-30T23:55:14Z,679,SKIP,SKIPPED,,,,,0,duo_wait,reason=no_trigger mode=none
2026-07-30T23:55:23Z,680,SKIP,SKIPPED,,,,,0,radar_block,reason=momentum_too_small conf=0.0 mom_sig=0.00001026 raw_mom_bps=-1.74436554 spread_bps=1.74440000 tension=0.00001026 bid_drop=0.00006672 ask_drop=0.00000000 swarm=0
2026-07-30T23:55:31Z,681,SKIP,SKIPPED,,,,,0,impulse_resonance_wait,reason=wall_not_collapsed tension=0.79592777 bid_drop=5.17353053 ask_drop=0.00000000
2026-07-30T23:55:39Z,682,SKIP,SKIPPED,,,,,0,radar_block,reason=momentum_too_small conf=0.0 mom_sig=0.00001204 raw_mom_bps=0.00000000 spread_bps=1.74440000 tension=0.00001204 bid_drop=0.00007828 ask_drop=0.00000000 swarm=0
2026-07-30T23:55:49Z,683,SKIP,SKIPPED,,,,,0,radar_block,reason=momentum_too_small conf=0.3118 mom_sig=0.00000000 raw_mom_bps=0.00000000 spread_bps=1.74440000 tension=0.00000000 bid_drop=0.00000000 ask_drop=0.00000000 swarm=0
2026-07-30T23:55:57Z,684,SKIP,SKIPPED,,,,,0,radar_block,reason=momentum_too_small conf=0.3034 mom_sig=0.00000000 raw_mom_bps=0.00000000 spread_bps=2.13030000 tension=0.00000000 bid_drop=0.00000000 ask_drop=0.00000000 swarm=0
2026-07-30T23:56:06Z,685,SKIP,SKIPPED,,,,,0,duo_wait,reason=no_trigger mode=none
2026-07-30T23:56:14Z,686,SKIP,SKIPPED,,,,,0,radar_block,reason=direction_unclear conf=0.0575 mom_sig=0.03455479 raw_mom_bps=0.00000000 spread_bps=0.01540000 tension=0.03455479 bid_drop=0.00000000 ask_drop=0.22460611 swarm=0
2026-07-30T23:56:23Z,687,SKIP,SKIPPED,,,,,0,impulse_resonance_wait,reason=wall_not_collapsed tension=0.32586293 bid_drop=2.11810902 ask_drop=0.00000000
2026-07-30T23:56:31Z,688,SKIP,SKIPPED,,,,,0,radar_block,reason=momentum_too_small conf=0.3453 mom_sig=0.00000000 raw_mom_bps=0.00000000 spread_bps=0.21620000 tension=0.00000000 bid_drop=0.00000000 ask_drop=0.00000000 swarm=0
2026-07-30T23:56:41Z,689,SKIP,SKIPPED,,,,,0,radar_block,reason=momentum_too_small conf=0.0001 mom_sig=0.00005377 raw_mom_bps=-0.33969070 spread_bps=0.63300000 tension=0.00005377 bid_drop=0.00000000 ask_drop=0.00034950 swarm=0
2026-07-30T23:56:51Z,690,SKIP,SKIPPED,,,,,0,radar_block,reason=direction_unclear conf=0.013 mom_sig=0.17449517 raw_mom_bps=-0.35514599 spread_bps=0.43240000 tension=0.17449517 bid_drop=0.00000000 ask_drop=1.13421858 swarm=0
2026-07-30T23:56:59Z,691,SKIP,SKIPPED,,,,,0,radar_block,reason=direction_unclear conf=0.0756 mom_sig=0.04661703 raw_mom_bps=0.00000000 spread_bps=0.43240000 tension=0.04661703 bid_drop=0.00000000 ask_drop=0.30301071 swarm=0
2026-07-30T23:57:07Z,692,SKIP,SKIPPED,,,,,0,radar_block,reason=momentum_too_small conf=0.0001 mom_sig=0.00004940 raw_mom_bps=0.00000000 spread_bps=0.43240000 tension=0.00004940 bid_drop=0.00000000 ask_drop=0.00032113 swarm=0
2026-07-30T23:57:16Z,693,SKIP,SKIPPED,,,,,0,radar_block,reason=momentum_too_small conf=0.0001 mom_sig=0.00005500 raw_mom_bps=0.00000000 spread_bps=0.33970000 tension=0.00005500 bid_drop=0.00000000 ask_drop=0.00035750 swarm=0
2026-07-30T23:57:25Z,694,SKIP,SKIPPED,,,,,0,radar_block,reason=momentum_too_small conf=0.3426 mom_sig=0.00000000 raw_mom_bps=0.00000000 spread_bps=0.33970000 tension=0.00000000 bid_drop=0.00000000 ask_drop=0.00000000 swarm=0
2026-07-30T23:57:33Z,695,SKIP,SKIPPED,,,,,0,radar_block,reason=momentum_too_small conf=0.0 mom_sig=0.00002616 raw_mom_bps=0.00000000 spread_bps=0.55590000 tension=0.00002616 bid_drop=0.00017002 ask_drop=0.00000000 swarm=0
2026-07-30T23:57:41Z,696,SKIP,SKIPPED,,,,,0,impulse_resonance_wait,reason=wall_not_collapsed tension=0.39709100 bid_drop=2.58109152 ask_drop=0.00052057
2026-07-30T23:57:50Z,697,SKIP,SKIPPED,,,,,0,radar_block,reason=momentum_too_small conf=0.0001 mom_sig=0.00003401 raw_mom_bps=0.00000000 spread_bps=0.24710000 tension=0.00003401 bid_drop=0.00022109 ask_drop=0.00000000 swarm=0
2026-07-30T23:57:58Z,698,SKIP,SKIPPED,,,,,0,radar_block,reason=momentum_too_small conf=0.0 mom_sig=0.00000532 raw_mom_bps=0.00000000 spread_bps=0.24710000 tension=0.00000532 bid_drop=0.00000000 ask_drop=0.00003461 swarm=0
2026-07-30T23:58:07Z,699,SKIP,SKIPPED,,,,,0,impulse_resonance_wait,reason=wall_not_collapsed tension=0.65874866 bid_drop=4.28186632 ask_drop=0.00000000
2026-07-30T23:58:15Z,700,SKIP,SKIPPED,,,,,0,radar_block,reason=momentum_too_small conf=0.3446 mom_sig=0.00000000 raw_mom_bps=0.00000000 spread_bps=0.24710000 tension=0.00000000 bid_drop=0.00000000 ask_drop=0.00000000 swarm=0
2026-07-30T23:58:23Z,701,SKIP,SKIPPED,,,,,0,radar_block,reason=momentum_too_small conf=0.0 mom_sig=0.00000453 raw_mom_bps=-0.24706685 spread_bps=0.24710000 tension=0.00000453 bid_drop=0.00002944 ask_drop=0.00000000 swarm=0
2026-07-30T23:58:31Z,702,SKIP,SKIPPED,,,,,0,radar_block,reason=direction_unclear conf=0.287 mom_sig=0.17487118 raw_mom_bps=0.00000000 spread_bps=0.24710000 tension=0.17487118 bid_drop=1.13666265 ask_drop=0.00000000 swarm=0
2026-07-30T23:58:40Z,703,SKIP,SKIPPED,,,,,0,radar_block,reason=momentum_too_small conf=0.0 mom_sig=0.00000214 raw_mom_bps=0.00000000 spread_bps=0.24710000 tension=0.00000214 bid_drop=0.00001394 ask_drop=0.00000000 swarm=0
2026-07-30T23:58:48Z,704,SKIP,SKIPPED,,,,,0,impulse_resonance_wait,reason=wall_not_collapsed tension=0.56429330 bid_drop=3.66790645 ask_drop=0.00000000
2026-07-30T23:58:57Z,705,SKIP,SKIPPED,,,,,0,radar_block,reason=direction_unclear conf=0.2915 mom_sig=0.17763937 raw_mom_bps=0.00000000 spread_bps=0.24710000 tension=0.17763937 bid_drop=1.15465591 ask_drop=0.00000000 swarm=0
2026-07-30T23:59:05Z,706,SKIP,SKIPPED,,,,,0,radar_block,reason=momentum_too_small conf=0.3446 mom_sig=0.00000000 raw_mom_bps=0.00000000 spread_bps=0.24710000 tension=0.00000000 bid_drop=0.00000000 ask_drop=0.00000000 swarm=0
2026-07-30T23:59:14Z,707,SKIP,SKIPPED,,,,,0,radar_block,reason=direction_unclear conf=0.2808 mom_sig=0.17114996 raw_mom_bps=0.24707296 spread_bps=0.24710000 tension=0.17114996 bid_drop=1.11247472 ask_drop=0.00000000 swarm=0
2026-07-30T23:59:22Z,708,SKIP,SKIPPED,,,,,0,radar_block,reason=momentum_too_small conf=0.3446 mom_sig=0.00000000 raw_mom_bps=0.00000000 spread_bps=0.24710000 tension=0.00000000 bid_drop=0.00000000 ask_drop=0.00000000 swarm=0
2026-07-30T23:59:31Z,709,SKIP,SKIPPED,,,,,0,radar_block,reason=momentum_too_small conf=0.3446 mom_sig=0.00000000 raw_mom_bps=0.00000000 spread_bps=0.24710000 tension=0.00000000 bid_drop=0.00000000 ask_drop=0.00000000 swarm=0
2026-07-30T23:59:39Z,710,SKIP,SKIPPED,,,,,0,radar_block,reason=momentum_too_small conf=0.0 mom_sig=0.00000533 raw_mom_bps=0.00000000 spread_bps=0.24710000 tension=0.00000533 bid_drop=0.00002806 ask_drop=0.00003462 swarm=0
2026-07-30T23:59:48Z,711,SKIP,SKIPPED,,,,,0,radar_block,reason=momentum_too_small conf=0.3446 mom_sig=0.00000000 raw_mom_bps=0.00000000 spread_bps=0.24710000 tension=0.00000000 bid_drop=0.00000000 ask_drop=0.00000000 swarm=0
2026-07-30T23:59:57Z,712,SKIP,SKIPPED,,,,,0,radar_block,reason=momentum_too_small conf=0.3291 mom_sig=0.00000000 raw_mom_bps=0.00000000 spread_bps=0.95730000 tension=0.00000000 bid_drop=0.00000000 ask_drop=0.00000000 swarm=0
2026-07-31T00:00:07Z,713,SKIP,SKIPPED,,,,,0,radar_block,reason=momentum_too_small conf=0.0001 mom_sig=0.00004092 raw_mom_bps=0.00000000 spread_bps=0.95730000 tension=0.00004092 bid_drop=0.00000000 ask_drop=0.00026601 swarm=0
2026-07-31T00:00:16Z,714,SKIP,SKIPPED,,,,,0,radar_block,reason=momentum_too_small conf=0.0007 mom_sig=0.00044646 raw_mom_bps=0.95740771 spread_bps=0.61760000 tension=0.00044646 bid_drop=0.00290200 ask_drop=0.00000000 swarm=0
2026-07-31T00:00:25Z,715,SKIP,SKIPPED,,,,,0,radar_block,reason=momentum_too_small conf=0.0097 mom_sig=0.00614319 raw_mom_bps=0.04632110 spread_bps=0.77200000 tension=0.00614319 bid_drop=0.01895915 ask_drop=0.03993073 swarm=0
2026-07-31T00:00:33Z,716,SKIP,SKIPPED,,,,,0,radar_block,reason=momentum_too_small conf=0.0006 mom_sig=0.00039841 raw_mom_bps=0.00000000 spread_bps=0.98820000 tension=0.00039841 bid_drop=0.00258965 ask_drop=0.00000000 swarm=0
2026-07-31T00:00:43Z,717,SKIP,SKIPPED,,,,,0,impulse_resonance_wait,reason=wall_not_collapsed tension=0.29847076 bid_drop=0.00000000 ask_drop=1.94005995
2026-07-31T00:00:50Z,718,SKIP,SKIPPED,,,,,0,radar_block,reason=momentum_too_small conf=0.0 mom_sig=0.00002119 raw_mom_bps=1.00369049 spread_bps=0.24700000 tension=0.00002119 bid_drop=0.00013776 ask_drop=0.00000000 swarm=0
2026-07-31T00:01:00Z,719,SKIP,SKIPPED,,,,,0,radar_block,reason=direction_unclear conf=0.0125 mom_sig=0.10182373 raw_mom_bps=0.00000000 spread_bps=1.00360000 tension=0.10182373 bid_drop=0.00000000 ask_drop=0.66185423 swarm=0
2026-07-31T00:01:08Z,720,SKIP,SKIPPED,,,,,0,impulse_resonance_wait,reason=wall_not_collapsed tension=0.58348371 bid_drop=0.00016602 ask_drop=3.79264409
2026-07-31T00:01:16Z,721,SKIP,SKIPPED,,,,,0,radar_block,reason=direction_unclear conf=0.0436 mom_sig=0.02795104 raw_mom_bps=0.00000000 spread_bps=1.01900000 tension=0.02795104 bid_drop=0.00044777 ask_drop=0.18168179 swarm=0
2026-07-31T00:01:27Z,722,SKIP,SKIPPED,,,,,0,impulse_resonance_wait,reason=wall_not_collapsed tension=0.26850948 bid_drop=0.00000000 ask_drop=1.74531161
2026-07-31T00:01:37Z,723,SKIP,SKIPPED,,,,,0,tension_stale,reason=nuage_age_ms=5964 thresh=800
2026-07-31T00:01:57Z,724,BUY,FILLED,64770.00000000,64770.00000000,0.24080000,0.00000000,0.00000000,shock_inversion_stop,radar=long conf=0.9759 size_note=hunter_revenge_1.5x+entry_25_75_full soft=0 pct=0.00000000 tension=1.43017877 bid_drop=0.00000000 ask_drop=9.29616203
2026-07-31T00:02:07Z,725,SKIP,SKIPPED,,,,,0,radar_block,reason=momentum_too_small conf=0.0 mom_sig=0.00000318 raw_mom_bps=0.00000000 spread_bps=1.14240000 tension=0.00000318 bid_drop=0.00002064 ask_drop=0.00000000 swarm=0
2026-07-31T00:02:15Z,726,SKIP,SKIPPED,,,,,0,impulse_resonance_wait,reason=wall_not_collapsed tension=0.57160512 bid_drop=3.71543325 ask_drop=0.00015992
2026-07-31T00:02:24Z,727,SKIP,SKIPPED,,,,,0,radar_block,reason=momentum_too_small conf=0.0 mom_sig=0.00001058 raw_mom_bps=-1.14241606 spread_bps=1.94500000 tension=0.00001058 bid_drop=0.00006879 ask_drop=0.00000000 swarm=0
2026-07-31T00:02:32Z,728,SKIP,SKIPPED,,,,,0,radar_block,reason=momentum_too_small conf=0.0 mom_sig=0.00001799 raw_mom_bps=0.00000000 spread_bps=1.97590000 tension=0.00001799 bid_drop=0.00011695 ask_drop=0.00000000 swarm=0
2026-07-31T00:02:41Z,729,SKIP,SKIPPED,,,,,0,radar_block,reason=momentum_too_small conf=0.2889 mom_sig=0.00000000 raw_mom_bps=0.00000000 spread_bps=2.79380000 tension=0.00000000 bid_drop=0.00000000 ask_drop=0.00000000 swarm=0
2026-07-31T00:02:49Z,730,SKIP,SKIPPED,,,,,0,radar_block,reason=momentum_too_small conf=0.0 mom_sig=0.00000879 raw_mom_bps=0.00000000 spread_bps=2.79380000 tension=0.00000879 bid_drop=0.00005716 ask_drop=0.00000000 swarm=0
2026-07-31T00:02:58Z,731,SKIP,SKIPPED,,,,,0,radar_block,reason=momentum_too_small conf=0.0 mom_sig=0.00002170 raw_mom_bps=0.00000000 spread_bps=2.80930000 tension=0.00002170 bid_drop=0.00000000 ask_drop=0.00014102 swarm=0
2026-07-31T00:03:06Z,732,SKIP,SKIPPED,,,,,0,radar_block,reason=momentum_too_small conf=0.0 mom_sig=0.00001829 raw_mom_bps=0.00000000 spread_bps=2.80930000 tension=0.00001829 bid_drop=0.00000000 ask_drop=0.00011889 swarm=0
2026-07-31T00:03:14Z,733,SKIP,SKIPPED,,,,,0,radar_block,reason=momentum_too_small conf=0.0006 mom_sig=0.00038152 raw_mom_bps=0.00000000 spread_bps=1.51260000 tension=0.00038152 bid_drop=0.00000000 ask_drop=0.00247990 swarm=0
2026-07-31T00:03:22Z,734,SKIP,SKIPPED,,,,,0,impulse_resonance_wait,reason=wall_not_collapsed tension=0.73266092 bid_drop=4.76229598 ask_drop=2.33867017
2026-07-31T00:03:32Z,735,SKIP,SKIPPED,,,,,0,radar_block,reason=momentum_too_small conf=0.0003 mom_sig=0.00016691 raw_mom_bps=3.01066238 spread_bps=0.06170000 tension=0.00016691 bid_drop=0.00108494 ask_drop=0.00000000 swarm=0
2026-07-31T00:03:40Z,736,SKIP,SKIPPED,,,,,0,radar_block,reason=momentum_too_small conf=0.0002 mom_sig=0.00014077 raw_mom_bps=0.55558642 spread_bps=0.95680000 tension=0.00014077 bid_drop=0.00013782 ask_drop=0.00091500 swarm=0
2026-07-31T00:03:48Z,737,SKIP,SKIPPED,,,,,0,radar_block,reason=spread_too_wide conf=0.5 mom_sig=8.16752014 raw_mom_bps=0.00000000 spread_bps=8.00770000 tension=8.16752014 bid_drop=0.00000000 ask_drop=53.08888094 swarm=0
2026-07-31T00:03:58Z,738,SKIP,SKIPPED,,,,,0,impulse_resonance_wait,reason=wall_not_collapsed tension=0.84350233 bid_drop=5.48276515 ask_drop=0.00790970
2026-07-31T00:04:07Z,739,SKIP,SKIPPED,,,,,0,tension_stale,reason=nuage_age_ms=3368 thresh=800
2026-07-31T00:04:15Z,740,SKIP,SKIPPED,,,,,0,radar_block,reason=momentum_too_small conf=0.0009 mom_sig=0.00092961 raw_mom_bps=10.95016595 spread_bps=6.74960000 tension=0.00092961 bid_drop=0.00000000 ask_drop=0.00604246 swarm=0
2026-07-31T00:04:23Z,741,SKIP,SKIPPED,,,,,0,radar_block,reason=momentum_too_small conf=0.0001 mom_sig=0.00009855 raw_mom_bps=0.00000000 spread_bps=6.74960000 tension=0.00009855 bid_drop=0.00008628 ask_drop=0.00064056 swarm=0
2026-07-31T00:04:32Z,742,SKIP,SKIPPED,,,,,0,radar_block,reason=momentum_too_small conf=0.0001 mom_sig=0.00009855 raw_mom_bps=6.75413112 spread_bps=6.74960000 tension=0.00009855 bid_drop=0.00000000 ask_drop=0.00064056 swarm=0
2026-07-31T00:04:40Z,743,SKIP,SKIPPED,,,,,0,radar_block,reason=momentum_too_small conf=0.2024 mom_sig=0.00000000 raw_mom_bps=0.00000000 spread_bps=6.74960000 tension=0.00000000 bid_drop=0.00000000 ask_drop=0.00000000 swarm=0
2026-07-31T00:04:49Z,744,SKIP,SKIPPED,,,,,0,radar_block,reason=momentum_too_small conf=0.0 mom_sig=0.00001364 raw_mom_bps=0.00000000 spread_bps=0.35470000 tension=0.00001364 bid_drop=0.00008869 ask_drop=0.00000000 swarm=0
2026-07-31T00:04:57Z,745,SKIP,SKIPPED,,,,,0,radar_block,reason=momentum_too_small conf=0.0001 mom_sig=0.00007160 raw_mom_bps=0.00000000 spread_bps=0.35470000 tension=0.00007160 bid_drop=0.00000000 ask_drop=0.00046540 swarm=0
2026-07-31T00:05:06Z,746,SKIP,SKIPPED,,,,,0,radar_block,reason=momentum_too_small conf=0.3422 mom_sig=0.00000000 raw_mom_bps=-0.35465641 spread_bps=0.35470000 tension=0.00000000 bid_drop=0.00000000 ask_drop=0.00000000 swarm=0
2026-07-31T00:05:19Z,747,SKIP,SKIPPED,,,,,0,radar_block,reason=momentum_too_small conf=0.0001 mom_sig=0.00004579 raw_mom_bps=-0.35465641 spread_bps=0.35470000 tension=0.00004579 bid_drop=0.00000000 ask_drop=0.00029766 swarm=0
2026-07-31T00:05:28Z,748,SKIP,SKIPPED,,,,,0,duo_wait,reason=no_trigger mode=none
2026-07-31T00:05:37Z,749,SKIP,SKIPPED,,,,,0,duo_wait,reason=no_trigger mode=none
2026-07-31T00:05:46Z,750,SKIP,SKIPPED,,,,,0,radar_block,reason=momentum_too_small conf=0.0001 mom_sig=0.00007075 raw_mom_bps=0.00000000 spread_bps=0.35470000 tension=0.00007075 bid_drop=0.00000000 ask_drop=0.00045985 swarm=0
2026-07-31T00:05:54Z,751,SKIP,SKIPPED,,,,,0,radar_block,reason=momentum_too_small conf=0.3497 mom_sig=0.00000000 raw_mom_bps=0.00000000 spread_bps=0.01540000 tension=0.00000000 bid_drop=0.00000000 ask_drop=0.00000000 swarm=0
2026-07-31T00:06:02Z,752,SKIP,SKIPPED,,,,,0,radar_block,reason=momentum_too_small conf=0.0001 mom_sig=0.00007897 raw_mom_bps=-0.01541942 spread_bps=0.01540000 tension=0.00007897 bid_drop=0.00051333 ask_drop=0.00046394 swarm=0
2026-07-31T00:06:12Z,753,SKIP,SKIPPED,,,,,0,duo_wait,reason=no_trigger mode=none
2026-07-31T00:06:21Z,754,SKIP,SKIPPED,,,,,0,duo_wait,reason=no_trigger mode=none
2026-07-31T00:06:29Z,755,SKIP,SKIPPED,,,,,0,radar_block,reason=momentum_too_small conf=0.3281 mom_sig=0.00000000 raw_mom_bps=0.00000000 spread_bps=1.00220000 tension=0.00000000 bid_drop=0.00000000 ask_drop=0.00000000 swarm=0
2026-07-31T00:06:42Z,756,SKIP,SKIPPED,,,,,0,impulse_resonance_wait,reason=wall_not_collapsed tension=0.27724350 bid_drop=0.00006816 ask_drop=1.80208275
2026-07-31T00:06:50Z,757,SKIP,SKIPPED,,,,,0,impulse_resonance_wait,reason=wall_not_collapsed tension=0.34123538 bid_drop=2.21802998 ask_drop=0.00000000
2026-07-31T00:06:59Z,758,SKIP,SKIPPED,,,,,0,radar_block,reason=momentum_too_small conf=0.3176 mom_sig=0.00000000 raw_mom_bps=0.00000000 spread_bps=1.48000000 tension=0.00000000 bid_drop=0.00000000 ask_drop=0.00000000 swarm=0
2026-07-31T00:07:09Z,759,SKIP,SKIPPED,,,,,0,duo_wait,reason=no_trigger mode=none
2026-07-31T00:07:17Z,760,SKIP,SKIPPED,,,,,0,impulse_resonance_wait,reason=wall_not_collapsed tension=0.40369519 bid_drop=2.62401873 ask_drop=0.00043616
2026-07-31T00:07:25Z,761,SKIP,SKIPPED,,,,,0,radar_block,reason=momentum_too_small conf=0.3176 mom_sig=0.00000000 raw_mom_bps=0.00000000 spread_bps=1.48000000 tension=0.00000000 bid_drop=0.00000000 ask_drop=0.00000000 swarm=0
2026-07-31T00:07:33Z,762,SKIP,SKIPPED,,,,,0,radar_block,reason=momentum_too_small conf=0.3176 mom_sig=0.00000000 raw_mom_bps=0.00000000 spread_bps=1.48000000 tension=0.00000000 bid_drop=0.00000000 ask_drop=0.00000000 swarm=0
2026-07-31T00:07:48Z,763,SKIP,SKIPPED,,,,,0,radar_block,reason=momentum_too_small conf=0.0026 mom_sig=0.00168748 raw_mom_bps=0.00000000 spread_bps=1.48000000 tension=0.00168748 bid_drop=0.00000000 ask_drop=0.01096861 swarm=0
2026-07-31T00:07:56Z,764,SKIP,SKIPPED,,,,,0,radar_block,reason=direction_unclear conf=0.1075 mom_sig=0.07110657 raw_mom_bps=0.00000000 spread_bps=1.48000000 tension=0.07110657 bid_drop=0.46219270 ask_drop=0.00861047 swarm=0
2026-07-31T00:08:05Z,765,SKIP,SKIPPED,,,,,0,duo_wait,reason=no_trigger mode=none
2026-07-31T00:08:15Z,766,SKIP,SKIPPED,,,,,0,duo_wait,reason=no_trigger mode=none
2026-07-31T00:08:24Z,767,SKIP,SKIPPED,,,,,0,duo_wait,reason=no_trigger mode=none
2026-07-31T00:08:34Z,768,SKIP,SKIPPED,,,,,0,radar_block,reason=momentum_too_small conf=0.0001 mom_sig=0.00009209 raw_mom_bps=0.00000000 spread_bps=1.48000000 tension=0.00009209 bid_drop=0.00059861 ask_drop=0.00000000 swarm=0
2026-07-31T00:08:47Z,769,SKIP,SKIPPED,,,,,0,radar_block,reason=momentum_too_small conf=0.0 mom_sig=0.00002255 raw_mom_bps=0.00000000 spread_bps=1.48000000 tension=0.00002255 bid_drop=0.00014659 ask_drop=0.00000000 swarm=0
2026-07-31T00:08:56Z,770,SKIP,SKIPPED,,,,,0,impulse_resonance_wait,reason=wall_not_collapsed tension=0.83229844 bid_drop=5.40993986 ask_drop=0.00000000
2026-07-31T00:09:04Z,771,SKIP,SKIPPED,,,,,0,radar_block,reason=momentum_too_small conf=0.0008 mom_sig=0.00047223 raw_mom_bps=0.00000000 spread_bps=0.13890000 tension=0.00047223 bid_drop=0.00306947 ask_drop=0.00000000 swarm=0
2026-07-31T00:09:14Z,772,SKIP,SKIPPED,,,,,0,radar_block,reason=momentum_too_small conf=0.0003 mom_sig=0.00015374 raw_mom_bps=0.00000000 spread_bps=0.07720000 tension=0.00015374 bid_drop=0.00099933 ask_drop=0.00048676 swarm=1
2026-07-31T00:09:22Z,773,SKIP,SKIPPED,,,,,0,radar_block,reason=momentum_too_small conf=0.0002 mom_sig=0.00012644 raw_mom_bps=0.00000000 spread_bps=0.01540000 tension=0.00012644 bid_drop=0.00082184 ask_drop=0.00000000 swarm=0
2026-07-31T00:09:31Z,774,SKIP,SKIPPED,,,,,0,radar_block,reason=momentum_too_small conf=0.3497 mom_sig=0.00000000 raw_mom_bps=0.00000000 spread_bps=0.01540000 tension=0.00000000 bid_drop=0.00000000 ask_drop=0.00000000 swarm=0
2026-07-31T00:09:39Z,775,SKIP,SKIPPED,,,,,0,radar_block,reason=momentum_too_small conf=0.0 mom_sig=0.00001976 raw_mom_bps=0.00000000 spread_bps=0.01540000 tension=0.00001976 bid_drop=0.00012844 ask_drop=0.00000000 swarm=0
2026-07-31T00:09:48Z,776,SKIP,SKIPPED,,,,,0,radar_block,reason=momentum_too_small conf=0.0004 mom_sig=0.00021406 raw_mom_bps=0.00000000 spread_bps=0.01540000 tension=0.00021406 bid_drop=0.00000000 ask_drop=0.00139142 swarm=0
2026-07-31T00:09:56Z,777,SKIP,SKIPPED,,,,,0,radar_block,reason=momentum_too_small conf=0.0 mom_sig=0.00001112 raw_mom_bps=0.00000000 spread_bps=0.01540000 tension=0.00001112 bid_drop=0.00000000 ask_drop=0.00007229 swarm=0
2026-07-31T00:10:10Z,778,SKIP,SKIPPED,,,,,0,radar_block,reason=direction_unclear conf=0.0173 mom_sig=0.01036494 raw_mom_bps=0.00000000 spread_bps=0.01540000 tension=0.01036494 bid_drop=0.00616254 ask_drop=0.06737208 swarm=0
2026-07-31T00:10:23Z,779,SKIP,SKIPPED,,,,,0,radar_block,reason=momentum_too_small conf=0.0004 mom_sig=0.00021414 raw_mom_bps=0.00000000 spread_bps=0.01540000 tension=0.00021414 bid_drop=0.00139192 ask_drop=0.00000000 swarm=0
2026-07-31T00:10:33Z,780,SKIP,SKIPPED,,,,,0,radar_block,reason=momentum_too_small conf=0.0 mom_sig=0.00000247 raw_mom_bps=0.00000000 spread_bps=0.01540000 tension=0.00000247 bid_drop=0.00001603 ask_drop=0.00000000 swarm=0
2026-07-31T00:10:47Z,781,SKIP,SKIPPED,,,,,0,duo_wait,reason=no_trigger mode=none
2026-07-31T00:10:56Z,782,SKIP,SKIPPED,,,,,0,radar_block,reason=direction_unclear conf=0.0574 mom_sig=0.03487133 raw_mom_bps=0.00000000 spread_bps=0.20060000 tension=0.03487133 bid_drop=0.22666366 ask_drop=0.00000000 swarm=1
2026-07-31T00:11:05Z,783,SKIP,SKIPPED,,,,,0,radar_block,reason=momentum_too_small conf=0.0007 mom_sig=0.00056812 raw_mom_bps=-2.11432804 spread_bps=4.79960000 tension=0.00056812 bid_drop=0.00000000 ask_drop=0.00369277 swarm=0
2026-07-31T00:11:14Z,784,SKIP,SKIPPED,,,,,0,radar_block,reason=momentum_too_small conf=0.0003 mom_sig=0.00031871 raw_mom_bps=0.00000000 spread_bps=5.60210000 tension=0.00031871 bid_drop=0.00000000 ask_drop=0.00207163 swarm=0
2026-07-31T00:11:22Z,785,SKIP,SKIPPED,,,,,0,radar_block,reason=momentum_too_small conf=0.0002 mom_sig=0.00010183 raw_mom_bps=0.00000000 spread_bps=1.71370000 tension=0.00010183 bid_drop=0.00056599 ask_drop=0.00066188 swarm=0
2026-07-31T00:11:31Z,786,SKIP,SKIPPED,,,,,0,radar_block,reason=momentum_too_small conf=0.0 mom_sig=0.00001520 raw_mom_bps=0.00000000 spread_bps=0.60210000 tension=0.00001520 bid_drop=0.00000000 ask_drop=0.00009879 swarm=0
2026-07-31T00:11:40Z,787,SKIP,SKIPPED,,,,,0,duo_wait,reason=no_trigger mode=none
2026-07-31T00:11:48Z,788,SKIP,SKIPPED,,,,,0,duo_wait,reason=no_trigger mode=none
2026-07-31T00:11:56Z,789,SKIP,SKIPPED,,,,,0,radar_block,reason=momentum_too_small conf=0.242 mom_sig=0.00000000 raw_mom_bps=0.00000000 spread_bps=4.93860000 tension=0.00000000 bid_drop=0.00000000 ask_drop=0.00000000 swarm=0
2026-07-31T00:12:05Z,790,SKIP,SKIPPED,,,,,0,radar_block,reason=momentum_too_small conf=0.0 mom_sig=0.00002119 raw_mom_bps=-0.15440677 spread_bps=5.09290000 tension=0.00002119 bid_drop=0.00000000 ask_drop=0.00013772 swarm=0
2026-07-31T00:12:14Z,791,SKIP,SKIPPED,,,,,0,radar_block,reason=momentum_too_small conf=0.2342 mom_sig=0.00000000 raw_mom_bps=0.00000000 spread_bps=5.29340000 tension=0.00000000 bid_drop=0.00000000 ask_drop=0.00000000 swarm=0
2026-07-31T00:12:24Z,792,SKIP,SKIPPED,,,,,0,radar_block,reason=momentum_too_small conf=0.0 mom_sig=0.00003188 raw_mom_bps=-0.30881831 spread_bps=5.60210000 tension=0.00003188 bid_drop=0.00000000 ask_drop=0.00020722 swarm=0
2026-07-31T00:12:34Z,793,SKIP,SKIPPED,,,,,0,radar_block,reason=momentum_too_small conf=0.0001 mom_sig=0.00011522 raw_mom_bps=0.00000000 spread_bps=5.60210000 tension=0.00011522 bid_drop=0.00074894 ask_drop=0.00000000 swarm=0
2026-07-31T00:12:42Z,794,SKIP,SKIPPED,,,,,0,radar_block,reason=momentum_too_small conf=0.2275 mom_sig=0.00000000 raw_mom_bps=0.00000000 spread_bps=5.60210000 tension=0.00000000 bid_drop=0.00000000 ask_drop=0.00000000 swarm=0
2026-07-31T00:12:51Z,795,SKIP,SKIPPED,,,,,0,radar_block,reason=direction_unclear conf=0.0129 mom_sig=0.00804734 raw_mom_bps=0.00000000 spread_bps=0.57130000 tension=0.00804734 bid_drop=0.05230771 ask_drop=0.00009010 swarm=0
2026-07-31T00:13:00Z,796,SKIP,SKIPPED,,,,,0,radar_block,reason=momentum_too_small conf=0.0003 mom_sig=0.00020629 raw_mom_bps=-5.03107383 spread_bps=0.57130000 tension=0.00020629 bid_drop=0.00134091 ask_drop=0.00009749 swarm=0
2026-07-31T00:13:08Z,797,SKIP,SKIPPED,,,,,0,radar_block,reason=momentum_too_small conf=0.3372 mom_sig=0.00000000 raw_mom_bps=0.00000000 spread_bps=0.58670000 tension=0.00000000 bid_drop=0.00000000 ask_drop=0.00000000 swarm=1
2026-07-31T00:13:17Z,798,SKIP,SKIPPED,,,,,0,radar_block,reason=momentum_too_small conf=0.0001 mom_sig=0.00008090 raw_mom_bps=0.00000000 spread_bps=0.58670000 tension=0.00008090 bid_drop=0.00052588 ask_drop=0.00044259 swarm=0
2026-07-31T00:13:26Z,799,SKIP,SKIPPED,,,,,0,radar_block,reason=momentum_too_small conf=0.0 mom_sig=0.00000910 raw_mom_bps=0.00000000 spread_bps=0.58670000 tension=0.00000910 bid_drop=0.00005916 ask_drop=0.00000000 swarm=0
