ts,px_close,H_alpha,H_beta,h_src_alpha,h_src_beta,pos_alpha,pos_beta,pnlVirtAlpha,pnlVirtBeta
2026-09-05T07:10:00,79643.50,0,0,CHAMP,CHAMP,,,0.0000,0.0000
2026-09-05T07:11:00,79647.50,0,0,CHAMP,CHAMP,79643.4,79643.4,0.0000,0.0000
2026-09-05T07:16:00,79647.50,0,0,CHAMP,CHAMP,,,0.0000,0.0000
2026-09-05T07:17:00,79666.70,0,0,CHAMP,CHAMP,,,0.0000,0.0000
2026-09-05T07:18:00,79649.50,0,0,CHAMP,CHAMP,,,0.0000,0.0000
2026-09-05T07:19:00,79631.10,0,0,CHAMP,CHAMP,,,0.0000,0.0000
2026-09-05T07:20:00,79648.40,0,0,CHAMP,CHAMP,,,0.0000,0.0000
2026-09-05T07:21:00,79648.50,0,0,CHAMP,CHAMP,79648.5,79648.5,0.0000,0.0000
2026-09-05T07:22:00,79658.80,0,0,SHADOW,SHADOW,,,0.7712,0.0074
2026-09-05T07:23:00,79662.70,1,1,SHADOW,SHADOW,,,0.7712,0.0074
2026-09-05T07:24:00,79662.80,1,1,SHADOW,SHADOW,,,0.7712,0.0074
2026-09-05T07:25:00,79659.40,1,1,SHADOW,SHADOW,,,0.7712,0.0074
2026-09-05T07:26:00,79659.50,1,1,SHADOW,SHADOW,79659.5,79659.5,0.7712,0.0074
2026-09-05T07:27:00,79679.80,1,1,SHADOW,SHADOW,,,2.2839,0.0148
2026-09-05T07:28:00,79680.00,1,1,SHADOW,SHADOW,,,2.2839,0.0148
2026-09-05T07:29:00,79679.70,1,1,SHADOW,SHADOW,,,2.2839,0.0148
2026-09-05T07:30:00,79679.10,1,1,SHADOW,SHADOW,,,2.2839,0.0148
2026-09-05T07:31:00,79674.80,1,1,SHADOW,SHADOW,79679.1,79679.1,2.2839,0.0148
2026-09-05T07:32:00,79669.00,1,1,SHADOW,SHADOW,79679.1,,2.2839,0.9269
2026-09-05T07:33:00,79676.90,1,1,SHADOW,SHADOW,79679.1,,2.2839,0.9269
2026-09-05T07:34:00,79704.60,1,1,SHADOW,SHADOW,,,4.4491,0.9269
2026-09-05T07:35:00,79690.00,1,1,SHADOW,SHADOW,,,4.4491,0.9269
2026-09-05T07:36:00,79690.60,1,1,SHADOW,SHADOW,79689.9,79689.9,4.4491,0.9269
2026-09-05T07:37:00,79690.60,1,1,SHADOW,SHADOW,,79689.9,4.7531,0.9269
2026-09-05T07:38:00,79690.60,1,1,SHADOW,SHADOW,,79689.9,4.7531,0.9269
2026-09-05T07:39:00,79690.00,1,1,SHADOW,SHADOW,,79689.9,4.7531,0.9269
2026-09-05T07:40:00,79681.90,1,1,SHADOW,SHADOW,,,4.7531,1.5201
2026-09-05T07:41:00,79681.90,1,1,SHADOW,SHADOW,79682.0,79682.0,4.7531,1.5201
2026-09-05T07:42:00,79681.90,1,1,SHADOW,SHADOW,79682.0,,4.7531,1.5275
2026-09-05T07:43:00,79687.10,1,1,SHADOW,SHADOW,,,5.1387,1.5275
2026-09-05T07:44:00,79685.60,1,1,SHADOW,SHADOW,,,5.1387,1.5275
2026-09-05T07:45:00,79718.70,1,1,SHADOW,SHADOW,,,5.1387,1.5275
2026-09-05T07:46:00,79721.40,1,1,SHADOW,SHADOW,79718.7,79718.7,5.1387,1.5275
2026-09-05T07:47:00,79722.10,1,1,SHADOW,SHADOW,79718.7,79718.7,5.1387,1.5275
2026-09-05T07:48:00,79705.50,1,1,SHADOW,SHADOW,,,5.3908,2.5137
2026-09-05T07:49:00,79685.60,1,1,SHADOW,SHADOW,,,5.3908,2.5137
2026-09-05T07:50:00,79685.70,1,1,SHADOW,SHADOW,,,5.3908,2.5137
2026-09-05T07:51:00,79701.20,1,1,SHADOW,SHADOW,79685.6,79685.6,5.3908,2.5137
2026-09-05T07:52:00,79701.10,1,1,SHADOW,SHADOW,79685.6,79685.6,5.3908,2.5137
2026-09-05T07:53:00,79686.00,1,1,SHADOW,SHADOW,,79685.6,6.5475,2.5137
2026-09-05T07:54:00,79686.10,1,1,SHADOW,SHADOW,,79685.6,6.5475,2.5137
2026-09-05T07:55:00,79686.00,1,1,SHADOW,SHADOW,,79685.6,6.5475,2.5137
2026-09-05T07:56:00,79686.10,1,1,SHADOW,SHADOW,79686.1,79685.6,6.5475,2.5137
2026-09-05T07:57:00,79656.40,1,1,SHADOW,SHADOW,79686.1,,6.5475,4.6863
2026-09-05T07:58:00,79673.00,1,1,SHADOW,SHADOW,79686.1,,6.5475,4.6863
2026-09-05T07:59:00,79673.00,1,1,SHADOW,SHADOW,79686.1,,6.5475,4.6863
2026-09-05T08:00:00,79653.20,1,1,SHADOW,SHADOW,79686.1,,6.5475,4.6863
2026-09-05T08:01:00,79641.20,1,1,SHADOW,SHADOW,79686.1,79653.2,6.5475,4.6863
2026-09-05T08:02:00,79641.20,1,1,SHADOW,SHADOW,79686.1,79653.2,6.5475,4.6863
2026-09-05T08:03:00,79638.20,1,1,SHADOW,SHADOW,79686.1,79653.2,6.5475,4.6863
2026-09-05T08:04:00,79605.10,1,1,SHADOW,SHADOW,79686.1,,6.5475,8.5867
2026-09-05T08:05:00,79603.90,1,1,SHADOW,SHADOW,79686.1,,6.5475,8.5867
2026-09-05T08:06:00,79612.00,1,1,SHADOW,SHADOW,79686.1,79603.9,6.5475,8.5867
2026-09-05T08:07:00,79612.00,1,1,SHADOW,SHADOW,79686.1,79603.9,6.5475,8.5867
2026-09-05T08:08:00,79619.90,1,1,SHADOW,SHADOW,79686.1,79603.9,6.5475,8.5867
2026-09-05T08:09:00,79610.10,1,1,SHADOW,SHADOW,79686.1,79603.9,6.5475,8.5867
2026-09-05T08:10:00,79621.50,1,1,SHADOW,SHADOW,79686.1,79603.9,6.5475,8.5867
2026-09-05T08:11:00,79655.00,1,1,SHADOW,SHADOW,79686.1,79603.9,6.5475,8.5867
2026-09-05T08:12:00,79654.90,1,1,SHADOW,SHADOW,79686.1,79603.9,6.5475,8.5867
2026-09-05T08:13:00,79631.10,1,1,SHADOW,SHADOW,79686.1,79603.9,6.5475,8.5867
2026-09-05T08:14:00,79616.60,1,1,SHADOW,SHADOW,79686.1,79603.9,6.5475,8.5867
2026-09-05T08:15:00,79627.20,1,1,SHADOW,SHADOW,79686.1,79603.9,6.5475,8.5867
2026-09-05T08:16:00,79640.90,1,1,SHADOW,SHADOW,79686.1,79603.9,6.5475,8.5867
2026-09-05T08:17:00,79661.00,1,1,SHADOW,SHADOW,79686.1,79603.9,6.5475,8.5867
2026-09-05T08:18:00,79684.70,1,1,SHADOW,SHADOW,79686.1,79603.9,6.5475,8.5867
2026-09-05T08:19:00,79621.40,1,1,SHADOW,SHADOW,79686.1,79603.9,6.5475,8.5867
2026-09-05T08:20:00,79621.30,1,1,SHADOW,SHADOW,79686.1,79603.9,6.5475,8.5867
2026-09-05T08:21:00,79625.40,1,1,SHADOW,SHADOW,79686.1,79603.9,6.5475,8.5867
2026-09-05T08:22:00,79626.50,1,1,SHADOW,SHADOW,79686.1,79603.9,6.5475,8.5867
2026-09-05T08:23:00,79616.30,1,1,SHADOW,SHADOW,79686.1,79603.9,6.5475,8.5867
2026-09-05T08:24:00,79604.80,1,1,SHADOW,SHADOW,79686.1,79603.9,6.5475,8.5867
2026-09-05T08:25:00,79568.00,1,1,SHADOW,SHADOW,79686.1,,6.5475,11.2487
2026-09-05T08:26:00,79568.20,1,1,SHADOW,SHADOW,79686.1,79568.0,6.5475,11.2487
2026-09-05T08:27:00,79608.80,1,1,SHADOW,SHADOW,79686.1,,6.5475,11.2561
2026-09-05T08:28:00,79603.60,1,1,SHADOW,SHADOW,79686.1,,6.5475,11.2561
2026-09-05T08:29:00,79603.50,1,1,SHADOW,SHADOW,79686.1,,6.5475,11.2561
2026-09-05T08:30:00,79584.90,1,1,SHADOW,SHADOW,79686.1,,6.5475,11.2561
2026-09-05T08:31:00,79585.00,1,1,SHADOW,SHADOW,79686.1,79585.0,6.5475,11.2561
2026-09-05T08:32:00,79558.90,1,1,SHADOW,SHADOW,79686.1,,6.5475,14.4224
2026-09-05T08:33:00,79558.90,1,1,SHADOW,SHADOW,79686.1,,6.5475,14.4224
2026-09-05T08:34:00,79529.40,1,1,SHADOW,SHADOW,79686.1,,6.5475,14.4224
2026-09-05T08:35:00,79538.40,1,1,SHADOW,SHADOW,79686.1,,6.5475,14.4224
2026-09-05T08:36:00,79562.50,1,1,SHADOW,SHADOW,79686.1,79538.5,6.5475,14.4224
2026-09-05T08:37:00,79566.20,1,1,SHADOW,SHADOW,79686.1,79538.5,6.5475,14.4224
2026-09-05T08:38:00,79581.80,1,1,SHADOW,SHADOW,79686.1,79538.5,6.5475,14.4224
2026-09-05T08:39:00,79573.80,1,1,SHADOW,SHADOW,79686.1,79538.5,6.5475,14.4224
2026-09-05T08:40:00,79573.80,1,1,SHADOW,SHADOW,79686.1,79538.5,6.5475,14.4224
2026-09-05T08:41:00,79573.80,1,1,SHADOW,SHADOW,79686.1,79538.5,6.5475,14.4224
2026-09-05T08:42:00,79578.20,1,1,SHADOW,SHADOW,79686.1,79538.5,6.5475,14.4224
2026-09-05T08:43:00,79581.80,1,1,SHADOW,SHADOW,79686.1,79538.5,6.5475,14.4224
2026-09-05T08:44:00,79581.70,1,1,SHADOW,SHADOW,79686.1,79538.5,6.5475,14.4224
2026-09-05T08:45:00,79581.80,1,1,SHADOW,SHADOW,79686.1,79538.5,6.5475,14.4224
2026-09-05T08:46:00,79580.30,1,1,SHADOW,SHADOW,79686.1,79538.5,6.5475,14.4224
2026-09-05T08:47:00,79579.80,1,1,SHADOW,SHADOW,79686.1,79538.5,6.5475,14.4224
2026-09-05T08:48:00,79574.10,1,1,SHADOW,SHADOW,79686.1,79538.5,6.5475,14.4224
2026-09-05T08:49:00,79561.70,1,1,SHADOW,SHADOW,79686.1,79538.5,6.5475,14.4224
2026-09-05T08:50:00,79577.70,1,1,SHADOW,SHADOW,79686.1,79538.5,6.5475,14.4224
2026-09-05T08:51:00,79575.00,1,1,SHADOW,SHADOW,79686.1,79538.5,6.5475,14.4224
2026-09-05T08:52:00,79587.00,1,1,SHADOW,SHADOW,79686.1,79538.5,6.5475,14.4224
2026-09-05T08:53:00,79591.80,1,1,SHADOW,SHADOW,79686.1,79538.5,6.5475,14.4224
2026-09-05T08:54:00,79591.70,1,1,SHADOW,SHADOW,79686.1,79538.5,6.5475,14.4224
2026-09-05T08:55:00,79593.70,1,1,SHADOW,SHADOW,79686.1,79538.5,6.5475,14.4224
2026-09-05T08:56:00,79591.60,1,1,SHADOW,SHADOW,79686.1,79538.5,6.5475,14.4224
2026-09-05T08:57:00,79605.00,1,1,SHADOW,SHADOW,79686.1,79538.5,6.5475,14.4224
2026-09-05T08:58:00,79614.10,1,1,SHADOW,SHADOW,79686.1,79538.5,6.5475,14.4224
2026-09-05T08:59:00,79617.50,1,1,SHADOW,SHADOW,79686.1,79538.5,6.5475,14.4224
2026-09-05T09:00:00,79632.90,1,1,SHADOW,SHADOW,79686.1,79538.5,6.5475,14.4224
2026-09-05T09:01:00,79650.00,1,1,SHADOW,SHADOW,79686.1,79538.5,6.5475,14.4224
2026-09-05T09:02:00,79656.90,1,1,SHADOW,SHADOW,79686.1,79538.5,6.5475,14.4224
2026-09-05T09:03:00,79668.30,1,1,SHADOW,SHADOW,,79538.5,8.6534,14.4224
2026-09-05T09:04:00,79658.90,1,1,SHADOW,SHADOW,,79538.5,8.6534,14.4224
2026-09-05T09:05:00,79662.80,1,1,SHADOW,SHADOW,,79538.5,8.6534,14.4224
2026-09-05T09:06:00,79677.80,1,1,SHADOW,SHADOW,79662.7,79538.5,8.6534,14.4224
2026-09-05T09:07:00,79662.80,1,1,SHADOW,SHADOW,,79538.5,9.7731,14.4224
2026-09-05T09:08:00,79662.80,1,1,SHADOW,SHADOW,,79538.5,9.7731,14.4224
2026-09-05T09:09:00,79666.20,1,1,SHADOW,SHADOW,,79538.5,9.7731,14.4224
2026-09-05T09:10:00,79678.00,1,1,SHADOW,SHADOW,,79538.5,9.7731,14.4224
2026-09-05T09:11:00,79675.10,1,1,SHADOW,SHADOW,79677.9,79538.5,9.7731,14.4224
2026-09-05T09:12:00,79687.50,1,1,SHADOW,SHADOW,,79538.5,10.8038,14.4224
2026-09-05T09:13:00,79688.50,1,1,SHADOW,SHADOW,,79538.5,10.8038,14.4224
2026-09-05T09:14:00,79688.60,1,1,SHADOW,SHADOW,,79538.5,10.8038,14.4224
2026-09-05T09:15:00,79660.10,1,1,SHADOW,SHADOW,,79538.5,10.8038,14.4224
2026-09-05T09:16:00,79669.80,1,1,SHADOW,SHADOW,79660.0,79538.5,10.8038,14.4224
2026-09-05T09:17:00,79662.60,1,1,SHADOW,SHADOW,,79538.5,11.5379,14.4224
2026-09-05T09:18:00,79662.60,1,1,SHADOW,SHADOW,,79538.5,11.5379,14.4224
2026-09-05T09:19:00,79662.60,1,1,SHADOW,SHADOW,,79538.5,11.5379,14.4224
2026-09-05T09:20:00,79666.20,1,1,SHADOW,SHADOW,,79538.5,11.5379,14.4224
2026-09-05T09:21:00,79677.00,1,1,SHADOW,SHADOW,79666.2,79538.5,11.5379,14.4224
2026-09-05T09:22:00,79660.20,1,1,SHADOW,SHADOW,,79538.5,13.1766,14.4224
2026-09-05T09:23:00,79665.30,1,1,SHADOW,SHADOW,,79538.5,13.1766,14.4224
2026-09-05T09:24:00,79662.30,1,1,SHADOW,SHADOW,,79538.5,13.1766,14.4224
2026-09-05T09:25:00,79662.30,1,1,SHADOW,SHADOW,,79538.5,13.1766,14.4224
2026-09-05T09:26:00,79662.20,1,1,SHADOW,SHADOW,79662.3,79538.5,13.1766,14.4224
2026-09-05T09:27:00,79662.30,1,1,SHADOW,SHADOW,79662.3,79538.5,13.1766,14.4224
2026-09-05T09:28:00,79662.30,1,1,SHADOW,SHADOW,79662.3,79538.5,13.1766,14.4224
2026-09-05T09:29:00,79662.30,1,1,SHADOW,SHADOW,79662.3,79538.5,13.1766,14.4224
2026-09-05T09:30:00,79662.20,1,1,SHADOW,SHADOW,79662.3,79538.5,13.1766,14.4224
2026-09-05T09:31:00,79662.30,1,1,SHADOW,SHADOW,79662.3,79538.5,13.1766,14.4224
2026-09-05T09:32:00,79662.30,1,1,SHADOW,SHADOW,79662.3,79538.5,13.1766,14.4224
2026-09-05T09:33:00,79662.40,1,1,SHADOW,SHADOW,,79538.5,13.1840,14.4224
2026-09-05T09:34:00,79666.00,1,1,SHADOW,SHADOW,,79538.5,13.1840,14.4224
2026-09-05T09:35:00,79666.00,1,1,SHADOW,SHADOW,,79538.5,13.1840,14.4224
2026-09-05T09:36:00,79663.70,1,1,SHADOW,SHADOW,79666.0,79538.5,13.1840,14.4224
2026-09-05T09:37:00,79663.60,1,1,SHADOW,SHADOW,79666.0,79538.5,13.1840,14.4224
2026-09-05T09:38:00,79663.70,1,1,SHADOW,SHADOW,79666.0,79538.5,13.1840,14.4224
2026-09-05T09:39:00,79655.30,1,1,SHADOW,SHADOW,79666.0,79538.5,13.1840,14.4224
2026-09-05T09:40:00,79627.60,1,1,SHADOW,SHADOW,79666.0,79538.5,13.1840,14.4224
2026-09-05T09:41:00,79635.00,1,1,SHADOW,SHADOW,79666.0,79538.5,13.1840,14.4224
2026-09-05T09:42:00,79638.80,1,1,SHADOW,SHADOW,79666.0,79538.5,13.1840,14.4224
2026-09-05T09:43:00,79640.50,1,1,SHADOW,SHADOW,79666.0,79538.5,13.1840,14.4224
2026-09-05T09:44:00,79655.60,1,1,SHADOW,SHADOW,79666.0,79538.5,13.1840,14.4224
2026-09-05T09:45:00,79620.90,1,1,SHADOW,SHADOW,79666.0,79538.5,13.1840,14.4224
2026-09-05T09:46:00,79620.90,1,1,SHADOW,SHADOW,79666.0,79538.5,13.1840,14.4224
2026-09-05T09:47:00,79620.80,1,1,SHADOW,SHADOW,79666.0,79538.5,13.1840,14.4224
2026-09-05T09:48:00,79605.00,1,1,SHADOW,SHADOW,79666.0,79538.5,13.1840,14.4224
2026-09-05T09:49:00,79620.30,1,1,SHADOW,SHADOW,79666.0,79538.5,13.1840,14.4224
2026-09-05T09:50:00,79620.30,1,1,SHADOW,SHADOW,79666.0,79538.5,13.1840,14.4224
2026-09-05T09:51:00,79621.70,1,1,SHADOW,SHADOW,79666.0,79538.5,13.1840,14.4224
2026-09-05T09:52:00,79620.20,1,1,SHADOW,SHADOW,79666.0,79538.5,13.1840,14.4224
2026-09-05T09:53:00,79612.70,1,1,SHADOW,SHADOW,79666.0,79538.5,13.1840,14.4224
2026-09-05T09:54:00,79612.00,1,1,SHADOW,SHADOW,79666.0,79538.5,13.1840,14.4224
2026-09-05T09:55:00,79612.00,1,1,SHADOW,SHADOW,79666.0,79538.5,13.1840,14.4224
2026-09-05T09:56:00,79594.00,1,1,SHADOW,SHADOW,79666.0,79538.5,13.1840,14.4224
2026-09-05T09:57:00,79591.70,1,1,SHADOW,SHADOW,79666.0,79538.5,13.1840,14.4224
2026-09-05T09:58:00,79594.00,1,1,SHADOW,SHADOW,79666.0,79538.5,13.1840,14.4224
2026-09-05T09:59:00,79594.60,1,1,SHADOW,SHADOW,79666.0,79538.5,13.1840,14.4224
2026-09-05T10:00:00,79599.90,1,1,SHADOW,SHADOW,79666.0,79538.5,13.1840,14.4224
2026-09-05T10:01:00,79600.00,1,1,SHADOW,SHADOW,79666.0,79538.5,13.1840,14.4224
2026-09-05T10:02:00,79606.80,1,1,SHADOW,SHADOW,79666.0,79538.5,13.1840,14.4224
2026-09-05T10:03:00,79607.10,1,1,SHADOW,SHADOW,79666.0,79538.5,13.1840,14.4224
2026-09-05T10:04:00,79607.20,1,1,SHADOW,SHADOW,79666.0,79538.5,13.1840,14.4224
2026-09-05T10:05:00,79597.80,1,1,SHADOW,SHADOW,79666.0,79538.5,13.1840,14.4224
2026-09-05T10:06:00,79597.80,1,1,SHADOW,SHADOW,79666.0,79538.5,13.1840,14.4224
2026-09-05T10:07:00,79597.80,1,1,SHADOW,SHADOW,79666.0,79538.5,13.1840,14.4224
2026-09-05T10:08:00,79597.70,1,1,SHADOW,SHADOW,79666.0,79538.5,13.1840,14.4224
2026-09-05T10:09:00,79596.70,1,1,SHADOW,SHADOW,79666.0,79538.5,13.1840,14.4224
2026-09-05T10:10:00,79598.80,1,1,SHADOW,SHADOW,79666.0,79538.5,13.1840,14.4224
2026-09-05T10:11:00,79593.30,1,1,SHADOW,SHADOW,79666.0,79538.5,13.1840,14.4224
2026-09-05T10:12:00,79581.60,1,1,SHADOW,SHADOW,79666.0,79538.5,13.1840,14.4224
2026-09-05T10:13:00,79581.70,1,1,SHADOW,SHADOW,79666.0,79538.5,13.1840,14.4224
2026-09-05T10:14:00,79585.30,1,1,SHADOW,SHADOW,79666.0,79538.5,13.1840,14.4224
2026-09-05T10:15:00,79591.50,1,1,SHADOW,SHADOW,79666.0,79538.5,13.1840,14.4224
2026-09-05T10:16:00,79591.40,1,1,SHADOW,SHADOW,79666.0,79538.5,13.1840,14.4224
2026-09-05T10:17:00,79591.60,1,1,SHADOW,SHADOW,79666.0,79538.5,13.1840,14.4224
2026-09-05T10:18:00,79591.60,1,1,SHADOW,SHADOW,79666.0,79538.5,13.1840,14.4224
2026-09-05T10:19:00,79597.20,1,1,SHADOW,SHADOW,79666.0,79538.5,13.1840,14.4224
2026-09-05T10:20:00,79585.60,1,1,SHADOW,SHADOW,79666.0,79538.5,13.1840,14.4224
2026-09-05T10:21:00,79583.30,1,1,SHADOW,SHADOW,79666.0,79538.5,13.1840,14.4224
2026-09-05T10:22:00,79576.30,1,1,SHADOW,SHADOW,79666.0,79538.5,13.1840,14.4224
2026-09-05T10:23:00,79612.70,1,1,SHADOW,SHADOW,79666.0,79538.5,13.1840,14.4224
2026-09-05T10:24:00,79612.70,1,1,SHADOW,SHADOW,79666.0,79538.5,13.1840,14.4224
2026-09-05T10:25:00,79626.60,1,1,SHADOW,SHADOW,79666.0,79538.5,13.1840,14.4224
2026-09-05T10:26:00,79630.10,1,1,SHADOW,SHADOW,79666.0,79538.5,13.1840,14.4224
2026-09-05T10:27:00,79563.90,1,1,SHADOW,SHADOW,79666.0,79538.5,13.1840,14.4224
2026-09-05T10:28:00,79599.90,1,1,SHADOW,SHADOW,79666.0,79538.5,13.1840,14.4224
2026-09-05T10:29:00,79581.80,1,1,SHADOW,SHADOW,79666.0,79538.5,13.1840,14.4224
2026-09-05T10:30:00,79610.60,1,1,SHADOW,SHADOW,79666.0,79538.5,13.1840,14.4224
2026-09-05T10:31:00,79613.30,1,1,SHADOW,SHADOW,79666.0,79538.5,13.1840,14.4224
2026-09-05T10:32:00,79613.30,1,0,SHADOW,SHADOW,79666.0,79538.5,13.1840,14.4224
2026-09-05T10:33:00,79612.40,1,0,SHADOW,SHADOW,79666.0,79538.5,13.1840,14.4224
2026-09-05T10:34:00,79616.40,1,0,SHADOW,SHADOW,79666.0,79538.5,13.1840,14.4224
2026-09-05T10:35:00,79570.00,1,0,SHADOW,SHADOW,79666.0,79538.5,13.1840,14.4224
2026-09-05T10:36:00,79580.40,1,0,SHADOW,SHADOW,79666.0,,13.1840,9.9839
2026-09-05T10:37:00,79580.50,1,0,SHADOW,SHADOW,79666.0,,13.1840,9.9839
2026-09-05T10:38:00,79584.40,1,0,SHADOW,SHADOW,79666.0,,13.1840,9.9839
2026-09-05T10:39:00,79584.50,1,0,SHADOW,SHADOW,79666.0,,13.1840,9.9839
2026-09-05T10:40:00,79598.00,1,0,SHADOW,SHADOW,79666.0,,13.1840,9.9839
2026-09-05T10:41:00,79599.70,1,0,SHADOW,SHADOW,79666.0,,13.1840,9.9839
2026-09-05T10:42:00,79568.10,1,0,SHADOW,SHADOW,79666.0,,13.1840,9.9839
2026-09-05T10:43:00,79563.00,1,0,SHADOW,SHADOW,79666.0,,13.1840,9.9839
2026-09-05T10:44:00,79569.20,1,0,SHADOW,SHADOW,79666.0,,13.1840,9.9839
2026-09-05T10:45:00,79560.00,1,0,SHADOW,SHADOW,79666.0,,13.1840,9.9839
2026-09-05T10:46:00,79560.10,1,0,SHADOW,SHADOW,79666.0,,13.1840,9.9839
2026-09-05T10:47:00,79572.90,1,0,SHADOW,SHADOW,79666.0,,13.1840,9.9839
2026-09-05T10:48:00,79553.30,1,0,SHADOW,SHADOW,79666.0,,13.1840,9.9839
2026-09-05T10:49:00,79553.40,1,0,SHADOW,SHADOW,79666.0,,13.1840,9.9839
2026-09-05T10:50:00,79553.30,1,0,SHADOW,SHADOW,79666.0,,13.1840,9.9839
2026-09-05T10:51:00,79573.10,1,0,SHADOW,SHADOW,79666.0,,13.1840,9.9839
2026-09-05T10:52:00,79576.00,1,0,SHADOW,SHADOW,79666.0,,13.1840,9.9839
2026-09-05T10:53:00,79587.30,1,0,SHADOW,SHADOW,79666.0,,13.1840,9.9839
2026-09-05T10:54:00,79589.50,1,0,SHADOW,SHADOW,79666.0,,13.1840,9.9839
2026-09-05T10:55:00,79593.60,1,0,SHADOW,SHADOW,79666.0,,13.1840,9.9839
2026-09-05T10:56:00,79607.60,1,0,SHADOW,SHADOW,79666.0,,13.1840,9.9839
2026-09-05T10:57:00,79601.70,1,0,SHADOW,SHADOW,79666.0,,13.1840,9.9839
2026-09-05T10:58:00,79620.80,1,0,SHADOW,SHADOW,79666.0,,13.1840,9.9839
2026-09-05T10:59:00,79581.20,1,0,SHADOW,SHADOW,79666.0,,13.1840,9.9839
2026-09-05T11:00:00,79585.30,1,0,SHADOW,SHADOW,79666.0,,13.1840,9.9839
2026-09-05T11:01:00,79597.80,1,0,SHADOW,SHADOW,79666.0,,13.1840,9.9839
2026-09-05T11:02:00,79597.80,1,0,SHADOW,SHADOW,79666.0,,13.1840,9.9839
2026-09-05T11:03:00,79597.80,1,0,SHADOW,SHADOW,79666.0,,13.1840,9.9839
2026-09-05T11:04:00,79635.60,1,0,SHADOW,SHADOW,79666.0,,13.1840,9.9839
2026-09-05T11:05:00,79609.90,1,0,SHADOW,SHADOW,79666.0,,13.1840,9.9839
2026-09-05T11:06:00,79639.20,1,0,SHADOW,SHADOW,79666.0,,13.1840,9.9839
2026-09-05T11:07:00,79639.20,1,0,SHADOW,SHADOW,79666.0,,13.1840,9.9839
2026-09-05T11:08:00,79630.40,1,0,SHADOW,SHADOW,79666.0,,13.1840,9.9839
2026-09-05T11:09:00,79619.90,1,0,SHADOW,SHADOW,79666.0,,13.1840,9.9839
2026-09-05T11:10:00,79627.30,1,0,SHADOW,SHADOW,79666.0,,13.1840,9.9839
2026-09-05T11:11:00,79635.40,1,0,SHADOW,SHADOW,79666.0,,13.1840,9.9839
2026-09-05T11:12:00,79638.90,1,0,SHADOW,SHADOW,79666.0,,13.1840,9.9839
2026-09-05T11:13:00,79593.60,1,0,SHADOW,SHADOW,79666.0,,13.1840,9.9839
2026-09-05T11:14:00,79617.70,1,0,SHADOW,SHADOW,79666.0,,13.1840,9.9839
2026-09-05T11:15:00,79593.40,1,0,SHADOW,SHADOW,79666.0,,13.1840,9.9839
2026-09-05T11:16:00,79593.30,1,0,SHADOW,SHADOW,79666.0,,13.1840,9.9839
2026-09-05T11:17:00,79586.50,1,0,SHADOW,SHADOW,79666.0,,13.1840,9.9839
2026-09-05T11:18:00,79586.50,1,0,SHADOW,SHADOW,79666.0,,13.1840,9.9839
2026-09-05T11:19:00,79586.50,1,0,SHADOW,SHADOW,79666.0,,13.1840,9.9839
2026-09-05T11:20:00,79586.40,1,0,SHADOW,SHADOW,79666.0,,13.1840,9.9839
2026-09-05T11:21:00,79586.40,1,0,SHADOW,SHADOW,79666.0,,13.1840,9.9839
2026-09-05T11:22:00,79586.50,1,0,SHADOW,SHADOW,79666.0,,13.1840,9.9839
2026-09-05T11:23:00,79586.50,1,0,SHADOW,SHADOW,79666.0,,13.1840,9.9839
2026-09-05T11:24:00,79586.40,1,0,SHADOW,SHADOW,79666.0,,13.1840,9.9839
2026-09-05T11:25:00,79586.40,1,0,SHADOW,SHADOW,79666.0,,13.1840,9.9839
2026-09-05T11:26:00,79584.40,1,0,SHADOW,SHADOW,79666.0,,13.1840,9.9839
2026-09-05T11:27:00,79585.60,1,0,SHADOW,SHADOW,79666.0,,13.1840,9.9839
2026-09-05T11:28:00,79585.50,1,0,SHADOW,SHADOW,79666.0,,13.1840,9.9839
2026-09-05T11:29:00,79588.30,1,0,SHADOW,SHADOW,79666.0,,13.1840,9.9839
2026-09-05T11:30:00,79591.60,1,0,SHADOW,SHADOW,79666.0,,13.1840,9.9839
2026-09-05T11:31:00,79599.90,1,0,SHADOW,SHADOW,79666.0,,13.1840,9.9839
2026-09-05T11:32:00,79600.00,1,0,SHADOW,SHADOW,79666.0,,13.1840,9.9839
2026-09-05T11:33:00,79599.90,0,0,SHADOW,SHADOW,79666.0,,13.1840,9.9839
2026-09-05T11:34:00,79600.00,0,0,SHADOW,SHADOW,79666.0,,13.1840,9.9839
2026-09-05T11:35:00,79600.00,0,0,SHADOW,SHADOW,79666.0,,13.1840,9.9839
2026-09-05T11:36:00,79600.00,0,0,SHADOW,SHADOW,,,6.1927,9.9839
2026-09-05T11:37:00,79600.00,0,0,SHADOW,SHADOW,,,6.1927,9.9839
2026-09-05T11:38:00,79600.00,0,0,SHADOW,SHADOW,,,6.1927,9.9839
2026-09-05T11:39:00,79596.00,0,0,SHADOW,SHADOW,,,6.1927,9.9839
2026-09-05T11:40:00,79592.90,0,0,SHADOW,SHADOW,,,6.1927,9.9839
2026-09-05T11:41:00,79592.80,0,0,SHADOW,SHADOW,,,6.1927,9.9839
2026-09-05T11:42:00,79585.50,0,0,SHADOW,SHADOW,,,6.1927,9.9839
2026-09-05T11:43:00,79597.70,0,0,SHADOW,SHADOW,,,6.1927,9.9839
2026-09-05T11:44:00,79567.60,0,0,SHADOW,SHADOW,,,6.1927,9.9839
2026-09-05T11:45:00,79567.60,0,0,SHADOW,SHADOW,,,6.1927,9.9839
2026-09-05T11:46:00,79575.80,0,0,SHADOW,SHADOW,,,6.1927,9.9839
2026-09-05T11:47:00,79575.80,0,0,SHADOW,SHADOW,,,6.1927,9.9839
2026-09-05T11:48:00,79575.70,0,0,SHADOW,SHADOW,,,6.1927,9.9839
2026-09-05T11:49:00,79608.90,0,0,SHADOW,SHADOW,,,6.1927,9.9839
2026-09-05T11:50:00,79612.80,0,0,SHADOW,SHADOW,,,6.1927,9.9839
2026-09-05T11:51:00,79620.70,0,0,SHADOW,SHADOW,,,6.1927,9.9839
2026-09-05T11:52:00,79627.80,0,0,SHADOW,SHADOW,,,6.1927,9.9839
2026-09-05T11:53:00,79628.20,0,0,SHADOW,SHADOW,,,6.1927,9.9839
2026-09-05T11:54:00,79593.80,0,0,SHADOW,SHADOW,,,6.1927,9.9839
2026-09-05T11:55:00,79600.60,0,0,SHADOW,SHADOW,,,6.1927,9.9839
2026-09-05T11:56:00,79600.70,0,0,SHADOW,SHADOW,,,6.1927,9.9839
2026-09-05T11:57:00,79597.20,0,0,SHADOW,SHADOW,,,6.1927,9.9839
2026-09-05T11:58:00,79567.00,0,0,SHADOW,SHADOW,,,6.1927,9.9839
2026-09-05T11:59:00,79577.40,0,0,SHADOW,SHADOW,,,6.1927,9.9839
2026-09-05T12:00:00,79584.20,0,0,SHADOW,SHADOW,,,6.1927,9.9839
2026-09-05T12:01:00,79607.00,0,0,SHADOW,SHADOW,,,6.1927,9.9839
2026-09-05T12:02:00,79618.30,0,0,SHADOW,SHADOW,,,6.1927,9.9839
2026-09-05T12:03:00,79615.60,0,0,SHADOW,SHADOW,,,6.1927,9.9839
2026-09-05T12:04:00,79615.60,0,0,SHADOW,SHADOW,,,6.1927,9.9839
2026-09-05T12:05:00,79615.70,0,0,SHADOW,SHADOW,,,6.1927,9.9839
2026-09-05T12:06:00,79615.80,0,0,SHADOW,SHADOW,,,6.1927,9.9839
2026-09-05T12:07:00,79623.20,0,0,SHADOW,SHADOW,,,6.1927,9.9839
2026-09-05T12:08:00,79639.30,0,0,SHADOW,SHADOW,,,6.1927,9.9839
2026-09-05T12:09:00,79638.20,0,0,SHADOW,SHADOW,,,6.1927,9.9839
2026-09-05T12:10:00,79632.30,0,0,SHADOW,SHADOW,,,6.1927,9.9839
2026-09-05T12:11:00,79621.60,0,0,SHADOW,SHADOW,,,6.1927,9.9839
2026-09-05T12:12:00,79627.80,0,0,SHADOW,SHADOW,,,6.1927,9.9839
2026-09-05T12:13:00,79622.10,0,0,SHADOW,SHADOW,,,6.1927,9.9839
2026-09-05T12:14:00,79622.20,0,0,SHADOW,SHADOW,,,6.1927,9.9839
2026-09-05T12:15:00,79622.20,0,0,SHADOW,SHADOW,,,6.1927,9.9839
2026-09-05T12:16:00,79622.30,0,0,SHADOW,SHADOW,,,6.1927,9.9839
2026-09-05T12:17:00,79622.30,0,0,SHADOW,SHADOW,,,6.1927,9.9839
2026-09-05T12:18:00,79622.40,0,0,SHADOW,SHADOW,,,6.1927,9.9839
2026-09-05T12:19:00,79616.30,0,0,SHADOW,SHADOW,,,6.1927,9.9839
2026-09-05T12:20:00,79616.30,0,0,SHADOW,SHADOW,,,6.1927,9.9839
2026-09-05T12:21:00,79616.40,0,0,SHADOW,SHADOW,,,6.1927,9.9839
2026-09-05T12:22:00,79629.90,0,0,SHADOW,SHADOW,,,6.1927,9.9839
2026-09-05T12:23:00,79632.50,0,0,SHADOW,SHADOW,,,6.1927,9.9839
2026-09-05T12:24:00,79640.40,0,0,SHADOW,SHADOW,,,6.1927,9.9839
2026-09-05T12:25:00,79625.00,0,0,SHADOW,SHADOW,,,6.1927,9.9839
2026-09-05T12:26:00,79625.00,0,0,SHADOW,SHADOW,,,6.1927,9.9839
2026-09-05T12:27:00,79624.00,0,0,SHADOW,SHADOW,,,6.1927,9.9839
2026-09-05T12:28:00,79630.50,0,0,SHADOW,SHADOW,,,6.1927,9.9839
2026-09-05T12:29:00,79618.40,0,0,SHADOW,SHADOW,,,6.1927,9.9839
2026-09-05T12:30:00,79578.30,0,0,SHADOW,SHADOW,,,6.1927,9.9839
2026-09-05T12:31:00,79607.50,0,0,SHADOW,SHADOW,,,6.1927,9.9839
2026-09-05T12:32:00,79614.70,0,0,SHADOW,SHADOW,,,6.1927,9.9839
2026-09-05T12:33:00,79646.00,0,0,SHADOW,SHADOW,,,6.1927,9.9839
2026-09-05T12:34:00,79638.50,0,0,SHADOW,SHADOW,,,6.1927,9.9839
2026-09-05T12:35:00,79655.90,0,0,SHADOW,SHADOW,,,6.1927,9.9839
2026-09-05T12:36:00,79665.70,0,0,SHADOW,SHADOW,,,6.1927,9.9839
2026-09-05T12:37:00,79621.40,0,0,SHADOW,SHADOW,,,6.1927,9.9839
2026-09-05T12:38:00,79646.40,0,0,SHADOW,SHADOW,,,6.1927,9.9839
2026-09-05T12:39:00,79673.90,0,0,SHADOW,SHADOW,,,6.1927,9.9839
2026-09-05T12:40:00,79675.00,0,0,SHADOW,SHADOW,,,6.1927,9.9839
2026-09-05T12:41:00,79717.20,0,0,SHADOW,SHADOW,,,6.1927,9.9839
2026-09-05T12:42:00,79691.40,0,0,SHADOW,SHADOW,,,6.1927,9.9839
2026-09-05T12:43:00,79691.50,0,0,SHADOW,SHADOW,,,6.1927,9.9839
2026-09-05T12:44:00,79682.80,0,0,SHADOW,SHADOW,,,6.1927,9.9839
2026-09-05T12:45:00,79700.00,0,0,SHADOW,SHADOW,,,6.1927,9.9839
2026-09-05T12:46:00,79716.10,0,0,SHADOW,SHADOW,,,6.1927,9.9839
2026-09-05T12:47:00,79695.50,0,0,SHADOW,SHADOW,,,6.1927,9.9839
2026-09-05T12:48:00,79676.10,0,0,SHADOW,SHADOW,,,6.1927,9.9839
2026-09-05T12:49:00,79693.20,0,0,SHADOW,SHADOW,,,6.1927,9.9839
2026-09-05T12:50:00,79673.30,0,0,SHADOW,SHADOW,,,6.1927,9.9839
2026-09-05T12:51:00,79674.50,0,0,SHADOW,SHADOW,,,6.1927,9.9839
2026-09-05T12:52:00,79674.50,0,0,SHADOW,SHADOW,,,6.1927,9.9839
2026-09-05T12:53:00,79674.50,0,0,SHADOW,SHADOW,,,6.1927,9.9839
2026-09-05T12:54:00,79698.90,0,0,SHADOW,SHADOW,,,6.1927,9.9839
2026-09-05T12:55:00,79719.90,0,0,SHADOW,SHADOW,,,6.1927,9.9839
2026-09-05T12:56:00,79718.60,0,0,SHADOW,SHADOW,,,6.1927,9.9839
2026-09-05T12:57:00,79689.10,0,0,SHADOW,SHADOW,,,6.1927,9.9839
2026-09-05T12:58:00,79688.20,0,0,SHADOW,SHADOW,,,6.1927,9.9839
2026-09-05T12:59:00,79666.00,0,0,SHADOW,SHADOW,,,6.1927,9.9839
2026-09-05T13:00:00,79673.20,0,0,SHADOW,SHADOW,,,6.1927,9.9839
2026-09-05T13:01:00,79669.30,0,0,SHADOW,SHADOW,,,6.1927,9.9839
2026-09-05T13:02:00,79650.00,0,0,SHADOW,SHADOW,,,6.1927,9.9839
2026-09-05T13:03:00,79650.60,0,0,SHADOW,SHADOW,,,6.1927,9.9839
2026-09-05T13:04:00,79667.50,0,0,SHADOW,SHADOW,,,6.1927,9.9839
2026-09-05T13:05:00,79670.60,0,0,SHADOW,SHADOW,,,6.1927,9.9839
2026-09-05T13:06:00,79656.80,0,0,SHADOW,SHADOW,,,6.1927,9.9839
2026-09-05T13:07:00,79656.90,0,0,SHADOW,SHADOW,,,6.1927,9.9839
2026-09-05T13:08:00,79656.90,0,0,SHADOW,SHADOW,,,6.1927,9.9839
2026-09-05T13:09:00,79640.00,0,0,SHADOW,SHADOW,,,6.1927,9.9839
2026-09-05T13:10:00,79635.60,0,0,SHADOW,SHADOW,,,6.1927,9.9839
2026-09-05T13:11:00,79636.40,0,0,SHADOW,SHADOW,,,6.1927,9.9839
2026-09-05T13:12:00,79627.80,0,0,SHADOW,SHADOW,,,6.1927,9.9839
2026-09-05T13:13:00,79656.10,0,0,SHADOW,SHADOW,,,6.1927,9.9839
2026-09-05T13:14:00,79681.60,0,0,SHADOW,SHADOW,,,6.1927,9.9839
2026-09-05T13:15:00,79691.20,0,0,SHADOW,SHADOW,,,6.1927,9.9839
2026-09-05T13:16:00,79667.90,0,0,SHADOW,SHADOW,,,6.1927,9.9839
2026-09-05T13:17:00,79665.70,0,0,SHADOW,SHADOW,,,6.1927,9.9839
2026-09-05T13:18:00,79639.20,0,0,SHADOW,SHADOW,,,6.1927,9.9839
2026-09-05T13:19:00,79657.60,0,0,SHADOW,SHADOW,,,6.1927,9.9839
2026-09-05T13:20:00,79665.30,0,0,SHADOW,SHADOW,,,6.1927,9.9839
2026-09-05T13:21:00,79680.10,0,0,SHADOW,SHADOW,,,6.1927,9.9839
2026-09-05T13:22:00,79708.60,0,0,SHADOW,SHADOW,,,6.1927,9.9839
2026-09-05T13:23:00,79715.50,0,0,SHADOW,SHADOW,,,6.1927,9.9839
2026-09-05T13:24:00,79721.00,0,0,SHADOW,SHADOW,,,6.1927,9.9839
2026-09-05T13:25:00,79711.70,0,0,SHADOW,SHADOW,,,6.1927,9.9839
2026-09-05T13:26:00,79711.70,0,0,SHADOW,SHADOW,,,6.1927,9.9839
2026-09-05T13:27:00,79712.00,0,0,SHADOW,SHADOW,,,6.1927,9.9839
2026-09-05T13:28:00,79712.10,0,0,SHADOW,SHADOW,,,6.1927,9.9839
2026-09-05T13:29:00,79712.10,0,0,SHADOW,SHADOW,,,6.1927,9.9839
2026-09-05T13:30:00,79709.00,0,0,SHADOW,SHADOW,,,6.1927,9.9839
2026-09-05T13:31:00,79696.20,0,0,SHADOW,SHADOW,,,6.1927,9.9839
2026-09-05T13:32:00,79706.80,0,0,SHADOW,SHADOW,,,6.1927,9.9839
2026-09-05T13:33:00,79672.50,0,0,SHADOW,SHADOW,,,6.1927,9.9839
2026-09-05T13:34:00,79691.40,0,0,SHADOW,SHADOW,,,6.1927,9.9839
2026-09-05T13:35:00,79678.90,0,0,SHADOW,SHADOW,,,6.1927,9.9839
2026-09-05T13:36:00,79656.00,0,0,SHADOW,SHADOW,,,6.1927,9.9839
2026-09-05T13:37:00,79626.40,0,0,SHADOW,SHADOW,,,6.1927,9.9839
2026-09-05T13:38:00,79626.50,0,0,SHADOW,SHADOW,,,6.1927,9.9839
2026-09-05T13:39:00,79616.20,0,0,SHADOW,SHADOW,,,6.1927,9.9839
2026-09-05T13:40:00,79678.60,0,0,SHADOW,SHADOW,,,6.1927,9.9839
2026-09-05T13:41:00,79639.70,0,0,SHADOW,SHADOW,,,6.1927,9.9839
2026-09-05T13:42:00,79602.90,0,0,SHADOW,SHADOW,,,6.1927,9.9839
2026-09-05T13:43:00,79605.90,0,0,SHADOW,SHADOW,,,6.1927,9.9839
2026-09-05T13:44:00,79616.20,0,0,SHADOW,SHADOW,,,6.1927,9.9839
2026-09-05T13:45:00,79630.70,0,0,SHADOW,SHADOW,,,6.1927,9.9839
2026-09-05T13:46:00,79639.40,0,0,SHADOW,SHADOW,,,6.1927,9.9839
2026-09-05T13:47:00,79650.30,0,0,SHADOW,SHADOW,,,6.1927,9.9839
2026-09-05T13:48:00,79650.20,0,0,SHADOW,SHADOW,,,6.1927,9.9839
2026-09-05T13:49:00,79650.20,0,0,SHADOW,SHADOW,,,6.1927,9.9839
2026-09-05T13:50:00,79519.90,0,0,SHADOW,SHADOW,,,6.1927,9.9839
2026-09-05T13:51:00,79582.70,0,0,SHADOW,SHADOW,,,6.1927,9.9839
2026-09-05T13:52:00,79545.00,0,0,SHADOW,SHADOW,,,6.1927,9.9839
2026-09-05T13:53:00,79559.90,0,0,SHADOW,SHADOW,,,6.1927,9.9839
2026-09-05T13:54:00,79587.70,0,0,SHADOW,SHADOW,,,6.1927,9.9839
2026-09-05T13:55:00,79590.40,0,0,SHADOW,SHADOW,,,6.1927,9.9839
2026-09-05T13:56:00,79562.00,0,0,SHADOW,SHADOW,,,6.1927,9.9839
2026-09-05T13:57:00,79572.80,0,0,SHADOW,SHADOW,,,6.1927,9.9839
2026-09-05T13:58:00,79579.90,0,0,SHADOW,SHADOW,,,6.1927,9.9839
2026-09-05T13:59:00,79573.90,0,0,SHADOW,SHADOW,,,6.1927,9.9839
2026-09-05T14:00:00,79608.60,0,0,SHADOW,SHADOW,,,6.1927,9.9839
2026-09-05T14:01:00,79635.90,0,0,SHADOW,SHADOW,,,6.1927,9.9839
2026-09-05T14:02:00,79635.70,0,0,SHADOW,SHADOW,,,6.1927,9.9839
2026-09-05T14:03:00,79601.50,0,0,SHADOW,SHADOW,,,6.1927,9.9839
2026-09-05T14:04:00,79607.90,0,0,SHADOW,SHADOW,,,6.1927,9.9839
2026-09-05T14:05:00,79607.90,0,0,SHADOW,SHADOW,,,6.1927,9.9839
2026-09-05T14:06:00,79620.10,0,0,SHADOW,SHADOW,,,6.1927,9.9839
2026-09-05T14:07:00,79627.30,0,0,SHADOW,SHADOW,,,6.1927,9.9839
2026-09-05T14:08:00,79645.80,0,0,SHADOW,SHADOW,,,6.1927,9.9839
2026-09-05T14:09:00,79645.80,0,0,SHADOW,SHADOW,,,6.1927,9.9839
2026-09-05T14:10:00,79649.90,0,0,SHADOW,SHADOW,,,6.1927,9.9839
2026-09-05T14:11:00,79630.60,0,0,SHADOW,SHADOW,,,6.1927,9.9839
2026-09-05T14:12:00,79630.70,0,0,SHADOW,SHADOW,,,6.1927,9.9839
2026-09-05T14:13:00,79637.70,0,0,SHADOW,SHADOW,,,6.1927,9.9839
2026-09-05T14:14:00,79630.70,0,0,SHADOW,SHADOW,,,6.1927,9.9839
2026-09-05T14:15:00,79636.00,0,0,SHADOW,SHADOW,,,6.1927,9.9839
2026-09-05T14:16:00,79637.60,0,0,SHADOW,SHADOW,,,6.1927,9.9839
2026-09-05T14:17:00,79637.70,0,0,SHADOW,SHADOW,,,6.1927,9.9839
2026-09-05T14:18:00,79637.70,0,0,SHADOW,SHADOW,,,6.1927,9.9839
2026-09-05T14:19:00,79637.70,0,0,SHADOW,SHADOW,,,6.1927,9.9839
2026-09-05T14:20:00,79643.20,0,0,SHADOW,SHADOW,,,6.1927,9.9839
2026-09-05T14:21:00,79632.80,0,0,SHADOW,SHADOW,,,6.1927,9.9839
2026-09-05T14:22:00,79632.80,0,0,SHADOW,SHADOW,,,6.1927,9.9839
2026-09-05T14:23:00,79632.70,0,0,SHADOW,SHADOW,,,6.1927,9.9839
2026-09-05T14:24:00,79637.60,0,0,SHADOW,SHADOW,,,6.1927,9.9839
2026-09-05T14:25:00,79645.70,0,0,SHADOW,SHADOW,,,6.1927,9.9839
2026-09-05T14:26:00,79687.30,0,0,SHADOW,SHADOW,,,6.1927,9.9839
2026-09-05T14:27:00,79683.30,0,0,SHADOW,SHADOW,,,6.1927,9.9839
2026-09-05T14:28:00,79694.30,0,0,SHADOW,SHADOW,,,6.1927,9.9839
2026-09-05T14:29:00,79685.90,0,0,SHADOW,SHADOW,,,6.1927,9.9839
2026-09-05T14:30:00,79688.30,0,0,SHADOW,SHADOW,,,6.1927,9.9839
2026-09-05T14:31:00,79696.80,0,0,SHADOW,SHADOW,,,6.1927,9.9839
2026-09-05T14:32:00,79704.00,0,0,SHADOW,SHADOW,,,6.1927,9.9839
2026-09-05T14:33:00,79697.00,0,0,SHADOW,SHADOW,,,6.1927,9.9839
2026-09-05T14:34:00,79704.00,0,0,SHADOW,SHADOW,,,6.1927,9.9839
2026-09-05T14:35:00,79706.40,0,0,SHADOW,SHADOW,,,6.1927,9.9839
2026-09-05T14:36:00,79688.20,0,0,SHADOW,SHADOW,,,6.1927,9.9839
2026-09-05T14:37:00,79686.80,0,0,SHADOW,SHADOW,,,6.1927,9.9839
2026-09-05T14:38:00,79686.70,0,0,SHADOW,SHADOW,,,6.1927,9.9839
2026-09-05T14:39:00,79695.00,0,0,SHADOW,SHADOW,,,6.1927,9.9839
2026-09-05T14:40:00,79694.90,0,0,SHADOW,SHADOW,,,6.1927,9.9839
2026-09-05T14:41:00,79695.00,0,0,SHADOW,SHADOW,,,6.1927,9.9839
2026-09-05T14:42:00,79687.20,0,0,SHADOW,SHADOW,,,6.1927,9.9839
2026-09-05T14:43:00,79682.80,0,0,SHADOW,SHADOW,,,6.1927,9.9839
2026-09-05T14:44:00,79673.60,0,0,SHADOW,SHADOW,,,6.1927,9.9839
2026-09-05T14:45:00,79690.80,0,0,SHADOW,SHADOW,,,6.1927,9.9839
2026-09-05T14:46:00,79694.30,0,0,SHADOW,SHADOW,,,6.1927,9.9839
2026-09-05T14:47:00,79694.20,0,0,SHADOW,SHADOW,,,6.1927,9.9839
2026-09-05T14:48:00,79690.20,0,0,SHADOW,SHADOW,,,6.1927,9.9839
2026-09-05T14:49:00,79690.10,0,0,SHADOW,SHADOW,,,6.1927,9.9839
2026-09-05T14:50:00,79691.90,0,0,SHADOW,SHADOW,,,6.1927,9.9839
2026-09-05T14:51:00,79691.90,0,0,SHADOW,SHADOW,,,6.1927,9.9839
2026-09-05T14:52:00,79691.90,0,0,SHADOW,SHADOW,,,6.1927,9.9839
2026-09-05T14:53:00,79692.00,0,0,SHADOW,SHADOW,,,6.1927,9.9839
2026-09-05T14:54:00,79710.00,0,0,SHADOW,SHADOW,,,6.1927,9.9839
2026-09-05T14:55:00,79702.40,0,0,SHADOW,SHADOW,,,6.1927,9.9839
2026-09-05T14:56:00,79702.40,0,0,SHADOW,SHADOW,,,6.1927,9.9839
2026-09-05T14:57:00,79702.50,0,0,SHADOW,SHADOW,,,6.1927,9.9839
2026-09-05T14:58:00,79708.60,0,0,SHADOW,SHADOW,,,6.1927,9.9839
2026-09-05T14:59:00,79672.30,0,0,SHADOW,SHADOW,,,6.1927,9.9839
2026-09-05T15:00:00,79683.40,0,0,SHADOW,SHADOW,,,6.1927,9.9839
2026-09-05T15:01:00,79702.20,0,0,SHADOW,SHADOW,,,6.1927,9.9839
2026-09-05T15:02:00,79702.30,0,0,SHADOW,SHADOW,,,6.1927,9.9839
2026-09-05T15:03:00,79702.20,0,0,SHADOW,SHADOW,,,6.1927,9.9839
2026-09-05T15:04:00,79700.10,0,0,SHADOW,SHADOW,,,6.1927,9.9839
2026-09-05T15:05:00,79727.00,0,0,SHADOW,SHADOW,,,6.1927,9.9839
2026-09-05T15:06:00,79715.00,0,0,SHADOW,SHADOW,,,6.1927,9.9839
2026-09-05T15:07:00,79718.70,0,0,SHADOW,SHADOW,,,6.1927,9.9839
2026-09-05T15:08:00,79705.30,0,0,SHADOW,SHADOW,,,6.1927,9.9839
2026-09-05T15:09:00,79678.70,0,0,SHADOW,SHADOW,,,6.1927,9.9839
2026-09-05T15:10:00,79690.80,0,0,SHADOW,SHADOW,,,6.1927,9.9839
2026-09-05T15:11:00,79672.80,0,0,SHADOW,SHADOW,,,6.1927,9.9839
2026-09-05T15:12:00,79688.70,0,0,SHADOW,SHADOW,,,6.1927,9.9839
2026-09-05T15:13:00,79678.10,0,0,SHADOW,SHADOW,,,6.1927,9.9839
2026-09-05T15:14:00,79685.40,0,0,SHADOW,SHADOW,,,6.1927,9.9839
2026-09-05T15:15:00,79685.40,0,0,SHADOW,SHADOW,,,6.1927,9.9839
2026-09-05T15:16:00,79654.60,0,0,SHADOW,SHADOW,,,6.1927,9.9839
2026-09-05T15:17:00,79654.50,0,0,SHADOW,SHADOW,,,6.1927,9.9839
2026-09-05T15:18:00,79643.80,0,0,SHADOW,SHADOW,,,6.1927,9.9839
2026-09-05T15:19:00,79649.70,0,0,SHADOW,SHADOW,,,6.1927,9.9839
2026-09-05T15:20:00,79718.80,0,0,SHADOW,SHADOW,,,6.1927,9.9839
2026-09-05T15:21:00,79721.90,0,0,SHADOW,SHADOW,,,6.1927,9.9839
2026-09-05T15:22:00,79695.20,0,0,SHADOW,SHADOW,,,6.1927,9.9839
2026-09-05T15:23:00,79708.60,0,0,SHADOW,SHADOW,,,6.1927,9.9839
2026-09-05T15:24:00,79713.80,0,0,SHADOW,SHADOW,,,6.1927,9.9839
2026-09-05T15:25:00,79726.10,0,0,SHADOW,SHADOW,,,6.1927,9.9839
2026-09-05T15:26:00,79728.90,0,0,SHADOW,SHADOW,,,6.1927,9.9839
2026-09-05T15:27:00,79728.90,0,0,SHADOW,SHADOW,,,6.1927,9.9839
2026-09-05T15:28:00,79668.30,0,0,SHADOW,SHADOW,,,6.1927,9.9839
2026-09-05T15:29:00,79653.00,0,0,SHADOW,SHADOW,,,6.1927,9.9839
2026-09-05T15:30:00,79674.80,0,0,SHADOW,SHADOW,,,6.1927,9.9839
2026-09-05T15:31:00,79674.70,0,0,SHADOW,SHADOW,,,6.1927,9.9839
2026-09-05T15:32:00,79674.70,0,0,SHADOW,SHADOW,,,6.1927,9.9839
2026-09-05T15:33:00,79670.70,0,0,SHADOW,SHADOW,,,6.1927,9.9839
2026-09-05T15:34:00,79684.20,0,0,SHADOW,SHADOW,,,6.1927,9.9839
2026-09-05T15:35:00,79673.60,0,0,SHADOW,SHADOW,,,6.1927,9.9839
2026-09-05T15:36:00,79660.70,0,0,SHADOW,SHADOW,,,6.1927,9.9839
2026-09-05T15:37:00,79680.50,0,0,SHADOW,SHADOW,,,6.1927,9.9839
2026-09-05T15:38:00,79693.00,0,0,SHADOW,SHADOW,,,6.1927,9.9839
2026-09-05T15:39:00,79699.40,0,0,SHADOW,SHADOW,,,6.1927,9.9839
2026-09-05T15:40:00,79693.00,0,0,SHADOW,SHADOW,,,6.1927,9.9839
2026-09-05T15:41:00,79699.60,0,0,SHADOW,SHADOW,,,6.1927,9.9839
2026-09-05T15:42:00,79699.60,0,0,SHADOW,SHADOW,,,6.1927,9.9839
2026-09-05T15:43:00,79699.50,0,0,SHADOW,SHADOW,,,6.1927,9.9839
2026-09-05T15:44:00,79712.20,0,0,SHADOW,SHADOW,,,6.1927,9.9839
2026-09-05T15:45:00,79727.70,0,0,SHADOW,SHADOW,,,6.1927,9.9839
2026-09-05T15:46:00,79724.90,0,0,SHADOW,SHADOW,,,6.1927,9.9839
2026-09-05T15:47:00,79715.30,0,0,SHADOW,SHADOW,,,6.1927,9.9839
2026-09-05T15:48:00,79707.50,0,0,SHADOW,SHADOW,,,6.1927,9.9839
2026-09-05T15:49:00,79714.60,0,0,SHADOW,SHADOW,,,6.1927,9.9839
2026-09-05T15:50:00,79719.90,0,0,SHADOW,SHADOW,,,6.1927,9.9839
2026-09-05T15:51:00,79694.90,0,0,SHADOW,SHADOW,,,6.1927,9.9839
2026-09-05T15:52:00,79695.00,0,0,SHADOW,SHADOW,,,6.1927,9.9839
2026-09-05T15:53:00,79720.00,0,0,SHADOW,SHADOW,,,6.1927,9.9839
2026-09-05T15:54:00,79719.90,0,0,SHADOW,SHADOW,,,6.1927,9.9839
2026-09-05T15:55:00,79757.40,0,0,SHADOW,SHADOW,,,6.1927,9.9839
2026-09-05T15:56:00,79753.90,0,0,SHADOW,SHADOW,,,6.1927,9.9839
2026-09-05T15:57:00,79754.00,0,0,SHADOW,SHADOW,,,6.1927,9.9839
2026-09-05T15:58:00,79762.60,0,0,SHADOW,SHADOW,,,6.1927,9.9839
2026-09-05T15:59:00,79760.20,0,0,SHADOW,SHADOW,,,6.1927,9.9839
2026-09-05T16:00:00,79760.30,0,0,SHADOW,SHADOW,,,6.1927,9.9839
2026-09-05T16:01:00,79780.60,0,0,SHADOW,SHADOW,,,6.1927,9.9839
2026-09-05T16:02:00,79796.40,0,0,SHADOW,SHADOW,,,6.1927,9.9839
2026-09-05T16:03:00,79804.90,0,0,SHADOW,SHADOW,,,6.1927,9.9839
2026-09-05T16:04:00,79804.90,0,0,SHADOW,SHADOW,,,6.1927,9.9839
2026-09-05T16:05:00,79767.90,0,0,SHADOW,SHADOW,,,6.1927,9.9839
2026-09-05T16:06:00,79767.80,0,0,SHADOW,SHADOW,,,6.1927,9.9839
2026-09-05T16:07:00,79712.00,0,0,SHADOW,SHADOW,,,6.1927,9.9839
2026-09-05T16:08:00,79731.10,0,0,SHADOW,SHADOW,,,6.1927,9.9839
2026-09-05T16:09:00,79746.40,0,0,SHADOW,SHADOW,,,6.1927,9.9839
2026-09-05T16:10:00,79753.50,0,0,SHADOW,SHADOW,,,6.1927,9.9839
2026-09-05T16:11:00,79763.90,0,0,SHADOW,SHADOW,,,6.1927,9.9839
2026-09-05T16:12:00,79766.70,0,0,SHADOW,SHADOW,,,6.1927,9.9839
2026-09-05T16:13:00,79722.60,0,0,SHADOW,SHADOW,,,6.1927,9.9839
2026-09-05T16:14:00,79737.20,0,0,SHADOW,SHADOW,,,6.1927,9.9839
2026-09-05T16:15:00,79756.40,0,0,SHADOW,SHADOW,,,6.1927,9.9839
2026-09-05T16:16:00,79768.40,0,0,SHADOW,SHADOW,,,6.1927,9.9839
2026-09-05T16:17:00,79745.00,0,0,SHADOW,SHADOW,,,6.1927,9.9839
2026-09-05T16:18:00,79759.70,0,0,SHADOW,SHADOW,,,6.1927,9.9839
2026-09-05T16:19:00,79769.70,0,0,SHADOW,SHADOW,,,6.1927,9.9839
2026-09-05T16:20:00,79804.90,0,0,SHADOW,SHADOW,,,6.1927,9.9839
2026-09-05T16:21:00,79816.00,0,0,SHADOW,SHADOW,,,6.1927,9.9839
2026-09-05T16:22:00,79812.10,0,0,SHADOW,SHADOW,,,6.1927,9.9839
2026-09-05T16:23:00,79828.40,0,0,SHADOW,SHADOW,,,6.1927,9.9839
2026-09-05T16:24:00,79819.80,0,0,SHADOW,SHADOW,,,6.1927,9.9839
2026-09-05T16:25:00,79823.90,0,0,SHADOW,SHADOW,,,6.1927,9.9839
2026-09-05T16:26:00,79854.30,0,0,SHADOW,SHADOW,,,6.1927,9.9839
2026-09-05T16:27:00,79805.20,0,0,SHADOW,SHADOW,,,6.1927,9.9839
2026-09-05T16:28:00,79805.20,0,0,SHADOW,SHADOW,,,6.1927,9.9839
2026-09-05T16:29:00,79854.20,0,0,SHADOW,SHADOW,,,6.1927,9.9839
2026-09-05T16:30:00,79883.20,0,0,SHADOW,SHADOW,,,6.1927,9.9839
2026-09-05T16:31:00,79918.50,0,0,SHADOW,SHADOW,,,6.1927,9.9839
2026-09-05T16:32:00,79915.50,0,0,SHADOW,SHADOW,,,6.1927,9.9839
2026-09-05T16:33:00,79871.20,0,0,SHADOW,SHADOW,,,6.1927,9.9839
2026-09-05T16:34:00,79951.90,0,0,SHADOW,SHADOW,,,6.1927,9.9839
2026-09-05T16:35:00,79908.80,0,0,SHADOW,SHADOW,,,6.1927,9.9839
2026-09-05T16:36:00,79912.20,0,0,SHADOW,SHADOW,,,6.1927,9.9839
2026-09-05T16:37:00,79894.40,0,0,SHADOW,SHADOW,,,6.1927,9.9839
2026-09-05T16:38:00,79891.50,0,0,SHADOW,SHADOW,,,6.1927,9.9839
2026-09-05T16:39:00,79896.80,0,0,SHADOW,SHADOW,,,6.1927,9.9839
2026-09-05T16:40:00,79892.10,0,0,SHADOW,SHADOW,,,6.1927,9.9839
2026-09-05T16:41:00,79902.90,0,0,SHADOW,SHADOW,,,6.1927,9.9839
2026-09-05T16:42:00,79884.80,0,0,SHADOW,SHADOW,,,6.1927,9.9839
2026-09-05T16:43:00,79892.90,0,0,SHADOW,SHADOW,,,6.1927,9.9839
2026-09-05T16:44:00,79894.50,0,0,SHADOW,SHADOW,,,6.1927,9.9839
2026-09-05T16:45:00,79928.40,0,0,SHADOW,SHADOW,,,6.1927,9.9839
2026-09-05T16:46:00,79896.50,0,0,SHADOW,SHADOW,,,6.1927,9.9839
2026-09-05T16:47:00,79888.10,0,0,SHADOW,SHADOW,,,6.1927,9.9839
2026-09-05T16:48:00,79933.50,0,0,SHADOW,SHADOW,,,6.1927,9.9839
2026-09-05T16:49:00,79954.20,0,0,SHADOW,SHADOW,,,6.1927,9.9839
2026-09-05T16:50:00,79948.50,0,0,SHADOW,SHADOW,,,6.1927,9.9839
2026-09-05T16:51:00,79935.90,0,0,SHADOW,SHADOW,,,6.1927,9.9839
2026-09-05T16:52:00,79967.60,0,0,SHADOW,SHADOW,,,6.1927,9.9839
2026-09-05T16:53:00,79973.50,0,0,SHADOW,SHADOW,,,6.1927,9.9839
2026-09-05T16:54:00,80065.20,0,0,SHADOW,SHADOW,,,6.1927,9.9839
2026-09-05T16:55:00,80058.60,0,0,SHADOW,SHADOW,,,6.1927,9.9839
2026-09-05T16:56:00,80073.40,0,0,SHADOW,SHADOW,,,6.1927,9.9839
2026-09-05T16:57:00,80128.00,0,0,SHADOW,SHADOW,,,6.1927,9.9839
2026-09-05T16:58:00,80065.40,0,0,SHADOW,SHADOW,,,6.1927,9.9839
2026-09-05T16:59:00,80001.50,0,0,SHADOW,SHADOW,,,6.1927,9.9839
2026-09-05T17:00:00,79983.80,0,0,SHADOW,SHADOW,,,6.1927,9.9839
2026-09-05T17:01:00,79986.50,0,0,SHADOW,SHADOW,,,6.1927,9.9839
2026-09-05T17:02:00,80049.90,0,0,SHADOW,SHADOW,,,6.1927,9.9839
2026-09-05T17:03:00,80050.10,0,0,SHADOW,SHADOW,,,6.1927,9.9839
2026-09-05T17:04:00,79997.00,0,0,SHADOW,SHADOW,,,6.1927,9.9839
2026-09-05T17:05:00,80003.10,0,0,SHADOW,SHADOW,,,6.1927,9.9839
2026-09-05T17:06:00,79992.10,0,0,SHADOW,SHADOW,,,6.1927,9.9839
2026-09-05T17:07:00,80094.20,0,0,SHADOW,SHADOW,,,6.1927,9.9839
2026-09-05T17:08:00,80057.70,0,0,SHADOW,SHADOW,,,6.1927,9.9839
2026-09-05T17:09:00,80070.10,0,0,SHADOW,SHADOW,,,6.1927,9.9839
2026-09-05T17:10:00,80068.40,0,0,SHADOW,SHADOW,,,6.1927,9.9839
2026-09-05T17:11:00,80076.90,0,0,SHADOW,SHADOW,,,6.1927,9.9839
2026-09-05T17:12:00,80062.90,0,0,SHADOW,SHADOW,,,6.1927,9.9839
2026-09-05T17:13:00,80057.40,0,0,SHADOW,SHADOW,,,6.1927,9.9839
2026-09-05T17:14:00,80094.20,0,0,SHADOW,SHADOW,,,6.1927,9.9839
2026-09-05T17:15:00,80026.10,0,0,SHADOW,SHADOW,,,6.1927,9.9839
2026-09-05T17:16:00,80030.60,0,0,SHADOW,SHADOW,,,6.1927,9.9839
2026-09-05T17:17:00,79980.90,0,0,SHADOW,SHADOW,,,6.1927,9.9839
2026-09-05T17:18:00,80014.80,0,0,SHADOW,SHADOW,,,6.1927,9.9839
2026-09-05T17:19:00,80005.80,0,0,SHADOW,SHADOW,,,6.1927,9.9839
2026-09-05T17:20:00,80021.20,0,0,SHADOW,SHADOW,,,6.1927,9.9839
2026-09-05T17:21:00,80036.80,0,0,SHADOW,SHADOW,,,6.1927,9.9839
2026-09-05T17:22:00,80015.70,0,0,SHADOW,SHADOW,,,6.1927,9.9839
2026-09-05T17:23:00,80024.80,0,0,SHADOW,SHADOW,,,6.1927,9.9839
2026-09-05T17:24:00,80017.60,0,0,SHADOW,SHADOW,,,6.1927,9.9839
2026-09-05T17:25:00,80018.50,0,0,SHADOW,SHADOW,,,6.1927,9.9839
2026-09-05T17:26:00,80008.30,0,0,SHADOW,SHADOW,,,6.1927,9.9839
2026-09-05T17:27:00,79965.60,0,0,SHADOW,SHADOW,,,6.1927,9.9839
2026-09-05T17:28:00,79963.90,0,0,SHADOW,SHADOW,,,6.1927,9.9839
2026-09-05T17:29:00,79993.70,0,0,SHADOW,SHADOW,,,6.1927,9.9839
2026-09-05T17:30:00,80008.20,0,0,SHADOW,SHADOW,,,6.1927,9.9839
2026-09-05T17:31:00,80025.00,0,0,SHADOW,SHADOW,,,6.1927,9.9839
2026-09-05T17:32:00,80074.20,0,0,SHADOW,SHADOW,,,6.1927,9.9839
2026-09-05T17:33:00,80052.00,0,0,SHADOW,SHADOW,,,6.1927,9.9839
2026-09-05T17:34:00,80030.40,0,0,SHADOW,SHADOW,,,6.1927,9.9839
2026-09-05T17:35:00,80027.20,0,0,SHADOW,SHADOW,,,6.1927,9.9839
2026-09-05T17:36:00,80023.60,0,0,SHADOW,SHADOW,,,6.1927,9.9839
2026-09-05T17:37:00,79988.00,0,0,SHADOW,SHADOW,,,6.1927,9.9839
2026-09-05T17:38:00,79967.20,0,0,SHADOW,SHADOW,,,6.1927,9.9839
2026-09-05T17:39:00,79950.30,0,0,SHADOW,SHADOW,,,6.1927,9.9839
2026-09-05T17:40:00,79965.50,0,0,SHADOW,SHADOW,,,6.1927,9.9839
2026-09-05T17:41:00,79959.70,0,0,SHADOW,SHADOW,,,6.1927,9.9839
2026-09-05T17:42:00,79973.80,0,0,SHADOW,SHADOW,,,6.1927,9.9839
2026-09-05T17:43:00,79983.60,0,0,SHADOW,SHADOW,,,6.1927,9.9839
2026-09-05T17:44:00,80012.90,0,0,SHADOW,SHADOW,,,6.1927,9.9839
2026-09-05T17:45:00,80019.80,0,0,SHADOW,SHADOW,,,6.1927,9.9839
2026-09-05T17:46:00,80037.50,0,0,SHADOW,SHADOW,,,6.1927,9.9839
2026-09-05T17:47:00,80033.10,0,0,SHADOW,SHADOW,,,6.1927,9.9839
2026-09-05T17:48:00,79991.80,0,0,SHADOW,SHADOW,,,6.1927,9.9839
2026-09-05T17:49:00,80017.90,0,0,SHADOW,SHADOW,,,6.1927,9.9839
2026-09-05T17:50:00,80037.60,0,0,SHADOW,SHADOW,,,6.1927,9.9839
2026-09-05T17:51:00,80025.00,0,0,SHADOW,SHADOW,,,6.1927,9.9839
2026-09-05T17:52:00,80054.90,0,0,SHADOW,SHADOW,,,6.1927,9.9839
2026-09-05T17:53:00,80061.00,0,0,SHADOW,SHADOW,,,6.1927,9.9839
2026-09-05T17:54:00,80032.20,0,0,SHADOW,SHADOW,,,6.1927,9.9839
2026-09-05T17:55:00,80046.70,0,0,SHADOW,SHADOW,,,6.1927,9.9839
2026-09-05T17:56:00,80024.00,0,0,SHADOW,SHADOW,,,6.1927,9.9839
2026-09-05T17:57:00,79995.30,0,0,SHADOW,SHADOW,,,6.1927,9.9839
2026-09-05T17:58:00,80033.30,0,0,SHADOW,SHADOW,,,6.1927,9.9839
2026-09-05T18:50:00,79904.00,0,0,SHADOW,SHADOW,,,6.1927,9.9839
2026-09-05T18:51:00,79911.90,0,0,SHADOW,SHADOW,,,6.1927,9.9839
2026-09-05T18:52:00,79931.20,0,0,SHADOW,SHADOW,,,6.1927,9.9839
2026-09-05T18:53:00,79924.00,0,0,SHADOW,SHADOW,,,6.1927,9.9839
2026-09-05T18:54:00,79919.00,0,0,SHADOW,SHADOW,,,6.1927,9.9839
2026-09-05T18:55:00,79920.50,0,0,SHADOW,SHADOW,,,6.1927,9.9839
2026-09-05T18:56:00,79948.80,0,0,SHADOW,SHADOW,,,6.1927,9.9839
2026-09-05T18:57:00,79968.90,0,0,SHADOW,SHADOW,,,6.1927,9.9839
2026-09-05T18:58:00,79959.20,0,0,SHADOW,SHADOW,,,6.1927,9.9839
2026-09-05T18:59:00,79959.20,0,0,SHADOW,SHADOW,,,6.1927,9.9839
2026-09-05T19:00:00,79910.00,0,0,SHADOW,SHADOW,,,6.1927,9.9839
2026-09-05T19:01:00,79904.60,0,0,SHADOW,SHADOW,,,6.1927,9.9839
2026-09-05T19:02:00,79900.00,0,0,SHADOW,SHADOW,,,6.1927,9.9839
2026-09-05T19:03:00,79891.10,0,0,SHADOW,SHADOW,,,6.1927,9.9839
2026-09-05T19:04:00,79897.80,0,0,SHADOW,SHADOW,,,6.1927,9.9839
2026-09-05T19:05:00,79898.50,0,0,SHADOW,SHADOW,,,6.1927,9.9839
2026-09-05T19:06:00,79916.70,0,0,SHADOW,SHADOW,,,6.1927,9.9839
2026-09-05T19:07:00,79916.60,0,0,SHADOW,SHADOW,,,6.1927,9.9839
2026-09-05T19:08:00,79910.50,0,0,SHADOW,SHADOW,,,6.1927,9.9839
2026-09-05T19:09:00,79913.80,0,0,SHADOW,SHADOW,,,6.1927,9.9839
2026-09-05T19:10:00,79936.00,0,0,SHADOW,SHADOW,,,6.1927,9.9839
2026-09-05T19:11:00,79935.90,0,0,SHADOW,SHADOW,,,6.1927,9.9839
2026-09-05T19:12:00,79922.80,0,0,SHADOW,SHADOW,,,6.1927,9.9839
2026-09-05T19:13:00,79905.00,0,0,SHADOW,SHADOW,,,6.1927,9.9839
2026-09-05T19:14:00,79901.50,0,0,SHADOW,SHADOW,,,6.1927,9.9839
2026-09-05T19:15:00,79929.60,0,0,SHADOW,SHADOW,,,6.1927,9.9839
2026-09-05T19:16:00,79920.00,0,0,SHADOW,SHADOW,,,6.1927,9.9839
2026-09-05T19:17:00,79904.10,0,0,SHADOW,SHADOW,,,6.1927,9.9839
2026-09-05T19:18:00,79898.10,0,0,SHADOW,SHADOW,,,6.1927,9.9839
2026-09-05T19:19:00,79898.00,0,0,SHADOW,SHADOW,,,6.1927,9.9839
2026-09-05T19:20:00,79892.60,0,0,SHADOW,SHADOW,,,6.1927,9.9839
2026-09-05T19:21:00,79866.00,0,0,SHADOW,SHADOW,,,6.1927,9.9839
2026-09-05T19:22:00,79882.20,0,0,SHADOW,SHADOW,,,6.1927,9.9839
2026-09-05T19:23:00,79907.40,0,0,SHADOW,SHADOW,,,6.1927,9.9839
2026-09-05T19:24:00,79923.70,0,0,SHADOW,SHADOW,,,6.1927,9.9839
2026-09-05T19:25:00,79937.80,0,0,SHADOW,SHADOW,,,6.1927,9.9839
2026-09-05T19:26:00,79937.90,0,0,SHADOW,SHADOW,,,6.1927,9.9839
2026-09-05T19:27:00,79939.70,0,0,SHADOW,SHADOW,,,6.1927,9.9839
2026-09-05T19:28:00,79925.20,0,0,SHADOW,SHADOW,,,6.1927,9.9839
2026-09-05T19:29:00,79925.20,0,0,SHADOW,SHADOW,,,6.1927,9.9839
2026-09-05T19:30:00,79934.90,0,0,SHADOW,SHADOW,,,6.1927,9.9839
2026-09-05T19:31:00,79934.90,0,0,SHADOW,SHADOW,,,6.1927,9.9839
2026-09-05T19:32:00,79902.60,0,0,SHADOW,SHADOW,,,6.1927,9.9839
2026-09-05T19:33:00,79873.40,0,0,SHADOW,SHADOW,,,6.1927,9.9839
2026-09-05T19:34:00,79748.10,0,0,SHADOW,SHADOW,,,6.1927,9.9839
2026-09-05T19:35:00,79810.80,0,0,SHADOW,SHADOW,,,6.1927,9.9839
2026-09-05T19:36:00,79736.40,0,0,SHADOW,SHADOW,,,6.1927,9.9839
2026-09-05T19:37:00,79717.90,0,0,SHADOW,SHADOW,,,6.1927,9.9839
2026-09-05T19:38:00,79738.80,0,0,SHADOW,SHADOW,,,6.1927,9.9839
2026-09-05T19:39:00,79723.80,0,0,SHADOW,SHADOW,,,6.1927,9.9839
2026-09-05T19:40:00,79806.00,0,0,SHADOW,SHADOW,,,6.1927,9.9839
2026-09-05T19:41:00,79805.10,0,0,SHADOW,SHADOW,,,6.1927,9.9839
2026-09-05T19:42:00,79805.70,0,0,SHADOW,SHADOW,,,6.1927,9.9839
2026-09-05T19:43:00,79824.30,0,0,SHADOW,SHADOW,,,6.1927,9.9839
2026-09-05T19:44:00,79819.20,0,0,SHADOW,SHADOW,,,6.1927,9.9839
2026-09-05T19:45:00,79790.30,0,0,SHADOW,SHADOW,,,6.1927,9.9839
2026-09-05T19:46:00,79750.80,0,0,SHADOW,SHADOW,,,6.1927,9.9839
2026-09-05T19:47:00,79754.40,0,0,SHADOW,SHADOW,,,6.1927,9.9839
2026-09-05T19:48:00,79746.90,0,0,SHADOW,SHADOW,,,6.1927,9.9839
2026-09-05T19:49:00,79710.10,0,0,SHADOW,SHADOW,,,6.1927,9.9839
2026-09-05T19:50:00,79703.90,0,0,SHADOW,SHADOW,,,6.1927,9.9839
2026-09-05T19:51:00,79731.50,0,0,SHADOW,SHADOW,,,6.1927,9.9839
2026-09-05T19:52:00,79731.60,0,0,SHADOW,SHADOW,,,6.1927,9.9839
2026-09-05T19:53:00,79727.10,0,0,SHADOW,SHADOW,,,6.1927,9.9839
2026-09-05T19:54:00,79713.20,0,0,SHADOW,SHADOW,,,6.1927,9.9839
2026-09-05T19:55:00,79729.90,0,0,SHADOW,SHADOW,,,6.1927,9.9839
2026-09-05T19:56:00,79742.00,0,0,SHADOW,SHADOW,,,6.1927,9.9839
2026-09-05T19:57:00,79745.90,0,0,SHADOW,SHADOW,,,6.1927,9.9839
2026-09-05T19:58:00,79709.90,0,0,SHADOW,SHADOW,,,6.1927,9.9839
2026-09-05T19:59:00,79719.90,0,0,SHADOW,SHADOW,,,6.1927,9.9839
2026-09-05T20:00:00,79763.80,0,0,SHADOW,SHADOW,,,6.1927,9.9839
2026-09-05T20:01:00,79740.00,0,0,SHADOW,SHADOW,,,6.1927,9.9839
2026-09-05T20:02:00,79708.90,0,0,SHADOW,SHADOW,,,6.1927,9.9839
2026-09-05T20:03:00,79694.50,0,0,SHADOW,SHADOW,,,6.1927,9.9839
2026-09-05T20:04:00,79683.70,0,0,SHADOW,SHADOW,,,6.1927,9.9839
2026-09-05T20:05:00,79750.00,0,0,SHADOW,SHADOW,,,6.1927,9.9839
2026-09-05T20:06:00,79734.10,0,0,SHADOW,SHADOW,,,6.1927,9.9839
2026-09-05T20:07:00,79734.00,0,0,SHADOW,SHADOW,,,6.1927,9.9839
2026-09-05T20:08:00,79718.50,0,0,SHADOW,SHADOW,,,6.1927,9.9839
2026-09-05T20:09:00,79713.50,0,0,SHADOW,SHADOW,,,6.1927,9.9839
2026-09-05T20:10:00,79754.40,0,0,SHADOW,SHADOW,,,6.1927,9.9839
2026-09-05T20:11:00,79777.80,0,0,SHADOW,SHADOW,,,6.1927,9.9839
2026-09-05T20:12:00,79812.00,0,0,SHADOW,SHADOW,,,6.1927,9.9839
2026-09-05T20:13:00,79718.30,0,0,SHADOW,SHADOW,,,6.1927,9.9839
2026-09-05T20:14:00,79705.90,0,0,SHADOW,SHADOW,,,6.1927,9.9839
2026-09-05T20:15:00,79697.60,0,0,SHADOW,SHADOW,,,6.1927,9.9839
2026-09-05T20:16:00,79708.20,0,0,SHADOW,SHADOW,,,6.1927,9.9839
2026-09-05T20:17:00,79690.10,0,0,SHADOW,SHADOW,,,6.1927,9.9839
2026-09-05T20:18:00,79668.90,0,0,SHADOW,SHADOW,,,6.1927,9.9839
2026-09-05T20:19:00,79663.40,0,0,SHADOW,SHADOW,,,6.1927,9.9839
2026-09-05T20:20:00,79737.90,0,0,SHADOW,SHADOW,,,6.1927,9.9839
2026-09-05T20:21:00,79737.90,0,0,SHADOW,SHADOW,,,6.1927,9.9839
2026-09-05T20:22:00,79751.50,0,0,SHADOW,SHADOW,,,6.1927,9.9839
2026-09-05T20:23:00,79733.10,0,0,SHADOW,SHADOW,,,6.1927,9.9839
2026-09-05T20:24:00,79763.60,0,0,SHADOW,SHADOW,,,6.1927,9.9839
2026-09-05T20:25:00,79793.10,0,0,SHADOW,SHADOW,,,6.1927,9.9839
2026-09-05T20:26:00,79789.40,0,0,SHADOW,SHADOW,,,6.1927,9.9839
2026-09-05T20:27:00,79730.80,0,0,SHADOW,SHADOW,,,6.1927,9.9839
2026-09-05T20:28:00,79671.80,0,0,SHADOW,SHADOW,,,6.1927,9.9839
2026-09-05T20:29:00,79687.50,0,0,SHADOW,SHADOW,,,6.1927,9.9839
2026-09-05T20:30:00,79685.10,0,0,SHADOW,SHADOW,,,6.1927,9.9839
2026-09-05T20:31:00,79706.70,0,0,SHADOW,SHADOW,,,6.1927,9.9839
2026-09-05T20:32:00,79676.20,0,0,SHADOW,SHADOW,,,6.1927,9.9839
2026-09-05T20:33:00,79680.20,0,0,SHADOW,SHADOW,,,6.1927,9.9839
2026-09-05T20:34:00,79677.30,0,0,SHADOW,SHADOW,,,6.1927,9.9839
2026-09-05T20:35:00,79668.00,0,0,SHADOW,SHADOW,,,6.1927,9.9839
2026-09-05T20:36:00,79723.00,0,0,SHADOW,SHADOW,,,6.1927,9.9839
2026-09-05T20:37:00,79705.40,0,0,SHADOW,SHADOW,,,6.1927,9.9839
2026-09-05T20:38:00,79689.30,0,0,SHADOW,SHADOW,,,6.1927,9.9839
2026-09-05T20:39:00,79682.30,0,0,SHADOW,SHADOW,,,6.1927,9.9839
2026-09-05T20:40:00,79691.90,0,0,SHADOW,SHADOW,,,6.1927,9.9839
2026-09-05T20:41:00,79714.70,0,0,SHADOW,SHADOW,,,6.1927,9.9839
2026-09-05T20:42:00,79731.80,0,0,SHADOW,SHADOW,,,6.1927,9.9839
2026-09-05T20:43:00,79737.40,0,0,SHADOW,SHADOW,,,6.1927,9.9839
2026-09-05T20:44:00,79753.00,0,0,SHADOW,SHADOW,,,6.1927,9.9839
2026-09-05T20:45:00,79737.10,0,0,SHADOW,SHADOW,,,6.1927,9.9839
2026-09-05T20:46:00,79733.90,0,0,SHADOW,SHADOW,,,6.1927,9.9839
2026-09-05T20:47:00,79727.50,0,0,SHADOW,SHADOW,,,6.1927,9.9839
2026-09-05T20:48:00,79724.00,0,0,SHADOW,SHADOW,,,6.1927,9.9839
2026-09-05T20:49:00,79738.00,0,0,SHADOW,SHADOW,,,6.1927,9.9839
2026-09-05T20:50:00,79753.40,0,0,SHADOW,SHADOW,,,6.1927,9.9839
2026-09-05T20:51:00,79742.80,0,0,SHADOW,SHADOW,,,6.1927,9.9839
2026-09-05T20:52:00,79715.90,0,0,SHADOW,SHADOW,,,6.1927,9.9839
2026-09-05T20:53:00,79700.10,0,0,SHADOW,SHADOW,,,6.1927,9.9839
2026-09-05T20:54:00,79715.90,0,0,SHADOW,SHADOW,,,6.1927,9.9839
2026-09-05T20:55:00,79715.90,0,0,SHADOW,SHADOW,,,6.1927,9.9839
2026-09-05T20:56:00,79716.00,0,0,SHADOW,SHADOW,,,6.1927,9.9839
2026-09-05T20:57:00,79720.60,0,0,SHADOW,SHADOW,,,6.1927,9.9839
2026-09-05T20:58:00,79753.00,0,0,SHADOW,SHADOW,,,6.1927,9.9839
2026-09-05T20:59:00,79702.20,0,0,SHADOW,SHADOW,,,6.1927,9.9839
2026-09-05T21:00:00,79709.00,0,0,SHADOW,SHADOW,,,6.1927,9.9839
2026-09-05T21:01:00,79700.70,0,0,SHADOW,SHADOW,,,6.1927,9.9839
2026-09-05T21:02:00,79702.80,0,0,SHADOW,SHADOW,,,6.1927,9.9839
2026-09-05T21:03:00,79695.20,0,0,SHADOW,SHADOW,,,6.1927,9.9839
2026-09-05T21:04:00,79698.60,0,0,SHADOW,SHADOW,,,6.1927,9.9839
2026-09-05T21:05:00,79689.10,0,0,SHADOW,SHADOW,,,6.1927,9.9839
2026-09-05T21:06:00,79704.70,0,0,SHADOW,SHADOW,,,6.1927,9.9839
2026-09-05T21:07:00,79715.00,0,0,SHADOW,SHADOW,,,6.1927,9.9839
2026-09-05T21:08:00,79743.30,0,0,SHADOW,SHADOW,,,6.1927,9.9839
2026-09-05T21:09:00,79743.40,0,0,SHADOW,SHADOW,,,6.1927,9.9839
2026-09-05T21:10:00,79750.90,0,0,SHADOW,SHADOW,,,6.1927,9.9839
2026-09-05T21:11:00,79754.80,0,0,SHADOW,SHADOW,,,6.1927,9.9839
2026-09-05T21:12:00,79748.90,0,0,SHADOW,SHADOW,,,6.1927,9.9839
2026-09-05T21:13:00,79746.90,0,0,SHADOW,SHADOW,,,6.1927,9.9839
2026-09-05T21:14:00,79749.90,0,0,SHADOW,SHADOW,,,6.1927,9.9839
2026-09-05T21:15:00,79748.40,0,0,SHADOW,SHADOW,,,6.1927,9.9839
2026-09-05T21:16:00,79748.30,0,0,SHADOW,SHADOW,,,6.1927,9.9839
2026-09-05T21:17:00,79754.90,0,0,SHADOW,SHADOW,,,6.1927,9.9839
2026-09-05T21:18:00,79784.00,0,0,SHADOW,SHADOW,,,6.1927,9.9839
2026-09-05T21:19:00,79803.90,0,0,SHADOW,SHADOW,,,6.1927,9.9839
2026-09-05T21:20:00,79795.00,0,0,SHADOW,SHADOW,,,6.1927,9.9839
2026-09-05T21:21:00,79795.10,0,0,SHADOW,SHADOW,,,6.1927,9.9839
2026-09-05T21:22:00,79828.50,0,0,SHADOW,SHADOW,,,6.1927,9.9839
2026-09-05T21:23:00,79828.90,0,0,SHADOW,SHADOW,,,6.1927,9.9839
2026-09-05T21:24:00,79821.00,0,0,SHADOW,SHADOW,,,6.1927,9.9839
2026-09-05T21:25:00,79814.00,0,0,SHADOW,SHADOW,,,6.1927,9.9839
2026-09-05T21:26:00,79825.30,0,0,SHADOW,SHADOW,,,6.1927,9.9839
2026-09-05T21:27:00,79822.40,0,0,SHADOW,SHADOW,,,6.1927,9.9839
2026-09-05T21:28:00,79819.00,0,0,SHADOW,SHADOW,,,6.1927,9.9839
2026-09-05T21:29:00,79818.90,0,0,SHADOW,SHADOW,,,6.1927,9.9839
2026-09-05T21:30:00,79819.00,0,0,SHADOW,SHADOW,,,6.1927,9.9839
2026-09-05T21:31:00,79820.10,0,0,SHADOW,SHADOW,,,6.1927,9.9839
2026-09-05T21:32:00,79812.80,0,0,SHADOW,SHADOW,,,6.1927,9.9839
2026-09-05T21:33:00,79812.70,0,0,SHADOW,SHADOW,,,6.1927,9.9839
2026-09-05T21:34:00,79812.70,0,0,SHADOW,SHADOW,,,6.1927,9.9839
2026-09-05T21:35:00,79809.60,0,0,SHADOW,SHADOW,,,6.1927,9.9839
2026-09-05T21:36:00,79809.70,0,0,SHADOW,SHADOW,,,6.1927,9.9839
2026-09-05T21:37:00,79805.50,0,0,SHADOW,SHADOW,,,6.1927,9.9839
2026-09-05T21:38:00,79815.00,0,0,SHADOW,SHADOW,,,6.1927,9.9839
2026-09-05T21:39:00,79828.30,0,0,SHADOW,SHADOW,,,6.1927,9.9839
2026-09-05T21:40:00,79818.00,0,0,SHADOW,SHADOW,,,6.1927,9.9839
2026-09-05T21:41:00,79845.60,0,0,SHADOW,SHADOW,,,6.1927,9.9839
2026-09-05T21:42:00,79868.20,0,0,SHADOW,SHADOW,,,6.1927,9.9839
2026-09-05T21:43:00,79837.20,0,0,SHADOW,SHADOW,,,6.1927,9.9839
2026-09-05T21:44:00,79876.80,0,0,SHADOW,SHADOW,,,6.1927,9.9839
2026-09-05T21:45:00,79867.80,0,0,SHADOW,SHADOW,,,6.1927,9.9839
2026-09-05T21:46:00,79832.60,0,0,SHADOW,SHADOW,,,6.1927,9.9839
2026-09-05T21:47:00,79826.00,0,0,SHADOW,SHADOW,,,6.1927,9.9839
2026-09-05T21:48:00,79824.40,0,0,SHADOW,SHADOW,,,6.1927,9.9839
2026-09-05T21:49:00,79867.30,0,0,SHADOW,SHADOW,,,6.1927,9.9839
2026-09-05T21:50:00,79870.20,0,0,SHADOW,SHADOW,,,6.1927,9.9839
2026-09-05T21:51:00,79872.40,0,0,SHADOW,SHADOW,,,6.1927,9.9839
2026-09-05T21:52:00,79894.30,0,0,SHADOW,SHADOW,,,6.1927,9.9839
2026-09-05T21:53:00,79861.60,0,0,SHADOW,SHADOW,,,6.1927,9.9839
2026-09-05T21:54:00,79860.00,0,0,SHADOW,SHADOW,,,6.1927,9.9839
2026-09-05T21:55:00,79855.50,0,0,SHADOW,SHADOW,,,6.1927,9.9839
2026-09-05T21:56:00,79855.60,0,0,SHADOW,SHADOW,,,6.1927,9.9839
2026-09-05T21:57:00,79891.10,0,0,SHADOW,SHADOW,,,6.1927,9.9839
2026-09-05T21:58:00,79884.10,0,0,SHADOW,SHADOW,,,6.1927,9.9839
2026-09-05T21:59:00,79872.40,0,0,SHADOW,SHADOW,,,6.1927,9.9839
2026-09-05T22:00:00,79890.90,0,0,SHADOW,SHADOW,,,6.1927,9.9839
2026-09-05T22:01:00,79896.30,0,0,SHADOW,SHADOW,,,6.1927,9.9839
2026-09-05T22:02:00,79896.40,0,0,SHADOW,SHADOW,,,6.1927,9.9839
2026-09-05T22:03:00,79863.50,0,0,SHADOW,SHADOW,,,6.1927,9.9839
2026-09-05T22:04:00,79826.00,0,0,SHADOW,SHADOW,,,6.1927,9.9839
2026-09-05T22:05:00,79859.90,0,0,SHADOW,SHADOW,,,6.1927,9.9839
2026-09-05T22:06:00,79867.90,0,0,SHADOW,SHADOW,,,6.1927,9.9839
2026-09-05T22:07:00,79854.00,0,0,SHADOW,SHADOW,,,6.1927,9.9839
2026-09-05T22:08:00,79840.70,0,0,SHADOW,SHADOW,,,6.1927,9.9839
2026-09-05T22:09:00,79814.00,0,0,SHADOW,SHADOW,,,6.1927,9.9839
2026-09-05T22:10:00,79859.40,0,0,SHADOW,SHADOW,,,6.1927,9.9839
2026-09-05T22:11:00,79852.90,0,0,SHADOW,SHADOW,,,6.1927,9.9839
2026-09-05T22:12:00,79892.00,0,0,SHADOW,SHADOW,,,6.1927,9.9839
2026-09-05T22:13:00,79872.70,0,0,SHADOW,SHADOW,,,6.1927,9.9839
2026-09-05T22:14:00,79881.40,0,0,SHADOW,SHADOW,,,6.1927,9.9839
2026-09-05T22:15:00,79875.80,0,0,SHADOW,SHADOW,,,6.1927,9.9839
2026-09-05T22:16:00,79875.70,0,0,SHADOW,SHADOW,,,6.1927,9.9839
2026-09-05T22:17:00,79854.20,0,0,SHADOW,SHADOW,,,6.1927,9.9839
2026-09-05T22:18:00,79815.10,0,0,SHADOW,SHADOW,,,6.1927,9.9839
2026-09-05T22:19:00,79829.30,0,0,SHADOW,SHADOW,,,6.1927,9.9839
2026-09-05T22:20:00,79819.20,0,0,SHADOW,SHADOW,,,6.1927,9.9839
2026-09-05T22:21:00,79818.90,0,0,SHADOW,SHADOW,,,6.1927,9.9839
2026-09-05T22:22:00,79805.80,0,0,SHADOW,SHADOW,,,6.1927,9.9839
2026-09-05T22:23:00,79805.20,0,0,SHADOW,SHADOW,,,6.1927,9.9839
2026-09-05T22:24:00,79816.20,0,0,SHADOW,SHADOW,,,6.1927,9.9839
2026-09-05T22:25:00,79796.00,0,0,SHADOW,SHADOW,,,6.1927,9.9839
2026-09-05T22:26:00,79770.80,0,0,SHADOW,SHADOW,,,6.1927,9.9839
2026-09-05T22:27:00,79762.40,0,0,SHADOW,SHADOW,,,6.1927,9.9839
2026-09-05T22:28:00,79750.00,0,0,SHADOW,SHADOW,,,6.1927,9.9839
2026-09-05T22:29:00,79770.00,0,0,SHADOW,SHADOW,,,6.1927,9.9839
2026-09-05T22:30:00,79792.20,0,0,SHADOW,SHADOW,,,6.1927,9.9839
2026-09-05T22:31:00,79806.00,0,0,SHADOW,SHADOW,,,6.1927,9.9839
2026-09-05T22:32:00,79804.20,0,0,SHADOW,SHADOW,,,6.1927,9.9839
2026-09-05T22:33:00,79804.00,0,0,SHADOW,SHADOW,,,6.1927,9.9839
2026-09-05T22:34:00,79775.70,0,0,SHADOW,SHADOW,,,6.1927,9.9839
2026-09-05T22:35:00,79766.20,0,0,SHADOW,SHADOW,,,6.1927,9.9839
2026-09-05T22:36:00,79771.00,0,0,SHADOW,SHADOW,,,6.1927,9.9839
2026-09-05T22:37:00,79763.30,0,0,SHADOW,SHADOW,,,6.1927,9.9839
2026-09-05T22:38:00,79764.00,0,0,SHADOW,SHADOW,,,6.1927,9.9839
2026-09-05T22:39:00,79782.50,0,0,SHADOW,SHADOW,,,6.1927,9.9839
2026-09-05T22:40:00,79770.80,0,0,SHADOW,SHADOW,,,6.1927,9.9839
2026-09-05T22:41:00,79756.70,0,0,SHADOW,SHADOW,,,6.1927,9.9839
2026-09-05T22:42:00,79752.00,0,0,SHADOW,SHADOW,,,6.1927,9.9839
2026-09-05T22:43:00,79723.10,0,0,SHADOW,SHADOW,,,6.1927,9.9839
2026-09-05T22:44:00,79734.70,0,0,SHADOW,SHADOW,,,6.1927,9.9839
2026-09-05T22:45:00,79720.80,0,0,SHADOW,SHADOW,,,6.1927,9.9839
2026-09-05T22:46:00,79730.00,0,0,SHADOW,SHADOW,,,6.1927,9.9839
2026-09-05T22:47:00,79733.80,0,0,SHADOW,SHADOW,,,6.1927,9.9839
2026-09-05T22:48:00,79733.70,0,0,SHADOW,SHADOW,,,6.1927,9.9839
2026-09-05T22:49:00,79751.50,0,0,SHADOW,SHADOW,,,6.1927,9.9839
2026-09-05T22:50:00,79741.00,0,0,SHADOW,SHADOW,,,6.1927,9.9839
2026-09-05T22:51:00,79743.40,0,0,SHADOW,SHADOW,,,6.1927,9.9839
2026-09-05T22:52:00,79760.20,0,0,SHADOW,SHADOW,,,6.1927,9.9839
2026-09-05T22:53:00,79768.60,0,0,SHADOW,SHADOW,,,6.1927,9.9839
2026-09-05T22:54:00,79768.50,0,0,SHADOW,SHADOW,,,6.1927,9.9839
2026-09-05T22:55:00,79762.90,0,0,SHADOW,SHADOW,,,6.1927,9.9839
2026-09-05T22:56:00,79749.50,0,0,SHADOW,SHADOW,,,6.1927,9.9839
2026-09-05T22:57:00,79753.30,0,0,SHADOW,SHADOW,,,6.1927,9.9839
2026-09-05T22:58:00,79726.70,0,0,SHADOW,SHADOW,,,6.1927,9.9839
2026-09-05T22:59:00,79757.70,0,0,SHADOW,SHADOW,,,6.1927,9.9839
2026-09-05T23:00:00,79738.30,0,0,SHADOW,SHADOW,,,6.1927,9.9839
2026-09-05T23:01:00,79718.30,0,0,SHADOW,SHADOW,,,6.1927,9.9839
2026-09-05T23:02:00,79714.30,0,0,SHADOW,SHADOW,,,6.1927,9.9839
2026-09-05T23:03:00,79719.10,0,0,SHADOW,SHADOW,,,6.1927,9.9839
2026-09-05T23:04:00,79712.00,0,0,SHADOW,SHADOW,,,6.1927,9.9839
2026-09-05T23:05:00,79712.00,0,0,SHADOW,SHADOW,,,6.1927,9.9839
2026-09-05T23:06:00,79720.20,0,0,SHADOW,SHADOW,,,6.1927,9.9839
2026-09-05T23:07:00,79716.00,0,0,SHADOW,SHADOW,,,6.1927,9.9839
2026-09-05T23:08:00,79726.40,0,0,SHADOW,SHADOW,,,6.1927,9.9839
2026-09-05T23:09:00,79726.50,0,0,SHADOW,SHADOW,,,6.1927,9.9839
2026-09-05T23:10:00,79712.20,0,0,SHADOW,SHADOW,,,6.1927,9.9839
2026-09-05T23:11:00,79720.10,0,0,SHADOW,SHADOW,,,6.1927,9.9839
2026-09-05T23:12:00,79706.70,0,0,SHADOW,SHADOW,,,6.1927,9.9839
2026-09-05T23:13:00,79706.70,0,0,SHADOW,SHADOW,,,6.1927,9.9839
2026-09-05T23:14:00,79719.90,0,0,SHADOW,SHADOW,,,6.1927,9.9839
2026-09-05T23:15:00,79739.20,0,0,SHADOW,SHADOW,,,6.1927,9.9839
2026-09-05T23:16:00,79754.80,0,0,SHADOW,SHADOW,,,6.1927,9.9839
2026-09-05T23:17:00,79756.60,0,0,SHADOW,SHADOW,,,6.1927,9.9839
2026-09-05T23:18:00,79760.00,0,0,SHADOW,SHADOW,,,6.1927,9.9839
2026-09-05T23:19:00,79759.90,0,0,SHADOW,SHADOW,,,6.1927,9.9839
2026-09-05T23:20:00,79768.80,0,0,SHADOW,SHADOW,,,6.1927,9.9839
2026-09-05T23:21:00,79748.90,0,0,SHADOW,SHADOW,,,6.1927,9.9839
2026-09-05T23:22:00,79741.80,0,0,SHADOW,SHADOW,,,6.1927,9.9839
2026-09-05T23:23:00,79736.30,0,0,SHADOW,SHADOW,,,6.1927,9.9839
2026-09-05T23:24:00,79730.00,0,0,SHADOW,SHADOW,,,6.1927,9.9839
2026-09-05T23:25:00,79733.60,0,0,SHADOW,SHADOW,,,6.1927,9.9839
2026-09-05T23:26:00,79733.60,0,0,SHADOW,SHADOW,,,6.1927,9.9839
2026-09-05T23:27:00,79765.60,0,0,SHADOW,SHADOW,,,6.1927,9.9839
2026-09-05T23:28:00,79764.20,0,0,SHADOW,SHADOW,,,6.1927,9.9839
2026-09-05T23:29:00,79764.20,0,0,SHADOW,SHADOW,,,6.1927,9.9839
2026-09-05T23:30:00,79765.90,0,0,SHADOW,SHADOW,,,6.1927,9.9839
2026-09-05T23:31:00,79779.00,0,0,SHADOW,SHADOW,,,6.1927,9.9839
2026-09-05T23:32:00,79779.00,0,0,SHADOW,SHADOW,,,6.1927,9.9839
2026-09-05T23:33:00,79779.10,0,0,SHADOW,SHADOW,,,6.1927,9.9839
2026-09-05T23:34:00,79800.40,0,0,SHADOW,SHADOW,,,6.1927,9.9839
2026-09-05T23:35:00,79804.00,0,0,SHADOW,SHADOW,,,6.1927,9.9839
2026-09-05T23:36:00,79743.90,0,0,SHADOW,SHADOW,,,6.1927,9.9839
2026-09-05T23:37:00,79718.70,0,0,SHADOW,SHADOW,,,6.1927,9.9839
2026-09-05T23:38:00,79729.40,0,0,SHADOW,SHADOW,,,6.1927,9.9839
2026-09-05T23:39:00,79761.10,0,0,SHADOW,SHADOW,,,6.1927,9.9839
2026-09-05T23:40:00,79765.80,0,0,SHADOW,SHADOW,,,6.1927,9.9839
2026-09-05T23:41:00,79765.60,0,0,SHADOW,SHADOW,,,6.1927,9.9839
2026-09-05T23:42:00,79764.30,0,0,SHADOW,SHADOW,,,6.1927,9.9839
2026-09-05T23:43:00,79756.80,0,0,SHADOW,SHADOW,,,6.1927,9.9839
2026-09-05T23:44:00,79770.70,0,0,SHADOW,SHADOW,,,6.1927,9.9839
2026-09-05T23:45:00,79823.10,0,0,SHADOW,SHADOW,,,6.1927,9.9839
2026-09-05T23:46:00,79824.20,0,0,SHADOW,SHADOW,,,6.1927,9.9839
2026-09-05T23:47:00,79820.00,0,0,SHADOW,SHADOW,,,6.1927,9.9839
2026-09-05T23:48:00,79811.10,0,0,SHADOW,SHADOW,,,6.1927,9.9839
2026-09-05T23:49:00,79770.30,0,0,SHADOW,SHADOW,,,6.1927,9.9839
2026-09-05T23:50:00,79784.80,0,0,SHADOW,SHADOW,,,6.1927,9.9839
2026-09-05T23:51:00,79815.90,0,0,SHADOW,SHADOW,,,6.1927,9.9839
2026-09-05T23:52:00,79816.00,0,0,SHADOW,SHADOW,,,6.1927,9.9839
2026-09-05T23:53:00,79816.10,0,0,SHADOW,SHADOW,,,6.1927,9.9839
2026-09-05T23:54:00,79824.20,0,0,SHADOW,SHADOW,,,6.1927,9.9839
2026-09-05T23:55:00,79818.70,0,0,SHADOW,SHADOW,,,6.1927,9.9839
2026-09-05T23:56:00,79767.00,0,0,SHADOW,SHADOW,,,6.1927,9.9839
2026-09-05T23:57:00,79746.50,0,0,SHADOW,SHADOW,,,6.1927,9.9839
2026-09-05T23:58:00,79806.90,0,0,SHADOW,SHADOW,,,6.1927,9.9839
2026-09-05T23:59:00,79797.70,0,0,SHADOW,SHADOW,,,6.1927,9.9839
2026-09-06T00:00:00,79788.20,0,0,SHADOW,SHADOW,,,6.1927,9.9839
2026-09-06T00:01:00,79797.20,0,0,SHADOW,SHADOW,,,6.1927,9.9839
2026-09-06T00:02:00,79797.20,0,0,SHADOW,SHADOW,,,6.1927,9.9839
2026-09-06T00:03:00,79813.50,0,0,SHADOW,SHADOW,,,6.1927,9.9839
2026-09-06T00:04:00,79841.10,0,0,SHADOW,SHADOW,,,6.1927,9.9839
2026-09-06T00:05:00,79843.30,0,0,SHADOW,SHADOW,,,6.1927,9.9839
2026-09-06T00:06:00,79843.30,0,0,SHADOW,SHADOW,,,6.1927,9.9839
2026-09-06T00:07:00,79838.10,0,0,SHADOW,SHADOW,,,6.1927,9.9839
2026-09-06T00:08:00,79866.60,0,0,SHADOW,SHADOW,,,6.1927,9.9839
2026-09-06T00:09:00,79878.60,0,0,SHADOW,SHADOW,,,6.1927,9.9839
2026-09-06T00:10:00,79878.70,0,0,SHADOW,SHADOW,,,6.1927,9.9839
2026-09-06T00:11:00,79873.30,0,0,SHADOW,SHADOW,,,6.1927,9.9839
2026-09-06T00:12:00,79862.50,0,0,SHADOW,SHADOW,,,6.1927,9.9839
2026-09-06T00:13:00,79863.90,0,0,SHADOW,SHADOW,,,6.1927,9.9839
2026-09-06T00:14:00,79872.00,0,0,SHADOW,SHADOW,,,6.1927,9.9839
2026-09-06T00:15:00,79872.00,0,0,SHADOW,SHADOW,,,6.1927,9.9839
2026-09-06T00:16:00,79869.90,0,0,SHADOW,SHADOW,,,6.1927,9.9839
2026-09-06T00:17:00,79869.90,0,0,SHADOW,SHADOW,,,6.1927,9.9839
2026-09-06T00:18:00,79869.90,0,0,SHADOW,SHADOW,,,6.1927,9.9839
2026-09-06T00:19:00,79870.00,0,0,SHADOW,SHADOW,,,6.1927,9.9839
2026-09-06T00:20:00,79878.90,0,0,SHADOW,SHADOW,,,6.1927,9.9839
2026-09-06T00:21:00,79872.10,0,0,SHADOW,SHADOW,,,6.1927,9.9839
2026-09-06T00:22:00,79857.50,0,0,SHADOW,SHADOW,,,6.1927,9.9839
2026-09-06T00:23:00,79834.50,0,0,SHADOW,SHADOW,,,6.1927,9.9839
2026-09-06T00:24:00,79834.60,0,0,SHADOW,SHADOW,,,6.1927,9.9839
2026-09-06T00:25:00,79850.00,0,0,SHADOW,SHADOW,,,6.1927,9.9839
2026-09-06T00:26:00,79873.90,0,0,SHADOW,SHADOW,,,6.1927,9.9839
2026-09-06T00:27:00,79892.10,0,0,SHADOW,SHADOW,,,6.1927,9.9839
2026-09-06T00:28:00,79900.00,0,0,SHADOW,SHADOW,,,6.1927,9.9839
2026-09-06T00:29:00,79891.80,0,0,SHADOW,SHADOW,,,6.1927,9.9839
2026-09-06T00:30:00,79851.90,0,0,SHADOW,SHADOW,,,6.1927,9.9839
2026-09-06T00:31:00,79866.80,0,0,SHADOW,SHADOW,,,6.1927,9.9839
2026-09-06T00:32:00,79891.20,0,0,SHADOW,SHADOW,,,6.1927,9.9839
2026-09-06T00:33:00,79888.80,0,0,SHADOW,SHADOW,,,6.1927,9.9839
2026-09-06T00:34:00,79863.10,0,0,SHADOW,SHADOW,,,6.1927,9.9839
2026-09-06T00:35:00,79863.10,0,0,SHADOW,SHADOW,,,6.1927,9.9839
2026-09-06T00:36:00,79850.70,0,0,SHADOW,SHADOW,,,6.1927,9.9839
2026-09-06T00:37:00,79867.10,0,0,SHADOW,SHADOW,,,6.1927,9.9839
2026-09-06T00:38:00,79862.10,0,0,SHADOW,SHADOW,,,6.1927,9.9839
2026-09-06T00:39:00,79870.10,0,0,SHADOW,SHADOW,,,6.1927,9.9839
2026-09-06T00:40:00,79864.00,0,0,SHADOW,SHADOW,,,6.1927,9.9839
2026-09-06T00:41:00,79875.30,0,0,SHADOW,SHADOW,,,6.1927,9.9839
2026-09-06T00:42:00,79854.50,0,0,SHADOW,SHADOW,,,6.1927,9.9839
2026-09-06T00:43:00,79862.40,0,0,SHADOW,SHADOW,,,6.1927,9.9839
2026-09-06T00:44:00,79838.70,0,0,SHADOW,SHADOW,,,6.1927,9.9839
2026-09-06T00:45:00,79837.50,0,0,SHADOW,SHADOW,,,6.1927,9.9839
2026-09-06T00:46:00,79829.90,0,0,SHADOW,SHADOW,,,6.1927,9.9839
2026-09-06T00:47:00,79836.10,0,0,SHADOW,SHADOW,,,6.1927,9.9839
2026-09-06T00:48:00,79851.80,0,0,SHADOW,SHADOW,,,6.1927,9.9839
2026-09-06T00:49:00,79843.10,0,0,SHADOW,SHADOW,,,6.1927,9.9839
2026-09-06T00:50:00,79830.00,0,0,SHADOW,SHADOW,,,6.1927,9.9839
2026-09-06T00:51:00,79892.30,0,0,SHADOW,SHADOW,,,6.1927,9.9839
2026-09-06T00:52:00,79884.10,0,0,SHADOW,SHADOW,,,6.1927,9.9839
2026-09-06T00:53:00,79845.30,0,0,SHADOW,SHADOW,,,6.1927,9.9839
2026-09-06T00:54:00,79845.20,0,0,SHADOW,SHADOW,,,6.1927,9.9839
2026-09-06T00:55:00,79865.20,0,0,SHADOW,SHADOW,,,6.1927,9.9839
2026-09-06T00:56:00,79892.20,0,0,SHADOW,SHADOW,,,6.1927,9.9839
2026-09-06T00:57:00,79892.20,0,0,SHADOW,SHADOW,,,6.1927,9.9839
2026-09-06T00:58:00,79851.00,0,0,SHADOW,SHADOW,,,6.1927,9.9839
2026-09-06T00:59:00,79832.80,0,0,SHADOW,SHADOW,,,6.1927,9.9839
2026-09-06T01:00:00,79873.50,0,0,SHADOW,SHADOW,,,6.1927,9.9839
2026-09-06T01:01:00,79847.70,0,0,SHADOW,SHADOW,,,6.1927,9.9839
2026-09-06T01:02:00,79857.30,0,0,SHADOW,SHADOW,,,6.1927,9.9839
2026-09-06T01:03:00,79900.40,0,0,SHADOW,SHADOW,,,6.1927,9.9839
2026-09-06T01:04:00,79909.10,0,0,SHADOW,SHADOW,,,6.1927,9.9839
2026-09-06T01:05:00,79937.30,0,0,SHADOW,SHADOW,,,6.1927,9.9839
2026-09-06T01:06:00,79942.40,0,0,SHADOW,SHADOW,,,6.1927,9.9839
2026-09-06T01:07:00,79949.60,0,0,SHADOW,SHADOW,,,6.1927,9.9839
2026-09-06T01:08:00,79952.90,0,0,SHADOW,SHADOW,,,6.1927,9.9839
2026-09-06T01:09:00,79939.90,0,0,SHADOW,SHADOW,,,6.1927,9.9839
2026-09-06T01:10:00,79940.00,0,0,SHADOW,SHADOW,,,6.1927,9.9839
2026-09-06T01:11:00,79946.80,0,0,SHADOW,SHADOW,,,6.1927,9.9839
2026-09-06T01:12:00,79950.90,0,0,SHADOW,SHADOW,,,6.1927,9.9839
2026-09-06T01:13:00,79964.50,0,0,SHADOW,SHADOW,,,6.1927,9.9839
2026-09-06T01:14:00,79921.50,0,0,SHADOW,SHADOW,,,6.1927,9.9839
2026-09-06T01:15:00,79918.60,0,0,SHADOW,SHADOW,,,6.1927,9.9839
2026-09-06T01:16:00,79941.90,0,0,SHADOW,SHADOW,,,6.1927,9.9839
2026-09-06T01:17:00,79940.80,0,0,SHADOW,SHADOW,,,6.1927,9.9839
2026-09-06T01:18:00,79905.40,0,0,SHADOW,SHADOW,,,6.1927,9.9839
2026-09-06T01:19:00,79903.90,0,0,SHADOW,SHADOW,,,6.1927,9.9839
2026-09-06T01:20:00,79894.20,0,0,SHADOW,SHADOW,,,6.1927,9.9839
2026-09-06T01:21:00,79881.30,0,0,SHADOW,SHADOW,,,6.1927,9.9839
2026-09-06T01:22:00,79896.30,0,0,SHADOW,SHADOW,,,6.1927,9.9839
2026-09-06T01:23:00,79890.70,0,0,SHADOW,SHADOW,,,6.1927,9.9839
2026-09-06T01:24:00,79896.10,0,0,SHADOW,SHADOW,,,6.1927,9.9839
2026-09-06T01:25:00,79882.00,0,0,SHADOW,SHADOW,,,6.1927,9.9839
2026-09-06T01:26:00,79895.90,0,0,SHADOW,SHADOW,,,6.1927,9.9839
2026-09-06T01:27:00,79900.50,0,0,SHADOW,SHADOW,,,6.1927,9.9839
2026-09-06T01:28:00,79890.60,0,0,SHADOW,SHADOW,,,6.1927,9.9839
2026-09-06T01:29:00,79885.10,0,0,SHADOW,SHADOW,,,6.1927,9.9839
2026-09-06T01:30:00,79885.00,0,0,SHADOW,SHADOW,,,6.1927,9.9839
2026-09-06T01:31:00,79888.20,0,0,SHADOW,SHADOW,,,6.1927,9.9839
2026-09-06T01:32:00,79885.20,0,0,SHADOW,SHADOW,,,6.1927,9.9839
2026-09-06T01:33:00,79904.80,0,0,SHADOW,SHADOW,,,6.1927,9.9839
2026-09-06T01:34:00,79912.40,0,0,SHADOW,SHADOW,,,6.1927,9.9839
2026-09-06T01:35:00,79954.60,0,0,SHADOW,SHADOW,,,6.1927,9.9839
2026-09-06T01:36:00,79944.00,0,0,SHADOW,SHADOW,,,6.1927,9.9839
2026-09-06T01:37:00,79954.90,0,0,SHADOW,SHADOW,,,6.1927,9.9839
2026-09-06T01:38:00,79950.00,0,0,SHADOW,SHADOW,,,6.1927,9.9839
2026-09-06T01:39:00,80004.00,0,0,SHADOW,SHADOW,,,6.1927,9.9839
2026-09-06T01:40:00,79991.80,0,0,SHADOW,SHADOW,,,6.1927,9.9839
2026-09-06T01:41:00,79924.80,0,0,SHADOW,SHADOW,,,6.1927,9.9839
2026-09-06T01:42:00,79957.50,0,0,SHADOW,SHADOW,,,6.1927,9.9839
2026-09-06T01:43:00,79918.20,0,0,SHADOW,SHADOW,,,6.1927,9.9839
2026-09-06T01:44:00,79940.00,0,0,SHADOW,SHADOW,,,6.1927,9.9839
2026-09-06T01:45:00,79904.10,0,0,SHADOW,SHADOW,,,6.1927,9.9839
2026-09-06T01:46:00,79945.50,0,0,SHADOW,SHADOW,,,6.1927,9.9839
2026-09-06T01:47:00,79930.50,0,0,SHADOW,SHADOW,,,6.1927,9.9839
2026-09-06T01:48:00,79906.30,0,0,SHADOW,SHADOW,,,6.1927,9.9839
2026-09-06T01:49:00,79905.60,0,0,SHADOW,SHADOW,,,6.1927,9.9839
2026-09-06T01:50:00,79900.30,0,0,SHADOW,SHADOW,,,6.1927,9.9839
2026-09-06T01:51:00,79944.90,0,0,SHADOW,SHADOW,,,6.1927,9.9839
2026-09-06T01:52:00,79970.10,0,0,SHADOW,SHADOW,,,6.1927,9.9839
2026-09-06T01:53:00,79966.00,0,0,SHADOW,SHADOW,,,6.1927,9.9839
2026-09-06T01:54:00,79929.80,0,0,SHADOW,SHADOW,,,6.1927,9.9839
2026-09-06T01:55:00,79940.90,0,0,SHADOW,SHADOW,,,6.1927,9.9839
2026-09-06T01:56:00,79940.90,0,0,SHADOW,SHADOW,,,6.1927,9.9839
2026-09-06T01:57:00,79901.50,0,0,SHADOW,SHADOW,,,6.1927,9.9839
2026-09-06T01:58:00,79906.70,0,0,SHADOW,SHADOW,,,6.1927,9.9839
2026-09-06T01:59:00,79915.00,0,0,SHADOW,SHADOW,,,6.1927,9.9839
2026-09-06T02:00:00,79972.40,0,0,SHADOW,SHADOW,,,6.1927,9.9839
2026-09-06T02:01:00,79924.50,0,0,SHADOW,SHADOW,,,6.1927,9.9839
2026-09-06T02:02:00,79894.00,0,0,SHADOW,SHADOW,,,6.1927,9.9839
2026-09-06T02:03:00,79885.00,0,0,SHADOW,SHADOW,,,6.1927,9.9839
2026-09-06T02:04:00,79892.60,0,0,SHADOW,SHADOW,,,6.1927,9.9839
2026-09-06T02:05:00,79898.60,0,0,SHADOW,SHADOW,,,6.1927,9.9839
2026-09-06T02:06:00,79932.60,0,0,SHADOW,SHADOW,,,6.1927,9.9839
2026-09-06T02:07:00,79923.50,0,0,SHADOW,SHADOW,,,6.1927,9.9839
2026-09-06T02:08:00,79934.50,0,0,SHADOW,SHADOW,,,6.1927,9.9839
2026-09-06T02:09:00,79941.60,0,0,SHADOW,SHADOW,,,6.1927,9.9839
2026-09-06T02:10:00,79920.00,0,0,SHADOW,SHADOW,,,6.1927,9.9839
2026-09-06T02:11:00,79936.80,0,0,SHADOW,SHADOW,,,6.1927,9.9839
2026-09-06T02:12:00,79940.70,0,0,SHADOW,SHADOW,,,6.1927,9.9839
2026-09-06T02:13:00,79959.00,0,0,SHADOW,SHADOW,,,6.1927,9.9839
2026-09-06T02:14:00,79956.90,0,0,SHADOW,SHADOW,,,6.1927,9.9839
2026-09-06T02:15:00,79948.70,0,0,SHADOW,SHADOW,,,6.1927,9.9839
2026-09-06T02:16:00,79945.20,0,0,SHADOW,SHADOW,,,6.1927,9.9839
2026-09-06T02:17:00,79924.10,0,0,SHADOW,SHADOW,,,6.1927,9.9839
2026-09-06T02:18:00,79916.60,0,0,SHADOW,SHADOW,,,6.1927,9.9839
2026-09-06T02:19:00,79908.90,0,0,SHADOW,SHADOW,,,6.1927,9.9839
2026-09-06T02:20:00,79901.90,0,0,SHADOW,SHADOW,,,6.1927,9.9839
2026-09-06T02:21:00,79900.00,0,0,SHADOW,SHADOW,,,6.1927,9.9839
2026-09-06T02:22:00,79880.20,0,0,SHADOW,SHADOW,,,6.1927,9.9839
2026-09-06T02:23:00,79885.40,0,0,SHADOW,SHADOW,,,6.1927,9.9839
2026-09-06T02:24:00,79876.20,0,0,SHADOW,SHADOW,,,6.1927,9.9839
2026-09-06T02:25:00,79874.90,0,0,SHADOW,SHADOW,,,6.1927,9.9839
2026-09-06T02:26:00,79875.00,0,0,SHADOW,SHADOW,,,6.1927,9.9839
2026-09-06T02:27:00,79875.00,0,0,SHADOW,SHADOW,,,6.1927,9.9839
2026-09-06T02:28:00,79888.00,0,0,SHADOW,SHADOW,,,6.1927,9.9839
2026-09-06T02:29:00,79872.10,0,0,SHADOW,SHADOW,,,6.1927,9.9839
2026-09-06T02:30:00,79889.20,0,0,SHADOW,SHADOW,,,6.1927,9.9839
2026-09-06T02:31:00,79897.10,0,0,SHADOW,SHADOW,,,6.1927,9.9839
2026-09-06T02:32:00,79902.50,0,0,SHADOW,SHADOW,,,6.1927,9.9839
2026-09-06T02:33:00,79898.40,0,0,SHADOW,SHADOW,,,6.1927,9.9839
2026-09-06T02:34:00,79906.70,0,0,SHADOW,SHADOW,,,6.1927,9.9839
2026-09-06T02:35:00,79889.30,0,0,SHADOW,SHADOW,,,6.1927,9.9839
2026-09-06T02:36:00,79875.30,0,0,SHADOW,SHADOW,,,6.1927,9.9839
2026-09-06T02:37:00,79878.20,0,0,SHADOW,SHADOW,,,6.1927,9.9839
2026-09-06T02:38:00,79878.50,0,0,SHADOW,SHADOW,,,6.1927,9.9839
2026-09-06T02:39:00,79889.30,0,0,SHADOW,SHADOW,,,6.1927,9.9839
2026-09-06T02:40:00,79897.00,0,0,SHADOW,SHADOW,,,6.1927,9.9839
2026-09-06T02:41:00,79884.30,0,0,SHADOW,SHADOW,,,6.1927,9.9839
2026-09-06T02:42:00,79851.70,0,0,SHADOW,SHADOW,,,6.1927,9.9839
2026-09-06T02:43:00,79858.30,0,0,SHADOW,SHADOW,,,6.1927,9.9839
2026-09-06T02:44:00,79847.30,0,0,SHADOW,SHADOW,,,6.1927,9.9839
2026-09-06T02:45:00,79852.40,0,0,SHADOW,SHADOW,,,6.1927,9.9839
2026-09-06T02:46:00,79847.50,0,0,SHADOW,SHADOW,,,6.1927,9.9839
2026-09-06T02:47:00,79846.40,0,0,SHADOW,SHADOW,,,6.1927,9.9839
2026-09-06T02:48:00,79847.10,0,0,SHADOW,SHADOW,,,6.1927,9.9839
2026-09-06T02:49:00,79847.20,0,0,SHADOW,SHADOW,,,6.1927,9.9839
2026-09-06T02:50:00,79847.10,0,0,SHADOW,SHADOW,,,6.1927,9.9839
2026-09-06T02:51:00,79847.10,0,0,SHADOW,SHADOW,,,6.1927,9.9839
2026-09-06T02:52:00,79847.20,0,0,SHADOW,SHADOW,,,6.1927,9.9839
2026-09-06T02:53:00,79859.10,0,0,SHADOW,SHADOW,,,6.1927,9.9839
2026-09-06T02:54:00,79859.10,0,0,SHADOW,SHADOW,,,6.1927,9.9839
2026-09-06T02:55:00,79851.10,0,0,SHADOW,SHADOW,,,6.1927,9.9839
2026-09-06T02:56:00,79851.00,0,0,SHADOW,SHADOW,,,6.1927,9.9839
2026-09-06T02:57:00,79847.70,0,0,SHADOW,SHADOW,,,6.1927,9.9839
2026-09-06T02:58:00,79872.10,0,0,SHADOW,SHADOW,,,6.1927,9.9839
2026-09-06T02:59:00,79872.10,0,0,SHADOW,SHADOW,,,6.1927,9.9839
2026-09-06T03:00:00,79876.30,0,0,SHADOW,SHADOW,,,6.1927,9.9839
2026-09-06T03:01:00,79863.10,0,0,SHADOW,SHADOW,,,6.1927,9.9839
2026-09-06T03:02:00,79873.60,0,0,SHADOW,SHADOW,,,6.1927,9.9839
2026-09-06T03:03:00,79873.60,0,0,SHADOW,SHADOW,,,6.1927,9.9839
2026-09-06T03:04:00,79885.00,0,0,SHADOW,SHADOW,,,6.1927,9.9839
2026-09-06T03:05:00,79880.00,0,0,SHADOW,SHADOW,,,6.1927,9.9839
2026-09-06T03:06:00,79880.10,0,0,SHADOW,SHADOW,,,6.1927,9.9839
2026-09-06T03:07:00,79880.00,0,0,SHADOW,SHADOW,,,6.1927,9.9839
2026-09-06T03:08:00,79880.00,0,0,SHADOW,SHADOW,,,6.1927,9.9839
2026-09-06T03:09:00,79877.50,0,0,SHADOW,SHADOW,,,6.1927,9.9839
2026-09-06T03:10:00,79877.60,0,0,SHADOW,SHADOW,,,6.1927,9.9839
2026-09-06T03:11:00,79873.50,0,0,SHADOW,SHADOW,,,6.1927,9.9839
2026-09-06T03:12:00,79873.40,0,0,SHADOW,SHADOW,,,6.1927,9.9839
2026-09-06T03:13:00,79896.90,0,0,SHADOW,SHADOW,,,6.1927,9.9839
2026-09-06T03:14:00,79897.00,0,0,SHADOW,SHADOW,,,6.1927,9.9839
2026-09-06T03:15:00,79912.60,0,0,SHADOW,SHADOW,,,6.1927,9.9839
2026-09-06T03:16:00,79912.70,0,0,SHADOW,SHADOW,,,6.1927,9.9839
2026-09-06T03:17:00,79915.30,0,0,SHADOW,SHADOW,,,6.1927,9.9839
2026-09-06T03:18:00,79929.40,0,0,SHADOW,SHADOW,,,6.1927,9.9839
2026-09-06T03:19:00,79925.50,0,0,SHADOW,SHADOW,,,6.1927,9.9839
2026-09-06T03:20:00,79904.00,0,0,SHADOW,SHADOW,,,6.1927,9.9839
2026-09-06T03:21:00,79904.80,0,0,SHADOW,SHADOW,,,6.1927,9.9839
2026-09-06T03:22:00,79904.00,0,0,SHADOW,SHADOW,,,6.1927,9.9839
2026-09-06T03:23:00,79904.10,0,0,SHADOW,SHADOW,,,6.1927,9.9839
2026-09-06T03:24:00,79919.50,0,0,SHADOW,SHADOW,,,6.1927,9.9839
2026-09-06T03:25:00,79890.90,0,0,SHADOW,SHADOW,,,6.1927,9.9839
2026-09-06T03:26:00,79865.30,0,0,SHADOW,SHADOW,,,6.1927,9.9839
2026-09-06T03:27:00,79856.90,0,0,SHADOW,SHADOW,,,6.1927,9.9839
2026-09-06T03:28:00,79864.00,0,0,SHADOW,SHADOW,,,6.1927,9.9839
2026-09-06T03:29:00,79863.90,0,0,SHADOW,SHADOW,,,6.1927,9.9839
2026-09-06T03:30:00,79913.70,0,0,SHADOW,SHADOW,,,6.1927,9.9839
2026-09-06T03:31:00,79900.10,0,0,SHADOW,SHADOW,,,6.1927,9.9839
2026-09-06T03:32:00,79909.50,0,0,SHADOW,SHADOW,,,6.1927,9.9839
2026-09-06T03:33:00,79934.60,0,0,SHADOW,SHADOW,,,6.1927,9.9839
2026-09-06T03:34:00,79920.60,0,0,SHADOW,SHADOW,,,6.1927,9.9839
2026-09-06T03:35:00,79933.70,0,0,SHADOW,SHADOW,,,6.1927,9.9839
2026-09-06T03:36:00,79926.10,0,0,SHADOW,SHADOW,,,6.1927,9.9839
2026-09-06T03:37:00,79956.10,0,0,SHADOW,SHADOW,,,6.1927,9.9839
2026-09-06T03:38:00,79963.20,0,0,SHADOW,SHADOW,,,6.1927,9.9839
2026-09-06T03:39:00,79969.70,0,0,SHADOW,SHADOW,,,6.1927,9.9839
2026-09-06T03:40:00,79998.00,0,0,SHADOW,SHADOW,,,6.1927,9.9839
2026-09-06T03:41:00,80000.10,0,0,SHADOW,SHADOW,,,6.1927,9.9839
2026-09-06T03:42:00,80025.00,0,0,SHADOW,SHADOW,,,6.1927,9.9839
2026-09-06T03:43:00,80070.70,0,0,SHADOW,SHADOW,,,6.1927,9.9839
2026-09-06T03:44:00,80080.30,0,0,SHADOW,SHADOW,,,6.1927,9.9839
2026-09-06T03:45:00,80071.70,0,0,SHADOW,SHADOW,,,6.1927,9.9839
2026-09-06T03:46:00,80023.40,0,0,SHADOW,SHADOW,,,6.1927,9.9839
2026-09-06T03:47:00,79997.20,0,0,SHADOW,SHADOW,,,6.1927,9.9839
2026-09-06T03:48:00,79984.30,0,0,SHADOW,SHADOW,,,6.1927,9.9839
2026-09-06T03:49:00,79970.80,0,0,SHADOW,SHADOW,,,6.1927,9.9839
2026-09-06T03:50:00,79970.40,0,0,SHADOW,SHADOW,,,6.1927,9.9839
2026-09-06T03:51:00,80000.00,0,0,SHADOW,SHADOW,,,6.1927,9.9839
2026-09-06T03:52:00,80034.30,0,0,SHADOW,SHADOW,,,6.1927,9.9839
2026-09-06T03:53:00,80012.50,0,0,SHADOW,SHADOW,,,6.1927,9.9839
2026-09-06T03:54:00,80010.20,0,0,SHADOW,SHADOW,,,6.1927,9.9839
2026-09-06T03:55:00,80017.90,0,0,SHADOW,SHADOW,,,6.1927,9.9839
2026-09-06T03:56:00,80007.20,0,0,SHADOW,SHADOW,,,6.1927,9.9839
2026-09-06T03:57:00,79990.00,0,0,SHADOW,SHADOW,,,6.1927,9.9839
2026-09-06T03:58:00,79990.10,0,0,SHADOW,SHADOW,,,6.1927,9.9839
2026-09-06T03:59:00,79991.00,0,0,SHADOW,SHADOW,,,6.1927,9.9839
2026-09-06T04:00:00,79983.90,0,0,SHADOW,SHADOW,,,6.1927,9.9839
2026-09-06T04:01:00,79983.80,0,0,SHADOW,SHADOW,,,6.1927,9.9839
2026-09-06T04:02:00,79957.40,0,0,SHADOW,SHADOW,,,6.1927,9.9839
2026-09-06T04:03:00,79957.40,0,0,SHADOW,SHADOW,,,6.1927,9.9839
2026-09-06T04:04:00,79950.00,0,0,SHADOW,SHADOW,,,6.1927,9.9839
2026-09-06T04:05:00,79949.00,0,0,SHADOW,SHADOW,,,6.1927,9.9839
2026-09-06T04:06:00,79925.00,0,0,SHADOW,SHADOW,,,6.1927,9.9839
2026-09-06T04:07:00,79924.70,0,0,SHADOW,SHADOW,,,6.1927,9.9839
2026-09-06T04:08:00,79921.80,0,0,SHADOW,SHADOW,,,6.1927,9.9839
2026-09-06T04:09:00,79934.50,0,0,SHADOW,SHADOW,,,6.1927,9.9839
2026-09-06T04:10:00,79958.50,0,0,SHADOW,SHADOW,,,6.1927,9.9839
2026-09-06T04:11:00,79958.50,0,0,SHADOW,SHADOW,,,6.1927,9.9839
2026-09-06T04:12:00,79946.70,0,0,SHADOW,SHADOW,,,6.1927,9.9839
2026-09-06T04:13:00,79934.30,0,0,SHADOW,SHADOW,,,6.1927,9.9839
2026-09-06T04:14:00,79934.30,0,0,SHADOW,SHADOW,,,6.1927,9.9839
2026-09-06T04:15:00,79935.50,0,0,SHADOW,SHADOW,,,6.1927,9.9839
2026-09-06T04:16:00,79925.60,0,0,SHADOW,SHADOW,,,6.1927,9.9839
2026-09-06T04:17:00,79922.60,0,0,SHADOW,SHADOW,,,6.1927,9.9839
2026-09-06T04:18:00,79915.00,0,0,SHADOW,SHADOW,,,6.1927,9.9839
2026-09-06T04:19:00,79914.90,0,0,SHADOW,SHADOW,,,6.1927,9.9839
2026-09-06T04:20:00,79881.30,0,0,SHADOW,SHADOW,,,6.1927,9.9839
2026-09-06T04:21:00,79873.20,0,0,SHADOW,SHADOW,,,6.1927,9.9839
2026-09-06T04:22:00,79883.40,0,0,SHADOW,SHADOW,,,6.1927,9.9839
2026-09-06T04:23:00,79874.00,0,0,SHADOW,SHADOW,,,6.1927,9.9839
2026-09-06T04:24:00,79897.90,0,0,SHADOW,SHADOW,,,6.1927,9.9839
2026-09-06T04:25:00,79879.90,0,0,SHADOW,SHADOW,,,6.1927,9.9839
2026-09-06T04:26:00,79879.90,0,0,SHADOW,SHADOW,,,6.1927,9.9839
2026-09-06T04:27:00,79875.90,0,0,SHADOW,SHADOW,,,6.1927,9.9839
2026-09-06T04:28:00,79880.40,0,0,SHADOW,SHADOW,,,6.1927,9.9839
2026-09-06T04:29:00,79894.90,0,0,SHADOW,SHADOW,,,6.1927,9.9839
2026-09-06T04:30:00,79882.70,0,0,SHADOW,SHADOW,,,6.1927,9.9839
2026-09-06T04:31:00,79882.70,0,0,SHADOW,SHADOW,,,6.1927,9.9839
2026-09-06T04:32:00,79875.90,0,0,SHADOW,SHADOW,,,6.1927,9.9839
2026-09-06T04:33:00,79876.20,0,0,SHADOW,SHADOW,,,6.1927,9.9839
2026-09-06T04:34:00,79870.50,0,0,SHADOW,SHADOW,,,6.1927,9.9839
2026-09-06T04:35:00,79867.10,0,0,SHADOW,SHADOW,,,6.1927,9.9839
2026-09-06T04:36:00,79871.00,0,0,SHADOW,SHADOW,,,6.1927,9.9839
2026-09-06T04:37:00,79873.20,0,0,SHADOW,SHADOW,,,6.1927,9.9839
2026-09-06T04:38:00,79865.40,0,0,SHADOW,SHADOW,,,6.1927,9.9839
2026-09-06T04:39:00,79865.50,0,0,SHADOW,SHADOW,,,6.1927,9.9839
2026-09-06T04:40:00,79872.60,0,0,SHADOW,SHADOW,,,6.1927,9.9839
2026-09-06T04:41:00,79875.10,0,0,SHADOW,SHADOW,,,6.1927,9.9839
2026-09-06T04:42:00,79898.70,0,0,SHADOW,SHADOW,,,6.1927,9.9839
2026-09-06T04:43:00,79887.40,0,0,SHADOW,SHADOW,,,6.1927,9.9839
2026-09-06T04:44:00,79884.50,0,0,SHADOW,SHADOW,,,6.1927,9.9839
2026-09-06T04:45:00,79899.30,0,0,SHADOW,SHADOW,,,6.1927,9.9839
2026-09-06T04:46:00,79888.10,0,0,SHADOW,SHADOW,,,6.1927,9.9839
2026-09-06T04:47:00,79885.50,0,0,SHADOW,SHADOW,,,6.1927,9.9839
2026-09-06T04:48:00,79882.50,0,0,SHADOW,SHADOW,,,6.1927,9.9839
2026-09-06T04:49:00,79881.00,0,0,SHADOW,SHADOW,,,6.1927,9.9839
2026-09-06T04:50:00,79852.60,0,0,SHADOW,SHADOW,,,6.1927,9.9839
2026-09-06T04:51:00,79852.00,0,0,SHADOW,SHADOW,,,6.1927,9.9839
2026-09-06T04:52:00,79850.00,0,0,SHADOW,SHADOW,,,6.1927,9.9839
2026-09-06T04:53:00,79852.50,0,0,SHADOW,SHADOW,,,6.1927,9.9839
2026-09-06T04:54:00,79869.00,0,0,SHADOW,SHADOW,,,6.1927,9.9839
2026-09-06T04:55:00,79844.00,0,0,SHADOW,SHADOW,,,6.1927,9.9839
2026-09-06T04:56:00,79838.10,0,0,SHADOW,SHADOW,,,6.1927,9.9839
2026-09-06T04:57:00,79830.30,0,0,SHADOW,SHADOW,,,6.1927,9.9839
2026-09-06T04:58:00,79831.50,0,0,SHADOW,SHADOW,,,6.1927,9.9839
2026-09-06T04:59:00,79824.00,0,0,SHADOW,SHADOW,,,6.1927,9.9839
2026-09-06T05:00:00,79848.30,0,0,SHADOW,SHADOW,,,6.1927,9.9839
2026-09-06T05:01:00,79833.40,0,0,SHADOW,SHADOW,,,6.1927,9.9839
2026-09-06T05:02:00,79859.30,0,0,SHADOW,SHADOW,,,6.1927,9.9839
2026-09-06T05:03:00,79867.70,0,0,SHADOW,SHADOW,,,6.1927,9.9839
2026-09-06T05:04:00,79816.30,0,0,SHADOW,SHADOW,,,6.1927,9.9839
2026-09-06T05:05:00,79826.00,0,0,SHADOW,SHADOW,,,6.1927,9.9839
2026-09-06T05:06:00,79835.30,0,0,SHADOW,SHADOW,,,6.1927,9.9839
2026-09-06T05:07:00,79835.30,0,0,SHADOW,SHADOW,,,6.1927,9.9839
2026-09-06T05:08:00,79831.50,0,0,SHADOW,SHADOW,,,6.1927,9.9839
2026-09-06T05:09:00,79815.00,0,0,SHADOW,SHADOW,,,6.1927,9.9839
2026-09-06T05:10:00,79800.10,0,0,SHADOW,SHADOW,,,6.1927,9.9839
2026-09-06T05:11:00,79782.20,0,0,SHADOW,SHADOW,,,6.1927,9.9839
2026-09-06T05:12:00,79775.60,0,0,SHADOW,SHADOW,,,6.1927,9.9839
2026-09-06T05:13:00,79756.70,0,0,SHADOW,SHADOW,,,6.1927,9.9839
2026-09-06T05:14:00,79776.90,0,0,SHADOW,SHADOW,,,6.1927,9.9839
2026-09-06T05:15:00,79776.90,0,0,SHADOW,SHADOW,,,6.1927,9.9839
2026-09-06T05:16:00,79770.00,0,0,SHADOW,SHADOW,,,6.1927,9.9839
2026-09-06T05:17:00,79770.00,0,0,SHADOW,SHADOW,,,6.1927,9.9839
2026-09-06T05:18:00,79769.20,0,0,SHADOW,SHADOW,,,6.1927,9.9839
2026-09-06T05:19:00,79761.00,0,0,SHADOW,SHADOW,,,6.1927,9.9839
2026-09-06T05:20:00,79799.70,0,0,SHADOW,SHADOW,,,6.1927,9.9839
2026-09-06T05:21:00,79803.90,0,0,SHADOW,SHADOW,,,6.1927,9.9839
2026-09-06T05:22:00,79817.80,0,0,SHADOW,SHADOW,,,6.1927,9.9839
2026-09-06T05:23:00,79819.20,0,0,SHADOW,SHADOW,,,6.1927,9.9839
2026-09-06T05:24:00,79819.20,0,0,SHADOW,SHADOW,,,6.1927,9.9839
2026-09-06T05:25:00,79828.60,0,0,SHADOW,SHADOW,,,6.1927,9.9839
2026-09-06T05:26:00,79818.20,0,0,SHADOW,SHADOW,,,6.1927,9.9839
2026-09-06T05:27:00,79813.60,0,0,SHADOW,SHADOW,,,6.1927,9.9839
2026-09-06T05:28:00,79822.60,0,0,SHADOW,SHADOW,,,6.1927,9.9839
2026-09-06T05:29:00,79817.70,0,0,SHADOW,SHADOW,,,6.1927,9.9839
2026-09-06T05:30:00,79817.70,0,0,SHADOW,SHADOW,,,6.1927,9.9839
2026-09-06T05:31:00,79839.30,0,0,SHADOW,SHADOW,,,6.1927,9.9839
2026-09-06T05:32:00,79839.30,0,0,SHADOW,SHADOW,,,6.1927,9.9839
2026-09-06T05:33:00,79853.40,0,0,SHADOW,SHADOW,,,6.1927,9.9839
2026-09-06T05:34:00,79893.20,0,0,SHADOW,SHADOW,,,6.1927,9.9839
2026-09-06T05:35:00,79943.40,0,0,SHADOW,SHADOW,,,6.1927,9.9839
2026-09-06T05:36:00,79957.00,0,0,SHADOW,SHADOW,,,6.1927,9.9839
2026-09-06T05:37:00,79951.90,0,0,SHADOW,SHADOW,,,6.1927,9.9839
2026-09-06T05:38:00,79974.20,0,0,SHADOW,SHADOW,,,6.1927,9.9839
2026-09-06T05:39:00,80063.10,0,0,SHADOW,SHADOW,,,6.1927,9.9839
2026-09-06T05:40:00,80024.70,0,0,SHADOW,SHADOW,,,6.1927,9.9839
2026-09-06T05:41:00,80060.00,0,0,SHADOW,SHADOW,,,6.1927,9.9839
2026-09-06T05:42:00,80013.00,0,0,SHADOW,SHADOW,,,6.1927,9.9839
2026-09-06T05:43:00,79993.00,0,0,SHADOW,SHADOW,,,6.1927,9.9839
2026-09-06T05:44:00,79993.00,0,0,SHADOW,SHADOW,,,6.1927,9.9839
2026-09-06T05:45:00,79983.40,0,0,SHADOW,SHADOW,,,6.1927,9.9839
2026-09-06T05:46:00,79955.50,0,0,SHADOW,SHADOW,,,6.1927,9.9839
2026-09-06T05:47:00,79939.20,0,0,SHADOW,SHADOW,,,6.1927,9.9839
2026-09-06T05:48:00,79943.60,0,0,SHADOW,SHADOW,,,6.1927,9.9839
2026-09-06T05:49:00,79970.30,0,0,SHADOW,SHADOW,,,6.1927,9.9839
2026-09-06T05:50:00,79959.10,0,0,SHADOW,SHADOW,,,6.1927,9.9839
2026-09-06T05:51:00,79966.70,0,0,SHADOW,SHADOW,,,6.1927,9.9839
2026-09-06T05:52:00,79962.50,0,0,SHADOW,SHADOW,,,6.1927,9.9839
2026-09-06T05:53:00,79954.50,0,0,SHADOW,SHADOW,,,6.1927,9.9839
2026-09-06T05:54:00,79949.00,0,0,SHADOW,SHADOW,,,6.1927,9.9839
2026-09-06T05:55:00,79949.00,0,0,SHADOW,SHADOW,,,6.1927,9.9839
2026-09-06T05:56:00,79911.40,0,0,SHADOW,SHADOW,,,6.1927,9.9839
2026-09-06T05:57:00,79911.50,0,0,SHADOW,SHADOW,,,6.1927,9.9839
2026-09-06T05:58:00,79915.40,0,0,SHADOW,SHADOW,,,6.1927,9.9839
2026-09-06T05:59:00,79959.90,0,0,SHADOW,SHADOW,,,6.1927,9.9839
2026-09-06T06:00:00,79916.50,0,0,SHADOW,SHADOW,,,6.1927,9.9839
2026-09-06T06:01:00,79909.50,0,0,SHADOW,SHADOW,,,6.1927,9.9839
2026-09-06T06:02:00,79913.50,0,0,SHADOW,SHADOW,,,6.1927,9.9839
2026-09-06T06:03:00,79926.50,0,0,SHADOW,SHADOW,,,6.1927,9.9839
2026-09-06T06:04:00,79925.60,0,0,SHADOW,SHADOW,,,6.1927,9.9839
2026-09-06T06:05:00,79925.50,0,0,SHADOW,SHADOW,,,6.1927,9.9839
2026-09-06T06:06:00,79911.00,0,0,SHADOW,SHADOW,,,6.1927,9.9839
2026-09-06T06:07:00,79910.00,0,0,SHADOW,SHADOW,,,6.1927,9.9839
2026-09-06T06:08:00,79909.30,0,0,SHADOW,SHADOW,,,6.1927,9.9839
2026-09-06T06:09:00,79899.60,0,0,SHADOW,SHADOW,,,6.1927,9.9839
2026-09-06T06:10:00,79899.50,0,0,SHADOW,SHADOW,,,6.1927,9.9839
2026-09-06T06:11:00,79916.30,0,0,SHADOW,SHADOW,,,6.1927,9.9839
2026-09-06T06:12:00,79927.60,0,0,SHADOW,SHADOW,,,6.1927,9.9839
2026-09-06T06:13:00,79902.70,0,0,SHADOW,SHADOW,,,6.1927,9.9839
2026-09-06T06:14:00,79888.20,0,0,SHADOW,SHADOW,,,6.1927,9.9839
2026-09-06T06:15:00,79893.80,0,0,SHADOW,SHADOW,,,6.1927,9.9839
2026-09-06T06:16:00,79874.30,0,0,SHADOW,SHADOW,,,6.1927,9.9839
2026-09-06T06:17:00,79870.90,0,0,SHADOW,SHADOW,,,6.1927,9.9839
2026-09-06T06:18:00,79860.50,0,0,SHADOW,SHADOW,,,6.1927,9.9839
2026-09-06T06:19:00,79878.10,0,0,SHADOW,SHADOW,,,6.1927,9.9839
2026-09-06T06:20:00,79875.00,0,0,SHADOW,SHADOW,,,6.1927,9.9839
2026-09-06T06:21:00,79864.20,0,0,SHADOW,SHADOW,,,6.1927,9.9839
2026-09-06T06:22:00,79840.70,0,0,SHADOW,SHADOW,,,6.1927,9.9839
2026-09-06T06:23:00,79855.30,0,0,SHADOW,SHADOW,,,6.1927,9.9839
2026-09-06T06:24:00,79807.60,0,0,SHADOW,SHADOW,,,6.1927,9.9839
2026-09-06T06:25:00,79800.00,0,0,SHADOW,SHADOW,,,6.1927,9.9839
2026-09-06T06:26:00,79807.90,0,0,SHADOW,SHADOW,,,6.1927,9.9839
2026-09-06T06:27:00,79807.30,0,0,SHADOW,SHADOW,,,6.1927,9.9839
2026-09-06T06:28:00,79795.10,0,0,SHADOW,SHADOW,,,6.1927,9.9839
2026-09-06T06:29:00,79795.10,0,0,SHADOW,SHADOW,,,6.1927,9.9839
2026-09-06T06:30:00,79776.90,0,0,SHADOW,SHADOW,,,6.1927,9.9839
2026-09-06T06:31:00,79793.30,0,0,SHADOW,SHADOW,,,6.1927,9.9839
2026-09-06T06:32:00,79800.80,0,0,SHADOW,SHADOW,,,6.1927,9.9839
2026-09-06T06:33:00,79811.80,0,0,SHADOW,SHADOW,,,6.1927,9.9839
2026-09-06T06:34:00,79784.30,0,0,SHADOW,SHADOW,,,6.1927,9.9839
2026-09-06T06:35:00,79777.50,0,0,SHADOW,SHADOW,,,6.1927,9.9839
2026-09-06T06:36:00,79778.70,0,0,SHADOW,SHADOW,,,6.1927,9.9839
2026-09-06T06:37:00,79786.50,0,0,SHADOW,SHADOW,,,6.1927,9.9839
2026-09-06T06:38:00,79795.50,0,0,SHADOW,SHADOW,,,6.1927,9.9839
2026-09-06T06:39:00,79790.40,0,0,SHADOW,SHADOW,,,6.1927,9.9839
2026-09-06T06:40:00,79784.80,0,0,SHADOW,SHADOW,,,6.1927,9.9839
2026-09-06T06:41:00,79733.70,0,0,SHADOW,SHADOW,,,6.1927,9.9839
2026-09-06T06:42:00,79763.00,0,0,SHADOW,SHADOW,,,6.1927,9.9839
2026-09-06T06:43:00,79763.10,0,0,SHADOW,SHADOW,,,6.1927,9.9839
2026-09-06T06:44:00,79781.50,0,0,SHADOW,SHADOW,,,6.1927,9.9839
2026-09-06T06:45:00,79752.00,0,0,SHADOW,SHADOW,,,6.1927,9.9839
2026-09-06T06:46:00,79727.70,0,0,SHADOW,SHADOW,,,6.1927,9.9839
2026-09-06T06:47:00,79730.90,0,0,SHADOW,SHADOW,,,6.1927,9.9839
2026-09-06T06:48:00,79669.30,0,0,SHADOW,SHADOW,,,6.1927,9.9839
2026-09-06T06:49:00,79710.40,0,0,SHADOW,SHADOW,,,6.1927,9.9839
2026-09-06T06:50:00,79740.40,0,0,SHADOW,SHADOW,,,6.1927,9.9839
2026-09-06T06:51:00,79740.60,0,0,SHADOW,SHADOW,,,6.1927,9.9839
2026-09-06T06:52:00,79736.80,0,0,SHADOW,SHADOW,,,6.1927,9.9839
2026-09-06T06:53:00,79739.40,0,0,SHADOW,SHADOW,,,6.1927,9.9839
2026-09-06T06:54:00,79747.50,0,0,SHADOW,SHADOW,,,6.1927,9.9839
2026-09-06T06:55:00,79716.10,0,0,SHADOW,SHADOW,,,6.1927,9.9839
2026-09-06T06:56:00,79719.80,0,0,SHADOW,SHADOW,,,6.1927,9.9839
2026-09-06T06:57:00,79728.30,0,0,SHADOW,SHADOW,,,6.1927,9.9839
2026-09-06T06:58:00,79732.10,0,0,SHADOW,SHADOW,,,6.1927,9.9839
2026-09-06T06:59:00,79737.90,0,0,SHADOW,SHADOW,,,6.1927,9.9839
2026-09-06T07:00:00,79737.90,0,0,SHADOW,SHADOW,,,6.1927,9.9839
2026-09-06T07:01:00,79749.00,0,0,SHADOW,SHADOW,,,6.1927,9.9839
2026-09-06T07:02:00,79748.90,0,0,SHADOW,SHADOW,,,6.1927,9.9839
2026-09-06T07:03:00,79748.90,0,0,SHADOW,SHADOW,,,6.1927,9.9839
2026-09-06T07:04:00,79749.50,0,0,SHADOW,SHADOW,,,6.1927,9.9839
2026-09-06T07:05:00,79749.50,0,0,SHADOW,SHADOW,,,6.1927,9.9839
2026-09-06T07:06:00,79749.50,0,0,SHADOW,SHADOW,,,6.1927,9.9839
2026-09-06T07:07:00,79756.80,0,0,SHADOW,SHADOW,,,6.1927,9.9839
2026-09-06T07:08:00,79725.10,0,0,SHADOW,SHADOW,,,6.1927,9.9839
2026-09-06T07:09:00,79715.40,0,0,SHADOW,SHADOW,,,6.1927,9.9839
2026-09-06T07:10:00,79722.40,0,0,SHADOW,SHADOW,,,6.1927,9.9839
2026-09-06T07:11:00,79690.20,0,0,SHADOW,SHADOW,,,6.1927,9.9839
2026-09-06T07:12:00,79636.60,0,0,SHADOW,SHADOW,,,6.1927,9.9839
2026-09-06T07:13:00,79610.90,0,0,SHADOW,SHADOW,,,6.1927,9.9839
2026-09-06T07:14:00,79634.90,0,0,SHADOW,SHADOW,,,6.1927,9.9839
2026-09-06T07:15:00,79716.20,0,0,SHADOW,SHADOW,,,6.1927,9.9839
2026-09-06T07:16:00,79742.50,0,0,SHADOW,SHADOW,,,6.1927,9.9839
2026-09-06T07:17:00,79769.60,0,0,SHADOW,SHADOW,,,6.1927,9.9839
2026-09-06T07:18:00,79753.30,0,0,SHADOW,SHADOW,,,6.1927,9.9839
2026-09-06T07:19:00,79773.30,0,0,SHADOW,SHADOW,,,6.1927,9.9839
2026-09-06T07:20:00,79779.50,0,0,SHADOW,SHADOW,,,6.1927,9.9839
2026-09-06T07:21:00,79797.70,0,0,SHADOW,SHADOW,,,6.1927,9.9839
2026-09-06T07:22:00,79814.60,0,0,SHADOW,SHADOW,,,6.1927,9.9839
2026-09-06T07:23:00,79806.60,0,0,SHADOW,SHADOW,,,6.1927,9.9839
2026-09-06T07:24:00,79740.60,0,0,SHADOW,SHADOW,,,6.1927,9.9839
2026-09-06T07:25:00,79772.60,0,0,SHADOW,SHADOW,,,6.1927,9.9839
2026-09-06T07:26:00,79794.30,0,0,SHADOW,SHADOW,,,6.1927,9.9839
2026-09-06T07:27:00,79809.10,0,0,SHADOW,SHADOW,,,6.1927,9.9839
2026-09-06T07:28:00,79801.40,0,0,SHADOW,SHADOW,,,6.1927,9.9839
2026-09-06T07:29:00,79783.80,0,0,SHADOW,SHADOW,,,6.1927,9.9839
2026-09-06T07:30:00,79786.10,0,0,SHADOW,SHADOW,,,6.1927,9.9839
2026-09-06T07:31:00,79794.90,0,0,SHADOW,SHADOW,,,6.1927,9.9839
2026-09-06T07:32:00,79786.50,0,0,SHADOW,SHADOW,,,6.1927,9.9839
2026-09-06T07:33:00,79786.50,0,0,SHADOW,SHADOW,,,6.1927,9.9839
2026-09-06T07:34:00,79783.30,0,0,SHADOW,SHADOW,,,6.1927,9.9839
2026-09-06T07:35:00,79777.40,0,0,SHADOW,SHADOW,,,6.1927,9.9839
2026-09-06T07:36:00,79748.20,0,0,SHADOW,SHADOW,,,6.1927,9.9839
2026-09-06T07:37:00,79755.10,0,0,SHADOW,SHADOW,,,6.1927,9.9839
2026-09-06T07:38:00,79767.40,0,0,SHADOW,SHADOW,,,6.1927,9.9839
2026-09-06T07:39:00,79785.10,0,0,SHADOW,SHADOW,,,6.1927,9.9839
2026-09-06T07:40:00,79797.50,0,0,SHADOW,SHADOW,,,6.1927,9.9839
2026-09-06T07:41:00,79784.80,0,0,SHADOW,SHADOW,,,6.1927,9.9839
2026-09-06T07:42:00,79799.00,0,0,SHADOW,SHADOW,,,6.1927,9.9839
2026-09-06T07:43:00,79794.00,0,0,SHADOW,SHADOW,,,6.1927,9.9839
2026-09-06T07:44:00,79805.50,0,0,SHADOW,SHADOW,,,6.1927,9.9839
2026-09-06T07:45:00,79796.30,0,0,SHADOW,SHADOW,,,6.1927,9.9839
2026-09-06T07:46:00,79795.20,0,0,SHADOW,SHADOW,,,6.1927,9.9839
2026-09-06T07:47:00,79799.20,0,0,SHADOW,SHADOW,,,6.1927,9.9839
2026-09-06T07:48:00,79799.20,0,0,SHADOW,SHADOW,,,6.1927,9.9839
2026-09-06T07:49:00,79803.20,0,0,SHADOW,SHADOW,,,6.1927,9.9839
2026-09-06T07:50:00,79772.10,0,0,SHADOW,SHADOW,,,6.1927,9.9839
2026-09-06T07:51:00,79772.00,0,0,SHADOW,SHADOW,,,6.1927,9.9839
2026-09-06T07:52:00,79779.00,0,0,SHADOW,SHADOW,,,6.1927,9.9839
2026-09-06T07:53:00,79778.90,0,0,SHADOW,SHADOW,,,6.1927,9.9839
2026-09-06T07:54:00,79779.00,0,0,SHADOW,SHADOW,,,6.1927,9.9839
2026-09-06T07:55:00,79801.20,0,0,SHADOW,SHADOW,,,6.1927,9.9839
2026-09-06T07:56:00,79808.00,0,0,SHADOW,SHADOW,,,6.1927,9.9839
2026-09-06T07:57:00,79787.50,0,0,SHADOW,SHADOW,,,6.1927,9.9839
2026-09-06T07:58:00,79787.50,0,0,SHADOW,SHADOW,,,6.1927,9.9839
2026-09-06T07:59:00,79766.20,0,0,SHADOW,SHADOW,,,6.1927,9.9839
2026-09-06T08:00:00,79778.00,0,0,SHADOW,SHADOW,,,6.1927,9.9839
2026-09-06T08:01:00,79765.20,0,0,SHADOW,SHADOW,,,6.1927,9.9839
2026-09-06T08:02:00,79765.20,0,0,SHADOW,SHADOW,,,6.1927,9.9839
2026-09-06T08:03:00,79765.20,0,0,SHADOW,SHADOW,,,6.1927,9.9839
2026-09-06T08:04:00,79808.30,0,0,SHADOW,SHADOW,,,6.1927,9.9839
2026-09-06T08:05:00,79788.80,0,0,SHADOW,SHADOW,,,6.1927,9.9839
2026-09-06T08:06:00,79812.10,0,0,SHADOW,SHADOW,,,6.1927,9.9839
2026-09-06T08:07:00,79800.20,0,0,SHADOW,SHADOW,,,6.1927,9.9839
2026-09-06T08:08:00,79814.30,0,0,SHADOW,SHADOW,,,6.1927,9.9839
2026-09-06T08:09:00,79833.30,0,0,SHADOW,SHADOW,,,6.1927,9.9839
2026-09-06T08:10:00,79834.30,0,0,SHADOW,SHADOW,,,6.1927,9.9839
2026-09-06T08:11:00,79822.10,0,0,SHADOW,SHADOW,,,6.1927,9.9839
2026-09-06T08:12:00,79827.80,0,0,SHADOW,SHADOW,,,6.1927,9.9839
2026-09-06T08:13:00,79836.40,0,0,SHADOW,SHADOW,,,6.1927,9.9839
2026-09-06T08:14:00,79832.50,0,0,SHADOW,SHADOW,,,6.1927,9.9839
2026-09-06T08:15:00,79832.40,0,0,SHADOW,SHADOW,,,6.1927,9.9839
2026-09-06T08:16:00,79795.00,0,0,SHADOW,SHADOW,,,6.1927,9.9839
2026-09-06T08:17:00,79787.70,0,0,SHADOW,SHADOW,,,6.1927,9.9839
2026-09-06T08:18:00,79799.80,0,0,SHADOW,SHADOW,,,6.1927,9.9839
2026-09-06T08:19:00,79799.80,0,0,SHADOW,SHADOW,,,6.1927,9.9839
2026-09-06T08:20:00,79786.20,0,0,SHADOW,SHADOW,,,6.1927,9.9839
2026-09-06T08:21:00,79777.80,0,0,SHADOW,SHADOW,,,6.1927,9.9839
2026-09-06T08:22:00,79776.10,0,0,SHADOW,SHADOW,,,6.1927,9.9839
2026-09-06T08:23:00,79781.40,0,0,SHADOW,SHADOW,,,6.1927,9.9839
2026-09-06T08:24:00,79774.20,0,0,SHADOW,SHADOW,,,6.1927,9.9839
2026-09-06T08:25:00,79774.10,0,0,SHADOW,SHADOW,,,6.1927,9.9839
2026-09-06T08:26:00,79774.20,0,0,SHADOW,SHADOW,,,6.1927,9.9839
2026-09-06T08:27:00,79755.00,0,0,SHADOW,SHADOW,,,6.1927,9.9839
2026-09-06T08:28:00,79763.30,0,0,SHADOW,SHADOW,,,6.1927,9.9839
2026-09-06T08:29:00,79763.40,0,0,SHADOW,SHADOW,,,6.1927,9.9839
2026-09-06T08:30:00,79756.20,0,0,SHADOW,SHADOW,,,6.1927,9.9839
2026-09-06T08:31:00,79756.30,0,0,SHADOW,SHADOW,,,6.1927,9.9839
2026-09-06T08:32:00,79756.30,0,0,SHADOW,SHADOW,,,6.1927,9.9839
2026-09-06T08:33:00,79764.50,0,0,SHADOW,SHADOW,,,6.1927,9.9839
2026-09-06T08:34:00,79764.60,0,0,SHADOW,SHADOW,,,6.1927,9.9839
2026-09-06T08:35:00,79762.30,0,0,SHADOW,SHADOW,,,6.1927,9.9839
2026-09-06T08:36:00,79755.00,0,0,SHADOW,SHADOW,,,6.1927,9.9839
2026-09-06T08:37:00,79756.80,0,0,SHADOW,SHADOW,,,6.1927,9.9839
2026-09-06T08:38:00,79757.90,0,0,SHADOW,SHADOW,,,6.1927,9.9839
2026-09-06T08:39:00,79761.20,0,0,SHADOW,SHADOW,,,6.1927,9.9839
2026-09-06T08:40:00,79748.00,0,0,SHADOW,SHADOW,,,6.1927,9.9839
2026-09-06T08:41:00,79745.00,0,0,SHADOW,SHADOW,,,6.1927,9.9839
2026-09-06T08:42:00,79741.20,0,0,SHADOW,SHADOW,,,6.1927,9.9839
2026-09-06T08:43:00,79734.20,0,0,SHADOW,SHADOW,,,6.1927,9.9839
2026-09-06T08:44:00,79751.10,0,0,SHADOW,SHADOW,,,6.1927,9.9839
2026-09-06T08:45:00,79747.00,0,0,SHADOW,SHADOW,,,6.1927,9.9839
2026-09-06T08:46:00,79732.90,0,0,SHADOW,SHADOW,,,6.1927,9.9839
2026-09-06T08:47:00,79732.90,0,0,SHADOW,SHADOW,,,6.1927,9.9839
2026-09-06T08:48:00,79723.90,0,0,SHADOW,SHADOW,,,6.1927,9.9839
2026-09-06T08:49:00,79739.60,0,0,SHADOW,SHADOW,,,6.1927,9.9839
2026-09-06T08:50:00,79749.60,0,0,SHADOW,SHADOW,,,6.1927,9.9839
2026-09-06T08:51:00,79764.00,0,0,SHADOW,SHADOW,,,6.1927,9.9839
2026-09-06T08:52:00,79765.00,0,0,SHADOW,SHADOW,,,6.1927,9.9839
2026-09-06T08:53:00,79819.50,0,0,SHADOW,SHADOW,,,6.1927,9.9839
2026-09-06T08:54:00,79818.50,0,0,SHADOW,SHADOW,,,6.1927,9.9839
2026-09-06T08:55:00,79848.00,0,0,SHADOW,SHADOW,,,6.1927,9.9839
2026-09-06T08:56:00,79811.30,0,0,SHADOW,SHADOW,,,6.1927,9.9839
2026-09-06T08:57:00,79805.50,0,0,SHADOW,SHADOW,,,6.1927,9.9839
2026-09-06T08:58:00,79801.20,0,0,SHADOW,SHADOW,,,6.1927,9.9839
2026-09-06T08:59:00,79809.70,0,0,SHADOW,SHADOW,,,6.1927,9.9839
2026-09-06T09:00:00,79813.60,0,0,SHADOW,SHADOW,,,6.1927,9.9839
2026-09-06T09:01:00,79787.00,0,0,SHADOW,SHADOW,,,6.1927,9.9839
2026-09-06T09:02:00,79806.70,0,0,SHADOW,SHADOW,,,6.1927,9.9839
2026-09-06T09:03:00,79822.10,0,0,SHADOW,SHADOW,,,6.1927,9.9839
2026-09-06T09:04:00,79838.00,0,0,SHADOW,SHADOW,,,6.1927,9.9839
2026-09-06T09:05:00,79833.50,0,0,SHADOW,SHADOW,,,6.1927,9.9839
2026-09-06T09:06:00,79816.50,0,0,SHADOW,SHADOW,,,6.1927,9.9839
2026-09-06T09:07:00,79821.60,0,0,SHADOW,SHADOW,,,6.1927,9.9839
2026-09-06T09:08:00,79827.40,0,0,SHADOW,SHADOW,,,6.1927,9.9839
2026-09-06T09:09:00,79840.30,0,0,SHADOW,SHADOW,,,6.1927,9.9839
2026-09-06T09:10:00,79837.00,0,0,SHADOW,SHADOW,,,6.1927,9.9839
2026-09-06T09:11:00,79877.10,0,0,SHADOW,SHADOW,,,6.1927,9.9839
2026-09-06T09:12:00,79882.30,0,0,SHADOW,SHADOW,,,6.1927,9.9839
2026-09-06T09:13:00,79882.30,0,0,SHADOW,SHADOW,,,6.1927,9.9839
2026-09-06T09:14:00,79894.20,0,0,SHADOW,SHADOW,,,6.1927,9.9839
2026-09-06T09:15:00,79902.20,0,0,SHADOW,SHADOW,,,6.1927,9.9839
2026-09-06T09:16:00,79902.10,0,0,SHADOW,SHADOW,,,6.1927,9.9839
2026-09-06T09:17:00,79913.90,0,0,SHADOW,SHADOW,,,6.1927,9.9839
2026-09-06T09:18:00,79915.20,0,0,SHADOW,SHADOW,,,6.1927,9.9839
2026-09-06T09:19:00,79893.70,0,0,SHADOW,SHADOW,,,6.1927,9.9839
2026-09-06T09:20:00,79905.60,0,0,SHADOW,SHADOW,,,6.1927,9.9839
2026-09-06T09:21:00,79925.80,0,0,SHADOW,SHADOW,,,6.1927,9.9839
2026-09-06T09:22:00,79928.00,0,0,SHADOW,SHADOW,,,6.1927,9.9839
2026-09-06T09:23:00,79914.70,0,0,SHADOW,SHADOW,,,6.1927,9.9839
2026-09-06T09:24:00,79939.00,0,0,SHADOW,SHADOW,,,6.1927,9.9839
2026-09-06T09:25:00,79921.00,0,0,SHADOW,SHADOW,,,6.1927,9.9839
2026-09-06T09:26:00,79932.90,0,0,SHADOW,SHADOW,,,6.1927,9.9839
2026-09-06T09:27:00,79950.00,0,0,SHADOW,SHADOW,,,6.1927,9.9839
2026-09-06T09:28:00,79944.60,0,0,SHADOW,SHADOW,,,6.1927,9.9839
2026-09-06T09:29:00,79932.90,0,0,SHADOW,SHADOW,,,6.1927,9.9839
2026-09-06T09:30:00,79952.30,0,0,SHADOW,SHADOW,,,6.1927,9.9839
2026-09-06T09:31:00,79940.00,0,0,SHADOW,SHADOW,,,6.1927,9.9839
2026-09-06T09:32:00,79956.90,0,0,SHADOW,SHADOW,,,6.1927,9.9839
2026-09-06T09:33:00,79956.70,0,0,SHADOW,SHADOW,,,6.1927,9.9839
2026-09-06T09:34:00,79936.10,0,0,SHADOW,SHADOW,,,6.1927,9.9839
2026-09-06T09:35:00,79925.90,0,0,SHADOW,SHADOW,,,6.1927,9.9839
2026-09-06T09:36:00,79917.50,0,0,SHADOW,SHADOW,,,6.1927,9.9839
2026-09-06T09:37:00,79893.10,0,0,SHADOW,SHADOW,,,6.1927,9.9839
2026-09-06T09:38:00,79889.30,0,0,SHADOW,SHADOW,,,6.1927,9.9839
2026-09-06T09:39:00,79880.00,0,0,SHADOW,SHADOW,,,6.1927,9.9839
2026-09-06T09:40:00,79872.00,0,0,SHADOW,SHADOW,,,6.1927,9.9839
2026-09-06T09:41:00,79862.10,0,0,SHADOW,SHADOW,,,6.1927,9.9839
2026-09-06T09:42:00,79851.50,0,0,SHADOW,SHADOW,,,6.1927,9.9839
2026-09-06T09:43:00,79832.30,0,0,SHADOW,SHADOW,,,6.1927,9.9839
2026-09-06T09:44:00,79831.20,0,0,SHADOW,SHADOW,,,6.1927,9.9839
2026-09-06T09:45:00,79828.70,0,0,SHADOW,SHADOW,,,6.1927,9.9839
2026-09-06T09:46:00,79816.70,0,0,SHADOW,SHADOW,,,6.1927,9.9839
2026-09-06T09:47:00,79825.50,0,0,SHADOW,SHADOW,,,6.1927,9.9839
2026-09-06T09:48:00,79825.60,0,0,SHADOW,SHADOW,,,6.1927,9.9839
2026-09-06T09:49:00,79830.00,0,0,SHADOW,SHADOW,,,6.1927,9.9839
2026-09-06T09:50:00,79829.90,0,0,SHADOW,SHADOW,,,6.1927,9.9839
2026-09-06T09:51:00,79825.50,0,0,SHADOW,SHADOW,,,6.1927,9.9839
2026-09-06T09:52:00,79833.40,0,0,SHADOW,SHADOW,,,6.1927,9.9839
2026-09-06T09:53:00,79836.00,0,0,SHADOW,SHADOW,,,6.1927,9.9839
2026-09-06T09:54:00,79829.00,0,0,SHADOW,SHADOW,,,6.1927,9.9839
2026-09-06T09:55:00,79829.00,0,0,SHADOW,SHADOW,,,6.1927,9.9839
2026-09-06T09:56:00,79825.10,0,0,SHADOW,SHADOW,,,6.1927,9.9839
2026-09-06T09:57:00,79834.80,0,0,SHADOW,SHADOW,,,6.1927,9.9839
2026-09-06T09:58:00,79874.90,0,0,SHADOW,SHADOW,,,6.1927,9.9839
2026-09-06T09:59:00,79851.90,0,0,SHADOW,SHADOW,,,6.1927,9.9839
2026-09-06T10:00:00,79875.40,0,0,SHADOW,SHADOW,,,6.1927,9.9839
2026-09-06T10:01:00,79875.40,0,0,SHADOW,SHADOW,,,6.1927,9.9839
2026-09-06T10:02:00,79889.80,0,0,SHADOW,SHADOW,,,6.1927,9.9839
2026-09-06T10:03:00,79888.30,0,0,SHADOW,SHADOW,,,6.1927,9.9839
2026-09-06T10:04:00,79885.00,0,0,SHADOW,SHADOW,,,6.1927,9.9839
2026-09-06T10:05:00,79915.00,0,0,SHADOW,SHADOW,,,6.1927,9.9839
2026-09-06T10:06:00,79884.90,0,0,SHADOW,SHADOW,,,6.1927,9.9839
2026-09-06T10:07:00,79872.00,0,0,SHADOW,SHADOW,,,6.1927,9.9839
2026-09-06T10:08:00,79893.90,0,0,SHADOW,SHADOW,,,6.1927,9.9839
2026-09-06T10:09:00,79888.20,0,0,SHADOW,SHADOW,,,6.1927,9.9839
2026-09-06T10:10:00,79887.80,0,0,SHADOW,SHADOW,,,6.1927,9.9839
2026-09-06T10:11:00,79887.80,0,0,SHADOW,SHADOW,,,6.1927,9.9839
2026-09-06T10:12:00,79887.80,0,0,SHADOW,SHADOW,,,6.1927,9.9839
2026-09-06T10:13:00,79888.90,0,0,SHADOW,SHADOW,,,6.1927,9.9839
2026-09-06T10:14:00,79888.80,0,0,SHADOW,SHADOW,,,6.1927,9.9839
2026-09-06T10:15:00,79899.90,0,0,SHADOW,SHADOW,,,6.1927,9.9839
2026-09-06T10:16:00,79919.80,0,0,SHADOW,SHADOW,,,6.1927,9.9839
2026-09-06T10:17:00,79915.80,0,0,SHADOW,SHADOW,,,6.1927,9.9839
2026-09-06T10:18:00,79939.40,0,0,SHADOW,SHADOW,,,6.1927,9.9839
2026-09-06T10:19:00,79947.00,0,0,SHADOW,SHADOW,,,6.1927,9.9839
2026-09-06T10:20:00,79943.70,0,0,SHADOW,SHADOW,,,6.1927,9.9839
2026-09-06T10:21:00,79934.50,0,0,SHADOW,SHADOW,,,6.1927,9.9839
2026-09-06T10:22:00,79934.70,0,0,SHADOW,SHADOW,,,6.1927,9.9839
2026-09-06T10:23:00,79947.00,0,0,SHADOW,SHADOW,,,6.1927,9.9839
2026-09-06T10:24:00,79939.40,0,0,SHADOW,SHADOW,,,6.1927,9.9839
2026-09-06T10:25:00,79923.30,0,0,SHADOW,SHADOW,,,6.1927,9.9839
2026-09-06T10:26:00,79923.20,0,0,SHADOW,SHADOW,,,6.1927,9.9839
2026-09-06T10:27:00,79941.80,0,0,SHADOW,SHADOW,,,6.1927,9.9839
2026-09-06T10:28:00,79941.80,0,0,SHADOW,SHADOW,,,6.1927,9.9839
2026-09-06T10:29:00,79941.80,0,0,SHADOW,SHADOW,,,6.1927,9.9839
2026-09-06T10:30:00,79945.90,0,0,SHADOW,SHADOW,,,6.1927,9.9839
2026-09-06T10:31:00,79946.00,0,0,SHADOW,SHADOW,,,6.1927,9.9839
2026-09-06T10:32:00,79945.90,0,0,SHADOW,SHADOW,,,6.1927,9.9839
2026-09-06T10:33:00,79945.90,0,0,SHADOW,SHADOW,,,6.1927,9.9839
2026-09-06T10:34:00,79952.20,0,0,SHADOW,SHADOW,,,6.1927,9.9839
2026-09-06T10:35:00,79952.10,0,0,SHADOW,SHADOW,,,6.1927,9.9839
2026-09-06T10:36:00,79952.10,0,0,SHADOW,SHADOW,,,6.1927,9.9839
2026-09-06T10:37:00,79933.50,0,0,SHADOW,SHADOW,,,6.1927,9.9839
2026-09-06T10:38:00,79932.40,0,0,SHADOW,SHADOW,,,6.1927,9.9839
2026-09-06T10:39:00,79946.80,0,0,SHADOW,SHADOW,,,6.1927,9.9839
2026-09-06T10:40:00,79951.90,0,0,SHADOW,SHADOW,,,6.1927,9.9839
2026-09-06T10:41:00,79958.00,0,0,SHADOW,SHADOW,,,6.1927,9.9839
2026-09-06T10:42:00,79957.90,0,0,SHADOW,SHADOW,,,6.1927,9.9839
2026-09-06T10:43:00,79974.90,0,0,SHADOW,SHADOW,,,6.1927,9.9839
2026-09-06T10:44:00,79985.00,0,0,SHADOW,SHADOW,,,6.1927,9.9839
2026-09-06T10:45:00,79977.90,0,0,SHADOW,SHADOW,,,6.1927,9.9839
2026-09-06T10:46:00,79977.80,0,0,SHADOW,SHADOW,,,6.1927,9.9839
2026-09-06T10:47:00,79958.00,0,0,SHADOW,SHADOW,,,6.1927,9.9839
2026-09-06T10:48:00,79951.70,0,0,SHADOW,SHADOW,,,6.1927,9.9839
2026-09-06T10:49:00,79955.60,0,0,SHADOW,SHADOW,,,6.1927,9.9839
2026-09-06T10:50:00,79959.80,0,0,SHADOW,SHADOW,,,6.1927,9.9839
2026-09-06T10:51:00,79960.10,0,0,SHADOW,SHADOW,,,6.1927,9.9839
2026-09-06T10:52:00,79960.10,0,0,SHADOW,SHADOW,,,6.1927,9.9839
2026-09-06T10:53:00,79967.10,0,0,SHADOW,SHADOW,,,6.1927,9.9839
2026-09-06T10:54:00,79973.50,0,0,SHADOW,SHADOW,,,6.1927,9.9839
2026-09-06T10:55:00,79973.50,0,0,SHADOW,SHADOW,,,6.1927,9.9839
2026-09-06T10:56:00,79961.50,0,0,SHADOW,SHADOW,,,6.1927,9.9839
2026-09-06T10:57:00,79982.60,0,0,SHADOW,SHADOW,,,6.1927,9.9839
2026-09-06T10:58:00,79975.10,0,0,SHADOW,SHADOW,,,6.1927,9.9839
2026-09-06T10:59:00,79964.30,0,0,SHADOW,SHADOW,,,6.1927,9.9839
2026-09-06T11:00:00,79963.30,0,0,SHADOW,SHADOW,,,6.1927,9.9839
2026-09-06T11:01:00,79945.20,0,0,SHADOW,SHADOW,,,6.1927,9.9839
2026-09-06T11:02:00,79958.00,0,0,SHADOW,SHADOW,,,6.1927,9.9839
2026-09-06T11:03:00,79957.80,0,0,SHADOW,SHADOW,,,6.1927,9.9839
2026-09-06T11:04:00,79933.60,0,0,SHADOW,SHADOW,,,6.1927,9.9839
2026-09-06T11:05:00,79937.90,0,0,SHADOW,SHADOW,,,6.1927,9.9839
2026-09-06T11:06:00,79952.80,0,0,SHADOW,SHADOW,,,6.1927,9.9839
2026-09-06T11:07:00,79917.40,0,0,SHADOW,SHADOW,,,6.1927,9.9839
2026-09-06T11:08:00,79931.80,0,0,SHADOW,SHADOW,,,6.1927,9.9839
2026-09-06T11:09:00,79908.40,0,0,SHADOW,SHADOW,,,6.1927,9.9839
2026-09-06T11:10:00,79924.80,0,0,SHADOW,SHADOW,,,6.1927,9.9839
2026-09-06T11:11:00,79913.90,0,0,SHADOW,SHADOW,,,6.1927,9.9839
2026-09-06T11:12:00,79900.10,0,0,SHADOW,SHADOW,,,6.1927,9.9839
2026-09-06T11:13:00,79921.60,0,0,SHADOW,SHADOW,,,6.1927,9.9839
2026-09-06T11:14:00,79946.20,0,0,SHADOW,SHADOW,,,6.1927,9.9839
2026-09-06T11:15:00,79946.10,0,0,SHADOW,SHADOW,,,6.1927,9.9839
2026-09-06T11:16:00,79943.00,0,0,SHADOW,SHADOW,,,6.1927,9.9839
2026-09-06T11:17:00,79950.70,0,0,SHADOW,SHADOW,,,6.1927,9.9839
2026-09-06T11:18:00,79929.30,0,0,SHADOW,SHADOW,,,6.1927,9.9839
2026-09-06T11:19:00,79936.50,0,0,SHADOW,SHADOW,,,6.1927,9.9839
2026-09-06T11:20:00,79893.30,0,0,SHADOW,SHADOW,,,6.1927,9.9839
2026-09-06T11:21:00,79905.70,0,0,SHADOW,SHADOW,,,6.1927,9.9839
2026-09-06T11:22:00,79909.40,0,0,SHADOW,SHADOW,,,6.1927,9.9839
2026-09-06T11:23:00,79910.80,0,0,SHADOW,SHADOW,,,6.1927,9.9839
2026-09-06T11:24:00,79910.80,0,0,SHADOW,SHADOW,,,6.1927,9.9839
2026-09-06T11:25:00,79870.40,0,0,SHADOW,SHADOW,,,6.1927,9.9839
2026-09-06T11:26:00,79870.40,0,0,SHADOW,SHADOW,,,6.1927,9.9839
2026-09-06T11:27:00,79928.10,0,0,SHADOW,SHADOW,,,6.1927,9.9839
2026-09-06T11:28:00,79920.30,0,0,SHADOW,SHADOW,,,6.1927,9.9839
2026-09-06T11:29:00,79865.90,0,0,SHADOW,SHADOW,,,6.1927,9.9839
2026-09-06T11:30:00,79865.70,0,0,SHADOW,SHADOW,,,6.1927,9.9839
2026-09-06T11:31:00,79871.10,0,0,SHADOW,SHADOW,,,6.1927,9.9839
2026-09-06T11:32:00,79886.00,0,0,SHADOW,SHADOW,,,6.1927,9.9839
2026-09-06T11:33:00,79899.90,0,0,SHADOW,SHADOW,,,6.1927,9.9839
2026-09-06T11:34:00,79940.10,0,0,SHADOW,SHADOW,,,6.1927,9.9839
2026-09-06T11:35:00,79875.10,0,0,SHADOW,SHADOW,,,6.1927,9.9839
2026-09-06T11:36:00,79875.00,0,0,SHADOW,SHADOW,,,6.1927,9.9839
2026-09-06T11:37:00,79875.10,0,0,SHADOW,SHADOW,,,6.1927,9.9839
2026-09-06T11:38:00,79875.00,0,0,SHADOW,SHADOW,,,6.1927,9.9839
2026-09-06T11:39:00,79875.00,0,0,SHADOW,SHADOW,,,6.1927,9.9839
2026-09-06T11:40:00,79875.00,0,0,SHADOW,SHADOW,,,6.1927,9.9839
2026-09-06T11:41:00,79895.60,0,0,SHADOW,SHADOW,,,6.1927,9.9839
2026-09-06T11:42:00,79875.10,0,0,SHADOW,SHADOW,,,6.1927,9.9839
2026-09-06T11:43:00,79899.60,0,0,SHADOW,SHADOW,,,6.1927,9.9839
2026-09-06T11:44:00,79922.00,0,0,SHADOW,SHADOW,,,6.1927,9.9839
2026-09-06T11:45:00,79914.70,0,0,SHADOW,SHADOW,,,6.1927,9.9839
2026-09-06T11:46:00,79926.00,0,0,SHADOW,SHADOW,,,6.1927,9.9839
2026-09-06T11:47:00,79919.30,0,0,SHADOW,SHADOW,,,6.1927,9.9839
2026-09-06T11:48:00,79921.90,0,0,SHADOW,SHADOW,,,6.1927,9.9839
2026-09-06T11:49:00,79919.70,0,0,SHADOW,SHADOW,,,6.1927,9.9839
2026-09-06T11:50:00,79910.10,0,0,SHADOW,SHADOW,,,6.1927,9.9839
2026-09-06T11:51:00,79910.20,0,0,SHADOW,SHADOW,,,6.1927,9.9839
2026-09-06T11:52:00,79894.30,0,0,SHADOW,SHADOW,,,6.1927,9.9839
2026-09-06T11:53:00,79876.90,0,0,SHADOW,SHADOW,,,6.1927,9.9839
2026-09-06T11:54:00,79882.40,0,0,SHADOW,SHADOW,,,6.1927,9.9839
2026-09-06T11:55:00,79882.40,0,0,SHADOW,SHADOW,,,6.1927,9.9839
2026-09-06T11:56:00,79882.40,0,0,SHADOW,SHADOW,,,6.1927,9.9839
2026-09-06T11:57:00,79871.60,0,0,SHADOW,SHADOW,,,6.1927,9.9839
2026-09-06T11:58:00,79871.60,0,0,SHADOW,SHADOW,,,6.1927,9.9839
2026-09-06T11:59:00,79878.40,0,0,SHADOW,SHADOW,,,6.1927,9.9839
2026-09-06T12:00:00,79878.40,0,0,SHADOW,SHADOW,,,6.1927,9.9839
2026-09-06T12:01:00,79878.30,0,0,SHADOW,SHADOW,,,6.1927,9.9839
2026-09-06T12:02:00,79878.30,0,0,SHADOW,SHADOW,,,6.1927,9.9839
2026-09-06T12:03:00,79878.30,0,0,SHADOW,SHADOW,,,6.1927,9.9839
2026-09-06T12:04:00,79878.30,0,0,SHADOW,SHADOW,,,6.1927,9.9839
2026-09-06T12:05:00,79866.60,0,0,SHADOW,SHADOW,,,6.1927,9.9839
2026-09-06T12:06:00,79858.10,0,0,SHADOW,SHADOW,,,6.1927,9.9839
2026-09-06T12:07:00,79857.00,0,0,SHADOW,SHADOW,,,6.1927,9.9839
2026-09-06T12:08:00,79857.00,0,0,SHADOW,SHADOW,,,6.1927,9.9839
2026-09-06T12:09:00,79856.70,0,0,SHADOW,SHADOW,,,6.1927,9.9839
2026-09-06T12:10:00,79840.10,0,0,SHADOW,SHADOW,,,6.1927,9.9839
2026-09-06T12:11:00,79828.90,0,0,SHADOW,SHADOW,,,6.1927,9.9839
2026-09-06T12:12:00,79828.10,0,0,SHADOW,SHADOW,,,6.1927,9.9839
2026-09-06T12:13:00,79845.40,0,0,SHADOW,SHADOW,,,6.1927,9.9839
2026-09-06T12:14:00,79892.00,0,0,SHADOW,SHADOW,,,6.1927,9.9839
2026-09-06T12:15:00,79931.00,0,0,SHADOW,SHADOW,,,6.1927,9.9839
2026-09-06T12:16:00,79950.50,0,0,SHADOW,SHADOW,,,6.1927,9.9839
2026-09-06T12:17:00,79952.40,0,0,SHADOW,SHADOW,,,6.1927,9.9839
2026-09-06T12:18:00,79944.10,0,0,SHADOW,SHADOW,,,6.1927,9.9839
2026-09-06T12:19:00,79923.70,0,0,SHADOW,SHADOW,,,6.1927,9.9839
2026-09-06T12:20:00,79916.90,0,0,SHADOW,SHADOW,,,6.1927,9.9839
2026-09-06T12:21:00,79931.10,0,0,SHADOW,SHADOW,,,6.1927,9.9839
2026-09-06T12:22:00,79952.30,0,0,SHADOW,SHADOW,,,6.1927,9.9839
2026-09-06T12:23:00,79958.50,0,0,SHADOW,SHADOW,,,6.1927,9.9839
2026-09-06T12:24:00,79958.50,0,0,SHADOW,SHADOW,,,6.1927,9.9839
2026-09-06T12:25:00,79954.40,0,0,SHADOW,SHADOW,,,6.1927,9.9839
2026-09-06T12:26:00,79931.90,0,0,SHADOW,SHADOW,,,6.1927,9.9839
2026-09-06T12:27:00,79952.40,0,0,SHADOW,SHADOW,,,6.1927,9.9839
2026-09-06T12:28:00,79944.50,0,0,SHADOW,SHADOW,,,6.1927,9.9839
2026-09-06T12:29:00,79931.90,0,0,SHADOW,SHADOW,,,6.1927,9.9839
2026-09-06T12:30:00,79943.50,0,0,SHADOW,SHADOW,,,6.1927,9.9839
2026-09-06T12:31:00,79967.80,0,0,SHADOW,SHADOW,,,6.1927,9.9839
2026-09-06T12:32:00,79934.40,0,0,SHADOW,SHADOW,,,6.1927,9.9839
2026-09-06T12:33:00,79935.10,0,0,SHADOW,SHADOW,,,6.1927,9.9839
2026-09-06T12:34:00,79966.70,0,0,SHADOW,SHADOW,,,6.1927,9.9839
2026-09-06T12:35:00,79954.10,0,0,SHADOW,SHADOW,,,6.1927,9.9839
2026-09-06T12:36:00,79954.00,0,0,SHADOW,SHADOW,,,6.1927,9.9839
2026-09-06T12:37:00,79924.60,0,0,SHADOW,SHADOW,,,6.1927,9.9839
2026-09-06T12:38:00,79942.20,0,0,SHADOW,SHADOW,,,6.1927,9.9839
2026-09-06T12:39:00,79952.40,0,0,SHADOW,SHADOW,,,6.1927,9.9839
2026-09-06T12:40:00,79931.00,0,0,SHADOW,SHADOW,,,6.1927,9.9839
2026-09-06T12:41:00,79916.20,0,0,SHADOW,SHADOW,,,6.1927,9.9839
2026-09-06T12:42:00,79911.50,0,0,SHADOW,SHADOW,,,6.1927,9.9839
2026-09-06T12:43:00,79944.40,0,0,SHADOW,SHADOW,,,6.1927,9.9839
2026-09-06T12:44:00,79895.80,0,0,SHADOW,SHADOW,,,6.1927,9.9839
2026-09-06T12:45:00,79922.10,0,0,SHADOW,SHADOW,,,6.1927,9.9839
2026-09-06T12:46:00,79922.00,0,0,SHADOW,SHADOW,,,6.1927,9.9839
2026-09-06T12:47:00,79904.50,0,0,SHADOW,SHADOW,,,6.1927,9.9839
2026-09-06T12:48:00,79906.90,0,0,SHADOW,SHADOW,,,6.1927,9.9839
2026-09-06T12:49:00,79905.20,0,0,SHADOW,SHADOW,,,6.1927,9.9839
2026-09-06T12:50:00,79917.70,0,0,SHADOW,SHADOW,,,6.1927,9.9839
2026-09-06T12:51:00,79922.00,0,0,SHADOW,SHADOW,,,6.1927,9.9839
2026-09-06T12:52:00,79935.70,0,0,SHADOW,SHADOW,,,6.1927,9.9839
2026-09-06T12:53:00,79935.70,0,0,SHADOW,SHADOW,,,6.1927,9.9839
2026-09-06T12:54:00,79940.30,0,0,SHADOW,SHADOW,,,6.1927,9.9839
2026-09-06T12:55:00,79914.80,0,0,SHADOW,SHADOW,,,6.1927,9.9839
2026-09-06T12:56:00,79900.10,0,0,SHADOW,SHADOW,,,6.1927,9.9839
2026-09-06T12:57:00,79893.10,0,0,SHADOW,SHADOW,,,6.1927,9.9839
2026-09-06T12:58:00,79900.00,0,0,SHADOW,SHADOW,,,6.1927,9.9839
2026-09-06T12:59:00,79882.00,0,0,SHADOW,SHADOW,,,6.1927,9.9839
2026-09-06T13:00:00,79881.90,0,0,SHADOW,SHADOW,,,6.1927,9.9839
2026-09-06T13:01:00,79845.10,0,0,SHADOW,SHADOW,,,6.1927,9.9839
2026-09-06T13:02:00,79892.60,0,0,SHADOW,SHADOW,,,6.1927,9.9839
2026-09-06T13:03:00,79892.00,0,0,SHADOW,SHADOW,,,6.1927,9.9839
2026-09-06T13:04:00,79876.20,0,0,SHADOW,SHADOW,,,6.1927,9.9839
2026-09-06T13:05:00,79881.60,0,0,SHADOW,SHADOW,,,6.1927,9.9839
2026-09-06T13:06:00,79897.40,0,0,SHADOW,SHADOW,,,6.1927,9.9839
2026-09-06T13:07:00,79914.10,0,0,SHADOW,SHADOW,,,6.1927,9.9839
2026-09-06T13:08:00,79932.00,0,0,SHADOW,SHADOW,,,6.1927,9.9839
2026-09-06T13:09:00,79898.30,0,0,SHADOW,SHADOW,,,6.1927,9.9839
2026-09-06T13:10:00,79885.80,0,0,SHADOW,SHADOW,,,6.1927,9.9839
2026-09-06T13:11:00,79880.90,0,0,SHADOW,SHADOW,,,6.1927,9.9839
2026-09-06T13:12:00,79867.50,0,0,SHADOW,SHADOW,,,6.1927,9.9839
2026-09-06T13:13:00,79854.40,0,0,SHADOW,SHADOW,,,6.1927,9.9839
2026-09-06T13:14:00,79848.70,0,0,SHADOW,SHADOW,,,6.1927,9.9839
2026-09-06T13:15:00,79845.30,0,0,SHADOW,SHADOW,,,6.1927,9.9839
2026-09-06T13:16:00,79842.00,0,0,SHADOW,SHADOW,,,6.1927,9.9839
2026-09-06T13:17:00,79792.40,0,0,SHADOW,SHADOW,,,6.1927,9.9839
2026-09-06T13:18:00,79805.40,0,0,SHADOW,SHADOW,,,6.1927,9.9839
2026-09-06T13:19:00,79799.90,0,0,SHADOW,SHADOW,,,6.1927,9.9839
2026-09-06T13:20:00,79795.60,0,0,SHADOW,SHADOW,,,6.1927,9.9839
2026-09-06T13:21:00,79790.00,0,0,SHADOW,SHADOW,,,6.1927,9.9839
2026-09-06T13:22:00,79796.90,0,0,SHADOW,SHADOW,,,6.1927,9.9839
2026-09-06T13:23:00,79809.20,0,0,SHADOW,SHADOW,,,6.1927,9.9839
2026-09-06T13:24:00,79780.90,0,0,SHADOW,SHADOW,,,6.1927,9.9839
2026-09-06T13:25:00,79799.90,0,0,SHADOW,SHADOW,,,6.1927,9.9839
2026-09-06T13:26:00,79796.30,0,0,SHADOW,SHADOW,,,6.1927,9.9839
2026-09-06T13:27:00,79774.50,0,0,SHADOW,SHADOW,,,6.1927,9.9839
2026-09-06T13:28:00,79779.90,0,0,SHADOW,SHADOW,,,6.1927,9.9839
2026-09-06T13:29:00,79758.00,0,0,SHADOW,SHADOW,,,6.1927,9.9839
2026-09-06T13:30:00,79759.30,0,0,SHADOW,SHADOW,,,6.1927,9.9839
2026-09-06T13:31:00,79759.10,0,0,SHADOW,SHADOW,,,6.1927,9.9839
2026-09-06T13:32:00,79768.30,0,0,SHADOW,SHADOW,,,6.1927,9.9839
2026-09-06T13:33:00,79761.70,0,0,SHADOW,SHADOW,,,6.1927,9.9839
2026-09-06T13:34:00,79752.40,0,0,SHADOW,SHADOW,,,6.1927,9.9839
2026-09-06T13:35:00,79756.60,0,0,SHADOW,SHADOW,,,6.1927,9.9839
2026-09-06T13:36:00,79792.20,0,0,SHADOW,SHADOW,,,6.1927,9.9839
2026-09-06T13:37:00,79819.90,0,0,SHADOW,SHADOW,,,6.1927,9.9839
2026-09-06T13:38:00,79806.10,0,0,SHADOW,SHADOW,,,6.1927,9.9839
2026-09-06T13:39:00,79762.60,0,0,SHADOW,SHADOW,,,6.1927,9.9839
2026-09-06T13:40:00,79775.70,0,0,SHADOW,SHADOW,,,6.1927,9.9839
2026-09-06T13:41:00,79783.40,0,0,SHADOW,SHADOW,,,6.1927,9.9839
2026-09-06T13:42:00,79773.10,0,0,SHADOW,SHADOW,,,6.1927,9.9839
2026-09-06T13:43:00,79763.90,0,0,SHADOW,SHADOW,,,6.1927,9.9839
2026-09-06T13:44:00,79764.30,0,0,SHADOW,SHADOW,,,6.1927,9.9839
2026-09-06T13:45:00,79777.00,0,0,SHADOW,SHADOW,,,6.1927,9.9839
2026-09-06T13:46:00,79792.70,0,0,SHADOW,SHADOW,,,6.1927,9.9839
2026-09-06T13:47:00,79797.20,0,0,SHADOW,SHADOW,,,6.1927,9.9839
2026-09-06T13:48:00,79803.40,0,0,SHADOW,SHADOW,,,6.1927,9.9839
2026-09-06T13:49:00,79769.00,0,0,SHADOW,SHADOW,,,6.1927,9.9839
2026-09-06T13:50:00,79777.00,0,0,SHADOW,SHADOW,,,6.1927,9.9839
2026-09-06T13:51:00,79776.90,0,0,SHADOW,SHADOW,,,6.1927,9.9839
2026-09-06T13:52:00,79792.10,0,0,SHADOW,SHADOW,,,6.1927,9.9839
2026-09-06T13:53:00,79785.50,0,0,SHADOW,SHADOW,,,6.1927,9.9839
2026-09-06T13:54:00,79781.20,0,0,SHADOW,SHADOW,,,6.1927,9.9839
2026-09-06T13:55:00,79773.00,0,0,SHADOW,SHADOW,,,6.1927,9.9839
2026-09-06T13:56:00,79791.20,0,0,SHADOW,SHADOW,,,6.1927,9.9839
2026-09-06T13:57:00,79791.60,0,0,SHADOW,SHADOW,,,6.1927,9.9839
2026-09-06T13:58:00,79737.10,0,0,SHADOW,SHADOW,,,6.1927,9.9839
2026-09-06T13:59:00,79794.40,0,0,SHADOW,SHADOW,,,6.1927,9.9839
2026-09-06T14:00:00,79777.20,0,0,SHADOW,SHADOW,,,6.1927,9.9839
2026-09-06T14:01:00,79798.00,0,0,SHADOW,SHADOW,,,6.1927,9.9839
2026-09-06T14:02:00,79780.00,0,0,SHADOW,SHADOW,,,6.1927,9.9839
2026-09-06T14:03:00,79794.40,0,0,SHADOW,SHADOW,,,6.1927,9.9839
2026-09-06T14:04:00,79799.90,0,0,SHADOW,SHADOW,,,6.1927,9.9839
2026-09-06T14:05:00,79772.70,0,0,SHADOW,SHADOW,,,6.1927,9.9839
2026-09-06T14:06:00,79760.10,0,0,SHADOW,SHADOW,,,6.1927,9.9839
2026-09-06T14:07:00,79736.70,0,0,SHADOW,SHADOW,,,6.1927,9.9839
2026-09-06T14:08:00,79741.70,0,0,SHADOW,SHADOW,,,6.1927,9.9839
2026-09-06T14:09:00,79726.30,0,0,SHADOW,SHADOW,,,6.1927,9.9839
2026-09-06T14:10:00,79741.40,0,0,SHADOW,SHADOW,,,6.1927,9.9839
2026-09-06T14:11:00,79747.90,0,0,SHADOW,SHADOW,,,6.1927,9.9839
2026-09-06T14:12:00,79719.40,0,0,SHADOW,SHADOW,,,6.1927,9.9839
2026-09-06T14:13:00,79718.40,0,0,SHADOW,SHADOW,,,6.1927,9.9839
2026-09-06T14:14:00,79718.40,0,0,SHADOW,SHADOW,,,6.1927,9.9839
2026-09-06T14:15:00,79736.10,0,0,SHADOW,SHADOW,,,6.1927,9.9839
2026-09-06T14:16:00,79671.90,0,0,SHADOW,SHADOW,,,6.1927,9.9839
2026-09-06T14:17:00,79676.60,0,0,SHADOW,SHADOW,,,6.1927,9.9839
2026-09-06T14:18:00,79759.90,0,0,SHADOW,SHADOW,,,6.1927,9.9839
2026-09-06T14:19:00,79705.40,0,0,SHADOW,SHADOW,,,6.1927,9.9839
2026-09-06T14:20:00,79616.40,0,0,SHADOW,SHADOW,,,6.1927,9.9839
2026-09-06T14:21:00,79614.20,0,0,SHADOW,SHADOW,,,6.1927,9.9839
2026-09-06T14:22:00,79600.10,0,0,SHADOW,SHADOW,,,6.1927,9.9839
2026-09-06T14:23:00,79613.40,0,0,SHADOW,SHADOW,,,6.1927,9.9839
2026-09-06T14:24:00,79607.10,0,0,SHADOW,SHADOW,,,6.1927,9.9839
2026-09-06T14:25:00,79619.40,0,0,SHADOW,SHADOW,,,6.1927,9.9839
2026-09-06T14:26:00,79658.80,0,0,SHADOW,SHADOW,,,6.1927,9.9839
2026-09-06T14:27:00,79655.20,0,0,SHADOW,SHADOW,,,6.1927,9.9839
2026-09-06T14:28:00,79659.00,0,0,SHADOW,SHADOW,,,6.1927,9.9839
2026-09-06T14:29:00,79629.60,0,0,SHADOW,SHADOW,,,6.1927,9.9839
2026-09-06T14:30:00,79580.00,0,0,SHADOW,SHADOW,,,6.1927,9.9839
2026-09-06T14:31:00,79518.60,0,0,SHADOW,SHADOW,,,6.1927,9.9839
2026-09-06T14:32:00,79444.20,0,0,SHADOW,SHADOW,,,6.1927,9.9839
2026-09-06T14:33:00,79432.70,0,0,SHADOW,SHADOW,,,6.1927,9.9839
2026-09-06T14:34:00,79527.40,0,0,SHADOW,SHADOW,,,6.1927,9.9839
2026-09-06T14:35:00,79553.80,0,0,SHADOW,SHADOW,,,6.1927,9.9839
2026-09-06T14:36:00,79579.70,0,0,SHADOW,SHADOW,,,6.1927,9.9839
2026-09-06T14:37:00,79581.60,0,0,SHADOW,SHADOW,,,6.1927,9.9839
2026-09-06T14:38:00,79584.60,0,0,SHADOW,SHADOW,,,6.1927,9.9839
2026-09-06T14:39:00,79633.10,0,0,SHADOW,SHADOW,,,6.1927,9.9839
2026-09-06T14:40:00,79656.40,0,0,SHADOW,SHADOW,,,6.1927,9.9839
2026-09-06T14:41:00,79634.10,0,0,SHADOW,SHADOW,,,6.1927,9.9839
2026-09-06T14:42:00,79673.50,0,0,SHADOW,SHADOW,,,6.1927,9.9839
2026-09-06T14:43:00,79640.20,0,0,SHADOW,SHADOW,,,6.1927,9.9839
2026-09-06T14:44:00,79675.30,0,0,SHADOW,SHADOW,,,6.1927,9.9839
2026-09-06T14:45:00,79592.70,0,0,SHADOW,SHADOW,,,6.1927,9.9839
2026-09-06T14:46:00,79563.10,0,0,SHADOW,SHADOW,,,6.1927,9.9839
2026-09-06T14:47:00,79542.80,0,0,SHADOW,SHADOW,,,6.1927,9.9839
2026-09-06T14:48:00,79602.40,0,0,SHADOW,SHADOW,,,6.1927,9.9839
2026-09-06T14:49:00,79626.10,0,0,SHADOW,SHADOW,,,6.1927,9.9839
2026-09-06T14:50:00,79647.20,0,0,SHADOW,SHADOW,,,6.1927,9.9839
2026-09-06T14:51:00,79630.00,0,0,SHADOW,SHADOW,,,6.1927,9.9839
2026-09-06T14:52:00,79665.60,0,0,SHADOW,SHADOW,,,6.1927,9.9839
2026-09-06T14:53:00,79659.70,0,0,SHADOW,SHADOW,,,6.1927,9.9839
2026-09-06T14:54:00,79645.00,0,0,SHADOW,SHADOW,,,6.1927,9.9839
2026-09-06T14:55:00,79615.00,0,0,SHADOW,SHADOW,,,6.1927,9.9839
2026-09-06T14:56:00,79572.70,0,0,SHADOW,SHADOW,,,6.1927,9.9839
2026-09-06T14:57:00,79571.30,0,0,SHADOW,SHADOW,,,6.1927,9.9839
2026-09-06T14:58:00,79525.10,0,0,SHADOW,SHADOW,,,6.1927,9.9839
2026-09-06T14:59:00,79507.30,0,0,SHADOW,SHADOW,,,6.1927,9.9839
2026-09-06T15:00:00,79407.00,0,0,SHADOW,SHADOW,,,6.1927,9.9839
2026-09-06T15:01:00,79370.90,0,0,SHADOW,SHADOW,,,6.1927,9.9839
2026-09-06T15:02:00,79430.80,0,0,SHADOW,SHADOW,,,6.1927,9.9839
2026-09-06T15:03:00,79444.10,0,0,SHADOW,SHADOW,,,6.1927,9.9839
2026-09-06T15:04:00,79499.90,0,0,SHADOW,SHADOW,,,6.1927,9.9839
2026-09-06T15:05:00,79534.40,0,0,SHADOW,SHADOW,,,6.1927,9.9839
2026-09-06T15:06:00,79497.60,0,0,SHADOW,SHADOW,,,6.1927,9.9839
2026-09-06T15:07:00,79508.00,0,0,SHADOW,SHADOW,,,6.1927,9.9839
2026-09-06T15:08:00,79504.10,0,0,SHADOW,SHADOW,,,6.1927,9.9839
2026-09-06T15:09:00,79488.00,0,0,SHADOW,SHADOW,,,6.1927,9.9839
2026-09-06T15:10:00,79537.90,0,0,SHADOW,SHADOW,,,6.1927,9.9839
2026-09-06T15:11:00,79480.00,0,0,SHADOW,SHADOW,,,6.1927,9.9839
2026-09-06T15:12:00,79496.00,0,0,SHADOW,SHADOW,,,6.1927,9.9839
2026-09-06T15:13:00,79483.40,0,0,SHADOW,SHADOW,,,6.1927,9.9839
2026-09-06T15:14:00,79508.40,0,0,SHADOW,SHADOW,,,6.1927,9.9839
2026-09-06T15:15:00,79554.40,0,0,SHADOW,SHADOW,,,6.1927,9.9839
2026-09-06T15:16:00,79576.90,0,0,SHADOW,SHADOW,,,6.1927,9.9839
2026-09-06T15:17:00,79544.90,0,0,SHADOW,SHADOW,,,6.1927,9.9839
2026-09-06T15:18:00,79550.00,0,0,SHADOW,SHADOW,,,6.1927,9.9839
2026-09-06T15:19:00,79562.00,0,0,SHADOW,SHADOW,,,6.1927,9.9839
2026-09-06T15:20:00,79586.80,0,0,SHADOW,SHADOW,,,6.1927,9.9839
2026-09-06T15:21:00,79603.30,0,0,SHADOW,SHADOW,,,6.1927,9.9839
2026-09-06T15:22:00,79580.80,0,0,SHADOW,SHADOW,,,6.1927,9.9839
2026-09-06T15:23:00,79590.00,0,0,SHADOW,SHADOW,,,6.1927,9.9839
2026-09-06T15:24:00,79607.50,0,0,SHADOW,SHADOW,,,6.1927,9.9839
2026-09-06T15:25:00,79609.90,0,0,SHADOW,SHADOW,,,6.1927,9.9839
2026-09-06T15:26:00,79590.00,0,0,SHADOW,SHADOW,,,6.1927,9.9839
2026-09-06T15:27:00,79594.50,0,0,SHADOW,SHADOW,,,6.1927,9.9839
2026-09-06T15:28:00,79588.40,0,0,SHADOW,SHADOW,,,6.1927,9.9839
2026-09-06T15:29:00,79601.40,0,0,SHADOW,SHADOW,,,6.1927,9.9839
2026-09-06T15:30:00,79617.70,0,0,SHADOW,SHADOW,,,6.1927,9.9839
2026-09-06T15:31:00,79598.80,0,0,SHADOW,SHADOW,,,6.1927,9.9839
2026-09-06T15:32:00,79574.70,0,0,SHADOW,SHADOW,,,6.1927,9.9839
2026-09-06T15:33:00,79569.90,0,0,SHADOW,SHADOW,,,6.1927,9.9839
2026-09-06T15:34:00,79606.70,0,0,SHADOW,SHADOW,,,6.1927,9.9839
2026-09-06T15:35:00,79588.00,0,0,SHADOW,SHADOW,,,6.1927,9.9839
2026-09-06T15:36:00,79599.90,0,0,SHADOW,SHADOW,,,6.1927,9.9839
2026-09-06T15:37:00,79651.90,0,0,SHADOW,SHADOW,,,6.1927,9.9839
2026-09-06T15:38:00,79663.00,0,0,SHADOW,SHADOW,,,6.1927,9.9839
2026-09-06T15:39:00,79653.10,0,0,SHADOW,SHADOW,,,6.1927,9.9839
2026-09-06T15:40:00,79673.90,0,0,SHADOW,SHADOW,,,6.1927,9.9839
2026-09-06T15:41:00,79663.70,0,0,SHADOW,SHADOW,,,6.1927,9.9839
2026-09-06T15:42:00,79665.50,0,0,SHADOW,SHADOW,,,6.1927,9.9839
2026-09-06T15:43:00,79650.00,0,0,SHADOW,SHADOW,,,6.1927,9.9839
2026-09-06T15:44:00,79653.30,0,0,SHADOW,SHADOW,,,6.1927,9.9839
2026-09-06T15:45:00,79653.30,0,0,SHADOW,SHADOW,,,6.1927,9.9839
2026-09-06T15:46:00,79653.90,0,0,SHADOW,SHADOW,,,6.1927,9.9839
2026-09-06T15:47:00,79654.10,0,0,SHADOW,SHADOW,,,6.1927,9.9839
2026-09-06T15:48:00,79672.60,0,0,SHADOW,SHADOW,,,6.1927,9.9839
2026-09-06T15:49:00,79662.50,0,0,SHADOW,SHADOW,,,6.1927,9.9839
2026-09-06T15:50:00,79660.00,0,0,SHADOW,SHADOW,,,6.1927,9.9839
2026-09-06T15:51:00,79680.10,0,0,SHADOW,SHADOW,,,6.1927,9.9839
2026-09-06T15:52:00,79680.00,0,0,SHADOW,SHADOW,,,6.1927,9.9839
2026-09-06T15:53:00,79695.00,0,0,SHADOW,SHADOW,,,6.1927,9.9839
2026-09-06T15:54:00,79628.50,0,0,SHADOW,SHADOW,,,6.1927,9.9839
2026-09-06T15:55:00,79628.70,0,0,SHADOW,SHADOW,,,6.1927,9.9839
2026-09-06T15:56:00,79649.90,0,0,SHADOW,SHADOW,,,6.1927,9.9839
2026-09-06T15:57:00,79658.50,0,0,SHADOW,SHADOW,,,6.1927,9.9839
2026-09-06T15:58:00,79686.00,0,0,SHADOW,SHADOW,,,6.1927,9.9839
2026-09-06T15:59:00,79677.80,0,0,SHADOW,SHADOW,,,6.1927,9.9839
2026-09-06T16:00:00,79682.00,0,0,SHADOW,SHADOW,,,6.1927,9.9839
2026-09-06T16:01:00,79665.00,0,0,SHADOW,SHADOW,,,6.1927,9.9839
2026-09-06T16:02:00,79641.70,0,0,SHADOW,SHADOW,,,6.1927,9.9839
2026-09-06T16:03:00,79616.90,0,0,SHADOW,SHADOW,,,6.1927,9.9839
2026-09-06T16:04:00,79566.60,0,0,SHADOW,SHADOW,,,6.1927,9.9839
2026-09-06T16:05:00,79609.90,0,0,SHADOW,SHADOW,,,6.1927,9.9839
2026-09-06T16:06:00,79606.70,0,0,SHADOW,SHADOW,,,6.1927,9.9839
2026-09-06T16:07:00,79598.30,0,0,SHADOW,SHADOW,,,6.1927,9.9839
2026-09-06T16:08:00,79582.40,0,0,SHADOW,SHADOW,,,6.1927,9.9839
2026-09-06T16:09:00,79594.80,0,0,SHADOW,SHADOW,,,6.1927,9.9839
2026-09-06T16:10:00,79626.50,0,0,SHADOW,SHADOW,,,6.1927,9.9839
2026-09-06T16:11:00,79683.90,0,0,SHADOW,SHADOW,,,6.1927,9.9839
2026-09-06T16:12:00,79703.30,0,0,SHADOW,SHADOW,,,6.1927,9.9839
2026-09-06T16:13:00,79655.80,0,0,SHADOW,SHADOW,,,6.1927,9.9839
2026-09-06T16:14:00,79658.30,0,0,SHADOW,SHADOW,,,6.1927,9.9839
2026-09-06T16:15:00,79651.40,0,0,SHADOW,SHADOW,,,6.1927,9.9839
2026-09-06T16:16:00,79672.30,0,0,SHADOW,SHADOW,,,6.1927,9.9839
2026-09-06T16:17:00,79666.30,0,0,SHADOW,SHADOW,,,6.1927,9.9839
2026-09-06T16:18:00,79654.10,0,0,SHADOW,SHADOW,,,6.1927,9.9839
2026-09-06T16:19:00,79674.10,0,0,SHADOW,SHADOW,,,6.1927,9.9839
2026-09-06T16:20:00,79643.40,0,0,SHADOW,SHADOW,,,6.1927,9.9839
2026-09-06T16:21:00,79652.00,0,0,SHADOW,SHADOW,,,6.1927,9.9839
2026-09-06T16:22:00,79650.90,0,0,SHADOW,SHADOW,,,6.1927,9.9839
2026-09-06T16:23:00,79635.60,0,0,SHADOW,SHADOW,,,6.1927,9.9839
2026-09-06T16:24:00,79616.70,0,0,SHADOW,SHADOW,,,6.1927,9.9839
2026-09-06T16:25:00,79605.20,0,0,SHADOW,SHADOW,,,6.1927,9.9839
2026-09-06T16:26:00,79655.20,0,0,SHADOW,SHADOW,,,6.1927,9.9839
2026-09-06T16:27:00,79641.70,0,0,SHADOW,SHADOW,,,6.1927,9.9839
2026-09-06T16:28:00,79691.70,0,0,SHADOW,SHADOW,,,6.1927,9.9839
2026-09-06T16:29:00,79684.30,0,0,SHADOW,SHADOW,,,6.1927,9.9839
2026-09-06T16:30:00,79662.50,0,0,SHADOW,SHADOW,,,6.1927,9.9839
2026-09-06T16:31:00,79668.00,0,0,SHADOW,SHADOW,,,6.1927,9.9839
2026-09-06T16:32:00,79730.00,0,0,SHADOW,SHADOW,,,6.1927,9.9839
2026-09-06T16:33:00,79720.10,0,0,SHADOW,SHADOW,,,6.1927,9.9839
2026-09-06T16:34:00,79734.80,0,0,SHADOW,SHADOW,,,6.1927,9.9839
2026-09-06T16:35:00,79680.30,0,0,SHADOW,SHADOW,,,6.1927,9.9839
2026-09-06T16:36:00,79680.30,0,0,SHADOW,SHADOW,,,6.1927,9.9839
2026-09-06T16:37:00,79673.40,0,0,SHADOW,SHADOW,,,6.1927,9.9839
2026-09-06T16:38:00,79688.30,0,0,SHADOW,SHADOW,,,6.1927,9.9839
2026-09-06T16:39:00,79683.60,0,0,SHADOW,SHADOW,,,6.1927,9.9839
2026-09-06T16:40:00,79704.10,0,0,SHADOW,SHADOW,,,6.1927,9.9839
2026-09-06T16:41:00,79701.10,0,0,SHADOW,SHADOW,,,6.1927,9.9839
2026-09-06T16:42:00,79674.10,0,0,SHADOW,SHADOW,,,6.1927,9.9839
2026-09-06T16:43:00,79657.50,0,0,SHADOW,SHADOW,,,6.1927,9.9839
2026-09-06T16:44:00,79690.40,0,0,SHADOW,SHADOW,,,6.1927,9.9839
2026-09-06T16:45:00,79661.80,0,0,SHADOW,SHADOW,,,6.1927,9.9839
2026-09-06T16:46:00,79664.90,0,0,SHADOW,SHADOW,,,6.1927,9.9839
2026-09-06T16:47:00,79660.00,0,0,SHADOW,SHADOW,,,6.1927,9.9839
2026-09-06T16:48:00,79660.10,0,0,SHADOW,SHADOW,,,6.1927,9.9839
2026-09-06T16:49:00,79657.40,0,0,SHADOW,SHADOW,,,6.1927,9.9839
2026-09-06T16:50:00,79672.30,0,0,SHADOW,SHADOW,,,6.1927,9.9839
2026-09-06T16:51:00,79672.20,0,0,SHADOW,SHADOW,,,6.1927,9.9839
2026-09-06T16:52:00,79672.30,0,0,SHADOW,SHADOW,,,6.1927,9.9839
2026-09-06T16:53:00,79682.90,0,0,SHADOW,SHADOW,,,6.1927,9.9839
2026-09-06T16:54:00,79651.40,0,0,SHADOW,SHADOW,,,6.1927,9.9839
2026-09-06T16:55:00,79654.70,0,0,SHADOW,SHADOW,,,6.1927,9.9839
2026-09-06T16:56:00,79626.50,0,0,SHADOW,SHADOW,,,6.1927,9.9839
2026-09-06T16:57:00,79613.70,0,0,SHADOW,SHADOW,,,6.1927,9.9839
2026-09-06T16:58:00,79633.60,0,0,SHADOW,SHADOW,,,6.1927,9.9839
2026-09-06T16:59:00,79649.90,0,0,SHADOW,SHADOW,,,6.1927,9.9839
2026-09-06T17:00:00,79632.80,0,0,SHADOW,SHADOW,,,6.1927,9.9839
2026-09-06T17:01:00,79638.20,0,0,SHADOW,SHADOW,,,6.1927,9.9839
2026-09-06T17:02:00,79629.10,0,0,SHADOW,SHADOW,,,6.1927,9.9839
2026-09-06T17:03:00,79628.90,0,0,SHADOW,SHADOW,,,6.1927,9.9839
2026-09-06T17:04:00,79616.50,0,0,SHADOW,SHADOW,,,6.1927,9.9839
2026-09-06T17:05:00,79616.20,0,0,SHADOW,SHADOW,,,6.1927,9.9839
2026-09-06T17:06:00,79619.60,0,0,SHADOW,SHADOW,,,6.1927,9.9839
2026-09-06T17:07:00,79628.60,0,0,SHADOW,SHADOW,,,6.1927,9.9839
2026-09-06T17:08:00,79592.30,0,0,SHADOW,SHADOW,,,6.1927,9.9839
2026-09-06T17:09:00,79556.10,0,0,SHADOW,SHADOW,,,6.1927,9.9839
2026-09-06T17:10:00,79572.50,0,0,SHADOW,SHADOW,,,6.1927,9.9839
2026-09-06T17:11:00,79588.00,0,0,SHADOW,SHADOW,,,6.1927,9.9839
2026-09-06T17:12:00,79573.40,0,0,SHADOW,SHADOW,,,6.1927,9.9839
2026-09-06T17:13:00,79588.80,0,0,SHADOW,SHADOW,,,6.1927,9.9839
2026-09-06T17:14:00,79599.90,0,0,SHADOW,SHADOW,,,6.1927,9.9839
2026-09-06T17:15:00,79606.00,0,0,SHADOW,SHADOW,,,6.1927,9.9839
2026-09-06T17:16:00,79635.50,0,0,SHADOW,SHADOW,,,6.1927,9.9839
2026-09-06T17:17:00,79644.60,0,0,SHADOW,SHADOW,,,6.1927,9.9839
2026-09-06T17:18:00,79668.00,0,0,SHADOW,SHADOW,,,6.1927,9.9839
2026-09-06T17:19:00,79699.90,0,0,SHADOW,SHADOW,,,6.1927,9.9839
2026-09-06T17:20:00,79654.90,0,0,SHADOW,SHADOW,,,6.1927,9.9839
2026-09-06T17:21:00,79666.90,0,0,SHADOW,SHADOW,,,6.1927,9.9839
2026-09-06T17:22:00,79676.00,0,0,SHADOW,SHADOW,,,6.1927,9.9839
2026-09-06T17:23:00,79689.10,0,0,SHADOW,SHADOW,,,6.1927,9.9839
2026-09-06T17:24:00,79695.10,0,0,SHADOW,SHADOW,,,6.1927,9.9839
2026-09-06T17:25:00,79708.80,0,0,SHADOW,SHADOW,,,6.1927,9.9839
2026-09-06T17:26:00,79696.20,0,0,SHADOW,SHADOW,,,6.1927,9.9839
2026-09-06T17:27:00,79667.50,0,0,SHADOW,SHADOW,,,6.1927,9.9839
2026-09-06T17:28:00,79659.20,0,0,SHADOW,SHADOW,,,6.1927,9.9839
2026-09-06T17:29:00,79659.40,0,0,SHADOW,SHADOW,,,6.1927,9.9839
2026-09-06T17:30:00,79643.40,0,0,SHADOW,SHADOW,,,6.1927,9.9839
2026-09-06T17:31:00,79651.60,0,0,SHADOW,SHADOW,,,6.1927,9.9839
2026-09-06T17:32:00,79690.10,0,0,SHADOW,SHADOW,,,6.1927,9.9839
2026-09-06T17:33:00,79726.70,0,0,SHADOW,SHADOW,,,6.1927,9.9839
2026-09-06T17:34:00,79675.20,0,0,SHADOW,SHADOW,,,6.1927,9.9839
2026-09-06T17:35:00,79681.40,0,0,SHADOW,SHADOW,,,6.1927,9.9839
2026-09-06T17:36:00,79704.10,0,0,SHADOW,SHADOW,,,6.1927,9.9839
2026-09-06T17:37:00,79715.00,0,0,SHADOW,SHADOW,,,6.1927,9.9839
2026-09-06T17:38:00,79699.00,0,0,SHADOW,SHADOW,,,6.1927,9.9839
2026-09-06T17:39:00,79717.70,0,0,SHADOW,SHADOW,,,6.1927,9.9839
2026-09-06T17:40:00,79707.70,0,0,SHADOW,SHADOW,,,6.1927,9.9839
2026-09-06T17:41:00,79721.70,0,0,SHADOW,SHADOW,,,6.1927,9.9839
2026-09-06T17:42:00,79715.40,0,0,SHADOW,SHADOW,,,6.1927,9.9839
2026-09-06T17:43:00,79711.80,0,0,SHADOW,SHADOW,,,6.1927,9.9839
2026-09-06T17:44:00,79706.00,0,0,SHADOW,SHADOW,,,6.1927,9.9839
2026-09-06T17:45:00,79704.40,0,0,SHADOW,SHADOW,,,6.1927,9.9839
2026-09-06T17:46:00,79706.20,0,0,SHADOW,SHADOW,,,6.1927,9.9839
2026-09-06T17:47:00,79707.90,0,0,SHADOW,SHADOW,,,6.1927,9.9839
2026-09-06T17:48:00,79706.20,0,0,SHADOW,SHADOW,,,6.1927,9.9839
2026-09-06T17:49:00,79714.20,0,0,SHADOW,SHADOW,,,6.1927,9.9839
2026-09-06T17:50:00,79707.30,0,0,SHADOW,SHADOW,,,6.1927,9.9839
2026-09-06T17:51:00,79727.20,0,0,SHADOW,SHADOW,,,6.1927,9.9839
2026-09-06T17:52:00,79704.40,0,0,SHADOW,SHADOW,,,6.1927,9.9839
2026-09-06T17:53:00,79708.90,0,0,SHADOW,SHADOW,,,6.1927,9.9839
2026-09-06T17:54:00,79711.60,0,0,SHADOW,SHADOW,,,6.1927,9.9839
2026-09-06T17:55:00,79706.30,0,0,SHADOW,SHADOW,,,6.1927,9.9839
2026-09-06T17:56:00,79720.00,0,0,SHADOW,SHADOW,,,6.1927,9.9839
2026-09-06T17:57:00,79734.90,0,0,SHADOW,SHADOW,,,6.1927,9.9839
2026-09-06T17:58:00,79699.30,0,0,SHADOW,SHADOW,,,6.1927,9.9839
2026-09-06T17:59:00,79708.00,0,0,SHADOW,SHADOW,,,6.1927,9.9839
2026-09-06T18:00:00,79723.70,0,0,SHADOW,SHADOW,,,6.1927,9.9839
2026-09-06T18:01:00,79721.80,0,0,SHADOW,SHADOW,,,6.1927,9.9839
2026-09-06T18:02:00,79749.90,0,0,SHADOW,SHADOW,,,6.1927,9.9839
2026-09-06T18:03:00,79748.30,0,0,SHADOW,SHADOW,,,6.1927,9.9839
2026-09-06T18:04:00,79744.90,0,0,SHADOW,SHADOW,,,6.1927,9.9839
2026-09-06T18:05:00,79789.10,0,0,SHADOW,SHADOW,,,6.1927,9.9839
2026-09-06T18:06:00,79772.60,0,0,SHADOW,SHADOW,,,6.1927,9.9839
2026-09-06T18:07:00,79808.50,0,0,SHADOW,SHADOW,,,6.1927,9.9839
2026-09-06T18:08:00,79796.20,0,0,SHADOW,SHADOW,,,6.1927,9.9839
2026-09-06T18:09:00,79801.20,0,0,SHADOW,SHADOW,,,6.1927,9.9839
2026-09-06T18:10:00,79796.20,0,0,SHADOW,SHADOW,,,6.1927,9.9839
2026-09-06T18:11:00,79791.50,0,0,SHADOW,SHADOW,,,6.1927,9.9839
2026-09-06T18:12:00,79828.60,0,0,SHADOW,SHADOW,,,6.1927,9.9839
2026-09-06T18:13:00,79828.60,0,0,SHADOW,SHADOW,,,6.1927,9.9839
2026-09-06T18:14:00,79804.10,0,0,SHADOW,SHADOW,,,6.1927,9.9839
2026-09-06T18:15:00,79793.90,0,0,SHADOW,SHADOW,,,6.1927,9.9839
2026-09-06T18:16:00,79824.90,0,0,SHADOW,SHADOW,,,6.1927,9.9839
2026-09-06T18:17:00,79835.50,0,0,SHADOW,SHADOW,,,6.1927,9.9839
2026-09-06T18:18:00,79819.40,0,0,SHADOW,SHADOW,,,6.1927,9.9839
2026-09-06T18:19:00,79827.00,0,0,SHADOW,SHADOW,,,6.1927,9.9839
2026-09-06T18:20:00,79859.10,0,0,SHADOW,SHADOW,,,6.1927,9.9839
2026-09-06T18:21:00,79858.40,0,0,SHADOW,SHADOW,,,6.1927,9.9839
2026-09-06T18:22:00,79862.10,0,0,SHADOW,SHADOW,,,6.1927,9.9839
2026-09-06T18:23:00,79851.00,0,0,SHADOW,SHADOW,,,6.1927,9.9839
2026-09-06T18:24:00,79858.40,0,0,SHADOW,SHADOW,,,6.1927,9.9839
2026-09-06T18:25:00,79850.00,0,0,SHADOW,SHADOW,,,6.1927,9.9839
2026-09-06T18:26:00,79841.70,0,0,SHADOW,SHADOW,,,6.1927,9.9839
2026-09-06T18:27:00,79844.50,0,0,SHADOW,SHADOW,,,6.1927,9.9839
2026-09-06T18:28:00,79852.90,0,0,SHADOW,SHADOW,,,6.1927,9.9839
2026-09-06T18:29:00,79884.10,0,0,SHADOW,SHADOW,,,6.1927,9.9839
2026-09-06T18:30:00,79884.00,0,0,SHADOW,SHADOW,,,6.1927,9.9839
2026-09-06T18:31:00,79898.00,0,0,SHADOW,SHADOW,,,6.1927,9.9839
2026-09-06T18:32:00,79914.70,0,0,SHADOW,SHADOW,,,6.1927,9.9839
2026-09-06T18:33:00,79908.70,0,0,SHADOW,SHADOW,,,6.1927,9.9839
2026-09-06T18:34:00,79895.70,0,0,SHADOW,SHADOW,,,6.1927,9.9839
2026-09-06T18:35:00,79916.20,0,0,SHADOW,SHADOW,,,6.1927,9.9839
2026-09-06T18:36:00,79910.50,0,0,SHADOW,SHADOW,,,6.1927,9.9839
2026-09-06T18:37:00,79910.70,0,0,SHADOW,SHADOW,,,6.1927,9.9839
2026-09-06T18:38:00,79915.90,0,0,SHADOW,SHADOW,,,6.1927,9.9839
2026-09-06T18:39:00,79910.50,0,0,SHADOW,SHADOW,,,6.1927,9.9839
2026-09-06T18:40:00,79927.10,0,0,SHADOW,SHADOW,,,6.1927,9.9839
2026-09-06T18:41:00,79916.10,0,0,SHADOW,SHADOW,,,6.1927,9.9839
2026-09-06T18:42:00,79900.90,0,0,SHADOW,SHADOW,,,6.1927,9.9839
2026-09-06T18:43:00,79909.10,0,0,SHADOW,SHADOW,,,6.1927,9.9839
2026-09-06T18:44:00,79916.00,0,0,SHADOW,SHADOW,,,6.1927,9.9839
2026-09-06T18:45:00,79896.70,0,0,SHADOW,SHADOW,,,6.1927,9.9839
2026-09-06T18:46:00,79893.80,0,0,SHADOW,SHADOW,,,6.1927,9.9839
2026-09-06T18:47:00,79875.80,0,0,SHADOW,SHADOW,,,6.1927,9.9839
2026-09-06T18:48:00,79887.30,0,0,SHADOW,SHADOW,,,6.1927,9.9839
2026-09-06T18:49:00,79887.90,0,0,SHADOW,SHADOW,,,6.1927,9.9839
2026-09-06T18:50:00,79877.50,0,0,SHADOW,SHADOW,,,6.1927,9.9839
2026-09-06T18:51:00,79909.30,0,0,SHADOW,SHADOW,,,6.1927,9.9839
2026-09-06T18:52:00,79888.10,0,0,SHADOW,SHADOW,,,6.1927,9.9839
2026-09-06T18:53:00,79887.10,0,0,SHADOW,SHADOW,,,6.1927,9.9839
2026-09-06T18:54:00,79887.10,0,0,SHADOW,SHADOW,,,6.1927,9.9839
2026-09-06T18:55:00,79887.10,0,0,SHADOW,SHADOW,,,6.1927,9.9839
2026-09-06T18:56:00,79889.90,0,0,SHADOW,SHADOW,,,6.1927,9.9839
2026-09-06T18:57:00,79884.10,0,0,SHADOW,SHADOW,,,6.1927,9.9839
2026-09-06T18:58:00,79927.90,0,0,SHADOW,SHADOW,,,6.1927,9.9839
2026-09-06T18:59:00,79912.10,0,0,SHADOW,SHADOW,,,6.1927,9.9839
2026-09-06T19:00:00,79876.30,0,0,SHADOW,SHADOW,,,6.1927,9.9839
2026-09-06T19:01:00,79874.60,0,0,SHADOW,SHADOW,,,6.1927,9.9839
2026-09-06T19:02:00,79864.80,0,0,SHADOW,SHADOW,,,6.1927,9.9839
2026-09-06T19:03:00,79859.20,0,0,SHADOW,SHADOW,,,6.1927,9.9839
2026-09-06T19:04:00,79864.00,0,0,SHADOW,SHADOW,,,6.1927,9.9839
2026-09-06T19:05:00,79864.00,0,0,SHADOW,SHADOW,,,6.1927,9.9839
2026-09-06T19:06:00,79838.30,0,0,SHADOW,SHADOW,,,6.1927,9.9839
2026-09-06T19:07:00,79834.30,0,0,SHADOW,SHADOW,,,6.1927,9.9839
2026-09-06T19:08:00,79834.60,0,0,SHADOW,SHADOW,,,6.1927,9.9839
2026-09-06T19:09:00,79838.30,0,0,SHADOW,SHADOW,,,6.1927,9.9839
2026-09-06T19:10:00,79826.40,0,0,SHADOW,SHADOW,,,6.1927,9.9839
2026-09-06T19:11:00,79835.20,0,0,SHADOW,SHADOW,,,6.1927,9.9839
2026-09-06T19:12:00,79837.60,0,0,SHADOW,SHADOW,,,6.1927,9.9839
2026-09-06T19:13:00,79837.50,0,0,SHADOW,SHADOW,,,6.1927,9.9839
2026-09-06T19:14:00,79833.50,0,0,SHADOW,SHADOW,,,6.1927,9.9839
2026-09-06T19:15:00,79833.60,0,0,SHADOW,SHADOW,,,6.1927,9.9839
2026-09-06T19:16:00,79833.50,0,0,SHADOW,SHADOW,,,6.1927,9.9839
2026-09-06T19:17:00,79833.60,0,0,SHADOW,SHADOW,,,6.1927,9.9839
2026-09-06T19:18:00,79820.70,0,0,SHADOW,SHADOW,,,6.1927,9.9839
2026-09-06T19:19:00,79820.70,0,0,SHADOW,SHADOW,,,6.1927,9.9839
2026-09-06T19:20:00,79820.60,0,0,SHADOW,SHADOW,,,6.1927,9.9839
2026-09-06T19:21:00,79795.10,0,0,SHADOW,SHADOW,,,6.1927,9.9839
2026-09-06T19:22:00,79791.10,0,0,SHADOW,SHADOW,,,6.1927,9.9839
2026-09-06T19:23:00,79818.40,0,0,SHADOW,SHADOW,,,6.1927,9.9839
2026-09-06T19:24:00,79827.30,0,0,SHADOW,SHADOW,,,6.1927,9.9839
2026-09-06T19:25:00,79826.20,0,0,SHADOW,SHADOW,,,6.1927,9.9839
2026-09-06T19:26:00,79826.20,0,0,SHADOW,SHADOW,,,6.1927,9.9839
2026-09-06T19:27:00,79813.00,0,0,SHADOW,SHADOW,,,6.1927,9.9839
2026-09-06T19:28:00,79808.70,0,0,SHADOW,SHADOW,,,6.1927,9.9839
2026-09-06T19:29:00,79815.20,0,0,SHADOW,SHADOW,,,6.1927,9.9839
2026-09-06T19:30:00,79804.20,0,0,SHADOW,SHADOW,,,6.1927,9.9839
2026-09-06T19:31:00,79800.30,0,0,SHADOW,SHADOW,,,6.1927,9.9839
2026-09-06T19:32:00,79800.40,0,0,SHADOW,SHADOW,,,6.1927,9.9839
2026-09-06T19:33:00,79800.30,0,0,SHADOW,SHADOW,,,6.1927,9.9839
2026-09-06T19:34:00,79800.40,0,0,SHADOW,SHADOW,,,6.1927,9.9839
2026-09-06T19:35:00,79780.40,0,0,SHADOW,SHADOW,,,6.1927,9.9839
2026-09-06T19:36:00,79780.30,0,0,SHADOW,SHADOW,,,6.1927,9.9839
2026-09-06T19:37:00,79775.80,0,0,SHADOW,SHADOW,,,6.1927,9.9839
2026-09-06T19:38:00,79780.30,0,0,SHADOW,SHADOW,,,6.1927,9.9839
2026-09-06T19:39:00,79777.60,0,0,SHADOW,SHADOW,,,6.1927,9.9839
2026-09-06T19:40:00,79770.00,0,0,SHADOW,SHADOW,,,6.1927,9.9839
2026-09-06T19:41:00,79772.50,0,0,SHADOW,SHADOW,,,6.1927,9.9839
2026-09-06T19:42:00,79782.00,0,0,SHADOW,SHADOW,,,6.1927,9.9839
2026-09-06T19:43:00,79773.20,0,0,SHADOW,SHADOW,,,6.1927,9.9839
2026-09-06T19:44:00,79773.20,0,0,SHADOW,SHADOW,,,6.1927,9.9839
2026-09-06T19:45:00,79782.20,0,0,SHADOW,SHADOW,,,6.1927,9.9839
2026-09-06T19:46:00,79782.10,0,0,SHADOW,SHADOW,,,6.1927,9.9839
2026-09-06T19:47:00,79788.00,0,0,SHADOW,SHADOW,,,6.1927,9.9839
2026-09-06T19:48:00,79788.00,0,0,SHADOW,SHADOW,,,6.1927,9.9839
2026-09-06T19:49:00,79788.00,0,0,SHADOW,SHADOW,,,6.1927,9.9839
2026-09-06T19:50:00,79788.00,0,0,SHADOW,SHADOW,,,6.1927,9.9839
2026-09-06T19:51:00,79788.00,0,0,SHADOW,SHADOW,,,6.1927,9.9839
2026-09-06T19:52:00,79787.90,0,0,SHADOW,SHADOW,,,6.1927,9.9839
2026-09-06T19:53:00,79787.90,0,0,SHADOW,SHADOW,,,6.1927,9.9839
2026-09-06T19:54:00,79787.90,0,0,SHADOW,SHADOW,,,6.1927,9.9839
2026-09-06T19:55:00,79787.80,0,0,SHADOW,SHADOW,,,6.1927,9.9839
2026-09-06T19:56:00,79782.20,0,0,SHADOW,SHADOW,,,6.1927,9.9839
2026-09-06T19:57:00,79772.50,0,0,SHADOW,SHADOW,,,6.1927,9.9839
2026-09-06T19:58:00,79767.20,0,0,SHADOW,SHADOW,,,6.1927,9.9839
2026-09-06T19:59:00,79804.70,0,0,SHADOW,SHADOW,,,6.1927,9.9839
2026-09-06T20:00:00,79784.30,0,0,SHADOW,SHADOW,,,6.1927,9.9839
2026-09-06T20:01:00,79782.40,0,0,SHADOW,SHADOW,,,6.1927,9.9839
2026-09-06T20:02:00,79789.10,0,0,SHADOW,SHADOW,,,6.1927,9.9839
2026-09-06T20:03:00,79789.90,0,0,SHADOW,SHADOW,,,6.1927,9.9839
2026-09-06T20:04:00,79766.10,0,0,SHADOW,SHADOW,,,6.1927,9.9839
2026-09-06T20:05:00,79770.20,0,0,SHADOW,SHADOW,,,6.1927,9.9839
2026-09-06T20:06:00,79766.20,0,0,SHADOW,SHADOW,,,6.1927,9.9839
2026-09-06T20:07:00,79751.70,0,0,SHADOW,SHADOW,,,6.1927,9.9839
2026-09-06T20:08:00,79740.70,0,0,SHADOW,SHADOW,,,6.1927,9.9839
2026-09-06T20:09:00,79750.30,0,0,SHADOW,SHADOW,,,6.1927,9.9839
2026-09-06T20:10:00,79759.10,0,0,SHADOW,SHADOW,,,6.1927,9.9839
2026-09-06T20:11:00,79759.20,0,0,SHADOW,SHADOW,,,6.1927,9.9839
2026-09-06T20:12:00,79761.30,0,0,SHADOW,SHADOW,,,6.1927,9.9839
2026-09-06T20:13:00,79770.20,0,0,SHADOW,SHADOW,,,6.1927,9.9839
2026-09-06T20:14:00,79786.00,0,0,SHADOW,SHADOW,,,6.1927,9.9839
2026-09-06T20:15:00,79786.00,0,0,SHADOW,SHADOW,,,6.1927,9.9839
2026-09-06T20:16:00,79786.00,0,0,SHADOW,SHADOW,,,6.1927,9.9839
2026-09-06T20:17:00,79785.90,0,0,SHADOW,SHADOW,,,6.1927,9.9839
2026-09-06T20:18:00,79773.00,0,0,SHADOW,SHADOW,,,6.1927,9.9839
2026-09-06T20:19:00,79809.40,0,0,SHADOW,SHADOW,,,6.1927,9.9839
2026-09-06T20:20:00,79859.60,0,0,SHADOW,SHADOW,,,6.1927,9.9839
2026-09-06T20:21:00,79883.20,0,0,SHADOW,SHADOW,,,6.1927,9.9839
2026-09-06T20:22:00,79880.00,0,0,SHADOW,SHADOW,,,6.1927,9.9839
2026-09-06T20:23:00,79914.10,0,0,SHADOW,SHADOW,,,6.1927,9.9839
2026-09-06T20:24:00,79883.20,0,0,SHADOW,SHADOW,,,6.1927,9.9839
2026-09-06T20:25:00,79895.00,0,0,SHADOW,SHADOW,,,6.1927,9.9839
2026-09-06T20:26:00,79883.50,0,0,SHADOW,SHADOW,,,6.1927,9.9839
2026-09-06T20:27:00,79883.60,0,0,SHADOW,SHADOW,,,6.1927,9.9839
2026-09-06T20:28:00,79889.50,0,0,SHADOW,SHADOW,,,6.1927,9.9839
2026-09-06T20:29:00,79893.40,0,0,SHADOW,SHADOW,,,6.1927,9.9839
2026-09-06T20:30:00,79893.40,0,0,SHADOW,SHADOW,,,6.1927,9.9839
2026-09-06T20:31:00,79905.50,0,0,SHADOW,SHADOW,,,6.1927,9.9839
2026-09-06T20:32:00,79914.40,0,0,SHADOW,SHADOW,,,6.1927,9.9839
2026-09-06T20:33:00,79913.50,0,0,SHADOW,SHADOW,,,6.1927,9.9839
2026-09-06T20:34:00,79913.50,0,0,SHADOW,SHADOW,,,6.1927,9.9839
2026-09-06T20:35:00,79899.30,0,0,SHADOW,SHADOW,,,6.1927,9.9839
2026-09-06T20:36:00,79932.00,0,0,SHADOW,SHADOW,,,6.1927,9.9839
2026-09-06T20:37:00,79903.30,0,0,SHADOW,SHADOW,,,6.1927,9.9839
2026-09-06T20:38:00,79896.00,0,0,SHADOW,SHADOW,,,6.1927,9.9839
2026-09-06T20:39:00,79902.80,0,0,SHADOW,SHADOW,,,6.1927,9.9839
2026-09-06T20:40:00,79873.90,0,0,SHADOW,SHADOW,,,6.1927,9.9839
2026-09-06T20:41:00,79875.00,0,0,SHADOW,SHADOW,,,6.1927,9.9839
2026-09-06T20:42:00,79872.10,0,0,SHADOW,SHADOW,,,6.1927,9.9839
2026-09-06T20:43:00,79888.60,0,0,SHADOW,SHADOW,,,6.1927,9.9839
2026-09-06T20:44:00,79913.10,0,0,SHADOW,SHADOW,,,6.1927,9.9839
2026-09-06T20:45:00,79924.10,0,0,SHADOW,SHADOW,,,6.1927,9.9839
2026-09-06T20:46:00,79936.00,0,0,SHADOW,SHADOW,,,6.1927,9.9839
2026-09-06T20:47:00,79898.30,0,0,SHADOW,SHADOW,,,6.1927,9.9839
2026-09-06T20:48:00,79889.40,0,0,SHADOW,SHADOW,,,6.1927,9.9839
2026-09-06T20:49:00,79895.90,0,0,SHADOW,SHADOW,,,6.1927,9.9839
2026-09-06T20:50:00,79895.40,0,0,SHADOW,SHADOW,,,6.1927,9.9839
2026-09-06T20:51:00,79908.80,0,0,SHADOW,SHADOW,,,6.1927,9.9839
2026-09-06T20:52:00,79872.00,0,0,SHADOW,SHADOW,,,6.1927,9.9839
2026-09-06T20:53:00,79860.70,0,0,SHADOW,SHADOW,,,6.1927,9.9839
2026-09-06T20:54:00,79860.60,0,0,SHADOW,SHADOW,,,6.1927,9.9839
2026-09-06T20:55:00,79860.60,0,0,SHADOW,SHADOW,,,6.1927,9.9839
2026-09-06T20:56:00,79854.00,0,0,SHADOW,SHADOW,,,6.1927,9.9839
2026-09-06T20:57:00,79859.90,0,0,SHADOW,SHADOW,,,6.1927,9.9839
2026-09-06T20:58:00,79860.00,0,0,SHADOW,SHADOW,,,6.1927,9.9839
2026-09-06T20:59:00,79873.10,0,0,SHADOW,SHADOW,,,6.1927,9.9839
2026-09-06T21:00:00,79891.00,0,0,SHADOW,SHADOW,,,6.1927,9.9839
2026-09-06T21:01:00,79926.10,0,0,SHADOW,SHADOW,,,6.1927,9.9839
2026-09-06T21:02:00,79926.10,0,0,SHADOW,SHADOW,,,6.1927,9.9839
2026-09-06T21:03:00,79921.50,0,0,SHADOW,SHADOW,,,6.1927,9.9839
2026-09-06T21:04:00,79931.60,0,0,SHADOW,SHADOW,,,6.1927,9.9839
2026-09-06T21:05:00,79934.90,0,0,SHADOW,SHADOW,,,6.1927,9.9839
2026-09-06T21:06:00,79895.00,0,0,SHADOW,SHADOW,,,6.1927,9.9839
2026-09-06T21:07:00,79911.80,0,0,SHADOW,SHADOW,,,6.1927,9.9839
2026-09-06T21:08:00,79953.40,0,0,SHADOW,SHADOW,,,6.1927,9.9839
2026-09-06T21:09:00,79932.00,0,0,SHADOW,SHADOW,,,6.1927,9.9839
2026-09-06T21:10:00,79964.80,0,0,SHADOW,SHADOW,,,6.1927,9.9839
2026-09-06T21:11:00,79956.70,0,0,SHADOW,SHADOW,,,6.1927,9.9839
2026-09-06T21:12:00,79945.10,0,0,SHADOW,SHADOW,,,6.1927,9.9839
2026-09-06T21:13:00,79964.90,0,0,SHADOW,SHADOW,,,6.1927,9.9839
2026-09-06T21:14:00,79970.00,0,0,SHADOW,SHADOW,,,6.1927,9.9839
2026-09-06T21:15:00,79955.60,0,0,SHADOW,SHADOW,,,6.1927,9.9839
2026-09-06T21:16:00,79996.90,0,0,SHADOW,SHADOW,,,6.1927,9.9839
2026-09-06T21:17:00,79985.10,0,0,SHADOW,SHADOW,,,6.1927,9.9839
2026-09-06T21:18:00,79995.00,0,0,SHADOW,SHADOW,,,6.1927,9.9839
2026-09-06T21:19:00,79970.40,0,0,SHADOW,SHADOW,,,6.1927,9.9839
2026-09-06T21:20:00,79953.70,0,0,SHADOW,SHADOW,,,6.1927,9.9839
2026-09-06T21:21:00,79900.40,0,0,SHADOW,SHADOW,,,6.1927,9.9839
2026-09-06T21:22:00,79903.80,0,0,SHADOW,SHADOW,,,6.1927,9.9839
2026-09-06T21:23:00,79903.70,0,0,SHADOW,SHADOW,,,6.1927,9.9839
2026-09-06T21:24:00,79926.80,0,0,SHADOW,SHADOW,,,6.1927,9.9839
2026-09-06T21:25:00,79947.00,0,0,SHADOW,SHADOW,,,6.1927,9.9839
2026-09-06T21:26:00,79919.80,0,0,SHADOW,SHADOW,,,6.1927,9.9839
2026-09-06T21:27:00,79886.90,0,0,SHADOW,SHADOW,,,6.1927,9.9839
2026-09-06T21:28:00,79883.40,0,0,SHADOW,SHADOW,,,6.1927,9.9839
2026-09-06T21:29:00,79862.90,0,0,SHADOW,SHADOW,,,6.1927,9.9839
2026-09-06T21:30:00,79846.20,0,0,SHADOW,SHADOW,,,6.1927,9.9839
2026-09-06T21:31:00,79865.30,0,0,SHADOW,SHADOW,,,6.1927,9.9839
2026-09-06T21:32:00,79865.30,0,0,SHADOW,SHADOW,,,6.1927,9.9839
2026-09-06T21:33:00,79861.40,0,0,SHADOW,SHADOW,,,6.1927,9.9839
2026-09-06T21:34:00,79866.40,0,0,SHADOW,SHADOW,,,6.1927,9.9839
2026-09-06T21:35:00,79869.90,0,0,SHADOW,SHADOW,,,6.1927,9.9839
2026-09-06T21:36:00,79873.40,0,0,SHADOW,SHADOW,,,6.1927,9.9839
2026-09-06T21:37:00,79873.40,0,0,SHADOW,SHADOW,,,6.1927,9.9839
2026-09-06T21:38:00,79855.40,0,0,SHADOW,SHADOW,,,6.1927,9.9839
2026-09-06T21:39:00,79855.40,0,0,SHADOW,SHADOW,,,6.1927,9.9839
2026-09-06T21:40:00,79856.20,0,0,SHADOW,SHADOW,,,6.1927,9.9839
2026-09-06T21:41:00,79884.20,0,0,SHADOW,SHADOW,,,6.1927,9.9839
2026-09-06T21:42:00,79904.20,0,0,SHADOW,SHADOW,,,6.1927,9.9839
2026-09-06T21:43:00,79898.90,0,0,SHADOW,SHADOW,,,6.1927,9.9839
2026-09-06T21:44:00,79869.50,0,0,SHADOW,SHADOW,,,6.1927,9.9839
2026-09-06T21:45:00,79950.80,0,0,SHADOW,SHADOW,,,6.1927,9.9839
2026-09-06T21:46:00,79942.30,0,0,SHADOW,SHADOW,,,6.1927,9.9839
2026-09-06T21:47:00,79947.10,0,0,SHADOW,SHADOW,,,6.1927,9.9839
2026-09-06T21:48:00,79909.50,0,0,SHADOW,SHADOW,,,6.1927,9.9839
2026-09-06T21:49:00,79914.30,0,0,SHADOW,SHADOW,,,6.1927,9.9839
2026-09-06T21:50:00,79886.90,0,0,SHADOW,SHADOW,,,6.1927,9.9839
2026-09-06T21:51:00,79876.40,0,0,SHADOW,SHADOW,,,6.1927,9.9839
2026-09-06T21:52:00,79873.00,0,0,SHADOW,SHADOW,,,6.1927,9.9839
2026-09-06T21:53:00,79897.10,0,0,SHADOW,SHADOW,,,6.1927,9.9839
2026-09-06T21:54:00,79900.00,0,0,SHADOW,SHADOW,,,6.1927,9.9839
2026-09-06T21:55:00,79892.90,0,0,SHADOW,SHADOW,,,6.1927,9.9839
2026-09-06T21:56:00,79873.70,0,0,SHADOW,SHADOW,,,6.1927,9.9839
2026-09-06T21:57:00,79896.80,0,0,SHADOW,SHADOW,,,6.1927,9.9839
2026-09-06T21:58:00,79909.80,0,0,SHADOW,SHADOW,,,6.1927,9.9839
2026-09-06T21:59:00,79902.70,0,0,SHADOW,SHADOW,,,6.1927,9.9839
2026-09-06T22:00:00,79870.70,0,0,SHADOW,SHADOW,,,6.1927,9.9839
2026-09-06T22:01:00,79872.00,0,0,SHADOW,SHADOW,,,6.1927,9.9839
2026-09-06T22:02:00,79778.10,0,0,SHADOW,SHADOW,,,6.1927,9.9839
2026-09-06T22:03:00,79784.20,0,0,SHADOW,SHADOW,,,6.1927,9.9839
2026-09-06T22:04:00,79797.00,0,0,SHADOW,SHADOW,,,6.1927,9.9839
2026-09-06T22:05:00,79835.80,0,0,SHADOW,SHADOW,,,6.1927,9.9839
2026-09-06T22:06:00,79809.70,0,0,SHADOW,SHADOW,,,6.1927,9.9839
2026-09-06T22:07:00,79719.50,0,0,SHADOW,SHADOW,,,6.1927,9.9839
2026-09-06T22:08:00,79719.00,0,0,SHADOW,SHADOW,,,6.1927,9.9839
2026-09-06T22:09:00,79648.40,0,0,SHADOW,SHADOW,,,6.1927,9.9839
2026-09-06T22:10:00,79665.20,0,0,SHADOW,SHADOW,,,6.1927,9.9839
2026-09-06T22:11:00,79704.90,0,0,SHADOW,SHADOW,,,6.1927,9.9839
2026-09-06T22:12:00,79664.20,0,0,SHADOW,SHADOW,,,6.1927,9.9839
2026-09-06T22:13:00,79693.60,0,0,SHADOW,SHADOW,,,6.1927,9.9839
2026-09-06T22:14:00,79711.90,0,0,SHADOW,SHADOW,,,6.1927,9.9839
2026-09-06T22:15:00,79729.40,0,0,SHADOW,SHADOW,,,6.1927,9.9839
2026-09-06T22:16:00,79679.20,0,0,SHADOW,SHADOW,,,6.1927,9.9839
2026-09-06T22:17:00,79669.70,0,0,SHADOW,SHADOW,,,6.1927,9.9839
2026-09-06T22:18:00,79634.00,0,0,SHADOW,SHADOW,,,6.1927,9.9839
2026-09-06T22:19:00,79604.30,0,0,SHADOW,SHADOW,,,6.1927,9.9839
2026-09-06T22:20:00,79628.90,0,0,SHADOW,SHADOW,,,6.1927,9.9839
2026-09-06T22:21:00,79651.90,0,0,SHADOW,SHADOW,,,6.1927,9.9839
2026-09-06T22:22:00,79656.30,0,0,SHADOW,SHADOW,,,6.1927,9.9839
2026-09-06T22:23:00,79695.90,0,0,SHADOW,SHADOW,,,6.1927,9.9839
2026-09-06T22:24:00,79689.40,0,0,SHADOW,SHADOW,,,6.1927,9.9839
2026-09-06T22:25:00,79708.70,0,0,SHADOW,SHADOW,,,6.1927,9.9839
2026-09-06T22:26:00,79774.60,0,0,SHADOW,SHADOW,,,6.1927,9.9839
2026-09-06T22:27:00,79748.50,0,0,SHADOW,SHADOW,,,6.1927,9.9839
2026-09-06T22:28:00,79764.00,0,0,SHADOW,SHADOW,,,6.1927,9.9839
2026-09-06T22:29:00,79781.10,0,0,SHADOW,SHADOW,,,6.1927,9.9839
2026-09-06T22:30:00,79770.10,0,0,SHADOW,SHADOW,,,6.1927,9.9839
2026-09-06T22:31:00,79825.20,0,0,SHADOW,SHADOW,,,6.1927,9.9839
2026-09-06T22:32:00,79829.80,0,0,SHADOW,SHADOW,,,6.1927,9.9839
2026-09-06T22:33:00,79868.40,0,0,SHADOW,SHADOW,,,6.1927,9.9839
2026-09-06T22:34:00,79900.00,0,0,SHADOW,SHADOW,,,6.1927,9.9839
2026-09-06T22:35:00,79908.90,0,0,SHADOW,SHADOW,,,6.1927,9.9839
2026-09-06T22:36:00,79958.60,0,0,SHADOW,SHADOW,,,6.1927,9.9839
2026-09-06T22:37:00,79942.80,0,0,SHADOW,SHADOW,,,6.1927,9.9839
2026-09-06T22:38:00,79936.20,0,0,SHADOW,SHADOW,,,6.1927,9.9839
2026-09-06T22:39:00,79913.00,0,0,SHADOW,SHADOW,,,6.1927,9.9839
2026-09-06T22:40:00,79909.70,0,0,SHADOW,SHADOW,,,6.1927,9.9839
2026-09-06T22:41:00,79919.90,0,0,SHADOW,SHADOW,,,6.1927,9.9839
2026-09-06T22:42:00,79907.70,0,0,SHADOW,SHADOW,,,6.1927,9.9839
2026-09-06T22:43:00,79903.20,0,0,SHADOW,SHADOW,,,6.1927,9.9839
2026-09-06T22:44:00,79923.80,0,0,SHADOW,SHADOW,,,6.1927,9.9839
2026-09-06T22:45:00,79913.40,0,0,SHADOW,SHADOW,,,6.1927,9.9839
2026-09-06T22:46:00,79917.40,0,0,SHADOW,SHADOW,,,6.1927,9.9839
2026-09-06T22:47:00,79909.80,0,0,SHADOW,SHADOW,,,6.1927,9.9839
2026-09-06T22:48:00,79921.90,0,0,SHADOW,SHADOW,,,6.1927,9.9839
2026-09-06T22:49:00,79954.20,0,0,SHADOW,SHADOW,,,6.1927,9.9839
2026-09-06T22:50:00,79966.50,0,0,SHADOW,SHADOW,,,6.1927,9.9839
2026-09-06T22:51:00,79961.40,0,0,SHADOW,SHADOW,,,6.1927,9.9839
2026-09-06T22:52:00,79984.50,0,0,SHADOW,SHADOW,,,6.1927,9.9839
2026-09-06T22:53:00,79974.70,0,0,SHADOW,SHADOW,,,6.1927,9.9839
2026-09-06T22:54:00,79988.90,0,0,SHADOW,SHADOW,,,6.1927,9.9839
2026-09-06T22:55:00,80009.90,0,0,SHADOW,SHADOW,,,6.1927,9.9839
2026-09-06T22:56:00,80051.00,0,0,SHADOW,SHADOW,,,6.1927,9.9839
2026-09-06T22:57:00,79964.40,0,0,SHADOW,SHADOW,,,6.1927,9.9839
2026-09-06T22:58:00,80024.20,0,0,SHADOW,SHADOW,,,6.1927,9.9839
2026-09-06T22:59:00,80005.40,0,0,SHADOW,SHADOW,,,6.1927,9.9839
2026-09-06T23:00:00,80013.10,0,0,SHADOW,SHADOW,,,6.1927,9.9839
2026-09-06T23:01:00,80020.20,0,0,SHADOW,SHADOW,,,6.1927,9.9839
2026-09-06T23:02:00,80058.40,0,0,SHADOW,SHADOW,,,6.1927,9.9839
2026-09-06T23:03:00,80247.30,0,0,SHADOW,SHADOW,,,6.1927,9.9839
2026-09-06T23:04:00,80182.90,0,0,SHADOW,SHADOW,,,6.1927,9.9839
2026-09-06T23:05:00,80160.00,0,0,SHADOW,SHADOW,,,6.1927,9.9839
2026-09-06T23:06:00,80100.30,0,0,SHADOW,SHADOW,,,6.1927,9.9839
2026-09-06T23:07:00,80124.90,0,0,SHADOW,SHADOW,,,6.1927,9.9839
2026-09-06T23:08:00,80131.50,0,0,SHADOW,SHADOW,,,6.1927,9.9839
2026-09-06T23:09:00,80208.80,0,0,SHADOW,SHADOW,,,6.1927,9.9839
2026-09-06T23:10:00,80164.40,0,0,SHADOW,SHADOW,,,6.1927,9.9839
2026-09-06T23:11:00,80155.70,0,0,SHADOW,SHADOW,,,6.1927,9.9839
2026-09-06T23:12:00,80150.20,0,0,SHADOW,SHADOW,,,6.1927,9.9839
2026-09-06T23:13:00,80147.90,0,0,SHADOW,SHADOW,,,6.1927,9.9839
2026-09-06T23:14:00,80143.80,0,0,SHADOW,SHADOW,,,6.1927,9.9839
2026-09-06T23:15:00,80119.70,0,0,SHADOW,SHADOW,,,6.1927,9.9839
2026-09-06T23:16:00,80126.10,0,0,SHADOW,SHADOW,,,6.1927,9.9839
2026-09-06T23:17:00,80154.50,0,0,SHADOW,SHADOW,,,6.1927,9.9839
2026-09-06T23:18:00,80203.40,0,0,SHADOW,SHADOW,,,6.1927,9.9839
2026-09-06T23:19:00,80215.10,0,0,SHADOW,SHADOW,,,6.1927,9.9839
2026-09-06T23:20:00,80181.60,0,0,SHADOW,SHADOW,,,6.1927,9.9839
2026-09-06T23:21:00,80138.50,0,0,SHADOW,SHADOW,,,6.1927,9.9839
2026-09-06T23:22:00,80161.40,0,0,SHADOW,SHADOW,,,6.1927,9.9839
2026-09-06T23:23:00,80127.80,0,0,SHADOW,SHADOW,,,6.1927,9.9839
2026-09-06T23:24:00,80094.00,0,0,SHADOW,SHADOW,,,6.1927,9.9839
2026-09-06T23:25:00,80061.00,0,0,SHADOW,SHADOW,,,6.1927,9.9839
2026-09-06T23:26:00,80121.80,0,0,SHADOW,SHADOW,,,6.1927,9.9839
2026-09-06T23:27:00,80121.00,0,0,SHADOW,SHADOW,,,6.1927,9.9839
2026-09-06T23:28:00,80103.30,0,0,SHADOW,SHADOW,,,6.1927,9.9839
2026-09-06T23:29:00,80083.80,0,0,SHADOW,SHADOW,,,6.1927,9.9839
2026-09-06T23:30:00,80129.40,0,0,SHADOW,SHADOW,,,6.1927,9.9839
2026-09-06T23:31:00,80114.90,0,0,SHADOW,SHADOW,,,6.1927,9.9839
2026-09-06T23:32:00,80154.40,0,0,SHADOW,SHADOW,,,6.1927,9.9839
2026-09-06T23:33:00,80140.70,0,0,SHADOW,SHADOW,,,6.1927,9.9839
2026-09-06T23:34:00,80177.90,0,0,SHADOW,SHADOW,,,6.1927,9.9839
2026-09-06T23:35:00,80185.10,0,0,SHADOW,SHADOW,,,6.1927,9.9839
2026-09-06T23:36:00,80243.60,0,0,SHADOW,SHADOW,,,6.1927,9.9839
2026-09-06T23:37:00,80268.20,0,0,SHADOW,SHADOW,,,6.1927,9.9839
2026-09-06T23:38:00,80388.10,0,0,SHADOW,SHADOW,,,6.1927,9.9839
2026-09-06T23:39:00,80405.20,0,0,SHADOW,SHADOW,,,6.1927,9.9839
2026-09-06T23:40:00,80308.30,0,0,SHADOW,SHADOW,,,6.1927,9.9839
2026-09-06T23:41:00,80354.30,0,0,SHADOW,SHADOW,,,6.1927,9.9839
2026-09-06T23:42:00,80412.40,0,0,SHADOW,SHADOW,,,6.1927,9.9839
2026-09-06T23:43:00,80380.70,0,0,SHADOW,SHADOW,,,6.1927,9.9839
2026-09-06T23:44:00,80342.90,0,0,SHADOW,SHADOW,,,6.1927,9.9839
2026-09-06T23:45:00,80403.20,0,0,SHADOW,SHADOW,,,6.1927,9.9839
2026-09-06T23:46:00,80488.10,0,0,SHADOW,SHADOW,,,6.1927,9.9839
2026-09-06T23:47:00,80400.10,0,0,SHADOW,SHADOW,,,6.1927,9.9839
2026-09-06T23:48:00,80388.90,0,0,SHADOW,SHADOW,,,6.1927,9.9839
2026-09-06T23:49:00,80466.90,0,0,SHADOW,SHADOW,,,6.1927,9.9839
2026-09-06T23:50:00,80412.00,0,0,SHADOW,SHADOW,,,6.1927,9.9839
2026-09-06T23:51:00,80368.00,0,0,SHADOW,SHADOW,,,6.1927,9.9839
2026-09-06T23:52:00,80354.90,0,0,SHADOW,SHADOW,,,6.1927,9.9839
2026-09-06T23:53:00,80358.00,0,0,SHADOW,SHADOW,,,6.1927,9.9839
2026-09-06T23:54:00,80363.70,0,0,SHADOW,SHADOW,,,6.1927,9.9839
2026-09-06T23:55:00,80315.80,0,0,SHADOW,SHADOW,,,6.1927,9.9839
2026-09-06T23:56:00,80287.50,0,0,SHADOW,SHADOW,,,6.1927,9.9839
2026-09-06T23:57:00,80308.50,0,0,SHADOW,SHADOW,,,6.1927,9.9839
2026-09-06T23:58:00,80305.40,0,0,SHADOW,SHADOW,,,6.1927,9.9839
2026-09-06T23:59:00,80301.10,0,0,SHADOW,SHADOW,,,6.1927,9.9839
2026-09-07T00:00:00,80206.20,0,0,SHADOW,SHADOW,,,6.1927,9.9839
2026-09-07T00:01:00,80259.90,0,0,SHADOW,SHADOW,,,6.1927,9.9839
2026-09-07T00:02:00,80295.80,0,0,SHADOW,SHADOW,,,6.1927,9.9839
2026-09-07T00:03:00,80265.70,0,0,SHADOW,SHADOW,,,6.1927,9.9839
2026-09-07T00:04:00,80282.60,0,0,SHADOW,SHADOW,,,6.1927,9.9839
2026-09-07T00:05:00,80383.70,0,0,SHADOW,SHADOW,,,6.1927,9.9839
2026-09-07T00:06:00,80345.20,0,0,SHADOW,SHADOW,,,6.1927,9.9839
2026-09-07T00:07:00,80300.50,0,0,SHADOW,SHADOW,,,6.1927,9.9839
2026-09-07T00:08:00,80370.90,0,0,SHADOW,SHADOW,,,6.1927,9.9839
2026-09-07T00:09:00,80341.40,0,0,SHADOW,SHADOW,,,6.1927,9.9839
2026-09-07T00:10:00,80328.40,0,0,SHADOW,SHADOW,,,6.1927,9.9839
2026-09-07T00:11:00,80310.00,0,0,SHADOW,SHADOW,,,6.1927,9.9839
2026-09-07T00:12:00,80288.00,0,0,SHADOW,SHADOW,,,6.1927,9.9839
2026-09-07T00:13:00,80320.00,0,0,SHADOW,SHADOW,,,6.1927,9.9839
2026-09-07T00:14:00,80289.30,0,0,SHADOW,SHADOW,,,6.1927,9.9839
2026-09-07T00:15:00,80237.60,0,0,SHADOW,SHADOW,,,6.1927,9.9839
2026-09-07T00:16:00,80228.20,0,0,SHADOW,SHADOW,,,6.1927,9.9839
2026-09-07T00:17:00,80172.00,0,0,SHADOW,SHADOW,,,6.1927,9.9839
2026-09-07T00:18:00,80153.70,0,0,SHADOW,SHADOW,,,6.1927,9.9839
2026-09-07T00:19:00,80060.70,0,0,SHADOW,SHADOW,,,6.1927,9.9839
2026-09-07T00:20:00,80082.70,0,0,SHADOW,SHADOW,,,6.1927,9.9839
2026-09-07T00:21:00,80140.20,0,0,SHADOW,SHADOW,,,6.1927,9.9839
2026-09-07T00:22:00,80151.40,0,0,SHADOW,SHADOW,,,6.1927,9.9839
2026-09-07T00:23:00,80110.10,0,0,SHADOW,SHADOW,,,6.1927,9.9839
2026-09-07T00:24:00,80143.50,0,0,SHADOW,SHADOW,,,6.1927,9.9839
2026-09-07T00:25:00,80141.30,0,0,SHADOW,SHADOW,,,6.1927,9.9839
2026-09-07T00:26:00,80167.80,0,0,SHADOW,SHADOW,,,6.1927,9.9839
2026-09-07T00:27:00,80177.80,0,0,SHADOW,SHADOW,,,6.1927,9.9839
2026-09-07T00:28:00,80159.60,0,0,SHADOW,SHADOW,,,6.1927,9.9839
2026-09-07T00:29:00,80163.60,0,0,SHADOW,SHADOW,,,6.1927,9.9839
2026-09-07T00:30:00,80222.30,0,0,SHADOW,SHADOW,,,6.1927,9.9839
2026-09-07T00:31:00,80192.00,0,0,SHADOW,SHADOW,,,6.1927,9.9839
2026-09-07T00:32:00,80170.00,0,0,SHADOW,SHADOW,,,6.1927,9.9839
2026-09-07T00:33:00,80142.00,0,0,SHADOW,SHADOW,,,6.1927,9.9839
2026-09-07T00:34:00,80115.20,0,0,SHADOW,SHADOW,,,6.1927,9.9839
2026-09-07T00:35:00,80136.00,0,0,SHADOW,SHADOW,,,6.1927,9.9839
2026-09-07T00:36:00,80125.00,0,0,SHADOW,SHADOW,,,6.1927,9.9839
2026-09-07T00:37:00,80109.80,0,0,SHADOW,SHADOW,,,6.1927,9.9839
2026-09-07T00:38:00,80076.20,0,0,SHADOW,SHADOW,,,6.1927,9.9839
2026-09-07T00:39:00,80122.80,0,0,SHADOW,SHADOW,,,6.1927,9.9839
2026-09-07T00:40:00,80082.70,0,0,SHADOW,SHADOW,,,6.1927,9.9839
2026-09-07T00:41:00,80088.00,0,0,SHADOW,SHADOW,,,6.1927,9.9839
2026-09-07T00:42:00,80112.50,0,0,SHADOW,SHADOW,,,6.1927,9.9839
2026-09-07T00:43:00,80114.60,0,0,SHADOW,SHADOW,,,6.1927,9.9839
2026-09-07T00:44:00,80105.60,0,0,SHADOW,SHADOW,,,6.1927,9.9839
2026-09-07T00:45:00,80108.80,0,0,SHADOW,SHADOW,,,6.1927,9.9839
2026-09-07T00:46:00,80074.00,0,0,SHADOW,SHADOW,,,6.1927,9.9839
2026-09-07T00:47:00,80146.90,0,0,SHADOW,SHADOW,,,6.1927,9.9839
2026-09-07T00:48:00,80097.50,0,0,SHADOW,SHADOW,,,6.1927,9.9839
2026-09-07T00:49:00,80122.90,0,0,SHADOW,SHADOW,,,6.1927,9.9839
2026-09-07T00:50:00,80088.80,0,0,SHADOW,SHADOW,,,6.1927,9.9839
2026-09-07T00:51:00,80108.20,0,0,SHADOW,SHADOW,,,6.1927,9.9839
2026-09-07T00:52:00,80137.70,0,0,SHADOW,SHADOW,,,6.1927,9.9839
2026-09-07T00:53:00,80096.60,0,0,SHADOW,SHADOW,,,6.1927,9.9839
2026-09-07T00:54:00,80116.80,0,0,SHADOW,SHADOW,,,6.1927,9.9839
2026-09-07T00:55:00,80139.80,0,0,SHADOW,SHADOW,,,6.1927,9.9839
2026-09-07T00:56:00,80094.50,0,0,SHADOW,SHADOW,,,6.1927,9.9839
2026-09-07T00:57:00,80060.60,0,0,SHADOW,SHADOW,,,6.1927,9.9839
2026-09-07T00:58:00,80057.50,0,0,SHADOW,SHADOW,,,6.1927,9.9839
2026-09-07T00:59:00,80122.00,0,0,SHADOW,SHADOW,,,6.1927,9.9839
2026-09-07T01:00:00,80099.20,0,0,SHADOW,SHADOW,,,6.1927,9.9839
2026-09-07T01:01:00,80111.50,0,0,SHADOW,SHADOW,,,6.1927,9.9839
2026-09-07T01:02:00,80184.30,0,0,SHADOW,SHADOW,,,6.1927,9.9839
2026-09-07T01:03:00,80165.50,0,0,SHADOW,SHADOW,,,6.1927,9.9839
2026-09-07T01:04:00,80187.10,0,0,SHADOW,SHADOW,,,6.1927,9.9839
2026-09-07T01:05:00,80106.00,0,0,SHADOW,SHADOW,,,6.1927,9.9839
2026-09-07T01:06:00,80060.00,0,0,SHADOW,SHADOW,,,6.1927,9.9839
2026-09-07T01:07:00,80027.30,0,0,SHADOW,SHADOW,,,6.1927,9.9839
2026-09-07T01:08:00,79998.40,0,0,SHADOW,SHADOW,,,6.1927,9.9839
2026-09-07T01:09:00,79942.00,0,0,SHADOW,SHADOW,,,6.1927,9.9839
2026-09-07T01:10:00,79946.00,0,0,SHADOW,SHADOW,,,6.1927,9.9839
2026-09-07T01:11:00,80009.20,0,0,SHADOW,SHADOW,,,6.1927,9.9839
2026-09-07T01:12:00,79923.70,0,0,SHADOW,SHADOW,,,6.1927,9.9839
2026-09-07T01:13:00,79922.60,0,0,SHADOW,SHADOW,,,6.1927,9.9839
2026-09-07T01:14:00,79923.30,0,0,SHADOW,SHADOW,,,6.1927,9.9839
2026-09-07T01:15:00,79859.40,0,0,SHADOW,SHADOW,,,6.1927,9.9839
2026-09-07T01:16:00,79891.70,0,0,SHADOW,SHADOW,,,6.1927,9.9839
2026-09-07T01:17:00,79956.70,0,0,SHADOW,SHADOW,,,6.1927,9.9839
2026-09-07T01:18:00,79972.50,0,0,SHADOW,SHADOW,,,6.1927,9.9839
2026-09-07T01:19:00,79886.50,0,0,SHADOW,SHADOW,,,6.1927,9.9839
2026-09-07T01:20:00,79831.10,0,0,SHADOW,SHADOW,,,6.1927,9.9839
2026-09-07T01:21:00,79880.30,0,0,SHADOW,SHADOW,,,6.1927,9.9839
2026-09-07T01:22:00,79923.90,0,0,SHADOW,SHADOW,,,6.1927,9.9839
2026-09-07T01:23:00,79882.80,0,0,SHADOW,SHADOW,,,6.1927,9.9839
2026-09-07T01:24:00,79883.40,0,0,SHADOW,SHADOW,,,6.1927,9.9839
2026-09-07T01:25:00,79835.80,0,0,SHADOW,SHADOW,,,6.1927,9.9839
2026-09-07T01:26:00,79825.50,0,0,SHADOW,SHADOW,,,6.1927,9.9839
2026-09-07T01:27:00,79856.60,0,0,SHADOW,SHADOW,,,6.1927,9.9839
2026-09-07T01:28:00,79900.00,0,0,SHADOW,SHADOW,,,6.1927,9.9839
2026-09-07T01:29:00,79883.80,0,0,SHADOW,SHADOW,,,6.1927,9.9839
2026-09-07T01:30:00,79878.40,0,0,SHADOW,SHADOW,,,6.1927,9.9839
2026-09-07T01:31:00,79892.70,0,0,SHADOW,SHADOW,,,6.1927,9.9839
2026-09-07T01:32:00,79912.50,0,0,SHADOW,SHADOW,,,6.1927,9.9839
2026-09-07T01:33:00,79926.70,0,0,SHADOW,SHADOW,,,6.1927,9.9839
2026-09-07T01:34:00,79928.60,0,0,SHADOW,SHADOW,,,6.1927,9.9839
2026-09-07T01:35:00,79912.40,0,0,SHADOW,SHADOW,,,6.1927,9.9839
2026-09-07T01:36:00,79896.80,0,0,SHADOW,SHADOW,,,6.1927,9.9839
2026-09-07T01:37:00,79904.30,0,0,SHADOW,SHADOW,,,6.1927,9.9839
2026-09-07T01:38:00,79881.80,0,0,SHADOW,SHADOW,,,6.1927,9.9839
2026-09-07T01:39:00,79866.30,0,0,SHADOW,SHADOW,,,6.1927,9.9839
2026-09-07T01:40:00,79842.20,0,0,SHADOW,SHADOW,,,6.1927,9.9839
2026-09-07T01:41:00,79813.80,0,0,SHADOW,SHADOW,,,6.1927,9.9839
2026-09-07T01:42:00,79841.10,0,0,SHADOW,SHADOW,,,6.1927,9.9839
2026-09-07T01:43:00,79808.70,0,0,SHADOW,SHADOW,,,6.1927,9.9839
2026-09-07T01:44:00,79815.90,0,0,SHADOW,SHADOW,,,6.1927,9.9839
2026-09-07T01:45:00,79857.90,0,0,SHADOW,SHADOW,,,6.1927,9.9839
2026-09-07T01:46:00,79841.10,0,0,SHADOW,SHADOW,,,6.1927,9.9839
2026-09-07T01:47:00,79851.50,0,0,SHADOW,SHADOW,,,6.1927,9.9839
2026-09-07T01:48:00,79820.00,0,0,SHADOW,SHADOW,,,6.1927,9.9839
2026-09-07T01:49:00,79822.10,0,0,SHADOW,SHADOW,,,6.1927,9.9839
2026-09-07T01:50:00,79838.10,0,0,SHADOW,SHADOW,,,6.1927,9.9839
2026-09-07T01:51:00,79855.90,0,0,SHADOW,SHADOW,,,6.1927,9.9839
2026-09-07T01:52:00,79871.50,0,0,SHADOW,SHADOW,,,6.1927,9.9839
2026-09-07T01:53:00,79892.00,0,0,SHADOW,SHADOW,,,6.1927,9.9839
2026-09-07T01:54:00,79883.80,0,0,SHADOW,SHADOW,,,6.1927,9.9839
2026-09-07T01:55:00,79934.30,0,0,SHADOW,SHADOW,,,6.1927,9.9839
2026-09-07T01:56:00,79901.70,0,0,SHADOW,SHADOW,,,6.1927,9.9839
2026-09-07T01:57:00,79909.40,0,0,SHADOW,SHADOW,,,6.1927,9.9839
2026-09-07T01:58:00,79895.10,0,0,SHADOW,SHADOW,,,6.1927,9.9839
2026-09-07T01:59:00,79886.90,0,0,SHADOW,SHADOW,,,6.1927,9.9839
2026-09-07T02:00:00,79887.00,0,0,SHADOW,SHADOW,,,6.1927,9.9839
2026-09-07T02:01:00,79896.10,0,0,SHADOW,SHADOW,,,6.1927,9.9839
2026-09-07T02:02:00,79883.80,0,0,SHADOW,SHADOW,,,6.1927,9.9839
2026-09-07T02:03:00,79868.20,0,0,SHADOW,SHADOW,,,6.1927,9.9839
2026-09-07T02:04:00,79855.90,0,0,SHADOW,SHADOW,,,6.1927,9.9839
2026-09-07T02:05:00,79843.50,0,0,SHADOW,SHADOW,,,6.1927,9.9839
2026-09-07T02:06:00,79825.90,0,0,SHADOW,SHADOW,,,6.1927,9.9839
2026-09-07T02:07:00,79785.60,0,0,SHADOW,SHADOW,,,6.1927,9.9839
2026-09-07T02:08:00,79813.80,0,0,SHADOW,SHADOW,,,6.1927,9.9839
2026-09-07T02:09:00,79772.10,0,0,SHADOW,SHADOW,,,6.1927,9.9839
2026-09-07T02:10:00,79785.70,0,0,SHADOW,SHADOW,,,6.1927,9.9839
2026-09-07T02:11:00,79799.90,0,0,SHADOW,SHADOW,,,6.1927,9.9839
2026-09-07T02:12:00,79800.00,0,0,SHADOW,SHADOW,,,6.1927,9.9839
2026-09-07T02:13:00,79764.60,0,0,SHADOW,SHADOW,,,6.1927,9.9839
2026-09-07T02:14:00,79800.10,0,0,SHADOW,SHADOW,,,6.1927,9.9839
2026-09-07T02:15:00,79810.10,0,0,SHADOW,SHADOW,,,6.1927,9.9839
2026-09-07T02:16:00,79830.00,0,0,SHADOW,SHADOW,,,6.1927,9.9839
2026-09-07T02:17:00,79843.80,0,0,SHADOW,SHADOW,,,6.1927,9.9839
2026-09-07T02:18:00,79908.80,0,0,SHADOW,SHADOW,,,6.1927,9.9839
2026-09-07T02:19:00,79924.40,0,0,SHADOW,SHADOW,,,6.1927,9.9839
2026-09-07T02:20:00,79938.10,0,0,SHADOW,SHADOW,,,6.1927,9.9839
2026-09-07T02:21:00,79922.90,0,0,SHADOW,SHADOW,,,6.1927,9.9839
2026-09-07T02:22:00,79910.10,0,0,SHADOW,SHADOW,,,6.1927,9.9839
2026-09-07T02:23:00,79895.30,0,0,SHADOW,SHADOW,,,6.1927,9.9839
2026-09-07T02:24:00,79938.10,0,0,SHADOW,SHADOW,,,6.1927,9.9839
2026-09-07T02:25:00,79945.90,0,0,SHADOW,SHADOW,,,6.1927,9.9839
2026-09-07T02:26:00,79951.10,0,0,SHADOW,SHADOW,,,6.1927,9.9839
2026-09-07T02:27:00,79972.20,0,0,SHADOW,SHADOW,,,6.1927,9.9839
2026-09-07T02:28:00,79994.90,0,0,SHADOW,SHADOW,,,6.1927,9.9839
2026-09-07T02:29:00,79998.40,0,0,SHADOW,SHADOW,,,6.1927,9.9839
2026-09-07T02:30:00,80020.90,0,0,SHADOW,SHADOW,,,6.1927,9.9839
2026-09-07T02:31:00,80000.00,0,0,SHADOW,SHADOW,,,6.1927,9.9839
2026-09-07T02:32:00,79988.70,0,0,SHADOW,SHADOW,,,6.1927,9.9839
2026-09-07T02:33:00,79980.20,0,0,SHADOW,SHADOW,,,6.1927,9.9839
2026-09-07T02:34:00,79980.70,0,0,SHADOW,SHADOW,,,6.1927,9.9839
2026-09-07T02:35:00,80057.80,0,0,SHADOW,SHADOW,,,6.1927,9.9839
2026-09-07T02:36:00,80100.10,0,0,SHADOW,SHADOW,,,6.1927,9.9839
2026-09-07T02:37:00,80110.20,0,0,SHADOW,SHADOW,,,6.1927,9.9839
2026-09-07T02:38:00,80236.10,0,0,SHADOW,SHADOW,,,6.1927,9.9839
2026-09-07T02:39:00,80356.10,0,0,SHADOW,SHADOW,,,6.1927,9.9839
2026-09-07T02:40:00,80310.40,0,0,SHADOW,SHADOW,,,6.1927,9.9839
2026-09-07T02:41:00,80287.30,0,0,SHADOW,SHADOW,,,6.1927,9.9839
2026-09-07T02:42:00,80290.20,0,0,SHADOW,SHADOW,,,6.1927,9.9839
2026-09-07T02:43:00,80248.80,0,0,SHADOW,SHADOW,,,6.1927,9.9839
2026-09-07T02:44:00,80226.60,0,0,SHADOW,SHADOW,,,6.1927,9.9839
2026-09-07T02:45:00,80216.90,0,0,SHADOW,SHADOW,,,6.1927,9.9839
2026-09-07T02:46:00,80250.50,0,0,SHADOW,SHADOW,,,6.1927,9.9839
2026-09-07T02:47:00,80224.50,0,0,SHADOW,SHADOW,,,6.1927,9.9839
2026-09-07T02:48:00,80200.10,0,0,SHADOW,SHADOW,,,6.1927,9.9839
2026-09-07T02:49:00,80249.90,0,0,SHADOW,SHADOW,,,6.1927,9.9839
2026-09-07T02:50:00,80200.80,0,0,SHADOW,SHADOW,,,6.1927,9.9839
2026-09-07T02:51:00,80210.10,0,0,SHADOW,SHADOW,,,6.1927,9.9839
2026-09-07T02:52:00,80163.90,0,0,SHADOW,SHADOW,,,6.1927,9.9839
2026-09-07T02:53:00,80129.60,0,0,SHADOW,SHADOW,,,6.1927,9.9839
2026-09-07T02:54:00,80069.20,0,0,SHADOW,SHADOW,,,6.1927,9.9839
2026-09-07T02:55:00,80088.20,0,0,SHADOW,SHADOW,,,6.1927,9.9839
2026-09-07T02:56:00,80047.00,0,0,SHADOW,SHADOW,,,6.1927,9.9839
2026-09-07T02:57:00,79927.40,0,0,SHADOW,SHADOW,,,6.1927,9.9839
2026-09-07T02:58:00,79869.70,0,0,SHADOW,SHADOW,,,6.1927,9.9839
2026-09-07T02:59:00,79842.90,0,0,SHADOW,SHADOW,,,6.1927,9.9839
2026-09-07T03:00:00,79797.60,0,0,SHADOW,SHADOW,,,6.1927,9.9839
2026-09-07T03:01:00,79848.70,0,0,SHADOW,SHADOW,,,6.1927,9.9839
2026-09-07T03:02:00,79921.90,0,0,SHADOW,SHADOW,,,6.1927,9.9839
2026-09-07T03:03:00,79920.20,0,0,SHADOW,SHADOW,,,6.1927,9.9839
2026-09-07T03:04:00,79945.30,0,0,SHADOW,SHADOW,,,6.1927,9.9839
2026-09-07T03:05:00,79906.40,0,0,SHADOW,SHADOW,,,6.1927,9.9839
2026-09-07T03:06:00,79878.70,0,0,SHADOW,SHADOW,,,6.1927,9.9839
2026-09-07T03:07:00,79834.50,0,0,SHADOW,SHADOW,,,6.1927,9.9839
2026-09-07T03:08:00,79792.40,0,0,SHADOW,SHADOW,,,6.1927,9.9839
2026-09-07T03:09:00,79799.90,0,0,SHADOW,SHADOW,,,6.1927,9.9839
2026-09-07T03:10:00,79796.00,0,0,SHADOW,SHADOW,,,6.1927,9.9839
2026-09-07T03:11:00,79770.10,0,0,SHADOW,SHADOW,,,6.1927,9.9839
2026-09-07T03:12:00,79763.30,0,0,SHADOW,SHADOW,,,6.1927,9.9839
2026-09-07T03:13:00,79755.10,0,0,SHADOW,SHADOW,,,6.1927,9.9839
2026-09-07T03:14:00,79763.70,0,0,SHADOW,SHADOW,,,6.1927,9.9839
2026-09-07T03:15:00,79760.10,0,0,SHADOW,SHADOW,,,6.1927,9.9839
2026-09-07T03:16:00,79735.90,0,0,SHADOW,SHADOW,,,6.1927,9.9839
2026-09-07T03:17:00,79734.50,0,0,SHADOW,SHADOW,,,6.1927,9.9839
2026-09-07T03:18:00,79772.80,0,0,SHADOW,SHADOW,,,6.1927,9.9839
2026-09-07T03:19:00,79770.00,0,0,SHADOW,SHADOW,,,6.1927,9.9839
2026-09-07T03:20:00,79800.00,0,0,SHADOW,SHADOW,,,6.1927,9.9839
2026-09-07T03:21:00,79801.40,0,0,SHADOW,SHADOW,,,6.1927,9.9839
2026-09-07T03:22:00,79797.40,0,0,SHADOW,SHADOW,,,6.1927,9.9839
2026-09-07T03:23:00,79794.90,0,0,SHADOW,SHADOW,,,6.1927,9.9839
2026-09-07T03:24:00,79755.00,0,0,SHADOW,SHADOW,,,6.1927,9.9839
2026-09-07T03:25:00,79705.00,0,0,SHADOW,SHADOW,,,6.1927,9.9839
2026-09-07T03:26:00,79756.60,0,0,SHADOW,SHADOW,,,6.1927,9.9839
2026-09-07T03:27:00,79739.30,0,0,SHADOW,SHADOW,,,6.1927,9.9839
2026-09-07T03:28:00,79709.30,0,0,SHADOW,SHADOW,,,6.1927,9.9839
2026-09-07T03:29:00,79692.10,0,0,SHADOW,SHADOW,,,6.1927,9.9839
2026-09-07T03:30:00,79735.00,0,0,SHADOW,SHADOW,,,6.1927,9.9839
2026-09-07T03:31:00,79670.00,0,0,SHADOW,SHADOW,,,6.1927,9.9839
2026-09-07T03:32:00,79692.20,0,0,SHADOW,SHADOW,,,6.1927,9.9839
2026-09-07T03:33:00,79729.70,0,0,SHADOW,SHADOW,,,6.1927,9.9839
2026-09-07T03:34:00,79705.10,0,0,SHADOW,SHADOW,,,6.1927,9.9839
2026-09-07T03:35:00,79672.60,0,0,SHADOW,SHADOW,,,6.1927,9.9839
2026-09-07T03:36:00,79680.40,0,0,SHADOW,SHADOW,,,6.1927,9.9839
2026-09-07T03:37:00,79650.00,0,0,SHADOW,SHADOW,,,6.1927,9.9839
2026-09-07T03:38:00,79650.00,0,0,SHADOW,SHADOW,,,6.1927,9.9839
2026-09-07T03:39:00,79637.80,0,0,SHADOW,SHADOW,,,6.1927,9.9839
2026-09-07T03:40:00,79642.20,0,0,SHADOW,SHADOW,,,6.1927,9.9839
2026-09-07T03:41:00,79593.60,0,0,SHADOW,SHADOW,,,6.1927,9.9839
2026-09-07T03:42:00,79633.70,0,0,SHADOW,SHADOW,,,6.1927,9.9839
2026-09-07T03:43:00,79635.70,0,0,SHADOW,SHADOW,,,6.1927,9.9839
2026-09-07T03:44:00,79604.60,0,0,SHADOW,SHADOW,,,6.1927,9.9839
2026-09-07T03:45:00,79607.10,0,0,SHADOW,SHADOW,,,6.1927,9.9839
2026-09-07T03:46:00,79619.20,0,0,SHADOW,SHADOW,,,6.1927,9.9839
2026-09-07T03:47:00,79631.90,0,0,SHADOW,SHADOW,,,6.1927,9.9839
2026-09-07T03:48:00,79624.70,0,0,SHADOW,SHADOW,,,6.1927,9.9839
2026-09-07T03:49:00,79608.00,0,0,SHADOW,SHADOW,,,6.1927,9.9839
2026-09-07T03:50:00,79624.90,0,0,SHADOW,SHADOW,,,6.1927,9.9839
2026-09-07T03:51:00,79600.10,0,0,SHADOW,SHADOW,,,6.1927,9.9839
2026-09-07T03:52:00,79587.80,0,0,SHADOW,SHADOW,,,6.1927,9.9839
2026-09-07T03:53:00,79573.90,0,0,SHADOW,SHADOW,,,6.1927,9.9839
2026-09-07T03:54:00,79628.30,0,0,SHADOW,SHADOW,,,6.1927,9.9839
2026-09-07T03:55:00,79644.20,0,0,SHADOW,SHADOW,,,6.1927,9.9839
2026-09-07T03:56:00,79620.90,0,0,SHADOW,SHADOW,,,6.1927,9.9839
2026-09-07T03:57:00,79655.00,0,0,SHADOW,SHADOW,,,6.1927,9.9839
2026-09-07T03:58:00,79574.60,0,0,SHADOW,SHADOW,,,6.1927,9.9839
2026-09-07T03:59:00,79560.00,0,0,SHADOW,SHADOW,,,6.1927,9.9839
2026-09-07T04:00:00,79585.50,0,0,SHADOW,SHADOW,,,6.1927,9.9839
2026-09-07T04:01:00,79592.50,0,0,SHADOW,SHADOW,,,6.1927,9.9839
2026-09-07T04:02:00,79562.60,0,0,SHADOW,SHADOW,,,6.1927,9.9839
2026-09-07T04:03:00,79572.70,0,0,SHADOW,SHADOW,,,6.1927,9.9839
2026-09-07T04:04:00,79607.30,0,0,SHADOW,SHADOW,,,6.1927,9.9839
2026-09-07T04:05:00,79593.60,0,0,SHADOW,SHADOW,,,6.1927,9.9839
2026-09-07T04:06:00,79588.00,0,0,SHADOW,SHADOW,,,6.1927,9.9839
2026-09-07T04:07:00,79620.70,0,0,SHADOW,SHADOW,,,6.1927,9.9839
2026-09-07T04:08:00,79614.50,0,0,SHADOW,SHADOW,,,6.1927,9.9839
2026-09-07T04:09:00,79618.30,0,0,SHADOW,SHADOW,,,6.1927,9.9839
2026-09-07T04:10:00,79592.20,0,0,SHADOW,SHADOW,,,6.1927,9.9839
2026-09-07T04:11:00,79588.20,0,0,SHADOW,SHADOW,,,6.1927,9.9839
2026-09-07T04:12:00,79522.50,0,0,SHADOW,SHADOW,,,6.1927,9.9839
2026-09-07T04:13:00,79561.30,0,0,SHADOW,SHADOW,,,6.1927,9.9839
2026-09-07T04:14:00,79658.50,0,0,SHADOW,SHADOW,,,6.1927,9.9839
2026-09-07T04:15:00,79659.20,0,0,SHADOW,SHADOW,,,6.1927,9.9839
2026-09-07T04:16:00,79629.70,0,0,SHADOW,SHADOW,,,6.1927,9.9839
2026-09-07T04:17:00,79625.50,0,0,SHADOW,SHADOW,,,6.1927,9.9839
2026-09-07T04:18:00,79625.50,0,0,SHADOW,SHADOW,,,6.1927,9.9839
2026-09-07T04:19:00,79658.80,0,0,SHADOW,SHADOW,,,6.1927,9.9839
2026-09-07T04:20:00,79666.00,0,0,SHADOW,SHADOW,,,6.1927,9.9839
2026-09-07T04:21:00,79658.90,0,0,SHADOW,SHADOW,,,6.1927,9.9839
2026-09-07T04:22:00,79665.90,0,0,SHADOW,SHADOW,,,6.1927,9.9839
2026-09-07T04:23:00,79660.50,0,0,SHADOW,SHADOW,,,6.1927,9.9839
2026-09-07T04:24:00,79647.60,0,0,SHADOW,SHADOW,,,6.1927,9.9839
2026-09-07T04:25:00,79631.60,0,0,SHADOW,SHADOW,,,6.1927,9.9839
2026-09-07T04:26:00,79631.20,0,0,SHADOW,SHADOW,,,6.1927,9.9839
2026-09-07T04:27:00,79654.10,0,0,SHADOW,SHADOW,,,6.1927,9.9839
2026-09-07T04:28:00,79578.40,0,0,SHADOW,SHADOW,,,6.1927,9.9839
2026-09-07T04:29:00,79571.10,0,0,SHADOW,SHADOW,,,6.1927,9.9839
2026-09-07T04:30:00,79538.30,0,0,SHADOW,SHADOW,,,6.1927,9.9839
2026-09-07T04:31:00,79577.90,0,0,SHADOW,SHADOW,,,6.1927,9.9839
2026-09-07T04:32:00,79570.10,0,0,SHADOW,SHADOW,,,6.1927,9.9839
2026-09-07T04:33:00,79571.20,0,0,SHADOW,SHADOW,,,6.1927,9.9839
2026-09-07T04:34:00,79581.80,0,0,SHADOW,SHADOW,,,6.1927,9.9839
2026-09-07T04:35:00,79535.60,0,0,SHADOW,SHADOW,,,6.1927,9.9839
2026-09-07T04:36:00,79578.50,0,0,SHADOW,SHADOW,,,6.1927,9.9839
2026-09-07T04:37:00,79612.40,0,0,SHADOW,SHADOW,,,6.1927,9.9839
2026-09-07T04:38:00,79602.50,0,0,SHADOW,SHADOW,,,6.1927,9.9839
2026-09-07T04:39:00,79584.80,0,0,SHADOW,SHADOW,,,6.1927,9.9839
2026-09-07T04:40:00,79600.20,0,0,SHADOW,SHADOW,,,6.1927,9.9839
2026-09-07T04:41:00,79597.80,0,0,SHADOW,SHADOW,,,6.1927,9.9839
2026-09-07T04:42:00,79585.70,0,0,SHADOW,SHADOW,,,6.1927,9.9839
2026-09-07T04:43:00,79622.20,0,0,SHADOW,SHADOW,,,6.1927,9.9839
2026-09-07T04:44:00,79646.80,0,0,SHADOW,SHADOW,,,6.1927,9.9839
2026-09-07T04:45:00,79665.90,0,0,SHADOW,SHADOW,,,6.1927,9.9839
2026-09-07T04:46:00,79650.00,0,0,SHADOW,SHADOW,,,6.1927,9.9839
2026-09-07T04:47:00,79662.10,0,0,SHADOW,SHADOW,,,6.1927,9.9839
2026-09-07T04:48:00,79651.80,0,0,SHADOW,SHADOW,,,6.1927,9.9839
2026-09-07T04:49:00,79648.10,0,0,SHADOW,SHADOW,,,6.1927,9.9839
2026-09-07T04:50:00,79654.40,0,0,SHADOW,SHADOW,,,6.1927,9.9839
2026-09-07T04:51:00,79652.30,0,0,SHADOW,SHADOW,,,6.1927,9.9839
2026-09-07T04:52:00,79634.10,0,0,SHADOW,SHADOW,,,6.1927,9.9839
2026-09-07T04:53:00,79639.40,0,0,SHADOW,SHADOW,,,6.1927,9.9839
2026-09-07T04:54:00,79615.30,0,0,SHADOW,SHADOW,,,6.1927,9.9839
2026-09-07T04:55:00,79647.60,0,0,SHADOW,SHADOW,,,6.1927,9.9839
2026-09-07T04:56:00,79658.10,0,0,SHADOW,SHADOW,,,6.1927,9.9839
2026-09-07T04:57:00,79683.80,0,0,SHADOW,SHADOW,,,6.1927,9.9839
2026-09-07T04:58:00,79689.90,0,0,SHADOW,SHADOW,,,6.1927,9.9839
2026-09-07T04:59:00,79686.00,0,0,SHADOW,SHADOW,,,6.1927,9.9839
2026-09-07T05:00:00,79673.60,0,0,SHADOW,SHADOW,,,6.1927,9.9839
2026-09-07T05:01:00,79698.60,0,0,SHADOW,SHADOW,,,6.1927,9.9839
2026-09-07T05:02:00,79672.20,0,0,SHADOW,SHADOW,,,6.1927,9.9839
2026-09-07T05:03:00,79682.30,0,0,SHADOW,SHADOW,,,6.1927,9.9839
2026-09-07T05:04:00,79723.40,0,0,SHADOW,SHADOW,,,6.1927,9.9839
2026-09-07T05:05:00,79735.40,0,0,SHADOW,SHADOW,,,6.1927,9.9839
2026-09-07T05:06:00,79689.70,0,0,SHADOW,SHADOW,,,6.1927,9.9839
2026-09-07T05:07:00,79680.30,0,0,SHADOW,SHADOW,,,6.1927,9.9839
2026-09-07T05:08:00,79682.80,0,0,SHADOW,SHADOW,,,6.1927,9.9839
2026-09-07T05:09:00,79702.10,0,0,SHADOW,SHADOW,,,6.1927,9.9839
2026-09-07T05:10:00,79675.20,0,0,SHADOW,SHADOW,,,6.1927,9.9839
2026-09-07T05:11:00,79655.40,0,0,SHADOW,SHADOW,,,6.1927,9.9839
2026-09-07T05:12:00,79627.60,0,0,SHADOW,SHADOW,,,6.1927,9.9839
2026-09-07T05:13:00,79718.10,0,0,SHADOW,SHADOW,,,6.1927,9.9839
2026-09-07T05:14:00,79732.50,0,0,SHADOW,SHADOW,,,6.1927,9.9839
2026-09-07T05:15:00,79792.00,0,0,SHADOW,SHADOW,,,6.1927,9.9839
2026-09-07T05:16:00,79781.40,0,0,SHADOW,SHADOW,,,6.1927,9.9839
2026-09-07T05:17:00,79819.90,0,0,SHADOW,SHADOW,,,6.1927,9.9839
2026-09-07T05:18:00,79800.00,0,0,SHADOW,SHADOW,,,6.1927,9.9839
2026-09-07T05:19:00,79804.10,0,0,SHADOW,SHADOW,,,6.1927,9.9839
2026-09-07T05:20:00,79784.70,0,0,SHADOW,SHADOW,,,6.1927,9.9839
2026-09-07T05:21:00,79778.50,0,0,SHADOW,SHADOW,,,6.1927,9.9839
2026-09-07T05:22:00,79802.60,0,0,SHADOW,SHADOW,,,6.1927,9.9839
2026-09-07T05:23:00,79827.70,0,0,SHADOW,SHADOW,,,6.1927,9.9839
2026-09-07T05:24:00,79835.40,0,0,SHADOW,SHADOW,,,6.1927,9.9839
2026-09-07T05:25:00,79865.80,0,0,SHADOW,SHADOW,,,6.1927,9.9839
2026-09-07T05:26:00,79821.00,0,0,SHADOW,SHADOW,,,6.1927,9.9839
2026-09-07T05:27:00,79831.00,0,0,SHADOW,SHADOW,,,6.1927,9.9839
2026-09-07T05:28:00,79826.40,0,0,SHADOW,SHADOW,,,6.1927,9.9839
2026-09-07T05:29:00,79819.00,0,0,SHADOW,SHADOW,,,6.1927,9.9839
2026-09-07T05:30:00,79807.40,0,0,SHADOW,SHADOW,,,6.1927,9.9839
2026-09-07T05:31:00,79814.60,0,0,SHADOW,SHADOW,,,6.1927,9.9839
2026-09-07T05:32:00,79805.70,0,0,SHADOW,SHADOW,,,6.1927,9.9839
2026-09-07T05:33:00,79801.80,0,0,SHADOW,SHADOW,,,6.1927,9.9839
2026-09-07T05:34:00,79802.70,0,0,SHADOW,SHADOW,,,6.1927,9.9839
2026-09-07T05:35:00,79810.80,0,0,SHADOW,SHADOW,,,6.1927,9.9839
2026-09-07T05:36:00,79810.70,0,0,SHADOW,SHADOW,,,6.1927,9.9839
2026-09-07T05:37:00,79819.20,0,0,SHADOW,SHADOW,,,6.1927,9.9839
2026-09-07T05:38:00,79830.90,0,0,SHADOW,SHADOW,,,6.1927,9.9839
2026-09-07T05:39:00,79826.90,0,0,SHADOW,SHADOW,,,6.1927,9.9839
2026-09-07T05:40:00,79810.60,0,0,SHADOW,SHADOW,,,6.1927,9.9839
2026-09-07T05:41:00,79824.00,0,0,SHADOW,SHADOW,,,6.1927,9.9839
2026-09-07T05:42:00,79828.90,0,0,SHADOW,SHADOW,,,6.1927,9.9839
2026-09-07T05:43:00,79817.20,0,0,SHADOW,SHADOW,,,6.1927,9.9839
2026-09-07T05:44:00,79828.00,0,0,SHADOW,SHADOW,,,6.1927,9.9839
2026-09-07T05:45:00,79800.00,0,0,SHADOW,SHADOW,,,6.1927,9.9839
2026-09-07T05:46:00,79824.10,0,0,SHADOW,SHADOW,,,6.1927,9.9839
2026-09-07T05:47:00,79812.20,0,0,SHADOW,SHADOW,,,6.1927,9.9839
2026-09-07T05:48:00,79819.90,0,0,SHADOW,SHADOW,,,6.1927,9.9839
2026-09-07T05:49:00,79814.30,0,0,SHADOW,SHADOW,,,6.1927,9.9839
2026-09-07T05:50:00,79763.20,0,0,SHADOW,SHADOW,,,6.1927,9.9839
2026-09-07T05:51:00,79755.50,0,0,SHADOW,SHADOW,,,6.1927,9.9839
2026-09-07T05:52:00,79804.40,0,0,SHADOW,SHADOW,,,6.1927,9.9839
2026-09-07T05:53:00,79774.30,0,0,SHADOW,SHADOW,,,6.1927,9.9839
2026-09-07T05:54:00,79745.00,0,0,SHADOW,SHADOW,,,6.1927,9.9839
2026-09-07T05:55:00,79731.90,0,0,SHADOW,SHADOW,,,6.1927,9.9839
2026-09-07T05:56:00,79729.90,0,0,SHADOW,SHADOW,,,6.1927,9.9839
2026-09-07T05:57:00,79727.00,0,0,SHADOW,SHADOW,,,6.1927,9.9839
2026-09-07T05:58:00,79727.00,0,0,SHADOW,SHADOW,,,6.1927,9.9839
2026-09-07T05:59:00,79717.70,0,0,SHADOW,SHADOW,,,6.1927,9.9839
2026-09-07T06:00:00,79714.60,0,0,SHADOW,SHADOW,,,6.1927,9.9839
2026-09-07T06:01:00,79719.90,0,0,SHADOW,SHADOW,,,6.1927,9.9839
2026-09-07T06:02:00,79721.00,0,0,SHADOW,SHADOW,,,6.1927,9.9839
2026-09-07T06:03:00,79738.60,0,0,SHADOW,SHADOW,,,6.1927,9.9839
2026-09-07T06:04:00,79779.20,0,0,SHADOW,SHADOW,,,6.1927,9.9839
2026-09-07T06:05:00,79786.70,0,0,SHADOW,SHADOW,,,6.1927,9.9839
2026-09-07T06:06:00,79763.80,0,0,SHADOW,SHADOW,,,6.1927,9.9839
2026-09-07T06:07:00,79745.50,0,0,SHADOW,SHADOW,,,6.1927,9.9839
2026-09-07T06:08:00,79739.80,0,0,SHADOW,SHADOW,,,6.1927,9.9839
2026-09-07T06:09:00,79760.00,0,0,SHADOW,SHADOW,,,6.1927,9.9839
2026-09-07T06:10:00,79748.90,0,0,SHADOW,SHADOW,,,6.1927,9.9839
2026-09-07T06:11:00,79755.80,0,0,SHADOW,SHADOW,,,6.1927,9.9839
2026-09-07T06:12:00,79761.00,0,0,SHADOW,SHADOW,,,6.1927,9.9839
2026-09-07T06:13:00,79761.00,0,0,SHADOW,SHADOW,,,6.1927,9.9839
2026-09-07T06:14:00,79772.40,0,0,SHADOW,SHADOW,,,6.1927,9.9839
2026-09-07T06:15:00,79752.20,0,0,SHADOW,SHADOW,,,6.1927,9.9839
2026-09-07T06:16:00,79746.20,0,0,SHADOW,SHADOW,,,6.1927,9.9839
2026-09-07T06:17:00,79722.90,0,0,SHADOW,SHADOW,,,6.1927,9.9839
2026-09-07T06:18:00,79702.30,0,0,SHADOW,SHADOW,,,6.1927,9.9839
2026-09-07T06:19:00,79682.10,0,0,SHADOW,SHADOW,,,6.1927,9.9839
2026-09-07T06:20:00,79659.10,0,0,SHADOW,SHADOW,,,6.1927,9.9839
2026-09-07T06:21:00,79680.50,0,0,SHADOW,SHADOW,,,6.1927,9.9839
2026-09-07T06:22:00,79694.90,0,0,SHADOW,SHADOW,,,6.1927,9.9839
2026-09-07T06:23:00,79705.50,0,0,SHADOW,SHADOW,,,6.1927,9.9839
2026-09-07T06:24:00,79719.80,0,0,SHADOW,SHADOW,,,6.1927,9.9839
2026-09-07T06:25:00,79675.20,0,0,SHADOW,SHADOW,,,6.1927,9.9839
2026-09-07T06:26:00,79679.80,0,0,SHADOW,SHADOW,,,6.1927,9.9839
2026-09-07T06:27:00,79674.20,0,0,SHADOW,SHADOW,,,6.1927,9.9839
2026-09-07T06:28:00,79671.90,0,0,SHADOW,SHADOW,,,6.1927,9.9839
2026-09-07T06:29:00,79671.90,0,0,SHADOW,SHADOW,,,6.1927,9.9839
2026-09-07T06:30:00,79696.70,0,0,SHADOW,SHADOW,,,6.1927,9.9839
2026-09-07T06:31:00,79682.90,0,0,SHADOW,SHADOW,,,6.1927,9.9839
2026-09-07T06:32:00,79663.00,0,0,SHADOW,SHADOW,,,6.1927,9.9839
2026-09-07T06:33:00,79662.90,0,0,SHADOW,SHADOW,,,6.1927,9.9839
2026-09-07T06:34:00,79681.10,0,0,SHADOW,SHADOW,,,6.1927,9.9839
2026-09-07T06:35:00,79678.60,0,0,SHADOW,SHADOW,,,6.1927,9.9839
2026-09-07T06:36:00,79690.20,0,0,SHADOW,SHADOW,,,6.1927,9.9839
2026-09-07T06:37:00,79651.10,0,0,SHADOW,SHADOW,,,6.1927,9.9839
2026-09-07T06:38:00,79653.30,0,0,SHADOW,SHADOW,,,6.1927,9.9839
2026-09-07T06:39:00,79651.50,0,0,SHADOW,SHADOW,,,6.1927,9.9839
2026-09-07T06:40:00,79663.30,0,0,SHADOW,SHADOW,,,6.1927,9.9839
2026-09-07T06:41:00,79660.30,0,0,SHADOW,SHADOW,,,6.1927,9.9839
2026-09-07T06:42:00,79654.00,0,0,SHADOW,SHADOW,,,6.1927,9.9839
2026-09-07T06:43:00,79637.40,0,0,SHADOW,SHADOW,,,6.1927,9.9839
2026-09-07T06:44:00,79634.30,0,0,SHADOW,SHADOW,,,6.1927,9.9839
2026-09-07T06:45:00,79618.90,0,0,SHADOW,SHADOW,,,6.1927,9.9839
2026-09-07T06:46:00,79633.70,0,0,SHADOW,SHADOW,,,6.1927,9.9839
2026-09-07T06:47:00,79626.30,0,0,SHADOW,SHADOW,,,6.1927,9.9839
2026-09-07T06:48:00,79633.80,0,0,SHADOW,SHADOW,,,6.1927,9.9839
2026-09-07T06:49:00,79627.00,0,0,SHADOW,SHADOW,,,6.1927,9.9839
2026-09-07T06:50:00,79638.50,0,0,SHADOW,SHADOW,,,6.1927,9.9839
2026-09-07T06:51:00,79628.00,0,0,SHADOW,SHADOW,,,6.1927,9.9839
2026-09-07T06:52:00,79627.90,0,0,SHADOW,SHADOW,,,6.1927,9.9839
2026-09-07T06:53:00,79630.00,0,0,SHADOW,SHADOW,,,6.1927,9.9839
2026-09-07T06:54:00,79635.00,0,0,SHADOW,SHADOW,,,6.1927,9.9839
2026-09-07T06:55:00,79629.90,0,0,SHADOW,SHADOW,,,6.1927,9.9839
2026-09-07T06:56:00,79629.90,0,0,SHADOW,SHADOW,,,6.1927,9.9839
2026-09-07T06:57:00,79609.60,0,0,SHADOW,SHADOW,,,6.1927,9.9839
2026-09-07T06:58:00,79638.40,0,0,SHADOW,SHADOW,,,6.1927,9.9839
2026-09-07T06:59:00,79617.10,0,0,SHADOW,SHADOW,,,6.1927,9.9839
2026-09-07T07:00:00,79603.30,0,0,SHADOW,SHADOW,,,6.1927,9.9839
2026-09-07T07:01:00,79597.90,0,0,SHADOW,SHADOW,,,6.1927,9.9839
2026-09-07T07:02:00,79591.50,0,0,SHADOW,SHADOW,,,6.1927,9.9839
2026-09-07T07:03:00,79588.20,0,0,SHADOW,SHADOW,,,6.1927,9.9839
2026-09-07T07:04:00,79548.90,0,0,SHADOW,SHADOW,,,6.1927,9.9839
2026-09-07T07:05:00,79570.60,0,0,SHADOW,SHADOW,,,6.1927,9.9839
2026-09-07T07:06:00,79600.00,0,0,SHADOW,SHADOW,,,6.1927,9.9839
2026-09-07T07:07:00,79623.40,0,0,SHADOW,SHADOW,,,6.1927,9.9839
2026-09-07T07:08:00,79640.60,0,0,SHADOW,SHADOW,,,6.1927,9.9839
2026-09-07T07:09:00,79645.70,0,0,SHADOW,SHADOW,,,6.1927,9.9839
2026-09-07T07:10:00,79636.70,0,0,SHADOW,SHADOW,,,6.1927,9.9839
2026-09-07T07:11:00,79621.80,0,0,SHADOW,SHADOW,,,6.1927,9.9839
2026-09-07T07:12:00,79608.80,0,0,SHADOW,SHADOW,,,6.1927,9.9839
2026-09-07T07:13:00,79585.40,0,0,SHADOW,SHADOW,,,6.1927,9.9839
2026-09-07T07:14:00,79579.10,0,0,SHADOW,SHADOW,,,6.1927,9.9839
2026-09-07T07:15:00,79581.00,0,0,SHADOW,SHADOW,,,6.1927,9.9839
2026-09-07T07:16:00,79576.80,0,0,SHADOW,SHADOW,,,6.1927,9.9839
2026-09-07T07:17:00,79559.90,0,0,SHADOW,SHADOW,,,6.1927,9.9839
2026-09-07T07:18:00,79556.00,0,0,SHADOW,SHADOW,,,6.1927,9.9839
2026-09-07T07:19:00,79539.80,0,0,SHADOW,SHADOW,,,6.1927,9.9839
2026-09-07T07:20:00,79553.50,0,0,SHADOW,SHADOW,,,6.1927,9.9839
2026-09-07T07:21:00,79534.80,0,0,SHADOW,SHADOW,,,6.1927,9.9839
2026-09-07T07:22:00,79505.30,0,0,SHADOW,SHADOW,,,6.1927,9.9839
2026-09-07T07:23:00,79442.90,0,0,SHADOW,SHADOW,,,6.1927,9.9839
2026-09-07T07:24:00,79427.00,0,0,SHADOW,SHADOW,,,6.1927,9.9839
2026-09-07T07:25:00,79520.00,0,0,SHADOW,SHADOW,,,6.1927,9.9839
2026-09-07T07:26:00,79471.60,0,0,SHADOW,SHADOW,,,6.1927,9.9839
2026-09-07T07:27:00,79403.00,0,0,SHADOW,SHADOW,,,6.1927,9.9839
2026-09-07T07:28:00,79391.00,0,0,SHADOW,SHADOW,,,6.1927,9.9839
2026-09-07T07:29:00,79390.80,0,0,SHADOW,SHADOW,,,6.1927,9.9839
2026-09-07T07:30:00,79430.40,0,0,SHADOW,SHADOW,,,6.1927,9.9839
2026-09-07T07:31:00,79469.50,0,0,SHADOW,SHADOW,,,6.1927,9.9839
2026-09-07T07:32:00,79439.40,0,0,SHADOW,SHADOW,,,6.1927,9.9839
2026-09-07T07:33:00,79299.90,0,0,SHADOW,SHADOW,,,6.1927,9.9839
2026-09-07T07:34:00,79286.70,0,0,SHADOW,SHADOW,,,6.1927,9.9839
2026-09-07T07:35:00,79199.80,0,0,SHADOW,SHADOW,,,6.1927,9.9839
2026-09-07T07:36:00,79259.10,0,0,SHADOW,SHADOW,,,6.1927,9.9839
2026-09-07T07:37:00,79229.10,0,0,SHADOW,SHADOW,,,6.1927,9.9839
2026-09-07T07:38:00,79224.20,0,0,SHADOW,SHADOW,,,6.1927,9.9839
2026-09-07T07:39:00,79175.10,0,0,SHADOW,SHADOW,,,6.1927,9.9839
2026-09-07T07:40:00,79105.50,0,0,SHADOW,SHADOW,,,6.1927,9.9839
2026-09-07T07:41:00,79050.10,0,0,SHADOW,SHADOW,,,6.1927,9.9839
2026-09-07T07:42:00,79212.80,0,0,SHADOW,SHADOW,,,6.1927,9.9839
2026-09-07T07:43:00,79224.70,0,0,SHADOW,SHADOW,,,6.1927,9.9839
2026-09-07T07:44:00,79238.90,0,0,SHADOW,SHADOW,,,6.1927,9.9839
2026-09-07T07:45:00,79287.20,0,0,SHADOW,SHADOW,,,6.1927,9.9839
2026-09-07T07:46:00,79272.30,0,0,SHADOW,SHADOW,,,6.1927,9.9839
2026-09-07T07:47:00,79280.40,0,0,SHADOW,SHADOW,,,6.1927,9.9839
2026-09-07T07:48:00,79296.10,0,0,SHADOW,SHADOW,,,6.1927,9.9839
2026-09-07T07:49:00,79325.90,0,0,SHADOW,SHADOW,,,6.1927,9.9839
2026-09-07T07:50:00,79283.10,0,0,SHADOW,SHADOW,,,6.1927,9.9839
2026-09-07T07:51:00,79317.60,0,0,SHADOW,SHADOW,,,6.1927,9.9839
2026-09-07T07:52:00,79358.50,0,0,SHADOW,SHADOW,,,6.1927,9.9839
2026-09-07T07:53:00,79330.50,0,0,SHADOW,SHADOW,,,6.1927,9.9839
2026-09-07T07:54:00,79295.40,0,0,SHADOW,SHADOW,,,6.1927,9.9839
2026-09-07T07:55:00,79356.70,0,0,SHADOW,SHADOW,,,6.1927,9.9839
2026-09-07T07:56:00,79352.70,0,0,SHADOW,SHADOW,,,6.1927,9.9839
2026-09-07T07:57:00,79354.60,0,0,SHADOW,SHADOW,,,6.1927,9.9839
2026-09-07T07:58:00,79351.10,0,0,SHADOW,SHADOW,,,6.1927,9.9839
2026-09-07T07:59:00,79357.70,0,0,SHADOW,SHADOW,,,6.1927,9.9839
2026-09-07T08:00:00,79371.60,0,0,SHADOW,SHADOW,,,6.1927,9.9839
2026-09-07T08:01:00,79374.60,0,0,SHADOW,SHADOW,,,6.1927,9.9839
2026-09-07T08:02:00,79391.10,0,0,SHADOW,SHADOW,,,6.1927,9.9839
2026-09-07T08:03:00,79412.00,0,0,SHADOW,SHADOW,,,6.1927,9.9839
2026-09-07T08:04:00,79381.80,0,0,SHADOW,SHADOW,,,6.1927,9.9839
2026-09-07T08:05:00,79408.90,0,0,SHADOW,SHADOW,,,6.1927,9.9839
2026-09-07T08:06:00,79415.90,0,0,SHADOW,SHADOW,,,6.1927,9.9839
2026-09-07T08:07:00,79424.90,0,0,SHADOW,SHADOW,,,6.1927,9.9839
2026-09-07T08:08:00,79428.40,0,0,SHADOW,SHADOW,,,6.1927,9.9839
2026-09-07T08:09:00,79460.50,0,0,SHADOW,SHADOW,,,6.1927,9.9839
2026-09-07T08:10:00,79438.70,0,0,SHADOW,SHADOW,,,6.1927,9.9839
2026-09-07T08:11:00,79448.60,0,0,SHADOW,SHADOW,,,6.1927,9.9839
2026-09-07T08:12:00,79435.10,0,0,SHADOW,SHADOW,,,6.1927,9.9839
2026-09-07T08:13:00,79428.80,0,0,SHADOW,SHADOW,,,6.1927,9.9839
2026-09-07T08:14:00,79421.60,0,0,SHADOW,SHADOW,,,6.1927,9.9839
2026-09-07T08:15:00,79427.90,0,0,SHADOW,SHADOW,,,6.1927,9.9839
2026-09-07T08:16:00,79440.50,0,0,SHADOW,SHADOW,,,6.1927,9.9839
2026-09-07T08:17:00,79431.60,0,0,SHADOW,SHADOW,,,6.1927,9.9839
2026-09-07T08:18:00,79424.80,0,0,SHADOW,SHADOW,,,6.1927,9.9839
2026-09-07T08:19:00,79475.80,0,0,SHADOW,SHADOW,,,6.1927,9.9839
2026-09-07T08:20:00,79438.00,0,0,SHADOW,SHADOW,,,6.1927,9.9839
2026-09-07T08:21:00,79425.90,0,0,SHADOW,SHADOW,,,6.1927,9.9839
2026-09-07T08:22:00,79433.00,0,0,SHADOW,SHADOW,,,6.1927,9.9839
2026-09-07T08:23:00,79426.90,0,0,SHADOW,SHADOW,,,6.1927,9.9839
2026-09-07T08:24:00,79429.20,0,0,SHADOW,SHADOW,,,6.1927,9.9839
2026-09-07T08:25:00,79423.60,0,0,SHADOW,SHADOW,,,6.1927,9.9839
2026-09-07T08:26:00,79462.20,0,0,SHADOW,SHADOW,,,6.1927,9.9839
2026-09-07T08:27:00,79470.00,0,0,SHADOW,SHADOW,,,6.1927,9.9839
2026-09-07T08:28:00,79420.70,0,0,SHADOW,SHADOW,,,6.1927,9.9839
2026-09-07T08:29:00,79429.90,0,0,SHADOW,SHADOW,,,6.1927,9.9839
2026-09-07T08:30:00,79450.50,0,0,SHADOW,SHADOW,,,6.1927,9.9839
2026-09-07T08:31:00,79450.30,0,0,SHADOW,SHADOW,,,6.1927,9.9839
2026-09-07T08:32:00,79461.30,0,0,SHADOW,SHADOW,,,6.1927,9.9839
2026-09-07T08:33:00,79454.00,0,0,SHADOW,SHADOW,,,6.1927,9.9839
2026-09-07T08:34:00,79463.60,0,0,SHADOW,SHADOW,,,6.1927,9.9839
2026-09-07T08:35:00,79459.60,0,0,SHADOW,SHADOW,,,6.1927,9.9839
2026-09-07T08:36:00,79421.10,0,0,SHADOW,SHADOW,,,6.1927,9.9839
2026-09-07T08:37:00,79401.80,0,0,SHADOW,SHADOW,,,6.1927,9.9839
2026-09-07T08:38:00,79411.30,0,0,SHADOW,SHADOW,,,6.1927,9.9839
2026-09-07T08:39:00,79394.30,0,0,SHADOW,SHADOW,,,6.1927,9.9839
2026-09-07T08:40:00,79432.80,0,0,SHADOW,SHADOW,,,6.1927,9.9839
2026-09-07T08:41:00,79430.60,0,0,SHADOW,SHADOW,,,6.1927,9.9839
2026-09-07T08:42:00,79440.20,0,0,SHADOW,SHADOW,,,6.1927,9.9839
2026-09-07T08:43:00,79443.30,0,0,SHADOW,SHADOW,,,6.1927,9.9839
2026-09-07T08:44:00,79447.30,0,0,SHADOW,SHADOW,,,6.1927,9.9839
2026-09-07T08:45:00,79428.20,0,0,SHADOW,SHADOW,,,6.1927,9.9839
2026-09-07T08:46:00,79450.30,0,0,SHADOW,SHADOW,,,6.1927,9.9839
2026-09-07T08:47:00,79454.60,0,0,SHADOW,SHADOW,,,6.1927,9.9839
2026-09-07T08:48:00,79457.10,0,0,SHADOW,SHADOW,,,6.1927,9.9839
2026-09-07T08:49:00,79399.90,0,0,SHADOW,SHADOW,,,6.1927,9.9839
2026-09-07T08:50:00,79430.50,0,0,SHADOW,SHADOW,,,6.1927,9.9839
2026-09-07T08:51:00,79415.20,0,0,SHADOW,SHADOW,,,6.1927,9.9839
2026-09-07T08:52:00,79408.60,0,0,SHADOW,SHADOW,,,6.1927,9.9839
2026-09-07T08:53:00,79389.50,0,0,SHADOW,SHADOW,,,6.1927,9.9839
2026-09-07T08:54:00,79390.30,0,0,SHADOW,SHADOW,,,6.1927,9.9839
2026-09-07T08:55:00,79400.00,0,0,SHADOW,SHADOW,,,6.1927,9.9839
2026-09-07T08:56:00,79416.90,0,0,SHADOW,SHADOW,,,6.1927,9.9839
2026-09-07T08:57:00,79412.60,0,0,SHADOW,SHADOW,,,6.1927,9.9839
2026-09-07T08:58:00,79417.90,0,0,SHADOW,SHADOW,,,6.1927,9.9839
2026-09-07T08:59:00,79395.00,0,0,SHADOW,SHADOW,,,6.1927,9.9839
2026-09-07T09:00:00,79408.40,0,0,SHADOW,SHADOW,,,6.1927,9.9839
2026-09-07T09:01:00,79417.00,0,0,SHADOW,SHADOW,,,6.1927,9.9839
2026-09-07T09:02:00,79415.60,0,0,SHADOW,SHADOW,,,6.1927,9.9839
2026-09-07T09:03:00,79415.00,0,0,SHADOW,SHADOW,,,6.1927,9.9839
2026-09-07T09:04:00,79406.90,0,0,SHADOW,SHADOW,,,6.1927,9.9839
2026-09-07T09:05:00,79393.70,0,0,SHADOW,SHADOW,,,6.1927,9.9839
2026-09-07T09:06:00,79386.30,0,0,SHADOW,SHADOW,,,6.1927,9.9839
2026-09-07T09:07:00,79419.00,0,0,SHADOW,SHADOW,,,6.1927,9.9839
2026-09-07T09:08:00,79461.80,0,0,SHADOW,SHADOW,,,6.1927,9.9839
2026-09-07T09:09:00,79494.10,0,0,SHADOW,SHADOW,,,6.1927,9.9839
2026-09-07T09:10:00,79497.70,0,0,SHADOW,SHADOW,,,6.1927,9.9839
2026-09-07T09:11:00,79498.50,0,0,SHADOW,SHADOW,,,6.1927,9.9839
2026-09-07T09:12:00,79469.80,0,0,SHADOW,SHADOW,,,6.1927,9.9839
2026-09-07T09:13:00,79510.70,0,0,SHADOW,SHADOW,,,6.1927,9.9839
2026-09-07T09:14:00,79488.90,0,0,SHADOW,SHADOW,,,6.1927,9.9839
2026-09-07T09:15:00,79496.10,0,0,SHADOW,SHADOW,,,6.1927,9.9839
2026-09-07T09:16:00,79486.70,0,0,SHADOW,SHADOW,,,6.1927,9.9839
2026-09-07T09:17:00,79497.30,0,0,SHADOW,SHADOW,,,6.1927,9.9839
2026-09-07T09:18:00,79500.70,0,0,SHADOW,SHADOW,,,6.1927,9.9839
2026-09-07T09:19:00,79491.10,0,0,SHADOW,SHADOW,,,6.1927,9.9839
2026-09-07T09:20:00,79479.10,0,0,SHADOW,SHADOW,,,6.1927,9.9839
2026-09-07T09:21:00,79451.20,0,0,SHADOW,SHADOW,,,6.1927,9.9839
2026-09-07T09:22:00,79458.20,0,0,SHADOW,SHADOW,,,6.1927,9.9839
2026-09-07T09:23:00,79452.40,0,0,SHADOW,SHADOW,,,6.1927,9.9839
2026-09-07T09:24:00,79425.90,0,0,SHADOW,SHADOW,,,6.1927,9.9839
2026-09-07T09:25:00,79400.00,0,0,SHADOW,SHADOW,,,6.1927,9.9839
2026-09-07T09:26:00,79424.20,0,0,SHADOW,SHADOW,,,6.1927,9.9839
2026-09-07T09:27:00,79456.90,0,0,SHADOW,SHADOW,,,6.1927,9.9839
2026-09-07T09:28:00,79456.00,0,0,SHADOW,SHADOW,,,6.1927,9.9839
2026-09-07T09:29:00,79446.60,0,0,SHADOW,SHADOW,,,6.1927,9.9839
2026-09-07T09:30:00,79423.50,0,0,SHADOW,SHADOW,,,6.1927,9.9839
2026-09-07T09:31:00,79425.70,0,0,SHADOW,SHADOW,,,6.1927,9.9839
2026-09-07T09:32:00,79418.40,0,0,SHADOW,SHADOW,,,6.1927,9.9839
2026-09-07T09:33:00,79420.50,0,0,SHADOW,SHADOW,,,6.1927,9.9839
2026-09-07T09:34:00,79370.20,0,0,SHADOW,SHADOW,,,6.1927,9.9839
2026-09-07T09:35:00,79359.90,0,0,SHADOW,SHADOW,,,6.1927,9.9839
2026-09-07T09:36:00,79348.50,0,0,SHADOW,SHADOW,,,6.1927,9.9839
2026-09-07T09:37:00,79305.90,0,0,SHADOW,SHADOW,,,6.1927,9.9839
2026-09-07T09:38:00,79326.40,0,0,SHADOW,SHADOW,,,6.1927,9.9839
2026-09-07T09:39:00,79343.50,0,0,SHADOW,SHADOW,,,6.1927,9.9839
2026-09-07T09:40:00,79350.00,0,0,SHADOW,SHADOW,,,6.1927,9.9839
2026-09-07T09:41:00,79354.00,0,0,SHADOW,SHADOW,,,6.1927,9.9839
2026-09-07T09:42:00,79344.80,0,0,SHADOW,SHADOW,,,6.1927,9.9839
2026-09-07T09:43:00,79351.90,0,0,SHADOW,SHADOW,,,6.1927,9.9839
2026-09-07T09:44:00,79352.70,0,0,SHADOW,SHADOW,,,6.1927,9.9839
2026-09-07T09:45:00,79352.70,0,0,SHADOW,SHADOW,,,6.1927,9.9839
2026-09-07T09:46:00,79364.90,0,0,SHADOW,SHADOW,,,6.1927,9.9839
2026-09-07T09:47:00,79381.40,0,0,SHADOW,SHADOW,,,6.1927,9.9839
2026-09-07T09:48:00,79387.40,0,0,SHADOW,SHADOW,,,6.1927,9.9839
2026-09-07T09:49:00,79380.50,0,0,SHADOW,SHADOW,,,6.1927,9.9839
2026-09-07T09:50:00,79397.90,0,0,SHADOW,SHADOW,,,6.1927,9.9839
2026-09-07T09:51:00,79336.60,0,0,SHADOW,SHADOW,,,6.1927,9.9839
2026-09-07T09:52:00,79300.10,0,0,SHADOW,SHADOW,,,6.1927,9.9839
2026-09-07T09:53:00,79303.80,0,0,SHADOW,SHADOW,,,6.1927,9.9839
2026-09-07T09:54:00,79295.30,0,0,SHADOW,SHADOW,,,6.1927,9.9839
2026-09-07T09:55:00,79304.90,0,0,SHADOW,SHADOW,,,6.1927,9.9839
2026-09-07T09:56:00,79308.60,0,0,SHADOW,SHADOW,,,6.1927,9.9839
2026-09-07T09:57:00,79312.50,0,0,SHADOW,SHADOW,,,6.1927,9.9839
2026-09-07T09:58:00,79288.00,0,0,SHADOW,SHADOW,,,6.1927,9.9839
2026-09-07T09:59:00,79278.50,0,0,SHADOW,SHADOW,,,6.1927,9.9839
2026-09-07T10:00:00,79340.50,0,0,SHADOW,SHADOW,,,6.1927,9.9839
2026-09-07T10:01:00,79340.60,0,0,SHADOW,SHADOW,,,6.1927,9.9839
2026-09-07T10:02:00,79312.20,0,0,SHADOW,SHADOW,,,6.1927,9.9839
2026-09-07T10:03:00,79348.30,0,0,SHADOW,SHADOW,,,6.1927,9.9839
2026-09-07T10:04:00,79364.00,0,0,SHADOW,SHADOW,,,6.1927,9.9839
2026-09-07T10:05:00,79350.00,0,0,SHADOW,SHADOW,,,6.1927,9.9839
2026-09-07T10:06:00,79352.40,0,0,SHADOW,SHADOW,,,6.1927,9.9839
2026-09-07T10:07:00,79369.00,0,0,SHADOW,SHADOW,,,6.1927,9.9839
2026-09-07T10:08:00,79308.90,0,0,SHADOW,SHADOW,,,6.1927,9.9839
2026-09-07T10:09:00,79340.20,0,0,SHADOW,SHADOW,,,6.1927,9.9839
2026-09-07T10:10:00,79332.20,0,0,SHADOW,SHADOW,,,6.1927,9.9839
2026-09-07T10:11:00,79337.40,0,0,SHADOW,SHADOW,,,6.1927,9.9839
2026-09-07T10:12:00,79355.60,0,0,SHADOW,SHADOW,,,6.1927,9.9839
2026-09-07T10:13:00,79335.80,0,0,SHADOW,SHADOW,,,6.1927,9.9839
2026-09-07T10:14:00,79340.20,0,0,SHADOW,SHADOW,,,6.1927,9.9839
2026-09-07T10:15:00,79363.90,0,0,SHADOW,SHADOW,,,6.1927,9.9839
2026-09-07T10:16:00,79356.10,0,0,SHADOW,SHADOW,,,6.1927,9.9839
2026-09-07T10:17:00,79366.00,0,0,SHADOW,SHADOW,,,6.1927,9.9839
2026-09-07T10:18:00,79373.40,0,0,SHADOW,SHADOW,,,6.1927,9.9839
2026-09-07T10:19:00,79385.40,0,0,SHADOW,SHADOW,,,6.1927,9.9839
2026-09-07T10:20:00,79390.10,0,0,SHADOW,SHADOW,,,6.1927,9.9839
2026-09-07T10:21:00,79379.50,0,0,SHADOW,SHADOW,,,6.1927,9.9839
2026-09-07T10:22:00,79379.60,0,0,SHADOW,SHADOW,,,6.1927,9.9839
2026-09-07T10:23:00,79388.20,0,0,SHADOW,SHADOW,,,6.1927,9.9839
2026-09-07T10:24:00,79360.10,0,0,SHADOW,SHADOW,,,6.1927,9.9839
2026-09-07T10:25:00,79367.20,0,0,SHADOW,SHADOW,,,6.1927,9.9839
2026-09-07T10:26:00,79381.50,0,0,SHADOW,SHADOW,,,6.1927,9.9839
2026-09-07T10:27:00,79384.80,0,0,SHADOW,SHADOW,,,6.1927,9.9839
2026-09-07T10:28:00,79388.50,0,0,SHADOW,SHADOW,,,6.1927,9.9839
2026-09-07T10:29:00,79382.70,0,0,SHADOW,SHADOW,,,6.1927,9.9839
2026-09-07T10:30:00,79382.60,0,0,SHADOW,SHADOW,,,6.1927,9.9839
2026-09-07T10:31:00,79387.80,0,0,SHADOW,SHADOW,,,6.1927,9.9839
2026-09-07T10:32:00,79378.60,0,0,SHADOW,SHADOW,,,6.1927,9.9839
2026-09-07T10:33:00,79367.90,0,0,SHADOW,SHADOW,,,6.1927,9.9839
2026-09-07T10:34:00,79378.60,0,0,SHADOW,SHADOW,,,6.1927,9.9839
2026-09-07T10:35:00,79378.60,0,0,SHADOW,SHADOW,,,6.1927,9.9839
2026-09-07T10:36:00,79356.40,0,0,SHADOW,SHADOW,,,6.1927,9.9839
2026-09-07T10:37:00,79389.90,0,0,SHADOW,SHADOW,,,6.1927,9.9839
2026-09-07T10:38:00,79371.10,0,0,SHADOW,SHADOW,,,6.1927,9.9839
2026-09-07T10:39:00,79371.10,0,0,SHADOW,SHADOW,,,6.1927,9.9839
2026-09-07T10:40:00,79397.00,0,0,SHADOW,SHADOW,,,6.1927,9.9839
2026-09-07T10:41:00,79400.00,0,0,SHADOW,SHADOW,,,6.1927,9.9839
2026-09-07T10:42:00,79400.00,0,0,SHADOW,SHADOW,,,6.1927,9.9839
2026-09-07T10:43:00,79400.00,0,0,SHADOW,SHADOW,,,6.1927,9.9839
2026-09-07T10:44:00,79413.00,0,0,SHADOW,SHADOW,,,6.1927,9.9839
2026-09-07T10:45:00,79408.10,0,0,SHADOW,SHADOW,,,6.1927,9.9839
2026-09-07T10:46:00,79400.10,0,0,SHADOW,SHADOW,,,6.1927,9.9839
2026-09-07T10:47:00,79386.30,0,0,SHADOW,SHADOW,,,6.1927,9.9839
2026-09-07T10:48:00,79361.60,0,0,SHADOW,SHADOW,,,6.1927,9.9839
2026-09-07T10:49:00,79369.60,0,0,SHADOW,SHADOW,,,6.1927,9.9839
2026-09-07T10:50:00,79370.00,0,0,SHADOW,SHADOW,,,6.1927,9.9839
2026-09-07T10:51:00,79402.90,0,0,SHADOW,SHADOW,,,6.1927,9.9839
2026-09-07T10:52:00,79389.60,0,0,SHADOW,SHADOW,,,6.1927,9.9839
2026-09-07T10:53:00,79389.70,0,0,SHADOW,SHADOW,,,6.1927,9.9839
2026-09-07T10:54:00,79373.90,0,0,SHADOW,SHADOW,,,6.1927,9.9839
2026-09-07T10:55:00,79365.40,0,0,SHADOW,SHADOW,,,6.1927,9.9839
2026-09-07T10:56:00,79314.20,0,0,SHADOW,SHADOW,,,6.1927,9.9839
2026-09-07T10:57:00,79321.80,0,0,SHADOW,SHADOW,,,6.1927,9.9839
2026-09-07T10:58:00,79325.70,0,0,SHADOW,SHADOW,,,6.1927,9.9839
2026-09-07T10:59:00,79325.70,0,0,SHADOW,SHADOW,,,6.1927,9.9839
2026-09-07T11:00:00,79319.20,0,0,SHADOW,SHADOW,,,6.1927,9.9839
2026-09-07T11:01:00,79322.90,0,0,SHADOW,SHADOW,,,6.1927,9.9839
2026-09-07T11:02:00,79300.10,0,0,SHADOW,SHADOW,,,6.1927,9.9839
2026-09-07T11:03:00,79269.10,0,0,SHADOW,SHADOW,,,6.1927,9.9839
2026-09-07T11:04:00,79284.60,0,0,SHADOW,SHADOW,,,6.1927,9.9839
2026-09-07T11:05:00,79298.70,0,0,SHADOW,SHADOW,,,6.1927,9.9839
2026-09-07T11:06:00,79280.10,0,0,SHADOW,SHADOW,,,6.1927,9.9839
2026-09-07T11:07:00,79269.60,0,0,SHADOW,SHADOW,,,6.1927,9.9839
2026-09-07T11:08:00,79247.50,0,0,SHADOW,SHADOW,,,6.1927,9.9839
2026-09-07T11:09:00,79271.00,0,0,SHADOW,SHADOW,,,6.1927,9.9839
2026-09-07T11:10:00,79273.00,0,0,SHADOW,SHADOW,,,6.1927,9.9839
2026-09-07T11:11:00,79352.00,0,0,SHADOW,SHADOW,,,6.1927,9.9839
2026-09-07T11:12:00,79358.10,0,0,SHADOW,SHADOW,,,6.1927,9.9839
2026-09-07T11:13:00,79361.90,0,0,SHADOW,SHADOW,,,6.1927,9.9839
2026-09-07T11:14:00,79374.40,0,0,SHADOW,SHADOW,,,6.1927,9.9839
2026-09-07T11:15:00,79361.80,0,0,SHADOW,SHADOW,,,6.1927,9.9839
2026-09-07T11:16:00,79361.90,0,0,SHADOW,SHADOW,,,6.1927,9.9839
2026-09-07T11:17:00,79369.50,0,0,SHADOW,SHADOW,,,6.1927,9.9839
2026-09-07T11:18:00,79373.50,0,0,SHADOW,SHADOW,,,6.1927,9.9839
2026-09-07T11:19:00,79395.90,0,0,SHADOW,SHADOW,,,6.1927,9.9839
2026-09-07T11:20:00,79404.00,0,0,SHADOW,SHADOW,,,6.1927,9.9839
2026-09-07T11:21:00,79437.00,0,0,SHADOW,SHADOW,,,6.1927,9.9839
2026-09-07T11:22:00,79416.80,0,0,SHADOW,SHADOW,,,6.1927,9.9839
2026-09-07T11:23:00,79416.80,0,0,SHADOW,SHADOW,,,6.1927,9.9839
2026-09-07T11:24:00,79410.30,0,0,SHADOW,SHADOW,,,6.1927,9.9839
2026-09-07T11:25:00,79410.30,0,0,SHADOW,SHADOW,,,6.1927,9.9839
2026-09-07T11:26:00,79416.10,0,0,SHADOW,SHADOW,,,6.1927,9.9839
2026-09-07T11:27:00,79416.10,0,0,SHADOW,SHADOW,,,6.1927,9.9839
2026-09-07T11:28:00,79406.20,0,0,SHADOW,SHADOW,,,6.1927,9.9839
2026-09-07T11:29:00,79406.10,0,0,SHADOW,SHADOW,,,6.1927,9.9839
2026-09-07T11:30:00,79412.70,0,0,SHADOW,SHADOW,,,6.1927,9.9839
2026-09-07T11:31:00,79422.40,0,0,SHADOW,SHADOW,,,6.1927,9.9839
2026-09-07T11:32:00,79446.40,0,0,SHADOW,SHADOW,,,6.1927,9.9839
2026-09-07T11:33:00,79420.20,0,0,SHADOW,SHADOW,,,6.1927,9.9839
2026-09-07T11:34:00,79423.30,0,0,SHADOW,SHADOW,,,6.1927,9.9839
2026-09-07T11:35:00,79417.00,0,0,SHADOW,SHADOW,,,6.1927,9.9839
2026-09-07T11:36:00,79384.30,0,0,SHADOW,SHADOW,,,6.1927,9.9839
2026-09-07T11:37:00,79387.10,0,0,SHADOW,SHADOW,,,6.1927,9.9839
2026-09-07T11:38:00,79374.40,0,0,SHADOW,SHADOW,,,6.1927,9.9839
2026-09-07T11:39:00,79378.50,0,0,SHADOW,SHADOW,,,6.1927,9.9839
2026-09-07T11:40:00,79389.80,0,0,SHADOW,SHADOW,,,6.1927,9.9839
2026-09-07T11:41:00,79381.50,0,0,SHADOW,SHADOW,,,6.1927,9.9839
2026-09-07T11:42:00,79381.60,0,0,SHADOW,SHADOW,,,6.1927,9.9839
2026-09-07T11:43:00,79370.20,0,0,SHADOW,SHADOW,,,6.1927,9.9839
2026-09-07T11:44:00,79376.90,0,0,SHADOW,SHADOW,,,6.1927,9.9839
2026-09-07T11:45:00,79378.80,0,0,SHADOW,SHADOW,,,6.1927,9.9839
2026-09-07T11:46:00,79365.20,0,0,SHADOW,SHADOW,,,6.1927,9.9839
2026-09-07T11:47:00,79382.60,0,0,SHADOW,SHADOW,,,6.1927,9.9839
2026-09-07T11:48:00,79399.40,0,0,SHADOW,SHADOW,,,6.1927,9.9839
2026-09-07T11:49:00,79368.40,0,0,SHADOW,SHADOW,,,6.1927,9.9839
2026-09-07T11:50:00,79364.90,0,0,SHADOW,SHADOW,,,6.1927,9.9839
2026-09-07T11:51:00,79382.30,0,0,SHADOW,SHADOW,,,6.1927,9.9839
2026-09-07T11:52:00,79355.70,0,0,SHADOW,SHADOW,,,6.1927,9.9839
2026-09-07T11:53:00,79388.40,0,0,SHADOW,SHADOW,,,6.1927,9.9839
2026-09-07T11:54:00,79384.70,0,0,SHADOW,SHADOW,,,6.1927,9.9839
2026-09-07T11:55:00,79379.30,0,0,SHADOW,SHADOW,,,6.1927,9.9839
2026-09-07T11:56:00,79366.10,0,0,SHADOW,SHADOW,,,6.1927,9.9839
2026-09-07T11:57:00,79351.10,0,0,SHADOW,SHADOW,,,6.1927,9.9839
2026-09-07T11:58:00,79391.60,0,0,SHADOW,SHADOW,,,6.1927,9.9839
2026-09-07T11:59:00,79376.80,0,0,SHADOW,SHADOW,,,6.1927,9.9839
2026-09-07T12:00:00,79383.30,0,0,SHADOW,SHADOW,,,6.1927,9.9839
2026-09-07T12:01:00,79391.40,0,0,SHADOW,SHADOW,,,6.1927,9.9839
2026-09-07T12:02:00,79378.40,0,0,SHADOW,SHADOW,,,6.1927,9.9839
2026-09-07T12:03:00,79373.30,0,0,SHADOW,SHADOW,,,6.1927,9.9839
2026-09-07T12:04:00,79378.30,0,0,SHADOW,SHADOW,,,6.1927,9.9839
2026-09-07T12:05:00,79392.80,0,0,SHADOW,SHADOW,,,6.1927,9.9839
2026-09-07T12:06:00,79444.10,0,0,SHADOW,SHADOW,,,6.1927,9.9839
2026-09-07T12:07:00,79464.90,0,0,SHADOW,SHADOW,,,6.1927,9.9839
2026-09-07T12:08:00,79444.10,0,0,SHADOW,SHADOW,,,6.1927,9.9839
2026-09-07T12:09:00,79438.90,0,0,SHADOW,SHADOW,,,6.1927,9.9839
2026-09-07T12:10:00,79443.60,0,0,SHADOW,SHADOW,,,6.1927,9.9839
2026-09-07T12:11:00,79411.60,0,0,SHADOW,SHADOW,,,6.1927,9.9839
2026-09-07T12:12:00,79411.60,0,0,SHADOW,SHADOW,,,6.1927,9.9839
2026-09-07T12:13:00,79411.10,0,0,SHADOW,SHADOW,,,6.1927,9.9839
2026-09-07T12:14:00,79384.50,0,0,SHADOW,SHADOW,,,6.1927,9.9839
2026-09-07T12:15:00,79380.50,0,0,SHADOW,SHADOW,,,6.1927,9.9839
2026-09-07T12:16:00,79373.30,0,0,SHADOW,SHADOW,,,6.1927,9.9839
2026-09-07T12:17:00,79379.10,0,0,SHADOW,SHADOW,,,6.1927,9.9839
2026-09-07T12:18:00,79384.40,0,0,SHADOW,SHADOW,,,6.1927,9.9839
2026-09-07T12:19:00,79447.70,0,0,SHADOW,SHADOW,,,6.1927,9.9839
2026-09-07T12:20:00,79457.60,0,0,SHADOW,SHADOW,,,6.1927,9.9839
2026-09-07T12:21:00,79465.20,0,0,SHADOW,SHADOW,,,6.1927,9.9839
2026-09-07T12:22:00,79450.30,0,0,SHADOW,SHADOW,,,6.1927,9.9839
2026-09-07T12:23:00,79439.10,0,0,SHADOW,SHADOW,,,6.1927,9.9839
2026-09-07T12:24:00,79446.70,0,0,SHADOW,SHADOW,,,6.1927,9.9839
2026-09-07T12:25:00,79468.70,0,0,SHADOW,SHADOW,,,6.1927,9.9839
2026-09-07T12:26:00,79483.70,0,0,SHADOW,SHADOW,,,6.1927,9.9839
2026-09-07T12:27:00,79485.20,0,0,SHADOW,SHADOW,,,6.1927,9.9839
2026-09-07T12:28:00,79495.20,0,0,SHADOW,SHADOW,,,6.1927,9.9839
2026-09-07T12:29:00,79487.90,0,0,SHADOW,SHADOW,,,6.1927,9.9839
2026-09-07T12:30:00,79480.10,0,0,SHADOW,SHADOW,,,6.1927,9.9839
2026-09-07T12:31:00,79480.20,0,0,SHADOW,SHADOW,,,6.1927,9.9839
2026-09-07T12:32:00,79468.10,0,0,SHADOW,SHADOW,,,6.1927,9.9839
2026-09-07T12:33:00,79473.50,0,0,SHADOW,SHADOW,,,6.1927,9.9839
2026-09-07T12:34:00,79464.30,0,0,SHADOW,SHADOW,,,6.1927,9.9839
2026-09-07T12:35:00,79460.40,0,0,SHADOW,SHADOW,,,6.1927,9.9839
2026-09-07T12:36:00,79463.60,0,0,SHADOW,SHADOW,,,6.1927,9.9839
2026-09-07T12:37:00,79459.20,0,0,SHADOW,SHADOW,,,6.1927,9.9839
2026-09-07T12:38:00,79446.90,0,0,SHADOW,SHADOW,,,6.1927,9.9839
2026-09-07T12:39:00,79419.80,0,0,SHADOW,SHADOW,,,6.1927,9.9839
2026-09-07T12:40:00,79421.20,0,0,SHADOW,SHADOW,,,6.1927,9.9839
2026-09-07T12:41:00,79435.90,0,0,SHADOW,SHADOW,,,6.1927,9.9839
2026-09-07T12:42:00,79439.60,0,0,SHADOW,SHADOW,,,6.1927,9.9839
2026-09-07T12:43:00,79439.60,0,0,SHADOW,SHADOW,,,6.1927,9.9839
2026-09-07T12:44:00,79439.50,0,0,SHADOW,SHADOW,,,6.1927,9.9839
2026-09-07T12:45:00,79436.30,0,0,SHADOW,SHADOW,,,6.1927,9.9839
2026-09-07T12:46:00,79451.50,0,0,SHADOW,SHADOW,,,6.1927,9.9839
2026-09-07T12:47:00,79459.40,0,0,SHADOW,SHADOW,,,6.1927,9.9839
2026-09-07T12:48:00,79496.90,0,0,SHADOW,SHADOW,,,6.1927,9.9839
2026-09-07T12:49:00,79484.10,0,0,SHADOW,SHADOW,,,6.1927,9.9839
2026-09-07T12:50:00,79512.40,0,0,SHADOW,SHADOW,,,6.1927,9.9839
2026-09-07T12:51:00,79525.00,0,0,SHADOW,SHADOW,,,6.1927,9.9839
2026-09-07T12:52:00,79515.40,0,0,SHADOW,SHADOW,,,6.1927,9.9839
2026-09-07T12:53:00,79569.60,0,0,SHADOW,SHADOW,,,6.1927,9.9839
2026-09-07T12:54:00,79565.40,0,0,SHADOW,SHADOW,,,6.1927,9.9839
2026-09-07T12:55:00,79575.90,0,0,SHADOW,SHADOW,,,6.1927,9.9839
2026-09-07T12:56:00,79566.60,0,0,SHADOW,SHADOW,,,6.1927,9.9839
2026-09-07T12:57:00,79589.90,0,0,SHADOW,SHADOW,,,6.1927,9.9839
2026-09-07T12:58:00,79584.30,0,0,SHADOW,SHADOW,,,6.1927,9.9839
2026-09-07T12:59:00,79567.40,0,0,SHADOW,SHADOW,,,6.1927,9.9839
2026-09-07T13:00:00,79555.70,0,0,SHADOW,SHADOW,,,6.1927,9.9839
2026-09-07T13:01:00,79531.40,0,0,SHADOW,SHADOW,,,6.1927,9.9839
2026-09-07T13:02:00,79506.80,0,0,SHADOW,SHADOW,,,6.1927,9.9839
2026-09-07T13:03:00,79499.90,0,0,SHADOW,SHADOW,,,6.1927,9.9839
2026-09-07T13:04:00,79563.00,0,0,SHADOW,SHADOW,,,6.1927,9.9839
2026-09-07T13:05:00,79504.20,0,0,SHADOW,SHADOW,,,6.1927,9.9839
2026-09-07T13:06:00,79505.40,0,0,SHADOW,SHADOW,,,6.1927,9.9839
2026-09-07T13:07:00,79498.50,0,0,SHADOW,SHADOW,,,6.1927,9.9839
2026-09-07T13:08:00,79497.70,0,0,SHADOW,SHADOW,,,6.1927,9.9839
2026-09-07T13:09:00,79533.60,0,0,SHADOW,SHADOW,,,6.1927,9.9839
2026-09-07T13:10:00,79590.60,0,0,SHADOW,SHADOW,,,6.1927,9.9839
2026-09-07T13:11:00,79567.90,0,0,SHADOW,SHADOW,,,6.1927,9.9839
2026-09-07T13:12:00,79539.00,0,0,SHADOW,SHADOW,,,6.1927,9.9839
2026-09-07T13:13:00,79535.90,0,0,SHADOW,SHADOW,,,6.1927,9.9839
2026-09-07T13:14:00,79590.20,0,0,SHADOW,SHADOW,,,6.1927,9.9839
2026-09-07T13:15:00,79568.10,0,0,SHADOW,SHADOW,,,6.1927,9.9839
2026-09-07T13:16:00,79560.40,0,0,SHADOW,SHADOW,,,6.1927,9.9839
2026-09-07T13:17:00,79535.20,0,0,SHADOW,SHADOW,,,6.1927,9.9839
2026-09-07T13:18:00,79565.30,0,0,SHADOW,SHADOW,,,6.1927,9.9839
2026-09-07T13:19:00,79584.00,0,0,SHADOW,SHADOW,,,6.1927,9.9839
2026-09-07T13:20:00,79598.20,0,0,SHADOW,SHADOW,,,6.1927,9.9839
2026-09-07T13:21:00,79590.10,0,0,SHADOW,SHADOW,,,6.1927,9.9839
2026-09-07T13:22:00,79588.10,0,0,SHADOW,SHADOW,,,6.1927,9.9839
2026-09-07T13:23:00,79595.30,0,0,SHADOW,SHADOW,,,6.1927,9.9839
2026-09-07T13:24:00,79597.10,0,0,SHADOW,SHADOW,,,6.1927,9.9839
2026-09-07T13:25:00,79597.10,0,0,SHADOW,SHADOW,,,6.1927,9.9839
2026-09-07T13:26:00,79595.10,0,0,SHADOW,SHADOW,,,6.1927,9.9839
2026-09-07T13:27:00,79585.20,0,0,SHADOW,SHADOW,,,6.1927,9.9839
2026-09-07T13:28:00,79581.10,0,0,SHADOW,SHADOW,,,6.1927,9.9839
2026-09-07T13:29:00,79605.10,0,0,SHADOW,SHADOW,,,6.1927,9.9839
2026-09-07T13:30:00,79579.70,0,0,SHADOW,SHADOW,,,6.1927,9.9839
2026-09-07T13:31:00,79586.10,0,0,SHADOW,SHADOW,,,6.1927,9.9839
2026-09-07T13:32:00,79500.90,0,0,SHADOW,SHADOW,,,6.1927,9.9839
2026-09-07T13:33:00,79443.80,0,0,SHADOW,SHADOW,,,6.1927,9.9839
2026-09-07T13:34:00,79367.80,0,0,SHADOW,SHADOW,,,6.1927,9.9839
2026-09-07T13:35:00,79332.30,0,0,SHADOW,SHADOW,,,6.1927,9.9839
2026-09-07T13:36:00,79326.70,0,0,SHADOW,SHADOW,,,6.1927,9.9839
2026-09-07T13:37:00,79359.10,0,0,SHADOW,SHADOW,,,6.1927,9.9839
2026-09-07T13:38:00,79385.00,0,0,SHADOW,SHADOW,,,6.1927,9.9839
2026-09-07T13:39:00,79378.90,0,0,SHADOW,SHADOW,,,6.1927,9.9839
2026-09-07T13:40:00,79349.70,0,0,SHADOW,SHADOW,,,6.1927,9.9839
2026-09-07T13:41:00,79328.40,0,0,SHADOW,SHADOW,,,6.1927,9.9839
2026-09-07T13:42:00,79347.40,0,0,SHADOW,SHADOW,,,6.1927,9.9839
2026-09-07T13:43:00,79334.80,0,0,SHADOW,SHADOW,,,6.1927,9.9839
2026-09-07T13:44:00,79338.10,0,0,SHADOW,SHADOW,,,6.1927,9.9839
2026-09-07T13:45:00,79338.50,0,0,SHADOW,SHADOW,,,6.1927,9.9839
2026-09-07T13:46:00,79289.20,0,0,SHADOW,SHADOW,,,6.1927,9.9839
2026-09-07T13:47:00,79297.50,0,0,SHADOW,SHADOW,,,6.1927,9.9839
2026-09-07T13:48:00,79312.60,0,0,SHADOW,SHADOW,,,6.1927,9.9839
2026-09-07T13:49:00,79279.80,0,0,SHADOW,SHADOW,,,6.1927,9.9839
2026-09-07T13:50:00,79284.80,0,0,SHADOW,SHADOW,,,6.1927,9.9839
2026-09-07T13:51:00,79299.30,0,0,SHADOW,SHADOW,,,6.1927,9.9839
2026-09-07T13:52:00,79318.80,0,0,SHADOW,SHADOW,,,6.1927,9.9839
2026-09-07T13:53:00,79359.10,0,0,SHADOW,SHADOW,,,6.1927,9.9839
2026-09-07T13:54:00,79367.30,0,0,SHADOW,SHADOW,,,6.1927,9.9839
2026-09-07T13:55:00,79372.80,0,0,SHADOW,SHADOW,,,6.1927,9.9839
2026-09-07T13:56:00,79348.10,0,0,SHADOW,SHADOW,,,6.1927,9.9839
2026-09-07T13:57:00,79343.70,0,0,SHADOW,SHADOW,,,6.1927,9.9839
2026-09-07T13:58:00,79341.20,0,0,SHADOW,SHADOW,,,6.1927,9.9839
2026-09-07T13:59:00,79314.40,0,0,SHADOW,SHADOW,,,6.1927,9.9839
2026-09-07T14:00:00,79349.00,0,0,SHADOW,SHADOW,,,6.1927,9.9839
2026-09-07T14:01:00,79340.00,0,0,SHADOW,SHADOW,,,6.1927,9.9839
2026-09-07T14:02:00,79359.40,0,0,SHADOW,SHADOW,,,6.1927,9.9839
2026-09-07T14:03:00,79359.50,0,0,SHADOW,SHADOW,,,6.1927,9.9839
2026-09-07T14:04:00,79302.40,0,0,SHADOW,SHADOW,,,6.1927,9.9839
2026-09-07T14:05:00,79265.20,0,0,SHADOW,SHADOW,,,6.1927,9.9839
2026-09-07T14:06:00,79151.90,0,0,SHADOW,SHADOW,,,6.1927,9.9839
2026-09-07T14:07:00,79100.00,0,0,SHADOW,SHADOW,,,6.1927,9.9839
2026-09-07T14:08:00,79123.60,0,0,SHADOW,SHADOW,,,6.1927,9.9839
2026-09-07T14:09:00,79110.60,0,0,SHADOW,SHADOW,,,6.1927,9.9839
2026-09-07T14:10:00,79169.60,0,0,SHADOW,SHADOW,,,6.1927,9.9839
2026-09-07T14:11:00,79169.80,0,0,SHADOW,SHADOW,,,6.1927,9.9839
2026-09-07T14:12:00,79130.00,0,0,SHADOW,SHADOW,,,6.1927,9.9839
2026-09-07T14:13:00,79081.20,0,0,SHADOW,SHADOW,,,6.1927,9.9839
2026-09-07T14:14:00,79145.40,0,0,SHADOW,SHADOW,,,6.1927,9.9839
2026-09-07T14:15:00,79132.20,0,0,SHADOW,SHADOW,,,6.1927,9.9839
2026-09-07T14:16:00,79185.30,0,0,SHADOW,SHADOW,,,6.1927,9.9839
2026-09-07T14:17:00,79121.30,0,0,SHADOW,SHADOW,,,6.1927,9.9839
2026-09-07T14:18:00,79106.30,0,0,SHADOW,SHADOW,,,6.1927,9.9839
2026-09-07T14:19:00,79097.70,0,0,SHADOW,SHADOW,,,6.1927,9.9839
2026-09-07T14:20:00,79092.40,0,0,SHADOW,SHADOW,,,6.1927,9.9839
2026-09-07T14:21:00,79038.60,0,0,SHADOW,SHADOW,,,6.1927,9.9839
2026-09-07T14:22:00,79076.90,0,0,SHADOW,SHADOW,,,6.1927,9.9839
2026-09-07T14:23:00,79040.30,0,0,SHADOW,SHADOW,,,6.1927,9.9839
2026-09-07T14:24:00,79042.90,0,0,SHADOW,SHADOW,,,6.1927,9.9839
2026-09-07T14:25:00,79071.10,0,0,SHADOW,SHADOW,,,6.1927,9.9839
2026-09-07T14:26:00,79093.30,0,0,SHADOW,SHADOW,,,6.1927,9.9839
2026-09-07T14:27:00,79067.70,0,0,SHADOW,SHADOW,,,6.1927,9.9839
2026-09-07T14:28:00,79060.60,0,0,SHADOW,SHADOW,,,6.1927,9.9839
2026-09-07T14:29:00,79016.10,0,0,SHADOW,SHADOW,,,6.1927,9.9839
2026-09-07T14:30:00,78980.40,0,0,SHADOW,SHADOW,,,6.1927,9.9839
2026-09-07T14:31:00,78997.60,0,0,SHADOW,SHADOW,,,6.1927,9.9839
2026-09-07T14:32:00,79010.40,0,0,SHADOW,SHADOW,,,6.1927,9.9839
2026-09-07T14:33:00,78979.30,0,0,SHADOW,SHADOW,,,6.1927,9.9839
2026-09-07T14:34:00,79012.00,0,0,SHADOW,SHADOW,,,6.1927,9.9839
2026-09-07T14:35:00,79045.30,0,0,SHADOW,SHADOW,,,6.1927,9.9839
2026-09-07T14:36:00,79046.20,0,0,SHADOW,SHADOW,,,6.1927,9.9839
2026-09-07T14:37:00,79038.40,0,0,SHADOW,SHADOW,,,6.1927,9.9839
2026-09-07T14:38:00,79000.10,0,0,SHADOW,SHADOW,,,6.1927,9.9839
2026-09-07T14:39:00,79000.00,0,0,SHADOW,SHADOW,,,6.1927,9.9839
2026-09-07T14:40:00,78989.50,0,0,SHADOW,SHADOW,,,6.1927,9.9839
2026-09-07T14:41:00,78963.40,0,0,SHADOW,SHADOW,,,6.1927,9.9839
2026-09-07T14:42:00,78989.50,0,0,SHADOW,SHADOW,,,6.1927,9.9839
2026-09-07T14:43:00,79018.50,0,0,SHADOW,SHADOW,,,6.1927,9.9839
2026-09-07T14:44:00,78992.30,0,0,SHADOW,SHADOW,,,6.1927,9.9839
2026-09-07T14:45:00,79010.60,0,0,SHADOW,SHADOW,,,6.1927,9.9839
2026-09-07T14:46:00,78996.90,0,0,SHADOW,SHADOW,,,6.1927,9.9839
2026-09-07T14:47:00,79008.00,0,0,SHADOW,SHADOW,,,6.1927,9.9839
2026-09-07T14:48:00,79019.40,0,0,SHADOW,SHADOW,,,6.1927,9.9839
2026-09-07T14:49:00,79045.30,0,0,SHADOW,SHADOW,,,6.1927,9.9839
2026-09-07T14:50:00,79045.30,0,0,SHADOW,SHADOW,,,6.1927,9.9839
2026-09-07T14:51:00,79061.60,0,0,SHADOW,SHADOW,,,6.1927,9.9839
2026-09-07T14:52:00,79162.10,0,0,SHADOW,SHADOW,,,6.1927,9.9839
2026-09-07T14:53:00,79202.30,0,0,SHADOW,SHADOW,,,6.1927,9.9839
2026-09-07T14:54:00,79215.90,0,0,SHADOW,SHADOW,,,6.1927,9.9839
2026-09-07T14:55:00,79172.60,0,0,SHADOW,SHADOW,,,6.1927,9.9839
2026-09-07T14:56:00,79183.00,0,0,SHADOW,SHADOW,,,6.1927,9.9839
2026-09-07T14:57:00,79175.50,0,0,SHADOW,SHADOW,,,6.1927,9.9839
2026-09-07T14:58:00,79157.70,0,0,SHADOW,SHADOW,,,6.1927,9.9839
2026-09-07T14:59:00,79152.20,0,0,SHADOW,SHADOW,,,6.1927,9.9839
2026-09-07T15:00:00,79125.80,0,0,SHADOW,SHADOW,,,6.1927,9.9839
2026-09-07T15:01:00,79142.80,0,0,SHADOW,SHADOW,,,6.1927,9.9839
2026-09-07T15:02:00,79107.10,0,0,SHADOW,SHADOW,,,6.1927,9.9839
2026-09-07T15:03:00,79087.80,0,0,SHADOW,SHADOW,,,6.1927,9.9839
2026-09-07T15:04:00,79080.60,0,0,SHADOW,SHADOW,,,6.1927,9.9839
2026-09-07T15:05:00,79050.10,0,0,SHADOW,SHADOW,,,6.1927,9.9839
2026-09-07T15:06:00,79011.80,0,0,SHADOW,SHADOW,,,6.1927,9.9839
2026-09-07T15:07:00,79019.50,0,0,SHADOW,SHADOW,,,6.1927,9.9839
2026-09-07T15:08:00,79029.60,0,0,SHADOW,SHADOW,,,6.1927,9.9839
2026-09-07T15:09:00,79053.10,0,0,SHADOW,SHADOW,,,6.1927,9.9839
2026-09-07T15:10:00,79062.50,0,0,SHADOW,SHADOW,,,6.1927,9.9839
2026-09-07T15:11:00,79035.30,0,0,SHADOW,SHADOW,,,6.1927,9.9839
2026-09-07T15:12:00,79029.90,0,0,SHADOW,SHADOW,,,6.1927,9.9839
2026-09-07T15:13:00,79045.00,0,0,SHADOW,SHADOW,,,6.1927,9.9839
2026-09-07T15:14:00,79003.00,0,0,SHADOW,SHADOW,,,6.1927,9.9839
2026-09-07T15:15:00,79015.70,0,0,SHADOW,SHADOW,,,6.1927,9.9839
2026-09-07T15:16:00,79001.40,0,0,SHADOW,SHADOW,,,6.1927,9.9839
2026-09-07T15:17:00,78961.30,0,0,SHADOW,SHADOW,,,6.1927,9.9839
2026-09-07T15:18:00,79004.20,0,0,SHADOW,SHADOW,,,6.1927,9.9839
2026-09-07T15:19:00,79103.00,0,0,SHADOW,SHADOW,,,6.1927,9.9839
2026-09-07T15:20:00,79030.30,0,0,SHADOW,SHADOW,,,6.1927,9.9839
2026-09-07T15:21:00,79061.10,0,0,SHADOW,SHADOW,,,6.1927,9.9839
2026-09-07T15:22:00,79053.40,0,0,SHADOW,SHADOW,,,6.1927,9.9839
2026-09-07T15:23:00,79059.40,0,0,SHADOW,SHADOW,,,6.1927,9.9839
2026-09-07T15:24:00,79069.00,0,0,SHADOW,SHADOW,,,6.1927,9.9839
2026-09-07T15:25:00,79080.30,0,0,SHADOW,SHADOW,,,6.1927,9.9839
2026-09-07T15:26:00,79048.70,0,0,SHADOW,SHADOW,,,6.1927,9.9839
2026-09-07T15:27:00,79033.30,0,0,SHADOW,SHADOW,,,6.1927,9.9839
2026-09-07T15:28:00,79013.50,0,0,SHADOW,SHADOW,,,6.1927,9.9839
2026-09-07T15:29:00,78992.70,0,0,SHADOW,SHADOW,,,6.1927,9.9839
2026-09-07T15:30:00,78933.30,0,0,SHADOW,SHADOW,,,6.1927,9.9839
2026-09-07T15:31:00,78890.10,0,0,SHADOW,SHADOW,,,6.1927,9.9839
2026-09-07T15:32:00,78870.90,0,0,SHADOW,SHADOW,,,6.1927,9.9839
2026-09-07T15:33:00,78825.00,0,0,SHADOW,SHADOW,,,6.1927,9.9839
2026-09-07T15:34:00,78805.30,0,0,SHADOW,SHADOW,,,6.1927,9.9839
2026-09-07T15:35:00,78842.30,0,0,SHADOW,SHADOW,,,6.1927,9.9839
2026-09-07T15:36:00,78785.50,0,0,SHADOW,SHADOW,,,6.1927,9.9839
2026-09-07T15:37:00,78756.10,0,0,SHADOW,SHADOW,,,6.1927,9.9839
2026-09-07T15:38:00,78733.40,0,0,SHADOW,SHADOW,,,6.1927,9.9839
2026-09-07T15:39:00,78733.70,0,0,SHADOW,SHADOW,,,6.1927,9.9839
2026-09-07T15:40:00,78694.20,0,0,SHADOW,SHADOW,,,6.1927,9.9839
2026-09-07T15:41:00,78662.80,0,0,SHADOW,SHADOW,,,6.1927,9.9839
2026-09-07T15:42:00,78730.00,0,0,SHADOW,SHADOW,,,6.1927,9.9839
2026-09-07T15:43:00,78730.00,0,0,SHADOW,SHADOW,,,6.1927,9.9839
2026-09-07T15:44:00,78741.30,0,0,SHADOW,SHADOW,,,6.1927,9.9839
2026-09-07T15:45:00,78685.00,0,0,SHADOW,SHADOW,,,6.1927,9.9839
2026-09-07T15:46:00,78701.20,0,0,SHADOW,SHADOW,,,6.1927,9.9839
2026-09-07T15:47:00,78733.20,0,0,SHADOW,SHADOW,,,6.1927,9.9839
2026-09-07T15:48:00,78791.20,0,0,SHADOW,SHADOW,,,6.1927,9.9839
2026-09-07T15:49:00,78809.40,0,0,SHADOW,SHADOW,,,6.1927,9.9839
2026-09-07T15:50:00,78812.30,0,0,SHADOW,SHADOW,,,6.1927,9.9839
2026-09-07T15:51:00,78794.20,0,0,SHADOW,SHADOW,,,6.1927,9.9839
2026-09-07T15:52:00,78801.90,0,0,SHADOW,SHADOW,,,6.1927,9.9839
2026-09-07T15:53:00,78789.90,0,0,SHADOW,SHADOW,,,6.1927,9.9839
2026-09-07T15:54:00,78799.40,0,0,SHADOW,SHADOW,,,6.1927,9.9839
2026-09-07T15:55:00,78755.10,0,0,SHADOW,SHADOW,,,6.1927,9.9839
2026-09-07T15:56:00,78700.00,0,0,SHADOW,SHADOW,,,6.1927,9.9839
2026-09-07T15:57:00,78754.90,0,0,SHADOW,SHADOW,,,6.1927,9.9839
2026-09-07T15:58:00,78813.30,0,0,SHADOW,SHADOW,,,6.1927,9.9839
2026-09-07T15:59:00,78786.10,0,0,SHADOW,SHADOW,,,6.1927,9.9839
2026-09-07T16:00:00,78824.20,0,0,SHADOW,SHADOW,,,6.1927,9.9839
2026-09-07T16:01:00,78830.00,0,0,SHADOW,SHADOW,,,6.1927,9.9839
2026-09-07T16:02:00,78875.90,0,0,SHADOW,SHADOW,,,6.1927,9.9839
2026-09-07T16:03:00,78864.40,0,0,SHADOW,SHADOW,,,6.1927,9.9839
2026-09-07T16:04:00,78824.40,0,0,SHADOW,SHADOW,,,6.1927,9.9839
2026-09-07T16:05:00,78851.70,0,0,SHADOW,SHADOW,,,6.1927,9.9839
2026-09-07T16:06:00,78823.80,0,0,SHADOW,SHADOW,,,6.1927,9.9839
2026-09-07T16:07:00,78828.00,0,0,SHADOW,SHADOW,,,6.1927,9.9839
2026-09-07T16:08:00,78845.70,0,0,SHADOW,SHADOW,,,6.1927,9.9839
2026-09-07T16:09:00,78839.90,0,0,SHADOW,SHADOW,,,6.1927,9.9839
2026-09-07T16:10:00,78841.20,0,0,SHADOW,SHADOW,,,6.1927,9.9839
2026-09-07T16:11:00,78842.90,0,0,SHADOW,SHADOW,,,6.1927,9.9839
2026-09-07T16:12:00,78867.40,0,0,SHADOW,SHADOW,,,6.1927,9.9839
2026-09-07T16:13:00,78864.20,0,0,SHADOW,SHADOW,,,6.1927,9.9839
2026-09-07T16:14:00,78871.60,0,0,SHADOW,SHADOW,,,6.1927,9.9839
2026-09-07T16:15:00,78840.10,0,0,SHADOW,SHADOW,,,6.1927,9.9839
2026-09-07T16:16:00,78817.80,0,0,SHADOW,SHADOW,,,6.1927,9.9839
2026-09-07T16:17:00,78835.20,0,0,SHADOW,SHADOW,,,6.1927,9.9839
2026-09-07T16:18:00,78860.80,0,0,SHADOW,SHADOW,,,6.1927,9.9839
2026-09-07T16:19:00,78854.20,0,0,SHADOW,SHADOW,,,6.1927,9.9839
2026-09-07T16:20:00,78842.60,0,0,SHADOW,SHADOW,,,6.1927,9.9839
2026-09-07T16:21:00,78826.20,0,0,SHADOW,SHADOW,,,6.1927,9.9839
2026-09-07T16:22:00,78820.10,0,0,SHADOW,SHADOW,,,6.1927,9.9839
2026-09-07T16:23:00,78814.10,0,0,SHADOW,SHADOW,,,6.1927,9.9839
2026-09-07T16:24:00,78788.90,0,0,SHADOW,SHADOW,,,6.1927,9.9839
2026-09-07T16:25:00,78785.80,0,0,SHADOW,SHADOW,,,6.1927,9.9839
2026-09-07T16:26:00,78766.10,0,0,SHADOW,SHADOW,,,6.1927,9.9839
2026-09-07T16:27:00,78789.50,0,0,SHADOW,SHADOW,,,6.1927,9.9839
2026-09-07T16:28:00,78817.90,0,0,SHADOW,SHADOW,,,6.1927,9.9839
2026-09-07T16:29:00,78798.10,0,0,SHADOW,SHADOW,,,6.1927,9.9839
2026-09-07T16:30:00,78803.40,0,0,SHADOW,SHADOW,,,6.1927,9.9839
2026-09-07T16:31:00,78825.90,0,0,SHADOW,SHADOW,,,6.1927,9.9839
2026-09-07T16:32:00,78890.00,0,0,SHADOW,SHADOW,,,6.1927,9.9839
2026-09-07T16:33:00,78864.90,0,0,SHADOW,SHADOW,,,6.1927,9.9839
2026-09-07T16:34:00,78902.60,0,0,SHADOW,SHADOW,,,6.1927,9.9839
2026-09-07T16:35:00,78938.80,0,0,SHADOW,SHADOW,,,6.1927,9.9839
2026-09-07T16:36:00,78937.70,0,0,SHADOW,SHADOW,,,6.1927,9.9839
2026-09-07T16:37:00,78965.30,0,0,SHADOW,SHADOW,,,6.1927,9.9839
2026-09-07T16:38:00,78980.00,0,0,SHADOW,SHADOW,,,6.1927,9.9839
2026-09-07T16:39:00,78980.80,0,0,SHADOW,SHADOW,,,6.1927,9.9839
2026-09-07T16:40:00,78969.10,0,0,SHADOW,SHADOW,,,6.1927,9.9839
2026-09-07T16:41:00,78993.00,0,0,SHADOW,SHADOW,,,6.1927,9.9839
2026-09-07T16:42:00,78984.40,0,0,SHADOW,SHADOW,,,6.1927,9.9839
2026-09-07T16:43:00,78975.20,0,0,SHADOW,SHADOW,,,6.1927,9.9839
2026-09-07T16:44:00,78964.20,0,0,SHADOW,SHADOW,,,6.1927,9.9839
2026-09-07T16:45:00,78964.60,0,0,SHADOW,SHADOW,,,6.1927,9.9839
2026-09-07T16:46:00,78955.10,0,0,SHADOW,SHADOW,,,6.1927,9.9839
2026-09-07T16:47:00,78937.50,0,0,SHADOW,SHADOW,,,6.1927,9.9839
2026-09-07T16:48:00,78950.00,0,0,SHADOW,SHADOW,,,6.1927,9.9839
2026-09-07T16:49:00,78949.90,0,0,SHADOW,SHADOW,,,6.1927,9.9839
2026-09-07T16:50:00,78947.30,0,0,SHADOW,SHADOW,,,6.1927,9.9839
2026-09-07T16:51:00,78968.70,0,0,SHADOW,SHADOW,,,6.1927,9.9839
2026-09-07T16:52:00,78982.40,0,0,SHADOW,SHADOW,,,6.1927,9.9839
2026-09-07T16:53:00,78975.00,0,0,SHADOW,SHADOW,,,6.1927,9.9839
2026-09-07T16:54:00,78970.60,0,0,SHADOW,SHADOW,,,6.1927,9.9839
2026-09-07T16:55:00,78970.60,0,0,SHADOW,SHADOW,,,6.1927,9.9839
2026-09-07T16:56:00,78966.00,0,0,SHADOW,SHADOW,,,6.1927,9.9839
2026-09-07T16:57:00,78961.10,0,0,SHADOW,SHADOW,,,6.1927,9.9839
2026-09-07T16:58:00,78950.90,0,0,SHADOW,SHADOW,,,6.1927,9.9839
2026-09-07T16:59:00,78989.30,0,0,SHADOW,SHADOW,,,6.1927,9.9839
2026-09-07T17:00:00,78989.30,0,0,SHADOW,SHADOW,,,6.1927,9.9839
2026-09-07T17:01:00,78985.70,0,0,SHADOW,SHADOW,,,6.1927,9.9839
2026-09-07T17:02:00,78983.40,0,0,SHADOW,SHADOW,,,6.1927,9.9839
2026-09-07T17:03:00,78987.40,0,0,SHADOW,SHADOW,,,6.1927,9.9839
2026-09-07T17:04:00,78987.40,0,0,SHADOW,SHADOW,,,6.1927,9.9839
2026-09-07T17:05:00,78990.60,0,0,SHADOW,SHADOW,,,6.1927,9.9839
2026-09-07T17:06:00,79038.30,0,0,SHADOW,SHADOW,,,6.1927,9.9839
2026-09-07T17:07:00,79049.00,0,0,SHADOW,SHADOW,,,6.1927,9.9839
2026-09-07T17:08:00,79053.90,0,0,SHADOW,SHADOW,,,6.1927,9.9839
2026-09-07T17:09:00,79051.60,0,0,SHADOW,SHADOW,,,6.1927,9.9839
2026-09-07T17:10:00,79070.00,0,0,SHADOW,SHADOW,,,6.1927,9.9839
2026-09-07T17:11:00,79073.70,0,0,SHADOW,SHADOW,,,6.1927,9.9839
2026-09-07T17:12:00,79090.00,0,0,SHADOW,SHADOW,,,6.1927,9.9839
2026-09-07T17:13:00,79106.60,0,0,SHADOW,SHADOW,,,6.1927,9.9839
2026-09-07T17:14:00,79120.10,0,0,SHADOW,SHADOW,,,6.1927,9.9839
2026-09-07T17:15:00,79085.20,0,0,SHADOW,SHADOW,,,6.1927,9.9839
2026-09-07T17:16:00,79088.10,0,0,SHADOW,SHADOW,,,6.1927,9.9839
2026-09-07T17:17:00,79103.10,0,0,SHADOW,SHADOW,,,6.1927,9.9839
2026-09-07T17:18:00,79104.50,0,0,SHADOW,SHADOW,,,6.1927,9.9839
2026-09-07T17:19:00,79110.30,0,0,SHADOW,SHADOW,,,6.1927,9.9839
2026-09-07T17:20:00,79115.80,0,0,SHADOW,SHADOW,,,6.1927,9.9839
2026-09-07T17:21:00,79075.00,0,0,SHADOW,SHADOW,,,6.1927,9.9839
2026-09-07T17:22:00,79102.60,0,0,SHADOW,SHADOW,,,6.1927,9.9839
2026-09-07T17:23:00,79084.00,0,0,SHADOW,SHADOW,,,6.1927,9.9839
2026-09-07T17:24:00,79084.00,0,0,SHADOW,SHADOW,,,6.1927,9.9839
2026-09-07T17:25:00,79071.90,0,0,SHADOW,SHADOW,,,6.1927,9.9839
2026-09-07T17:26:00,79079.20,0,0,SHADOW,SHADOW,,,6.1927,9.9839
2026-09-07T17:27:00,79068.60,0,0,SHADOW,SHADOW,,,6.1927,9.9839
2026-09-07T17:28:00,79107.80,0,0,SHADOW,SHADOW,,,6.1927,9.9839
2026-09-07T17:29:00,79090.00,0,0,SHADOW,SHADOW,,,6.1927,9.9839
2026-09-07T17:30:00,79083.60,0,0,SHADOW,SHADOW,,,6.1927,9.9839
2026-09-07T17:31:00,79087.50,0,0,SHADOW,SHADOW,,,6.1927,9.9839
2026-09-07T17:32:00,79070.40,0,0,SHADOW,SHADOW,,,6.1927,9.9839
2026-09-07T17:33:00,79070.70,0,0,SHADOW,SHADOW,,,6.1927,9.9839
2026-09-07T17:34:00,79061.70,0,0,SHADOW,SHADOW,,,6.1927,9.9839
2026-09-07T17:35:00,79049.40,0,0,SHADOW,SHADOW,,,6.1927,9.9839
2026-09-07T17:36:00,79079.50,0,0,SHADOW,SHADOW,,,6.1927,9.9839
2026-09-07T17:37:00,79090.00,0,0,SHADOW,SHADOW,,,6.1927,9.9839
2026-09-07T17:38:00,79089.20,0,0,SHADOW,SHADOW,,,6.1927,9.9839
2026-09-07T17:39:00,79102.50,0,0,SHADOW,SHADOW,,,6.1927,9.9839
2026-09-07T17:40:00,79120.50,0,0,SHADOW,SHADOW,,,6.1927,9.9839
2026-09-07T17:41:00,79139.90,0,0,SHADOW,SHADOW,,,6.1927,9.9839
2026-09-07T17:42:00,79137.00,0,0,SHADOW,SHADOW,,,6.1927,9.9839
2026-09-07T17:43:00,79118.70,0,0,SHADOW,SHADOW,,,6.1927,9.9839
2026-09-07T17:44:00,79122.70,0,0,SHADOW,SHADOW,,,6.1927,9.9839
2026-09-07T17:45:00,79150.00,0,0,SHADOW,SHADOW,,,6.1927,9.9839
2026-09-07T17:46:00,79124.10,0,0,SHADOW,SHADOW,,,6.1927,9.9839
2026-09-07T17:47:00,79128.50,0,0,SHADOW,SHADOW,,,6.1927,9.9839
2026-09-07T17:48:00,79111.00,0,0,SHADOW,SHADOW,,,6.1927,9.9839
2026-09-07T17:49:00,79130.80,0,0,SHADOW,SHADOW,,,6.1927,9.9839
2026-09-07T17:50:00,79146.50,0,0,SHADOW,SHADOW,,,6.1927,9.9839
2026-09-07T17:51:00,79168.20,0,0,SHADOW,SHADOW,,,6.1927,9.9839
2026-09-07T17:52:00,79163.50,0,0,SHADOW,SHADOW,,,6.1927,9.9839
2026-09-07T17:53:00,79163.60,0,0,SHADOW,SHADOW,,,6.1927,9.9839
2026-09-07T17:54:00,79140.70,0,0,SHADOW,SHADOW,,,6.1927,9.9839
2026-09-07T17:55:00,79148.50,0,0,SHADOW,SHADOW,,,6.1927,9.9839
2026-09-07T17:56:00,79144.80,0,0,SHADOW,SHADOW,,,6.1927,9.9839
2026-09-07T17:57:00,79138.00,0,0,SHADOW,SHADOW,,,6.1927,9.9839
2026-09-07T17:58:00,79153.40,0,0,SHADOW,SHADOW,,,6.1927,9.9839
2026-09-07T17:59:00,79153.50,0,0,SHADOW,SHADOW,,,6.1927,9.9839
2026-09-07T18:00:00,79175.80,0,0,SHADOW,SHADOW,,,6.1927,9.9839
2026-09-07T18:01:00,79165.90,0,0,SHADOW,SHADOW,,,6.1927,9.9839
2026-09-07T18:02:00,79138.00,0,0,SHADOW,SHADOW,,,6.1927,9.9839
2026-09-07T18:03:00,79138.00,0,0,SHADOW,SHADOW,,,6.1927,9.9839
2026-09-07T18:04:00,79138.10,0,0,SHADOW,SHADOW,,,6.1927,9.9839
2026-09-07T18:05:00,79130.70,0,0,SHADOW,SHADOW,,,6.1927,9.9839
2026-09-07T18:06:00,79165.70,0,0,SHADOW,SHADOW,,,6.1927,9.9839
2026-09-07T18:07:00,79159.00,0,0,SHADOW,SHADOW,,,6.1927,9.9839
2026-09-07T18:08:00,79115.10,0,0,SHADOW,SHADOW,,,6.1927,9.9839
2026-09-07T18:09:00,79143.20,0,0,SHADOW,SHADOW,,,6.1927,9.9839
2026-09-07T18:10:00,79144.90,0,0,SHADOW,SHADOW,,,6.1927,9.9839
2026-09-07T18:11:00,79164.80,0,0,SHADOW,SHADOW,,,6.1927,9.9839
2026-09-07T18:12:00,79159.50,0,0,SHADOW,SHADOW,,,6.1927,9.9839
2026-09-07T18:13:00,79136.30,0,0,SHADOW,SHADOW,,,6.1927,9.9839
2026-09-07T18:14:00,79139.20,0,0,SHADOW,SHADOW,,,6.1927,9.9839
2026-09-07T18:15:00,79159.70,0,0,SHADOW,SHADOW,,,6.1927,9.9839
2026-09-07T18:16:00,79148.30,0,0,SHADOW,SHADOW,,,6.1927,9.9839
2026-09-07T18:17:00,79136.80,0,0,SHADOW,SHADOW,,,6.1927,9.9839
2026-09-07T18:18:00,79144.70,0,0,SHADOW,SHADOW,,,6.1927,9.9839
2026-09-07T18:19:00,79159.60,0,0,SHADOW,SHADOW,,,6.1927,9.9839
2026-09-07T18:20:00,79153.50,0,0,SHADOW,SHADOW,,,6.1927,9.9839
2026-09-07T18:21:00,79153.60,0,0,SHADOW,SHADOW,,,6.1927,9.9839
2026-09-07T18:22:00,79130.20,0,0,SHADOW,SHADOW,,,6.1927,9.9839
2026-09-07T18:23:00,79104.60,0,0,SHADOW,SHADOW,,,6.1927,9.9839
2026-09-07T18:24:00,79116.90,0,0,SHADOW,SHADOW,,,6.1927,9.9839
2026-09-07T18:25:00,79114.20,0,0,SHADOW,SHADOW,,,6.1927,9.9839
2026-09-07T18:26:00,79118.90,0,0,SHADOW,SHADOW,,,6.1927,9.9839
2026-09-07T18:27:00,79101.90,0,0,SHADOW,SHADOW,,,6.1927,9.9839
2026-09-07T18:28:00,79101.90,0,0,SHADOW,SHADOW,,,6.1927,9.9839
2026-09-07T18:29:00,79109.20,0,0,SHADOW,SHADOW,,,6.1927,9.9839
2026-09-07T18:30:00,79090.90,0,0,SHADOW,SHADOW,,,6.1927,9.9839
2026-09-07T18:31:00,79097.40,0,0,SHADOW,SHADOW,,,6.1927,9.9839
2026-09-07T18:32:00,79074.80,0,0,SHADOW,SHADOW,,,6.1927,9.9839
2026-09-07T18:33:00,79061.90,0,0,SHADOW,SHADOW,,,6.1927,9.9839
2026-09-07T18:34:00,79074.00,0,0,SHADOW,SHADOW,,,6.1927,9.9839
2026-09-07T18:35:00,79098.00,0,0,SHADOW,SHADOW,,,6.1927,9.9839
2026-09-07T18:36:00,79095.60,0,0,SHADOW,SHADOW,,,6.1927,9.9839
2026-09-07T18:37:00,79074.60,0,0,SHADOW,SHADOW,,,6.1927,9.9839
2026-09-07T18:38:00,79074.70,0,0,SHADOW,SHADOW,,,6.1927,9.9839
2026-09-07T18:39:00,79074.80,0,0,SHADOW,SHADOW,,,6.1927,9.9839
2026-09-07T18:40:00,79082.60,0,0,SHADOW,SHADOW,,,6.1927,9.9839
2026-09-07T18:41:00,79087.80,0,0,SHADOW,SHADOW,,,6.1927,9.9839
2026-09-07T18:42:00,79115.10,0,0,SHADOW,SHADOW,,,6.1927,9.9839
2026-09-07T18:43:00,79104.00,0,0,SHADOW,SHADOW,,,6.1927,9.9839
2026-09-07T18:44:00,79120.30,0,0,SHADOW,SHADOW,,,6.1927,9.9839
2026-09-07T18:45:00,79119.70,0,0,SHADOW,SHADOW,,,6.1927,9.9839
2026-09-07T18:46:00,79118.30,0,0,SHADOW,SHADOW,,,6.1927,9.9839
2026-09-07T18:47:00,79115.70,0,0,SHADOW,SHADOW,,,6.1927,9.9839
2026-09-07T18:48:00,79123.30,0,0,SHADOW,SHADOW,,,6.1927,9.9839
2026-09-07T18:49:00,79168.40,0,0,SHADOW,SHADOW,,,6.1927,9.9839
2026-09-07T18:50:00,79171.70,0,0,SHADOW,SHADOW,,,6.1927,9.9839
2026-09-07T18:51:00,79177.60,0,0,SHADOW,SHADOW,,,6.1927,9.9839
2026-09-07T18:52:00,79186.40,0,0,SHADOW,SHADOW,,,6.1927,9.9839
2026-09-07T18:53:00,79182.30,0,0,SHADOW,SHADOW,,,6.1927,9.9839
2026-09-07T18:54:00,79182.30,0,0,SHADOW,SHADOW,,,6.1927,9.9839
2026-09-07T18:55:00,79173.90,0,0,SHADOW,SHADOW,,,6.1927,9.9839
2026-09-07T18:56:00,79135.00,0,0,SHADOW,SHADOW,,,6.1927,9.9839
2026-09-07T18:57:00,79147.90,0,0,SHADOW,SHADOW,,,6.1927,9.9839
2026-09-07T18:58:00,79158.60,0,0,SHADOW,SHADOW,,,6.1927,9.9839
2026-09-07T18:59:00,79158.60,0,0,SHADOW,SHADOW,,,6.1927,9.9839
2026-09-07T19:00:00,79153.90,0,0,SHADOW,SHADOW,,,6.1927,9.9839
2026-09-07T19:01:00,79140.10,0,0,SHADOW,SHADOW,,,6.1927,9.9839
2026-09-07T19:02:00,79128.90,0,0,SHADOW,SHADOW,,,6.1927,9.9839
2026-09-07T19:03:00,79121.60,0,0,SHADOW,SHADOW,,,6.1927,9.9839
2026-09-07T19:04:00,79143.00,0,0,SHADOW,SHADOW,,,6.1927,9.9839
2026-09-07T19:05:00,79151.60,0,0,SHADOW,SHADOW,,,6.1927,9.9839
2026-09-07T19:06:00,79147.00,0,0,SHADOW,SHADOW,,,6.1927,9.9839
2026-09-07T19:07:00,79131.70,0,0,SHADOW,SHADOW,,,6.1927,9.9839
2026-09-07T19:08:00,79134.70,0,0,SHADOW,SHADOW,,,6.1927,9.9839
2026-09-07T19:09:00,79117.10,0,0,SHADOW,SHADOW,,,6.1927,9.9839
2026-09-07T19:10:00,79122.60,0,0,SHADOW,SHADOW,,,6.1927,9.9839
2026-09-07T19:11:00,79118.00,0,0,SHADOW,SHADOW,,,6.1927,9.9839
2026-09-07T19:12:00,79118.20,0,0,SHADOW,SHADOW,,,6.1927,9.9839
2026-09-07T19:13:00,79131.40,0,0,SHADOW,SHADOW,,,6.1927,9.9839
2026-09-07T19:14:00,79131.40,0,0,SHADOW,SHADOW,,,6.1927,9.9839
2026-09-07T19:15:00,79131.30,0,0,SHADOW,SHADOW,,,6.1927,9.9839
2026-09-07T19:16:00,79143.80,0,0,SHADOW,SHADOW,,,6.1927,9.9839
2026-09-07T19:17:00,79143.70,0,0,SHADOW,SHADOW,,,6.1927,9.9839
2026-09-07T19:18:00,79143.70,0,0,SHADOW,SHADOW,,,6.1927,9.9839
2026-09-07T19:19:00,79143.60,0,0,SHADOW,SHADOW,,,6.1927,9.9839
2026-09-07T19:20:00,79149.80,0,0,SHADOW,SHADOW,,,6.1927,9.9839
2026-09-07T19:21:00,79162.80,0,0,SHADOW,SHADOW,,,6.1927,9.9839
2026-09-07T19:22:00,79191.60,0,0,SHADOW,SHADOW,,,6.1927,9.9839
2026-09-07T19:23:00,79200.40,0,0,SHADOW,SHADOW,,,6.1927,9.9839
2026-09-07T19:24:00,79205.80,0,0,SHADOW,SHADOW,,,6.1927,9.9839
2026-09-07T19:25:00,79183.90,0,0,SHADOW,SHADOW,,,6.1927,9.9839
2026-09-07T19:26:00,79181.00,0,0,SHADOW,SHADOW,,,6.1927,9.9839
2026-09-07T19:27:00,79198.30,0,0,SHADOW,SHADOW,,,6.1927,9.9839
2026-09-07T19:28:00,79185.50,0,0,SHADOW,SHADOW,,,6.1927,9.9839
2026-09-07T19:29:00,79201.60,0,0,SHADOW,SHADOW,,,6.1927,9.9839
2026-09-07T19:30:00,79205.10,0,0,SHADOW,SHADOW,,,6.1927,9.9839
2026-09-07T19:31:00,79225.00,0,0,SHADOW,SHADOW,,,6.1927,9.9839
2026-09-07T19:32:00,79301.90,0,0,SHADOW,SHADOW,,,6.1927,9.9839
2026-09-07T19:33:00,79278.70,0,0,SHADOW,SHADOW,,,6.1927,9.9839
2026-09-07T19:34:00,79335.40,0,0,SHADOW,SHADOW,,,6.1927,9.9839
2026-09-07T19:35:00,79375.10,0,0,SHADOW,SHADOW,,,6.1927,9.9839
2026-09-07T19:36:00,79337.20,0,0,SHADOW,SHADOW,,,6.1927,9.9839
2026-09-07T19:37:00,79352.50,0,0,SHADOW,SHADOW,,,6.1927,9.9839
2026-09-07T19:38:00,79330.00,0,0,SHADOW,SHADOW,,,6.1927,9.9839
2026-09-07T19:39:00,79330.40,0,0,SHADOW,SHADOW,,,6.1927,9.9839
2026-09-07T19:40:00,79327.00,0,0,SHADOW,SHADOW,,,6.1927,9.9839
2026-09-07T19:41:00,79301.30,0,0,SHADOW,SHADOW,,,6.1927,9.9839
2026-09-07T19:42:00,79307.40,0,0,SHADOW,SHADOW,,,6.1927,9.9839
2026-09-07T19:43:00,79316.10,0,0,SHADOW,SHADOW,,,6.1927,9.9839
2026-09-07T19:44:00,79304.10,0,0,SHADOW,SHADOW,,,6.1927,9.9839
2026-09-07T19:45:00,79307.40,0,0,SHADOW,SHADOW,,,6.1927,9.9839
2026-09-07T19:46:00,79311.20,0,0,SHADOW,SHADOW,,,6.1927,9.9839
2026-09-07T19:47:00,79306.50,0,0,SHADOW,SHADOW,,,6.1927,9.9839
2026-09-07T19:48:00,79306.40,0,0,SHADOW,SHADOW,,,6.1927,9.9839
2026-09-07T19:49:00,79330.00,0,0,SHADOW,SHADOW,,,6.1927,9.9839
2026-09-07T19:50:00,79343.90,0,0,SHADOW,SHADOW,,,6.1927,9.9839
2026-09-07T19:51:00,79335.90,0,0,SHADOW,SHADOW,,,6.1927,9.9839
2026-09-07T19:52:00,79344.20,0,0,SHADOW,SHADOW,,,6.1927,9.9839
2026-09-07T19:53:00,79350.10,0,0,SHADOW,SHADOW,,,6.1927,9.9839
2026-09-07T19:54:00,79330.10,0,0,SHADOW,SHADOW,,,6.1927,9.9839
2026-09-07T19:55:00,79324.20,0,0,SHADOW,SHADOW,,,6.1927,9.9839
2026-09-07T19:56:00,79320.00,0,0,SHADOW,SHADOW,,,6.1927,9.9839
2026-09-07T19:57:00,79316.50,0,0,SHADOW,SHADOW,,,6.1927,9.9839
2026-09-07T19:58:00,79310.30,0,0,SHADOW,SHADOW,,,6.1927,9.9839
2026-09-07T19:59:00,79325.30,0,0,SHADOW,SHADOW,,,6.1927,9.9839
2026-09-07T20:00:00,79332.80,0,0,SHADOW,SHADOW,,,6.1927,9.9839
2026-09-07T20:01:00,79321.50,0,0,SHADOW,SHADOW,,,6.1927,9.9839
2026-09-07T20:02:00,79312.50,0,0,SHADOW,SHADOW,,,6.1927,9.9839
2026-09-07T20:03:00,79293.20,0,0,SHADOW,SHADOW,,,6.1927,9.9839
2026-09-07T20:04:00,79290.00,0,0,SHADOW,SHADOW,,,6.1927,9.9839
2026-09-07T20:05:00,79247.90,0,0,SHADOW,SHADOW,,,6.1927,9.9839
2026-09-07T20:06:00,79233.10,0,0,SHADOW,SHADOW,,,6.1927,9.9839
2026-09-07T20:07:00,79201.10,0,0,SHADOW,SHADOW,,,6.1927,9.9839
2026-09-07T20:08:00,79237.70,0,0,SHADOW,SHADOW,,,6.1927,9.9839
2026-09-07T20:09:00,79219.70,0,0,SHADOW,SHADOW,,,6.1927,9.9839
2026-09-07T20:10:00,79224.20,0,0,SHADOW,SHADOW,,,6.1927,9.9839
2026-09-07T20:11:00,79215.30,0,0,SHADOW,SHADOW,,,6.1927,9.9839
2026-09-07T20:12:00,79193.00,0,0,SHADOW,SHADOW,,,6.1927,9.9839
2026-09-07T20:13:00,79207.90,0,0,SHADOW,SHADOW,,,6.1927,9.9839
2026-09-07T20:14:00,79205.10,0,0,SHADOW,SHADOW,,,6.1927,9.9839
2026-09-07T20:15:00,79204.30,0,0,SHADOW,SHADOW,,,6.1927,9.9839
2026-09-07T20:16:00,79202.70,0,0,SHADOW,SHADOW,,,6.1927,9.9839
2026-09-07T20:17:00,79213.00,0,0,SHADOW,SHADOW,,,6.1927,9.9839
2026-09-07T20:18:00,79227.40,0,0,SHADOW,SHADOW,,,6.1927,9.9839
2026-09-07T20:19:00,79229.60,0,0,SHADOW,SHADOW,,,6.1927,9.9839
2026-09-07T20:20:00,79192.20,0,0,SHADOW,SHADOW,,,6.1927,9.9839
2026-09-07T20:21:00,79185.10,0,0,SHADOW,SHADOW,,,6.1927,9.9839
2026-09-07T20:22:00,79155.70,0,0,SHADOW,SHADOW,,,6.1927,9.9839
2026-09-07T20:23:00,79154.60,0,0,SHADOW,SHADOW,,,6.1927,9.9839
2026-09-07T20:24:00,79180.10,0,0,SHADOW,SHADOW,,,6.1927,9.9839
2026-09-07T20:25:00,79165.70,0,0,SHADOW,SHADOW,,,6.1927,9.9839
2026-09-07T20:26:00,79170.00,0,0,SHADOW,SHADOW,,,6.1927,9.9839
2026-09-07T20:27:00,79170.00,0,0,SHADOW,SHADOW,,,6.1927,9.9839
2026-09-07T20:28:00,79179.70,0,0,SHADOW,SHADOW,,,6.1927,9.9839
2026-09-07T20:29:00,79179.70,0,0,SHADOW,SHADOW,,,6.1927,9.9839
2026-09-07T20:30:00,79189.90,0,0,SHADOW,SHADOW,,,6.1927,9.9839
2026-09-07T20:31:00,79189.90,0,0,SHADOW,SHADOW,,,6.1927,9.9839
2026-09-07T20:32:00,79205.90,0,0,SHADOW,SHADOW,,,6.1927,9.9839
2026-09-07T20:33:00,79211.90,0,0,SHADOW,SHADOW,,,6.1927,9.9839
2026-09-07T20:34:00,79201.00,0,0,SHADOW,SHADOW,,,6.1927,9.9839
2026-09-07T20:35:00,79201.30,0,0,SHADOW,SHADOW,,,6.1927,9.9839
2026-09-07T20:36:00,79185.10,0,0,SHADOW,SHADOW,,,6.1927,9.9839
2026-09-07T20:37:00,79185.10,0,0,SHADOW,SHADOW,,,6.1927,9.9839
2026-09-07T20:38:00,79185.90,0,0,SHADOW,SHADOW,,,6.1927,9.9839
2026-09-07T20:39:00,79187.10,0,0,SHADOW,SHADOW,,,6.1927,9.9839
2026-09-07T20:40:00,79187.10,0,0,SHADOW,SHADOW,,,6.1927,9.9839
2026-09-07T20:41:00,79197.90,0,0,SHADOW,SHADOW,,,6.1927,9.9839
2026-09-07T20:42:00,79165.50,0,0,SHADOW,SHADOW,,,6.1927,9.9839
2026-09-07T20:43:00,79183.70,0,0,SHADOW,SHADOW,,,6.1927,9.9839
2026-09-07T20:44:00,79155.90,0,0,SHADOW,SHADOW,,,6.1927,9.9839
2026-09-07T20:45:00,79149.90,0,0,SHADOW,SHADOW,,,6.1927,9.9839
2026-09-07T20:46:00,79170.10,0,0,SHADOW,SHADOW,,,6.1927,9.9839
2026-09-07T20:47:00,79158.60,0,0,SHADOW,SHADOW,,,6.1927,9.9839
2026-09-07T20:48:00,79177.10,0,0,SHADOW,SHADOW,,,6.1927,9.9839
2026-09-07T20:49:00,79203.30,0,0,SHADOW,SHADOW,,,6.1927,9.9839
2026-09-07T20:50:00,79217.90,0,0,SHADOW,SHADOW,,,6.1927,9.9839
2026-09-07T20:51:00,79209.60,0,0,SHADOW,SHADOW,,,6.1927,9.9839
2026-09-07T20:52:00,79217.90,0,0,SHADOW,SHADOW,,,6.1927,9.9839
2026-09-07T20:53:00,79186.70,0,0,SHADOW,SHADOW,,,6.1927,9.9839
2026-09-07T20:54:00,79178.60,0,0,SHADOW,SHADOW,,,6.1927,9.9839
2026-09-07T20:55:00,79216.90,0,0,SHADOW,SHADOW,,,6.1927,9.9839
2026-09-07T20:56:00,79216.90,0,0,SHADOW,SHADOW,,,6.1927,9.9839
2026-09-07T20:57:00,79207.40,0,0,SHADOW,SHADOW,,,6.1927,9.9839
2026-09-07T20:58:00,79200.10,0,0,SHADOW,SHADOW,,,6.1927,9.9839
2026-09-07T20:59:00,79207.00,0,0,SHADOW,SHADOW,,,6.1927,9.9839
2026-09-07T21:00:00,79229.70,0,0,SHADOW,SHADOW,,,6.1927,9.9839
2026-09-07T21:01:00,79224.20,0,0,SHADOW,SHADOW,,,6.1927,9.9839
2026-09-07T21:02:00,79207.20,0,0,SHADOW,SHADOW,,,6.1927,9.9839
2026-09-07T21:03:00,79215.10,0,0,SHADOW,SHADOW,,,6.1927,9.9839
2026-09-07T21:04:00,79204.40,0,0,SHADOW,SHADOW,,,6.1927,9.9839
2026-09-07T21:05:00,79199.60,0,0,SHADOW,SHADOW,,,6.1927,9.9839
2026-09-07T21:06:00,79199.60,0,0,SHADOW,SHADOW,,,6.1927,9.9839
2026-09-07T21:07:00,79178.60,0,0,SHADOW,SHADOW,,,6.1927,9.9839
2026-09-07T21:08:00,79178.60,0,0,SHADOW,SHADOW,,,6.1927,9.9839
2026-09-07T21:09:00,79178.50,0,0,SHADOW,SHADOW,,,6.1927,9.9839
2026-09-07T21:10:00,79178.50,0,0,SHADOW,SHADOW,,,6.1927,9.9839
2026-09-07T21:11:00,79191.40,0,0,SHADOW,SHADOW,,,6.1927,9.9839
2026-09-07T21:12:00,79191.50,0,0,SHADOW,SHADOW,,,6.1927,9.9839
2026-09-07T21:13:00,79194.70,0,0,SHADOW,SHADOW,,,6.1927,9.9839
2026-09-07T21:14:00,79239.20,0,0,SHADOW,SHADOW,,,6.1927,9.9839
2026-09-07T21:15:00,79187.10,0,0,SHADOW,SHADOW,,,6.1927,9.9839
2026-09-07T21:16:00,79200.80,0,0,SHADOW,SHADOW,,,6.1927,9.9839
2026-09-07T21:17:00,79196.50,0,0,SHADOW,SHADOW,,,6.1927,9.9839
2026-09-07T21:18:00,79182.10,0,0,SHADOW,SHADOW,,,6.1927,9.9839
2026-09-07T21:19:00,79222.60,0,0,SHADOW,SHADOW,,,6.1927,9.9839
2026-09-07T21:20:00,79218.70,0,0,SHADOW,SHADOW,,,6.1927,9.9839
2026-09-07T21:21:00,79220.50,0,0,SHADOW,SHADOW,,,6.1927,9.9839
2026-09-07T21:22:00,79220.60,0,0,SHADOW,SHADOW,,,6.1927,9.9839
2026-09-07T21:23:00,79220.50,0,0,SHADOW,SHADOW,,,6.1927,9.9839
2026-09-07T21:24:00,79220.50,0,0,SHADOW,SHADOW,,,6.1927,9.9839
2026-09-07T21:25:00,79211.90,0,0,SHADOW,SHADOW,,,6.1927,9.9839
2026-09-07T21:26:00,79206.50,0,0,SHADOW,SHADOW,,,6.1927,9.9839
2026-09-07T21:27:00,79206.50,0,0,SHADOW,SHADOW,,,6.1927,9.9839
2026-09-07T21:28:00,79190.50,0,0,SHADOW,SHADOW,,,6.1927,9.9839
2026-09-07T21:29:00,79194.70,0,0,SHADOW,SHADOW,,,6.1927,9.9839
2026-09-07T21:30:00,79199.70,0,0,SHADOW,SHADOW,,,6.1927,9.9839
2026-09-07T21:31:00,79199.80,0,0,SHADOW,SHADOW,,,6.1927,9.9839
2026-09-07T21:32:00,79184.10,0,0,SHADOW,SHADOW,,,6.1927,9.9839
2026-09-07T21:33:00,79178.30,0,0,SHADOW,SHADOW,,,6.1927,9.9839
2026-09-07T21:34:00,79178.30,0,0,SHADOW,SHADOW,,,6.1927,9.9839
2026-09-07T21:35:00,79167.10,0,0,SHADOW,SHADOW,,,6.1927,9.9839
2026-09-07T21:36:00,79174.20,0,0,SHADOW,SHADOW,,,6.1927,9.9839
2026-09-07T21:37:00,79174.20,0,0,SHADOW,SHADOW,,,6.1927,9.9839
2026-09-07T21:38:00,79183.30,0,0,SHADOW,SHADOW,,,6.1927,9.9839
2026-09-07T21:39:00,79183.20,0,0,SHADOW,SHADOW,,,6.1927,9.9839
2026-09-07T21:40:00,79159.90,0,0,SHADOW,SHADOW,,,6.1927,9.9839
2026-09-07T21:41:00,79164.50,0,0,SHADOW,SHADOW,,,6.1927,9.9839
2026-09-07T21:42:00,79164.50,0,0,SHADOW,SHADOW,,,6.1927,9.9839
2026-09-07T21:43:00,79195.90,0,0,SHADOW,SHADOW,,,6.1927,9.9839
2026-09-07T21:44:00,79154.90,0,0,SHADOW,SHADOW,,,6.1927,9.9839
2026-09-07T21:45:00,79159.80,0,0,SHADOW,SHADOW,,,6.1927,9.9839
2026-09-07T21:46:00,79182.10,0,0,SHADOW,SHADOW,,,6.1927,9.9839
2026-09-07T21:47:00,79160.70,0,0,SHADOW,SHADOW,,,6.1927,9.9839
2026-09-07T21:48:00,79168.40,0,0,SHADOW,SHADOW,,,6.1927,9.9839
2026-09-07T21:49:00,79150.10,0,0,SHADOW,SHADOW,,,6.1927,9.9839
2026-09-07T21:50:00,79150.00,0,0,SHADOW,SHADOW,,,6.1927,9.9839
2026-09-07T21:51:00,79136.20,0,0,SHADOW,SHADOW,,,6.1927,9.9839
2026-09-07T21:52:00,79140.90,0,0,SHADOW,SHADOW,,,6.1927,9.9839
2026-09-07T21:53:00,79171.90,0,0,SHADOW,SHADOW,,,6.1927,9.9839
2026-09-07T21:54:00,79150.90,0,0,SHADOW,SHADOW,,,6.1927,9.9839
2026-09-07T21:55:00,79160.10,0,0,SHADOW,SHADOW,,,6.1927,9.9839
2026-09-07T21:56:00,79161.70,0,0,SHADOW,SHADOW,,,6.1927,9.9839
2026-09-07T21:57:00,79168.40,0,0,SHADOW,SHADOW,,,6.1927,9.9839
2026-09-07T21:58:00,79181.90,0,0,SHADOW,SHADOW,,,6.1927,9.9839
2026-09-07T21:59:00,79129.20,0,0,SHADOW,SHADOW,,,6.1927,9.9839
2026-09-07T22:00:00,79129.30,0,0,SHADOW,SHADOW,,,6.1927,9.9839
2026-09-07T22:01:00,79072.60,0,0,SHADOW,SHADOW,,,6.1927,9.9839
2026-09-07T22:02:00,79122.90,0,0,SHADOW,SHADOW,,,6.1927,9.9839
2026-09-07T22:03:00,79150.00,0,0,SHADOW,SHADOW,,,6.1927,9.9839
2026-09-07T22:04:00,79156.10,0,0,SHADOW,SHADOW,,,6.1927,9.9839
2026-09-07T22:05:00,79123.20,0,0,SHADOW,SHADOW,,,6.1927,9.9839
2026-09-07T22:06:00,79154.40,0,0,SHADOW,SHADOW,,,6.1927,9.9839
2026-09-07T22:07:00,79164.50,0,0,SHADOW,SHADOW,,,6.1927,9.9839
2026-09-07T22:08:00,79164.40,0,0,SHADOW,SHADOW,,,6.1927,9.9839
2026-09-07T22:09:00,79168.80,0,0,SHADOW,SHADOW,,,6.1927,9.9839
2026-09-07T22:10:00,79173.50,0,0,SHADOW,SHADOW,,,6.1927,9.9839
2026-09-07T22:11:00,79133.30,0,0,SHADOW,SHADOW,,,6.1927,9.9839
2026-09-07T22:12:00,79141.10,0,0,SHADOW,SHADOW,,,6.1927,9.9839
2026-09-07T22:13:00,79129.10,0,0,SHADOW,SHADOW,,,6.1927,9.9839
2026-09-07T22:14:00,79118.40,0,0,SHADOW,SHADOW,,,6.1927,9.9839
2026-09-07T22:15:00,79112.10,0,0,SHADOW,SHADOW,,,6.1927,9.9839
2026-09-07T22:16:00,79016.90,0,0,SHADOW,SHADOW,,,6.1927,9.9839
2026-09-07T22:17:00,79062.10,0,0,SHADOW,SHADOW,,,6.1927,9.9839
2026-09-07T22:18:00,79063.50,0,0,SHADOW,SHADOW,,,6.1927,9.9839
2026-09-07T22:19:00,79033.10,0,0,SHADOW,SHADOW,,,6.1927,9.9839
2026-09-07T22:20:00,79034.80,0,0,SHADOW,SHADOW,,,6.1927,9.9839
2026-09-07T22:21:00,79058.90,0,0,SHADOW,SHADOW,,,6.1927,9.9839
2026-09-07T22:22:00,79071.00,0,0,SHADOW,SHADOW,,,6.1927,9.9839
2026-09-07T22:23:00,79119.90,0,0,SHADOW,SHADOW,,,6.1927,9.9839
2026-09-07T22:24:00,79144.50,0,0,SHADOW,SHADOW,,,6.1927,9.9839
2026-09-07T22:25:00,79129.80,0,0,SHADOW,SHADOW,,,6.1927,9.9839
2026-09-07T22:26:00,79144.90,0,0,SHADOW,SHADOW,,,6.1927,9.9839
2026-09-07T22:27:00,79167.40,0,0,SHADOW,SHADOW,,,6.1927,9.9839
2026-09-07T22:28:00,79108.00,0,0,SHADOW,SHADOW,,,6.1927,9.9839
2026-09-07T22:29:00,79065.50,0,0,SHADOW,SHADOW,,,6.1927,9.9839
2026-09-07T22:30:00,79018.80,0,0,SHADOW,SHADOW,,,6.1927,9.9839
2026-09-07T22:31:00,79028.40,0,0,SHADOW,SHADOW,,,6.1927,9.9839
2026-09-07T22:32:00,79049.20,0,0,SHADOW,SHADOW,,,6.1927,9.9839
2026-09-07T22:33:00,79037.10,0,0,SHADOW,SHADOW,,,6.1927,9.9839
2026-09-07T22:34:00,79021.00,0,0,SHADOW,SHADOW,,,6.1927,9.9839
2026-09-07T22:35:00,79008.60,0,0,SHADOW,SHADOW,,,6.1927,9.9839
2026-09-07T22:36:00,79001.20,0,0,SHADOW,SHADOW,,,6.1927,9.9839
2026-09-07T22:37:00,78955.00,0,0,SHADOW,SHADOW,,,6.1927,9.9839
2026-09-07T22:38:00,78942.80,0,0,SHADOW,SHADOW,,,6.1927,9.9839
2026-09-07T22:39:00,78833.90,0,0,SHADOW,SHADOW,,,6.1927,9.9839
2026-09-07T22:40:00,78823.70,0,0,SHADOW,SHADOW,,,6.1927,9.9839
2026-09-07T22:41:00,78808.00,0,0,SHADOW,SHADOW,,,6.1927,9.9839
2026-09-07T22:42:00,78824.80,0,0,SHADOW,SHADOW,,,6.1927,9.9839
2026-09-07T22:43:00,78823.90,0,0,SHADOW,SHADOW,,,6.1927,9.9839
2026-09-07T22:44:00,78788.80,0,0,SHADOW,SHADOW,,,6.1927,9.9839
2026-09-07T22:45:00,78823.30,0,0,SHADOW,SHADOW,,,6.1927,9.9839
2026-09-07T22:46:00,78880.00,0,0,SHADOW,SHADOW,,,6.1927,9.9839
2026-09-07T22:47:00,78900.40,0,0,SHADOW,SHADOW,,,6.1927,9.9839
2026-09-07T22:48:00,78902.40,0,0,SHADOW,SHADOW,,,6.1927,9.9839
2026-09-07T22:49:00,78921.70,0,0,SHADOW,SHADOW,,,6.1927,9.9839
2026-09-07T22:50:00,78922.90,0,0,SHADOW,SHADOW,,,6.1927,9.9839
2026-09-07T22:51:00,78918.10,0,0,SHADOW,SHADOW,,,6.1927,9.9839
2026-09-07T22:52:00,78928.10,0,0,SHADOW,SHADOW,,,6.1927,9.9839
2026-09-07T22:53:00,78900.60,0,0,SHADOW,SHADOW,,,6.1927,9.9839
2026-09-07T22:54:00,78904.20,0,0,SHADOW,SHADOW,,,6.1927,9.9839
2026-09-07T22:55:00,78914.70,0,0,SHADOW,SHADOW,,,6.1927,9.9839
2026-09-07T22:56:00,78908.50,0,0,SHADOW,SHADOW,,,6.1927,9.9839
2026-09-07T22:57:00,78855.00,0,0,SHADOW,SHADOW,,,6.1927,9.9839
2026-09-07T22:58:00,78916.10,0,0,SHADOW,SHADOW,,,6.1927,9.9839
2026-09-07T22:59:00,78916.30,0,0,SHADOW,SHADOW,,,6.1927,9.9839
2026-09-07T23:00:00,78935.90,0,0,SHADOW,SHADOW,,,6.1927,9.9839
2026-09-07T23:01:00,78950.00,0,0,SHADOW,SHADOW,,,6.1927,9.9839
2026-09-07T23:02:00,78955.00,0,0,SHADOW,SHADOW,,,6.1927,9.9839
2026-09-07T23:03:00,78966.30,0,0,SHADOW,SHADOW,,,6.1927,9.9839
2026-09-07T23:04:00,78940.00,0,0,SHADOW,SHADOW,,,6.1927,9.9839
2026-09-07T23:05:00,78975.90,0,0,SHADOW,SHADOW,,,6.1927,9.9839
2026-09-07T23:06:00,79000.80,0,0,SHADOW,SHADOW,,,6.1927,9.9839
2026-09-07T23:07:00,79076.60,0,0,SHADOW,SHADOW,,,6.1927,9.9839
2026-09-07T23:08:00,79099.40,0,0,SHADOW,SHADOW,,,6.1927,9.9839
2026-09-07T23:09:00,79083.80,0,0,SHADOW,SHADOW,,,6.1927,9.9839
2026-09-07T23:10:00,79086.30,0,0,SHADOW,SHADOW,,,6.1927,9.9839
2026-09-07T23:11:00,79086.20,0,0,SHADOW,SHADOW,,,6.1927,9.9839
2026-09-07T23:12:00,79091.60,0,0,SHADOW,SHADOW,,,6.1927,9.9839
2026-09-07T23:13:00,79086.10,0,0,SHADOW,SHADOW,,,6.1927,9.9839
2026-09-07T23:14:00,79093.70,0,0,SHADOW,SHADOW,,,6.1927,9.9839
2026-09-07T23:15:00,79068.50,0,0,SHADOW,SHADOW,,,6.1927,9.9839
2026-09-07T23:16:00,79049.10,0,0,SHADOW,SHADOW,,,6.1927,9.9839
2026-09-07T23:17:00,79043.00,0,0,SHADOW,SHADOW,,,6.1927,9.9839
2026-09-07T23:18:00,79024.00,0,0,SHADOW,SHADOW,,,6.1927,9.9839
2026-09-07T23:19:00,79077.20,0,0,SHADOW,SHADOW,,,6.1927,9.9839
2026-09-07T23:20:00,79030.50,0,0,SHADOW,SHADOW,,,6.1927,9.9839
2026-09-07T23:21:00,79023.80,0,0,SHADOW,SHADOW,,,6.1927,9.9839
2026-09-07T23:22:00,79015.90,0,0,SHADOW,SHADOW,,,6.1927,9.9839
2026-09-07T23:23:00,78934.60,0,0,SHADOW,SHADOW,,,6.1927,9.9839
2026-09-07T23:24:00,78960.10,0,0,SHADOW,SHADOW,,,6.1927,9.9839
2026-09-07T23:25:00,79000.90,0,0,SHADOW,SHADOW,,,6.1927,9.9839
2026-09-07T23:26:00,78986.10,0,0,SHADOW,SHADOW,,,6.1927,9.9839
2026-09-07T23:27:00,78999.30,0,0,SHADOW,SHADOW,,,6.1927,9.9839
2026-09-07T23:28:00,78978.10,0,0,SHADOW,SHADOW,,,6.1927,9.9839
2026-09-07T23:29:00,78974.50,0,0,SHADOW,SHADOW,,,6.1927,9.9839
2026-09-07T23:30:00,78968.70,0,0,SHADOW,SHADOW,,,6.1927,9.9839
2026-09-07T23:31:00,78947.60,0,0,SHADOW,SHADOW,,,6.1927,9.9839
2026-09-07T23:32:00,78978.30,0,0,SHADOW,SHADOW,,,6.1927,9.9839
2026-09-07T23:33:00,78995.70,0,0,SHADOW,SHADOW,,,6.1927,9.9839
2026-09-07T23:34:00,78964.60,0,0,SHADOW,SHADOW,,,6.1927,9.9839
2026-09-07T23:35:00,78986.80,0,0,SHADOW,SHADOW,,,6.1927,9.9839
2026-09-07T23:36:00,78978.00,0,0,SHADOW,SHADOW,,,6.1927,9.9839
2026-09-07T23:37:00,78989.50,0,0,SHADOW,SHADOW,,,6.1927,9.9839
2026-09-07T23:38:00,79002.70,0,0,SHADOW,SHADOW,,,6.1927,9.9839
2026-09-07T23:39:00,79002.60,0,0,SHADOW,SHADOW,,,6.1927,9.9839
2026-09-07T23:40:00,79017.00,0,0,SHADOW,SHADOW,,,6.1927,9.9839
2026-09-07T23:41:00,79018.70,0,0,SHADOW,SHADOW,,,6.1927,9.9839
2026-09-07T23:42:00,79041.60,0,0,SHADOW,SHADOW,,,6.1927,9.9839
2026-09-07T23:43:00,79049.80,0,0,SHADOW,SHADOW,,,6.1927,9.9839
2026-09-07T23:44:00,79093.40,0,0,SHADOW,SHADOW,,,6.1927,9.9839
2026-09-07T23:45:00,79086.60,0,0,SHADOW,SHADOW,,,6.1927,9.9839
2026-09-07T23:46:00,79097.20,0,0,SHADOW,SHADOW,,,6.1927,9.9839
2026-09-07T23:47:00,79133.30,0,0,SHADOW,SHADOW,,,6.1927,9.9839
2026-09-07T23:48:00,79152.40,0,0,SHADOW,SHADOW,,,6.1927,9.9839
2026-09-07T23:49:00,79158.20,0,0,SHADOW,SHADOW,,,6.1927,9.9839
2026-09-07T23:50:00,79129.30,0,0,SHADOW,SHADOW,,,6.1927,9.9839
2026-09-07T23:51:00,79128.50,0,0,SHADOW,SHADOW,,,6.1927,9.9839
2026-09-07T23:52:00,79117.90,0,0,SHADOW,SHADOW,,,6.1927,9.9839
2026-09-07T23:53:00,79126.90,0,0,SHADOW,SHADOW,,,6.1927,9.9839
2026-09-07T23:54:00,79117.40,0,0,SHADOW,SHADOW,,,6.1927,9.9839
2026-09-07T23:55:00,79117.30,0,0,SHADOW,SHADOW,,,6.1927,9.9839
2026-09-07T23:56:00,79085.90,0,0,SHADOW,SHADOW,,,6.1927,9.9839
2026-09-07T23:57:00,79095.50,0,0,SHADOW,SHADOW,,,6.1927,9.9839
2026-09-07T23:58:00,79100.00,0,0,SHADOW,SHADOW,,,6.1927,9.9839
2026-09-07T23:59:00,79075.90,0,0,SHADOW,SHADOW,,,6.1927,9.9839
2026-09-08T00:00:00,79076.80,0,0,SHADOW,SHADOW,,,6.1927,9.9839
2026-09-08T00:01:00,79044.30,0,0,SHADOW,SHADOW,,,6.1927,9.9839
2026-09-08T00:02:00,79044.30,0,0,SHADOW,SHADOW,,,6.1927,9.9839
2026-09-08T00:03:00,79056.40,0,0,SHADOW,SHADOW,,,6.1927,9.9839
2026-09-08T00:04:00,79017.00,0,0,SHADOW,SHADOW,,,6.1927,9.9839
2026-09-08T00:05:00,79049.60,0,0,SHADOW,SHADOW,,,6.1927,9.9839
2026-09-08T00:06:00,79000.00,0,0,SHADOW,SHADOW,,,6.1927,9.9839
2026-09-08T00:07:00,79075.90,0,0,SHADOW,SHADOW,,,6.1927,9.9839
2026-09-08T00:08:00,79019.10,0,0,SHADOW,SHADOW,,,6.1927,9.9839
2026-09-08T00:09:00,79015.00,0,0,SHADOW,SHADOW,,,6.1927,9.9839
2026-09-08T00:10:00,79020.90,0,0,SHADOW,SHADOW,,,6.1927,9.9839
2026-09-08T00:11:00,78994.10,0,0,SHADOW,SHADOW,,,6.1927,9.9839
2026-09-08T00:12:00,78958.40,0,0,SHADOW,SHADOW,,,6.1927,9.9839
2026-09-08T00:13:00,79010.00,0,0,SHADOW,SHADOW,,,6.1927,9.9839
2026-09-08T00:14:00,79023.20,0,0,SHADOW,SHADOW,,,6.1927,9.9839
2026-09-08T00:15:00,78987.50,0,0,SHADOW,SHADOW,,,6.1927,9.9839
2026-09-08T00:16:00,79023.20,0,0,SHADOW,SHADOW,,,6.1927,9.9839
2026-09-08T00:17:00,79075.00,0,0,SHADOW,SHADOW,,,6.1927,9.9839
2026-09-08T00:18:00,79066.10,0,0,SHADOW,SHADOW,,,6.1927,9.9839
2026-09-08T00:19:00,79020.00,0,0,SHADOW,SHADOW,,,6.1927,9.9839
2026-09-08T00:20:00,79020.40,0,0,SHADOW,SHADOW,,,6.1927,9.9839
2026-09-08T00:21:00,79007.00,0,0,SHADOW,SHADOW,,,6.1927,9.9839
2026-09-08T00:22:00,78959.10,0,0,SHADOW,SHADOW,,,6.1927,9.9839
2026-09-08T00:23:00,78951.50,0,0,SHADOW,SHADOW,,,6.1927,9.9839
2026-09-08T00:24:00,79007.40,0,0,SHADOW,SHADOW,,,6.1927,9.9839
2026-09-08T00:25:00,79019.90,0,0,SHADOW,SHADOW,,,6.1927,9.9839
2026-09-08T00:26:00,79033.80,0,0,SHADOW,SHADOW,,,6.1927,9.9839
2026-09-08T00:27:00,79035.10,0,0,SHADOW,SHADOW,,,6.1927,9.9839
2026-09-08T00:28:00,79000.00,0,0,SHADOW,SHADOW,,,6.1927,9.9839
2026-09-08T00:29:00,78970.80,0,0,SHADOW,SHADOW,,,6.1927,9.9839
2026-09-08T00:30:00,78951.10,0,0,SHADOW,SHADOW,,,6.1927,9.9839
2026-09-08T00:31:00,78999.40,0,0,SHADOW,SHADOW,,,6.1927,9.9839
2026-09-08T00:32:00,79072.20,0,0,SHADOW,SHADOW,,,6.1927,9.9839
2026-09-08T00:33:00,79123.60,0,0,SHADOW,SHADOW,,,6.1927,9.9839
2026-09-08T00:34:00,79140.00,0,0,SHADOW,SHADOW,,,6.1927,9.9839
2026-09-08T00:35:00,79158.10,0,0,SHADOW,SHADOW,,,6.1927,9.9839
2026-09-08T00:36:00,79167.80,0,0,SHADOW,SHADOW,,,6.1927,9.9839
2026-09-08T00:37:00,79186.20,0,0,SHADOW,SHADOW,,,6.1927,9.9839
2026-09-08T00:38:00,79186.50,0,0,SHADOW,SHADOW,,,6.1927,9.9839
2026-09-08T00:39:00,79188.40,0,0,SHADOW,SHADOW,,,6.1927,9.9839
2026-09-08T00:40:00,79227.40,0,0,SHADOW,SHADOW,,,6.1927,9.9839
2026-09-08T00:41:00,79249.90,0,0,SHADOW,SHADOW,,,6.1927,9.9839
2026-09-08T00:42:00,79219.10,0,0,SHADOW,SHADOW,,,6.1927,9.9839
2026-09-08T00:43:00,79170.00,0,0,SHADOW,SHADOW,,,6.1927,9.9839
2026-09-08T00:44:00,79188.90,0,0,SHADOW,SHADOW,,,6.1927,9.9839
2026-09-08T00:45:00,79185.50,0,0,SHADOW,SHADOW,,,6.1927,9.9839
2026-09-08T00:46:00,79208.50,0,0,SHADOW,SHADOW,,,6.1927,9.9839
2026-09-08T00:47:00,79208.50,0,0,SHADOW,SHADOW,,,6.1927,9.9839
2026-09-08T00:48:00,79208.40,0,0,SHADOW,SHADOW,,,6.1927,9.9839
2026-09-08T00:49:00,79250.50,0,0,SHADOW,SHADOW,,,6.1927,9.9839
2026-09-08T00:50:00,79223.90,0,0,SHADOW,SHADOW,,,6.1927,9.9839
2026-09-08T00:51:00,79249.50,0,0,SHADOW,SHADOW,,,6.1927,9.9839
2026-09-08T00:52:00,79243.80,0,0,SHADOW,SHADOW,,,6.1927,9.9839
2026-09-08T00:53:00,79237.70,0,0,SHADOW,SHADOW,,,6.1927,9.9839
2026-09-08T00:54:00,79227.80,0,0,SHADOW,SHADOW,,,6.1927,9.9839
2026-09-08T00:55:00,79277.40,0,0,SHADOW,SHADOW,,,6.1927,9.9839
2026-09-08T00:56:00,79261.00,0,0,SHADOW,SHADOW,,,6.1927,9.9839
2026-09-08T00:57:00,79282.00,0,0,SHADOW,SHADOW,,,6.1927,9.9839
2026-09-08T00:58:00,79268.90,0,0,SHADOW,SHADOW,,,6.1927,9.9839
2026-09-08T00:59:00,79286.90,0,0,SHADOW,SHADOW,,,6.1927,9.9839
2026-09-08T01:00:00,79294.90,0,0,SHADOW,SHADOW,,,6.1927,9.9839
2026-09-08T01:01:00,79270.90,0,0,SHADOW,SHADOW,,,6.1927,9.9839
2026-09-08T01:02:00,79284.20,0,0,SHADOW,SHADOW,,,6.1927,9.9839
2026-09-08T01:03:00,79284.80,0,0,SHADOW,SHADOW,,,6.1927,9.9839
2026-09-08T01:04:00,79275.00,0,0,SHADOW,SHADOW,,,6.1927,9.9839
2026-09-08T01:05:00,79304.10,0,0,SHADOW,SHADOW,,,6.1927,9.9839
2026-09-08T01:06:00,79232.60,0,0,SHADOW,SHADOW,,,6.1927,9.9839
2026-09-08T01:07:00,79307.30,0,0,SHADOW,SHADOW,,,6.1927,9.9839
2026-09-08T01:08:00,79317.90,0,0,SHADOW,SHADOW,,,6.1927,9.9839
2026-09-08T01:09:00,79313.10,0,0,SHADOW,SHADOW,,,6.1927,9.9839
2026-09-08T01:10:00,79296.10,0,0,SHADOW,SHADOW,,,6.1927,9.9839
2026-09-08T01:11:00,79320.00,0,0,SHADOW,SHADOW,,,6.1927,9.9839
2026-09-08T01:12:00,79288.10,0,0,SHADOW,SHADOW,,,6.1927,9.9839
2026-09-08T01:13:00,79285.80,0,0,SHADOW,SHADOW,,,6.1927,9.9839
2026-09-08T01:14:00,79260.90,0,0,SHADOW,SHADOW,,,6.1927,9.9839
2026-09-08T01:15:00,79320.00,0,0,SHADOW,SHADOW,,,6.1927,9.9839
2026-09-08T01:16:00,79250.00,0,0,SHADOW,SHADOW,,,6.1927,9.9839
2026-09-08T01:17:00,79269.50,0,0,SHADOW,SHADOW,,,6.1927,9.9839
2026-09-08T01:18:00,79288.00,0,0,SHADOW,SHADOW,,,6.1927,9.9839
2026-09-08T01:19:00,79304.60,0,0,SHADOW,SHADOW,,,6.1927,9.9839
2026-09-08T01:20:00,79288.00,0,0,SHADOW,SHADOW,,,6.1927,9.9839
2026-09-08T01:21:00,79308.90,0,0,SHADOW,SHADOW,,,6.1927,9.9839
2026-09-08T01:22:00,79363.40,0,0,SHADOW,SHADOW,,,6.1927,9.9839
2026-09-08T01:23:00,79391.10,0,0,SHADOW,SHADOW,,,6.1927,9.9839
2026-09-08T01:24:00,79343.00,0,0,SHADOW,SHADOW,,,6.1927,9.9839
2026-09-08T01:25:00,79364.80,0,0,SHADOW,SHADOW,,,6.1927,9.9839
2026-09-08T01:26:00,79406.10,0,0,SHADOW,SHADOW,,,6.1927,9.9839
2026-09-08T01:27:00,79367.90,0,0,SHADOW,SHADOW,,,6.1927,9.9839
2026-09-08T01:28:00,79360.30,0,0,SHADOW,SHADOW,,,6.1927,9.9839
2026-09-08T01:29:00,79363.80,0,0,SHADOW,SHADOW,,,6.1927,9.9839
2026-09-08T01:30:00,79318.10,0,0,SHADOW,SHADOW,,,6.1927,9.9839
2026-09-08T01:31:00,79349.50,0,0,SHADOW,SHADOW,,,6.1927,9.9839
2026-09-08T01:32:00,79341.10,0,0,SHADOW,SHADOW,,,6.1927,9.9839
2026-09-08T01:33:00,79319.50,0,0,SHADOW,SHADOW,,,6.1927,9.9839
2026-09-08T01:34:00,79289.90,0,0,SHADOW,SHADOW,,,6.1927,9.9839
2026-09-08T01:35:00,79299.80,0,0,SHADOW,SHADOW,,,6.1927,9.9839
2026-09-08T01:36:00,79297.30,0,0,SHADOW,SHADOW,,,6.1927,9.9839
2026-09-08T01:37:00,79316.90,0,0,SHADOW,SHADOW,,,6.1927,9.9839
2026-09-08T01:38:00,79308.70,0,0,SHADOW,SHADOW,,,6.1927,9.9839
2026-09-08T01:39:00,79296.70,0,0,SHADOW,SHADOW,,,6.1927,9.9839
2026-09-08T01:40:00,79277.50,0,0,SHADOW,SHADOW,,,6.1927,9.9839
2026-09-08T01:41:00,79288.10,0,0,SHADOW,SHADOW,,,6.1927,9.9839
2026-09-08T01:42:00,79298.60,0,0,SHADOW,SHADOW,,,6.1927,9.9839
2026-09-08T01:43:00,79304.70,0,0,SHADOW,SHADOW,,,6.1927,9.9839
2026-09-08T01:44:00,79292.10,0,0,SHADOW,SHADOW,,,6.1927,9.9839
2026-09-08T01:45:00,79303.20,0,0,SHADOW,SHADOW,,,6.1927,9.9839
2026-09-08T01:46:00,79281.60,0,0,SHADOW,SHADOW,,,6.1927,9.9839
2026-09-08T01:47:00,79300.00,0,0,SHADOW,SHADOW,,,6.1927,9.9839
2026-09-08T01:48:00,79308.20,0,0,SHADOW,SHADOW,,,6.1927,9.9839
2026-09-08T01:49:00,79336.10,0,0,SHADOW,SHADOW,,,6.1927,9.9839
2026-09-08T01:50:00,79296.00,0,0,SHADOW,SHADOW,,,6.1927,9.9839
2026-09-08T01:51:00,79303.60,0,0,SHADOW,SHADOW,,,6.1927,9.9839
2026-09-08T01:52:00,79327.90,0,0,SHADOW,SHADOW,,,6.1927,9.9839
2026-09-08T01:53:00,79335.10,0,0,SHADOW,SHADOW,,,6.1927,9.9839
2026-09-08T01:54:00,79352.20,0,0,SHADOW,SHADOW,,,6.1927,9.9839
2026-09-08T01:55:00,79338.00,0,0,SHADOW,SHADOW,,,6.1927,9.9839
2026-09-08T01:56:00,79370.20,0,0,SHADOW,SHADOW,,,6.1927,9.9839
2026-09-08T01:57:00,79369.90,0,0,SHADOW,SHADOW,,,6.1927,9.9839
2026-09-08T01:58:00,79424.90,0,0,SHADOW,SHADOW,,,6.1927,9.9839
2026-09-08T01:59:00,79409.00,0,0,SHADOW,SHADOW,,,6.1927,9.9839
2026-09-08T02:00:00,79387.70,0,0,SHADOW,SHADOW,,,6.1927,9.9839
2026-09-08T02:01:00,79369.90,0,0,SHADOW,SHADOW,,,6.1927,9.9839
2026-09-08T02:02:00,79367.00,0,0,SHADOW,SHADOW,,,6.1927,9.9839
2026-09-08T02:03:00,79372.50,0,0,SHADOW,SHADOW,,,6.1927,9.9839
2026-09-08T02:04:00,79348.90,0,0,SHADOW,SHADOW,,,6.1927,9.9839
2026-09-08T02:05:00,79335.90,0,0,SHADOW,SHADOW,,,6.1927,9.9839
2026-09-08T02:06:00,79307.30,0,0,SHADOW,SHADOW,,,6.1927,9.9839
2026-09-08T02:07:00,79318.80,0,0,SHADOW,SHADOW,,,6.1927,9.9839
2026-09-08T02:08:00,79299.90,0,0,SHADOW,SHADOW,,,6.1927,9.9839
2026-09-08T02:09:00,79299.90,0,0,SHADOW,SHADOW,,,6.1927,9.9839
2026-09-08T02:10:00,79291.40,0,0,SHADOW,SHADOW,,,6.1927,9.9839
2026-09-08T02:11:00,79240.10,0,0,SHADOW,SHADOW,,,6.1927,9.9839
2026-09-08T02:12:00,79285.40,0,0,SHADOW,SHADOW,,,6.1927,9.9839
2026-09-08T02:13:00,79304.50,0,0,SHADOW,SHADOW,,,6.1927,9.9839
2026-09-08T02:14:00,79301.00,0,0,SHADOW,SHADOW,,,6.1927,9.9839
2026-09-08T02:15:00,79311.60,0,0,SHADOW,SHADOW,,,6.1927,9.9839
2026-09-08T02:16:00,79315.00,0,0,SHADOW,SHADOW,,,6.1927,9.9839
2026-09-08T02:17:00,79279.50,0,0,SHADOW,SHADOW,,,6.1927,9.9839
2026-09-08T02:18:00,79254.20,0,0,SHADOW,SHADOW,,,6.1927,9.9839
2026-09-08T02:19:00,79281.40,0,0,SHADOW,SHADOW,,,6.1927,9.9839
2026-09-08T02:20:00,79319.40,0,0,SHADOW,SHADOW,,,6.1927,9.9839
2026-09-08T02:21:00,79324.30,0,0,SHADOW,SHADOW,,,6.1927,9.9839
2026-09-08T02:22:00,79354.80,0,0,SHADOW,SHADOW,,,6.1927,9.9839
2026-09-08T02:23:00,79432.80,0,0,SHADOW,SHADOW,,,6.1927,9.9839
2026-09-08T02:24:00,79432.00,0,0,SHADOW,SHADOW,,,6.1927,9.9839
2026-09-08T02:25:00,79377.70,0,0,SHADOW,SHADOW,,,6.1927,9.9839
2026-09-08T02:26:00,79360.80,0,0,SHADOW,SHADOW,,,6.1927,9.9839
2026-09-08T02:27:00,79329.90,0,0,SHADOW,SHADOW,,,6.1927,9.9839
2026-09-08T02:28:00,79239.90,0,0,SHADOW,SHADOW,,,6.1927,9.9839
2026-09-08T02:29:00,79233.20,0,0,SHADOW,SHADOW,,,6.1927,9.9839
2026-09-08T02:30:00,79193.50,0,0,SHADOW,SHADOW,,,6.1927,9.9839
2026-09-08T02:31:00,79231.70,0,0,SHADOW,SHADOW,,,6.1927,9.9839
2026-09-08T02:32:00,79182.30,0,0,SHADOW,SHADOW,,,6.1927,9.9839
2026-09-08T02:33:00,79187.30,0,0,SHADOW,SHADOW,,,6.1927,9.9839
2026-09-08T02:34:00,79186.80,0,0,SHADOW,SHADOW,,,6.1927,9.9839
2026-09-08T02:35:00,79160.20,0,0,SHADOW,SHADOW,,,6.1927,9.9839
2026-09-08T02:36:00,79142.90,0,0,SHADOW,SHADOW,,,6.1927,9.9839
2026-09-08T02:37:00,79145.30,0,0,SHADOW,SHADOW,,,6.1927,9.9839
2026-09-08T02:38:00,79177.00,0,0,SHADOW,SHADOW,,,6.1927,9.9839
2026-09-08T02:39:00,79135.70,0,0,SHADOW,SHADOW,,,6.1927,9.9839
2026-09-08T02:40:00,79134.50,0,0,SHADOW,SHADOW,,,6.1927,9.9839
2026-09-08T02:41:00,79117.30,0,0,SHADOW,SHADOW,,,6.1927,9.9839
2026-09-08T02:42:00,79091.80,0,0,SHADOW,SHADOW,,,6.1927,9.9839
2026-09-08T02:43:00,79098.60,0,0,SHADOW,SHADOW,,,6.1927,9.9839
2026-09-08T02:44:00,79098.50,0,0,SHADOW,SHADOW,,,6.1927,9.9839
2026-09-08T02:45:00,79116.20,0,0,SHADOW,SHADOW,,,6.1927,9.9839
2026-09-08T02:46:00,79076.40,0,0,SHADOW,SHADOW,,,6.1927,9.9839
2026-09-08T02:47:00,79100.10,0,0,SHADOW,SHADOW,,,6.1927,9.9839
2026-09-08T02:48:00,79121.40,0,0,SHADOW,SHADOW,,,6.1927,9.9839
2026-09-08T02:49:00,79088.10,0,0,SHADOW,SHADOW,,,6.1927,9.9839
2026-09-08T02:50:00,79070.00,0,0,SHADOW,SHADOW,,,6.1927,9.9839
2026-09-08T02:51:00,79036.30,0,0,SHADOW,SHADOW,,,6.1927,9.9839
2026-09-08T02:52:00,78991.60,0,0,SHADOW,SHADOW,,,6.1927,9.9839
2026-09-08T02:53:00,78960.10,0,0,SHADOW,SHADOW,,,6.1927,9.9839
2026-09-08T02:54:00,78952.20,0,0,SHADOW,SHADOW,,,6.1927,9.9839
2026-09-08T02:55:00,78950.00,0,0,SHADOW,SHADOW,,,6.1927,9.9839
2026-09-08T02:56:00,78969.90,0,0,SHADOW,SHADOW,,,6.1927,9.9839
2026-09-08T02:57:00,78940.90,0,0,SHADOW,SHADOW,,,6.1927,9.9839
2026-09-08T02:58:00,78907.80,0,0,SHADOW,SHADOW,,,6.1927,9.9839
2026-09-08T02:59:00,78898.80,0,0,SHADOW,SHADOW,,,6.1927,9.9839
2026-09-08T03:00:00,78897.50,0,0,SHADOW,SHADOW,,,6.1927,9.9839
2026-09-08T03:01:00,78950.00,0,0,SHADOW,SHADOW,,,6.1927,9.9839
2026-09-08T03:02:00,78941.00,0,0,SHADOW,SHADOW,,,6.1927,9.9839
2026-09-08T03:03:00,78912.50,0,0,SHADOW,SHADOW,,,6.1927,9.9839
2026-09-08T03:04:00,78884.20,0,0,SHADOW,SHADOW,,,6.1927,9.9839
2026-09-08T03:05:00,78922.70,0,0,SHADOW,SHADOW,,,6.1927,9.9839
2026-09-08T03:06:00,78925.40,0,0,SHADOW,SHADOW,,,6.1927,9.9839
2026-09-08T03:07:00,78911.70,0,0,SHADOW,SHADOW,,,6.1927,9.9839
2026-09-08T03:08:00,78949.90,0,0,SHADOW,SHADOW,,,6.1927,9.9839
2026-09-08T03:09:00,78959.90,0,0,SHADOW,SHADOW,,,6.1927,9.9839
2026-09-08T03:10:00,78908.70,0,0,SHADOW,SHADOW,,,6.1927,9.9839
2026-09-08T03:11:00,78907.20,0,0,SHADOW,SHADOW,,,6.1927,9.9839
2026-09-08T03:12:00,78892.60,0,0,SHADOW,SHADOW,,,6.1927,9.9839
2026-09-08T03:13:00,78873.90,0,0,SHADOW,SHADOW,,,6.1927,9.9839
2026-09-08T03:14:00,78877.00,0,0,SHADOW,SHADOW,,,6.1927,9.9839
2026-09-08T03:15:00,78867.90,0,0,SHADOW,SHADOW,,,6.1927,9.9839
2026-09-08T03:16:00,78909.70,0,0,SHADOW,SHADOW,,,6.1927,9.9839
2026-09-08T03:17:00,78910.20,0,0,SHADOW,SHADOW,,,6.1927,9.9839
2026-09-08T03:18:00,78861.30,0,0,SHADOW,SHADOW,,,6.1927,9.9839
2026-09-08T03:19:00,78825.00,0,0,SHADOW,SHADOW,,,6.1927,9.9839
2026-09-08T03:20:00,78797.70,0,0,SHADOW,SHADOW,,,6.1927,9.9839
2026-09-08T03:21:00,78741.10,0,0,SHADOW,SHADOW,,,6.1927,9.9839
2026-09-08T03:22:00,78755.90,0,0,SHADOW,SHADOW,,,6.1927,9.9839
2026-09-08T03:23:00,78807.70,0,0,SHADOW,SHADOW,,,6.1927,9.9839
2026-09-08T03:24:00,78761.50,0,0,SHADOW,SHADOW,,,6.1927,9.9839
2026-09-08T03:25:00,78801.20,0,0,SHADOW,SHADOW,,,6.1927,9.9839
2026-09-08T03:26:00,78776.50,0,0,SHADOW,SHADOW,,,6.1927,9.9839
2026-09-08T03:27:00,78730.00,0,0,SHADOW,SHADOW,,,6.1927,9.9839
2026-09-08T03:28:00,78709.90,0,0,SHADOW,SHADOW,,,6.1927,9.9839
2026-09-08T03:29:00,78746.90,0,0,SHADOW,SHADOW,,,6.1927,9.9839
2026-09-08T03:30:00,78832.50,0,0,SHADOW,SHADOW,,,6.1927,9.9839
2026-09-08T03:31:00,78889.00,0,0,SHADOW,SHADOW,,,6.1927,9.9839
2026-09-08T03:32:00,78898.10,0,0,SHADOW,SHADOW,,,6.1927,9.9839
2026-09-08T03:33:00,78932.80,0,0,SHADOW,SHADOW,,,6.1927,9.9839
2026-09-08T03:34:00,78889.20,0,0,SHADOW,SHADOW,,,6.1927,9.9839
2026-09-08T03:35:00,78919.30,0,0,SHADOW,SHADOW,,,6.1927,9.9839
2026-09-08T03:36:00,78930.30,0,0,SHADOW,SHADOW,,,6.1927,9.9839
2026-09-08T03:37:00,78921.40,0,0,SHADOW,SHADOW,,,6.1927,9.9839
2026-09-08T03:38:00,78904.10,0,0,SHADOW,SHADOW,,,6.1927,9.9839
2026-09-08T03:39:00,78908.00,0,0,SHADOW,SHADOW,,,6.1927,9.9839
2026-09-08T03:40:00,78913.30,0,0,SHADOW,SHADOW,,,6.1927,9.9839
2026-09-08T03:41:00,78890.00,0,0,SHADOW,SHADOW,,,6.1927,9.9839
2026-09-08T03:42:00,78899.00,0,0,SHADOW,SHADOW,,,6.1927,9.9839
2026-09-08T03:43:00,78957.40,0,0,SHADOW,SHADOW,,,6.1927,9.9839
2026-09-08T03:44:00,78918.80,0,0,SHADOW,SHADOW,,,6.1927,9.9839
2026-09-08T03:45:00,78914.20,0,0,SHADOW,SHADOW,,,6.1927,9.9839
2026-09-08T03:46:00,78890.40,0,0,SHADOW,SHADOW,,,6.1927,9.9839
2026-09-08T03:47:00,78850.40,0,0,SHADOW,SHADOW,,,6.1927,9.9839
2026-09-08T03:48:00,78857.50,0,0,SHADOW,SHADOW,,,6.1927,9.9839
2026-09-08T03:49:00,78884.00,0,0,SHADOW,SHADOW,,,6.1927,9.9839
2026-09-08T03:50:00,78919.60,0,0,SHADOW,SHADOW,,,6.1927,9.9839
2026-09-08T03:51:00,78905.00,0,0,SHADOW,SHADOW,,,6.1927,9.9839
2026-09-08T03:52:00,78900.20,0,0,SHADOW,SHADOW,,,6.1927,9.9839
2026-09-08T03:53:00,78890.00,0,0,SHADOW,SHADOW,,,6.1927,9.9839
2026-09-08T03:54:00,78880.00,0,0,SHADOW,SHADOW,,,6.1927,9.9839
2026-09-08T03:55:00,78883.90,0,0,SHADOW,SHADOW,,,6.1927,9.9839
2026-09-08T03:56:00,78880.10,0,0,SHADOW,SHADOW,,,6.1927,9.9839
2026-09-08T03:57:00,78884.20,0,0,SHADOW,SHADOW,,,6.1927,9.9839
2026-09-08T03:58:00,78884.20,0,0,SHADOW,SHADOW,,,6.1927,9.9839
2026-09-08T03:59:00,78880.00,0,0,SHADOW,SHADOW,,,6.1927,9.9839
2026-09-08T04:00:00,78887.50,0,0,SHADOW,SHADOW,,,6.1927,9.9839
2026-09-08T04:01:00,78894.80,0,0,SHADOW,SHADOW,,,6.1927,9.9839
2026-09-08T04:02:00,78870.00,0,0,SHADOW,SHADOW,,,6.1927,9.9839
2026-09-08T04:03:00,78870.00,0,0,SHADOW,SHADOW,,,6.1927,9.9839
2026-09-08T04:04:00,78868.90,0,0,SHADOW,SHADOW,,,6.1927,9.9839
2026-09-08T04:05:00,78868.90,0,0,SHADOW,SHADOW,,,6.1927,9.9839
2026-09-08T04:06:00,78850.10,0,0,SHADOW,SHADOW,,,6.1927,9.9839
2026-09-08T04:07:00,78838.10,0,0,SHADOW,SHADOW,,,6.1927,9.9839
2026-09-08T04:08:00,78846.40,0,0,SHADOW,SHADOW,,,6.1927,9.9839
2026-09-08T04:09:00,78835.50,0,0,SHADOW,SHADOW,,,6.1927,9.9839
2026-09-08T04:10:00,78811.10,0,0,SHADOW,SHADOW,,,6.1927,9.9839
2026-09-08T04:11:00,78811.20,0,0,SHADOW,SHADOW,,,6.1927,9.9839
2026-09-08T04:12:00,78785.10,0,0,SHADOW,SHADOW,,,6.1927,9.9839
2026-09-08T04:13:00,78827.90,0,0,SHADOW,SHADOW,,,6.1927,9.9839
2026-09-08T04:14:00,78789.60,0,0,SHADOW,SHADOW,,,6.1927,9.9839
2026-09-08T04:15:00,78764.50,0,0,SHADOW,SHADOW,,,6.1927,9.9839
2026-09-08T04:16:00,78782.90,0,0,SHADOW,SHADOW,,,6.1927,9.9839
2026-09-08T04:17:00,78814.00,0,0,SHADOW,SHADOW,,,6.1927,9.9839
2026-09-08T04:18:00,78802.80,0,0,SHADOW,SHADOW,,,6.1927,9.9839
2026-09-08T04:19:00,78830.00,0,0,SHADOW,SHADOW,,,6.1927,9.9839
2026-09-08T04:20:00,78798.90,0,0,SHADOW,SHADOW,,,6.1927,9.9839
2026-09-08T04:21:00,78814.10,0,0,SHADOW,SHADOW,,,6.1927,9.9839
2026-09-08T04:22:00,78771.50,0,0,SHADOW,SHADOW,,,6.1927,9.9839
2026-09-08T04:23:00,78773.60,0,0,SHADOW,SHADOW,,,6.1927,9.9839
2026-09-08T04:24:00,78750.00,0,0,SHADOW,SHADOW,,,6.1927,9.9839
2026-09-08T04:25:00,78787.00,0,0,SHADOW,SHADOW,,,6.1927,9.9839
2026-09-08T04:26:00,78784.70,0,0,SHADOW,SHADOW,,,6.1927,9.9839
2026-09-08T04:27:00,78784.70,0,0,SHADOW,SHADOW,,,6.1927,9.9839
2026-09-08T04:28:00,78810.10,0,0,SHADOW,SHADOW,,,6.1927,9.9839
2026-09-08T04:29:00,78788.60,0,0,SHADOW,SHADOW,,,6.1927,9.9839
2026-09-08T04:30:00,78790.30,0,0,SHADOW,SHADOW,,,6.1927,9.9839
2026-09-08T04:31:00,78818.40,0,0,SHADOW,SHADOW,,,6.1927,9.9839
2026-09-08T04:32:00,78828.30,0,0,SHADOW,SHADOW,,,6.1927,9.9839
2026-09-08T04:33:00,78839.90,0,0,SHADOW,SHADOW,,,6.1927,9.9839
2026-09-08T04:34:00,78800.10,0,0,SHADOW,SHADOW,,,6.1927,9.9839
2026-09-08T04:35:00,78773.20,0,0,SHADOW,SHADOW,,,6.1927,9.9839
2026-09-08T04:36:00,78765.30,0,0,SHADOW,SHADOW,,,6.1927,9.9839
2026-09-08T04:37:00,78773.10,0,0,SHADOW,SHADOW,,,6.1927,9.9839
2026-09-08T04:38:00,78793.40,0,0,SHADOW,SHADOW,,,6.1927,9.9839
