run,ts,cycle,unit,side,entryPrice,exitPrice,qty,bps,pnl,exitReason,hold_sec,entry_heure,exit_heure
Run_4h_1,2026-08-14T13:01:15Z,77,ALPHA_X13_BURST13,BUY,62723.10000000,62712.10000000,0.24870000,-1.75373985,-2.73570000,fluid_exit_inversion,10,13:01:04,13:01:14
Run_4h_1,2026-08-14T13:04:12Z,98,ALPHA_X13_BURST13,BUY,62691.50000000,62691.50000000,0.12440000,0.00000000,0.00000000,fluid_exit_inversion,8,13:04:04,13:04:12
Run_4h_1,2026-08-14T13:05:07Z,104,ALPHA_X13_BURST13,BUY,62692.90000000,62693.00000000,0.12440000,0.01595077,0.01244000,shock_inversion_stop,5,13:05:02,13:05:07
Run_4h_1,2026-08-14T13:05:57Z,109,ALPHA_X13_BURST13,BUY,62691.50000000,62695.90000000,0.24880000,0.70184953,1.09472000,shock_inversion_stop,5,13:05:51,13:05:56
Run_4h_1,2026-08-14T13:11:42Z,152,ALPHA_X13_BURST13,BUY,62687.10000000,62669.80000000,0.12440000,-2.75973845,-2.15212000,shock_inversion_stop,5,13:11:36,13:11:41
Run_4h_1,2026-08-14T13:13:18Z,163,ALPHA_X13_BURST13,BUY,62606.60000000,62612.40000000,0.12450000,0.92641990,0.72210000,shock_inversion_stop,5,13:13:12,13:13:17
Run_4h_1,2026-08-14T13:13:38Z,164,ALPHA_X13_BURST13,BUY,62616.10000000,62621.10000000,0.12450000,0.79851668,0.62250000,shock_inversion_stop,8,13:13:30,13:13:38
Run_4h_1,2026-08-14T13:15:38Z,178,ALPHA_X13_BURST13,BUY,62666.60000000,62669.60000000,0.08290000,0.47872391,0.24870000,shock_inversion_stop,5,13:15:32,13:15:37
Run_4h_1,2026-08-14T13:16:58Z,187,ALPHA_X13_BURST13,BUY,62650.40000000,62653.40000000,0.12450000,0.47884770,0.37350000,fluid_exit_inversion,5,13:16:52,13:16:57
Run_4h_1,2026-08-14T13:17:26Z,189,ALPHA_X13_BURST13,BUY,62667.30000000,62669.60000000,0.12440000,0.36701757,0.28612000,shock_inversion_stop,7,13:17:18,13:17:25
Run_4h_1,2026-08-14T13:18:05Z,193,ALPHA_X13_BURST13,BUY,62669.60000000,62669.60000000,0.12440000,0.00000000,0.00000000,shock_inversion_stop,5,13:18:00,13:18:05
Run_4h_1,2026-08-14T13:18:39Z,196,ALPHA_X13_BURST13,BUY,62658.30000000,62650.90000000,0.12440000,-1.18100874,-0.92056000,fluid_exit_inversion,5,13:18:33,13:18:38
Run_4h_1,2026-08-14T13:19:11Z,199,ALPHA_X13_BURST13,BUY,62648.90000000,62641.50000000,0.12450000,-1.18118594,-0.92130000,shock_inversion_stop,5,13:19:06,13:19:11
Run_4h_1,2026-08-14T13:23:43Z,232,ALPHA_X13_BURST13,BUY,62645.70000000,62646.60000000,0.20140000,0.14366509,0.18126000,shock_inversion_stop,10,13:23:32,13:23:42
Run_4h_1,2026-08-14T13:25:01Z,241,ALPHA_X13_BURST13,BUY,62688.10000000,62695.50000000,0.12440000,1.18044733,0.92056000,shock_inversion_stop,5,13:24:56,13:25:01
Run_4h_1,2026-08-14T13:26:14Z,249,ALPHA_X13_BURST13,BUY,62695.50000000,62698.10000000,0.12440000,0.41470281,0.32344000,fluid_exit_brake,6,13:26:08,13:26:14
Run_4h_1,2026-08-14T13:26:48Z,252,ALPHA_X13_BURST13,BUY,62698.20000000,62698.30000000,0.12440000,0.01594942,0.01244000,shock_inversion_stop,5,13:26:42,13:26:48
Run_4h_1,2026-08-14T13:33:53Z,306,ALPHA_X13_BURST13,BUY,62698.00000000,62698.00000000,0.24880000,0.00000000,0.00000000,shock_inversion_stop,4,13:33:48,13:33:53
Run_4h_1,2026-08-14T13:34:27Z,309,ALPHA_X13_BURST13,BUY,62698.00000000,62698.40000000,0.24880000,0.06379789,0.09952000,shock_inversion_stop,7,13:34:19,13:34:26
Run_4h_1,2026-08-14T13:36:16Z,322,ALPHA_X13_BURST13,BUY,62699.20000000,62698.40000000,0.12440000,-0.12759333,-0.09952000,shock_inversion_stop,5,13:36:10,13:36:15
Run_4h_1,2026-08-14T13:36:43Z,324,ALPHA_X13_BURST13,BUY,62702.00000000,62698.00000000,0.08290000,-0.63793818,-0.33160000,shock_inversion_stop,5,13:36:37,13:36:42
Run_4h_1,2026-08-14T13:37:24Z,328,ALPHA_X13_BURST13,BUY,62698.00000000,62698.00000000,0.08290000,0.00000000,0.00000000,shock_inversion_stop,5,13:37:19,13:37:24
Run_4h_1,2026-08-14T13:39:21Z,341,ALPHA_X13_BURST13,BUY,62708.30000000,62698.00000000,0.24870000,-1.64252579,-2.56161000,fluid_exit_inversion,5,13:39:15,13:39:21
Run_4h_1,2026-08-14T13:42:18Z,362,ALPHA_X13_BURST13,BUY,62630.70000000,62644.50000000,0.26860000,2.20339227,3.70668000,shock_inversion_stop,5,13:42:12,13:42:17
Run_4h_1,2026-08-14T13:42:45Z,364,ALPHA_X13_BURST13,BUY,62643.90000000,62630.70000000,0.12450000,-2.10714850,-1.64340000,shock_inversion_stop,6,13:42:39,13:42:45
Run_4h_1,2026-08-14T13:44:54Z,379,ALPHA_X13_BURST13,BUY,62660.80000000,62662.20000000,0.12440000,0.22342517,0.17416000,shock_inversion_stop,6,13:44:48,13:44:54
Run_4h_1,2026-08-14T13:45:47Z,384,ALPHA_X13_BURST13,BUY,62688.60000000,62708.30000000,0.12440000,3.14251714,2.45068000,shock_inversion_stop,8,13:45:38,13:45:46
Run_4h_1,2026-08-14T13:47:32Z,396,ALPHA_X13_BURST13,BUY,62714.00000000,62714.00000000,0.08290000,0.00000000,0.00000000,shock_inversion_stop,6,13:47:26,13:47:32
Run_4h_1,2026-08-14T13:48:14Z,400,ALPHA_X13_BURST13,BUY,62714.00000000,62714.00000000,0.16580000,0.00000000,0.00000000,shock_inversion_stop,5,13:48:09,13:48:14
Run_4h_1,2026-08-14T13:50:09Z,413,ALPHA_X13_BURST13,BUY,62673.00000000,62641.20000000,0.16590000,-5.07395529,-5.27562000,fluid_exit_inversion,6,13:50:03,13:50:09
Run_4h_1,2026-08-14T13:54:30Z,444,ALPHA_X13_BURST13,BUY,62627.00000000,62627.60000000,0.24900000,0.09580532,0.14940000,shock_inversion_stop,5,13:54:24,13:54:30
Run_4h_1,2026-08-14T13:55:14Z,448,ALPHA_X13_BURST13,BUY,62624.90000000,62624.20000000,0.12450000,-0.11177663,-0.08715000,shock_inversion_stop,5,13:55:08,13:55:14
Run_4h_1,2026-08-14T13:56:47Z,458,ALPHA_X13_BURST13,BUY,62623.40000000,62623.40000000,0.08300000,0.00000000,0.00000000,fluid_exit_inversion,8,13:56:38,13:56:46
Run_4h_1,2026-08-14T14:02:59Z,504,ALPHA_X13_BURST13,BUY,62623.40000000,62623.40000000,0.24910000,0.00000000,0.00000000,shock_inversion_stop,5,14:02:54,14:02:59
Run_4h_1,2026-08-14T14:04:42Z,515,ALPHA_X13_BURST13,BUY,62625.30000000,62630.50000000,0.24910000,0.83033534,1.29532000,shock_inversion_stop,9,14:04:33,14:04:42
Run_4h_1,2026-08-14T14:06:02Z,524,ALPHA_X13_BURST13,BUY,62624.20000000,62630.60000000,0.20150000,1.02196914,1.28960000,shock_inversion_stop,5,14:05:56,14:06:02
Run_4h_1,2026-08-14T14:07:26Z,533,ALPHA_X13_BURST13,BUY,62666.60000000,62667.40000000,0.12440000,0.12765971,0.09952000,fluid_exit_brake,9,14:07:17,14:07:26
Run_4h_1,2026-08-14T14:07:47Z,534,ALPHA_X13_BURST13,BUY,62667.40000000,62656.80000000,0.12440000,-1.69146957,-1.31864000,shock_inversion_stop,7,14:07:39,14:07:46
Run_4h_1,2026-08-14T14:08:21Z,537,ALPHA_X13_BURST13,BUY,62626.70000000,62617.80000000,0.12450000,-1.42111911,-1.10805000,shock_inversion_stop,5,14:08:15,14:08:21
Run_4h_1,2026-08-14T14:10:09Z,549,ALPHA_X13_BURST13,BUY,62612.90000000,62609.60000000,0.12450000,-0.52704794,-0.41085000,shock_inversion_stop,6,14:10:03,14:10:09
Run_4h_1,2026-08-14T14:11:32Z,558,ALPHA_X13_BURST13,BUY,62598.50000000,62625.60000000,0.13440000,4.32917722,3.64224000,shock_inversion_stop,5,14:11:26,14:11:31
Run_4h_1,2026-08-14T14:11:50Z,559,ALPHA_X13_BURST13,BUY,62665.50000000,62663.90000000,0.08290000,-0.25532390,-0.13264000,fluid_exit_inversion,6,14:11:44,14:11:50
Run_4h_1,2026-08-14T14:26:17Z,666,ALPHA_X13_BURST13,BUY,62600.70000000,62609.90000000,0.24910000,1.46963213,2.29172000,shock_inversion_stop,7,14:26:09,14:26:16
Run_4h_1,2026-08-14T14:26:50Z,669,ALPHA_X13_BURST13,BUY,62609.90000000,62609.90000000,0.08300000,0.00000000,0.00000000,shock_inversion_stop,5,14:26:45,14:26:50
Run_4h_1,2026-08-14T14:28:38Z,681,ALPHA_X13_BURST13,BUY,62666.60000000,62660.00000000,0.12440000,-1.05319261,-0.82104000,shock_inversion_stop,5,14:28:32,14:28:37
Run_4h_1,2026-08-14T14:47:20Z,822,ALPHA_X13_BURST13,BUY,62720.10000000,62720.10000000,0.40240000,0.00000000,0.00000000,shock_inversion_stop,6,14:47:14,14:47:20
Run_4h_1,2026-08-14T14:50:26Z,844,ALPHA_X13_BURST13,BUY,62736.80000000,62736.80000000,0.24860000,0.00000000,0.00000000,shock_inversion_stop,5,14:50:20,14:50:25
Run_4h_1,2026-08-14T14:59:53Z,915,ALPHA_X13_BURST13,BUY,62591.50000000,62591.50000000,0.24920000,0.00000000,0.00000000,shock_inversion_stop,5,14:59:48,14:59:53
Run_4h_1,2026-08-14T15:01:35Z,926,ALPHA_X13_BURST13,BUY,62584.00000000,62610.10000000,0.24920000,4.17039499,6.50412000,fluid_exit_inversion,6,15:01:29,15:01:35
Run_4h_1,2026-08-14T15:04:58Z,951,ALPHA_X13_BURST13,BUY,62616.10000000,62616.10000000,0.40310000,0.00000000,0.00000000,shock_inversion_stop,5,15:04:52,15:04:57
Run_4h_1,2026-08-14T15:08:07Z,974,ALPHA_X13_BURST13,BUY,62637.70000000,62643.10000000,0.24900000,0.86210062,1.34460000,shock_inversion_stop,5,15:08:01,15:08:06
Run_4h_1,2026-08-14T15:10:24Z,990,ALPHA_X13_BURST13,BUY,62649.70000000,62649.70000000,0.12450000,0.00000000,0.00000000,shock_inversion_stop,6,15:10:17,15:10:23
Run_4h_1,2026-08-14T15:24:58Z,1097,ALPHA_X13_BURST13,BUY,62730.70000000,62731.10000000,0.24860000,0.06376463,0.09944000,shock_inversion_stop,6,15:24:52,15:24:58
Run_4h_1,2026-08-14T15:29:43Z,1131,ALPHA_X13_BURST13,BUY,62731.10000000,62731.10000000,0.24860000,0.00000000,0.00000000,shock_inversion_stop,5,15:29:37,15:29:42
Run_4h_1,2026-08-14T15:30:08Z,1133,ALPHA_X13_BURST13,BUY,62741.70000000,62708.90000000,0.12420000,-5.22778312,-4.07376000,shock_inversion_stop,5,15:30:02,15:30:08
Run_4h_1,2026-08-14T15:31:29Z,1142,ALPHA_X13_BURST13,BUY,62746.80000000,62747.30000000,0.20100000,0.07968534,0.10050000,shock_inversion_stop,5,15:31:24,15:31:29
Run_4h_1,2026-08-14T15:36:16Z,1176,ALPHA_X13_BURST13,BUY,62712.00000000,62862.10000000,0.24870000,23.93481311,37.32987000,shock_inversion_stop,8,15:36:08,15:36:16
Run_4h_1,2026-08-14T15:38:41Z,1193,ALPHA_X13_BURST13,BUY,62868.60000000,62868.60000000,0.13440000,0.00000000,0.00000000,shock_inversion_stop,6,15:38:35,15:38:41
Run_4h_1,2026-08-14T15:39:59Z,1201,ALPHA_X13_BURST13,BUY,62872.60000000,62839.60000000,0.24810000,-5.24870929,-8.18730000,fluid_exit_inversion,8,15:39:51,15:39:59
Run_4h_1,2026-08-14T15:43:22Z,1225,ALPHA_X13_BURST13,BUY,62890.00000000,62857.90000000,0.24800000,-5.10415010,-7.96080000,shock_inversion_stop,5,15:43:17,15:43:22
Run_4h_1,2026-08-14T15:44:29Z,1232,ALPHA_X13_BURST13,BUY,62858.10000000,62879.50000000,0.12400000,3.40449361,2.65360000,shock_inversion_stop,5,15:44:23,15:44:28
Run_4h_1,2026-08-14T15:44:48Z,1233,ALPHA_X13_BURST13,BUY,62879.50000000,62889.00000000,0.08260000,1.51082626,0.78470000,shock_inversion_stop,5,15:44:42,15:44:47
Run_4h_1,2026-08-14T15:46:43Z,1246,ALPHA_X13_BURST13,BUY,62950.00000000,62950.10000000,0.12390000,0.01588562,0.01239000,shock_inversion_stop,5,15:46:37,15:46:43
Run_4h_1,2026-08-14T15:49:11Z,1263,ALPHA_X13_BURST13,BUY,62950.10000000,62944.90000000,0.24780000,-0.82605111,-1.28856000,shock_inversion_stop,5,15:49:05,15:49:11
Run_4h_1,2026-08-14T15:56:09Z,1314,ALPHA_X13_BURST13,BUY,62978.30000000,62984.20000000,0.24770000,0.93683062,1.46143000,shock_inversion_stop,6,15:56:03,15:56:09
Run_V2,2026-08-14T16:34:19Z,73,ALPHA_X13_BURST13,BUY,63077.50000000,63081.90000000,0.26660000,0.69755460,1.17304000,shock_inversion_stop,5,16:34:13,16:34:19
Run_V2,2026-08-14T16:35:01Z,77,ALPHA_X13_BURST13,BUY,63076.60000000,63076.60000000,0.20000000,0.00000000,0.00000000,shock_inversion_stop,6,16:34:55,16:35:01
Run_V2,2026-08-14T16:37:47Z,97,ALPHA_X13_BURST13,BUY,63144.50000000,63146.80000000,0.16470000,0.36424392,0.37881000,shock_inversion_stop,6,16:37:41,16:37:47
Run_V2,2026-08-14T16:38:32Z,101,ALPHA_X13_BURST13,BUY,63146.80000000,63149.40000000,0.12350000,0.41173900,0.32110000,shock_inversion_stop,8,16:38:24,16:38:32
Run_V2,2026-08-14T16:40:26Z,115,ALPHA_X13_BURST13,BUY,63154.30000000,63160.10000000,0.12350000,0.91838560,0.71630000,shock_inversion_stop,5,16:40:21,16:40:26
Run_V2,2026-08-14T16:42:12Z,128,ALPHA_X13_BURST13,BUY,63172.00000000,63172.00000000,0.12340000,0.00000000,0.00000000,shock_inversion_stop,5,16:42:07,16:42:12
Run_V2,2026-08-14T16:42:33Z,129,ALPHA_X13_BURST13,BUY,63172.10000000,63174.10000000,0.24690000,0.31659546,0.49380000,shock_inversion_stop,8,16:42:25,16:42:33
Run_V2,2026-08-14T16:44:13Z,141,ALPHA_X13_BURST13,BUY,63168.00000000,63167.40000000,0.08230000,-0.09498480,-0.04938000,shock_inversion_stop,5,16:44:07,16:44:12
Run_V2,2026-08-14T16:51:40Z,196,ALPHA_X13_BURST13,BUY,63124.90000000,63124.90000000,0.24710000,0.00000000,0.00000000,shock_inversion_stop,5,16:51:34,16:51:39
Run_V2,2026-08-14T16:52:32Z,201,ALPHA_X13_BURST13,BUY,63123.80000000,63128.30000000,0.16470000,0.71288484,0.74115000,shock_inversion_stop,7,16:52:25,16:52:32
Run_V2,2026-08-14T16:53:06Z,204,ALPHA_X13_BURST13,BUY,63123.80000000,63123.80000000,0.08230000,0.00000000,0.00000000,fluid_exit_inversion,6,16:53:00,16:53:06
Run_V2,2026-08-14T16:55:37Z,222,ALPHA_X13_BURST13,BUY,63123.80000000,63125.40000000,0.08230000,0.25347016,0.13168000,shock_inversion_stop,5,16:55:31,16:55:36
Run_V2,2026-08-14T16:56:04Z,224,ALPHA_X13_BURST13,BUY,63123.80000000,63123.80000000,0.12350000,0.00000000,0.00000000,shock_inversion_stop,6,16:55:57,16:56:03
Run_V2,2026-08-14T16:57:00Z,230,ALPHA_X13_BURST13,BUY,63128.20000000,63122.40000000,0.13320000,-0.91876531,-0.77256000,shock_inversion_stop,5,16:56:55,16:57:00
Run_V2,2026-08-14T17:11:52Z,341,ALPHA_X13_BURST13,BUY,63098.40000000,63098.40000000,0.24720000,0.00000000,0.00000000,shock_inversion_stop,6,17:11:46,17:11:52
Run_V2,2026-08-14T17:21:17Z,408,ALPHA_X13_BURST13,BUY,63174.50000000,63174.50000000,0.24690000,0.00000000,0.00000000,shock_inversion_stop,5,17:21:12,17:21:17
Run_V2,2026-08-14T17:21:36Z,409,ALPHA_X13_BURST13,BUY,63174.70000000,63175.20000000,0.24690000,0.07914561,0.12345000,fluid_exit_brake,6,17:21:30,17:21:36
Run_V2,2026-08-14T17:34:51Z,496,ALPHA_X13_BURST13,BUY,63173.70000000,63180.20000000,0.24690000,1.02890918,1.60485000,shock_inversion_stop,8,17:34:43,17:34:51
Run_V2,2026-08-14T17:48:53Z,643,ALPHA_X13_BURST13,BUY,63091.80000000,63112.10000000,0.24720000,3.21753382,5.01816000,shock_inversion_stop,5,17:48:47,17:48:53
Run_V2,2026-08-14T17:49:14Z,644,ALPHA_X13_BURST13,BUY,63091.80000000,63093.00000000,0.12360000,0.19019904,0.14832000,shock_inversion_stop,6,17:49:07,17:49:14
Run_V2,2026-08-14T18:56:03Z,1120,ALPHA_X13_BURST13,BUY,62883.10000000,62883.20000000,0.24800000,0.01590252,0.02480000,shock_inversion_stop,7,18:55:56,18:56:03
Run_V2,2026-08-14T18:58:39Z,1135,ALPHA_X13_BURST13,BUY,62879.20000000,62879.20000000,0.24800000,0.00000000,0.00000000,shock_inversion_stop,6,18:58:33,18:58:39
Run_V2,2026-08-14T18:59:09Z,1137,ALPHA_X13_BURST13,BUY,62882.90000000,62883.20000000,0.24800000,0.04770772,0.07440000,shock_inversion_stop,6,18:59:02,18:59:08
Run_V2,2026-08-14T19:06:17Z,1185,ALPHA_X13_BURST13,BUY,62857.00000000,62857.00000000,0.24810000,0.00000000,0.00000000,shock_inversion_stop,6,19:06:10,19:06:17
Run_V2,2026-08-14T19:15:05Z,1242,ALPHA_X13_BURST13,BUY,62836.70000000,62827.20000000,0.24820000,-1.51185533,-2.35790000,shock_inversion_stop,5,19:14:59,19:15:05
Run_V2,2026-08-14T19:26:37Z,1321,ALPHA_X13_BURST13,BUY,62850.10000000,62855.30000000,0.24820000,0.82736543,1.29064000,shock_inversion_stop,9,19:26:28,19:26:37
Run_V2,2026-08-14T20:02:40Z,49,ALPHA_X13_BURST13,BUY,62949.40000000,62949.40000000,0.20040000,0.00000000,0.00000000,shock_inversion_stop,10,20:02:29,20:02:39
Run_V2,2026-08-14T20:03:11Z,51,ALPHA_X13_BURST13,BUY,62960.30000000,62963.80000000,0.24770000,0.55590586,0.86695000,shock_inversion_stop,7,20:03:04,20:03:11
Run_V2,2026-08-14T20:04:03Z,55,ALPHA_X13_BURST13,BUY,62951.80000000,62954.60000000,0.08260000,0.44478474,0.23128000,fluid_exit_inversion,8,20:03:55,20:04:03
Run_V2,2026-08-14T20:06:56Z,72,ALPHA_X13_BURST13,BUY,62974.80000000,62972.00000000,0.12380000,-0.44462229,-0.34664000,fluid_exit_brake,7,20:06:48,20:06:55
Run_V2,2026-08-14T20:07:50Z,76,ALPHA_X13_BURST13,BUY,62964.60000000,62969.20000000,0.12380000,0.73056924,0.56948000,shock_inversion_stop,10,20:07:39,20:07:49
Run_V2,2026-08-14T20:10:12Z,90,ALPHA_X13_BURST13,BUY,62968.60000000,62976.70000000,0.12380000,1.28635542,1.00278000,shock_inversion_stop,7,20:10:04,20:10:12
Run_V2,2026-08-14T20:14:07Z,115,ALPHA_X13_BURST13,BUY,62975.50000000,62975.50000000,0.08250000,0.00000000,0.00000000,shock_inversion_stop,8,20:13:59,20:14:07
Run_V2,2026-08-14T20:17:51Z,138,ALPHA_X13_BURST13,BUY,62945.20000000,62975.70000000,0.16520000,4.84548464,5.03860000,shock_inversion_stop,10,20:17:41,20:17:51
Run_V2,2026-08-14T20:18:42Z,142,ALPHA_X13_BURST13,BUY,62923.90000000,62924.30000000,0.08260000,0.06356885,0.03304000,shock_inversion_stop,10,20:18:32,20:18:42
Run_V2,2026-08-14T20:20:31Z,153,ALPHA_X13_BURST13,BUY,62909.80000000,62911.70000000,0.08260000,0.30201972,0.15694000,shock_inversion_stop,7,20:20:24,20:20:31
Run_V2,2026-08-14T20:21:29Z,158,ALPHA_X13_BURST13,BUY,62917.60000000,62917.60000000,0.12390000,0.00000000,0.00000000,shock_inversion_stop,7,20:21:21,20:21:28
Run_Nuit,2026-08-14T21:52:57Z,58,ALPHA_X13_BURST13,BUY,62881.80000000,62881.80000000,0.06360000,0.00000000,0.00000000,shock_inversion_stop,5,21:52:51,21:52:56
Run_Nuit,2026-08-14T21:53:22Z,59,ALPHA_X13_BURST13,BUY,62881.70000000,62888.10000000,0.06360000,1.01778419,0.40704000,shock_inversion_stop,8,21:53:14,21:53:22
Run_Nuit,2026-08-14T22:05:22Z,142,ALPHA_X13_BURST13,BUY,62893.80000000,62893.80000000,0.04760000,0.00000000,0.00000000,shock_inversion_stop,5,22:05:16,22:05:22
Run_Nuit,2026-08-14T22:12:36Z,197,ALPHA_X13_BURST13,BUY,62834.40000000,62833.20000000,0.06360000,-0.19097819,-0.07632000,shock_inversion_stop,5,22:12:31,22:12:36
Run_Nuit,2026-08-14T22:31:03Z,337,ALPHA_X13_BURST13,BUY,62813.70000000,62813.80000000,0.09550000,0.01592009,0.00955000,shock_inversion_stop,4,22:30:58,22:31:03
Run_Nuit,2026-08-14T22:31:56Z,343,ALPHA_X13_BURST13,BUY,62813.80000000,62813.80000000,0.09550000,0.00000000,0.00000000,shock_inversion_stop,4,22:31:51,22:31:55
Run_Nuit,2026-08-14T22:32:20Z,345,ALPHA_X13_BURST13,BUY,62813.80000000,62810.20000000,0.09550000,-0.57312247,-0.34380000,fluid_exit_inversion,5,22:32:15,22:32:20
Run_Nuit,2026-08-14T23:11:22Z,647,ALPHA_X13_BURST13,BUY,62836.60000000,62866.00000000,0.09540000,4.67880184,2.80476000,shock_inversion_stop,5,23:11:16,23:11:21
Run_Nuit,2026-08-14T23:12:40Z,656,ALPHA_X13_BURST13,BUY,62874.90000000,62875.00000000,0.20070000,0.01590460,0.02007000,shock_inversion_stop,5,23:12:35,23:12:40
Run_Nuit,2026-08-14T23:13:40Z,662,ALPHA_X13_BURST13,BUY,62880.40000000,62880.40000000,0.20070000,0.00000000,0.00000000,shock_inversion_stop,5,23:13:35,23:13:40
Run_Nuit,2026-08-14T23:38:37Z,859,ALPHA_X13_BURST13,BUY,62904.00000000,62904.00000000,0.24790000,0.00000000,0.00000000,shock_inversion_stop,5,23:38:32,23:38:37
Run_Nuit,2026-08-14T23:39:03Z,861,ALPHA_X13_BURST13,BUY,62882.20000000,62904.00000000,0.24800000,3.46679983,5.40640000,shock_inversion_stop,5,23:38:56,23:39:02
Run_Nuit,2026-08-14T23:40:19Z,869,ALPHA_X13_BURST13,BUY,62941.50000000,62941.10000000,0.12390000,-0.06355108,-0.04956000,fluid_exit_brake,11,23:40:07,23:40:18
Run_Nuit,2026-08-14T23:40:51Z,872,ALPHA_X13_BURST13,BUY,62942.90000000,62942.90000000,0.08260000,0.00000000,0.00000000,shock_inversion_stop,5,23:40:45,23:40:50
Run_Nuit,2026-08-14T23:43:58Z,895,ALPHA_X13_BURST13,BUY,62975.70000000,62975.70000000,0.24770000,0.00000000,0.00000000,shock_inversion_stop,5,23:43:53,23:43:58
Run_Nuit,2026-08-14T23:44:29Z,898,ALPHA_X13_BURST13,BUY,62977.20000000,62977.20000000,0.16510000,0.00000000,0.00000000,shock_inversion_stop,5,23:44:24,23:44:29
Run_Nuit,2026-08-15T00:10:59Z,1103,ALPHA_X13_BURST13,BUY,62996.70000000,62996.70000000,0.24760000,0.00000000,0.00000000,shock_inversion_stop,5,00:10:53,00:10:59
Run_Nuit,2026-08-15T00:12:00Z,1110,ALPHA_X13_BURST13,BUY,62997.10000000,62997.10000000,0.24760000,0.00000000,0.00000000,fluid_exit_brake,5,00:11:55,00:12:00
Run_Nuit,2026-08-15T00:22:58Z,1197,ALPHA_X13_BURST13,BUY,63000.60000000,63000.60000000,0.24760000,0.00000000,0.00000000,shock_inversion_stop,5,00:22:53,00:22:58
Run_Nuit,2026-08-15T00:24:43Z,1210,ALPHA_X13_BURST13,BUY,63000.70000000,62998.60000000,0.20030000,-0.33332963,-0.42063000,shock_inversion_stop,5,00:24:38,00:24:43
Run_Nuit,2026-08-15T00:30:27Z,1253,ALPHA_X13_BURST13,BUY,62994.60000000,62986.80000000,0.12380000,-1.23820137,-0.96564000,shock_inversion_stop,5,00:30:22,00:30:27
Run_Nuit,2026-08-15T00:32:36Z,1268,ALPHA_X13_BURST13,BUY,62994.70000000,63000.60000000,0.12380000,0.93658673,0.73042000,shock_inversion_stop,8,00:32:28,00:32:36
Run_Nuit,2026-08-15T00:32:54Z,1269,ALPHA_X13_BURST13,BUY,62991.00000000,62991.00000000,0.12380000,0.00000000,0.00000000,fluid_exit_brake,5,00:32:48,00:32:54
Run_Nuit,2026-08-15T00:33:12Z,1270,ALPHA_X13_BURST13,BUY,62991.00000000,62998.00000000,0.12380000,1.11126986,0.86660000,shock_inversion_stop,5,00:33:07,00:33:12
Run_Nuit,2026-08-15T00:58:03Z,1463,ALPHA_X13_BURST13,BUY,62987.70000000,62975.10000000,0.24760000,-2.00039055,-3.11976000,shock_inversion_stop,5,00:57:58,00:58:03
Run_Nuit,2026-08-15T01:09:07Z,1546,ALPHA_X13_BURST13,BUY,62973.20000000,62973.30000000,0.24770000,0.01587977,0.02477000,shock_inversion_stop,5,01:09:02,01:09:07
Run_Nuit,2026-08-15T02:08:51Z,2011,ALPHA_X13_BURST13,BUY,63031.40000000,63031.40000000,0.24740000,0.00000000,0.00000000,shock_inversion_stop,6,02:08:45,02:08:51
Run_Nuit,2026-08-15T02:09:17Z,2013,ALPHA_X13_BURST13,BUY,63031.40000000,63033.00000000,0.24740000,0.25384174,0.39584000,shock_inversion_stop,7,02:09:10,02:09:17
Run_Nuit,2026-08-15T02:23:25Z,2120,ALPHA_X13_BURST13,BUY,63072.20000000,63072.80000000,0.20000000,0.09512907,0.12000000,fluid_exit_inversion,6,02:23:19,02:23:25
Run_Nuit,2026-08-15T02:26:14Z,2141,ALPHA_X13_BURST13,BUY,63078.90000000,63076.50000000,0.20000000,-0.38047588,-0.48000000,fluid_exit_inversion,5,02:26:09,02:26:14
Run_Nuit,2026-08-15T02:45:16Z,2285,ALPHA_X13_BURST13,BUY,63088.90000000,63089.00000000,0.24720000,0.01585065,0.02472000,shock_inversion_stop,6,02:45:10,02:45:16
Run_Nuit,2026-08-15T02:45:39Z,2286,ALPHA_X13_BURST13,BUY,63088.90000000,63088.90000000,0.24720000,0.00000000,0.00000000,fluid_exit_brake,5,02:45:33,02:45:38
Run_Nuit,2026-08-15T02:46:10Z,2289,ALPHA_X13_BURST13,BUY,63088.90000000,63089.00000000,0.24720000,0.01585065,0.02472000,shock_inversion_stop,4,02:46:05,02:46:10
Run_Nuit,2026-08-15T02:50:34Z,2323,ALPHA_X13_BURST13,BUY,63100.90000000,63100.90000000,0.20000000,0.00000000,0.00000000,shock_inversion_stop,5,02:50:28,02:50:34
Run_Nuit,2026-08-15T02:52:22Z,2336,ALPHA_X13_BURST13,BUY,63112.10000000,63112.00000000,0.24710000,-0.01584482,-0.02471000,shock_inversion_stop,5,02:52:17,02:52:22
Run_Nuit,2026-08-15T02:55:59Z,2363,ALPHA_X13_BURST13,BUY,63112.00000000,63112.10000000,0.24710000,0.01584485,0.02471000,fluid_exit_brake,5,02:55:54,02:55:59
Run_Nuit,2026-08-15T02:58:08Z,2379,ALPHA_X13_BURST13,BUY,63112.10000000,63112.60000000,0.24710000,0.07922411,0.12355000,shock_inversion_stop,6,02:58:02,02:58:08
Run_Nuit,2026-08-15T03:04:32Z,2427,ALPHA_X13_BURST13,BUY,63112.00000000,63113.20000000,0.12350000,0.19013817,0.14820000,shock_inversion_stop,7,03:04:24,03:04:32
Run_Nuit,2026-08-15T03:04:54Z,2428,ALPHA_X13_BURST13,BUY,63112.00000000,63112.00000000,0.12350000,0.00000000,0.00000000,shock_inversion_stop,5,03:04:48,03:04:53
Run_Nuit,2026-08-15T03:27:03Z,2600,ALPHA_X13_BURST13,BUY,63081.50000000,63081.50000000,0.12360000,0.00000000,0.00000000,shock_inversion_stop,5,03:26:58,03:27:03
Run_Nuit,2026-08-15T04:01:44Z,2869,ALPHA_X13_BURST13,BUY,63041.90000000,63043.50000000,0.12370000,0.25379946,0.19792000,shock_inversion_stop,5,04:01:38,04:01:43
Run_Nuit,2026-08-15T04:02:47Z,2875,ALPHA_X13_BURST13,BUY,63043.50000000,63043.60000000,0.12360000,0.01586206,0.01236000,shock_inversion_stop,5,04:02:41,04:02:46
Run_Nuit,2026-08-15T04:03:26Z,2879,ALPHA_X13_BURST13,BUY,63043.60000000,63047.90000000,0.12360000,0.68206765,0.53148000,shock_inversion_stop,5,04:03:21,04:03:26
Run_Nuit,2026-08-15T04:04:06Z,2883,ALPHA_X13_BURST13,BUY,63048.90000000,63049.00000000,0.12360000,0.01586070,0.01236000,shock_inversion_stop,5,04:04:01,04:04:06
Run_Nuit,2026-08-15T04:05:59Z,2897,ALPHA_X13_BURST13,BUY,63049.90000000,63049.90000000,0.12360000,0.00000000,0.00000000,shock_inversion_stop,5,04:05:54,04:05:59
Run_Nuit,2026-08-15T04:08:49Z,2917,ALPHA_X13_BURST13,BUY,63044.20000000,63042.00000000,0.12370000,-0.34896152,-0.27214000,fluid_exit_brake,10,04:08:39,04:08:49
Run_Nuit,2026-08-15T04:09:52Z,2924,ALPHA_X13_BURST13,BUY,63041.80000000,63042.20000000,0.12360000,0.06344996,0.04944000,shock_inversion_stop,8,04:09:44,04:09:52
Run_Nuit,2026-08-15T04:25:38Z,3044,ALPHA_X13_BURST13,BUY,63097.10000000,63097.10000000,0.12360000,0.00000000,0.00000000,shock_inversion_stop,5,04:25:33,04:25:38
Run_Nuit,2026-08-15T04:26:18Z,3048,ALPHA_X13_BURST13,BUY,63097.00000000,63097.00000000,0.12360000,0.00000000,0.00000000,shock_inversion_stop,4,04:26:13,04:26:18
Run_Nuit,2026-08-15T04:26:46Z,3050,ALPHA_X13_BURST13,BUY,63099.30000000,63099.30000000,0.12360000,0.00000000,0.00000000,shock_inversion_stop,4,04:26:41,04:26:46
Run_Nuit,2026-08-15T04:27:09Z,3052,ALPHA_X13_BURST13,BUY,63099.30000000,63099.40000000,0.12360000,0.01584804,0.01236000,shock_inversion_stop,5,04:27:04,04:27:09
Run_Nuit,2026-08-15T04:31:26Z,3084,ALPHA_X13_BURST13,BUY,63102.60000000,63102.70000000,0.12360000,0.01584721,0.01236000,shock_inversion_stop,4,04:31:21,04:31:26
Run_Nuit,2026-08-15T04:46:59Z,3202,ALPHA_X13_BURST13,BUY,63126.70000000,63126.60000000,0.12350000,-0.01584116,-0.01235000,fluid_exit_inversion,13,04:46:46,04:46:59
Run_Nuit,2026-08-15T04:47:16Z,3203,ALPHA_X13_BURST13,BUY,63126.50000000,63126.60000000,0.12350000,0.01584121,0.01235000,shock_inversion_stop,5,04:47:11,04:47:16
Run_Nuit,2026-08-15T05:41:15Z,3606,ALPHA_X13_BURST13,BUY,63041.80000000,63041.80000000,0.12370000,0.00000000,0.00000000,shock_inversion_stop,5,05:41:10,05:41:15
Run_Nuit,2026-08-15T05:43:46Z,3622,ALPHA_X13_BURST13,BUY,63042.30000000,63061.70000000,0.12370000,3.07729889,2.39978000,shock_inversion_stop,5,05:43:41,05:43:46
Run_4h_1,2026-08-14T12:54:55Z,30,BETA_X5,SELL,62760.80000000,62760.80000000,0.00940000,-0.00000000,-0.00000000,shock_inversion_stop,5,12:54:49,12:54:54
Run_4h_1,2026-08-14T12:55:42Z,35,BETA_X5,SELL,62760.80000000,62760.60000000,0.00940000,0.03186703,0.00188000,shock_inversion_stop,5,12:55:36,12:55:41
Run_4h_1,2026-08-14T12:56:45Z,42,BETA_X5,SELL,62759.70000000,62759.70000000,0.00940000,-0.00000000,-0.00000000,shock_inversion_stop,5,12:56:40,12:56:45
Run_4h_1,2026-08-14T12:57:46Z,49,BETA_X5,SELL,62756.00000000,62756.00000000,0.00940000,-0.00000000,-0.00000000,shock_inversion_stop,5,12:57:40,12:57:45
Run_4h_1,2026-08-14T12:58:03Z,50,BETA_X5,SELL,62761.70000000,62756.00000000,0.01540000,0.90819720,0.08778000,shock_inversion_stop,5,12:57:57,12:58:02
Run_4h_1,2026-08-14T13:00:49Z,71,BETA_X5,SELL,62759.10000000,62761.70000000,0.00470000,-0.41428255,-0.01222000,fluid_exit_inversion,5,13:00:43,13:00:48
Run_4h_1,2026-08-14T13:05:03Z,104,BETA_X5,SELL,62691.30000000,62692.90000000,0.00470000,-0.25521883,-0.00752000,shock_inversion_stop,5,13:04:58,13:05:03
Run_4h_1,2026-08-14T13:05:28Z,106,BETA_X5,SELL,62688.30000000,62688.30000000,0.00470000,-0.00000000,-0.00000000,shock_inversion_stop,5,13:05:23,13:05:28
Run_4h_1,2026-08-14T13:05:46Z,107,BETA_X5,SELL,62691.30000000,62691.50000000,0.00940000,-0.03190235,-0.00188000,shock_inversion_stop,5,13:05:41,13:05:46
Run_4h_1,2026-08-14T13:06:19Z,110,BETA_X5,SELL,62697.80000000,62687.50000000,0.00940000,1.64280086,0.09682000,shock_inversion_stop,5,13:06:14,13:06:19
Run_4h_1,2026-08-14T13:08:26Z,125,BETA_X5,SELL,62696.90000000,62697.10000000,0.00470000,-0.03189950,-0.00094000,shock_inversion_stop,5,13:08:21,13:08:26
Run_4h_1,2026-08-14T13:13:25Z,162,BETA_X5,SELL,62611.10000000,62616.10000000,0.00470000,-0.79858044,-0.02350000,fluid_exit_inversion,8,13:13:17,13:13:25
Run_4h_1,2026-08-14T13:13:57Z,165,BETA_X5,SELL,62627.00000000,62632.10000000,0.00940000,-0.81434525,-0.04794000,shock_inversion_stop,5,13:13:51,13:13:56
Run_4h_1,2026-08-14T13:14:19Z,166,BETA_X5,SELL,62641.90000000,62641.50000000,0.00470000,0.06385502,0.00188000,fluid_exit_inversion,8,13:14:10,13:14:18
Run_4h_1,2026-08-14T13:16:47Z,184,BETA_X5,SELL,62650.80000000,62669.60000000,0.00470000,-3.00075977,-0.08836000,fluid_exit_inversion,5,13:16:41,13:16:46
Run_4h_1,2026-08-14T13:20:41Z,214,BETA_X5,SELL,62632.90000000,62632.20000000,0.00470000,0.11176235,0.00329000,shock_inversion_stop,5,13:20:36,13:20:41
Run_4h_1,2026-08-14T13:21:05Z,215,BETA_X5,SELL,62630.40000000,62630.00000000,0.00470000,0.06386675,0.00188000,shock_inversion_stop,11,13:20:53,13:21:04
Run_4h_1,2026-08-14T13:23:01Z,229,BETA_X5,SELL,62628.70000000,62631.00000000,0.00940000,-0.36724377,-0.02162000,fluid_exit_inversion,5,13:22:55,13:23:00
Run_4h_1,2026-08-14T13:23:55Z,235,BETA_X5,SELL,62646.90000000,62649.10000000,0.01540000,-0.35117460,-0.03388000,shock_inversion_stop,6,13:23:49,13:23:55
Run_4h_1,2026-08-14T13:26:57Z,258,BETA_X5,SELL,62698.30000000,62698.70000000,0.00470000,-0.06379758,-0.00188000,shock_inversion_stop,5,13:26:52,13:26:57
Run_4h_1,2026-08-14T13:27:15Z,259,BETA_X5,SELL,62698.80000000,62698.80000000,0.00470000,-0.00000000,-0.00000000,fluid_exit_inversion,6,13:27:09,13:27:15
Run_4h_1,2026-08-14T13:28:57Z,271,BETA_X5,SELL,62698.30000000,62698.30000000,0.00470000,-0.00000000,-0.00000000,shock_inversion_stop,5,13:28:51,13:28:56
Run_4h_1,2026-08-14T13:32:29Z,298,BETA_X5,SELL,62698.20000000,62698.00000000,0.00940000,0.03189884,0.00188000,fluid_exit_brake,5,13:32:23,13:32:28
Run_4h_1,2026-08-14T13:33:16Z,303,BETA_X5,SELL,62700.10000000,62700.90000000,0.00940000,-0.12759150,-0.00752000,shock_inversion_stop,5,13:33:11,13:33:16
Run_4h_1,2026-08-14T13:36:17Z,326,BETA_X5,SELL,62702.00000000,62698.40000000,0.00940000,0.57414437,0.03384000,shock_inversion_stop,5,13:36:11,13:36:16
Run_4h_1,2026-08-14T13:36:42Z,328,BETA_X5,SELL,62702.00000000,62698.00000000,0.00760000,0.63793818,0.03040000,shock_inversion_stop,5,13:36:36,13:36:42
Run_4h_1,2026-08-14T13:37:07Z,330,BETA_X5,SELL,62698.00000000,62698.00000000,0.00470000,-0.00000000,-0.00000000,shock_inversion_stop,6,13:37:01,13:37:07
Run_4h_1,2026-08-14T13:37:25Z,331,BETA_X5,SELL,62698.00000000,62698.00000000,0.00470000,-0.00000000,-0.00000000,shock_inversion_stop,6,13:37:19,13:37:25
Run_4h_1,2026-08-14T13:38:24Z,337,BETA_X5,SELL,62702.00000000,62702.00000000,0.00470000,-0.00000000,-0.00000000,shock_inversion_stop,5,13:38:18,13:38:23
Run_4h_1,2026-08-14T13:39:00Z,340,BETA_X5,SELL,62701.90000000,62707.50000000,0.00940000,-0.89311488,-0.05264000,fluid_exit_inversion,8,13:38:52,13:39:00
Run_4h_1,2026-08-14T13:39:18Z,341,BETA_X5,SELL,62708.30000000,62700.70000000,0.00760000,1.21196078,0.05776000,shock_inversion_stop,5,13:39:12,13:39:17
Run_4h_1,2026-08-14T13:42:10Z,362,BETA_X5,SELL,62631.70000000,62643.90000000,0.00470000,-1.94789539,-0.05734000,fluid_exit_inversion,5,13:42:04,13:42:10
Run_4h_1,2026-08-14T13:42:45Z,365,BETA_X5,SELL,62643.90000000,62643.90000000,0.00470000,-0.00000000,-0.00000000,shock_inversion_stop,5,13:42:39,13:42:44
Run_4h_1,2026-08-14T13:44:19Z,376,BETA_X5,SELL,62643.90000000,62637.80000000,0.00470000,0.97375802,0.02867000,shock_inversion_stop,5,13:44:13,13:44:18
Run_4h_1,2026-08-14T13:44:44Z,378,BETA_X5,SELL,62660.10000000,62660.80000000,0.00470000,-0.11171383,-0.00329000,shock_inversion_stop,5,13:44:39,13:44:44
Run_4h_1,2026-08-14T13:45:10Z,380,BETA_X5,SELL,62663.30000000,62667.80000000,0.00470000,-0.71812369,-0.02115000,fluid_exit_inversion,6,13:45:04,13:45:10
Run_4h_1,2026-08-14T13:45:45Z,383,BETA_X5,SELL,62688.60000000,62708.30000000,0.00470000,-3.14251714,-0.09259000,fluid_exit_inversion,6,13:45:38,13:45:44
Run_4h_1,2026-08-14T13:46:03Z,384,BETA_X5,SELL,62702.00000000,62707.20000000,0.00470000,-0.82931964,-0.02444000,shock_inversion_stop,5,13:45:57,13:46:02
Run_4h_1,2026-08-14T13:46:36Z,387,BETA_X5,SELL,62720.10000000,62717.50000000,0.00760000,0.41454016,0.01976000,shock_inversion_stop,5,13:46:31,13:46:36
Run_4h_1,2026-08-14T13:47:03Z,389,BETA_X5,SELL,62725.70000000,62717.10000000,0.00470000,1.37104887,0.04042000,shock_inversion_stop,6,13:46:57,13:47:03
Run_4h_1,2026-08-14T13:47:44Z,393,BETA_X5,SELL,62714.00000000,62714.00000000,0.00470000,-0.00000000,-0.00000000,shock_inversion_stop,5,13:47:38,13:47:43
Run_4h_1,2026-08-14T13:48:02Z,394,BETA_X5,SELL,62714.00000000,62714.00000000,0.00470000,-0.00000000,-0.00000000,shock_inversion_stop,5,13:47:57,13:48:02
Run_4h_1,2026-08-14T13:48:22Z,395,BETA_X5,SELL,62714.00000000,62698.90000000,0.00470000,2.40775584,0.07097000,shock_inversion_stop,8,13:48:14,13:48:22
Run_4h_1,2026-08-14T13:49:06Z,399,BETA_X5,SELL,62717.20000000,62690.90000000,0.00470000,4.19342700,0.12361000,shock_inversion_stop,8,13:48:58,13:49:06
Run_4h_1,2026-08-14T13:50:11Z,406,BETA_X5,SELL,62673.00000000,62641.20000000,0.00470000,5.07395529,0.14946000,shock_inversion_stop,5,13:50:05,13:50:10
Run_4h_1,2026-08-14T13:50:53Z,410,BETA_X5,SELL,62632.10000000,62630.70000000,0.00470000,0.22352755,0.00658000,shock_inversion_stop,5,13:50:47,13:50:52
Run_4h_1,2026-08-14T13:51:33Z,414,BETA_X5,SELL,62629.50000000,62629.60000000,0.00470000,-0.01596692,-0.00047000,shock_inversion_stop,5,13:51:28,13:51:33
Run_4h_1,2026-08-14T13:53:42Z,429,BETA_X5,SELL,62625.20000000,62631.40000000,0.00470000,-0.99001680,-0.02914000,fluid_exit_inversion,9,13:53:33,13:53:42
Run_4h_1,2026-08-14T13:54:30Z,434,BETA_X5,SELL,62627.00000000,62627.60000000,0.00470000,-0.09580532,-0.00282000,fluid_exit_inversion,6,13:54:24,13:54:30
Run_4h_1,2026-08-14T13:55:14Z,438,BETA_X5,SELL,62624.90000000,62624.20000000,0.00470000,0.11177663,0.00329000,shock_inversion_stop,5,13:55:08,13:55:14
Run_4h_1,2026-08-14T14:00:48Z,480,BETA_X5,SELL,62625.10000000,62635.00000000,0.00470000,-1.58083580,-0.04653000,shock_inversion_stop,5,14:00:42,14:00:47
Run_4h_1,2026-08-14T14:02:15Z,490,BETA_X5,SELL,62623.40000000,62625.30000000,0.00470000,-0.30340097,-0.00893000,fluid_exit_inversion,5,14:02:09,14:02:14
Run_4h_1,2026-08-14T14:04:39Z,507,BETA_X5,SELL,62625.30000000,62627.40000000,0.00470000,-0.33532773,-0.00987000,shock_inversion_stop,6,14:04:33,14:04:39
Run_4h_1,2026-08-14T14:06:17Z,518,BETA_X5,SELL,62628.40000000,62635.40000000,0.00470000,-1.11770379,-0.03290000,shock_inversion_stop,5,14:06:11,14:06:16
Run_4h_1,2026-08-14T14:06:58Z,522,BETA_X5,SELL,62647.60000000,62666.50000000,0.00470000,-3.01687535,-0.08883000,shock_inversion_stop,5,14:06:52,14:06:57
Run_4h_1,2026-08-14T14:07:25Z,524,BETA_X5,SELL,62666.50000000,62667.40000000,0.00470000,-0.14361740,-0.00423000,fluid_exit_inversion,5,14:07:19,14:07:24
Run_4h_1,2026-08-14T14:08:22Z,530,BETA_X5,SELL,62626.70000000,62617.80000000,0.00470000,1.42111911,0.04183000,shock_inversion_stop,6,14:08:16,14:08:22
Run_4h_1,2026-08-14T14:08:47Z,532,BETA_X5,SELL,62619.10000000,62634.60000000,0.00760000,-2.47528310,-0.11780000,shock_inversion_stop,5,14:08:42,14:08:47
Run_4h_1,2026-08-14T14:10:08Z,541,BETA_X5,SELL,62612.90000000,62609.60000000,0.00470000,0.52704794,0.01551000,shock_inversion_stop,5,14:10:03,14:10:08
Run_4h_1,2026-08-14T14:10:26Z,542,BETA_X5,SELL,62607.90000000,62602.40000000,0.00470000,0.87848339,0.02585000,shock_inversion_stop,5,14:10:21,14:10:26
Run_4h_1,2026-08-14T14:12:53Z,560,BETA_X5,SELL,62665.50000000,62651.90000000,0.00470000,2.17025317,0.06392000,shock_inversion_stop,6,14:12:47,14:12:53
Run_4h_1,2026-08-14T14:13:18Z,562,BETA_X5,SELL,62645.40000000,62598.50000000,0.00470000,7.48658321,0.22043000,shock_inversion_stop,5,14:13:13,14:13:18
Run_4h_1,2026-08-14T14:13:37Z,563,BETA_X5,SELL,62598.30000000,62598.10000000,0.00470000,0.03194975,0.00094000,shock_inversion_stop,5,14:13:31,14:13:37
Run_4h_1,2026-08-14T14:14:03Z,565,BETA_X5,SELL,62597.70000000,62595.20000000,0.00470000,0.39937570,0.01175000,shock_inversion_stop,5,14:13:57,14:14:03
Run_4h_1,2026-08-14T14:14:38Z,568,BETA_X5,SELL,62595.20000000,62595.20000000,0.00470000,-0.00000000,-0.00000000,shock_inversion_stop,8,14:14:30,14:14:38
Run_4h_1,2026-08-14T14:15:57Z,577,BETA_X5,SELL,62596.70000000,62595.20000000,0.00940000,0.23962925,0.01410000,shock_inversion_stop,6,14:15:51,14:15:57
Run_4h_1,2026-08-14T14:16:15Z,578,BETA_X5,SELL,62596.20000000,62596.20000000,0.00940000,-0.00000000,-0.00000000,shock_inversion_stop,6,14:16:09,14:16:15
Run_4h_1,2026-08-14T14:18:01Z,590,BETA_X5,SELL,62602.20000000,62602.60000000,0.00940000,-0.06389552,-0.00376000,shock_inversion_stop,8,14:17:53,14:18:01
Run_4h_1,2026-08-14T14:19:31Z,600,BETA_X5,SELL,62602.60000000,62594.10000000,0.00940000,1.35777108,0.07990000,shock_inversion_stop,5,14:19:26,14:19:31
Run_4h_1,2026-08-14T14:22:18Z,620,BETA_X5,SELL,62595.20000000,62599.30000000,0.00470000,-0.65500230,-0.01927000,shock_inversion_stop,6,14:22:12,14:22:18
Run_4h_1,2026-08-14T14:24:27Z,635,BETA_X5,SELL,62595.00000000,62591.50000000,0.00470000,0.55915009,0.01645000,fluid_exit_inversion,8,14:24:19,14:24:27
Run_4h_1,2026-08-14T14:24:45Z,636,BETA_X5,SELL,62588.00000000,62584.00000000,0.00470000,0.63910015,0.01880000,shock_inversion_stop,5,14:24:39,14:24:44
Run_4h_1,2026-08-14T14:25:57Z,644,BETA_X5,SELL,62599.70000000,62607.00000000,0.01550000,-1.16613977,-0.11315000,shock_inversion_stop,5,14:25:52,14:25:57
Run_4h_1,2026-08-14T14:26:39Z,648,BETA_X5,SELL,62609.90000000,62609.90000000,0.00760000,-0.00000000,-0.00000000,shock_inversion_stop,6,14:26:33,14:26:39
Run_4h_1,2026-08-14T14:27:07Z,650,BETA_X5,SELL,62609.90000000,62609.90000000,0.00470000,-0.00000000,-0.00000000,fluid_exit_inversion,9,14:26:58,14:27:07
Run_4h_1,2026-08-14T14:27:57Z,655,BETA_X5,SELL,62635.90000000,62660.00000000,0.00940000,-3.84763371,-0.22654000,shock_inversion_stop,8,14:27:49,14:27:57
Run_4h_1,2026-08-14T14:28:24Z,657,BETA_X5,SELL,62665.50000000,62666.60000000,0.00470000,-0.17553518,-0.00517000,shock_inversion_stop,6,14:28:17,14:28:23
Run_4h_1,2026-08-14T14:30:12Z,670,BETA_X5,SELL,62662.10000000,62665.50000000,0.00470000,-0.54259273,-0.01598000,shock_inversion_stop,5,14:30:06,14:30:11
Run_4h_1,2026-08-14T14:30:44Z,673,BETA_X5,SELL,62665.50000000,62665.50000000,0.00470000,-0.00000000,-0.00000000,shock_inversion_stop,5,14:30:39,14:30:44
Run_4h_1,2026-08-14T14:31:02Z,674,BETA_X5,SELL,62664.60000000,62664.60000000,0.00940000,-0.00000000,-0.00000000,shock_inversion_stop,6,14:30:56,14:31:02
Run_4h_1,2026-08-14T14:32:12Z,682,BETA_X5,SELL,62666.60000000,62650.20000000,0.00940000,2.61702406,0.15416000,shock_inversion_stop,5,14:32:07,14:32:12
Run_4h_1,2026-08-14T14:37:07Z,719,BETA_X5,SELL,62670.00000000,62644.00000000,0.00470000,4.14871549,0.12220000,shock_inversion_stop,5,14:37:01,14:37:06
Run_4h_1,2026-08-14T14:38:02Z,725,BETA_X5,SELL,62735.40000000,62735.40000000,0.00470000,-0.00000000,-0.00000000,shock_inversion_stop,6,14:37:56,14:38:02
Run_4h_1,2026-08-14T14:38:37Z,728,BETA_X5,SELL,62742.50000000,62744.20000000,0.00470000,-0.27094872,-0.00799000,shock_inversion_stop,5,14:38:31,14:38:37
Run_4h_1,2026-08-14T14:40:06Z,738,BETA_X5,SELL,62749.80000000,62749.90000000,0.00760000,-0.01593631,-0.00076000,shock_inversion_stop,7,14:39:59,14:40:06
Run_4h_1,2026-08-14T14:40:27Z,739,BETA_X5,SELL,62751.50000000,62745.70000000,0.00940000,0.92428069,0.05452000,shock_inversion_stop,7,14:40:19,14:40:26
Run_4h_1,2026-08-14T14:42:28Z,754,BETA_X5,SELL,62742.10000000,62742.00000000,0.00470000,0.01593826,0.00047000,shock_inversion_stop,5,14:42:23,14:42:28
Run_4h_1,2026-08-14T14:42:46Z,755,BETA_X5,SELL,62740.90000000,62740.90000000,0.00470000,-0.00000000,-0.00000000,shock_inversion_stop,5,14:42:40,14:42:45
Run_4h_1,2026-08-14T14:44:18Z,766,BETA_X5,SELL,62728.50000000,62727.00000000,0.00470000,0.23912576,0.00705000,shock_inversion_stop,5,14:44:13,14:44:18
Run_4h_1,2026-08-14T14:44:36Z,767,BETA_X5,SELL,62727.00000000,62727.00000000,0.00940000,-0.00000000,-0.00000000,shock_inversion_stop,4,14:44:31,14:44:36
Run_4h_1,2026-08-14T14:45:15Z,771,BETA_X5,SELL,62720.70000000,62720.20000000,0.00940000,0.07971850,0.00470000,shock_inversion_stop,5,14:45:10,14:45:15
Run_4h_1,2026-08-14T14:45:40Z,773,BETA_X5,SELL,62724.40000000,62720.10000000,0.01540000,0.68553864,0.06622000,shock_inversion_stop,5,14:45:34,14:45:39
Run_4h_1,2026-08-14T14:46:13Z,776,BETA_X5,SELL,62737.70000000,62737.70000000,0.00470000,-0.00000000,-0.00000000,shock_inversion_stop,5,14:46:07,14:46:12
Run_4h_1,2026-08-14T14:46:47Z,779,BETA_X5,SELL,62720.10000000,62724.30000000,0.00470000,-0.66964179,-0.01974000,fluid_exit_brake,6,14:46:41,14:46:47
Run_4h_1,2026-08-14T14:47:23Z,782,BETA_X5,SELL,62720.10000000,62720.10000000,0.00940000,-0.00000000,-0.00000000,shock_inversion_stop,8,14:47:14,14:47:23
Run_4h_1,2026-08-14T14:49:54Z,800,BETA_X5,SELL,62735.60000000,62736.80000000,0.01540000,-0.19127895,-0.01848000,shock_inversion_stop,6,14:49:48,14:49:54
Run_4h_1,2026-08-14T14:50:27Z,803,BETA_X5,SELL,62736.80000000,62736.80000000,0.00940000,-0.00000000,-0.00000000,shock_inversion_stop,5,14:50:21,14:50:26
Run_4h_1,2026-08-14T14:52:07Z,815,BETA_X5,SELL,62704.40000000,62663.10000000,0.00940000,6.58645964,0.38822000,shock_inversion_stop,5,14:52:01,14:52:07
Run_4h_1,2026-08-14T14:53:28Z,824,BETA_X5,SELL,62641.80000000,62641.80000000,0.00470000,-0.00000000,-0.00000000,shock_inversion_stop,5,14:53:22,14:53:27
Run_4h_1,2026-08-14T14:57:17Z,853,BETA_X5,SELL,62633.00000000,62626.10000000,0.00470000,1.10165568,0.03243000,shock_inversion_stop,5,14:57:11,14:57:16
Run_4h_1,2026-08-14T14:57:35Z,854,BETA_X5,SELL,62626.10000000,62626.10000000,0.00470000,-0.00000000,-0.00000000,shock_inversion_stop,6,14:57:29,14:57:35
Run_4h_1,2026-08-14T14:58:10Z,857,BETA_X5,SELL,62584.00000000,62588.50000000,0.00470000,-0.71903362,-0.02115000,fluid_exit_inversion,6,14:58:04,14:58:10
Run_4h_1,2026-08-14T14:58:51Z,861,BETA_X5,SELL,62640.00000000,62602.70000000,0.00470000,5.95466156,0.17531000,shock_inversion_stop,6,14:58:45,14:58:51
Run_4h_1,2026-08-14T14:59:16Z,863,BETA_X5,SELL,62591.50000000,62593.60000000,0.00760000,-0.33550882,-0.01596000,shock_inversion_stop,5,14:59:10,14:59:15
Run_4h_1,2026-08-14T14:59:48Z,866,BETA_X5,SELL,62593.60000000,62591.50000000,0.00470000,0.33549756,0.00987000,shock_inversion_stop,5,14:59:43,14:59:48
Run_4h_1,2026-08-14T15:01:07Z,875,BETA_X5,SELL,62584.00000000,62589.50000000,0.00470000,-0.87881887,-0.02585000,shock_inversion_stop,5,15:01:02,15:01:07
Run_4h_1,2026-08-14T15:01:33Z,877,BETA_X5,SELL,62584.00000000,62618.00000000,0.00320000,-5.43269845,-0.10880000,shock_inversion_stop,5,15:01:28,15:01:33
Run_4h_1,2026-08-14T15:02:06Z,880,BETA_X5,SELL,62614.70000000,62584.00000000,0.00470000,4.90300201,0.14429000,shock_inversion_stop,5,15:02:01,15:02:06
Run_4h_1,2026-08-14T15:03:14Z,888,BETA_X5,SELL,62609.60000000,62608.30000000,0.00470000,0.20763589,0.00611000,shock_inversion_stop,5,15:03:08,15:03:13
Run_4h_1,2026-08-14T15:03:32Z,889,BETA_X5,SELL,62608.50000000,62607.10000000,0.00470000,0.22361181,0.00658000,shock_inversion_stop,5,15:03:26,15:03:31
Run_4h_1,2026-08-14T15:04:33Z,896,BETA_X5,SELL,62610.20000000,62610.80000000,0.00760000,-0.09583103,-0.00456000,shock_inversion_stop,5,15:04:27,15:04:32
Run_4h_1,2026-08-14T15:04:58Z,898,BETA_X5,SELL,62616.10000000,62616.10000000,0.01550000,-0.00000000,-0.00000000,shock_inversion_stop,5,15:04:52,15:04:57
Run_4h_1,2026-08-14T15:05:39Z,902,BETA_X5,SELL,62616.10000000,62616.50000000,0.00940000,-0.06388133,-0.00376000,fluid_exit_brake,6,15:05:33,15:05:39
Run_4h_1,2026-08-14T15:06:47Z,910,BETA_X5,SELL,62623.80000000,62623.10000000,0.00940000,0.11177859,0.00658000,shock_inversion_stop,5,15:06:42,15:06:47
Run_4h_1,2026-08-14T15:07:20Z,913,BETA_X5,SELL,62630.10000000,62630.20000000,0.01550000,-0.01596676,-0.00155000,fluid_exit_brake,6,15:07:14,15:07:20
Run_4h_1,2026-08-14T15:07:53Z,916,BETA_X5,SELL,62636.00000000,62636.10000000,0.00940000,-0.01596526,-0.00094000,shock_inversion_stop,5,15:07:47,15:07:53
Run_4h_1,2026-08-14T15:08:18Z,918,BETA_X5,SELL,62643.10000000,62644.40000000,0.00940000,-0.20752485,-0.01222000,shock_inversion_stop,6,15:08:12,15:08:18
Run_4h_1,2026-08-14T15:09:40Z,927,BETA_X5,SELL,62632.10000000,62647.20000000,0.00940000,-2.41090431,-0.14194000,fluid_exit_inversion,5,15:09:34,15:09:39
Run_4h_1,2026-08-14T15:10:22Z,931,BETA_X5,SELL,62649.70000000,62649.70000000,0.00470000,-0.00000000,-0.00000000,shock_inversion_stop,6,15:10:16,15:10:22
Run_4h_1,2026-08-14T15:11:04Z,935,BETA_X5,SELL,62650.50000000,62650.60000000,0.00470000,-0.01596156,-0.00047000,shock_inversion_stop,5,15:10:58,15:11:03
Run_4h_1,2026-08-14T15:11:38Z,938,BETA_X5,SELL,62668.70000000,62668.80000000,0.00470000,-0.01595693,-0.00047000,shock_inversion_stop,5,15:11:32,15:11:37
Run_4h_1,2026-08-14T15:13:19Z,950,BETA_X5,SELL,62677.20000000,62674.40000000,0.00940000,0.44673342,0.02632000,shock_inversion_stop,5,15:13:14,15:13:19
Run_4h_1,2026-08-14T15:14:38Z,959,BETA_X5,SELL,62674.40000000,62670.80000000,0.00470000,0.57439720,0.01692000,shock_inversion_stop,6,15:14:32,15:14:38
Run_4h_1,2026-08-14T15:15:19Z,963,BETA_X5,SELL,62677.90000000,62675.70000000,0.00470000,0.35100091,0.01034000,shock_inversion_stop,5,15:15:13,15:15:18
Run_4h_1,2026-08-14T15:16:33Z,971,BETA_X5,SELL,62669.90000000,62668.30000000,0.00470000,0.25530598,0.00752000,shock_inversion_stop,5,15:16:27,15:16:32
Run_4h_1,2026-08-14T15:24:32Z,1031,BETA_X5,SELL,62683.00000000,62725.10000000,0.00660000,-6.71633457,-0.27786000,shock_inversion_stop,5,15:24:26,15:24:31
Run_4h_1,2026-08-14T15:24:58Z,1033,BETA_X5,SELL,62730.70000000,62731.10000000,0.00470000,-0.06376463,-0.00188000,shock_inversion_stop,6,15:24:52,15:24:58
Run_4h_1,2026-08-14T15:26:38Z,1044,BETA_X5,SELL,62731.10000000,62731.10000000,0.00470000,-0.00000000,-0.00000000,fluid_exit_inversion,8,15:26:30,15:26:38
Run_4h_1,2026-08-14T15:28:06Z,1054,BETA_X5,SELL,62729.70000000,62726.30000000,0.00760000,0.54200801,0.02584000,shock_inversion_stop,5,15:28:00,15:28:05
Run_4h_1,2026-08-14T15:29:03Z,1060,BETA_X5,SELL,62708.90000000,62708.90000000,0.00470000,-0.00000000,-0.00000000,shock_inversion_stop,5,15:28:57,15:29:02
Run_4h_1,2026-08-14T15:29:28Z,1062,BETA_X5,SELL,62730.40000000,62731.10000000,0.00470000,-0.11158864,-0.00329000,shock_inversion_stop,5,15:29:22,15:29:28
Run_4h_1,2026-08-14T15:30:10Z,1066,BETA_X5,SELL,62741.70000000,62740.70000000,0.00470000,0.15938363,0.00470000,fluid_exit_inversion,5,15:30:04,15:30:09
Run_4h_1,2026-08-14T15:30:50Z,1070,BETA_X5,SELL,62745.00000000,62747.20000000,0.01540000,-0.35062555,-0.03388000,fluid_exit_inversion,6,15:30:44,15:30:50
Run_4h_1,2026-08-14T15:31:38Z,1075,BETA_X5,SELL,62747.30000000,62719.80000000,0.00470000,4.38265870,0.12925000,shock_inversion_stop,5,15:31:32,15:31:38
Run_4h_1,2026-08-14T15:32:10Z,1078,BETA_X5,SELL,62747.30000000,62747.30000000,0.00470000,-0.00000000,-0.00000000,shock_inversion_stop,5,15:32:05,15:32:10
Run_4h_1,2026-08-14T15:34:48Z,1097,BETA_X5,SELL,62762.60000000,62767.20000000,0.00470000,-0.73292056,-0.02162000,shock_inversion_stop,5,15:34:42,15:34:48
Run_4h_1,2026-08-14T15:36:29Z,1109,BETA_X5,SELL,62862.10000000,62746.30000000,0.00470000,18.42127450,0.54426000,shock_inversion_stop,6,15:36:23,15:36:29
Run_4h_1,2026-08-14T15:37:10Z,1113,BETA_X5,SELL,62830.30000000,62855.30000000,0.00470000,-3.97897193,-0.11750000,shock_inversion_stop,5,15:37:05,15:37:10
Run_4h_1,2026-08-14T15:37:25Z,1114,BETA_X5,SELL,62746.30000000,62866.10000000,0.00320000,-19.09275925,-0.38336000,shock_exit_10bps,3,15:37:21,15:37:24
Run_4h_1,2026-08-14T15:39:56Z,1132,BETA_X5,SELL,62872.60000000,62872.60000000,0.00470000,-0.00000000,-0.00000000,shock_inversion_stop,5,15:39:50,15:39:56
Run_4h_1,2026-08-14T15:40:20Z,1134,BETA_X5,SELL,62821.00000000,62807.90000000,0.00320000,2.08528995,0.04192000,shock_inversion_stop,5,15:40:15,15:40:20
Run_4h_1,2026-08-14T15:42:35Z,1150,BETA_X5,SELL,62889.90000000,62879.50000000,0.00470000,1.65368366,0.04888000,fluid_exit_inversion,5,15:42:28,15:42:34
Run_4h_1,2026-08-14T15:43:11Z,1153,BETA_X5,SELL,62857.90000000,62890.00000000,0.00470000,-5.10675667,-0.15087000,fluid_exit_inversion,8,15:43:02,15:43:10
Run_4h_1,2026-08-14T15:43:29Z,1154,BETA_X5,SELL,62890.00000000,62857.90000000,0.00470000,5.10415010,0.15087000,fluid_exit_inversion,5,15:43:23,15:43:28
Run_4h_1,2026-08-14T15:44:10Z,1158,BETA_X5,SELL,62890.10000000,62890.90000000,0.00470000,-0.12720603,-0.00376000,fluid_exit_brake,5,15:44:04,15:44:09
Run_4h_1,2026-08-14T15:44:41Z,1161,BETA_X5,SELL,62794.30000000,62893.40000000,0.00320000,-15.78168719,-0.31712000,fluid_exit_inversion,6,15:44:35,15:44:41
Run_4h_1,2026-08-14T15:45:00Z,1162,BETA_X5,SELL,62889.00000000,62893.80000000,0.00470000,-0.76324953,-0.02256000,shock_inversion_stop,6,15:44:53,15:44:59
Run_4h_1,2026-08-14T15:45:34Z,1165,BETA_X5,SELL,62948.30000000,62950.00000000,0.00470000,-0.27006289,-0.00799000,shock_inversion_stop,5,15:45:28,15:45:34
Run_4h_1,2026-08-14T15:49:11Z,1191,BETA_X5,SELL,62950.10000000,62944.90000000,0.00470000,0.82605111,0.02444000,shock_inversion_stop,5,15:49:05,15:49:10
Run_4h_1,2026-08-14T15:51:49Z,1210,BETA_X5,SELL,62944.90000000,62944.90000000,0.00940000,-0.00000000,-0.00000000,shock_inversion_stop,6,15:51:43,15:51:49
Run_4h_1,2026-08-14T15:52:37Z,1215,BETA_X5,SELL,62950.10000000,62944.90000000,0.00940000,0.82605111,0.04888000,shock_inversion_stop,5,15:52:32,15:52:37
Run_4h_1,2026-08-14T15:53:26Z,1220,BETA_X5,SELL,62944.90000000,62949.30000000,0.00470000,-0.69902407,-0.02068000,shock_inversion_stop,6,15:53:20,15:53:26
Run_4h_1,2026-08-14T15:55:48Z,1237,BETA_X5,SELL,62950.10000000,62965.40000000,0.00470000,-2.43049654,-0.07191000,shock_inversion_stop,6,15:55:42,15:55:48
Run_4h_1,2026-08-14T15:56:14Z,1239,BETA_X5,SELL,62978.30000000,62996.30000000,0.00470000,-2.85812732,-0.08460000,fluid_exit_inversion,5,15:56:08,15:56:13
Run_4h_1,2026-08-14T15:56:47Z,1242,BETA_X5,SELL,63011.80000000,63012.50000000,0.00760000,-0.11109030,-0.00532000,shock_inversion_stop,5,15:56:41,15:56:47
Run_V2,2026-08-14T16:25:18Z,6,BETA_X5,SELL,63076.90000000,63072.20000000,0.00940000,0.74512222,0.04418000,shock_inversion_stop,5,16:25:12,16:25:17
Run_V2,2026-08-14T16:25:51Z,9,BETA_X5,SELL,63074.90000000,63074.40000000,0.00470000,0.07927084,0.00235000,shock_inversion_stop,6,16:25:45,16:25:51
Run_V2,2026-08-14T16:27:25Z,20,BETA_X5,SELL,63077.50000000,63077.50000000,0.00470000,-0.00000000,-0.00000000,fluid_exit_inversion,6,16:27:19,16:27:25
Run_V2,2026-08-14T16:27:57Z,23,BETA_X5,SELL,63077.50000000,63077.50000000,0.00470000,-0.00000000,-0.00000000,shock_inversion_stop,5,16:27:51,16:27:56
Run_V2,2026-08-14T16:28:32Z,26,BETA_X5,SELL,63077.50000000,63073.00000000,0.00940000,0.71340811,0.04230000,shock_inversion_stop,8,16:28:24,16:28:32
Run_V2,2026-08-14T16:32:24Z,55,BETA_X5,SELL,63077.50000000,63075.10000000,0.00760000,0.38048432,0.01824000,shock_inversion_stop,7,16:32:16,16:32:24
Run_V2,2026-08-14T16:32:42Z,56,BETA_X5,SELL,63076.00000000,63077.50000000,0.00470000,-0.23780836,-0.00705000,shock_inversion_stop,5,16:32:37,16:32:42
Run_V2,2026-08-14T16:34:13Z,66,BETA_X5,SELL,63077.50000000,63081.90000000,0.00470000,-0.69755460,-0.02068000,shock_inversion_stop,5,16:34:07,16:34:13
Run_V2,2026-08-14T16:35:01Z,71,BETA_X5,SELL,63076.60000000,63076.60000000,0.01530000,-0.00000000,-0.00000000,shock_inversion_stop,5,16:34:55,16:35:00
Run_V2,2026-08-14T16:35:53Z,77,BETA_X5,SELL,63123.20000000,63126.60000000,0.01530000,-0.53862922,-0.05202000,shock_inversion_stop,5,16:35:48,16:35:53
Run_V2,2026-08-14T16:36:32Z,81,BETA_X5,SELL,63137.20000000,63144.50000000,0.00470000,-1.15621219,-0.03431000,shock_inversion_stop,5,16:36:27,16:36:32
Run_V2,2026-08-14T16:37:13Z,85,BETA_X5,SELL,63144.50000000,63144.50000000,0.00470000,-0.00000000,-0.00000000,shock_inversion_stop,5,16:37:07,16:37:12
Run_V2,2026-08-14T16:37:49Z,88,BETA_X5,SELL,63146.20000000,63146.80000000,0.00760000,-0.09501759,-0.00456000,shock_inversion_stop,4,16:37:44,16:37:48
Run_V2,2026-08-14T16:41:08Z,112,BETA_X5,SELL,63163.40000000,63160.00000000,0.00930000,0.53828641,0.03162000,shock_inversion_stop,5,16:41:03,16:41:08
Run_V2,2026-08-14T16:41:43Z,115,BETA_X5,SELL,63160.50000000,63168.70000000,0.00760000,-1.29827978,-0.06232000,shock_inversion_stop,8,16:41:35,16:41:43
Run_V2,2026-08-14T16:42:52Z,123,BETA_X5,SELL,63174.10000000,63171.20000000,0.00470000,0.45904888,0.01363000,shock_inversion_stop,6,16:42:46,16:42:52
Run_V2,2026-08-14T16:46:02Z,147,BETA_X5,SELL,63167.30000000,63166.80000000,0.00470000,0.07915488,0.00235000,shock_inversion_stop,5,16:45:56,16:46:01
Run_V2,2026-08-14T16:47:05Z,154,BETA_X5,SELL,63166.30000000,63164.00000000,0.00470000,0.36411821,0.01081000,shock_inversion_stop,5,16:47:00,16:47:05
Run_V2,2026-08-14T16:47:34Z,156,BETA_X5,SELL,63156.10000000,63149.20000000,0.01530000,1.09253105,0.10557000,shock_inversion_stop,5,16:47:29,16:47:34
Run_V2,2026-08-14T16:47:52Z,157,BETA_X5,SELL,63146.20000000,63146.10000000,0.00470000,0.01583627,0.00047000,shock_inversion_stop,6,16:47:46,16:47:52
Run_V2,2026-08-14T16:50:11Z,174,BETA_X5,SELL,63123.80000000,63133.70000000,0.00470000,-1.56834665,-0.04653000,fluid_exit_inversion,5,16:50:05,16:50:10
Run_V2,2026-08-14T16:51:20Z,182,BETA_X5,SELL,63128.60000000,63133.30000000,0.00470000,-0.74451200,-0.02209000,shock_inversion_stop,5,16:51:15,16:51:20
Run_V2,2026-08-14T16:51:38Z,183,BETA_X5,SELL,63124.90000000,63124.90000000,0.00470000,-0.00000000,-0.00000000,shock_inversion_stop,5,16:51:33,16:51:38
Run_V2,2026-08-14T16:52:11Z,186,BETA_X5,SELL,63124.90000000,63123.80000000,0.00760000,0.17425770,0.00836000,shock_inversion_stop,5,16:52:06,16:52:11
Run_V2,2026-08-14T16:52:59Z,191,BETA_X5,SELL,63123.80000000,63123.80000000,0.00940000,-0.00000000,-0.00000000,shock_inversion_stop,5,16:52:53,16:52:58
Run_V2,2026-08-14T16:54:32Z,202,BETA_X5,SELL,63123.80000000,63125.60000000,0.00940000,-0.28515394,-0.01692000,shock_inversion_stop,5,16:54:26,16:54:31
Run_V2,2026-08-14T16:55:12Z,206,BETA_X5,SELL,63123.80000000,63123.80000000,0.00940000,-0.00000000,-0.00000000,shock_inversion_stop,6,16:55:06,16:55:12
Run_V2,2026-08-14T16:55:37Z,208,BETA_X5,SELL,63123.80000000,63125.40000000,0.00940000,-0.25347016,-0.01504000,shock_inversion_stop,5,16:55:32,16:55:37
Run_V2,2026-08-14T16:56:01Z,210,BETA_X5,SELL,63123.80000000,63123.80000000,0.00940000,-0.00000000,-0.00000000,shock_inversion_stop,5,16:55:56,16:56:01
Run_V2,2026-08-14T16:56:25Z,211,BETA_X5,SELL,63123.80000000,63123.80000000,0.00940000,-0.00000000,-0.00000000,shock_inversion_stop,6,16:56:18,16:56:24
Run_V2,2026-08-14T16:56:50Z,213,BETA_X5,SELL,63133.70000000,63128.20000000,0.00940000,0.87116706,0.05170000,fluid_exit_inversion,6,16:56:44,16:56:50
Run_V2,2026-08-14T16:58:48Z,228,BETA_X5,SELL,63122.40000000,63122.40000000,0.00760000,-0.00000000,-0.00000000,shock_inversion_stop,7,16:58:41,16:58:48
Run_V2,2026-08-14T17:00:07Z,237,BETA_X5,SELL,63122.40000000,63122.40000000,0.00470000,-0.00000000,-0.00000000,shock_inversion_stop,5,17:00:02,17:00:07
Run_V2,2026-08-14T17:01:26Z,246,BETA_X5,SELL,63128.40000000,63133.70000000,0.00470000,-0.83955874,-0.02491000,fluid_exit_inversion,5,17:01:20,17:01:25
Run_V2,2026-08-14T17:02:37Z,253,BETA_X5,SELL,63133.70000000,63131.70000000,0.00940000,0.31678802,0.01880000,shock_inversion_stop,5,17:02:31,17:02:37
Run_V2,2026-08-14T17:04:14Z,264,BETA_X5,SELL,63132.40000000,63131.30000000,0.00940000,0.17423700,0.01034000,shock_inversion_stop,5,17:04:09,17:04:14
Run_V2,2026-08-14T17:04:52Z,267,BETA_X5,SELL,63134.40000000,63134.20000000,0.00940000,0.03167845,0.00188000,shock_inversion_stop,6,17:04:46,17:04:52
Run_V2,2026-08-14T17:05:32Z,271,BETA_X5,SELL,63125.40000000,63130.60000000,0.00940000,-0.82375716,-0.04888000,shock_inversion_stop,5,17:05:27,17:05:32
Run_V2,2026-08-14T17:06:33Z,278,BETA_X5,SELL,63123.00000000,63123.00000000,0.00470000,-0.00000000,-0.00000000,fluid_exit_inversion,6,17:06:27,17:06:33
Run_V2,2026-08-14T17:07:44Z,286,BETA_X5,SELL,63116.10000000,63116.10000000,0.00470000,-0.00000000,-0.00000000,shock_inversion_stop,5,17:07:38,17:07:44
Run_V2,2026-08-14T17:08:03Z,287,BETA_X5,SELL,63116.10000000,63112.30000000,0.00760000,0.60206508,0.02888000,shock_inversion_stop,5,17:07:57,17:08:02
Run_V2,2026-08-14T17:10:34Z,304,BETA_X5,SELL,63089.90000000,63105.50000000,0.00470000,-2.47266203,-0.07332000,fluid_exit_inversion,6,17:10:28,17:10:34
Run_V2,2026-08-14T17:11:53Z,312,BETA_X5,SELL,63098.40000000,63098.40000000,0.00470000,-0.00000000,-0.00000000,shock_inversion_stop,6,17:11:46,17:11:52
Run_V2,2026-08-14T17:17:08Z,350,BETA_X5,SELL,63106.20000000,63089.90000000,0.00470000,2.58294748,0.07661000,shock_inversion_stop,6,17:17:02,17:17:08
Run_V2,2026-08-14T17:18:29Z,359,BETA_X5,SELL,63167.90000000,63163.00000000,0.00470000,0.77571045,0.02303000,shock_inversion_stop,6,17:18:23,17:18:29
Run_V2,2026-08-14T17:20:44Z,374,BETA_X5,SELL,63172.00000000,63172.60000000,0.00470000,-0.09497879,-0.00282000,shock_inversion_stop,6,17:20:38,17:20:44
Run_V2,2026-08-14T17:21:58Z,382,BETA_X5,SELL,63175.20000000,63174.90000000,0.00470000,0.04748699,0.00141000,shock_inversion_stop,6,17:21:52,17:21:58
Run_V2,2026-08-14T17:22:17Z,383,BETA_X5,SELL,63172.00000000,63172.00000000,0.00930000,-0.00000000,-0.00000000,shock_inversion_stop,5,17:22:11,17:22:16
Run_V2,2026-08-14T17:27:28Z,421,BETA_X5,SELL,63170.20000000,63166.30000000,0.00930000,0.61737971,0.03627000,shock_inversion_stop,5,17:27:22,17:27:27
Run_V2,2026-08-14T17:30:08Z,440,BETA_X5,SELL,63170.10000000,63170.10000000,0.00470000,-0.00000000,-0.00000000,shock_inversion_stop,6,17:30:02,17:30:08
Run_V2,2026-08-14T17:31:14Z,447,BETA_X5,SELL,63170.10000000,63170.10000000,0.00470000,-0.00000000,-0.00000000,shock_inversion_stop,6,17:31:07,17:31:13
Run_V2,2026-08-14T17:32:11Z,453,BETA_X5,SELL,63170.10000000,63177.50000000,0.00470000,-1.17144029,-0.03478000,fluid_exit_inversion,5,17:32:05,17:32:11
Run_V2,2026-08-14T17:35:54Z,472,BETA_X5,SELL,63174.00000000,63173.90000000,0.00470000,0.01582930,0.00047000,shock_inversion_stop,5,17:35:48,17:35:53
Run_V2,2026-08-14T17:36:14Z,473,BETA_X5,SELL,63180.20000000,63170.10000000,0.00470000,1.59860209,0.04747000,shock_inversion_stop,6,17:36:07,17:36:13
Run_V2,2026-08-14T17:37:42Z,482,BETA_X5,SELL,63162.20000000,63137.40000000,0.00470000,3.92639902,0.11656000,shock_inversion_stop,12,17:37:29,17:37:42
Run_V2,2026-08-14T17:39:50Z,497,BETA_X5,SELL,63105.00000000,63105.00000000,0.00470000,-0.00000000,-0.00000000,fluid_exit_inversion,6,17:39:43,17:39:50
Run_V2,2026-08-14T17:41:38Z,509,BETA_X5,SELL,63112.10000000,63112.10000000,0.00470000,-0.00000000,-0.00000000,shock_inversion_stop,5,17:41:32,17:41:38
Run_V2,2026-08-14T17:43:57Z,525,BETA_X5,SELL,63103.90000000,63103.90000000,0.00470000,-0.00000000,-0.00000000,shock_inversion_stop,6,17:43:51,17:43:57
Run_V2,2026-08-14T17:45:13Z,533,BETA_X5,SELL,63084.20000000,63085.10000000,0.00940000,-0.14266647,-0.00846000,shock_inversion_stop,5,17:45:07,17:45:13
Run_V2,2026-08-14T17:45:31Z,534,BETA_X5,SELL,63112.10000000,63088.10000000,0.00940000,3.80275732,0.22560000,shock_inversion_stop,6,17:45:25,17:45:31
Run_V2,2026-08-14T17:46:22Z,539,BETA_X5,SELL,63084.20000000,63084.20000000,0.00470000,-0.00000000,-0.00000000,shock_inversion_stop,6,17:46:15,17:46:21
Run_V2,2026-08-14T17:47:54Z,549,BETA_X5,SELL,63084.20000000,63084.20000000,0.00470000,-0.00000000,-0.00000000,shock_inversion_stop,6,17:47:47,17:47:53
Run_V2,2026-08-14T17:48:28Z,552,BETA_X5,SELL,63084.20000000,63103.90000000,0.00470000,-3.12281047,-0.09259000,shock_inversion_stop,5,17:48:22,17:48:27
Run_V2,2026-08-14T17:49:12Z,556,BETA_X5,SELL,63091.80000000,63093.00000000,0.00470000,-0.19019904,-0.00564000,shock_inversion_stop,5,17:49:06,17:49:12
Run_V2,2026-08-14T17:49:42Z,558,BETA_X5,SELL,63103.90000000,63094.40000000,0.00470000,1.50545370,0.04465000,shock_inversion_stop,9,17:49:33,17:49:42
Run_V2,2026-08-14T17:52:08Z,575,BETA_X5,SELL,63075.10000000,63067.30000000,0.00470000,1.23662111,0.03666000,shock_inversion_stop,5,17:52:02,17:52:08
Run_V2,2026-08-14T17:54:32Z,592,BETA_X5,SELL,63048.30000000,63047.60000000,0.00470000,0.11102599,0.00329000,shock_inversion_stop,5,17:54:26,17:54:32
Run_V2,2026-08-14T17:55:14Z,596,BETA_X5,SELL,63048.50000000,63047.00000000,0.00470000,0.23791208,0.00705000,shock_inversion_stop,5,17:55:09,17:55:14
Run_V2,2026-08-14T17:56:36Z,605,BETA_X5,SELL,63047.00000000,63047.00000000,0.00470000,-0.00000000,-0.00000000,shock_inversion_stop,5,17:56:30,17:56:36
Run_V2,2026-08-14T17:59:11Z,623,BETA_X5,SELL,63047.00000000,63047.00000000,0.01530000,-0.00000000,-0.00000000,shock_inversion_stop,5,17:59:05,17:59:10
Run_V2,2026-08-14T18:02:27Z,646,BETA_X5,SELL,63047.10000000,63047.10000000,0.00940000,-0.00000000,-0.00000000,shock_inversion_stop,5,18:02:21,18:02:26
Run_V2,2026-08-14T18:05:32Z,668,BETA_X5,SELL,63004.50000000,63007.10000000,0.00940000,-0.41266894,-0.02444000,shock_inversion_stop,6,18:05:26,18:05:32
Run_V2,2026-08-14T18:06:17Z,672,BETA_X5,SELL,63010.20000000,62999.90000000,0.00940000,1.63465598,0.09682000,shock_inversion_stop,7,18:06:08,18:06:16
Run_V2,2026-08-14T18:09:35Z,695,BETA_X5,SELL,63000.00000000,63000.00000000,0.00470000,-0.00000000,-0.00000000,shock_inversion_stop,6,18:09:29,18:09:35
Run_V2,2026-08-14T18:09:54Z,696,BETA_X5,SELL,63017.90000000,63000.00000000,0.00470000,2.84046279,0.08413000,shock_inversion_stop,5,18:09:48,18:09:53
Run_V2,2026-08-14T18:11:42Z,708,BETA_X5,SELL,63024.40000000,63024.40000000,0.00470000,-0.00000000,-0.00000000,shock_inversion_stop,6,18:11:36,18:11:42
Run_V2,2026-08-14T18:12:01Z,709,BETA_X5,SELL,63024.80000000,63023.60000000,0.00470000,0.19040124,0.00564000,shock_inversion_stop,5,18:11:55,18:12:00
Run_V2,2026-08-14T18:13:14Z,717,BETA_X5,SELL,63027.10000000,63027.10000000,0.00470000,-0.00000000,-0.00000000,shock_inversion_stop,5,18:13:08,18:13:13
Run_V2,2026-08-14T18:14:06Z,722,BETA_X5,SELL,63025.60000000,63004.90000000,0.00940000,3.28437968,0.19458000,shock_inversion_stop,8,18:13:58,18:14:06
Run_V2,2026-08-14T18:14:57Z,727,BETA_X5,SELL,63000.00000000,63000.00000000,0.00470000,-0.00000000,-0.00000000,shock_inversion_stop,6,18:14:51,18:14:57
Run_V2,2026-08-14T18:17:25Z,744,BETA_X5,SELL,62993.00000000,62993.00000000,0.00470000,-0.00000000,-0.00000000,shock_inversion_stop,5,18:17:19,18:17:25
Run_V2,2026-08-14T18:18:16Z,749,BETA_X5,SELL,62999.30000000,62993.00000000,0.00940000,1.00001111,0.05922000,shock_inversion_stop,6,18:18:10,18:18:16
Run_V2,2026-08-14T18:21:37Z,772,BETA_X5,SELL,63010.10000000,63010.00000000,0.00470000,0.01587047,0.00047000,shock_inversion_stop,5,18:21:31,18:21:37
Run_V2,2026-08-14T18:26:23Z,806,BETA_X5,SELL,63020.90000000,63002.70000000,0.00470000,2.88793083,0.08554000,shock_inversion_stop,8,18:26:14,18:26:22
Run_V2,2026-08-14T18:28:08Z,818,BETA_X5,SELL,63030.00000000,63030.00000000,0.00470000,-0.00000000,-0.00000000,shock_inversion_stop,6,18:28:02,18:28:08
Run_V2,2026-08-14T18:30:33Z,834,BETA_X5,SELL,63002.80000000,63002.80000000,0.00470000,-0.00000000,-0.00000000,shock_inversion_stop,5,18:30:27,18:30:33
Run_V2,2026-08-14T18:31:54Z,843,BETA_X5,SELL,63000.00000000,62999.90000000,0.00470000,0.01587302,0.00047000,shock_inversion_stop,5,18:31:48,18:31:53
Run_V2,2026-08-14T18:32:12Z,844,BETA_X5,SELL,63006.80000000,62995.30000000,0.01540000,1.82519982,0.17710000,shock_inversion_stop,6,18:32:06,18:32:12
Run_V2,2026-08-14T18:33:38Z,853,BETA_X5,SELL,62974.10000000,62964.40000000,0.00760000,1.54031578,0.07372000,fluid_exit_inversion,9,18:33:29,18:33:38
Run_V2,2026-08-14T18:34:45Z,860,BETA_X5,SELL,62963.70000000,62961.50000000,0.00470000,0.34940767,0.01034000,shock_inversion_stop,6,18:34:39,18:34:45
Run_V2,2026-08-14T18:35:07Z,861,BETA_X5,SELL,62961.50000000,62948.70000000,0.00470000,2.03298841,0.06016000,shock_inversion_stop,9,18:34:58,18:35:07
Run_V2,2026-08-14T18:35:43Z,864,BETA_X5,SELL,62948.70000000,62948.70000000,0.00470000,-0.00000000,-0.00000000,shock_inversion_stop,6,18:35:37,18:35:43
Run_V2,2026-08-14T18:36:11Z,866,BETA_X5,SELL,62948.70000000,62948.70000000,0.00470000,-0.00000000,-0.00000000,shock_inversion_stop,5,18:36:05,18:36:11
Run_V2,2026-08-14T18:36:47Z,869,BETA_X5,SELL,62948.70000000,62948.70000000,0.00470000,-0.00000000,-0.00000000,shock_inversion_stop,6,18:36:41,18:36:47
Run_V2,2026-08-14T18:37:31Z,873,BETA_X5,SELL,62948.70000000,62948.70000000,0.01540000,-0.00000000,-0.00000000,shock_inversion_stop,6,18:37:25,18:37:31
Run_V2,2026-08-14T18:38:24Z,878,BETA_X5,SELL,62963.70000000,62955.00000000,0.01540000,1.38174853,0.13398000,shock_inversion_stop,6,18:38:17,18:38:23
Run_V2,2026-08-14T18:46:41Z,937,BETA_X5,SELL,62944.90000000,62944.90000000,0.00760000,-0.00000000,-0.00000000,shock_inversion_stop,5,18:46:35,18:46:40
Run_V2,2026-08-14T18:49:27Z,956,BETA_X5,SELL,62876.20000000,62874.80000000,0.00760000,0.22265977,0.01064000,shock_inversion_stop,5,18:49:21,18:49:26
Run_V2,2026-08-14T18:51:02Z,966,BETA_X5,SELL,62882.50000000,62868.00000000,0.00940000,2.30588797,0.13630000,shock_inversion_stop,8,18:50:53,18:51:02
Run_V2,2026-08-14T18:51:38Z,969,BETA_X5,SELL,62879.70000000,62883.10000000,0.00470000,-0.54071505,-0.01598000,shock_inversion_stop,6,18:51:32,18:51:38
Run_V2,2026-08-14T18:59:09Z,1018,BETA_X5,SELL,62882.90000000,62883.20000000,0.00470000,-0.04770772,-0.00141000,shock_inversion_stop,6,18:59:02,18:59:08
Run_V2,2026-08-14T19:01:22Z,1032,BETA_X5,SELL,62868.00000000,62866.60000000,0.00760000,0.22268881,0.01064000,shock_inversion_stop,11,19:01:10,19:01:22
Run_V2,2026-08-14T19:02:47Z,1041,BETA_X5,SELL,62866.00000000,62865.80000000,0.00940000,0.03181370,0.00188000,shock_inversion_stop,6,19:02:41,19:02:47
Run_V2,2026-08-14T19:05:19Z,1058,BETA_X5,SELL,62857.00000000,62863.40000000,0.00940000,-1.01818413,-0.06016000,shock_inversion_stop,6,19:05:12,19:05:18
Run_V2,2026-08-14T19:05:46Z,1060,BETA_X5,SELL,62857.00000000,62857.70000000,0.00470000,-0.11136389,-0.00329000,shock_inversion_stop,6,19:05:40,19:05:46
Run_V2,2026-08-14T19:06:14Z,1062,BETA_X5,SELL,62857.00000000,62857.00000000,0.00470000,-0.00000000,-0.00000000,shock_inversion_stop,6,19:06:08,19:06:14
Run_V2,2026-08-14T19:06:35Z,1063,BETA_X5,SELL,62857.00000000,62857.00000000,0.00470000,-0.00000000,-0.00000000,shock_inversion_stop,6,19:06:28,19:06:34
Run_V2,2026-08-14T19:07:03Z,1065,BETA_X5,SELL,62857.00000000,62845.30000000,0.00940000,1.86136787,0.10998000,shock_inversion_stop,6,19:06:56,19:07:03
Run_V2,2026-08-14T19:09:27Z,1081,BETA_X5,SELL,62845.20000000,62845.20000000,0.00470000,-0.00000000,-0.00000000,fluid_exit_inversion,7,19:09:20,19:09:27
Run_V2,2026-08-14T19:10:12Z,1085,BETA_X5,SELL,62856.70000000,62856.70000000,0.00470000,-0.00000000,-0.00000000,shock_inversion_stop,6,19:10:06,19:10:12
Run_V2,2026-08-14T19:11:40Z,1094,BETA_X5,SELL,62828.40000000,62825.50000000,0.00940000,0.46157470,0.02726000,shock_inversion_stop,6,19:11:34,19:11:40
Run_V2,2026-08-14T19:13:39Z,1105,BETA_X5,SELL,62833.70000000,62833.80000000,0.00470000,-0.01591503,-0.00047000,fluid_exit_brake,6,19:13:32,19:13:39
Run_V2,2026-08-14T19:14:34Z,1110,BETA_X5,SELL,62836.70000000,62841.10000000,0.00470000,-0.70022773,-0.02068000,fluid_exit_brake,7,19:14:27,19:14:34
Run_V2,2026-08-14T19:16:48Z,1125,BETA_X5,SELL,62823.00000000,62823.00000000,0.00470000,-0.00000000,-0.00000000,shock_inversion_stop,6,19:16:41,19:16:47
Run_V2,2026-08-14T19:17:48Z,1131,BETA_X5,SELL,62823.00000000,62823.00000000,0.00940000,-0.00000000,-0.00000000,shock_inversion_stop,6,19:17:41,19:17:47
Run_V2,2026-08-14T19:18:32Z,1135,BETA_X5,SELL,62828.00000000,62828.00000000,0.00940000,-0.00000000,-0.00000000,shock_inversion_stop,6,19:18:26,19:18:32
Run_V2,2026-08-14T19:18:52Z,1136,BETA_X5,SELL,62825.20000000,62823.00000000,0.00940000,0.35017795,0.02068000,shock_inversion_stop,6,19:18:45,19:18:52
Run_V2,2026-08-14T19:19:38Z,1140,BETA_X5,SELL,62841.00000000,62823.10000000,0.00940000,2.84845881,0.16826000,shock_inversion_stop,6,19:19:31,19:19:38
Run_V2,2026-08-14T19:20:07Z,1142,BETA_X5,SELL,62823.10000000,62823.10000000,0.00470000,-0.00000000,-0.00000000,shock_inversion_stop,6,19:20:00,19:20:06
Run_V2,2026-08-14T19:20:27Z,1143,BETA_X5,SELL,62823.10000000,62823.10000000,0.00470000,-0.00000000,-0.00000000,shock_inversion_stop,6,19:20:20,19:20:26
Run_V2,2026-08-14T19:22:26Z,1156,BETA_X5,SELL,62823.10000000,62823.10000000,0.00470000,-0.00000000,-0.00000000,shock_inversion_stop,6,19:22:19,19:22:25
Run_V2,2026-08-14T19:23:38Z,1163,BETA_X5,SELL,62821.90000000,62833.80000000,0.01540000,-1.89424389,-0.18326000,shock_inversion_stop,9,19:23:28,19:23:38
Run_V2,2026-08-14T19:24:06Z,1165,BETA_X5,SELL,62843.80000000,62843.80000000,0.00470000,-0.00000000,-0.00000000,shock_inversion_stop,6,19:24:00,19:24:06
Run_V2,2026-08-14T19:25:39Z,1175,BETA_X5,SELL,62845.90000000,62846.40000000,0.00470000,-0.07955968,-0.00235000,shock_inversion_stop,7,19:25:32,19:25:39
Run_V2,2026-08-14T19:26:29Z,1180,BETA_X5,SELL,62855.30000000,62850.10000000,0.00760000,0.82729698,0.03952000,shock_inversion_stop,5,19:26:23,19:26:29
Run_V2,2026-08-14T19:28:38Z,1195,BETA_X5,SELL,62859.20000000,62859.20000000,0.00470000,-0.00000000,-0.00000000,shock_inversion_stop,6,19:28:32,19:28:38
Run_V2,2026-08-14T19:29:05Z,1197,BETA_X5,SELL,62859.20000000,62859.20000000,0.00470000,-0.00000000,-0.00000000,shock_inversion_stop,5,19:28:59,19:29:04
Run_V2,2026-08-14T19:29:40Z,1199,BETA_X5,SELL,62859.20000000,62859.20000000,0.00470000,-0.00000000,-0.00000000,fluid_exit_inversion,9,19:29:31,19:29:40
Run_V2,2026-08-14T19:30:24Z,1203,BETA_X5,SELL,62859.20000000,62859.20000000,0.00940000,-0.00000000,-0.00000000,shock_inversion_stop,5,19:30:18,19:30:23
Run_V2,2026-08-14T19:31:46Z,1212,BETA_X5,SELL,62859.20000000,62859.20000000,0.00940000,-0.00000000,-0.00000000,shock_inversion_stop,5,19:31:40,19:31:45
Run_V2,2026-08-14T19:35:45Z,1225,BETA_X5,SELL,62864.70000000,62859.20000000,0.00940000,0.87489481,0.05170000,kill_switch,2,19:35:43,19:35:45
Run_V2,2026-08-14T19:40:37Z,32,BETA_X5,SELL,62883.20000000,62883.20000000,0.00940000,-0.00000000,-0.00000000,shock_inversion_stop,6,19:40:31,19:40:37
Run_V2,2026-08-14T19:41:23Z,36,BETA_X5,SELL,62883.20000000,62875.70000000,0.00940000,1.19268740,0.07050000,shock_inversion_stop,6,19:41:16,19:41:22
Run_V2,2026-08-14T19:42:23Z,42,BETA_X5,SELL,62918.30000000,62943.10000000,0.00470000,-3.94161953,-0.11656000,fluid_exit_inversion,6,19:42:17,19:42:23
Run_V2,2026-08-14T19:48:06Z,83,BETA_X5,SELL,62949.40000000,62938.90000000,0.00470000,1.66800637,0.04935000,shock_inversion_stop,7,19:47:59,19:48:06
Run_V2,2026-08-14T19:56:47Z,15,BETA_X5,SELL,62943.30000000,62936.60000000,0.00940000,1.06445007,0.06298000,fluid_exit_brake,8,19:56:38,19:56:46
Run_V2,2026-08-14T19:59:54Z,32,BETA_X5,SELL,62949.40000000,62949.40000000,0.00470000,-0.00000000,-0.00000000,fluid_exit_inversion,9,19:59:44,19:59:53
Run_V2,2026-08-14T20:01:06Z,38,BETA_X5,SELL,62943.70000000,62943.70000000,0.00470000,-0.00000000,-0.00000000,shock_inversion_stop,8,20:00:57,20:01:06
Run_V2,2026-08-14T20:01:51Z,41,BETA_X5,SELL,62947.70000000,62949.40000000,0.00470000,-0.27006547,-0.00799000,fluid_exit_inversion,12,20:01:38,20:01:50
Run_V2,2026-08-14T20:03:25Z,50,BETA_X5,SELL,62963.80000000,62955.80000000,0.00940000,1.27057134,0.07520000,shock_inversion_stop,7,20:03:18,20:03:25
Run_V2,2026-08-14T20:03:48Z,51,BETA_X5,SELL,62955.50000000,62951.90000000,0.00470000,0.57183248,0.01692000,shock_inversion_stop,7,20:03:40,20:03:47
Run_V2,2026-08-14T20:06:03Z,65,BETA_X5,SELL,62974.50000000,62974.70000000,0.00760000,-0.03175889,-0.00152000,shock_inversion_stop,7,20:05:55,20:06:03
Run_V2,2026-08-14T20:07:46Z,75,BETA_X5,SELL,62964.60000000,62969.20000000,0.00470000,-0.73056924,-0.02162000,fluid_exit_inversion,8,20:07:38,20:07:46
Run_V2,2026-08-14T20:08:17Z,77,BETA_X5,SELL,62969.20000000,62968.60000000,0.01540000,0.09528468,0.00924000,shock_inversion_stop,6,20:08:11,20:08:17
Run_V2,2026-08-14T20:09:39Z,85,BETA_X5,SELL,62975.10000000,62975.20000000,0.00940000,-0.01587929,-0.00094000,shock_inversion_stop,7,20:09:32,20:09:39
Run_V2,2026-08-14T20:10:18Z,88,BETA_X5,SELL,62976.70000000,62976.70000000,0.00940000,-0.00000000,-0.00000000,shock_inversion_stop,6,20:10:11,20:10:18
Run_V2,2026-08-14T20:11:07Z,92,BETA_X5,SELL,62979.00000000,62980.00000000,0.00940000,-0.15878309,-0.00940000,shock_inversion_stop,8,20:10:58,20:11:06
Run_V2,2026-08-14T20:12:10Z,98,BETA_X5,SELL,62975.60000000,62975.60000000,0.00940000,-0.00000000,-0.00000000,shock_inversion_stop,6,20:12:03,20:12:09
Run_V2,2026-08-14T20:14:24Z,112,BETA_X5,SELL,62975.50000000,62970.10000000,0.00940000,0.85747632,0.05076000,shock_inversion_stop,6,20:14:17,20:14:23
Run_V2,2026-08-14T20:14:54Z,114,BETA_X5,SELL,62968.60000000,62967.80000000,0.00470000,0.12704745,0.00376000,shock_inversion_stop,7,20:14:46,20:14:53
Run_V2,2026-08-14T20:16:33Z,124,BETA_X5,SELL,62969.40000000,62945.20000000,0.00470000,3.84313651,0.11374000,shock_inversion_stop,7,20:16:26,20:16:33
Run_V2,2026-08-14T20:17:11Z,127,BETA_X5,SELL,62945.20000000,62947.70000000,0.00470000,-0.39717087,-0.01175000,fluid_exit_inversion,7,20:17:04,20:17:11
Run_V2,2026-08-14T20:17:41Z,129,BETA_X5,SELL,62945.20000000,62945.20000000,0.00470000,-0.00000000,-0.00000000,shock_inversion_stop,6,20:17:34,20:17:40
Run_V2,2026-08-14T20:18:53Z,136,BETA_X5,SELL,62924.30000000,62920.80000000,0.00470000,0.55622391,0.01645000,shock_inversion_stop,7,20:18:46,20:18:53
Run_V2,2026-08-14T20:20:42Z,147,BETA_X5,SELL,62911.70000000,62913.10000000,0.00940000,-0.22253412,-0.01316000,fluid_exit_inversion,7,20:20:34,20:20:41
Run_V2,2026-08-14T20:23:38Z,165,BETA_X5,SELL,62918.60000000,62918.70000000,0.01540000,-0.01589355,-0.00154000,shock_inversion_stop,7,20:23:30,20:23:37
Run_V2,2026-08-14T20:24:09Z,167,BETA_X5,SELL,62920.80000000,62920.80000000,0.01540000,-0.00000000,-0.00000000,shock_inversion_stop,7,20:24:01,20:24:08
Run_Nuit,2026-08-14T21:49:14Z,31,BETA_X5,SELL,62881.10000000,62886.60000000,0.01580000,-0.87466663,-0.08690000,fluid_exit_inversion,7,21:49:07,21:49:14
Run_Nuit,2026-08-14T21:50:11Z,37,BETA_X5,SELL,62887.90000000,62887.60000000,0.00780000,0.04770393,0.00234000,shock_inversion_stop,5,21:50:05,21:50:10
Run_Nuit,2026-08-14T21:51:11Z,43,BETA_X5,SELL,62882.10000000,62881.90000000,0.01270000,0.03180555,0.00254000,shock_inversion_stop,5,21:51:05,21:51:11
Run_Nuit,2026-08-14T21:55:58Z,77,BETA_X5,SELL,62872.70000000,62872.70000000,0.00780000,-0.00000000,-0.00000000,shock_inversion_stop,6,21:55:52,21:55:58
Run_Nuit,2026-08-14T21:56:23Z,79,BETA_X5,SELL,62872.70000000,62872.70000000,0.01580000,-0.00000000,-0.00000000,shock_inversion_stop,6,21:56:17,21:56:23
Run_Nuit,2026-08-14T21:56:42Z,80,BETA_X5,SELL,62888.10000000,62872.70000000,0.01580000,2.44879397,0.24332000,shock_inversion_stop,5,21:56:36,21:56:42
Run_Nuit,2026-08-14T21:57:25Z,83,BETA_X5,SELL,62872.70000000,62872.70000000,0.00780000,-0.00000000,-0.00000000,shock_inversion_stop,6,21:57:19,21:57:25
Run_Nuit,2026-08-14T22:03:32Z,129,BETA_X5,SELL,62890.30000000,62893.60000000,0.00780000,-0.52472321,-0.02574000,fluid_exit_inversion,6,22:03:26,22:03:32
Run_Nuit,2026-08-14T22:08:33Z,165,BETA_X5,SELL,62888.30000000,62875.20000000,0.00780000,2.08305837,0.10218000,shock_inversion_stop,4,22:08:28,22:08:33
Run_Nuit,2026-08-14T22:09:03Z,168,BETA_X5,SELL,62884.90000000,62884.80000000,0.00780000,0.01590207,0.00078000,shock_inversion_stop,5,22:08:57,22:09:02
Run_Nuit,2026-08-14T22:09:53Z,173,BETA_X5,SELL,62884.80000000,62884.90000000,0.00780000,-0.01590209,-0.00078000,shock_inversion_stop,5,22:09:48,22:09:53
Run_Nuit,2026-08-14T22:10:31Z,177,BETA_X5,SELL,62884.90000000,62884.90000000,0.00780000,-0.00000000,-0.00000000,shock_inversion_stop,6,22:10:24,22:10:30
Run_Nuit,2026-08-14T22:11:59Z,188,BETA_X5,SELL,62870.70000000,62870.30000000,0.01580000,0.06362264,0.00632000,shock_inversion_stop,5,22:11:54,22:11:59
Run_Nuit,2026-08-14T22:12:18Z,189,BETA_X5,SELL,62859.10000000,62849.90000000,0.01580000,1.46359079,0.14536000,shock_inversion_stop,7,22:12:10,22:12:17
Run_Nuit,2026-08-14T22:13:42Z,199,BETA_X5,SELL,62833.10000000,62833.10000000,0.00780000,-0.00000000,-0.00000000,shock_inversion_stop,5,22:13:37,22:13:42
Run_Nuit,2026-08-14T22:14:21Z,203,BETA_X5,SELL,62824.10000000,62819.20000000,0.00780000,0.77995546,0.03822000,shock_inversion_stop,5,22:14:16,22:14:21
Run_Nuit,2026-08-14T22:14:38Z,204,BETA_X5,SELL,62819.20000000,62819.20000000,0.00780000,-0.00000000,-0.00000000,shock_inversion_stop,5,22:14:32,22:14:37
Run_Nuit,2026-08-14T22:15:11Z,207,BETA_X5,SELL,62814.30000000,62814.20000000,0.01270000,0.01591994,0.00127000,shock_inversion_stop,5,22:15:05,22:15:10
Run_Nuit,2026-08-14T22:16:17Z,215,BETA_X5,SELL,62811.20000000,62811.20000000,0.00780000,-0.00000000,-0.00000000,shock_inversion_stop,5,22:16:12,22:16:17
Run_Nuit,2026-08-14T22:16:41Z,217,BETA_X5,SELL,62810.40000000,62810.10000000,0.01580000,0.04776279,0.00474000,shock_inversion_stop,5,22:16:36,22:16:41
Run_Nuit,2026-08-14T22:16:57Z,218,BETA_X5,SELL,62810.10000000,62810.10000000,0.01580000,-0.00000000,-0.00000000,shock_inversion_stop,5,22:16:52,22:16:57
Run_Nuit,2026-08-14T22:19:48Z,238,BETA_X5,SELL,62810.10000000,62810.10000000,0.01580000,-0.00000000,-0.00000000,shock_inversion_stop,5,22:19:43,22:19:48
Run_Nuit,2026-08-14T22:25:50Z,284,BETA_X5,SELL,62810.10000000,62810.10000000,0.01580000,-0.00000000,-0.00000000,shock_inversion_stop,5,22:25:45,22:25:50
Run_Nuit,2026-08-14T22:26:28Z,288,BETA_X5,SELL,62810.10000000,62810.10000000,0.01580000,-0.00000000,-0.00000000,shock_inversion_stop,5,22:26:23,22:26:28
Run_Nuit,2026-08-14T22:28:35Z,304,BETA_X5,SELL,62813.50000000,62813.70000000,0.01580000,-0.03184029,-0.00316000,fluid_exit_inversion,6,22:28:29,22:28:35
Run_Nuit,2026-08-14T22:32:23Z,333,BETA_X5,SELL,62813.80000000,62810.20000000,0.01580000,0.57312247,0.05688000,shock_inversion_stop,5,22:32:17,22:32:22
Run_Nuit,2026-08-14T22:32:46Z,335,BETA_X5,SELL,62813.80000000,62810.20000000,0.00780000,0.57312247,0.02808000,shock_inversion_stop,5,22:32:41,22:32:46
Run_Nuit,2026-08-14T22:34:01Z,343,BETA_X5,SELL,62824.90000000,62824.90000000,0.00780000,-0.00000000,-0.00000000,shock_inversion_stop,5,22:33:55,22:34:00
Run_Nuit,2026-08-14T22:34:33Z,346,BETA_X5,SELL,62825.00000000,62810.10000000,0.00780000,2.37166733,0.11622000,shock_inversion_stop,7,22:34:25,22:34:32
Run_Nuit,2026-08-14T22:35:00Z,348,BETA_X5,SELL,62824.90000000,62824.90000000,0.00780000,-0.00000000,-0.00000000,fluid_exit_inversion,7,22:34:52,22:34:59
Run_Nuit,2026-08-14T22:35:29Z,351,BETA_X5,SELL,62820.70000000,62820.70000000,0.00780000,-0.00000000,-0.00000000,shock_inversion_stop,5,22:35:24,22:35:29
Run_Nuit,2026-08-14T22:35:52Z,353,BETA_X5,SELL,62820.70000000,62820.70000000,0.00780000,-0.00000000,-0.00000000,shock_inversion_stop,5,22:35:47,22:35:52
Run_Nuit,2026-08-14T22:38:27Z,373,BETA_X5,SELL,62832.40000000,62832.40000000,0.01580000,-0.00000000,-0.00000000,shock_inversion_stop,5,22:38:22,22:38:27
Run_Nuit,2026-08-14T22:46:49Z,439,BETA_X5,SELL,62833.80000000,62833.80000000,0.01580000,-0.00000000,-0.00000000,fluid_exit_inversion,5,22:46:43,22:46:48
Run_Nuit,2026-08-14T22:50:12Z,465,BETA_X5,SELL,62833.80000000,62833.80000000,0.01580000,-0.00000000,-0.00000000,fluid_exit_inversion,5,22:50:07,22:50:12
Run_Nuit,2026-08-14T22:59:04Z,535,BETA_X5,SELL,62833.80000000,62833.80000000,0.01580000,-0.00000000,-0.00000000,shock_inversion_stop,5,22:58:59,22:59:04
Run_Nuit,2026-08-14T22:59:32Z,537,BETA_X5,SELL,62810.20000000,62810.20000000,0.02560000,-0.00000000,-0.00000000,shock_inversion_stop,7,22:59:24,22:59:31
Run_Nuit,2026-08-14T23:03:33Z,569,BETA_X5,SELL,62834.90000000,62834.90000000,0.01580000,-0.00000000,-0.00000000,shock_inversion_stop,5,23:03:28,23:03:33
Run_Nuit,2026-08-14T23:10:09Z,622,BETA_X5,SELL,62835.30000000,62835.30000000,0.01580000,-0.00000000,-0.00000000,shock_inversion_stop,5,23:10:04,23:10:09
Run_Nuit,2026-08-14T23:10:49Z,625,BETA_X5,SELL,62835.30000000,62835.40000000,0.01580000,-0.01591462,-0.00158000,shock_inversion_stop,5,23:10:44,23:10:49
Run_Nuit,2026-08-14T23:11:57Z,633,BETA_X5,SELL,62866.00000000,62872.00000000,0.01580000,-0.95441097,-0.09480000,shock_inversion_stop,5,23:11:52,23:11:57
Run_Nuit,2026-08-14T23:12:35Z,637,BETA_X5,SELL,62874.20000000,62874.90000000,0.00780000,-0.11133342,-0.00546000,shock_inversion_stop,5,23:12:30,23:12:35
Run_Nuit,2026-08-14T23:14:42Z,653,BETA_X5,SELL,62892.80000000,62892.20000000,0.00780000,0.09540043,0.00468000,shock_inversion_stop,5,23:14:36,23:14:42
Run_Nuit,2026-08-14T23:14:59Z,654,BETA_X5,SELL,62894.40000000,62898.10000000,0.01270000,-0.58828767,-0.04699000,fluid_exit_inversion,6,23:14:53,23:14:59
Run_Nuit,2026-08-14T23:15:22Z,656,BETA_X5,SELL,62898.20000000,62898.20000000,0.00780000,-0.00000000,-0.00000000,shock_inversion_stop,5,23:15:17,23:15:22
Run_Nuit,2026-08-14T23:16:42Z,665,BETA_X5,SELL,62894.70000000,62892.00000000,0.01270000,0.42928895,0.03429000,shock_inversion_stop,10,23:16:32,23:16:42
Run_Nuit,2026-08-14T23:17:05Z,666,BETA_X5,SELL,62892.00000000,62898.40000000,0.00780000,-1.01761750,-0.04992000,shock_inversion_stop,6,23:16:59,23:17:05
Run_Nuit,2026-08-14T23:18:34Z,677,BETA_X5,SELL,62892.00000000,62892.00000000,0.00780000,-0.00000000,-0.00000000,shock_inversion_stop,5,23:18:29,23:18:34
Run_Nuit,2026-08-14T23:36:02Z,821,BETA_X5,SELL,62892.00000000,62892.00000000,0.00780000,-0.00000000,-0.00000000,shock_inversion_stop,6,23:35:56,23:36:02
Run_Nuit,2026-08-14T23:36:57Z,827,BETA_X5,SELL,62882.20000000,62892.10000000,0.00780000,-1.57437240,-0.07722000,shock_inversion_stop,5,23:36:52,23:36:57
Run_Nuit,2026-08-14T23:38:58Z,842,BETA_X5,SELL,62904.00000000,62904.00000000,0.00780000,-0.00000000,-0.00000000,shock_inversion_stop,5,23:38:52,23:38:57
Run_Nuit,2026-08-14T23:39:40Z,846,BETA_X5,SELL,62924.10000000,62935.50000000,0.00780000,-1.81170648,-0.08892000,fluid_exit_inversion,7,23:39:32,23:39:40
Run_Nuit,2026-08-14T23:40:11Z,849,BETA_X5,SELL,62941.50000000,62941.50000000,0.00780000,-0.00000000,-0.00000000,shock_inversion_stop,5,23:40:06,23:40:11
Run_Nuit,2026-08-14T23:41:30Z,859,BETA_X5,SELL,62955.00000000,62955.00000000,0.00780000,-0.00000000,-0.00000000,shock_inversion_stop,5,23:41:25,23:41:30
Run_Nuit,2026-08-14T23:42:21Z,865,BETA_X5,SELL,62961.10000000,62973.10000000,0.00780000,-1.90593875,-0.09360000,shock_inversion_stop,5,23:42:16,23:42:21
Run_Nuit,2026-08-14T23:43:07Z,870,BETA_X5,SELL,62972.40000000,62975.70000000,0.00780000,-0.52403910,-0.02574000,shock_inversion_stop,5,23:43:01,23:43:06
Run_Nuit,2026-08-14T23:44:00Z,876,BETA_X5,SELL,62975.70000000,62975.70000000,0.00780000,-0.00000000,-0.00000000,shock_inversion_stop,6,23:43:54,23:44:00
Run_Nuit,2026-08-14T23:44:54Z,882,BETA_X5,SELL,62977.20000000,62974.00000000,0.00780000,0.50812040,0.02496000,shock_inversion_stop,7,23:44:47,23:44:54
Run_Nuit,2026-08-14T23:47:06Z,897,BETA_X5,SELL,62977.20000000,62977.20000000,0.00780000,-0.00000000,-0.00000000,shock_inversion_stop,5,23:47:00,23:47:05
Run_Nuit,2026-08-14T23:48:59Z,911,BETA_X5,SELL,62977.20000000,62977.20000000,0.01570000,-0.00000000,-0.00000000,shock_inversion_stop,5,23:48:54,23:48:59
Run_Nuit,2026-08-15T00:02:59Z,1022,BETA_X5,SELL,63015.00000000,63015.00000000,0.02560000,-0.00000000,-0.00000000,shock_inversion_stop,4,00:02:54,00:02:59
Run_Nuit,2026-08-15T00:05:39Z,1042,BETA_X5,SELL,63015.70000000,63015.70000000,0.01570000,-0.00000000,-0.00000000,fluid_exit_inversion,5,00:05:33,00:05:38
Run_Nuit,2026-08-15T00:06:01Z,1044,BETA_X5,SELL,63015.70000000,63010.00000000,0.01570000,0.90453649,0.08949000,shock_inversion_stop,5,00:05:56,00:06:01
Run_Nuit,2026-08-15T00:06:36Z,1047,BETA_X5,SELL,63015.70000000,63010.10000000,0.01270000,0.88866743,0.07112000,shock_inversion_stop,5,00:06:31,00:06:36
Run_Nuit,2026-08-15T00:08:30Z,1060,BETA_X5,SELL,62989.10000000,62992.30000000,0.00780000,-0.50802440,-0.02496000,fluid_exit_inversion,5,00:08:24,00:08:29
Run_Nuit,2026-08-15T00:09:45Z,1069,BETA_X5,SELL,62999.80000000,62999.90000000,0.00780000,-0.01587307,-0.00078000,fluid_exit_inversion,8,00:09:37,00:09:45
Run_Nuit,2026-08-15T00:11:01Z,1078,BETA_X5,SELL,62996.70000000,63003.60000000,0.00780000,-1.09529547,-0.05382000,fluid_exit_inversion,8,00:10:53,00:11:01
Run_Nuit,2026-08-15T00:12:11Z,1085,BETA_X5,SELL,62997.00000000,62989.10000000,0.00780000,1.25402797,0.06162000,shock_inversion_stop,5,00:12:06,00:12:11
Run_Nuit,2026-08-15T00:13:47Z,1097,BETA_X5,SELL,63005.00000000,62989.10000000,0.00780000,2.52360924,0.12402000,shock_inversion_stop,7,00:13:40,00:13:47
Run_Nuit,2026-08-15T00:14:57Z,1105,BETA_X5,SELL,62995.00000000,62989.50000000,0.00780000,0.87308517,0.04290000,shock_inversion_stop,5,00:14:51,00:14:56
Run_Nuit,2026-08-15T00:15:15Z,1106,BETA_X5,SELL,62989.50000000,63001.90000000,0.00780000,-1.96858207,-0.09672000,fluid_exit_inversion,5,00:15:09,00:15:14
Run_Nuit,2026-08-15T00:15:31Z,1107,BETA_X5,SELL,62989.50000000,62984.50000000,0.00780000,0.79378309,0.03900000,shock_inversion_stop,5,00:15:26,00:15:31
Run_Nuit,2026-08-15T00:16:02Z,1110,BETA_X5,SELL,63005.80000000,62989.60000000,0.00780000,2.57119186,0.12636000,shock_inversion_stop,5,00:15:56,00:16:01
Run_Nuit,2026-08-15T00:18:45Z,1132,BETA_X5,SELL,62998.60000000,62998.60000000,0.00780000,-0.00000000,-0.00000000,shock_inversion_stop,5,00:18:40,00:18:45
Run_Nuit,2026-08-15T00:21:14Z,1152,BETA_X5,SELL,62998.60000000,63005.80000000,0.00780000,-1.14288254,-0.05616000,shock_inversion_stop,5,00:21:09,00:21:14
Run_Nuit,2026-08-15T00:22:38Z,1162,BETA_X5,SELL,62998.60000000,63000.50000000,0.01270000,-0.30159400,-0.02413000,shock_inversion_stop,5,00:22:33,00:22:38
Run_Nuit,2026-08-15T00:27:13Z,1197,BETA_X5,SELL,62990.40000000,62992.80000000,0.00780000,-0.38101044,-0.01872000,shock_inversion_stop,5,00:27:07,00:27:12
Run_Nuit,2026-08-15T00:31:02Z,1225,BETA_X5,SELL,62987.20000000,62981.40000000,0.00780000,0.92082201,0.04524000,shock_inversion_stop,4,00:30:57,00:31:02
Run_Nuit,2026-08-15T00:31:37Z,1228,BETA_X5,SELL,62995.10000000,62995.30000000,0.00780000,-0.03174850,-0.00156000,fluid_exit_inversion,7,00:31:29,00:31:37
Run_Nuit,2026-08-15T00:31:54Z,1229,BETA_X5,SELL,62981.40000000,63000.60000000,0.00780000,-3.04851909,-0.14976000,fluid_exit_brake,5,00:31:48,00:31:54
Run_Nuit,2026-08-15T00:33:24Z,1239,BETA_X5,SELL,62998.00000000,62981.40000000,0.00780000,2.63500429,0.12948000,shock_inversion_stop,5,00:33:19,00:33:24
Run_Nuit,2026-08-15T00:35:28Z,1255,BETA_X5,SELL,63000.60000000,62992.90000000,0.00780000,1.22221058,0.06006000,shock_inversion_stop,5,00:35:22,00:35:27
Run_Nuit,2026-08-15T00:37:11Z,1268,BETA_X5,SELL,63000.60000000,63000.60000000,0.00780000,-0.00000000,-0.00000000,fluid_exit_inversion,5,00:37:05,00:37:11
Run_Nuit,2026-08-15T00:37:49Z,1272,BETA_X5,SELL,62991.90000000,62991.90000000,0.01270000,-0.00000000,-0.00000000,shock_inversion_stop,5,00:37:43,00:37:48
Run_Nuit,2026-08-15T00:38:33Z,1276,BETA_X5,SELL,62995.00000000,62995.00000000,0.01570000,-0.00000000,-0.00000000,shock_inversion_stop,6,00:38:27,00:38:33
Run_Nuit,2026-08-15T00:40:05Z,1286,BETA_X5,SELL,62995.00000000,62995.00000000,0.01570000,-0.00000000,-0.00000000,shock_inversion_stop,10,00:39:54,00:40:04
Run_Nuit,2026-08-15T00:46:37Z,1338,BETA_X5,SELL,62999.80000000,62995.90000000,0.01570000,0.61904958,0.06123000,shock_inversion_stop,5,00:46:32,00:46:37
Run_Nuit,2026-08-15T00:50:17Z,1367,BETA_X5,SELL,62990.10000000,62990.10000000,0.00780000,-0.00000000,-0.00000000,shock_inversion_stop,5,00:50:12,00:50:17
Run_Nuit,2026-08-15T00:52:05Z,1379,BETA_X5,SELL,62987.80000000,62987.80000000,0.00780000,-0.00000000,-0.00000000,shock_inversion_stop,5,00:51:59,00:52:04
Run_Nuit,2026-08-15T00:52:44Z,1383,BETA_X5,SELL,62987.70000000,62987.70000000,0.00780000,-0.00000000,-0.00000000,shock_inversion_stop,4,00:52:39,00:52:44
Run_Nuit,2026-08-15T00:53:21Z,1387,BETA_X5,SELL,62980.00000000,62978.80000000,0.01570000,0.19053668,0.01884000,shock_inversion_stop,5,00:53:16,00:53:21
Run_Nuit,2026-08-15T00:54:29Z,1395,BETA_X5,SELL,62976.90000000,62987.70000000,0.01570000,-1.71491452,-0.16956000,shock_inversion_stop,5,00:54:24,00:54:29
Run_Nuit,2026-08-15T00:58:49Z,1429,BETA_X5,SELL,62987.70000000,62987.70000000,0.00780000,-0.00000000,-0.00000000,shock_inversion_stop,5,00:58:43,00:58:48
Run_Nuit,2026-08-15T00:59:42Z,1434,BETA_X5,SELL,62982.10000000,62975.10000000,0.00780000,1.11142690,0.05460000,shock_inversion_stop,7,00:59:34,00:59:41
Run_Nuit,2026-08-15T01:02:04Z,1451,BETA_X5,SELL,62982.20000000,62980.50000000,0.00780000,0.26991753,0.01326000,fluid_exit_inversion,8,01:01:56,01:02:04
Run_Nuit,2026-08-15T01:05:37Z,1479,BETA_X5,SELL,62976.00000000,62975.10000000,0.00780000,0.14291159,0.00702000,shock_inversion_stop,7,01:05:29,01:05:36
Run_Nuit,2026-08-15T01:07:37Z,1494,BETA_X5,SELL,62970.90000000,62970.00000000,0.00780000,0.14292316,0.00702000,shock_inversion_stop,5,01:07:32,01:07:37
Run_Nuit,2026-08-15T01:08:09Z,1497,BETA_X5,SELL,62968.70000000,62966.70000000,0.01570000,0.31761812,0.03140000,shock_inversion_stop,5,01:08:03,01:08:08
Run_Nuit,2026-08-15T01:08:39Z,1500,BETA_X5,SELL,62966.90000000,62969.90000000,0.00780000,-0.47644080,-0.02340000,shock_inversion_stop,5,01:08:33,01:08:38
Run_Nuit,2026-08-15T01:09:09Z,1503,BETA_X5,SELL,62973.20000000,62973.30000000,0.00780000,-0.01587977,-0.00078000,shock_inversion_stop,5,01:09:04,01:09:09
Run_Nuit,2026-08-15T01:14:12Z,1540,BETA_X5,SELL,62966.70000000,62966.70000000,0.01270000,-0.00000000,-0.00000000,shock_inversion_stop,7,01:14:04,01:14:11
Run_Nuit,2026-08-15T01:16:55Z,1561,BETA_X5,SELL,62974.00000000,62974.30000000,0.01570000,-0.04763871,-0.00471000,shock_inversion_stop,5,01:16:50,01:16:55
Run_Nuit,2026-08-15T01:18:11Z,1570,BETA_X5,SELL,62974.30000000,62972.40000000,0.01570000,0.30171038,0.02983000,shock_inversion_stop,7,01:18:03,01:18:10
Run_Nuit,2026-08-15T01:18:48Z,1574,BETA_X5,SELL,62974.30000000,62974.00000000,0.00780000,0.04763848,0.00234000,shock_inversion_stop,5,01:18:43,01:18:48
Run_Nuit,2026-08-15T02:05:20Z,1952,BETA_X5,SELL,63017.80000000,63023.10000000,0.00780000,-0.84103222,-0.04134000,fluid_exit_inversion,5,02:05:14,02:05:19
Run_Nuit,2026-08-15T02:06:27Z,1959,BETA_X5,SELL,63031.70000000,63032.40000000,0.00780000,-0.11105523,-0.00546000,shock_inversion_stop,8,02:06:18,02:06:26
Run_Nuit,2026-08-15T02:09:12Z,1980,BETA_X5,SELL,63031.40000000,63031.40000000,0.00780000,-0.00000000,-0.00000000,shock_inversion_stop,5,02:09:06,02:09:12
Run_Nuit,2026-08-15T02:09:39Z,1982,BETA_X5,SELL,63031.40000000,63031.40000000,0.00780000,-0.00000000,-0.00000000,shock_inversion_stop,8,02:09:30,02:09:38
Run_Nuit,2026-08-15T02:10:16Z,1986,BETA_X5,SELL,63031.40000000,63012.70000000,0.01570000,2.96677529,0.29359000,shock_inversion_stop,5,02:10:11,02:10:16
Run_Nuit,2026-08-15T02:13:31Z,2011,BETA_X5,SELL,63010.60000000,63010.20000000,0.00780000,0.06348138,0.00312000,shock_inversion_stop,5,02:13:25,02:13:30
Run_Nuit,2026-08-15T02:23:05Z,2087,BETA_X5,SELL,63042.90000000,63066.50000000,0.00780000,-3.74348261,-0.18408000,fluid_exit_inversion,6,02:22:59,02:23:05
Run_Nuit,2026-08-15T02:23:35Z,2089,BETA_X5,SELL,63072.80000000,63072.80000000,0.01270000,-0.00000000,-0.00000000,shock_inversion_stop,10,02:23:25,02:23:35
Run_Nuit,2026-08-15T02:25:55Z,2107,BETA_X5,SELL,63076.00000000,63078.30000000,0.00780000,-0.36463948,-0.01794000,fluid_exit_inversion,5,02:25:49,02:25:54
Run_Nuit,2026-08-15T02:26:25Z,2110,BETA_X5,SELL,63076.50000000,63076.40000000,0.00780000,0.01585376,0.00078000,fluid_exit_inversion,6,02:26:19,02:26:25
Run_Nuit,2026-08-15T02:27:22Z,2117,BETA_X5,SELL,63083.40000000,63078.10000000,0.01570000,0.84015763,0.08321000,shock_inversion_stop,5,02:27:17,02:27:22
Run_Nuit,2026-08-15T02:27:39Z,2118,BETA_X5,SELL,63077.90000000,63076.30000000,0.00780000,0.25365461,0.01248000,shock_inversion_stop,5,02:27:33,02:27:38
Run_Nuit,2026-08-15T02:28:51Z,2127,BETA_X5,SELL,63073.40000000,63073.20000000,0.00780000,0.03170909,0.00156000,shock_inversion_stop,5,02:28:45,02:28:50
Run_Nuit,2026-08-15T02:29:31Z,2131,BETA_X5,SELL,63073.40000000,63073.30000000,0.00780000,0.01585454,0.00078000,fluid_exit_brake,6,02:29:25,02:29:31
Run_Nuit,2026-08-15T02:30:01Z,2134,BETA_X5,SELL,63073.40000000,63073.30000000,0.01570000,0.01585454,0.00157000,shock_inversion_stop,4,02:29:56,02:30:01
Run_Nuit,2026-08-15T02:32:59Z,2157,BETA_X5,SELL,63087.70000000,63087.80000000,0.01570000,-0.01585095,-0.00157000,shock_inversion_stop,4,02:32:54,02:32:58
Run_Nuit,2026-08-15T02:33:18Z,2158,BETA_X5,SELL,63073.20000000,63088.30000000,0.01570000,-2.39404375,-0.23707000,fluid_exit_inversion,8,02:33:10,02:33:18
Run_Nuit,2026-08-15T02:33:41Z,2160,BETA_X5,SELL,63091.80000000,63091.90000000,0.00780000,-0.01584992,-0.00078000,shock_inversion_stop,5,02:33:35,02:33:40
Run_Nuit,2026-08-15T02:34:11Z,2162,BETA_X5,SELL,63095.00000000,63088.00000000,0.00780000,1.10943815,0.05460000,fluid_exit_inversion,5,02:34:05,02:34:11
Run_Nuit,2026-08-15T02:37:28Z,2188,BETA_X5,SELL,63093.50000000,63084.80000000,0.00780000,1.37890591,0.06786000,shock_inversion_stop,5,02:37:23,02:37:28
Run_Nuit,2026-08-15T02:39:20Z,2201,BETA_X5,SELL,63104.40000000,63080.70000000,0.00780000,3.75568106,0.18486000,shock_inversion_stop,4,02:39:15,02:39:20
Run_Nuit,2026-08-15T02:40:05Z,2206,BETA_X5,SELL,63100.90000000,63100.90000000,0.00780000,-0.00000000,-0.00000000,shock_inversion_stop,5,02:40:00,02:40:05
Run_Nuit,2026-08-15T02:40:37Z,2209,BETA_X5,SELL,63100.90000000,63080.70000000,0.00780000,3.20122217,0.15756000,shock_inversion_stop,7,02:40:30,02:40:37
Run_Nuit,2026-08-15T02:44:53Z,2241,BETA_X5,SELL,63088.90000000,63089.00000000,0.00780000,-0.01585065,-0.00078000,shock_inversion_stop,5,02:44:48,02:44:53
Run_Nuit,2026-08-15T02:48:35Z,2269,BETA_X5,SELL,63095.60000000,63089.10000000,0.00780000,1.03018277,0.05070000,shock_inversion_stop,5,02:48:30,02:48:35
Run_Nuit,2026-08-15T02:50:17Z,2282,BETA_X5,SELL,63099.80000000,63099.90000000,0.00780000,-0.01584791,-0.00078000,shock_inversion_stop,5,02:50:11,02:50:16
Run_Nuit,2026-08-15T02:52:48Z,2301,BETA_X5,SELL,63112.10000000,63112.00000000,0.00780000,0.01584482,0.00078000,shock_inversion_stop,6,02:52:42,02:52:48
Run_Nuit,2026-08-15T02:53:19Z,2304,BETA_X5,SELL,63112.00000000,63112.00000000,0.00780000,-0.00000000,-0.00000000,shock_inversion_stop,5,02:53:14,02:53:19
Run_Nuit,2026-08-15T02:55:19Z,2319,BETA_X5,SELL,63112.00000000,63112.10000000,0.01570000,-0.01584485,-0.00157000,fluid_exit_brake,6,02:55:12,02:55:18
Run_Nuit,2026-08-15T02:56:49Z,2330,BETA_X5,SELL,63112.00000000,63112.10000000,0.01570000,-0.01584485,-0.00157000,fluid_exit_brake,6,02:56:42,02:56:48
Run_Nuit,2026-08-15T02:59:13Z,2348,BETA_X5,SELL,63113.20000000,63113.20000000,0.01570000,-0.00000000,-0.00000000,shock_inversion_stop,5,02:59:08,02:59:13
Run_Nuit,2026-08-15T02:59:37Z,2350,BETA_X5,SELL,63112.00000000,63113.20000000,0.01570000,-0.19013817,-0.01884000,shock_inversion_stop,5,02:59:32,02:59:37
Run_Nuit,2026-08-15T03:07:39Z,2412,BETA_X5,SELL,63116.50000000,63120.70000000,0.01570000,-0.66543614,-0.06594000,fluid_exit_inversion,5,03:07:34,03:07:39
Run_Nuit,2026-08-15T03:07:57Z,2413,BETA_X5,SELL,63115.60000000,63115.60000000,0.00780000,-0.00000000,-0.00000000,shock_inversion_stop,6,03:07:50,03:07:56
Run_Nuit,2026-08-15T03:14:25Z,2463,BETA_X5,SELL,63127.80000000,63125.90000000,0.00780000,0.30097675,0.01482000,shock_inversion_stop,5,03:14:20,03:14:25
Run_Nuit,2026-08-15T03:15:51Z,2473,BETA_X5,SELL,63127.90000000,63127.90000000,0.00780000,-0.00000000,-0.00000000,shock_inversion_stop,5,03:15:46,03:15:51
Run_Nuit,2026-08-15T03:16:07Z,2474,BETA_X5,SELL,63127.90000000,63127.90000000,0.01570000,-0.00000000,-0.00000000,shock_inversion_stop,5,03:16:02,03:16:07
Run_Nuit,2026-08-15T03:17:33Z,2484,BETA_X5,SELL,63145.00000000,63145.00000000,0.01570000,-0.00000000,-0.00000000,shock_inversion_stop,5,03:17:28,03:17:33
Run_Nuit,2026-08-15T03:18:32Z,2491,BETA_X5,SELL,63152.50000000,63152.50000000,0.01570000,-0.00000000,-0.00000000,shock_inversion_stop,5,03:18:27,03:18:32
Run_Nuit,2026-08-15T03:19:22Z,2496,BETA_X5,SELL,63153.90000000,63132.80000000,0.01570000,3.34104465,0.33127000,shock_inversion_stop,5,03:19:17,03:19:22
Run_Nuit,2026-08-15T03:21:02Z,2508,BETA_X5,SELL,63091.70000000,63091.60000000,0.00780000,0.01584995,0.00078000,shock_inversion_stop,10,03:20:52,03:21:02
Run_Nuit,2026-08-15T03:21:18Z,2509,BETA_X5,SELL,63091.60000000,63090.20000000,0.01570000,0.22189959,0.02198000,shock_inversion_stop,5,03:21:13,03:21:18
Run_Nuit,2026-08-15T03:21:37Z,2510,BETA_X5,SELL,63090.20000000,63087.50000000,0.01570000,0.42795870,0.04239000,shock_inversion_stop,7,03:21:29,03:21:36
Run_Nuit,2026-08-15T03:24:13Z,2530,BETA_X5,SELL,63081.40000000,63088.00000000,0.00780000,-1.04626720,-0.05148000,fluid_exit_inversion,10,03:24:02,03:24:12
Run_Nuit,2026-08-15T03:27:03Z,2553,BETA_X5,SELL,63081.50000000,63081.50000000,0.00780000,-0.00000000,-0.00000000,shock_inversion_stop,5,03:26:58,03:27:03
Run_Nuit,2026-08-15T03:39:17Z,2652,BETA_X5,SELL,63081.50000000,63080.60000000,0.00780000,0.14267257,0.00702000,shock_inversion_stop,7,03:39:09,03:39:17
Run_Nuit,2026-08-15T03:59:46Z,2816,BETA_X5,SELL,63046.30000000,63029.50000000,0.01270000,2.66470832,0.21336000,shock_inversion_stop,5,03:59:41,03:59:46
Run_Nuit,2026-08-15T04:01:02Z,2825,BETA_X5,SELL,63024.90000000,63027.20000000,0.01270000,-0.36493513,-0.02921000,shock_inversion_stop,4,04:00:56,04:01:01
Run_Nuit,2026-08-15T04:01:47Z,2830,BETA_X5,SELL,63041.90000000,63043.50000000,0.00780000,-0.25379946,-0.01248000,shock_inversion_stop,5,04:01:41,04:01:46
Run_Nuit,2026-08-15T04:05:11Z,2856,BETA_X5,SELL,63049.90000000,63049.90000000,0.00780000,-0.00000000,-0.00000000,shock_inversion_stop,5,04:05:06,04:05:11
Run_Nuit,2026-08-15T04:05:37Z,2858,BETA_X5,SELL,63049.80000000,63049.90000000,0.00780000,-0.01586048,-0.00078000,fluid_exit_inversion,8,04:05:29,04:05:37
Run_Nuit,2026-08-15T04:06:57Z,2867,BETA_X5,SELL,63050.00000000,63049.90000000,0.01570000,0.01586043,0.00157000,shock_inversion_stop,5,04:06:52,04:06:57
Run_Nuit,2026-08-15T04:07:15Z,2868,BETA_X5,SELL,63049.90000000,63050.00000000,0.01570000,-0.01586045,-0.00157000,fluid_exit_brake,5,04:07:09,04:07:14
Run_Nuit,2026-08-15T04:09:49Z,2888,BETA_X5,SELL,63041.90000000,63041.90000000,0.01570000,-0.00000000,-0.00000000,shock_inversion_stop,4,04:09:43,04:09:48
Run_Nuit,2026-08-15T04:10:36Z,2893,BETA_X5,SELL,63044.60000000,63044.60000000,0.01570000,-0.00000000,-0.00000000,fluid_exit_inversion,7,04:10:28,04:10:36
Run_Nuit,2026-08-15T04:13:58Z,2919,BETA_X5,SELL,63048.10000000,63048.10000000,0.01570000,-0.00000000,-0.00000000,shock_inversion_stop,5,04:13:53,04:13:58
Run_Nuit,2026-08-15T04:19:47Z,2966,BETA_X5,SELL,63074.90000000,63074.90000000,0.02560000,-0.00000000,-0.00000000,fluid_exit_inversion,8,04:19:39,04:19:47
Run_Nuit,2026-08-15T04:24:30Z,3002,BETA_X5,SELL,63097.10000000,63097.20000000,0.01570000,-0.01584859,-0.00157000,shock_inversion_stop,5,04:24:25,04:24:30
Run_Nuit,2026-08-15T04:27:11Z,3022,BETA_X5,SELL,63099.30000000,63099.40000000,0.01570000,-0.01584804,-0.00157000,shock_inversion_stop,6,04:27:04,04:27:10
Run_Nuit,2026-08-15T04:27:27Z,3023,BETA_X5,SELL,63101.00000000,63100.80000000,0.01570000,0.03169522,0.00314000,shock_inversion_stop,4,04:27:22,04:27:26
Run_Nuit,2026-08-15T04:29:02Z,3035,BETA_X5,SELL,63102.40000000,63102.50000000,0.01570000,-0.01584726,-0.00157000,shock_inversion_stop,5,04:28:57,04:29:02
Run_Nuit,2026-08-15T04:31:32Z,3054,BETA_X5,SELL,63102.60000000,63102.70000000,0.01570000,-0.01584721,-0.00157000,shock_inversion_stop,5,04:31:26,04:31:31
Run_Nuit,2026-08-15T04:33:08Z,3065,BETA_X5,SELL,63102.60000000,63102.60000000,0.01570000,-0.00000000,-0.00000000,shock_inversion_stop,5,04:33:03,04:33:08
Run_Nuit,2026-08-15T04:37:00Z,3094,BETA_X5,SELL,63102.70000000,63102.70000000,0.01570000,-0.00000000,-0.00000000,fluid_exit_brake,10,04:36:49,04:37:00
Run_Nuit,2026-08-15T04:37:25Z,3096,BETA_X5,SELL,63103.00000000,63103.00000000,0.01570000,-0.00000000,-0.00000000,fluid_exit_brake,5,04:37:19,04:37:24
Run_Nuit,2026-08-15T04:39:55Z,3114,BETA_X5,SELL,63103.20000000,63100.90000000,0.01570000,0.36448231,0.03611000,shock_inversion_stop,5,04:39:50,04:39:55
Run_Nuit,2026-08-15T04:42:42Z,3134,BETA_X5,SELL,63103.70000000,63100.90000000,0.00780000,0.44371408,0.02184000,shock_inversion_stop,6,04:42:35,04:42:41
Run_Nuit,2026-08-15T04:44:36Z,3148,BETA_X5,SELL,63106.70000000,63100.90000000,0.00780000,0.91907832,0.04524000,shock_inversion_stop,7,04:44:28,04:44:36
Run_Nuit,2026-08-15T04:45:59Z,3156,BETA_X5,SELL,63117.10000000,63117.20000000,0.00780000,-0.01584357,-0.00078000,shock_inversion_stop,5,04:45:54,04:45:59
Run_Nuit,2026-08-15T04:46:53Z,3162,BETA_X5,SELL,63126.70000000,63127.40000000,0.00780000,-0.11088810,-0.00546000,shock_inversion_stop,5,04:46:48,04:46:53
Run_Nuit,2026-08-15T04:47:33Z,3166,BETA_X5,SELL,63127.40000000,63124.50000000,0.00780000,0.45938847,0.02262000,shock_inversion_stop,5,04:47:27,04:47:32
Run_Nuit,2026-08-15T04:49:20Z,3178,BETA_X5,SELL,63112.90000000,63112.90000000,0.01570000,-0.00000000,-0.00000000,fluid_exit_brake,6,04:49:13,04:49:19
Run_Nuit,2026-08-15T04:53:12Z,3206,BETA_X5,SELL,63111.80000000,63111.80000000,0.01570000,-0.00000000,-0.00000000,shock_inversion_stop,5,04:53:07,04:53:12
Run_Nuit,2026-08-15T04:54:05Z,3212,BETA_X5,SELL,63111.70000000,63112.10000000,0.01570000,-0.06337969,-0.00628000,shock_inversion_stop,5,04:54:00,04:54:05
Run_Nuit,2026-08-15T04:58:46Z,3248,BETA_X5,SELL,63127.30000000,63127.30000000,0.01570000,-0.00000000,-0.00000000,shock_inversion_stop,4,04:58:41,04:58:46
Run_Nuit,2026-08-15T05:03:41Z,3286,BETA_X5,SELL,63100.80000000,63100.80000000,0.01570000,-0.00000000,-0.00000000,shock_inversion_stop,5,05:03:35,05:03:40
Run_Nuit,2026-08-15T05:07:28Z,3315,BETA_X5,SELL,63105.90000000,63100.80000000,0.01570000,0.80816532,0.08007000,shock_inversion_stop,5,05:07:23,05:07:28
Run_Nuit,2026-08-15T05:08:29Z,3322,BETA_X5,SELL,63106.00000000,63105.90000000,0.00780000,0.01584635,0.00078000,fluid_exit_brake,6,05:08:23,05:08:29
Run_Nuit,2026-08-15T05:10:19Z,3334,BETA_X5,SELL,63100.70000000,63106.00000000,0.01270000,-0.83992729,-0.06731000,fluid_exit_brake,6,05:10:13,05:10:19
Run_Nuit,2026-08-15T05:10:38Z,3335,BETA_X5,SELL,63106.00000000,63101.00000000,0.00780000,0.79231769,0.03900000,shock_inversion_stop,7,05:10:30,05:10:37
Run_Nuit,2026-08-15T05:11:04Z,3337,BETA_X5,SELL,63106.00000000,63110.90000000,0.00780000,-0.77647133,-0.03822000,shock_inversion_stop,8,05:10:56,05:11:04
Run_Nuit,2026-08-15T05:13:42Z,3356,BETA_X5,SELL,63115.10000000,63115.00000000,0.00780000,0.01584407,0.00078000,shock_inversion_stop,7,05:13:35,05:13:42
Run_Nuit,2026-08-15T05:16:16Z,3375,BETA_X5,SELL,63120.00000000,63119.90000000,0.00780000,0.01584284,0.00078000,shock_inversion_stop,5,05:16:11,05:16:16
Run_Nuit,2026-08-15T05:20:36Z,3407,BETA_X5,SELL,63124.60000000,63124.60000000,0.00780000,-0.00000000,-0.00000000,shock_inversion_stop,6,05:20:30,05:20:36
Run_Nuit,2026-08-15T05:27:13Z,3456,BETA_X5,SELL,63100.80000000,63100.80000000,0.01570000,-0.00000000,-0.00000000,shock_inversion_stop,5,05:27:07,05:27:12
Run_Nuit,2026-08-15T05:28:06Z,3462,BETA_X5,SELL,63100.80000000,63100.70000000,0.01570000,0.01584766,0.00157000,shock_inversion_stop,5,05:28:01,05:28:06
Run_Nuit,2026-08-15T05:29:20Z,3470,BETA_X5,SELL,63100.70000000,63100.80000000,0.01570000,-0.01584768,-0.00157000,shock_inversion_stop,5,05:29:15,05:29:20
Run_Nuit,2026-08-15T05:29:44Z,3472,BETA_X5,SELL,63100.80000000,63100.80000000,0.01570000,-0.00000000,-0.00000000,shock_inversion_stop,5,05:29:39,05:29:44
Run_Nuit,2026-08-15T05:30:14Z,3474,BETA_X5,SELL,63100.70000000,63100.70000000,0.02560000,-0.00000000,-0.00000000,shock_inversion_stop,5,05:30:08,05:30:13
Run_Nuit,2026-08-15T05:30:33Z,3475,BETA_X5,SELL,63100.80000000,63100.80000000,0.01570000,-0.00000000,-0.00000000,shock_inversion_stop,6,05:30:27,05:30:33
Run_Nuit,2026-08-15T05:30:56Z,3476,BETA_X5,SELL,63100.80000000,63100.80000000,0.01570000,-0.00000000,-0.00000000,shock_inversion_stop,10,05:30:46,05:30:56
Run_Nuit,2026-08-15T05:31:14Z,3477,BETA_X5,SELL,63120.80000000,63100.70000000,0.02560000,3.18437029,0.51456000,shock_inversion_stop,5,05:31:08,05:31:13
Run_Nuit,2026-08-15T05:35:52Z,3513,BETA_X5,SELL,63110.50000000,63100.80000000,0.00780000,1.53698671,0.07566000,shock_inversion_stop,5,05:35:47,05:35:52
Run_Nuit,2026-08-15T05:37:42Z,3525,BETA_X5,SELL,63061.00000000,63060.70000000,0.00780000,0.04757298,0.00234000,fluid_exit_brake,6,05:37:36,05:37:42
Run_Nuit,2026-08-15T05:40:07Z,3542,BETA_X5,SELL,63043.00000000,63042.30000000,0.00780000,0.11103533,0.00546000,shock_inversion_stop,7,05:39:59,05:40:06
Run_Nuit,2026-08-15T05:40:45Z,3545,BETA_X5,SELL,63041.80000000,63041.90000000,0.00780000,-0.01586249,-0.00078000,shock_inversion_stop,6,05:40:39,05:40:45
Run_Nuit,2026-08-15T05:41:13Z,3547,BETA_X5,SELL,63041.80000000,63041.90000000,0.01570000,-0.01586249,-0.00157000,shock_inversion_stop,5,05:41:07,05:41:12
Run_Nuit,2026-08-15T05:41:30Z,3548,BETA_X5,SELL,63041.90000000,63041.90000000,0.02560000,-0.00000000,-0.00000000,shock_inversion_stop,5,05:41:25,05:41:30
Run_Nuit,2026-08-15T05:43:13Z,3560,BETA_X5,SELL,63041.80000000,63041.90000000,0.01570000,-0.01586249,-0.00157000,shock_inversion_stop,5,05:43:08,05:43:13
Run_Nuit,2026-08-15T05:43:57Z,3564,BETA_X5,SELL,63061.70000000,63041.80000000,0.01570000,3.15563964,0.31243000,shock_inversion_stop,5,05:43:51,05:43:56
Run_Nuit,2026-08-15T05:44:14Z,3565,BETA_X5,SELL,63041.80000000,63041.80000000,0.00780000,-0.00000000,-0.00000000,shock_inversion_stop,5,05:44:08,05:44:13
