ts,pair,regime,asp_side,drop_bid_pct_per_s,drop_ask_pct_per_s,max_drop_pct_per_s,spread_bps,spread_delta_bps,wall_bid_usdt,wall_ask_usdt,notional_ok,spoof,price_delta_pct,btc_price,btc_delta_pct,delay_s,price
2026-08-24T06:53:17Z,XRPUSDT,COOLING,NONE,0.0,0.0,0.0,1.35,-1.35,96023.14,70882.27,True,False,0.027,77445.22,0.0,0.998,1.4831
2026-08-24T06:53:18Z,REDUSDT,COOLING,NONE,0.0,0.0,0.0,22.26,0.0,6684.56,1410.97,True,False,0.0,77445.22,0.0,0.964,0.11222
2026-08-24T06:53:21Z,BIOUSDT,COOLING,NONE,0.0,0.0,0.0,3.42,0.0,3616.12,4825.02,True,False,0.0,77445.22,0.0,1.342,0.02925
2026-08-24T06:53:24Z,RWAINCUSDT,IMPULSE,NONE,0.0,0.0,0.0,77.89,0.0,239.06,1433.91,True,False,0.0,77445.22,0.0,0.998,0.002191
2026-08-24T06:53:26Z,EDELUSDT,COOLING,NONE,0.0,0.0,0.0,22.83,0.0,1143.98,823.4,True,False,0.0,77445.22,0.0,1.009,0.00876
2026-08-24T06:54:00Z,XRPUSDT,COOLING,BUY,0.0,3.28,3.28,2.7,0.68,89478.65,100866.37,True,False,-0.0169,77442.48,-0.0035,1.389,1.4828
2026-08-24T06:54:03Z,REDUSDT,COOLING,NONE,0.0,0.0,0.0,21.37,0.0,6684.56,1273.53,True,False,0.0,77442.48,-0.0035,1.085,0.11227
2026-08-24T06:54:05Z,BIOUSDT,COOLING,NONE,0.0,0.0,0.0,3.42,0.0,2361.18,4230.1,True,False,0.0,77442.48,-0.0035,0.921,0.02923
2026-08-24T06:54:07Z,RWAINCUSDT,IMPULSE,NONE,0.0,0.0,0.0,77.89,0.0,239.06,1433.91,True,False,0.0,77442.48,-0.0035,1.963,0.002191
2026-08-24T06:54:11Z,EDELUSDT,COOLING,SELL,16.1,0.0,16.1,34.23,0.0,1143.97,780.26,True,True,0.0,77442.48,-0.0035,1.42,0.00877
2026-08-24T06:54:42Z,XRPUSDT,COOLING,NONE,0.0,0.0,0.0,1.35,-0.0,94390.97,74115.68,True,False,0.0203,77447.21,0.0061,0.989,1.4807
2026-08-24T06:54:44Z,REDUSDT,COOLING,NONE,0.0,0.0,0.0,15.14,0.0,6727.19,1368.7,True,False,0.0,77447.21,0.0061,0.92,0.11231
2026-08-24T06:54:46Z,BIOUSDT,COOLING,NONE,0.0,0.0,0.0,3.42,0.0,2520.95,5700.83,True,False,0.0,77447.21,0.0061,0.967,0.02921
2026-08-24T06:54:48Z,RWAINCUSDT,IMPULSE,NONE,0.0,0.0,0.0,77.89,0.0,239.06,1433.91,True,False,0.0,77447.21,0.0061,1.274,0.002191
2026-08-24T06:54:51Z,EDELUSDT,COOLING,NONE,0.0,0.0,0.0,11.42,0.0,882.29,780.26,True,False,0.0,77447.21,0.0061,0.98,0.00875
2026-08-24T06:55:50Z,XRPUSDT,COOLING,NONE,0.0,0.0,0.0,2.03,-0.68,119630.45,68725.08,True,False,-0.0034,77447.5,0.0004,0.976,1.4814
2026-08-24T06:55:52Z,HBARUSDT,COOLING,NONE,0.0,0.0,0.0,3.77,2.52,9065.56,9755.91,True,False,-0.0126,77447.5,0.0004,0.994,0.07955
2026-08-24T06:55:55Z,REDUSDT,COOLING,BUY,0.0,29.21,29.21,0.89,0.0,2832.72,3351.33,True,False,0.0,77447.5,0.0004,1.94,0.11187
2026-08-24T06:55:57Z,BIOUSDT,COOLING,NONE,0.0,0.0,0.0,6.85,0.0,2848.25,4846.09,True,False,0.0,77447.5,0.0004,1.985,0.0292
2026-08-24T06:56:02Z,RWAINCUSDT,IMPULSE,NONE,0.0,0.0,0.0,77.89,0.0,239.06,1433.91,True,False,0.0,77447.5,0.0004,2.038,0.002191
2026-08-24T06:56:36Z,XRPUSDT,COOLING,SELL,20.24,0.0,20.24,2.02,0.67,118254.57,84672.83,True,True,0.0101,77461.24,0.0177,0.965,1.4822
2026-08-24T06:56:37Z,HBARUSDT,COOLING,NONE,0.0,0.0,0.0,1.26,0.0,10603.56,26089.06,True,False,0.0,77461.24,0.0177,0.949,0.07949
2026-08-24T06:56:39Z,REDUSDT,COOLING,NONE,0.0,0.0,0.0,0.89,0.0,4724.05,1434.86,True,False,0.0,77461.24,0.0177,1.001,0.11187
2026-08-24T06:56:41Z,BIOUSDT,COOLING,NONE,0.0,0.0,0.0,3.43,0.0,2848.25,4729.37,True,False,0.0,77461.24,0.0177,0.984,0.02919
2026-08-24T06:56:43Z,RWAINCUSDT,IMPULSE,NONE,0.0,0.0,0.0,77.89,0.0,239.06,1433.91,True,False,0.0,77461.24,0.0177,0.998,0.002191
2026-08-24T06:57:13Z,XRPUSDT,COOLING,SELL,61.5,0.0,61.5,1.35,0.0,118502.5,74538.89,True,True,0.0,77474.72,0.0174,0.957,1.4833
2026-08-24T06:57:16Z,HBARUSDT,COOLING,SELL,52.8,0.0,52.8,1.26,0.0,20662.0,23029.69,True,False,0.0,77474.72,0.0174,1.016,0.07951
2026-08-24T06:57:20Z,REDUSDT,COOLING,NONE,0.0,0.0,0.0,5.36,0.0,6893.09,5513.17,True,False,0.0,77474.72,0.0174,1.134,0.11189
2026-08-24T06:57:22Z,BIOUSDT,COOLING,NONE,0.0,0.0,0.0,3.43,0.0,2711.3,3981.1,True,False,0.0,77474.72,0.0174,0.937,0.0292
2026-08-24T06:57:24Z,RWAINCUSDT,IMPULSE,NONE,0.0,0.0,0.0,77.89,0.0,239.06,1433.91,True,False,0.0,77474.72,0.0174,0.978,0.002191
2026-08-24T06:58:27Z,XRPUSDT,COOLING,SELL,53.01,0.0,53.01,2.7,1.35,81208.19,95415.44,True,False,0.0067,77470.23,-0.0058,0.937,1.4834
2026-08-24T06:58:29Z,HBARUSDT,COOLING,NONE,0.0,0.0,0.0,1.26,0.0,27347.8,23610.82,True,False,0.0,77470.23,-0.0058,0.979,0.07953
2026-08-24T06:58:32Z,REDUSDT,COOLING,NONE,0.0,0.0,0.0,0.89,0.0,5188.99,6313.51,True,False,0.0,77470.23,-0.0058,1.07,0.11189
2026-08-24T06:58:35Z,BIOUSDT,COOLING,NONE,0.0,0.0,0.0,6.85,0.0,3879.61,3012.99,True,False,0.0,77470.23,-0.0058,0.911,0.0292
2026-08-24T06:58:37Z,RWAINCUSDT,IMPULSE,NONE,0.0,0.0,0.0,80.09,0.0,177.29,1433.91,True,False,0.0,77470.23,-0.0058,1.007,0.002111
2026-08-24T06:59:07Z,XRPUSDT,COOLING,SELL,8.7,2.15,8.7,2.02,0.67,74739.02,80990.06,True,False,0.0168,77470.24,0.0,0.975,1.4849
2026-08-24T06:59:09Z,HBARUSDT,COOLING,NONE,0.0,0.0,0.0,1.26,0.0,24549.09,9570.3,True,False,0.0,77470.24,0.0,0.91,0.07955
2026-08-24T06:59:11Z,REDUSDT,COOLING,NONE,0.0,0.0,0.0,0.89,0.0,5188.99,6313.51,True,False,0.0,77470.24,0.0,0.937,0.11189
2026-08-24T06:59:14Z,BIOUSDT,COOLING,NONE,0.0,0.0,0.0,3.43,0.0,2430.37,3003.05,True,False,0.0,77470.24,0.0,0.946,0.02919
2026-08-24T06:59:17Z,RWAINCUSDT,IMPULSE,NONE,0.0,0.0,0.0,80.09,0.0,190.67,1433.91,True,False,0.0,77470.24,0.0,1.163,0.002111
2026-08-24T06:59:48Z,XRPUSDT,COOLING,NONE,0.0,0.0,0.0,2.02,-0.67,88246.32,66392.44,True,False,-0.0236,77460.71,-0.0123,1.048,1.4847
2026-08-24T06:59:50Z,HBARUSDT,COOLING,NONE,0.0,0.0,0.0,1.26,0.0,40062.21,10126.62,True,False,0.0,77460.71,-0.0123,0.933,0.07955
2026-08-24T06:59:52Z,REDUSDT,COOLING,NONE,0.0,0.0,0.0,0.89,0.0,6663.13,6239.63,True,False,0.0,77460.71,-0.0123,0.94,0.11187
2026-08-24T06:59:54Z,BIOUSDT,COOLING,NONE,0.0,0.0,0.0,10.28,0.0,2842.5,3080.69,True,False,0.0,77460.71,-0.0123,1.035,0.02919
2026-08-24T06:59:57Z,RWAINCUSDT,IMPULSE,NONE,0.0,0.0,0.0,80.09,0.0,190.67,1433.91,True,False,0.0,77460.71,-0.0123,0.937,0.002111
2026-08-24T07:00:56Z,XRPUSDT,COOLING,NONE,0.0,0.0,0.0,3.37,2.02,81620.99,51216.0,True,False,-0.0034,77489.99,0.0378,1.978,1.4836
2026-08-24T07:00:57Z,HBARUSDT,COOLING,NONE,0.0,0.0,0.0,1.26,0.0,22894.26,10142.16,True,False,0.0,77489.99,0.0378,0.942,0.07954
2026-08-24T07:00:59Z,REDUSDT,COOLING,NONE,0.0,0.0,0.0,0.89,0.0,6663.13,6239.63,True,False,0.0,77489.99,0.0378,1.075,0.11187
2026-08-24T07:01:02Z,BIOUSDT,COOLING,NONE,0.0,0.0,0.0,3.42,0.0,1571.07,3671.03,True,False,0.0,77489.99,0.0378,0.943,0.02919
2026-08-24T07:01:05Z,RWAINCUSDT,IMPULSE,NONE,0.0,0.0,0.0,80.09,0.0,190.67,1433.91,True,False,0.0,77489.99,0.0378,1.999,0.002111
2026-08-24T07:01:35Z,XRPUSDT,COOLING,SELL,51.52,0.0,51.52,4.04,2.02,84184.58,71950.47,True,True,0.0101,77484.41,-0.0072,0.945,1.4849
2026-08-24T07:01:39Z,HBARUSDT,COOLING,BUY,42.77,75.68,75.68,3.77,2.51,20630.02,23751.39,True,False,0.0503,77484.41,-0.0072,0.986,0.07951
2026-08-24T07:01:41Z,REDUSDT,COOLING,NONE,0.0,0.0,0.0,0.89,0.0,6663.13,6239.63,True,False,0.0,77484.41,-0.0072,0.988,0.11187
2026-08-24T07:01:44Z,BIOUSDT,COOLING,NONE,0.0,0.0,0.0,6.85,0.0,3077.47,4777.19,True,False,0.0,77484.41,-0.0072,0.929,0.02919
2026-08-24T07:01:46Z,RWAINCUSDT,IMPULSE,NONE,0.0,0.0,0.0,80.09,0.0,190.67,1433.91,True,False,0.0,77484.41,-0.0072,0.97,0.002111
2026-08-24T07:02:15Z,XRPUSDT,COOLING,SELL,15.64,0.0,15.64,1.35,-2.02,87347.27,68272.94,True,True,0.0034,77476.64,-0.01,1.099,1.484
2026-08-24T07:02:19Z,HBARUSDT,COOLING,SELL,10.94,1.26,10.94,1.26,0.0,25828.85,10451.72,True,False,-0.0126,77476.64,-0.01,1.944,0.07949
2026-08-24T07:02:21Z,REDUSDT,COOLING,NONE,0.0,0.0,0.0,5.36,0.0,6303.66,1138.67,True,False,0.0,77476.64,-0.01,0.972,0.11187
2026-08-24T07:02:23Z,BIOUSDT,COOLING,NONE,0.0,0.0,0.0,6.85,0.0,4331.88,4778.51,True,False,0.0,77476.64,-0.01,1.007,0.0292
2026-08-24T07:02:25Z,RWAINCUSDT,IMPULSE,NONE,0.0,0.0,0.0,80.09,0.0,190.67,1433.91,True,False,0.0,77476.64,-0.01,0.988,0.002111
2026-08-24T07:03:15Z,XRPUSDT,COOLING,NONE,0.0,0.0,0.0,1.35,0.67,73817.54,102374.26,True,False,-0.0034,77458.14,-0.0239,0.934,1.484
2026-08-24T07:03:17Z,HBARUSDT,COOLING,NONE,0.0,0.0,0.0,1.26,0.0,9072.42,21738.91,True,False,0.0,77458.14,-0.0239,0.996,0.07958
2026-08-24T07:03:20Z,REDUSDT,COOLING,NONE,0.0,0.0,0.0,18.83,0.0,6335.11,5101.58,True,False,0.0,77458.14,-0.0239,0.923,0.11147
2026-08-24T07:03:22Z,BIOUSDT,COOLING,NONE,0.0,0.0,0.0,6.85,0.0,4286.27,2562.28,True,False,0.0,77458.14,-0.0239,1.023,0.0292
2026-08-24T07:03:24Z,RWAINCUSDT,IMPULSE,NONE,0.0,0.0,0.0,80.09,0.0,190.67,1433.91,True,False,0.0,77458.14,-0.0239,0.98,0.002111
2026-08-24T07:03:53Z,XRPUSDT,COOLING,SELL,50.86,6.87,50.86,1.35,-0.67,89560.92,69133.31,True,False,0.0169,77465.73,0.0098,0.992,1.4833
2026-08-24T07:03:56Z,HBARUSDT,COOLING,NONE,0.0,0.0,0.0,3.76,-2.51,10184.04,23507.7,True,False,-0.0125,77465.73,0.0098,0.935,0.07978
2026-08-24T07:03:59Z,REDUSDT,COOLING,NONE,0.0,0.0,0.0,22.38,0.0,6538.58,5232.63,True,False,0.0,77465.73,0.0098,1.059,0.11147
2026-08-24T07:04:02Z,BIOUSDT,COOLING,BUY,0.0,0.07,0.07,3.43,-3.42,2678.31,2922.93,True,False,-0.0514,77465.73,0.0098,0.928,0.02918
2026-08-24T07:04:04Z,RWAINCUSDT,IMPULSE,NONE,0.0,0.0,0.0,80.09,0.0,190.67,1433.91,True,False,0.0,77465.73,0.0098,0.994,0.002111
2026-08-24T07:04:38Z,XRPUSDT,COOLING,BUY,0.0,31.79,31.79,3.37,0.67,54325.57,113692.63,True,False,0.0034,77499.99,0.0442,0.915,1.4853
2026-08-24T07:04:40Z,HBARUSDT,COOLING,NONE,0.0,0.0,0.0,5.02,0.0,15483.66,11504.35,True,False,0.0,77499.99,0.0442,0.914,0.07976
2026-08-24T07:04:41Z,REDUSDT,COOLING,NONE,0.0,0.0,0.0,21.46,0.0,6821.59,5460.73,True,False,0.0,77499.99,0.0442,0.919,0.11166
2026-08-24T07:04:43Z,BIOUSDT,COOLING,NONE,0.0,0.0,0.0,6.85,0.0,4069.09,3333.37,True,False,0.0,77499.99,0.0442,1.004,0.0292
2026-08-24T07:04:46Z,RWAINCUSDT,IMPULSE,NONE,0.0,0.0,0.0,80.09,0.0,190.68,1433.91,True,False,0.0,77499.99,0.0442,1.193,0.002111
2026-08-24T07:05:52Z,XRPUSDT,COOLING,NONE,0.0,0.0,0.0,2.7,0.67,72321.43,52273.26,True,False,0.0034,77494.43,-0.0072,1.07,1.4842
2026-08-24T07:05:54Z,HBARUSDT,COOLING,SELL,0.72,0.0,0.72,1.25,-0.0,16767.62,9126.14,True,False,0.0251,77494.43,-0.0072,2.005,0.07969
2026-08-24T07:05:57Z,REDUSDT,COOLING,NONE,0.0,0.0,0.0,21.46,-0.9,6646.18,4806.07,True,False,0.0045,77494.43,-0.0072,0.955,0.11171
2026-08-24T07:05:59Z,BIOUSDT,COOLING,NONE,0.0,0.0,0.0,3.43,0.0,4269.32,4332.09,True,False,0.0,77494.43,-0.0072,0.947,0.02918
2026-08-24T07:06:01Z,RWAINCUSDT,IMPULSE,NONE,0.0,0.0,0.0,47.42,0.0,190.68,1433.91,True,False,0.0,77494.43,-0.0072,1.251,0.002097
2026-08-24T07:06:34Z,XRPUSDT,COOLING,SELL,18.77,0.0,18.77,1.35,-0.67,75854.04,70818.25,True,True,-0.0034,77497.28,0.0037,1.153,1.483
2026-08-24T07:06:37Z,HBARUSDT,COOLING,BUY,0.0,59.28,59.28,2.51,0.0,27710.63,26062.97,True,False,0.0,77497.28,0.0037,0.921,0.07975
2026-08-24T07:06:40Z,REDUSDT,COOLING,NONE,0.0,0.0,0.0,19.69,0.0,5749.31,5362.91,True,False,0.0,77497.28,0.0037,0.969,0.11181
2026-08-24T07:06:42Z,BIOUSDT,COOLING,NONE,0.0,0.0,0.0,3.43,0.0,2887.16,3447.79,True,False,0.0,77497.28,0.0037,1.043,0.02919
2026-08-24T07:06:45Z,RWAINCUSDT,IMPULSE,NONE,0.0,0.0,0.0,42.66,0.0,190.68,1433.91,True,False,0.0,77497.28,0.0037,0.917,0.002097
2026-08-24T07:07:17Z,XRPUSDT,COOLING,NONE,0.0,0.0,0.0,2.02,0.0,91078.73,77312.94,True,False,0.0,77491.24,-0.0078,1.012,1.4831
2026-08-24T07:07:19Z,HBARUSDT,COOLING,NONE,0.0,0.0,0.0,1.25,0.0,12740.87,24934.2,True,False,0.0,77491.24,-0.0078,0.938,0.07975
2026-08-24T07:07:20Z,REDUSDT,COOLING,NONE,0.0,0.0,0.0,9.85,0.0,5749.31,1318.27,True,False,0.0,77491.24,-0.0078,0.958,0.11169
2026-08-24T07:07:22Z,BIOUSDT,COOLING,NONE,0.0,0.0,0.0,3.42,0.0,3224.44,4248.66,True,False,0.0,77491.24,-0.0078,0.986,0.02921
2026-08-24T07:07:24Z,RWAINCUSDT,IMPULSE,NONE,0.0,0.0,0.0,42.66,0.0,190.68,1433.91,True,False,0.0,77491.24,-0.0078,0.971,0.002097
2026-08-24T07:08:27Z,XRPUSDT,COOLING,BUY,0.0,20.26,20.26,1.35,-2.02,45690.42,54165.81,True,False,-0.0168,77510.0,0.0242,1.001,1.4851
2026-08-24T07:08:29Z,HBARUSDT,COOLING,NONE,0.0,0.0,0.0,1.25,-0.0,10373.05,9601.63,True,False,0.0125,77510.0,0.0242,0.987,0.07973
2026-08-24T07:08:32Z,REDUSDT,COOLING,NONE,0.0,0.0,0.0,14.3,0.0,3910.67,5496.2,True,False,0.0,77510.0,0.0242,1.012,0.11148
2026-08-24T07:08:34Z,BIOUSDT,COOLING,SELL,0.03,0.0,0.03,3.43,0.0,2885.5,1293.27,True,False,0.0,77510.0,0.0242,1.004,0.0292
2026-08-24T07:08:36Z,RWAINCUSDT,IMPULSE,NONE,0.0,0.0,0.0,42.66,0.0,190.68,1433.91,True,False,0.0,77510.0,0.0242,0.973,0.002097
2026-08-24T07:09:05Z,XRPUSDT,COOLING,BUY,4.14,10.78,10.78,1.35,0.68,61256.61,73620.95,True,False,-0.0034,77503.14,-0.0089,0.92,1.4815
2026-08-24T07:09:10Z,HBARUSDT,COOLING,NONE,0.0,0.0,0.0,1.26,0.0,11044.76,10057.98,True,False,0.0,77503.14,-0.0089,2.156,0.07972
2026-08-24T07:09:12Z,REDUSDT,COOLING,NONE,0.0,0.0,0.0,20.56,0.0,6484.0,5537.37,True,False,0.0,77503.14,-0.0089,0.924,0.11186
2026-08-24T07:09:15Z,BIOUSDT,COOLING,NONE,0.0,0.0,0.0,3.43,0.0,4350.53,2962.97,True,False,0.0,77503.14,-0.0089,2.05,0.0292
2026-08-24T07:09:18Z,RWAINCUSDT,IMPULSE,NONE,0.0,0.0,0.0,42.66,0.0,190.68,1433.91,True,False,0.0,77503.14,-0.0089,0.958,0.002097
2026-08-24T07:09:51Z,XRPUSDT,COOLING,SELL,19.13,0.0,19.13,2.02,0.0,102407.67,78721.14,True,False,-0.0404,77522.43,0.0249,0.938,1.4823
2026-08-24T07:09:54Z,HBARUSDT,COOLING,NONE,0.0,0.0,0.0,1.25,0.0,25252.37,23147.73,True,False,0.0,77522.43,0.0249,1.014,0.07978
2026-08-24T07:09:56Z,REDUSDT,COOLING,SELL,65.89,0.0,65.89,12.49,-9.8,6189.34,5475.55,True,True,-0.0491,77522.43,0.0249,0.966,0.1122
2026-08-24T07:09:59Z,BIOUSDT,COOLING,NONE,0.0,0.0,0.0,3.42,0.0,1506.47,4379.57,True,False,0.0,77522.43,0.0249,0.959,0.0292
2026-08-24T07:10:01Z,RWAINCUSDT,IMPULSE,NONE,0.0,0.0,0.0,42.66,0.0,190.68,1433.91,True,False,0.0,77522.43,0.0249,0.929,0.002097
2026-08-24T07:11:00Z,XRPUSDT,COOLING,BUY,12.6,22.4,22.4,2.68,2.01,78924.0,48322.64,True,False,0.0436,77595.82,0.0947,1.971,1.4883
2026-08-24T07:11:03Z,HBARUSDT,COOLING,SELL,41.91,0.0,41.91,1.25,0.0,10451.36,6651.11,True,False,0.0,77595.82,0.0947,0.982,0.07995
2026-08-24T07:11:06Z,REDUSDT,COOLING,NONE,0.0,0.0,0.0,20.51,0.0,4833.27,5496.86,True,False,0.0,77595.82,0.0947,0.992,0.11216
2026-08-24T07:11:11Z,BIOUSDT,COOLING,NONE,0.0,0.0,0.0,3.41,0.0,1978.52,2970.57,True,False,0.0,77595.82,0.0947,2.073,0.02927
2026-08-24T07:11:13Z,RWAINCUSDT,IMPULSE,NONE,0.0,0.0,0.0,42.66,0.0,190.68,1433.91,True,False,0.0,77595.82,0.0947,1.059,0.002097
2026-08-24T07:11:47Z,XRPUSDT,COOLING,SELL,38.49,0.0,38.49,5.36,1.34,61831.58,23958.33,True,False,0.0268,77587.83,-0.0103,0.954,1.4931
2026-08-24T07:11:50Z,HBARUSDT,COOLING,BUY,0.0,0.01,0.01,2.49,-1.25,25704.41,24241.0,True,False,-0.0062,77587.83,-0.0103,0.967,0.08017
2026-08-24T07:11:53Z,REDUSDT,COOLING,NONE,0.0,0.0,0.0,13.37,0.0,6837.43,5496.86,True,False,0.0,77587.83,-0.0103,1.955,0.11214
2026-08-24T07:11:55Z,BIOUSDT,COOLING,BUY,0.0,1.4,1.4,6.81,3.4,1667.52,3906.32,True,False,0.017,77587.83,-0.0103,0.955,0.02939
2026-08-24T07:11:57Z,RWAINCUSDT,IMPULSE,NONE,0.0,0.0,0.0,42.66,0.0,190.68,1433.91,True,False,0.0,77587.83,-0.0103,1.057,0.002097
2026-08-24T07:12:30Z,XRPUSDT,COOLING,BUY,0.0,17.76,17.76,2.0,-4.68,24502.09,28875.77,True,False,0.0234,77750.0,0.209,0.956,1.4975
2026-08-24T07:12:31Z,HBARUSDT,COOLING,NONE,0.0,0.0,0.0,1.25,-1.25,9784.66,9843.84,True,False,0.0062,77750.0,0.209,0.945,0.08032
2026-08-24T07:12:33Z,REDUSDT,COOLING,SELL,8.62,0.0,8.62,21.39,0.0,6663.43,4621.73,True,False,0.0,77750.0,0.209,0.97,0.1121
2026-08-24T07:12:35Z,BIOUSDT,COOLING,NONE,0.0,0.0,0.0,13.58,3.39,2708.44,1548.86,True,False,0.017,77750.0,0.209,1.018,0.02939
2026-08-24T07:12:37Z,RWAINCUSDT,IMPULSE,NONE,0.0,0.0,0.0,42.66,0.0,190.68,1433.91,True,False,0.0,77750.0,0.209,0.936,0.002097
2026-08-24T07:13:35Z,XRPUSDT,COOLING,SELL,5.52,0.0,5.52,1.33,-1.33,204278.03,66098.1,True,False,-0.0133,77745.28,-0.0061,0.969,1.501
2026-08-24T07:13:39Z,REDUSDT,COOLING,NONE,0.0,0.0,0.0,12.46,0.0,6561.85,4588.41,True,False,0.0,77745.28,-0.0061,1.968,0.11236
2026-08-24T07:13:41Z,BIOUSDT,COOLING,BUY,0.0,31.93,31.93,3.39,-3.39,1279.37,4135.52,True,False,-0.0509,77745.28,-0.0061,0.959,0.02945
2026-08-24T07:13:43Z,RWAINCUSDT,IMPULSE,NONE,0.0,0.0,0.0,42.66,0.0,190.68,1433.91,True,False,0.0,77745.28,-0.0061,1.03,0.002097
2026-08-24T07:13:47Z,EDELUSDT,COOLING,NONE,0.0,0.0,0.0,11.42,0.0,884.28,823.65,True,False,0.0,77745.28,-0.0061,2.442,0.00875
2026-08-24T07:14:21Z,XRPUSDT,COOLING,BUY,0.0,2.57,2.57,2.0,0.67,69131.62,82538.39,True,False,-0.01,77740.16,-0.0066,1.13,1.4974
2026-08-24T07:14:24Z,REDUSDT,COOLING,NONE,0.0,0.0,0.0,16.02,0.0,4867.08,5644.37,True,False,0.0,77740.16,-0.0066,0.966,0.11241
2026-08-24T07:14:29Z,BIOUSDT,COOLING,NONE,0.0,0.0,0.0,6.79,0.0,1368.22,4706.6,True,False,0.0,77740.16,-0.0066,0.998,0.02947
2026-08-24T07:14:31Z,RWAINCUSDT,IMPULSE,NONE,0.0,0.0,0.0,42.66,0.0,190.68,1433.91,True,False,0.0,77740.16,-0.0066,1.025,0.002097
2026-08-24T07:14:33Z,EDELUSDT,COOLING,NONE,0.0,0.0,0.0,22.83,0.0,884.3,823.65,True,False,0.0,77740.16,-0.0066,0.942,0.00876
2026-08-24T07:15:03Z,XRPUSDT,COOLING,NONE,0.0,0.0,0.0,1.34,0.0,91169.09,87846.88,True,False,0.0,77749.88,0.0125,0.931,1.497
2026-08-24T07:15:06Z,REDUSDT,COOLING,NONE,0.0,0.0,0.0,13.35,0.0,2369.13,1452.45,True,False,0.0,77749.88,0.0125,1.001,0.11233
2026-08-24T07:15:08Z,BIOUSDT,COOLING,NONE,0.0,0.0,0.0,6.79,0.0,3122.59,1776.84,True,False,0.0,77749.88,0.0125,0.974,0.02946
2026-08-24T07:15:11Z,RWAINCUSDT,IMPULSE,NONE,0.0,0.0,0.0,42.66,0.0,190.68,1433.91,True,False,0.0,77749.88,0.0125,0.973,0.002097
2026-08-24T07:15:13Z,EDELUSDT,COOLING,NONE,0.0,0.0,0.0,22.83,0.0,884.29,823.65,True,False,0.0,77749.88,0.0125,1.012,0.00876
2026-08-24T07:16:12Z,XRPUSDT,COOLING,SELL,36.94,0.0,36.94,1.34,0.0,68712.52,119451.95,True,False,0.0,77675.9,-0.0952,0.938,1.4952
2026-08-24T07:16:13Z,REDUSDT,COOLING,NONE,0.0,0.0,0.0,12.51,0.0,6959.87,3531.76,True,False,0.0,77675.9,-0.0952,0.96,0.11208
2026-08-24T07:16:16Z,BIOUSDT,COOLING,NONE,0.0,0.0,0.0,3.4,0.0,3370.17,3445.03,True,False,0.0,77675.9,-0.0952,2.031,0.0294
2026-08-24T07:16:20Z,RWAINCUSDT,IMPULSE,NONE,0.0,0.0,0.0,42.66,0.0,190.68,1433.91,True,False,0.0,77675.9,-0.0952,1.974,0.002097
2026-08-24T07:16:22Z,EDELUSDT,COOLING,NONE,0.0,0.0,0.0,22.83,0.0,884.3,796.19,True,False,0.0,77675.9,-0.0952,0.958,0.00875
2026-08-24T07:16:54Z,XRPUSDT,COOLING,SELL,34.57,0.0,34.57,2.0,-0.67,45640.63,60691.43,True,False,0.0234,77660.04,-0.0204,1.006,1.4961
2026-08-24T07:16:56Z,REDUSDT,COOLING,NONE,0.0,0.0,0.0,12.51,0.0,6959.87,1745.23,True,False,0.0,77660.04,-0.0204,0.911,0.11192
2026-08-24T07:16:58Z,BIOUSDT,COOLING,BUY,0.0,63.25,63.25,3.41,0.0,3019.06,3867.01,True,False,0.0,77660.04,-0.0204,0.982,0.02933
2026-08-24T07:17:02Z,RWAINCUSDT,IMPULSE,NONE,0.0,0.0,0.0,42.66,0.0,190.68,1433.91,True,False,0.0,77660.04,-0.0204,2.061,0.002097
2026-08-24T07:17:05Z,EDELUSDT,COOLING,NONE,0.0,0.0,0.0,90.91,0.0,884.3,796.19,True,False,0.0,77660.04,-0.0204,1.216,0.00875
2026-08-24T07:17:35Z,XRPUSDT,COOLING,NONE,0.0,0.0,0.0,1.34,0.67,47416.32,47398.53,True,False,-0.0234,77658.88,-0.0015,0.987,1.4975
2026-08-24T07:17:38Z,REDUSDT,COOLING,BUY,0.0,30.23,30.23,21.43,0.0,6826.82,3270.92,True,False,0.0,77658.88,-0.0015,1.928,0.112
2026-08-24T07:17:42Z,BIOUSDT,COOLING,NONE,0.0,0.0,0.0,3.41,0.0,2482.53,2816.58,True,False,0.0,77658.88,-0.0015,2.428,0.02935
2026-08-24T07:17:45Z,RWAINCUSDT,IMPULSE,NONE,0.0,0.0,0.0,42.66,0.0,190.68,1433.91,True,False,0.0,77658.88,-0.0015,0.922,0.002097
2026-08-24T07:17:48Z,EDELUSDT,COOLING,SELL,0.0,0.0,0.0,68.26,11.41,884.29,796.19,True,False,-0.0569,77658.88,-0.0015,0.986,0.00875
2026-08-24T07:18:42Z,XRPUSDT,COOLING,SELL,50.61,19.85,50.61,2.68,0.67,51268.23,93182.41,True,True,0.0302,77587.3,-0.0922,0.982,1.4916
2026-08-24T07:18:44Z,REDUSDT,COOLING,NONE,0.0,0.0,0.0,21.43,0.0,6826.82,1365.12,True,False,0.0,77587.3,-0.0922,0.957,0.11206
2026-08-24T07:18:47Z,BIOUSDT,COOLING,NONE,0.0,0.0,0.0,3.41,0.0,2859.89,2116.62,True,False,0.0,77587.3,-0.0922,2.186,0.02934
2026-08-24T07:18:50Z,RWAINCUSDT,IMPULSE,NONE,0.0,0.0,0.0,42.66,0.0,190.68,1433.91,True,False,0.0,77587.3,-0.0922,1.949,0.002097
2026-08-24T07:18:53Z,EDELUSDT,COOLING,NONE,0.0,0.0,0.0,22.81,0.0,960.28,780.26,True,False,0.0,77587.3,-0.0922,0.929,0.00875
2026-08-24T07:19:24Z,XRPUSDT,COOLING,BUY,0.0,34.9,34.9,2.01,-1.34,47757.06,87546.96,True,True,-0.0134,77645.58,0.0751,1.054,1.4932
2026-08-24T07:19:27Z,REDUSDT,COOLING,NONE,0.0,0.0,0.0,21.43,0.0,6826.82,1365.12,True,False,0.0,77645.58,0.0751,1.964,0.11206
2026-08-24T07:19:29Z,BIOUSDT,COOLING,NONE,0.0,0.0,0.0,6.81,3.4,1848.98,4288.38,True,False,-0.017,77645.58,0.0751,1.008,0.02938
2026-08-24T07:19:32Z,RWAINCUSDT,IMPULSE,NONE,0.0,0.0,0.0,42.66,0.0,190.68,1433.91,True,False,0.0,77645.58,0.0751,0.997,0.002097
2026-08-24T07:19:35Z,EDELUSDT,COOLING,NONE,0.0,0.0,0.0,45.61,0.0,1019.38,780.26,True,False,0.0,77645.58,0.0751,1.001,0.00877
2026-08-24T07:20:07Z,XRPUSDT,COOLING,BUY,9.56,11.78,11.78,1.34,0.67,63428.75,106078.29,True,False,-0.0369,77645.7,0.0002,2.007,1.4923
2026-08-24T07:20:09Z,REDUSDT,COOLING,NONE,0.0,0.0,0.0,9.78,0.0,6404.47,1484.93,True,False,0.0,77645.7,0.0002,1.041,0.11193
2026-08-24T07:20:11Z,BIOUSDT,COOLING,SELL,7.37,0.0,7.37,3.4,-3.4,2187.35,3131.06,True,False,0.017,77645.7,0.0002,1.955,0.02938
2026-08-24T07:20:14Z,RWAINCUSDT,IMPULSE,NONE,0.0,0.0,0.0,42.66,0.0,190.68,1433.91,True,False,0.0,77645.7,0.0002,1.971,0.002097
2026-08-24T07:20:16Z,EDELUSDT,COOLING,SELL,8.92,0.0,8.92,34.23,0.0,943.45,780.26,True,False,0.0,77645.7,0.0002,0.947,0.00877
2026-08-24T07:21:11Z,XRPUSDT,COOLING,NONE,0.0,0.0,0.0,3.36,1.34,54670.66,81914.56,True,False,0.0201,77587.2,-0.0753,1.039,1.4899
2026-08-24T07:21:14Z,REDUSDT,COOLING,NONE,0.0,0.0,0.0,11.51,0.0,7305.86,4927.05,True,False,0.0,77587.2,-0.0753,1.95,0.1123
2026-08-24T07:21:15Z,BIOUSDT,COOLING,SELL,57.63,0.0,57.63,3.41,0.0,4264.72,3443.77,True,False,0.0,77587.2,-0.0753,0.984,0.02938
2026-08-24T07:21:17Z,RWAINCUSDT,IMPULSE,NONE,0.0,0.0,0.0,42.66,0.0,190.68,1433.91,True,False,0.0,77587.2,-0.0753,1.002,0.002097
2026-08-24T07:21:19Z,EDELUSDT,COOLING,NONE,0.0,0.0,0.0,22.83,0.0,718.53,796.18,True,False,0.0,77587.2,-0.0753,0.931,0.00876
2026-08-24T07:21:53Z,XRPUSDT,COOLING,BUY,0.0,15.5,15.5,2.01,0.0,55848.06,108430.65,True,False,-0.0067,77587.62,0.0005,0.943,1.4904
2026-08-24T07:21:55Z,REDUSDT,COOLING,BUY,0.0,0.06,0.06,9.75,-1.76,7233.93,5054.64,True,False,-0.0885,77587.62,0.0005,1.003,0.11298
2026-08-24T07:21:58Z,BIOUSDT,COOLING,SELL,0.02,0.0,0.02,6.81,3.41,2320.81,2534.94,True,False,-0.017,77587.62,0.0005,2.08,0.02934
2026-08-24T07:22:00Z,RWAINCUSDT,IMPULSE,NONE,0.0,0.0,0.0,42.66,0.0,190.68,1433.91,True,False,0.0,77587.62,0.0005,0.995,0.002097
2026-08-24T07:22:03Z,EDELUSDT,COOLING,NONE,0.0,0.0,0.0,11.41,0.0,884.29,796.18,True,False,0.0,77587.62,0.0005,0.932,0.00877
2026-08-24T07:22:36Z,XRPUSDT,COOLING,NONE,0.0,0.0,0.0,2.01,0.0,59549.37,70488.67,True,False,-0.0134,77588.39,0.001,1.99,1.4902
2026-08-24T07:22:41Z,REDUSDT,COOLING,NONE,0.0,0.0,0.0,22.17,-7.99,5744.17,5383.51,True,False,0.0399,77588.39,0.001,4.515,0.11286
2026-08-24T07:22:43Z,BIOUSDT,COOLING,NONE,0.0,0.0,0.0,3.41,0.0,2320.81,2948.87,True,False,-0.0341,77588.39,0.001,1.072,0.02937
2026-08-24T07:22:45Z,RWAINCUSDT,IMPULSE,NONE,0.0,0.0,0.0,42.66,0.0,190.68,1433.91,True,False,0.0,77588.39,0.001,0.998,0.002097
2026-08-24T07:22:47Z,EDELUSDT,COOLING,NONE,0.0,0.0,0.0,22.83,0.0,1006.92,796.19,True,False,0.0,77588.39,0.001,1.037,0.00876
2026-08-24T07:23:47Z,XRPUSDT,COOLING,NONE,0.0,0.0,0.0,0.67,0.0,75379.94,66308.5,True,False,0.0,77590.0,0.0021,2.021,1.4887
2026-08-24T07:23:50Z,REDUSDT,COOLING,NONE,0.0,0.0,0.0,9.75,0.0,5805.82,5169.96,True,False,0.0,77590.0,0.0021,2.018,0.11269
2026-08-24T07:23:54Z,BIOUSDT,COOLING,NONE,0.0,0.0,0.0,3.4,0.0,1880.75,2947.68,True,False,0.0,77590.0,0.0021,2.041,0.02935
2026-08-24T07:23:58Z,RWAINCUSDT,IMPULSE,NONE,0.0,0.0,0.0,42.66,0.0,190.68,1433.91,True,False,0.0,77590.0,0.0021,1.975,0.002097
2026-08-24T07:24:00Z,EDELUSDT,COOLING,NONE,0.0,0.0,0.0,22.83,0.0,1006.92,796.19,True,False,0.0,77590.0,0.0021,1.018,0.00876
2026-08-24T07:24:33Z,XRPUSDT,COOLING,NONE,0.0,0.0,0.0,1.34,-1.34,58924.79,81333.14,True,False,-0.0268,77641.54,0.0664,1.979,1.4922
2026-08-24T07:24:35Z,REDUSDT,COOLING,NONE,0.0,0.0,0.0,9.71,0.0,7517.46,2937.98,True,False,0.0,77641.54,0.0664,0.962,0.11308
2026-08-24T07:24:38Z,BIOUSDT,COOLING,NONE,0.0,0.0,0.0,3.4,0.0,2154.52,3903.84,True,False,0.0,77641.54,0.0664,1.012,0.02942
2026-08-24T07:24:41Z,RWAINCUSDT,IMPULSE,NONE,0.0,0.0,0.0,42.66,0.0,190.68,1433.91,True,False,0.0,77641.54,0.0664,1.127,0.002097
2026-08-24T07:24:43Z,EDELUSDT,COOLING,NONE,0.0,0.0,0.0,11.41,0.0,884.32,796.19,True,False,0.0,77641.54,0.0664,0.949,0.00876
2026-08-24T07:25:14Z,XRPUSDT,COOLING,BUY,8.7,9.62,9.62,2.01,0.0,101608.68,80973.83,True,False,-0.0268,77650.0,0.0109,1.096,1.491
2026-08-24T07:25:17Z,REDUSDT,COOLING,NONE,0.0,0.0,0.0,19.42,0.0,6335.23,5181.33,True,False,0.0,77650.0,0.0109,0.946,0.11326
2026-08-24T07:25:19Z,BIOUSDT,COOLING,NONE,0.0,0.0,0.0,3.4,0.0,2294.13,3270.47,True,False,0.0,77650.0,0.0109,0.958,0.02938
2026-08-24T07:25:21Z,RWAINCUSDT,IMPULSE,NONE,0.0,0.0,0.0,42.66,0.0,190.68,1433.91,True,False,0.0,77650.0,0.0109,0.949,0.002097
2026-08-24T07:25:22Z,EDELUSDT,COOLING,NONE,0.0,0.0,0.0,22.83,0.0,1006.94,796.19,True,False,0.0,77650.0,0.0109,0.958,0.00876
2026-08-24T07:26:18Z,XRPUSDT,COOLING,NONE,0.0,0.0,0.0,2.01,0.0,92309.28,70811.54,True,False,0.0,77651.71,0.0022,0.952,1.4909
2026-08-24T07:26:20Z,REDUSDT,COOLING,NONE,0.0,0.0,0.0,13.2,0.0,6103.16,4741.91,True,False,0.0,77651.71,0.0022,1.037,0.1136
2026-08-24T07:26:24Z,BIOUSDT,COOLING,BUY,0.0,9.83,9.83,3.4,0.0,2894.86,3580.51,True,False,0.0,77651.71,0.0022,2.035,0.02942
2026-08-24T07:26:26Z,RWAINCUSDT,IMPULSE,NONE,0.0,0.0,0.0,42.66,0.0,190.68,1433.91,True,False,0.0,77651.71,0.0022,0.976,0.002097
2026-08-24T07:26:29Z,EDELUSDT,COOLING,NONE,0.0,0.0,0.0,45.71,0.0,931.13,823.65,True,False,0.0,77651.71,0.0022,1.035,0.00875
2026-08-24T07:27:02Z,XRPUSDT,COOLING,SELL,24.1,0.0,24.1,3.36,2.01,148754.83,54910.93,True,False,-0.0168,77620.0,-0.0408,1.944,1.4897
2026-08-24T07:27:04Z,REDUSDT,COOLING,NONE,0.0,0.0,0.0,23.66,0.0,6493.9,5825.78,True,False,0.0,77620.0,-0.0408,0.976,0.11405
2026-08-24T07:27:06Z,BIOUSDT,COOLING,NONE,0.0,0.0,0.0,3.4,0.0,3197.57,4318.54,True,False,0.0,77620.0,-0.0408,0.979,0.02942
2026-08-24T07:27:08Z,RWAINCUSDT,IMPULSE,NONE,0.0,0.0,0.0,42.66,0.0,190.68,1433.91,True,False,0.0,77620.0,-0.0408,0.992,0.002097
2026-08-24T07:27:12Z,EDELUSDT,COOLING,SELL,12.25,0.0,12.25,45.82,0.1,883.11,823.65,True,False,-0.2286,77620.0,-0.0408,1.944,0.00877
2026-08-24T07:27:48Z,XRPUSDT,COOLING,SELL,27.24,0.0,27.24,0.67,0.0,110205.79,90147.89,True,False,0.0,77587.56,-0.0418,0.943,1.4885
2026-08-24T07:27:50Z,REDUSDT,COOLING,NONE,0.0,0.0,0.0,22.76,0.0,4697.02,2925.86,True,False,0.0,77587.56,-0.0418,0.947,0.11413
2026-08-24T07:27:52Z,BIOUSDT,COOLING,SELL,51.65,0.0,51.65,3.4,0.0,3134.3,3597.73,True,True,0.0,77587.56,-0.0418,1.052,0.02941
2026-08-24T07:27:54Z,RWAINCUSDT,IMPULSE,NONE,0.0,0.0,0.0,42.66,0.0,190.68,1433.91,True,False,0.0,77587.56,-0.0418,1.097,0.002097
2026-08-24T07:27:57Z,EDELUSDT,COOLING,NONE,0.0,0.0,0.0,68.81,-11.51,672.73,823.65,True,False,0.0574,77587.56,-0.0418,0.984,0.0087
2026-08-24T07:28:56Z,XRPUSDT,COOLING,NONE,0.0,0.0,0.0,2.02,1.34,26041.82,23828.8,True,False,0.0202,77550.01,-0.0484,1.988,1.4872
2026-08-24T07:28:59Z,REDUSDT,COOLING,NONE,0.0,0.0,0.0,14.88,0.0,7513.26,5661.16,True,False,0.0,77550.01,-0.0484,1.033,0.11429
2026-08-24T07:29:00Z,BIOUSDT,COOLING,NONE,0.0,0.0,0.0,6.81,0.0,2865.29,3301.75,True,False,0.0,77550.01,-0.0484,0.956,0.02939
2026-08-24T07:29:03Z,RWAINCUSDT,IMPULSE,NONE,0.0,0.0,0.0,42.66,0.0,190.68,1433.91,True,False,0.0,77550.01,-0.0484,0.993,0.002097
2026-08-24T07:29:06Z,EDELUSDT,COOLING,NONE,0.0,0.0,0.0,34.38,0.0,672.76,780.26,True,False,0.0,77550.01,-0.0484,1.943,0.00871
2026-08-24T07:29:38Z,XRPUSDT,COOLING,SELL,13.04,2.75,13.04,2.01,0.0,96920.55,63574.64,True,False,-0.0067,77583.58,0.0433,1.928,1.4889
2026-08-24T07:29:40Z,REDUSDT,COOLING,NONE,0.0,0.0,0.0,14.88,0.0,7513.26,5483.71,True,False,0.0,77583.58,0.0433,0.978,0.11423
2026-08-24T07:29:42Z,BIOUSDT,COOLING,NONE,0.0,0.0,0.0,3.4,0.0,2146.4,2142.1,True,False,0.0,77583.58,0.0433,1.002,0.02938
2026-08-24T07:29:44Z,RWAINCUSDT,IMPULSE,NONE,0.0,0.0,0.0,42.66,0.0,190.68,1433.91,True,False,0.0,77583.58,0.0433,0.917,0.002097
2026-08-24T07:29:46Z,EDELUSDT,COOLING,NONE,0.0,0.0,0.0,11.44,0.0,629.25,780.26,True,False,0.0,77583.58,0.0433,0.953,0.00867
2026-08-24T07:30:16Z,XRPUSDT,COOLING,NONE,0.0,0.0,0.0,0.67,0.0,77840.48,56445.46,True,False,0.0,77586.25,0.0034,0.964,1.488
2026-08-24T07:30:19Z,REDUSDT,COOLING,NONE,0.0,0.0,0.0,18.47,-2.62,4807.92,1457.0,True,False,-0.0923,77586.25,0.0034,0.94,0.114
2026-08-24T07:30:21Z,BIOUSDT,COOLING,NONE,0.0,0.0,0.0,3.4,0.0,1733.12,3650.65,True,False,0.0,77586.25,0.0034,0.989,0.02942
2026-08-24T07:30:23Z,RWAINCUSDT,IMPULSE,NONE,0.0,0.0,0.0,42.66,0.0,190.68,1433.91,True,False,0.0,77586.25,0.0034,0.906,0.002097
2026-08-24T07:30:24Z,EDELUSDT,COOLING,NONE,0.0,0.0,0.0,34.31,0.0,672.71,780.26,True,False,0.0,77586.25,0.0034,1.034,0.00867
2026-08-24T07:31:26Z,XRPUSDT,COOLING,SELL,54.76,0.0,54.76,4.05,3.37,76249.95,40833.58,True,True,0.0303,77486.6,-0.1284,1.01,1.4824
2026-08-24T07:31:27Z,REDUSDT,COOLING,NONE,0.0,0.0,0.0,19.38,6.16,4759.52,5487.77,True,False,0.0308,77486.6,-0.1284,0.983,0.11392
2026-08-24T07:31:29Z,BIOUSDT,COOLING,NONE,0.0,0.0,0.0,13.6,10.2,2859.98,3712.97,True,False,0.051,77486.6,-0.1284,0.988,0.0294
2026-08-24T07:31:31Z,RWAINCUSDT,IMPULSE,NONE,0.0,0.0,0.0,42.66,0.0,190.68,1433.91,True,False,0.0,77486.6,-0.1284,0.993,0.002097
2026-08-24T07:31:33Z,EDELUSDT,COOLING,NONE,0.0,0.0,0.0,34.34,-11.42,1249.29,780.26,True,False,-0.0572,77486.6,-0.1284,0.942,0.00874
2026-08-24T07:32:13Z,XRPUSDT,COOLING,NONE,0.0,0.0,0.0,2.02,1.35,52263.11,50986.59,True,False,0.0135,77483.2,-0.0044,1.915,1.4863
2026-08-24T07:32:15Z,REDUSDT,COOLING,NONE,0.0,0.0,0.0,19.35,0.0,6326.03,1756.2,True,False,0.0,77483.2,-0.0044,0.915,0.11364
2026-08-24T07:32:17Z,BIOUSDT,COOLING,NONE,0.0,0.0,0.0,3.4,0.0,2218.2,3222.63,True,False,0.0,77483.2,-0.0044,1.047,0.02944
2026-08-24T07:32:19Z,RWAINCUSDT,IMPULSE,NONE,0.0,0.0,0.0,42.66,0.0,190.68,1433.91,True,False,0.0,77483.2,-0.0044,0.932,0.002097
2026-08-24T07:32:21Z,EDELUSDT,COOLING,NONE,0.0,0.0,0.0,34.34,0.0,751.68,780.26,True,False,0.0,77483.2,-0.0044,1.066,0.00872
2026-08-24T07:32:51Z,XRPUSDT,COOLING,BUY,0.0,12.98,12.98,1.34,-0.67,63501.0,64095.28,True,False,-0.0302,77483.2,0.0,0.925,1.4884
2026-08-24T07:32:53Z,REDUSDT,COOLING,NONE,0.0,0.0,0.0,21.13,1.78,5121.28,1756.2,True,False,-0.1055,77483.2,0.0,0.908,0.11364
2026-08-24T07:32:55Z,BIOUSDT,COOLING,SELL,1.24,0.0,1.24,3.4,0.0,4642.98,2914.62,True,False,0.0,77483.2,0.0,1.005,0.02948
2026-08-24T07:32:56Z,RWAINCUSDT,IMPULSE,NONE,0.0,0.0,0.0,42.66,0.0,190.68,1433.91,True,False,0.0,77483.2,0.0,0.951,0.002097
2026-08-24T07:32:59Z,EDELUSDT,COOLING,NONE,0.0,0.0,0.0,34.38,11.47,751.68,780.26,True,False,-0.0573,77483.2,0.0,0.955,0.00872
2026-08-24T07:33:54Z,XRPUSDT,COOLING,NONE,0.0,0.0,0.0,2.69,0.0,78407.75,57154.15,True,False,0.0,77491.23,0.0104,0.949,1.4896
2026-08-24T07:34:00Z,REDUSDT,COOLING,NONE,0.0,0.0,0.0,14.05,0.0,5624.37,1874.0,True,False,0.0,77491.23,0.0104,1.679,0.11372
2026-08-24T07:34:03Z,BIOUSDT,COOLING,NONE,0.0,0.0,0.0,3.39,0.0,1961.3,2452.63,True,False,0.0,77491.23,0.0104,0.961,0.02947
2026-08-24T07:34:05Z,RWAINCUSDT,IMPULSE,NONE,0.0,0.0,0.0,42.66,0.0,190.68,1433.91,True,False,0.0,77491.23,0.0104,0.922,0.002097
2026-08-24T07:34:07Z,EDELUSDT,COOLING,NONE,0.0,0.0,0.0,57.18,0.0,941.32,780.26,True,False,0.0,77491.23,0.0104,1.112,0.00872
2026-08-24T07:34:44Z,XRPUSDT,COOLING,NONE,0.0,0.0,0.0,0.67,-0.67,68060.34,77151.2,True,False,-0.0034,77473.16,-0.0233,1.995,1.4868
2026-08-24T07:34:45Z,REDUSDT,COOLING,NONE,0.0,0.0,0.0,11.43,0.0,4794.99,6118.1,True,False,0.0,77473.16,-0.0233,0.971,0.1137
2026-08-24T07:34:47Z,BIOUSDT,COOLING,NONE,0.0,0.0,0.0,3.4,0.0,2076.77,3441.03,True,False,0.0,77473.16,-0.0233,0.912,0.02946
2026-08-24T07:34:49Z,RWAINCUSDT,IMPULSE,NONE,0.0,0.0,0.0,42.66,0.0,190.68,1433.91,True,False,0.0,77473.16,-0.0233,1.217,0.002097
2026-08-24T07:34:51Z,EDELUSDT,COOLING,NONE,0.0,0.0,0.0,57.05,0.0,701.21,780.26,True,False,0.0,77473.16,-0.0233,0.909,0.00877
2026-08-24T07:35:22Z,XRPUSDT,COOLING,SELL,8.33,0.0,8.33,4.04,0.0,127034.34,72070.41,True,False,-0.0067,77471.37,-0.0023,0.99,1.4835
2026-08-24T07:35:24Z,REDUSDT,COOLING,NONE,0.0,0.0,0.0,9.68,0.0,6061.75,6206.37,True,False,0.0,77471.37,-0.0023,0.98,0.11377
2026-08-24T07:35:26Z,BIOUSDT,COOLING,BUY,0.0,39.31,39.31,3.4,0.0,2776.8,2489.19,True,False,-0.034,77471.37,-0.0023,0.991,0.02942
2026-08-24T07:35:28Z,RWAINCUSDT,IMPULSE,NONE,0.0,0.0,0.0,42.66,0.0,190.68,1433.91,True,False,0.0,77471.37,-0.0023,0.966,0.002097
2026-08-24T07:35:31Z,EDELUSDT,COOLING,NONE,0.0,0.0,0.0,34.31,0.0,672.74,780.26,True,False,0.0,77471.37,-0.0023,1.436,0.00874
2026-08-24T07:36:27Z,XRPUSDT,COOLING,SELL,13.88,0.0,13.88,2.02,-0.67,137168.14,77754.33,True,False,-0.0034,77480.86,0.0122,0.96,1.4828
2026-08-24T07:36:30Z,REDUSDT,COOLING,SELL,8.53,0.0,8.53,21.13,11.45,6061.75,5646.59,True,False,-0.0572,77480.86,0.0122,1.018,0.11372
2026-08-24T07:36:32Z,BIOUSDT,COOLING,NONE,0.0,0.0,0.0,3.41,-3.41,4028.83,4288.85,True,False,0.017,77480.86,0.0122,0.946,0.02935
2026-08-24T07:36:34Z,RWAINCUSDT,IMPULSE,NONE,0.0,0.0,0.0,71.21,0.0,190.68,1433.91,True,False,0.0,77480.86,0.0122,0.908,0.002097
2026-08-24T07:36:36Z,EDELUSDT,COOLING,NONE,0.0,0.0,0.0,22.91,0.0,717.47,780.26,True,False,0.0,77480.86,0.0122,1.015,0.00871
2026-08-24T07:37:08Z,XRPUSDT,COOLING,NONE,0.0,0.0,0.0,2.02,-0.67,62085.87,72491.08,True,False,-0.0034,77474.25,-0.0085,0.929,1.482
2026-08-24T07:37:10Z,REDUSDT,COOLING,NONE,0.0,0.0,0.0,21.13,0.0,5905.12,5854.15,True,False,0.0,77474.25,-0.0085,1.118,0.11366
2026-08-24T07:37:12Z,BIOUSDT,COOLING,NONE,0.0,0.0,0.0,6.82,0.0,3867.86,5020.29,True,False,0.0,77474.25,-0.0085,0.976,0.02932
2026-08-24T07:37:15Z,RWAINCUSDT,IMPULSE,NONE,0.0,0.0,0.0,71.21,0.0,190.68,1433.91,True,False,0.0,77474.25,-0.0085,1.942,0.002097
2026-08-24T07:37:17Z,EDELUSDT,COOLING,NONE,0.0,0.0,0.0,22.81,0.0,1314.63,780.26,True,False,0.0,77474.25,-0.0085,0.993,0.00882
2026-08-24T07:37:52Z,XRPUSDT,COOLING,BUY,0.0,46.92,46.92,3.38,2.03,79161.87,75423.6,True,True,-0.0371,77469.68,-0.0059,0.988,1.4817
2026-08-24T07:37:55Z,REDUSDT,COOLING,NONE,0.0,0.0,0.0,13.22,0.0,5905.12,5816.11,True,False,0.0,77469.68,-0.0059,0.942,0.11352
2026-08-24T07:37:57Z,BIOUSDT,COOLING,NONE,0.0,0.0,0.0,6.83,0.0,3076.79,1802.49,True,False,0.0,77469.68,-0.0059,0.973,0.02932
2026-08-24T07:38:00Z,RWAINCUSDT,IMPULSE,NONE,0.0,0.0,0.0,66.45,0.0,190.68,1433.91,True,False,0.0,77469.68,-0.0059,0.967,0.002097
2026-08-24T07:38:02Z,EDELUSDT,COOLING,NONE,0.0,0.0,0.0,34.31,0.0,751.62,780.26,True,False,0.0,77469.68,-0.0059,1.035,0.00875
2026-08-24T07:39:03Z,XRPUSDT,COOLING,BUY,0.0,0.21,0.21,2.02,0.0,106357.68,84996.4,True,False,0.0,77456.75,-0.0167,1.027,1.4836
2026-08-24T07:39:07Z,REDUSDT,COOLING,BUY,0.0,12.22,12.22,19.35,9.67,6035.93,5648.22,True,False,0.0484,77456.75,-0.0167,0.963,0.11378
2026-08-24T07:39:10Z,BIOUSDT,COOLING,NONE,0.0,0.0,0.0,3.41,-3.41,4185.64,2109.1,True,False,0.0171,77456.75,-0.0167,2.033,0.02929
2026-08-24T07:39:12Z,RWAINCUSDT,IMPULSE,NONE,0.0,0.0,0.0,42.32,0.0,1393.13,1430.05,True,False,0.0,77456.75,-0.0167,1.146,0.00212
2026-08-24T07:39:14Z,EDELUSDT,COOLING,SELL,7.61,0.0,7.61,68.65,45.79,979.36,823.66,True,False,-0.1143,77456.75,-0.0167,1.013,0.00873
2026-08-24T07:39:46Z,XRPUSDT,COOLING,BUY,24.84,28.55,28.55,0.67,-0.67,129980.6,129496.63,True,False,-0.0101,77446.04,-0.0138,1.066,1.4827
2026-08-24T07:39:48Z,REDUSDT,COOLING,BUY,0.0,46.64,46.64,11.45,-1.77,4875.98,5636.21,True,True,0.0705,77446.04,-0.0138,1.045,0.11371
2026-08-24T07:39:51Z,BIOUSDT,COOLING,NONE,0.0,0.0,0.0,6.82,0.0,2068.5,2861.49,True,False,0.0,77446.04,-0.0138,1.772,0.02929
2026-08-24T07:39:53Z,RWAINCUSDT,IMPULSE,NONE,0.0,0.0,0.0,42.32,0.0,1393.13,1430.05,True,False,0.0,77446.04,-0.0138,0.973,0.00212
2026-08-24T07:39:56Z,EDELUSDT,COOLING,NONE,0.0,0.0,0.0,57.18,22.91,903.89,823.66,True,False,-0.1142,77446.04,-0.0138,0.997,0.00873
2026-08-24T07:40:28Z,XRPUSDT,COOLING,NONE,0.0,0.0,0.0,1.35,0.67,88867.77,104150.38,True,False,-0.0034,77455.63,0.0124,1.028,1.4821
2026-08-24T07:40:30Z,REDUSDT,COOLING,NONE,0.0,0.0,0.0,21.13,0.0,7212.31,5057.15,True,False,0.0,77455.63,0.0124,1.033,0.11369
2026-08-24T07:40:32Z,BIOUSDT,COOLING,NONE,0.0,0.0,0.0,6.82,0.0,2759.03,2796.35,True,False,0.0,77455.63,0.0124,1.022,0.02932
2026-08-24T07:40:35Z,RWAINCUSDT,IMPULSE,NONE,0.0,0.0,0.0,42.32,0.0,1373.88,1405.44,True,False,0.0,77455.63,0.0124,0.949,0.00212
2026-08-24T07:40:37Z,EDELUSDT,COOLING,NONE,0.0,0.0,0.0,22.88,0.0,672.77,780.26,True,False,0.0,77455.63,0.0124,1.045,0.00873
2026-08-24T07:41:33Z,XRPUSDT,COOLING,SELL,17.4,0.0,17.4,2.03,-0.68,90820.54,55913.77,True,True,-0.0034,77400.69,-0.0709,0.949,1.4795
2026-08-24T07:41:36Z,REDUSDT,COOLING,NONE,0.0,0.0,0.0,11.45,0.0,4983.13,1310.74,True,False,0.0,77400.69,-0.0709,1.139,0.11355
2026-08-24T07:41:40Z,BIOUSDT,COOLING,BUY,0.0,0.02,0.02,3.41,-3.41,1909.25,2552.76,True,False,-0.0511,77400.69,-0.0709,2.077,0.02932
2026-08-24T07:41:43Z,RWAINCUSDT,IMPULSE,NONE,0.0,0.0,0.0,42.32,0.0,1373.88,1405.44,True,False,0.0,77400.69,-0.0709,1.067,0.00212
2026-08-24T07:41:47Z,EDELUSDT,COOLING,NONE,0.0,0.0,0.0,22.91,0.0,1016.96,780.26,True,False,0.0,77400.69,-0.0709,1.034,0.00874
2026-08-24T07:42:20Z,XRPUSDT,COOLING,NONE,0.0,0.0,0.0,2.03,0.68,59784.06,71647.96,True,False,0.0034,77385.95,-0.019,1.055,1.4793
2026-08-24T07:42:22Z,REDUSDT,COOLING,NONE,0.0,0.0,0.0,9.68,0.0,6097.78,1174.81,True,False,0.0,77385.95,-0.019,1.118,0.11355
2026-08-24T07:42:24Z,BIOUSDT,COOLING,NONE,0.0,0.0,0.0,3.41,0.0,3097.64,2380.29,True,False,0.0,77385.95,-0.019,1.143,0.02932
2026-08-24T07:42:26Z,RWAINCUSDT,IMPULSE,BUY,1.09,1.1,1.1,42.32,-42.5,1395.28,1427.41,True,False,0.2121,77385.95,-0.019,1.131,0.00212
2026-08-24T07:42:29Z,EDELUSDT,COOLING,NONE,0.0,0.0,0.0,22.86,0.0,701.17,780.26,True,False,0.0,77385.95,-0.019,1.044,0.00875
2026-08-24T07:43:00Z,XRPUSDT,COOLING,SELL,58.08,51.81,58.08,1.35,-0.68,134360.05,74068.04,True,False,0.0508,77369.51,-0.0212,0.971,1.4768
2026-08-24T07:43:02Z,REDUSDT,COOLING,NONE,0.0,0.0,0.0,19.38,0.0,4998.58,3415.04,True,False,0.0,77369.51,-0.0212,1.026,0.11373
2026-08-24T07:43:04Z,BIOUSDT,COOLING,NONE,0.0,0.0,0.0,3.42,0.0,2979.83,3114.56,True,False,0.0,77369.51,-0.0212,1.071,0.02932
2026-08-24T07:43:06Z,RWAINCUSDT,IMPULSE,NONE,0.0,0.0,0.0,42.32,0.0,1378.04,1409.71,True,False,0.0,77369.51,-0.0212,0.929,0.00212
2026-08-24T07:43:08Z,EDELUSDT,COOLING,NONE,0.0,0.0,0.0,22.86,0.0,776.85,823.66,True,False,0.0,77369.51,-0.0212,1.104,0.00874
2026-08-24T07:44:09Z,XRPUSDT,COOLING,NONE,0.0,0.0,0.0,2.71,-0.68,28131.08,71297.91,True,False,-0.0034,77348.47,-0.0272,1.239,1.4766
2026-08-24T07:44:13Z,REDUSDT,COOLING,NONE,0.0,0.0,0.0,19.38,0.0,4967.97,6102.37,True,False,0.0,77348.47,-0.0272,1.045,0.11348
2026-08-24T07:44:17Z,BIOUSDT,COOLING,NONE,0.0,0.0,0.0,17.14,13.71,2922.16,4358.65,True,False,-0.1027,77348.47,-0.0272,1.933,0.02927
2026-08-24T07:44:20Z,RWAINCUSDT,IMPULSE,NONE,0.0,0.0,0.0,42.32,0.0,1378.04,1409.71,True,False,0.0,77348.47,-0.0272,1.11,0.00212
2026-08-24T07:44:22Z,EDELUSDT,COOLING,NONE,0.0,0.0,0.0,22.86,0.0,751.56,823.66,True,False,0.0,77348.47,-0.0272,1.007,0.00875
2026-08-24T07:44:55Z,XRPUSDT,COOLING,BUY,2.68,7.45,7.45,0.68,-1.35,74265.94,77184.45,True,False,0.0068,77350.65,0.0028,1.901,1.4764
2026-08-24T07:44:56Z,REDUSDT,COOLING,NONE,0.0,0.0,0.0,19.38,0.0,4967.97,6102.37,True,False,0.0,77350.65,0.0028,0.929,0.11347
2026-08-24T07:44:58Z,BIOUSDT,COOLING,NONE,0.0,0.0,0.0,6.85,0.0,3755.88,4654.02,True,False,0.0,77350.65,0.0028,0.971,0.02921
2026-08-24T07:45:01Z,RWAINCUSDT,IMPULSE,NONE,0.0,0.0,0.0,42.32,0.0,1378.04,1409.71,True,False,0.0,77350.65,0.0028,1.022,0.00212
2026-08-24T07:45:03Z,EDELUSDT,COOLING,NONE,0.0,0.0,0.0,56.98,0.0,751.63,823.66,True,False,0.0,77350.65,0.0028,1.068,0.00875
2026-08-24T07:45:34Z,XRPUSDT,COOLING,NONE,0.0,0.0,0.0,2.7,-0.0,73068.66,75962.58,True,False,0.0203,77345.28,-0.0069,0.981,1.4786
2026-08-24T07:45:36Z,REDUSDT,COOLING,NONE,0.0,0.0,0.0,13.22,0.0,5460.83,4841.71,True,False,0.0,77345.28,-0.0069,0.977,0.11352
2026-08-24T07:45:38Z,BIOUSDT,COOLING,NONE,0.0,0.0,0.0,3.42,0.0,2190.2,2071.16,True,False,0.0,77345.28,-0.0069,0.946,0.02921
2026-08-24T07:45:40Z,RWAINCUSDT,IMPULSE,NONE,0.0,0.0,0.0,42.32,0.0,1378.04,1409.71,True,False,0.0,77345.28,-0.0069,0.936,0.00212
2026-08-24T07:45:43Z,EDELUSDT,COOLING,NONE,0.0,0.0,0.0,45.61,0.0,882.1,823.66,True,False,0.0,77345.28,-0.0069,0.963,0.00875
2026-08-24T07:46:43Z,XRPUSDT,COOLING,SELL,5.29,0.0,5.29,2.03,-0.68,122714.79,61173.1,True,False,0.0034,77390.0,0.0578,0.909,1.4788
2026-08-24T07:46:45Z,REDUSDT,COOLING,NONE,0.0,0.0,0.0,19.38,0.0,5446.89,5993.92,True,False,0.0,77390.0,0.0578,0.937,0.11346
2026-08-24T07:46:48Z,BIOUSDT,COOLING,NONE,0.0,0.0,0.0,3.42,0.0,3446.48,4456.82,True,False,0.0,77390.0,0.0578,2.016,0.02928
2026-08-24T07:46:50Z,RWAINCUSDT,IMPULSE,NONE,0.0,0.0,0.0,42.32,0.0,1378.04,1409.71,True,False,0.0,77390.0,0.0578,0.925,0.00212
2026-08-24T07:46:53Z,EDELUSDT,COOLING,NONE,0.0,0.0,0.0,68.26,0.0,1279.92,780.26,True,False,0.0,77390.0,0.0578,1.08,0.00876
2026-08-24T07:47:27Z,XRPUSDT,COOLING,SELL,37.57,0.0,37.57,0.67,-0.0,79702.47,34560.51,True,False,0.0405,77392.86,0.0037,1.053,1.4812
2026-08-24T07:47:29Z,REDUSDT,COOLING,NONE,0.0,0.0,0.0,11.45,0.0,5419.01,5431.2,True,False,0.0,77392.86,0.0037,1.085,0.11344
2026-08-24T07:47:31Z,BIOUSDT,COOLING,NONE,0.0,0.0,0.0,3.41,0.0,2521.57,2257.58,True,False,0.0,77392.86,0.0037,0.971,0.02928
2026-08-24T07:47:34Z,RWAINCUSDT,IMPULSE,NONE,0.0,0.0,0.0,42.32,0.0,1378.04,1409.71,True,False,0.0,77392.86,0.0037,1.038,0.00212
2026-08-24T07:47:37Z,EDELUSDT,COOLING,NONE,0.0,0.0,0.0,45.56,0.0,1220.89,780.26,True,False,0.0,77392.86,0.0037,2.041,0.0088
2026-08-24T07:48:09Z,XRPUSDT,COOLING,NONE,0.0,0.0,0.0,2.02,-0.67,86517.96,97528.3,True,False,-0.0034,77403.63,0.0139,0.989,1.4826
2026-08-24T07:48:10Z,REDUSDT,COOLING,NONE,0.0,0.0,0.0,9.68,0.0,7009.56,5399.55,True,False,0.0,77403.63,0.0139,0.979,0.1136
2026-08-24T07:48:13Z,BIOUSDT,COOLING,NONE,0.0,0.0,0.0,6.82,3.41,1815.17,2806.13,True,False,-0.017,77403.63,0.0139,0.962,0.02932
2026-08-24T07:48:15Z,RWAINCUSDT,IMPULSE,NONE,0.0,0.0,0.0,42.32,0.0,1378.04,1409.71,True,False,0.0,77403.63,0.0139,0.971,0.00212
2026-08-24T07:48:18Z,EDELUSDT,COOLING,NONE,0.0,0.0,0.0,22.81,0.0,1220.73,780.26,True,False,0.0,77403.63,0.0139,0.968,0.00876
2026-08-24T07:49:25Z,XRPUSDT,COOLING,BUY,0.0,31.43,31.43,2.02,-0.0,104268.84,66665.84,True,False,0.0337,77388.8,-0.0192,1.033,1.482
2026-08-24T07:49:27Z,REDUSDT,COOLING,NONE,0.0,0.0,0.0,9.68,0.0,7009.56,5528.86,True,False,0.0,77388.8,-0.0192,0.988,0.11366
2026-08-24T07:49:29Z,BIOUSDT,COOLING,NONE,0.0,0.0,0.0,6.81,0.0,2248.58,4263.34,True,False,0.0,77388.8,-0.0192,0.926,0.02939
2026-08-24T07:49:31Z,RWAINCUSDT,IMPULSE,NONE,0.0,0.0,0.0,42.32,0.0,1378.04,1409.71,True,False,0.0,77388.8,-0.0192,1.176,0.00212
2026-08-24T07:49:34Z,EDELUSDT,COOLING,NONE,0.0,0.0,0.0,22.83,0.0,1387.16,780.26,True,False,0.0,77388.8,-0.0192,1.122,0.00874
2026-08-24T07:50:07Z,XRPUSDT,COOLING,NONE,0.0,0.0,0.0,2.7,1.35,95361.07,63131.59,True,False,0.0135,77375.99,-0.0166,0.949,1.4796
2026-08-24T07:50:09Z,REDUSDT,COOLING,NONE,0.0,0.0,0.0,9.68,0.0,7104.96,5528.86,True,False,0.0,77375.99,-0.0166,1.026,0.11366
2026-08-24T07:50:11Z,BIOUSDT,COOLING,NONE,0.0,0.0,0.0,6.82,3.41,3132.54,2991.12,True,False,-0.0171,77375.99,-0.0166,1.017,0.02937
2026-08-24T07:50:13Z,RWAINCUSDT,IMPULSE,NONE,0.0,0.0,0.0,42.32,0.0,1378.04,1409.71,True,False,0.0,77375.99,-0.0166,1.043,0.00212
2026-08-24T07:50:15Z,EDELUSDT,COOLING,NONE,0.0,0.0,0.0,45.77,0.0,1220.8,780.26,True,False,0.0,77375.99,-0.0166,0.98,0.00872
2026-08-24T07:50:45Z,XRPUSDT,COOLING,SELL,14.7,13.85,14.7,2.7,0.68,90180.96,83345.19,True,False,-0.0101,77378.19,0.0028,0.97,1.4818
2026-08-24T07:50:47Z,REDUSDT,COOLING,NONE,0.0,0.0,0.0,11.45,0.0,5419.03,5420.89,True,False,0.0,77378.19,0.0028,1.933,0.11366
2026-08-24T07:50:49Z,BIOUSDT,COOLING,BUY,0.0,0.48,0.48,3.41,0.0,3542.48,3411.78,True,False,0.0,77378.19,0.0028,0.982,0.02931
2026-08-24T07:50:51Z,RWAINCUSDT,IMPULSE,NONE,0.0,0.0,0.0,42.32,0.0,1378.04,1409.71,True,False,0.0,77378.19,0.0028,0.946,0.00212
2026-08-24T07:50:53Z,EDELUSDT,COOLING,NONE,0.0,0.0,0.0,34.34,0.0,1220.8,780.26,True,False,0.0,77378.19,0.0028,0.935,0.00872
2026-08-24T07:51:47Z,XRPUSDT,COOLING,SELL,9.68,0.0,9.68,2.03,-0.68,105471.41,56548.21,True,False,0.0034,77339.43,-0.0501,0.933,1.4806
2026-08-24T07:51:49Z,REDUSDT,COOLING,NONE,0.0,0.0,0.0,19.35,0.0,6284.63,4568.66,True,False,0.0,77339.43,-0.0501,0.947,0.11365
2026-08-24T07:51:51Z,BIOUSDT,COOLING,NONE,0.0,0.0,0.0,6.81,0.0,2777.83,2583.94,True,False,0.0,77339.43,-0.0501,0.917,0.02934
2026-08-24T07:51:53Z,RWAINCUSDT,IMPULSE,NONE,0.0,0.0,0.0,42.32,0.0,1378.04,1409.71,True,False,0.0,77339.43,-0.0501,0.969,0.00212
2026-08-24T07:51:55Z,EDELUSDT,COOLING,NONE,0.0,0.0,0.0,34.34,0.0,1220.8,780.26,True,False,0.0,77339.43,-0.0501,0.945,0.00872
2026-08-24T07:52:24Z,XRPUSDT,COOLING,NONE,0.0,0.0,0.0,2.03,0.0,82237.9,45007.44,True,False,0.0,77330.89,-0.011,0.944,1.481
2026-08-24T07:52:26Z,REDUSDT,COOLING,NONE,0.0,0.0,0.0,19.35,0.0,6402.75,4688.23,True,False,0.0,77330.89,-0.011,0.97,0.11371
2026-08-24T07:52:29Z,BIOUSDT,COOLING,NONE,0.0,0.0,0.0,6.82,0.0,2776.88,2995.83,True,False,0.0,77330.89,-0.011,2.0,0.02934
2026-08-24T07:52:31Z,RWAINCUSDT,IMPULSE,NONE,0.0,0.0,0.0,42.32,0.0,1378.04,1409.71,True,False,0.0,77330.89,-0.011,0.927,0.00212
2026-08-24T07:52:34Z,EDELUSDT,COOLING,NONE,0.0,0.0,0.0,45.77,0.0,1220.8,780.26,True,False,0.0,77330.89,-0.011,1.982,0.00875
2026-08-24T07:53:03Z,XRPUSDT,COOLING,SELL,22.4,2.73,22.4,2.03,-1.35,74643.74,68738.62,True,True,0.0541,77300.01,-0.0399,1.918,1.4796
2026-08-24T07:53:06Z,REDUSDT,COOLING,NONE,0.0,0.0,0.0,9.68,0.0,6402.75,5291.19,True,False,0.0,77300.01,-0.0399,0.979,0.11369
2026-08-24T07:53:07Z,BIOUSDT,COOLING,NONE,0.0,0.0,0.0,3.41,0.0,2952.43,1706.68,True,False,0.0,77300.01,-0.0399,0.931,0.02934
2026-08-24T07:53:10Z,RWAINCUSDT,IMPULSE,NONE,0.0,0.0,0.0,42.32,0.0,1378.04,1409.71,True,False,0.0,77300.01,-0.0399,1.0,0.00212
2026-08-24T07:53:13Z,EDELUSDT,COOLING,NONE,0.0,0.0,0.0,34.34,0.0,1220.8,780.26,True,False,0.0,77300.01,-0.0399,1.036,0.00872
2026-08-24T07:54:10Z,XRPUSDT,COOLING,BUY,0.0,22.37,22.37,1.35,-0.68,67287.72,107213.13,True,False,0.0575,77313.33,0.0172,2.011,1.4787
2026-08-24T07:54:14Z,REDUSDT,COOLING,BUY,0.0,25.34,25.34,28.06,-0.84,7496.47,4814.84,True,True,-0.1182,77313.33,0.0172,1.977,0.11354
2026-08-24T07:54:17Z,BIOUSDT,COOLING,NONE,0.0,0.0,0.0,3.41,0.0,1651.85,2371.19,True,False,0.0,77313.33,0.0172,0.975,0.02928
2026-08-24T07:54:19Z,RWAINCUSDT,IMPULSE,NONE,0.0,0.0,0.0,42.32,0.0,1378.04,1433.91,True,False,0.0,77313.33,0.0172,1.015,0.00212
2026-08-24T07:54:21Z,EDELUSDT,COOLING,NONE,0.0,0.0,0.0,22.88,0.0,1220.88,780.26,True,False,0.0,77313.33,0.0172,1.033,0.00873
2026-08-24T07:54:51Z,XRPUSDT,COOLING,NONE,0.0,0.0,0.0,0.68,-1.35,51272.76,66113.38,True,False,0.027,77348.91,0.046,0.946,1.4797
2026-08-24T07:54:53Z,REDUSDT,COOLING,NONE,0.0,0.0,0.0,27.23,0.0,6784.42,5395.14,True,False,0.0,77348.91,0.046,0.971,0.1139
2026-08-24T07:54:55Z,BIOUSDT,COOLING,NONE,0.0,0.0,0.0,3.41,0.0,7153.4,3851.01,True,False,0.0,77348.91,0.046,0.963,0.02929
2026-08-24T07:54:57Z,RWAINCUSDT,IMPULSE,NONE,0.0,0.0,0.0,42.32,0.0,1393.85,1433.91,True,False,0.0,77348.91,0.046,0.965,0.00212
2026-08-24T07:54:59Z,EDELUSDT,COOLING,NONE,0.0,0.0,0.0,22.88,0.0,1220.8,780.26,True,False,0.0,77348.91,0.046,1.004,0.00875
2026-08-24T07:55:30Z,XRPUSDT,COOLING,NONE,0.0,0.0,0.0,1.35,0.0,120962.55,114630.24,True,False,0.0,77316.77,-0.0416,1.011,1.4787
2026-08-24T07:55:33Z,REDUSDT,COOLING,NONE,0.0,0.0,0.0,25.54,-0.88,4562.45,5767.64,True,False,0.0044,77316.77,-0.0416,0.974,0.1137
2026-08-24T07:55:35Z,BIOUSDT,COOLING,NONE,0.0,0.0,0.0,6.82,0.0,7153.4,3099.46,True,False,0.0,77316.77,-0.0416,1.059,0.0293
2026-08-24T07:55:39Z,RWAINCUSDT,IMPULSE,NONE,0.0,0.0,0.0,42.32,0.0,1393.85,1425.94,True,False,0.0,77316.77,-0.0416,0.937,0.00212
2026-08-24T07:55:42Z,EDELUSDT,COOLING,NONE,0.0,0.0,0.0,22.91,0.0,1220.77,780.26,True,False,0.0,77316.77,-0.0416,1.012,0.00871
2026-08-24T07:56:38Z,XRPUSDT,COOLING,NONE,0.0,0.0,0.0,2.03,0.0,41680.62,91966.02,True,False,0.0,77292.41,-0.0315,0.925,1.4779
2026-08-24T07:56:41Z,REDUSDT,COOLING,NONE,0.0,0.0,0.0,13.21,0.0,5241.18,5765.12,True,False,0.0,77292.41,-0.0315,0.93,0.11357
2026-08-24T07:56:43Z,BIOUSDT,COOLING,NONE,0.0,0.0,0.0,6.82,0.0,4789.29,3099.46,True,False,0.0,77292.41,-0.0315,0.929,0.0293
2026-08-24T07:56:44Z,RWAINCUSDT,IMPULSE,NONE,0.0,0.0,0.0,42.32,0.0,1393.85,1425.94,True,False,0.0,77292.41,-0.0315,0.991,0.00212
2026-08-24T07:56:46Z,EDELUSDT,COOLING,NONE,0.0,0.0,0.0,11.34,0.0,672.69,780.26,True,False,0.0,77292.41,-0.0315,0.931,0.00881
2026-08-24T07:57:19Z,XRPUSDT,COOLING,SELL,19.48,0.0,19.48,2.03,-0.68,111310.64,54682.36,True,False,-0.0304,77302.96,0.0136,1.047,1.4784
2026-08-24T07:57:22Z,REDUSDT,COOLING,NONE,0.0,0.0,0.0,20.27,7.93,4562.45,5796.24,True,False,-0.0396,77302.96,0.0136,1.012,0.11353
2026-08-24T07:57:24Z,BIOUSDT,COOLING,NONE,0.0,0.0,0.0,3.41,0.0,4789.29,3099.46,True,False,0.0,77302.96,0.0136,0.989,0.02932
2026-08-24T07:57:28Z,RWAINCUSDT,IMPULSE,NONE,0.0,0.0,0.0,42.32,0.0,1393.85,1425.94,True,False,0.0,77302.96,0.0136,1.942,0.00212
2026-08-24T07:57:30Z,EDELUSDT,COOLING,NONE,0.0,0.0,0.0,68.26,0.0,1317.22,780.26,True,False,0.0,77302.96,0.0136,1.025,0.00881
2026-08-24T07:58:00Z,XRPUSDT,COOLING,BUY,0.0,0.02,0.02,2.03,0.68,86750.92,80880.34,True,False,0.0034,77295.8,-0.0093,1.018,1.4762
2026-08-24T07:58:02Z,REDUSDT,COOLING,SELL,11.12,0.0,11.12,14.07,2.62,5241.18,5796.24,True,False,0.1805,77295.8,-0.0093,0.921,0.11355
2026-08-24T07:58:04Z,BIOUSDT,COOLING,NONE,0.0,0.0,0.0,6.82,0.0,6070.05,3130.34,True,False,0.0,77295.8,-0.0093,0.956,0.02931
2026-08-24T07:58:06Z,RWAINCUSDT,IMPULSE,BUY,0.0,1.17,1.17,122.82,28.52,1370.83,1433.91,True,False,-0.1886,77295.8,-0.0093,0.926,0.002111
2026-08-24T07:58:09Z,EDELUSDT,COOLING,NONE,0.0,0.0,0.0,124.79,0.0,1893.51,780.26,True,False,0.0,77295.8,-0.0093,0.928,0.00877
2026-08-24T07:59:01Z,XRPUSDT,COOLING,BUY,0.0,4.91,4.91,2.71,1.36,75394.54,104453.41,True,False,-0.0068,77301.22,0.007,2.067,1.4751
2026-08-24T07:59:03Z,REDUSDT,COOLING,NONE,0.0,0.0,0.0,11.41,0.0,4758.75,6063.21,True,False,0.0,77301.22,0.007,0.958,0.11389
2026-08-24T07:59:05Z,BIOUSDT,COOLING,NONE,0.0,0.0,0.0,3.41,0.0,6294.98,2162.57,True,False,0.0,77301.22,0.007,0.977,0.0293
2026-08-24T07:59:07Z,RWAINCUSDT,IMPULSE,SELL,88.3,0.0,88.3,99.03,0.0,1391.25,1433.91,True,True,0.0,77301.22,0.007,0.977,0.002108
2026-08-24T07:59:09Z,EDELUSDT,COOLING,NONE,0.0,0.0,0.0,124.79,0.0,1893.5,780.26,True,False,0.0,77301.22,0.007,0.937,0.00877
2026-08-24T07:59:44Z,XRPUSDT,COOLING,SELL,16.16,0.19,16.16,2.03,1.36,83593.89,99819.74,True,False,0.0136,77292.4,-0.0114,0.959,1.4749
2026-08-24T07:59:45Z,REDUSDT,COOLING,NONE,0.0,0.0,0.0,11.43,0.0,7117.13,5178.66,True,False,0.0,77292.4,-0.0114,0.966,0.11396
2026-08-24T07:59:48Z,BIOUSDT,COOLING,NONE,0.0,0.0,0.0,6.82,0.0,6246.74,2108.07,True,False,0.0,77292.4,-0.0114,1.045,0.02931
2026-08-24T07:59:49Z,RWAINCUSDT,IMPULSE,NONE,0.0,0.0,0.0,99.03,0.0,1387.15,1424.32,True,False,0.0,77292.4,-0.0114,0.993,0.002108
2026-08-24T07:59:51Z,EDELUSDT,COOLING,NONE,0.0,0.0,0.0,113.38,0.0,1893.52,780.26,True,False,0.0,77292.4,-0.0114,1.209,0.00877
2026-08-24T08:00:23Z,XRPUSDT,COOLING,NONE,0.0,0.0,0.0,2.03,0.0,89003.31,74484.08,True,False,0.0,77321.61,0.0378,1.056,1.4758
2026-08-24T08:00:25Z,REDUSDT,COOLING,NONE,0.0,0.0,0.0,22.79,0.0,7249.49,4507.42,True,False,0.0,77321.61,0.0378,0.927,0.11378
2026-08-24T08:00:27Z,BIOUSDT,COOLING,NONE,0.0,0.0,0.0,6.82,0.0,6248.87,3081.08,True,False,0.0,77321.61,0.0378,0.907,0.02932
2026-08-24T08:00:29Z,RWAINCUSDT,IMPULSE,BUY,0.0,2.01,2.01,99.03,0.0,190.68,1433.91,True,False,0.0,77321.61,0.0378,0.99,0.002108
2026-08-24T08:00:31Z,EDELUSDT,COOLING,NONE,0.0,0.0,0.0,79.23,0.0,1220.54,814.82,True,False,0.0,77321.61,0.0378,0.992,0.0088
2026-08-24T08:01:24Z,XRPUSDT,COOLING,NONE,0.0,0.0,0.0,1.36,0.0,106010.56,36906.42,True,False,0.0,77309.33,-0.0159,0.956,1.4738
2026-08-24T08:01:26Z,QAITUSDT,COOLING,NONE,0.0,0.0,0.0,64.05,0.0,1198.38,1000.84,True,False,0.0,77309.33,-0.0159,1.018,0.002499
2026-08-24T08:01:30Z,REDUSDT,COOLING,NONE,0.0,0.0,0.0,21.05,1.77,6804.92,4507.42,True,False,-0.1052,77309.33,-0.0159,0.947,0.11411
2026-08-24T08:01:33Z,BIOUSDT,COOLING,SELL,15.1,0.0,15.1,6.83,3.42,3064.82,3357.52,True,False,-0.0171,77309.33,-0.0159,1.976,0.02929
2026-08-24T08:01:35Z,RWAINCUSDT,IMPULSE,NONE,0.0,0.0,0.0,94.3,0.0,1372.03,1408.59,True,False,0.0,77309.33,-0.0159,1.033,0.002108
2026-08-24T08:02:08Z,XRPUSDT,COOLING,SELL,7.65,0.0,7.65,2.04,-0.68,529329.28,55961.94,True,False,0.0034,77231.22,-0.101,1.038,1.4715
2026-08-24T08:02:11Z,QAITUSDT,COOLING,NONE,0.0,0.0,0.0,64.05,0.0,1198.38,1000.84,True,False,0.0,77231.22,-0.101,0.957,0.002506
2026-08-24T08:02:13Z,REDUSDT,COOLING,NONE,0.0,0.0,0.0,21.13,0.0,6097.73,1641.77,True,False,0.0,77231.22,-0.101,1.02,0.11409
2026-08-24T08:02:15Z,BIOUSDT,COOLING,NONE,0.0,0.0,0.0,3.42,0.0,4759.63,2994.38,True,False,0.0,77231.22,-0.101,1.039,0.02928
2026-08-24T08:02:18Z,RWAINCUSDT,IMPULSE,NONE,0.0,0.0,0.0,99.03,0.0,1377.13,1414.03,True,False,0.0,77231.22,-0.101,1.964,0.002108
2026-08-24T08:02:49Z,XRPUSDT,COOLING,SELL,17.62,0.0,17.62,2.04,0.68,275383.78,66367.23,True,False,-0.0238,77245.81,0.0189,0.911,1.4709
2026-08-24T08:02:51Z,QAITUSDT,COOLING,NONE,0.0,0.0,0.0,64.05,0.0,1198.38,1000.84,True,False,0.0,77245.81,0.0189,0.968,0.002506
2026-08-24T08:02:52Z,REDUSDT,COOLING,NONE,0.0,0.0,0.0,21.13,0.0,6097.73,4570.34,True,False,0.0,77245.81,0.0189,0.915,0.1137
2026-08-24T08:02:54Z,BIOUSDT,COOLING,NONE,0.0,0.0,0.0,3.43,0.0,4313.57,2088.01,True,False,0.0,77245.81,0.0189,0.994,0.0292
2026-08-24T08:02:56Z,RWAINCUSDT,IMPULSE,NONE,0.0,0.0,0.0,84.83,0.0,1386.56,1433.91,True,False,0.0,77245.81,0.0189,1.079,0.002108
2026-08-24T08:03:53Z,XRPUSDT,COOLING,NONE,0.0,0.0,0.0,2.04,1.36,85188.6,64032.77,True,False,-0.0136,77307.02,0.0792,0.989,1.4739
2026-08-24T08:03:55Z,HBARUSDT,COOLING,BUY,17.56,17.74,17.74,5.0,-5.0,6968.4,7389.4,True,False,0.0375,77307.02,0.0792,0.993,0.08
2026-08-24T08:03:57Z,QAITUSDT,COOLING,NONE,0.0,0.0,0.0,64.05,0.0,1198.38,1000.84,True,False,0.0,77307.02,0.0792,1.03,0.002506
2026-08-24T08:03:59Z,REDUSDT,COOLING,NONE,0.0,0.0,0.0,9.68,0.0,6439.58,4669.35,True,False,0.0,77307.02,0.0792,1.006,0.11348
2026-08-24T08:04:00Z,BIOUSDT,COOLING,BUY,1.61,12.69,12.69,3.42,0.0,3796.1,2998.7,True,False,-0.0342,77307.02,0.0792,0.965,0.02924
2026-08-24T08:04:34Z,XRPUSDT,COOLING,BUY,0.0,18.78,18.78,0.68,0.0,142793.07,57286.91,True,False,0.0,77247.89,-0.0765,0.995,1.4702
2026-08-24T08:04:36Z,HBARUSDT,COOLING,NONE,0.0,0.0,0.0,1.25,0.0,9278.46,17161.06,True,False,0.0,77247.89,-0.0765,1.028,0.07999
2026-08-24T08:04:38Z,QAITUSDT,COOLING,NONE,0.0,0.0,0.0,64.05,0.0,1198.38,1000.84,True,False,0.0,77247.89,-0.0765,1.001,0.002506
2026-08-24T08:04:41Z,REDUSDT,COOLING,NONE,0.0,0.0,0.0,21.16,0.0,5468.51,5628.46,True,False,0.0,77247.89,-0.0765,1.069,0.11355
2026-08-24T08:04:44Z,BIOUSDT,COOLING,NONE,0.0,0.0,0.0,10.28,0.0,3285.26,3017.9,True,False,0.0,77247.89,-0.0765,1.029,0.02917
2026-08-24T08:05:14Z,XRPUSDT,COOLING,NONE,0.0,0.0,0.0,0.68,-2.04,74582.71,72634.41,True,False,-0.0034,77273.82,0.0336,1.017,1.4704
2026-08-24T08:05:15Z,HBARUSDT,COOLING,BUY,0.0,47.31,47.31,1.25,-1.25,10658.34,19466.42,True,False,0.0188,77273.82,0.0336,0.98,0.07987
2026-08-24T08:05:17Z,QAITUSDT,COOLING,NONE,0.0,0.0,0.0,64.05,0.0,1198.38,1000.84,True,False,0.0,77273.82,0.0336,0.987,0.002506
2026-08-24T08:05:19Z,REDUSDT,COOLING,NONE,0.0,0.0,0.0,21.16,0.0,5468.51,5628.46,True,False,0.0,77273.82,0.0336,0.995,0.11346
2026-08-24T08:05:21Z,BIOUSDT,COOLING,NONE,0.0,0.0,0.0,3.43,0.0,4287.28,2035.49,True,False,0.0,77273.82,0.0336,0.976,0.02918
2026-08-24T08:06:19Z,XRPUSDT,COOLING,BUY,4.79,25.48,25.48,2.71,1.36,80758.42,100252.81,True,False,-0.0677,77307.22,0.0432,2.137,1.4763
2026-08-24T08:06:22Z,HBARUSDT,COOLING,SELL,43.44,0.0,43.44,2.5,-1.25,15889.57,9894.69,True,False,0.0062,77307.22,0.0432,0.955,0.07987
2026-08-24T08:06:24Z,QAITUSDT,COOLING,NONE,0.0,0.0,0.0,64.05,0.0,1198.38,1000.84,True,False,0.0,77307.22,0.0432,1.058,0.002506
2026-08-24T08:06:25Z,REDUSDT,COOLING,NONE,0.0,0.0,0.0,19.38,0.0,5641.66,5028.19,True,False,0.0,77307.22,0.0432,0.961,0.11351
2026-08-24T08:06:28Z,BIOUSDT,COOLING,SELL,0.04,0.0,0.04,6.83,3.42,2190.69,5617.34,True,False,-0.0171,77307.22,0.0432,0.978,0.02926
2026-08-24T08:06:59Z,XRPUSDT,COOLING,NONE,0.0,0.0,0.0,1.35,-0.68,88511.02,45434.94,True,False,-0.0034,77362.55,0.0716,1.057,1.4765
2026-08-24T08:07:02Z,HBARUSDT,COOLING,NONE,0.0,0.0,0.0,1.25,-1.25,15272.93,25556.46,True,False,-0.0062,77362.55,0.0716,1.178,0.08016
2026-08-24T08:07:04Z,QAITUSDT,COOLING,NONE,0.0,0.0,0.0,64.05,0.0,1198.38,1000.84,True,False,0.0,77362.55,0.0716,0.923,0.002506
2026-08-24T08:07:06Z,REDUSDT,COOLING,NONE,0.0,0.0,0.0,19.38,0.0,5641.66,5028.19,True,False,0.0,77362.55,0.0716,1.033,0.11347
2026-08-24T08:07:09Z,BIOUSDT,COOLING,BUY,0.0,15.55,15.55,6.82,3.41,2253.52,3741.25,True,False,0.0171,77362.55,0.0716,1.955,0.02935
2026-08-24T08:07:39Z,XRPUSDT,COOLING,SELL,41.39,0.0,41.39,1.36,-0.0,93204.64,97515.25,True,True,0.0068,77400.0,0.0484,0.992,1.4764
2026-08-24T08:07:41Z,HBARUSDT,COOLING,BUY,0.0,4.85,4.85,2.49,1.25,12096.94,10432.87,True,False,-0.0187,77400.0,0.0484,0.995,0.08021
2026-08-24T08:07:42Z,QAITUSDT,COOLING,NONE,0.0,0.0,0.0,64.05,0.0,1198.38,1000.84,True,False,0.0,77400.0,0.0484,0.982,0.002506
2026-08-24T08:07:44Z,REDUSDT,COOLING,NONE,0.0,0.0,0.0,21.13,0.0,4647.21,4964.49,True,False,0.0,77400.0,0.0484,1.02,0.1135
2026-08-24T08:07:46Z,BIOUSDT,COOLING,NONE,0.0,0.0,0.0,6.83,-3.42,2708.76,3167.67,True,False,0.0171,77400.0,0.0484,1.079,0.02935
2026-08-24T08:08:49Z,XRPUSDT,COOLING,SELL,28.57,24.03,28.57,2.04,0.0,128002.99,67584.05,True,False,0.0,77355.48,-0.0575,0.989,1.4738
2026-08-24T08:08:53Z,QAITUSDT,COOLING,NONE,0.0,0.0,0.0,64.05,0.0,1198.38,1000.84,True,False,0.0,77355.48,-0.0575,1.001,0.002506
2026-08-24T08:08:55Z,REDUSDT,COOLING,NONE,0.0,0.0,0.0,19.21,0.0,5938.65,4937.64,True,False,0.0,77355.48,-0.0575,0.991,0.11381
2026-08-24T08:08:59Z,BIOUSDT,COOLING,BUY,0.0,6.98,6.98,6.83,0.0,4121.74,4268.07,True,False,0.0,77355.48,-0.0575,1.944,0.02926
2026-08-24T08:09:01Z,RWAINCUSDT,IMPULSE,NONE,0.0,0.0,0.0,127.51,0.0,1379.01,1415.88,True,False,0.0,77355.48,-0.0575,1.122,0.002108
2026-08-24T08:09:32Z,XRPUSDT,COOLING,NONE,0.0,0.0,0.0,2.71,0.68,101372.02,84756.49,True,False,0.0102,77342.1,-0.0173,1.017,1.473
2026-08-24T08:09:35Z,QAITUSDT,COOLING,NONE,0.0,0.0,0.0,64.05,0.0,1198.38,1000.84,True,False,0.0,77342.1,-0.0173,0.921,0.002506
2026-08-24T08:09:38Z,REDUSDT,COOLING,SELL,0.96,0.0,0.96,20.98,0.0,5591.31,1925.61,True,False,0.0,77342.1,-0.0173,2.049,0.11484
2026-08-24T08:09:41Z,BIOUSDT,COOLING,NONE,0.0,0.0,0.0,6.84,0.0,2056.49,3781.69,True,False,0.0,77342.1,-0.0173,1.026,0.02927
2026-08-24T08:09:44Z,RWAINCUSDT,IMPULSE,NONE,0.0,0.0,0.0,127.51,0.0,1388.98,1426.16,True,False,0.0,77342.1,-0.0173,1.732,0.002108
2026-08-24T08:10:12Z,XRPUSDT,COOLING,NONE,0.0,0.0,0.0,2.04,0.0,55939.7,76243.89,True,False,0.0,77337.12,-0.0064,1.027,1.4733
2026-08-24T08:10:14Z,QAITUSDT,COOLING,NONE,0.0,0.0,0.0,64.05,0.0,1198.38,1000.84,True,False,0.0,77337.12,-0.0064,0.948,0.002506
2026-08-24T08:10:16Z,REDUSDT,COOLING,NONE,0.0,0.0,0.0,20.13,0.0,5845.93,5625.93,True,False,0.0,77337.12,-0.0064,0.936,0.1144
2026-08-24T08:10:18Z,BIOUSDT,COOLING,NONE,0.0,0.0,0.0,3.43,-3.43,3263.08,3295.51,True,False,0.0171,77337.12,-0.0064,1.061,0.02918
2026-08-24T08:10:20Z,RWAINCUSDT,IMPULSE,NONE,0.0,0.0,0.0,127.51,0.0,1388.98,1426.16,True,False,0.0,77337.12,-0.0064,0.966,0.002108
2026-08-24T08:11:13Z,XRPUSDT,COOLING,BUY,0.0,32.33,32.33,2.04,-0.68,78558.58,78493.98,True,True,0.0034,77310.01,-0.0351,0.978,1.4718
2026-08-24T08:11:15Z,QAITUSDT,COOLING,NONE,0.0,0.0,0.0,64.05,0.0,1198.38,1000.84,True,False,0.0,77310.01,-0.0351,1.008,0.002506
2026-08-24T08:11:17Z,REDUSDT,COOLING,BUY,0.0,12.57,12.57,9.64,-9.64,4427.75,2342.29,True,False,-0.0482,77310.01,-0.0351,1.021,0.11422
2026-08-24T08:11:20Z,BIOUSDT,COOLING,NONE,0.0,0.0,0.0,3.43,-3.43,2782.8,3624.9,True,False,-0.0171,77310.01,-0.0351,0.954,0.02916
2026-08-24T08:11:22Z,RWAINCUSDT,IMPULSE,NONE,0.0,0.0,0.0,127.51,0.0,1375.28,1412.13,True,False,0.0,77310.01,-0.0351,1.021,0.002108
2026-08-24T08:11:53Z,XRPUSDT,COOLING,NONE,0.0,0.0,0.0,2.04,0.68,340147.35,46806.54,True,False,0.017,77290.01,-0.0259,1.036,1.4707
2026-08-24T08:11:56Z,QAITUSDT,COOLING,NONE,0.0,0.0,0.0,64.05,0.0,1198.38,1000.84,True,False,0.0,77290.01,-0.0259,1.982,0.002506
2026-08-24T08:11:58Z,REDUSDT,COOLING,BUY,0.0,30.41,30.41,11.45,-1.75,6103.68,4343.29,True,False,-0.088,77290.01,-0.0259,0.97,0.1141
2026-08-24T08:12:02Z,BIOUSDT,COOLING,NONE,0.0,0.0,0.0,3.43,0.0,2782.8,3013.41,True,False,0.0,77290.01,-0.0259,1.02,0.02914
2026-08-24T08:12:04Z,RWAINCUSDT,IMPULSE,NONE,0.0,0.0,0.0,127.51,0.0,1375.28,1412.13,True,False,0.0,77290.01,-0.0259,0.945,0.002108
2026-08-24T08:12:35Z,XRPUSDT,COOLING,SELL,40.04,0.0,40.04,1.36,-0.68,114909.88,53039.05,True,False,0.0034,77230.0,-0.0776,1.002,1.4672
2026-08-24T08:12:37Z,QAITUSDT,COOLING,NONE,0.0,0.0,0.0,64.05,0.0,1198.38,1000.84,True,False,0.0,77230.0,-0.0776,0.989,0.002506
2026-08-24T08:12:40Z,REDUSDT,COOLING,NONE,0.0,0.0,0.0,11.47,0.0,5805.85,5579.87,True,False,0.0,77230.0,-0.0776,0.946,0.1136
2026-08-24T08:12:41Z,BIOUSDT,COOLING,NONE,0.0,0.0,0.0,6.86,0.0,2895.59,4025.09,True,False,0.0,77230.0,-0.0776,0.937,0.02914
2026-08-24T08:12:43Z,RWAINCUSDT,IMPULSE,NONE,0.0,0.0,0.0,127.51,0.0,1375.28,1412.13,True,False,0.0,77230.0,-0.0776,1.007,0.002108
2026-08-24T08:13:41Z,XRPUSDT,COOLING,SELL,15.44,0.0,15.44,2.72,-0.68,104730.75,37083.67,True,True,-0.0102,77245.44,0.02,1.946,1.4686
2026-08-24T08:13:45Z,QAITUSDT,COOLING,NONE,0.0,0.0,0.0,64.05,0.0,1198.38,1000.84,True,False,0.0,77245.44,0.02,1.96,0.002506
2026-08-24T08:13:49Z,REDUSDT,COOLING,NONE,0.0,0.0,0.0,10.59,0.0,5677.49,6173.14,True,False,0.0,77245.44,0.02,1.041,0.11334
2026-08-24T08:13:52Z,BIOUSDT,COOLING,NONE,0.0,0.0,0.0,3.43,0.0,2782.8,3625.74,True,False,0.0,77245.44,0.02,1.041,0.02917
2026-08-24T08:13:53Z,RWAINCUSDT,IMPULSE,NONE,0.0,0.0,0.0,127.51,0.0,1375.28,1412.13,True,False,0.0,77245.44,0.02,0.966,0.002108
2026-08-24T08:14:25Z,XRPUSDT,COOLING,NONE,0.0,0.0,0.0,1.36,-2.04,106932.68,44200.92,True,False,0.0034,77256.8,0.0147,0.984,1.4689
2026-08-24T08:14:28Z,QAITUSDT,COOLING,NONE,0.0,0.0,0.0,64.05,0.0,1198.38,1000.84,True,False,0.0,77256.8,0.0147,1.956,0.002506
2026-08-24T08:14:32Z,REDUSDT,COOLING,SELL,0.95,0.05,0.95,20.28,7.06,8347.04,4898.14,True,False,-0.0441,77256.8,0.0147,1.983,0.11338
2026-08-24T08:14:35Z,BIOUSDT,COOLING,NONE,0.0,0.0,0.0,3.43,0.0,2782.8,3578.81,True,False,0.0,77256.8,0.0147,0.988,0.02915
2026-08-24T08:14:38Z,RWAINCUSDT,IMPULSE,NONE,0.0,0.0,0.0,127.51,0.0,1375.28,1433.91,True,False,0.0,77256.8,0.0147,0.974,0.002108
2026-08-24T08:15:09Z,XRPUSDT,COOLING,SELL,70.24,0.0,70.24,2.05,0.0,342703.26,64361.91,True,False,-0.0068,77253.01,-0.0049,0.95,1.4683
2026-08-24T08:15:12Z,QAITUSDT,COOLING,NONE,0.0,0.0,0.0,64.05,0.0,1198.38,1000.84,True,False,0.0,77253.01,-0.0049,2.025,0.002506
2026-08-24T08:15:15Z,REDUSDT,COOLING,NONE,0.0,0.0,0.0,10.59,0.0,8094.41,2101.09,True,False,0.0,77253.01,-0.0049,1.048,0.11341
2026-08-24T08:15:17Z,BIOUSDT,COOLING,NONE,0.0,0.0,0.0,3.44,0.0,4241.17,2167.14,True,False,0.0,77253.01,-0.0049,1.008,0.02913
2026-08-24T08:15:20Z,RWAINCUSDT,IMPULSE,NONE,0.0,0.0,0.0,127.51,0.0,1386.87,1433.91,True,False,0.0,77253.01,-0.0049,1.918,0.002108
2026-08-24T08:16:13Z,XRPUSDT,COOLING,NONE,0.0,0.0,0.0,1.37,0.68,98905.45,54948.76,True,False,-0.0102,77174.73,-0.1013,0.982,1.4654
2026-08-24T08:16:15Z,QAITUSDT,COOLING,NONE,0.0,0.0,0.0,64.05,0.0,1198.38,1000.84,True,False,0.0,77174.73,-0.1013,1.014,0.002506
2026-08-24T08:16:18Z,REDUSDT,COOLING,NONE,0.0,0.0,0.0,18.57,-0.88,4610.38,6109.01,True,False,-0.0044,77174.73,-0.1013,0.927,0.11321
2026-08-24T08:16:21Z,BIOUSDT,COOLING,NONE,0.0,0.0,0.0,6.89,3.44,3574.03,2896.6,True,False,0.0172,77174.73,-0.1013,1.033,0.02905
2026-08-24T08:16:23Z,RWAINCUSDT,IMPULSE,NONE,0.0,0.0,0.0,113.26,-14.25,1375.8,1433.91,True,False,0.0708,77174.73,-0.1013,0.989,0.002108
2026-08-24T08:16:54Z,XRPUSDT,COOLING,NONE,0.0,0.0,0.0,1.37,-0.68,88131.5,63422.43,True,False,0.0103,77110.66,-0.083,1.933,1.4624
2026-08-24T08:16:56Z,QAITUSDT,COOLING,NONE,0.0,0.0,0.0,64.05,0.0,1198.38,1000.84,True,False,0.0,77110.66,-0.083,1.065,0.002506
2026-08-24T08:16:59Z,REDUSDT,COOLING,NONE,0.0,0.0,0.0,20.35,0.0,5575.22,5334.61,True,False,0.0,77110.66,-0.083,0.966,0.11305
2026-08-24T08:17:01Z,BIOUSDT,COOLING,SELL,68.19,0.0,68.19,3.45,0.0,8525.74,2973.35,True,False,0.0,77110.66,-0.083,1.053,0.029
2026-08-24T08:17:04Z,RWAINCUSDT,IMPULSE,BUY,0.0,1.79,1.79,113.26,-14.25,190.69,1433.91,True,False,0.0708,77110.66,-0.083,0.964,0.002108
2026-08-24T08:17:38Z,XRPUSDT,COOLING,SELL,33.57,0.0,33.57,2.74,0.68,109395.24,72935.53,True,False,-0.0171,77094.04,-0.0216,2.022,1.4628
2026-08-24T08:17:40Z,QAITUSDT,COOLING,NONE,0.0,0.0,0.0,64.05,0.0,1198.38,1000.84,True,False,0.0,77094.04,-0.0216,0.916,0.002506
2026-08-24T08:17:43Z,REDUSDT,COOLING,NONE,0.0,0.0,0.0,12.38,0.0,7386.66,5364.15,True,False,0.0,77094.04,-0.0216,0.957,0.11308
2026-08-24T08:17:45Z,BIOUSDT,COOLING,NONE,0.0,0.0,0.0,6.91,0.0,8305.21,3096.73,True,False,0.0,77094.04,-0.0216,0.941,0.02899
2026-08-24T08:17:47Z,RWAINCUSDT,IMPULSE,BUY,0.0,0.96,0.96,113.26,-14.25,190.68,1433.91,True,False,0.0708,77094.04,-0.0216,0.968,0.002108
2026-08-24T08:18:43Z,XRPUSDT,COOLING,BUY,0.0,30.41,30.41,2.05,-2.05,58451.22,58863.65,True,False,0.0239,77143.59,0.0643,1.97,1.4628
2026-08-24T08:18:45Z,HBARUSDT,COOLING,NONE,0.0,0.0,0.0,1.25,0.0,14641.08,20719.43,True,False,0.0,77143.59,0.0643,0.975,0.07985
2026-08-24T08:18:47Z,QAITUSDT,COOLING,NONE,0.0,0.0,0.0,64.05,0.0,1198.38,1000.84,True,False,0.0,77143.59,0.0643,1.313,0.002506
2026-08-24T08:18:50Z,REDUSDT,COOLING,NONE,0.0,0.0,0.0,21.2,0.0,4729.61,5491.39,True,False,0.0,77143.59,0.0643,1.989,0.1131
2026-08-24T08:18:52Z,BIOUSDT,COOLING,NONE,0.0,0.0,0.0,3.45,0.0,3271.28,3631.8,True,False,0.0,77143.59,0.0643,0.925,0.02898
2026-08-24T08:19:21Z,XRPUSDT,COOLING,SELL,20.43,0.0,20.43,2.05,0.0,106067.15,51562.2,True,False,-0.0137,77189.99,0.0601,0.967,1.4647
2026-08-24T08:19:23Z,HBARUSDT,COOLING,NONE,0.0,0.0,0.0,1.25,0.0,8134.93,25100.85,True,False,0.0,77189.99,0.0601,0.924,0.07985
2026-08-24T08:19:25Z,QAITUSDT,COOLING,NONE,0.0,0.0,0.0,64.05,0.0,1198.38,1000.84,True,False,0.0,77189.99,0.0601,0.956,0.002506
2026-08-24T08:19:28Z,REDUSDT,COOLING,NONE,0.0,0.0,0.0,21.2,0.0,4729.61,5491.39,True,False,0.0,77189.99,0.0601,1.044,0.1131
2026-08-24T08:19:31Z,BIOUSDT,COOLING,NONE,0.0,0.0,0.0,6.89,0.0,2678.28,2407.41,True,False,0.0,77189.99,0.0601,1.968,0.02898
2026-08-24T08:20:00Z,XRPUSDT,COOLING,BUY,19.88,30.39,30.39,1.37,-0.68,116187.7,110682.87,True,False,0.0239,77140.01,-0.0647,0.954,1.4634
2026-08-24T08:20:02Z,HBARUSDT,COOLING,NONE,0.0,0.0,0.0,1.25,0.0,30032.03,24532.86,True,False,0.0,77140.01,-0.0647,0.937,0.0799
2026-08-24T08:20:04Z,QAITUSDT,COOLING,NONE,0.0,0.0,0.0,64.05,0.0,1198.38,1000.84,True,False,0.0,77140.01,-0.0647,0.984,0.002506
2026-08-24T08:20:06Z,REDUSDT,COOLING,SELL,71.33,0.0,71.33,18.57,0.0,6968.87,2222.53,True,False,0.0,77140.01,-0.0647,1.042,0.11312
2026-08-24T08:20:08Z,BIOUSDT,COOLING,NONE,0.0,0.0,0.0,6.9,0.0,8316.63,2723.62,True,False,0.0,77140.01,-0.0647,0.982,0.02901
2026-08-24T08:21:05Z,XRPUSDT,COOLING,NONE,0.0,0.0,0.0,2.05,-1.37,131251.89,50908.35,True,False,0.0,77127.44,-0.0163,1.967,1.4607
2026-08-24T08:21:08Z,HBARUSDT,COOLING,NONE,0.0,0.0,0.0,1.25,0.0,45750.24,19745.82,True,False,0.0,77127.44,-0.0163,0.95,0.07977
2026-08-24T08:21:11Z,QAITUSDT,COOLING,NONE,0.0,0.0,0.0,64.05,0.0,1198.38,1000.84,True,False,0.0,77127.44,-0.0163,1.034,0.002506
2026-08-24T08:21:13Z,REDUSDT,COOLING,NONE,0.0,0.0,0.0,12.34,0.0,7598.85,1937.3,True,False,0.0,77127.44,-0.0163,0.898,0.11306
2026-08-24T08:21:15Z,BIOUSDT,COOLING,NONE,0.0,0.0,0.0,3.45,0.0,8108.57,4193.21,True,False,0.0,77127.44,-0.0163,1.156,0.02896
2026-08-24T08:21:47Z,XRPUSDT,COOLING,BUY,0.0,7.18,7.18,1.37,0.0,82537.89,76954.14,True,False,0.0,77147.43,0.0259,2.022,1.4628
2026-08-24T08:21:50Z,HBARUSDT,COOLING,SELL,24.8,0.0,24.8,1.25,0.0,49412.97,9585.96,True,True,-0.0125,77147.43,0.0259,1.965,0.07978
2026-08-24T08:21:51Z,QAITUSDT,COOLING,NONE,0.0,0.0,0.0,64.05,0.0,1198.38,1000.84,True,False,0.0,77147.43,0.0259,0.997,0.002506
2026-08-24T08:21:55Z,REDUSDT,COOLING,BUY,0.0,1.19,1.19,9.68,0.0,6268.28,5343.85,True,False,0.0,77147.43,0.0259,1.003,0.11348
2026-08-24T08:21:56Z,BIOUSDT,COOLING,NONE,0.0,0.0,0.0,3.46,0.0,5945.96,1814.51,True,False,0.0,77147.43,0.0259,1.022,0.02896
2026-08-24T08:22:28Z,XRPUSDT,COOLING,SELL,25.8,0.0,25.8,2.05,-0.68,100044.99,60949.47,True,False,0.0034,77115.44,-0.0415,1.01,1.4626
2026-08-24T08:22:30Z,HBARUSDT,COOLING,NONE,0.0,0.0,0.0,1.25,0.0,13980.51,9793.73,True,False,0.0,77115.44,-0.0415,0.913,0.07981
2026-08-24T08:22:31Z,QAITUSDT,COOLING,NONE,0.0,0.0,0.0,64.05,0.0,1198.38,1000.84,True,False,0.0,77115.44,-0.0415,1.004,0.002506
2026-08-24T08:22:33Z,REDUSDT,COOLING,NONE,0.0,0.0,0.0,11.41,0.0,7326.32,5559.35,True,False,0.0,77115.44,-0.0415,0.913,0.11388
2026-08-24T08:22:36Z,BIOUSDT,COOLING,NONE,0.0,0.0,0.0,6.91,0.0,7169.1,3678.34,True,False,0.0,77115.44,-0.0415,0.994,0.02896
2026-08-24T08:23:56Z,XRPUSDT,COOLING,NONE,0.0,0.0,0.0,2.74,0.68,117445.75,43759.68,True,False,-0.0034,77012.62,-0.1333,1.04,1.4609
2026-08-24T08:23:59Z,HBARUSDT,COOLING,NONE,0.0,0.0,0.0,1.25,0.0,14349.0,21273.47,True,False,0.0,77012.62,-0.1333,1.908,0.07984
2026-08-24T08:24:01Z,QAITUSDT,COOLING,NONE,0.0,0.0,0.0,64.05,0.0,1198.38,1000.84,True,False,0.0,77012.62,-0.1333,0.931,0.002506
2026-08-24T08:24:04Z,REDUSDT,COOLING,NONE,0.0,0.0,0.0,19.35,-1.78,4506.58,6986.29,True,False,0.1056,77012.62,-0.1333,1.964,0.1136
2026-08-24T08:24:07Z,BIOUSDT,COOLING,NONE,0.0,0.0,0.0,6.9,0.0,6838.2,2519.47,True,False,0.0,77012.62,-0.1333,1.964,0.02892
2026-08-24T08:24:37Z,XRPUSDT,COOLING,BUY,0.0,39.91,39.91,1.37,0.0,65862.58,79513.31,True,False,-0.0069,77012.6,-0.0,0.966,1.4589
2026-08-24T08:24:39Z,HBARUSDT,COOLING,SELL,8.59,0.0,8.59,1.25,0.0,12295.28,10482.68,True,False,0.0,77012.6,-0.0,0.917,0.07984
2026-08-24T08:24:41Z,QAITUSDT,COOLING,NONE,0.0,0.0,0.0,64.05,0.0,1198.38,1000.84,True,False,0.0,77012.6,-0.0,0.975,0.002506
2026-08-24T08:24:43Z,REDUSDT,COOLING,NONE,0.0,0.0,0.0,11.43,0.0,4911.02,2393.53,True,False,0.0,77012.6,-0.0,0.923,0.11374
2026-08-24T08:24:45Z,BIOUSDT,COOLING,NONE,0.0,0.0,0.0,3.46,0.0,5859.14,1976.24,True,False,0.0,77012.6,-0.0,0.906,0.02897
2026-08-24T08:25:15Z,XRPUSDT,COOLING,SELL,12.8,6.74,12.8,1.37,-0.69,79920.97,66055.12,True,False,0.0034,76950.01,-0.0813,1.026,1.4571
2026-08-24T08:25:18Z,HBARUSDT,COOLING,SELL,3.46,0.0,3.46,1.25,0.0,46757.08,20439.62,True,False,0.0,76950.01,-0.0813,0.925,0.07984
2026-08-24T08:25:20Z,QAITUSDT,COOLING,NONE,0.0,0.0,0.0,64.05,0.0,1198.38,1000.84,True,False,0.0,76950.01,-0.0813,0.953,0.002506
2026-08-24T08:25:21Z,REDUSDT,COOLING,NONE,0.0,0.0,0.0,14.08,-9.67,5926.39,2824.56,True,False,-0.0484,76950.01,-0.0813,0.934,0.11371
2026-08-24T08:25:24Z,BIOUSDT,COOLING,NONE,0.0,0.0,0.0,3.46,0.0,6050.79,2623.17,True,False,0.0,76950.01,-0.0813,0.986,0.02892
2026-08-24T08:26:22Z,XRPUSDT,COOLING,NONE,0.0,0.0,0.0,2.75,0.0,241388.45,62049.24,True,False,0.0,76884.54,-0.0851,0.944,1.4558
2026-08-24T08:26:23Z,HBARUSDT,COOLING,NONE,0.0,0.0,0.0,1.26,-0.0,13727.78,9790.19,True,False,0.0251,76884.54,-0.0851,0.974,0.07959
2026-08-24T08:26:27Z,QAITUSDT,COOLING,NONE,0.0,0.0,0.0,64.05,0.0,1198.38,1000.84,True,False,0.0,76884.54,-0.0851,0.961,0.002506
2026-08-24T08:26:30Z,REDUSDT,COOLING,NONE,0.0,0.0,0.0,12.36,0.0,6096.21,4987.09,True,False,0.0,76884.54,-0.0851,0.963,0.11322
2026-08-24T08:26:33Z,BIOUSDT,COOLING,NONE,0.0,0.0,0.0,3.46,-3.46,5829.17,2376.97,True,False,0.0173,76884.54,-0.0851,0.936,0.02889
2026-08-24T08:27:04Z,XRPUSDT,COOLING,SELL,71.17,10.99,71.17,2.75,0.69,206206.56,58608.06,True,False,0.0309,76910.43,0.0337,1.007,1.4551
2026-08-24T08:27:06Z,HBARUSDT,COOLING,NONE,0.0,0.0,0.0,1.26,0.0,31996.88,9339.82,True,False,0.0,76910.43,0.0337,0.979,0.07959
2026-08-24T08:27:09Z,QAITUSDT,COOLING,NONE,0.0,0.0,0.0,64.05,0.0,1198.38,1000.84,True,False,0.0,76910.43,0.0337,0.982,0.002506
2026-08-24T08:27:11Z,REDUSDT,COOLING,NONE,0.0,0.0,0.0,20.28,0.0,7183.64,5030.68,True,False,0.0,76910.43,0.0337,1.018,0.11317
2026-08-24T08:27:12Z,BIOUSDT,COOLING,NONE,0.0,0.0,0.0,3.46,0.0,6010.51,2987.62,True,False,0.0,76910.43,0.0337,1.023,0.02889
2026-08-24T08:27:42Z,XRPUSDT,COOLING,NONE,0.0,0.0,0.0,1.37,-0.69,84233.31,41334.15,True,False,0.0034,76952.58,0.0548,2.025,1.4576
2026-08-24T08:27:44Z,HBARUSDT,COOLING,SELL,54.83,0.0,54.83,1.25,0.0,25072.3,11151.57,True,False,0.0,76952.58,0.0548,1.088,0.07969
2026-08-24T08:27:47Z,QAITUSDT,COOLING,NONE,0.0,0.0,0.0,64.05,0.0,1198.38,1000.84,True,False,0.0,76952.58,0.0548,0.961,0.002506
2026-08-24T08:27:50Z,REDUSDT,COOLING,NONE,0.0,0.0,0.0,12.34,0.0,7910.55,4434.94,True,False,0.0,76952.58,0.0548,0.953,0.11343
2026-08-24T08:27:53Z,BIOUSDT,COOLING,NONE,0.0,0.0,0.0,3.46,0.0,5832.68,2995.72,True,False,0.0,76952.58,0.0548,1.92,0.02889
2026-08-24T08:28:49Z,XRPUSDT,COOLING,NONE,0.0,0.0,0.0,2.75,1.37,91137.23,49563.79,True,False,0.0137,76846.08,-0.1384,0.965,1.4555
2026-08-24T08:28:53Z,HBARUSDT,COOLING,BUY,0.0,51.22,51.22,1.26,0.0,10032.14,20834.76,True,False,0.0,76846.08,-0.1384,1.025,0.07953
2026-08-24T08:28:56Z,QAITUSDT,COOLING,NONE,0.0,0.0,0.0,64.05,0.0,1198.38,1000.84,True,False,0.0,76846.08,-0.1384,0.943,0.002506
2026-08-24T08:28:58Z,REDUSDT,COOLING,NONE,0.0,0.0,0.0,18.5,0.0,4890.77,5225.53,True,False,0.0,76846.08,-0.1384,2.019,0.11343
2026-08-24T08:29:00Z,BIOUSDT,COOLING,NONE,0.0,0.0,0.0,3.47,0.0,2745.37,2990.95,True,False,0.0,76846.08,-0.1384,0.92,0.02889
2026-08-24T08:29:29Z,XRPUSDT,COOLING,NONE,0.0,0.0,0.0,1.37,-0.69,112126.6,68911.49,True,False,0.0034,76939.41,0.1215,0.991,1.4573
2026-08-24T08:29:31Z,HBARUSDT,COOLING,NONE,0.0,0.0,0.0,2.51,1.26,22816.03,10160.47,True,False,-0.0063,76939.41,0.1215,0.935,0.07952
2026-08-24T08:29:33Z,QAITUSDT,COOLING,NONE,0.0,0.0,0.0,64.05,0.0,1198.38,1000.84,True,False,0.0,76939.41,0.1215,1.114,0.002506
2026-08-24T08:29:35Z,REDUSDT,COOLING,NONE,0.0,0.0,0.0,10.55,0.0,7967.71,5942.52,True,False,0.0,76939.41,0.1215,1.004,0.11351
2026-08-24T08:29:37Z,BIOUSDT,COOLING,NONE,0.0,0.0,0.0,6.93,-3.47,3069.02,3016.53,True,False,0.0173,76939.41,0.1215,1.075,0.02885
2026-08-24T08:30:10Z,XRPUSDT,COOLING,NONE,0.0,0.0,0.0,1.37,0.0,81451.41,46653.57,True,False,0.0,76919.98,-0.0253,1.218,1.4564
2026-08-24T08:30:12Z,HBARUSDT,COOLING,BUY,5.32,36.58,36.58,1.26,-0.0,15814.53,20277.59,True,False,0.0126,76919.98,-0.0253,0.967,0.07954
2026-08-24T08:30:15Z,QAITUSDT,COOLING,NONE,0.0,0.0,0.0,64.05,0.0,1198.38,1000.84,True,False,0.0,76919.98,-0.0253,1.967,0.002506
2026-08-24T08:30:18Z,REDUSDT,COOLING,NONE,0.0,0.0,0.0,25.51,-0.88,7634.25,5942.52,True,False,0.0044,76919.98,-0.0253,1.973,0.1136
2026-08-24T08:30:20Z,BIOUSDT,COOLING,NONE,0.0,0.0,0.0,6.94,3.47,2091.22,4772.07,True,False,-0.0173,76919.98,-0.0253,0.99,0.02884
2026-08-24T08:31:14Z,XRPUSDT,COOLING,NONE,0.0,0.0,0.0,2.06,0.69,75811.8,88869.1,True,False,0.0034,76949.99,0.039,1.959,1.4547
2026-08-24T08:31:17Z,HBARUSDT,COOLING,NONE,0.0,0.0,0.0,1.26,0.0,11719.3,10055.73,True,False,0.0,76949.99,0.039,2.045,0.07936
2026-08-24T08:31:20Z,QAITUSDT,COOLING,NONE,0.0,0.0,0.0,64.05,0.0,1198.38,1000.84,True,False,0.0,76949.99,0.039,0.909,0.002506
2026-08-24T08:31:22Z,REDUSDT,COOLING,NONE,0.0,0.0,0.0,15.84,0.0,5873.63,3675.2,True,False,0.0,76949.99,0.039,0.968,0.11368
2026-08-24T08:31:24Z,BIOUSDT,COOLING,NONE,0.0,0.0,0.0,3.47,0.0,3130.78,4199.75,True,False,0.0,76949.99,0.039,0.99,0.02883
2026-08-24T08:31:53Z,XRPUSDT,COOLING,BUY,0.0,21.66,21.66,2.75,0.0,78863.12,64674.49,True,False,-0.0137,76966.97,0.0221,0.969,1.4557
2026-08-24T08:31:56Z,HBARUSDT,COOLING,BUY,0.0,25.87,25.87,1.26,0.0,13584.96,20087.87,True,False,-0.0126,76966.97,0.0221,1.056,0.07938
2026-08-24T08:31:58Z,QAITUSDT,COOLING,NONE,0.0,0.0,0.0,64.05,0.0,1198.38,1000.84,True,False,0.0,76966.97,0.0221,0.982,0.002506
2026-08-24T08:32:01Z,REDUSDT,COOLING,NONE,0.0,0.0,0.0,21.16,0.0,6211.98,6218.08,True,False,0.0,76966.97,0.0221,1.025,0.11348
2026-08-24T08:32:03Z,BIOUSDT,COOLING,SELL,2.56,0.0,2.56,6.94,-0.0,3483.8,4027.74,True,False,0.0347,76966.97,0.0221,0.965,0.02881
2026-08-24T08:32:36Z,XRPUSDT,COOLING,SELL,50.48,9.64,50.48,0.69,0.0,169724.45,65335.82,True,False,0.0,76999.57,0.0424,0.93,1.4567
2026-08-24T08:32:38Z,HBARUSDT,COOLING,SELL,53.52,44.14,53.52,2.51,-0.0,31305.68,19161.67,True,False,0.0377,76999.57,0.0424,1.179,0.0796
2026-08-24T08:32:40Z,QAITUSDT,COOLING,NONE,0.0,0.0,0.0,64.05,0.0,1198.38,1000.84,True,False,0.0,76999.57,0.0424,0.947,0.002506
2026-08-24T08:32:42Z,REDUSDT,COOLING,BUY,0.0,69.6,69.6,11.41,0.0,7050.02,5946.53,True,True,0.0,76999.57,0.0424,0.987,0.1134
2026-08-24T08:32:44Z,BIOUSDT,COOLING,BUY,0.0,7.89,7.89,10.39,3.46,1946.6,3103.08,True,False,0.052,76999.57,0.0424,0.942,0.02881
2026-08-24T08:33:40Z,XRPUSDT,COOLING,SELL,29.6,24.95,29.6,5.5,2.75,97801.38,97591.13,True,False,0.0206,77035.0,0.046,0.959,1.4548
2026-08-24T08:33:44Z,HBARUSDT,COOLING,BUY,0.0,53.12,53.12,3.77,-1.26,20816.04,22497.2,True,False,-0.0063,77035.0,0.046,1.068,0.07957
2026-08-24T08:33:47Z,QAITUSDT,COOLING,NONE,0.0,0.0,0.0,64.05,0.0,1198.38,1000.84,True,False,0.0,77035.0,0.046,1.015,0.002506
2026-08-24T08:33:50Z,REDUSDT,COOLING,NONE,0.0,0.0,0.0,11.41,0.0,7380.69,5308.67,True,False,0.0,77035.0,0.046,2.025,0.11387
2026-08-24T08:33:53Z,BIOUSDT,COOLING,NONE,0.0,0.0,0.0,3.47,0.0,3160.81,3782.96,True,False,-0.0347,77035.0,0.046,0.939,0.0288
2026-08-24T08:34:25Z,XRPUSDT,COOLING,BUY,0.0,8.82,8.82,2.75,1.37,74730.07,102180.54,True,False,0.0412,77043.87,0.0115,1.955,1.4548
2026-08-24T08:34:27Z,HBARUSDT,COOLING,NONE,0.0,0.0,0.0,2.52,0.0,20251.55,21683.21,True,False,0.0,77043.87,0.0115,1.027,0.07958
2026-08-24T08:34:29Z,QAITUSDT,COOLING,NONE,0.0,0.0,0.0,64.05,0.0,1198.38,1000.84,True,False,0.0,77043.87,0.0115,0.973,0.002506
2026-08-24T08:34:31Z,REDUSDT,COOLING,NONE,0.0,0.0,0.0,8.77,0.0,2974.86,2058.06,True,False,0.0,77043.87,0.0115,0.968,0.11397
2026-08-24T08:34:33Z,BIOUSDT,COOLING,NONE,0.0,0.0,0.0,3.47,0.0,3848.0,5043.09,True,False,0.0,77043.87,0.0115,0.94,0.02883
2026-08-24T08:35:03Z,XRPUSDT,COOLING,BUY,15.46,38.02,38.02,2.06,0.69,98063.7,112572.19,True,False,0.0309,77045.78,0.0025,1.16,1.4568
2026-08-24T08:35:05Z,HBARUSDT,COOLING,SELL,8.65,0.0,8.65,1.26,0.0,47138.53,9345.59,True,False,-0.0126,77045.78,0.0025,0.979,0.07958
2026-08-24T08:35:07Z,QAITUSDT,COOLING,NONE,0.0,0.0,0.0,64.05,0.0,1198.38,1000.84,True,False,0.0,77045.78,0.0025,0.989,0.002506
2026-08-24T08:35:09Z,REDUSDT,COOLING,NONE,0.0,0.0,0.0,18.4,0.0,2877.83,1773.32,True,False,0.0,77045.78,0.0025,0.943,0.11412
2026-08-24T08:35:12Z,BIOUSDT,COOLING,NONE,0.0,0.0,0.0,3.47,0.0,3028.46,3782.96,True,False,0.0,77045.78,0.0025,2.006,0.02884
2026-08-24T08:36:08Z,XRPUSDT,COOLING,NONE,0.0,0.0,0.0,0.69,0.0,70035.77,67224.75,True,False,0.0,77037.87,-0.0103,0.956,1.4563
2026-08-24T08:36:11Z,HBARUSDT,COOLING,NONE,0.0,0.0,0.0,1.26,0.0,33478.37,14246.94,True,False,0.0,77037.87,-0.0103,1.953,0.07946
2026-08-24T08:36:14Z,QAITUSDT,COOLING,NONE,0.0,0.0,0.0,64.05,0.0,1198.38,1000.84,True,False,0.0,77037.87,-0.0103,0.942,0.002506
2026-08-24T08:36:16Z,REDUSDT,COOLING,NONE,0.0,0.0,0.0,20.11,0.0,3883.61,1870.22,True,False,0.0,77037.87,-0.0103,0.906,0.11427
2026-08-24T08:36:19Z,BIOUSDT,COOLING,NONE,0.0,0.0,0.0,3.47,0.0,4013.4,4796.79,True,False,0.0,77037.87,-0.0103,2.051,0.02882
2026-08-24T08:36:51Z,XRPUSDT,COOLING,NONE,0.0,0.0,0.0,2.05,-0.69,59121.16,89671.87,True,False,0.0034,77044.89,0.0091,2.174,1.4599
2026-08-24T08:36:54Z,HBARUSDT,COOLING,NONE,0.0,0.0,0.0,8.82,0.0,35621.69,7963.13,True,False,0.0,77044.89,0.0091,1.123,0.07941
2026-08-24T08:36:56Z,QAITUSDT,COOLING,NONE,0.0,0.0,0.0,64.05,0.0,1198.38,1000.84,True,False,0.0,77044.89,0.0091,0.962,0.002506
2026-08-24T08:36:59Z,REDUSDT,COOLING,NONE,0.0,0.0,0.0,20.98,0.0,3771.84,2677.33,True,False,0.0,77044.89,0.0091,0.95,0.1144
2026-08-24T08:37:03Z,BIOUSDT,COOLING,NONE,0.0,0.0,0.0,3.47,0.0,3909.33,1867.68,True,False,0.0,77044.89,0.0091,1.931,0.02881
2026-08-24T08:37:35Z,XRPUSDT,COOLING,SELL,16.98,0.0,16.98,2.74,0.0,100927.04,110674.34,True,False,-0.0137,77048.62,0.0048,0.973,1.4583
2026-08-24T08:37:38Z,HBARUSDT,COOLING,NONE,0.0,0.0,0.0,1.26,0.0,30458.76,9661.11,True,False,0.0,77048.62,0.0048,1.054,0.07941
2026-08-24T08:37:40Z,QAITUSDT,COOLING,NONE,0.0,0.0,0.0,64.05,0.0,1198.38,1000.84,True,False,0.0,77048.62,0.0048,1.048,0.002506
2026-08-24T08:37:41Z,REDUSDT,COOLING,NONE,0.0,0.0,0.0,10.51,-7.89,4989.15,2529.74,True,False,0.0394,77048.62,0.0048,0.93,0.11434
2026-08-24T08:37:43Z,BIOUSDT,COOLING,NONE,0.0,0.0,0.0,3.47,0.0,4013.4,3751.38,True,False,0.0,77048.62,0.0048,1.033,0.0288
2026-08-24T08:38:38Z,XRPUSDT,COOLING,NONE,0.0,0.0,0.0,2.74,0.0,119393.45,39459.57,True,False,0.0,77044.8,-0.005,1.002,1.4569
2026-08-24T08:38:41Z,HBARUSDT,COOLING,NONE,0.0,0.0,0.0,2.52,0.0,10909.78,10179.81,True,False,0.0,77044.8,-0.005,0.986,0.07931
2026-08-24T08:38:43Z,QAITUSDT,COOLING,NONE,0.0,0.0,0.0,64.05,0.0,1198.38,1000.84,True,False,0.0,77044.8,-0.005,1.058,0.002506
2026-08-24T08:38:45Z,REDUSDT,COOLING,NONE,0.0,0.0,0.0,18.31,0.0,3061.14,1791.81,True,False,0.0,77044.8,-0.005,1.022,0.11455
2026-08-24T08:38:49Z,BIOUSDT,COOLING,BUY,0.0,19.05,19.05,3.47,0.0,3110.13,3715.63,True,True,0.0,77044.8,-0.005,0.99,0.0288
2026-08-24T08:39:21Z,XRPUSDT,COOLING,SELL,42.24,10.38,42.24,2.05,-0.0,100419.91,81830.96,True,False,0.0068,77079.99,0.0457,0.994,1.4596
2026-08-24T08:39:23Z,HBARUSDT,COOLING,NONE,0.0,0.0,0.0,1.26,-0.0,10251.04,13472.96,True,False,0.0252,77079.99,0.0457,0.941,0.07939
2026-08-24T08:39:25Z,QAITUSDT,COOLING,NONE,0.0,0.0,0.0,64.05,0.0,1198.38,1000.84,True,False,0.0,77079.99,0.0457,1.102,0.002506
2026-08-24T08:39:27Z,REDUSDT,COOLING,NONE,0.0,0.0,0.0,22.69,0.0,3273.14,2159.0,True,False,0.0,77079.99,0.0457,0.962,0.11454
2026-08-24T08:39:29Z,BIOUSDT,COOLING,NONE,0.0,0.0,0.0,6.93,3.46,1623.67,5078.79,True,False,0.0173,77079.99,0.0457,0.946,0.02882
2026-08-24T08:40:04Z,XRPUSDT,COOLING,NONE,0.0,0.0,0.0,1.37,-1.37,145333.65,72559.87,True,False,0.0069,77126.01,0.0597,1.052,1.46
2026-08-24T08:40:07Z,HBARUSDT,COOLING,NONE,0.0,0.0,0.0,1.26,0.0,9600.85,10625.67,True,False,0.0,77126.01,0.0597,0.968,0.07945
2026-08-24T08:40:08Z,QAITUSDT,COOLING,NONE,0.0,0.0,0.0,64.05,0.0,1198.38,1000.84,True,False,0.0,77126.01,0.0597,1.008,0.002506
2026-08-24T08:40:10Z,REDUSDT,COOLING,NONE,0.0,0.0,0.0,21.01,0.0,3969.63,2797.23,True,False,0.0,77126.01,0.0597,1.004,0.11417
2026-08-24T08:40:12Z,BIOUSDT,COOLING,SELL,70.3,0.0,70.3,3.47,0.0,4007.63,3967.78,True,False,0.0,77126.01,0.0597,0.965,0.02886
2026-08-24T08:41:09Z,XRPUSDT,COOLING,SELL,21.13,0.0,21.13,1.37,-0.69,92132.3,64937.69,True,False,0.0034,77091.79,-0.0444,0.958,1.4594
2026-08-24T08:41:10Z,HBARUSDT,COOLING,BUY,0.61,27.98,27.98,1.26,-1.26,27742.26,11161.51,True,True,-0.0189,77091.79,-0.0444,0.948,0.07947
2026-08-24T08:41:14Z,QAITUSDT,COOLING,NONE,0.0,0.0,0.0,64.05,0.0,1198.38,1000.84,True,False,0.0,77091.79,-0.0444,2.211,0.002506
2026-08-24T08:41:15Z,REDUSDT,COOLING,NONE,0.0,0.0,0.0,12.2,0.0,4552.63,2271.3,True,False,0.0,77091.79,-0.0444,0.967,0.11469
2026-08-24T08:41:18Z,BIOUSDT,COOLING,NONE,0.0,0.0,0.0,3.47,-3.47,2841.65,1824.76,True,False,-0.0173,77091.79,-0.0444,0.979,0.02883
2026-08-24T08:41:48Z,XRPUSDT,COOLING,NONE,0.0,0.0,0.0,2.05,0.0,85545.05,58049.4,True,False,0.0,77082.12,-0.0125,0.944,1.4601
2026-08-24T08:41:50Z,HBARUSDT,COOLING,NONE,0.0,0.0,0.0,1.26,0.0,9895.34,22052.73,True,False,0.0,77082.12,-0.0125,1.01,0.07932
2026-08-24T08:41:52Z,QAITUSDT,COOLING,NONE,0.0,0.0,0.0,67.85,0.0,1006.75,1111.44,True,False,0.0,77082.12,-0.0125,0.998,0.002506
2026-08-24T08:41:54Z,REDUSDT,COOLING,BUY,0.0,0.01,0.01,20.05,0.0,5205.22,6059.21,True,False,0.0,77082.12,-0.0125,1.136,0.11473
2026-08-24T08:41:56Z,BIOUSDT,COOLING,NONE,0.0,0.0,0.0,6.93,3.46,2974.66,3749.55,True,False,0.0173,77082.12,-0.0125,0.94,0.02886
2026-08-24T08:42:29Z,XRPUSDT,COOLING,NONE,0.0,0.0,0.0,1.37,0.0,71901.26,58985.75,True,False,0.0,77075.0,-0.0092,1.033,1.4601
2026-08-24T08:42:31Z,HBARUSDT,COOLING,SELL,69.75,0.0,69.75,1.26,-0.0,43356.49,14451.98,True,False,0.0126,77075.0,-0.0092,1.073,0.07931
2026-08-24T08:42:33Z,QAITUSDT,COOLING,SELL,43.53,0.0,43.53,67.85,0.0,1343.55,1111.44,True,False,0.0,77075.0,-0.0092,0.998,0.002506
2026-08-24T08:42:35Z,REDUSDT,COOLING,NONE,0.0,0.0,0.0,20.05,0.0,5035.68,6058.69,True,False,0.0,77075.0,-0.0092,0.96,0.11472
2026-08-24T08:42:38Z,BIOUSDT,COOLING,NONE,0.0,0.0,0.0,6.93,3.47,2779.08,4802.82,True,False,0.0173,77075.0,-0.0092,1.005,0.02884
2026-08-24T08:43:43Z,XRPUSDT,COOLING,BUY,0.0,28.44,28.44,3.43,0.69,75628.16,111768.67,True,False,0.0103,77081.87,0.0089,0.984,1.459
2026-08-24T08:43:45Z,HBARUSDT,COOLING,NONE,0.0,0.0,0.0,1.26,0.0,15737.6,28380.58,True,False,0.0,77081.87,0.0089,0.95,0.07933
2026-08-24T08:43:48Z,QAITUSDT,COOLING,NONE,0.0,0.0,0.0,67.85,0.0,917.09,1153.45,True,False,0.0,77081.87,0.0089,0.968,0.002541
2026-08-24T08:43:50Z,REDUSDT,COOLING,NONE,0.0,0.0,0.0,19.12,0.0,7302.09,4867.54,True,False,0.0,77081.87,0.0089,0.99,0.11487
2026-08-24T08:43:52Z,BIOUSDT,COOLING,NONE,0.0,0.0,0.0,3.47,0.0,5330.38,4524.98,True,False,0.0,77081.87,0.0089,0.943,0.02883
2026-08-24T08:44:23Z,XRPUSDT,COOLING,NONE,0.0,0.0,0.0,3.43,1.37,133827.64,121810.4,True,False,0.0,77087.02,0.0067,0.946,1.4593
2026-08-24T08:44:26Z,HBARUSDT,COOLING,NONE,0.0,0.0,0.0,1.26,0.0,12342.9,10562.21,True,False,0.0,77087.02,0.0067,0.945,0.07936
2026-08-24T08:44:28Z,QAITUSDT,COOLING,NONE,0.0,0.0,0.0,67.85,0.0,1287.36,1123.53,True,False,0.0,77087.02,0.0067,1.006,0.002541
2026-08-24T08:44:29Z,REDUSDT,COOLING,NONE,0.0,0.0,0.0,19.12,0.0,7302.09,5048.75,True,False,0.0,77087.02,0.0067,0.988,0.11507
2026-08-24T08:44:32Z,BIOUSDT,COOLING,BUY,0.0,8.44,8.44,3.46,-0.0,1321.19,2963.75,True,False,0.0346,77087.02,0.0067,1.965,0.02885
2026-08-24T08:45:03Z,XRPUSDT,COOLING,SELL,6.91,0.0,6.91,2.05,-0.68,114293.39,66909.45,True,False,-0.0034,77117.49,0.0395,1.938,1.4613
2026-08-24T08:45:05Z,HBARUSDT,COOLING,NONE,0.0,0.0,0.0,1.26,0.0,20603.97,15414.46,True,False,0.0,77117.49,0.0395,1.013,0.07936
2026-08-24T08:45:07Z,QAITUSDT,COOLING,NONE,0.0,0.0,0.0,67.85,0.0,1287.36,1027.64,True,False,0.0,77117.49,0.0395,1.151,0.002541
2026-08-24T08:45:10Z,REDUSDT,COOLING,NONE,0.0,0.0,0.0,19.12,0.0,7760.76,5048.75,True,False,0.0,77117.49,0.0395,0.987,0.11507
2026-08-24T08:45:14Z,BIOUSDT,COOLING,SELL,27.61,0.0,27.61,3.46,-0.0,2774.32,2737.02,True,False,0.1038,77117.49,0.0395,2.01,0.02891
2026-08-24T08:46:17Z,XRPUSDT,COOLING,SELL,9.51,0.0,9.51,2.74,0.69,113815.59,70639.29,True,False,-0.0103,77120.7,0.0042,2.071,1.4599
2026-08-24T08:46:19Z,HBARUSDT,COOLING,BUY,0.0,6.72,6.72,1.26,0.0,20142.8,11554.47,True,False,-0.0126,77120.7,0.0042,0.994,0.07938
2026-08-24T08:46:21Z,QAITUSDT,COOLING,NONE,0.0,0.0,0.0,67.85,4.0,1287.36,1028.65,True,False,-0.02,77120.7,0.0042,0.949,0.002541
2026-08-24T08:46:23Z,REDUSDT,COOLING,NONE,0.0,0.0,0.0,24.42,0.0,6736.54,2551.24,True,False,0.0,77120.7,0.0042,0.99,0.11488
2026-08-24T08:46:25Z,BIOUSDT,COOLING,NONE,0.0,0.0,0.0,3.47,0.0,2677.16,1982.23,True,False,0.0,77120.7,0.0042,1.031,0.02886
2026-08-24T08:46:58Z,XRPUSDT,COOLING,NONE,0.0,0.0,0.0,2.74,-0.0,92734.86,103018.51,True,False,0.0069,77105.68,-0.0195,0.975,1.459
2026-08-24T08:46:59Z,HBARUSDT,COOLING,NONE,0.0,0.0,0.0,2.52,0.0,16905.1,9942.69,True,False,0.0,77105.68,-0.0195,0.945,0.07938
2026-08-24T08:47:02Z,QAITUSDT,COOLING,NONE,0.0,0.0,0.0,67.85,0.0,1287.36,1020.7,True,False,0.0,77105.68,-0.0195,1.004,0.002541
2026-08-24T08:47:04Z,REDUSDT,COOLING,NONE,0.0,0.0,0.0,15.7,0.0,6738.91,5518.33,True,False,0.0,77105.68,-0.0195,0.931,0.11462
2026-08-24T08:47:06Z,BIOUSDT,COOLING,SELL,13.82,0.0,13.82,3.47,-6.94,2507.44,3932.18,True,False,0.0347,77105.68,-0.0195,0.957,0.02883
2026-08-24T08:47:36Z,XRPUSDT,COOLING,SELL,29.22,18.05,29.22,1.37,-2.06,187866.25,90498.59,True,False,-0.0789,77104.51,-0.0015,1.992,1.4582
2026-08-24T08:47:39Z,HBARUSDT,COOLING,NONE,0.0,0.0,0.0,2.52,1.26,12555.74,14443.08,True,False,-0.0315,77104.51,-0.0015,0.96,0.07936
2026-08-24T08:47:42Z,QAITUSDT,COOLING,NONE,0.0,0.0,0.0,67.85,0.0,1287.36,1020.7,True,False,0.0,77104.51,-0.0015,1.948,0.002541
2026-08-24T08:47:45Z,REDUSDT,COOLING,NONE,0.0,0.0,0.0,23.67,0.0,5890.08,4854.86,True,False,0.0,77104.51,-0.0015,0.985,0.11462
2026-08-24T08:47:47Z,BIOUSDT,COOLING,NONE,0.0,0.0,0.0,3.47,0.0,4189.35,4231.5,True,False,0.0,77104.51,-0.0015,1.012,0.02879
2026-08-24T08:48:46Z,XRPUSDT,COOLING,NONE,0.0,0.0,0.0,2.74,0.69,74292.05,47874.61,True,False,-0.0034,77120.75,0.0211,0.963,1.4594
2026-08-24T08:48:49Z,HBARUSDT,COOLING,NONE,0.0,0.0,0.0,1.26,0.0,35492.17,14324.66,True,False,0.0,77120.75,0.0211,0.935,0.07932
2026-08-24T08:48:51Z,QAITUSDT,COOLING,NONE,0.0,0.0,0.0,67.85,0.0,1287.36,1020.7,True,False,0.0,77120.75,0.0211,0.959,0.002541
2026-08-24T08:48:52Z,REDUSDT,COOLING,NONE,0.0,0.0,0.0,21.05,0.0,8233.6,5642.86,True,False,0.0,77120.75,0.0211,0.965,0.11414
2026-08-24T08:48:54Z,BIOUSDT,COOLING,NONE,0.0,0.0,0.0,6.94,0.0,1967.09,3745.98,True,False,0.0,77120.75,0.0211,1.005,0.02881
2026-08-24T08:49:28Z,XRPUSDT,COOLING,BUY,0.0,0.04,0.04,2.06,-0.69,77152.23,46289.74,True,False,0.0034,77112.3,-0.011,0.999,1.4592
2026-08-24T08:49:31Z,HBARUSDT,COOLING,BUY,0.0,9.05,9.05,1.26,0.0,9869.74,33931.39,True,False,0.0,77112.3,-0.011,0.982,0.07933
2026-08-24T08:49:34Z,QAITUSDT,COOLING,NONE,0.0,0.0,0.0,67.85,0.0,1287.36,1020.7,True,False,0.0,77112.3,-0.011,1.926,0.002541
2026-08-24T08:49:38Z,REDUSDT,COOLING,NONE,0.0,0.0,0.0,21.05,0.0,8233.6,5642.86,True,False,0.0,77112.3,-0.011,0.935,0.11408
2026-08-24T08:49:40Z,BIOUSDT,COOLING,SELL,62.02,0.0,62.02,6.94,0.0,3234.74,3672.75,True,False,-0.0347,77112.3,-0.011,0.939,0.02884
2026-08-24T08:50:12Z,XRPUSDT,COOLING,BUY,16.28,27.58,27.58,2.74,0.69,120790.86,109341.84,True,False,-0.0103,77148.85,0.0474,1.001,1.4601
2026-08-24T08:50:14Z,HBARUSDT,COOLING,NONE,0.0,0.0,0.0,1.26,0.0,10590.25,14052.6,True,False,0.0,77148.85,0.0474,1.928,0.07933
2026-08-24T08:50:16Z,QAITUSDT,COOLING,NONE,0.0,0.0,0.0,67.85,0.0,1287.36,1020.7,True,False,0.0,77148.85,0.0474,1.075,0.002541
2026-08-24T08:50:19Z,REDUSDT,COOLING,NONE,0.0,0.0,0.0,19.28,0.0,5118.92,5782.46,True,False,0.0,77148.85,0.0474,0.971,0.11402
2026-08-24T08:50:22Z,BIOUSDT,COOLING,NONE,0.0,0.0,0.0,3.47,0.0,2708.96,3599.24,True,False,0.0,77148.85,0.0474,0.977,0.02881
2026-08-24T08:51:18Z,XRPUSDT,COOLING,NONE,0.0,0.0,0.0,2.74,0.0,110457.66,81773.64,True,False,0.0,77107.43,-0.0537,0.961,1.4597
2026-08-24T08:51:20Z,HBARUSDT,COOLING,SELL,58.68,0.0,58.68,3.77,-0.0,23949.02,27533.94,True,False,0.0126,77107.43,-0.0537,0.931,0.07956
2026-08-24T08:51:22Z,QAITUSDT,COOLING,NONE,0.0,0.0,0.0,67.85,0.0,1287.36,1020.7,True,False,0.0,77107.43,-0.0537,0.921,0.002541
2026-08-24T08:51:25Z,REDUSDT,COOLING,NONE,0.0,0.0,0.0,19.28,0.0,5424.17,5638.77,True,False,0.0,77107.43,-0.0537,0.949,0.11419
2026-08-24T08:51:26Z,BIOUSDT,COOLING,NONE,0.0,0.0,0.0,3.47,0.0,2973.82,2426.49,True,False,0.0,77107.43,-0.0537,1.097,0.02882
2026-08-24T08:52:02Z,XRPUSDT,COOLING,NONE,0.0,0.0,0.0,2.06,0.69,91571.1,100375.47,True,False,-0.0103,77100.73,-0.0087,1.981,1.459
2026-08-24T08:52:04Z,HBARUSDT,COOLING,NONE,0.0,0.0,0.0,1.26,-1.26,15878.88,11420.49,True,False,0.0063,77100.73,-0.0087,1.545,0.07963
2026-08-24T08:52:06Z,QAITUSDT,COOLING,NONE,0.0,0.0,0.0,67.85,0.0,1287.36,1020.7,True,False,0.0,77100.73,-0.0087,1.0,0.002541
2026-08-24T08:52:08Z,REDUSDT,COOLING,NONE,0.0,0.0,0.0,19.28,0.0,5424.17,7119.32,True,False,0.0,77100.73,-0.0087,0.966,0.11406
2026-08-24T08:52:11Z,BIOUSDT,COOLING,BUY,0.0,61.55,61.55,3.47,0.0,2546.03,4557.31,True,False,0.0,77100.73,-0.0087,1.003,0.02884
2026-08-24T08:52:41Z,XRPUSDT,COOLING,BUY,0.0,26.08,26.08,1.37,-1.37,82328.56,84605.47,True,False,-0.0206,77121.17,0.0265,0.933,1.4599
2026-08-24T08:52:43Z,HBARUSDT,COOLING,SELL,21.0,0.0,21.0,1.26,0.0,30796.57,10969.37,True,False,0.0,77121.17,0.0265,0.956,0.07955
2026-08-24T08:52:45Z,QAITUSDT,COOLING,NONE,0.0,0.0,0.0,67.85,0.0,1287.36,1020.7,True,False,0.0,77121.17,0.0265,0.981,0.002541
2026-08-24T08:52:47Z,REDUSDT,COOLING,NONE,0.0,0.0,0.0,19.28,0.0,5424.17,7119.32,True,False,0.0,77121.17,0.0265,0.969,0.11409
2026-08-24T08:52:49Z,BIOUSDT,COOLING,NONE,0.0,0.0,0.0,3.47,0.0,2599.46,4955.65,True,False,0.0,77121.17,0.0265,0.913,0.02881
2026-08-24T08:53:44Z,XRPUSDT,COOLING,NONE,0.0,0.0,0.0,2.06,0.0,84917.35,82857.37,True,False,0.0,77070.65,-0.0655,1.013,1.4587
2026-08-24T08:53:45Z,HBARUSDT,COOLING,NONE,0.0,0.0,0.0,1.26,0.0,12700.81,24869.17,True,False,-0.0252,77070.65,-0.0655,0.964,0.07951
2026-08-24T08:53:49Z,QAITUSDT,COOLING,NONE,0.0,0.0,0.0,67.85,0.0,1287.36,1020.7,True,False,0.0,77070.65,-0.0655,1.978,0.002541
2026-08-24T08:53:51Z,REDUSDT,COOLING,NONE,0.0,0.0,0.0,20.2,6.14,8351.2,6936.85,True,False,0.0307,77070.65,-0.0655,1.008,0.11384
2026-08-24T08:53:53Z,BIOUSDT,COOLING,NONE,0.0,0.0,0.0,6.94,0.0,4654.93,4557.31,True,False,0.0,77070.65,-0.0655,0.919,0.02883
2026-08-24T08:54:25Z,XRPUSDT,COOLING,NONE,0.0,0.0,0.0,2.74,0.68,82026.95,56477.1,True,False,0.0034,77094.14,0.0305,0.998,1.4609
2026-08-24T08:54:27Z,HBARUSDT,COOLING,NONE,0.0,0.0,0.0,1.26,0.0,10861.68,23513.43,True,False,0.0,77094.14,0.0305,1.006,0.07953
2026-08-24T08:54:28Z,QAITUSDT,COOLING,NONE,0.0,0.0,0.0,67.85,0.0,1287.36,1020.7,True,False,0.0,77094.14,0.0305,0.987,0.002541
2026-08-24T08:54:32Z,REDUSDT,COOLING,NONE,0.0,0.0,0.0,11.41,0.0,5054.47,5337.58,True,False,0.0,77094.14,0.0305,1.195,0.11392
2026-08-24T08:54:35Z,BIOUSDT,COOLING,NONE,0.0,0.0,0.0,3.47,0.0,1512.26,4557.31,True,False,0.0,77094.14,0.0305,2.165,0.02882
2026-08-24T08:55:05Z,XRPUSDT,COOLING,NONE,0.0,0.0,0.0,2.74,-0.0,101869.09,39750.29,True,False,0.0137,77075.41,-0.0243,0.923,1.46
2026-08-24T08:55:07Z,HBARUSDT,COOLING,SELL,38.21,16.59,38.21,1.26,0.0,13038.62,24819.74,True,False,-0.0503,77075.41,-0.0243,0.993,0.07953
2026-08-24T08:55:09Z,QAITUSDT,COOLING,NONE,0.0,0.0,0.0,67.85,0.0,1287.36,1020.7,True,False,0.0,77075.41,-0.0243,1.055,0.002541
2026-08-24T08:55:11Z,REDUSDT,COOLING,NONE,0.0,0.0,0.0,11.41,0.0,7348.8,5337.58,True,False,0.0,77075.41,-0.0243,0.937,0.11394
2026-08-24T08:55:15Z,BIOUSDT,COOLING,SELL,28.96,0.0,28.96,3.46,0.0,3472.33,2294.86,True,False,0.0,77075.41,-0.0243,1.915,0.02883
2026-08-24T08:56:16Z,XRPUSDT,COOLING,NONE,0.0,0.0,0.0,0.68,0.0,69976.8,71467.47,True,False,0.0,77061.89,-0.0175,1.063,1.4609
2026-08-24T08:56:18Z,HBARUSDT,COOLING,NONE,0.0,0.0,0.0,1.26,0.0,24120.26,25358.03,True,False,0.0,77061.89,-0.0175,1.92,0.07944
2026-08-24T08:56:20Z,QAITUSDT,COOLING,NONE,0.0,0.0,0.0,67.85,0.0,1287.36,1020.7,True,False,0.0,77061.89,-0.0175,1.229,0.002541
2026-08-24T08:56:23Z,REDUSDT,COOLING,NONE,0.0,0.0,0.0,11.41,0.0,7348.8,5337.58,True,False,0.0,77061.89,-0.0175,2.129,0.11394
2026-08-24T08:56:27Z,BIOUSDT,COOLING,SELL,9.93,0.0,9.93,3.46,0.0,2227.84,2437.12,True,False,0.0,77061.89,-0.0175,2.03,0.02884
2026-08-24T08:56:59Z,XRPUSDT,COOLING,NONE,0.0,0.0,0.0,2.05,-0.68,106293.57,41821.28,True,False,-0.0034,77045.79,-0.0209,0.959,1.4603
2026-08-24T08:57:01Z,HBARUSDT,COOLING,NONE,0.0,0.0,0.0,1.26,-2.51,9791.82,23834.29,True,False,-0.0,77045.79,-0.0209,1.166,0.07954
2026-08-24T08:57:03Z,QAITUSDT,COOLING,NONE,0.0,0.0,0.0,67.85,0.0,1287.36,1020.7,True,False,0.0,77045.79,-0.0209,1.024,0.002541
2026-08-24T08:57:05Z,REDUSDT,COOLING,NONE,0.0,0.0,0.0,14.05,0.0,7076.4,6936.85,True,False,0.0,77045.79,-0.0209,0.923,0.11396
2026-08-24T08:57:08Z,BIOUSDT,COOLING,NONE,0.0,0.0,0.0,3.47,0.0,1782.29,3806.69,True,False,0.0,77045.79,-0.0209,0.983,0.02884
2026-08-24T08:57:37Z,XRPUSDT,COOLING,BUY,6.16,29.46,29.46,0.69,-2.06,96543.39,69420.02,True,False,0.0309,77020.64,-0.0326,0.992,1.4588
2026-08-24T08:57:39Z,HBARUSDT,COOLING,NONE,0.0,0.0,0.0,1.26,0.0,9546.27,11844.14,True,False,-0.0126,77020.64,-0.0326,1.003,0.07954
2026-08-24T08:57:41Z,QAITUSDT,COOLING,NONE,0.0,0.0,0.0,67.85,0.0,1287.36,1020.7,True,False,0.0,77020.64,-0.0326,1.511,0.002541
2026-08-24T08:57:44Z,REDUSDT,COOLING,NONE,0.0,0.0,0.0,11.43,0.0,4875.15,5047.71,True,False,0.0,77020.64,-0.0326,0.975,0.1139
2026-08-24T08:57:47Z,BIOUSDT,COOLING,NONE,0.0,0.0,0.0,6.94,0.0,3053.13,3563.82,True,False,0.0,77020.64,-0.0326,1.086,0.02884
2026-08-24T08:58:44Z,XRPUSDT,COOLING,BUY,0.0,0.02,0.02,2.05,-0.0,108241.75,66677.78,True,False,0.0068,77025.82,0.0067,1.984,1.4605
2026-08-24T08:58:46Z,HBARUSDT,COOLING,NONE,0.0,0.0,0.0,1.26,0.0,10170.03,21240.22,True,False,0.0,77025.82,0.0067,0.964,0.07948
2026-08-24T08:58:48Z,QAITUSDT,COOLING,NONE,0.0,0.0,0.0,27.81,0.0,1283.0,679.84,True,False,0.0,77025.82,0.0067,1.008,0.002514
2026-08-24T08:58:51Z,REDUSDT,COOLING,BUY,0.0,4.03,4.03,21.24,0.0,5885.29,6676.82,True,False,0.0,77025.82,0.0067,1.994,0.1137
2026-08-24T08:58:52Z,BIOUSDT,COOLING,NONE,0.0,0.0,0.0,6.93,0.0,2632.18,4302.07,True,False,0.0,77025.82,0.0067,0.935,0.02882
2026-08-24T08:59:24Z,XRPUSDT,COOLING,NONE,0.0,0.0,0.0,2.74,0.0,104285.45,65797.92,True,False,0.0,77040.1,0.0185,0.93,1.4604
2026-08-24T08:59:26Z,HBARUSDT,COOLING,BUY,0.0,42.25,42.25,1.26,0.0,15112.49,26636.1,True,False,0.0,77040.1,0.0185,1.005,0.07961
2026-08-24T08:59:29Z,QAITUSDT,COOLING,BUY,0.0,11.43,11.43,27.81,0.0,829.71,977.56,True,False,0.0,77040.1,0.0185,0.976,0.002514
2026-08-24T08:59:32Z,REDUSDT,COOLING,NONE,0.0,0.0,0.0,11.51,0.0,5885.29,6260.43,True,False,0.0,77040.1,0.0185,1.584,0.11305
2026-08-24T08:59:34Z,BIOUSDT,COOLING,NONE,0.0,0.0,0.0,3.47,0.0,1860.02,4413.83,True,False,0.0,77040.1,0.0185,0.995,0.02886
2026-08-24T09:00:05Z,XRPUSDT,COOLING,BUY,0.0,18.57,18.57,2.05,-0.0,109824.65,66476.77,True,True,0.0343,77041.0,0.0012,0.995,1.4598
2026-08-24T09:00:07Z,HBARUSDT,COOLING,NONE,0.0,0.0,0.0,3.77,0.0,17153.75,30088.36,True,False,0.0,77041.0,0.0012,1.008,0.07959
2026-08-24T09:00:09Z,QAITUSDT,COOLING,NONE,0.0,0.0,0.0,27.81,0.0,829.71,925.48,True,False,0.0,77041.0,0.0012,0.983,0.002514
2026-08-24T09:00:11Z,REDUSDT,COOLING,NONE,0.0,0.0,0.0,19.48,0.0,5763.63,6268.5,True,False,0.0,77041.0,0.0012,0.905,0.11294
2026-08-24T09:00:14Z,BIOUSDT,COOLING,NONE,0.0,0.0,0.0,3.47,0.0,3114.24,4892.99,True,False,0.0,77041.0,0.0012,2.208,0.02885
2026-08-24T09:01:09Z,XRPUSDT,COOLING,BUY,0.0,51.93,51.93,2.05,-0.68,83594.07,90713.35,True,False,0.0034,77047.41,0.0083,1.054,1.4611
2026-08-24T09:01:11Z,HBARUSDT,COOLING,NONE,0.0,0.0,0.0,1.26,0.0,15734.33,27801.89,True,False,0.0,77047.41,0.0083,0.982,0.07945
2026-08-24T09:01:13Z,QAITUSDT,COOLING,NONE,0.0,0.0,0.0,27.81,0.0,829.71,921.98,True,False,0.0,77047.41,0.0083,1.035,0.002514
2026-08-24T09:01:14Z,REDUSDT,COOLING,NONE,0.0,0.0,0.0,11.47,0.0,8809.07,6769.54,True,False,0.0,77047.41,0.0083,0.99,0.11323
2026-08-24T09:01:17Z,BIOUSDT,COOLING,NONE,0.0,0.0,0.0,3.47,0.0,1976.25,4179.04,True,False,0.0,77047.41,0.0083,1.027,0.02887
2026-08-24T09:01:50Z,XRPUSDT,COOLING,BUY,2.34,12.87,12.87,4.1,2.05,93165.44,60151.04,True,False,0.0239,77087.56,0.0521,1.961,1.4624
2026-08-24T09:01:52Z,HBARUSDT,COOLING,SELL,67.91,0.0,67.91,1.26,0.0,39851.96,10851.08,True,False,0.0,77087.56,0.0521,1.008,0.07961
2026-08-24T09:01:56Z,QAITUSDT,COOLING,NONE,0.0,0.0,0.0,27.81,0.0,829.71,965.35,True,False,0.0,77087.56,0.0521,0.924,0.002514
2026-08-24T09:01:58Z,REDUSDT,COOLING,NONE,0.0,0.0,0.0,13.22,0.0,5464.18,1953.2,True,False,0.0,77087.56,0.0521,0.994,0.1133
2026-08-24T09:02:01Z,BIOUSDT,COOLING,NONE,0.0,0.0,0.0,3.47,0.0,2326.65,3188.85,True,False,0.0,77087.56,0.0521,1.947,0.02885
2026-08-24T09:02:34Z,XRPUSDT,COOLING,BUY,0.0,39.71,39.71,2.05,-0.0,98001.07,68367.98,True,False,0.0137,77099.99,0.0161,0.972,1.4628
2026-08-24T09:02:36Z,HBARUSDT,COOLING,NONE,0.0,0.0,0.0,1.26,0.0,19443.77,14411.05,True,False,0.0,77099.99,0.0161,0.96,0.07958
2026-08-24T09:02:39Z,QAITUSDT,COOLING,NONE,0.0,0.0,0.0,27.81,0.0,829.71,946.21,True,False,0.0,77099.99,0.0161,1.944,0.002514
2026-08-24T09:02:42Z,REDUSDT,COOLING,NONE,0.0,0.0,0.0,21.2,0.0,7297.66,5503.34,True,False,0.0,77099.99,0.0161,0.93,0.11342
2026-08-24T09:02:43Z,BIOUSDT,COOLING,NONE,0.0,0.0,0.0,3.47,0.0,3447.57,3592.73,True,False,0.0,77099.99,0.0161,0.955,0.02884
2026-08-24T09:03:36Z,XRPUSDT,COOLING,SELL,6.05,0.0,6.05,2.05,-0.68,126378.79,185068.78,True,False,-0.0034,77122.46,0.0291,0.969,1.4626
2026-08-24T09:03:40Z,HBARUSDT,COOLING,SELL,47.69,0.0,47.69,1.26,-0.0,37762.86,15466.19,True,False,0.0251,77122.46,0.0291,0.989,0.07958
2026-08-24T09:03:43Z,QAITUSDT,COOLING,NONE,0.0,0.0,0.0,27.81,0.0,829.71,909.48,True,False,0.0,77122.46,0.0291,1.976,0.002514
2026-08-24T09:03:47Z,REDUSDT,COOLING,NONE,0.0,0.0,0.0,11.47,0.0,5448.8,4786.63,True,False,0.0,77122.46,0.0291,1.923,0.11324
2026-08-24T09:03:50Z,BIOUSDT,COOLING,BUY,0.0,11.75,11.75,13.82,0.0,3920.49,1902.86,True,False,0.0,77122.46,0.0291,0.986,0.02884
2026-08-24T09:04:21Z,XRPUSDT,COOLING,BUY,0.0,1.97,1.97,2.73,-0.68,109431.47,62085.32,True,False,0.0034,77139.89,0.0226,0.989,1.4656
2026-08-24T09:04:25Z,HBARUSDT,COOLING,NONE,0.0,0.0,0.0,2.51,-1.25,25097.1,11011.87,True,False,-0.0063,77139.89,0.0226,1.921,0.07972
2026-08-24T09:04:27Z,QAITUSDT,COOLING,NONE,0.0,0.0,0.0,27.81,0.0,829.71,909.48,True,False,0.0,77139.89,0.0226,1.013,0.002514
2026-08-24T09:04:29Z,REDUSDT,COOLING,NONE,0.0,0.0,0.0,19.38,0.0,6511.33,1747.3,True,False,0.0,77139.89,0.0226,0.956,0.1133
2026-08-24T09:04:31Z,BIOUSDT,COOLING,NONE,0.0,0.0,0.0,10.36,0.0,2510.49,1214.07,True,False,0.0,77139.89,0.0226,0.991,0.02898
2026-08-24T09:05:01Z,XRPUSDT,COOLING,SELL,35.2,0.0,35.2,2.05,-0.68,124613.61,134797.71,True,False,0.0034,77171.1,0.0405,0.985,1.4658
2026-08-24T09:05:05Z,HBARUSDT,COOLING,NONE,0.0,0.0,0.0,2.5,-0.0,13021.83,11059.34,True,False,0.0125,77171.1,0.0405,1.97,0.0799
2026-08-24T09:05:09Z,QAITUSDT,COOLING,NONE,0.0,0.0,0.0,27.81,0.0,829.71,909.48,True,False,0.0,77171.1,0.0405,0.968,0.002514
2026-08-24T09:05:11Z,REDUSDT,COOLING,BUY,0.0,2.98,2.98,27.21,0.0,6681.07,5910.57,True,False,0.0,77171.1,0.0405,0.95,0.11352
2026-08-24T09:05:13Z,BIOUSDT,COOLING,NONE,0.0,0.0,0.0,10.36,0.0,3404.25,2819.93,True,False,0.0,77171.1,0.0405,0.936,0.02898
2026-08-24T09:06:10Z,XRPUSDT,COOLING,SELL,0.21,0.0,0.21,1.36,-0.68,84474.52,105363.48,True,False,0.0034,77172.62,0.002,0.994,1.4669
2026-08-24T09:06:12Z,QAITUSDT,COOLING,NONE,0.0,0.0,0.0,27.81,0.0,829.71,909.48,True,False,0.0,77172.62,0.002,0.977,0.002514
2026-08-24T09:06:15Z,REDUSDT,COOLING,NONE,0.0,0.0,0.0,14.04,0.0,5624.42,5740.53,True,False,0.0,77172.62,0.002,0.901,0.1139
2026-08-24T09:06:18Z,BIOUSDT,COOLING,NONE,0.0,0.0,0.0,6.9,0.0,2654.13,3617.75,True,False,0.0,77172.62,0.002,2.041,0.029
2026-08-24T09:06:21Z,RWAINCUSDT,IMPULSE,NONE,0.0,0.0,0.0,94.79,0.0,1389.97,1425.98,True,False,0.0,77172.62,0.002,0.912,0.002104
2026-08-24T09:06:54Z,XRPUSDT,COOLING,SELL,7.65,0.0,7.65,2.05,-0.68,110616.99,57170.89,True,False,-0.0102,77171.1,-0.002,1.004,1.4661
2026-08-24T09:06:56Z,QAITUSDT,COOLING,NONE,0.0,0.0,0.0,27.81,0.0,829.71,909.48,True,False,0.0,77171.1,-0.002,0.992,0.002514
2026-08-24T09:06:59Z,REDUSDT,COOLING,NONE,0.0,0.0,0.0,12.29,0.0,5624.42,5674.37,True,False,0.0,77171.1,-0.002,1.074,0.11392
2026-08-24T09:07:01Z,BIOUSDT,COOLING,NONE,0.0,0.0,0.0,3.45,0.0,4118.7,1724.65,True,False,0.0,77171.1,-0.002,0.958,0.029
2026-08-24T09:07:03Z,RWAINCUSDT,IMPULSE,NONE,0.0,0.0,0.0,94.79,0.0,1389.97,1425.98,True,False,0.0,77171.1,-0.002,1.032,0.002104
2026-08-24T09:07:33Z,XRPUSDT,COOLING,BUY,0.0,51.68,51.68,2.04,0.0,114063.49,145049.08,True,False,0.0,77179.99,0.0115,0.959,1.469
2026-08-24T09:07:37Z,QAITUSDT,COOLING,NONE,0.0,0.0,0.0,27.81,0.0,829.71,909.48,True,False,0.0,77179.99,0.0115,1.98,0.002514
2026-08-24T09:07:39Z,REDUSDT,COOLING,NONE,0.0,0.0,0.0,10.52,0.0,5630.8,5471.23,True,False,0.0,77179.99,0.0115,0.996,0.11401
2026-08-24T09:07:41Z,BIOUSDT,COOLING,BUY,0.0,6.97,6.97,6.9,0.0,2037.84,5225.79,True,False,0.0,77179.99,0.0115,0.956,0.02901
2026-08-24T09:07:43Z,RWAINCUSDT,IMPULSE,NONE,0.0,0.0,0.0,94.79,0.0,1389.97,1425.98,True,False,0.0,77179.99,0.0115,0.984,0.002104
2026-08-24T09:08:35Z,XRPUSDT,COOLING,BUY,0.0,32.44,32.44,4.75,4.07,79896.65,70015.8,True,False,0.0204,77217.85,0.0491,0.981,1.4733
2026-08-24T09:08:37Z,QAITUSDT,COOLING,NONE,0.0,0.0,0.0,27.81,0.0,829.71,909.48,True,False,0.0,77217.85,0.0491,0.944,0.002514
2026-08-24T09:08:39Z,REDUSDT,COOLING,NONE,0.0,0.0,0.0,10.48,0.0,7430.6,5132.08,True,False,0.0,77217.85,0.0491,1.196,0.11401
2026-08-24T09:08:41Z,BIOUSDT,COOLING,SELL,0.03,0.0,0.03,6.88,3.44,4870.47,3962.76,True,False,-0.0172,77217.85,0.0491,1.037,0.02902
2026-08-24T09:08:43Z,RWAINCUSDT,IMPULSE,NONE,0.0,0.0,0.0,94.79,0.0,1389.97,1425.98,True,False,0.0,77217.85,0.0491,1.226,0.002104
2026-08-24T09:09:15Z,XRPUSDT,COOLING,NONE,0.0,0.0,0.0,2.03,-0.68,66154.42,69819.13,True,False,0.0034,77226.16,0.0108,0.915,1.4744
2026-08-24T09:09:17Z,QAITUSDT,COOLING,NONE,0.0,0.0,0.0,27.81,0.0,829.71,909.48,True,False,0.0,77226.16,0.0108,0.987,0.002514
2026-08-24T09:09:20Z,REDUSDT,COOLING,NONE,0.0,0.0,0.0,12.22,0.0,5179.27,5763.44,True,False,0.0,77226.16,0.0108,2.024,0.11441
2026-08-24T09:09:22Z,BIOUSDT,COOLING,NONE,0.0,0.0,0.0,3.44,-3.44,4257.52,1736.2,True,False,-0.0172,77226.16,0.0108,1.006,0.02911
2026-08-24T09:09:25Z,RWAINCUSDT,IMPULSE,NONE,0.0,0.0,0.0,94.79,0.0,1389.97,1425.98,True,False,0.0,77226.16,0.0108,0.982,0.002104
2026-08-24T09:09:56Z,XRPUSDT,COOLING,NONE,0.0,0.0,0.0,1.36,0.0,81682.75,110043.72,True,False,0.0,77259.99,0.0438,0.935,1.4724
2026-08-24T09:09:59Z,QAITUSDT,COOLING,NONE,0.0,0.0,0.0,27.81,0.0,829.71,909.48,True,False,0.0,77259.99,0.0438,2.106,0.002514
2026-08-24T09:10:01Z,REDUSDT,COOLING,NONE,0.0,0.0,0.0,20.98,0.0,6279.79,5755.85,True,False,0.0,77259.99,0.0438,0.975,0.11453
2026-08-24T09:10:03Z,BIOUSDT,COOLING,NONE,0.0,0.0,0.0,3.44,0.0,7097.57,2151.21,True,False,0.0,77259.99,0.0438,0.975,0.02911
2026-08-24T09:10:05Z,RWAINCUSDT,IMPULSE,NONE,0.0,0.0,0.0,94.79,0.0,1389.97,1425.98,True,False,0.0,77259.99,0.0438,0.945,0.002104
2026-08-24T09:11:05Z,XRPUSDT,COOLING,SELL,10.69,0.0,10.69,2.72,0.68,87818.54,82407.01,True,False,-0.0238,77210.84,-0.0636,1.97,1.4703
2026-08-24T09:11:07Z,QAITUSDT,COOLING,NONE,0.0,0.0,0.0,27.81,0.0,829.71,909.48,True,False,0.0,77210.84,-0.0636,1.036,0.002514
2026-08-24T09:11:08Z,REDUSDT,COOLING,NONE,0.0,0.0,0.0,21.01,-7.01,7990.1,5437.1,True,False,0.035,77210.84,-0.0636,0.962,0.11425
2026-08-24T09:11:10Z,BIOUSDT,COOLING,BUY,0.0,5.68,5.68,3.44,0.0,3270.72,3200.96,True,False,0.0,77210.84,-0.0636,1.023,0.02905
2026-08-24T09:11:13Z,RWAINCUSDT,IMPULSE,NONE,0.0,0.0,0.0,94.79,0.0,1389.97,1425.98,True,False,0.0,77210.84,-0.0636,0.991,0.002104
2026-08-24T09:11:45Z,XRPUSDT,COOLING,BUY,0.0,39.25,39.25,2.04,0.0,70564.78,92993.97,True,False,0.0,77230.76,0.0258,1.007,1.47
2026-08-24T09:11:46Z,QAITUSDT,COOLING,NONE,0.0,0.0,0.0,27.81,0.0,829.71,1548.17,True,False,0.0,77230.76,0.0258,0.96,0.002514
2026-08-24T09:11:49Z,REDUSDT,COOLING,NONE,0.0,0.0,0.0,9.64,0.0,5725.05,5034.81,True,False,0.0,77230.76,0.0258,1.339,0.1142
2026-08-24T09:11:51Z,BIOUSDT,COOLING,BUY,0.0,39.2,39.2,3.44,-3.44,3270.72,4484.94,True,False,0.0172,77230.76,0.0258,0.964,0.02905
2026-08-24T09:11:53Z,RWAINCUSDT,IMPULSE,NONE,0.0,0.0,0.0,94.79,0.0,1389.97,1425.98,True,False,0.0,77230.76,0.0258,1.409,0.002104
2026-08-24T09:12:25Z,XRPUSDT,COOLING,SELL,39.78,0.0,39.78,2.04,-1.36,112211.94,55996.77,True,False,-0.0068,77223.23,-0.0098,0.903,1.4698
2026-08-24T09:12:27Z,QAITUSDT,COOLING,NONE,0.0,0.0,0.0,27.81,0.0,829.71,1548.17,True,False,0.0,77223.23,-0.0098,0.973,0.002514
2026-08-24T09:12:29Z,REDUSDT,COOLING,NONE,0.0,0.0,0.0,19.28,0.0,5725.05,5037.87,True,False,0.0,77223.23,-0.0098,1.043,0.11411
2026-08-24T09:12:31Z,BIOUSDT,COOLING,NONE,0.0,0.0,0.0,3.44,0.0,3270.72,4914.05,True,False,0.0,77223.23,-0.0098,1.049,0.02905
2026-08-24T09:12:34Z,RWAINCUSDT,IMPULSE,NONE,0.0,0.0,0.0,94.79,0.0,1389.97,1425.98,True,False,0.0,77223.23,-0.0098,0.954,0.002104
2026-08-24T09:13:28Z,XRPUSDT,COOLING,NONE,0.0,0.0,0.0,2.04,0.0,77693.66,97698.04,True,False,0.0,77246.31,0.0299,1.005,1.4705
2026-08-24T09:13:30Z,HBARUSDT,COOLING,NONE,0.0,0.0,0.0,3.76,-1.25,7990.93,9341.28,True,False,0.0063,77246.31,0.0299,0.994,0.07973
2026-08-24T09:13:32Z,QAITUSDT,COOLING,NONE,0.0,0.0,0.0,27.81,0.0,829.71,1548.17,True,False,0.0,77246.31,0.0299,0.982,0.002514
2026-08-24T09:13:34Z,REDUSDT,COOLING,NONE,0.0,0.0,0.0,19.28,0.0,5455.53,4784.11,True,False,0.0,77246.31,0.0299,0.961,0.11411
2026-08-24T09:13:38Z,BIOUSDT,COOLING,NONE,0.0,0.0,0.0,3.44,0.0,3752.12,3029.52,True,False,0.0,77246.31,0.0299,1.064,0.02905
2026-08-24T09:14:09Z,XRPUSDT,COOLING,BUY,0.0,10.77,10.77,2.04,-0.0,110513.94,91114.06,True,False,0.0136,77280.12,0.0438,1.335,1.4714
2026-08-24T09:14:12Z,HBARUSDT,COOLING,NONE,0.0,0.0,0.0,1.25,0.0,9497.83,11285.4,True,False,0.0,77280.12,0.0438,0.936,0.07973
2026-08-24T09:14:14Z,QAITUSDT,COOLING,NONE,0.0,0.0,0.0,27.81,0.0,829.71,1548.17,True,False,0.0,77280.12,0.0438,0.982,0.002514
2026-08-24T09:14:16Z,REDUSDT,COOLING,NONE,0.0,0.0,0.0,14.0,0.0,6298.61,4553.48,True,False,0.0,77280.12,0.0438,0.954,0.11419
2026-08-24T09:14:18Z,BIOUSDT,COOLING,NONE,0.0,0.0,0.0,3.44,0.0,4259.75,2119.71,True,False,0.0,77280.12,0.0438,0.976,0.02905
2026-08-24T09:14:48Z,XRPUSDT,COOLING,SELL,24.74,0.0,24.74,2.72,0.68,97720.72,77952.94,True,False,0.0102,77292.6,0.0161,0.943,1.4729
2026-08-24T09:14:50Z,HBARUSDT,COOLING,BUY,0.0,5.85,5.85,3.76,1.25,9411.95,13045.31,True,False,-0.0188,77292.6,0.0161,0.965,0.0798
2026-08-24T09:14:51Z,QAITUSDT,COOLING,NONE,0.0,0.0,0.0,27.81,0.0,829.71,1548.17,True,False,0.0,77292.6,0.0161,0.933,0.002514
2026-08-24T09:14:53Z,REDUSDT,COOLING,NONE,0.0,0.0,0.0,14.0,0.0,6298.61,5529.17,True,False,0.0,77292.6,0.0161,1.129,0.11432
2026-08-24T09:14:55Z,BIOUSDT,COOLING,NONE,0.0,0.0,0.0,3.43,0.0,2506.22,4763.01,True,False,0.0,77292.6,0.0161,1.016,0.02913
2026-08-24T09:15:54Z,XRPUSDT,COOLING,SELL,34.75,0.0,34.75,2.04,-0.68,100836.0,188360.45,True,True,-0.0102,77346.96,0.0703,0.972,1.4732
2026-08-24T09:15:56Z,HBARUSDT,COOLING,NONE,0.0,0.0,0.0,1.25,0.0,9480.04,12785.64,True,False,0.0,77346.96,0.0703,0.974,0.07979
2026-08-24T09:16:00Z,QAITUSDT,COOLING,NONE,0.0,0.0,0.0,27.81,0.0,829.71,1548.17,True,False,0.0,77346.96,0.0703,1.912,0.002514
2026-08-24T09:16:02Z,REDUSDT,COOLING,NONE,0.0,0.0,0.0,20.13,0.0,7058.94,5532.53,True,False,0.0,77346.96,0.0703,0.941,0.11425
2026-08-24T09:16:05Z,BIOUSDT,COOLING,NONE,0.0,0.0,0.0,3.43,0.0,3109.35,4787.23,True,False,0.0,77346.96,0.0703,0.915,0.02912
2026-08-24T09:16:37Z,XRPUSDT,COOLING,BUY,16.83,35.18,35.18,2.71,0.68,125829.2,129314.72,True,False,-0.0237,77344.63,-0.003,1.191,1.4748
2026-08-24T09:16:40Z,HBARUSDT,COOLING,BUY,0.0,69.53,69.53,1.25,0.0,23032.31,36061.75,True,False,-0.0125,77344.63,-0.003,0.977,0.07976
2026-08-24T09:16:42Z,QAITUSDT,COOLING,NONE,0.0,0.0,0.0,27.81,0.0,829.71,1548.17,True,False,0.0,77344.63,-0.003,0.96,0.002514
2026-08-24T09:16:45Z,REDUSDT,COOLING,NONE,0.0,0.0,0.0,23.75,0.0,9442.75,5148.7,True,False,0.0,77344.63,-0.003,1.109,0.11378
2026-08-24T09:16:47Z,BIOUSDT,COOLING,NONE,0.0,0.0,0.0,6.89,0.0,9138.38,3908.42,True,False,0.0,77344.63,-0.003,0.999,0.02912
2026-08-24T09:17:19Z,XRPUSDT,COOLING,NONE,0.0,0.0,0.0,1.36,0.0,93023.46,119060.32,True,False,0.0,77353.35,0.0113,0.995,1.4717
2026-08-24T09:17:20Z,HBARUSDT,COOLING,NONE,0.0,0.0,0.0,1.26,0.0,26960.13,13662.68,True,False,0.0,77353.35,0.0113,0.974,0.07959
2026-08-24T09:17:22Z,QAITUSDT,COOLING,NONE,0.0,0.0,0.0,27.81,0.0,829.71,1548.17,True,False,0.0,77353.35,0.0113,1.027,0.002514
2026-08-24T09:17:24Z,REDUSDT,COOLING,NONE,0.0,0.0,0.0,21.09,0.0,6661.59,5061.07,True,False,0.0,77353.35,0.0113,0.957,0.11378
2026-08-24T09:17:26Z,BIOUSDT,COOLING,NONE,0.0,0.0,0.0,6.89,0.0,9138.38,3908.42,True,False,0.0,77353.35,0.0113,0.988,0.02901
2026-08-24T09:18:24Z,XRPUSDT,COOLING,BUY,22.72,32.43,32.43,2.04,-1.36,99283.3,120630.2,True,True,-0.0272,77279.08,-0.096,0.966,1.4717
2026-08-24T09:18:27Z,HBARUSDT,COOLING,NONE,0.0,0.0,0.0,1.26,0.0,27912.33,10997.56,True,False,-0.0126,77279.08,-0.096,0.943,0.07959
2026-08-24T09:18:29Z,QAITUSDT,COOLING,NONE,0.0,0.0,0.0,27.81,0.0,829.71,1548.17,True,False,0.0,77279.08,-0.096,0.934,0.002514
2026-08-24T09:18:30Z,REDUSDT,COOLING,NONE,0.0,0.0,0.0,19.32,0.0,4571.88,4673.47,True,False,0.0,77279.08,-0.096,0.933,0.11381
2026-08-24T09:18:32Z,BIOUSDT,COOLING,NONE,0.0,0.0,0.0,3.45,0.0,8525.76,1625.44,True,False,0.0,77279.08,-0.096,0.997,0.02901
2026-08-24T09:19:02Z,XRPUSDT,COOLING,NONE,0.0,0.0,0.0,3.4,0.68,76883.42,96452.51,True,False,0.0034,77258.28,-0.0269,1.013,1.4696
2026-08-24T09:19:04Z,HBARUSDT,COOLING,NONE,0.0,0.0,0.0,1.26,0.0,27876.62,26857.33,True,False,0.0,77258.28,-0.0269,0.918,0.07954
2026-08-24T09:19:06Z,QAITUSDT,COOLING,NONE,0.0,0.0,0.0,27.81,0.0,829.71,1548.17,True,False,0.0,77258.28,-0.0269,0.96,0.002514
2026-08-24T09:19:10Z,REDUSDT,COOLING,NONE,0.0,0.0,0.0,9.64,-1.77,6627.45,4673.47,True,False,0.1053,77258.28,-0.0269,1.959,0.11388
2026-08-24T09:19:14Z,BIOUSDT,COOLING,BUY,0.0,18.3,18.3,6.9,-0.0,7400.98,2373.35,True,False,0.0345,77258.28,-0.0269,1.019,0.029
2026-08-24T09:19:46Z,XRPUSDT,COOLING,SELL,18.55,0.0,18.55,2.72,0.68,83752.42,62292.56,True,True,0.0034,77284.43,0.0338,0.954,1.4708
2026-08-24T09:19:49Z,HBARUSDT,COOLING,NONE,0.0,0.0,0.0,1.26,0.0,16415.7,14269.36,True,False,0.0,77284.43,0.0338,1.923,0.07961
2026-08-24T09:19:52Z,QAITUSDT,COOLING,NONE,0.0,0.0,0.0,27.81,0.0,829.71,1548.17,True,False,0.0,77284.43,0.0338,0.987,0.002514
2026-08-24T09:19:55Z,REDUSDT,COOLING,NONE,0.0,0.0,0.0,19.28,0.0,6492.15,5131.71,True,False,0.0,77284.43,0.0338,1.158,0.11407
2026-08-24T09:19:57Z,BIOUSDT,COOLING,NONE,0.0,0.0,0.0,6.9,-3.45,7294.91,2574.6,True,False,-0.0172,77284.43,0.0338,0.922,0.02898
2026-08-24T09:20:55Z,XRPUSDT,COOLING,BUY,0.0,10.45,10.45,3.4,0.68,137890.59,121806.02,True,False,0.0102,77306.12,0.0281,2.012,1.4705
2026-08-24T09:20:58Z,HBARUSDT,COOLING,SELL,10.65,0.0,10.65,1.26,0.0,11095.33,37700.72,True,False,0.0,77306.12,0.0281,1.289,0.07962
2026-08-24T09:21:03Z,QAITUSDT,COOLING,NONE,0.0,0.0,0.0,27.81,0.0,829.71,1548.17,True,False,0.0,77306.12,0.0281,2.831,0.002514
2026-08-24T09:21:05Z,REDUSDT,COOLING,NONE,0.0,0.0,0.0,11.39,0.0,7311.94,5131.71,True,False,0.0,77306.12,0.0281,0.935,0.11412
2026-08-24T09:21:10Z,BIOUSDT,COOLING,NONE,0.0,0.0,0.0,3.45,0.0,7400.98,3564.96,True,False,0.0,77306.12,0.0281,2.018,0.02894
2026-08-24T09:21:41Z,XRPUSDT,COOLING,BUY,0.0,26.13,26.13,2.72,-0.68,76605.79,102875.58,True,False,0.0034,77315.49,0.0121,0.956,1.4697
2026-08-24T09:21:43Z,HBARUSDT,COOLING,NONE,0.0,0.0,0.0,1.26,0.0,22047.8,9999.9,True,False,0.0,77315.49,0.0121,0.961,0.0797
2026-08-24T09:21:45Z,QAITUSDT,COOLING,NONE,0.0,0.0,0.0,27.81,0.0,829.71,1548.17,True,False,0.0,77315.49,0.0121,0.917,0.002514
2026-08-24T09:21:47Z,REDUSDT,COOLING,NONE,0.0,0.0,0.0,19.28,0.0,4920.09,5131.71,True,False,0.0,77315.49,0.0121,0.965,0.11419
2026-08-24T09:21:49Z,BIOUSDT,COOLING,NONE,0.0,0.0,0.0,6.91,0.0,6957.58,2981.39,True,False,0.0,77315.49,0.0121,1.024,0.02896
2026-08-24T09:22:19Z,XRPUSDT,COOLING,NONE,0.0,0.0,0.0,2.04,0.0,81522.03,77053.63,True,False,0.0,77287.24,-0.0365,0.956,1.4704
2026-08-24T09:22:21Z,HBARUSDT,COOLING,BUY,0.0,1.24,1.24,1.26,0.0,26804.33,32474.0,True,False,0.0,77287.24,-0.0365,1.018,0.07961
2026-08-24T09:22:22Z,QAITUSDT,COOLING,NONE,0.0,0.0,0.0,27.81,0.0,829.71,1548.17,True,False,0.0,77287.24,-0.0365,0.986,0.002514
2026-08-24T09:22:24Z,REDUSDT,COOLING,NONE,0.0,0.0,0.0,19.28,0.0,7422.52,6492.65,True,False,0.0,77287.24,-0.0365,1.001,0.11414
2026-08-24T09:22:27Z,BIOUSDT,COOLING,NONE,0.0,0.0,0.0,6.91,0.0,6325.07,1888.39,True,False,0.0,77287.24,-0.0365,0.926,0.02896
2026-08-24T09:23:25Z,XRPUSDT,COOLING,NONE,0.0,0.0,0.0,2.04,-0.68,77213.34,137767.01,True,False,0.0034,77290.02,0.0036,0.982,1.472
2026-08-24T09:23:27Z,HBARUSDT,COOLING,NONE,0.0,0.0,0.0,1.26,0.0,24694.28,15927.05,True,False,0.0,77290.02,0.0036,0.968,0.07959
2026-08-24T09:23:29Z,QAITUSDT,COOLING,NONE,0.0,0.0,0.0,27.81,0.0,829.71,1548.17,True,False,0.0,77290.02,0.0036,1.951,0.002514
2026-08-24T09:23:32Z,REDUSDT,COOLING,NONE,0.0,0.0,0.0,19.28,0.0,4920.09,5247.66,True,False,0.0,77290.02,0.0036,0.904,0.1141
2026-08-24T09:23:35Z,BIOUSDT,COOLING,NONE,0.0,0.0,0.0,6.91,0.0,6957.58,3017.95,True,False,0.0,77290.02,0.0036,1.588,0.02894
2026-08-24T09:24:07Z,XRPUSDT,COOLING,NONE,0.0,0.0,0.0,4.07,0.68,79060.5,100578.58,True,False,-0.0034,77294.61,0.0059,1.031,1.4748
2026-08-24T09:24:10Z,HBARUSDT,COOLING,NONE,0.0,0.0,0.0,1.26,0.0,25119.83,9692.64,True,False,0.0,77294.61,0.0059,0.911,0.07959
2026-08-24T09:24:12Z,QAITUSDT,COOLING,NONE,0.0,0.0,0.0,27.81,0.0,829.71,1548.17,True,False,0.0,77294.61,0.0059,1.003,0.002514
2026-08-24T09:24:13Z,REDUSDT,COOLING,NONE,0.0,0.0,0.0,11.41,0.0,6496.72,6023.99,True,False,0.0,77294.61,0.0059,0.994,0.1141
2026-08-24T09:24:16Z,BIOUSDT,COOLING,NONE,0.0,0.0,0.0,3.46,0.0,7497.92,1551.24,True,False,0.0,77294.61,0.0059,0.964,0.02894
2026-08-24T09:24:49Z,XRPUSDT,COOLING,SELL,76.91,0.3,76.91,3.39,0.68,150889.9,72982.69,True,False,0.017,77280.01,-0.0189,0.919,1.4739
2026-08-24T09:24:51Z,HBARUSDT,COOLING,SELL,7.27,0.0,7.27,1.26,0.0,28874.88,16583.46,True,False,0.0,77280.01,-0.0189,0.937,0.07955
2026-08-24T09:24:53Z,QAITUSDT,COOLING,NONE,0.0,0.0,0.0,27.81,0.0,829.71,1548.17,True,False,0.0,77280.01,-0.0189,1.115,0.002514
2026-08-24T09:24:55Z,REDUSDT,COOLING,NONE,0.0,0.0,0.0,20.2,0.0,4217.56,6139.65,True,False,0.0,77280.01,-0.0189,1.051,0.11393
2026-08-24T09:24:57Z,BIOUSDT,COOLING,NONE,0.0,0.0,0.0,3.46,0.0,7503.12,3307.42,True,False,0.0,77280.01,-0.0189,1.053,0.02894
2026-08-24T09:25:54Z,XRPUSDT,COOLING,NONE,0.0,0.0,0.0,2.72,0.0,72736.66,101977.42,True,False,-0.0068,77219.06,-0.0789,0.906,1.4713
2026-08-24T09:25:57Z,HBARUSDT,COOLING,NONE,0.0,0.0,0.0,1.26,0.0,10215.36,33046.46,True,False,0.0,77219.06,-0.0789,0.972,0.07955
2026-08-24T09:26:00Z,QAITUSDT,COOLING,NONE,0.0,0.0,0.0,27.81,0.0,829.71,1548.17,True,False,0.0,77219.06,-0.0789,2.063,0.002514
2026-08-24T09:26:03Z,REDUSDT,COOLING,NONE,0.0,0.0,0.0,9.68,0.0,7024.87,5508.8,True,False,0.0,77219.06,-0.0789,0.984,0.11392
2026-08-24T09:26:05Z,BIOUSDT,COOLING,NONE,0.0,0.0,0.0,3.45,0.0,6971.62,3605.17,True,False,0.0,77219.06,-0.0789,0.946,0.02897
2026-08-24T09:26:34Z,XRPUSDT,COOLING,SELL,26.93,0.0,26.93,2.03,-0.68,112591.21,85967.25,True,False,-0.0169,77304.18,0.1102,0.996,1.4761
2026-08-24T09:26:36Z,HBARUSDT,COOLING,NONE,0.0,0.0,0.0,2.52,1.26,13270.53,18284.3,True,False,-0.0063,77304.18,0.1102,1.159,0.07947
2026-08-24T09:26:39Z,QAITUSDT,COOLING,NONE,0.0,0.0,0.0,27.81,0.0,829.71,1548.17,True,False,0.0,77304.18,0.1102,1.094,0.002514
2026-08-24T09:26:42Z,REDUSDT,COOLING,NONE,0.0,0.0,0.0,9.68,-11.45,6977.05,5508.8,True,False,0.0572,77304.18,0.1102,0.931,0.11365
2026-08-24T09:26:45Z,BIOUSDT,COOLING,NONE,0.0,0.0,0.0,3.45,0.0,7958.44,3165.65,True,False,0.0,77304.18,0.1102,1.101,0.02899
2026-08-24T09:27:18Z,XRPUSDT,COOLING,BUY,5.19,27.33,27.33,2.03,-0.0,114762.89,96200.36,True,False,0.0068,77357.15,0.0685,0.95,1.4757
2026-08-24T09:27:20Z,HBARUSDT,COOLING,NONE,0.0,0.0,0.0,1.26,0.0,25858.56,14734.29,True,False,0.0,77357.15,0.0685,1.007,0.07953
2026-08-24T09:27:22Z,QAITUSDT,COOLING,NONE,0.0,0.0,0.0,27.81,0.0,829.71,1548.17,True,False,0.0,77357.15,0.0685,1.005,0.002514
2026-08-24T09:27:24Z,REDUSDT,COOLING,SELL,10.33,0.0,10.33,21.13,0.0,7813.75,5336.8,True,False,0.0,77357.15,0.0685,1.036,0.1136
2026-08-24T09:27:26Z,BIOUSDT,COOLING,NONE,0.0,0.0,0.0,3.45,0.0,7955.9,2664.43,True,False,0.0,77357.15,0.0685,0.917,0.02897
2026-08-24T09:28:19Z,XRPUSDT,COOLING,NONE,0.0,0.0,0.0,2.71,0.0,76680.6,69548.52,True,False,0.0,77400.9,0.0566,0.963,1.4743
2026-08-24T09:28:21Z,HBARUSDT,COOLING,NONE,0.0,0.0,0.0,2.52,0.0,15946.96,18090.8,True,False,0.0,77400.9,0.0566,1.016,0.07953
2026-08-24T09:28:24Z,QAITUSDT,COOLING,NONE,0.0,0.0,0.0,27.81,0.0,829.71,1548.17,True,False,0.0,77400.9,0.0566,0.98,0.002514
2026-08-24T09:28:28Z,REDUSDT,COOLING,NONE,0.0,0.0,0.0,19.38,0.0,7044.99,5641.39,True,False,0.0,77400.9,0.0566,1.044,0.11365
2026-08-24T09:28:30Z,BIOUSDT,COOLING,NONE,0.0,0.0,0.0,3.45,0.0,8737.47,4387.16,True,False,0.0,77400.9,0.0566,0.969,0.02896
2026-08-24T09:29:05Z,XRPUSDT,COOLING,NONE,0.0,0.0,0.0,2.71,0.68,92304.75,80315.57,True,False,-0.0102,77397.7,-0.0041,0.951,1.4761
2026-08-24T09:29:07Z,HBARUSDT,COOLING,NONE,0.0,0.0,0.0,1.26,0.0,12682.48,29542.01,True,False,0.0,77397.7,-0.0041,1.107,0.0795
2026-08-24T09:29:09Z,QAITUSDT,COOLING,NONE,0.0,0.0,0.0,27.81,0.0,829.71,1548.17,True,False,0.0,77397.7,-0.0041,0.965,0.002514
2026-08-24T09:29:12Z,REDUSDT,COOLING,NONE,0.0,0.0,0.0,9.71,0.0,7246.22,5485.77,True,False,0.0,77397.7,-0.0041,0.961,0.11348
2026-08-24T09:29:14Z,BIOUSDT,COOLING,NONE,0.0,0.0,0.0,6.9,0.0,7624.89,4690.39,True,False,0.0,77397.7,-0.0041,0.997,0.02898
2026-08-24T09:29:44Z,XRPUSDT,COOLING,NONE,0.0,0.0,0.0,2.71,0.68,75110.5,101556.2,True,False,0.0169,77406.83,0.0118,0.968,1.4766
2026-08-24T09:29:45Z,HBARUSDT,COOLING,SELL,72.74,0.0,72.74,1.26,-0.0,40623.86,22023.07,True,False,0.0377,77406.83,0.0118,1.0,0.07951
2026-08-24T09:29:47Z,QAITUSDT,COOLING,NONE,0.0,0.0,0.0,27.81,0.0,829.71,1548.17,True,False,0.0,77406.83,0.0118,1.018,0.002514
2026-08-24T09:29:50Z,REDUSDT,COOLING,NONE,0.0,0.0,0.0,9.71,0.0,6564.95,5395.2,True,False,0.0,77406.83,0.0118,1.936,0.11348
2026-08-24T09:29:53Z,BIOUSDT,COOLING,BUY,0.0,32.65,32.65,3.45,-6.9,8360.43,4304.91,True,True,-0.0,77406.83,0.0118,2.23,0.029
2026-08-24T09:30:46Z,XRPUSDT,COOLING,BUY,0.0,48.5,48.5,3.37,0.67,59184.19,132684.95,True,False,0.0101,77412.36,0.0071,0.954,1.4822
2026-08-24T09:30:49Z,HBARUSDT,COOLING,SELL,33.31,5.47,33.31,1.25,-0.0,27234.78,31174.19,True,False,0.0251,77412.36,0.0071,1.928,0.0797
2026-08-24T09:30:52Z,QAITUSDT,COOLING,NONE,0.0,0.0,0.0,27.81,0.0,829.71,1548.17,True,False,0.0,77412.36,0.0071,1.001,0.002514
2026-08-24T09:30:54Z,REDUSDT,COOLING,NONE,0.0,0.0,0.0,11.49,0.0,7002.87,4761.83,True,False,0.0,77412.36,0.0071,1.001,0.11318
2026-08-24T09:30:56Z,BIOUSDT,COOLING,NONE,0.0,0.0,0.0,6.9,0.0,7409.47,4780.58,True,False,0.0,77412.36,0.0071,0.944,0.02895
2026-08-24T09:31:25Z,XRPUSDT,COOLING,BUY,0.0,27.24,27.24,2.7,-1.35,59235.14,101912.07,True,False,0.0067,77416.73,0.0056,0.967,1.482
2026-08-24T09:31:27Z,HBARUSDT,COOLING,NONE,0.0,0.0,0.0,1.25,0.0,26921.48,14681.36,True,False,0.0,77416.73,0.0056,0.995,0.0797
2026-08-24T09:31:30Z,QAITUSDT,COOLING,NONE,0.0,0.0,0.0,27.81,0.0,829.71,1548.17,True,False,0.0,77416.73,0.0056,1.048,0.002514
2026-08-24T09:31:32Z,REDUSDT,COOLING,NONE,0.0,0.0,0.0,9.71,0.0,6726.52,6173.06,True,False,0.0,77416.73,0.0056,1.006,0.11314
2026-08-24T09:31:34Z,BIOUSDT,COOLING,BUY,0.0,67.93,67.93,6.9,0.0,8356.52,4388.66,True,True,0.0,77416.73,0.0056,1.082,0.02898
2026-08-24T09:32:07Z,XRPUSDT,COOLING,SELL,12.06,1.54,12.06,4.72,2.02,76633.74,90706.27,True,False,0.0236,77439.99,0.03,0.964,1.4825
2026-08-24T09:32:10Z,HBARUSDT,COOLING,NONE,0.0,0.0,0.0,1.25,0.0,9447.98,14197.78,True,False,0.0,77439.99,0.03,1.067,0.07976
2026-08-24T09:32:12Z,QAITUSDT,COOLING,NONE,0.0,0.0,0.0,27.81,0.0,829.71,1548.17,True,False,0.0,77439.99,0.03,0.978,0.002514
2026-08-24T09:32:16Z,REDUSDT,COOLING,NONE,0.0,0.0,0.0,18.57,0.0,8453.49,5272.72,True,False,0.0,77439.99,0.03,2.028,0.113
2026-08-24T09:32:18Z,BIOUSDT,COOLING,BUY,0.0,67.73,67.73,6.9,0.0,8357.99,4339.12,True,True,0.0,77439.99,0.03,1.053,0.02898
2026-08-24T09:33:16Z,XRPUSDT,COOLING,NONE,0.0,0.0,0.0,2.03,-0.68,61680.39,121102.63,True,False,-0.0101,77425.58,-0.0186,1.031,1.481
2026-08-24T09:33:19Z,HBARUSDT,COOLING,BUY,0.0,52.62,52.62,1.26,0.0,40181.15,24740.86,True,False,0.0,77425.58,-0.0186,0.967,0.07965
2026-08-24T09:33:21Z,QAITUSDT,COOLING,NONE,0.0,0.0,0.0,27.81,0.0,829.71,1548.17,True,False,0.0,77425.58,-0.0186,1.247,0.002514
2026-08-24T09:33:24Z,REDUSDT,COOLING,NONE,0.0,0.0,0.0,12.42,0.0,7690.21,5984.42,True,False,0.0,77425.58,-0.0186,0.971,0.11301
2026-08-24T09:33:27Z,BIOUSDT,COOLING,NONE,0.0,0.0,0.0,3.45,0.0,7514.53,1570.85,True,False,0.0,77425.58,-0.0186,1.062,0.02898
2026-08-24T09:33:58Z,XRPUSDT,COOLING,SELL,22.17,0.0,22.17,2.03,-1.35,101101.94,74276.3,True,False,-0.0135,77400.45,-0.0325,1.961,1.4808
2026-08-24T09:34:00Z,HBARUSDT,COOLING,NONE,0.0,0.0,0.0,1.26,0.0,40181.15,35710.75,True,False,0.0,77400.45,-0.0325,0.942,0.07966
2026-08-24T09:34:02Z,QAITUSDT,COOLING,NONE,0.0,0.0,0.0,27.81,0.0,829.71,1548.17,True,False,0.0,77400.45,-0.0325,0.953,0.002514
2026-08-24T09:34:04Z,REDUSDT,COOLING,NONE,0.0,0.0,0.0,9.75,0.0,7131.49,5590.67,True,False,0.0,77400.45,-0.0325,0.964,0.11281
2026-08-24T09:34:06Z,BIOUSDT,COOLING,NONE,0.0,0.0,0.0,3.45,0.0,6957.58,3459.09,True,False,0.0,77400.45,-0.0325,0.925,0.02897
2026-08-24T09:34:39Z,XRPUSDT,COOLING,NONE,0.0,0.0,0.0,3.38,1.35,92079.17,113005.55,True,False,0.0,77419.54,0.0247,0.931,1.48
2026-08-24T09:34:41Z,HBARUSDT,COOLING,NONE,0.0,0.0,0.0,1.25,0.0,10420.74,31331.44,True,False,0.0,77419.54,0.0247,0.939,0.07968
2026-08-24T09:34:43Z,QAITUSDT,COOLING,NONE,0.0,0.0,0.0,27.81,0.0,829.71,1548.17,True,False,0.0,77419.54,0.0247,0.942,0.002514
2026-08-24T09:34:45Z,REDUSDT,COOLING,NONE,0.0,0.0,0.0,21.24,0.0,6006.11,5198.25,True,False,0.0,77419.54,0.0247,0.936,0.11274
2026-08-24T09:34:47Z,BIOUSDT,COOLING,BUY,0.0,36.94,36.94,3.45,0.0,7409.66,3144.49,True,True,0.0,77419.54,0.0247,0.94,0.02897
2026-08-24T09:35:42Z,XRPUSDT,COOLING,NONE,0.0,0.0,0.0,1.35,-0.68,83348.19,94038.18,True,False,0.0034,77434.96,0.0199,0.92,1.4802
2026-08-24T09:35:44Z,HBARUSDT,COOLING,SELL,25.12,0.0,25.12,2.5,0.0,14270.43,14800.1,True,False,0.0,77434.96,0.0199,0.945,0.0798
2026-08-24T09:35:46Z,QAITUSDT,COOLING,NONE,0.0,0.0,0.0,35.76,0.0,829.71,1548.17,True,False,0.0,77434.96,0.0199,1.136,0.002512
2026-08-24T09:35:49Z,REDUSDT,COOLING,NONE,0.0,0.0,0.0,22.17,0.0,6962.2,5943.93,True,False,0.0,77434.96,0.0199,1.014,0.11292
2026-08-24T09:35:52Z,BIOUSDT,COOLING,BUY,0.0,16.33,16.33,3.45,0.0,6957.58,2104.27,True,False,0.0,77434.96,0.0199,1.977,0.02897
2026-08-24T09:36:23Z,XRPUSDT,COOLING,NONE,0.0,0.0,0.0,1.35,-1.35,92279.52,86722.39,True,False,0.0,77424.47,-0.0135,1.005,1.4792
2026-08-24T09:36:25Z,HBARUSDT,COOLING,NONE,0.0,0.0,0.0,1.25,0.0,33266.76,21379.14,True,False,0.0,77424.47,-0.0135,0.999,0.07989
2026-08-24T09:36:28Z,QAITUSDT,COOLING,NONE,0.0,0.0,0.0,35.76,0.0,829.71,1548.17,True,False,0.0,77424.47,-0.0135,1.081,0.002512
2026-08-24T09:36:29Z,REDUSDT,COOLING,BUY,0.0,31.56,31.56,21.31,0.0,9080.97,5414.49,True,True,0.0,77424.47,-0.0135,0.982,0.11276
2026-08-24T09:36:32Z,BIOUSDT,COOLING,BUY,0.0,2.69,2.69,3.45,0.0,8307.06,2215.59,True,False,0.0,77424.47,-0.0135,0.941,0.02897
2026-08-24T09:37:03Z,XRPUSDT,COOLING,BUY,0.0,18.28,18.28,1.35,-0.68,88189.73,135286.02,True,False,0.0101,77427.85,0.0044,1.114,1.4782
2026-08-24T09:37:06Z,HBARUSDT,COOLING,SELL,25.33,0.0,25.33,2.5,-1.25,13400.16,14015.08,True,False,0.0188,77427.85,0.0044,0.934,0.07989
2026-08-24T09:37:09Z,QAITUSDT,COOLING,SELL,21.55,10.24,21.55,43.85,-27.81,1273.73,1250.05,True,False,-0.1393,77427.85,0.0044,1.945,0.002503
2026-08-24T09:37:11Z,REDUSDT,COOLING,NONE,0.0,0.0,0.0,21.31,0.0,9080.97,4864.35,True,False,0.0,77427.85,0.0044,1.004,0.11271
2026-08-24T09:37:14Z,BIOUSDT,COOLING,NONE,0.0,0.0,0.0,3.45,0.0,7726.39,2132.5,True,False,0.0,77427.85,0.0044,0.905,0.02895
2026-08-24T09:38:12Z,XRPUSDT,COOLING,BUY,0.0,9.79,9.79,1.35,-0.0,70833.72,105114.78,True,False,0.0135,77462.85,0.0452,1.974,1.4799
2026-08-24T09:38:15Z,HBARUSDT,COOLING,NONE,0.0,0.0,0.0,1.25,0.0,11564.84,9578.45,True,False,0.0,77462.85,0.0452,1.081,0.07986
2026-08-24T09:38:17Z,QAITUSDT,COOLING,NONE,0.0,0.0,0.0,43.85,0.0,741.85,1001.05,True,False,0.0,77462.85,0.0452,0.924,0.002503
2026-08-24T09:38:20Z,REDUSDT,COOLING,NONE,0.0,0.0,0.0,19.55,0.0,7743.05,4662.66,True,False,0.0,77462.85,0.0452,1.927,0.11251
2026-08-24T09:38:22Z,BIOUSDT,COOLING,NONE,0.0,0.0,0.0,3.45,0.0,7624.92,3247.88,True,False,0.0,77462.85,0.0452,0.941,0.02895
2026-08-24T09:38:55Z,XRPUSDT,COOLING,SELL,3.11,0.0,3.11,2.03,0.0,119965.58,90721.93,True,False,0.0,77484.23,0.0276,2.09,1.4807
2026-08-24T09:38:57Z,HBARUSDT,COOLING,NONE,0.0,0.0,0.0,1.25,0.0,27406.25,30354.81,True,False,0.0,77484.23,0.0276,1.131,0.07986
2026-08-24T09:38:59Z,QAITUSDT,COOLING,NONE,0.0,0.0,0.0,43.85,0.0,741.85,1001.05,True,False,0.0,77484.23,0.0276,1.059,0.002503
2026-08-24T09:39:01Z,REDUSDT,COOLING,NONE,0.0,0.0,0.0,13.31,0.0,7636.09,4864.35,True,False,0.0,77484.23,0.0276,0.991,0.1125
2026-08-24T09:39:03Z,BIOUSDT,COOLING,BUY,0.0,8.41,8.41,6.9,0.0,7173.06,3824.33,True,False,0.0,77484.23,0.0276,0.967,0.02897
2026-08-24T09:39:33Z,XRPUSDT,COOLING,SELL,13.5,0.0,13.5,2.7,0.0,99117.09,77520.77,True,False,0.0,77484.6,0.0005,2.025,1.4799
2026-08-24T09:39:35Z,HBARUSDT,COOLING,BUY,3.72,45.06,45.06,2.51,-1.25,42738.92,20055.37,True,False,-0.0063,77484.6,0.0005,1.059,0.07966
2026-08-24T09:39:39Z,QAITUSDT,COOLING,NONE,0.0,0.0,0.0,43.85,0.0,741.85,1001.05,True,False,0.0,77484.6,0.0005,1.135,0.002503
2026-08-24T09:39:41Z,REDUSDT,COOLING,NONE,0.0,0.0,0.0,20.42,0.0,7339.76,4864.35,True,False,0.0,77484.6,0.0005,0.972,0.11269
2026-08-24T09:39:42Z,BIOUSDT,COOLING,BUY,0.0,3.57,3.57,3.45,0.0,7293.08,2529.26,True,False,0.0,77484.6,0.0005,1.017,0.02897
2026-08-24T09:40:35Z,XRPUSDT,COOLING,NONE,0.0,0.0,0.0,2.7,-1.35,74499.46,118154.39,True,False,0.0068,77484.22,-0.0005,1.02,1.4803
2026-08-24T09:40:37Z,HBARUSDT,COOLING,NONE,0.0,0.0,0.0,1.26,0.0,45093.16,10092.48,True,False,-0.0126,77484.22,-0.0005,1.001,0.0797
2026-08-24T09:40:39Z,QAITUSDT,COOLING,NONE,0.0,0.0,0.0,43.85,0.0,741.85,1001.05,True,False,0.0,77484.22,-0.0005,0.971,0.002503
2026-08-24T09:40:42Z,REDUSDT,COOLING,BUY,0.0,22.36,22.36,11.55,-9.76,7339.76,4864.35,True,True,-0.0488,77484.22,-0.0005,1.965,0.11268
2026-08-24T09:40:45Z,BIOUSDT,COOLING,NONE,0.0,0.0,0.0,6.93,3.46,3975.63,1481.89,True,False,-0.0173,77484.22,-0.0005,0.976,0.02888
2026-08-24T10:07:47Z,XRPUSDT,COOLING,NONE,0.0,0.0,0.0,1.35,0.0,90104.52,97778.93,True,False,0.0,77610.52,0.1883,1.0,1.4815
2026-08-24T10:07:49Z,HBARUSDT,COOLING,BUY,36.12,49.44,49.44,2.51,1.25,10501.71,17798.84,True,False,0.0564,77610.52,0.1883,0.904,0.07967
2026-08-24T10:07:51Z,QAITUSDT,COOLING,NONE,0.0,0.0,0.0,67.85,0.0,930.62,1001.05,True,False,0.0,77610.52,0.1883,1.107,0.002514
2026-08-24T10:07:53Z,REDUSDT,COOLING,NONE,0.0,0.0,0.0,24.41,0.0,6003.78,1816.66,True,False,0.0,77610.52,0.1883,0.92,0.11452
2026-08-24T10:07:55Z,BIOUSDT,COOLING,NONE,0.0,0.0,0.0,6.88,3.44,2698.18,2777.46,True,False,-0.0172,77610.52,0.1883,0.944,0.02906
2026-08-24T10:08:29Z,XRPUSDT,COOLING,NONE,0.0,0.0,0.0,2.02,-1.35,95770.01,86619.51,True,False,-0.0135,77733.31,0.1582,1.028,1.4838
2026-08-24T10:08:30Z,HBARUSDT,COOLING,SELL,66.63,0.0,66.63,2.51,-1.25,33734.06,13139.74,True,False,-0.0063,77733.31,0.1582,0.979,0.07982
2026-08-24T10:08:33Z,QAITUSDT,COOLING,NONE,0.0,0.0,0.0,67.85,0.0,930.62,1001.05,True,False,0.0,77733.31,0.1582,0.932,0.002514
2026-08-24T10:08:36Z,REDUSDT,COOLING,SELL,23.26,0.0,23.26,13.94,0.0,9188.17,5638.67,True,False,0.0,77733.31,0.1582,2.263,0.1146
2026-08-24T10:08:38Z,BIOUSDT,COOLING,NONE,0.0,0.0,0.0,3.44,0.0,2927.97,2813.63,True,False,0.0,77733.31,0.1582,1.0,0.02912
2026-08-24T10:09:10Z,XRPUSDT,COOLING,BUY,0.0,32.9,32.9,1.35,0.0,89895.25,140112.66,True,False,-0.0202,77695.45,-0.0487,1.023,1.4839
2026-08-24T10:09:12Z,HBARUSDT,COOLING,NONE,0.0,0.0,0.0,1.25,0.0,47459.9,12107.58,True,False,0.0,77695.45,-0.0487,1.018,0.07974
2026-08-24T10:09:14Z,QAITUSDT,COOLING,NONE,0.0,0.0,0.0,67.85,0.0,930.62,1001.05,True,False,0.0,77695.45,-0.0487,0.969,0.002514
2026-08-24T10:09:17Z,REDUSDT,COOLING,NONE,0.0,0.0,0.0,21.78,0.0,6097.39,5268.29,True,False,0.0,77695.45,-0.0487,1.005,0.1145
2026-08-24T10:09:20Z,BIOUSDT,COOLING,NONE,0.0,0.0,0.0,6.88,0.0,4155.09,3078.85,True,False,0.0,77695.45,-0.0487,0.964,0.02907
2026-08-24T10:10:19Z,XRPUSDT,COOLING,NONE,0.0,0.0,0.0,2.02,0.0,89536.51,94361.73,True,False,0.0,77689.15,-0.0081,2.01,1.4826
2026-08-24T10:10:22Z,HBARUSDT,COOLING,SELL,3.41,0.0,3.41,1.25,0.0,30166.86,13118.31,True,False,-0.0125,77689.15,-0.0081,0.964,0.07973
2026-08-24T10:10:24Z,QAITUSDT,COOLING,NONE,0.0,0.0,0.0,67.85,0.0,930.62,1001.05,True,False,0.0,77689.15,-0.0081,1.068,0.002514
2026-08-24T10:10:27Z,REDUSDT,COOLING,NONE,0.0,0.0,0.0,14.83,0.0,6654.99,5579.25,True,False,0.0,77689.15,-0.0081,1.259,0.1147
2026-08-24T10:10:30Z,BIOUSDT,COOLING,NONE,0.0,0.0,0.0,3.45,0.0,4229.91,2649.74,True,False,0.0,77689.15,-0.0081,0.953,0.02901
2026-08-24T10:11:05Z,XRPUSDT,COOLING,NONE,0.0,0.0,0.0,2.7,0.67,132574.16,75443.85,True,False,0.0034,77720.45,0.0403,0.922,1.4833
2026-08-24T10:11:06Z,HBARUSDT,COOLING,NONE,0.0,0.0,0.0,1.25,0.0,10704.77,12289.51,True,False,0.0,77720.45,0.0403,0.932,0.07973
2026-08-24T10:11:20Z,QAITUSDT,COOLING,NONE,0.0,0.0,0.0,67.85,0.0,930.62,1001.05,True,False,0.0,77720.45,0.0403,1.117,0.002514
2026-08-24T10:11:23Z,REDUSDT,COOLING,BUY,0.0,43.97,43.97,63.27,0.0,6542.53,2880.71,True,False,0.0,77720.45,0.0403,0.96,0.11531
2026-08-24T10:11:26Z,BIOUSDT,COOLING,BUY,0.0,32.14,32.14,3.45,0.0,4229.91,3733.43,True,False,-0.0345,77720.45,0.0403,1.034,0.02903
2026-08-24T10:11:58Z,XRPUSDT,COOLING,NONE,0.0,0.0,0.0,1.35,0.0,126814.07,127421.57,True,False,0.0,77789.03,0.0882,1.107,1.4837
2026-08-24T10:12:00Z,HBARUSDT,COOLING,NONE,0.0,0.0,0.0,1.25,0.0,7293.42,11159.08,True,False,0.0,77789.03,0.0882,1.15,0.07984
2026-08-24T10:12:02Z,QAITUSDT,COOLING,NONE,0.0,0.0,0.0,67.85,0.0,930.62,829.98,True,False,0.0,77789.03,0.0882,1.047,0.002514
2026-08-24T10:12:05Z,REDUSDT,COOLING,NONE,0.0,0.0,0.0,34.7,-29.49,4748.06,959.56,True,False,-0.0173,77789.03,0.0882,1.05,0.11521
2026-08-24T10:12:08Z,BIOUSDT,COOLING,BUY,0.0,13.78,13.78,3.44,0.0,3915.62,3727.01,True,False,0.0,77789.03,0.0882,2.036,0.02902
2026-08-24T10:14:09Z,XRPUSDT,COOLING,SELL,26.09,19.99,26.09,2.7,-0.0,111562.44,150764.23,True,False,0.0067,77804.19,0.0195,1.0,1.4836
2026-08-24T10:44:04Z,XRPUSDT,COOLING,BUY,8.38,27.59,27.59,2.7,0.0,94638.53,138570.61,True,True,-0.0135,77720.7,-0.1073,0.997,1.4792
2026-08-24T10:44:06Z,HBARUSDT,COOLING,NONE,0.0,0.0,0.0,1.27,0.0,13478.08,10388.0,True,False,0.0,77720.7,-0.1073,0.935,0.07906
2026-08-24T10:44:09Z,QAITUSDT,COOLING,NONE,0.0,0.0,0.0,63.09,0.0,996.92,1001.08,True,False,0.0,77720.7,-0.1073,2.308,0.002533
2026-08-24T10:44:12Z,REDUSDT,COOLING,NONE,0.0,0.0,0.0,27.91,0.0,5439.83,4746.77,True,False,0.0,77720.7,-0.1073,0.931,0.11463
2026-08-24T10:44:19Z,BIOUSDT,COOLING,BUY,1.72,3.46,3.46,6.93,3.46,3855.54,2238.48,True,False,-0.0519,77720.7,-0.1073,3.788,0.0289
2026-08-24T10:45:01Z,XRPUSDT,COOLING,SELL,4.3,0.0,4.3,2.7,-0.0,116307.21,89012.1,True,False,0.0068,77720.69,-0.0,2.908,1.4792
2026-08-24T10:45:04Z,HBARUSDT,COOLING,NONE,0.0,0.0,0.0,1.27,0.0,10006.33,19946.39,True,False,0.0,77720.69,-0.0,1.059,0.07899
2026-08-24T10:45:06Z,QAITUSDT,COOLING,NONE,0.0,0.0,0.0,63.09,0.0,996.92,1001.08,True,False,0.0,77720.69,-0.0,1.064,0.002533
2026-08-24T10:45:11Z,REDUSDT,COOLING,NONE,0.0,0.0,0.0,14.0,0.0,5699.49,5789.26,True,False,0.0,77720.69,-0.0,3.428,0.1143
2026-08-24T10:45:14Z,BIOUSDT,COOLING,NONE,0.0,0.0,0.0,3.47,0.0,4664.78,3534.44,True,False,0.0,77720.69,-0.0,0.933,0.02884
2026-08-24T10:46:12Z,XRPUSDT,COOLING,NONE,0.0,0.0,0.0,2.7,-0.0,139528.44,98353.18,True,False,0.0067,77782.74,0.0798,1.988,1.4838
2026-08-24T10:46:14Z,HBARUSDT,COOLING,NONE,0.0,0.0,0.0,2.52,0.0,11433.14,21785.09,True,False,0.0,77782.74,0.0798,0.947,0.07925
2026-08-24T10:46:17Z,QAITUSDT,COOLING,NONE,0.0,0.0,0.0,63.09,0.0,996.92,1001.08,True,False,0.0,77782.74,0.0798,0.976,0.002533
2026-08-24T10:46:19Z,REDUSDT,COOLING,NONE,0.0,0.0,0.0,9.61,0.0,8211.96,4900.74,True,False,0.0,77782.74,0.0798,1.021,0.1144
2026-08-24T10:46:22Z,BIOUSDT,COOLING,SELL,62.25,0.0,62.25,6.92,0.0,3399.83,2374.15,True,False,0.0,77782.74,0.0798,0.922,0.02892
2026-08-24T10:46:53Z,XRPUSDT,COOLING,NONE,0.0,0.0,0.0,1.35,-2.02,85927.42,96923.91,True,False,0.0236,77755.66,-0.0348,1.952,1.4826
2026-08-24T10:46:55Z,HBARUSDT,COOLING,NONE,0.0,0.0,0.0,1.26,-0.0,15645.15,18812.93,True,False,0.0126,77755.66,-0.0348,1.194,0.07912
2026-08-24T10:46:57Z,QAITUSDT,COOLING,NONE,0.0,0.0,0.0,63.09,0.0,996.92,1001.08,True,False,0.0,77755.66,-0.0348,0.974,0.002533
2026-08-24T10:47:00Z,REDUSDT,COOLING,NONE,0.0,0.0,0.0,11.41,0.0,5857.68,5191.79,True,False,0.0,77755.66,-0.0348,1.04,0.11449
2026-08-24T10:47:02Z,BIOUSDT,COOLING,NONE,0.0,0.0,0.0,3.46,0.0,3350.89,2204.07,True,False,0.0,77755.66,-0.0348,0.962,0.02892
2026-08-24T10:47:33Z,XRPUSDT,COOLING,SELL,43.88,0.0,43.88,2.7,0.67,103995.03,93822.92,True,False,0.0101,77784.69,0.0373,1.018,1.4824
2026-08-24T10:47:35Z,HBARUSDT,COOLING,NONE,0.0,0.0,0.0,1.26,0.0,16453.95,21879.84,True,False,0.0,77784.69,0.0373,1.038,0.07911
2026-08-24T10:47:38Z,QAITUSDT,COOLING,NONE,0.0,0.0,0.0,63.09,0.0,996.92,1001.08,True,False,0.0,77784.69,0.0373,1.986,0.002533
2026-08-24T10:47:42Z,REDUSDT,COOLING,NONE,0.0,0.0,0.0,20.2,8.79,5857.68,5191.79,True,False,-0.0439,77784.69,0.0373,2.133,0.11396
2026-08-24T10:47:44Z,BIOUSDT,COOLING,NONE,0.0,0.0,0.0,3.46,0.0,3726.46,2393.77,True,False,0.0,77784.69,0.0373,1.191,0.02891
2026-08-24T10:48:41Z,XRPUSDT,COOLING,NONE,0.0,0.0,0.0,1.35,0.67,141124.18,118917.5,True,False,-0.0034,77811.73,0.0348,1.028,1.4829
2026-08-24T10:48:44Z,HBARUSDT,COOLING,SELL,40.37,0.0,40.37,1.26,-0.0,33917.88,9130.65,True,False,0.038,77811.73,0.0348,1.188,0.07904
2026-08-24T10:48:46Z,QAITUSDT,COOLING,NONE,0.0,0.0,0.0,63.09,0.0,996.92,1001.08,True,False,0.0,77811.73,0.0348,1.53,0.002533
2026-08-24T10:48:49Z,REDUSDT,COOLING,NONE,0.0,0.0,0.0,11.43,0.0,4897.64,5783.9,True,False,0.0,77811.73,0.0348,1.987,0.11376
2026-08-24T10:48:51Z,BIOUSDT,COOLING,NONE,0.0,0.0,0.0,3.46,0.0,3690.2,1482.66,True,False,0.0,77811.73,0.0348,0.922,0.02892
2026-08-24T10:49:22Z,XRPUSDT,COOLING,BUY,0.0,5.59,5.59,2.02,-0.0,96101.93,108792.11,True,False,0.0202,77799.52,-0.0157,1.051,1.4831
2026-08-24T10:49:23Z,HBARUSDT,COOLING,SELL,0.43,0.0,0.43,1.27,-0.0,11740.9,23734.95,True,False,0.0127,77799.52,-0.0157,0.986,0.07899
2026-08-24T10:49:26Z,QAITUSDT,COOLING,NONE,0.0,0.0,0.0,63.09,0.0,996.92,1001.08,True,False,0.0,77799.52,-0.0157,0.967,0.002533
2026-08-24T10:49:27Z,REDUSDT,COOLING,NONE,0.0,0.0,0.0,14.05,0.0,8716.98,6340.55,True,False,0.0,77799.52,-0.0157,1.026,0.11376
2026-08-24T10:49:29Z,BIOUSDT,COOLING,BUY,0.0,30.31,30.31,3.46,0.0,3286.99,2607.75,True,False,0.0,77799.52,-0.0157,1.075,0.02892
2026-08-24T10:50:01Z,XRPUSDT,COOLING,SELL,51.58,46.59,51.58,2.7,0.67,123587.29,118941.93,True,False,0.0303,77799.75,0.0003,1.023,1.4829
2026-08-24T10:50:03Z,HBARUSDT,COOLING,SELL,60.01,0.0,60.01,2.53,0.0,38520.94,28496.67,True,False,0.0,77799.75,0.0003,1.039,0.07895
2026-08-24T10:50:05Z,QAITUSDT,COOLING,NONE,0.0,0.0,0.0,63.09,0.0,996.92,1001.08,True,False,0.0,77799.75,0.0003,1.005,0.002533
2026-08-24T10:50:07Z,REDUSDT,COOLING,NONE,0.0,0.0,0.0,14.05,0.0,8716.98,6340.55,True,False,0.0,77799.75,0.0003,0.928,0.11387
2026-08-24T10:50:10Z,BIOUSDT,COOLING,BUY,0.0,4.1,4.1,3.46,0.0,3690.2,1414.53,True,False,0.0,77799.75,0.0003,2.006,0.02892
2026-08-24T10:51:04Z,XRPUSDT,COOLING,SELL,22.02,18.84,22.02,2.03,-0.68,102920.64,124897.62,True,False,-0.0101,77706.27,-0.1202,1.032,1.4805
2026-08-24T10:51:06Z,HBARUSDT,COOLING,NONE,0.0,0.0,0.0,1.27,0.0,41773.61,21861.94,True,False,0.0,77706.27,-0.1202,0.956,0.07878
2026-08-24T10:51:09Z,QAITUSDT,COOLING,NONE,0.0,0.0,0.0,63.09,0.0,996.92,1001.08,True,False,0.0,77706.27,-0.1202,0.969,0.002533
2026-08-24T10:51:12Z,REDUSDT,COOLING,NONE,0.0,0.0,0.0,20.2,0.0,8026.2,5527.85,True,False,0.0,77706.27,-0.1202,1.061,0.11385
2026-08-24T10:51:14Z,BIOUSDT,COOLING,NONE,0.0,0.0,0.0,3.47,0.0,2537.93,1290.54,True,False,0.0,77706.27,-0.1202,1.045,0.02882
2026-08-24T10:51:45Z,XRPUSDT,COOLING,NONE,0.0,0.0,0.0,2.03,0.0,64494.35,82372.93,True,False,-0.0068,77620.53,-0.1103,0.987,1.4789
2026-08-24T10:51:47Z,HBARUSDT,COOLING,BUY,0.0,12.67,12.67,1.27,0.0,14125.15,21318.43,True,False,0.0,77620.53,-0.1103,1.026,0.07878
2026-08-24T10:51:49Z,QAITUSDT,COOLING,NONE,0.0,0.0,0.0,63.09,0.0,996.92,1001.08,True,False,0.0,77620.53,-0.1103,1.02,0.002533
2026-08-24T10:51:50Z,REDUSDT,COOLING,NONE,0.0,0.0,0.0,11.43,0.0,7262.48,5729.65,True,False,0.0,77620.53,-0.1103,0.97,0.11385
2026-08-24T10:51:53Z,BIOUSDT,COOLING,NONE,0.0,0.0,0.0,6.96,0.0,2936.91,7276.27,True,False,0.0,77620.53,-0.1103,1.058,0.02872
2026-08-24T10:52:22Z,XRPUSDT,COOLING,BUY,2.09,27.3,27.3,2.71,0.68,70286.95,84650.8,True,True,-0.0237,77626.68,0.0079,1.013,1.4785
2026-08-24T10:52:24Z,HBARUSDT,COOLING,NONE,0.0,0.0,0.0,1.27,0.0,23703.38,9363.49,True,False,0.0,77626.68,0.0079,1.055,0.07878
2026-08-24T10:52:26Z,QAITUSDT,COOLING,NONE,0.0,0.0,0.0,63.09,0.0,996.92,1001.08,True,False,0.0,77626.68,0.0079,1.152,0.002533
2026-08-24T10:52:30Z,REDUSDT,COOLING,NONE,0.0,0.0,0.0,11.43,0.0,4937.93,5729.65,True,False,0.0,77626.68,0.0079,1.065,0.11384
2026-08-24T10:52:33Z,BIOUSDT,COOLING,NONE,0.0,0.0,0.0,3.48,0.0,1934.84,7832.17,True,False,0.0,77626.68,0.0079,1.094,0.02868
2026-08-24T10:53:35Z,XRPUSDT,COOLING,BUY,4.3,12.76,12.76,2.03,0.67,104967.98,139581.54,True,False,0.0101,77634.33,0.0099,2.043,1.4811
2026-08-24T10:53:37Z,HBARUSDT,COOLING,BUY,12.96,50.16,50.16,1.27,0.0,11981.84,25663.87,True,False,0.0,77634.33,0.0099,1.124,0.07882
2026-08-24T10:53:39Z,QAITUSDT,COOLING,NONE,0.0,0.0,0.0,63.09,0.0,996.92,1001.08,True,False,0.0,77634.33,0.0099,1.079,0.002533
2026-08-24T10:53:41Z,REDUSDT,COOLING,NONE,0.0,0.0,0.0,21.07,0.0,7401.82,4985.17,True,False,0.0,77634.33,0.0099,0.979,0.11377
2026-08-24T10:53:43Z,BIOUSDT,COOLING,NONE,0.0,0.0,0.0,6.96,3.48,1513.32,8373.87,True,False,-0.0174,77634.33,0.0099,1.072,0.02873
2026-08-24T10:54:16Z,XRPUSDT,COOLING,NONE,0.0,0.0,0.0,2.03,0.0,93395.31,100910.28,True,False,0.0,77608.09,-0.0338,2.076,1.4806
2026-08-24T10:54:19Z,HBARUSDT,COOLING,NONE,0.0,0.0,0.0,1.27,0.0,12496.97,9593.2,True,False,0.0,77608.09,-0.0338,1.049,0.07888
2026-08-24T10:54:22Z,QAITUSDT,COOLING,NONE,0.0,0.0,0.0,63.09,0.0,996.92,1001.08,True,False,0.0,77608.09,-0.0338,1.069,0.002533
2026-08-24T10:54:25Z,REDUSDT,COOLING,NONE,0.0,0.0,0.0,12.31,0.0,4974.62,5511.3,True,False,0.0,77608.09,-0.0338,2.079,0.11387
2026-08-24T10:54:27Z,BIOUSDT,COOLING,NONE,0.0,0.0,0.0,3.48,0.0,1515.3,7115.04,True,False,0.0,77608.09,-0.0338,1.005,0.02875
2026-08-24T10:55:01Z,XRPUSDT,COOLING,NONE,0.0,0.0,0.0,2.7,0.67,116613.53,69613.68,True,False,0.0034,77618.0,0.0128,1.541,1.482
2026-08-24T10:55:04Z,HBARUSDT,COOLING,BUY,0.0,0.51,0.51,1.27,-0.0,11753.97,23125.49,True,False,0.038,77618.0,0.0128,2.681,0.07894
2026-08-24T10:55:08Z,QAITUSDT,COOLING,NONE,0.0,0.0,0.0,63.09,0.0,996.92,1001.08,True,False,0.0,77618.0,0.0128,1.267,0.002533
2026-08-24T10:55:12Z,REDUSDT,COOLING,NONE,0.0,0.0,0.0,54.88,-3.49,5454.5,534.53,True,False,0.0174,77618.0,0.0128,1.024,0.11566
2026-08-24T10:55:14Z,BIOUSDT,COOLING,NONE,0.0,0.0,0.0,6.95,0.0,3177.72,3111.36,True,False,0.0,77618.0,0.0128,1.077,0.02875
2026-08-24T10:58:17Z,XRPUSDT,COOLING,NONE,0.0,0.0,0.0,1.35,-0.67,49540.93,99646.27,True,False,-0.0101,77588.47,-0.038,0.937,1.4824
2026-08-24T10:58:20Z,HBARUSDT,COOLING,NONE,0.0,0.0,0.0,1.27,0.0,26039.3,13180.84,True,False,0.0,77588.47,-0.038,1.935,0.07907
2026-08-24T10:58:21Z,QAITUSDT,COOLING,NONE,0.0,0.0,0.0,63.09,0.0,996.92,1001.08,True,False,0.0,77588.47,-0.038,0.942,0.002533
2026-08-24T10:58:23Z,REDUSDT,COOLING,BUY,0.0,59.14,59.14,22.69,0.0,3316.09,4629.58,True,False,0.0,77588.47,-0.038,0.989,0.11508
2026-08-24T10:58:25Z,BIOUSDT,COOLING,SELL,29.0,0.0,29.0,13.91,0.0,3453.43,1510.27,True,True,-0.0348,77588.47,-0.038,1.078,0.02875
2026-08-24T11:00:22Z,XRPUSDT,COOLING,SELL,17.2,0.0,17.2,2.7,2.02,123275.34,96008.94,True,False,-0.0101,77610.57,0.0285,0.988,1.4829
2026-08-24T11:00:25Z,HBARUSDT,COOLING,BUY,0.0,75.51,75.51,1.27,0.0,10651.7,19686.41,True,False,-0.0253,77610.57,0.0285,0.96,0.07907
2026-08-24T11:01:06Z,QAITUSDT,COOLING,NONE,0.0,0.0,0.0,63.09,0.0,996.92,1001.08,True,False,0.0,77610.57,0.0285,0.902,0.002533
2026-08-24T11:01:08Z,REDUSDT,COOLING,NONE,0.0,0.0,0.0,16.45,-8.67,6044.19,3760.63,True,False,0.0347,77610.57,0.0285,1.055,0.11519
2026-08-24T11:01:10Z,BIOUSDT,COOLING,BUY,17.02,48.66,48.66,3.46,0.0,3064.5,3085.0,True,False,0.0,77610.57,0.0285,0.957,0.02895
2026-08-24T11:01:39Z,XRPUSDT,COOLING,SELL,29.49,1.96,29.49,2.03,-0.0,104506.53,82891.17,True,False,0.0068,77516.2,-0.1216,0.98,1.4764
2026-08-24T11:01:41Z,HBARUSDT,COOLING,SELL,39.23,0.0,39.23,3.81,-0.0,15746.42,9114.21,True,False,0.0254,77516.2,-0.1216,0.93,0.07883
2026-08-24T11:01:44Z,QAITUSDT,COOLING,NONE,0.0,0.0,0.0,63.09,0.0,996.92,1001.08,True,False,0.0,77516.2,-0.1216,1.177,0.002533
2026-08-24T11:01:46Z,REDUSDT,COOLING,BUY,0.0,60.89,60.89,61.97,0.0,3884.9,5186.67,True,False,0.0,77516.2,-0.1216,1.028,0.11467
2026-08-24T11:01:48Z,BIOUSDT,COOLING,NONE,0.0,0.0,0.0,3.47,0.0,1888.33,2648.96,True,False,0.0,77516.2,-0.1216,0.907,0.02881
2026-08-24T11:08:07Z,XRPUSDT,COOLING,SELL,36.83,0.0,36.83,2.03,-0.0,78392.07,98443.92,True,False,0.0271,77607.69,0.118,2.012,1.4777
2026-08-24T11:08:10Z,HBARUSDT,COOLING,NONE,0.0,0.0,0.0,1.26,0.0,11820.52,11414.99,True,False,0.0,77607.69,0.118,0.992,0.07904
2026-08-24T11:08:12Z,QAITUSDT,COOLING,NONE,0.0,0.0,0.0,63.09,0.0,996.92,1001.08,True,False,0.0,77607.69,0.118,0.998,0.002533
2026-08-24T11:08:15Z,REDUSDT,COOLING,NONE,0.0,0.0,0.0,19.21,0.0,6445.81,4718.96,True,False,0.0,77607.69,0.118,0.944,0.11449
2026-08-24T11:08:18Z,BIOUSDT,COOLING,NONE,0.0,0.0,0.0,3.46,0.0,1711.99,4585.09,True,False,0.0,77607.69,0.118,0.868,0.02892
2026-08-24T11:08:49Z,XRPUSDT,COOLING,NONE,0.0,0.0,0.0,3.39,1.35,83986.47,112550.04,True,False,-0.0068,77667.35,0.0769,0.98,1.4776
2026-08-24T11:08:54Z,HBARUSDT,COOLING,BUY,0.0,4.39,4.39,1.26,0.0,10749.01,11683.42,True,False,-0.0632,77667.35,0.0769,2.081,0.07916
2026-08-24T11:08:56Z,QAITUSDT,COOLING,NONE,0.0,0.0,0.0,63.09,0.0,996.92,1001.08,True,False,0.0,77667.35,0.0769,0.992,0.002533
2026-08-24T11:08:58Z,REDUSDT,COOLING,NONE,0.0,0.0,0.0,12.22,0.0,7224.66,5121.97,True,False,0.0,77667.35,0.0769,0.94,0.1145
2026-08-24T11:09:01Z,BIOUSDT,COOLING,NONE,0.0,0.0,0.0,3.47,0.0,4449.85,3803.25,True,False,0.0,77667.35,0.0769,0.998,0.02888
2026-08-24T11:10:13Z,XRPUSDT,COOLING,NONE,0.0,0.0,0.0,3.38,0.68,106468.18,62269.27,True,False,0.0034,77712.1,0.0576,0.893,1.4775
2026-08-24T11:10:15Z,HBARUSDT,COOLING,SELL,15.08,1.06,15.08,2.52,1.26,14165.71,24078.68,True,False,0.0442,77712.1,0.0576,0.94,0.07919
2026-08-24T11:10:16Z,QAITUSDT,COOLING,NONE,0.0,0.0,0.0,63.09,0.0,996.92,1001.08,True,False,0.0,77712.1,0.0576,1.045,0.002533
2026-08-24T11:10:18Z,REDUSDT,COOLING,NONE,0.0,0.0,0.0,20.98,0.0,6217.38,5532.91,True,False,0.0,77712.1,0.0576,0.928,0.11441
2026-08-24T11:10:21Z,BIOUSDT,COOLING,NONE,0.0,0.0,0.0,3.46,0.0,2665.17,2283.08,True,False,0.0,77712.1,0.0576,2.066,0.02885
2026-08-24T11:14:00Z,XRPUSDT,COOLING,SELL,14.29,0.0,14.29,0.68,-1.35,146181.26,93802.45,True,False,0.0609,77807.34,0.1226,2.932,1.4781
2026-08-24T11:14:03Z,HBARUSDT,COOLING,NONE,0.0,0.0,0.0,1.26,0.0,30038.84,28848.88,True,False,0.0,77807.34,0.1226,1.993,0.07937
2026-08-24T11:14:06Z,QAITUSDT,COOLING,NONE,0.0,0.0,0.0,197.33,0.0,1301.12,1001.06,True,False,0.0,77807.34,0.1226,1.962,0.002559
2026-08-24T11:14:08Z,REDUSDT,COOLING,NONE,0.0,0.0,0.0,21.09,0.0,7722.28,5702.18,True,False,0.0,77807.34,0.1226,0.947,0.11373
2026-08-24T11:14:10Z,BIOUSDT,COOLING,SELL,24.21,0.0,24.21,3.46,-3.47,2912.52,3057.11,True,True,0.0173,77807.34,0.1226,0.958,0.02887
2026-08-24T11:16:42Z,XRPUSDT,COOLING,BUY,0.11,0.39,0.39,2.03,-0.67,95494.19,99904.3,True,False,-0.2131,77770.08,-0.0479,82.224,1.4785
2026-08-24T11:16:45Z,HBARUSDT,COOLING,NONE,0.0,0.0,0.0,1.26,0.0,37490.39,11430.73,True,False,0.0,77770.08,-0.0479,1.026,0.07936
2026-08-24T11:16:48Z,QAITUSDT,COOLING,NONE,0.0,0.0,0.0,89.48,0.0,1257.63,1001.06,True,False,0.0,77770.08,-0.0479,0.884,0.002574
2026-08-24T11:17:30Z,REDUSDT,COOLING,BUY,0.0,0.28,0.28,19.35,9.67,8018.2,5327.61,True,False,0.0484,77770.08,-0.0479,40.916,0.11366
2026-08-24T11:17:32Z,BIOUSDT,COOLING,NONE,0.0,0.0,0.0,3.46,0.0,1502.44,2413.8,True,False,0.0,77770.08,-0.0479,0.944,0.02888
2026-08-24T11:18:01Z,XRPUSDT,COOLING,SELL,38.56,34.49,38.56,3.38,0.68,117995.58,122945.58,True,False,-0.0507,77840.48,0.0905,0.924,1.4787
2026-08-24T11:18:03Z,HBARUSDT,COOLING,NONE,0.0,0.0,0.0,1.26,0.0,9612.76,11196.58,True,False,0.0,77840.48,0.0905,0.954,0.07943
2026-08-24T11:18:05Z,QAITUSDT,COOLING,NONE,0.0,0.0,0.0,58.45,0.0,1293.65,1012.48,True,False,0.0,77840.48,0.0905,1.004,0.002574
2026-08-24T11:18:07Z,REDUSDT,COOLING,SELL,3.33,0.0,3.33,22.87,11.44,7840.17,4898.25,True,False,-0.0571,77840.48,0.0905,1.979,0.11369
2026-08-24T11:18:10Z,BIOUSDT,COOLING,NONE,0.0,0.0,0.0,3.46,0.0,1966.53,2104.73,True,False,0.0,77840.48,0.0905,1.979,0.02889
2026-08-24T11:20:34Z,XRPUSDT,COOLING,BUY,9.28,17.08,17.08,2.7,-0.68,174143.84,116353.38,True,True,0.0034,77860.47,0.0257,2.093,1.4812
2026-08-24T11:21:56Z,HBARUSDT,COOLING,BUY,0.0,73.83,73.83,3.76,2.51,29103.12,34153.82,True,False,0.0,77860.47,0.0257,0.973,0.07971
2026-08-24T11:21:58Z,QAITUSDT,COOLING,NONE,0.0,0.0,0.0,62.16,0.0,1030.59,1094.04,True,False,0.0,77860.47,0.0257,0.938,0.002574
2026-08-24T11:22:00Z,REDUSDT,COOLING,BUY,0.0,2.67,2.67,12.22,0.0,6817.26,1861.59,True,False,0.0,77860.47,0.0257,0.889,0.11441
2026-08-24T11:22:02Z,BIOUSDT,COOLING,NONE,0.0,0.0,0.0,3.45,0.0,1714.81,5191.33,True,False,0.0,77860.47,0.0257,0.969,0.02899
2026-08-24T11:23:10Z,XRPUSDT,COOLING,BUY,0.35,0.72,0.72,1.35,-0.67,102836.75,104058.63,True,False,-0.2329,77873.76,0.0171,40.963,1.4808
2026-08-24T11:23:12Z,HBARUSDT,COOLING,NONE,0.0,0.0,0.0,1.26,-1.26,10812.74,11076.46,True,False,-0.0063,77873.76,0.0171,1.025,0.07964
2026-08-24T11:23:14Z,QAITUSDT,COOLING,NONE,0.0,0.0,0.0,62.16,0.0,1023.58,1094.04,True,False,0.0,77873.76,0.0171,0.867,0.002574
2026-08-24T11:24:37Z,REDUSDT,COOLING,NONE,0.0,0.0,0.0,11.39,0.0,4275.5,5495.28,True,False,0.0,77873.76,0.0171,0.952,0.11419
2026-08-24T11:24:40Z,BIOUSDT,COOLING,SELL,40.18,0.0,40.18,3.45,0.0,3616.08,7332.14,True,False,0.0,77873.76,0.0171,1.39,0.02891
2026-08-24T11:25:12Z,XRPUSDT,COOLING,BUY,0.02,53.23,53.23,1.35,-0.67,89705.77,142558.28,True,False,-0.0034,77852.14,-0.0278,1.001,1.4861
2026-08-24T11:25:15Z,HBARUSDT,COOLING,SELL,64.7,0.0,64.7,2.51,1.25,21633.55,15500.15,True,False,0.0063,77852.14,-0.0278,1.095,0.0797
2026-08-24T11:25:18Z,QAITUSDT,COOLING,NONE,0.0,0.0,0.0,62.16,0.0,1023.58,1094.04,True,False,0.0,77852.14,-0.0278,2.099,0.002574
2026-08-24T11:25:22Z,REDUSDT,COOLING,NONE,0.0,0.0,0.0,19.28,0.0,6476.88,5495.28,True,False,0.0,77852.14,-0.0278,0.981,0.11413
2026-08-24T11:25:26Z,BIOUSDT,COOLING,SELL,4.13,0.14,4.13,6.89,3.44,8782.07,4256.73,True,False,0.1553,77852.14,-0.0278,1.956,0.02898
2026-08-24T11:30:22Z,XRPUSDT,COOLING,BUY,30.78,34.86,34.86,2.69,0.0,110963.71,123544.59,True,False,-0.0135,77835.75,-0.0211,0.976,1.4849
2026-08-24T11:30:24Z,HBARUSDT,COOLING,BUY,27.84,51.82,51.82,1.26,0.0,36913.44,25956.13,True,False,-0.0126,77835.75,-0.0211,1.05,0.07965
2026-08-24T11:31:07Z,QAITUSDT,COOLING,NONE,0.0,0.0,0.0,62.16,0.0,1023.58,1094.04,True,False,0.0,77835.75,-0.0211,40.916,0.002574
2026-08-24T11:31:08Z,REDUSDT,COOLING,NONE,0.0,0.0,0.0,21.89,0.0,4936.13,5081.19,True,False,0.0,77835.75,-0.0211,0.961,0.11428
2026-08-24T11:31:11Z,BIOUSDT,COOLING,NONE,0.0,0.0,0.0,6.9,3.45,2480.95,6647.57,True,False,-0.0172,77835.75,-0.0211,1.021,0.029
2026-08-24T11:32:22Z,XRPUSDT,COOLING,BUY,0.0,25.82,25.82,2.69,-2.01,148177.96,106415.98,True,False,0.0168,77964.34,0.1652,0.978,1.4896
2026-08-24T11:32:25Z,HBARUSDT,COOLING,NONE,0.0,0.0,0.0,1.25,0.0,45932.27,15319.23,True,False,0.0,77964.34,0.1652,0.958,0.07985
2026-08-24T11:32:28Z,QAITUSDT,COOLING,NONE,0.0,0.0,0.0,62.16,0.0,1023.58,1094.04,True,False,0.0,77964.34,0.1652,0.918,0.002574
2026-08-24T11:32:29Z,REDUSDT,COOLING,SELL,11.81,0.0,11.81,10.45,0.0,8981.59,1608.57,True,False,0.0,77964.34,0.1652,0.956,0.11435
2026-08-24T11:32:31Z,BIOUSDT,COOLING,SELL,12.19,0.0,12.19,3.44,-3.44,2841.41,4322.45,True,False,0.0172,77964.34,0.1652,0.947,0.02908
2026-08-24T11:33:41Z,XRPUSDT,COOLING,NONE,0.0,0.0,0.0,4.02,2.68,45023.73,101111.48,True,False,0.0134,78020.43,0.0719,0.999,1.4932
2026-08-24T11:33:43Z,HBARUSDT,COOLING,SELL,32.56,10.74,32.56,1.25,-0.0,47028.04,11932.44,True,True,0.0125,78020.43,0.0719,0.905,0.07987
2026-08-24T11:33:46Z,QAITUSDT,COOLING,NONE,0.0,0.0,0.0,62.16,0.0,1023.58,1094.04,True,False,0.0,78020.43,0.0719,0.89,0.002574
2026-08-24T11:33:48Z,REDUSDT,COOLING,NONE,0.0,0.0,0.0,19.15,0.0,8057.34,4790.43,True,False,0.0,78020.43,0.0719,0.941,0.11479
2026-08-24T11:33:50Z,BIOUSDT,COOLING,NONE,0.0,0.0,0.0,3.44,0.0,2497.22,5057.8,True,False,0.0,78020.43,0.0719,1.197,0.02905
2026-08-24T11:36:03Z,XRPUSDT,COOLING,SELL,13.94,0.0,13.94,3.34,2.67,61270.57,87563.98,True,False,0.0668,78247.6,0.2912,1.026,1.4964
2026-08-24T11:36:06Z,HBARUSDT,COOLING,NONE,0.0,0.0,0.0,1.25,-1.25,9728.81,19212.41,True,False,-0.0062,78247.6,0.2912,0.98,0.0801
2026-08-24T11:36:10Z,QAITUSDT,COOLING,NONE,0.0,0.0,0.0,127.05,0.0,1015.38,882.98,True,False,0.0,78247.6,0.2912,0.956,0.002614
2026-08-24T11:36:12Z,REDUSDT,COOLING,SELL,0.25,0.0,0.25,30.4,0.0,6047.25,5350.6,True,False,0.0,78247.6,0.2912,0.99,0.11522
2026-08-24T11:36:14Z,BIOUSDT,COOLING,NONE,0.0,0.0,0.0,6.83,0.0,1806.29,1946.42,True,False,0.0,78247.6,0.2912,0.992,0.02928
2026-08-24T11:37:27Z,XRPUSDT,COOLING,BUY,0.0,0.01,0.01,2.0,0.0,46664.22,80163.86,True,False,0.0,78355.46,0.1378,1.049,1.5
2026-08-24T11:37:29Z,HBARUSDT,COOLING,BUY,0.0,0.59,0.59,3.74,1.25,17334.98,27776.86,True,False,-0.0062,78355.46,0.1378,1.013,0.08032
2026-08-24T11:37:30Z,QAITUSDT,COOLING,NONE,0.0,0.0,0.0,168.07,-3.85,999.09,1001.02,True,False,0.0191,78355.46,0.1378,0.911,0.002613
2026-08-24T11:37:32Z,REDUSDT,COOLING,NONE,0.0,0.0,0.0,12.98,0.0,7523.08,1943.17,True,False,0.0,78355.46,0.1378,0.933,0.11558
2026-08-24T11:37:34Z,BIOUSDT,COOLING,NONE,0.0,0.0,0.0,6.82,0.0,2617.81,2746.68,True,False,0.0,78355.46,0.1378,0.978,0.02932
2026-08-24T11:38:46Z,XRPUSDT,COOLING,NONE,0.0,0.0,0.0,3.33,0.0,47193.9,95777.56,True,False,-0.0067,78416.79,0.0783,0.944,1.504
2026-08-24T11:38:48Z,HBARUSDT,COOLING,NONE,0.0,0.0,0.0,2.49,1.25,9672.64,31607.21,True,False,-0.0062,78416.79,0.0783,0.988,0.08023
2026-08-24T11:38:49Z,QAITUSDT,COOLING,NONE,0.0,0.0,0.0,156.88,-15.17,999.09,2123.18,True,False,-0.0765,78416.79,0.0783,0.934,0.002601
2026-08-24T11:38:51Z,REDUSDT,COOLING,NONE,0.0,0.0,0.0,13.86,0.0,8656.99,4541.22,True,False,0.0,78416.79,0.0783,0.931,0.11512
2026-08-24T11:38:55Z,BIOUSDT,COOLING,BUY,0.0,0.03,0.03,3.42,0.0,3446.88,2030.68,True,False,-0.0342,78416.79,0.0783,1.328,0.02928
2026-08-24T11:40:27Z,XRPUSDT,COOLING,BUY,0.0,41.31,41.31,5.32,2.66,29194.25,75547.51,True,False,0.02,78499.99,0.1061,1.038,1.5022
2026-08-24T11:41:08Z,QAITUSDT,COOLING,NONE,0.0,0.0,0.0,61.42,0.0,1105.91,1001.02,True,False,0.0,78499.99,0.1061,0.879,0.002592
2026-08-24T11:41:50Z,REDUSDT,COOLING,NONE,0.0,0.0,0.0,19.12,0.0,9431.6,4438.6,True,False,0.0,78499.99,0.1061,0.875,0.11516
2026-08-24T11:41:52Z,BIOUSDT,COOLING,NONE,0.0,0.0,0.0,3.41,0.0,3258.28,2625.54,True,False,0.0,78499.99,0.1061,0.982,0.02928
2026-08-24T11:41:55Z,EDELUSDT,COOLING,NONE,0.0,0.0,0.0,68.26,0.0,647.25,780.26,True,False,0.0,78499.99,0.1061,0.924,0.00876
2026-08-24T11:42:24Z,XRPUSDT,COOLING,SELL,31.03,6.94,31.03,1.33,-1.33,106673.91,103053.01,True,False,0.0133,78543.47,0.0554,1.023,1.5055
2026-08-24T11:42:26Z,QAITUSDT,COOLING,NONE,0.0,0.0,0.0,61.42,0.0,1105.91,1001.02,True,False,0.0,78543.47,0.0554,0.959,0.002592
2026-08-24T11:42:27Z,REDUSDT,COOLING,NONE,0.0,0.0,0.0,46.15,0.0,3404.45,6257.61,True,False,0.0,78543.47,0.0554,0.896,0.11505
2026-08-24T11:42:29Z,BIOUSDT,COOLING,NONE,0.0,0.0,0.0,6.82,3.41,3201.68,1905.75,True,False,0.0171,78543.47,0.0554,0.954,0.0293
2026-08-24T11:42:31Z,EDELUSDT,COOLING,NONE,0.0,0.0,0.0,45.45,0.0,724.05,780.26,True,False,0.0,78543.47,0.0554,0.954,0.00877
2026-08-24T11:43:01Z,XRPUSDT,COOLING,SELL,64.79,0.0,64.79,4.65,0.0,116776.47,98141.92,True,True,0.0,78480.01,-0.0808,0.924,1.5062
2026-08-24T11:43:03Z,QAITUSDT,COOLING,NONE,0.0,0.0,0.0,61.42,0.0,1105.91,1001.02,True,False,0.0,78480.01,-0.0808,0.95,0.002592
2026-08-24T11:43:05Z,REDUSDT,COOLING,NONE,0.0,0.0,0.0,24.39,0.0,3528.44,7024.44,True,False,0.0,78480.01,-0.0808,1.003,0.11508
2026-08-24T11:43:07Z,BIOUSDT,COOLING,NONE,0.0,0.0,0.0,3.41,0.0,2052.63,2146.23,True,False,0.0,78480.01,-0.0808,0.937,0.0293
2026-08-24T11:43:10Z,EDELUSDT,COOLING,NONE,0.0,0.0,0.0,45.45,0.0,646.5,780.26,True,False,0.0,78480.01,-0.0808,0.986,0.00877
2026-08-24T11:46:03Z,XRPUSDT,COOLING,NONE,0.0,0.0,0.0,2.66,1.33,55415.37,99634.75,True,False,0.0266,78442.62,-0.0476,0.99,1.5052
2026-08-24T11:46:07Z,QAITUSDT,COOLING,NONE,0.0,0.0,0.0,50.03,0.0,869.64,1128.08,True,False,0.0,78442.62,-0.0476,0.9,0.002592
2026-08-24T11:46:10Z,REDUSDT,COOLING,BUY,0.0,49.52,49.52,13.98,0.0,7395.99,5332.62,True,False,0.0,78442.62,-0.0476,0.997,0.11487
2026-08-24T11:46:12Z,BIOUSDT,COOLING,NONE,0.0,0.0,0.0,6.82,0.0,3113.57,2650.91,True,False,0.0,78442.62,-0.0476,0.944,0.02931
2026-08-24T11:46:15Z,RWAINCUSDT,IMPULSE,NONE,0.0,0.0,0.0,138.39,0.0,1376.85,1414.1,True,False,0.0,78442.62,-0.0476,1.929,0.002081
2026-08-24T11:46:47Z,XRPUSDT,COOLING,BUY,0.0,6.7,6.7,3.33,2.0,56147.58,123690.02,True,False,0.01,78369.99,-0.0926,1.902,1.5013
2026-08-24T11:46:50Z,QAITUSDT,COOLING,NONE,0.0,0.0,0.0,50.03,0.0,1023.6,1001.02,True,False,0.0,78369.99,-0.0926,0.965,0.002592
2026-08-24T11:46:53Z,REDUSDT,COOLING,NONE,0.0,0.0,0.0,11.37,0.0,7907.54,5415.9,True,False,0.0,78369.99,-0.0926,0.982,0.11473
2026-08-24T11:46:55Z,BIOUSDT,COOLING,BUY,0.0,33.7,33.7,3.41,0.0,2633.34,2112.59,True,False,0.0,78369.99,-0.0926,0.892,0.02932
2026-08-24T11:46:58Z,RWAINCUSDT,IMPULSE,NONE,0.0,0.0,0.0,138.39,0.0,1376.85,1414.1,True,False,0.0,78369.99,-0.0926,1.982,0.002081
2026-08-24T11:48:08Z,XRPUSDT,COOLING,SELL,1.93,0.0,1.93,2.67,2.0,78876.35,124947.79,True,False,-0.01,78282.2,-0.112,1.001,1.4971
2026-08-24T11:48:11Z,QAITUSDT,COOLING,NONE,0.0,0.0,0.0,50.03,0.0,1074.92,1110.22,True,False,0.0,78282.2,-0.112,0.946,0.002592
2026-08-24T11:48:14Z,REDUSDT,COOLING,NONE,0.0,0.0,0.0,9.61,0.0,8663.63,5254.15,True,False,0.0,78282.2,-0.112,0.924,0.11434
2026-08-24T11:48:17Z,BIOUSDT,COOLING,NONE,0.0,0.0,0.0,3.41,0.0,3790.58,2533.73,True,False,0.0,78282.2,-0.112,0.978,0.02931
2026-08-24T11:48:18Z,RWAINCUSDT,IMPULSE,NONE,0.0,0.0,0.0,138.39,0.0,1376.85,1414.1,True,False,0.0,78282.2,-0.112,1.004,0.002081
2026-08-24T11:49:49Z,XRPUSDT,COOLING,NONE,0.0,0.0,0.0,3.35,1.34,63079.03,111453.05,True,False,-0.0067,78187.5,-0.121,1.109,1.4931
2026-08-24T11:49:51Z,QAITUSDT,COOLING,NONE,0.0,0.0,0.0,50.03,0.0,1019.16,1110.22,True,False,0.0,78187.5,-0.121,0.91,0.002592
2026-08-24T11:50:33Z,REDUSDT,COOLING,NONE,0.0,0.0,0.0,12.22,0.0,7102.53,5294.62,True,False,0.0,78187.5,-0.121,0.985,0.11451
2026-08-24T11:50:35Z,BIOUSDT,COOLING,NONE,0.0,0.0,0.0,3.41,-3.41,2113.38,3559.52,True,False,0.017,78187.5,-0.121,0.986,0.02933
2026-08-24T11:50:36Z,RWAINCUSDT,IMPULSE,NONE,0.0,0.0,0.0,138.39,0.0,1376.85,1414.1,True,False,0.0,78187.5,-0.121,0.922,0.002081
2026-08-24T11:51:06Z,XRPUSDT,COOLING,SELL,13.4,0.0,13.4,0.67,-0.67,83152.24,108905.11,True,False,-0.0636,78133.58,-0.069,0.94,1.4931
2026-08-24T11:51:07Z,QAITUSDT,COOLING,NONE,0.0,0.0,0.0,50.03,0.0,1019.16,1110.22,True,False,0.0,78133.58,-0.069,0.879,0.002592
2026-08-24T11:51:50Z,REDUSDT,COOLING,NONE,0.0,0.0,0.0,9.64,0.0,8503.97,7364.36,True,False,0.0,78133.58,-0.069,1.938,0.11408
2026-08-24T11:51:52Z,BIOUSDT,COOLING,BUY,0.0,11.64,11.64,3.41,0.0,2092.32,3406.83,True,False,0.0,78133.58,-0.069,0.901,0.02933
2026-08-24T11:51:54Z,RWAINCUSDT,IMPULSE,NONE,0.0,0.0,0.0,138.39,0.0,1376.85,1414.1,True,False,0.0,78133.58,-0.069,0.98,0.002081
2026-08-24T11:55:08Z,XRPUSDT,COOLING,NONE,0.0,0.0,0.0,2.68,0.67,64741.32,128818.68,True,False,-0.0033,78172.35,0.0496,1.1,1.4936
2026-08-24T11:55:51Z,QAITUSDT,COOLING,NONE,0.0,0.0,0.0,50.03,0.0,1019.16,1110.22,True,False,0.0,78172.35,0.0496,0.943,0.002592
2026-08-24T11:55:54Z,REDUSDT,COOLING,NONE,0.0,0.0,0.0,11.33,0.0,7714.38,5066.03,True,False,0.0,78172.35,0.0496,0.923,0.11475
2026-08-24T11:55:56Z,BIOUSDT,COOLING,NONE,0.0,0.0,0.0,3.42,0.0,4255.6,2362.09,True,False,0.0,78172.35,0.0496,0.918,0.02927
2026-08-24T11:56:00Z,RWAINCUSDT,IMPULSE,NONE,0.0,0.0,0.0,80.74,0.0,1376.85,1414.1,True,False,0.0,78172.35,0.0496,0.978,0.002115
2026-08-24T11:59:42Z,XRPUSDT,COOLING,SELL,14.7,10.28,14.7,0.67,-1.34,166353.44,105466.91,True,False,0.0067,78427.63,0.3266,1.998,1.496
2026-08-24T11:59:45Z,QAITUSDT,COOLING,NONE,0.0,0.0,0.0,249.8,42.49,173.17,1001.06,True,False,0.2151,78427.63,0.3266,1.06,0.002578
2026-08-24T11:59:46Z,REDUSDT,COOLING,SELL,13.34,0.0,13.34,18.34,6.12,7371.47,5181.05,True,False,-0.0393,78427.63,0.3266,0.945,0.11449
2026-08-24T11:59:48Z,BIOUSDT,COOLING,NONE,0.0,0.0,0.0,3.41,0.0,2163.99,3486.69,True,False,0.0,78427.63,0.3266,1.006,0.02934
2026-08-24T11:59:50Z,EDELUSDT,COOLING,NONE,0.0,0.0,0.0,22.83,0.0,960.66,823.23,True,False,0.0,78427.63,0.3266,0.981,0.00875
2026-08-24T12:00:22Z,XRPUSDT,COOLING,NONE,0.0,0.0,0.0,1.34,-1.34,91320.18,75176.23,True,False,0.0468,78343.31,-0.1075,1.014,1.4946
2026-08-24T12:01:05Z,QAITUSDT,COOLING,NONE,0.0,0.0,0.0,62.35,-137.14,764.85,862.48,True,False,0.3716,78343.31,-0.1075,41.011,0.002573
2026-08-24T12:01:07Z,REDUSDT,COOLING,NONE,0.0,0.0,0.0,19.35,0.0,6664.23,5421.17,True,False,0.0,78343.31,-0.1075,0.913,0.11444
2026-08-24T12:01:08Z,BIOUSDT,COOLING,NONE,0.0,0.0,0.0,6.83,0.0,1946.82,3545.87,True,False,0.0,78343.31,-0.1075,0.882,0.02925
2026-08-24T12:01:10Z,EDELUSDT,COOLING,NONE,0.0,0.0,0.0,22.86,0.0,1007.45,668.36,True,False,0.0,78343.31,-0.1075,1.237,0.00873
2026-08-24T12:02:21Z,XRPUSDT,COOLING,BUY,0.0,14.14,14.14,2.01,0.0,70744.32,151879.59,True,False,-0.0201,78277.25,-0.0843,1.899,1.4936
2026-08-24T12:02:23Z,QAITUSDT,COOLING,NONE,0.0,0.0,0.0,62.35,0.0,1019.16,1122.33,True,False,0.0,78277.25,-0.0843,0.922,0.00256
2026-08-24T12:02:25Z,REDUSDT,COOLING,NONE,0.0,0.0,0.0,21.93,0.0,7806.33,5088.1,True,False,0.0,78277.25,-0.0843,0.901,0.114
2026-08-24T12:02:28Z,BIOUSDT,COOLING,BUY,0.0,33.55,33.55,3.43,0.0,2446.15,2231.62,True,False,0.0,78277.25,-0.0843,0.98,0.02919
2026-08-24T12:02:30Z,EDELUSDT,COOLING,NONE,0.0,0.0,0.0,34.27,0.0,1062.9,823.24,True,False,0.0,78277.25,-0.0843,0.904,0.00876
2026-08-24T12:06:44Z,XRPUSDT,COOLING,BUY,0.0,7.2,7.2,2.67,0.0,87192.93,104294.19,True,False,0.0,78190.25,-0.1111,1.059,1.4955
2026-08-24T12:06:47Z,QAITUSDT,COOLING,NONE,0.0,0.0,0.0,62.35,0.0,1019.16,1110.1,True,False,0.0,78190.25,-0.1111,2.04,0.00256
2026-08-24T12:06:50Z,ZBCNUSDT,COOLING,NONE,0.0,0.0,0.0,1.08,-0.0,963.48,1051.5,True,False,0.1617,78190.25,-0.1111,2.061,0.0018556
2026-08-24T12:06:53Z,REDUSDT,COOLING,NONE,0.0,0.0,0.0,21.05,0.0,6545.69,5765.57,True,False,0.0,78190.25,-0.1111,1.972,0.11394
2026-08-24T12:06:55Z,BIOUSDT,COOLING,NONE,0.0,0.0,0.0,3.41,0.0,3189.08,3608.05,True,False,0.0,78190.25,-0.1111,0.978,0.02929
2026-08-24T12:10:04Z,XRPUSDT,COOLING,NONE,0.0,0.0,0.0,2.68,-0.0,66782.83,83184.48,True,False,0.1005,78153.93,-0.0465,40.969,1.4925
2026-08-24T12:10:08Z,QAITUSDT,COOLING,NONE,0.0,0.0,0.0,62.35,0.0,1019.16,1110.1,True,False,0.0,78153.93,-0.0465,2.1,0.00256
2026-08-24T12:10:10Z,ZBCNUSDT,COOLING,NONE,0.0,0.0,0.0,22.52,0.0,740.25,1858.39,True,False,0.0,78153.93,-0.0465,1.029,0.001866
2026-08-24T12:10:13Z,REDUSDT,COOLING,NONE,0.0,0.0,0.0,20.13,0.0,6223.57,5477.67,True,False,0.0,78153.93,-0.0465,2.15,0.11432
2026-08-24T12:10:16Z,BIOUSDT,COOLING,NONE,0.0,0.0,0.0,3.4,0.0,2767.6,2561.74,True,False,0.0,78153.93,-0.0465,1.128,0.02936
2026-08-24T12:12:10Z,XRPUSDT,COOLING,BUY,0.0,2.06,2.06,2.01,0.0,49392.98,109933.61,True,False,0.0,78241.57,0.1121,0.925,1.4947
2026-08-24T12:12:12Z,QAITUSDT,COOLING,NONE,0.0,0.0,0.0,195.07,-7.57,923.17,1001.05,True,False,-0.0382,78241.57,0.1121,0.899,0.002589
2026-08-24T12:12:14Z,ZBCNUSDT,COOLING,NONE,0.0,0.0,0.0,18.27,0.0,176.57,1854.02,True,False,0.0,78241.57,0.1121,0.939,0.0018619
2026-08-24T12:12:17Z,REDUSDT,COOLING,NONE,0.0,0.0,0.0,12.22,0.0,7004.57,4838.12,True,False,0.0,78241.57,0.1121,1.449,0.11449
2026-08-24T12:12:21Z,BIOUSDT,COOLING,NONE,0.0,0.0,0.0,3.41,0.0,2584.08,2055.47,True,False,0.0,78241.57,0.1121,0.946,0.02934
2026-08-24T12:15:52Z,XRPUSDT,COOLING,SELL,49.03,14.47,49.03,4.01,2.01,79680.55,115582.31,True,False,-0.0033,78199.91,-0.0532,0.963,1.496
2026-08-24T12:15:55Z,QAITUSDT,COOLING,NONE,0.0,0.0,0.0,61.42,0.0,1108.37,1001.05,True,False,0.0,78199.91,-0.0532,1.039,0.002605
2026-08-24T12:15:57Z,ZBCNUSDT,COOLING,NONE,0.0,0.0,0.0,21.65,0.0,277.8,1848.16,True,False,0.0,78199.91,-0.0532,0.948,0.0018489
2026-08-24T12:15:58Z,REDUSDT,COOLING,NONE,0.0,0.0,0.0,11.37,0.0,7141.14,5194.84,True,False,0.0,78199.91,-0.0532,0.945,0.11435
2026-08-24T12:16:00Z,BIOUSDT,COOLING,BUY,0.03,16.8,16.8,13.62,0.0,11740.2,1844.13,True,False,-0.034,78199.91,-0.0532,1.107,0.02941
2026-08-24T12:17:12Z,XRPUSDT,COOLING,NONE,0.0,0.0,0.0,4.03,2.01,23739.81,13438.7,True,False,0.2322,78014.67,-0.2369,40.917,1.4839
2026-08-24T12:17:14Z,QAITUSDT,COOLING,NONE,0.0,0.0,0.0,61.42,0.0,1108.37,1001.05,True,False,0.0,78014.67,-0.2369,0.935,0.002605
2026-08-24T12:17:18Z,ZBCNUSDT,COOLING,NONE,0.0,0.0,0.0,34.16,0.54,175.01,506.4,True,False,-0.0027,78014.67,-0.2369,2.06,0.0018455
2026-08-24T12:17:22Z,REDUSDT,COOLING,SELL,4.86,0.0,4.86,12.2,-7.85,7776.93,4605.57,True,False,0.0392,78014.67,-0.2369,2.058,0.11457
2026-08-24T12:17:24Z,BIOUSDT,COOLING,NONE,0.0,0.0,0.0,3.42,0.0,2285.67,1692.34,True,False,0.0,78014.67,-0.2369,0.951,0.02926
2026-08-24T12:19:54Z,XRPUSDT,COOLING,BUY,13.97,26.74,26.74,2.01,-1.34,111953.49,179315.32,True,False,-0.0201,78253.19,0.3057,0.931,1.4905
2026-08-24T12:19:56Z,QAITUSDT,COOLING,NONE,0.0,0.0,0.0,61.61,0.0,1247.99,1001.05,True,False,0.0,78253.19,0.3057,0.9,0.002589
2026-08-24T12:19:57Z,ZBCNUSDT,COOLING,NONE,0.0,0.0,0.0,16.11,0.0,276.14,2059.29,True,False,0.0,78253.19,0.3057,0.938,0.0018628
2026-08-24T12:20:00Z,REDUSDT,COOLING,NONE,0.0,0.0,0.0,20.91,0.0,6807.93,4452.06,True,False,0.0,78253.19,0.3057,1.907,0.11478
2026-08-24T12:20:03Z,BIOUSDT,COOLING,SELL,14.83,0.0,14.83,3.41,-0.0,2002.93,3742.94,True,False,0.0341,78253.19,0.3057,0.951,0.02927
2026-08-24T12:21:37Z,XRPUSDT,COOLING,NONE,0.0,0.0,0.0,3.35,0.67,85104.52,113127.51,True,False,0.0033,78289.99,0.047,0.974,1.4925
2026-08-24T12:21:39Z,QAITUSDT,COOLING,NONE,0.0,0.0,0.0,57.75,0.0,942.29,1001.05,True,False,0.0,78289.99,0.047,0.962,0.002589
2026-08-24T12:21:42Z,ZBCNUSDT,COOLING,BUY,0.0,40.64,40.64,31.69,-7.53,160.42,1577.84,True,False,0.0376,78289.99,0.047,1.963,0.0018627
2026-08-24T12:22:25Z,REDUSDT,COOLING,NONE,0.0,0.0,0.0,13.96,2.63,6687.52,4985.97,True,False,-0.0741,78289.99,0.047,40.922,0.11475
2026-08-24T12:22:27Z,BIOUSDT,COOLING,NONE,0.0,0.0,0.0,3.42,0.0,2270.71,4103.38,True,False,0.0,78289.99,0.047,0.984,0.02926
2026-08-24T12:23:01Z,XRPUSDT,COOLING,SELL,0.03,0.0,0.03,2.68,-0.67,72862.42,89296.36,True,False,0.0167,78364.91,0.0957,0.924,1.4944
2026-08-24T12:23:43Z,QAITUSDT,COOLING,NONE,0.0,0.0,0.0,61.42,0.0,1181.44,1160.31,True,False,0.0,78364.91,0.0957,0.934,0.002629
2026-08-24T12:23:46Z,ZBCNUSDT,COOLING,BUY,0.0,1.01,1.01,35.84,0.0,293.86,1359.93,True,False,0.0,78364.91,0.0957,0.948,0.0018716
2026-08-24T12:24:28Z,REDUSDT,COOLING,NONE,0.0,0.0,0.0,20.05,0.0,7511.64,5298.06,True,False,0.0,78364.91,0.0957,0.929,0.11474
2026-08-24T12:24:30Z,BIOUSDT,COOLING,SELL,47.54,0.0,47.54,3.42,0.0,3303.82,4103.59,True,False,0.0,78364.91,0.0957,0.935,0.02927
2026-08-24T12:25:03Z,XRPUSDT,COOLING,SELL,16.45,0.0,16.45,2.01,-0.0,100045.3,131305.02,True,False,0.0334,78425.2,0.0769,1.909,1.4962
2026-08-24T12:25:04Z,QAITUSDT,COOLING,BUY,0.0,64.74,64.74,168.52,49.49,2599.03,2600.06,True,False,0.2496,78425.2,0.0769,0.95,0.00262
2026-08-24T12:25:07Z,ZBCNUSDT,COOLING,SELL,41.74,0.0,41.74,31.11,4.83,937.47,1346.78,True,False,-0.0241,78425.2,0.0769,1.99,0.0018661
2026-08-24T12:25:10Z,REDUSDT,COOLING,NONE,0.0,0.0,0.0,13.96,0.0,4385.92,5844.61,True,False,0.0,78425.2,0.0769,1.933,0.11471
2026-08-24T12:25:13Z,BIOUSDT,COOLING,NONE,0.0,0.0,0.0,3.42,0.0,3244.63,5224.41,True,False,0.0,78425.2,0.0769,0.945,0.02928
2026-08-24T12:26:06Z,XRPUSDT,COOLING,NONE,0.0,0.0,0.0,0.67,0.0,60899.48,125450.79,True,False,0.0,78452.6,0.0349,0.908,1.4985
2026-08-24T12:26:08Z,QAITUSDT,COOLING,NONE,0.0,0.0,0.0,111.39,-3.82,173.17,1001.05,True,False,-0.0192,78452.6,0.0349,0.934,0.002612
2026-08-24T12:26:10Z,ZBCNUSDT,COOLING,NONE,0.0,0.0,0.0,24.1,0.0,318.59,1346.56,True,False,0.0,78452.6,0.0349,0.922,0.0018686
2026-08-24T12:26:12Z,REDUSDT,COOLING,NONE,0.0,0.0,0.0,11.33,0.0,8592.74,5298.06,True,False,0.0,78452.6,0.0349,0.914,0.11471
2026-08-24T12:26:55Z,BIOUSDT,COOLING,BUY,0.0,24.03,24.03,3.41,-0.0,2986.93,4824.2,True,True,0.0683,78452.6,0.0349,2.141,0.02929
2026-08-24T12:28:05Z,XRPUSDT,COOLING,NONE,0.0,0.0,0.0,2.0,-0.67,90822.16,111349.4,True,False,0.0033,78494.09,0.0529,0.946,1.5024
2026-08-24T12:28:08Z,QAITUSDT,COOLING,NONE,0.0,0.0,0.0,130.47,-7.62,175.17,1001.05,True,False,-0.0384,78494.09,0.0529,0.918,0.002612
2026-08-24T12:28:11Z,ZBCNUSDT,COOLING,SELL,10.63,0.01,10.63,22.49,-1.61,181.39,1345.05,True,False,0.008,78494.09,0.0529,1.02,0.0018686
2026-08-24T12:28:14Z,REDUSDT,COOLING,NONE,0.0,0.0,0.0,11.31,0.0,7972.71,5458.55,True,False,0.0,78494.09,0.0529,0.995,0.11499
2026-08-24T12:28:58Z,BIOUSDT,COOLING,NONE,0.0,0.0,0.0,3.41,0.0,3760.51,2462.19,True,False,0.0,78494.09,0.0529,2.003,0.02935
2026-08-24T12:30:12Z,XRPUSDT,COOLING,NONE,0.0,0.0,0.0,2.67,-0.67,82498.59,64681.86,True,False,-0.0033,78448.36,-0.0583,1.096,1.4988
2026-08-24T12:30:55Z,QAITUSDT,COOLING,NONE,0.0,0.0,0.0,98.93,0.0,895.09,1001.05,True,False,0.0,78448.36,-0.0583,2.031,0.002632
2026-08-24T12:31:38Z,ZBCNUSDT,COOLING,NONE,0.0,0.0,0.0,13.36,0.0,181.05,1347.49,True,False,0.0,78448.36,-0.0583,1.94,0.0018699
2026-08-24T12:32:20Z,REDUSDT,COOLING,BUY,41.81,69.37,69.37,27.91,15.69,10177.88,5221.4,True,True,0.0786,78448.36,-0.0583,0.931,0.11445
2026-08-24T12:32:23Z,BIOUSDT,COOLING,SELL,9.17,0.0,9.17,6.8,0.0,3819.76,3008.33,True,False,0.0,78448.36,-0.0583,0.922,0.02937
2026-08-24T12:35:59Z,XRPUSDT,COOLING,SELL,1.27,0.0,1.27,2.0,1.33,117162.14,80681.17,True,False,0.0466,78539.53,0.1162,40.999,1.5012
2026-08-24T12:36:02Z,QAITUSDT,COOLING,NONE,0.0,0.0,0.0,64.87,0.0,1196.16,1001.05,True,False,0.0,78539.53,0.1162,2.234,0.002589
2026-08-24T12:36:05Z,ZBCNUSDT,COOLING,NONE,0.0,0.0,0.0,10.78,0.0,57.72,1338.67,True,False,0.0,78539.53,0.1162,0.927,0.0018632
2026-08-24T12:36:08Z,REDUSDT,COOLING,NONE,0.0,0.0,0.0,11.33,0.0,6519.78,4986.08,True,False,0.0,78539.53,0.1162,0.958,0.11472
2026-08-24T12:36:10Z,BIOUSDT,COOLING,NONE,0.0,0.0,0.0,6.81,0.0,2931.39,2277.7,True,False,0.0,78539.53,0.1162,1.238,0.02941
2026-08-24T12:36:39Z,XRPUSDT,COOLING,BUY,0.0,9.54,9.54,2.0,1.33,62423.25,113009.35,True,False,-0.0333,78523.88,-0.0199,0.97,1.5012
2026-08-24T12:36:41Z,QAITUSDT,COOLING,NONE,0.0,0.0,0.0,61.07,0.0,1196.16,1001.05,True,False,0.0,78523.88,-0.0199,0.994,0.002589
2026-08-24T12:36:44Z,ZBCNUSDT,COOLING,NONE,0.0,0.0,0.0,7.01,0.0,378.48,1339.6,True,False,0.0,78523.88,-0.0199,2.472,0.0018554
2026-08-24T12:37:26Z,REDUSDT,COOLING,NONE,0.0,0.0,0.0,20.05,0.0,7556.61,4986.08,True,False,0.0,78523.88,-0.0199,41.005,0.11467
2026-08-24T12:37:29Z,BIOUSDT,COOLING,NONE,0.0,0.0,0.0,6.8,0.0,1723.74,2478.92,True,False,0.0,78523.88,-0.0199,1.941,0.02943
2026-08-24T12:39:17Z,XRPUSDT,COOLING,SELL,10.32,0.0,10.32,2.66,1.33,56262.83,24191.1,True,False,0.0266,78600.91,0.0981,0.893,1.5052
2026-08-24T12:40:01Z,QAITUSDT,COOLING,NONE,0.0,0.0,0.0,61.07,0.19,948.4,1318.25,True,False,-0.3044,78600.91,0.0981,41.943,0.002636
2026-08-24T12:40:03Z,ZBCNUSDT,COOLING,SELL,0.01,0.0,0.01,20.44,0.0,393.5,1339.88,True,False,0.0,78600.91,0.0981,1.004,0.0018592
2026-08-24T12:40:05Z,REDUSDT,COOLING,NONE,0.0,0.0,0.0,19.15,0.0,7282.08,4993.94,True,False,0.0,78600.91,0.0981,1.004,0.11486
2026-08-24T12:40:06Z,BIOUSDT,COOLING,NONE,0.0,0.0,0.0,3.39,0.0,1962.89,2543.22,True,False,0.0,78600.91,0.0981,0.878,0.02952
2026-08-24T12:42:25Z,XRPUSDT,COOLING,BUY,0.0,23.36,23.36,2.66,0.66,95328.77,133703.48,True,False,0.0033,78752.49,0.1928,0.986,1.5047
2026-08-24T12:42:27Z,QAITUSDT,COOLING,NONE,0.0,0.0,0.0,205.15,0.0,1029.97,1378.59,True,False,0.0,78752.49,0.1928,1.055,0.00261
2026-08-24T12:42:29Z,ZBCNUSDT,COOLING,NONE,0.0,0.0,0.0,32.64,-0.53,306.99,1345.41,True,False,-0.0027,78752.49,0.1928,1.053,0.001868
2026-08-24T12:42:31Z,REDUSDT,COOLING,NONE,0.0,0.0,0.0,9.58,0.0,8024.81,5075.66,True,False,0.0,78752.49,0.1928,0.957,0.11488
2026-08-24T12:42:32Z,BIOUSDT,COOLING,BUY,0.0,0.06,0.06,3.39,0.0,1162.66,4328.71,True,False,0.0,78752.49,0.1928,0.993,0.02957
2026-08-24T12:43:44Z,XRPUSDT,COOLING,NONE,0.0,0.0,0.0,1.99,0.0,89914.2,59074.97,True,False,-0.0598,78766.87,0.0183,0.937,1.5055
2026-08-24T12:43:47Z,QAITUSDT,COOLING,NONE,0.0,0.0,0.0,49.93,0.0,259.92,991.11,True,False,0.0,78766.87,0.0183,0.97,0.00261
2026-08-24T12:43:50Z,ZBCNUSDT,COOLING,NONE,0.0,0.0,0.0,27.84,0.0,337.28,1344.91,True,False,0.0,78766.87,0.0183,2.309,0.0018681
2026-08-24T12:43:54Z,REDUSDT,COOLING,NONE,0.0,0.0,0.0,20.91,0.0,5565.82,4792.06,True,False,0.0,78766.87,0.0183,1.067,0.11483
2026-08-24T12:43:56Z,BIOUSDT,COOLING,NONE,0.0,0.0,0.0,3.38,0.0,1194.76,2831.17,True,False,0.0,78766.87,0.0183,0.929,0.02957
2026-08-24T12:46:27Z,XRPUSDT,COOLING,BUY,0.59,0.84,0.84,2.66,-0.01,123726.15,132040.91,True,False,0.1999,78743.63,-0.0295,40.956,1.501
2026-08-24T12:46:31Z,QAITUSDT,COOLING,NONE,0.0,0.0,0.0,49.93,0.0,1315.57,1105.43,True,False,0.0,78743.63,-0.0295,0.94,0.00261
2026-08-24T12:46:35Z,ZBCNUSDT,COOLING,BUY,0.0,33.0,33.0,24.13,10.72,161.39,3326.11,True,False,0.0429,78743.63,-0.0295,1.987,0.0018647
2026-08-24T12:46:38Z,REDUSDT,COOLING,NONE,0.0,0.0,0.0,11.31,0.0,7402.14,4410.29,True,False,0.0,78743.63,-0.0295,1.073,0.11498
2026-08-24T12:47:20Z,BIOUSDT,COOLING,NONE,0.0,0.0,0.0,3.38,0.0,2230.62,2579.0,True,False,0.0,78743.63,-0.0295,0.947,0.02953
2026-08-24T12:50:16Z,XRPUSDT,COOLING,BUY,0.0,10.7,10.7,3.97,1.99,83720.14,107538.84,True,False,0.0099,78968.22,0.2852,1.906,1.5104
2026-08-24T12:50:18Z,QAITUSDT,COOLING,NONE,0.0,0.0,0.0,49.93,0.0,1305.29,1093.9,True,False,0.0,78968.22,0.2852,1.231,0.00261
2026-08-24T12:50:19Z,ZBCNUSDT,COOLING,SELL,23.49,0.0,23.49,12.3,-5.88,263.47,1345.34,True,False,-0.0241,78968.22,0.2852,0.949,0.0018706
2026-08-24T12:50:22Z,REDUSDT,COOLING,SELL,11.89,0.0,11.89,9.54,-1.76,4467.77,5266.91,True,False,0.261,78968.22,0.2852,1.873,0.11511
2026-08-24T12:50:24Z,BIOUSDT,COOLING,NONE,0.0,0.0,0.0,3.38,0.0,1913.54,2312.34,True,False,0.0,78968.22,0.2852,0.913,0.02957
2026-08-24T12:50:53Z,XRPUSDT,COOLING,NONE,0.0,0.0,0.0,3.31,2.65,92206.17,107834.76,True,False,0.0066,78990.95,0.0288,0.971,1.5116
2026-08-24T12:50:54Z,QAITUSDT,COOLING,NONE,0.0,0.0,0.0,49.93,0.0,1305.29,1093.9,True,False,0.0,78990.95,0.0288,0.942,0.00261
2026-08-24T12:50:57Z,ZBCNUSDT,COOLING,NONE,0.0,0.0,0.0,16.57,-1.07,439.85,1961.89,True,False,0.0053,78990.95,0.0288,1.263,0.0018704
2026-08-24T12:50:59Z,REDUSDT,COOLING,NONE,0.0,0.0,0.0,21.74,0.0,5089.4,4707.87,True,False,0.0,78990.95,0.0288,0.916,0.11531
2026-08-24T12:51:01Z,BIOUSDT,COOLING,NONE,0.0,0.0,0.0,3.38,0.0,2181.57,2169.33,True,False,0.0,78990.95,0.0288,0.985,0.02957
2026-08-24T12:51:31Z,XRPUSDT,COOLING,NONE,0.0,0.0,0.0,1.32,-0.0,58386.64,68224.71,True,False,0.0198,79185.72,0.2466,0.923,1.5132
2026-08-24T12:51:33Z,QAITUSDT,COOLING,NONE,0.0,0.0,0.0,49.93,0.0,1305.29,1093.9,True,False,0.0,79185.72,0.2466,1.227,0.00261
2026-08-24T12:51:35Z,ZBCNUSDT,COOLING,NONE,0.0,0.0,0.0,16.03,0.0,421.99,1347.64,True,False,0.0,79185.72,0.2466,0.953,0.0018714
2026-08-24T12:51:37Z,REDUSDT,COOLING,BUY,0.0,25.36,25.36,9.54,-28.65,6984.21,4445.0,True,True,0.0477,79185.72,0.2466,1.311,0.11509
2026-08-24T12:51:38Z,BIOUSDT,COOLING,NONE,0.0,0.0,0.0,10.1,-3.36,1884.37,1947.66,True,False,-0.0168,79185.72,0.2466,0.957,0.02964
2026-08-24T12:52:29Z,XRPUSDT,COOLING,SELL,6.42,0.0,6.42,2.64,1.98,151569.98,74545.55,True,False,0.0099,79156.66,-0.0367,0.924,1.512
2026-08-24T12:52:32Z,QAITUSDT,COOLING,NONE,0.0,0.0,0.0,49.93,0.0,1305.29,1093.9,True,False,0.0,79156.66,-0.0367,1.987,0.00261
2026-08-24T12:53:14Z,ZBCNUSDT,COOLING,SELL,0.97,0.0,0.97,26.18,16.03,318.85,1346.49,True,False,-0.0214,79156.66,-0.0367,41.012,0.0018716
2026-08-24T12:53:16Z,REDUSDT,COOLING,NONE,0.0,0.0,0.0,19.12,-24.38,1061.92,5195.64,True,False,0.1218,79156.66,-0.0367,0.912,0.1151
2026-08-24T12:53:58Z,BIOUSDT,COOLING,NONE,0.0,0.0,0.0,6.75,-0.01,3360.89,2209.61,True,False,0.1689,79156.66,-0.0367,41.169,0.02962
2026-08-24T12:54:32Z,XRPUSDT,COOLING,NONE,0.0,0.0,0.0,0.66,0.0,72356.88,55188.29,True,False,0.0,79130.55,-0.033,0.889,1.511
2026-08-24T12:54:34Z,QAITUSDT,COOLING,NONE,0.0,0.0,0.0,49.93,0.0,1305.29,1093.9,True,False,0.0,79130.55,-0.033,0.893,0.00261
2026-08-24T12:54:37Z,ZBCNUSDT,COOLING,SELL,37.46,0.0,37.46,21.9,-0.53,586.03,1365.92,True,False,0.0027,79130.55,-0.033,1.92,0.0018741
2026-08-24T12:54:41Z,REDUSDT,COOLING,NONE,0.0,0.0,0.0,20.87,0.0,5899.37,5748.15,True,False,0.0,79130.55,-0.033,1.917,0.1151
2026-08-24T12:54:46Z,BIOUSDT,COOLING,NONE,0.0,0.0,0.0,6.74,3.37,1839.66,2746.42,True,False,-0.0168,79130.55,-0.033,1.974,0.02969
2026-08-24T12:55:17Z,XRPUSDT,COOLING,BUY,1.33,27.94,27.94,1.98,-1.32,119009.49,112604.36,True,False,0.0198,79132.39,0.0023,1.081,1.5108
2026-08-24T12:55:20Z,QAITUSDT,COOLING,NONE,0.0,0.0,0.0,49.93,0.0,1305.29,1093.9,True,False,0.0,79132.39,0.0023,0.986,0.00261
2026-08-24T12:55:22Z,ZBCNUSDT,COOLING,NONE,0.0,0.0,0.0,14.39,0.53,200.0,1367.27,True,False,0.0027,79132.39,0.0023,1.007,0.0018759
2026-08-24T12:55:24Z,REDUSDT,COOLING,NONE,0.0,0.0,0.0,20.8,0.0,7382.14,4899.47,True,False,0.0,79132.39,0.0023,1.166,0.11511
2026-08-24T12:55:27Z,BIOUSDT,COOLING,NONE,0.0,0.0,0.0,3.37,0.0,1609.33,2798.1,True,False,0.0,79132.39,0.0023,1.035,0.0297
2026-08-24T12:57:47Z,XRPUSDT,COOLING,SELL,7.47,4.7,7.47,3.95,2.64,151264.35,109013.31,True,False,0.0,79266.66,0.1697,2.101,1.5175
2026-08-24T12:58:30Z,QAITUSDT,COOLING,SELL,0.05,0.0,0.05,49.93,0.0,1330.25,1093.9,True,False,0.0,79266.66,0.1697,41.079,0.00261
2026-08-24T12:58:33Z,ZBCNUSDT,COOLING,BUY,6.75,10.33,10.33,18.5,-5.29,218.57,1270.33,True,False,0.0264,79266.66,0.1697,1.91,0.0018908
2026-08-24T12:58:35Z,REDUSDT,COOLING,BUY,0.0,0.09,0.09,19.99,0.0,8391.01,5705.53,True,False,0.0,79266.66,0.1697,1.032,0.11511
2026-08-24T12:58:37Z,BIOUSDT,COOLING,NONE,0.0,0.0,0.0,3.37,0.0,1757.82,4317.26,True,False,0.0,79266.66,0.1697,1.242,0.02968
2026-08-24T12:59:46Z,XRPUSDT,COOLING,NONE,0.0,0.0,0.0,3.3,0.0,73714.95,112354.51,True,False,0.0,79156.58,-0.1389,0.93,1.5172
2026-08-24T12:59:50Z,QAITUSDT,COOLING,NONE,0.0,0.0,0.0,53.76,0.0,1305.29,1093.9,True,False,0.0,79156.58,-0.1389,2.214,0.002611
2026-08-24T12:59:52Z,ZBCNUSDT,COOLING,NONE,0.0,0.0,0.0,23.16,0.0,287.55,1294.62,True,False,0.0,79156.58,-0.1389,0.935,0.0018997
2026-08-24T12:59:54Z,REDUSDT,COOLING,NONE,0.0,0.0,0.0,20.05,-7.86,5710.48,5316.04,True,False,0.0393,79156.58,-0.1389,1.012,0.11479
2026-08-24T12:59:55Z,BIOUSDT,COOLING,NONE,0.0,0.0,0.0,3.37,0.0,4089.54,2904.08,True,False,0.0,79156.58,-0.1389,0.99,0.02964
2026-08-24T13:02:26Z,XRPUSDT,COOLING,BUY,0.0,9.11,9.11,5.95,3.97,83034.86,63916.44,True,False,-0.0331,79120.0,-0.0462,0.945,1.5153
2026-08-24T13:02:28Z,QAITUSDT,COOLING,NONE,0.0,0.0,0.0,53.76,0.0,1305.29,1093.9,True,False,0.0,79120.0,-0.0462,0.964,0.002611
2026-08-24T13:02:30Z,ZBCNUSDT,COOLING,SELL,39.47,0.0,39.47,41.09,-0.53,304.15,1274.0,True,True,0.0026,79120.0,-0.0462,0.929,0.0018974
2026-08-24T13:03:11Z,REDUSDT,COOLING,NONE,0.0,0.0,0.0,20.13,0.0,6710.27,5612.5,True,False,0.0,79120.0,-0.0462,40.971,0.11433
2026-08-24T13:03:53Z,BIOUSDT,COOLING,NONE,0.0,0.0,0.0,6.77,0.0,2585.75,2823.14,True,False,0.0,79120.0,-0.0462,1.087,0.02954
2026-08-24T13:07:27Z,XRPUSDT,COOLING,BUY,0.0,8.35,8.35,3.3,0.66,100574.63,109387.75,True,False,-0.0099,79050.0,-0.0885,0.953,1.515
2026-08-24T13:07:29Z,QAITUSDT,COOLING,NONE,0.0,0.0,0.0,53.76,0.0,1305.29,1093.9,True,False,0.0,79050.0,-0.0885,0.926,0.002611
2026-08-24T13:07:31Z,ZBCNUSDT,COOLING,NONE,0.0,0.0,0.0,36.41,-5.21,308.33,1422.81,True,False,0.026,79050.0,-0.0885,0.958,0.0019201
2026-08-24T13:07:35Z,REDUSDT,COOLING,SELL,42.62,0.1,42.62,19.15,6.11,8221.44,5174.56,True,False,-0.126,79050.0,-0.0885,0.937,0.11479
2026-08-24T13:07:37Z,BIOUSDT,COOLING,NONE,0.0,0.0,0.0,3.39,0.0,3025.4,2186.0,True,False,0.0,79050.0,-0.0885,1.273,0.02954
2026-08-24T13:08:45Z,XRPUSDT,COOLING,BUY,0.0,19.56,19.56,3.95,2.63,77148.08,93825.97,True,False,0.0264,79135.57,0.1082,0.981,1.518
2026-08-24T13:08:48Z,QAITUSDT,COOLING,NONE,0.0,0.0,0.0,53.76,0.0,1305.29,1093.9,True,False,0.0,79135.57,0.1082,1.019,0.002611
2026-08-24T13:08:52Z,ZBCNUSDT,COOLING,BUY,0.0,41.02,41.02,27.04,-5.19,388.93,1291.7,True,True,-0.026,79135.57,0.1082,1.949,0.0019174
2026-08-24T13:08:54Z,REDUSDT,COOLING,NONE,0.0,0.0,0.0,11.25,0.0,7468.21,4657.06,True,False,0.0,79135.57,0.1082,0.919,0.11562
2026-08-24T13:08:56Z,BIOUSDT,COOLING,NONE,0.0,0.0,0.0,3.39,0.0,1758.77,5089.86,True,False,0.0,79135.57,0.1082,0.961,0.02954
2026-08-24T13:10:48Z,XRPUSDT,COOLING,SELL,38.24,0.0,38.24,3.29,-0.66,122171.07,44431.69,True,False,0.0164,79317.66,0.2301,0.93,1.52
2026-08-24T13:10:50Z,QAITUSDT,COOLING,NONE,0.0,0.0,0.0,53.76,0.0,1305.29,1093.9,True,False,0.0,79317.66,0.2301,0.963,0.002611
2026-08-24T13:11:32Z,ZBCNUSDT,COOLING,BUY,0.0,0.31,0.31,31.8,12.04,316.44,1475.9,True,False,-0.2678,79317.66,0.2301,40.938,0.0019227
2026-08-24T13:11:34Z,REDUSDT,COOLING,NONE,0.0,0.0,0.0,19.01,0.0,6848.82,5057.12,True,False,0.0,79317.66,0.2301,0.988,0.11553
2026-08-24T13:11:36Z,BIOUSDT,COOLING,SELL,12.04,0.0,12.04,6.74,-3.37,1889.84,1900.1,True,False,0.0169,79317.66,0.2301,0.955,0.02966
2026-08-24T13:12:27Z,XRPUSDT,COOLING,SELL,9.36,0.0,9.36,0.66,-1.97,95258.15,64237.57,True,False,-0.0493,79301.28,-0.0207,0.993,1.521
2026-08-24T13:12:28Z,QAITUSDT,COOLING,NONE,0.0,0.0,0.0,61.42,0.0,1305.29,1093.9,True,False,0.0,79301.28,-0.0207,0.975,0.002611
2026-08-24T13:13:51Z,ZBCNUSDT,COOLING,SELL,2.1,1.89,2.1,27.12,-5.89,1245.14,1285.69,True,False,0.4532,79301.28,-0.0207,41.346,0.0019237
2026-08-24T13:13:53Z,REDUSDT,COOLING,NONE,0.0,0.0,0.0,17.36,0.0,9938.65,5365.58,True,False,0.0,79301.28,-0.0207,1.945,0.11548
2026-08-24T13:13:56Z,BIOUSDT,COOLING,NONE,0.0,0.0,0.0,6.72,3.36,3812.57,2127.93,True,False,-0.0168,79301.28,-0.0207,1.04,0.02969
2026-08-24T13:14:28Z,XRPUSDT,COOLING,SELL,6.11,0.0,6.11,3.29,1.32,103178.56,50551.76,True,False,0.0132,79243.65,-0.0727,1.16,1.5198
2026-08-24T13:14:30Z,QAITUSDT,COOLING,NONE,0.0,0.0,0.0,61.42,0.0,1305.29,1093.9,True,False,0.0,79243.65,-0.0727,1.254,0.002611
2026-08-24T13:14:32Z,ZBCNUSDT,COOLING,BUY,0.0,102.63,102.63,29.12,-2.6,228.48,1291.36,True,True,0.013,79243.65,-0.0727,0.891,0.0019216
2026-08-24T13:14:33Z,REDUSDT,COOLING,NONE,0.0,0.0,0.0,14.75,0.0,6932.71,5769.62,True,False,0.0,79243.65,-0.0727,0.912,0.11539
2026-08-24T13:14:36Z,BIOUSDT,COOLING,NONE,0.0,0.0,0.0,3.36,0.0,3314.16,3113.84,True,False,0.0,79243.65,-0.0727,1.942,0.02974
2026-08-24T13:15:08Z,XRPUSDT,COOLING,SELL,17.18,1.43,17.18,1.98,-0.66,132431.29,86246.95,True,False,-0.056,79227.48,-0.0204,1.948,1.5185
2026-08-24T13:15:12Z,QAITUSDT,COOLING,NONE,0.0,0.0,0.0,61.42,0.0,1305.29,1093.9,True,False,0.0,79227.48,-0.0204,2.351,0.002611
2026-08-24T13:15:15Z,ZBCNUSDT,COOLING,NONE,0.0,0.0,0.0,20.18,1.55,76.53,1298.17,True,False,-0.0078,79227.48,-0.0204,1.652,0.0019311
2026-08-24T13:15:16Z,REDUSDT,COOLING,NONE,0.0,0.0,0.0,12.14,0.0,8155.64,5633.92,True,False,0.0,79227.48,-0.0204,0.979,0.11539
2026-08-24T13:15:19Z,BIOUSDT,COOLING,BUY,9.23,30.38,30.38,3.37,0.0,2587.68,3254.61,True,True,-0.0337,79227.48,-0.0204,1.023,0.0297
2026-08-24T13:18:20Z,XRPUSDT,COOLING,NONE,0.0,0.0,0.0,1.98,-0.66,141177.56,59898.27,True,False,0.0099,78930.72,-0.3746,1.907,1.513
2026-08-24T13:18:22Z,QAITUSDT,COOLING,NONE,0.0,0.0,0.0,61.42,0.0,1305.29,1093.9,True,False,0.0,78930.72,-0.3746,0.967,0.002611
2026-08-24T13:20:25Z,ZBCNUSDT,COOLING,NONE,0.0,0.0,0.0,22.47,1.05,1100.93,296.3,True,False,-0.0418,78930.72,-0.3746,41.411,0.0019136
2026-08-24T13:20:27Z,REDUSDT,COOLING,NONE,0.0,0.0,0.0,11.28,0.0,6603.68,5016.0,True,False,0.0,78930.72,-0.3746,0.923,0.11532
2026-08-24T13:20:30Z,BIOUSDT,COOLING,NONE,0.0,0.0,0.0,3.37,0.0,1465.47,2356.94,True,False,0.0,78930.72,-0.3746,1.316,0.02968
2026-08-24T13:20:58Z,XRPUSDT,COOLING,NONE,0.0,0.0,0.0,2.64,0.0,108496.12,60045.53,True,False,-0.0066,79029.98,0.1258,0.931,1.5168
2026-08-24T13:21:01Z,QAITUSDT,COOLING,NONE,0.0,0.0,0.0,61.42,0.0,1305.29,1093.9,True,False,0.0,79029.98,0.1258,0.921,0.002611
2026-08-24T13:21:44Z,ZBCNUSDT,COOLING,BUY,0.0,2.06,2.06,24.03,2.08,326.02,1285.42,True,False,0.0523,79029.98,0.1258,40.98,0.001912
2026-08-24T13:21:46Z,REDUSDT,COOLING,NONE,0.0,0.0,0.0,21.66,0.0,8857.62,4791.94,True,False,0.0,79029.98,0.1258,0.92,0.11539
2026-08-24T13:21:48Z,BIOUSDT,COOLING,NONE,0.0,0.0,0.0,6.73,0.0,2286.01,2046.36,True,False,0.0,79029.98,0.1258,0.997,0.02974
2026-08-24T13:22:18Z,XRPUSDT,COOLING,NONE,0.0,0.0,0.0,3.3,0.66,112584.84,104266.86,True,False,-0.0033,79059.74,0.0377,0.881,1.5166
2026-08-24T13:22:19Z,QAITUSDT,COOLING,NONE,0.0,0.0,0.0,61.42,0.0,1305.29,1093.9,True,False,0.0,79059.74,0.0377,1.016,0.002611
2026-08-24T13:22:23Z,ZBCNUSDT,COOLING,BUY,0.0,8.47,8.47,20.88,0.0,437.06,202.48,True,False,0.0,79059.74,0.0377,2.111,0.0019145
2026-08-24T13:22:25Z,REDUSDT,COOLING,NONE,0.0,0.0,0.0,20.8,-0.87,8857.62,4981.32,True,False,-0.0043,79059.74,0.0377,0.967,0.11532
2026-08-24T13:22:27Z,BIOUSDT,COOLING,NONE,0.0,0.0,0.0,3.36,0.0,1951.76,2846.84,True,False,0.0,79059.74,0.0377,0.947,0.02974
2026-08-24T13:24:07Z,XRPUSDT,COOLING,NONE,0.0,0.0,0.0,2.64,-0.66,91088.03,132850.8,True,False,0.0033,79001.65,-0.0735,1.073,1.5156
2026-08-24T13:24:09Z,QAITUSDT,COOLING,NONE,0.0,0.0,0.0,61.42,0.0,1305.29,1093.9,True,False,0.0,79001.65,-0.0735,1.487,0.002611
2026-08-24T13:24:11Z,ZBCNUSDT,COOLING,SELL,4.7,1.23,4.7,15.62,1.04,380.2,1307.43,True,False,-0.0052,79001.65,-0.0735,1.093,0.0019195
2026-08-24T13:24:13Z,REDUSDT,COOLING,NONE,0.0,0.0,0.0,19.05,0.0,6408.4,4550.51,True,False,0.0,79001.65,-0.0735,1.014,0.1155
2026-08-24T13:24:15Z,BIOUSDT,COOLING,NONE,0.0,0.0,0.0,6.74,0.0,3119.54,3972.93,True,False,0.0,79001.65,-0.0735,0.926,0.02967
2026-08-24T13:25:25Z,XRPUSDT,COOLING,BUY,0.0,29.39,29.39,2.64,1.32,79347.12,129799.95,True,True,0.0264,79000.37,-0.0016,0.921,1.5147
2026-08-24T13:25:27Z,QAITUSDT,COOLING,NONE,0.0,0.0,0.0,61.42,0.0,1305.29,1093.9,True,False,0.0,79000.37,-0.0016,0.954,0.002611
2026-08-24T13:25:30Z,ZBCNUSDT,COOLING,BUY,0.0,42.15,42.15,14.08,0.0,298.38,1288.49,True,True,0.0,79000.37,-0.0016,1.971,0.0019173
2026-08-24T13:25:32Z,REDUSDT,COOLING,NONE,0.0,0.0,0.0,12.16,0.0,9073.88,5005.66,True,False,0.0,79000.37,-0.0016,0.945,0.1155
2026-08-24T13:25:34Z,BIOUSDT,COOLING,NONE,0.0,0.0,0.0,6.75,0.0,3325.1,3281.19,True,False,0.0,79000.37,-0.0016,1.039,0.02968
2026-08-24T13:26:03Z,XRPUSDT,COOLING,SELL,16.18,0.0,16.18,2.64,1.32,129193.54,83192.03,True,False,0.0396,79049.28,0.0619,2.132,1.5148
2026-08-24T13:26:06Z,QAITUSDT,COOLING,NONE,0.0,0.0,0.0,61.42,0.0,1305.29,1093.9,True,False,0.0,79049.28,0.0619,1.966,0.002611
2026-08-24T13:26:08Z,ZBCNUSDT,COOLING,NONE,0.0,0.0,0.0,12.52,0.0,168.6,183.57,True,False,0.0,79049.28,0.0619,0.996,0.0019172
2026-08-24T13:26:10Z,REDUSDT,COOLING,NONE,0.0,0.0,0.0,21.7,0.0,9073.88,4956.78,True,False,0.0,79049.28,0.0619,1.115,0.11513
2026-08-24T13:26:13Z,BIOUSDT,COOLING,BUY,0.0,15.22,15.22,6.75,0.0,4197.83,2193.9,True,False,0.0,79049.28,0.0619,0.93,0.02965
2026-08-24T13:29:53Z,XRPUSDT,COOLING,BUY,18.24,18.46,18.46,4.63,2.65,162807.65,84081.65,True,True,0.0066,78990.01,-0.075,0.885,1.5112
2026-08-24T13:30:35Z,QAITUSDT,COOLING,NONE,0.0,0.0,0.0,61.42,0.0,1305.29,1093.9,True,False,0.0,78990.01,-0.075,0.918,0.002611
2026-08-24T13:30:37Z,ZBCNUSDT,COOLING,SELL,16.6,0.0,16.6,22.04,-9.46,240.68,1860.97,True,False,0.0473,78990.01,-0.075,0.948,0.0019069
2026-08-24T13:30:38Z,REDUSDT,COOLING,NONE,0.0,0.0,0.0,19.18,0.0,7044.45,4335.49,True,False,0.0,78990.01,-0.075,0.943,0.11448
2026-08-24T13:30:40Z,BIOUSDT,COOLING,NONE,0.0,0.0,0.0,6.78,0.0,3498.5,2551.37,True,False,0.0,78990.01,-0.075,0.949,0.02945
2026-08-24T13:31:09Z,XRPUSDT,COOLING,BUY,0.0,17.96,17.96,2.65,1.99,120843.25,68169.53,True,False,0.0166,79028.06,0.0482,0.962,1.5065
2026-08-24T13:31:11Z,QAITUSDT,COOLING,NONE,0.0,0.0,0.0,61.42,0.0,1305.29,1093.9,True,False,0.0,79028.06,0.0482,0.917,0.002611
2026-08-24T13:31:12Z,ZBCNUSDT,COOLING,NONE,0.0,0.0,0.0,25.21,0.0,440.73,1802.13,True,False,0.0,79028.06,0.0482,0.892,0.0019044
2026-08-24T13:31:14Z,REDUSDT,COOLING,NONE,0.0,0.0,0.0,20.98,0.0,4591.01,1094.75,True,False,0.0,79028.06,0.0482,0.904,0.11452
2026-08-24T13:31:16Z,BIOUSDT,COOLING,SELL,51.53,0.0,51.53,3.4,-3.4,4341.9,3003.55,True,False,0.017,79028.06,0.0482,1.057,0.02947
2026-08-24T13:31:45Z,XRPUSDT,COOLING,SELL,16.1,0.0,16.1,3.32,2.65,68958.19,66702.59,True,False,0.0597,78949.99,-0.0988,0.942,1.5055
2026-08-24T13:31:46Z,QAITUSDT,COOLING,NONE,0.0,0.0,0.0,61.42,0.0,1305.29,1093.9,True,False,0.0,78949.99,-0.0988,0.909,0.002611
2026-08-24T13:31:48Z,ZBCNUSDT,COOLING,NONE,0.0,0.0,0.0,17.87,0.0,301.87,171.82,True,False,0.0,78949.99,-0.0988,1.023,0.0019019
2026-08-24T13:31:50Z,REDUSDT,COOLING,NONE,0.0,0.0,0.0,20.94,0.0,8047.56,5037.96,True,False,0.0,78949.99,-0.0988,0.936,0.11454
2026-08-24T13:31:52Z,BIOUSDT,COOLING,SELL,21.37,0.0,21.37,6.78,-3.39,1808.38,2438.06,True,False,-0.0169,78949.99,-0.0988,1.012,0.02945
2026-08-24T13:35:26Z,XRPUSDT,COOLING,BUY,0.0,3.32,3.32,2.0,0.67,82229.49,43586.67,True,False,0.01,78804.29,-0.1845,2.103,1.5006
2026-08-24T13:35:28Z,QAITUSDT,COOLING,NONE,0.0,0.0,0.0,61.42,0.0,1305.29,1093.9,True,False,0.0,78804.29,-0.1845,1.037,0.002611
2026-08-24T13:35:31Z,ZBCNUSDT,COOLING,NONE,0.0,0.0,0.0,17.93,-0.53,832.81,181.37,True,False,0.0026,78804.29,-0.1845,1.147,0.0018952
2026-08-24T13:35:33Z,REDUSDT,COOLING,NONE,0.0,0.0,0.0,20.19,0.0,7582.15,5383.36,True,False,0.0,78804.29,-0.1845,0.944,0.11387
2026-08-24T13:35:35Z,BIOUSDT,COOLING,NONE,0.0,0.0,0.0,3.41,-3.41,1920.41,2827.77,True,False,-0.0171,78804.29,-0.1845,1.021,0.02928
2026-08-24T13:36:05Z,XRPUSDT,COOLING,BUY,0.0,0.85,0.85,3.33,1.33,24011.99,123935.8,True,False,0.0067,78840.0,0.0453,0.905,1.5025
2026-08-24T13:37:27Z,QAITUSDT,COOLING,NONE,0.0,0.0,0.0,61.42,0.0,1305.29,1093.9,True,False,0.0,78840.0,0.0453,1.471,0.002611
2026-08-24T13:37:29Z,ZBCNUSDT,COOLING,NONE,0.0,0.0,0.0,9.49,0.0,828.15,200.78,True,False,0.0,78840.0,0.0453,0.979,0.0018958
2026-08-24T13:37:31Z,REDUSDT,COOLING,NONE,0.0,0.0,0.0,11.39,0.0,6836.93,4618.94,True,False,0.0,78840.0,0.0453,0.957,0.11409
2026-08-24T13:37:32Z,BIOUSDT,COOLING,BUY,0.0,5.83,5.83,3.41,-3.41,3169.24,1386.15,True,False,-0.0171,78840.0,0.0453,0.935,0.02932
2026-08-24T13:38:02Z,XRPUSDT,COOLING,NONE,0.0,0.0,0.0,1.33,0.66,73025.7,73844.61,True,False,0.0233,78770.78,-0.0878,0.944,1.5035
2026-08-24T13:38:03Z,QAITUSDT,COOLING,NONE,0.0,0.0,0.0,61.42,0.0,1305.29,1093.9,True,False,0.0,78770.78,-0.0878,0.909,0.002611
2026-08-24T13:38:05Z,ZBCNUSDT,COOLING,NONE,0.0,0.0,0.0,4.22,0.0,828.19,181.56,True,False,0.0,78770.78,-0.0878,1.002,0.0018954
2026-08-24T13:38:07Z,REDUSDT,COOLING,NONE,0.0,0.0,0.0,21.01,0.0,6163.64,4510.58,True,False,0.0,78770.78,-0.0878,0.941,0.11409
2026-08-24T13:38:10Z,BIOUSDT,COOLING,NONE,0.0,0.0,0.0,3.42,0.0,3094.24,1693.58,True,False,0.0,78770.78,-0.0878,0.965,0.02929
2026-08-24T13:39:38Z,XRPUSDT,COOLING,BUY,0.0,14.37,14.37,2.0,-0.67,88958.38,109721.7,True,False,0.0434,78637.96,-0.1686,0.997,1.4976
2026-08-24T13:39:40Z,HBARUSDT,COOLING,SELL,1.65,0.0,1.65,1.25,-1.25,46757.35,30239.84,True,False,0.0439,78637.96,-0.1686,0.894,0.07975
2026-08-24T13:39:43Z,QAITUSDT,COOLING,NONE,0.0,0.0,0.0,61.42,0.0,1305.29,1093.9,True,False,0.0,78637.96,-0.1686,2.193,0.002611
2026-08-24T13:39:47Z,ZBCNUSDT,COOLING,NONE,0.0,0.0,0.0,25.39,1.06,437.66,242.9,True,False,0.0053,78637.96,-0.1686,1.955,0.0018887
2026-08-24T13:39:48Z,REDUSDT,COOLING,BUY,0.0,8.18,8.18,20.85,0.0,5430.8,1053.94,True,False,0.0,78637.96,-0.1686,0.938,0.11448
2026-08-24T13:41:37Z,XRPUSDT,COOLING,NONE,0.0,0.0,0.0,0.67,-3.34,114399.64,83277.35,True,False,-0.0234,78498.68,-0.1771,0.912,1.498
2026-08-24T13:41:39Z,HBARUSDT,COOLING,BUY,0.8,13.39,13.39,2.51,1.25,7404.85,6423.03,True,False,0.0188,78498.68,-0.1771,1.124,0.07964
2026-08-24T13:41:42Z,QAITUSDT,COOLING,NONE,0.0,0.0,0.0,3.77,0.0,1922.86,1000.77,True,False,0.0,78498.68,-0.1771,1.97,0.002647
2026-08-24T13:41:44Z,ZBCNUSDT,COOLING,NONE,0.0,0.0,0.0,8.48,0.0,490.79,180.45,True,False,0.0,78498.68,-0.1771,0.956,0.0018873
2026-08-24T13:41:46Z,REDUSDT,COOLING,NONE,0.0,0.0,0.0,13.86,1.72,5984.97,1108.29,True,False,0.0867,78498.68,-0.1771,1.067,0.11491
2026-08-24T13:42:56Z,XRPUSDT,COOLING,NONE,0.0,0.0,0.0,4.02,2.68,12786.55,49411.88,True,False,-0.0067,78274.7,-0.2853,1.965,1.492
2026-08-24T13:42:58Z,HBARUSDT,COOLING,NONE,0.0,0.0,0.0,7.56,2.52,4455.71,4532.07,True,False,0.0504,78274.7,-0.2853,1.048,0.07949
2026-08-24T13:43:00Z,QAITUSDT,COOLING,NONE,0.0,0.0,0.0,11.33,0.0,1866.31,1000.77,True,False,0.0,78274.7,-0.2853,1.003,0.002647
2026-08-24T13:43:41Z,ZBCNUSDT,COOLING,NONE,0.0,0.0,0.0,29.77,3.19,299.35,237.91,True,False,0.0159,78274.7,-0.2853,1.043,0.0018816
2026-08-24T13:43:44Z,REDUSDT,COOLING,NONE,0.0,0.0,0.0,57.88,-4.37,2747.0,1126.2,True,False,-0.0219,78274.7,-0.2853,2.018,0.11436
2026-08-24T13:46:37Z,XRPUSDT,COOLING,SELL,46.55,19.16,46.55,3.37,-2.02,23714.27,32247.09,True,False,0.0505,78051.8,-0.2848,1.038,1.4857
2026-08-24T13:46:39Z,HBARUSDT,COOLING,BUY,0.0,34.11,34.11,7.58,0.0,9719.81,14958.09,True,False,0.0,78051.8,-0.2848,0.934,0.07919
2026-08-24T13:46:40Z,QAITUSDT,COOLING,NONE,0.0,0.0,0.0,60.49,0.0,998.91,456.7,True,False,0.0,78051.8,-0.2848,0.983,0.002685
2026-08-24T13:46:42Z,ZBCNUSDT,COOLING,NONE,0.0,0.0,0.0,24.03,0.0,548.5,305.91,True,False,0.0,78051.8,-0.2848,0.991,0.0018729
2026-08-24T13:46:44Z,REDUSDT,COOLING,NONE,0.0,0.0,0.0,14.0,0.0,6032.81,1328.52,True,False,0.0,78051.8,-0.2848,0.955,0.11399
2026-08-24T13:47:52Z,XRPUSDT,COOLING,BUY,11.11,59.28,59.28,0.67,0.0,62274.54,58347.08,True,False,-0.0403,78297.93,0.3153,1.092,1.4896
2026-08-24T13:47:54Z,HBARUSDT,COOLING,NONE,0.0,0.0,0.0,3.78,2.52,5370.97,7154.62,True,False,0.0126,78297.93,0.3153,0.89,0.07946
2026-08-24T13:47:56Z,QAITUSDT,COOLING,NONE,0.0,0.0,0.0,64.28,0.0,998.91,1117.39,True,False,0.0,78297.93,0.3153,0.972,0.002685
2026-08-24T13:47:58Z,ZBCNUSDT,COOLING,NONE,0.0,0.0,0.0,20.3,0.0,461.4,253.02,True,False,0.0,78297.93,0.3153,0.94,0.0018722
2026-08-24T13:48:00Z,REDUSDT,COOLING,NONE,0.0,0.0,0.0,12.22,0.0,7455.65,5207.62,True,False,0.0,78297.93,0.3153,1.161,0.11468
2026-08-24T13:49:51Z,XRPUSDT,COOLING,SELL,0.4,0.0,0.4,3.36,2.02,94818.06,67332.49,True,False,-0.0839,78326.2,0.0361,40.997,1.4897
2026-08-24T13:49:52Z,HBARUSDT,COOLING,NONE,0.0,0.0,0.0,3.78,1.26,5879.4,6149.07,True,False,-0.0063,78326.2,0.0361,1.067,0.07937
2026-08-24T13:49:55Z,QAITUSDT,COOLING,NONE,0.0,0.0,0.0,60.68,0.0,1119.06,1213.96,True,False,0.0,78326.2,0.0361,0.922,0.002629
2026-08-24T13:49:57Z,ZBCNUSDT,COOLING,NONE,0.0,0.0,0.0,6.91,0.0,480.09,1261.31,True,False,0.0,78326.2,0.0361,1.032,0.0018806
2026-08-24T13:49:59Z,REDUSDT,COOLING,NONE,0.0,0.0,0.0,12.22,0.0,6953.24,5275.42,True,False,0.0,78326.2,0.0361,1.087,0.11461
2026-08-24T13:51:28Z,XRPUSDT,COOLING,SELL,7.65,0.0,7.65,3.36,0.67,93938.84,24179.11,True,False,-0.0302,78382.75,0.0722,1.038,1.488
2026-08-24T13:52:10Z,HBARUSDT,COOLING,NONE,0.0,0.0,0.0,5.05,2.53,14266.05,11402.43,True,False,-0.0126,78382.75,0.0722,1.001,0.07916
2026-08-24T13:52:12Z,QAITUSDT,COOLING,NONE,0.0,0.0,0.0,60.68,0.0,1350.84,1108.22,True,False,0.0,78382.75,0.0722,1.04,0.002629
2026-08-24T13:52:14Z,ZBCNUSDT,COOLING,BUY,0.0,4.92,4.92,36.19,2.67,200.0,1336.08,True,False,-0.0133,78382.75,0.0722,1.089,0.0018801
2026-08-24T13:52:16Z,REDUSDT,COOLING,NONE,0.0,0.0,0.0,12.24,0.0,5747.31,4705.61,True,False,0.0,78382.75,0.0722,0.918,0.1144
2026-08-24T13:52:46Z,XRPUSDT,COOLING,NONE,0.0,0.0,0.0,2.02,0.0,84244.11,40602.28,True,False,0.0,78313.58,-0.0882,1.105,1.4862
2026-08-24T13:52:49Z,HBARUSDT,COOLING,BUY,25.87,59.87,59.87,1.26,-3.79,17848.43,11719.96,True,True,-0.0442,78313.58,-0.0882,0.995,0.07921
2026-08-24T13:52:51Z,QAITUSDT,COOLING,NONE,0.0,0.0,0.0,60.68,0.0,1329.71,1108.22,True,False,0.0,78313.58,-0.0882,1.027,0.002629
2026-08-24T13:52:53Z,ZBCNUSDT,COOLING,NONE,0.0,0.0,0.0,31.96,2.67,325.53,308.91,True,False,-0.008,78313.58,-0.0882,1.032,0.0018795
2026-08-24T13:52:55Z,REDUSDT,COOLING,NONE,0.0,0.0,0.0,19.28,0.0,5973.26,3420.75,True,False,0.0,78313.58,-0.0882,1.091,0.1144
2026-08-24T13:53:25Z,XRPUSDT,COOLING,NONE,0.0,0.0,0.0,5.4,2.03,130248.33,23748.8,True,False,-0.0371,78120.0,-0.2472,1.048,1.4818
2026-08-24T13:53:28Z,HBARUSDT,COOLING,SELL,26.86,0.0,26.86,1.27,-1.27,15552.09,7346.76,True,False,0.0063,78120.0,-0.2472,1.028,0.07898
2026-08-24T13:54:09Z,QAITUSDT,COOLING,NONE,0.0,0.0,0.0,60.68,0.0,1326.1,1108.22,True,False,0.0,78120.0,-0.2472,0.906,0.002629
2026-08-24T13:54:11Z,ZBCNUSDT,COOLING,NONE,0.0,0.0,0.0,27.22,0.0,299.19,56.64,True,False,0.0,78120.0,-0.2472,1.016,0.0018743
2026-08-24T13:54:13Z,REDUSDT,COOLING,NONE,0.0,0.0,0.0,11.41,0.0,5821.33,3401.73,True,False,0.0,78120.0,-0.2472,0.868,0.11392
2026-08-24T13:57:01Z,XRPUSDT,COOLING,BUY,14.25,65.28,65.28,0.67,-2.01,121048.09,212116.17,True,False,-0.0101,78515.75,0.5066,0.977,1.4888
2026-08-24T13:57:03Z,HBARUSDT,COOLING,NONE,0.0,0.0,0.0,1.26,0.0,37855.75,29594.07,True,False,0.0,78515.75,0.5066,0.926,0.07923
2026-08-24T13:57:05Z,QAITUSDT,COOLING,NONE,0.0,0.0,0.0,60.68,0.0,1008.9,1108.22,True,False,0.0,78515.75,0.5066,1.007,0.002629
2026-08-24T13:57:08Z,ZBCNUSDT,COOLING,NONE,0.0,0.0,0.0,5.85,0.0,414.92,1263.52,True,False,0.0,78515.75,0.5066,1.984,0.0018807
2026-08-24T13:57:09Z,REDUSDT,COOLING,NONE,0.0,0.0,0.0,22.79,0.0,4945.93,2973.54,True,False,0.0,78515.75,0.5066,0.993,0.11399
2026-08-24T13:59:01Z,XRPUSDT,COOLING,NONE,0.0,0.0,0.0,3.35,-0.0,43831.72,63921.46,True,False,0.114,78540.47,0.0315,40.97,1.4908
2026-08-24T13:59:03Z,HBARUSDT,COOLING,BUY,0.0,3.94,3.94,1.26,0.0,10577.88,15393.93,True,False,-0.0252,78540.47,0.0315,2.004,0.07931
2026-08-24T13:59:05Z,QAITUSDT,COOLING,NONE,0.0,0.0,0.0,60.68,0.0,1321.93,1108.22,True,False,0.0,78540.47,0.0315,0.949,0.002629
2026-08-24T13:59:08Z,ZBCNUSDT,COOLING,SELL,25.46,0.0,25.46,10.09,0.0,265.71,1263.25,True,False,0.0,78540.47,0.0315,1.039,0.0018831
2026-08-24T13:59:50Z,REDUSDT,COOLING,BUY,0.0,0.04,0.04,14.05,4.41,5308.7,3281.46,True,False,-0.1797,78540.47,0.0315,41.0,0.11407
2026-08-24T14:00:58Z,XRPUSDT,COOLING,BUY,0.0,14.59,14.59,0.67,-2.01,59938.35,57570.0,True,False,-0.0368,78651.4,0.1412,0.924,1.4935
2026-08-24T14:01:00Z,HBARUSDT,COOLING,NONE,0.0,0.0,0.0,3.77,0.0,19997.69,10360.53,True,False,0.0,78651.4,0.1412,1.201,0.07954
2026-08-24T14:01:02Z,QAITUSDT,COOLING,NONE,0.0,0.0,0.0,3.8,0.0,1008.9,1956.25,True,False,0.0,78651.4,0.1412,0.911,0.002629
2026-08-24T14:01:03Z,ZBCNUSDT,COOLING,NONE,0.0,0.0,0.0,15.4,0.0,353.68,1031.78,True,False,0.0,78651.4,0.1412,0.888,0.0018844
2026-08-24T14:01:06Z,REDUSDT,COOLING,NONE,0.0,0.0,0.0,11.41,0.0,7222.03,4435.72,True,False,0.0,78651.4,0.1412,1.046,0.11385
2026-08-24T14:03:20Z,XRPUSDT,COOLING,NONE,0.0,0.0,0.0,2.67,-1.34,96738.27,82253.69,True,False,0.0,78750.0,0.1254,0.974,1.4946
2026-08-24T14:04:02Z,HBARUSDT,COOLING,SELL,69.05,12.3,69.05,1.26,-0.0,21916.94,12537.77,True,True,0.0377,78750.0,0.1254,0.974,0.07963
2026-08-24T14:04:05Z,QAITUSDT,COOLING,NONE,0.0,0.0,0.0,135.06,15.34,426.35,1000.81,True,False,0.0772,78750.0,0.1254,1.892,0.002597
2026-08-24T14:04:07Z,ZBCNUSDT,COOLING,NONE,0.0,0.0,0.0,17.06,0.53,237.49,1186.37,True,False,-0.0027,78750.0,0.1254,0.923,0.0018769
2026-08-24T14:04:09Z,WUSDT,COOLING,NONE,0.0,0.0,0.0,3.17,0.0,5214.73,6862.6,True,False,0.0,78750.0,0.1254,1.012,0.009467
2026-08-24T14:05:59Z,XRPUSDT,COOLING,SELL,41.5,0.66,41.5,1.34,0.0,130321.16,94170.73,True,False,-0.0267,78822.31,0.0918,0.884,1.4972
2026-08-24T14:06:00Z,HBARUSDT,COOLING,SELL,0.44,0.0,0.44,2.51,1.25,9668.95,17260.47,True,False,0.0063,78822.31,0.0918,1.074,0.07956
2026-08-24T14:06:02Z,QAITUSDT,COOLING,NONE,0.0,0.0,0.0,61.42,0.0,1114.33,958.46,True,False,0.0,78822.31,0.0918,1.018,0.002616
2026-08-24T14:06:04Z,ZBCNUSDT,COOLING,NONE,0.0,0.0,0.0,44.89,0.0,338.41,394.86,True,False,0.0,78822.31,0.0918,1.012,0.0018968
2026-08-24T14:06:06Z,WUSDT,COOLING,NONE,0.0,0.0,0.0,13.68,-5.27,4648.09,5300.03,True,False,0.0263,78822.31,0.0918,1.244,0.009484
2026-08-24T14:06:34Z,XRPUSDT,COOLING,SELL,32.99,0.0,32.99,0.67,-2.01,119021.88,80808.6,True,True,0.0368,78808.66,-0.0173,0.969,1.4956
2026-08-24T14:06:36Z,HBARUSDT,COOLING,BUY,0.0,18.36,18.36,2.51,1.25,11337.0,14036.17,True,False,-0.0188,78808.66,-0.0173,0.952,0.07976
2026-08-24T14:06:38Z,QAITUSDT,COOLING,NONE,0.0,0.0,0.0,61.42,0.0,1114.33,958.46,True,False,0.0,78808.66,-0.0173,0.932,0.002616
2026-08-24T14:06:40Z,ZBCNUSDT,COOLING,BUY,0.0,62.98,62.98,38.58,0.0,161.32,948.02,True,False,0.0,78808.66,-0.0173,0.927,0.0018942
2026-08-24T14:06:42Z,WUSDT,COOLING,NONE,0.0,0.0,0.0,10.54,0.0,4670.33,5522.28,True,False,0.0,78808.66,-0.0173,1.948,0.009502
2026-08-24T14:08:18Z,XRPUSDT,COOLING,BUY,8.21,36.07,36.07,1.34,0.67,86419.68,104137.99,True,False,0.01,78884.2,0.0959,0.957,1.497
2026-08-24T14:08:20Z,HBARUSDT,COOLING,NONE,0.0,0.0,0.0,1.25,0.0,37905.89,12611.65,True,False,0.0,78884.2,0.0959,0.986,0.07977
2026-08-24T14:08:23Z,QAITUSDT,COOLING,NONE,0.0,0.0,0.0,61.42,0.0,1110.2,958.46,True,False,0.0,78884.2,0.0959,1.012,0.002616
2026-08-24T14:09:06Z,ZBCNUSDT,COOLING,NONE,0.0,0.0,0.0,20.03,4.72,279.1,392.46,True,False,0.1769,78884.2,0.0959,40.969,0.0018943
2026-08-24T14:09:09Z,WUSDT,COOLING,NONE,0.0,0.0,0.0,10.54,0.0,4670.33,5522.28,True,False,0.0,78884.2,0.0959,1.104,0.009486
2026-08-24T14:09:37Z,XRPUSDT,COOLING,NONE,0.0,0.0,0.0,2.68,0.0,92501.58,93795.98,True,False,0.0,78845.69,-0.0488,1.022,1.4956
2026-08-24T14:09:39Z,HBARUSDT,COOLING,NONE,0.0,0.0,0.0,1.26,0.0,43123.77,29506.52,True,False,0.0,78845.69,-0.0488,0.933,0.07969
2026-08-24T14:09:41Z,QAITUSDT,COOLING,NONE,0.0,0.0,0.0,61.42,0.0,1110.2,958.46,True,False,0.0,78845.69,-0.0488,0.99,0.002616
2026-08-24T14:09:44Z,ZBCNUSDT,COOLING,NONE,0.0,0.0,0.0,16.87,0.0,298.3,966.36,True,False,0.0,78845.69,-0.0488,0.92,0.0018978
2026-08-24T14:10:26Z,WUSDT,COOLING,NONE,0.0,0.0,0.0,7.37,-3.16,5334.57,5332.68,True,False,0.0158,78845.69,-0.0488,1.067,0.009486
2026-08-24T14:11:35Z,XRPUSDT,COOLING,SELL,51.66,0.0,51.66,1.99,0.66,111323.15,50669.38,True,False,0.01,79096.29,0.3178,0.932,1.5036
2026-08-24T14:11:37Z,HBARUSDT,COOLING,SELL,5.73,0.0,5.73,1.25,-0.0,10431.71,13129.02,True,False,0.0125,79096.29,0.3178,1.022,0.07986
2026-08-24T14:11:39Z,QAITUSDT,COOLING,NONE,0.0,0.0,0.0,61.42,0.0,1110.2,958.46,True,False,0.0,79096.29,0.3178,0.891,0.002616
2026-08-24T14:11:41Z,ZBCNUSDT,COOLING,NONE,0.0,0.0,0.0,27.49,0.0,301.58,1286.29,True,False,0.0,79096.29,0.3178,0.922,0.0018932
2026-08-24T14:11:42Z,WUSDT,COOLING,NONE,0.0,0.0,0.0,13.66,0.0,6451.82,8318.26,True,False,0.0,79096.29,0.3178,1.006,0.009515
2026-08-24T14:14:36Z,XRPUSDT,COOLING,SELL,13.18,0.0,13.18,2.66,0.66,138657.71,83874.69,True,False,-0.01,79193.37,0.1227,1.055,1.5055
2026-08-24T14:14:38Z,QAITUSDT,COOLING,NONE,0.0,0.0,0.0,61.42,0.0,1110.2,1000.77,True,False,0.0,79193.37,0.1227,0.936,0.002616
2026-08-24T14:14:41Z,ZBCNUSDT,COOLING,NONE,0.0,0.0,0.0,33.27,1.59,331.84,946.63,True,False,-0.0079,79193.37,0.1227,0.92,0.0018932
2026-08-24T14:14:43Z,WUSDT,COOLING,NONE,0.0,0.0,0.0,7.35,0.0,11393.98,5061.98,True,False,0.0,79193.37,0.1227,0.982,0.009525
2026-08-24T14:14:45Z,REDUSDT,COOLING,NONE,0.0,0.0,0.0,20.72,0.0,7111.71,5911.8,True,False,0.0,79193.37,0.1227,0.918,0.11579
2026-08-24T14:16:37Z,XRPUSDT,COOLING,NONE,0.0,0.0,0.0,1.33,0.0,87191.26,30995.78,True,False,0.0,79269.18,0.0957,0.983,1.508
2026-08-24T14:16:40Z,QAITUSDT,COOLING,NONE,0.0,0.0,0.0,61.42,0.0,1135.87,1000.77,True,False,0.0,79269.18,0.0957,1.981,0.002616
2026-08-24T14:16:42Z,ZBCNUSDT,COOLING,BUY,3.85,5.17,5.17,19.54,0.0,197.3,997.76,True,False,0.0,79269.18,0.0957,0.977,0.001895
2026-08-24T14:16:44Z,WUSDT,COOLING,NONE,0.0,0.0,0.0,10.5,0.0,8958.88,4988.57,True,False,0.0,79269.18,0.0957,1.059,0.009527
2026-08-24T14:16:46Z,REDUSDT,COOLING,NONE,0.0,0.0,0.0,10.38,0.0,4484.28,5658.7,True,False,0.0,79269.18,0.0957,0.895,0.11582
2026-08-24T14:17:16Z,XRPUSDT,COOLING,NONE,0.0,0.0,0.0,1.99,-0.0,113933.38,78795.7,True,False,0.0066,79284.87,0.0198,0.97,1.5075
2026-08-24T14:17:17Z,QAITUSDT,COOLING,NONE,0.0,0.0,0.0,61.42,0.0,1110.2,1000.77,True,False,0.0,79284.87,0.0198,0.937,0.002616
2026-08-24T14:17:19Z,ZBCNUSDT,COOLING,NONE,0.0,0.0,0.0,14.78,0.0,296.34,1056.94,True,False,0.0,79284.87,0.0198,0.996,0.0018952
2026-08-24T14:17:22Z,WUSDT,COOLING,NONE,0.0,0.0,0.0,13.63,0.0,11628.14,5410.98,True,False,0.0,79284.87,0.0198,0.947,0.009527
2026-08-24T14:17:25Z,REDUSDT,COOLING,NONE,0.0,0.0,0.0,19.88,0.0,8152.04,5256.4,True,False,0.0,79284.87,0.0198,1.026,0.11582
2026-08-24T14:21:39Z,XRPUSDT,COOLING,NONE,0.0,0.0,0.0,0.66,-1.99,90110.4,79405.39,True,False,0.01,79197.8,-0.1098,0.963,1.5054
2026-08-24T14:21:41Z,QAITUSDT,COOLING,NONE,0.0,0.0,0.0,61.42,0.0,1110.2,1000.77,True,False,0.0,79197.8,-0.1098,0.944,0.002616
2026-08-24T14:21:42Z,ZBCNUSDT,COOLING,SELL,70.95,0.0,70.95,16.91,0.0,201.69,946.73,True,False,0.0,79197.8,-0.1098,0.912,0.0018936
2026-08-24T14:21:44Z,WUSDT,COOLING,NONE,0.0,0.0,0.0,11.52,0.0,9957.7,4816.12,True,False,0.0,79197.8,-0.1098,0.984,0.009547
2026-08-24T14:21:46Z,REDUSDT,COOLING,NONE,0.0,0.0,0.0,18.98,0.0,5662.76,4690.38,True,False,0.0,79197.8,-0.1098,0.978,0.11579
2026-08-24T14:22:17Z,XRPUSDT,COOLING,SELL,66.82,46.71,66.82,1.99,-0.0,89897.9,127869.53,True,True,0.0332,79238.47,0.0514,0.913,1.5062
2026-08-24T14:22:18Z,QAITUSDT,COOLING,NONE,0.0,0.0,0.0,61.42,0.0,1110.2,1000.77,True,False,0.0,79238.47,0.0514,0.973,0.002616
2026-08-24T14:22:20Z,ZBCNUSDT,COOLING,NONE,0.0,0.0,0.0,23.22,0.0,400.97,393.67,True,False,0.0,79238.47,0.0514,0.94,0.0018969
2026-08-24T14:22:23Z,WUSDT,COOLING,NONE,0.0,0.0,0.0,9.42,-3.14,9459.72,9080.92,True,False,0.0157,79238.47,0.0514,0.906,0.009547
2026-08-24T14:22:25Z,REDUSDT,COOLING,NONE,0.0,0.0,0.0,12.95,0.0,5539.85,5143.2,True,False,0.0,79238.47,0.0514,1.048,0.11586
2026-08-24T14:22:54Z,XRPUSDT,COOLING,BUY,0.0,28.65,28.65,2.65,0.0,91890.42,151969.05,True,False,-0.0199,79332.82,0.1191,1.193,1.5084
2026-08-24T14:22:57Z,QAITUSDT,COOLING,NONE,0.0,0.0,0.0,61.42,0.0,1110.2,1000.77,True,False,0.0,79332.82,0.1191,1.988,0.002616
2026-08-24T14:22:59Z,ZBCNUSDT,COOLING,BUY,0.0,34.73,34.73,25.29,-1.58,202.03,1379.95,True,False,-0.0079,79332.82,0.1191,0.863,0.001896
2026-08-24T14:23:01Z,WUSDT,COOLING,NONE,0.0,0.0,0.0,11.51,0.0,10187.05,5354.19,True,False,0.0,79332.82,0.1191,0.907,0.009549
2026-08-24T14:23:03Z,REDUSDT,COOLING,NONE,0.0,0.0,0.0,12.95,0.0,5539.85,5143.2,True,False,0.0,79332.82,0.1191,1.047,0.11585
2026-08-24T14:27:19Z,XRPUSDT,COOLING,SELL,25.43,15.74,25.43,2.66,0.67,154277.15,115202.38,True,False,-0.0033,79310.72,-0.0279,0.932,1.5013
2026-08-24T14:27:21Z,QAITUSDT,COOLING,NONE,0.0,0.0,0.0,61.42,0.0,1110.2,1000.77,True,False,0.0,79310.72,-0.0279,0.947,0.002616
2026-08-24T14:28:03Z,ZBCNUSDT,COOLING,BUY,26.76,61.01,61.01,23.38,0.0,1141.97,945.73,True,False,0.0,79310.72,-0.0279,0.961,0.0018833
2026-08-24T14:28:06Z,WUSDT,COOLING,NONE,0.0,0.0,0.0,13.62,0.0,13796.25,10179.67,True,False,0.0,79310.72,-0.0279,0.972,0.009543
2026-08-24T14:28:07Z,REDUSDT,COOLING,SELL,47.08,0.0,47.08,20.5,0.0,7785.71,5174.4,True,False,0.0,79310.72,-0.0279,0.985,0.11691
2026-08-24T14:29:56Z,XRPUSDT,COOLING,BUY,1.44,9.41,9.41,2.66,0.0,95723.35,97768.8,True,False,-0.0066,79415.11,0.1316,0.99,1.5059
2026-08-24T14:29:58Z,QAITUSDT,COOLING,NONE,0.0,0.0,0.0,61.42,0.0,1109.43,1000.77,True,False,0.0,79415.11,0.1316,0.957,0.002616
2026-08-24T14:30:01Z,ZBCNUSDT,COOLING,SELL,56.6,0.0,56.6,18.56,0.0,112.05,943.64,True,False,0.0,79415.11,0.1316,0.976,0.0018865
2026-08-24T14:30:03Z,WUSDT,COOLING,NONE,0.0,0.0,0.0,10.45,0.0,11021.05,6926.33,True,False,0.0,79415.11,0.1316,0.918,0.009566
2026-08-24T14:30:45Z,REDUSDT,COOLING,NONE,0.0,0.0,0.0,21.33,0.0,3878.15,5576.45,True,False,0.0,79415.11,0.1316,1.948,0.11742
2026-08-24T14:31:14Z,XRPUSDT,COOLING,SELL,11.6,0.0,11.6,2.64,1.98,78422.28,24244.8,True,False,-0.0495,79428.19,0.0165,1.958,1.5136
2026-08-24T14:31:17Z,QAITUSDT,COOLING,NONE,0.0,0.0,0.0,61.42,0.0,1109.43,1000.77,True,False,0.0,79428.19,0.0165,0.891,0.002616
2026-08-24T14:31:19Z,ZBCNUSDT,COOLING,SELL,22.33,0.0,22.33,14.83,0.0,85.66,945.74,True,False,0.0,79428.19,0.0165,0.976,0.0018887
2026-08-24T14:31:21Z,WUSDT,COOLING,SELL,10.68,0.0,10.68,19.85,7.32,12905.13,5555.85,True,False,-0.0366,79428.19,0.0165,0.978,0.009555
2026-08-24T14:31:23Z,REDUSDT,COOLING,NONE,0.0,0.0,0.0,21.29,0.0,7090.0,5382.12,True,False,0.0,79428.19,0.0165,0.934,0.1174
2026-08-24T14:32:52Z,XRPUSDT,COOLING,BUY,5.82,9.18,9.18,1.98,-0.66,104132.31,103139.29,True,False,-0.0165,79450.0,0.0275,1.228,1.5145
2026-08-24T14:32:55Z,QAITUSDT,COOLING,NONE,0.0,0.0,0.0,61.42,0.0,1109.43,1000.77,True,False,0.0,79450.0,0.0275,2.316,0.002616
2026-08-24T14:32:58Z,ZBCNUSDT,COOLING,NONE,0.0,0.0,0.0,27.97,-1.59,180.93,948.52,True,False,0.0079,79450.0,0.0275,0.993,0.0018945
2026-08-24T14:33:01Z,WUSDT,COOLING,NONE,0.0,0.0,0.0,9.4,0.0,10370.67,5555.85,True,False,0.0,79450.0,0.0275,0.987,0.009578
2026-08-24T14:33:03Z,BIOUSDT,COOLING,BUY,0.0,1.94,1.94,10.09,3.36,2094.77,3257.99,True,False,0.0505,79450.0,0.0275,1.001,0.02974
2026-08-24T14:33:36Z,XRPUSDT,COOLING,BUY,5.84,18.86,18.86,1.32,-2.63,120147.8,263963.03,True,False,0.0461,79726.74,0.3483,1.948,1.5192
2026-08-24T14:33:38Z,QAITUSDT,COOLING,NONE,0.0,0.0,0.0,61.42,0.0,1109.43,1000.77,True,False,0.0,79726.74,0.3483,0.919,0.002616
2026-08-24T14:34:20Z,ZBCNUSDT,COOLING,NONE,0.0,0.0,0.0,27.97,3.7,163.81,1035.45,True,False,-0.0026,79726.74,0.3483,1.001,0.001896
2026-08-24T14:34:22Z,WUSDT,COOLING,NONE,0.0,0.0,0.0,14.58,0.0,9022.66,9749.02,True,False,0.0,79726.74,0.3483,0.871,0.009598
2026-08-24T14:34:23Z,BIOUSDT,COOLING,NONE,0.0,0.0,0.0,3.36,0.0,1700.51,1554.52,True,False,0.0,79726.74,0.3483,0.9,0.02975
2026-08-24T14:36:55Z,XRPUSDT,COOLING,BUY,0.0,42.82,42.82,3.29,0.0,116792.82,160565.98,True,False,0.0,79722.51,-0.0053,0.88,1.5205
2026-08-24T14:36:58Z,QAITUSDT,COOLING,SELL,28.03,0.0,28.03,61.61,0.0,1288.33,1000.81,True,False,0.0,79722.51,-0.0053,1.215,0.002589
2026-08-24T14:36:59Z,ZBCNUSDT,COOLING,BUY,0.0,0.02,0.02,16.9,-1.06,164.02,947.87,True,False,0.0053,79722.51,-0.0053,0.995,0.0018955
2026-08-24T14:37:02Z,WUSDT,COOLING,NONE,0.0,0.0,0.0,14.59,3.13,10116.39,6132.06,True,False,-0.0156,79722.51,-0.0053,0.989,0.009606
2026-08-24T14:37:04Z,BIOUSDT,COOLING,NONE,0.0,0.0,0.0,3.35,0.0,3629.62,3544.49,True,False,0.0,79722.51,-0.0053,0.976,0.02982
2026-08-24T14:38:41Z,XRPUSDT,COOLING,BUY,6.79,16.3,16.3,3.94,0.66,54902.36,203674.69,True,False,0.0033,79749.82,0.0343,0.905,1.521
2026-08-24T14:38:43Z,QAITUSDT,COOLING,NONE,0.0,0.0,0.0,61.61,0.0,1214.46,1000.81,True,False,0.0,79749.82,0.0343,1.023,0.002589
2026-08-24T14:38:44Z,ZBCNUSDT,COOLING,NONE,0.0,0.0,0.0,18.99,0.0,277.54,949.06,True,False,0.0,79749.82,0.0343,0.92,0.0018967
2026-08-24T14:38:47Z,WUSDT,COOLING,NONE,0.0,0.0,0.0,12.48,-1.04,9901.56,5421.57,True,False,0.0052,79749.82,0.0343,1.928,0.009615
2026-08-24T14:38:49Z,BIOUSDT,COOLING,SELL,17.05,3.76,17.05,3.36,-10.08,3370.92,2396.27,True,True,0.0504,79749.82,0.0343,0.969,0.02981
2026-08-24T14:39:20Z,XRPUSDT,COOLING,BUY,0.0,23.55,23.55,5.93,0.66,84369.53,154158.99,True,False,-0.0296,79668.39,-0.1021,1.868,1.5192
2026-08-24T14:39:21Z,QAITUSDT,COOLING,NONE,0.0,0.0,0.0,61.61,0.0,1214.46,1000.81,True,False,0.0,79668.39,-0.1021,0.945,0.002589
2026-08-24T14:39:23Z,ZBCNUSDT,COOLING,SELL,50.93,0.0,50.93,15.31,-1.06,315.48,984.5,True,False,0.0053,79668.39,-0.1021,0.942,0.0018954
2026-08-24T14:39:25Z,WUSDT,COOLING,NONE,0.0,0.0,0.0,12.49,0.0,9021.72,6880.08,True,False,0.0,79668.39,-0.1021,0.897,0.009614
2026-08-24T14:39:27Z,BIOUSDT,COOLING,SELL,16.91,0.0,16.91,3.36,-3.36,2251.04,2501.04,True,False,0.0168,79668.39,-0.1021,1.959,0.02979
2026-08-24T14:39:59Z,XRPUSDT,COOLING,NONE,0.0,0.0,0.0,2.63,0.66,82194.16,124616.35,True,False,-0.0033,79635.15,-0.0417,0.946,1.5202
2026-08-24T14:40:40Z,QAITUSDT,COOLING,NONE,0.0,0.0,0.0,61.42,-34.68,378.8,1000.81,True,False,0.1345,79635.15,-0.0417,0.93,0.002589
2026-08-24T14:40:42Z,ZBCNUSDT,COOLING,SELL,16.12,0.0,16.12,17.97,1.06,66.95,962.29,True,False,-0.0053,79635.15,-0.0417,0.946,0.0018922
2026-08-24T14:40:44Z,WUSDT,COOLING,NONE,0.0,0.0,0.0,12.48,-1.04,10365.09,6704.37,True,False,0.0052,79635.15,-0.0417,0.886,0.0096
2026-08-24T14:41:27Z,BIOUSDT,COOLING,NONE,0.0,0.0,0.0,6.71,-0.0,2634.74,2972.23,True,False,0.0672,79635.15,-0.0417,1.931,0.02977
2026-08-24T14:45:38Z,XRPUSDT,COOLING,BUY,0.0,30.24,30.24,3.29,2.63,72245.8,132209.13,True,True,-0.0263,79627.89,-0.0091,0.928,1.5225
2026-08-24T14:45:40Z,QAITUSDT,COOLING,NONE,0.0,0.0,0.0,45.98,0.0,1022.66,994.81,True,False,0.0,79627.89,-0.0091,0.957,0.002616
2026-08-24T14:46:22Z,ZBCNUSDT,COOLING,BUY,0.0,86.06,86.06,35.28,-4.7,197.01,947.87,True,True,-0.0868,79627.89,-0.0091,0.926,0.0018961
2026-08-24T14:46:24Z,WUSDT,COOLING,NONE,0.0,0.0,0.0,12.51,-4.17,8996.41,9654.24,True,False,-0.0208,79627.89,-0.0091,0.961,0.009591
2026-08-24T14:46:27Z,BIOUSDT,COOLING,NONE,0.0,0.0,0.0,6.75,0.0,1906.72,1440.62,True,False,0.0,79627.89,-0.0091,0.922,0.02958
2026-08-24T14:47:00Z,XRPUSDT,COOLING,NONE,0.0,0.0,0.0,2.62,1.31,83443.51,140403.07,True,False,-0.0328,79761.49,0.1678,1.93,1.526
2026-08-24T14:47:42Z,QAITUSDT,COOLING,BUY,0.0,0.0,0.0,42.15,-3.82,1022.66,993.81,True,False,-0.0192,79761.49,0.1678,40.99,0.002616
2026-08-24T14:47:43Z,ZBCNUSDT,COOLING,NONE,0.0,0.0,0.0,23.19,-1.06,56.87,948.32,True,False,0.0053,79761.49,0.1678,0.935,0.001898
2026-08-24T14:47:45Z,WUSDT,COOLING,NONE,0.0,0.0,0.0,14.56,-2.09,8996.22,6521.73,True,False,0.0416,79761.49,0.1678,0.931,0.009609
2026-08-24T14:47:48Z,BIOUSDT,COOLING,BUY,0.0,1.91,1.91,3.38,0.0,3242.69,2286.97,True,False,0.0,79761.49,0.1678,1.968,0.02963
2026-08-24T14:48:18Z,XRPUSDT,COOLING,SELL,7.29,0.0,7.29,1.97,-1.31,92168.07,111402.62,True,False,-0.0395,79592.3,-0.2121,0.972,1.5202
2026-08-24T14:48:21Z,QAITUSDT,COOLING,NONE,0.0,0.0,0.0,45.98,3.82,1022.66,992.81,True,False,0.0192,79592.3,-0.2121,1.909,0.002616
2026-08-24T14:48:24Z,ZBCNUSDT,COOLING,SELL,5.12,0.0,5.12,26.88,0.53,317.21,949.06,True,False,0.0026,79592.3,-0.2121,1.924,0.0018976
2026-08-24T14:48:25Z,WUSDT,COOLING,NONE,0.0,0.0,0.0,13.54,-3.13,3984.03,6514.34,True,False,0.0156,79592.3,-0.2121,1.019,0.009609
2026-08-24T14:49:08Z,BIOUSDT,COOLING,BUY,0.0,22.49,22.49,6.77,3.38,4585.22,2824.2,True,False,0.0169,79592.3,-0.2121,1.928,0.02962
2026-08-24T14:51:17Z,XRPUSDT,COOLING,NONE,0.0,0.0,0.0,1.99,-0.66,42046.98,80363.86,True,False,0.0033,79422.32,-0.2136,0.943,1.5094
2026-08-24T14:51:19Z,QAITUSDT,COOLING,NONE,0.0,0.0,0.0,45.98,0.0,1022.66,992.81,True,False,0.0,79422.32,-0.2136,0.924,0.002616
2026-08-24T14:51:20Z,ZBCNUSDT,COOLING,NONE,0.0,0.0,0.0,32.17,-0.53,266.71,1027.48,True,False,-0.0026,79422.32,-0.2136,0.991,0.0018927
2026-08-24T14:52:43Z,WUSDT,COOLING,BUY,0.0,0.09,0.09,11.5,-7.32,5706.39,7590.47,True,False,0.0261,79422.32,-0.2136,82.188,0.009558
2026-08-24T14:52:45Z,BIOUSDT,COOLING,BUY,0.0,3.53,3.53,6.78,-3.39,3569.39,3857.58,True,False,0.017,79422.32,-0.2136,1.066,0.0295
2026-08-24T14:53:54Z,XRPUSDT,COOLING,BUY,0.0,27.27,27.27,1.32,-0.0,79043.42,141978.79,True,False,0.0132,79409.04,-0.0167,1.276,1.511
2026-08-24T14:53:56Z,QAITUSDT,COOLING,NONE,0.0,0.0,0.0,45.98,0.0,1022.66,991.81,True,False,0.0,79409.04,-0.0167,1.016,0.002616
2026-08-24T14:53:58Z,ZBCNUSDT,COOLING,SELL,0.01,0.0,0.01,29.04,-18.0,1094.12,3481.2,True,False,0.0898,79409.04,-0.0167,0.972,0.0018893
2026-08-24T14:54:00Z,WUSDT,COOLING,NONE,0.0,0.0,0.0,15.63,0.0,13244.76,5252.43,True,False,0.0,79409.04,-0.0167,0.873,0.009592
2026-08-24T14:54:02Z,BIOUSDT,COOLING,BUY,0.0,20.98,20.98,3.38,-3.38,3059.24,3040.68,True,False,-0.0169,79409.04,-0.0167,1.363,0.02954
2026-08-24T14:56:29Z,XRPUSDT,COOLING,BUY,10.13,13.94,13.94,1.99,-1.33,88482.77,98348.87,True,False,0.0066,79391.74,-0.0218,0.944,1.5088
2026-08-24T14:57:11Z,QAITUSDT,COOLING,NONE,0.0,0.0,0.0,45.98,0.0,1022.66,991.81,True,False,0.0,79391.74,-0.0218,1.281,0.002616
2026-08-24T14:57:13Z,ZBCNUSDT,COOLING,NONE,0.0,0.0,0.0,11.1,0.0,937.65,1208.81,True,False,0.0,79391.74,-0.0218,1.033,0.0018918
2026-08-24T14:57:15Z,WUSDT,COOLING,NONE,0.0,0.0,0.0,20.75,3.12,10843.38,4754.91,True,False,-0.0156,79391.74,-0.0218,0.931,0.009642
2026-08-24T14:57:18Z,BIOUSDT,COOLING,NONE,0.0,0.0,0.0,6.75,3.37,3035.54,2757.8,True,False,-0.0169,79391.74,-0.0218,0.918,0.02956
2026-08-24T14:59:34Z,XRPUSDT,COOLING,SELL,13.7,0.0,13.7,3.31,1.99,114506.36,127151.97,True,False,0.0099,79480.75,0.1121,1.032,1.509
2026-08-24T14:59:37Z,QAITUSDT,COOLING,NONE,0.0,0.0,0.0,42.14,-3.84,1022.66,990.81,True,False,0.0192,79480.75,0.1121,2.052,0.002616
2026-08-24T14:59:39Z,ZBCNUSDT,COOLING,NONE,0.0,0.0,0.0,10.58,1.59,1129.01,3287.1,True,False,-0.0079,79480.75,0.1121,0.99,0.0018903
2026-08-24T14:59:41Z,WUSDT,COOLING,NONE,0.0,0.0,0.0,13.51,0.0,10210.71,9083.19,True,False,0.0,79480.75,0.1121,1.048,0.009636
2026-08-24T14:59:44Z,BIOUSDT,COOLING,NONE,0.0,0.0,0.0,3.38,0.0,3456.58,3636.08,True,False,0.0,79480.75,0.1121,2.04,0.02962
2026-08-24T15:00:52Z,XRPUSDT,COOLING,SELL,47.32,0.0,47.32,3.31,0.66,83143.59,97663.49,True,False,0.0696,79520.46,0.05,1.019,1.509
2026-08-24T15:00:55Z,QAITUSDT,COOLING,NONE,0.0,0.0,0.0,42.14,0.0,1022.66,990.81,True,False,0.0,79520.46,0.05,2.069,0.002616
2026-08-24T15:00:57Z,ZBCNUSDT,COOLING,NONE,0.0,0.0,0.0,3.17,-1.06,216.78,610.59,True,False,0.0053,79520.46,0.05,1.026,0.001891
2026-08-24T15:00:59Z,WUSDT,COOLING,NONE,0.0,0.0,0.0,10.4,0.0,8775.17,10715.98,True,False,0.0,79520.46,0.05,0.94,0.009616
2026-08-24T15:01:02Z,BIOUSDT,COOLING,SELL,10.69,0.0,10.69,6.76,3.38,3487.27,4987.02,True,False,-0.0169,79520.46,0.05,1.021,0.02965
2026-08-24T15:02:12Z,XRPUSDT,COOLING,BUY,0.0,12.19,12.19,0.66,-0.0,80414.59,111973.2,True,False,0.0132,79405.22,-0.1449,0.984,1.5098
2026-08-24T15:02:15Z,QAITUSDT,COOLING,NONE,0.0,0.0,0.0,42.14,0.0,1022.66,980.81,True,False,0.0,79405.22,-0.1449,1.993,0.002616
2026-08-24T15:02:57Z,ZBCNUSDT,COOLING,SELL,44.17,0.0,44.17,19.0,0.0,103.56,193.07,True,False,0.0,79405.22,-0.1449,1.021,0.0018963
2026-08-24T15:03:00Z,WUSDT,COOLING,NONE,0.0,0.0,0.0,15.56,2.08,12541.48,5795.2,True,False,-0.0104,79405.22,-0.1449,1.118,0.009628
2026-08-24T15:03:02Z,BIOUSDT,COOLING,NONE,0.0,0.0,0.0,3.37,0.0,1802.53,2768.21,True,False,0.0,79405.22,-0.1449,1.003,0.02963
2026-08-24T15:06:30Z,XRPUSDT,COOLING,NONE,0.0,0.0,0.0,1.32,-0.66,72645.65,130754.41,True,False,-0.0099,79460.01,0.069,1.132,1.51
2026-08-24T15:06:32Z,QAITUSDT,COOLING,NONE,0.0,0.0,0.0,42.14,0.0,1022.66,980.81,True,False,0.0,79460.01,0.069,1.088,0.002616
2026-08-24T15:06:34Z,ZBCNUSDT,COOLING,NONE,0.0,0.0,0.0,26.53,-0.53,443.8,3287.97,True,False,0.0027,79460.01,0.069,0.992,0.0018845
2026-08-24T15:06:35Z,BIOUSDT,COOLING,NONE,0.0,0.0,0.0,3.36,0.0,3489.79,4128.24,True,False,0.0,79460.01,0.069,0.954,0.02966
2026-08-24T15:07:46Z,XRPUSDT,COOLING,SELL,17.74,0.0,17.74,1.98,-1.32,125671.79,103054.71,True,False,0.0132,79640.01,0.2265,1.088,1.5172
2026-08-24T15:07:48Z,QAITUSDT,COOLING,NONE,0.0,0.0,0.0,42.14,0.0,1022.66,980.81,True,False,0.0,79640.01,0.2265,1.047,0.002616
2026-08-24T15:07:50Z,ZBCNUSDT,COOLING,NONE,0.0,0.0,0.0,61.92,0.0,301.25,3204.53,True,False,0.0,79640.01,0.2265,1.037,0.0018903
2026-08-24T15:07:53Z,BIOUSDT,COOLING,NONE,0.0,0.0,0.0,6.72,0.0,1185.89,3338.0,True,False,0.0,79640.01,0.2265,0.994,0.02975
2026-08-24T15:08:27Z,XRPUSDT,COOLING,BUY,0.0,57.19,57.19,2.64,1.32,76516.38,132106.0,True,False,-0.0132,79601.18,-0.0488,0.95,1.5151
2026-08-24T15:08:29Z,QAITUSDT,COOLING,NONE,0.0,0.0,0.0,42.14,0.0,1022.66,980.81,True,False,0.0,79601.18,-0.0488,0.903,0.002616
2026-08-24T15:08:32Z,ZBCNUSDT,COOLING,NONE,0.0,0.0,0.0,33.33,-0.53,594.82,3204.53,True,False,0.0026,79601.18,-0.0488,0.988,0.0018906
2026-08-24T15:08:34Z,BIOUSDT,COOLING,NONE,0.0,0.0,0.0,3.37,0.0,3000.42,4810.07,True,False,0.0,79601.18,-0.0488,1.989,0.02975
2026-08-24T15:11:32Z,XRPUSDT,COOLING,NONE,0.0,0.0,0.0,0.66,-0.66,81277.0,76535.23,True,False,0.0297,79562.7,-0.0483,0.954,1.5136
2026-08-24T15:11:34Z,QAITUSDT,COOLING,NONE,0.0,0.0,0.0,42.14,0.0,1022.66,979.81,True,False,0.0,79562.7,-0.0483,1.087,0.002616
2026-08-24T15:11:35Z,ZBCNUSDT,COOLING,NONE,0.0,0.0,0.0,28.57,-0.53,301.25,3204.53,True,False,0.0026,79562.7,-0.0483,0.939,0.0018902
2026-08-24T15:11:37Z,BIOUSDT,COOLING,NONE,0.0,0.0,0.0,3.37,0.0,4280.94,3052.45,True,False,0.0,79562.7,-0.0483,0.983,0.0297
2026-08-24T15:13:30Z,XRPUSDT,COOLING,BUY,0.0,21.23,21.23,1.98,0.0,95551.87,104495.5,True,False,-0.0066,79654.58,0.1155,1.043,1.5184
2026-08-24T15:13:32Z,QAITUSDT,COOLING,NONE,0.0,0.0,0.0,61.23,0.0,1022.66,1001.08,True,False,0.0,79654.58,0.1155,0.976,0.002616
2026-08-24T15:14:14Z,ZBCNUSDT,COOLING,NONE,0.0,0.0,0.0,31.16,-1.06,553.37,3221.8,True,False,0.0,79654.58,0.1155,0.998,0.0018952
2026-08-24T15:14:15Z,BIOUSDT,COOLING,SELL,11.03,6.55,11.03,3.36,0.0,3355.02,2089.72,True,False,-0.0336,79654.58,0.1155,1.039,0.02977
2026-08-24T15:15:31Z,XRPUSDT,COOLING,NONE,0.0,0.0,0.0,0.66,-0.66,123810.39,87508.66,True,False,0.0033,79582.71,-0.0902,1.704,1.5153
2026-08-24T15:15:33Z,QAITUSDT,COOLING,NONE,0.0,0.0,0.0,61.23,0.0,1022.66,1001.08,True,False,0.0,79582.71,-0.0902,1.249,0.002616
2026-08-24T15:15:35Z,ZBCNUSDT,COOLING,NONE,0.0,0.0,0.0,16.91,0.0,195.76,3220.59,True,False,0.0,79582.71,-0.0902,1.08,0.0018944
2026-08-24T15:15:37Z,BIOUSDT,COOLING,NONE,0.0,0.0,0.0,3.36,0.0,3017.43,4301.91,True,False,0.0,79582.71,-0.0902,1.094,0.0297
2026-08-24T15:17:51Z,XRPUSDT,COOLING,SELL,0.83,0.0,0.83,1.97,-0.66,130555.85,61701.07,True,False,0.2011,79579.99,-0.0034,41.004,1.5156
2026-08-24T15:17:54Z,QAITUSDT,COOLING,NONE,0.0,0.0,0.0,61.23,0.0,1022.66,1001.08,True,False,0.0,79579.99,-0.0034,2.101,0.002616
2026-08-24T15:18:36Z,ZBCNUSDT,COOLING,NONE,0.0,0.0,0.0,7.91,0.0,1217.02,3023.62,True,False,0.0,79579.99,-0.0034,1.046,0.0018957
2026-08-24T15:18:38Z,BIOUSDT,COOLING,BUY,0.0,6.71,6.71,16.69,-3.32,1991.27,2840.69,True,False,-0.0834,79579.99,-0.0034,1.127,0.03002
2026-08-24T15:19:06Z,XRPUSDT,COOLING,BUY,0.0,8.39,8.39,3.95,1.98,84533.28,108192.11,True,False,-0.0165,79783.79,0.2561,0.974,1.5193
2026-08-24T15:19:49Z,QAITUSDT,COOLING,NONE,0.0,0.0,0.0,61.23,0.0,1022.66,1001.08,True,False,0.0,79783.79,0.2561,2.058,0.002605
2026-08-24T15:19:51Z,ZBCNUSDT,COOLING,NONE,0.0,0.0,0.0,25.43,0.0,291.54,3042.63,True,False,0.0,79783.79,0.2561,1.016,0.0018874
2026-08-24T15:19:53Z,BIOUSDT,COOLING,NONE,0.0,0.0,0.0,10.03,0.0,2672.43,2366.18,True,False,0.0,79783.79,0.2561,0.961,0.02987
2026-08-24T15:20:24Z,XRPUSDT,COOLING,SELL,2.26,0.0,2.26,0.66,-1.32,102490.52,97046.84,True,False,0.0329,79722.04,-0.0774,0.984,1.5197
2026-08-24T15:20:27Z,QAITUSDT,COOLING,NONE,0.0,0.0,0.0,61.23,0.0,1022.66,1001.08,True,False,0.0,79722.04,-0.0774,1.084,0.002605
2026-08-24T15:20:29Z,ZBCNUSDT,COOLING,SELL,39.49,0.0,39.49,17.98,-2.12,422.29,3023.62,True,False,0.0053,79722.04,-0.0774,0.938,0.0018939
2026-08-24T15:20:30Z,BIOUSDT,COOLING,SELL,10.93,0.0,10.93,3.35,0.0,4038.68,3822.19,True,False,0.0,79722.04,-0.0774,0.992,0.02991
2026-08-24T15:23:19Z,XRPUSDT,COOLING,NONE,0.0,0.0,0.0,3.94,0.66,85893.41,129654.41,True,False,0.0033,79871.03,0.1869,1.28,1.5249
2026-08-24T15:23:21Z,QAITUSDT,COOLING,NONE,0.0,0.0,0.0,61.23,0.0,1022.66,1001.08,True,False,0.0,79871.03,0.1869,0.932,0.002605
2026-08-24T15:23:23Z,ZBCNUSDT,COOLING,NONE,0.0,0.0,0.0,23.38,0.0,546.68,3022.66,True,False,0.0,79871.03,0.1869,0.988,0.0018822
2026-08-24T15:23:25Z,BIOUSDT,COOLING,NONE,0.0,0.0,0.0,3.32,-6.63,3052.24,2677.35,True,False,-0.0332,79871.03,0.1869,0.965,0.03015
2026-08-24T15:26:35Z,XRPUSDT,COOLING,SELL,34.07,0.0,34.07,1.97,-0.0,83883.81,113869.72,True,True,0.0131,79794.79,-0.0955,1.028,1.5217
2026-08-24T15:26:37Z,QAITUSDT,COOLING,NONE,0.0,0.0,0.0,61.23,0.0,1022.66,1001.08,True,False,0.0,79794.79,-0.0955,0.992,0.002605
2026-08-24T15:26:38Z,ZBCNUSDT,COOLING,NONE,0.0,0.0,0.0,32.19,0.0,216.15,527.86,True,False,0.0,79794.79,-0.0955,0.988,0.0018952
2026-08-24T15:26:40Z,BIOUSDT,COOLING,BUY,17.5,50.97,50.97,16.54,0.0,3023.92,2081.88,True,False,0.0,79794.79,-0.0955,0.938,0.0302
2026-08-24T15:27:10Z,XRPUSDT,COOLING,NONE,0.0,0.0,0.0,3.93,1.97,30389.9,81392.65,True,False,-0.0164,79898.81,0.1304,0.951,1.5249
2026-08-24T15:27:11Z,QAITUSDT,COOLING,NONE,0.0,0.0,0.0,61.23,0.0,1022.66,1001.08,True,False,0.0,79898.81,0.1304,0.966,0.002605
2026-08-24T15:27:54Z,ZBCNUSDT,COOLING,BUY,0.0,1.88,1.88,48.31,-1.05,316.44,531.46,True,False,0.0,79898.81,0.1304,1.925,0.0018956
2026-08-24T15:27:58Z,BIOUSDT,COOLING,NONE,0.0,0.0,0.0,6.6,0.0,2127.6,2525.07,True,False,0.0,79898.81,0.1304,0.972,0.0303
2026-08-24T15:30:52Z,XRPUSDT,COOLING,BUY,35.01,71.17,71.17,3.28,0.66,135900.18,144062.85,True,False,0.0033,79792.91,-0.1325,0.913,1.5236
2026-08-24T15:30:54Z,QAITUSDT,COOLING,NONE,0.0,0.0,0.0,61.23,0.0,1022.66,1001.08,True,False,0.0,79792.91,-0.1325,1.476,0.002605
2026-08-24T15:30:56Z,ZBCNUSDT,COOLING,NONE,0.0,0.0,0.0,49.81,0.0,1009.42,3054.07,True,False,0.0,79792.91,-0.1325,0.941,0.0019078
2026-08-24T15:30:58Z,BIOUSDT,COOLING,SELL,5.4,0.0,5.4,6.63,0.0,1550.29,2273.69,True,False,0.0,79792.91,-0.1325,0.944,0.03011
2026-08-24T15:32:07Z,XRPUSDT,COOLING,SELL,0.11,0.0,0.11,1.97,0.0,166969.32,76611.01,True,False,0.0,79971.96,0.2244,0.958,1.5248
2026-08-24T15:32:09Z,QAITUSDT,COOLING,NONE,0.0,0.0,0.0,61.23,0.0,1022.66,1001.08,True,False,0.0,79971.96,0.2244,0.969,0.002605
2026-08-24T15:32:11Z,ZBCNUSDT,COOLING,SELL,16.88,0.0,16.88,62.69,0.0,366.99,760.37,True,False,0.0,79971.96,0.2244,0.966,0.0018944
2026-08-24T15:32:14Z,BIOUSDT,COOLING,SELL,3.87,0.0,3.87,6.64,3.32,4188.01,2510.95,True,False,0.0498,79971.96,0.2244,1.954,0.03014
2026-08-24T15:34:05Z,XRPUSDT,COOLING,BUY,0.0,1.92,1.92,1.97,-0.0,75531.57,144929.74,True,False,0.0131,79925.57,-0.058,1.252,1.5226
2026-08-24T15:35:28Z,QAITUSDT,COOLING,NONE,0.0,0.0,0.0,61.23,0.0,1022.66,1001.08,True,False,0.0,79925.57,-0.058,40.996,0.002605
2026-08-24T15:35:32Z,ZBCNUSDT,COOLING,SELL,6.55,0.0,6.55,3.15,0.0,178.69,1155.35,True,False,0.0,79925.57,-0.058,1.627,0.0019051
2026-08-24T15:35:35Z,BIOUSDT,COOLING,NONE,0.0,0.0,0.0,3.33,0.0,2748.68,1558.84,True,False,0.0,79925.57,-0.058,1.634,0.03008
2026-08-24T15:38:02Z,XRPUSDT,COOLING,BUY,0.0,25.75,25.75,3.31,0.66,97102.81,88974.65,True,False,0.0033,79697.56,-0.2853,1.537,1.5095
2026-08-24T15:38:05Z,QAITUSDT,COOLING,NONE,0.0,0.0,0.0,61.23,0.0,1022.66,1001.08,True,False,0.0,79697.56,-0.2853,1.006,0.002605
2026-08-24T15:38:07Z,ZBCNUSDT,COOLING,NONE,0.0,0.0,0.0,31.59,0.0,147.44,1155.35,True,False,0.0,79697.56,-0.2853,0.95,0.0019011
2026-08-24T15:38:09Z,BIOUSDT,COOLING,BUY,0.0,49.28,49.28,3.34,-3.34,2919.05,4204.85,True,False,-0.0167,79697.56,-0.2853,0.98,0.02994
2026-08-24T15:38:11Z,EDELUSDT,IMPULSE,NONE,0.0,0.0,0.0,45.02,0.0,819.0,888.39,True,False,0.0,79697.56,-0.2853,0.945,0.01101
2026-08-24T15:38:42Z,XRPUSDT,COOLING,BUY,0.0,22.3,22.3,1.99,-1.33,52392.41,68351.06,True,False,0.0199,79590.0,-0.135,0.951,1.5073
2026-08-24T15:38:45Z,QAITUSDT,COOLING,NONE,0.0,0.0,0.0,61.23,0.0,1022.66,1001.08,True,False,0.0,79590.0,-0.135,1.042,0.002605
2026-08-24T15:38:46Z,ZBCNUSDT,COOLING,NONE,0.0,0.0,0.0,17.39,0.53,180.44,889.62,True,False,-0.0026,79590.0,-0.135,0.933,0.0018996
2026-08-24T15:39:29Z,BIOUSDT,COOLING,NONE,0.0,0.0,0.0,6.68,0.0,2818.48,2050.69,True,False,0.0,79590.0,-0.135,0.95,0.02994
2026-08-24T15:40:12Z,EDELUSDT,IMPULSE,NONE,0.0,0.0,0.0,53.91,0.0,842.1,888.48,True,False,0.0,79590.0,-0.135,1.422,0.01111
2026-08-24T15:40:40Z,XRPUSDT,COOLING,BUY,0.0,25.48,25.48,1.99,1.33,55433.19,135381.35,True,False,0.0133,79525.65,-0.0809,1.042,1.5085
2026-08-24T15:40:42Z,QAITUSDT,COOLING,NONE,0.0,0.0,0.0,61.23,0.0,1022.66,1001.08,True,False,0.0,79525.65,-0.0809,0.987,0.002605
2026-08-24T15:40:45Z,ZBCNUSDT,COOLING,NONE,0.0,0.0,0.0,23.22,0.0,163.86,1388.02,True,False,0.0,79525.65,-0.0809,1.6,0.0018984
2026-08-24T15:40:47Z,BIOUSDT,COOLING,BUY,0.0,56.42,56.42,3.33,0.0,4064.15,4056.75,True,False,0.0,79525.65,-0.0809,0.931,0.03001
2026-08-24T15:40:49Z,EDELUSDT,IMPULSE,NONE,0.0,0.0,0.0,44.9,0.0,842.1,888.36,True,False,0.0,79525.65,-0.0809,1.985,0.01111
2026-08-24T15:43:08Z,XRPUSDT,COOLING,SELL,5.43,0.0,5.43,3.31,1.98,106307.4,98801.91,True,False,0.0165,79594.17,0.0862,1.983,1.5111
2026-08-24T15:43:09Z,QAITUSDT,COOLING,NONE,0.0,0.0,0.0,61.23,0.0,1022.66,1001.08,True,False,0.0,79594.17,0.0862,0.915,0.002605
2026-08-24T15:43:11Z,ZBCNUSDT,COOLING,NONE,0.0,0.0,0.0,20.55,1.58,571.56,851.67,True,False,-0.0079,79594.17,0.0862,1.051,0.0018982
2026-08-24T15:43:54Z,BIOUSDT,COOLING,NONE,0.0,0.0,0.0,16.79,-3.36,1487.29,1642.21,True,False,0.0168,79594.17,0.0862,0.934,0.0301
2026-08-24T15:44:36Z,EDELUSDT,IMPULSE,BUY,0.0,8.47,8.47,9.05,0.0,1047.5,1457.62,True,False,0.0,79594.17,0.0862,1.016,0.01105
2026-08-24T15:45:51Z,XRPUSDT,COOLING,NONE,0.0,0.0,0.0,1.33,0.0,81846.74,79848.2,True,False,0.0,79331.77,-0.3297,0.925,1.4997
2026-08-24T15:45:53Z,QAITUSDT,COOLING,NONE,0.0,0.0,0.0,61.42,0.0,1130.83,1000.79,True,False,0.0,79331.77,-0.3297,1.27,0.002582
2026-08-24T15:45:55Z,ZBCNUSDT,COOLING,NONE,0.0,0.0,0.0,10.08,0.0,301.66,1137.0,True,False,0.0,79331.77,-0.3297,0.968,0.0018857
2026-08-24T15:45:59Z,BIOUSDT,COOLING,BUY,0.0,1.68,1.68,16.66,3.33,1996.68,1395.37,True,False,-0.0167,79331.77,-0.3297,1.956,0.0299
2026-08-24T15:46:01Z,EDELUSDT,IMPULSE,NONE,0.0,0.0,0.0,26.97,-9.0,905.66,1081.56,True,False,0.045,79331.77,-0.3297,1.948,0.0111
2026-08-24T15:46:31Z,XRPUSDT,COOLING,SELL,3.91,0.0,3.91,1.33,0.67,81683.3,60685.37,True,False,-0.0367,79398.37,0.084,0.971,1.5
2026-08-24T15:46:33Z,QAITUSDT,COOLING,NONE,0.0,0.0,0.0,61.42,0.0,1130.83,1000.79,True,False,0.0,79398.37,0.084,1.001,0.002582
2026-08-24T15:46:35Z,ZBCNUSDT,COOLING,BUY,0.0,33.04,33.04,20.16,0.0,230.45,261.79,True,False,0.0,79398.37,0.084,0.94,0.0018859
2026-08-24T15:47:17Z,BIOUSDT,COOLING,BUY,0.0,44.41,44.41,3.33,0.0,2266.12,3083.56,True,False,0.0,79398.37,0.084,1.523,0.03002
2026-08-24T15:47:20Z,EDELUSDT,IMPULSE,NONE,0.0,0.0,0.0,80.54,0.0,745.72,947.24,True,False,0.0,79398.37,0.084,1.994,0.01122
2026-08-24T15:50:14Z,XRPUSDT,COOLING,NONE,0.0,0.0,0.0,1.33,-1.34,97250.63,51275.32,True,False,0.1268,79275.53,-0.1547,41.004,1.4992
2026-08-24T15:50:16Z,QAITUSDT,COOLING,NONE,0.0,0.0,0.0,61.42,0.0,1129.35,1000.79,True,False,0.0,79275.53,-0.1547,0.965,0.002582
2026-08-24T15:50:18Z,ZBCNUSDT,COOLING,NONE,0.0,0.0,0.0,36.84,-1.58,177.95,851.67,True,False,-0.0079,79275.53,-0.1547,0.998,0.0019034
2026-08-24T15:50:20Z,BIOUSDT,COOLING,NONE,0.0,0.0,0.0,6.67,-3.34,2544.15,1552.51,True,False,0.0167,79275.53,-0.1547,0.987,0.03002
2026-08-24T15:50:21Z,EDELUSDT,IMPULSE,NONE,0.0,0.0,0.0,27.11,0.0,1138.46,838.0,True,False,0.0,79275.53,-0.1547,0.985,0.01104
2026-08-24T15:52:14Z,XRPUSDT,COOLING,NONE,0.0,0.0,0.0,2.0,-0.67,112994.56,68004.49,True,False,0.0033,79169.29,-0.134,1.007,1.4984
2026-08-24T15:52:15Z,QAITUSDT,COOLING,NONE,0.0,0.0,0.0,61.42,0.0,1129.35,1000.79,True,False,0.0,79169.29,-0.134,0.94,0.002582
2026-08-24T15:52:17Z,ZBCNUSDT,COOLING,NONE,0.0,0.0,0.0,29.51,-1.06,190.36,851.67,True,False,0.0053,79169.29,-0.134,0.887,0.0018993
2026-08-24T15:52:19Z,BIOUSDT,COOLING,NONE,0.0,0.0,0.0,6.69,0.0,4137.79,3371.04,True,False,0.0,79169.29,-0.134,1.023,0.02991
2026-08-24T15:52:21Z,EDELUSDT,IMPULSE,NONE,0.0,0.0,0.0,44.94,0.0,815.25,850.36,True,False,0.0,79169.29,-0.134,0.976,0.0111
2026-08-24T15:54:12Z,XRPUSDT,COOLING,NONE,0.0,0.0,0.0,1.33,0.0,153329.74,77477.4,True,False,-0.02,79325.0,0.1967,1.017,1.5036
2026-08-24T15:54:15Z,QAITUSDT,COOLING,NONE,0.0,0.0,0.0,61.42,0.0,1129.35,1000.79,True,False,0.0,79325.0,0.1967,2.013,0.002582
2026-08-24T15:54:18Z,ZBCNUSDT,COOLING,BUY,0.0,2.91,2.91,31.27,0.0,68.48,1003.83,True,False,0.0,79325.0,0.1967,1.474,0.0018849
2026-08-24T15:54:19Z,BIOUSDT,COOLING,BUY,0.0,28.26,28.26,3.34,0.0,2016.97,3196.93,True,True,0.0,79325.0,0.1967,0.955,0.02989
2026-08-24T15:54:21Z,EDELUSDT,IMPULSE,NONE,0.0,0.0,0.0,53.96,8.97,1069.64,851.66,True,False,0.045,79325.0,0.1967,0.911,0.01108
2026-08-24T15:57:14Z,XRPUSDT,COOLING,NONE,0.0,0.0,0.0,0.67,-0.67,135839.78,100685.21,True,False,-0.0033,79047.2,-0.3502,0.914,1.5003
2026-08-24T15:57:17Z,HBARUSDT,COOLING,SELL,15.54,13.27,15.54,1.26,0.0,32164.51,19783.41,True,False,-0.063,79047.2,-0.3502,1.921,0.07938
2026-08-24T15:57:18Z,QAITUSDT,COOLING,NONE,0.0,0.0,0.0,61.42,0.0,1129.35,1000.79,True,False,0.0,79047.2,-0.3502,0.977,0.002582
2026-08-24T15:57:20Z,ZBCNUSDT,COOLING,NONE,0.0,0.0,0.0,24.41,0.0,264.51,89.22,True,False,0.0,79047.2,-0.3502,0.958,0.0018834
2026-08-24T15:57:22Z,WUSDT,COOLING,NONE,0.0,0.0,0.0,15.57,0.0,10906.93,8924.99,True,False,0.0,79047.2,-0.3502,1.05,0.009653
2026-08-24T15:58:31Z,XRPUSDT,COOLING,NONE,0.0,0.0,0.0,4.01,2.67,123763.66,92004.73,True,False,0.0401,78964.24,-0.1049,1.233,1.4971
2026-08-24T15:58:33Z,HBARUSDT,COOLING,NONE,0.0,0.0,0.0,1.26,-1.26,13469.3,29670.95,True,False,0.0063,78964.24,-0.1049,1.037,0.07928
2026-08-24T15:59:15Z,QAITUSDT,COOLING,NONE,0.0,0.0,0.0,61.42,0.0,1129.35,1000.79,True,False,0.0,78964.24,-0.1049,0.955,0.002582
2026-08-24T15:59:56Z,ZBCNUSDT,COOLING,BUY,0.14,1.9,1.9,22.74,-2.16,698.35,350.57,True,False,0.1855,78964.24,-0.1049,40.905,0.00189
2026-08-24T16:00:38Z,WUSDT,COOLING,NONE,0.0,0.0,0.0,15.5,0.0,11127.12,5654.37,True,False,0.0,78964.24,-0.1049,1.003,0.009641
2026-08-24T16:01:08Z,XRPUSDT,COOLING,NONE,0.0,0.0,0.0,3.33,2.66,136573.25,65503.63,True,False,0.0133,79175.2,0.2672,0.959,1.5025
2026-08-24T16:01:11Z,HBARUSDT,COOLING,NONE,0.0,0.0,0.0,2.52,1.26,10225.1,37907.52,True,False,-0.0063,79175.2,0.2672,1.931,0.07957
2026-08-24T16:01:13Z,QAITUSDT,COOLING,NONE,0.0,0.0,0.0,61.42,0.0,1129.35,1000.79,True,False,0.0,79175.2,0.2672,1.005,0.002582
2026-08-24T16:01:16Z,ZBCNUSDT,COOLING,SELL,0.0,0.0,0.0,23.82,0.0,2073.26,77.93,True,False,0.0,79175.2,0.2672,0.971,0.00189
2026-08-24T16:01:19Z,WUSDT,COOLING,NONE,0.0,0.0,0.0,15.5,0.0,9360.81,7049.81,True,False,0.0,79175.2,0.2672,0.957,0.009671
2026-08-24T16:03:33Z,XRPUSDT,COOLING,SELL,19.65,0.0,19.65,2.0,-0.0,113035.99,123241.17,True,False,0.0067,79289.0,0.1437,0.92,1.5042
2026-08-24T16:04:16Z,HBARUSDT,COOLING,BUY,0.0,0.11,0.11,1.26,-1.26,9572.54,21561.05,True,False,0.0314,79289.0,0.1437,40.915,0.07967
2026-08-24T16:04:18Z,QAITUSDT,COOLING,NONE,0.0,0.0,0.0,61.42,0.0,1129.35,1000.79,True,False,0.0,79289.0,0.1437,1.304,0.002582
2026-08-24T16:04:20Z,ZBCNUSDT,COOLING,SELL,12.05,0.01,12.05,15.24,-0.53,217.99,121.13,True,False,0.0026,79289.0,0.1437,0.931,0.0019011
2026-08-24T16:04:22Z,CCUSDT,IMPULSE,NONE,0.0,0.0,0.0,6.36,0.0,1682.1,1687.86,True,False,0.0,79289.0,0.1437,0.978,0.12573
2026-08-24T16:04:51Z,XRPUSDT,COOLING,NONE,0.0,0.0,0.0,2.66,0.0,98744.56,66596.42,True,False,-0.0066,79297.92,0.0112,1.947,1.5048
2026-08-24T16:04:54Z,HBARUSDT,COOLING,NONE,0.0,0.0,0.0,1.26,0.0,26250.19,27781.97,True,False,-0.0126,79297.92,0.0112,2.019,0.07964
2026-08-24T16:04:56Z,QAITUSDT,COOLING,NONE,0.0,0.0,0.0,61.42,0.0,1129.35,1000.79,True,False,0.0,79297.92,0.0112,0.945,0.002582
2026-08-24T16:04:58Z,ZBCNUSDT,COOLING,NONE,0.0,0.0,0.0,29.4,-0.52,218.0,173.53,True,False,-0.0026,79297.92,0.0112,0.907,0.0019034
2026-08-24T16:04:59Z,CCUSDT,IMPULSE,BUY,0.0,41.44,41.44,8.75,-2.38,1767.36,905.42,True,False,-0.0119,79297.92,0.0112,0.915,0.12574
2026-08-24T16:06:12Z,XRPUSDT,COOLING,SELL,1.83,0.0,1.83,3.98,0.0,137950.9,65215.22,True,False,0.0,79420.0,0.154,1.201,1.5082
2026-08-24T16:06:14Z,HBARUSDT,COOLING,NONE,0.0,0.0,0.0,1.25,0.0,9541.23,23555.44,True,False,0.0,79420.0,0.154,0.909,0.07974
2026-08-24T16:06:17Z,QAITUSDT,COOLING,NONE,0.0,0.0,0.0,61.42,0.0,1129.35,1000.79,True,False,0.0,79420.0,0.154,2.422,0.002582
2026-08-24T16:06:20Z,ZBCNUSDT,COOLING,NONE,0.0,0.0,0.0,35.15,-0.53,226.99,1230.5,True,False,0.0026,79420.0,0.154,0.904,0.0019037
2026-08-24T16:06:22Z,CCUSDT,IMPULSE,NONE,0.0,0.0,0.0,5.57,-0.8,1767.36,884.18,True,False,0.0119,79420.0,0.154,0.944,0.12577
2026-08-24T16:08:00Z,XRPUSDT,COOLING,SELL,19.07,0.0,19.07,0.66,-1.98,132747.99,14130.08,True,True,0.0364,79472.12,0.0656,1.988,1.5123
2026-08-24T16:08:43Z,HBARUSDT,COOLING,NONE,0.0,0.0,0.0,1.25,0.0,10878.5,30664.4,True,False,-0.0375,79472.12,0.0656,41.237,0.07992
2026-08-24T16:08:45Z,QAITUSDT,COOLING,NONE,0.0,0.0,0.0,61.42,0.0,1129.35,1000.79,True,False,0.0,79472.12,0.0656,0.912,0.002582
2026-08-24T16:08:47Z,ZBCNUSDT,COOLING,NONE,0.0,0.0,0.0,8.92,0.0,329.36,258.3,True,False,0.0,79472.12,0.0656,1.02,0.0019066
2026-08-24T16:08:49Z,CCUSDT,IMPULSE,NONE,0.0,0.0,0.0,8.71,-1.58,1776.1,16139.75,True,False,0.0079,79472.12,0.0656,1.098,0.12626
2026-08-24T16:10:39Z,XRPUSDT,COOLING,BUY,0.0,19.36,19.36,1.33,-0.66,95027.81,93983.93,True,False,0.0033,79324.87,-0.1853,0.932,1.5076
2026-08-24T16:10:41Z,HBARUSDT,COOLING,BUY,4.65,51.14,51.14,1.26,-0.0,11728.21,28210.12,True,True,0.0251,79324.87,-0.1853,0.986,0.07971
2026-08-24T16:10:43Z,QAITUSDT,COOLING,NONE,0.0,0.0,0.0,61.42,0.0,1129.35,1000.79,True,False,0.0,79324.87,-0.1853,1.025,0.002582
2026-08-24T16:10:45Z,ZBCNUSDT,COOLING,SELL,34.48,0.0,34.48,19.43,-1.05,348.47,929.91,True,True,0.0053,79324.87,-0.1853,0.961,0.0019055
2026-08-24T16:10:47Z,CCUSDT,IMPULSE,NONE,0.0,0.0,0.0,7.15,0.0,2584.34,1689.87,True,False,0.0,79324.87,-0.1853,0.976,0.12575
2026-08-24T16:11:18Z,XRPUSDT,COOLING,NONE,0.0,0.0,0.0,1.99,0.0,90918.64,94752.46,True,False,0.0,79390.0,0.0821,1.068,1.5092
2026-08-24T16:11:20Z,HBARUSDT,COOLING,NONE,0.0,0.0,0.0,1.26,0.0,13280.86,20261.21,True,False,0.0,79390.0,0.0821,1.493,0.07963
2026-08-24T16:11:23Z,QAITUSDT,COOLING,NONE,0.0,0.0,0.0,61.42,0.0,1129.35,1000.79,True,False,0.0,79390.0,0.0821,0.979,0.002582
2026-08-24T16:11:25Z,ZBCNUSDT,COOLING,NONE,0.0,0.0,0.0,24.7,3.68,168.87,1006.33,True,False,-0.0236,79390.0,0.0821,0.955,0.001905
2026-08-24T16:12:48Z,CCUSDT,IMPULSE,BUY,0.0,0.05,0.05,6.35,-0.8,1684.92,1728.28,True,False,0.0595,79390.0,0.0821,41.506,0.12589
2026-08-24T16:15:37Z,XRPUSDT,COOLING,BUY,0.0,67.11,67.11,1.32,-0.66,126016.23,129055.43,True,False,-0.0099,79553.46,0.2059,0.978,1.5102
2026-08-24T16:15:39Z,HBARUSDT,COOLING,NONE,0.0,0.0,0.0,1.26,0.0,12220.23,32278.63,True,False,0.0,79553.46,0.2059,0.969,0.07969
2026-08-24T16:15:42Z,QAITUSDT,COOLING,NONE,0.0,0.0,0.0,61.42,0.0,1129.35,1000.77,True,False,0.0,79553.46,0.2059,1.908,0.002582
2026-08-24T16:16:25Z,ZBCNUSDT,COOLING,SELL,0.44,0.0,0.44,21.52,15.74,244.85,963.26,True,False,0.1314,79553.46,0.2059,41.988,0.0019031
2026-08-24T16:16:27Z,CCUSDT,IMPULSE,NONE,0.0,0.0,0.0,7.93,0.0,1702.23,1692.69,True,False,0.0,79553.46,0.2059,0.902,0.12615
2026-08-24T16:16:55Z,XRPUSDT,COOLING,SELL,56.12,4.03,56.12,1.32,-0.66,141987.15,91541.33,True,False,0.0165,79610.45,0.0716,0.91,1.5131
2026-08-24T16:17:38Z,HBARUSDT,COOLING,BUY,0.0,1.32,1.32,1.26,-0.0,12068.97,30137.05,True,False,0.0377,79610.45,0.0716,41.55,0.0797
2026-08-24T16:17:39Z,QAITUSDT,COOLING,NONE,0.0,0.0,0.0,61.42,0.0,1129.35,1000.77,True,False,0.0,79610.45,0.0716,1.007,0.002582
2026-08-24T16:18:21Z,ZBCNUSDT,COOLING,NONE,0.0,0.0,0.0,22.59,0.0,98.26,989.16,True,False,0.0,79610.45,0.0716,1.02,0.0019057
2026-08-24T16:18:23Z,CCUSDT,IMPULSE,NONE,0.0,0.0,0.0,9.49,0.0,1691.35,1751.0,True,False,0.0,79610.45,0.0716,1.056,0.12619
2026-08-24T16:18:52Z,XRPUSDT,COOLING,NONE,0.0,0.0,0.0,1.97,1.32,44910.44,46891.18,True,False,-0.0395,79803.42,0.2424,0.915,1.5204
2026-08-24T16:18:54Z,HBARUSDT,COOLING,SELL,4.87,0.0,4.87,1.25,0.0,26220.27,15210.09,True,False,0.0,79803.42,0.2424,0.943,0.07985
2026-08-24T16:18:56Z,QAITUSDT,COOLING,NONE,0.0,0.0,0.0,61.42,0.0,1129.35,1000.77,True,False,0.0,79803.42,0.2424,0.875,0.002582
2026-08-24T16:18:58Z,ZBCNUSDT,COOLING,NONE,0.0,0.0,0.0,33.06,6.83,210.83,243.52,True,False,-0.0341,79803.42,0.2424,0.931,0.0019052
2026-08-24T16:19:00Z,CCUSDT,IMPULSE,NONE,0.0,0.0,0.0,7.9,0.0,1815.62,2025.54,True,False,0.0,79803.42,0.2424,1.06,0.12647
2026-08-24T16:19:56Z,XRPUSDT,COOLING,SELL,11.81,2.38,11.81,2.63,0.0,151034.62,144678.15,True,False,-0.0198,79798.75,-0.0059,2.042,1.5185
2026-08-24T16:19:58Z,HBARUSDT,COOLING,SELL,52.49,0.0,52.49,1.25,-1.25,19951.07,21840.75,True,False,0.0188,79798.75,-0.0059,0.983,0.07989
2026-08-24T16:20:02Z,QAITUSDT,COOLING,NONE,0.0,0.0,0.0,61.42,0.0,1129.35,1000.77,True,False,0.0,79798.75,-0.0059,2.004,0.002582
2026-08-24T16:20:04Z,ZBCNUSDT,COOLING,NONE,0.0,0.0,0.0,28.9,5.79,579.21,85.71,True,False,-0.0289,79798.75,-0.0059,1.532,0.0019017
2026-08-24T16:20:07Z,BIOUSDT,COOLING,BUY,0.0,21.27,21.27,3.34,-0.0,2127.85,3278.2,True,True,0.0334,79798.75,-0.0059,1.035,0.0299
2026-08-24T16:20:39Z,XRPUSDT,COOLING,SELL,38.83,9.98,38.83,1.32,-1.32,110438.93,121853.16,True,False,-0.0264,79820.0,0.0266,1.045,1.5182
2026-08-24T16:20:41Z,HBARUSDT,COOLING,NONE,0.0,0.0,0.0,1.25,0.0,21302.76,11639.98,True,False,0.0,79820.0,0.0266,0.982,0.07991
2026-08-24T16:20:43Z,QAITUSDT,COOLING,NONE,0.0,0.0,0.0,61.42,0.0,1129.35,1000.77,True,False,0.0,79820.0,0.0266,1.041,0.002582
2026-08-24T16:20:46Z,ZBCNUSDT,COOLING,SELL,39.2,7.18,39.2,18.39,-5.26,226.17,84.48,True,False,0.0105,79820.0,0.0266,2.002,0.0019041
2026-08-24T16:20:48Z,BIOUSDT,COOLING,SELL,3.71,0.0,3.71,3.35,-6.69,2349.19,2087.69,True,False,-0.0335,79820.0,0.0266,0.974,0.02991
2026-08-24T16:23:20Z,XRPUSDT,COOLING,NONE,0.0,0.0,0.0,1.98,-0.66,59192.25,97110.44,True,False,-0.0033,79762.82,-0.0716,0.976,1.5165
2026-08-24T16:23:23Z,HBARUSDT,COOLING,BUY,6.3,64.42,64.42,1.25,0.0,12567.63,32511.75,True,False,0.0,79762.82,-0.0716,1.04,0.07989
2026-08-24T16:23:26Z,QAITUSDT,COOLING,NONE,0.0,0.0,0.0,61.42,0.0,1129.35,1000.77,True,False,0.0,79762.82,-0.0716,1.978,0.002582
2026-08-24T16:24:10Z,ZBCNUSDT,COOLING,BUY,1.08,2.09,2.09,23.15,3.67,489.12,613.51,True,False,0.05,79762.82,-0.0716,42.512,0.0019011
2026-08-24T16:24:12Z,BIOUSDT,COOLING,NONE,0.0,0.0,0.0,3.35,0.0,2116.2,2614.69,True,False,0.0,79762.82,-0.0716,1.061,0.02987
2026-08-24T16:25:49Z,XRPUSDT,COOLING,NONE,0.0,0.0,0.0,0.66,-0.66,80396.25,96513.7,True,False,-0.0033,79722.84,-0.0501,1.919,1.5166
2026-08-24T16:25:50Z,HBARUSDT,COOLING,NONE,0.0,0.0,0.0,2.51,0.0,12448.32,25810.52,True,False,0.0,79722.84,-0.0501,0.988,0.07978
2026-08-24T16:25:52Z,QAITUSDT,COOLING,NONE,0.0,0.0,0.0,61.42,0.0,1129.35,1000.77,True,False,0.0,79722.84,-0.0501,0.952,0.002582
2026-08-24T16:25:54Z,ZBCNUSDT,COOLING,SELL,6.29,0.0,6.29,12.09,0.0,320.48,363.45,True,False,0.0,79722.84,-0.0501,0.942,0.0019031
2026-08-24T16:25:56Z,BIOUSDT,COOLING,NONE,0.0,0.0,0.0,6.72,0.0,3273.73,2215.69,True,False,0.0,79722.84,-0.0501,1.021,0.02982
2026-08-24T16:26:25Z,XRPUSDT,COOLING,SELL,54.72,0.0,54.72,3.3,2.64,102287.81,129658.14,True,False,0.0,79686.68,-0.0454,1.01,1.5142
2026-08-24T16:26:29Z,HBARUSDT,COOLING,NONE,0.0,0.0,0.0,1.25,0.0,9791.23,11722.44,True,False,0.0,79686.68,-0.0454,1.21,0.0797
2026-08-24T16:26:31Z,QAITUSDT,COOLING,NONE,0.0,0.0,0.0,61.42,0.0,1129.35,1000.77,True,False,0.0,79686.68,-0.0454,0.954,0.002582
2026-08-24T16:26:32Z,ZBCNUSDT,COOLING,NONE,0.0,0.0,0.0,15.77,0.0,417.45,363.45,True,False,0.0,79686.68,-0.0454,0.926,0.0019035
2026-08-24T16:27:14Z,BIOUSDT,COOLING,SELL,0.21,0.0,0.21,3.36,-3.36,4639.67,1947.25,True,False,0.0504,79686.68,-0.0454,40.951,0.0298
2026-08-24T16:28:26Z,XRPUSDT,COOLING,SELL,20.87,2.24,20.87,1.98,0.0,94995.3,88510.71,True,True,-0.0066,79740.83,0.068,1.497,1.5161
2026-08-24T16:29:09Z,HBARUSDT,COOLING,SELL,1.0,0.0,1.0,1.25,0.0,16920.34,19937.36,True,False,-0.0125,79740.83,0.068,40.92,0.07983
2026-08-24T16:29:51Z,QAITUSDT,COOLING,NONE,0.0,0.0,0.0,61.42,0.0,1129.35,1000.77,True,False,0.0,79740.83,0.068,0.952,0.002582
2026-08-24T16:29:53Z,ZBCNUSDT,COOLING,SELL,2.8,0.0,2.8,13.66,-0.53,692.03,163.22,True,False,-0.0026,79740.83,0.068,0.978,0.0019039
2026-08-24T16:29:56Z,BIOUSDT,COOLING,SELL,15.57,0.0,15.57,3.36,0.0,4639.8,2317.2,True,True,-0.0336,79740.83,0.068,1.979,0.0298
2026-08-24T16:32:10Z,XRPUSDT,COOLING,BUY,19.01,35.79,35.79,1.32,0.0,94470.42,157238.04,True,False,-0.0264,79720.7,-0.0252,0.935,1.5154
2026-08-24T16:32:13Z,HBARUSDT,COOLING,BUY,0.0,7.13,7.13,1.25,0.0,20152.23,12993.52,True,False,0.0,79720.7,-0.0252,1.932,0.07978
2026-08-24T16:32:16Z,QAITUSDT,COOLING,NONE,0.0,0.0,0.0,61.42,0.0,1129.35,1000.77,True,False,0.0,79720.7,-0.0252,0.99,0.002582
2026-08-24T16:32:18Z,ZBCNUSDT,COOLING,SELL,17.33,0.0,17.33,21.57,-0.53,125.33,57.68,True,False,-0.0026,79720.7,-0.0252,1.007,0.0019029
2026-08-24T16:32:22Z,BIOUSDT,COOLING,NONE,0.0,0.0,0.0,3.36,0.0,3855.49,3048.4,True,False,0.0,79720.7,-0.0252,1.063,0.02976
2026-08-24T16:33:35Z,XRPUSDT,COOLING,NONE,0.0,0.0,0.0,0.66,0.0,81829.92,131838.82,True,False,0.0,79659.99,-0.0762,0.912,1.5152
2026-08-24T16:33:38Z,HBARUSDT,COOLING,BUY,0.0,0.01,0.01,1.25,0.0,11791.66,10482.37,True,False,0.0,79659.99,-0.0762,1.065,0.07975
2026-08-24T16:33:40Z,QAITUSDT,COOLING,NONE,0.0,0.0,0.0,61.42,0.0,1129.35,1000.77,True,False,0.0,79659.99,-0.0762,0.876,0.002582
2026-08-24T16:33:42Z,ZBCNUSDT,COOLING,NONE,0.0,0.0,0.0,8.95,0.0,99.52,57.68,True,False,0.0,79659.99,-0.0762,0.921,0.0018997
2026-08-24T16:33:44Z,BIOUSDT,COOLING,BUY,0.0,0.03,0.03,6.73,3.37,3857.19,2662.71,True,False,-0.0504,79659.99,-0.0762,1.125,0.02976
2026-08-24T16:34:57Z,XRPUSDT,COOLING,NONE,0.0,0.0,0.0,2.64,0.0,77494.95,155532.75,True,False,0.0,79665.98,0.0075,0.986,1.5167
2026-08-24T16:35:40Z,HBARUSDT,COOLING,SELL,1.26,0.0,1.26,1.25,-0.0,24725.4,10882.77,True,False,0.163,79665.98,0.0075,41.054,0.07974
2026-08-24T16:37:06Z,QAITUSDT,COOLING,NONE,0.0,0.0,0.0,61.42,0.0,1129.35,1000.77,True,False,0.0,79665.98,0.0075,82.234,0.002582
2026-08-24T16:37:07Z,ZBCNUSDT,COOLING,NONE,0.0,0.0,0.0,16.86,-2.11,299.25,165.14,True,False,0.0105,79665.98,0.0075,0.958,0.0018986
2026-08-24T16:37:09Z,BIOUSDT,COOLING,NONE,0.0,0.0,0.0,3.37,0.0,2760.96,3114.3,True,False,0.0,79665.98,0.0075,0.971,0.02972
2026-08-24T16:39:27Z,XRPUSDT,COOLING,NONE,0.0,0.0,0.0,3.3,0.66,134169.4,135914.27,True,False,0.0033,79671.93,0.0075,0.917,1.5146
2026-08-24T16:39:29Z,HBARUSDT,COOLING,SELL,10.9,0.0,10.9,1.25,0.0,10491.59,25403.02,True,False,0.0,79671.93,0.0075,0.964,0.07971
2026-08-24T16:39:32Z,QAITUSDT,COOLING,NONE,0.0,0.0,0.0,360.64,146.59,2599.15,1000.81,True,False,-0.72,79671.93,0.0075,1.89,0.002589
2026-08-24T16:39:37Z,ZBCNUSDT,COOLING,NONE,0.0,0.0,0.0,6.85,0.0,295.57,1182.54,True,False,0.0,79671.93,0.0075,2.001,0.001898
2026-08-24T16:39:41Z,CCUSDT,IMPULSE,NONE,0.0,0.0,0.0,5.57,0.0,1681.11,1938.06,True,False,0.0,79671.93,0.0075,1.075,0.12554
2026-08-24T16:40:54Z,XRPUSDT,COOLING,BUY,10.87,31.32,31.32,1.99,0.0,161439.11,85825.44,True,False,0.0,79478.75,-0.2425,0.887,1.5111
2026-08-24T16:40:56Z,HBARUSDT,COOLING,NONE,0.0,0.0,0.0,1.26,-0.0,25064.53,11317.12,True,False,0.0126,79478.75,-0.2425,0.926,0.07957
2026-08-24T16:40:58Z,QAITUSDT,COOLING,SELL,84.31,0.0,84.31,124.71,3.92,1443.58,75.73,True,False,-0.0195,79478.75,-0.2425,1.102,0.002571
2026-08-24T16:41:00Z,ZBCNUSDT,COOLING,BUY,0.0,52.97,52.97,26.4,0.0,97.69,180.17,True,False,0.0,79478.75,-0.2425,0.981,0.0018954
2026-08-24T16:41:02Z,CCUSDT,IMPULSE,SELL,13.24,0.0,13.24,8.77,0.0,2231.43,1683.84,True,False,0.0,79478.75,-0.2425,1.217,0.12528
2026-08-24T16:42:13Z,XRPUSDT,COOLING,NONE,0.0,0.0,0.0,0.66,-1.32,68275.45,108063.85,True,False,0.0462,79530.25,0.0648,1.011,1.5153
2026-08-24T16:42:15Z,HBARUSDT,COOLING,NONE,0.0,0.0,0.0,1.25,0.0,10422.03,15528.91,True,False,0.0,79530.25,0.0648,1.002,0.07971
2026-08-24T16:42:18Z,QAITUSDT,COOLING,NONE,0.0,0.0,0.0,62.35,0.0,1082.58,1120.3,True,False,0.0,79530.25,0.0648,1.019,0.002558
2026-08-24T16:42:20Z,ZBCNUSDT,COOLING,NONE,0.0,0.0,0.0,16.38,-1.59,283.5,316.51,True,False,0.0026,79530.25,0.0648,1.001,0.001894
2026-08-24T16:43:02Z,CCUSDT,IMPULSE,NONE,0.0,0.0,0.0,8.76,0.0,1678.89,1685.05,True,False,0.0,79530.25,0.0648,0.933,0.12535
2026-08-24T16:45:17Z,XRPUSDT,COOLING,SELL,4.27,0.0,4.27,3.3,1.32,114777.39,71713.25,True,False,-0.0066,79412.45,-0.1481,1.999,1.516
2026-08-24T16:45:22Z,HBARUSDT,COOLING,BUY,0.0,21.02,21.02,1.26,0.0,18814.17,39846.71,True,False,0.0,79412.45,-0.1481,0.956,0.07955
2026-08-24T16:46:03Z,QAITUSDT,IMPULSE,NONE,0.0,0.0,0.0,62.35,0.0,1012.37,1104.32,True,False,0.0,79412.45,-0.1481,40.914,0.002558
2026-08-24T16:46:46Z,ZBCNUSDT,COOLING,NONE,0.0,0.0,0.0,19.54,-0.52,685.51,181.06,True,False,-0.0185,79412.45,-0.1481,1.141,0.0018921
2026-08-24T16:46:48Z,CCUSDT,IMPULSE,BUY,0.0,10.59,10.59,10.38,0.0,1735.9,1954.1,True,False,0.0,79412.45,-0.1481,1.313,0.12528
2026-08-24T16:50:00Z,XRPUSDT,COOLING,SELL,0.86,0.38,0.86,3.3,0.66,97707.55,120161.15,True,False,-0.0165,79346.83,-0.0826,40.946,1.5136
2026-08-24T16:50:03Z,HBARUSDT,COOLING,BUY,17.21,20.31,20.31,1.26,-1.26,20572.09,27288.0,True,False,0.0441,79346.83,-0.0826,2.087,0.07942
2026-08-24T16:50:06Z,QAITUSDT,IMPULSE,SELL,32.51,0.0,32.51,27.58,0.0,259.89,169.55,True,False,0.0,79346.83,-0.0826,2.498,0.002539
2026-08-24T16:50:11Z,ZBCNUSDT,COOLING,SELL,2.82,0.0,2.82,22.27,0.0,946.47,180.51,True,False,0.0,79346.83,-0.0826,1.973,0.0018888
2026-08-24T16:50:13Z,CCUSDT,IMPULSE,NONE,0.0,0.0,0.0,6.41,0.0,1755.39,1677.89,True,False,0.0,79346.83,-0.0826,0.958,0.12493
2026-08-24T16:52:05Z,XRPUSDT,COOLING,BUY,0.0,0.16,0.16,1.33,-0.66,105828.07,118045.43,True,False,-0.0033,79177.3,-0.2137,0.949,1.5085
2026-08-24T16:52:07Z,HBARUSDT,COOLING,SELL,0.29,0.0,0.29,5.05,-1.26,33138.72,10974.84,True,False,-0.0063,79177.3,-0.2137,0.866,0.07925
2026-08-24T16:52:09Z,QAITUSDT,IMPULSE,NONE,0.0,0.0,0.0,59.0,0.0,1070.29,1118.83,True,False,0.0,79177.3,-0.2137,1.512,0.002539
2026-08-24T16:52:11Z,ZBCNUSDT,COOLING,NONE,0.0,0.0,0.0,28.09,0.0,414.77,223.49,True,False,0.0,79177.3,-0.2137,0.96,0.0018896
2026-08-24T16:52:13Z,CCUSDT,IMPULSE,NONE,0.0,0.0,0.0,5.62,-2.41,1676.18,1671.78,True,False,-0.012,79177.3,-0.2137,1.922,0.12465
2026-08-24T16:55:09Z,XRPUSDT,COOLING,SELL,12.79,0.0,12.79,2.0,-2.67,12325.12,79674.6,True,False,-0.02,78946.02,-0.2921,0.948,1.4987
2026-08-24T16:55:11Z,HBARUSDT,COOLING,SELL,15.4,6.11,15.4,10.13,-1.27,10249.96,9892.02,True,False,0.057,78946.02,-0.2921,1.423,0.07903
2026-08-24T16:55:13Z,QAITUSDT,IMPULSE,NONE,0.0,0.0,0.0,59.0,0.0,1022.61,1118.83,True,False,0.0,78946.02,-0.2921,1.004,0.002539
2026-08-24T16:55:15Z,ZBCNUSDT,COOLING,NONE,0.0,0.0,0.0,23.52,-1.07,327.2,198.9,True,False,-0.0053,78946.02,-0.2921,1.017,0.0018707
2026-08-24T16:55:17Z,CCUSDT,IMPULSE,NONE,0.0,0.0,0.0,10.51,9.71,16063.96,15968.98,True,False,-0.0323,78946.02,-0.2921,0.947,0.1238
2026-08-24T16:56:27Z,XRPUSDT,COOLING,BUY,0.0,22.39,22.39,1.33,-1.33,74735.91,99738.81,True,False,0.0266,79039.71,0.1187,1.027,1.5026
2026-08-24T16:56:30Z,HBARUSDT,COOLING,SELL,44.44,0.0,44.44,6.31,2.52,15280.95,33990.29,True,False,0.0126,79039.71,0.1187,0.99,0.07912
2026-08-24T16:56:32Z,QAITUSDT,IMPULSE,NONE,0.0,0.0,0.0,59.0,0.0,1022.61,1118.83,True,False,0.0,79039.71,0.1187,0.893,0.002539
2026-08-24T16:56:34Z,ZBCNUSDT,COOLING,BUY,6.08,19.49,19.49,30.38,1.6,581.67,97.98,True,False,0.008,79039.71,0.1187,0.996,0.0018759
2026-08-24T16:56:36Z,CCUSDT,IMPULSE,NONE,0.0,0.0,0.0,9.69,0.0,15840.82,16610.42,True,False,0.0,79039.71,0.1187,0.979,0.12394
2026-08-24T16:58:29Z,XRPUSDT,COOLING,BUY,0.0,31.1,31.1,3.33,-0.67,76775.07,135126.03,True,False,-0.0033,79128.31,0.1121,1.495,1.5018
2026-08-24T16:58:31Z,HBARUSDT,COOLING,BUY,0.0,85.92,85.92,1.26,0.0,11381.19,31491.69,True,True,0.0,79128.31,0.1121,0.94,0.07919
2026-08-24T16:58:34Z,QAITUSDT,IMPULSE,NONE,0.0,0.0,0.0,59.0,0.0,1022.61,1118.83,True,False,0.0,79128.31,0.1121,1.494,0.002539
2026-08-24T16:58:37Z,ZBCNUSDT,COOLING,NONE,0.0,0.0,0.0,19.73,0.0,705.74,310.43,True,False,0.0,79128.31,0.1121,1.937,0.0018774
2026-08-24T16:58:39Z,CCUSDT,IMPULSE,BUY,0.0,7.78,7.78,8.08,0.0,1787.1,1945.35,True,False,0.0,79128.31,0.1121,1.867,0.12382
2026-08-24T17:00:14Z,XRPUSDT,COOLING,BUY,0.0,12.53,12.53,4.67,-0.0,103129.16,82433.06,True,False,0.02,79040.0,-0.1116,1.023,1.4985
2026-08-24T17:00:18Z,HBARUSDT,COOLING,NONE,0.0,0.0,0.0,1.27,0.0,27079.89,12391.09,True,False,0.0,79040.0,-0.1116,1.195,0.07908
2026-08-24T17:00:20Z,QAITUSDT,IMPULSE,NONE,0.0,0.0,0.0,59.0,0.0,1022.61,1118.83,True,False,0.0,79040.0,-0.1116,0.97,0.002539
2026-08-24T17:00:22Z,ZBCNUSDT,COOLING,SELL,5.67,0.0,5.67,24.56,1.07,412.57,126.48,True,False,-0.016,79040.0,-0.1116,0.951,0.0018762
2026-08-24T17:00:24Z,WUSDT,COOLING,NONE,0.0,0.0,0.0,14.54,-1.04,12094.6,7360.11,True,False,0.0052,79040.0,-0.1116,0.914,0.009628
2026-08-24T17:00:55Z,XRPUSDT,COOLING,BUY,52.75,62.94,62.94,5.36,-1.34,24111.95,98730.1,True,False,0.0201,78876.62,-0.2067,0.932,1.4914
2026-08-24T17:00:57Z,HBARUSDT,COOLING,BUY,0.0,10.2,10.2,1.27,0.0,7333.19,10134.74,True,False,-0.0127,78876.62,-0.2067,0.897,0.07892
2026-08-24T17:01:40Z,QAITUSDT,IMPULSE,NONE,0.0,0.0,0.0,62.92,0.0,1022.61,1118.83,True,False,0.0,78876.62,-0.2067,1.066,0.002539
2026-08-24T17:01:42Z,ZBCNUSDT,COOLING,NONE,0.0,0.0,0.0,25.63,0.0,156.84,997.12,True,False,0.0,78876.62,-0.2067,0.936,0.0018739
2026-08-24T17:01:43Z,WUSDT,COOLING,NONE,0.0,0.0,0.0,18.78,0.0,6409.16,10620.44,True,False,0.0,78876.62,-0.2067,1.039,0.009586
2026-08-24T17:02:54Z,XRPUSDT,COOLING,NONE,0.0,0.0,0.0,0.67,-0.67,67693.42,26684.57,True,False,0.0168,78616.07,-0.3303,1.982,1.4892
2026-08-24T17:02:57Z,HBARUSDT,COOLING,NONE,0.0,0.0,0.0,12.7,2.54,5471.93,48659.86,True,False,-0.0254,78616.07,-0.3303,0.942,0.0786
2026-08-24T17:02:59Z,QAITUSDT,IMPULSE,NONE,0.0,0.0,0.0,62.92,0.0,1323.51,1118.83,True,False,0.0,78616.07,-0.3303,0.892,0.002551
2026-08-24T17:03:41Z,ZBCNUSDT,COOLING,SELL,1.99,1.63,1.99,16.55,-0.03,937.09,948.84,True,False,0.1765,78616.07,-0.3303,40.959,0.0018705
2026-08-24T17:03:44Z,WUSDT,COOLING,NONE,0.0,0.0,0.0,11.51,4.19,10837.32,7379.16,True,False,-0.0209,78616.07,-0.3303,1.989,0.009572
2026-08-24T17:04:37Z,XRPUSDT,COOLING,BUY,3.82,60.55,60.55,3.35,-0.67,136529.81,63171.36,True,False,0.0167,78872.77,0.3265,0.987,1.492
2026-08-24T17:04:40Z,HBARUSDT,COOLING,NONE,0.0,0.0,0.0,2.54,-1.27,9848.16,9549.14,True,False,0.0063,78872.77,0.3265,1.096,0.0789
2026-08-24T17:04:42Z,QAITUSDT,IMPULSE,NONE,0.0,0.0,0.0,62.92,0.0,1299.47,1118.83,True,False,0.0,78872.77,0.3265,0.934,0.002551
2026-08-24T17:05:24Z,ZBCNUSDT,COOLING,NONE,0.0,0.0,0.0,14.37,4.79,299.35,271.69,True,False,0.024,78872.77,0.3265,0.942,0.0018758
2026-08-24T17:05:27Z,WUSDT,COOLING,SELL,4.47,0.0,4.47,10.45,0.0,11861.96,6171.88,True,False,0.0,78872.77,0.3265,0.888,0.009584
2026-08-24T17:05:58Z,XRPUSDT,COOLING,BUY,0.0,3.54,3.54,0.67,-0.0,111779.86,65309.1,True,False,0.0067,78903.19,0.0386,0.946,1.4962
2026-08-24T17:06:01Z,HBARUSDT,COOLING,BUY,17.18,74.01,74.01,1.27,0.0,8635.85,41623.84,True,False,-0.0253,78903.19,0.0386,1.068,0.07896
2026-08-24T17:06:03Z,QAITUSDT,IMPULSE,NONE,0.0,0.0,0.0,62.92,0.0,1299.47,1118.83,True,False,0.0,78903.19,0.0386,0.995,0.002551
2026-08-24T17:06:05Z,ZBCNUSDT,COOLING,NONE,0.0,0.0,0.0,9.58,0.0,299.35,223.23,True,False,0.0,78903.19,0.0386,0.998,0.0018787
2026-08-24T17:06:07Z,WUSDT,COOLING,NONE,0.0,0.0,0.0,10.43,0.0,10509.18,7185.09,True,False,0.0,78903.19,0.0386,1.34,0.00959
2026-08-24T17:06:39Z,XRPUSDT,COOLING,SELL,3.83,0.0,3.83,1.34,0.67,130650.12,82139.42,True,False,0.01,78963.81,0.0768,1.036,1.4975
2026-08-24T17:06:42Z,HBARUSDT,COOLING,NONE,0.0,0.0,0.0,2.53,0.0,7902.49,9646.29,True,False,0.0,78963.81,0.0768,0.975,0.07899
2026-08-24T17:06:44Z,QAITUSDT,IMPULSE,NONE,0.0,0.0,0.0,62.92,0.0,1299.47,1118.83,True,False,0.0,78963.81,0.0768,0.916,0.002551
2026-08-24T17:06:47Z,ZBCNUSDT,COOLING,NONE,0.0,0.0,0.0,12.79,0.0,299.35,223.22,True,False,0.0,78963.81,0.0768,0.91,0.0018772
2026-08-24T17:06:49Z,WUSDT,COOLING,NONE,0.0,0.0,0.0,16.66,0.0,13169.37,6405.93,True,False,0.0,78963.81,0.0768,1.043,0.0096
2026-08-24T17:08:24Z,XRPUSDT,COOLING,BUY,0.0,2.61,2.61,0.67,-2.0,97118.1,70621.7,True,False,-0.05,79064.34,0.1273,1.034,1.4996
2026-08-24T17:08:26Z,HBARUSDT,COOLING,NONE,0.0,0.0,0.0,2.53,1.26,9718.21,12176.41,True,False,-0.0063,79064.34,0.1273,0.975,0.07913
2026-08-24T17:08:28Z,QAITUSDT,IMPULSE,NONE,0.0,0.0,0.0,62.92,0.0,1299.47,1118.83,True,False,0.0,79064.34,0.1273,0.906,0.002551
2026-08-24T17:08:31Z,ZBCNUSDT,COOLING,NONE,0.0,0.0,0.0,22.33,3.73,605.26,100.7,True,False,-0.0292,79064.34,0.1273,2.001,0.0018822
2026-08-24T17:08:34Z,WUSDT,COOLING,NONE,0.0,0.0,0.0,15.57,3.12,14104.71,6266.66,True,False,-0.0156,79064.34,0.1273,1.958,0.009619
2026-08-24T17:09:47Z,XRPUSDT,COOLING,NONE,0.0,0.0,0.0,2.67,2.0,122225.28,73703.36,True,False,0.0167,79145.29,0.1024,0.937,1.5004
2026-08-24T17:09:49Z,HBARUSDT,COOLING,NONE,0.0,0.0,0.0,1.26,0.0,23526.3,10567.56,True,False,0.0,79145.29,0.1024,0.949,0.07919
2026-08-24T17:09:51Z,QAITUSDT,IMPULSE,NONE,0.0,0.0,0.0,62.92,0.0,1299.47,1118.83,True,False,0.0,79145.29,0.1024,0.928,0.002551
2026-08-24T17:09:52Z,ZBCNUSDT,COOLING,SELL,11.04,0.0,11.04,39.78,0.0,1093.17,411.15,True,False,0.0,79145.29,0.1024,0.941,0.0018871
2026-08-24T17:09:54Z,WUSDT,COOLING,NONE,0.0,0.0,0.0,13.49,0.0,9753.25,7408.24,True,False,0.0,79145.29,0.1024,1.05,0.009641
2026-08-24T17:10:26Z,XRPUSDT,COOLING,BUY,0.0,11.41,11.41,1.33,-0.67,108635.15,92508.3,True,False,0.0167,79124.33,-0.0265,0.943,1.5011
2026-08-24T17:10:28Z,HBARUSDT,COOLING,BUY,0.0,37.14,37.14,1.26,0.0,18418.4,18221.76,True,False,0.0,79124.33,-0.0265,0.949,0.07913
2026-08-24T17:10:30Z,QAITUSDT,IMPULSE,NONE,0.0,0.0,0.0,62.92,0.0,1299.47,1118.83,True,False,0.0,79124.33,-0.0265,1.03,0.002551
2026-08-24T17:10:32Z,ZBCNUSDT,COOLING,NONE,0.0,0.0,0.0,28.66,0.0,131.26,986.73,True,False,0.0,79124.33,-0.0265,1.05,0.0018845
2026-08-24T17:11:16Z,WUSDT,COOLING,NONE,0.0,0.0,0.0,13.54,0.0,7696.72,10615.42,True,False,0.0,79124.33,-0.0265,2.081,0.009606
2026-08-24T17:13:34Z,XRPUSDT,COOLING,BUY,0.0,5.76,5.76,3.34,1.34,115194.54,77280.13,True,False,0.0334,79160.0,0.0451,0.914,1.4955
2026-08-24T17:13:36Z,HBARUSDT,COOLING,NONE,0.0,0.0,0.0,3.8,0.0,10498.07,37761.12,True,False,0.0,79160.0,0.0451,0.99,0.07901
2026-08-24T17:13:38Z,QAITUSDT,IMPULSE,NONE,0.0,0.0,0.0,62.92,0.0,1299.47,1118.83,True,False,0.0,79160.0,0.0451,1.026,0.002551
2026-08-24T17:13:39Z,ZBCNUSDT,COOLING,NONE,0.0,0.0,0.0,23.31,0.0,250.75,465.53,True,False,0.0,79160.0,0.0451,0.986,0.001888
2026-08-24T17:13:42Z,WUSDT,COOLING,NONE,0.0,0.0,0.0,12.5,0.0,8995.7,8181.19,True,False,0.0,79160.0,0.0451,0.941,0.0096
2026-08-24T17:14:51Z,XRPUSDT,COOLING,SELL,29.6,0.0,29.6,3.35,0.67,120944.59,105695.94,True,True,-0.0234,79144.51,-0.0196,1.021,1.4928
2026-08-24T17:14:53Z,HBARUSDT,COOLING,NONE,0.0,0.0,0.0,1.26,0.0,40511.92,14110.05,True,False,0.0,79144.51,-0.0196,0.961,0.07904
2026-08-24T17:14:55Z,QAITUSDT,IMPULSE,NONE,0.0,0.0,0.0,62.92,0.0,1299.47,1118.83,True,False,0.0,79144.51,-0.0196,0.952,0.002551
2026-08-24T17:15:37Z,ZBCNUSDT,COOLING,SELL,1.11,0.29,1.11,16.48,-3.16,393.0,1407.26,True,False,-0.1539,79144.51,-0.0196,40.991,0.0018869
2026-08-24T17:15:39Z,WUSDT,COOLING,NONE,0.0,0.0,0.0,12.53,0.0,9997.43,10799.64,True,False,0.0,79144.51,-0.0196,1.058,0.009567
2026-08-24T17:16:51Z,XRPUSDT,COOLING,NONE,0.0,0.0,0.0,5.39,1.35,27796.97,116906.78,True,False,-0.0067,78863.14,-0.3555,0.869,1.4844
2026-08-24T17:16:53Z,HBARUSDT,COOLING,NONE,0.0,0.0,0.0,2.53,0.0,9851.82,35000.83,True,False,0.0,78863.14,-0.3555,0.954,0.07874
2026-08-24T17:16:55Z,QAITUSDT,IMPULSE,NONE,0.0,0.0,0.0,62.92,0.0,1299.47,1118.83,True,False,0.0,78863.14,-0.3555,0.889,0.002551
2026-08-24T17:16:57Z,ZBCNUSDT,COOLING,NONE,0.0,0.0,0.0,20.23,0.0,226.85,320.05,True,False,0.0,78863.14,-0.3555,1.987,0.0018804
2026-08-24T17:16:59Z,WUSDT,COOLING,NONE,0.0,0.0,0.0,9.42,0.0,9614.18,11041.98,True,False,0.0,78863.14,-0.3555,0.937,0.009556
2026-08-24T17:19:58Z,XRPUSDT,COOLING,NONE,0.0,0.0,0.0,0.67,-2.02,117129.15,125945.74,True,False,-0.0101,79024.0,0.204,1.014,1.4861
2026-08-24T17:20:00Z,HBARUSDT,COOLING,SELL,14.95,0.0,14.95,1.27,0.0,33938.63,9438.82,True,False,-0.0127,79024.0,0.204,0.992,0.07909
2026-08-24T17:20:01Z,QAITUSDT,IMPULSE,NONE,0.0,0.0,0.0,62.92,0.0,1299.47,1118.83,True,False,0.0,79024.0,0.204,0.949,0.002551
2026-08-24T17:20:04Z,ZBCNUSDT,COOLING,BUY,0.0,6.1,6.1,26.07,-2.66,324.39,84.22,True,False,-0.008,79024.0,0.204,0.996,0.0018806
2026-08-24T17:20:06Z,WUSDT,COOLING,NONE,0.0,0.0,0.0,13.58,-1.04,9563.7,14777.09,True,False,-0.0052,79024.0,0.204,1.023,0.00959
2026-08-24T17:21:18Z,XRPUSDT,COOLING,NONE,0.0,0.0,0.0,5.4,0.0,21867.46,82027.72,True,False,0.0,78760.0,-0.3341,0.988,1.4798
2026-08-24T17:21:20Z,HBARUSDT,COOLING,NONE,0.0,0.0,0.0,2.54,0.0,9071.27,14771.86,True,False,0.0,78760.0,-0.3341,0.98,0.0787
2026-08-24T17:21:21Z,QAITUSDT,IMPULSE,NONE,0.0,0.0,0.0,62.92,0.0,1323.81,1118.83,True,False,0.0,78760.0,-0.3341,0.932,0.002551
2026-08-24T17:21:23Z,ZBCNUSDT,COOLING,SELL,30.03,0.0,30.03,23.99,0.0,577.64,217.33,True,False,0.0,78760.0,-0.3341,1.019,0.0018769
2026-08-24T17:22:05Z,WUSDT,COOLING,BUY,0.0,0.22,0.22,16.85,12.66,5175.44,9476.35,True,False,-0.5758,78760.0,-0.3341,40.95,0.009551
2026-08-24T17:22:36Z,XRPUSDT,COOLING,BUY,0.0,19.7,19.7,8.13,1.35,37205.86,92041.61,True,False,0.0203,78560.0,-0.2539,0.954,1.4776
2026-08-24T17:22:40Z,HBARUSDT,COOLING,SELL,34.05,11.47,34.05,3.81,-1.27,36683.48,27177.87,True,False,0.0445,78560.0,-0.2539,1.958,0.07865
2026-08-24T17:22:42Z,QAITUSDT,IMPULSE,NONE,0.0,0.0,0.0,62.92,0.0,1299.47,1118.83,True,False,0.0,78560.0,-0.2539,1.142,0.002551
2026-08-24T17:22:44Z,ZBCNUSDT,COOLING,BUY,0.0,64.83,64.83,20.38,-4.82,806.36,178.21,True,False,-0.0241,78560.0,-0.2539,0.97,0.001866
2026-08-24T17:22:47Z,WUSDT,COOLING,NONE,0.0,0.0,0.0,15.79,0.0,5032.69,14284.28,True,False,0.0,78560.0,-0.2539,1.467,0.009506
2026-08-24T17:25:08Z,XRPUSDT,COOLING,NONE,0.0,0.0,0.0,10.85,7.47,81763.79,23650.7,True,False,-0.1389,78602.55,0.0542,1.934,1.4743
2026-08-24T17:25:10Z,HBARUSDT,COOLING,BUY,1.26,75.64,75.64,2.54,0.0,31013.38,33442.67,True,False,-0.0635,78602.55,0.0542,0.944,0.07862
2026-08-24T17:25:52Z,QAITUSDT,IMPULSE,NONE,0.0,0.0,0.0,31.31,0.0,1176.11,1000.87,True,False,0.0,78602.55,0.0542,0.897,0.002551
2026-08-24T17:25:54Z,ZBCNUSDT,COOLING,NONE,0.0,0.0,0.0,16.05,0.0,260.57,178.4,True,False,0.0,78602.55,0.0542,0.869,0.0018705
2026-08-24T17:25:56Z,WUSDT,COOLING,NONE,0.0,0.0,0.0,9.48,0.0,11055.81,6869.85,True,False,0.0,78602.55,0.0542,0.982,0.009496
2026-08-24T17:27:07Z,XRPUSDT,COOLING,NONE,0.0,0.0,0.0,2.03,-1.36,94493.19,67720.89,True,False,0.0136,78720.64,0.1502,1.527,1.4742
2026-08-24T17:27:09Z,HBARUSDT,COOLING,NONE,0.0,0.0,0.0,1.27,0.0,33585.7,25347.76,True,False,0.0,78720.64,0.1502,1.093,0.07866
2026-08-24T17:27:11Z,QAITUSDT,IMPULSE,NONE,0.0,0.0,0.0,31.31,0.0,1127.88,1000.87,True,False,0.0,78720.64,0.1502,0.901,0.002551
2026-08-24T17:27:13Z,ZBCNUSDT,COOLING,SELL,5.91,4.2,5.91,12.26,1.6,342.53,105.64,True,False,-0.0187,78720.64,0.1502,1.029,0.001875
2026-08-24T17:27:14Z,WUSDT,COOLING,NONE,0.0,0.0,0.0,14.73,0.0,11066.38,6500.06,True,False,0.0,78720.64,0.1502,0.935,0.009507
2026-08-24T17:29:47Z,XRPUSDT,COOLING,BUY,0.0,13.22,13.22,2.04,-0.68,92527.0,124967.41,True,False,0.0102,78683.06,-0.0477,1.044,1.4721
2026-08-24T17:29:48Z,HBARUSDT,COOLING,BUY,0.0,40.25,40.25,1.27,0.0,18361.8,10599.64,True,False,0.0,78683.06,-0.0477,0.949,0.07854
2026-08-24T17:29:51Z,QAITUSDT,IMPULSE,NONE,0.0,0.0,0.0,93.1,0.0,2599.99,877.61,True,False,0.0,78683.06,-0.0477,1.012,0.002566
2026-08-24T17:29:54Z,ZBCNUSDT,COOLING,NONE,0.0,0.0,0.0,21.38,0.0,648.96,958.67,True,False,0.0,78683.06,-0.0477,2.097,0.0018716
2026-08-24T17:29:58Z,WUSDT,COOLING,NONE,0.0,0.0,0.0,12.69,-1.06,11339.53,10529.26,True,False,0.0053,78683.06,-0.0477,1.955,0.009463
2026-08-24T17:34:09Z,XRPUSDT,COOLING,BUY,0.0,41.86,41.86,2.04,-0.0,187161.02,81458.6,True,False,0.0136,78549.99,-0.1691,0.911,1.4672
2026-08-24T17:34:51Z,HBARUSDT,COOLING,NONE,0.0,0.0,0.0,1.27,0.0,41536.24,15495.23,True,False,0.0,78549.99,-0.1691,0.899,0.07867
2026-08-24T17:34:53Z,QAITUSDT,IMPULSE,NONE,0.0,0.0,0.0,62.16,0.0,1682.89,888.2,True,False,0.0,78549.99,-0.1691,0.938,0.002566
2026-08-24T17:34:55Z,ZBCNUSDT,COOLING,BUY,0.0,78.83,78.83,21.35,0.0,97.15,1181.95,True,False,0.0,78549.99,-0.1691,0.895,0.001875
2026-08-24T17:35:36Z,WUSDT,COOLING,BUY,0.2,0.62,0.62,12.72,2.11,9187.17,7961.92,True,False,0.0743,78549.99,-0.1691,40.953,0.009436
2026-08-24T17:36:51Z,XRPUSDT,COOLING,SELL,27.61,22.98,27.61,2.71,-0.0,135654.7,55409.63,True,False,0.0271,78681.1,0.1669,0.887,1.473
2026-08-24T17:36:53Z,HBARUSDT,COOLING,SELL,15.86,0.0,15.86,1.27,-0.0,27364.87,29937.88,True,False,0.0381,78681.1,0.1669,2.004,0.07872
2026-08-24T17:36:55Z,QAITUSDT,IMPULSE,NONE,0.0,0.0,0.0,65.85,0.0,1104.78,1138.38,True,False,0.0,78681.1,0.1669,1.017,0.002573
2026-08-24T17:36:58Z,ZBCNUSDT,COOLING,SELL,25.19,14.02,25.19,23.59,0.0,189.63,1205.83,True,False,0.0,78681.1,0.1669,1.497,0.0018654
2026-08-24T17:37:00Z,WUSDT,COOLING,NONE,0.0,0.0,0.0,10.56,0.0,10817.77,5928.98,True,False,0.0,78681.1,0.1669,0.932,0.009443
2026-08-24T17:38:11Z,XRPUSDT,COOLING,NONE,0.0,0.0,0.0,2.71,-0.68,99738.99,84419.04,True,False,0.0034,78754.25,0.093,0.99,1.4739
2026-08-24T17:38:13Z,HBARUSDT,COOLING,NONE,0.0,0.0,0.0,1.27,0.0,31029.22,12802.81,True,False,-0.0127,78754.25,0.093,0.998,0.0788
2026-08-24T17:38:15Z,QAITUSDT,IMPULSE,NONE,0.0,0.0,0.0,62.16,0.0,936.55,1198.59,True,False,0.0,78754.25,0.093,1.067,0.002566
2026-08-24T17:38:17Z,ZBCNUSDT,COOLING,SELL,28.13,0.0,28.13,12.37,-1.07,226.66,89.1,True,False,-0.0054,78754.25,0.093,1.035,0.0018599
2026-08-24T17:38:19Z,WUSDT,COOLING,NONE,0.0,0.0,0.0,9.5,0.0,10124.67,8203.03,True,False,0.0,78754.25,0.093,0.96,0.00947
