ts,pair,regime,asp_side,drop_bid_pct_per_s,drop_ask_pct_per_s,max_drop_pct_per_s,spread_bps,spread_delta_bps,wall_bid_usdt,wall_ask_usdt,notional_ok,spoof,price_delta_pct,btc_price,btc_delta_pct,delay_s,price
2026-08-23T07:13:57Z,HBARUSDT,COOLING,NONE,0.0,0.0,0.0,1.31,0.0,25241.81,34167.03,True,False,0.0,76309.64,0.0,0.988,0.0766
2026-08-23T07:14:00Z,QAITUSDT,COOLING,NONE,0.0,0.0,0.0,67.85,0.0,1290.18,1120.98,True,False,0.0,76309.64,0.0,2.052,0.002497
2026-08-23T07:14:02Z,REDUSDT,IMPULSE,NONE,0.0,0.0,0.0,21.43,11.61,3544.76,2026.39,True,False,-0.058,76309.64,0.0,1.201,0.11203
2026-08-23T07:14:04Z,CCUSDT,COOLING,NONE,0.0,0.0,0.0,9.6,0.0,1784.12,1698.45,True,False,0.0,76309.64,0.0,0.988,0.11457
2026-08-23T07:14:07Z,TELUSDT,IMPULSE,NONE,0.0,0.0,0.0,29.01,0.0,1986.61,2675.54,True,False,0.0,76309.64,0.0,1.003,0.001724
2026-08-23T07:15:05Z,HBARUSDT,COOLING,SELL,18.0,0.0,18.0,2.61,-0.0,25517.23,11683.77,True,True,0.0261,76295.08,-0.0191,1.071,0.07665
2026-08-23T07:15:12Z,QAITUSDT,COOLING,NONE,0.0,0.0,0.0,67.85,0.0,1290.18,1120.98,True,False,0.0,76295.08,-0.0191,3.995,0.002497
2026-08-23T07:15:15Z,REDUSDT,IMPULSE,NONE,0.0,0.0,0.0,12.55,0.0,2472.78,1240.55,True,False,0.0,76295.08,-0.0191,1.004,0.1116
2026-08-23T07:15:18Z,CCUSDT,COOLING,NONE,0.0,0.0,0.0,7.86,0.0,1565.29,1538.59,True,False,0.0,76295.08,-0.0191,1.472,0.11454
2026-08-23T07:15:20Z,TELUSDT,IMPULSE,NONE,0.0,0.0,0.0,29.01,0.0,1986.61,2675.54,True,False,0.0,76295.08,-0.0191,1.494,0.001723
2026-08-23T07:16:08Z,HBARUSDT,COOLING,SELL,5.47,0.57,5.47,1.3,-1.3,25433.56,22851.83,True,False,0.0456,76323.47,0.0372,11.052,0.07669
2026-08-23T07:16:12Z,QAITUSDT,COOLING,NONE,0.0,0.0,0.0,67.85,0.0,1290.18,1120.98,True,False,0.0,76323.47,0.0372,1.405,0.002497
2026-08-23T07:16:17Z,REDUSDT,IMPULSE,NONE,0.0,0.0,0.0,14.36,0.0,2319.67,2118.84,True,False,0.0,76323.47,0.0372,1.259,0.11143
2026-08-23T07:16:19Z,CCUSDT,COOLING,NONE,0.0,0.0,0.0,9.6,0.0,1532.69,1617.45,True,False,0.0,76323.47,0.0372,1.115,0.11454
2026-08-23T07:16:22Z,TELUSDT,IMPULSE,NONE,0.0,0.0,0.0,29.01,0.0,1986.61,2675.54,True,False,0.0,76323.47,0.0372,1.048,0.001725
2026-08-23T07:17:17Z,HBARUSDT,COOLING,NONE,0.0,0.0,0.0,1.3,0.0,23195.08,29236.48,True,False,0.0,76333.1,0.0126,1.021,0.07675
2026-08-23T07:17:19Z,QAITUSDT,COOLING,NONE,0.0,0.0,0.0,67.85,0.0,1290.18,1120.98,True,False,0.0,76333.1,0.0126,1.007,0.002497
2026-08-23T07:17:21Z,REDUSDT,IMPULSE,NONE,0.0,0.0,0.0,19.84,0.0,3525.68,1394.64,True,False,0.0,76333.1,0.0126,0.939,0.11135
2026-08-23T07:17:24Z,CCUSDT,COOLING,NONE,0.0,0.0,0.0,9.6,0.0,1667.57,1539.53,True,False,0.0,76333.1,0.0126,2.723,0.1146
2026-08-23T07:17:29Z,TELUSDT,IMPULSE,NONE,0.0,0.0,0.0,23.2,0.0,3167.91,2687.48,True,False,0.0,76333.1,0.0126,2.123,0.001723
2026-08-23T07:18:04Z,HBARUSDT,COOLING,SELL,47.52,0.0,47.52,1.3,-0.0,21279.4,30808.77,True,True,0.013,76328.97,-0.0054,1.051,0.07673
2026-08-23T07:18:06Z,QAITUSDT,COOLING,NONE,0.0,0.0,0.0,67.85,0.0,1290.18,1120.98,True,False,0.0,76328.97,-0.0054,1.068,0.002497
2026-08-23T07:18:09Z,REDUSDT,IMPULSE,SELL,3.15,0.0,3.15,11.72,0.0,3636.53,1966.51,True,False,0.0,76328.97,-0.0054,0.967,0.11117
2026-08-23T07:18:11Z,CCUSDT,COOLING,NONE,0.0,0.0,0.0,5.23,0.0,1535.38,1617.45,True,False,0.0,76328.97,-0.0054,0.926,0.11459
2026-08-23T07:18:14Z,TELUSDT,IMPULSE,SELL,24.73,0.0,24.73,40.64,0.0,2581.23,2670.18,True,False,0.0,76328.97,-0.0054,0.931,0.001722
2026-08-23T07:18:49Z,HBARUSDT,COOLING,NONE,0.0,0.0,0.0,1.3,0.0,23275.86,31485.34,True,False,0.0,76328.96,-0.0,0.96,0.07674
2026-08-23T07:18:52Z,QAITUSDT,COOLING,NONE,0.0,0.0,0.0,67.85,0.0,1290.18,1120.98,True,False,0.0,76328.96,-0.0,0.996,0.002497
2026-08-23T07:18:54Z,REDUSDT,IMPULSE,NONE,0.0,0.0,0.0,13.51,0.0,2343.1,1966.71,True,False,0.0,76328.96,-0.0,1.051,0.11095
2026-08-23T07:18:59Z,CCUSDT,COOLING,NONE,0.0,0.0,0.0,9.58,0.0,1537.51,1543.99,True,False,-0.0087,76328.96,-0.0,2.12,0.11468
2026-08-23T07:19:01Z,TELUSDT,IMPULSE,NONE,0.0,0.0,0.0,34.82,0.0,2096.98,2670.18,True,False,0.0,76328.96,-0.0,1.213,0.001722
2026-08-23T07:20:01Z,HBARUSDT,COOLING,BUY,0.0,13.93,13.93,1.3,0.0,20925.33,29249.66,True,False,-0.013,76333.09,0.0054,2.506,0.07675
2026-08-23T07:20:04Z,QAITUSDT,COOLING,NONE,0.0,0.0,0.0,67.85,0.0,1290.18,1120.98,True,False,0.0,76333.09,0.0054,2.095,0.002497
2026-08-23T07:20:07Z,REDUSDT,IMPULSE,NONE,0.0,0.0,0.0,13.51,0.0,3877.44,2073.15,True,False,0.0,76333.09,0.0054,1.034,0.11105
2026-08-23T07:20:10Z,CCUSDT,COOLING,NONE,0.0,0.0,0.0,6.1,0.0,2007.75,1543.02,True,False,0.0,76333.09,0.0054,1.189,0.11481
2026-08-23T07:20:12Z,TELUSDT,IMPULSE,NONE,0.0,0.0,0.0,34.82,0.0,2137.87,2670.18,True,False,0.0,76333.09,0.0054,0.942,0.001722
2026-08-23T07:20:44Z,HBARUSDT,COOLING,NONE,0.0,0.0,0.0,1.3,0.0,21486.89,20871.3,True,False,0.0,76313.89,-0.0252,1.095,0.07671
2026-08-23T07:20:46Z,QAITUSDT,COOLING,NONE,0.0,0.0,0.0,67.85,0.0,1290.18,1120.98,True,False,0.0,76313.89,-0.0252,1.036,0.002497
2026-08-23T07:20:49Z,REDUSDT,IMPULSE,NONE,0.0,0.0,0.0,11.72,-9.9,3877.44,1966.71,True,False,-0.0495,76313.89,-0.0252,1.13,0.11104
2026-08-23T07:20:52Z,CCUSDT,COOLING,NONE,0.0,0.0,0.0,7.84,0.0,1535.48,1621.28,True,False,0.0,76313.89,-0.0252,2.136,0.11467
2026-08-23T07:20:54Z,TELUSDT,IMPULSE,NONE,0.0,0.0,0.0,34.82,0.0,2294.56,2670.18,True,False,0.0,76313.89,-0.0252,0.997,0.001722
2026-08-23T07:21:26Z,HBARUSDT,COOLING,SELL,2.38,0.0,2.38,1.3,0.0,21874.88,31192.58,True,False,0.0,76250.0,-0.0837,1.046,0.07666
2026-08-23T07:21:29Z,QAITUSDT,COOLING,NONE,0.0,0.0,0.0,67.85,0.0,1290.18,1120.98,True,False,0.0,76250.0,-0.0837,2.249,0.002497
2026-08-23T07:21:32Z,REDUSDT,IMPULSE,NONE,0.0,0.0,0.0,11.72,0.0,2008.93,1266.82,True,False,0.0,76250.0,-0.0837,1.033,0.11095
2026-08-23T07:21:35Z,CCUSDT,COOLING,NONE,0.0,0.0,0.0,9.59,-0.87,1760.15,1682.0,True,False,-0.0044,76250.0,-0.0837,1.114,0.11473
2026-08-23T07:21:37Z,TELUSDT,IMPULSE,NONE,0.0,0.0,0.0,34.82,0.0,1986.63,2670.18,True,False,0.0,76250.0,-0.0837,0.969,0.001724
2026-08-23T07:22:33Z,HBARUSDT,COOLING,NONE,0.0,0.0,0.0,1.3,0.0,11675.83,30487.68,True,False,0.0,76263.86,0.0182,1.079,0.07668
2026-08-23T07:22:36Z,QAITUSDT,COOLING,NONE,0.0,0.0,0.0,67.85,0.0,1290.18,1120.98,True,False,0.0,76263.86,0.0182,1.028,0.002497
2026-08-23T07:22:38Z,REDUSDT,IMPULSE,NONE,0.0,0.0,0.0,11.72,0.0,3877.44,1330.89,True,False,0.0,76263.86,0.0182,0.945,0.11094
2026-08-23T07:22:40Z,CCUSDT,COOLING,NONE,0.0,0.0,0.0,8.73,0.0,1533.63,1537.78,True,False,0.0,76263.86,0.0182,1.024,0.11457
2026-08-23T07:22:43Z,TELUSDT,IMPULSE,NONE,0.0,0.0,0.0,34.82,0.0,2033.13,490.19,True,False,0.0,76263.86,0.0182,1.526,0.001724
2026-08-23T07:23:16Z,HBARUSDT,COOLING,NONE,0.0,0.0,0.0,1.3,0.0,21434.84,43695.24,True,False,0.0,76247.73,-0.0212,2.038,0.07668
2026-08-23T07:23:21Z,QAITUSDT,COOLING,NONE,0.0,0.0,0.0,67.85,0.0,1290.18,1120.98,True,False,0.0,76247.73,-0.0212,1.016,0.002497
2026-08-23T07:23:24Z,REDUSDT,IMPULSE,NONE,0.0,0.0,0.0,13.51,0.0,1756.01,1266.82,True,False,0.0,76247.73,-0.0212,1.006,0.11097
2026-08-23T07:23:26Z,CCUSDT,COOLING,NONE,0.0,0.0,0.0,9.61,0.0,1854.18,2114.15,True,False,0.0,76247.73,-0.0212,1.279,0.11455
2026-08-23T07:23:28Z,TELUSDT,IMPULSE,SELL,3.96,0.0,3.96,34.82,0.0,2085.06,490.19,True,False,0.0,76247.73,-0.0212,1.191,0.001722
2026-08-23T07:24:05Z,HBARUSDT,COOLING,NONE,0.0,0.0,0.0,1.3,0.0,20889.74,44118.13,True,False,0.0,76252.98,0.0069,1.111,0.07665
2026-08-23T07:24:07Z,QAITUSDT,COOLING,NONE,0.0,0.0,0.0,67.85,0.0,1290.18,1120.98,True,False,0.0,76252.98,0.0069,1.469,0.002497
2026-08-23T07:24:10Z,REDUSDT,IMPULSE,NONE,0.0,0.0,0.0,19.8,0.0,1957.54,1266.82,True,False,0.0,76252.98,0.0069,1.6,0.11103
2026-08-23T07:24:12Z,CCUSDT,COOLING,NONE,0.0,0.0,0.0,9.6,0.87,1580.92,1569.76,True,False,0.0131,76252.98,0.0069,1.096,0.11454
2026-08-23T07:24:14Z,TELUSDT,IMPULSE,NONE,0.0,0.0,0.0,34.82,0.0,5082.93,490.19,True,False,0.0,76252.98,0.0069,0.965,0.001722
2026-08-23T07:25:22Z,HBARUSDT,COOLING,NONE,0.0,0.0,0.0,1.3,0.0,9869.96,34062.08,True,False,0.0,76240.0,-0.017,0.938,0.07667
2026-08-23T07:25:24Z,QAITUSDT,COOLING,NONE,0.0,0.0,0.0,67.85,0.0,1290.18,1120.98,True,False,0.0,76240.0,-0.017,1.008,0.002497
2026-08-23T07:25:27Z,REDUSDT,IMPULSE,NONE,0.0,0.0,0.0,11.67,0.0,2154.63,1874.54,True,False,0.0,76240.0,-0.017,1.019,0.11121
2026-08-23T07:25:29Z,CCUSDT,COOLING,NONE,0.0,0.0,0.0,7.86,-1.75,1534.14,1776.67,True,False,0.0087,76240.0,-0.017,0.981,0.11454
2026-08-23T07:25:31Z,TELUSDT,IMPULSE,NONE,0.0,0.0,0.0,34.82,0.0,2069.63,558.35,True,False,0.0,76240.0,-0.017,1.549,0.001722
2026-08-23T07:26:06Z,HBARUSDT,COOLING,NONE,0.0,0.0,0.0,1.3,0.0,21098.09,26204.56,True,False,0.0,76269.76,0.039,2.544,0.07668
2026-08-23T07:26:10Z,QAITUSDT,COOLING,NONE,0.0,0.0,0.0,67.85,0.0,1290.18,1120.98,True,False,0.0,76269.76,0.039,2.107,0.002497
2026-08-23T07:26:13Z,REDUSDT,IMPULSE,NONE,0.0,0.0,0.0,11.67,0.0,2154.63,1878.62,True,False,0.0,76269.76,0.039,1.245,0.1113
2026-08-23T07:26:17Z,CCUSDT,COOLING,NONE,0.0,0.0,0.0,9.6,0.0,1534.13,1540.0,True,False,0.0,76269.76,0.039,2.991,0.11459
2026-08-23T07:26:20Z,TELUSDT,IMPULSE,NONE,0.0,0.0,0.0,34.82,0.0,4663.58,589.2,True,False,0.0,76269.76,0.039,1.997,0.001722
2026-08-23T07:26:56Z,HBARUSDT,COOLING,NONE,0.0,0.0,0.0,1.3,0.0,22346.24,33801.96,True,False,0.0,76246.26,-0.0308,0.968,0.07675
2026-08-23T07:26:58Z,QAITUSDT,COOLING,NONE,0.0,0.0,0.0,67.85,0.0,1290.18,1120.98,True,False,0.0,76246.26,-0.0308,1.003,0.002497
2026-08-23T07:27:00Z,REDUSDT,IMPULSE,NONE,0.0,0.0,0.0,11.7,0.0,1977.5,1878.62,True,False,0.0,76246.26,-0.0308,1.552,0.11129
2026-08-23T07:27:02Z,CCUSDT,COOLING,NONE,0.0,0.0,0.0,6.11,0.0,1532.83,852.85,True,False,0.0,76246.26,-0.0308,1.155,0.11458
2026-08-23T07:27:05Z,TELUSDT,IMPULSE,SELL,77.91,0.0,77.91,34.82,0.0,4787.05,589.2,True,True,0.0,76246.26,-0.0308,1.114,0.001722
2026-08-23T07:28:12Z,HBARUSDT,COOLING,NONE,0.0,0.0,0.0,1.3,0.0,22270.56,16656.82,True,False,0.0,76240.0,-0.0082,0.933,0.07669
2026-08-23T07:28:14Z,QAITUSDT,COOLING,NONE,0.0,0.0,0.0,67.85,0.0,1290.18,1120.98,True,False,0.0,76240.0,-0.0082,0.948,0.002497
2026-08-23T07:28:17Z,REDUSDT,IMPULSE,NONE,0.0,0.0,0.0,11.7,0.0,1911.9,1512.41,True,False,0.0,76240.0,-0.0082,1.019,0.11116
2026-08-23T07:28:21Z,CCUSDT,COOLING,NONE,0.0,0.0,0.0,7.86,0.0,1532.83,1569.12,True,False,0.0,76240.0,-0.0082,2.055,0.11449
2026-08-23T07:28:23Z,TELUSDT,IMPULSE,NONE,0.0,0.0,0.0,34.82,0.0,633.47,1017.9,True,False,0.0,76240.0,-0.0082,1.012,0.001723
2026-08-23T07:28:55Z,HBARUSDT,COOLING,SELL,52.87,0.0,52.87,1.3,-0.0,18490.68,36782.94,True,False,0.013,76238.3,-0.0022,0.981,0.07669
2026-08-23T07:28:57Z,QAITUSDT,COOLING,NONE,0.0,0.0,0.0,67.85,0.0,1290.18,1120.98,True,False,0.0,76238.3,-0.0022,0.992,0.002497
2026-08-23T07:28:59Z,REDUSDT,IMPULSE,NONE,0.0,0.0,0.0,11.7,0.0,1911.9,1512.41,True,False,0.0,76238.3,-0.0022,1.014,0.11115
2026-08-23T07:29:00Z,CCUSDT,COOLING,NONE,0.0,0.0,0.0,2.62,0.0,1611.68,1537.25,True,False,0.0,76238.3,-0.0022,0.952,0.11445
2026-08-23T07:29:03Z,TELUSDT,IMPULSE,NONE,0.0,0.0,0.0,34.82,0.0,2616.73,1017.9,True,False,0.0,76238.3,-0.0022,1.078,0.001723
2026-08-23T07:29:37Z,HBARUSDT,COOLING,NONE,0.0,0.0,0.0,1.3,0.0,10431.0,44333.44,True,False,0.0,76252.46,0.0186,3.982,0.07671
2026-08-23T07:29:40Z,QAITUSDT,COOLING,NONE,0.0,0.0,0.0,67.85,0.0,1290.18,1120.98,True,False,0.0,76252.46,0.0186,1.017,0.002497
2026-08-23T07:29:42Z,REDUSDT,IMPULSE,NONE,0.0,0.0,0.0,11.7,0.0,1911.9,1512.41,True,False,0.0,76252.46,0.0186,1.145,0.11115
2026-08-23T07:29:45Z,CCUSDT,COOLING,NONE,0.0,0.0,0.0,7.86,0.0,1611.68,1537.25,True,False,0.0,76252.46,0.0186,1.001,0.11451
2026-08-23T07:29:48Z,TELUSDT,IMPULSE,NONE,0.0,0.0,0.0,34.82,0.0,626.98,992.71,True,False,0.0,76252.46,0.0186,0.985,0.001723
2026-08-23T07:30:51Z,HBARUSDT,COOLING,NONE,0.0,0.0,0.0,1.3,0.0,10574.42,17615.89,True,False,0.0,76224.65,-0.0365,1.016,0.07669
2026-08-23T07:30:53Z,QAITUSDT,COOLING,NONE,0.0,0.0,0.0,67.85,0.0,1290.18,1120.98,True,False,0.0,76224.65,-0.0365,1.016,0.002497
2026-08-23T07:30:55Z,REDUSDT,IMPULSE,NONE,0.0,0.0,0.0,11.7,0.0,1911.9,1512.41,True,False,0.0,76224.65,-0.0365,0.973,0.11113
2026-08-23T07:30:57Z,CCUSDT,COOLING,NONE,0.0,0.0,0.0,7.86,0.0,1621.16,1537.25,True,False,0.0,76224.65,-0.0365,0.963,0.11448
2026-08-23T07:30:58Z,TELUSDT,IMPULSE,NONE,0.0,0.0,0.0,34.82,0.0,2616.73,992.71,True,False,0.0,76224.65,-0.0365,0.954,0.001722
2026-08-23T07:31:36Z,HBARUSDT,COOLING,NONE,0.0,0.0,0.0,1.31,0.0,9066.49,27428.73,True,False,0.0,76180.93,-0.0574,1.239,0.07663
2026-08-23T07:31:38Z,QAITUSDT,COOLING,NONE,0.0,0.0,0.0,67.85,0.0,1290.18,1120.98,True,False,0.0,76180.93,-0.0574,1.073,0.002497
2026-08-23T07:31:41Z,REDUSDT,IMPULSE,NONE,0.0,0.0,0.0,11.7,0.0,1871.99,1156.08,True,False,0.0,76180.93,-0.0574,1.034,0.11115
2026-08-23T07:31:43Z,CCUSDT,COOLING,NONE,0.0,0.0,0.0,1.75,0.0,1532.83,1536.04,True,False,0.0,76180.93,-0.0574,1.146,0.11447
2026-08-23T07:31:46Z,TELUSDT,IMPULSE,NONE,0.0,0.0,0.0,40.64,0.0,3440.73,992.71,True,False,0.0,76180.93,-0.0574,2.158,0.001718
2026-08-23T07:32:21Z,HBARUSDT,COOLING,SELL,2.95,0.0,2.95,1.31,0.0,37919.49,27167.03,True,False,0.0,76183.86,0.0038,1.126,0.0765
2026-08-23T07:32:23Z,QAITUSDT,COOLING,NONE,0.0,0.0,0.0,67.85,0.0,1290.18,1120.98,True,False,0.0,76183.86,0.0038,1.088,0.002497
2026-08-23T07:32:26Z,REDUSDT,IMPULSE,NONE,0.0,0.0,0.0,13.51,0.0,2176.64,1929.65,True,False,0.0,76183.86,0.0038,1.358,0.11109
2026-08-23T07:32:30Z,CCUSDT,COOLING,NONE,0.0,0.0,0.0,7.86,0.0,1532.83,1538.85,True,False,0.0,76183.86,0.0038,1.07,0.11447
2026-08-23T07:32:32Z,TELUSDT,IMPULSE,NONE,0.0,0.0,0.0,34.82,0.0,2862.6,992.71,True,False,0.0,76183.86,0.0038,1.005,0.001724
2026-08-23T07:33:34Z,HBARUSDT,COOLING,SELL,2.09,0.0,2.09,1.31,0.0,28799.53,9831.33,True,False,0.0,76190.64,0.0089,1.427,0.07655
2026-08-23T07:33:36Z,QAITUSDT,COOLING,NONE,0.0,0.0,0.0,67.85,0.0,1290.18,1120.98,True,False,0.0,76190.64,0.0089,1.109,0.002497
2026-08-23T07:33:39Z,REDUSDT,IMPULSE,NONE,0.0,0.0,0.0,11.72,0.0,3877.44,2314.82,True,False,0.0,76190.64,0.0089,1.088,0.11094
2026-08-23T07:33:41Z,CCUSDT,COOLING,NONE,0.0,0.0,0.0,4.37,0.0,2190.79,1614.64,True,False,0.0,76190.64,0.0089,1.623,0.11442
2026-08-23T07:33:44Z,TELUSDT,IMPULSE,SELL,62.87,0.0,62.87,34.82,0.0,2862.6,992.71,True,True,0.0,76190.64,0.0089,1.247,0.001722
2026-08-23T07:34:24Z,HBARUSDT,COOLING,NONE,0.0,0.0,0.0,1.31,0.0,10181.79,11905.78,True,False,0.0,76150.0,-0.0533,1.606,0.07651
2026-08-23T07:34:27Z,QAITUSDT,COOLING,NONE,0.0,0.0,0.0,67.85,0.0,1290.18,1120.98,True,False,0.0,76150.0,-0.0533,2.251,0.002497
2026-08-23T07:34:31Z,REDUSDT,IMPULSE,NONE,0.0,0.0,0.0,11.72,0.0,3877.44,1746.14,True,False,0.0,76150.0,-0.0533,1.764,0.11099
2026-08-23T07:34:33Z,CCUSDT,COOLING,NONE,0.0,0.0,0.0,7.87,0.87,1531.75,1536.89,True,False,-0.0044,76150.0,-0.0533,0.97,0.11442
2026-08-23T07:34:35Z,TELUSDT,IMPULSE,NONE,0.0,0.0,0.0,34.82,0.0,2862.6,992.71,True,False,0.0,76150.0,-0.0533,0.967,0.001722
2026-08-23T07:35:05Z,HBARUSDT,COOLING,BUY,0.0,34.92,34.92,1.31,0.0,23419.05,11905.78,True,True,0.0,76100.0,-0.0657,1.374,0.07651
2026-08-23T07:35:08Z,QAITUSDT,COOLING,NONE,0.0,0.0,0.0,67.85,0.0,1290.18,1120.98,True,False,0.0,76100.0,-0.0657,2.19,0.002497
2026-08-23T07:35:11Z,REDUSDT,IMPULSE,NONE,0.0,0.0,0.0,11.72,0.0,3877.44,1649.86,True,False,0.0,76100.0,-0.0657,1.233,0.11113
2026-08-23T07:35:13Z,CCUSDT,COOLING,NONE,0.0,0.0,0.0,6.13,-1.75,3081.7,1532.96,True,False,-0.0088,76100.0,-0.0657,1.12,0.11415
2026-08-23T07:35:16Z,TELUSDT,IMPULSE,BUY,0.0,67.39,67.39,34.82,0.0,2862.6,2713.27,True,False,0.0,76100.0,-0.0657,1.119,0.001722
2026-08-23T07:36:20Z,HBARUSDT,COOLING,NONE,0.0,0.0,0.0,1.31,0.0,41541.29,26268.62,True,False,0.0,76122.0,0.0289,1.356,0.07652
2026-08-23T07:36:23Z,QAITUSDT,COOLING,NONE,0.0,0.0,0.0,8.01,0.0,1282.91,1017.47,True,False,0.0,76122.0,0.0289,1.164,0.002497
2026-08-23T07:36:25Z,REDUSDT,IMPULSE,NONE,0.0,0.0,0.0,11.72,0.0,2288.93,1553.67,True,False,0.0,76122.0,0.0289,1.135,0.11099
2026-08-23T07:36:29Z,CCUSDT,COOLING,SELL,21.2,0.0,21.2,4.37,-1.75,2087.95,1579.65,True,False,-0.0087,76122.0,0.0289,1.262,0.11433
2026-08-23T07:36:33Z,KITEUSDT,COOLING,NONE,0.0,0.0,0.0,13.34,0.0,19811.09,8276.62,True,False,0.0,76122.0,0.0289,1.2,0.10529
2026-08-23T07:37:15Z,HBARUSDT,COOLING,NONE,0.0,0.0,0.0,1.31,0.0,24471.29,10345.96,True,False,-0.0261,76111.15,-0.0143,1.045,0.07652
2026-08-23T07:37:17Z,QAITUSDT,COOLING,NONE,0.0,0.0,0.0,8.01,0.0,1246.7,1001.18,True,False,0.0,76111.15,-0.0143,1.008,0.002497
2026-08-23T07:37:19Z,REDUSDT,IMPULSE,NONE,0.0,0.0,0.0,11.72,0.0,2288.93,1553.67,True,False,0.0,76111.15,-0.0143,1.025,0.11094
2026-08-23T07:37:21Z,CCUSDT,COOLING,NONE,0.0,0.0,0.0,5.25,0.0,1985.27,1534.03,True,False,0.0,76111.15,-0.0143,1.03,0.11427
2026-08-23T07:37:23Z,KITEUSDT,COOLING,NONE,0.0,0.0,0.0,26.72,0.0,3775.18,6261.49,True,False,0.0,76111.15,-0.0143,1.364,0.105
2026-08-23T07:37:59Z,HBARUSDT,COOLING,NONE,0.0,0.0,0.0,1.31,0.0,19205.58,32255.4,True,False,0.0,76111.14,-0.0,2.113,0.0765
2026-08-23T07:38:01Z,QAITUSDT,COOLING,NONE,0.0,0.0,0.0,8.01,0.0,1218.07,1001.18,True,False,0.0,76111.14,-0.0,1.036,0.002497
2026-08-23T07:38:04Z,REDUSDT,IMPULSE,NONE,0.0,0.0,0.0,11.72,0.0,3877.44,1553.67,True,False,0.0,76111.14,-0.0,1.141,0.11096
2026-08-23T07:38:06Z,CCUSDT,COOLING,NONE,0.0,0.0,0.0,7.88,0.0,3431.29,1534.7,True,False,0.0,76111.14,-0.0,1.043,0.11435
2026-08-23T07:38:10Z,KITEUSDT,COOLING,NONE,0.0,0.0,0.0,24.87,0.0,2931.14,19632.9,True,False,0.0,76111.14,-0.0,2.116,0.1048
2026-08-23T07:39:11Z,HBARUSDT,COOLING,NONE,0.0,0.0,0.0,1.31,0.0,35691.37,25703.45,True,False,0.0,76083.19,-0.0367,1.057,0.07649
2026-08-23T07:39:14Z,QAITUSDT,COOLING,NONE,0.0,0.0,0.0,8.01,0.0,1208.91,1001.18,True,False,0.0,76083.19,-0.0367,1.129,0.002497
2026-08-23T07:39:17Z,REDUSDT,IMPULSE,NONE,0.0,0.0,0.0,11.72,0.0,2616.03,950.83,True,False,0.0,76083.19,-0.0367,1.154,0.11094
2026-08-23T07:39:19Z,CCUSDT,COOLING,NONE,0.0,0.0,0.0,7.0,0.88,2003.16,1613.65,True,False,-0.0044,76083.19,-0.0367,1.113,0.11428
2026-08-23T07:39:22Z,KITEUSDT,COOLING,NONE,0.0,0.0,0.0,24.94,0.0,3113.51,4618.37,True,False,0.0,76083.19,-0.0367,1.067,0.10434
2026-08-23T07:39:55Z,HBARUSDT,COOLING,NONE,0.0,0.0,0.0,1.3,-1.3,10614.83,47246.8,True,False,0.0065,76111.13,0.0367,2.035,0.07664
2026-08-23T07:39:57Z,QAITUSDT,COOLING,NONE,0.0,0.0,0.0,8.01,0.0,1208.91,1001.18,True,False,0.0,76111.13,0.0367,1.12,0.002497
2026-08-23T07:40:02Z,REDUSDT,IMPULSE,NONE,0.0,0.0,0.0,13.51,0.0,1518.91,1097.56,True,False,0.0,76111.13,0.0367,2.123,0.111
2026-08-23T07:40:04Z,CCUSDT,COOLING,NONE,0.0,0.0,0.0,7.01,0.0,1905.15,1827.83,True,False,0.0,76111.13,0.0367,1.149,0.11429
2026-08-23T07:40:06Z,KITEUSDT,COOLING,NONE,0.0,0.0,0.0,23.98,0.0,3373.71,4471.96,True,False,0.0,76111.13,0.0367,1.25,0.1043
2026-08-23T07:40:43Z,HBARUSDT,COOLING,SELL,64.39,55.28,64.39,1.31,0.0,32649.43,22184.76,True,False,0.0,76111.07,-0.0001,1.016,0.07661
2026-08-23T07:40:47Z,QAITUSDT,COOLING,NONE,0.0,0.0,0.0,8.01,0.0,1189.9,1001.18,True,False,0.0,76111.07,-0.0001,2.298,0.002497
2026-08-23T07:40:50Z,REDUSDT,IMPULSE,NONE,0.0,0.0,0.0,13.51,0.0,1518.91,1043.98,True,False,0.0,76111.07,-0.0001,0.985,0.11105
2026-08-23T07:40:53Z,CCUSDT,COOLING,NONE,0.0,0.0,0.0,9.64,0.0,1817.74,1888.48,True,False,0.0,76111.07,-0.0001,0.991,0.11418
2026-08-23T07:40:55Z,KITEUSDT,COOLING,NONE,0.0,0.0,0.0,24.03,0.0,3341.62,5009.9,True,False,0.0,76111.07,-0.0001,1.024,0.10422
2026-08-23T07:41:54Z,HBARUSDT,COOLING,BUY,0.0,3.96,3.96,1.31,-0.0,9475.24,27325.77,True,False,0.0131,76075.01,-0.0474,1.025,0.07654
2026-08-23T07:41:56Z,QAITUSDT,COOLING,NONE,0.0,0.0,0.0,8.01,0.0,1189.9,1001.18,True,False,0.0,76075.01,-0.0474,0.948,0.002497
2026-08-23T07:41:58Z,REDUSDT,IMPULSE,NONE,0.0,0.0,0.0,13.51,0.0,2003.0,1266.51,True,False,0.0,76075.01,-0.0474,0.998,0.11106
2026-08-23T07:42:00Z,CCUSDT,COOLING,NONE,0.0,0.0,0.0,7.9,0.0,10027.47,1531.35,True,False,0.0,76075.01,-0.0474,0.953,0.114
2026-08-23T07:42:01Z,KITEUSDT,IMPULSE,SELL,27.59,0.0,27.59,27.91,-2.91,3438.19,6863.93,True,True,0.0819,76075.01,-0.0474,1.006,0.10385
2026-08-23T07:42:34Z,HBARUSDT,COOLING,NONE,0.0,0.0,0.0,1.31,0.0,24094.73,11259.01,True,False,0.0,76068.1,-0.0091,0.944,0.07655
2026-08-23T07:42:37Z,QAITUSDT,COOLING,NONE,0.0,0.0,0.0,8.01,0.0,1189.9,1001.18,True,False,0.0,76068.1,-0.0091,0.999,0.002497
2026-08-23T07:42:40Z,REDUSDT,IMPULSE,NONE,0.0,0.0,0.0,21.62,0.0,3877.44,1266.51,True,False,0.0,76068.1,-0.0091,1.496,0.11108
2026-08-23T07:42:42Z,CCUSDT,COOLING,NONE,0.0,0.0,0.0,4.38,0.0,10105.48,1533.09,True,False,0.0,76068.1,-0.0091,1.03,0.11399
2026-08-23T07:42:44Z,KITEUSDT,IMPULSE,NONE,0.0,0.0,0.0,26.92,0.0,9622.96,46008.64,True,False,0.0,76068.1,-0.0091,1.419,0.10404
2026-08-23T07:43:20Z,HBARUSDT,COOLING,SELL,0.86,0.0,0.86,1.31,0.0,31531.3,12312.52,True,False,0.0,76067.67,-0.0006,1.914,0.07652
2026-08-23T07:43:23Z,QAITUSDT,COOLING,NONE,0.0,0.0,0.0,8.01,0.0,1189.9,1001.18,True,False,0.0,76067.67,-0.0006,0.938,0.002497
2026-08-23T07:43:25Z,REDUSDT,IMPULSE,NONE,0.0,0.0,0.0,9.89,0.0,2215.45,653.54,True,False,0.0,76067.67,-0.0006,0.934,0.11124
2026-08-23T07:43:29Z,CCUSDT,COOLING,NONE,0.0,0.0,0.0,6.14,0.0,10217.56,1531.89,True,False,0.0,76067.67,-0.0006,2.048,0.11399
2026-08-23T07:43:32Z,KITEUSDT,IMPULSE,NONE,0.0,0.0,0.0,14.39,1.91,5048.13,45208.02,True,False,0.096,76067.67,-0.0006,1.987,0.10413
2026-08-23T07:44:30Z,HBARUSDT,COOLING,BUY,0.0,8.7,8.7,1.31,-0.0,10718.62,29045.3,True,False,0.0131,76049.89,-0.0234,2.053,0.07653
2026-08-23T07:44:34Z,QAITUSDT,COOLING,NONE,0.0,0.0,0.0,8.01,0.0,1189.9,1001.18,True,False,0.0,76049.89,-0.0234,1.136,0.002497
2026-08-23T07:44:37Z,REDUSDT,IMPULSE,NONE,0.0,0.0,0.0,11.66,0.0,1811.53,1695.56,True,False,0.0,76049.89,-0.0234,1.071,0.11126
2026-08-23T07:44:39Z,CCUSDT,COOLING,SELL,61.12,4.58,61.12,5.27,0.0,2418.11,1607.59,True,False,0.0,76049.89,-0.0234,1.067,0.11387
2026-08-23T07:44:41Z,KITEUSDT,IMPULSE,NONE,0.0,0.0,0.0,24.13,0.0,3788.92,21024.35,True,False,0.0,76049.89,-0.0234,1.324,0.1036
2026-08-23T07:45:18Z,HBARUSDT,COOLING,NONE,0.0,0.0,0.0,1.31,0.0,17613.3,28193.57,True,False,0.0,76056.74,0.009,1.197,0.0765
2026-08-23T07:45:21Z,QAITUSDT,COOLING,NONE,0.0,0.0,0.0,8.01,0.0,1189.9,1001.18,True,False,0.0,76056.74,0.009,1.145,0.002497
2026-08-23T07:45:23Z,REDUSDT,IMPULSE,BUY,0.0,27.66,27.66,11.63,-8.06,2912.76,1023.24,True,False,0.0403,76056.74,0.009,1.101,0.11148
2026-08-23T07:45:27Z,CCUSDT,COOLING,NONE,0.0,0.0,0.0,7.9,-1.76,1600.83,1608.15,True,False,-0.0088,76056.74,0.009,2.11,0.11391
2026-08-23T07:45:31Z,KITEUSDT,IMPULSE,NONE,0.0,0.0,0.0,18.35,-0.97,17055.86,34504.69,True,False,0.0048,76056.74,0.009,2.022,0.10345
2026-08-23T07:46:05Z,HBARUSDT,COOLING,SELL,25.59,2.13,25.59,1.31,0.0,27145.33,27487.35,True,False,-0.0131,76056.06,-0.0009,1.581,0.07658
2026-08-23T07:46:08Z,QAITUSDT,COOLING,NONE,0.0,0.0,0.0,8.01,0.0,1189.9,1001.18,True,False,0.0,76056.06,-0.0009,1.176,0.002497
2026-08-23T07:46:12Z,REDUSDT,IMPULSE,BUY,0.0,1.85,1.85,11.67,0.0,1894.17,1631.55,True,False,0.0,76056.06,-0.0009,2.089,0.11157
2026-08-23T07:46:15Z,CCUSDT,COOLING,NONE,0.0,0.0,0.0,7.91,0.0,1947.74,1528.67,True,False,0.0,76056.06,-0.0009,1.058,0.11379
2026-08-23T07:46:17Z,KITEUSDT,IMPULSE,NONE,0.0,0.0,0.0,25.22,0.0,10723.18,4857.01,True,False,0.0,76056.06,-0.0009,0.925,0.10355
2026-08-23T07:47:20Z,HBARUSDT,COOLING,SELL,73.04,0.0,73.04,1.31,0.0,39519.9,30087.88,True,False,0.0,76062.76,0.0088,1.011,0.07646
2026-08-23T07:47:23Z,QAITUSDT,COOLING,NONE,0.0,0.0,0.0,8.01,0.0,1189.9,1001.18,True,False,0.0,76062.76,0.0088,2.193,0.002497
2026-08-23T07:47:27Z,REDUSDT,IMPULSE,NONE,0.0,0.0,0.0,21.62,0.0,3185.63,1916.55,True,False,0.0,76062.76,0.0088,0.982,0.11107
2026-08-23T07:47:30Z,CCUSDT,COOLING,NONE,0.0,0.0,0.0,7.91,0.0,1758.49,1607.31,True,False,0.0,76062.76,0.0088,1.144,0.11378
2026-08-23T07:47:34Z,KITEUSDT,IMPULSE,BUY,0.0,2.31,2.31,12.6,-2.92,5043.49,46563.09,True,False,0.0825,76062.76,0.0088,1.779,0.1028
2026-08-23T07:48:13Z,HBARUSDT,COOLING,NONE,0.0,0.0,0.0,1.31,0.0,24068.99,9975.97,True,False,0.0,76062.71,-0.0001,2.098,0.07644
2026-08-23T07:48:16Z,QAITUSDT,COOLING,NONE,0.0,0.0,0.0,8.01,0.0,1189.9,1001.18,True,False,0.0,76062.71,-0.0001,1.638,0.002497
2026-08-23T07:48:19Z,REDUSDT,IMPULSE,NONE,0.0,0.0,0.0,28.84,9.0,2359.56,1864.86,True,False,0.0451,76062.71,-0.0001,1.223,0.11112
2026-08-23T07:48:21Z,CCUSDT,COOLING,NONE,0.0,0.0,0.0,7.91,0.0,2045.6,1527.73,True,False,0.0,76062.71,-0.0001,1.129,0.11377
2026-08-23T07:48:23Z,KITEUSDT,IMPULSE,NONE,0.0,0.0,0.0,24.16,0.0,19014.19,27819.22,True,False,0.0,76062.71,-0.0001,1.151,0.10331
2026-08-23T07:48:58Z,HBARUSDT,COOLING,NONE,0.0,0.0,0.0,1.31,0.0,23198.8,30207.13,True,False,0.0,76050.0,-0.0167,0.947,0.07642
2026-08-23T07:49:00Z,QAITUSDT,COOLING,NONE,0.0,0.0,0.0,8.01,0.0,1189.9,1001.18,True,False,0.0,76050.0,-0.0167,1.071,0.002497
2026-08-23T07:49:03Z,REDUSDT,IMPULSE,NONE,0.0,0.0,0.0,19.84,0.0,2359.56,1709.3,True,False,0.0,76050.0,-0.0167,1.133,0.11101
2026-08-23T07:49:06Z,CCUSDT,COOLING,NONE,0.0,0.0,0.0,6.16,0.0,1521.3,1527.47,True,False,0.0,76050.0,-0.0167,1.166,0.11377
2026-08-23T07:49:08Z,KITEUSDT,IMPULSE,BUY,0.0,0.1,0.1,14.49,-1.92,6091.4,45330.89,True,False,-0.0965,76050.0,-0.0167,1.1,0.10346
2026-08-23T07:50:10Z,HBARUSDT,COOLING,NONE,0.0,0.0,0.0,1.31,0.0,19606.23,27214.99,True,False,0.0,76108.85,0.0774,2.018,0.07648
2026-08-23T07:50:15Z,QAITUSDT,COOLING,NONE,0.0,0.0,0.0,8.01,0.0,1189.9,1001.18,True,False,0.0,76108.85,0.0774,1.052,0.002497
2026-08-23T07:50:18Z,REDUSDT,IMPULSE,NONE,0.0,0.0,0.0,11.67,0.0,3440.27,1865.35,True,False,0.0,76108.85,0.0774,1.1,0.11125
2026-08-23T07:50:22Z,CCUSDT,COOLING,BUY,0.5,1.27,1.27,7.91,-1.76,1836.51,1913.05,True,False,-0.0088,76108.85,0.0774,1.339,0.11377
2026-08-23T07:50:24Z,KITEUSDT,IMPULSE,NONE,0.0,0.0,0.0,12.53,0.0,5035.77,42409.97,True,False,0.0,76108.85,0.0774,1.49,0.10364
2026-08-23T07:51:00Z,HBARUSDT,COOLING,NONE,0.0,0.0,0.0,1.31,0.0,38587.35,26536.48,True,False,0.0,76081.0,-0.0366,2.084,0.07648
2026-08-23T07:51:04Z,QAITUSDT,COOLING,NONE,0.0,0.0,0.0,8.01,0.0,1189.9,1001.18,True,False,0.0,76081.0,-0.0366,2.075,0.002497
2026-08-23T07:51:07Z,REDUSDT,IMPULSE,NONE,0.0,0.0,0.0,11.67,0.0,2877.33,1526.4,True,False,0.0,76081.0,-0.0366,1.165,0.11137
2026-08-23T07:51:09Z,CCUSDT,COOLING,NONE,0.0,0.0,0.0,11.43,1.76,1522.55,1527.7,True,False,0.0264,76081.0,-0.0366,1.207,0.11375
2026-08-23T07:51:13Z,KITEUSDT,IMPULSE,NONE,0.0,0.0,0.0,14.44,0.0,6145.54,45476.76,True,False,0.0,76081.0,-0.0366,1.188,0.10374
2026-08-23T07:51:49Z,HBARUSDT,COOLING,SELL,16.77,3.02,16.77,2.61,1.3,15427.3,29987.41,True,False,0.0587,76122.64,0.0547,2.282,0.07666
2026-08-23T07:51:52Z,QAITUSDT,COOLING,NONE,0.0,0.0,0.0,8.01,0.0,1189.9,1001.18,True,False,0.0,76122.64,0.0547,2.26,0.002497
2026-08-23T07:51:55Z,REDUSDT,IMPULSE,NONE,0.0,0.0,0.0,11.63,0.0,2871.0,1809.7,True,False,0.0,76122.64,0.0547,1.201,0.11174
2026-08-23T07:51:59Z,CCUSDT,COOLING,NONE,0.0,0.0,0.0,6.15,-1.76,1601.11,1825.31,True,False,-0.0088,76122.64,0.0547,2.182,0.11385
2026-08-23T07:52:06Z,KITEUSDT,IMPULSE,NONE,0.0,0.0,0.0,12.51,0.0,4039.57,47162.82,True,False,0.0,76122.64,0.0547,2.83,0.10393
2026-08-23T07:53:17Z,HBARUSDT,COOLING,SELL,45.43,0.0,45.43,1.3,0.0,20462.76,22142.15,True,False,0.0,76119.5,-0.0041,1.026,0.07678
2026-08-23T07:53:19Z,QAITUSDT,COOLING,NONE,0.0,0.0,0.0,8.01,0.0,1244.86,1001.18,True,False,0.0,76119.5,-0.0041,1.082,0.002497
2026-08-23T07:53:22Z,REDUSDT,IMPULSE,NONE,0.0,0.0,0.0,14.3,0.0,3166.22,1285.06,True,False,0.0,76119.5,-0.0041,2.127,0.1118
2026-08-23T07:53:24Z,CCUSDT,COOLING,NONE,0.0,0.0,0.0,7.89,0.0,1524.92,1532.69,True,False,0.0,76119.5,-0.0041,1.115,0.11394
2026-08-23T07:53:27Z,KITEUSDT,IMPULSE,BUY,0.0,85.03,85.03,14.39,0.0,5529.82,44601.97,True,True,0.0,76119.5,-0.0041,1.07,0.10406
2026-08-23T07:54:01Z,HBARUSDT,COOLING,SELL,9.22,0.0,9.22,1.3,-0.0,22517.7,12344.01,True,False,0.013,76119.5,0.0,1.083,0.07677
2026-08-23T07:54:04Z,QAITUSDT,COOLING,NONE,0.0,0.0,0.0,8.01,0.0,932.84,1001.18,True,False,0.0,76119.5,0.0,1.102,0.002497
2026-08-23T07:54:07Z,REDUSDT,IMPULSE,NONE,0.0,0.0,0.0,9.85,0.0,3227.64,1730.46,True,False,0.0,76119.5,0.0,2.071,0.11187
2026-08-23T07:54:10Z,CCUSDT,COOLING,NONE,0.0,0.0,0.0,8.77,0.88,1524.92,1648.63,True,False,0.0132,76119.5,0.0,2.205,0.11401
2026-08-23T07:54:13Z,KITEUSDT,IMPULSE,NONE,0.0,0.0,0.0,12.46,0.0,8270.92,42047.84,True,False,0.0,76119.5,0.0,1.033,0.10426
2026-08-23T07:54:50Z,HBARUSDT,COOLING,SELL,58.93,0.0,58.93,1.3,0.0,23095.73,32530.48,True,True,-0.0391,76100.0,-0.0256,1.258,0.07678
2026-08-23T07:54:52Z,QAITUSDT,COOLING,NONE,0.0,0.0,0.0,8.01,0.0,1203.04,1001.18,True,False,0.0,76100.0,-0.0256,1.122,0.002497
2026-08-23T07:54:55Z,REDUSDT,IMPULSE,NONE,0.0,0.0,0.0,11.63,0.0,3227.64,1691.43,True,False,0.0,76100.0,-0.0256,1.218,0.11169
2026-08-23T07:54:58Z,CCUSDT,COOLING,BUY,0.0,0.04,0.04,8.77,4.39,2077.46,1848.48,True,False,-0.0482,76100.0,-0.0256,2.098,0.11402
2026-08-23T07:55:02Z,KITEUSDT,IMPULSE,NONE,0.0,0.0,0.0,14.39,0.0,16978.45,45803.41,True,False,0.0,76100.0,-0.0256,1.283,0.10425
2026-08-23T07:56:07Z,HBARUSDT,COOLING,NONE,0.0,0.0,0.0,1.31,0.0,25140.46,12476.78,True,False,-0.013,76001.96,-0.1288,2.802,0.0767
2026-08-23T07:56:09Z,QAITUSDT,COOLING,NONE,0.0,0.0,0.0,8.01,0.0,1203.04,1001.18,True,False,0.0,76001.96,-0.1288,1.159,0.002497
2026-08-23T07:56:14Z,REDUSDT,IMPULSE,NONE,0.0,0.0,0.0,11.66,0.0,2123.06,1710.62,True,False,0.0,76001.96,-0.1288,1.05,0.11179
2026-08-23T07:56:18Z,CCUSDT,COOLING,NONE,0.0,0.0,0.0,7.92,4.4,1822.65,639.85,True,False,-0.0308,76001.96,-0.1288,2.113,0.11385
2026-08-23T07:56:21Z,KITEUSDT,IMPULSE,NONE,0.0,0.0,0.0,14.39,0.0,4898.75,41852.89,True,False,0.0,76001.96,-0.1288,1.206,0.10429
2026-08-23T07:56:54Z,HBARUSDT,COOLING,NONE,0.0,0.0,0.0,1.3,0.0,19499.26,27882.2,True,False,0.0,75950.01,-0.0684,1.103,0.07659
2026-08-23T07:56:58Z,QAITUSDT,COOLING,NONE,0.0,0.0,0.0,8.01,0.0,1203.04,1001.18,True,False,0.0,75950.01,-0.0684,2.202,0.002497
2026-08-23T07:57:01Z,REDUSDT,IMPULSE,NONE,0.0,0.0,0.0,17.89,0.0,3267.15,1699.54,True,False,0.0,75950.01,-0.0684,1.092,0.11172
2026-08-23T07:57:06Z,CCUSDT,COOLING,SELL,2.04,0.0,2.04,8.79,-0.88,1901.39,1527.06,True,False,0.0044,75950.01,-0.0684,1.995,0.11377
2026-08-23T07:57:11Z,KITEUSDT,IMPULSE,NONE,0.0,0.0,0.0,14.39,0.0,4898.75,49956.1,True,False,0.0,75950.01,-0.0684,2.054,0.10427
2026-08-23T07:57:45Z,HBARUSDT,COOLING,NONE,0.0,0.0,0.0,1.31,0.0,25731.52,12387.27,True,False,0.0,75965.44,0.0203,1.116,0.07661
2026-08-23T07:57:48Z,QAITUSDT,COOLING,NONE,0.0,0.0,0.0,8.01,0.0,1203.04,1001.18,True,False,0.0,75965.44,0.0203,1.145,0.002497
2026-08-23T07:57:50Z,REDUSDT,IMPULSE,NONE,0.0,0.0,0.0,24.14,0.0,3267.15,1584.02,True,False,0.0,75965.44,0.0203,1.109,0.11167
2026-08-23T07:57:54Z,CCUSDT,COOLING,NONE,0.0,0.0,0.0,8.79,0.0,1599.98,1606.46,True,False,0.0,75965.44,0.0203,2.28,0.11379
2026-08-23T07:57:57Z,KITEUSDT,IMPULSE,NONE,0.0,0.0,0.0,12.46,0.0,5491.36,45310.18,True,False,0.0,75965.44,0.0203,1.101,0.10427
2026-08-23T07:59:05Z,HBARUSDT,COOLING,BUY,0.0,13.36,13.36,1.31,0.0,36004.26,26371.23,True,False,0.0,75925.61,-0.0524,1.1,0.07661
2026-08-23T07:59:07Z,QAITUSDT,COOLING,NONE,0.0,0.0,0.0,8.01,0.0,1203.04,1001.18,True,False,0.0,75925.61,-0.0524,1.097,0.002497
2026-08-23T07:59:11Z,REDUSDT,IMPULSE,NONE,0.0,0.0,0.0,25.89,0.0,2001.65,2108.62,True,False,0.0,75925.61,-0.0524,1.049,0.11179
2026-08-23T07:59:13Z,CCUSDT,COOLING,NONE,0.0,0.0,0.0,6.16,0.0,1607.38,1527.87,True,False,0.0,75925.61,-0.0524,1.276,0.11372
2026-08-23T07:59:16Z,KITEUSDT,IMPULSE,NONE,0.0,0.0,0.0,12.43,0.0,5736.37,46184.38,True,False,0.0,75925.61,-0.0524,1.393,0.10448
2026-08-23T07:59:55Z,HBARUSDT,COOLING,BUY,7.22,34.13,34.13,1.3,-0.0,23427.82,35980.88,True,False,0.013,75966.67,0.0541,2.116,0.07662
2026-08-23T07:59:57Z,QAITUSDT,COOLING,NONE,0.0,0.0,0.0,8.01,0.0,1203.04,1001.18,True,False,0.0,75966.67,0.0541,1.03,0.002497
2026-08-23T08:00:00Z,REDUSDT,IMPULSE,NONE,0.0,0.0,0.0,21.41,0.0,1452.8,1526.85,True,False,0.0,75966.67,0.0541,1.269,0.11219
2026-08-23T08:00:02Z,CCUSDT,COOLING,NONE,0.0,0.0,0.0,7.9,1.76,1578.54,1723.61,True,False,0.0088,75966.67,0.0541,1.135,0.11384
2026-08-23T08:00:06Z,KITEUSDT,IMPULSE,SELL,15.01,0.0,15.01,16.24,0.0,5736.37,46254.87,True,True,0.0,75966.67,0.0541,1.651,0.10473
2026-08-23T08:00:49Z,HBARUSDT,COOLING,BUY,0.0,23.99,23.99,1.3,0.0,8869.67,25183.58,True,False,-0.013,76002.63,0.0473,2.343,0.07664
2026-08-23T08:00:52Z,QAITUSDT,COOLING,NONE,0.0,0.0,0.0,8.01,0.0,1203.04,1001.18,True,False,0.0,76002.63,0.0473,1.186,0.002497
2026-08-23T08:00:55Z,REDUSDT,IMPULSE,NONE,0.0,0.0,0.0,13.37,0.0,1717.64,1556.55,True,False,0.0,76002.63,0.0473,2.141,0.11218
2026-08-23T08:00:57Z,CCUSDT,COOLING,NONE,0.0,0.0,0.0,6.16,0.0,1843.89,1527.96,True,False,0.0,76002.63,0.0473,1.135,0.11378
2026-08-23T08:01:00Z,KITEUSDT,IMPULSE,NONE,0.0,0.0,0.0,15.29,0.0,4314.29,46581.04,True,False,0.0,76002.63,0.0473,1.128,0.10467
2026-08-23T08:02:09Z,XRPUSDT,COOLING,NONE,0.0,0.0,0.0,0.68,0.0,75086.13,69842.17,True,False,0.0,75959.3,-0.057,1.337,1.4605
2026-08-23T08:02:12Z,HBARUSDT,COOLING,BUY,29.7,48.56,48.56,1.3,-0.0,32520.32,29070.74,True,False,0.013,75959.3,-0.057,1.168,0.07662
2026-08-23T08:02:16Z,QAITUSDT,COOLING,NONE,0.0,0.0,0.0,8.01,0.0,1203.04,1001.18,True,False,0.0,75959.3,-0.057,1.093,0.002497
2026-08-23T08:02:18Z,WUSDT,COOLING,NONE,0.0,0.0,0.0,11.04,0.0,4723.28,8895.98,True,False,0.0,75959.3,-0.057,1.138,0.009057
2026-08-23T08:02:22Z,REDUSDT,IMPULSE,NONE,0.0,0.0,0.0,20.59,8.95,3225.01,1965.53,True,False,0.0537,75959.3,-0.057,1.156,0.11208
2026-08-23T08:02:56Z,XRPUSDT,COOLING,NONE,0.0,0.0,0.0,0.68,-0.0,77346.41,53675.92,True,False,0.0068,76013.31,0.0711,2.178,1.4629
2026-08-23T08:03:00Z,HBARUSDT,COOLING,BUY,0.0,52.38,52.38,1.3,0.0,31998.99,28687.53,True,True,-0.0261,76013.31,0.0711,1.154,0.07667
2026-08-23T08:03:06Z,QAITUSDT,COOLING,NONE,0.0,0.0,0.0,8.01,0.0,1203.04,1001.18,True,False,0.0,76013.31,0.0711,3.609,0.002497
2026-08-23T08:03:11Z,WUSDT,COOLING,NONE,0.0,0.0,0.0,9.92,0.0,4723.28,8906.68,True,False,0.0,76013.31,0.0711,3.098,0.009069
2026-08-23T08:03:14Z,REDUSDT,IMPULSE,NONE,0.0,0.0,0.0,14.3,0.0,3310.16,1646.47,True,False,0.0,76013.31,0.0711,1.127,0.11177
2026-08-23T08:03:48Z,XRPUSDT,COOLING,NONE,0.0,0.0,0.0,2.74,0.69,50131.03,99404.62,True,False,0.0103,75974.11,-0.0516,2.09,1.4575
2026-08-23T08:03:51Z,HBARUSDT,COOLING,NONE,0.0,0.0,0.0,1.3,0.0,23203.32,34869.87,True,False,0.0,75974.11,-0.0516,2.071,0.07667
2026-08-23T08:03:55Z,QAITUSDT,COOLING,NONE,0.0,0.0,0.0,8.01,0.0,1203.04,1001.18,True,False,0.0,75974.11,-0.0516,1.973,0.002497
2026-08-23T08:03:57Z,WUSDT,COOLING,NONE,0.0,0.0,0.0,8.83,0.0,4283.9,7387.55,True,False,0.0,75974.11,-0.0516,1.047,0.009053
2026-08-23T08:04:00Z,REDUSDT,IMPULSE,NONE,0.0,0.0,0.0,23.28,0.0,3227.64,1292.01,True,False,0.0,75974.11,-0.0516,1.054,0.11178
2026-08-23T08:05:06Z,XRPUSDT,COOLING,SELL,9.44,0.0,9.44,2.05,0.0,70210.03,67728.56,True,False,0.0,76029.96,0.0735,1.137,1.4592
2026-08-23T08:05:10Z,HBARUSDT,COOLING,NONE,0.0,0.0,0.0,2.61,0.0,23634.2,33930.66,True,False,0.0,76029.96,0.0735,1.086,0.07675
2026-08-23T08:05:14Z,QAITUSDT,COOLING,NONE,0.0,0.0,0.0,8.01,0.0,1203.04,1001.18,True,False,0.0,76029.96,0.0735,1.199,0.002497
2026-08-23T08:05:32Z,WUSDT,COOLING,BUY,0.0,0.67,0.67,12.13,-1.09,4268.77,8085.69,True,False,-0.0606,76029.96,0.0735,14.697,0.009065
2026-08-23T08:05:36Z,REDUSDT,IMPULSE,NONE,0.0,0.0,0.0,14.3,0.0,2995.07,1748.97,True,False,0.0,76029.96,0.0735,1.281,0.11181
2026-08-23T08:06:14Z,XRPUSDT,COOLING,SELL,3.41,0.84,3.41,1.37,-0.69,74851.39,66761.02,True,False,0.0926,76063.61,0.0443,1.984,1.4581
2026-08-23T08:06:17Z,HBARUSDT,COOLING,NONE,0.0,0.0,0.0,1.3,0.0,15383.75,28694.84,True,False,0.0,76063.61,0.0443,1.589,0.07676
2026-08-23T08:06:21Z,QAITUSDT,COOLING,NONE,0.0,0.0,0.0,8.01,0.0,1203.04,1001.18,True,False,0.0,76063.61,0.0443,2.065,0.002497
2026-08-23T08:06:26Z,WUSDT,COOLING,NONE,0.0,0.0,0.0,13.22,0.0,3438.86,7783.41,True,False,0.0,76063.61,0.0443,2.124,0.009077
2026-08-23T08:06:29Z,REDUSDT,IMPULSE,NONE,0.0,0.0,0.0,11.63,0.0,2650.1,1757.97,True,False,0.0,76063.61,0.0443,1.609,0.11178
2026-08-23T08:07:12Z,XRPUSDT,COOLING,BUY,4.58,19.19,19.19,0.69,-0.68,88214.12,115536.93,True,False,-0.1334,76103.36,0.0523,2.068,1.4609
2026-08-23T08:07:15Z,HBARUSDT,COOLING,NONE,0.0,0.0,0.0,1.3,0.0,21196.39,29556.03,True,False,0.0,76103.36,0.0523,1.144,0.0768
2026-08-23T08:07:18Z,QAITUSDT,COOLING,NONE,0.0,0.0,0.0,28.07,0.0,1203.04,1001.1,True,False,0.0,76103.36,0.0523,1.27,0.00249
2026-08-23T08:07:20Z,WUSDT,COOLING,NONE,0.0,0.0,0.0,12.13,0.0,3747.06,7280.65,True,False,0.0,76103.36,0.0523,1.197,0.009072
2026-08-23T08:07:23Z,REDUSDT,IMPULSE,NONE,0.0,0.0,0.0,11.63,0.0,2650.1,1757.97,True,False,0.0,76103.36,0.0523,1.392,0.11173
2026-08-23T08:08:45Z,XRPUSDT,COOLING,BUY,7.91,9.71,9.71,1.37,-0.68,68624.75,81817.08,True,False,0.0376,76128.55,0.0331,2.121,1.4621
2026-08-23T08:08:47Z,HBARUSDT,COOLING,NONE,0.0,0.0,0.0,1.3,0.0,19756.67,24636.56,True,False,0.0,76128.55,0.0331,1.037,0.07683
2026-08-23T08:08:49Z,QAITUSDT,COOLING,NONE,0.0,0.0,0.0,60.06,0.0,1103.57,1104.7,True,False,0.0,76128.55,0.0331,1.257,0.00249
2026-08-23T08:08:53Z,WUSDT,COOLING,NONE,0.0,0.0,0.0,16.55,0.0,3880.72,6560.77,True,False,0.0,76128.55,0.0331,2.233,0.009084
2026-08-23T08:08:57Z,REDUSDT,IMPULSE,NONE,0.0,0.0,0.0,11.63,0.0,1226.69,1619.68,True,False,0.0,76128.55,0.0331,1.229,0.11173
2026-08-23T08:09:32Z,XRPUSDT,COOLING,BUY,5.31,29.51,29.51,1.36,-1.36,92874.73,109981.09,True,False,0.0204,76162.69,0.0448,1.09,1.4677
2026-08-23T08:09:35Z,HBARUSDT,COOLING,BUY,0.0,56.79,56.79,1.3,0.0,39834.93,29514.06,True,False,0.0,76162.69,0.0448,1.175,0.07698
2026-08-23T08:09:39Z,QAITUSDT,COOLING,NONE,0.0,0.0,0.0,60.06,0.0,1384.32,1104.7,True,False,0.0,76162.69,0.0448,1.131,0.00249
2026-08-23T08:09:41Z,WUSDT,COOLING,NONE,0.0,0.0,0.0,12.11,0.0,3480.37,3683.96,True,False,0.0,76162.69,0.0448,1.059,0.009074
2026-08-23T08:09:44Z,REDUSDT,IMPULSE,NONE,0.0,0.0,0.0,9.82,0.0,1814.03,1615.6,True,False,0.0,76162.69,0.0448,1.142,0.11178
2026-08-23T08:10:26Z,XRPUSDT,COOLING,NONE,0.0,0.0,0.0,3.39,0.68,58380.73,23604.8,True,False,-0.0034,76272.07,0.1436,1.348,1.4723
2026-08-23T08:10:31Z,HBARUSDT,COOLING,SELL,41.77,0.0,41.77,1.29,0.0,19825.79,25813.66,True,False,0.0,76272.07,0.1436,1.182,0.0772
2026-08-23T08:10:36Z,QAITUSDT,COOLING,NONE,0.0,0.0,0.0,60.06,0.0,1384.32,1104.7,True,False,0.0,76272.07,0.1436,1.18,0.00249
2026-08-23T08:10:38Z,WUSDT,COOLING,NONE,0.0,0.0,0.0,15.39,0.0,2978.14,7565.47,True,False,0.0,76272.07,0.1436,1.074,0.009096
2026-08-23T08:10:40Z,REDUSDT,IMPULSE,NONE,0.0,0.0,0.0,11.59,0.0,1676.65,1361.63,True,False,0.0,76272.07,0.1436,1.208,0.11208
2026-08-23T08:12:26Z,XRPUSDT,COOLING,SELL,8.62,0.0,8.62,3.39,2.72,54245.38,32249.48,True,False,0.0136,76242.77,-0.0384,1.082,1.4723
2026-08-23T08:12:28Z,HBARUSDT,COOLING,NONE,0.0,0.0,0.0,1.29,0.0,10172.22,26429.4,True,False,0.0,76242.77,-0.0384,1.158,0.07719
2026-08-23T08:12:30Z,QAITUSDT,COOLING,NONE,0.0,0.0,0.0,64.05,0.0,1384.32,1104.7,True,False,0.0,76242.77,-0.0384,1.107,0.00249
2026-08-23T08:12:32Z,WUSDT,COOLING,NONE,0.0,0.0,0.0,16.47,0.0,3464.78,7936.34,True,False,0.0,76242.77,-0.0384,1.025,0.009099
2026-08-23T08:12:36Z,REDUSDT,IMPULSE,NONE,0.0,0.0,0.0,22.28,0.0,1638.56,1334.07,True,False,0.0,76242.77,-0.0384,1.16,0.11195
2026-08-23T08:13:17Z,XRPUSDT,COOLING,NONE,0.0,0.0,0.0,2.72,-0.68,50999.18,61929.37,True,False,0.017,76232.88,-0.013,2.199,1.4713
2026-08-23T08:13:19Z,HBARUSDT,COOLING,NONE,0.0,0.0,0.0,1.3,0.0,14492.47,11475.18,True,False,0.0,76232.88,-0.013,1.053,0.07725
2026-08-23T08:13:23Z,QAITUSDT,COOLING,NONE,0.0,0.0,0.0,169.56,0.0,2599.55,1001.12,True,False,0.0,76232.88,-0.013,2.144,0.002482
2026-08-23T08:13:26Z,WUSDT,COOLING,NONE,0.0,0.0,0.0,11.0,0.0,3464.78,7565.47,True,False,0.0,76232.88,-0.013,1.1,0.009098
2026-08-23T08:13:28Z,REDUSDT,IMPULSE,BUY,0.0,1.64,1.64,19.62,0.0,2115.63,1505.8,True,False,0.0,76232.88,-0.013,1.108,0.11212
2026-08-23T08:14:14Z,XRPUSDT,COOLING,NONE,0.0,0.0,0.0,2.04,0.0,107927.47,64912.68,True,False,0.0,76201.25,-0.0415,1.386,1.4714
2026-08-23T08:14:16Z,HBARUSDT,COOLING,NONE,0.0,0.0,0.0,1.3,0.0,9543.02,33056.86,True,False,0.0,76201.25,-0.0415,1.397,0.07718
2026-08-23T08:14:18Z,QAITUSDT,COOLING,SELL,21.25,0.0,21.25,64.44,0.0,1342.69,1200.67,True,False,0.0,76201.25,-0.0415,1.068,0.002482
2026-08-23T08:14:21Z,WUSDT,COOLING,NONE,0.0,0.0,0.0,14.29,0.0,3464.78,7565.47,True,False,0.0,76201.25,-0.0415,0.991,0.009094
2026-08-23T08:14:24Z,REDUSDT,IMPULSE,NONE,0.0,0.0,0.0,19.62,0.0,2115.63,1478.37,True,False,0.0,76201.25,-0.0415,1.865,0.1121
2026-08-23T08:15:33Z,XRPUSDT,COOLING,NONE,0.0,0.0,0.0,2.04,-0.68,83268.49,95070.5,True,False,0.0034,76218.19,0.0222,1.037,1.4721
2026-08-23T08:15:36Z,HBARUSDT,COOLING,NONE,0.0,0.0,0.0,1.29,0.0,10089.84,30870.12,True,False,0.0,76218.19,0.0222,1.184,0.0772
2026-08-23T08:15:38Z,QAITUSDT,COOLING,NONE,0.0,0.0,0.0,64.44,0.0,1304.31,1120.42,True,False,0.0,76218.19,0.0222,1.161,0.002482
2026-08-23T08:15:41Z,WUSDT,COOLING,NONE,0.0,0.0,0.0,14.29,0.0,3464.78,7565.47,True,False,0.0,76218.19,0.0222,1.212,0.009096
2026-08-23T08:15:43Z,REDUSDT,IMPULSE,NONE,0.0,0.0,0.0,19.62,0.0,2115.63,1478.37,True,False,0.0,76218.19,0.0222,1.125,0.11212
2026-08-23T08:16:14Z,XRPUSDT,COOLING,NONE,0.0,0.0,0.0,2.04,0.0,50791.34,62189.9,True,False,0.0,76209.1,-0.0119,1.108,1.4721
2026-08-23T08:16:17Z,HBARUSDT,COOLING,SELL,52.38,0.0,52.38,1.3,-0.0,23588.45,29827.08,True,False,0.013,76209.1,-0.0119,1.081,0.07719
2026-08-23T08:16:19Z,QAITUSDT,COOLING,NONE,0.0,0.0,0.0,64.44,0.0,1304.31,1120.42,True,False,0.0,76209.1,-0.0119,1.058,0.002482
2026-08-23T08:16:21Z,WUSDT,COOLING,NONE,0.0,0.0,0.0,14.29,0.0,3464.78,7565.47,True,False,0.0,76209.1,-0.0119,1.278,0.009094
2026-08-23T08:16:25Z,REDUSDT,IMPULSE,NONE,0.0,0.0,0.0,19.62,0.0,2115.63,1478.37,True,False,0.0,76209.1,-0.0119,1.114,0.11214
2026-08-23T08:16:59Z,XRPUSDT,COOLING,BUY,21.29,48.3,48.3,3.39,1.36,78798.44,122879.83,True,False,0.0,76218.18,0.0119,1.022,1.4734
2026-08-23T08:17:01Z,HBARUSDT,COOLING,NONE,0.0,0.0,0.0,1.3,0.0,37435.13,15519.57,True,False,0.0,76218.18,0.0119,1.144,0.0772
2026-08-23T08:17:04Z,QAITUSDT,COOLING,NONE,0.0,0.0,0.0,64.44,0.0,1286.33,1120.42,True,False,0.0,76218.18,0.0119,1.137,0.002482
2026-08-23T08:17:08Z,WUSDT,COOLING,NONE,0.0,0.0,0.0,14.29,0.0,3464.78,7565.47,True,False,0.0,76218.18,0.0119,2.126,0.009094
2026-08-23T08:17:13Z,REDUSDT,IMPULSE,NONE,0.0,0.0,0.0,22.28,0.0,1816.93,1348.75,True,False,0.0,76218.18,0.0119,2.073,0.11214
2026-08-23T08:18:20Z,XRPUSDT,COOLING,NONE,0.0,0.0,0.0,4.06,0.68,66178.41,60153.48,True,False,-0.0237,76282.01,0.0837,1.699,1.4794
2026-08-23T08:18:22Z,HBARUSDT,COOLING,NONE,0.0,0.0,0.0,1.29,0.0,34217.46,9569.87,True,False,0.0,76282.01,0.0837,1.044,0.07727
2026-08-23T08:18:24Z,QAITUSDT,COOLING,NONE,0.0,0.0,0.0,64.44,0.0,1286.33,1120.42,True,False,0.0,76282.01,0.0837,1.099,0.002482
2026-08-23T08:18:27Z,WUSDT,COOLING,NONE,0.0,0.0,0.0,15.38,0.0,4488.05,9179.55,True,False,0.0,76282.01,0.0837,1.13,0.009113
2026-08-23T08:18:31Z,REDUSDT,IMPULSE,NONE,0.0,0.0,0.0,11.57,0.0,1838.78,1306.49,True,False,0.0,76282.01,0.0837,2.185,0.11231
2026-08-23T08:19:11Z,XRPUSDT,COOLING,SELL,10.98,0.0,10.98,2.7,0.68,69216.96,51868.91,True,False,-0.0169,76269.15,-0.0169,2.116,1.4786
2026-08-23T08:19:14Z,HBARUSDT,COOLING,NONE,0.0,0.0,0.0,1.29,0.0,10887.99,28158.0,True,False,0.0,76269.15,-0.0169,1.332,0.07729
2026-08-23T08:19:17Z,QAITUSDT,COOLING,NONE,0.0,0.0,0.0,64.44,0.0,1286.33,1120.42,True,False,0.0,76269.15,-0.0169,1.467,0.002482
2026-08-23T08:19:20Z,WUSDT,COOLING,NONE,0.0,0.0,0.0,14.29,-1.1,4051.12,8777.49,True,False,0.0055,76269.15,-0.0169,1.088,0.009101
2026-08-23T08:19:25Z,REDUSDT,IMPULSE,NONE,0.0,0.0,0.0,11.55,0.0,3133.16,1071.71,True,False,0.0,76269.15,-0.0169,2.094,0.11251
2026-08-23T08:20:01Z,XRPUSDT,COOLING,BUY,0.0,5.92,5.92,2.03,0.0,107713.89,103180.98,True,False,-0.0203,76257.77,-0.0149,1.827,1.4772
2026-08-23T08:20:05Z,HBARUSDT,COOLING,NONE,0.0,0.0,0.0,1.29,0.0,23027.08,32696.08,True,False,0.0,76257.77,-0.0149,2.12,0.07733
2026-08-23T08:20:10Z,QAITUSDT,COOLING,NONE,0.0,0.0,0.0,64.44,0.0,1286.33,1120.42,True,False,0.0,76257.77,-0.0149,3.219,0.002482
2026-08-23T08:20:13Z,WUSDT,COOLING,NONE,0.0,0.0,0.0,15.39,0.0,4304.6,12817.57,True,False,0.0,76257.77,-0.0149,1.412,0.009088
2026-08-23T08:20:16Z,REDUSDT,IMPULSE,BUY,0.0,14.09,14.09,12.48,0.0,2540.7,1691.66,True,False,0.0,76257.77,-0.0149,1.081,0.11254
2026-08-23T08:21:28Z,XRPUSDT,COOLING,NONE,0.0,0.0,0.0,2.71,0.0,72383.43,52777.02,True,False,0.0,76241.5,-0.0213,1.047,1.4769
2026-08-23T08:21:32Z,HBARUSDT,COOLING,SELL,0.07,0.0,0.07,1.29,0.0,19382.67,30598.5,True,False,0.0,76241.5,-0.0213,2.166,0.07726
2026-08-23T08:21:39Z,QAITUSDT,COOLING,NONE,0.0,0.0,0.0,64.44,0.0,1286.33,1120.42,True,False,0.0,76241.5,-0.0213,1.144,0.002482
2026-08-23T08:21:41Z,WUSDT,COOLING,NONE,0.0,0.0,0.0,15.37,0.0,4940.18,12832.93,True,False,0.0,76241.5,-0.0213,1.052,0.009101
2026-08-23T08:21:44Z,REDUSDT,IMPULSE,NONE,0.0,0.0,0.0,14.25,0.0,3235.2,1102.9,True,False,0.0,76241.5,-0.0213,1.102,0.11223
2026-08-23T08:22:23Z,XRPUSDT,COOLING,NONE,0.0,0.0,0.0,2.03,0.68,78793.69,97924.81,True,False,0.0034,76226.34,-0.0199,1.128,1.4774
2026-08-23T08:22:25Z,HBARUSDT,COOLING,NONE,0.0,0.0,0.0,1.29,0.0,20082.91,17911.51,True,False,0.0,76226.34,-0.0199,1.041,0.07734
2026-08-23T08:22:27Z,QAITUSDT,COOLING,NONE,0.0,0.0,0.0,64.44,0.0,1286.33,1120.42,True,False,0.0,76226.34,-0.0199,1.132,0.002482
2026-08-23T08:22:30Z,WUSDT,COOLING,NONE,0.0,0.0,0.0,16.47,0.0,4532.77,9188.09,True,False,0.0,76226.34,-0.0199,1.103,0.009104
2026-08-23T08:22:32Z,REDUSDT,IMPULSE,NONE,0.0,0.0,0.0,12.48,0.0,2106.13,2084.12,True,False,0.0,76226.34,-0.0199,1.103,0.11227
2026-08-23T08:23:09Z,XRPUSDT,COOLING,NONE,0.0,0.0,0.0,2.03,0.0,54373.61,65712.14,True,False,-0.0135,76218.93,-0.0097,1.134,1.477
2026-08-23T08:23:13Z,HBARUSDT,COOLING,NONE,0.0,0.0,0.0,1.29,0.0,32710.29,29893.41,True,False,0.0,76218.93,-0.0097,1.215,0.07726
2026-08-23T08:23:16Z,QAITUSDT,COOLING,NONE,0.0,0.0,0.0,64.44,0.0,1286.33,1120.42,True,False,0.0,76218.93,-0.0097,2.08,0.002482
2026-08-23T08:23:20Z,WUSDT,COOLING,NONE,0.0,0.0,0.0,15.38,0.0,4532.77,9188.09,True,False,0.0,76218.93,-0.0097,1.177,0.009109
2026-08-23T08:23:22Z,REDUSDT,IMPULSE,NONE,0.0,0.0,0.0,12.48,0.0,2106.13,1779.81,True,False,0.0,76218.93,-0.0097,1.025,0.11216
2026-08-23T08:24:32Z,XRPUSDT,COOLING,NONE,0.0,0.0,0.0,2.03,0.0,75818.18,72711.26,True,False,0.0,76234.35,0.0202,1.075,1.4771
2026-08-23T08:24:36Z,HBARUSDT,COOLING,NONE,0.0,0.0,0.0,1.29,0.0,40804.75,11263.67,True,False,0.0,76234.35,0.0202,1.167,0.07726
2026-08-23T08:24:39Z,QAITUSDT,COOLING,NONE,0.0,0.0,0.0,64.44,0.0,1286.33,1120.42,True,False,0.0,76234.35,0.0202,1.262,0.002482
2026-08-23T08:24:42Z,WUSDT,COOLING,NONE,0.0,0.0,0.0,6.57,0.0,6038.69,6428.69,True,False,0.0,76234.35,0.0202,1.028,0.009114
2026-08-23T08:24:49Z,REDUSDT,IMPULSE,NONE,0.0,0.0,0.0,12.48,0.0,1282.44,783.72,True,False,0.0,76234.35,0.0202,4.88,0.11215
2026-08-23T08:25:27Z,XRPUSDT,COOLING,BUY,1.53,12.45,12.45,2.03,-2.03,48462.99,111040.94,True,False,-0.0237,76234.37,0.0,2.078,1.4788
2026-08-23T08:25:29Z,HBARUSDT,COOLING,NONE,0.0,0.0,0.0,1.3,-1.29,24114.44,10612.59,True,False,-0.0065,76234.37,0.0,1.066,0.07723
2026-08-23T08:25:33Z,QAITUSDT,COOLING,NONE,0.0,0.0,0.0,64.44,0.0,1286.33,1120.42,True,False,0.0,76234.37,0.0,1.121,0.002482
2026-08-23T08:25:35Z,WUSDT,COOLING,NONE,0.0,0.0,0.0,13.17,0.0,3514.19,11751.43,True,False,0.0,76234.37,0.0,1.058,0.009129
2026-08-23T08:25:39Z,REDUSDT,IMPULSE,NONE,0.0,0.0,0.0,11.61,0.0,1263.0,1403.85,True,False,0.0,76234.37,0.0,1.124,0.11218
2026-08-23T08:26:28Z,XRPUSDT,COOLING,BUY,0.0,4.36,4.36,2.7,-1.35,59739.05,59447.72,True,False,0.0068,76244.1,0.0128,1.153,1.4795
2026-08-23T08:26:32Z,HBARUSDT,COOLING,NONE,0.0,0.0,0.0,1.29,-1.29,21865.52,30466.43,True,False,0.0065,76244.1,0.0128,2.052,0.07727
2026-08-23T08:26:34Z,QAITUSDT,COOLING,NONE,0.0,0.0,0.0,64.44,0.0,1286.33,1120.42,True,False,0.0,76244.1,0.0128,1.116,0.002482
2026-08-23T08:26:38Z,WUSDT,COOLING,NONE,0.0,0.0,0.0,14.26,0.0,3396.49,11541.04,True,False,0.0,76244.1,0.0128,2.072,0.009111
2026-08-23T08:26:42Z,REDUSDT,IMPULSE,NONE,0.0,0.0,0.0,11.61,0.0,1485.69,1403.85,True,False,0.0,76244.1,0.0128,2.089,0.11193
2026-08-23T08:27:48Z,XRPUSDT,COOLING,NONE,0.0,0.0,0.0,2.03,0.0,52426.31,56818.03,True,False,0.0,76238.21,-0.0077,2.115,1.4788
2026-08-23T08:27:50Z,HBARUSDT,COOLING,NONE,0.0,0.0,0.0,1.29,-1.29,23748.47,34662.46,True,False,-0.0065,76238.21,-0.0077,1.061,0.07721
2026-08-23T08:27:55Z,QAITUSDT,COOLING,NONE,0.0,0.0,0.0,64.44,0.0,1286.33,1120.42,True,False,0.0,76238.21,-0.0077,3.868,0.002482
2026-08-23T08:27:58Z,WUSDT,COOLING,NONE,0.0,0.0,0.0,14.26,0.0,3825.03,9159.43,True,False,0.0,76238.21,-0.0077,1.048,0.009107
2026-08-23T08:28:03Z,REDUSDT,IMPULSE,NONE,0.0,0.0,0.0,21.43,0.0,1812.54,1162.04,True,False,0.0,76238.21,-0.0077,2.16,0.11184
2026-08-23T08:28:42Z,XRPUSDT,COOLING,NONE,0.0,0.0,0.0,1.35,-0.68,50373.79,83814.7,True,False,-0.0034,76247.23,0.0118,1.376,1.4766
2026-08-23T08:28:45Z,HBARUSDT,COOLING,NONE,0.0,0.0,0.0,1.29,0.0,21935.89,32789.99,True,False,0.0,76247.23,0.0118,1.213,0.07726
2026-08-23T08:28:48Z,QAITUSDT,COOLING,NONE,0.0,0.0,0.0,64.44,0.0,1286.33,1120.42,True,False,0.0,76247.23,0.0118,1.132,0.002482
2026-08-23T08:28:51Z,WUSDT,COOLING,NONE,0.0,0.0,0.0,14.26,0.0,3396.49,8855.83,True,False,0.0,76247.23,0.0118,1.067,0.009108
2026-08-23T08:28:55Z,REDUSDT,IMPULSE,NONE,0.0,0.0,0.0,21.43,0.0,1812.54,1393.55,True,False,0.0,76247.23,0.0118,1.858,0.11199
2026-08-23T08:29:30Z,XRPUSDT,COOLING,NONE,0.0,0.0,0.0,1.35,0.0,57749.73,84481.31,True,False,0.0,76247.24,0.0,1.235,1.4791
2026-08-23T08:29:33Z,HBARUSDT,COOLING,NONE,0.0,0.0,0.0,1.29,0.0,19735.94,32979.32,True,False,0.0,76247.24,0.0,2.066,0.07726
2026-08-23T08:29:35Z,QAITUSDT,COOLING,NONE,0.0,0.0,0.0,64.44,0.0,1286.33,1120.42,True,False,0.0,76247.24,0.0,1.182,0.002482
2026-08-23T08:29:39Z,WUSDT,COOLING,NONE,0.0,0.0,0.0,14.26,1.1,3396.49,8855.83,True,False,-0.0055,76247.24,0.0,2.452,0.009113
2026-08-23T08:29:41Z,REDUSDT,IMPULSE,NONE,0.0,0.0,0.0,21.43,0.0,2779.6,1162.04,True,False,0.0,76247.24,0.0,1.087,0.11192
2026-08-23T08:31:07Z,XRPUSDT,COOLING,SELL,23.41,0.0,23.41,2.71,0.68,50270.51,77951.72,True,False,0.0305,76247.19,-0.0001,1.122,1.477
2026-08-23T08:31:10Z,HBARUSDT,COOLING,SELL,1.55,0.0,1.55,1.29,0.0,20254.1,14563.57,True,False,-0.0129,76247.19,-0.0001,2.136,0.07747
2026-08-23T08:31:12Z,QAITUSDT,COOLING,NONE,0.0,0.0,0.0,64.44,0.0,1286.33,1120.42,True,False,0.0,76247.19,-0.0001,1.083,0.002482
2026-08-23T08:31:16Z,WUSDT,COOLING,BUY,0.0,5.73,5.73,14.26,0.0,3396.49,8849.1,True,False,0.0,76247.19,-0.0001,2.075,0.009111
2026-08-23T08:31:19Z,REDUSDT,IMPULSE,NONE,0.0,0.0,0.0,13.39,0.0,2049.76,1162.04,True,False,0.0,76247.19,-0.0001,1.111,0.112
2026-08-23T08:31:55Z,XRPUSDT,COOLING,SELL,12.71,0.0,12.71,2.03,0.0,70854.95,81654.34,True,False,0.0,76260.21,0.0171,1.193,1.4772
2026-08-23T08:32:01Z,HBARUSDT,COOLING,BUY,0.0,26.5,26.5,3.87,2.58,10731.46,14952.48,True,True,0.1162,76260.21,0.0171,2.258,0.07747
2026-08-23T08:32:04Z,QAITUSDT,COOLING,NONE,0.0,0.0,0.0,64.44,0.0,1286.33,1120.42,True,False,0.0,76260.21,0.0171,1.17,0.002482
2026-08-23T08:32:08Z,WUSDT,COOLING,NONE,0.0,0.0,0.0,14.26,0.0,4978.17,7493.04,True,False,0.0,76260.21,0.0171,1.037,0.009113
2026-08-23T08:32:11Z,REDUSDT,IMPULSE,NONE,0.0,0.0,0.0,9.82,0.0,2049.76,999.83,True,False,0.0,76260.21,0.0171,1.52,0.11205
2026-08-23T08:32:48Z,XRPUSDT,COOLING,SELL,7.4,0.0,7.4,1.35,-1.35,57588.82,74089.93,True,False,-0.0068,76282.58,0.0293,1.117,1.4785
2026-08-23T08:32:52Z,HBARUSDT,COOLING,NONE,0.0,0.0,0.0,9.02,1.29,28233.38,29251.68,True,False,0.0064,76282.58,0.0293,1.093,0.07759
2026-08-23T08:32:55Z,QAITUSDT,COOLING,NONE,0.0,0.0,0.0,64.44,0.0,1286.33,1120.42,True,False,0.0,76282.58,0.0293,1.208,0.002482
2026-08-23T08:32:58Z,WUSDT,COOLING,NONE,0.0,0.0,0.0,13.17,0.0,4964.71,8855.83,True,False,0.0,76282.58,0.0293,1.27,0.009105
2026-08-23T08:33:00Z,REDUSDT,IMPULSE,NONE,0.0,0.0,0.0,11.61,0.0,3549.89,1403.47,True,False,0.0,76282.58,0.0293,1.17,0.11199
2026-08-23T08:34:13Z,XRPUSDT,COOLING,NONE,0.0,0.0,0.0,2.03,0.68,59934.46,53799.71,True,False,0.0034,76266.24,-0.0214,1.077,1.4756
2026-08-23T08:34:17Z,HBARUSDT,COOLING,SELL,7.87,7.03,7.87,1.28,-0.0,10626.62,47816.42,True,False,0.0513,76266.24,-0.0214,1.077,0.07795
2026-08-23T08:34:20Z,QAITUSDT,COOLING,NONE,0.0,0.0,0.0,198.97,0.0,158.77,747.12,True,False,0.0,76266.24,-0.0214,1.133,0.002531
2026-08-23T08:34:22Z,WUSDT,COOLING,NONE,0.0,0.0,0.0,14.26,0.0,4959.78,7796.64,True,False,0.0,76266.24,-0.0214,1.151,0.009113
2026-08-23T08:34:27Z,REDUSDT,IMPULSE,NONE,0.0,0.0,0.0,21.46,0.0,3222.07,1511.72,True,False,0.0,76266.24,-0.0214,2.103,0.11186
2026-08-23T08:35:07Z,XRPUSDT,COOLING,NONE,0.0,0.0,0.0,1.35,0.0,56710.94,64308.15,True,False,-0.0203,76297.17,0.0406,1.415,1.4768
2026-08-23T08:35:09Z,HBARUSDT,COOLING,BUY,0.0,11.07,11.07,1.28,0.0,28959.63,10881.01,True,False,0.0,76297.17,0.0406,1.236,0.07787
2026-08-23T08:35:13Z,QAITUSDT,COOLING,SELL,86.62,0.0,86.62,660.36,-0.35,2598.88,747.12,True,False,-1.2051,76297.17,0.0406,1.115,0.002368
2026-08-23T08:35:15Z,WUSDT,COOLING,NONE,0.0,0.0,0.0,15.38,0.0,5379.99,9152.46,True,False,0.0,76297.17,0.0406,1.169,0.009115
2026-08-23T08:35:22Z,REDUSDT,IMPULSE,NONE,0.0,0.0,0.0,14.3,0.0,3222.07,1511.72,True,False,0.0,76297.17,0.0406,1.918,0.11186
2026-08-23T08:35:58Z,XRPUSDT,COOLING,NONE,0.0,0.0,0.0,1.35,-0.0,56406.99,76292.53,True,False,0.0339,76300.0,0.0037,2.124,1.476
2026-08-23T08:36:02Z,HBARUSDT,COOLING,NONE,0.0,0.0,0.0,1.28,0.0,11207.85,9835.13,True,False,0.0,76300.0,0.0037,1.219,0.07789
2026-08-23T08:36:05Z,QAITUSDT,COOLING,NONE,0.0,0.0,0.0,819.4,-8.71,2599.49,747.12,True,False,0.0418,76300.0,0.0037,1.084,0.002489
2026-08-23T08:36:07Z,WUSDT,COOLING,NONE,0.0,0.0,0.0,14.29,0.0,5509.61,9181.73,True,False,0.0,76300.0,0.0037,1.043,0.009098
2026-08-23T08:36:09Z,REDUSDT,IMPULSE,NONE,0.0,0.0,0.0,9.82,-11.61,2165.13,1574.42,True,False,0.058,76300.0,0.0037,1.018,0.11187
2026-08-23T08:37:21Z,XRPUSDT,COOLING,NONE,0.0,0.0,0.0,0.68,-0.68,54367.8,68236.03,True,False,0.0102,76335.39,0.0464,2.056,1.4764
2026-08-23T08:37:23Z,HBARUSDT,COOLING,SELL,59.61,0.0,59.61,1.28,0.0,28870.72,42752.54,True,False,0.0,76335.39,0.0464,1.034,0.07804
2026-08-23T08:37:27Z,QAITUSDT,IMPULSE,NONE,0.0,0.0,0.0,989.01,-22.2,2599.93,747.12,True,False,0.1058,76335.39,0.0464,1.131,0.002467
2026-08-23T08:37:30Z,WUSDT,COOLING,NONE,0.0,0.0,0.0,14.29,-1.1,5509.61,13444.51,True,False,0.0055,76335.39,0.0464,1.032,0.009097
2026-08-23T08:37:34Z,REDUSDT,IMPULSE,NONE,0.0,0.0,0.0,21.43,0.0,2194.77,1446.82,True,False,0.0,76335.39,0.0464,1.212,0.11195
2026-08-23T08:38:14Z,XRPUSDT,COOLING,BUY,0.0,0.18,0.18,1.35,-0.68,74607.78,59491.26,True,False,-0.0034,76422.41,0.114,1.012,1.4789
2026-08-23T08:38:16Z,HBARUSDT,COOLING,SELL,55.43,0.0,55.43,2.56,1.28,27045.31,41659.62,True,True,0.0192,76422.41,0.114,1.188,0.07803
2026-08-23T08:38:18Z,QAITUSDT,IMPULSE,SELL,83.93,0.0,83.93,879.86,131.65,2599.61,747.12,True,True,-0.6305,76422.41,0.114,1.114,0.002453
2026-08-23T08:38:22Z,WUSDT,COOLING,NONE,0.0,0.0,0.0,10.99,0.0,4759.41,9192.73,True,False,0.0,76422.41,0.114,1.154,0.009098
2026-08-23T08:38:26Z,REDUSDT,IMPULSE,NONE,0.0,0.0,0.0,19.62,0.0,2195.19,1305.85,True,False,0.0,76422.41,0.114,1.038,0.11202
2026-08-23T08:39:00Z,XRPUSDT,COOLING,BUY,3.95,31.81,31.81,2.03,-0.67,77134.46,117581.05,True,False,-0.0101,76451.59,0.0382,1.264,1.4798
2026-08-23T08:39:02Z,HBARUSDT,COOLING,NONE,0.0,0.0,0.0,1.28,0.0,10407.4,41030.47,True,False,-0.0128,76451.59,0.0382,1.109,0.07795
2026-08-23T08:39:04Z,QAITUSDT,IMPULSE,SELL,20.71,0.0,20.71,65.23,0.0,259.92,747.12,True,False,0.0,76451.59,0.0382,1.135,0.002453
2026-08-23T08:39:07Z,WUSDT,COOLING,NONE,0.0,0.0,0.0,14.26,0.0,4759.41,11934.25,True,False,0.0,76451.59,0.0382,1.125,0.009112
2026-08-23T08:39:09Z,REDUSDT,IMPULSE,NONE,0.0,0.0,0.0,12.48,0.0,3960.93,1361.82,True,False,0.0,76451.59,0.0382,1.124,0.1122
2026-08-23T08:40:21Z,XRPUSDT,COOLING,SELL,22.35,0.0,22.35,3.38,-0.0,81330.84,82339.05,True,True,0.0406,76445.24,-0.0083,1.246,1.4796
2026-08-23T08:40:23Z,HBARUSDT,COOLING,NONE,0.0,0.0,0.0,1.28,0.0,28361.41,43348.4,True,False,0.0,76445.24,-0.0083,1.097,0.07794
2026-08-23T08:40:26Z,QAITUSDT,IMPULSE,NONE,0.0,0.0,0.0,65.23,0.0,198.84,747.12,True,False,0.0,76445.24,-0.0083,1.117,0.002453
2026-08-23T08:40:28Z,WUSDT,COOLING,NONE,0.0,0.0,0.0,13.17,0.0,4759.41,7886.25,True,False,0.0,76445.24,-0.0083,1.036,0.009118
2026-08-23T08:40:30Z,REDUSDT,IMPULSE,NONE,0.0,0.0,0.0,21.43,0.0,1754.47,1262.87,True,False,0.0,76445.24,-0.0083,1.115,0.1121
2026-08-23T08:41:06Z,XRPUSDT,COOLING,BUY,14.11,24.92,24.92,2.03,-3.38,72487.49,115876.08,True,False,0.0372,76500.0,0.0716,2.2,1.4797
2026-08-23T08:41:08Z,HBARUSDT,COOLING,NONE,0.0,0.0,0.0,2.56,1.28,34747.52,42325.51,True,False,-0.0064,76500.0,0.0716,1.041,0.07801
2026-08-23T08:41:11Z,QAITUSDT,IMPULSE,NONE,0.0,0.0,0.0,65.23,0.0,1145.54,1116.84,True,False,0.0,76500.0,0.0716,2.124,0.002453
2026-08-23T08:41:15Z,WUSDT,COOLING,SELL,11.48,0.0,11.48,18.59,5.45,3992.92,6373.45,True,False,0.1149,76500.0,0.0716,2.131,0.009131
2026-08-23T08:41:19Z,REDUSDT,IMPULSE,NONE,0.0,0.0,0.0,12.48,-9.8,3354.91,1407.97,True,False,-0.049,76500.0,0.0716,1.114,0.11208
2026-08-23T08:41:58Z,XRPUSDT,COOLING,BUY,0.0,38.14,38.14,2.02,-0.67,60523.65,101935.27,True,False,-0.0034,76531.19,0.0408,1.039,1.481
2026-08-23T08:42:00Z,HBARUSDT,COOLING,NONE,0.0,0.0,0.0,1.28,0.0,26075.6,47355.58,True,False,0.0,76531.19,0.0408,1.054,0.07803
2026-08-23T08:42:03Z,QAITUSDT,IMPULSE,NONE,0.0,0.0,0.0,65.23,0.0,1115.85,1110.14,True,False,0.0,76531.19,0.0408,1.107,0.002461
2026-08-23T08:42:07Z,WUSDT,COOLING,NONE,0.0,0.0,0.0,12.04,-3.28,4494.7,10109.75,True,False,0.0055,76531.19,0.0408,2.075,0.009142
2026-08-23T08:42:09Z,REDUSDT,IMPULSE,NONE,0.0,0.0,0.0,12.48,0.0,3536.26,1191.87,True,False,0.0,76531.19,0.0408,1.102,0.11218
2026-08-23T08:43:10Z,XRPUSDT,COOLING,SELL,15.99,0.82,15.99,1.35,-0.67,70399.37,98933.68,True,False,0.0034,76534.55,0.0044,1.061,1.4832
2026-08-23T08:43:12Z,HBARUSDT,COOLING,NONE,0.0,0.0,0.0,1.28,0.0,13173.31,25631.26,True,False,0.0,76534.55,0.0044,1.093,0.07798
2026-08-23T08:43:15Z,QAITUSDT,IMPULSE,NONE,0.0,0.0,0.0,65.23,0.0,1113.3,1110.14,True,False,0.0,76534.55,0.0044,1.141,0.002461
2026-08-23T08:43:20Z,WUSDT,COOLING,NONE,0.0,0.0,0.0,16.43,5.47,4336.71,7784.34,True,False,0.0274,76534.55,0.0044,2.13,0.009121
2026-08-23T08:43:23Z,REDUSDT,IMPULSE,NONE,0.0,0.0,0.0,9.82,0.0,2025.09,1578.26,True,False,0.0,76534.55,0.0044,2.089,0.11208
2026-08-23T08:43:59Z,XRPUSDT,COOLING,NONE,0.0,0.0,0.0,0.67,0.0,95431.34,50596.99,True,False,0.0,76529.58,-0.0065,2.057,1.4818
2026-08-23T08:44:02Z,HBARUSDT,COOLING,NONE,0.0,0.0,0.0,1.28,0.0,29467.43,9977.58,True,False,0.0,76529.58,-0.0065,2.16,0.07788
2026-08-23T08:44:04Z,QAITUSDT,IMPULSE,NONE,0.0,0.0,0.0,65.23,0.0,1113.3,1110.14,True,False,0.0,76529.58,-0.0065,1.128,0.002461
2026-08-23T08:44:08Z,WUSDT,COOLING,NONE,0.0,0.0,0.0,10.96,0.0,4336.71,7784.34,True,False,0.0,76529.58,-0.0065,2.698,0.009123
2026-08-23T08:44:12Z,REDUSDT,IMPULSE,NONE,0.0,0.0,0.0,11.63,0.0,2477.13,1419.57,True,False,0.0,76529.58,-0.0065,2.36,0.11178
2026-08-23T08:44:47Z,XRPUSDT,COOLING,NONE,0.0,0.0,0.0,2.03,-0.68,23659.99,95188.59,True,False,0.0101,76516.64,-0.0169,1.086,1.4792
2026-08-23T08:44:49Z,HBARUSDT,COOLING,NONE,0.0,0.0,0.0,1.28,0.0,17848.24,10158.94,True,False,0.0,76516.64,-0.0169,1.076,0.07789
2026-08-23T08:44:51Z,QAITUSDT,IMPULSE,NONE,0.0,0.0,0.0,65.23,0.0,1113.3,1110.14,True,False,0.0,76516.64,-0.0169,1.025,0.002461
2026-08-23T08:44:53Z,WUSDT,COOLING,NONE,0.0,0.0,0.0,10.96,0.0,4336.71,7504.38,True,False,0.0,76516.64,-0.0169,1.21,0.009123
2026-08-23T08:44:56Z,REDUSDT,IMPULSE,NONE,0.0,0.0,0.0,14.3,0.0,1374.18,1306.26,True,False,0.0,76516.64,-0.0169,1.047,0.11185
2026-08-23T08:46:10Z,XRPUSDT,COOLING,SELL,8.4,1.22,8.4,2.03,-1.35,70782.91,76028.34,True,False,0.0338,76596.27,0.1041,2.108,1.4806
2026-08-23T08:46:12Z,HBARUSDT,COOLING,NONE,0.0,0.0,0.0,1.28,0.0,23675.51,45245.09,True,False,0.0,76596.27,0.1041,1.17,0.07795
2026-08-23T08:46:18Z,QAITUSDT,IMPULSE,NONE,0.0,0.0,0.0,65.23,0.0,1113.3,1110.14,True,False,0.0,76596.27,0.1041,2.169,0.002461
2026-08-23T08:46:20Z,WUSDT,COOLING,NONE,0.0,0.0,0.0,10.95,-1.09,5516.05,7722.63,True,False,-0.0274,76596.27,0.1041,1.197,0.009131
2026-08-23T08:46:23Z,REDUSDT,IMPULSE,NONE,0.0,0.0,0.0,14.3,0.0,1374.18,1540.66,True,False,0.0,76596.27,0.1041,1.166,0.11184
2026-08-23T08:47:03Z,XRPUSDT,COOLING,SELL,18.54,0.0,18.54,2.7,-0.0,89020.87,55535.21,True,False,0.0068,76569.2,-0.0353,1.082,1.4789
2026-08-23T08:47:06Z,HBARUSDT,COOLING,NONE,0.0,0.0,0.0,1.28,0.0,42308.44,42072.91,True,False,0.0,76569.2,-0.0353,1.172,0.07792
2026-08-23T08:47:10Z,QAITUSDT,IMPULSE,NONE,0.0,0.0,0.0,65.23,0.0,1113.3,1110.14,True,False,0.0,76569.2,-0.0353,2.139,0.002461
2026-08-23T08:47:12Z,WUSDT,COOLING,BUY,40.22,70.22,70.22,10.96,-7.66,6045.79,11689.25,True,False,-0.0493,76569.2,-0.0353,1.099,0.009134
2026-08-23T08:47:15Z,REDUSDT,IMPULSE,NONE,0.0,0.0,0.0,11.63,0.0,2763.04,1396.66,True,False,0.0,76569.2,-0.0353,1.04,0.11188
2026-08-23T08:47:50Z,XRPUSDT,COOLING,SELL,14.06,1.66,14.06,2.71,0.0,96840.09,95454.34,True,False,-0.0068,76525.23,-0.0574,1.298,1.4789
2026-08-23T08:47:52Z,HBARUSDT,COOLING,BUY,0.68,14.41,14.41,1.28,0.0,31553.18,48858.63,True,False,-0.0257,76525.23,-0.0574,1.131,0.07792
2026-08-23T08:47:55Z,QAITUSDT,IMPULSE,NONE,0.0,0.0,0.0,65.23,0.0,1113.3,1110.14,True,False,0.0,76525.23,-0.0574,1.119,0.002461
2026-08-23T08:47:59Z,WUSDT,COOLING,BUY,0.0,50.44,50.44,10.96,-4.38,5220.24,7713.41,True,False,-0.0219,76525.23,-0.0574,1.296,0.009125
2026-08-23T08:48:04Z,REDUSDT,IMPULSE,NONE,0.0,0.0,0.0,11.63,0.0,2763.04,1396.66,True,False,0.0,76525.23,-0.0574,3.006,0.11179
2026-08-23T08:49:16Z,XRPUSDT,COOLING,SELL,8.31,0.0,8.31,2.03,-0.68,53067.11,80197.82,True,False,0.0169,76509.27,-0.0209,1.141,1.4791
2026-08-23T08:49:19Z,HBARUSDT,COOLING,SELL,43.05,0.0,43.05,1.28,0.0,19494.23,43346.6,True,False,0.0,76509.27,-0.0209,1.128,0.07801
2026-08-23T08:49:23Z,QAITUSDT,IMPULSE,NONE,0.0,0.0,0.0,65.23,0.0,1113.3,1110.14,True,False,0.0,76509.27,-0.0209,1.1,0.002461
2026-08-23T08:49:26Z,WUSDT,COOLING,NONE,0.0,0.0,0.0,8.77,0.0,5103.5,7358.79,True,False,0.0,76509.27,-0.0209,1.182,0.009124
2026-08-23T08:49:29Z,REDUSDT,IMPULSE,NONE,0.0,0.0,0.0,11.63,0.0,2605.63,1396.66,True,False,0.0,76509.27,-0.0209,2.083,0.11179
2026-08-23T08:50:05Z,XRPUSDT,COOLING,SELL,8.74,0.0,8.74,2.03,0.68,62746.72,67974.39,True,False,0.0034,76489.6,-0.0257,2.152,1.4771
2026-08-23T08:50:09Z,HBARUSDT,COOLING,NONE,0.0,0.0,0.0,1.28,0.0,20585.07,49637.49,True,False,0.0,76489.6,-0.0257,1.111,0.07805
2026-08-23T08:50:11Z,QAITUSDT,IMPULSE,NONE,0.0,0.0,0.0,65.23,0.0,1113.3,1110.14,True,False,0.0,76489.6,-0.0257,1.046,0.002461
2026-08-23T08:50:14Z,WUSDT,COOLING,NONE,0.0,0.0,0.0,10.96,0.0,3908.38,11411.63,True,False,0.0,76489.6,-0.0257,1.107,0.009116
2026-08-23T08:50:16Z,REDUSDT,IMPULSE,NONE,0.0,0.0,0.0,9.85,0.0,1848.78,1012.86,True,False,0.0,76489.6,-0.0257,1.118,0.11176
2026-08-23T08:50:51Z,XRPUSDT,COOLING,SELL,0.21,0.0,0.21,1.36,-0.68,72882.45,92093.21,True,False,0.0102,76482.72,-0.009,1.162,1.4744
2026-08-23T08:50:54Z,HBARUSDT,COOLING,NONE,0.0,0.0,0.0,1.28,0.0,25944.57,47620.36,True,False,0.0,76482.72,-0.009,1.075,0.07804
2026-08-23T08:50:57Z,QAITUSDT,IMPULSE,NONE,0.0,0.0,0.0,65.23,0.0,1113.3,1110.14,True,False,0.0,76482.72,-0.009,1.285,0.002461
2026-08-23T08:50:59Z,WUSDT,COOLING,NONE,0.0,0.0,0.0,14.26,0.0,4891.58,8720.88,True,False,0.0,76482.72,-0.009,1.118,0.009117
2026-08-23T08:51:02Z,REDUSDT,IMPULSE,NONE,0.0,0.0,0.0,9.85,0.0,1848.78,802.62,True,False,0.0,76482.72,-0.009,2.034,0.11164
2026-08-23T08:52:14Z,XRPUSDT,COOLING,NONE,0.0,0.0,0.0,2.71,0.0,80881.55,84092.28,True,False,0.0,76511.73,0.0379,1.166,1.4745
2026-08-23T08:52:17Z,HBARUSDT,COOLING,NONE,0.0,0.0,0.0,1.28,0.0,14692.81,26610.51,True,False,0.0,76511.73,0.0379,1.138,0.07814
2026-08-23T08:52:20Z,QAITUSDT,IMPULSE,NONE,0.0,0.0,0.0,256.72,31.73,259.9,747.12,True,False,0.1607,76511.73,0.0379,2.146,0.002476
2026-08-23T08:52:24Z,WUSDT,COOLING,NONE,0.0,0.0,0.0,15.31,0.0,5122.83,7822.49,True,False,0.0,76511.73,0.0379,2.176,0.009143
2026-08-23T08:52:28Z,REDUSDT,IMPULSE,NONE,0.0,0.0,0.0,9.85,0.0,1652.62,1014.73,True,False,0.0,76511.73,0.0379,1.114,0.11164
2026-08-23T08:53:05Z,XRPUSDT,COOLING,NONE,0.0,0.0,0.0,2.03,0.0,47986.2,102178.5,True,False,-0.0271,76538.16,0.0345,1.191,1.475
2026-08-23T08:53:07Z,HBARUSDT,COOLING,NONE,0.0,0.0,0.0,1.28,0.0,27812.71,26245.32,True,False,0.0,76538.16,0.0345,1.035,0.07812
2026-08-23T08:53:09Z,QAITUSDT,IMPULSE,NONE,0.0,0.0,0.0,68.67,0.0,62.4,747.12,True,False,0.0,76538.16,0.0345,1.098,0.002479
2026-08-23T08:53:12Z,WUSDT,COOLING,NONE,0.0,0.0,0.0,12.03,0.0,5455.58,7781.51,True,False,0.0,76538.16,0.0345,1.165,0.009148
2026-08-23T08:53:14Z,REDUSDT,IMPULSE,NONE,0.0,0.0,0.0,11.63,0.0,1849.88,1014.73,True,False,0.0,76538.16,0.0345,1.104,0.1117
2026-08-23T08:53:48Z,XRPUSDT,COOLING,NONE,0.0,0.0,0.0,1.36,-1.36,55895.34,98243.71,True,False,0.0,76527.99,-0.0133,1.12,1.4738
2026-08-23T08:53:50Z,HBARUSDT,COOLING,NONE,0.0,0.0,0.0,1.28,0.0,22161.59,8658.24,True,False,0.0,76527.99,-0.0133,1.048,0.07813
2026-08-23T08:53:53Z,QAITUSDT,IMPULSE,SELL,23.2,0.0,23.2,68.67,0.0,1137.19,1114.9,True,False,0.0,76527.99,-0.0133,1.094,0.002479
2026-08-23T08:53:56Z,WUSDT,COOLING,NONE,0.0,0.0,0.0,13.13,0.0,4370.21,11870.85,True,False,0.0,76527.99,-0.0133,2.047,0.009144
2026-08-23T08:53:58Z,REDUSDT,IMPULSE,NONE,0.0,0.0,0.0,11.63,0.0,1849.88,1014.73,True,False,0.0,76527.99,-0.0133,1.117,0.11175
2026-08-23T08:55:12Z,XRPUSDT,COOLING,BUY,0.0,2.45,2.45,1.36,0.0,54231.9,123516.24,True,False,0.0,76509.6,-0.024,1.101,1.4729
2026-08-23T08:55:17Z,HBARUSDT,COOLING,NONE,0.0,0.0,0.0,1.28,0.0,28159.45,12015.97,True,False,0.0,76509.6,-0.024,2.054,0.07804
2026-08-23T08:55:19Z,QAITUSDT,IMPULSE,NONE,0.0,0.0,0.0,68.67,0.0,1092.81,1112.27,True,False,0.0,76509.6,-0.024,1.105,0.002479
2026-08-23T08:55:21Z,WUSDT,COOLING,NONE,0.0,0.0,0.0,14.26,0.0,3827.79,8898.12,True,False,0.0,76509.6,-0.024,1.122,0.009124
2026-08-23T08:55:25Z,REDUSDT,IMPULSE,NONE,0.0,0.0,0.0,20.63,0.0,1944.41,1163.14,True,False,0.0,76509.6,-0.024,1.103,0.1117
2026-08-23T08:56:00Z,XRPUSDT,COOLING,NONE,0.0,0.0,0.0,2.71,1.36,76877.24,71018.94,True,False,0.0203,76500.01,-0.0125,1.178,1.4741
2026-08-23T08:56:03Z,HBARUSDT,COOLING,BUY,0.0,1.24,1.24,3.84,2.56,10597.52,24583.05,True,False,0.0128,76500.01,-0.0125,2.118,0.07803
2026-08-23T08:56:06Z,QAITUSDT,IMPULSE,NONE,0.0,0.0,0.0,68.67,0.0,1092.81,1098.68,True,False,0.0,76500.01,-0.0125,2.108,0.002479
2026-08-23T08:56:10Z,WUSDT,COOLING,NONE,0.0,0.0,0.0,13.17,0.0,5798.6,8898.12,True,False,0.0,76500.01,-0.0125,1.184,0.009117
2026-08-23T08:56:12Z,REDUSDT,IMPULSE,NONE,0.0,0.0,0.0,11.66,0.0,1944.41,802.06,True,False,0.0,76500.01,-0.0125,1.109,0.11155
2026-08-23T08:56:50Z,XRPUSDT,COOLING,BUY,0.0,33.52,33.52,0.68,-2.04,58591.59,128799.06,True,False,-0.017,76460.68,-0.0514,1.089,1.4724
2026-08-23T08:56:52Z,HBARUSDT,COOLING,SELL,38.25,0.0,38.25,1.28,0.0,21662.33,10017.61,True,False,0.0,76460.68,-0.0514,1.133,0.07807
2026-08-23T08:56:56Z,QAITUSDT,IMPULSE,NONE,0.0,0.0,0.0,68.67,0.0,1092.81,1098.68,True,False,0.0,76460.68,-0.0514,2.083,0.002484
2026-08-23T08:57:00Z,WUSDT,COOLING,NONE,0.0,0.0,0.0,13.17,-2.21,3827.79,8757.88,True,False,0.0769,76460.68,-0.0514,0.999,0.009112
2026-08-23T08:57:02Z,REDUSDT,IMPULSE,NONE,0.0,0.0,0.0,14.36,0.0,2682.68,1239.51,True,False,0.0,76460.68,-0.0514,1.072,0.11151
2026-08-23T08:58:05Z,XRPUSDT,COOLING,NONE,0.0,0.0,0.0,2.71,-0.68,36727.84,84514.99,True,False,0.0305,76460.58,-0.0001,1.041,1.4762
2026-08-23T08:58:07Z,HBARUSDT,COOLING,NONE,0.0,0.0,0.0,1.28,0.0,9153.14,9157.05,True,False,0.0,76460.58,-0.0001,1.124,0.07797
2026-08-23T08:58:09Z,QAITUSDT,IMPULSE,NONE,0.0,0.0,0.0,68.67,0.0,1092.81,1098.68,True,False,0.0,76460.58,-0.0001,1.05,0.002484
2026-08-23T08:58:12Z,WUSDT,COOLING,NONE,0.0,0.0,0.0,14.26,0.0,4729.1,9047.91,True,False,0.0,76460.58,-0.0001,1.036,0.009115
2026-08-23T08:58:15Z,REDUSDT,IMPULSE,NONE,0.0,0.0,0.0,11.66,0.0,2611.5,1296.48,True,False,0.0,76460.58,-0.0001,2.158,0.11145
2026-08-23T08:58:51Z,XRPUSDT,COOLING,NONE,0.0,0.0,0.0,2.03,-1.36,49751.55,98331.74,True,False,-0.0068,76457.99,-0.0034,1.13,1.4749
2026-08-23T08:58:54Z,HBARUSDT,COOLING,BUY,0.0,47.94,47.94,1.28,0.0,16920.82,20783.86,True,False,0.0,76457.99,-0.0034,1.044,0.07797
2026-08-23T08:58:56Z,QAITUSDT,IMPULSE,NONE,0.0,0.0,0.0,68.67,0.0,1092.81,1098.68,True,False,0.0,76457.99,-0.0034,1.071,0.002484
2026-08-23T08:58:58Z,WUSDT,COOLING,NONE,0.0,0.0,0.0,9.86,0.0,4951.31,7617.06,True,False,0.0,76457.99,-0.0034,1.069,0.009114
2026-08-23T08:59:02Z,REDUSDT,IMPULSE,NONE,0.0,0.0,0.0,11.67,0.0,1895.44,1119.16,True,False,0.0,76457.99,-0.0034,2.156,0.11142
2026-08-23T08:59:35Z,XRPUSDT,COOLING,SELL,5.84,0.0,5.84,1.35,-1.36,72476.82,70473.25,True,False,0.0339,76480.86,0.0299,2.082,1.4757
2026-08-23T08:59:37Z,HBARUSDT,COOLING,NONE,0.0,0.0,0.0,1.28,0.0,15986.67,29113.87,True,False,0.0,76480.86,0.0299,1.101,0.07802
2026-08-23T08:59:41Z,QAITUSDT,IMPULSE,NONE,0.0,0.0,0.0,68.67,0.0,1092.81,1098.68,True,False,0.0,76480.86,0.0299,1.1,0.002484
2026-08-23T08:59:44Z,WUSDT,COOLING,NONE,0.0,0.0,0.0,14.23,0.0,3870.17,7342.12,True,False,0.0,76480.86,0.0299,1.043,0.009132
2026-08-23T08:59:48Z,REDUSDT,IMPULSE,NONE,0.0,0.0,0.0,21.54,0.0,2103.06,1306.69,True,False,0.0,76480.86,0.0299,2.154,0.11131
2026-08-23T09:00:58Z,XRPUSDT,COOLING,NONE,0.0,0.0,0.0,2.03,0.0,90956.95,77757.76,True,False,0.0,76470.18,-0.014,2.172,1.4749
2026-08-23T09:01:00Z,HBARUSDT,COOLING,NONE,0.0,0.0,0.0,1.28,0.0,11329.71,10230.98,True,False,0.0,76470.18,-0.014,1.079,0.07789
2026-08-23T09:01:03Z,QAITUSDT,IMPULSE,NONE,0.0,0.0,0.0,68.67,0.0,1092.81,1098.68,True,False,0.0,76470.18,-0.014,1.1,0.002484
2026-08-23T09:01:06Z,WUSDT,COOLING,NONE,0.0,0.0,0.0,7.66,0.0,4895.15,7756.61,True,False,0.0,76470.18,-0.014,1.148,0.009129
2026-08-23T09:01:09Z,REDUSDT,IMPULSE,NONE,0.0,0.0,0.0,14.36,0.0,2818.57,1306.69,True,False,0.0,76470.18,-0.014,2.069,0.11143
2026-08-23T09:01:47Z,XRPUSDT,COOLING,BUY,2.35,7.9,7.9,2.7,0.68,61060.14,98153.75,True,False,-0.0034,76527.99,0.0756,2.099,1.4798
2026-08-23T09:01:53Z,HBARUSDT,COOLING,NONE,0.0,0.0,0.0,1.28,0.0,22569.98,14093.7,True,False,0.0,76527.99,0.0756,2.103,0.07789
2026-08-23T09:01:56Z,QAITUSDT,IMPULSE,NONE,0.0,0.0,0.0,68.67,0.0,1092.81,1098.68,True,False,0.0,76527.99,0.0756,2.107,0.002484
2026-08-23T09:01:59Z,WUSDT,COOLING,NONE,0.0,0.0,0.0,14.2,0.0,4593.93,8265.87,True,False,0.0,76527.99,0.0756,2.097,0.009152
2026-08-23T09:02:04Z,REDUSDT,IMPULSE,NONE,0.0,0.0,0.0,11.66,0.0,2511.58,1469.3,True,False,0.0,76527.99,0.0756,1.035,0.11155
2026-08-23T09:02:46Z,XRPUSDT,COOLING,SELL,5.07,0.0,5.07,0.67,-0.68,61471.77,73508.33,True,False,0.0169,76590.54,0.0817,2.123,1.4816
2026-08-23T09:02:49Z,HBARUSDT,COOLING,NONE,0.0,0.0,0.0,1.28,-2.56,16911.29,9232.33,True,False,0.0,76590.54,0.0817,1.129,0.07808
2026-08-23T09:02:51Z,QAITUSDT,IMPULSE,NONE,0.0,0.0,0.0,68.67,0.0,1092.81,1098.68,True,False,0.0,76590.54,0.0817,1.062,0.002484
2026-08-23T09:02:55Z,WUSDT,COOLING,NONE,0.0,0.0,0.0,13.11,-2.2,3794.03,8259.61,True,False,0.0765,76590.54,0.0817,2.125,0.009142
2026-08-23T09:02:57Z,REDUSDT,IMPULSE,NONE,0.0,0.0,0.0,20.63,0.0,2042.5,1136.39,True,False,0.0,76590.54,0.0817,1.035,0.11154
2026-08-23T09:04:07Z,XRPUSDT,COOLING,BUY,14.78,34.54,34.54,1.35,-0.0,59879.42,88235.29,True,False,0.0405,76530.01,-0.079,1.098,1.4816
2026-08-23T09:04:10Z,HBARUSDT,COOLING,NONE,0.0,0.0,0.0,1.28,0.0,24020.27,9572.35,True,False,0.0,76530.01,-0.079,1.149,0.07813
2026-08-23T09:04:14Z,QAITUSDT,IMPULSE,NONE,0.0,0.0,0.0,68.67,0.0,1092.81,1098.68,True,False,0.0,76530.01,-0.079,1.056,0.002484
2026-08-23T09:04:17Z,WUSDT,COOLING,NONE,0.0,0.0,0.0,15.31,0.0,4693.92,7957.69,True,False,0.0,76530.01,-0.079,1.219,0.009152
2026-08-23T09:04:22Z,REDUSDT,IMPULSE,NONE,0.0,0.0,0.0,11.66,0.0,2164.87,1239.26,True,False,0.0,76530.01,-0.079,1.127,0.11151
2026-08-23T09:05:00Z,XRPUSDT,COOLING,SELL,15.01,0.0,15.01,2.7,0.67,49379.98,64712.68,True,False,-0.0236,76601.59,0.0935,2.045,1.4845
2026-08-23T09:05:04Z,HBARUSDT,COOLING,SELL,36.57,0.04,36.57,1.28,-0.0,26837.03,28336.14,True,False,0.0128,76601.59,0.0935,1.811,0.07807
2026-08-23T09:05:10Z,QAITUSDT,IMPULSE,NONE,0.0,0.0,0.0,60.62,0.0,1092.81,1098.68,True,False,0.0,76601.59,0.0935,2.145,0.002484
2026-08-23T09:05:12Z,WUSDT,COOLING,NONE,0.0,0.0,0.0,14.2,0.0,4290.05,8248.32,True,False,0.0,76601.59,0.0935,1.073,0.009146
2026-08-23T09:05:14Z,REDUSDT,IMPULSE,NONE,0.0,0.0,0.0,12.55,0.0,2669.6,1257.26,True,False,0.0,76601.59,0.0935,1.132,0.11154
2026-08-23T09:05:50Z,XRPUSDT,COOLING,NONE,0.0,0.0,0.0,0.67,0.0,79434.4,142766.3,True,False,0.0,76605.1,0.0046,1.137,1.4836
2026-08-23T09:05:54Z,HBARUSDT,COOLING,NONE,0.0,0.0,0.0,1.28,-1.28,25434.41,10490.09,True,False,0.0192,76605.1,0.0046,2.057,0.07808
2026-08-23T09:05:58Z,QAITUSDT,IMPULSE,NONE,0.0,0.0,0.0,52.56,0.0,1092.81,1098.68,True,False,0.0,76605.1,0.0046,1.133,0.002484
2026-08-23T09:06:01Z,WUSDT,COOLING,NONE,0.0,0.0,0.0,13.11,0.0,4290.05,8248.32,True,False,0.0,76605.1,0.0046,1.122,0.009148
2026-08-23T09:06:05Z,REDUSDT,IMPULSE,NONE,0.0,0.0,0.0,12.53,0.0,1656.21,1348.34,True,False,0.0,76605.1,0.0046,2.111,0.1116
2026-08-23T09:07:15Z,XRPUSDT,COOLING,NONE,0.0,0.0,0.0,2.02,0.0,64458.77,65457.01,True,False,0.0,76596.61,-0.0111,1.175,1.4819
2026-08-23T09:07:17Z,HBARUSDT,COOLING,NONE,0.0,0.0,0.0,1.28,0.0,36733.85,11212.8,True,False,0.0,76596.61,-0.0111,1.111,0.07798
2026-08-23T09:07:21Z,QAITUSDT,IMPULSE,NONE,0.0,0.0,0.0,56.59,0.0,1092.81,1098.68,True,False,0.0,76596.61,-0.0111,2.082,0.002479
2026-08-23T09:07:23Z,WUSDT,COOLING,NONE,0.0,0.0,0.0,9.83,0.0,4176.21,7513.56,True,False,0.0,76596.61,-0.0111,1.097,0.009153
2026-08-23T09:07:26Z,REDUSDT,IMPULSE,NONE,0.0,0.0,0.0,11.66,0.0,1656.21,1268.63,True,False,0.0,76596.61,-0.0111,1.119,0.11154
2026-08-23T09:08:01Z,XRPUSDT,COOLING,NONE,0.0,0.0,0.0,2.03,-0.0,59901.42,122921.77,True,False,0.0068,76611.79,0.0198,2.12,1.4785
2026-08-23T09:08:04Z,HBARUSDT,COOLING,NONE,0.0,0.0,0.0,1.28,0.0,26037.82,9602.17,True,False,0.0,76611.79,0.0198,1.158,0.07799
2026-08-23T09:08:06Z,QAITUSDT,IMPULSE,NONE,0.0,0.0,0.0,68.67,0.0,1092.81,1098.68,True,False,0.0,76611.79,0.0198,1.096,0.002479
2026-08-23T09:08:09Z,WUSDT,COOLING,NONE,0.0,0.0,0.0,15.31,0.0,5205.68,6355.36,True,False,0.0,76611.79,0.0198,1.111,0.009153
2026-08-23T09:08:11Z,REDUSDT,IMPULSE,NONE,0.0,0.0,0.0,11.66,0.0,1656.21,1268.63,True,False,0.0,76611.79,0.0198,1.099,0.11154
2026-08-23T09:08:46Z,XRPUSDT,COOLING,SELL,6.65,0.0,6.65,2.03,0.0,86880.49,131188.18,True,False,0.0,76612.3,0.0007,1.088,1.478
2026-08-23T09:08:49Z,HBARUSDT,COOLING,NONE,0.0,0.0,0.0,1.28,0.0,27260.22,13187.65,True,False,0.0,76612.3,0.0007,1.094,0.07795
2026-08-23T09:08:52Z,QAITUSDT,IMPULSE,NONE,0.0,0.0,0.0,68.67,0.0,1092.81,1098.68,True,False,0.0,76612.3,0.0007,1.123,0.002479
2026-08-23T09:08:55Z,WUSDT,COOLING,NONE,0.0,0.0,0.0,13.11,0.0,4584.74,11579.16,True,False,0.0,76612.3,0.0007,1.133,0.009147
2026-08-23T09:08:58Z,REDUSDT,IMPULSE,NONE,0.0,0.0,0.0,11.66,0.0,1656.21,1268.63,True,False,0.0,76612.3,0.0007,1.1,0.11157
2026-08-23T09:10:05Z,XRPUSDT,COOLING,NONE,0.0,0.0,0.0,2.03,0.0,65189.29,33651.87,True,False,-0.0338,76598.45,-0.0181,2.18,1.4799
2026-08-23T09:10:09Z,HBARUSDT,COOLING,NONE,0.0,0.0,0.0,1.28,0.0,41206.56,9800.13,True,False,0.0,76598.45,-0.0181,1.198,0.07801
2026-08-23T09:10:13Z,QAITUSDT,IMPULSE,NONE,0.0,0.0,0.0,68.67,0.0,1126.82,1098.68,True,False,0.0,76598.45,-0.0181,1.108,0.002479
2026-08-23T09:10:16Z,WUSDT,COOLING,NONE,0.0,0.0,0.0,13.13,0.0,3279.22,7672.06,True,False,0.0,76598.45,-0.0181,1.12,0.009146
2026-08-23T09:10:20Z,REDUSDT,IMPULSE,NONE,0.0,0.0,0.0,14.36,0.0,1748.19,1268.63,True,False,0.0,76598.45,-0.0181,2.061,0.11156
2026-08-23T09:10:54Z,XRPUSDT,COOLING,BUY,0.0,14.04,14.04,2.03,0.68,70168.46,74976.67,True,False,0.0034,76592.33,-0.008,1.459,1.4794
2026-08-23T09:10:56Z,HBARUSDT,COOLING,NONE,0.0,0.0,0.0,1.28,0.0,25445.96,10161.66,True,False,0.0,76592.33,-0.008,1.179,0.07802
2026-08-23T09:10:59Z,QAITUSDT,IMPULSE,NONE,0.0,0.0,0.0,68.67,0.0,1126.82,1098.68,True,False,0.0,76592.33,-0.008,1.255,0.002479
2026-08-23T09:11:01Z,WUSDT,COOLING,SELL,8.04,0.0,8.04,13.13,-5.47,4219.32,7681.21,True,False,-0.0164,76592.33,-0.008,1.089,0.009136
2026-08-23T09:11:04Z,REDUSDT,IMPULSE,NONE,0.0,0.0,0.0,14.36,0.0,1748.19,1412.02,True,False,0.0,76592.33,-0.008,2.06,0.11153
2026-08-23T09:11:43Z,XRPUSDT,COOLING,BUY,0.35,19.77,19.77,2.7,0.68,64408.32,116678.13,True,False,0.0034,76580.43,-0.0155,2.02,1.4792
2026-08-23T09:11:46Z,HBARUSDT,COOLING,NONE,0.0,0.0,0.0,1.28,0.0,25955.44,11816.84,True,False,0.0,76580.43,-0.0155,1.431,0.07813
2026-08-23T09:11:48Z,QAITUSDT,IMPULSE,NONE,0.0,0.0,0.0,68.67,0.0,1126.82,1098.68,True,False,0.0,76580.43,-0.0155,1.208,0.002479
2026-08-23T09:11:50Z,WUSDT,COOLING,NONE,0.0,0.0,0.0,14.21,0.0,4219.32,7681.21,True,False,0.0,76580.43,-0.0155,1.047,0.009139
2026-08-23T09:11:54Z,REDUSDT,IMPULSE,NONE,0.0,0.0,0.0,14.36,0.0,1575.78,833.38,True,False,0.0,76580.43,-0.0155,1.086,0.11146
2026-08-23T09:13:07Z,XRPUSDT,COOLING,SELL,4.21,0.0,4.21,2.7,-0.0,62108.02,73369.13,True,False,0.0135,76557.08,-0.0305,1.071,1.4803
2026-08-23T09:13:10Z,HBARUSDT,COOLING,SELL,1.0,0.0,1.0,1.28,0.0,49056.86,11895.17,True,False,0.0,76557.08,-0.0305,1.09,0.0781
2026-08-23T09:13:14Z,QAITUSDT,IMPULSE,BUY,0.0,54.25,54.25,178.54,-3.93,982.41,2600.13,True,False,-0.0198,76557.08,-0.0305,1.134,0.002498
2026-08-23T09:13:17Z,WUSDT,COOLING,NONE,0.0,0.0,0.0,6.56,0.0,4110.78,8239.75,True,False,0.0,76557.08,-0.0305,1.256,0.009143
2026-08-23T09:13:19Z,REDUSDT,IMPULSE,NONE,0.0,0.0,0.0,11.66,0.0,1815.02,1102.74,True,False,0.0,76557.08,-0.0305,1.089,0.1116
2026-08-23T09:13:54Z,XRPUSDT,COOLING,SELL,3.83,0.0,3.83,2.03,-0.0,77703.67,63250.6,True,False,0.0135,76557.77,0.0009,1.07,1.4801
2026-08-23T09:13:56Z,HBARUSDT,COOLING,NONE,0.0,0.0,0.0,1.28,0.0,36446.04,9822.71,True,False,0.0,76557.77,0.0009,1.084,0.07805
2026-08-23T09:14:00Z,QAITUSDT,IMPULSE,BUY,0.0,12.46,12.46,178.54,4.0,982.41,1155.75,True,False,-0.0198,76557.77,0.0009,1.074,0.002498
2026-08-23T09:14:02Z,WUSDT,COOLING,SELL,38.55,0.0,38.55,13.08,0.0,7732.71,10760.62,True,False,0.0,76557.77,0.0009,1.125,0.009145
2026-08-23T09:14:05Z,REDUSDT,IMPULSE,NONE,0.0,0.0,0.0,11.66,0.0,1815.02,1102.74,True,False,0.0,76557.77,0.0009,1.086,0.11153
2026-08-23T09:14:37Z,XRPUSDT,COOLING,SELL,15.1,5.08,15.1,3.38,0.68,66124.11,116174.59,True,False,0.0034,76563.9,0.008,1.125,1.4798
2026-08-23T09:14:41Z,HBARUSDT,COOLING,NONE,0.0,0.0,0.0,1.28,0.0,31654.52,10154.46,True,False,0.0,76563.9,0.008,1.266,0.07805
2026-08-23T09:14:45Z,QAITUSDT,IMPULSE,NONE,0.0,0.0,0.0,166.67,0.0,1004.18,1121.3,True,False,0.0,76563.9,0.008,2.056,0.002497
2026-08-23T09:14:48Z,WUSDT,COOLING,NONE,0.0,0.0,0.0,11.99,0.0,4377.95,10760.62,True,False,0.0,76563.9,0.008,1.108,0.009173
2026-08-23T09:14:52Z,REDUSDT,IMPULSE,NONE,0.0,0.0,0.0,11.66,0.0,1815.02,1102.74,True,False,0.0,76563.9,0.008,1.223,0.11151
2026-08-23T09:16:00Z,XRPUSDT,COOLING,NONE,0.0,0.0,0.0,2.03,-0.0,59463.61,71984.84,True,False,0.0068,76606.28,0.0554,2.111,1.4806
2026-08-23T09:16:04Z,HBARUSDT,COOLING,NONE,0.0,0.0,0.0,1.28,0.0,18662.79,9821.46,True,False,0.0,76606.28,0.0554,1.045,0.07807
2026-08-23T09:16:07Z,QAITUSDT,IMPULSE,NONE,0.0,0.0,0.0,63.85,0.0,986.87,1173.94,True,False,0.0,76606.28,0.0554,2.098,0.002506
2026-08-23T09:16:11Z,ZBCNUSDT,IMPULSE,NONE,0.0,0.0,0.0,34.15,14.42,609.48,100.13,True,False,-0.0933,76606.28,0.0554,2.182,0.0018744
2026-08-23T09:16:14Z,WUSDT,COOLING,NONE,0.0,0.0,0.0,10.91,0.0,5896.93,8977.05,True,False,0.0,76606.28,0.0554,1.165,0.00916
2026-08-23T09:16:54Z,XRPUSDT,COOLING,NONE,0.0,0.0,0.0,2.03,0.0,88113.59,90797.35,True,False,0.0,76560.13,-0.0602,1.134,1.4789
2026-08-23T09:16:56Z,HBARUSDT,COOLING,NONE,0.0,0.0,0.0,1.28,0.0,24165.33,11099.44,True,False,0.0,76560.13,-0.0602,1.123,0.07801
2026-08-23T09:16:58Z,QAITUSDT,IMPULSE,NONE,0.0,0.0,0.0,63.85,0.0,1162.33,1142.56,True,False,0.0,76560.13,-0.0602,1.125,0.002506
2026-08-23T09:17:01Z,ZBCNUSDT,IMPULSE,NONE,0.0,0.0,0.0,25.62,0.0,1479.29,100.05,True,False,0.0,76560.13,-0.0602,1.178,0.001874
2026-08-23T09:17:03Z,WUSDT,COOLING,NONE,0.0,0.0,0.0,15.29,0.0,5896.93,13328.68,True,False,0.0,76560.13,-0.0602,1.039,0.009157
2026-08-23T09:17:37Z,XRPUSDT,COOLING,BUY,0.0,7.03,7.03,2.03,0.0,57685.03,141236.45,True,False,0.0,76540.11,-0.0261,1.254,1.4781
2026-08-23T09:17:39Z,HBARUSDT,COOLING,NONE,0.0,0.0,0.0,1.28,0.0,41912.28,9117.06,True,False,0.0,76540.11,-0.0261,1.113,0.07795
2026-08-23T09:17:42Z,QAITUSDT,IMPULSE,BUY,0.0,9.04,9.04,67.85,0.0,1050.85,1132.54,True,False,0.0,76540.11,-0.0261,1.283,0.002497
2026-08-23T09:18:01Z,ZBCNUSDT,IMPULSE,SELL,2.32,0.0,2.32,30.99,0.0,1081.26,2060.88,True,False,0.0,76540.11,-0.0261,4.754,0.0018752
2026-08-23T09:18:08Z,WUSDT,COOLING,NONE,0.0,0.0,0.0,14.2,0.0,5896.93,12937.44,True,False,0.0,76540.11,-0.0261,1.457,0.009152
2026-08-23T09:19:13Z,XRPUSDT,COOLING,BUY,11.34,25.44,25.44,2.03,0.0,88115.94,102169.97,True,False,0.0,76552.92,0.0167,1.117,1.4767
2026-08-23T09:19:16Z,HBARUSDT,COOLING,NONE,0.0,0.0,0.0,2.57,0.0,26615.94,10425.48,True,False,0.0,76552.92,0.0167,1.498,0.07784
2026-08-23T09:19:19Z,QAITUSDT,IMPULSE,NONE,0.0,0.0,0.0,67.85,0.0,1050.85,1117.61,True,False,0.0,76552.92,0.0167,1.08,0.002497
2026-08-23T09:19:23Z,ZBCNUSDT,IMPULSE,NONE,0.0,0.0,0.0,20.9,-0.54,962.11,93.74,True,False,-0.0027,76552.92,0.0167,2.165,0.0018667
2026-08-23T09:19:27Z,WUSDT,COOLING,NONE,0.0,0.0,0.0,15.31,0.0,5896.93,8643.37,True,False,0.0,76552.92,0.0167,2.124,0.009148
2026-08-23T09:20:02Z,XRPUSDT,COOLING,NONE,0.0,0.0,0.0,2.71,0.68,106763.17,99000.36,True,False,-0.0034,76540.86,-0.0158,1.054,1.4753
2026-08-23T09:20:04Z,HBARUSDT,COOLING,SELL,48.71,0.0,48.71,1.29,0.0,24269.17,9161.22,True,True,0.0,76540.86,-0.0158,1.114,0.07784
2026-08-23T09:20:07Z,QAITUSDT,IMPULSE,NONE,0.0,0.0,0.0,67.85,0.0,1050.85,1117.61,True,False,0.0,76540.86,-0.0158,1.124,0.002497
2026-08-23T09:20:09Z,ZBCNUSDT,IMPULSE,NONE,0.0,0.0,0.0,26.79,0.0,962.11,227.46,True,False,0.0,76540.86,-0.0158,1.034,0.0018658
2026-08-23T09:20:12Z,WUSDT,COOLING,NONE,0.0,0.0,0.0,14.2,-1.11,5896.93,8643.37,True,False,0.082,76540.86,-0.0158,1.149,0.009145
2026-08-23T09:20:47Z,XRPUSDT,COOLING,BUY,0.0,15.84,15.84,2.03,0.0,81703.76,129359.97,True,False,0.0,76532.61,-0.0108,1.014,1.4779
2026-08-23T09:20:49Z,HBARUSDT,COOLING,BUY,0.0,53.86,53.86,2.57,1.29,29710.93,23966.38,True,False,0.0064,76532.61,-0.0108,1.101,0.0778
2026-08-23T09:20:51Z,QAITUSDT,IMPULSE,NONE,0.0,0.0,0.0,67.85,0.0,1050.85,1117.61,True,False,0.0,76532.61,-0.0108,1.152,0.002497
2026-08-23T09:20:55Z,ZBCNUSDT,IMPULSE,NONE,0.0,0.0,0.0,23.58,0.0,962.11,2060.0,True,False,0.0,76532.61,-0.0108,1.219,0.0018664
2026-08-23T09:20:57Z,WUSDT,COOLING,NONE,0.0,0.0,0.0,10.91,2.17,5647.97,9347.93,True,False,0.0983,76532.61,-0.0108,1.101,0.009154
2026-08-23T09:22:42Z,XRPUSDT,COOLING,NONE,0.0,0.0,0.0,2.71,0.0,96010.67,64781.67,True,False,0.0,76502.05,-0.0399,1.886,1.4775
2026-08-23T09:22:46Z,HBARUSDT,COOLING,NONE,0.0,0.0,0.0,1.29,0.0,15235.56,9642.83,True,False,0.0,76502.05,-0.0399,2.11,0.07767
2026-08-23T09:23:31Z,QAITUSDT,IMPULSE,NONE,0.0,0.0,0.0,67.85,0.0,1050.85,1117.61,True,False,0.0,76502.05,-0.0399,2.387,0.002497
2026-08-23T09:23:34Z,ZBCNUSDT,IMPULSE,NONE,0.0,0.0,0.0,28.37,0.0,962.11,2060.0,True,False,0.0,76502.05,-0.0399,2.074,0.0018684
2026-08-23T09:23:36Z,WUSDT,COOLING,NONE,0.0,0.0,0.0,8.74,0.0,5528.71,9657.59,True,False,0.0,76502.05,-0.0399,1.434,0.009155
2026-08-23T09:24:50Z,XRPUSDT,COOLING,NONE,0.0,0.0,0.0,2.03,-0.68,82084.91,81432.23,True,False,0.0034,76502.36,0.0004,1.051,1.4766
2026-08-23T09:25:32Z,HBARUSDT,COOLING,SELL,63.97,0.0,63.97,2.57,1.28,27220.44,10109.61,True,False,0.0321,76502.36,0.0004,1.055,0.0778
2026-08-23T09:25:35Z,QAITUSDT,IMPULSE,NONE,0.0,0.0,0.0,67.85,0.0,1050.85,1117.61,True,False,0.0,76502.36,0.0004,1.087,0.002497
2026-08-23T09:25:37Z,ZBCNUSDT,IMPULSE,NONE,0.0,0.0,0.0,17.34,0.0,133.14,139.3,True,False,0.0,76502.36,0.0004,1.043,0.0018469
2026-08-23T09:25:39Z,WUSDT,COOLING,NONE,0.0,0.0,0.0,12.03,0.0,5528.71,13322.64,True,False,0.0,76502.36,0.0004,1.163,0.009147
2026-08-23T09:27:35Z,XRPUSDT,COOLING,NONE,0.0,0.0,0.0,1.35,-0.68,60554.28,91393.53,True,False,0.1592,76541.36,0.051,41.094,1.4774
2026-08-23T09:27:37Z,HBARUSDT,COOLING,NONE,0.0,0.0,0.0,1.28,0.0,37946.42,9468.31,True,False,0.0,76541.36,0.051,1.146,0.07787
2026-08-23T09:27:39Z,QAITUSDT,IMPULSE,NONE,0.0,0.0,0.0,67.85,0.0,1050.85,1117.61,True,False,0.0,76541.36,0.051,1.07,0.002497
2026-08-23T09:27:42Z,ZBCNUSDT,IMPULSE,BUY,0.0,20.25,20.25,30.32,0.0,133.14,184.07,True,False,0.0,76541.36,0.051,1.159,0.0018475
2026-08-23T09:27:44Z,WUSDT,COOLING,NONE,0.0,0.0,0.0,10.92,0.0,11304.91,9657.48,True,False,0.0,76541.36,0.051,1.216,0.00916
2026-08-23T09:30:44Z,XRPUSDT,COOLING,BUY,7.57,29.71,29.71,2.04,0.68,74889.46,119182.39,True,False,0.0238,76484.39,-0.0744,1.103,1.4741
2026-08-23T09:30:46Z,HBARUSDT,COOLING,NONE,0.0,0.0,0.0,1.29,0.0,41906.6,10495.71,True,False,0.0,76484.39,-0.0744,1.07,0.07772
2026-08-23T09:30:49Z,QAITUSDT,IMPULSE,NONE,0.0,0.0,0.0,67.85,0.0,1050.85,1117.61,True,False,0.0,76484.39,-0.0744,1.062,0.002497
2026-08-23T09:30:53Z,ZBCNUSDT,IMPULSE,NONE,0.0,0.0,0.0,15.69,0.0,133.14,281.01,True,False,0.0,76484.39,-0.0744,1.04,0.0018483
2026-08-23T09:30:55Z,WUSDT,COOLING,NONE,0.0,0.0,0.0,13.13,0.0,3574.95,11891.73,True,False,0.0,76484.39,-0.0744,1.094,0.009141
2026-08-23T09:31:28Z,XRPUSDT,COOLING,SELL,44.06,5.87,44.06,2.04,-0.0,120963.07,81921.1,True,False,0.0408,76488.49,0.0054,1.149,1.4715
2026-08-23T09:31:32Z,HBARUSDT,COOLING,NONE,0.0,0.0,0.0,2.57,0.0,31836.65,24442.99,True,False,0.0,76488.49,0.0054,2.123,0.07767
2026-08-23T09:31:34Z,QAITUSDT,IMPULSE,NONE,0.0,0.0,0.0,67.85,0.0,1050.85,1117.61,True,False,0.0,76488.49,0.0054,1.091,0.002497
2026-08-23T09:31:36Z,ZBCNUSDT,IMPULSE,NONE,0.0,0.0,0.0,13.53,0.0,133.14,204.31,True,False,0.0,76488.49,0.0054,1.1,0.0018482
2026-08-23T09:31:38Z,WUSDT,COOLING,NONE,0.0,0.0,0.0,6.58,0.0,3191.08,9958.95,True,False,0.0,76488.49,0.0054,1.03,0.009128
2026-08-23T09:32:09Z,XRPUSDT,COOLING,NONE,0.0,0.0,0.0,2.04,0.0,76275.41,113391.3,True,False,0.0,76476.76,-0.0153,1.121,1.4722
2026-08-23T09:32:11Z,HBARUSDT,COOLING,NONE,0.0,0.0,0.0,1.29,0.0,35034.6,24645.95,True,False,0.0,76476.76,-0.0153,1.079,0.07767
2026-08-23T09:32:15Z,QAITUSDT,IMPULSE,NONE,0.0,0.0,0.0,67.85,0.0,1050.85,1117.61,True,False,0.0,76476.76,-0.0153,1.045,0.002497
2026-08-23T09:32:17Z,ZBCNUSDT,IMPULSE,NONE,0.0,0.0,0.0,12.99,0.0,138.65,2043.13,True,False,0.0,76476.76,-0.0153,1.09,0.0018481
2026-08-23T09:32:19Z,WUSDT,COOLING,NONE,0.0,0.0,0.0,6.58,0.0,4706.34,10244.32,True,False,0.0,76476.76,-0.0153,1.102,0.009123
2026-08-23T09:33:55Z,XRPUSDT,COOLING,SELL,50.28,9.66,50.28,2.04,0.0,121807.19,93256.83,True,False,0.0,76491.47,0.0192,1.125,1.4685
2026-08-23T09:33:57Z,HBARUSDT,COOLING,NONE,0.0,0.0,0.0,1.29,0.0,33373.09,9841.81,True,False,0.0,76491.47,0.0192,1.117,0.07762
2026-08-23T09:34:00Z,QAITUSDT,IMPULSE,NONE,0.0,0.0,0.0,67.85,0.0,1050.85,1117.61,True,False,0.0,76491.47,0.0192,1.004,0.002497
2026-08-23T09:34:03Z,ZBCNUSDT,IMPULSE,BUY,5.93,23.59,23.59,16.83,-1.09,152.04,160.49,True,False,-0.0054,76491.47,0.0192,2.098,0.0018422
2026-08-23T09:34:06Z,WUSDT,COOLING,NONE,0.0,0.0,0.0,16.43,5.47,4159.55,9105.85,True,False,0.0274,76491.47,0.0192,1.121,0.009116
2026-08-23T09:35:57Z,XRPUSDT,COOLING,BUY,0.0,31.19,31.19,2.72,-0.0,62900.95,117296.17,True,False,0.1159,76475.88,-0.0204,1.069,1.4679
2026-08-23T09:36:00Z,HBARUSDT,COOLING,NONE,0.0,0.0,0.0,1.29,0.0,31750.21,12802.08,True,False,0.0,76475.88,-0.0204,1.203,0.07762
2026-08-23T09:36:42Z,QAITUSDT,IMPULSE,NONE,0.0,0.0,0.0,67.85,0.0,1050.85,1117.61,True,False,0.0,76475.88,-0.0204,41.014,0.002497
2026-08-23T09:36:46Z,ZBCNUSDT,IMPULSE,NONE,0.0,0.0,0.0,17.35,-0.54,133.14,89.38,True,False,0.0027,76475.88,-0.0204,1.088,0.0018443
2026-08-23T09:36:48Z,WUSDT,COOLING,NONE,0.0,0.0,0.0,13.13,0.0,4683.77,9510.9,True,False,0.0,76475.88,-0.0204,1.035,0.009136
2026-08-23T09:37:21Z,XRPUSDT,COOLING,NONE,0.0,0.0,0.0,1.36,-0.0,58287.58,59349.86,True,False,0.0136,76528.68,0.069,1.133,1.4729
2026-08-23T09:37:23Z,HBARUSDT,COOLING,NONE,0.0,0.0,0.0,1.29,0.0,32247.51,24796.4,True,False,0.0,76528.68,0.069,1.104,0.0777
2026-08-23T09:37:26Z,QAITUSDT,IMPULSE,NONE,0.0,0.0,0.0,67.85,0.0,1050.85,1117.61,True,False,0.0,76528.68,0.069,1.208,0.002497
2026-08-23T09:37:29Z,ZBCNUSDT,IMPULSE,NONE,0.0,0.0,0.0,16.28,0.0,133.14,402.84,True,False,0.0,76528.68,0.069,1.021,0.0018433
2026-08-23T09:37:33Z,WUSDT,COOLING,NONE,0.0,0.0,0.0,14.2,0.0,5580.35,7523.03,True,False,0.0,76528.68,0.069,2.168,0.009149
2026-08-23T09:39:58Z,XRPUSDT,COOLING,NONE,0.0,0.0,0.0,2.72,0.68,56833.92,102079.63,True,False,0.0034,76504.39,-0.0317,1.29,1.4702
2026-08-23T09:40:00Z,HBARUSDT,COOLING,BUY,0.0,52.22,52.22,1.29,0.0,16816.63,21096.17,True,False,0.0,76504.39,-0.0317,1.055,0.07773
2026-08-23T09:40:03Z,QAITUSDT,IMPULSE,NONE,0.0,0.0,0.0,67.85,0.0,1050.85,1117.61,True,False,0.0,76504.39,-0.0317,2.143,0.002497
2026-08-23T09:40:05Z,ZBCNUSDT,IMPULSE,NONE,0.0,0.0,0.0,13.54,-0.54,133.14,2029.9,True,False,0.0027,76504.39,-0.0317,1.099,0.001846
2026-08-23T09:40:48Z,WUSDT,COOLING,NONE,0.0,0.0,0.0,14.2,0.0,5594.86,7889.01,True,False,0.0,76504.39,-0.0317,1.204,0.009156
2026-08-23T09:42:04Z,XRPUSDT,COOLING,NONE,0.0,0.0,0.0,2.03,-0.68,77218.64,79497.84,True,False,-0.0305,76554.48,0.0655,1.114,1.475
2026-08-23T09:42:06Z,HBARUSDT,COOLING,NONE,0.0,0.0,0.0,1.28,0.0,27148.82,11137.44,True,False,0.0,76554.48,0.0655,1.043,0.07785
2026-08-23T09:42:08Z,QAITUSDT,IMPULSE,NONE,0.0,0.0,0.0,67.85,0.0,1050.85,1117.61,True,False,0.0,76554.48,0.0655,1.066,0.002497
2026-08-23T09:42:10Z,ZBCNUSDT,IMPULSE,NONE,0.0,0.0,0.0,14.61,0.0,133.14,2036.36,True,False,0.0,76554.48,0.0655,1.076,0.001846
2026-08-23T09:42:13Z,WUSDT,COOLING,NONE,0.0,0.0,0.0,16.4,0.0,3545.12,10474.45,True,False,0.0,76554.48,0.0655,1.057,0.009149
2026-08-23T09:42:44Z,XRPUSDT,COOLING,NONE,0.0,0.0,0.0,2.03,0.0,85207.7,93798.46,True,False,0.0,76544.44,-0.0131,1.124,1.4751
2026-08-23T09:42:47Z,HBARUSDT,COOLING,NONE,0.0,0.0,0.0,1.29,0.0,30261.31,11719.66,True,False,0.0,76544.44,-0.0131,1.218,0.07785
2026-08-23T09:42:49Z,QAITUSDT,IMPULSE,NONE,0.0,0.0,0.0,67.85,0.0,1050.85,1117.61,True,False,0.0,76544.44,-0.0131,1.231,0.002497
2026-08-23T09:42:52Z,ZBCNUSDT,IMPULSE,NONE,0.0,0.0,0.0,11.38,-0.54,133.14,2033.4,True,False,-0.0081,76544.44,-0.0131,2.072,0.0018467
2026-08-23T09:42:55Z,WUSDT,COOLING,NONE,0.0,0.0,0.0,9.83,0.0,5594.86,7856.09,True,False,0.0,76544.44,-0.0131,1.204,0.009149
2026-08-23T09:44:32Z,XRPUSDT,COOLING,SELL,35.07,7.25,35.07,0.68,-1.36,97252.49,81481.31,True,False,-0.0068,76550.37,0.0077,1.117,1.4755
2026-08-23T09:44:35Z,HBARUSDT,COOLING,SELL,13.97,6.33,13.97,1.29,0.0,49557.6,11299.0,True,False,-0.0257,76550.37,0.0077,2.099,0.07781
2026-08-23T09:44:37Z,QAITUSDT,IMPULSE,NONE,0.0,0.0,0.0,67.85,0.0,1050.85,1117.61,True,False,0.0,76550.37,0.0077,1.049,0.002497
2026-08-23T09:44:41Z,ZBCNUSDT,IMPULSE,NONE,0.0,0.0,0.0,12.45,0.0,133.14,422.94,True,False,0.0,76550.37,0.0077,1.156,0.0018478
2026-08-23T09:44:43Z,WUSDT,COOLING,NONE,0.0,0.0,0.0,14.2,0.0,5594.86,7856.09,True,False,0.0,76550.37,0.0077,1.01,0.009153
2026-08-23T09:47:18Z,XRPUSDT,COOLING,SELL,10.0,0.0,10.0,2.72,-0.68,67534.01,79340.45,True,False,-0.0102,76539.01,-0.0148,1.064,1.4699
2026-08-23T09:47:21Z,HBARUSDT,COOLING,NONE,0.0,0.0,0.0,1.29,0.0,32809.27,10144.97,True,False,0.0,76539.01,-0.0148,1.613,0.07763
2026-08-23T09:48:03Z,QAITUSDT,IMPULSE,NONE,0.0,0.0,0.0,67.85,0.0,1050.85,1117.61,True,False,0.0,76539.01,-0.0148,1.074,0.002497
2026-08-23T09:48:05Z,ZBCNUSDT,IMPULSE,NONE,0.0,0.0,0.0,9.19,-1.62,142.45,2031.65,True,False,0.0081,76539.01,-0.0148,1.114,0.0018504
2026-08-23T09:49:28Z,WUSDT,COOLING,NONE,0.0,0.0,0.0,12.03,0.0,4954.62,7423.98,True,False,0.0,76539.01,-0.0148,1.074,0.009146
2026-08-23T09:50:00Z,XRPUSDT,COOLING,NONE,0.0,0.0,0.0,2.04,0.0,63326.35,84954.18,True,False,0.0,76599.97,0.0796,1.052,1.4751
2026-08-23T09:50:03Z,HBARUSDT,COOLING,NONE,0.0,0.0,0.0,1.29,0.0,44526.59,10450.95,True,False,0.0,76599.97,0.0796,1.145,0.07773
2026-08-23T09:50:06Z,QAITUSDT,IMPULSE,NONE,0.0,0.0,0.0,67.85,0.0,1050.85,1117.61,True,False,0.0,76599.97,0.0796,1.048,0.002497
2026-08-23T09:50:08Z,ZBCNUSDT,IMPULSE,NONE,0.0,0.0,0.0,24.72,0.0,102.05,1857.37,True,False,0.0,76599.97,0.0796,1.032,0.0018618
2026-08-23T09:50:10Z,WUSDT,COOLING,NONE,0.0,0.0,0.0,13.11,0.0,5770.76,7846.4,True,False,0.0,76599.97,0.0796,1.105,0.009157
2026-08-23T09:53:50Z,XRPUSDT,COOLING,SELL,7.34,0.0,7.34,2.03,-0.68,101504.59,64506.03,True,False,-0.0169,76603.37,0.0044,2.02,1.4775
2026-08-23T09:53:52Z,HBARUSDT,COOLING,SELL,58.21,15.0,58.21,1.29,-2.57,28603.87,13773.92,True,False,-0.0514,76603.37,0.0044,1.045,0.07784
2026-08-23T09:54:36Z,QAITUSDT,IMPULSE,NONE,0.0,0.0,0.0,67.85,0.0,1050.85,1117.61,True,False,0.0,76603.37,0.0044,1.055,0.002497
2026-08-23T09:54:38Z,ZBCNUSDT,IMPULSE,BUY,0.0,15.27,15.27,25.91,0.0,298.27,106.77,True,False,0.0,76603.37,0.0044,1.06,0.0018536
2026-08-23T09:54:40Z,WUSDT,COOLING,NONE,0.0,0.0,0.0,10.91,0.0,3020.81,8869.19,True,False,0.0,76603.37,0.0044,1.15,0.009166
2026-08-23T09:56:35Z,XRPUSDT,COOLING,BUY,0.0,11.92,11.92,2.03,-1.35,98184.87,100832.77,True,False,0.0,76588.72,-0.0191,1.13,1.4778
2026-08-23T09:56:39Z,HBARUSDT,COOLING,NONE,0.0,0.0,0.0,1.28,0.0,17786.46,21929.8,True,False,0.0,76588.72,-0.0191,1.127,0.07778
2026-08-23T09:56:42Z,QAITUSDT,IMPULSE,NONE,0.0,0.0,0.0,67.85,0.0,1050.85,1117.61,True,False,0.0,76588.72,-0.0191,1.113,0.002497
2026-08-23T09:57:25Z,ZBCNUSDT,IMPULSE,NONE,0.0,0.0,0.0,14.58,0.0,193.95,107.24,True,False,0.0,76588.72,-0.0191,1.07,0.0018527
2026-08-23T09:57:28Z,WUSDT,COOLING,NONE,0.0,0.0,0.0,10.91,0.0,3020.81,8869.19,True,False,0.0,76588.72,-0.0191,2.083,0.009164
2026-08-23T09:57:59Z,XRPUSDT,COOLING,BUY,0.0,50.13,50.13,1.35,-0.68,73737.33,108568.13,True,True,0.0102,76584.22,-0.0059,1.072,1.4766
2026-08-23T09:58:01Z,HBARUSDT,COOLING,SELL,56.72,0.0,56.72,1.28,0.0,32985.86,15458.78,True,False,0.0,76584.22,-0.0059,1.117,0.07782
2026-08-23T09:58:04Z,QAITUSDT,IMPULSE,NONE,0.0,0.0,0.0,67.85,0.0,1050.85,1117.61,True,False,0.0,76584.22,-0.0059,1.124,0.002497
2026-08-23T09:58:06Z,ZBCNUSDT,IMPULSE,BUY,0.0,82.64,82.64,12.96,-0.54,175.3,1819.88,True,False,-0.0027,76584.22,-0.0059,1.073,0.0018527
2026-08-23T09:58:09Z,WUSDT,COOLING,NONE,0.0,0.0,0.0,9.82,0.0,3020.81,8869.19,True,False,0.0,76584.22,-0.0059,1.136,0.009164
2026-08-23T09:59:49Z,XRPUSDT,COOLING,BUY,0.0,0.79,0.79,2.03,0.0,80702.88,89142.58,True,False,-0.0068,76548.98,-0.046,1.198,1.4778
2026-08-23T10:00:33Z,HBARUSDT,COOLING,SELL,0.98,0.0,0.98,1.28,-0.0,16196.2,13694.15,True,False,0.1156,76548.98,-0.046,41.094,0.0779
2026-08-23T10:00:36Z,QAITUSDT,IMPULSE,NONE,0.0,0.0,0.0,67.85,0.0,1050.85,1117.61,True,False,0.0,76548.98,-0.046,1.112,0.002497
2026-08-23T10:00:39Z,ZBCNUSDT,IMPULSE,BUY,0.0,0.01,0.01,8.64,0.0,118.64,1822.13,True,False,0.0,76548.98,-0.046,2.104,0.0018525
2026-08-23T10:00:41Z,WUSDT,COOLING,NONE,0.0,0.0,0.0,9.82,0.0,3829.59,9126.72,True,False,0.0,76548.98,-0.046,1.085,0.009166
2026-08-23T10:01:13Z,XRPUSDT,COOLING,BUY,9.53,26.68,26.68,2.7,0.0,111814.19,115574.51,True,False,-0.0135,76586.41,0.0489,1.137,1.4793
2026-08-23T10:01:15Z,HBARUSDT,COOLING,NONE,0.0,0.0,0.0,1.28,0.0,12004.75,9184.75,True,False,0.0,76586.41,0.0489,1.065,0.07797
2026-08-23T10:01:19Z,QAITUSDT,IMPULSE,NONE,0.0,0.0,0.0,67.85,0.0,1050.85,1117.61,True,False,0.0,76586.41,0.0489,2.045,0.002497
2026-08-23T10:01:21Z,ZBCNUSDT,IMPULSE,BUY,0.0,0.05,0.05,8.1,0.0,107.91,1823.1,True,False,0.0,76586.41,0.0489,1.153,0.0018521
2026-08-23T10:01:24Z,WUSDT,COOLING,NONE,0.0,0.0,0.0,10.91,0.0,3829.59,9126.72,True,False,0.0,76586.41,0.0489,1.104,0.009163
2026-08-23T10:03:17Z,XRPUSDT,COOLING,SELL,3.68,0.0,3.68,2.02,0.0,86940.36,111619.98,True,False,-0.027,76589.37,0.0039,0.97,1.4835
2026-08-23T10:03:59Z,HBARUSDT,COOLING,NONE,0.0,0.0,0.0,3.84,0.0,8342.31,25863.77,True,False,0.0,76589.37,0.0039,0.988,0.07798
2026-08-23T10:04:01Z,QAITUSDT,IMPULSE,NONE,0.0,0.0,0.0,67.85,0.0,1050.85,1117.61,True,False,0.0,76589.37,0.0039,0.981,0.002497
2026-08-23T10:04:04Z,ZBCNUSDT,IMPULSE,BUY,18.38,84.32,84.32,20.5,4.31,101.6,1819.79,True,True,0.0594,76589.37,0.0039,1.133,0.0018532
2026-08-23T10:04:06Z,WUSDT,COOLING,NONE,0.0,0.0,0.0,11.99,0.0,3802.55,6798.09,True,False,0.0,76589.37,0.0039,1.094,0.009176
2026-08-23T10:05:06Z,XRPUSDT,COOLING,BUY,0.22,42.79,42.79,2.02,-1.35,74444.72,91703.08,True,False,0.0067,76610.6,0.0277,1.12,1.4815
2026-08-23T10:05:08Z,HBARUSDT,COOLING,NONE,0.0,0.0,0.0,1.28,0.0,9849.9,28076.8,True,False,0.0,76610.6,0.0277,1.118,0.07807
2026-08-23T10:05:11Z,QAITUSDT,IMPULSE,NONE,0.0,0.0,0.0,67.85,0.0,1050.85,1117.61,True,False,0.0,76610.6,0.0277,1.079,0.002497
2026-08-23T10:05:13Z,ZBCNUSDT,IMPULSE,NONE,0.0,0.0,0.0,12.42,0.0,76.7,1824.18,True,False,0.0,76610.6,0.0277,1.144,0.0018534
2026-08-23T10:05:16Z,WUSDT,COOLING,NONE,0.0,0.0,0.0,11.99,0.0,3802.55,13165.46,True,False,0.0,76610.6,0.0277,1.151,0.009179
2026-08-23T10:06:27Z,XRPUSDT,COOLING,BUY,0.0,20.95,20.95,2.69,0.0,61100.65,93443.94,True,True,-0.0135,76665.99,0.0723,1.125,1.4861
2026-08-23T10:07:10Z,HBARUSDT,COOLING,NONE,0.0,0.0,0.0,1.28,0.0,11707.58,28305.49,True,False,0.0,76665.99,0.0723,1.114,0.07808
2026-08-23T10:07:12Z,QAITUSDT,IMPULSE,NONE,0.0,0.0,0.0,67.85,0.0,1050.85,1117.61,True,False,0.0,76665.99,0.0723,1.11,0.002497
2026-08-23T10:07:15Z,ZBCNUSDT,IMPULSE,NONE,0.0,0.0,0.0,22.09,0.0,123.89,135.35,True,False,0.0,76665.99,0.0723,1.134,0.0018578
2026-08-23T10:07:17Z,WUSDT,COOLING,NONE,0.0,0.0,0.0,14.14,0.0,3904.31,8032.16,True,False,0.0,76665.99,0.0723,1.046,0.009179
2026-08-23T10:09:49Z,XRPUSDT,COOLING,SELL,11.42,0.0,11.42,1.35,-1.35,71954.24,91494.88,True,False,0.0,76667.86,0.0024,1.102,1.4842
2026-08-23T10:09:52Z,HBARUSDT,COOLING,BUY,0.0,17.97,17.97,2.56,1.28,14672.43,28954.64,True,True,-0.0064,76667.86,0.0024,1.141,0.07808
2026-08-23T10:09:55Z,QAITUSDT,IMPULSE,NONE,0.0,0.0,0.0,67.85,0.0,1050.85,1117.61,True,False,0.0,76667.86,0.0024,1.168,0.002497
2026-08-23T10:09:57Z,ZBCNUSDT,IMPULSE,NONE,0.0,0.0,0.0,20.43,0.53,129.22,1824.96,True,False,0.0188,76667.86,0.0024,1.12,0.0018589
2026-08-23T10:10:39Z,WUSDT,COOLING,NONE,0.0,0.0,0.0,11.9,0.0,3439.27,7623.76,True,False,0.0,76667.86,0.0024,1.101,0.009232
2026-08-23T10:13:02Z,XRPUSDT,COOLING,SELL,20.17,1.41,20.17,2.02,0.67,140022.36,82750.86,True,False,0.0169,76649.18,-0.0244,2.112,1.4842
2026-08-23T10:13:05Z,HBARUSDT,COOLING,BUY,1.13,23.43,23.43,1.28,0.0,45323.28,21363.52,True,False,0.0,76649.18,-0.0244,1.037,0.07828
2026-08-23T10:13:08Z,QAITUSDT,IMPULSE,NONE,0.0,0.0,0.0,137.55,0.0,905.55,2600.07,True,False,0.0,76649.18,-0.0244,1.086,0.002527
2026-08-23T10:13:50Z,ZBCNUSDT,IMPULSE,NONE,0.0,0.0,0.0,14.48,0.0,121.27,1825.54,True,False,0.0,76649.18,-0.0244,1.131,0.0018656
2026-08-23T10:13:52Z,WUSDT,COOLING,BUY,0.0,31.9,31.9,11.83,0.0,4785.57,9299.85,True,False,0.0,76649.18,-0.0244,1.032,0.009257
2026-08-23T10:14:24Z,XRPUSDT,COOLING,SELL,33.86,0.0,33.86,2.03,1.35,129663.56,66414.74,True,True,0.0203,76614.99,-0.0446,1.124,1.4797
2026-08-23T10:14:27Z,HBARUSDT,COOLING,SELL,25.86,4.88,25.86,1.28,-0.0,38495.63,33640.36,True,False,0.0128,76614.99,-0.0446,1.18,0.07818
2026-08-23T10:14:29Z,QAITUSDT,IMPULSE,NONE,0.0,0.0,0.0,114.11,0.0,891.5,1001.08,True,False,0.0,76614.99,-0.0446,1.131,0.002527
2026-08-23T10:14:31Z,ZBCNUSDT,IMPULSE,SELL,3.71,0.0,3.71,10.72,0.0,102.26,1826.32,True,False,0.0,76614.99,-0.0446,1.028,0.0018652
2026-08-23T10:15:13Z,WUSDT,COOLING,BUY,0.26,0.45,0.45,8.58,-4.32,3782.07,12649.72,True,False,0.2042,76614.99,-0.0446,41.054,0.009305
2026-08-23T10:15:45Z,XRPUSDT,COOLING,NONE,0.0,0.0,0.0,2.69,0.0,57694.74,63633.31,True,False,0.0,76672.61,0.0752,1.141,1.4842
2026-08-23T10:15:48Z,HBARUSDT,COOLING,BUY,0.0,0.02,0.02,6.38,0.0,11149.13,31092.05,True,False,0.0,76672.61,0.0752,1.114,0.07829
2026-08-23T10:15:51Z,QAITUSDT,IMPULSE,NONE,0.0,0.0,0.0,86.68,0.0,1248.65,1001.08,True,False,0.0,76672.61,0.0752,2.041,0.002527
2026-08-23T10:15:54Z,ZBCNUSDT,IMPULSE,BUY,0.07,79.91,79.91,10.19,0.0,83.45,1828.37,True,True,0.0,76672.61,0.0752,1.068,0.0018653
2026-08-23T10:15:57Z,WUSDT,COOLING,NONE,0.0,0.0,0.0,9.68,0.0,4440.48,8240.12,True,False,0.0,76672.61,0.0752,1.144,0.009319
2026-08-23T10:19:36Z,XRPUSDT,COOLING,BUY,0.0,17.29,17.29,2.02,0.0,66247.95,74736.53,True,False,-0.0067,76653.66,-0.0247,1.112,1.4829
2026-08-23T10:19:39Z,HBARUSDT,COOLING,NONE,0.0,0.0,0.0,1.27,0.0,47889.22,21968.12,True,False,0.0,76653.66,-0.0247,1.551,0.07861
2026-08-23T10:19:42Z,QAITUSDT,IMPULSE,NONE,0.0,0.0,0.0,35.55,0.0,1109.72,1555.13,True,False,0.0,76653.66,-0.0247,1.067,0.002529
2026-08-23T10:19:45Z,ZBCNUSDT,IMPULSE,NONE,0.0,0.0,0.0,11.8,0.0,83.39,1829.05,True,False,0.0,76653.66,-0.0247,1.061,0.0018656
2026-08-23T10:19:48Z,WUSDT,COOLING,NONE,0.0,0.0,0.0,12.97,-1.08,3491.99,7805.95,True,False,-0.0054,76653.66,-0.0247,1.154,0.00925
2026-08-23T10:20:21Z,XRPUSDT,COOLING,SELL,43.63,0.0,43.63,2.02,-0.0,99643.92,44434.53,True,False,0.0269,76667.31,0.0178,1.195,1.4841
2026-08-23T10:20:23Z,HBARUSDT,COOLING,NONE,0.0,0.0,0.0,1.27,0.0,47890.87,28398.12,True,False,0.0,76667.31,0.0178,1.205,0.07869
2026-08-23T10:20:26Z,QAITUSDT,IMPULSE,NONE,0.0,0.0,0.0,35.55,0.0,1109.72,1555.13,True,False,0.0,76667.31,0.0178,1.111,0.002529
2026-08-23T10:20:28Z,ZBCNUSDT,IMPULSE,BUY,0.0,0.01,0.01,11.79,0.0,84.1,1834.32,True,False,0.0,76667.31,0.0178,1.236,0.0018661
2026-08-23T10:20:30Z,WUSDT,COOLING,NONE,0.0,0.0,0.0,11.88,4.32,4669.11,6654.3,True,False,-0.0216,76667.31,0.0178,1.149,0.009258
2026-08-23T10:21:03Z,XRPUSDT,COOLING,SELL,22.33,12.3,22.33,2.02,-0.67,85750.26,114687.33,True,False,0.0303,76733.17,0.0859,1.132,1.4864
2026-08-23T10:21:05Z,HBARUSDT,COOLING,NONE,0.0,0.0,0.0,1.27,0.0,48668.92,27548.23,True,False,0.0,76733.17,0.0859,1.115,0.07872
2026-08-23T10:21:08Z,QAITUSDT,IMPULSE,NONE,0.0,0.0,0.0,35.55,0.0,1109.72,1555.13,True,False,0.0,76733.17,0.0859,1.176,0.002529
2026-08-23T10:21:11Z,ZBCNUSDT,IMPULSE,NONE,0.0,0.0,0.0,19.8,-2.7,84.88,1832.37,True,False,0.1098,76733.17,0.0859,1.027,0.001866
2026-08-23T10:21:14Z,WUSDT,COOLING,NONE,0.0,0.0,0.0,9.71,0.0,3887.72,7815.14,True,False,0.0,76733.17,0.0859,1.093,0.009258
2026-08-23T10:23:41Z,XRPUSDT,COOLING,SELL,0.17,0.0,0.17,0.67,0.0,67413.45,73158.22,True,False,0.0,76824.48,0.119,1.039,1.4934
2026-08-23T10:23:45Z,HBARUSDT,COOLING,BUY,0.0,28.43,28.43,1.27,0.0,11134.67,29895.21,True,True,-0.0254,76824.48,0.119,2.077,0.07862
2026-08-23T10:23:48Z,QAITUSDT,IMPULSE,NONE,0.0,0.0,0.0,35.55,0.0,1109.72,1555.13,True,False,0.0,76824.48,0.119,1.162,0.002529
2026-08-23T10:23:51Z,ZBCNUSDT,IMPULSE,BUY,0.0,0.07,0.07,12.33,0.0,81.12,1835.98,True,False,0.0,76824.48,0.119,2.204,0.001866
2026-08-23T10:23:55Z,WUSDT,COOLING,NONE,0.0,0.0,0.0,15.04,0.0,4881.52,7757.99,True,False,0.0,76824.48,0.119,2.021,0.009301
2026-08-23T10:25:52Z,XRPUSDT,COOLING,NONE,0.0,0.0,0.0,2.01,0.67,101733.82,89531.01,True,False,0.0101,76799.22,-0.0329,1.06,1.4919
2026-08-23T10:25:55Z,HBARUSDT,COOLING,NONE,0.0,0.0,0.0,1.27,0.0,23609.49,28548.48,True,False,0.0,76799.22,-0.0329,1.05,0.07884
2026-08-23T10:25:57Z,QAITUSDT,IMPULSE,NONE,0.0,0.0,0.0,35.55,0.0,1109.72,1555.13,True,False,0.0,76799.22,-0.0329,1.154,0.002536
2026-08-23T10:25:59Z,ZBCNUSDT,IMPULSE,SELL,2.3,0.0,2.3,17.14,0.0,85.7,152.61,True,False,0.0,76799.22,-0.0329,1.114,0.0018676
2026-08-23T10:26:02Z,WUSDT,COOLING,NONE,0.0,0.0,0.0,11.8,0.0,3088.24,12178.36,True,False,0.0,76799.22,-0.0329,1.089,0.009323
2026-08-23T10:26:36Z,XRPUSDT,COOLING,SELL,19.66,19.39,19.66,0.67,-1.34,76083.61,74934.97,True,False,0.0,76822.59,0.0304,1.012,1.4916
2026-08-23T10:26:38Z,HBARUSDT,COOLING,SELL,0.26,0.0,0.26,1.27,0.0,19938.79,40557.14,True,False,0.0,76822.59,0.0304,1.147,0.07879
2026-08-23T10:26:40Z,QAITUSDT,IMPULSE,NONE,0.0,0.0,0.0,35.55,0.0,1109.72,1555.13,True,False,0.0,76822.59,0.0304,1.036,0.002536
2026-08-23T10:26:43Z,ZBCNUSDT,IMPULSE,BUY,0.0,26.24,26.24,15.52,0.0,83.51,193.73,True,False,0.0,76822.59,0.0304,1.027,0.0018686
2026-08-23T10:26:47Z,WUSDT,COOLING,SELL,13.18,0.04,13.18,10.76,-4.29,4401.31,11861.83,True,False,-0.0967,76822.59,0.0304,2.142,0.009312
2026-08-23T10:29:09Z,XRPUSDT,COOLING,NONE,0.0,0.0,0.0,2.01,0.0,61389.1,84097.1,True,False,-0.0134,76765.6,-0.0742,1.271,1.4928
2026-08-23T10:29:11Z,HBARUSDT,COOLING,NONE,0.0,0.0,0.0,1.27,0.0,22262.58,10240.77,True,False,0.0,76765.6,-0.0742,1.104,0.07865
2026-08-23T10:29:13Z,QAITUSDT,IMPULSE,NONE,0.0,0.0,0.0,35.55,0.0,1109.72,1555.13,True,False,0.0,76765.6,-0.0742,1.342,0.002527
2026-08-23T10:29:16Z,ZBCNUSDT,IMPULSE,NONE,0.0,0.0,0.0,6.42,0.0,81.83,1835.68,True,False,0.0,76765.6,-0.0742,1.139,0.0018693
2026-08-23T10:29:58Z,WUSDT,COOLING,NONE,0.0,0.0,0.0,10.77,0.01,4395.09,12982.66,True,False,-0.1076,76765.6,-0.0742,41.052,0.009299
2026-08-23T10:31:12Z,XRPUSDT,COOLING,BUY,0.0,7.0,7.0,2.01,-0.67,108866.69,68853.77,True,False,-0.0034,76761.09,-0.0059,1.269,1.4888
2026-08-23T10:31:54Z,HBARUSDT,COOLING,SELL,0.19,0.0,0.19,2.55,0.0,16661.32,10516.77,True,False,0.0,76761.09,-0.0059,1.119,0.07854
2026-08-23T10:31:57Z,QAITUSDT,IMPULSE,NONE,0.0,0.0,0.0,35.55,0.0,1109.72,1555.13,True,False,0.0,76761.09,-0.0059,1.169,0.002527
2026-08-23T10:32:00Z,ZBCNUSDT,IMPULSE,BUY,0.0,87.18,87.18,7.49,1.61,83.6,1844.43,True,True,-0.008,76761.09,-0.0059,1.073,0.0018686
2026-08-23T10:32:02Z,WUSDT,COOLING,NONE,0.0,0.0,0.0,11.86,0.0,3663.52,13121.63,True,False,0.0,76761.09,-0.0059,1.345,0.009273
2026-08-23T10:32:35Z,XRPUSDT,COOLING,BUY,9.07,28.98,28.98,2.01,-0.67,70870.18,106006.6,True,False,-0.0368,76794.37,0.0434,1.109,1.4924
2026-08-23T10:32:37Z,HBARUSDT,COOLING,SELL,1.41,0.0,1.41,2.54,0.0,19772.31,32708.71,True,False,0.0,76794.37,0.0434,1.24,0.07867
2026-08-23T10:32:39Z,QAITUSDT,IMPULSE,NONE,0.0,0.0,0.0,35.55,0.0,1109.72,1555.13,True,False,0.0,76794.37,0.0434,1.099,0.002527
2026-08-23T10:32:41Z,ZBCNUSDT,IMPULSE,NONE,0.0,0.0,0.0,21.37,0.0,171.63,1839.39,True,False,0.0,76794.37,0.0434,1.099,0.0018729
2026-08-23T10:32:44Z,WUSDT,COOLING,NONE,0.0,0.0,0.0,8.62,0.0,4364.09,7552.59,True,False,0.0,76794.37,0.0434,1.207,0.009273
2026-08-23T10:35:46Z,XRPUSDT,COOLING,NONE,0.0,0.0,0.0,2.68,0.67,123878.78,73769.15,True,False,0.0034,76900.0,0.1375,2.069,1.4907
2026-08-23T10:36:28Z,HBARUSDT,COOLING,NONE,0.0,0.0,0.0,2.54,1.27,21950.62,12653.8,True,False,0.0064,76900.0,0.1375,1.104,0.07867
2026-08-23T10:36:31Z,QAITUSDT,IMPULSE,NONE,0.0,0.0,0.0,35.55,0.0,1109.72,1555.13,True,False,0.0,76900.0,0.1375,1.09,0.002527
2026-08-23T10:36:33Z,ZBCNUSDT,IMPULSE,NONE,0.0,0.0,0.0,21.35,0.0,353.9,1850.11,True,False,0.0,76900.0,0.1375,1.04,0.0018745
2026-08-23T10:36:36Z,WUSDT,COOLING,NONE,0.0,0.0,0.0,12.91,0.0,4081.48,9497.0,True,False,0.0,76900.0,0.1375,1.394,0.009297
2026-08-23T10:37:09Z,XRPUSDT,COOLING,SELL,14.78,0.0,14.78,1.34,-0.67,107473.82,74007.66,True,False,-0.0235,76882.29,-0.023,2.395,1.4919
2026-08-23T10:37:12Z,HBARUSDT,COOLING,NONE,0.0,0.0,0.0,1.27,0.0,24809.79,29198.19,True,False,0.0,76882.29,-0.023,1.115,0.07865
2026-08-23T10:37:15Z,QAITUSDT,IMPULSE,NONE,0.0,0.0,0.0,35.55,0.0,1109.72,1555.13,True,False,0.0,76882.29,-0.023,1.096,0.002527
2026-08-23T10:37:17Z,ZBCNUSDT,IMPULSE,NONE,0.0,0.0,0.0,21.35,0.0,306.63,321.54,True,False,0.0,76882.29,-0.023,1.156,0.0018746
2026-08-23T10:37:19Z,WUSDT,COOLING,NONE,0.0,0.0,0.0,11.83,0.0,4081.48,13426.98,True,False,0.0,76882.29,-0.023,1.12,0.009294
2026-08-23T10:38:34Z,XRPUSDT,COOLING,NONE,0.0,0.0,0.0,1.34,0.0,82240.0,98712.51,True,False,0.0,76828.32,-0.0702,2.134,1.4896
2026-08-23T10:38:37Z,HBARUSDT,COOLING,NONE,0.0,0.0,0.0,1.27,0.0,23968.46,10691.98,True,False,0.0,76828.32,-0.0702,2.125,0.07869
2026-08-23T10:38:39Z,QAITUSDT,IMPULSE,NONE,0.0,0.0,0.0,35.55,0.0,1109.72,1555.13,True,False,0.0,76828.32,-0.0702,1.028,0.002527
2026-08-23T10:38:42Z,ZBCNUSDT,IMPULSE,BUY,0.0,0.25,0.25,19.75,0.0,292.32,1850.11,True,False,0.0,76828.32,-0.0702,2.086,0.0018743
2026-08-23T10:38:46Z,WUSDT,COOLING,NONE,0.0,0.0,0.0,11.83,0.0,5092.72,9405.78,True,False,0.0,76828.32,-0.0702,1.622,0.009294
2026-08-23T10:42:29Z,XRPUSDT,COOLING,NONE,0.0,0.0,0.0,1.34,-1.34,76166.21,85864.5,True,False,0.0067,76859.37,0.0404,1.121,1.4882
2026-08-23T10:42:32Z,HBARUSDT,COOLING,NONE,0.0,0.0,0.0,1.27,0.0,19641.36,11491.17,True,False,0.0,76859.37,0.0404,1.363,0.07872
2026-08-23T10:42:35Z,QAITUSDT,IMPULSE,NONE,0.0,0.0,0.0,35.55,0.0,1109.72,1555.13,True,False,0.0,76859.37,0.0404,1.111,0.002527
2026-08-23T10:42:38Z,ZBCNUSDT,IMPULSE,NONE,0.0,0.0,0.0,35.34,0.0,263.16,58.28,True,False,0.0,76859.37,0.0404,1.048,0.0018693
2026-08-23T10:43:21Z,WUSDT,COOLING,NONE,0.0,0.0,0.0,12.94,0.0,5799.56,11540.07,True,False,0.0,76859.37,0.0404,1.1,0.009272
2026-08-23T10:43:52Z,XRPUSDT,COOLING,SELL,53.04,0.0,53.04,2.69,1.35,114199.96,73826.06,True,False,0.0337,76816.32,-0.056,1.019,1.4845
2026-08-23T10:43:55Z,HBARUSDT,COOLING,NONE,0.0,0.0,0.0,1.27,0.0,18440.91,31409.58,True,False,0.0,76816.32,-0.056,2.102,0.07874
2026-08-23T10:43:57Z,QAITUSDT,IMPULSE,NONE,0.0,0.0,0.0,35.55,0.0,1109.72,1555.13,True,False,0.0,76816.32,-0.056,1.141,0.002527
2026-08-23T10:43:59Z,ZBCNUSDT,IMPULSE,SELL,3.3,0.0,3.3,24.58,0.0,323.21,58.47,True,False,0.0,76816.32,-0.056,1.058,0.0018706
2026-08-23T10:44:02Z,WUSDT,COOLING,NONE,0.0,0.0,0.0,11.85,0.0,4035.43,9189.77,True,False,0.0,76816.32,-0.056,2.149,0.009283
2026-08-23T10:44:35Z,XRPUSDT,COOLING,SELL,8.76,0.0,8.76,2.69,0.0,109604.27,79682.47,True,False,0.0,76851.33,0.0456,1.04,1.4858
2026-08-23T10:44:37Z,HBARUSDT,COOLING,NONE,0.0,0.0,0.0,1.27,0.0,15075.17,29135.99,True,False,0.0,76851.33,0.0456,1.104,0.07876
2026-08-23T10:44:40Z,QAITUSDT,IMPULSE,NONE,0.0,0.0,0.0,35.55,0.0,1109.72,1555.13,True,False,0.0,76851.33,0.0456,1.036,0.002527
2026-08-23T10:44:43Z,ZBCNUSDT,IMPULSE,NONE,0.0,0.0,0.0,19.77,0.0,323.3,54.16,True,False,0.0,76851.33,0.0456,2.062,0.0018725
2026-08-23T10:44:45Z,WUSDT,COOLING,NONE,0.0,0.0,0.0,12.91,0.0,4685.56,8782.93,True,False,0.0,76851.33,0.0456,1.122,0.009294
2026-08-23T10:46:35Z,XRPUSDT,COOLING,SELL,28.22,0.0,28.22,2.7,1.35,72171.63,77605.73,True,False,0.0203,76861.4,0.0131,1.098,1.4811
2026-08-23T10:46:38Z,HBARUSDT,COOLING,SELL,10.94,0.0,10.94,1.27,-0.0,24029.03,13101.05,True,False,0.0127,76861.4,0.0131,1.115,0.07903
2026-08-23T10:46:41Z,QAITUSDT,IMPULSE,NONE,0.0,0.0,0.0,35.55,0.0,1109.72,1555.13,True,False,0.0,76861.4,0.0131,1.11,0.002527
2026-08-23T10:46:43Z,ZBCNUSDT,IMPULSE,SELL,45.09,0.0,45.09,15.48,0.53,306.51,49.75,True,True,-0.0027,76861.4,0.0131,1.108,0.0018744
2026-08-23T10:46:46Z,WUSDT,COOLING,NONE,0.0,0.0,0.0,9.7,0.0,3296.13,7746.21,True,False,0.0,76861.4,0.0131,1.108,0.009275
2026-08-23T10:48:00Z,XRPUSDT,COOLING,NONE,0.0,0.0,0.0,1.35,-1.35,65297.35,69051.96,True,False,0.0,76846.97,-0.0188,1.052,1.484
2026-08-23T10:48:03Z,HBARUSDT,COOLING,BUY,0.0,58.86,58.86,1.27,0.0,20289.97,30655.46,True,False,-0.0761,76846.97,-0.0188,1.115,0.07882
2026-08-23T10:48:05Z,QAITUSDT,IMPULSE,NONE,0.0,0.0,0.0,35.55,0.0,1109.72,1555.13,True,False,0.0,76846.97,-0.0188,1.066,0.002527
2026-08-23T10:48:08Z,ZBCNUSDT,IMPULSE,NONE,0.0,0.0,0.0,19.21,0.0,295.34,234.41,True,False,0.0,76846.97,-0.0188,1.071,0.0018777
2026-08-23T10:48:10Z,WUSDT,COOLING,NONE,0.0,0.0,0.0,11.86,0.0,3296.13,7746.21,True,False,0.0,76846.97,-0.0188,1.192,0.009273
2026-08-23T10:48:42Z,XRPUSDT,COOLING,SELL,41.06,0.0,41.06,2.02,1.35,104521.17,70665.98,True,False,-0.0202,76843.65,-0.0043,1.211,1.484
2026-08-23T10:49:26Z,HBARUSDT,COOLING,NONE,0.0,0.0,0.0,1.27,-0.0,10150.43,12601.36,True,False,0.0127,76843.65,-0.0043,1.173,0.07872
2026-08-23T10:49:28Z,QAITUSDT,IMPULSE,NONE,0.0,0.0,0.0,35.55,0.0,1109.72,1555.13,True,False,0.0,76843.65,-0.0043,1.102,0.002527
2026-08-23T10:50:10Z,ZBCNUSDT,IMPULSE,NONE,0.0,0.0,0.0,15.46,0.0,280.98,45.47,True,False,0.0,76843.65,-0.0043,1.123,0.0018769
2026-08-23T10:50:13Z,WUSDT,COOLING,NONE,0.0,0.0,0.0,14.03,0.0,4506.08,7716.28,True,False,0.0,76843.65,-0.0043,1.191,0.009268
2026-08-23T10:52:32Z,XRPUSDT,COOLING,NONE,0.0,0.0,0.0,2.03,-2.03,67236.8,54663.99,True,False,0.0101,76836.36,-0.0095,1.14,1.4801
2026-08-23T10:52:37Z,HBARUSDT,COOLING,SELL,19.62,5.55,19.62,1.27,0.0,22070.24,11550.61,True,False,0.0,76836.36,-0.0095,2.488,0.07879
2026-08-23T10:52:39Z,QAITUSDT,IMPULSE,NONE,0.0,0.0,0.0,35.55,0.0,1109.72,1555.13,True,False,0.0,76836.36,-0.0095,1.067,0.002527
2026-08-23T10:52:42Z,ZBCNUSDT,IMPULSE,NONE,0.0,0.0,0.0,13.33,1.6,343.55,36.84,True,False,0.0027,76836.36,-0.0095,1.001,0.001876
2026-08-23T10:52:45Z,WUSDT,COOLING,NONE,0.0,0.0,0.0,9.72,-4.31,4392.82,7462.62,True,False,-0.0216,76836.36,-0.0095,1.072,0.009265
2026-08-23T10:54:00Z,XRPUSDT,COOLING,NONE,0.0,0.0,0.0,2.03,0.0,83833.31,64403.0,True,False,0.0,76827.29,-0.0118,2.237,1.4778
2026-08-23T10:54:02Z,HBARUSDT,COOLING,BUY,0.0,3.89,3.89,1.27,0.0,9307.63,12773.98,True,False,0.0,76827.29,-0.0118,1.091,0.07868
2026-08-23T10:54:04Z,QAITUSDT,IMPULSE,NONE,0.0,0.0,0.0,35.55,0.0,1109.72,1555.13,True,False,0.0,76827.29,-0.0118,1.14,0.002527
2026-08-23T10:54:06Z,ZBCNUSDT,IMPULSE,BUY,0.0,38.07,38.07,12.28,0.0,327.4,66.04,True,False,0.0,76827.29,-0.0118,1.165,0.001873
2026-08-23T10:54:11Z,WUSDT,COOLING,BUY,0.0,0.0,0.0,15.13,1.08,5070.06,13285.35,True,False,0.0054,76827.29,-0.0118,2.202,0.00926
2026-08-23T10:54:44Z,XRPUSDT,COOLING,BUY,0.0,6.45,6.45,2.03,0.68,64306.64,88732.17,True,False,-0.0169,76815.69,-0.0151,2.091,1.4794
2026-08-23T10:54:47Z,HBARUSDT,COOLING,SELL,48.98,0.0,48.98,1.27,-0.0,19901.89,19082.32,True,False,0.0127,76815.69,-0.0151,1.074,0.07884
2026-08-23T10:54:49Z,QAITUSDT,IMPULSE,NONE,0.0,0.0,0.0,35.55,0.0,1109.72,1555.13,True,False,0.0,76815.69,-0.0151,1.044,0.002527
2026-08-23T10:54:52Z,ZBCNUSDT,IMPULSE,BUY,17.38,42.16,42.16,16.57,-0.53,293.3,66.04,True,True,-0.0294,76815.69,-0.0151,1.052,0.0018727
2026-08-23T10:55:35Z,WUSDT,COOLING,NONE,0.0,0.0,0.0,11.88,0.0,5070.06,8927.0,True,False,0.0,76815.69,-0.0151,2.149,0.009268
2026-08-23T10:57:51Z,XRPUSDT,COOLING,SELL,11.12,10.78,11.12,2.03,0.68,71275.91,87786.6,True,False,-0.0102,76782.77,-0.0429,1.122,1.4765
2026-08-23T10:57:55Z,HBARUSDT,COOLING,NONE,0.0,0.0,0.0,1.27,0.0,16211.03,10584.02,True,False,0.0,76782.77,-0.0429,1.146,0.0787
2026-08-23T10:57:57Z,QAITUSDT,IMPULSE,NONE,0.0,0.0,0.0,35.55,0.0,1109.72,1555.13,True,False,0.0,76782.77,-0.0429,0.948,0.002527
2026-08-23T10:57:59Z,ZBCNUSDT,IMPULSE,NONE,0.0,0.0,0.0,14.44,0.0,184.56,1838.41,True,False,0.0,76782.77,-0.0429,1.063,0.0018709
2026-08-23T10:58:01Z,WUSDT,COOLING,NONE,0.0,0.0,0.0,10.82,0.0,5161.8,8889.42,True,False,0.0,76782.77,-0.0429,1.164,0.009247
2026-08-23T10:58:35Z,XRPUSDT,COOLING,NONE,0.0,0.0,0.0,2.03,0.0,61231.59,97215.63,True,False,0.0,76782.76,-0.0,1.045,1.4755
2026-08-23T10:58:37Z,HBARUSDT,COOLING,BUY,0.0,9.49,9.49,1.27,0.0,14214.19,29235.77,True,False,0.0,76782.76,-0.0,1.12,0.07867
2026-08-23T10:58:39Z,QAITUSDT,IMPULSE,NONE,0.0,0.0,0.0,35.55,0.0,1109.72,1555.13,True,False,0.0,76782.76,-0.0,0.93,0.002527
2026-08-23T10:58:42Z,ZBCNUSDT,IMPULSE,SELL,19.86,0.0,19.86,12.85,0.0,348.14,70.54,True,False,0.0,76782.76,-0.0,1.529,0.0018686
2026-08-23T10:58:45Z,WUSDT,COOLING,BUY,0.0,0.01,0.01,12.97,0.0,5242.74,12971.37,True,False,0.0,76782.76,-0.0,1.063,0.009259
2026-08-23T11:00:00Z,XRPUSDT,COOLING,NONE,0.0,0.0,0.0,2.03,0.0,59503.96,99390.33,True,False,0.0,76789.22,0.0084,1.074,1.4758
2026-08-23T11:00:02Z,HBARUSDT,COOLING,SELL,57.55,43.81,57.55,1.27,0.0,38649.99,27684.8,True,False,-0.0127,76789.22,0.0084,1.251,0.07866
2026-08-23T11:00:05Z,QAITUSDT,IMPULSE,NONE,0.0,0.0,0.0,35.55,0.0,1109.72,1555.13,True,False,0.0,76789.22,0.0084,1.113,0.002527
2026-08-23T11:00:08Z,ZBCNUSDT,IMPULSE,NONE,0.0,0.0,0.0,14.45,0.0,222.53,102.09,True,False,0.0,76789.22,0.0084,2.161,0.0018693
2026-08-23T11:00:10Z,WUSDT,COOLING,NONE,0.0,0.0,0.0,12.95,0.0,5299.01,7803.76,True,False,0.0,76789.22,0.0084,1.086,0.009264
2026-08-23T11:01:51Z,XRPUSDT,COOLING,NONE,0.0,0.0,0.0,2.02,0.0,54634.62,89232.15,True,False,0.0,76829.49,0.0524,1.177,1.4808
2026-08-23T11:01:54Z,HBARUSDT,COOLING,NONE,0.0,0.0,0.0,1.27,0.0,24571.41,9832.98,True,False,0.0,76829.49,0.0524,1.129,0.07889
2026-08-23T11:01:58Z,QAITUSDT,IMPULSE,NONE,0.0,0.0,0.0,35.55,0.0,1109.72,1555.13,True,False,0.0,76829.49,0.0524,1.175,0.002527
2026-08-23T11:02:00Z,ZBCNUSDT,COOLING,NONE,0.0,0.0,0.0,17.1,0.0,277.94,66.04,True,False,0.0,76829.49,0.0524,1.019,0.0018724
2026-08-23T11:02:02Z,WUSDT,COOLING,NONE,0.0,0.0,0.0,11.85,0.0,4474.9,10518.64,True,False,0.0,76829.49,0.0524,1.127,0.009288
2026-08-23T11:02:35Z,XRPUSDT,COOLING,NONE,0.0,0.0,0.0,3.38,1.35,97844.48,81401.48,True,False,0.0,76817.72,-0.0153,1.106,1.4809
2026-08-23T11:02:39Z,HBARUSDT,COOLING,NONE,0.0,0.0,0.0,1.27,0.0,11584.18,26011.7,True,False,0.0,76817.72,-0.0153,1.316,0.07889
2026-08-23T11:02:43Z,QAITUSDT,IMPULSE,NONE,0.0,0.0,0.0,35.55,0.0,1109.72,1555.13,True,False,0.0,76817.72,-0.0153,1.048,0.002527
2026-08-23T11:02:45Z,ZBCNUSDT,COOLING,NONE,0.0,0.0,0.0,15.5,0.0,284.87,68.18,True,False,0.0,76817.72,-0.0153,1.131,0.0018716
2026-08-23T11:02:47Z,WUSDT,COOLING,NONE,0.0,0.0,0.0,18.28,5.37,4957.69,8001.21,True,False,0.0269,76817.72,-0.0153,1.128,0.009291
2026-08-23T11:03:19Z,XRPUSDT,COOLING,SELL,13.94,0.0,13.94,2.7,0.68,130200.29,70197.07,True,False,0.0101,76785.55,-0.0419,1.122,1.4792
2026-08-23T11:03:22Z,HBARUSDT,COOLING,NONE,0.0,0.0,0.0,1.27,0.0,27468.96,10453.33,True,False,0.0,76785.55,-0.0419,2.004,0.07882
2026-08-23T11:03:24Z,QAITUSDT,IMPULSE,NONE,0.0,0.0,0.0,35.55,0.0,1109.72,1555.13,True,False,0.0,76785.55,-0.0419,1.127,0.002527
2026-08-23T11:03:27Z,ZBCNUSDT,COOLING,NONE,0.0,0.0,0.0,17.12,0.0,222.53,75.18,True,False,0.0,76785.55,-0.0419,1.098,0.0018706
2026-08-23T11:03:29Z,WUSDT,COOLING,NONE,0.0,0.0,0.0,11.85,0.0,4308.85,8017.69,True,False,0.0,76785.55,-0.0419,1.022,0.00929
2026-08-23T11:05:52Z,XRPUSDT,COOLING,SELL,25.62,0.0,25.62,1.35,0.67,83548.17,59751.04,True,False,0.0372,76776.68,-0.0116,1.117,1.4804
2026-08-23T11:05:54Z,HBARUSDT,COOLING,BUY,0.0,17.48,17.48,1.27,0.0,19168.22,23517.31,True,False,0.0,76776.68,-0.0116,1.133,0.0787
2026-08-23T11:05:57Z,QAITUSDT,IMPULSE,NONE,0.0,0.0,0.0,35.55,0.0,1109.72,1555.13,True,False,0.0,76776.68,-0.0116,1.071,0.002527
2026-08-23T11:06:00Z,ZBCNUSDT,COOLING,NONE,0.0,0.0,0.0,16.05,0.0,200.96,120.49,True,False,0.0,76776.68,-0.0116,2.082,0.0018704
2026-08-23T11:06:02Z,WUSDT,COOLING,NONE,0.0,0.0,0.0,10.74,0.0,3542.61,7666.53,True,False,0.0,76776.68,-0.0116,1.006,0.009302
2026-08-23T11:07:15Z,XRPUSDT,COOLING,SELL,10.87,0.0,10.87,2.7,0.0,82231.87,79829.44,True,False,-0.0337,76790.06,0.0174,1.099,1.4829
2026-08-23T11:07:58Z,HBARUSDT,COOLING,BUY,0.0,1.42,1.42,1.27,0.0,10606.11,23845.74,True,False,-0.0381,76790.06,0.0174,41.048,0.0788
2026-08-23T11:08:01Z,QAITUSDT,IMPULSE,NONE,0.0,0.0,0.0,35.55,0.0,1109.72,1555.13,True,False,0.0,76790.06,0.0174,1.048,0.002527
2026-08-23T11:08:04Z,ZBCNUSDT,COOLING,NONE,0.0,0.0,0.0,12.3,0.0,119.75,120.49,True,False,0.0,76790.06,0.0174,1.046,0.0018704
2026-08-23T11:08:07Z,WUSDT,COOLING,NONE,0.0,0.0,0.0,14.98,0.0,4028.91,6635.09,True,False,0.0,76790.06,0.0174,1.072,0.009336
2026-08-23T11:09:21Z,XRPUSDT,COOLING,NONE,0.0,0.0,0.0,3.38,0.0,48514.0,93570.46,True,False,0.0,76799.64,0.0125,1.149,1.4808
2026-08-23T11:09:23Z,HBARUSDT,COOLING,NONE,0.0,0.0,0.0,1.27,0.0,18206.88,11163.33,True,False,0.0,76799.64,0.0125,1.025,0.07877
2026-08-23T11:09:25Z,QAITUSDT,IMPULSE,NONE,0.0,0.0,0.0,35.55,0.0,1109.72,1555.13,True,False,0.0,76799.64,0.0125,1.166,0.002527
2026-08-23T11:10:07Z,ZBCNUSDT,COOLING,SELL,2.22,0.0,2.22,20.77,-1.6,256.76,1842.12,True,False,0.0027,76799.64,0.0125,1.021,0.0018723
2026-08-23T11:10:10Z,WUSDT,COOLING,NONE,0.0,0.0,0.0,7.5,0.0,3533.78,11775.92,True,False,0.0,76799.64,0.0125,1.096,0.009339
2026-08-23T11:11:51Z,XRPUSDT,COOLING,SELL,0.67,0.0,0.67,2.7,0.68,49193.49,57622.48,True,False,0.0101,76833.58,0.0442,1.023,1.4806
2026-08-23T11:11:53Z,HBARUSDT,COOLING,NONE,0.0,0.0,0.0,1.27,-0.0,9084.57,9842.36,True,False,0.0127,76833.58,0.0442,1.141,0.07877
2026-08-23T11:11:55Z,QAITUSDT,IMPULSE,NONE,0.0,0.0,0.0,43.47,0.0,1109.72,1094.82,True,False,0.0,76833.58,0.0442,1.111,0.002527
2026-08-23T11:11:58Z,ZBCNUSDT,COOLING,NONE,0.0,0.0,0.0,8.52,0.0,321.61,54.28,True,False,0.0,76833.58,0.0442,1.13,0.0018777
2026-08-23T11:12:00Z,WUSDT,COOLING,NONE,0.0,0.0,0.0,14.92,0.0,8350.84,10538.02,True,False,0.0,76833.58,0.0442,1.112,0.009376
2026-08-23T11:15:14Z,XRPUSDT,COOLING,SELL,38.69,2.72,38.69,0.68,-0.68,101414.1,76058.56,True,False,-0.0169,76880.29,0.0608,1.141,1.4808
2026-08-23T11:15:16Z,HBARUSDT,COOLING,NONE,0.0,0.0,0.0,1.27,0.0,22855.08,20465.95,True,False,-0.0127,76880.29,0.0608,1.194,0.07881
2026-08-23T11:15:58Z,QAITUSDT,IMPULSE,NONE,0.0,0.0,0.0,43.47,0.0,1109.72,1094.82,True,False,0.0,76880.29,0.0608,41.082,0.002527
2026-08-23T11:16:00Z,ZBCNUSDT,COOLING,BUY,0.0,3.94,3.94,11.71,-0.53,268.42,105.98,True,False,0.0027,76880.29,0.0608,1.196,0.001879
2026-08-23T11:16:03Z,WUSDT,COOLING,NONE,0.0,0.0,0.0,11.75,0.0,5221.34,7800.16,True,False,0.0,76880.29,0.0608,1.12,0.009366
2026-08-23T11:17:16Z,XRPUSDT,COOLING,SELL,33.72,0.0,33.72,1.35,-0.0,132027.71,47739.46,True,False,0.027,76867.11,-0.0171,1.145,1.4804
2026-08-23T11:17:19Z,HBARUSDT,COOLING,NONE,0.0,0.0,0.0,1.27,0.0,9765.48,27381.45,True,False,0.0,76867.11,-0.0171,1.125,0.079
2026-08-23T11:17:21Z,QAITUSDT,IMPULSE,NONE,0.0,0.0,0.0,23.69,-19.78,1109.72,1094.82,True,False,0.0988,76867.11,-0.0171,1.228,0.002527
2026-08-23T11:17:24Z,ZBCNUSDT,COOLING,BUY,0.0,80.57,80.57,32.25,-2.69,63.66,1839.04,True,False,0.0081,76867.11,-0.0171,1.172,0.0018621
2026-08-23T11:17:26Z,WUSDT,COOLING,NONE,0.0,0.0,0.0,5.35,0.0,3074.79,13054.07,True,False,0.0,76867.11,-0.0171,1.215,0.00934
2026-08-23T11:19:07Z,XRPUSDT,COOLING,NONE,0.0,0.0,0.0,1.35,-0.67,78897.76,54579.44,True,False,-0.0169,76931.28,0.0835,2.079,1.4812
2026-08-23T11:19:11Z,HBARUSDT,COOLING,NONE,0.0,0.0,0.0,1.27,0.0,19738.73,10318.16,True,False,0.0,76931.28,0.0835,1.689,0.07894
2026-08-23T11:19:13Z,QAITUSDT,IMPULSE,NONE,0.0,0.0,0.0,63.29,0.0,1120.01,557.19,True,False,0.0,76931.28,0.0835,1.077,0.00252
2026-08-23T11:19:16Z,ZBCNUSDT,COOLING,BUY,0.0,0.0,0.0,38.18,0.0,413.44,57.62,True,False,0.0,76931.28,0.0835,2.267,0.0018616
2026-08-23T11:19:19Z,WUSDT,COOLING,NONE,0.0,0.0,0.0,11.7,0.0,3954.68,11488.16,True,False,0.0,76931.28,0.0835,1.039,0.009398
2026-08-23T11:19:51Z,XRPUSDT,COOLING,NONE,0.0,0.0,0.0,2.7,2.02,92188.3,53205.76,True,False,-0.0101,76958.28,0.0351,1.115,1.4832
2026-08-23T11:19:53Z,HBARUSDT,COOLING,SELL,36.52,0.0,36.52,1.27,0.0,38573.67,9575.04,True,False,-0.0254,76958.28,0.0351,1.133,0.07879
2026-08-23T11:19:57Z,QAITUSDT,IMPULSE,NONE,0.0,0.0,0.0,59.35,15.79,1029.65,1001.01,True,False,0.0792,76958.28,0.0351,1.154,0.00252
2026-08-23T11:19:59Z,ZBCNUSDT,COOLING,NONE,0.0,0.0,0.0,31.18,0.0,403.6,56.29,True,False,0.0,76958.28,0.0351,1.117,0.0018614
2026-08-23T11:20:01Z,WUSDT,COOLING,NONE,0.0,0.0,0.0,13.84,3.21,3954.68,11488.16,True,False,-0.1223,76958.28,0.0351,1.098,0.009407
2026-08-23T11:21:14Z,XRPUSDT,COOLING,BUY,0.0,43.82,43.82,1.34,-0.67,23856.0,41194.89,True,False,-0.0167,77199.88,0.3139,1.143,1.4935
2026-08-23T11:21:17Z,HBARUSDT,COOLING,BUY,0.0,18.56,18.56,2.53,1.27,3389.9,31250.1,True,False,-0.0443,77199.88,0.3139,1.049,0.07909
2026-08-23T11:22:02Z,QAITUSDT,IMPULSE,NONE,0.0,0.0,0.0,55.4,-3.95,1029.65,1001.01,True,False,-0.0198,77199.88,0.3139,2.123,0.00252
2026-08-23T11:22:05Z,ZBCNUSDT,COOLING,SELL,0.0,0.0,0.0,2.14,-5.89,239.58,56.43,True,False,-0.0294,77199.88,0.3139,1.179,0.0018688
2026-08-23T11:22:47Z,WUSDT,COOLING,NONE,0.0,0.0,0.0,10.6,-3.18,3050.07,10363.21,True,False,0.0159,77199.88,0.3139,41.197,0.009433
2026-08-23T11:25:06Z,XRPUSDT,COOLING,NONE,0.0,0.0,0.0,1.33,-0.67,56418.01,58692.25,True,False,-0.05,77289.62,0.1162,6.887,1.5005
2026-08-23T11:25:09Z,HBARUSDT,COOLING,SELL,47.47,8.65,47.47,8.83,5.05,10513.36,25005.33,True,False,-0.0757,77289.62,0.1162,1.15,0.07931
2026-08-23T11:25:14Z,QAITUSDT,IMPULSE,NONE,0.0,0.0,0.0,59.35,0.0,1308.05,1001.01,True,False,0.0,77289.62,0.1162,1.205,0.00252
2026-08-23T11:25:17Z,ZBCNUSDT,COOLING,SELL,10.7,0.0,10.7,22.38,0.0,298.3,77.36,True,False,0.0,77289.62,0.1162,1.082,0.0018746
2026-08-23T11:25:24Z,WUSDT,COOLING,SELL,0.01,0.0,0.01,13.78,0.0,5140.09,8751.43,True,False,0.0,77289.62,0.1162,1.103,0.009436
2026-08-23T11:25:57Z,XRPUSDT,COOLING,BUY,0.0,7.65,7.65,2.67,0.67,78295.0,70257.55,True,False,0.01,77287.3,-0.003,2.095,1.5
2026-08-23T11:25:59Z,HBARUSDT,COOLING,NONE,0.0,0.0,0.0,1.26,0.0,18959.89,15534.93,True,False,0.0,77287.3,-0.003,1.113,0.07931
2026-08-23T11:26:03Z,QAITUSDT,IMPULSE,NONE,0.0,0.0,0.0,59.35,0.0,1308.05,1001.01,True,False,0.0,77287.3,-0.003,1.119,0.00252
2026-08-23T11:26:45Z,ZBCNUSDT,COOLING,NONE,0.0,0.0,0.0,19.72,0.53,190.72,1840.46,True,False,0.0027,77287.3,-0.003,1.039,0.0018773
2026-08-23T11:26:48Z,WUSDT,COOLING,NONE,0.0,0.0,0.0,12.73,0.0,3695.88,7352.57,True,False,0.0,77287.3,-0.003,1.169,0.009428
2026-08-23T11:27:28Z,XRPUSDT,COOLING,BUY,1.19,24.16,24.16,2.0,-1.34,81925.91,83744.42,True,False,0.0134,77186.35,-0.1306,1.138,1.4978
2026-08-23T11:27:31Z,HBARUSDT,COOLING,NONE,0.0,0.0,0.0,1.26,0.0,13946.43,27196.5,True,False,0.0,77186.35,-0.1306,1.049,0.07916
2026-08-23T11:27:33Z,QAITUSDT,IMPULSE,NONE,0.0,0.0,0.0,55.4,0.0,1308.05,1001.01,True,False,0.0,77186.35,-0.1306,1.142,0.00252
2026-08-23T11:27:35Z,ZBCNUSDT,COOLING,SELL,20.97,0.0,20.97,13.34,0.0,290.93,161.3,True,False,0.0,77186.35,-0.1306,1.121,0.0018754
2026-08-23T11:27:37Z,WUSDT,COOLING,NONE,0.0,0.0,0.0,12.75,-1.06,3447.31,11524.95,True,False,-0.0053,77186.35,-0.1306,1.051,0.009419
2026-08-23T11:31:58Z,XRPUSDT,COOLING,SELL,0.03,0.0,0.03,1.34,0.0,53568.05,67939.04,True,False,0.0,77225.78,0.0511,1.199,1.4958
2026-08-23T11:32:00Z,HBARUSDT,COOLING,BUY,0.0,55.47,55.47,1.26,0.0,9092.02,30110.95,True,False,0.0,77225.78,0.0511,1.156,0.07923
2026-08-23T11:32:02Z,QAITUSDT,IMPULSE,NONE,0.0,0.0,0.0,59.35,0.0,1308.05,1001.01,True,False,0.0,77225.78,0.0511,1.165,0.00252
2026-08-23T11:32:06Z,ZBCNUSDT,COOLING,SELL,23.89,0.0,23.89,16.01,-1.07,498.2,87.34,True,False,-0.0053,77225.78,0.0511,1.121,0.0018751
2026-08-23T11:32:08Z,WUSDT,COOLING,BUY,0.0,3.36,3.36,13.85,0.0,4440.17,7505.65,True,False,0.0,77225.78,0.0511,1.16,0.009375
2026-08-23T11:33:23Z,XRPUSDT,COOLING,NONE,0.0,0.0,0.0,2.0,-0.67,52419.16,42162.96,True,False,-0.0167,77241.21,0.02,1.115,1.4977
2026-08-23T11:33:25Z,HBARUSDT,COOLING,NONE,0.0,0.0,0.0,2.53,-1.26,18559.89,9691.18,True,False,-0.0063,77241.21,0.02,1.092,0.07914
2026-08-23T11:33:28Z,QAITUSDT,IMPULSE,NONE,0.0,0.0,0.0,47.51,-3.95,1308.05,1001.01,True,False,-0.0198,77241.21,0.02,1.097,0.00252
2026-08-23T11:33:30Z,ZBCNUSDT,COOLING,NONE,0.0,0.0,0.0,11.2,1.07,181.89,78.08,True,False,0.0053,77241.21,0.02,1.075,0.0018756
2026-08-23T11:33:32Z,WUSDT,COOLING,NONE,0.0,0.0,0.0,13.85,0.0,3097.05,12479.11,True,False,0.0,77241.21,0.02,1.046,0.009388
2026-08-23T11:34:49Z,XRPUSDT,COOLING,NONE,0.0,0.0,0.0,1.34,-0.67,122580.05,57452.48,True,False,-0.0033,77190.53,-0.0656,1.487,1.4979
2026-08-23T11:34:52Z,HBARUSDT,COOLING,NONE,0.0,0.0,0.0,2.52,1.26,10159.44,13328.09,True,False,0.0189,77190.53,-0.0656,1.108,0.07933
2026-08-23T11:34:54Z,QAITUSDT,IMPULSE,SELL,62.17,0.0,62.17,90.86,31.51,1308.05,1001.01,True,True,0.1583,77190.53,-0.0656,1.144,0.002536
2026-08-23T11:34:57Z,ZBCNUSDT,COOLING,SELL,22.56,0.01,22.56,22.35,-0.53,112.1,1841.14,True,False,0.0027,77190.53,-0.0656,1.116,0.0018794
2026-08-23T11:35:00Z,WUSDT,COOLING,NONE,0.0,0.0,0.0,14.92,0.0,3398.96,12479.11,True,False,0.0,77190.53,-0.0656,2.221,0.009385
2026-08-23T11:36:46Z,XRPUSDT,COOLING,BUY,0.0,26.2,26.2,2.0,-0.67,73500.21,82659.45,True,False,0.0033,77294.01,0.1341,1.125,1.4982
2026-08-23T11:36:50Z,HBARUSDT,COOLING,NONE,0.0,0.0,0.0,1.26,0.0,4513.57,11064.16,True,False,0.0,77294.01,0.1341,1.195,0.07926
2026-08-23T11:36:52Z,QAITUSDT,IMPULSE,NONE,0.0,0.0,0.0,63.12,0.0,828.38,1083.43,True,False,0.0,77294.01,0.1341,1.147,0.002543
2026-08-23T11:36:54Z,ZBCNUSDT,COOLING,NONE,0.0,0.0,0.0,20.78,0.53,373.64,55.48,True,False,0.0027,77294.01,0.1341,1.104,0.0018777
2026-08-23T11:36:58Z,WUSDT,COOLING,NONE,0.0,0.0,0.0,11.71,1.08,4135.3,7686.62,True,False,-0.1116,77294.01,0.1341,1.163,0.009404
2026-08-23T11:38:53Z,XRPUSDT,COOLING,BUY,0.0,0.47,0.47,3.34,2.0,72242.26,77156.92,True,False,0.1772,77232.7,-0.0793,41.121,1.495
2026-08-23T11:38:55Z,HBARUSDT,COOLING,NONE,0.0,0.0,0.0,1.26,0.0,11146.57,32838.21,True,False,0.0,77232.7,-0.0793,1.047,0.07932
2026-08-23T11:38:57Z,QAITUSDT,IMPULSE,NONE,0.0,0.0,0.0,63.12,0.0,828.38,1083.43,True,False,0.0,77232.7,-0.0793,1.035,0.002543
2026-08-23T11:38:59Z,ZBCNUSDT,COOLING,SELL,23.3,0.0,23.3,15.97,0.53,118.48,1841.54,True,False,-0.0027,77232.7,-0.0793,1.029,0.0018797
2026-08-23T11:39:02Z,WUSDT,COOLING,BUY,0.0,4.46,4.46,12.78,2.13,3903.81,8212.48,True,False,-0.0107,77232.7,-0.0793,2.044,0.009388
2026-08-23T11:40:16Z,XRPUSDT,COOLING,NONE,0.0,0.0,0.0,2.0,-1.33,129281.87,93271.6,True,False,-0.0067,77365.47,0.1719,1.161,1.5031
2026-08-23T11:40:18Z,HBARUSDT,COOLING,NONE,0.0,0.0,0.0,1.26,0.0,21051.67,31599.36,True,False,0.0,77365.47,0.1719,1.115,0.07938
2026-08-23T11:40:20Z,QAITUSDT,IMPULSE,NONE,0.0,0.0,0.0,63.12,0.0,828.38,1083.43,True,False,0.0,77365.47,0.1719,1.087,0.002543
2026-08-23T11:40:23Z,ZBCNUSDT,COOLING,NONE,0.0,0.0,0.0,15.94,0.0,84.05,1841.54,True,False,0.0,77365.47,0.1719,1.062,0.0018821
2026-08-23T11:40:26Z,WUSDT,COOLING,NONE,0.0,0.0,0.0,11.7,0.0,3653.55,8219.69,True,False,0.0,77365.47,0.1719,2.323,0.009409
2026-08-23T11:43:29Z,XRPUSDT,COOLING,SELL,1.0,0.0,1.0,1.34,-0.67,114142.33,70994.64,True,False,-0.0501,77309.17,-0.0728,41.132,1.4978
2026-08-23T11:44:11Z,HBARUSDT,COOLING,BUY,0.0,48.4,48.4,1.26,0.0,9640.54,31848.03,True,True,0.0,77309.17,-0.0728,1.029,0.07925
2026-08-23T11:44:54Z,QAITUSDT,IMPULSE,NONE,0.0,0.0,0.0,55.25,0.0,1321.38,1099.64,True,False,0.0,77309.17,-0.0728,1.108,0.002536
2026-08-23T11:44:56Z,ZBCNUSDT,COOLING,NONE,0.0,0.0,0.0,2.66,0.0,748.31,328.28,True,False,0.0,77309.17,-0.0728,1.166,0.0018818
2026-08-23T11:44:58Z,WUSDT,COOLING,NONE,0.0,0.0,0.0,7.45,0.0,3912.09,7917.83,True,False,0.0,77309.17,-0.0728,1.1,0.009398
2026-08-23T11:45:36Z,XRPUSDT,COOLING,SELL,7.92,0.0,7.92,1.33,-0.67,66261.47,99510.64,True,False,-0.0033,77275.55,-0.0435,1.104,1.499
2026-08-23T11:45:38Z,HBARUSDT,COOLING,BUY,0.0,35.76,35.76,1.26,0.0,11046.19,19159.21,True,False,-0.0504,77275.55,-0.0435,1.07,0.0794
2026-08-23T11:45:41Z,QAITUSDT,IMPULSE,NONE,0.0,0.0,0.0,63.12,0.0,1315.13,1099.64,True,False,0.0,77275.55,-0.0435,1.121,0.002536
2026-08-23T11:45:44Z,ZBCNUSDT,COOLING,NONE,0.0,0.0,0.0,40.16,-0.53,71.31,1851.97,True,False,0.0026,77275.55,-0.0435,1.176,0.0018938
2026-08-23T11:45:46Z,WUSDT,COOLING,NONE,0.0,0.0,0.0,8.51,0.0,3107.23,8669.9,True,False,0.0,77275.55,-0.0435,1.113,0.009401
2026-08-23T11:46:18Z,XRPUSDT,COOLING,BUY,0.0,6.55,6.55,2.0,1.33,51438.28,72833.39,True,False,-0.0333,77294.88,0.025,1.114,1.5008
2026-08-23T11:46:20Z,HBARUSDT,COOLING,NONE,0.0,0.0,0.0,1.26,0.0,9750.18,28722.34,True,False,0.0,77294.88,0.025,1.092,0.0794
2026-08-23T11:46:22Z,QAITUSDT,IMPULSE,SELL,22.94,0.0,22.94,63.12,0.0,1343.6,1099.64,True,True,0.0,77294.88,0.025,1.022,0.002536
2026-08-23T11:47:05Z,ZBCNUSDT,COOLING,BUY,0.0,1.79,1.79,44.4,19.05,81.02,1859.58,True,False,-0.1056,77294.88,0.025,41.091,0.0018949
2026-08-23T11:47:08Z,WUSDT,COOLING,NONE,0.0,0.0,0.0,8.51,0.0,2802.19,8646.47,True,False,0.0,77294.88,0.025,1.24,0.009396
2026-08-23T11:50:10Z,XRPUSDT,COOLING,BUY,6.67,6.77,6.77,0.67,-0.67,73250.51,67194.68,True,False,0.01,77211.57,-0.1078,1.117,1.4972
2026-08-23T11:50:12Z,HBARUSDT,COOLING,NONE,0.0,0.0,0.0,1.26,0.0,10178.27,9439.3,True,False,0.0,77211.57,-0.1078,1.167,0.07912
2026-08-23T11:50:15Z,QAITUSDT,IMPULSE,SELL,74.04,0.0,74.04,63.49,-3.95,259.9,855.21,True,False,-0.0198,77211.57,-0.1078,1.102,0.002498
2026-08-23T11:50:17Z,ZBCNUSDT,COOLING,NONE,0.0,0.0,0.0,32.79,0.0,748.31,490.85,True,False,0.0,77211.57,-0.1078,1.028,0.0018941
2026-08-23T11:50:19Z,WUSDT,COOLING,SELL,9.6,7.49,9.6,14.9,0.0,8046.21,8920.94,True,False,0.0,77211.57,-0.1078,1.066,0.009388
2026-08-23T11:52:54Z,XRPUSDT,COOLING,NONE,0.0,0.0,0.0,2.0,-0.0,60281.84,69582.78,True,False,0.0067,77250.0,0.0498,1.163,1.498
2026-08-23T11:53:37Z,HBARUSDT,COOLING,BUY,0.0,44.15,44.15,1.26,0.0,10821.04,36182.64,True,False,-0.0126,77250.0,0.0498,1.16,0.07925
2026-08-23T11:53:39Z,QAITUSDT,IMPULSE,NONE,0.0,0.0,0.0,67.45,0.0,1675.86,855.21,True,False,0.0,77250.0,0.0498,1.315,0.002498
2026-08-23T11:53:43Z,ZBCNUSDT,COOLING,NONE,0.0,0.0,0.0,43.7,15.58,112.37,113.17,True,False,0.0781,77250.0,0.0498,1.227,0.0019218
2026-08-23T11:53:45Z,WUSDT,COOLING,NONE,0.0,0.0,0.0,11.7,0.0,9088.27,7248.61,True,False,0.0,77250.0,0.0498,1.16,0.009417
2026-08-23T11:55:39Z,XRPUSDT,COOLING,BUY,0.0,0.3,0.3,1.33,-0.67,91509.12,65898.43,True,False,-0.0033,77350.28,0.1298,1.078,1.4989
2026-08-23T11:55:42Z,HBARUSDT,COOLING,BUY,0.0,52.73,52.73,1.26,-1.26,26148.85,27389.64,True,False,-0.0063,77350.28,0.1298,1.202,0.07927
2026-08-23T11:55:44Z,QAITUSDT,IMPULSE,NONE,0.0,0.0,0.0,67.45,0.0,1290.97,855.21,True,False,0.0,77350.28,0.1298,1.25,0.002498
2026-08-23T11:55:47Z,ZBCNUSDT,COOLING,NONE,0.0,0.0,0.0,31.63,-1.04,107.49,241.86,True,False,0.0,77350.28,0.1298,1.244,0.0019309
2026-08-23T11:57:10Z,WUSDT,COOLING,NONE,0.0,0.0,0.0,14.9,0.0,4336.07,9364.25,True,False,0.0,77350.28,0.1298,1.336,0.009414
2026-08-23T11:58:51Z,XRPUSDT,COOLING,SELL,23.08,0.0,23.08,2.68,2.01,79574.85,84363.13,True,False,-0.0033,77332.68,-0.0228,1.233,1.4961
2026-08-23T11:58:53Z,HBARUSDT,COOLING,NONE,0.0,0.0,0.0,1.26,0.0,24498.31,30783.97,True,False,0.0,77332.68,-0.0228,1.135,0.07931
2026-08-23T11:58:57Z,QAITUSDT,IMPULSE,NONE,0.0,0.0,0.0,67.45,0.0,1662.47,855.21,True,False,0.0,77332.68,-0.0228,2.162,0.002498
2026-08-23T11:59:00Z,ZBCNUSDT,COOLING,NONE,0.0,0.0,0.0,27.53,0.0,273.39,365.0,True,False,0.0,77332.68,-0.0228,1.199,0.001926
2026-08-23T11:59:02Z,WUSDT,COOLING,NONE,0.0,0.0,0.0,3.19,-3.19,4217.34,9561.92,True,False,-0.016,77332.68,-0.0228,1.034,0.009403
2026-08-23T12:00:20Z,XRPUSDT,COOLING,BUY,1.28,18.05,18.05,2.01,-0.67,95330.0,65439.42,True,False,0.0234,77298.91,-0.0437,2.204,1.4938
2026-08-23T12:01:03Z,HBARUSDT,COOLING,NONE,0.0,0.0,0.0,1.26,0.0,11173.61,13241.78,True,False,-0.0252,77298.91,-0.0437,1.253,0.07925
2026-08-23T12:01:06Z,QAITUSDT,IMPULSE,NONE,0.0,0.0,0.0,67.45,0.0,1662.47,855.21,True,False,0.0,77298.91,-0.0437,1.478,0.002498
2026-08-23T12:01:09Z,ZBCNUSDT,COOLING,NONE,0.0,0.0,0.0,32.65,-1.03,277.81,155.62,True,False,-0.0052,77298.91,-0.0437,1.159,0.0019222
2026-08-23T12:01:12Z,WUSDT,COOLING,NONE,0.0,0.0,0.0,7.44,0.0,5380.38,8528.73,True,False,0.0,77298.91,-0.0437,1.11,0.009401
2026-08-23T12:01:49Z,XRPUSDT,COOLING,BUY,1.04,28.65,28.65,2.67,1.34,71112.85,114665.16,True,False,0.0,77260.0,-0.0503,1.201,1.4964
2026-08-23T12:01:53Z,HBARUSDT,COOLING,NONE,0.0,0.0,0.0,1.26,0.0,10998.39,28789.86,True,False,0.0,77260.0,-0.0503,1.111,0.07931
2026-08-23T12:01:56Z,QAITUSDT,IMPULSE,NONE,0.0,0.0,0.0,67.45,0.0,1662.47,855.21,True,False,0.0,77260.0,-0.0503,1.192,0.002498
2026-08-23T12:01:59Z,ZBCNUSDT,COOLING,NONE,0.0,0.0,0.0,24.35,0.0,282.55,151.87,True,False,0.0,77260.0,-0.0503,1.227,0.0019304
2026-08-23T12:02:01Z,WUSDT,COOLING,NONE,0.0,0.0,0.0,11.7,0.0,4897.19,5795.17,True,False,0.0,77260.0,-0.0503,1.194,0.009409
2026-08-23T12:04:26Z,XRPUSDT,COOLING,BUY,0.0,4.65,4.65,2.01,-0.0,78303.75,59546.8,True,False,0.0067,77192.84,-0.0869,1.14,1.492
2026-08-23T12:04:29Z,HBARUSDT,COOLING,NONE,0.0,0.0,0.0,1.26,0.0,9535.37,12643.58,True,False,0.0,77192.84,-0.0869,1.159,0.07918
2026-08-23T12:04:31Z,QAITUSDT,IMPULSE,NONE,0.0,0.0,0.0,67.45,0.0,1662.47,855.21,True,False,0.0,77192.84,-0.0869,1.119,0.002498
2026-08-23T12:04:34Z,ZBCNUSDT,COOLING,SELL,23.24,13.9,23.24,47.61,0.0,157.38,125.6,True,False,0.0,77192.84,-0.0869,1.292,0.0019182
2026-08-23T12:04:36Z,WUSDT,COOLING,NONE,0.0,0.0,0.0,14.92,0.0,5962.43,11707.36,True,False,0.0,77192.84,-0.0869,1.099,0.009385
2026-08-23T12:05:55Z,XRPUSDT,COOLING,NONE,0.0,0.0,0.0,2.01,0.0,85580.91,106177.16,True,False,0.0,77187.52,-0.0069,1.064,1.4922
2026-08-23T12:05:59Z,HBARUSDT,COOLING,NONE,0.0,0.0,0.0,1.26,0.0,9085.0,15372.93,True,False,0.0,77187.52,-0.0069,1.041,0.07913
2026-08-23T12:06:02Z,QAITUSDT,IMPULSE,NONE,0.0,0.0,0.0,67.45,0.0,1662.47,855.21,True,False,0.0,77187.52,-0.0069,1.083,0.002498
2026-08-23T12:06:05Z,ZBCNUSDT,COOLING,SELL,2.85,0.0,2.85,33.43,-0.52,2149.39,103.16,True,False,0.0026,77187.52,-0.0069,1.102,0.001915
2026-08-23T12:06:09Z,WUSDT,COOLING,SELL,14.29,0.0,14.29,11.72,-3.19,5962.43,7238.01,True,False,-0.016,77187.52,-0.0069,1.153,0.009388
2026-08-23T12:06:46Z,XRPUSDT,COOLING,SELL,24.7,0.0,24.7,5.38,1.35,89059.14,78334.35,True,True,-0.0269,77121.92,-0.085,2.117,1.4861
2026-08-23T12:06:49Z,HBARUSDT,COOLING,NONE,0.0,0.0,0.0,1.27,0.0,9876.76,9836.69,True,False,0.0,77121.92,-0.085,1.131,0.07894
2026-08-23T12:06:51Z,QAITUSDT,IMPULSE,NONE,0.0,0.0,0.0,67.45,0.0,1662.47,855.21,True,False,0.0,77121.92,-0.085,1.192,0.002498
2026-08-23T12:06:55Z,ZBCNUSDT,COOLING,NONE,0.0,0.0,0.0,28.73,0.0,91.16,103.1,True,False,0.0,77121.92,-0.085,2.082,0.0019143
2026-08-23T12:06:58Z,WUSDT,COOLING,NONE,0.0,0.0,0.0,12.84,0.0,5534.79,8359.8,True,False,0.0,77121.92,-0.085,2.114,0.009344
2026-08-23T12:11:24Z,XRPUSDT,COOLING,NONE,0.0,0.0,0.0,2.02,-0.0,87418.79,70502.91,True,False,0.0067,77088.37,-0.0435,1.122,1.4884
2026-08-23T12:11:27Z,HBARUSDT,COOLING,NONE,0.0,0.0,0.0,1.27,0.0,12555.18,33708.18,True,False,0.0,77088.37,-0.0435,1.165,0.07889
2026-08-23T12:11:29Z,QAITUSDT,IMPULSE,NONE,0.0,0.0,0.0,67.45,0.0,1662.47,855.21,True,False,0.0,77088.37,-0.0435,1.035,0.002498
2026-08-23T12:11:31Z,ZBCNUSDT,COOLING,SELL,45.55,0.0,45.55,15.15,0.0,226.54,103.01,True,False,0.0,77088.37,-0.0435,1.128,0.0019139
2026-08-23T12:11:35Z,WUSDT,COOLING,BUY,0.0,30.91,30.91,2.14,0.0,4662.63,11756.49,True,False,0.0,77088.37,-0.0435,2.116,0.009362
2026-08-23T12:15:36Z,XRPUSDT,COOLING,NONE,0.0,0.0,0.0,1.34,-0.67,82405.96,92765.08,True,False,-0.0034,77059.25,-0.0378,1.21,1.4892
2026-08-23T12:16:20Z,HBARUSDT,COOLING,BUY,0.4,0.43,0.43,2.53,1.26,25799.39,12892.54,True,False,0.1841,77059.25,-0.0378,41.184,0.07881
2026-08-23T12:16:23Z,QAITUSDT,IMPULSE,NONE,0.0,0.0,0.0,67.45,0.0,1662.47,1001.05,True,False,0.0,77059.25,-0.0378,1.329,0.002498
2026-08-23T12:16:26Z,ZBCNUSDT,COOLING,NONE,0.0,0.0,0.0,146.38,-2.03,2081.91,98.0,True,False,-0.0311,77059.25,-0.0378,2.041,0.0019263
2026-08-23T12:17:10Z,WUSDT,COOLING,NONE,0.0,0.0,0.0,13.91,-1.07,4102.94,12016.54,True,False,-0.0053,77059.25,-0.0378,42.143,0.009341
2026-08-23T12:18:21Z,XRPUSDT,COOLING,SELL,0.23,0.0,0.23,2.02,0.0,91678.21,104772.17,True,False,-0.1007,77071.85,0.0164,41.18,1.4892
2026-08-23T12:18:24Z,HBARUSDT,COOLING,NONE,0.0,0.0,0.0,2.53,1.27,11986.92,30464.38,True,False,0.019,77071.85,0.0164,1.317,0.07885
2026-08-23T12:18:26Z,QAITUSDT,IMPULSE,NONE,0.0,0.0,0.0,67.45,0.0,1662.47,1001.05,True,False,0.0,77071.85,0.0164,1.168,0.002498
2026-08-23T12:18:30Z,ZBCNUSDT,COOLING,NONE,0.0,0.0,0.0,114.37,-1.04,2081.91,1462.12,True,False,0.0,77071.85,0.0164,1.178,0.0019233
2026-08-23T12:18:32Z,WUSDT,COOLING,NONE,0.0,0.0,0.0,13.91,0.0,4102.94,12307.04,True,False,0.0,77071.85,0.0164,1.133,0.009338
2026-08-23T12:20:54Z,XRPUSDT,COOLING,NONE,0.0,0.0,0.0,0.67,0.0,111499.76,58841.44,True,False,0.0,77097.15,0.0328,1.184,1.4927
2026-08-23T12:20:56Z,HBARUSDT,COOLING,NONE,0.0,0.0,0.0,1.27,0.0,10489.9,24355.09,True,False,0.0,77097.15,0.0328,1.17,0.07895
2026-08-23T12:21:00Z,QAITUSDT,IMPULSE,NONE,0.0,0.0,0.0,67.45,0.0,1662.47,1001.05,True,False,0.0,77097.15,0.0328,1.22,0.002498
2026-08-23T12:21:02Z,ZBCNUSDT,IMPULSE,NONE,0.0,0.0,0.0,70.87,-1.05,2081.91,1465.8,True,False,0.0052,77097.15,0.0328,1.155,0.0019258
2026-08-23T12:21:05Z,WUSDT,COOLING,NONE,0.0,0.0,0.0,13.9,-1.07,4173.13,9112.21,True,False,0.0053,77097.15,0.0328,1.245,0.009354
2026-08-23T12:24:21Z,XRPUSDT,COOLING,BUY,0.0,0.77,0.77,2.01,0.67,74912.95,62791.54,True,False,-0.0101,77110.41,0.0172,1.152,1.4922
2026-08-23T12:24:24Z,HBARUSDT,COOLING,NONE,0.0,0.0,0.0,1.27,0.0,27483.42,10827.15,True,False,0.0,77110.41,0.0172,1.117,0.07904
2026-08-23T12:24:26Z,QAITUSDT,IMPULSE,NONE,0.0,0.0,0.0,67.45,0.0,1662.47,1001.05,True,False,0.0,77110.41,0.0172,1.051,0.002498
2026-08-23T12:24:28Z,ZBCNUSDT,IMPULSE,SELL,73.44,0.0,73.44,65.17,-0.52,2101.25,1784.67,True,True,-0.0026,77110.41,0.0172,1.248,0.0019202
2026-08-23T12:25:11Z,WUSDT,COOLING,NONE,0.0,0.0,0.0,8.56,-5.35,4099.35,7464.69,True,False,0.0267,77110.41,0.0172,41.184,0.009349
2026-08-23T12:26:26Z,XRPUSDT,COOLING,SELL,31.53,12.81,31.53,2.01,-0.0,78875.2,79470.22,True,True,0.0336,77078.24,-0.0417,1.125,1.4893
2026-08-23T12:26:30Z,HBARUSDT,COOLING,NONE,0.0,0.0,0.0,2.53,0.0,32720.29,9127.36,True,False,0.0,77078.24,-0.0417,2.223,0.07893
2026-08-23T12:26:34Z,QAITUSDT,IMPULSE,NONE,0.0,0.0,0.0,67.45,0.0,1662.47,1001.05,True,False,0.0,77078.24,-0.0417,2.11,0.002498
2026-08-23T12:26:37Z,ZBCNUSDT,IMPULSE,NONE,0.0,0.0,0.0,68.8,-1.04,2081.91,1886.74,True,False,-0.0052,77078.24,-0.0417,2.219,0.0019173
2026-08-23T12:26:40Z,WUSDT,COOLING,NONE,0.0,0.0,0.0,13.91,0.0,3637.88,8156.96,True,False,0.0,77078.24,-0.0417,1.179,0.00935
2026-08-23T12:30:21Z,XRPUSDT,COOLING,BUY,0.0,4.93,4.93,3.35,0.67,71113.93,88947.53,True,False,-0.0101,77049.83,-0.0369,1.157,1.4906
2026-08-23T12:30:23Z,HBARUSDT,COOLING,NONE,0.0,0.0,0.0,1.27,0.0,11402.48,32461.37,True,False,0.0,77049.83,-0.0369,1.277,0.07904
2026-08-23T12:30:26Z,QAITUSDT,IMPULSE,NONE,0.0,0.0,0.0,67.45,0.0,1662.47,1001.05,True,False,0.0,77049.83,-0.0369,1.101,0.002498
2026-08-23T12:30:30Z,ZBCNUSDT,IMPULSE,NONE,0.0,0.0,0.0,57.37,-0.52,2081.91,144.44,True,False,-0.0026,77049.83,-0.0369,1.194,0.0019178
2026-08-23T12:30:34Z,WUSDT,COOLING,NONE,0.0,0.0,0.0,14.92,0.0,5042.24,7373.04,True,False,0.0,77049.83,-0.0369,1.612,0.009385
2026-08-23T12:32:30Z,XRPUSDT,COOLING,BUY,3.42,3.68,3.68,0.67,-0.67,92917.48,89788.98,True,False,0.0234,77064.36,0.0189,2.367,1.4946
2026-08-23T12:32:32Z,HBARUSDT,COOLING,NONE,0.0,0.0,0.0,1.26,0.0,10076.28,24049.03,True,False,0.0,77064.36,0.0189,1.11,0.07921
2026-08-23T12:32:36Z,QAITUSDT,IMPULSE,NONE,0.0,0.0,0.0,67.45,0.0,1662.47,1001.05,True,False,0.0,77064.36,0.0189,1.229,0.002498
2026-08-23T12:32:38Z,ZBCNUSDT,IMPULSE,NONE,0.0,0.0,0.0,72.81,0.0,2081.91,167.7,True,False,0.0,77064.36,0.0189,1.129,0.001921
2026-08-23T12:32:41Z,WUSDT,COOLING,NONE,0.0,0.0,0.0,13.81,0.0,5303.96,4797.44,True,False,0.0,77064.36,0.0189,1.039,0.009415
2026-08-23T12:33:56Z,XRPUSDT,COOLING,SELL,9.57,7.31,9.57,2.01,0.0,131963.93,83340.52,True,False,0.0,77066.09,0.0022,2.176,1.4938
2026-08-23T12:33:58Z,HBARUSDT,COOLING,NONE,0.0,0.0,0.0,2.53,0.0,25094.7,9991.01,True,False,0.0,77066.09,0.0022,1.082,0.07918
2026-08-23T12:34:00Z,QAITUSDT,IMPULSE,NONE,0.0,0.0,0.0,67.45,0.0,1662.47,1001.05,True,False,0.0,77066.09,0.0022,1.169,0.002498
2026-08-23T12:34:03Z,ZBCNUSDT,IMPULSE,NONE,0.0,0.0,0.0,14.57,0.0,2081.91,123.53,True,False,0.0,77066.09,0.0022,1.239,0.0019229
2026-08-23T12:34:05Z,WUSDT,COOLING,NONE,0.0,0.0,0.0,8.51,0.0,4242.24,13076.82,True,False,0.0,77066.09,0.0022,1.027,0.009396
2026-08-23T12:37:06Z,XRPUSDT,COOLING,BUY,0.0,1.2,1.2,2.01,-0.0,70831.87,96745.86,True,False,0.0134,77072.13,0.0078,2.301,1.494
2026-08-23T12:37:08Z,HBARUSDT,COOLING,NONE,0.0,0.0,0.0,1.26,0.0,9075.44,10244.7,True,False,0.0,77072.13,0.0078,1.103,0.07913
2026-08-23T12:37:51Z,QAITUSDT,IMPULSE,NONE,0.0,0.0,0.0,67.45,0.0,1662.47,1001.05,True,False,0.0,77072.13,0.0078,2.167,0.002498
2026-08-23T12:37:56Z,ZBCNUSDT,IMPULSE,NONE,0.0,0.0,0.0,31.8,0.0,2081.91,154.83,True,False,0.0,77072.13,0.0078,2.278,0.0019167
2026-08-23T12:37:59Z,WUSDT,COOLING,NONE,0.0,0.0,0.0,6.39,0.0,6927.03,13076.82,True,False,0.0,77072.13,0.0078,2.115,0.009393
2026-08-23T12:38:30Z,XRPUSDT,COOLING,SELL,5.47,0.0,5.47,2.68,0.67,86362.22,62090.94,True,False,0.0033,77075.77,0.0047,1.487,1.4938
2026-08-23T12:39:13Z,HBARUSDT,COOLING,BUY,0.0,0.27,0.27,1.26,0.0,9068.69,31640.48,True,False,-0.0253,77075.77,0.0047,41.223,0.07913
2026-08-23T12:39:15Z,QAITUSDT,IMPULSE,NONE,0.0,0.0,0.0,67.45,0.0,1662.47,1001.05,True,False,0.0,77075.77,0.0047,1.117,0.002498
2026-08-23T12:39:18Z,ZBCNUSDT,IMPULSE,NONE,0.0,0.0,0.0,59.35,-0.52,2081.91,154.83,True,False,-0.0026,77075.77,0.0047,2.165,0.0019183
2026-08-23T12:39:20Z,WUSDT,COOLING,NONE,0.0,0.0,0.0,13.81,0.0,8068.59,9267.1,True,False,0.0,77075.77,0.0047,1.077,0.009418
2026-08-23T12:39:55Z,XRPUSDT,COOLING,SELL,5.63,0.0,5.63,1.34,-0.67,63052.5,80987.03,True,False,0.0368,77118.46,0.0554,1.205,1.4954
2026-08-23T12:39:58Z,HBARUSDT,COOLING,NONE,0.0,0.0,0.0,1.26,0.0,35698.16,30366.69,True,False,0.0,77118.46,0.0554,1.127,0.07916
2026-08-23T12:40:00Z,QAITUSDT,IMPULSE,NONE,0.0,0.0,0.0,67.45,0.0,1662.47,1001.05,True,False,0.0,77118.46,0.0554,1.112,0.002498
2026-08-23T12:40:43Z,ZBCNUSDT,IMPULSE,NONE,0.0,0.0,0.0,51.96,-0.52,2081.91,171.75,True,False,-0.0026,77118.46,0.0554,1.104,0.0019221
2026-08-23T12:40:45Z,WUSDT,COOLING,NONE,0.0,0.0,0.0,13.75,0.0,8299.26,7306.62,True,False,0.0,77118.46,0.0554,1.125,0.009448
2026-08-23T12:45:51Z,XRPUSDT,COOLING,BUY,0.0,0.51,0.51,1.34,-1.34,82321.78,86052.01,True,False,-0.0802,77236.58,0.1532,42.193,1.4973
2026-08-23T12:45:53Z,HBARUSDT,COOLING,NONE,0.0,0.0,0.0,1.26,0.0,35880.4,10246.91,True,False,0.0,77236.58,0.1532,1.061,0.07925
2026-08-23T12:45:55Z,QAITUSDT,IMPULSE,NONE,0.0,0.0,0.0,43.73,0.0,567.84,1001.05,True,False,0.0,77236.58,0.1532,1.333,0.002512
2026-08-23T12:45:59Z,ZBCNUSDT,IMPULSE,NONE,0.0,0.0,0.0,16.1,0.0,229.69,223.85,True,False,0.0,77236.58,0.1532,2.185,0.0019249
2026-08-23T12:46:01Z,WUSDT,COOLING,NONE,0.0,0.0,0.0,11.66,0.0,8283.71,13299.96,True,False,0.0,77236.58,0.1532,1.034,0.009435
2026-08-23T12:49:16Z,XRPUSDT,COOLING,BUY,0.17,0.3,0.3,0.67,-1.34,79896.44,125249.92,True,False,-0.107,77229.31,-0.0094,82.419,1.4959
2026-08-23T12:49:18Z,HBARUSDT,COOLING,NONE,0.0,0.0,0.0,3.77,0.0,36275.65,26083.41,True,False,0.0,77229.31,-0.0094,1.13,0.07962
2026-08-23T12:49:21Z,QAITUSDT,IMPULSE,NONE,0.0,0.0,0.0,43.73,0.0,1213.0,1561.04,True,False,0.0,77229.31,-0.0094,1.172,0.002512
2026-08-23T12:49:24Z,ZBCNUSDT,IMPULSE,BUY,0.0,2.73,2.73,16.66,-1.04,249.74,213.97,True,False,-0.0052,77229.31,-0.0094,1.225,0.0019201
2026-08-23T12:50:07Z,WUSDT,COOLING,NONE,0.0,0.0,0.0,15.98,0.0,5124.71,9819.09,True,False,0.0,77229.31,-0.0094,42.111,0.009391
2026-08-23T12:50:43Z,XRPUSDT,COOLING,BUY,0.0,33.72,33.72,1.34,-0.67,79487.9,95050.51,True,False,-0.0033,77210.1,-0.0249,1.268,1.4951
2026-08-23T12:50:45Z,HBARUSDT,COOLING,SELL,11.71,0.0,11.71,1.26,0.0,21077.48,9377.92,True,False,0.0,77210.1,-0.0249,1.217,0.07961
2026-08-23T12:50:49Z,QAITUSDT,IMPULSE,NONE,0.0,0.0,0.0,43.73,0.0,1213.0,1549.49,True,False,0.0,77210.1,-0.0249,1.196,0.002512
2026-08-23T12:50:53Z,ZBCNUSDT,IMPULSE,NONE,0.0,0.0,0.0,9.89,0.0,2091.57,206.8,True,False,0.0,77210.1,-0.0249,2.108,0.0019205
2026-08-23T12:51:35Z,WUSDT,COOLING,SELL,0.49,0.0,0.49,12.8,-2.12,5124.71,9819.09,True,False,-0.1066,77210.1,-0.0249,41.182,0.009386
2026-08-23T12:53:59Z,XRPUSDT,COOLING,BUY,0.0,19.75,19.75,1.34,-0.67,68178.6,90955.99,True,True,-0.0034,77193.51,-0.0215,1.168,1.4942
2026-08-23T12:54:42Z,HBARUSDT,COOLING,NONE,0.0,0.0,0.0,2.52,1.26,34803.45,9438.85,True,False,0.0063,77193.51,-0.0215,1.31,0.07943
2026-08-23T12:54:44Z,QAITUSDT,IMPULSE,NONE,0.0,0.0,0.0,43.73,0.0,1213.0,1549.49,True,False,0.0,77193.51,-0.0215,1.098,0.002512
2026-08-23T12:55:26Z,ZBCNUSDT,IMPULSE,NONE,0.0,0.0,0.0,13.05,-1.04,53.55,103.28,True,False,-0.0365,77193.51,-0.0215,41.243,0.0019147
2026-08-23T12:55:29Z,WUSDT,COOLING,NONE,0.0,0.0,0.0,13.87,0.0,4786.54,7834.14,True,False,0.0,77193.51,-0.0215,2.18,0.009369
2026-08-23T12:56:44Z,XRPUSDT,COOLING,SELL,7.92,0.0,7.92,2.01,0.0,67562.68,93063.34,True,False,0.0,77204.82,0.0147,1.153,1.4938
2026-08-23T12:56:47Z,HBARUSDT,COOLING,SELL,58.06,22.81,58.06,1.25,0.0,30484.45,12802.3,True,False,0.0,77204.82,0.0147,1.18,0.07974
2026-08-23T12:56:49Z,QAITUSDT,IMPULSE,NONE,0.0,0.0,0.0,43.73,0.0,1213.0,1549.49,True,False,0.0,77204.82,0.0147,1.247,0.002512
2026-08-23T12:56:51Z,ZBCNUSDT,IMPULSE,NONE,0.0,0.0,0.0,14.62,0.0,268.43,124.99,True,False,0.0,77204.82,0.0147,1.178,0.0019154
2026-08-23T12:56:56Z,WUSDT,COOLING,NONE,0.0,0.0,0.0,10.65,0.0,4285.86,7608.91,True,False,0.0,77204.82,0.0147,1.157,0.009386
2026-08-23T12:58:53Z,XRPUSDT,COOLING,NONE,0.0,0.0,0.0,1.34,0.0,57140.15,107177.18,True,False,0.0,77210.67,0.0076,1.111,1.4952
2026-08-23T12:58:57Z,HBARUSDT,COOLING,SELL,1.77,0.0,1.77,1.25,0.0,15566.59,10866.69,True,False,0.0,77210.67,0.0076,2.266,0.07961
2026-08-23T12:59:00Z,QAITUSDT,IMPULSE,NONE,0.0,0.0,0.0,43.73,0.0,1213.0,1549.49,True,False,0.0,77210.67,0.0076,1.143,0.002512
2026-08-23T12:59:02Z,ZBCNUSDT,IMPULSE,NONE,0.0,0.0,0.0,12.54,-0.52,268.43,116.32,True,False,0.0026,77210.67,0.0076,1.135,0.0019132
2026-08-23T12:59:05Z,WUSDT,COOLING,NONE,0.0,0.0,0.0,11.68,0.0,5272.42,6854.56,True,False,0.0,77210.67,0.0076,1.217,0.009417
2026-08-23T13:02:11Z,XRPUSDT,COOLING,BUY,10.3,66.17,66.17,2.01,0.67,75580.51,146886.25,True,False,-0.0234,77210.67,0.0,1.087,1.4962
2026-08-23T13:02:13Z,HBARUSDT,COOLING,SELL,2.93,0.0,2.93,2.51,0.0,25666.5,32793.39,True,False,0.0,77210.67,0.0,1.139,0.07986
2026-08-23T13:02:16Z,QAITUSDT,IMPULSE,NONE,0.0,0.0,0.0,43.73,0.0,1213.0,1549.49,True,False,0.0,77210.67,0.0,1.048,0.002512
2026-08-23T13:02:19Z,ZBCNUSDT,IMPULSE,NONE,0.0,0.0,0.0,12.53,0.0,268.43,177.82,True,False,0.0,77210.67,0.0,1.151,0.0019146
2026-08-23T13:02:21Z,WUSDT,COOLING,BUY,0.0,22.16,22.16,13.81,0.0,7352.01,11793.81,True,False,0.0,77210.67,0.0,1.29,0.009406
2026-08-23T13:04:17Z,XRPUSDT,COOLING,NONE,0.0,0.0,0.0,2.01,0.0,68578.19,63571.09,True,False,0.0,77210.67,0.0,1.133,1.494
2026-08-23T13:04:19Z,HBARUSDT,COOLING,NONE,0.0,0.0,0.0,1.25,0.0,26155.75,49001.25,True,False,0.0,77210.67,0.0,1.165,0.07989
2026-08-23T13:04:21Z,QAITUSDT,IMPULSE,NONE,0.0,0.0,0.0,43.73,0.0,1213.0,1549.49,True,False,0.0,77210.67,0.0,1.062,0.002512
2026-08-23T13:04:23Z,ZBCNUSDT,IMPULSE,NONE,0.0,0.0,0.0,10.98,0.0,74.88,154.0,True,False,0.0,77210.67,0.0,1.076,0.0019127
2026-08-23T13:04:26Z,WUSDT,COOLING,NONE,0.0,0.0,0.0,13.84,0.0,4212.05,6799.73,True,False,0.0,77210.67,0.0,1.173,0.009415
2026-08-23T13:06:59Z,XRPUSDT,COOLING,NONE,0.0,0.0,0.0,2.0,0.67,57612.2,100920.97,True,False,-0.01,77206.37,-0.0056,1.154,1.4989
2026-08-23T13:07:01Z,HBARUSDT,COOLING,NONE,0.0,0.0,0.0,1.25,0.0,10015.31,26786.79,True,False,0.0,77206.37,-0.0056,1.242,0.08004
2026-08-23T13:07:04Z,QAITUSDT,IMPULSE,NONE,0.0,0.0,0.0,43.73,0.0,1213.0,1549.49,True,False,0.0,77206.37,-0.0056,1.221,0.002512
2026-08-23T13:07:46Z,ZBCNUSDT,IMPULSE,SELL,24.47,0.0,24.47,28.74,0.52,133.16,163.52,True,False,-0.0026,77206.37,-0.0056,1.082,0.0019159
2026-08-23T13:08:30Z,WUSDT,COOLING,NONE,0.0,0.0,0.0,10.64,0.0,7000.05,6626.63,True,False,0.0,77206.37,-0.0056,2.383,0.009392
2026-08-23T13:11:33Z,XRPUSDT,COOLING,NONE,0.0,0.0,0.0,2.67,0.0,74376.27,96986.16,True,False,0.0,77292.8,0.1119,1.213,1.5001
2026-08-23T13:11:38Z,QAITUSDT,IMPULSE,NONE,0.0,0.0,0.0,43.73,0.0,1258.46,1549.49,True,False,0.0,77292.8,0.1119,1.166,0.002512
2026-08-23T13:11:41Z,ZBCNUSDT,IMPULSE,SELL,6.65,0.0,6.65,19.77,0.0,66.83,188.51,True,False,0.0,77292.8,0.1119,1.051,0.0019211
2026-08-23T13:11:43Z,WUSDT,COOLING,NONE,0.0,0.0,0.0,11.7,0.0,8489.12,8095.93,True,False,0.0,77292.8,0.1119,1.173,0.009405
2026-08-23T13:11:46Z,BIOUSDT,COOLING,NONE,0.0,0.0,0.0,6.68,0.0,3798.3,2302.11,True,False,0.0,77292.8,0.1119,1.144,0.02996
2026-08-23T13:12:18Z,XRPUSDT,COOLING,NONE,0.0,0.0,0.0,2.0,-0.0,75785.77,82379.85,True,False,0.0067,77313.86,0.0272,1.137,1.4991
2026-08-23T13:12:21Z,QAITUSDT,IMPULSE,NONE,0.0,0.0,0.0,51.7,0.0,1258.46,1001.07,True,False,0.0,77313.86,0.0272,1.257,0.002512
2026-08-23T13:12:23Z,ZBCNUSDT,IMPULSE,NONE,0.0,0.0,0.0,14.07,0.0,41.58,198.83,True,False,0.0,77313.86,0.0272,1.113,0.0019187
2026-08-23T13:12:25Z,WUSDT,COOLING,NONE,0.0,0.0,0.0,11.7,0.0,7951.01,11934.1,True,False,0.0,77313.86,0.0272,1.209,0.009409
2026-08-23T13:12:29Z,BIOUSDT,COOLING,NONE,0.0,0.0,0.0,3.34,0.0,2650.18,2774.68,True,False,0.0,77313.86,0.0272,2.142,0.02997
2026-08-23T13:13:44Z,XRPUSDT,COOLING,BUY,2.68,23.85,23.85,1.33,-0.0,76037.07,118486.92,True,False,0.0067,77325.39,0.0149,1.177,1.5004
2026-08-23T13:13:46Z,QAITUSDT,IMPULSE,NONE,0.0,0.0,0.0,51.7,0.0,1258.46,1001.07,True,False,0.0,77325.39,0.0149,1.187,0.002512
2026-08-23T13:13:49Z,ZBCNUSDT,IMPULSE,NONE,0.0,0.0,0.0,11.45,0.0,52.34,201.1,True,False,0.0,77325.39,0.0149,1.223,0.0019202
2026-08-23T13:15:12Z,WUSDT,COOLING,BUY,0.0,0.12,0.12,11.7,1.05,4491.65,8740.76,True,False,0.1118,77325.39,0.0149,82.376,0.0094
2026-08-23T13:15:15Z,BIOUSDT,COOLING,NONE,0.0,0.0,0.0,3.34,0.0,3597.92,2205.66,True,False,0.0,77325.39,0.0149,1.187,0.02994
2026-08-23T13:17:43Z,XRPUSDT,COOLING,SELL,16.67,15.97,16.67,2.66,-0.0,122111.86,96404.79,True,False,0.02,77361.2,0.0463,2.197,1.5009
2026-08-23T13:17:45Z,QAITUSDT,IMPULSE,NONE,0.0,0.0,0.0,51.7,0.0,1258.46,1001.07,True,False,0.0,77361.2,0.0463,1.129,0.002512
2026-08-23T13:17:48Z,ZBCNUSDT,IMPULSE,NONE,0.0,0.0,0.0,16.13,-1.04,61.41,352.11,True,False,-0.0052,77361.2,0.0463,1.21,0.001917
2026-08-23T13:17:51Z,WUSDT,COOLING,BUY,0.0,29.26,29.26,11.67,0.0,4074.86,10622.26,True,False,0.0,77361.2,0.0463,1.349,0.009419
2026-08-23T13:18:33Z,BIOUSDT,COOLING,BUY,0.72,1.67,1.67,13.25,6.6,3140.21,4528.32,True,False,0.2989,77361.2,0.0463,41.104,0.03001
2026-08-23T13:19:46Z,XRPUSDT,COOLING,SELL,24.73,0.0,24.73,7.92,1.98,71270.46,16516.58,True,False,0.0099,77609.73,0.3213,1.188,1.5154
2026-08-23T13:19:49Z,QAITUSDT,IMPULSE,NONE,0.0,0.0,0.0,51.7,0.0,1258.46,1001.07,True,False,0.0,77609.73,0.3213,1.205,0.002512
2026-08-23T13:19:54Z,ZBCNUSDT,IMPULSE,BUY,0.0,0.0,0.0,37.83,-1.56,145.3,103.85,True,False,0.0026,77609.73,0.3213,2.154,0.0019275
2026-08-23T13:19:56Z,WUSDT,COOLING,NONE,0.0,0.0,0.0,16.91,-2.11,3337.41,7918.57,True,False,-0.0211,77609.73,0.3213,1.121,0.009473
2026-08-23T13:20:00Z,BIOUSDT,COOLING,NONE,0.0,0.0,0.0,16.52,0.0,2912.84,1120.13,True,False,0.0,77609.73,0.3213,2.203,0.03027
2026-08-23T13:20:33Z,XRPUSDT,COOLING,NONE,0.0,0.0,0.0,5.27,1.98,45568.57,15984.37,True,False,-0.0033,77604.93,-0.0062,1.186,1.5195
2026-08-23T13:20:35Z,QAITUSDT,IMPULSE,NONE,0.0,0.0,0.0,51.7,0.0,1258.46,1001.07,True,False,0.0,77604.93,-0.0062,1.123,0.002512
2026-08-23T13:20:38Z,ZBCNUSDT,IMPULSE,SELL,61.2,2.73,61.2,37.86,-1.04,290.36,124.39,True,False,-0.0052,77604.93,-0.0062,1.106,0.0019274
2026-08-23T13:20:42Z,WUSDT,COOLING,NONE,0.0,0.0,0.0,1.06,-10.58,4956.14,12869.57,True,False,-0.0529,77604.93,-0.0062,2.195,0.009457
2026-08-23T13:20:44Z,BIOUSDT,COOLING,SELL,0.03,0.0,0.03,9.94,6.63,8632.69,1738.35,True,False,-0.0331,77604.93,-0.0062,1.295,0.03026
2026-08-23T13:25:08Z,XRPUSDT,COOLING,BUY,0.0,14.91,14.91,1.99,-1.99,39628.14,83098.48,True,False,-0.0033,77608.59,0.0047,1.159,1.5106
2026-08-23T13:25:10Z,QAITUSDT,IMPULSE,NONE,0.0,0.0,0.0,51.7,0.0,1258.46,1001.07,True,False,0.0,77608.59,0.0047,1.191,0.002512
2026-08-23T13:25:12Z,WUSDT,COOLING,NONE,0.0,0.0,0.0,1.06,0.0,5404.11,8453.56,True,False,0.0,77608.59,0.0047,1.201,0.00945
2026-08-23T13:25:55Z,BIOUSDT,COOLING,SELL,70.39,0.0,70.39,3.31,0.0,8016.5,2863.13,True,True,0.0,77608.59,0.0047,1.09,0.03023
2026-08-23T13:25:57Z,RWAINCUSDT,COOLING,NONE,0.0,0.0,0.0,78.39,0.0,1389.65,1426.31,True,False,0.0,77608.59,0.0047,1.125,0.001921
2026-08-23T13:27:52Z,XRPUSDT,COOLING,BUY,0.0,11.29,11.29,2.65,0.0,56169.68,74491.56,True,False,-0.0066,77539.19,-0.0894,1.181,1.508
2026-08-23T13:27:54Z,QAITUSDT,IMPULSE,NONE,0.0,0.0,0.0,51.7,0.0,1213.0,1001.07,True,False,0.0,77539.19,-0.0894,1.224,0.002512
2026-08-23T13:27:56Z,WUSDT,COOLING,NONE,0.0,0.0,0.0,1.06,0.0,3749.29,9495.71,True,False,0.0,77539.19,-0.0894,1.292,0.00945
2026-08-23T13:27:59Z,BIOUSDT,COOLING,NONE,0.0,0.0,0.0,6.62,0.0,7723.7,1704.75,True,False,0.0,77539.19,-0.0894,1.163,0.03021
2026-08-23T13:28:01Z,RWAINCUSDT,COOLING,NONE,0.0,0.0,0.0,78.39,0.0,1389.65,1426.31,True,False,0.0,77539.19,-0.0894,1.203,0.001921
2026-08-23T13:28:36Z,XRPUSDT,COOLING,NONE,0.0,0.0,0.0,3.32,0.0,82021.49,158470.1,True,False,-0.0066,77518.42,-0.0268,1.363,1.5059
2026-08-23T13:29:20Z,QAITUSDT,IMPULSE,NONE,0.0,0.0,0.0,51.7,0.0,1213.0,1001.07,True,False,0.0,77518.42,-0.0268,2.186,0.002512
2026-08-23T13:29:23Z,WUSDT,COOLING,NONE,0.0,0.0,0.0,1.06,0.0,5268.21,8892.53,True,False,0.0,77518.42,-0.0268,1.193,0.009451
2026-08-23T13:29:27Z,BIOUSDT,COOLING,NONE,0.0,0.0,0.0,3.31,0.0,8146.52,2151.42,True,False,0.0,77518.42,-0.0268,2.147,0.03023
2026-08-23T13:29:31Z,RWAINCUSDT,COOLING,NONE,0.0,0.0,0.0,78.39,0.0,1389.65,1426.31,True,False,0.0,77518.42,-0.0268,2.326,0.001921
2026-08-23T13:32:35Z,XRPUSDT,COOLING,BUY,0.0,19.53,19.53,2.65,-0.0,51191.13,83031.26,True,False,0.0132,77443.33,-0.0969,1.126,1.5091
2026-08-23T13:32:38Z,QAITUSDT,IMPULSE,NONE,0.0,0.0,0.0,51.7,0.0,1213.0,1001.07,True,False,0.0,77443.33,-0.0969,1.166,0.002512
2026-08-23T13:32:41Z,ZBCNUSDT,IMPULSE,BUY,0.0,0.01,0.01,13.01,-2.61,2081.91,116.1,True,False,0.0182,77443.33,-0.0969,1.177,0.0019206
2026-08-23T13:32:47Z,WUSDT,COOLING,NONE,0.0,0.0,0.0,10.59,0.0,4567.82,9160.15,True,False,0.0,77443.33,-0.0969,2.25,0.009446
2026-08-23T13:32:51Z,BIOUSDT,COOLING,NONE,0.0,0.0,0.0,3.31,-0.0,7830.32,2387.03,True,False,0.0331,77443.33,-0.0969,2.694,0.03019
2026-08-23T13:33:25Z,XRPUSDT,COOLING,BUY,0.0,2.48,2.48,1.33,-5.3,70889.46,93152.15,True,False,-0.0464,77391.62,-0.0668,2.188,1.5073
2026-08-23T13:33:27Z,QAITUSDT,IMPULSE,NONE,0.0,0.0,0.0,51.7,0.0,1213.0,1001.07,True,False,0.0,77391.62,-0.0668,1.133,0.002512
2026-08-23T13:33:31Z,ZBCNUSDT,IMPULSE,NONE,0.0,0.0,0.0,14.57,-1.04,2081.91,83.58,True,False,0.0052,77391.62,-0.0668,2.069,0.0019218
2026-08-23T13:33:34Z,WUSDT,COOLING,NONE,0.0,0.0,0.0,11.63,0.0,3886.08,8197.37,True,False,0.0,77391.62,-0.0668,2.094,0.009456
2026-08-23T13:33:36Z,BIOUSDT,COOLING,NONE,0.0,0.0,0.0,6.62,0.0,8848.81,4065.51,True,False,0.0,77391.62,-0.0668,1.196,0.03021
2026-08-23T13:35:30Z,XRPUSDT,COOLING,BUY,0.0,10.1,10.1,2.66,-0.0,92111.54,91000.9,True,False,0.0199,77385.24,-0.0082,1.22,1.5057
2026-08-23T13:35:32Z,QAITUSDT,IMPULSE,NONE,0.0,0.0,0.0,51.7,0.0,1213.0,1001.07,True,False,0.0,77385.24,-0.0082,1.281,0.002512
2026-08-23T13:35:36Z,ZBCNUSDT,IMPULSE,NONE,0.0,0.0,0.0,18.7,1.56,2081.91,83.7,True,False,-0.0234,77385.24,-0.0082,1.181,0.0019256
2026-08-23T13:35:38Z,WUSDT,COOLING,NONE,0.0,0.0,0.0,12.69,0.0,4332.54,6727.9,True,False,0.0,77385.24,-0.0082,1.165,0.009449
2026-08-23T13:35:43Z,BIOUSDT,COOLING,NONE,0.0,0.0,0.0,6.63,3.31,1753.2,3824.8,True,False,-0.0166,77385.24,-0.0082,2.299,0.03017
2026-08-23T13:38:50Z,XRPUSDT,COOLING,BUY,0.0,33.69,33.69,2.64,-0.0,82852.05,79392.56,True,False,0.0132,77490.0,0.1354,1.12,1.5146
2026-08-23T13:38:53Z,QAITUSDT,IMPULSE,NONE,0.0,0.0,0.0,51.7,0.0,1213.0,1001.07,True,False,0.0,77490.0,0.1354,1.051,0.002512
2026-08-23T13:38:56Z,WUSDT,COOLING,NONE,0.0,0.0,0.0,20.06,7.39,5323.26,7064.96,True,False,0.037,77490.0,0.1354,1.193,0.009472
2026-08-23T13:39:38Z,BIOUSDT,COOLING,NONE,0.0,0.0,0.0,6.62,3.32,2851.66,2629.66,True,False,-0.1488,77490.0,0.1354,41.154,0.03022
2026-08-23T13:40:20Z,RWAINCUSDT,COOLING,SELL,0.0,0.0,0.0,98.47,-5.16,1382.43,1425.17,True,False,-0.0259,77490.0,0.1354,41.121,0.001938
2026-08-23T13:41:32Z,XRPUSDT,COOLING,SELL,15.08,0.0,15.08,2.64,-1.32,101319.27,58822.7,True,False,-0.0132,77527.13,0.0479,1.119,1.5152
2026-08-23T13:41:34Z,QAITUSDT,IMPULSE,NONE,0.0,0.0,0.0,51.7,0.0,1213.0,1001.07,True,False,0.0,77527.13,0.0479,1.205,0.002512
2026-08-23T13:41:37Z,WUSDT,COOLING,NONE,0.0,0.0,0.0,10.54,0.0,4826.23,12881.46,True,False,0.0,77527.13,0.0479,1.064,0.009493
2026-08-23T13:41:39Z,BIOUSDT,COOLING,NONE,0.0,0.0,0.0,6.61,0.0,1872.42,3287.14,True,False,0.0,77527.13,0.0479,1.208,0.03028
2026-08-23T13:41:41Z,RWAINCUSDT,COOLING,SELL,0.12,0.0,0.12,103.63,0.0,1385.88,1425.17,True,False,0.0,77527.13,0.0479,1.212,0.001938
2026-08-23T13:43:35Z,XRPUSDT,COOLING,NONE,0.0,0.0,0.0,2.64,0.0,85077.81,78748.32,True,False,-0.0132,77487.95,-0.0505,2.165,1.5142
2026-08-23T13:43:39Z,QAITUSDT,IMPULSE,NONE,0.0,0.0,0.0,51.7,0.0,1213.0,1001.07,True,False,0.0,77487.95,-0.0505,1.132,0.002512
2026-08-23T13:43:41Z,WUSDT,COOLING,NONE,0.0,0.0,0.0,10.52,0.0,3966.18,13649.91,True,False,0.0,77487.95,-0.0505,1.248,0.00951
2026-08-23T13:43:45Z,BIOUSDT,COOLING,NONE,0.0,0.0,0.0,3.31,0.0,2554.86,3117.25,True,False,0.0,77487.95,-0.0505,1.188,0.03026
2026-08-23T13:43:47Z,RWAINCUSDT,COOLING,BUY,0.0,0.5,0.5,98.47,-15.46,199.17,1433.91,True,False,-0.0777,77487.95,-0.0505,1.215,0.001938
2026-08-23T13:48:04Z,XRPUSDT,COOLING,SELL,0.02,0.0,0.02,2.63,-0.66,72400.12,86165.55,True,False,0.0033,77555.04,0.0866,1.251,1.5212
2026-08-23T13:48:06Z,HBARUSDT,COOLING,BUY,1.59,43.54,43.54,3.75,0.0,28743.22,21433.9,True,False,-0.0125,77555.04,0.0866,1.156,0.07996
2026-08-23T13:48:10Z,QAITUSDT,IMPULSE,NONE,0.0,0.0,0.0,51.7,0.0,1213.0,1001.07,True,False,0.0,77555.04,0.0866,1.231,0.002512
2026-08-23T13:48:13Z,WUSDT,COOLING,BUY,0.0,22.99,22.99,15.71,7.33,3849.55,14672.13,True,True,0.0786,77555.04,0.0866,2.14,0.009546
2026-08-23T13:48:17Z,BIOUSDT,COOLING,NONE,0.0,0.0,0.0,6.6,0.0,2684.44,3160.0,True,False,0.0,77555.04,0.0866,2.13,0.03032
2026-08-23T13:49:30Z,XRPUSDT,COOLING,BUY,0.0,31.2,31.2,1.32,-0.66,64287.46,101173.95,True,False,0.0033,77480.0,-0.0968,1.026,1.5177
2026-08-23T13:49:33Z,HBARUSDT,COOLING,BUY,0.0,49.5,49.5,1.25,0.0,10461.19,23889.82,True,False,0.0,77480.0,-0.0968,1.016,0.08001
2026-08-23T13:49:36Z,QAITUSDT,IMPULSE,NONE,0.0,0.0,0.0,51.7,0.0,1213.0,1001.07,True,False,0.0,77480.0,-0.0968,2.173,0.002512
2026-08-23T13:49:39Z,WUSDT,COOLING,NONE,0.0,0.0,0.0,1.05,0.0,7220.34,9230.39,True,False,0.0,77480.0,-0.0968,1.198,0.009528
2026-08-23T13:51:01Z,BIOUSDT,COOLING,NONE,0.0,0.0,0.0,3.31,0.0,2777.62,4788.7,True,False,0.0,77480.0,-0.0968,1.128,0.03026
2026-08-23T13:52:20Z,XRPUSDT,COOLING,BUY,7.73,41.58,41.58,1.98,1.32,96735.63,104630.52,True,True,-0.0395,77417.94,-0.0801,1.238,1.5177
2026-08-23T13:53:03Z,HBARUSDT,COOLING,BUY,0.0,1.57,1.57,2.5,0.0,17581.01,29142.34,True,False,-0.0125,77417.94,-0.0801,41.128,0.08003
2026-08-23T13:53:06Z,QAITUSDT,IMPULSE,NONE,0.0,0.0,0.0,51.7,0.0,1213.0,1001.07,True,False,0.0,77417.94,-0.0801,1.183,0.002512
2026-08-23T13:54:29Z,WUSDT,COOLING,SELL,1.43,0.09,1.43,10.49,-2.1,19032.75,9554.99,True,False,-0.021,77417.94,-0.0801,41.214,0.009543
2026-08-23T13:54:31Z,BIOUSDT,COOLING,NONE,0.0,0.0,0.0,3.32,0.0,10345.45,4338.19,True,False,0.0,77417.94,-0.0801,1.169,0.03017
2026-08-23T13:56:57Z,XRPUSDT,COOLING,NONE,0.0,0.0,0.0,2.63,0.0,127656.51,64884.24,True,False,-0.0066,77460.01,0.0543,2.221,1.522
2026-08-23T13:56:59Z,QAITUSDT,IMPULSE,NONE,0.0,0.0,0.0,67.45,0.0,1219.19,919.5,True,False,0.0,77460.01,0.0543,1.162,0.002562
2026-08-23T13:57:02Z,WUSDT,COOLING,NONE,0.0,0.0,0.0,10.5,-1.05,8278.32,9300.89,True,False,-0.0052,77460.01,0.0543,1.188,0.009528
2026-08-23T13:57:05Z,BIOUSDT,COOLING,NONE,0.0,0.0,0.0,6.63,0.0,8220.85,3666.37,True,False,0.0,77460.01,0.0543,1.175,0.03016
2026-08-23T13:57:07Z,RWAINCUSDT,COOLING,NONE,0.0,0.0,0.0,93.31,0.0,1376.95,1425.17,True,False,0.0,77460.01,0.0543,1.14,0.001938
2026-08-23T13:58:21Z,XRPUSDT,COOLING,BUY,0.0,6.35,6.35,3.29,0.0,79528.97,61904.87,True,False,0.0,77461.07,0.0014,1.125,1.522
2026-08-23T13:58:23Z,QAITUSDT,IMPULSE,NONE,0.0,0.0,0.0,67.45,0.0,1202.09,919.5,True,False,0.0,77461.07,0.0014,1.227,0.002562
2026-08-23T13:58:27Z,WUSDT,COOLING,NONE,0.0,0.0,0.0,12.61,0.0,9263.73,12140.13,True,False,0.0,77461.07,0.0014,1.277,0.009515
2026-08-23T13:59:09Z,BIOUSDT,COOLING,NONE,0.0,0.0,0.0,3.32,0.0,9994.43,2906.98,True,False,0.0,77461.07,0.0014,1.196,0.03016
2026-08-23T13:59:11Z,RWAINCUSDT,COOLING,NONE,0.0,0.0,0.0,93.31,0.0,1376.95,1425.17,True,False,0.0,77461.07,0.0014,1.214,0.001938
2026-08-23T14:00:26Z,XRPUSDT,COOLING,NONE,0.0,0.0,0.0,2.63,0.66,129022.27,66143.89,True,False,-0.0033,77486.81,0.0332,1.118,1.5198
2026-08-23T14:01:09Z,QAITUSDT,IMPULSE,NONE,0.0,0.0,0.0,67.45,0.0,1202.09,906.49,True,False,0.0,77486.81,0.0332,1.21,0.002562
2026-08-23T14:01:11Z,WUSDT,COOLING,NONE,0.0,0.0,0.0,10.49,0.0,4627.1,9692.89,True,False,0.0,77486.81,0.0332,1.206,0.009531
2026-08-23T14:01:13Z,BIOUSDT,COOLING,SELL,61.34,29.25,61.34,3.31,0.0,10701.05,3749.95,True,True,0.0,77486.81,0.0332,1.183,0.03016
2026-08-23T14:01:17Z,RWAINCUSDT,COOLING,NONE,0.0,0.0,0.0,103.63,0.0,1373.58,1425.17,True,False,0.0,77486.81,0.0332,1.24,0.001938
2026-08-23T14:05:45Z,XRPUSDT,COOLING,SELL,19.88,17.3,19.88,4.58,-0.0,137844.19,107287.1,True,True,0.0065,77500.01,0.017,2.389,1.5296
2026-08-23T14:05:48Z,WUSDT,COOLING,NONE,0.0,0.0,0.0,12.56,3.14,7251.11,9927.27,True,False,0.0157,77500.01,0.017,1.503,0.009555
2026-08-23T14:05:50Z,BIOUSDT,COOLING,SELL,51.96,0.0,51.96,3.3,0.0,4344.56,4418.12,True,False,0.0,77500.01,0.017,1.226,0.0303
2026-08-23T14:05:54Z,RWAINCUSDT,COOLING,NONE,0.0,0.0,0.0,62.7,-20.81,1379.66,1425.17,True,False,-0.1044,77500.01,0.017,2.277,0.001908
2026-08-23T14:05:56Z,EDELUSDT,COOLING,NONE,0.0,0.0,0.0,23.36,0.0,1325.07,283.68,True,False,0.0,77500.01,0.017,1.382,0.00856
2026-08-23T14:06:37Z,XRPUSDT,COOLING,SELL,32.74,0.0,32.74,0.66,0.0,191373.39,69206.33,True,False,0.0,77393.87,-0.137,1.179,1.5224
2026-08-23T14:08:00Z,WUSDT,COOLING,SELL,0.41,0.0,0.41,13.68,6.33,4761.28,11438.84,True,False,-0.189,77393.87,-0.137,41.13,0.009528
2026-08-23T14:08:03Z,BIOUSDT,COOLING,BUY,0.0,5.56,5.56,3.31,-0.0,9059.45,3230.36,True,False,0.0663,77393.87,-0.137,2.203,0.03016
2026-08-23T14:08:07Z,RWAINCUSDT,COOLING,NONE,0.0,0.0,0.0,47.06,-5.22,1383.15,1425.17,True,False,-0.0261,77393.87,-0.137,1.205,0.001908
2026-08-23T14:08:09Z,EDELUSDT,COOLING,BUY,7.62,48.02,48.02,46.84,11.73,1008.55,780.26,True,False,-0.0585,77393.87,-0.137,1.233,0.00853
2026-08-23T14:09:24Z,XRPUSDT,COOLING,SELL,25.45,0.0,25.45,2.62,0.0,106737.17,146241.96,True,False,-0.0065,77416.15,0.0288,1.225,1.5275
2026-08-23T14:09:26Z,WUSDT,COOLING,NONE,0.0,0.0,0.0,14.67,0.0,3846.61,11121.95,True,False,0.0,77416.15,0.0288,1.193,0.00956
2026-08-23T14:09:28Z,BIOUSDT,COOLING,NONE,0.0,0.0,0.0,3.31,0.0,3159.74,3534.62,True,False,0.0,77416.15,0.0288,1.14,0.03023
2026-08-23T14:09:31Z,RWAINCUSDT,COOLING,NONE,0.0,0.0,0.0,78.51,26.24,1383.15,1425.17,True,False,-0.1307,77416.15,0.0288,1.145,0.001908
2026-08-23T14:09:35Z,EDELUSDT,COOLING,NONE,0.0,0.0,0.0,35.07,0.0,913.71,318.23,True,False,0.0,77416.15,0.0288,1.181,0.00855
2026-08-23T14:14:37Z,XRPUSDT,COOLING,SELL,26.23,0.0,26.23,2.59,1.3,105503.13,68627.85,True,True,-0.0065,77555.29,0.1797,1.204,1.5442
2026-08-23T14:16:00Z,WUSDT,COOLING,NONE,0.0,0.0,0.0,10.45,0.0,7395.57,13515.8,True,False,0.0,77555.29,0.1797,1.117,0.009569
2026-08-23T14:16:03Z,BIOUSDT,COOLING,NONE,0.0,0.0,0.0,3.3,0.0,4690.26,4276.32,True,False,0.0,77555.29,0.1797,1.182,0.03032
2026-08-23T14:17:27Z,RWAINCUSDT,COOLING,NONE,0.0,0.0,0.0,26.24,0.0,1383.15,1425.17,True,False,0.0,77555.29,0.1797,82.463,0.001908
2026-08-23T14:17:31Z,EDELUSDT,COOLING,SELL,19.01,0.0,19.01,35.03,0.0,867.37,267.12,True,True,0.0,77555.29,0.1797,1.181,0.00857
2026-08-23T14:18:04Z,XRPUSDT,COOLING,SELL,47.99,0.0,47.99,5.2,2.6,93687.09,64040.8,True,False,-0.0389,77572.55,0.0223,1.211,1.5408
2026-08-23T14:18:07Z,WUSDT,COOLING,NONE,0.0,0.0,0.0,9.42,0.0,3774.83,13864.3,True,False,0.0,77572.55,0.0223,1.167,0.009554
2026-08-23T14:18:10Z,BIOUSDT,COOLING,SELL,0.01,0.0,0.01,3.29,0.0,2322.53,4246.24,True,False,0.0,77572.55,0.0223,2.18,0.03037
2026-08-23T14:18:13Z,RWAINCUSDT,COOLING,NONE,0.0,0.0,0.0,26.24,0.0,1383.15,1425.17,True,False,0.0,77572.55,0.0223,1.697,0.001908
2026-08-23T14:18:15Z,EDELUSDT,COOLING,NONE,0.0,0.0,0.0,23.36,0.0,1106.53,283.69,True,False,0.0,77572.55,0.0223,1.115,0.00856
2026-08-23T14:18:50Z,XRPUSDT,COOLING,NONE,0.0,0.0,0.0,2.6,0.65,32223.15,58539.28,True,False,0.0554,77569.16,-0.0044,1.228,1.5356
2026-08-23T14:18:53Z,WUSDT,COOLING,NONE,0.0,0.0,0.0,7.34,0.0,3713.77,13961.99,True,False,0.0,77569.16,-0.0044,1.097,0.009546
2026-08-23T14:18:56Z,BIOUSDT,COOLING,NONE,0.0,0.0,0.0,3.29,0.0,2906.52,6863.06,True,False,0.0,77569.16,-0.0044,1.222,0.03038
2026-08-23T14:19:38Z,RWAINCUSDT,COOLING,NONE,0.0,0.0,0.0,15.75,0.0,1383.15,1425.17,True,False,0.0,77569.16,-0.0044,1.121,0.001908
2026-08-23T14:19:42Z,EDELUSDT,COOLING,NONE,0.0,0.0,0.0,70.42,-11.69,1357.51,283.69,True,False,-0.0587,77569.16,-0.0044,1.224,0.00849
2026-08-23T14:22:46Z,XRPUSDT,COOLING,NONE,0.0,0.0,0.0,1.95,-0.65,83573.06,62469.85,True,False,0.0619,77460.0,-0.1407,2.238,1.5356
2026-08-23T14:23:28Z,WUSDT,COOLING,NONE,0.0,0.0,0.0,13.63,0.0,3662.26,13585.42,True,False,-0.0105,77460.0,-0.1407,1.107,0.009533
2026-08-23T14:23:32Z,BIOUSDT,COOLING,BUY,0.0,19.74,19.74,3.29,-0.0,4488.34,2755.57,True,False,0.033,77460.0,-0.1407,2.037,0.03036
2026-08-23T14:23:35Z,RWAINCUSDT,COOLING,NONE,0.0,0.0,0.0,15.75,0.0,1383.15,1425.17,True,False,0.0,77460.0,-0.1407,1.235,0.001908
2026-08-23T14:24:19Z,EDELUSDT,COOLING,NONE,0.0,0.0,0.0,23.36,-11.7,672.91,780.26,True,False,0.0584,77460.0,-0.1407,1.353,0.00857
2026-08-23T14:24:54Z,XRPUSDT,COOLING,BUY,0.0,20.58,20.58,2.62,1.31,53129.61,92153.82,True,False,0.0196,77431.94,-0.0362,1.201,1.5289
2026-08-23T14:24:58Z,WUSDT,COOLING,NONE,0.0,0.0,0.0,14.73,0.0,8201.93,14025.09,True,False,0.0,77431.94,-0.0362,1.207,0.009507
2026-08-23T14:25:01Z,BIOUSDT,COOLING,NONE,0.0,0.0,0.0,6.58,0.0,3966.35,5361.61,True,False,0.0,77431.94,-0.0362,1.404,0.03039
2026-08-23T14:25:04Z,RWAINCUSDT,COOLING,NONE,0.0,0.0,0.0,15.75,0.0,1383.15,1425.17,True,False,0.0,77431.94,-0.0362,1.199,0.001908
2026-08-23T14:25:47Z,EDELUSDT,COOLING,NONE,0.0,0.0,0.0,58.38,0.0,672.79,780.26,True,False,0.0,77431.94,-0.0362,1.231,0.00855
2026-08-23T14:27:42Z,XRPUSDT,COOLING,SELL,2.41,0.0,2.41,1.31,0.0,74679.2,73758.45,True,False,-0.0131,77487.9,0.0723,1.387,1.53
2026-08-23T14:27:45Z,WUSDT,COOLING,NONE,0.0,0.0,0.0,10.51,0.0,5277.76,12766.16,True,False,0.0,77487.9,0.0723,1.187,0.009515
2026-08-23T14:28:27Z,BIOUSDT,COOLING,NONE,0.0,0.0,0.0,6.58,0.0,3326.5,4279.78,True,False,0.0,77487.9,0.0723,1.117,0.03041
2026-08-23T14:29:09Z,RWAINCUSDT,COOLING,NONE,0.0,0.0,0.0,62.79,0.0,1383.15,1425.17,True,False,0.0,77487.9,0.0723,1.02,0.001916
2026-08-23T14:29:11Z,EDELUSDT,COOLING,NONE,0.0,0.0,0.0,23.42,0.0,1298.03,300.73,True,False,0.0,77487.9,0.0723,1.141,0.0085
2026-08-23T14:31:35Z,XRPUSDT,COOLING,NONE,0.0,0.0,0.0,1.96,-0.65,78863.55,85722.24,True,False,0.0294,77448.98,-0.0502,1.092,1.5306
2026-08-23T14:31:37Z,HBARUSDT,COOLING,NONE,0.0,0.0,0.0,1.25,0.0,10108.83,29136.68,True,False,0.0,77448.98,-0.0502,0.909,0.07985
2026-08-23T14:31:42Z,WUSDT,COOLING,NONE,0.0,0.0,0.0,10.52,0.0,4586.94,9397.3,True,False,0.0,77448.98,-0.0502,3.426,0.00951
2026-08-23T14:31:44Z,BIOUSDT,COOLING,NONE,0.0,0.0,0.0,3.3,0.0,3983.6,1465.41,True,False,0.0,77448.98,-0.0502,0.981,0.03035
2026-08-23T14:31:46Z,RWAINCUSDT,COOLING,NONE,0.0,0.0,0.0,68.01,0.0,1383.15,1425.17,True,False,0.0,77448.98,-0.0502,1.043,0.001916
2026-08-23T14:32:59Z,XRPUSDT,COOLING,BUY,11.29,25.51,25.51,0.65,-0.65,99244.38,79749.58,True,True,-0.036,77427.66,-0.0275,2.09,1.5302
2026-08-23T14:33:02Z,HBARUSDT,COOLING,SELL,43.7,0.0,43.7,1.25,-0.0,22630.4,10142.8,True,False,0.0501,77427.66,-0.0275,1.321,0.07979
2026-08-23T14:33:44Z,WUSDT,COOLING,NONE,0.0,0.0,0.0,14.74,0.0,4990.89,14472.26,True,False,0.0,77427.66,-0.0275,1.307,0.009493
2026-08-23T14:34:27Z,BIOUSDT,COOLING,SELL,0.21,0.0,0.21,3.31,0.0,2488.48,3454.3,True,False,-0.132,77427.66,-0.0275,42.21,0.03025
2026-08-23T14:34:30Z,RWAINCUSDT,COOLING,NONE,0.0,0.0,0.0,99.24,0.0,1385.44,1425.17,True,False,0.0,77427.66,-0.0275,1.188,0.001918
2026-08-23T14:35:03Z,XRPUSDT,COOLING,SELL,11.06,0.0,11.06,1.95,0.65,77380.63,60752.47,True,False,0.0033,77423.99,-0.0047,1.179,1.5349
2026-08-23T14:35:45Z,HBARUSDT,COOLING,NONE,0.0,0.0,0.0,1.25,0.0,9842.31,29541.51,True,False,0.0,77423.99,-0.0047,1.174,0.08015
2026-08-23T14:35:48Z,WUSDT,COOLING,NONE,0.0,0.0,0.0,10.52,0.0,4995.66,6238.7,True,False,0.0,77423.99,-0.0047,1.215,0.009504
2026-08-23T14:35:50Z,BIOUSDT,COOLING,NONE,0.0,0.0,0.0,3.3,0.0,3253.33,5088.74,True,False,0.0,77423.99,-0.0047,1.185,0.03028
2026-08-23T14:35:54Z,RWAINCUSDT,COOLING,NONE,0.0,0.0,0.0,99.24,0.0,1385.44,1425.17,True,False,0.0,77423.99,-0.0047,2.365,0.001918
2026-08-23T14:38:22Z,XRPUSDT,COOLING,BUY,0.0,44.66,44.66,2.6,0.65,103846.75,117287.53,True,False,-0.0032,77455.67,0.0409,1.3,1.5407
2026-08-23T14:38:25Z,WUSDT,COOLING,SELL,15.56,0.0,15.56,2.11,0.0,9040.62,10651.69,True,False,0.0,77455.67,0.0409,2.135,0.009498
2026-08-23T14:38:29Z,BIOUSDT,COOLING,BUY,0.0,12.62,12.62,3.31,0.0,3080.25,4415.98,True,False,0.0,77455.67,0.0409,1.083,0.03023
2026-08-23T14:38:33Z,RWAINCUSDT,COOLING,NONE,0.0,0.0,0.0,99.24,0.0,1374.62,1425.17,True,False,0.0,77455.67,0.0409,2.353,0.001918
2026-08-23T14:39:16Z,EDELUSDT,COOLING,NONE,0.0,0.0,0.0,23.45,0.0,672.69,268.03,True,False,0.0,77455.67,0.0409,1.266,0.00852
2026-08-23T14:39:48Z,XRPUSDT,COOLING,BUY,0.0,16.06,16.06,1.95,-0.65,78886.3,141280.77,True,False,-0.0033,77449.68,-0.0077,1.102,1.5362
2026-08-23T14:39:51Z,WUSDT,COOLING,NONE,0.0,0.0,0.0,12.64,0.0,7597.04,5541.6,True,False,0.0,77449.68,-0.0077,1.154,0.009492
2026-08-23T14:39:53Z,BIOUSDT,COOLING,NONE,0.0,0.0,0.0,3.31,0.0,3994.2,4824.29,True,False,0.0,77449.68,-0.0077,1.179,0.03024
2026-08-23T14:39:56Z,RWAINCUSDT,COOLING,NONE,0.0,0.0,0.0,99.24,0.0,1374.62,1425.17,True,False,0.0,77449.68,-0.0077,1.227,0.001918
2026-08-23T14:40:00Z,EDELUSDT,COOLING,NONE,0.0,0.0,0.0,82.21,11.79,672.56,257.64,True,False,-0.0587,77449.68,-0.0077,1.228,0.00853
2026-08-23T14:41:10Z,XRPUSDT,COOLING,BUY,17.29,20.61,20.61,1.3,-0.65,84982.47,121164.09,True,False,-0.0163,77458.69,0.0116,1.291,1.5363
2026-08-23T14:41:14Z,WUSDT,COOLING,NONE,0.0,0.0,0.0,11.59,0.0,4555.09,9241.74,True,False,0.0,77458.69,0.0116,1.023,0.009488
2026-08-23T14:41:16Z,BIOUSDT,COOLING,NONE,0.0,0.0,0.0,3.31,0.0,2170.15,3764.23,True,False,0.0,77458.69,0.0116,0.999,0.03023
2026-08-23T14:41:19Z,RWAINCUSDT,COOLING,NONE,0.0,0.0,0.0,99.24,0.0,1374.62,1425.17,True,False,0.0,77458.69,0.0116,1.986,0.001918
2026-08-23T14:41:21Z,EDELUSDT,COOLING,NONE,0.0,0.0,0.0,46.73,11.66,672.56,268.03,True,False,0.0584,77458.69,0.0116,0.984,0.00853
2026-08-23T14:43:01Z,XRPUSDT,COOLING,NONE,0.0,0.0,0.0,18.31,-0.7,23446.4,23604.8,True,False,0.1392,76877.77,-0.75,1.08,1.4661
2026-08-23T14:43:05Z,HBARUSDT,COOLING,BUY,0.0,16.98,16.98,21.79,2.61,47593.07,2113.61,True,False,-0.2174,76877.77,-0.75,1.174,0.07837
2026-08-23T14:43:07Z,ZBCNUSDT,IMPULSE,NONE,0.0,0.0,0.0,33.83,-0.53,92.69,222.98,True,False,0.0026,76877.77,-0.75,1.175,0.001898
2026-08-23T14:43:10Z,WUSDT,COOLING,NONE,0.0,0.0,0.0,30.05,7.5,4281.08,2491.3,True,False,0.0376,76877.77,-0.75,1.1,0.009334
2026-08-23T14:43:14Z,BIOUSDT,COOLING,BUY,0.12,15.29,15.29,23.7,0.04,909.97,1063.31,True,False,-0.169,76877.77,-0.75,1.188,0.02962
2026-08-23T14:43:47Z,XRPUSDT,COOLING,SELL,0.03,0.0,0.03,12.72,1.34,13780.2,24119.95,True,False,-0.0067,76933.43,0.0724,1.194,1.4945
2026-08-23T14:43:49Z,HBARUSDT,COOLING,BUY,0.0,26.02,26.02,19.15,6.38,1577.61,3090.64,True,False,0.0447,76933.43,0.0724,1.077,0.07831
2026-08-23T14:43:52Z,ZBCNUSDT,IMPULSE,BUY,0.0,0.3,0.3,47.06,-4.23,209.41,83.53,True,False,-0.0106,76933.43,0.0724,2.242,0.0018891
2026-08-23T14:44:34Z,WUSDT,COOLING,BUY,1.25,1.6,1.6,9.6,-4.31,7804.16,10526.53,True,False,0.2889,76933.43,0.0724,40.991,0.009338
2026-08-23T14:44:36Z,BIOUSDT,COOLING,SELL,29.96,25.55,29.96,13.4,0.01,2052.46,1559.31,True,False,-0.1004,76933.43,0.0724,1.056,0.0297
2026-08-23T14:45:05Z,XRPUSDT,COOLING,BUY,0.0,31.08,31.08,4.66,2.66,13879.04,34942.85,True,False,0.0,77021.9,0.115,0.999,1.5023
2026-08-23T14:45:08Z,HBARUSDT,COOLING,NONE,0.0,0.0,0.0,3.82,1.27,3668.14,7826.71,True,False,0.0064,77021.9,0.115,0.959,0.07853
2026-08-23T14:45:09Z,ZBCNUSDT,IMPULSE,NONE,0.0,0.0,0.0,22.21,0.0,141.96,87.5,True,False,0.0,77021.9,0.115,1.088,0.0018911
2026-08-23T14:45:11Z,WUSDT,COOLING,SELL,31.11,0.0,31.11,13.87,4.26,7386.44,11345.9,True,True,0.0213,77021.9,0.115,1.21,0.00936
2026-08-23T14:45:15Z,BIOUSDT,COOLING,NONE,0.0,0.0,0.0,20.05,0.0,1844.54,1717.11,True,False,0.0,77021.9,0.115,1.168,0.02983
2026-08-23T14:46:12Z,XRPUSDT,COOLING,BUY,0.0,35.11,35.11,5.3,-3.31,24129.6,36044.25,True,True,0.0033,77099.98,0.1014,0.935,1.51
2026-08-23T14:47:34Z,HBARUSDT,COOLING,NONE,0.0,0.0,0.0,1.27,0.0,6608.47,46943.9,True,False,0.0,77099.98,0.1014,0.906,0.07884
2026-08-23T14:47:37Z,ZBCNUSDT,IMPULSE,BUY,0.0,13.88,13.88,28.04,0.0,146.09,110.73,True,False,0.0,77099.98,0.1014,1.404,0.0018912
2026-08-23T14:47:40Z,WUSDT,COOLING,NONE,0.0,0.0,0.0,9.55,0.0,7034.16,3393.56,True,False,0.0,77099.98,0.1014,1.034,0.009394
2026-08-23T14:47:42Z,BIOUSDT,COOLING,NONE,0.0,0.0,0.0,6.68,0.0,1387.64,4413.08,True,False,0.0,77099.98,0.1014,1.046,0.02994
2026-08-23T14:48:56Z,XRPUSDT,COOLING,SELL,4.54,0.0,4.54,3.3,1.32,105733.93,46977.74,True,False,0.033,77157.38,0.0744,2.086,1.5135
2026-08-23T14:48:59Z,HBARUSDT,COOLING,BUY,0.0,0.01,0.01,2.53,-1.26,10038.31,10328.24,True,False,-0.0063,77157.38,0.0744,1.132,0.07889
2026-08-23T14:49:03Z,ZBCNUSDT,IMPULSE,BUY,0.0,0.45,0.45,7.92,0.0,459.62,88.44,True,False,0.0,77157.38,0.0744,2.095,0.0018927
2026-08-23T14:49:08Z,WUSDT,COOLING,NONE,0.0,0.0,0.0,13.79,1.06,7219.4,5161.38,True,False,0.0159,77157.38,0.0744,1.162,0.009414
2026-08-23T14:49:10Z,BIOUSDT,COOLING,SELL,2.99,1.41,2.99,3.33,-3.33,2315.79,2301.49,True,False,0.0167,77157.38,0.0744,1.234,0.02998
2026-08-23T14:51:07Z,XRPUSDT,COOLING,SELL,41.22,0.0,41.22,1.32,-2.64,122557.49,62345.51,True,False,0.0,77233.29,0.0984,0.955,1.5153
2026-08-23T14:51:10Z,HBARUSDT,COOLING,NONE,0.0,0.0,0.0,1.27,0.0,27493.59,11019.45,True,False,-0.0127,77233.29,0.0984,0.918,0.07899
2026-08-23T14:51:12Z,ZBCNUSDT,IMPULSE,BUY,0.0,24.87,24.87,20.55,-2.63,588.51,111.52,True,False,-0.0132,77233.29,0.0984,1.043,0.0018962
2026-08-23T14:51:17Z,WUSDT,COOLING,SELL,0.04,0.0,0.04,19.01,0.0,3045.83,8117.44,True,False,0.0,77233.29,0.0984,2.021,0.009467
2026-08-23T14:51:19Z,BIOUSDT,COOLING,NONE,0.0,0.0,0.0,3.33,0.0,3786.5,1710.56,True,False,0.0,77233.29,0.0984,1.036,0.03003
2026-08-23T14:54:16Z,XRPUSDT,COOLING,BUY,0.0,20.15,20.15,2.64,0.66,115361.42,54269.26,True,False,0.0033,77197.29,-0.0466,1.143,1.515
2026-08-23T14:54:19Z,HBARUSDT,COOLING,NONE,0.0,0.0,0.0,1.27,-0.0,10630.53,9169.24,True,False,0.0127,77197.29,-0.0466,1.935,0.07893
2026-08-23T14:54:21Z,ZBCNUSDT,IMPULSE,NONE,0.0,0.0,0.0,22.05,0.0,589.76,2073.48,True,False,0.0,77197.29,-0.0466,0.963,0.0019057
2026-08-23T14:54:23Z,WUSDT,COOLING,NONE,0.0,0.0,0.0,9.48,-3.16,7106.56,13014.63,True,False,0.0158,77197.29,-0.0466,1.128,0.00948
2026-08-23T14:54:25Z,BIOUSDT,COOLING,NONE,0.0,0.0,0.0,3.32,0.0,2193.24,4260.61,True,False,0.0,77197.29,-0.0466,1.174,0.03005
2026-08-23T14:56:20Z,XRPUSDT,COOLING,BUY,0.0,9.47,9.47,5.95,2.64,51140.46,60594.67,True,False,0.0,77209.99,0.0165,0.914,1.5125
2026-08-23T14:56:22Z,HBARUSDT,COOLING,NONE,0.0,0.0,0.0,1.27,0.0,27113.58,27750.39,True,False,0.0,77209.99,0.0165,0.92,0.0789
2026-08-23T14:56:24Z,ZBCNUSDT,IMPULSE,NONE,0.0,0.0,0.0,11.54,0.0,616.39,2067.97,True,False,0.0,77209.99,0.0165,1.013,0.0019072
2026-08-23T14:57:07Z,WUSDT,COOLING,BUY,0.0,0.25,0.25,10.53,4.21,7343.44,13732.62,True,False,0.1055,77209.99,0.0165,41.983,0.00949
2026-08-23T14:57:49Z,BIOUSDT,COOLING,NONE,0.0,0.0,0.0,3.33,0.0,3112.04,3592.97,True,False,0.0,77209.99,0.0165,0.918,0.03004
2026-08-23T14:59:39Z,XRPUSDT,COOLING,BUY,0.0,3.19,3.19,1.98,0.0,87098.45,104526.19,True,False,-0.0066,77165.9,-0.0571,0.861,1.5154
2026-08-23T15:01:03Z,HBARUSDT,COOLING,BUY,0.0,0.71,0.71,8.88,3.8,9007.89,27535.39,True,False,0.019,77165.9,-0.0571,0.891,0.07874
2026-08-23T15:01:05Z,ZBCNUSDT,IMPULSE,NONE,0.0,0.0,0.0,15.8,-0.53,782.41,89.4,True,False,-0.0026,77165.9,-0.0571,1.066,0.0018992
2026-08-23T15:01:07Z,WUSDT,COOLING,BUY,0.0,0.01,0.01,17.9,0.0,2095.32,9874.11,True,False,0.0,77165.9,-0.0571,1.133,0.009505
2026-08-23T15:01:09Z,BIOUSDT,COOLING,NONE,0.0,0.0,0.0,13.33,0.0,2202.4,2417.16,True,False,0.0,77165.9,-0.0571,1.082,0.02997
2026-08-23T15:02:44Z,XRPUSDT,COOLING,BUY,0.0,2.68,2.68,2.65,-2.65,111854.47,25600.43,True,False,-0.0331,77198.22,0.0419,0.903,1.509
2026-08-23T15:03:27Z,HBARUSDT,COOLING,SELL,1.4,0.0,1.4,1.26,-3.79,32885.2,19169.0,True,False,0.1327,77198.22,0.0419,41.935,0.07916
2026-08-23T15:03:28Z,ZBCNUSDT,IMPULSE,NONE,0.0,0.0,0.0,38.77,0.0,106.76,275.59,True,False,0.0,77198.22,0.0419,0.901,0.0019093
2026-08-23T15:03:30Z,WUSDT,COOLING,NONE,0.0,0.0,0.0,14.62,0.0,4587.77,9824.25,True,False,0.0,77198.22,0.0419,0.973,0.009573
2026-08-23T15:03:33Z,BIOUSDT,COOLING,BUY,0.0,32.67,32.67,3.32,-3.32,2981.43,5324.47,True,False,0.0498,77198.22,0.0419,0.92,0.03013
2026-08-23T15:04:46Z,XRPUSDT,COOLING,BUY,0.0,3.12,3.12,1.98,0.0,116763.86,58007.16,True,False,0.0,77244.61,0.0601,0.93,1.5157
2026-08-23T15:04:48Z,HBARUSDT,COOLING,NONE,0.0,0.0,0.0,1.26,0.0,9724.55,27267.84,True,False,-0.0126,77244.61,0.0601,0.937,0.07919
2026-08-23T15:05:31Z,ZBCNUSDT,IMPULSE,NONE,0.0,0.0,0.0,24.18,-4.19,588.51,369.62,True,False,-0.0683,77244.61,0.0601,41.016,0.0019043
2026-08-23T15:05:34Z,WUSDT,COOLING,BUY,0.0,5.29,5.29,5.23,-6.27,4528.47,14191.73,True,False,-0.0836,77244.61,0.0601,2.08,0.009573
2026-08-23T15:05:37Z,BIOUSDT,COOLING,BUY,5.28,22.77,22.77,3.31,0.0,2395.09,2849.02,True,False,0.0,77244.61,0.0601,1.136,0.0302
2026-08-23T15:06:09Z,XRPUSDT,COOLING,BUY,0.0,33.92,33.92,2.64,0.0,91410.49,81256.04,True,False,-0.066,77322.98,0.1015,2.067,1.517
2026-08-23T15:06:12Z,HBARUSDT,COOLING,NONE,0.0,0.0,0.0,2.52,0.0,25519.48,9753.24,True,False,0.0,77322.98,0.1015,1.066,0.07929
2026-08-23T15:06:14Z,ZBCNUSDT,IMPULSE,NONE,0.0,0.0,0.0,21.54,-0.52,633.73,361.6,True,False,-0.0026,77322.98,0.1015,0.935,0.0019006
2026-08-23T15:06:16Z,WUSDT,COOLING,NONE,0.0,0.0,0.0,11.51,0.0,3521.59,9507.63,True,False,0.0,77322.98,0.1015,1.119,0.009565
2026-08-23T15:06:19Z,BIOUSDT,COOLING,NONE,0.0,0.0,0.0,6.62,0.0,3756.51,4071.24,True,False,0.0,77322.98,0.1015,1.172,0.0302
2026-08-23T15:09:21Z,XRPUSDT,COOLING,BUY,0.0,0.28,0.28,1.99,0.67,97694.58,71560.95,True,False,-0.1424,77295.98,-0.0349,40.983,1.5098
2026-08-23T15:09:25Z,HBARUSDT,COOLING,NONE,0.0,0.0,0.0,1.26,0.0,23436.17,11160.03,True,False,0.0,77295.98,-0.0349,1.949,0.07919
2026-08-23T15:09:27Z,ZBCNUSDT,IMPULSE,NONE,0.0,0.0,0.0,42.69,0.0,499.77,2061.38,True,False,0.0,77295.98,-0.0349,0.97,0.0018986
2026-08-23T15:09:28Z,WUSDT,COOLING,NONE,0.0,0.0,0.0,10.49,-3.15,4414.78,14728.85,True,False,0.0157,77295.98,-0.0349,1.0,0.009539
2026-08-23T15:10:10Z,BIOUSDT,COOLING,NONE,0.0,0.0,0.0,3.31,-3.31,3206.36,3313.79,True,False,-0.0497,77295.98,-0.0349,40.978,0.03021
2026-08-23T15:10:39Z,XRPUSDT,COOLING,SELL,49.51,43.56,49.51,2.65,0.66,137964.22,106194.08,True,False,0.0166,77297.95,0.0025,1.05,1.5107
2026-08-23T15:10:42Z,HBARUSDT,COOLING,SELL,31.31,0.0,31.31,1.26,-0.0,24465.29,9800.89,True,True,0.0126,77297.95,0.0025,1.926,0.07929
2026-08-23T15:10:44Z,ZBCNUSDT,IMPULSE,NONE,0.0,0.0,0.0,39.01,0.0,499.77,2062.79,True,False,0.0,77297.95,0.0025,0.971,0.0018969
2026-08-23T15:10:45Z,WUSDT,COOLING,NONE,0.0,0.0,0.0,10.49,0.0,4414.78,14728.85,True,False,0.0,77297.95,0.0025,1.037,0.009535
2026-08-23T15:10:48Z,BIOUSDT,COOLING,NONE,0.0,0.0,0.0,6.63,3.31,3489.7,2754.13,True,False,0.0166,77297.95,0.0025,0.989,0.03019
2026-08-23T15:11:20Z,XRPUSDT,COOLING,SELL,41.32,0.0,41.32,1.99,0.66,132611.33,54675.76,True,True,-0.0033,77289.3,-0.0112,0.94,1.5086
2026-08-23T15:11:21Z,HBARUSDT,COOLING,NONE,0.0,0.0,0.0,1.26,0.0,39061.04,11934.33,True,False,0.0,77289.3,-0.0112,0.922,0.07929
2026-08-23T15:11:25Z,ZBCNUSDT,IMPULSE,NONE,0.0,0.0,0.0,35.32,0.0,1949.62,283.79,True,False,0.0,77289.3,-0.0112,2.018,0.0018976
2026-08-23T15:11:28Z,WUSDT,COOLING,NONE,0.0,0.0,0.0,10.5,0.0,2995.74,11174.74,True,False,0.0,77289.3,-0.0112,1.028,0.009528
2026-08-23T15:11:30Z,BIOUSDT,COOLING,NONE,0.0,0.0,0.0,3.32,0.0,3971.46,2510.82,True,False,0.0,77289.3,-0.0112,0.967,0.03017
2026-08-23T15:12:29Z,XRPUSDT,COOLING,NONE,0.0,0.0,0.0,2.0,-2.66,91113.08,24083.2,True,False,0.02,77250.17,-0.0506,2.068,1.5045
2026-08-23T15:13:12Z,HBARUSDT,COOLING,NONE,0.0,0.0,0.0,2.53,1.27,21328.81,9843.16,True,False,-0.0696,77250.17,-0.0506,2.052,0.07921
2026-08-23T15:13:15Z,ZBCNUSDT,IMPULSE,NONE,0.0,0.0,0.0,2.11,0.0,876.0,95.85,True,False,0.0,77250.17,-0.0506,1.058,0.0018934
2026-08-23T15:13:19Z,WUSDT,COOLING,NONE,0.0,0.0,0.0,13.69,0.0,5060.18,18650.01,True,False,0.0,77250.17,-0.0506,1.02,0.0095
2026-08-23T15:13:21Z,BIOUSDT,COOLING,NONE,0.0,0.0,0.0,3.32,0.0,2609.71,4353.56,True,False,0.0,77250.17,-0.0506,0.974,0.03012
2026-08-23T15:14:37Z,XRPUSDT,COOLING,NONE,0.0,0.0,0.0,2.0,0.0,50989.2,75777.16,True,False,-0.02,77187.61,-0.081,1.945,1.4999
2026-08-23T15:14:52Z,HBARUSDT,COOLING,NONE,0.0,0.0,0.0,1.27,-0.0,26669.18,9622.67,True,False,0.0127,77187.61,-0.081,1.052,0.0791
2026-08-23T15:14:54Z,ZBCNUSDT,IMPULSE,BUY,9.12,86.05,86.05,18.11,-16.49,186.11,2050.69,True,False,-0.0825,77187.61,-0.081,1.072,0.0018806
2026-08-23T15:14:57Z,WUSDT,COOLING,NONE,0.0,0.0,0.0,11.6,0.0,3877.14,12173.75,True,False,0.0,77187.61,-0.081,1.544,0.009487
2026-08-23T15:14:59Z,BIOUSDT,COOLING,SELL,26.9,0.0,26.9,3.32,0.0,3281.46,3477.08,True,False,0.0,77187.61,-0.081,1.048,0.03014
2026-08-23T15:16:56Z,XRPUSDT,COOLING,SELL,37.21,37.2,37.21,3.35,-1.34,125169.19,74657.19,True,False,-0.0201,77115.86,-0.093,1.24,1.4937
2026-08-23T15:16:58Z,HBARUSDT,COOLING,SELL,49.97,0.0,49.97,1.26,-1.26,22083.33,9818.29,True,False,0.0063,77115.86,-0.093,1.045,0.07907
2026-08-23T15:17:41Z,ZBCNUSDT,IMPULSE,NONE,0.0,0.0,0.0,49.59,0.0,115.25,112.56,True,False,0.0,77115.86,-0.093,0.929,0.0018732
2026-08-23T15:17:42Z,WUSDT,COOLING,SELL,0.01,0.0,0.01,7.39,0.0,4866.57,10038.74,True,False,0.0,77115.86,-0.093,0.983,0.009481
2026-08-23T15:17:44Z,BIOUSDT,COOLING,NONE,0.0,0.0,0.0,6.63,0.0,2677.11,3567.0,True,False,0.0,77115.86,-0.093,0.947,0.03016
2026-08-23T15:20:39Z,XRPUSDT,COOLING,NONE,0.0,0.0,0.0,2.68,0.0,125889.8,110359.66,True,False,-0.0067,77007.98,-0.1399,1.183,1.4948
2026-08-23T15:20:42Z,HBARUSDT,COOLING,SELL,2.32,0.0,2.32,1.27,-1.27,14409.34,10465.76,True,False,0.019,77007.98,-0.1399,2.064,0.07872
2026-08-23T15:20:47Z,ZBCNUSDT,IMPULSE,NONE,0.0,0.0,0.0,29.9,0.0,90.21,142.44,True,False,0.0,77007.98,-0.1399,2.039,0.0018717
2026-08-23T15:21:30Z,WUSDT,COOLING,NONE,0.0,0.0,0.0,13.69,0.0,6325.79,7381.49,True,False,0.0,77007.98,-0.1399,1.048,0.009443
2026-08-23T15:21:32Z,BIOUSDT,COOLING,NONE,0.0,0.0,0.0,3.32,-3.32,1896.14,5413.72,True,False,0.0166,77007.98,-0.1399,1.02,0.03012
2026-08-23T15:22:04Z,XRPUSDT,COOLING,NONE,0.0,0.0,0.0,2.0,0.67,51609.18,55224.62,True,False,0.01,77153.68,0.1892,1.179,1.4976
2026-08-23T15:22:06Z,HBARUSDT,COOLING,BUY,0.0,57.4,57.4,1.26,-1.26,5824.11,29447.54,True,False,0.0063,77153.68,0.1892,1.106,0.07905
2026-08-23T15:22:08Z,ZBCNUSDT,IMPULSE,NONE,0.0,0.0,0.0,21.31,0.0,545.94,195.25,True,False,0.0,77153.68,0.1892,0.904,0.0018776
2026-08-23T15:22:11Z,WUSDT,COOLING,NONE,0.0,0.0,0.0,12.62,0.0,5846.92,7803.26,True,False,0.0,77153.68,0.1892,1.145,0.009493
2026-08-23T15:22:15Z,BIOUSDT,COOLING,NONE,0.0,0.0,0.0,3.31,-3.31,1806.63,2514.12,True,False,0.0166,77153.68,0.1892,2.157,0.03016
2026-08-23T15:22:48Z,XRPUSDT,COOLING,NONE,0.0,0.0,0.0,2.0,0.67,120693.49,90732.42,True,False,-0.0033,77218.96,0.0846,1.05,1.4995
2026-08-23T15:22:50Z,HBARUSDT,COOLING,NONE,0.0,0.0,0.0,1.26,0.0,10241.1,10597.42,True,False,0.0,77218.96,0.0846,1.156,0.07923
2026-08-23T15:22:52Z,ZBCNUSDT,IMPULSE,NONE,0.0,0.0,0.0,0.53,-0.53,414.71,258.22,True,False,-0.0027,77218.96,0.0846,0.914,0.0018785
2026-08-23T15:23:35Z,WUSDT,COOLING,NONE,0.0,0.0,0.0,9.46,-3.15,5005.38,10270.21,True,False,-0.0158,77218.96,0.0846,1.137,0.00952
2026-08-23T15:23:38Z,BIOUSDT,COOLING,NONE,0.0,0.0,0.0,6.61,0.0,5679.47,3874.32,True,False,0.0,77218.96,0.0846,1.136,0.03025
2026-08-23T15:24:38Z,XRPUSDT,COOLING,NONE,0.0,0.0,0.0,2.67,1.33,109358.11,99840.22,True,False,0.0067,77208.4,-0.0137,0.997,1.4991
2026-08-23T15:24:42Z,HBARUSDT,COOLING,BUY,0.0,51.62,51.62,1.26,0.0,10425.29,25695.46,True,False,-0.0126,77208.4,-0.0137,1.132,0.0791
2026-08-23T15:24:44Z,ZBCNUSDT,IMPULSE,SELL,4.14,0.0,4.14,30.91,0.0,51.97,184.4,True,False,0.0,77208.4,-0.0137,1.12,0.0018768
2026-08-23T15:24:47Z,WUSDT,COOLING,NONE,0.0,0.0,0.0,13.66,0.0,8558.99,12233.94,True,False,0.0,77208.4,-0.0137,1.085,0.009516
2026-08-23T15:24:50Z,BIOUSDT,COOLING,NONE,0.0,0.0,0.0,3.31,0.0,3220.3,3216.24,True,False,0.0,77208.4,-0.0137,1.121,0.03024
2026-08-23T15:26:02Z,XRPUSDT,COOLING,BUY,0.0,13.99,13.99,0.67,-2.0,73267.1,77640.15,True,False,0.01,77233.19,0.0321,1.598,1.5026
2026-08-23T15:26:44Z,HBARUSDT,COOLING,NONE,0.0,0.0,0.0,1.26,0.0,25623.3,25128.41,True,False,0.0,77233.19,0.0321,1.027,0.07927
2026-08-23T15:26:48Z,ZBCNUSDT,IMPULSE,NONE,0.0,0.0,0.0,27.2,0.0,72.42,2045.72,True,False,0.0,77233.19,0.0321,0.898,0.001875
2026-08-23T15:26:50Z,WUSDT,COOLING,NONE,0.0,0.0,0.0,14.68,0.0,7724.5,7589.08,True,False,0.0,77233.19,0.0321,0.925,0.009518
2026-08-23T15:26:51Z,BIOUSDT,COOLING,NONE,0.0,0.0,0.0,3.29,0.0,1615.17,4055.57,True,False,0.0,77233.19,0.0321,0.953,0.03037
2026-08-23T15:27:27Z,XRPUSDT,COOLING,NONE,0.0,0.0,0.0,0.66,-0.66,91469.0,74594.03,True,False,-0.0033,77226.68,-0.0084,1.17,1.507
2026-08-23T15:27:31Z,HBARUSDT,COOLING,SELL,51.36,0.01,51.36,3.78,1.26,25675.51,9532.67,True,True,0.0063,77226.68,-0.0084,1.172,0.07933
2026-08-23T15:27:34Z,ZBCNUSDT,IMPULSE,NONE,0.0,0.0,0.0,24.56,0.0,51.98,333.99,True,False,0.0,77226.68,-0.0084,1.058,0.0018759
2026-08-23T15:27:36Z,WUSDT,COOLING,NONE,0.0,0.0,0.0,14.68,0.0,5308.88,8730.02,True,False,0.0,77226.68,-0.0084,0.911,0.009536
2026-08-23T15:27:38Z,BIOUSDT,COOLING,BUY,0.0,30.31,30.31,3.29,-0.0,2747.77,4960.11,True,False,0.0329,77226.68,-0.0084,0.901,0.03036
2026-08-23T15:29:13Z,XRPUSDT,COOLING,BUY,0.0,5.58,5.58,0.67,-0.67,114117.78,64719.47,True,False,-0.01,77195.31,-0.0406,0.882,1.5031
2026-08-23T15:29:15Z,HBARUSDT,COOLING,NONE,0.0,0.0,0.0,1.26,0.0,9773.48,12084.02,True,False,0.0,77195.31,-0.0406,1.073,0.07938
2026-08-23T15:29:17Z,ZBCNUSDT,IMPULSE,NONE,0.0,0.0,0.0,19.74,0.0,94.65,346.12,True,False,0.0,77195.31,-0.0406,1.13,0.0018746
2026-08-23T15:29:19Z,WUSDT,COOLING,NONE,0.0,0.0,0.0,13.66,0.0,4359.94,7834.75,True,False,0.0,77195.31,-0.0406,1.106,0.009505
2026-08-23T15:29:22Z,BIOUSDT,COOLING,BUY,0.0,14.23,14.23,3.29,0.0,2505.95,3541.1,True,False,-0.0329,77195.31,-0.0406,1.11,0.03036
2026-08-23T15:31:15Z,XRPUSDT,COOLING,BUY,0.0,9.2,9.2,2.0,-2.0,65180.73,78528.34,True,False,0.0033,77268.79,0.0952,1.137,1.5047
2026-08-23T15:31:17Z,HBARUSDT,COOLING,BUY,0.0,14.32,14.32,5.03,0.0,11266.25,11817.45,True,False,0.0,77268.79,0.0952,1.001,0.0795
2026-08-23T15:31:59Z,ZBCNUSDT,IMPULSE,SELL,0.49,0.27,0.49,18.08,0.53,65.36,2294.85,True,False,0.0027,77268.79,0.0952,41.103,0.0018774
2026-08-23T15:32:03Z,WUSDT,COOLING,NONE,0.0,0.0,0.0,13.61,0.0,5896.7,10260.52,True,False,0.0,77268.79,0.0952,2.111,0.009556
2026-08-23T15:32:05Z,BIOUSDT,COOLING,BUY,0.0,0.08,0.08,3.28,-3.28,1763.18,3514.77,True,False,-0.0164,77268.79,0.0952,1.203,0.03047
2026-08-23T15:32:39Z,XRPUSDT,COOLING,SELL,28.51,0.0,28.51,1.33,0.0,224355.03,92348.14,True,False,0.0,77220.01,-0.0631,1.225,1.5014
2026-08-23T15:32:42Z,HBARUSDT,COOLING,NONE,0.0,0.0,0.0,2.52,1.26,33030.49,11143.62,True,False,0.0063,77220.01,-0.0631,1.251,0.07937
2026-08-23T15:32:46Z,ZBCNUSDT,IMPULSE,BUY,10.83,48.04,48.04,15.45,0.01,66.65,2037.29,True,False,-0.0373,77220.01,-0.0631,2.018,0.0018797
2026-08-23T15:32:49Z,WUSDT,COOLING,NONE,0.0,0.0,0.0,7.34,2.1,6387.77,12151.73,True,False,-0.0943,77220.01,-0.0631,1.691,0.009549
2026-08-23T15:32:51Z,BIOUSDT,COOLING,NONE,0.0,0.0,0.0,6.57,0.0,7913.51,3443.4,True,False,0.0,77220.01,-0.0631,1.083,0.03045
2026-08-23T15:35:50Z,XRPUSDT,COOLING,SELL,9.18,0.0,9.18,1.33,0.0,102636.46,78767.12,True,False,-0.0133,77217.81,-0.0028,1.153,1.5033
2026-08-23T15:35:52Z,HBARUSDT,COOLING,NONE,0.0,0.0,0.0,1.26,0.0,31371.54,29387.53,True,False,0.0,77217.81,-0.0028,1.238,0.07956
2026-08-23T15:35:57Z,ZBCNUSDT,IMPULSE,NONE,0.0,0.0,0.0,7.5,0.0,103.1,2031.8,True,False,0.0,77217.81,-0.0028,1.128,0.0018658
2026-08-23T15:36:00Z,WUSDT,COOLING,NONE,0.0,0.0,0.0,1.05,0.0,4062.09,7442.31,True,False,0.0,77217.81,-0.0028,1.074,0.009568
2026-08-23T15:36:03Z,BIOUSDT,COOLING,NONE,0.0,0.0,0.0,6.56,0.0,6263.39,3642.82,True,False,0.0,77217.81,-0.0028,1.054,0.03048
2026-08-23T15:36:41Z,XRPUSDT,COOLING,NONE,0.0,0.0,0.0,2.0,0.67,102743.02,115474.96,True,False,0.0033,77217.09,-0.0009,1.686,1.5036
2026-08-23T15:37:23Z,HBARUSDT,COOLING,NONE,0.0,0.0,0.0,1.26,-2.52,34385.08,6254.01,True,False,0.0252,77217.09,-0.0009,41.06,0.07953
2026-08-23T15:37:26Z,ZBCNUSDT,IMPULSE,SELL,1.59,0.0,1.59,17.69,0.0,105.87,2030.37,True,False,0.0,77217.09,-0.0009,2.161,0.0018654
2026-08-23T15:37:28Z,WUSDT,COOLING,NONE,0.0,0.0,0.0,2.09,0.0,6261.4,8716.91,True,False,0.0,77217.09,-0.0009,1.124,0.00957
2026-08-23T15:37:32Z,BIOUSDT,COOLING,NONE,0.0,0.0,0.0,3.27,0.0,6579.73,2776.15,True,False,0.0,77217.09,-0.0009,2.076,0.03055
2026-08-23T15:38:06Z,XRPUSDT,COOLING,BUY,0.0,15.39,15.39,1.33,-0.66,96317.86,129163.47,True,False,0.0233,77224.03,0.009,0.97,1.5044
2026-08-23T15:38:08Z,HBARUSDT,COOLING,NONE,0.0,0.0,0.0,1.26,0.0,11031.24,25918.12,True,False,0.0,77224.03,0.009,1.207,0.07956
2026-08-23T15:38:12Z,ZBCNUSDT,IMPULSE,NONE,0.0,0.0,0.0,6.43,-2.68,63.25,2031.13,True,False,0.0134,77224.03,0.009,2.13,0.0018666
2026-08-23T15:38:16Z,WUSDT,COOLING,NONE,0.0,0.0,0.0,2.09,0.0,7791.87,8716.91,True,False,0.0,77224.03,0.009,1.23,0.00957
2026-08-23T15:38:20Z,BIOUSDT,COOLING,BUY,0.0,15.47,15.47,3.27,0.0,2423.09,5163.68,True,False,0.0,77224.03,0.009,2.19,0.03055
2026-08-23T15:42:02Z,XRPUSDT,COOLING,BUY,9.39,22.95,22.95,1.33,-1.99,89168.47,106367.31,True,False,-0.0166,77282.17,0.0753,0.992,1.5065
2026-08-23T15:42:04Z,HBARUSDT,COOLING,SELL,6.96,0.0,6.96,1.26,0.0,14293.41,30300.92,True,False,0.0,77282.17,0.0753,1.093,0.07961
2026-08-23T15:42:07Z,ZBCNUSDT,IMPULSE,NONE,0.0,0.0,0.0,22.4,0.0,338.86,2039.99,True,False,0.0,77282.17,0.0753,1.274,0.0018757
2026-08-23T15:42:09Z,WUSDT,COOLING,NONE,0.0,0.0,0.0,16.68,0.0,4381.49,6624.48,True,False,0.0,77282.17,0.0753,1.05,0.009596
2026-08-23T15:42:12Z,BIOUSDT,COOLING,NONE,0.0,0.0,0.0,6.53,0.0,2406.69,3125.98,True,False,0.0,77282.17,0.0753,2.22,0.03064
2026-08-23T15:42:50Z,XRPUSDT,COOLING,BUY,20.19,22.66,22.66,1.33,-0.0,129549.6,130960.18,True,False,0.0266,77281.61,-0.0007,1.553,1.507
2026-08-23T15:42:52Z,HBARUSDT,COOLING,NONE,0.0,0.0,0.0,1.25,0.0,17691.67,12963.92,True,False,0.0,77281.61,-0.0007,0.989,0.07961
2026-08-23T15:42:55Z,ZBCNUSDT,IMPULSE,NONE,0.0,0.0,0.0,21.87,0.0,338.86,2067.45,True,False,0.0,77281.61,-0.0007,1.984,0.0018749
2026-08-23T15:43:00Z,WUSDT,COOLING,NONE,0.0,0.0,0.0,12.48,-2.08,3619.18,7858.76,True,False,-0.0104,77281.61,-0.0007,2.374,0.00961
2026-08-23T15:43:03Z,BIOUSDT,COOLING,NONE,0.0,0.0,0.0,3.26,0.0,1965.16,4011.67,True,False,0.0,77281.61,-0.0007,1.044,0.03065
2026-08-23T15:44:55Z,XRPUSDT,COOLING,BUY,17.62,35.4,35.4,1.33,-0.0,118752.91,120624.07,True,True,0.0066,77281.38,-0.0003,1.054,1.5082
2026-08-23T15:44:56Z,HBARUSDT,COOLING,NONE,0.0,0.0,0.0,1.25,0.0,37402.36,9979.62,True,False,0.0,77281.38,-0.0003,1.079,0.0797
2026-08-23T15:44:59Z,ZBCNUSDT,IMPULSE,NONE,0.0,0.0,0.0,13.32,0.0,338.86,2040.21,True,False,0.0,77281.38,-0.0003,2.131,0.0018774
2026-08-23T15:45:02Z,WUSDT,COOLING,NONE,0.0,0.0,0.0,9.34,0.0,4004.18,12110.61,True,False,0.0,77281.38,-0.0003,1.952,0.009641
2026-08-23T15:45:05Z,BIOUSDT,COOLING,NONE,0.0,0.0,0.0,13.01,0.0,2683.01,1465.18,True,False,0.0,77281.38,-0.0003,0.966,0.03079
2026-08-23T15:49:56Z,XRPUSDT,COOLING,SELL,0.74,0.0,0.74,1.99,0.0,84770.71,61858.85,True,False,-0.1128,77219.4,-0.0802,40.985,1.5068
2026-08-23T15:49:58Z,HBARUSDT,COOLING,BUY,0.0,0.1,0.1,1.26,-1.26,12211.7,22358.4,True,False,0.0314,77219.4,-0.0802,1.037,0.0796
2026-08-23T15:50:01Z,ZBCNUSDT,IMPULSE,NONE,0.0,0.0,0.0,21.8,0.0,338.86,2044.31,True,False,0.0,77219.4,-0.0802,0.94,0.0018816
2026-08-23T15:50:03Z,WUSDT,COOLING,NONE,0.0,0.0,0.0,11.42,0.0,4004.18,9722.61,True,False,0.0,77219.4,-0.0802,1.009,0.009645
2026-08-23T15:50:05Z,BIOUSDT,COOLING,NONE,0.0,0.0,0.0,6.49,-3.24,3165.08,1388.5,True,False,-0.0162,77219.4,-0.0802,0.96,0.03086
2026-08-23T15:52:34Z,XRPUSDT,COOLING,BUY,14.78,23.38,23.38,1.33,-0.0,119424.73,118748.79,True,False,0.0199,77202.93,-0.0213,1.024,1.5059
2026-08-23T15:53:15Z,HBARUSDT,COOLING,NONE,0.0,0.0,0.0,1.26,0.0,16705.01,30567.45,True,False,0.0,77202.93,-0.0213,0.957,0.07967
2026-08-23T15:53:18Z,ZBCNUSDT,IMPULSE,NONE,0.0,0.0,0.0,16.45,0.0,338.86,2047.34,True,False,0.0,77202.93,-0.0213,0.998,0.0018833
2026-08-23T15:54:01Z,WUSDT,COOLING,SELL,0.23,0.18,0.23,14.49,0.03,4927.67,8906.6,True,False,-0.1962,77202.93,-0.0213,40.934,0.009684
2026-08-23T15:54:04Z,BIOUSDT,COOLING,SELL,44.34,17.65,44.34,3.22,-0.0,4691.43,2138.36,True,False,0.0322,77202.93,-0.0213,1.001,0.03107
2026-08-23T15:54:37Z,XRPUSDT,COOLING,NONE,0.0,0.0,0.0,1.33,-0.67,105536.75,107630.42,True,False,-0.0033,77189.48,-0.0174,0.915,1.5
2026-08-23T15:54:39Z,HBARUSDT,COOLING,NONE,0.0,0.0,0.0,1.26,0.0,22226.91,23977.19,True,False,0.0,77189.48,-0.0174,0.926,0.07959
2026-08-23T15:56:03Z,ZBCNUSDT,IMPULSE,NONE,0.0,0.0,0.0,16.98,0.0,338.86,2043.12,True,False,0.0,77189.48,-0.0174,2.373,0.0018845
2026-08-23T15:56:47Z,WUSDT,COOLING,NONE,0.0,0.0,0.0,12.44,-5.19,5189.0,5428.41,True,False,0.0259,77189.48,-0.0174,41.955,0.009642
2026-08-23T15:56:48Z,BIOUSDT,COOLING,NONE,0.0,0.0,0.0,3.24,0.0,2647.5,2624.69,True,False,0.0,77189.48,-0.0174,0.885,0.03084
2026-08-23T15:58:17Z,XRPUSDT,COOLING,BUY,0.0,16.67,16.67,1.34,-0.0,82295.37,78478.0,True,False,0.0067,77166.16,-0.0302,1.022,1.4971
2026-08-23T15:58:20Z,HBARUSDT,COOLING,BUY,0.0,85.96,85.96,2.52,1.26,21753.6,26328.57,True,True,-0.0189,77166.16,-0.0302,0.971,0.07953
2026-08-23T15:58:23Z,ZBCNUSDT,IMPULSE,NONE,0.0,0.0,0.0,51.91,-3.17,866.18,1917.24,True,False,-0.0159,77166.16,-0.0302,1.154,0.001889
2026-08-23T15:59:06Z,RWAINCUSDT,COOLING,NONE,0.0,0.0,0.0,113.93,0.0,1373.43,1475.39,True,False,0.0,77166.16,-0.0302,1.021,0.001924
2026-08-23T15:59:08Z,EDELUSDT,COOLING,NONE,0.0,0.0,0.0,23.5,0.0,1086.08,655.83,True,False,0.0,77166.16,-0.0302,0.954,0.00852
2026-08-23T15:59:38Z,XRPUSDT,COOLING,BUY,0.0,2.71,2.71,2.67,-0.67,92222.61,72861.57,True,False,0.0033,77170.77,0.006,1.371,1.4967
2026-08-23T15:59:39Z,HBARUSDT,COOLING,SELL,51.05,0.0,51.05,3.78,0.0,20628.98,20672.13,True,True,0.0,77170.77,0.006,1.013,0.07941
2026-08-23T15:59:41Z,ZBCNUSDT,IMPULSE,NONE,0.0,0.0,0.0,30.75,-1.06,866.18,598.89,True,False,-0.0053,77170.77,0.006,0.918,0.0018861
2026-08-23T15:59:43Z,RWAINCUSDT,COOLING,NONE,0.0,0.0,0.0,113.93,0.0,1373.43,1475.39,True,False,0.0,77170.77,0.006,0.985,0.001924
2026-08-23T15:59:45Z,EDELUSDT,COOLING,NONE,0.0,0.0,0.0,23.53,0.0,970.14,655.82,True,False,0.0,77170.77,0.006,0.971,0.00849
2026-08-23T16:00:15Z,XRPUSDT,COOLING,NONE,0.0,0.0,0.0,2.67,0.67,54987.34,92490.7,True,False,0.0367,77169.56,-0.0016,0.91,1.4985
2026-08-23T16:00:17Z,HBARUSDT,COOLING,NONE,0.0,0.0,0.0,5.02,1.26,20607.35,24693.19,True,False,-0.0063,77169.56,-0.0016,0.933,0.07969
2026-08-23T16:00:19Z,ZBCNUSDT,IMPULSE,NONE,0.0,0.0,0.0,28.64,-0.53,866.18,1973.45,True,False,-0.0027,77169.56,-0.0016,0.94,0.0018861
2026-08-23T16:00:20Z,RWAINCUSDT,COOLING,NONE,0.0,0.0,0.0,113.93,0.0,1373.43,1475.39,True,False,0.0,77169.56,-0.0016,0.906,0.001924
2026-08-23T16:00:22Z,EDELUSDT,COOLING,NONE,0.0,0.0,0.0,35.23,0.0,970.11,655.82,True,False,0.0,77169.56,-0.0016,0.998,0.00852
2026-08-23T16:02:36Z,XRPUSDT,COOLING,SELL,2.23,0.0,2.23,1.33,-0.67,134377.78,78664.04,True,False,-0.0367,77218.49,0.0634,1.993,1.4999
2026-08-23T16:02:38Z,HBARUSDT,COOLING,NONE,0.0,0.0,0.0,1.26,0.0,17317.38,23604.59,True,False,0.0,77218.49,0.0634,0.952,0.07961
2026-08-23T16:03:20Z,ZBCNUSDT,IMPULSE,NONE,0.0,0.0,0.0,18.04,0.0,866.18,597.28,True,False,0.0,77218.49,0.0634,1.054,0.0018833
2026-08-23T16:04:02Z,RWAINCUSDT,COOLING,NONE,0.0,0.0,0.0,51.63,0.0,1373.43,1475.39,True,False,0.0,77218.49,0.0634,0.926,0.001924
2026-08-23T16:04:04Z,EDELUSDT,COOLING,NONE,0.0,0.0,0.0,46.89,0.0,627.75,951.85,True,False,0.0,77218.49,0.0634,0.92,0.00855
2026-08-23T16:04:34Z,XRPUSDT,COOLING,BUY,12.35,25.82,25.82,2.66,0.66,147208.79,90579.52,True,False,0.0366,77265.56,0.061,0.884,1.5021
2026-08-23T16:04:36Z,HBARUSDT,COOLING,NONE,0.0,0.0,0.0,1.25,0.0,10247.89,22234.67,True,False,0.0,77265.56,0.061,0.931,0.07967
2026-08-23T16:04:38Z,ZBCNUSDT,IMPULSE,NONE,0.0,0.0,0.0,16.45,0.0,866.18,1919.96,True,False,0.0,77265.56,0.061,0.933,0.0018849
2026-08-23T16:04:40Z,RWAINCUSDT,COOLING,NONE,0.0,0.0,0.0,51.63,0.0,1373.43,1475.39,True,False,0.0,77265.56,0.061,1.051,0.001924
2026-08-23T16:04:42Z,EDELUSDT,COOLING,NONE,0.0,0.0,0.0,35.15,-11.74,893.38,687.18,True,False,0.0586,77265.56,0.061,0.936,0.00851
2026-08-23T16:05:11Z,XRPUSDT,COOLING,BUY,12.88,15.97,15.97,4.0,2.0,115092.93,119615.27,True,False,-0.0033,77268.21,0.0034,0.965,1.502
2026-08-23T16:05:12Z,HBARUSDT,COOLING,NONE,0.0,0.0,0.0,1.26,0.0,19621.52,10262.03,True,False,-0.0251,77268.21,0.0034,0.935,0.07969
2026-08-23T16:05:14Z,ZBCNUSDT,IMPULSE,NONE,0.0,0.0,0.0,6.9,0.0,866.18,597.28,True,False,0.0,77268.21,0.0034,1.08,0.0018837
2026-08-23T16:05:17Z,RWAINCUSDT,COOLING,NONE,0.0,0.0,0.0,51.63,0.0,1373.43,1475.39,True,False,0.0,77268.21,0.0034,1.018,0.001924
2026-08-23T16:05:20Z,EDELUSDT,COOLING,NONE,0.0,0.0,0.0,11.74,0.0,901.62,681.6,True,False,0.0,77268.21,0.0034,1.903,0.00851
2026-08-23T16:06:48Z,XRPUSDT,COOLING,NONE,0.0,0.0,0.0,2.0,0.0,151657.17,77815.09,True,False,-0.0067,77256.11,-0.0157,0.952,1.5011
2026-08-23T16:06:52Z,HBARUSDT,COOLING,SELL,19.28,1.39,19.28,1.26,-0.0,39261.9,25270.67,True,False,0.0126,77256.11,-0.0157,1.936,0.07962
2026-08-23T16:06:54Z,ZBCNUSDT,IMPULSE,NONE,0.0,0.0,0.0,10.09,0.0,813.75,1913.4,True,False,0.0,77256.11,-0.0157,0.867,0.001883
2026-08-23T16:06:56Z,RWAINCUSDT,COOLING,NONE,0.0,0.0,0.0,51.63,0.0,1373.43,1475.39,True,False,0.0,77256.11,-0.0157,1.484,0.001924
2026-08-23T16:06:58Z,EDELUSDT,COOLING,NONE,0.0,0.0,0.0,59.28,11.83,623.7,516.25,True,False,0.0593,77256.11,-0.0157,1.081,0.00841
2026-08-23T16:08:49Z,XRPUSDT,COOLING,BUY,0.0,0.24,0.24,2.67,0.66,100818.95,79401.9,True,False,0.1637,77220.0,-0.0467,82.232,1.4964
2026-08-23T16:10:51Z,HBARUSDT,COOLING,SELL,0.2,0.01,0.2,1.26,-0.0,23377.3,26575.04,True,False,0.1007,77220.0,-0.0467,41.104,0.0795
2026-08-23T16:10:53Z,ZBCNUSDT,IMPULSE,NONE,0.0,0.0,0.0,14.85,-1.06,851.37,2228.09,True,False,0.0053,77220.0,-0.0467,0.923,0.0018855
2026-08-23T16:10:55Z,RWAINCUSDT,COOLING,NONE,0.0,0.0,0.0,51.63,0.0,1373.43,1475.39,True,False,0.0,77220.0,-0.0467,0.922,0.001924
2026-08-23T16:10:58Z,EDELUSDT,COOLING,SELL,30.02,0.0,30.02,35.65,-11.91,931.38,541.47,True,False,0.0595,77220.0,-0.0467,1.1,0.00837
2026-08-23T16:12:08Z,XRPUSDT,COOLING,BUY,0.0,44.14,44.14,1.33,0.0,90685.41,105494.43,True,False,0.0,77277.38,0.0743,0.919,1.5013
2026-08-23T16:12:10Z,HBARUSDT,COOLING,NONE,0.0,0.0,0.0,1.26,0.0,21078.72,9480.04,True,False,0.0,77277.38,0.0743,0.933,0.07956
2026-08-23T16:12:12Z,ZBCNUSDT,IMPULSE,NONE,0.0,0.0,0.0,12.73,0.0,1125.83,1920.27,True,False,0.0,77277.38,0.0743,0.974,0.0018854
2026-08-23T16:12:14Z,RWAINCUSDT,COOLING,NONE,0.0,0.0,0.0,51.63,0.0,1373.43,1475.39,True,False,0.0,77277.38,0.0743,0.987,0.001924
2026-08-23T16:12:16Z,EDELUSDT,COOLING,NONE,0.0,0.0,0.0,47.56,23.78,931.78,516.25,True,False,0.0,77277.38,0.0743,0.922,0.00839
2026-08-23T16:15:52Z,XRPUSDT,COOLING,NONE,0.0,0.0,0.0,1.33,-1.33,82706.06,75792.79,True,False,0.0067,77278.75,0.0018,1.122,1.501
2026-08-23T16:15:56Z,HBARUSDT,COOLING,NONE,0.0,0.0,0.0,1.26,0.0,16703.54,9125.07,True,False,-0.0252,77278.75,0.0018,0.901,0.07945
2026-08-23T16:16:38Z,ZBCNUSDT,IMPULSE,SELL,13.55,0.0,13.55,38.35,0.0,173.46,91.19,True,False,0.0,77278.75,0.0018,2.001,0.0018775
2026-08-23T16:16:40Z,RWAINCUSDT,COOLING,NONE,0.0,0.0,0.0,51.63,0.0,1373.43,1475.39,True,False,0.0,77278.75,0.0018,0.92,0.001924
2026-08-23T16:16:43Z,EDELUSDT,COOLING,NONE,0.0,0.0,0.0,47.73,-23.95,896.39,514.45,True,False,0.1195,77278.75,0.0018,2.462,0.0084
2026-08-23T16:17:14Z,XRPUSDT,COOLING,BUY,0.0,4.53,4.53,1.33,0.0,98151.49,112554.34,True,False,0.0,77309.2,0.0394,0.962,1.503
2026-08-23T16:17:16Z,HBARUSDT,COOLING,NONE,0.0,0.0,0.0,1.26,0.0,35937.56,23651.89,True,False,0.0,77309.2,0.0394,0.95,0.07945
2026-08-23T16:17:18Z,ZBCNUSDT,IMPULSE,NONE,0.0,0.0,0.0,32.52,0.0,142.35,233.22,True,False,0.0,77309.2,0.0394,0.873,0.0018767
2026-08-23T16:17:20Z,RWAINCUSDT,COOLING,NONE,0.0,0.0,0.0,51.63,0.0,1373.43,1475.39,True,False,0.0,77309.2,0.0394,1.038,0.001924
2026-08-23T16:17:22Z,EDELUSDT,COOLING,NONE,0.0,0.0,0.0,23.89,-11.93,896.37,705.99,True,False,-0.0597,77309.2,0.0394,0.916,0.00836
2026-08-23T16:18:33Z,XRPUSDT,COOLING,SELL,1.11,0.0,1.11,1.34,0.0,130518.46,70784.46,True,False,0.0,77278.74,-0.0394,1.952,1.4974
2026-08-23T16:18:35Z,HBARUSDT,COOLING,BUY,0.0,82.32,82.32,1.26,0.0,36532.43,28108.83,True,False,-0.0126,77278.74,-0.0394,0.949,0.07937
2026-08-23T16:18:37Z,ZBCNUSDT,IMPULSE,NONE,0.0,0.0,0.0,26.13,-0.53,121.42,1912.59,True,False,0.0027,77278.74,-0.0394,1.006,0.001875
2026-08-23T16:18:39Z,RWAINCUSDT,COOLING,NONE,0.0,0.0,0.0,51.63,0.0,1373.43,1475.39,True,False,0.0,77278.74,-0.0394,1.696,0.001924
2026-08-23T16:18:42Z,EDELUSDT,COOLING,NONE,0.0,0.0,0.0,47.96,12.01,929.86,513.25,True,False,-0.0599,77278.74,-0.0394,1.129,0.00831
2026-08-23T16:21:00Z,XRPUSDT,COOLING,SELL,0.64,0.0,0.64,0.67,-0.67,153235.61,105655.8,True,False,0.1904,77241.77,-0.0478,41.008,1.4962
2026-08-23T16:21:02Z,HBARUSDT,COOLING,NONE,0.0,0.0,0.0,1.26,0.0,13852.29,10210.24,True,False,0.0,77241.77,-0.0478,1.018,0.0793
2026-08-23T16:21:04Z,ZBCNUSDT,IMPULSE,NONE,0.0,0.0,0.0,18.13,-0.53,139.43,140.47,True,False,-0.0027,77241.77,-0.0478,1.293,0.0018755
2026-08-23T16:21:05Z,RWAINCUSDT,COOLING,NONE,0.0,0.0,0.0,51.63,0.0,1373.43,1475.39,True,False,0.0,77241.77,-0.0478,0.965,0.001924
2026-08-23T16:21:08Z,EDELUSDT,COOLING,NONE,0.0,0.0,0.0,35.99,-11.97,893.39,512.05,True,False,-0.06,77241.77,-0.0478,1.049,0.0083
2026-08-23T16:22:22Z,XRPUSDT,COOLING,NONE,0.0,0.0,0.0,2.0,0.0,140853.49,77688.37,True,False,0.0,77278.79,0.0479,0.941,1.4985
2026-08-23T16:23:44Z,HBARUSDT,COOLING,SELL,1.3,0.0,1.3,2.53,1.26,22164.19,9838.07,True,False,-0.0694,77278.79,0.0479,41.022,0.07932
2026-08-23T16:23:46Z,ZBCNUSDT,IMPULSE,BUY,0.0,0.01,0.01,18.09,-1.59,102.9,1911.07,True,False,-0.008,77278.79,0.0479,0.946,0.0018792
2026-08-23T16:23:49Z,RWAINCUSDT,COOLING,NONE,0.0,0.0,0.0,51.63,0.0,1373.43,1475.39,True,False,0.0,77278.79,0.0479,1.094,0.001924
2026-08-23T16:24:32Z,EDELUSDT,COOLING,NONE,0.0,0.0,0.0,36.04,-12.04,616.5,511.45,True,False,0.0601,77278.79,0.0479,41.516,0.00829
2026-08-23T16:25:00Z,XRPUSDT,COOLING,BUY,0.0,30.03,30.03,1.33,0.0,92641.54,113690.41,True,False,-0.0067,77277.79,-0.0013,1.119,1.4993
2026-08-23T16:25:03Z,HBARUSDT,COOLING,SELL,74.23,0.0,74.23,1.26,-0.0,26699.58,25689.15,True,False,0.0252,77277.79,-0.0013,0.893,0.07924
2026-08-23T16:25:04Z,ZBCNUSDT,IMPULSE,BUY,0.0,76.6,76.6,14.88,-0.54,102.96,1914.51,True,True,0.0239,77277.79,-0.0013,0.892,0.0018813
2026-08-23T16:25:06Z,RWAINCUSDT,COOLING,NONE,0.0,0.0,0.0,51.63,0.0,1373.43,1475.39,True,False,0.0,77277.79,-0.0013,0.99,0.001924
2026-08-23T16:25:09Z,EDELUSDT,COOLING,NONE,0.0,0.0,0.0,35.86,0.0,891.8,699.56,True,False,0.0,77277.79,-0.0013,1.951,0.00835
2026-08-23T16:28:06Z,XRPUSDT,COOLING,BUY,0.0,20.48,20.48,0.67,-1.34,74482.12,138095.22,True,False,-0.0067,77311.12,0.0431,0.892,1.4976
2026-08-23T16:28:07Z,HBARUSDT,COOLING,SELL,3.01,0.0,3.01,1.26,0.0,23458.73,9598.34,True,False,0.0,77311.12,0.0431,0.877,0.07907
2026-08-23T16:28:51Z,ZBCNUSDT,IMPULSE,SELL,1.49,0.0,1.49,27.57,-2.64,281.57,1913.9,True,False,-0.0451,77311.12,0.0431,41.061,0.0018855
2026-08-23T16:28:55Z,RWAINCUSDT,COOLING,SELL,0.27,0.01,0.27,56.48,-10.24,1389.01,1425.32,True,False,-0.0513,77311.12,0.0431,1.918,0.001955
2026-08-23T16:28:58Z,EDELUSDT,COOLING,NONE,0.0,0.0,0.0,35.65,0.0,938.44,706.34,True,False,0.0,77311.12,0.0431,2.034,0.00841
2026-08-23T16:30:10Z,XRPUSDT,COOLING,NONE,0.0,0.0,0.0,1.33,0.0,100723.08,141467.78,True,False,0.0,77325.39,0.0185,1.632,1.4983
2026-08-23T16:30:12Z,HBARUSDT,COOLING,SELL,13.47,0.0,13.47,1.26,-0.0,10784.79,2050.08,True,False,0.0126,77325.39,0.0185,0.958,0.07909
2026-08-23T16:30:13Z,ZBCNUSDT,IMPULSE,BUY,0.0,81.41,81.41,55.58,0.0,877.1,1904.61,True,True,0.0,77325.39,0.0185,0.966,0.0018783
2026-08-23T16:30:15Z,RWAINCUSDT,COOLING,NONE,0.0,0.0,0.0,56.48,0.0,1381.84,1425.17,True,False,0.0,77325.39,0.0185,0.952,0.001955
2026-08-23T16:30:18Z,EDELUSDT,COOLING,NONE,0.0,0.0,0.0,35.61,0.0,963.66,967.07,True,False,0.0,77325.39,0.0185,0.933,0.0084
2026-08-23T16:30:48Z,XRPUSDT,COOLING,NONE,0.0,0.0,0.0,1.34,-0.67,86726.32,124858.57,True,False,-0.0033,77326.99,0.0021,0.991,1.4966
2026-08-23T16:31:30Z,HBARUSDT,COOLING,BUY,15.9,47.48,47.48,1.26,-0.0,18841.31,24720.43,True,False,0.0253,77326.99,0.0021,1.058,0.07914
2026-08-23T16:31:32Z,ZBCNUSDT,IMPULSE,BUY,0.0,4.82,4.82,57.73,0.0,878.33,293.86,True,False,0.0,77326.99,0.0021,0.952,0.0018717
2026-08-23T16:31:34Z,RWAINCUSDT,COOLING,NONE,0.0,0.0,0.0,56.48,0.0,1381.84,1425.17,True,False,0.0,77326.99,0.0021,0.985,0.001955
2026-08-23T16:31:36Z,EDELUSDT,COOLING,NONE,0.0,0.0,0.0,35.61,0.0,620.25,706.34,True,False,0.0,77326.99,0.0021,0.877,0.00841
2026-08-23T16:33:47Z,XRPUSDT,COOLING,SELL,26.25,0.0,26.25,0.66,-1.33,76559.55,88713.98,True,False,0.0199,77399.13,0.0933,1.022,1.5063
2026-08-23T16:33:49Z,HBARUSDT,COOLING,NONE,0.0,0.0,0.0,1.26,0.0,9092.2,10053.37,True,False,0.0,77399.13,0.0933,0.89,0.0794
2026-08-23T16:33:51Z,ZBCNUSDT,IMPULSE,NONE,0.0,0.0,0.0,35.05,0.53,218.25,65.8,True,False,-0.0027,77399.13,0.0933,0.94,0.0018879
2026-08-23T16:33:53Z,RWAINCUSDT,COOLING,NONE,0.0,0.0,0.0,56.48,0.0,1381.84,1425.17,True,False,0.0,77399.13,0.0933,1.073,0.001955
2026-08-23T16:33:55Z,EDELUSDT,COOLING,NONE,0.0,0.0,0.0,47.45,11.88,1014.33,680.54,True,False,-0.0593,77399.13,0.0933,1.143,0.00842
2026-08-23T16:34:27Z,XRPUSDT,COOLING,SELL,16.93,0.0,16.93,1.33,-0.66,116504.35,72804.87,True,False,0.0099,77377.93,-0.0274,1.028,1.5086
2026-08-23T16:34:29Z,HBARUSDT,COOLING,SELL,76.58,0.0,76.58,1.26,-0.0,19538.54,10171.36,True,False,0.0755,77377.93,-0.0274,0.95,0.0794
2026-08-23T16:35:11Z,ZBCNUSDT,IMPULSE,SELL,9.78,0.0,9.78,25.49,0.0,128.84,1916.63,True,False,0.0,77377.93,-0.0274,0.894,0.0018831
2026-08-23T16:35:13Z,RWAINCUSDT,COOLING,NONE,0.0,0.0,0.0,56.48,0.0,1381.84,1425.17,True,False,0.0,77377.93,-0.0274,1.117,0.001955
2026-08-23T16:35:15Z,EDELUSDT,COOLING,NONE,0.0,0.0,0.0,96.27,-11.97,903.84,510.25,True,False,-0.0601,77377.93,-0.0274,0.948,0.00827
2026-08-23T16:36:27Z,XRPUSDT,COOLING,SELL,63.72,46.88,63.72,1.99,-0.66,148643.2,101533.99,True,False,-0.043,77400.01,0.0285,0.912,1.5096
2026-08-23T16:36:30Z,HBARUSDT,COOLING,NONE,0.0,0.0,0.0,1.26,-2.52,21826.62,25955.53,True,False,0.0,77400.01,0.0285,1.92,0.07949
2026-08-23T16:36:32Z,ZBCNUSDT,IMPULSE,NONE,0.0,0.0,0.0,28.11,0.0,74.36,1917.84,True,False,0.0,77400.01,0.0285,0.953,0.0018859
2026-08-23T16:36:34Z,RWAINCUSDT,COOLING,NONE,0.0,0.0,0.0,56.48,0.0,1381.84,1425.17,True,False,0.0,77400.01,0.0285,0.99,0.001955
2026-08-23T16:36:36Z,EDELUSDT,COOLING,NONE,0.0,0.0,0.0,72.2,0.0,903.84,510.25,True,False,0.0,77400.01,0.0285,1.074,0.00827
2026-08-23T16:38:53Z,XRPUSDT,COOLING,NONE,0.0,0.0,0.0,1.33,0.0,110939.7,59764.77,True,False,0.0,77367.91,-0.0415,0.954,1.5041
2026-08-23T16:38:55Z,HBARUSDT,COOLING,NONE,0.0,0.0,0.0,2.52,0.0,39703.38,9357.89,True,False,0.0,77367.91,-0.0415,1.544,0.07925
2026-08-23T16:38:57Z,ZBCNUSDT,IMPULSE,NONE,0.0,0.0,0.0,17.52,-1.59,77.29,1917.64,True,False,0.008,77367.91,-0.0415,0.882,0.0018842
2026-08-23T16:38:59Z,RWAINCUSDT,COOLING,NONE,0.0,0.0,0.0,56.48,0.0,1381.84,1425.17,True,False,0.0,77367.91,-0.0415,0.912,0.001955
2026-08-23T16:39:01Z,EDELUSDT,COOLING,NONE,0.0,0.0,0.0,84.19,0.0,859.36,535.3,True,False,0.0,77367.91,-0.0415,0.941,0.00828
2026-08-23T16:40:12Z,XRPUSDT,COOLING,SELL,0.54,0.0,0.54,0.66,-0.66,135735.69,76022.38,True,False,0.0033,77390.01,0.0286,0.957,1.505
2026-08-23T16:40:54Z,HBARUSDT,COOLING,NONE,0.0,0.0,0.0,1.26,0.0,38000.35,9120.4,True,False,0.0,77390.01,0.0286,1.035,0.0792
2026-08-23T16:40:56Z,ZBCNUSDT,IMPULSE,NONE,0.0,0.0,0.0,13.79,0.0,77.88,1918.65,True,False,0.0,77390.01,0.0286,0.998,0.0018856
2026-08-23T16:40:59Z,RWAINCUSDT,COOLING,NONE,0.0,0.0,0.0,56.48,0.0,1381.84,1425.17,True,False,0.0,77390.01,0.0286,1.124,0.001955
2026-08-23T16:41:42Z,EDELUSDT,COOLING,NONE,0.0,0.0,0.0,24.04,-24.1,859.36,535.31,True,False,0.1203,77390.01,0.0286,0.902,0.00836
2026-08-23T16:43:32Z,XRPUSDT,COOLING,NONE,0.0,0.0,0.0,1.33,0.66,103838.24,109849.19,True,False,0.0033,77409.98,0.0258,1.176,1.5069
2026-08-23T16:43:34Z,HBARUSDT,COOLING,NONE,0.0,0.0,0.0,1.26,0.0,23297.79,33198.97,True,False,0.0,77409.98,0.0258,0.901,0.07939
2026-08-23T16:43:36Z,ZBCNUSDT,IMPULSE,NONE,0.0,0.0,0.0,11.11,-0.53,82.07,1923.4,True,False,0.0026,77409.98,0.0258,0.991,0.001888
2026-08-23T16:43:38Z,RWAINCUSDT,COOLING,NONE,0.0,0.0,0.0,56.48,0.0,1381.84,1425.17,True,False,0.0,77409.98,0.0258,0.967,0.001955
2026-08-23T16:43:40Z,EDELUSDT,COOLING,NONE,0.0,0.0,0.0,48.13,0.0,849.92,535.31,True,False,0.0,77409.98,0.0258,0.9,0.00831
2026-08-23T16:45:52Z,XRPUSDT,COOLING,SELL,0.19,0.0,0.19,1.33,-0.67,105011.42,73355.25,True,False,0.0699,77361.98,-0.062,40.937,1.5019
2026-08-23T16:45:53Z,HBARUSDT,COOLING,NONE,0.0,0.0,0.0,2.52,0.0,13447.44,10248.73,True,False,0.0,77361.98,-0.062,0.912,0.07929
2026-08-23T16:45:55Z,ZBCNUSDT,IMPULSE,NONE,0.0,0.0,0.0,6.88,0.0,74.23,1921.68,True,False,0.0,77361.98,-0.062,1.018,0.0018895
2026-08-23T16:45:58Z,RWAINCUSDT,COOLING,NONE,0.0,0.0,0.0,56.48,0.0,1381.84,1425.17,True,False,0.0,77361.98,-0.062,0.994,0.001955
2026-08-23T16:45:59Z,EDELUSDT,COOLING,NONE,0.0,0.0,0.0,36.12,-24.08,905.12,700.75,True,False,0.0,77361.98,-0.062,0.949,0.00831
2026-08-23T16:47:12Z,XRPUSDT,COOLING,NONE,0.0,0.0,0.0,0.66,0.0,113963.7,106706.3,True,False,0.0,77406.55,0.0576,0.893,1.5077
2026-08-23T16:47:13Z,HBARUSDT,COOLING,SELL,18.7,6.87,18.7,1.26,-0.0,12338.08,27469.01,True,True,0.0126,77406.55,0.0576,0.931,0.07933
2026-08-23T16:47:15Z,ZBCNUSDT,IMPULSE,BUY,0.0,0.08,0.08,4.23,0.0,82.03,1921.68,True,False,0.0,77406.55,0.0576,0.945,0.0018893
2026-08-23T16:47:17Z,RWAINCUSDT,COOLING,NONE,0.0,0.0,0.0,56.48,0.0,1381.84,1425.17,True,False,0.0,77406.55,0.0576,0.951,0.001955
2026-08-23T16:47:18Z,EDELUSDT,COOLING,NONE,0.0,0.0,0.0,24.07,-12.01,849.93,509.65,True,False,-0.0601,77406.55,0.0576,0.904,0.00832
2026-08-23T16:49:13Z,XRPUSDT,COOLING,NONE,0.0,0.0,0.0,1.99,0.0,74072.23,77307.53,True,False,0.0,77389.03,-0.0226,0.989,1.5052
2026-08-23T16:49:14Z,HBARUSDT,COOLING,NONE,0.0,0.0,0.0,1.26,0.0,14426.32,10221.64,True,False,0.0,77389.03,-0.0226,0.91,0.07923
2026-08-23T16:49:17Z,ZBCNUSDT,IMPULSE,NONE,0.0,0.0,0.0,2.12,0.0,67.46,1918.65,True,False,0.0,77389.03,-0.0226,1.082,0.0018874
2026-08-23T16:49:20Z,RWAINCUSDT,COOLING,NONE,0.0,0.0,0.0,56.48,0.0,1381.84,1425.17,True,False,0.0,77389.03,-0.0226,0.943,0.001955
2026-08-23T16:49:21Z,EDELUSDT,COOLING,NONE,0.0,0.0,0.0,36.08,0.0,849.93,509.65,True,False,0.0,77389.03,-0.0226,1.069,0.00831
2026-08-23T16:52:54Z,XRPUSDT,COOLING,BUY,0.0,37.42,37.42,1.99,0.0,73808.98,531548.16,True,False,-0.0133,77434.8,0.0591,0.921,1.5087
2026-08-23T16:52:56Z,HBARUSDT,COOLING,NONE,0.0,0.0,0.0,1.26,0.0,21652.03,15299.42,True,False,0.0,77434.8,0.0591,0.891,0.07926
2026-08-23T16:54:20Z,ZBCNUSDT,IMPULSE,SELL,0.25,0.0,0.25,26.43,-8.97,69.42,1923.4,True,False,-0.0396,77434.8,0.0591,40.995,0.0018904
2026-08-23T16:54:22Z,RWAINCUSDT,COOLING,NONE,0.0,0.0,0.0,56.48,0.0,1381.84,1425.17,True,False,0.0,77434.8,0.0591,0.944,0.001955
2026-08-23T16:54:26Z,EDELUSDT,COOLING,NONE,0.0,0.0,0.0,48.02,0.0,850.0,510.85,True,False,0.0,77434.8,0.0591,2.144,0.00831
2026-08-23T16:56:58Z,XRPUSDT,COOLING,NONE,0.0,0.0,0.0,1.33,0.0,125375.33,77117.87,True,False,0.0,77417.84,-0.0219,0.958,1.5051
2026-08-23T16:57:00Z,HBARUSDT,COOLING,NONE,0.0,0.0,0.0,1.26,0.0,20725.17,10868.74,True,False,0.0,77417.84,-0.0219,1.414,0.07916
2026-08-23T16:57:43Z,ZBCNUSDT,IMPULSE,NONE,0.0,0.0,0.0,17.96,0.0,85.35,1918.65,True,False,0.0,77417.84,-0.0219,0.926,0.0018928
2026-08-23T16:57:45Z,RWAINCUSDT,COOLING,NONE,0.0,0.0,0.0,56.48,0.0,1381.84,1425.17,True,False,0.0,77417.84,-0.0219,0.953,0.001955
2026-08-23T16:57:47Z,EDELUSDT,COOLING,NONE,0.0,0.0,0.0,24.01,0.0,782.56,510.85,True,False,0.0,77417.84,-0.0219,0.984,0.00831
2026-08-23T16:58:16Z,XRPUSDT,COOLING,NONE,0.0,0.0,0.0,1.33,-1.33,104313.08,66702.33,True,False,0.0066,77450.0,0.0415,0.971,1.5065
2026-08-23T16:58:17Z,HBARUSDT,COOLING,NONE,0.0,0.0,0.0,1.26,0.0,24862.12,10496.95,True,False,0.0,77450.0,0.0415,0.907,0.07922
2026-08-23T16:58:19Z,ZBCNUSDT,IMPULSE,BUY,0.0,3.3,3.3,12.68,0.0,57.8,1981.83,True,False,0.0,77450.0,0.0415,0.967,0.0018929
2026-08-23T16:58:21Z,RWAINCUSDT,COOLING,NONE,0.0,0.0,0.0,56.48,0.0,1381.84,1425.17,True,False,0.0,77450.0,0.0415,0.935,0.001955
2026-08-23T16:58:23Z,EDELUSDT,COOLING,NONE,0.0,0.0,0.0,35.95,0.0,782.55,536.54,True,False,0.0,77450.0,0.0415,0.908,0.00836
2026-08-23T17:00:36Z,XRPUSDT,COOLING,SELL,0.47,0.0,0.47,1.99,0.66,113239.6,71369.97,True,False,0.1957,77430.03,-0.0258,40.98,1.506
2026-08-23T17:00:37Z,HBARUSDT,COOLING,NONE,0.0,0.0,0.0,1.26,0.0,39180.77,11437.82,True,False,0.0,77430.03,-0.0258,0.934,0.07927
2026-08-23T17:00:40Z,ZBCNUSDT,IMPULSE,SELL,46.3,0.0,46.3,0.53,0.0,5987.79,600.49,True,False,0.0,77430.03,-0.0258,1.927,0.0018941
2026-08-23T17:00:42Z,RWAINCUSDT,COOLING,NONE,0.0,0.0,0.0,56.48,0.0,1381.84,1425.17,True,False,0.0,77430.03,-0.0258,0.915,0.001955
2026-08-23T17:00:44Z,EDELUSDT,COOLING,NONE,0.0,0.0,0.0,35.99,12.01,850.0,535.92,True,False,-0.06,77430.03,-0.0258,0.985,0.00834
2026-08-23T17:01:14Z,XRPUSDT,COOLING,NONE,0.0,0.0,0.0,2.64,0.66,138335.73,24260.8,True,False,0.0033,77435.75,0.0074,0.94,1.5143
2026-08-23T17:01:17Z,HBARUSDT,COOLING,BUY,0.0,68.93,68.93,1.26,0.0,12451.45,29719.93,True,False,0.0,77435.75,0.0074,0.942,0.07929
2026-08-23T17:01:19Z,ZBCNUSDT,IMPULSE,NONE,0.0,0.0,0.0,6.34,1.06,6446.09,600.49,True,False,-0.0053,77435.75,0.0074,0.891,0.0018941
2026-08-23T17:01:21Z,RWAINCUSDT,COOLING,NONE,0.0,0.0,0.0,56.48,0.0,1381.84,1425.17,True,False,0.0,77435.75,0.0074,0.949,0.001955
2026-08-23T17:01:23Z,EDELUSDT,COOLING,NONE,0.0,0.0,0.0,11.98,-11.97,850.02,510.85,True,False,-0.0599,77435.75,0.0074,0.963,0.00834
2026-08-23T17:01:54Z,XRPUSDT,COOLING,SELL,12.69,0.0,12.69,1.33,0.0,103188.47,80058.34,True,False,-0.0199,77384.72,-0.0659,1.887,1.5092
2026-08-23T17:01:57Z,HBARUSDT,COOLING,NONE,0.0,0.0,0.0,1.26,0.0,10681.7,10059.91,True,False,-0.0126,77384.72,-0.0659,1.414,0.07929
2026-08-23T17:01:59Z,ZBCNUSDT,IMPULSE,BUY,0.0,20.91,20.91,12.15,0.0,6505.46,70.26,True,False,0.0,77384.72,-0.0659,0.973,0.0018936
2026-08-23T17:02:00Z,RWAINCUSDT,COOLING,NONE,0.0,0.0,0.0,56.48,0.0,1381.84,1425.17,True,False,0.0,77384.72,-0.0659,0.914,0.001955
2026-08-23T17:02:02Z,EDELUSDT,COOLING,NONE,0.0,0.0,0.0,23.89,0.0,850.02,551.59,True,False,0.0,77384.72,-0.0659,0.951,0.00836
2026-08-23T17:04:14Z,XRPUSDT,COOLING,NONE,0.0,0.0,0.0,3.32,1.33,71993.94,69107.03,True,False,-0.0133,77200.39,-0.2382,0.902,1.5075
2026-08-23T17:04:56Z,HBARUSDT,COOLING,BUY,0.0,0.56,0.56,1.27,-1.26,12976.54,14743.91,True,False,-0.0696,77200.39,-0.2382,40.937,0.07891
2026-08-23T17:05:37Z,ZBCNUSDT,IMPULSE,BUY,0.0,2.35,2.35,37.62,-8.01,131.12,2056.61,True,False,0.1353,77200.39,-0.2382,40.908,0.0018862
2026-08-23T17:05:39Z,PYTHUSDT,IMPULSE,NONE,0.0,0.0,0.0,7.48,1.87,2850.17,3353.53,True,False,0.0655,77200.39,-0.2382,0.912,0.05342
2026-08-23T17:05:41Z,RWAINCUSDT,COOLING,NONE,0.0,0.0,0.0,56.48,0.0,1381.84,1425.17,True,False,0.0,77200.39,-0.2382,0.978,0.001955
2026-08-23T17:06:09Z,XRPUSDT,COOLING,NONE,0.0,0.0,0.0,2.65,-1.32,63411.77,96215.57,True,False,-0.0132,77315.0,0.1485,0.942,1.5125
2026-08-23T17:06:11Z,HBARUSDT,COOLING,NONE,0.0,0.0,0.0,2.53,0.0,9090.7,26836.56,True,False,0.0,77315.0,0.1485,0.94,0.07918
2026-08-23T17:06:12Z,ZBCNUSDT,IMPULSE,NONE,0.0,0.0,0.0,21.17,-5.3,103.56,2055.2,True,False,0.0265,77315.0,0.1485,0.924,0.0018884
2026-08-23T17:06:14Z,PYTHUSDT,IMPULSE,NONE,0.0,0.0,0.0,7.47,0.0,3541.7,2425.47,True,False,0.0,77315.0,0.1485,1.005,0.0535
2026-08-23T17:06:16Z,RWAINCUSDT,COOLING,NONE,0.0,0.0,0.0,56.48,0.0,1381.84,1425.17,True,False,0.0,77315.0,0.1485,0.916,0.001955
2026-08-23T17:08:04Z,XRPUSDT,COOLING,BUY,22.8,34.38,34.38,2.65,-0.66,102285.08,112439.59,True,False,0.0099,77281.82,-0.0429,0.963,1.5111
2026-08-23T17:08:06Z,HBARUSDT,COOLING,NONE,0.0,0.0,0.0,1.26,0.0,9767.12,14654.03,True,False,0.0,77281.82,-0.0429,1.013,0.07929
2026-08-23T17:08:08Z,ZBCNUSDT,IMPULSE,NONE,0.0,0.0,0.0,24.38,0.0,115.57,2053.04,True,False,0.0,77281.82,-0.0429,1.082,0.0018886
2026-08-23T17:08:10Z,PYTHUSDT,IMPULSE,NONE,0.0,0.0,0.0,11.2,0.0,7872.89,3070.97,True,False,0.0,77281.82,-0.0429,0.968,0.0536
2026-08-23T17:08:13Z,RWAINCUSDT,COOLING,NONE,0.0,0.0,0.0,56.48,0.0,1381.84,1425.17,True,False,0.0,77281.82,-0.0429,1.158,0.001955
2026-08-23T17:09:43Z,XRPUSDT,COOLING,NONE,0.0,0.0,0.0,1.32,-0.66,95024.62,116171.71,True,False,-0.0033,77329.99,0.0623,0.962,1.5156
2026-08-23T17:09:45Z,HBARUSDT,COOLING,BUY,0.0,68.51,68.51,1.26,-1.26,10032.35,31487.34,True,False,-0.0063,77329.99,0.0623,0.955,0.07933
2026-08-23T17:09:47Z,ZBCNUSDT,IMPULSE,SELL,34.77,0.0,34.77,18.0,-0.53,100.56,2052.83,True,False,0.0026,77329.99,0.0623,0.935,0.0018896
2026-08-23T17:09:50Z,RWAINCUSDT,COOLING,NONE,0.0,0.0,0.0,56.48,0.0,1381.84,1425.17,True,False,0.0,77329.99,0.0623,1.106,0.001955
2026-08-23T17:09:51Z,EDELUSDT,COOLING,NONE,0.0,0.0,0.0,138.89,0.0,780.58,780.26,True,False,0.0,77329.99,0.0623,0.954,0.00857
2026-08-23T17:10:24Z,XRPUSDT,COOLING,BUY,14.4,14.73,14.73,1.32,0.0,86534.49,111773.36,True,False,-0.0396,77312.43,-0.0227,1.96,1.5135
2026-08-23T17:10:27Z,HBARUSDT,COOLING,SELL,60.84,0.0,60.84,1.26,0.0,25311.03,11966.52,True,False,0.0,77312.43,-0.0227,0.917,0.07939
2026-08-23T17:11:09Z,ZBCNUSDT,IMPULSE,NONE,0.0,0.0,0.0,17.45,0.0,103.62,201.61,True,False,0.0,77312.43,-0.0227,0.91,0.0018894
2026-08-23T17:11:11Z,RWAINCUSDT,COOLING,NONE,0.0,0.0,0.0,56.48,0.0,1381.84,1425.17,True,False,0.0,77312.43,-0.0227,0.883,0.001955
2026-08-23T17:11:14Z,EDELUSDT,COOLING,NONE,0.0,0.0,0.0,92.27,-23.2,780.56,780.26,True,False,0.1155,77312.43,-0.0227,2.101,0.00871
2026-08-23T17:13:02Z,XRPUSDT,COOLING,BUY,1.2,27.32,27.32,1.32,-0.66,90156.51,129975.99,True,False,-0.0033,77280.01,-0.0419,0.902,1.5141
2026-08-23T17:13:04Z,HBARUSDT,COOLING,SELL,67.63,0.0,67.63,1.26,0.0,31160.26,9684.43,True,False,0.0,77280.01,-0.0419,0.916,0.07928
2026-08-23T17:13:06Z,ZBCNUSDT,IMPULSE,BUY,0.0,49.89,49.89,13.22,-3.7,61.5,207.08,True,True,-0.0026,77280.01,-0.0419,0.878,0.0018915
2026-08-23T17:13:07Z,RWAINCUSDT,COOLING,NONE,0.0,0.0,0.0,56.48,0.0,1381.84,1425.17,True,False,0.0,77280.01,-0.0419,0.905,0.001955
2026-08-23T17:13:09Z,EDELUSDT,COOLING,NONE,0.0,0.0,0.0,92.59,11.62,1263.16,780.26,True,False,-0.0578,77280.01,-0.0419,0.95,0.00859
2026-08-23T17:18:02Z,XRPUSDT,COOLING,NONE,0.0,0.0,0.0,2.64,0.66,70393.85,51893.46,True,False,-0.0297,77310.0,0.0388,0.941,1.5158
2026-08-23T17:18:03Z,HBARUSDT,COOLING,SELL,30.52,11.78,30.52,1.27,0.0,34030.84,10955.48,True,True,0.0,77310.0,0.0388,0.889,0.07901
2026-08-23T17:18:06Z,ZBCNUSDT,IMPULSE,NONE,0.0,0.0,0.0,16.96,0.0,130.03,2052.5,True,False,0.0,77310.0,0.0388,1.931,0.0018872
2026-08-23T17:18:08Z,RWAINCUSDT,COOLING,NONE,0.0,0.0,0.0,56.48,0.0,1381.84,1425.17,True,False,0.0,77310.0,0.0388,0.963,0.001955
2026-08-23T17:18:10Z,EDELUSDT,COOLING,NONE,0.0,0.0,0.0,34.9,0.0,1262.37,257.64,True,False,0.0,77310.0,0.0388,0.947,0.00858
2026-08-23T17:18:41Z,XRPUSDT,COOLING,NONE,0.0,0.0,0.0,1.98,-0.0,80247.24,124036.85,True,False,0.0066,77300.72,-0.012,1.168,1.5173
2026-08-23T17:18:43Z,HBARUSDT,COOLING,NONE,0.0,0.0,0.0,1.27,0.0,20346.56,10125.2,True,False,0.0,77300.72,-0.012,0.91,0.07903
2026-08-23T17:18:45Z,ZBCNUSDT,IMPULSE,SELL,40.31,0.0,40.31,15.9,0.0,126.62,2056.61,True,True,0.0,77300.72,-0.012,0.982,0.0018873
2026-08-23T17:18:48Z,RWAINCUSDT,COOLING,NONE,0.0,0.0,0.0,56.48,0.0,1381.84,1425.17,True,False,0.0,77300.72,-0.012,0.945,0.001955
2026-08-23T17:18:51Z,EDELUSDT,COOLING,NONE,0.0,0.0,0.0,23.26,0.0,1167.13,257.64,True,False,0.0,77300.72,-0.012,1.139,0.00869
2026-08-23T17:19:24Z,XRPUSDT,COOLING,BUY,19.9,47.61,47.61,1.32,0.0,120084.3,81121.7,True,False,0.0,77359.54,0.0761,0.927,1.5192
2026-08-23T17:19:25Z,HBARUSDT,COOLING,SELL,5.86,0.0,5.86,5.07,1.27,11169.08,10402.78,True,False,-0.0063,77359.54,0.0761,0.985,0.07895
2026-08-23T17:19:28Z,ZBCNUSDT,IMPULSE,NONE,0.0,0.0,0.0,15.9,0.0,114.76,2052.39,True,False,0.0,77359.54,0.0761,0.922,0.0018875
2026-08-23T17:19:30Z,RWAINCUSDT,COOLING,NONE,0.0,0.0,0.0,56.48,0.0,1381.84,1425.17,True,False,0.0,77359.54,0.0761,0.998,0.001955
2026-08-23T17:19:32Z,EDELUSDT,COOLING,BUY,0.0,6.95,6.95,23.28,-11.66,1166.94,257.64,True,False,0.0582,77359.54,0.0761,0.964,0.00857
2026-08-23T17:22:27Z,XRPUSDT,COOLING,SELL,50.63,42.48,50.63,1.97,-0.0,102910.41,131032.22,True,False,0.0329,77339.67,-0.0257,0.906,1.5199
2026-08-23T17:22:29Z,HBARUSDT,COOLING,NONE,0.0,0.0,0.0,1.27,0.0,10124.53,13727.27,True,False,-0.0127,77339.67,-0.0257,1.038,0.07863
2026-08-23T17:22:31Z,ZBCNUSDT,IMPULSE,NONE,0.0,0.0,0.0,19.57,0.0,105.56,2055.75,True,False,0.0,77339.67,-0.0257,1.138,0.0018913
2026-08-23T17:22:33Z,RWAINCUSDT,COOLING,NONE,0.0,0.0,0.0,88.11,0.0,1381.84,1425.17,True,False,0.0,77339.67,-0.0257,1.067,0.001919
2026-08-23T17:22:35Z,EDELUSDT,COOLING,NONE,0.0,0.0,0.0,58.24,0.0,1226.59,840.05,True,False,0.0,77339.67,-0.0257,1.143,0.00855
2026-08-23T17:24:29Z,XRPUSDT,COOLING,SELL,9.69,5.85,9.69,1.98,-0.66,90454.82,123800.69,True,False,-0.0165,77321.86,-0.023,2.092,1.5184
2026-08-23T17:24:33Z,HBARUSDT,COOLING,SELL,1.81,0.0,1.81,1.27,0.0,10793.73,9493.14,True,False,-0.0255,77321.86,-0.023,2.557,0.07861
2026-08-23T17:24:36Z,ZBCNUSDT,IMPULSE,NONE,0.0,0.0,0.0,10.03,0.0,57.61,2053.48,True,False,0.0,77321.86,-0.023,1.065,0.001894
2026-08-23T17:24:38Z,RWAINCUSDT,COOLING,NONE,0.0,0.0,0.0,88.11,0.0,1381.84,1425.17,True,False,0.0,77321.86,-0.023,1.026,0.001919
2026-08-23T17:24:41Z,EDELUSDT,COOLING,NONE,0.0,0.0,0.0,81.44,0.0,1262.29,780.26,True,False,0.0,77321.86,-0.023,0.977,0.00856
2026-08-23T17:26:30Z,XRPUSDT,COOLING,BUY,0.0,29.58,29.58,1.32,0.66,128027.26,95155.19,True,False,0.0033,77292.4,-0.0381,0.923,1.5158
2026-08-23T17:26:32Z,HBARUSDT,COOLING,NONE,0.0,0.0,0.0,1.27,0.0,10684.41,26344.44,True,False,0.0,77292.4,-0.0381,0.888,0.07855
2026-08-23T17:26:34Z,ZBCNUSDT,IMPULSE,NONE,0.0,0.0,0.0,14.79,0.0,91.3,2054.99,True,False,0.0,77292.4,-0.0381,1.029,0.0018933
2026-08-23T17:26:37Z,RWAINCUSDT,COOLING,NONE,0.0,0.0,0.0,88.11,0.0,1381.84,1425.17,True,False,0.0,77292.4,-0.0381,1.055,0.001919
2026-08-23T17:26:40Z,EDELUSDT,COOLING,NONE,0.0,0.0,0.0,58.24,34.99,672.45,257.64,True,False,-0.1744,77292.4,-0.0381,2.103,0.00858
2026-08-23T17:32:59Z,XRPUSDT,COOLING,BUY,9.38,26.74,26.74,1.99,-0.0,89061.18,127029.4,True,False,0.0133,77229.99,-0.0807,0.938,1.5061
2026-08-23T17:33:01Z,HBARUSDT,COOLING,SELL,66.66,37.86,66.66,1.27,0.0,28842.24,11931.81,True,False,-0.0127,77229.99,-0.0807,0.974,0.07864
2026-08-23T17:33:04Z,ZBCNUSDT,IMPULSE,SELL,5.73,0.0,5.73,4.24,-4.24,86.27,2047.53,True,False,0.0212,77229.99,-0.0807,1.958,0.0018806
2026-08-23T17:33:07Z,PYTHUSDT,IMPULSE,SELL,20.02,8.83,20.02,1.88,-1.88,4009.96,3877.46,True,False,0.0094,77229.99,-0.0807,1.294,0.05327
2026-08-23T17:33:09Z,RWAINCUSDT,COOLING,NONE,0.0,0.0,0.0,88.11,0.0,1381.84,1425.17,True,False,0.0,77229.99,-0.0807,1.933,0.001919
2026-08-23T17:33:41Z,XRPUSDT,COOLING,NONE,0.0,0.0,0.0,0.66,-2.65,50656.31,134866.19,True,False,-0.0265,77247.08,0.0221,0.971,1.5082
2026-08-23T17:33:42Z,HBARUSDT,COOLING,SELL,0.0,0.0,0.0,1.27,0.0,26031.36,27973.59,True,False,0.0,77247.08,0.0221,0.936,0.07864
2026-08-23T17:33:45Z,ZBCNUSDT,IMPULSE,NONE,0.0,0.0,0.0,7.95,0.0,108.5,2050.12,True,False,0.0,77247.08,0.0221,1.884,0.0018876
2026-08-23T17:33:47Z,PYTHUSDT,IMPULSE,NONE,0.0,0.0,0.0,1.88,-1.88,8278.51,3642.6,True,False,-0.0094,77247.08,0.0221,0.928,0.05325
2026-08-23T17:33:49Z,RWAINCUSDT,COOLING,NONE,0.0,0.0,0.0,88.11,0.0,1381.84,1425.17,True,False,0.0,77247.08,0.0221,0.961,0.001919
2026-08-23T17:35:48Z,XRPUSDT,COOLING,NONE,0.0,0.0,0.0,2.65,0.0,76461.38,128826.35,True,False,0.0,77267.7,0.0267,0.992,1.51
2026-08-23T17:35:52Z,HBARUSDT,COOLING,SELL,52.02,0.0,52.02,1.27,-1.27,26527.46,12274.39,True,True,-0.0318,77267.7,0.0267,1.084,0.07871
2026-08-23T17:35:55Z,ZBCNUSDT,IMPULSE,BUY,0.0,72.23,72.23,9.52,0.0,77.95,2048.18,True,True,0.0,77267.7,0.0267,1.004,0.0018919
2026-08-23T17:35:57Z,PYTHUSDT,IMPULSE,NONE,0.0,0.0,0.0,1.88,0.0,7558.34,2624.02,True,False,0.0,77267.7,0.0267,0.991,0.05322
2026-08-23T17:35:58Z,RWAINCUSDT,COOLING,NONE,0.0,0.0,0.0,88.11,0.0,1381.84,1425.17,True,False,0.0,77267.7,0.0267,0.929,0.001919
2026-08-23T17:40:17Z,XRPUSDT,COOLING,BUY,3.26,19.21,19.21,1.32,0.0,93183.36,111396.2,True,False,0.0,77294.14,0.0342,0.998,1.5114
2026-08-23T17:40:19Z,HBARUSDT,COOLING,NONE,0.0,0.0,0.0,1.27,0.0,10850.88,26108.13,True,False,0.0,77294.14,0.0342,0.967,0.07875
2026-08-23T17:40:20Z,ZBCNUSDT,IMPULSE,SELL,2.35,0.0,2.35,3.71,0.0,91.0,278.41,True,False,0.0,77294.14,0.0342,0.915,0.0018879
2026-08-23T17:40:23Z,PYTHUSDT,IMPULSE,NONE,0.0,0.0,0.0,3.78,-1.89,8722.34,2960.55,True,False,-0.0284,77294.14,0.0342,0.903,0.0529
2026-08-23T17:40:26Z,RWAINCUSDT,COOLING,NONE,0.0,0.0,0.0,51.95,-10.36,1387.47,1425.17,True,False,-0.0519,77294.14,0.0342,1.936,0.001919
2026-08-23T17:41:35Z,XRPUSDT,COOLING,NONE,0.0,0.0,0.0,0.66,0.0,70351.17,62339.93,True,False,0.0,77253.75,-0.0523,1.125,1.5102
2026-08-23T17:41:37Z,HBARUSDT,COOLING,NONE,0.0,0.0,0.0,1.27,0.0,10380.98,13445.93,True,False,0.0,77253.75,-0.0523,0.941,0.07878
2026-08-23T17:41:41Z,ZBCNUSDT,IMPULSE,NONE,0.0,0.0,0.0,0.53,0.0,91.05,295.95,True,False,0.0,77253.75,-0.0523,1.687,0.0018869
2026-08-23T17:41:45Z,PYTHUSDT,IMPULSE,BUY,0.0,0.49,0.49,1.89,-0.0,6797.29,2515.79,True,False,0.0189,77253.75,-0.0523,0.934,0.0528
2026-08-23T17:41:48Z,RWAINCUSDT,COOLING,NONE,0.0,0.0,0.0,57.25,5.19,1382.2,1425.17,True,False,0.026,77253.75,-0.0523,0.974,0.001919
2026-08-23T17:42:19Z,XRPUSDT,COOLING,SELL,13.91,6.46,13.91,1.32,0.0,136267.63,98553.19,True,False,-0.0066,77220.0,-0.0437,0.888,1.5106
2026-08-23T17:43:03Z,HBARUSDT,COOLING,NONE,0.0,0.0,0.0,1.27,-1.27,10310.72,9750.0,True,False,-0.019,77220.0,-0.0437,2.434,0.07879
2026-08-23T17:43:06Z,ZBCNUSDT,IMPULSE,BUY,0.0,0.77,0.77,3.18,0.0,95.5,2063.09,True,False,0.0,77220.0,-0.0437,0.908,0.0018868
2026-08-23T17:43:48Z,PYTHUSDT,IMPULSE,BUY,0.37,0.52,0.52,1.89,-1.89,7632.23,2844.47,True,False,0.0095,77220.0,-0.0437,41.115,0.05281
2026-08-23T17:44:30Z,RWAINCUSDT,COOLING,NONE,0.0,0.0,0.0,83.16,0.0,1395.06,1431.94,True,False,0.0,77220.0,-0.0437,0.937,0.001919
2026-08-23T17:46:44Z,XRPUSDT,COOLING,BUY,0.0,27.63,27.63,1.32,-0.66,56106.98,119603.26,True,False,-0.0231,77305.5,0.1107,1.13,1.5149
2026-08-23T17:47:26Z,HBARUSDT,COOLING,SELL,1.58,0.0,1.58,1.27,-3.8,28814.03,10797.68,True,False,-0.0063,77305.5,0.1107,40.987,0.07891
2026-08-23T17:47:29Z,ZBCNUSDT,IMPULSE,BUY,0.0,0.01,0.01,33.86,1.06,71.67,1862.8,True,False,-0.0053,77305.5,0.1107,0.946,0.0018909
2026-08-23T17:47:33Z,PYTHUSDT,IMPULSE,NONE,0.0,0.0,0.0,1.89,0.0,8099.31,3392.34,True,False,0.0,77305.5,0.1107,1.989,0.05279
2026-08-23T17:47:36Z,RWAINCUSDT,COOLING,NONE,0.0,0.0,0.0,52.06,0.0,1383.14,1425.17,True,False,0.0,77305.5,0.1107,1.943,0.001919
2026-08-23T17:48:46Z,XRPUSDT,COOLING,NONE,0.0,0.0,0.0,1.99,0.0,111239.69,129842.38,True,False,0.0,77245.49,-0.0776,0.921,1.5084
2026-08-23T17:48:49Z,HBARUSDT,COOLING,NONE,0.0,0.0,0.0,1.27,0.0,24340.39,15194.63,True,False,0.0,77245.49,-0.0776,0.928,0.07871
2026-08-23T17:48:51Z,ZBCNUSDT,IMPULSE,SELL,13.86,0.0,13.86,52.94,1.06,95.26,1860.55,True,False,-0.0053,77245.49,-0.0776,0.943,0.0018887
2026-08-23T17:48:54Z,PYTHUSDT,IMPULSE,BUY,0.0,24.39,24.39,1.9,0.0,7189.47,3678.74,True,True,-0.019,77245.49,-0.0776,1.996,0.05276
2026-08-23T17:48:56Z,RWAINCUSDT,COOLING,NONE,0.0,0.0,0.0,46.86,-10.38,1381.83,1425.17,True,False,-0.052,77245.49,-0.0776,1.041,0.001919
2026-08-23T17:50:51Z,XRPUSDT,COOLING,BUY,0.0,8.61,8.61,1.33,0.66,116052.68,127432.33,True,False,-0.0299,77246.12,0.0008,4.575,1.505
2026-08-23T17:50:53Z,HBARUSDT,COOLING,BUY,0.0,22.26,22.26,3.82,-3.82,26820.93,12201.98,True,False,-0.0191,77246.12,0.0008,0.886,0.07868
2026-08-23T17:50:55Z,ZBCNUSDT,IMPULSE,NONE,0.0,0.0,0.0,25.95,0.0,91.08,52.71,True,False,0.0,77246.12,0.0008,0.893,0.0018901
2026-08-23T17:50:57Z,PYTHUSDT,IMPULSE,NONE,0.0,0.0,0.0,1.9,0.0,6041.49,2627.14,True,False,0.0,77246.12,0.0008,0.957,0.05276
2026-08-23T17:51:00Z,RWAINCUSDT,COOLING,NONE,0.0,0.0,0.0,41.67,0.0,1392.35,1429.28,True,False,0.0,77246.12,0.0008,2.028,0.001919
2026-08-23T17:54:34Z,XRPUSDT,COOLING,SELL,0.02,0.0,0.02,1.33,-1.32,118050.01,68083.96,True,False,-0.1922,77285.71,0.0513,41.924,1.5087
2026-08-23T17:54:36Z,HBARUSDT,COOLING,NONE,0.0,0.0,0.0,6.37,-1.27,23949.02,9818.21,True,False,0.0064,77285.71,0.0513,0.989,0.07865
2026-08-23T17:54:38Z,ZBCNUSDT,IMPULSE,NONE,0.0,0.0,0.0,14.3,0.0,71.72,1861.24,True,False,0.0,77285.71,0.0513,1.222,0.0018891
2026-08-23T17:54:41Z,PYTHUSDT,IMPULSE,BUY,0.0,0.58,0.58,1.9,0.0,6323.88,3777.35,True,False,0.0,77285.71,0.0513,2.024,0.05268
2026-08-23T17:54:42Z,RWAINCUSDT,COOLING,NONE,0.0,0.0,0.0,52.06,0.0,1418.04,1429.68,True,False,0.0,77285.71,0.0513,0.998,0.001919
2026-08-23T17:55:55Z,XRPUSDT,COOLING,NONE,0.0,0.0,0.0,1.99,0.0,100114.0,93162.7,True,False,0.0,77245.49,-0.052,1.047,1.5059
2026-08-23T17:55:57Z,HBARUSDT,COOLING,NONE,0.0,0.0,0.0,1.27,0.0,32270.21,12774.87,True,False,0.0,77245.49,-0.052,1.065,0.07864
2026-08-23T17:55:59Z,ZBCNUSDT,IMPULSE,NONE,0.0,0.0,0.0,13.24,0.0,82.91,1860.45,True,False,0.0,77245.49,-0.052,1.126,0.0018886
2026-08-23T17:56:01Z,PYTHUSDT,IMPULSE,NONE,0.0,0.0,0.0,3.8,0.0,5977.87,2446.15,True,False,0.0,77245.49,-0.052,1.166,0.05262
2026-08-23T17:57:24Z,RWAINCUSDT,COOLING,NONE,0.0,0.0,0.0,62.43,0.0,1422.12,1425.17,True,False,0.0,77245.49,-0.052,1.972,0.001919
2026-08-23T17:57:54Z,XRPUSDT,COOLING,NONE,0.0,0.0,0.0,1.99,0.0,75594.46,126794.86,True,False,0.0,77223.54,-0.0284,0.96,1.5073
2026-08-23T17:57:56Z,HBARUSDT,COOLING,BUY,0.0,0.11,0.11,1.27,0.0,10389.42,25901.67,True,False,0.0,77223.54,-0.0284,1.0,0.07861
2026-08-23T17:57:58Z,ZBCNUSDT,IMPULSE,NONE,0.0,0.0,0.0,13.29,0.0,102.96,189.4,True,False,0.0,77223.54,-0.0284,1.017,0.0018819
2026-08-23T17:57:59Z,PYTHUSDT,IMPULSE,SELL,25.33,0.0,25.33,1.9,0.0,8370.24,4169.79,True,False,-0.0759,77223.54,-0.0284,0.891,0.05269
2026-08-23T17:58:02Z,RWAINCUSDT,COOLING,NONE,0.0,0.0,0.0,57.25,-5.19,1422.12,1425.17,True,False,-0.026,77223.54,-0.0284,2.014,0.001919
2026-08-23T18:00:11Z,XRPUSDT,COOLING,NONE,0.0,0.0,0.0,1.33,-0.0,69744.85,90968.15,True,False,0.0066,77195.36,-0.0365,0.9,1.506
2026-08-23T18:00:13Z,HBARUSDT,COOLING,SELL,5.55,0.01,5.55,1.27,0.0,27127.59,12591.83,True,False,0.0,77195.36,-0.0365,0.996,0.07861
2026-08-23T18:00:14Z,ZBCNUSDT,IMPULSE,NONE,0.0,0.0,0.0,18.58,0.01,86.27,1858.01,True,False,-0.0425,77195.36,-0.0365,0.976,0.0018858
2026-08-23T18:00:17Z,PYTHUSDT,IMPULSE,NONE,0.0,0.0,0.0,1.9,-0.0,8129.92,2139.65,True,False,0.019,77195.36,-0.0365,1.057,0.05268
2026-08-23T18:00:19Z,RWAINCUSDT,COOLING,NONE,0.0,0.0,0.0,62.43,0.0,1389.7,1426.48,True,False,0.0,77195.36,-0.0365,0.962,0.001919
2026-08-23T18:01:28Z,XRPUSDT,COOLING,SELL,12.51,12.08,12.51,0.67,0.0,107906.96,96980.85,True,False,-0.0133,77183.39,-0.0155,0.957,1.5049
2026-08-23T18:01:30Z,HBARUSDT,COOLING,NONE,0.0,0.0,0.0,1.27,0.0,12507.55,9805.95,True,False,0.0,77183.39,-0.0155,0.985,0.0786
2026-08-23T18:01:32Z,ZBCNUSDT,IMPULSE,NONE,0.0,0.0,0.0,16.98,-5.3,86.27,1860.75,True,False,-0.0265,77183.39,-0.0155,0.937,0.0018849
2026-08-23T18:01:34Z,PYTHUSDT,IMPULSE,SELL,14.87,0.0,14.87,1.9,-0.0,8557.15,3341.5,True,False,0.038,77183.39,-0.0155,0.9,0.05261
2026-08-23T18:01:37Z,RWAINCUSDT,COOLING,NONE,0.0,0.0,0.0,57.25,0.0,1389.7,1426.48,True,False,0.0,77183.39,-0.0155,0.976,0.001919
2026-08-23T18:02:51Z,XRPUSDT,COOLING,NONE,0.0,0.0,0.0,1.99,-0.0,74816.42,111806.8,True,False,0.0133,77198.82,0.02,1.05,1.5051
2026-08-23T18:02:53Z,HBARUSDT,COOLING,SELL,66.47,0.0,66.47,1.27,0.0,28599.52,13648.94,True,False,0.0,77198.82,0.02,1.003,0.07864
2026-08-23T18:02:55Z,ZBCNUSDT,IMPULSE,NONE,0.0,0.0,0.0,15.4,0.53,95.75,181.55,True,False,-0.0027,77198.82,0.02,0.992,0.0018845
2026-08-23T18:02:57Z,PYTHUSDT,IMPULSE,SELL,68.56,0.0,68.56,3.8,-0.0,9390.55,8759.61,True,True,0.019,77198.82,0.02,0.987,0.05262
2026-08-23T18:02:59Z,RWAINCUSDT,COOLING,NONE,0.0,0.0,0.0,93.51,0.0,1368.08,1425.17,True,False,0.0,77198.82,0.02,1.008,0.001919
2026-08-23T18:04:34Z,XRPUSDT,COOLING,NONE,0.0,0.0,0.0,0.66,0.0,106625.78,106016.81,True,False,0.0,77202.84,0.0052,0.922,1.508
2026-08-23T18:04:35Z,HBARUSDT,COOLING,NONE,0.0,0.0,0.0,1.27,0.0,11469.11,10593.17,True,False,0.0,77202.84,0.0052,0.881,0.07872
2026-08-23T18:04:37Z,PYTHUSDT,IMPULSE,BUY,15.91,21.79,21.79,5.69,0.0,6599.74,3606.04,True,False,0.0,77202.84,0.0052,0.896,0.05268
2026-08-23T18:04:39Z,RWAINCUSDT,COOLING,NONE,0.0,0.0,0.0,88.33,0.0,1376.01,1425.17,True,False,0.0,77202.84,0.0052,0.986,0.001919
2026-08-23T18:04:41Z,EDELUSDT,COOLING,NONE,0.0,0.0,0.0,34.86,0.0,732.53,812.58,True,False,0.0,77202.84,0.0052,0.926,0.00858
2026-08-23T18:06:31Z,XRPUSDT,COOLING,NONE,0.0,0.0,0.0,1.32,-0.66,101886.48,87992.83,True,False,0.0033,77185.38,-0.0226,0.906,1.5093
2026-08-23T18:06:34Z,HBARUSDT,COOLING,NONE,0.0,0.0,0.0,1.27,0.0,10565.16,25058.42,True,False,0.0,77185.38,-0.0226,0.909,0.07874
2026-08-23T18:06:37Z,PYTHUSDT,IMPULSE,SELL,5.37,0.0,5.37,3.8,1.9,7405.68,4673.3,True,False,-0.0095,77185.38,-0.0226,0.956,0.05265
2026-08-23T18:06:39Z,RWAINCUSDT,COOLING,SELL,66.99,0.0,66.99,88.33,0.0,690.84,1425.17,True,False,0.0,77185.38,-0.0226,1.062,0.001919
2026-08-23T18:06:42Z,EDELUSDT,COOLING,NONE,0.0,0.0,0.0,128.13,-11.73,825.86,780.26,True,False,0.0583,77185.38,-0.0226,0.882,0.00852
2026-08-23T18:07:51Z,XRPUSDT,COOLING,NONE,0.0,0.0,0.0,1.99,0.0,108878.17,56753.84,True,False,-0.0066,77135.38,-0.0648,0.941,1.5068
2026-08-23T18:08:32Z,HBARUSDT,COOLING,NONE,0.0,0.0,0.0,1.27,0.0,10386.19,25464.51,True,False,0.0,77135.38,-0.0648,1.008,0.07869
2026-08-23T18:08:34Z,PYTHUSDT,IMPULSE,BUY,0.0,48.3,48.3,1.9,0.0,2959.39,8160.87,True,False,-0.019,77135.38,-0.0648,0.993,0.05264
2026-08-23T18:08:36Z,RWAINCUSDT,COOLING,NONE,0.0,0.0,0.0,83.16,-10.35,1387.71,1425.17,True,False,-0.0519,77135.38,-0.0648,1.022,0.001919
2026-08-23T18:08:39Z,EDELUSDT,COOLING,NONE,0.0,0.0,0.0,117.23,0.0,825.8,257.64,True,False,0.0,77135.38,-0.0648,1.465,0.00848
2026-08-23T18:10:15Z,XRPUSDT,COOLING,NONE,0.0,0.0,0.0,1.32,-0.66,90576.98,121239.11,True,False,-0.0033,77246.02,0.1434,0.968,1.5108
2026-08-23T18:10:19Z,HBARUSDT,COOLING,NONE,0.0,0.0,0.0,1.27,0.0,28641.67,24529.36,True,False,0.0,77246.02,0.1434,2.055,0.07872
2026-08-23T18:11:00Z,PYTHUSDT,IMPULSE,NONE,0.0,0.0,0.0,3.8,0.0,6703.63,3455.61,True,False,0.0,77246.02,0.1434,0.941,0.05263
2026-08-23T18:11:03Z,RWAINCUSDT,COOLING,SELL,90.7,0.0,90.7,88.33,5.17,1379.01,1425.17,True,True,0.026,77246.02,0.1434,0.944,0.001919
2026-08-23T18:11:06Z,EDELUSDT,COOLING,NONE,0.0,0.0,0.0,35.15,0.0,672.9,257.64,True,False,0.0,77246.02,0.1434,0.915,0.00851
2026-08-23T18:12:15Z,XRPUSDT,COOLING,SELL,27.02,0.0,27.02,1.98,0.0,91239.31,64003.99,True,True,-0.0066,77307.09,0.0791,0.981,1.5144
2026-08-23T18:12:18Z,HBARUSDT,COOLING,NONE,0.0,0.0,0.0,1.27,-0.0,10536.09,12540.38,True,False,0.0761,77307.09,0.0791,1.903,0.07879
2026-08-23T18:12:20Z,PYTHUSDT,IMPULSE,SELL,44.66,24.65,44.66,3.79,1.9,7037.75,5356.7,True,True,-0.0095,77307.09,0.0791,1.261,0.05269
2026-08-23T18:13:02Z,RWAINCUSDT,COOLING,SELL,2.09,0.0,2.09,83.16,5.18,1379.92,1425.17,True,False,0.026,77307.09,0.0791,40.982,0.001919
2026-08-23T18:13:04Z,EDELUSDT,COOLING,NONE,0.0,0.0,0.0,70.34,35.11,1069.01,240.38,True,False,0.1762,77307.09,0.0791,0.938,0.00849
2026-08-23T18:13:36Z,XRPUSDT,COOLING,BUY,0.0,18.75,18.75,1.98,0.0,58190.39,80836.81,True,False,-0.0066,77384.42,0.1,1.914,1.5151
2026-08-23T18:13:38Z,HBARUSDT,COOLING,NONE,0.0,0.0,0.0,1.27,0.0,31671.07,10944.91,True,False,0.0,77384.42,0.1,0.923,0.07885
2026-08-23T18:13:41Z,PYTHUSDT,IMPULSE,NONE,0.0,0.0,0.0,1.9,0.0,8523.34,4439.71,True,False,0.0,77384.42,0.1,0.898,0.05273
2026-08-23T18:13:42Z,RWAINCUSDT,COOLING,NONE,0.0,0.0,0.0,93.51,25.89,1384.55,1425.17,True,False,0.13,77384.42,0.1,0.887,0.001919
2026-08-23T18:13:46Z,EDELUSDT,COOLING,NONE,0.0,0.0,0.0,58.72,0.0,1324.89,240.38,True,False,0.0,77384.42,0.1,0.948,0.00849
2026-08-23T18:16:46Z,XRPUSDT,COOLING,SELL,33.04,0.0,33.04,1.32,-0.66,121103.19,71102.26,True,False,-0.0033,77350.01,-0.0445,0.99,1.5124
2026-08-23T18:16:47Z,HBARUSDT,COOLING,NONE,0.0,0.0,0.0,3.81,2.54,12476.65,10192.23,True,False,0.0127,77350.01,-0.0445,1.064,0.0789
2026-08-23T18:16:49Z,PYTHUSDT,IMPULSE,NONE,0.0,0.0,0.0,1.9,0.0,2883.73,7029.1,True,False,0.0,77350.01,-0.0445,1.064,0.05269
2026-08-23T18:16:51Z,RWAINCUSDT,COOLING,NONE,0.0,0.0,0.0,77.98,0.0,1387.63,1425.17,True,False,0.0,77350.01,-0.0445,1.0,0.001919
2026-08-23T18:16:53Z,EDELUSDT,COOLING,NONE,0.0,0.0,0.0,93.46,-11.62,1068.97,780.26,True,False,-0.0584,77350.01,-0.0445,0.97,0.00852
2026-08-23T18:18:04Z,XRPUSDT,COOLING,NONE,0.0,0.0,0.0,2.65,-0.66,116876.83,60946.53,True,False,0.0033,77389.96,0.0516,1.001,1.5113
2026-08-23T18:18:06Z,HBARUSDT,COOLING,NONE,0.0,0.0,0.0,1.27,0.0,11171.14,13965.9,True,False,0.0,77389.96,0.0516,0.936,0.07886
2026-08-23T18:18:08Z,PYTHUSDT,IMPULSE,NONE,0.0,0.0,0.0,1.9,0.0,6687.07,4464.56,True,False,0.0,77389.96,0.0516,0.99,0.05273
2026-08-23T18:18:10Z,RWAINCUSDT,COOLING,NONE,0.0,0.0,0.0,77.98,0.0,1393.49,1430.3,True,False,0.0,77389.96,0.0516,1.005,0.001919
2026-08-23T18:18:12Z,EDELUSDT,COOLING,BUY,0.0,67.05,67.05,46.78,0.0,1068.93,780.26,True,True,0.0,77389.96,0.0516,0.999,0.00852
2026-08-23T18:19:26Z,XRPUSDT,COOLING,NONE,0.0,0.0,0.0,1.99,0.0,95356.9,110275.07,True,False,0.0,77347.26,-0.0552,1.005,1.5108
2026-08-23T18:19:28Z,HBARUSDT,COOLING,SELL,28.3,0.0,28.3,1.27,-0.0,14841.45,10724.09,True,False,0.0127,77347.26,-0.0552,0.938,0.07879
2026-08-23T18:19:31Z,PYTHUSDT,IMPULSE,NONE,0.0,0.0,0.0,1.9,0.0,6632.54,5758.67,True,False,0.0,77347.26,-0.0552,0.971,0.0527
2026-08-23T18:19:34Z,RWAINCUSDT,COOLING,NONE,0.0,0.0,0.0,77.98,0.0,1387.4,1425.17,True,False,0.0,77347.26,-0.0552,0.921,0.001919
2026-08-23T18:19:37Z,EDELUSDT,COOLING,NONE,0.0,0.0,0.0,35.11,0.0,1068.97,780.26,True,False,0.0,77347.26,-0.0552,1.049,0.00853
2026-08-23T18:21:51Z,XRPUSDT,COOLING,NONE,0.0,0.0,0.0,1.32,-1.32,94536.33,93632.17,True,False,0.0,77332.72,-0.0188,0.923,1.5107
2026-08-23T18:21:52Z,HBARUSDT,COOLING,NONE,0.0,0.0,0.0,1.27,0.0,9565.82,22580.04,True,False,0.0,77332.72,-0.0188,0.988,0.07872
2026-08-23T18:21:54Z,PYTHUSDT,IMPULSE,BUY,0.0,11.12,11.12,1.9,-0.0,6930.84,3866.76,True,False,0.019,77332.72,-0.0188,0.972,0.05266
2026-08-23T18:21:57Z,RWAINCUSDT,COOLING,NONE,0.0,0.0,0.0,72.8,-10.36,1378.2,1425.17,True,False,-0.052,77332.72,-0.0188,1.01,0.001919
2026-08-23T18:21:59Z,EDELUSDT,COOLING,BUY,0.0,6.72,6.72,116.55,0.0,1224.21,257.64,True,False,0.0,77332.72,-0.0188,0.997,0.00853
2026-08-23T18:22:28Z,XRPUSDT,COOLING,SELL,20.35,0.0,20.35,1.99,-0.66,102932.82,121013.31,True,True,-0.0033,77332.71,-0.0,0.958,1.5086
2026-08-23T18:23:52Z,HBARUSDT,COOLING,NONE,0.0,0.0,0.0,3.8,0.0,17130.99,11607.8,True,False,0.0,77332.71,-0.0,1.966,0.07883
2026-08-23T18:24:34Z,PYTHUSDT,IMPULSE,SELL,55.9,0.0,55.9,3.8,-1.9,6508.5,5321.64,True,True,0.0095,77332.71,-0.0,0.978,0.05271
2026-08-23T18:24:37Z,RWAINCUSDT,COOLING,NONE,0.0,0.0,0.0,77.98,0.0,1391.29,1428.04,True,False,0.0,77332.71,-0.0,0.962,0.001919
2026-08-23T18:24:40Z,EDELUSDT,COOLING,NONE,0.0,0.0,0.0,35.11,0.0,1249.22,257.64,True,False,0.0,77332.71,-0.0,1.039,0.00854
2026-08-23T18:25:14Z,XRPUSDT,COOLING,NONE,0.0,0.0,0.0,0.66,0.0,133716.76,87919.85,True,False,0.0,77327.33,-0.007,1.147,1.507
2026-08-23T18:25:16Z,HBARUSDT,COOLING,NONE,0.0,0.0,0.0,1.27,0.0,24701.56,12488.75,True,False,0.0,77327.33,-0.007,1.007,0.07887
2026-08-23T18:25:18Z,PYTHUSDT,IMPULSE,SELL,4.02,0.0,4.02,3.8,0.0,3327.39,5077.86,True,False,0.0,77327.33,-0.007,0.986,0.05266
2026-08-23T18:25:20Z,RWAINCUSDT,COOLING,NONE,0.0,0.0,0.0,77.98,-15.52,1372.45,1425.17,True,False,-0.0779,77327.33,-0.007,1.472,0.001919
2026-08-23T18:25:22Z,EDELUSDT,COOLING,NONE,0.0,0.0,0.0,46.67,-11.63,1224.16,780.26,True,False,-0.0583,77327.33,-0.007,0.966,0.00857
2026-08-23T18:29:40Z,XRPUSDT,COOLING,SELL,35.04,6.98,35.04,1.33,0.0,100333.29,83642.01,True,False,-0.0066,77378.86,0.0666,1.02,1.5089
2026-08-23T18:29:42Z,HBARUSDT,COOLING,SELL,83.82,0.0,83.82,1.27,-1.27,41536.64,25286.1,True,False,0.0063,77378.86,0.0666,0.923,0.07891
2026-08-23T18:30:25Z,PYTHUSDT,IMPULSE,BUY,0.0,0.02,0.02,1.89,-1.89,6217.35,11556.67,True,False,-0.0284,77378.86,0.0666,0.91,0.05277
2026-08-23T18:30:27Z,RWAINCUSDT,COOLING,NONE,0.0,0.0,0.0,89.03,0.0,1391.84,1428.6,True,False,0.0,77378.86,0.0666,1.032,0.001902
2026-08-23T18:30:28Z,EDELUSDT,COOLING,NONE,0.0,0.0,0.0,105.2,-92.82,1068.97,780.26,True,False,-0.3494,77378.86,0.0666,0.976,0.00865
2026-08-23T18:31:45Z,XRPUSDT,COOLING,NONE,0.0,0.0,0.0,1.33,-0.0,92178.78,125012.02,True,False,0.0066,77335.35,-0.0562,1.008,1.508
2026-08-23T18:31:48Z,HBARUSDT,COOLING,NONE,0.0,0.0,0.0,1.27,0.0,10617.27,11723.68,True,False,-0.0127,77335.35,-0.0562,1.066,0.07894
2026-08-23T18:31:50Z,PYTHUSDT,IMPULSE,SELL,59.63,15.41,59.63,7.57,-1.89,5729.53,9940.29,True,True,-0.0095,77335.35,-0.0562,0.942,0.05274
2026-08-23T18:31:53Z,RWAINCUSDT,COOLING,NONE,0.0,0.0,0.0,78.51,0.0,1385.56,1425.17,True,False,0.0,77335.35,-0.0562,2.03,0.001901
2026-08-23T18:31:55Z,EDELUSDT,COOLING,NONE,0.0,0.0,0.0,104.96,-11.59,1164.58,257.64,True,False,-0.0583,77335.35,-0.0562,0.905,0.00853
2026-08-23T18:32:23Z,XRPUSDT,COOLING,NONE,0.0,0.0,0.0,0.66,-1.33,74055.06,50391.94,True,False,-0.0066,77333.56,-0.0023,0.894,1.5073
2026-08-23T18:32:24Z,HBARUSDT,COOLING,NONE,0.0,0.0,0.0,1.27,0.0,37469.96,14915.46,True,False,0.0,77333.56,-0.0023,0.957,0.07885
2026-08-23T18:32:26Z,PYTHUSDT,IMPULSE,BUY,0.0,22.37,22.37,1.89,0.0,7457.27,11723.21,True,False,0.0,77333.56,-0.0023,0.999,0.05282
2026-08-23T18:32:28Z,RWAINCUSDT,COOLING,NONE,0.0,0.0,0.0,78.51,0.0,1394.3,1431.09,True,False,0.0,77333.56,-0.0023,1.035,0.001901
2026-08-23T18:32:30Z,EDELUSDT,COOLING,NONE,0.0,0.0,0.0,104.96,-11.59,1164.58,257.64,True,False,-0.0583,77333.56,-0.0023,0.979,0.00853
2026-08-23T18:33:25Z,XRPUSDT,COOLING,SELL,12.73,0.0,12.73,2.65,1.33,95092.18,81067.27,True,False,0.0066,77320.01,-0.0175,0.943,1.5058
2026-08-23T18:34:07Z,HBARUSDT,COOLING,NONE,0.0,0.0,0.0,1.27,-0.0,17354.98,11834.37,True,False,0.0127,77320.01,-0.0175,0.969,0.0788
2026-08-23T18:34:09Z,PYTHUSDT,IMPULSE,NONE,0.0,0.0,0.0,1.89,0.0,9221.88,9583.16,True,False,0.0,77320.01,-0.0175,1.002,0.05279
2026-08-23T18:34:51Z,RWAINCUSDT,COOLING,NONE,0.0,0.0,0.0,89.03,0.0,1406.67,1425.17,True,False,0.0,77320.01,-0.0175,0.959,0.001901
2026-08-23T18:35:32Z,EDELUSDT,COOLING,NONE,0.0,0.0,0.0,69.77,-11.87,1164.57,780.26,True,False,0.2915,77320.01,-0.0175,40.914,0.00853
2026-08-23T18:37:22Z,XRPUSDT,COOLING,NONE,0.0,0.0,0.0,0.66,-0.66,103225.04,90188.76,True,False,-0.0033,77341.46,0.0277,0.983,1.5099
2026-08-23T18:37:24Z,HBARUSDT,COOLING,NONE,0.0,0.0,0.0,1.27,0.0,22632.99,25198.34,True,False,0.0,77341.46,0.0277,1.945,0.07888
2026-08-23T18:37:26Z,PYTHUSDT,IMPULSE,NONE,0.0,0.0,0.0,1.89,0.0,4048.17,15135.38,True,False,0.0,77341.46,0.0277,0.967,0.05283
2026-08-23T18:38:08Z,RWAINCUSDT,COOLING,NONE,0.0,0.0,0.0,56.92,0.0,1370.05,1425.17,True,False,0.0,77341.46,0.0277,0.954,0.001935
2026-08-23T18:38:50Z,EDELUSDT,COOLING,SELL,0.0,0.0,0.0,92.92,-34.62,1068.97,780.26,True,False,-0.1739,77341.46,0.0277,41.124,0.00857
2026-08-23T18:39:24Z,XRPUSDT,COOLING,NONE,0.0,0.0,0.0,0.66,-0.66,141662.84,125837.56,True,False,-0.0033,77345.66,0.0054,1.008,1.5068
2026-08-23T18:39:26Z,HBARUSDT,COOLING,NONE,0.0,0.0,0.0,1.27,0.0,42143.01,10602.21,True,False,0.0,77345.66,0.0054,1.091,0.07882
2026-08-23T18:39:28Z,PYTHUSDT,IMPULSE,NONE,0.0,0.0,0.0,1.89,0.0,7849.39,8810.78,True,False,0.0,77345.66,0.0054,0.992,0.05276
2026-08-23T18:39:29Z,RWAINCUSDT,COOLING,NONE,0.0,0.0,0.0,56.92,0.0,1370.05,1425.17,True,False,0.0,77345.66,0.0054,1.088,0.001935
2026-08-23T18:39:32Z,EDELUSDT,COOLING,BUY,0.0,52.37,52.37,104.59,-46.13,1068.99,780.26,True,True,-0.2319,77345.66,0.0054,1.196,0.00857
2026-08-23T18:42:27Z,XRPUSDT,COOLING,SELL,0.24,0.0,0.24,0.66,-0.66,62187.54,49625.6,True,False,-0.0232,77351.67,0.0078,1.977,1.5089
2026-08-23T18:42:29Z,HBARUSDT,COOLING,NONE,0.0,0.0,0.0,1.27,0.0,27566.48,10435.95,True,False,0.0,77351.67,0.0078,0.915,0.07895
2026-08-23T18:43:12Z,PYTHUSDT,IMPULSE,NONE,0.0,0.0,0.0,1.89,0.0,8322.72,3732.27,True,False,0.0,77351.67,0.0078,1.954,0.05281
2026-08-23T18:43:14Z,RWAINCUSDT,COOLING,NONE,0.0,0.0,0.0,56.92,0.0,1370.05,1425.17,True,False,0.0,77351.67,0.0078,1.1,0.001935
2026-08-23T18:43:17Z,EDELUSDT,COOLING,NONE,0.0,0.0,0.0,46.62,-11.62,1068.96,840.03,True,False,-0.0582,77351.67,0.0078,0.953,0.00857
2026-08-23T18:43:50Z,XRPUSDT,COOLING,NONE,0.0,0.0,0.0,1.33,0.0,104635.84,141739.32,True,False,0.0,77345.67,-0.0078,0.916,1.5074
2026-08-23T18:43:52Z,HBARUSDT,COOLING,SELL,79.74,4.12,79.74,1.27,-0.0,43170.67,14269.47,True,False,0.0127,77345.67,-0.0078,0.953,0.07884
2026-08-23T18:43:56Z,PYTHUSDT,IMPULSE,NONE,0.0,0.0,0.0,1.89,0.0,6713.52,2919.01,True,False,0.0,77345.67,-0.0078,0.939,0.0528
2026-08-23T18:44:39Z,RWAINCUSDT,COOLING,NONE,0.0,0.0,0.0,56.92,0.0,1370.05,1425.17,True,False,0.0,77345.67,-0.0078,1.038,0.001935
2026-08-23T18:44:41Z,EDELUSDT,COOLING,NONE,0.0,0.0,0.0,93.57,-23.53,1068.98,840.03,True,False,0.1171,77345.67,-0.0078,0.966,0.00851
2026-08-23T18:45:10Z,XRPUSDT,COOLING,NONE,0.0,0.0,0.0,1.99,0.66,96943.16,83492.28,True,False,0.0033,77340.56,-0.0066,0.978,1.5085
2026-08-23T18:45:12Z,HBARUSDT,COOLING,SELL,0.0,0.0,0.0,3.8,0.0,28156.16,27580.55,True,False,0.0,77340.56,-0.0066,0.933,0.07891
2026-08-23T18:45:13Z,PYTHUSDT,IMPULSE,NONE,0.0,0.0,0.0,1.89,0.0,7086.44,6811.71,True,False,0.0,77340.56,-0.0066,0.926,0.05283
2026-08-23T18:45:16Z,RWAINCUSDT,COOLING,NONE,0.0,0.0,0.0,51.73,0.0,1370.05,1425.17,True,False,0.0,77340.56,-0.0066,1.009,0.001935
2026-08-23T18:45:18Z,EDELUSDT,COOLING,BUY,0.0,6.93,6.93,35.15,0.0,1068.97,257.64,True,False,0.0,77340.56,-0.0066,0.967,0.00851
2026-08-23T18:47:31Z,XRPUSDT,COOLING,BUY,0.0,0.3,0.3,1.33,0.0,76194.53,73714.78,True,False,-0.0066,77320.0,-0.0266,1.029,1.5065
2026-08-23T18:48:53Z,HBARUSDT,COOLING,BUY,0.0,0.06,0.06,1.27,-0.0,30017.12,26483.75,True,False,0.0634,77320.0,-0.0266,41.058,0.07893
2026-08-23T18:48:55Z,PYTHUSDT,IMPULSE,NONE,0.0,0.0,0.0,1.89,0.0,8713.67,5567.95,True,False,0.0,77320.0,-0.0266,1.023,0.05285
2026-08-23T18:48:57Z,RWAINCUSDT,COOLING,NONE,0.0,0.0,0.0,51.73,0.0,1370.05,1425.17,True,False,0.0,77320.0,-0.0266,1.018,0.001935
2026-08-23T18:48:59Z,EDELUSDT,COOLING,NONE,0.0,0.0,0.0,82.11,11.69,1239.91,299.91,True,False,0.0587,77320.0,-0.0266,0.922,0.00852
2026-08-23T18:50:11Z,XRPUSDT,COOLING,BUY,0.0,0.02,0.02,0.66,0.0,98386.88,95272.44,True,False,0.0,77304.63,-0.0199,0.962,1.5071
2026-08-23T18:50:54Z,HBARUSDT,COOLING,NONE,0.0,0.0,0.0,1.27,0.0,26431.98,10061.14,True,False,-0.038,77304.63,-0.0199,40.905,0.07898
2026-08-23T18:50:56Z,PYTHUSDT,IMPULSE,NONE,0.0,0.0,0.0,5.68,0.0,3984.16,4691.11,True,False,0.0,77304.63,-0.0199,1.041,0.05285
2026-08-23T18:50:59Z,RWAINCUSDT,COOLING,NONE,0.0,0.0,0.0,55.29,0.0,1387.66,1425.17,True,False,0.0,77304.63,-0.0199,1.025,0.001988
2026-08-23T18:53:03Z,EDELUSDT,COOLING,NONE,0.0,0.0,0.0,58.51,0.0,1239.89,257.64,True,False,0.0,77304.63,-0.0199,0.949,0.00852
2026-08-23T18:53:33Z,XRPUSDT,COOLING,SELL,22.84,0.0,22.84,1.33,0.0,95816.43,75079.53,True,True,0.0,77299.2,-0.007,0.993,1.5035
2026-08-23T18:53:36Z,HBARUSDT,COOLING,NONE,0.0,0.0,0.0,1.27,0.0,30573.9,28148.15,True,False,0.0,77299.2,-0.007,0.932,0.07894
2026-08-23T18:53:37Z,PYTHUSDT,IMPULSE,NONE,0.0,0.0,0.0,3.79,0.0,7238.07,8547.48,True,False,0.0,77299.2,-0.007,1.084,0.0528
2026-08-23T18:53:39Z,RWAINCUSDT,COOLING,NONE,0.0,0.0,0.0,35.22,0.0,1395.5,1425.17,True,False,0.0,77299.2,-0.007,0.942,0.001988
2026-08-23T18:53:41Z,EDELUSDT,COOLING,NONE,0.0,0.0,0.0,70.18,35.03,1224.17,780.26,True,False,0.1757,77299.2,-0.007,0.898,0.00853
2026-08-23T18:55:15Z,XRPUSDT,COOLING,NONE,0.0,0.0,0.0,0.66,-1.33,78939.85,79855.94,True,False,0.0066,77299.2,0.0,0.978,1.5066
2026-08-23T18:55:17Z,HBARUSDT,COOLING,SELL,52.6,0.0,52.6,1.27,-1.27,19647.45,10717.59,True,False,0.0063,77299.2,0.0,0.91,0.07897
2026-08-23T18:55:22Z,PYTHUSDT,IMPULSE,NONE,0.0,0.0,0.0,1.89,0.0,7608.96,8536.28,True,False,0.0,77299.2,0.0,3.097,0.05279
2026-08-23T18:55:25Z,RWAINCUSDT,COOLING,NONE,0.0,0.0,0.0,35.22,0.0,1395.5,1425.17,True,False,0.0,77299.2,0.0,0.901,0.001988
2026-08-23T18:56:07Z,EDELUSDT,COOLING,NONE,0.0,0.0,0.0,11.72,-11.7,1068.98,257.64,True,False,-0.0585,77299.2,0.0,40.992,0.00853
2026-08-23T18:56:36Z,XRPUSDT,COOLING,NONE,0.0,0.0,0.0,1.33,-0.66,75772.79,68178.42,True,False,0.0033,77306.6,0.0096,0.93,1.5043
2026-08-23T18:56:39Z,HBARUSDT,COOLING,BUY,0.0,2.88,2.88,1.27,-0.0,27212.54,11297.15,True,False,0.0127,77306.6,0.0096,1.95,0.07892
2026-08-23T18:56:41Z,PYTHUSDT,IMPULSE,NONE,0.0,0.0,0.0,1.89,0.0,2950.67,8561.04,True,False,0.0,77306.6,0.0096,1.023,0.05275
2026-08-23T18:56:43Z,RWAINCUSDT,COOLING,NONE,0.0,0.0,0.0,35.22,0.0,1395.5,1425.17,True,False,0.0,77306.6,0.0096,0.949,0.001988
2026-08-23T18:56:45Z,EDELUSDT,COOLING,NONE,0.0,0.0,0.0,11.72,0.0,1068.99,329.72,True,False,0.0,77306.6,0.0096,1.005,0.00853
2026-08-23T18:57:14Z,XRPUSDT,COOLING,SELL,0.25,0.02,0.25,1.33,0.66,87330.09,88477.36,True,False,0.0033,77302.72,-0.005,0.909,1.5051
2026-08-23T18:57:16Z,HBARUSDT,COOLING,NONE,0.0,0.0,0.0,1.27,0.0,27552.02,10343.68,True,False,0.0,77302.72,-0.005,0.982,0.07892
2026-08-23T18:57:18Z,PYTHUSDT,IMPULSE,SELL,16.2,0.0,16.2,3.79,1.89,3655.8,8561.04,True,False,-0.0284,77302.72,-0.005,0.964,0.05279
2026-08-23T18:57:20Z,RWAINCUSDT,COOLING,NONE,0.0,0.0,0.0,35.22,0.0,1395.5,1425.17,True,False,0.0,77302.72,-0.005,0.888,0.001988
2026-08-23T18:57:22Z,EDELUSDT,COOLING,NONE,0.0,0.0,0.0,23.42,0.0,1144.62,329.72,True,False,0.0,77302.72,-0.005,1.944,0.00853
2026-08-23T19:00:26Z,XRPUSDT,COOLING,SELL,1.63,0.0,1.63,1.99,0.0,135105.13,98191.91,True,False,-0.0265,77329.1,0.0341,0.902,1.508
2026-08-23T19:00:28Z,HBARUSDT,COOLING,NONE,0.0,0.0,0.0,1.27,0.0,10817.2,9624.95,True,False,0.0,77329.1,0.0341,0.92,0.07899
2026-08-23T19:00:30Z,ZBCNUSDT,IMPULSE,NONE,0.0,0.0,0.0,14.55,0.0,253.53,83.02,True,False,0.0,77329.1,0.0341,0.975,0.0018559
2026-08-23T19:00:32Z,PYTHUSDT,IMPULSE,NONE,0.0,0.0,0.0,1.89,0.0,3216.6,3139.27,True,False,0.0,77329.1,0.0341,1.024,0.0528
2026-08-23T19:00:34Z,RWAINCUSDT,COOLING,NONE,0.0,0.0,0.0,35.22,0.0,1418.15,1425.17,True,False,0.0,77329.1,0.0341,0.919,0.001988
2026-08-23T19:01:44Z,XRPUSDT,COOLING,NONE,0.0,0.0,0.0,0.66,-1.32,24133.45,44226.62,True,False,-0.0663,77378.07,0.0633,0.977,1.511
2026-08-23T19:01:46Z,HBARUSDT,COOLING,SELL,2.69,0.0,2.69,1.27,-0.0,23395.4,10590.17,True,False,0.0127,77378.07,0.0633,0.924,0.07886
2026-08-23T19:01:49Z,ZBCNUSDT,IMPULSE,NONE,0.0,0.0,0.0,13.47,0.0,269.06,2019.62,True,False,0.0,77378.07,0.0633,0.946,0.0018561
2026-08-23T19:02:33Z,PYTHUSDT,IMPULSE,BUY,0.0,10.14,10.14,3.79,1.89,3331.98,7118.07,True,False,0.0095,77378.07,0.0633,1.363,0.05273
2026-08-23T19:02:36Z,RWAINCUSDT,COOLING,NONE,0.0,0.0,0.0,35.22,0.0,1395.5,1425.17,True,False,0.0,77378.07,0.0633,2.177,0.001988
2026-08-23T19:03:50Z,XRPUSDT,COOLING,SELL,31.32,0.0,31.32,1.33,0.0,108683.62,66475.87,True,False,-0.0067,77335.76,-0.0547,0.968,1.5037
2026-08-23T19:03:53Z,HBARUSDT,COOLING,BUY,0.0,8.59,8.59,1.27,0.0,12835.69,10901.98,True,False,0.0,77335.76,-0.0547,0.956,0.07882
2026-08-23T19:03:54Z,ZBCNUSDT,IMPULSE,NONE,0.0,0.0,0.0,9.71,0.0,269.11,2021.68,True,False,0.0,77335.76,-0.0547,0.898,0.0018534
2026-08-23T19:03:57Z,PYTHUSDT,IMPULSE,NONE,0.0,0.0,0.0,1.89,0.0,2947.98,6691.39,True,False,0.0,77335.76,-0.0547,1.609,0.05279
2026-08-23T19:03:59Z,RWAINCUSDT,COOLING,NONE,0.0,0.0,0.0,35.22,0.0,1395.5,1425.17,True,False,0.0,77335.76,-0.0547,0.894,0.001988
2026-08-23T19:06:55Z,XRPUSDT,COOLING,SELL,13.7,0.0,13.7,2.0,1.33,86349.39,88204.94,True,False,-0.0199,77344.9,0.0118,1.115,1.504
2026-08-23T19:06:58Z,HBARUSDT,COOLING,NONE,0.0,0.0,0.0,1.27,-0.0,18744.22,9566.22,True,False,0.0254,77344.9,0.0118,2.547,0.07885
2026-08-23T19:07:01Z,ZBCNUSDT,IMPULSE,NONE,0.0,0.0,0.0,7.03,0.0,202.02,101.39,True,False,0.0,77344.9,0.0118,1.918,0.0018501
2026-08-23T19:07:05Z,PYTHUSDT,IMPULSE,NONE,0.0,0.0,0.0,1.9,0.0,2516.38,6029.53,True,False,0.0,77344.9,0.0118,1.963,0.05277
2026-08-23T19:07:10Z,TELUSDT,COOLING,NONE,0.0,0.0,0.0,39.1,0.0,2566.03,2829.98,True,False,0.0,77344.9,0.0118,2.725,0.001792
2026-08-23T19:07:44Z,XRPUSDT,COOLING,SELL,18.67,0.0,18.67,0.67,-0.67,174351.39,90933.16,True,False,-0.0033,77356.26,0.0147,1.14,1.5016
2026-08-23T19:08:26Z,HBARUSDT,COOLING,NONE,0.0,0.0,0.0,1.27,0.0,28599.7,24538.34,True,False,0.0,77356.26,0.0147,0.954,0.07879
2026-08-23T19:08:29Z,ZBCNUSDT,IMPULSE,NONE,0.0,0.0,0.0,14.07,0.0,204.05,154.89,True,False,0.0,77356.26,0.0147,0.912,0.0018486
2026-08-23T19:08:30Z,PYTHUSDT,IMPULSE,SELL,1.68,0.02,1.68,1.9,0.0,2957.64,6296.64,True,False,0.0,77356.26,0.0147,0.973,0.05267
2026-08-23T19:08:33Z,TELUSDT,COOLING,NONE,0.0,0.0,0.0,33.48,0.0,2566.03,2829.98,True,False,0.0,77356.26,0.0147,0.874,0.001792
2026-08-23T19:09:02Z,XRPUSDT,COOLING,NONE,0.0,0.0,0.0,3.33,-0.0,86504.74,55168.64,True,False,0.0067,77350.06,-0.008,0.998,1.5002
2026-08-23T19:09:05Z,HBARUSDT,COOLING,NONE,0.0,0.0,0.0,2.54,1.27,29623.95,24538.34,True,False,-0.0064,77350.06,-0.008,1.105,0.07872
2026-08-23T19:09:07Z,ZBCNUSDT,IMPULSE,NONE,0.0,0.0,0.0,5.41,0.0,218.27,154.89,True,False,0.0,77350.06,-0.008,1.086,0.0018486
2026-08-23T19:09:10Z,PYTHUSDT,IMPULSE,NONE,0.0,0.0,0.0,1.9,-1.9,3701.87,5076.25,True,False,-0.0284,77350.06,-0.008,2.019,0.05272
2026-08-23T19:09:12Z,TELUSDT,COOLING,NONE,0.0,0.0,0.0,44.67,5.59,1505.01,1541.44,True,False,-0.0279,77350.06,-0.008,1.148,0.001793
2026-08-23T19:10:57Z,XRPUSDT,COOLING,NONE,0.0,0.0,0.0,2.0,0.67,95151.37,80891.39,True,False,0.0033,77308.81,-0.0533,1.466,1.4969
2026-08-23T19:12:19Z,HBARUSDT,COOLING,NONE,0.0,0.0,0.0,2.54,1.27,32197.95,28013.16,True,False,-0.0064,77308.81,-0.0533,1.084,0.07869
2026-08-23T19:12:23Z,ZBCNUSDT,IMPULSE,BUY,0.0,4.91,4.91,5.97,0.0,230.05,99.33,True,False,0.0,77308.81,-0.0533,2.042,0.0018428
2026-08-23T19:12:24Z,PYTHUSDT,IMPULSE,SELL,0.31,0.0,0.31,1.91,0.0,4959.68,2920.65,True,False,0.0,77308.81,-0.0533,1.027,0.05248
2026-08-23T19:13:06Z,TELUSDT,COOLING,NONE,0.0,0.0,0.0,33.5,0.0,1564.34,1604.32,True,False,0.0,77308.81,-0.0533,0.962,0.001791
2026-08-23T19:13:38Z,XRPUSDT,COOLING,NONE,0.0,0.0,0.0,1.34,0.67,73354.71,75670.55,True,False,0.0167,77260.0,-0.0631,0.97,1.4956
2026-08-23T19:13:43Z,HBARUSDT,COOLING,NONE,0.0,0.0,0.0,1.27,-0.0,11364.75,26899.85,True,False,0.0127,77260.0,-0.0631,4.041,0.07872
2026-08-23T19:13:46Z,ZBCNUSDT,IMPULSE,NONE,0.0,0.0,0.0,16.81,0.0,230.05,350.61,True,False,0.0,77260.0,-0.0631,2.118,0.0018445
2026-08-23T19:13:48Z,PYTHUSDT,IMPULSE,NONE,0.0,0.0,0.0,1.9,0.0,3929.59,3718.36,True,False,0.0,77260.0,-0.0631,1.006,0.0525
2026-08-23T19:13:51Z,TELUSDT,COOLING,NONE,0.0,0.0,0.0,44.67,0.0,1505.01,1604.32,True,False,0.0,77260.0,-0.0631,1.07,0.001791
2026-08-23T19:15:05Z,XRPUSDT,COOLING,NONE,0.0,0.0,0.0,1.33,-0.67,86727.66,72253.32,True,False,-0.0033,77310.0,0.0647,1.178,1.5007
2026-08-23T19:15:08Z,HBARUSDT,COOLING,NONE,0.0,0.0,0.0,1.27,0.0,24526.49,14734.64,True,False,-0.0507,77310.0,0.0647,1.153,0.07882
2026-08-23T19:15:12Z,ZBCNUSDT,IMPULSE,NONE,0.0,0.0,0.0,9.21,-0.54,107.84,288.68,True,False,-0.0027,77310.0,0.0647,0.99,0.0018458
2026-08-23T19:15:15Z,PYTHUSDT,IMPULSE,BUY,0.0,5.82,5.82,3.81,1.9,6013.16,3740.42,True,False,0.0476,77310.0,0.0647,1.024,0.05258
2026-08-23T19:15:17Z,TELUSDT,COOLING,NONE,0.0,0.0,0.0,22.37,-5.59,1505.01,1873.74,True,False,-0.028,77310.0,0.0647,1.067,0.001791
2026-08-23T19:16:11Z,XRPUSDT,COOLING,BUY,0.0,18.3,18.3,2.0,0.67,93630.51,96579.95,True,False,-0.01,77336.85,0.0347,1.027,1.5003
2026-08-23T19:16:13Z,HBARUSDT,COOLING,NONE,0.0,0.0,0.0,1.27,0.0,15066.78,24246.96,True,False,0.0,77336.85,0.0347,1.224,0.07879
2026-08-23T19:16:15Z,ZBCNUSDT,IMPULSE,BUY,0.0,8.33,8.33,11.39,0.0,230.05,106.6,True,False,0.0,77336.85,0.0347,1.014,0.0018433
2026-08-23T19:16:17Z,PYTHUSDT,IMPULSE,NONE,0.0,0.0,0.0,1.9,0.0,3394.76,3868.12,True,False,0.0,77336.85,0.0347,1.02,0.05257
2026-08-23T19:16:19Z,TELUSDT,COOLING,NONE,0.0,0.0,0.0,11.2,0.0,1557.17,1873.74,True,False,0.0,77336.85,0.0347,2.02,0.001787
2026-08-23T19:16:50Z,XRPUSDT,COOLING,NONE,0.0,0.0,0.0,1.33,-0.0,78103.42,90500.71,True,False,0.0067,77343.43,0.0085,1.215,1.5004
2026-08-23T19:16:52Z,HBARUSDT,COOLING,SELL,32.28,0.0,32.28,1.27,0.0,15001.1,29722.66,True,True,0.0,77343.43,0.0085,1.161,0.07879
2026-08-23T19:16:54Z,ZBCNUSDT,IMPULSE,NONE,0.0,0.0,0.0,10.85,-0.54,241.44,100.89,True,False,-0.0027,77343.43,0.0085,1.052,0.001843
2026-08-23T19:17:37Z,PYTHUSDT,IMPULSE,BUY,0.0,1.2,1.2,1.9,-0.0,8094.75,4353.93,True,False,0.019,77343.43,0.0085,40.942,0.05258
2026-08-23T19:17:41Z,TELUSDT,COOLING,SELL,0.57,0.0,0.57,11.23,0.0,2097.64,2128.0,True,False,0.0,77343.43,0.0085,1.049,0.001786
2026-08-23T19:18:53Z,XRPUSDT,COOLING,NONE,0.0,0.0,0.0,0.67,0.0,103770.88,134884.11,True,False,0.0,77367.9,0.0316,1.035,1.5001
2026-08-23T19:18:55Z,HBARUSDT,COOLING,SELL,56.36,0.0,56.36,1.27,-0.0,25779.45,12852.45,True,False,0.0127,77367.9,0.0316,0.914,0.07879
2026-08-23T19:18:57Z,ZBCNUSDT,IMPULSE,NONE,0.0,0.0,0.0,12.45,0.0,101.25,158.14,True,False,0.0,77367.9,0.0316,1.018,0.0018473
2026-08-23T19:19:00Z,PYTHUSDT,IMPULSE,NONE,0.0,0.0,0.0,1.9,0.0,6087.64,3158.77,True,False,0.0,77367.9,0.0316,1.972,0.05256
2026-08-23T19:19:04Z,TELUSDT,COOLING,NONE,0.0,0.0,0.0,5.62,0.0,1249.48,2039.96,True,False,0.0,77367.9,0.0316,1.914,0.00178
2026-08-23T19:20:36Z,XRPUSDT,COOLING,NONE,0.0,0.0,0.0,2.67,0.67,138017.76,70356.1,True,False,-0.0033,77369.99,0.0027,0.959,1.5007
2026-08-23T19:21:18Z,HBARUSDT,COOLING,BUY,0.0,1.55,1.55,1.27,0.0,19795.37,24974.13,True,False,0.0,77369.99,0.0027,41.045,0.0789
2026-08-23T19:21:20Z,ZBCNUSDT,IMPULSE,SELL,7.83,0.0,7.83,17.3,5.95,236.07,2011.5,True,False,-0.0351,77369.99,0.0027,0.912,0.001851
2026-08-23T19:21:22Z,PYTHUSDT,IMPULSE,NONE,0.0,0.0,0.0,1.9,0.0,6867.85,3873.18,True,False,0.0,77369.99,0.0027,1.063,0.05261
2026-08-23T19:21:25Z,TELUSDT,COOLING,NONE,0.0,0.0,0.0,44.84,0.0,1276.25,2039.96,True,False,0.0,77369.99,0.0027,1.756,0.001788
2026-08-23T19:23:15Z,XRPUSDT,COOLING,NONE,0.0,0.0,0.0,2.0,0.67,89137.05,71825.71,True,False,0.0033,77364.66,-0.0069,0.943,1.5026
2026-08-23T19:23:17Z,HBARUSDT,COOLING,NONE,0.0,0.0,0.0,1.27,-1.27,23145.65,10001.94,True,False,0.0063,77364.66,-0.0069,1.035,0.07883
2026-08-23T19:23:19Z,ZBCNUSDT,IMPULSE,NONE,0.0,0.0,0.0,15.12,-2.16,219.2,2013.45,True,False,-0.0054,77364.66,-0.0069,0.984,0.0018532
2026-08-23T19:23:21Z,PYTHUSDT,IMPULSE,BUY,3.03,3.24,3.24,1.9,-0.0,6662.39,3323.33,True,False,0.019,77364.66,-0.0069,1.08,0.05257
2026-08-23T19:23:23Z,TELUSDT,COOLING,NONE,0.0,0.0,0.0,44.84,0.0,1276.25,2039.96,True,False,0.0,77364.66,-0.0069,1.006,0.001783
2026-08-23T19:24:37Z,XRPUSDT,COOLING,NONE,0.0,0.0,0.0,2.0,0.0,82961.08,133140.12,True,False,-0.0067,77379.45,0.0191,1.048,1.5012
2026-08-23T19:24:38Z,HBARUSDT,COOLING,BUY,0.0,1.52,1.52,1.27,0.0,21472.72,10826.99,True,False,0.0,77379.45,0.0191,1.04,0.07888
2026-08-23T19:24:40Z,ZBCNUSDT,IMPULSE,NONE,0.0,0.0,0.0,17.8,0.0,216.01,2049.42,True,False,0.0,77379.45,0.0191,0.991,0.0018537
2026-08-23T19:24:42Z,PYTHUSDT,IMPULSE,NONE,0.0,0.0,0.0,1.9,0.0,8936.42,3645.93,True,False,0.0,77379.45,0.0191,1.063,0.05251
2026-08-23T19:24:44Z,TELUSDT,COOLING,NONE,0.0,0.0,0.0,44.84,0.0,1276.25,2039.96,True,False,0.0,77379.45,0.0191,0.915,0.001783
2026-08-23T19:28:21Z,XRPUSDT,COOLING,BUY,0.0,2.12,2.12,1.34,0.0,83439.85,99643.48,True,False,-0.0067,77341.32,-0.0493,1.465,1.498
2026-08-23T19:29:03Z,HBARUSDT,COOLING,NONE,0.0,0.0,0.0,1.27,0.0,17797.82,28974.18,True,False,0.0,77341.32,-0.0493,1.024,0.07881
2026-08-23T19:29:47Z,ZBCNUSDT,IMPULSE,NONE,0.0,0.0,0.0,12.99,0.0,183.13,2012.48,True,False,0.0,77341.32,-0.0493,1.714,0.001847
2026-08-23T19:29:49Z,PYTHUSDT,IMPULSE,NONE,0.0,0.0,0.0,1.9,-0.0,6718.18,3230.25,True,False,0.0191,77341.32,-0.0493,0.882,0.05249
2026-08-23T19:31:13Z,TELUSDT,COOLING,SELL,10.79,0.0,10.79,22.41,0.0,1433.97,2091.47,True,False,0.0,77341.32,-0.0493,1.019,0.001785
2026-08-23T19:31:43Z,XRPUSDT,COOLING,BUY,0.0,34.25,34.25,0.67,-0.0,97581.27,83737.74,True,False,0.0067,77337.22,-0.0053,1.078,1.4953
2026-08-23T19:31:45Z,HBARUSDT,COOLING,NONE,0.0,0.0,0.0,1.27,0.0,19953.98,14140.05,True,False,0.0,77337.22,-0.0053,1.036,0.07889
2026-08-23T19:31:48Z,ZBCNUSDT,IMPULSE,NONE,0.0,0.0,0.0,18.46,0.0,135.07,2008.47,True,False,0.0,77337.22,-0.0053,1.021,0.0018426
2026-08-23T19:31:51Z,PYTHUSDT,IMPULSE,SELL,0.02,0.0,0.02,1.91,0.0,7041.48,3496.12,True,False,-0.0191,77337.22,-0.0053,1.001,0.05246
2026-08-23T19:31:53Z,TELUSDT,COOLING,SELL,9.87,0.0,9.87,22.41,0.0,1922.31,1987.9,True,False,0.0,77337.22,-0.0053,1.883,0.001786
2026-08-23T19:32:26Z,XRPUSDT,COOLING,BUY,0.0,0.03,0.03,2.01,0.67,107956.07,67922.0,True,False,-0.0033,77323.42,-0.0178,0.926,1.4948
2026-08-23T19:32:30Z,HBARUSDT,COOLING,BUY,0.0,34.55,34.55,2.54,0.0,20222.97,25396.33,True,False,0.0,77323.42,-0.0178,1.851,0.07882
2026-08-23T19:32:33Z,ZBCNUSDT,IMPULSE,BUY,0.0,0.02,0.02,13.03,0.0,304.04,2008.69,True,False,0.0,77323.42,-0.0178,1.071,0.0018428
2026-08-23T19:32:35Z,PYTHUSDT,IMPULSE,NONE,0.0,0.0,0.0,1.91,0.0,7085.56,3243.92,True,False,0.0,77323.42,-0.0178,1.214,0.05248
2026-08-23T19:32:37Z,TELUSDT,COOLING,NONE,0.0,0.0,0.0,22.41,0.0,1565.21,1987.9,True,False,0.0,77323.42,-0.0178,1.504,0.001786
2026-08-23T19:34:15Z,XRPUSDT,COOLING,SELL,45.83,0.0,45.83,1.34,-1.34,107567.61,60387.95,True,True,0.0401,77329.85,0.0083,0.894,1.4952
2026-08-23T19:34:16Z,HBARUSDT,COOLING,NONE,0.0,0.0,0.0,1.27,0.0,9075.16,16386.89,True,False,0.0,77329.85,0.0083,0.895,0.07875
2026-08-23T19:34:18Z,ZBCNUSDT,IMPULSE,BUY,0.0,0.07,0.07,4.89,0.0,271.98,2007.07,True,False,0.0,77329.85,0.0083,0.916,0.0018411
2026-08-23T19:34:21Z,PYTHUSDT,IMPULSE,NONE,0.0,0.0,0.0,1.9,0.0,3357.29,3450.83,True,False,-0.019,77329.85,0.0083,1.96,0.05249
2026-08-23T19:34:23Z,TELUSDT,COOLING,NONE,0.0,0.0,0.0,22.41,0.0,1922.31,2321.41,True,False,0.0,77329.85,0.0083,0.894,0.001784
2026-08-23T19:35:38Z,XRPUSDT,COOLING,SELL,2.65,0.0,2.65,1.33,0.0,118121.91,71106.7,True,False,0.0,77335.78,0.0077,0.961,1.498
2026-08-23T19:35:40Z,HBARUSDT,COOLING,BUY,58.39,76.87,76.87,1.27,0.0,22176.48,36823.94,True,False,0.0,77335.78,0.0077,0.894,0.0789
2026-08-23T19:35:43Z,ZBCNUSDT,IMPULSE,SELL,3.25,0.0,3.25,11.96,-1.08,200.27,2004.25,True,False,-0.0272,77335.78,0.0077,0.976,0.0018406
2026-08-23T19:35:45Z,PYTHUSDT,IMPULSE,SELL,66.72,41.58,66.72,1.9,-0.0,6642.2,4554.87,True,False,0.0953,77335.78,0.0077,0.922,0.05248
2026-08-23T19:35:47Z,TELUSDT,COOLING,NONE,0.0,0.0,0.0,39.18,0.0,1580.96,2321.41,True,False,0.0,77335.78,0.0077,1.102,0.001788
2026-08-23T19:36:18Z,XRPUSDT,COOLING,BUY,0.21,12.99,12.99,2.0,0.0,83831.21,85664.41,True,False,-0.0067,77337.69,0.0025,0.977,1.5009
2026-08-23T19:36:20Z,HBARUSDT,COOLING,NONE,0.0,0.0,0.0,1.27,0.0,10861.83,10514.0,True,False,0.0,77337.69,0.0025,1.057,0.0789
2026-08-23T19:36:21Z,ZBCNUSDT,IMPULSE,NONE,0.0,0.0,0.0,10.32,0.0,139.61,2495.75,True,False,0.0,77337.69,0.0025,0.952,0.0018409
2026-08-23T19:36:23Z,PYTHUSDT,IMPULSE,NONE,0.0,0.0,0.0,1.9,0.0,5981.29,3301.7,True,False,0.0,77337.69,0.0025,0.945,0.05257
2026-08-23T19:36:25Z,TELUSDT,COOLING,NONE,0.0,0.0,0.0,44.77,0.0,1602.7,2321.41,True,False,0.0,77337.69,0.0025,1.112,0.001788
2026-08-23T19:39:17Z,XRPUSDT,COOLING,NONE,0.0,0.0,0.0,2.0,-0.67,65370.25,95295.22,True,False,0.0033,77364.42,0.0346,2.062,1.5019
2026-08-23T19:39:20Z,HBARUSDT,COOLING,SELL,13.13,7.65,13.13,3.8,2.54,26502.27,11511.25,True,False,-0.0507,77364.42,0.0346,1.152,0.07897
2026-08-23T19:39:22Z,ZBCNUSDT,IMPULSE,NONE,0.0,0.0,0.0,20.06,0.0,69.64,2006.74,True,False,0.0,77364.42,0.0346,0.948,0.0018444
2026-08-23T19:39:23Z,PYTHUSDT,IMPULSE,NONE,0.0,0.0,0.0,1.9,0.0,6560.65,3197.19,True,False,0.0,77364.42,0.0346,0.875,0.05261
2026-08-23T19:39:25Z,TELUSDT,COOLING,NONE,0.0,0.0,0.0,61.47,22.37,1448.99,2321.41,True,False,-0.0559,77364.42,0.0346,0.978,0.001793
2026-08-23T19:40:03Z,XRPUSDT,COOLING,NONE,0.0,0.0,0.0,2.66,0.0,83355.87,100143.13,True,False,0.0,77364.65,0.0003,1.054,1.5036
2026-08-23T19:40:04Z,HBARUSDT,COOLING,NONE,0.0,0.0,0.0,1.27,0.0,9752.54,10496.56,True,False,0.0,77364.65,0.0003,1.018,0.07893
2026-08-23T19:40:07Z,ZBCNUSDT,IMPULSE,SELL,23.43,0.0,23.43,47.17,-3.25,91.08,88.85,True,False,-0.0054,77364.65,0.0003,1.004,0.001849
2026-08-23T19:40:10Z,PYTHUSDT,IMPULSE,NONE,0.0,0.0,0.0,3.8,0.0,6758.67,2695.12,True,False,0.0,77364.65,0.0003,1.035,0.05261
2026-08-23T19:40:11Z,TELUSDT,COOLING,NONE,0.0,0.0,0.0,55.83,0.0,1448.99,2321.41,True,False,0.0,77364.65,0.0003,1.092,0.001792
2026-08-23T19:42:01Z,XRPUSDT,COOLING,BUY,0.0,0.47,0.47,1.33,0.0,83658.05,92429.15,True,False,-0.0997,77390.29,0.0331,41.0,1.5053
2026-08-23T19:42:03Z,HBARUSDT,COOLING,NONE,0.0,0.0,0.0,1.27,0.0,9759.33,15237.46,True,False,0.0,77390.29,0.0331,1.098,0.07904
2026-08-23T19:42:06Z,ZBCNUSDT,IMPULSE,NONE,0.0,0.0,0.0,24.3,0.0,118.39,2012.8,True,False,0.0,77390.29,0.0331,0.952,0.0018527
2026-08-23T19:42:10Z,PYTHUSDT,IMPULSE,NONE,0.0,0.0,0.0,1.9,0.0,5786.11,3295.26,True,False,0.0,77390.29,0.0331,1.067,0.05258
2026-08-23T19:42:12Z,TELUSDT,COOLING,SELL,31.99,0.0,31.99,61.33,16.66,1450.18,2264.38,True,True,0.1396,77390.29,0.0331,2.057,0.001792
2026-08-23T19:43:08Z,XRPUSDT,COOLING,BUY,14.62,39.36,39.36,2.0,0.67,93251.52,58166.62,True,False,-0.0233,77370.77,-0.0252,1.036,1.5028
2026-08-23T19:43:10Z,HBARUSDT,COOLING,NONE,0.0,0.0,0.0,1.27,0.0,9817.98,28638.65,True,False,0.0,77370.77,-0.0252,0.986,0.07899
2026-08-23T19:43:13Z,ZBCNUSDT,IMPULSE,NONE,0.0,0.0,0.0,22.14,0.0,183.64,2012.8,True,False,0.0,77370.77,-0.0252,2.049,0.001853
2026-08-23T19:43:15Z,PYTHUSDT,IMPULSE,BUY,9.51,19.54,19.54,1.9,-0.0,3388.28,4016.14,True,False,0.019,77370.77,-0.0252,1.053,0.05257
2026-08-23T19:43:58Z,TELUSDT,COOLING,NONE,0.0,0.0,0.0,39.07,0.0,1390.85,2264.38,True,False,0.0,77370.77,-0.0252,0.959,0.001792
2026-08-23T19:45:48Z,XRPUSDT,COOLING,SELL,49.33,0.0,49.33,1.33,0.0,56311.61,59086.6,True,False,0.0,77386.04,0.0197,1.02,1.5062
2026-08-23T19:45:51Z,HBARUSDT,COOLING,NONE,0.0,0.0,0.0,1.27,0.0,11969.18,12811.63,True,False,0.0,77386.04,0.0197,1.032,0.07906
2026-08-23T19:46:33Z,ZBCNUSDT,IMPULSE,SELL,15.72,0.0,15.72,20.52,5.4,115.94,2016.05,True,False,-0.027,77386.04,0.0197,0.971,0.0018584
2026-08-23T19:46:35Z,PYTHUSDT,IMPULSE,SELL,61.7,0.0,61.7,1.9,0.0,6622.35,2450.78,True,False,0.0,77386.04,0.0197,0.95,0.05269
2026-08-23T19:46:37Z,TELUSDT,COOLING,NONE,0.0,0.0,0.0,55.71,0.0,1390.85,2271.19,True,False,0.0,77386.04,0.0197,1.045,0.001795
2026-08-23T19:47:52Z,XRPUSDT,COOLING,NONE,0.0,0.0,0.0,0.66,0.0,116931.82,98094.3,True,False,0.0,77397.76,0.0151,1.047,1.5049
2026-08-23T19:47:54Z,HBARUSDT,COOLING,NONE,0.0,0.0,0.0,1.27,0.0,22968.89,34031.2,True,False,0.0,77397.76,0.0151,1.009,0.07908
2026-08-23T19:47:56Z,ZBCNUSDT,IMPULSE,NONE,0.0,0.0,0.0,18.36,3.24,123.28,2017.13,True,False,0.0216,77397.76,0.0151,1.129,0.0018558
2026-08-23T19:47:58Z,PYTHUSDT,IMPULSE,NONE,0.0,0.0,0.0,5.69,-0.0,8536.55,3662.59,True,False,0.019,77397.76,0.0151,1.003,0.05267
2026-08-23T19:48:01Z,TELUSDT,COOLING,NONE,0.0,0.0,0.0,55.74,0.0,1390.85,2301.44,True,False,0.0,77397.76,0.0151,1.383,0.001799
2026-08-23T19:48:54Z,XRPUSDT,COOLING,SELL,10.43,7.62,10.43,0.66,-0.66,96375.12,78648.85,True,False,-0.01,77420.32,0.0291,1.085,1.505
2026-08-23T19:48:56Z,HBARUSDT,COOLING,NONE,0.0,0.0,0.0,1.27,0.0,9505.34,35382.95,True,False,0.0,77420.32,0.0291,1.057,0.07903
2026-08-23T19:48:59Z,ZBCNUSDT,IMPULSE,NONE,0.0,0.0,0.0,13.49,0.0,96.72,2096.3,True,False,0.0,77420.32,0.0291,1.015,0.0018533
2026-08-23T19:49:01Z,PYTHUSDT,IMPULSE,NONE,0.0,0.0,0.0,1.89,0.0,3315.37,4727.1,True,False,0.0,77420.32,0.0291,1.12,0.0528
2026-08-23T19:49:03Z,TELUSDT,COOLING,NONE,0.0,0.0,0.0,61.3,0.0,1390.85,2264.38,True,False,0.0,77420.32,0.0291,1.04,0.001794
2026-08-23T19:50:52Z,XRPUSDT,COOLING,NONE,0.0,0.0,0.0,2.0,0.0,102356.01,82625.61,True,False,0.0,77397.76,-0.0291,1.002,1.5026
2026-08-23T19:50:54Z,HBARUSDT,COOLING,BUY,0.0,21.58,21.58,1.27,0.0,22019.46,15500.48,True,False,0.0,77397.76,-0.0291,0.907,0.07899
2026-08-23T19:50:56Z,ZBCNUSDT,IMPULSE,NONE,0.0,0.0,0.0,8.63,0.0,128.45,2017.24,True,False,0.0,77397.76,-0.0291,1.013,0.0018551
2026-08-23T19:50:58Z,PYTHUSDT,IMPULSE,NONE,0.0,0.0,0.0,3.79,-0.0,6526.08,3292.5,True,False,0.019,77397.76,-0.0291,0.973,0.0527
2026-08-23T19:51:00Z,TELUSDT,COOLING,BUY,0.0,73.91,73.91,44.59,-11.12,1390.85,2264.38,True,True,-0.0557,77397.76,-0.0291,0.951,0.001794
2026-08-23T19:53:32Z,XRPUSDT,COOLING,BUY,0.0,9.88,9.88,1.34,0.0,74822.18,60581.63,True,False,-0.0134,77389.11,-0.0112,1.045,1.4963
2026-08-23T19:54:15Z,HBARUSDT,COOLING,NONE,0.0,0.0,0.0,1.27,0.0,9524.18,9792.97,True,False,0.0,77389.11,-0.0112,1.133,0.07888
2026-08-23T19:54:18Z,ZBCNUSDT,IMPULSE,NONE,0.0,0.0,0.0,12.44,0.0,159.43,2015.18,True,False,0.0,77389.11,-0.0112,0.975,0.0018489
2026-08-23T19:54:20Z,PYTHUSDT,IMPULSE,BUY,0.0,30.93,30.93,9.52,7.61,3877.82,4655.94,True,False,0.0381,77389.11,-0.0112,1.105,0.05251
2026-08-23T19:54:22Z,TELUSDT,COOLING,NONE,0.0,0.0,0.0,39.03,-16.68,1390.85,2543.72,True,False,-0.0836,77389.11,-0.0112,1.001,0.001796
2026-08-23T19:58:38Z,XRPUSDT,COOLING,NONE,0.0,0.0,0.0,1.33,0.0,102315.16,48994.4,True,False,0.0,77361.05,-0.0363,1.098,1.5
2026-08-23T19:58:40Z,HBARUSDT,COOLING,NONE,0.0,0.0,0.0,1.27,0.0,17884.88,28707.38,True,False,0.0,77361.05,-0.0363,1.074,0.07893
2026-08-23T19:58:42Z,ZBCNUSDT,IMPULSE,SELL,15.4,0.0,15.4,18.32,0.0,119.02,95.23,True,False,0.0,77361.05,-0.0363,1.172,0.0018533
2026-08-23T19:58:43Z,PYTHUSDT,IMPULSE,NONE,0.0,0.0,0.0,1.91,0.0,7892.86,3452.06,True,False,0.0,77361.05,-0.0363,0.915,0.05248
2026-08-23T20:00:09Z,TELUSDT,COOLING,NONE,0.0,0.0,0.0,55.68,16.67,442.97,2543.72,True,False,0.0836,77361.05,-0.0363,2.086,0.001794
2026-08-23T20:02:03Z,XRPUSDT,COOLING,SELL,0.96,0.22,0.96,2.01,0.0,112065.53,61783.44,True,False,-0.1269,77316.02,-0.0582,41.361,1.4985
2026-08-23T20:02:05Z,HBARUSDT,COOLING,NONE,0.0,0.0,0.0,1.27,0.0,12426.87,23870.13,True,False,0.0,77316.02,-0.0582,1.047,0.07884
2026-08-23T20:02:06Z,ZBCNUSDT,IMPULSE,NONE,0.0,0.0,0.0,30.85,-1.08,101.05,612.36,True,False,0.0,77316.02,-0.0582,0.948,0.0018484
2026-08-23T20:02:08Z,PYTHUSDT,IMPULSE,BUY,11.73,52.27,52.27,1.91,0.0,7754.39,3610.61,True,True,-0.0191,77316.02,-0.0582,0.907,0.05241
2026-08-23T20:02:10Z,TELUSDT,COOLING,NONE,0.0,0.0,0.0,44.84,0.0,1586.15,2931.76,True,False,0.0,77316.02,-0.0582,0.947,0.001796
2026-08-23T20:04:02Z,XRPUSDT,COOLING,BUY,0.0,13.02,13.02,0.67,-0.67,129651.53,104674.14,True,False,-0.0033,77257.92,-0.0751,1.636,1.4931
2026-08-23T20:04:06Z,HBARUSDT,COOLING,NONE,0.0,0.0,0.0,1.27,0.0,25740.17,10918.06,True,False,0.0,77257.92,-0.0751,1.952,0.07882
2026-08-23T20:04:08Z,ZBCNUSDT,IMPULSE,NONE,0.0,0.0,0.0,32.02,0.0,88.88,378.32,True,False,0.0,77257.92,-0.0751,0.944,0.0018457
2026-08-23T20:04:09Z,PYTHUSDT,IMPULSE,SELL,4.96,0.0,4.96,7.68,0.0,4986.54,3834.51,True,False,0.0,77257.92,-0.0751,1.05,0.0521
2026-08-23T20:04:11Z,TELUSDT,COOLING,NONE,0.0,0.0,0.0,11.23,0.0,941.01,2591.28,True,False,0.0,77257.92,-0.0751,1.031,0.001782
2026-08-23T20:05:48Z,XRPUSDT,COOLING,SELL,16.2,10.39,16.2,1.34,-1.34,120454.09,104424.88,True,True,-0.0067,77235.89,-0.0285,1.053,1.496
2026-08-23T20:06:30Z,HBARUSDT,COOLING,NONE,0.0,0.0,0.0,1.27,0.0,11523.11,10472.32,True,False,0.0,77235.89,-0.0285,1.122,0.07886
2026-08-23T20:06:32Z,PYTHUSDT,IMPULSE,SELL,37.02,0.0,37.02,15.44,-0.01,5026.65,2612.24,True,True,0.0579,77235.89,-0.0285,0.999,0.05187
2026-08-23T20:06:34Z,TELUSDT,COOLING,NONE,0.0,0.0,0.0,22.45,0.0,1592.54,2591.28,True,False,0.0,77235.89,-0.0285,1.096,0.00179
2026-08-23T20:06:35Z,RWAINCUSDT,COOLING,NONE,0.0,0.0,0.0,30.2,-5.02,1395.5,1425.17,True,False,-0.0252,77235.89,-0.0285,1.089,0.001991
2026-08-23T20:07:06Z,XRPUSDT,COOLING,BUY,0.0,21.2,21.2,0.67,0.0,108347.83,70351.95,True,False,0.0,77225.85,-0.013,1.124,1.4952
2026-08-23T20:07:07Z,HBARUSDT,COOLING,NONE,0.0,0.0,0.0,1.27,0.0,11286.03,9346.65,True,False,0.0,77225.85,-0.013,0.963,0.07874
2026-08-23T20:07:11Z,PYTHUSDT,IMPULSE,BUY,43.33,55.53,55.53,1.93,-0.0,6743.5,4287.88,True,False,0.0386,77225.85,-0.013,0.977,0.0518
2026-08-23T20:07:14Z,TELUSDT,COOLING,NONE,0.0,0.0,0.0,22.45,0.0,941.01,2628.04,True,False,0.0,77225.85,-0.013,1.003,0.001783
2026-08-23T20:07:16Z,RWAINCUSDT,COOLING,NONE,0.0,0.0,0.0,45.26,10.04,1395.5,1425.17,True,False,0.0503,77225.85,-0.013,1.036,0.001991
2026-08-23T20:07:48Z,XRPUSDT,COOLING,NONE,0.0,0.0,0.0,0.67,-0.67,109515.71,121719.46,True,False,0.0033,77238.95,0.017,1.019,1.4974
2026-08-23T20:07:50Z,HBARUSDT,COOLING,NONE,0.0,0.0,0.0,1.27,0.0,20745.76,10307.25,True,False,0.0,77238.95,0.017,1.08,0.07874
2026-08-23T20:07:52Z,PYTHUSDT,IMPULSE,NONE,0.0,0.0,0.0,1.93,0.0,2827.45,2820.52,True,False,-0.0193,77238.95,0.017,1.242,0.05181
2026-08-23T20:07:54Z,TELUSDT,COOLING,NONE,0.0,0.0,0.0,22.45,0.0,941.01,2628.04,True,False,0.0,77238.95,0.017,1.004,0.001782
2026-08-23T20:07:57Z,RWAINCUSDT,COOLING,NONE,0.0,0.0,0.0,45.26,10.04,1395.5,1425.17,True,False,0.0503,77238.95,0.017,2.01,0.001991
2026-08-23T20:12:56Z,XRPUSDT,COOLING,NONE,0.0,0.0,0.0,1.33,0.0,69444.71,82039.65,True,False,0.0,77281.35,0.0549,1.012,1.5006
2026-08-23T20:12:58Z,HBARUSDT,COOLING,NONE,0.0,0.0,0.0,1.27,0.0,9088.55,10333.64,True,False,0.0,77281.35,0.0549,1.016,0.07893
2026-08-23T20:13:00Z,PYTHUSDT,IMPULSE,SELL,61.52,0.0,61.52,1.92,-0.0,7918.29,6545.26,True,False,0.0192,77281.35,0.0549,1.111,0.05207
2026-08-23T20:13:02Z,TELUSDT,COOLING,NONE,0.0,0.0,0.0,16.84,0.0,524.72,2591.28,True,False,0.0,77281.35,0.0549,1.09,0.001781
2026-08-23T20:13:05Z,RWAINCUSDT,COOLING,NONE,0.0,0.0,0.0,35.22,0.0,1395.5,1425.17,True,False,0.0,77281.35,0.0549,1.082,0.001991
2026-08-23T20:14:18Z,XRPUSDT,COOLING,NONE,0.0,0.0,0.0,2.67,0.67,73751.43,83242.45,True,False,0.0167,77272.14,-0.0119,0.969,1.4992
2026-08-23T20:14:20Z,HBARUSDT,COOLING,SELL,23.71,0.0,23.71,1.27,0.0,14388.85,10174.04,True,False,0.0,77272.14,-0.0119,0.941,0.07882
2026-08-23T20:14:22Z,PYTHUSDT,IMPULSE,NONE,0.0,0.0,0.0,1.92,0.0,3385.65,5230.93,True,False,0.0,77272.14,-0.0119,0.995,0.05206
2026-08-23T20:14:24Z,TELUSDT,COOLING,NONE,0.0,0.0,0.0,16.84,0.0,940.98,2591.28,True,False,0.0,77272.14,-0.0119,1.367,0.001782
2026-08-23T20:15:06Z,RWAINCUSDT,COOLING,NONE,0.0,0.0,0.0,30.2,-5.02,1395.5,1425.17,True,False,-0.0252,77272.14,-0.0119,40.894,0.001991
2026-08-23T20:16:18Z,XRPUSDT,COOLING,NONE,0.0,0.0,0.0,0.67,-0.67,104008.26,90709.79,True,False,-0.0033,77270.99,-0.0015,0.962,1.4993
2026-08-23T20:16:20Z,HBARUSDT,COOLING,NONE,0.0,0.0,0.0,1.27,0.0,13807.15,9110.91,True,False,0.0,77270.99,-0.0015,0.994,0.07891
2026-08-23T20:16:24Z,PYTHUSDT,IMPULSE,SELL,2.44,0.36,2.44,5.75,0.0,2744.15,4713.77,True,False,0.0,77270.99,-0.0015,2.627,0.05215
2026-08-23T20:16:27Z,TELUSDT,COOLING,NONE,0.0,0.0,0.0,16.84,0.0,940.98,2591.28,True,False,0.0,77270.99,-0.0015,1.996,0.00178
2026-08-23T20:16:29Z,RWAINCUSDT,COOLING,NONE,0.0,0.0,0.0,30.2,-15.06,1395.5,1425.17,True,False,-0.0754,77270.99,-0.0015,0.944,0.001991
2026-08-23T20:20:50Z,XRPUSDT,COOLING,SELL,6.78,0.0,6.78,0.66,-0.0,80524.29,71213.74,True,False,0.0332,77325.4,0.0704,0.969,1.5035
2026-08-23T20:20:52Z,HBARUSDT,COOLING,SELL,43.26,0.0,43.26,1.26,-0.0,9797.46,21530.39,True,False,0.038,77325.4,0.0704,1.008,0.07892
2026-08-23T20:21:34Z,PYTHUSDT,IMPULSE,SELL,0.8,0.43,0.8,1.91,-1.91,5134.55,5604.21,True,False,0.0287,77325.4,0.0704,41.016,0.05227
2026-08-23T20:21:36Z,TELUSDT,COOLING,SELL,10.95,0.0,10.95,39.25,0.0,368.84,2253.4,True,False,0.0,77325.4,0.0704,0.872,0.001784
2026-08-23T20:21:38Z,RWAINCUSDT,COOLING,NONE,0.0,0.0,0.0,35.22,0.0,1395.5,1425.17,True,False,0.0,77325.4,0.0704,0.937,0.001991
2026-08-23T20:23:30Z,XRPUSDT,COOLING,NONE,0.0,0.0,0.0,1.99,0.0,99801.3,64888.04,True,False,0.0,77359.99,0.0447,1.01,1.5046
2026-08-23T20:23:32Z,HBARUSDT,COOLING,NONE,0.0,0.0,0.0,1.27,0.0,37943.05,24290.48,True,False,0.0,77359.99,0.0447,1.202,0.07907
2026-08-23T20:23:35Z,PYTHUSDT,IMPULSE,NONE,0.0,0.0,0.0,1.91,0.0,3403.0,4888.83,True,False,0.0,77359.99,0.0447,0.937,0.05234
2026-08-23T20:23:36Z,TELUSDT,COOLING,NONE,0.0,0.0,0.0,44.84,0.0,1469.64,2254.6,True,False,0.0,77359.99,0.0447,1.034,0.001784
2026-08-23T20:24:18Z,RWAINCUSDT,COOLING,NONE,0.0,0.0,0.0,30.2,-5.02,1395.5,1425.17,True,False,-0.0252,77359.99,0.0447,40.878,0.001991
2026-08-23T20:25:30Z,XRPUSDT,COOLING,NONE,0.0,0.0,0.0,2.66,2.0,113170.51,52488.47,True,False,-0.01,77372.17,0.0157,1.06,1.5015
2026-08-23T20:25:31Z,HBARUSDT,COOLING,BUY,0.0,55.59,55.59,1.27,0.0,44213.04,25013.7,True,True,0.0,77372.17,0.0157,1.043,0.07905
2026-08-23T20:25:35Z,PYTHUSDT,IMPULSE,NONE,0.0,0.0,0.0,1.91,0.0,6647.66,4623.0,True,False,0.0,77372.17,0.0157,2.12,0.05236
2026-08-23T20:25:37Z,TELUSDT,COOLING,NONE,0.0,0.0,0.0,28.05,0.0,1425.91,1367.22,True,False,0.0,77372.17,0.0157,0.916,0.001784
2026-08-23T20:25:39Z,RWAINCUSDT,COOLING,NONE,0.0,0.0,0.0,35.22,0.0,1395.5,1425.17,True,False,0.0,77372.17,0.0157,1.061,0.001991
2026-08-23T20:26:34Z,XRPUSDT,COOLING,NONE,0.0,0.0,0.0,1.99,-1.33,75790.81,76432.65,True,False,0.0,77388.3,0.0208,0.916,1.5043
2026-08-23T20:26:36Z,HBARUSDT,COOLING,NONE,0.0,0.0,0.0,1.26,0.0,18704.33,10160.96,True,False,0.0,77388.3,0.0208,1.045,0.07906
2026-08-23T20:26:38Z,PYTHUSDT,IMPULSE,SELL,58.35,0.0,58.35,1.91,0.0,6457.1,4977.99,True,True,0.0,77388.3,0.0208,0.983,0.05235
2026-08-23T20:26:41Z,TELUSDT,COOLING,NONE,0.0,0.0,0.0,50.41,0.0,1431.55,2631.96,True,False,0.0,77388.3,0.0208,1.163,0.001781
2026-08-23T20:26:45Z,RWAINCUSDT,COOLING,NONE,0.0,0.0,0.0,35.22,-10.04,1395.5,1425.17,True,False,-0.0503,77388.3,0.0208,2.16,0.001991
2026-08-23T20:29:18Z,XRPUSDT,COOLING,NONE,0.0,0.0,0.0,1.33,0.67,104636.11,80075.27,True,False,0.0033,77407.01,0.0242,1.968,1.5024
2026-08-23T20:29:21Z,HBARUSDT,COOLING,NONE,0.0,0.0,0.0,1.27,0.0,31231.16,10839.58,True,False,0.0,77407.01,0.0242,1.984,0.07897
2026-08-23T20:29:23Z,PYTHUSDT,IMPULSE,NONE,0.0,0.0,0.0,1.91,0.0,6799.31,7483.33,True,False,0.0,77407.01,0.0242,0.942,0.0523
2026-08-23T20:29:24Z,TELUSDT,COOLING,NONE,0.0,0.0,0.0,22.45,0.0,1435.08,2595.12,True,False,0.0,77407.01,0.0242,0.966,0.001787
2026-08-23T20:29:26Z,RWAINCUSDT,COOLING,NONE,0.0,0.0,0.0,45.26,15.06,1395.5,1425.17,True,False,0.0755,77407.01,0.0242,0.994,0.001991
2026-08-23T20:29:57Z,XRPUSDT,COOLING,NONE,0.0,0.0,0.0,1.33,0.0,507294.47,120573.48,True,False,0.0,77388.29,-0.0242,1.07,1.501
2026-08-23T20:30:00Z,HBARUSDT,COOLING,SELL,20.85,0.0,20.85,1.27,0.0,17586.8,9802.49,True,False,0.0,77388.29,-0.0242,2.056,0.07894
2026-08-23T20:30:03Z,PYTHUSDT,IMPULSE,SELL,5.3,0.0,5.3,3.83,0.0,3225.65,4620.16,True,False,0.0,77388.29,-0.0242,2.007,0.05224
2026-08-23T20:30:05Z,TELUSDT,COOLING,NONE,0.0,0.0,0.0,16.83,0.0,1468.3,2595.12,True,False,0.0,77388.29,-0.0242,1.062,0.001785
2026-08-23T20:30:08Z,RWAINCUSDT,COOLING,NONE,0.0,0.0,0.0,40.24,0.0,1404.05,1425.17,True,False,0.0,77388.29,-0.0242,1.011,0.001991
2026-08-23T20:33:44Z,XRPUSDT,COOLING,BUY,0.0,0.81,0.81,1.33,-0.66,74354.06,99812.44,True,False,-0.0631,77411.92,0.0305,41.048,1.5053
2026-08-23T20:33:46Z,HBARUSDT,COOLING,NONE,0.0,0.0,0.0,1.27,0.0,28766.05,9377.08,True,False,0.0,77411.92,0.0305,1.079,0.07895
2026-08-23T20:33:48Z,PYTHUSDT,IMPULSE,NONE,0.0,0.0,0.0,7.65,0.0,7318.9,3872.79,True,False,0.0,77411.92,0.0305,1.077,0.05233
2026-08-23T20:33:50Z,TELUSDT,COOLING,NONE,0.0,0.0,0.0,22.43,0.0,1457.67,2595.12,True,False,0.0,77411.92,0.0305,1.023,0.001784
2026-08-23T20:33:53Z,RWAINCUSDT,COOLING,NONE,0.0,0.0,0.0,45.26,15.06,1404.05,1425.17,True,False,0.0755,77411.92,0.0305,1.148,0.001991
2026-08-23T20:34:23Z,XRPUSDT,COOLING,NONE,0.0,0.0,0.0,1.33,0.0,70083.97,104935.4,True,False,0.0,77397.77,-0.0183,1.097,1.5034
2026-08-23T20:34:25Z,HBARUSDT,COOLING,NONE,0.0,0.0,0.0,1.27,0.0,15470.35,10284.59,True,False,0.0,77397.77,-0.0183,0.908,0.07899
2026-08-23T20:34:29Z,PYTHUSDT,IMPULSE,NONE,0.0,0.0,0.0,1.91,0.0,6636.08,2705.67,True,False,0.0,77397.77,-0.0183,2.098,0.05223
2026-08-23T20:34:31Z,TELUSDT,COOLING,NONE,0.0,0.0,0.0,44.82,0.0,1459.05,2595.12,True,False,0.0,77397.77,-0.0183,0.935,0.001784
2026-08-23T20:34:33Z,RWAINCUSDT,COOLING,NONE,0.0,0.0,0.0,30.2,0.0,1404.05,1425.17,True,False,0.0,77397.77,-0.0183,0.954,0.001991
2026-08-23T20:36:22Z,XRPUSDT,COOLING,SELL,0.02,0.0,0.02,2.0,0.0,97374.24,95137.63,True,False,-0.0133,77394.72,-0.0039,0.965,1.5018
2026-08-23T20:36:24Z,HBARUSDT,COOLING,NONE,0.0,0.0,0.0,1.27,0.0,17505.83,23330.03,True,False,0.0,77394.72,-0.0039,1.044,0.079
2026-08-23T20:36:26Z,PYTHUSDT,IMPULSE,NONE,0.0,0.0,0.0,1.92,0.0,8856.59,3185.33,True,False,0.0,77394.72,-0.0039,2.042,0.05213
2026-08-23T20:36:28Z,TELUSDT,COOLING,NONE,0.0,0.0,0.0,11.22,0.0,1492.13,2595.12,True,False,0.0,77394.72,-0.0039,1.102,0.001788
2026-08-23T20:36:31Z,RWAINCUSDT,COOLING,NONE,0.0,0.0,0.0,30.2,0.0,1404.05,1425.17,True,False,0.0,77394.72,-0.0039,0.988,0.001991
2026-08-23T20:40:05Z,XRPUSDT,COOLING,SELL,0.02,0.0,0.02,2.0,0.0,93955.52,69754.51,True,False,0.0,77412.56,0.0231,1.048,1.5022
2026-08-23T20:40:08Z,HBARUSDT,COOLING,BUY,21.82,43.19,43.19,1.27,0.0,41375.24,26167.55,True,False,-0.0253,77412.56,0.0231,1.044,0.07904
2026-08-23T20:40:10Z,PYTHUSDT,IMPULSE,BUY,2.15,32.99,32.99,5.76,-1.92,6207.26,3067.22,True,True,0.0096,77412.56,0.0231,0.939,0.05209
2026-08-23T20:40:11Z,TELUSDT,COOLING,NONE,0.0,0.0,0.0,56.37,0.0,1391.29,2256.35,True,False,0.0,77412.56,0.0231,1.028,0.001774
2026-08-23T20:40:13Z,RWAINCUSDT,COOLING,NONE,0.0,0.0,0.0,40.24,0.0,1404.05,1425.17,True,False,0.0,77412.56,0.0231,0.935,0.001991
2026-08-23T20:40:42Z,XRPUSDT,COOLING,NONE,0.0,0.0,0.0,2.0,0.0,64823.31,80737.86,True,False,0.0,77411.83,-0.0009,1.918,1.5017
2026-08-23T20:40:45Z,HBARUSDT,COOLING,NONE,0.0,0.0,0.0,1.27,0.0,31020.87,28162.04,True,False,0.0,77411.83,-0.0009,1.041,0.07904
2026-08-23T20:40:49Z,PYTHUSDT,IMPULSE,NONE,0.0,0.0,0.0,1.92,0.0,7401.37,4632.52,True,False,0.0,77411.83,-0.0009,1.888,0.05204
2026-08-23T20:40:52Z,TELUSDT,COOLING,NONE,0.0,0.0,0.0,56.37,0.0,1391.29,2256.35,True,False,0.0,77411.83,-0.0009,1.893,0.001777
2026-08-23T20:40:54Z,RWAINCUSDT,COOLING,NONE,0.0,0.0,0.0,50.28,0.0,1404.05,1425.17,True,False,0.0,77411.83,-0.0009,1.021,0.001994
2026-08-23T20:41:26Z,XRPUSDT,COOLING,SELL,19.15,0.0,19.15,2.66,1.33,132973.71,79253.21,True,False,0.02,77412.54,0.0009,1.107,1.5011
2026-08-23T20:41:28Z,HBARUSDT,COOLING,BUY,0.0,40.18,40.18,2.53,0.0,12246.4,20243.14,True,False,0.0,77412.54,0.0009,1.068,0.07894
2026-08-23T20:41:30Z,PYTHUSDT,IMPULSE,SELL,4.53,0.0,4.53,1.92,0.0,7372.31,2575.95,True,False,-0.0192,77412.54,0.0009,1.033,0.05206
2026-08-23T20:41:32Z,TELUSDT,COOLING,NONE,0.0,0.0,0.0,78.87,0.0,1391.29,2256.35,True,False,0.0,77412.54,0.0009,1.031,0.001769
2026-08-23T20:41:35Z,RWAINCUSDT,COOLING,NONE,0.0,0.0,0.0,45.26,0.0,1404.05,1425.17,True,False,0.0,77412.54,0.0009,0.997,0.001994
2026-08-23T20:44:29Z,XRPUSDT,COOLING,BUY,0.0,0.13,0.13,2.66,-0.67,118316.9,113936.73,True,False,0.0033,77440.71,0.0364,1.186,1.5025
2026-08-23T20:44:32Z,HBARUSDT,COOLING,NONE,0.0,0.0,0.0,1.27,0.0,27645.35,10293.99,True,False,0.0,77440.71,0.0364,0.977,0.07895
2026-08-23T20:44:34Z,PYTHUSDT,IMPULSE,NONE,0.0,0.0,0.0,1.91,0.0,5615.69,2789.86,True,False,0.0,77440.71,0.0364,1.087,0.05222
2026-08-23T20:44:36Z,TELUSDT,COOLING,NONE,0.0,0.0,0.0,62.02,0.0,1391.29,2256.35,True,False,0.0,77440.71,0.0364,1.042,0.001773
2026-08-23T20:44:38Z,RWAINCUSDT,COOLING,NONE,0.0,0.0,0.0,45.26,0.0,1404.05,1425.17,True,False,0.0,77440.71,0.0364,1.049,0.001994
2026-08-23T20:45:06Z,XRPUSDT,COOLING,NONE,0.0,0.0,0.0,1.33,-0.67,92511.57,69594.65,True,False,-0.0033,77421.72,-0.0245,1.086,1.5026
2026-08-23T20:45:08Z,HBARUSDT,COOLING,NONE,0.0,0.0,0.0,1.27,0.0,32397.92,22403.33,True,False,0.0,77421.72,-0.0245,0.905,0.07896
2026-08-23T20:45:10Z,PYTHUSDT,IMPULSE,BUY,0.0,0.02,0.02,1.92,0.0,5561.03,2994.63,True,False,-0.0191,77421.72,-0.0245,1.066,0.05219
2026-08-23T20:45:12Z,TELUSDT,COOLING,NONE,0.0,0.0,0.0,62.02,0.0,1500.41,2257.55,True,False,0.0,77421.72,-0.0245,1.068,0.001773
2026-08-23T20:45:15Z,RWAINCUSDT,COOLING,NONE,0.0,0.0,0.0,45.26,0.0,1404.05,1425.17,True,False,0.0,77421.72,-0.0245,1.976,0.001994
2026-08-23T20:46:25Z,XRPUSDT,COOLING,SELL,1.29,0.0,1.29,2.0,0.0,606419.6,115447.56,True,False,-0.0133,77397.22,-0.0316,0.944,1.501
2026-08-23T20:46:27Z,HBARUSDT,COOLING,SELL,70.98,0.0,70.98,1.27,0.0,37896.53,21565.1,True,False,0.0,77397.22,-0.0316,0.999,0.07888
2026-08-23T20:46:29Z,PYTHUSDT,IMPULSE,NONE,0.0,0.0,0.0,1.91,0.0,6984.47,3106.32,True,False,0.0,77397.22,-0.0316,0.941,0.05223
2026-08-23T20:46:31Z,TELUSDT,COOLING,BUY,0.0,0.2,0.2,45.15,0.0,1552.15,2290.84,True,False,0.0,77397.22,-0.0316,1.059,0.001774
2026-08-23T20:46:33Z,RWAINCUSDT,COOLING,NONE,0.0,0.0,0.0,45.26,0.0,1404.05,1425.17,True,False,0.0,77397.22,-0.0316,1.911,0.001994
2026-08-23T20:48:54Z,XRPUSDT,COOLING,BUY,19.83,22.63,22.63,2.66,0.0,121831.89,145121.1,True,False,0.0,77428.48,0.0404,1.052,1.5021
2026-08-23T20:48:56Z,HBARUSDT,COOLING,SELL,63.64,0.0,63.64,1.27,0.0,30375.68,16925.58,True,False,0.0,77428.48,0.0404,1.043,0.07897
2026-08-23T20:48:58Z,PYTHUSDT,IMPULSE,NONE,0.0,0.0,0.0,1.91,0.0,3052.89,2244.37,True,False,0.0,77428.48,0.0404,1.125,0.05231
2026-08-23T20:49:00Z,TELUSDT,COOLING,NONE,0.0,0.0,0.0,45.02,0.0,1425.91,2257.55,True,False,0.0,77428.48,0.0404,1.087,0.001778
2026-08-23T20:49:02Z,RWAINCUSDT,COOLING,NONE,0.0,0.0,0.0,45.26,0.0,1404.05,1425.17,True,False,0.0,77428.48,0.0404,0.981,0.001994
2026-08-23T20:51:33Z,XRPUSDT,COOLING,NONE,0.0,0.0,0.0,2.0,0.0,92864.3,73863.47,True,False,0.0,77407.45,-0.0272,1.054,1.5007
2026-08-23T20:51:36Z,HBARUSDT,COOLING,NONE,0.0,0.0,0.0,1.27,0.0,9524.64,14687.86,True,False,0.0,77407.45,-0.0272,0.925,0.07899
2026-08-23T20:51:39Z,PYTHUSDT,IMPULSE,NONE,0.0,0.0,0.0,1.91,-0.0,7417.46,3663.68,True,False,0.0192,77407.45,-0.0272,1.204,0.05222
2026-08-23T20:51:42Z,TELUSDT,COOLING,NONE,0.0,0.0,0.0,50.69,0.0,1425.91,2257.55,True,False,0.0,77407.45,-0.0272,1.302,0.001774
2026-08-23T20:51:44Z,RWAINCUSDT,COOLING,NONE,0.0,0.0,0.0,55.29,0.0,1368.08,1425.17,True,False,0.0,77407.45,-0.0272,1.112,0.001994
2026-08-23T20:52:19Z,XRPUSDT,COOLING,NONE,0.0,0.0,0.0,2.67,0.0,98862.72,69128.35,True,False,0.0,77425.65,0.0235,0.957,1.4996
2026-08-23T20:52:21Z,HBARUSDT,COOLING,NONE,0.0,0.0,0.0,1.27,0.0,28618.86,12487.45,True,False,0.0,77425.65,0.0235,1.015,0.07903
2026-08-23T20:52:24Z,PYTHUSDT,IMPULSE,BUY,0.0,9.0,9.0,1.92,-0.0,5906.25,4930.86,True,False,0.0192,77425.65,0.0235,1.974,0.05218
2026-08-23T20:52:25Z,TELUSDT,COOLING,NONE,0.0,0.0,0.0,39.45,0.0,1425.91,2257.55,True,False,0.0,77425.65,0.0235,0.95,0.001777
2026-08-23T20:52:28Z,RWAINCUSDT,COOLING,NONE,0.0,0.0,0.0,55.29,0.0,1368.08,1425.17,True,False,0.0,77425.65,0.0235,2.057,0.001994
2026-08-23T20:54:45Z,XRPUSDT,COOLING,NONE,0.0,0.0,0.0,2.0,0.67,125427.59,98595.83,True,False,-0.01,77393.04,-0.0421,2.038,1.4997
2026-08-23T20:54:50Z,HBARUSDT,COOLING,SELL,0.15,0.0,0.15,1.26,0.0,10691.03,10348.83,True,False,0.0,77393.04,-0.0421,2.056,0.07906
2026-08-23T20:54:52Z,PYTHUSDT,IMPULSE,SELL,9.11,0.0,9.11,1.92,-0.0,7682.82,4361.99,True,False,0.0192,77393.04,-0.0421,1.119,0.05218
2026-08-23T20:54:53Z,TELUSDT,COOLING,NONE,0.0,0.0,0.0,50.69,0.0,1425.91,2257.55,True,False,0.0,77393.04,-0.0421,1.017,0.001777
2026-08-23T20:54:55Z,RWAINCUSDT,COOLING,NONE,0.0,0.0,0.0,90.32,0.0,1376.08,1425.17,True,False,0.0,77393.04,-0.0421,0.956,0.001994
2026-08-23T20:55:26Z,XRPUSDT,COOLING,NONE,0.0,0.0,0.0,2.0,0.0,93192.63,115712.24,True,False,-0.0067,77392.55,-0.0006,0.922,1.4997
2026-08-23T20:55:28Z,HBARUSDT,COOLING,NONE,0.0,0.0,0.0,1.26,-2.53,10535.46,15201.7,True,False,0.0126,77392.55,-0.0006,0.963,0.0791
2026-08-23T20:55:30Z,PYTHUSDT,IMPULSE,NONE,0.0,0.0,0.0,3.83,1.92,5749.79,5045.78,True,False,-0.0096,77392.55,-0.0006,0.956,0.05219
2026-08-23T20:55:31Z,TELUSDT,COOLING,NONE,0.0,0.0,0.0,28.1,0.0,2152.55,988.24,True,False,0.0,77392.55,-0.0006,1.203,0.001777
2026-08-23T20:55:34Z,RWAINCUSDT,COOLING,NONE,0.0,0.0,0.0,55.29,0.0,1380.87,1425.17,True,False,0.0,77392.55,-0.0006,1.05,0.001994
2026-08-23T20:56:04Z,XRPUSDT,COOLING,NONE,0.0,0.0,0.0,2.0,0.0,107967.86,86475.31,True,False,0.0,77402.46,0.0128,1.14,1.4997
2026-08-23T20:56:46Z,HBARUSDT,COOLING,BUY,0.0,1.49,1.49,1.27,0.0,10535.46,30824.27,True,False,-0.0758,77402.46,0.0128,40.93,0.07914
2026-08-23T20:56:48Z,PYTHUSDT,IMPULSE,BUY,0.0,31.97,31.97,1.92,0.0,7037.64,6250.53,True,False,0.0,77402.46,0.0128,0.983,0.05216
2026-08-23T20:56:50Z,TELUSDT,COOLING,NONE,0.0,0.0,0.0,16.85,0.0,2152.5,1091.86,True,False,0.0,77402.46,0.0128,0.909,0.001779
2026-08-23T20:56:51Z,RWAINCUSDT,COOLING,NONE,0.0,0.0,0.0,50.28,0.0,1380.87,1425.17,True,False,0.0,77402.46,0.0128,0.917,0.001994
2026-08-23T20:59:55Z,XRPUSDT,COOLING,NONE,0.0,0.0,0.0,1.33,0.67,102750.38,71744.54,True,False,0.0233,77397.95,-0.0058,1.063,1.5008
2026-08-23T20:59:58Z,HBARUSDT,COOLING,NONE,0.0,0.0,0.0,1.26,0.0,12920.66,21434.3,True,False,0.0,77397.95,-0.0058,0.933,0.07899
2026-08-23T20:59:59Z,PYTHUSDT,IMPULSE,SELL,1.74,0.0,1.74,1.92,0.0,7911.52,4285.65,True,False,-0.0192,77397.95,-0.0058,0.925,0.05216
2026-08-23T21:00:01Z,TELUSDT,COOLING,NONE,0.0,0.0,0.0,28.1,0.0,1500.89,1653.64,True,False,0.0,77397.95,-0.0058,1.039,0.001778
2026-08-23T21:00:03Z,RWAINCUSDT,COOLING,NONE,0.0,0.0,0.0,55.29,0.0,1369.16,1425.17,True,False,0.0,77397.95,-0.0058,1.024,0.001994
2026-08-23T21:00:34Z,XRPUSDT,COOLING,NONE,0.0,0.0,0.0,2.0,0.0,122447.43,72723.78,True,False,0.0,77416.36,0.0238,0.903,1.5014
2026-08-23T21:00:36Z,HBARUSDT,COOLING,SELL,61.61,0.0,61.61,1.26,-0.0,27415.96,15457.74,True,False,0.0126,77416.36,0.0238,0.989,0.07899
2026-08-23T21:00:39Z,PYTHUSDT,IMPULSE,BUY,0.0,19.82,19.82,1.92,0.0,7863.14,6694.56,True,False,0.0,77416.36,0.0238,1.144,0.05217
2026-08-23T21:00:41Z,TELUSDT,COOLING,NONE,0.0,0.0,0.0,44.99,0.0,2152.5,1653.64,True,False,0.0,77416.36,0.0238,1.083,0.001779
2026-08-23T21:00:43Z,RWAINCUSDT,COOLING,NONE,0.0,0.0,0.0,55.29,0.0,1369.16,1425.17,True,False,0.0,77416.36,0.0238,1.045,0.001994
2026-08-23T21:01:12Z,XRPUSDT,COOLING,NONE,0.0,0.0,0.0,0.66,-0.66,45480.31,67367.91,True,False,-0.0033,77438.87,0.0291,1.007,1.5039
2026-08-23T21:01:14Z,HBARUSDT,COOLING,NONE,0.0,0.0,0.0,1.26,0.0,10712.5,24863.18,True,False,0.0,77438.87,0.0291,1.02,0.07912
2026-08-23T21:01:17Z,PYTHUSDT,IMPULSE,NONE,0.0,0.0,0.0,1.92,0.0,6400.52,4054.81,True,False,0.0,77438.87,0.0291,1.529,0.05217
2026-08-23T21:01:19Z,TELUSDT,COOLING,NONE,0.0,0.0,0.0,33.73,0.0,1487.0,1371.48,True,False,0.0,77438.87,0.0291,1.114,0.001778
2026-08-23T21:01:21Z,RWAINCUSDT,COOLING,NONE,0.0,0.0,0.0,55.29,0.0,1370.48,1425.17,True,False,0.0,77438.87,0.0291,1.07,0.001994
2026-08-23T21:04:14Z,XRPUSDT,COOLING,BUY,16.17,77.94,77.94,1.32,0.0,85797.26,81209.69,True,False,-0.0198,77666.0,0.2933,0.9,1.5156
2026-08-23T21:04:16Z,HBARUSDT,COOLING,SELL,0.3,0.0,0.3,2.52,0.0,9843.31,5567.08,True,False,0.0,77666.0,0.2933,0.964,0.07936
2026-08-23T21:04:18Z,TELUSDT,COOLING,NONE,0.0,0.0,0.0,33.73,0.0,2591.1,1113.76,True,False,0.0,77666.0,0.2933,0.907,0.001779
2026-08-23T21:04:20Z,RWAINCUSDT,COOLING,NONE,0.0,0.0,0.0,55.29,0.0,1370.48,1425.17,True,False,0.0,77666.0,0.2933,0.926,0.001994
2026-08-23T21:04:22Z,EDELUSDT,COOLING,NONE,0.0,0.0,0.0,68.26,0.0,941.54,780.26,True,False,0.0,77666.0,0.2933,0.912,0.00879
2026-08-23T21:04:58Z,XRPUSDT,COOLING,SELL,28.87,6.7,28.87,1.32,0.66,160453.99,80176.05,True,False,0.0428,77619.07,-0.0604,2.067,1.5194
2026-08-23T21:05:01Z,HBARUSDT,COOLING,BUY,0.0,16.8,16.8,1.26,0.0,12814.15,11427.32,True,False,0.0,77619.07,-0.0604,0.999,0.07935
2026-08-23T21:05:03Z,TELUSDT,COOLING,BUY,0.0,50.66,50.66,39.36,0.0,2592.3,2261.53,True,False,0.0,77619.07,-0.0604,1.021,0.001779
2026-08-23T21:05:05Z,RWAINCUSDT,COOLING,NONE,0.0,0.0,0.0,55.29,0.0,1370.48,1425.17,True,False,0.0,77619.07,-0.0604,0.955,0.001994
2026-08-23T21:05:07Z,EDELUSDT,COOLING,NONE,0.0,0.0,0.0,45.4,-22.78,941.63,780.26,True,False,0.1136,77619.07,-0.0604,1.941,0.00879
2026-08-23T21:05:43Z,XRPUSDT,COOLING,NONE,0.0,0.0,0.0,1.98,0.66,125576.3,66913.1,True,False,0.0165,77650.99,0.0411,0.958,1.516
2026-08-23T21:05:45Z,HBARUSDT,COOLING,NONE,0.0,0.0,0.0,1.26,0.0,9411.92,27965.44,True,False,0.0,77650.99,0.0411,0.906,0.07933
2026-08-23T21:05:47Z,TELUSDT,COOLING,SELL,8.84,0.0,8.84,39.36,0.0,2564.06,1659.91,True,False,0.0,77650.99,0.0411,1.525,0.001779
2026-08-23T21:06:30Z,RWAINCUSDT,COOLING,NONE,0.0,0.0,0.0,55.29,0.0,1370.48,1425.17,True,False,0.0,77650.99,0.0411,0.909,0.001994
2026-08-23T21:06:33Z,EDELUSDT,COOLING,NONE,0.0,0.0,0.0,45.51,0.0,941.56,780.26,True,False,0.0,77650.99,0.0411,0.971,0.00878
2026-08-23T21:08:47Z,XRPUSDT,COOLING,BUY,0.0,44.05,44.05,3.3,-0.66,113238.81,124152.32,True,False,-0.0033,77611.92,-0.0503,0.92,1.5174
2026-08-23T21:08:49Z,HBARUSDT,COOLING,NONE,0.0,0.0,0.0,1.26,0.0,28221.83,13630.32,True,False,0.0,77611.92,-0.0503,0.942,0.07931
2026-08-23T21:08:51Z,TELUSDT,COOLING,NONE,0.0,0.0,0.0,22.47,0.0,1415.7,2261.53,True,False,0.0,77611.92,-0.0503,0.938,0.001779
2026-08-23T21:08:53Z,RWAINCUSDT,COOLING,NONE,0.0,0.0,0.0,55.29,0.0,1370.48,1425.17,True,False,0.0,77611.92,-0.0503,0.909,0.001994
2026-08-23T21:08:56Z,EDELUSDT,COOLING,NONE,0.0,0.0,0.0,56.92,0.0,770.11,780.26,True,False,0.0,77611.92,-0.0503,1.023,0.00876
2026-08-23T21:10:05Z,XRPUSDT,COOLING,NONE,0.0,0.0,0.0,2.63,-0.0,89077.59,71903.56,True,False,0.0066,77646.51,0.0446,0.989,1.5202
2026-08-23T21:10:07Z,HBARUSDT,COOLING,NONE,0.0,0.0,0.0,1.26,0.0,9811.79,26944.35,True,False,0.0,77646.51,0.0446,1.041,0.07932
2026-08-23T21:10:10Z,TELUSDT,COOLING,NONE,0.0,0.0,0.0,16.85,0.0,2221.65,2265.65,True,False,0.0,77646.51,0.0446,0.977,0.001781
2026-08-23T21:10:12Z,RWAINCUSDT,COOLING,NONE,0.0,0.0,0.0,55.29,0.0,1370.48,1425.17,True,False,0.0,77646.51,0.0446,0.929,0.001994
2026-08-23T21:10:14Z,EDELUSDT,COOLING,NONE,0.0,0.0,0.0,33.99,0.0,694.53,780.26,True,False,0.0,77646.51,0.0446,0.99,0.00882
2026-08-23T21:10:46Z,XRPUSDT,COOLING,BUY,12.58,14.82,14.82,1.97,-0.66,84725.92,81030.52,True,False,0.0099,77636.62,-0.0127,0.917,1.519
2026-08-23T21:10:48Z,HBARUSDT,COOLING,NONE,0.0,0.0,0.0,1.26,0.0,9269.76,14056.92,True,False,0.0,77636.62,-0.0127,1.073,0.07932
2026-08-23T21:10:50Z,TELUSDT,COOLING,NONE,0.0,0.0,0.0,16.85,0.0,2191.89,2604.87,True,False,0.0,77636.62,-0.0127,0.913,0.00178
2026-08-23T21:10:51Z,RWAINCUSDT,COOLING,NONE,0.0,0.0,0.0,55.29,0.0,1370.48,1425.17,True,False,0.0,77636.62,-0.0127,1.001,0.001994
2026-08-23T21:10:53Z,EDELUSDT,COOLING,NONE,0.0,0.0,0.0,56.72,0.0,895.51,780.26,True,False,0.0,77636.62,-0.0127,0.982,0.00882
2026-08-23T21:13:48Z,XRPUSDT,COOLING,NONE,0.0,0.0,0.0,0.66,-0.0,124202.04,96540.0,True,False,0.0066,77670.0,0.043,1.018,1.5205
2026-08-23T21:13:49Z,HBARUSDT,COOLING,NONE,0.0,0.0,0.0,2.51,-0.0,5629.77,9751.79,True,False,0.0126,77670.0,0.043,0.933,0.07955
2026-08-23T21:13:53Z,TELUSDT,COOLING,SELL,8.31,0.0,8.31,5.61,0.0,2564.06,2939.27,True,False,0.0,77670.0,0.043,2.025,0.001782
2026-08-23T21:13:56Z,RWAINCUSDT,COOLING,NONE,0.0,0.0,0.0,55.29,0.0,1370.48,1425.17,True,False,0.0,77670.0,0.043,1.104,0.001994
2026-08-23T21:13:59Z,EDELUSDT,COOLING,NONE,0.0,0.0,0.0,56.66,0.0,672.61,780.26,True,False,0.0,77670.0,0.043,1.103,0.00879
2026-08-23T21:14:37Z,XRPUSDT,COOLING,NONE,0.0,0.0,0.0,0.66,0.0,133920.92,76034.12,True,False,0.0,77674.38,0.0056,0.996,1.5204
2026-08-23T21:14:40Z,HBARUSDT,COOLING,NONE,0.0,0.0,0.0,1.26,0.0,11782.39,29491.56,True,False,0.0,77674.38,0.0056,0.99,0.0795
2026-08-23T21:14:43Z,TELUSDT,COOLING,SELL,11.67,0.0,11.67,5.61,0.0,2564.06,2939.27,True,False,0.0,77674.38,0.0056,1.13,0.001782
2026-08-23T21:14:44Z,RWAINCUSDT,COOLING,NONE,0.0,0.0,0.0,55.29,0.0,1370.48,1425.17,True,False,0.0,77674.38,0.0056,0.977,0.001994
2026-08-23T21:14:46Z,EDELUSDT,COOLING,NONE,0.0,0.0,0.0,11.36,0.0,895.54,780.26,True,False,0.0,77674.38,0.0056,0.89,0.00881
2026-08-23T21:15:17Z,XRPUSDT,COOLING,BUY,0.0,50.13,50.13,1.97,-0.0,65994.33,119859.83,True,False,0.0526,77718.87,0.0573,1.016,1.5215
2026-08-23T21:15:19Z,HBARUSDT,COOLING,NONE,0.0,0.0,0.0,1.26,0.0,9592.55,11912.64,True,False,0.0,77718.87,0.0573,1.019,0.0795
2026-08-23T21:15:21Z,TELUSDT,COOLING,NONE,0.0,0.0,0.0,5.61,0.0,2564.06,2266.56,True,False,0.0,77718.87,0.0573,0.953,0.001781
2026-08-23T21:15:24Z,RWAINCUSDT,COOLING,NONE,0.0,0.0,0.0,55.29,0.0,1370.48,1425.17,True,False,0.0,77718.87,0.0573,0.919,0.001994
2026-08-23T21:15:27Z,EDELUSDT,COOLING,NONE,0.0,0.0,0.0,11.4,0.0,942.94,780.26,True,False,0.0,77718.87,0.0573,1.061,0.00878
2026-08-23T21:17:02Z,XRPUSDT,COOLING,BUY,0.0,14.34,14.34,2.62,0.66,66984.05,69959.26,True,False,-0.0491,77869.51,0.1938,1.919,1.5265
2026-08-23T21:17:44Z,HBARUSDT,COOLING,NONE,0.0,0.0,0.0,2.51,1.26,11581.89,18953.49,True,False,-0.0188,77869.51,0.1938,1.126,0.07964
2026-08-23T21:17:46Z,TELUSDT,COOLING,NONE,0.0,0.0,0.0,5.61,0.0,2564.06,2269.07,True,False,0.0,77869.51,0.1938,1.027,0.001781
2026-08-23T21:17:48Z,RWAINCUSDT,COOLING,NONE,0.0,0.0,0.0,55.29,0.0,1370.48,1425.17,True,False,0.0,77869.51,0.1938,1.093,0.001994
2026-08-23T21:17:50Z,EDELUSDT,COOLING,NONE,0.0,0.0,0.0,67.87,0.0,972.16,780.26,True,False,0.0,77869.51,0.1938,1.038,0.00883
2026-08-23T21:19:43Z,XRPUSDT,COOLING,NONE,0.0,0.0,0.0,3.27,-0.65,107484.79,113892.33,True,False,-0.1145,77966.0,0.1239,41.292,1.5291
2026-08-23T21:19:46Z,HBARUSDT,COOLING,NONE,0.0,0.0,0.0,1.25,0.0,26538.58,34680.94,True,False,0.0,77966.0,0.1239,1.028,0.07981
2026-08-23T21:19:48Z,TELUSDT,COOLING,NONE,0.0,0.0,0.0,22.28,0.0,2645.55,2272.84,True,False,0.0,77966.0,0.1239,1.008,0.001793
2026-08-23T21:19:50Z,RWAINCUSDT,COOLING,NONE,0.0,0.0,0.0,55.29,0.0,1370.48,1425.17,True,False,0.0,77966.0,0.1239,0.972,0.001994
2026-08-23T21:19:54Z,EDELUSDT,COOLING,NONE,0.0,0.0,0.0,22.6,-11.28,896.23,814.96,True,False,-0.0565,77966.0,0.1239,1.901,0.00882
2026-08-23T21:20:26Z,XRPUSDT,COOLING,NONE,0.0,0.0,0.0,0.65,-0.65,114509.51,103539.47,True,False,0.0033,77969.9,0.005,0.947,1.5289
2026-08-23T21:20:27Z,HBARUSDT,COOLING,BUY,0.34,5.56,5.56,1.25,0.0,29018.61,27005.08,True,False,0.0,77969.9,0.005,0.995,0.07986
2026-08-23T21:21:09Z,TELUSDT,COOLING,NONE,0.0,0.0,0.0,16.71,0.0,2645.55,2272.84,True,False,0.0,77969.9,0.005,41.01,0.001796
2026-08-23T21:21:13Z,RWAINCUSDT,COOLING,NONE,0.0,0.0,0.0,55.29,0.0,1370.48,1425.17,True,False,0.0,77969.9,0.005,2.007,0.001994
2026-08-23T21:21:16Z,EDELUSDT,COOLING,NONE,0.0,0.0,0.0,22.62,0.0,955.41,780.26,True,False,0.0,77969.9,0.005,2.02,0.00883
2026-08-23T21:22:48Z,XRPUSDT,COOLING,NONE,0.0,0.0,0.0,3.27,0.65,95762.82,107325.73,True,False,-0.0033,77961.72,-0.0105,1.117,1.5296
2026-08-23T21:22:53Z,TELUSDT,COOLING,NONE,0.0,0.0,0.0,22.27,-5.56,2331.97,2272.84,True,False,-0.0278,77961.72,-0.0105,0.902,0.001795
2026-08-23T21:23:35Z,RWAINCUSDT,COOLING,NONE,0.0,0.0,0.0,55.29,0.0,1370.48,1425.17,True,False,0.0,77961.72,-0.0105,0.995,0.001994
2026-08-23T21:23:39Z,EDELUSDT,COOLING,NONE,0.0,0.0,0.0,22.62,0.0,896.23,780.26,True,False,0.0,77961.72,-0.0105,2.814,0.00884
2026-08-23T21:24:10Z,XRPUSDT,COOLING,BUY,0.14,9.33,9.33,1.96,0.65,119900.69,77144.81,True,False,0.0229,77933.92,-0.0357,1.083,1.5299
2026-08-23T21:24:13Z,TELUSDT,COOLING,NONE,0.0,0.0,0.0,50.18,5.59,2331.97,2272.84,True,False,-0.0279,77933.92,-0.0357,2.052,0.001797
2026-08-23T21:24:14Z,RWAINCUSDT,COOLING,NONE,0.0,0.0,0.0,55.29,0.0,1370.48,1425.17,True,False,0.0,77933.92,-0.0357,1.016,0.001994
2026-08-23T21:24:17Z,EDELUSDT,COOLING,NONE,0.0,0.0,0.0,33.92,0.0,972.17,780.26,True,False,0.0,77933.92,-0.0357,1.927,0.00885
2026-08-23T21:25:30Z,XRPUSDT,COOLING,BUY,44.75,46.62,46.62,1.96,0.66,118675.98,109813.46,True,False,-0.1274,77894.2,-0.051,0.936,1.5309
2026-08-23T21:26:13Z,TELUSDT,COOLING,NONE,0.0,0.0,0.0,33.43,0.0,2332.12,2272.84,True,False,0.0,77894.2,-0.051,2.007,0.001795
2026-08-23T21:26:16Z,RWAINCUSDT,COOLING,NONE,0.0,0.0,0.0,55.29,0.0,1370.48,1425.17,True,False,0.0,77894.2,-0.051,1.0,0.001994
2026-08-23T21:26:18Z,EDELUSDT,COOLING,NONE,0.0,0.0,0.0,11.29,0.0,1030.95,780.26,True,False,0.0,77894.2,-0.051,0.976,0.00884
2026-08-23T21:29:53Z,XRPUSDT,COOLING,BUY,0.0,19.15,19.15,1.3,0.65,108240.41,257833.87,True,False,-0.0293,77995.24,0.1297,0.991,1.5365
2026-08-23T21:29:54Z,TELUSDT,COOLING,NONE,0.0,0.0,0.0,33.41,0.0,1202.72,2335.31,True,False,0.0,77995.24,0.1297,1.075,0.001796
2026-08-23T21:29:57Z,RWAINCUSDT,COOLING,NONE,0.0,0.0,0.0,55.29,0.0,1370.48,1425.17,True,False,0.0,77995.24,0.1297,1.939,0.001994
2026-08-23T21:29:59Z,EDELUSDT,COOLING,SELL,16.64,0.0,16.64,56.72,11.32,944.43,780.26,True,True,0.0568,77995.24,0.1297,1.113,0.0088
2026-08-23T21:30:28Z,XRPUSDT,COOLING,NONE,0.0,0.0,0.0,0.65,-1.3,91809.75,75988.97,True,False,0.0326,77998.97,0.0048,1.037,1.5352
2026-08-23T21:31:10Z,TELUSDT,COOLING,NONE,0.0,0.0,0.0,44.52,11.11,1195.13,2335.31,True,False,0.0557,77998.97,0.0048,41.066,0.001796
2026-08-23T21:31:12Z,RWAINCUSDT,COOLING,NONE,0.0,0.0,0.0,55.29,0.0,1370.48,1425.17,True,False,0.0,77998.97,0.0048,1.032,0.001994
2026-08-23T21:31:14Z,EDELUSDT,COOLING,SELL,6.89,0.0,6.89,11.31,0.0,972.13,780.26,True,False,0.0,77998.97,0.0048,1.132,0.00881
2026-08-23T21:33:06Z,XRPUSDT,COOLING,BUY,0.0,49.37,49.37,1.3,-1.3,78929.36,125107.77,True,False,0.0065,78010.0,0.0141,1.018,1.542
2026-08-23T21:33:08Z,TELUSDT,COOLING,NONE,0.0,0.0,0.0,44.52,0.0,1164.23,2411.63,True,False,0.0,78010.0,0.0141,1.009,0.001796
2026-08-23T21:33:12Z,RWAINCUSDT,COOLING,NONE,0.0,0.0,0.0,55.29,0.0,1370.48,1425.17,True,False,0.0,78010.0,0.0141,1.019,0.001994
2026-08-23T21:33:15Z,EDELUSDT,COOLING,NONE,0.0,0.0,0.0,33.92,0.0,897.92,814.96,True,False,0.0,78010.0,0.0141,0.983,0.00884
2026-08-23T21:36:03Z,XRPUSDT,COOLING,NONE,0.0,0.0,0.0,2.62,0.65,14115.49,35558.37,True,False,0.0033,77752.76,-0.3298,0.998,1.5264
2026-08-23T21:36:05Z,TELUSDT,COOLING,NONE,0.0,0.0,0.0,38.96,-16.65,764.73,2296.71,True,False,-0.0834,77752.76,-0.3298,0.949,0.001798
2026-08-23T21:36:07Z,RWAINCUSDT,COOLING,NONE,0.0,0.0,0.0,55.29,0.0,1370.48,1425.17,True,False,0.0,77752.76,-0.3298,0.989,0.001994
2026-08-23T21:36:50Z,EDELUSDT,COOLING,NONE,0.0,0.0,0.0,22.6,-11.24,864.32,780.26,True,False,-0.1692,77752.76,-0.3298,42.007,0.00885
2026-08-23T21:37:59Z,XRPUSDT,COOLING,NONE,0.0,0.0,0.0,1.96,-1.31,82488.34,74052.06,True,False,0.0065,77770.7,0.0231,0.896,1.5283
2026-08-23T21:38:01Z,TELUSDT,COOLING,NONE,0.0,0.0,0.0,38.96,-16.65,764.73,2970.9,True,False,-0.0834,77770.7,0.0231,0.983,0.001798
2026-08-23T21:38:03Z,RWAINCUSDT,COOLING,NONE,0.0,0.0,0.0,55.29,0.0,1370.48,1425.17,True,False,0.0,77770.7,0.0231,0.923,0.001994
2026-08-23T21:38:05Z,EDELUSDT,COOLING,NONE,0.0,0.0,0.0,22.62,-11.33,1249.36,780.26,True,False,0.0566,77770.7,0.0231,0.953,0.00883
2026-08-23T21:38:34Z,XRPUSDT,COOLING,NONE,0.0,0.0,0.0,3.28,0.0,76071.24,103208.99,True,False,0.0,77748.42,-0.0286,0.926,1.5269
2026-08-23T21:38:36Z,TELUSDT,COOLING,NONE,0.0,0.0,0.0,27.85,0.0,764.73,2662.37,True,False,0.0,77748.42,-0.0286,0.975,0.001796
2026-08-23T21:38:37Z,RWAINCUSDT,COOLING,NONE,0.0,0.0,0.0,55.29,0.0,1370.48,1425.17,True,False,0.0,77748.42,-0.0286,0.931,0.001994
2026-08-23T21:38:39Z,EDELUSDT,COOLING,NONE,0.0,0.0,0.0,56.59,0.0,897.74,780.26,True,False,0.0,77748.42,-0.0286,1.043,0.00883
2026-08-23T21:42:17Z,XRPUSDT,COOLING,BUY,0.0,9.21,9.21,1.31,0.0,94455.73,132327.8,True,False,0.0,77627.13,-0.156,2.003,1.5216
2026-08-23T21:42:20Z,TELUSDT,COOLING,NONE,0.0,0.0,0.0,38.96,0.0,1237.28,2296.71,True,False,0.0,77627.13,-0.156,0.965,0.001796
2026-08-23T21:43:02Z,RWAINCUSDT,COOLING,NONE,0.0,0.0,0.0,55.29,0.0,1370.48,1425.17,True,False,0.0,77627.13,-0.156,0.988,0.001994
2026-08-23T21:43:45Z,EDELUSDT,COOLING,NONE,0.0,0.0,0.0,56.53,11.28,897.74,780.26,True,False,0.0566,77627.13,-0.156,2.1,0.00882
2026-08-23T21:45:36Z,XRPUSDT,COOLING,NONE,0.0,0.0,0.0,1.96,-0.0,56298.71,85740.27,True,False,0.0065,77609.99,-0.0221,1.128,1.5273
2026-08-23T21:45:38Z,TELUSDT,COOLING,SELL,18.86,0.0,18.86,44.54,0.0,1449.3,2154.78,True,False,0.0,77609.99,-0.0221,0.962,0.001795
2026-08-23T21:45:40Z,RWAINCUSDT,COOLING,NONE,0.0,0.0,0.0,55.29,0.0,1370.48,1425.17,True,False,0.0,77609.99,-0.0221,1.008,0.001994
2026-08-23T21:45:43Z,EDELUSDT,COOLING,NONE,0.0,0.0,0.0,33.96,0.0,1249.4,780.26,True,False,0.0,77609.99,-0.0221,2.011,0.00882
2026-08-23T21:47:34Z,XRPUSDT,COOLING,BUY,0.06,0.07,0.07,1.96,-0.65,139888.61,126051.83,True,False,0.0033,77707.75,0.126,2.038,1.5279
2026-08-23T21:47:36Z,TELUSDT,COOLING,NONE,0.0,0.0,0.0,55.65,0.0,1187.67,2154.78,True,False,0.0,77707.75,0.126,1.23,0.001796
2026-08-23T21:47:38Z,RWAINCUSDT,COOLING,NONE,0.0,0.0,0.0,55.29,0.0,1370.48,1425.17,True,False,0.0,77707.75,0.126,0.96,0.001994
2026-08-23T21:47:41Z,EDELUSDT,COOLING,NONE,0.0,0.0,0.0,45.2,0.0,897.8,787.49,True,False,0.0,77707.75,0.126,2.091,0.00883
2026-08-23T21:49:14Z,XRPUSDT,COOLING,SELL,18.44,0.0,18.44,1.31,0.65,89108.88,63096.49,True,False,-0.0033,77782.58,0.0963,1.923,1.5282
2026-08-23T21:49:17Z,TELUSDT,COOLING,SELL,19.6,0.0,19.6,55.56,0.0,1215.51,2154.78,True,True,0.0,77782.58,0.0963,1.864,0.001804
2026-08-23T21:49:59Z,RWAINCUSDT,COOLING,NONE,0.0,0.0,0.0,55.29,0.0,1370.48,1425.17,True,False,0.0,77782.58,0.0963,1.018,0.001994
2026-08-23T21:50:00Z,EDELUSDT,COOLING,NONE,0.0,0.0,0.0,33.8,0.0,672.41,780.26,True,False,0.0,77782.58,0.0963,0.917,0.00887
2026-08-23T21:52:31Z,XRPUSDT,COOLING,SELL,8.79,0.0,8.79,2.62,0.0,112449.55,88719.59,True,False,-0.0066,77791.67,0.0117,1.005,1.5268
2026-08-23T21:52:34Z,TELUSDT,COOLING,NONE,0.0,0.0,0.0,66.48,0.0,1238.62,1582.1,True,False,0.0,77791.67,0.0117,2.029,0.001803
2026-08-23T21:52:36Z,RWAINCUSDT,COOLING,NONE,0.0,0.0,0.0,55.29,0.0,1370.48,1425.17,True,False,0.0,77791.67,0.0117,1.004,0.001994
2026-08-23T21:52:38Z,EDELUSDT,COOLING,NONE,0.0,0.0,0.0,22.55,-11.29,899.54,964.41,True,False,0.0564,77791.67,0.0117,0.942,0.00887
2026-08-23T21:53:46Z,XRPUSDT,COOLING,BUY,0.0,8.82,8.82,1.31,-0.0,60552.52,88576.57,True,False,0.0196,77826.99,0.0454,0.995,1.5276
2026-08-23T21:53:48Z,TELUSDT,COOLING,NONE,0.0,0.0,0.0,66.48,0.0,1098.27,1582.1,True,False,0.0,77826.99,0.0454,1.926,0.001805
2026-08-23T21:54:30Z,RWAINCUSDT,COOLING,NONE,0.0,0.0,0.0,55.29,0.0,1370.48,1425.17,True,False,0.0,77826.99,0.0454,40.907,0.001994
2026-08-23T21:54:32Z,EDELUSDT,COOLING,NONE,0.0,0.0,0.0,22.55,0.0,944.57,964.41,True,False,0.0,77826.99,0.0454,1.008,0.00887
2026-08-23T21:56:42Z,XRPUSDT,COOLING,BUY,0.0,24.59,24.59,1.97,-0.0,48158.82,103167.97,True,False,0.0131,77811.04,-0.0205,0.964,1.5265
2026-08-23T21:56:44Z,TELUSDT,COOLING,NONE,0.0,0.0,0.0,66.7,0.0,1032.77,1582.1,True,False,0.0,77811.04,-0.0205,0.934,0.001798
2026-08-23T21:56:46Z,RWAINCUSDT,COOLING,NONE,0.0,0.0,0.0,55.29,0.0,1370.48,1425.17,True,False,0.0,77811.04,-0.0205,0.914,0.001994
2026-08-23T21:56:48Z,EDELUSDT,COOLING,NONE,0.0,0.0,0.0,33.88,0.0,683.53,964.41,True,False,0.0,77811.04,-0.0205,1.099,0.00884
2026-08-23T21:57:58Z,XRPUSDT,COOLING,BUY,0.0,15.39,15.39,1.31,-0.66,67964.64,72067.4,True,False,0.0098,77807.98,-0.0039,0.966,1.5226
2026-08-23T21:58:00Z,TELUSDT,COOLING,NONE,0.0,0.0,0.0,55.62,0.0,1037.66,769.93,True,False,0.0,77807.98,-0.0039,0.914,0.001798
2026-08-23T21:58:02Z,RWAINCUSDT,COOLING,NONE,0.0,0.0,0.0,55.29,0.0,1370.48,1425.17,True,False,0.0,77807.98,-0.0039,0.951,0.001994
2026-08-23T21:58:04Z,EDELUSDT,COOLING,NONE,0.0,0.0,0.0,45.25,0.0,672.63,964.41,True,False,0.0,77807.98,-0.0039,1.343,0.00885
2026-08-23T21:59:13Z,XRPUSDT,COOLING,SELL,36.41,0.0,36.41,1.31,0.0,77929.12,97231.97,True,False,0.0,77770.0,-0.0488,1.034,1.5224
2026-08-23T21:59:15Z,TELUSDT,COOLING,NONE,0.0,0.0,0.0,50.1,0.0,1001.02,1620.73,True,False,0.0,77770.0,-0.0488,1.003,0.001801
2026-08-23T21:59:19Z,RWAINCUSDT,COOLING,NONE,0.0,0.0,0.0,55.29,0.0,1370.48,1425.17,True,False,0.0,77770.0,-0.0488,0.906,0.001994
2026-08-23T21:59:21Z,EDELUSDT,COOLING,NONE,0.0,0.0,0.0,33.88,-11.32,751.41,964.41,True,False,0.0565,77770.0,-0.0488,0.906,0.00885
2026-08-23T22:00:57Z,XRPUSDT,COOLING,BUY,0.0,2.1,2.1,3.27,0.64,26174.85,100734.18,True,False,0.4824,77860.0,0.1157,40.898,1.524
2026-08-23T22:00:59Z,TELUSDT,COOLING,NONE,0.0,0.0,0.0,44.54,0.0,1001.02,1955.15,True,False,0.0,77860.0,0.1157,0.931,0.001795
2026-08-23T22:01:01Z,RWAINCUSDT,COOLING,NONE,0.0,0.0,0.0,55.29,0.0,1370.48,1425.17,True,False,0.0,77860.0,0.1157,0.975,0.001994
2026-08-23T22:01:02Z,EDELUSDT,COOLING,NONE,0.0,0.0,0.0,22.57,0.0,971.67,999.13,True,False,0.0,77860.0,0.1157,1.049,0.00886
2026-08-23T22:01:31Z,XRPUSDT,COOLING,BUY,0.0,5.66,5.66,7.92,0.67,13988.95,25628.19,True,False,-0.0758,77610.29,-0.3207,0.939,1.519
2026-08-23T22:01:33Z,TELUSDT,COOLING,NONE,0.0,0.0,0.0,38.99,0.0,951.84,1620.73,True,False,0.0,77610.29,-0.3207,1.06,0.001795
2026-08-23T22:01:34Z,RWAINCUSDT,COOLING,NONE,0.0,0.0,0.0,55.29,0.0,1370.48,1425.17,True,False,0.0,77610.29,-0.3207,0.921,0.001994
2026-08-23T22:01:36Z,EDELUSDT,COOLING,NONE,0.0,0.0,0.0,22.57,0.0,896.22,999.13,True,False,0.0,77610.29,-0.3207,0.927,0.00887
2026-08-23T22:02:05Z,XRPUSDT,COOLING,BUY,0.0,46.65,46.65,4.6,1.31,24296.66,44301.18,True,False,0.0789,77732.04,0.1569,0.964,1.5196
2026-08-23T22:02:07Z,TELUSDT,COOLING,NONE,0.0,0.0,0.0,38.99,0.0,1500.13,1961.98,True,False,0.0,77732.04,0.1569,1.036,0.001797
2026-08-23T22:02:09Z,RWAINCUSDT,COOLING,NONE,0.0,0.0,0.0,55.29,0.0,1370.48,1425.17,True,False,0.0,77732.04,0.1569,0.985,0.001994
2026-08-23T22:02:11Z,EDELUSDT,COOLING,NONE,0.0,0.0,0.0,22.55,-11.29,751.46,999.13,True,False,0.0564,77732.04,0.1569,0.959,0.00886
2026-08-23T22:03:45Z,XRPUSDT,COOLING,SELL,59.37,0.0,59.37,6.59,2.64,70512.5,56575.3,True,False,0.0132,77710.0,-0.0284,0.964,1.5175
2026-08-23T22:03:48Z,REDUSDT,COOLING,NONE,0.0,0.0,0.0,19.45,0.0,1715.9,3863.55,True,False,0.0,77710.0,-0.0284,1.028,0.11309
2026-08-23T22:03:50Z,TELUSDT,COOLING,NONE,0.0,0.0,0.0,27.86,0.0,951.84,1620.73,True,False,0.0,77710.0,-0.0284,0.943,0.001794
2026-08-23T22:03:52Z,RWAINCUSDT,COOLING,NONE,0.0,0.0,0.0,50.28,0.0,1389.69,1426.71,True,False,0.0,77710.0,-0.0284,0.88,0.001994
2026-08-23T22:04:35Z,EDELUSDT,COOLING,NONE,0.0,0.0,0.0,22.57,0.0,672.61,787.48,True,False,0.0,77710.0,-0.0284,1.038,0.00882
2026-08-23T22:05:07Z,XRPUSDT,COOLING,NONE,0.0,0.0,0.0,6.58,2.63,71325.91,60964.83,True,False,-0.0132,77681.72,-0.0364,0.959,1.5187
2026-08-23T22:05:08Z,REDUSDT,COOLING,NONE,0.0,0.0,0.0,11.51,0.0,1620.19,3446.85,True,False,0.0,77681.72,-0.0364,0.911,0.11293
2026-08-23T22:05:10Z,TELUSDT,COOLING,NONE,0.0,0.0,0.0,16.73,0.0,951.84,1620.73,True,False,0.0,77681.72,-0.0364,0.945,0.001794
2026-08-23T22:05:12Z,RWAINCUSDT,COOLING,NONE,0.0,0.0,0.0,50.28,0.0,1389.69,1426.71,True,False,0.0,77681.72,-0.0364,0.913,0.001994
2026-08-23T22:05:15Z,EDELUSDT,COOLING,NONE,0.0,0.0,0.0,22.57,0.0,672.76,787.48,True,False,0.0,77681.72,-0.0364,1.006,0.00885
2026-08-23T22:06:28Z,XRPUSDT,COOLING,NONE,0.0,0.0,0.0,2.63,1.98,32662.0,63595.33,True,False,0.0296,77691.6,0.0127,0.902,1.5178
2026-08-23T22:06:30Z,REDUSDT,COOLING,NONE,0.0,0.0,0.0,13.27,0.0,1546.14,3363.9,True,False,0.0,77691.6,0.0127,0.904,0.11298
2026-08-23T22:06:32Z,TELUSDT,COOLING,NONE,0.0,0.0,0.0,16.73,0.0,1044.73,1620.73,True,False,0.0,77691.6,0.0127,0.93,0.001795
2026-08-23T22:06:33Z,RWAINCUSDT,COOLING,NONE,0.0,0.0,0.0,50.28,0.0,1389.69,1426.71,True,False,0.0,77691.6,0.0127,0.964,0.001994
2026-08-23T22:06:35Z,EDELUSDT,COOLING,NONE,0.0,0.0,0.0,22.57,0.0,744.24,780.26,True,False,0.0,77691.6,0.0127,0.976,0.00886
2026-08-23T22:08:41Z,XRPUSDT,COOLING,BUY,1.11,7.76,7.76,1.32,0.66,115797.92,70324.12,True,False,0.0164,77696.25,0.006,0.986,1.5202
2026-08-23T22:08:44Z,REDUSDT,COOLING,NONE,0.0,0.0,0.0,19.48,0.0,1658.8,977.84,True,False,0.0,77696.25,0.006,0.923,0.11289
2026-08-23T22:08:47Z,TELUSDT,COOLING,NONE,0.0,0.0,0.0,16.73,0.0,1044.73,1620.73,True,False,0.0,77696.25,0.006,0.989,0.001794
2026-08-23T22:08:49Z,RWAINCUSDT,COOLING,NONE,0.0,0.0,0.0,50.28,0.0,1389.69,1426.71,True,False,0.0,77696.25,0.006,0.908,0.001994
2026-08-23T22:09:32Z,EDELUSDT,COOLING,NONE,0.0,0.0,0.0,33.88,0.0,1283.67,780.26,True,False,0.0,77696.25,0.006,0.957,0.00885
2026-08-23T22:10:40Z,XRPUSDT,COOLING,BUY,22.38,37.06,37.06,1.97,0.0,87767.9,139917.56,True,False,-0.0197,77727.82,0.0406,0.943,1.5208
2026-08-23T22:10:42Z,REDUSDT,COOLING,NONE,0.0,0.0,0.0,19.48,0.0,1658.8,977.84,True,False,0.0,77727.82,0.0406,0.871,0.11289
2026-08-23T22:10:44Z,TELUSDT,COOLING,NONE,0.0,0.0,0.0,16.73,0.0,1035.81,1961.98,True,False,0.0,77727.82,0.0406,0.879,0.001793
2026-08-23T22:10:46Z,RWAINCUSDT,COOLING,NONE,0.0,0.0,0.0,50.28,0.0,1389.69,1426.71,True,False,0.0,77727.82,0.0406,0.99,0.001994
2026-08-23T22:10:47Z,EDELUSDT,COOLING,NONE,0.0,0.0,0.0,22.6,0.0,1283.65,787.48,True,False,0.0,77727.82,0.0406,0.899,0.00884
2026-08-23T22:11:55Z,XRPUSDT,COOLING,NONE,0.0,0.0,0.0,1.97,0.66,108938.01,102589.98,True,False,-0.0033,77706.58,-0.0273,0.951,1.5199
2026-08-23T22:12:38Z,REDUSDT,COOLING,NONE,0.0,0.0,0.0,19.48,0.0,1831.61,1010.22,True,False,0.0,77706.58,-0.0273,1.002,0.1129
2026-08-23T22:12:40Z,TELUSDT,COOLING,NONE,0.0,0.0,0.0,16.73,0.0,951.84,1961.98,True,False,0.0,77706.58,-0.0273,0.907,0.001795
2026-08-23T22:13:23Z,RWAINCUSDT,COOLING,NONE,0.0,0.0,0.0,50.28,0.0,1389.69,1426.71,True,False,0.0,77706.58,-0.0273,0.943,0.001994
2026-08-23T22:13:24Z,EDELUSDT,COOLING,NONE,0.0,0.0,0.0,11.31,-11.29,1189.11,787.49,True,False,-0.0565,77706.58,-0.0273,0.948,0.00886
2026-08-23T22:14:57Z,XRPUSDT,COOLING,SELL,3.58,0.0,3.58,2.63,0.66,69739.75,93720.6,True,False,-0.0165,77699.99,-0.0085,0.984,1.5188
2026-08-23T22:14:59Z,REDUSDT,COOLING,NONE,0.0,0.0,0.0,13.27,0.0,3349.11,961.75,True,False,0.0,77699.99,-0.0085,0.901,0.11299
2026-08-23T22:15:00Z,TELUSDT,COOLING,NONE,0.0,0.0,0.0,22.3,0.0,951.84,1961.98,True,False,0.0,77699.99,-0.0085,0.959,0.001794
2026-08-23T22:15:43Z,RWAINCUSDT,COOLING,BUY,0.0,0.6,0.6,129.87,-25.17,200.86,1433.91,True,False,0.125,77699.99,-0.0085,1.021,0.001994
2026-08-23T22:15:45Z,EDELUSDT,COOLING,NONE,0.0,0.0,0.0,11.31,-11.32,1249.39,787.49,True,False,0.0566,77699.99,-0.0085,0.919,0.00884
2026-08-23T22:16:14Z,XRPUSDT,COOLING,BUY,0.0,7.89,7.89,1.98,0.66,84255.99,62580.53,True,False,0.0033,77689.99,-0.0129,0.882,1.5182
2026-08-23T22:16:15Z,REDUSDT,COOLING,NONE,0.0,0.0,0.0,11.49,0.0,2441.18,1153.82,True,False,0.0,77689.99,-0.0129,0.906,0.11302
2026-08-23T22:16:17Z,TELUSDT,COOLING,NONE,0.0,0.0,0.0,22.3,0.0,529.15,1961.98,True,False,0.0,77689.99,-0.0129,1.015,0.001795
2026-08-23T22:16:19Z,RWAINCUSDT,COOLING,NONE,0.0,0.0,0.0,64.47,0.0,1385.24,1425.17,True,False,0.0,77689.99,-0.0129,0.97,0.002023
2026-08-23T22:16:21Z,EDELUSDT,COOLING,NONE,0.0,0.0,0.0,22.62,11.32,1093.51,787.49,True,False,-0.0565,77689.99,-0.0129,0.945,0.00883
2026-08-23T22:16:52Z,XRPUSDT,COOLING,SELL,36.69,0.0,36.69,1.32,0.66,91115.24,87302.96,True,True,-0.0033,77735.04,0.058,0.916,1.5195
2026-08-23T22:16:54Z,REDUSDT,COOLING,NONE,0.0,0.0,0.0,11.49,0.0,2396.29,1012.21,True,False,0.0,77735.04,0.058,1.002,0.11301
2026-08-23T22:16:55Z,TELUSDT,COOLING,NONE,0.0,0.0,0.0,22.3,0.0,1592.44,1961.98,True,False,0.0,77735.04,0.058,0.933,0.001794
2026-08-23T22:16:57Z,RWAINCUSDT,COOLING,NONE,0.0,0.0,0.0,64.47,0.0,1385.24,1425.17,True,False,0.0,77735.04,0.058,0.897,0.002023
2026-08-23T22:16:59Z,EDELUSDT,COOLING,NONE,0.0,0.0,0.0,11.31,-11.32,1249.33,814.96,True,False,0.0566,77735.04,0.058,0.901,0.00883
2026-08-23T22:18:28Z,XRPUSDT,COOLING,BUY,0.0,22.16,22.16,3.31,0.66,55371.67,59149.09,True,False,-0.0628,77652.21,-0.1066,0.959,1.5136
2026-08-23T22:19:10Z,REDUSDT,COOLING,NONE,0.0,0.0,0.0,13.27,0.0,3188.93,969.29,True,False,0.0,77652.21,-0.1066,0.959,0.11306
2026-08-23T22:19:12Z,TELUSDT,COOLING,NONE,0.0,0.0,0.0,16.73,0.0,1258.94,2090.7,True,False,0.0,77652.21,-0.1066,0.946,0.001795
2026-08-23T22:19:13Z,RWAINCUSDT,COOLING,NONE,0.0,0.0,0.0,49.63,0.0,1393.44,1430.11,True,False,0.0,77652.21,-0.1066,0.904,0.002023
2026-08-23T22:19:15Z,EDELUSDT,COOLING,NONE,0.0,0.0,0.0,33.84,0.0,1189.15,780.26,True,False,0.0,77652.21,-0.1066,0.973,0.00886
2026-08-23T22:20:29Z,XRPUSDT,COOLING,BUY,11.37,34.74,34.74,1.32,0.0,93756.42,88346.73,True,False,-0.0462,77738.03,0.1105,1.949,1.516
2026-08-23T22:21:12Z,REDUSDT,COOLING,NONE,0.0,0.0,0.0,9.71,0.0,2471.86,937.12,True,False,0.0,77738.03,0.1105,0.969,0.11305
2026-08-23T22:21:53Z,TELUSDT,COOLING,NONE,0.0,0.0,0.0,16.73,-5.57,1258.94,2090.7,True,False,-0.0279,77738.03,0.1105,40.945,0.001793
2026-08-23T22:21:55Z,RWAINCUSDT,COOLING,NONE,0.0,0.0,0.0,49.63,0.0,1393.44,1430.11,True,False,0.0,77738.03,0.1105,1.036,0.002023
2026-08-23T22:21:57Z,EDELUSDT,COOLING,NONE,0.0,0.0,0.0,33.84,0.0,1249.3,780.26,True,False,0.0,77738.03,0.1105,1.062,0.00886
2026-08-23T22:24:28Z,XRPUSDT,COOLING,BUY,0.0,15.8,15.8,2.64,0.66,69128.87,67024.89,True,False,-0.0099,77787.96,0.0642,0.881,1.516
2026-08-23T22:24:31Z,REDUSDT,COOLING,NONE,0.0,0.0,0.0,9.71,0.0,2301.36,1129.39,True,False,0.0,77787.96,0.0642,1.993,0.11325
2026-08-23T22:24:33Z,TELUSDT,COOLING,NONE,0.0,0.0,0.0,22.3,0.0,1258.94,2090.7,True,False,0.0,77787.96,0.0642,0.915,0.001793
2026-08-23T22:24:35Z,RWAINCUSDT,COOLING,NONE,0.0,0.0,0.0,49.63,0.0,1393.44,1430.11,True,False,0.0,77787.96,0.0642,0.995,0.002023
2026-08-23T22:24:37Z,EDELUSDT,COOLING,NONE,0.0,0.0,0.0,22.55,11.27,1093.54,780.26,True,False,0.0564,77787.96,0.0642,0.935,0.00887
2026-08-23T22:26:11Z,XRPUSDT,COOLING,NONE,0.0,0.0,0.0,1.98,1.32,95511.56,73823.07,True,False,-0.0198,77740.01,-0.0616,0.957,1.5142
2026-08-23T22:26:13Z,REDUSDT,COOLING,NONE,0.0,0.0,0.0,11.49,-9.71,2297.98,1251.38,True,False,-0.0486,77740.01,-0.0616,0.907,0.1132
2026-08-23T22:26:56Z,TELUSDT,COOLING,NONE,0.0,0.0,0.0,22.3,0.0,1258.94,2090.7,True,False,0.0,77740.01,-0.0616,42.005,0.001795
2026-08-23T22:26:59Z,RWAINCUSDT,COOLING,NONE,0.0,0.0,0.0,49.63,0.0,1393.44,1430.11,True,False,0.0,77740.01,-0.0616,1.949,0.002023
2026-08-23T22:27:01Z,EDELUSDT,COOLING,NONE,0.0,0.0,0.0,22.55,-11.29,1189.22,780.26,True,False,0.0564,77740.01,-0.0616,1.002,0.00886
