ts,pair,regime,asp_side,drop_bid_pct_per_s,drop_ask_pct_per_s,max_drop_pct_per_s,spread_bps,spread_delta_bps,wall_bid_usdt,wall_ask_usdt,notional_ok,spoof,price_delta_pct,btc_price,btc_delta_pct,delay_s,price
2026-08-28T16:54:06Z,BTCUSDT,IMPULSE,SELL,38.04,0.0,38.04,0.0,0.0,276731.11,22998.99,True,False,-0.0023,77850.01,0.0,1.217,77850.01
2026-08-28T16:54:08Z,ETHUSDT,IMPULSE,SELL,1.64,0.0,1.64,0.78,0.29,159750.07,142811.72,True,False,-0.0014,77850.01,0.0,0.944,2440.61
2026-08-28T16:54:09Z,XRPUSDT,COOLING,SELL,7.14,0.0,7.14,1.43,-0.72,135858.88,92104.33,True,False,0.0036,77850.01,0.0,1.03,1.394
2026-08-28T16:54:11Z,HBARUSDT,COOLING,SELL,44.16,0.0,44.16,1.32,0.0,27293.74,31733.21,True,False,0.0,77850.01,0.0,0.941,0.0757
2026-08-28T16:54:12Z,QAITUSDT,IMPULSE,NONE,0.0,0.0,0.0,67.41,0.0,1300.52,1043.35,True,False,0.0,77850.01,0.0,0.927,0.001929
2026-08-28T16:54:43Z,BTCUSDT,IMPULSE,BUY,0.0,9.18,9.18,0.0,0.0,22986.75,1102645.66,True,False,-0.0128,77850.01,0.0,1.899,77859.9
2026-08-28T16:54:44Z,ETHUSDT,IMPULSE,NONE,0.0,0.0,0.0,0.04,0.0,154070.9,172667.33,True,False,0.0,77850.01,0.0,0.951,2442.38
2026-08-28T16:54:46Z,XRPUSDT,COOLING,BUY,0.0,0.08,0.08,3.59,0.72,107427.47,63421.26,True,False,-0.0036,77850.01,0.0,0.94,1.3932
2026-08-28T16:54:49Z,HBARUSDT,COOLING,NONE,0.0,0.0,0.0,2.64,1.32,12495.07,39232.8,True,False,-0.0066,77850.01,0.0,0.924,0.07571
2026-08-28T16:55:32Z,QAITUSDT,IMPULSE,NONE,0.0,0.0,0.0,67.41,0.0,1405.63,1001.23,True,False,0.0,77850.01,0.0,1.996,0.001935
2026-08-28T16:57:24Z,BTCUSDT,IMPULSE,SELL,13.31,0.0,13.31,0.0,0.0,539216.7,17927.68,True,False,0.0,77870.0,0.0257,1.137,77870.0
2026-08-28T16:57:25Z,ETHUSDT,IMPULSE,NONE,0.0,0.0,0.0,0.04,0.0,155421.55,182852.63,True,False,0.0,77870.0,0.0257,0.959,2443.94
2026-08-28T16:57:27Z,XRPUSDT,COOLING,BUY,0.0,0.06,0.06,2.87,0.0,77769.82,89887.15,True,False,-0.0072,77870.0,0.0257,0.911,1.3941
2026-08-28T16:57:29Z,HBARUSDT,COOLING,NONE,0.0,0.0,0.0,1.32,0.0,25546.25,36251.35,True,False,0.0,77870.0,0.0257,1.256,0.0757
2026-08-28T16:57:31Z,QAITUSDT,IMPULSE,NONE,0.0,0.0,0.0,67.41,0.0,1369.0,1001.23,True,False,0.0,77870.0,0.0257,1.061,0.001935
2026-08-28T16:59:04Z,BTCUSDT,IMPULSE,SELL,100.6,0.0,100.6,0.0,-0.13,495768.98,566261.34,True,True,-0.0007,77855.0,-0.0193,0.948,77855.0
2026-08-28T16:59:05Z,ETHUSDT,IMPULSE,NONE,0.0,0.0,0.0,0.04,0.0,152303.59,156486.43,True,False,0.0,77855.0,-0.0193,0.928,2443.06
2026-08-28T16:59:07Z,XRPUSDT,COOLING,BUY,0.0,46.81,46.81,2.15,0.0,130343.68,74938.64,True,False,-0.0072,77855.0,-0.0193,0.946,1.3929
2026-08-28T16:59:08Z,HBARUSDT,COOLING,NONE,0.0,0.0,0.0,2.64,0.0,27613.04,49790.87,True,False,0.0,77855.0,-0.0193,0.943,0.07569
2026-08-28T16:59:11Z,QAITUSDT,IMPULSE,NONE,0.0,0.0,0.0,67.41,0.0,1369.0,1001.23,True,False,0.0,77855.0,-0.0193,1.024,0.001935
2026-08-28T17:01:05Z,BTCUSDT,IMPULSE,SELL,105.73,17.21,105.73,0.0,0.0,239241.53,539724.7,True,False,-0.0068,77714.16,-0.1809,0.93,77714.16
2026-08-28T17:01:06Z,ETHUSDT,IMPULSE,NONE,0.0,0.0,0.0,0.21,-0.7,90225.53,142436.01,True,False,0.0064,77714.16,-0.1809,0.94,2439.05
2026-08-28T17:01:08Z,XRPUSDT,COOLING,SELL,5.46,0.0,5.46,3.6,-0.0,141442.86,51279.62,True,False,0.0072,77714.16,-0.1809,1.079,1.3886
2026-08-28T17:01:10Z,HBARUSDT,COOLING,NONE,0.0,0.0,0.0,1.32,-0.0,9967.14,48256.07,True,False,0.0265,77714.16,-0.1809,0.984,0.07564
2026-08-28T17:01:11Z,QAITUSDT,IMPULSE,NONE,0.0,0.0,0.0,67.41,0.0,1369.0,1001.23,True,False,0.0,77714.16,-0.1809,0.95,0.001935
2026-08-28T17:03:06Z,BTCUSDT,IMPULSE,SELL,72.6,28.23,72.6,0.2,-0.26,74744.71,273394.23,True,False,-0.0107,77846.7,0.1705,0.954,77846.7
2026-08-28T17:03:08Z,ETHUSDT,IMPULSE,BUY,0.0,20.75,20.75,1.31,1.27,150600.62,122870.59,True,False,-0.0452,77846.7,0.1705,0.963,2442.5
2026-08-28T17:03:09Z,XRPUSDT,COOLING,NONE,0.0,0.0,0.0,2.88,0.72,70274.36,79835.75,True,False,0.0108,77846.7,0.1705,0.935,1.391
2026-08-28T17:03:11Z,HBARUSDT,COOLING,NONE,0.0,0.0,0.0,2.64,0.0,28813.69,49664.41,True,False,0.0,77846.7,0.1705,0.979,0.07573
2026-08-28T17:03:13Z,QAITUSDT,IMPULSE,NONE,0.0,0.0,0.0,67.41,0.0,1369.0,1001.23,True,False,0.0,77846.7,0.1705,0.903,0.001935
2026-08-28T17:05:35Z,BTCUSDT,IMPULSE,NONE,0.0,0.0,0.0,0.0,0.0,22944.55,195742.65,True,False,0.0,77720.0,-0.1628,0.947,77720.0
2026-08-28T17:05:38Z,ETHUSDT,IMPULSE,SELL,0.37,0.0,0.37,0.98,-0.2,151437.88,144929.57,True,False,-0.0068,77720.0,-0.1628,1.951,2438.61
2026-08-28T17:05:39Z,XRPUSDT,COOLING,NONE,0.0,0.0,0.0,2.88,0.0,82898.52,83750.12,True,False,0.0,77720.0,-0.1628,0.918,1.3905
2026-08-28T17:05:42Z,HBARUSDT,COOLING,NONE,0.0,0.0,0.0,1.32,0.0,29967.04,48607.92,True,False,0.0,77720.0,-0.1628,2.032,0.07577
2026-08-28T17:05:45Z,QAITUSDT,IMPULSE,NONE,0.0,0.0,0.0,67.41,0.0,1369.0,1001.23,True,False,0.0,77720.0,-0.1628,1.927,0.001935
2026-08-28T17:07:38Z,BTCUSDT,IMPULSE,BUY,0.0,2.12,2.12,0.28,-0.13,55489.68,513172.67,True,False,-0.0066,77761.66,0.0536,1.888,77761.66
2026-08-28T17:07:40Z,ETHUSDT,IMPULSE,BUY,0.0,2.42,2.42,0.98,0.21,157668.75,154704.86,True,False,-0.0023,77761.66,0.0536,1.473,2438.84
2026-08-28T17:07:43Z,XRPUSDT,COOLING,BUY,4.41,9.61,9.61,2.88,-0.0,152973.47,127215.29,True,False,0.0288,77761.66,0.0536,1.885,1.3888
2026-08-28T17:07:44Z,HBARUSDT,COOLING,NONE,0.0,0.0,0.0,1.32,0.0,14609.92,47180.41,True,False,0.0,77761.66,0.0536,0.968,0.07577
2026-08-28T17:07:46Z,QAITUSDT,IMPULSE,NONE,0.0,0.0,0.0,67.41,0.0,1369.0,1001.23,True,False,0.0,77761.66,0.0536,1.005,0.001935
2026-08-28T17:08:19Z,BTCUSDT,IMPULSE,BUY,0.98,2.22,2.22,0.0,-0.0,66571.99,488829.01,True,False,0.0,77813.95,0.0672,0.892,77813.95
2026-08-28T17:08:20Z,ETHUSDT,IMPULSE,BUY,0.0,2.06,2.06,0.04,0.0,149922.62,159850.07,True,False,0.0,77813.95,0.0672,0.938,2440.96
2026-08-28T17:08:22Z,XRPUSDT,COOLING,SELL,24.79,0.0,24.79,2.87,-0.0,127041.35,79145.63,True,False,0.0144,77813.95,0.0672,0.898,1.392
2026-08-28T17:08:25Z,HBARUSDT,COOLING,BUY,0.0,16.74,16.74,1.32,0.0,12489.05,48442.38,True,True,-0.0132,77813.95,0.0672,1.002,0.07576
2026-08-28T17:09:08Z,QAITUSDT,IMPULSE,NONE,0.0,0.0,0.0,67.41,0.0,1369.0,1001.23,True,False,0.0,77813.95,0.0672,0.955,0.001935
2026-08-28T17:14:11Z,BTCUSDT,IMPULSE,NONE,0.0,0.0,0.0,0.0,-0.33,42276.85,518663.45,True,False,0.0016,77946.65,0.1705,0.967,77946.65
2026-08-28T17:14:13Z,ETHUSDT,IMPULSE,SELL,3.57,0.0,3.57,0.04,0.0,159151.21,173368.5,True,False,0.0,77946.65,0.1705,1.438,2443.78
2026-08-28T17:14:15Z,XRPUSDT,COOLING,NONE,0.0,0.0,0.0,2.16,0.72,115935.9,138683.8,True,False,-0.0036,77946.65,0.1705,0.887,1.3918
2026-08-28T17:14:17Z,HBARUSDT,COOLING,NONE,0.0,0.0,0.0,1.32,0.0,32962.02,31443.02,True,False,0.0,77946.65,0.1705,0.964,0.07591
2026-08-28T17:14:20Z,QAITUSDT,IMPULSE,NONE,0.0,0.0,0.0,67.41,0.0,1369.0,1001.23,True,False,0.0,77946.65,0.1705,1.032,0.001935
2026-08-28T17:14:50Z,BTCUSDT,IMPULSE,SELL,60.62,0.0,60.62,0.4,0.09,27562.2,518554.82,True,False,-0.0007,78000.58,0.0692,0.894,78000.58
2026-08-28T17:14:51Z,ETHUSDT,IMPULSE,SELL,1.52,0.0,1.52,0.04,0.0,155970.55,159980.49,True,False,0.0,78000.58,0.0692,0.922,2445.23
2026-08-28T17:14:53Z,XRPUSDT,COOLING,NONE,0.0,0.0,0.0,2.15,-0.72,92987.28,150658.04,True,False,0.0036,78000.58,0.0692,0.96,1.3929
2026-08-28T17:14:54Z,HBARUSDT,COOLING,NONE,0.0,0.0,0.0,1.32,0.0,27104.58,31481.49,True,False,0.0,78000.58,0.0692,1.013,0.07593
2026-08-28T17:14:56Z,QAITUSDT,IMPULSE,NONE,0.0,0.0,0.0,67.41,0.0,1369.0,1001.23,True,False,0.0,78000.58,0.0692,0.909,0.001935
2026-08-28T17:15:29Z,BTCUSDT,IMPULSE,SELL,102.27,0.0,102.27,0.0,0.0,522906.53,454631.62,True,False,0.0,77974.2,-0.0338,0.935,77974.2
2026-08-28T17:15:31Z,ETHUSDT,IMPULSE,BUY,0.0,1.88,1.88,0.04,0.0,168511.72,163039.19,True,False,-0.0012,77974.2,-0.0338,1.912,2445.01
2026-08-28T17:15:33Z,XRPUSDT,COOLING,BUY,15.56,24.58,24.58,2.87,-0.0,179105.58,152238.65,True,True,0.0072,77974.2,-0.0338,1.379,1.3917
2026-08-28T17:15:36Z,HBARUSDT,COOLING,NONE,0.0,0.0,0.0,1.32,0.0,36273.48,20113.18,True,False,0.0,77974.2,-0.0338,1.965,0.07595
2026-08-28T17:15:39Z,QAITUSDT,IMPULSE,NONE,0.0,0.0,0.0,67.41,0.0,1369.0,1001.23,True,False,0.0,77974.2,-0.0338,1.923,0.001935
2026-08-28T17:16:36Z,BTCUSDT,IMPULSE,BUY,0.0,105.43,105.43,0.0,0.0,23029.54,451805.57,True,True,0.0,77974.99,0.001,0.889,77974.99
2026-08-28T17:16:37Z,ETHUSDT,IMPULSE,BUY,3.85,12.54,12.54,0.2,0.12,154257.42,170006.63,True,False,0.0006,77974.99,0.001,0.948,2445.5
2026-08-28T17:17:19Z,XRPUSDT,COOLING,BUY,0.24,0.4,0.4,1.44,-0.72,121484.91,100782.06,True,False,0.0395,77974.99,0.001,40.925,1.3916
2026-08-28T17:18:00Z,HBARUSDT,COOLING,SELL,84.01,0.0,84.01,1.32,-0.0,47050.66,16429.25,True,False,0.0132,77974.99,0.001,0.883,0.07594
2026-08-28T17:19:22Z,QAITUSDT,IMPULSE,NONE,0.0,0.0,0.0,72.39,0.0,1473.22,1001.23,True,False,0.0,77974.99,0.001,1.062,0.001935
2026-08-28T17:19:55Z,BTCUSDT,IMPULSE,NONE,0.0,0.0,0.0,0.98,0.12,85860.22,184369.72,True,False,-0.0007,78120.0,0.186,0.936,78120.0
2026-08-28T17:19:57Z,ETHUSDT,IMPULSE,SELL,2.18,0.67,2.18,0.57,-0.12,158099.28,142223.43,True,False,0.0006,78120.0,0.186,1.397,2447.36
2026-08-28T17:19:58Z,XRPUSDT,COOLING,SELL,25.61,16.19,25.61,2.15,-0.72,134918.83,85836.28,True,False,0.0036,78120.0,0.186,0.953,1.3932
2026-08-28T17:20:51Z,HBARUSDT,COOLING,NONE,0.0,0.0,0.0,1.32,0.0,26541.51,18554.52,True,False,0.0,78120.0,0.186,1.941,0.0759
2026-08-28T17:20:53Z,QAITUSDT,IMPULSE,NONE,0.0,0.0,0.0,30.96,0.0,1529.02,1001.23,True,False,0.0,78120.0,0.186,0.941,0.001935
2026-08-28T17:21:23Z,BTCUSDT,IMPULSE,NONE,0.0,0.0,0.0,0.0,-0.71,23049.83,478474.57,True,False,0.0234,78059.34,-0.0776,1.377,78059.34
2026-08-28T17:21:24Z,ETHUSDT,IMPULSE,NONE,0.0,0.0,0.0,0.57,-0.57,146889.48,153460.6,True,False,0.0025,78059.34,-0.0776,0.941,2447.65
2026-08-28T17:21:26Z,XRPUSDT,COOLING,SELL,3.99,0.0,3.99,2.87,-0.72,114206.61,57583.78,True,False,-0.0108,78059.34,-0.0776,1.008,1.3927
2026-08-28T17:21:28Z,HBARUSDT,COOLING,NONE,0.0,0.0,0.0,1.32,0.0,27434.35,36145.62,True,False,0.0,78059.34,-0.0776,1.005,0.07601
2026-08-28T17:21:30Z,QAITUSDT,IMPULSE,SELL,18.4,0.0,18.4,30.96,0.0,1698.61,1001.23,True,False,0.0,78059.34,-0.0776,0.974,0.001935
2026-08-28T17:25:15Z,BTCUSDT,IMPULSE,SELL,0.64,0.0,0.64,0.12,-0.23,478874.15,450656.14,True,False,-0.001,77948.69,-0.1418,1.91,77948.69
2026-08-28T17:25:16Z,ETHUSDT,IMPULSE,SELL,5.32,0.0,5.32,0.04,0.0,164599.41,177534.42,True,False,0.0,77948.69,-0.1418,0.961,2443.01
2026-08-28T17:25:18Z,XRPUSDT,COOLING,BUY,2.83,42.72,42.72,2.88,-0.0,119140.41,140532.16,True,False,0.0072,77948.69,-0.1418,0.95,1.3891
2026-08-28T17:25:20Z,HBARUSDT,COOLING,NONE,0.0,0.0,0.0,1.32,0.0,41015.51,40871.37,True,False,0.0,77948.69,-0.1418,1.956,0.07599
2026-08-28T17:25:23Z,QAITUSDT,IMPULSE,NONE,0.0,0.0,0.0,67.62,0.0,1027.92,1001.23,True,False,0.0,77948.69,-0.1418,0.931,0.001912
2026-08-28T17:25:59Z,BTCUSDT,IMPULSE,BUY,0.0,3.33,3.33,0.25,0.23,131874.87,542328.4,True,False,0.0051,77880.0,-0.0881,1.941,77880.0
2026-08-28T17:26:00Z,ETHUSDT,IMPULSE,SELL,8.31,0.0,8.31,0.04,0.0,157192.26,155871.71,True,False,0.0,77880.0,-0.0881,0.959,2440.27
2026-08-28T17:26:42Z,XRPUSDT,COOLING,SELL,1.89,0.0,1.89,2.89,0.72,108458.65,108558.77,True,False,-0.0108,77880.0,-0.0881,1.415,1.387
2026-08-28T17:26:44Z,HBARUSDT,COOLING,NONE,0.0,0.0,0.0,1.32,0.0,29518.44,28962.21,True,False,0.0,77880.0,-0.0881,0.998,0.07591
2026-08-28T17:26:46Z,QAITUSDT,IMPULSE,NONE,0.0,0.0,0.0,62.4,0.0,1698.57,1272.78,True,False,0.0,77880.0,-0.0881,0.941,0.001912
2026-08-28T17:29:25Z,BTCUSDT,IMPULSE,SELL,105.14,4.94,105.14,0.0,0.0,521656.61,501663.92,True,False,-0.0043,77978.13,0.126,0.909,77978.13
2026-08-28T17:29:27Z,ETHUSDT,IMPULSE,NONE,0.0,0.0,0.0,0.04,-0.08,150791.04,153852.32,True,False,-0.0008,77978.13,0.126,0.981,2444.26
2026-08-28T17:29:28Z,XRPUSDT,COOLING,NONE,0.0,0.0,0.0,2.16,1.44,68951.02,104577.79,True,False,-0.0216,77978.13,0.126,0.879,1.3903
2026-08-28T17:29:30Z,HBARUSDT,COOLING,BUY,0.0,21.77,21.77,1.32,0.0,25050.27,36723.28,True,False,-0.0263,77978.13,0.126,0.956,0.076
2026-08-28T17:29:32Z,QAITUSDT,IMPULSE,NONE,0.0,0.0,0.0,67.62,0.0,1290.62,1272.78,True,False,0.0,77978.13,0.126,1.361,0.001912
2026-08-28T17:31:13Z,BTCUSDT,IMPULSE,BUY,3.24,13.23,13.23,0.07,0.07,479979.63,545407.43,True,False,0.0104,77898.1,-0.1026,0.985,77930.0
2026-08-28T17:31:14Z,ETHUSDT,IMPULSE,SELL,7.62,1.52,7.62,0.65,0.61,168116.01,156281.69,True,False,0.0035,77898.1,-0.1026,0.923,2441.59
2026-08-28T17:31:16Z,XRPUSDT,COOLING,NONE,0.0,0.0,0.0,1.44,-0.72,116372.0,120336.4,True,False,-0.0036,77898.1,-0.1026,0.992,1.3873
2026-08-28T17:31:58Z,HBARUSDT,COOLING,SELL,0.74,0.0,0.74,1.32,0.0,23045.61,20632.41,True,False,-0.0395,77898.1,-0.1026,40.934,0.07595
2026-08-28T17:31:59Z,QAITUSDT,IMPULSE,NONE,0.0,0.0,0.0,67.62,0.0,1290.62,1312.72,True,False,0.0,77898.1,-0.1026,0.952,0.001912
2026-08-28T17:33:13Z,BTCUSDT,IMPULSE,BUY,0.0,10.75,10.75,0.0,0.0,489669.57,501008.83,True,False,0.0,77999.46,0.1301,0.934,77999.46
2026-08-28T17:33:54Z,ETHUSDT,IMPULSE,BUY,0.0,0.19,0.19,0.04,0.0,157949.82,155048.86,True,False,0.0,77999.46,0.1301,40.943,2444.99
2026-08-28T17:33:57Z,XRPUSDT,COOLING,BUY,0.0,0.85,0.85,2.88,1.44,83576.38,178600.74,True,False,-0.0144,77999.46,0.1301,0.977,1.3888
2026-08-28T17:34:00Z,HBARUSDT,COOLING,NONE,0.0,0.0,0.0,1.32,0.0,38547.81,19601.01,True,False,0.0,77999.46,0.1301,1.013,0.07601
2026-08-28T17:34:02Z,QAITUSDT,IMPULSE,NONE,0.0,0.0,0.0,102.67,0.0,1290.75,1001.47,True,False,0.0,77999.46,0.1301,0.935,0.001938
2026-08-28T17:34:32Z,BTCUSDT,IMPULSE,BUY,0.0,3.71,3.71,0.0,0.0,187850.31,694737.92,True,False,0.0,77983.62,-0.0203,0.928,77983.62
2026-08-28T17:34:34Z,ETHUSDT,IMPULSE,SELL,1.13,0.0,1.13,0.04,0.0,154022.13,144023.45,True,False,0.0,77983.62,-0.0203,0.872,2444.53
2026-08-28T17:34:36Z,XRPUSDT,COOLING,NONE,0.0,0.0,0.0,2.16,-0.72,127552.32,108354.42,True,False,0.0036,77983.62,-0.0203,0.883,1.3879
2026-08-28T17:34:37Z,HBARUSDT,COOLING,NONE,0.0,0.0,0.0,1.32,0.0,41536.67,32825.56,True,False,0.0,77983.62,-0.0203,0.953,0.076
2026-08-28T17:35:20Z,QAITUSDT,IMPULSE,NONE,0.0,0.0,0.0,46.33,0.0,1122.22,1157.84,True,False,0.0,77983.62,-0.0203,2.083,0.001941
2026-08-28T17:38:29Z,BTCUSDT,IMPULSE,NONE,0.0,0.0,0.0,0.04,-0.37,71501.39,212697.94,True,False,0.0054,77789.3,-0.2492,0.935,77789.3
2026-08-28T17:38:30Z,ETHUSDT,IMPULSE,SELL,4.3,1.12,4.3,0.53,0.0,158866.76,159344.31,True,False,0.0,77789.3,-0.2492,1.011,2441.49
2026-08-28T17:38:32Z,XRPUSDT,COOLING,NONE,0.0,0.0,0.0,0.72,0.0,59991.15,125509.18,True,False,0.0,77789.3,-0.2492,0.994,1.3852
2026-08-28T17:39:14Z,HBARUSDT,COOLING,SELL,1.3,0.0,1.3,1.32,-0.0,30998.85,24128.03,True,False,0.0132,77789.3,-0.2492,41.293,0.07586
2026-08-28T17:39:18Z,QAITUSDT,IMPULSE,NONE,0.0,0.0,0.0,46.33,0.0,1276.9,1001.47,True,False,0.0,77789.3,-0.2492,0.912,0.001941
2026-08-28T17:39:58Z,BTCUSDT,IMPULSE,NONE,0.0,0.0,0.0,0.0,0.0,6126.43,517898.03,True,False,-0.0203,77755.79,-0.0431,4.582,77755.79
2026-08-28T17:40:00Z,ETHUSDT,IMPULSE,SELL,7.82,0.84,7.82,0.04,0.0,170926.87,148631.98,True,False,0.0,77755.79,-0.0431,0.995,2439.0
2026-08-28T17:40:02Z,XRPUSDT,COOLING,NONE,0.0,0.0,0.0,2.89,0.0,135288.66,124770.75,True,False,0.0,77755.79,-0.0431,0.981,1.3835
2026-08-28T17:40:43Z,HBARUSDT,COOLING,NONE,0.0,0.0,0.0,1.32,-0.0,33030.73,16170.96,True,False,0.0791,77755.79,-0.0431,40.911,0.07593
2026-08-28T17:41:25Z,QAITUSDT,IMPULSE,NONE,0.0,0.0,0.0,46.33,0.0,1276.9,1001.47,True,False,0.0,77755.79,-0.0431,41.007,0.001941
2026-08-28T17:42:39Z,BTCUSDT,IMPULSE,BUY,0.0,3.87,3.87,0.0,0.0,148740.75,504341.62,True,False,0.0,77776.5,0.0266,1.022,77776.5
2026-08-28T17:42:41Z,ETHUSDT,IMPULSE,NONE,0.0,0.0,0.0,0.04,0.0,154011.55,147311.35,True,False,0.0,77776.5,0.0266,0.918,2438.08
2026-08-28T17:42:43Z,XRPUSDT,COOLING,BUY,0.0,36.68,36.68,1.44,-0.72,63291.87,152833.12,True,False,0.0397,77776.5,0.0266,0.904,1.3841
2026-08-28T17:42:45Z,HBARUSDT,COOLING,NONE,0.0,0.0,0.0,1.32,0.0,11466.11,19957.74,True,False,0.0,77776.5,0.0266,1.03,0.07593
2026-08-28T17:42:47Z,QAITUSDT,IMPULSE,NONE,0.0,0.0,0.0,41.17,0.0,1276.9,1001.47,True,False,0.0,77776.5,0.0266,1.044,0.001947
2026-08-28T17:44:30Z,BTCUSDT,IMPULSE,BUY,0.0,4.38,4.38,0.0,0.0,116412.44,510156.42,True,False,0.0,77784.35,0.0101,0.988,77784.35
2026-08-28T17:44:33Z,ETHUSDT,IMPULSE,SELL,16.66,0.89,16.66,0.04,0.0,169903.2,159171.49,True,False,0.0,77784.35,0.0101,1.015,2438.84
2026-08-28T17:44:35Z,XRPUSDT,COOLING,NONE,0.0,0.0,0.0,3.61,2.17,73566.34,119697.62,True,False,0.0036,77784.35,0.0101,1.013,1.3852
2026-08-28T17:44:37Z,HBARUSDT,COOLING,NONE,0.0,0.0,0.0,1.32,0.0,11080.42,32752.39,True,False,0.0,77784.35,0.0101,0.929,0.07595
2026-08-28T17:44:39Z,QAITUSDT,IMPULSE,NONE,0.0,0.0,0.0,71.94,0.0,1355.78,1141.01,True,False,0.0,77784.35,0.0101,0.957,0.001947
2026-08-28T17:45:50Z,BTCUSDT,IMPULSE,NONE,0.0,0.0,0.0,0.08,0.07,153005.21,488210.59,True,False,0.0026,77800.0,0.0201,0.988,77819.98
2026-08-28T17:45:52Z,ETHUSDT,IMPULSE,BUY,0.0,2.98,2.98,0.04,0.0,174799.25,164283.99,True,False,0.0,77800.0,0.0201,0.946,2440.13
2026-08-28T17:45:54Z,XRPUSDT,COOLING,NONE,0.0,0.0,0.0,2.88,0.0,72984.28,103584.42,True,False,0.0,77800.0,0.0201,0.977,1.3859
2026-08-28T17:45:56Z,HBARUSDT,COOLING,NONE,0.0,0.0,0.0,1.32,0.0,33307.51,35601.28,True,False,0.0,77800.0,0.0201,0.946,0.07598
2026-08-28T17:45:59Z,QAITUSDT,IMPULSE,NONE,0.0,0.0,0.0,71.94,0.0,1293.66,1127.34,True,False,0.0,77800.0,0.0201,1.933,0.001947
2026-08-28T17:46:27Z,BTCUSDT,IMPULSE,NONE,0.0,0.0,0.0,0.0,0.0,9613.33,361265.03,True,False,-0.0213,77861.94,0.0796,0.922,77861.94
2026-08-28T17:46:29Z,ETHUSDT,IMPULSE,SELL,1.21,0.0,1.21,0.61,0.49,158814.62,150196.62,True,False,0.0057,77861.94,0.0796,1.009,2441.5
2026-08-28T17:46:30Z,XRPUSDT,COOLING,NONE,0.0,0.0,0.0,2.16,0.72,91815.78,115268.55,True,False,-0.0036,77861.94,0.0796,0.966,1.3873
2026-08-28T17:46:32Z,HBARUSDT,COOLING,NONE,0.0,0.0,0.0,1.32,0.0,35852.22,16260.82,True,False,0.0,77861.94,0.0796,0.958,0.07598
2026-08-28T17:46:34Z,QAITUSDT,IMPULSE,NONE,0.0,0.0,0.0,71.94,0.0,1293.66,1127.34,True,False,0.0,77861.94,0.0796,0.895,0.001947
2026-08-28T17:48:52Z,BTCUSDT,IMPULSE,NONE,0.0,0.0,0.0,0.0,-0.14,23020.59,497326.5,True,False,0.0018,77940.35,0.1007,0.996,77940.35
2026-08-28T17:48:53Z,ETHUSDT,IMPULSE,BUY,0.0,4.07,4.07,0.12,0.08,144744.51,157946.07,True,False,-0.0012,77940.35,0.1007,0.969,2443.59
2026-08-28T17:48:55Z,XRPUSDT,COOLING,NONE,0.0,0.0,0.0,2.15,0.72,104721.46,72529.54,True,False,-0.0036,77940.35,0.1007,0.998,1.392
2026-08-28T17:48:58Z,HBARUSDT,COOLING,NONE,0.0,0.0,0.0,1.31,-1.31,20170.15,23810.1,True,False,-0.0066,77940.35,0.1007,0.954,0.07608
2026-08-28T17:49:00Z,QAITUSDT,IMPULSE,NONE,0.0,0.0,0.0,71.94,0.0,1280.1,1127.34,True,False,0.0,77940.35,0.1007,0.957,0.001947
2026-08-28T17:50:53Z,BTCUSDT,IMPULSE,NONE,0.0,0.0,0.0,0.0,0.0,119473.77,491820.46,True,False,-0.0001,77968.97,0.0367,2.089,77940.35
2026-08-28T17:50:56Z,ETHUSDT,IMPULSE,BUY,0.0,2.24,2.24,0.12,0.04,152875.96,156326.52,True,False,0.0141,77968.97,0.0367,1.013,2445.06
2026-08-28T17:50:57Z,XRPUSDT,COOLING,BUY,0.0,13.14,13.14,3.59,0.72,92783.76,73319.66,True,False,-0.0036,77968.97,0.0367,0.964,1.3923
2026-08-28T17:51:01Z,HBARUSDT,COOLING,NONE,0.0,0.0,0.0,1.31,0.0,10741.9,29869.55,True,False,0.0,77968.97,0.0367,0.96,0.07613
2026-08-28T17:51:03Z,QAITUSDT,IMPULSE,NONE,0.0,0.0,0.0,71.94,0.0,1280.1,1127.34,True,False,0.0,77968.97,0.0367,1.393,0.001947
2026-08-28T17:51:34Z,BTCUSDT,IMPULSE,SELL,93.32,0.0,93.32,0.24,-0.03,487499.96,493282.81,True,False,0.0001,77960.35,-0.0111,0.976,77960.35
2026-08-28T17:52:16Z,ETHUSDT,IMPULSE,BUY,4.49,35.59,35.59,0.04,0.0,157051.91,263651.95,True,False,-0.0311,77960.35,-0.0111,0.927,2444.89
2026-08-28T17:52:18Z,XRPUSDT,COOLING,SELL,1.56,0.0,1.56,1.44,0.0,134443.46,140601.55,True,False,0.0,77960.35,-0.0111,0.933,1.3911
2026-08-28T17:52:21Z,HBARUSDT,COOLING,NONE,0.0,0.0,0.0,1.31,0.0,40192.41,42044.82,True,False,0.0,77960.35,-0.0111,0.951,0.07614
2026-08-28T17:53:03Z,QAITUSDT,IMPULSE,NONE,0.0,0.0,0.0,71.94,0.0,1280.1,1127.34,True,False,0.0,77960.35,-0.0111,1.434,0.001947
2026-08-28T17:56:03Z,BTCUSDT,IMPULSE,BUY,0.0,9.22,9.22,0.2,-0.06,181431.32,500807.95,True,False,-0.0003,77917.88,-0.0545,0.917,77917.88
2026-08-28T17:56:04Z,ETHUSDT,IMPULSE,BUY,0.99,5.83,5.83,0.04,0.0,305887.82,155677.49,True,False,0.0,77917.88,-0.0545,1.068,2443.57
2026-08-28T17:56:06Z,XRPUSDT,COOLING,BUY,0.0,6.79,6.79,3.6,1.44,65387.77,117004.47,True,False,-0.0144,77917.88,-0.0545,1.049,1.3896
2026-08-28T17:56:08Z,HBARUSDT,COOLING,NONE,0.0,0.0,0.0,1.31,0.0,43744.31,41931.76,True,False,0.0,77917.88,-0.0545,0.99,0.07607
2026-08-28T17:56:53Z,QAITUSDT,IMPULSE,NONE,0.0,0.0,0.0,71.94,0.0,1280.1,1127.34,True,False,0.0,77917.88,-0.0545,0.954,0.001947
2026-08-28T17:58:08Z,BTCUSDT,IMPULSE,SELL,4.26,0.0,4.26,0.0,0.0,528375.63,476664.93,True,False,0.0,77871.01,-0.0602,0.921,77871.01
2026-08-28T17:58:10Z,ETHUSDT,IMPULSE,SELL,5.46,0.0,5.46,0.04,0.0,159268.95,315339.63,True,False,0.0,77871.01,-0.0602,0.989,2443.33
2026-08-28T17:58:13Z,XRPUSDT,COOLING,NONE,0.0,0.0,0.0,1.44,0.0,75657.71,69945.69,True,False,0.0,77871.01,-0.0602,1.399,1.3869
2026-08-28T17:58:15Z,HBARUSDT,COOLING,NONE,0.0,0.0,0.0,1.31,0.0,26255.41,42230.95,True,False,0.0,77871.01,-0.0602,1.025,0.07612
2026-08-28T17:58:20Z,QAITUSDT,IMPULSE,NONE,0.0,0.0,0.0,71.94,0.0,1280.1,1127.34,True,False,0.0,77871.01,-0.0602,3.152,0.001947
2026-08-28T18:00:15Z,BTCUSDT,IMPULSE,NONE,0.0,0.0,0.0,0.11,-0.08,491704.94,676576.2,True,False,0.0003,77914.35,0.0557,1.229,77914.35
2026-08-28T18:00:16Z,ETHUSDT,IMPULSE,NONE,0.0,0.0,0.0,0.04,0.0,166218.85,152737.52,True,False,0.0,77914.35,0.0557,1.042,2443.49
2026-08-28T18:00:19Z,XRPUSDT,COOLING,NONE,0.0,0.0,0.0,2.88,0.72,103416.41,197041.05,True,False,-0.0036,77914.35,0.0557,0.975,1.3882
2026-08-28T18:00:22Z,HBARUSDT,COOLING,NONE,0.0,0.0,0.0,1.31,0.0,28155.56,38003.36,True,False,0.0,77914.35,0.0557,2.103,0.07611
2026-08-28T18:00:23Z,QAITUSDT,IMPULSE,NONE,0.0,0.0,0.0,450.38,0.0,608.47,145.29,True,False,0.0,77914.35,0.0557,1.004,0.001959
2026-08-28T18:02:43Z,BTCUSDT,IMPULSE,BUY,0.0,5.45,5.45,0.0,0.0,149205.49,500856.86,True,False,0.0,77884.12,-0.0388,0.911,77884.12
2026-08-28T18:02:45Z,ETHUSDT,IMPULSE,BUY,2.16,12.59,12.59,0.2,0.16,216822.88,167888.9,True,False,0.0086,77884.12,-0.0388,0.976,2442.28
2026-08-28T18:02:47Z,XRPUSDT,COOLING,SELL,11.67,0.0,11.67,2.88,0.0,150129.02,107757.03,True,False,0.0,77884.12,-0.0388,0.927,1.3867
2026-08-28T18:02:48Z,HBARUSDT,COOLING,SELL,40.58,0.0,40.58,1.31,-0.0,33550.65,22404.18,True,False,0.0263,77884.12,-0.0388,0.992,0.07605
2026-08-28T18:02:50Z,QAITUSDT,IMPULSE,NONE,0.0,0.0,0.0,186.63,-19.97,877.29,1001.05,True,False,-0.1008,77884.12,-0.0388,0.956,0.001964
2026-08-28T18:03:21Z,BTCUSDT,IMPULSE,BUY,0.0,12.22,12.22,0.01,-0.02,457099.92,546454.25,True,False,0.0001,77883.61,-0.0007,0.946,77883.61
2026-08-28T18:03:23Z,ETHUSDT,IMPULSE,NONE,0.0,0.0,0.0,0.04,0.0,154182.24,152985.66,True,False,0.0,77883.61,-0.0007,1.076,2442.0
2026-08-28T18:03:24Z,XRPUSDT,COOLING,BUY,6.94,12.3,12.3,0.72,-2.89,87069.53,154533.61,True,False,-0.0144,77883.61,-0.0007,0.962,1.3863
2026-08-28T18:03:27Z,HBARUSDT,COOLING,NONE,0.0,0.0,0.0,1.32,0.0,20047.16,36885.5,True,False,0.0,77883.61,-0.0007,1.949,0.07605
2026-08-28T18:03:31Z,QAITUSDT,IMPULSE,NONE,0.0,0.0,0.0,181.63,-19.98,1082.88,1001.05,True,False,-0.1008,77883.61,-0.0007,1.94,0.001964
2026-08-28T18:04:42Z,BTCUSDT,IMPULSE,BUY,0.0,51.24,51.24,0.0,0.0,499977.62,494277.74,True,True,0.0,77913.45,0.0383,0.942,77913.45
2026-08-28T18:05:24Z,ETHUSDT,IMPULSE,BUY,0.0,4.17,4.17,1.23,0.12,158184.38,156068.9,True,False,-0.0006,77913.45,0.0383,0.967,2443.1
2026-08-28T18:05:25Z,XRPUSDT,COOLING,NONE,0.0,0.0,0.0,2.16,0.0,137221.36,133054.43,True,False,0.0,77913.45,0.0383,1.119,1.386
2026-08-28T18:05:27Z,HBARUSDT,COOLING,NONE,0.0,0.0,0.0,1.32,0.0,23556.55,25585.87,True,False,0.0,77913.45,0.0383,0.934,0.07602
2026-08-28T18:05:30Z,QAITUSDT,IMPULSE,NONE,0.0,0.0,0.0,70.89,0.0,1027.78,1001.05,True,False,0.0,77913.45,0.0383,1.099,0.001982
2026-08-28T18:09:04Z,BTCUSDT,IMPULSE,NONE,0.0,0.0,0.0,0.0,0.0,202699.81,22985.28,True,False,0.0,77809.0,-0.1341,1.001,77809.0
2026-08-28T18:09:05Z,ETHUSDT,IMPULSE,BUY,0.0,10.0,10.0,0.04,0.0,154323.66,163561.55,True,False,0.0,77809.0,-0.1341,0.872,2441.43
2026-08-28T18:09:07Z,XRPUSDT,COOLING,NONE,0.0,0.0,0.0,2.89,-0.72,178819.82,94906.97,True,False,0.0036,77809.0,-0.1341,0.921,1.3855
2026-08-28T18:09:09Z,HBARUSDT,COOLING,NONE,0.0,0.0,0.0,1.32,0.0,37596.6,41031.08,True,False,0.0,77809.0,-0.1341,1.9,0.07596
2026-08-28T18:09:11Z,QAITUSDT,IMPULSE,NONE,0.0,0.0,0.0,60.91,0.0,1611.01,1462.05,True,False,0.0,77809.0,-0.1341,1.222,0.001964
2026-08-28T18:10:21Z,BTCUSDT,IMPULSE,BUY,0.0,0.03,0.03,0.0,0.0,4021.93,1149998.67,True,False,0.0,77809.83,0.0011,0.96,77809.83
2026-08-28T18:11:08Z,ETHUSDT,IMPULSE,BUY,0.12,0.5,0.5,0.04,-0.53,156468.45,200683.89,True,False,-0.0121,77809.83,0.0011,42.401,2441.31
2026-08-28T18:11:09Z,XRPUSDT,COOLING,BUY,0.0,49.67,49.67,2.89,-0.0,81944.07,129378.88,True,False,0.0361,77809.83,0.0011,0.956,1.3839
2026-08-28T18:11:12Z,HBARUSDT,COOLING,NONE,0.0,0.0,0.0,1.32,0.0,34637.48,31047.45,True,False,0.0,77809.83,0.0011,1.026,0.07599
2026-08-28T18:11:15Z,QAITUSDT,IMPULSE,NONE,0.0,0.0,0.0,60.91,0.0,1594.64,1462.05,True,False,0.0,77809.83,0.0011,2.545,0.001976
2026-08-28T18:11:51Z,BTCUSDT,IMPULSE,BUY,0.0,13.62,13.62,0.2,0.2,97059.32,520307.44,True,False,-0.0028,77825.0,0.0195,0.953,77825.0
2026-08-28T18:11:54Z,ETHUSDT,IMPULSE,SELL,2.77,0.0,2.77,0.16,0.0,146101.84,159329.09,True,False,0.0,77825.0,0.0195,0.977,2440.98
2026-08-28T18:11:55Z,XRPUSDT,COOLING,NONE,0.0,0.0,0.0,2.17,0.72,89664.09,113142.15,True,False,0.0036,77825.0,0.0195,0.98,1.385
2026-08-28T18:11:57Z,HBARUSDT,COOLING,BUY,0.02,8.8,8.8,1.32,0.0,21434.93,41223.48,True,False,-0.0132,77825.0,0.0195,0.909,0.07599
2026-08-28T18:11:59Z,QAITUSDT,IMPULSE,NONE,0.0,0.0,0.0,60.91,0.0,1567.41,1462.05,True,False,0.0,77825.0,0.0195,0.953,0.001976
2026-08-28T18:13:38Z,BTCUSDT,IMPULSE,NONE,0.0,0.0,0.0,0.02,-0.01,24301.62,463852.63,True,False,0.0,77775.77,-0.0633,0.926,77775.77
2026-08-28T18:13:41Z,ETHUSDT,IMPULSE,SELL,0.44,0.0,0.44,0.04,-0.04,154535.59,153597.21,True,False,-0.0096,77775.77,-0.0633,1.642,2439.02
2026-08-28T18:14:25Z,XRPUSDT,COOLING,BUY,0.0,3.83,3.83,2.89,1.45,100836.92,126452.31,True,False,0.0145,77775.77,-0.0633,2.326,1.3828
2026-08-28T18:14:27Z,HBARUSDT,COOLING,NONE,0.0,0.0,0.0,1.32,0.0,32790.61,18477.76,True,False,0.0,77775.77,-0.0633,1.046,0.07588
2026-08-28T18:14:29Z,QAITUSDT,IMPULSE,NONE,0.0,0.0,0.0,60.91,0.0,1567.41,1462.05,True,False,0.0,77775.77,-0.0633,1.131,0.001976
2026-08-28T18:15:40Z,BTCUSDT,IMPULSE,SELL,40.01,0.0,40.01,0.0,0.0,170401.85,549026.25,True,False,0.0,77748.41,-0.0352,0.944,77748.41
2026-08-28T18:15:43Z,ETHUSDT,IMPULSE,NONE,0.0,0.0,0.0,0.12,0.04,154852.64,220861.07,True,False,0.0002,77748.41,-0.0352,1.933,2438.27
2026-08-28T18:15:44Z,XRPUSDT,COOLING,NONE,0.0,0.0,0.0,0.72,0.0,96286.43,144945.17,True,False,0.0,77748.41,-0.0352,0.939,1.3821
2026-08-28T18:15:46Z,HBARUSDT,COOLING,NONE,0.0,0.0,0.0,1.32,0.0,38786.56,28602.48,True,False,0.0,77748.41,-0.0352,0.939,0.07587
2026-08-28T18:15:47Z,QAITUSDT,IMPULSE,NONE,0.0,0.0,0.0,60.91,0.0,1567.41,1462.05,True,False,0.0,77748.41,-0.0352,0.93,0.001976
2026-08-28T18:17:40Z,BTCUSDT,IMPULSE,SELL,1.48,0.0,1.48,0.05,0.01,467138.72,22981.96,True,False,-0.008,77765.0,0.0213,0.915,77765.0
2026-08-28T18:17:43Z,ETHUSDT,IMPULSE,NONE,0.0,0.0,0.0,0.04,-0.78,145687.2,155843.93,True,False,0.0023,77765.0,0.0213,2.053,2440.0
2026-08-28T18:17:45Z,XRPUSDT,COOLING,NONE,0.0,0.0,0.0,1.45,0.0,119288.69,114067.94,True,False,0.0,77765.0,0.0213,0.933,1.3835
2026-08-28T18:18:27Z,HBARUSDT,COOLING,NONE,0.0,0.0,0.0,1.32,0.0,19060.28,25851.33,True,False,0.0,77765.0,0.0213,0.975,0.07584
2026-08-28T18:18:30Z,QAITUSDT,IMPULSE,NONE,0.0,0.0,0.0,194.08,-10.21,989.71,2815.87,True,False,0.0,77765.0,0.0213,0.993,0.001938
2026-08-28T18:20:57Z,BTCUSDT,IMPULSE,BUY,0.0,11.37,11.37,0.0,0.0,24635.15,519859.07,True,False,0.0,77668.46,-0.1241,0.935,77668.46
2026-08-28T18:21:00Z,ETHUSDT,IMPULSE,NONE,0.0,0.0,0.0,0.16,-0.41,157086.0,142626.67,True,False,-0.0041,77668.46,-0.1241,1.916,2435.11
2026-08-28T18:21:04Z,XRPUSDT,COOLING,SELL,0.43,0.0,0.43,2.9,0.0,90604.48,127717.49,True,False,-0.0217,77668.46,-0.1241,1.995,1.3805
2026-08-28T18:21:06Z,HBARUSDT,COOLING,SELL,33.36,12.52,33.36,1.32,0.0,45802.33,25873.16,True,False,0.0,77668.46,-0.1241,2.048,0.07564
2026-08-28T18:21:08Z,QAITUSDT,IMPULSE,NONE,0.0,0.0,0.0,168.15,-10.1,1010.13,1001.47,True,False,-0.0509,77668.46,-0.1241,0.922,0.001959
2026-08-28T18:23:07Z,BTCUSDT,IMPULSE,BUY,0.0,10.72,10.72,0.05,0.04,120367.85,508812.85,True,False,0.0004,77582.1,-0.1112,1.024,77582.1
2026-08-28T18:23:10Z,ETHUSDT,IMPULSE,SELL,37.98,0.0,37.98,0.62,-0.45,155987.88,147555.68,True,True,-0.0076,77582.1,-0.1112,2.312,2433.07
2026-08-28T18:23:12Z,XRPUSDT,COOLING,BUY,0.0,6.5,6.5,1.45,-0.0,129579.19,125641.5,True,False,0.0145,77582.1,-0.1112,1.516,1.3769
2026-08-28T18:23:14Z,HBARUSDT,COOLING,NONE,0.0,0.0,0.0,1.32,0.0,39237.4,34362.93,True,False,0.0,77582.1,-0.1112,1.069,0.0756
2026-08-28T18:23:57Z,QAITUSDT,IMPULSE,NONE,0.0,0.0,0.0,66.41,0.0,1536.25,1001.47,True,False,0.0,77582.1,-0.1112,1.751,0.001959
2026-08-28T18:24:28Z,BTCUSDT,IMPULSE,BUY,0.0,0.33,0.33,0.0,-0.02,530957.62,488226.75,True,False,-0.0001,77560.7,-0.0276,0.965,77560.7
2026-08-28T18:24:30Z,ETHUSDT,IMPULSE,SELL,3.39,0.0,3.39,0.04,0.0,159508.48,169264.45,True,False,0.0,77560.7,-0.0276,1.473,2431.64
2026-08-28T18:24:32Z,XRPUSDT,COOLING,NONE,0.0,0.0,0.0,0.73,0.0,77392.86,108622.87,True,False,0.0,77560.7,-0.0276,0.913,1.3768
2026-08-28T18:24:34Z,HBARUSDT,COOLING,NONE,0.0,0.0,0.0,1.33,0.0,43894.46,33856.96,True,False,0.0,77560.7,-0.0276,0.981,0.07541
2026-08-28T18:24:36Z,QAITUSDT,IMPULSE,NONE,0.0,0.0,0.0,66.41,0.0,1482.8,1001.47,True,False,0.0,77560.7,-0.0276,0.988,0.001959
2026-08-28T18:28:25Z,BTCUSDT,IMPULSE,SELL,63.84,0.0,63.84,0.0,-0.04,42052.43,496251.2,True,False,-0.0002,77606.62,0.0592,0.971,77606.62
2026-08-28T18:28:27Z,ETHUSDT,IMPULSE,SELL,3.09,0.0,3.09,0.04,-0.04,162180.15,165493.24,True,False,-0.0002,77606.62,0.0592,1.008,2432.19
2026-08-28T18:28:30Z,XRPUSDT,COOLING,NONE,0.0,0.0,0.0,2.18,-1.45,306889.47,135695.2,True,False,0.0073,77606.62,0.0592,2.034,1.3779
2026-08-28T18:28:33Z,HBARUSDT,COOLING,NONE,0.0,0.0,0.0,1.32,0.0,29879.33,28150.14,True,False,0.0,77606.62,0.0592,1.971,0.07562
2026-08-28T18:29:15Z,QAITUSDT,IMPULSE,NONE,0.0,0.0,0.0,66.41,0.0,1473.33,1001.47,True,False,0.0,77606.62,0.0592,40.984,0.001959
2026-08-28T18:30:28Z,BTCUSDT,IMPULSE,SELL,4.02,2.97,4.02,0.13,-0.02,544615.13,492067.94,True,False,0.0004,77594.63,-0.0154,2.316,77594.63
2026-08-28T18:30:31Z,ETHUSDT,IMPULSE,NONE,0.0,0.0,0.0,0.04,0.0,153715.37,156760.2,True,False,-0.0066,77594.63,-0.0154,1.432,2432.03
2026-08-28T18:31:13Z,XRPUSDT,COOLING,NONE,0.0,0.0,0.0,1.45,0.0,121460.24,126851.36,True,False,0.0,77594.63,-0.0154,0.943,1.3777
2026-08-28T18:31:15Z,HBARUSDT,COOLING,NONE,0.0,0.0,0.0,1.32,0.0,26519.88,36053.52,True,False,0.0,77594.63,-0.0154,0.896,0.07567
2026-08-28T18:31:17Z,QAITUSDT,IMPULSE,NONE,0.0,0.0,0.0,66.41,0.0,1473.33,1001.47,True,False,0.0,77594.63,-0.0154,0.974,0.001964
2026-08-28T18:32:30Z,BTCUSDT,IMPULSE,SELL,44.76,0.0,44.76,0.32,0.07,518083.55,478178.83,True,True,-0.0065,77552.74,-0.054,2.07,77552.74
2026-08-28T18:32:32Z,ETHUSDT,IMPULSE,SELL,2.97,0.0,2.97,0.66,-0.62,157105.17,143047.67,True,False,-0.0043,77552.74,-0.054,0.892,2430.99
2026-08-28T18:32:35Z,XRPUSDT,COOLING,SELL,40.27,9.65,40.27,2.91,0.73,72067.54,90744.67,True,False,0.04,77552.74,-0.054,0.98,1.3751
2026-08-28T18:32:37Z,HBARUSDT,COOLING,NONE,0.0,0.0,0.0,1.32,0.0,32907.5,43272.85,True,False,0.0,77552.74,-0.054,0.952,0.07564
2026-08-28T18:32:40Z,QAITUSDT,IMPULSE,NONE,0.0,0.0,0.0,160.72,9.97,1440.26,1179.71,True,False,0.0503,77552.74,-0.054,0.954,0.001974
2026-08-28T18:35:06Z,BTCUSDT,IMPULSE,NONE,0.0,0.0,0.0,0.0,-0.17,523903.43,22923.16,True,False,-0.0008,77562.92,0.0131,2.467,77562.92
2026-08-28T18:35:07Z,ETHUSDT,IMPULSE,BUY,0.0,5.17,5.17,0.04,0.0,142167.39,160174.88,True,False,0.0,77562.92,0.0131,0.928,2431.46
2026-08-28T18:35:09Z,XRPUSDT,COOLING,SELL,0.37,0.0,0.37,1.45,0.0,114094.42,42612.8,True,False,0.0,77562.92,0.0131,1.072,1.3753
2026-08-28T18:35:53Z,HBARUSDT,COOLING,NONE,0.0,0.0,0.0,1.32,0.0,23110.66,17784.3,True,False,-0.0264,77562.92,0.0131,42.109,0.0757
2026-08-28T18:35:54Z,QAITUSDT,IMPULSE,NONE,0.0,0.0,0.0,70.67,0.0,1532.5,1186.08,True,False,0.0,77562.92,0.0131,0.929,0.001982
2026-08-28T18:37:06Z,BTCUSDT,IMPULSE,SELL,0.37,0.0,0.37,0.0,0.0,104866.82,624744.87,True,False,0.0,77510.0,-0.0682,1.045,77510.0
2026-08-28T18:37:08Z,ETHUSDT,IMPULSE,BUY,0.0,1.02,1.02,0.7,0.66,158575.05,160711.65,True,False,0.0058,77510.0,-0.0682,1.177,2427.64
2026-08-28T18:37:10Z,XRPUSDT,COOLING,NONE,0.0,0.0,0.0,2.92,0.0,66496.74,114595.99,True,False,0.0,77510.0,-0.0682,0.915,1.372
2026-08-28T18:37:53Z,HBARUSDT,COOLING,SELL,1.59,0.0,1.59,1.32,-0.0,36609.88,13570.27,True,False,0.0132,77510.0,-0.0682,40.9,0.0757
2026-08-28T18:37:54Z,QAITUSDT,IMPULSE,NONE,0.0,0.0,0.0,70.67,0.0,1533.82,1209.54,True,False,0.0,77510.0,-0.0682,0.981,0.001974
2026-08-28T18:38:35Z,BTCUSDT,IMPULSE,NONE,0.0,0.0,0.0,0.0,-1.47,34907.14,480485.07,True,False,-0.0037,77369.5,-0.1813,0.911,77366.66
2026-08-28T18:38:39Z,ETHUSDT,IMPULSE,BUY,0.0,0.04,0.04,0.41,-0.5,84083.07,155192.31,True,False,-0.0025,77369.5,-0.1813,1.38,2422.2
2026-08-28T18:38:43Z,XRPUSDT,COOLING,BUY,0.0,19.56,19.56,2.92,2.19,166138.71,106674.65,True,True,-0.0109,77369.5,-0.1813,1.006,1.3698
2026-08-28T18:38:46Z,HBARUSDT,COOLING,BUY,0.0,63.15,63.15,1.32,0.0,11227.08,31340.01,True,False,0.0,77369.5,-0.1813,0.934,0.07559
2026-08-28T18:38:47Z,QAITUSDT,IMPULSE,NONE,0.0,0.0,0.0,70.67,0.0,1491.45,1186.08,True,False,0.0,77369.5,-0.1813,0.896,0.001974
2026-08-28T18:40:44Z,BTCUSDT,IMPULSE,BUY,0.31,8.64,8.64,0.0,0.0,92005.65,529444.14,True,False,0.0,77450.0,0.104,1.232,77450.0
2026-08-28T18:40:47Z,ETHUSDT,IMPULSE,BUY,3.43,8.18,8.18,0.08,0.04,162609.02,215790.23,True,False,0.0002,77450.0,0.104,0.927,2425.38
2026-08-28T18:41:32Z,XRPUSDT,COOLING,BUY,0.53,0.55,0.55,2.19,-0.73,116120.68,132090.63,True,False,-0.0547,77450.0,0.104,44.291,1.3711
2026-08-28T18:41:34Z,HBARUSDT,COOLING,BUY,0.0,40.65,40.65,1.32,0.0,36224.11,28514.51,True,True,0.0,77450.0,0.104,0.92,0.07565
2026-08-28T18:41:37Z,QAITUSDT,IMPULSE,NONE,0.0,0.0,0.0,65.64,-5.03,1491.4,1186.08,True,False,-0.0252,77450.0,0.104,0.937,0.001974
2026-08-28T18:42:53Z,BTCUSDT,IMPULSE,SELL,5.15,1.87,5.15,0.01,-0.5,477372.85,535284.83,True,False,0.0018,77430.6,-0.025,0.893,77430.54
2026-08-28T18:42:54Z,ETHUSDT,IMPULSE,NONE,0.0,0.0,0.0,0.5,-0.04,148979.31,152292.56,True,False,0.0019,77430.6,-0.025,1.028,2423.14
2026-08-28T18:42:56Z,XRPUSDT,COOLING,NONE,0.0,0.0,0.0,1.46,0.0,155607.85,113306.33,True,False,0.0,77430.6,-0.025,0.949,1.369
2026-08-28T18:42:57Z,HBARUSDT,COOLING,NONE,0.0,0.0,0.0,1.32,0.0,44306.44,32933.76,True,False,0.0,77430.6,-0.025,1.016,0.07555
2026-08-28T18:42:59Z,QAITUSDT,IMPULSE,NONE,0.0,0.0,0.0,70.67,0.0,1491.4,1186.08,True,False,0.0,77430.6,-0.025,0.995,0.001974
2026-08-28T18:44:52Z,BTCUSDT,IMPULSE,NONE,0.0,0.0,0.0,0.0,0.0,458520.81,882480.05,True,False,0.0,77420.01,-0.0137,1.605,77420.01
2026-08-28T18:44:57Z,ETHUSDT,IMPULSE,SELL,3.63,2.29,3.63,1.03,0.29,172913.23,151707.81,True,False,0.0031,77420.01,-0.0137,2.651,2424.2
2026-08-28T18:44:59Z,XRPUSDT,COOLING,SELL,9.49,0.0,9.49,2.92,0.73,141237.59,133841.44,True,False,0.0037,77420.01,-0.0137,0.886,1.3691
2026-08-28T18:45:08Z,HBARUSDT,COOLING,BUY,0.0,4.74,4.74,1.32,-0.0,35608.78,36548.49,True,False,0.0529,77420.01,-0.0137,6.814,0.0756
2026-08-28T18:45:17Z,QAITUSDT,IMPULSE,NONE,0.0,0.0,0.0,174.09,-35.9,300.0,1001.36,True,False,0.0256,77420.01,-0.0137,4.816,0.001973
2026-08-28T18:49:02Z,BTCUSDT,IMPULSE,NONE,0.0,0.0,0.0,0.2,-0.1,108902.41,527064.29,True,False,0.0144,77293.4,-0.1635,1.785,77285.0
2026-08-28T18:49:04Z,ETHUSDT,IMPULSE,BUY,3.46,5.84,5.84,0.04,0.0,154642.69,176457.16,True,False,0.0,77293.4,-0.1635,0.94,2420.01
2026-08-28T18:49:08Z,XRPUSDT,COOLING,SELL,30.42,0.0,30.42,2.93,-1.46,118928.38,34147.2,True,False,0.0073,77293.4,-0.1635,0.932,1.3653
2026-08-28T18:49:52Z,HBARUSDT,COOLING,NONE,0.0,0.0,0.0,1.32,0.0,37748.37,28180.66,True,False,0.0,77293.4,-0.1635,0.991,0.07556
2026-08-28T18:50:35Z,QAITUSDT,IMPULSE,NONE,0.0,0.0,0.0,71.72,0.0,1014.38,1101.49,True,False,0.0,77293.4,-0.1635,1.998,0.001953
2026-08-28T18:51:54Z,BTCUSDT,IMPULSE,NONE,0.0,0.0,0.0,0.07,0.07,522742.31,505915.86,True,False,0.0009,77451.16,0.2041,0.975,77451.17
2026-08-28T18:51:57Z,ETHUSDT,IMPULSE,BUY,0.0,21.81,21.81,0.04,0.0,153432.16,64430.71,True,False,0.0,77451.16,0.2041,1.913,2424.48
2026-08-28T18:52:00Z,XRPUSDT,COOLING,SELL,11.84,0.0,11.84,2.92,1.46,103261.46,106312.52,True,False,-0.0219,77451.16,0.2041,1.942,1.3692
2026-08-28T18:52:02Z,HBARUSDT,COOLING,NONE,0.0,0.0,0.0,1.32,0.0,35385.75,34021.37,True,False,0.0,77451.16,0.2041,0.983,0.07552
2026-08-28T18:52:04Z,QAITUSDT,IMPULSE,NONE,0.0,0.0,0.0,71.72,0.0,1014.38,1101.49,True,False,0.0,77451.16,0.2041,1.057,0.001953
2026-08-28T18:53:22Z,BTCUSDT,IMPULSE,BUY,0.0,92.1,92.1,0.11,0.11,467988.8,41354.06,True,False,0.0182,77420.01,-0.0402,0.981,77420.01
2026-08-28T18:53:26Z,ETHUSDT,IMPULSE,NONE,0.0,0.0,0.0,0.04,-0.87,147121.34,153375.31,True,False,-0.0019,77420.01,-0.0402,0.904,2425.34
2026-08-28T18:53:27Z,XRPUSDT,COOLING,NONE,0.0,0.0,0.0,1.46,0.0,98245.17,102106.16,True,False,0.0,77420.01,-0.0402,0.934,1.37
2026-08-28T18:53:30Z,HBARUSDT,COOLING,SELL,42.93,0.0,42.93,1.32,0.0,34702.12,16917.68,True,True,0.0,77420.01,-0.0402,1.505,0.07571
2026-08-28T18:53:33Z,QAITUSDT,IMPULSE,NONE,0.0,0.0,0.0,71.72,0.0,1014.38,1101.49,True,False,0.0,77420.01,-0.0402,1.653,0.001953
2026-08-28T18:55:25Z,BTCUSDT,IMPULSE,SELL,0.15,0.0,0.15,0.01,-0.09,482887.04,467905.9,True,False,0.0015,77450.0,0.0387,1.105,77450.0
2026-08-28T18:55:28Z,ETHUSDT,IMPULSE,NONE,0.0,0.0,0.0,0.04,0.0,146453.87,149644.97,True,False,0.0,77450.0,0.0387,1.991,2425.01
2026-08-28T18:56:13Z,XRPUSDT,COOLING,SELL,5.03,0.0,5.03,2.19,0.0,115926.23,98407.57,True,False,-0.0219,77450.0,0.0387,2.058,1.3705
2026-08-28T18:56:17Z,HBARUSDT,COOLING,NONE,0.0,0.0,0.0,1.32,0.0,30244.87,34803.96,True,False,0.0,77450.0,0.0387,0.958,0.07576
2026-08-28T18:56:19Z,QAITUSDT,IMPULSE,NONE,0.0,0.0,0.0,71.72,0.0,1014.38,1101.49,True,False,0.0,77450.0,0.0387,1.509,0.001953
2026-08-28T18:58:56Z,BTCUSDT,IMPULSE,NONE,0.0,0.0,0.0,0.0,-0.0,388503.13,505802.73,True,False,0.002,77500.0,0.0646,0.908,77500.0
2026-08-28T18:58:57Z,ETHUSDT,IMPULSE,NONE,0.0,0.0,0.0,0.04,0.0,150346.71,159368.92,True,False,0.0,77500.0,0.0646,0.929,2425.86
2026-08-28T18:58:59Z,XRPUSDT,COOLING,NONE,0.0,0.0,0.0,1.46,0.0,129047.68,115409.81,True,False,0.0,77500.0,0.0646,0.954,1.3703
2026-08-28T18:59:41Z,HBARUSDT,COOLING,NONE,0.0,0.0,0.0,1.32,0.0,35123.67,33703.52,True,False,0.0,77500.0,0.0646,1.365,0.07594
2026-08-28T18:59:45Z,QAITUSDT,IMPULSE,NONE,0.0,0.0,0.0,71.72,0.0,1014.38,1101.49,True,False,0.0,77500.0,0.0646,1.895,0.001953
2026-08-28T19:00:58Z,BTCUSDT,IMPULSE,NONE,0.0,0.0,0.0,0.0,-0.19,34931.08,545187.32,True,False,0.0015,77587.08,0.1124,1.25,77587.08
2026-08-28T19:01:00Z,ETHUSDT,IMPULSE,BUY,1.13,1.57,1.57,0.04,-0.04,151394.88,150834.05,True,False,-0.0002,77587.08,0.1124,0.945,2430.17
2026-08-28T19:01:03Z,XRPUSDT,COOLING,NONE,0.0,0.0,0.0,3.63,1.45,120389.48,88584.06,True,False,0.0145,77587.08,0.1124,1.017,1.375
2026-08-28T19:01:06Z,HBARUSDT,COOLING,NONE,0.0,0.0,0.0,1.32,-0.0,20009.06,31084.79,True,False,0.0132,77587.08,0.1124,1.675,0.07602
2026-08-28T19:01:08Z,QAITUSDT,IMPULSE,NONE,0.0,0.0,0.0,71.72,0.0,1024.4,1101.49,True,False,0.0,77587.08,0.1124,0.944,0.001953
2026-08-28T19:04:19Z,BTCUSDT,IMPULSE,BUY,0.0,13.1,13.1,0.09,-0.29,222331.12,541000.17,True,False,-0.0001,77573.12,-0.018,0.955,77573.12
2026-08-28T19:05:02Z,ETHUSDT,IMPULSE,SELL,0.02,0.0,0.02,0.78,0.49,159512.24,140988.88,True,False,-0.0082,77573.12,-0.018,1.6,2429.98
2026-08-28T19:05:04Z,XRPUSDT,COOLING,NONE,0.0,0.0,0.0,2.18,-1.45,118260.82,114919.97,True,False,-0.0073,77573.12,-0.018,1.33,1.376
2026-08-28T19:05:46Z,HBARUSDT,COOLING,BUY,0.0,0.7,0.7,1.31,-0.0,21979.98,36314.7,True,False,0.0263,77573.12,-0.018,40.988,0.07608
2026-08-28T19:05:50Z,QAITUSDT,IMPULSE,NONE,0.0,0.0,0.0,71.72,0.0,1024.4,1101.49,True,False,0.0,77573.12,-0.018,2.327,0.001953
2026-08-28T19:08:36Z,BTCUSDT,IMPULSE,SELL,24.47,0.44,24.47,0.0,0.0,584188.56,528369.34,True,False,0.0,77675.91,0.1325,1.065,77675.91
2026-08-28T19:08:38Z,ETHUSDT,IMPULSE,SELL,0.61,0.0,0.61,0.04,0.0,150718.48,154937.29,True,False,-0.0012,77675.91,0.1325,1.697,2434.08
2026-08-28T19:08:42Z,XRPUSDT,COOLING,NONE,0.0,0.0,0.0,1.45,-0.0,53733.52,146907.22,True,False,0.0145,77675.91,0.1325,2.147,1.3784
2026-08-28T19:08:45Z,HBARUSDT,COOLING,NONE,0.0,0.0,0.0,1.31,0.0,31027.93,26257.4,True,False,0.0,77675.91,0.1325,1.139,0.07613
2026-08-28T19:08:48Z,QAITUSDT,IMPULSE,NONE,0.0,0.0,0.0,71.94,0.0,1349.81,1378.6,True,False,0.0,77675.91,0.1325,0.991,0.00194
2026-08-28T19:09:42Z,BTCUSDT,IMPULSE,NONE,0.0,0.0,0.0,0.0,0.0,479242.55,27698.57,True,False,0.0,77685.53,0.0124,1.614,77685.53
2026-08-28T19:09:44Z,ETHUSDT,IMPULSE,BUY,0.0,100.04,100.04,0.04,-0.0,216876.65,161569.06,True,True,0.0181,77685.53,0.0124,0.901,2436.11
2026-08-28T19:09:45Z,XRPUSDT,COOLING,SELL,13.1,0.0,13.1,2.9,-0.72,150437.7,79618.3,True,False,-0.0109,77685.53,0.0124,0.915,1.3799
2026-08-28T19:09:48Z,HBARUSDT,COOLING,NONE,0.0,0.0,0.0,1.31,0.0,39887.55,28446.33,True,False,0.0,77685.53,0.0124,2.241,0.07616
2026-08-28T19:09:54Z,QAITUSDT,IMPULSE,NONE,0.0,0.0,0.0,71.94,0.0,1349.81,1378.6,True,False,0.0,77685.53,0.0124,3.593,0.00194
2026-08-28T19:11:39Z,BTCUSDT,IMPULSE,BUY,0.09,0.09,0.09,0.48,0.48,475329.06,548827.8,True,False,0.004,77717.44,0.0411,41.068,77717.44
2026-08-28T19:11:43Z,ETHUSDT,IMPULSE,BUY,2.99,45.23,45.23,0.04,0.0,162273.2,289822.09,True,False,-0.0238,77717.44,0.0411,1.049,2436.98
2026-08-28T19:11:46Z,XRPUSDT,COOLING,NONE,0.0,0.0,0.0,2.17,0.72,105645.98,139730.65,True,False,-0.0036,77717.44,0.0411,1.298,1.3797
2026-08-28T19:11:49Z,HBARUSDT,COOLING,NONE,0.0,0.0,0.0,1.31,0.0,35310.95,20231.46,True,False,0.0,77717.44,0.0411,1.564,0.07629
2026-08-28T19:12:32Z,QAITUSDT,IMPULSE,NONE,0.0,0.0,0.0,71.94,0.0,1310.45,1378.6,True,False,0.0,77717.44,0.0411,2.583,0.00194
2026-08-28T19:13:02Z,BTCUSDT,IMPULSE,BUY,0.0,9.81,9.81,0.0,-0.62,22934.39,528559.9,True,False,-0.0055,77671.01,-0.0597,1.066,77670.97
2026-08-28T19:13:05Z,ETHUSDT,IMPULSE,BUY,0.0,0.36,0.36,0.04,0.0,153086.19,155774.69,True,False,0.0,77671.01,-0.0597,2.425,2435.46
2026-08-28T19:13:07Z,XRPUSDT,COOLING,BUY,6.08,14.06,14.06,1.45,-0.73,115966.91,142923.18,True,False,0.0036,77671.01,-0.0597,0.919,1.3786
2026-08-28T19:13:09Z,HBARUSDT,COOLING,BUY,0.0,13.96,13.96,1.31,0.0,21652.49,18418.4,True,False,0.0,77671.01,-0.0597,1.09,0.07614
2026-08-28T19:13:11Z,QAITUSDT,IMPULSE,NONE,0.0,0.0,0.0,71.94,0.0,1335.3,1378.6,True,False,0.0,77671.01,-0.0597,0.923,0.00194
2026-08-28T19:14:25Z,BTCUSDT,IMPULSE,BUY,50.3,92.37,92.37,0.42,-0.02,441931.92,456378.73,True,False,0.0001,77649.79,-0.0273,1.028,77649.79
2026-08-28T19:15:08Z,ETHUSDT,IMPULSE,BUY,0.0,1.21,1.21,0.04,-0.49,151319.58,159240.75,True,False,0.0045,77649.79,-0.0273,2.717,2435.9
2026-08-28T19:15:10Z,XRPUSDT,COOLING,NONE,0.0,0.0,0.0,0.73,0.0,123090.31,127228.26,True,False,0.0,77649.79,-0.0273,1.119,1.3779
2026-08-28T19:15:14Z,HBARUSDT,COOLING,BUY,0.0,20.4,20.4,1.31,0.0,45319.87,32232.18,True,False,0.0,77649.79,-0.0273,1.592,0.07612
2026-08-28T19:15:57Z,QAITUSDT,IMPULSE,NONE,0.0,0.0,0.0,72.39,0.0,1493.76,1271.44,True,False,0.0,77649.79,-0.0273,1.536,0.001933
2026-08-28T19:19:58Z,BTCUSDT,IMPULSE,NONE,0.0,0.0,0.0,0.08,0.08,521917.76,484776.37,True,False,-0.0004,77680.27,0.0393,2.721,77680.27
2026-08-28T19:20:04Z,ETHUSDT,IMPULSE,BUY,0.0,3.69,3.69,0.04,-0.25,144491.52,175783.17,True,False,-0.0008,77680.27,0.0393,3.603,2434.99
2026-08-28T19:20:11Z,XRPUSDT,COOLING,NONE,0.0,0.0,0.0,2.18,0.0,142649.33,111928.47,True,False,0.0,77680.27,0.0393,1.158,1.3781
2026-08-28T19:20:12Z,HBARUSDT,COOLING,NONE,0.0,0.0,0.0,1.31,0.0,38689.8,15691.71,True,False,0.0,77680.27,0.0393,1.073,0.07605
2026-08-28T19:20:15Z,QAITUSDT,IMPULSE,NONE,0.0,0.0,0.0,67.62,0.0,1556.89,1112.14,True,False,0.0,77680.27,0.0393,1.56,0.001922
2026-08-28T19:21:24Z,BTCUSDT,IMPULSE,NONE,0.0,0.0,0.0,0.0,0.0,624440.09,454650.93,True,False,0.0,77772.42,0.1186,0.934,77772.42
2026-08-28T19:21:26Z,ETHUSDT,IMPULSE,BUY,0.0,85.08,85.08,0.04,0.0,156589.2,169317.72,True,True,0.0,77772.42,0.1186,1.089,2438.96
2026-08-28T19:21:28Z,XRPUSDT,COOLING,NONE,0.0,0.0,0.0,2.17,0.0,102923.46,145074.91,True,False,0.0,77772.42,0.1186,1.038,1.3814
2026-08-28T19:21:29Z,HBARUSDT,COOLING,BUY,0.0,13.38,13.38,1.31,0.0,26299.6,28264.71,True,False,0.0,77772.42,0.1186,1.009,0.07623
2026-08-28T19:21:31Z,QAITUSDT,IMPULSE,NONE,0.0,0.0,0.0,67.62,0.0,1828.95,1385.02,True,False,0.0,77772.42,0.1186,1.095,0.001922
2026-08-28T19:26:08Z,BTCUSDT,IMPULSE,BUY,0.0,8.41,8.41,0.0,0.0,494309.42,530607.87,True,False,0.0,77759.69,-0.0164,1.139,77759.69
2026-08-28T19:26:12Z,ETHUSDT,IMPULSE,NONE,0.0,0.0,0.0,0.04,0.0,189626.36,148515.48,True,False,-0.0004,77759.69,-0.0164,2.445,2439.92
2026-08-28T19:26:16Z,XRPUSDT,COOLING,NONE,0.0,0.0,0.0,2.17,-0.0,93817.31,99556.98,True,False,0.0072,77759.69,-0.0164,0.969,1.381
2026-08-28T19:26:58Z,HBARUSDT,COOLING,SELL,0.84,0.42,0.84,1.31,-0.0,44555.72,28953.77,True,False,0.0131,77759.69,-0.0164,41.385,0.0762
2026-08-28T19:27:01Z,QAITUSDT,IMPULSE,NONE,0.0,0.0,0.0,67.62,0.0,1828.95,1370.01,True,False,0.0,77759.69,-0.0164,1.051,0.001922
2026-08-28T19:30:35Z,BTCUSDT,IMPULSE,BUY,66.48,75.57,75.57,0.0,-0.0,128407.07,491125.27,True,True,0.005,77673.82,-0.1104,1.008,77660.01
2026-08-28T19:30:38Z,ETHUSDT,IMPULSE,BUY,2.75,11.22,11.22,0.29,-0.41,159290.82,267182.61,True,False,-0.0016,77673.82,-0.1104,0.94,2437.15
2026-08-28T19:30:40Z,XRPUSDT,COOLING,NONE,0.0,0.0,0.0,0.72,-0.72,105536.7,402030.17,True,False,-0.0036,77673.82,-0.1104,0.986,1.3801
2026-08-28T19:31:21Z,HBARUSDT,COOLING,NONE,0.0,0.0,0.0,1.31,0.0,46534.21,12940.89,True,False,0.0,77673.82,-0.1104,0.922,0.07615
2026-08-28T19:31:23Z,QAITUSDT,IMPULSE,NONE,0.0,0.0,0.0,67.62,0.0,1828.95,1370.01,True,False,0.0,77673.82,-0.1104,1.096,0.001922
2026-08-28T19:32:35Z,BTCUSDT,IMPULSE,SELL,2.1,0.0,2.1,0.0,0.0,535416.78,492744.04,True,False,0.0,77673.12,-0.0009,1.58,77673.12
2026-08-28T19:32:36Z,ETHUSDT,IMPULSE,BUY,0.0,1.75,1.75,0.37,-0.04,147070.37,157313.29,True,False,-0.0002,77673.12,-0.0009,1.039,2438.18
2026-08-28T19:32:40Z,XRPUSDT,COOLING,SELL,29.78,0.0,29.78,2.17,0.0,135713.02,142761.94,True,False,0.0,77673.12,-0.0009,1.069,1.3796
2026-08-28T19:32:42Z,HBARUSDT,COOLING,SELL,0.81,0.0,0.81,1.31,0.0,46376.95,26289.78,True,False,0.0,77673.12,-0.0009,1.06,0.07612
2026-08-28T19:32:43Z,QAITUSDT,IMPULSE,NONE,0.0,0.0,0.0,67.62,0.0,1828.95,1370.01,True,False,0.0,77673.12,-0.0009,0.891,0.001922
2026-08-28T19:33:55Z,BTCUSDT,IMPULSE,BUY,0.0,63.8,63.8,0.0,0.0,101215.74,727843.14,True,False,0.0,77638.35,-0.0448,0.971,77638.35
2026-08-28T19:33:57Z,ETHUSDT,IMPULSE,SELL,2.67,0.0,2.67,0.04,0.0,157801.98,177740.64,True,False,0.0,77638.35,-0.0448,0.952,2436.02
2026-08-28T19:34:40Z,XRPUSDT,COOLING,NONE,0.0,0.0,0.0,1.45,0.0,130951.33,126970.1,True,False,0.0,77638.35,-0.0448,1.042,1.3796
2026-08-28T19:34:42Z,HBARUSDT,COOLING,NONE,0.0,0.0,0.0,1.31,0.0,42597.3,33486.85,True,False,0.0,77638.35,-0.0448,0.9,0.0761
2026-08-28T19:34:44Z,QAITUSDT,IMPULSE,NONE,0.0,0.0,0.0,67.62,0.0,1828.95,1370.01,True,False,0.0,77638.35,-0.0448,1.031,0.001922
2026-08-28T19:36:23Z,BTCUSDT,IMPULSE,NONE,0.0,0.0,0.0,0.0,0.0,194553.23,467039.84,True,False,0.0,77642.36,0.0052,0.998,77642.36
2026-08-28T19:37:05Z,ETHUSDT,IMPULSE,BUY,0.0,0.87,0.87,0.04,0.0,221097.94,156193.88,True,False,-0.018,77642.36,0.0052,1.986,2437.77
2026-08-28T19:37:49Z,XRPUSDT,COOLING,NONE,0.0,0.0,0.0,1.45,-0.0,123652.45,152298.72,True,False,0.0072,77642.36,0.0052,2.089,1.3796
2026-08-28T19:37:51Z,HBARUSDT,COOLING,NONE,0.0,0.0,0.0,1.31,0.0,38343.21,35558.16,True,False,0.0,77642.36,0.0052,1.068,0.07619
2026-08-28T19:37:53Z,QAITUSDT,IMPULSE,NONE,0.0,0.0,0.0,67.62,0.0,1828.95,1370.01,True,False,0.0,77642.36,0.0052,1.087,0.001922
2026-08-28T19:39:07Z,BTCUSDT,IMPULSE,BUY,0.0,11.64,11.64,0.0,0.0,119530.2,610873.18,True,False,0.0,77663.05,0.0266,1.046,77663.05
2026-08-28T19:39:09Z,ETHUSDT,IMPULSE,NONE,0.0,0.0,0.0,0.04,0.0,149382.57,154017.89,True,False,0.0,77663.05,0.0266,0.984,2438.17
2026-08-28T19:39:50Z,XRPUSDT,COOLING,NONE,0.0,0.0,0.0,2.17,0.0,147876.66,133915.83,True,False,0.0,77663.05,0.0266,0.904,1.3794
2026-08-28T19:39:52Z,HBARUSDT,COOLING,SELL,0.04,0.0,0.04,1.31,0.0,33553.2,19113.05,True,False,0.0,77663.05,0.0266,1.01,0.07621
2026-08-28T19:39:54Z,QAITUSDT,IMPULSE,NONE,0.0,0.0,0.0,67.41,0.0,375.08,1001.23,True,False,0.0,77663.05,0.0266,0.931,0.001929
2026-08-28T19:41:13Z,BTCUSDT,IMPULSE,NONE,0.0,0.0,0.0,0.0,0.0,94150.85,481333.18,True,False,0.0,77640.01,-0.0297,0.902,77640.01
2026-08-28T19:41:14Z,ETHUSDT,IMPULSE,SELL,4.73,0.0,4.73,0.04,-0.21,159652.72,156776.37,True,False,0.001,77640.01,-0.0297,1.002,2438.67
2026-08-28T19:41:17Z,XRPUSDT,COOLING,BUY,0.0,2.45,2.45,2.17,-0.73,77369.51,127233.69,True,False,0.0109,77640.01,-0.0297,2.058,1.3792
2026-08-28T19:41:19Z,HBARUSDT,COOLING,NONE,0.0,0.0,0.0,1.31,0.0,35049.77,28677.06,True,False,0.0,77640.01,-0.0297,0.976,0.07622
2026-08-28T19:41:22Z,QAITUSDT,IMPULSE,NONE,0.0,0.0,0.0,67.41,0.0,1018.51,1111.97,True,False,0.0,77640.01,-0.0297,2.021,0.001929
2026-08-28T19:43:40Z,BTCUSDT,IMPULSE,BUY,0.0,2.47,2.47,0.0,0.0,4012.97,1145651.64,True,False,-0.0129,77635.53,-0.0058,0.928,77635.53
2026-08-28T19:43:42Z,ETHUSDT,IMPULSE,SELL,1.13,0.0,1.13,0.21,0.0,152802.03,158555.03,True,False,0.0,77635.53,-0.0058,0.972,2438.11
2026-08-28T19:43:44Z,XRPUSDT,COOLING,NONE,0.0,0.0,0.0,2.9,0.73,107952.08,109385.98,True,False,0.0036,77635.53,-0.0058,0.912,1.3789
2026-08-28T19:43:46Z,HBARUSDT,COOLING,NONE,0.0,0.0,0.0,1.31,0.0,34190.07,28532.35,True,False,0.0,77635.53,-0.0058,0.992,0.0762
2026-08-28T19:43:49Z,QAITUSDT,IMPULSE,NONE,0.0,0.0,0.0,67.41,0.0,1018.51,1111.97,True,False,0.0,77635.53,-0.0058,1.066,0.001929
2026-08-28T19:44:25Z,BTCUSDT,IMPULSE,SELL,90.31,0.01,90.31,0.0,0.0,30476.98,847871.39,True,False,0.0,77590.89,-0.0575,0.962,77590.89
2026-08-28T19:44:27Z,ETHUSDT,IMPULSE,SELL,47.08,0.0,47.08,0.04,0.0,292832.93,164129.31,True,False,0.0,77590.89,-0.0575,1.05,2436.5
2026-08-28T19:44:29Z,XRPUSDT,COOLING,NONE,0.0,0.0,0.0,2.18,0.0,92310.97,108840.47,True,False,0.0,77590.89,-0.0575,0.952,1.3775
2026-08-28T19:44:31Z,HBARUSDT,COOLING,NONE,0.0,0.0,0.0,1.31,0.0,32703.16,22741.27,True,False,0.0,77590.89,-0.0575,1.024,0.07621
2026-08-28T19:44:33Z,QAITUSDT,IMPULSE,NONE,0.0,0.0,0.0,67.41,0.0,1018.51,1111.97,True,False,0.0,77590.89,-0.0575,0.891,0.001929
2026-08-28T19:47:19Z,BTCUSDT,IMPULSE,BUY,0.0,0.02,0.02,0.0,0.0,464402.28,1063525.52,True,False,0.0,77507.28,-0.1078,1.07,77507.28
2026-08-28T19:47:22Z,ETHUSDT,IMPULSE,NONE,0.0,0.0,0.0,0.04,0.0,146690.36,172830.38,True,False,0.0,77507.28,-0.1078,0.941,2435.07
2026-08-28T19:47:23Z,XRPUSDT,COOLING,NONE,0.0,0.0,0.0,2.18,0.0,95653.98,165605.43,True,False,0.0,77507.28,-0.1078,0.982,1.3767
2026-08-28T19:47:25Z,HBARUSDT,COOLING,NONE,0.0,0.0,0.0,1.31,0.0,28131.97,36912.19,True,False,0.0,77507.28,-0.1078,0.956,0.07613
2026-08-28T19:47:27Z,QAITUSDT,IMPULSE,NONE,0.0,0.0,0.0,67.41,0.0,1018.51,1111.97,True,False,0.0,77507.28,-0.1078,1.033,0.001929
2026-08-28T19:49:01Z,BTCUSDT,IMPULSE,SELL,1.27,0.0,1.27,0.0,0.0,552623.37,541612.86,True,False,-0.0015,77456.13,-0.066,0.925,77456.13
2026-08-28T19:49:04Z,ETHUSDT,IMPULSE,BUY,1.62,3.24,3.24,1.93,1.6,159741.46,169334.84,True,False,-0.0125,77456.13,-0.066,2.049,2433.79
2026-08-28T19:49:06Z,XRPUSDT,COOLING,BUY,0.0,0.04,0.04,0.73,-2.18,85172.76,137925.14,True,False,-0.0109,77456.13,-0.066,1.417,1.3772
2026-08-28T19:49:48Z,HBARUSDT,COOLING,NONE,0.0,0.0,0.0,1.31,0.0,37171.16,23557.22,True,False,0.0,77456.13,-0.066,0.885,0.07612
2026-08-28T19:49:50Z,QAITUSDT,IMPULSE,NONE,0.0,0.0,0.0,67.41,0.0,1018.51,1111.97,True,False,0.0,77456.13,-0.066,0.961,0.001929
2026-08-28T19:51:43Z,BTCUSDT,IMPULSE,BUY,0.0,9.35,9.35,0.0,0.0,475832.54,605090.38,True,False,-0.0194,77420.01,-0.0466,1.932,77420.01
2026-08-28T19:51:46Z,ETHUSDT,IMPULSE,BUY,0.0,1.41,1.41,0.04,-0.08,156252.83,159916.73,True,False,-0.0029,77420.01,-0.0466,0.906,2432.89
2026-08-28T19:52:28Z,XRPUSDT,COOLING,SELL,0.92,0.62,0.92,2.9,-0.0,175951.46,118922.45,True,False,0.0871,77420.01,-0.0466,40.953,1.3773
2026-08-28T19:52:32Z,HBARUSDT,COOLING,NONE,0.0,0.0,0.0,1.31,0.0,25369.81,24818.18,True,False,0.0,77420.01,-0.0466,1.929,0.07622
2026-08-28T19:52:34Z,QAITUSDT,IMPULSE,NONE,0.0,0.0,0.0,67.41,0.0,1018.51,1111.97,True,False,0.0,77420.01,-0.0466,0.933,0.001929
2026-08-28T19:53:03Z,BTCUSDT,IMPULSE,NONE,0.0,0.0,0.0,0.19,-0.14,486282.79,460502.27,True,False,-0.0002,77435.19,0.0196,0.923,77435.19
2026-08-28T19:53:04Z,ETHUSDT,IMPULSE,SELL,6.77,0.0,6.77,0.04,0.0,157023.23,173545.79,True,False,0.0,77435.19,0.0196,1.091,2432.97
2026-08-28T19:53:06Z,XRPUSDT,COOLING,NONE,0.0,0.0,0.0,2.9,0.0,145891.09,113386.95,True,False,0.0,77435.19,0.0196,1.111,1.3791
2026-08-28T19:53:08Z,HBARUSDT,COOLING,BUY,0.0,53.32,53.32,5.24,1.31,13277.61,29375.84,True,False,-0.0197,77435.19,0.0196,0.984,0.07624
2026-08-28T19:53:10Z,QAITUSDT,IMPULSE,NONE,0.0,0.0,0.0,67.41,0.0,1018.51,1111.97,True,False,0.0,77435.19,0.0196,1.011,0.001929
2026-08-28T19:55:38Z,BTCUSDT,IMPULSE,NONE,0.0,0.0,0.0,0.0,0.0,466534.06,473844.83,True,False,0.0,77484.39,0.0635,1.023,77484.39
2026-08-28T19:55:39Z,ETHUSDT,IMPULSE,BUY,0.0,1.37,1.37,0.62,0.45,152984.46,159160.93,True,False,0.0216,77484.39,0.0635,0.922,2434.05
2026-08-28T19:55:42Z,XRPUSDT,COOLING,NONE,0.0,0.0,0.0,2.9,0.0,150915.08,150107.59,True,False,-0.0072,77484.39,0.0635,1.963,1.3792
2026-08-28T19:55:44Z,HBARUSDT,COOLING,BUY,0.0,44.62,44.62,1.31,0.0,45568.7,27901.7,True,True,0.0,77484.39,0.0635,1.028,0.07632
2026-08-28T19:55:46Z,QAITUSDT,IMPULSE,NONE,0.0,0.0,0.0,67.41,0.0,1018.51,1111.97,True,False,0.0,77484.39,0.0635,1.021,0.001929
2026-08-28T19:57:01Z,BTCUSDT,IMPULSE,SELL,1.05,0.0,1.05,0.0,0.0,482720.52,76378.67,True,False,0.0,77508.11,0.0306,1.028,77508.11
2026-08-28T19:57:03Z,ETHUSDT,IMPULSE,SELL,0.02,0.0,0.02,0.04,0.0,185165.16,151010.61,True,False,0.0,77508.11,0.0306,0.975,2434.95
2026-08-28T19:57:06Z,XRPUSDT,COOLING,SELL,7.06,0.0,7.06,2.17,0.0,147841.39,106236.61,True,False,0.0,77508.11,0.0306,0.899,1.381
2026-08-28T19:57:09Z,HBARUSDT,COOLING,NONE,0.0,0.0,0.0,1.31,0.0,40274.47,30138.56,True,False,0.0,77508.11,0.0306,2.033,0.07635
2026-08-28T19:57:12Z,QAITUSDT,IMPULSE,NONE,0.0,0.0,0.0,67.41,0.0,1018.51,1111.97,True,False,0.0,77508.11,0.0306,0.969,0.001929
2026-08-28T19:59:45Z,BTCUSDT,IMPULSE,BUY,0.0,0.3,0.3,0.02,0.02,119725.69,525302.74,True,False,0.017,77583.0,0.0966,41.051,77583.0
2026-08-28T19:59:49Z,ETHUSDT,IMPULSE,SELL,12.01,0.0,12.01,0.12,-0.04,174279.77,142961.53,True,False,0.0002,77583.0,0.0966,0.98,2435.42
2026-08-28T20:00:30Z,XRPUSDT,COOLING,NONE,0.0,0.0,0.0,1.45,-2.18,151279.23,93008.43,True,False,-0.0036,77583.0,0.0966,1.03,1.3784
2026-08-28T20:00:32Z,HBARUSDT,COOLING,NONE,0.0,0.0,0.0,1.31,0.0,34143.47,26849.41,True,False,0.0,77583.0,0.0966,1.07,0.07635
2026-08-28T20:01:14Z,QAITUSDT,IMPULSE,NONE,0.0,0.0,0.0,67.41,0.0,1018.51,1111.97,True,False,0.0,77583.0,0.0966,1.144,0.001929
2026-08-28T20:04:59Z,BTCUSDT,IMPULSE,BUY,0.0,50.32,50.32,0.0,-0.66,534430.51,458101.02,True,False,0.0068,77507.13,-0.0978,1.888,77507.13
2026-08-28T20:05:00Z,ETHUSDT,IMPULSE,BUY,0.0,6.34,6.34,0.04,0.0,145271.38,158383.35,True,False,0.0,77507.13,-0.0978,1.012,2431.03
2026-08-28T20:05:42Z,XRPUSDT,COOLING,NONE,0.0,0.0,0.0,1.45,-0.73,119704.73,102419.71,True,False,-0.0036,77507.13,-0.0978,1.415,1.3769
2026-08-28T20:05:44Z,HBARUSDT,COOLING,NONE,0.0,0.0,0.0,1.31,0.0,30381.02,22119.51,True,False,0.0,77507.13,-0.0978,0.86,0.07652
2026-08-28T20:05:47Z,QAITUSDT,IMPULSE,NONE,0.0,0.0,0.0,67.41,0.0,1018.51,1111.97,True,False,0.0,77507.13,-0.0978,0.865,0.001929
2026-08-28T20:07:12Z,BTCUSDT,IMPULSE,NONE,0.0,0.0,0.0,0.63,0.63,469889.93,488970.63,True,False,0.0117,77482.47,-0.0318,0.949,77482.47
2026-08-28T20:07:14Z,ETHUSDT,IMPULSE,SELL,10.34,0.0,10.34,0.62,0.58,165183.3,152746.94,True,False,0.0107,77482.47,-0.0318,0.966,2431.64
2026-08-28T20:07:15Z,XRPUSDT,COOLING,SELL,31.94,0.0,31.94,2.9,0.73,139249.26,81830.71,True,False,-0.0109,77482.47,-0.0318,0.96,1.378
2026-08-28T20:07:17Z,HBARUSDT,COOLING,NONE,0.0,0.0,0.0,1.31,0.0,17072.06,39052.65,True,False,0.0,77482.47,-0.0318,0.935,0.07645
2026-08-28T20:07:20Z,QAITUSDT,IMPULSE,NONE,0.0,0.0,0.0,67.41,0.0,1018.51,1111.97,True,False,0.0,77482.47,-0.0318,1.021,0.001929
2026-08-28T20:07:50Z,BTCUSDT,IMPULSE,NONE,0.0,0.0,0.0,0.0,0.0,459862.08,462351.84,True,False,-0.0,77525.0,0.0549,0.999,77525.0
2026-08-28T20:07:51Z,ETHUSDT,IMPULSE,BUY,0.0,1.49,1.49,0.04,0.0,149275.89,157356.06,True,False,0.0,77525.0,0.0549,0.928,2434.07
2026-08-28T20:07:54Z,XRPUSDT,COOLING,SELL,7.77,0.0,7.77,0.72,0.0,127794.01,93717.57,True,False,0.0,77525.0,0.0549,1.07,1.3802
2026-08-28T20:07:55Z,HBARUSDT,COOLING,NONE,0.0,0.0,0.0,1.31,0.0,47815.63,24335.99,True,False,0.0,77525.0,0.0549,0.903,0.07658
2026-08-28T20:07:57Z,QAITUSDT,IMPULSE,NONE,0.0,0.0,0.0,67.41,0.0,1018.51,1111.97,True,False,0.0,77525.0,0.0549,1.021,0.001929
2026-08-28T20:11:02Z,BTCUSDT,IMPULSE,NONE,0.0,0.0,0.0,0.0,0.0,514392.97,505453.08,True,False,0.0,77561.91,0.0476,1.094,77561.91
2026-08-28T20:11:45Z,ETHUSDT,IMPULSE,SELL,0.1,0.0,0.1,0.04,0.0,159594.25,152387.18,True,False,-0.0394,77561.91,0.0476,42.286,2435.22
2026-08-28T20:11:48Z,XRPUSDT,COOLING,NONE,0.0,0.0,0.0,2.17,0.72,351821.52,94459.88,True,False,-0.0036,77561.91,0.0476,0.96,1.3826
2026-08-28T20:11:50Z,HBARUSDT,COOLING,NONE,0.0,0.0,0.0,1.31,0.0,49791.95,16719.22,True,False,0.0,77561.91,0.0476,1.922,0.07663
2026-08-28T20:11:53Z,QAITUSDT,IMPULSE,NONE,0.0,0.0,0.0,67.41,0.0,1018.51,1111.97,True,False,0.0,77561.91,0.0476,1.956,0.001929
2026-08-28T20:12:27Z,BTCUSDT,IMPULSE,SELL,3.14,0.0,3.14,0.01,0.01,538007.87,464709.38,True,False,0.0005,77510.47,-0.0663,2.094,77510.47
2026-08-28T20:13:08Z,ETHUSDT,IMPULSE,BUY,0.0,6.45,6.45,0.04,0.0,142289.95,158087.0,True,False,0.0,77510.47,-0.0663,1.075,2434.82
2026-08-28T20:13:12Z,XRPUSDT,COOLING,NONE,0.0,0.0,0.0,2.89,0.0,351821.52,97190.82,True,False,0.0,77510.47,-0.0663,2.799,1.3833
2026-08-28T20:13:13Z,HBARUSDT,COOLING,NONE,0.0,0.0,0.0,1.31,0.0,51408.45,32005.43,True,False,0.0,77510.47,-0.0663,0.926,0.07659
2026-08-28T20:13:15Z,QAITUSDT,IMPULSE,NONE,0.0,0.0,0.0,67.41,0.0,1018.51,1111.97,True,False,0.0,77510.47,-0.0663,1.083,0.001929
2026-08-28T20:14:27Z,BTCUSDT,IMPULSE,NONE,0.0,0.0,0.0,0.0,0.0,496429.33,462898.2,True,False,0.0,77566.22,0.0719,1.013,77566.22
2026-08-28T20:14:28Z,ETHUSDT,IMPULSE,SELL,2.79,1.6,2.79,0.04,0.0,175775.1,155780.85,True,False,0.0,77566.22,0.0719,1.151,2435.84
2026-08-28T20:14:30Z,XRPUSDT,COOLING,NONE,0.0,0.0,0.0,1.45,0.0,158762.03,161733.62,True,False,0.0,77566.22,0.0719,0.925,1.3831
2026-08-28T20:14:32Z,HBARUSDT,COOLING,BUY,0.0,64.99,64.99,1.31,0.0,16018.23,43272.06,True,False,0.0,77566.22,0.0719,1.031,0.07662
2026-08-28T20:14:33Z,QAITUSDT,IMPULSE,NONE,0.0,0.0,0.0,67.41,0.0,1018.51,1111.97,True,False,0.0,77566.22,0.0719,0.959,0.001929
2026-08-28T20:18:57Z,BTCUSDT,IMPULSE,NONE,0.0,0.0,0.0,0.04,0.03,463178.31,96824.46,True,False,0.0319,77480.0,-0.1112,40.992,77480.0
2026-08-28T20:18:59Z,ETHUSDT,IMPULSE,NONE,0.0,0.0,0.0,0.04,0.0,148966.99,146558.8,True,False,-0.0004,77480.0,-0.1112,0.961,2434.1
2026-08-28T20:19:02Z,XRPUSDT,COOLING,BUY,0.0,2.57,2.57,3.62,1.45,98870.36,112983.39,True,False,0.0,77480.0,-0.1112,1.957,1.3815
2026-08-28T20:19:05Z,HBARUSDT,COOLING,BUY,0.0,2.12,2.12,1.31,0.0,35757.53,21492.48,True,False,0.0,77480.0,-0.1112,2.124,0.07645
2026-08-28T20:19:08Z,QAITUSDT,IMPULSE,NONE,0.0,0.0,0.0,67.41,0.0,1018.51,1111.97,True,False,0.0,77480.0,-0.1112,1.001,0.001929
2026-08-28T20:21:43Z,BTCUSDT,IMPULSE,NONE,0.0,0.0,0.0,0.0,0.0,504291.12,89013.27,True,False,0.0,77482.4,0.0031,0.995,77482.4
2026-08-28T20:21:45Z,ETHUSDT,IMPULSE,SELL,3.16,0.83,3.16,0.04,-0.04,159920.04,162994.81,True,False,-0.0002,77482.4,0.0031,1.052,2433.19
2026-08-28T20:21:47Z,XRPUSDT,COOLING,NONE,0.0,0.0,0.0,2.9,0.0,143148.65,138144.18,True,False,0.0,77482.4,0.0031,0.914,1.3794
2026-08-28T20:21:49Z,HBARUSDT,COOLING,NONE,0.0,0.0,0.0,1.31,0.0,41504.11,33691.67,True,False,0.0,77482.4,0.0031,0.902,0.07651
2026-08-28T20:22:32Z,QAITUSDT,IMPULSE,NONE,0.0,0.0,0.0,67.41,0.0,1018.51,1111.97,True,False,0.0,77482.4,0.0031,40.964,0.001929
2026-08-28T20:24:26Z,BTCUSDT,IMPULSE,NONE,0.0,0.0,0.0,0.0,0.0,521634.75,460784.26,True,False,0.0,77495.0,0.0163,0.998,77488.63
2026-08-28T20:24:27Z,ETHUSDT,IMPULSE,SELL,0.22,0.0,0.22,0.62,-0.33,157543.96,149303.87,True,False,-0.0021,77495.0,0.0163,1.026,2433.92
2026-08-28T20:24:29Z,XRPUSDT,COOLING,NONE,0.0,0.0,0.0,2.17,0.0,141089.53,90896.87,True,False,0.0,77495.0,0.0163,0.987,1.3794
2026-08-28T20:24:31Z,HBARUSDT,COOLING,NONE,0.0,0.0,0.0,1.31,0.0,47504.0,30264.14,True,False,0.0,77495.0,0.0163,0.925,0.07654
2026-08-28T20:24:32Z,QAITUSDT,IMPULSE,NONE,0.0,0.0,0.0,67.41,0.0,1018.51,1111.97,True,False,0.0,77495.0,0.0163,1.007,0.001929
2026-08-28T20:28:16Z,BTCUSDT,IMPULSE,BUY,0.0,0.37,0.37,0.0,0.0,471505.85,195256.34,True,False,-0.0002,77506.08,0.0143,1.12,77506.08
2026-08-28T20:28:20Z,ETHUSDT,IMPULSE,BUY,0.0,0.75,0.75,0.04,0.0,153305.02,157723.16,True,False,0.0,77506.08,0.0143,1.967,2432.74
2026-08-28T20:28:24Z,XRPUSDT,COOLING,NONE,0.0,0.0,0.0,1.45,-0.0,114943.48,128806.0,True,False,0.0072,77506.08,0.0143,1.952,1.3812
2026-08-28T20:29:06Z,HBARUSDT,COOLING,NONE,0.0,0.0,0.0,1.31,0.0,22223.5,22874.15,True,False,0.0,77506.08,0.0143,1.068,0.07657
2026-08-28T20:29:08Z,QAITUSDT,IMPULSE,NONE,0.0,0.0,0.0,67.41,0.0,1018.51,1111.97,True,False,0.0,77506.08,0.0143,0.921,0.001929
2026-08-28T20:29:37Z,BTCUSDT,IMPULSE,NONE,0.0,0.0,0.0,0.0,0.0,489050.84,544149.96,True,False,0.0,77519.05,0.0167,1.055,77519.05
2026-08-28T20:29:39Z,ETHUSDT,IMPULSE,BUY,1.86,2.11,2.11,0.04,0.0,161278.97,160131.76,True,False,0.0,77519.05,0.0167,0.947,2432.52
2026-08-28T20:29:41Z,XRPUSDT,COOLING,NONE,0.0,0.0,0.0,2.17,0.0,139798.53,67499.25,True,False,0.0,77519.05,0.0167,1.017,1.3824
2026-08-28T20:30:23Z,HBARUSDT,COOLING,NONE,0.0,0.0,0.0,1.31,0.0,41293.52,18190.94,True,False,-0.0522,77519.05,0.0167,41.05,0.0766
2026-08-28T20:30:25Z,QAITUSDT,IMPULSE,NONE,0.0,0.0,0.0,67.41,0.0,1018.51,1111.97,True,False,0.0,77519.05,0.0167,1.183,0.001929
2026-08-28T20:31:41Z,BTCUSDT,IMPULSE,SELL,95.76,0.0,95.76,0.0,0.0,482268.94,478822.12,True,True,-0.0194,77448.8,-0.0906,0.995,77448.8
2026-08-28T20:31:44Z,ETHUSDT,IMPULSE,BUY,10.42,20.14,20.14,0.04,0.0,101193.18,261687.36,True,False,0.0,77448.8,-0.0906,1.15,2431.06
2026-08-28T20:31:45Z,XRPUSDT,COOLING,NONE,0.0,0.0,0.0,2.9,0.72,117786.21,102828.84,True,False,-0.0036,77448.8,-0.0906,1.078,1.3806
2026-08-28T20:31:48Z,HBARUSDT,COOLING,NONE,0.0,0.0,0.0,1.31,0.0,45805.75,33540.58,True,False,0.0,77448.8,-0.0906,0.959,0.07652
2026-08-28T20:31:50Z,QAITUSDT,IMPULSE,NONE,0.0,0.0,0.0,67.41,0.0,1018.51,1111.97,True,False,0.0,77448.8,-0.0906,0.949,0.001929
2026-08-28T20:34:54Z,BTCUSDT,IMPULSE,NONE,0.0,0.0,0.0,0.0,0.0,474553.17,454157.7,True,False,0.0,77330.24,-0.1531,1.489,77320.01
2026-08-28T20:34:57Z,ETHUSDT,IMPULSE,SELL,1.78,0.0,1.78,0.04,0.0,160126.95,328869.87,True,False,0.0,77330.24,-0.1531,2.104,2425.0
2026-08-28T20:35:00Z,XRPUSDT,COOLING,NONE,0.0,0.0,0.0,2.17,0.0,74776.21,108534.27,True,False,0.0,77330.24,-0.1531,0.955,1.3802
2026-08-28T20:35:41Z,HBARUSDT,COOLING,NONE,0.0,0.0,0.0,1.31,0.0,32783.83,27068.82,True,False,-0.0524,77330.24,-0.1531,41.017,0.07639
2026-08-28T20:35:44Z,QAITUSDT,IMPULSE,NONE,0.0,0.0,0.0,66.41,0.0,1217.24,1001.37,True,False,0.0,77330.24,-0.1531,1.922,0.001951
2026-08-28T20:36:53Z,BTCUSDT,IMPULSE,SELL,4.18,1.8,4.18,0.0,0.0,549096.61,695078.62,True,False,0.0,77344.16,0.018,0.96,77344.16
2026-08-28T20:37:35Z,ETHUSDT,IMPULSE,BUY,0.0,6.06,6.06,0.04,0.0,239860.0,159404.29,True,False,0.0,77344.16,0.018,0.922,2427.49
2026-08-28T20:37:36Z,XRPUSDT,COOLING,NONE,0.0,0.0,0.0,2.9,0.0,119597.79,100448.58,True,False,0.0,77344.16,0.018,1.049,1.3811
2026-08-28T20:37:39Z,HBARUSDT,COOLING,NONE,0.0,0.0,0.0,1.31,0.0,42822.82,29365.03,True,False,0.0,77344.16,0.018,1.459,0.07641
2026-08-28T20:37:42Z,QAITUSDT,IMPULSE,NONE,0.0,0.0,0.0,66.41,0.0,1481.89,1001.37,True,False,0.0,77344.16,0.018,1.919,0.001951
2026-08-28T20:38:12Z,BTCUSDT,IMPULSE,NONE,0.0,0.0,0.0,0.0,0.0,486650.78,31470.56,True,False,0.0,77389.99,0.0593,1.068,77389.99
2026-08-28T20:38:13Z,ETHUSDT,IMPULSE,NONE,0.0,0.0,0.0,0.04,-0.0,154284.22,149954.32,True,False,0.0025,77389.99,0.0593,0.993,2427.75
2026-08-28T20:38:15Z,XRPUSDT,COOLING,NONE,0.0,0.0,0.0,2.9,0.0,133565.96,109258.74,True,False,0.0,77389.99,0.0593,0.91,1.3811
2026-08-28T20:38:16Z,HBARUSDT,COOLING,NONE,0.0,0.0,0.0,1.31,0.0,29503.05,13402.93,True,False,0.0,77389.99,0.0593,1.123,0.07641
2026-08-28T20:38:19Z,QAITUSDT,IMPULSE,NONE,0.0,0.0,0.0,66.41,0.0,1481.89,1001.37,True,False,0.0,77389.99,0.0593,1.921,0.001951
2026-08-28T20:40:36Z,BTCUSDT,IMPULSE,BUY,0.0,14.53,14.53,0.0,0.0,118459.89,546552.07,True,False,0.0,77404.8,0.0191,0.925,77404.8
2026-08-28T20:40:38Z,ETHUSDT,IMPULSE,NONE,0.0,0.0,0.0,0.04,0.0,145950.34,159092.06,True,False,0.0,77404.8,0.0191,1.021,2427.63
2026-08-28T20:41:19Z,XRPUSDT,COOLING,BUY,0.0,1.14,1.14,1.45,-0.72,118522.57,131874.24,True,False,0.0036,77404.8,0.0191,0.929,1.382
2026-08-28T20:41:21Z,HBARUSDT,COOLING,BUY,0.0,40.5,40.5,1.31,0.0,33766.58,23617.45,True,False,0.0,77404.8,0.0191,0.913,0.0766
2026-08-28T20:41:24Z,QAITUSDT,IMPULSE,NONE,0.0,0.0,0.0,66.41,0.0,1481.89,1001.37,True,False,0.0,77404.8,0.0191,1.946,0.001951
2026-08-28T20:42:33Z,BTCUSDT,IMPULSE,BUY,0.0,7.65,7.65,0.0,0.0,466263.51,533616.45,True,False,0.0,77419.99,0.0196,0.958,77419.99
2026-08-28T20:42:35Z,ETHUSDT,IMPULSE,SELL,15.05,0.0,15.05,0.04,0.0,167453.32,141954.47,True,False,0.0,77419.99,0.0196,0.905,2427.93
2026-08-28T20:42:36Z,XRPUSDT,COOLING,SELL,0.48,0.0,0.48,1.45,-0.0,148987.07,121968.47,True,False,0.0072,77419.99,0.0196,0.98,1.3808
2026-08-28T20:42:38Z,HBARUSDT,COOLING,NONE,0.0,0.0,0.0,1.31,0.0,38800.65,22643.64,True,False,0.0,77419.99,0.0196,1.468,0.07659
2026-08-28T20:43:21Z,QAITUSDT,IMPULSE,NONE,0.0,0.0,0.0,66.41,0.0,1481.89,1001.37,True,False,0.0,77419.99,0.0196,0.956,0.001951
2026-08-28T20:44:33Z,BTCUSDT,IMPULSE,SELL,1.49,0.0,1.49,0.0,0.0,613161.59,545623.25,True,False,0.0,77424.93,0.0064,0.994,77424.93
2026-08-28T20:44:36Z,ETHUSDT,IMPULSE,BUY,0.0,1.45,1.45,0.04,0.0,154241.02,160097.22,True,False,0.0,77424.93,0.0064,2.012,2428.52
2026-08-28T20:44:38Z,XRPUSDT,COOLING,SELL,28.85,16.12,28.85,2.17,-0.0,145014.24,140658.98,True,True,0.0145,77424.93,0.0064,1.015,1.3811
2026-08-28T20:44:40Z,HBARUSDT,COOLING,NONE,0.0,0.0,0.0,1.3,0.0,16291.5,24300.47,True,False,0.0,77424.93,0.0064,1.052,0.07666
2026-08-28T20:44:44Z,QAITUSDT,IMPULSE,NONE,0.0,0.0,0.0,92.12,0.0,1142.06,1260.9,True,False,0.0,77424.93,0.0064,1.081,0.001945
2026-08-28T20:47:44Z,BTCUSDT,IMPULSE,NONE,0.0,0.0,0.0,0.01,-0.06,472546.3,522902.59,True,False,-0.0013,77421.66,-0.0042,0.966,77421.66
2026-08-28T20:47:46Z,ETHUSDT,IMPULSE,BUY,0.0,3.32,3.32,0.04,0.0,175117.29,157684.97,True,False,0.0,77421.66,-0.0042,1.013,2428.5
2026-08-28T20:47:47Z,XRPUSDT,COOLING,NONE,0.0,0.0,0.0,3.62,1.45,217270.21,73296.83,True,False,-0.0072,77421.66,-0.0042,0.954,1.3818
2026-08-28T20:47:50Z,HBARUSDT,COOLING,NONE,0.0,0.0,0.0,1.3,0.0,36337.56,24390.4,True,False,0.0,77421.66,-0.0042,1.025,0.07663
2026-08-28T20:48:32Z,QAITUSDT,IMPULSE,NONE,0.0,0.0,0.0,71.72,0.0,733.17,1001.37,True,False,0.0,77421.66,-0.0042,40.971,0.001945
2026-08-28T20:49:03Z,BTCUSDT,IMPULSE,BUY,0.0,8.48,8.48,0.0,-0.0,530122.91,518832.38,True,False,0.008,77449.76,0.0363,0.988,77449.76
2026-08-28T20:49:06Z,ETHUSDT,IMPULSE,SELL,21.14,3.18,21.14,0.49,0.37,189050.68,154036.55,True,True,0.013,77449.76,0.0363,1.022,2429.6
2026-08-28T20:49:08Z,XRPUSDT,COOLING,NONE,0.0,0.0,0.0,1.45,0.0,143368.43,149341.01,True,False,0.0,77449.76,0.0363,0.974,1.3822
2026-08-28T20:49:11Z,HBARUSDT,COOLING,NONE,0.0,0.0,0.0,1.3,0.0,48746.71,24488.61,True,False,0.0,77449.76,0.0363,1.979,0.07665
2026-08-28T20:49:14Z,QAITUSDT,IMPULSE,NONE,0.0,0.0,0.0,71.72,0.0,733.17,1001.37,True,False,0.0,77449.76,0.0363,0.975,0.001945
2026-08-28T20:49:43Z,BTCUSDT,IMPULSE,BUY,0.0,0.82,0.82,0.0,0.0,450247.95,519485.05,True,False,0.0,77465.0,0.0197,0.898,77465.0
2026-08-28T20:49:44Z,ETHUSDT,IMPULSE,SELL,9.89,0.0,9.89,0.04,-0.12,158214.23,153055.09,True,False,0.0228,77465.0,0.0197,0.894,2430.18
2026-08-28T20:49:46Z,XRPUSDT,COOLING,NONE,0.0,0.0,0.0,2.89,0.0,198878.63,81544.53,True,False,0.0,77465.0,0.0197,0.958,1.3828
2026-08-28T20:49:48Z,HBARUSDT,COOLING,NONE,0.0,0.0,0.0,1.3,0.0,40484.19,32336.92,True,False,0.0,77465.0,0.0197,1.059,0.07668
2026-08-28T20:49:49Z,QAITUSDT,IMPULSE,NONE,0.0,0.0,0.0,71.72,0.0,733.17,1001.37,True,False,0.0,77465.0,0.0197,0.945,0.001945
2026-08-28T20:54:11Z,BTCUSDT,IMPULSE,NONE,0.0,0.0,0.0,0.0,0.0,485241.91,461344.13,True,False,0.0,77368.13,-0.1251,1.115,77368.13
2026-08-28T20:54:13Z,ETHUSDT,IMPULSE,SELL,1.1,0.0,1.1,0.08,0.0,154532.78,153920.24,True,False,0.0,77368.13,-0.1251,1.126,2427.4
2026-08-28T20:54:16Z,XRPUSDT,COOLING,NONE,0.0,0.0,0.0,2.17,0.0,145170.78,126712.4,True,False,0.0,77368.13,-0.1251,0.918,1.3799
2026-08-28T20:54:18Z,HBARUSDT,COOLING,NONE,0.0,0.0,0.0,2.61,1.3,12642.65,26884.69,True,False,-0.0065,77368.13,-0.1251,1.122,0.07671
2026-08-28T20:54:21Z,QAITUSDT,IMPULSE,NONE,0.0,0.0,0.0,1020.41,-8.42,1331.1,3379.05,True,False,-0.0443,77368.13,-0.1251,0.962,0.002139
2026-08-28T20:54:55Z,BTCUSDT,IMPULSE,NONE,0.0,0.0,0.0,0.0,0.0,463983.97,512031.78,True,False,0.0,77405.0,0.0477,1.018,77405.0
2026-08-28T20:54:57Z,ETHUSDT,IMPULSE,BUY,2.07,5.3,5.3,0.04,-0.12,158989.77,155132.25,True,False,-0.0056,77405.0,0.0477,0.94,2428.3
2026-08-28T20:55:00Z,XRPUSDT,COOLING,NONE,0.0,0.0,0.0,1.45,-0.72,137028.65,126037.53,True,False,-0.0036,77405.0,0.0477,1.016,1.3809
2026-08-28T20:55:02Z,HBARUSDT,COOLING,NONE,0.0,0.0,0.0,1.3,0.0,42209.97,20746.43,True,False,0.0,77405.0,0.0477,1.435,0.07671
2026-08-28T20:55:04Z,QAITUSDT,IMPULSE,NONE,0.0,0.0,0.0,243.04,9.89,2600.63,3379.05,True,False,0.1014,77405.0,0.0477,1.035,0.00195
2026-08-28T20:56:19Z,BTCUSDT,IMPULSE,SELL,0.73,0.19,0.73,0.0,0.0,647525.68,539503.97,True,False,0.0089,77385.35,-0.0254,41.43,77385.35
2026-08-28T20:57:42Z,ETHUSDT,IMPULSE,NONE,0.0,0.0,0.0,0.04,0.0,151176.29,151552.54,True,False,-0.0045,77385.35,-0.0254,41.007,2427.83
2026-08-28T20:57:44Z,XRPUSDT,COOLING,NONE,0.0,0.0,0.0,2.9,-0.72,149391.44,116271.23,True,False,-0.0036,77385.35,-0.0254,1.024,1.381
2026-08-28T20:57:45Z,HBARUSDT,COOLING,NONE,0.0,0.0,0.0,1.3,0.0,36178.56,21081.94,True,False,0.0,77385.35,-0.0254,0.89,0.07672
2026-08-28T20:57:48Z,QAITUSDT,IMPULSE,NONE,0.0,0.0,0.0,146.06,0.0,725.4,3379.05,True,False,0.0,77385.35,-0.0254,0.974,0.002
2026-08-28T21:00:43Z,BTCUSDT,IMPULSE,NONE,0.0,0.0,0.0,0.0,0.0,469188.15,464996.25,True,False,0.0,77419.99,0.0448,0.953,77419.99
2026-08-28T21:00:45Z,ETHUSDT,IMPULSE,NONE,0.0,0.0,0.0,0.16,0.0,154581.3,148025.33,True,False,0.0,77419.99,0.0448,0.955,2428.59
2026-08-28T21:01:26Z,XRPUSDT,COOLING,BUY,0.0,1.25,1.25,2.9,0.73,125186.44,132324.26,True,False,-0.105,77419.99,0.0448,40.873,1.3805
2026-08-28T21:01:28Z,HBARUSDT,COOLING,NONE,0.0,0.0,0.0,1.3,0.0,54726.53,27023.93,True,False,0.0,77419.99,0.0448,0.89,0.07671
2026-08-28T21:01:29Z,QAITUSDT,IMPULSE,NONE,0.0,0.0,0.0,25.3,0.0,172.94,3379.05,True,False,0.0,77419.99,0.0448,0.943,0.001977
2026-08-28T21:01:59Z,BTCUSDT,IMPULSE,NONE,0.0,0.0,0.0,0.0,0.0,546382.34,487100.36,True,False,0.0,77394.42,-0.033,0.929,77394.42
2026-08-28T21:02:00Z,ETHUSDT,IMPULSE,BUY,1.81,4.13,4.13,0.04,-0.25,155005.07,163758.61,True,False,-0.0016,77394.42,-0.033,0.956,2427.05
2026-08-28T21:02:02Z,XRPUSDT,COOLING,BUY,0.0,42.06,42.06,2.17,0.0,133804.67,138530.08,True,True,0.0,77394.42,-0.033,0.919,1.3794
2026-08-28T21:02:03Z,HBARUSDT,COOLING,NONE,0.0,0.0,0.0,2.61,1.3,16011.73,18122.86,True,False,-0.0065,77394.42,-0.033,1.019,0.07671
2026-08-28T21:02:45Z,QAITUSDT,IMPULSE,NONE,0.0,0.0,0.0,25.3,0.0,172.94,3379.05,True,False,0.0,77394.42,-0.033,0.92,0.001977
2026-08-28T21:03:55Z,BTCUSDT,IMPULSE,NONE,0.0,0.0,0.0,0.0,0.0,498472.64,843422.93,True,False,0.0,77375.48,-0.0245,0.928,77375.48
2026-08-28T21:03:58Z,ETHUSDT,IMPULSE,NONE,0.0,0.0,0.0,0.04,0.0,146099.24,145868.19,True,False,0.0,77375.48,-0.0245,0.894,2426.01
2026-08-28T21:04:00Z,XRPUSDT,COOLING,NONE,0.0,0.0,0.0,2.18,0.0,97688.92,86467.06,True,False,0.0,77375.48,-0.0245,1.074,1.379
2026-08-28T21:04:02Z,HBARUSDT,COOLING,NONE,0.0,0.0,0.0,1.3,0.0,40685.28,22271.23,True,False,0.0,77375.48,-0.0245,1.022,0.07665
2026-08-28T21:04:04Z,QAITUSDT,IMPULSE,NONE,0.0,0.0,0.0,25.3,0.0,172.94,1001.41,True,False,0.0,77375.48,-0.0245,0.975,0.001977
2026-08-28T21:08:27Z,XRPUSDT,COOLING,NONE,0.0,0.0,0.0,2.9,0.0,150195.6,127389.47,True,False,0.0,77399.99,0.0317,0.908,1.3811
2026-08-28T21:08:29Z,HBARUSDT,COOLING,NONE,0.0,0.0,0.0,1.3,0.0,12741.16,29071.33,True,False,0.0,77399.99,0.0317,0.932,0.07677
2026-08-28T21:08:31Z,QAITUSDT,IMPULSE,NONE,0.0,0.0,0.0,70.46,0.0,1302.21,1191.14,True,False,0.0,77399.99,0.0317,0.957,0.001994
2026-08-28T21:08:34Z,ZBCNUSDT,IMPULSE,SELL,2.64,0.0,2.64,8.73,-0.51,526.14,95.29,True,False,-0.0026,77399.99,0.0317,0.949,0.0019484
2026-08-28T21:08:37Z,WUSDT,COOLING,NONE,0.0,0.0,0.0,9.88,0.0,17290.63,10499.64,True,False,0.0,77399.99,0.0317,1.431,0.009106
2026-08-28T21:09:11Z,XRPUSDT,COOLING,NONE,0.0,0.0,0.0,2.17,-0.72,154786.39,135756.46,True,False,0.0036,77400.0,0.0,0.898,1.3813
2026-08-28T21:09:12Z,HBARUSDT,COOLING,NONE,0.0,0.0,0.0,1.3,0.0,34831.13,30901.87,True,False,0.0,77400.0,0.0,0.926,0.07677
2026-08-28T21:09:14Z,QAITUSDT,IMPULSE,NONE,0.0,0.0,0.0,70.46,0.0,1302.21,1191.14,True,False,0.0,77400.0,0.0,0.9,0.001994
2026-08-28T21:09:16Z,ZBCNUSDT,IMPULSE,BUY,0.0,40.06,40.06,22.6,-1.03,69.9,229.31,True,False,0.0051,77400.0,0.0,0.906,0.0019491
2026-08-28T21:09:18Z,WUSDT,COOLING,NONE,0.0,0.0,0.0,14.28,0.0,17290.63,10499.64,True,False,0.0,77400.0,0.0,0.903,0.009105
2026-08-28T21:10:35Z,XRPUSDT,COOLING,NONE,0.0,0.0,0.0,2.17,-0.72,170834.99,76687.42,True,False,-0.0109,77332.74,-0.0869,2.335,1.3783
2026-08-28T21:10:36Z,HBARUSDT,COOLING,NONE,0.0,0.0,0.0,1.3,0.0,45423.46,34797.44,True,False,0.0,77332.74,-0.0869,0.964,0.07665
2026-08-28T21:10:38Z,QAITUSDT,IMPULSE,NONE,0.0,0.0,0.0,70.46,0.0,1302.21,1191.14,True,False,0.0,77332.74,-0.0869,0.94,0.001994
2026-08-28T21:10:40Z,ZBCNUSDT,IMPULSE,NONE,0.0,0.0,0.0,4.1,1.03,517.33,114.15,True,False,0.0051,77332.74,-0.0869,0.959,0.0019494
2026-08-28T21:10:43Z,WUSDT,COOLING,NONE,0.0,0.0,0.0,10.99,0.0,16984.72,10648.28,True,False,0.0,77332.74,-0.0869,0.959,0.009094
2026-08-28T21:12:19Z,XRPUSDT,COOLING,NONE,0.0,0.0,0.0,1.45,0.0,126953.94,93798.83,True,False,0.0,77359.12,0.0341,2.088,1.3804
2026-08-28T21:12:21Z,HBARUSDT,COOLING,NONE,0.0,0.0,0.0,1.3,0.0,32619.41,24150.6,True,False,0.0,77359.12,0.0341,1.97,0.07672
2026-08-28T21:12:25Z,QAITUSDT,IMPULSE,NONE,0.0,0.0,0.0,70.46,0.0,1302.21,1191.14,True,False,0.0,77359.12,0.0341,2.048,0.001994
2026-08-28T21:12:30Z,ZBCNUSDT,IMPULSE,NONE,0.0,0.0,0.0,14.89,0.0,506.65,107.54,True,False,0.0,77359.12,0.0341,2.395,0.0019468
2026-08-28T21:12:31Z,WUSDT,COOLING,NONE,0.0,0.0,0.0,18.66,0.0,17399.49,11432.65,True,False,0.0,77359.12,0.0341,0.919,0.009106
2026-08-28T21:15:43Z,XRPUSDT,COOLING,BUY,0.83,1.28,1.28,1.45,-1.45,184970.22,131119.14,True,False,0.0145,77404.73,0.059,40.894,1.382
2026-08-28T21:15:47Z,HBARUSDT,COOLING,NONE,0.0,0.0,0.0,1.3,0.0,49810.06,23151.47,True,False,0.0,77404.73,0.059,1.728,0.07677
2026-08-28T21:15:50Z,QAITUSDT,IMPULSE,NONE,0.0,0.0,0.0,70.46,0.0,1302.21,1191.14,True,False,0.0,77404.73,0.059,2.298,0.001994
2026-08-28T21:15:52Z,ZBCNUSDT,IMPULSE,BUY,0.0,0.82,0.82,18.95,6.68,514.21,50.6,True,False,-0.1508,77404.73,0.059,1.932,0.0019506
2026-08-28T21:16:36Z,WUSDT,COOLING,BUY,0.0,0.14,0.14,10.96,1.09,17513.53,11432.65,True,False,0.1042,77404.73,0.059,41.993,0.00912
2026-08-28T21:19:15Z,XRPUSDT,COOLING,BUY,0.0,0.0,0.0,0.72,-0.72,147321.94,91939.78,True,False,0.0253,77384.49,-0.0261,1.028,1.3808
2026-08-28T21:19:17Z,HBARUSDT,COOLING,NONE,0.0,0.0,0.0,1.31,0.0,20354.47,12528.18,True,False,0.0,77384.49,-0.0261,1.005,0.07651
2026-08-28T21:19:20Z,QAITUSDT,IMPULSE,NONE,0.0,0.0,0.0,55.57,-15.1,1855.36,995.25,True,False,-0.0757,77384.49,-0.0261,1.973,0.00197
2026-08-28T21:20:02Z,ZBCNUSDT,IMPULSE,NONE,0.0,0.0,0.0,20.51,-0.51,49.59,605.15,True,False,-0.0026,77384.49,-0.0261,0.923,0.0019518
2026-08-28T21:20:43Z,WUSDT,COOLING,NONE,0.0,0.0,0.0,12.1,0.0,12072.25,10828.01,True,False,0.0,77384.49,-0.0261,0.956,0.009095
2026-08-28T21:24:28Z,XRPUSDT,COOLING,NONE,0.0,0.0,0.0,1.45,-0.73,154470.11,106353.79,True,False,0.0109,77374.91,-0.0124,2.199,1.3792
2026-08-28T21:24:32Z,HBARUSDT,COOLING,NONE,0.0,0.0,0.0,1.31,0.0,25328.43,24767.91,True,False,0.0,77374.91,-0.0124,1.915,0.07622
2026-08-28T21:24:35Z,QAITUSDT,IMPULSE,NONE,0.0,0.0,0.0,45.49,0.0,1325.27,996.21,True,False,0.0,77374.91,-0.0124,0.917,0.00197
2026-08-28T21:24:37Z,ZBCNUSDT,IMPULSE,NONE,0.0,0.0,0.0,24.1,-30.68,119.7,544.02,True,False,-0.1536,77374.91,-0.0124,0.947,0.0019524
2026-08-28T21:24:40Z,WUSDT,COOLING,NONE,0.0,0.0,0.0,13.18,-3.3,12666.61,10232.27,True,False,0.0165,77374.91,-0.0124,1.449,0.009081
2026-08-28T21:25:09Z,XRPUSDT,COOLING,SELL,19.62,0.47,19.62,2.9,0.72,158083.67,99741.42,True,True,-0.0109,77376.5,0.0021,0.966,1.3802
2026-08-28T21:25:11Z,HBARUSDT,COOLING,NONE,0.0,0.0,0.0,2.62,1.31,33986.99,23031.17,True,False,-0.0066,77376.5,0.0021,0.991,0.07621
2026-08-28T21:25:13Z,QAITUSDT,IMPULSE,NONE,0.0,0.0,0.0,25.3,0.0,460.53,835.85,True,False,0.0,77376.5,0.0021,0.923,0.00197
2026-08-28T21:25:15Z,ZBCNUSDT,IMPULSE,NONE,0.0,0.0,0.0,49.17,-0.51,505.74,695.99,True,False,-0.0026,77376.5,0.0021,0.965,0.0019502
2026-08-28T21:25:58Z,WUSDT,COOLING,NONE,0.0,0.0,0.0,13.18,0.0,12666.61,10232.27,True,False,0.0,77376.5,0.0021,40.941,0.009103
2026-08-28T21:27:11Z,XRPUSDT,COOLING,NONE,0.0,0.0,0.0,2.17,0.72,160483.22,89526.02,True,False,-0.0036,77423.99,0.0614,1.047,1.3802
2026-08-28T21:27:13Z,HBARUSDT,COOLING,NONE,0.0,0.0,0.0,1.31,0.0,34774.24,22071.24,True,False,0.0,77423.99,0.0614,1.102,0.07626
2026-08-28T21:27:15Z,QAITUSDT,IMPULSE,BUY,0.0,69.24,69.24,64.79,24.87,126.55,2601.04,True,False,0.1248,77423.99,0.0614,1.003,0.002
2026-08-28T21:27:17Z,ZBCNUSDT,IMPULSE,NONE,0.0,0.0,0.0,18.93,0.0,165.52,196.45,True,False,0.0,77423.99,0.0614,0.957,0.0019537
2026-08-28T21:27:19Z,WUSDT,COOLING,NONE,0.0,0.0,0.0,15.38,0.0,12666.61,10232.27,True,False,0.0,77423.99,0.0614,0.986,0.009103
2026-08-28T21:30:14Z,XRPUSDT,COOLING,NONE,0.0,0.0,0.0,2.17,0.0,135971.82,89177.44,True,False,0.0,77418.32,-0.0073,0.938,1.3819
2026-08-28T21:30:16Z,HBARUSDT,COOLING,NONE,0.0,0.0,0.0,1.31,0.0,36770.28,34775.42,True,False,0.0,77418.32,-0.0073,0.876,0.07627
2026-08-28T21:30:17Z,QAITUSDT,IMPULSE,NONE,0.0,0.0,0.0,70.67,0.0,604.5,1254.98,True,False,0.0,77418.32,-0.0073,0.941,0.001991
2026-08-28T21:30:19Z,ZBCNUSDT,IMPULSE,NONE,0.0,0.0,0.0,15.34,0.0,505.85,506.99,True,False,0.0,77418.32,-0.0073,0.963,0.0019564
2026-08-28T21:31:01Z,WUSDT,COOLING,NONE,0.0,0.0,0.0,5.48,-3.29,6465.16,11112.43,True,False,0.0274,77418.32,-0.0073,0.913,0.009112
2026-08-28T21:32:58Z,XRPUSDT,COOLING,NONE,0.0,0.0,0.0,2.89,0.72,104324.85,230989.38,True,False,0.0036,77482.02,0.0823,0.913,1.384
2026-08-28T21:32:59Z,HBARUSDT,COOLING,NONE,0.0,0.0,0.0,1.31,0.0,22265.37,26509.1,True,False,0.0,77482.02,0.0823,0.906,0.0763
2026-08-28T21:33:01Z,QAITUSDT,IMPULSE,NONE,0.0,0.0,0.0,65.61,0.0,878.39,1182.98,True,False,0.0,77482.02,0.0823,0.962,0.001991
2026-08-28T21:33:03Z,ZBCNUSDT,IMPULSE,NONE,0.0,0.0,0.0,22.47,0.0,515.33,541.13,True,False,0.0,77482.02,0.0823,0.975,0.0019588
2026-08-28T21:33:05Z,WUSDT,COOLING,SELL,62.53,0.0,62.53,12.04,0.0,15853.13,11539.47,True,False,0.0,77482.02,0.0823,0.929,0.009131
2026-08-28T21:34:15Z,XRPUSDT,COOLING,SELL,18.3,0.0,18.3,2.89,2.17,130184.35,77508.18,True,False,0.0253,77499.94,0.0231,2.063,1.3831
2026-08-28T21:34:17Z,HBARUSDT,COOLING,NONE,0.0,0.0,0.0,1.31,0.0,40427.55,34870.56,True,False,0.0,77499.94,0.0231,0.875,0.07631
2026-08-28T21:34:18Z,QAITUSDT,IMPULSE,NONE,0.0,0.0,0.0,65.61,0.0,878.39,1182.98,True,False,0.0,77499.94,0.0231,0.97,0.001991
2026-08-28T21:35:01Z,ZBCNUSDT,IMPULSE,NONE,0.0,0.0,0.0,28.21,0.0,2275.31,527.29,True,False,0.0,77499.94,0.0231,1.988,0.0019516
2026-08-28T21:35:03Z,WUSDT,COOLING,NONE,0.0,0.0,0.0,10.96,0.0,11061.08,11648.8,True,False,0.0,77499.94,0.0231,1.072,0.009135
2026-08-28T21:36:38Z,XRPUSDT,COOLING,NONE,0.0,0.0,0.0,2.17,0.0,130442.1,113263.0,True,False,0.0,77514.46,0.0187,1.03,1.3828
2026-08-28T21:36:42Z,HBARUSDT,COOLING,NONE,0.0,0.0,0.0,1.31,0.0,41511.4,29053.46,True,False,0.0,77514.46,0.0187,0.957,0.07625
2026-08-28T21:36:43Z,QAITUSDT,IMPULSE,NONE,0.0,0.0,0.0,86.85,15.42,2276.14,2600.91,True,False,-0.1276,77514.46,0.0187,0.944,0.001961
2026-08-28T21:36:48Z,ZBCNUSDT,IMPULSE,NONE,0.0,0.0,0.0,31.22,0.0,630.7,531.81,True,False,0.0,77514.46,0.0187,1.404,0.001952
2026-08-28T21:36:52Z,WUSDT,COOLING,NONE,0.0,0.0,0.0,10.96,0.0,8125.46,11648.8,True,False,0.0,77514.46,0.0187,1.997,0.009128
2026-08-28T21:38:02Z,XRPUSDT,COOLING,BUY,0.0,0.04,0.04,0.72,0.0,88144.99,121742.9,True,False,0.0,77500.01,-0.0186,0.923,1.3822
2026-08-28T21:38:04Z,HBARUSDT,COOLING,NONE,0.0,0.0,0.0,1.31,0.0,38470.73,27270.44,True,False,0.0,77500.01,-0.0186,0.923,0.07626
2026-08-28T21:38:07Z,QAITUSDT,IMPULSE,NONE,0.0,0.0,0.0,120.79,0.0,2599.26,3148.11,True,False,0.0,77500.01,-0.0186,0.977,0.001995
2026-08-28T21:38:09Z,ZBCNUSDT,IMPULSE,NONE,0.0,0.0,0.0,31.22,0.0,2276.51,555.2,True,False,0.0,77500.01,-0.0186,0.913,0.0019543
2026-08-28T21:38:11Z,WUSDT,COOLING,NONE,0.0,0.0,0.0,9.85,0.0,16250.31,11661.9,True,False,0.0,77500.01,-0.0186,0.873,0.00913
2026-08-28T21:40:01Z,XRPUSDT,COOLING,BUY,0.0,0.15,0.15,0.72,-1.45,127107.86,99369.16,True,False,0.0217,77509.21,0.0119,41.369,1.3824
2026-08-28T21:40:02Z,HBARUSDT,COOLING,SELL,6.48,0.0,6.48,1.31,0.0,53325.27,33280.99,True,False,0.0,77509.21,0.0119,1.018,0.07625
2026-08-28T21:40:48Z,QAITUSDT,IMPULSE,NONE,0.0,0.0,0.0,118.87,-24.94,1045.92,1388.2,True,False,0.124,77509.21,0.0119,1.557,0.002
2026-08-28T21:41:30Z,ZBCNUSDT,IMPULSE,BUY,0.0,0.14,0.14,26.09,0.0,523.27,534.15,True,False,0.0,77509.21,0.0119,41.052,0.0019553
2026-08-28T21:42:13Z,WUSDT,COOLING,BUY,0.0,0.22,0.22,13.19,4.41,9374.41,11283.44,True,False,-0.1537,77509.21,0.0119,41.1,0.00911
2026-08-28T21:46:33Z,XRPUSDT,COOLING,NONE,0.0,0.0,0.0,2.18,0.0,74991.25,158757.34,True,False,0.0,77458.14,-0.0659,0.966,1.3768
2026-08-28T21:46:35Z,HBARUSDT,COOLING,NONE,0.0,0.0,0.0,1.31,0.0,46227.92,34327.21,True,False,0.0,77458.14,-0.0659,1.111,0.07614
2026-08-28T21:46:37Z,QAITUSDT,IMPULSE,NONE,0.0,0.0,0.0,108.0,0.0,2598.81,1857.47,True,False,0.0,77458.14,-0.0659,1.083,0.002026
2026-08-28T21:46:38Z,ZBCNUSDT,IMPULSE,NONE,0.0,0.0,0.0,14.37,-2.56,2275.31,540.09,True,False,-0.0128,77458.14,-0.0659,1.021,0.0019521
2026-08-28T21:46:40Z,WUSDT,COOLING,NONE,0.0,0.0,0.0,14.34,0.0,9804.35,12139.52,True,False,0.0,77458.14,-0.0659,1.026,0.009074
2026-08-28T21:47:13Z,XRPUSDT,COOLING,SELL,10.8,0.0,10.8,2.18,0.73,109858.02,116791.14,True,False,0.0182,77428.64,-0.0381,0.992,1.3765
2026-08-28T21:47:15Z,HBARUSDT,COOLING,SELL,38.39,0.0,38.39,1.31,0.0,33002.8,19939.95,True,False,0.0,77428.64,-0.0381,0.96,0.07614
2026-08-28T21:47:18Z,QAITUSDT,IMPULSE,NONE,0.0,0.0,0.0,137.25,-14.59,793.68,1938.23,True,False,-0.0735,77428.64,-0.0381,1.905,0.002026
2026-08-28T21:47:21Z,ZBCNUSDT,IMPULSE,NONE,0.0,0.0,0.0,12.83,0.0,523.91,528.45,True,False,0.0,77428.64,-0.0381,0.963,0.0019485
2026-08-28T21:47:23Z,WUSDT,COOLING,NONE,0.0,0.0,0.0,12.13,0.0,9804.35,12139.52,True,False,0.0,77428.64,-0.0381,1.068,0.009068
2026-08-28T21:47:56Z,XRPUSDT,COOLING,NONE,0.0,0.0,0.0,2.18,-0.73,80019.66,77993.62,True,False,0.0036,77430.89,0.0029,0.954,1.3754
2026-08-28T21:47:58Z,HBARUSDT,COOLING,NONE,0.0,0.0,0.0,1.31,0.0,33140.58,17656.8,True,False,0.0,77430.89,0.0029,0.929,0.0761
2026-08-28T21:48:02Z,QAITUSDT,IMPULSE,NONE,0.0,0.0,0.0,19.72,0.0,2615.11,1938.23,True,False,0.0,77430.89,0.0029,1.995,0.002026
2026-08-28T21:48:05Z,ZBCNUSDT,IMPULSE,NONE,0.0,0.0,0.0,29.8,0.0,523.61,528.45,True,False,0.0,77430.89,0.0029,0.929,0.0019468
2026-08-28T21:49:27Z,WUSDT,COOLING,NONE,0.0,0.0,0.0,12.13,-6.62,9018.02,12139.52,True,False,0.0331,77430.89,0.0029,40.946,0.009065
2026-08-28T21:51:45Z,XRPUSDT,COOLING,NONE,0.0,0.0,0.0,2.91,0.0,109512.12,98974.9,True,False,0.0,77370.41,-0.0781,1.025,1.3737
2026-08-28T21:51:47Z,HBARUSDT,COOLING,NONE,0.0,0.0,0.0,1.31,0.0,29327.83,31306.81,True,False,0.0,77370.41,-0.0781,1.053,0.07607
2026-08-28T21:51:48Z,QAITUSDT,IMPULSE,NONE,0.0,0.0,0.0,19.72,0.0,1217.66,1857.47,True,False,0.0,77370.41,-0.0781,0.936,0.002026
2026-08-28T21:51:50Z,ZBCNUSDT,IMPULSE,NONE,0.0,0.0,0.0,31.35,0.0,520.72,518.72,True,False,0.0,77370.41,-0.0781,1.025,0.0019469
2026-08-28T21:51:53Z,WUSDT,COOLING,NONE,0.0,0.0,0.0,14.34,0.0,9423.67,12139.52,True,False,0.0,77370.41,-0.0781,1.616,0.009064
2026-08-28T21:53:05Z,XRPUSDT,COOLING,BUY,0.0,35.38,35.38,5.1,1.45,113346.83,102353.23,True,True,0.0437,77370.84,0.0006,0.954,1.3715
2026-08-28T21:53:06Z,HBARUSDT,COOLING,NONE,0.0,0.0,0.0,1.31,0.0,34348.64,30715.71,True,False,0.0,77370.84,0.0006,0.906,0.07607
2026-08-28T21:53:08Z,QAITUSDT,IMPULSE,NONE,0.0,0.0,0.0,19.72,0.0,1590.87,1001.1,True,False,0.0,77370.84,0.0006,0.993,0.002026
2026-08-28T21:53:10Z,ZBCNUSDT,IMPULSE,NONE,0.0,0.0,0.0,30.84,0.0,540.46,545.94,True,False,0.0,77370.84,0.0006,0.97,0.0019469
2026-08-28T21:53:52Z,WUSDT,COOLING,NONE,0.0,0.0,0.0,7.73,0.0,14877.25,11310.41,True,False,0.0,77370.84,0.0006,0.912,0.009059
2026-08-28T21:54:27Z,XRPUSDT,COOLING,NONE,0.0,0.0,0.0,2.91,0.0,107777.92,107923.39,True,False,0.0,77360.4,-0.0135,0.927,1.3725
2026-08-28T21:54:28Z,HBARUSDT,COOLING,BUY,0.0,0.79,0.79,1.31,0.0,49378.76,12791.56,True,False,0.0,77360.4,-0.0135,0.949,0.07606
2026-08-28T21:54:31Z,QAITUSDT,IMPULSE,NONE,0.0,0.0,0.0,19.72,0.0,1590.87,1001.1,True,False,0.0,77360.4,-0.0135,1.483,0.002026
2026-08-28T21:54:32Z,ZBCNUSDT,IMPULSE,NONE,0.0,0.0,0.0,30.84,0.0,538.52,537.85,True,False,0.0,77360.4,-0.0135,0.957,0.0019472
2026-08-28T21:54:35Z,WUSDT,COOLING,NONE,0.0,0.0,0.0,7.73,0.0,14877.25,11310.41,True,False,0.0,77360.4,-0.0135,1.445,0.009059
2026-08-28T21:59:41Z,XRPUSDT,COOLING,NONE,0.0,0.0,0.0,2.91,2.19,54793.93,106516.35,True,False,0.0182,77333.28,-0.0351,2.049,1.3718
2026-08-28T21:59:43Z,HBARUSDT,COOLING,BUY,0.0,29.74,29.74,1.32,0.0,23425.07,19393.54,True,False,-0.0132,77333.28,-0.0351,1.518,0.0759
2026-08-28T21:59:46Z,QAITUSDT,IMPULSE,NONE,0.0,0.0,0.0,69.62,0.0,934.22,1001.42,True,False,0.0,77333.28,-0.0351,1.043,0.002
2026-08-28T21:59:49Z,ZBCNUSDT,IMPULSE,NONE,0.0,0.0,0.0,37.92,0.0,526.47,549.74,True,False,0.0,77333.28,-0.0351,0.911,0.0019528
2026-08-28T21:59:50Z,WUSDT,COOLING,NONE,0.0,0.0,0.0,5.53,0.0,15269.46,9078.63,True,False,0.0,77333.28,-0.0351,1.047,0.009049
2026-08-28T22:00:21Z,XRPUSDT,COOLING,SELL,13.41,0.0,13.41,2.19,-0.73,128289.69,99106.45,True,False,0.0109,77367.9,0.0448,2.4,1.372
2026-08-28T22:00:22Z,HBARUSDT,COOLING,SELL,1.95,0.0,1.95,1.32,0.0,40837.13,28446.88,True,False,0.0,77367.9,0.0448,0.953,0.07593
2026-08-28T22:01:04Z,QAITUSDT,IMPULSE,NONE,0.0,0.0,0.0,160.56,-70.36,300.0,1001.42,True,False,0.0502,77367.9,0.0448,0.933,0.002
2026-08-28T22:01:07Z,ZBCNUSDT,IMPULSE,NONE,0.0,0.0,0.0,35.35,0.0,518.59,537.08,True,False,0.0,77367.9,0.0448,0.966,0.0019448
2026-08-28T22:01:11Z,WUSDT,COOLING,NONE,0.0,0.0,0.0,13.24,0.0,16234.1,8358.6,True,False,0.0,77367.9,0.0448,2.523,0.009061
2026-08-28T22:02:22Z,XRPUSDT,COOLING,NONE,0.0,0.0,0.0,2.19,0.0,138680.19,109838.26,True,False,0.0,77391.31,0.0303,1.039,1.3725
2026-08-28T22:02:24Z,HBARUSDT,COOLING,NONE,0.0,0.0,0.0,1.32,0.0,41649.33,16104.66,True,False,0.0,77391.31,0.0303,0.919,0.07591
2026-08-28T22:03:07Z,QAITUSDT,IMPULSE,NONE,0.0,0.0,0.0,96.82,0.0,300.0,1001.08,True,False,0.0,77391.31,0.0303,0.989,0.001992
2026-08-28T22:03:10Z,ZBCNUSDT,IMPULSE,NONE,0.0,0.0,0.0,25.66,0.0,519.25,524.49,True,False,0.0,77391.31,0.0303,1.39,0.0019455
2026-08-28T22:03:12Z,WUSDT,COOLING,NONE,0.0,0.0,0.0,11.04,-2.21,15822.31,11183.65,True,False,0.011,77391.31,0.0303,0.948,0.00906
2026-08-28T22:04:48Z,XRPUSDT,COOLING,NONE,0.0,0.0,0.0,2.92,0.0,110687.43,111982.15,True,False,0.0,77370.83,-0.0265,0.942,1.3716
2026-08-28T22:04:50Z,HBARUSDT,COOLING,NONE,0.0,0.0,0.0,1.32,0.0,46136.6,30023.69,True,False,0.0,77370.83,-0.0265,0.991,0.07584
2026-08-28T22:04:53Z,QAITUSDT,IMPULSE,NONE,0.0,0.0,0.0,162.52,5.04,300.0,1001.08,True,False,0.0254,77370.83,-0.0265,0.971,0.001974
2026-08-28T22:04:55Z,ZBCNUSDT,IMPULSE,NONE,0.0,0.0,0.0,24.64,0.0,506.32,521.18,True,False,0.0,77370.83,-0.0265,1.952,0.0019495
2026-08-28T22:04:58Z,WUSDT,COOLING,NONE,0.0,0.0,0.0,12.15,0.0,10283.93,11183.65,True,False,0.0,77370.83,-0.0265,0.968,0.009056
2026-08-28T22:05:33Z,XRPUSDT,COOLING,BUY,0.0,3.5,3.5,2.92,-0.0,90749.89,124760.61,True,False,0.0073,77386.4,0.0201,1.924,1.3721
2026-08-28T22:05:36Z,HBARUSDT,COOLING,NONE,0.0,0.0,0.0,1.32,0.0,41916.07,21956.11,True,False,0.0,77386.4,0.0201,0.933,0.07582
2026-08-28T22:05:37Z,QAITUSDT,IMPULSE,NONE,0.0,0.0,0.0,65.84,5.05,300.0,1001.08,True,False,0.0253,77386.4,0.0201,0.918,0.001974
2026-08-28T22:05:40Z,ZBCNUSDT,IMPULSE,NONE,0.0,0.0,0.0,24.64,0.0,518.38,521.18,True,False,0.0,77386.4,0.0201,1.94,0.0019493
2026-08-28T22:05:42Z,WUSDT,COOLING,NONE,0.0,0.0,0.0,14.34,0.0,10716.59,8358.6,True,False,0.0,77386.4,0.0201,0.914,0.009061
2026-08-28T22:06:51Z,XRPUSDT,COOLING,NONE,0.0,0.0,0.0,2.18,0.0,88828.51,120765.2,True,False,0.0,77390.0,0.0047,0.954,1.374
2026-08-28T22:07:33Z,HBARUSDT,COOLING,NONE,0.0,0.0,0.0,1.32,0.0,18895.24,33959.2,True,False,0.0,77390.0,0.0047,0.982,0.07581
2026-08-28T22:07:35Z,QAITUSDT,IMPULSE,NONE,0.0,0.0,0.0,50.68,-5.05,1115.09,1280.97,True,False,-0.0253,77390.0,0.0047,0.973,0.001972
2026-08-28T22:07:39Z,ZBCNUSDT,IMPULSE,SELL,2.08,0.0,2.08,26.62,21.51,530.15,542.88,True,False,-0.1074,77390.0,0.0047,0.915,0.0019535
2026-08-28T22:07:41Z,WUSDT,COOLING,NONE,0.0,0.0,0.0,4.41,0.0,10716.59,10566.05,True,False,0.0,77390.0,0.0047,1.964,0.009073
2026-08-28T22:12:01Z,XRPUSDT,COOLING,BUY,0.0,7.36,7.36,2.91,2.18,113100.11,102390.9,True,False,0.0182,77422.81,0.0424,0.937,1.3755
2026-08-28T22:12:03Z,HBARUSDT,COOLING,BUY,0.0,20.93,20.93,5.26,1.32,16811.84,30988.12,True,True,0.0066,77422.81,0.0424,0.954,0.07591
2026-08-28T22:12:04Z,QAITUSDT,IMPULSE,NONE,0.0,0.0,0.0,55.74,0.0,1295.94,1189.94,True,False,0.0,77422.81,0.0424,1.044,0.001968
2026-08-28T22:12:48Z,ZBCNUSDT,IMPULSE,NONE,0.0,0.0,0.0,48.22,-5.14,542.29,527.43,True,False,0.0257,77422.81,0.0424,40.989,0.0019503
2026-08-28T22:12:51Z,WUSDT,COOLING,NONE,0.0,0.0,0.0,14.29,0.0,17218.85,10297.65,True,False,0.0,77422.81,0.0424,2.024,0.009086
2026-08-28T22:13:20Z,XRPUSDT,COOLING,NONE,0.0,0.0,0.0,2.18,0.0,121806.72,78803.67,True,False,-0.0145,77439.99,0.0222,0.892,1.376
2026-08-28T22:13:23Z,HBARUSDT,COOLING,NONE,0.0,0.0,0.0,1.32,0.0,37941.0,14604.67,True,False,0.0,77439.99,0.0222,1.049,0.07603
2026-08-28T22:14:05Z,QAITUSDT,IMPULSE,SELL,35.13,32.36,35.13,55.74,-15.15,1733.67,1498.81,True,False,-0.0759,77439.99,0.0222,1.026,0.001968
2026-08-28T22:16:07Z,ZBCNUSDT,IMPULSE,NONE,0.0,0.0,0.0,36.41,-0.51,503.16,542.22,True,False,0.0026,77439.99,0.0222,41.003,0.0019512
2026-08-28T22:16:52Z,WUSDT,COOLING,NONE,0.0,0.0,0.0,12.1,0.0,10398.17,10297.65,True,False,0.0,77439.99,0.0222,2.343,0.009095
2026-08-28T22:17:30Z,XRPUSDT,COOLING,NONE,0.0,0.0,0.0,2.18,0.73,131312.17,136444.79,True,False,0.0036,77409.32,-0.0396,2.052,1.3732
2026-08-28T22:17:33Z,HBARUSDT,COOLING,NONE,0.0,0.0,0.0,1.32,0.0,19922.32,19371.63,True,False,0.0,77409.32,-0.0396,1.966,0.07598
2026-08-28T22:17:35Z,QAITUSDT,IMPULSE,NONE,0.0,0.0,0.0,298.2,4.92,300.0,524.06,True,False,0.0772,77409.32,-0.0396,0.936,0.001962
2026-08-28T22:17:38Z,ZBCNUSDT,IMPULSE,NONE,0.0,0.0,0.0,32.82,-1.02,528.19,542.22,True,False,-0.0051,77409.32,-0.0396,1.049,0.0019513
2026-08-28T22:17:40Z,WUSDT,COOLING,NONE,0.0,0.0,0.0,12.1,0.0,10398.17,10297.65,True,False,0.0,77409.32,-0.0396,1.013,0.009096
2026-08-28T22:19:16Z,XRPUSDT,COOLING,NONE,0.0,0.0,0.0,2.18,-0.73,147462.74,98956.73,True,False,-0.0036,77443.84,0.0446,0.998,1.3758
2026-08-28T22:19:17Z,HBARUSDT,COOLING,NONE,0.0,0.0,0.0,1.32,0.0,47741.14,30771.7,True,False,0.0,77443.84,0.0446,0.903,0.07595
2026-08-28T22:19:19Z,QAITUSDT,IMPULSE,NONE,0.0,0.0,0.0,403.58,-39.96,2599.53,524.06,True,False,-0.2039,77443.84,0.0446,1.003,0.001964
2026-08-28T22:19:21Z,ZBCNUSDT,IMPULSE,NONE,0.0,0.0,0.0,31.41,0.0,531.13,547.28,True,False,0.0,77443.84,0.0446,0.973,0.0019429
2026-08-28T22:19:23Z,WUSDT,COOLING,NONE,0.0,0.0,0.0,13.19,0.0,10398.17,10243.2,True,False,0.0,77443.84,0.0446,0.943,0.009093
2026-08-28T22:19:53Z,XRPUSDT,COOLING,NONE,0.0,0.0,0.0,2.91,-0.0,122095.73,104363.75,True,False,0.0145,77433.41,-0.0135,0.907,1.3755
2026-08-28T22:19:55Z,HBARUSDT,COOLING,NONE,0.0,0.0,0.0,1.32,0.0,35613.74,15634.54,True,False,0.0,77433.41,-0.0135,0.982,0.07588
2026-08-28T22:19:58Z,QAITUSDT,IMPULSE,NONE,0.0,0.0,0.0,463.22,44.85,300.0,524.06,True,False,0.2296,77433.41,-0.0135,2.014,0.001964
2026-08-28T22:20:00Z,ZBCNUSDT,IMPULSE,NONE,0.0,0.0,0.0,31.41,0.0,522.5,547.28,True,False,0.0,77433.41,-0.0135,0.916,0.0019427
2026-08-28T22:20:04Z,WUSDT,COOLING,NONE,0.0,0.0,0.0,14.29,0.0,10398.17,10243.2,True,False,0.0,77433.41,-0.0135,2.021,0.009093
2026-08-28T22:21:12Z,XRPUSDT,COOLING,BUY,0.0,0.04,0.04,2.18,0.72,145299.55,78815.26,True,False,0.0909,77444.59,0.0144,41.022,1.3756
2026-08-28T22:21:13Z,HBARUSDT,COOLING,NONE,0.0,0.0,0.0,1.32,0.0,38373.34,31124.37,True,False,0.0,77444.59,0.0144,0.945,0.07589
2026-08-28T22:21:56Z,QAITUSDT,IMPULSE,NONE,0.0,0.0,0.0,183.21,-5.14,2599.28,524.06,True,False,0.0255,77444.59,0.0144,0.976,0.001985
2026-08-28T22:21:59Z,ZBCNUSDT,IMPULSE,NONE,0.0,0.0,0.0,26.78,0.0,513.35,550.97,True,False,0.0,77444.59,0.0144,1.94,0.0019426
2026-08-28T22:22:01Z,WUSDT,COOLING,NONE,0.0,0.0,0.0,13.19,0.0,17950.64,10388.38,True,False,0.0,77444.59,0.0144,0.888,0.009097
2026-08-28T22:25:34Z,XRPUSDT,COOLING,NONE,0.0,0.0,0.0,2.9,0.0,129485.08,123726.45,True,False,0.0,77519.99,0.0974,0.98,1.3777
2026-08-28T22:25:36Z,HBARUSDT,COOLING,NONE,0.0,0.0,0.0,1.32,0.0,23039.58,29765.98,True,False,0.0,77519.99,0.0974,1.457,0.07591
2026-08-28T22:25:39Z,QAITUSDT,IMPULSE,NONE,0.0,0.0,0.0,60.98,-5.06,300.0,524.06,True,False,-0.0254,77519.99,0.0974,1.888,0.001962
2026-08-28T22:25:42Z,ZBCNUSDT,IMPULSE,NONE,0.0,0.0,0.0,44.77,-1.03,510.26,548.02,True,False,-0.0051,77519.99,0.0974,1.983,0.0019417
2026-08-28T22:25:43Z,WUSDT,COOLING,NONE,0.0,0.0,0.0,9.88,0.0,16311.34,10652.17,True,False,0.0,77519.99,0.0974,0.932,0.009108
2026-08-28T22:26:54Z,XRPUSDT,COOLING,NONE,0.0,0.0,0.0,2.18,0.0,114487.72,144581.63,True,False,0.0,77560.0,0.0516,0.893,1.3785
2026-08-28T22:26:57Z,HBARUSDT,COOLING,NONE,0.0,0.0,0.0,1.32,0.0,25711.24,31326.71,True,False,0.0,77560.0,0.0516,1.922,0.07598
2026-08-28T22:26:58Z,QAITUSDT,IMPULSE,NONE,0.0,0.0,0.0,71.1,0.0,1391.5,1107.33,True,False,0.0,77560.0,0.0516,0.874,0.001962
2026-08-28T22:27:00Z,ZBCNUSDT,IMPULSE,SELL,5.1,0.0,5.1,33.33,0.0,526.35,513.99,True,False,0.0,77560.0,0.0516,0.914,0.0019516
2026-08-28T22:27:03Z,WUSDT,COOLING,NONE,0.0,0.0,0.0,12.07,0.0,15273.04,12578.62,True,False,0.0,77560.0,0.0516,0.961,0.009115
2026-08-28T22:28:56Z,XRPUSDT,COOLING,NONE,0.0,0.0,0.0,2.9,0.0,121089.58,121781.84,True,False,0.0,77585.56,0.033,1.199,1.3793
2026-08-28T22:29:38Z,HBARUSDT,COOLING,NONE,0.0,0.0,0.0,1.32,0.0,40155.56,31038.59,True,False,0.0,77585.56,0.033,0.993,0.07598
2026-08-28T22:29:40Z,QAITUSDT,IMPULSE,NONE,0.0,0.0,0.0,66.21,0.0,1213.33,1365.1,True,False,0.0,77585.56,0.033,1.021,0.001947
2026-08-28T22:29:41Z,ZBCNUSDT,IMPULSE,NONE,0.0,0.0,0.0,43.61,0.0,509.6,513.99,True,False,0.0,77585.56,0.033,1.015,0.0019503
2026-08-28T22:29:44Z,WUSDT,COOLING,NONE,0.0,0.0,0.0,8.78,0.0,15273.04,12578.62,True,False,0.0,77585.56,0.033,1.097,0.009117
2026-08-28T22:32:09Z,XRPUSDT,COOLING,BUY,0.0,1.29,1.29,0.73,0.0,95061.83,100798.52,True,False,-0.0073,77569.13,-0.0212,0.894,1.3791
2026-08-28T22:33:31Z,HBARUSDT,COOLING,NONE,0.0,0.0,0.0,1.32,0.0,40582.28,14372.79,True,False,0.0,77569.13,-0.0212,40.998,0.07597
2026-08-28T22:33:33Z,QAITUSDT,IMPULSE,NONE,0.0,0.0,0.0,35.61,0.0,1472.14,2031.29,True,False,0.0,77569.13,-0.0212,0.904,0.00197
2026-08-28T22:33:36Z,ZBCNUSDT,IMPULSE,NONE,0.0,0.0,0.0,45.15,0.0,535.68,99.98,True,False,0.0,77569.13,-0.0212,1.027,0.0019511
2026-08-28T22:33:38Z,WUSDT,COOLING,NONE,0.0,0.0,0.0,9.86,0.0,9582.46,11824.35,True,False,0.0,77569.13,-0.0212,0.908,0.009128
2026-08-28T22:34:49Z,XRPUSDT,COOLING,SELL,15.73,0.0,15.73,1.45,0.0,144172.2,121947.04,True,False,0.0,77608.1,0.0502,0.944,1.3801
2026-08-28T22:34:52Z,HBARUSDT,COOLING,NONE,0.0,0.0,0.0,1.32,0.0,39590.22,28149.52,True,False,0.0,77608.1,0.0502,1.949,0.07599
2026-08-28T22:34:53Z,QAITUSDT,IMPULSE,NONE,0.0,0.0,0.0,20.41,0.0,1313.67,1474.09,True,False,0.0,77608.1,0.0502,0.953,0.001962
2026-08-28T22:35:35Z,ZBCNUSDT,IMPULSE,BUY,0.59,79.26,79.26,38.89,0.0,504.99,523.06,True,False,0.0,77608.1,0.0502,1.063,0.0019568
2026-08-28T22:35:39Z,WUSDT,COOLING,NONE,0.0,0.0,0.0,10.96,0.0,15447.72,11824.35,True,False,0.0,77608.1,0.0502,0.944,0.009124
2026-08-28T22:37:31Z,XRPUSDT,COOLING,BUY,0.0,0.18,0.18,2.17,0.0,98199.05,125322.53,True,False,0.0,77654.61,0.0599,2.218,1.3807
2026-08-28T22:37:32Z,HBARUSDT,COOLING,NONE,0.0,0.0,0.0,1.32,0.0,49787.65,39545.12,True,False,0.0,77654.61,0.0599,0.946,0.076
2026-08-28T22:37:37Z,QAITUSDT,IMPULSE,BUY,0.0,25.04,25.04,5.12,0.0,300.0,2601.11,True,False,0.0,77654.61,0.0599,2.456,0.001951
2026-08-28T22:37:39Z,ZBCNUSDT,IMPULSE,NONE,0.0,0.0,0.0,16.36,0.0,505.36,534.47,True,False,0.0,77654.61,0.0599,0.996,0.0019568
2026-08-28T22:38:22Z,WUSDT,COOLING,NONE,0.0,0.0,0.0,3.29,-6.58,15430.59,13820.47,True,False,0.0329,77654.61,0.0599,41.443,0.009117
2026-08-28T22:42:02Z,XRPUSDT,COOLING,NONE,0.0,0.0,0.0,1.45,0.0,100442.24,150185.07,True,False,0.0,77701.31,0.0601,1.083,1.3803
2026-08-28T22:42:04Z,HBARUSDT,COOLING,NONE,0.0,0.0,0.0,1.31,0.0,36079.62,28090.35,True,False,0.0,77701.31,0.0601,1.038,0.07607
2026-08-28T22:42:06Z,QAITUSDT,IMPULSE,NONE,0.0,0.0,0.0,25.67,0.0,1563.63,1371.91,True,False,0.0,77701.31,0.0601,1.039,0.001957
2026-08-28T22:42:09Z,ZBCNUSDT,IMPULSE,NONE,0.0,0.0,0.0,14.3,0.0,548.35,546.19,True,False,0.0,77701.31,0.0601,0.97,0.001959
2026-08-28T22:42:11Z,WUSDT,COOLING,NONE,0.0,0.0,0.0,9.87,0.0,8590.26,12447.54,True,False,0.0,77701.31,0.0601,1.06,0.009114
2026-08-28T22:42:38Z,XRPUSDT,COOLING,NONE,0.0,0.0,0.0,1.45,0.72,121218.73,152093.09,True,False,-0.0036,77717.6,0.021,0.937,1.3805
2026-08-28T22:43:21Z,HBARUSDT,COOLING,NONE,0.0,0.0,0.0,1.31,0.0,41340.4,31696.37,True,False,0.0,77717.6,0.021,1.021,0.07607
2026-08-28T22:44:03Z,QAITUSDT,IMPULSE,NONE,0.0,0.0,0.0,25.67,0.0,1563.63,1371.91,True,False,0.0,77717.6,0.021,0.975,0.001957
2026-08-28T22:44:05Z,ZBCNUSDT,IMPULSE,SELL,84.04,0.59,84.04,12.24,0.0,524.98,514.44,True,True,0.0,77717.6,0.021,1.026,0.0019617
2026-08-28T22:44:06Z,WUSDT,COOLING,NONE,0.0,0.0,0.0,9.87,0.0,9974.65,12453.2,True,False,0.0,77717.6,0.021,0.996,0.009116
2026-08-28T22:46:00Z,XRPUSDT,COOLING,SELL,19.14,0.29,19.14,2.9,0.72,129057.8,120846.13,True,True,-0.0036,77742.77,0.0324,1.421,1.3815
2026-08-28T22:46:02Z,HBARUSDT,COOLING,NONE,0.0,0.0,0.0,1.31,0.0,43727.82,24924.74,True,False,0.0,77742.77,0.0324,0.989,0.07612
2026-08-28T22:46:04Z,QAITUSDT,IMPULSE,NONE,0.0,0.0,0.0,25.67,0.0,1563.63,1371.91,True,False,0.0,77742.77,0.0324,0.916,0.00195
2026-08-28T22:46:47Z,ZBCNUSDT,IMPULSE,NONE,0.0,0.0,0.0,10.7,0.0,624.21,539.77,True,False,0.0,77742.77,0.0324,2.466,0.0019622
2026-08-28T22:46:49Z,WUSDT,COOLING,NONE,0.0,0.0,0.0,10.96,0.0,16948.86,11824.35,True,False,0.0,77742.77,0.0324,0.988,0.009126
2026-08-28T22:51:10Z,XRPUSDT,COOLING,BUY,1.46,8.61,8.61,0.72,-0.72,136746.45,160965.79,True,False,-0.0036,77735.19,-0.0098,2.106,1.3828
2026-08-28T22:51:13Z,HBARUSDT,COOLING,NONE,0.0,0.0,0.0,1.31,0.0,28675.51,32753.93,True,False,0.0,77735.19,-0.0098,0.962,0.07614
2026-08-28T22:51:15Z,QAITUSDT,IMPULSE,NONE,0.0,0.0,0.0,41.05,-5.12,1561.88,1111.45,True,False,-0.0256,77735.19,-0.0098,0.955,0.00195
2026-08-28T22:51:16Z,ZBCNUSDT,IMPULSE,NONE,0.0,0.0,0.0,18.34,0.0,501.36,527.59,True,False,0.0,77735.19,-0.0098,1.096,0.0019631
2026-08-28T22:51:18Z,WUSDT,COOLING,NONE,0.0,0.0,0.0,9.85,0.0,9147.46,12402.36,True,False,0.0,77735.19,-0.0098,0.972,0.009139
2026-08-28T22:51:48Z,XRPUSDT,COOLING,NONE,0.0,0.0,0.0,2.89,0.0,121219.09,174925.26,True,False,0.0,77726.97,-0.0106,0.967,1.3823
2026-08-28T22:51:49Z,HBARUSDT,COOLING,NONE,0.0,0.0,0.0,1.31,0.0,33321.66,40538.37,True,False,0.0,77726.97,-0.0106,0.991,0.07614
2026-08-28T22:51:51Z,QAITUSDT,IMPULSE,NONE,0.0,0.0,0.0,51.28,0.0,1561.88,1019.78,True,False,0.0,77726.97,-0.0106,0.937,0.00195
2026-08-28T22:51:53Z,ZBCNUSDT,IMPULSE,NONE,0.0,0.0,0.0,16.81,0.0,528.83,527.59,True,False,0.0,77726.97,-0.0106,1.014,0.0019639
2026-08-28T22:51:56Z,WUSDT,COOLING,NONE,0.0,0.0,0.0,6.57,0.0,9147.46,12402.36,True,False,0.0,77726.97,-0.0106,1.906,0.009138
2026-08-28T22:53:46Z,XRPUSDT,COOLING,NONE,0.0,0.0,0.0,0.72,0.0,127070.15,76836.58,True,False,0.0,77730.13,0.0041,41.022,1.3826
2026-08-28T22:53:50Z,HBARUSDT,COOLING,NONE,0.0,0.0,0.0,1.31,0.0,42441.57,37060.37,True,False,0.0,77730.13,0.0041,1.947,0.07611
2026-08-28T22:53:52Z,QAITUSDT,IMPULSE,NONE,0.0,0.0,0.0,66.62,-5.11,300.0,2600.45,True,False,-0.0256,77730.13,0.0041,1.896,0.001945
2026-08-28T22:54:35Z,ZBCNUSDT,IMPULSE,NONE,0.0,0.0,0.0,9.67,-2.04,499.93,519.21,True,False,0.0306,77730.13,0.0041,40.915,0.0019644
2026-08-28T22:54:37Z,WUSDT,COOLING,NONE,0.0,0.0,0.0,10.93,0.0,15912.32,11851.19,True,False,0.0,77730.13,0.0041,1.482,0.009138
2026-08-28T22:56:20Z,XRPUSDT,COOLING,NONE,0.0,0.0,0.0,2.17,0.72,122195.61,136129.42,True,False,-0.0036,77682.47,-0.0613,1.042,1.3819
2026-08-28T22:57:03Z,HBARUSDT,COOLING,NONE,0.0,0.0,0.0,1.31,0.0,23751.13,33154.12,True,False,0.0,77682.47,-0.0613,0.91,0.07613
2026-08-28T22:57:44Z,QAITUSDT,IMPULSE,SELL,0.58,0.0,0.58,35.93,-15.36,1241.46,1001.15,True,False,-0.0769,77682.47,-0.0613,40.918,0.001945
2026-08-28T22:59:06Z,WUSDT,COOLING,NONE,0.0,0.0,0.0,10.93,0.0,10118.36,11850.53,True,False,0.0,77682.47,-0.0613,41.048,0.009153
2026-08-28T22:59:08Z,CCUSDT,COOLING,NONE,0.0,0.0,0.0,8.08,0.0,1542.41,1520.64,True,False,0.0,77682.47,-0.0613,1.096,0.11129
2026-08-28T23:00:16Z,XRPUSDT,COOLING,NONE,0.0,0.0,0.0,1.45,0.72,178294.61,132034.23,True,False,-0.0036,77742.74,0.0776,1.07,1.3828
2026-08-28T23:00:59Z,HBARUSDT,COOLING,NONE,0.0,0.0,0.0,1.32,0.0,35340.59,36253.24,True,False,-0.0791,77742.74,0.0776,41.407,0.07592
2026-08-28T23:01:02Z,QAITUSDT,IMPULSE,NONE,0.0,0.0,0.0,66.62,0.0,1765.73,1025.66,True,False,0.0,77742.74,0.0776,0.919,0.001945
2026-08-28T23:01:04Z,WUSDT,COOLING,NONE,0.0,0.0,0.0,10.93,0.0,10118.36,11850.53,True,False,0.0,77742.74,0.0776,1.005,0.009149
2026-08-28T23:01:08Z,CCUSDT,COOLING,NONE,0.0,0.0,0.0,4.49,-0.9,1490.1,1495.59,True,False,-0.0045,77742.74,0.0776,2.046,0.11128
2026-08-28T23:03:03Z,XRPUSDT,COOLING,BUY,0.0,0.31,0.31,2.17,-0.72,123319.0,167113.14,True,False,0.0326,77693.16,-0.0638,41.271,1.3824
2026-08-28T23:03:05Z,HBARUSDT,COOLING,NONE,0.0,0.0,0.0,1.32,0.0,35314.76,46538.5,True,False,0.0,77693.16,-0.0638,1.944,0.07583
2026-08-28T23:03:07Z,QAITUSDT,IMPULSE,NONE,0.0,0.0,0.0,66.62,0.0,1341.98,1001.15,True,False,0.0,77693.16,-0.0638,0.954,0.001945
2026-08-28T23:03:10Z,WUSDT,COOLING,SELL,49.11,0.0,49.11,6.57,0.0,9547.7,12466.44,True,True,0.0,77693.16,-0.0638,0.942,0.00914
2026-08-28T23:03:12Z,CCUSDT,COOLING,BUY,0.0,1.18,1.18,8.09,0.0,1487.4,15270.3,True,False,0.0,77693.16,-0.0638,1.981,0.11125
2026-08-28T23:06:17Z,XRPUSDT,COOLING,NONE,0.0,0.0,0.0,0.72,0.0,109552.72,173978.6,True,False,-0.0072,77694.31,0.0015,1.935,1.3834
2026-08-28T23:06:20Z,HBARUSDT,COOLING,NONE,0.0,0.0,0.0,1.32,0.0,24749.78,28275.68,True,False,0.0,77694.31,0.0015,0.937,0.07581
2026-08-28T23:06:21Z,QAITUSDT,IMPULSE,NONE,0.0,0.0,0.0,56.4,0.0,1325.05,1291.25,True,False,0.0,77694.31,0.0015,0.923,0.001945
2026-08-28T23:06:23Z,WUSDT,COOLING,NONE,0.0,0.0,0.0,9.85,0.0,9547.7,12411.88,True,False,0.0,77694.31,0.0015,1.003,0.00914
2026-08-28T23:06:25Z,CCUSDT,COOLING,NONE,0.0,0.0,0.0,8.08,0.0,1715.62,1558.96,True,False,0.0,77694.31,0.0015,0.931,0.11136
2026-08-28T23:08:57Z,XRPUSDT,COOLING,NONE,0.0,0.0,0.0,1.45,-0.72,141527.24,110856.96,True,False,-0.0109,77688.86,-0.007,0.944,1.3823
2026-08-28T23:08:59Z,HBARUSDT,COOLING,NONE,0.0,0.0,0.0,1.32,0.0,49791.21,19739.54,True,False,0.0,77688.86,-0.007,0.905,0.07586
2026-08-28T23:09:02Z,QAITUSDT,IMPULSE,NONE,0.0,0.0,0.0,61.51,5.11,939.17,1291.25,True,False,0.0256,77688.86,-0.007,1.485,0.001945
2026-08-28T23:09:04Z,WUSDT,COOLING,NONE,0.0,0.0,0.0,12.03,0.0,11187.29,12421.35,True,False,0.0,77688.86,-0.007,0.965,0.009148
2026-08-28T23:09:49Z,CCUSDT,COOLING,NONE,0.0,0.0,0.0,6.28,0.0,1491.68,1496.58,True,False,0.0,77688.86,-0.007,0.951,0.11142
2026-08-28T23:11:01Z,XRPUSDT,COOLING,NONE,0.0,0.0,0.0,2.17,0.0,120309.91,126941.67,True,False,0.0,77711.7,0.0294,1.063,1.3833
2026-08-28T23:11:03Z,HBARUSDT,COOLING,NONE,0.0,0.0,0.0,1.32,0.0,40031.34,21210.59,True,False,0.0,77711.7,0.0294,0.919,0.07597
2026-08-28T23:11:05Z,QAITUSDT,IMPULSE,NONE,0.0,0.0,0.0,61.51,0.0,939.17,1575.42,True,False,0.0,77711.7,0.0294,0.959,0.001945
2026-08-28T23:11:07Z,WUSDT,COOLING,NONE,0.0,0.0,0.0,5.46,0.0,15087.23,12697.12,True,False,0.0,77711.7,0.0294,0.903,0.009149
2026-08-28T23:11:09Z,CCUSDT,COOLING,NONE,0.0,0.0,0.0,5.39,0.9,1491.24,1496.58,True,False,0.0045,77711.7,0.0294,0.912,0.11138
2026-08-28T23:12:06Z,XRPUSDT,COOLING,SELL,8.44,0.0,8.44,1.45,0.0,115660.85,86423.87,True,False,-0.0145,77713.84,0.0028,0.93,1.3832
2026-08-28T23:12:08Z,HBARUSDT,COOLING,SELL,12.06,0.0,12.06,1.32,0.0,42575.39,33713.49,True,False,-0.0132,77713.84,0.0028,1.042,0.07602
2026-08-28T23:12:11Z,QAITUSDT,IMPULSE,NONE,0.0,0.0,0.0,61.51,0.0,939.17,1575.42,True,False,0.0,77713.84,0.0028,0.961,0.001945
2026-08-28T23:12:55Z,WUSDT,COOLING,NONE,0.0,0.0,0.0,6.55,1.09,15087.23,12697.12,True,False,-0.0055,77713.84,0.0028,42.022,0.009156
2026-08-28T23:12:57Z,CCUSDT,COOLING,NONE,0.0,0.0,0.0,4.49,-0.9,1491.24,1496.58,True,False,-0.0045,77713.84,0.0028,0.994,0.11137
2026-08-28T23:13:28Z,XRPUSDT,COOLING,SELL,0.46,0.0,0.46,1.45,0.72,114715.38,147432.2,True,False,0.0036,77765.0,0.0658,0.943,1.3835
2026-08-28T23:13:30Z,HBARUSDT,COOLING,NONE,0.0,0.0,0.0,1.32,0.0,46944.24,36076.54,True,False,0.0,77765.0,0.0658,1.345,0.07601
2026-08-28T23:13:32Z,QAITUSDT,IMPULSE,NONE,0.0,0.0,0.0,61.51,0.0,939.17,1575.42,True,False,0.0,77765.0,0.0658,0.952,0.001945
2026-08-28T23:13:34Z,WUSDT,COOLING,NONE,0.0,0.0,0.0,6.55,0.0,15087.23,12697.12,True,False,0.0,77765.0,0.0658,0.982,0.009157
2026-08-28T23:13:36Z,CCUSDT,COOLING,NONE,0.0,0.0,0.0,4.49,0.0,1491.24,1496.58,True,False,0.0,77765.0,0.0658,0.964,0.1114
2026-08-28T23:14:46Z,XRPUSDT,COOLING,NONE,0.0,0.0,0.0,2.17,0.72,151271.39,101311.13,True,False,0.0036,77766.45,0.0019,0.996,1.3842
2026-08-28T23:15:28Z,HBARUSDT,COOLING,BUY,0.83,1.44,1.44,1.32,0.0,49019.24,26900.16,True,False,-0.0263,77766.45,0.0019,40.918,0.07602
2026-08-28T23:15:30Z,QAITUSDT,IMPULSE,NONE,0.0,0.0,0.0,61.51,0.0,939.17,1575.42,True,False,0.0,77766.45,0.0019,0.981,0.001945
2026-08-28T23:15:32Z,WUSDT,COOLING,NONE,0.0,0.0,0.0,6.55,0.0,9230.24,12697.12,True,False,0.0,77766.45,0.0019,1.91,0.009167
2026-08-28T23:16:15Z,CCUSDT,COOLING,NONE,0.0,0.0,0.0,6.29,-5.39,1490.34,1494.9,True,False,0.009,77766.45,0.0019,41.888,0.11145
2026-08-28T23:18:31Z,XRPUSDT,COOLING,NONE,0.0,0.0,0.0,1.45,-0.72,167416.21,105343.63,True,False,0.0036,77702.59,-0.0821,0.965,1.3828
2026-08-28T23:18:33Z,HBARUSDT,COOLING,NONE,0.0,0.0,0.0,1.32,0.0,26489.98,38018.6,True,False,0.0,77702.59,-0.0821,0.899,0.07599
2026-08-28T23:18:34Z,QAITUSDT,IMPULSE,NONE,0.0,0.0,0.0,61.51,0.0,939.17,1575.42,True,False,0.0,77702.59,-0.0821,0.934,0.001945
2026-08-28T23:18:36Z,WUSDT,COOLING,NONE,0.0,0.0,0.0,9.82,0.0,15065.74,11335.87,True,False,0.0,77702.59,-0.0821,1.124,0.009166
2026-08-28T23:18:38Z,CCUSDT,COOLING,NONE,0.0,0.0,0.0,0.9,0.0,1490.34,2521.35,True,False,0.0,77702.59,-0.0821,1.013,0.1113
2026-08-28T23:19:50Z,XRPUSDT,COOLING,NONE,0.0,0.0,0.0,1.45,0.0,77059.95,98287.99,True,False,0.0,77700.0,-0.0033,2.048,1.3819
2026-08-28T23:19:52Z,HBARUSDT,COOLING,NONE,0.0,0.0,0.0,1.32,0.0,43524.37,17866.57,True,False,0.0,77700.0,-0.0033,1.001,0.07597
2026-08-28T23:19:55Z,QAITUSDT,IMPULSE,NONE,0.0,0.0,0.0,56.4,-5.11,939.17,1575.42,True,False,-0.0256,77700.0,-0.0033,1.023,0.001945
2026-08-28T23:20:40Z,WUSDT,COOLING,NONE,0.0,0.0,0.0,9.82,0.0,9282.94,12766.86,True,False,0.0,77700.0,-0.0033,0.92,0.009164
2026-08-28T23:21:22Z,CCUSDT,COOLING,SELL,0.26,0.0,0.26,7.19,-1.8,1667.87,1494.1,True,False,0.009,77700.0,-0.0033,40.972,0.11139
2026-08-28T23:23:15Z,XRPUSDT,COOLING,NONE,0.0,0.0,0.0,2.9,0.0,131007.95,134255.39,True,False,-0.0072,77682.6,-0.0224,0.953,1.3806
2026-08-28T23:23:58Z,HBARUSDT,COOLING,NONE,0.0,0.0,0.0,1.32,0.0,27929.82,18162.78,True,False,0.0,77682.6,-0.0224,1.101,0.07593
2026-08-28T23:24:00Z,QAITUSDT,IMPULSE,NONE,0.0,0.0,0.0,56.4,0.0,949.2,1291.25,True,False,0.0,77682.6,-0.0224,1.046,0.001945
2026-08-28T23:24:02Z,WUSDT,COOLING,NONE,0.0,0.0,0.0,14.17,6.53,7724.45,11335.87,True,False,0.1091,77682.6,-0.0224,0.886,0.009175
2026-08-28T23:24:03Z,CCUSDT,COOLING,NONE,0.0,0.0,0.0,5.39,0.0,1602.69,1496.24,True,False,0.0,77682.6,-0.0224,0.966,0.11133
2026-08-28T23:27:40Z,XRPUSDT,COOLING,BUY,0.0,1.04,1.04,2.17,0.72,113180.84,155643.12,True,False,-0.0398,77704.99,0.0288,40.961,1.3828
2026-08-28T23:27:41Z,HBARUSDT,COOLING,NONE,0.0,0.0,0.0,1.32,0.0,47596.35,21043.93,True,False,0.0,77704.99,0.0288,1.059,0.07598
2026-08-28T23:27:44Z,QAITUSDT,IMPULSE,NONE,0.0,0.0,0.0,71.72,0.0,939.17,1291.25,True,False,0.0,77704.99,0.0288,0.945,0.001945
2026-08-28T23:27:47Z,WUSDT,COOLING,NONE,0.0,0.0,0.0,10.9,0.0,16863.62,10914.73,True,False,0.0,77704.99,0.0288,1.878,0.009179
2026-08-28T23:27:50Z,CCUSDT,COOLING,NONE,0.0,0.0,0.0,9.86,0.0,1492.34,1498.41,True,False,0.0,77704.99,0.0288,1.978,0.11151
2026-08-28T23:29:41Z,XRPUSDT,COOLING,NONE,0.0,0.0,0.0,2.17,0.0,109526.25,134281.6,True,False,0.0,77675.0,-0.0386,0.979,1.3818
2026-08-28T23:29:44Z,HBARUSDT,COOLING,NONE,0.0,0.0,0.0,1.32,0.0,47123.45,37726.16,True,False,0.0,77675.0,-0.0386,0.943,0.07601
2026-08-28T23:29:46Z,QAITUSDT,IMPULSE,NONE,0.0,0.0,0.0,71.72,0.0,939.17,1291.25,True,False,0.0,77675.0,-0.0386,0.962,0.001945
2026-08-28T23:30:28Z,WUSDT,COOLING,NONE,0.0,0.0,0.0,9.82,0.0,11903.98,12015.57,True,False,0.0,77675.0,-0.0386,0.948,0.009167
2026-08-28T23:30:30Z,CCUSDT,COOLING,NONE,0.0,0.0,0.0,9.87,0.0,1492.34,1498.41,True,False,0.0,77675.0,-0.0386,0.913,0.11148
2026-08-28T23:31:37Z,XRPUSDT,COOLING,NONE,0.0,0.0,0.0,2.17,0.0,123409.28,86780.17,True,False,0.0,77689.99,0.0193,0.987,1.3821
2026-08-28T23:31:40Z,HBARUSDT,COOLING,NONE,0.0,0.0,0.0,1.31,0.0,48043.37,30895.53,True,False,0.0,77689.99,0.0193,0.991,0.07604
2026-08-28T23:31:42Z,QAITUSDT,IMPULSE,NONE,0.0,0.0,0.0,71.72,0.0,949.2,1291.25,True,False,0.0,77689.99,0.0193,0.932,0.001945
2026-08-28T23:31:43Z,WUSDT,COOLING,NONE,0.0,0.0,0.0,9.82,0.0,9138.31,12015.57,True,False,0.0,77689.99,0.0193,1.044,0.009167
2026-08-28T23:31:45Z,CCUSDT,COOLING,NONE,0.0,0.0,0.0,9.86,0.0,1493.29,1498.41,True,False,0.0,77689.99,0.0193,0.929,0.11148
2026-08-28T23:35:34Z,XRPUSDT,COOLING,NONE,0.0,0.0,0.0,2.17,0.0,129142.03,100324.14,True,False,0.0,77691.1,0.0014,1.973,1.3822
2026-08-28T23:35:37Z,HBARUSDT,COOLING,NONE,0.0,0.0,0.0,1.32,0.0,23949.82,40282.36,True,False,0.0,77691.1,0.0014,0.934,0.07606
2026-08-28T23:36:20Z,QAITUSDT,IMPULSE,NONE,0.0,0.0,0.0,66.62,0.0,949.23,1291.25,True,False,0.0,77691.1,0.0014,41.914,0.001945
2026-08-28T23:37:03Z,ZBCNUSDT,IMPULSE,SELL,0.44,0.09,0.44,16.49,-7.21,62.68,523.52,True,False,-0.0361,77691.1,0.0014,41.02,0.0019421
2026-08-28T23:37:04Z,WUSDT,COOLING,NONE,0.0,0.0,0.0,9.82,0.0,11903.98,12015.57,True,False,0.0,77691.1,0.0014,1.004,0.009167
2026-08-28T23:39:01Z,XRPUSDT,COOLING,SELL,28.48,0.0,28.48,2.89,0.0,131599.44,111756.2,True,True,-0.0145,77699.99,0.0114,0.987,1.383
2026-08-28T23:39:05Z,HBARUSDT,COOLING,NONE,0.0,0.0,0.0,1.31,0.0,27392.72,40366.86,True,False,0.0,77699.99,0.0114,0.95,0.0761
2026-08-28T23:39:08Z,QAITUSDT,IMPULSE,NONE,0.0,0.0,0.0,66.62,0.0,949.23,1291.25,True,False,0.0,77699.99,0.0114,0.942,0.001945
2026-08-28T23:39:09Z,ZBCNUSDT,IMPULSE,NONE,0.0,0.0,0.0,19.09,0.0,55.2,510.93,True,False,0.0,77699.99,0.0114,0.991,0.0019383
2026-08-28T23:39:11Z,WUSDT,COOLING,NONE,0.0,0.0,0.0,8.74,0.0,9203.83,13348.34,True,False,0.0,77699.99,0.0114,0.957,0.009166
2026-08-28T23:40:26Z,XRPUSDT,COOLING,NONE,0.0,0.0,0.0,2.17,0.0,105719.34,91011.61,True,False,0.0,77670.59,-0.0378,1.073,1.3825
2026-08-28T23:40:28Z,HBARUSDT,COOLING,NONE,0.0,0.0,0.0,1.32,0.0,21603.13,23629.64,True,False,0.0,77670.59,-0.0378,1.1,0.07604
2026-08-28T23:40:30Z,QAITUSDT,IMPULSE,NONE,0.0,0.0,0.0,66.62,0.0,939.17,1291.25,True,False,0.0,77670.59,-0.0378,0.93,0.001945
2026-08-28T23:40:32Z,ZBCNUSDT,IMPULSE,NONE,0.0,0.0,0.0,9.81,0.0,32.37,530.0,True,False,0.0,77670.59,-0.0378,0.912,0.0019375
2026-08-28T23:40:34Z,WUSDT,COOLING,NONE,0.0,0.0,0.0,8.74,0.0,9203.83,13348.34,True,False,0.0,77670.59,-0.0378,0.943,0.009156
2026-08-28T23:42:12Z,XRPUSDT,COOLING,NONE,0.0,0.0,0.0,1.45,0.0,81584.37,139210.32,True,False,0.0,77671.53,0.0012,0.965,1.3827
2026-08-28T23:42:15Z,HBARUSDT,COOLING,NONE,0.0,0.0,0.0,1.31,0.0,45683.97,40017.05,True,False,0.0,77671.53,0.0012,1.041,0.07605
2026-08-28T23:42:17Z,QAITUSDT,IMPULSE,NONE,0.0,0.0,0.0,66.62,0.0,939.17,1291.25,True,False,0.0,77671.53,0.0012,0.963,0.001945
2026-08-28T23:42:19Z,ZBCNUSDT,IMPULSE,NONE,0.0,0.0,0.0,19.62,0.0,58.41,537.16,True,False,0.0,77671.53,0.0012,0.952,0.0019385
2026-08-28T23:42:22Z,WUSDT,COOLING,NONE,0.0,0.0,0.0,9.82,0.0,8751.19,13364.23,True,False,0.0,77671.53,0.0012,1.943,0.009165
2026-08-28T23:42:49Z,XRPUSDT,COOLING,NONE,0.0,0.0,0.0,2.17,-1.45,118653.95,104109.95,True,False,0.0,77671.52,-0.0,0.891,1.3828
2026-08-28T23:42:53Z,HBARUSDT,COOLING,NONE,0.0,0.0,0.0,1.31,0.0,45683.97,40017.05,True,False,0.0,77671.52,-0.0,2.093,0.07605
2026-08-28T23:42:56Z,QAITUSDT,IMPULSE,NONE,0.0,0.0,0.0,66.62,0.0,939.17,1291.25,True,False,0.0,77671.52,-0.0,2.097,0.001945
2026-08-28T23:42:58Z,ZBCNUSDT,IMPULSE,NONE,0.0,0.0,0.0,18.59,0.0,58.41,526.85,True,False,0.0,77671.52,-0.0,0.947,0.0019374
2026-08-28T23:43:00Z,WUSDT,COOLING,NONE,0.0,0.0,0.0,9.82,0.0,8751.19,13364.23,True,False,0.0,77671.52,-0.0,0.965,0.009163
2026-08-28T23:44:13Z,XRPUSDT,COOLING,SELL,0.19,0.0,0.19,2.17,0.72,110355.91,93890.48,True,False,-0.0036,77692.43,0.0269,40.949,1.3833
2026-08-28T23:44:15Z,HBARUSDT,COOLING,NONE,0.0,0.0,0.0,1.31,0.0,23118.34,25542.17,True,False,0.0,77692.43,0.0269,0.934,0.07607
2026-08-28T23:44:59Z,QAITUSDT,IMPULSE,SELL,0.66,0.0,0.66,36.04,-35.69,939.17,1291.25,True,False,-0.4867,77692.43,0.0269,42.007,0.001945
2026-08-28T23:45:01Z,ZBCNUSDT,IMPULSE,SELL,52.04,2.15,52.04,17.01,3.08,58.41,545.5,True,True,0.0671,77692.43,0.0269,0.901,0.001939
2026-08-28T23:45:03Z,WUSDT,COOLING,NONE,0.0,0.0,0.0,10.91,0.0,7579.77,11987.86,True,False,0.0,77692.43,0.0269,1.038,0.009166
2026-08-28T23:48:02Z,XRPUSDT,COOLING,NONE,0.0,0.0,0.0,2.89,0.0,83064.81,80355.21,True,False,0.0,77648.04,-0.0571,2.041,1.382
2026-08-28T23:49:24Z,HBARUSDT,COOLING,NONE,0.0,0.0,0.0,1.31,0.0,37915.56,34527.21,True,False,0.0,77648.04,-0.0571,0.958,0.07607
2026-08-28T23:49:27Z,QAITUSDT,IMPULSE,NONE,0.0,0.0,0.0,30.99,0.0,1485.31,1288.66,True,False,0.0,77648.04,-0.0571,1.957,0.001933
2026-08-28T23:49:30Z,ZBCNUSDT,IMPULSE,NONE,0.0,0.0,0.0,10.3,0.0,584.68,540.53,True,False,0.0,77648.04,-0.0571,0.968,0.0019423
2026-08-28T23:49:32Z,WUSDT,COOLING,NONE,0.0,0.0,0.0,10.92,0.0,10650.46,11971.33,True,False,0.0,77648.04,-0.0571,0.934,0.009159
2026-08-28T23:50:40Z,XRPUSDT,COOLING,NONE,0.0,0.0,0.0,1.45,0.0,111956.82,119469.79,True,False,0.0,77664.67,0.0214,1.012,1.3825
2026-08-28T23:50:43Z,HBARUSDT,COOLING,NONE,0.0,0.0,0.0,1.31,0.0,35724.12,35090.28,True,False,0.0,77664.67,0.0214,1.94,0.07607
2026-08-28T23:51:25Z,QAITUSDT,IMPULSE,NONE,0.0,0.0,0.0,30.99,0.0,1485.31,1288.66,True,False,0.0,77664.67,0.0214,0.929,0.001933
2026-08-28T23:51:27Z,ZBCNUSDT,IMPULSE,NONE,0.0,0.0,0.0,17.0,0.0,594.06,546.37,True,False,0.0,77664.67,0.0214,1.963,0.001941
2026-08-28T23:51:29Z,WUSDT,COOLING,NONE,0.0,0.0,0.0,9.82,0.0,8751.19,13361.49,True,False,0.0,77664.67,0.0214,1.035,0.009167
2026-08-28T23:52:42Z,XRPUSDT,COOLING,NONE,0.0,0.0,0.0,2.17,0.0,121047.93,128890.79,True,False,0.0,77702.36,0.0485,1.91,1.3833
2026-08-28T23:53:24Z,HBARUSDT,COOLING,SELL,0.95,0.0,0.95,1.31,-0.0,43584.55,11387.3,True,False,0.0263,77702.36,0.0485,40.894,0.0761
2026-08-28T23:54:07Z,QAITUSDT,IMPULSE,NONE,0.0,0.0,0.0,30.99,0.0,1435.94,1288.66,True,False,0.0,77702.36,0.0485,40.994,0.001939
2026-08-28T23:54:09Z,ZBCNUSDT,IMPULSE,NONE,0.0,0.0,0.0,37.55,-1.03,607.26,545.05,True,False,0.0,77702.36,0.0485,0.959,0.0019437
2026-08-28T23:54:52Z,WUSDT,COOLING,NONE,0.0,0.0,0.0,11.99,0.0,10541.55,10887.05,True,False,0.0,77702.36,0.0485,41.051,0.009178
2026-08-29T00:01:10Z,XRPUSDT,COOLING,BUY,0.0,0.51,0.51,2.17,0.72,130799.08,84538.54,True,False,-0.0036,77825.31,0.1582,1.049,1.3848
2026-08-29T00:01:13Z,HBARUSDT,COOLING,NONE,0.0,0.0,0.0,2.63,0.0,12050.66,20063.76,True,False,0.0,77825.31,0.1582,1.027,0.07624
2026-08-29T00:01:15Z,QAITUSDT,IMPULSE,NONE,0.0,0.0,0.0,72.16,0.0,1331.06,1320.0,True,False,0.0,77825.31,0.1582,1.907,0.001941
2026-08-29T00:01:17Z,ZBCNUSDT,IMPULSE,SELL,2.01,0.0,2.01,35.97,0.0,40.17,580.57,True,False,0.0,77825.31,0.1582,0.959,0.0019468
2026-08-29T00:01:20Z,WUSDT,COOLING,NONE,0.0,0.0,0.0,6.54,0.0,8131.8,11016.37,True,False,0.0,77825.31,0.1582,1.936,0.009186
2026-08-29T00:01:52Z,XRPUSDT,COOLING,BUY,0.0,8.48,8.48,1.44,-1.44,116292.46,115363.4,True,False,0.0,77849.07,0.0305,0.952,1.3864
2026-08-29T00:01:54Z,HBARUSDT,COOLING,NONE,0.0,0.0,0.0,1.31,0.0,12702.53,14005.87,True,False,0.0,77849.07,0.0305,0.93,0.07624
2026-08-29T00:01:55Z,QAITUSDT,IMPULSE,NONE,0.0,0.0,0.0,107.72,0.0,300.0,2601.09,True,False,0.0,77849.07,0.0305,0.926,0.00196
2026-08-29T00:01:58Z,ZBCNUSDT,IMPULSE,BUY,0.11,1.99,1.99,37.8,-1.02,538.4,545.43,True,False,-0.0051,77849.07,0.0305,2.048,0.0019582
2026-08-29T00:02:01Z,WUSDT,COOLING,NONE,0.0,0.0,0.0,10.9,0.0,8131.8,11016.37,True,False,0.0,77849.07,0.0305,1.917,0.009176
2026-08-29T00:02:33Z,XRPUSDT,COOLING,NONE,0.0,0.0,0.0,2.88,0.0,110053.35,84537.74,True,False,0.0,77825.21,-0.0306,0.91,1.3866
2026-08-29T00:02:35Z,HBARUSDT,COOLING,NONE,0.0,0.0,0.0,1.31,0.0,46549.39,37818.94,True,False,0.0,77825.21,-0.0306,0.945,0.07617
2026-08-29T00:02:36Z,QAITUSDT,IMPULSE,BUY,0.0,1.09,1.09,71.72,0.0,1074.98,908.83,True,False,0.0,77825.21,-0.0306,0.932,0.00196
2026-08-29T00:02:40Z,ZBCNUSDT,IMPULSE,NONE,0.0,0.0,0.0,60.37,0.0,522.62,529.31,True,False,0.0,77825.21,-0.0306,0.951,0.0019572
2026-08-29T00:02:44Z,WUSDT,COOLING,NONE,0.0,0.0,0.0,10.9,0.0,8131.8,11016.37,True,False,0.0,77825.21,-0.0306,1.971,0.009179
2026-08-29T00:04:24Z,XRPUSDT,COOLING,NONE,0.0,0.0,0.0,2.16,0.0,127489.02,121963.09,True,False,0.0,77822.14,-0.0039,1.047,1.388
2026-08-29T00:04:26Z,HBARUSDT,COOLING,NONE,0.0,0.0,0.0,1.31,0.0,29255.98,37850.3,True,False,0.0,77822.14,-0.0039,0.895,0.07618
2026-08-29T00:04:27Z,QAITUSDT,IMPULSE,NONE,0.0,0.0,0.0,46.02,0.0,1485.27,929.3,True,False,0.0,77822.14,-0.0039,0.934,0.001959
2026-08-29T00:05:09Z,WUSDT,COOLING,NONE,0.0,0.0,0.0,10.9,0.0,11256.87,10914.73,True,False,0.0,77822.14,-0.0039,0.893,0.009177
2026-08-29T00:05:12Z,CCUSDT,COOLING,NONE,0.0,0.0,0.0,8.96,0.0,14611.59,1498.92,True,False,0.0,77822.14,-0.0039,0.901,0.11159
2026-08-29T00:05:43Z,XRPUSDT,COOLING,NONE,0.0,0.0,0.0,2.16,0.0,121357.8,108365.19,True,False,0.0,77788.35,-0.0434,1.032,1.388
2026-08-29T00:05:44Z,HBARUSDT,COOLING,NONE,0.0,0.0,0.0,1.31,0.0,38205.48,36330.63,True,False,0.0,77788.35,-0.0434,1.02,0.07613
2026-08-29T00:05:46Z,QAITUSDT,IMPULSE,NONE,0.0,0.0,0.0,46.02,0.0,1471.91,1227.27,True,False,0.0,77788.35,-0.0434,0.919,0.001951
2026-08-29T00:05:49Z,WUSDT,COOLING,NONE,0.0,0.0,0.0,8.73,0.0,9893.29,12037.99,True,False,0.0,77788.35,-0.0434,2.037,0.009165
2026-08-29T00:05:51Z,CCUSDT,COOLING,NONE,0.0,0.0,0.0,8.08,-2.69,14625.97,1497.58,True,False,-0.0135,77788.35,-0.0434,0.947,0.11157
2026-08-29T00:07:04Z,XRPUSDT,COOLING,SELL,1.06,0.0,1.06,0.72,-0.72,149305.4,83238.71,True,False,0.0036,77839.22,0.0654,0.939,1.3882
2026-08-29T00:07:07Z,HBARUSDT,COOLING,NONE,0.0,0.0,0.0,1.31,0.0,44394.51,21016.32,True,False,0.0,77839.22,0.0654,1.96,0.07612
2026-08-29T00:07:09Z,QAITUSDT,IMPULSE,NONE,0.0,0.0,0.0,46.02,0.0,1471.91,1234.27,True,False,0.0,77839.22,0.0654,1.099,0.001951
2026-08-29T00:07:51Z,WUSDT,COOLING,NONE,0.0,0.0,0.0,8.73,0.0,11948.21,12037.99,True,False,0.0,77839.22,0.0654,0.94,0.009167
2026-08-29T00:07:52Z,CCUSDT,COOLING,NONE,0.0,0.0,0.0,9.87,0.0,1491.02,1990.54,True,False,0.0,77839.22,0.0654,0.947,0.11142
2026-08-29T00:12:11Z,XRPUSDT,COOLING,NONE,0.0,0.0,0.0,2.88,0.0,101347.93,137903.52,True,False,0.0,77841.96,0.0035,0.881,1.3873
2026-08-29T00:12:13Z,HBARUSDT,COOLING,NONE,0.0,0.0,0.0,1.31,0.0,41560.82,23912.59,True,False,0.0,77841.96,0.0035,1.053,0.07613
2026-08-29T00:12:17Z,QAITUSDT,IMPULSE,NONE,0.0,0.0,0.0,46.02,0.0,1471.91,1210.42,True,False,0.0,77841.96,0.0035,1.892,0.001951
2026-08-29T00:12:19Z,WUSDT,COOLING,NONE,0.0,0.0,0.0,11.98,0.0,10871.4,10263.51,True,False,0.0,77841.96,0.0035,1.048,0.009187
2026-08-29T00:12:22Z,CCUSDT,COOLING,NONE,0.0,0.0,0.0,8.92,0.0,1500.53,1504.42,True,False,0.0,77841.96,0.0035,0.908,0.11208
2026-08-29T00:14:13Z,XRPUSDT,COOLING,NONE,0.0,0.0,0.0,2.88,0.0,171637.44,109824.15,True,False,0.0,77835.55,-0.0082,1.02,1.3874
2026-08-29T00:14:15Z,HBARUSDT,COOLING,NONE,0.0,0.0,0.0,1.31,0.0,28637.34,41954.61,True,False,0.0,77835.55,-0.0082,0.959,0.0761
2026-08-29T00:14:17Z,QAITUSDT,IMPULSE,NONE,0.0,0.0,0.0,46.02,0.0,1471.91,1210.42,True,False,0.0,77835.55,-0.0082,0.965,0.001951
2026-08-29T00:16:19Z,WUSDT,COOLING,NONE,0.0,0.0,0.0,11.98,1.09,10871.4,10263.51,True,False,-0.0054,77835.55,-0.0082,40.901,0.009188
2026-08-29T00:16:22Z,CCUSDT,COOLING,NONE,0.0,0.0,0.0,8.95,0.0,1494.64,1502.47,True,False,0.0,77835.55,-0.0082,0.944,0.11176
2026-08-29T00:17:31Z,XRPUSDT,COOLING,NONE,0.0,0.0,0.0,2.16,0.0,103331.33,115371.53,True,False,0.0,77849.62,0.0181,0.941,1.3885
2026-08-29T00:17:32Z,HBARUSDT,COOLING,NONE,0.0,0.0,0.0,1.31,0.0,40250.5,37168.14,True,False,0.0,77849.62,0.0181,0.964,0.07622
2026-08-29T00:17:36Z,QAITUSDT,IMPULSE,NONE,0.0,0.0,0.0,46.02,0.0,1471.91,1210.42,True,False,0.0,77849.62,0.0181,1.947,0.001951
2026-08-29T00:18:18Z,WUSDT,COOLING,SELL,0.95,0.0,0.95,7.67,-7.64,14224.19,11676.22,True,False,-0.1695,77849.62,0.0181,40.959,0.00915
2026-08-29T00:18:59Z,CCUSDT,COOLING,NONE,0.0,0.0,0.0,9.84,0.0,1794.18,1501.47,True,False,0.0,77849.62,0.0181,0.94,0.11172
2026-08-29T00:20:32Z,XRPUSDT,COOLING,NONE,0.0,0.0,0.0,2.16,0.0,102736.61,91587.08,True,False,0.0,77872.74,0.0297,0.986,1.3872
2026-08-29T00:20:33Z,HBARUSDT,COOLING,NONE,0.0,0.0,0.0,1.31,0.0,48103.87,15726.91,True,False,0.0,77872.74,0.0297,0.996,0.07613
2026-08-29T00:20:36Z,QAITUSDT,IMPULSE,NONE,0.0,0.0,0.0,46.02,0.0,1471.91,1210.42,True,False,0.0,77872.74,0.0297,2.087,0.001951
2026-08-29T00:20:39Z,WUSDT,COOLING,NONE,0.0,0.0,0.0,9.82,0.0,7654.0,11333.59,True,False,0.0,77872.74,0.0297,0.906,0.009167
2026-08-29T00:20:40Z,CCUSDT,COOLING,SELL,7.58,0.0,7.58,6.26,0.0,1929.89,1502.27,True,False,0.0,77872.74,0.0297,0.908,0.11194
2026-08-29T00:22:31Z,XRPUSDT,COOLING,BUY,0.0,18.99,18.99,2.88,0.0,151544.16,209393.65,True,False,0.0,77915.0,0.0543,2.423,1.3885
2026-08-29T00:22:33Z,HBARUSDT,COOLING,BUY,0.0,40.34,40.34,1.31,0.0,37898.33,22711.29,True,False,0.0,77915.0,0.0543,1.001,0.07614
2026-08-29T00:22:35Z,QAITUSDT,IMPULSE,NONE,0.0,0.0,0.0,46.02,0.0,1471.91,1210.42,True,False,0.0,77915.0,0.0543,0.947,0.001951
2026-08-29T00:22:38Z,WUSDT,COOLING,NONE,0.0,0.0,0.0,14.2,0.0,14371.44,8329.14,True,False,0.0,77915.0,0.0543,0.941,0.009155
2026-08-29T00:24:00Z,CCUSDT,COOLING,SELL,0.0,0.0,0.0,8.04,1.79,1497.18,1501.2,True,False,-0.0179,77915.0,0.0543,40.925,0.11186
2026-08-29T00:25:11Z,XRPUSDT,COOLING,NONE,0.0,0.0,0.0,0.72,0.0,112430.31,118158.8,True,False,0.0,77896.84,-0.0233,0.945,1.3876
2026-08-29T00:25:13Z,HBARUSDT,COOLING,NONE,0.0,0.0,0.0,1.31,0.0,12887.58,34506.85,True,False,0.0,77896.84,-0.0233,0.931,0.0761
2026-08-29T00:25:16Z,QAITUSDT,IMPULSE,NONE,0.0,0.0,0.0,46.02,0.0,1471.91,1210.42,True,False,0.0,77896.84,-0.0233,0.941,0.001951
2026-08-29T00:25:18Z,WUSDT,COOLING,NONE,0.0,0.0,0.0,13.11,1.09,9552.0,6928.42,True,False,0.0055,77896.84,-0.0233,1.976,0.009149
2026-08-29T00:25:21Z,CCUSDT,COOLING,NONE,0.0,0.0,0.0,7.15,0.0,1496.51,1502.14,True,False,0.0,77896.84,-0.0233,1.943,0.11188
2026-08-29T00:30:25Z,XRPUSDT,COOLING,NONE,0.0,0.0,0.0,2.16,0.0,119029.33,165009.94,True,False,0.0,77885.65,-0.0144,1.982,1.3878
2026-08-29T00:31:06Z,HBARUSDT,COOLING,NONE,0.0,0.0,0.0,1.31,0.0,19738.35,36218.36,True,False,0.0,77885.65,-0.0144,0.923,0.07616
2026-08-29T00:31:08Z,QAITUSDT,IMPULSE,NONE,0.0,0.0,0.0,46.02,0.0,1471.91,1210.42,True,False,0.0,77885.65,-0.0144,0.892,0.001951
2026-08-29T00:31:10Z,WUSDT,COOLING,NONE,0.0,0.0,0.0,14.21,0.0,7260.04,6920.94,True,False,0.0,77885.65,-0.0144,0.991,0.009147
2026-08-29T00:31:12Z,CCUSDT,COOLING,NONE,0.0,0.0,0.0,8.92,0.0,1499.33,1506.53,True,False,0.0,77885.65,-0.0144,1.036,0.11206
2026-08-29T00:33:08Z,XRPUSDT,COOLING,SELL,11.71,0.0,11.71,2.16,0.72,95416.24,182977.44,True,False,0.0108,77812.28,-0.0942,1.041,1.3854
2026-08-29T00:33:50Z,HBARUSDT,COOLING,NONE,0.0,0.0,0.0,1.32,0.0,34662.08,18856.44,True,False,0.0,77812.28,-0.0942,1.04,0.07606
2026-08-29T00:33:51Z,QAITUSDT,IMPULSE,NONE,0.0,0.0,0.0,46.02,0.0,1506.59,1210.42,True,False,0.0,77812.28,-0.0942,0.917,0.001951
2026-08-29T00:33:54Z,WUSDT,COOLING,NONE,0.0,0.0,0.0,8.76,0.0,7494.8,7596.32,True,False,0.0,77812.28,-0.0942,0.977,0.009138
2026-08-29T00:33:56Z,CCUSDT,COOLING,NONE,0.0,0.0,0.0,5.37,0.0,1795.72,1501.6,True,False,0.0,77812.28,-0.0942,0.954,0.11183
2026-08-29T00:35:08Z,XRPUSDT,COOLING,NONE,0.0,0.0,0.0,2.17,0.0,148627.33,99297.88,True,False,0.0,77783.48,-0.037,0.932,1.3846
2026-08-29T00:35:51Z,HBARUSDT,COOLING,NONE,0.0,0.0,0.0,1.32,0.0,31018.33,35945.05,True,False,0.0,77783.48,-0.037,0.938,0.07596
2026-08-29T00:35:52Z,QAITUSDT,IMPULSE,NONE,0.0,0.0,0.0,71.72,0.0,131.23,1001.36,True,False,0.0,77783.48,-0.037,0.968,0.00194
2026-08-29T00:35:54Z,WUSDT,COOLING,NONE,0.0,0.0,0.0,10.96,0.0,7630.55,9958.58,True,False,0.0,77783.48,-0.037,0.964,0.009127
2026-08-29T00:35:56Z,CCUSDT,COOLING,NONE,0.0,0.0,0.0,7.15,0.0,1495.84,15064.25,True,False,0.0,77783.48,-0.037,0.953,0.11185
2026-08-29T00:39:32Z,XRPUSDT,COOLING,NONE,0.0,0.0,0.0,2.17,0.0,125799.12,122248.45,True,False,0.0,77783.64,0.0002,0.909,1.3844
2026-08-29T00:39:34Z,HBARUSDT,COOLING,BUY,0.0,67.14,67.14,1.32,0.0,35057.6,37111.86,True,True,0.0,77783.64,0.0002,0.939,0.07591
2026-08-29T00:39:35Z,QAITUSDT,IMPULSE,NONE,0.0,0.0,0.0,66.62,0.0,1071.1,1098.22,True,False,0.0,77783.64,0.0002,0.992,0.00194
2026-08-29T00:39:38Z,WUSDT,COOLING,NONE,0.0,0.0,0.0,9.85,4.38,9831.46,9269.85,True,False,0.0109,77783.64,0.0002,1.039,0.009135
2026-08-29T00:40:21Z,CCUSDT,COOLING,BUY,0.0,0.46,0.46,9.84,1.79,1796.92,1848.62,True,False,0.0089,77783.64,0.0002,40.946,0.11183
2026-08-29T00:40:50Z,XRPUSDT,COOLING,NONE,0.0,0.0,0.0,2.89,0.72,142330.99,107276.03,True,False,0.0036,77790.27,0.0085,0.895,1.3843
2026-08-29T00:40:51Z,HBARUSDT,COOLING,NONE,0.0,0.0,0.0,1.32,0.0,31886.07,20546.73,True,False,0.0,77790.27,0.0085,0.897,0.07588
2026-08-29T00:40:53Z,QAITUSDT,IMPULSE,NONE,0.0,0.0,0.0,66.62,0.0,1033.84,1386.02,True,False,0.0,77790.27,0.0085,0.932,0.00194
2026-08-29T00:40:56Z,WUSDT,COOLING,NONE,0.0,0.0,0.0,9.84,0.0,16006.54,7331.81,True,False,0.0,77790.27,0.0085,0.904,0.00914
2026-08-29T00:40:57Z,CCUSDT,COOLING,NONE,0.0,0.0,0.0,9.82,0.0,1498.12,1504.82,True,False,0.0,77790.27,0.0085,0.915,0.11184
2026-08-29T00:42:48Z,XRPUSDT,COOLING,BUY,0.0,29.95,29.95,2.17,0.0,131879.66,118528.42,True,False,0.0,77787.68,-0.0033,0.868,1.3841
2026-08-29T00:42:50Z,HBARUSDT,COOLING,SELL,27.18,0.04,27.18,1.32,0.0,27468.36,25295.08,True,False,-0.0132,77787.68,-0.0033,0.948,0.07592
2026-08-29T00:42:52Z,QAITUSDT,IMPULSE,NONE,0.0,0.0,0.0,66.62,0.0,1033.84,1382.91,True,False,0.0,77787.68,-0.0033,0.912,0.00194
2026-08-29T00:42:53Z,WUSDT,COOLING,NONE,0.0,0.0,0.0,12.02,0.0,16140.18,7864.05,True,False,0.0,77787.68,-0.0033,0.956,0.009154
2026-08-29T00:42:55Z,CCUSDT,COOLING,SELL,96.48,0.0,96.48,7.14,0.0,15211.0,1504.28,True,False,0.0,77787.68,-0.0033,0.934,0.11209
2026-08-29T00:45:57Z,XRPUSDT,COOLING,BUY,0.0,7.37,7.37,0.72,0.0,121751.03,132666.69,True,False,0.0,77775.06,-0.0162,1.893,1.3819
2026-08-29T00:45:58Z,HBARUSDT,COOLING,NONE,0.0,0.0,0.0,1.32,0.0,30658.47,36529.09,True,False,0.0,77775.06,-0.0162,0.973,0.0758
2026-08-29T00:46:00Z,QAITUSDT,IMPULSE,NONE,0.0,0.0,0.0,61.51,0.0,1033.84,1098.22,True,False,0.0,77775.06,-0.0162,0.909,0.001958
2026-08-29T00:46:02Z,WUSDT,COOLING,NONE,0.0,0.0,0.0,14.21,0.0,9553.13,7858.1,True,False,0.0,77775.06,-0.0162,0.996,0.009145
2026-08-29T00:46:03Z,CCUSDT,COOLING,NONE,0.0,0.0,0.0,9.83,0.0,1497.32,1502.94,True,False,0.0,77775.06,-0.0162,0.878,0.11208
2026-08-29T00:47:15Z,XRPUSDT,COOLING,NONE,0.0,0.0,0.0,1.45,-0.72,255480.31,89718.66,True,False,-0.0036,77765.66,-0.0121,1.936,1.3827
2026-08-29T00:47:20Z,HBARUSDT,COOLING,NONE,0.0,0.0,0.0,1.32,0.0,14348.63,9807.48,True,False,0.0,77765.66,-0.0121,2.025,0.07576
2026-08-29T00:47:23Z,QAITUSDT,IMPULSE,NONE,0.0,0.0,0.0,61.51,0.0,1033.84,1377.33,True,False,0.0,77765.66,-0.0121,1.975,0.001958
2026-08-29T00:47:25Z,WUSDT,COOLING,NONE,0.0,0.0,0.0,15.31,0.0,9553.13,7858.1,True,False,0.0,77765.66,-0.0121,1.032,0.009146
2026-08-29T00:48:07Z,CCUSDT,COOLING,NONE,0.0,0.0,0.0,8.94,0.0,1497.98,1502.94,True,False,0.0,77765.66,-0.0121,1.021,0.11192
2026-08-29T00:49:19Z,XRPUSDT,COOLING,SELL,0.64,0.0,0.64,2.17,-0.0,114699.92,71339.25,True,False,0.0072,77746.06,-0.0252,2.026,1.3816
2026-08-29T00:49:20Z,HBARUSDT,COOLING,NONE,0.0,0.0,0.0,1.32,0.0,30582.33,32315.05,True,False,0.0,77746.06,-0.0252,0.95,0.0757
2026-08-29T00:49:22Z,QAITUSDT,IMPULSE,NONE,0.0,0.0,0.0,61.51,0.0,1033.84,1377.33,True,False,0.0,77746.06,-0.0252,0.963,0.001958
2026-08-29T00:50:04Z,WUSDT,COOLING,NONE,0.0,0.0,0.0,12.03,0.0,9313.54,7858.1,True,False,0.0,77746.06,-0.0252,1.027,0.009147
2026-08-29T00:50:07Z,CCUSDT,COOLING,NONE,0.0,0.0,0.0,9.83,0.0,1496.91,1503.5,True,False,0.0,77746.06,-0.0252,1.048,0.11189
2026-08-29T00:53:42Z,XRPUSDT,COOLING,NONE,0.0,0.0,0.0,2.89,0.72,113621.45,78609.65,True,False,-0.0036,77727.77,-0.0235,0.959,1.383
2026-08-29T00:53:44Z,HBARUSDT,COOLING,SELL,36.86,0.0,36.86,1.32,0.0,38251.29,30887.34,True,False,0.0,77727.77,-0.0235,0.922,0.0756
2026-08-29T00:53:46Z,QAITUSDT,IMPULSE,NONE,0.0,0.0,0.0,61.51,0.0,1033.84,1377.33,True,False,0.0,77727.77,-0.0235,0.958,0.001958
2026-08-29T00:53:48Z,WUSDT,COOLING,NONE,0.0,0.0,0.0,9.86,0.0,10516.67,8847.26,True,False,0.0,77727.77,-0.0235,0.972,0.009128
2026-08-29T00:53:51Z,CCUSDT,COOLING,NONE,0.0,0.0,0.0,9.83,0.0,1497.18,1503.91,True,False,0.0,77727.77,-0.0235,1.945,0.11194
2026-08-29T00:56:22Z,XRPUSDT,COOLING,BUY,0.27,0.63,0.63,2.89,0.72,156981.91,130110.09,True,False,0.0108,77770.96,0.0556,40.963,1.3843
2026-08-29T00:57:04Z,HBARUSDT,COOLING,NONE,0.0,0.0,0.0,1.32,0.0,19690.96,15665.48,True,False,0.0,77770.96,0.0556,0.92,0.07563
2026-08-29T00:57:07Z,QAITUSDT,IMPULSE,NONE,0.0,0.0,0.0,61.51,0.0,1033.84,1377.33,True,False,0.0,77770.96,0.0556,2.024,0.001958
2026-08-29T00:57:08Z,WUSDT,COOLING,NONE,0.0,0.0,0.0,12.04,0.0,9580.71,8853.97,True,False,0.0,77770.96,0.0556,0.936,0.009134
2026-08-29T00:57:11Z,CCUSDT,COOLING,NONE,0.0,0.0,0.0,8.96,1.79,1493.58,1499.51,True,False,0.009,77770.96,0.0556,0.917,0.11157
2026-08-29T00:57:42Z,XRPUSDT,COOLING,NONE,0.0,0.0,0.0,2.17,0.0,104518.39,108507.78,True,False,0.0,77737.91,-0.0425,0.945,1.3842
2026-08-29T00:57:43Z,HBARUSDT,COOLING,NONE,0.0,0.0,0.0,1.32,0.0,36348.27,31147.32,True,False,0.0,77737.91,-0.0425,0.96,0.07561
2026-08-29T00:57:46Z,QAITUSDT,IMPULSE,NONE,0.0,0.0,0.0,61.51,0.0,1033.84,1377.33,True,False,0.0,77737.91,-0.0425,0.945,0.001958
2026-08-29T00:57:48Z,WUSDT,COOLING,NONE,0.0,0.0,0.0,8.76,0.0,9580.71,8853.97,True,False,0.0,77737.91,-0.0425,0.866,0.009134
2026-08-29T00:58:30Z,CCUSDT,COOLING,NONE,0.0,0.0,0.0,8.96,0.0,14661.27,1498.36,True,False,0.0,77737.91,-0.0425,0.909,0.11162
2026-08-29T01:00:14Z,XRPUSDT,COOLING,NONE,0.0,0.0,0.0,0.72,0.0,136363.3,91517.6,True,False,0.0,77714.44,-0.0302,0.941,1.383
2026-08-29T01:00:57Z,HBARUSDT,COOLING,NONE,0.0,0.0,0.0,1.32,0.0,51997.51,14551.6,True,False,0.0,77714.44,-0.0302,1.051,0.07555
2026-08-29T01:01:01Z,QAITUSDT,IMPULSE,NONE,0.0,0.0,0.0,61.51,0.0,1033.84,1377.33,True,False,0.0,77714.44,-0.0302,2.008,0.001958
2026-08-29T01:01:44Z,WUSDT,COOLING,NONE,0.0,0.0,0.0,5.47,-3.28,10381.21,8853.97,True,False,-0.0164,77714.44,-0.0302,40.966,0.009131
2026-08-29T01:01:46Z,CCUSDT,COOLING,NONE,0.0,0.0,0.0,8.98,0.0,1489.81,1495.97,True,False,0.0,77714.44,-0.0302,1.047,0.11132
2026-08-29T01:02:17Z,XRPUSDT,COOLING,NONE,0.0,0.0,0.0,1.45,-0.72,113573.02,104299.17,True,False,-0.0109,77690.19,-0.0312,1.9,1.3801
2026-08-29T01:02:58Z,HBARUSDT,COOLING,NONE,0.0,0.0,0.0,1.32,0.0,24890.66,37422.21,True,False,0.0,77690.19,-0.0312,1.025,0.07551
2026-08-29T01:03:00Z,QAITUSDT,IMPULSE,NONE,0.0,0.0,0.0,61.51,0.0,1033.84,1377.33,True,False,0.0,77690.19,-0.0312,1.048,0.001958
2026-08-29T01:03:02Z,WUSDT,COOLING,NONE,0.0,0.0,0.0,8.77,0.0,16546.26,10193.87,True,False,0.0,77690.19,-0.0312,1.031,0.009122
2026-08-29T01:03:04Z,CCUSDT,COOLING,NONE,0.0,0.0,0.0,9.88,0.0,1493.38,1691.98,True,False,0.0,77690.19,-0.0312,0.878,0.11132
2026-08-29T01:03:34Z,XRPUSDT,COOLING,NONE,0.0,0.0,0.0,1.45,0.0,114104.56,103270.18,True,False,0.0,77689.96,-0.0003,1.034,1.3805
2026-08-29T01:03:36Z,HBARUSDT,COOLING,NONE,0.0,0.0,0.0,1.32,0.0,14247.6,36498.02,True,False,0.0,77689.96,-0.0003,1.053,0.07554
2026-08-29T01:03:38Z,QAITUSDT,IMPULSE,NONE,0.0,0.0,0.0,61.51,0.0,1033.84,1377.33,True,False,0.0,77689.96,-0.0003,0.969,0.001958
2026-08-29T01:03:41Z,WUSDT,COOLING,NONE,0.0,0.0,0.0,13.17,0.0,10491.48,10181.69,True,False,0.0,77689.96,-0.0003,1.069,0.009122
2026-08-29T01:03:43Z,CCUSDT,COOLING,NONE,0.0,0.0,0.0,5.39,0.0,1488.84,1494.29,True,False,0.0,77689.96,-0.0003,0.907,0.11134
2026-08-29T01:06:02Z,XRPUSDT,COOLING,SELL,45.8,18.53,45.8,1.45,-0.0,134687.79,123766.24,True,False,0.0072,77694.56,0.0059,1.001,1.3797
2026-08-29T01:06:05Z,HBARUSDT,COOLING,BUY,0.0,5.22,5.22,1.32,-0.0,33962.9,31845.87,True,False,0.0265,77694.56,0.0059,1.987,0.07552
2026-08-29T01:06:08Z,QAITUSDT,IMPULSE,NONE,0.0,0.0,0.0,61.51,0.0,1033.84,1377.33,True,False,0.0,77694.56,0.0059,1.001,0.001957
2026-08-29T01:06:52Z,WUSDT,COOLING,NONE,0.0,0.0,0.0,13.17,0.0,10491.48,10181.69,True,False,0.0,77694.56,0.0059,0.958,0.009113
2026-08-29T01:06:53Z,CCUSDT,COOLING,NONE,0.0,0.0,0.0,0.9,0.0,14717.28,1491.13,True,False,0.0,77694.56,0.0059,0.993,0.111
2026-08-29T01:08:02Z,XRPUSDT,COOLING,SELL,14.94,0.0,14.94,1.45,0.0,115553.97,141909.39,True,False,0.0,77673.16,-0.0275,1.052,1.3785
2026-08-29T01:08:04Z,HBARUSDT,COOLING,NONE,0.0,0.0,0.0,1.32,0.0,45587.75,20716.43,True,False,0.0,77673.16,-0.0275,1.007,0.07552
2026-08-29T01:08:05Z,QAITUSDT,IMPULSE,NONE,0.0,0.0,0.0,61.51,0.0,1033.84,1377.33,True,False,0.0,77673.16,-0.0275,0.989,0.001957
2026-08-29T01:08:07Z,WUSDT,COOLING,NONE,0.0,0.0,0.0,13.17,0.0,7968.52,10181.69,True,False,0.0,77673.16,-0.0275,0.911,0.009117
2026-08-29T01:08:09Z,CCUSDT,COOLING,NONE,0.0,0.0,0.0,9.02,0.0,1483.78,1705.02,True,False,0.0,77673.16,-0.0275,1.016,0.11092
2026-08-29T01:09:20Z,XRPUSDT,COOLING,BUY,0.0,0.51,0.51,2.18,0.0,116953.53,89679.42,True,False,0.0,77662.86,-0.0133,0.987,1.3785
2026-08-29T01:09:22Z,HBARUSDT,COOLING,NONE,0.0,0.0,0.0,1.32,0.0,34699.19,30153.11,True,False,0.0,77662.86,-0.0133,0.983,0.07553
2026-08-29T01:09:24Z,QAITUSDT,IMPULSE,NONE,0.0,0.0,0.0,61.51,0.0,1033.84,1377.33,True,False,0.0,77662.86,-0.0133,1.004,0.001957
2026-08-29T01:09:26Z,WUSDT,COOLING,NONE,0.0,0.0,0.0,13.17,0.0,7968.52,10181.69,True,False,0.0,77662.86,-0.0133,1.01,0.009115
2026-08-29T01:09:27Z,CCUSDT,COOLING,NONE,0.0,0.0,0.0,8.12,0.0,1482.86,1487.94,True,False,0.0,77662.86,-0.0133,0.932,0.11079
2026-08-29T01:13:07Z,XRPUSDT,COOLING,SELL,0.94,0.0,0.94,2.17,1.45,117900.26,70543.01,True,False,0.029,77662.38,-0.0006,40.881,1.3792
2026-08-29T01:13:08Z,HBARUSDT,COOLING,NONE,0.0,0.0,0.0,1.32,0.0,43515.06,29031.84,True,False,0.0,77662.38,-0.0006,1.094,0.07556
2026-08-29T01:13:11Z,QAITUSDT,IMPULSE,NONE,0.0,0.0,0.0,61.51,0.0,1033.84,1377.33,True,False,0.0,77662.38,-0.0006,0.944,0.001957
2026-08-29T01:13:14Z,WUSDT,COOLING,NONE,0.0,0.0,0.0,13.17,0.0,7968.52,10181.69,True,False,0.0,77662.38,-0.0006,2.027,0.009116
2026-08-29T01:13:58Z,CCUSDT,COOLING,NONE,0.0,0.0,0.0,9.95,0.0,1480.03,1484.85,True,False,0.0,77662.38,-0.0006,1.964,0.11054
2026-08-29T01:15:09Z,XRPUSDT,COOLING,NONE,0.0,0.0,0.0,1.45,0.0,129380.75,116111.96,True,False,0.0,77630.02,-0.0417,1.042,1.3784
2026-08-29T01:15:12Z,HBARUSDT,COOLING,NONE,0.0,0.0,0.0,1.32,0.0,41603.7,31931.27,True,False,0.0,77630.02,-0.0417,1.002,0.0756
2026-08-29T01:15:14Z,QAITUSDT,IMPULSE,NONE,0.0,0.0,0.0,61.51,0.0,1033.84,1377.33,True,False,0.0,77630.02,-0.0417,1.079,0.001957
2026-08-29T01:15:15Z,WUSDT,COOLING,NONE,0.0,0.0,0.0,12.07,0.0,7968.52,10181.69,True,False,0.0,77630.02,-0.0417,0.968,0.009116
2026-08-29T01:15:17Z,CCUSDT,COOLING,NONE,0.0,0.0,0.0,9.96,0.0,1478.69,1484.85,True,False,0.0,77630.02,-0.0417,1.04,0.11049
2026-08-29T01:17:08Z,XRPUSDT,COOLING,NONE,0.0,0.0,0.0,2.17,-0.72,112795.45,72419.94,True,False,-0.0036,77654.66,0.0317,0.921,1.3789
2026-08-29T01:17:10Z,HBARUSDT,COOLING,NONE,0.0,0.0,0.0,1.32,0.0,22912.1,29630.25,True,False,0.0,77654.66,0.0317,0.981,0.07563
2026-08-29T01:17:11Z,QAITUSDT,IMPULSE,NONE,0.0,0.0,0.0,61.51,0.0,1033.84,1377.33,True,False,0.0,77654.66,0.0317,0.877,0.001957
2026-08-29T01:17:13Z,WUSDT,COOLING,BUY,0.0,13.82,13.82,8.77,0.0,7968.52,10181.69,True,False,0.0,77654.66,0.0317,1.01,0.009113
2026-08-29T01:17:57Z,CCUSDT,COOLING,NONE,0.0,0.0,0.0,9.05,0.0,1479.09,1483.25,True,False,0.0,77654.66,0.0317,2.025,0.11044
2026-08-29T01:20:54Z,XRPUSDT,COOLING,NONE,0.0,0.0,0.0,0.72,0.0,164878.84,98972.26,True,False,0.0,77699.78,0.0581,0.936,1.3798
2026-08-29T01:20:56Z,HBARUSDT,COOLING,NONE,0.0,0.0,0.0,1.32,0.0,16411.09,21446.48,True,False,0.0,77699.78,0.0581,0.969,0.07556
2026-08-29T01:22:19Z,QAITUSDT,IMPULSE,NONE,0.0,0.0,0.0,61.51,0.0,1033.84,1377.33,True,False,0.0,77699.78,0.0581,40.968,0.001957
2026-08-29T01:23:42Z,WUSDT,COOLING,NONE,0.0,0.0,0.0,5.48,0.0,17548.18,8761.07,True,False,0.0,77699.78,0.0581,41.907,0.009123
2026-08-29T01:23:44Z,CCUSDT,COOLING,NONE,0.0,0.0,0.0,9.96,0.0,1479.22,8922.26,True,False,0.0,77699.78,0.0581,0.916,0.11048
2026-08-29T01:26:20Z,XRPUSDT,COOLING,BUY,0.0,21.65,21.65,0.72,-0.72,77758.67,100897.73,True,True,0.0108,77766.97,0.0865,0.969,1.3828
2026-08-29T01:27:01Z,HBARUSDT,COOLING,NONE,0.0,0.0,0.0,1.32,-1.32,38660.39,28465.5,True,False,0.0066,77766.97,0.0865,1.099,0.07557
2026-08-29T01:27:03Z,QAITUSDT,IMPULSE,NONE,0.0,0.0,0.0,61.51,0.0,1033.84,1377.33,True,False,0.0,77766.97,0.0865,1.004,0.001957
2026-08-29T01:27:05Z,WUSDT,COOLING,NONE,0.0,0.0,0.0,9.86,0.0,17140.07,8761.07,True,False,0.0,77766.97,0.0865,0.956,0.009124
2026-08-29T01:27:06Z,CCUSDT,COOLING,NONE,0.0,0.0,0.0,9.95,0.0,1478.02,1485.12,True,False,0.0,77766.97,0.0865,1.019,0.11058
2026-08-29T01:28:59Z,XRPUSDT,COOLING,SELL,44.3,43.09,44.3,3.62,0.72,113869.68,136755.83,True,False,0.0253,77760.0,-0.009,1.017,1.3821
2026-08-29T01:29:01Z,HBARUSDT,COOLING,NONE,0.0,0.0,0.0,1.32,0.0,27460.61,22914.5,True,False,0.0,77760.0,-0.009,1.05,0.0756
2026-08-29T01:29:03Z,QAITUSDT,IMPULSE,NONE,0.0,0.0,0.0,61.51,0.0,1033.84,1377.33,True,False,0.0,77760.0,-0.009,1.062,0.001957
2026-08-29T01:29:05Z,WUSDT,COOLING,NONE,0.0,0.0,0.0,14.23,2.19,10847.25,8771.54,True,False,-0.0109,77760.0,-0.009,0.99,0.009134
2026-08-29T01:29:07Z,CCUSDT,COOLING,BUY,0.0,44.05,44.05,10.85,0.9,1480.36,14614.19,True,False,0.0045,77760.0,-0.009,1.966,0.11051
2026-08-29T01:32:06Z,XRPUSDT,COOLING,SELL,0.06,0.0,0.06,2.17,0.0,127351.98,119789.92,True,False,0.0,77783.31,0.03,1.017,1.3824
2026-08-29T01:32:48Z,HBARUSDT,COOLING,NONE,0.0,0.0,0.0,1.32,0.0,41506.98,28035.97,True,False,0.0,77783.31,0.03,0.94,0.07561
2026-08-29T01:32:49Z,QAITUSDT,IMPULSE,NONE,0.0,0.0,0.0,61.51,0.0,1033.84,1377.33,True,False,0.0,77783.31,0.03,1.05,0.001957
2026-08-29T01:32:52Z,WUSDT,COOLING,NONE,0.0,0.0,0.0,15.31,0.0,11962.61,8504.07,True,False,0.0,77783.31,0.03,0.934,0.009148
2026-08-29T01:32:55Z,CCUSDT,COOLING,NONE,0.0,0.0,0.0,6.32,0.0,1483.01,1488.52,True,False,0.0,77783.31,0.03,1.004,0.11083
2026-08-29T01:34:47Z,XRPUSDT,COOLING,SELL,1.03,0.0,1.03,2.17,-0.72,119469.45,108839.42,True,False,-0.0108,77795.0,0.015,41.566,1.3828
2026-08-29T01:34:50Z,HBARUSDT,COOLING,NONE,0.0,0.0,0.0,1.32,0.0,25131.13,15874.41,True,False,0.0,77795.0,0.015,1.917,0.07565
2026-08-29T01:34:52Z,QAITUSDT,IMPULSE,NONE,0.0,0.0,0.0,61.51,0.0,1033.84,1377.33,True,False,0.0,77795.0,0.015,0.954,0.001957
2026-08-29T01:34:54Z,WUSDT,COOLING,NONE,0.0,0.0,0.0,15.31,0.0,11962.61,8827.64,True,False,0.0,77795.0,0.015,0.93,0.009144
2026-08-29T01:34:56Z,CCUSDT,COOLING,NONE,0.0,0.0,0.0,7.23,0.0,14472.03,1486.05,True,False,0.0,77795.0,0.015,0.915,0.11068
2026-08-29T01:36:13Z,XRPUSDT,COOLING,SELL,56.12,36.21,56.12,1.45,-0.0,117152.34,136150.66,True,True,0.0072,77810.0,0.0193,0.976,1.3828
2026-08-29T01:36:16Z,HBARUSDT,COOLING,NONE,0.0,0.0,0.0,1.32,0.0,29948.34,32146.84,True,False,0.0,77810.0,0.0193,2.082,0.07564
2026-08-29T01:36:18Z,QAITUSDT,IMPULSE,NONE,0.0,0.0,0.0,61.51,0.0,1033.84,1377.33,True,False,0.0,77810.0,0.0193,1.066,0.001957
2026-08-29T01:36:20Z,WUSDT,COOLING,NONE,0.0,0.0,0.0,13.11,0.0,9124.06,8837.18,True,False,0.0,77810.0,0.0193,0.931,0.009154
2026-08-29T01:36:22Z,CCUSDT,COOLING,NONE,0.0,0.0,0.0,8.14,0.0,1670.87,1484.85,True,False,0.0,77810.0,0.0193,0.877,0.11067
2026-08-29T01:37:21Z,XRPUSDT,COOLING,NONE,0.0,0.0,0.0,2.17,0.0,101811.47,150451.42,True,False,0.0,77783.79,-0.0337,0.934,1.3823
2026-08-29T01:37:23Z,HBARUSDT,COOLING,NONE,0.0,0.0,0.0,1.32,0.0,41477.0,16634.89,True,False,0.0,77783.79,-0.0337,1.948,0.07562
2026-08-29T01:38:05Z,QAITUSDT,IMPULSE,NONE,0.0,0.0,0.0,61.51,0.0,1033.84,1377.33,True,False,0.0,77783.79,-0.0337,0.868,0.001957
2026-08-29T01:38:08Z,WUSDT,COOLING,NONE,0.0,0.0,0.0,8.74,0.0,9056.92,8837.18,True,False,0.0,77783.79,-0.0337,1.024,0.009156
2026-08-29T01:38:10Z,CCUSDT,COOLING,NONE,0.0,0.0,0.0,9.06,0.0,14753.2,1867.64,True,False,0.0,77783.79,-0.0337,1.011,0.11054
2026-08-29T01:38:38Z,XRPUSDT,COOLING,NONE,0.0,0.0,0.0,2.17,0.0,132879.2,128373.83,True,False,0.0,77756.56,-0.035,1.03,1.381
2026-08-29T01:38:40Z,HBARUSDT,COOLING,SELL,9.11,0.0,9.11,2.65,1.32,43746.08,16632.12,True,False,-0.0066,77756.56,-0.035,1.018,0.07554
2026-08-29T01:38:42Z,QAITUSDT,IMPULSE,NONE,0.0,0.0,0.0,61.51,0.0,1033.84,1377.33,True,False,0.0,77756.56,-0.035,0.962,0.001957
2026-08-29T01:38:44Z,WUSDT,COOLING,NONE,0.0,0.0,0.0,8.74,0.0,9056.92,8837.18,True,False,0.0,77756.56,-0.035,0.964,0.00915
2026-08-29T01:38:46Z,CCUSDT,COOLING,NONE,0.0,0.0,0.0,10.86,4.52,1479.22,1483.92,True,False,0.0498,77756.56,-0.035,0.999,0.11054
2026-08-29T01:39:57Z,XRPUSDT,COOLING,NONE,0.0,0.0,0.0,2.17,0.0,132829.85,95180.48,True,False,0.0,77773.2,0.0214,1.491,1.3824
2026-08-29T01:39:59Z,HBARUSDT,COOLING,NONE,0.0,0.0,0.0,1.32,0.0,54399.49,16463.67,True,False,0.0,77773.2,0.0214,0.959,0.07552
2026-08-29T01:40:01Z,QAITUSDT,IMPULSE,NONE,0.0,0.0,0.0,61.51,0.0,1033.84,1377.33,True,False,0.0,77773.2,0.0214,1.0,0.001957
2026-08-29T01:40:02Z,WUSDT,COOLING,NONE,0.0,0.0,0.0,9.82,0.0,16019.9,7545.15,True,False,0.0,77773.2,0.0214,1.009,0.009154
2026-08-29T01:40:05Z,CCUSDT,COOLING,NONE,0.0,0.0,0.0,9.94,0.0,1481.65,1486.78,True,False,0.0,77773.2,0.0214,1.963,0.11069
2026-08-29T01:43:06Z,XRPUSDT,COOLING,NONE,0.0,0.0,0.0,2.17,0.0,159741.6,136666.23,True,False,0.0,77811.28,0.049,0.967,1.3824
2026-08-29T01:44:27Z,HBARUSDT,COOLING,NONE,0.0,0.0,0.0,1.32,0.0,36332.05,14186.08,True,False,0.0,77811.28,0.049,41.042,0.07557
2026-08-29T01:44:30Z,QAITUSDT,IMPULSE,NONE,0.0,0.0,0.0,71.94,0.0,1334.06,1396.7,True,False,0.0,77811.28,0.049,1.069,0.001931
2026-08-29T01:44:32Z,WUSDT,COOLING,NONE,0.0,0.0,0.0,8.73,0.0,10041.62,7301.6,True,False,0.0,77811.28,0.049,0.951,0.009163
2026-08-29T01:44:34Z,CCUSDT,COOLING,BUY,0.0,34.38,34.38,7.23,0.0,926.87,15044.79,True,False,0.0,77811.28,0.049,1.146,0.11063
2026-08-29T01:45:05Z,XRPUSDT,COOLING,NONE,0.0,0.0,0.0,1.45,0.0,113211.5,160598.97,True,False,0.0,77813.95,0.0034,0.935,1.3826
2026-08-29T01:45:06Z,HBARUSDT,COOLING,NONE,0.0,0.0,0.0,1.32,0.0,38753.98,16272.24,True,False,0.0,77813.95,0.0034,0.897,0.07554
2026-08-29T01:45:09Z,QAITUSDT,IMPULSE,NONE,0.0,0.0,0.0,71.94,0.0,1297.6,1112.98,True,False,0.0,77813.95,0.0034,1.006,0.001931
2026-08-29T01:45:10Z,WUSDT,COOLING,NONE,0.0,0.0,0.0,8.73,0.0,10041.62,7301.6,True,False,0.0,77813.95,0.0034,1.043,0.009163
2026-08-29T01:45:12Z,CCUSDT,COOLING,NONE,0.0,0.0,0.0,6.33,0.0,1677.83,1485.93,True,False,0.0,77813.95,0.0034,0.916,0.11065
2026-08-29T01:45:43Z,XRPUSDT,COOLING,NONE,0.0,0.0,0.0,2.17,0.0,96507.66,108787.1,True,False,0.0,77792.46,-0.0276,2.016,1.3823
2026-08-29T01:45:46Z,HBARUSDT,COOLING,SELL,0.95,0.0,0.95,5.3,0.0,41787.58,16339.98,True,False,0.0,77792.46,-0.0276,0.97,0.07552
2026-08-29T01:46:29Z,QAITUSDT,IMPULSE,NONE,0.0,0.0,0.0,71.94,0.0,1297.6,1408.92,True,False,0.0,77792.46,-0.0276,1.005,0.001931
2026-08-29T01:46:30Z,WUSDT,COOLING,NONE,0.0,0.0,0.0,7.65,0.0,9056.92,7585.35,True,False,0.0,77792.46,-0.0276,0.96,0.009154
2026-08-29T01:46:33Z,CCUSDT,COOLING,NONE,0.0,0.0,0.0,9.06,0.0,1476.81,8861.6,True,False,0.0,77792.46,-0.0276,1.979,0.1105
2026-08-29T01:48:10Z,XRPUSDT,COOLING,SELL,0.39,0.0,0.39,2.17,0.0,123516.35,152139.57,True,False,0.0,77795.0,0.0033,0.931,1.382
2026-08-29T01:48:13Z,HBARUSDT,COOLING,NONE,0.0,0.0,0.0,1.32,0.0,29602.42,28114.6,True,False,0.0,77795.0,0.0033,1.03,0.0755
2026-08-29T01:48:15Z,QAITUSDT,IMPULSE,NONE,0.0,0.0,0.0,71.94,0.0,1297.6,1398.3,True,False,0.0,77795.0,0.0033,0.962,0.001931
2026-08-29T01:48:17Z,WUSDT,COOLING,NONE,0.0,0.0,0.0,15.31,0.0,11962.61,8827.64,True,False,0.0,77795.0,0.0033,0.896,0.009144
2026-08-29T01:48:59Z,CCUSDT,COOLING,NONE,0.0,0.0,0.0,8.16,0.0,1503.99,14483.74,True,False,0.0,77795.0,0.0033,0.981,0.11036
2026-08-29T01:52:08Z,XRPUSDT,COOLING,NONE,0.0,0.0,0.0,2.16,0.0,126133.0,106303.95,True,False,0.0,77809.99,0.0193,1.003,1.3854
2026-08-29T01:52:09Z,HBARUSDT,COOLING,NONE,0.0,0.0,0.0,1.32,0.0,41975.34,27531.54,True,False,0.0,77809.99,0.0193,1.03,0.07555
2026-08-29T01:52:12Z,QAITUSDT,IMPULSE,NONE,0.0,0.0,0.0,71.94,0.0,1297.6,1385.41,True,False,0.0,77809.99,0.0193,1.935,0.001931
2026-08-29T01:52:14Z,WUSDT,COOLING,NONE,0.0,0.0,0.0,12.02,0.0,10162.16,7585.35,True,False,0.0,77809.99,0.0193,1.01,0.009155
2026-08-29T01:52:16Z,CCUSDT,COOLING,NONE,0.0,0.0,0.0,8.15,0.0,1503.99,14485.17,True,False,0.0,77809.99,0.0193,0.989,0.11038
2026-08-29T01:53:26Z,XRPUSDT,COOLING,NONE,0.0,0.0,0.0,1.44,0.0,119998.73,61597.14,True,False,0.0,77795.0,-0.0193,1.016,1.3875
2026-08-29T01:53:29Z,HBARUSDT,COOLING,BUY,0.0,1.33,1.33,1.32,0.0,25539.03,19529.26,True,False,-0.0132,77795.0,-0.0193,1.927,0.07552
2026-08-29T01:53:31Z,QAITUSDT,IMPULSE,NONE,0.0,0.0,0.0,66.82,0.0,1297.6,1385.41,True,False,0.0,77795.0,-0.0193,1.073,0.001931
2026-08-29T01:53:34Z,WUSDT,COOLING,NONE,0.0,0.0,0.0,6.54,0.0,16089.85,7301.6,True,False,0.0,77795.0,-0.0193,0.985,0.009164
2026-08-29T01:53:36Z,CCUSDT,COOLING,NONE,0.0,0.0,0.0,9.06,0.0,1503.99,14485.17,True,False,0.0,77795.0,-0.0193,1.045,0.11038
2026-08-29T01:55:53Z,XRPUSDT,COOLING,NONE,0.0,0.0,0.0,2.16,0.0,93795.83,77544.27,True,False,0.0,77806.72,0.0151,1.009,1.3867
2026-08-29T01:55:56Z,HBARUSDT,COOLING,NONE,0.0,0.0,0.0,1.33,0.0,25255.92,20508.22,True,False,0.0,77806.72,0.0151,2.033,0.07547
2026-08-29T01:55:59Z,QAITUSDT,IMPULSE,NONE,0.0,0.0,0.0,66.82,0.0,1297.6,1385.41,True,False,0.0,77806.72,0.0151,0.997,0.001952
2026-08-29T01:56:40Z,WUSDT,COOLING,NONE,0.0,0.0,0.0,9.82,0.0,16073.88,7735.57,True,False,0.0,77806.72,0.0151,41.013,0.009164
2026-08-29T01:57:22Z,CCUSDT,COOLING,BUY,0.0,0.93,0.93,8.15,1.81,1478.01,14544.47,True,False,-0.0091,77806.72,0.0151,40.932,0.11032
2026-08-29T01:57:53Z,XRPUSDT,COOLING,NONE,0.0,0.0,0.0,0.72,0.0,72597.27,85778.09,True,False,0.0,77775.48,-0.0402,1.018,1.3843
2026-08-29T01:58:36Z,HBARUSDT,COOLING,NONE,0.0,0.0,0.0,1.33,0.0,38491.51,16687.47,True,False,0.0,77775.48,-0.0402,1.966,0.07543
2026-08-29T01:58:38Z,QAITUSDT,IMPULSE,NONE,0.0,0.0,0.0,66.82,0.0,1297.6,1385.41,True,False,0.0,77775.48,-0.0402,1.004,0.001952
2026-08-29T01:58:39Z,WUSDT,COOLING,NONE,0.0,0.0,0.0,9.82,0.0,16073.88,7735.57,True,False,0.0,77775.48,-0.0402,0.874,0.009163
2026-08-29T01:58:42Z,CCUSDT,COOLING,NONE,0.0,0.0,0.0,7.24,0.0,1683.46,14641.42,True,False,0.0,77775.48,-0.0402,1.015,0.11048
2026-08-29T02:01:54Z,XRPUSDT,COOLING,NONE,0.0,0.0,0.0,2.17,0.0,113903.93,93480.86,True,False,0.0,77786.91,0.0147,0.883,1.3854
2026-08-29T02:01:57Z,HBARUSDT,COOLING,BUY,0.0,0.01,0.01,1.32,0.0,43101.87,28984.95,True,False,0.0,77786.91,0.0147,1.904,0.07543
2026-08-29T02:01:58Z,QAITUSDT,IMPULSE,NONE,0.0,0.0,0.0,66.82,0.0,1297.6,1385.41,True,False,0.0,77786.91,0.0147,0.968,0.001952
2026-08-29T02:02:01Z,WUSDT,COOLING,NONE,0.0,0.0,0.0,10.91,0.0,10744.63,7735.57,True,False,0.0,77786.91,0.0147,1.952,0.009164
2026-08-29T02:02:04Z,CCUSDT,COOLING,NONE,0.0,0.0,0.0,8.13,0.0,1481.27,1485.93,True,False,0.0,77786.91,0.0147,0.94,0.11063
2026-08-29T02:05:43Z,XRPUSDT,COOLING,NONE,0.0,0.0,0.0,0.72,0.0,88232.76,99079.34,True,False,0.0,77772.47,-0.0186,0.917,1.3856
2026-08-29T02:05:45Z,HBARUSDT,COOLING,NONE,0.0,0.0,0.0,1.32,0.0,44395.45,39043.78,True,False,0.0,77772.47,-0.0186,0.931,0.07555
2026-08-29T02:05:47Z,QAITUSDT,IMPULSE,NONE,0.0,0.0,0.0,66.82,0.0,1297.6,1476.72,True,False,0.0,77772.47,-0.0186,1.0,0.001952
2026-08-29T02:05:49Z,WUSDT,COOLING,NONE,0.0,0.0,0.0,13.11,0.0,15926.84,8993.2,True,False,0.0,77772.47,-0.0186,0.969,0.009151
2026-08-29T02:05:52Z,CCUSDT,COOLING,NONE,0.0,0.0,0.0,9.94,0.0,1781.26,1485.52,True,False,0.0,77772.47,-0.0186,1.009,0.11067
2026-08-29T02:06:27Z,XRPUSDT,COOLING,NONE,0.0,0.0,0.0,2.16,0.72,112459.2,81318.01,True,False,0.0108,77780.14,0.0099,1.981,1.3862
2026-08-29T02:06:29Z,HBARUSDT,COOLING,NONE,0.0,0.0,0.0,1.32,0.0,38610.51,39043.78,True,False,0.0,77780.14,0.0099,1.071,0.07556
2026-08-29T02:06:32Z,QAITUSDT,IMPULSE,NONE,0.0,0.0,0.0,71.94,0.0,1297.6,1476.72,True,False,0.0,77780.14,0.0099,1.113,0.001952
2026-08-29T02:07:14Z,WUSDT,COOLING,NONE,0.0,0.0,0.0,13.11,0.0,15926.84,8993.2,True,False,0.0,77780.14,0.0099,40.919,0.009157
2026-08-29T02:07:15Z,CCUSDT,COOLING,NONE,0.0,0.0,0.0,10.85,0.0,1780.61,1485.52,True,False,0.0,77780.14,0.0099,1.037,0.11065
2026-08-29T02:07:44Z,XRPUSDT,COOLING,NONE,0.0,0.0,0.0,2.16,0.0,124531.85,89520.49,True,False,0.0,77785.5,0.0069,0.972,1.3858
2026-08-29T02:07:47Z,HBARUSDT,COOLING,NONE,0.0,0.0,0.0,1.32,0.0,46475.82,35675.5,True,False,0.0,77785.5,0.0069,1.994,0.07555
2026-08-29T02:07:49Z,QAITUSDT,IMPULSE,NONE,0.0,0.0,0.0,71.94,0.0,1297.6,1476.72,True,False,0.0,77785.5,0.0069,0.975,0.001952
2026-08-29T02:07:51Z,WUSDT,COOLING,NONE,0.0,0.0,0.0,13.11,0.0,15926.84,8187.4,True,False,0.0,77785.5,0.0069,1.013,0.009156
2026-08-29T02:07:52Z,CCUSDT,COOLING,NONE,0.0,0.0,0.0,9.93,0.0,1483.02,1486.46,True,False,0.0,77785.5,0.0069,1.021,0.11073
2026-08-29T02:09:33Z,XRPUSDT,COOLING,BUY,0.23,11.36,11.36,0.72,-0.72,110017.24,103905.39,True,False,0.0036,77793.49,0.0103,2.016,1.3855
2026-08-29T02:09:36Z,HBARUSDT,COOLING,NONE,0.0,0.0,0.0,1.32,0.0,28152.99,24834.52,True,False,0.0,77793.49,0.0103,2.013,0.07548
2026-08-29T02:09:40Z,QAITUSDT,IMPULSE,NONE,0.0,0.0,0.0,25.21,0.0,111.93,2010.64,True,False,0.0,77793.49,0.0103,1.025,0.001986
2026-08-29T02:09:41Z,WUSDT,COOLING,NONE,0.0,0.0,0.0,13.11,0.0,9945.14,8275.95,True,False,0.0,77793.49,0.0103,0.915,0.009153
2026-08-29T02:09:44Z,CCUSDT,COOLING,NONE,0.0,0.0,0.0,10.82,0.0,1737.77,1489.28,True,False,0.0,77793.49,0.0103,1.059,0.11094
2026-08-29T02:12:15Z,XRPUSDT,COOLING,NONE,0.0,0.0,0.0,2.16,0.0,138171.51,70488.96,True,False,0.0,77777.92,-0.02,0.935,1.3857
2026-08-29T02:12:18Z,HBARUSDT,COOLING,NONE,0.0,0.0,0.0,1.32,0.0,47753.27,42394.7,True,False,0.0,77777.92,-0.02,2.026,0.07553
2026-08-29T02:12:21Z,QAITUSDT,IMPULSE,BUY,0.0,55.31,55.31,72.16,0.0,510.0,2010.64,True,True,0.0,77777.92,-0.02,0.908,0.00194
2026-08-29T02:12:23Z,WUSDT,COOLING,NONE,0.0,0.0,0.0,13.11,0.0,9945.14,8275.95,True,False,0.0,77777.92,-0.02,1.938,0.009152
2026-08-29T02:12:26Z,CCUSDT,COOLING,NONE,0.0,0.0,0.0,8.11,0.0,1485.66,1791.8,True,False,0.0,77777.92,-0.02,2.016,0.11101
2026-08-29T02:13:37Z,XRPUSDT,COOLING,NONE,0.0,0.0,0.0,2.89,0.0,117100.48,81339.94,True,False,0.0,77770.67,-0.0093,0.911,1.3854
2026-08-29T02:13:39Z,HBARUSDT,COOLING,NONE,0.0,0.0,0.0,1.32,0.0,48389.2,35324.56,True,False,0.0,77770.67,-0.0093,1.886,0.07557
2026-08-29T02:13:43Z,QAITUSDT,IMPULSE,NONE,0.0,0.0,0.0,20.69,10.35,510.0,695.05,True,False,-0.0517,77770.67,-0.0093,2.009,0.001916
2026-08-29T02:13:46Z,WUSDT,COOLING,NONE,0.0,0.0,0.0,9.82,0.0,16793.55,8197.14,True,False,0.0,77770.67,-0.0093,0.948,0.009165
2026-08-29T02:13:47Z,CCUSDT,COOLING,NONE,0.0,0.0,0.0,8.11,0.0,1485.66,1791.8,True,False,0.0,77770.67,-0.0093,0.977,0.11101
2026-08-29T02:16:47Z,XRPUSDT,COOLING,NONE,0.0,0.0,0.0,1.45,-0.72,113554.74,90108.24,True,False,-0.0108,77716.58,-0.0696,41.04,1.3835
2026-08-29T02:16:49Z,HBARUSDT,COOLING,NONE,0.0,0.0,0.0,1.32,0.0,43083.33,13760.34,True,False,0.0,77716.58,-0.0696,0.889,0.07551
2026-08-29T02:17:33Z,QAITUSDT,IMPULSE,NONE,0.0,0.0,0.0,157.64,10.32,510.0,1880.93,True,False,-0.1016,77716.58,-0.0696,1.034,0.001959
2026-08-29T02:17:36Z,WUSDT,COOLING,NONE,0.0,0.0,0.0,15.31,0.0,11101.79,8181.2,True,False,0.0,77716.58,-0.0696,0.951,0.009144
2026-08-29T02:17:39Z,CCUSDT,COOLING,NONE,0.0,0.0,0.0,5.41,0.0,1482.98,1489.77,True,False,0.0,77716.58,-0.0696,0.928,0.11092
2026-08-29T02:18:50Z,XRPUSDT,COOLING,SELL,12.4,0.0,12.4,2.89,2.17,139692.06,49542.51,True,False,-0.0181,77692.93,-0.0304,0.92,1.3832
2026-08-29T02:18:53Z,HBARUSDT,COOLING,NONE,0.0,0.0,0.0,1.33,0.0,43140.25,31875.13,True,False,-0.0265,77692.93,-0.0304,2.031,0.07549
2026-08-29T02:18:55Z,QAITUSDT,IMPULSE,SELL,65.37,0.0,65.37,218.89,5.14,1938.02,695.05,True,False,-0.0254,77692.93,-0.0304,1.127,0.001986
2026-08-29T02:19:38Z,WUSDT,COOLING,SELL,0.24,0.15,0.24,13.13,1.1,10332.35,7730.42,True,False,-0.082,77692.93,-0.0304,40.962,0.009143
2026-08-29T02:19:41Z,CCUSDT,COOLING,NONE,0.0,0.0,0.0,5.41,0.0,1482.98,1488.47,True,False,0.0,77692.93,-0.0304,1.997,0.1109
2026-08-29T02:22:13Z,XRPUSDT,COOLING,BUY,0.0,23.54,23.54,2.17,-0.0,114594.02,99385.14,True,False,0.0072,77647.25,-0.0588,0.896,1.3817
2026-08-29T02:22:54Z,HBARUSDT,COOLING,NONE,0.0,0.0,0.0,1.33,0.0,44464.59,25799.16,True,False,0.0,77647.25,-0.0588,1.012,0.07543
2026-08-29T02:23:37Z,QAITUSDT,IMPULSE,NONE,0.0,0.0,0.0,66.21,0.2,510.0,412.4,True,False,-0.3046,77647.25,-0.0588,40.889,0.001976
2026-08-29T02:23:40Z,WUSDT,COOLING,NONE,0.0,0.0,0.0,7.67,0.0,15556.7,10352.63,True,False,0.0,77647.25,-0.0588,0.999,0.009127
2026-08-29T02:24:26Z,CCUSDT,COOLING,NONE,0.0,0.0,0.0,4.5,0.0,1486.92,1491.55,True,False,0.0,77647.25,-0.0588,0.988,0.11094
2026-08-29T02:29:32Z,XRPUSDT,COOLING,NONE,0.0,0.0,0.0,2.9,0.0,104242.78,110415.0,True,False,0.0,77615.0,-0.0415,2.038,1.3806
2026-08-29T02:29:34Z,HBARUSDT,COOLING,NONE,0.0,0.0,0.0,1.33,0.0,40923.17,35121.51,True,False,0.0,77615.0,-0.0415,1.015,0.07536
2026-08-29T02:30:17Z,QAITUSDT,IMPULSE,NONE,0.0,0.0,0.0,45.77,0.0,1189.51,828.11,True,False,0.0,77615.0,-0.0415,0.952,0.001967
2026-08-29T02:30:18Z,WUSDT,COOLING,NONE,0.0,0.0,0.0,10.95,0.0,9441.26,6314.03,True,False,0.0,77615.0,-0.0415,1.025,0.009129
2026-08-29T02:30:20Z,CCUSDT,COOLING,NONE,0.0,0.0,0.0,5.41,0.0,1484.85,1489.41,True,False,0.0,77615.0,-0.0415,0.966,0.11096
2026-08-29T02:32:15Z,XRPUSDT,COOLING,NONE,0.0,0.0,0.0,1.45,0.0,135304.98,94293.96,True,False,0.0,77625.04,0.0129,0.995,1.3819
2026-08-29T02:32:16Z,HBARUSDT,COOLING,NONE,0.0,0.0,0.0,1.33,0.0,44960.28,30105.63,True,False,0.0,77625.04,0.0129,0.997,0.07541
2026-08-29T02:32:18Z,QAITUSDT,IMPULSE,NONE,0.0,0.0,0.0,70.89,0.0,1465.47,1008.91,True,False,0.0,77625.04,0.0129,0.899,0.001983
2026-08-29T02:32:20Z,WUSDT,COOLING,NONE,0.0,0.0,0.0,13.11,1.09,13812.02,6207.46,True,False,0.0055,77625.04,0.0129,0.936,0.009146
2026-08-29T02:32:22Z,CCUSDT,COOLING,NONE,0.0,0.0,0.0,8.11,0.0,1483.65,1490.21,True,False,0.0,77625.04,0.0129,1.029,0.111
2026-08-29T02:33:31Z,XRPUSDT,COOLING,NONE,0.0,0.0,0.0,2.17,-0.72,125482.96,93346.25,True,False,-0.0036,77644.78,0.0254,0.971,1.3813
2026-08-29T02:33:32Z,HBARUSDT,COOLING,SELL,60.91,0.0,60.91,2.65,0.0,44762.28,34748.5,True,True,0.0,77644.78,0.0254,0.92,0.07544
2026-08-29T02:34:14Z,QAITUSDT,IMPULSE,NONE,0.0,0.0,0.0,65.84,-5.05,1692.27,1369.06,True,False,-0.0253,77644.78,0.0254,1.011,0.001983
2026-08-29T02:34:18Z,WUSDT,COOLING,NONE,0.0,0.0,0.0,14.21,0.0,10515.38,6886.37,True,False,0.0,77644.78,0.0254,2.047,0.009145
2026-08-29T02:34:20Z,CCUSDT,COOLING,NONE,0.0,0.0,0.0,9.92,0.0,1483.51,1789.19,True,False,0.0,77644.78,0.0254,0.984,0.11083
2026-08-29T02:37:18Z,XRPUSDT,COOLING,NONE,0.0,0.0,0.0,2.17,0.0,183538.44,122119.21,True,False,0.0,77614.23,-0.0393,1.027,1.381
2026-08-29T02:39:19Z,HBARUSDT,COOLING,BUY,0.0,0.02,0.02,2.65,1.32,37929.46,30091.4,True,False,0.0861,77614.23,-0.0393,40.958,0.07542
2026-08-29T02:39:21Z,QAITUSDT,IMPULSE,NONE,0.0,0.0,0.0,65.84,0.0,1692.27,1369.06,True,False,0.0,77614.23,-0.0393,0.947,0.001983
2026-08-29T02:39:23Z,RIZEUSDT,IMPULSE,SELL,0.0,0.0,0.0,60.09,0.0,200.42,697.04,True,False,0.0,77614.23,-0.0393,0.984,0.004505
2026-08-29T02:39:24Z,WUSDT,COOLING,NONE,0.0,0.0,0.0,9.82,0.0,9263.47,8007.13,True,False,0.0,77614.23,-0.0393,0.987,0.009165
2026-08-29T02:41:57Z,XRPUSDT,COOLING,NONE,0.0,0.0,0.0,2.17,0.0,178122.6,93477.25,True,False,0.0,77657.42,0.0556,2.484,1.3823
2026-08-29T02:42:00Z,HBARUSDT,COOLING,NONE,0.0,0.0,0.0,1.32,0.0,30856.09,41550.98,True,False,0.0,77657.42,0.0556,0.94,0.07558
2026-08-29T02:42:41Z,QAITUSDT,IMPULSE,NONE,0.0,0.0,0.0,65.84,0.0,1692.27,1369.06,True,False,0.0,77657.42,0.0556,1.009,0.001983
2026-08-29T02:42:43Z,RIZEUSDT,IMPULSE,SELL,59.64,0.0,59.64,37.57,0.0,334.52,701.77,True,False,0.0,77657.42,0.0556,1.005,0.004509
2026-08-29T02:42:45Z,WUSDT,COOLING,NONE,0.0,0.0,0.0,13.08,0.0,9024.0,8007.13,True,False,0.0,77657.42,0.0556,0.951,0.009178
2026-08-29T02:43:15Z,XRPUSDT,COOLING,NONE,0.0,0.0,0.0,1.45,0.0,106064.36,144770.55,True,False,0.0,77616.98,-0.0521,1.033,1.3822
2026-08-29T02:43:58Z,HBARUSDT,COOLING,BUY,0.0,0.36,0.36,1.32,0.0,41110.83,16380.34,True,False,0.0,77616.98,-0.0521,2.013,0.07556
2026-08-29T02:44:00Z,QAITUSDT,IMPULSE,NONE,0.0,0.0,0.0,65.84,0.0,1692.27,1369.06,True,False,0.0,77616.98,-0.0521,0.965,0.001983
2026-08-29T02:44:03Z,RIZEUSDT,IMPULSE,NONE,0.0,0.0,0.0,37.57,0.0,200.42,704.21,True,False,0.0,77616.98,-0.0521,0.992,0.004524
2026-08-29T02:44:06Z,WUSDT,COOLING,NONE,0.0,0.0,0.0,8.73,0.0,9670.11,7916.04,True,False,0.0,77616.98,-0.0521,1.025,0.009167
2026-08-29T02:47:50Z,XRPUSDT,COOLING,SELL,33.16,3.12,33.16,2.17,1.45,116832.44,110883.28,True,False,0.0072,77631.88,0.0192,0.982,1.3827
2026-08-29T02:47:53Z,HBARUSDT,COOLING,NONE,0.0,0.0,0.0,1.32,0.0,42039.86,20848.99,True,False,0.0,77631.88,0.0192,0.921,0.0755
2026-08-29T02:47:55Z,QAITUSDT,IMPULSE,NONE,0.0,0.0,0.0,65.84,0.0,1692.27,1369.06,True,False,0.0,77631.88,0.0192,1.012,0.001983
2026-08-29T02:47:57Z,WUSDT,COOLING,NONE,0.0,0.0,0.0,12.02,0.0,9716.54,7916.04,True,False,0.0,77631.88,0.0192,0.982,0.009156
2026-08-29T02:48:00Z,CCUSDT,COOLING,NONE,0.0,0.0,0.0,0.9,0.0,1481.76,1487.27,True,False,0.0,77631.88,0.0192,2.08,0.11061
2026-08-29T02:48:30Z,XRPUSDT,COOLING,NONE,0.0,0.0,0.0,2.17,0.0,115411.65,111365.92,True,False,0.0,77635.57,0.0048,0.994,1.3826
2026-08-29T02:48:33Z,HBARUSDT,COOLING,SELL,3.46,0.0,3.46,1.32,0.0,45532.89,25233.55,True,False,-0.0265,77635.57,0.0048,2.02,0.07554
2026-08-29T02:48:36Z,QAITUSDT,IMPULSE,NONE,0.0,0.0,0.0,65.84,0.0,1692.27,1369.06,True,False,0.0,77635.57,0.0048,0.999,0.001983
2026-08-29T02:48:38Z,WUSDT,COOLING,NONE,0.0,0.0,0.0,13.11,0.0,9716.54,7916.04,True,False,0.0,77635.57,0.0048,0.978,0.009156
2026-08-29T02:49:22Z,CCUSDT,COOLING,NONE,0.0,0.0,0.0,10.85,0.0,1492.14,1484.45,True,False,0.0,77635.57,0.0048,2.076,0.11061
2026-08-29T02:51:13Z,XRPUSDT,COOLING,NONE,0.0,0.0,0.0,2.17,0.0,137093.24,114383.96,True,False,0.0,77635.56,-0.0,2.01,1.3828
2026-08-29T02:51:17Z,HBARUSDT,COOLING,NONE,0.0,0.0,0.0,1.32,0.0,36962.68,17397.18,True,False,0.0,77635.56,-0.0,0.885,0.07548
2026-08-29T02:52:00Z,QAITUSDT,IMPULSE,NONE,0.0,0.0,0.0,40.69,25.41,1045.25,1001.12,True,False,0.1273,77635.56,-0.0,1.932,0.001962
2026-08-29T02:52:04Z,WUSDT,COOLING,NONE,0.0,0.0,0.0,9.81,0.0,9389.29,7916.04,True,False,0.0,77635.56,-0.0,1.21,0.009178
2026-08-29T02:52:47Z,CCUSDT,COOLING,SELL,0.0,0.0,0.0,9.04,0.0,1482.44,1487.33,True,False,-0.0181,77635.56,-0.0,41.912,0.11069
2026-08-29T02:55:45Z,XRPUSDT,COOLING,NONE,0.0,0.0,0.0,3.62,2.17,77463.38,76712.29,True,False,-0.0181,77678.84,0.0557,1.998,1.3834
2026-08-29T02:56:28Z,HBARUSDT,COOLING,BUY,0.0,58.85,58.85,1.32,0.0,31659.22,32179.88,True,False,0.0,77678.84,0.0557,0.973,0.07555
2026-08-29T02:57:09Z,QAITUSDT,IMPULSE,NONE,0.0,0.0,0.0,40.69,-15.22,740.37,1311.3,True,False,-0.0762,77678.84,0.0557,41.068,0.001962
2026-08-29T02:57:11Z,WUSDT,COOLING,NONE,0.0,0.0,0.0,11.99,0.0,10366.06,6127.96,True,False,0.0,77678.84,0.0557,0.914,0.009175
2026-08-29T02:57:14Z,CCUSDT,COOLING,NONE,0.0,0.0,0.0,9.03,0.0,1481.79,1487.31,True,False,0.0,77678.84,0.0557,1.936,0.11076
2026-08-29T02:58:28Z,XRPUSDT,COOLING,NONE,0.0,0.0,0.0,2.17,0.0,105554.59,110878.54,True,False,0.0,77664.0,-0.0191,0.94,1.3825
2026-08-29T02:58:30Z,HBARUSDT,COOLING,SELL,28.18,8.59,28.18,1.32,-0.0,49594.0,26293.34,True,False,0.0132,77664.0,-0.0191,0.958,0.0756
2026-08-29T02:59:12Z,QAITUSDT,IMPULSE,BUY,0.0,0.05,0.05,71.1,10.13,763.65,1146.01,True,False,0.0508,77664.0,-0.0191,40.979,0.001962
2026-08-29T02:59:14Z,WUSDT,COOLING,NONE,0.0,0.0,0.0,11.99,0.0,10366.06,6127.96,True,False,0.0,77664.0,-0.0191,2.027,0.00918
2026-08-29T02:59:56Z,CCUSDT,COOLING,SELL,0.0,0.0,0.0,8.13,-0.9,1483.04,14603.19,True,False,-0.0226,77664.0,-0.0191,41.002,0.11074
2026-08-29T03:03:08Z,XRPUSDT,COOLING,BUY,0.0,10.21,10.21,2.17,-0.72,85998.05,118604.96,True,False,-0.0036,77704.99,0.0528,2.141,1.3848
2026-08-29T03:03:10Z,HBARUSDT,COOLING,SELL,62.68,0.0,62.68,1.32,0.0,46152.0,25926.1,True,True,0.0,77704.99,0.0528,1.107,0.0757
2026-08-29T03:03:12Z,QAITUSDT,IMPULSE,NONE,0.0,0.0,0.0,66.04,0.0,1370.38,1422.98,True,False,0.0,77704.99,0.0528,0.982,0.001962
2026-08-29T03:03:15Z,WUSDT,COOLING,NONE,0.0,0.0,0.0,11.99,0.0,9701.61,6127.96,True,False,0.0,77704.99,0.0528,1.053,0.009176
2026-08-29T03:03:19Z,CCUSDT,COOLING,NONE,0.0,0.0,0.0,8.11,0.0,1688.42,1490.21,True,False,0.0,77704.99,0.0528,2.033,0.11101
2026-08-29T03:05:47Z,XRPUSDT,COOLING,NONE,0.0,0.0,0.0,2.17,0.0,119820.34,72062.82,True,False,0.0,77693.08,-0.0153,1.043,1.3842
2026-08-29T03:05:48Z,HBARUSDT,COOLING,NONE,0.0,0.0,0.0,1.32,0.0,43912.93,27833.02,True,False,0.0,77693.08,-0.0153,0.946,0.07562
2026-08-29T03:05:50Z,QAITUSDT,IMPULSE,NONE,0.0,0.0,0.0,25.45,0.0,916.33,1001.12,True,False,0.0,77693.08,-0.0153,1.051,0.001962
2026-08-29T03:05:52Z,WUSDT,COOLING,NONE,0.0,0.0,0.0,9.82,0.0,10434.75,7585.0,True,False,0.0,77693.08,-0.0153,0.925,0.009166
2026-08-29T03:05:53Z,CCUSDT,COOLING,NONE,0.0,0.0,0.0,9.01,0.0,1483.25,1792.28,True,False,0.0,77693.08,-0.0153,0.891,0.11097
2026-08-29T03:07:07Z,XRPUSDT,COOLING,NONE,0.0,0.0,0.0,2.17,0.0,82379.39,95688.34,True,False,0.0,77680.43,-0.0163,1.064,1.3834
2026-08-29T03:07:10Z,HBARUSDT,COOLING,NONE,0.0,0.0,0.0,1.32,0.0,45001.63,38431.6,True,False,0.0,77680.43,-0.0163,1.95,0.07564
2026-08-29T03:07:12Z,QAITUSDT,IMPULSE,NONE,0.0,0.0,0.0,71.1,0.0,843.42,1066.52,True,False,0.0,77680.43,-0.0163,1.008,0.001962
2026-08-29T03:07:56Z,WUSDT,COOLING,NONE,0.0,0.0,0.0,9.82,0.0,10434.75,7585.0,True,False,0.0,77680.43,-0.0163,1.998,0.009165
2026-08-29T03:08:38Z,CCUSDT,COOLING,BUY,0.0,2.05,2.05,7.22,-3.61,1481.77,9297.31,True,False,0.009,77680.43,-0.0163,41.007,0.11086
2026-08-29T03:09:48Z,XRPUSDT,COOLING,NONE,0.0,0.0,0.0,2.17,0.0,144279.27,88547.56,True,False,0.0,77689.72,0.012,1.091,1.3833
2026-08-29T03:09:49Z,HBARUSDT,COOLING,NONE,0.0,0.0,0.0,1.32,0.0,49247.96,29876.47,True,False,0.0,77689.72,0.012,1.069,0.07568
2026-08-29T03:09:51Z,QAITUSDT,IMPULSE,NONE,0.0,0.0,0.0,66.04,0.0,1403.25,1491.4,True,False,0.0,77689.72,0.012,0.893,0.001962
2026-08-29T03:09:53Z,WUSDT,COOLING,NONE,0.0,0.0,0.0,9.82,0.0,10434.75,7585.0,True,False,0.0,77689.72,0.012,1.111,0.009165
2026-08-29T03:09:55Z,CCUSDT,COOLING,NONE,0.0,0.0,0.0,8.12,0.0,8835.6,1488.74,True,False,0.0,77689.72,0.012,1.026,0.11081
2026-08-29T03:15:38Z,XRPUSDT,COOLING,BUY,0.0,29.25,29.25,2.17,-0.72,91255.15,125184.43,True,False,0.0036,77672.3,-0.0224,0.975,1.3833
2026-08-29T03:15:39Z,HBARUSDT,COOLING,NONE,0.0,0.0,0.0,1.32,0.0,36569.25,23339.98,True,False,0.0,77672.3,-0.0224,0.911,0.07572
2026-08-29T03:15:41Z,QAITUSDT,IMPULSE,NONE,0.0,0.0,0.0,66.04,0.0,916.89,1861.35,True,False,0.0,77672.3,-0.0224,0.926,0.001962
2026-08-29T03:15:43Z,WUSDT,COOLING,NONE,0.0,0.0,0.0,8.74,0.0,8586.97,7200.33,True,False,0.0,77672.3,-0.0224,0.9,0.009155
2026-08-29T03:15:44Z,CCUSDT,COOLING,NONE,0.0,0.0,0.0,7.22,0.0,15087.64,1863.46,True,False,0.0,77672.3,-0.0224,0.943,0.11083
2026-08-29T03:18:13Z,XRPUSDT,COOLING,NONE,0.0,0.0,0.0,0.72,-0.72,114313.99,71745.08,True,False,-0.0036,77645.32,-0.0347,0.996,1.3813
2026-08-29T03:18:15Z,HBARUSDT,COOLING,NONE,0.0,0.0,0.0,1.32,0.0,33631.08,39117.3,True,False,0.0,77645.32,-0.0347,0.895,0.0757
2026-08-29T03:18:56Z,QAITUSDT,IMPULSE,NONE,0.0,0.0,0.0,66.04,0.0,916.89,1861.35,True,False,0.0,77645.32,-0.0347,41.094,0.001962
2026-08-29T03:18:58Z,WUSDT,COOLING,NONE,0.0,0.0,0.0,12.02,0.0,9205.54,7325.6,True,False,0.0,77645.32,-0.0347,0.947,0.009152
2026-08-29T03:19:00Z,CCUSDT,COOLING,NONE,0.0,0.0,0.0,4.52,0.0,1480.57,1486.46,True,False,0.0,77645.32,-0.0347,0.966,0.11072
2026-08-29T03:20:10Z,XRPUSDT,COOLING,NONE,0.0,0.0,0.0,1.45,0.0,101923.23,95417.62,True,False,0.0,77646.2,0.0011,0.995,1.3816
2026-08-29T03:20:12Z,HBARUSDT,COOLING,SELL,9.35,0.0,9.35,1.32,0.0,42054.72,31241.1,True,False,0.0,77646.2,0.0011,0.987,0.07569
2026-08-29T03:20:14Z,QAITUSDT,IMPULSE,NONE,0.0,0.0,0.0,66.04,0.0,916.89,1861.35,True,False,0.0,77646.2,0.0011,0.998,0.001962
2026-08-29T03:20:57Z,WUSDT,COOLING,NONE,0.0,0.0,0.0,7.63,0.0,16896.55,7185.64,True,False,0.0,77646.2,0.0011,2.026,0.009161
2026-08-29T03:21:01Z,CCUSDT,COOLING,NONE,0.0,0.0,0.0,7.22,0.0,1481.64,14565.63,True,False,0.0,77646.2,0.0011,0.932,0.11077
2026-08-29T03:24:43Z,XRPUSDT,COOLING,NONE,0.0,0.0,0.0,1.45,0.0,93287.55,83029.03,True,False,0.0,77652.4,0.008,0.887,1.3824
2026-08-29T03:24:45Z,HBARUSDT,COOLING,NONE,0.0,0.0,0.0,1.32,0.0,44372.15,35219.31,True,False,0.0,77652.4,0.008,0.993,0.07576
2026-08-29T03:24:47Z,QAITUSDT,IMPULSE,NONE,0.0,0.0,0.0,66.04,0.0,916.89,1861.35,True,False,0.0,77652.4,0.008,0.99,0.001962
2026-08-29T03:24:49Z,WUSDT,COOLING,NONE,0.0,0.0,0.0,11.97,0.0,16062.66,5755.74,True,False,0.0,77652.4,0.008,1.021,0.009195
2026-08-29T03:24:51Z,CCUSDT,COOLING,NONE,0.0,0.0,0.0,5.41,0.0,1483.91,14617.39,True,False,0.0,77652.4,0.008,0.958,0.11084
2026-08-29T03:26:03Z,XRPUSDT,COOLING,NONE,0.0,0.0,0.0,1.45,0.0,111214.55,99806.09,True,False,0.0,77660.0,0.0098,1.011,1.3831
2026-08-29T03:26:04Z,HBARUSDT,COOLING,NONE,0.0,0.0,0.0,1.32,0.0,49557.4,28558.1,True,False,0.0,77660.0,0.0098,1.043,0.07582
2026-08-29T03:26:06Z,QAITUSDT,IMPULSE,NONE,0.0,0.0,0.0,66.04,0.0,916.89,1861.35,True,False,0.0,77660.0,0.0098,1.019,0.001962
2026-08-29T03:26:08Z,WUSDT,COOLING,NONE,0.0,0.0,0.0,11.95,0.0,15845.03,4108.66,True,False,0.0,77660.0,0.0098,0.968,0.009205
2026-08-29T03:26:09Z,CCUSDT,COOLING,NONE,0.0,0.0,0.0,7.22,0.0,1483.91,1814.85,True,False,0.0,77660.0,0.0098,0.951,0.11085
2026-08-29T03:26:40Z,XRPUSDT,COOLING,NONE,0.0,0.0,0.0,2.17,0.0,122546.06,115065.07,True,False,0.0,77676.48,0.0212,2.035,1.3827
2026-08-29T03:26:44Z,HBARUSDT,COOLING,NONE,0.0,0.0,0.0,1.32,0.0,35437.36,25577.69,True,False,0.0,77676.48,0.0212,1.94,0.0758
2026-08-29T03:26:46Z,QAITUSDT,IMPULSE,NONE,0.0,0.0,0.0,71.1,0.0,916.89,1861.35,True,False,0.0,77676.48,0.0212,1.063,0.001976
2026-08-29T03:26:49Z,WUSDT,COOLING,NONE,0.0,0.0,0.0,10.86,0.0,11289.35,4108.66,True,False,0.0,77676.48,0.0212,0.908,0.009205
2026-08-29T03:27:33Z,CCUSDT,COOLING,NONE,0.0,0.0,0.0,9.02,3.61,1484.54,1487.53,True,False,0.018,77676.48,0.0212,0.885,0.11088
2026-08-29T03:30:37Z,XRPUSDT,COOLING,NONE,0.0,0.0,0.0,1.45,0.0,80338.88,91885.04,True,False,0.0,77671.73,-0.0061,1.038,1.3824
2026-08-29T03:30:39Z,HBARUSDT,COOLING,NONE,0.0,0.0,0.0,1.32,0.0,30013.72,30704.96,True,False,0.0,77671.73,-0.0061,0.946,0.07575
2026-08-29T03:30:43Z,QAITUSDT,IMPULSE,NONE,0.0,0.0,0.0,65.84,0.0,1362.05,1116.95,True,False,0.0,77671.73,-0.0061,2.021,0.001976
2026-08-29T03:30:45Z,WUSDT,COOLING,NONE,0.0,0.0,0.0,15.24,0.0,10281.26,5958.22,True,False,0.0,77671.73,-0.0061,1.879,0.009184
2026-08-29T03:30:47Z,CCUSDT,COOLING,NONE,0.0,0.0,0.0,8.12,-0.9,1483.37,1488.2,True,False,-0.0045,77671.73,-0.0061,1.017,0.1108
2026-08-29T03:31:22Z,XRPUSDT,COOLING,NONE,0.0,0.0,0.0,1.45,0.0,79473.61,122035.85,True,False,0.0,77672.19,0.0006,2.043,1.383
2026-08-29T03:31:25Z,HBARUSDT,COOLING,NONE,0.0,0.0,0.0,1.32,0.0,38169.12,29499.2,True,False,0.0,77672.19,0.0006,1.126,0.07573
2026-08-29T03:31:27Z,QAITUSDT,IMPULSE,NONE,0.0,0.0,0.0,65.84,0.0,1362.05,1116.95,True,False,0.0,77672.19,0.0006,1.151,0.001976
2026-08-29T03:31:29Z,WUSDT,COOLING,NONE,0.0,0.0,0.0,11.98,0.0,10281.26,5958.22,True,False,0.0,77672.19,0.0006,1.011,0.009187
2026-08-29T03:31:32Z,CCUSDT,COOLING,NONE,0.0,0.0,0.0,7.22,0.0,1482.17,1488.2,True,False,0.0,77672.19,0.0006,2.038,0.11072
2026-08-29T03:34:07Z,XRPUSDT,COOLING,NONE,0.0,0.0,0.0,2.17,0.0,79747.61,76719.76,True,False,0.0,77644.84,-0.0352,1.931,1.3821
2026-08-29T03:34:08Z,HBARUSDT,COOLING,NONE,0.0,0.0,0.0,1.32,0.0,42509.53,37305.79,True,False,0.0,77644.84,-0.0352,1.045,0.07572
2026-08-29T03:34:11Z,QAITUSDT,IMPULSE,NONE,0.0,0.0,0.0,65.84,0.0,1362.05,1116.95,True,False,0.0,77644.84,-0.0352,2.012,0.001976
2026-08-29T03:34:15Z,WUSDT,COOLING,NONE,0.0,0.0,0.0,10.9,0.0,9150.99,5785.16,True,False,0.0,77644.84,-0.0352,1.155,0.009176
2026-08-29T03:34:57Z,CCUSDT,COOLING,NONE,0.0,0.0,0.0,9.04,0.0,1480.43,1486.46,True,False,0.0,77644.84,-0.0352,1.07,0.11065
2026-08-29T03:36:35Z,XRPUSDT,COOLING,NONE,0.0,0.0,0.0,2.17,0.0,85182.24,80993.13,True,False,0.0,77618.13,-0.0344,0.953,1.3807
2026-08-29T03:37:17Z,HBARUSDT,COOLING,NONE,0.0,0.0,0.0,1.32,0.0,44078.79,33289.71,True,False,0.0,77618.13,-0.0344,2.069,0.07565
2026-08-29T03:37:20Z,QAITUSDT,IMPULSE,NONE,0.0,0.0,0.0,65.84,0.0,1362.05,1116.95,True,False,0.0,77618.13,-0.0344,0.983,0.001976
2026-08-29T03:37:22Z,WUSDT,COOLING,NONE,0.0,0.0,0.0,7.65,0.0,11282.0,8326.94,True,False,0.0,77618.13,-0.0344,1.029,0.009156
2026-08-29T03:37:24Z,CCUSDT,COOLING,NONE,0.0,0.0,0.0,5.42,0.0,14573.22,1486.19,True,False,0.0,77618.13,-0.0344,1.027,0.11069
2026-08-29T03:39:16Z,XRPUSDT,COOLING,NONE,0.0,0.0,0.0,1.45,0.0,105431.68,90969.4,True,False,-0.0652,77599.99,-0.0234,41.226,1.3817
2026-08-29T03:39:18Z,HBARUSDT,COOLING,NONE,0.0,0.0,0.0,1.32,0.0,45087.16,33628.76,True,False,0.0,77599.99,-0.0234,1.049,0.07564
2026-08-29T03:39:21Z,QAITUSDT,IMPULSE,NONE,0.0,0.0,0.0,70.89,0.0,1362.05,1109.74,True,False,0.0,77599.99,-0.0234,1.053,0.001976
2026-08-29T03:39:22Z,WUSDT,COOLING,NONE,0.0,0.0,0.0,14.21,0.0,14883.48,9379.52,True,False,0.0,77599.99,-0.0234,0.923,0.009149
2026-08-29T03:39:25Z,CCUSDT,COOLING,NONE,0.0,0.0,0.0,5.43,0.0,1479.62,14562.17,True,False,0.0,77599.99,-0.0234,2.034,0.1106
2026-08-29T03:40:38Z,XRPUSDT,COOLING,NONE,0.0,0.0,0.0,1.45,0.0,77784.6,103027.29,True,False,0.0,77603.53,0.0046,0.888,1.3802
2026-08-29T03:41:23Z,HBARUSDT,COOLING,SELL,0.22,0.0,0.22,1.32,-0.0,41645.25,24817.57,True,False,0.0264,77603.53,0.0046,42.02,0.0756
2026-08-29T03:41:25Z,QAITUSDT,IMPULSE,NONE,0.0,0.0,0.0,70.89,0.0,1362.05,1109.74,True,False,0.0,77603.53,0.0046,1.026,0.001976
2026-08-29T03:41:27Z,WUSDT,COOLING,NONE,0.0,0.0,0.0,2.19,0.0,14883.48,9379.52,True,False,0.0,77603.53,0.0046,0.983,0.009139
2026-08-29T03:41:28Z,CCUSDT,COOLING,NONE,0.0,0.0,0.0,9.07,0.0,1776.02,8858.4,True,False,0.0,77603.53,0.0046,0.941,0.11036
2026-08-29T03:45:14Z,XRPUSDT,COOLING,NONE,0.0,0.0,0.0,1.45,-0.72,86044.01,73734.37,True,False,-0.0036,77643.82,0.0519,2.041,1.3822
2026-08-29T03:45:16Z,HBARUSDT,COOLING,NONE,0.0,0.0,0.0,1.32,0.0,37487.65,14476.34,True,False,0.0,77643.82,0.0519,1.978,0.07568
2026-08-29T03:45:58Z,QAITUSDT,IMPULSE,NONE,0.0,0.0,0.0,70.89,0.0,1362.05,1109.74,True,False,0.0,77643.82,0.0519,0.926,0.001976
2026-08-29T03:46:01Z,WUSDT,COOLING,NONE,0.0,0.0,0.0,20.81,9.86,15869.78,7170.14,True,False,-0.0493,77643.82,0.0519,1.023,0.009135
2026-08-29T03:46:43Z,CCUSDT,COOLING,SELL,0.15,0.0,0.15,5.44,-4.53,1574.75,1482.58,True,False,-0.0226,77643.82,0.0519,41.062,0.11045
2026-08-29T03:48:35Z,XRPUSDT,COOLING,NONE,0.0,0.0,0.0,2.9,0.72,90496.29,70213.22,True,False,0.0036,77581.75,-0.0799,0.95,1.3808
2026-08-29T03:48:39Z,HBARUSDT,COOLING,NONE,0.0,0.0,0.0,1.32,0.0,47020.15,31792.68,True,False,0.0,77581.75,-0.0799,1.052,0.07564
2026-08-29T03:49:21Z,QAITUSDT,IMPULSE,NONE,0.0,0.0,0.0,70.89,0.0,1362.05,1109.74,True,False,0.0,77581.75,-0.0799,0.907,0.001976
2026-08-29T03:49:23Z,WUSDT,COOLING,NONE,0.0,0.0,0.0,2.19,0.0,10296.21,6429.26,True,False,0.0,77581.75,-0.0799,0.988,0.009141
2026-08-29T03:49:25Z,CCUSDT,COOLING,NONE,0.0,0.0,0.0,7.26,-0.91,1531.16,1480.16,True,False,-0.0045,77581.75,-0.0799,0.943,0.11027
2026-08-29T03:49:57Z,XRPUSDT,COOLING,NONE,0.0,0.0,0.0,2.17,0.0,78345.69,110707.74,True,False,-0.0072,77579.22,-0.0033,0.955,1.3794
2026-08-29T03:50:40Z,HBARUSDT,COOLING,NONE,0.0,0.0,0.0,1.32,0.0,38949.82,14300.16,True,False,0.0,77579.22,-0.0033,2.047,0.07561
2026-08-29T03:51:23Z,QAITUSDT,IMPULSE,NONE,0.0,0.0,0.0,70.89,0.0,1362.05,1109.74,True,False,0.0,77579.22,-0.0033,1.018,0.001976
2026-08-29T03:52:04Z,WUSDT,COOLING,NONE,0.0,0.0,0.0,7.66,-2.19,10296.21,6429.26,True,False,-0.0109,77579.22,-0.0033,41.101,0.009135
2026-08-29T03:52:08Z,CCUSDT,COOLING,NONE,0.0,0.0,0.0,5.44,0.0,1475.47,8848.8,True,False,0.0,77579.22,-0.0033,2.201,0.11022
2026-08-29T03:57:56Z,XRPUSDT,COOLING,SELL,0.8,0.0,0.8,2.9,0.72,104100.86,87406.73,True,False,0.0109,77514.48,-0.0835,41.019,1.3794
2026-08-29T03:57:58Z,HBARUSDT,COOLING,NONE,0.0,0.0,0.0,1.33,0.0,25160.08,17017.74,True,False,0.0,77514.48,-0.0835,1.059,0.07542
2026-08-29T03:58:01Z,QAITUSDT,IMPULSE,NONE,0.0,0.0,0.0,70.89,0.0,1362.05,1109.74,True,False,0.0,77514.48,-0.0835,2.016,0.001976
2026-08-29T03:58:04Z,WUSDT,COOLING,NONE,0.0,0.0,0.0,7.68,0.0,9333.54,7327.94,True,False,0.0,77514.48,-0.0835,1.121,0.009119
2026-08-29T03:58:46Z,CCUSDT,COOLING,NONE,0.0,0.0,0.0,10.88,0.0,1475.34,1481.1,True,False,0.0,77514.48,-0.0835,1.002,0.11027
2026-08-29T04:00:08Z,XRPUSDT,COOLING,NONE,0.0,0.0,0.0,2.18,-0.72,67080.23,76586.59,True,False,-0.0036,77497.05,-0.0225,0.962,1.3793
2026-08-29T04:00:10Z,HBARUSDT,COOLING,NONE,0.0,0.0,0.0,1.33,0.0,37989.45,32903.37,True,False,0.0,77497.05,-0.0225,1.032,0.07542
2026-08-29T04:01:33Z,QAITUSDT,IMPULSE,NONE,0.0,0.0,0.0,70.89,0.0,1362.05,1109.74,True,False,0.0,77497.05,-0.0225,41.045,0.001976
2026-08-29T04:01:37Z,WUSDT,COOLING,NONE,0.0,0.0,0.0,13.18,0.0,9044.51,8506.33,True,False,0.0,77497.05,-0.0225,1.128,0.009102
2026-08-29T04:01:41Z,CCUSDT,COOLING,NONE,0.0,0.0,0.0,10.88,0.0,1775.93,1515.35,True,False,0.0,77497.05,-0.0225,1.065,0.11029
2026-08-29T04:02:12Z,XRPUSDT,COOLING,SELL,50.21,0.0,50.21,2.9,1.45,110833.86,55131.74,True,False,-0.0217,77509.59,0.0162,0.948,1.3803
2026-08-29T04:02:14Z,HBARUSDT,COOLING,NONE,0.0,0.0,0.0,1.33,0.0,41001.12,25366.6,True,False,0.0,77509.59,0.0162,1.058,0.07541
2026-08-29T04:02:16Z,QAITUSDT,IMPULSE,NONE,0.0,0.0,0.0,70.89,0.0,1362.05,1109.74,True,False,0.0,77509.59,0.0162,0.937,0.001976
2026-08-29T04:02:59Z,WUSDT,COOLING,NONE,0.0,0.0,0.0,10.99,0.0,9044.51,8506.33,True,False,0.0,77509.59,0.0162,1.907,0.009102
2026-08-29T04:03:02Z,CCUSDT,COOLING,NONE,0.0,0.0,0.0,7.25,0.0,1775.93,1515.35,True,False,0.0,77509.59,0.0162,1.166,0.11029
2026-08-29T04:06:05Z,XRPUSDT,COOLING,NONE,0.0,0.0,0.0,2.9,0.0,124631.43,96175.75,True,False,0.0,77554.99,0.0586,0.987,1.38
2026-08-29T04:06:09Z,HBARUSDT,COOLING,NONE,0.0,0.0,0.0,1.32,0.0,38759.39,17448.94,True,False,0.0,77554.99,0.0586,1.007,0.07547
2026-08-29T04:06:10Z,QAITUSDT,IMPULSE,NONE,0.0,0.0,0.0,70.89,0.0,1362.05,1109.74,True,False,0.0,77554.99,0.0586,0.936,0.001976
2026-08-29T04:06:12Z,WUSDT,COOLING,NONE,0.0,0.0,0.0,12.07,0.0,13174.36,9040.66,True,False,0.0,77554.99,0.0586,1.077,0.009117
2026-08-29T04:06:14Z,CCUSDT,COOLING,NONE,0.0,0.0,0.0,7.25,0.0,1476.28,1515.78,True,False,0.0,77554.99,0.0586,1.016,0.11029
2026-08-29T04:06:48Z,XRPUSDT,COOLING,NONE,0.0,0.0,0.0,1.45,0.0,112078.63,63586.93,True,False,0.0,77561.89,0.0089,0.928,1.3802
2026-08-29T04:06:51Z,HBARUSDT,COOLING,NONE,0.0,0.0,0.0,1.33,0.0,48696.12,31641.73,True,False,0.0,77561.89,0.0089,1.036,0.07546
2026-08-29T04:06:54Z,QAITUSDT,IMPULSE,NONE,0.0,0.0,0.0,70.89,0.0,1362.05,1109.74,True,False,0.0,77561.89,0.0089,0.954,0.001976
2026-08-29T04:06:56Z,WUSDT,COOLING,NONE,0.0,0.0,0.0,9.86,0.0,10019.53,5878.67,True,False,0.0,77561.89,0.0089,0.959,0.009116
2026-08-29T04:06:57Z,CCUSDT,COOLING,NONE,0.0,0.0,0.0,6.34,0.0,1477.5,1515.78,True,False,0.0,77561.89,0.0089,0.864,0.11034
2026-08-29T04:08:07Z,XRPUSDT,COOLING,NONE,0.0,0.0,0.0,2.18,0.0,74254.0,218544.78,True,False,0.0,77547.0,-0.0192,1.002,1.3793
2026-08-29T04:08:09Z,HBARUSDT,COOLING,NONE,0.0,0.0,0.0,1.33,0.0,37381.46,10167.72,True,False,0.0,77547.0,-0.0192,0.972,0.07547
2026-08-29T04:08:54Z,QAITUSDT,IMPULSE,NONE,0.0,0.0,0.0,70.89,0.0,1362.05,1109.74,True,False,0.0,77547.0,-0.0192,2.034,0.001976
2026-08-29T04:08:57Z,WUSDT,COOLING,NONE,0.0,0.0,0.0,12.07,0.0,16374.33,9040.66,True,False,0.0,77547.0,-0.0192,0.978,0.009112
2026-08-29T04:08:59Z,CCUSDT,COOLING,NONE,0.0,0.0,0.0,10.87,0.0,1478.01,1482.71,True,False,0.0,77547.0,-0.0192,0.971,0.11046
2026-08-29T04:11:58Z,XRPUSDT,COOLING,SELL,0.59,0.31,0.59,0.72,-0.72,137395.62,92767.1,True,False,0.0253,77569.99,0.0296,42.183,1.3814
2026-08-29T04:12:00Z,HBARUSDT,COOLING,NONE,0.0,0.0,0.0,1.33,0.0,13898.94,31220.5,True,False,0.0,77569.99,0.0296,0.982,0.07541
2026-08-29T04:12:02Z,QAITUSDT,IMPULSE,NONE,0.0,0.0,0.0,70.89,0.0,1362.05,1109.74,True,False,0.0,77569.99,0.0296,1.123,0.001976
2026-08-29T04:12:45Z,WUSDT,COOLING,NONE,0.0,0.0,0.0,8.76,0.0,9091.11,6500.21,True,False,0.0,77569.99,0.0296,1.106,0.009139
2026-08-29T04:13:27Z,CCUSDT,COOLING,NONE,0.0,0.0,0.0,7.23,-0.9,1478.82,9781.22,True,False,0.0045,77569.99,0.0296,1.007,0.11069
2026-08-29T04:14:01Z,XRPUSDT,COOLING,NONE,0.0,0.0,0.0,2.17,0.0,76720.23,78101.44,True,False,0.0,77575.65,0.0073,0.942,1.3817
2026-08-29T04:14:03Z,HBARUSDT,COOLING,NONE,0.0,0.0,0.0,1.33,0.0,53207.64,30639.31,True,False,0.0,77575.65,0.0073,1.033,0.07543
2026-08-29T04:14:45Z,QAITUSDT,IMPULSE,NONE,0.0,0.0,0.0,70.89,0.0,1362.05,1109.74,True,False,0.0,77575.65,0.0073,41.06,0.001976
2026-08-29T04:14:48Z,WUSDT,COOLING,NONE,0.0,0.0,0.0,9.86,0.0,14725.32,6989.96,True,False,0.0,77575.65,0.0073,2.03,0.009124
2026-08-29T04:14:50Z,CCUSDT,COOLING,NONE,0.0,0.0,0.0,9.04,0.0,1480.16,1485.79,True,False,0.0,77575.65,0.0073,0.99,0.11065
2026-08-29T04:16:04Z,XRPUSDT,COOLING,BUY,7.17,11.66,11.66,2.89,0.0,77404.86,65136.42,True,False,-0.0072,77584.99,0.012,0.99,1.3822
2026-08-29T04:16:45Z,HBARUSDT,COOLING,NONE,0.0,0.0,0.0,1.33,0.0,23573.6,28784.25,True,False,0.0,77584.99,0.012,1.004,0.07541
2026-08-29T04:16:48Z,QAITUSDT,IMPULSE,NONE,0.0,0.0,0.0,70.89,0.0,1362.05,1109.74,True,False,0.0,77584.99,0.012,0.961,0.001976
2026-08-29T04:16:51Z,WUSDT,COOLING,NONE,0.0,0.0,0.0,7.67,0.0,14725.32,6989.96,True,False,0.0,77584.99,0.012,1.046,0.009129
2026-08-29T04:16:54Z,CCUSDT,COOLING,NONE,0.0,0.0,0.0,5.42,-0.9,1481.59,1746.47,True,False,-0.0045,77584.99,0.012,1.04,0.11063
2026-08-29T04:19:55Z,XRPUSDT,COOLING,NONE,0.0,0.0,0.0,2.9,0.72,77693.25,108133.74,True,False,-0.0036,77590.48,0.0071,1.935,1.3809
2026-08-29T04:19:56Z,HBARUSDT,COOLING,NONE,0.0,0.0,0.0,1.33,0.0,34189.78,14113.97,True,False,0.0,77590.48,0.0071,0.922,0.07538
2026-08-29T04:20:01Z,QAITUSDT,IMPULSE,NONE,0.0,0.0,0.0,65.84,0.0,1362.05,1109.74,True,False,0.0,77590.48,0.0071,1.959,0.001976
2026-08-29T04:20:03Z,WUSDT,COOLING,NONE,0.0,0.0,0.0,13.11,0.0,15102.91,5909.62,True,False,0.0,77590.48,0.0071,0.932,0.009154
2026-08-29T04:20:07Z,CCUSDT,COOLING,SELL,47.05,0.0,47.05,9.04,-0.9,14718.78,1487.14,True,False,0.0045,77590.48,0.0071,1.911,0.11072
2026-08-29T04:20:38Z,XRPUSDT,COOLING,NONE,0.0,0.0,0.0,1.45,0.0,120045.77,80079.31,True,False,0.0,77587.82,-0.0034,0.961,1.3805
2026-08-29T04:20:39Z,HBARUSDT,COOLING,NONE,0.0,0.0,0.0,1.33,0.0,34189.78,28302.5,True,False,0.0,77587.82,-0.0034,0.987,0.07538
2026-08-29T04:20:41Z,QAITUSDT,IMPULSE,NONE,0.0,0.0,0.0,65.84,0.0,1362.05,1109.74,True,False,0.0,77587.82,-0.0034,0.906,0.001976
2026-08-29T04:20:43Z,WUSDT,COOLING,NONE,0.0,0.0,0.0,9.83,0.0,15102.91,5909.62,True,False,0.0,77587.82,-0.0034,1.019,0.009155
2026-08-29T04:21:26Z,CCUSDT,COOLING,NONE,0.0,0.0,0.0,5.42,-0.9,1481.34,1487.14,True,False,0.0045,77587.82,-0.0034,1.947,0.11066
2026-08-29T04:23:16Z,XRPUSDT,COOLING,NONE,0.0,0.0,0.0,2.9,-0.72,71116.11,106641.34,True,False,0.0036,77600.0,0.0157,1.029,1.3815
2026-08-29T04:23:19Z,HBARUSDT,COOLING,NONE,0.0,0.0,0.0,1.33,0.0,37463.59,28066.98,True,False,0.0,77600.0,0.0157,1.022,0.07538
2026-08-29T04:23:20Z,QAITUSDT,IMPULSE,NONE,0.0,0.0,0.0,65.84,0.0,1362.05,1109.74,True,False,0.0,77600.0,0.0157,0.936,0.001976
2026-08-29T04:23:22Z,WUSDT,COOLING,NONE,0.0,0.0,0.0,18.53,0.0,14058.12,3053.0,True,False,0.0,77600.0,0.0157,0.947,0.009196
2026-08-29T04:23:24Z,CCUSDT,COOLING,NONE,0.0,0.0,0.0,7.22,0.0,1482.17,1488.84,True,False,0.0,77600.0,0.0157,1.016,0.11073
2026-08-29T04:25:03Z,XRPUSDT,COOLING,NONE,0.0,0.0,0.0,2.17,0.72,79955.15,92279.98,True,False,0.0036,77600.0,0.0,0.998,1.3824
2026-08-29T04:25:06Z,HBARUSDT,COOLING,NONE,0.0,0.0,0.0,2.65,1.33,33781.74,12760.55,True,False,-0.0066,77600.0,0.0,2.09,0.07545
2026-08-29T04:25:08Z,QAITUSDT,IMPULSE,NONE,0.0,0.0,0.0,65.84,0.0,1362.05,1109.74,True,False,0.0,77600.0,0.0,2.029,0.001976
2026-08-29T04:25:11Z,WUSDT,COOLING,NONE,0.0,0.0,0.0,11.97,0.0,15426.07,4895.06,True,False,0.0,77600.0,0.0,0.962,0.009185
2026-08-29T04:25:13Z,CCUSDT,COOLING,NONE,0.0,0.0,0.0,9.02,1.8,1483.25,1488.07,True,False,0.009,77600.0,0.0,0.968,0.11081
2026-08-29T04:26:25Z,XRPUSDT,COOLING,NONE,0.0,0.0,0.0,1.45,0.0,104872.13,104612.52,True,False,0.0,77604.42,0.0057,0.888,1.3818
2026-08-29T04:27:06Z,HBARUSDT,COOLING,BUY,0.0,20.19,20.19,1.33,0.0,39030.75,17383.42,True,False,0.0,77604.42,0.0057,0.896,0.07546
2026-08-29T04:27:09Z,QAITUSDT,IMPULSE,NONE,0.0,0.0,0.0,65.84,0.0,1362.05,1109.74,True,False,0.0,77604.42,0.0057,2.024,0.001976
2026-08-29T04:27:12Z,WUSDT,COOLING,NONE,0.0,0.0,0.0,6.52,0.0,10209.28,4500.67,True,False,0.0,77604.42,0.0057,1.979,0.009202
2026-08-29T04:27:15Z,CCUSDT,COOLING,NONE,0.0,0.0,0.0,8.12,0.0,14787.06,1488.74,True,False,0.0,77604.42,0.0057,0.94,0.11085
2026-08-29T04:29:50Z,XRPUSDT,COOLING,NONE,0.0,0.0,0.0,2.17,0.72,77886.33,108640.95,True,False,0.0109,77594.01,-0.0134,1.014,1.3814
2026-08-29T04:29:53Z,HBARUSDT,COOLING,SELL,21.69,0.0,21.69,1.33,-0.0,45964.67,32050.69,True,False,0.0133,77594.01,-0.0134,1.981,0.07544
2026-08-29T04:31:17Z,QAITUSDT,IMPULSE,NONE,0.0,0.0,0.0,65.84,0.0,1362.05,1109.74,True,False,0.0,77594.01,-0.0134,2.015,0.001976
2026-08-29T04:31:19Z,WUSDT,COOLING,NONE,0.0,0.0,0.0,9.78,0.0,13721.25,6201.3,True,False,0.0,77594.01,-0.0134,1.059,0.009204
2026-08-29T04:31:21Z,CCUSDT,COOLING,NONE,0.0,0.0,0.0,9.02,0.0,1517.67,1488.74,True,False,0.0,77594.01,-0.0134,0.959,0.11094
2026-08-29T04:33:43Z,XRPUSDT,COOLING,NONE,0.0,0.0,0.0,2.17,0.0,86765.75,131839.42,True,False,0.0,77584.12,-0.0127,0.893,1.3814
2026-08-29T04:33:45Z,HBARUSDT,COOLING,NONE,0.0,0.0,0.0,1.33,0.0,42008.37,30243.64,True,False,0.0,77584.12,-0.0127,0.897,0.0754
2026-08-29T04:33:47Z,QAITUSDT,IMPULSE,NONE,0.0,0.0,0.0,65.84,0.0,1362.05,1109.74,True,False,0.0,77584.12,-0.0127,0.978,0.001976
2026-08-29T04:33:49Z,WUSDT,COOLING,NONE,0.0,0.0,0.0,13.02,0.0,10018.52,7034.4,True,False,0.0,77584.12,-0.0127,0.985,0.009217
2026-08-29T04:33:52Z,CCUSDT,COOLING,NONE,0.0,0.0,0.0,6.31,0.0,1485.25,1491.3,True,False,0.0,77584.12,-0.0127,0.957,0.11093
2026-08-29T04:35:01Z,XRPUSDT,COOLING,NONE,0.0,0.0,0.0,2.17,-0.72,100945.77,99057.47,True,False,-0.0109,77578.56,-0.0072,2.095,1.3811
2026-08-29T04:35:45Z,HBARUSDT,COOLING,NONE,0.0,0.0,0.0,1.33,0.0,26742.86,16983.46,True,False,0.0,77578.56,-0.0072,0.889,0.07542
2026-08-29T04:36:27Z,QAITUSDT,IMPULSE,NONE,0.0,0.0,0.0,65.84,0.0,1362.05,1109.74,True,False,0.0,77578.56,-0.0072,40.954,0.001976
2026-08-29T04:36:29Z,WUSDT,COOLING,NONE,0.0,0.0,0.0,11.93,0.0,9210.35,9249.6,True,False,0.0,77578.56,-0.0072,0.933,0.009219
2026-08-29T04:36:32Z,CCUSDT,COOLING,NONE,0.0,0.0,0.0,7.21,0.0,1483.25,1488.74,True,False,0.0,77578.56,-0.0072,1.978,0.1109
2026-08-29T04:37:02Z,XRPUSDT,COOLING,NONE,0.0,0.0,0.0,2.17,0.0,142509.75,91051.59,True,False,0.0,77598.83,0.0261,0.946,1.3804
2026-08-29T04:37:04Z,HBARUSDT,COOLING,NONE,0.0,0.0,0.0,1.33,0.0,20776.2,27130.27,True,False,0.0,77598.83,0.0261,0.89,0.07544
2026-08-29T04:37:05Z,QAITUSDT,IMPULSE,NONE,0.0,0.0,0.0,65.84,0.0,1362.05,1109.74,True,False,0.0,77598.83,0.0261,0.901,0.001976
2026-08-29T04:37:07Z,WUSDT,COOLING,NONE,0.0,0.0,0.0,11.93,0.0,9210.35,9249.6,True,False,0.0,77598.83,0.0261,0.861,0.009226
2026-08-29T04:37:09Z,CCUSDT,COOLING,NONE,0.0,0.0,0.0,9.92,0.0,1483.25,1488.74,True,False,0.0,77598.83,0.0261,0.917,0.11091
2026-08-29T04:40:43Z,XRPUSDT,COOLING,NONE,0.0,0.0,0.0,2.17,0.0,64583.81,71119.95,True,False,-0.0217,77615.0,0.0208,40.998,1.3816
2026-08-29T04:40:46Z,HBARUSDT,COOLING,NONE,0.0,0.0,0.0,1.32,0.0,38522.28,36890.53,True,False,0.0,77615.0,0.0208,0.963,0.07547
2026-08-29T04:40:48Z,QAITUSDT,IMPULSE,NONE,0.0,0.0,0.0,65.84,0.0,1362.05,1109.74,True,False,0.0,77615.0,0.0208,0.906,0.001976
2026-08-29T04:40:50Z,WUSDT,COOLING,NONE,0.0,0.0,0.0,14.08,0.0,10093.39,8258.12,True,False,0.0,77615.0,0.0208,0.967,0.009244
2026-08-29T04:40:52Z,CCUSDT,COOLING,NONE,0.0,0.0,0.0,8.1,0.9,1485.79,1491.29,True,False,0.0045,77615.0,0.0208,1.002,0.11102
2026-08-29T04:41:20Z,XRPUSDT,COOLING,NONE,0.0,0.0,0.0,2.17,0.0,81218.33,103057.39,True,False,0.0,77615.0,0.0,1.028,1.3819
2026-08-29T04:42:01Z,HBARUSDT,COOLING,NONE,0.0,0.0,0.0,1.32,0.0,19958.52,34145.16,True,False,0.0,77615.0,0.0,0.967,0.0755
2026-08-29T04:42:03Z,QAITUSDT,IMPULSE,NONE,0.0,0.0,0.0,65.84,0.0,1362.05,1109.74,True,False,0.0,77615.0,0.0,0.973,0.001976
2026-08-29T04:42:04Z,WUSDT,COOLING,NONE,0.0,0.0,0.0,10.86,0.0,9612.02,4230.82,True,False,0.0,77615.0,0.0,0.999,0.009203
2026-08-29T04:42:07Z,CCUSDT,COOLING,NONE,0.0,0.0,0.0,7.2,0.0,1485.79,1492.22,True,False,0.0,77615.0,0.0,1.945,0.11111
2026-08-29T04:43:16Z,XRPUSDT,COOLING,NONE,0.0,0.0,0.0,2.9,0.72,95930.06,97656.09,True,False,0.0036,77592.16,-0.0294,1.065,1.3806
2026-08-29T04:43:18Z,HBARUSDT,COOLING,NONE,0.0,0.0,0.0,1.32,0.0,48548.34,33090.41,True,False,0.0,77592.16,-0.0294,1.01,0.07549
2026-08-29T04:44:00Z,QAITUSDT,IMPULSE,NONE,0.0,0.0,0.0,65.84,0.0,1362.05,1109.74,True,False,0.0,77592.16,-0.0294,1.004,0.001976
2026-08-29T04:44:01Z,WUSDT,COOLING,BUY,0.0,21.04,21.04,16.33,0.0,14182.69,3294.75,True,False,0.0,77592.16,-0.0294,1.014,0.009189
2026-08-29T04:44:03Z,CCUSDT,COOLING,NONE,0.0,0.0,0.0,9.9,0.0,1485.79,1492.22,True,False,0.0,77592.16,-0.0294,0.923,0.11107
2026-08-29T04:44:59Z,XRPUSDT,COOLING,NONE,0.0,0.0,0.0,1.45,0.0,74364.22,133082.61,True,False,0.0,77609.6,0.0225,0.941,1.3811
2026-08-29T04:45:42Z,HBARUSDT,COOLING,NONE,0.0,0.0,0.0,1.32,0.0,14218.71,33859.12,True,False,0.0,77609.6,0.0225,1.176,0.07552
2026-08-29T04:45:44Z,QAITUSDT,IMPULSE,NONE,0.0,0.0,0.0,65.84,0.0,1362.05,1109.74,True,False,0.0,77609.6,0.0225,0.98,0.001976
2026-08-29T04:46:32Z,WUSDT,COOLING,NONE,0.0,0.0,0.0,13.07,0.0,9710.72,3357.04,True,False,0.0,77609.6,0.0225,0.966,0.009176
2026-08-29T04:46:35Z,CCUSDT,COOLING,NONE,0.0,0.0,0.0,3.6,0.0,1485.79,1491.69,True,False,0.0,77609.6,0.0225,0.993,0.11111
2026-08-29T04:47:49Z,XRPUSDT,COOLING,BUY,0.0,5.44,5.44,1.45,0.72,83673.06,46397.48,True,False,-0.0036,77614.99,0.0069,0.998,1.3822
2026-08-29T04:48:32Z,HBARUSDT,COOLING,NONE,0.0,0.0,0.0,1.32,0.0,33726.16,35320.69,True,False,0.0,77614.99,0.0069,0.996,0.07553
2026-08-29T04:48:33Z,QAITUSDT,IMPULSE,NONE,0.0,0.0,0.0,65.84,0.0,1362.05,1109.74,True,False,0.0,77614.99,0.0069,1.078,0.001976
2026-08-29T04:48:36Z,WUSDT,COOLING,NONE,0.0,0.0,0.0,6.51,0.0,15785.33,3226.09,True,False,0.0,77614.99,0.0069,0.973,0.009204
2026-08-29T04:48:38Z,CCUSDT,COOLING,NONE,0.0,0.0,0.0,9.9,0.0,834.59,1494.01,True,False,0.0,77614.99,0.0069,0.944,0.11115
2026-08-29T04:49:10Z,XRPUSDT,COOLING,NONE,0.0,0.0,0.0,1.45,0.0,87028.77,139741.22,True,False,0.0,77622.05,0.0091,0.973,1.3817
2026-08-29T04:49:13Z,HBARUSDT,COOLING,NONE,0.0,0.0,0.0,1.32,0.0,39824.73,34312.17,True,False,0.0,77622.05,0.0091,1.874,0.07556
2026-08-29T04:49:16Z,QAITUSDT,IMPULSE,NONE,0.0,0.0,0.0,65.84,0.0,1362.05,1109.74,True,False,0.0,77622.05,0.0091,0.889,0.001976
2026-08-29T04:49:18Z,WUSDT,COOLING,NONE,0.0,0.0,0.0,13.0,0.0,14453.34,9245.75,True,False,0.0,77622.05,0.0091,1.903,0.009219
2026-08-29T04:49:20Z,CCUSDT,COOLING,NONE,0.0,0.0,0.0,8.1,0.0,1488.53,1492.63,True,False,0.0,77622.05,0.0091,0.982,0.11117
2026-08-29T04:51:45Z,XRPUSDT,COOLING,BUY,0.0,40.41,40.41,2.17,0.0,86178.26,83308.53,True,False,0.0,77634.19,0.0156,1.039,1.3844
2026-08-29T04:52:27Z,HBARUSDT,COOLING,NONE,0.0,0.0,0.0,1.32,-0.0,40027.76,22215.33,True,False,0.0265,77634.19,0.0156,41.035,0.07548
2026-08-29T04:52:28Z,QAITUSDT,IMPULSE,NONE,0.0,0.0,0.0,10.17,0.0,1308.99,1106.56,True,False,0.0,77634.19,0.0156,0.913,0.001968
2026-08-29T04:52:30Z,WUSDT,COOLING,NONE,0.0,0.0,0.0,15.14,8.65,8963.87,10185.78,True,False,-0.0432,77634.19,0.0156,0.986,0.009253
2026-08-29T04:52:32Z,CCUSDT,COOLING,NONE,0.0,0.0,0.0,7.19,0.0,1488.53,1491.02,True,False,0.0,77634.19,0.0156,0.892,0.11121
2026-08-29T04:53:02Z,XRPUSDT,COOLING,NONE,0.0,0.0,0.0,0.72,0.0,67775.73,111277.16,True,False,0.0,77629.99,-0.0054,0.953,1.3833
2026-08-29T04:53:44Z,HBARUSDT,COOLING,NONE,0.0,0.0,0.0,1.32,0.0,42362.48,35920.52,True,False,0.0,77629.99,-0.0054,1.005,0.07545
2026-08-29T04:53:46Z,QAITUSDT,IMPULSE,NONE,0.0,0.0,0.0,10.17,0.0,1308.99,1106.56,True,False,0.0,77629.99,-0.0054,1.046,0.001968
2026-08-29T04:53:48Z,WUSDT,COOLING,NONE,0.0,0.0,0.0,10.82,0.0,8901.04,8414.51,True,False,0.0,77629.99,-0.0054,0.99,0.009245
2026-08-29T04:53:51Z,CCUSDT,COOLING,NONE,0.0,0.0,0.0,7.19,-0.9,1488.53,1491.02,True,False,-0.0045,77629.99,-0.0054,1.937,0.11121
2026-08-29T04:55:04Z,XRPUSDT,COOLING,NONE,0.0,0.0,0.0,1.44,0.0,83257.06,71522.15,True,False,0.0,77652.6,0.0291,0.965,1.384
2026-08-29T04:55:45Z,HBARUSDT,COOLING,NONE,0.0,0.0,0.0,1.32,0.0,48306.09,36164.92,True,False,0.0,77652.6,0.0291,0.972,0.0755
2026-08-29T04:56:27Z,QAITUSDT,IMPULSE,NONE,0.0,0.0,0.0,10.17,0.0,1308.99,1106.56,True,False,0.0,77652.6,0.0291,1.078,0.001968
2026-08-29T04:56:30Z,WUSDT,COOLING,BUY,24.02,42.49,42.49,16.26,2.18,11799.58,4707.26,True,False,-0.0866,77652.6,0.0291,0.917,0.009232
2026-08-29T04:56:32Z,CCUSDT,COOLING,NONE,0.0,0.0,0.0,6.29,0.0,1487.53,1491.02,True,False,0.0,77652.6,0.0291,0.975,0.11122
2026-08-29T04:58:15Z,XRPUSDT,COOLING,BUY,0.0,19.64,19.64,2.89,0.72,78323.47,91239.63,True,False,0.0686,77619.36,-0.0428,1.872,1.3845
2026-08-29T04:58:17Z,HBARUSDT,COOLING,NONE,0.0,0.0,0.0,1.32,0.0,34839.8,37957.52,True,False,0.0,77619.36,-0.0428,1.073,0.07547
2026-08-29T04:58:19Z,QAITUSDT,IMPULSE,NONE,0.0,0.0,0.0,10.17,0.0,1025.17,1106.56,True,False,0.0,77619.36,-0.0428,0.941,0.001968
2026-08-29T04:58:21Z,WUSDT,COOLING,NONE,0.0,0.0,0.0,13.0,0.0,10327.09,3867.84,True,False,0.0,77619.36,-0.0428,1.082,0.009225
2026-08-29T04:58:23Z,CCUSDT,COOLING,NONE,0.0,0.0,0.0,8.1,0.0,1486.6,1493.29,True,False,0.0,77619.36,-0.0428,1.017,0.11116
2026-08-29T05:00:17Z,XRPUSDT,COOLING,BUY,0.0,23.11,23.11,1.44,-0.72,89155.08,98138.51,True,True,-0.0036,77643.62,0.0313,1.076,1.3862
2026-08-29T05:00:20Z,HBARUSDT,COOLING,NONE,0.0,0.0,0.0,1.33,0.0,37773.64,13091.43,True,False,0.0,77643.62,0.0313,1.912,0.07543
2026-08-29T05:01:04Z,QAITUSDT,IMPULSE,NONE,0.0,0.0,0.0,10.17,0.0,1025.17,1106.56,True,False,0.0,77643.62,0.0313,42.026,0.001968
2026-08-29T05:01:06Z,WUSDT,COOLING,NONE,0.0,0.0,0.0,9.75,0.0,10327.09,5584.15,True,False,0.0,77643.62,0.0313,1.257,0.009231
2026-08-29T05:01:08Z,CCUSDT,COOLING,NONE,0.0,0.0,0.0,9.0,-0.9,1487.36,1492.45,True,False,-0.0045,77643.62,0.0313,1.005,0.1111
2026-08-29T05:01:42Z,XRPUSDT,COOLING,NONE,0.0,0.0,0.0,0.72,-0.72,131242.14,108736.16,True,False,0.0036,77620.39,-0.0299,1.012,1.3854
2026-08-29T05:01:45Z,HBARUSDT,COOLING,NONE,0.0,0.0,0.0,1.33,0.0,42763.22,28306.98,True,False,0.0,77620.39,-0.0299,1.019,0.07542
2026-08-29T05:01:48Z,QAITUSDT,IMPULSE,NONE,0.0,0.0,0.0,10.17,0.0,1025.17,1106.56,True,False,0.0,77620.39,-0.0299,0.985,0.001968
2026-08-29T05:01:50Z,WUSDT,COOLING,NONE,0.0,0.0,0.0,7.57,0.0,15986.78,4474.71,True,False,0.0,77620.39,-0.0299,1.041,0.009241
2026-08-29T05:01:52Z,CCUSDT,COOLING,NONE,0.0,0.0,0.0,8.1,0.0,1485.93,1492.45,True,False,0.0,77620.39,-0.0299,1.056,0.1111
2026-08-29T05:05:39Z,XRPUSDT,COOLING,SELL,3.94,0.0,3.94,2.16,-0.72,124636.23,53101.92,True,False,-0.0108,77652.43,0.0413,1.011,1.386
2026-08-29T05:05:41Z,HBARUSDT,COOLING,BUY,0.0,30.42,30.42,1.32,0.0,23448.81,33915.24,True,False,0.0,77652.43,0.0413,1.969,0.07548
2026-08-29T05:05:44Z,QAITUSDT,IMPULSE,NONE,0.0,0.0,0.0,10.17,0.0,1025.17,1106.56,True,False,0.0,77652.43,0.0413,2.01,0.001968
2026-08-29T05:06:26Z,WUSDT,COOLING,NONE,0.0,0.0,0.0,12.97,0.0,13910.32,6265.81,True,False,0.0,77652.43,0.0413,1.054,0.009255
2026-08-29T05:06:30Z,REDUSDT,COOLING,NONE,0.0,0.0,0.0,13.81,0.0,1807.87,1061.37,True,False,0.0,77652.43,0.0413,1.043,0.10866
2026-08-29T05:09:03Z,XRPUSDT,COOLING,BUY,0.0,11.06,11.06,2.88,0.0,62412.25,88647.42,True,False,0.0,77669.8,0.0224,0.932,1.3869
2026-08-29T05:09:05Z,HBARUSDT,COOLING,NONE,0.0,0.0,0.0,1.32,0.0,49240.27,32473.61,True,False,0.0,77669.8,0.0224,0.873,0.07553
2026-08-29T05:09:06Z,QAITUSDT,IMPULSE,NONE,0.0,0.0,0.0,10.17,0.0,1025.17,1106.56,True,False,0.0,77669.8,0.0224,0.974,0.001968
2026-08-29T05:09:09Z,WUSDT,COOLING,BUY,0.0,1.64,1.64,19.52,0.0,8926.32,4377.06,True,False,0.0,77669.8,0.0224,1.93,0.009209
2026-08-29T05:09:12Z,REDUSDT,COOLING,NONE,0.0,0.0,0.0,17.48,0.0,5214.87,5383.18,True,False,0.0,77669.8,0.0224,1.002,0.10881
2026-08-29T05:11:00Z,XRPUSDT,COOLING,NONE,0.0,0.0,0.0,1.44,0.0,110859.78,99847.14,True,False,0.0,77667.3,-0.0032,0.964,1.3869
2026-08-29T05:11:01Z,HBARUSDT,COOLING,SELL,12.56,0.0,12.56,1.32,-1.32,54379.78,30680.68,True,False,0.0066,77667.3,-0.0032,0.99,0.0755
2026-08-29T05:11:04Z,QAITUSDT,IMPULSE,NONE,0.0,0.0,0.0,10.17,0.0,1025.17,1106.56,True,False,0.0,77667.3,-0.0032,0.983,0.001968
2026-08-29T05:11:07Z,WUSDT,COOLING,NONE,0.0,0.0,0.0,9.76,0.0,14551.38,4233.61,True,False,0.0,77667.3,-0.0032,1.04,0.009219
2026-08-29T05:11:09Z,REDUSDT,COOLING,NONE,0.0,0.0,0.0,14.72,0.0,6250.18,5123.61,True,False,0.0,77667.3,-0.0032,1.244,0.10865
2026-08-29T05:12:49Z,XRPUSDT,COOLING,SELL,28.41,0.0,28.41,1.44,0.0,138560.28,89364.11,True,False,-0.0072,77689.99,0.0292,1.914,1.3884
2026-08-29T05:12:50Z,HBARUSDT,COOLING,NONE,0.0,0.0,0.0,1.32,0.0,30398.61,34889.37,True,False,0.0,77689.99,0.0292,1.023,0.07553
2026-08-29T05:12:52Z,QAITUSDT,IMPULSE,NONE,0.0,0.0,0.0,10.17,0.0,1025.17,1106.56,True,False,0.0,77689.99,0.0292,0.949,0.001968
2026-08-29T05:12:54Z,WUSDT,COOLING,NONE,0.0,0.0,0.0,13.02,0.0,14550.94,4233.61,True,False,0.0,77689.99,0.0292,0.975,0.009222
2026-08-29T05:12:56Z,REDUSDT,COOLING,NONE,0.0,0.0,0.0,13.81,0.0,2318.05,1061.37,True,False,0.0,77689.99,0.0292,0.974,0.10867
2026-08-29T05:14:45Z,XRPUSDT,COOLING,NONE,0.0,0.0,0.0,1.44,0.0,73511.51,88493.49,True,False,0.0,77697.06,0.0091,0.963,1.3876
2026-08-29T05:14:50Z,HBARUSDT,COOLING,NONE,0.0,0.0,0.0,1.32,0.0,48710.39,39771.55,True,False,0.0,77697.06,0.0091,1.893,0.0756
2026-08-29T05:14:54Z,QAITUSDT,IMPULSE,NONE,0.0,0.0,0.0,10.17,0.0,1025.17,1106.56,True,False,0.0,77697.06,0.0091,1.894,0.001968
2026-08-29T05:14:56Z,WUSDT,COOLING,NONE,0.0,0.0,0.0,9.77,0.0,8926.86,4233.61,True,False,0.0,77697.06,0.0091,0.977,0.009217
2026-08-29T05:14:58Z,REDUSDT,COOLING,NONE,0.0,0.0,0.0,10.11,0.0,6330.36,4452.47,True,False,0.0,77697.06,0.0091,0.989,0.10867
2026-08-29T05:16:11Z,XRPUSDT,COOLING,BUY,0.0,1.14,1.14,2.88,0.0,96976.97,121187.4,True,False,-0.0144,77695.38,-0.0022,41.272,1.388
2026-08-29T05:16:14Z,HBARUSDT,COOLING,NONE,0.0,0.0,0.0,1.32,0.0,37418.64,33184.47,True,False,0.0,77695.38,-0.0022,2.359,0.07559
2026-08-29T05:16:56Z,QAITUSDT,IMPULSE,NONE,0.0,0.0,0.0,10.17,0.0,1025.17,1106.56,True,False,0.0,77695.38,-0.0022,0.934,0.001968
2026-08-29T05:16:59Z,WUSDT,COOLING,NONE,0.0,0.0,0.0,13.02,0.0,8926.86,4233.61,True,False,0.0,77695.38,-0.0022,1.127,0.009218
2026-08-29T05:17:00Z,REDUSDT,COOLING,NONE,0.0,0.0,0.0,11.96,0.0,5587.66,4515.7,True,False,0.0,77695.38,-0.0022,0.899,0.10882
2026-08-29T05:22:42Z,XRPUSDT,COOLING,NONE,0.0,0.0,0.0,1.44,0.0,102233.69,81949.45,True,False,0.0,77674.39,-0.027,0.939,1.3874
2026-08-29T05:22:43Z,HBARUSDT,COOLING,NONE,0.0,0.0,0.0,1.32,0.0,34133.63,17122.08,True,False,0.0,77674.39,-0.027,1.078,0.0755
2026-08-29T05:23:25Z,QAITUSDT,IMPULSE,NONE,0.0,0.0,0.0,10.17,0.0,1025.17,1106.56,True,False,0.0,77674.39,-0.027,1.022,0.001968
2026-08-29T05:23:27Z,WUSDT,COOLING,NONE,0.0,0.0,0.0,9.77,0.0,9262.46,4853.0,True,False,0.0,77674.39,-0.027,1.014,0.009214
2026-08-29T05:23:29Z,REDUSDT,COOLING,NONE,0.0,0.0,0.0,13.81,0.0,5025.15,6345.95,True,False,0.0,77674.39,-0.027,1.01,0.10873
2026-08-29T05:23:57Z,XRPUSDT,COOLING,BUY,0.0,45.77,45.77,2.16,-0.72,99406.62,54604.79,True,False,0.0036,77637.98,-0.0469,0.918,1.3864
2026-08-29T05:23:59Z,HBARUSDT,COOLING,NONE,0.0,0.0,0.0,1.32,0.0,23956.91,16774.46,True,False,0.0,77637.98,-0.0469,1.97,0.07545
2026-08-29T05:24:01Z,QAITUSDT,IMPULSE,NONE,0.0,0.0,0.0,10.17,0.0,1025.17,1106.56,True,False,0.0,77637.98,-0.0469,1.025,0.001968
2026-08-29T05:24:04Z,WUSDT,COOLING,NONE,0.0,0.0,0.0,10.86,0.0,8917.08,3639.65,True,False,0.0,77637.98,-0.0469,0.919,0.009208
2026-08-29T05:24:06Z,REDUSDT,COOLING,NONE,0.0,0.0,0.0,13.81,0.0,4898.84,6345.95,True,False,0.0,77637.98,-0.0469,0.97,0.10867
2026-08-29T05:24:38Z,XRPUSDT,COOLING,NONE,0.0,0.0,0.0,2.16,0.0,90765.56,90327.35,True,False,0.0,77660.0,0.0284,1.061,1.3874
2026-08-29T05:24:40Z,HBARUSDT,COOLING,NONE,0.0,0.0,0.0,1.32,0.0,38545.5,26804.1,True,False,0.0,77660.0,0.0284,1.02,0.0755
2026-08-29T05:25:23Z,QAITUSDT,IMPULSE,NONE,0.0,0.0,0.0,10.17,0.0,1025.17,1106.56,True,False,0.0,77660.0,0.0284,1.057,0.001968
2026-08-29T05:25:25Z,WUSDT,COOLING,NONE,0.0,0.0,0.0,10.86,0.0,8917.08,3639.65,True,False,0.0,77660.0,0.0284,0.886,0.00921
2026-08-29T05:26:07Z,REDUSDT,COOLING,NONE,0.0,0.0,0.0,13.81,0.0,6357.21,5203.42,True,False,0.0,77660.0,0.0284,0.953,0.10868
2026-08-29T05:30:27Z,XRPUSDT,COOLING,BUY,0.0,0.8,0.8,2.16,-0.72,73234.72,69297.73,True,False,-0.0036,77652.42,-0.0098,0.897,1.3877
2026-08-29T05:30:30Z,HBARUSDT,COOLING,NONE,0.0,0.0,0.0,1.32,0.0,29974.59,31665.05,True,False,0.0,77652.42,-0.0098,1.157,0.07553
2026-08-29T05:31:12Z,QAITUSDT,IMPULSE,NONE,0.0,0.0,0.0,10.17,0.0,1025.17,1106.56,True,False,0.0,77652.42,-0.0098,1.012,0.001968
2026-08-29T05:31:14Z,WUSDT,COOLING,NONE,0.0,0.0,0.0,13.02,0.0,8926.86,3477.76,True,False,0.0,77652.42,-0.0098,1.027,0.009217
2026-08-29T05:31:17Z,REDUSDT,COOLING,NONE,0.0,0.0,0.0,13.81,0.0,2394.97,935.07,True,False,0.0,77652.42,-0.0098,2.047,0.10867
2026-08-29T05:32:29Z,XRPUSDT,COOLING,NONE,0.0,0.0,0.0,2.88,0.0,80910.01,130337.06,True,False,0.0,77652.42,0.0,0.944,1.3874
2026-08-29T05:32:31Z,HBARUSDT,COOLING,NONE,0.0,0.0,0.0,1.32,0.0,49196.45,29140.89,True,False,0.0,77652.42,0.0,0.985,0.07548
2026-08-29T05:32:33Z,QAITUSDT,IMPULSE,NONE,0.0,0.0,0.0,20.35,0.0,1025.17,1106.56,True,False,0.0,77652.42,0.0,0.927,0.001968
2026-08-29T05:32:35Z,WUSDT,COOLING,NONE,0.0,0.0,0.0,10.84,0.0,14563.69,4377.06,True,False,0.0,77652.42,0.0,0.952,0.009218
2026-08-29T05:32:36Z,REDUSDT,COOLING,NONE,0.0,0.0,0.0,13.81,0.0,6303.62,5020.62,True,False,0.0,77652.42,0.0,0.993,0.10872
2026-08-29T05:35:12Z,XRPUSDT,COOLING,NONE,0.0,0.0,0.0,2.16,0.0,97048.72,68937.6,True,False,0.0,77648.01,-0.0057,1.071,1.3862
2026-08-29T05:35:14Z,HBARUSDT,COOLING,NONE,0.0,0.0,0.0,1.33,0.0,28471.84,31389.22,True,False,0.0,77648.01,-0.0057,0.961,0.07543
2026-08-29T05:35:16Z,QAITUSDT,IMPULSE,NONE,0.0,0.0,0.0,20.35,0.0,1025.17,1106.56,True,False,0.0,77648.01,-0.0057,1.028,0.001968
2026-08-29T05:35:17Z,WUSDT,COOLING,NONE,0.0,0.0,0.0,11.95,0.0,9252.32,3639.65,True,False,0.0,77648.01,-0.0057,0.962,0.009208
2026-08-29T05:35:59Z,REDUSDT,COOLING,NONE,0.0,0.0,0.0,11.98,0.0,5903.65,4957.91,True,False,0.0,77648.01,-0.0057,40.978,0.10858
2026-08-29T05:40:21Z,XRPUSDT,COOLING,NONE,0.0,0.0,0.0,1.44,0.0,80483.69,93931.3,True,False,0.0,77707.09,0.0761,1.308,1.3923
2026-08-29T05:40:23Z,HBARUSDT,COOLING,NONE,0.0,0.0,0.0,2.65,1.32,23992.76,18095.47,True,False,-0.0066,77707.09,0.0761,1.989,0.07552
2026-08-29T05:40:27Z,QAITUSDT,IMPULSE,NONE,0.0,0.0,0.0,10.19,0.0,1025.17,1105.08,True,False,0.0,77707.09,0.0761,1.928,0.001964
2026-08-29T05:40:30Z,WUSDT,COOLING,NONE,0.0,0.0,0.0,7.59,0.0,8926.86,2990.6,True,False,0.0,77707.09,0.0761,0.937,0.009214
2026-08-29T05:41:13Z,REDUSDT,COOLING,NONE,0.0,0.0,0.0,11.98,0.0,5351.43,5116.0,True,False,0.0,77707.09,0.0761,0.895,0.10857
2026-08-29T05:43:42Z,XRPUSDT,COOLING,NONE,0.0,0.0,0.0,1.44,-0.72,59730.94,47855.9,True,False,-0.0036,77689.09,-0.0232,0.95,1.3909
2026-08-29T05:45:04Z,HBARUSDT,COOLING,NONE,0.0,0.0,0.0,1.32,0.0,40776.87,34707.02,True,False,0.0,77689.09,-0.0232,1.057,0.07547
2026-08-29T05:45:48Z,QAITUSDT,IMPULSE,NONE,0.0,0.0,0.0,20.35,0.0,1025.17,1105.08,True,False,0.0,77689.09,-0.0232,2.07,0.001968
2026-08-29T05:45:50Z,WUSDT,COOLING,NONE,0.0,0.0,0.0,9.73,0.0,11974.51,4115.45,True,False,0.0,77689.09,-0.0232,0.948,0.009249
2026-08-29T05:45:51Z,REDUSDT,COOLING,NONE,0.0,0.0,0.0,10.11,0.0,6861.55,4904.38,True,False,0.0,77689.09,-0.0232,0.906,0.10884
2026-08-29T05:46:24Z,XRPUSDT,COOLING,NONE,0.0,0.0,0.0,2.16,0.0,117056.67,70371.6,True,False,0.0,77683.56,-0.0071,1.163,1.3903
2026-08-29T05:46:27Z,HBARUSDT,COOLING,NONE,0.0,0.0,0.0,1.33,0.0,37065.79,30464.57,True,False,0.0,77683.56,-0.0071,1.331,0.07545
2026-08-29T05:46:29Z,QAITUSDT,IMPULSE,NONE,0.0,0.0,0.0,20.35,0.0,1025.17,1105.08,True,False,0.0,77683.56,-0.0071,0.959,0.001968
2026-08-29T05:46:31Z,WUSDT,COOLING,NONE,0.0,0.0,0.0,10.82,0.0,11979.74,4156.36,True,False,0.0,77683.56,-0.0071,0.94,0.009244
2026-08-29T05:46:33Z,REDUSDT,COOLING,NONE,0.0,0.0,0.0,10.11,0.0,2381.78,912.63,True,False,0.0,77683.56,-0.0071,1.025,0.10886
2026-08-29T05:50:56Z,XRPUSDT,COOLING,NONE,0.0,0.0,0.0,1.44,0.0,89177.64,78113.07,True,False,0.0,77675.39,-0.0105,2.227,1.3889
2026-08-29T05:50:59Z,HBARUSDT,COOLING,NONE,0.0,0.0,0.0,1.33,0.0,40375.23,25931.23,True,False,0.0,77675.39,-0.0105,1.984,0.0754
2026-08-29T05:51:01Z,QAITUSDT,IMPULSE,NONE,0.0,0.0,0.0,20.35,0.0,1025.17,1105.08,True,False,0.0,77675.39,-0.0105,1.001,0.001968
2026-08-29T05:51:03Z,WUSDT,COOLING,NONE,0.0,0.0,0.0,11.86,0.0,10912.66,4334.08,True,False,0.0,77675.39,-0.0105,1.041,0.009275
2026-08-29T05:51:05Z,REDUSDT,COOLING,NONE,0.0,0.0,0.0,13.81,0.0,5745.91,5789.63,True,False,0.0,77675.39,-0.0105,1.169,0.10868
2026-08-29T05:52:17Z,XRPUSDT,COOLING,NONE,0.0,0.0,0.0,2.16,-0.72,100273.34,79623.63,True,False,0.0036,77634.2,-0.053,0.932,1.3881
2026-08-29T05:52:19Z,HBARUSDT,COOLING,NONE,0.0,0.0,0.0,1.33,0.0,45837.28,31987.86,True,False,0.0,77634.2,-0.053,1.083,0.07535
2026-08-29T05:52:22Z,QAITUSDT,IMPULSE,NONE,0.0,0.0,0.0,20.35,0.0,1025.17,1105.08,True,False,0.0,77634.2,-0.053,0.978,0.001968
2026-08-29T05:52:24Z,WUSDT,COOLING,NONE,0.0,0.0,0.0,12.94,0.0,10912.66,4334.08,True,False,0.0,77634.2,-0.053,1.02,0.009274
2026-08-29T05:52:27Z,REDUSDT,COOLING,NONE,0.0,0.0,0.0,13.81,0.0,5829.97,5789.63,True,False,0.0,77634.2,-0.053,1.974,0.10865
2026-08-29T05:54:59Z,XRPUSDT,COOLING,SELL,0.78,0.0,0.78,1.44,-0.72,91677.74,78712.59,True,False,-0.0036,77633.75,-0.0006,44.465,1.3868
2026-08-29T05:55:01Z,HBARUSDT,COOLING,NONE,0.0,0.0,0.0,1.33,0.0,34474.02,17963.47,True,False,0.0,77633.75,-0.0006,0.911,0.07532
2026-08-29T05:55:02Z,QAITUSDT,IMPULSE,NONE,0.0,0.0,0.0,20.35,0.0,1025.17,1105.08,True,False,0.0,77633.75,-0.0006,0.951,0.001968
2026-08-29T05:55:04Z,WUSDT,COOLING,NONE,0.0,0.0,0.0,12.94,0.0,10091.75,2848.18,True,False,0.0,77633.75,-0.0006,0.979,0.00928
2026-08-29T05:55:07Z,REDUSDT,COOLING,NONE,0.0,0.0,0.0,13.81,0.0,6091.63,6256.45,True,False,0.0,77633.75,-0.0006,1.99,0.10865
2026-08-29T05:58:03Z,XRPUSDT,COOLING,NONE,0.0,0.0,0.0,1.44,0.0,113603.5,80650.2,True,False,0.0,77618.27,-0.0199,0.994,1.3885
2026-08-29T05:58:04Z,HBARUSDT,COOLING,NONE,0.0,0.0,0.0,1.33,0.0,48775.2,35304.74,True,False,0.0,77618.27,-0.0199,0.99,0.07528
2026-08-29T05:58:08Z,QAITUSDT,IMPULSE,NONE,0.0,0.0,0.0,20.35,0.0,1025.17,1105.08,True,False,0.0,77618.27,-0.0199,2.019,0.001968
2026-08-29T05:58:11Z,WUSDT,COOLING,NONE,0.0,0.0,0.0,7.54,0.0,10106.03,3622.14,True,False,0.0,77618.27,-0.0199,0.883,0.009273
2026-08-29T05:58:12Z,REDUSDT,COOLING,NONE,0.0,0.0,0.0,13.81,0.0,2291.75,1720.64,True,False,0.0,77618.27,-0.0199,0.927,0.10867
2026-08-29T05:59:28Z,XRPUSDT,COOLING,SELL,0.61,0.0,0.61,0.72,0.0,120970.32,83896.17,True,False,0.0,77627.93,0.0124,2.002,1.389
2026-08-29T06:00:09Z,HBARUSDT,COOLING,NONE,0.0,0.0,0.0,1.33,0.0,42935.48,35712.93,True,False,0.0,77627.93,0.0124,0.964,0.07532
2026-08-29T06:00:12Z,QAITUSDT,IMPULSE,NONE,0.0,0.0,0.0,20.35,0.0,1025.17,1105.08,True,False,0.0,77627.93,0.0124,1.12,0.001968
2026-08-29T06:00:14Z,WUSDT,COOLING,NONE,0.0,0.0,0.0,11.86,0.0,10496.35,3115.43,True,False,0.0,77627.93,0.0124,1.094,0.009276
2026-08-29T06:00:56Z,REDUSDT,COOLING,NONE,0.0,0.0,0.0,13.81,0.0,6026.48,6019.11,True,False,0.0,77627.93,0.0124,1.038,0.10866
2026-08-29T06:02:07Z,XRPUSDT,COOLING,NONE,0.0,0.0,0.0,2.89,0.0,96852.17,109150.27,True,False,0.0,77576.08,-0.0668,1.154,1.3859
2026-08-29T06:02:09Z,HBARUSDT,COOLING,NONE,0.0,0.0,0.0,1.33,0.0,36557.09,24798.59,True,False,0.0,77576.08,-0.0668,0.959,0.07524
2026-08-29T06:02:11Z,QAITUSDT,IMPULSE,NONE,0.0,0.0,0.0,20.35,0.0,1025.17,1105.08,True,False,0.0,77576.08,-0.0668,1.055,0.001968
2026-08-29T06:02:14Z,WUSDT,COOLING,NONE,0.0,0.0,0.0,11.87,-1.08,7861.97,3037.38,True,False,0.0054,77576.08,-0.0668,1.987,0.009268
2026-08-29T06:02:19Z,REDUSDT,COOLING,NONE,0.0,0.0,0.0,13.81,0.0,6026.48,6019.11,True,False,0.0,77576.08,-0.0668,1.936,0.10864
2026-08-29T06:05:54Z,XRPUSDT,COOLING,SELL,44.64,0.0,44.64,1.44,0.0,123073.02,83547.5,True,False,0.0,77569.14,-0.0089,1.012,1.3841
2026-08-29T06:06:37Z,HBARUSDT,COOLING,NONE,0.0,0.0,0.0,1.33,0.0,31809.36,30467.8,True,False,0.0,77569.14,-0.0089,1.017,0.07521
2026-08-29T06:06:40Z,QAITUSDT,IMPULSE,NONE,0.0,0.0,0.0,20.35,0.0,1025.17,1105.08,True,False,0.0,77569.14,-0.0089,0.906,0.001968
2026-08-29T06:06:42Z,WUSDT,COOLING,NONE,0.0,0.0,0.0,16.27,0.0,9272.97,3576.75,True,False,0.0,77569.14,-0.0089,0.979,0.009215
2026-08-29T06:06:44Z,REDUSDT,COOLING,NONE,0.0,0.0,0.0,13.81,0.0,6026.48,6019.11,True,False,0.0,77569.14,-0.0089,0.997,0.10869
2026-08-29T06:08:36Z,XRPUSDT,COOLING,NONE,0.0,0.0,0.0,0.72,0.0,75056.56,106060.06,True,False,0.0,77562.88,-0.0081,1.228,1.3821
2026-08-29T06:08:38Z,HBARUSDT,COOLING,NONE,0.0,0.0,0.0,1.33,0.0,33844.27,39994.22,True,False,0.0,77562.88,-0.0081,1.053,0.07519
2026-08-29T06:08:40Z,QAITUSDT,IMPULSE,NONE,0.0,0.0,0.0,20.35,0.0,1025.17,1105.08,True,False,0.0,77562.88,-0.0081,0.919,0.001968
2026-08-29T06:08:42Z,WUSDT,COOLING,NONE,0.0,0.0,0.0,11.95,0.0,7797.01,3084.18,True,False,0.0,77562.88,-0.0081,0.944,0.009207
2026-08-29T06:08:45Z,REDUSDT,COOLING,NONE,0.0,0.0,0.0,13.81,0.0,6326.62,4949.04,True,False,0.0,77562.88,-0.0081,0.991,0.10849
2026-08-29T06:09:56Z,XRPUSDT,COOLING,NONE,0.0,0.0,0.0,2.17,-0.72,98299.13,68376.36,True,False,-0.0036,77557.96,-0.0063,0.949,1.3828
2026-08-29T06:09:58Z,HBARUSDT,COOLING,NONE,0.0,0.0,0.0,1.33,0.0,44287.22,30252.98,True,False,0.0,77557.96,-0.0063,1.014,0.07516
2026-08-29T06:10:00Z,QAITUSDT,IMPULSE,NONE,0.0,0.0,0.0,20.35,0.0,1025.17,1105.08,True,False,0.0,77557.96,-0.0063,0.95,0.001968
2026-08-29T06:10:02Z,WUSDT,COOLING,NONE,0.0,0.0,0.0,10.85,0.0,9610.74,3720.13,True,False,0.0,77557.96,-0.0063,0.935,0.009213
2026-08-29T06:10:04Z,REDUSDT,COOLING,NONE,0.0,0.0,0.0,11.96,0.0,6380.31,5550.63,True,False,0.0,77557.96,-0.0063,1.005,0.1087
2026-08-29T06:13:41Z,XRPUSDT,COOLING,NONE,0.0,0.0,0.0,1.45,0.0,135257.6,68361.32,True,False,0.0,77526.5,-0.0406,1.056,1.3816
2026-08-29T06:13:44Z,HBARUSDT,COOLING,NONE,0.0,0.0,0.0,1.33,0.0,33797.17,20357.11,True,False,0.0,77526.5,-0.0406,1.066,0.07512
2026-08-29T06:13:47Z,QAITUSDT,IMPULSE,NONE,0.0,0.0,0.0,20.35,0.0,1025.17,1105.08,True,False,0.0,77526.5,-0.0406,0.934,0.001968
2026-08-29T06:13:48Z,WUSDT,COOLING,NONE,0.0,0.0,0.0,14.14,0.0,11464.39,4881.21,True,False,0.0,77526.5,-0.0406,0.925,0.009195
2026-08-29T06:14:30Z,REDUSDT,COOLING,NONE,0.0,0.0,0.0,12.85,0.0,6031.87,5896.85,True,False,0.0,77526.5,-0.0406,0.888,0.10895
2026-08-29T06:15:03Z,XRPUSDT,COOLING,BUY,0.0,0.01,0.01,1.45,0.0,133563.49,92166.95,True,False,0.0,77474.15,-0.0675,1.008,1.3796
2026-08-29T06:15:05Z,HBARUSDT,COOLING,NONE,0.0,0.0,0.0,1.33,0.0,35072.39,6594.38,True,False,0.0,77474.15,-0.0675,1.049,0.07509
2026-08-29T06:15:07Z,QAITUSDT,IMPULSE,NONE,0.0,0.0,0.0,20.35,0.0,1025.17,1105.08,True,False,0.0,77474.15,-0.0675,0.964,0.001968
2026-08-29T06:15:08Z,WUSDT,COOLING,NONE,0.0,0.0,0.0,15.24,0.0,10725.44,3235.59,True,False,0.0,77474.15,-0.0675,1.074,0.009188
2026-08-29T06:15:10Z,REDUSDT,COOLING,NONE,0.0,0.0,0.0,12.85,0.0,6031.87,5896.85,True,False,0.0,77474.15,-0.0675,0.969,0.10897
2026-08-29T06:17:04Z,XRPUSDT,COOLING,NONE,0.0,0.0,0.0,2.9,0.72,92317.73,94869.13,True,False,0.0036,77499.17,0.0323,1.912,1.3803
2026-08-29T06:17:06Z,HBARUSDT,COOLING,NONE,0.0,0.0,0.0,1.33,0.0,31072.73,32570.79,True,False,0.0,77499.17,0.0323,0.943,0.07502
2026-08-29T06:17:09Z,QAITUSDT,IMPULSE,NONE,0.0,0.0,0.0,20.35,0.0,1025.17,1105.08,True,False,0.0,77499.17,0.0323,0.913,0.001968
2026-08-29T06:17:10Z,WUSDT,COOLING,NONE,0.0,0.0,0.0,11.97,0.0,11464.84,3447.51,True,False,0.0,77499.17,0.0323,0.994,0.009195
2026-08-29T06:17:12Z,REDUSDT,COOLING,NONE,0.0,0.0,0.0,11.93,0.0,6208.68,5620.29,True,False,0.0,77499.17,0.0323,1.056,0.10899
2026-08-29T06:20:49Z,XRPUSDT,COOLING,NONE,0.0,0.0,0.0,2.18,-0.73,65073.12,62151.32,True,False,0.0109,77445.48,-0.0693,1.037,1.3791
2026-08-29T06:20:51Z,HBARUSDT,COOLING,NONE,0.0,0.0,0.0,1.33,0.0,41610.19,26021.41,True,False,0.0,77445.48,-0.0693,0.901,0.075
2026-08-29T06:20:53Z,QAITUSDT,IMPULSE,NONE,0.0,0.0,0.0,20.35,0.0,1025.17,1105.08,True,False,0.0,77445.48,-0.0693,0.936,0.001968
2026-08-29T06:21:34Z,WUSDT,COOLING,NONE,0.0,0.0,0.0,10.9,-2.17,8288.14,3444.91,True,False,-0.0871,77445.48,-0.0693,41.091,0.009183
2026-08-29T06:21:38Z,REDUSDT,COOLING,NONE,0.0,0.0,0.0,11.91,0.0,2115.48,1592.53,True,False,0.0,77445.48,-0.0693,1.072,0.10917
2026-08-29T06:23:29Z,XRPUSDT,COOLING,NONE,0.0,0.0,0.0,2.9,0.0,113300.44,75348.57,True,False,0.0,77388.08,-0.0741,0.971,1.3775
2026-08-29T06:23:32Z,HBARUSDT,COOLING,NONE,0.0,0.0,0.0,1.34,0.0,34290.8,14704.6,True,False,0.0,77388.08,-0.0741,2.092,0.07489
2026-08-29T06:23:36Z,QAITUSDT,IMPULSE,NONE,0.0,0.0,0.0,20.35,0.0,1025.17,1105.08,True,False,0.0,77388.08,-0.0741,0.932,0.001968
2026-08-29T06:23:38Z,WUSDT,COOLING,NONE,0.0,0.0,0.0,8.73,0.0,15029.71,3192.96,True,False,0.0,77388.08,-0.0741,1.112,0.009177
2026-08-29T06:23:40Z,REDUSDT,COOLING,NONE,0.0,0.0,0.0,11.91,0.0,4936.25,6477.24,True,False,0.0,77388.08,-0.0741,0.958,0.10917
2026-08-29T06:24:10Z,XRPUSDT,COOLING,BUY,0.0,22.43,22.43,1.45,-0.73,73098.36,80181.39,True,True,0.0181,77381.83,-0.0081,1.117,1.3777
2026-08-29T06:24:51Z,HBARUSDT,COOLING,SELL,23.5,0.0,23.5,1.33,-0.0,44437.82,28058.84,True,False,0.0133,77381.83,-0.0081,0.922,0.07492
2026-08-29T06:24:54Z,QAITUSDT,IMPULSE,NONE,0.0,0.0,0.0,20.35,0.0,1025.17,1105.08,True,False,0.0,77381.83,-0.0081,0.901,0.001968
2026-08-29T06:25:36Z,WUSDT,COOLING,NONE,0.0,0.0,0.0,11.99,0.0,9158.37,3430.14,True,False,0.0,77381.83,-0.0081,0.995,0.009167
2026-08-29T06:25:38Z,REDUSDT,COOLING,NONE,0.0,0.0,0.0,10.07,0.0,2383.92,2257.27,True,False,0.0,77381.83,-0.0081,0.994,0.10926
2026-08-29T06:29:55Z,XRPUSDT,COOLING,NONE,0.0,0.0,0.0,2.9,0.0,72744.08,104089.63,True,False,0.0,77403.93,0.0286,0.919,1.3791
2026-08-29T06:30:39Z,HBARUSDT,COOLING,NONE,0.0,0.0,0.0,1.33,0.0,33543.61,37051.45,True,False,0.0,77403.93,0.0286,1.934,0.07495
2026-08-29T06:30:41Z,QAITUSDT,IMPULSE,NONE,0.0,0.0,0.0,20.35,0.0,1025.17,1105.08,True,False,0.0,77403.93,0.0286,1.014,0.001968
2026-08-29T06:30:44Z,WUSDT,COOLING,NONE,0.0,0.0,0.0,11.99,0.0,9558.24,3430.55,True,False,0.0,77403.93,0.0286,1.561,0.009168
2026-08-29T06:30:46Z,REDUSDT,COOLING,NONE,0.0,0.0,0.0,42.79,0.0,6066.69,2148.34,True,False,0.0,77403.93,0.0286,1.052,0.10995
2026-08-29T06:31:20Z,XRPUSDT,COOLING,BUY,0.0,13.26,13.26,1.45,-0.0,84336.57,75274.73,True,False,0.0073,77435.0,0.0401,1.138,1.3791
2026-08-29T06:31:22Z,HBARUSDT,COOLING,NONE,0.0,0.0,0.0,1.33,0.0,49463.18,21805.36,True,False,0.0,77435.0,0.0401,0.977,0.07497
2026-08-29T06:31:24Z,QAITUSDT,IMPULSE,NONE,0.0,0.0,0.0,20.35,0.0,1025.17,1105.08,True,False,0.0,77435.0,0.0401,1.023,0.001968
2026-08-29T06:31:27Z,WUSDT,COOLING,NONE,0.0,0.0,0.0,13.08,1.09,9558.24,3430.55,True,False,-0.0054,77435.0,0.0401,1.916,0.009177
2026-08-29T06:31:32Z,REDUSDT,COOLING,NONE,0.0,0.0,0.0,14.61,0.0,6280.31,5600.51,True,False,0.0,77435.0,0.0401,3.777,0.11005
2026-08-29T06:32:06Z,XRPUSDT,COOLING,NONE,0.0,0.0,0.0,1.45,0.0,137559.87,97608.64,True,False,0.0,77435.0,0.0,0.992,1.3794
2026-08-29T06:32:08Z,HBARUSDT,COOLING,NONE,0.0,0.0,0.0,1.33,0.0,29086.08,33879.16,True,False,0.0,77435.0,0.0,0.937,0.07497
2026-08-29T06:32:52Z,QAITUSDT,IMPULSE,NONE,0.0,0.0,0.0,30.53,0.0,1025.17,1105.08,True,False,0.0,77435.0,0.0,1.075,0.001968
2026-08-29T06:33:34Z,WUSDT,COOLING,NONE,0.0,0.0,0.0,9.81,0.0,8750.67,3521.66,True,False,0.0,77435.0,0.0,1.043,0.009183
2026-08-29T06:33:37Z,REDUSDT,COOLING,SELL,23.03,0.0,23.03,21.87,0.0,6078.11,5407.73,True,True,0.0,77435.0,0.0,1.022,0.10972
2026-08-29T06:38:38Z,XRPUSDT,COOLING,NONE,0.0,0.0,0.0,2.9,0.0,116092.14,84068.95,True,False,0.0,77442.56,0.0098,1.143,1.3805
2026-08-29T06:39:21Z,HBARUSDT,COOLING,NONE,0.0,0.0,0.0,1.33,0.0,36648.9,40760.02,True,False,0.0,77442.56,0.0098,0.932,0.07505
2026-08-29T06:39:22Z,QAITUSDT,IMPULSE,NONE,0.0,0.0,0.0,20.37,0.0,1025.17,1105.08,True,False,0.0,77442.56,0.0098,0.993,0.001968
2026-08-29T06:39:25Z,WUSDT,COOLING,NONE,0.0,0.0,0.0,11.99,0.0,14748.75,3933.64,True,False,0.0,77442.56,0.0098,1.087,0.009178
2026-08-29T06:39:29Z,REDUSDT,COOLING,NONE,0.0,0.0,0.0,20.05,0.0,6715.75,4983.73,True,False,0.0,77442.56,0.0098,2.132,0.10978
2026-08-29T06:41:23Z,XRPUSDT,COOLING,NONE,0.0,0.0,0.0,2.9,1.45,105204.47,80204.61,True,False,-0.0072,77424.56,-0.0232,1.008,1.38
2026-08-29T06:41:25Z,HBARUSDT,COOLING,NONE,0.0,0.0,0.0,2.66,0.0,16705.19,18068.05,True,False,0.0,77424.56,-0.0232,1.057,0.07505
2026-08-29T06:41:28Z,QAITUSDT,IMPULSE,NONE,0.0,0.0,0.0,15.33,0.0,870.23,1254.6,True,False,0.0,77424.56,-0.0232,0.925,0.001962
2026-08-29T06:41:30Z,WUSDT,COOLING,NONE,0.0,0.0,0.0,14.15,0.0,11039.53,2952.38,True,False,0.0,77424.56,-0.0232,0.99,0.009188
2026-08-29T06:41:33Z,REDUSDT,COOLING,NONE,0.0,0.0,0.0,14.62,0.0,4640.16,4807.75,True,False,0.0,77424.56,-0.0232,1.935,0.10956
2026-08-29T06:42:44Z,XRPUSDT,COOLING,BUY,0.0,21.38,21.38,2.17,0.72,67122.6,80326.02,True,True,-0.0036,77436.54,0.0155,0.932,1.3807
2026-08-29T06:42:46Z,HBARUSDT,COOLING,BUY,0.0,55.06,55.06,1.33,0.0,43959.4,26127.71,True,False,0.0,77436.54,0.0155,0.951,0.07515
2026-08-29T06:42:49Z,QAITUSDT,IMPULSE,NONE,0.0,0.0,0.0,35.81,0.0,1267.41,1001.22,True,False,0.0,77436.54,0.0155,0.992,0.001957
2026-08-29T06:43:30Z,WUSDT,COOLING,NONE,0.0,0.0,0.0,14.14,0.0,11103.67,2523.15,True,False,0.0,77436.54,0.0155,0.909,0.009192
2026-08-29T06:43:32Z,REDUSDT,COOLING,NONE,0.0,0.0,0.0,11.87,0.0,6253.48,5493.16,True,False,0.0,77436.54,0.0155,0.9,0.10953
2026-08-29T06:45:52Z,XRPUSDT,COOLING,NONE,0.0,0.0,0.0,1.45,0.0,57413.07,70719.69,True,False,0.0,77442.54,0.0077,0.946,1.3813
2026-08-29T06:45:55Z,HBARUSDT,COOLING,NONE,0.0,0.0,0.0,1.33,0.0,28389.29,42339.5,True,False,0.0,77442.54,0.0077,1.989,0.0751
2026-08-29T06:46:38Z,QAITUSDT,IMPULSE,NONE,0.0,0.0,0.0,35.81,0.0,1242.39,1204.1,True,False,0.0,77442.54,0.0077,0.996,0.001957
2026-08-29T06:46:40Z,WUSDT,COOLING,NONE,0.0,0.0,0.0,13.05,0.0,15389.26,2847.85,True,False,0.0,77442.54,0.0077,1.005,0.009194
2026-08-29T06:46:41Z,REDUSDT,COOLING,NONE,0.0,0.0,0.0,11.87,0.0,6129.46,4921.89,True,False,0.0,77442.54,0.0077,0.987,0.10953
2026-08-29T06:47:12Z,XRPUSDT,COOLING,NONE,0.0,0.0,0.0,0.72,0.0,77092.02,69999.93,True,False,0.0,77452.1,0.0123,1.034,1.3811
2026-08-29T06:47:15Z,HBARUSDT,COOLING,NONE,0.0,0.0,0.0,1.33,0.0,35285.18,34937.77,True,False,0.0,77452.1,0.0123,1.048,0.07516
2026-08-29T06:47:17Z,QAITUSDT,IMPULSE,NONE,0.0,0.0,0.0,35.81,0.0,1242.39,1204.1,True,False,0.0,77452.1,0.0123,0.995,0.001958
2026-08-29T06:47:59Z,WUSDT,COOLING,NONE,0.0,0.0,0.0,15.24,0.0,9063.18,2847.85,True,False,0.0,77452.1,0.0123,0.959,0.009191
2026-08-29T06:48:01Z,REDUSDT,COOLING,NONE,0.0,0.0,0.0,11.91,0.0,4439.64,4904.21,True,False,0.0,77452.1,0.0123,1.124,0.10921
2026-08-29T06:49:14Z,XRPUSDT,COOLING,NONE,0.0,0.0,0.0,1.45,0.0,70042.02,58861.38,True,False,-0.0072,77458.51,0.0083,2.006,1.3815
2026-08-29T06:50:37Z,HBARUSDT,COOLING,NONE,0.0,0.0,0.0,1.33,0.0,33949.36,25098.49,True,False,0.0,77458.51,0.0083,1.872,0.07521
2026-08-29T06:50:39Z,QAITUSDT,IMPULSE,NONE,0.0,0.0,0.0,30.8,0.0,2384.2,1001.22,True,False,0.0,77458.51,0.0083,1.058,0.001951
2026-08-29T06:51:21Z,WUSDT,COOLING,NONE,0.0,0.0,0.0,15.18,0.0,16195.27,4590.64,True,False,0.0,77458.51,0.0083,1.034,0.009221
2026-08-29T06:52:04Z,REDUSDT,COOLING,NONE,0.0,0.0,0.0,11.91,0.0,4733.35,6100.37,True,False,0.0,77458.51,0.0083,0.955,0.10915
2026-08-29T06:54:29Z,XRPUSDT,COOLING,NONE,0.0,0.0,0.0,2.9,0.0,147851.89,70114.24,True,False,0.0,77425.1,-0.0431,2.079,1.3809
2026-08-29T06:54:31Z,HBARUSDT,COOLING,NONE,0.0,0.0,0.0,1.33,0.0,37976.08,34077.22,True,False,0.0,77425.1,-0.0431,0.918,0.07524
2026-08-29T06:54:33Z,QAITUSDT,IMPULSE,NONE,0.0,0.0,0.0,56.66,0.0,818.69,1555.15,True,False,0.0,77425.1,-0.0431,0.954,0.001939
2026-08-29T06:54:34Z,WUSDT,COOLING,NONE,0.0,0.0,0.0,13.02,0.0,9713.22,3316.0,True,False,0.0,77425.1,-0.0431,0.953,0.009219
2026-08-29T06:54:36Z,REDUSDT,COOLING,NONE,0.0,0.0,0.0,14.62,0.0,7964.66,4910.94,True,False,0.0,77425.1,-0.0431,0.965,0.10941
2026-08-29T06:56:28Z,XRPUSDT,COOLING,NONE,0.0,0.0,0.0,2.9,0.0,135574.82,87124.44,True,False,0.0,77452.73,0.0357,1.108,1.3806
2026-08-29T06:56:30Z,HBARUSDT,COOLING,NONE,0.0,0.0,0.0,1.33,0.0,25174.57,33476.54,True,False,0.0,77452.73,0.0357,0.904,0.07526
2026-08-29T06:56:32Z,QAITUSDT,IMPULSE,NONE,0.0,0.0,0.0,56.66,0.0,818.69,1555.15,True,False,0.0,77452.73,0.0357,0.969,0.001939
2026-08-29T06:56:35Z,WUSDT,COOLING,NONE,0.0,0.0,0.0,8.7,0.0,10040.71,3316.0,True,False,0.0,77452.73,0.0357,2.001,0.00919
2026-08-29T06:56:37Z,REDUSDT,COOLING,NONE,0.0,0.0,0.0,11.89,0.0,6515.77,4533.05,True,False,0.0,77452.73,0.0357,0.929,0.10935
2026-08-29T06:58:30Z,XRPUSDT,COOLING,BUY,0.0,0.44,0.44,2.17,0.0,90722.38,94891.02,True,False,0.0,77449.55,-0.0041,1.067,1.3804
2026-08-29T06:58:33Z,HBARUSDT,COOLING,SELL,26.59,0.0,26.59,1.33,-0.0,50869.23,38591.11,True,False,0.0133,77449.55,-0.0041,2.048,0.07523
2026-08-29T06:59:16Z,QAITUSDT,IMPULSE,NONE,0.0,0.0,0.0,56.66,0.0,1094.32,1555.15,True,False,0.0,77449.55,-0.0041,1.046,0.001947
2026-08-29T06:59:20Z,WUSDT,COOLING,NONE,0.0,0.0,0.0,13.08,0.0,10316.62,3429.98,True,False,0.0,77449.55,-0.0041,2.04,0.009178
2026-08-29T06:59:22Z,REDUSDT,COOLING,SELL,55.54,0.0,55.54,11.93,0.0,6128.29,5464.24,True,True,0.0,77449.55,-0.0041,0.995,0.10893
2026-08-29T07:01:43Z,XRPUSDT,COOLING,BUY,0.0,41.05,41.05,1.45,0.0,64992.82,154356.83,True,False,0.0,77479.99,0.0393,0.968,1.3822
2026-08-29T07:01:44Z,HBARUSDT,COOLING,NONE,0.0,0.0,0.0,1.33,0.0,47417.28,28798.46,True,False,0.0,77479.99,0.0393,1.027,0.0753
2026-08-29T07:01:46Z,QAITUSDT,IMPULSE,NONE,0.0,0.0,0.0,56.66,0.0,1094.32,1555.15,True,False,0.0,77479.99,0.0393,0.97,0.001947
2026-08-29T07:01:49Z,WUSDT,COOLING,NONE,0.0,0.0,0.0,9.8,-1.09,11443.62,4789.21,True,False,0.0054,77479.99,0.0393,1.932,0.009181
2026-08-29T07:01:53Z,REDUSDT,COOLING,NONE,0.0,0.0,0.0,10.03,0.0,3604.79,4692.38,True,False,0.0,77479.99,0.0393,2.576,0.10914
2026-08-29T07:05:46Z,XRPUSDT,COOLING,BUY,0.0,11.11,11.11,2.89,1.44,51201.62,74941.94,True,False,0.0144,77525.0,0.0581,0.919,1.3854
2026-08-29T07:05:47Z,HBARUSDT,COOLING,NONE,0.0,0.0,0.0,1.33,0.0,41695.72,22561.95,True,False,0.0,77525.0,0.0581,1.236,0.07538
2026-08-29T07:05:49Z,QAITUSDT,IMPULSE,NONE,0.0,0.0,0.0,56.66,0.0,1094.32,1555.15,True,False,0.0,77525.0,0.0581,0.98,0.001947
2026-08-29T07:05:51Z,WUSDT,COOLING,NONE,0.0,0.0,0.0,9.78,0.0,10430.62,4638.25,True,False,0.0,77525.0,0.0581,0.907,0.009204
2026-08-29T07:07:13Z,REDUSDT,COOLING,SELL,0.62,0.0,0.62,11.87,-0.89,6042.5,4997.47,True,False,-0.1959,77525.0,0.0581,41.06,0.10966
2026-08-29T07:07:46Z,XRPUSDT,COOLING,BUY,2.72,3.74,3.74,2.17,0.0,84695.87,44186.74,True,False,-0.0145,77480.0,-0.058,1.173,1.3833
2026-08-29T07:07:48Z,HBARUSDT,COOLING,NONE,0.0,0.0,0.0,1.33,0.0,13500.1,36062.24,True,False,0.0,77480.0,-0.058,1.045,0.0753
2026-08-29T07:07:50Z,QAITUSDT,IMPULSE,NONE,0.0,0.0,0.0,56.66,0.0,1094.32,1555.15,True,False,0.0,77480.0,-0.058,0.96,0.001947
2026-08-29T07:08:32Z,WUSDT,COOLING,NONE,0.0,0.0,0.0,11.99,0.0,8276.72,4638.25,True,False,0.0,77480.0,-0.058,1.024,0.009192
2026-08-29T07:08:33Z,REDUSDT,COOLING,NONE,0.0,0.0,0.0,10.03,-1.84,4509.2,5224.19,True,False,0.1096,77480.0,-0.058,1.074,0.10957
2026-08-29T07:10:55Z,XRPUSDT,COOLING,NONE,0.0,0.0,0.0,2.9,0.0,75074.22,60993.84,True,False,0.0,77435.0,-0.0581,1.935,1.3814
2026-08-29T07:10:56Z,HBARUSDT,COOLING,NONE,0.0,0.0,0.0,1.33,0.0,41161.27,15679.71,True,False,0.0,77435.0,-0.0581,1.043,0.0752
2026-08-29T07:10:58Z,QAITUSDT,IMPULSE,NONE,0.0,0.0,0.0,56.66,0.0,1094.32,1555.15,True,False,0.0,77435.0,-0.0581,0.996,0.001947
2026-08-29T07:11:00Z,WUSDT,COOLING,NONE,0.0,0.0,0.0,7.64,0.0,10351.26,4396.21,True,False,0.0,77435.0,-0.0581,0.891,0.009169
2026-08-29T07:11:01Z,REDUSDT,COOLING,NONE,0.0,0.0,0.0,10.03,0.0,5355.48,5229.4,True,False,0.0,77435.0,-0.0581,0.89,0.10969
2026-08-29T07:13:34Z,XRPUSDT,COOLING,NONE,0.0,0.0,0.0,2.89,-0.72,83498.34,72388.56,True,False,0.0036,77479.09,0.0569,0.976,1.3818
2026-08-29T07:13:36Z,HBARUSDT,COOLING,NONE,0.0,0.0,0.0,1.33,0.0,36402.62,37216.56,True,False,0.0,77479.09,0.0569,1.06,0.07509
2026-08-29T07:13:38Z,QAITUSDT,IMPULSE,NONE,0.0,0.0,0.0,56.66,0.0,1094.32,1555.15,True,False,0.0,77479.09,0.0569,0.991,0.001947
2026-08-29T07:13:40Z,WUSDT,COOLING,NONE,0.0,0.0,0.0,10.9,0.0,9650.63,4396.21,True,False,0.0,77479.09,0.0569,0.93,0.009174
2026-08-29T07:13:41Z,REDUSDT,COOLING,NONE,0.0,0.0,0.0,11.87,0.0,4936.19,5224.19,True,False,0.0,77479.09,0.0569,1.008,0.10951
2026-08-29T07:15:38Z,XRPUSDT,COOLING,NONE,0.0,0.0,0.0,2.17,0.0,45998.45,86360.53,True,False,0.0,77447.36,-0.041,0.952,1.3802
2026-08-29T07:15:41Z,HBARUSDT,COOLING,NONE,0.0,0.0,0.0,1.33,0.0,28385.55,34299.47,True,False,0.0,77447.36,-0.041,2.073,0.075
2026-08-29T07:15:44Z,QAITUSDT,IMPULSE,NONE,0.0,0.0,0.0,56.66,0.0,1094.32,1555.15,True,False,0.0,77447.36,-0.041,0.883,0.001947
2026-08-29T07:15:48Z,WUSDT,COOLING,NONE,0.0,0.0,0.0,12.02,0.0,9662.94,3757.93,True,False,0.0,77447.36,-0.041,2.084,0.009154
2026-08-29T07:15:51Z,REDUSDT,COOLING,NONE,0.0,0.0,0.0,11.87,0.0,5425.76,5093.4,True,False,0.0,77447.36,-0.041,2.016,0.10957
2026-08-29T07:20:06Z,XRPUSDT,COOLING,NONE,0.0,0.0,0.0,1.45,-1.45,63236.67,106605.44,True,False,0.0072,77512.39,0.084,0.908,1.3826
2026-08-29T07:20:08Z,HBARUSDT,COOLING,BUY,0.0,48.13,48.13,1.33,0.0,44983.93,32862.89,True,True,0.0,77512.39,0.084,0.933,0.07512
2026-08-29T07:20:10Z,QAITUSDT,IMPULSE,NONE,0.0,0.0,0.0,56.66,0.0,1094.32,1555.15,True,False,0.0,77512.39,0.084,1.091,0.001947
2026-08-29T07:20:12Z,WUSDT,COOLING,NONE,0.0,0.0,0.0,19.59,5.44,12726.84,3257.7,True,False,0.0272,77512.39,0.084,1.026,0.009176
2026-08-29T07:20:16Z,REDUSDT,COOLING,NONE,0.0,0.0,0.0,10.03,0.0,2090.08,1299.52,True,False,0.0,77512.39,0.084,2.099,0.10968
2026-08-29T07:21:32Z,XRPUSDT,COOLING,NONE,0.0,0.0,0.0,2.17,0.72,87945.67,112414.69,True,False,-0.0036,77508.83,-0.0046,2.207,1.3822
2026-08-29T07:21:34Z,HBARUSDT,COOLING,NONE,0.0,0.0,0.0,1.33,0.0,34081.37,23074.63,True,False,0.0,77508.83,-0.0046,0.991,0.07508
2026-08-29T07:21:37Z,QAITUSDT,IMPULSE,NONE,0.0,0.0,0.0,56.66,0.0,1094.32,1555.15,True,False,0.0,77508.83,-0.0046,2.028,0.001947
2026-08-29T07:21:39Z,WUSDT,COOLING,NONE,0.0,0.0,0.0,11.99,0.0,10367.4,3257.7,True,False,0.0,77508.83,-0.0046,1.079,0.009181
2026-08-29T07:21:42Z,REDUSDT,COOLING,BUY,7.05,7.55,7.55,20.09,10.06,5877.8,5131.37,True,False,-0.1505,77508.83,-0.0046,1.065,0.10967
2026-08-29T07:22:56Z,XRPUSDT,COOLING,NONE,0.0,0.0,0.0,2.17,0.0,127678.55,91486.62,True,False,0.0,77514.99,0.0079,0.958,1.3828
2026-08-29T07:22:59Z,HBARUSDT,COOLING,NONE,0.0,0.0,0.0,1.33,0.0,22383.65,25805.07,True,False,0.0,77514.99,0.0079,2.008,0.0751
2026-08-29T07:23:02Z,QAITUSDT,IMPULSE,NONE,0.0,0.0,0.0,56.66,0.0,1094.32,1555.15,True,False,0.0,77514.99,0.0079,2.105,0.001947
2026-08-29T07:23:05Z,WUSDT,COOLING,NONE,0.0,0.0,0.0,11.99,0.0,10367.4,3257.7,True,False,0.0,77514.99,0.0079,1.023,0.009177
2026-08-29T07:23:48Z,REDUSDT,COOLING,NONE,0.0,0.0,0.0,14.62,0.0,5600.6,5157.47,True,False,0.0,77514.99,0.0079,1.045,0.10946
2026-08-29T07:27:23Z,XRPUSDT,COOLING,NONE,0.0,0.0,0.0,2.17,0.0,67002.68,71361.74,True,False,0.0,77522.24,0.0094,0.952,1.3819
2026-08-29T07:27:25Z,HBARUSDT,COOLING,NONE,0.0,0.0,0.0,1.33,0.0,23338.55,13280.8,True,False,0.0,77522.24,0.0094,1.032,0.07506
2026-08-29T07:27:27Z,QAITUSDT,IMPULSE,NONE,0.0,0.0,0.0,56.66,0.0,1094.32,1555.15,True,False,0.0,77522.24,0.0094,1.125,0.001947
2026-08-29T07:27:29Z,WUSDT,COOLING,NONE,0.0,0.0,0.0,11.99,0.0,10657.31,4395.08,True,False,0.0,77522.24,0.0094,0.957,0.009179
2026-08-29T07:27:31Z,REDUSDT,COOLING,NONE,0.0,0.0,0.0,11.89,0.0,5091.45,4708.26,True,False,0.0,77522.24,0.0094,1.033,0.10936
2026-08-29T07:28:03Z,XRPUSDT,COOLING,NONE,0.0,0.0,0.0,1.45,-0.72,87573.68,102547.39,True,False,-0.0036,77522.25,0.0,0.894,1.3819
2026-08-29T07:28:46Z,HBARUSDT,COOLING,NONE,0.0,0.0,0.0,1.33,0.0,23338.55,13280.8,True,False,0.0,77522.25,0.0,40.926,0.07506
2026-08-29T07:28:49Z,QAITUSDT,IMPULSE,NONE,0.0,0.0,0.0,56.66,0.0,1094.32,1555.15,True,False,0.0,77522.25,0.0,0.982,0.001947
2026-08-29T07:28:51Z,WUSDT,COOLING,NONE,0.0,0.0,0.0,11.99,0.0,10657.31,4395.08,True,False,0.0,77522.25,0.0,1.035,0.009176
2026-08-29T07:28:53Z,REDUSDT,COOLING,NONE,0.0,0.0,0.0,20.13,0.0,4480.13,5320.23,True,False,0.0,77522.25,0.0,1.063,0.10932
2026-08-29T07:31:29Z,XRPUSDT,COOLING,NONE,0.0,0.0,0.0,2.89,0.72,45900.77,57619.09,True,False,0.0036,77510.45,-0.0152,1.096,1.3816
2026-08-29T07:31:30Z,HBARUSDT,COOLING,NONE,0.0,0.0,0.0,1.33,0.0,45445.6,33856.29,True,False,0.0,77510.45,-0.0152,1.043,0.07507
2026-08-29T07:31:32Z,QAITUSDT,IMPULSE,NONE,0.0,0.0,0.0,56.66,0.0,1094.32,1555.15,True,False,0.0,77510.45,-0.0152,0.951,0.001947
2026-08-29T07:31:35Z,WUSDT,COOLING,NONE,0.0,0.0,0.0,11.99,0.0,10657.31,4395.08,True,False,0.0,77510.45,-0.0152,1.009,0.009176
2026-08-29T07:31:37Z,REDUSDT,COOLING,NONE,0.0,0.0,0.0,11.89,0.0,5900.2,5635.13,True,False,0.0,77510.45,-0.0152,0.907,0.10932
2026-08-29T07:35:20Z,XRPUSDT,COOLING,SELL,16.09,12.88,16.09,2.17,0.0,115387.97,111042.42,True,False,0.0,77533.01,0.0291,1.637,1.3815
2026-08-29T07:35:22Z,HBARUSDT,COOLING,NONE,0.0,0.0,0.0,1.33,0.0,35455.13,29771.53,True,False,0.0,77533.01,0.0291,1.11,0.07516
2026-08-29T07:36:04Z,QAITUSDT,IMPULSE,NONE,0.0,0.0,0.0,66.99,0.0,1094.32,1001.01,True,False,0.0,77533.01,0.0291,41.06,0.001947
2026-08-29T07:36:07Z,WUSDT,COOLING,NONE,0.0,0.0,0.0,10.89,0.0,8921.13,3988.1,True,False,0.0,77533.01,0.0291,2.038,0.009185
2026-08-29T07:36:09Z,REDUSDT,COOLING,NONE,0.0,0.0,0.0,10.03,0.0,5831.53,4797.49,True,False,0.0,77533.01,0.0291,1.027,0.10964
2026-08-29T07:38:00Z,XRPUSDT,COOLING,BUY,0.0,10.29,10.29,0.72,0.0,98991.23,97347.19,True,False,0.0,77549.99,0.0219,1.298,1.3829
2026-08-29T07:38:02Z,HBARUSDT,COOLING,NONE,0.0,0.0,0.0,1.33,0.0,45491.58,36529.43,True,False,0.0,77549.99,0.0219,0.94,0.07507
2026-08-29T07:38:05Z,QAITUSDT,IMPULSE,NONE,0.0,0.0,0.0,66.99,0.0,1094.32,1001.01,True,False,0.0,77549.99,0.0219,1.018,0.001947
2026-08-29T07:38:07Z,WUSDT,COOLING,NONE,0.0,0.0,0.0,7.62,0.0,8921.13,3988.1,True,False,0.0,77549.99,0.0219,1.13,0.009185
2026-08-29T07:38:09Z,REDUSDT,COOLING,NONE,0.0,0.0,0.0,10.03,0.0,5831.53,4797.49,True,False,0.0,77549.99,0.0219,1.112,0.10967
2026-08-29T07:41:29Z,XRPUSDT,COOLING,SELL,0.02,0.0,0.02,2.89,0.73,91169.83,74259.85,True,False,-0.0903,77625.0,0.0967,41.033,1.3841
2026-08-29T07:41:31Z,HBARUSDT,COOLING,NONE,0.0,0.0,0.0,1.33,0.0,40853.11,12143.93,True,False,0.0,77625.0,0.0967,1.023,0.0751
2026-08-29T07:41:34Z,QAITUSDT,IMPULSE,NONE,0.0,0.0,0.0,66.99,0.0,1094.32,1001.01,True,False,0.0,77625.0,0.0967,2.193,0.001947
2026-08-29T07:41:38Z,WUSDT,COOLING,NONE,0.0,0.0,0.0,7.62,-2.18,8921.13,3988.1,True,False,-0.0109,77625.0,0.0967,1.927,0.009186
2026-08-29T07:41:41Z,REDUSDT,COOLING,NONE,0.0,0.0,0.0,14.62,0.0,5774.09,5191.88,True,False,0.0,77625.0,0.0967,1.039,0.10946
2026-08-29T07:44:38Z,XRPUSDT,COOLING,NONE,0.0,0.0,0.0,2.89,0.0,73394.81,64517.67,True,False,0.0,77643.74,0.0241,1.14,1.3829
2026-08-29T07:44:39Z,HBARUSDT,COOLING,NONE,0.0,0.0,0.0,1.33,0.0,14274.55,29607.53,True,False,0.0,77643.74,0.0241,1.041,0.07507
2026-08-29T07:44:43Z,QAITUSDT,IMPULSE,NONE,0.0,0.0,0.0,66.99,0.0,1094.32,1001.01,True,False,0.0,77643.74,0.0241,0.884,0.001947
2026-08-29T07:44:46Z,WUSDT,COOLING,NONE,0.0,0.0,0.0,13.08,0.0,11527.03,4261.49,True,False,0.0,77643.74,0.0241,0.94,0.009175
2026-08-29T07:44:49Z,REDUSDT,COOLING,NONE,0.0,0.0,0.0,14.62,0.0,2052.26,1098.21,True,False,0.0,77643.74,0.0241,0.976,0.10943
2026-08-29T07:46:00Z,XRPUSDT,COOLING,NONE,0.0,0.0,0.0,2.17,0.0,75767.91,54930.03,True,False,0.0,77644.99,0.0016,1.03,1.383
2026-08-29T07:46:02Z,HBARUSDT,COOLING,NONE,0.0,0.0,0.0,1.33,0.0,32535.24,12964.26,True,False,0.0,77644.99,0.0016,1.435,0.07506
2026-08-29T07:46:04Z,QAITUSDT,IMPULSE,NONE,0.0,0.0,0.0,66.99,0.0,1094.32,1001.01,True,False,0.0,77644.99,0.0016,1.143,0.001947
2026-08-29T07:46:47Z,WUSDT,COOLING,NONE,0.0,0.0,0.0,9.81,3.27,11527.03,4261.49,True,False,0.0164,77644.99,0.0016,40.919,0.009173
2026-08-29T07:46:50Z,REDUSDT,COOLING,NONE,0.0,0.0,0.0,21.94,0.0,5515.31,4444.24,True,False,0.0,77644.99,0.0016,2.12,0.10946
2026-08-29T07:47:19Z,XRPUSDT,COOLING,NONE,0.0,0.0,0.0,2.89,0.72,67070.33,119373.07,True,False,0.0036,77654.6,0.0124,1.041,1.3844
2026-08-29T07:47:21Z,HBARUSDT,COOLING,NONE,0.0,0.0,0.0,1.33,0.0,31704.84,27231.63,True,False,0.0,77654.6,0.0124,1.039,0.07508
2026-08-29T07:47:23Z,QAITUSDT,IMPULSE,NONE,0.0,0.0,0.0,66.99,0.0,1094.32,1001.01,True,False,0.0,77654.6,0.0124,0.97,0.001947
2026-08-29T07:47:24Z,WUSDT,COOLING,NONE,0.0,0.0,0.0,11.99,0.0,10367.4,4261.49,True,False,0.0,77654.6,0.0124,0.879,0.009168
2026-08-29T07:47:28Z,REDUSDT,COOLING,NONE,0.0,0.0,0.0,11.89,0.0,5515.31,6060.62,True,False,0.0,77654.6,0.0124,2.058,0.10947
2026-08-29T07:48:59Z,XRPUSDT,COOLING,NONE,0.0,0.0,0.0,2.17,0.0,97385.68,78922.03,True,False,0.0,77628.96,-0.033,0.917,1.3823
2026-08-29T07:49:02Z,HBARUSDT,COOLING,NONE,0.0,0.0,0.0,1.33,0.0,33436.66,13278.55,True,False,0.0,77628.96,-0.033,2.027,0.07503
2026-08-29T07:49:04Z,QAITUSDT,IMPULSE,NONE,0.0,0.0,0.0,66.99,0.0,1094.32,1001.01,True,False,0.0,77628.96,-0.033,0.987,0.001947
2026-08-29T07:49:46Z,WUSDT,COOLING,NONE,0.0,0.0,0.0,6.54,0.0,10367.4,4261.49,True,False,0.0,77628.96,-0.033,1.069,0.009173
2026-08-29T07:49:48Z,REDUSDT,COOLING,NONE,0.0,0.0,0.0,13.75,0.0,4819.25,4962.14,True,False,0.0,77628.96,-0.033,1.087,0.10908
2026-08-29T07:51:38Z,XRPUSDT,COOLING,NONE,0.0,0.0,0.0,1.45,0.0,78076.17,91837.34,True,False,0.0,77628.97,0.0,1.038,1.3819
2026-08-29T07:51:41Z,HBARUSDT,COOLING,NONE,0.0,0.0,0.0,1.33,0.0,31038.12,14763.88,True,False,0.0,77628.97,0.0,1.469,0.07505
2026-08-29T07:51:44Z,QAITUSDT,IMPULSE,NONE,0.0,0.0,0.0,66.99,0.0,1094.32,1001.01,True,False,0.0,77628.97,0.0,0.933,0.001947
2026-08-29T07:51:46Z,WUSDT,COOLING,NONE,0.0,0.0,0.0,5.46,0.0,8947.58,4261.49,True,False,0.0,77628.97,0.0,1.108,0.009163
2026-08-29T07:51:49Z,REDUSDT,COOLING,NONE,0.0,0.0,0.0,11.91,0.0,6623.54,4455.04,True,False,0.0,77628.97,0.0,1.026,0.10915
2026-08-29T07:53:44Z,XRPUSDT,COOLING,NONE,0.0,0.0,0.0,2.9,0.72,94518.64,97407.59,True,False,-0.0036,77628.48,-0.0006,0.937,1.381
2026-08-29T07:53:47Z,HBARUSDT,COOLING,NONE,0.0,0.0,0.0,1.33,0.0,19462.26,28070.59,True,False,0.0,77628.48,-0.0006,1.125,0.07498
2026-08-29T07:54:29Z,QAITUSDT,IMPULSE,NONE,0.0,0.0,0.0,66.99,0.0,1094.32,1001.01,True,False,0.0,77628.48,-0.0006,1.209,0.001947
2026-08-29T07:55:12Z,WUSDT,COOLING,NONE,0.0,0.0,0.0,8.74,-3.28,9497.87,2701.66,True,False,-0.0164,77628.48,-0.0006,41.043,0.009145
2026-08-29T07:55:14Z,REDUSDT,COOLING,NONE,0.0,0.0,0.0,11.91,0.0,6601.48,4509.86,True,False,0.0,77628.48,-0.0006,1.907,0.10915
2026-08-29T07:56:51Z,XRPUSDT,COOLING,SELL,0.15,0.0,0.15,2.89,0.0,94241.72,193492.47,True,False,0.0,77645.46,0.0219,1.038,1.3823
2026-08-29T07:56:53Z,HBARUSDT,COOLING,NONE,0.0,0.0,0.0,1.33,0.0,37884.4,33380.87,True,False,0.0,77645.46,0.0219,1.029,0.07494
2026-08-29T07:56:55Z,QAITUSDT,IMPULSE,NONE,0.0,0.0,0.0,66.99,0.0,1094.32,1001.01,True,False,0.0,77645.46,0.0219,1.067,0.001947
2026-08-29T07:56:57Z,WUSDT,COOLING,NONE,0.0,0.0,0.0,16.4,0.0,8499.1,3457.65,True,False,0.0,77645.46,0.0219,0.956,0.009148
2026-08-29T07:56:59Z,REDUSDT,COOLING,NONE,0.0,0.0,0.0,11.91,0.0,6543.07,4448.03,True,False,0.0,77645.46,0.0219,1.0,0.10914
2026-08-29T07:58:10Z,XRPUSDT,COOLING,NONE,0.0,0.0,0.0,2.17,0.0,77512.73,60225.46,True,False,0.0,77645.46,0.0,1.025,1.3825
2026-08-29T07:58:11Z,HBARUSDT,COOLING,NONE,0.0,0.0,0.0,1.33,0.0,26765.46,38318.26,True,False,0.0,77645.46,0.0,0.999,0.07497
2026-08-29T07:58:14Z,QAITUSDT,IMPULSE,NONE,0.0,0.0,0.0,66.99,0.0,1094.32,1001.01,True,False,0.0,77645.46,0.0,1.063,0.001947
2026-08-29T07:58:17Z,WUSDT,COOLING,NONE,0.0,0.0,0.0,12.04,0.0,8460.76,4786.47,True,False,0.0,77645.46,0.0,0.92,0.009134
2026-08-29T07:58:59Z,REDUSDT,COOLING,SELL,0.29,0.07,0.29,13.75,1.82,6596.02,4851.24,True,False,0.0918,77645.46,0.0,41.111,0.10893
2026-08-29T08:01:36Z,XRPUSDT,COOLING,NONE,0.0,0.0,0.0,2.9,0.0,61032.23,58589.58,True,False,-0.0072,77600.0,-0.0585,2.037,1.3816
2026-08-29T08:01:40Z,HBARUSDT,COOLING,BUY,0.0,28.4,28.4,1.33,0.0,16362.2,37060.6,True,True,-0.0267,77600.0,-0.0585,2.198,0.07493
2026-08-29T08:01:43Z,QAITUSDT,IMPULSE,NONE,0.0,0.0,0.0,66.99,0.0,1094.32,1001.01,True,False,0.0,77600.0,-0.0585,1.122,0.001947
2026-08-29T08:01:47Z,WUSDT,COOLING,SELL,16.15,0.0,16.15,5.48,-3.29,13584.58,3462.86,True,False,-0.0164,77600.0,-0.0585,2.247,0.009136
2026-08-29T08:01:49Z,REDUSDT,COOLING,NONE,0.0,0.0,0.0,11.89,0.0,5789.84,4300.56,True,False,0.0,77600.0,-0.0585,1.187,0.10917
2026-08-29T08:03:38Z,XRPUSDT,COOLING,NONE,0.0,0.0,0.0,1.45,0.0,71655.02,189754.98,True,False,0.0,77537.74,-0.0802,1.13,1.3806
2026-08-29T08:03:40Z,HBARUSDT,COOLING,SELL,5.44,0.0,5.44,1.33,0.0,34854.16,35925.73,True,False,-0.0133,77537.74,-0.0802,1.206,0.07495
2026-08-29T08:03:44Z,RIZEUSDT,COOLING,SELL,0.0,0.0,0.0,58.36,0.0,171.88,707.33,True,False,0.0,77537.74,-0.0802,2.054,0.004625
2026-08-29T08:03:47Z,WUSDT,COOLING,NONE,0.0,0.0,0.0,9.86,0.0,9391.55,3756.06,True,False,0.0,77537.74,-0.0802,2.089,0.009124
2026-08-29T08:03:51Z,REDUSDT,COOLING,NONE,0.0,0.0,0.0,11.91,0.0,4381.38,5999.62,True,False,0.0,77537.74,-0.0802,1.964,0.10914
2026-08-29T08:06:29Z,XRPUSDT,COOLING,NONE,0.0,0.0,0.0,2.17,0.0,78827.9,196930.25,True,False,0.0,77508.87,-0.0372,1.099,1.3797
2026-08-29T08:06:30Z,HBARUSDT,COOLING,NONE,0.0,0.0,0.0,1.34,0.0,37313.08,41800.93,True,False,0.0,77508.87,-0.0372,1.046,0.07489
2026-08-29T08:06:32Z,RIZEUSDT,COOLING,NONE,0.0,0.0,0.0,58.36,0.0,171.88,709.06,True,False,0.0,77508.87,-0.0372,1.035,0.004621
2026-08-29T08:06:34Z,WUSDT,COOLING,NONE,0.0,0.0,0.0,12.07,0.0,10188.13,3540.88,True,False,0.0,77508.87,-0.0372,0.992,0.009111
2026-08-29T08:06:36Z,REDUSDT,COOLING,BUY,0.0,10.65,10.65,11.89,1.82,7082.05,4765.38,True,False,0.0915,77508.87,-0.0372,1.076,0.10927
2026-08-29T08:07:10Z,XRPUSDT,COOLING,NONE,0.0,0.0,0.0,2.9,0.0,99170.2,209790.54,True,False,0.0,77511.95,0.004,1.111,1.38
2026-08-29T08:07:12Z,HBARUSDT,COOLING,NONE,0.0,0.0,0.0,2.67,1.34,47320.29,47988.76,True,False,-0.0067,77511.95,0.004,1.182,0.07488
2026-08-29T08:07:14Z,RIZEUSDT,COOLING,NONE,0.0,0.0,0.0,58.36,0.0,171.88,720.4,True,False,0.0,77511.95,0.004,1.233,0.004621
2026-08-29T08:07:16Z,WUSDT,COOLING,NONE,0.0,0.0,0.0,12.07,0.0,10188.13,3540.88,True,False,0.0,77511.95,0.004,1.054,0.009116
2026-08-29T08:07:18Z,REDUSDT,COOLING,NONE,0.0,0.0,0.0,11.89,0.0,5032.33,4219.05,True,False,0.0,77511.95,0.004,1.122,0.10928
2026-08-29T08:11:36Z,XRPUSDT,COOLING,SELL,17.94,15.75,17.94,2.17,0.72,65445.56,75596.97,True,False,0.0181,77504.98,-0.009,0.909,1.3798
2026-08-29T08:11:39Z,HBARUSDT,COOLING,NONE,0.0,0.0,0.0,1.34,0.0,33242.91,47083.84,True,False,0.0,77504.98,-0.009,0.913,0.07485
2026-08-29T08:11:41Z,RIZEUSDT,COOLING,NONE,0.0,0.0,0.0,58.36,0.0,171.88,720.4,True,False,0.0,77504.98,-0.009,0.96,0.004625
2026-08-29T08:11:52Z,WUSDT,COOLING,NONE,0.0,0.0,0.0,8.78,0.0,9544.9,3460.03,True,False,0.0,77504.98,-0.009,7.923,0.009106
2026-08-29T08:12:34Z,REDUSDT,COOLING,SELL,0.04,0.0,0.04,12.83,-1.83,5954.0,5772.63,True,False,0.0092,77504.98,-0.009,41.041,0.10895
2026-08-29T08:13:07Z,XRPUSDT,COOLING,NONE,0.0,0.0,0.0,1.45,0.0,72934.11,81510.16,True,False,0.0,77514.21,0.0119,1.042,1.38
2026-08-29T08:13:09Z,HBARUSDT,COOLING,NONE,0.0,0.0,0.0,1.34,0.0,35468.05,44653.57,True,False,0.0,77514.21,0.0119,1.431,0.07488
2026-08-29T08:13:14Z,RIZEUSDT,COOLING,BUY,0.0,0.44,0.44,58.36,0.0,126.41,717.08,True,False,0.0,77514.21,0.0119,1.975,0.004626
2026-08-29T08:13:15Z,WUSDT,COOLING,BUY,0.0,19.54,19.54,8.77,0.0,14799.54,4258.51,True,False,0.0,77514.21,0.0119,1.004,0.009112
2026-08-29T08:13:17Z,REDUSDT,COOLING,NONE,0.0,0.0,0.0,11.91,0.0,2171.65,1928.62,True,False,0.0,77514.21,0.0119,0.936,0.10913
2026-08-29T08:13:48Z,XRPUSDT,COOLING,NONE,0.0,0.0,0.0,2.9,2.18,56290.76,74597.59,True,False,0.0109,77539.99,0.0333,1.977,1.379
2026-08-29T08:13:50Z,HBARUSDT,COOLING,NONE,0.0,0.0,0.0,1.34,0.0,39752.72,42092.67,True,False,0.0,77539.99,0.0333,0.982,0.07485
2026-08-29T08:13:52Z,RIZEUSDT,COOLING,NONE,0.0,0.0,0.0,58.36,0.0,171.88,710.85,True,False,0.0,77539.99,0.0333,0.989,0.004626
2026-08-29T08:13:53Z,WUSDT,COOLING,NONE,0.0,0.0,0.0,13.17,0.0,14722.06,3462.66,True,False,0.0,77539.99,0.0333,0.992,0.009112
2026-08-29T08:13:55Z,REDUSDT,COOLING,NONE,0.0,0.0,0.0,11.0,-0.92,6010.91,5693.06,True,False,-0.0046,77539.99,0.0333,0.989,0.10916
2026-08-29T08:15:39Z,XRPUSDT,COOLING,NONE,0.0,0.0,0.0,2.18,0.0,51942.65,94405.93,True,False,0.0,77517.5,-0.029,2.444,1.3795
2026-08-29T08:15:43Z,HBARUSDT,COOLING,NONE,0.0,0.0,0.0,1.34,0.0,41569.97,36997.94,True,False,0.0,77517.5,-0.029,1.399,0.07483
2026-08-29T08:15:47Z,RIZEUSDT,COOLING,NONE,0.0,0.0,0.0,58.36,0.0,126.25,710.85,True,False,0.0,77517.5,-0.029,1.024,0.004625
2026-08-29T08:15:50Z,WUSDT,COOLING,NONE,0.0,0.0,0.0,15.38,0.0,8159.72,4476.85,True,False,0.0,77517.5,-0.029,1.249,0.009114
2026-08-29T08:15:52Z,REDUSDT,COOLING,NONE,0.0,0.0,0.0,11.0,0.0,2171.45,1981.94,True,False,0.0,77517.5,-0.029,1.523,0.10912
2026-08-29T08:16:26Z,XRPUSDT,COOLING,NONE,0.0,0.0,0.0,1.45,0.0,59303.29,94405.93,True,False,0.0,77513.81,-0.0048,0.975,1.3792
2026-08-29T08:16:27Z,HBARUSDT,COOLING,NONE,0.0,0.0,0.0,1.34,0.0,41569.97,36997.94,True,False,0.0,77513.81,-0.0048,0.973,0.0748
2026-08-29T08:16:30Z,RIZEUSDT,COOLING,SELL,27.32,0.0,27.32,58.36,0.0,183.43,716.15,True,False,0.0,77513.81,-0.0048,1.135,0.004631
2026-08-29T08:16:31Z,WUSDT,COOLING,NONE,0.0,0.0,0.0,15.38,0.0,8159.72,4476.85,True,False,0.0,77513.81,-0.0048,0.955,0.009108
2026-08-29T08:16:35Z,REDUSDT,COOLING,NONE,0.0,0.0,0.0,19.25,0.0,4375.82,5066.62,True,False,0.0,77513.81,-0.0048,1.164,0.10905
2026-08-29T08:17:07Z,XRPUSDT,COOLING,NONE,0.0,0.0,0.0,2.9,0.0,130823.73,194351.42,True,False,0.0,77513.79,-0.0,2.241,1.3793
2026-08-29T08:17:10Z,HBARUSDT,COOLING,NONE,0.0,0.0,0.0,1.34,0.0,26010.96,35118.86,True,False,0.0,77513.79,-0.0,1.044,0.07481
2026-08-29T08:17:13Z,RIZEUSDT,COOLING,SELL,3.24,0.0,3.24,58.36,0.0,183.43,716.15,True,False,0.0,77513.79,-0.0,1.943,0.004631
2026-08-29T08:17:15Z,WUSDT,COOLING,NONE,0.0,0.0,0.0,8.78,0.0,9558.62,4517.45,True,False,0.0,77513.79,-0.0,1.016,0.009108
2026-08-29T08:17:19Z,REDUSDT,COOLING,NONE,0.0,0.0,0.0,12.84,0.0,5641.35,4574.72,True,False,0.0,77513.79,-0.0,1.984,0.10903
2026-08-29T08:18:37Z,XRPUSDT,COOLING,NONE,0.0,0.0,0.0,2.9,0.72,130448.23,227793.18,True,False,-0.0036,77513.79,0.0,2.132,1.3798
2026-08-29T08:18:39Z,HBARUSDT,COOLING,NONE,0.0,0.0,0.0,1.34,0.0,33653.21,19467.98,True,False,0.0,77513.79,0.0,1.143,0.0748
2026-08-29T08:18:44Z,RIZEUSDT,COOLING,NONE,0.0,0.0,0.0,58.36,0.0,171.88,716.12,True,False,0.0,77513.79,0.0,2.229,0.00464
2026-08-29T08:18:48Z,WUSDT,COOLING,NONE,0.0,0.0,0.0,13.18,0.0,9549.09,3460.03,True,False,0.0,77513.79,0.0,2.215,0.009105
2026-08-29T08:18:51Z,REDUSDT,COOLING,NONE,0.0,0.0,0.0,10.07,0.0,5838.38,4005.1,True,False,0.0,77513.79,0.0,1.141,0.10907
2026-08-29T08:19:30Z,XRPUSDT,COOLING,NONE,0.0,0.0,0.0,2.17,0.0,111553.6,122533.54,True,False,0.0,77513.79,0.0,1.108,1.3806
2026-08-29T08:19:33Z,HBARUSDT,COOLING,NONE,0.0,0.0,0.0,1.34,0.0,29808.08,45856.95,True,False,0.0,77513.79,0.0,2.594,0.07486
2026-08-29T08:19:36Z,RIZEUSDT,COOLING,SELL,0.0,0.0,0.0,58.36,0.0,171.88,716.12,True,False,0.0,77513.79,0.0,1.142,0.004635
2026-08-29T08:19:39Z,WUSDT,COOLING,NONE,0.0,0.0,0.0,6.58,-1.1,9244.89,4517.45,True,False,-0.0055,77513.79,0.0,1.934,0.00911
2026-08-29T08:19:41Z,REDUSDT,COOLING,NONE,0.0,0.0,0.0,10.97,-0.92,4877.0,4009.1,True,False,0.0046,77513.79,0.0,0.982,0.10927
2026-08-29T08:20:23Z,XRPUSDT,COOLING,SELL,0.02,0.0,0.02,2.17,0.72,104295.1,174087.12,True,False,0.0036,77527.5,0.0177,2.273,1.381
2026-08-29T08:20:26Z,HBARUSDT,COOLING,NONE,0.0,0.0,0.0,1.34,0.0,37498.09,46486.03,True,False,0.0,77527.5,0.0177,1.104,0.07486
2026-08-29T08:20:29Z,RIZEUSDT,COOLING,NONE,0.0,0.0,0.0,58.36,0.0,171.88,716.12,True,False,0.0,77527.5,0.0177,2.142,0.004635
2026-08-29T08:20:34Z,WUSDT,COOLING,NONE,0.0,0.0,0.0,14.26,0.0,10255.29,4517.45,True,False,0.0,77527.5,0.0177,1.611,0.009122
2026-08-29T08:20:39Z,REDUSDT,COOLING,NONE,0.0,0.0,0.0,10.97,0.0,4877.44,4009.1,True,False,0.0,77527.5,0.0177,1.135,0.10938
2026-08-29T08:21:51Z,XRPUSDT,COOLING,NONE,0.0,0.0,0.0,0.72,0.0,145521.32,194668.68,True,False,0.0,77515.34,-0.0157,2.178,1.3803
2026-08-29T08:21:53Z,HBARUSDT,COOLING,NONE,0.0,0.0,0.0,1.34,0.0,41727.7,18032.77,True,False,0.0,77515.34,-0.0157,1.086,0.07481
2026-08-29T08:21:55Z,RIZEUSDT,COOLING,SELL,27.49,0.0,27.49,58.36,0.0,171.88,708.26,True,True,0.0,77515.34,-0.0157,0.968,0.004624
2026-08-29T08:21:58Z,WUSDT,COOLING,NONE,0.0,0.0,0.0,6.58,0.0,9244.89,4795.54,True,False,0.0,77515.34,-0.0157,1.086,0.009112
2026-08-29T08:22:01Z,REDUSDT,COOLING,NONE,0.0,0.0,0.0,10.97,0.0,4877.44,4009.1,True,False,0.0,77515.34,-0.0157,2.135,0.10936
2026-08-29T08:22:39Z,XRPUSDT,COOLING,SELL,4.69,0.0,4.69,1.45,0.0,57556.72,216728.65,True,False,0.0,77527.49,0.0157,2.08,1.3817
2026-08-29T08:22:43Z,HBARUSDT,COOLING,NONE,0.0,0.0,0.0,1.34,0.0,36641.17,48385.37,True,False,0.0,77527.49,0.0157,2.247,0.07482
2026-08-29T08:22:47Z,RIZEUSDT,COOLING,NONE,0.0,0.0,0.0,58.36,0.0,126.08,708.26,True,False,0.0,77527.49,0.0157,2.123,0.004625
2026-08-29T08:22:51Z,WUSDT,COOLING,NONE,0.0,0.0,0.0,4.38,-1.09,16070.58,4795.54,True,False,-0.0055,77527.49,0.0157,1.967,0.009125
2026-08-29T08:22:55Z,REDUSDT,COOLING,NONE,0.0,0.0,0.0,9.12,0.0,5805.15,4465.48,True,False,0.0,77527.49,0.0157,1.514,0.10938
2026-08-29T08:23:36Z,XRPUSDT,COOLING,NONE,0.0,0.0,0.0,1.45,0.0,90392.82,178854.38,True,False,0.0,77537.2,0.0125,2.147,1.3827
2026-08-29T08:23:38Z,HBARUSDT,COOLING,NONE,0.0,0.0,0.0,1.33,0.0,17804.72,30032.81,True,False,0.0,77537.2,0.0125,1.2,0.07487
2026-08-29T08:23:40Z,RIZEUSDT,COOLING,NONE,0.0,0.0,0.0,58.36,0.0,126.25,708.26,True,False,0.0,77537.2,0.0125,1.142,0.004623
2026-08-29T08:23:44Z,WUSDT,COOLING,NONE,0.0,0.0,0.0,12.04,0.0,9706.03,4795.54,True,False,0.0,77537.2,0.0125,1.192,0.009132
2026-08-29T08:23:47Z,REDUSDT,COOLING,NONE,0.0,0.0,0.0,11.85,0.0,5809.95,4254.29,True,False,0.0,77537.2,0.0125,2.118,0.10967
2026-08-29T08:25:05Z,XRPUSDT,COOLING,NONE,0.0,0.0,0.0,0.72,0.0,126744.19,94273.35,True,False,0.0,77554.99,0.0229,1.115,1.3821
2026-08-29T08:25:08Z,HBARUSDT,COOLING,NONE,0.0,0.0,0.0,1.34,0.0,32510.1,48178.31,True,False,0.0,77554.99,0.0229,1.069,0.07489
2026-08-29T08:25:12Z,RIZEUSDT,COOLING,NONE,0.0,0.0,0.0,58.36,0.0,183.43,715.65,True,False,0.0,77554.99,0.0229,1.174,0.004628
2026-08-29T08:25:16Z,WUSDT,COOLING,NONE,0.0,0.0,0.0,17.53,9.86,10646.44,4692.23,True,False,-0.0493,77554.99,0.0229,2.104,0.009134
2026-08-29T08:25:21Z,REDUSDT,COOLING,NONE,0.0,0.0,0.0,11.8,-7.27,4427.17,6105.77,True,False,0.0363,77554.99,0.0229,2.002,0.10976
2026-08-29T08:25:56Z,XRPUSDT,COOLING,NONE,0.0,0.0,0.0,1.45,0.0,147500.89,180507.42,True,False,0.0,77558.71,0.0048,1.968,1.3821
2026-08-29T08:25:58Z,HBARUSDT,COOLING,NONE,0.0,0.0,0.0,1.34,0.0,24807.57,49347.3,True,False,0.0,77558.71,0.0048,1.018,0.07491
2026-08-29T08:26:02Z,RIZEUSDT,COOLING,SELL,0.0,0.0,0.0,58.36,0.0,171.88,715.65,True,False,0.0,77558.71,0.0048,2.192,0.004628
2026-08-29T08:26:05Z,WUSDT,COOLING,NONE,0.0,0.0,0.0,7.66,0.0,10646.44,4692.23,True,False,0.0,77558.71,0.0048,1.095,0.009129
2026-08-29T08:26:09Z,REDUSDT,COOLING,NONE,0.0,0.0,0.0,11.8,0.0,6192.4,6105.77,True,False,0.0,77558.71,0.0048,1.28,0.11015
2026-08-29T08:26:46Z,XRPUSDT,COOLING,BUY,12.96,49.37,49.37,0.72,-0.72,72217.62,91468.66,True,False,0.0036,77558.71,0.0,1.03,1.383
2026-08-29T08:26:51Z,HBARUSDT,COOLING,NONE,0.0,0.0,0.0,1.33,0.0,22442.2,43272.62,True,False,0.0,77558.71,0.0,2.555,0.0749
2026-08-29T08:26:54Z,RIZEUSDT,COOLING,SELL,0.0,0.0,0.0,58.36,0.0,171.88,715.65,True,False,0.0,77558.71,0.0,1.003,0.004634
2026-08-29T08:26:55Z,WUSDT,COOLING,NONE,0.0,0.0,0.0,13.14,2.19,10238.82,4692.23,True,False,-0.0109,77558.71,0.0,1.086,0.00913
2026-08-29T08:26:58Z,REDUSDT,COOLING,BUY,5.34,14.55,14.55,11.8,-0.9,6369.75,6215.36,True,False,-0.0952,77558.71,0.0,1.97,0.11021
2026-08-29T08:28:20Z,XRPUSDT,COOLING,BUY,0.0,2.28,2.28,1.45,0.0,99317.9,64591.11,True,False,0.0,77575.02,0.021,1.103,1.3835
2026-08-29T08:28:24Z,HBARUSDT,COOLING,NONE,0.0,0.0,0.0,1.34,0.0,16944.58,48596.69,True,False,0.0,77575.02,0.021,1.032,0.07493
2026-08-29T08:28:26Z,RIZEUSDT,COOLING,NONE,0.0,0.0,0.0,58.36,0.0,171.88,715.03,True,False,0.0,77575.02,0.021,1.181,0.004637
2026-08-29T08:28:29Z,WUSDT,COOLING,NONE,0.0,0.0,0.0,10.96,-6.57,15801.48,4692.23,True,False,-0.0438,77575.02,0.021,0.999,0.009129
2026-08-29T08:28:34Z,REDUSDT,COOLING,NONE,0.0,0.0,0.0,21.78,0.0,5699.52,6732.85,True,False,0.0,77575.02,0.021,2.073,0.11016
2026-08-29T08:29:16Z,XRPUSDT,COOLING,BUY,25.99,42.37,42.37,2.17,0.0,125063.75,97839.9,True,False,-0.0217,77590.04,0.0194,0.969,1.3837
2026-08-29T08:29:18Z,HBARUSDT,COOLING,NONE,0.0,0.0,0.0,1.34,0.0,36662.38,49214.64,True,False,0.0,77590.04,0.0194,1.02,0.07491
2026-08-29T08:29:20Z,RIZEUSDT,COOLING,NONE,0.0,0.0,0.0,58.36,0.0,126.22,715.03,True,False,0.0,77590.04,0.0194,1.028,0.004637
2026-08-29T08:29:24Z,WUSDT,COOLING,NONE,0.0,0.0,0.0,12.05,0.0,11050.18,4692.23,True,False,0.0,77590.04,0.0194,0.955,0.009133
2026-08-29T08:29:26Z,REDUSDT,COOLING,NONE,0.0,0.0,0.0,12.71,0.0,5699.52,6726.19,True,False,0.0,77590.04,0.0194,1.032,0.11014
2026-08-29T08:29:59Z,XRPUSDT,COOLING,NONE,0.0,0.0,0.0,2.17,0.0,121995.58,103757.15,True,False,0.0,77584.29,-0.0074,1.997,1.3837
2026-08-29T08:30:01Z,HBARUSDT,COOLING,NONE,0.0,0.0,0.0,1.34,0.0,36662.38,49214.64,True,False,0.0,77584.29,-0.0074,1.078,0.07489
2026-08-29T08:30:04Z,RIZEUSDT,COOLING,NONE,0.0,0.0,0.0,58.36,0.0,171.88,711.79,True,False,0.0,77584.29,-0.0074,0.94,0.004637
2026-08-29T08:30:07Z,WUSDT,COOLING,NONE,0.0,0.0,0.0,9.86,0.0,11050.18,4692.23,True,False,0.0,77584.29,-0.0074,1.214,0.009133
2026-08-29T08:30:11Z,REDUSDT,COOLING,NONE,0.0,0.0,0.0,19.04,0.0,6159.62,6339.59,True,False,0.0,77584.29,-0.0074,1.292,0.11017
2026-08-29T08:31:32Z,XRPUSDT,COOLING,SELL,21.81,0.0,21.81,0.72,-0.72,122979.34,96430.44,True,True,-0.0108,77575.46,-0.0114,2.141,1.3829
2026-08-29T08:31:35Z,HBARUSDT,COOLING,NONE,0.0,0.0,0.0,1.34,0.0,24794.37,49705.48,True,False,0.0,77575.46,-0.0114,1.041,0.07488
2026-08-29T08:31:40Z,RIZEUSDT,COOLING,NONE,0.0,0.0,0.0,58.36,0.0,171.88,710.67,True,False,0.0,77575.46,-0.0114,1.284,0.004631
2026-08-29T08:31:45Z,WUSDT,COOLING,NONE,0.0,0.0,0.0,9.86,0.0,16616.97,4970.33,True,False,0.0,77575.46,-0.0114,2.599,0.00913
2026-08-29T08:31:49Z,REDUSDT,COOLING,SELL,0.06,0.0,0.06,12.71,0.01,6159.62,6610.01,True,False,-0.0907,77575.46,-0.0114,1.13,0.11028
2026-08-29T08:32:28Z,XRPUSDT,COOLING,NONE,0.0,0.0,0.0,0.72,0.0,98821.12,93707.58,True,False,0.0,77525.0,-0.065,2.216,1.3812
2026-08-29T08:32:31Z,HBARUSDT,COOLING,NONE,0.0,0.0,0.0,1.34,0.0,37078.22,40173.35,True,False,0.0,77525.0,-0.065,1.184,0.07485
2026-08-29T08:32:34Z,RIZEUSDT,COOLING,NONE,0.0,0.0,0.0,58.36,0.0,126.25,710.67,True,False,0.0,77525.0,-0.065,1.171,0.004626
2026-08-29T08:32:37Z,WUSDT,COOLING,NONE,0.0,0.0,0.0,13.17,0.0,9151.89,4795.54,True,False,0.0,77525.0,-0.065,1.926,0.009125
2026-08-29T08:32:40Z,REDUSDT,COOLING,NONE,0.0,0.0,0.0,12.7,0.0,6159.62,6732.85,True,False,0.0,77525.0,-0.065,1.942,0.11024
2026-08-29T08:33:18Z,XRPUSDT,COOLING,NONE,0.0,0.0,0.0,2.17,0.0,135799.04,91976.23,True,False,0.0,77517.13,-0.0102,1.184,1.3815
2026-08-29T08:33:21Z,HBARUSDT,COOLING,NONE,0.0,0.0,0.0,1.34,0.0,35879.14,30519.35,True,False,0.0,77517.13,-0.0102,1.104,0.07479
2026-08-29T08:33:23Z,RIZEUSDT,COOLING,SELL,25.64,0.0,25.64,58.36,0.0,171.88,710.67,True,False,0.0,77517.13,-0.0102,1.032,0.004626
2026-08-29T08:33:25Z,WUSDT,COOLING,NONE,0.0,0.0,0.0,12.07,0.0,10319.86,4795.54,True,False,0.0,77517.13,-0.0102,0.982,0.009109
2026-08-29T08:33:27Z,REDUSDT,COOLING,NONE,0.0,0.0,0.0,12.7,0.0,6159.62,6732.85,True,False,0.0,77517.13,-0.0102,0.936,0.11024
2026-08-29T08:34:46Z,XRPUSDT,COOLING,SELL,37.88,19.7,37.88,2.89,1.45,131922.27,124812.53,True,True,-0.0072,77536.8,0.0254,1.157,1.3819
2026-08-29T08:34:49Z,HBARUSDT,COOLING,NONE,0.0,0.0,0.0,1.34,0.0,36904.62,33430.94,True,False,0.0,77536.8,0.0254,1.079,0.07478
2026-08-29T08:34:54Z,RIZEUSDT,COOLING,NONE,0.0,0.0,0.0,58.36,0.0,171.88,710.67,True,False,0.0,77536.8,0.0254,2.072,0.004628
2026-08-29T08:34:57Z,WUSDT,COOLING,NONE,0.0,0.0,0.0,15.38,0.0,8568.71,5633.06,True,False,0.0,77536.8,0.0254,1.278,0.009102
2026-08-29T08:35:00Z,REDUSDT,COOLING,NONE,0.0,0.0,0.0,21.78,0.0,5699.52,6610.01,True,False,0.0,77536.8,0.0254,2.158,0.11027
2026-08-29T08:35:36Z,XRPUSDT,COOLING,NONE,0.0,0.0,0.0,2.17,0.0,90111.82,104682.07,True,False,0.0,77538.72,0.0025,1.131,1.3819
2026-08-29T08:35:38Z,HBARUSDT,COOLING,NONE,0.0,0.0,0.0,1.34,0.0,30131.13,16990.2,True,False,0.0,77538.72,0.0025,1.121,0.07476
2026-08-29T08:35:42Z,RIZEUSDT,COOLING,SELL,0.01,0.0,0.01,58.36,0.0,126.39,710.67,True,False,0.0,77538.72,0.0025,2.196,0.004628
2026-08-29T08:35:44Z,WUSDT,COOLING,NONE,0.0,0.0,0.0,15.38,0.0,9154.08,3141.39,True,False,0.0,77538.72,0.0025,1.096,0.009109
2026-08-29T08:35:46Z,REDUSDT,COOLING,NONE,0.0,0.0,0.0,11.8,0.0,5699.52,6151.6,True,False,0.0,77538.72,0.0025,1.122,0.11017
2026-08-29T08:36:31Z,XRPUSDT,COOLING,BUY,0.0,0.05,0.05,2.89,0.0,148534.58,104842.77,True,False,0.0,77538.72,0.0,1.628,1.3819
2026-08-29T08:36:33Z,HBARUSDT,COOLING,NONE,0.0,0.0,0.0,1.34,0.0,37039.87,33482.31,True,False,0.0,77538.72,0.0,1.193,0.0747
2026-08-29T08:36:36Z,RIZEUSDT,COOLING,SELL,10.93,0.0,10.93,58.36,0.0,165.48,714.96,True,False,0.0,77538.72,0.0,2.16,0.004628
2026-08-29T08:36:39Z,WUSDT,COOLING,NONE,0.0,0.0,0.0,15.38,0.0,9154.08,3141.39,True,False,0.0,77538.72,0.0,1.108,0.009108
2026-08-29T08:36:42Z,REDUSDT,COOLING,NONE,0.0,0.0,0.0,12.71,0.0,5699.52,6151.6,True,False,0.0,77538.72,0.0,1.236,0.11018
2026-08-29T08:37:57Z,XRPUSDT,COOLING,SELL,14.53,0.0,14.53,2.17,0.0,137046.92,55646.44,True,False,0.0,77538.71,-0.0,2.07,1.3809
2026-08-29T08:38:02Z,HBARUSDT,COOLING,NONE,0.0,0.0,0.0,1.34,0.0,35334.52,34917.1,True,False,0.0,77538.71,-0.0,2.232,0.0747
2026-08-29T08:38:06Z,RIZEUSDT,COOLING,NONE,0.0,0.0,0.0,58.36,0.0,171.88,721.5,True,False,0.0,77538.71,-0.0,1.485,0.004628
2026-08-29T08:38:09Z,WUSDT,COOLING,NONE,0.0,0.0,0.0,12.08,0.0,9154.08,3141.39,True,False,0.0,77538.71,-0.0,1.208,0.009103
2026-08-29T08:38:12Z,REDUSDT,COOLING,NONE,0.0,0.0,0.0,21.78,0.0,5800.66,6217.14,True,False,0.0,77538.71,-0.0,2.352,0.11024
2026-08-29T08:38:54Z,XRPUSDT,COOLING,NONE,0.0,0.0,0.0,2.9,0.72,70784.71,90618.71,True,False,0.0036,77538.71,0.0,1.982,1.3812
2026-08-29T08:38:56Z,HBARUSDT,COOLING,BUY,0.0,47.74,47.74,2.68,-1.34,18185.28,31710.95,True,True,0.0067,77538.71,0.0,1.072,0.0747
2026-08-29T08:38:58Z,RIZEUSDT,COOLING,SELL,27.27,0.0,27.27,58.36,0.0,171.88,707.68,True,True,0.0,77538.71,0.0,0.977,0.004628
2026-08-29T08:39:01Z,WUSDT,COOLING,NONE,0.0,0.0,0.0,9.89,0.0,9154.08,3141.39,True,False,0.0,77538.71,0.0,2.165,0.009104
2026-08-29T08:39:04Z,REDUSDT,COOLING,NONE,0.0,0.0,0.0,13.6,0.0,6095.08,6558.34,True,False,0.0,77538.71,0.0,1.12,0.11029
2026-08-29T08:39:43Z,XRPUSDT,COOLING,NONE,0.0,0.0,0.0,2.9,0.72,94020.62,105414.4,True,False,0.0036,77541.78,0.004,1.971,1.381
2026-08-29T08:39:47Z,HBARUSDT,COOLING,NONE,0.0,0.0,0.0,1.34,0.0,45480.3,29812.76,True,False,0.0,77541.78,0.004,1.371,0.0747
2026-08-29T08:39:50Z,RIZEUSDT,COOLING,NONE,0.0,0.0,0.0,58.36,0.0,183.43,707.68,True,False,0.0,77541.78,0.004,1.01,0.004628
2026-08-29T08:39:51Z,WUSDT,COOLING,NONE,0.0,0.0,0.0,9.89,0.0,9154.08,3141.39,True,False,0.0,77541.78,0.004,0.979,0.009102
2026-08-29T08:39:53Z,REDUSDT,COOLING,NONE,0.0,0.0,0.0,13.6,0.0,4918.31,5074.51,True,False,0.0,77541.78,0.004,0.992,0.11029
2026-08-29T08:41:01Z,XRPUSDT,COOLING,NONE,0.0,0.0,0.0,2.17,0.72,113032.71,77782.25,True,False,0.0036,77551.98,0.0132,1.977,1.3817
2026-08-29T08:41:04Z,HBARUSDT,COOLING,NONE,0.0,0.0,0.0,1.34,0.0,33936.53,37434.35,True,False,0.0,77551.98,0.0132,1.058,0.07475
2026-08-29T08:41:07Z,RIZEUSDT,COOLING,NONE,0.0,0.0,0.0,36.71,-21.65,171.88,707.68,True,False,0.1081,77551.98,0.0132,2.059,0.004626
2026-08-29T08:41:10Z,WUSDT,COOLING,NONE,0.0,0.0,0.0,12.08,0.0,14123.79,5633.06,True,False,0.0,77551.98,0.0132,1.151,0.009105
2026-08-29T08:41:17Z,REDUSDT,COOLING,SELL,0.53,0.0,0.53,12.69,0.0,6640.62,6562.47,True,False,0.0,77551.98,0.0132,4.145,0.11032
2026-08-29T08:41:56Z,XRPUSDT,COOLING,NONE,0.0,0.0,0.0,1.45,0.0,83427.67,74452.15,True,False,0.0,77573.41,0.0276,1.086,1.3824
2026-08-29T08:41:58Z,HBARUSDT,COOLING,NONE,0.0,0.0,0.0,1.34,0.0,36716.14,35826.69,True,False,0.0,77573.41,0.0276,1.09,0.07472
2026-08-29T08:42:02Z,RIZEUSDT,COOLING,SELL,11.79,0.0,11.79,41.01,4.31,171.88,714.93,True,False,0.0216,77573.41,0.0276,2.241,0.004623
2026-08-29T08:42:05Z,WUSDT,COOLING,NONE,0.0,0.0,0.0,15.38,0.0,14123.79,5633.06,True,False,0.0,77573.41,0.0276,1.153,0.009105
2026-08-29T08:42:09Z,REDUSDT,COOLING,NONE,0.0,0.0,0.0,12.69,0.0,6473.76,6562.47,True,False,0.0,77573.41,0.0276,2.274,0.11035
2026-08-29T08:42:51Z,XRPUSDT,COOLING,NONE,0.0,0.0,0.0,1.45,0.0,86420.74,81134.31,True,False,0.0,77574.97,0.002,1.07,1.3818
2026-08-29T08:42:53Z,HBARUSDT,COOLING,SELL,38.73,0.0,38.73,1.34,0.0,33250.98,37082.99,True,True,0.0,77574.97,0.002,1.142,0.07475
2026-08-29T08:42:56Z,RIZEUSDT,COOLING,SELL,14.68,0.0,14.68,43.13,0.0,248.6,724.14,True,False,0.0,77574.97,0.002,2.103,0.004628
2026-08-29T08:42:59Z,WUSDT,COOLING,NONE,0.0,0.0,0.0,7.69,0.0,14123.79,5633.06,True,False,0.0,77574.97,0.002,1.799,0.009102
2026-08-29T08:43:02Z,REDUSDT,COOLING,NONE,0.0,0.0,0.0,12.71,0.0,5346.26,6235.72,True,False,0.0,77574.97,0.002,1.175,0.11013
2026-08-29T08:44:26Z,XRPUSDT,COOLING,NONE,0.0,0.0,0.0,1.45,0.0,79853.24,125054.13,True,False,0.0,77559.1,-0.0205,1.966,1.3814
2026-08-29T08:44:29Z,HBARUSDT,COOLING,NONE,0.0,0.0,0.0,1.34,0.0,53096.15,38311.3,True,False,0.0,77559.1,-0.0205,1.113,0.07473
2026-08-29T08:44:31Z,RIZEUSDT,COOLING,NONE,0.0,0.0,0.0,49.55,0.0,126.72,709.1,True,False,0.0,77559.1,-0.0205,1.109,0.00463
2026-08-29T08:44:34Z,WUSDT,COOLING,NONE,0.0,0.0,0.0,9.9,0.0,9403.47,5873.88,True,False,0.0,77559.1,-0.0205,1.114,0.009094
2026-08-29T08:44:36Z,REDUSDT,COOLING,NONE,0.0,0.0,0.0,9.09,0.0,5858.91,4353.64,True,False,0.0,77559.1,-0.0205,1.115,0.11025
2026-08-29T08:45:12Z,XRPUSDT,COOLING,NONE,0.0,0.0,0.0,2.17,0.0,86494.64,75466.56,True,False,0.0,77567.19,0.0104,1.242,1.3807
2026-08-29T08:45:14Z,HBARUSDT,COOLING,NONE,0.0,0.0,0.0,1.34,0.0,46333.51,36738.79,True,False,0.0,77567.19,0.0104,1.12,0.07471
2026-08-29T08:45:18Z,RIZEUSDT,COOLING,NONE,0.0,0.0,0.0,49.55,0.0,171.88,709.99,True,False,0.0,77567.19,0.0104,1.197,0.00463
2026-08-29T08:45:20Z,WUSDT,COOLING,NONE,0.0,0.0,0.0,11.01,0.0,8673.09,5983.99,True,False,0.0,77567.19,0.0104,1.168,0.009079
2026-08-29T08:45:24Z,REDUSDT,COOLING,NONE,0.0,0.0,0.0,10.92,0.0,6296.92,4349.32,True,False,0.0,77567.19,0.0104,1.108,0.11003
2026-08-29T08:46:04Z,XRPUSDT,COOLING,NONE,0.0,0.0,0.0,2.17,0.0,139145.39,77013.26,True,False,0.0,77564.33,-0.0037,1.132,1.3821
2026-08-29T08:46:09Z,HBARUSDT,COOLING,NONE,0.0,0.0,0.0,1.34,0.0,38916.71,37440.6,True,False,0.0,77564.33,-0.0037,2.202,0.0747
2026-08-29T08:46:12Z,RIZEUSDT,COOLING,BUY,0.0,0.36,0.36,56.03,0.0,171.88,721.54,True,False,0.0,77564.33,-0.0037,1.209,0.004641
2026-08-29T08:46:16Z,WUSDT,COOLING,NONE,0.0,0.0,0.0,18.7,0.0,8035.87,5405.31,True,False,0.0,77564.33,-0.0037,1.171,0.009084
2026-08-29T08:46:18Z,REDUSDT,COOLING,SELL,59.46,26.4,59.46,10.92,0.0,6296.92,4349.32,True,True,0.0,77564.33,-0.0037,1.195,0.10991
2026-08-29T08:47:42Z,XRPUSDT,COOLING,NONE,0.0,0.0,0.0,2.17,0.0,101017.09,79667.4,True,False,-0.0072,77584.7,0.0263,1.119,1.3818
2026-08-29T08:47:45Z,HBARUSDT,COOLING,NONE,0.0,0.0,0.0,1.34,0.0,35574.54,32543.63,True,False,0.0,77584.7,0.0263,2.159,0.07472
2026-08-29T08:47:50Z,RIZEUSDT,COOLING,SELL,0.0,0.0,0.0,56.03,6.45,171.88,718.39,True,False,0.0323,77584.7,0.0263,2.193,0.00463
2026-08-29T08:47:53Z,WUSDT,COOLING,NONE,0.0,0.0,0.0,11.0,0.0,8621.08,5405.31,True,False,0.0,77584.7,0.0263,1.125,0.009094
2026-08-29T08:47:58Z,REDUSDT,COOLING,NONE,0.0,0.0,0.0,20.02,0.0,4551.23,5715.62,True,False,0.0,77584.7,0.0263,1.084,0.10987
2026-08-29T08:48:38Z,XRPUSDT,COOLING,NONE,0.0,0.0,0.0,2.17,0.0,119988.04,59483.91,True,False,0.0,77606.66,0.0283,1.191,1.3827
2026-08-29T08:48:41Z,HBARUSDT,COOLING,NONE,0.0,0.0,0.0,1.34,0.0,43693.72,17027.89,True,False,0.0,77606.66,0.0283,1.167,0.07473
2026-08-29T08:48:45Z,RIZEUSDT,COOLING,SELL,0.1,0.0,0.1,56.03,0.0,126.69,722.63,True,False,0.0,77606.66,0.0283,2.12,0.00464
2026-08-29T08:48:51Z,WUSDT,COOLING,NONE,0.0,0.0,0.0,11.0,0.0,8621.08,5405.31,True,False,0.0,77606.66,0.0283,2.148,0.009095
2026-08-29T08:48:54Z,REDUSDT,COOLING,NONE,0.0,0.0,0.0,10.92,0.0,4899.09,5715.62,True,False,0.0,77606.66,0.0283,1.18,0.10989
2026-08-29T08:49:36Z,XRPUSDT,COOLING,NONE,0.0,0.0,0.0,0.72,-0.72,72097.47,58556.19,True,False,-0.0036,77577.92,-0.037,1.086,1.3811
2026-08-29T08:49:40Z,HBARUSDT,COOLING,NONE,0.0,0.0,0.0,1.34,0.0,37520.15,15963.72,True,False,0.0,77577.92,-0.037,1.251,0.07468
2026-08-29T08:49:43Z,RIZEUSDT,COOLING,NONE,0.0,0.0,0.0,56.03,0.0,126.61,722.15,True,False,0.0,77577.92,-0.037,1.538,0.00464
2026-08-29T08:49:45Z,WUSDT,COOLING,NONE,0.0,0.0,0.0,12.12,0.0,8115.68,6089.38,True,False,0.0,77577.92,-0.037,1.212,0.009077
2026-08-29T08:49:47Z,REDUSDT,COOLING,NONE,0.0,0.0,0.0,20.02,0.0,4551.23,5595.62,True,False,0.0,77577.92,-0.037,1.101,0.10993
2026-08-29T08:51:14Z,XRPUSDT,COOLING,NONE,0.0,0.0,0.0,2.17,0.0,60058.86,155503.65,True,False,0.0,77581.26,0.0043,2.28,1.3818
2026-08-29T08:51:18Z,HBARUSDT,COOLING,NONE,0.0,0.0,0.0,1.34,0.0,47614.45,16521.4,True,False,0.0,77581.26,0.0043,2.283,0.07467
2026-08-29T08:51:21Z,RIZEUSDT,COOLING,NONE,0.0,0.0,0.0,56.03,0.0,171.88,722.15,True,False,0.0,77581.26,0.0043,1.191,0.004644
2026-08-29T08:51:26Z,WUSDT,COOLING,NONE,0.0,0.0,0.0,11.01,0.0,8436.4,6096.68,True,False,0.0,77581.26,0.0043,1.097,0.009077
2026-08-29T08:51:28Z,REDUSDT,COOLING,NONE,0.0,0.0,0.0,9.09,0.0,6003.18,5349.31,True,False,0.0,77581.26,0.0043,1.087,0.11006
2026-08-29T08:52:05Z,XRPUSDT,COOLING,SELL,0.4,0.0,0.4,2.17,0.72,58382.17,61921.01,True,False,0.0036,77581.79,0.0007,1.943,1.3816
2026-08-29T08:52:07Z,HBARUSDT,COOLING,NONE,0.0,0.0,0.0,1.34,0.0,47614.45,18887.63,True,False,0.0,77581.79,0.0007,1.002,0.07468
2026-08-29T08:52:10Z,RIZEUSDT,COOLING,BUY,0.0,80.57,80.57,36.6,0.0,126.58,718.83,True,True,0.0,77581.79,0.0007,1.056,0.004636
2026-08-29T08:52:13Z,WUSDT,COOLING,NONE,0.0,0.0,0.0,11.01,0.0,8436.4,6096.68,True,False,0.0,77581.79,0.0007,2.024,0.009089
2026-08-29T08:52:17Z,REDUSDT,COOLING,NONE,0.0,0.0,0.0,12.7,0.0,3578.38,5969.27,True,False,0.0,77581.79,0.0007,1.139,0.11006
2026-08-29T08:52:53Z,XRPUSDT,COOLING,NONE,0.0,0.0,0.0,2.17,0.0,79731.84,62991.22,True,False,0.0,77606.66,0.0321,2.266,1.3819
2026-08-29T08:52:55Z,HBARUSDT,COOLING,NONE,0.0,0.0,0.0,1.34,0.0,36368.93,32200.62,True,False,0.0,77606.66,0.0321,1.12,0.07469
2026-08-29T08:52:58Z,RIZEUSDT,COOLING,SELL,39.18,0.0,39.18,36.6,0.0,298.46,717.15,True,False,0.0,77606.66,0.0321,1.083,0.004636
2026-08-29T08:53:03Z,WUSDT,COOLING,NONE,0.0,0.0,0.0,11.0,1.1,9077.51,5405.31,True,False,-0.0055,77606.66,0.0321,2.434,0.009092
2026-08-29T08:53:04Z,REDUSDT,COOLING,NONE,0.0,0.0,0.0,11.78,0.0,7310.71,6430.77,True,False,0.0,77606.66,0.0321,0.941,0.11025
2026-08-29T08:54:16Z,XRPUSDT,COOLING,NONE,0.0,0.0,0.0,0.72,0.0,83077.1,25996.02,True,False,0.0,77580.37,-0.0339,1.002,1.3806
2026-08-29T08:54:19Z,HBARUSDT,COOLING,NONE,0.0,0.0,0.0,1.34,0.0,45702.17,37962.98,True,False,0.0,77580.37,-0.0339,0.937,0.07467
2026-08-29T08:54:21Z,RIZEUSDT,COOLING,SELL,17.36,0.0,17.36,56.03,0.0,171.88,715.99,True,False,0.0,77580.37,-0.0339,1.517,0.004636
2026-08-29T08:54:23Z,WUSDT,COOLING,NONE,0.0,0.0,0.0,11.01,-1.1,13570.05,3446.67,True,False,0.0055,77580.37,-0.0339,0.944,0.009088
2026-08-29T08:54:25Z,REDUSDT,COOLING,NONE,0.0,0.0,0.0,11.78,0.0,2354.76,2826.5,True,False,0.0,77580.37,-0.0339,0.995,0.11035
2026-08-29T08:54:59Z,XRPUSDT,COOLING,NONE,0.0,0.0,0.0,2.9,0.0,108469.19,67201.07,True,False,0.0,77565.94,-0.0186,1.12,1.3804
2026-08-29T08:55:01Z,HBARUSDT,COOLING,BUY,0.0,9.03,9.03,1.34,-0.0,31117.12,37733.6,True,False,0.0268,77565.94,-0.0186,1.69,0.07466
2026-08-29T08:55:04Z,RIZEUSDT,COOLING,NONE,0.0,0.0,0.0,56.03,0.0,171.88,715.99,True,False,0.0,77565.94,-0.0186,1.145,0.00464
2026-08-29T08:55:07Z,WUSDT,COOLING,NONE,0.0,0.0,0.0,11.0,0.0,8967.3,5405.31,True,False,0.0,77565.94,-0.0186,1.21,0.009086
2026-08-29T08:55:10Z,REDUSDT,COOLING,NONE,0.0,0.0,0.0,12.7,0.0,4654.74,7111.12,True,False,0.0,77565.94,-0.0186,1.505,0.11033
2026-08-29T08:55:48Z,XRPUSDT,COOLING,NONE,0.0,0.0,0.0,1.45,0.0,68869.69,62110.22,True,False,0.0,77585.19,0.0248,1.073,1.3812
2026-08-29T08:55:50Z,HBARUSDT,COOLING,NONE,0.0,0.0,0.0,1.34,0.0,47479.44,33654.63,True,False,0.0,77585.19,0.0248,1.123,0.07469
2026-08-29T08:55:53Z,RIZEUSDT,COOLING,NONE,0.0,0.0,0.0,56.03,0.0,138.08,712.94,True,False,0.0,77585.19,0.0248,1.135,0.00464
2026-08-29T08:55:56Z,WUSDT,COOLING,NONE,0.0,0.0,0.0,17.6,0.0,8434.34,6720.7,True,False,0.0,77585.19,0.0248,1.133,0.009093
2026-08-29T08:56:00Z,REDUSDT,COOLING,NONE,0.0,0.0,0.0,11.78,0.0,5637.25,7115.6,True,False,0.0,77585.19,0.0248,2.112,0.11029
2026-08-29T08:57:12Z,XRPUSDT,COOLING,NONE,0.0,0.0,0.0,1.45,-0.72,84468.8,63862.6,True,False,-0.0036,77603.21,0.0232,1.97,1.3819
2026-08-29T08:57:15Z,HBARUSDT,COOLING,NONE,0.0,0.0,0.0,1.34,0.0,13831.74,35215.32,True,False,0.0,77603.21,0.0232,2.029,0.0747
2026-08-29T08:57:20Z,RIZEUSDT,COOLING,NONE,0.0,0.0,0.0,56.03,0.0,171.88,714.01,True,False,0.0,77603.21,0.0232,1.964,0.004638
2026-08-29T08:57:21Z,WUSDT,COOLING,NONE,0.0,0.0,0.0,13.19,0.0,8967.3,6720.7,True,False,0.0,77603.21,0.0232,1.005,0.009097
2026-08-29T08:57:25Z,REDUSDT,COOLING,NONE,0.0,0.0,0.0,11.78,0.0,2240.74,2942.32,True,False,0.0,77603.21,0.0232,1.534,0.11034
2026-08-29T08:57:59Z,XRPUSDT,COOLING,NONE,0.0,0.0,0.0,2.17,-0.72,84468.8,63862.6,True,False,0.0036,77605.67,0.0032,2.155,1.3821
2026-08-29T08:58:01Z,HBARUSDT,COOLING,NONE,0.0,0.0,0.0,1.34,0.0,34126.56,35215.32,True,False,0.0,77605.67,0.0032,1.139,0.07469
2026-08-29T08:58:03Z,RIZEUSDT,COOLING,NONE,0.0,0.0,0.0,56.03,17.21,165.96,717.75,True,False,0.0863,77605.67,0.0032,1.174,0.004645
2026-08-29T08:58:06Z,WUSDT,COOLING,NONE,0.0,0.0,0.0,13.19,0.0,8967.3,6720.7,True,False,0.0,77605.67,0.0032,1.096,0.009101
2026-08-29T08:58:08Z,REDUSDT,COOLING,NONE,0.0,0.0,0.0,11.78,0.0,5456.21,4253.09,True,False,0.0,77605.67,0.0032,1.093,0.11032
2026-08-29T08:58:43Z,XRPUSDT,COOLING,NONE,0.0,0.0,0.0,2.89,0.0,63644.15,63195.47,True,False,0.0,77609.99,0.0056,1.246,1.3821
2026-08-29T08:58:47Z,HBARUSDT,COOLING,BUY,0.0,15.24,15.24,1.34,0.0,41613.75,23438.62,True,False,0.0,77609.99,0.0056,2.16,0.0747
2026-08-29T08:58:50Z,RIZEUSDT,COOLING,SELL,0.0,0.0,0.0,56.03,0.0,171.88,717.75,True,False,0.0,77609.99,0.0056,2.217,0.004645
2026-08-29T08:58:53Z,WUSDT,COOLING,NONE,0.0,0.0,0.0,14.29,0.0,8444.66,6720.7,True,False,0.0,77609.99,0.0056,1.181,0.009096
2026-08-29T08:58:56Z,REDUSDT,COOLING,NONE,0.0,0.0,0.0,11.78,0.0,5456.21,4253.09,True,False,0.0,77609.99,0.0056,2.139,0.11035
2026-08-29T09:00:14Z,XRPUSDT,COOLING,NONE,0.0,0.0,0.0,1.45,0.0,84215.04,71783.8,True,False,0.0,77639.29,0.0378,1.07,1.383
2026-08-29T09:00:16Z,HBARUSDT,COOLING,NONE,0.0,0.0,0.0,1.34,0.0,36047.48,35332.31,True,False,0.0,77639.29,0.0378,1.12,0.07469
2026-08-29T09:00:18Z,RIZEUSDT,COOLING,NONE,0.0,0.0,0.0,56.03,0.0,171.88,720.73,True,False,0.0,77639.29,0.0378,1.138,0.004637
2026-08-29T09:00:22Z,WUSDT,COOLING,NONE,0.0,0.0,0.0,7.7,-3.3,8444.66,6720.7,True,False,-0.0165,77639.29,0.0378,2.247,0.009093
2026-08-29T09:00:26Z,REDUSDT,COOLING,NONE,0.0,0.0,0.0,10.85,0.0,6057.31,4909.43,True,False,0.0,77639.29,0.0378,2.111,0.11031
2026-08-29T09:01:05Z,XRPUSDT,COOLING,SELL,24.32,0.0,24.32,2.89,0.0,93620.22,48705.08,True,False,-0.1012,77647.27,0.0103,2.194,1.3837
2026-08-29T09:01:07Z,HBARUSDT,COOLING,NONE,0.0,0.0,0.0,1.34,0.0,49078.84,13408.03,True,False,0.0,77647.27,0.0103,1.125,0.07468
2026-08-29T09:01:10Z,RIZEUSDT,COOLING,NONE,0.0,0.0,0.0,56.03,0.0,171.88,720.73,True,False,0.0,77647.27,0.0103,1.189,0.004637
2026-08-29T09:01:15Z,WUSDT,COOLING,NONE,0.0,0.0,0.0,11.01,0.0,8832.0,3448.79,True,False,0.0,77647.27,0.0103,2.26,0.009089
2026-08-29T09:01:18Z,REDUSDT,COOLING,NONE,0.0,0.0,0.0,12.7,0.0,6588.53,5640.2,True,False,0.0,77647.27,0.0103,1.109,0.11046
2026-08-29T09:01:57Z,XRPUSDT,COOLING,BUY,0.0,50.4,50.4,2.17,-1.45,40393.03,71914.67,True,False,0.0072,77635.37,-0.0153,1.123,1.3824
2026-08-29T09:02:01Z,HBARUSDT,COOLING,NONE,0.0,0.0,0.0,1.34,0.0,31844.04,16642.06,True,False,0.0,77635.37,-0.0153,1.452,0.07468
2026-08-29T09:02:04Z,RIZEUSDT,COOLING,SELL,27.12,0.0,27.12,32.37,-23.67,298.18,720.73,True,False,-0.1185,77635.37,-0.0153,2.124,0.00464
2026-08-29T09:02:08Z,WUSDT,COOLING,NONE,0.0,0.0,0.0,11.01,0.0,8832.0,3448.79,True,False,0.0,77635.37,-0.0153,1.225,0.009086
2026-08-29T09:02:13Z,REDUSDT,COOLING,NONE,0.0,0.0,0.0,11.78,0.0,5056.52,6813.44,True,False,0.0,77635.37,-0.0153,1.214,0.11025
2026-08-29T09:03:30Z,XRPUSDT,COOLING,NONE,0.0,0.0,0.0,2.89,0.72,96080.0,63275.82,True,False,0.0036,77635.75,0.0005,1.143,1.3822
2026-08-29T09:03:34Z,HBARUSDT,COOLING,BUY,15.68,15.73,15.73,1.34,0.0,37617.16,33768.11,True,False,0.0,77635.75,0.0005,2.153,0.07466
2026-08-29T09:03:38Z,RIZEUSDT,COOLING,NONE,0.0,0.0,0.0,56.03,0.0,126.5,710.27,True,False,0.0,77635.75,0.0005,2.073,0.004642
2026-08-29T09:03:44Z,WUSDT,COOLING,NONE,0.0,0.0,0.0,11.01,0.0,8027.89,6096.68,True,False,0.0,77635.75,0.0005,2.204,0.009086
2026-08-29T09:03:46Z,REDUSDT,COOLING,NONE,0.0,0.0,0.0,9.09,0.0,5734.05,6576.71,True,False,0.0,77635.75,0.0005,1.115,0.11018
2026-08-29T09:04:25Z,XRPUSDT,COOLING,SELL,22.01,13.15,22.01,1.45,-0.72,115168.8,68970.85,True,False,0.0036,77625.27,-0.0135,1.093,1.3815
2026-08-29T09:04:27Z,HBARUSDT,COOLING,BUY,0.0,49.56,49.56,1.34,0.0,36478.78,35669.63,True,True,0.0,77625.27,-0.0135,1.136,0.07466
2026-08-29T09:04:32Z,RIZEUSDT,COOLING,NONE,0.0,0.0,0.0,56.03,0.0,126.61,720.45,True,False,0.0,77625.27,-0.0135,1.207,0.004642
2026-08-29T09:04:36Z,WUSDT,COOLING,NONE,0.0,0.0,0.0,11.01,0.0,13570.05,6603.73,True,False,0.0,77625.27,-0.0135,1.31,0.009083
2026-08-29T09:04:39Z,REDUSDT,COOLING,NONE,0.0,0.0,0.0,9.09,0.0,4420.33,4561.82,True,False,0.0,77625.27,-0.0135,1.732,0.10993
2026-08-29T09:05:15Z,XRPUSDT,COOLING,NONE,0.0,0.0,0.0,1.45,0.0,52334.66,67455.22,True,False,0.0,77645.37,0.0259,2.241,1.3832
2026-08-29T09:05:17Z,HBARUSDT,COOLING,NONE,0.0,0.0,0.0,1.34,0.0,38758.3,37027.01,True,False,0.0,77645.37,0.0259,1.082,0.07465
2026-08-29T09:05:20Z,RIZEUSDT,COOLING,NONE,0.0,0.0,0.0,56.03,0.0,171.88,720.45,True,False,0.0,77645.37,0.0259,2.213,0.00464
2026-08-29T09:05:24Z,WUSDT,COOLING,NONE,0.0,0.0,0.0,13.19,-1.1,13586.64,6608.76,True,False,-0.0055,77645.37,0.0259,2.629,0.00909
2026-08-29T09:05:28Z,REDUSDT,COOLING,NONE,0.0,0.0,0.0,12.71,0.0,6023.35,5762.88,True,False,0.0,77645.37,0.0259,1.167,0.10995
2026-08-29T09:06:56Z,XRPUSDT,COOLING,NONE,0.0,0.0,0.0,2.17,0.0,113136.6,70775.14,True,False,0.0,77599.99,-0.0584,1.156,1.3828
2026-08-29T09:07:01Z,HBARUSDT,COOLING,NONE,0.0,0.0,0.0,1.34,0.0,34972.73,36822.75,True,False,0.0,77599.99,-0.0584,2.15,0.07466
2026-08-29T09:07:06Z,RIZEUSDT,COOLING,NONE,0.0,0.0,0.0,56.03,0.0,126.78,720.45,True,False,0.0,77599.99,-0.0584,2.059,0.004637
2026-08-29T09:07:10Z,WUSDT,COOLING,NONE,0.0,0.0,0.0,13.19,0.0,8332.51,5432.82,True,False,0.0,77599.99,-0.0584,2.15,0.009098
2026-08-29T09:07:15Z,REDUSDT,COOLING,NONE,0.0,0.0,0.0,20.91,0.0,4545.38,5313.66,True,False,0.0,77599.99,-0.0584,3.088,0.10995
2026-08-29T09:07:53Z,XRPUSDT,COOLING,NONE,0.0,0.0,0.0,2.89,0.72,73051.97,55537.41,True,False,0.0036,77595.6,-0.0057,1.807,1.3828
2026-08-29T09:07:56Z,HBARUSDT,COOLING,NONE,0.0,0.0,0.0,1.34,0.0,35524.16,34533.31,True,False,0.0,77595.6,-0.0057,1.167,0.07465
2026-08-29T09:08:01Z,RIZEUSDT,COOLING,SELL,0.0,0.0,0.0,56.03,0.0,171.88,720.45,True,False,0.0,77595.6,-0.0057,2.089,0.004642
2026-08-29T09:08:05Z,WUSDT,COOLING,NONE,0.0,0.0,0.0,11.0,0.0,8332.51,5432.82,True,False,0.0,77595.6,-0.0057,1.397,0.009098
2026-08-29T09:08:08Z,REDUSDT,COOLING,NONE,0.0,0.0,0.0,19.07,0.0,4545.38,5131.16,True,False,0.0,77595.6,-0.0057,1.056,0.11
2026-08-29T09:08:57Z,XRPUSDT,COOLING,NONE,0.0,0.0,0.0,2.17,0.0,87102.07,69600.18,True,False,0.0,77596.7,0.0014,1.201,1.3829
2026-08-29T09:08:59Z,HBARUSDT,COOLING,NONE,0.0,0.0,0.0,1.34,0.0,39802.52,37220.92,True,False,0.0,77596.7,0.0014,1.024,0.07466
2026-08-29T09:09:01Z,RIZEUSDT,COOLING,NONE,0.0,0.0,0.0,56.03,0.0,171.88,720.45,True,False,0.0,77596.7,0.0014,1.032,0.004648
2026-08-29T09:09:04Z,WUSDT,COOLING,NONE,0.0,0.0,0.0,13.19,0.0,8332.51,5432.82,True,False,0.0,77596.7,0.0014,1.12,0.009096
2026-08-29T09:09:07Z,REDUSDT,COOLING,NONE,0.0,0.0,0.0,10.92,0.0,4711.42,5722.46,True,False,0.0,77596.7,0.0014,1.128,0.10997
2026-08-29T09:10:27Z,XRPUSDT,COOLING,NONE,0.0,0.0,0.0,1.45,0.0,105885.26,52442.0,True,False,0.0,77597.02,0.0004,1.166,1.3826
2026-08-29T09:10:30Z,HBARUSDT,COOLING,NONE,0.0,0.0,0.0,1.34,0.0,37615.04,17734.02,True,False,0.0,77597.02,0.0004,2.157,0.07469
2026-08-29T09:10:35Z,RIZEUSDT,COOLING,NONE,0.0,0.0,0.0,56.03,0.0,171.88,720.45,True,False,0.0,77597.02,0.0004,2.149,0.004643
2026-08-29T09:10:38Z,WUSDT,COOLING,NONE,0.0,0.0,0.0,13.19,0.0,8332.51,5432.82,True,False,0.0,77597.02,0.0004,1.121,0.009094
2026-08-29T09:10:42Z,REDUSDT,COOLING,NONE,0.0,0.0,0.0,10.92,0.0,2329.5,2510.39,True,False,0.0,77597.02,0.0004,1.323,0.10995
2026-08-29T09:11:48Z,XRPUSDT,COOLING,BUY,0.0,1.71,1.71,1.45,0.0,57285.96,45640.31,True,False,0.0,77614.98,0.0231,6.554,1.3832
2026-08-29T09:11:53Z,HBARUSDT,COOLING,NONE,0.0,0.0,0.0,1.34,0.0,38833.92,18366.99,True,False,0.0,77614.98,0.0231,2.285,0.07467
2026-08-29T09:11:59Z,RIZEUSDT,COOLING,NONE,0.0,0.0,0.0,56.03,0.0,171.88,720.45,True,False,0.0,77614.98,0.0231,4.515,0.004639
2026-08-29T09:12:07Z,WUSDT,COOLING,NONE,0.0,0.0,0.0,9.89,0.0,8332.51,5432.82,True,False,0.0,77614.98,0.0231,2.145,0.009098
2026-08-29T09:12:18Z,REDUSDT,COOLING,NONE,0.0,0.0,0.0,9.09,0.0,4755.73,7048.51,True,False,0.0,77614.98,0.0231,7.669,0.11004
2026-08-29T09:13:06Z,XRPUSDT,COOLING,NONE,0.0,0.0,0.0,1.45,0.0,153012.4,67939.2,True,False,0.0,77617.75,0.0036,3.932,1.3833
2026-08-29T09:13:10Z,HBARUSDT,COOLING,NONE,0.0,0.0,0.0,1.34,0.0,40163.08,41077.0,True,False,0.0,77617.75,0.0036,1.783,0.07468
2026-08-29T09:13:13Z,RIZEUSDT,COOLING,NONE,0.0,0.0,0.0,56.03,0.0,171.88,717.43,True,False,0.0,77617.75,0.0036,1.277,0.004644
2026-08-29T09:13:17Z,WUSDT,COOLING,NONE,0.0,0.0,0.0,14.29,0.0,8332.51,5432.82,True,False,0.0,77617.75,0.0036,1.37,0.009098
2026-08-29T09:13:20Z,REDUSDT,COOLING,NONE,0.0,0.0,0.0,11.8,0.0,7136.95,5836.2,True,False,0.0,77617.75,0.0036,1.387,0.11005
2026-08-29T09:14:41Z,XRPUSDT,COOLING,NONE,0.0,0.0,0.0,2.17,-0.72,51308.4,56606.03,True,False,-0.0036,77640.34,0.0291,1.089,1.3841
2026-08-29T09:14:49Z,HBARUSDT,COOLING,NONE,0.0,0.0,0.0,1.34,0.0,45652.92,37106.34,True,False,0.0,77640.34,0.0291,2.28,0.0747
2026-08-29T09:14:54Z,RIZEUSDT,COOLING,NONE,0.0,0.0,0.0,56.03,0.0,171.88,713.64,True,False,0.0,77640.34,0.0291,2.343,0.004646
2026-08-29T09:15:17Z,WUSDT,COOLING,NONE,0.0,0.0,0.0,7.69,-5.5,14557.09,5023.18,True,False,0.0825,77640.34,0.0291,5.777,0.009104
2026-08-29T09:15:34Z,REDUSDT,COOLING,NONE,0.0,0.0,0.0,11.8,0.0,2929.46,7025.08,True,False,0.0,77640.34,0.0291,8.332,0.11006
2026-08-29T09:17:00Z,XRPUSDT,COOLING,NONE,0.0,0.0,0.0,2.89,0.0,100584.54,50754.02,True,False,0.0,77646.43,0.0078,1.217,1.3838
2026-08-29T09:17:07Z,HBARUSDT,COOLING,NONE,0.0,0.0,0.0,1.34,0.0,32087.33,32591.61,True,False,0.0,77646.43,0.0078,5.68,0.07474
2026-08-29T09:17:09Z,RIZEUSDT,COOLING,NONE,0.0,0.0,0.0,56.03,0.0,171.88,713.64,True,False,0.0,77646.43,0.0078,1.206,0.004652
2026-08-29T09:17:15Z,WUSDT,COOLING,NONE,0.0,0.0,0.0,10.99,0.0,9506.38,5029.2,True,False,0.0,77646.43,0.0078,2.858,0.009107
2026-08-29T09:17:19Z,REDUSDT,COOLING,NONE,0.0,0.0,0.0,9.09,-0.91,5733.78,5222.59,True,False,-0.0045,77646.43,0.0078,2.157,0.11015
2026-08-29T09:18:07Z,XRPUSDT,COOLING,NONE,0.0,0.0,0.0,2.17,0.0,103727.09,53549.66,True,False,0.0,77636.59,-0.0127,2.744,1.384
2026-08-29T09:18:11Z,HBARUSDT,COOLING,NONE,0.0,0.0,0.0,1.34,0.0,46967.23,22611.41,True,False,0.0,77636.59,-0.0127,2.311,0.07475
2026-08-29T09:18:13Z,RIZEUSDT,COOLING,NONE,0.0,0.0,0.0,56.03,0.0,171.88,713.64,True,False,0.0,77636.59,-0.0127,1.18,0.00464
2026-08-29T09:18:16Z,WUSDT,COOLING,NONE,0.0,0.0,0.0,9.9,0.0,8530.99,4758.66,True,False,0.0,77636.59,-0.0127,1.201,0.009093
2026-08-29T09:18:20Z,REDUSDT,COOLING,NONE,0.0,0.0,0.0,10.92,0.0,4860.71,6151.76,True,False,0.0,77636.59,-0.0127,2.157,0.10995
2026-08-29T09:20:06Z,XRPUSDT,COOLING,NONE,0.0,0.0,0.0,2.17,0.0,89563.2,86868.49,True,False,0.0,77648.96,0.0159,1.314,1.3836
2026-08-29T09:20:12Z,HBARUSDT,COOLING,NONE,0.0,0.0,0.0,1.34,0.0,31921.16,20252.95,True,False,0.0,77648.96,0.0159,4.397,0.07473
2026-08-29T09:20:23Z,RIZEUSDT,COOLING,SELL,0.0,0.0,0.0,56.03,0.0,171.88,722.52,True,False,0.0,77648.96,0.0159,4.622,0.004639
2026-08-29T09:20:28Z,WUSDT,COOLING,NONE,0.0,0.0,0.0,13.18,0.0,8540.46,4764.36,True,False,0.0,77648.96,0.0159,2.291,0.009105
2026-08-29T09:20:37Z,REDUSDT,COOLING,NONE,0.0,0.0,0.0,12.71,0.0,5746.07,7081.05,True,False,0.0,77648.96,0.0159,5.034,0.11015
2026-08-29T09:21:22Z,XRPUSDT,COOLING,NONE,0.0,0.0,0.0,2.89,0.0,106349.03,61512.63,True,False,0.0,77636.99,-0.0154,1.07,1.3836
2026-08-29T09:21:25Z,HBARUSDT,COOLING,NONE,0.0,0.0,0.0,1.34,0.0,45680.76,21248.62,True,False,0.0,77636.99,-0.0154,1.252,0.07471
2026-08-29T09:21:29Z,RIZEUSDT,COOLING,SELL,1.65,0.0,1.65,56.03,0.0,178.26,722.52,True,False,0.0,77636.99,-0.0154,2.163,0.004639
2026-08-29T09:21:37Z,WUSDT,COOLING,NONE,0.0,0.0,0.0,13.18,0.0,8540.46,4764.36,True,False,0.0,77636.99,-0.0154,2.656,0.009104
2026-08-29T09:21:44Z,REDUSDT,COOLING,NONE,0.0,0.0,0.0,21.78,0.0,5763.47,4964.22,True,False,0.0,77636.99,-0.0154,2.79,0.11019
2026-08-29T09:22:33Z,XRPUSDT,COOLING,BUY,0.0,6.85,6.85,2.89,0.0,106180.63,136800.4,True,False,-0.0072,77627.08,-0.0128,5.799,1.3838
2026-08-29T09:22:41Z,HBARUSDT,COOLING,NONE,0.0,0.0,0.0,1.34,0.0,36325.66,29959.04,True,False,0.0,77627.08,-0.0128,1.566,0.0747
2026-08-29T09:22:51Z,RIZEUSDT,COOLING,SELL,8.74,0.0,8.74,56.03,0.0,171.88,722.52,True,False,0.0,77627.08,-0.0128,3.011,0.004642
2026-08-29T09:22:56Z,WUSDT,COOLING,NONE,0.0,0.0,0.0,9.89,0.0,8936.81,4764.36,True,False,0.0,77627.08,-0.0128,2.117,0.0091
2026-08-29T09:22:59Z,REDUSDT,COOLING,NONE,0.0,0.0,0.0,11.78,0.0,6027.04,4969.14,True,False,0.0,77627.08,-0.0128,1.298,0.11015
2026-08-29T09:24:23Z,XRPUSDT,COOLING,NONE,0.0,0.0,0.0,2.17,-0.72,120441.09,69405.58,True,False,0.0036,77634.85,0.01,1.139,1.3842
2026-08-29T09:24:27Z,HBARUSDT,COOLING,NONE,0.0,0.0,0.0,1.34,0.0,34166.66,25167.16,True,False,0.0,77634.85,0.01,2.123,0.07467
2026-08-29T09:24:31Z,RIZEUSDT,COOLING,NONE,0.0,0.0,0.0,56.03,0.0,171.88,721.61,True,False,0.0,77634.85,0.01,1.205,0.004637
2026-08-29T09:24:33Z,WUSDT,COOLING,NONE,0.0,0.0,0.0,13.18,0.0,14083.34,5180.42,True,False,0.0,77634.85,0.01,1.328,0.009106
2026-08-29T09:24:37Z,REDUSDT,COOLING,NONE,0.0,0.0,0.0,12.69,0.0,6162.74,4695.2,True,False,0.0,77634.85,0.01,2.251,0.11031
2026-08-29T09:25:20Z,XRPUSDT,COOLING,NONE,0.0,0.0,0.0,2.89,0.0,84802.77,137516.36,True,False,0.0,77636.75,0.0024,2.267,1.384
2026-08-29T09:25:24Z,HBARUSDT,COOLING,NONE,0.0,0.0,0.0,1.34,0.0,45746.39,25167.16,True,False,0.0,77636.75,0.0024,1.198,0.07466
2026-08-29T09:25:28Z,RIZEUSDT,COOLING,NONE,0.0,0.0,0.0,34.45,0.0,171.88,722.49,True,False,0.0,77636.75,0.0024,1.071,0.004637
2026-08-29T09:25:31Z,WUSDT,COOLING,NONE,0.0,0.0,0.0,15.38,0.0,14083.34,5180.42,True,False,0.0,77636.75,0.0024,2.175,0.009103
2026-08-29T09:25:33Z,REDUSDT,COOLING,NONE,0.0,0.0,0.0,19.04,0.0,4779.28,7262.93,True,False,0.0,77636.75,0.0024,1.045,0.11027
2026-08-29T09:26:15Z,XRPUSDT,COOLING,SELL,22.89,0.0,22.89,2.89,0.72,112647.52,89458.42,True,False,-0.0036,77635.3,-0.0019,2.133,1.3833
2026-08-29T09:26:18Z,HBARUSDT,COOLING,SELL,48.12,0.0,48.12,1.34,0.0,47380.56,27209.11,True,True,0.0,77635.3,-0.0019,1.034,0.07467
2026-08-29T09:26:21Z,RIZEUSDT,COOLING,NONE,0.0,0.0,0.0,56.03,0.0,171.88,714.49,True,False,0.0,77635.3,-0.0019,0.914,0.004643
2026-08-29T09:26:24Z,WUSDT,COOLING,NONE,0.0,0.0,0.0,14.28,0.0,14083.34,5180.42,True,False,0.0,77635.3,-0.0019,1.975,0.009108
2026-08-29T09:26:27Z,REDUSDT,COOLING,NONE,0.0,0.0,0.0,23.51,0.0,5635.33,5130.05,True,False,0.0,77635.3,-0.0019,1.036,0.11022
2026-08-29T09:27:26Z,XRPUSDT,COOLING,NONE,0.0,0.0,0.0,2.89,0.0,136270.12,36876.03,True,False,0.0,77616.3,-0.0245,0.987,1.3837
2026-08-29T09:27:28Z,HBARUSDT,COOLING,BUY,0.0,54.95,54.95,1.34,0.0,37197.17,35851.96,True,False,0.0,77616.3,-0.0245,1.012,0.07466
2026-08-29T09:27:30Z,RIZEUSDT,COOLING,SELL,26.74,0.0,26.74,56.03,0.0,171.88,719.29,True,True,0.0,77616.3,-0.0245,0.981,0.004637
2026-08-29T09:27:32Z,WUSDT,COOLING,NONE,0.0,0.0,0.0,14.28,0.0,14083.34,5180.42,True,False,0.0,77616.3,-0.0245,1.247,0.009105
2026-08-29T09:27:36Z,REDUSDT,COOLING,NONE,0.0,0.0,0.0,21.69,0.0,6494.74,5287.03,True,False,0.0,77616.3,-0.0245,2.161,0.11064
2026-08-29T09:28:13Z,XRPUSDT,COOLING,NONE,0.0,0.0,0.0,2.89,0.0,98405.48,71668.71,True,False,0.0,77615.83,-0.0006,1.147,1.3841
2026-08-29T09:28:16Z,HBARUSDT,COOLING,NONE,0.0,0.0,0.0,1.34,0.0,37197.17,34465.65,True,False,0.0,77615.83,-0.0006,1.284,0.07465
2026-08-29T09:28:19Z,RIZEUSDT,COOLING,NONE,0.0,0.0,0.0,56.03,0.0,171.88,720.28,True,False,0.0,77615.83,-0.0006,2.232,0.004637
2026-08-29T09:28:24Z,WUSDT,COOLING,NONE,0.0,0.0,0.0,14.28,0.0,14083.34,5180.42,True,False,0.0,77615.83,-0.0006,1.345,0.009105
2026-08-29T09:28:27Z,REDUSDT,COOLING,NONE,0.0,0.0,0.0,13.56,0.0,6251.29,5262.89,True,False,0.0,77615.83,-0.0006,1.223,0.11064
2026-08-29T09:29:00Z,XRPUSDT,COOLING,NONE,0.0,0.0,0.0,2.17,0.0,133064.66,136393.95,True,False,0.0,77615.83,0.0,1.928,1.3845
2026-08-29T09:29:02Z,HBARUSDT,COOLING,NONE,0.0,0.0,0.0,1.34,0.0,37197.17,11074.84,True,False,0.0,77615.83,0.0,0.96,0.07466
2026-08-29T09:29:04Z,RIZEUSDT,COOLING,NONE,0.0,0.0,0.0,25.82,-30.21,171.88,720.28,True,False,0.1509,77615.83,0.0,1.52,0.004637
2026-08-29T09:29:06Z,WUSDT,COOLING,NONE,0.0,0.0,0.0,9.88,0.0,14083.34,5180.42,True,False,0.0,77615.83,0.0,1.003,0.009108
2026-08-29T09:29:07Z,REDUSDT,COOLING,NONE,0.0,0.0,0.0,13.53,0.0,6120.78,4484.96,True,False,0.0,77615.83,0.0,1.061,0.11074
2026-08-29T09:30:00Z,XRPUSDT,COOLING,BUY,0.59,1.54,1.54,1.44,-0.72,159834.31,117346.97,True,False,0.0036,77615.82,-0.0,2.265,1.385
2026-08-29T09:30:02Z,HBARUSDT,COOLING,SELL,53.33,0.0,53.33,1.34,0.0,52120.84,15912.6,True,False,0.0,77615.82,-0.0,1.177,0.07466
2026-08-29T09:30:06Z,RIZEUSDT,COOLING,NONE,0.0,0.0,0.0,56.03,0.0,171.88,101.34,True,False,0.0,77615.82,-0.0,2.081,0.004641
2026-08-29T09:30:08Z,WUSDT,COOLING,NONE,0.0,0.0,0.0,9.88,0.0,14083.34,5180.42,True,False,0.0,77615.82,-0.0,0.993,0.009109
2026-08-29T09:30:10Z,REDUSDT,COOLING,NONE,0.0,0.0,0.0,23.35,-0.9,5994.77,3298.27,True,False,-0.0045,77615.82,-0.0,1.017,0.1114
2026-08-29T09:30:39Z,XRPUSDT,COOLING,NONE,0.0,0.0,0.0,2.89,0.0,110981.3,140304.04,True,False,0.0,77615.83,0.0,0.995,1.3844
2026-08-29T09:30:41Z,HBARUSDT,COOLING,NONE,0.0,0.0,0.0,1.34,0.0,46897.84,34067.25,True,False,0.0,77615.83,0.0,1.011,0.07468
2026-08-29T09:30:43Z,RIZEUSDT,COOLING,NONE,0.0,0.0,0.0,56.03,0.0,171.88,722.67,True,False,0.0,77615.83,0.0,1.019,0.004637
2026-08-29T09:30:45Z,WUSDT,COOLING,NONE,0.0,0.0,0.0,15.37,0.0,14083.34,5180.42,True,False,0.0,77615.83,0.0,0.994,0.009108
2026-08-29T09:30:48Z,REDUSDT,COOLING,BUY,0.0,0.01,0.01,26.12,8.1,5222.31,5197.84,True,False,0.0406,77615.83,0.0,1.062,0.1114
2026-08-29T09:31:18Z,XRPUSDT,COOLING,NONE,0.0,0.0,0.0,2.17,0.0,122102.05,133084.63,True,False,0.0,77615.82,-0.0,1.049,1.3845
2026-08-29T09:31:19Z,HBARUSDT,COOLING,NONE,0.0,0.0,0.0,1.34,0.0,50697.53,37177.08,True,False,0.0,77615.82,-0.0,1.1,0.07468
2026-08-29T09:31:22Z,RIZEUSDT,COOLING,SELL,2.9,0.0,2.9,56.03,0.0,178.26,718.39,True,False,0.0,77615.82,-0.0,1.234,0.00464
2026-08-29T09:31:25Z,WUSDT,COOLING,NONE,0.0,0.0,0.0,9.88,0.0,14083.34,5180.42,True,False,0.0,77615.82,-0.0,1.385,0.009105
2026-08-29T09:31:27Z,REDUSDT,COOLING,BUY,0.0,0.01,0.01,42.27,0.0,5078.3,5248.86,True,False,0.0,77615.82,-0.0,1.04,0.11123
2026-08-29T09:32:26Z,XRPUSDT,COOLING,NONE,0.0,0.0,0.0,0.72,0.0,58894.14,124585.57,True,False,0.0,77618.93,0.004,1.077,1.3842
2026-08-29T09:32:27Z,HBARUSDT,COOLING,NONE,0.0,0.0,0.0,1.34,0.0,49946.96,35954.85,True,False,0.0,77618.93,0.004,0.983,0.07469
2026-08-29T09:32:29Z,RIZEUSDT,COOLING,NONE,0.0,0.0,0.0,56.03,0.0,171.88,712.17,True,False,0.0,77618.93,0.004,0.933,0.004636
2026-08-29T09:32:31Z,WUSDT,COOLING,NONE,0.0,0.0,0.0,8.77,0.0,9759.01,4079.55,True,False,0.0,77618.93,0.004,1.038,0.009125
2026-08-29T09:32:33Z,REDUSDT,COOLING,NONE,0.0,0.0,0.0,19.87,0.0,5056.19,4728.77,True,False,0.0,77618.93,0.004,1.044,0.11067
2026-08-29T09:33:01Z,XRPUSDT,COOLING,NONE,0.0,0.0,0.0,2.17,0.0,132861.64,131467.6,True,False,0.0,77632.83,0.0179,0.918,1.3852
2026-08-29T09:33:05Z,HBARUSDT,COOLING,NONE,0.0,0.0,0.0,1.34,0.0,49101.54,35954.85,True,False,0.0,77632.83,0.0179,1.029,0.07468
2026-08-29T09:33:07Z,RIZEUSDT,COOLING,NONE,0.0,0.0,0.0,56.03,0.0,126.28,712.17,True,False,0.0,77632.83,0.0179,0.972,0.004636
2026-08-29T09:33:09Z,WUSDT,COOLING,NONE,0.0,0.0,0.0,9.86,0.0,9759.01,4079.55,True,False,0.0,77632.83,0.0179,0.99,0.009124
2026-08-29T09:33:11Z,REDUSDT,COOLING,NONE,0.0,0.0,0.0,23.4,0.0,3454.32,4799.63,True,False,0.0,77632.83,0.0179,1.099,0.11077
2026-08-29T09:33:40Z,XRPUSDT,COOLING,NONE,0.0,0.0,0.0,2.89,0.0,106920.87,40925.46,True,False,0.0,77635.46,0.0034,1.091,1.3853
2026-08-29T09:33:41Z,HBARUSDT,COOLING,NONE,0.0,0.0,0.0,1.34,0.0,49101.54,35954.85,True,False,0.0,77635.46,0.0034,0.959,0.07469
2026-08-29T09:33:43Z,RIZEUSDT,COOLING,NONE,0.0,0.0,0.0,56.03,0.0,126.5,712.17,True,False,0.0,77635.46,0.0034,1.058,0.004641
2026-08-29T09:33:45Z,WUSDT,COOLING,NONE,0.0,0.0,0.0,6.58,0.0,9045.29,4079.55,True,False,0.0,77635.46,0.0034,1.011,0.00912
2026-08-29T09:33:47Z,REDUSDT,COOLING,NONE,0.0,0.0,0.0,12.62,0.0,5083.31,5474.88,True,False,0.0,77635.46,0.0034,0.946,0.11097
2026-08-29T09:34:44Z,XRPUSDT,COOLING,NONE,0.0,0.0,0.0,2.89,0.0,96019.13,57980.4,True,False,0.0,77656.58,0.0272,1.491,1.3851
2026-08-29T09:34:47Z,HBARUSDT,COOLING,NONE,0.0,0.0,0.0,1.34,0.0,36907.97,27858.16,True,False,0.0,77656.58,0.0272,1.471,0.07474
2026-08-29T09:34:50Z,RIZEUSDT,COOLING,NONE,0.0,0.0,0.0,56.03,0.0,126.69,712.17,True,False,0.0,77656.58,0.0272,0.993,0.004643
2026-08-29T09:34:52Z,WUSDT,COOLING,NONE,0.0,0.0,0.0,8.77,-1.1,14612.08,4079.55,True,False,0.0055,77656.58,0.0272,2.098,0.009124
2026-08-29T09:34:57Z,REDUSDT,COOLING,NONE,0.0,0.0,0.0,26.97,-0.9,7080.19,4802.23,True,False,0.0045,77656.58,0.0272,1.531,0.11133
2026-08-29T09:35:27Z,XRPUSDT,COOLING,SELL,2.59,0.0,2.59,2.17,-0.72,121232.03,58430.39,True,False,-0.0325,77658.61,0.0026,2.385,1.3852
2026-08-29T09:35:30Z,HBARUSDT,COOLING,NONE,0.0,0.0,0.0,1.34,0.0,36907.97,27858.16,True,False,0.0,77658.61,0.0026,1.404,0.07475
2026-08-29T09:35:32Z,RIZEUSDT,COOLING,NONE,0.0,0.0,0.0,34.45,0.0,171.88,715.0,True,False,0.0,77658.61,0.0026,1.279,0.004637
2026-08-29T09:35:36Z,WUSDT,COOLING,NONE,0.0,0.0,0.0,8.77,0.0,14612.08,4079.55,True,False,0.0,77658.61,0.0026,1.253,0.009126
2026-08-29T09:35:40Z,REDUSDT,COOLING,NONE,0.0,0.0,0.0,18.84,-0.9,8033.45,4526.95,True,False,-0.0045,77658.61,0.0026,1.17,0.11148
2026-08-29T09:36:19Z,XRPUSDT,COOLING,NONE,0.0,0.0,0.0,1.44,0.0,99044.11,85070.1,True,False,0.0,77658.63,0.0,1.195,1.3851
2026-08-29T09:36:23Z,HBARUSDT,COOLING,NONE,0.0,0.0,0.0,1.34,0.0,33733.12,27858.16,True,False,0.0,77658.63,0.0,1.241,0.07475
2026-08-29T09:36:25Z,RIZEUSDT,COOLING,NONE,0.0,0.0,0.0,56.03,0.0,171.88,715.06,True,False,0.0,77658.63,0.0,1.2,0.00464
2026-08-29T09:36:29Z,WUSDT,COOLING,NONE,0.0,0.0,0.0,9.86,0.0,14612.08,4079.55,True,False,0.0,77658.63,0.0,1.12,0.009126
2026-08-29T09:36:32Z,REDUSDT,COOLING,NONE,0.0,0.0,0.0,15.24,0.0,5445.72,5312.14,True,False,0.0,77658.63,0.0,1.197,0.11146
2026-08-29T09:37:40Z,XRPUSDT,COOLING,NONE,0.0,0.0,0.0,0.72,0.0,112402.07,114023.0,True,False,0.0,77674.99,0.0211,0.97,1.385
2026-08-29T09:37:42Z,HBARUSDT,COOLING,NONE,0.0,0.0,0.0,1.34,0.0,33733.12,27858.16,True,False,0.0,77674.99,0.0211,0.902,0.07475
2026-08-29T09:37:45Z,RIZEUSDT,COOLING,SELL,28.86,0.0,28.86,56.03,0.0,178.26,715.06,True,True,0.0,77674.99,0.0211,0.998,0.00464
2026-08-29T09:37:47Z,WUSDT,COOLING,NONE,0.0,0.0,0.0,9.86,0.0,14612.08,4079.55,True,False,0.0,77674.99,0.0211,0.95,0.009127
2026-08-29T09:37:50Z,CCUSDT,COOLING,SELL,7.22,0.0,7.22,8.88,0.0,1942.56,1811.3,True,False,0.0,77674.99,0.0211,0.96,0.11265
2026-08-29T09:38:24Z,XRPUSDT,COOLING,NONE,0.0,0.0,0.0,2.17,0.0,102569.12,72342.89,True,False,0.0,77681.2,0.008,1.021,1.385
2026-08-29T09:38:27Z,HBARUSDT,COOLING,NONE,0.0,0.0,0.0,1.34,0.0,33626.98,27858.16,True,False,0.0,77681.2,0.008,0.939,0.07474
2026-08-29T09:38:30Z,RIZEUSDT,COOLING,SELL,28.29,0.0,28.29,56.03,0.0,171.88,715.06,True,True,0.0,77681.2,0.008,0.929,0.00464
2026-08-29T09:38:32Z,WUSDT,COOLING,NONE,0.0,0.0,0.0,3.29,0.0,14612.08,4079.55,True,False,0.0,77681.2,0.008,0.985,0.009124
2026-08-29T09:38:33Z,CCUSDT,COOLING,NONE,0.0,0.0,0.0,8.86,-0.89,1511.51,2077.3,True,False,0.0044,77681.2,0.008,0.893,0.11263
2026-08-29T09:39:05Z,XRPUSDT,COOLING,NONE,0.0,0.0,0.0,0.72,-0.72,106128.4,143566.19,True,False,0.0036,77707.88,0.0343,0.889,1.3858
2026-08-29T09:39:07Z,HBARUSDT,COOLING,NONE,0.0,0.0,0.0,1.34,0.0,35751.35,33699.88,True,False,0.0,77707.88,0.0343,0.965,0.07474
2026-08-29T09:39:09Z,RIZEUSDT,COOLING,NONE,0.0,0.0,0.0,28.06,-27.98,126.64,715.06,True,False,-0.1401,77707.88,0.0343,0.907,0.004636
2026-08-29T09:39:12Z,WUSDT,COOLING,NONE,0.0,0.0,0.0,6.58,0.0,14612.08,4079.55,True,False,0.0,77707.88,0.0343,0.955,0.009124
2026-08-29T09:39:14Z,CCUSDT,COOLING,BUY,0.0,7.45,7.45,7.97,-1.77,1532.43,1631.4,True,False,0.0089,77707.88,0.0343,0.941,0.11297
2026-08-29T09:40:38Z,XRPUSDT,COOLING,NONE,0.0,0.0,0.0,0.72,0.0,138235.69,83439.94,True,False,0.0,77734.64,0.0344,2.048,1.3857
2026-08-29T09:40:40Z,HBARUSDT,COOLING,NONE,0.0,0.0,0.0,1.34,0.0,35751.35,24632.4,True,False,0.0,77734.64,0.0344,1.135,0.07474
2026-08-29T09:40:45Z,RIZEUSDT,COOLING,NONE,0.0,0.0,0.0,56.03,0.0,171.88,715.06,True,False,0.0,77734.64,0.0344,2.114,0.004644
2026-08-29T09:40:49Z,WUSDT,COOLING,NONE,0.0,0.0,0.0,6.58,0.0,14612.08,4079.55,True,False,0.0,77734.64,0.0344,2.222,0.009122
2026-08-29T09:40:52Z,CCUSDT,COOLING,NONE,0.0,0.0,0.0,8.85,0.0,1512.1,1817.91,True,False,0.0,77734.64,0.0344,1.154,0.11303
2026-08-29T09:41:32Z,XRPUSDT,COOLING,NONE,0.0,0.0,0.0,2.89,0.0,155888.45,67901.81,True,False,0.0,77704.28,-0.0391,0.979,1.3853
2026-08-29T09:41:33Z,HBARUSDT,COOLING,NONE,0.0,0.0,0.0,1.34,0.0,36151.5,43504.57,True,False,0.0,77704.28,-0.0391,0.948,0.07474
2026-08-29T09:41:35Z,RIZEUSDT,COOLING,SELL,0.05,0.0,0.05,56.03,0.0,126.64,715.06,True,False,0.0,77704.28,-0.0391,0.942,0.004644
2026-08-29T09:41:37Z,WUSDT,COOLING,NONE,0.0,0.0,0.0,13.17,0.0,9035.28,4079.55,True,False,0.0,77704.28,-0.0391,0.918,0.009113
2026-08-29T09:41:39Z,CCUSDT,COOLING,NONE,0.0,0.0,0.0,8.85,0.0,1512.59,1516.88,True,False,0.0,77704.28,-0.0391,0.955,0.11295
2026-08-29T09:42:09Z,XRPUSDT,COOLING,NONE,0.0,0.0,0.0,2.17,0.0,99430.9,111794.36,True,False,0.0,77694.87,-0.0121,0.967,1.3849
2026-08-29T09:42:11Z,HBARUSDT,COOLING,NONE,0.0,0.0,0.0,1.34,0.0,36151.5,43504.57,True,False,0.0,77694.87,-0.0121,0.912,0.07475
2026-08-29T09:42:14Z,RIZEUSDT,COOLING,SELL,2.88,0.0,2.88,23.63,0.0,171.88,101.34,True,False,0.0,77694.87,-0.0121,1.047,0.004659
2026-08-29T09:42:15Z,WUSDT,COOLING,NONE,0.0,0.0,0.0,13.17,0.0,9035.28,4079.55,True,False,0.0,77694.87,-0.0121,0.939,0.009113
2026-08-29T09:42:18Z,CCUSDT,COOLING,NONE,0.0,0.0,0.0,10.64,0.0,1519.4,1516.87,True,False,0.0,77694.87,-0.0121,0.937,0.11295
2026-08-29T09:43:21Z,XRPUSDT,COOLING,NONE,0.0,0.0,0.0,2.89,0.72,124762.71,105022.9,True,False,0.0036,77705.61,0.0138,1.196,1.3859
2026-08-29T09:43:25Z,HBARUSDT,COOLING,NONE,0.0,0.0,0.0,1.34,0.0,34051.27,22232.68,True,False,0.0,77705.61,0.0138,1.046,0.07474
2026-08-29T09:43:29Z,RIZEUSDT,COOLING,NONE,0.0,0.0,0.0,45.16,0.0,126.83,720.8,True,False,0.0,77705.61,0.0138,0.944,0.004646
2026-08-29T09:43:31Z,WUSDT,COOLING,NONE,0.0,0.0,0.0,9.87,0.0,9035.28,4079.55,True,False,0.0,77705.61,0.0138,0.958,0.009116
2026-08-29T09:43:33Z,CCUSDT,COOLING,NONE,0.0,0.0,0.0,8.86,0.0,1509.24,1762.35,True,False,0.0,77705.61,0.0138,0.963,0.11287
2026-08-29T09:44:03Z,XRPUSDT,COOLING,SELL,45.43,0.0,45.43,2.89,1.44,132768.38,98358.67,True,True,-0.0217,77703.97,-0.0021,0.939,1.3856
2026-08-29T09:44:05Z,HBARUSDT,COOLING,NONE,0.0,0.0,0.0,1.34,0.0,34051.27,22232.68,True,False,0.0,77703.97,-0.0021,0.893,0.07475
2026-08-29T09:44:07Z,RIZEUSDT,COOLING,NONE,0.0,0.0,0.0,45.16,0.0,126.75,720.8,True,False,0.0,77703.97,-0.0021,0.982,0.004646
2026-08-29T09:44:10Z,WUSDT,COOLING,NONE,0.0,0.0,0.0,12.07,0.0,9035.28,4079.55,True,False,0.0,77703.97,-0.0021,0.937,0.009114
2026-08-29T09:44:12Z,CCUSDT,COOLING,NONE,0.0,0.0,0.0,9.73,0.0,1512.85,2231.89,True,False,0.0,77703.97,-0.0021,0.961,0.11287
2026-08-29T09:44:48Z,XRPUSDT,COOLING,SELL,1.45,0.0,1.45,1.44,0.0,146205.83,46624.63,True,False,-0.0072,77672.46,-0.0406,3.76,1.3844
2026-08-29T09:44:53Z,HBARUSDT,COOLING,NONE,0.0,0.0,0.0,2.68,0.0,28601.95,34708.1,True,False,0.0,77672.46,-0.0406,1.056,0.07474
2026-08-29T09:44:56Z,RIZEUSDT,COOLING,SELL,0.0,0.0,0.0,58.02,0.0,171.88,710.69,True,False,0.0,77672.46,-0.0406,1.117,0.004655
2026-08-29T09:45:00Z,WUSDT,COOLING,NONE,0.0,0.0,0.0,13.17,0.0,9790.58,4577.48,True,False,0.0,77672.46,-0.0406,2.131,0.009113
2026-08-29T09:45:03Z,CCUSDT,COOLING,NONE,0.0,0.0,0.0,10.62,0.0,1512.85,2207.32,True,False,0.0,77672.46,-0.0406,2.196,0.11303
2026-08-29T09:46:20Z,XRPUSDT,COOLING,NONE,0.0,0.0,0.0,2.17,0.0,160967.05,68068.88,True,False,0.0,77662.71,-0.0126,1.943,1.3843
2026-08-29T09:46:22Z,HBARUSDT,COOLING,NONE,0.0,0.0,0.0,1.34,0.0,34301.57,25548.41,True,False,0.0,77662.71,-0.0126,0.933,0.07473
2026-08-29T09:46:25Z,RIZEUSDT,COOLING,SELL,26.91,0.0,26.91,58.36,0.0,171.88,719.21,True,True,0.0,77662.71,-0.0126,0.983,0.00464
2026-08-29T09:46:27Z,WUSDT,COOLING,NONE,0.0,0.0,0.0,13.18,0.0,9780.82,4577.48,True,False,0.0,77662.71,-0.0126,0.908,0.009103
2026-08-29T09:46:28Z,CCUSDT,COOLING,NONE,0.0,0.0,0.0,9.74,0.0,1510.05,1515.54,True,False,0.0,77662.71,-0.0126,0.926,0.11292
2026-08-29T09:47:00Z,XRPUSDT,COOLING,NONE,0.0,0.0,0.0,1.45,0.72,60846.25,72655.75,True,False,-0.0036,77665.13,0.0031,1.078,1.3841
2026-08-29T09:47:04Z,HBARUSDT,COOLING,NONE,0.0,0.0,0.0,1.34,0.0,38302.11,12892.7,True,False,0.0,77665.13,0.0031,1.481,0.07469
2026-08-29T09:47:08Z,RIZEUSDT,COOLING,NONE,0.0,0.0,0.0,58.36,0.0,171.88,719.21,True,False,0.0,77665.13,0.0031,0.918,0.00464
2026-08-29T09:47:12Z,WUSDT,COOLING,NONE,0.0,0.0,0.0,14.28,0.0,9780.82,4577.48,True,False,0.0,77665.13,0.0031,1.953,0.009107
2026-08-29T09:47:17Z,CCUSDT,COOLING,NONE,0.0,0.0,0.0,10.64,1.77,1510.31,1761.73,True,False,0.0089,77665.13,0.0031,1.662,0.11291
2026-08-29T09:47:59Z,XRPUSDT,COOLING,NONE,0.0,0.0,0.0,2.17,0.72,101152.03,57857.28,True,False,0.0036,77650.46,-0.0189,2.596,1.3843
2026-08-29T09:48:02Z,HBARUSDT,COOLING,NONE,0.0,0.0,0.0,1.34,0.0,38302.11,34048.23,True,False,0.0,77650.46,-0.0189,1.63,0.07468
2026-08-29T09:48:06Z,RIZEUSDT,COOLING,SELL,0.0,0.0,0.0,28.06,0.0,171.88,721.35,True,False,0.0,77650.46,-0.0189,1.257,0.00464
2026-08-29T09:48:10Z,WUSDT,COOLING,NONE,0.0,0.0,0.0,12.07,0.0,10419.64,4577.48,True,False,0.0,77650.46,-0.0189,2.369,0.009108
2026-08-29T09:48:14Z,CCUSDT,COOLING,NONE,0.0,0.0,0.0,9.76,0.0,1508.17,1513.66,True,False,0.0,77650.46,-0.0189,2.254,0.11276
2026-08-29T09:49:17Z,XRPUSDT,COOLING,NONE,0.0,0.0,0.0,2.17,0.0,113581.08,63137.4,True,False,0.0,77650.46,0.0,0.996,1.3837
2026-08-29T09:49:20Z,HBARUSDT,COOLING,NONE,0.0,0.0,0.0,1.34,0.0,38302.11,34042.68,True,False,0.0,77650.46,0.0,1.949,0.07469
2026-08-29T09:49:22Z,RIZEUSDT,COOLING,NONE,0.0,0.0,0.0,58.52,0.0,136.96,704.73,True,False,0.0,77650.46,0.0,0.94,0.0046
2026-08-29T09:49:24Z,WUSDT,COOLING,NONE,0.0,0.0,0.0,10.97,0.0,9393.84,4577.48,True,False,0.0,77650.46,0.0,0.999,0.009112
2026-08-29T09:49:26Z,CCUSDT,COOLING,NONE,0.0,0.0,0.0,8.88,0.0,15951.96,1909.44,True,False,0.0,77650.46,0.0,0.949,0.11273
2026-08-29T09:49:58Z,XRPUSDT,COOLING,NONE,0.0,0.0,0.0,1.44,-0.72,113950.32,69331.57,True,False,0.0036,77650.46,0.0,1.764,1.3842
2026-08-29T09:50:00Z,HBARUSDT,COOLING,NONE,0.0,0.0,0.0,1.34,0.0,48997.27,34042.68,True,False,0.0,77650.46,0.0,1.193,0.07469
2026-08-29T09:50:04Z,RIZEUSDT,COOLING,SELL,4.7,0.0,4.7,28.22,0.0,140.82,714.83,True,False,0.0,77650.46,0.0,2.231,0.0046
2026-08-29T09:50:07Z,WUSDT,COOLING,NONE,0.0,0.0,0.0,8.78,0.0,9393.84,4577.48,True,False,0.0,77650.46,0.0,1.195,0.009118
2026-08-29T09:50:10Z,CCUSDT,COOLING,BUY,0.0,35.01,35.01,8.86,-11.5,15038.36,9033.53,True,False,-0.0664,77650.46,0.0,2.32,0.11265
2026-08-29T09:50:47Z,XRPUSDT,COOLING,NONE,0.0,0.0,0.0,2.17,0.0,118135.6,183146.34,True,False,0.0,77663.53,0.0168,0.996,1.3846
2026-08-29T09:50:48Z,HBARUSDT,COOLING,NONE,0.0,0.0,0.0,1.34,0.0,38017.91,38964.38,True,False,0.0,77663.53,0.0168,0.965,0.0747
2026-08-29T09:50:50Z,RIZEUSDT,COOLING,SELL,17.47,0.0,17.47,56.52,0.0,171.88,704.24,True,False,0.0,77663.53,0.0168,1.035,0.0046
2026-08-29T09:50:52Z,WUSDT,COOLING,NONE,0.0,0.0,0.0,8.78,0.0,9393.84,4577.48,True,False,0.0,77663.53,0.0168,1.031,0.009117
2026-08-29T09:50:54Z,CCUSDT,COOLING,NONE,0.0,0.0,0.0,5.31,0.0,15356.56,1515.67,True,False,0.0,77663.53,0.0168,1.04,0.11291
2026-08-29T09:52:20Z,XRPUSDT,COOLING,NONE,0.0,0.0,0.0,2.89,0.0,122209.54,61340.35,True,False,0.0,77669.72,0.008,1.247,1.3841
2026-08-29T09:52:24Z,HBARUSDT,COOLING,BUY,0.0,26.04,26.04,1.34,0.0,49750.23,38964.38,True,True,0.0,77669.72,0.008,2.233,0.07471
2026-08-29T09:52:26Z,RIZEUSDT,COOLING,NONE,0.0,0.0,0.0,56.52,0.0,126.16,704.24,True,False,0.0,77669.72,0.008,1.277,0.004607
2026-08-29T09:52:31Z,WUSDT,COOLING,NONE,0.0,0.0,0.0,9.87,0.0,9393.84,4577.48,True,False,0.0,77669.72,0.008,2.155,0.009112
2026-08-29T09:52:34Z,CCUSDT,COOLING,SELL,35.42,0.0,35.42,5.31,0.0,9009.2,15057.5,True,False,0.0,77669.72,0.008,2.349,0.11295
2026-08-29T09:53:08Z,XRPUSDT,COOLING,NONE,0.0,0.0,0.0,2.89,0.0,127104.64,77633.55,True,False,0.0,77670.12,0.0005,1.024,1.3841
2026-08-29T09:53:10Z,HBARUSDT,COOLING,BUY,0.0,18.89,18.89,1.34,0.0,32188.93,25469.4,True,False,-0.0134,77670.12,0.0005,1.11,0.07469
2026-08-29T09:53:13Z,RIZEUSDT,COOLING,NONE,0.0,0.0,0.0,56.52,0.0,140.82,704.24,True,False,0.0,77670.12,0.0005,1.549,0.0046
2026-08-29T09:53:15Z,WUSDT,COOLING,NONE,0.0,0.0,0.0,6.58,0.0,10110.56,4079.55,True,False,0.0,77670.12,0.0005,0.98,0.009116
2026-08-29T09:53:19Z,CCUSDT,COOLING,NONE,0.0,0.0,0.0,6.19,0.0,1513.58,1762.38,True,False,0.0,77670.12,0.0005,1.231,0.11304
2026-08-29T09:53:54Z,XRPUSDT,COOLING,NONE,0.0,0.0,0.0,1.45,-0.72,94014.71,70616.3,True,False,-0.0036,77663.87,-0.008,2.241,1.3834
2026-08-29T09:53:56Z,HBARUSDT,COOLING,NONE,0.0,0.0,0.0,1.34,0.0,36024.44,20130.39,True,False,0.0,77663.87,-0.008,1.149,0.07469
2026-08-29T09:54:06Z,RIZEUSDT,COOLING,SELL,0.0,0.0,0.0,34.82,-21.7,171.88,704.24,True,False,-0.1087,77663.87,-0.008,7.457,0.0046
2026-08-29T09:54:09Z,WUSDT,COOLING,NONE,0.0,0.0,0.0,13.17,0.0,15985.31,4592.99,True,False,0.0,77663.87,-0.008,1.107,0.009123
2026-08-29T09:54:12Z,CCUSDT,COOLING,NONE,0.0,0.0,0.0,9.74,0.88,9006.81,1817.32,True,False,0.0044,77663.87,-0.008,1.244,0.11302
2026-08-29T09:55:27Z,XRPUSDT,COOLING,NONE,0.0,0.0,0.0,1.44,0.72,90303.75,46277.97,True,False,0.0036,77666.37,0.0032,1.045,1.3853
2026-08-29T09:55:29Z,HBARUSDT,COOLING,SELL,55.52,0.0,55.52,1.34,0.0,34936.89,38440.16,True,True,0.0,77666.37,0.0032,0.97,0.07471
2026-08-29T09:55:31Z,RIZEUSDT,COOLING,NONE,0.0,0.0,0.0,56.52,0.0,171.88,704.24,True,False,0.0,77666.37,0.0032,0.997,0.004603
2026-08-29T09:55:32Z,WUSDT,COOLING,NONE,0.0,0.0,0.0,10.97,0.0,15351.21,4592.99,True,False,0.0,77666.37,0.0032,0.994,0.009115
2026-08-29T09:55:35Z,CCUSDT,COOLING,NONE,0.0,0.0,0.0,9.74,0.0,15356.64,1556.14,True,False,0.0,77666.37,0.0032,1.99,0.11307
2026-08-29T09:56:04Z,XRPUSDT,COOLING,NONE,0.0,0.0,0.0,1.44,0.0,76821.18,51732.7,True,False,0.0,77666.32,-0.0001,0.934,1.3854
2026-08-29T09:56:07Z,HBARUSDT,COOLING,NONE,0.0,0.0,0.0,1.34,0.0,43842.13,25093.43,True,False,0.0,77666.32,-0.0001,1.916,0.07471
2026-08-29T09:56:11Z,RIZEUSDT,COOLING,NONE,0.0,0.0,0.0,56.52,0.0,171.88,704.24,True,False,0.0,77666.32,-0.0001,0.972,0.004603
2026-08-29T09:56:15Z,WUSDT,COOLING,NONE,0.0,0.0,0.0,10.97,0.0,15351.21,4592.99,True,False,0.0,77666.32,-0.0001,0.949,0.009114
2026-08-29T09:56:17Z,CCUSDT,COOLING,NONE,0.0,0.0,0.0,8.85,0.0,1512.85,1556.14,True,False,0.0,77666.32,-0.0001,1.039,0.11294
2026-08-29T09:56:48Z,XRPUSDT,COOLING,NONE,0.0,0.0,0.0,1.44,0.0,49538.0,64012.67,True,False,0.0,77666.32,0.0,1.069,1.385
2026-08-29T09:56:50Z,HBARUSDT,COOLING,NONE,0.0,0.0,0.0,1.34,0.0,20724.62,44061.08,True,False,0.0,77666.32,0.0,0.95,0.07474
2026-08-29T09:56:52Z,RIZEUSDT,COOLING,NONE,0.0,0.0,0.0,56.52,0.0,171.88,704.24,True,False,0.0,77666.32,0.0,0.969,0.004602
2026-08-29T09:56:55Z,WUSDT,COOLING,NONE,0.0,0.0,0.0,10.97,0.0,15351.21,4592.99,True,False,0.0,77666.32,0.0,0.958,0.009112
2026-08-29T09:56:57Z,CCUSDT,COOLING,NONE,0.0,0.0,0.0,7.07,0.88,1512.06,1522.16,True,False,0.0044,77666.32,0.0,1.004,0.11305
2026-08-29T09:58:00Z,XRPUSDT,COOLING,NONE,0.0,0.0,0.0,0.72,0.0,65381.9,57848.8,True,False,0.0,77666.33,0.0,2.19,1.3849
2026-08-29T09:58:02Z,HBARUSDT,COOLING,NONE,0.0,0.0,0.0,1.34,0.0,20724.62,44061.08,True,False,0.0,77666.33,0.0,1.181,0.07476
2026-08-29T09:58:05Z,RIZEUSDT,COOLING,NONE,0.0,0.0,0.0,30.47,-26.05,171.88,704.24,True,False,-0.1304,77666.33,0.0,1.104,0.004601
2026-08-29T09:58:09Z,WUSDT,COOLING,NONE,0.0,0.0,0.0,10.97,0.0,15351.21,4592.99,True,False,0.0,77666.33,0.0,2.095,0.009113
2026-08-29T09:58:13Z,CCUSDT,COOLING,NONE,0.0,0.0,0.0,9.73,0.0,1513.82,1518.22,True,False,-0.0265,77666.33,0.0,2.172,0.11303
2026-08-29T09:58:47Z,XRPUSDT,COOLING,NONE,0.0,0.0,0.0,1.44,0.0,75837.31,58840.23,True,False,0.0,77666.34,0.0,1.273,1.3852
2026-08-29T09:58:50Z,HBARUSDT,COOLING,NONE,0.0,0.0,0.0,2.68,1.34,20724.62,44061.08,True,False,0.0067,77666.34,0.0,0.995,0.07475
2026-08-29T09:58:54Z,RIZEUSDT,COOLING,NONE,0.0,0.0,0.0,56.52,0.0,125.5,714.87,True,False,0.0,77666.34,0.0,2.083,0.004603
2026-08-29T09:58:56Z,WUSDT,COOLING,NONE,0.0,0.0,0.0,6.58,0.0,15351.21,4592.99,True,False,0.0,77666.34,0.0,0.935,0.009116
2026-08-29T09:58:58Z,CCUSDT,COOLING,NONE,0.0,0.0,0.0,9.73,0.0,9014.08,1519.57,True,False,0.0,77666.34,0.0,1.045,0.11306
2026-08-29T09:59:33Z,XRPUSDT,COOLING,NONE,0.0,0.0,0.0,0.72,-0.72,127281.75,54673.73,True,False,0.0036,77666.33,-0.0,0.982,1.3859
2026-08-29T09:59:35Z,HBARUSDT,COOLING,NONE,0.0,0.0,0.0,1.34,0.0,33839.5,38564.7,True,False,0.0,77666.33,-0.0,0.99,0.07475
2026-08-29T09:59:36Z,RIZEUSDT,COOLING,NONE,0.0,0.0,0.0,56.52,0.0,171.88,713.27,True,False,0.0,77666.33,-0.0,0.98,0.0046
2026-08-29T09:59:38Z,WUSDT,COOLING,NONE,0.0,0.0,0.0,6.58,0.0,15351.21,4592.99,True,False,0.0,77666.33,-0.0,0.969,0.009117
2026-08-29T09:59:40Z,CCUSDT,COOLING,NONE,0.0,0.0,0.0,8.84,0.0,9012.8,1519.65,True,False,0.0,77666.33,-0.0,0.962,0.11305
2026-08-29T10:00:41Z,XRPUSDT,COOLING,NONE,0.0,0.0,0.0,1.45,0.0,33369.33,50455.32,True,False,0.0,77645.0,-0.0275,0.967,1.3834
2026-08-29T10:00:43Z,HBARUSDT,COOLING,SELL,56.56,0.0,56.56,1.34,0.0,37785.0,24081.47,True,False,0.0,77645.0,-0.0275,0.902,0.07471
2026-08-29T10:00:44Z,RIZEUSDT,COOLING,SELL,0.0,0.0,0.0,56.52,0.0,171.88,704.76,True,False,0.0,77645.0,-0.0275,0.966,0.004597
2026-08-29T10:00:47Z,WUSDT,COOLING,NONE,0.0,0.0,0.0,14.28,0.0,9780.82,4592.99,True,False,0.0,77645.0,-0.0275,1.02,0.009113
2026-08-29T10:00:49Z,CCUSDT,COOLING,SELL,0.05,0.0,0.05,9.72,0.88,1513.8,1519.69,True,False,0.0044,77645.0,-0.0275,0.934,0.11324
2026-08-29T10:01:18Z,XRPUSDT,COOLING,NONE,0.0,0.0,0.0,1.45,0.72,59690.5,166982.88,True,False,-0.0036,77639.54,-0.007,0.97,1.3833
2026-08-29T10:01:20Z,HBARUSDT,COOLING,NONE,0.0,0.0,0.0,1.34,0.0,36860.16,35483.05,True,False,0.0,77639.54,-0.007,1.078,0.07467
2026-08-29T10:01:22Z,RIZEUSDT,COOLING,NONE,0.0,0.0,0.0,56.52,0.0,171.88,704.76,True,False,0.0,77639.54,-0.007,1.014,0.004597
2026-08-29T10:01:25Z,WUSDT,COOLING,NONE,0.0,0.0,0.0,12.07,0.0,10564.35,5184.37,True,False,0.0,77639.54,-0.007,1.958,0.009111
2026-08-29T10:01:28Z,CCUSDT,COOLING,NONE,0.0,0.0,0.0,7.96,0.0,1812.79,1594.05,True,False,0.0,77639.54,-0.007,0.954,0.11324
2026-08-29T10:01:56Z,XRPUSDT,COOLING,NONE,0.0,0.0,0.0,0.72,0.0,67030.25,135507.75,True,False,0.0,77640.31,0.001,0.981,1.3837
2026-08-29T10:01:58Z,HBARUSDT,COOLING,NONE,0.0,0.0,0.0,1.34,0.0,35122.55,42365.65,True,False,0.0,77640.31,0.001,2.045,0.07467
2026-08-29T10:02:01Z,RIZEUSDT,COOLING,SELL,0.0,0.0,0.0,10.84,-45.68,171.88,704.76,True,False,0.2283,77640.31,0.001,1.419,0.004597
2026-08-29T10:02:04Z,WUSDT,COOLING,NONE,0.0,0.0,0.0,12.07,0.0,10564.35,5184.37,True,False,0.0,77640.31,0.001,0.964,0.009117
2026-08-29T10:02:06Z,CCUSDT,COOLING,NONE,0.0,0.0,0.0,6.19,0.0,1512.85,1594.05,True,False,0.0,77640.31,0.001,0.976,0.113
2026-08-29T10:02:59Z,XRPUSDT,COOLING,NONE,0.0,0.0,0.0,1.45,0.0,59048.56,53123.81,True,False,0.0,77620.93,-0.025,0.96,1.3829
2026-08-29T10:03:03Z,HBARUSDT,COOLING,NONE,0.0,0.0,0.0,1.34,0.0,39143.98,39229.83,True,False,0.0,77620.93,-0.025,0.954,0.07468
2026-08-29T10:03:07Z,RIZEUSDT,COOLING,NONE,0.0,0.0,0.0,56.52,0.0,171.88,704.76,True,False,0.0,77620.93,-0.025,0.923,0.004602
2026-08-29T10:03:09Z,WUSDT,COOLING,NONE,0.0,0.0,0.0,13.17,0.0,10564.35,5184.37,True,False,0.0,77620.93,-0.025,0.969,0.009117
2026-08-29T10:03:11Z,CCUSDT,COOLING,SELL,89.89,0.0,89.89,9.75,-1.77,9010.4,1515.67,True,False,-0.0443,77620.93,-0.025,0.926,0.11292
2026-08-29T10:03:44Z,XRPUSDT,COOLING,NONE,0.0,0.0,0.0,2.89,1.45,100506.29,130521.26,True,False,0.0,77620.62,-0.0004,2.175,1.3824
2026-08-29T10:03:47Z,HBARUSDT,COOLING,NONE,0.0,0.0,0.0,1.34,0.0,39143.98,37386.06,True,False,0.0,77620.62,-0.0004,2.198,0.07467
2026-08-29T10:03:51Z,RIZEUSDT,COOLING,NONE,0.0,0.0,0.0,56.52,0.0,125.08,704.76,True,False,0.0,77620.62,-0.0004,2.083,0.004603
2026-08-29T10:03:56Z,WUSDT,COOLING,NONE,0.0,0.0,0.0,13.17,0.0,10564.35,5184.37,True,False,0.0,77620.62,-0.0004,2.915,0.009115
2026-08-29T10:04:00Z,CCUSDT,COOLING,NONE,0.0,0.0,0.0,11.52,0.89,1722.49,14956.74,True,False,0.0044,77620.62,-0.0004,1.914,0.11292
2026-08-29T10:04:51Z,XRPUSDT,COOLING,SELL,2.62,0.0,2.62,1.45,0.0,57187.52,177618.6,True,False,0.0,77595.1,-0.0329,0.925,1.3814
2026-08-29T10:04:53Z,HBARUSDT,COOLING,NONE,0.0,0.0,0.0,1.34,0.0,48525.89,33712.3,True,False,0.0,77595.1,-0.0329,1.027,0.07465
2026-08-29T10:04:55Z,RIZEUSDT,COOLING,SELL,0.0,0.0,0.0,56.52,0.0,171.88,704.76,True,False,0.0,77595.1,-0.0329,2.029,0.004602
2026-08-29T10:04:57Z,WUSDT,COOLING,NONE,0.0,0.0,0.0,13.18,0.0,9114.99,5180.42,True,False,0.0,77595.1,-0.0329,0.927,0.009115
2026-08-29T10:04:59Z,CCUSDT,COOLING,SELL,11.82,0.0,11.82,8.88,-1.78,1709.21,1513.4,True,False,0.0178,77595.1,-0.0329,0.994,0.11275
2026-08-29T10:05:53Z,XRPUSDT,COOLING,NONE,0.0,0.0,0.0,0.72,0.0,59840.99,140134.71,True,False,0.0,77560.0,-0.0452,0.973,1.3806
2026-08-29T10:05:55Z,HBARUSDT,COOLING,NONE,0.0,0.0,0.0,1.34,0.0,37386.91,39886.06,True,False,0.0,77560.0,-0.0452,0.921,0.07464
2026-08-29T10:05:57Z,RIZEUSDT,COOLING,NONE,0.0,0.0,0.0,56.52,0.0,171.88,711.51,True,False,0.0,77560.0,-0.0452,0.997,0.004602
2026-08-29T10:05:59Z,WUSDT,COOLING,NONE,0.0,0.0,0.0,15.38,0.0,9114.99,5180.42,True,False,0.0,77560.0,-0.0452,0.982,0.009106
2026-08-29T10:06:01Z,CCUSDT,COOLING,NONE,0.0,0.0,0.0,7.99,0.0,1507.36,1511.52,True,False,0.0,77560.0,-0.0452,0.971,0.11261
2026-08-29T10:06:35Z,XRPUSDT,COOLING,NONE,0.0,0.0,0.0,2.9,0.0,76618.54,69690.42,True,False,0.0,77540.01,-0.0258,2.56,1.3794
2026-08-29T10:06:37Z,HBARUSDT,COOLING,NONE,0.0,0.0,0.0,1.34,0.0,36769.7,34214.42,True,False,0.0,77540.01,-0.0258,1.144,0.07464
2026-08-29T10:06:40Z,RIZEUSDT,COOLING,SELL,22.51,0.0,22.51,56.52,0.0,171.88,711.51,True,True,0.0,77540.01,-0.0258,1.198,0.0046
2026-08-29T10:06:44Z,WUSDT,COOLING,NONE,0.0,0.0,0.0,15.38,0.0,9114.99,5180.42,True,False,0.0,77540.01,-0.0258,2.082,0.009106
2026-08-29T10:06:48Z,CCUSDT,COOLING,NONE,0.0,0.0,0.0,6.22,-0.89,1810.22,2232.36,True,False,-0.0044,77540.01,-0.0258,2.206,0.11261
2026-08-29T10:07:26Z,XRPUSDT,COOLING,NONE,0.0,0.0,0.0,2.9,0.0,57088.64,49271.17,True,False,0.0,77548.96,0.0115,1.214,1.3813
2026-08-29T10:07:29Z,HBARUSDT,COOLING,SELL,8.72,0.21,8.72,1.34,-0.0,40567.26,37354.71,True,False,0.0134,77548.96,0.0115,1.136,0.07461
2026-08-29T10:07:31Z,RIZEUSDT,COOLING,NONE,0.0,0.0,0.0,56.52,0.0,171.88,711.51,True,False,0.0,77548.96,0.0115,1.155,0.0046
2026-08-29T10:07:34Z,WUSDT,COOLING,NONE,0.0,0.0,0.0,13.18,0.0,9114.99,5180.42,True,False,0.0,77548.96,0.0115,2.095,0.009106
2026-08-29T10:07:38Z,CCUSDT,COOLING,NONE,0.0,0.0,0.0,9.76,0.0,1509.59,1515.32,True,False,0.0,77548.96,0.0115,1.217,0.1127
2026-08-29T10:08:47Z,XRPUSDT,COOLING,NONE,0.0,0.0,0.0,2.17,0.0,85395.01,34497.67,True,False,0.0,77547.76,-0.0015,1.942,1.3811
2026-08-29T10:08:48Z,HBARUSDT,COOLING,NONE,0.0,0.0,0.0,1.34,0.0,37825.57,31779.02,True,False,0.0,77547.76,-0.0015,0.945,0.07464
2026-08-29T10:08:50Z,RIZEUSDT,COOLING,NONE,0.0,0.0,0.0,56.52,0.0,171.88,705.25,True,False,0.0,77547.76,-0.0015,1.022,0.004603
2026-08-29T10:08:53Z,WUSDT,COOLING,NONE,0.0,0.0,0.0,12.08,0.0,9114.99,5180.42,True,False,0.0,77547.76,-0.0015,0.928,0.009106
2026-08-29T10:08:56Z,CCUSDT,COOLING,BUY,6.92,13.95,13.95,10.64,5.32,1619.79,1815.81,True,False,-0.0266,77547.76,-0.0015,0.982,0.1128
2026-08-29T10:09:25Z,XRPUSDT,COOLING,NONE,0.0,0.0,0.0,2.9,0.72,85395.01,41240.02,True,False,-0.0036,77547.75,-0.0,1.899,1.3812
2026-08-29T10:09:27Z,HBARUSDT,COOLING,NONE,0.0,0.0,0.0,1.34,0.0,37825.57,16786.43,True,False,0.0,77547.75,-0.0,0.966,0.07464
2026-08-29T10:09:29Z,RIZEUSDT,COOLING,NONE,0.0,0.0,0.0,56.52,0.0,171.88,709.82,True,False,0.0,77547.75,-0.0,1.001,0.0046
2026-08-29T10:09:31Z,WUSDT,COOLING,NONE,0.0,0.0,0.0,15.38,0.0,9114.99,5180.42,True,False,0.0,77547.75,-0.0,1.118,0.009108
2026-08-29T10:09:33Z,CCUSDT,COOLING,BUY,0.0,2.47,2.47,9.79,0.0,1503.61,1585.32,True,False,-0.0178,77547.75,-0.0,1.982,0.11269
2026-08-29T10:10:03Z,XRPUSDT,COOLING,NONE,0.0,0.0,0.0,2.17,0.0,85845.0,72348.53,True,False,0.0,77547.73,-0.0,0.978,1.3815
2026-08-29T10:10:06Z,HBARUSDT,COOLING,NONE,0.0,0.0,0.0,1.34,0.0,51554.42,35642.97,True,False,0.0,77547.73,-0.0,0.949,0.07463
2026-08-29T10:10:08Z,RIZEUSDT,COOLING,NONE,0.0,0.0,0.0,56.52,0.0,171.88,709.82,True,False,0.0,77547.73,-0.0,0.945,0.004603
2026-08-29T10:10:10Z,WUSDT,COOLING,NONE,0.0,0.0,0.0,15.38,0.0,9114.99,5180.42,True,False,0.0,77547.73,-0.0,0.971,0.009104
2026-08-29T10:10:11Z,CCUSDT,COOLING,NONE,0.0,0.0,0.0,10.69,0.0,1655.94,1506.7,True,False,0.0,77547.73,-0.0,0.937,0.11228
2026-08-29T10:11:10Z,XRPUSDT,COOLING,NONE,0.0,0.0,0.0,2.17,0.0,46095.56,126098.0,True,False,0.0,77555.12,0.0095,1.102,1.382
2026-08-29T10:11:12Z,HBARUSDT,COOLING,NONE,0.0,0.0,0.0,1.34,0.0,37923.0,34609.19,True,False,0.0,77555.12,0.0095,1.56,0.07465
2026-08-29T10:11:14Z,RIZEUSDT,COOLING,SELL,30.0,0.0,30.0,56.52,0.0,171.88,709.82,True,True,0.0,77555.12,0.0095,0.905,0.004603
2026-08-29T10:11:16Z,WUSDT,COOLING,NONE,0.0,0.0,0.0,13.17,0.0,10734.71,5127.92,True,False,0.0,77555.12,0.0095,0.92,0.009104
2026-08-29T10:11:17Z,CCUSDT,COOLING,NONE,0.0,0.0,0.0,9.8,0.0,1502.94,1508.1,True,False,0.0,77555.12,0.0095,0.966,0.11225
2026-08-29T10:11:48Z,XRPUSDT,COOLING,NONE,0.0,0.0,0.0,2.17,0.0,64574.74,116513.83,True,False,0.0,77555.11,-0.0,0.992,1.3825
2026-08-29T10:11:49Z,HBARUSDT,COOLING,NONE,0.0,0.0,0.0,1.34,0.0,37923.0,34609.19,True,False,0.0,77555.11,-0.0,0.981,0.07466
2026-08-29T10:11:51Z,RIZEUSDT,COOLING,NONE,0.0,0.0,0.0,56.52,0.0,171.88,714.56,True,False,0.0,77555.11,-0.0,0.97,0.004603
2026-08-29T10:11:53Z,WUSDT,COOLING,NONE,0.0,0.0,0.0,12.07,0.0,10734.71,5127.92,True,False,0.0,77555.11,-0.0,1.142,0.009112
2026-08-29T10:11:56Z,CCUSDT,COOLING,NONE,0.0,0.0,0.0,7.13,0.0,1621.58,1655.12,True,False,0.0,77555.11,-0.0,1.179,0.11225
2026-08-29T10:12:29Z,XRPUSDT,COOLING,SELL,0.34,0.0,0.34,2.89,0.0,58030.16,102711.53,True,False,0.0,77554.49,-0.0008,1.396,1.3826
2026-08-29T10:12:30Z,HBARUSDT,COOLING,NONE,0.0,0.0,0.0,1.34,0.0,37923.0,34609.19,True,False,0.0,77554.49,-0.0008,0.929,0.07465
2026-08-29T10:12:32Z,RIZEUSDT,COOLING,NONE,0.0,0.0,0.0,56.52,0.0,125.27,705.9,True,False,0.0,77554.49,-0.0008,0.968,0.004597
2026-08-29T10:12:34Z,WUSDT,COOLING,NONE,0.0,0.0,0.0,3.29,0.0,11142.37,5127.92,True,False,0.0,77554.49,-0.0008,0.972,0.009117
2026-08-29T10:12:36Z,CCUSDT,COOLING,NONE,0.0,0.0,0.0,7.13,0.0,1925.75,1506.7,True,False,0.0,77554.49,-0.0008,0.964,0.11223
2026-08-29T10:13:52Z,XRPUSDT,COOLING,NONE,0.0,0.0,0.0,0.72,0.0,82570.97,103888.54,True,False,0.0,77554.88,0.0005,1.118,1.3825
2026-08-29T10:13:55Z,HBARUSDT,COOLING,NONE,0.0,0.0,0.0,1.34,0.0,42712.36,16134.08,True,False,0.0,77554.88,0.0005,1.13,0.07466
2026-08-29T10:13:59Z,RIZEUSDT,COOLING,BUY,0.0,40.7,40.7,56.52,0.0,171.88,705.9,True,True,0.0,77554.88,0.0005,2.109,0.004606
2026-08-29T10:14:04Z,WUSDT,COOLING,NONE,0.0,0.0,0.0,4.39,0.0,11142.37,5127.92,True,False,0.0,77554.88,0.0005,1.088,0.009116
2026-08-29T10:14:06Z,CCUSDT,COOLING,BUY,0.0,7.56,7.56,9.81,0.0,1499.19,1647.83,True,False,0.0,77554.88,0.0005,1.147,0.11207
2026-08-29T10:14:45Z,XRPUSDT,COOLING,NONE,0.0,0.0,0.0,0.72,0.0,69898.49,114362.43,True,False,0.0,77574.99,0.0259,1.184,1.3831
2026-08-29T10:14:50Z,HBARUSDT,COOLING,NONE,0.0,0.0,0.0,1.34,0.0,38344.8,36355.27,True,False,0.0,77574.99,0.0259,1.023,0.07464
2026-08-29T10:14:53Z,RIZEUSDT,COOLING,SELL,31.3,0.0,31.3,56.52,0.0,248.29,712.87,True,False,0.0,77574.99,0.0259,0.983,0.004604
2026-08-29T10:14:56Z,WUSDT,COOLING,NONE,0.0,0.0,0.0,4.39,0.0,11142.37,4700.13,True,False,0.0,77574.99,0.0259,2.232,0.009118
2026-08-29T10:14:59Z,CCUSDT,COOLING,NONE,0.0,0.0,0.0,8.01,-1.78,1577.72,1508.4,True,False,0.0089,77574.99,0.0259,1.15,0.11221
2026-08-29T10:15:37Z,XRPUSDT,COOLING,NONE,0.0,0.0,0.0,1.44,-0.0,113045.07,126159.74,True,False,0.0144,77629.99,0.0709,1.903,1.3845
2026-08-29T10:15:38Z,HBARUSDT,COOLING,NONE,0.0,0.0,0.0,1.34,0.0,47275.58,38644.82,True,False,0.0,77629.99,0.0709,0.958,0.07467
2026-08-29T10:15:42Z,RIZEUSDT,COOLING,SELL,0.0,0.0,0.0,56.52,0.0,171.88,712.87,True,False,0.0,77629.99,0.0709,1.432,0.00461
2026-08-29T10:15:44Z,WUSDT,COOLING,NONE,0.0,0.0,0.0,4.39,0.0,11142.37,4700.13,True,False,0.0,77629.99,0.0709,0.972,0.009117
2026-08-29T10:15:45Z,CCUSDT,COOLING,NONE,0.0,0.0,0.0,8.0,-2.67,1504.69,1874.95,True,False,0.0133,77629.99,0.0709,0.942,0.11236
2026-08-29T10:16:49Z,XRPUSDT,COOLING,NONE,0.0,0.0,0.0,2.17,0.0,116666.59,107906.92,True,False,0.0,77649.99,0.0258,0.929,1.3853
2026-08-29T10:16:51Z,HBARUSDT,COOLING,NONE,0.0,0.0,0.0,1.34,0.0,47260.05,38640.08,True,False,0.0,77649.99,0.0258,0.971,0.07468
2026-08-29T10:16:53Z,RIZEUSDT,COOLING,NONE,0.0,0.0,0.0,56.52,2.17,171.88,706.72,True,False,0.0109,77649.99,0.0258,0.958,0.004598
2026-08-29T10:16:55Z,WUSDT,COOLING,NONE,0.0,0.0,0.0,9.86,0.0,16786.41,4700.13,True,False,0.0,77649.99,0.0258,1.914,0.009125
2026-08-29T10:16:59Z,CCUSDT,COOLING,NONE,0.0,0.0,0.0,8.0,2.67,1506.7,1802.87,True,False,-0.0133,77649.99,0.0258,0.974,0.1125
2026-08-29T10:17:29Z,XRPUSDT,COOLING,NONE,0.0,0.0,0.0,1.44,0.0,148748.38,49325.1,True,False,-0.0144,77658.5,0.011,0.963,1.3858
2026-08-29T10:17:31Z,HBARUSDT,COOLING,NONE,0.0,0.0,0.0,1.34,0.0,17039.65,18795.12,True,False,0.0,77658.5,0.011,0.96,0.07469
2026-08-29T10:17:33Z,RIZEUSDT,COOLING,SELL,23.08,0.0,23.08,56.52,0.0,171.88,710.53,True,True,0.0,77658.5,0.011,0.955,0.004598
2026-08-29T10:17:35Z,WUSDT,COOLING,NONE,0.0,0.0,0.0,9.86,0.0,16786.41,4700.13,True,False,0.0,77658.5,0.011,0.96,0.009127
2026-08-29T10:17:37Z,CCUSDT,COOLING,NONE,0.0,0.0,0.0,8.0,0.0,1505.48,1510.05,True,False,0.0,77658.5,0.011,0.911,0.11245
2026-08-29T10:18:19Z,XRPUSDT,COOLING,NONE,0.0,0.0,0.0,2.88,0.72,65873.46,39039.14,True,False,-0.0036,77694.28,0.0461,2.164,1.3864
2026-08-29T10:18:23Z,HBARUSDT,COOLING,NONE,0.0,0.0,0.0,1.34,0.0,31393.96,18795.12,True,False,0.0,77694.28,0.0461,2.397,0.0747
2026-08-29T10:18:26Z,RIZEUSDT,COOLING,NONE,0.0,0.0,0.0,56.52,0.0,171.88,710.53,True,False,0.0,77694.28,0.0461,0.972,0.004607
2026-08-29T10:18:28Z,WUSDT,COOLING,NONE,0.0,0.0,0.0,9.86,0.0,16786.41,4700.13,True,False,0.0,77694.28,0.0461,1.148,0.009126
2026-08-29T10:18:30Z,CCUSDT,COOLING,NONE,0.0,0.0,0.0,4.43,0.0,1509.91,1715.94,True,False,0.0,77694.28,0.0461,1.239,0.11278
2026-08-29T10:19:36Z,XRPUSDT,COOLING,NONE,0.0,0.0,0.0,2.16,0.0,107312.35,41071.91,True,False,0.0,77694.29,0.0,0.946,1.3869
2026-08-29T10:19:39Z,HBARUSDT,COOLING,NONE,0.0,0.0,0.0,1.34,0.0,26711.44,36537.72,True,False,0.0,77694.29,0.0,1.01,0.07474
2026-08-29T10:19:41Z,RIZEUSDT,COOLING,NONE,0.0,0.0,0.0,56.52,0.0,180.48,716.45,True,False,0.0,77694.29,0.0,0.911,0.004607
2026-08-29T10:19:45Z,WUSDT,COOLING,NONE,0.0,0.0,0.0,12.04,0.0,11691.76,4700.13,True,False,0.0,77694.29,0.0,1.995,0.009133
2026-08-29T10:19:47Z,CCUSDT,COOLING,NONE,0.0,0.0,0.0,6.2,0.89,1509.11,1514.33,True,False,0.0044,77694.29,0.0,0.977,0.1128
2026-08-29T10:20:17Z,XRPUSDT,COOLING,NONE,0.0,0.0,0.0,2.16,0.0,58376.85,95459.51,True,False,0.0,77695.29,0.0013,0.927,1.3874
2026-08-29T10:20:19Z,HBARUSDT,COOLING,NONE,0.0,0.0,0.0,1.34,0.0,39660.32,33999.72,True,False,0.0,77695.29,0.0013,0.944,0.07476
2026-08-29T10:20:21Z,RIZEUSDT,COOLING,SELL,0.0,0.0,0.0,56.52,0.0,171.88,716.45,True,False,0.0,77695.29,0.0013,0.961,0.004607
2026-08-29T10:20:23Z,WUSDT,COOLING,NONE,0.0,0.0,0.0,12.04,0.0,11690.46,4700.13,True,False,0.0,77695.29,0.0013,0.985,0.009133
2026-08-29T10:20:24Z,CCUSDT,COOLING,NONE,0.0,0.0,0.0,8.88,-0.89,1505.62,1607.19,True,False,-0.0044,77695.29,0.0013,0.923,0.11278
2026-08-29T10:20:55Z,XRPUSDT,COOLING,NONE,0.0,0.0,0.0,1.44,0.0,102672.75,143574.18,True,False,0.0,77710.88,0.0201,0.974,1.3885
2026-08-29T10:20:58Z,HBARUSDT,COOLING,NONE,0.0,0.0,0.0,1.34,0.0,48770.04,36537.72,True,False,0.0,77710.88,0.0201,0.957,0.07476
2026-08-29T10:21:00Z,RIZEUSDT,COOLING,NONE,0.0,0.0,0.0,54.35,-2.17,171.88,705.34,True,False,-0.0109,77710.88,0.0201,0.959,0.004604
2026-08-29T10:21:02Z,WUSDT,COOLING,NONE,0.0,0.0,0.0,13.13,0.0,11691.76,4700.13,True,False,0.0,77710.88,0.0201,0.985,0.009137
2026-08-29T10:21:04Z,CCUSDT,COOLING,NONE,0.0,0.0,0.0,8.89,0.0,1505.07,1510.31,True,False,0.0,77710.88,0.0201,1.004,0.11247
2026-08-29T10:22:23Z,XRPUSDT,COOLING,NONE,0.0,0.0,0.0,1.44,0.0,40040.73,113709.3,True,False,0.0,77677.65,-0.0428,1.951,1.3872
2026-08-29T10:22:26Z,HBARUSDT,COOLING,NONE,0.0,0.0,0.0,1.34,0.0,30923.7,21058.58,True,False,0.0,77677.65,-0.0428,0.976,0.07477
2026-08-29T10:22:27Z,RIZEUSDT,COOLING,SELL,27.53,0.0,27.53,36.92,0.0,171.88,707.96,True,True,0.0,77677.65,-0.0428,0.977,0.004596
2026-08-29T10:22:30Z,WUSDT,COOLING,BUY,0.0,3.46,3.46,4.39,-15.33,10507.35,4254.34,True,False,-0.1314,77677.65,-0.0428,0.936,0.009118
2026-08-29T10:22:31Z,CCUSDT,COOLING,NONE,0.0,0.0,0.0,7.11,-0.89,1505.62,1510.05,True,False,-0.0044,77677.65,-0.0428,0.903,0.11236
2026-08-29T10:23:02Z,XRPUSDT,COOLING,NONE,0.0,0.0,0.0,2.16,-0.72,48655.04,30970.47,True,False,-0.0108,77681.17,0.0045,0.981,1.3874
2026-08-29T10:23:04Z,HBARUSDT,COOLING,NONE,0.0,0.0,0.0,1.34,0.0,29876.61,38436.17,True,False,0.0,77681.17,0.0045,1.931,0.07477
2026-08-29T10:23:07Z,RIZEUSDT,COOLING,NONE,0.0,0.0,0.0,56.52,0.0,171.88,707.96,True,False,0.0,77681.17,0.0045,0.926,0.004596
2026-08-29T10:23:10Z,WUSDT,COOLING,NONE,0.0,0.0,0.0,4.39,0.0,9790.58,4516.89,True,False,0.0,77681.17,0.0045,0.974,0.009124
2026-08-29T10:23:11Z,CCUSDT,COOLING,SELL,2.44,0.0,2.44,4.44,0.0,1541.95,1563.71,True,False,0.0,77681.17,0.0045,0.944,0.11245
2026-08-29T10:23:43Z,XRPUSDT,COOLING,NONE,0.0,0.0,0.0,2.88,0.72,79437.7,120653.17,True,False,-0.0036,77679.68,-0.0019,2.243,1.3869
2026-08-29T10:23:46Z,HBARUSDT,COOLING,NONE,0.0,0.0,0.0,1.34,0.0,29876.61,38436.17,True,False,0.0,77679.68,-0.0019,0.997,0.07478
2026-08-29T10:23:47Z,RIZEUSDT,COOLING,SELL,28.96,0.0,28.96,56.52,0.0,171.88,704.59,True,True,0.0,77679.68,-0.0019,0.937,0.004596
2026-08-29T10:23:49Z,WUSDT,COOLING,NONE,0.0,0.0,0.0,9.86,0.0,10507.35,4516.89,True,False,0.0,77679.68,-0.0019,0.923,0.009117
2026-08-29T10:23:51Z,CCUSDT,COOLING,NONE,0.0,0.0,0.0,8.0,-0.89,1506.46,1797.36,True,False,-0.0044,77679.68,-0.0019,1.004,0.11254
2026-08-29T10:24:44Z,XRPUSDT,COOLING,BUY,0.0,9.78,9.78,2.16,-0.0,47273.38,74304.88,True,False,0.0072,77671.23,-0.0109,1.912,1.3861
2026-08-29T10:24:46Z,HBARUSDT,COOLING,NONE,0.0,0.0,0.0,1.34,0.0,44026.69,37480.51,True,False,0.0,77671.23,-0.0109,1.28,0.07477
2026-08-29T10:24:49Z,RIZEUSDT,COOLING,SELL,0.0,0.0,0.0,56.52,0.0,171.88,704.59,True,False,0.0,77671.23,-0.0109,1.02,0.004602
2026-08-29T10:24:52Z,WUSDT,COOLING,NONE,0.0,0.0,0.0,3.29,0.0,9790.58,4516.89,True,False,0.0,77671.23,-0.0109,0.953,0.009117
2026-08-29T10:24:55Z,CCUSDT,COOLING,NONE,0.0,0.0,0.0,6.22,0.0,1506.46,1512.24,True,False,0.0,77671.23,-0.0109,0.937,0.11252
2026-08-29T10:25:24Z,XRPUSDT,COOLING,NONE,0.0,0.0,0.0,2.16,0.0,63539.66,50328.27,True,False,0.0,77683.65,0.016,0.931,1.3859
2026-08-29T10:25:27Z,HBARUSDT,COOLING,NONE,0.0,0.0,0.0,1.34,0.0,44026.69,37473.45,True,False,0.0,77683.65,0.016,1.959,0.07476
2026-08-29T10:25:28Z,RIZEUSDT,COOLING,SELL,15.56,0.0,15.56,56.52,0.0,201.78,707.62,True,False,0.0,77683.65,0.016,0.952,0.004602
2026-08-29T10:25:30Z,WUSDT,COOLING,NONE,0.0,0.0,0.0,4.39,0.0,9790.58,4516.89,True,False,0.0,77683.65,0.016,0.919,0.009117
2026-08-29T10:25:32Z,CCUSDT,COOLING,NONE,0.0,0.0,0.0,5.33,0.0,1506.46,1512.24,True,False,0.0,77683.65,0.016,1.054,0.11253
2026-08-29T10:26:05Z,XRPUSDT,COOLING,BUY,0.0,9.89,9.89,2.89,0.72,88600.57,47862.51,True,False,0.0036,77674.19,-0.0122,1.121,1.3857
2026-08-29T10:26:09Z,HBARUSDT,COOLING,NONE,0.0,0.0,0.0,1.34,0.0,43514.43,26343.87,True,False,0.0,77674.19,-0.0122,1.196,0.07476
2026-08-29T10:26:13Z,RIZEUSDT,COOLING,SELL,0.0,0.0,0.0,56.52,0.0,171.88,706.49,True,False,0.0,77674.19,-0.0122,1.326,0.004602
2026-08-29T10:26:17Z,WUSDT,COOLING,NONE,0.0,0.0,0.0,4.39,0.0,9790.58,4516.89,True,False,0.0,77674.19,-0.0122,1.065,0.009119
2026-08-29T10:26:18Z,CCUSDT,COOLING,NONE,0.0,0.0,0.0,10.66,0.0,1507.36,1511.79,True,False,0.0,77674.19,-0.0122,0.968,0.11252
2026-08-29T10:27:18Z,XRPUSDT,COOLING,BUY,0.0,10.99,10.99,2.17,0.0,97456.32,78552.52,True,False,0.0,77675.17,0.0013,0.933,1.3852
2026-08-29T10:27:20Z,HBARUSDT,COOLING,SELL,36.62,4.04,36.62,1.34,-0.0,44589.53,34808.41,True,True,0.0134,77675.17,0.0013,1.138,0.07478
2026-08-29T10:27:22Z,RIZEUSDT,COOLING,NONE,0.0,0.0,0.0,56.52,0.0,171.88,706.49,True,False,0.0,77675.17,0.0013,0.928,0.004592
2026-08-29T10:27:24Z,WUSDT,COOLING,NONE,0.0,0.0,0.0,3.29,0.0,9790.58,4516.89,True,False,0.0,77675.17,0.0013,1.001,0.009116
2026-08-29T10:27:26Z,CCUSDT,COOLING,NONE,0.0,0.0,0.0,5.33,0.0,1806.33,1564.13,True,False,0.0,77675.17,0.0013,1.209,0.11252
2026-08-29T10:28:02Z,XRPUSDT,COOLING,NONE,0.0,0.0,0.0,1.44,0.0,86143.62,56919.01,True,False,0.0,77675.22,0.0001,1.008,1.3854
2026-08-29T10:28:05Z,HBARUSDT,COOLING,SELL,27.03,0.0,27.03,1.34,0.0,29463.11,20943.36,True,False,0.0,77675.22,0.0001,1.944,0.07479
2026-08-29T10:28:06Z,RIZEUSDT,COOLING,NONE,0.0,0.0,0.0,56.52,0.0,171.88,706.49,True,False,0.0,77675.22,0.0001,0.981,0.004592
2026-08-29T10:28:08Z,WUSDT,COOLING,NONE,0.0,0.0,0.0,4.39,0.0,9790.58,4516.89,True,False,0.0,77675.22,0.0001,0.979,0.009118
2026-08-29T10:28:10Z,CCUSDT,COOLING,NONE,0.0,0.0,0.0,8.88,0.0,1806.09,1511.65,True,False,0.0,77675.22,0.0001,0.951,0.11251
2026-08-29T10:28:38Z,XRPUSDT,COOLING,SELL,12.58,0.0,12.58,2.17,0.0,55265.34,45580.46,True,False,0.0,77675.47,0.0003,0.994,1.3848
2026-08-29T10:28:40Z,HBARUSDT,COOLING,NONE,0.0,0.0,0.0,1.34,0.0,36822.21,23738.33,True,False,0.0,77675.47,0.0003,0.961,0.07479
2026-08-29T10:28:42Z,RIZEUSDT,COOLING,NONE,0.0,0.0,0.0,56.52,0.0,125.83,706.49,True,False,0.0,77675.47,0.0003,0.959,0.004602
2026-08-29T10:28:45Z,WUSDT,COOLING,NONE,0.0,0.0,0.0,4.39,0.0,9790.58,4516.89,True,False,0.0,77675.47,0.0003,1.915,0.009118
2026-08-29T10:28:48Z,CCUSDT,COOLING,NONE,0.0,0.0,0.0,6.22,0.0,1507.76,1511.65,True,False,0.0,77675.47,0.0003,1.912,0.11256
2026-08-29T10:29:55Z,XRPUSDT,COOLING,NONE,0.0,0.0,0.0,2.89,1.44,154515.04,66923.25,True,False,0.0072,77674.19,-0.0016,2.073,1.3846
2026-08-29T10:30:00Z,HBARUSDT,COOLING,NONE,0.0,0.0,0.0,1.34,0.0,49255.77,32941.04,True,False,0.0,77674.19,-0.0016,1.71,0.07478
2026-08-29T10:30:04Z,RIZEUSDT,COOLING,SELL,22.45,0.0,22.45,56.52,0.0,171.88,707.1,True,False,0.0,77674.19,-0.0016,1.202,0.004601
2026-08-29T10:30:08Z,WUSDT,COOLING,NONE,0.0,0.0,0.0,4.39,0.0,9790.58,4516.89,True,False,0.0,77674.19,-0.0016,2.099,0.009119
2026-08-29T10:30:13Z,CCUSDT,COOLING,SELL,5.13,0.0,5.13,8.0,0.0,1750.81,1510.58,True,False,-0.0178,77674.19,-0.0016,2.136,0.11251
2026-08-29T10:31:00Z,XRPUSDT,COOLING,NONE,0.0,0.0,0.0,1.44,0.0,188096.61,58764.89,True,False,0.0,77670.01,-0.0054,2.164,1.3849
2026-08-29T10:31:02Z,HBARUSDT,COOLING,NONE,0.0,0.0,0.0,1.34,0.0,43667.82,34771.93,True,False,0.0,77670.01,-0.0054,0.967,0.07479
2026-08-29T10:31:03Z,RIZEUSDT,COOLING,NONE,0.0,0.0,0.0,56.52,0.0,125.33,707.1,True,False,0.0,77670.01,-0.0054,0.94,0.004601
2026-08-29T10:31:05Z,WUSDT,COOLING,NONE,0.0,0.0,0.0,3.29,0.0,9790.58,4516.89,True,False,0.0,77670.01,-0.0054,0.961,0.009118
2026-08-29T10:31:07Z,CCUSDT,COOLING,NONE,0.0,0.0,0.0,8.0,0.0,1506.82,1510.58,True,False,0.0,77670.01,-0.0054,0.919,0.11251
2026-08-29T10:31:35Z,XRPUSDT,COOLING,NONE,0.0,0.0,0.0,2.17,0.0,188096.61,67170.74,True,False,0.0,77669.52,-0.0006,0.928,1.3849
2026-08-29T10:31:38Z,HBARUSDT,COOLING,NONE,0.0,0.0,0.0,1.34,0.0,43667.82,34771.93,True,False,0.0,77669.52,-0.0006,0.974,0.07478
2026-08-29T10:31:41Z,RIZEUSDT,COOLING,SELL,30.78,0.0,30.78,56.52,0.0,248.31,707.1,True,False,0.0,77669.52,-0.0006,1.0,0.004597
2026-08-29T10:31:44Z,WUSDT,COOLING,NONE,0.0,0.0,0.0,3.29,0.0,9790.58,4516.89,True,False,0.0,77669.52,-0.0006,0.934,0.009117
2026-08-29T10:31:46Z,CCUSDT,COOLING,NONE,0.0,0.0,0.0,7.11,0.0,1506.82,1749.35,True,False,0.0,77669.52,-0.0006,1.49,0.11252
2026-08-29T10:32:49Z,XRPUSDT,COOLING,NONE,0.0,0.0,0.0,2.17,0.72,90537.32,53860.38,True,False,0.0036,77669.17,-0.0005,0.921,1.3853
2026-08-29T10:32:51Z,HBARUSDT,COOLING,NONE,0.0,0.0,0.0,1.34,0.0,47777.02,27282.25,True,False,0.0,77669.17,-0.0005,0.97,0.07479
2026-08-29T10:32:53Z,RIZEUSDT,COOLING,NONE,0.0,0.0,0.0,56.52,0.0,171.88,707.1,True,False,0.0,77669.17,-0.0005,0.994,0.004602
2026-08-29T10:32:57Z,WUSDT,COOLING,NONE,0.0,0.0,0.0,3.29,0.0,9790.58,4516.89,True,False,0.0,77669.17,-0.0005,1.917,0.009118
2026-08-29T10:33:00Z,CCUSDT,COOLING,NONE,0.0,0.0,0.0,7.11,0.0,1506.82,1564.13,True,False,0.0,77669.17,-0.0005,0.95,0.11255
2026-08-29T10:33:38Z,XRPUSDT,COOLING,BUY,4.84,27.3,27.3,2.17,0.72,129709.78,137019.34,True,False,-0.0108,77666.39,-0.0036,1.965,1.385
2026-08-29T10:33:41Z,HBARUSDT,COOLING,NONE,0.0,0.0,0.0,1.34,0.0,47777.02,27282.25,True,False,0.0,77666.39,-0.0036,2.014,0.07478
2026-08-29T10:33:43Z,RIZEUSDT,COOLING,NONE,0.0,0.0,0.0,56.52,0.0,171.88,707.1,True,False,0.0,77666.39,-0.0036,0.982,0.004601
2026-08-29T10:33:44Z,WUSDT,COOLING,NONE,0.0,0.0,0.0,3.29,0.0,9790.58,4516.89,True,False,0.0,77666.39,-0.0036,0.955,0.009118
2026-08-29T10:33:46Z,CCUSDT,COOLING,NONE,0.0,0.0,0.0,5.33,0.0,1506.02,1510.18,True,False,0.0,77666.39,-0.0036,0.969,0.11257
2026-08-29T10:34:16Z,XRPUSDT,COOLING,NONE,0.0,0.0,0.0,2.89,0.0,101530.63,88203.71,True,False,0.0,77674.2,0.0101,0.927,1.3847
2026-08-29T10:34:19Z,HBARUSDT,COOLING,NONE,0.0,0.0,0.0,1.34,0.0,47361.56,27282.25,True,False,0.0,77674.2,0.0101,0.919,0.07478
2026-08-29T10:34:20Z,RIZEUSDT,COOLING,NONE,0.0,0.0,0.0,56.52,0.0,171.88,705.32,True,False,0.0,77674.2,0.0101,0.947,0.004601
2026-08-29T10:34:23Z,WUSDT,COOLING,NONE,0.0,0.0,0.0,3.29,0.0,9790.58,4516.89,True,False,0.0,77674.2,0.0101,1.0,0.009118
2026-08-29T10:34:26Z,CCUSDT,COOLING,NONE,0.0,0.0,0.0,5.33,0.0,1506.02,1510.18,True,False,0.0,77674.2,0.0101,0.939,0.1125
2026-08-29T10:35:37Z,XRPUSDT,COOLING,BUY,0.0,0.06,0.06,0.72,0.0,108692.76,71334.55,True,False,0.0,77663.25,-0.0141,1.681,1.3843
2026-08-29T10:35:40Z,HBARUSDT,COOLING,NONE,0.0,0.0,0.0,1.34,0.0,45643.28,25938.51,True,False,0.0,77663.25,-0.0141,1.128,0.07478
2026-08-29T10:35:44Z,RIZEUSDT,COOLING,NONE,0.0,0.0,0.0,56.52,0.0,125.08,709.46,True,False,0.0,77663.25,-0.0141,2.768,0.004601
2026-08-29T10:35:49Z,WUSDT,COOLING,NONE,0.0,0.0,0.0,4.39,0.0,9780.82,4550.64,True,False,0.0,77663.25,-0.0141,2.193,0.009116
2026-08-29T10:35:54Z,CCUSDT,COOLING,NONE,0.0,0.0,0.0,9.77,0.0,1507.79,1511.92,True,False,0.0,77663.25,-0.0141,2.247,0.11265
2026-08-29T10:36:34Z,XRPUSDT,COOLING,NONE,0.0,0.0,0.0,2.16,0.0,153082.61,120766.58,True,False,0.0,77706.65,0.0559,0.966,1.3863
2026-08-29T10:36:36Z,HBARUSDT,COOLING,NONE,0.0,0.0,0.0,1.34,0.0,26538.3,42408.75,True,False,0.0,77706.65,0.0559,0.947,0.07482
2026-08-29T10:36:38Z,RIZEUSDT,COOLING,NONE,0.0,0.0,0.0,56.52,0.0,171.88,709.46,True,False,0.0,77706.65,0.0559,0.926,0.004603
2026-08-29T10:36:41Z,WUSDT,COOLING,NONE,0.0,0.0,0.0,5.48,0.0,9780.82,5281.74,True,False,0.0,77706.65,0.0559,0.975,0.009119
2026-08-29T10:36:42Z,CCUSDT,COOLING,NONE,0.0,0.0,0.0,5.32,0.0,1507.5,1796.51,True,False,0.0,77706.65,0.0559,0.969,0.11261
2026-08-29T10:37:13Z,XRPUSDT,COOLING,BUY,0.0,3.7,3.7,2.16,0.0,136829.24,132785.04,True,False,-0.0072,77712.1,0.007,1.19,1.3866
2026-08-29T10:37:16Z,HBARUSDT,COOLING,NONE,0.0,0.0,0.0,1.34,0.0,44644.9,37112.59,True,False,0.0,77712.1,0.007,1.944,0.07482
2026-08-29T10:37:18Z,RIZEUSDT,COOLING,NONE,0.0,0.0,0.0,56.52,0.0,171.88,712.0,True,False,0.0,77712.1,0.007,1.027,0.004603
2026-08-29T10:37:21Z,WUSDT,COOLING,NONE,0.0,0.0,0.0,14.28,0.0,9780.82,5281.17,True,False,0.0,77712.1,0.007,0.972,0.009116
2026-08-29T10:37:23Z,CCUSDT,COOLING,NONE,0.0,0.0,0.0,6.21,0.0,1506.83,1512.86,True,False,0.0,77712.1,0.007,0.977,0.11271
2026-08-29T10:38:42Z,XRPUSDT,COOLING,BUY,0.0,42.72,42.72,1.44,0.0,73845.17,138746.78,True,True,0.0,77703.08,-0.0116,1.18,1.3856
2026-08-29T10:38:46Z,HBARUSDT,COOLING,NONE,0.0,0.0,0.0,1.34,0.0,45007.16,28960.97,True,False,0.0,77703.08,-0.0116,2.293,0.07472
2026-08-29T10:38:51Z,RIZEUSDT,COOLING,NONE,0.0,0.0,0.0,56.52,0.0,171.88,712.0,True,False,0.0,77703.08,-0.0116,1.998,0.004603
2026-08-29T10:38:54Z,WUSDT,COOLING,NONE,0.0,0.0,0.0,10.98,0.0,9780.82,5281.17,True,False,0.0,77703.08,-0.0116,2.355,0.009111
2026-08-29T10:38:56Z,CCUSDT,COOLING,NONE,0.0,0.0,0.0,8.0,0.0,1505.22,1511.99,True,False,0.0,77703.08,-0.0116,1.024,0.11252
2026-08-29T10:39:29Z,XRPUSDT,COOLING,SELL,74.43,1.16,74.43,2.17,0.72,134235.22,44263.33,True,False,-0.0108,77690.0,-0.0168,0.97,1.3853
2026-08-29T10:39:33Z,HBARUSDT,COOLING,NONE,0.0,0.0,0.0,1.34,0.0,44994.81,30309.86,True,False,0.0,77690.0,-0.0168,2.035,0.07472
2026-08-29T10:39:35Z,RIZEUSDT,COOLING,NONE,0.0,0.0,0.0,56.52,0.0,125.16,712.0,True,False,0.0,77690.0,-0.0168,0.929,0.004603
2026-08-29T10:39:37Z,WUSDT,COOLING,NONE,0.0,0.0,0.0,4.4,0.0,10542.11,5174.22,True,False,0.0,77690.0,-0.0168,1.003,0.009098
2026-08-29T10:39:40Z,CCUSDT,COOLING,NONE,0.0,0.0,0.0,8.0,0.0,1804.62,1511.99,True,False,0.0,77690.0,-0.0168,1.05,0.11249
2026-08-29T10:40:14Z,XRPUSDT,COOLING,BUY,0.0,31.93,31.93,0.72,-1.44,54405.34,79680.32,True,False,-0.0144,77690.0,0.0,1.122,1.3848
2026-08-29T10:40:18Z,HBARUSDT,COOLING,BUY,0.0,39.45,39.45,1.34,0.0,44371.95,36425.12,True,False,-0.0134,77690.0,0.0,2.008,0.07473
2026-08-29T10:40:21Z,RIZEUSDT,COOLING,NONE,0.0,0.0,0.0,56.52,0.0,201.26,714.7,True,False,0.0,77690.0,0.0,0.962,0.004601
2026-08-29T10:40:25Z,WUSDT,COOLING,NONE,0.0,0.0,0.0,4.4,0.0,10542.11,5174.22,True,False,0.0,77690.0,0.0,1.3,0.009098
2026-08-29T10:40:27Z,CCUSDT,COOLING,NONE,0.0,0.0,0.0,7.11,-0.89,1804.62,1511.99,True,False,0.0133,77690.0,0.0,1.113,0.1125
2026-08-29T10:41:25Z,XRPUSDT,COOLING,NONE,0.0,0.0,0.0,2.17,0.0,90603.99,152740.43,True,False,0.0,77686.16,-0.0049,0.96,1.3848
2026-08-29T10:41:28Z,HBARUSDT,COOLING,NONE,0.0,0.0,0.0,1.34,0.0,42348.1,47215.98,True,False,0.0,77686.16,-0.0049,1.962,0.07469
2026-08-29T10:41:30Z,RIZEUSDT,COOLING,SELL,27.0,0.0,27.0,56.52,0.0,171.88,705.92,True,False,0.0,77686.16,-0.0049,0.99,0.004601
2026-08-29T10:41:33Z,WUSDT,COOLING,NONE,0.0,0.0,0.0,7.72,0.0,5643.37,9001.74,True,False,0.0,77686.16,-0.0049,0.971,0.009063
2026-08-29T10:41:34Z,CCUSDT,COOLING,NONE,0.0,0.0,0.0,7.11,-0.89,1558.86,1750.76,True,False,-0.0044,77686.16,-0.0049,0.972,0.11252
2026-08-29T10:42:03Z,XRPUSDT,COOLING,BUY,2.82,8.71,8.71,2.17,-0.72,120936.15,142804.8,True,False,-0.0036,77686.14,-0.0,0.995,1.3848
2026-08-29T10:42:05Z,HBARUSDT,COOLING,NONE,0.0,0.0,0.0,1.34,0.0,48195.52,42895.76,True,False,0.0,77686.14,-0.0,0.932,0.0747
2026-08-29T10:42:07Z,RIZEUSDT,COOLING,NONE,0.0,0.0,0.0,30.47,0.0,171.88,705.92,True,False,0.0,77686.14,-0.0,0.967,0.004613
2026-08-29T10:42:09Z,WUSDT,COOLING,NONE,0.0,0.0,0.0,8.83,0.0,9606.59,6360.11,True,False,0.0,77686.14,-0.0,0.96,0.009055
2026-08-29T10:42:10Z,CCUSDT,COOLING,NONE,0.0,0.0,0.0,9.78,0.0,1558.86,1511.99,True,False,0.0,77686.14,-0.0,1.003,0.11254
2026-08-29T10:42:45Z,XRPUSDT,COOLING,NONE,0.0,0.0,0.0,1.44,0.0,120764.26,109299.86,True,False,0.0,77686.14,0.0,0.96,1.3848
2026-08-29T10:42:46Z,HBARUSDT,COOLING,NONE,0.0,0.0,0.0,1.34,0.0,48195.52,42895.76,True,False,0.0,77686.14,0.0,0.931,0.07473
2026-08-29T10:42:48Z,RIZEUSDT,COOLING,NONE,0.0,0.0,0.0,56.52,0.0,171.88,705.92,True,False,0.0,77686.14,0.0,0.945,0.004601
2026-08-29T10:42:50Z,WUSDT,COOLING,NONE,0.0,0.0,0.0,8.83,0.0,9606.59,6360.11,True,False,0.0,77686.14,0.0,0.931,0.009055
2026-08-29T10:42:52Z,CCUSDT,COOLING,BUY,0.0,62.21,62.21,8.01,0.9,1558.86,15052.08,True,False,-0.1822,77686.14,0.0,1.446,0.11252
2026-08-29T10:43:43Z,XRPUSDT,COOLING,NONE,0.0,0.0,0.0,2.17,0.0,90590.74,144891.83,True,False,0.0,77682.55,-0.0046,0.941,1.3847
2026-08-29T10:43:46Z,HBARUSDT,COOLING,NONE,0.0,0.0,0.0,1.34,0.0,35610.95,44048.62,True,False,0.0,77682.55,-0.0046,1.968,0.07473
2026-08-29T10:43:48Z,RIZEUSDT,COOLING,SELL,0.0,0.0,0.0,49.88,0.0,171.88,710.25,True,False,0.0,77682.55,-0.0046,1.049,0.004603
2026-08-29T10:43:50Z,WUSDT,COOLING,NONE,0.0,0.0,0.0,12.15,0.0,9606.59,6360.11,True,False,0.0,77682.55,-0.0046,0.897,0.009057
2026-08-29T10:43:52Z,CCUSDT,COOLING,NONE,0.0,0.0,0.0,8.01,0.0,1502.94,1798.78,True,False,0.0,77682.55,-0.0046,1.369,0.11232
2026-08-29T10:44:24Z,XRPUSDT,COOLING,NONE,0.0,0.0,0.0,2.17,0.0,44947.53,124283.15,True,False,0.0,77684.29,0.0022,1.939,1.3848
2026-08-29T10:44:25Z,HBARUSDT,COOLING,NONE,0.0,0.0,0.0,1.34,0.0,35610.95,42609.46,True,False,0.0,77684.29,0.0022,1.052,0.0747
2026-08-29T10:44:27Z,RIZEUSDT,COOLING,SELL,10.0,0.0,10.0,49.88,0.0,171.88,710.25,True,False,0.0,77684.29,0.0022,0.957,0.004601
2026-08-29T10:44:29Z,WUSDT,COOLING,NONE,0.0,0.0,0.0,9.94,0.0,9606.59,6360.11,True,False,0.0,77684.29,0.0022,0.989,0.009059
2026-08-29T10:44:31Z,CCUSDT,COOLING,NONE,0.0,0.0,0.0,6.23,0.0,1504.14,1798.81,True,False,0.0,77684.29,0.0022,0.905,0.11233
2026-08-29T10:45:00Z,XRPUSDT,COOLING,NONE,0.0,0.0,0.0,2.17,0.0,57945.26,132818.09,True,False,0.0,77684.28,-0.0,1.926,1.3851
2026-08-29T10:45:01Z,HBARUSDT,COOLING,NONE,0.0,0.0,0.0,1.34,0.0,41168.32,26627.89,True,False,0.0,77684.28,-0.0,0.981,0.0747
2026-08-29T10:45:03Z,RIZEUSDT,COOLING,SELL,0.0,0.0,0.0,58.52,0.0,171.88,708.65,True,False,0.0,77684.28,-0.0,0.935,0.004601
2026-08-29T10:45:05Z,WUSDT,COOLING,NONE,0.0,0.0,0.0,9.94,0.0,9606.59,5945.09,True,False,0.0,77684.28,-0.0,0.937,0.009059
2026-08-29T10:45:08Z,CCUSDT,COOLING,NONE,0.0,0.0,0.0,6.23,0.0,1504.14,1766.8,True,False,0.0,77684.28,-0.0,1.96,0.11231
2026-08-29T10:46:04Z,XRPUSDT,COOLING,BUY,0.0,24.4,24.4,2.17,0.0,75032.13,65405.69,True,False,0.0,77684.29,0.0,1.915,1.3855
2026-08-29T10:46:06Z,HBARUSDT,COOLING,NONE,0.0,0.0,0.0,1.34,0.0,30528.98,44114.07,True,False,0.0,77684.29,0.0,0.941,0.07474
2026-08-29T10:46:08Z,RIZEUSDT,COOLING,SELL,0.0,0.0,0.0,56.35,-2.17,171.88,708.4,True,False,0.0108,77684.29,0.0,0.91,0.004609
2026-08-29T10:46:10Z,WUSDT,COOLING,NONE,0.0,0.0,0.0,3.31,0.0,7542.52,5945.09,True,False,0.0,77684.29,0.0,1.451,0.009059
2026-08-29T10:46:12Z,CCUSDT,COOLING,NONE,0.0,0.0,0.0,4.45,0.0,1502.94,1700.79,True,False,0.0,77684.29,0.0,0.95,0.11239
2026-08-29T10:46:43Z,XRPUSDT,COOLING,NONE,0.0,0.0,0.0,2.16,0.0,93869.79,70822.89,True,False,0.0,77704.27,0.0257,1.891,1.3861
2026-08-29T10:46:45Z,HBARUSDT,COOLING,NONE,0.0,0.0,0.0,1.34,0.0,44671.98,38005.46,True,False,0.0,77704.27,0.0257,0.907,0.07474
2026-08-29T10:46:47Z,RIZEUSDT,COOLING,NONE,0.0,0.0,0.0,56.35,0.0,171.88,715.5,True,False,0.0,77704.27,0.0257,0.904,0.004613
2026-08-29T10:46:49Z,WUSDT,COOLING,NONE,0.0,0.0,0.0,7.72,0.0,14513.37,6690.05,True,False,0.0,77704.27,0.0257,0.909,0.009069
2026-08-29T10:46:51Z,CCUSDT,COOLING,NONE,0.0,0.0,0.0,8.89,0.0,1504.02,15133.49,True,False,0.0,77704.27,0.0257,0.952,0.11238
2026-08-29T10:47:21Z,XRPUSDT,COOLING,NONE,0.0,0.0,0.0,2.16,0.0,134537.45,145467.8,True,False,0.0,77709.99,0.0074,0.935,1.3861
2026-08-29T10:47:23Z,HBARUSDT,COOLING,NONE,0.0,0.0,0.0,1.34,0.0,44671.98,38005.46,True,False,0.0,77709.99,0.0074,1.475,0.07475
2026-08-29T10:47:25Z,RIZEUSDT,COOLING,NONE,0.0,0.0,0.0,58.52,0.0,171.88,709.94,True,False,0.0,77709.99,0.0074,0.94,0.004611
2026-08-29T10:47:27Z,WUSDT,COOLING,NONE,0.0,0.0,0.0,7.72,0.0,14513.37,6690.05,True,False,0.0,77709.99,0.0074,0.97,0.009069
2026-08-29T10:47:30Z,CCUSDT,COOLING,NONE,0.0,0.0,0.0,9.78,0.0,1506.41,1510.05,True,False,0.0,77709.99,0.0074,0.976,0.1124
2026-08-29T10:48:27Z,XRPUSDT,COOLING,BUY,2.38,16.1,16.1,2.16,0.72,150211.77,172675.68,True,False,-0.0036,77709.99,0.0,0.954,1.3861
2026-08-29T10:48:29Z,HBARUSDT,COOLING,NONE,0.0,0.0,0.0,1.34,0.0,40635.05,30139.06,True,False,0.0,77709.99,0.0,0.936,0.07477
2026-08-29T10:48:32Z,RIZEUSDT,COOLING,NONE,0.0,0.0,0.0,58.52,0.0,171.88,709.94,True,False,0.0,77709.99,0.0,0.989,0.004611
2026-08-29T10:48:36Z,WUSDT,COOLING,NONE,0.0,0.0,0.0,7.72,0.0,14513.37,6690.05,True,False,0.0,77709.99,0.0,1.946,0.009071
2026-08-29T10:48:38Z,CCUSDT,COOLING,NONE,0.0,0.0,0.0,6.23,0.0,1803.94,1510.04,True,False,0.0,77709.99,0.0,0.952,0.11243
2026-08-29T10:49:06Z,XRPUSDT,COOLING,NONE,0.0,0.0,0.0,0.72,0.0,93850.38,125322.77,True,False,0.0,77717.44,0.0096,0.927,1.3862
2026-08-29T10:49:08Z,HBARUSDT,COOLING,SELL,39.97,0.0,39.97,1.34,0.0,44930.14,32407.27,True,False,0.0,77717.44,0.0096,1.559,0.07477
2026-08-29T10:49:10Z,RIZEUSDT,COOLING,NONE,0.0,0.0,0.0,58.52,0.0,125.83,709.94,True,False,0.0,77717.44,0.0096,1.012,0.004615
2026-08-29T10:49:12Z,WUSDT,COOLING,NONE,0.0,0.0,0.0,11.03,0.0,14513.37,6690.05,True,False,0.0,77717.44,0.0096,0.964,0.009066
2026-08-29T10:49:15Z,CCUSDT,COOLING,NONE,0.0,0.0,0.0,6.23,0.0,1803.94,1510.04,True,False,0.0,77717.44,0.0096,1.955,0.11243
2026-08-29T10:49:46Z,XRPUSDT,COOLING,NONE,0.0,0.0,0.0,2.16,-0.72,87496.0,93640.72,True,False,0.0036,77720.82,0.0043,1.479,1.3864
2026-08-29T10:49:49Z,HBARUSDT,COOLING,NONE,0.0,0.0,0.0,1.34,0.0,32932.04,36455.05,True,False,0.0,77720.82,0.0043,1.92,0.07478
2026-08-29T10:49:51Z,RIZEUSDT,COOLING,SELL,10.08,0.0,10.08,58.52,0.0,171.88,709.94,True,False,0.0,77720.82,0.0043,0.949,0.004615
2026-08-29T10:49:53Z,WUSDT,COOLING,NONE,0.0,0.0,0.0,11.03,0.0,14513.37,6690.05,True,False,0.0,77720.82,0.0043,1.483,0.009067
2026-08-29T10:49:55Z,CCUSDT,COOLING,NONE,0.0,0.0,0.0,9.78,0.0,1505.62,1510.18,True,False,0.0,77720.82,0.0043,1.155,0.11243
2026-08-29T10:51:15Z,XRPUSDT,COOLING,NONE,0.0,0.0,0.0,0.72,0.0,85918.35,131808.73,True,False,0.0,77724.06,0.0042,2.579,1.3872
2026-08-29T10:51:19Z,HBARUSDT,COOLING,NONE,0.0,0.0,0.0,1.34,0.0,44706.1,50434.78,True,False,0.0,77724.06,0.0042,1.136,0.07485
2026-08-29T10:51:24Z,RIZEUSDT,COOLING,NONE,0.0,0.0,0.0,58.52,0.0,171.88,709.53,True,False,0.0,77724.06,0.0042,2.268,0.004609
2026-08-29T10:51:29Z,WUSDT,COOLING,NONE,0.0,0.0,0.0,11.03,0.0,9613.7,6528.31,True,False,0.0,77724.06,0.0042,2.08,0.00907
2026-08-29T10:51:32Z,CCUSDT,COOLING,NONE,0.0,0.0,0.0,5.33,0.0,1754.64,1750.73,True,False,0.0,77724.06,0.0042,1.042,0.11251
2026-08-29T10:52:06Z,XRPUSDT,COOLING,NONE,0.0,0.0,0.0,0.72,0.0,110810.34,137320.61,True,False,0.0,77724.07,0.0,0.959,1.3875
2026-08-29T10:52:07Z,HBARUSDT,COOLING,NONE,0.0,0.0,0.0,1.34,0.0,44680.31,50434.78,True,False,0.0,77724.07,0.0,1.05,0.07485
2026-08-29T10:52:09Z,RIZEUSDT,COOLING,NONE,0.0,0.0,0.0,58.52,0.0,171.88,709.53,True,False,0.0,77724.07,0.0,0.935,0.004611
2026-08-29T10:52:11Z,WUSDT,COOLING,NONE,0.0,0.0,0.0,7.72,0.0,9613.7,6528.31,True,False,0.0,77724.07,0.0,0.935,0.009068
2026-08-29T10:52:13Z,CCUSDT,COOLING,SELL,85.57,0.0,85.57,10.68,0.0,14771.24,1509.51,True,False,-0.0356,77724.07,0.0,1.05,0.11251
2026-08-29T10:52:44Z,XRPUSDT,COOLING,NONE,0.0,0.0,0.0,2.16,0.0,45376.28,100807.15,True,False,0.0,77712.54,-0.0148,1.944,1.3863
2026-08-29T10:52:46Z,HBARUSDT,COOLING,NONE,0.0,0.0,0.0,1.34,0.0,44680.31,50496.14,True,False,0.0,77712.54,-0.0148,0.906,0.07484
2026-08-29T10:52:49Z,RIZEUSDT,COOLING,NONE,0.0,0.0,0.0,58.52,0.0,171.88,709.53,True,False,0.0,77712.54,-0.0148,2.19,0.004611
2026-08-29T10:52:51Z,WUSDT,COOLING,NONE,0.0,0.0,0.0,7.72,0.0,9613.7,6528.31,True,False,0.0,77712.54,-0.0148,1.116,0.009071
2026-08-29T10:52:54Z,CCUSDT,COOLING,NONE,0.0,0.0,0.0,8.0,0.0,1504.42,1510.77,True,False,0.0,77712.54,-0.0148,2.179,0.11255
2026-08-29T10:53:58Z,XRPUSDT,COOLING,NONE,0.0,0.0,0.0,2.88,0.0,133018.8,97040.96,True,False,0.0,77714.27,0.0022,2.154,1.387
2026-08-29T10:54:03Z,HBARUSDT,COOLING,NONE,0.0,0.0,0.0,1.34,0.0,35662.37,48189.64,True,False,0.0,77714.27,0.0022,2.169,0.07485
2026-08-29T10:54:06Z,RIZEUSDT,COOLING,SELL,12.49,0.0,12.49,58.52,0.0,171.88,713.83,True,False,0.0,77714.27,0.0022,2.142,0.004612
2026-08-29T10:54:09Z,WUSDT,COOLING,NONE,0.0,0.0,0.0,12.12,0.0,15991.32,4891.51,True,False,0.0,77714.27,0.0022,1.118,0.009069
2026-08-29T10:54:13Z,CCUSDT,COOLING,NONE,0.0,0.0,0.0,6.22,0.0,1506.29,1748.88,True,False,0.0,77714.27,0.0022,1.117,0.11251
2026-08-29T10:54:48Z,XRPUSDT,COOLING,NONE,0.0,0.0,0.0,2.88,0.0,98810.41,97542.83,True,False,0.0,77726.3,0.0155,1.957,1.3867
2026-08-29T10:54:51Z,HBARUSDT,COOLING,NONE,0.0,0.0,0.0,1.34,0.0,34614.8,47232.23,True,False,0.0,77726.3,0.0155,1.926,0.07486
2026-08-29T10:54:52Z,RIZEUSDT,COOLING,NONE,0.0,0.0,0.0,58.52,0.0,171.88,711.31,True,False,0.0,77726.3,0.0155,1.002,0.004611
2026-08-29T10:54:54Z,WUSDT,COOLING,NONE,0.0,0.0,0.0,14.33,0.0,11052.7,4891.51,True,False,0.0,77726.3,0.0155,0.954,0.009072
2026-08-29T10:54:56Z,CCUSDT,COOLING,NONE,0.0,0.0,0.0,6.22,0.0,1505.09,2061.14,True,False,0.0,77726.3,0.0155,0.957,0.11251
2026-08-29T10:55:30Z,XRPUSDT,COOLING,NONE,0.0,0.0,0.0,2.89,0.0,89261.46,96385.89,True,False,0.0,77725.37,-0.0012,1.008,1.386
2026-08-29T10:55:35Z,HBARUSDT,COOLING,SELL,19.96,0.0,19.96,1.34,0.0,47789.12,47232.23,True,False,0.0,77725.37,-0.0012,2.512,0.07487
2026-08-29T10:55:38Z,RIZEUSDT,COOLING,SELL,0.0,0.0,0.0,58.52,0.0,171.88,711.31,True,False,0.0,77725.37,-0.0012,2.044,0.00462
2026-08-29T10:55:40Z,WUSDT,COOLING,NONE,0.0,0.0,0.0,14.34,0.0,5511.18,6528.31,True,False,0.0,77725.37,-0.0012,1.215,0.009067
2026-08-29T10:55:45Z,CCUSDT,COOLING,BUY,0.0,7.08,7.08,7.11,-0.0,14820.92,1765.76,True,False,0.0267,77725.37,-0.0012,2.038,0.11252
2026-08-29T10:56:58Z,XRPUSDT,COOLING,NONE,0.0,0.0,0.0,2.88,0.0,119540.01,102664.0,True,False,0.0,77725.51,0.0002,1.009,1.3869
2026-08-29T10:57:00Z,HBARUSDT,COOLING,NONE,0.0,0.0,0.0,1.34,0.0,45199.08,43664.0,True,False,0.0,77725.51,0.0002,0.968,0.07485
2026-08-29T10:57:02Z,RIZEUSDT,COOLING,SELL,0.0,0.0,0.0,10.81,-47.71,171.88,711.47,True,False,0.2384,77725.51,0.0002,0.923,0.004619
2026-08-29T10:57:04Z,WUSDT,COOLING,NONE,0.0,0.0,0.0,11.03,0.0,5511.18,6528.31,True,False,0.0,77725.51,0.0002,0.964,0.00907
2026-08-29T10:57:06Z,CCUSDT,COOLING,SELL,0.44,0.0,0.44,6.22,-1.78,14980.04,1510.72,True,False,-0.0089,77725.51,0.0002,0.944,0.11267
2026-08-29T10:57:35Z,XRPUSDT,COOLING,NONE,0.0,0.0,0.0,2.88,0.72,102064.04,145256.26,True,False,-0.0036,77725.51,0.0,0.958,1.3864
2026-08-29T10:57:36Z,HBARUSDT,COOLING,NONE,0.0,0.0,0.0,1.34,0.0,45199.08,43664.0,True,False,0.0,77725.51,0.0,0.985,0.07485
2026-08-29T10:57:38Z,RIZEUSDT,COOLING,NONE,0.0,0.0,0.0,58.52,0.0,171.88,716.24,True,False,0.0,77725.51,0.0,1.056,0.004622
2026-08-29T10:57:40Z,WUSDT,COOLING,NONE,0.0,0.0,0.0,11.03,0.0,5511.18,6528.31,True,False,0.0,77725.51,0.0,0.905,0.009066
2026-08-29T10:57:42Z,CCUSDT,COOLING,NONE,0.0,0.0,0.0,7.12,0.0,15129.51,1586.17,True,False,0.0,77725.51,0.0,0.948,0.11243
2026-08-29T10:58:14Z,XRPUSDT,COOLING,NONE,0.0,0.0,0.0,2.16,0.0,134369.91,114324.94,True,False,0.0,77704.88,-0.0265,0.994,1.3863
2026-08-29T10:58:16Z,HBARUSDT,COOLING,NONE,0.0,0.0,0.0,1.34,0.0,39779.05,41989.59,True,False,0.0,77704.88,-0.0265,0.922,0.07485
2026-08-29T10:58:18Z,RIZEUSDT,COOLING,NONE,0.0,0.0,0.0,58.52,0.0,171.88,716.24,True,False,0.0,77704.88,-0.0265,0.95,0.004622
2026-08-29T10:58:20Z,WUSDT,COOLING,NONE,0.0,0.0,0.0,14.34,0.0,5511.18,6528.31,True,False,0.0,77704.88,-0.0265,1.072,0.00907
2026-08-29T10:58:21Z,CCUSDT,COOLING,NONE,0.0,0.0,0.0,7.12,0.0,1804.74,1510.9,True,False,0.0,77704.88,-0.0265,0.936,0.11243
2026-08-29T10:59:23Z,XRPUSDT,COOLING,NONE,0.0,0.0,0.0,0.72,-0.72,44210.98,64622.76,True,False,-0.0036,77675.0,-0.0385,0.922,1.386
2026-08-29T10:59:26Z,HBARUSDT,COOLING,NONE,0.0,0.0,0.0,1.34,0.0,42842.27,35403.82,True,False,0.0,77675.0,-0.0385,1.941,0.07481
2026-08-29T10:59:28Z,RIZEUSDT,COOLING,NONE,0.0,0.0,0.0,58.52,0.0,171.88,716.24,True,False,0.0,77675.0,-0.0385,0.914,0.004622
2026-08-29T10:59:29Z,WUSDT,COOLING,NONE,0.0,0.0,0.0,13.25,0.0,9643.28,5783.53,True,False,0.0,77675.0,-0.0385,0.974,0.009064
2026-08-29T10:59:31Z,CCUSDT,COOLING,NONE,0.0,0.0,0.0,8.89,0.0,1505.5,1756.26,True,False,0.0,77675.0,-0.0385,0.965,0.11244
2026-08-29T11:00:02Z,XRPUSDT,COOLING,NONE,0.0,0.0,0.0,0.72,0.0,107682.59,33494.31,True,False,-0.0072,77640.01,-0.045,0.947,1.3852
2026-08-29T11:00:03Z,HBARUSDT,COOLING,BUY,11.11,28.57,28.57,1.34,0.0,30990.13,23156.37,True,False,0.0,77640.01,-0.045,0.955,0.07478
2026-08-29T11:00:05Z,RIZEUSDT,COOLING,NONE,0.0,0.0,0.0,58.52,0.0,171.88,716.24,True,False,0.0,77640.01,-0.045,1.011,0.004609
2026-08-29T11:00:07Z,WUSDT,COOLING,NONE,0.0,0.0,0.0,12.15,0.0,9643.28,5783.53,True,False,0.0,77640.01,-0.045,0.969,0.009064
2026-08-29T11:00:09Z,CCUSDT,COOLING,BUY,0.0,87.67,87.67,8.0,0.0,1805.38,24917.01,True,False,0.0,77640.01,-0.045,1.071,0.11243
2026-08-29T11:00:41Z,XRPUSDT,COOLING,NONE,0.0,0.0,0.0,2.17,0.0,146603.16,151800.01,True,False,0.0,77630.0,-0.0129,0.987,1.3855
2026-08-29T11:00:43Z,HBARUSDT,COOLING,NONE,0.0,0.0,0.0,1.34,0.0,26794.07,23156.37,True,False,0.0,77630.0,-0.0129,0.99,0.07478
2026-08-29T11:00:45Z,RIZEUSDT,COOLING,NONE,0.0,0.0,0.0,58.52,0.0,171.88,716.24,True,False,0.0,77630.0,-0.0129,0.989,0.004622
2026-08-29T11:00:46Z,WUSDT,COOLING,NONE,0.0,0.0,0.0,9.94,0.0,9643.28,5783.53,True,False,0.0,77630.0,-0.0129,0.928,0.009054
2026-08-29T11:00:48Z,CCUSDT,COOLING,NONE,0.0,0.0,0.0,7.11,0.0,1804.18,1510.58,True,False,0.0,77630.0,-0.0129,0.96,0.1125
2026-08-29T11:01:48Z,XRPUSDT,COOLING,NONE,0.0,0.0,0.0,1.44,0.0,56597.48,64391.73,True,False,0.0,77630.79,0.001,0.946,1.385
2026-08-29T11:01:52Z,HBARUSDT,COOLING,NONE,0.0,0.0,0.0,1.34,0.0,25546.91,10975.44,True,False,0.0,77630.79,0.001,1.965,0.07476
2026-08-29T11:01:56Z,RIZEUSDT,COOLING,SELL,0.0,0.0,0.0,58.52,0.0,171.88,716.24,True,False,0.0,77630.79,0.001,1.929,0.004614
2026-08-29T11:01:58Z,WUSDT,COOLING,NONE,0.0,0.0,0.0,13.25,0.0,9643.28,5783.53,True,False,0.0,77630.79,0.001,0.923,0.009054
2026-08-29T11:02:00Z,CCUSDT,COOLING,NONE,0.0,0.0,0.0,8.0,0.0,15068.96,1510.96,True,False,0.0,77630.79,0.001,0.961,0.11252
2026-08-29T11:02:32Z,XRPUSDT,COOLING,NONE,0.0,0.0,0.0,2.17,0.0,68860.7,133145.09,True,False,0.0,77622.46,-0.0107,0.896,1.3849
2026-08-29T11:02:34Z,HBARUSDT,COOLING,NONE,0.0,0.0,0.0,1.34,0.0,15268.73,36090.74,True,False,0.0,77622.46,-0.0107,0.898,0.07477
2026-08-29T11:02:37Z,RIZEUSDT,COOLING,NONE,0.0,0.0,0.0,58.52,0.0,171.88,708.75,True,False,0.0,77622.46,-0.0107,0.949,0.004622
2026-08-29T11:02:39Z,WUSDT,COOLING,NONE,0.0,0.0,0.0,14.36,0.0,9643.28,5783.53,True,False,0.0,77622.46,-0.0107,1.007,0.009057
2026-08-29T11:02:41Z,CCUSDT,COOLING,NONE,0.0,0.0,0.0,6.23,0.0,1504.55,1511.04,True,False,0.0,77622.46,-0.0107,0.925,0.11246
2026-08-29T11:03:10Z,XRPUSDT,COOLING,NONE,0.0,0.0,0.0,2.17,0.0,136226.64,107491.42,True,False,0.0,77630.8,0.0107,1.26,1.3858
2026-08-29T11:03:11Z,HBARUSDT,COOLING,NONE,0.0,0.0,0.0,1.34,0.0,15268.73,36090.74,True,False,0.0,77630.8,0.0107,0.977,0.07476
2026-08-29T11:03:15Z,RIZEUSDT,COOLING,NONE,0.0,0.0,0.0,58.52,0.0,171.88,712.95,True,False,0.0,77630.8,0.0107,0.947,0.004622
2026-08-29T11:03:16Z,WUSDT,COOLING,NONE,0.0,0.0,0.0,14.36,0.0,9643.28,5783.53,True,False,0.0,77630.8,0.0107,0.956,0.009053
2026-08-29T11:03:18Z,CCUSDT,COOLING,NONE,0.0,0.0,0.0,6.23,0.0,1728.6,1511.04,True,False,0.0,77630.8,0.0107,0.964,0.11244
2026-08-29T11:04:31Z,XRPUSDT,COOLING,NONE,0.0,0.0,0.0,2.17,0.0,168223.94,145516.46,True,False,0.0,77635.69,0.0063,1.097,1.3858
2026-08-29T11:04:33Z,HBARUSDT,COOLING,NONE,0.0,0.0,0.0,1.34,0.0,22278.49,34553.83,True,False,0.0,77635.69,0.0063,0.909,0.07477
2026-08-29T11:04:35Z,RIZEUSDT,COOLING,NONE,0.0,0.0,0.0,58.52,0.0,171.88,708.51,True,False,0.0,77635.69,0.0063,0.934,0.004617
2026-08-29T11:04:37Z,WUSDT,COOLING,NONE,0.0,0.0,0.0,13.25,0.0,9643.28,5209.71,True,False,0.0,77635.69,0.0063,1.032,0.009058
2026-08-29T11:04:39Z,CCUSDT,COOLING,NONE,0.0,0.0,0.0,7.11,-0.89,1806.08,1812.22,True,False,0.0044,77635.69,0.0063,0.911,0.11249
2026-08-29T11:05:08Z,XRPUSDT,COOLING,NONE,0.0,0.0,0.0,2.17,0.0,57585.78,138370.6,True,False,0.0,77635.69,0.0,1.016,1.3858
2026-08-29T11:05:10Z,HBARUSDT,COOLING,NONE,0.0,0.0,0.0,1.34,0.0,22278.49,34553.83,True,False,0.0,77635.69,0.0,0.923,0.0748
2026-08-29T11:05:13Z,RIZEUSDT,COOLING,NONE,0.0,0.0,0.0,58.52,0.0,171.88,708.51,True,False,0.0,77635.69,0.0,1.937,0.00462
2026-08-29T11:05:15Z,WUSDT,COOLING,NONE,0.0,0.0,0.0,13.25,0.0,9643.28,5209.71,True,False,0.0,77635.69,0.0,0.957,0.009059
2026-08-29T11:05:16Z,CCUSDT,COOLING,NONE,0.0,0.0,0.0,6.22,0.0,1804.77,14937.34,True,False,0.0,77635.69,0.0,1.042,0.11248
2026-08-29T11:05:47Z,XRPUSDT,COOLING,NONE,0.0,0.0,0.0,2.16,-0.72,127427.81,140393.43,True,False,0.0036,77655.61,0.0257,1.376,1.3859
2026-08-29T11:05:49Z,HBARUSDT,COOLING,NONE,0.0,0.0,0.0,1.34,0.0,22275.51,21161.52,True,False,0.0,77655.61,0.0257,0.943,0.07478
2026-08-29T11:05:52Z,RIZEUSDT,COOLING,NONE,0.0,0.0,0.0,58.52,0.0,171.88,708.51,True,False,0.0,77655.61,0.0257,1.451,0.00462
2026-08-29T11:05:54Z,WUSDT,COOLING,NONE,0.0,0.0,0.0,13.25,0.0,9643.28,5209.71,True,False,0.0,77655.61,0.0257,0.966,0.009057
2026-08-29T11:05:57Z,CCUSDT,COOLING,NONE,0.0,0.0,0.0,9.77,0.0,1806.06,1511.8,True,False,0.0,77655.61,0.0257,1.028,0.11256
2026-08-29T11:06:57Z,XRPUSDT,COOLING,NONE,0.0,0.0,0.0,2.89,0.0,90245.67,46284.07,True,False,0.0,77648.8,-0.0088,0.978,1.3859
2026-08-29T11:06:59Z,HBARUSDT,COOLING,BUY,0.0,73.29,73.29,1.34,0.0,35613.13,40330.06,True,False,0.0,77648.8,-0.0088,0.985,0.07477
2026-08-29T11:07:02Z,RIZEUSDT,COOLING,SELL,22.58,0.0,22.58,58.52,0.0,171.88,708.51,True,True,0.0,77648.8,-0.0088,1.182,0.004612
2026-08-29T11:07:08Z,WUSDT,COOLING,NONE,0.0,0.0,0.0,14.36,0.0,9269.82,5209.71,True,False,0.0,77648.8,-0.0088,1.244,0.009057
2026-08-29T11:07:11Z,CCUSDT,COOLING,NONE,0.0,0.0,0.0,10.65,0.0,1728.21,1512.85,True,False,0.0,77648.8,-0.0088,0.905,0.11261
2026-08-29T11:07:44Z,XRPUSDT,COOLING,NONE,0.0,0.0,0.0,2.89,0.72,135616.4,56234.52,True,False,-0.0036,77635.81,-0.0167,0.954,1.3851
2026-08-29T11:07:45Z,HBARUSDT,COOLING,NONE,0.0,0.0,0.0,1.34,0.0,41843.58,36875.98,True,False,0.0,77635.81,-0.0167,0.96,0.07475
2026-08-29T11:07:47Z,RIZEUSDT,COOLING,SELL,0.0,0.0,0.0,58.52,0.0,171.88,708.51,True,False,0.0,77635.81,-0.0167,0.99,0.004614
2026-08-29T11:07:50Z,WUSDT,COOLING,NONE,0.0,0.0,0.0,9.95,0.0,10207.16,5205.73,True,False,0.0,77635.81,-0.0167,0.991,0.009048
2026-08-29T11:07:52Z,CCUSDT,COOLING,NONE,0.0,0.0,0.0,7.1,0.0,8990.0,1512.86,True,False,0.0,77635.81,-0.0167,0.952,0.1127
2026-08-29T11:08:22Z,XRPUSDT,COOLING,BUY,0.0,71.31,71.31,1.44,0.0,117248.59,149005.69,True,False,0.0,77641.77,0.0077,0.896,1.3852
2026-08-29T11:08:24Z,HBARUSDT,COOLING,BUY,0.0,55.52,55.52,1.34,0.0,12787.14,38267.72,True,True,0.0,77641.77,0.0077,0.969,0.07474
2026-08-29T11:08:26Z,RIZEUSDT,COOLING,NONE,0.0,0.0,0.0,58.52,0.0,171.88,715.82,True,False,0.0,77641.77,0.0077,0.985,0.004617
2026-08-29T11:08:27Z,WUSDT,COOLING,NONE,0.0,0.0,0.0,14.37,0.0,8853.33,5312.69,True,False,0.0,77641.77,0.0077,0.917,0.009048
2026-08-29T11:08:30Z,CCUSDT,COOLING,NONE,0.0,0.0,0.0,10.63,0.0,1511.38,1514.87,True,False,0.0,77641.77,0.0077,1.018,0.11275
2026-08-29T11:09:23Z,XRPUSDT,COOLING,NONE,0.0,0.0,0.0,2.89,0.0,49769.57,70947.66,True,False,0.0,77641.15,-0.0008,0.973,1.385
2026-08-29T11:09:25Z,HBARUSDT,COOLING,NONE,0.0,0.0,0.0,1.34,0.0,42423.63,40075.41,True,False,0.0,77641.15,-0.0008,0.94,0.07474
2026-08-29T11:09:28Z,RIZEUSDT,COOLING,SELL,29.44,0.0,29.44,58.52,0.0,171.88,715.82,True,True,0.0,77641.15,-0.0008,0.905,0.004623
2026-08-29T11:09:31Z,WUSDT,COOLING,NONE,0.0,0.0,0.0,14.37,0.0,8853.33,5312.69,True,False,0.0,77641.15,-0.0008,0.992,0.009047
2026-08-29T11:09:34Z,CCUSDT,COOLING,NONE,0.0,0.0,0.0,6.2,0.0,1510.45,1963.61,True,False,0.0,77641.15,-0.0008,1.013,0.1129
2026-08-29T11:10:04Z,XRPUSDT,COOLING,NONE,0.0,0.0,0.0,2.17,0.0,82488.25,95155.24,True,False,0.0,77641.14,-0.0,1.408,1.385
2026-08-29T11:10:06Z,HBARUSDT,COOLING,NONE,0.0,0.0,0.0,1.34,0.0,42423.63,36331.91,True,False,0.0,77641.14,-0.0,0.907,0.07475
2026-08-29T11:10:08Z,RIZEUSDT,COOLING,NONE,0.0,0.0,0.0,58.52,0.0,171.88,711.06,True,False,0.0,77641.14,-0.0,0.936,0.004615
2026-08-29T11:10:10Z,WUSDT,COOLING,NONE,0.0,0.0,0.0,14.37,0.0,8853.33,5312.69,True,False,0.0,77641.14,-0.0,0.93,0.009047
2026-08-29T11:10:12Z,CCUSDT,COOLING,NONE,0.0,0.0,0.0,6.2,0.0,1510.45,1756.91,True,False,0.0,77641.14,-0.0,0.98,0.11287
2026-08-29T11:10:43Z,XRPUSDT,COOLING,NONE,0.0,0.0,0.0,1.44,0.0,71350.54,65443.15,True,False,0.0,77659.91,0.0242,1.005,1.3858
2026-08-29T11:10:45Z,HBARUSDT,COOLING,NONE,0.0,0.0,0.0,1.34,0.0,19507.66,33368.71,True,False,0.0,77659.91,0.0242,0.993,0.07475
2026-08-29T11:10:48Z,RIZEUSDT,COOLING,NONE,0.0,0.0,0.0,58.52,0.0,171.88,710.59,True,False,0.0,77659.91,0.0242,1.426,0.004615
2026-08-29T11:10:49Z,WUSDT,COOLING,NONE,0.0,0.0,0.0,6.63,0.0,8853.33,5312.69,True,False,0.0,77659.91,0.0242,0.941,0.009047
2026-08-29T11:10:51Z,CCUSDT,COOLING,NONE,0.0,0.0,0.0,8.86,0.0,1509.24,1755.05,True,False,0.0,77659.91,0.0242,0.975,0.11283
2026-08-29T11:11:46Z,XRPUSDT,COOLING,NONE,0.0,0.0,0.0,2.89,0.0,54771.91,95428.16,True,False,0.0,77690.0,0.0387,0.908,1.3862
2026-08-29T11:11:47Z,HBARUSDT,COOLING,NONE,0.0,0.0,0.0,1.34,0.0,33575.52,45015.23,True,False,0.0,77690.0,0.0387,1.003,0.07482
2026-08-29T11:11:50Z,RIZEUSDT,COOLING,NONE,0.0,0.0,0.0,58.52,0.0,171.88,710.59,True,False,0.0,77690.0,0.0387,0.964,0.004613
2026-08-29T11:11:52Z,WUSDT,COOLING,NONE,0.0,0.0,0.0,12.15,0.0,15806.2,5320.41,True,False,0.0,77690.0,0.0387,0.922,0.009057
2026-08-29T11:11:54Z,CCUSDT,COOLING,NONE,0.0,0.0,0.0,8.86,1.77,1509.24,1755.05,True,False,-0.0089,77690.0,0.0387,0.931,0.11283
2026-08-29T11:12:29Z,XRPUSDT,COOLING,SELL,21.17,0.0,21.17,2.16,0.0,48712.62,148828.82,True,False,0.0,77691.65,0.0021,0.985,1.3862
2026-08-29T11:12:31Z,HBARUSDT,COOLING,NONE,0.0,0.0,0.0,1.34,0.0,33516.09,45015.23,True,False,0.0,77691.65,0.0021,0.956,0.07482
2026-08-29T11:12:33Z,RIZEUSDT,COOLING,NONE,0.0,0.0,0.0,58.52,0.0,171.88,704.75,True,False,0.0,77691.65,0.0021,0.96,0.004613
2026-08-29T11:12:34Z,WUSDT,COOLING,NONE,0.0,0.0,0.0,15.46,0.0,15806.2,5320.41,True,False,0.0,77691.65,0.0021,0.941,0.009059
2026-08-29T11:12:36Z,CCUSDT,COOLING,NONE,0.0,0.0,0.0,7.09,0.0,1509.24,1755.05,True,False,0.0,77691.65,0.0021,0.934,0.11282
2026-08-29T11:13:05Z,XRPUSDT,COOLING,BUY,0.0,7.26,7.26,1.44,0.0,133321.55,117367.7,True,False,0.0,77697.8,0.0079,0.987,1.3863
2026-08-29T11:13:08Z,HBARUSDT,COOLING,NONE,0.0,0.0,0.0,1.34,0.0,33126.13,41490.39,True,False,0.0,77697.8,0.0079,1.995,0.07483
2026-08-29T11:13:11Z,RIZEUSDT,COOLING,NONE,0.0,0.0,0.0,58.52,0.0,125.5,710.69,True,False,0.0,77697.8,0.0079,0.984,0.004613
2026-08-29T11:13:13Z,WUSDT,COOLING,NONE,0.0,0.0,0.0,12.15,0.0,15806.2,5320.41,True,False,0.0,77697.8,0.0079,1.113,0.009056
2026-08-29T11:13:14Z,CCUSDT,COOLING,NONE,0.0,0.0,0.0,7.09,0.0,1509.24,1755.05,True,False,0.0,77697.8,0.0079,0.967,0.11283
2026-08-29T11:14:13Z,XRPUSDT,COOLING,SELL,0.04,0.0,0.04,2.16,0.0,91930.33,51922.6,True,False,0.0,77704.99,0.0093,2.094,1.3861
2026-08-29T11:14:15Z,HBARUSDT,COOLING,NONE,0.0,0.0,0.0,1.34,0.0,36437.82,45015.23,True,False,0.0,77704.99,0.0093,0.994,0.07484
2026-08-29T11:14:17Z,RIZEUSDT,COOLING,SELL,24.99,0.0,24.99,58.52,0.0,171.88,715.06,True,False,0.0,77704.99,0.0093,1.069,0.004614
2026-08-29T11:14:20Z,WUSDT,COOLING,NONE,0.0,0.0,0.0,15.46,0.0,15806.2,5320.41,True,False,0.0,77704.99,0.0093,1.042,0.009056
2026-08-29T11:14:22Z,CCUSDT,COOLING,NONE,0.0,0.0,0.0,8.86,0.0,1510.67,1515.67,True,False,0.0,77704.99,0.0093,0.936,0.11281
2026-08-29T11:14:54Z,XRPUSDT,COOLING,NONE,0.0,0.0,0.0,2.16,-0.72,94760.62,63079.62,True,False,-0.0036,77705.0,0.0,1.242,1.3862
2026-08-29T11:14:57Z,HBARUSDT,COOLING,NONE,0.0,0.0,0.0,1.34,0.0,42429.32,45015.23,True,False,0.0,77705.0,0.0,1.161,0.07484
2026-08-29T11:15:00Z,RIZEUSDT,COOLING,NONE,0.0,0.0,0.0,58.52,0.0,171.88,715.06,True,False,0.0,77705.0,0.0,2.228,0.004614
2026-08-29T11:15:03Z,WUSDT,COOLING,NONE,0.0,0.0,0.0,8.83,-3.31,9494.05,5630.66,True,False,0.0166,77705.0,0.0,1.203,0.009058
2026-08-29T11:15:08Z,CCUSDT,COOLING,NONE,0.0,0.0,0.0,7.09,0.0,1510.67,1515.67,True,False,0.0,77705.0,0.0,2.245,0.11284
2026-08-29T11:15:39Z,XRPUSDT,COOLING,NONE,0.0,0.0,0.0,0.72,-0.72,83395.12,93260.23,True,False,-0.0036,77721.25,0.0209,0.997,1.3864
2026-08-29T11:15:42Z,HBARUSDT,COOLING,SELL,1.73,0.0,1.73,1.34,0.0,43739.13,46029.28,True,False,-0.0267,77721.25,0.0209,1.97,0.07485
2026-08-29T11:15:44Z,RIZEUSDT,COOLING,NONE,0.0,0.0,0.0,58.52,0.0,171.88,715.06,True,False,0.0,77721.25,0.0209,1.641,0.004616
2026-08-29T11:15:47Z,WUSDT,COOLING,NONE,0.0,0.0,0.0,14.34,0.0,15484.28,5957.54,True,False,0.0,77721.25,0.0209,1.117,0.009056
2026-08-29T11:15:49Z,CCUSDT,COOLING,NONE,0.0,0.0,0.0,7.09,0.0,1510.67,1515.67,True,False,0.0,77721.25,0.0209,1.049,0.11281
2026-08-29T11:16:49Z,XRPUSDT,COOLING,NONE,0.0,0.0,0.0,2.16,0.0,95497.2,94826.21,True,False,0.0,77713.21,-0.0103,0.986,1.3859
2026-08-29T11:16:51Z,HBARUSDT,COOLING,NONE,0.0,0.0,0.0,1.34,0.0,44015.13,51538.62,True,False,0.0,77713.21,-0.0103,1.057,0.07486
2026-08-29T11:16:53Z,RIZEUSDT,COOLING,SELL,0.25,0.0,0.25,58.52,0.0,125.83,715.06,True,False,0.0,77713.21,-0.0103,1.06,0.004616
2026-08-29T11:16:56Z,WUSDT,COOLING,NONE,0.0,0.0,0.0,14.34,3.31,15484.28,5957.54,True,False,-0.0165,77713.21,-0.0103,0.942,0.009067
2026-08-29T11:16:57Z,CCUSDT,COOLING,NONE,0.0,0.0,0.0,7.97,0.0,1509.24,1515.54,True,False,0.0,77713.21,-0.0103,1.059,0.11286
2026-08-29T11:17:28Z,XRPUSDT,COOLING,NONE,0.0,0.0,0.0,2.89,0.0,112409.06,111907.42,True,False,0.0,77713.2,-0.0,1.943,1.3856
2026-08-29T11:17:31Z,HBARUSDT,COOLING,NONE,0.0,0.0,0.0,1.34,0.0,44015.13,51538.62,True,False,0.0,77713.2,-0.0,1.926,0.07487
2026-08-29T11:17:33Z,RIZEUSDT,COOLING,NONE,0.0,0.0,0.0,58.52,0.0,171.88,708.18,True,False,0.0,77713.2,-0.0,0.988,0.004617
2026-08-29T11:17:36Z,WUSDT,COOLING,NONE,0.0,0.0,0.0,14.34,0.0,15484.28,5957.54,True,False,0.0,77713.2,-0.0,0.974,0.009069
2026-08-29T11:17:39Z,CCUSDT,COOLING,NONE,0.0,0.0,0.0,7.97,0.0,1509.24,1515.54,True,False,0.0,77713.2,-0.0,1.843,0.11289
2026-08-29T11:18:11Z,XRPUSDT,COOLING,NONE,0.0,0.0,0.0,2.89,0.72,112409.06,85797.36,True,False,-0.0036,77713.17,-0.0,1.053,1.3857
2026-08-29T11:18:14Z,HBARUSDT,COOLING,NONE,0.0,0.0,0.0,1.34,0.0,44015.13,51538.62,True,False,0.0,77713.17,-0.0,2.273,0.07486
2026-08-29T11:18:16Z,RIZEUSDT,COOLING,SELL,29.0,0.0,29.0,58.52,0.0,171.88,708.18,True,True,0.0,77713.17,-0.0,0.924,0.004614
2026-08-29T11:18:17Z,WUSDT,COOLING,NONE,0.0,0.0,0.0,14.34,0.0,15484.28,5957.54,True,False,0.0,77713.17,-0.0,0.93,0.009066
2026-08-29T11:18:19Z,CCUSDT,COOLING,NONE,0.0,0.0,0.0,7.97,0.0,1509.24,1515.54,True,False,0.0,77713.17,-0.0,1.046,0.11287
2026-08-29T11:19:28Z,XRPUSDT,COOLING,NONE,0.0,0.0,0.0,2.89,0.72,83318.95,76290.46,True,False,-0.0036,77699.92,-0.017,2.751,1.3855
2026-08-29T11:19:32Z,HBARUSDT,COOLING,NONE,0.0,0.0,0.0,1.34,0.0,48871.82,42084.95,True,False,0.0,77699.92,-0.017,2.05,0.07482
2026-08-29T11:19:37Z,RIZEUSDT,COOLING,NONE,0.0,0.0,0.0,58.52,0.0,171.88,708.9,True,False,0.0,77699.92,-0.017,1.074,0.004611
2026-08-29T11:19:41Z,WUSDT,COOLING,NONE,0.0,0.0,0.0,13.23,0.0,15484.28,5957.54,True,False,0.0,77699.92,-0.017,2.088,0.009068
2026-08-29T11:19:43Z,CCUSDT,COOLING,NONE,0.0,0.0,0.0,8.86,0.0,1566.11,1864.9,True,False,0.0,77699.92,-0.017,1.054,0.11282
2026-08-29T11:20:21Z,XRPUSDT,COOLING,NONE,0.0,0.0,0.0,1.44,0.0,87575.04,70282.95,True,False,0.0,77699.29,-0.0008,0.987,1.3849
2026-08-29T11:20:23Z,HBARUSDT,COOLING,BUY,0.0,13.48,13.48,1.34,0.0,33542.63,23192.49,True,False,0.0,77699.29,-0.0008,1.315,0.07481
2026-08-29T11:20:26Z,RIZEUSDT,COOLING,NONE,0.0,0.0,0.0,58.52,0.0,171.88,714.41,True,False,0.0,77699.29,-0.0008,1.239,0.00462
2026-08-29T11:20:28Z,WUSDT,COOLING,NONE,0.0,0.0,0.0,15.44,0.0,10360.43,5957.54,True,False,0.0,77699.29,-0.0008,1.16,0.009064
2026-08-29T11:20:30Z,CCUSDT,COOLING,NONE,0.0,0.0,0.0,6.2,0.0,1586.03,1755.78,True,False,0.0,77699.29,-0.0008,1.14,0.11287
2026-08-29T11:21:02Z,XRPUSDT,COOLING,NONE,0.0,0.0,0.0,2.17,0.0,87706.26,108390.63,True,False,0.0,77699.16,-0.0002,1.048,1.385
2026-08-29T11:21:03Z,HBARUSDT,COOLING,NONE,0.0,0.0,0.0,1.34,0.0,33542.63,23192.49,True,False,0.0,77699.16,-0.0002,1.051,0.07479
2026-08-29T11:21:05Z,RIZEUSDT,COOLING,SELL,26.44,0.0,26.44,58.52,0.0,171.88,706.7,True,True,0.0,77699.16,-0.0002,1.005,0.004622
2026-08-29T11:21:07Z,WUSDT,COOLING,NONE,0.0,0.0,0.0,15.44,0.0,10360.43,5957.54,True,False,0.0,77699.16,-0.0002,0.947,0.009064
2026-08-29T11:21:09Z,CCUSDT,COOLING,NONE,0.0,0.0,0.0,7.09,0.0,2354.15,1864.9,True,False,0.0,77699.16,-0.0002,0.945,0.11284
2026-08-29T11:22:09Z,XRPUSDT,COOLING,NONE,0.0,0.0,0.0,1.44,0.0,136200.31,108390.63,True,False,0.0,77690.27,-0.0114,1.644,1.3849
2026-08-29T11:22:11Z,HBARUSDT,COOLING,NONE,0.0,0.0,0.0,1.34,0.0,33542.63,19203.38,True,False,0.0,77690.27,-0.0114,1.058,0.07478
2026-08-29T11:22:15Z,RIZEUSDT,COOLING,SELL,10.63,0.0,10.63,58.52,0.0,211.56,714.64,True,False,0.0,77690.27,-0.0114,1.764,0.00462
2026-08-29T11:22:18Z,WUSDT,COOLING,NONE,0.0,0.0,0.0,15.44,0.0,10360.43,5957.54,True,False,0.0,77690.27,-0.0114,1.961,0.009064
2026-08-29T11:22:19Z,CCUSDT,COOLING,BUY,0.0,17.11,17.11,9.74,4.43,1603.38,1856.18,True,True,0.0221,77690.27,-0.0114,1.0,0.11289
2026-08-29T11:22:50Z,XRPUSDT,COOLING,NONE,0.0,0.0,0.0,2.17,0.0,38436.34,35239.32,True,False,0.0,77690.4,0.0002,2.054,1.3845
2026-08-29T11:22:53Z,HBARUSDT,COOLING,NONE,0.0,0.0,0.0,1.34,0.0,26755.42,37385.82,True,False,0.0,77690.4,0.0002,1.012,0.07479
2026-08-29T11:22:55Z,RIZEUSDT,COOLING,NONE,0.0,0.0,0.0,30.39,-28.14,171.88,714.64,True,False,-0.1409,77690.4,0.0002,1.021,0.00462
2026-08-29T11:22:57Z,WUSDT,COOLING,NONE,0.0,0.0,0.0,11.04,0.0,8212.88,5785.36,True,False,0.0,77690.4,0.0002,1.057,0.009068
2026-08-29T11:23:00Z,CCUSDT,COOLING,NONE,0.0,0.0,0.0,6.2,0.0,1603.38,1538.42,True,False,0.0,77690.4,0.0002,0.943,0.11291
2026-08-29T11:23:33Z,XRPUSDT,COOLING,NONE,0.0,0.0,0.0,0.72,-1.44,147007.27,100325.79,True,False,0.0072,77690.28,-0.0002,1.037,1.3849
2026-08-29T11:23:35Z,HBARUSDT,COOLING,NONE,0.0,0.0,0.0,1.34,0.0,26755.42,37385.82,True,False,0.0,77690.28,-0.0002,1.497,0.07478
2026-08-29T11:23:38Z,RIZEUSDT,COOLING,NONE,0.0,0.0,0.0,58.52,0.0,171.88,714.64,True,False,0.0,77690.28,-0.0002,0.943,0.004615
2026-08-29T11:23:40Z,WUSDT,COOLING,NONE,0.0,0.0,0.0,14.36,0.0,10702.42,5785.36,True,False,0.0,77690.28,-0.0002,0.957,0.009056
2026-08-29T11:23:43Z,CCUSDT,COOLING,SELL,85.56,0.0,85.56,9.75,0.0,14922.48,1514.6,True,False,0.0,77690.28,-0.0002,1.05,0.11292
2026-08-29T11:24:48Z,XRPUSDT,COOLING,NONE,0.0,0.0,0.0,0.72,0.0,138207.17,69443.69,True,False,0.0,77689.72,-0.0007,2.206,1.3845
2026-08-29T11:24:51Z,HBARUSDT,COOLING,NONE,0.0,0.0,0.0,1.34,0.0,27352.81,19459.74,True,False,0.0,77689.72,-0.0007,2.276,0.07478
2026-08-29T11:24:54Z,RIZEUSDT,COOLING,NONE,0.0,0.0,0.0,58.52,0.0,125.89,714.64,True,False,0.0,77689.72,-0.0007,1.332,0.004615
2026-08-29T11:24:57Z,WUSDT,COOLING,NONE,0.0,0.0,0.0,13.27,0.0,8778.52,4578.79,True,False,0.0,77689.72,-0.0007,2.174,0.009044
2026-08-29T11:25:00Z,CCUSDT,COOLING,NONE,0.0,0.0,0.0,7.09,0.0,1510.17,1514.6,True,False,0.0,77689.72,-0.0007,1.167,0.11283
2026-08-29T11:25:39Z,XRPUSDT,COOLING,NONE,0.0,0.0,0.0,1.44,0.0,113887.21,96382.83,True,False,0.0,77682.41,-0.0094,1.046,1.3852
2026-08-29T11:25:43Z,HBARUSDT,COOLING,NONE,0.0,0.0,0.0,1.34,0.0,32880.71,28888.35,True,False,0.0,77682.41,-0.0094,1.117,0.07477
2026-08-29T11:25:45Z,RIZEUSDT,COOLING,NONE,0.0,0.0,0.0,58.52,0.0,171.88,714.64,True,False,0.0,77682.41,-0.0094,1.306,0.004611
2026-08-29T11:25:47Z,WUSDT,COOLING,NONE,0.0,0.0,0.0,16.56,0.0,9887.71,5631.73,True,False,0.0,77682.41,-0.0094,0.911,0.009051
2026-08-29T11:25:49Z,CCUSDT,COOLING,NONE,0.0,0.0,0.0,7.98,0.0,1510.17,1514.6,True,False,0.0,77682.41,-0.0094,0.967,0.11283
2026-08-29T11:26:20Z,XRPUSDT,COOLING,NONE,0.0,0.0,0.0,2.89,0.0,95274.86,94492.1,True,False,0.0,77681.45,-0.0012,0.937,1.3854
2026-08-29T11:26:22Z,HBARUSDT,COOLING,NONE,0.0,0.0,0.0,1.34,0.0,28845.47,35101.97,True,False,0.0,77681.45,-0.0012,1.01,0.0748
2026-08-29T11:26:25Z,RIZEUSDT,COOLING,SELL,38.38,0.0,38.38,58.52,0.0,201.31,708.22,True,False,0.0,77681.45,-0.0012,0.976,0.004615
2026-08-29T11:26:29Z,WUSDT,COOLING,NONE,0.0,0.0,0.0,17.68,0.0,9800.03,5631.12,True,False,0.0,77681.45,-0.0012,1.972,0.009054
2026-08-29T11:26:33Z,CCUSDT,COOLING,NONE,0.0,0.0,0.0,7.98,0.0,1510.05,1761.25,True,False,0.0,77681.45,-0.0012,1.136,0.11282
2026-08-29T11:27:32Z,XRPUSDT,COOLING,NONE,0.0,0.0,0.0,0.72,0.0,52019.68,105202.66,True,False,0.0,77680.13,-0.0017,0.943,1.3843
2026-08-29T11:27:35Z,HBARUSDT,COOLING,NONE,0.0,0.0,0.0,1.34,0.0,28845.47,38716.39,True,False,0.0,77680.13,-0.0017,0.989,0.07478
2026-08-29T11:27:39Z,RIZEUSDT,COOLING,NONE,0.0,0.0,0.0,58.52,0.0,171.88,706.84,True,False,0.0,77680.13,-0.0017,0.948,0.00462
2026-08-29T11:27:40Z,WUSDT,COOLING,NONE,0.0,0.0,0.0,15.48,0.0,9800.03,5316.35,True,False,0.0,77680.13,-0.0017,0.958,0.009043
2026-08-29T11:27:44Z,CCUSDT,COOLING,NONE,0.0,0.0,0.0,8.86,0.0,1509.11,1514.6,True,False,0.0,77680.13,-0.0017,2.455,0.11283
2026-08-29T11:28:16Z,XRPUSDT,COOLING,NONE,0.0,0.0,0.0,2.17,0.0,53346.15,81134.72,True,False,0.0,77680.12,-0.0,0.966,1.3841
2026-08-29T11:28:18Z,HBARUSDT,COOLING,NONE,0.0,0.0,0.0,1.34,0.0,28845.47,38716.39,True,False,0.0,77680.12,-0.0,1.218,0.07478
2026-08-29T11:28:21Z,RIZEUSDT,COOLING,BUY,0.0,0.24,0.24,58.52,0.0,171.88,708.56,True,False,0.0,77680.12,-0.0,1.366,0.00462
2026-08-29T11:28:24Z,WUSDT,COOLING,NONE,0.0,0.0,0.0,15.48,0.0,9800.03,5316.35,True,False,0.0,77680.12,-0.0,0.993,0.009046
2026-08-29T11:28:26Z,CCUSDT,COOLING,NONE,0.0,0.0,0.0,8.86,0.0,1562.6,1515.8,True,False,0.0,77680.12,-0.0,0.986,0.11284
2026-08-29T11:28:57Z,XRPUSDT,COOLING,NONE,0.0,0.0,0.0,2.17,-0.0,53346.15,74754.81,True,False,0.0072,77680.13,0.0,0.923,1.384
2026-08-29T11:29:01Z,HBARUSDT,COOLING,NONE,0.0,0.0,0.0,1.34,0.0,28845.47,38716.39,True,False,0.0,77680.13,0.0,0.993,0.07477
2026-08-29T11:29:03Z,RIZEUSDT,COOLING,NONE,0.0,0.0,0.0,28.14,-30.39,201.35,714.55,True,False,0.1517,77680.13,0.0,1.003,0.004617
2026-08-29T11:29:05Z,WUSDT,COOLING,NONE,0.0,0.0,0.0,9.95,0.0,9800.03,5316.35,True,False,0.0,77680.13,0.0,1.026,0.009045
2026-08-29T11:29:06Z,CCUSDT,COOLING,NONE,0.0,0.0,0.0,7.09,0.0,1563.85,1516.87,True,False,0.0,77680.13,0.0,0.939,0.11289
2026-08-29T11:30:06Z,XRPUSDT,COOLING,NONE,0.0,0.0,0.0,1.44,0.0,53346.15,86323.61,True,False,0.0,77691.49,0.0146,0.974,1.3844
2026-08-29T11:30:07Z,HBARUSDT,COOLING,NONE,0.0,0.0,0.0,1.34,0.0,28845.47,37223.48,True,False,0.0,77691.49,0.0146,0.991,0.07478
2026-08-29T11:30:11Z,RIZEUSDT,COOLING,SELL,28.17,0.0,28.17,58.52,0.0,171.88,705.52,True,False,0.0,77691.49,0.0146,0.951,0.004614
2026-08-29T11:30:13Z,WUSDT,COOLING,NONE,0.0,0.0,0.0,13.27,0.0,9800.03,5316.35,True,False,0.0,77691.49,0.0146,1.016,0.009045
2026-08-29T11:30:15Z,CCUSDT,COOLING,NONE,0.0,0.0,0.0,8.86,0.0,1511.65,1516.87,True,False,0.0,77691.49,0.0146,0.979,0.11289
2026-08-29T11:30:45Z,XRPUSDT,COOLING,NONE,0.0,0.0,0.0,2.17,0.0,61641.56,73736.02,True,False,0.0,77691.64,0.0002,0.948,1.3846
2026-08-29T11:30:47Z,HBARUSDT,COOLING,NONE,0.0,0.0,0.0,1.34,0.0,28845.47,37223.48,True,False,0.0,77691.64,0.0002,0.976,0.07478
2026-08-29T11:30:49Z,RIZEUSDT,COOLING,NONE,0.0,0.0,0.0,58.52,0.0,171.88,705.52,True,False,0.0,77691.64,0.0002,1.067,0.004614
2026-08-29T11:30:50Z,WUSDT,COOLING,NONE,0.0,0.0,0.0,12.16,0.0,9800.03,5316.35,True,False,0.0,77691.64,0.0002,0.987,0.009047
2026-08-29T11:30:52Z,CCUSDT,COOLING,NONE,0.0,0.0,0.0,10.63,3.55,1511.11,1515.67,True,False,-0.0443,77691.64,0.0002,0.972,0.11293
2026-08-29T11:31:21Z,XRPUSDT,COOLING,NONE,0.0,0.0,0.0,2.17,0.0,127750.15,94654.55,True,False,0.0,77670.18,-0.0276,0.973,1.3843
2026-08-29T11:31:23Z,HBARUSDT,COOLING,NONE,0.0,0.0,0.0,1.34,0.0,28845.47,37223.48,True,False,0.0,77670.18,-0.0276,0.965,0.07477
2026-08-29T11:31:25Z,RIZEUSDT,COOLING,SELL,57.77,0.0,57.77,58.52,0.0,171.88,705.52,True,True,0.0,77670.18,-0.0276,0.962,0.00461
2026-08-29T11:31:28Z,WUSDT,COOLING,NONE,0.0,0.0,0.0,15.48,0.0,9800.03,5316.35,True,False,0.0,77670.18,-0.0276,1.999,0.009045
2026-08-29T11:31:29Z,CCUSDT,COOLING,NONE,0.0,0.0,0.0,8.86,0.0,1511.11,1515.67,True,False,0.0,77670.18,-0.0276,0.923,0.1129
2026-08-29T11:32:27Z,XRPUSDT,COOLING,NONE,0.0,0.0,0.0,2.89,0.0,71737.34,100512.56,True,False,0.0,77670.19,0.0,0.965,1.3846
2026-08-29T11:32:30Z,HBARUSDT,COOLING,NONE,0.0,0.0,0.0,1.34,0.0,32577.97,33717.2,True,False,0.0,77670.19,0.0,1.894,0.07478
2026-08-29T11:32:32Z,RIZEUSDT,COOLING,NONE,0.0,0.0,0.0,58.52,0.0,171.88,709.9,True,False,0.0,77670.19,0.0,1.367,0.004617
2026-08-29T11:32:35Z,WUSDT,COOLING,NONE,0.0,0.0,0.0,9.95,0.0,9800.03,5316.35,True,False,0.0,77670.19,0.0,1.959,0.009046
2026-08-29T11:32:37Z,CCUSDT,COOLING,NONE,0.0,0.0,0.0,9.73,0.0,1588.84,1799.09,True,False,0.0,77670.19,0.0,1.111,0.11302
2026-08-29T11:33:09Z,XRPUSDT,COOLING,NONE,0.0,0.0,0.0,2.89,0.0,59518.83,85889.41,True,False,0.0,77677.6,0.0095,0.901,1.385
2026-08-29T11:33:12Z,HBARUSDT,COOLING,BUY,0.0,5.65,5.65,4.02,1.34,45597.87,39574.26,True,False,-0.0468,77677.6,0.0095,2.283,0.07477
2026-08-29T11:33:14Z,RIZEUSDT,COOLING,NONE,0.0,0.0,0.0,58.52,0.0,125.8,714.87,True,False,0.0,77677.6,0.0095,1.249,0.004615
2026-08-29T11:33:16Z,WUSDT,COOLING,NONE,0.0,0.0,0.0,9.95,0.0,9800.03,5316.35,True,False,0.0,77677.6,0.0095,1.073,0.009047
2026-08-29T11:33:18Z,CCUSDT,COOLING,NONE,0.0,0.0,0.0,10.61,0.0,1566.9,1588.64,True,False,0.0,77677.6,0.0095,1.13,0.11305
2026-08-29T11:33:50Z,XRPUSDT,COOLING,NONE,0.0,0.0,0.0,0.72,0.0,67183.46,63074.82,True,False,0.0,77677.6,0.0,0.957,1.3849
2026-08-29T11:33:52Z,HBARUSDT,COOLING,NONE,0.0,0.0,0.0,1.34,0.0,45516.52,34400.55,True,False,0.0,77677.6,0.0,1.918,0.07471
2026-08-29T11:33:54Z,RIZEUSDT,COOLING,NONE,0.0,0.0,0.0,58.52,0.0,171.88,714.87,True,False,0.0,77677.6,0.0,0.942,0.004615
2026-08-29T11:33:56Z,WUSDT,COOLING,NONE,0.0,0.0,0.0,9.95,0.0,9800.03,5316.35,True,False,0.0,77677.6,0.0,0.931,0.009047
2026-08-29T11:33:57Z,CCUSDT,COOLING,NONE,0.0,0.0,0.0,7.95,-0.88,1515.67,1524.01,True,False,0.0044,77677.6,0.0,0.968,0.11317
2026-08-29T11:35:08Z,XRPUSDT,COOLING,NONE,0.0,0.0,0.0,2.17,0.0,101947.54,90471.92,True,False,0.0,77679.14,0.002,0.944,1.3846
2026-08-29T11:35:09Z,HBARUSDT,COOLING,NONE,0.0,0.0,0.0,1.34,0.0,31091.0,35657.35,True,False,0.0,77679.14,0.002,0.924,0.07469
2026-08-29T11:35:11Z,RIZEUSDT,COOLING,NONE,0.0,0.0,0.0,58.52,0.0,125.61,715.46,True,False,0.0,77679.14,0.002,0.946,0.004617
2026-08-29T11:35:13Z,WUSDT,COOLING,NONE,0.0,0.0,0.0,13.27,0.0,9800.03,5316.35,True,False,0.0,77679.14,0.002,0.953,0.009044
2026-08-29T11:35:14Z,CCUSDT,COOLING,NONE,0.0,0.0,0.0,8.83,0.0,1515.53,1578.78,True,False,0.0,77679.14,0.002,0.975,0.11324
2026-08-29T11:35:43Z,XRPUSDT,COOLING,NONE,0.0,0.0,0.0,2.89,0.0,94815.82,98423.53,True,False,0.0,77685.46,0.0081,0.958,1.3852
2026-08-29T11:35:44Z,HBARUSDT,COOLING,NONE,0.0,0.0,0.0,1.34,0.0,19626.27,40028.55,True,False,0.0,77685.46,0.0081,0.909,0.07468
2026-08-29T11:35:46Z,RIZEUSDT,COOLING,NONE,0.0,0.0,0.0,58.52,0.0,171.88,715.46,True,False,0.0,77685.46,0.0081,0.965,0.004617
2026-08-29T11:35:48Z,WUSDT,COOLING,NONE,0.0,0.0,0.0,9.95,0.0,9800.03,5316.35,True,False,0.0,77685.46,0.0081,0.988,0.009047
2026-08-29T11:35:51Z,CCUSDT,COOLING,NONE,0.0,0.0,0.0,6.18,0.0,1515.41,1873.62,True,False,0.0,77685.46,0.0081,0.933,0.11325
2026-08-29T11:36:26Z,XRPUSDT,COOLING,NONE,0.0,0.0,0.0,2.17,-0.72,94815.82,89031.31,True,False,-0.0036,77685.46,0.0,0.924,1.385
2026-08-29T11:36:28Z,HBARUSDT,COOLING,SELL,72.95,8.62,72.95,1.34,-0.0,44267.2,40028.55,True,False,0.0134,77685.46,0.0,0.971,0.07468
2026-08-29T11:36:30Z,RIZEUSDT,COOLING,NONE,0.0,0.0,0.0,58.52,0.0,171.88,714.14,True,False,0.0,77685.46,0.0,0.95,0.004617
2026-08-29T11:36:32Z,WUSDT,COOLING,NONE,0.0,0.0,0.0,15.48,0.0,9800.03,5520.32,True,False,0.0,77685.46,0.0,1.053,0.009043
2026-08-29T11:36:35Z,CCUSDT,COOLING,NONE,0.0,0.0,0.0,8.82,0.0,1516.21,2116.64,True,False,0.0,77685.46,0.0,1.946,0.11338
2026-08-29T11:37:34Z,XRPUSDT,COOLING,NONE,0.0,0.0,0.0,0.72,0.0,71342.45,92109.31,True,False,0.0,77667.49,-0.0231,0.927,1.3835
2026-08-29T11:37:35Z,HBARUSDT,COOLING,NONE,0.0,0.0,0.0,1.34,0.0,48342.52,20155.29,True,False,0.0,77667.49,-0.0231,0.974,0.07465
2026-08-29T11:37:37Z,RIZEUSDT,COOLING,NONE,0.0,0.0,0.0,58.52,0.0,125.5,709.7,True,False,0.0,77667.49,-0.0231,0.952,0.004617
2026-08-29T11:37:40Z,WUSDT,COOLING,NONE,0.0,0.0,0.0,15.5,0.0,12228.51,5706.32,True,False,0.0,77667.49,-0.0231,0.933,0.009043
2026-08-29T11:37:42Z,CCUSDT,COOLING,NONE,0.0,0.0,0.0,7.06,0.0,1515.67,1591.33,True,False,0.0,77667.49,-0.0231,0.922,0.11332
2026-08-29T11:38:12Z,XRPUSDT,COOLING,NONE,0.0,0.0,0.0,2.89,-0.0,81583.85,95000.93,True,False,0.0072,77658.06,-0.0121,1.107,1.3831
2026-08-29T11:38:14Z,HBARUSDT,COOLING,NONE,0.0,0.0,0.0,1.34,0.0,48320.65,16862.02,True,False,0.0,77658.06,-0.0121,0.974,0.07465
2026-08-29T11:38:17Z,RIZEUSDT,COOLING,SELL,3.52,0.0,3.52,58.52,0.0,171.88,709.7,True,False,0.0,77658.06,-0.0121,0.904,0.004617
2026-08-29T11:38:20Z,WUSDT,COOLING,NONE,0.0,0.0,0.0,12.17,0.0,12054.71,5706.32,True,False,0.0,77658.06,-0.0121,1.988,0.00904
2026-08-29T11:38:22Z,CCUSDT,COOLING,NONE,0.0,0.0,0.0,8.83,0.0,1514.47,1760.68,True,False,0.0,77658.06,-0.0121,1.093,0.11322
2026-08-29T11:38:59Z,XRPUSDT,COOLING,BUY,0.0,40.42,40.42,2.89,-0.0,111767.62,86599.8,True,True,0.0072,77658.16,0.0001,1.283,1.3831
2026-08-29T11:39:02Z,HBARUSDT,COOLING,NONE,0.0,0.0,0.0,1.34,0.0,36873.69,29016.41,True,False,0.0,77658.16,0.0001,1.201,0.07464
2026-08-29T11:39:05Z,RIZEUSDT,COOLING,NONE,0.0,0.0,0.0,58.52,36.89,171.88,709.7,True,False,-0.1839,77658.16,0.0001,2.232,0.004617
2026-08-29T11:39:08Z,WUSDT,COOLING,NONE,0.0,0.0,0.0,13.27,0.0,9517.74,4578.79,True,False,0.0,77658.16,0.0001,1.119,0.009042
2026-08-29T11:39:10Z,CCUSDT,COOLING,NONE,0.0,0.0,0.0,8.83,0.0,1514.47,1892.68,True,False,0.0,77658.16,0.0001,1.116,0.11328
2026-08-29T11:40:15Z,XRPUSDT,COOLING,BUY,0.0,8.3,8.3,0.72,-0.72,34687.2,61704.47,True,False,0.0036,77686.47,0.0365,0.943,1.384
2026-08-29T11:40:18Z,HBARUSDT,COOLING,NONE,0.0,0.0,0.0,1.34,0.0,43894.82,15335.43,True,False,0.0,77686.47,0.0365,1.943,0.07467
2026-08-29T11:40:19Z,RIZEUSDT,COOLING,NONE,0.0,0.0,0.0,58.52,0.0,171.88,718.16,True,False,0.0,77686.47,0.0365,0.955,0.004611
2026-08-29T11:40:22Z,WUSDT,COOLING,NONE,0.0,0.0,0.0,16.6,0.0,9486.65,5706.32,True,False,0.0,77686.47,0.0365,1.959,0.009033
2026-08-29T11:40:26Z,CCUSDT,COOLING,NONE,0.0,0.0,0.0,6.2,0.0,1810.8,1515.81,True,False,0.0,77686.47,0.0365,1.975,0.11293
2026-08-29T11:41:01Z,XRPUSDT,COOLING,NONE,0.0,0.0,0.0,1.45,0.0,94991.3,136715.55,True,False,0.0,77666.73,-0.0254,1.046,1.3835
2026-08-29T11:41:04Z,HBARUSDT,COOLING,NONE,0.0,0.0,0.0,1.34,0.0,35140.14,35627.4,True,False,0.0,77666.73,-0.0254,1.113,0.07468
2026-08-29T11:41:07Z,RIZEUSDT,COOLING,SELL,0.0,0.0,0.0,58.52,0.0,171.88,718.16,True,False,0.0,77666.73,-0.0254,1.181,0.004609
2026-08-29T11:41:11Z,WUSDT,COOLING,NONE,0.0,0.0,0.0,13.28,0.0,9486.65,5706.32,True,False,0.0,77666.73,-0.0254,1.177,0.009033
2026-08-29T11:41:13Z,CCUSDT,COOLING,BUY,0.0,17.25,17.25,9.76,3.55,1509.11,1815.09,True,False,-0.0798,77666.73,-0.0254,0.96,0.11291
2026-08-29T11:41:42Z,XRPUSDT,COOLING,NONE,0.0,0.0,0.0,1.45,0.0,41276.99,138627.46,True,False,0.0,77652.17,-0.0187,0.931,1.383
2026-08-29T11:41:44Z,HBARUSDT,COOLING,NONE,0.0,0.0,0.0,1.34,0.0,45343.28,41832.31,True,False,0.0,77652.17,-0.0187,0.928,0.07468
2026-08-29T11:41:46Z,RIZEUSDT,COOLING,NONE,0.0,0.0,0.0,58.52,0.0,171.88,718.16,True,False,0.0,77652.17,-0.0187,1.376,0.004609
2026-08-29T11:41:48Z,WUSDT,COOLING,NONE,0.0,0.0,0.0,12.19,0.0,12175.89,4791.97,True,False,0.0,77652.17,-0.0187,0.91,0.009027
2026-08-29T11:41:50Z,CCUSDT,COOLING,NONE,0.0,0.0,0.0,8.0,0.0,9008.71,1510.98,True,False,0.0,77652.17,-0.0187,0.96,0.11275
2026-08-29T11:43:03Z,XRPUSDT,COOLING,NONE,0.0,0.0,0.0,2.17,0.0,105091.27,103800.42,True,False,0.0,77648.88,-0.0042,2.157,1.3831
2026-08-29T11:43:07Z,HBARUSDT,COOLING,NONE,0.0,0.0,0.0,1.34,0.0,45343.28,38509.13,True,False,0.0,77648.88,-0.0042,1.423,0.07465
2026-08-29T11:43:10Z,RIZEUSDT,COOLING,NONE,0.0,0.0,0.0,32.47,0.0,171.88,717.82,True,False,0.0,77648.88,-0.0042,1.112,0.004627
2026-08-29T11:43:14Z,WUSDT,COOLING,NONE,0.0,0.0,0.0,13.3,0.0,12175.89,4791.97,True,False,0.0,77648.88,-0.0042,2.068,0.009024
2026-08-29T11:43:16Z,CCUSDT,COOLING,NONE,0.0,0.0,0.0,7.11,0.0,1505.36,1510.98,True,False,0.0,77648.88,-0.0042,0.995,0.1125
2026-08-29T11:43:47Z,XRPUSDT,COOLING,NONE,0.0,0.0,0.0,1.45,-0.72,89860.85,108658.18,True,False,-0.0036,77645.76,-0.004,1.072,1.3828
2026-08-29T11:43:52Z,HBARUSDT,COOLING,NONE,0.0,0.0,0.0,1.34,0.0,46895.83,36351.95,True,False,0.0,77645.76,-0.004,1.125,0.07465
2026-08-29T11:43:54Z,RIZEUSDT,COOLING,NONE,0.0,0.0,0.0,32.47,0.0,171.88,714.46,True,False,0.0,77645.76,-0.004,1.041,0.004622
2026-08-29T11:43:55Z,WUSDT,COOLING,SELL,36.34,0.0,36.34,11.11,-2.2,16192.23,3736.38,True,False,-0.1331,77645.76,-0.004,0.952,0.009017
2026-08-29T11:43:58Z,CCUSDT,COOLING,BUY,0.0,77.26,77.26,7.99,0.0,1507.74,9006.37,True,False,0.0,77645.76,-0.004,1.064,0.1125
2026-08-29T11:44:30Z,XRPUSDT,COOLING,NONE,0.0,0.0,0.0,2.89,0.72,85444.47,67629.43,True,False,0.0036,77644.82,-0.0012,0.966,1.3827
2026-08-29T11:44:33Z,HBARUSDT,COOLING,NONE,0.0,0.0,0.0,1.34,0.0,46643.88,35624.24,True,False,0.0,77644.82,-0.0012,1.034,0.07463
2026-08-29T11:44:36Z,RIZEUSDT,COOLING,NONE,0.0,0.0,0.0,58.52,0.0,171.88,715.3,True,False,0.0,77644.82,-0.0012,1.955,0.004622
2026-08-29T11:44:38Z,WUSDT,COOLING,NONE,0.0,0.0,0.0,14.44,0.0,10590.78,4525.29,True,False,0.0,77644.82,-0.0012,0.987,0.009003
2026-08-29T11:44:41Z,CCUSDT,COOLING,SELL,0.05,0.0,0.05,10.66,0.0,1506.75,1715.3,True,False,0.0,77644.82,-0.0012,2.012,0.11259
2026-08-29T11:45:38Z,XRPUSDT,COOLING,NONE,0.0,0.0,0.0,1.45,0.0,129564.14,134686.04,True,False,0.0,77640.16,-0.006,1.089,1.3828
2026-08-29T11:45:40Z,HBARUSDT,COOLING,NONE,0.0,0.0,0.0,1.34,0.0,38735.8,31936.9,True,False,0.0,77640.16,-0.006,1.215,0.07468
2026-08-29T11:45:44Z,RIZEUSDT,COOLING,NONE,0.0,0.0,0.0,58.52,0.0,171.88,707.2,True,False,0.0,77640.16,-0.006,1.902,0.004622
2026-08-29T11:45:46Z,WUSDT,COOLING,NONE,0.0,0.0,0.0,15.55,0.0,10358.14,4525.29,True,False,0.0,77640.16,-0.006,1.476,0.009004
2026-08-29T11:45:48Z,CCUSDT,COOLING,NONE,0.0,0.0,0.0,6.21,0.0,1563.55,14869.13,True,False,0.0,77640.16,-0.006,1.221,0.11258
2026-08-29T11:46:23Z,XRPUSDT,COOLING,NONE,0.0,0.0,0.0,2.17,0.0,111364.1,139200.17,True,False,0.0,77640.17,0.0,1.022,1.383
2026-08-29T11:46:26Z,HBARUSDT,COOLING,NONE,0.0,0.0,0.0,1.34,0.0,40910.21,15555.19,True,False,0.0,77640.17,0.0,0.964,0.07469
2026-08-29T11:46:28Z,RIZEUSDT,COOLING,NONE,0.0,0.0,0.0,58.52,0.0,171.88,717.75,True,False,0.0,77640.17,0.0,1.385,0.004615
2026-08-29T11:46:30Z,WUSDT,COOLING,SELL,0.01,0.0,0.01,15.55,1.11,10765.74,4525.29,True,False,-0.0056,77640.17,0.0,0.969,0.009002
2026-08-29T11:46:34Z,CCUSDT,COOLING,NONE,0.0,0.0,0.0,10.64,0.0,1507.77,14870.41,True,False,0.0,77640.17,0.0,2.247,0.1127
2026-08-29T11:47:07Z,XRPUSDT,COOLING,NONE,0.0,0.0,0.0,2.17,0.0,140224.99,129329.87,True,False,0.0,77640.14,-0.0,1.264,1.383
2026-08-29T11:47:09Z,HBARUSDT,COOLING,NONE,0.0,0.0,0.0,1.34,0.0,40791.63,33296.49,True,False,0.0,77640.14,-0.0,0.933,0.07469
2026-08-29T11:47:11Z,RIZEUSDT,COOLING,NONE,0.0,0.0,0.0,58.52,0.0,171.88,717.75,True,False,0.0,77640.14,-0.0,0.931,0.004622
2026-08-29T11:47:13Z,WUSDT,COOLING,NONE,0.0,0.0,0.0,16.67,0.0,11176.83,4525.29,True,False,0.0,77640.14,-0.0,0.957,0.009007
2026-08-29T11:47:17Z,CCUSDT,COOLING,NONE,0.0,0.0,0.0,8.87,0.0,1507.77,1514.33,True,False,0.0,77640.14,-0.0,2.108,0.11275
2026-08-29T11:48:18Z,XRPUSDT,COOLING,NONE,0.0,0.0,0.0,2.17,0.0,95732.01,108822.39,True,False,0.0,77656.59,0.0212,0.96,1.3837
2026-08-29T11:48:20Z,HBARUSDT,COOLING,NONE,0.0,0.0,0.0,1.34,0.0,20030.52,22360.84,True,False,0.0,77656.59,0.0212,1.487,0.07468
2026-08-29T11:48:23Z,RIZEUSDT,COOLING,NONE,0.0,0.0,0.0,58.52,0.0,171.88,717.75,True,False,0.0,77656.59,0.0212,1.98,0.004622
2026-08-29T11:48:26Z,WUSDT,COOLING,BUY,0.0,36.93,36.93,6.66,0.0,9877.55,4525.29,True,True,0.0,77656.59,0.0212,0.958,0.009006
2026-08-29T11:48:30Z,CCUSDT,COOLING,NONE,0.0,0.0,0.0,8.86,0.0,1510.04,15284.38,True,False,0.0,77656.59,0.0212,1.966,0.11283
2026-08-29T11:49:01Z,XRPUSDT,COOLING,NONE,0.0,0.0,0.0,2.89,0.0,135715.23,121213.73,True,False,0.0,77654.94,-0.0021,1.023,1.3837
2026-08-29T11:49:03Z,HBARUSDT,COOLING,NONE,0.0,0.0,0.0,1.34,0.0,20030.52,22360.84,True,False,0.0,77654.94,-0.0021,0.936,0.07468
2026-08-29T11:49:05Z,RIZEUSDT,COOLING,NONE,0.0,0.0,0.0,58.52,0.0,125.69,717.75,True,False,0.0,77654.94,-0.0021,1.093,0.004617
2026-08-29T11:49:07Z,WUSDT,COOLING,NONE,0.0,0.0,0.0,15.56,0.0,13988.26,4263.68,True,False,0.0,77654.94,-0.0021,1.014,0.009011
2026-08-29T11:49:09Z,CCUSDT,COOLING,NONE,0.0,0.0,0.0,8.87,0.0,1510.04,2343.53,True,False,0.0,77654.94,-0.0021,0.934,0.11283
2026-08-29T11:49:40Z,XRPUSDT,COOLING,SELL,0.51,0.0,0.51,0.72,0.0,101884.24,98178.25,True,False,0.0,77650.62,-0.0056,0.971,1.3837
2026-08-29T11:49:42Z,HBARUSDT,COOLING,NONE,0.0,0.0,0.0,1.34,0.0,20030.52,22360.84,True,False,0.0,77650.62,-0.0056,0.94,0.07468
2026-08-29T11:49:44Z,RIZEUSDT,COOLING,SELL,29.58,0.0,29.58,36.81,0.0,171.88,713.36,True,False,0.0,77650.62,-0.0056,0.904,0.00461
2026-08-29T11:49:46Z,WUSDT,COOLING,NONE,0.0,0.0,0.0,12.23,0.0,13988.26,4263.68,True,False,0.0,77650.62,-0.0056,0.949,0.008999
2026-08-29T11:49:48Z,CCUSDT,COOLING,NONE,0.0,0.0,0.0,5.31,0.0,1510.98,1517.9,True,False,0.0,77650.62,-0.0056,0.968,0.11285
2026-08-29T11:50:57Z,XRPUSDT,COOLING,SELL,12.27,0.0,12.27,1.44,0.0,55469.47,82779.15,True,False,0.0,77639.03,-0.0149,2.163,1.3843
2026-08-29T11:51:02Z,HBARUSDT,COOLING,NONE,0.0,0.0,0.0,1.34,0.0,51485.73,37066.02,True,False,0.0,77639.03,-0.0149,2.157,0.07473
2026-08-29T11:51:05Z,RIZEUSDT,COOLING,SELL,36.64,0.0,36.64,58.52,0.0,297.74,705.19,True,False,0.0,77639.03,-0.0149,1.154,0.004614
2026-08-29T11:51:11Z,WUSDT,COOLING,NONE,0.0,0.0,0.0,14.42,0.0,12260.3,3856.1,True,False,0.0,77639.03,-0.0149,2.003,0.009016
2026-08-29T11:51:13Z,CCUSDT,COOLING,NONE,0.0,0.0,0.0,7.97,0.0,1511.25,1516.34,True,False,0.0,77639.03,-0.0149,1.075,0.11294
2026-08-29T11:51:52Z,XRPUSDT,COOLING,SELL,0.0,0.0,0.0,2.17,0.0,115310.35,59056.64,True,False,0.0,77654.99,0.0206,1.128,1.3843
2026-08-29T11:51:56Z,HBARUSDT,COOLING,NONE,0.0,0.0,0.0,1.34,0.0,21775.7,38565.01,True,False,0.0,77654.99,0.0206,1.979,0.07474
2026-08-29T11:52:00Z,RIZEUSDT,COOLING,NONE,0.0,0.0,0.0,58.52,0.0,202.09,705.19,True,False,0.0,77654.99,0.0206,2.239,0.00462
2026-08-29T11:52:04Z,WUSDT,COOLING,NONE,0.0,0.0,0.0,13.31,0.0,12260.3,3437.79,True,False,0.0,77654.99,0.0206,2.171,0.009015
2026-08-29T11:52:08Z,CCUSDT,COOLING,NONE,0.0,0.0,0.0,8.86,0.0,1511.25,1516.34,True,False,0.0,77654.99,0.0206,2.134,0.11293
2026-08-29T11:52:44Z,XRPUSDT,COOLING,NONE,0.0,0.0,0.0,2.17,0.0,153554.88,76298.15,True,False,0.0,77639.31,-0.0202,1.959,1.384
2026-08-29T11:52:45Z,HBARUSDT,COOLING,NONE,0.0,0.0,0.0,1.34,0.0,47698.2,19127.82,True,False,0.0,77639.31,-0.0202,0.933,0.07475
2026-08-29T11:52:47Z,RIZEUSDT,COOLING,NONE,0.0,0.0,0.0,58.52,0.0,171.88,705.19,True,False,0.0,77639.31,-0.0202,0.98,0.004612
2026-08-29T11:52:49Z,WUSDT,COOLING,NONE,0.0,0.0,0.0,13.31,0.0,12260.3,3437.79,True,False,0.0,77639.31,-0.0202,0.96,0.009014
2026-08-29T11:52:52Z,CCUSDT,COOLING,NONE,0.0,0.0,0.0,7.09,0.0,1511.25,1515.27,True,False,0.0,77639.31,-0.0202,1.0,0.11293
2026-08-29T11:53:57Z,XRPUSDT,COOLING,NONE,0.0,0.0,0.0,1.44,0.0,36684.69,58634.35,True,False,0.0,77639.21,-0.0001,1.209,1.3841
2026-08-29T11:54:01Z,HBARUSDT,COOLING,NONE,0.0,0.0,0.0,1.34,0.0,16327.75,22552.21,True,False,0.0,77639.21,-0.0001,2.168,0.07477
2026-08-29T11:54:03Z,RIZEUSDT,COOLING,NONE,0.0,0.0,0.0,36.81,0.0,171.88,716.25,True,False,0.0,77639.21,-0.0001,1.215,0.00461
2026-08-29T11:54:05Z,WUSDT,COOLING,NONE,0.0,0.0,0.0,14.42,0.0,12260.3,2891.63,True,False,0.0,77639.21,-0.0001,1.132,0.009012
2026-08-29T11:54:09Z,CCUSDT,COOLING,NONE,0.0,0.0,0.0,8.85,-1.77,1511.65,1518.15,True,False,0.0088,77639.21,-0.0001,2.129,0.1129
2026-08-29T11:54:47Z,XRPUSDT,COOLING,NONE,0.0,0.0,0.0,1.45,0.0,96976.23,87888.42,True,False,0.0,77630.0,-0.0119,0.931,1.3836
2026-08-29T11:54:49Z,HBARUSDT,COOLING,NONE,0.0,0.0,0.0,1.34,0.0,41345.94,30005.96,True,False,0.0,77630.0,-0.0119,1.962,0.07476
2026-08-29T11:54:51Z,RIZEUSDT,COOLING,NONE,0.0,0.0,0.0,58.52,0.0,171.88,718.28,True,False,0.0,77630.0,-0.0119,0.928,0.004612
2026-08-29T11:54:55Z,WUSDT,COOLING,NONE,0.0,0.0,0.0,13.31,0.0,12260.3,3437.79,True,False,0.0,77630.0,-0.0119,0.976,0.009018
2026-08-29T11:54:57Z,CCUSDT,COOLING,NONE,0.0,0.0,0.0,8.84,0.0,1514.06,1518.35,True,False,0.0,77630.0,-0.0119,1.003,0.11313
2026-08-29T11:55:27Z,XRPUSDT,COOLING,NONE,0.0,0.0,0.0,1.45,0.0,58607.2,108143.46,True,False,0.0,77629.99,-0.0,0.966,1.3838
2026-08-29T11:55:28Z,HBARUSDT,COOLING,NONE,0.0,0.0,0.0,1.34,0.0,49900.19,30005.96,True,False,0.0,77629.99,-0.0,0.899,0.07475
2026-08-29T11:55:32Z,RIZEUSDT,COOLING,SELL,13.73,0.0,13.73,58.52,0.0,171.88,718.28,True,False,0.0,77629.99,-0.0,1.965,0.004612
2026-08-29T11:55:34Z,WUSDT,COOLING,NONE,0.0,0.0,0.0,13.31,0.0,12260.3,3437.79,True,False,0.0,77629.99,-0.0,1.477,0.009011
2026-08-29T11:55:36Z,CCUSDT,COOLING,NONE,0.0,0.0,0.0,8.84,0.0,9133.46,1758.97,True,False,0.0,77629.99,-0.0,0.953,0.11313
2026-08-29T11:56:34Z,XRPUSDT,COOLING,NONE,0.0,0.0,0.0,1.45,0.0,67466.83,137657.53,True,False,0.0,77570.0,-0.0773,0.983,1.3825
2026-08-29T11:56:36Z,HBARUSDT,COOLING,NONE,0.0,0.0,0.0,1.34,0.0,50946.71,24017.04,True,False,0.0,77570.0,-0.0773,1.004,0.07472
2026-08-29T11:56:38Z,RIZEUSDT,COOLING,NONE,0.0,0.0,0.0,58.52,0.0,171.88,718.28,True,False,0.0,77570.0,-0.0773,0.923,0.004622
2026-08-29T11:56:40Z,WUSDT,COOLING,NONE,0.0,0.0,0.0,7.77,0.0,13540.92,3026.21,True,False,0.0,77570.0,-0.0773,0.994,0.009015
2026-08-29T11:56:42Z,CCUSDT,COOLING,BUY,18.54,21.17,21.17,14.12,8.83,18016.52,1906.04,True,True,-0.0441,77570.0,-0.0773,0.95,0.11329
2026-08-29T11:57:15Z,XRPUSDT,COOLING,NONE,0.0,0.0,0.0,2.89,0.72,56978.75,105806.76,True,False,0.0036,77569.49,-0.0007,1.203,1.3829
2026-08-29T11:57:17Z,HBARUSDT,COOLING,NONE,0.0,0.0,0.0,1.34,0.0,50946.71,24017.04,True,False,0.0,77569.49,-0.0007,0.991,0.07472
2026-08-29T11:57:23Z,RIZEUSDT,COOLING,NONE,0.0,0.0,0.0,58.52,0.0,171.88,709.57,True,False,0.0,77569.49,-0.0007,2.983,0.004622
2026-08-29T11:57:26Z,WUSDT,COOLING,NONE,0.0,0.0,0.0,14.42,0.0,10836.29,4530.77,True,False,0.0,77569.49,-0.0007,1.011,0.009015
2026-08-29T11:57:28Z,CCUSDT,COOLING,BUY,6.62,16.72,16.72,11.51,-2.66,1683.58,1991.01,True,True,0.0576,77569.49,-0.0007,1.073,0.11327
2026-08-29T11:58:06Z,XRPUSDT,COOLING,NONE,0.0,0.0,0.0,2.17,-0.72,101260.55,105806.76,True,False,0.0036,77569.46,-0.0,0.969,1.3829
2026-08-29T11:58:09Z,HBARUSDT,COOLING,NONE,0.0,0.0,0.0,1.34,0.0,50946.71,27759.54,True,False,0.0,77569.46,-0.0,1.071,0.07473
2026-08-29T11:58:12Z,RIZEUSDT,COOLING,SELL,9.89,0.0,9.89,58.52,0.0,171.88,707.92,True,False,0.0,77569.46,-0.0,0.974,0.004622
2026-08-29T11:58:15Z,WUSDT,COOLING,NONE,0.0,0.0,0.0,14.42,0.0,10836.29,4530.77,True,False,0.0,77569.46,-0.0,0.96,0.009016
2026-08-29T11:58:19Z,CCUSDT,COOLING,NONE,0.0,0.0,0.0,7.96,0.0,1512.99,1518.76,True,False,0.0,77569.46,-0.0,2.023,0.11309
2026-08-29T11:59:16Z,XRPUSDT,COOLING,NONE,0.0,0.0,0.0,2.89,0.0,159096.85,86946.77,True,False,0.0,77569.47,0.0,0.948,1.3823
2026-08-29T11:59:19Z,HBARUSDT,COOLING,NONE,0.0,0.0,0.0,1.34,0.0,50946.71,27759.54,True,False,0.0,77569.47,0.0,0.917,0.07472
2026-08-29T11:59:21Z,RIZEUSDT,COOLING,NONE,0.0,0.0,0.0,58.52,0.0,171.88,715.47,True,False,0.0,77569.47,0.0,0.961,0.004622
2026-08-29T11:59:22Z,WUSDT,COOLING,NONE,0.0,0.0,0.0,9.99,0.0,10836.29,4530.77,True,False,0.0,77569.47,0.0,0.992,0.009018
2026-08-29T11:59:25Z,CCUSDT,COOLING,NONE,0.0,0.0,0.0,9.72,-0.0,1514.46,2059.66,True,False,0.0088,77569.47,0.0,1.539,0.11312
2026-08-29T11:59:54Z,XRPUSDT,COOLING,NONE,0.0,0.0,0.0,2.17,0.0,172139.71,83191.34,True,False,0.0,77579.48,0.0129,1.151,1.383
2026-08-29T11:59:57Z,HBARUSDT,COOLING,NONE,0.0,0.0,0.0,1.34,0.0,50946.71,27759.54,True,False,0.0,77579.48,0.0129,1.43,0.07473
2026-08-29T11:59:59Z,RIZEUSDT,COOLING,NONE,0.0,0.0,0.0,58.52,0.0,76.36,715.47,True,False,0.0,77579.48,0.0129,1.14,0.004622
2026-08-29T12:00:04Z,WUSDT,COOLING,NONE,0.0,0.0,0.0,12.2,0.0,8446.25,4530.77,True,False,0.0,77579.48,0.0129,1.141,0.009007
2026-08-29T12:00:08Z,CCUSDT,COOLING,NONE,0.0,0.0,0.0,9.72,0.0,1514.33,1520.5,True,False,0.0,77579.48,0.0129,2.105,0.11315
2026-08-29T12:00:39Z,XRPUSDT,COOLING,NONE,0.0,0.0,0.0,2.17,0.0,170375.1,102228.84,True,False,0.0,77580.78,0.0017,0.972,1.3828
2026-08-29T12:00:41Z,HBARUSDT,COOLING,NONE,0.0,0.0,0.0,1.34,0.0,50946.71,27759.54,True,False,0.0,77580.78,0.0017,0.998,0.07473
2026-08-29T12:00:43Z,RIZEUSDT,COOLING,NONE,0.0,0.0,0.0,58.52,0.0,171.88,711.54,True,False,0.0,77580.78,0.0017,1.507,0.004622
2026-08-29T12:00:47Z,WUSDT,COOLING,NONE,0.0,0.0,0.0,12.2,0.0,8446.25,4530.77,True,False,0.0,77580.78,0.0017,0.946,0.009011
2026-08-29T12:00:49Z,CCUSDT,COOLING,NONE,0.0,0.0,0.0,9.71,0.0,1515.41,1521.57,True,False,0.0,77580.78,0.0017,1.284,0.11321
2026-08-29T12:01:47Z,XRPUSDT,COOLING,NONE,0.0,0.0,0.0,1.45,0.0,170445.58,102228.84,True,False,0.0,77581.9,0.0014,0.904,1.3829
2026-08-29T12:01:50Z,HBARUSDT,COOLING,NONE,0.0,0.0,0.0,1.34,0.0,50946.71,27759.54,True,False,0.0,77581.9,0.0014,1.48,0.07472
2026-08-29T12:01:52Z,RIZEUSDT,COOLING,NONE,0.0,0.0,0.0,58.52,0.0,171.88,711.54,True,False,0.0,77581.9,0.0014,0.966,0.004622
2026-08-29T12:01:54Z,WUSDT,COOLING,NONE,0.0,0.0,0.0,15.53,0.0,8446.25,4530.77,True,False,0.0,77581.9,0.0014,1.395,0.009015
2026-08-29T12:01:56Z,CCUSDT,COOLING,NONE,0.0,0.0,0.0,9.7,0.0,1516.48,1545.23,True,False,0.0,77581.9,0.0014,0.975,0.11342
2026-08-29T12:02:24Z,XRPUSDT,COOLING,NONE,0.0,0.0,0.0,2.17,-0.72,202498.29,48419.84,True,False,0.0036,77575.91,-0.0077,0.984,1.3827
2026-08-29T12:02:26Z,HBARUSDT,COOLING,NONE,0.0,0.0,0.0,1.34,0.0,50946.71,27766.59,True,False,0.0,77575.91,-0.0077,0.995,0.07473
2026-08-29T12:02:28Z,RIZEUSDT,COOLING,SELL,23.71,0.0,23.71,58.52,0.0,171.88,711.54,True,True,0.0,77575.91,-0.0077,1.13,0.004622
2026-08-29T12:02:32Z,WUSDT,COOLING,NONE,0.0,0.0,0.0,13.31,0.0,8446.25,4530.77,True,False,0.0,77575.91,-0.0077,2.262,0.009015
2026-08-29T12:02:34Z,CCUSDT,COOLING,NONE,0.0,0.0,0.0,8.82,0.0,1516.48,1545.23,True,False,0.0,77575.91,-0.0077,1.351,0.11341
2026-08-29T12:03:09Z,XRPUSDT,COOLING,NONE,0.0,0.0,0.0,2.17,0.0,39010.5,120379.26,True,False,0.0,77577.08,0.0015,0.94,1.3829
2026-08-29T12:03:11Z,HBARUSDT,COOLING,NONE,0.0,0.0,0.0,1.34,0.0,46183.45,23102.26,True,False,0.0,77577.08,0.0015,0.969,0.07473
2026-08-29T12:03:13Z,RIZEUSDT,COOLING,NONE,0.0,0.0,0.0,58.52,0.0,171.88,717.52,True,False,0.0,77577.08,0.0015,0.997,0.004611
2026-08-29T12:03:15Z,WUSDT,COOLING,NONE,0.0,0.0,0.0,14.44,-1.11,9575.8,4525.29,True,False,0.0056,77577.08,0.0015,0.995,0.009007
2026-08-29T12:03:17Z,CCUSDT,COOLING,NONE,0.0,0.0,0.0,8.82,0.0,1516.48,1545.23,True,False,0.0,77577.08,0.0015,0.939,0.11346
2026-08-29T12:04:15Z,XRPUSDT,COOLING,NONE,0.0,0.0,0.0,2.17,-0.72,142049.92,107193.83,True,False,0.0036,77577.08,0.0,2.072,1.3833
2026-08-29T12:04:17Z,HBARUSDT,COOLING,NONE,0.0,0.0,0.0,1.34,0.0,46183.45,23109.31,True,False,0.0,77577.08,0.0,0.98,0.07472
2026-08-29T12:04:19Z,RIZEUSDT,COOLING,NONE,0.0,0.0,0.0,34.64,0.0,125.83,706.55,True,False,0.0,77577.08,0.0,1.0,0.004611
2026-08-29T12:04:21Z,WUSDT,COOLING,NONE,0.0,0.0,0.0,9.99,0.0,15085.11,4530.77,True,False,0.0,77577.08,0.0,0.997,0.009012
2026-08-29T12:04:22Z,CCUSDT,COOLING,NONE,0.0,0.0,0.0,7.06,0.0,1653.41,1523.89,True,False,0.0,77577.08,0.0,0.952,0.11334
2026-08-29T12:04:53Z,XRPUSDT,COOLING,NONE,0.0,0.0,0.0,1.45,0.0,124132.53,109998.7,True,False,0.0,77577.09,0.0,0.889,1.3832
2026-08-29T12:04:57Z,HBARUSDT,COOLING,NONE,0.0,0.0,0.0,1.34,0.0,34001.41,23109.31,True,False,0.0,77577.09,0.0,0.947,0.07472
2026-08-29T12:05:02Z,RIZEUSDT,COOLING,BUY,38.75,75.43,75.43,21.66,8.69,202.68,706.55,True,True,-0.173,77577.09,0.0,0.977,0.004624
2026-08-29T12:05:05Z,WUSDT,COOLING,NONE,0.0,0.0,0.0,14.44,0.0,9908.83,4043.31,True,False,0.0,77577.09,0.0,1.013,0.009005
2026-08-29T12:05:07Z,CCUSDT,COOLING,NONE,0.0,0.0,0.0,8.82,0.0,1518.26,1523.89,True,False,0.0,77577.09,0.0,1.003,0.11346
2026-08-29T12:05:37Z,XRPUSDT,COOLING,NONE,0.0,0.0,0.0,1.45,0.0,124743.8,89503.06,True,False,0.0,77577.08,-0.0,0.984,1.383
2026-08-29T12:05:41Z,HBARUSDT,COOLING,NONE,0.0,0.0,0.0,1.34,0.0,43994.2,37439.84,True,False,0.0,77577.08,-0.0,1.928,0.07475
2026-08-29T12:05:43Z,RIZEUSDT,COOLING,SELL,28.05,0.0,28.05,58.52,0.0,171.88,707.32,True,False,0.0,77577.08,-0.0,0.955,0.004627
2026-08-29T12:05:45Z,WUSDT,COOLING,NONE,0.0,0.0,0.0,11.1,0.0,9908.83,4043.31,True,False,0.0,77577.08,-0.0,0.979,0.009006
2026-08-29T12:05:46Z,CCUSDT,COOLING,NONE,0.0,0.0,0.0,7.93,0.0,1518.26,1522.51,True,False,0.0,77577.08,-0.0,0.979,0.11344
2026-08-29T12:06:43Z,XRPUSDT,COOLING,NONE,0.0,0.0,0.0,2.17,0.0,53295.21,78690.99,True,False,0.0,77596.65,0.0252,1.532,1.3829
2026-08-29T12:06:46Z,HBARUSDT,COOLING,NONE,0.0,0.0,0.0,1.34,0.0,31183.1,22666.85,True,False,0.0,77596.65,0.0252,1.024,0.07474
2026-08-29T12:06:49Z,RIZEUSDT,COOLING,NONE,0.0,0.0,0.0,58.52,0.0,171.88,705.01,True,False,0.0,77596.65,0.0252,0.976,0.004625
2026-08-29T12:06:53Z,WUSDT,COOLING,NONE,0.0,0.0,0.0,14.42,0.0,16803.24,3375.76,True,False,0.0,77596.65,0.0252,2.086,0.00901
2026-08-29T12:06:56Z,CCUSDT,COOLING,NONE,0.0,0.0,0.0,8.81,0.0,1518.35,1983.81,True,False,0.0,77596.65,0.0252,0.956,0.11347
2026-08-29T12:07:26Z,XRPUSDT,COOLING,NONE,0.0,0.0,0.0,2.17,0.0,65846.35,77170.37,True,False,0.0,77596.65,0.0,1.024,1.3825
2026-08-29T12:07:28Z,HBARUSDT,COOLING,NONE,0.0,0.0,0.0,1.34,0.0,29477.51,22666.85,True,False,0.0,77596.65,0.0,1.048,0.07476
2026-08-29T12:07:30Z,RIZEUSDT,COOLING,SELL,46.91,0.39,46.91,34.62,0.0,248.58,716.1,True,False,0.0,77596.65,0.0,1.053,0.004629
2026-08-29T12:07:33Z,WUSDT,COOLING,NONE,0.0,0.0,0.0,14.42,0.0,16803.24,3498.13,True,False,0.0,77596.65,0.0,2.002,0.009014
2026-08-29T12:07:34Z,CCUSDT,COOLING,NONE,0.0,0.0,0.0,9.69,0.0,1519.69,1523.71,True,False,0.0,77596.65,0.0,0.994,0.11346
2026-08-29T12:08:06Z,XRPUSDT,COOLING,NONE,0.0,0.0,0.0,2.17,0.0,152640.63,95406.48,True,False,0.0,77596.73,0.0001,1.066,1.3824
2026-08-29T12:08:09Z,HBARUSDT,COOLING,NONE,0.0,0.0,0.0,1.34,0.0,29477.51,22666.85,True,False,0.0,77596.73,0.0001,1.402,0.07477
2026-08-29T12:08:11Z,RIZEUSDT,COOLING,SELL,25.83,0.0,25.83,47.58,0.0,171.88,728.52,True,False,0.0,77596.73,0.0001,1.035,0.00463
2026-08-29T12:08:13Z,WUSDT,COOLING,NONE,0.0,0.0,0.0,13.31,0.0,11316.07,3302.53,True,False,0.0,77596.73,0.0001,1.53,0.009018
2026-08-29T12:08:15Z,CCUSDT,COOLING,NONE,0.0,0.0,0.0,9.69,0.0,1519.69,1523.71,True,False,0.0,77596.73,0.0001,1.036,0.11349
2026-08-29T12:09:34Z,XRPUSDT,COOLING,NONE,0.0,0.0,0.0,2.17,0.0,113066.35,99484.7,True,False,0.0,77575.65,-0.0272,2.201,1.3815
2026-08-29T12:09:40Z,HBARUSDT,COOLING,NONE,0.0,0.0,0.0,1.34,0.0,33674.27,38675.05,True,False,0.0,77575.65,-0.0272,1.972,0.07473
2026-08-29T12:09:44Z,RIZEUSDT,COOLING,SELL,20.68,0.0,20.68,36.74,0.0,248.71,710.5,True,False,0.0,77575.65,-0.0272,1.494,0.004618
2026-08-29T12:09:47Z,WUSDT,COOLING,NONE,0.0,0.0,0.0,14.44,0.0,10446.78,4413.31,True,False,0.0,77575.65,-0.0272,1.148,0.009004
2026-08-29T12:09:50Z,CCUSDT,COOLING,NONE,0.0,0.0,0.0,8.81,0.0,1519.56,2116.29,True,False,0.0,77575.65,-0.0272,1.12,0.11345
2026-08-29T12:10:24Z,XRPUSDT,COOLING,NONE,0.0,0.0,0.0,1.45,0.0,67851.72,56467.23,True,False,0.0,77573.1,-0.0033,1.981,1.3812
2026-08-29T12:10:27Z,HBARUSDT,COOLING,NONE,0.0,0.0,0.0,1.34,0.0,47072.97,37556.13,True,False,0.0,77573.1,-0.0033,0.96,0.07472
2026-08-29T12:10:30Z,RIZEUSDT,COOLING,NONE,0.0,0.0,0.0,47.58,0.0,171.88,730.09,True,False,0.0,77573.1,-0.0033,1.473,0.004618
2026-08-29T12:10:32Z,WUSDT,COOLING,NONE,0.0,0.0,0.0,14.44,0.0,10446.78,4413.31,True,False,0.0,77573.1,-0.0033,0.999,0.009007
2026-08-29T12:10:34Z,CCUSDT,COOLING,NONE,0.0,0.0,0.0,8.82,0.0,16328.55,1822.9,True,False,0.0,77573.1,-0.0033,1.0,0.11345
2026-08-29T12:11:07Z,XRPUSDT,COOLING,NONE,0.0,0.0,0.0,1.45,0.0,153392.45,135157.95,True,False,0.0,77560.02,-0.0169,0.946,1.3811
2026-08-29T12:11:08Z,HBARUSDT,COOLING,NONE,0.0,0.0,0.0,1.34,0.0,45082.11,32702.24,True,False,0.0,77560.02,-0.0169,0.966,0.07474
2026-08-29T12:11:11Z,RIZEUSDT,COOLING,BUY,0.0,2.06,2.06,36.74,0.0,125.91,730.09,True,False,0.0,77560.02,-0.0169,1.012,0.004618
2026-08-29T12:11:13Z,WUSDT,COOLING,NONE,0.0,0.0,0.0,12.22,0.0,10446.78,4413.31,True,False,0.0,77560.02,-0.0169,0.914,0.009003
2026-08-29T12:11:15Z,CCUSDT,COOLING,SELL,3.68,0.0,3.68,8.82,-0.88,1570.37,2063.56,True,False,0.0044,77560.02,-0.0169,0.93,0.11342
2026-08-29T12:12:10Z,XRPUSDT,COOLING,NONE,0.0,0.0,0.0,2.9,0.0,120635.36,58278.03,True,False,0.0,77557.56,-0.0032,1.053,1.3812
2026-08-29T12:12:13Z,HBARUSDT,COOLING,SELL,73.11,0.0,73.11,1.34,0.0,45477.13,19137.09,True,True,0.0,77557.56,-0.0032,0.933,0.07476
2026-08-29T12:12:16Z,RIZEUSDT,COOLING,SELL,3.01,0.0,3.01,58.36,0.0,182.71,710.0,True,False,0.0,77557.56,-0.0032,1.967,0.004622
2026-08-29T12:12:17Z,WUSDT,COOLING,NONE,0.0,0.0,0.0,13.31,0.0,10837.64,3302.53,True,False,0.0,77557.56,-0.0032,0.923,0.009006
2026-08-29T12:12:19Z,CCUSDT,COOLING,NONE,0.0,0.0,0.0,8.81,0.0,1518.76,1595.81,True,False,0.0,77557.56,-0.0032,0.923,0.11345
2026-08-29T12:12:50Z,XRPUSDT,COOLING,NONE,0.0,0.0,0.0,1.45,0.0,111797.06,88490.88,True,False,0.0,77575.22,0.0228,0.955,1.3821
2026-08-29T12:12:52Z,HBARUSDT,COOLING,NONE,0.0,0.0,0.0,1.34,0.0,25097.12,37540.57,True,False,0.0,77575.22,0.0228,0.924,0.07478
2026-08-29T12:12:53Z,RIZEUSDT,COOLING,NONE,0.0,0.0,0.0,58.36,0.0,126.16,707.84,True,False,0.0,77575.22,0.0228,0.965,0.004622
2026-08-29T12:12:55Z,WUSDT,COOLING,NONE,0.0,0.0,0.0,7.76,0.0,10837.64,4236.2,True,False,0.0,77575.22,0.0228,1.274,0.009013
2026-08-29T12:12:57Z,CCUSDT,COOLING,NONE,0.0,0.0,0.0,8.81,0.0,1518.76,15225.51,True,False,0.0,77575.22,0.0228,1.121,0.11354
2026-08-29T12:13:29Z,XRPUSDT,COOLING,NONE,0.0,0.0,0.0,1.45,0.0,146886.13,98537.5,True,False,0.0,77583.14,0.0102,0.956,1.3825
2026-08-29T12:13:32Z,HBARUSDT,COOLING,SELL,21.08,0.0,21.08,1.34,-0.0,28985.32,46974.68,True,False,0.0134,77583.14,0.0102,1.991,0.07482
2026-08-29T12:13:35Z,RIZEUSDT,COOLING,NONE,0.0,0.0,0.0,58.36,0.0,126.05,707.84,True,False,0.0,77583.14,0.0102,0.894,0.004622
2026-08-29T12:13:38Z,WUSDT,COOLING,NONE,0.0,0.0,0.0,7.76,0.0,10837.64,4236.2,True,False,0.0,77583.14,0.0102,2.035,0.00902
2026-08-29T12:13:41Z,CCUSDT,COOLING,NONE,0.0,0.0,0.0,0.88,-7.93,1765.0,1785.61,True,False,-0.0396,77583.14,0.0102,1.949,0.11349
2026-08-29T12:14:37Z,XRPUSDT,COOLING,NONE,0.0,0.0,0.0,2.89,0.72,86035.74,71448.11,True,False,0.0036,77583.49,0.0005,0.994,1.3827
2026-08-29T12:14:40Z,HBARUSDT,COOLING,NONE,0.0,0.0,0.0,1.34,0.0,39397.79,48970.06,True,False,0.0,77583.49,0.0005,0.976,0.07486
2026-08-29T12:14:43Z,RIZEUSDT,COOLING,NONE,0.0,0.0,0.0,32.46,0.0,171.88,719.07,True,False,0.0,77583.49,0.0005,1.887,0.004628
2026-08-29T12:14:45Z,WUSDT,COOLING,NONE,0.0,0.0,0.0,8.87,0.0,15913.09,4236.2,True,False,0.0,77583.49,0.0005,1.001,0.009018
2026-08-29T12:14:48Z,CCUSDT,COOLING,NONE,0.0,0.0,0.0,8.81,0.0,1519.38,1723.39,True,False,0.0,77583.49,0.0005,1.969,0.11348
2026-08-29T12:15:18Z,XRPUSDT,COOLING,BUY,18.64,32.35,32.35,2.17,0.72,86321.33,124294.98,True,False,-0.0036,77594.98,0.0148,1.142,1.384
2026-08-29T12:15:20Z,HBARUSDT,COOLING,SELL,61.48,0.0,61.48,1.33,0.0,38002.52,41976.9,True,True,0.0,77594.98,0.0148,1.105,0.07492
2026-08-29T12:15:23Z,RIZEUSDT,COOLING,SELL,4.24,0.0,4.24,51.86,0.0,182.71,709.44,True,False,0.0,77594.98,0.0148,1.397,0.004616
2026-08-29T12:15:25Z,WUSDT,COOLING,NONE,0.0,0.0,0.0,5.54,0.0,15930.91,5753.28,True,False,0.0,77594.98,0.0148,1.371,0.009029
2026-08-29T12:15:29Z,CCUSDT,COOLING,NONE,0.0,0.0,0.0,7.05,0.0,1519.02,1623.72,True,False,0.0,77594.98,0.0148,1.265,0.1135
2026-08-29T12:16:01Z,XRPUSDT,COOLING,NONE,0.0,0.0,0.0,1.45,0.0,103766.58,146499.21,True,False,0.0,77606.07,0.0143,0.934,1.384
2026-08-29T12:16:02Z,HBARUSDT,COOLING,NONE,0.0,0.0,0.0,1.33,0.0,42834.37,41885.29,True,False,0.0,77606.07,0.0143,0.934,0.07492
2026-08-29T12:16:04Z,RIZEUSDT,COOLING,NONE,0.0,0.0,0.0,58.36,6.5,171.88,712.04,True,False,-0.0324,77606.07,0.0143,0.967,0.004616
2026-08-29T12:16:06Z,WUSDT,COOLING,NONE,0.0,0.0,0.0,12.17,0.0,15508.2,4673.17,True,False,0.0,77606.07,0.0143,0.958,0.009033
2026-08-29T12:16:08Z,CCUSDT,COOLING,NONE,0.0,0.0,0.0,7.93,0.0,1518.09,1523.31,True,False,0.0,77606.07,0.0143,0.974,0.11353
2026-08-29T12:17:02Z,XRPUSDT,COOLING,NONE,0.0,0.0,0.0,1.44,0.0,120044.09,114841.0,True,False,0.0,77609.99,0.0051,0.995,1.3843
2026-08-29T12:17:05Z,HBARUSDT,COOLING,NONE,0.0,0.0,0.0,1.33,0.0,20627.36,41885.29,True,False,0.0,77609.99,0.0051,1.962,0.07495
2026-08-29T12:17:07Z,RIZEUSDT,COOLING,SELL,26.35,0.0,26.35,49.69,0.0,171.88,707.25,True,True,0.0,77609.99,0.0051,1.014,0.004617
2026-08-29T12:17:09Z,WUSDT,COOLING,NONE,0.0,0.0,0.0,15.5,0.0,15508.2,5442.29,True,False,0.0,77609.99,0.0051,0.906,0.009037
2026-08-29T12:17:10Z,CCUSDT,COOLING,NONE,0.0,0.0,0.0,7.93,0.88,1519.69,14977.11,True,False,0.0044,77609.99,0.0051,0.927,0.11353
2026-08-29T12:17:43Z,XRPUSDT,COOLING,NONE,0.0,0.0,0.0,0.72,0.0,80728.53,62059.03,True,False,0.0,77624.98,0.0193,0.966,1.3842
2026-08-29T12:17:46Z,HBARUSDT,COOLING,NONE,0.0,0.0,0.0,1.33,0.0,33275.28,41885.29,True,False,0.0,77624.98,0.0193,0.963,0.07496
2026-08-29T12:17:48Z,RIZEUSDT,COOLING,NONE,0.0,0.0,0.0,49.69,0.0,171.88,716.06,True,False,0.0,77624.98,0.0193,0.954,0.004624
2026-08-29T12:17:50Z,WUSDT,COOLING,NONE,0.0,0.0,0.0,12.17,0.0,7638.82,5442.29,True,False,0.0,77624.98,0.0193,0.971,0.009037
2026-08-29T12:17:52Z,CCUSDT,COOLING,NONE,0.0,0.0,0.0,8.81,0.0,1519.69,14977.11,True,False,0.0,77624.98,0.0193,0.926,0.11357
2026-08-29T12:18:28Z,XRPUSDT,COOLING,SELL,0.09,0.0,0.09,2.89,-0.0,49304.32,69196.19,True,False,0.0072,77645.0,0.0258,1.08,1.3853
2026-08-29T12:18:32Z,HBARUSDT,COOLING,NONE,0.0,0.0,0.0,1.33,0.0,35922.34,46164.55,True,False,0.0,77645.0,0.0258,1.264,0.07496
2026-08-29T12:18:36Z,RIZEUSDT,COOLING,NONE,0.0,0.0,0.0,58.36,0.0,171.88,707.01,True,False,0.0,77645.0,0.0258,1.183,0.004628
2026-08-29T12:18:41Z,WUSDT,COOLING,NONE,0.0,0.0,0.0,6.63,0.0,11085.33,5638.57,True,False,0.0,77645.0,0.0258,1.263,0.009041
2026-08-29T12:18:45Z,CCUSDT,COOLING,NONE,0.0,0.0,0.0,7.93,0.0,1519.82,14977.11,True,False,0.0,77645.0,0.0258,2.603,0.11357
2026-08-29T12:19:55Z,XRPUSDT,COOLING,NONE,0.0,0.0,0.0,2.89,0.0,117980.45,63969.61,True,False,0.0,77637.25,-0.01,0.987,1.3851
2026-08-29T12:19:58Z,HBARUSDT,COOLING,NONE,0.0,0.0,0.0,1.33,0.0,49447.19,46164.55,True,False,0.0,77637.25,-0.01,1.942,0.07496
2026-08-29T12:20:00Z,RIZEUSDT,COOLING,NONE,0.0,0.0,0.0,58.36,0.0,171.88,717.2,True,False,0.0,77637.25,-0.01,0.892,0.004632
2026-08-29T12:20:02Z,WUSDT,COOLING,NONE,0.0,0.0,0.0,4.42,0.0,11085.33,5638.57,True,False,0.0,77637.25,-0.01,0.97,0.009043
2026-08-29T12:20:03Z,CCUSDT,COOLING,NONE,0.0,0.0,0.0,8.81,0.0,1519.82,14977.11,True,False,0.0,77637.25,-0.01,0.961,0.11349
