ts,pair,regime,asp_side,drop_bid_pct_per_s,drop_ask_pct_per_s,max_drop_pct_per_s,spread_bps,spread_delta_bps,wall_bid_usdt,wall_ask_usdt,notional_ok,spoof,price_delta_pct,btc_price,btc_delta_pct,delay_s,price
2026-08-28T07:11:15Z,XRPUSDT,COOLING,NONE,0.0,0.0,0.0,2.12,-0.71,111673.01,74212.8,True,False,0.0035,79711.28,0.0,1.979,1.4181
2026-08-28T07:11:18Z,HBARUSDT,COOLING,NONE,0.0,0.0,0.0,1.28,0.0,16677.75,21800.51,True,False,0.0,79711.28,0.0,0.926,0.07788
2026-08-28T07:11:20Z,QAITUSDT,IMPULSE,NONE,0.0,0.0,0.0,44.94,0.0,384.73,5006.0,True,False,0.0,79711.28,0.0,0.969,0.002007
2026-08-28T07:11:23Z,WUSDT,COOLING,NONE,0.0,0.0,0.0,12.73,0.0,8973.07,4766.43,True,False,0.0,79711.28,0.0,0.973,0.009427
2026-08-28T07:11:24Z,REDUSDT,COOLING,NONE,0.0,0.0,0.0,10.07,0.0,6496.49,5269.74,True,False,0.0,79711.28,0.0,0.97,0.10934
2026-08-28T07:11:55Z,XRPUSDT,COOLING,SELL,28.2,0.0,28.2,2.12,0.0,124552.08,93595.69,True,False,0.0,79704.34,-0.0087,1.003,1.4178
2026-08-28T07:11:56Z,HBARUSDT,COOLING,NONE,0.0,0.0,0.0,1.28,0.0,10506.49,45305.03,True,False,0.0,79704.34,-0.0087,0.943,0.07788
2026-08-28T07:11:58Z,QAITUSDT,IMPULSE,NONE,0.0,0.0,0.0,44.94,0.0,384.73,5006.0,True,False,0.0,79704.34,-0.0087,0.982,0.002007
2026-08-28T07:12:00Z,WUSDT,COOLING,NONE,0.0,0.0,0.0,12.73,-1.06,8973.07,4766.43,True,False,-0.0053,79704.34,-0.0087,0.966,0.009425
2026-08-28T07:12:02Z,REDUSDT,COOLING,NONE,0.0,0.0,0.0,10.07,0.0,5812.6,5339.55,True,False,0.0,79704.34,-0.0087,1.09,0.10924
2026-08-28T07:12:31Z,XRPUSDT,COOLING,NONE,0.0,0.0,0.0,2.12,0.71,85278.08,93179.92,True,False,0.0035,79704.33,-0.0,0.911,1.4175
2026-08-28T07:12:33Z,HBARUSDT,COOLING,NONE,0.0,0.0,0.0,1.28,0.0,20393.32,44318.81,True,False,-0.0128,79704.33,-0.0,0.942,0.07792
2026-08-28T07:12:35Z,QAITUSDT,IMPULSE,NONE,0.0,0.0,0.0,44.94,0.0,384.73,5006.0,True,False,0.0,79704.33,-0.0,0.932,0.002007
2026-08-28T07:12:37Z,WUSDT,COOLING,BUY,0.0,29.68,29.68,12.73,0.0,8973.07,4766.43,True,True,0.0,79704.33,-0.0,0.941,0.009425
2026-08-28T07:12:39Z,REDUSDT,COOLING,NONE,0.0,0.0,0.0,13.75,0.0,5673.31,6331.53,True,False,0.0,79704.33,-0.0,0.986,0.10925
2026-08-28T07:13:33Z,XRPUSDT,COOLING,NONE,0.0,0.0,0.0,2.12,-0.7,102591.45,89626.37,True,False,-0.0035,79704.34,0.0,0.882,1.4183
2026-08-28T07:13:35Z,HBARUSDT,COOLING,NONE,0.0,0.0,0.0,1.28,0.0,20285.12,36356.13,True,False,0.0,79704.34,0.0,1.504,0.07789
2026-08-28T07:13:37Z,QAITUSDT,IMPULSE,NONE,0.0,0.0,0.0,44.94,0.0,384.73,5006.0,True,False,0.0,79704.34,0.0,0.976,0.002007
2026-08-28T07:13:40Z,WUSDT,COOLING,NONE,0.0,0.0,0.0,12.73,0.0,8973.07,4766.43,True,False,0.0,79704.34,0.0,1.039,0.009426
2026-08-28T07:13:41Z,REDUSDT,COOLING,NONE,0.0,0.0,0.0,13.75,0.0,5016.86,6212.15,True,False,0.0,79704.34,0.0,0.97,0.10905
2026-08-28T07:14:11Z,XRPUSDT,COOLING,BUY,0.0,13.54,13.54,2.11,-0.7,100127.23,109675.38,True,False,-0.0106,79705.38,0.0013,0.964,1.4191
2026-08-28T07:14:12Z,HBARUSDT,COOLING,NONE,0.0,0.0,0.0,1.28,0.0,32618.31,14090.22,True,False,0.0,79705.38,0.0013,0.971,0.07792
2026-08-28T07:14:16Z,QAITUSDT,IMPULSE,NONE,0.0,0.0,0.0,44.94,0.0,384.73,5006.0,True,False,0.0,79705.38,0.0013,1.972,0.002007
2026-08-28T07:14:19Z,WUSDT,COOLING,NONE,0.0,0.0,0.0,3.18,0.0,7792.3,5181.49,True,False,0.0,79705.38,0.0013,0.931,0.009421
2026-08-28T07:14:20Z,REDUSDT,COOLING,NONE,0.0,0.0,0.0,11.93,0.0,3053.14,5642.97,True,False,0.0,79705.38,0.0013,0.93,0.10904
2026-08-28T07:14:49Z,XRPUSDT,COOLING,BUY,0.0,49.19,49.19,2.11,0.0,101156.54,124834.5,True,False,-0.007,79694.14,-0.0141,1.062,1.4185
2026-08-28T07:14:50Z,HBARUSDT,COOLING,SELL,14.85,3.7,14.85,1.28,0.0,34645.52,21517.8,True,False,0.0,79694.14,-0.0141,0.986,0.07792
2026-08-28T07:14:52Z,QAITUSDT,IMPULSE,NONE,0.0,0.0,0.0,44.94,0.0,384.73,5006.0,True,False,0.0,79694.14,-0.0141,1.012,0.002007
2026-08-28T07:14:54Z,WUSDT,COOLING,NONE,0.0,0.0,0.0,3.18,0.0,7792.3,5181.49,True,False,0.0,79694.14,-0.0141,0.988,0.009421
2026-08-28T07:14:56Z,REDUSDT,COOLING,BUY,0.0,1.12,1.12,10.11,0.0,6604.7,5675.35,True,False,0.0,79694.14,-0.0141,1.112,0.10899
2026-08-28T07:16:01Z,XRPUSDT,COOLING,BUY,0.0,11.39,11.39,2.11,0.0,73583.85,60997.55,True,False,0.0,79750.0,0.0701,1.062,1.4199
2026-08-28T07:16:03Z,HBARUSDT,COOLING,SELL,49.67,0.0,49.67,1.28,-0.0,17340.91,29034.04,True,False,0.0256,79750.0,0.0701,0.945,0.07793
2026-08-28T07:16:08Z,QAITUSDT,IMPULSE,NONE,0.0,0.0,0.0,44.94,0.0,384.73,5006.0,True,False,0.0,79750.0,0.0701,1.21,0.002007
2026-08-28T07:16:09Z,WUSDT,COOLING,BUY,0.0,10.14,10.14,12.73,-4.24,9443.91,2974.53,True,False,-0.0212,79750.0,0.0701,0.993,0.009428
2026-08-28T07:16:11Z,REDUSDT,COOLING,NONE,0.0,0.0,0.0,11.96,0.0,4730.27,6027.14,True,False,0.0,79750.0,0.0701,1.004,0.10876
2026-08-28T07:16:47Z,XRPUSDT,COOLING,NONE,0.0,0.0,0.0,1.41,0.0,71679.66,74271.14,True,False,0.0,79755.51,0.0069,0.95,1.4207
2026-08-28T07:16:49Z,HBARUSDT,COOLING,NONE,0.0,0.0,0.0,1.28,-1.28,20974.57,32013.67,True,False,0.0064,79755.51,0.0069,0.945,0.07815
2026-08-28T07:16:51Z,QAITUSDT,IMPULSE,NONE,0.0,0.0,0.0,44.94,0.0,384.73,5006.0,True,False,0.0,79755.51,0.0069,0.965,0.002007
2026-08-28T07:16:53Z,WUSDT,COOLING,NONE,0.0,0.0,0.0,10.59,0.0,15042.62,2711.98,True,False,0.0,79755.51,0.0069,0.939,0.009435
2026-08-28T07:16:56Z,REDUSDT,COOLING,NONE,0.0,0.0,0.0,11.96,0.0,5446.55,5909.44,True,False,0.0,79755.51,0.0069,0.923,0.10882
2026-08-28T07:17:27Z,XRPUSDT,COOLING,BUY,0.0,0.24,0.24,1.41,0.0,82340.89,81509.07,True,False,0.0,79732.94,-0.0283,0.927,1.42
2026-08-28T07:17:29Z,HBARUSDT,COOLING,NONE,0.0,0.0,0.0,1.28,0.0,23077.83,34855.85,True,False,0.0,79732.94,-0.0283,0.899,0.07815
2026-08-28T07:17:31Z,QAITUSDT,IMPULSE,NONE,0.0,0.0,0.0,44.94,0.0,384.73,5006.0,True,False,0.0,79732.94,-0.0283,0.921,0.002007
2026-08-28T07:17:32Z,WUSDT,COOLING,NONE,0.0,0.0,0.0,8.48,0.0,9502.22,2897.76,True,False,0.0,79732.94,-0.0283,0.886,0.009445
2026-08-28T07:17:34Z,REDUSDT,COOLING,NONE,0.0,0.0,0.0,11.96,0.0,5446.55,4947.61,True,False,0.0,79732.94,-0.0283,1.072,0.10872
2026-08-28T07:18:26Z,XRPUSDT,COOLING,NONE,0.0,0.0,0.0,2.82,0.7,75805.4,68464.32,True,False,-0.0035,79717.3,-0.0196,0.962,1.4202
2026-08-28T07:18:28Z,HBARUSDT,COOLING,BUY,0.0,50.63,50.63,1.28,0.0,13748.0,22316.33,True,False,-0.0128,79717.3,-0.0196,0.925,0.07815
2026-08-28T07:18:30Z,QAITUSDT,IMPULSE,NONE,0.0,0.0,0.0,44.94,0.0,384.73,5006.0,True,False,0.0,79717.3,-0.0196,0.979,0.002007
2026-08-28T07:18:32Z,WUSDT,COOLING,BUY,0.0,2.78,2.78,12.73,0.0,8477.75,2974.53,True,False,0.0,79717.3,-0.0196,0.928,0.00943
2026-08-28T07:18:34Z,REDUSDT,COOLING,NONE,0.0,0.0,0.0,11.96,0.0,4266.47,4805.52,True,False,0.0,79717.3,-0.0196,0.913,0.10878
2026-08-28T07:19:04Z,XRPUSDT,COOLING,NONE,0.0,0.0,0.0,1.41,0.0,96126.25,56577.22,True,False,0.0,79721.05,0.0047,0.969,1.4197
2026-08-28T07:19:06Z,HBARUSDT,COOLING,NONE,0.0,0.0,0.0,1.28,0.0,14851.23,30298.05,True,False,0.0,79721.05,0.0047,1.447,0.07815
2026-08-28T07:19:08Z,QAITUSDT,IMPULSE,SELL,26.8,0.0,26.8,44.94,0.0,519.8,5006.0,True,False,0.0,79721.05,0.0047,0.97,0.002007
2026-08-28T07:19:10Z,WUSDT,COOLING,NONE,0.0,0.0,0.0,13.79,1.06,4212.63,2974.53,True,False,0.0053,79721.05,0.0047,0.976,0.009426
2026-08-28T07:19:12Z,REDUSDT,COOLING,NONE,0.0,0.0,0.0,20.24,0.0,5204.77,5599.1,True,False,0.0,79721.05,0.0047,0.928,0.10878
2026-08-28T07:19:40Z,XRPUSDT,COOLING,NONE,0.0,0.0,0.0,1.41,0.0,93717.41,64567.66,True,False,0.0,79721.05,0.0,0.925,1.4196
2026-08-28T07:19:42Z,HBARUSDT,COOLING,NONE,0.0,0.0,0.0,2.56,0.0,39543.01,27512.38,True,False,0.0,79721.05,0.0,0.97,0.07817
2026-08-28T07:19:43Z,QAITUSDT,IMPULSE,NONE,0.0,0.0,0.0,44.94,0.0,384.73,5006.0,True,False,0.0,79721.05,0.0,1.006,0.002007
2026-08-28T07:19:45Z,WUSDT,COOLING,NONE,0.0,0.0,0.0,12.73,0.0,4212.63,2974.53,True,False,0.0,79721.05,0.0,0.935,0.009427
2026-08-28T07:19:47Z,REDUSDT,COOLING,NONE,0.0,0.0,0.0,11.98,0.0,5204.77,6023.95,True,False,0.0,79721.05,0.0,0.995,0.10872
2026-08-28T07:20:41Z,XRPUSDT,COOLING,NONE,0.0,0.0,0.0,2.11,0.0,78883.26,65379.55,True,False,0.0,79721.05,0.0,0.99,1.4202
2026-08-28T07:20:43Z,HBARUSDT,COOLING,NONE,0.0,0.0,0.0,1.28,0.0,25482.88,12340.17,True,False,0.0,79721.05,0.0,1.955,0.07816
2026-08-28T07:20:45Z,QAITUSDT,IMPULSE,NONE,0.0,0.0,0.0,44.94,0.0,384.73,5006.0,True,False,0.0,79721.05,0.0,0.938,0.002007
2026-08-28T07:20:48Z,WUSDT,COOLING,NONE,0.0,0.0,0.0,8.49,0.0,4212.63,2974.53,True,False,0.0,79721.05,0.0,0.917,0.00943
2026-08-28T07:20:50Z,REDUSDT,COOLING,NONE,0.0,0.0,0.0,11.98,0.0,5454.3,6023.95,True,False,0.0,79721.05,0.0,1.013,0.10859
2026-08-28T07:21:20Z,XRPUSDT,COOLING,NONE,0.0,0.0,0.0,2.11,0.0,82895.46,65966.14,True,False,0.0,79705.64,-0.0193,1.94,1.4201
2026-08-28T07:21:22Z,HBARUSDT,COOLING,NONE,0.0,0.0,0.0,1.28,0.0,33440.12,16297.46,True,False,0.0,79705.64,-0.0193,0.912,0.07821
2026-08-28T07:21:24Z,QAITUSDT,IMPULSE,NONE,0.0,0.0,0.0,44.94,0.0,384.73,5006.0,True,False,0.0,79705.64,-0.0193,0.946,0.002007
2026-08-28T07:21:26Z,WUSDT,COOLING,BUY,0.0,2.79,2.79,13.79,1.06,4212.63,2974.53,True,False,0.0053,79705.64,-0.0193,0.925,0.009427
2026-08-28T07:21:27Z,REDUSDT,COOLING,NONE,0.0,0.0,0.0,22.1,0.0,5454.3,5803.68,True,False,0.0,79705.64,-0.0193,0.953,0.10858
2026-08-28T07:21:57Z,XRPUSDT,COOLING,NONE,0.0,0.0,0.0,2.82,-0.7,50546.0,51189.69,True,False,0.0035,79686.93,-0.0235,1.0,1.4194
2026-08-28T07:22:00Z,HBARUSDT,COOLING,NONE,0.0,0.0,0.0,1.28,0.0,39313.42,31491.78,True,False,0.0,79686.93,-0.0235,0.998,0.07821
2026-08-28T07:22:02Z,QAITUSDT,IMPULSE,NONE,0.0,0.0,0.0,44.94,0.0,384.73,5006.0,True,False,0.0,79686.93,-0.0235,1.491,0.002007
2026-08-28T07:22:05Z,WUSDT,COOLING,BUY,0.0,1.24,1.24,12.73,0.0,4212.63,2974.53,True,False,0.0,79686.93,-0.0235,2.076,0.009432
2026-08-28T07:22:07Z,REDUSDT,COOLING,NONE,0.0,0.0,0.0,11.98,0.0,6260.45,5814.19,True,False,0.0,79686.93,-0.0235,1.014,0.10854
2026-08-28T07:23:12Z,XRPUSDT,COOLING,NONE,0.0,0.0,0.0,2.11,0.0,145567.3,79456.05,True,False,0.0,79699.26,0.0155,1.349,1.4204
2026-08-28T07:23:13Z,HBARUSDT,COOLING,SELL,43.7,0.0,43.7,8.95,7.67,34406.23,12236.03,True,False,0.0639,79699.26,0.0155,0.987,0.07817
2026-08-28T07:23:15Z,QAITUSDT,IMPULSE,NONE,0.0,0.0,0.0,44.94,0.0,384.73,5006.0,True,False,0.0,79699.26,0.0155,0.935,0.002007
2026-08-28T07:23:17Z,WUSDT,COOLING,NONE,0.0,0.0,0.0,3.18,0.0,6115.97,2971.1,True,False,0.0,79699.26,0.0155,0.943,0.009419
2026-08-28T07:23:19Z,REDUSDT,COOLING,NONE,0.0,0.0,0.0,11.98,0.0,6384.09,5814.19,True,False,0.0,79699.26,0.0155,1.438,0.10855
2026-08-28T07:23:50Z,XRPUSDT,COOLING,NONE,0.0,0.0,0.0,1.41,0.7,93478.27,54678.42,True,False,-0.0035,79706.51,0.0091,0.912,1.4205
2026-08-28T07:23:53Z,HBARUSDT,COOLING,NONE,0.0,0.0,0.0,1.28,0.0,35916.01,10472.8,True,False,0.0,79706.51,0.0091,1.008,0.07822
2026-08-28T07:23:55Z,QAITUSDT,IMPULSE,NONE,0.0,0.0,0.0,44.94,0.0,384.73,5006.0,True,False,0.0,79706.51,0.0091,1.005,0.002007
2026-08-28T07:23:57Z,WUSDT,COOLING,NONE,0.0,0.0,0.0,2.12,0.0,6115.97,2971.1,True,False,0.0,79706.51,0.0091,0.999,0.009421
2026-08-28T07:23:59Z,REDUSDT,COOLING,NONE,0.0,0.0,0.0,22.1,0.0,6384.09,5450.96,True,False,0.0,79706.51,0.0091,1.02,0.10855
2026-08-28T07:24:30Z,XRPUSDT,COOLING,BUY,0.0,0.37,0.37,1.41,-0.7,117558.02,68055.1,True,False,-0.0035,79695.67,-0.0136,2.002,1.4205
2026-08-28T07:24:32Z,HBARUSDT,COOLING,NONE,0.0,0.0,0.0,1.28,0.0,28799.07,26481.05,True,False,0.0,79695.67,-0.0136,1.033,0.07818
2026-08-28T07:24:35Z,QAITUSDT,IMPULSE,NONE,0.0,0.0,0.0,44.94,0.0,384.73,5006.0,True,False,0.0,79695.67,-0.0136,1.426,0.002007
2026-08-28T07:24:38Z,WUSDT,COOLING,NONE,0.0,0.0,0.0,2.12,0.0,5464.08,3859.85,True,False,0.0,79695.67,-0.0136,1.923,0.009419
2026-08-28T07:24:40Z,REDUSDT,COOLING,NONE,0.0,0.0,0.0,11.96,0.0,6172.6,5076.25,True,False,0.0,79695.67,-0.0136,0.962,0.1086
2026-08-28T07:25:34Z,XRPUSDT,COOLING,NONE,0.0,0.0,0.0,2.11,0.0,242519.4,98402.59,True,False,0.0,79715.66,0.0251,0.941,1.4215
2026-08-28T07:25:36Z,HBARUSDT,COOLING,NONE,0.0,0.0,0.0,1.28,0.0,31422.32,21409.4,True,False,0.0,79715.66,0.0251,1.08,0.07818
2026-08-28T07:25:39Z,QAITUSDT,IMPULSE,NONE,0.0,0.0,0.0,44.94,0.0,338.19,5006.0,True,False,0.0,79715.66,0.0251,0.968,0.002007
2026-08-28T07:25:40Z,WUSDT,COOLING,BUY,0.0,22.03,22.03,2.12,0.0,5464.08,3455.7,True,False,0.0,79715.66,0.0251,0.908,0.00942
2026-08-28T07:25:42Z,REDUSDT,COOLING,NONE,0.0,0.0,0.0,11.93,0.0,6466.29,6210.58,True,False,0.0,79715.66,0.0251,1.061,0.10865
2026-08-28T07:26:12Z,XRPUSDT,COOLING,NONE,0.0,0.0,0.0,2.11,1.41,99127.01,70393.56,True,False,-0.007,79725.29,0.0121,0.992,1.4218
2026-08-28T07:26:14Z,HBARUSDT,COOLING,NONE,0.0,0.0,0.0,1.28,0.0,14390.3,17607.98,True,False,0.0,79725.29,0.0121,0.924,0.07819
2026-08-28T07:26:16Z,QAITUSDT,IMPULSE,NONE,0.0,0.0,0.0,44.94,0.0,338.19,5006.0,True,False,0.0,79725.29,0.0121,0.907,0.002007
2026-08-28T07:26:19Z,WUSDT,COOLING,NONE,0.0,0.0,0.0,2.12,0.0,6070.58,3455.7,True,False,0.0,79725.29,0.0121,0.998,0.00942
2026-08-28T07:26:20Z,REDUSDT,COOLING,NONE,0.0,0.0,0.0,11.96,-10.11,4831.38,6641.69,True,False,-0.0506,79725.29,0.0121,0.961,0.10884
2026-08-28T07:26:50Z,XRPUSDT,COOLING,NONE,0.0,0.0,0.0,2.81,0.0,93601.96,47784.45,True,False,0.0,79762.95,0.0472,0.926,1.422
2026-08-28T07:26:52Z,HBARUSDT,COOLING,NONE,0.0,0.0,0.0,1.28,0.0,20835.46,23518.79,True,False,0.0,79762.95,0.0472,0.938,0.07822
2026-08-28T07:26:54Z,QAITUSDT,IMPULSE,NONE,0.0,0.0,0.0,44.94,0.0,338.19,5006.0,True,False,0.0,79762.95,0.0472,1.413,0.002007
2026-08-28T07:26:55Z,WUSDT,COOLING,NONE,0.0,0.0,0.0,2.12,0.0,6070.58,3859.85,True,False,0.0,79762.95,0.0472,0.958,0.00942
2026-08-28T07:26:57Z,REDUSDT,COOLING,NONE,0.0,0.0,0.0,11.96,0.0,4835.85,5305.85,True,False,0.0,79762.95,0.0472,0.911,0.10873
2026-08-28T07:27:48Z,XRPUSDT,COOLING,NONE,0.0,0.0,0.0,2.11,0.0,101343.45,80944.41,True,False,0.0,79768.88,0.0074,1.129,1.422
2026-08-28T07:27:50Z,HBARUSDT,COOLING,NONE,0.0,0.0,0.0,1.28,0.0,11770.29,27633.52,True,False,0.0,79768.88,0.0074,1.033,0.07822
2026-08-28T07:27:52Z,QAITUSDT,IMPULSE,NONE,0.0,0.0,0.0,44.94,0.0,338.19,5006.0,True,False,0.0,79768.88,0.0074,0.991,0.002007
2026-08-28T07:27:54Z,WUSDT,COOLING,NONE,0.0,0.0,0.0,2.12,0.0,6070.58,3859.85,True,False,0.0,79768.88,0.0074,0.963,0.00942
2026-08-28T07:27:56Z,REDUSDT,COOLING,NONE,0.0,0.0,0.0,26.65,0.0,6948.24,5807.06,True,False,0.0,79768.88,0.0074,0.954,0.10902
2026-08-28T07:28:27Z,XRPUSDT,COOLING,NONE,0.0,0.0,0.0,2.81,0.7,59044.02,80492.36,True,False,-0.0035,79795.57,0.0335,0.997,1.4221
2026-08-28T07:28:28Z,HBARUSDT,COOLING,NONE,0.0,0.0,0.0,1.28,0.0,22949.52,28071.76,True,False,0.0,79795.57,0.0335,0.96,0.07825
2026-08-28T07:28:31Z,QAITUSDT,IMPULSE,NONE,0.0,0.0,0.0,44.94,0.0,338.19,5006.0,True,False,0.0,79795.57,0.0335,1.083,0.002007
2026-08-28T07:28:33Z,WUSDT,COOLING,NONE,0.0,0.0,0.0,3.18,0.0,6070.58,3864.33,True,False,0.0,79795.57,0.0335,0.929,0.009422
2026-08-28T07:28:36Z,REDUSDT,COOLING,NONE,0.0,0.0,0.0,13.79,0.0,6948.24,5885.64,True,False,0.0,79795.57,0.0335,0.998,0.10902
2026-08-28T07:29:10Z,XRPUSDT,COOLING,BUY,0.0,3.04,3.04,0.7,-0.7,103976.17,43912.23,True,False,0.0035,79790.72,-0.0061,1.05,1.4219
2026-08-28T07:29:12Z,HBARUSDT,COOLING,NONE,0.0,0.0,0.0,1.28,0.0,39741.3,29058.44,True,False,0.0,79790.72,-0.0061,0.947,0.07824
2026-08-28T07:29:15Z,QAITUSDT,IMPULSE,NONE,0.0,0.0,0.0,44.94,0.0,338.19,5006.0,True,False,0.0,79790.72,-0.0061,1.921,0.002007
2026-08-28T07:29:18Z,WUSDT,COOLING,NONE,0.0,0.0,0.0,3.18,0.0,6070.58,3864.33,True,False,0.0,79790.72,-0.0061,0.954,0.009421
2026-08-28T07:29:22Z,REDUSDT,COOLING,NONE,0.0,0.0,0.0,14.72,0.0,5005.22,5871.27,True,False,0.0,79790.72,-0.0061,1.108,0.10875
2026-08-28T07:30:15Z,XRPUSDT,COOLING,NONE,0.0,0.0,0.0,1.41,0.0,99786.88,56185.73,True,False,0.0,79803.41,0.0159,1.056,1.4219
2026-08-28T07:30:17Z,HBARUSDT,COOLING,NONE,0.0,0.0,0.0,1.28,0.0,40541.91,38807.76,True,False,0.0,79803.41,0.0159,0.955,0.07823
2026-08-28T07:30:19Z,QAITUSDT,IMPULSE,NONE,0.0,0.0,0.0,44.94,0.0,338.19,5006.0,True,False,0.0,79803.41,0.0159,0.957,0.002007
2026-08-28T07:30:21Z,WUSDT,COOLING,NONE,0.0,0.0,0.0,3.18,0.0,6070.58,3864.33,True,False,0.0,79803.41,0.0159,0.957,0.009421
2026-08-28T07:30:23Z,REDUSDT,COOLING,NONE,0.0,0.0,0.0,14.72,0.0,5973.69,5845.43,True,False,0.0,79803.41,0.0159,0.934,0.10863
2026-08-28T07:30:53Z,XRPUSDT,COOLING,SELL,7.88,0.0,7.88,2.81,-0.7,209342.42,85962.57,True,False,-0.0035,79793.54,-0.0124,0.915,1.4216
2026-08-28T07:30:55Z,HBARUSDT,COOLING,NONE,0.0,0.0,0.0,1.28,0.0,36044.47,26600.23,True,False,0.0,79793.54,-0.0124,0.984,0.07822
2026-08-28T07:30:57Z,QAITUSDT,IMPULSE,NONE,0.0,0.0,0.0,44.94,0.0,338.19,5006.0,True,False,0.0,79793.54,-0.0124,0.967,0.002007
2026-08-28T07:30:59Z,WUSDT,COOLING,NONE,0.0,0.0,0.0,2.12,0.0,6070.58,3859.85,True,False,0.0,79793.54,-0.0124,0.926,0.00942
2026-08-28T07:31:01Z,REDUSDT,COOLING,NONE,0.0,0.0,0.0,14.72,0.0,6260.1,5712.39,True,False,0.0,79793.54,-0.0124,0.967,0.10855
2026-08-28T07:31:31Z,XRPUSDT,COOLING,SELL,5.74,0.0,5.74,2.81,0.0,183349.74,61956.73,True,False,0.0,79762.22,-0.0393,0.998,1.4212
2026-08-28T07:31:32Z,HBARUSDT,COOLING,NONE,0.0,0.0,0.0,1.28,0.0,19088.26,16559.49,True,False,0.0,79762.22,-0.0393,0.939,0.07822
2026-08-28T07:31:35Z,QAITUSDT,IMPULSE,NONE,0.0,0.0,0.0,44.94,0.0,338.19,5006.0,True,False,0.0,79762.22,-0.0393,1.989,0.002007
2026-08-28T07:31:39Z,WUSDT,COOLING,NONE,0.0,0.0,0.0,2.12,0.0,6070.58,3859.85,True,False,0.0,79762.22,-0.0393,1.95,0.00942
2026-08-28T07:31:41Z,REDUSDT,COOLING,NONE,0.0,0.0,0.0,22.1,0.0,4829.53,6096.61,True,False,0.0,79762.22,-0.0393,1.055,0.10859
2026-08-28T07:32:38Z,XRPUSDT,COOLING,NONE,0.0,0.0,0.0,2.11,-0.7,159431.34,54339.36,True,False,0.0035,79770.46,0.0103,0.952,1.4208
2026-08-28T07:32:39Z,HBARUSDT,COOLING,NONE,0.0,0.0,0.0,1.28,0.0,36525.93,41975.51,True,False,0.0,79770.46,0.0103,0.936,0.0782
2026-08-28T07:32:41Z,QAITUSDT,IMPULSE,NONE,0.0,0.0,0.0,44.94,0.0,338.19,5006.0,True,False,0.0,79770.46,0.0103,1.053,0.002007
2026-08-28T07:32:43Z,WUSDT,COOLING,BUY,0.0,0.1,0.1,2.12,0.0,6070.58,4556.56,True,False,0.0,79770.46,0.0103,1.083,0.00942
2026-08-28T07:32:45Z,REDUSDT,COOLING,NONE,0.0,0.0,0.0,13.81,0.0,6296.05,6096.61,True,False,0.0,79770.46,0.0103,0.962,0.10858
2026-08-28T07:33:16Z,XRPUSDT,COOLING,NONE,0.0,0.0,0.0,2.82,0.0,151097.48,50536.5,True,False,0.0,79745.0,-0.0319,0.954,1.4207
2026-08-28T07:33:18Z,HBARUSDT,COOLING,NONE,0.0,0.0,0.0,1.28,0.0,38456.48,41029.57,True,False,0.0,79745.0,-0.0319,0.976,0.07821
2026-08-28T07:33:21Z,QAITUSDT,IMPULSE,NONE,0.0,0.0,0.0,54.9,0.0,338.19,5006.0,True,False,0.0,79745.0,-0.0319,0.987,0.002007
2026-08-28T07:33:24Z,WUSDT,COOLING,NONE,0.0,0.0,0.0,2.12,0.0,4049.65,3051.71,True,False,0.0,79745.0,-0.0319,0.964,0.009421
2026-08-28T07:33:26Z,REDUSDT,COOLING,NONE,0.0,0.0,0.0,13.81,0.0,6260.1,5711.87,True,False,0.0,79745.0,-0.0319,1.093,0.10858
2026-08-28T07:33:58Z,XRPUSDT,COOLING,NONE,0.0,0.0,0.0,2.11,-0.7,165932.09,76742.24,True,False,-0.0035,79720.0,-0.0313,0.945,1.4205
2026-08-28T07:34:00Z,HBARUSDT,COOLING,NONE,0.0,0.0,0.0,1.28,0.0,38902.76,40831.31,True,False,0.0,79720.0,-0.0313,1.003,0.07821
2026-08-28T07:34:01Z,QAITUSDT,IMPULSE,NONE,0.0,0.0,0.0,54.9,0.0,338.19,5006.0,True,False,0.0,79720.0,-0.0313,0.937,0.002007
2026-08-28T07:34:05Z,WUSDT,COOLING,NONE,0.0,0.0,0.0,2.12,0.0,4049.65,3051.71,True,False,0.0,79720.0,-0.0313,0.965,0.00942
2026-08-28T07:34:07Z,REDUSDT,COOLING,NONE,0.0,0.0,0.0,13.81,0.0,6260.1,5711.87,True,False,0.0,79720.0,-0.0313,0.931,0.10869
2026-08-28T07:35:01Z,XRPUSDT,COOLING,BUY,0.0,27.85,27.85,2.82,0.0,123408.93,66029.9,True,False,0.0,79719.19,-0.001,0.946,1.4203
2026-08-28T07:35:04Z,HBARUSDT,COOLING,NONE,0.0,0.0,0.0,1.28,0.0,14581.18,13935.48,True,False,0.0,79719.19,-0.001,0.975,0.07806
2026-08-28T07:35:06Z,QAITUSDT,IMPULSE,NONE,0.0,0.0,0.0,54.9,0.0,338.19,5006.0,True,False,0.0,79719.19,-0.001,0.976,0.002007
2026-08-28T07:35:08Z,WUSDT,COOLING,NONE,0.0,0.0,0.0,2.12,0.0,4049.65,3051.71,True,False,0.0,79719.19,-0.001,1.378,0.00942
2026-08-28T07:35:12Z,REDUSDT,COOLING,NONE,0.0,0.0,0.0,22.1,0.0,4829.53,5955.29,True,False,0.0,79719.19,-0.001,2.124,0.10865
2026-08-28T07:35:43Z,XRPUSDT,COOLING,NONE,0.0,0.0,0.0,2.11,0.0,112889.53,66245.04,True,False,0.0,79720.17,0.0012,0.964,1.4202
2026-08-28T07:35:44Z,HBARUSDT,COOLING,NONE,0.0,0.0,0.0,1.28,0.0,17966.84,28779.75,True,False,0.0,79720.17,0.0012,0.989,0.07808
2026-08-28T07:35:46Z,QAITUSDT,IMPULSE,NONE,0.0,0.0,0.0,54.9,0.0,338.19,5006.0,True,False,0.0,79720.17,0.0012,0.976,0.002007
2026-08-28T07:35:47Z,WUSDT,COOLING,NONE,0.0,0.0,0.0,2.12,0.0,4049.65,3051.71,True,False,0.0,79720.17,0.0012,0.966,0.00942
2026-08-28T07:35:50Z,REDUSDT,COOLING,NONE,0.0,0.0,0.0,11.98,0.0,4932.87,5752.06,True,False,0.0,79720.17,0.0012,0.993,0.10857
2026-08-28T07:36:19Z,XRPUSDT,COOLING,BUY,0.0,17.17,17.17,2.11,0.0,166195.93,66155.08,True,True,-0.0141,79720.16,-0.0,1.022,1.4211
2026-08-28T07:36:22Z,HBARUSDT,COOLING,NONE,0.0,0.0,0.0,1.28,0.0,37117.69,36974.44,True,False,0.0,79720.16,-0.0,0.919,0.07813
2026-08-28T07:36:24Z,QAITUSDT,IMPULSE,NONE,0.0,0.0,0.0,54.9,0.0,338.19,5006.0,True,False,0.0,79720.16,-0.0,0.899,0.002007
2026-08-28T07:36:26Z,WUSDT,COOLING,NONE,0.0,0.0,0.0,2.12,0.0,4049.65,4551.77,True,False,0.0,79720.16,-0.0,0.89,0.00942
2026-08-28T07:36:27Z,REDUSDT,COOLING,NONE,0.0,0.0,0.0,11.98,0.0,4932.87,5752.06,True,False,0.0,79720.16,-0.0,0.969,0.10857
2026-08-28T07:37:23Z,XRPUSDT,COOLING,NONE,0.0,0.0,0.0,2.82,0.0,69517.86,69726.22,True,False,0.0,79695.97,-0.0303,0.95,1.4205
2026-08-28T07:37:26Z,HBARUSDT,COOLING,NONE,0.0,0.0,0.0,1.28,0.0,38849.72,37291.25,True,False,0.0,79695.97,-0.0303,2.006,0.07808
2026-08-28T07:37:29Z,QAITUSDT,IMPULSE,NONE,0.0,0.0,0.0,54.9,0.0,338.19,5006.0,True,False,0.0,79695.97,-0.0303,1.039,0.002007
2026-08-28T07:37:31Z,WUSDT,COOLING,NONE,0.0,0.0,0.0,8.52,0.0,3465.91,4439.97,True,False,0.0,79695.97,-0.0303,0.972,0.009388
2026-08-28T07:37:35Z,REDUSDT,COOLING,NONE,0.0,0.0,0.0,11.98,0.0,4932.87,5752.06,True,False,0.0,79695.97,-0.0303,1.914,0.10854
2026-08-28T07:38:07Z,XRPUSDT,COOLING,BUY,7.6,37.73,37.73,2.11,-0.7,75547.61,95005.1,True,False,-0.0176,79709.5,0.017,0.922,1.4203
2026-08-28T07:38:09Z,HBARUSDT,COOLING,NONE,0.0,0.0,0.0,1.28,0.0,27072.18,38950.31,True,False,0.0,79709.5,0.017,0.905,0.07808
2026-08-28T07:38:11Z,QAITUSDT,IMPULSE,NONE,0.0,0.0,0.0,54.9,0.0,338.19,5006.0,True,False,0.0,79709.5,0.017,0.987,0.002007
2026-08-28T07:38:13Z,WUSDT,COOLING,NONE,0.0,0.0,0.0,11.71,0.0,4827.05,4445.12,True,False,0.0,79709.5,0.017,0.938,0.009397
2026-08-28T07:38:15Z,REDUSDT,COOLING,NONE,0.0,0.0,0.0,11.98,0.0,4932.87,5752.06,True,False,0.0,79709.5,0.017,0.938,0.10858
2026-08-28T07:38:47Z,XRPUSDT,COOLING,NONE,0.0,0.0,0.0,2.82,0.0,105810.14,67006.18,True,False,0.0,79687.37,-0.0278,1.096,1.4199
2026-08-28T07:38:49Z,HBARUSDT,COOLING,SELL,30.2,0.0,30.2,1.28,0.0,28937.36,40506.56,True,True,0.0,79687.37,-0.0278,1.006,0.0781
2026-08-28T07:38:51Z,QAITUSDT,IMPULSE,NONE,0.0,0.0,0.0,54.9,0.0,333.0,5006.0,True,False,0.0,79687.37,-0.0278,0.96,0.002007
2026-08-28T07:38:52Z,WUSDT,COOLING,NONE,0.0,0.0,0.0,9.59,0.0,4907.19,4439.97,True,False,0.0,79687.37,-0.0278,1.0,0.009397
2026-08-28T07:38:55Z,REDUSDT,COOLING,NONE,0.0,0.0,0.0,13.85,0.0,5881.53,5474.06,True,False,0.0,79687.37,-0.0278,0.947,0.1084
2026-08-28T07:39:51Z,XRPUSDT,COOLING,NONE,0.0,0.0,0.0,2.11,0.0,95053.83,75301.51,True,False,0.0,79676.39,-0.0138,0.941,1.4191
2026-08-28T07:39:53Z,HBARUSDT,COOLING,NONE,0.0,0.0,0.0,1.28,0.0,35857.56,22165.92,True,False,0.0,79676.39,-0.0138,0.919,0.07811
2026-08-28T07:39:56Z,QAITUSDT,IMPULSE,NONE,0.0,0.0,0.0,54.9,0.0,333.0,5006.0,True,False,0.0,79676.39,-0.0138,1.937,0.002007
2026-08-28T07:39:57Z,WUSDT,COOLING,NONE,0.0,0.0,0.0,7.45,0.0,5006.19,3626.33,True,False,0.0,79676.39,-0.0138,0.946,0.009397
2026-08-28T07:40:00Z,REDUSDT,COOLING,SELL,0.01,0.0,0.01,20.32,7.39,5881.53,5725.63,True,False,-0.0369,79676.39,-0.0138,0.949,0.10832
2026-08-28T07:40:31Z,XRPUSDT,COOLING,NONE,0.0,0.0,0.0,2.82,0.0,100877.5,48937.42,True,False,0.0,79676.39,0.0,0.946,1.4194
2026-08-28T07:40:33Z,HBARUSDT,COOLING,NONE,0.0,0.0,0.0,1.28,0.0,37322.59,23661.88,True,False,0.0,79676.39,0.0,0.895,0.07812
2026-08-28T07:40:34Z,QAITUSDT,IMPULSE,NONE,0.0,0.0,0.0,54.9,0.0,333.0,5006.0,True,False,0.0,79676.39,0.0,0.929,0.002007
2026-08-28T07:40:36Z,WUSDT,COOLING,NONE,0.0,0.0,0.0,9.58,-4.26,4510.18,4445.12,True,False,0.0213,79676.39,0.0,0.905,0.009394
2026-08-28T07:40:39Z,REDUSDT,COOLING,NONE,0.0,0.0,0.0,12.92,0.0,5881.53,5725.63,True,False,0.0,79676.39,0.0,0.963,0.10831
2026-08-28T07:41:07Z,XRPUSDT,COOLING,BUY,0.0,0.69,0.69,2.11,-0.7,65235.44,78048.99,True,False,-0.0106,79676.56,0.0002,0.925,1.4198
2026-08-28T07:41:10Z,HBARUSDT,COOLING,NONE,0.0,0.0,0.0,1.28,0.0,26359.8,36467.18,True,False,0.0,79676.56,0.0002,0.986,0.07812
2026-08-28T07:41:12Z,QAITUSDT,IMPULSE,NONE,0.0,0.0,0.0,54.9,0.0,333.0,5006.0,True,False,0.0,79676.56,0.0002,0.984,0.002007
2026-08-28T07:41:14Z,WUSDT,COOLING,NONE,0.0,0.0,0.0,8.51,0.0,4510.18,3609.56,True,False,0.0,79676.56,0.0002,0.963,0.009395
2026-08-28T07:41:16Z,REDUSDT,COOLING,NONE,0.0,0.0,0.0,12.92,0.0,5881.53,5725.63,True,False,0.0,79676.56,0.0002,0.94,0.10833
2026-08-28T07:42:14Z,XRPUSDT,COOLING,NONE,0.0,0.0,0.0,2.82,0.0,120989.58,83093.22,True,False,0.0,79666.58,-0.0125,0.916,1.4207
2026-08-28T07:42:17Z,HBARUSDT,COOLING,NONE,0.0,0.0,0.0,1.28,0.0,17909.44,20728.3,True,False,0.0,79666.58,-0.0125,0.977,0.07816
2026-08-28T07:42:20Z,QAITUSDT,IMPULSE,NONE,0.0,0.0,0.0,54.9,0.0,333.0,5006.0,True,False,0.0,79666.58,-0.0125,0.962,0.002007
2026-08-28T07:42:22Z,WUSDT,COOLING,NONE,0.0,0.0,0.0,11.71,0.0,5097.75,3075.87,True,False,0.0,79666.58,-0.0125,1.438,0.009409
2026-08-28T07:42:25Z,REDUSDT,COOLING,NONE,0.0,0.0,0.0,12.92,0.0,6044.81,5552.67,True,False,0.0,79666.58,-0.0125,0.918,0.10825
2026-08-28T07:42:54Z,XRPUSDT,COOLING,NONE,0.0,0.0,0.0,2.82,0.0,88854.68,74962.71,True,False,0.0,79611.58,-0.069,0.942,1.4202
2026-08-28T07:42:56Z,HBARUSDT,COOLING,NONE,0.0,0.0,0.0,1.28,0.0,17520.58,24342.3,True,False,0.0,79611.58,-0.069,0.947,0.07808
2026-08-28T07:42:59Z,QAITUSDT,IMPULSE,NONE,0.0,0.0,0.0,54.9,0.0,333.0,5006.0,True,False,0.0,79611.58,-0.069,1.943,0.002007
2026-08-28T07:43:01Z,WUSDT,COOLING,NONE,0.0,0.0,0.0,13.83,9.57,4910.02,3417.79,True,False,0.0479,79611.58,-0.069,0.967,0.009403
2026-08-28T07:43:03Z,REDUSDT,COOLING,NONE,0.0,0.0,0.0,12.92,0.0,5898.74,5961.71,True,False,0.0,79611.58,-0.069,1.005,0.10825
2026-08-28T07:43:31Z,XRPUSDT,COOLING,NONE,0.0,0.0,0.0,2.82,0.0,75481.27,86094.06,True,False,0.0,79609.03,-0.0032,0.917,1.4199
2026-08-28T07:43:34Z,HBARUSDT,COOLING,NONE,0.0,0.0,0.0,1.28,0.0,17438.72,21658.13,True,False,0.0,79609.03,-0.0032,0.991,0.07808
2026-08-28T07:43:37Z,QAITUSDT,IMPULSE,NONE,0.0,0.0,0.0,54.9,0.0,333.0,5006.0,True,False,0.0,79609.03,-0.0032,0.957,0.002007
2026-08-28T07:43:38Z,WUSDT,COOLING,NONE,0.0,0.0,0.0,8.51,0.0,4917.41,3421.75,True,False,0.0,79609.03,-0.0032,1.031,0.009405
2026-08-28T07:43:40Z,REDUSDT,COOLING,NONE,0.0,0.0,0.0,13.86,0.0,4483.68,6732.08,True,False,0.0,79609.03,-0.0032,0.993,0.10831
2026-08-28T07:44:33Z,XRPUSDT,COOLING,NONE,0.0,0.0,0.0,2.11,0.0,170353.7,87734.76,True,False,0.0,79575.96,-0.0415,0.945,1.4189
2026-08-28T07:44:34Z,HBARUSDT,COOLING,NONE,0.0,0.0,0.0,1.28,0.0,18590.58,37420.26,True,False,0.0,79575.96,-0.0415,0.943,0.07811
2026-08-28T07:44:36Z,QAITUSDT,IMPULSE,NONE,0.0,0.0,0.0,54.9,0.0,333.0,5006.0,True,False,0.0,79575.96,-0.0415,0.962,0.002007
2026-08-28T07:44:38Z,WUSDT,COOLING,NONE,0.0,0.0,0.0,7.45,-1.06,4910.02,3604.26,True,False,-0.0053,79575.96,-0.0415,0.924,0.009396
2026-08-28T07:44:41Z,REDUSDT,COOLING,NONE,0.0,0.0,0.0,13.86,0.0,4645.12,6018.51,True,False,0.0,79575.96,-0.0415,0.976,0.1083
2026-08-28T07:45:15Z,XRPUSDT,COOLING,NONE,0.0,0.0,0.0,1.41,-0.7,41413.97,66387.29,True,False,0.0387,79576.34,0.0005,2.016,1.4195
2026-08-28T07:45:17Z,HBARUSDT,COOLING,NONE,0.0,0.0,0.0,1.28,0.0,13684.78,26394.01,True,False,0.0,79576.34,0.0005,2.099,0.07807
2026-08-28T07:45:19Z,QAITUSDT,IMPULSE,NONE,0.0,0.0,0.0,54.9,0.0,333.0,5006.0,True,False,0.0,79576.34,0.0005,1.116,0.002007
2026-08-28T07:45:22Z,WUSDT,COOLING,NONE,0.0,0.0,0.0,8.51,0.0,5419.43,3421.75,True,False,0.0,79576.34,0.0005,1.57,0.009396
2026-08-28T07:45:26Z,REDUSDT,COOLING,NONE,0.0,0.0,0.0,13.86,0.0,4925.72,6018.51,True,False,0.0,79576.34,0.0005,1.973,0.10825
2026-08-28T07:45:59Z,XRPUSDT,COOLING,BUY,0.0,5.91,5.91,2.11,-1.41,93899.16,108550.67,True,False,-0.0141,79615.83,0.0496,1.078,1.4201
2026-08-28T07:46:01Z,HBARUSDT,COOLING,NONE,0.0,0.0,0.0,1.28,0.0,37855.86,16572.61,True,False,0.0,79615.83,0.0496,0.973,0.07807
2026-08-28T07:46:04Z,QAITUSDT,IMPULSE,NONE,0.0,0.0,0.0,54.9,0.0,333.0,5006.0,True,False,0.0,79615.83,0.0496,2.009,0.002007
2026-08-28T07:46:07Z,WUSDT,COOLING,NONE,0.0,0.0,0.0,7.45,0.0,4593.59,3604.26,True,False,0.0,79615.83,0.0496,2.071,0.009399
2026-08-28T07:46:10Z,REDUSDT,COOLING,NONE,0.0,0.0,0.0,12.02,0.0,4925.72,6001.54,True,False,0.0,79615.83,0.0496,0.972,0.1082
2026-08-28T07:47:04Z,XRPUSDT,COOLING,SELL,8.67,0.0,8.67,2.11,0.0,102085.11,67980.25,True,False,-0.007,79613.5,-0.0029,0.97,1.4193
2026-08-28T07:47:05Z,HBARUSDT,COOLING,BUY,0.0,12.22,12.22,1.28,0.0,14627.72,39161.23,True,False,-0.0128,79613.5,-0.0029,1.001,0.0781
2026-08-28T07:47:08Z,QAITUSDT,IMPULSE,NONE,0.0,0.0,0.0,54.9,0.0,333.0,5006.0,True,False,0.0,79613.5,-0.0029,0.96,0.002007
2026-08-28T07:47:12Z,WUSDT,COOLING,NONE,0.0,0.0,0.0,11.71,0.0,4593.59,3604.26,True,False,0.0,79613.5,-0.0029,2.014,0.009394
2026-08-28T07:47:14Z,REDUSDT,COOLING,NONE,0.0,0.0,0.0,12.92,0.0,6053.41,4709.28,True,False,0.0,79613.5,-0.0029,0.973,0.1083
2026-08-28T07:47:46Z,XRPUSDT,COOLING,NONE,0.0,0.0,0.0,2.82,0.0,59602.47,111147.42,True,False,-0.007,79640.0,0.0333,0.926,1.4195
2026-08-28T07:47:49Z,HBARUSDT,COOLING,NONE,0.0,0.0,0.0,1.28,0.0,40117.85,22933.92,True,False,0.0,79640.0,0.0333,1.216,0.07812
2026-08-28T07:47:50Z,QAITUSDT,IMPULSE,NONE,0.0,0.0,0.0,54.9,0.0,333.0,5006.0,True,False,0.0,79640.0,0.0333,0.904,0.002007
2026-08-28T07:47:52Z,WUSDT,COOLING,NONE,0.0,0.0,0.0,7.45,0.0,4593.59,3605.99,True,False,0.0,79640.0,0.0333,0.929,0.009395
2026-08-28T07:47:55Z,REDUSDT,COOLING,NONE,0.0,0.0,0.0,20.32,0.0,4969.88,4709.28,True,False,0.0,79640.0,0.0333,0.944,0.10828
2026-08-28T07:48:27Z,XRPUSDT,COOLING,BUY,0.0,2.98,2.98,2.11,0.7,97132.15,88959.37,True,False,-0.0035,79636.08,-0.0049,1.938,1.4204
2026-08-28T07:48:29Z,HBARUSDT,COOLING,NONE,0.0,0.0,0.0,1.28,0.0,21376.68,35520.72,True,False,0.0,79636.08,-0.0049,0.995,0.0781
2026-08-28T07:48:31Z,QAITUSDT,IMPULSE,NONE,0.0,0.0,0.0,54.9,0.0,333.0,5006.0,True,False,0.0,79636.08,-0.0049,0.972,0.002007
2026-08-28T07:48:33Z,WUSDT,COOLING,NONE,0.0,0.0,0.0,9.57,0.0,4191.72,3421.75,True,False,0.0,79636.08,-0.0049,0.985,0.009395
2026-08-28T07:48:36Z,REDUSDT,COOLING,NONE,0.0,0.0,0.0,12.92,0.0,6053.41,4858.32,True,False,0.0,79636.08,-0.0049,1.465,0.10827
2026-08-28T07:49:28Z,XRPUSDT,COOLING,NONE,0.0,0.0,0.0,2.81,-0.7,59545.74,49661.98,True,False,-0.0035,79646.19,0.0127,2.007,1.4215
2026-08-28T07:49:29Z,HBARUSDT,COOLING,NONE,0.0,0.0,0.0,1.28,0.0,13723.88,26629.41,True,False,0.0,79646.19,0.0127,0.998,0.07815
2026-08-28T07:49:31Z,QAITUSDT,IMPULSE,NONE,0.0,0.0,0.0,54.9,0.0,333.0,5006.0,True,False,0.0,79646.19,0.0127,1.046,0.002007
2026-08-28T07:49:34Z,WUSDT,COOLING,NONE,0.0,0.0,0.0,11.67,0.0,5807.89,2959.0,True,False,0.0,79646.19,0.0127,1.917,0.009414
2026-08-28T07:49:36Z,REDUSDT,COOLING,NONE,0.0,0.0,0.0,20.32,1.85,6052.84,4858.32,True,False,-0.0092,79646.19,0.0127,0.943,0.10831
2026-08-28T07:50:08Z,XRPUSDT,COOLING,NONE,0.0,0.0,0.0,1.41,0.7,87563.46,86961.68,True,False,-0.0035,79655.0,0.0111,1.989,1.4211
2026-08-28T07:50:10Z,HBARUSDT,COOLING,NONE,0.0,0.0,0.0,1.28,0.0,30883.14,36707.97,True,False,0.0,79655.0,0.0111,1.981,0.07815
2026-08-28T07:50:13Z,QAITUSDT,IMPULSE,NONE,0.0,0.0,0.0,54.9,0.0,333.0,5006.0,True,False,0.0,79655.0,0.0111,0.931,0.002007
2026-08-28T07:50:15Z,WUSDT,COOLING,NONE,0.0,0.0,0.0,12.73,0.0,5807.89,2959.0,True,False,0.0,79655.0,0.0111,0.969,0.009424
2026-08-28T07:50:19Z,REDUSDT,COOLING,NONE,0.0,0.0,0.0,12.92,0.0,6052.84,4858.32,True,False,0.0,79655.0,0.0111,0.945,0.10831
2026-08-28T07:50:49Z,XRPUSDT,COOLING,BUY,18.9,42.92,42.92,2.82,0.0,73700.17,152901.62,True,False,-0.0141,79654.99,-0.0,1.168,1.4209
2026-08-28T07:50:50Z,HBARUSDT,COOLING,NONE,0.0,0.0,0.0,1.28,0.0,37205.78,12047.59,True,False,0.0,79654.99,-0.0,1.009,0.07816
2026-08-28T07:50:52Z,QAITUSDT,IMPULSE,NONE,0.0,0.0,0.0,54.9,0.0,333.0,5006.0,True,False,0.0,79654.99,-0.0,0.971,0.002007
2026-08-28T07:50:54Z,WUSDT,COOLING,NONE,0.0,0.0,0.0,12.73,0.0,5807.89,2959.0,True,False,0.0,79654.99,-0.0,0.992,0.009428
2026-08-28T07:50:56Z,REDUSDT,COOLING,NONE,0.0,0.0,0.0,10.14,0.0,6378.74,5022.6,True,False,0.0,79654.99,-0.0,0.957,0.10841
2026-08-28T07:51:52Z,XRPUSDT,COOLING,BUY,0.0,38.52,38.52,2.11,0.0,74161.83,103111.23,True,False,0.0,79635.83,-0.0241,0.988,1.4205
2026-08-28T07:51:55Z,HBARUSDT,COOLING,NONE,0.0,0.0,0.0,1.28,-1.28,15228.53,11528.48,True,False,0.0064,79635.83,-0.0241,0.971,0.07812
2026-08-28T07:51:57Z,QAITUSDT,IMPULSE,NONE,0.0,0.0,0.0,54.9,0.0,333.0,5006.0,True,False,0.0,79635.83,-0.0241,0.931,0.002007
2026-08-28T07:52:00Z,WUSDT,COOLING,NONE,0.0,0.0,0.0,10.62,0.0,4979.28,3293.06,True,False,0.0,79635.83,-0.0241,0.987,0.009419
2026-08-28T07:52:02Z,REDUSDT,COOLING,NONE,0.0,0.0,0.0,10.14,0.0,6453.9,5022.6,True,False,0.0,79635.83,-0.0241,0.937,0.10839
2026-08-28T07:52:32Z,XRPUSDT,COOLING,SELL,0.0,0.0,0.0,1.41,0.7,132852.69,66100.16,True,False,-0.0035,79637.26,0.0018,1.949,1.4211
2026-08-28T07:52:33Z,HBARUSDT,COOLING,NONE,0.0,0.0,0.0,1.28,0.0,21348.63,39876.89,True,False,0.0,79637.26,0.0018,0.944,0.07812
2026-08-28T07:52:35Z,QAITUSDT,IMPULSE,NONE,0.0,0.0,0.0,54.9,0.0,333.0,5006.0,True,False,0.0,79637.26,0.0018,0.921,0.002007
2026-08-28T07:52:37Z,WUSDT,COOLING,NONE,0.0,0.0,0.0,11.68,0.0,4979.28,3293.06,True,False,0.0,79637.26,0.0018,1.446,0.009419
2026-08-28T07:52:39Z,REDUSDT,COOLING,NONE,0.0,0.0,0.0,10.14,0.0,6453.9,5022.6,True,False,0.0,79637.26,0.0018,0.959,0.10845
2026-08-28T07:53:08Z,XRPUSDT,COOLING,NONE,0.0,0.0,0.0,2.11,0.0,67844.28,85207.32,True,False,0.0,79652.47,0.0191,0.918,1.4211
2026-08-28T07:53:09Z,HBARUSDT,COOLING,NONE,0.0,0.0,0.0,1.28,0.0,36124.55,36247.2,True,False,0.0,79652.47,0.0191,0.939,0.0781
2026-08-28T07:53:12Z,QAITUSDT,IMPULSE,NONE,0.0,0.0,0.0,54.9,0.0,333.0,5006.0,True,False,0.0,79652.47,0.0191,0.908,0.002007
2026-08-28T07:53:14Z,WUSDT,COOLING,NONE,0.0,0.0,0.0,11.68,0.0,5230.82,3211.4,True,False,0.0,79652.47,0.0191,0.893,0.009418
2026-08-28T07:53:16Z,REDUSDT,COOLING,NONE,0.0,0.0,0.0,10.14,0.0,6453.9,4827.86,True,False,0.0,79652.47,0.0191,1.928,0.10845
2026-08-28T07:54:12Z,XRPUSDT,COOLING,NONE,0.0,0.0,0.0,2.81,0.0,69470.47,97881.96,True,False,0.0,79648.9,-0.0045,0.935,1.4213
2026-08-28T07:54:15Z,HBARUSDT,COOLING,NONE,0.0,0.0,0.0,1.28,0.0,36285.64,40902.59,True,False,0.0,79648.9,-0.0045,0.905,0.07811
2026-08-28T07:54:16Z,QAITUSDT,IMPULSE,NONE,0.0,0.0,0.0,54.9,0.0,333.0,5006.0,True,False,0.0,79648.9,-0.0045,0.97,0.002007
2026-08-28T07:54:18Z,WUSDT,COOLING,NONE,0.0,0.0,0.0,11.68,0.0,5230.82,3211.4,True,False,0.0,79648.9,-0.0045,0.948,0.009416
2026-08-28T07:54:20Z,REDUSDT,COOLING,BUY,0.0,51.64,51.64,22.06,0.0,7346.56,5766.53,True,False,0.0,79648.9,-0.0045,0.934,0.10845
2026-08-28T07:54:51Z,XRPUSDT,COOLING,NONE,0.0,0.0,0.0,2.11,0.0,102522.13,105140.73,True,False,0.0,79630.4,-0.0232,1.018,1.421
2026-08-28T07:54:52Z,HBARUSDT,COOLING,NONE,0.0,0.0,0.0,1.28,0.0,25476.85,27052.4,True,False,0.0,79630.4,-0.0232,0.929,0.07811
2026-08-28T07:54:55Z,QAITUSDT,IMPULSE,NONE,0.0,0.0,0.0,54.9,0.0,333.0,5006.0,True,False,0.0,79630.4,-0.0232,2.016,0.002007
2026-08-28T07:54:57Z,WUSDT,COOLING,NONE,0.0,0.0,0.0,11.68,0.0,7982.47,3211.4,True,False,0.0,79630.4,-0.0232,0.938,0.009414
2026-08-28T07:55:01Z,REDUSDT,COOLING,NONE,0.0,0.0,0.0,22.1,0.0,5924.62,5651.66,True,False,0.0,79630.4,-0.0232,2.054,0.10868
2026-08-28T07:55:34Z,XRPUSDT,COOLING,NONE,0.0,0.0,0.0,1.41,0.0,66954.03,140690.04,True,False,0.0,79600.01,-0.0382,0.976,1.4206
2026-08-28T07:55:35Z,HBARUSDT,COOLING,NONE,0.0,0.0,0.0,1.28,0.0,17776.08,18625.21,True,False,0.0,79600.01,-0.0382,0.965,0.0781
2026-08-28T07:55:38Z,QAITUSDT,IMPULSE,NONE,0.0,0.0,0.0,54.9,0.0,333.0,5006.0,True,False,0.0,79600.01,-0.0382,0.969,0.002007
2026-08-28T07:55:40Z,WUSDT,COOLING,NONE,0.0,0.0,0.0,11.68,0.0,7982.47,3211.4,True,False,0.0,79600.01,-0.0382,0.961,0.009419
2026-08-28T07:55:42Z,REDUSDT,COOLING,NONE,0.0,0.0,0.0,10.14,0.0,5924.62,6074.42,True,False,0.0,79600.01,-0.0382,0.975,0.10845
2026-08-28T07:56:39Z,XRPUSDT,COOLING,NONE,0.0,0.0,0.0,2.11,0.0,77409.91,95393.69,True,False,0.0,79650.0,0.0628,0.953,1.4209
2026-08-28T07:56:40Z,HBARUSDT,COOLING,SELL,55.5,0.0,55.5,1.28,0.0,24361.04,42153.24,True,False,0.0,79650.0,0.0628,0.931,0.07809
2026-08-28T07:56:42Z,QAITUSDT,IMPULSE,NONE,0.0,0.0,0.0,54.9,0.0,333.0,5006.0,True,False,0.0,79650.0,0.0628,0.96,0.002007
2026-08-28T07:56:44Z,WUSDT,COOLING,NONE,0.0,0.0,0.0,9.57,0.0,7974.77,3447.09,True,False,0.0,79650.0,0.0628,0.993,0.00941
2026-08-28T07:56:46Z,REDUSDT,COOLING,NONE,0.0,0.0,0.0,10.14,0.0,5924.62,6074.42,True,False,0.0,79650.0,0.0628,0.923,0.10846
2026-08-28T07:57:17Z,XRPUSDT,COOLING,NONE,0.0,0.0,0.0,1.41,-0.7,80962.21,88650.55,True,False,0.0035,79655.0,0.0063,0.967,1.4206
2026-08-28T07:57:19Z,HBARUSDT,COOLING,SELL,12.9,0.01,12.9,1.28,0.0,45241.21,24958.11,True,False,-0.0128,79655.0,0.0063,0.925,0.0781
2026-08-28T07:57:21Z,QAITUSDT,IMPULSE,NONE,0.0,0.0,0.0,49.93,0.0,333.0,1275.5,True,False,0.0,79655.0,0.0063,0.985,0.002007
2026-08-28T07:57:23Z,WUSDT,COOLING,NONE,0.0,0.0,0.0,9.57,0.0,7974.77,3447.09,True,False,0.0,79655.0,0.0063,0.984,0.009405
2026-08-28T07:57:25Z,REDUSDT,COOLING,NONE,0.0,0.0,0.0,12.92,0.0,5055.43,6111.45,True,False,0.0,79655.0,0.0063,0.971,0.10834
2026-08-28T07:57:55Z,XRPUSDT,COOLING,NONE,0.0,0.0,0.0,2.82,0.0,70681.54,93938.39,True,False,0.0,79647.27,-0.0097,0.935,1.4203
2026-08-28T07:57:56Z,HBARUSDT,COOLING,NONE,0.0,0.0,0.0,1.28,0.0,36366.98,24954.92,True,False,0.0,79647.27,-0.0097,0.956,0.07807
2026-08-28T07:57:59Z,QAITUSDT,IMPULSE,NONE,0.0,0.0,0.0,49.93,0.0,333.0,1275.5,True,False,0.0,79647.27,-0.0097,0.972,0.002007
2026-08-28T07:58:01Z,WUSDT,COOLING,NONE,0.0,0.0,0.0,9.57,0.0,7974.77,3447.09,True,False,0.0,79647.27,-0.0097,0.937,0.009407
2026-08-28T07:58:04Z,REDUSDT,COOLING,NONE,0.0,0.0,0.0,12.92,0.0,5296.57,5905.0,True,False,0.0,79647.27,-0.0097,2.007,0.10834
2026-08-28T07:58:59Z,XRPUSDT,COOLING,NONE,0.0,0.0,0.0,1.41,0.0,52597.36,122970.57,True,False,0.0,79665.37,0.0227,0.932,1.4202
2026-08-28T07:59:02Z,HBARUSDT,COOLING,NONE,0.0,0.0,0.0,1.28,0.0,34254.57,35765.94,True,False,0.0,79665.37,0.0227,0.93,0.07811
2026-08-28T07:59:05Z,QAITUSDT,IMPULSE,NONE,0.0,0.0,0.0,49.93,0.0,333.0,1275.5,True,False,0.0,79665.37,0.0227,1.93,0.002007
2026-08-28T07:59:09Z,WUSDT,COOLING,NONE,0.0,0.0,0.0,9.57,0.0,7974.77,3447.09,True,False,0.0,79665.37,0.0227,2.256,0.009407
2026-08-28T07:59:11Z,REDUSDT,COOLING,NONE,0.0,0.0,0.0,12.92,0.0,5296.57,6070.54,True,False,0.0,79665.37,0.0227,1.915,0.10835
2026-08-28T07:59:43Z,XRPUSDT,COOLING,BUY,0.0,4.93,4.93,2.11,0.7,57841.12,110278.58,True,False,0.0106,79651.27,-0.0177,1.924,1.4199
2026-08-28T07:59:45Z,HBARUSDT,COOLING,SELL,45.46,24.49,45.46,1.28,-0.0,39000.16,44857.6,True,False,0.0256,79651.27,-0.0177,0.995,0.07808
2026-08-28T07:59:47Z,QAITUSDT,IMPULSE,NONE,0.0,0.0,0.0,49.93,0.0,333.0,1001.37,True,False,0.0,79651.27,-0.0177,0.967,0.002007
2026-08-28T07:59:50Z,WUSDT,COOLING,NONE,0.0,0.0,0.0,9.57,0.0,4592.25,3447.09,True,False,0.0,79651.27,-0.0177,0.954,0.009406
2026-08-28T07:59:52Z,REDUSDT,COOLING,NONE,0.0,0.0,0.0,12.92,0.0,5296.57,5904.82,True,False,0.0,79651.27,-0.0177,0.906,0.10835
2026-08-28T08:00:21Z,XRPUSDT,COOLING,NONE,0.0,0.0,0.0,2.82,0.0,52744.05,77141.52,True,False,0.0,79685.83,0.0434,1.013,1.4209
2026-08-28T08:00:23Z,HBARUSDT,COOLING,NONE,0.0,0.0,0.0,1.28,0.0,16488.05,24991.69,True,False,0.0,79685.83,0.0434,1.29,0.07808
2026-08-28T08:00:27Z,QAITUSDT,IMPULSE,NONE,0.0,0.0,0.0,49.93,0.0,333.0,1001.37,True,False,0.0,79685.83,0.0434,0.995,0.002007
2026-08-28T08:00:30Z,WUSDT,COOLING,NONE,0.0,0.0,0.0,7.43,0.0,7163.26,3211.4,True,False,0.0,79685.83,0.0434,2.015,0.00942
2026-08-28T08:00:34Z,REDUSDT,COOLING,NONE,0.0,0.0,0.0,11.96,0.0,6657.35,4975.76,True,False,0.0,79685.83,0.0434,1.015,0.10835
2026-08-28T08:01:39Z,XRPUSDT,COOLING,NONE,0.0,0.0,0.0,2.11,-0.7,60986.58,113206.96,True,False,0.0035,79683.5,-0.0029,0.995,1.4209
2026-08-28T08:01:41Z,HBARUSDT,COOLING,NONE,0.0,0.0,0.0,1.28,0.0,15386.01,19790.45,True,False,0.0,79683.5,-0.0029,0.967,0.07827
2026-08-28T08:01:43Z,QAITUSDT,IMPULSE,NONE,0.0,0.0,0.0,49.93,0.0,333.0,1001.37,True,False,0.0,79683.5,-0.0029,1.13,0.002007
2026-08-28T08:01:45Z,WUSDT,COOLING,NONE,0.0,0.0,0.0,11.68,0.0,8680.12,3211.4,True,False,0.0,79683.5,-0.0029,0.975,0.009419
2026-08-28T08:01:47Z,REDUSDT,COOLING,NONE,0.0,0.0,0.0,10.14,0.0,6714.18,4872.02,True,False,0.0,79683.5,-0.0029,0.968,0.10872
2026-08-28T08:02:15Z,XRPUSDT,COOLING,SELL,9.48,0.0,9.48,1.41,-0.7,54846.38,72864.23,True,False,0.0035,79695.78,0.0154,0.978,1.4211
2026-08-28T08:02:17Z,HBARUSDT,COOLING,NONE,0.0,0.0,0.0,1.28,0.0,18774.0,20795.89,True,False,0.0,79695.78,0.0154,0.953,0.07827
2026-08-28T08:02:19Z,QAITUSDT,IMPULSE,NONE,0.0,0.0,0.0,49.93,0.0,333.0,1001.37,True,False,0.0,79695.78,0.0154,0.986,0.002007
2026-08-28T08:02:21Z,WUSDT,COOLING,NONE,0.0,0.0,0.0,11.68,0.0,8680.12,3211.4,True,False,0.0,79695.78,0.0154,0.901,0.009414
2026-08-28T08:02:23Z,REDUSDT,COOLING,NONE,0.0,0.0,0.0,11.98,0.0,6766.12,7471.24,True,False,0.0,79695.78,0.0154,0.993,0.10849
2026-08-28T08:02:55Z,XRPUSDT,COOLING,BUY,0.0,7.07,7.07,0.7,-0.7,52994.6,72759.94,True,False,0.0035,79715.0,0.0241,1.398,1.4219
2026-08-28T08:02:56Z,HBARUSDT,COOLING,NONE,0.0,0.0,0.0,1.28,0.0,15177.62,32915.8,True,False,0.0,79715.0,0.0241,1.007,0.07821
2026-08-28T08:02:58Z,QAITUSDT,IMPULSE,NONE,0.0,0.0,0.0,49.93,0.0,333.0,1001.37,True,False,0.0,79715.0,0.0241,0.905,0.002007
2026-08-28T08:03:00Z,WUSDT,COOLING,NONE,0.0,0.0,0.0,19.1,0.0,13360.23,3163.03,True,False,0.0,79715.0,0.0241,0.915,0.009417
2026-08-28T08:03:02Z,REDUSDT,COOLING,NONE,0.0,0.0,0.0,10.14,0.0,6291.57,7787.06,True,False,0.0,79715.0,0.0241,0.913,0.10849
2026-08-28T08:03:56Z,XRPUSDT,COOLING,NONE,0.0,0.0,0.0,2.11,-0.7,47716.08,117139.59,True,False,0.0035,79819.99,0.1317,1.451,1.4244
2026-08-28T08:03:58Z,HBARUSDT,COOLING,NONE,0.0,0.0,0.0,1.28,0.0,25191.15,20913.97,True,False,0.0,79819.99,0.1317,0.995,0.07829
2026-08-28T08:04:00Z,QAITUSDT,IMPULSE,NONE,0.0,0.0,0.0,49.93,0.0,333.0,1001.37,True,False,0.0,79819.99,0.1317,0.947,0.002007
2026-08-28T08:04:03Z,WUSDT,COOLING,NONE,0.0,0.0,0.0,9.54,0.0,9587.55,3163.03,True,False,0.0,79819.99,0.1317,0.953,0.009436
2026-08-28T08:04:06Z,REDUSDT,COOLING,NONE,0.0,0.0,0.0,11.98,0.0,7420.74,7756.29,True,False,0.0,79819.99,0.1317,0.989,0.10852
2026-08-28T08:04:36Z,XRPUSDT,COOLING,SELL,11.17,0.0,11.17,1.41,-0.7,55771.83,123976.3,True,False,-0.0035,79779.14,-0.0512,1.02,1.4231
2026-08-28T08:04:38Z,HBARUSDT,COOLING,NONE,0.0,0.0,0.0,1.28,0.0,16690.5,30598.05,True,False,0.0,79779.14,-0.0512,1.003,0.07829
2026-08-28T08:04:39Z,QAITUSDT,IMPULSE,NONE,0.0,0.0,0.0,49.93,0.0,333.0,1275.5,True,False,0.0,79779.14,-0.0512,0.979,0.002007
2026-08-28T08:04:43Z,WUSDT,COOLING,NONE,0.0,0.0,0.0,8.5,0.0,7790.41,3163.03,True,False,0.0,79779.14,-0.0512,2.364,0.009428
2026-08-28T08:04:46Z,REDUSDT,COOLING,NONE,0.0,0.0,0.0,20.27,0.0,6291.57,5953.92,True,False,0.0,79779.14,-0.0512,0.939,0.10855
2026-08-28T08:05:14Z,XRPUSDT,COOLING,NONE,0.0,0.0,0.0,2.11,-0.7,51188.9,106042.58,True,False,-0.0035,79765.01,-0.0177,0.974,1.4221
2026-08-28T08:05:17Z,HBARUSDT,COOLING,NONE,0.0,0.0,0.0,1.28,-1.28,30090.07,14784.22,True,False,0.0064,79765.01,-0.0177,1.007,0.07829
2026-08-28T08:05:19Z,QAITUSDT,IMPULSE,NONE,0.0,0.0,0.0,49.93,0.0,333.0,5006.0,True,False,0.0,79765.01,-0.0177,1.026,0.002007
2026-08-28T08:05:21Z,WUSDT,COOLING,NONE,0.0,0.0,0.0,11.68,0.0,7790.41,3163.03,True,False,0.0,79765.01,-0.0177,0.999,0.009419
2026-08-28T08:05:24Z,REDUSDT,COOLING,NONE,0.0,0.0,0.0,22.06,0.0,6178.71,6663.47,True,False,0.0,79765.01,-0.0177,1.0,0.10849
2026-08-28T08:06:22Z,XRPUSDT,COOLING,NONE,0.0,0.0,0.0,1.41,0.0,78944.17,63934.99,True,False,0.0,79725.72,-0.0493,1.002,1.4211
2026-08-28T08:06:25Z,HBARUSDT,COOLING,NONE,0.0,0.0,0.0,1.28,0.0,34075.88,12851.74,True,False,0.0,79725.72,-0.0493,1.104,0.07814
2026-08-28T08:06:27Z,QAITUSDT,IMPULSE,NONE,0.0,0.0,0.0,49.93,0.0,333.0,1275.5,True,False,0.0,79725.72,-0.0493,0.984,0.002007
2026-08-28T08:06:29Z,WUSDT,COOLING,NONE,0.0,0.0,0.0,10.63,0.0,8089.34,3447.09,True,False,0.0,79725.72,-0.0493,0.979,0.009406
2026-08-28T08:06:31Z,REDUSDT,COOLING,BUY,0.0,25.98,25.98,22.06,10.11,3016.67,7358.43,True,False,0.0506,79725.72,-0.0493,1.026,0.10868
2026-08-28T08:07:03Z,XRPUSDT,COOLING,BUY,12.95,25.61,25.61,2.81,0.7,79786.43,97893.29,True,False,-0.0105,79746.05,0.0255,0.909,1.4216
2026-08-28T08:07:05Z,HBARUSDT,COOLING,NONE,0.0,0.0,0.0,1.28,0.0,18289.84,22261.2,True,False,0.0,79746.05,0.0255,0.966,0.07809
2026-08-28T08:07:07Z,QAITUSDT,IMPULSE,NONE,0.0,0.0,0.0,49.93,0.0,333.0,1275.5,True,False,0.0,79746.05,0.0255,0.909,0.002007
2026-08-28T08:07:09Z,WUSDT,COOLING,NONE,0.0,0.0,0.0,9.56,0.0,13435.08,3163.03,True,False,0.0,79746.05,0.0255,1.019,0.009414
2026-08-28T08:07:10Z,REDUSDT,COOLING,NONE,0.0,0.0,0.0,22.06,0.0,7149.57,7225.12,True,False,0.0,79746.05,0.0255,0.933,0.1087
2026-08-28T08:07:39Z,XRPUSDT,COOLING,SELL,55.26,0.12,55.26,3.52,0.7,109796.95,96104.05,True,False,0.0035,79753.61,0.0095,0.949,1.4214
2026-08-28T08:07:41Z,HBARUSDT,COOLING,SELL,31.89,0.0,31.89,1.28,0.0,29436.14,16951.88,True,False,0.0,79753.61,0.0095,0.916,0.07813
2026-08-28T08:07:43Z,QAITUSDT,IMPULSE,NONE,0.0,0.0,0.0,49.93,0.0,333.0,1275.5,True,False,0.0,79753.61,0.0095,0.935,0.002007
2026-08-28T08:07:45Z,WUSDT,COOLING,NONE,0.0,0.0,0.0,11.68,0.0,13435.08,3163.03,True,False,0.0,79753.61,0.0095,0.921,0.009414
2026-08-28T08:07:46Z,REDUSDT,COOLING,BUY,0.0,2.11,2.11,22.1,0.0,5889.09,8215.49,True,False,0.0,79753.61,0.0095,0.913,0.10867
2026-08-28T08:08:37Z,XRPUSDT,COOLING,NONE,0.0,0.0,0.0,2.81,0.7,89580.21,88332.6,True,False,0.0035,79775.49,0.0274,0.956,1.422
2026-08-28T08:08:39Z,HBARUSDT,COOLING,BUY,0.0,42.97,42.97,1.28,0.0,31957.16,21721.63,True,False,0.0,79775.49,0.0274,0.901,0.07814
2026-08-28T08:08:42Z,QAITUSDT,IMPULSE,NONE,0.0,0.0,0.0,49.93,0.0,333.0,1275.5,True,False,0.0,79775.49,0.0274,1.952,0.002007
2026-08-28T08:08:44Z,WUSDT,COOLING,NONE,0.0,0.0,0.0,19.13,0.0,13422.12,3092.96,True,False,0.0,79775.49,0.0274,0.994,0.009412
2026-08-28T08:08:46Z,REDUSDT,COOLING,NONE,0.0,0.0,0.0,10.14,0.0,5743.05,5762.45,True,False,0.0,79775.49,0.0274,0.921,0.10868
2026-08-28T08:09:16Z,XRPUSDT,COOLING,BUY,0.0,22.35,22.35,2.11,-0.7,60306.42,63574.15,True,False,-0.0035,79786.45,0.0137,1.037,1.4219
2026-08-28T08:09:20Z,HBARUSDT,COOLING,NONE,0.0,0.0,0.0,1.28,0.0,35978.56,15846.43,True,False,0.0,79786.45,0.0137,1.966,0.07811
2026-08-28T08:09:22Z,QAITUSDT,IMPULSE,NONE,0.0,0.0,0.0,49.93,0.0,333.0,1275.5,True,False,0.0,79786.45,0.0137,0.959,0.002007
2026-08-28T08:09:24Z,WUSDT,COOLING,NONE,0.0,0.0,0.0,7.44,0.0,13435.08,3092.96,True,False,0.0,79786.45,0.0137,0.978,0.00941
2026-08-28T08:09:26Z,REDUSDT,COOLING,NONE,0.0,0.0,0.0,10.14,0.0,5743.05,5762.45,True,False,0.0,79786.45,0.0137,0.927,0.10849
2026-08-28T08:09:57Z,XRPUSDT,COOLING,NONE,0.0,0.0,0.0,2.11,0.0,54890.02,91203.19,True,False,0.0,79806.47,0.0251,0.961,1.4226
2026-08-28T08:09:59Z,HBARUSDT,COOLING,NONE,0.0,0.0,0.0,1.28,0.0,19668.01,37530.62,True,False,0.0,79806.47,0.0251,1.004,0.0781
2026-08-28T08:10:01Z,QAITUSDT,IMPULSE,NONE,0.0,0.0,0.0,49.93,0.0,333.0,1275.5,True,False,0.0,79806.47,0.0251,0.977,0.002007
2026-08-28T08:10:03Z,WUSDT,COOLING,NONE,0.0,0.0,0.0,11.68,0.0,13435.08,3092.96,True,False,0.0,79806.47,0.0251,0.918,0.009416
2026-08-28T08:10:05Z,REDUSDT,COOLING,NONE,0.0,0.0,0.0,10.14,0.0,5743.05,5762.45,True,False,0.0,79806.47,0.0251,0.932,0.10848
2026-08-28T08:11:03Z,XRPUSDT,COOLING,NONE,0.0,0.0,0.0,1.41,0.0,70573.03,132657.26,True,False,0.0,79818.11,0.0146,0.916,1.4228
2026-08-28T08:11:07Z,HBARUSDT,COOLING,NONE,0.0,0.0,0.0,1.28,0.0,22093.22,22949.93,True,False,0.0,79818.11,0.0146,1.915,0.07816
2026-08-28T08:11:09Z,QAITUSDT,IMPULSE,NONE,0.0,0.0,0.0,49.93,0.0,333.0,1275.5,True,False,0.0,79818.11,0.0146,0.986,0.002007
2026-08-28T08:11:11Z,WUSDT,COOLING,NONE,0.0,0.0,0.0,12.73,0.0,10061.13,2996.59,True,False,0.0,79818.11,0.0146,0.91,0.009425
2026-08-28T08:11:13Z,REDUSDT,COOLING,NONE,0.0,0.0,0.0,23.07,0.0,7253.71,5762.45,True,False,0.0,79818.11,0.0146,0.977,0.10849
2026-08-28T08:11:44Z,XRPUSDT,COOLING,NONE,0.0,0.0,0.0,2.11,0.0,89842.58,98889.89,True,False,0.0,79790.0,-0.0352,0.971,1.4219
2026-08-28T08:11:47Z,HBARUSDT,COOLING,NONE,0.0,0.0,0.0,2.56,1.28,28630.05,19140.84,True,False,-0.0192,79790.0,-0.0352,1.434,0.07811
2026-08-28T08:11:50Z,QAITUSDT,IMPULSE,NONE,0.0,0.0,0.0,49.93,0.0,333.0,1275.5,True,False,0.0,79790.0,-0.0352,1.377,0.002007
2026-08-28T08:11:53Z,WUSDT,COOLING,NONE,0.0,0.0,0.0,12.75,0.0,10050.35,3046.85,True,False,0.0,79790.0,-0.0352,1.978,0.009417
2026-08-28T08:11:55Z,REDUSDT,COOLING,NONE,0.0,0.0,0.0,23.07,12.92,4898.23,5762.45,True,False,-0.0645,79790.0,-0.0352,0.967,0.10839
2026-08-28T08:12:28Z,XRPUSDT,COOLING,NONE,0.0,0.0,0.0,2.81,0.7,55022.8,117602.86,True,False,-0.0035,79790.01,0.0,1.01,1.4221
2026-08-28T08:12:30Z,HBARUSDT,COOLING,NONE,0.0,0.0,0.0,1.28,0.0,24347.55,36941.15,True,False,0.0,79790.01,0.0,1.023,0.07811
2026-08-28T08:12:31Z,QAITUSDT,IMPULSE,NONE,0.0,0.0,0.0,49.93,0.0,333.0,1275.5,True,False,0.0,79790.01,0.0,1.158,0.002007
2026-08-28T08:12:33Z,WUSDT,COOLING,NONE,0.0,0.0,0.0,11.68,-1.06,8021.87,3451.09,True,False,-0.0053,79790.01,0.0,0.985,0.009418
2026-08-28T08:12:35Z,REDUSDT,COOLING,NONE,0.0,0.0,0.0,10.14,0.0,5761.35,5762.45,True,False,0.0,79790.01,0.0,0.912,0.10847
2026-08-28T08:13:29Z,XRPUSDT,COOLING,NONE,0.0,0.0,0.0,2.81,1.41,38913.75,75234.6,True,False,-0.007,79760.45,-0.037,0.986,1.4219
2026-08-28T08:13:32Z,HBARUSDT,COOLING,NONE,0.0,0.0,0.0,1.28,0.0,26165.32,31196.76,True,False,0.0,79760.45,-0.037,2.079,0.07809
2026-08-28T08:13:33Z,QAITUSDT,IMPULSE,NONE,0.0,0.0,0.0,49.93,0.0,333.0,1275.5,True,False,0.0,79760.45,-0.037,0.97,0.002007
2026-08-28T08:13:35Z,WUSDT,COOLING,NONE,0.0,0.0,0.0,11.68,0.0,8021.87,3321.1,True,False,0.0,79760.45,-0.037,0.984,0.009416
2026-08-28T08:13:38Z,REDUSDT,COOLING,NONE,0.0,0.0,0.0,12.92,0.0,5262.28,6525.16,True,False,0.0,79760.45,-0.037,0.919,0.10836
2026-08-28T08:14:09Z,XRPUSDT,COOLING,NONE,0.0,0.0,0.0,2.11,0.0,38985.49,46852.57,True,False,0.0,79732.24,-0.0354,0.979,1.4213
2026-08-28T08:14:11Z,HBARUSDT,COOLING,NONE,0.0,0.0,0.0,1.28,0.0,37595.34,38409.92,True,False,0.0,79732.24,-0.0354,0.93,0.0781
2026-08-28T08:14:13Z,QAITUSDT,IMPULSE,NONE,0.0,0.0,0.0,49.93,0.0,333.0,1275.5,True,False,0.0,79732.24,-0.0354,0.935,0.002007
2026-08-28T08:14:14Z,WUSDT,COOLING,NONE,0.0,0.0,0.0,9.57,0.0,9270.06,3447.09,True,False,0.0,79732.24,-0.0354,0.993,0.009408
2026-08-28T08:14:16Z,REDUSDT,COOLING,NONE,0.0,0.0,0.0,12.92,0.0,5262.28,6525.16,True,False,0.0,79732.24,-0.0354,0.903,0.10836
2026-08-28T08:14:48Z,XRPUSDT,COOLING,NONE,0.0,0.0,0.0,2.11,0.7,69724.17,73384.67,True,False,0.0035,79730.98,-0.0016,1.969,1.4212
2026-08-28T08:14:50Z,HBARUSDT,COOLING,BUY,0.0,43.1,43.1,2.56,1.28,21205.92,27519.41,True,False,-0.0064,79730.98,-0.0016,1.012,0.0781
2026-08-28T08:14:52Z,QAITUSDT,IMPULSE,NONE,0.0,0.0,0.0,49.93,0.0,333.0,1275.5,True,False,0.0,79730.98,-0.0016,1.087,0.002007
2026-08-28T08:14:54Z,WUSDT,COOLING,NONE,0.0,0.0,0.0,10.63,0.0,9270.06,3447.09,True,False,0.0,79730.98,-0.0016,0.94,0.009408
2026-08-28T08:14:56Z,REDUSDT,COOLING,NONE,0.0,0.0,0.0,12.92,0.0,5262.28,5688.63,True,False,0.0,79730.98,-0.0016,0.947,0.10832
2026-08-28T08:15:50Z,XRPUSDT,COOLING,BUY,0.0,0.77,0.77,2.81,0.7,37304.38,67134.58,True,False,-0.0035,79735.98,0.0063,0.969,1.4226
2026-08-28T08:15:53Z,HBARUSDT,COOLING,NONE,0.0,0.0,0.0,1.28,0.0,34918.86,38762.21,True,False,0.0,79735.98,0.0063,1.958,0.07808
2026-08-28T08:15:57Z,QAITUSDT,IMPULSE,NONE,0.0,0.0,0.0,49.93,0.0,333.0,1275.5,True,False,0.0,79735.98,0.0063,1.917,0.002007
2026-08-28T08:15:58Z,WUSDT,COOLING,NONE,0.0,0.0,0.0,9.57,0.0,8014.13,3321.1,True,False,0.0,79735.98,0.0063,0.914,0.009405
2026-08-28T08:16:01Z,REDUSDT,COOLING,NONE,0.0,0.0,0.0,20.32,6.46,5262.28,6098.16,True,False,0.0323,79735.98,0.0063,1.95,0.10831
2026-08-28T08:16:36Z,XRPUSDT,COOLING,SELL,26.0,20.23,26.0,2.11,-0.7,73591.82,78867.03,True,False,0.0527,79753.46,0.0219,2.144,1.4225
2026-08-28T08:16:38Z,HBARUSDT,COOLING,SELL,8.12,0.0,8.12,1.28,0.0,17306.32,33798.91,True,False,0.0,79753.46,0.0219,0.943,0.07808
2026-08-28T08:16:40Z,QAITUSDT,IMPULSE,NONE,0.0,0.0,0.0,49.93,0.0,333.0,1275.5,True,False,0.0,79753.46,0.0219,0.959,0.002007
2026-08-28T08:16:42Z,WUSDT,COOLING,NONE,0.0,0.0,0.0,12.74,0.0,9279.01,3321.1,True,False,0.0,79753.46,0.0219,0.942,0.009406
2026-08-28T08:16:44Z,REDUSDT,COOLING,NONE,0.0,0.0,0.0,20.27,0.0,8932.4,5359.45,True,False,0.0,79753.46,0.0219,1.118,0.10827
2026-08-28T08:17:17Z,XRPUSDT,COOLING,BUY,32.08,44.9,44.9,3.51,2.81,60072.46,100702.47,True,False,-0.0211,79790.0,0.0458,0.977,1.4235
2026-08-28T08:17:19Z,HBARUSDT,COOLING,NONE,0.0,0.0,0.0,1.28,0.0,20916.86,15331.64,True,False,0.0,79790.0,0.0458,0.973,0.07814
2026-08-28T08:17:22Z,QAITUSDT,IMPULSE,NONE,0.0,0.0,0.0,49.93,0.0,338.19,5006.0,True,False,0.0,79790.0,0.0458,0.977,0.002007
2026-08-28T08:17:24Z,WUSDT,COOLING,NONE,0.0,0.0,0.0,9.57,0.0,9270.06,3447.09,True,False,0.0,79790.0,0.0458,1.004,0.009412
2026-08-28T08:17:25Z,REDUSDT,COOLING,NONE,0.0,0.0,0.0,12.92,0.0,3931.73,5256.84,True,False,0.0,79790.0,0.0458,0.987,0.10846
2026-08-28T08:18:22Z,XRPUSDT,COOLING,NONE,0.0,0.0,0.0,1.4,-0.7,28451.08,72591.78,True,False,0.0035,79804.99,0.0188,1.943,1.4237
2026-08-28T08:18:23Z,HBARUSDT,COOLING,NONE,0.0,0.0,0.0,1.28,0.0,11776.96,35105.82,True,False,0.0,79804.99,0.0188,0.905,0.07816
2026-08-28T08:18:26Z,QAITUSDT,IMPULSE,NONE,0.0,0.0,0.0,49.93,0.0,338.19,5006.0,True,False,0.0,79804.99,0.0188,0.913,0.002007
2026-08-28T08:18:28Z,WUSDT,COOLING,NONE,0.0,0.0,0.0,8.5,0.0,7688.42,3451.09,True,False,0.0,79804.99,0.0188,0.906,0.009415
2026-08-28T08:18:30Z,REDUSDT,COOLING,NONE,0.0,0.0,0.0,10.14,0.0,9466.14,4940.08,True,False,0.0,79804.99,0.0188,0.962,0.10853
2026-08-28T08:19:00Z,XRPUSDT,COOLING,SELL,7.3,0.0,7.3,2.11,0.0,56696.13,72557.79,True,False,-0.014,79808.38,0.0042,1.227,1.4236
2026-08-28T08:19:02Z,HBARUSDT,COOLING,BUY,0.49,37.94,37.94,1.28,0.0,25210.21,29295.15,True,False,0.0,79808.38,0.0042,0.967,0.07817
2026-08-28T08:19:06Z,QAITUSDT,IMPULSE,NONE,0.0,0.0,0.0,191.05,-117.42,338.19,5006.0,True,False,0.5815,79808.38,0.0042,0.944,0.001968
2026-08-28T08:19:08Z,WUSDT,COOLING,NONE,0.0,0.0,0.0,10.63,0.0,8014.56,3447.09,True,False,0.0,79808.38,0.0042,0.99,0.009408
2026-08-28T08:19:12Z,REDUSDT,COOLING,SELL,22.18,8.33,22.18,23.07,2.75,7827.89,5698.81,True,False,0.0877,79808.38,0.0042,1.954,0.10848
2026-08-28T08:19:41Z,XRPUSDT,COOLING,NONE,0.0,0.0,0.0,2.81,0.0,41258.32,94157.6,True,False,0.0,79816.86,0.0106,0.895,1.4239
2026-08-28T08:19:43Z,HBARUSDT,COOLING,NONE,0.0,0.0,0.0,1.28,0.0,17906.64,40647.77,True,False,0.0,79816.86,0.0106,0.956,0.07817
2026-08-28T08:19:46Z,QAITUSDT,IMPULSE,NONE,0.0,0.0,0.0,70.04,0.0,338.19,5006.0,True,False,0.0,79816.86,0.0106,0.965,0.001968
2026-08-28T08:19:47Z,WUSDT,COOLING,NONE,0.0,0.0,0.0,11.68,0.0,8022.3,3321.1,True,False,0.0,79816.86,0.0106,0.935,0.009415
2026-08-28T08:19:49Z,REDUSDT,COOLING,NONE,0.0,0.0,0.0,10.14,0.0,6656.35,5425.9,True,False,0.0,79816.86,0.0106,0.904,0.10843
2026-08-28T08:20:47Z,XRPUSDT,COOLING,NONE,0.0,0.0,0.0,1.41,-1.41,33536.18,36687.91,True,False,-0.007,79819.98,0.0039,1.043,1.4236
2026-08-28T08:20:50Z,HBARUSDT,COOLING,NONE,0.0,0.0,0.0,1.28,0.0,21842.67,13358.95,True,False,0.0,79819.98,0.0039,0.982,0.07819
2026-08-28T08:20:53Z,QAITUSDT,IMPULSE,NONE,0.0,0.0,0.0,70.04,0.0,338.19,5006.0,True,False,0.0,79819.98,0.0039,1.414,0.001968
2026-08-28T08:20:56Z,WUSDT,COOLING,NONE,0.0,0.0,0.0,10.63,0.0,8014.56,3321.1,True,False,0.0,79819.98,0.0039,0.944,0.009418
2026-08-28T08:20:58Z,REDUSDT,COOLING,NONE,0.0,0.0,0.0,12.92,0.0,5745.33,5761.53,True,False,0.0,79819.98,0.0039,0.939,0.10836
2026-08-28T08:21:32Z,XRPUSDT,COOLING,NONE,0.0,0.0,0.0,1.4,0.0,51305.2,91418.37,True,False,0.0,79819.97,-0.0,0.932,1.4241
2026-08-28T08:21:33Z,HBARUSDT,COOLING,NONE,0.0,0.0,0.0,1.28,0.0,24627.46,42366.37,True,False,0.0,79819.97,-0.0,0.922,0.07818
2026-08-28T08:21:35Z,QAITUSDT,IMPULSE,NONE,0.0,0.0,0.0,70.04,0.0,338.19,5006.0,True,False,0.0,79819.97,-0.0,0.926,0.001968
2026-08-28T08:21:37Z,WUSDT,COOLING,NONE,0.0,0.0,0.0,10.63,0.0,8014.56,3321.1,True,False,0.0,79819.97,-0.0,0.956,0.009406
2026-08-28T08:21:39Z,REDUSDT,COOLING,NONE,0.0,0.0,0.0,12.92,0.0,6097.41,5761.53,True,False,0.0,79819.97,-0.0,1.231,0.10833
2026-08-28T08:22:08Z,XRPUSDT,COOLING,NONE,0.0,0.0,0.0,2.81,0.0,25302.43,113366.37,True,False,0.0,79811.0,-0.0112,0.937,1.4232
2026-08-28T08:22:10Z,HBARUSDT,COOLING,NONE,0.0,0.0,0.0,1.28,0.0,38946.79,17959.65,True,False,0.0,79811.0,-0.0112,0.986,0.0782
2026-08-28T08:22:11Z,QAITUSDT,IMPULSE,NONE,0.0,0.0,0.0,70.04,0.0,338.19,5006.0,True,False,0.0,79811.0,-0.0112,0.985,0.001968
2026-08-28T08:22:13Z,WUSDT,COOLING,NONE,0.0,0.0,0.0,10.63,0.0,8014.56,3321.1,True,False,0.0,79811.0,-0.0112,0.929,0.009407
2026-08-28T08:22:15Z,REDUSDT,COOLING,NONE,0.0,0.0,0.0,20.32,0.0,7827.89,5761.53,True,False,0.0,79811.0,-0.0112,0.94,0.10832
2026-08-28T08:23:07Z,XRPUSDT,COOLING,NONE,0.0,0.0,0.0,2.11,0.0,40896.33,68469.29,True,False,0.0,79790.94,-0.0251,0.862,1.4235
2026-08-28T08:23:10Z,HBARUSDT,COOLING,NONE,0.0,0.0,0.0,1.28,0.0,24979.46,13846.25,True,False,0.0,79790.94,-0.0251,1.053,0.07816
2026-08-28T08:23:12Z,QAITUSDT,IMPULSE,NONE,0.0,0.0,0.0,70.04,0.0,338.19,5006.0,True,False,0.0,79790.94,-0.0251,1.048,0.001968
2026-08-28T08:23:15Z,WUSDT,COOLING,NONE,0.0,0.0,0.0,10.63,0.0,8089.77,3447.09,True,False,0.0,79790.94,-0.0251,0.977,0.009407
2026-08-28T08:23:57Z,REDUSDT,COOLING,NONE,0.0,0.0,0.0,20.32,0.0,5745.33,5257.14,True,False,0.0,79790.94,-0.0251,1.382,0.10829
2026-08-28T08:25:49Z,XRPUSDT,COOLING,SELL,3.43,0.0,3.43,1.4,0.0,44341.67,81185.34,True,False,0.0,79778.81,-0.0152,0.983,1.4244
2026-08-28T08:26:32Z,HBARUSDT,COOLING,SELL,14.91,0.0,14.91,1.28,0.0,18921.53,39641.73,True,False,0.0,79778.81,-0.0152,1.849,0.07819
2026-08-28T08:26:34Z,QAITUSDT,IMPULSE,NONE,0.0,0.0,0.0,70.04,0.0,339.29,5006.0,True,False,0.0,79778.81,-0.0152,0.952,0.001968
2026-08-28T08:26:36Z,WUSDT,COOLING,NONE,0.0,0.0,0.0,10.63,0.0,8089.77,3447.09,True,False,0.0,79778.81,-0.0152,0.929,0.009409
2026-08-28T08:26:37Z,REDUSDT,COOLING,NONE,0.0,0.0,0.0,12.92,0.0,5787.78,7812.13,True,False,0.0,79778.81,-0.0152,0.927,0.10848
2026-08-28T08:27:48Z,XRPUSDT,COOLING,NONE,0.0,0.0,0.0,2.11,0.0,103098.91,158222.34,True,False,0.0,79779.5,0.0009,0.99,1.425
2026-08-28T08:27:50Z,HBARUSDT,COOLING,NONE,0.0,0.0,0.0,1.28,0.0,14501.67,38672.36,True,False,0.0,79779.5,0.0009,0.958,0.07819
2026-08-28T08:27:52Z,QAITUSDT,IMPULSE,NONE,0.0,0.0,0.0,181.09,0.0,339.29,5006.0,True,False,0.0,79779.5,0.0009,1.192,0.001992
2026-08-28T08:27:54Z,WUSDT,COOLING,NONE,0.0,0.0,0.0,10.63,0.0,8089.77,3447.09,True,False,0.0,79779.5,0.0009,0.959,0.009405
2026-08-28T08:27:57Z,REDUSDT,COOLING,NONE,0.0,0.0,0.0,12.92,0.0,5787.78,6038.97,True,False,0.0,79779.5,0.0009,1.968,0.10843
2026-08-28T08:29:40Z,XRPUSDT,COOLING,NONE,0.0,0.0,0.0,2.81,0.7,37678.64,101939.46,True,False,-0.0035,79784.66,0.0065,2.202,1.4244
2026-08-28T08:29:42Z,HBARUSDT,COOLING,NONE,0.0,0.0,0.0,1.28,0.0,40460.43,27816.92,True,False,0.0,79784.66,0.0065,1.008,0.07824
2026-08-28T08:29:44Z,QAITUSDT,IMPULSE,NONE,0.0,0.0,0.0,70.25,0.0,339.29,5006.0,True,False,0.0,79784.66,0.0065,1.061,0.001992
2026-08-28T08:29:46Z,WUSDT,COOLING,NONE,0.0,0.0,0.0,10.63,0.0,8089.77,3447.09,True,False,0.0,79784.66,0.0065,1.007,0.009409
2026-08-28T08:29:48Z,REDUSDT,COOLING,NONE,0.0,0.0,0.0,12.92,0.0,5787.78,6038.97,True,False,0.0,79784.66,0.0065,1.219,0.10832
2026-08-28T08:31:00Z,XRPUSDT,COOLING,NONE,0.0,0.0,0.0,1.4,-0.7,153747.98,85530.31,True,False,-0.0035,79784.66,0.0,1.041,1.4249
2026-08-28T08:31:02Z,HBARUSDT,COOLING,NONE,0.0,0.0,0.0,1.28,0.0,38448.5,16481.37,True,False,0.0,79784.66,0.0,0.88,0.0782
2026-08-28T08:31:05Z,QAITUSDT,IMPULSE,NONE,0.0,0.0,0.0,70.25,0.0,339.29,5006.0,True,False,0.0,79784.66,0.0,1.372,0.001992
2026-08-28T08:31:07Z,WUSDT,COOLING,NONE,0.0,0.0,0.0,8.51,0.0,7786.25,3728.52,True,False,0.0,79784.66,0.0,1.0,0.009398
2026-08-28T08:31:09Z,REDUSDT,COOLING,NONE,0.0,0.0,0.0,23.07,0.0,7023.44,5565.27,True,False,0.0,79784.66,0.0,1.057,0.1085
2026-08-28T08:33:01Z,XRPUSDT,COOLING,NONE,0.0,0.0,0.0,0.7,0.0,60891.26,96272.9,True,False,0.0,79784.66,0.0,1.887,1.4256
2026-08-28T08:33:03Z,HBARUSDT,COOLING,BUY,4.11,11.52,11.52,1.28,0.0,36435.11,20654.09,True,False,-0.0128,79784.66,0.0,1.084,0.07825
2026-08-28T08:33:05Z,QAITUSDT,IMPULSE,NONE,0.0,0.0,0.0,70.25,0.0,339.29,5006.0,True,False,0.0,79784.66,0.0,1.229,0.001992
2026-08-28T08:33:07Z,WUSDT,COOLING,NONE,0.0,0.0,0.0,8.51,0.0,9265.86,3722.52,True,False,0.0,79784.66,0.0,1.167,0.009397
2026-08-28T08:33:10Z,REDUSDT,COOLING,NONE,0.0,0.0,0.0,20.32,0.0,6422.5,5201.4,True,False,0.0,79784.66,0.0,1.015,0.10835
2026-08-28T08:34:05Z,XRPUSDT,COOLING,NONE,0.0,0.0,0.0,0.7,-1.4,59606.47,116487.51,True,False,-0.007,79774.67,-0.0125,2.284,1.426
2026-08-28T08:34:07Z,HBARUSDT,COOLING,NONE,0.0,0.0,0.0,1.28,0.0,32676.69,26150.31,True,False,0.0,79774.67,-0.0125,0.901,0.07828
2026-08-28T08:34:08Z,QAITUSDT,IMPULSE,NONE,0.0,0.0,0.0,70.25,0.0,339.29,5006.0,True,False,0.0,79774.67,-0.0125,0.95,0.001992
2026-08-28T08:34:10Z,WUSDT,COOLING,NONE,0.0,0.0,0.0,12.77,0.0,9265.86,3722.52,True,False,0.0,79774.67,-0.0125,0.938,0.009397
2026-08-28T08:34:12Z,REDUSDT,COOLING,NONE,0.0,0.0,0.0,10.18,0.0,5434.17,6232.86,True,False,0.0,79774.67,-0.0125,1.019,0.10827
2026-08-28T08:34:43Z,XRPUSDT,COOLING,NONE,0.0,0.0,0.0,2.1,0.0,66324.78,90708.48,True,False,0.0,79767.57,-0.0089,1.009,1.426
2026-08-28T08:34:46Z,HBARUSDT,COOLING,NONE,0.0,0.0,0.0,1.28,0.0,30455.88,20722.17,True,False,0.0,79767.57,-0.0089,0.855,0.07821
2026-08-28T08:34:49Z,QAITUSDT,IMPULSE,NONE,0.0,0.0,0.0,70.25,0.0,339.29,5006.0,True,False,0.0,79767.57,-0.0089,1.873,0.001992
2026-08-28T08:34:51Z,WUSDT,COOLING,NONE,0.0,0.0,0.0,4.26,-4.26,9265.86,3722.52,True,False,0.0213,79767.57,-0.0089,1.706,0.009395
2026-08-28T08:34:54Z,REDUSDT,COOLING,NONE,0.0,0.0,0.0,10.18,0.0,5434.17,5349.98,True,False,0.0,79767.57,-0.0089,0.849,0.10828
2026-08-28T08:35:22Z,XRPUSDT,COOLING,NONE,0.0,0.0,0.0,2.1,0.0,128508.81,81493.56,True,False,0.0,79794.66,0.034,0.925,1.426
2026-08-28T08:35:24Z,HBARUSDT,COOLING,NONE,0.0,0.0,0.0,1.28,0.0,22088.59,47227.4,True,False,0.0,79794.66,0.034,0.926,0.07821
2026-08-28T08:35:25Z,QAITUSDT,IMPULSE,NONE,0.0,0.0,0.0,70.25,0.0,339.29,5006.0,True,False,0.0,79794.66,0.034,0.86,0.001992
2026-08-28T08:35:29Z,WUSDT,COOLING,NONE,0.0,0.0,0.0,4.26,0.0,9265.86,3722.52,True,False,0.0,79794.66,0.034,1.173,0.009397
2026-08-28T08:35:31Z,REDUSDT,COOLING,NONE,0.0,0.0,0.0,10.18,0.0,5434.17,5349.98,True,False,0.0,79794.66,0.034,0.937,0.10806
2026-08-28T08:36:35Z,XRPUSDT,COOLING,NONE,0.0,0.0,0.0,1.4,0.0,149385.54,110038.21,True,False,0.0,79774.67,-0.0251,1.948,1.4254
2026-08-28T08:36:37Z,HBARUSDT,COOLING,NONE,0.0,0.0,0.0,1.28,0.0,26282.5,40054.44,True,False,0.0,79774.67,-0.0251,1.038,0.07822
2026-08-28T08:36:40Z,QAITUSDT,IMPULSE,NONE,0.0,0.0,0.0,70.25,0.0,339.29,5006.0,True,False,0.0,79774.67,-0.0251,0.952,0.001992
2026-08-28T08:36:43Z,WUSDT,COOLING,NONE,0.0,0.0,0.0,9.57,0.0,8874.43,4054.88,True,False,0.0,79774.67,-0.0251,0.92,0.009404
2026-08-28T08:36:44Z,REDUSDT,COOLING,NONE,0.0,0.0,0.0,21.27,0.0,5754.12,5678.04,True,False,0.0,79774.67,-0.0251,0.946,0.10821
2026-08-28T08:37:52Z,XRPUSDT,COOLING,NONE,0.0,0.0,0.0,2.1,0.0,89076.44,84931.16,True,False,0.0,79763.16,-0.0144,1.015,1.4254
2026-08-28T08:37:54Z,HBARUSDT,COOLING,NONE,0.0,0.0,0.0,1.28,0.0,29615.47,19511.6,True,False,0.0,79763.16,-0.0144,0.997,0.07821
2026-08-28T08:37:56Z,QAITUSDT,IMPULSE,NONE,0.0,0.0,0.0,65.24,0.0,339.29,5006.0,True,False,0.0,79763.16,-0.0144,0.914,0.001992
2026-08-28T08:37:58Z,WUSDT,COOLING,NONE,0.0,0.0,0.0,8.52,0.0,8861.1,4356.39,True,False,0.0,79763.16,-0.0144,0.923,0.009395
2026-08-28T08:38:00Z,REDUSDT,COOLING,NONE,0.0,0.0,0.0,10.18,0.0,5783.3,5190.2,True,False,0.0,79763.16,-0.0144,0.967,0.10806
2026-08-28T08:38:30Z,XRPUSDT,COOLING,NONE,0.0,0.0,0.0,2.1,0.0,53138.91,130678.94,True,False,0.0,79759.21,-0.005,1.123,1.4256
2026-08-28T08:38:32Z,HBARUSDT,COOLING,NONE,0.0,0.0,0.0,1.28,0.0,29615.47,19769.62,True,False,0.0,79759.21,-0.005,0.975,0.07818
2026-08-28T08:38:34Z,QAITUSDT,IMPULSE,NONE,0.0,0.0,0.0,65.24,0.0,339.29,5006.0,True,False,0.0,79759.21,-0.005,0.904,0.001992
2026-08-28T08:38:36Z,WUSDT,COOLING,NONE,0.0,0.0,0.0,8.52,0.0,8861.1,4356.39,True,False,0.0,79759.21,-0.005,1.415,0.009396
2026-08-28T08:38:38Z,REDUSDT,COOLING,NONE,0.0,0.0,0.0,10.18,0.0,5783.3,5190.2,True,False,0.0,79759.21,-0.005,0.875,0.10805
2026-08-28T08:40:10Z,XRPUSDT,COOLING,NONE,0.0,0.0,0.0,2.1,0.0,89070.75,106640.76,True,False,0.0,79743.22,-0.02,0.928,1.4254
2026-08-28T08:40:13Z,HBARUSDT,COOLING,NONE,0.0,0.0,0.0,1.28,0.0,26780.51,29892.31,True,False,0.0,79743.22,-0.02,1.933,0.07819
2026-08-28T08:40:15Z,QAITUSDT,IMPULSE,NONE,0.0,0.0,0.0,65.24,0.0,339.29,5006.0,True,False,0.0,79743.22,-0.02,0.916,0.001992
2026-08-28T08:40:17Z,WUSDT,COOLING,NONE,0.0,0.0,0.0,10.63,0.0,9474.77,4054.88,True,False,0.0,79743.22,-0.02,1.941,0.009408
2026-08-28T08:40:19Z,REDUSDT,COOLING,NONE,0.0,0.0,0.0,20.35,0.0,2436.47,3195.5,True,False,0.0,79743.22,-0.02,1.126,0.10809
2026-08-28T08:42:09Z,XRPUSDT,COOLING,NONE,0.0,0.0,0.0,1.4,0.0,53839.48,117542.84,True,False,0.0,79799.99,0.0712,1.0,1.4265
2026-08-28T08:42:10Z,HBARUSDT,COOLING,NONE,0.0,0.0,0.0,1.28,0.0,30782.68,51131.65,True,False,0.0,79799.99,0.0712,0.982,0.07814
2026-08-28T08:42:12Z,QAITUSDT,IMPULSE,NONE,0.0,0.0,0.0,65.24,0.0,339.29,5006.0,True,False,0.0,79799.99,0.0712,1.012,0.001992
2026-08-28T08:42:14Z,WUSDT,COOLING,NONE,0.0,0.0,0.0,4.26,0.0,13411.69,4356.39,True,False,0.0,79799.99,0.0712,1.061,0.009396
2026-08-28T08:42:19Z,REDUSDT,COOLING,BUY,0.0,6.57,6.57,10.18,0.0,2436.47,2725.33,True,False,0.0,79799.99,0.0712,2.06,0.10806
2026-08-28T08:43:29Z,XRPUSDT,COOLING,BUY,0.0,1.08,1.08,2.81,0.0,197221.39,99325.51,True,False,0.0,79750.28,-0.0623,1.031,1.4246
2026-08-28T08:43:30Z,HBARUSDT,COOLING,NONE,0.0,0.0,0.0,2.56,0.0,27905.56,19582.15,True,False,0.0,79750.28,-0.0623,0.934,0.07806
2026-08-28T08:43:32Z,QAITUSDT,IMPULSE,NONE,0.0,0.0,0.0,65.24,0.0,339.29,5006.0,True,False,0.0,79750.28,-0.0623,0.931,0.001992
2026-08-28T08:43:34Z,WUSDT,COOLING,NONE,0.0,0.0,0.0,7.45,0.0,13411.69,4356.39,True,False,0.0,79750.28,-0.0623,1.018,0.009397
2026-08-28T08:43:36Z,REDUSDT,COOLING,NONE,0.0,0.0,0.0,12.04,0.0,2434.65,1322.15,True,False,0.0,79750.28,-0.0623,0.913,0.10805
2026-08-28T08:46:33Z,XRPUSDT,COOLING,NONE,0.0,0.0,0.0,2.11,-0.7,122165.53,195385.58,True,False,0.0035,79610.64,-0.1751,0.965,1.422
2026-08-28T08:46:36Z,HBARUSDT,COOLING,SELL,5.63,0.0,5.63,1.28,-0.0,15828.44,22845.34,True,False,0.0256,79610.64,-0.1751,2.466,0.07799
2026-08-28T08:47:59Z,QAITUSDT,IMPULSE,NONE,0.0,0.0,0.0,65.24,0.0,339.29,5006.0,True,False,0.0,79610.64,-0.1751,1.002,0.001992
2026-08-28T08:48:41Z,WUSDT,COOLING,NONE,0.0,0.0,0.0,13.85,0.0,8744.16,3386.1,True,False,0.0,79610.64,-0.1751,0.882,0.009386
2026-08-28T08:49:26Z,REDUSDT,COOLING,NONE,0.0,0.0,0.0,13.04,0.0,4719.0,6027.33,True,False,0.0,79610.64,-0.1751,1.041,0.10733
2026-08-28T08:49:55Z,XRPUSDT,COOLING,NONE,0.0,0.0,0.0,2.82,0.0,66575.56,97144.15,True,False,0.0,79520.91,-0.1127,0.945,1.4197
2026-08-28T08:49:57Z,HBARUSDT,COOLING,NONE,0.0,0.0,0.0,1.29,0.0,31113.84,24427.76,True,False,0.0,79520.91,-0.1127,0.992,0.07773
2026-08-28T08:49:59Z,QAITUSDT,IMPULSE,NONE,0.0,0.0,0.0,65.24,0.0,339.29,1275.5,True,False,0.0,79520.91,-0.1127,0.915,0.001992
2026-08-28T08:50:01Z,WUSDT,COOLING,NONE,0.0,0.0,0.0,13.85,0.0,8598.87,3386.1,True,False,0.0,79520.91,-0.1127,0.936,0.009385
2026-08-28T08:50:02Z,REDUSDT,COOLING,NONE,0.0,0.0,0.0,13.04,0.0,5882.05,5799.77,True,False,0.0,79520.91,-0.1127,0.906,0.10734
2026-08-28T08:51:13Z,XRPUSDT,COOLING,SELL,20.49,0.0,20.49,0.7,-0.0,55520.24,69068.42,True,False,0.0141,79549.99,0.0366,0.918,1.4203
2026-08-28T08:51:14Z,HBARUSDT,COOLING,NONE,0.0,0.0,0.0,1.29,0.0,28290.68,36118.94,True,False,0.0,79549.99,0.0366,0.936,0.07771
2026-08-28T08:51:16Z,QAITUSDT,IMPULSE,NONE,0.0,0.0,0.0,70.46,0.0,339.29,1001.05,True,False,0.0,79549.99,0.0366,0.944,0.001986
2026-08-28T08:51:18Z,WUSDT,COOLING,NONE,0.0,0.0,0.0,11.71,0.0,10520.16,3179.77,True,False,0.0,79549.99,0.0366,0.962,0.009393
2026-08-28T08:51:20Z,REDUSDT,COOLING,NONE,0.0,0.0,0.0,10.26,0.0,7773.93,5341.55,True,False,0.0,79549.99,0.0366,0.918,0.10724
2026-08-28T08:52:09Z,XRPUSDT,COOLING,SELL,25.75,10.19,25.75,3.52,0.7,69404.43,91916.67,True,False,0.0035,79548.0,-0.0025,1.36,1.4213
2026-08-28T08:52:10Z,HBARUSDT,COOLING,NONE,0.0,0.0,0.0,1.29,0.0,37895.53,21038.22,True,False,0.0,79548.0,-0.0025,0.894,0.07777
2026-08-28T08:52:12Z,QAITUSDT,IMPULSE,NONE,0.0,0.0,0.0,70.46,0.0,339.29,1001.05,True,False,0.0,79548.0,-0.0025,0.883,0.001986
2026-08-28T08:52:14Z,WUSDT,COOLING,NONE,0.0,0.0,0.0,7.45,0.0,9817.55,3173.03,True,False,0.0,79548.0,-0.0025,0.937,0.009402
2026-08-28T08:52:16Z,REDUSDT,COOLING,NONE,0.0,0.0,0.0,22.39,0.0,4977.12,5341.55,True,False,0.0,79548.0,-0.0025,0.95,0.10727
2026-08-28T08:52:43Z,XRPUSDT,COOLING,BUY,2.13,12.49,12.49,1.41,-1.41,36967.7,85421.53,True,False,0.007,79557.81,0.0123,0.985,1.4218
2026-08-28T08:53:25Z,HBARUSDT,COOLING,BUY,0.01,0.81,0.81,1.29,0.0,17056.23,25342.58,True,False,0.0,79557.81,0.0123,40.88,0.07775
2026-08-28T08:53:27Z,QAITUSDT,IMPULSE,NONE,0.0,0.0,0.0,70.46,0.0,339.29,1001.05,True,False,0.0,79557.81,0.0123,1.007,0.001986
2026-08-28T08:53:29Z,WUSDT,COOLING,NONE,0.0,0.0,0.0,7.45,0.0,16252.66,3173.03,True,False,0.0,79557.81,0.0123,1.025,0.009396
2026-08-28T08:53:32Z,REDUSDT,COOLING,NONE,0.0,0.0,0.0,12.13,0.0,4977.12,5677.26,True,False,0.0,79557.81,0.0123,1.4,0.10714
2026-08-28T08:54:43Z,XRPUSDT,COOLING,NONE,0.0,0.0,0.0,2.11,0.0,37859.83,64225.46,True,False,-0.0422,79595.0,0.0467,40.944,1.4228
2026-08-28T08:54:45Z,HBARUSDT,COOLING,NONE,0.0,0.0,0.0,1.29,0.0,41543.16,33874.37,True,False,0.0,79595.0,0.0467,1.015,0.07777
2026-08-28T08:54:48Z,QAITUSDT,IMPULSE,NONE,0.0,0.0,0.0,70.46,0.0,339.29,1001.05,True,False,0.0,79595.0,0.0467,1.435,0.001986
2026-08-28T08:54:50Z,WUSDT,COOLING,NONE,0.0,0.0,0.0,7.45,0.0,16252.66,3173.03,True,False,0.0,79595.0,0.0467,0.979,0.009394
2026-08-28T08:55:33Z,REDUSDT,COOLING,NONE,0.0,0.0,0.0,20.58,0.0,6069.33,5488.2,True,False,0.0,79595.0,0.0467,1.109,0.10705
2026-08-28T08:57:47Z,XRPUSDT,COOLING,SELL,31.74,0.0,31.74,2.11,-0.0,59074.11,62142.08,True,False,0.0141,79500.0,-0.1194,1.04,1.4195
2026-08-28T08:57:50Z,HBARUSDT,COOLING,NONE,0.0,0.0,0.0,1.29,0.0,25795.52,16570.78,True,False,0.0,79500.0,-0.1194,0.979,0.07766
2026-08-28T08:57:54Z,QAITUSDT,IMPULSE,NONE,0.0,0.0,0.0,70.46,0.0,339.29,1001.05,True,False,0.0,79500.0,-0.1194,1.007,0.001986
2026-08-28T08:57:56Z,WUSDT,COOLING,NONE,0.0,0.0,0.0,12.78,0.0,8401.35,3603.87,True,False,0.0,79500.0,-0.1194,1.125,0.00938
2026-08-28T08:57:58Z,REDUSDT,COOLING,BUY,0.0,1.86,1.86,14.06,0.0,11735.09,6010.9,True,False,0.0,79500.0,-0.1194,0.917,0.10664
2026-08-28T08:58:27Z,XRPUSDT,COOLING,NONE,0.0,0.0,0.0,3.52,1.41,111114.51,126082.21,True,False,0.007,79509.14,0.0115,0.913,1.4201
2026-08-28T08:58:28Z,HBARUSDT,COOLING,NONE,0.0,0.0,0.0,1.29,0.0,16047.32,25924.6,True,False,0.0,79509.14,0.0115,0.895,0.07766
2026-08-28T08:58:30Z,QAITUSDT,IMPULSE,NONE,0.0,0.0,0.0,70.46,0.0,339.29,1275.5,True,False,0.0,79509.14,0.0115,1.0,0.001986
2026-08-28T08:58:32Z,WUSDT,COOLING,NONE,0.0,0.0,0.0,8.52,0.0,8401.35,3019.71,True,False,0.0,79509.14,0.0115,0.938,0.009385
2026-08-28T08:58:34Z,REDUSDT,COOLING,NONE,0.0,0.0,0.0,12.18,0.0,8208.28,4859.99,True,False,0.0,79509.14,0.0115,0.919,0.10668
2026-08-28T08:59:03Z,XRPUSDT,COOLING,NONE,0.0,0.0,0.0,2.11,0.0,40367.82,87031.19,True,False,0.0,79506.3,-0.0036,1.443,1.42
2026-08-28T08:59:05Z,HBARUSDT,COOLING,SELL,28.46,0.09,28.46,1.29,0.0,39106.78,17556.47,True,False,-0.0129,79506.3,-0.0036,1.912,0.07768
2026-08-28T08:59:07Z,QAITUSDT,IMPULSE,NONE,0.0,0.0,0.0,70.46,0.0,339.29,1275.5,True,False,0.0,79506.3,-0.0036,0.976,0.001986
2026-08-28T08:59:09Z,WUSDT,COOLING,NONE,0.0,0.0,0.0,12.8,0.0,8586.58,3046.5,True,False,0.0,79506.3,-0.0036,0.961,0.009377
2026-08-28T08:59:11Z,REDUSDT,COOLING,NONE,0.0,0.0,0.0,14.06,0.0,13823.22,5777.72,True,False,0.0,79506.3,-0.0036,0.874,0.10671
2026-08-28T09:00:42Z,XRPUSDT,COOLING,NONE,0.0,0.0,0.0,2.82,1.41,58236.96,92380.89,True,False,0.0,79481.08,-0.0317,0.953,1.4196
2026-08-28T09:00:44Z,HBARUSDT,COOLING,NONE,0.0,0.0,0.0,1.29,0.0,27170.5,21132.75,True,False,0.0,79481.08,-0.0317,0.989,0.07765
2026-08-28T09:00:46Z,QAITUSDT,IMPULSE,NONE,0.0,0.0,0.0,70.46,0.0,339.29,1275.5,True,False,0.0,79481.08,-0.0317,1.251,0.001986
2026-08-28T09:01:30Z,WUSDT,COOLING,NONE,0.0,0.0,0.0,6.41,0.0,14681.87,3474.36,True,False,0.0,79481.08,-0.0317,1.535,0.009373
2026-08-28T09:02:12Z,REDUSDT,COOLING,BUY,0.0,7.23,7.23,23.45,0.0,12909.61,5760.01,True,False,0.0,79481.08,-0.0317,1.543,0.10655
2026-08-28T09:02:42Z,XRPUSDT,COOLING,SELL,2.7,0.08,2.7,2.12,-0.71,52439.43,59488.9,True,False,-0.0035,79368.66,-0.1414,1.048,1.4153
2026-08-28T09:02:44Z,HBARUSDT,COOLING,BUY,0.0,10.9,10.9,1.29,0.0,28992.77,15463.48,True,False,0.0,79368.66,-0.1414,0.933,0.0775
2026-08-28T09:02:46Z,QAITUSDT,IMPULSE,NONE,0.0,0.0,0.0,70.46,0.0,339.29,1275.5,True,False,0.0,79368.66,-0.1414,0.9,0.001986
2026-08-28T09:02:47Z,WUSDT,COOLING,NONE,0.0,0.0,0.0,12.83,0.0,8257.56,3265.01,True,False,0.0,79368.66,-0.1414,0.899,0.009354
2026-08-28T09:02:49Z,REDUSDT,COOLING,NONE,0.0,0.0,0.0,10.33,0.0,11545.7,6716.26,True,False,0.0,79368.66,-0.1414,0.879,0.10654
2026-08-28T09:03:19Z,XRPUSDT,COOLING,SELL,1.69,0.0,1.69,2.12,0.0,33265.67,66272.33,True,False,0.0,79347.17,-0.0271,0.888,1.4151
2026-08-28T09:03:21Z,HBARUSDT,COOLING,SELL,40.59,0.0,40.59,1.29,0.0,30813.95,31087.45,True,True,0.0,79347.17,-0.0271,0.963,0.0775
2026-08-28T09:03:24Z,QAITUSDT,IMPULSE,NONE,0.0,0.0,0.0,70.46,0.0,339.29,1275.5,True,False,0.0,79347.17,-0.0271,0.883,0.001986
2026-08-28T09:03:27Z,WUSDT,COOLING,NONE,0.0,0.0,0.0,12.83,2.13,10769.02,3138.13,True,False,0.0428,79347.17,-0.0271,1.885,0.009348
2026-08-28T09:03:30Z,REDUSDT,COOLING,NONE,0.0,0.0,0.0,31.94,11.28,7696.58,4933.51,True,False,-0.0563,79347.17,-0.0271,2.048,0.10646
2026-08-28T09:04:22Z,XRPUSDT,COOLING,BUY,0.0,1.35,1.35,3.54,0.0,61489.64,115495.24,True,False,0.0,79340.49,-0.0084,0.95,1.4133
2026-08-28T09:04:23Z,HBARUSDT,COOLING,NONE,0.0,0.0,0.0,1.29,0.0,36635.13,16190.77,True,False,0.0,79340.49,-0.0084,0.953,0.07754
2026-08-28T09:05:05Z,QAITUSDT,IMPULSE,NONE,0.0,0.0,0.0,70.46,0.0,339.29,1275.5,True,False,0.0,79340.49,-0.0084,0.906,0.001986
2026-08-28T09:05:08Z,WUSDT,COOLING,NONE,0.0,0.0,0.0,12.83,0.0,16616.37,3138.13,True,False,0.0,79340.49,-0.0084,0.908,0.009351
2026-08-28T09:05:10Z,REDUSDT,COOLING,NONE,0.0,0.0,0.0,12.23,0.0,13460.16,4875.33,True,False,0.0,79340.49,-0.0084,0.942,0.10609
2026-08-28T09:06:20Z,XRPUSDT,COOLING,SELL,3.6,0.0,3.6,0.71,-1.41,28432.16,49960.5,True,False,0.0071,79364.46,0.0302,0.906,1.4162
2026-08-28T09:06:22Z,HBARUSDT,COOLING,NONE,0.0,0.0,0.0,1.29,0.0,18494.99,11942.99,True,False,0.0,79364.46,0.0302,0.901,0.07763
2026-08-28T09:06:23Z,QAITUSDT,IMPULSE,NONE,0.0,0.0,0.0,70.46,0.0,339.29,1275.5,True,False,0.0,79364.46,0.0302,0.911,0.001986
2026-08-28T09:06:25Z,WUSDT,COOLING,NONE,0.0,0.0,0.0,12.8,0.0,16179.47,3448.2,True,False,0.0,79364.46,0.0302,0.868,0.009374
2026-08-28T09:06:27Z,REDUSDT,COOLING,NONE,0.0,0.0,0.0,31.94,0.0,7382.49,5179.01,True,False,0.0,79364.46,0.0302,0.905,0.10633
2026-08-28T09:06:57Z,XRPUSDT,COOLING,SELL,67.39,37.8,67.39,2.12,-0.71,60328.58,126002.78,True,False,-0.0035,79383.48,0.024,0.863,1.4167
2026-08-28T09:06:58Z,HBARUSDT,COOLING,BUY,10.61,40.92,40.92,1.29,0.0,41351.07,26804.34,True,False,-0.0129,79383.48,0.024,0.949,0.07763
2026-08-28T09:07:00Z,QAITUSDT,IMPULSE,NONE,0.0,0.0,0.0,70.46,0.0,339.29,1275.5,True,False,0.0,79383.48,0.024,1.048,0.001986
2026-08-28T09:07:02Z,WUSDT,COOLING,NONE,0.0,0.0,0.0,13.85,0.0,9455.01,3448.2,True,False,0.0,79383.48,0.024,0.972,0.009382
2026-08-28T09:07:04Z,REDUSDT,COOLING,NONE,0.0,0.0,0.0,10.33,0.0,7273.54,5179.01,True,False,0.0,79383.48,0.024,0.939,0.10643
2026-08-28T09:07:56Z,XRPUSDT,COOLING,NONE,0.0,0.0,0.0,1.41,0.0,50133.83,126240.63,True,False,0.0,79417.86,0.0433,0.972,1.4184
2026-08-28T09:07:58Z,HBARUSDT,COOLING,SELL,0.07,0.0,0.07,3.86,0.0,41648.28,20696.7,True,False,0.0,79417.86,0.0433,0.936,0.07771
2026-08-28T09:07:59Z,QAITUSDT,IMPULSE,NONE,0.0,0.0,0.0,70.46,0.0,339.29,1275.5,True,False,0.0,79417.86,0.0433,0.906,0.001986
2026-08-28T09:08:42Z,WUSDT,COOLING,SELL,0.79,0.0,0.79,13.84,0.0,17456.58,3154.33,True,False,0.0,79417.86,0.0433,41.378,0.009391
2026-08-28T09:08:44Z,REDUSDT,COOLING,NONE,0.0,0.0,0.0,14.12,0.0,9879.04,5815.87,True,False,0.0,79417.86,0.0433,0.992,0.10634
2026-08-28T09:09:12Z,XRPUSDT,COOLING,NONE,0.0,0.0,0.0,2.11,0.0,51909.7,79127.59,True,False,0.0,79469.62,0.0652,2.038,1.4188
2026-08-28T09:09:14Z,HBARUSDT,COOLING,NONE,0.0,0.0,0.0,1.29,0.0,25937.56,12841.2,True,False,0.0,79469.62,0.0652,0.911,0.07774
2026-08-28T09:09:18Z,QAITUSDT,IMPULSE,NONE,0.0,0.0,0.0,70.46,0.0,339.29,1275.5,True,False,0.0,79469.62,0.0652,2.034,0.001986
2026-08-28T09:09:20Z,WUSDT,COOLING,NONE,0.0,0.0,0.0,10.63,0.0,11153.83,3309.3,True,False,0.0,79469.62,0.0652,1.092,0.009393
2026-08-28T09:09:23Z,REDUSDT,COOLING,NONE,0.0,0.0,0.0,12.23,0.0,10994.93,5718.26,True,False,0.0,79469.62,0.0652,2.146,0.10625
2026-08-28T09:09:52Z,XRPUSDT,COOLING,NONE,0.0,0.0,0.0,1.41,-0.71,79438.08,78886.25,True,False,-0.0035,79423.85,-0.0576,0.962,1.4176
2026-08-28T09:09:54Z,HBARUSDT,COOLING,BUY,0.0,35.35,35.35,3.85,0.0,32483.15,20041.04,True,False,0.0,79423.85,-0.0576,1.048,0.07785
2026-08-28T09:09:55Z,QAITUSDT,IMPULSE,NONE,0.0,0.0,0.0,70.46,0.0,339.29,1275.5,True,False,0.0,79423.85,-0.0576,1.118,0.001986
2026-08-28T09:09:57Z,WUSDT,COOLING,NONE,0.0,0.0,0.0,9.57,0.0,11153.83,10262.09,True,False,0.0,79423.85,-0.0576,1.02,0.009407
2026-08-28T09:09:59Z,REDUSDT,COOLING,NONE,0.0,0.0,0.0,12.25,0.0,7541.72,6167.03,True,False,0.0,79423.85,-0.0576,0.941,0.10628
2026-08-28T09:11:33Z,XRPUSDT,COOLING,BUY,9.71,17.92,17.92,0.71,-1.41,41130.77,90793.77,True,False,0.0071,79438.53,0.0185,0.981,1.4164
2026-08-28T09:11:34Z,HBARUSDT,COOLING,SELL,37.09,10.34,37.09,2.57,0.0,19670.6,14548.03,True,False,0.0,79438.53,0.0185,1.011,0.07789
2026-08-28T09:11:36Z,QAITUSDT,IMPULSE,NONE,0.0,0.0,0.0,70.46,0.0,339.29,1275.5,True,False,0.0,79438.53,0.0185,1.258,0.001986
2026-08-28T09:11:39Z,WUSDT,COOLING,NONE,0.0,0.0,0.0,12.74,0.0,14790.27,8499.38,True,False,0.0,79438.53,0.0185,0.878,0.009408
2026-08-28T09:11:40Z,REDUSDT,COOLING,NONE,0.0,0.0,0.0,22.6,0.0,8973.19,4663.29,True,False,0.0,79438.53,0.0185,0.949,0.10618
2026-08-28T09:12:12Z,XRPUSDT,COOLING,NONE,0.0,0.0,0.0,2.12,0.0,42659.6,114277.18,True,False,0.0,79421.03,-0.022,2.007,1.4151
2026-08-28T09:12:13Z,HBARUSDT,COOLING,NONE,0.0,0.0,0.0,1.28,0.0,18194.15,16756.93,True,False,0.0,79421.03,-0.022,1.015,0.07791
2026-08-28T09:12:16Z,QAITUSDT,IMPULSE,NONE,0.0,0.0,0.0,70.46,0.0,339.29,1275.5,True,False,0.0,79421.03,-0.022,0.983,0.001986
2026-08-28T09:12:58Z,WUSDT,COOLING,NONE,0.0,0.0,0.0,11.68,0.0,13679.56,8499.38,True,False,0.0,79421.03,-0.022,1.051,0.009418
2026-08-28T09:13:01Z,REDUSDT,COOLING,NONE,0.0,0.0,0.0,12.25,0.0,11889.01,4692.14,True,False,0.0,79421.03,-0.022,2.013,0.10617
2026-08-28T09:13:28Z,XRPUSDT,COOLING,NONE,0.0,0.0,0.0,2.82,-0.71,53237.84,80329.34,True,False,0.0035,79410.35,-0.0134,1.034,1.4167
2026-08-28T09:13:30Z,HBARUSDT,COOLING,NONE,0.0,0.0,0.0,1.28,0.0,16632.94,16382.51,True,False,0.0,79410.35,-0.0134,0.934,0.07786
2026-08-28T09:13:33Z,QAITUSDT,IMPULSE,NONE,0.0,0.0,0.0,70.46,0.0,339.29,1275.5,True,False,0.0,79410.35,-0.0134,0.987,0.001986
2026-08-28T09:13:35Z,WUSDT,COOLING,NONE,0.0,0.0,0.0,10.63,0.0,8335.32,10262.09,True,False,0.0,79410.35,-0.0134,1.055,0.009405
2026-08-28T09:13:36Z,REDUSDT,COOLING,NONE,0.0,0.0,0.0,10.37,0.0,7559.64,4964.53,True,False,0.0,79410.35,-0.0134,0.917,0.10616
2026-08-28T09:16:27Z,XRPUSDT,COOLING,NONE,0.0,0.0,0.0,2.12,0.0,61319.36,74080.12,True,False,0.0,79377.66,-0.0412,0.996,1.4157
2026-08-28T09:16:29Z,HBARUSDT,COOLING,NONE,0.0,0.0,0.0,1.29,0.0,27790.7,20113.34,True,False,0.0,79377.66,-0.0412,1.078,0.07768
2026-08-28T09:16:31Z,QAITUSDT,IMPULSE,NONE,0.0,0.0,0.0,70.46,0.0,339.29,1275.5,True,False,0.0,79377.66,-0.0412,1.027,0.001986
2026-08-28T09:16:32Z,WUSDT,COOLING,NONE,0.0,0.0,0.0,9.57,0.0,7925.24,10262.09,True,False,0.0,79377.66,-0.0412,1.011,0.009408
2026-08-28T09:16:34Z,REDUSDT,COOLING,NONE,0.0,0.0,0.0,10.37,0.0,7140.87,5027.39,True,False,0.0,79377.66,-0.0412,0.992,0.10617
2026-08-28T09:17:43Z,XRPUSDT,COOLING,NONE,0.0,0.0,0.0,2.82,0.0,64949.05,105624.14,True,False,0.0,79406.78,0.0367,1.015,1.4161
2026-08-28T09:17:45Z,HBARUSDT,COOLING,NONE,0.0,0.0,0.0,1.29,0.0,15406.62,28043.74,True,False,0.0,79406.78,0.0367,0.933,0.07771
2026-08-28T09:17:47Z,QAITUSDT,IMPULSE,NONE,0.0,0.0,0.0,70.46,0.0,339.29,1275.5,True,False,0.0,79406.78,0.0367,1.024,0.001986
2026-08-28T09:17:48Z,WUSDT,COOLING,NONE,0.0,0.0,0.0,10.63,0.0,7925.24,10262.09,True,False,0.0,79406.78,0.0367,0.981,0.009409
2026-08-28T09:17:50Z,REDUSDT,COOLING,NONE,0.0,0.0,0.0,10.37,0.0,12120.94,5099.21,True,False,0.0,79406.78,0.0367,0.929,0.10606
2026-08-28T09:18:20Z,XRPUSDT,COOLING,NONE,0.0,0.0,0.0,2.12,0.0,62450.88,76769.84,True,False,0.0,79406.63,-0.0002,1.449,1.4163
2026-08-28T09:18:22Z,HBARUSDT,COOLING,SELL,11.85,0.0,11.85,1.29,0.0,20767.58,20911.14,True,False,0.0,79406.63,-0.0002,1.12,0.0777
2026-08-28T09:18:24Z,QAITUSDT,IMPULSE,NONE,0.0,0.0,0.0,70.46,0.0,339.29,1275.5,True,False,0.0,79406.63,-0.0002,1.058,0.001986
2026-08-28T09:18:26Z,WUSDT,COOLING,NONE,0.0,0.0,0.0,9.57,0.0,7925.24,10262.09,True,False,0.0,79406.63,-0.0002,1.012,0.009406
2026-08-28T09:18:28Z,REDUSDT,COOLING,NONE,0.0,0.0,0.0,10.37,0.0,12120.94,5099.21,True,False,0.0,79406.63,-0.0002,0.998,0.10606
2026-08-28T09:19:59Z,XRPUSDT,COOLING,BUY,0.0,0.46,0.46,2.12,0.0,56879.38,69437.57,True,False,0.0,79419.99,0.0168,0.941,1.4173
2026-08-28T09:20:00Z,HBARUSDT,COOLING,NONE,0.0,0.0,0.0,1.29,-1.29,17952.38,15530.13,True,False,-0.0064,79419.99,0.0168,0.9,0.07774
2026-08-28T09:20:02Z,QAITUSDT,IMPULSE,NONE,0.0,0.0,0.0,70.46,0.0,339.29,1275.5,True,False,0.0,79419.99,0.0168,0.942,0.001986
2026-08-28T09:20:04Z,WUSDT,COOLING,NONE,0.0,0.0,0.0,11.68,0.0,14090.03,8499.38,True,False,0.0,79419.99,0.0168,0.959,0.009418
2026-08-28T09:20:08Z,REDUSDT,COOLING,NONE,0.0,0.0,0.0,20.73,-1.86,12130.16,4681.17,True,False,-0.0942,79419.99,0.0168,1.464,0.10613
2026-08-28T09:20:36Z,XRPUSDT,COOLING,NONE,0.0,0.0,0.0,2.12,0.0,60114.52,100588.51,True,False,0.0,79416.95,-0.0038,0.885,1.4161
2026-08-28T09:20:38Z,HBARUSDT,COOLING,NONE,0.0,0.0,0.0,1.29,0.0,26426.36,15734.44,True,False,0.0,79416.95,-0.0038,1.133,0.07775
2026-08-28T09:20:40Z,QAITUSDT,IMPULSE,NONE,0.0,0.0,0.0,70.46,0.0,339.29,1275.5,True,False,0.0,79416.95,-0.0038,0.983,0.001986
2026-08-28T09:20:41Z,WUSDT,COOLING,NONE,0.0,0.0,0.0,10.63,0.0,15203.66,10441.75,True,False,0.0,79416.95,-0.0038,1.036,0.009418
2026-08-28T09:20:43Z,REDUSDT,COOLING,NONE,0.0,0.0,0.0,10.37,0.0,6621.38,4934.04,True,False,0.0,79416.95,-0.0038,1.04,0.10591
2026-08-28T09:21:52Z,XRPUSDT,COOLING,NONE,0.0,0.0,0.0,2.83,0.0,66759.69,63920.81,True,False,0.0,79416.92,-0.0,0.888,1.415
2026-08-28T09:21:53Z,HBARUSDT,COOLING,NONE,0.0,0.0,0.0,1.29,0.0,34417.04,14889.9,True,False,0.0,79416.92,-0.0,0.986,0.07771
2026-08-28T09:21:55Z,QAITUSDT,IMPULSE,NONE,0.0,0.0,0.0,70.46,0.0,339.29,1275.5,True,False,0.0,79416.92,-0.0,1.05,0.001986
2026-08-28T09:21:57Z,WUSDT,COOLING,NONE,0.0,0.0,0.0,10.63,0.0,8273.3,10117.66,True,False,0.0,79416.92,-0.0,1.518,0.009405
2026-08-28T09:21:59Z,REDUSDT,COOLING,NONE,0.0,0.0,0.0,13.22,0.0,6242.87,5376.74,True,False,0.0,79416.92,-0.0,1.068,0.10605
2026-08-28T09:22:53Z,XRPUSDT,COOLING,NONE,0.0,0.0,0.0,1.41,-0.71,97067.16,83433.24,True,False,0.0035,79395.22,-0.0273,1.126,1.4151
2026-08-28T09:22:54Z,HBARUSDT,COOLING,SELL,55.89,0.0,55.89,1.29,-0.0,41553.98,15837.86,True,False,0.0386,79395.22,-0.0273,1.023,0.07765
2026-08-28T09:22:56Z,QAITUSDT,IMPULSE,NONE,0.0,0.0,0.0,70.46,0.0,339.29,1275.5,True,False,0.0,79395.22,-0.0273,1.003,0.001986
2026-08-28T09:22:59Z,WUSDT,COOLING,NONE,0.0,0.0,0.0,8.51,0.0,8260.88,6370.67,True,False,0.0,79395.22,-0.0273,1.105,0.009399
2026-08-28T09:23:01Z,REDUSDT,COOLING,NONE,0.0,0.0,0.0,14.17,0.0,7680.54,5255.92,True,False,0.0,79395.22,-0.0273,1.01,0.10589
2026-08-28T09:24:10Z,XRPUSDT,COOLING,NONE,0.0,0.0,0.0,1.41,0.0,50975.82,89386.94,True,False,0.0,79408.27,0.0164,1.008,1.4154
2026-08-28T09:24:15Z,HBARUSDT,COOLING,NONE,0.0,0.0,0.0,1.29,0.0,25296.81,32999.95,True,False,0.0,79408.27,0.0164,1.919,0.07768
2026-08-28T09:24:18Z,QAITUSDT,IMPULSE,NONE,0.0,0.0,0.0,70.46,0.0,339.29,1275.5,True,False,0.0,79408.27,0.0164,1.974,0.00198
2026-08-28T09:25:00Z,WUSDT,COOLING,NONE,0.0,0.0,0.0,12.78,-0.01,9631.08,2410.89,True,False,0.0639,79408.27,0.0164,41.016,0.009383
2026-08-28T09:25:02Z,REDUSDT,COOLING,NONE,0.0,0.0,0.0,13.22,0.0,7813.68,5164.72,True,False,0.0,79408.27,0.0164,0.983,0.10591
2026-08-28T09:25:29Z,XRPUSDT,COOLING,NONE,0.0,0.0,0.0,2.12,0.0,100781.37,95273.92,True,False,0.0,79439.52,0.0394,1.086,1.4166
2026-08-28T09:25:31Z,HBARUSDT,COOLING,NONE,0.0,0.0,0.0,1.29,0.0,22903.43,31268.52,True,False,0.0,79439.52,0.0394,1.011,0.07769
2026-08-28T09:25:32Z,QAITUSDT,IMPULSE,NONE,0.0,0.0,0.0,70.46,0.0,339.29,5006.0,True,False,0.0,79439.52,0.0394,0.926,0.00198
2026-08-28T09:25:35Z,WUSDT,COOLING,BUY,0.0,45.43,45.43,12.78,0.0,11911.35,6046.96,True,False,0.0,79439.52,0.0394,1.324,0.009393
2026-08-28T09:25:37Z,REDUSDT,COOLING,NONE,0.0,0.0,0.0,13.22,0.0,7793.53,5164.72,True,False,0.0,79439.52,0.0394,1.163,0.10596
2026-08-28T09:27:51Z,XRPUSDT,COOLING,NONE,0.0,0.0,0.0,1.41,-0.71,52243.01,110889.48,True,False,0.0035,79402.88,-0.0461,1.031,1.4151
2026-08-28T09:28:33Z,HBARUSDT,COOLING,NONE,0.0,0.0,0.0,1.29,0.0,35434.83,20209.25,True,False,0.0,79402.88,-0.0461,1.04,0.07765
2026-08-28T09:28:35Z,QAITUSDT,IMPULSE,NONE,0.0,0.0,0.0,65.44,0.0,334.74,5006.0,True,False,0.0,79402.88,-0.0461,1.059,0.00198
2026-08-28T09:28:36Z,WUSDT,COOLING,NONE,0.0,0.0,0.0,9.59,0.0,9631.08,3125.24,True,False,0.0,79402.88,-0.0461,0.923,0.009388
2026-08-28T09:28:39Z,REDUSDT,COOLING,NONE,0.0,0.0,0.0,12.25,0.0,12559.32,5054.28,True,False,0.0,79402.88,-0.0461,0.966,0.10592
2026-08-28T09:29:07Z,XRPUSDT,COOLING,NONE,0.0,0.0,0.0,0.71,0.0,58555.23,77961.08,True,False,0.0,79373.35,-0.0372,0.903,1.4153
2026-08-28T09:29:09Z,HBARUSDT,COOLING,NONE,0.0,0.0,0.0,1.29,0.0,43635.64,33591.78,True,False,0.0,79373.35,-0.0372,1.02,0.07763
2026-08-28T09:29:12Z,QAITUSDT,IMPULSE,NONE,0.0,0.0,0.0,65.44,0.0,334.74,5006.0,True,False,0.0,79373.35,-0.0372,0.947,0.00198
2026-08-28T09:29:15Z,WUSDT,COOLING,NONE,0.0,0.0,0.0,9.58,1.06,11911.35,2846.87,True,False,0.0053,79373.35,-0.0372,0.984,0.009389
2026-08-28T09:29:16Z,REDUSDT,COOLING,NONE,0.0,0.0,0.0,12.25,0.0,12559.32,5120.82,True,False,0.0,79373.35,-0.0372,1.002,0.10619
2026-08-28T09:30:25Z,XRPUSDT,COOLING,SELL,1.18,0.0,1.18,1.41,0.71,103683.49,86879.31,True,False,-0.0247,79373.35,0.0,41.086,1.4145
2026-08-28T09:30:26Z,HBARUSDT,COOLING,NONE,0.0,0.0,0.0,1.29,0.0,32307.22,14205.43,True,False,0.0,79373.35,0.0,0.866,0.07766
2026-08-28T09:30:28Z,QAITUSDT,IMPULSE,NONE,0.0,0.0,0.0,65.44,0.0,334.74,1275.5,True,False,0.0,79373.35,0.0,0.981,0.00198
2026-08-28T09:30:30Z,WUSDT,COOLING,NONE,0.0,0.0,0.0,8.53,0.0,16067.84,2846.87,True,False,0.0,79373.35,0.0,1.262,0.00939
2026-08-28T09:30:32Z,REDUSDT,COOLING,NONE,0.0,0.0,0.0,12.25,0.0,7065.38,4891.74,True,False,0.0,79373.35,0.0,0.983,0.10619
2026-08-28T09:32:02Z,XRPUSDT,COOLING,NONE,0.0,0.0,0.0,1.41,-0.71,52765.22,83058.99,True,False,-0.0035,79383.29,0.0125,1.021,1.4143
2026-08-28T09:32:04Z,HBARUSDT,COOLING,NONE,0.0,0.0,0.0,2.58,1.29,21509.65,15346.91,True,False,-0.0064,79383.29,0.0125,0.987,0.07763
2026-08-28T09:32:05Z,QAITUSDT,IMPULSE,NONE,0.0,0.0,0.0,65.44,0.0,334.74,1001.06,True,False,0.0,79383.29,0.0125,0.932,0.00198
2026-08-28T09:32:09Z,WUSDT,COOLING,SELL,43.95,0.0,43.95,10.68,3.22,16246.86,2846.87,True,True,-0.1865,79383.29,0.0125,1.513,0.009381
2026-08-28T09:32:10Z,REDUSDT,COOLING,SELL,1.42,0.0,1.42,13.22,0.0,10943.71,5112.09,True,False,0.0,79383.29,0.0125,1.037,0.10617
2026-08-28T09:32:40Z,XRPUSDT,COOLING,NONE,0.0,0.0,0.0,2.12,0.0,41853.46,100305.61,True,False,0.0,79371.7,-0.0146,1.018,1.4128
2026-08-28T09:32:42Z,HBARUSDT,COOLING,NONE,0.0,0.0,0.0,2.58,1.29,22419.02,38257.17,True,False,0.0064,79371.7,-0.0146,0.937,0.07757
2026-08-28T09:32:43Z,QAITUSDT,IMPULSE,NONE,0.0,0.0,0.0,65.44,0.0,334.74,1275.5,True,False,0.0,79371.7,-0.0146,0.966,0.00198
2026-08-28T09:32:45Z,WUSDT,COOLING,NONE,0.0,0.0,0.0,12.8,0.0,11229.94,4033.55,True,False,0.0,79371.7,-0.0146,1.038,0.009372
2026-08-28T09:32:49Z,REDUSDT,COOLING,NONE,0.0,0.0,0.0,10.37,0.0,6827.32,5194.35,True,False,0.0,79371.7,-0.0146,1.537,0.10617
2026-08-28T09:33:19Z,XRPUSDT,COOLING,NONE,0.0,0.0,0.0,2.83,0.0,123227.12,84013.88,True,False,0.0,79342.92,-0.0363,1.012,1.4136
2026-08-28T09:33:20Z,HBARUSDT,COOLING,NONE,0.0,0.0,0.0,1.29,0.0,35794.25,15024.96,True,False,0.0,79342.92,-0.0363,0.976,0.07757
2026-08-28T09:33:22Z,QAITUSDT,IMPULSE,NONE,0.0,0.0,0.0,65.44,0.0,334.74,1275.5,True,False,0.0,79342.92,-0.0363,0.992,0.00198
2026-08-28T09:33:24Z,WUSDT,COOLING,NONE,0.0,0.0,0.0,12.8,0.0,10404.07,3997.0,True,False,0.0,79342.92,-0.0363,0.994,0.009377
2026-08-28T09:33:25Z,REDUSDT,COOLING,NONE,0.0,0.0,0.0,10.37,0.0,6827.32,5194.35,True,False,0.0,79342.92,-0.0363,0.864,0.10602
2026-08-28T09:34:19Z,XRPUSDT,COOLING,SELL,1.39,0.0,1.39,2.12,0.0,60997.92,97964.92,True,False,0.0,79372.42,0.0372,0.919,1.4144
2026-08-28T09:34:22Z,HBARUSDT,COOLING,BUY,0.44,16.3,16.3,1.29,0.0,19723.44,37247.57,True,False,-0.0129,79372.42,0.0372,2.021,0.07755
2026-08-28T09:34:26Z,QAITUSDT,IMPULSE,NONE,0.0,0.0,0.0,65.44,0.0,334.74,1275.5,True,False,0.0,79372.42,0.0372,2.0,0.00198
2026-08-28T09:34:29Z,WUSDT,COOLING,NONE,0.0,0.0,0.0,11.71,0.0,17842.12,6046.96,True,False,0.0,79372.42,0.0372,1.997,0.009389
2026-08-28T09:34:31Z,REDUSDT,COOLING,NONE,0.0,0.0,0.0,14.17,0.0,7272.92,6176.97,True,False,0.0,79372.42,0.0372,1.177,0.10607
2026-08-28T09:34:59Z,XRPUSDT,COOLING,BUY,0.0,0.84,0.84,2.83,0.0,54705.09,56707.73,True,False,0.0,79379.69,0.0092,1.05,1.4128
2026-08-28T09:35:01Z,HBARUSDT,COOLING,NONE,0.0,0.0,0.0,1.29,0.0,37149.07,20101.65,True,False,0.0,79379.69,0.0092,1.101,0.07758
2026-08-28T09:35:03Z,QAITUSDT,IMPULSE,NONE,0.0,0.0,0.0,60.42,0.0,334.74,1275.5,True,False,0.0,79379.69,0.0092,1.037,0.00198
2026-08-28T09:35:05Z,WUSDT,COOLING,NONE,0.0,0.0,0.0,8.52,0.0,17842.12,6046.96,True,False,0.0,79379.69,0.0092,1.015,0.009393
2026-08-28T09:35:06Z,REDUSDT,COOLING,NONE,0.0,0.0,0.0,14.17,0.0,8882.25,5917.39,True,False,0.0,79379.69,0.0092,0.977,0.10584
2026-08-28T09:36:55Z,XRPUSDT,COOLING,NONE,0.0,0.0,0.0,2.12,0.0,105881.53,75931.72,True,False,0.0,79350.74,-0.0365,1.171,1.4117
2026-08-28T09:36:56Z,HBARUSDT,COOLING,SELL,6.55,0.0,6.55,1.29,-0.0,24097.98,21168.56,True,False,0.0129,79350.74,-0.0365,1.011,0.07751
2026-08-28T09:36:58Z,QAITUSDT,IMPULSE,NONE,0.0,0.0,0.0,60.42,0.0,334.74,1275.5,True,False,0.0,79350.74,-0.0365,0.971,0.00198
2026-08-28T09:37:00Z,WUSDT,COOLING,NONE,0.0,0.0,0.0,10.65,0.0,9350.81,3294.01,True,False,0.0,79350.74,-0.0365,1.126,0.009385
2026-08-28T09:37:41Z,REDUSDT,COOLING,NONE,0.0,0.0,0.0,12.29,0.0,9633.98,5782.06,True,False,0.0,79350.74,-0.0365,0.908,0.10578
2026-08-28T09:38:50Z,XRPUSDT,COOLING,SELL,46.21,0.0,46.21,1.42,-1.42,86540.87,68781.27,True,False,0.0212,79372.42,0.0273,1.049,1.4135
2026-08-28T09:38:52Z,HBARUSDT,COOLING,SELL,19.63,0.0,19.63,1.29,-0.0,23412.75,15449.34,True,True,0.0129,79372.42,0.0273,1.18,0.0776
2026-08-28T09:39:33Z,QAITUSDT,IMPULSE,NONE,0.0,0.0,0.0,60.42,0.0,334.74,1275.5,True,False,0.0,79372.42,0.0273,1.021,0.00198
2026-08-28T09:39:35Z,WUSDT,COOLING,NONE,0.0,0.0,0.0,10.63,0.0,11341.29,10860.22,True,False,0.0,79372.42,0.0273,0.927,0.009407
2026-08-28T09:39:38Z,REDUSDT,COOLING,NONE,0.0,0.0,0.0,14.17,0.0,5903.59,5575.01,True,False,0.0,79372.42,0.0273,1.007,0.10593
2026-08-28T09:40:07Z,XRPUSDT,COOLING,NONE,0.0,0.0,0.0,2.12,0.0,84186.62,80030.16,True,False,0.0,79392.42,0.0252,0.91,1.4138
2026-08-28T09:40:09Z,HBARUSDT,COOLING,NONE,0.0,0.0,0.0,1.29,0.0,20231.92,30270.5,True,False,0.0,79392.42,0.0252,1.075,0.07768
2026-08-28T09:40:11Z,QAITUSDT,IMPULSE,NONE,0.0,0.0,0.0,60.42,0.0,334.74,1275.5,True,False,0.0,79392.42,0.0252,1.002,0.00198
2026-08-28T09:40:13Z,WUSDT,COOLING,NONE,0.0,0.0,0.0,11.7,0.0,11341.29,10860.22,True,False,0.0,79392.42,0.0252,1.206,0.009407
2026-08-28T09:40:15Z,REDUSDT,COOLING,NONE,0.0,0.0,0.0,14.17,0.0,5903.59,5575.01,True,False,0.0,79392.42,0.0252,0.882,0.10593
2026-08-28T09:40:46Z,XRPUSDT,COOLING,SELL,71.49,0.0,71.49,2.12,0.71,125728.78,82079.04,True,False,-0.0035,79399.11,0.0084,0.98,1.4143
2026-08-28T09:40:49Z,HBARUSDT,COOLING,BUY,2.1,23.93,23.93,3.86,2.58,35502.68,20278.43,True,False,-0.0257,79399.11,0.0084,2.012,0.07768
2026-08-28T09:40:51Z,QAITUSDT,IMPULSE,NONE,0.0,0.0,0.0,60.42,0.0,334.74,1275.5,True,False,0.0,79399.11,0.0084,1.031,0.00198
2026-08-28T09:40:53Z,WUSDT,COOLING,NONE,0.0,0.0,0.0,13.84,0.0,10430.19,7207.09,True,False,0.0,79399.11,0.0084,1.023,0.009409
2026-08-28T09:40:55Z,REDUSDT,COOLING,NONE,0.0,0.0,0.0,10.41,0.0,8398.19,5951.16,True,False,0.0,79399.11,0.0084,0.855,0.10588
2026-08-28T09:42:31Z,XRPUSDT,COOLING,NONE,0.0,0.0,0.0,2.83,-0.71,100985.07,110798.95,True,False,-0.0035,79364.29,-0.0439,0.904,1.4115
2026-08-28T09:42:32Z,HBARUSDT,COOLING,NONE,0.0,0.0,0.0,1.29,0.0,33482.97,26999.42,True,False,0.0,79364.29,-0.0439,0.904,0.07759
2026-08-28T09:42:34Z,QAITUSDT,IMPULSE,NONE,0.0,0.0,0.0,60.42,0.0,334.74,1275.5,True,False,0.0,79364.29,-0.0439,0.997,0.00198
2026-08-28T09:42:36Z,WUSDT,COOLING,NONE,0.0,0.0,0.0,14.92,0.0,10425.71,4035.09,True,False,0.0,79364.29,-0.0439,0.911,0.009385
2026-08-28T09:42:37Z,REDUSDT,COOLING,NONE,0.0,0.0,0.0,12.32,0.0,6117.9,5028.32,True,False,0.0,79364.29,-0.0439,1.004,0.10563
2026-08-28T09:43:07Z,XRPUSDT,COOLING,NONE,0.0,0.0,0.0,2.13,-0.71,78844.25,112505.38,True,False,0.0035,79341.59,-0.0286,1.099,1.4107
2026-08-28T09:43:09Z,HBARUSDT,COOLING,NONE,0.0,0.0,0.0,2.58,0.0,26866.5,36261.46,True,False,0.0,79341.59,-0.0286,1.04,0.07753
2026-08-28T09:43:11Z,QAITUSDT,IMPULSE,NONE,0.0,0.0,0.0,60.42,0.0,334.74,1275.5,True,False,0.0,79341.59,-0.0286,0.918,0.00198
2026-08-28T09:43:13Z,WUSDT,COOLING,NONE,0.0,0.0,0.0,14.92,0.0,9655.33,3617.45,True,False,0.0,79341.59,-0.0286,1.483,0.009388
2026-08-28T09:43:15Z,REDUSDT,COOLING,NONE,0.0,0.0,0.0,12.32,0.0,5847.3,4782.52,True,False,0.0,79341.59,-0.0286,1.017,0.10553
2026-08-28T09:43:42Z,XRPUSDT,COOLING,NONE,0.0,0.0,0.0,1.42,0.71,44241.69,53885.8,True,False,0.0035,79325.0,-0.0209,0.949,1.4105
2026-08-28T09:43:45Z,HBARUSDT,COOLING,BUY,0.0,6.05,6.05,1.29,0.0,28954.33,19821.19,True,False,-0.0129,79325.0,-0.0209,1.992,0.07753
2026-08-28T09:43:47Z,QAITUSDT,IMPULSE,NONE,0.0,0.0,0.0,60.42,0.0,334.74,1275.5,True,False,0.0,79325.0,-0.0209,1.587,0.00198
2026-08-28T09:43:49Z,WUSDT,COOLING,NONE,0.0,0.0,0.0,10.66,0.0,9655.33,3617.45,True,False,0.0,79325.0,-0.0209,0.965,0.009383
2026-08-28T09:43:51Z,REDUSDT,COOLING,NONE,0.0,0.0,0.0,12.32,0.0,5847.3,4932.28,True,False,0.0,79325.0,-0.0209,0.88,0.10553
2026-08-28T09:45:24Z,XRPUSDT,COOLING,NONE,0.0,0.0,0.0,1.42,0.0,77722.28,54679.02,True,False,0.0,79306.35,-0.0235,0.982,1.4102
2026-08-28T09:45:26Z,HBARUSDT,COOLING,BUY,0.0,1.05,1.05,1.29,0.0,18216.32,19751.36,True,False,0.0,79306.35,-0.0235,1.214,0.07749
2026-08-28T09:45:29Z,QAITUSDT,IMPULSE,NONE,0.0,0.0,0.0,60.42,0.0,334.74,1275.5,True,False,0.0,79306.35,-0.0235,2.316,0.00198
2026-08-28T09:45:33Z,WUSDT,COOLING,NONE,0.0,0.0,0.0,14.92,0.0,9480.46,4249.72,True,False,0.0,79306.35,-0.0235,1.08,0.009379
2026-08-28T09:45:36Z,REDUSDT,COOLING,NONE,0.0,0.0,0.0,20.81,0.0,7235.91,4977.49,True,False,0.0,79306.35,-0.0235,1.059,0.10557
2026-08-28T09:46:45Z,XRPUSDT,COOLING,BUY,0.0,3.82,3.82,1.42,-0.71,45986.37,78128.47,True,False,-0.0035,79328.92,0.0285,1.069,1.4105
2026-08-28T09:46:48Z,HBARUSDT,COOLING,BUY,0.0,5.74,5.74,6.46,-2.58,9797.62,43019.73,True,False,0.0258,79328.92,0.0285,2.051,0.07749
2026-08-28T09:46:50Z,QAITUSDT,IMPULSE,NONE,0.0,0.0,0.0,60.42,0.0,334.74,1275.5,True,False,0.0,79328.92,0.0285,0.915,0.00198
2026-08-28T09:46:52Z,WUSDT,COOLING,NONE,0.0,0.0,0.0,11.7,0.0,9303.57,10860.22,True,False,0.0,79328.92,0.0285,0.96,0.009417
2026-08-28T09:46:54Z,REDUSDT,COOLING,NONE,0.0,0.0,0.0,14.17,0.0,8143.58,4810.22,True,False,0.0,79328.92,0.0285,0.942,0.10596
2026-08-28T09:47:27Z,XRPUSDT,COOLING,NONE,0.0,0.0,0.0,2.13,0.0,51498.73,62634.63,True,False,0.0,79285.0,-0.0554,0.887,1.4095
2026-08-28T09:47:28Z,HBARUSDT,COOLING,NONE,0.0,0.0,0.0,1.29,0.0,21358.13,38551.89,True,False,0.0,79285.0,-0.0554,0.905,0.07746
2026-08-28T09:47:30Z,QAITUSDT,IMPULSE,NONE,0.0,0.0,0.0,60.42,0.0,334.74,1275.5,True,False,0.0,79285.0,-0.0554,0.867,0.00198
2026-08-28T09:47:32Z,WUSDT,COOLING,NONE,0.0,0.0,0.0,10.63,0.0,14707.05,11278.24,True,False,0.0,79285.0,-0.0554,0.904,0.00941
2026-08-28T09:47:33Z,REDUSDT,COOLING,NONE,0.0,0.0,0.0,13.22,0.0,7143.59,4826.15,True,False,0.0,79285.0,-0.0554,0.961,0.10596
2026-08-28T09:49:49Z,XRPUSDT,COOLING,SELL,18.69,0.0,18.69,2.13,0.0,88113.74,72037.79,True,False,0.0,79270.01,-0.0189,1.024,1.4091
2026-08-28T09:49:50Z,HBARUSDT,COOLING,NONE,0.0,0.0,0.0,2.58,1.29,31387.6,39093.3,True,False,-0.0065,79270.01,-0.0189,0.958,0.07748
2026-08-28T09:49:52Z,QAITUSDT,IMPULSE,NONE,0.0,0.0,0.0,60.42,0.0,334.74,1275.5,True,False,0.0,79270.01,-0.0189,0.954,0.00198
2026-08-28T09:49:54Z,WUSDT,COOLING,NONE,0.0,0.0,0.0,12.75,0.0,10253.0,10889.74,True,False,0.0,79270.01,-0.0189,0.885,0.009415
2026-08-28T09:49:55Z,REDUSDT,COOLING,NONE,0.0,0.0,0.0,14.17,0.0,8143.58,4887.43,True,False,0.0,79270.01,-0.0189,0.963,0.10591
2026-08-28T09:51:09Z,XRPUSDT,COOLING,NONE,0.0,0.0,0.0,2.13,0.0,40558.73,67176.89,True,False,0.0,79285.02,0.0189,1.927,1.4101
2026-08-28T09:51:10Z,HBARUSDT,COOLING,NONE,0.0,0.0,0.0,1.29,0.0,21113.53,33574.51,True,False,0.0,79285.02,0.0189,1.05,0.07748
2026-08-28T09:51:12Z,QAITUSDT,IMPULSE,NONE,0.0,0.0,0.0,60.42,0.0,334.74,1275.5,True,False,0.0,79285.02,0.0189,0.98,0.00198
2026-08-28T09:51:14Z,WUSDT,COOLING,NONE,0.0,0.0,0.0,13.79,0.0,11163.39,3413.66,True,False,0.0,79285.02,0.0189,1.005,0.009415
2026-08-28T09:51:17Z,REDUSDT,COOLING,NONE,0.0,0.0,0.0,12.25,0.0,7045.05,5464.16,True,False,0.0,79285.02,0.0189,1.052,0.10605
2026-08-28T09:52:28Z,XRPUSDT,COOLING,NONE,0.0,0.0,0.0,2.13,0.0,37565.54,72649.09,True,False,0.0,79333.26,0.0608,1.877,1.4109
2026-08-28T09:52:31Z,HBARUSDT,COOLING,NONE,0.0,0.0,0.0,2.58,1.29,22894.85,10217.83,True,False,0.0064,79333.26,0.0608,0.939,0.07755
2026-08-28T09:53:13Z,QAITUSDT,IMPULSE,NONE,0.0,0.0,0.0,60.42,0.0,334.74,1001.06,True,False,0.0,79333.26,0.0608,1.191,0.00198
2026-08-28T09:53:15Z,WUSDT,COOLING,NONE,0.0,0.0,0.0,8.49,0.0,8486.78,9840.28,True,False,0.0,79333.26,0.0608,0.89,0.009419
2026-08-28T09:53:16Z,REDUSDT,COOLING,NONE,0.0,0.0,0.0,13.22,0.0,7576.4,5370.06,True,False,0.0,79333.26,0.0608,1.01,0.10605
2026-08-28T09:54:09Z,XRPUSDT,COOLING,NONE,0.0,0.0,0.0,2.13,0.0,89096.25,108611.05,True,False,0.0,79320.19,-0.0165,1.039,1.4106
2026-08-28T09:54:11Z,HBARUSDT,COOLING,NONE,0.0,0.0,0.0,1.29,0.0,33829.23,20160.77,True,False,0.0,79320.19,-0.0165,1.5,0.07752
2026-08-28T09:54:13Z,QAITUSDT,IMPULSE,NONE,0.0,0.0,0.0,60.42,0.0,334.74,1001.06,True,False,0.0,79320.19,-0.0165,0.887,0.00198
2026-08-28T09:54:15Z,WUSDT,COOLING,BUY,0.0,42.73,42.73,8.49,0.0,8486.78,9840.28,True,True,0.0,79320.19,-0.0165,0.91,0.009418
2026-08-28T09:54:16Z,REDUSDT,COOLING,NONE,0.0,0.0,0.0,13.22,0.0,7576.4,5913.05,True,False,0.0,79320.19,-0.0165,0.962,0.10594
2026-08-28T09:55:26Z,XRPUSDT,COOLING,SELL,39.7,23.27,39.7,2.84,2.13,104697.88,92678.5,True,False,0.0035,79311.25,-0.0113,1.027,1.4105
2026-08-28T09:55:28Z,HBARUSDT,COOLING,BUY,8.19,39.71,39.71,1.29,-0.0,28796.87,30895.59,True,False,0.0129,79311.25,-0.0113,1.22,0.07754
2026-08-28T09:55:30Z,QAITUSDT,IMPULSE,NONE,0.0,0.0,0.0,60.42,0.0,334.74,1001.06,True,False,0.0,79311.25,-0.0113,1.008,0.00198
2026-08-28T09:55:32Z,WUSDT,COOLING,NONE,0.0,0.0,0.0,7.43,0.0,8486.78,6014.28,True,False,0.0,79311.25,-0.0113,0.872,0.009419
2026-08-28T09:55:34Z,REDUSDT,COOLING,NONE,0.0,0.0,0.0,16.97,0.0,9543.07,5144.39,True,False,0.0,79311.25,-0.0113,1.013,0.10603
2026-08-28T09:56:01Z,XRPUSDT,COOLING,NONE,0.0,0.0,0.0,2.84,0.71,43897.85,131109.15,True,False,0.0035,79303.55,-0.0097,0.924,1.4109
2026-08-28T09:56:03Z,HBARUSDT,COOLING,NONE,0.0,0.0,0.0,1.29,0.0,23990.24,15809.96,True,False,0.0,79303.55,-0.0097,1.018,0.07753
2026-08-28T09:56:05Z,QAITUSDT,IMPULSE,NONE,0.0,0.0,0.0,60.42,0.0,334.74,1001.06,True,False,0.0,79303.55,-0.0097,1.039,0.00198
2026-08-28T09:56:07Z,WUSDT,COOLING,NONE,0.0,0.0,0.0,7.43,0.0,8486.78,9840.28,True,False,0.0,79303.55,-0.0097,1.132,0.009418
2026-08-28T09:56:49Z,REDUSDT,COOLING,NONE,0.0,0.0,0.0,15.1,0.0,7734.67,5758.66,True,False,0.0,79303.55,-0.0097,1.071,0.10603
2026-08-28T09:58:24Z,XRPUSDT,COOLING,SELL,0.63,0.0,0.63,1.42,-0.71,63015.24,100941.31,True,False,-0.0035,79289.54,-0.0177,1.137,1.4106
2026-08-28T09:58:28Z,HBARUSDT,COOLING,NONE,0.0,0.0,0.0,1.29,0.0,25031.23,41291.91,True,False,0.0,79289.54,-0.0177,1.971,0.07749
2026-08-28T09:59:11Z,QAITUSDT,IMPULSE,NONE,0.0,0.0,0.0,60.42,0.0,334.74,5006.0,True,False,0.0,79289.54,-0.0177,1.9,0.00198
2026-08-28T09:59:13Z,WUSDT,COOLING,NONE,0.0,0.0,0.0,8.5,0.0,8886.93,11194.12,True,False,0.0,79289.54,-0.0177,1.042,0.009409
2026-08-28T09:59:16Z,REDUSDT,COOLING,NONE,0.0,0.0,0.0,14.17,0.0,7560.64,5559.72,True,False,0.0,79289.54,-0.0177,2.006,0.10587
2026-08-28T10:00:28Z,XRPUSDT,COOLING,NONE,0.0,0.0,0.0,1.42,0.0,52533.93,134383.0,True,False,0.0,79284.06,-0.0069,0.918,1.41
2026-08-28T10:00:30Z,HBARUSDT,COOLING,SELL,19.95,0.0,19.95,1.29,0.0,29564.9,19546.93,True,False,0.0,79284.06,-0.0069,1.008,0.07748
2026-08-28T10:00:31Z,QAITUSDT,IMPULSE,NONE,0.0,0.0,0.0,60.42,0.0,334.74,5006.0,True,False,0.0,79284.06,-0.0069,1.009,0.00198
2026-08-28T10:00:33Z,WUSDT,COOLING,NONE,0.0,0.0,0.0,8.51,0.0,9329.3,7122.62,True,False,0.0,79284.06,-0.0069,1.002,0.009397
2026-08-28T10:00:37Z,REDUSDT,COOLING,NONE,0.0,0.0,0.0,13.22,0.0,7560.64,5675.09,True,False,0.0,79284.06,-0.0069,1.606,0.10588
2026-08-28T10:01:05Z,XRPUSDT,COOLING,SELL,24.0,22.08,24.0,2.84,0.71,95598.52,103047.95,True,False,0.0177,79280.77,-0.0041,1.035,1.4093
2026-08-28T10:01:07Z,HBARUSDT,COOLING,NONE,0.0,0.0,0.0,1.29,0.0,25831.55,28811.05,True,False,0.0,79280.77,-0.0041,1.066,0.07748
2026-08-28T10:01:09Z,QAITUSDT,IMPULSE,NONE,0.0,0.0,0.0,60.42,0.0,334.74,5006.0,True,False,0.0,79280.77,-0.0041,0.967,0.00198
2026-08-28T10:01:10Z,WUSDT,COOLING,NONE,0.0,0.0,0.0,8.51,0.0,9329.3,7122.62,True,False,0.0,79280.77,-0.0041,0.984,0.009395
2026-08-28T10:01:12Z,REDUSDT,COOLING,NONE,0.0,0.0,0.0,13.22,0.0,7560.64,5675.09,True,False,0.0,79280.77,-0.0041,1.053,0.10594
2026-08-28T10:02:46Z,XRPUSDT,COOLING,SELL,23.64,0.0,23.64,2.13,0.71,66175.62,70161.59,True,False,0.0036,79284.03,0.0041,0.934,1.408
2026-08-28T10:02:48Z,HBARUSDT,COOLING,NONE,0.0,0.0,0.0,1.29,0.0,18074.72,21882.16,True,False,0.0,79284.03,0.0041,1.007,0.07748
2026-08-28T10:02:50Z,QAITUSDT,IMPULSE,NONE,0.0,0.0,0.0,60.42,0.0,334.74,1275.5,True,False,0.0,79284.03,0.0041,0.93,0.00198
2026-08-28T10:02:51Z,WUSDT,COOLING,NONE,0.0,0.0,0.0,7.46,0.0,8306.49,3520.25,True,False,0.0,79284.03,0.0041,0.91,0.00938
2026-08-28T10:02:53Z,REDUSDT,COOLING,NONE,0.0,0.0,0.0,12.29,0.0,10718.5,5485.82,True,False,0.0,79284.03,0.0041,0.934,0.10578
2026-08-28T10:03:23Z,XRPUSDT,COOLING,NONE,0.0,0.0,0.0,2.13,0.71,55511.3,107383.07,True,False,0.0107,79234.43,-0.0626,1.2,1.4075
2026-08-28T10:03:25Z,HBARUSDT,COOLING,NONE,0.0,0.0,0.0,3.88,-0.0,4456.98,35164.71,True,False,0.0129,79234.43,-0.0626,0.906,0.07739
2026-08-28T10:03:27Z,QAITUSDT,IMPULSE,NONE,0.0,0.0,0.0,60.42,0.0,334.74,1275.5,True,False,0.0,79234.43,-0.0626,1.397,0.00198
2026-08-28T10:04:09Z,WUSDT,COOLING,NONE,0.0,0.0,0.0,10.68,-0.0,8298.45,3869.81,True,False,0.0107,79234.43,-0.0626,1.231,0.00938
2026-08-28T10:04:11Z,REDUSDT,COOLING,NONE,0.0,0.0,0.0,12.29,0.0,10889.11,5521.98,True,False,0.0,79234.43,-0.0626,0.879,0.10577
2026-08-28T10:04:39Z,XRPUSDT,COOLING,SELL,32.42,0.0,32.42,3.56,2.13,44350.07,73637.59,True,False,0.0534,79170.82,-0.0803,0.888,1.4055
2026-08-28T10:04:42Z,HBARUSDT,COOLING,BUY,0.0,2.29,2.29,6.47,-1.29,36131.97,35826.13,True,False,-0.0065,79170.82,-0.0803,1.026,0.07727
2026-08-28T10:04:44Z,QAITUSDT,IMPULSE,NONE,0.0,0.0,0.0,60.42,0.0,334.74,1275.5,True,False,0.0,79170.82,-0.0803,1.058,0.00198
2026-08-28T10:04:46Z,WUSDT,COOLING,NONE,0.0,0.0,0.0,8.55,-1.07,8904.47,3476.29,True,False,0.0053,79170.82,-0.0803,0.896,0.009349
2026-08-28T10:05:27Z,REDUSDT,COOLING,NONE,0.0,0.0,0.0,10.41,0.0,9677.32,5324.21,True,False,0.0,79170.82,-0.0803,0.991,0.10577
2026-08-28T10:06:21Z,XRPUSDT,COOLING,NONE,0.0,0.0,0.0,1.42,0.0,60754.11,66531.33,True,False,0.0,79198.94,0.0355,0.894,1.4055
2026-08-28T10:06:24Z,HBARUSDT,COOLING,BUY,0.0,9.93,9.93,3.88,2.59,19771.5,35082.41,True,False,0.0,79198.94,0.0355,0.963,0.07728
2026-08-28T10:06:26Z,QAITUSDT,IMPULSE,NONE,0.0,0.0,0.0,60.42,0.0,334.74,1275.5,True,False,0.0,79198.94,0.0355,0.951,0.00198
2026-08-28T10:06:27Z,WUSDT,COOLING,NONE,0.0,0.0,0.0,11.75,0.0,10872.69,3469.29,True,False,0.0,79198.94,0.0355,0.949,0.009364
2026-08-28T10:06:29Z,REDUSDT,COOLING,NONE,0.0,0.0,0.0,22.73,0.0,7116.23,5324.21,True,False,0.0,79198.94,0.0355,0.899,0.10565
2026-08-28T10:07:38Z,XRPUSDT,COOLING,NONE,0.0,0.0,0.0,2.85,-0.71,119887.96,94154.54,True,False,0.0036,79062.51,-0.1723,1.006,1.402
2026-08-28T10:07:40Z,HBARUSDT,COOLING,NONE,0.0,0.0,0.0,1.3,0.0,34856.1,34692.98,True,False,0.0,79062.51,-0.1723,0.956,0.07719
2026-08-28T10:07:41Z,QAITUSDT,IMPULSE,NONE,0.0,0.0,0.0,60.42,0.0,334.74,1275.5,True,False,0.0,79062.51,-0.1723,0.937,0.00198
2026-08-28T10:07:43Z,WUSDT,COOLING,NONE,0.0,0.0,0.0,7.5,0.0,8925.36,3888.96,True,False,0.0,79062.51,-0.1723,0.988,0.009356
2026-08-28T10:07:46Z,REDUSDT,COOLING,NONE,0.0,0.0,0.0,15.17,0.0,6206.29,3028.27,True,False,0.0,79062.51,-0.1723,1.058,0.10544
2026-08-28T10:09:38Z,XRPUSDT,COOLING,BUY,0.0,28.27,28.27,2.85,0.71,100021.95,109943.38,True,False,-0.0107,79041.09,-0.0271,0.978,1.4028
2026-08-28T10:09:40Z,HBARUSDT,COOLING,NONE,0.0,0.0,0.0,1.29,0.0,41178.73,38751.67,True,False,0.0,79041.09,-0.0271,0.888,0.07723
2026-08-28T10:09:42Z,QAITUSDT,IMPULSE,NONE,0.0,0.0,0.0,60.42,0.0,334.74,1275.5,True,False,0.0,79041.09,-0.0271,0.912,0.00198
2026-08-28T10:09:45Z,WUSDT,COOLING,NONE,0.0,0.0,0.0,12.84,0.0,8646.13,4113.43,True,False,0.0,79041.09,-0.0271,0.983,0.009349
2026-08-28T10:09:48Z,REDUSDT,COOLING,NONE,0.0,0.0,0.0,15.17,0.0,6936.56,3028.27,True,False,0.0,79041.09,-0.0271,0.902,0.10545
2026-08-28T10:10:40Z,XRPUSDT,COOLING,NONE,0.0,0.0,0.0,2.13,-1.42,52902.2,53138.7,True,False,0.0071,79119.59,0.0993,0.889,1.4051
2026-08-28T10:10:41Z,HBARUSDT,COOLING,BUY,0.0,3.98,3.98,1.29,-0.0,22244.66,18251.84,True,False,0.0129,79119.59,0.0993,0.923,0.07744
2026-08-28T10:10:43Z,QAITUSDT,IMPULSE,NONE,0.0,0.0,0.0,60.42,0.0,334.74,1275.5,True,False,0.0,79119.59,0.0993,1.075,0.00198
2026-08-28T10:10:46Z,WUSDT,COOLING,SELL,35.06,0.0,35.06,16.0,0.0,15247.74,2692.71,True,False,0.0,79119.59,0.0993,0.92,0.009366
2026-08-28T10:10:48Z,REDUSDT,COOLING,NONE,0.0,0.0,0.0,10.41,0.0,8375.95,3028.27,True,False,0.0,79119.59,0.0993,0.987,0.10565
2026-08-28T10:12:18Z,XRPUSDT,COOLING,NONE,0.0,0.0,0.0,2.84,0.0,51256.87,93136.75,True,False,0.0,79179.99,0.0763,1.002,1.408
2026-08-28T10:12:20Z,HBARUSDT,COOLING,NONE,0.0,0.0,0.0,1.29,0.0,17029.8,35981.98,True,False,0.0,79179.99,0.0763,1.018,0.0775
2026-08-28T10:12:23Z,QAITUSDT,IMPULSE,NONE,0.0,0.0,0.0,60.42,0.0,334.74,1275.5,True,False,0.0,79179.99,0.0763,1.02,0.00198
2026-08-28T10:12:30Z,WUSDT,COOLING,NONE,0.0,0.0,0.0,9.58,0.0,11490.0,7950.13,True,False,0.0,79179.99,0.0763,0.979,0.009375
2026-08-28T10:12:33Z,REDUSDT,COOLING,NONE,0.0,0.0,0.0,10.41,0.0,7364.36,3068.38,True,False,0.0,79179.99,0.0763,1.28,0.10569
2026-08-28T10:13:05Z,XRPUSDT,COOLING,NONE,0.0,0.0,0.0,2.13,-0.71,54976.86,87336.28,True,False,0.0178,79195.36,0.0194,1.519,1.4078
2026-08-28T10:13:07Z,HBARUSDT,COOLING,NONE,0.0,0.0,0.0,1.29,0.0,34578.63,23045.56,True,False,0.0,79195.36,0.0194,0.917,0.07751
2026-08-28T10:13:09Z,QAITUSDT,IMPULSE,NONE,0.0,0.0,0.0,60.42,0.0,334.74,1275.5,True,False,0.0,79195.36,0.0194,1.075,0.00198
2026-08-28T10:13:11Z,WUSDT,COOLING,NONE,0.0,0.0,0.0,19.15,0.0,10066.17,11113.59,True,False,0.0,79195.36,0.0194,1.015,0.009395
2026-08-28T10:13:12Z,REDUSDT,COOLING,NONE,0.0,0.0,0.0,10.41,0.0,7364.36,3252.3,True,False,0.0,79195.36,0.0194,0.922,0.10569
2026-08-28T10:14:47Z,XRPUSDT,COOLING,NONE,0.0,0.0,0.0,1.42,0.0,75675.24,95536.14,True,False,0.0,79209.12,0.0174,0.952,1.4081
2026-08-28T10:15:32Z,HBARUSDT,COOLING,SELL,0.94,0.0,0.94,1.29,-0.0,37854.53,17299.2,True,False,0.0775,79209.12,0.0174,44.244,0.0775
2026-08-28T10:15:33Z,QAITUSDT,IMPULSE,NONE,0.0,0.0,0.0,10.11,0.0,334.74,5006.0,True,False,0.0,79209.12,0.0174,0.935,0.00198
2026-08-28T10:15:35Z,WUSDT,COOLING,NONE,0.0,0.0,0.0,17.02,0.0,10030.63,11113.59,True,False,0.0,79209.12,0.0174,0.907,0.009395
2026-08-28T10:15:37Z,REDUSDT,COOLING,NONE,0.0,0.0,0.0,10.41,0.0,7248.85,3068.38,True,False,0.0,79209.12,0.0174,0.902,0.10568
2026-08-28T10:16:08Z,XRPUSDT,COOLING,SELL,0.45,0.0,0.45,4.26,2.13,79234.35,52267.77,True,False,-0.0177,79215.07,0.0075,0.895,1.4089
2026-08-28T10:16:09Z,HBARUSDT,COOLING,SELL,41.16,0.0,41.16,1.29,0.0,39452.95,36606.67,True,True,0.0,79215.07,0.0075,0.871,0.07751
2026-08-28T10:16:51Z,QAITUSDT,IMPULSE,NONE,0.0,0.0,0.0,10.11,0.0,334.74,5006.0,True,False,0.0,79215.07,0.0075,40.926,0.00198
2026-08-28T10:16:53Z,WUSDT,COOLING,NONE,0.0,0.0,0.0,11.71,0.0,9986.58,7950.13,True,False,0.0,79215.07,0.0075,0.931,0.009397
2026-08-28T10:16:55Z,REDUSDT,COOLING,NONE,0.0,0.0,0.0,12.32,0.0,6655.84,3212.18,True,False,0.0,79215.07,0.0075,0.905,0.10563
2026-08-28T10:17:24Z,XRPUSDT,COOLING,NONE,0.0,0.0,0.0,1.42,-0.71,77823.43,95539.42,True,False,0.0107,79168.88,-0.0583,1.991,1.4073
2026-08-28T10:17:26Z,HBARUSDT,COOLING,NONE,0.0,0.0,0.0,1.29,0.0,37633.52,23022.74,True,False,0.0,79168.88,-0.0583,0.97,0.07747
2026-08-28T10:18:09Z,QAITUSDT,IMPULSE,NONE,0.0,0.0,0.0,10.11,0.0,334.74,5006.0,True,False,0.0,79168.88,-0.0583,1.236,0.00198
2026-08-28T10:18:11Z,WUSDT,COOLING,NONE,0.0,0.0,0.0,11.71,0.0,9986.58,7950.13,True,False,0.0,79168.88,-0.0583,1.019,0.009398
2026-08-28T10:18:12Z,REDUSDT,COOLING,NONE,0.0,0.0,0.0,12.32,0.0,6655.84,3212.18,True,False,0.0,79168.88,-0.0583,0.905,0.10557
2026-08-28T10:19:05Z,XRPUSDT,COOLING,NONE,0.0,0.0,0.0,2.13,0.0,53435.91,93750.99,True,False,-0.0071,79197.17,0.0357,1.989,1.4078
2026-08-28T10:19:08Z,HBARUSDT,COOLING,NONE,0.0,0.0,0.0,2.58,1.29,22266.74,37151.75,True,False,-0.0065,79197.17,0.0357,1.996,0.07748
2026-08-28T10:19:10Z,QAITUSDT,IMPULSE,NONE,0.0,0.0,0.0,10.11,0.0,334.74,5006.0,True,False,0.0,79197.17,0.0357,1.002,0.00198
2026-08-28T10:19:12Z,WUSDT,COOLING,NONE,0.0,0.0,0.0,9.57,0.0,9923.6,3200.11,True,False,0.0,79197.17,0.0357,1.004,0.009404
2026-08-28T10:19:16Z,REDUSDT,COOLING,NONE,0.0,0.0,0.0,12.32,0.0,6655.84,3212.18,True,False,0.0,79197.17,0.0357,0.955,0.10551
2026-08-28T10:19:44Z,XRPUSDT,COOLING,NONE,0.0,0.0,0.0,2.13,0.0,55622.0,80019.18,True,False,0.0,79201.79,0.0058,0.984,1.4075
2026-08-28T10:19:46Z,HBARUSDT,COOLING,NONE,0.0,0.0,0.0,1.29,0.0,23318.94,37151.75,True,False,0.0,79201.79,0.0058,0.999,0.07749
2026-08-28T10:19:48Z,QAITUSDT,IMPULSE,NONE,0.0,0.0,0.0,10.11,0.0,334.74,5006.0,True,False,0.0,79201.79,0.0058,1.061,0.001978
2026-08-28T10:19:50Z,WUSDT,COOLING,NONE,0.0,0.0,0.0,10.63,0.0,9923.6,11113.59,True,False,0.0,79201.79,0.0058,1.035,0.009404
2026-08-28T10:19:52Z,REDUSDT,COOLING,NONE,0.0,0.0,0.0,12.32,0.0,6655.84,3212.18,True,False,0.0,79201.79,0.0058,1.902,0.10551
2026-08-28T10:20:19Z,XRPUSDT,COOLING,NONE,0.0,0.0,0.0,2.84,0.0,84884.59,111133.75,True,False,0.0,79185.35,-0.0208,1.035,1.407
2026-08-28T10:20:21Z,HBARUSDT,COOLING,NONE,0.0,0.0,0.0,2.58,0.0,21151.56,34521.22,True,False,0.0,79185.35,-0.0208,0.979,0.07748
2026-08-28T10:20:23Z,QAITUSDT,IMPULSE,NONE,0.0,0.0,0.0,10.11,0.0,334.74,5006.0,True,False,0.0,79185.35,-0.0208,1.024,0.001978
2026-08-28T10:20:26Z,WUSDT,COOLING,NONE,0.0,0.0,0.0,7.45,0.0,9908.69,8061.54,True,False,0.0,79185.35,-0.0208,2.003,0.009407
2026-08-28T10:20:28Z,REDUSDT,COOLING,NONE,0.0,0.0,0.0,12.32,0.0,6655.84,3212.18,True,False,0.0,79185.35,-0.0208,0.959,0.10556
2026-08-28T10:21:19Z,XRPUSDT,COOLING,NONE,0.0,0.0,0.0,2.84,0.0,41437.99,118822.87,True,False,0.0,79178.14,-0.0091,0.997,1.4068
2026-08-28T10:21:20Z,HBARUSDT,COOLING,NONE,0.0,0.0,0.0,1.29,0.0,21151.56,17018.59,True,False,0.0,79178.14,-0.0091,1.047,0.07748
2026-08-28T10:21:22Z,QAITUSDT,IMPULSE,NONE,0.0,0.0,0.0,10.11,0.0,334.74,5006.0,True,False,0.0,79178.14,-0.0091,0.992,0.001978
2026-08-28T10:22:05Z,WUSDT,COOLING,NONE,0.0,0.0,0.0,14.92,0.0,7900.77,4239.2,True,False,0.0,79178.14,-0.0091,2.082,0.009389
2026-08-28T10:22:08Z,REDUSDT,COOLING,NONE,0.0,0.0,0.0,12.32,0.0,6059.65,3175.47,True,False,0.0,79178.14,-0.0091,1.072,0.10553
2026-08-28T10:22:39Z,XRPUSDT,COOLING,BUY,0.0,14.99,14.99,3.55,1.42,61125.28,96453.6,True,False,0.0071,79175.65,-0.0031,2.105,1.4077
2026-08-28T10:22:41Z,HBARUSDT,COOLING,NONE,0.0,0.0,0.0,1.29,0.0,20455.57,38595.06,True,False,0.0,79175.65,-0.0031,0.947,0.0775
2026-08-28T10:22:43Z,QAITUSDT,IMPULSE,NONE,0.0,0.0,0.0,10.11,0.0,334.74,5006.0,True,False,0.0,79175.65,-0.0031,1.066,0.001978
2026-08-28T10:23:26Z,WUSDT,COOLING,NONE,0.0,0.0,0.0,11.71,0.0,9698.82,7626.42,True,False,0.0,79175.65,-0.0031,1.992,0.009393
2026-08-28T10:23:30Z,REDUSDT,COOLING,NONE,0.0,0.0,0.0,22.73,0.0,6034.21,3175.47,True,False,0.0,79175.65,-0.0031,2.039,0.10564
2026-08-28T10:25:21Z,XRPUSDT,COOLING,NONE,0.0,0.0,0.0,2.84,0.71,55107.26,77029.35,True,False,0.0036,79170.97,-0.0059,40.988,1.4071
2026-08-28T10:25:23Z,HBARUSDT,COOLING,BUY,0.0,1.76,1.76,1.29,0.0,25870.9,27795.66,True,False,-0.0129,79170.97,-0.0059,1.927,0.07751
2026-08-28T10:25:25Z,QAITUSDT,IMPULSE,NONE,0.0,0.0,0.0,10.11,0.0,334.74,5006.0,True,False,0.0,79170.97,-0.0059,0.939,0.001978
2026-08-28T10:25:28Z,WUSDT,COOLING,NONE,0.0,0.0,0.0,12.77,0.0,9698.82,7950.13,True,False,0.0,79170.97,-0.0059,1.962,0.009396
2026-08-28T10:25:31Z,REDUSDT,COOLING,NONE,0.0,0.0,0.0,12.32,0.0,6034.21,3175.47,True,False,0.0,79170.97,-0.0059,0.993,0.10559
2026-08-28T10:28:29Z,XRPUSDT,COOLING,BUY,0.0,0.53,0.53,0.71,-0.71,104996.08,78991.7,True,False,0.0035,79226.66,0.0703,1.071,1.409
2026-08-28T10:28:33Z,HBARUSDT,COOLING,NONE,0.0,0.0,0.0,1.29,0.0,21818.91,29236.71,True,False,0.0,79226.66,0.0703,1.086,0.07757
2026-08-28T10:28:35Z,QAITUSDT,IMPULSE,NONE,0.0,0.0,0.0,10.11,0.0,334.74,5006.0,True,False,0.0,79226.66,0.0703,1.99,0.001978
2026-08-28T10:28:38Z,WUSDT,COOLING,NONE,0.0,0.0,0.0,10.63,0.0,10689.45,11113.59,True,False,0.0,79226.66,0.0703,0.925,0.009404
2026-08-28T10:28:40Z,REDUSDT,COOLING,NONE,0.0,0.0,0.0,20.81,0.0,7321.14,4943.85,True,False,0.0,79226.66,0.0703,0.933,0.10577
2026-08-28T10:29:49Z,XRPUSDT,COOLING,NONE,0.0,0.0,0.0,2.13,0.0,47083.14,68492.25,True,False,0.0,79294.63,0.0858,0.89,1.4111
2026-08-28T10:29:51Z,HBARUSDT,COOLING,NONE,0.0,0.0,0.0,1.29,0.0,43026.73,24840.03,True,False,0.0,79294.63,0.0858,0.879,0.07763
2026-08-28T10:29:52Z,QAITUSDT,IMPULSE,NONE,0.0,0.0,0.0,10.11,0.0,334.74,5006.0,True,False,0.0,79294.63,0.0858,0.877,0.001978
2026-08-28T10:29:55Z,WUSDT,COOLING,BUY,0.0,24.51,24.51,12.74,0.0,9184.51,9625.93,True,False,0.0,79294.63,0.0858,2.079,0.009415
2026-08-28T10:29:57Z,REDUSDT,COOLING,NONE,0.0,0.0,0.0,22.68,0.0,7310.4,2792.1,True,False,0.0,79294.63,0.0858,0.943,0.10573
2026-08-28T10:31:10Z,XRPUSDT,COOLING,BUY,0.18,0.99,0.99,1.42,0.71,56955.59,111788.13,True,False,0.0673,79302.23,0.0096,41.972,1.4121
2026-08-28T10:31:13Z,HBARUSDT,COOLING,NONE,0.0,0.0,0.0,1.29,0.0,43643.35,25132.58,True,False,0.0,79302.23,0.0096,1.011,0.07765
2026-08-28T10:31:17Z,QAITUSDT,IMPULSE,NONE,0.0,0.0,0.0,10.11,0.0,334.74,5006.0,True,False,0.0,79302.23,0.0096,1.946,0.001978
2026-08-28T10:32:38Z,WUSDT,COOLING,NONE,0.0,0.0,0.0,12.72,3.17,14593.56,5158.92,True,False,0.0583,79302.23,0.0096,40.992,0.009418
2026-08-28T10:32:40Z,REDUSDT,COOLING,NONE,0.0,0.0,0.0,12.25,0.0,7168.91,5271.76,True,False,0.0,79302.23,0.0096,1.066,0.10587
2026-08-28T10:37:38Z,XRPUSDT,COOLING,NONE,0.0,0.0,0.0,1.41,0.0,65103.34,124597.73,True,False,0.0,79340.18,0.0479,1.903,1.4147
2026-08-28T10:37:41Z,HBARUSDT,COOLING,NONE,0.0,0.0,0.0,1.29,0.0,19629.72,32485.06,True,False,0.0,79340.18,0.0479,1.032,0.07771
2026-08-28T10:37:43Z,QAITUSDT,IMPULSE,NONE,0.0,0.0,0.0,10.12,0.0,334.74,5006.0,True,False,0.0,79340.18,0.0479,1.165,0.001978
2026-08-28T10:37:45Z,WUSDT,COOLING,NONE,0.0,0.0,0.0,11.65,0.0,9845.77,6237.43,True,False,0.0,79340.18,0.0479,1.053,0.009448
2026-08-28T10:37:48Z,REDUSDT,COOLING,NONE,0.0,0.0,0.0,11.36,0.0,7396.52,5203.27,True,False,0.0,79340.18,0.0479,1.054,0.10569
2026-08-28T10:39:41Z,XRPUSDT,COOLING,BUY,0.38,0.58,0.58,0.71,-0.71,105157.06,112592.79,True,False,0.053,79340.17,-0.0,41.06,1.4157
2026-08-28T10:39:43Z,HBARUSDT,COOLING,NONE,0.0,0.0,0.0,1.29,0.0,18199.05,17176.2,True,False,0.0,79340.17,-0.0,0.948,0.07773
2026-08-28T10:39:46Z,QAITUSDT,IMPULSE,NONE,0.0,0.0,0.0,10.12,0.0,334.74,5006.0,True,False,0.0,79340.17,-0.0,0.884,0.001978
2026-08-28T10:39:50Z,WUSDT,COOLING,NONE,0.0,0.0,0.0,10.59,0.0,8768.56,6341.84,True,False,0.0,79340.17,-0.0,2.033,0.009446
2026-08-28T10:40:37Z,REDUSDT,COOLING,NONE,0.0,0.0,0.0,10.41,0.0,8252.08,5170.29,True,False,0.0,79340.17,-0.0,44.181,0.10564
2026-08-28T10:41:12Z,XRPUSDT,COOLING,SELL,0.44,0.0,0.44,1.41,0.71,90315.64,115856.05,True,False,0.0035,79341.26,0.0014,1.129,1.4166
2026-08-28T10:41:14Z,HBARUSDT,COOLING,BUY,0.0,12.56,12.56,1.29,0.0,17402.52,22116.76,True,False,0.0,79341.26,0.0014,0.894,0.07775
2026-08-28T10:41:17Z,QAITUSDT,IMPULSE,NONE,0.0,0.0,0.0,10.12,0.0,334.74,5006.0,True,False,0.0,79341.26,0.0014,1.011,0.001978
2026-08-28T10:41:20Z,WUSDT,COOLING,NONE,0.0,0.0,0.0,10.59,0.0,8767.1,6341.84,True,False,0.0,79341.26,0.0014,1.128,0.009448
2026-08-28T10:41:22Z,REDUSDT,COOLING,NONE,0.0,0.0,0.0,10.41,0.0,8252.08,5170.29,True,False,0.0,79341.26,0.0014,0.88,0.10564
2026-08-28T10:44:27Z,XRPUSDT,COOLING,NONE,0.0,0.0,0.0,1.41,-1.41,65877.12,96508.35,True,False,0.0,79340.86,-0.0005,1.956,1.4153
2026-08-28T10:45:10Z,HBARUSDT,COOLING,BUY,0.0,0.09,0.09,1.29,0.0,14503.08,18224.74,True,False,-0.0386,79340.86,-0.0005,40.945,0.07775
2026-08-28T10:45:51Z,QAITUSDT,IMPULSE,NONE,0.0,0.0,0.0,152.67,0.0,329.81,5006.0,True,False,0.0,79340.86,-0.0005,0.883,0.00198
2026-08-28T10:46:34Z,WUSDT,COOLING,NONE,0.0,0.0,0.0,13.78,0.0,7616.29,6110.22,True,False,0.0,79340.86,-0.0005,1.075,0.009434
2026-08-28T10:46:37Z,REDUSDT,COOLING,NONE,0.0,0.0,0.0,12.25,0.0,8888.09,1820.25,True,False,0.0,79340.86,-0.0005,0.961,0.10618
2026-08-28T10:47:09Z,XRPUSDT,COOLING,BUY,0.0,50.02,50.02,1.41,0.0,62725.72,125983.92,True,False,0.0,79379.09,0.0482,0.911,1.4175
2026-08-28T10:47:12Z,HBARUSDT,COOLING,NONE,0.0,0.0,0.0,1.29,0.0,19530.24,18697.72,True,False,0.0,79379.09,0.0482,1.964,0.07773
2026-08-28T10:47:55Z,QAITUSDT,IMPULSE,NONE,0.0,0.0,0.0,152.67,0.0,329.81,5006.0,True,False,0.0,79379.09,0.0482,41.031,0.00198
2026-08-28T10:47:57Z,WUSDT,COOLING,NONE,0.0,0.0,0.0,13.78,0.0,7616.29,6110.22,True,False,0.0,79379.09,0.0482,1.15,0.009437
2026-08-28T10:47:59Z,REDUSDT,COOLING,NONE,0.0,0.0,0.0,13.22,0.0,7083.26,5729.59,True,False,0.0,79379.09,0.0482,0.933,0.10611
2026-08-28T10:49:10Z,XRPUSDT,COOLING,BUY,0.0,0.05,0.05,0.71,0.0,56496.45,102660.52,True,False,0.0,79381.99,0.0037,0.985,1.4171
2026-08-28T10:49:14Z,HBARUSDT,COOLING,NONE,0.0,0.0,0.0,1.29,0.0,16545.77,20393.84,True,False,0.0,79381.99,0.0037,2.085,0.07774
2026-08-28T10:49:56Z,QAITUSDT,IMPULSE,NONE,0.0,0.0,0.0,152.67,0.0,329.81,5006.0,True,False,0.0,79381.99,0.0037,1.14,0.00198
2026-08-28T10:49:58Z,WUSDT,COOLING,NONE,0.0,0.0,0.0,6.35,0.0,9349.99,6509.99,True,False,0.0,79381.99,0.0037,0.937,0.009441
2026-08-28T10:50:00Z,REDUSDT,COOLING,NONE,0.0,0.0,0.0,19.83,0.0,6921.23,5485.48,True,False,0.0,79381.99,0.0037,0.954,0.10592
2026-08-28T10:52:59Z,XRPUSDT,COOLING,NONE,0.0,0.0,0.0,2.12,0.0,107082.53,97915.84,True,False,0.0,79362.65,-0.0244,0.885,1.4178
2026-08-28T10:53:02Z,HBARUSDT,COOLING,NONE,0.0,0.0,0.0,1.28,0.0,17873.67,18603.68,True,False,0.0,79362.65,-0.0244,0.943,0.07787
2026-08-28T10:53:05Z,QAITUSDT,IMPULSE,NONE,0.0,0.0,0.0,215.72,0.0,334.8,5006.0,True,False,0.0,79362.65,-0.0244,1.902,0.001928
2026-08-28T10:53:07Z,WUSDT,COOLING,NONE,0.0,0.0,0.0,12.72,-10.59,4188.86,3528.38,True,False,-0.053,79362.65,-0.0244,0.911,0.009433
2026-08-28T10:53:08Z,REDUSDT,COOLING,NONE,0.0,0.0,0.0,0.94,0.0,7850.22,1987.17,True,False,0.0,79362.65,-0.0244,0.905,0.106
2026-08-28T10:53:42Z,XRPUSDT,COOLING,NONE,0.0,0.0,0.0,2.82,0.0,74509.67,118254.86,True,False,0.0,79413.58,0.0642,0.914,1.4175
2026-08-28T10:53:45Z,HBARUSDT,COOLING,NONE,0.0,0.0,0.0,1.28,0.0,20563.41,37691.32,True,False,0.0,79413.58,0.0642,0.948,0.07787
2026-08-28T10:53:47Z,QAITUSDT,IMPULSE,NONE,0.0,0.0,0.0,215.72,0.0,334.8,5006.0,True,False,0.0,79413.58,0.0642,0.99,0.001928
2026-08-28T10:54:29Z,WUSDT,COOLING,NONE,0.0,0.0,0.0,10.59,0.0,16529.19,6381.3,True,False,0.0,79413.58,0.0642,0.919,0.009436
2026-08-28T10:54:32Z,REDUSDT,COOLING,NONE,0.0,0.0,0.0,0.94,0.0,7521.96,5386.82,True,False,0.0,79413.58,0.0642,0.957,0.10601
2026-08-28T10:57:01Z,XRPUSDT,COOLING,NONE,0.0,0.0,0.0,2.11,-0.7,67284.95,185199.72,True,False,0.0035,79515.92,0.1289,1.106,1.4197
2026-08-28T10:57:03Z,HBARUSDT,COOLING,NONE,0.0,0.0,0.0,1.28,0.0,20455.9,34022.87,True,False,0.0,79515.92,0.1289,0.941,0.07799
2026-08-28T10:57:05Z,QAITUSDT,IMPULSE,BUY,0.0,2.18,2.18,147.62,0.0,351.02,1022.55,True,False,0.0,79515.92,0.1289,0.965,0.001979
2026-08-28T10:57:07Z,WUSDT,COOLING,NONE,0.0,0.0,0.0,11.63,0.0,15327.4,3855.75,True,False,0.0,79515.92,0.1289,0.89,0.009462
2026-08-28T10:57:48Z,REDUSDT,COOLING,NONE,0.0,0.0,0.0,0.94,0.0,5642.71,5390.24,True,False,0.0,79515.92,0.1289,40.944,0.106
2026-08-28T11:02:47Z,XRPUSDT,COOLING,BUY,0.0,2.12,2.12,2.1,0.0,70512.91,115385.48,True,False,-0.014,79565.01,0.0617,0.946,1.4242
2026-08-28T11:03:29Z,HBARUSDT,COOLING,NONE,0.0,0.0,0.0,1.28,-0.0,38168.08,17902.82,True,False,0.0769,79565.01,0.0617,40.905,0.07805
2026-08-28T11:03:32Z,QAITUSDT,IMPULSE,NONE,0.0,0.0,0.0,152.67,0.0,329.81,1001.08,True,False,0.0,79565.01,0.0617,0.99,0.00198
2026-08-28T11:04:14Z,RIZEUSDT,IMPULSE,NONE,0.0,0.0,0.0,58.87,0.0,136.08,712.88,True,False,0.0,79565.01,0.0617,0.988,0.004614
2026-08-28T11:05:36Z,WUSDT,COOLING,NONE,0.0,0.0,0.0,10.54,-3.15,9368.9,3456.72,True,False,-0.1001,79565.01,0.0617,40.929,0.009492
2026-08-28T11:06:46Z,XRPUSDT,COOLING,SELL,0.97,0.0,0.97,2.1,-2.1,149155.54,51832.21,True,False,-0.0666,79669.99,0.1319,41.034,1.427
2026-08-28T11:06:48Z,HBARUSDT,COOLING,NONE,0.0,0.0,0.0,1.28,0.0,47723.6,19713.58,True,False,0.0,79669.99,0.1319,0.885,0.07809
2026-08-28T11:06:50Z,QAITUSDT,IMPULSE,NONE,0.0,0.0,0.0,152.67,0.0,329.81,1001.08,True,False,0.0,79669.99,0.1319,0.917,0.00198
2026-08-28T11:06:52Z,RIZEUSDT,IMPULSE,NONE,0.0,0.0,0.0,56.03,0.0,137.22,720.12,True,False,0.0,79669.99,0.1319,0.911,0.00464
2026-08-28T11:07:34Z,WUSDT,COOLING,NONE,0.0,0.0,0.0,12.61,0.0,8575.38,7416.53,True,False,0.0,79669.99,0.1319,0.884,0.009512
2026-08-28T11:08:03Z,XRPUSDT,COOLING,NONE,0.0,0.0,0.0,2.8,0.0,122049.71,40328.56,True,False,0.0,79670.0,0.0,0.886,1.4266
2026-08-28T11:08:05Z,HBARUSDT,COOLING,NONE,0.0,0.0,0.0,1.28,0.0,37981.43,46337.74,True,False,0.0,79670.0,0.0,1.363,0.07806
2026-08-28T11:08:07Z,QAITUSDT,IMPULSE,NONE,0.0,0.0,0.0,152.67,0.0,329.81,1001.08,True,False,0.0,79670.0,0.0,1.024,0.00198
2026-08-28T11:08:10Z,RIZEUSDT,IMPULSE,NONE,0.0,0.0,0.0,56.03,0.0,134.85,717.08,True,False,0.0,79670.0,0.0,0.92,0.004637
2026-08-28T11:08:12Z,WUSDT,COOLING,NONE,0.0,0.0,0.0,11.56,0.0,8575.38,7416.53,True,False,0.0,79670.0,0.0,0.885,0.009515
2026-08-28T11:12:36Z,XRPUSDT,COOLING,NONE,0.0,0.0,0.0,2.1,0.0,96152.54,54814.99,True,False,0.0,79652.41,-0.0221,1.925,1.4267
2026-08-28T11:12:37Z,HBARUSDT,COOLING,NONE,0.0,0.0,0.0,1.28,0.0,24626.56,38233.36,True,False,0.0,79652.41,-0.0221,0.894,0.078
2026-08-28T11:12:39Z,WUSDT,COOLING,NONE,0.0,0.0,0.0,12.63,0.0,11142.87,3196.41,True,False,0.0,79652.41,-0.0221,0.994,0.009503
2026-08-28T11:12:42Z,REDUSDT,COOLING,NONE,0.0,0.0,0.0,16.12,0.0,6659.59,5325.6,True,False,0.0,79652.41,-0.0221,0.901,0.10553
2026-08-28T11:12:44Z,CCUSDT,COOLING,NONE,0.0,0.0,0.0,3.54,0.0,1567.18,15329.43,True,False,0.0,79652.41,-0.0221,0.947,0.11313
2026-08-28T11:13:14Z,XRPUSDT,COOLING,NONE,0.0,0.0,0.0,1.4,0.7,87781.72,84298.03,True,False,-0.0035,79652.41,0.0,0.94,1.4272
2026-08-28T11:13:16Z,HBARUSDT,COOLING,NONE,0.0,0.0,0.0,1.28,0.0,21791.6,37689.64,True,False,0.0,79652.41,0.0,0.932,0.078
2026-08-28T11:13:19Z,WUSDT,COOLING,NONE,0.0,0.0,0.0,8.41,0.0,11056.61,3885.45,True,False,0.0,79652.41,0.0,2.095,0.009506
2026-08-28T11:13:21Z,REDUSDT,COOLING,NONE,0.0,0.0,0.0,11.39,0.0,4288.0,4987.82,True,False,0.0,79652.41,0.0,0.924,0.10544
2026-08-28T11:13:23Z,CCUSDT,COOLING,NONE,0.0,0.0,0.0,4.42,0.88,9152.13,15731.89,True,False,0.0044,79652.41,0.0,0.92,0.11317
2026-08-28T11:15:12Z,XRPUSDT,COOLING,NONE,0.0,0.0,0.0,1.4,0.0,110125.05,83539.68,True,False,0.0,79679.99,0.0346,0.962,1.4289
2026-08-28T11:15:15Z,HBARUSDT,COOLING,NONE,0.0,0.0,0.0,1.28,0.0,25518.41,24531.23,True,False,0.0,79679.99,0.0346,2.078,0.07808
2026-08-28T11:15:57Z,WUSDT,COOLING,NONE,0.0,0.0,0.0,12.61,0.0,8996.15,3885.45,True,False,0.0,79679.99,0.0346,0.945,0.009512
2026-08-28T11:16:00Z,REDUSDT,COOLING,NONE,0.0,0.0,0.0,11.39,0.0,9430.97,5421.47,True,False,0.0,79679.99,0.0346,1.082,0.10536
2026-08-28T11:16:02Z,CCUSDT,COOLING,NONE,0.0,0.0,0.0,5.29,0.88,1518.62,1871.26,True,False,0.0044,79679.99,0.0346,0.92,0.11337
2026-08-28T11:18:20Z,XRPUSDT,COOLING,BUY,0.0,0.71,0.71,2.8,0.7,39948.28,61595.25,True,False,-0.0035,79677.73,-0.0028,40.934,1.4296
2026-08-28T11:18:23Z,HBARUSDT,COOLING,NONE,0.0,0.0,0.0,1.28,0.0,27015.43,32175.45,True,False,0.0,79677.73,-0.0028,1.896,0.07807
2026-08-28T11:18:26Z,WUSDT,COOLING,NONE,0.0,0.0,0.0,7.36,0.0,10257.48,3196.41,True,False,0.0,79677.73,-0.0028,1.004,0.009513
2026-08-28T11:19:08Z,REDUSDT,COOLING,NONE,0.0,0.0,0.0,12.32,0.0,7370.3,5434.04,True,False,0.0,79677.73,-0.0028,40.904,0.10543
2026-08-28T11:19:12Z,CCUSDT,COOLING,NONE,0.0,0.0,0.0,5.29,0.0,1517.68,1577.03,True,False,0.0,79677.73,-0.0028,1.991,0.11347
2026-08-28T11:20:29Z,XRPUSDT,COOLING,NONE,0.0,0.0,0.0,2.8,0.0,87547.43,64666.72,True,False,0.0,79711.15,0.0419,0.926,1.4293
2026-08-28T11:20:31Z,HBARUSDT,COOLING,NONE,0.0,0.0,0.0,1.28,0.0,40508.2,15546.62,True,False,0.0,79711.15,0.0419,0.903,0.07813
2026-08-28T11:20:33Z,WUSDT,COOLING,NONE,0.0,0.0,0.0,7.36,0.0,16489.84,3884.67,True,False,0.0,79711.15,0.0419,0.954,0.009511
2026-08-28T11:21:14Z,REDUSDT,COOLING,SELL,0.27,0.0,0.27,21.8,9.49,7370.3,5434.04,True,False,-0.0474,79711.15,0.0419,40.915,0.10553
2026-08-28T11:21:56Z,CCUSDT,COOLING,BUY,0.0,3.29,3.29,10.58,4.41,1516.88,1576.62,True,False,0.0309,79711.15,0.0419,1.014,0.11338
2026-08-28T11:23:06Z,XRPUSDT,COOLING,SELL,17.43,0.0,17.43,2.1,0.0,72577.4,69574.53,True,False,0.0,79718.07,0.0087,0.991,1.4279
2026-08-28T11:23:09Z,HBARUSDT,COOLING,NONE,0.0,0.0,0.0,3.84,1.28,36735.82,25463.01,True,False,-0.0064,79718.07,0.0087,1.909,0.07821
2026-08-28T11:23:10Z,WUSDT,COOLING,NONE,0.0,0.0,0.0,7.37,0.0,10461.86,3666.82,True,False,0.0,79718.07,0.0087,0.921,0.009503
2026-08-28T11:23:13Z,REDUSDT,COOLING,NONE,0.0,0.0,0.0,11.39,0.0,9278.0,5247.06,True,False,0.0,79718.07,0.0087,1.152,0.1054
2026-08-28T11:23:16Z,CCUSDT,COOLING,NONE,0.0,0.0,0.0,6.17,0.0,1517.15,1523.95,True,False,0.0,79718.07,0.0087,0.925,0.11337
2026-08-28T11:26:17Z,XRPUSDT,COOLING,SELL,43.57,0.0,43.57,2.8,0.7,68272.92,74118.78,True,True,0.0385,79736.16,0.0227,1.022,1.4276
2026-08-28T11:27:00Z,HBARUSDT,COOLING,NONE,0.0,0.0,0.0,1.28,0.0,24755.23,19965.84,True,False,0.0,79736.16,0.0227,1.126,0.07816
2026-08-28T11:27:04Z,WUSDT,COOLING,NONE,0.0,0.0,0.0,13.69,0.0,8841.85,2868.26,True,False,0.0,79736.16,0.0227,0.928,0.009497
2026-08-28T11:27:07Z,REDUSDT,COOLING,NONE,0.0,0.0,0.0,20.81,0.0,6373.85,1657.94,True,False,0.0,79736.16,0.0227,2.191,0.10578
2026-08-28T11:27:50Z,CCUSDT,COOLING,NONE,0.0,0.0,0.0,5.3,-0.88,1515.36,15204.78,True,False,-0.0044,79736.16,0.0227,0.993,0.11322
2026-08-28T11:28:20Z,XRPUSDT,COOLING,NONE,0.0,0.0,0.0,2.1,0.0,70606.08,96889.09,True,False,0.0,79660.31,-0.0951,0.977,1.4259
2026-08-28T11:28:22Z,HBARUSDT,COOLING,NONE,0.0,0.0,0.0,1.28,0.0,23531.89,14354.75,True,False,0.0,79660.31,-0.0951,1.177,0.07807
2026-08-28T11:28:24Z,WUSDT,COOLING,NONE,0.0,0.0,0.0,6.32,0.0,8841.85,2868.26,True,False,0.0,79660.31,-0.0951,0.992,0.009497
2026-08-28T11:28:26Z,REDUSDT,COOLING,NONE,0.0,0.0,0.0,12.29,0.0,6867.1,1619.08,True,False,0.0,79660.31,-0.0951,0.915,0.10575
2026-08-28T11:29:08Z,CCUSDT,COOLING,NONE,0.0,0.0,0.0,9.71,-0.88,1515.67,1574.26,True,False,-0.0044,79660.31,-0.0951,0.905,0.11325
2026-08-28T11:30:22Z,XRPUSDT,COOLING,SELL,5.46,0.02,5.46,3.51,1.4,80006.77,86645.53,True,False,-0.021,79672.52,0.0153,0.949,1.4259
2026-08-28T11:30:24Z,HBARUSDT,COOLING,SELL,0.36,0.0,0.36,1.28,0.0,25110.82,23873.47,True,False,-0.0128,79672.52,0.0153,1.058,0.07805
2026-08-28T11:30:26Z,WUSDT,COOLING,NONE,0.0,0.0,0.0,10.54,0.0,10350.32,5313.89,True,False,0.0,79672.52,0.0153,0.986,0.009485
2026-08-28T11:30:28Z,REDUSDT,COOLING,SELL,30.07,0.0,30.07,13.22,0.0,10409.67,1993.25,True,False,0.0,79672.52,0.0153,1.122,0.10585
2026-08-28T11:30:31Z,CCUSDT,COOLING,NONE,0.0,0.0,0.0,7.07,0.0,1515.67,1520.36,True,False,0.0,79672.52,0.0153,1.019,0.11318
2026-08-28T11:35:29Z,XRPUSDT,COOLING,NONE,0.0,0.0,0.0,2.1,0.7,105524.48,105845.42,True,False,-0.0035,79692.0,0.0245,1.439,1.4255
2026-08-28T11:35:32Z,HBARUSDT,COOLING,NONE,0.0,0.0,0.0,1.28,0.0,22859.69,28869.93,True,False,0.0,79692.0,0.0245,1.025,0.07804
2026-08-28T11:35:35Z,WUSDT,COOLING,NONE,0.0,0.0,0.0,6.33,0.0,9297.7,5284.86,True,False,0.0,79692.0,0.0245,0.933,0.009492
2026-08-28T11:35:37Z,REDUSDT,COOLING,NONE,0.0,0.0,0.0,12.23,0.0,6133.16,1972.85,True,False,0.0,79692.0,0.0245,1.07,0.10628
2026-08-28T11:35:39Z,CCUSDT,COOLING,NONE,0.0,0.0,0.0,6.19,0.0,1514.33,1873.61,True,False,0.0,79692.0,0.0245,1.107,0.11305
2026-08-28T11:38:10Z,XRPUSDT,COOLING,BUY,9.36,33.1,33.1,1.41,0.7,119574.03,103483.0,True,True,-0.0105,79644.36,-0.0598,0.969,1.4232
2026-08-28T11:38:12Z,HBARUSDT,COOLING,NONE,0.0,0.0,0.0,1.28,0.0,13541.22,37027.31,True,False,0.0,79644.36,-0.0598,0.964,0.07803
2026-08-28T11:38:14Z,WUSDT,COOLING,NONE,0.0,0.0,0.0,13.72,0.0,13388.0,5278.79,True,False,0.0,79644.36,-0.0598,1.028,0.009476
2026-08-28T11:38:57Z,REDUSDT,COOLING,NONE,0.0,0.0,0.0,12.25,0.0,8107.65,2047.73,True,False,0.0,79644.36,-0.0598,2.034,0.10614
2026-08-28T11:38:59Z,CCUSDT,COOLING,NONE,0.0,0.0,0.0,9.76,0.0,9002.65,1779.92,True,False,0.0,79644.36,-0.0598,0.905,0.11286
2026-08-28T11:40:54Z,XRPUSDT,COOLING,NONE,0.0,0.0,0.0,2.81,2.11,69794.12,91960.4,True,False,-0.0035,79585.55,-0.0738,40.971,1.4215
2026-08-28T11:40:56Z,HBARUSDT,COOLING,NONE,0.0,0.0,0.0,1.28,0.0,15402.91,18627.55,True,False,0.0,79585.55,-0.0738,1.004,0.07795
2026-08-28T11:40:58Z,WUSDT,COOLING,NONE,0.0,0.0,0.0,7.4,0.0,9392.02,4822.83,True,False,0.0,79585.55,-0.0738,1.203,0.009462
2026-08-28T11:41:01Z,REDUSDT,COOLING,NONE,0.0,0.0,0.0,23.59,0.0,4810.56,5609.75,True,False,0.0,79585.55,-0.0738,0.937,0.10608
2026-08-28T11:41:03Z,CCUSDT,COOLING,BUY,0.0,0.01,0.01,4.44,0.89,2080.9,1513.72,True,False,0.0044,79585.55,-0.0738,1.899,0.11275
2026-08-28T11:43:58Z,XRPUSDT,COOLING,SELL,11.08,8.36,11.08,2.81,0.7,105654.1,99087.05,True,False,-0.0105,79621.17,0.0448,0.928,1.4235
2026-08-28T11:44:00Z,HBARUSDT,COOLING,NONE,0.0,0.0,0.0,1.28,0.0,11774.16,31802.82,True,False,0.0,79621.17,0.0448,0.955,0.07801
2026-08-28T11:44:02Z,WUSDT,COOLING,SELL,22.21,0.0,22.21,12.67,0.0,10142.48,3280.13,True,True,0.0,79621.17,0.0448,0.986,0.009477
2026-08-28T11:44:03Z,REDUSDT,COOLING,NONE,0.0,0.0,0.0,22.64,0.0,4810.56,5347.63,True,False,0.0,79621.17,0.0448,0.942,0.10606
2026-08-28T11:44:05Z,CCUSDT,COOLING,NONE,0.0,0.0,0.0,9.74,0.0,1509.51,1593.73,True,False,0.0,79621.17,0.0448,0.949,0.11291
2026-08-28T11:45:15Z,XRPUSDT,COOLING,NONE,0.0,0.0,0.0,2.81,0.7,66889.66,96213.12,True,False,-0.0035,79619.99,-0.0015,0.891,1.4233
2026-08-28T11:45:56Z,HBARUSDT,COOLING,SELL,1.4,0.43,1.4,1.28,-0.0,31329.92,21189.12,True,False,0.0513,79619.99,-0.0015,40.9,0.07803
2026-08-28T11:45:58Z,WUSDT,COOLING,NONE,0.0,0.0,0.0,11.61,0.0,9600.37,3280.13,True,False,0.0,79619.99,-0.0015,0.992,0.009474
2026-08-28T11:46:41Z,REDUSDT,COOLING,NONE,0.0,0.0,0.0,10.41,0.0,6208.58,6602.5,True,False,0.0,79619.99,-0.0015,1.924,0.10591
2026-08-28T11:46:44Z,CCUSDT,COOLING,NONE,0.0,0.0,0.0,8.85,0.0,1512.43,1517.91,True,False,0.0,79619.99,-0.0015,1.178,0.1131
2026-08-28T11:47:15Z,XRPUSDT,COOLING,NONE,0.0,0.0,0.0,2.81,-0.0,81195.11,107553.58,True,False,0.007,79619.99,0.0,1.962,1.4228
2026-08-28T11:47:58Z,HBARUSDT,COOLING,NONE,0.0,0.0,0.0,1.28,0.0,27255.95,12712.2,True,False,0.0,79619.99,0.0,0.888,0.07798
2026-08-28T11:48:00Z,WUSDT,COOLING,NONE,0.0,0.0,0.0,12.67,0.0,7512.39,3280.13,True,False,0.0,79619.99,0.0,0.933,0.009475
2026-08-28T11:48:43Z,REDUSDT,COOLING,NONE,0.0,0.0,0.0,12.29,0.0,7528.17,3610.98,True,False,0.0,79619.99,0.0,1.153,0.10576
2026-08-28T11:48:47Z,CCUSDT,COOLING,NONE,0.0,0.0,0.0,5.31,0.0,2457.39,15383.94,True,False,0.0,79619.99,0.0,1.929,0.11297
2026-08-28T11:51:40Z,XRPUSDT,COOLING,NONE,0.0,0.0,0.0,1.41,0.0,52244.07,133527.14,True,False,0.0,79556.48,-0.0798,0.877,1.421
2026-08-28T11:51:41Z,HBARUSDT,COOLING,NONE,0.0,0.0,0.0,1.28,0.0,13319.11,18698.39,True,False,0.0,79556.48,-0.0798,0.95,0.07791
2026-08-28T11:51:43Z,WUSDT,COOLING,NONE,0.0,0.0,0.0,13.73,0.0,15487.75,4822.83,True,False,0.0,79556.48,-0.0798,1.133,0.009468
2026-08-28T11:51:45Z,REDUSDT,COOLING,NONE,0.0,0.0,0.0,12.29,0.0,7366.88,6140.43,True,False,0.0,79556.48,-0.0798,0.936,0.10574
2026-08-28T11:52:27Z,CCUSDT,COOLING,NONE,0.0,0.0,0.0,6.18,-1.77,1513.4,1520.98,True,False,-0.0088,79556.48,-0.0798,1.049,0.11321
2026-08-28T11:55:01Z,XRPUSDT,COOLING,NONE,0.0,0.0,0.0,2.81,0.7,87113.66,88679.88,True,False,0.0035,79580.0,0.0296,1.138,1.4212
2026-08-28T11:55:04Z,HBARUSDT,COOLING,NONE,0.0,0.0,0.0,1.28,0.0,25611.07,17830.56,True,False,0.0,79580.0,0.0296,0.963,0.07793
2026-08-28T11:55:06Z,WUSDT,COOLING,NONE,0.0,0.0,0.0,10.56,0.0,15487.75,5239.94,True,False,0.0,79580.0,0.0296,0.916,0.009465
2026-08-28T11:55:09Z,REDUSDT,COOLING,NONE,0.0,0.0,0.0,20.78,0.0,6353.99,5838.19,True,False,0.0,79580.0,0.0296,1.921,0.10592
2026-08-28T11:55:11Z,CCUSDT,COOLING,NONE,0.0,0.0,0.0,6.18,-2.65,14927.99,1521.7,True,False,-0.0132,79580.0,0.0296,0.991,0.11331
2026-08-28T11:56:23Z,XRPUSDT,COOLING,NONE,0.0,0.0,0.0,2.11,0.0,103200.83,113943.98,True,False,0.0,79554.05,-0.0326,0.918,1.4209
2026-08-28T11:56:26Z,HBARUSDT,COOLING,NONE,0.0,0.0,0.0,1.28,0.0,13685.8,31706.66,True,False,0.0,79554.05,-0.0326,1.177,0.07794
2026-08-28T11:57:08Z,WUSDT,COOLING,NONE,0.0,0.0,0.0,12.67,0.0,7919.58,5245.97,True,False,0.0,79554.05,-0.0326,0.94,0.009476
2026-08-28T11:57:10Z,REDUSDT,COOLING,NONE,0.0,0.0,0.0,10.41,0.0,6909.61,6055.27,True,False,0.0,79554.05,-0.0326,0.964,0.10587
2026-08-28T11:57:11Z,CCUSDT,COOLING,BUY,0.0,0.08,0.08,7.08,1.77,14997.35,1519.59,True,False,-0.0088,79554.05,-0.0326,1.042,0.11316
2026-08-28T12:00:10Z,XRPUSDT,COOLING,SELL,9.58,0.0,9.58,2.11,0.0,94396.41,86679.83,True,False,0.0,79595.29,0.0518,1.143,1.4194
2026-08-28T12:00:13Z,HBARUSDT,COOLING,NONE,0.0,0.0,0.0,1.28,0.0,23213.55,30395.89,True,False,0.0,79595.29,0.0518,1.047,0.07802
2026-08-28T12:00:16Z,WUSDT,COOLING,NONE,0.0,0.0,0.0,11.62,0.0,7672.75,5239.94,True,False,0.0,79595.29,0.0518,1.174,0.009464
2026-08-28T12:00:18Z,REDUSDT,COOLING,NONE,0.0,0.0,0.0,20.81,0.0,6201.91,6001.4,True,False,0.0,79595.29,0.0518,1.026,0.10571
2026-08-28T12:00:20Z,CCUSDT,COOLING,NONE,0.0,0.0,0.0,1.76,0.0,1518.21,1823.53,True,False,0.0,79595.29,0.0518,1.035,0.11346
2026-08-28T12:02:11Z,XRPUSDT,COOLING,NONE,0.0,0.0,0.0,1.41,0.7,58837.36,69408.74,True,False,0.0035,79601.0,0.0072,1.031,1.42
2026-08-28T12:02:13Z,HBARUSDT,COOLING,NONE,0.0,0.0,0.0,1.28,0.0,15255.86,26576.39,True,False,0.0,79601.0,0.0072,0.973,0.07806
2026-08-28T12:02:16Z,WUSDT,COOLING,NONE,0.0,0.0,0.0,12.69,3.17,10469.99,3018.09,True,False,-0.0159,79601.0,0.0072,1.998,0.009458
2026-08-28T12:02:17Z,REDUSDT,COOLING,NONE,0.0,0.0,0.0,22.73,0.0,5497.24,5735.37,True,False,0.0,79601.0,0.0072,0.942,0.10565
2026-08-28T12:02:20Z,CCUSDT,COOLING,NONE,0.0,0.0,0.0,7.05,0.0,1517.01,1531.34,True,False,0.0,79601.0,0.0072,0.88,0.11348
2026-08-28T12:04:11Z,XRPUSDT,COOLING,NONE,0.0,0.0,0.0,2.11,0.0,83384.18,67092.72,True,False,0.0,79581.01,-0.0251,0.964,1.4194
2026-08-28T12:04:13Z,HBARUSDT,COOLING,NONE,0.0,0.0,0.0,1.28,0.0,22509.18,37850.46,True,False,0.0,79581.01,-0.0251,1.164,0.07804
2026-08-28T12:04:16Z,WUSDT,COOLING,NONE,0.0,0.0,0.0,15.84,0.0,8553.42,3192.38,True,False,0.0,79581.01,-0.0251,1.161,0.009469
2026-08-28T12:04:18Z,REDUSDT,COOLING,NONE,0.0,0.0,0.0,22.73,0.0,5425.65,5735.37,True,False,0.0,79581.01,-0.0251,1.201,0.10561
2026-08-28T12:04:20Z,CCUSDT,COOLING,NONE,0.0,0.0,0.0,10.59,0.88,1517.01,1521.84,True,False,0.0044,79581.01,-0.0251,1.256,0.11342
2026-08-28T12:05:31Z,XRPUSDT,COOLING,SELL,0.54,0.0,0.54,0.7,0.0,76054.1,76380.25,True,False,0.0,79609.99,0.0364,1.089,1.4207
2026-08-28T12:05:33Z,HBARUSDT,COOLING,NONE,0.0,0.0,0.0,1.28,0.0,18815.68,43956.08,True,False,0.0,79609.99,0.0364,1.369,0.07796
2026-08-28T12:05:36Z,WUSDT,COOLING,NONE,0.0,0.0,0.0,12.67,0.0,8976.26,3192.38,True,False,0.0,79609.99,0.0364,1.189,0.009476
2026-08-28T12:05:39Z,REDUSDT,COOLING,SELL,20.24,0.0,20.24,14.17,1.88,5892.27,5418.8,True,True,0.0946,79609.99,0.0364,2.26,0.10574
2026-08-28T12:05:42Z,CCUSDT,COOLING,NONE,0.0,0.0,0.0,7.04,0.0,1520.62,1532.66,True,False,0.0,79609.99,0.0364,1.169,0.11338
2026-08-28T12:06:15Z,XRPUSDT,COOLING,NONE,0.0,0.0,0.0,2.11,0.0,72012.48,188968.62,True,False,0.0,79645.0,0.044,1.109,1.4216
2026-08-28T12:06:18Z,HBARUSDT,COOLING,NONE,0.0,0.0,0.0,1.28,0.0,21504.94,44871.94,True,False,0.0,79645.0,0.044,1.112,0.07796
2026-08-28T12:06:20Z,WUSDT,COOLING,NONE,0.0,0.0,0.0,10.54,0.0,9064.11,4117.04,True,False,0.0,79645.0,0.044,1.129,0.009486
2026-08-28T12:06:22Z,REDUSDT,COOLING,NONE,0.0,0.0,0.0,12.29,0.0,8344.19,5601.22,True,False,0.0,79645.0,0.044,1.072,0.10574
2026-08-28T12:06:25Z,CCUSDT,COOLING,NONE,0.0,0.0,0.0,8.81,0.0,1519.69,1824.23,True,False,0.0,79645.0,0.044,1.09,0.11355
2026-08-28T12:07:03Z,XRPUSDT,COOLING,NONE,0.0,0.0,0.0,2.11,-0.7,94392.02,56695.41,True,False,-0.0035,79600.0,-0.0565,1.573,1.42
2026-08-28T12:07:07Z,HBARUSDT,COOLING,BUY,22.23,32.51,32.51,1.28,-0.0,28962.36,44145.89,True,True,0.0514,79600.0,-0.0565,2.103,0.07792
2026-08-28T12:07:14Z,WUSDT,COOLING,NONE,0.0,0.0,0.0,12.68,0.0,7908.73,3018.09,True,False,0.0,79600.0,-0.0565,3.72,0.009475
2026-08-28T12:07:16Z,REDUSDT,COOLING,NONE,0.0,0.0,0.0,10.41,0.0,3243.24,5607.3,True,False,0.0,79600.0,-0.0565,1.019,0.10564
2026-08-28T12:07:18Z,CCUSDT,COOLING,NONE,0.0,0.0,0.0,11.46,0.88,14875.05,1824.23,True,False,0.0044,79600.0,-0.0565,0.977,0.11347
2026-08-28T12:08:23Z,XRPUSDT,COOLING,SELL,0.98,0.0,0.98,2.11,-0.0,72561.6,71472.84,True,False,0.0211,79593.6,-0.008,2.095,1.4204
2026-08-28T12:08:25Z,HBARUSDT,COOLING,NONE,0.0,0.0,0.0,1.29,0.0,20196.04,42854.9,True,False,0.0,79593.6,-0.008,1.015,0.07778
2026-08-28T12:08:28Z,WUSDT,COOLING,NONE,0.0,0.0,0.0,12.67,0.0,8000.78,3477.35,True,False,0.0,79593.6,-0.008,2.07,0.009476
2026-08-28T12:08:30Z,REDUSDT,COOLING,NONE,0.0,0.0,0.0,20.81,0.0,5825.56,5654.79,True,False,0.0,79593.6,-0.008,1.078,0.10579
2026-08-28T12:08:32Z,CCUSDT,COOLING,NONE,0.0,0.0,0.0,8.81,0.0,1519.61,1522.64,True,False,0.0,79593.6,-0.008,0.986,0.11351
2026-08-28T12:09:04Z,XRPUSDT,COOLING,BUY,0.0,0.52,0.52,2.82,0.7,80128.42,91829.32,True,False,-0.0106,79580.01,-0.0171,1.034,1.42
2026-08-28T12:09:08Z,HBARUSDT,COOLING,NONE,0.0,0.0,0.0,1.29,0.0,22332.38,41750.84,True,False,0.0,79580.01,-0.0171,1.055,0.07775
2026-08-28T12:09:11Z,WUSDT,COOLING,NONE,0.0,0.0,0.0,8.44,0.0,8300.19,3477.35,True,False,0.0,79580.01,-0.0171,1.035,0.009475
2026-08-28T12:09:14Z,REDUSDT,COOLING,NONE,0.0,0.0,0.0,10.41,0.0,5825.56,5833.69,True,False,0.0,79580.01,-0.0171,2.031,0.10574
2026-08-28T12:09:16Z,CCUSDT,COOLING,BUY,0.0,0.08,0.08,7.05,-2.64,1517.55,1523.87,True,False,-0.0132,79580.01,-0.0171,1.017,0.11351
2026-08-28T12:09:53Z,XRPUSDT,COOLING,NONE,0.0,0.0,0.0,2.11,0.0,104806.2,74166.82,True,False,0.0,79565.17,-0.0186,1.073,1.4205
2026-08-28T12:09:57Z,HBARUSDT,COOLING,SELL,20.03,0.19,20.03,1.29,0.0,45162.6,42790.62,True,False,0.0,79565.17,-0.0186,1.167,0.07775
2026-08-28T12:09:59Z,WUSDT,COOLING,NONE,0.0,0.0,0.0,13.72,0.0,8000.78,3478.32,True,False,0.0,79565.17,-0.0186,0.991,0.009471
2026-08-28T12:10:02Z,REDUSDT,COOLING,BUY,0.0,0.43,0.43,10.41,0.0,5825.56,5833.69,True,False,0.0,79565.17,-0.0186,1.088,0.10568
2026-08-28T12:10:05Z,CCUSDT,COOLING,NONE,0.0,0.0,0.0,9.7,0.88,1517.55,1524.06,True,False,0.0044,79565.17,-0.0186,1.116,0.11347
2026-08-28T12:11:15Z,XRPUSDT,COOLING,SELL,0.12,0.0,0.12,2.82,1.41,89993.57,92183.61,True,False,0.0141,79552.87,-0.0155,1.018,1.418
2026-08-28T12:11:18Z,HBARUSDT,COOLING,NONE,0.0,0.0,0.0,1.29,0.0,28283.56,42910.76,True,False,0.0,79552.87,-0.0155,2.048,0.07773
2026-08-28T12:11:20Z,WUSDT,COOLING,NONE,0.0,0.0,0.0,11.61,0.0,8000.78,3177.01,True,False,0.0,79552.87,-0.0155,1.018,0.009474
2026-08-28T12:11:24Z,REDUSDT,COOLING,NONE,0.0,0.0,0.0,22.73,0.0,5825.56,5714.77,True,False,0.0,79552.87,-0.0155,1.145,0.10567
2026-08-28T12:11:27Z,CCUSDT,COOLING,NONE,0.0,0.0,0.0,9.7,-0.0,1516.48,1522.37,True,False,0.0088,79552.87,-0.0155,2.02,0.11342
2026-08-28T12:11:59Z,XRPUSDT,COOLING,BUY,9.43,47.98,47.98,1.41,-0.71,128191.5,85435.33,True,True,-0.0035,79521.33,-0.0396,1.016,1.4174
2026-08-28T12:12:01Z,HBARUSDT,COOLING,NONE,0.0,0.0,0.0,1.29,0.0,40231.57,40026.25,True,False,0.0,79521.33,-0.0396,0.964,0.07773
2026-08-28T12:12:05Z,WUSDT,COOLING,NONE,0.0,0.0,0.0,13.72,1.06,8000.78,3478.32,True,False,-0.0158,79521.33,-0.0396,1.083,0.009477
2026-08-28T12:12:07Z,REDUSDT,COOLING,NONE,0.0,0.0,0.0,22.73,0.0,5825.56,5714.77,True,False,0.0,79521.33,-0.0396,1.041,0.10561
2026-08-28T12:12:11Z,CCUSDT,COOLING,NONE,0.0,0.0,0.0,9.71,0.0,14985.5,1521.3,True,False,0.0,79521.33,-0.0396,1.013,0.11336
2026-08-28T12:12:47Z,XRPUSDT,COOLING,NONE,0.0,0.0,0.0,2.12,0.0,117515.71,77145.68,True,False,-0.0071,79517.71,-0.0046,1.011,1.4182
2026-08-28T12:12:50Z,HBARUSDT,COOLING,NONE,0.0,0.0,0.0,1.29,0.0,26764.23,45981.09,True,False,0.0,79517.71,-0.0046,1.037,0.07769
2026-08-28T12:12:52Z,WUSDT,COOLING,NONE,0.0,0.0,0.0,13.72,0.0,8000.78,3478.32,True,False,0.0,79517.71,-0.0046,1.026,0.009474
2026-08-28T12:12:55Z,REDUSDT,COOLING,NONE,0.0,0.0,0.0,20.81,0.0,5825.56,5219.99,True,False,0.0,79517.71,-0.0046,2.009,0.10571
2026-08-28T12:12:58Z,CCUSDT,COOLING,NONE,0.0,0.0,0.0,2.65,-0.88,1516.28,1520.23,True,False,-0.0044,79517.71,-0.0046,2.031,0.11324
2026-08-28T12:14:03Z,XRPUSDT,COOLING,SELL,26.15,0.0,26.15,0.71,-0.0,78642.35,96240.87,True,False,0.0071,79516.69,-0.0013,1.048,1.4183
2026-08-28T12:14:08Z,HBARUSDT,COOLING,NONE,0.0,0.0,0.0,1.29,0.0,17893.26,42738.05,True,False,-0.0129,79516.69,-0.0013,2.058,0.07766
2026-08-28T12:14:10Z,WUSDT,COOLING,NONE,0.0,0.0,0.0,12.67,0.0,8000.78,3478.32,True,False,0.0,79516.69,-0.0013,1.075,0.009473
2026-08-28T12:14:12Z,REDUSDT,COOLING,NONE,0.0,0.0,0.0,12.29,0.0,6553.78,5219.99,True,False,0.0,79516.69,-0.0013,1.07,0.10577
2026-08-28T12:14:15Z,CCUSDT,COOLING,NONE,0.0,0.0,0.0,4.42,0.0,15045.61,1519.96,True,False,0.0,79516.69,-0.0013,2.102,0.11316
2026-08-28T12:14:48Z,XRPUSDT,COOLING,BUY,0.0,22.75,22.75,3.53,0.7,117475.07,93149.99,True,True,0.0247,79505.0,-0.0147,1.169,1.4175
2026-08-28T12:14:50Z,HBARUSDT,COOLING,NONE,0.0,0.0,0.0,1.29,0.0,30931.93,43725.48,True,False,0.0,79505.0,-0.0147,1.212,0.07766
2026-08-28T12:14:52Z,WUSDT,COOLING,NONE,0.0,0.0,0.0,12.67,0.0,8000.78,3478.32,True,False,0.0,79505.0,-0.0147,1.022,0.009472
2026-08-28T12:14:55Z,REDUSDT,COOLING,NONE,0.0,0.0,0.0,20.81,0.0,5666.75,5219.99,True,False,0.0,79505.0,-0.0147,1.091,0.10579
2026-08-28T12:14:58Z,CCUSDT,COOLING,NONE,0.0,0.0,0.0,0.88,0.0,2361.23,1518.76,True,False,0.0,79505.0,-0.0147,1.102,0.11319
2026-08-28T12:15:30Z,XRPUSDT,COOLING,NONE,0.0,0.0,0.0,3.52,1.41,53385.27,75770.13,True,False,-0.007,79562.89,0.0728,1.149,1.4195
2026-08-28T12:15:32Z,HBARUSDT,COOLING,BUY,0.0,8.54,8.54,1.29,0.0,19160.71,42695.2,True,False,0.0,79562.89,0.0728,1.107,0.07764
2026-08-28T12:15:35Z,WUSDT,COOLING,NONE,0.0,0.0,0.0,12.64,0.0,15253.8,3430.64,True,False,0.0,79562.89,0.0728,0.978,0.009482
2026-08-28T12:15:37Z,REDUSDT,COOLING,NONE,0.0,0.0,0.0,14.17,0.0,8481.92,5269.23,True,False,0.0,79562.89,0.0728,1.107,0.10579
2026-08-28T12:15:39Z,CCUSDT,COOLING,BUY,11.42,83.59,83.59,5.29,-0.88,1727.95,15123.02,True,False,0.0132,79562.89,0.0728,1.076,0.11315
2026-08-28T12:16:49Z,XRPUSDT,COOLING,NONE,0.0,0.0,0.0,2.11,0.0,100310.74,85222.19,True,False,0.0,79639.99,0.0969,1.106,1.4208
2026-08-28T12:16:51Z,HBARUSDT,COOLING,NONE,0.0,0.0,0.0,1.29,0.0,19235.41,43597.81,True,False,0.0,79639.99,0.0969,1.026,0.07767
2026-08-28T12:16:53Z,WUSDT,COOLING,NONE,0.0,0.0,0.0,13.68,0.0,16201.27,3995.87,True,False,0.0,79639.99,0.0969,1.021,0.009505
2026-08-28T12:16:55Z,REDUSDT,COOLING,NONE,0.0,0.0,0.0,13.22,0.0,6221.92,6818.64,True,False,0.0,79639.99,0.0969,1.074,0.10604
2026-08-28T12:16:57Z,CCUSDT,COOLING,BUY,0.0,2.7,2.7,6.19,0.0,1513.96,1567.74,True,False,0.0,79639.99,0.0969,1.156,0.11316
2026-08-28T12:17:32Z,XRPUSDT,COOLING,BUY,0.0,6.11,6.11,2.82,0.7,89519.35,55729.92,True,False,-0.0387,79647.96,0.01,2.651,1.4216
2026-08-28T12:17:36Z,HBARUSDT,COOLING,BUY,0.0,0.31,0.31,1.29,0.0,18359.73,41963.12,True,False,-0.0129,79647.96,0.01,2.293,0.07767
2026-08-28T12:17:40Z,WUSDT,COOLING,NONE,0.0,0.0,0.0,11.57,0.0,9260.76,4091.57,True,False,0.0,79647.96,0.01,1.068,0.009503
2026-08-28T12:17:43Z,REDUSDT,COOLING,NONE,0.0,0.0,0.0,12.23,0.0,10413.18,3199.06,True,False,0.0,79647.96,0.01,2.042,0.10631
2026-08-28T12:17:47Z,CCUSDT,COOLING,SELL,35.09,0.0,35.09,7.09,-3.54,23964.35,1516.85,True,False,-0.0177,79647.96,0.01,1.07,0.11294
2026-08-28T12:18:21Z,XRPUSDT,COOLING,NONE,0.0,0.0,0.0,0.7,-0.7,104402.65,60893.02,True,False,0.0035,79654.37,0.008,2.237,1.421
2026-08-28T12:18:23Z,HBARUSDT,COOLING,BUY,0.0,3.17,3.17,1.29,0.0,19770.76,45474.75,True,False,0.0,79654.37,0.008,1.345,0.07766
2026-08-28T12:18:25Z,WUSDT,COOLING,NONE,0.0,0.0,0.0,11.57,0.0,9260.76,4091.57,True,False,0.0,79654.37,0.008,1.091,0.009507
2026-08-28T12:18:29Z,REDUSDT,COOLING,NONE,0.0,0.0,0.0,14.12,-8.48,5626.88,5187.67,True,False,0.0424,79654.37,0.008,1.178,0.10623
2026-08-28T12:18:31Z,CCUSDT,COOLING,SELL,1.27,0.0,1.27,10.64,0.0,9122.91,1514.47,True,False,0.0,79654.37,0.008,1.119,0.11278
2026-08-28T12:19:38Z,XRPUSDT,COOLING,NONE,0.0,0.0,0.0,2.81,0.7,145941.3,65491.15,True,False,-0.0035,79644.12,-0.0129,1.594,1.4215
2026-08-28T12:19:43Z,HBARUSDT,COOLING,NONE,0.0,0.0,0.0,1.29,0.0,20756.14,42378.23,True,False,0.0,79644.12,-0.0129,1.675,0.07765
2026-08-28T12:19:48Z,WUSDT,COOLING,NONE,0.0,0.0,0.0,11.57,0.0,11191.54,3977.42,True,False,0.0,79644.12,-0.0129,3.04,0.009504
2026-08-28T12:19:56Z,REDUSDT,COOLING,NONE,0.0,0.0,0.0,16.94,0.0,7074.24,7396.56,True,False,0.0,79644.12,-0.0129,1.217,0.10629
2026-08-28T12:19:59Z,CCUSDT,COOLING,NONE,0.0,0.0,0.0,9.77,0.0,14965.23,1512.19,True,False,0.0,79644.12,-0.0129,2.082,0.11266
2026-08-28T12:20:30Z,XRPUSDT,COOLING,SELL,5.74,0.0,5.74,0.7,0.0,85641.54,129287.1,True,False,0.0,79602.23,-0.0526,1.253,1.4195
2026-08-28T12:20:33Z,HBARUSDT,COOLING,NONE,0.0,0.0,0.0,1.29,0.0,11301.41,43207.68,True,False,0.0,79602.23,-0.0526,1.001,0.07766
2026-08-28T12:20:36Z,WUSDT,COOLING,NONE,0.0,0.0,0.0,11.57,0.0,16993.02,3995.87,True,False,0.0,79602.23,-0.0526,1.047,0.00951
2026-08-28T12:20:38Z,REDUSDT,COOLING,NONE,0.0,0.0,0.0,22.58,0.0,7517.66,5942.19,True,False,0.0,79602.23,-0.0526,1.086,0.10636
2026-08-28T12:20:40Z,CCUSDT,COOLING,NONE,0.0,0.0,0.0,10.67,0.0,9029.32,1509.78,True,False,0.0,79602.23,-0.0526,1.129,0.11262
2026-08-28T12:21:13Z,XRPUSDT,COOLING,NONE,0.0,0.0,0.0,2.82,0.0,96427.17,66718.32,True,False,0.0,79625.0,0.0286,2.223,1.4199
2026-08-28T12:21:17Z,HBARUSDT,COOLING,NONE,0.0,0.0,0.0,1.29,0.0,24936.71,43385.91,True,False,0.0,79625.0,0.0286,1.088,0.07766
2026-08-28T12:21:19Z,WUSDT,COOLING,NONE,0.0,0.0,0.0,2.1,0.0,16505.89,5778.62,True,False,0.0,79625.0,0.0286,1.052,0.009514
2026-08-28T12:21:22Z,REDUSDT,COOLING,NONE,0.0,0.0,0.0,13.17,0.0,7490.14,5941.64,True,False,0.0,79625.0,0.0286,2.073,0.10636
2026-08-28T12:21:25Z,CCUSDT,COOLING,BUY,0.0,0.01,0.01,6.23,0.0,8957.6,9026.0,True,False,0.0,79625.0,0.0286,2.565,0.11234
2026-08-28T12:22:48Z,XRPUSDT,COOLING,BUY,0.0,0.02,0.02,2.11,0.7,89701.33,105094.0,True,False,-0.0035,79637.22,0.0153,1.935,1.4199
2026-08-28T12:22:50Z,HBARUSDT,COOLING,NONE,0.0,0.0,0.0,1.29,0.0,23936.93,45790.73,True,False,0.0,79637.22,0.0153,1.165,0.07765
2026-08-28T12:22:52Z,WUSDT,COOLING,NONE,0.0,0.0,0.0,12.59,0.0,17613.21,7160.4,True,False,0.0,79637.22,0.0153,1.016,0.009534
2026-08-28T12:22:55Z,REDUSDT,COOLING,NONE,0.0,0.0,0.0,14.12,0.0,7517.66,7953.95,True,False,0.0,79637.22,0.0153,1.337,0.1063
2026-08-28T12:22:57Z,CCUSDT,COOLING,NONE,0.0,0.0,0.0,9.8,0.0,1501.6,1611.96,True,False,0.0,79637.22,0.0153,1.108,0.11232
2026-08-28T12:23:39Z,XRPUSDT,COOLING,SELL,15.14,0.0,15.14,2.11,-1.41,96694.16,104512.4,True,True,-0.007,79608.97,-0.0355,1.03,1.4197
2026-08-28T12:23:41Z,HBARUSDT,COOLING,SELL,23.32,0.0,23.32,1.29,0.0,21474.6,41448.1,True,False,0.0,79608.97,-0.0355,1.059,0.07764
2026-08-28T12:23:43Z,WUSDT,COOLING,NONE,0.0,0.0,0.0,13.63,0.0,7697.55,6741.97,True,False,0.0,79608.97,-0.0355,1.141,0.009537
2026-08-28T12:23:46Z,REDUSDT,COOLING,NONE,0.0,0.0,0.0,22.6,0.0,7475.2,7746.41,True,False,0.0,79608.97,-0.0355,1.16,0.10628
2026-08-28T12:23:49Z,CCUSDT,COOLING,NONE,0.0,0.0,0.0,4.46,0.0,1501.27,2095.01,True,False,0.0,79608.97,-0.0355,2.064,0.11226
2026-08-28T12:24:21Z,XRPUSDT,COOLING,NONE,0.0,0.0,0.0,2.82,0.0,104965.5,81765.06,True,False,0.0,79578.34,-0.0385,1.034,1.419
2026-08-28T12:24:23Z,HBARUSDT,COOLING,NONE,0.0,0.0,0.0,1.29,0.0,18316.26,47507.46,True,False,0.0,79578.34,-0.0385,1.204,0.07761
2026-08-28T12:24:27Z,WUSDT,COOLING,NONE,0.0,0.0,0.0,12.59,0.0,7697.55,7159.96,True,False,0.0,79578.34,-0.0385,1.522,0.009535
2026-08-28T12:24:31Z,REDUSDT,COOLING,NONE,0.0,0.0,0.0,14.12,0.0,4650.78,7516.39,True,False,0.0,79578.34,-0.0385,2.063,0.10624
2026-08-28T12:24:35Z,CCUSDT,COOLING,SELL,3.33,0.0,3.33,6.22,0.89,1562.84,9073.07,True,False,0.0044,79578.34,-0.0385,1.095,0.11247
2026-08-28T12:25:40Z,XRPUSDT,COOLING,NONE,0.0,0.0,0.0,2.82,0.7,96528.83,67208.41,True,False,-0.0106,79580.52,0.0027,1.111,1.4192
2026-08-28T12:25:43Z,HBARUSDT,COOLING,NONE,0.0,0.0,0.0,1.29,0.0,21787.62,41508.67,True,False,0.0,79580.52,0.0027,1.091,0.07763
2026-08-28T12:25:47Z,WUSDT,COOLING,NONE,0.0,0.0,0.0,10.49,0.0,7697.55,6741.97,True,False,0.0,79580.52,0.0027,1.274,0.009537
2026-08-28T12:25:49Z,REDUSDT,COOLING,NONE,0.0,0.0,0.0,14.12,0.0,7517.66,5485.21,True,False,0.0,79580.52,0.0027,1.205,0.1063
2026-08-28T12:25:52Z,CCUSDT,COOLING,NONE,0.0,0.0,0.0,11.54,3.55,1506.96,1566.07,True,False,-0.0355,79580.52,0.0027,1.159,0.11269
2026-08-28T12:26:29Z,XRPUSDT,COOLING,NONE,0.0,0.0,0.0,2.11,0.0,159572.4,63004.84,True,False,0.0,79562.44,-0.0227,1.197,1.4185
2026-08-28T12:26:35Z,HBARUSDT,COOLING,NONE,0.0,0.0,0.0,1.29,0.0,17475.8,45981.68,True,False,0.0,79562.44,-0.0227,2.161,0.07762
2026-08-28T12:26:37Z,WUSDT,COOLING,NONE,0.0,0.0,0.0,10.5,0.0,9476.53,7479.68,True,False,0.0,79562.44,-0.0227,1.087,0.009528
2026-08-28T12:26:42Z,REDUSDT,COOLING,NONE,0.0,0.0,0.0,12.23,0.0,7948.35,5339.18,True,False,0.0,79562.44,-0.0227,2.091,0.10628
2026-08-28T12:26:44Z,CCUSDT,COOLING,NONE,0.0,0.0,0.0,10.65,0.0,1509.44,1750.06,True,False,0.0,79562.44,-0.0227,1.144,0.1126
2026-08-28T12:27:20Z,XRPUSDT,COOLING,NONE,0.0,0.0,0.0,1.41,0.0,108787.18,106215.45,True,False,0.0,79558.34,-0.0052,2.021,1.4194
2026-08-28T12:27:22Z,HBARUSDT,COOLING,NONE,0.0,0.0,0.0,1.29,0.0,25066.09,41946.21,True,False,0.0,79558.34,-0.0052,1.075,0.07763
2026-08-28T12:27:27Z,WUSDT,COOLING,NONE,0.0,0.0,0.0,9.44,0.0,9452.13,6741.97,True,False,0.0,79558.34,-0.0052,1.079,0.00953
2026-08-28T12:27:29Z,REDUSDT,COOLING,NONE,0.0,0.0,0.0,12.23,0.0,7948.35,5339.18,True,False,0.0,79558.34,-0.0052,1.165,0.10635
2026-08-28T12:27:32Z,CCUSDT,COOLING,NONE,0.0,0.0,0.0,10.66,0.0,1506.03,1511.25,True,False,0.0,79558.34,-0.0052,1.119,0.11262
2026-08-28T12:28:47Z,XRPUSDT,COOLING,SELL,9.77,0.0,9.77,2.11,-0.71,82324.89,96924.28,True,False,0.0035,79522.34,-0.0452,0.984,1.4184
2026-08-28T12:28:50Z,HBARUSDT,COOLING,SELL,1.66,0.0,1.66,1.29,0.0,40731.92,38239.16,True,False,0.0,79522.34,-0.0452,1.181,0.07752
2026-08-28T12:28:54Z,WUSDT,COOLING,NONE,0.0,0.0,0.0,12.64,0.0,9373.58,4485.56,True,False,0.0,79522.34,-0.0452,2.119,0.009496
2026-08-28T12:28:56Z,REDUSDT,COOLING,NONE,0.0,0.0,0.0,12.2,-8.46,7933.95,5467.56,True,False,0.0422,79522.34,-0.0452,1.195,0.1065
2026-08-28T12:28:58Z,CCUSDT,COOLING,NONE,0.0,0.0,0.0,8.89,0.0,9055.24,14851.93,True,False,0.0,79522.34,-0.0452,1.076,0.11244
2026-08-28T12:29:43Z,XRPUSDT,COOLING,BUY,0.0,6.8,6.8,2.11,0.7,113924.25,94559.59,True,False,-0.0035,79539.99,0.0222,1.144,1.4184
2026-08-28T12:29:45Z,HBARUSDT,COOLING,NONE,0.0,0.0,0.0,1.29,0.0,37706.06,46428.3,True,False,0.0,79539.99,0.0222,1.117,0.07752
2026-08-28T12:29:48Z,WUSDT,COOLING,NONE,0.0,0.0,0.0,8.43,0.0,9373.58,4485.56,True,False,0.0,79539.99,0.0222,2.124,0.009491
2026-08-28T12:29:52Z,REDUSDT,COOLING,NONE,0.0,0.0,0.0,20.66,-7.52,6067.17,5467.56,True,False,0.0376,79539.99,0.0222,2.106,0.10649
2026-08-28T12:29:55Z,CCUSDT,COOLING,NONE,0.0,0.0,0.0,5.34,0.0,14802.98,1509.19,True,False,0.0,79539.99,0.0222,2.094,0.11246
2026-08-28T12:30:33Z,XRPUSDT,COOLING,NONE,0.0,0.0,0.0,0.71,0.0,71907.63,95808.24,True,False,0.0,79516.91,-0.029,1.356,1.4176
2026-08-28T12:30:37Z,HBARUSDT,COOLING,NONE,0.0,0.0,0.0,1.29,0.0,19518.52,42231.5,True,False,0.0,79516.91,-0.029,1.942,0.07753
2026-08-28T12:30:41Z,WUSDT,COOLING,NONE,0.0,0.0,0.0,6.33,0.0,11250.72,3079.67,True,False,0.0,79516.91,-0.029,2.034,0.009487
2026-08-28T12:30:50Z,REDUSDT,COOLING,BUY,0.0,0.83,0.83,17.76,-0.93,4927.91,2341.29,True,False,-0.0047,79516.91,-0.029,4.884,0.10698
2026-08-28T12:30:55Z,CCUSDT,COOLING,NONE,0.0,0.0,0.0,4.45,0.0,1504.11,1509.15,True,False,0.0,79516.91,-0.029,1.091,0.11234
2026-08-28T12:32:14Z,XRPUSDT,COOLING,SELL,18.34,0.0,18.34,1.41,0.0,120471.78,76085.64,True,False,-0.0071,79499.63,-0.0217,1.114,1.4158
2026-08-28T12:32:22Z,HBARUSDT,COOLING,SELL,0.3,0.0,0.3,1.29,0.0,39009.0,41415.81,True,False,-0.0129,79499.63,-0.0217,6.013,0.07756
2026-08-28T12:32:27Z,WUSDT,COOLING,NONE,0.0,0.0,0.0,10.56,0.0,8359.29,3895.63,True,False,0.0,79499.63,-0.0217,2.119,0.009474
2026-08-28T12:32:29Z,REDUSDT,COOLING,NONE,0.0,0.0,0.0,12.15,0.0,8376.96,1656.49,True,False,0.0,79499.63,-0.0217,0.994,0.10704
2026-08-28T12:32:32Z,CCUSDT,COOLING,NONE,0.0,0.0,0.0,8.9,-0.89,1504.08,1509.91,True,False,-0.0044,79499.63,-0.0217,1.221,0.11242
2026-08-28T12:33:03Z,XRPUSDT,COOLING,SELL,27.97,10.18,27.97,3.53,2.12,103699.27,99465.07,True,False,-0.0035,79490.01,-0.0121,1.068,1.415
2026-08-28T12:33:05Z,HBARUSDT,COOLING,NONE,0.0,0.0,0.0,1.29,0.0,24319.39,38441.04,True,False,0.0,79490.01,-0.0121,1.101,0.07758
2026-08-28T12:33:09Z,WUSDT,COOLING,NONE,0.0,0.0,0.0,8.45,0.0,8359.29,3895.63,True,False,0.0,79490.01,-0.0121,2.567,0.009473
2026-08-28T12:33:11Z,REDUSDT,COOLING,BUY,0.0,39.94,39.94,13.14,-1.86,7390.89,1574.18,True,True,-0.0938,79490.01,-0.0121,1.001,0.10708
2026-08-28T12:33:13Z,CCUSDT,COOLING,NONE,0.0,0.0,0.0,8.91,0.0,1501.87,15010.17,True,False,0.0,79490.01,-0.0121,1.047,0.11233
2026-08-28T12:33:52Z,XRPUSDT,COOLING,NONE,0.0,0.0,0.0,2.12,-0.0,112669.39,113748.52,True,False,0.0071,79474.41,-0.0196,2.155,1.4145
2026-08-28T12:33:57Z,HBARUSDT,COOLING,NONE,0.0,0.0,0.0,1.29,0.0,37949.43,42689.44,True,False,0.0,79474.41,-0.0196,2.63,0.07753
2026-08-28T12:34:00Z,WUSDT,COOLING,NONE,0.0,0.0,0.0,12.69,2.12,9131.86,5374.8,True,False,-0.0106,79474.41,-0.0196,1.079,0.009459
2026-08-28T12:34:03Z,REDUSDT,COOLING,NONE,0.0,0.0,0.0,23.5,0.0,7081.73,1556.04,True,False,0.0,79474.41,-0.0196,1.149,0.10656
2026-08-28T12:34:06Z,CCUSDT,COOLING,NONE,0.0,0.0,0.0,0.89,-0.89,1504.14,1508.17,True,False,-0.0045,79474.41,-0.0196,1.088,0.11229
2026-08-28T12:35:15Z,XRPUSDT,COOLING,SELL,19.12,0.0,19.12,2.12,-0.71,156257.45,59702.49,True,False,0.0035,79462.81,-0.0146,1.398,1.4158
2026-08-28T12:35:18Z,HBARUSDT,COOLING,NONE,0.0,0.0,0.0,1.29,0.0,39905.69,45321.82,True,False,0.0,79462.81,-0.0146,1.144,0.07752
2026-08-28T12:35:20Z,WUSDT,COOLING,NONE,0.0,0.0,0.0,8.46,0.0,9131.86,4494.83,True,False,0.0,79462.81,-0.0146,1.213,0.009454
2026-08-28T12:35:23Z,REDUSDT,COOLING,NONE,0.0,0.0,0.0,22.56,0.0,6531.79,1368.7,True,False,0.0,79462.81,-0.0146,1.129,0.10645
2026-08-28T12:35:25Z,CCUSDT,COOLING,NONE,0.0,0.0,0.0,8.89,-0.89,1506.17,15550.53,True,False,-0.0133,79462.81,-0.0146,1.043,0.11247
2026-08-28T12:35:59Z,XRPUSDT,COOLING,NONE,0.0,0.0,0.0,0.71,0.0,57753.94,77546.57,True,False,0.0,79445.82,-0.0214,0.946,1.4152
2026-08-28T12:36:02Z,HBARUSDT,COOLING,SELL,3.89,0.0,3.89,1.29,0.0,33144.72,41433.79,True,False,-0.0129,79445.82,-0.0214,1.077,0.07752
2026-08-28T12:36:04Z,WUSDT,COOLING,NONE,0.0,0.0,0.0,10.59,0.0,9611.22,4489.65,True,False,0.0,79445.82,-0.0214,1.099,0.009454
2026-08-28T12:36:07Z,REDUSDT,COOLING,NONE,0.0,0.0,0.0,12.25,0.0,7855.19,1758.45,True,False,0.0,79445.82,-0.0214,2.117,0.10643
2026-08-28T12:36:12Z,CCUSDT,COOLING,NONE,0.0,0.0,0.0,10.68,0.0,2035.27,1507.9,True,False,0.0,79445.82,-0.0214,2.035,0.11247
2026-08-28T12:36:44Z,XRPUSDT,COOLING,SELL,20.58,0.0,20.58,1.41,-1.41,227602.93,106472.1,True,False,0.0071,79401.59,-0.0557,1.086,1.4142
2026-08-28T12:36:47Z,HBARUSDT,COOLING,NONE,0.0,0.0,0.0,1.29,0.0,35324.58,46772.78,True,False,0.0,79401.59,-0.0557,1.132,0.07751
2026-08-28T12:36:49Z,WUSDT,COOLING,NONE,0.0,0.0,0.0,10.6,0.0,15136.44,4189.26,True,False,0.0,79401.59,-0.0557,1.178,0.009444
2026-08-28T12:36:54Z,REDUSDT,COOLING,NONE,0.0,0.0,0.0,10.37,0.0,7098.91,1273.16,True,False,0.0,79401.59,-0.0557,2.082,0.10619
2026-08-28T12:36:56Z,CCUSDT,COOLING,NONE,0.0,0.0,0.0,10.69,0.0,1503.56,1808.21,True,False,0.0,79401.59,-0.0557,0.962,0.1123
2026-08-28T12:38:01Z,XRPUSDT,COOLING,BUY,0.0,25.56,25.56,1.41,0.0,126032.34,117853.01,True,False,0.0,79412.85,0.0142,0.979,1.4137
2026-08-28T12:38:03Z,HBARUSDT,COOLING,NONE,0.0,0.0,0.0,1.29,0.0,31631.14,40295.97,True,False,0.0,79412.85,0.0142,1.109,0.0774
2026-08-28T12:38:07Z,WUSDT,COOLING,NONE,0.0,0.0,0.0,8.47,2.12,10177.32,4070.42,True,False,0.0212,79412.85,0.0142,2.118,0.009435
2026-08-28T12:38:11Z,REDUSDT,COOLING,NONE,0.0,0.0,0.0,22.6,0.0,8532.81,1302.71,True,False,0.0,79412.85,0.0142,1.059,0.10609
2026-08-28T12:38:13Z,CCUSDT,COOLING,NONE,0.0,0.0,0.0,5.34,0.0,1675.52,15411.16,True,False,0.0,79412.85,0.0142,1.012,0.11222
2026-08-28T12:38:47Z,XRPUSDT,COOLING,NONE,0.0,0.0,0.0,1.41,0.0,89327.17,65555.29,True,False,0.0,79421.39,0.0108,1.142,1.4155
2026-08-28T12:38:49Z,HBARUSDT,COOLING,NONE,0.0,0.0,0.0,1.29,0.0,36183.5,46383.82,True,False,0.0,79421.39,0.0108,1.003,0.07743
2026-08-28T12:38:51Z,WUSDT,COOLING,NONE,0.0,0.0,0.0,8.47,0.0,9358.59,3069.8,True,False,0.0,79421.39,0.0108,1.092,0.009438
2026-08-28T12:38:53Z,REDUSDT,COOLING,NONE,0.0,0.0,0.0,12.23,0.0,5638.46,2943.76,True,False,0.0,79421.39,0.0108,1.164,0.10632
2026-08-28T12:38:57Z,CCUSDT,COOLING,NONE,0.0,0.0,0.0,8.01,-0.89,1504.68,1508.44,True,False,0.0044,79421.39,0.0108,1.552,0.11222
2026-08-28T12:39:32Z,XRPUSDT,COOLING,SELL,6.04,0.0,6.04,0.71,0.0,120753.37,61505.18,True,False,0.0,79409.77,-0.0146,1.279,1.4153
2026-08-28T12:39:36Z,HBARUSDT,COOLING,NONE,0.0,0.0,0.0,1.29,0.0,35120.84,43073.48,True,False,0.0,79409.77,-0.0146,2.106,0.07742
2026-08-28T12:39:39Z,WUSDT,COOLING,NONE,0.0,0.0,0.0,10.58,0.0,11974.3,4179.3,True,False,0.0,79409.77,-0.0146,1.231,0.009444
2026-08-28T12:39:42Z,REDUSDT,COOLING,NONE,0.0,0.0,0.0,19.76,0.0,4686.53,2943.76,True,False,0.0,79409.77,-0.0146,1.648,0.10633
2026-08-28T12:39:45Z,CCUSDT,COOLING,BUY,0.0,3.72,3.72,10.67,0.0,1505.75,1570.77,True,False,0.0,79409.77,-0.0146,1.024,0.11239
2026-08-28T12:40:50Z,XRPUSDT,COOLING,NONE,0.0,0.0,0.0,2.83,0.71,108851.71,92438.36,True,False,0.0106,79355.01,-0.069,1.169,1.4151
2026-08-28T12:40:53Z,HBARUSDT,COOLING,NONE,0.0,0.0,0.0,1.29,0.0,20717.64,41527.63,True,False,0.0,79355.01,-0.069,1.1,0.07739
2026-08-28T12:40:57Z,WUSDT,COOLING,NONE,0.0,0.0,0.0,10.59,0.0,9341.6,2849.54,True,False,0.0,79355.01,-0.069,1.988,0.009448
2026-08-28T12:41:01Z,REDUSDT,COOLING,NONE,0.0,0.0,0.0,10.33,0.0,4832.3,2691.0,True,False,0.0,79355.01,-0.069,1.047,0.10642
2026-08-28T12:41:03Z,CCUSDT,COOLING,NONE,0.0,0.0,0.0,6.23,0.89,1549.43,1509.72,True,False,0.0044,79355.01,-0.069,0.986,0.11249
2026-08-28T12:41:42Z,XRPUSDT,COOLING,SELL,53.07,17.34,53.07,0.71,-1.41,248834.71,107380.06,True,False,0.0071,79328.36,-0.0336,1.034,1.4144
2026-08-28T12:41:46Z,HBARUSDT,COOLING,SELL,8.16,0.64,8.16,2.59,-1.29,44052.89,49895.29,True,False,-0.0065,79328.36,-0.0336,1.653,0.07734
2026-08-28T12:41:48Z,WUSDT,COOLING,NONE,0.0,0.0,0.0,12.72,0.0,9383.33,3178.88,True,False,0.0,79328.36,-0.0336,1.052,0.009434
2026-08-28T12:41:51Z,REDUSDT,COOLING,NONE,0.0,0.0,0.0,10.33,0.0,8292.73,3150.2,True,False,0.0,79328.36,-0.0336,1.003,0.10648
2026-08-28T12:41:53Z,CCUSDT,COOLING,NONE,0.0,0.0,0.0,8.01,0.0,1504.14,1508.44,True,False,0.0,79328.36,-0.0336,1.081,0.11242
2026-08-28T12:42:25Z,XRPUSDT,COOLING,SELL,22.91,0.0,22.91,2.12,0.0,87431.09,100048.33,True,False,0.0,79334.05,0.0072,1.098,1.4152
2026-08-28T12:42:28Z,HBARUSDT,COOLING,BUY,1.12,3.25,3.25,2.59,1.29,30072.1,44834.24,True,False,0.0065,79334.05,0.0072,1.874,0.07734
2026-08-28T12:42:31Z,WUSDT,COOLING,NONE,0.0,0.0,0.0,14.85,0.0,10586.09,4557.28,True,False,0.0,79334.05,0.0072,1.098,0.009432
2026-08-28T12:42:33Z,REDUSDT,COOLING,SELL,0.07,0.0,0.07,22.56,12.23,6802.86,3150.2,True,False,-0.0611,79334.05,0.0072,1.155,0.10649
2026-08-28T12:42:35Z,CCUSDT,COOLING,NONE,0.0,0.0,0.0,10.69,-0.89,1502.27,1508.44,True,False,-0.0045,79334.05,0.0072,1.088,0.11223
2026-08-28T12:43:38Z,XRPUSDT,COOLING,NONE,0.0,0.0,0.0,2.12,0.0,103479.39,64625.68,True,False,0.0,79320.97,-0.0165,1.588,1.4158
2026-08-28T12:43:40Z,HBARUSDT,COOLING,NONE,0.0,0.0,0.0,1.29,0.0,33911.98,42384.17,True,False,0.0,79320.97,-0.0165,1.054,0.07733
2026-08-28T12:43:44Z,WUSDT,COOLING,NONE,0.0,0.0,0.0,9.53,0.0,10914.15,3481.35,True,False,0.0,79320.97,-0.0165,1.118,0.00943
2026-08-28T12:43:46Z,REDUSDT,COOLING,NONE,0.0,0.0,0.0,10.33,0.0,7138.17,2928.38,True,False,0.0,79320.97,-0.0165,1.024,0.10633
2026-08-28T12:43:48Z,CCUSDT,COOLING,NONE,0.0,0.0,0.0,9.8,0.89,1502.27,1506.96,True,False,0.0045,79320.97,-0.0165,1.12,0.11216
2026-08-28T12:44:25Z,XRPUSDT,COOLING,SELL,11.91,2.87,11.91,2.12,0.71,122769.46,57090.24,True,False,-0.0106,79369.99,0.0618,2.125,1.4177
2026-08-28T12:44:28Z,HBARUSDT,COOLING,NONE,0.0,0.0,0.0,1.29,0.0,19796.16,42484.32,True,False,0.0,79369.99,0.0618,1.076,0.07733
2026-08-28T12:44:31Z,WUSDT,COOLING,NONE,0.0,0.0,0.0,9.53,0.0,10914.15,3481.35,True,False,0.0,79369.99,0.0618,1.102,0.009446
2026-08-28T12:44:36Z,REDUSDT,COOLING,NONE,0.0,0.0,0.0,20.66,0.0,7138.17,2928.38,True,False,0.0,79369.99,0.0618,2.044,0.10645
2026-08-28T12:44:38Z,CCUSDT,COOLING,NONE,0.0,0.0,0.0,7.12,0.0,1502.27,1508.17,True,False,0.0,79369.99,0.0618,1.634,0.1123
2026-08-28T12:45:13Z,XRPUSDT,COOLING,BUY,0.0,7.92,7.92,2.82,0.0,69854.69,77871.76,True,False,0.0,79404.67,0.0437,2.111,1.4189
2026-08-28T12:45:14Z,HBARUSDT,COOLING,SELL,58.38,0.0,58.38,1.29,0.0,38742.22,41917.47,True,False,0.0,79404.67,0.0437,0.963,0.07751
2026-08-28T12:45:17Z,WUSDT,COOLING,NONE,0.0,0.0,0.0,9.52,0.0,16663.0,3485.37,True,False,0.0,79404.67,0.0437,1.121,0.00945
2026-08-28T12:45:20Z,REDUSDT,COOLING,NONE,0.0,0.0,0.0,14.06,0.0,2958.8,1580.24,True,False,0.0,79404.67,0.0437,1.099,0.10653
2026-08-28T12:45:22Z,CCUSDT,COOLING,NONE,0.0,0.0,0.0,9.78,0.0,1505.62,15064.9,True,False,0.0,79404.67,0.0437,1.116,0.11235
2026-08-28T12:46:31Z,XRPUSDT,COOLING,NONE,0.0,0.0,0.0,2.11,0.0,129956.59,79994.84,True,False,0.0,79407.2,0.0032,1.067,1.4191
2026-08-28T12:46:35Z,HBARUSDT,COOLING,BUY,0.0,0.74,0.74,1.29,-1.29,31927.25,42516.76,True,False,-0.0065,79407.2,0.0032,2.168,0.07746
2026-08-28T12:46:38Z,WUSDT,COOLING,NONE,0.0,0.0,0.0,11.65,0.0,14671.69,3481.35,True,False,0.0,79407.2,0.0032,1.197,0.009448
2026-08-28T12:46:42Z,REDUSDT,COOLING,SELL,0.1,0.0,0.1,12.2,0.0,6255.76,5338.11,True,False,0.0,79407.2,0.0032,1.302,0.10651
2026-08-28T12:46:45Z,CCUSDT,COOLING,NONE,0.0,0.0,0.0,7.12,0.89,1504.84,1510.04,True,False,0.0044,79407.2,0.0032,1.042,0.11242
2026-08-28T12:47:19Z,XRPUSDT,COOLING,NONE,0.0,0.0,0.0,2.82,0.0,124460.45,56564.01,True,False,0.0,79421.91,0.0185,1.078,1.4203
2026-08-28T12:47:21Z,HBARUSDT,COOLING,NONE,0.0,0.0,0.0,1.29,0.0,41081.85,43003.27,True,False,0.0,79421.91,0.0185,1.064,0.07746
2026-08-28T12:47:24Z,WUSDT,COOLING,NONE,0.0,0.0,0.0,10.6,0.0,9643.17,3733.56,True,False,0.0,79421.91,0.0185,1.037,0.009432
2026-08-28T12:47:26Z,REDUSDT,COOLING,NONE,0.0,0.0,0.0,12.2,0.0,6247.5,5338.11,True,False,0.0,79421.91,0.0185,1.13,0.10651
2026-08-28T12:47:28Z,CCUSDT,COOLING,NONE,0.0,0.0,0.0,5.34,0.89,1504.84,1508.84,True,False,0.0044,79421.91,0.0185,1.27,0.1124
2026-08-28T12:47:59Z,XRPUSDT,COOLING,NONE,0.0,0.0,0.0,1.41,-1.41,83789.87,65577.88,True,False,0.007,79425.8,0.0049,1.095,1.42
2026-08-28T12:48:01Z,HBARUSDT,COOLING,NONE,0.0,0.0,0.0,1.29,0.0,35843.63,44351.59,True,False,0.0,79425.8,0.0049,1.15,0.07748
2026-08-28T12:48:03Z,WUSDT,COOLING,SELL,40.42,0.0,40.42,9.54,0.0,9643.17,3733.56,True,True,0.0,79425.8,0.0049,1.112,0.009435
2026-08-28T12:48:06Z,REDUSDT,COOLING,NONE,0.0,0.0,0.0,12.2,0.0,6247.5,5338.11,True,False,0.0,79425.8,0.0049,2.134,0.10654
2026-08-28T12:48:09Z,CCUSDT,COOLING,BUY,0.09,88.07,88.07,8.89,0.89,1614.39,15066.1,True,False,-0.0044,79425.8,0.0049,1.018,0.11233
2026-08-28T12:49:10Z,XRPUSDT,COOLING,NONE,0.0,0.0,0.0,2.11,-0.7,78865.14,74383.01,True,False,-0.0035,79404.14,-0.0273,1.044,1.4195
2026-08-28T12:49:14Z,HBARUSDT,COOLING,SELL,19.97,0.0,19.97,1.29,0.0,34947.3,26919.3,True,True,0.0,79404.14,-0.0273,2.574,0.0775
2026-08-28T12:49:17Z,WUSDT,COOLING,SELL,44.45,0.0,44.45,12.72,3.18,9303.83,3477.33,True,True,-0.0159,79404.14,-0.0273,1.052,0.009435
2026-08-28T12:49:21Z,REDUSDT,COOLING,BUY,0.0,2.56,2.56,12.2,1.87,5322.14,5311.77,True,False,0.0939,79404.14,-0.0273,1.051,0.10658
2026-08-28T12:49:23Z,CCUSDT,COOLING,NONE,0.0,0.0,0.0,10.68,0.0,1503.21,1509.77,True,False,0.0,79404.14,-0.0273,1.105,0.11249
2026-08-28T12:49:58Z,XRPUSDT,COOLING,NONE,0.0,0.0,0.0,1.41,0.0,68684.3,48666.97,True,False,-0.007,79379.24,-0.0314,1.255,1.4189
2026-08-28T12:50:00Z,HBARUSDT,COOLING,NONE,0.0,0.0,0.0,1.29,0.0,38740.12,22127.49,True,False,0.0,79379.24,-0.0314,1.089,0.0775
2026-08-28T12:50:03Z,WUSDT,COOLING,NONE,0.0,0.0,0.0,13.79,0.0,14581.21,4238.69,True,False,0.0,79379.24,-0.0314,1.088,0.009428
2026-08-28T12:50:07Z,REDUSDT,COOLING,NONE,0.0,0.0,0.0,10.33,0.0,5322.14,6675.39,True,False,0.0,79379.24,-0.0314,1.042,0.10646
2026-08-28T12:50:09Z,CCUSDT,COOLING,NONE,0.0,0.0,0.0,8.9,0.0,1581.18,15005.7,True,False,0.0,79379.24,-0.0314,1.141,0.11233
2026-08-28T12:50:46Z,XRPUSDT,COOLING,NONE,0.0,0.0,0.0,2.12,0.0,60023.41,73374.56,True,False,0.0,79366.34,-0.0163,1.38,1.418
2026-08-28T12:50:48Z,HBARUSDT,COOLING,BUY,0.0,5.53,5.53,1.29,0.0,14246.55,25471.38,True,False,-0.0129,79366.34,-0.0163,2.071,0.07756
2026-08-28T12:50:53Z,WUSDT,COOLING,NONE,0.0,0.0,0.0,11.68,0.0,9781.88,2966.15,True,False,0.0,79366.34,-0.0163,2.356,0.009415
2026-08-28T12:50:56Z,REDUSDT,COOLING,NONE,0.0,0.0,0.0,12.2,0.0,6974.97,5875.23,True,False,0.0,79366.34,-0.0163,2.158,0.10649
2026-08-28T12:50:59Z,CCUSDT,COOLING,NONE,0.0,0.0,0.0,7.11,-0.89,1505.75,1509.64,True,False,-0.0044,79366.34,-0.0163,1.081,0.1125
2026-08-28T12:51:58Z,XRPUSDT,COOLING,NONE,0.0,0.0,0.0,1.41,0.0,114118.61,63776.63,True,False,0.0,79364.95,-0.0018,1.144,1.4195
2026-08-28T12:52:01Z,HBARUSDT,COOLING,NONE,0.0,0.0,0.0,1.29,0.0,37633.09,28125.94,True,False,0.0,79364.95,-0.0018,1.16,0.07756
2026-08-28T12:52:04Z,WUSDT,COOLING,NONE,0.0,0.0,0.0,13.79,0.0,9604.72,5072.97,True,False,0.0,79364.95,-0.0018,1.121,0.009428
2026-08-28T12:52:06Z,REDUSDT,COOLING,SELL,23.27,0.0,23.27,31.94,19.74,6974.97,5875.23,True,True,-0.0985,79364.95,-0.0018,1.267,0.10658
2026-08-28T12:52:08Z,CCUSDT,COOLING,NONE,0.0,0.0,0.0,8.0,0.0,1505.75,1510.45,True,False,0.0,79364.95,-0.0018,1.195,0.11251
2026-08-28T12:52:47Z,XRPUSDT,COOLING,BUY,0.0,5.56,5.56,3.52,2.81,81563.65,592658.09,True,False,0.007,79385.0,0.0253,1.952,1.4206
2026-08-28T12:52:51Z,HBARUSDT,COOLING,BUY,0.19,6.5,6.5,1.29,-0.0,14515.86,28146.1,True,False,0.0129,79385.0,0.0253,2.121,0.07755
2026-08-28T12:52:54Z,WUSDT,COOLING,NONE,0.0,0.0,0.0,11.67,0.0,9604.72,2114.0,True,False,0.0,79385.0,0.0253,1.203,0.009427
2026-08-28T12:52:56Z,REDUSDT,COOLING,NONE,0.0,0.0,0.0,20.66,0.0,4752.56,5899.44,True,False,0.0,79385.0,0.0253,1.071,0.10655
2026-08-28T12:52:58Z,CCUSDT,COOLING,NONE,0.0,0.0,0.0,8.0,-0.89,1711.5,1510.45,True,False,-0.0044,79385.0,0.0253,0.962,0.11248
2026-08-28T12:53:32Z,XRPUSDT,COOLING,NONE,0.0,0.0,0.0,2.81,2.11,85961.74,506649.91,True,False,-0.0106,79387.24,0.0028,2.06,1.4212
2026-08-28T12:53:35Z,HBARUSDT,COOLING,NONE,0.0,0.0,0.0,1.29,0.0,11281.56,28134.83,True,False,0.0,79387.24,0.0028,1.112,0.07758
2026-08-28T12:53:37Z,WUSDT,COOLING,NONE,0.0,0.0,0.0,13.79,0.0,16175.54,2267.58,True,False,0.0,79387.24,0.0028,0.981,0.009429
2026-08-28T12:53:39Z,REDUSDT,COOLING,NONE,0.0,0.0,0.0,12.2,0.0,7228.89,5991.85,True,False,0.0,79387.24,0.0028,1.16,0.10654
2026-08-28T12:53:41Z,CCUSDT,COOLING,NONE,0.0,0.0,0.0,8.0,0.0,1506.82,1822.74,True,False,0.0,79387.24,0.0028,1.199,0.11252
2026-08-28T12:54:42Z,XRPUSDT,COOLING,NONE,0.0,0.0,0.0,1.41,0.0,211456.11,600184.33,True,False,0.0,79386.0,-0.0016,1.156,1.4214
2026-08-28T12:54:46Z,HBARUSDT,COOLING,NONE,0.0,0.0,0.0,1.29,0.0,15805.6,28134.83,True,False,0.0,79386.0,-0.0016,1.209,0.07761
2026-08-28T12:54:49Z,QAITUSDT,IMPULSE,NONE,0.0,0.0,0.0,190.77,0.0,2598.77,5006.0,True,False,0.0,79386.0,-0.0016,2.107,0.001922
2026-08-28T12:54:53Z,WUSDT,COOLING,NONE,0.0,0.0,0.0,12.73,0.0,16175.54,3696.79,True,False,0.0,79386.0,-0.0016,2.188,0.009425
2026-08-28T12:54:57Z,REDUSDT,COOLING,NONE,0.0,0.0,0.0,12.2,0.0,4752.56,5991.85,True,False,0.0,79386.0,-0.0016,1.158,0.10649
2026-08-28T12:55:33Z,XRPUSDT,COOLING,NONE,0.0,0.0,0.0,2.11,0.0,71750.39,576590.03,True,False,0.0,79399.99,0.0176,1.195,1.4219
2026-08-28T12:55:35Z,HBARUSDT,COOLING,NONE,0.0,0.0,0.0,1.29,0.0,15445.37,25396.48,True,False,0.0,79399.99,0.0176,1.216,0.07762
2026-08-28T12:55:38Z,QAITUSDT,IMPULSE,NONE,0.0,0.0,0.0,175.44,0.0,2598.77,5006.0,True,False,0.0,79399.99,0.0176,1.136,0.001922
2026-08-28T12:55:43Z,WUSDT,COOLING,BUY,0.0,12.33,12.33,11.67,0.0,16175.54,3696.79,True,False,0.0,79399.99,0.0176,3.135,0.009429
2026-08-28T12:55:46Z,REDUSDT,COOLING,NONE,0.0,0.0,0.0,12.2,0.0,7228.89,5991.85,True,False,0.0,79399.99,0.0176,1.576,0.10649
2026-08-28T12:56:17Z,XRPUSDT,COOLING,NONE,0.0,0.0,0.0,2.81,0.0,98505.59,522594.38,True,False,0.0,79365.25,-0.0438,1.092,1.4214
2026-08-28T12:56:20Z,HBARUSDT,COOLING,NONE,0.0,0.0,0.0,1.29,0.0,36382.24,18969.24,True,False,0.0,79365.25,-0.0438,2.154,0.07762
2026-08-28T12:56:22Z,QAITUSDT,IMPULSE,NONE,0.0,0.0,0.0,160.08,0.0,2598.77,5006.0,True,False,0.0,79365.25,-0.0438,1.072,0.001922
2026-08-28T12:56:24Z,WUSDT,COOLING,NONE,0.0,0.0,0.0,8.49,0.0,16175.54,3696.79,True,False,0.0,79365.25,-0.0438,1.081,0.009427
2026-08-28T12:56:28Z,REDUSDT,COOLING,NONE,0.0,0.0,0.0,12.2,0.0,7228.89,5991.85,True,False,0.0,79365.25,-0.0438,2.09,0.10656
2026-08-28T12:57:37Z,XRPUSDT,COOLING,NONE,0.0,0.0,0.0,0.7,0.0,71390.61,567309.6,True,False,0.0,79368.25,0.0038,1.221,1.4215
2026-08-28T12:57:40Z,HBARUSDT,COOLING,SELL,15.91,12.29,15.91,1.29,-0.0,34604.22,21485.62,True,True,0.0129,79368.25,0.0038,1.106,0.07766
2026-08-28T12:57:42Z,WUSDT,COOLING,NONE,0.0,0.0,0.0,10.6,0.0,16187.67,3325.37,True,False,0.0,79368.25,0.0038,1.325,0.009426
2026-08-28T12:57:44Z,REDUSDT,COOLING,NONE,0.0,0.0,0.0,12.2,0.0,7661.35,5991.85,True,False,0.0,79368.25,0.0038,1.155,0.10653
2026-08-28T12:57:47Z,CCUSDT,COOLING,NONE,0.0,0.0,0.0,8.89,0.0,1504.95,1511.02,True,False,0.0,79368.25,0.0038,1.635,0.1124
2026-08-28T12:58:18Z,XRPUSDT,COOLING,NONE,0.0,0.0,0.0,0.7,0.0,89695.91,588093.43,True,False,0.0,79411.73,0.0548,1.118,1.4221
2026-08-28T12:58:21Z,HBARUSDT,COOLING,NONE,0.0,0.0,0.0,1.29,-0.0,19071.17,26664.8,True,False,0.0129,79411.73,0.0548,2.14,0.07767
2026-08-28T12:58:24Z,WUSDT,COOLING,NONE,0.0,0.0,0.0,10.6,0.0,16187.67,3325.37,True,False,0.0,79411.73,0.0548,1.041,0.009433
2026-08-28T12:58:27Z,REDUSDT,COOLING,NONE,0.0,0.0,0.0,12.2,0.0,7661.35,5991.85,True,False,0.0,79411.73,0.0548,1.068,0.10658
2026-08-28T12:58:31Z,CCUSDT,COOLING,NONE,0.0,0.0,0.0,8.89,-0.89,1558.3,1511.02,True,False,-0.0044,79411.73,0.0548,2.06,0.11246
2026-08-28T12:59:05Z,XRPUSDT,COOLING,NONE,0.0,0.0,0.0,2.81,0.0,85448.29,72113.5,True,False,0.0,79411.8,0.0001,1.096,1.4239
2026-08-28T12:59:08Z,HBARUSDT,COOLING,NONE,0.0,0.0,0.0,1.29,0.0,30155.35,34685.35,True,False,0.0,79411.8,0.0001,1.175,0.07767
2026-08-28T12:59:10Z,WUSDT,COOLING,NONE,0.0,0.0,0.0,12.75,0.0,10411.56,2732.82,True,False,0.0,79411.8,0.0001,1.11,0.009431
2026-08-28T12:59:12Z,REDUSDT,COOLING,NONE,0.0,0.0,0.0,14.06,0.0,5355.87,1773.48,True,False,0.0,79411.8,0.0001,1.309,0.10657
2026-08-28T12:59:15Z,CCUSDT,COOLING,NONE,0.0,0.0,0.0,4.45,0.0,1505.35,1509.78,True,False,0.0,79411.8,0.0001,1.451,0.11242
2026-08-28T13:00:26Z,XRPUSDT,COOLING,BUY,0.0,28.75,28.75,2.81,1.4,102190.47,75582.67,True,True,0.0211,79392.59,-0.0242,1.128,1.4233
2026-08-28T13:00:28Z,HBARUSDT,COOLING,NONE,0.0,0.0,0.0,1.29,0.0,32957.09,19119.37,True,False,0.0,79392.59,-0.0242,1.018,0.07768
2026-08-28T13:00:30Z,WUSDT,COOLING,NONE,0.0,0.0,0.0,12.75,0.0,10411.56,2732.82,True,False,0.0,79392.59,-0.0242,1.092,0.009417
2026-08-28T13:00:32Z,REDUSDT,COOLING,NONE,0.0,0.0,0.0,12.18,-8.44,5852.4,1773.48,True,False,0.0422,79392.59,-0.0242,1.2,0.10673
2026-08-28T13:00:34Z,CCUSDT,COOLING,NONE,0.0,0.0,0.0,8.0,0.0,14844.87,1511.52,True,False,0.0,79392.59,-0.0242,1.1,0.11257
2026-08-28T13:01:13Z,XRPUSDT,COOLING,NONE,0.0,0.0,0.0,1.4,0.7,249378.55,59837.18,True,False,-0.0035,79392.81,0.0003,1.197,1.4233
2026-08-28T13:01:16Z,HBARUSDT,COOLING,SELL,4.14,0.0,4.14,1.29,-1.29,29849.67,21337.5,True,False,0.0064,79392.81,0.0003,1.151,0.07765
2026-08-28T13:01:19Z,WUSDT,COOLING,NONE,0.0,0.0,0.0,9.57,0.0,18360.24,3463.74,True,False,0.0,79392.81,0.0003,1.101,0.009408
2026-08-28T13:01:21Z,REDUSDT,COOLING,NONE,0.0,0.0,0.0,22.51,0.0,5852.4,1316.64,True,False,0.0,79392.81,0.0003,1.08,0.10674
2026-08-28T13:01:24Z,CCUSDT,COOLING,NONE,0.0,0.0,0.0,9.78,0.89,1505.89,1810.54,True,False,0.0044,79392.81,0.0003,1.13,0.11248
2026-08-28T13:01:55Z,XRPUSDT,COOLING,NONE,0.0,0.0,0.0,2.81,0.0,164684.78,75111.93,True,False,0.0,79438.07,0.057,1.118,1.4244
2026-08-28T13:01:57Z,HBARUSDT,COOLING,NONE,0.0,0.0,0.0,1.29,0.0,20938.45,32680.99,True,False,0.0,79438.07,0.057,1.017,0.07766
2026-08-28T13:02:02Z,WUSDT,COOLING,NONE,0.0,0.0,0.0,11.68,0.0,17024.76,2705.31,True,False,0.0,79438.07,0.057,1.583,0.009413
2026-08-28T13:02:04Z,REDUSDT,COOLING,NONE,0.0,0.0,0.0,14.06,0.0,5852.4,1708.76,True,False,0.0,79438.07,0.057,1.105,0.10676
2026-08-28T13:02:07Z,CCUSDT,COOLING,NONE,0.0,0.0,0.0,8.0,0.0,1504.69,2112.29,True,False,0.0,79438.07,0.057,1.13,0.11247
2026-08-28T13:03:23Z,XRPUSDT,COOLING,NONE,0.0,0.0,0.0,2.1,0.0,66138.61,79499.42,True,False,0.0,79474.76,0.0462,1.121,1.4256
2026-08-28T13:03:25Z,HBARUSDT,COOLING,NONE,0.0,0.0,0.0,1.29,0.0,17540.9,15307.47,True,False,0.0,79474.76,0.0462,0.955,0.07775
2026-08-28T13:03:27Z,WUSDT,COOLING,NONE,0.0,0.0,0.0,12.72,0.0,11477.61,2671.03,True,False,0.0,79474.76,0.0462,1.074,0.009427
2026-08-28T13:03:31Z,REDUSDT,COOLING,NONE,0.0,0.0,0.0,14.06,0.0,5852.4,1674.39,True,False,0.0,79474.76,0.0462,1.161,0.10671
2026-08-28T13:03:34Z,CCUSDT,COOLING,NONE,0.0,0.0,0.0,3.55,0.0,2040.15,1512.72,True,False,0.0,79474.76,0.0462,1.082,0.11254
2026-08-28T13:04:10Z,XRPUSDT,COOLING,SELL,0.0,0.0,0.0,2.81,0.0,108870.17,99602.24,True,False,0.0,79430.01,-0.0563,1.158,1.4247
2026-08-28T13:04:12Z,HBARUSDT,COOLING,BUY,0.0,31.09,31.09,1.29,-0.0,13382.88,31132.01,True,False,0.0386,79430.01,-0.0563,1.233,0.07765
2026-08-28T13:04:16Z,WUSDT,COOLING,NONE,0.0,0.0,0.0,6.36,0.0,17124.68,3332.99,True,False,0.0,79430.01,-0.0563,1.069,0.00943
2026-08-28T13:04:18Z,REDUSDT,COOLING,NONE,0.0,0.0,0.0,14.06,0.0,5573.38,2206.69,True,False,0.0,79430.01,-0.0563,1.036,0.10669
2026-08-28T13:04:23Z,CCUSDT,COOLING,SELL,0.04,0.0,0.04,6.22,0.0,1506.74,1511.65,True,False,0.0,79430.01,-0.0563,2.149,0.11254
2026-08-28T13:04:57Z,XRPUSDT,COOLING,SELL,20.8,13.81,20.8,2.11,0.0,121806.33,71451.85,True,False,-0.007,79454.44,0.0308,1.15,1.4247
2026-08-28T13:04:59Z,HBARUSDT,COOLING,NONE,0.0,0.0,0.0,1.29,0.0,30569.19,14691.95,True,False,0.0,79454.44,0.0308,0.996,0.07765
2026-08-28T13:05:01Z,WUSDT,COOLING,NONE,0.0,0.0,0.0,12.72,-1.06,17124.68,3332.99,True,False,0.0053,79454.44,0.0308,1.152,0.009432
2026-08-28T13:05:04Z,REDUSDT,COOLING,NONE,0.0,0.0,0.0,12.2,0.0,5573.38,5958.59,True,False,0.0,79454.44,0.0308,1.169,0.10666
2026-08-28T13:05:08Z,CCUSDT,COOLING,NONE,0.0,0.0,0.0,7.11,0.0,1506.73,1511.65,True,False,0.0,79454.44,0.0308,1.209,0.1125
2026-08-28T13:06:14Z,XRPUSDT,COOLING,NONE,0.0,0.0,0.0,3.51,0.0,149623.21,103411.71,True,False,-0.007,79430.0,-0.0308,1.157,1.4233
2026-08-28T13:06:17Z,HBARUSDT,COOLING,NONE,0.0,0.0,0.0,1.29,0.0,22097.13,19438.25,True,False,0.0,79430.0,-0.0308,2.186,0.0777
2026-08-28T13:06:19Z,WUSDT,COOLING,NONE,0.0,0.0,0.0,11.66,0.0,15090.29,3336.7,True,False,0.0,79430.0,-0.0308,1.081,0.009436
2026-08-28T13:06:23Z,REDUSDT,COOLING,NONE,0.0,0.0,0.0,12.2,0.0,5573.38,5958.59,True,False,0.0,79430.0,-0.0308,1.286,0.10655
2026-08-28T13:06:26Z,CCUSDT,COOLING,NONE,0.0,0.0,0.0,2.67,0.89,1506.7,1511.38,True,False,0.0044,79430.0,-0.0308,1.295,0.11256
2026-08-28T13:07:01Z,XRPUSDT,COOLING,BUY,0.0,26.26,26.26,0.7,-2.11,78316.14,75127.39,True,False,-0.0105,79400.0,-0.0378,1.213,1.4222
2026-08-28T13:07:04Z,HBARUSDT,COOLING,NONE,0.0,0.0,0.0,2.57,0.0,29110.29,17662.76,True,False,0.0,79400.0,-0.0378,1.157,0.07766
2026-08-28T13:07:06Z,WUSDT,COOLING,NONE,0.0,0.0,0.0,9.55,0.0,10234.57,3332.99,True,False,0.0,79400.0,-0.0378,1.113,0.009434
2026-08-28T13:07:09Z,REDUSDT,COOLING,NONE,0.0,0.0,0.0,12.2,0.0,5573.38,5958.59,True,False,0.0,79400.0,-0.0378,1.209,0.10655
2026-08-28T13:07:11Z,CCUSDT,COOLING,NONE,0.0,0.0,0.0,6.22,0.0,1506.74,9164.26,True,False,0.0,79400.0,-0.0378,1.034,0.11255
2026-08-28T13:07:47Z,XRPUSDT,COOLING,BUY,0.0,7.36,7.36,2.11,0.0,104861.16,77039.37,True,False,0.0,79386.5,-0.017,1.112,1.4226
2026-08-28T13:07:50Z,HBARUSDT,COOLING,NONE,0.0,0.0,0.0,1.29,0.0,37778.04,16846.28,True,False,0.0,79386.5,-0.017,1.304,0.07765
2026-08-28T13:07:53Z,WUSDT,COOLING,NONE,0.0,0.0,0.0,3.18,0.0,9744.38,3227.74,True,False,0.0,79386.5,-0.017,1.277,0.009436
2026-08-28T13:07:55Z,REDUSDT,COOLING,NONE,0.0,0.0,0.0,12.2,0.0,6653.75,5958.59,True,False,0.0,79386.5,-0.017,1.123,0.10654
2026-08-28T13:07:58Z,CCUSDT,COOLING,NONE,0.0,0.0,0.0,8.0,0.0,1506.73,1917.06,True,False,0.0,79386.5,-0.017,1.202,0.11255
2026-08-28T13:09:03Z,XRPUSDT,COOLING,NONE,0.0,0.0,0.0,0.7,0.0,60199.3,80428.71,True,False,0.0,79355.95,-0.0385,1.096,1.4213
2026-08-28T13:09:06Z,HBARUSDT,COOLING,NONE,0.0,0.0,0.0,2.58,1.29,28660.26,15189.98,True,False,0.0064,79355.95,-0.0385,1.024,0.07761
2026-08-28T13:09:09Z,WUSDT,COOLING,NONE,0.0,0.0,0.0,12.69,0.0,11670.53,2373.38,True,False,0.0,79355.95,-0.0385,1.072,0.009454
2026-08-28T13:09:11Z,REDUSDT,COOLING,NONE,0.0,0.0,0.0,22.47,0.0,6797.52,5698.79,True,False,0.0,79355.95,-0.0385,1.089,0.1067
2026-08-28T13:09:13Z,CCUSDT,COOLING,NONE,0.0,0.0,0.0,7.12,0.0,1805.31,1509.78,True,False,0.0,79355.95,-0.0385,1.126,0.11244
2026-08-28T13:09:44Z,XRPUSDT,COOLING,NONE,0.0,0.0,0.0,2.11,-1.41,119466.09,72895.39,True,False,0.0,79301.61,-0.0685,1.059,1.4206
2026-08-28T13:09:47Z,HBARUSDT,COOLING,NONE,0.0,0.0,0.0,1.29,0.0,14841.05,15024.07,True,False,0.0,79301.61,-0.0685,2.092,0.07761
2026-08-28T13:09:49Z,WUSDT,COOLING,NONE,0.0,0.0,0.0,9.52,0.0,11600.13,2491.7,True,False,0.0,79301.61,-0.0685,1.006,0.009454
2026-08-28T13:09:52Z,REDUSDT,COOLING,NONE,0.0,0.0,0.0,14.06,0.0,5835.22,6051.35,True,False,0.0,79301.61,-0.0685,1.031,0.10681
2026-08-28T13:09:56Z,CCUSDT,COOLING,SELL,4.76,0.0,4.76,8.01,0.89,1711.68,1587.24,True,False,-0.0044,79301.61,-0.0685,2.537,0.11239
2026-08-28T13:10:33Z,XRPUSDT,COOLING,NONE,0.0,0.0,0.0,2.11,0.0,123999.0,62329.84,True,False,0.0,79343.38,0.0527,1.065,1.4214
2026-08-28T13:10:36Z,HBARUSDT,COOLING,NONE,0.0,0.0,0.0,1.29,0.0,22353.55,10213.54,True,False,0.0,79343.38,0.0527,2.009,0.07757
2026-08-28T13:10:40Z,WUSDT,COOLING,NONE,0.0,0.0,0.0,11.63,0.0,11599.7,2349.64,True,False,0.0,79343.38,0.0527,1.972,0.009455
2026-08-28T13:10:42Z,REDUSDT,COOLING,NONE,0.0,0.0,0.0,12.18,0.0,6247.74,6055.29,True,False,0.0,79343.38,0.0527,1.07,0.10667
2026-08-28T13:10:44Z,CCUSDT,COOLING,NONE,0.0,0.0,0.0,8.89,1.78,1505.89,15088.54,True,False,-0.0089,79343.38,0.0527,1.089,0.11241
2026-08-28T13:11:55Z,XRPUSDT,COOLING,NONE,0.0,0.0,0.0,2.81,-0.0,126963.64,70285.73,True,False,0.007,79369.45,0.0329,1.51,1.4223
2026-08-28T13:11:57Z,HBARUSDT,COOLING,NONE,0.0,0.0,0.0,1.29,0.0,24216.73,14424.79,True,False,0.0,79369.45,0.0329,1.509,0.07755
2026-08-28T13:12:01Z,WUSDT,COOLING,NONE,0.0,0.0,0.0,11.63,0.0,11599.7,2349.64,True,False,0.0,79369.45,0.0329,2.114,0.009455
2026-08-28T13:12:03Z,REDUSDT,COOLING,NONE,0.0,0.0,0.0,12.2,-1.86,6385.21,5888.53,True,False,-0.0938,79369.45,0.0329,1.171,0.10675
2026-08-28T13:12:06Z,CCUSDT,COOLING,NONE,0.0,0.0,0.0,7.12,0.0,2035.1,1508.97,True,False,0.0,79369.45,0.0329,1.094,0.1123
2026-08-28T13:12:43Z,XRPUSDT,COOLING,NONE,0.0,0.0,0.0,2.81,1.41,117611.35,45946.39,True,False,0.0,79367.96,-0.0019,1.015,1.4219
2026-08-28T13:12:46Z,HBARUSDT,COOLING,NONE,0.0,0.0,0.0,1.29,0.0,23797.6,16932.41,True,False,0.0,79367.96,-0.0019,2.026,0.07761
2026-08-28T13:12:49Z,WUSDT,COOLING,NONE,0.0,0.0,0.0,11.62,0.0,16762.3,2438.29,True,False,0.0,79367.96,-0.0019,1.041,0.00946
2026-08-28T13:12:51Z,REDUSDT,COOLING,NONE,0.0,0.0,0.0,12.2,0.0,6385.21,6044.87,True,False,0.0,79367.96,-0.0019,1.104,0.10667
2026-08-28T13:12:53Z,CCUSDT,COOLING,NONE,0.0,0.0,0.0,8.01,0.0,1505.18,1510.17,True,False,0.0,79367.96,-0.0019,1.062,0.11246
2026-08-28T13:13:30Z,XRPUSDT,COOLING,NONE,0.0,0.0,0.0,2.11,0.0,86099.97,108790.0,True,False,0.0,79370.0,0.0026,1.077,1.4223
2026-08-28T13:13:32Z,HBARUSDT,COOLING,NONE,0.0,0.0,0.0,1.29,0.0,16313.06,31417.71,True,False,0.0,79370.0,0.0026,1.264,0.07764
2026-08-28T13:13:34Z,WUSDT,COOLING,NONE,0.0,0.0,0.0,11.62,0.0,11415.66,2808.62,True,False,0.0,79370.0,0.0026,1.038,0.00946
2026-08-28T13:13:37Z,REDUSDT,COOLING,NONE,0.0,0.0,0.0,12.2,0.0,6385.21,5973.68,True,False,0.0,79370.0,0.0026,2.383,0.10659
2026-08-28T13:13:41Z,CCUSDT,COOLING,NONE,0.0,0.0,0.0,8.89,-0.89,1505.18,1809.44,True,False,-0.0044,79370.0,0.0026,1.132,0.11243
2026-08-28T13:14:53Z,XRPUSDT,COOLING,NONE,0.0,0.0,0.0,2.11,0.0,133226.61,81188.89,True,False,0.0,79370.31,0.0004,1.018,1.4224
2026-08-28T13:14:56Z,HBARUSDT,COOLING,NONE,0.0,0.0,0.0,1.29,0.0,25983.25,30357.12,True,False,0.0,79370.31,0.0004,2.532,0.0776
2026-08-28T13:14:59Z,QAITUSDT,IMPULSE,SELL,54.59,0.0,54.59,144.78,0.0,2599.08,5006.0,True,True,0.0,79370.31,0.0004,1.127,0.001911
2026-08-28T13:15:02Z,WUSDT,COOLING,NONE,0.0,0.0,0.0,9.53,0.0,9804.41,2808.62,True,False,0.0,79370.31,0.0004,1.005,0.00945
2026-08-28T13:15:05Z,REDUSDT,COOLING,NONE,0.0,0.0,0.0,12.2,0.0,6507.77,5973.68,True,False,0.0,79370.31,0.0004,1.082,0.10656
2026-08-28T13:15:38Z,XRPUSDT,COOLING,NONE,0.0,0.0,0.0,0.7,0.0,90213.41,116138.71,True,False,-0.0141,79342.78,-0.0347,1.044,1.4209
2026-08-28T13:15:41Z,HBARUSDT,COOLING,NONE,0.0,0.0,0.0,1.29,0.0,22990.04,17472.76,True,False,-0.0258,79342.78,-0.0347,2.11,0.07756
2026-08-28T13:15:44Z,QAITUSDT,IMPULSE,NONE,0.0,0.0,0.0,313.71,-15.17,1000.0,5006.0,True,False,-0.0771,79342.78,-0.0347,1.135,0.001929
2026-08-28T13:15:47Z,WUSDT,COOLING,NONE,0.0,0.0,0.0,10.61,0.0,11223.21,3345.88,True,False,0.0,79342.78,-0.0347,1.155,0.00943
2026-08-28T13:15:50Z,REDUSDT,COOLING,NONE,0.0,0.0,0.0,12.2,0.0,6507.77,5973.68,True,False,0.0,79342.78,-0.0347,1.11,0.10656
2026-08-28T13:16:23Z,XRPUSDT,COOLING,NONE,0.0,0.0,0.0,1.41,0.0,137056.24,85489.37,True,False,0.0,79325.56,-0.0217,1.174,1.4196
2026-08-28T13:16:27Z,HBARUSDT,COOLING,NONE,0.0,0.0,0.0,1.29,0.0,20652.01,32345.12,True,False,0.0,79325.56,-0.0217,1.098,0.07751
2026-08-28T13:16:29Z,QAITUSDT,IMPULSE,NONE,0.0,0.0,0.0,288.36,0.0,1000.0,5006.0,True,False,0.0,79325.56,-0.0217,1.053,0.001929
2026-08-28T13:16:31Z,WUSDT,COOLING,NONE,0.0,0.0,0.0,10.61,0.0,11223.21,3320.43,True,False,0.0,79325.56,-0.0217,1.081,0.00943
2026-08-28T13:16:33Z,REDUSDT,COOLING,NONE,0.0,0.0,0.0,12.23,0.0,5662.36,5294.56,True,False,0.0,79325.56,-0.0217,1.266,0.10656
2026-08-28T13:17:43Z,XRPUSDT,COOLING,NONE,0.0,0.0,0.0,1.41,0.0,121877.42,74070.26,True,False,0.0,79341.26,0.0198,1.218,1.4197
2026-08-28T13:17:45Z,HBARUSDT,COOLING,NONE,0.0,0.0,0.0,1.29,0.0,17981.94,28483.22,True,False,0.0,79341.26,0.0198,1.167,0.07755
2026-08-28T13:17:48Z,QAITUSDT,IMPULSE,NONE,0.0,0.0,0.0,206.83,0.0,1000.0,5006.0,True,False,0.0,79341.26,0.0198,1.108,0.001913
2026-08-28T13:17:51Z,WUSDT,COOLING,NONE,0.0,0.0,0.0,12.73,-1.06,11223.21,2808.62,True,False,-0.0053,79341.26,0.0198,2.035,0.009425
2026-08-28T13:17:53Z,REDUSDT,COOLING,NONE,0.0,0.0,0.0,12.23,0.0,5662.36,5294.56,True,False,0.0,79341.26,0.0198,1.192,0.10634
2026-08-28T13:18:31Z,XRPUSDT,COOLING,NONE,0.0,0.0,0.0,1.41,0.0,139209.92,93729.18,True,False,0.0,79376.77,0.0448,1.142,1.422
2026-08-28T13:18:34Z,HBARUSDT,COOLING,NONE,0.0,0.0,0.0,1.29,0.0,24606.39,34072.68,True,False,0.0,79376.77,0.0448,1.24,0.07758
2026-08-28T13:18:37Z,QAITUSDT,IMPULSE,NONE,0.0,0.0,0.0,217.05,0.0,1000.0,5006.0,True,False,0.0,79376.77,0.0448,1.017,0.001913
2026-08-28T13:18:40Z,WUSDT,COOLING,NONE,0.0,0.0,0.0,12.72,0.0,11075.86,3214.01,True,False,0.0,79376.77,0.0448,1.357,0.009429
2026-08-28T13:18:43Z,REDUSDT,COOLING,NONE,0.0,0.0,0.0,12.23,0.0,5816.89,5107.55,True,False,0.0,79376.77,0.0448,1.03,0.10637
2026-08-28T13:19:17Z,XRPUSDT,COOLING,NONE,0.0,0.0,0.0,2.11,0.0,72902.8,97311.09,True,False,0.0,79371.65,-0.0065,1.07,1.4215
2026-08-28T13:19:19Z,HBARUSDT,COOLING,NONE,0.0,0.0,0.0,1.29,0.0,40135.61,35144.18,True,False,0.0,79371.65,-0.0065,1.036,0.07753
2026-08-28T13:19:21Z,QAITUSDT,IMPULSE,NONE,0.0,0.0,0.0,726.5,-10.29,2599.06,5006.0,True,False,-0.0534,79371.65,-0.0065,1.063,0.001856
2026-08-28T13:19:23Z,WUSDT,COOLING,NONE,0.0,0.0,0.0,11.66,0.0,11075.86,3214.01,True,False,0.0,79371.65,-0.0065,1.073,0.009429
2026-08-28T13:19:25Z,REDUSDT,COOLING,NONE,0.0,0.0,0.0,12.23,0.0,8833.78,5107.55,True,False,0.0,79371.65,-0.0065,1.11,0.10637
2026-08-28T13:20:32Z,XRPUSDT,COOLING,NONE,0.0,0.0,0.0,1.41,0.0,112505.11,79212.76,True,False,0.0,79344.33,-0.0344,1.061,1.4216
2026-08-28T13:20:34Z,HBARUSDT,COOLING,NONE,0.0,0.0,0.0,1.29,0.0,27648.71,35338.31,True,False,0.0,79344.33,-0.0344,1.062,0.07749
2026-08-28T13:20:37Z,QAITUSDT,IMPULSE,SELL,56.35,0.0,56.35,381.15,26.94,2598.53,5006.0,True,True,-0.1322,79344.33,-0.0344,1.092,0.001926
2026-08-28T13:20:41Z,WUSDT,COOLING,NONE,0.0,0.0,0.0,14.85,0.0,9733.64,3321.03,True,False,0.0,79344.33,-0.0344,1.097,0.00943
2026-08-28T13:20:44Z,REDUSDT,COOLING,NONE,0.0,0.0,0.0,20.7,0.0,8825.4,5107.55,True,False,0.0,79344.33,-0.0344,1.088,0.10627
2026-08-28T13:21:17Z,XRPUSDT,COOLING,SELL,10.66,0.38,10.66,1.41,-0.7,77584.55,177202.45,True,False,0.0035,79344.78,0.0006,1.088,1.4215
2026-08-28T13:21:20Z,HBARUSDT,COOLING,NONE,0.0,0.0,0.0,1.29,0.0,40835.27,21992.28,True,False,0.0,79344.78,0.0006,2.162,0.07749
2026-08-28T13:21:23Z,QAITUSDT,IMPULSE,SELL,55.64,0.0,55.64,613.94,53.49,2599.64,5006.0,True,True,-0.2595,79344.78,0.0006,1.106,0.001981
2026-08-28T13:21:25Z,WUSDT,COOLING,NONE,0.0,0.0,0.0,8.49,0.0,11223.21,2833.89,True,False,0.0,79344.78,0.0006,1.038,0.009427
2026-08-28T13:21:27Z,REDUSDT,COOLING,NONE,0.0,0.0,0.0,12.23,0.0,5790.55,5107.55,True,False,0.0,79344.78,0.0006,1.02,0.10637
2026-08-28T13:22:05Z,XRPUSDT,COOLING,NONE,0.0,0.0,0.0,2.11,0.0,75325.05,58232.03,True,False,0.0,79333.86,-0.0138,1.246,1.421
2026-08-28T13:22:08Z,HBARUSDT,COOLING,NONE,0.0,0.0,0.0,1.29,0.0,32828.02,16874.86,True,False,0.0,79333.86,-0.0138,1.127,0.07747
2026-08-28T13:22:11Z,QAITUSDT,IMPULSE,NONE,0.0,0.0,0.0,102.25,0.0,1000.0,5006.0,True,False,0.0,79333.86,-0.0138,1.035,0.001981
2026-08-28T13:22:13Z,WUSDT,COOLING,NONE,0.0,0.0,0.0,12.73,0.0,11223.21,3436.67,True,False,0.0,79333.86,-0.0138,1.142,0.009427
2026-08-28T13:22:16Z,REDUSDT,COOLING,NONE,0.0,0.0,0.0,12.23,0.0,5790.55,5107.55,True,False,0.0,79333.86,-0.0138,1.094,0.10636
2026-08-28T13:23:23Z,XRPUSDT,COOLING,BUY,0.0,1.4,1.4,2.11,-0.7,115563.46,142728.9,True,False,0.0035,79295.0,-0.049,1.123,1.4192
2026-08-28T13:23:27Z,HBARUSDT,COOLING,NONE,0.0,0.0,0.0,1.29,0.0,31267.7,16670.33,True,False,0.0,79295.0,-0.049,2.214,0.0774
2026-08-28T13:23:30Z,QAITUSDT,IMPULSE,NONE,0.0,0.0,0.0,102.25,0.0,1000.0,5006.0,True,False,0.0,79295.0,-0.049,2.065,0.001981
2026-08-28T13:23:32Z,WUSDT,COOLING,NONE,0.0,0.0,0.0,12.75,0.0,9677.93,2836.01,True,False,0.0,79295.0,-0.049,1.098,0.009422
2026-08-28T13:23:34Z,REDUSDT,COOLING,NONE,0.0,0.0,0.0,14.12,0.0,7571.41,1242.1,True,False,0.0,79295.0,-0.049,1.184,0.10625
2026-08-28T13:24:10Z,XRPUSDT,COOLING,NONE,0.0,0.0,0.0,2.82,0.7,77552.98,109892.63,True,False,0.0035,79294.97,-0.0,1.19,1.4188
2026-08-28T13:24:12Z,HBARUSDT,COOLING,NONE,0.0,0.0,0.0,1.29,0.0,40530.33,20794.27,True,False,0.0,79294.97,-0.0,1.125,0.07736
2026-08-28T13:24:15Z,QAITUSDT,IMPULSE,NONE,0.0,0.0,0.0,178.25,0.0,1000.0,5006.0,True,False,0.0,79294.97,-0.0,1.581,0.001981
2026-08-28T13:24:20Z,WUSDT,COOLING,NONE,0.0,0.0,0.0,14.92,2.13,9413.77,3370.1,True,False,-0.0107,79294.97,-0.0,2.111,0.009387
2026-08-28T13:24:21Z,REDUSDT,COOLING,NONE,0.0,0.0,0.0,12.25,0.0,7571.41,4964.19,True,False,0.0,79294.97,-0.0,0.995,0.10625
2026-08-28T13:25:05Z,XRPUSDT,COOLING,NONE,0.0,0.0,0.0,2.11,0.0,94706.23,73338.53,True,False,0.0,79289.47,-0.0069,1.34,1.4186
2026-08-28T13:25:08Z,HBARUSDT,COOLING,SELL,12.79,0.0,12.79,1.29,-0.0,24337.83,38010.68,True,False,0.0388,79289.47,-0.0069,2.09,0.07732
2026-08-28T13:25:12Z,QAITUSDT,IMPULSE,NONE,0.0,0.0,0.0,173.2,0.0,1000.0,5006.0,True,False,0.0,79289.47,-0.0069,1.055,0.001981
2026-08-28T13:25:16Z,WUSDT,COOLING,NONE,0.0,0.0,0.0,13.85,0.0,9686.25,3370.1,True,False,0.0,79289.47,-0.0069,2.094,0.009385
2026-08-28T13:25:26Z,REDUSDT,COOLING,BUY,0.0,39.02,39.02,14.12,1.89,7571.41,5040.44,True,True,-0.0752,79289.47,-0.0069,1.87,0.1063
2026-08-28T13:26:34Z,XRPUSDT,COOLING,NONE,0.0,0.0,0.0,2.11,0.0,81357.11,135303.62,True,False,0.0,79299.2,0.0123,1.175,1.4187
2026-08-28T13:26:39Z,HBARUSDT,COOLING,BUY,0.0,22.37,22.37,1.29,0.0,26085.77,36090.9,True,True,0.0,79299.2,0.0123,2.233,0.07733
2026-08-28T13:26:41Z,QAITUSDT,IMPULSE,NONE,0.0,0.0,0.0,178.25,0.0,1000.0,5006.0,True,False,0.0,79299.2,0.0123,1.133,0.001981
2026-08-28T13:26:43Z,WUSDT,COOLING,NONE,0.0,0.0,0.0,8.53,0.0,14344.27,3243.49,True,False,0.0,79299.2,0.0123,1.077,0.009387
2026-08-28T13:26:45Z,REDUSDT,COOLING,NONE,0.0,0.0,0.0,14.17,0.0,5830.67,1440.27,True,False,0.0,79299.2,0.0123,1.013,0.10616
2026-08-28T13:27:19Z,XRPUSDT,COOLING,NONE,0.0,0.0,0.0,0.71,-0.71,36865.36,61585.67,True,False,0.0035,79172.71,-0.1595,1.27,1.4169
2026-08-28T13:27:21Z,HBARUSDT,COOLING,NONE,0.0,0.0,0.0,3.88,0.0,44998.44,28998.04,True,False,0.0,79172.71,-0.1595,1.162,0.07723
2026-08-28T13:27:25Z,QAITUSDT,IMPULSE,NONE,0.0,0.0,0.0,178.25,0.0,1000.0,5006.0,True,False,0.0,79172.71,-0.1595,2.217,0.001981
2026-08-28T13:27:27Z,WUSDT,COOLING,NONE,0.0,0.0,0.0,11.73,1.06,14143.48,2910.44,True,False,0.0908,79172.71,-0.1595,1.085,0.00937
2026-08-28T13:27:29Z,REDUSDT,COOLING,NONE,0.0,0.0,0.0,14.17,0.0,6032.33,1661.39,True,False,0.0,79172.71,-0.1595,1.054,0.10589
2026-08-28T13:28:04Z,XRPUSDT,COOLING,SELL,24.75,0.0,24.75,1.41,-1.41,103265.21,57829.5,True,False,0.0282,79250.0,0.0976,1.385,1.4199
2026-08-28T13:28:06Z,HBARUSDT,COOLING,SELL,53.52,0.0,53.52,1.29,-0.0,34242.95,15135.58,True,False,0.0129,79250.0,0.0976,1.152,0.07728
2026-08-28T13:28:09Z,QAITUSDT,IMPULSE,NONE,0.0,0.0,0.0,178.25,0.0,304.75,5006.0,True,False,0.0,79250.0,0.0976,1.116,0.001981
2026-08-28T13:28:11Z,WUSDT,COOLING,NONE,0.0,0.0,0.0,13.84,0.0,10402.45,2910.44,True,False,0.0,79250.0,0.0976,1.102,0.009384
2026-08-28T13:28:13Z,REDUSDT,COOLING,NONE,0.0,0.0,0.0,13.22,0.0,8510.74,5468.59,True,False,0.0,79250.0,0.0976,1.208,0.10594
2026-08-28T13:29:20Z,XRPUSDT,COOLING,NONE,0.0,0.0,0.0,2.12,0.0,80397.07,134410.08,True,False,0.0,79239.68,-0.013,2.057,1.417
2026-08-28T13:29:23Z,HBARUSDT,COOLING,NONE,0.0,0.0,0.0,1.29,0.0,34809.34,16961.8,True,False,0.0,79239.68,-0.013,1.087,0.07736
2026-08-28T13:29:26Z,QAITUSDT,IMPULSE,NONE,0.0,0.0,0.0,203.46,10.07,304.75,5006.0,True,False,0.0509,79239.68,-0.013,1.149,0.001981
2026-08-28T13:29:28Z,WUSDT,COOLING,NONE,0.0,0.0,0.0,14.92,0.0,10311.68,2910.44,True,False,0.0,79239.68,-0.013,1.035,0.009384
2026-08-28T13:29:31Z,REDUSDT,COOLING,NONE,0.0,0.0,0.0,12.29,-10.39,6535.44,5139.14,True,False,-0.052,79239.68,-0.013,2.16,0.10587
2026-08-28T13:30:14Z,XRPUSDT,COOLING,SELL,0.31,0.0,0.31,3.53,0.71,78353.05,92830.68,True,False,-0.0318,79204.59,-0.0443,10.94,1.417
2026-08-28T13:30:18Z,HBARUSDT,COOLING,SELL,0.37,0.0,0.37,1.29,-0.0,27702.35,34370.12,True,False,0.0129,79204.59,-0.0443,2.144,0.0773
2026-08-28T13:30:21Z,QAITUSDT,IMPULSE,NONE,0.0,0.0,0.0,203.46,0.0,304.75,5006.0,True,False,0.0,79204.59,-0.0443,1.166,0.001984
2026-08-28T13:30:24Z,WUSDT,COOLING,NONE,0.0,0.0,0.0,13.85,0.0,9927.16,3461.6,True,False,0.0,79204.59,-0.0443,1.13,0.009383
2026-08-28T13:30:27Z,REDUSDT,COOLING,NONE,0.0,0.0,0.0,20.81,0.0,6371.85,5338.91,True,False,0.0,79204.59,-0.0443,2.029,0.10578
2026-08-28T13:31:00Z,XRPUSDT,COOLING,NONE,0.0,0.0,0.0,2.12,-1.41,92846.28,68682.34,True,False,-0.0071,79225.11,0.0259,1.157,1.4186
2026-08-28T13:31:03Z,HBARUSDT,COOLING,BUY,0.0,16.21,16.21,1.29,0.0,10347.55,34423.61,True,True,0.0,79225.11,0.0259,1.106,0.0773
2026-08-28T13:31:09Z,QAITUSDT,IMPULSE,NONE,0.0,0.0,0.0,208.49,0.0,304.75,5006.0,True,False,0.0,79225.11,0.0259,1.188,0.001984
2026-08-28T13:31:11Z,WUSDT,COOLING,NONE,0.0,0.0,0.0,9.58,2.13,12039.98,3461.6,True,False,-0.0106,79225.11,0.0259,1.038,0.009392
2026-08-28T13:31:12Z,REDUSDT,COOLING,NONE,0.0,0.0,0.0,20.81,0.0,6786.92,6485.93,True,False,0.0,79225.11,0.0259,1.092,0.10572
2026-08-28T13:32:19Z,XRPUSDT,COOLING,BUY,7.74,26.0,26.0,0.7,-2.11,89755.01,121146.04,True,False,0.0317,79265.01,0.0504,2.074,1.4182
2026-08-28T13:32:21Z,HBARUSDT,COOLING,NONE,0.0,0.0,0.0,1.29,0.0,11840.0,26860.99,True,False,0.0,79265.01,0.0504,1.061,0.07743
2026-08-28T13:32:24Z,QAITUSDT,IMPULSE,NONE,0.0,0.0,0.0,218.77,0.0,304.75,5006.0,True,False,0.0,79265.01,0.0504,2.145,0.001984
2026-08-28T13:32:27Z,WUSDT,COOLING,NONE,0.0,0.0,0.0,8.51,0.0,10071.23,3461.6,True,False,0.0,79265.01,0.0504,2.092,0.009395
2026-08-28T13:32:30Z,REDUSDT,COOLING,NONE,0.0,0.0,0.0,14.17,0.0,7794.39,5187.77,True,False,0.0,79265.01,0.0504,2.105,0.10574
2026-08-28T13:33:03Z,XRPUSDT,COOLING,BUY,0.0,7.45,7.45,2.82,0.0,59164.93,94236.73,True,False,0.0,79323.91,0.0743,1.132,1.4192
2026-08-28T13:33:07Z,HBARUSDT,COOLING,NONE,0.0,0.0,0.0,1.29,0.0,34951.96,35752.61,True,False,0.0,79323.91,0.0743,2.311,0.07741
2026-08-28T13:33:10Z,QAITUSDT,IMPULSE,NONE,0.0,0.0,0.0,218.77,0.0,304.75,5006.0,True,False,0.0,79323.91,0.0743,2.043,0.001984
2026-08-28T13:33:13Z,WUSDT,COOLING,NONE,0.0,0.0,0.0,10.63,-1.06,11733.56,3178.46,True,False,0.0053,79323.91,0.0743,1.052,0.0094
2026-08-28T13:33:15Z,REDUSDT,COOLING,NONE,0.0,0.0,0.0,14.17,0.0,3687.06,2983.83,True,False,0.0,79323.91,0.0743,1.06,0.10589
2026-08-28T13:33:50Z,XRPUSDT,COOLING,BUY,18.44,18.94,18.94,2.11,-0.7,143706.65,78141.27,True,False,0.0035,79318.37,-0.007,0.991,1.4197
2026-08-28T13:33:52Z,HBARUSDT,COOLING,SELL,43.12,30.72,43.12,1.29,-0.0,38078.03,30819.61,True,True,0.0129,79318.37,-0.007,1.008,0.07745
2026-08-28T13:33:54Z,QAITUSDT,IMPULSE,NONE,0.0,0.0,0.0,185.28,-41.64,1000.0,5006.0,True,False,0.2063,79318.37,-0.007,1.058,0.001928
2026-08-28T13:33:58Z,WUSDT,COOLING,NONE,0.0,0.0,0.0,13.84,0.0,11013.66,3472.08,True,False,0.0,79318.37,-0.007,2.095,0.009394
2026-08-28T13:34:01Z,REDUSDT,COOLING,NONE,0.0,0.0,0.0,13.22,0.0,9327.25,2724.09,True,False,0.0,79318.37,-0.007,1.401,0.10589
2026-08-28T13:35:12Z,XRPUSDT,COOLING,SELL,6.16,0.0,6.16,2.82,0.7,90875.74,61227.25,True,False,-0.0387,79343.86,0.0321,1.09,1.4209
2026-08-28T13:35:14Z,HBARUSDT,COOLING,SELL,41.85,21.05,41.85,1.29,0.0,27329.51,18146.4,True,False,0.0,79343.86,0.0321,0.997,0.07747
2026-08-28T13:35:17Z,QAITUSDT,IMPULSE,SELL,29.09,0.0,29.09,265.98,-20.75,2599.3,5006.0,True,False,0.1024,79343.86,0.0321,2.115,0.001936
2026-08-28T13:35:19Z,WUSDT,COOLING,NONE,0.0,0.0,0.0,10.63,0.0,14310.93,4116.01,True,False,0.0,79343.86,0.0321,1.084,0.009401
2026-08-28T13:35:23Z,REDUSDT,COOLING,NONE,0.0,0.0,0.0,13.22,0.0,9197.2,2724.09,True,False,0.0,79343.86,0.0321,2.043,0.10588
2026-08-28T13:35:56Z,XRPUSDT,COOLING,NONE,0.0,0.0,0.0,2.82,0.0,108703.17,115963.55,True,False,0.0,79314.11,-0.0375,1.129,1.4206
2026-08-28T13:35:59Z,HBARUSDT,COOLING,SELL,49.44,0.0,49.44,1.29,-0.0,37225.06,34800.3,True,False,0.0129,79314.11,-0.0375,1.062,0.07747
2026-08-28T13:36:01Z,QAITUSDT,IMPULSE,NONE,0.0,0.0,0.0,154.16,-10.36,304.75,5006.0,True,False,0.0514,79314.11,-0.0375,1.076,0.001936
2026-08-28T13:36:03Z,WUSDT,COOLING,NONE,0.0,0.0,0.0,12.77,0.0,13881.28,4116.01,True,False,0.0,79314.11,-0.0375,1.129,0.009405
2026-08-28T13:36:06Z,REDUSDT,COOLING,NONE,0.0,0.0,0.0,13.22,0.0,8647.89,2724.09,True,False,0.0,79314.11,-0.0375,1.153,0.10591
2026-08-28T13:36:43Z,XRPUSDT,COOLING,NONE,0.0,0.0,0.0,2.11,-0.0,34083.88,97105.93,True,False,0.007,79290.01,-0.0304,1.029,1.4207
2026-08-28T13:36:46Z,HBARUSDT,COOLING,NONE,0.0,0.0,0.0,1.29,0.0,35470.21,37652.18,True,False,0.0,79290.01,-0.0304,1.131,0.07748
2026-08-28T13:36:50Z,QAITUSDT,IMPULSE,NONE,0.0,0.0,0.0,164.52,-20.76,2599.48,5006.0,True,False,0.1029,79290.01,-0.0304,2.123,0.001936
2026-08-28T13:36:52Z,WUSDT,COOLING,NONE,0.0,0.0,0.0,6.39,0.0,13881.28,4116.01,True,False,0.0,79290.01,-0.0304,1.075,0.009395
2026-08-28T13:36:53Z,REDUSDT,COOLING,NONE,0.0,0.0,0.0,20.78,0.0,6140.74,2724.09,True,False,0.0,79290.01,-0.0304,0.945,0.10587
2026-08-28T13:37:55Z,XRPUSDT,COOLING,SELL,17.81,0.0,17.81,2.11,0.0,89688.52,112661.5,True,False,0.0,79250.01,-0.0504,1.11,1.4206
2026-08-28T13:37:57Z,HBARUSDT,COOLING,NONE,0.0,0.0,0.0,1.29,0.0,39083.9,36805.75,True,False,0.0,79250.01,-0.0504,1.053,0.0775
2026-08-28T13:38:00Z,QAITUSDT,IMPULSE,NONE,0.0,0.0,0.0,138.64,-10.35,1000.0,5006.0,True,False,0.0514,79250.01,-0.0504,2.103,0.001936
2026-08-28T13:38:03Z,WUSDT,COOLING,NONE,0.0,0.0,0.0,20.21,9.58,10692.82,3455.57,True,False,-0.0478,79250.01,-0.0504,1.972,0.009404
2026-08-28T13:38:05Z,REDUSDT,COOLING,NONE,0.0,0.0,0.0,14.17,0.0,6184.39,2724.09,True,False,0.0,79250.01,-0.0504,1.06,0.1059
2026-08-28T13:38:42Z,XRPUSDT,COOLING,NONE,0.0,0.0,0.0,2.82,0.7,108831.08,144478.83,True,False,0.0035,79241.24,-0.0111,1.072,1.4207
2026-08-28T13:38:44Z,HBARUSDT,COOLING,NONE,0.0,0.0,0.0,1.29,0.0,33608.01,18168.93,True,False,0.0,79241.24,-0.0111,1.106,0.07745
2026-08-28T13:38:46Z,QAITUSDT,IMPULSE,NONE,0.0,0.0,0.0,169.71,0.0,2599.76,5006.0,True,False,0.0,79241.24,-0.0111,1.079,0.001936
2026-08-28T13:38:48Z,WUSDT,COOLING,NONE,0.0,0.0,0.0,7.43,0.0,16510.68,3143.85,True,False,0.0,79241.24,-0.0111,1.123,0.009404
2026-08-28T13:38:51Z,REDUSDT,COOLING,NONE,0.0,0.0,0.0,20.7,6.58,4997.25,3239.35,True,False,0.0329,79241.24,-0.0111,1.251,0.10614
2026-08-28T13:39:31Z,XRPUSDT,COOLING,SELL,3.4,0.0,3.4,2.82,-0.7,87906.51,52064.89,True,False,0.0106,79249.08,0.0099,2.17,1.4202
2026-08-28T13:39:33Z,HBARUSDT,COOLING,NONE,0.0,0.0,0.0,1.29,-1.29,24305.75,13941.01,True,False,-0.0065,79249.08,0.0099,1.245,0.07741
2026-08-28T13:39:35Z,QAITUSDT,IMPULSE,SELL,77.1,19.78,77.1,155.2,36.55,2599.34,1275.5,True,True,-0.2837,79249.08,0.0099,1.145,0.00192
2026-08-28T13:39:37Z,WUSDT,COOLING,BUY,0.0,5.35,5.35,11.67,-4.24,15276.71,3318.99,True,False,-0.0212,79249.08,0.0099,0.987,0.009428
2026-08-28T13:39:39Z,REDUSDT,COOLING,NONE,0.0,0.0,0.0,20.7,0.0,8770.14,3239.35,True,False,0.0,79249.08,0.0099,0.962,0.10635
2026-08-28T13:40:43Z,XRPUSDT,COOLING,SELL,6.15,0.0,6.15,2.82,0.0,80871.65,93597.45,True,False,-0.0141,79100.77,-0.1871,2.134,1.4175
2026-08-28T13:40:46Z,HBARUSDT,COOLING,SELL,9.85,0.0,9.85,1.29,0.0,34582.04,20500.73,True,False,-0.0129,79100.77,-0.1871,0.98,0.07735
2026-08-28T13:40:48Z,QAITUSDT,IMPULSE,NONE,0.0,0.0,0.0,200.88,25.98,2598.95,974.57,True,False,-0.1286,79100.77,-0.1871,0.954,0.00195
2026-08-28T13:40:52Z,WUSDT,COOLING,NONE,0.0,0.0,0.0,13.81,1.06,11593.2,2805.55,True,False,0.0053,79100.77,-0.1871,1.426,0.009409
2026-08-28T13:40:54Z,REDUSDT,COOLING,NONE,0.0,0.0,0.0,12.25,0.0,8770.14,5597.95,True,False,0.0,79100.77,-0.1871,1.066,0.10617
2026-08-28T13:41:26Z,XRPUSDT,COOLING,SELL,30.5,0.0,30.5,2.11,-0.0,90540.97,94306.77,True,False,0.0423,79097.87,-0.0037,1.111,1.4182
2026-08-28T13:41:29Z,HBARUSDT,COOLING,NONE,0.0,0.0,0.0,1.29,0.0,44694.19,22730.73,True,False,0.0,79097.87,-0.0037,1.036,0.07731
2026-08-28T13:41:31Z,QAITUSDT,IMPULSE,NONE,0.0,0.0,0.0,237.36,0.0,2598.95,5006.0,True,False,0.0,79097.87,-0.0037,1.199,0.001914
2026-08-28T13:41:33Z,WUSDT,COOLING,SELL,0.1,0.0,0.1,8.49,0.0,16091.33,2707.51,True,False,0.0,79097.87,-0.0037,1.078,0.009415
2026-08-28T13:41:35Z,REDUSDT,COOLING,NONE,0.0,0.0,0.0,12.25,0.0,8770.14,5597.95,True,False,0.0,79097.87,-0.0037,1.138,0.10618
2026-08-28T13:42:13Z,XRPUSDT,COOLING,NONE,0.0,0.0,0.0,2.12,-0.71,80869.46,50552.27,True,False,0.0035,79116.09,0.023,1.21,1.4181
2026-08-28T13:42:16Z,HBARUSDT,COOLING,NONE,0.0,0.0,0.0,1.29,0.0,41327.04,20504.96,True,False,0.0,79116.09,0.023,1.19,0.07732
2026-08-28T13:42:18Z,QAITUSDT,IMPULSE,NONE,0.0,0.0,0.0,180.09,0.0,2598.95,5006.0,True,False,0.0,79116.09,0.023,1.055,0.001914
2026-08-28T13:42:20Z,WUSDT,COOLING,NONE,0.0,0.0,0.0,11.68,-1.06,16493.0,2487.32,True,False,0.0053,79116.09,0.023,1.101,0.00942
2026-08-28T13:42:23Z,REDUSDT,COOLING,NONE,0.0,0.0,0.0,12.25,0.0,8770.14,5597.95,True,False,0.0,79116.09,0.023,1.101,0.10619
2026-08-28T13:43:28Z,XRPUSDT,COOLING,NONE,0.0,0.0,0.0,1.41,-0.71,92263.78,71713.69,True,False,0.0035,79055.11,-0.0771,1.184,1.4153
2026-08-28T13:43:30Z,HBARUSDT,COOLING,NONE,0.0,0.0,0.0,1.29,0.0,48454.7,24188.08,True,False,0.0,79055.11,-0.0771,1.086,0.07732
2026-08-28T13:43:32Z,QAITUSDT,IMPULSE,NONE,0.0,0.0,0.0,180.09,-36.41,2598.95,1275.5,True,False,0.1804,79055.11,-0.0771,0.982,0.001914
2026-08-28T13:43:34Z,WUSDT,COOLING,NONE,0.0,0.0,0.0,12.75,0.0,11156.81,2741.34,True,False,0.0,79055.11,-0.0771,1.112,0.009413
2026-08-28T13:43:36Z,REDUSDT,COOLING,NONE,0.0,0.0,0.0,12.25,0.0,8930.92,5396.28,True,False,0.0,79055.11,-0.0771,1.097,0.10618
2026-08-28T13:44:09Z,XRPUSDT,COOLING,NONE,0.0,0.0,0.0,2.12,-0.71,116574.0,75880.49,True,False,0.0106,79123.39,0.0864,1.186,1.4154
2026-08-28T13:44:13Z,HBARUSDT,COOLING,NONE,0.0,0.0,0.0,1.29,0.0,46309.39,30360.75,True,False,0.0,79123.39,0.0864,2.412,0.07731
2026-08-28T13:44:15Z,QAITUSDT,IMPULSE,NONE,0.0,0.0,0.0,216.49,36.41,2598.95,5006.0,True,False,-0.1801,79123.39,0.0864,1.106,0.001914
2026-08-28T13:44:17Z,WUSDT,COOLING,NONE,0.0,0.0,0.0,9.57,0.0,8312.07,2754.65,True,False,0.0,79123.39,0.0864,1.083,0.009413
2026-08-28T13:44:19Z,REDUSDT,COOLING,NONE,0.0,0.0,0.0,12.25,0.0,8930.92,5396.28,True,False,0.0,79123.39,0.0864,1.037,0.10614
2026-08-28T13:45:00Z,XRPUSDT,COOLING,NONE,0.0,0.0,0.0,2.12,0.0,119995.65,89077.51,True,False,-0.0071,79094.52,-0.0365,2.11,1.4154
2026-08-28T13:45:03Z,HBARUSDT,COOLING,NONE,0.0,0.0,0.0,1.29,0.0,29984.97,22374.97,True,False,0.0,79094.52,-0.0365,1.108,0.07731
2026-08-28T13:45:06Z,QAITUSDT,IMPULSE,NONE,0.0,0.0,0.0,211.29,36.39,2598.95,5006.0,True,False,-0.18,79094.52,-0.0365,2.084,0.001914
2026-08-28T13:45:09Z,WUSDT,COOLING,NONE,0.0,0.0,0.0,11.7,-2.14,10215.11,3296.85,True,False,0.1277,79094.52,-0.0365,2.129,0.009393
2026-08-28T13:45:12Z,REDUSDT,COOLING,NONE,0.0,0.0,0.0,12.25,0.0,8930.92,5038.51,True,False,0.0,79094.52,-0.0365,2.343,0.10625
2026-08-28T13:46:18Z,XRPUSDT,COOLING,SELL,3.82,0.0,3.82,2.82,0.71,87876.96,73395.28,True,False,-0.0247,79174.45,0.1011,1.088,1.4172
2026-08-28T13:46:21Z,HBARUSDT,COOLING,SELL,31.96,29.66,31.96,1.29,0.0,34809.3,37797.64,True,False,0.0,79174.45,0.1011,2.107,0.07735
2026-08-28T13:46:24Z,QAITUSDT,IMPULSE,NONE,0.0,0.0,0.0,211.29,0.0,2598.95,5006.0,True,False,0.0,79174.45,0.1011,0.974,0.001914
2026-08-28T13:46:26Z,WUSDT,COOLING,NONE,0.0,0.0,0.0,11.75,0.0,17457.84,3519.77,True,False,0.0,79174.45,0.1011,1.105,0.009374
2026-08-28T13:46:28Z,REDUSDT,COOLING,NONE,0.0,0.0,0.0,14.12,0.0,8930.92,2667.19,True,False,0.0,79174.45,0.1011,1.135,0.1063
2026-08-28T13:47:03Z,XRPUSDT,COOLING,SELL,17.06,0.0,17.06,2.82,0.71,86711.87,66042.57,True,True,-0.0176,79210.32,0.0453,1.07,1.4178
2026-08-28T13:47:06Z,HBARUSDT,COOLING,NONE,0.0,0.0,0.0,2.58,0.0,29469.49,37060.87,True,False,0.0,79210.32,0.0453,1.04,0.07742
2026-08-28T13:47:09Z,QAITUSDT,IMPULSE,NONE,0.0,0.0,0.0,174.9,-36.39,2598.95,5006.0,True,False,0.1804,79210.32,0.0453,1.081,0.001914
2026-08-28T13:47:12Z,WUSDT,COOLING,SELL,0.14,0.0,0.14,8.53,-7.45,15836.37,3108.3,True,False,-0.0799,79210.32,0.0453,1.094,0.009375
2026-08-28T13:47:15Z,REDUSDT,COOLING,NONE,0.0,0.0,0.0,12.23,0.0,9220.68,949.11,True,False,0.0,79210.32,0.0453,2.072,0.10627
2026-08-28T13:47:47Z,XRPUSDT,COOLING,NONE,0.0,0.0,0.0,2.82,0.0,69069.16,101970.69,True,False,0.0,79239.47,0.0368,0.992,1.4178
2026-08-28T13:47:50Z,HBARUSDT,COOLING,NONE,0.0,0.0,0.0,1.29,0.0,36859.98,36378.19,True,False,0.0,79239.47,0.0368,1.041,0.0774
2026-08-28T13:47:52Z,QAITUSDT,IMPULSE,NONE,0.0,0.0,0.0,206.08,31.18,2598.95,5006.0,True,False,-0.1543,79239.47,0.0368,1.009,0.001914
2026-08-28T13:47:55Z,WUSDT,COOLING,NONE,0.0,0.0,0.0,14.92,0.0,15836.37,3108.3,True,False,0.0,79239.47,0.0368,1.047,0.009384
2026-08-28T13:47:57Z,REDUSDT,COOLING,NONE,0.0,0.0,0.0,12.23,0.0,9220.68,949.11,True,False,0.0,79239.47,0.0368,1.073,0.10634
2026-08-28T13:49:04Z,XRPUSDT,COOLING,SELL,7.08,0.0,7.08,2.11,0.7,103163.09,81218.18,True,False,-0.0176,79309.92,0.0889,1.071,1.4193
2026-08-28T13:49:08Z,HBARUSDT,COOLING,BUY,13.58,20.23,20.23,1.29,0.0,29092.74,26228.17,True,False,-0.0129,79309.92,0.0889,1.985,0.07744
2026-08-28T13:49:12Z,QAITUSDT,IMPULSE,NONE,0.0,0.0,0.0,174.9,-26.08,1000.0,5006.0,True,False,0.1804,79309.92,0.0889,2.078,0.001914
2026-08-28T13:49:14Z,WUSDT,COOLING,NONE,0.0,0.0,0.0,12.78,0.0,15414.15,4577.09,True,False,0.0,79309.92,0.0889,0.988,0.009396
2026-08-28T13:49:16Z,REDUSDT,COOLING,NONE,0.0,0.0,0.0,12.2,0.0,6440.67,5333.49,True,False,0.0,79309.92,0.0889,1.03,0.10667
2026-08-28T13:49:50Z,XRPUSDT,COOLING,NONE,0.0,0.0,0.0,2.82,0.71,64573.63,83518.11,True,False,-0.0035,79217.42,-0.1166,1.069,1.4161
2026-08-28T13:49:52Z,HBARUSDT,COOLING,NONE,0.0,0.0,0.0,1.29,-1.29,22934.94,43355.52,True,False,-0.0065,79217.42,-0.1166,1.074,0.07731
2026-08-28T13:49:54Z,QAITUSDT,IMPULSE,NONE,0.0,0.0,0.0,1227.17,0.0,2420.57,5006.0,True,False,0.0,79217.42,-0.1166,1.134,0.001999
2026-08-28T13:49:57Z,WUSDT,COOLING,NONE,0.0,0.0,0.0,10.66,0.0,14457.3,4577.09,True,False,0.0,79217.42,-0.1166,1.081,0.009381
2026-08-28T13:49:59Z,REDUSDT,COOLING,NONE,0.0,0.0,0.0,14.06,0.0,8271.87,4758.68,True,False,0.0,79217.42,-0.1166,1.084,0.10658
2026-08-28T13:50:34Z,XRPUSDT,COOLING,SELL,17.34,16.91,17.34,2.82,0.71,82043.39,96099.32,True,False,0.0106,79207.66,-0.0123,1.185,1.4173
2026-08-28T13:50:37Z,HBARUSDT,COOLING,SELL,20.47,0.0,20.47,1.29,0.0,46623.36,11180.34,True,False,0.0,79207.66,-0.0123,1.127,0.07731
2026-08-28T13:50:41Z,QAITUSDT,IMPULSE,NONE,0.0,0.0,0.0,358.24,10.06,1000.0,5006.0,True,False,0.0512,79207.66,-0.0123,1.235,0.00195
2026-08-28T13:50:43Z,WUSDT,COOLING,NONE,0.0,0.0,0.0,7.46,0.0,14457.3,4577.09,True,False,0.0,79207.66,-0.0123,1.239,0.009381
2026-08-28T13:50:45Z,REDUSDT,COOLING,NONE,0.0,0.0,0.0,22.51,0.0,5905.62,5445.77,True,False,0.0,79207.66,-0.0123,1.254,0.10659
2026-08-28T13:51:48Z,XRPUSDT,COOLING,SELL,37.52,0.0,37.52,4.23,2.11,71814.1,74345.55,True,False,0.0811,79248.35,0.0514,1.076,1.4167
2026-08-28T13:51:51Z,HBARUSDT,COOLING,NONE,0.0,0.0,0.0,1.29,0.0,38399.98,38850.59,True,False,0.0,79248.35,0.0514,1.01,0.07737
2026-08-28T13:51:53Z,QAITUSDT,IMPULSE,NONE,0.0,0.0,0.0,505.26,0.0,1000.0,5006.0,True,False,0.0,79248.35,0.0514,0.973,0.00189
2026-08-28T13:51:55Z,WUSDT,COOLING,NONE,0.0,0.0,0.0,8.51,0.0,16980.58,2843.63,True,False,0.0,79248.35,0.0514,0.957,0.009403
2026-08-28T13:51:57Z,REDUSDT,COOLING,NONE,0.0,0.0,0.0,12.2,0.0,5905.62,2639.6,True,False,0.0,79248.35,0.0514,1.021,0.10657
2026-08-28T13:52:29Z,XRPUSDT,COOLING,BUY,0.0,11.51,11.51,2.12,0.0,62965.13,69810.33,True,False,-0.0071,79244.72,-0.0046,1.072,1.4184
2026-08-28T13:52:32Z,HBARUSDT,COOLING,NONE,0.0,0.0,0.0,1.29,0.0,39743.87,18675.23,True,False,0.0,79244.72,-0.0046,2.024,0.07739
2026-08-28T13:52:35Z,QAITUSDT,IMPULSE,NONE,0.0,0.0,0.0,177.92,0.0,2599.99,254.84,True,False,0.0,79244.72,-0.0046,1.076,0.001928
2026-08-28T13:52:37Z,WUSDT,COOLING,NONE,0.0,0.0,0.0,12.77,0.0,15201.56,3632.17,True,False,0.0,79244.72,-0.0046,0.989,0.009403
2026-08-28T13:52:41Z,REDUSDT,COOLING,NONE,0.0,0.0,0.0,12.2,0.0,5905.62,2639.6,True,False,0.0,79244.72,-0.0046,0.958,0.10657
2026-08-28T13:53:15Z,XRPUSDT,COOLING,SELL,20.98,6.03,20.98,3.52,0.7,85587.11,113911.23,True,False,0.0106,79246.25,0.0019,0.971,1.4196
2026-08-28T13:53:18Z,HBARUSDT,COOLING,BUY,0.0,11.04,11.04,1.29,0.0,25211.27,36550.78,True,False,0.0,79246.25,0.0019,1.383,0.07743
2026-08-28T13:53:20Z,QAITUSDT,IMPULSE,NONE,0.0,0.0,0.0,288.18,0.0,1011.39,2941.02,True,False,0.0,79246.25,0.0019,0.96,0.001891
2026-08-28T13:53:22Z,WUSDT,COOLING,NONE,0.0,0.0,0.0,11.7,0.0,10783.2,4276.07,True,False,0.0,79246.25,0.0019,1.127,0.009402
2026-08-28T13:53:25Z,REDUSDT,COOLING,NONE,0.0,0.0,0.0,12.18,0.0,5791.97,2639.6,True,False,0.0,79246.25,0.0019,1.044,0.10657
2026-08-28T13:54:35Z,XRPUSDT,COOLING,BUY,0.2,9.41,9.41,0.7,-2.11,101397.53,78916.57,True,False,0.0317,79357.23,0.14,1.964,1.4214
2026-08-28T13:54:37Z,HBARUSDT,COOLING,NONE,0.0,0.0,0.0,3.87,2.58,21358.5,13810.22,True,False,0.0129,79357.23,0.14,1.01,0.07748
2026-08-28T13:54:40Z,QAITUSDT,IMPULSE,SELL,68.54,64.27,68.54,83.07,0.0,1011.39,2941.02,True,True,0.0,79357.23,0.14,1.026,0.001918
2026-08-28T13:54:44Z,WUSDT,COOLING,SELL,28.82,18.36,28.82,14.85,3.17,12012.85,3333.24,True,False,0.0903,79357.23,0.14,0.975,0.009419
2026-08-28T13:54:47Z,REDUSDT,COOLING,NONE,0.0,0.0,0.0,10.26,0.0,4970.06,2857.56,True,False,0.0,79357.23,0.14,1.0,0.107
2026-08-28T13:55:24Z,XRPUSDT,COOLING,BUY,23.14,47.58,47.58,2.81,1.41,107209.64,128897.52,True,False,0.0211,79393.64,0.0459,0.971,1.4216
2026-08-28T13:55:26Z,HBARUSDT,COOLING,BUY,0.0,0.01,0.01,1.29,0.0,12936.12,13654.89,True,False,-0.0129,79393.64,0.0459,1.106,0.07759
2026-08-28T13:55:28Z,QAITUSDT,IMPULSE,NONE,0.0,0.0,0.0,52.0,0.0,300.0,1001.2,True,False,0.0,79393.64,0.0459,0.992,0.001928
2026-08-28T13:55:30Z,WUSDT,COOLING,NONE,0.0,0.0,0.0,12.75,0.0,15338.45,2817.28,True,False,0.0,79393.64,0.0459,1.015,0.009424
2026-08-28T13:55:32Z,REDUSDT,COOLING,NONE,0.0,0.0,0.0,10.26,0.0,7004.05,4715.15,True,False,0.0,79393.64,0.0459,1.03,0.10722
2026-08-28T13:56:08Z,XRPUSDT,COOLING,BUY,0.0,1.26,1.26,2.81,0.7,53819.84,96072.82,True,False,-0.0105,79424.08,0.0383,1.974,1.4223
2026-08-28T13:56:11Z,HBARUSDT,COOLING,NONE,0.0,0.0,0.0,1.29,0.0,31235.45,24424.73,True,False,0.0,79424.08,0.0383,2.071,0.07762
2026-08-28T13:56:13Z,QAITUSDT,IMPULSE,NONE,0.0,0.0,0.0,46.55,0.0,2598.85,1001.2,True,False,0.0,79424.08,0.0383,0.994,0.001929
2026-08-28T13:56:15Z,WUSDT,COOLING,NONE,0.0,0.0,0.0,14.85,0.0,9562.34,2817.28,True,False,0.0,79424.08,0.0383,1.019,0.009422
2026-08-28T13:56:19Z,REDUSDT,COOLING,NONE,0.0,0.0,0.0,14.89,0.0,5750.34,5757.39,True,False,0.0,79424.08,0.0383,2.156,0.10725
2026-08-28T13:57:25Z,XRPUSDT,COOLING,BUY,0.0,0.07,0.07,2.11,-0.7,51056.67,98602.5,True,False,0.0035,79419.94,-0.0052,1.041,1.4205
2026-08-28T13:57:27Z,HBARUSDT,COOLING,NONE,0.0,0.0,0.0,1.29,0.0,28012.33,13411.34,True,False,-0.0258,79419.94,-0.0052,0.999,0.07761
2026-08-28T13:57:30Z,QAITUSDT,IMPULSE,NONE,0.0,0.0,0.0,67.41,0.0,300.0,226.01,True,False,0.0,79419.94,-0.0052,1.009,0.001918
2026-08-28T13:57:34Z,WUSDT,COOLING,NONE,0.0,0.0,0.0,12.75,1.06,15934.44,2817.28,True,False,0.0053,79419.94,-0.0052,1.956,0.009415
2026-08-28T13:57:38Z,REDUSDT,COOLING,NONE,0.0,0.0,0.0,12.09,0.0,5936.44,5346.32,True,False,0.0,79419.94,-0.0052,2.036,0.10751
2026-08-28T13:58:10Z,XRPUSDT,COOLING,SELL,4.51,0.0,4.51,1.41,-1.41,85508.86,76040.53,True,False,0.007,79441.89,0.0276,0.96,1.4207
2026-08-28T13:58:12Z,HBARUSDT,COOLING,BUY,4.0,20.0,20.0,1.29,0.0,15428.02,13853.59,True,True,-0.0129,79441.89,0.0276,1.13,0.0776
2026-08-28T13:58:14Z,QAITUSDT,IMPULSE,NONE,0.0,0.0,0.0,57.01,-10.4,300.0,226.01,True,False,0.0519,79441.89,0.0276,1.012,0.001918
2026-08-28T13:58:17Z,WUSDT,COOLING,NONE,0.0,0.0,0.0,12.74,0.0,15934.44,2817.28,True,False,0.0,79441.89,0.0276,1.476,0.009419
2026-08-28T13:58:20Z,REDUSDT,COOLING,NONE,0.0,0.0,0.0,21.4,0.0,6161.84,5346.32,True,False,0.0,79441.89,0.0276,1.194,0.10748
2026-08-28T13:58:54Z,XRPUSDT,COOLING,BUY,7.45,11.25,11.25,2.81,1.41,45304.7,88788.62,True,False,-0.0141,79500.0,0.0731,0.983,1.4222
2026-08-28T13:58:55Z,HBARUSDT,COOLING,NONE,0.0,0.0,0.0,1.29,-1.29,10393.26,17394.52,True,False,0.0064,79500.0,0.0731,1.075,0.0776
2026-08-28T13:58:57Z,QAITUSDT,IMPULSE,NONE,0.0,0.0,0.0,211.5,0.0,300.0,1001.2,True,False,0.0,79500.0,0.0731,0.989,0.001941
2026-08-28T13:59:00Z,WUSDT,COOLING,NONE,0.0,0.0,0.0,11.66,0.0,8771.12,2524.43,True,False,0.0,79500.0,0.0731,1.007,0.009422
2026-08-28T13:59:04Z,REDUSDT,COOLING,NONE,0.0,0.0,0.0,12.09,0.0,6161.84,5937.65,True,False,0.0,79500.0,0.0731,1.003,0.10751
2026-08-28T14:00:12Z,XRPUSDT,COOLING,BUY,0.0,17.64,17.64,5.63,3.52,50903.13,52754.99,True,False,-0.0317,79363.21,-0.1721,2.018,1.4208
2026-08-28T14:00:14Z,HBARUSDT,COOLING,SELL,59.91,0.0,59.91,1.29,-3.87,27448.57,10235.72,True,False,0.0451,79363.21,-0.1721,0.974,0.07757
2026-08-28T14:00:17Z,QAITUSDT,IMPULSE,NONE,0.0,0.0,0.0,400.93,4.57,1011.59,2943.06,True,False,0.0233,79363.21,-0.1721,1.082,0.002105
2026-08-28T14:00:21Z,WUSDT,COOLING,BUY,0.0,17.06,17.06,24.27,2.09,2789.47,2179.18,True,False,0.1056,79363.21,-0.1721,1.153,0.00941
2026-08-28T14:00:23Z,REDUSDT,COOLING,BUY,0.0,75.55,75.55,13.83,1.83,5506.13,2307.32,True,False,0.0923,79363.21,-0.1721,1.066,0.10818
2026-08-28T14:00:55Z,XRPUSDT,COOLING,BUY,0.0,16.44,16.44,3.51,0.7,41489.67,27746.18,True,False,0.0527,79450.55,0.1101,1.078,1.4246
2026-08-28T14:00:57Z,HBARUSDT,COOLING,NONE,0.0,0.0,0.0,7.72,1.29,14731.99,7397.22,True,False,0.0064,79450.55,0.1101,1.003,0.07772
2026-08-28T14:00:59Z,QAITUSDT,IMPULSE,SELL,3.28,0.0,3.28,72.16,0.0,300.0,2943.06,True,False,0.0,79450.55,0.1101,1.001,0.001924
2026-08-28T14:01:02Z,WUSDT,COOLING,SELL,1.89,0.0,1.89,10.61,-11.63,3190.93,2635.07,True,False,-0.1536,79450.55,0.1101,1.478,0.009441
2026-08-28T14:01:05Z,REDUSDT,COOLING,BUY,0.0,59.85,59.85,59.37,-2.78,3541.96,1888.34,True,False,-0.0046,79450.55,0.1101,1.499,0.10814
2026-08-28T14:01:38Z,XRPUSDT,COOLING,SELL,0.24,0.0,0.24,2.82,-0.7,46569.16,60237.74,True,False,0.0035,79250.0,-0.2524,0.98,1.4203
2026-08-28T14:01:41Z,HBARUSDT,COOLING,NONE,0.0,0.0,0.0,2.58,1.29,10905.29,7726.45,True,False,-0.0452,79250.0,-0.2524,1.0,0.07758
2026-08-28T14:01:43Z,QAITUSDT,IMPULSE,NONE,0.0,0.0,0.0,98.57,0.0,655.96,477.65,True,False,0.0,79250.0,-0.2524,0.973,0.001917
2026-08-28T14:01:47Z,WUSDT,COOLING,NONE,0.0,0.0,0.0,7.45,0.0,2677.88,4181.25,True,False,0.0,79250.0,-0.2524,1.103,0.009409
2026-08-28T14:01:50Z,REDUSDT,COOLING,NONE,0.0,0.0,0.0,22.39,0.93,5467.86,1348.83,True,False,0.0047,79250.0,-0.2524,1.001,0.10733
2026-08-28T14:02:55Z,XRPUSDT,COOLING,BUY,0.0,8.33,8.33,6.38,3.54,15502.19,78231.57,True,False,0.0673,78920.71,-0.4155,1.968,1.4101
2026-08-28T14:02:57Z,HBARUSDT,COOLING,BUY,12.18,63.19,63.19,11.66,3.89,8643.69,10126.73,True,False,0.0065,78920.71,-0.4155,0.978,0.07715
2026-08-28T14:03:00Z,QAITUSDT,IMPULSE,NONE,0.0,0.0,0.0,62.08,0.0,399.8,477.65,True,False,0.0,78920.71,-0.4155,1.047,0.001935
2026-08-28T14:03:04Z,WUSDT,COOLING,NONE,0.0,0.0,0.0,20.33,5.36,5743.17,3220.35,True,False,-0.1015,78920.71,-0.4155,1.949,0.009343
2026-08-28T14:03:07Z,REDUSDT,COOLING,NONE,0.0,0.0,0.0,20.58,0.0,4736.64,1338.83,True,False,0.0,78920.71,-0.4155,1.014,0.10678
2026-08-28T14:03:45Z,XRPUSDT,COOLING,BUY,0.0,1.35,1.35,5.69,1.42,24490.78,66904.61,True,False,0.0071,78972.92,0.0662,1.01,1.4078
2026-08-28T14:03:48Z,HBARUSDT,COOLING,NONE,0.0,0.0,0.0,1.3,-1.3,9583.96,11184.02,True,False,-0.0195,78972.92,0.0662,1.026,0.07712
2026-08-28T14:03:50Z,QAITUSDT,IMPULSE,NONE,0.0,0.0,0.0,57.07,-10.34,410.0,477.65,True,False,-0.0519,78972.92,0.0662,0.989,0.001935
2026-08-28T14:03:53Z,WUSDT,COOLING,NONE,0.0,0.0,0.0,12.85,0.0,16236.07,2696.73,True,False,0.0,78972.92,0.0662,1.027,0.009326
2026-08-28T14:03:56Z,REDUSDT,COOLING,NONE,0.0,0.0,0.0,13.09,0.0,5157.81,3221.51,True,False,0.0,78972.92,0.0662,1.017,0.10688
2026-08-28T14:04:27Z,XRPUSDT,COOLING,BUY,5.91,6.65,6.65,8.55,2.85,23927.38,70616.22,True,False,-0.0142,78900.89,-0.0912,1.047,1.4038
2026-08-28T14:04:30Z,HBARUSDT,COOLING,BUY,0.0,17.67,17.67,3.9,1.3,6534.57,11108.33,True,True,0.0065,78900.89,-0.0912,1.053,0.07705
2026-08-28T14:04:34Z,QAITUSDT,IMPULSE,NONE,0.0,0.0,0.0,57.07,0.0,410.0,477.65,True,False,0.0,78900.89,-0.0912,2.435,0.001935
2026-08-28T14:04:36Z,WUSDT,COOLING,NONE,0.0,0.0,0.0,1.08,0.0,6614.21,2724.22,True,False,0.0,78900.89,-0.0912,1.312,0.009301
2026-08-28T14:04:39Z,REDUSDT,COOLING,NONE,0.0,0.0,0.0,14.06,0.0,5089.45,2839.58,True,False,0.0,78900.89,-0.0912,2.109,0.10676
2026-08-28T14:05:48Z,XRPUSDT,COOLING,BUY,0.0,3.9,3.9,9.99,7.13,22395.2,24300.61,True,False,-0.0428,78830.0,-0.0898,1.947,1.4029
2026-08-28T14:05:50Z,HBARUSDT,COOLING,SELL,4.12,0.0,4.12,2.6,0.0,11912.44,4112.38,True,False,0.0,78830.0,-0.0898,0.978,0.07696
2026-08-28T14:05:55Z,QAITUSDT,IMPULSE,NONE,0.0,0.0,0.0,57.01,-0.06,410.0,477.65,True,False,0.1038,78830.0,-0.0898,2.042,0.001933
2026-08-28T14:05:56Z,WUSDT,COOLING,SELL,72.43,0.0,72.43,1.08,0.0,11143.86,4266.94,True,False,0.0,78830.0,-0.0898,0.976,0.009301
2026-08-28T14:05:59Z,REDUSDT,COOLING,NONE,0.0,0.0,0.0,31.94,11.28,9228.54,3127.5,True,False,-0.0563,78830.0,-0.0898,1.015,0.10664
2026-08-28T14:06:34Z,XRPUSDT,COOLING,NONE,0.0,0.0,0.0,6.43,-0.71,70355.98,51242.23,True,False,-0.025,78767.72,-0.079,0.974,1.4
2026-08-28T14:06:37Z,HBARUSDT,COOLING,SELL,32.56,0.0,32.56,1.3,0.0,13287.68,5688.92,True,False,0.0,78767.72,-0.079,2.007,0.07678
2026-08-28T14:06:40Z,QAITUSDT,IMPULSE,NONE,0.0,0.0,0.0,148.99,-25.91,410.0,487.73,True,False,0.1286,78767.72,-0.079,1.014,0.001941
2026-08-28T14:06:44Z,WUSDT,COOLING,BUY,0.0,0.01,0.01,1.08,-2.15,8653.91,3217.23,True,False,-0.0108,78767.72,-0.079,2.044,0.009301
2026-08-28T14:06:49Z,REDUSDT,COOLING,NONE,0.0,0.0,0.0,12.23,-9.39,5501.73,2920.28,True,False,-0.047,78767.72,-0.079,1.941,0.10651
2026-08-28T14:07:19Z,XRPUSDT,COOLING,NONE,0.0,0.0,0.0,7.15,0.71,23162.78,50775.49,True,False,0.0107,78727.49,-0.0511,1.323,1.3978
2026-08-28T14:07:22Z,HBARUSDT,COOLING,BUY,0.0,53.84,53.84,2.6,0.0,8192.81,11165.13,True,False,0.0,78727.49,-0.0511,1.029,0.07669
2026-08-28T14:07:24Z,QAITUSDT,IMPULSE,NONE,0.0,0.0,0.0,72.16,0.0,410.0,477.65,True,False,0.0,78727.49,-0.0511,1.044,0.001941
2026-08-28T14:07:26Z,WUSDT,COOLING,NONE,0.0,0.0,0.0,1.08,0.0,18286.46,2752.76,True,False,0.0,78727.49,-0.0511,0.996,0.009301
2026-08-28T14:07:28Z,REDUSDT,COOLING,NONE,0.0,0.0,0.0,20.66,0.0,10023.42,3081.57,True,False,0.0,78727.49,-0.0511,1.306,0.10636
2026-08-28T14:08:29Z,XRPUSDT,COOLING,NONE,0.0,0.0,0.0,3.57,0.71,69936.38,22905.5,True,False,0.0607,78761.02,0.0426,2.053,1.4
2026-08-28T14:08:32Z,HBARUSDT,COOLING,BUY,17.36,30.81,30.81,1.3,0.0,12999.41,14494.07,True,False,-0.052,78761.02,0.0426,1.175,0.0769
2026-08-28T14:08:34Z,QAITUSDT,IMPULSE,NONE,0.0,0.0,0.0,260.15,-47.55,2599.36,259.91,True,False,0.2347,78761.02,0.0426,0.965,0.001943
2026-08-28T14:08:36Z,WUSDT,COOLING,NONE,0.0,0.0,0.0,11.85,0.0,18905.37,3176.54,True,False,0.0,78761.02,0.0426,0.996,0.009268
2026-08-28T14:08:38Z,REDUSDT,COOLING,NONE,0.0,0.0,0.0,14.01,0.0,6417.72,1643.77,True,False,0.0,78761.02,0.0426,0.932,0.10651
2026-08-28T14:09:08Z,XRPUSDT,COOLING,BUY,16.16,43.99,43.99,5.69,-1.42,97405.4,50785.69,True,False,-0.0071,78985.2,0.2846,0.962,1.406
2026-08-28T14:09:10Z,HBARUSDT,COOLING,BUY,0.0,60.0,60.0,1.3,-1.3,12840.21,10765.42,True,False,0.0065,78985.2,0.2846,0.949,0.07709
2026-08-28T14:09:12Z,QAITUSDT,IMPULSE,NONE,0.0,0.0,0.0,297.11,0.0,2599.43,259.91,True,False,0.0,78985.2,0.2846,0.925,0.001944
2026-08-28T14:09:15Z,WUSDT,COOLING,SELL,13.48,0.0,13.48,15.0,0.0,13778.86,2136.48,True,False,0.0,78985.2,0.2846,1.972,0.009328
2026-08-28T14:09:18Z,REDUSDT,COOLING,NONE,0.0,0.0,0.0,10.26,0.0,5930.4,5179.72,True,False,0.0,78985.2,0.2846,1.035,0.10712
2026-08-28T14:09:52Z,XRPUSDT,COOLING,NONE,0.0,0.0,0.0,2.14,0.71,51574.3,22675.44,True,False,-0.0036,78970.46,-0.0187,0.962,1.4035
2026-08-28T14:09:57Z,HBARUSDT,COOLING,SELL,27.81,0.0,27.81,1.3,-2.6,22349.1,10828.85,True,False,-0.039,78970.46,-0.0187,2.029,0.07699
2026-08-28T14:09:59Z,QAITUSDT,IMPULSE,NONE,0.0,0.0,0.0,198.02,0.0,399.8,259.91,True,False,0.0,78970.46,-0.0187,0.969,0.001927
2026-08-28T14:10:02Z,WUSDT,COOLING,BUY,0.0,0.31,0.31,11.82,-6.44,8598.1,5118.45,True,False,-0.0322,78970.46,-0.0187,2.007,0.009328
2026-08-28T14:10:04Z,REDUSDT,COOLING,NONE,0.0,0.0,0.0,14.01,0.0,6045.69,2876.14,True,False,0.0,78970.46,-0.0187,1.006,0.10733
2026-08-28T14:11:09Z,XRPUSDT,COOLING,NONE,0.0,0.0,0.0,2.14,-0.72,84471.18,15889.64,True,False,0.0536,78807.12,-0.2068,1.026,1.3986
2026-08-28T14:11:10Z,HBARUSDT,COOLING,BUY,0.0,60.77,60.77,1.3,-1.3,13570.27,21582.51,True,False,0.0195,78807.12,-0.2068,0.949,0.07691
2026-08-28T14:11:12Z,QAITUSDT,IMPULSE,NONE,0.0,0.0,0.0,125.46,0.0,2599.53,259.91,True,False,0.0,78807.12,-0.2068,0.953,0.001925
2026-08-28T14:11:14Z,WUSDT,COOLING,SELL,2.66,0.0,2.66,10.75,0.0,9229.85,3238.63,True,False,0.0,78807.12,-0.2068,0.991,0.009297
2026-08-28T14:11:16Z,REDUSDT,COOLING,NONE,0.0,0.0,0.0,12.13,0.0,5137.7,2775.93,True,False,0.0,78807.12,-0.2068,0.988,0.10704
2026-08-28T14:11:48Z,XRPUSDT,COOLING,BUY,0.0,51.86,51.86,4.3,3.58,70952.4,34662.9,True,False,-0.0179,78721.02,-0.1093,0.998,1.3969
2026-08-28T14:11:49Z,HBARUSDT,COOLING,NONE,0.0,0.0,0.0,1.3,-1.3,11114.24,13574.33,True,False,0.0065,78721.02,-0.1093,0.938,0.07684
2026-08-28T14:11:51Z,QAITUSDT,IMPULSE,NONE,0.0,0.0,0.0,104.44,0.0,2599.53,259.91,True,False,0.0,78721.02,-0.1093,0.929,0.001922
2026-08-28T14:11:55Z,WUSDT,COOLING,NONE,0.0,0.0,0.0,17.21,5.37,13077.23,3183.01,True,False,0.0377,78721.02,-0.1093,1.397,0.009293
2026-08-28T14:11:57Z,REDUSDT,COOLING,NONE,0.0,0.0,0.0,10.26,0.0,6453.61,4939.47,True,False,0.0,78721.02,-0.1093,0.941,0.10729
2026-08-28T14:12:30Z,XRPUSDT,COOLING,BUY,8.95,10.41,10.41,6.45,3.58,73655.51,48248.27,True,False,0.0394,78687.77,-0.0422,0.95,1.3957
2026-08-28T14:12:32Z,HBARUSDT,COOLING,NONE,0.0,0.0,0.0,1.3,0.0,12747.12,15659.81,True,False,0.0,78687.77,-0.0422,0.978,0.07677
2026-08-28T14:12:34Z,QAITUSDT,IMPULSE,SELL,2.4,0.0,2.4,36.43,0.0,420.01,259.91,True,False,0.0,78687.77,-0.0422,0.994,0.001925
2026-08-28T14:12:36Z,WUSDT,COOLING,NONE,0.0,0.0,0.0,14.02,0.0,9705.91,3665.23,True,False,0.0,78687.77,-0.0422,0.954,0.009277
2026-08-28T14:12:38Z,REDUSDT,COOLING,NONE,0.0,0.0,0.0,10.29,0.0,4695.49,3585.0,True,False,0.0,78687.77,-0.0422,0.977,0.10729
2026-08-28T14:13:41Z,XRPUSDT,COOLING,NONE,0.0,0.0,0.0,6.47,0.72,11905.23,32980.87,True,False,0.0108,78529.88,-0.2007,0.976,1.3913
2026-08-28T14:13:43Z,HBARUSDT,COOLING,BUY,0.0,3.44,3.44,7.83,0.0,7995.88,5710.11,True,False,0.0,78529.88,-0.2007,0.971,0.07643
2026-08-28T14:13:46Z,QAITUSDT,IMPULSE,NONE,0.0,0.0,0.0,36.43,0.0,420.01,259.91,True,False,0.0,78529.88,-0.2007,1.975,0.001925
2026-08-28T14:13:49Z,WUSDT,COOLING,SELL,16.24,0.0,16.24,14.03,2.15,9620.24,3505.84,True,True,0.108,78529.88,-0.2007,0.926,0.009247
2026-08-28T14:13:51Z,REDUSDT,COOLING,SELL,2.13,0.0,2.13,13.19,0.0,6211.69,892.51,True,False,0.0,78529.88,-0.2007,0.948,0.10649
2026-08-28T14:14:25Z,XRPUSDT,COOLING,BUY,2.03,12.0,12.0,4.3,2.15,99616.59,63952.09,True,False,-0.0179,78601.23,0.0909,1.987,1.3955
2026-08-28T14:14:28Z,HBARUSDT,COOLING,SELL,28.24,0.0,28.24,5.21,-2.61,15238.46,4510.19,True,False,0.0261,78601.23,0.0909,1.029,0.07643
2026-08-28T14:14:32Z,QAITUSDT,IMPULSE,NONE,0.0,0.0,0.0,57.19,0.0,420.01,259.91,True,False,0.0,78601.23,0.0909,1.346,0.001925
2026-08-28T14:14:34Z,WUSDT,COOLING,NONE,0.0,0.0,0.0,14.02,-2.14,18707.85,2565.98,True,False,-0.097,78601.23,0.0909,1.112,0.009266
2026-08-28T14:14:36Z,REDUSDT,COOLING,NONE,0.0,0.0,0.0,14.12,0.0,5741.09,943.06,True,False,0.0,78601.23,0.0909,0.988,0.10628
2026-08-28T14:15:09Z,XRPUSDT,COOLING,BUY,0.64,17.88,17.88,2.87,1.44,65196.64,23911.12,True,False,-0.0287,78590.01,-0.0143,1.464,1.3943
2026-08-28T14:15:12Z,HBARUSDT,COOLING,SELL,43.7,0.0,43.7,2.61,0.0,19135.51,5994.45,True,False,0.0,78590.01,-0.0143,0.991,0.0767
2026-08-28T14:15:15Z,QAITUSDT,IMPULSE,NONE,0.0,0.0,0.0,57.19,0.0,420.01,259.91,True,False,0.0,78590.01,-0.0143,1.432,0.001925
2026-08-28T14:15:17Z,WUSDT,COOLING,BUY,0.0,12.37,12.37,16.18,2.15,11189.17,3007.08,True,False,0.054,78590.01,-0.0143,0.953,0.009263
2026-08-28T14:15:20Z,REDUSDT,COOLING,SELL,0.1,0.0,0.1,19.79,8.49,6754.54,1239.38,True,False,-0.0424,78590.01,-0.0143,0.987,0.10619
2026-08-28T14:16:24Z,ETHUSDT,COOLING,BUY,0.0,46.21,46.21,0.36,0.32,32732.67,287603.56,True,False,0.0061,78560.0,-0.0382,1.079,2474.01
2026-08-28T14:16:27Z,XRPUSDT,COOLING,SELL,51.92,33.7,51.92,3.59,2.87,95598.91,73916.81,True,False,0.1007,78560.0,-0.0382,1.091,1.39
2026-08-28T14:16:29Z,HBARUSDT,COOLING,NONE,0.0,0.0,0.0,1.3,0.0,12581.24,8003.18,True,False,0.0,78560.0,-0.0382,0.99,0.07672
2026-08-28T14:16:32Z,QAITUSDT,IMPULSE,NONE,0.0,0.0,0.0,52.0,0.0,420.01,259.91,True,False,0.0,78560.0,-0.0382,0.984,0.001928
2026-08-28T14:16:34Z,WUSDT,COOLING,NONE,0.0,0.0,0.0,14.02,-2.16,19291.34,3301.44,True,False,0.0108,78560.0,-0.0382,1.153,0.009265
2026-08-28T14:17:10Z,ETHUSDT,COOLING,BUY,0.0,37.56,37.56,0.04,-0.0,148934.08,156591.17,True,False,0.0404,78580.57,0.0262,2.447,2476.78
2026-08-28T14:17:12Z,XRPUSDT,COOLING,BUY,0.0,43.46,43.46,5.73,5.01,39547.72,85699.23,True,False,0.0251,78580.57,0.0262,0.966,1.3955
2026-08-28T14:17:14Z,HBARUSDT,COOLING,NONE,0.0,0.0,0.0,1.3,-5.2,5290.73,6922.54,True,False,0.0,78580.57,0.0262,0.937,0.07687
2026-08-28T14:17:16Z,QAITUSDT,IMPULSE,NONE,0.0,0.0,0.0,134.09,-10.24,410.0,259.91,True,False,-0.0515,78580.57,0.0262,1.059,0.001935
2026-08-28T14:17:18Z,WUSDT,COOLING,SELL,38.33,10.12,38.33,7.55,-5.39,18971.29,3301.44,True,True,0.027,78580.57,0.0262,0.994,0.009246
2026-08-28T14:17:54Z,ETHUSDT,COOLING,SELL,11.34,0.0,11.34,0.16,-0.28,159758.54,90519.22,True,False,-0.0026,78759.18,0.2273,1.04,2483.01
2026-08-28T14:17:58Z,XRPUSDT,COOLING,NONE,0.0,0.0,0.0,3.57,-0.71,75237.32,56378.31,True,False,-0.0036,78759.18,0.2273,1.962,1.3995
2026-08-28T14:18:00Z,HBARUSDT,COOLING,NONE,0.0,0.0,0.0,1.3,0.0,19368.62,25717.24,True,False,0.0,78759.18,0.2273,1.108,0.07694
2026-08-28T14:18:03Z,QAITUSDT,IMPULSE,NONE,0.0,0.0,0.0,46.62,0.0,2598.85,259.91,True,False,0.0,78759.18,0.2273,0.963,0.001929
2026-08-28T14:18:05Z,WUSDT,COOLING,NONE,0.0,0.0,0.0,11.85,0.0,12149.19,3396.18,True,False,0.0,78759.18,0.2273,0.962,0.009291
2026-08-28T14:19:08Z,XRPUSDT,COOLING,NONE,0.0,0.0,0.0,2.14,0.0,65838.81,71252.17,True,False,0.0,78809.47,0.0639,1.987,1.3994
2026-08-28T14:19:10Z,HBARUSDT,COOLING,BUY,0.0,52.64,52.64,1.3,0.0,21843.31,28142.55,True,True,-0.026,78809.47,0.0639,0.993,0.07695
2026-08-28T14:19:12Z,QAITUSDT,IMPULSE,NONE,0.0,0.0,0.0,67.62,0.0,410.0,259.91,True,False,0.0,78809.47,0.0639,1.298,0.001934
2026-08-28T14:19:14Z,WUSDT,COOLING,NONE,0.0,0.0,0.0,12.91,0.0,11574.66,3390.47,True,False,0.0,78809.47,0.0639,0.966,0.009288
2026-08-28T14:19:16Z,REDUSDT,COOLING,NONE,0.0,0.0,0.0,13.18,0.0,7276.11,3523.93,True,False,0.0,78809.47,0.0639,1.011,0.10628
2026-08-28T14:19:51Z,XRPUSDT,COOLING,NONE,0.0,0.0,0.0,2.85,1.43,93325.94,51625.95,True,False,-0.0143,78837.21,0.0352,0.973,1.4021
2026-08-28T14:19:53Z,HBARUSDT,COOLING,NONE,0.0,0.0,0.0,1.3,0.0,24518.81,21891.94,True,False,0.0,78837.21,0.0352,1.105,0.07703
2026-08-28T14:19:55Z,QAITUSDT,IMPULSE,NONE,0.0,0.0,0.0,67.62,0.0,410.0,259.91,True,False,0.0,78837.21,0.0352,1.005,0.001934
2026-08-28T14:19:59Z,WUSDT,COOLING,NONE,0.0,0.0,0.0,9.67,0.0,17830.16,3390.47,True,False,0.0,78837.21,0.0352,2.359,0.009291
2026-08-28T14:20:02Z,REDUSDT,COOLING,NONE,0.0,0.0,0.0,21.66,0.0,6201.04,3523.93,True,False,0.0,78837.21,0.0352,0.949,0.10621
2026-08-28T14:20:32Z,XRPUSDT,COOLING,SELL,6.78,6.61,6.78,4.27,2.14,119468.52,59003.04,True,False,-0.032,78916.33,0.1004,1.038,1.4032
2026-08-28T14:20:35Z,HBARUSDT,COOLING,BUY,0.0,8.78,8.78,1.3,0.0,30646.56,34689.28,True,False,-0.013,78916.33,0.1004,1.023,0.07706
2026-08-28T14:20:37Z,QAITUSDT,IMPULSE,NONE,0.0,0.0,0.0,67.62,0.0,410.0,259.91,True,False,0.0,78916.33,0.1004,1.037,0.001934
2026-08-28T14:20:40Z,WUSDT,COOLING,SELL,15.65,0.0,15.65,9.69,-2.14,14991.49,2904.55,True,False,-0.1076,78916.33,0.1004,1.976,0.009306
2026-08-28T14:20:42Z,REDUSDT,COOLING,NONE,0.0,0.0,0.0,10.37,0.0,6808.16,2991.38,True,False,0.0,78916.33,0.1004,1.009,0.10621
2026-08-28T14:21:48Z,XRPUSDT,COOLING,NONE,0.0,0.0,0.0,3.56,0.71,115507.16,43881.34,True,False,-0.0036,78965.0,0.0617,0.942,1.405
2026-08-28T14:21:50Z,HBARUSDT,COOLING,NONE,0.0,0.0,0.0,1.3,0.0,14041.64,19097.63,True,False,0.0,78965.0,0.0617,1.05,0.07705
2026-08-28T14:21:54Z,QAITUSDT,IMPULSE,NONE,0.0,0.0,0.0,67.62,0.0,410.0,259.91,True,False,0.0,78965.0,0.0617,2.016,0.001934
2026-08-28T14:21:56Z,WUSDT,COOLING,NONE,0.0,0.0,0.0,10.75,0.0,17918.28,2947.95,True,False,0.0,78965.0,0.0617,1.023,0.009286
2026-08-28T14:22:00Z,REDUSDT,COOLING,NONE,0.0,0.0,0.0,22.65,0.0,9262.94,3748.27,True,False,0.0,78965.0,0.0617,2.081,0.10607
2026-08-28T14:22:35Z,XRPUSDT,COOLING,NONE,0.0,0.0,0.0,2.13,-1.42,68566.59,70842.38,True,False,0.0071,78984.68,0.0249,1.0,1.4056
2026-08-28T14:22:37Z,HBARUSDT,COOLING,BUY,0.0,2.5,2.5,1.3,0.0,8916.11,31289.36,True,False,0.0,78984.68,0.0249,1.151,0.07706
2026-08-28T14:22:39Z,QAITUSDT,IMPULSE,NONE,0.0,0.0,0.0,67.62,0.0,410.0,259.91,True,False,0.0,78984.68,0.0249,1.07,0.001934
2026-08-28T14:22:41Z,WUSDT,COOLING,NONE,0.0,0.0,0.0,13.97,0.0,11652.09,2807.22,True,False,0.0,78984.68,0.0249,1.024,0.009304
2026-08-28T14:22:43Z,REDUSDT,COOLING,SELL,2.52,0.0,2.52,11.3,0.0,7268.95,1025.63,True,False,0.0,78984.68,0.0249,1.005,0.10589
2026-08-28T14:23:14Z,XRPUSDT,COOLING,BUY,0.0,51.29,51.29,2.85,-0.0,113200.47,98182.95,True,False,0.0071,78950.0,-0.0439,1.032,1.4043
2026-08-28T14:23:16Z,HBARUSDT,COOLING,NONE,0.0,0.0,0.0,1.3,0.0,23069.72,16051.17,True,False,0.0,78950.0,-0.0439,0.927,0.07709
2026-08-28T14:23:18Z,QAITUSDT,IMPULSE,NONE,0.0,0.0,0.0,67.62,0.0,410.0,259.91,True,False,0.0,78950.0,-0.0439,0.985,0.001934
2026-08-28T14:23:20Z,WUSDT,COOLING,SELL,29.0,0.0,29.0,11.82,0.0,11371.67,3869.73,True,True,0.0,78950.0,-0.0439,1.008,0.009306
2026-08-28T14:23:23Z,REDUSDT,COOLING,SELL,20.13,0.0,20.13,14.17,0.0,7259.38,1301.3,True,True,0.0,78950.0,-0.0439,1.985,0.10589
2026-08-28T14:24:26Z,XRPUSDT,COOLING,SELL,8.52,0.0,8.52,2.85,0.0,80999.75,69201.51,True,False,-0.0285,78735.48,-0.2717,2.05,1.4025
2026-08-28T14:24:28Z,HBARUSDT,COOLING,SELL,69.27,0.0,69.27,1.3,0.0,31099.67,12019.02,True,False,0.0,78735.48,-0.2717,0.977,0.07702
2026-08-28T14:24:30Z,QAITUSDT,IMPULSE,NONE,0.0,0.0,0.0,135.7,0.0,410.0,259.91,True,False,0.0,78735.48,-0.2717,0.939,0.001929
2026-08-28T14:24:31Z,WUSDT,COOLING,SELL,1.15,0.0,1.15,8.61,-8.62,14344.27,3058.54,True,False,0.0431,78735.48,-0.2717,1.008,0.009293
2026-08-28T14:24:33Z,REDUSDT,COOLING,NONE,0.0,0.0,0.0,12.32,-10.41,8120.24,1386.95,True,False,-0.0521,78735.48,-0.2717,0.975,0.10589
2026-08-28T14:25:07Z,XRPUSDT,COOLING,SELL,34.6,0.0,34.6,0.71,-0.71,107108.69,47225.85,True,False,0.0107,78840.0,0.1327,1.005,1.406
2026-08-28T14:25:08Z,HBARUSDT,COOLING,NONE,0.0,0.0,0.0,1.3,0.0,13660.78,29276.8,True,False,0.0,78840.0,0.1327,0.972,0.077
2026-08-28T14:25:10Z,QAITUSDT,IMPULSE,NONE,0.0,0.0,0.0,135.7,0.0,1340.15,1135.33,True,False,0.0,78840.0,0.1327,0.954,0.001929
2026-08-28T14:25:13Z,WUSDT,COOLING,BUY,0.0,22.08,22.08,10.72,-1.07,10356.64,3058.35,True,True,-0.0054,78840.0,0.1327,1.952,0.009287
2026-08-28T14:25:16Z,REDUSDT,COOLING,NONE,0.0,0.0,0.0,11.35,-0.95,6856.06,1084.23,True,False,-0.0047,78840.0,0.1327,0.948,0.10588
2026-08-28T14:25:49Z,XRPUSDT,COOLING,NONE,0.0,0.0,0.0,4.26,2.13,58924.08,79284.71,True,False,-0.0036,78845.52,0.007,1.965,1.4069
2026-08-28T14:25:53Z,HBARUSDT,COOLING,NONE,0.0,0.0,0.0,1.3,-1.3,21854.84,12035.9,True,False,-0.0065,78845.52,0.007,1.028,0.07714
2026-08-28T14:25:56Z,QAITUSDT,IMPULSE,NONE,0.0,0.0,0.0,166.75,0.0,1149.99,1471.94,True,False,0.0,78845.52,0.007,1.01,0.001929
2026-08-28T14:25:59Z,WUSDT,COOLING,SELL,49.62,0.0,49.62,21.54,10.78,15436.72,3344.88,True,False,-0.0753,78845.52,0.007,0.933,0.009309
2026-08-28T14:26:01Z,REDUSDT,COOLING,SELL,18.09,8.66,18.09,15.17,-5.68,7520.79,1579.62,True,True,-0.0284,78845.52,0.007,0.963,0.10578
2026-08-28T14:27:04Z,XRPUSDT,COOLING,BUY,0.0,15.29,15.29,2.13,-1.42,89925.84,75143.54,True,True,0.0,78769.99,-0.0958,1.971,1.407
2026-08-28T14:27:08Z,HBARUSDT,COOLING,NONE,0.0,0.0,0.0,1.3,0.0,15717.6,16031.5,True,False,0.0,78769.99,-0.0958,2.031,0.07705
2026-08-28T14:27:11Z,QAITUSDT,IMPULSE,NONE,0.0,0.0,0.0,52.0,0.0,1300.45,1386.27,True,False,0.0,78769.99,-0.0958,2.16,0.001929
2026-08-28T14:27:14Z,WUSDT,COOLING,NONE,0.0,0.0,0.0,17.22,0.0,9400.25,4158.28,True,False,0.0,78769.99,-0.0958,1.037,0.009293
2026-08-28T14:27:17Z,REDUSDT,COOLING,NONE,0.0,0.0,0.0,10.44,0.0,7206.84,1149.3,True,False,0.0,78769.99,-0.0958,1.015,0.10538
2026-08-28T14:27:53Z,XRPUSDT,COOLING,SELL,10.36,0.0,10.36,2.85,-0.0,125524.7,47834.27,True,False,0.0356,78666.61,-0.1312,0.986,1.4038
2026-08-28T14:27:55Z,HBARUSDT,COOLING,NONE,0.0,0.0,0.0,2.6,1.3,29057.73,28931.36,True,False,-0.0065,78666.61,-0.1312,0.939,0.077
2026-08-28T14:28:00Z,QAITUSDT,IMPULSE,BUY,0.0,12.83,12.83,52.0,0.0,1300.45,1871.95,True,False,0.0,78666.61,-0.1312,2.022,0.001929
2026-08-28T14:28:01Z,WUSDT,COOLING,NONE,0.0,0.0,0.0,9.71,0.0,12758.75,3383.04,True,False,0.0,78666.61,-0.1312,0.969,0.009257
2026-08-28T14:28:03Z,REDUSDT,COOLING,NONE,0.0,0.0,0.0,2.85,0.0,5877.86,1149.3,True,False,0.0,78666.61,-0.1312,1.121,0.10538
2026-08-28T14:28:37Z,XRPUSDT,COOLING,SELL,5.3,0.0,5.3,2.14,-0.0,100908.1,63432.82,True,False,0.0143,78667.18,0.0007,1.229,1.4032
2026-08-28T14:28:39Z,HBARUSDT,COOLING,BUY,0.84,47.22,47.22,1.3,0.0,34530.37,22183.01,True,False,0.0,78667.18,0.0007,1.018,0.07694
2026-08-28T14:28:41Z,QAITUSDT,IMPULSE,NONE,0.0,0.0,0.0,52.0,0.0,1300.45,1881.34,True,False,0.0,78667.18,0.0007,1.087,0.001929
2026-08-28T14:28:43Z,WUSDT,COOLING,NONE,0.0,0.0,0.0,12.94,0.0,20718.64,3383.04,True,False,0.0,78667.18,0.0007,0.94,0.009268
2026-08-28T14:28:45Z,REDUSDT,COOLING,NONE,0.0,0.0,0.0,0.95,0.0,6788.3,1149.3,True,False,0.0,78667.18,0.0007,0.997,0.10541
2026-08-28T14:29:45Z,XRPUSDT,COOLING,NONE,0.0,0.0,0.0,3.54,-0.0,61098.62,68375.69,True,False,0.0142,78932.57,0.3374,1.064,1.4103
2026-08-28T14:29:48Z,HBARUSDT,COOLING,SELL,10.18,0.0,10.18,1.29,-0.0,11904.29,28497.59,True,False,0.013,78932.57,0.3374,1.929,0.07711
2026-08-28T14:29:51Z,QAITUSDT,IMPULSE,NONE,0.0,0.0,0.0,67.62,0.0,1300.45,1386.27,True,False,0.0,78932.57,0.3374,0.954,0.001929
2026-08-28T14:29:53Z,WUSDT,COOLING,NONE,0.0,0.0,0.0,19.31,0.0,18896.05,1736.69,True,False,0.0,78932.57,0.3374,0.985,0.00933
2026-08-28T14:29:56Z,REDUSDT,COOLING,NONE,0.0,0.0,0.0,12.29,0.0,6587.73,896.38,True,False,0.0,78932.57,0.3374,0.972,0.10573
2026-08-28T14:30:33Z,XRPUSDT,COOLING,SELL,5.39,0.0,5.39,2.84,-1.42,68960.93,27452.76,True,False,-0.0071,78890.0,-0.0539,0.981,1.4078
2026-08-28T14:30:35Z,HBARUSDT,COOLING,BUY,0.0,50.18,50.18,1.3,-1.3,26051.15,33806.77,True,False,-0.0065,78890.0,-0.0539,1.068,0.07715
2026-08-28T14:30:37Z,QAITUSDT,IMPULSE,NONE,0.0,0.0,0.0,36.35,0.0,1006.41,840.32,True,False,0.0,78890.0,-0.0539,1.023,0.001929
2026-08-28T14:30:41Z,WUSDT,COOLING,NONE,0.0,0.0,0.0,12.9,0.0,9633.36,3479.84,True,False,0.0,78890.0,-0.0539,2.115,0.009322
2026-08-28T14:30:45Z,REDUSDT,COOLING,NONE,0.0,0.0,0.0,12.29,-8.52,5179.87,896.38,True,False,0.0426,78890.0,-0.0539,1.984,0.10575
2026-08-28T14:31:21Z,XRPUSDT,COOLING,BUY,0.0,19.27,19.27,2.13,0.71,117037.8,60023.35,True,False,-0.0035,78904.4,0.0183,0.993,1.4097
2026-08-28T14:31:23Z,HBARUSDT,COOLING,NONE,0.0,0.0,0.0,1.3,0.0,30733.8,22349.0,True,False,0.0,78904.4,0.0183,1.018,0.07715
2026-08-28T14:31:25Z,QAITUSDT,IMPULSE,NONE,0.0,0.0,0.0,36.35,0.0,1048.92,838.97,True,False,0.0,78904.4,0.0183,1.046,0.001929
2026-08-28T14:31:28Z,WUSDT,COOLING,NONE,0.0,0.0,0.0,15.03,-0.01,10007.14,3479.84,True,False,0.0752,78904.4,0.0183,2.148,0.009309
2026-08-28T14:31:33Z,REDUSDT,COOLING,NONE,0.0,0.0,0.0,22.73,0.0,5341.38,1110.39,True,False,0.0,78904.4,0.0183,2.063,0.10557
2026-08-28T14:32:40Z,XRPUSDT,COOLING,BUY,9.79,12.9,12.9,2.82,1.41,58349.2,34640.57,True,False,0.0211,79072.39,0.2129,1.548,1.4195
2026-08-28T14:32:42Z,HBARUSDT,COOLING,NONE,0.0,0.0,0.0,1.29,-0.0,30579.11,20594.42,True,False,0.0129,79072.39,0.2129,0.997,0.07724
2026-08-28T14:32:43Z,QAITUSDT,IMPULSE,NONE,0.0,0.0,0.0,46.77,0.0,1091.31,1001.27,True,False,0.0,79072.39,0.2129,1.028,0.001928
2026-08-28T14:32:46Z,WUSDT,COOLING,NONE,0.0,0.0,0.0,13.91,0.0,16453.28,2898.99,True,False,0.0,79072.39,0.2129,1.043,0.009334
2026-08-28T14:32:50Z,REDUSDT,COOLING,NONE,0.0,0.0,0.0,13.22,0.0,4724.68,1105.49,True,False,0.0,79072.39,0.2129,2.113,0.10613
2026-08-28T14:33:24Z,XRPUSDT,COOLING,SELL,15.37,0.0,15.37,2.82,-0.7,83623.17,50366.63,True,False,-0.0246,79077.02,0.0059,1.066,1.4215
2026-08-28T14:33:27Z,HBARUSDT,COOLING,NONE,0.0,0.0,0.0,1.29,0.0,32240.48,27263.9,True,False,0.0,79077.02,0.0059,1.013,0.07737
2026-08-28T14:33:29Z,QAITUSDT,IMPULSE,NONE,0.0,0.0,0.0,46.77,0.0,405.0,1649.68,True,False,0.0,79077.02,0.0059,0.978,0.001928
2026-08-28T14:33:30Z,WUSDT,COOLING,NONE,0.0,0.0,0.0,10.68,1.06,17759.76,5364.0,True,False,0.1015,79077.02,0.0059,1.011,0.009355
2026-08-28T14:33:34Z,REDUSDT,COOLING,NONE,0.0,0.0,0.0,14.17,0.0,4724.68,976.18,True,False,0.0,79077.02,0.0059,1.033,0.10591
2026-08-28T14:34:09Z,XRPUSDT,COOLING,BUY,12.71,25.12,25.12,1.41,-0.0,83323.44,59710.42,True,False,0.0211,79141.94,0.0821,0.989,1.4216
2026-08-28T14:34:11Z,HBARUSDT,COOLING,BUY,0.0,0.03,0.03,1.29,0.0,11243.84,28845.88,True,False,0.0,79141.94,0.0821,0.963,0.07745
2026-08-28T14:34:13Z,QAITUSDT,IMPULSE,SELL,81.35,0.0,81.35,5.19,0.0,2598.83,1608.74,True,False,0.0,79141.94,0.0821,1.038,0.001928
2026-08-28T14:34:15Z,WUSDT,COOLING,NONE,0.0,0.0,0.0,6.4,0.0,18895.01,6111.88,True,False,0.0,79141.94,0.0821,1.045,0.009362
2026-08-28T14:34:18Z,REDUSDT,COOLING,NONE,0.0,0.0,0.0,10.37,0.0,9145.7,832.88,True,False,0.0,79141.94,0.0821,1.006,0.10587
2026-08-28T14:35:25Z,XRPUSDT,COOLING,SELL,42.69,0.0,42.69,2.11,-0.7,100864.4,46599.85,True,False,-0.0035,79308.0,0.2098,0.995,1.4229
2026-08-28T14:35:28Z,HBARUSDT,COOLING,NONE,0.0,0.0,0.0,1.29,0.0,10266.21,10380.63,True,False,0.0,79308.0,0.2098,2.013,0.07778
2026-08-28T14:35:30Z,QAITUSDT,IMPULSE,NONE,0.0,0.0,0.0,51.73,-15.47,405.0,1140.57,True,False,-0.0775,79308.0,0.2098,1.031,0.001929
2026-08-28T14:35:32Z,WUSDT,COOLING,NONE,0.0,0.0,0.0,10.63,-1.06,15431.48,8555.89,True,False,-0.0053,79308.0,0.2098,0.958,0.009385
2026-08-28T14:35:35Z,REDUSDT,COOLING,NONE,0.0,0.0,0.0,15.07,-0.94,7056.99,1118.18,True,False,-0.0047,79308.0,0.2098,0.962,0.10622
2026-08-28T14:36:09Z,XRPUSDT,COOLING,BUY,8.11,23.06,23.06,4.21,1.4,62244.69,58577.97,True,False,-0.007,79360.0,0.0656,1.016,1.4249
2026-08-28T14:36:11Z,HBARUSDT,COOLING,SELL,26.29,0.0,26.29,1.29,-0.0,11023.69,17371.31,True,True,0.0129,79360.0,0.0656,0.988,0.07775
2026-08-28T14:36:13Z,QAITUSDT,IMPULSE,SELL,88.24,0.0,88.24,36.76,-87.92,2599.61,1629.06,True,False,-1.0649,79360.0,0.0656,0.957,0.001912
2026-08-28T14:36:15Z,WUSDT,COOLING,NONE,0.0,0.0,0.0,9.56,-3.18,15330.66,7908.2,True,False,-0.0159,79360.0,0.0656,1.025,0.009396
2026-08-28T14:36:18Z,REDUSDT,COOLING,NONE,0.0,0.0,0.0,14.13,0.0,6157.79,1021.19,True,False,0.0,79360.0,0.0656,1.006,0.10622
2026-08-28T14:36:47Z,XRPUSDT,COOLING,NONE,0.0,0.0,0.0,2.8,-3.51,92317.16,33191.65,True,False,0.0386,79387.66,0.0349,0.996,1.426
2026-08-28T14:36:49Z,HBARUSDT,COOLING,NONE,0.0,0.0,0.0,1.28,0.0,13342.6,16190.2,True,False,0.0,79387.66,0.0349,1.046,0.07783
2026-08-28T14:36:53Z,QAITUSDT,IMPULSE,NONE,0.0,0.0,0.0,10.34,0.0,405.0,1001.27,True,False,0.0,79387.66,0.0349,1.57,0.001933
2026-08-28T14:36:55Z,WUSDT,COOLING,NONE,0.0,0.0,0.0,13.81,0.0,15330.66,7913.03,True,False,0.0,79387.66,0.0349,0.968,0.009396
2026-08-28T14:36:58Z,REDUSDT,COOLING,NONE,0.0,0.0,0.0,13.17,0.0,7928.62,960.59,True,False,0.0,79387.66,0.0349,0.974,0.1061
2026-08-28T14:38:02Z,XRPUSDT,COOLING,SELL,20.33,0.0,20.33,2.09,-0.7,98707.62,42930.81,True,True,-0.0035,79518.12,0.1643,0.969,1.4326
2026-08-28T14:38:04Z,HBARUSDT,COOLING,BUY,0.86,43.55,43.55,1.28,-2.56,10073.72,33924.47,True,False,0.0128,79518.12,0.1643,1.003,0.07811
2026-08-28T14:38:07Z,QAITUSDT,IMPULSE,NONE,0.0,0.0,0.0,10.34,0.0,1497.47,1001.27,True,False,0.0,79518.12,0.1643,1.506,0.001933
2026-08-28T14:38:09Z,WUSDT,COOLING,NONE,0.0,0.0,0.0,20.09,6.34,18661.5,4302.56,True,False,0.0529,79518.12,0.1643,1.003,0.009458
2026-08-28T14:38:12Z,REDUSDT,COOLING,NONE,0.0,0.0,0.0,21.59,0.0,8511.83,4804.21,True,False,0.0,79518.12,0.1643,2.024,0.10649
2026-08-28T14:38:49Z,XRPUSDT,COOLING,NONE,0.0,0.0,0.0,10.44,7.66,15278.42,12560.37,True,False,-0.0104,79645.68,0.1604,1.04,1.4366
2026-08-28T14:38:54Z,HBARUSDT,COOLING,NONE,0.0,0.0,0.0,1.28,0.0,10170.32,16464.66,True,False,0.0,79645.68,0.1604,1.977,0.07812
2026-08-28T14:38:56Z,QAITUSDT,IMPULSE,NONE,0.0,0.0,0.0,10.34,0.0,1477.42,1001.27,True,False,0.0,79645.68,0.1604,1.401,0.001933
2026-08-28T14:39:00Z,WUSDT,COOLING,NONE,0.0,0.0,0.0,12.69,0.0,9209.17,6744.24,True,False,0.0,79645.68,0.1604,1.988,0.009454
2026-08-28T14:39:03Z,REDUSDT,COOLING,NONE,0.0,0.0,0.0,15.06,0.0,7440.41,1224.45,True,False,0.0,79645.68,0.1604,0.954,0.10652
2026-08-28T14:40:18Z,XRPUSDT,COOLING,NONE,0.0,0.0,0.0,2.8,-2.8,77687.85,54689.89,True,False,0.0489,79500.46,-0.1823,1.344,1.4301
2026-08-28T14:40:21Z,HBARUSDT,COOLING,BUY,0.01,56.58,56.58,1.28,-2.57,17032.6,23425.37,True,False,-0.0257,79500.46,-0.1823,1.027,0.07785
2026-08-28T14:40:23Z,QAITUSDT,IMPULSE,SELL,88.34,0.0,88.34,251.18,37.02,2599.24,2452.81,True,False,-0.1828,79500.46,-0.1823,0.956,0.001917
2026-08-28T14:40:25Z,WUSDT,COOLING,NONE,0.0,0.0,0.0,12.69,3.17,10113.31,3334.22,True,False,0.0159,79500.46,-0.1823,0.966,0.009438
2026-08-28T14:40:27Z,REDUSDT,COOLING,BUY,7.1,11.62,11.62,14.12,1.87,7908.21,5549.68,True,False,0.0942,79500.46,-0.1823,1.071,0.10611
2026-08-28T14:46:04Z,XRPUSDT,COOLING,BUY,0.0,17.8,17.8,2.1,-1.4,88491.32,84581.36,True,False,0.0421,79374.17,-0.1589,1.132,1.4262
2026-08-28T14:46:06Z,HBARUSDT,COOLING,SELL,3.41,0.0,3.41,1.29,-1.29,18814.3,28781.83,True,False,0.0064,79374.17,-0.1589,1.004,0.07771
2026-08-28T14:46:09Z,QAITUSDT,IMPULSE,SELL,9.19,0.0,9.19,67.41,0.0,1163.99,1001.27,True,False,0.0,79374.17,-0.1589,1.394,0.001942
2026-08-28T14:46:11Z,WUSDT,COOLING,NONE,0.0,0.0,0.0,14.85,0.0,9295.76,3048.01,True,False,0.0,79374.17,-0.1589,1.387,0.009427
2026-08-28T14:46:13Z,REDUSDT,COOLING,NONE,0.0,0.0,0.0,22.68,0.0,5653.68,1499.14,True,False,0.0,79374.17,-0.1589,0.912,0.10616
2026-08-28T14:46:44Z,XRPUSDT,COOLING,NONE,0.0,0.0,0.0,2.81,0.0,75896.11,94805.43,True,False,0.0,79301.36,-0.0917,0.977,1.4222
2026-08-28T14:46:47Z,HBARUSDT,COOLING,BUY,2.68,38.5,38.5,1.29,-0.0,14126.38,29945.18,True,True,0.0129,79301.36,-0.0917,1.443,0.07767
2026-08-28T14:46:49Z,QAITUSDT,IMPULSE,NONE,0.0,0.0,0.0,72.39,0.0,1105.38,1001.27,True,False,0.0,79301.36,-0.0917,0.959,0.001935
2026-08-28T14:46:51Z,WUSDT,COOLING,BUY,0.16,30.94,30.94,10.61,0.0,11893.08,4060.27,True,False,0.0,79301.36,-0.0917,0.951,0.009416
2026-08-28T14:46:56Z,REDUSDT,COOLING,NONE,0.0,0.0,0.0,12.29,0.0,7164.85,1750.64,True,False,0.0,79301.36,-0.0917,1.917,0.10587
2026-08-28T14:47:31Z,XRPUSDT,COOLING,BUY,0.0,43.64,43.64,2.81,0.7,99506.86,111938.0,True,False,0.0035,79324.99,0.0298,0.956,1.4228
2026-08-28T14:47:33Z,HBARUSDT,COOLING,NONE,0.0,0.0,0.0,1.29,0.0,14767.76,11930.49,True,False,-0.0129,79324.99,0.0298,0.948,0.07759
2026-08-28T14:47:35Z,QAITUSDT,IMPULSE,NONE,0.0,0.0,0.0,72.39,0.0,1105.38,1001.27,True,False,0.0,79324.99,0.0298,0.967,0.001935
2026-08-28T14:47:37Z,WUSDT,COOLING,NONE,0.0,0.0,0.0,12.75,0.0,10843.33,4380.03,True,False,0.0,79324.99,0.0298,1.02,0.009406
2026-08-28T14:47:40Z,REDUSDT,COOLING,NONE,0.0,0.0,0.0,14.17,0.0,8664.93,1202.54,True,False,0.0,79324.99,0.0298,0.956,0.10581
2026-08-28T14:49:21Z,XRPUSDT,COOLING,BUY,0.0,10.59,10.59,3.53,-0.7,31418.28,86778.94,True,False,-0.0106,79122.57,-0.2552,0.909,1.4183
2026-08-28T14:49:23Z,HBARUSDT,COOLING,NONE,0.0,0.0,0.0,1.29,-1.29,28775.64,16149.59,True,False,0.0065,79122.57,-0.2552,0.974,0.07739
2026-08-28T14:49:25Z,QAITUSDT,IMPULSE,NONE,0.0,0.0,0.0,82.69,0.0,1513.83,1001.27,True,False,0.0,79122.57,-0.2552,0.898,0.001941
2026-08-28T14:49:27Z,WUSDT,COOLING,NONE,0.0,0.0,0.0,11.73,1.08,15390.93,5058.91,True,False,-0.0799,79122.57,-0.2552,1.045,0.009388
2026-08-28T14:49:30Z,REDUSDT,COOLING,NONE,0.0,0.0,0.0,10.41,0.0,3346.54,1650.84,True,False,0.0,79122.57,-0.2552,2.009,0.10574
2026-08-28T14:50:41Z,XRPUSDT,COOLING,NONE,0.0,0.0,0.0,2.81,-0.7,50886.68,37347.52,True,False,-0.0035,79287.05,0.2079,1.038,1.4231
2026-08-28T14:50:44Z,HBARUSDT,COOLING,NONE,0.0,0.0,0.0,1.29,-1.29,22208.84,18162.68,True,False,-0.0065,79287.05,0.2079,0.936,0.07749
2026-08-28T14:50:45Z,QAITUSDT,IMPULSE,NONE,0.0,0.0,0.0,218.52,5.15,410.01,976.99,True,False,0.026,79287.05,0.2079,1.016,0.001943
2026-08-28T14:50:47Z,WUSDT,COOLING,NONE,0.0,0.0,0.0,10.63,0.0,16053.36,4970.69,True,False,0.0,79287.05,0.2079,0.964,0.009405
2026-08-28T14:50:50Z,REDUSDT,COOLING,NONE,0.0,0.0,0.0,14.17,0.0,9368.45,5147.7,True,False,0.0,79287.05,0.2079,1.953,0.1058
2026-08-28T14:52:02Z,XRPUSDT,COOLING,NONE,0.0,0.0,0.0,0.7,-2.81,72336.41,52650.53,True,False,-0.014,79344.33,0.0722,1.432,1.4236
2026-08-28T14:52:04Z,HBARUSDT,COOLING,NONE,0.0,0.0,0.0,1.29,0.0,12681.24,22226.34,True,False,0.0,79344.33,0.0722,0.922,0.07747
2026-08-28T14:52:05Z,QAITUSDT,IMPULSE,NONE,0.0,0.0,0.0,67.41,0.0,1032.1,976.99,True,False,0.0,79344.33,0.0722,0.934,0.001943
2026-08-28T14:52:08Z,WUSDT,COOLING,NONE,0.0,0.0,0.0,9.57,0.0,10135.06,4970.69,True,False,0.0,79344.33,0.0722,1.511,0.009405
2026-08-28T14:52:10Z,REDUSDT,COOLING,NONE,0.0,0.0,0.0,14.17,0.0,8357.62,4851.61,True,False,0.0,79344.33,0.0722,0.945,0.10589
2026-08-28T14:55:12Z,XRPUSDT,COOLING,NONE,0.0,0.0,0.0,1.4,0.0,54304.48,101651.2,True,False,0.0,79525.5,0.2283,0.972,1.4287
2026-08-28T14:55:14Z,HBARUSDT,COOLING,NONE,0.0,0.0,0.0,2.58,1.29,11876.58,16042.96,True,False,0.0064,79525.5,0.2283,0.956,0.07758
2026-08-28T14:55:16Z,QAITUSDT,IMPULSE,NONE,0.0,0.0,0.0,20.86,0.0,2599.74,967.05,True,False,0.0,79525.5,0.2283,1.016,0.001916
2026-08-28T14:55:18Z,WUSDT,COOLING,NONE,0.0,0.0,0.0,13.79,-7.42,17063.88,3726.64,True,False,-0.0371,79525.5,0.2283,1.011,0.009424
2026-08-28T14:55:20Z,REDUSDT,COOLING,NONE,0.0,0.0,0.0,10.37,-2.84,6955.23,5093.76,True,False,0.118,79525.5,0.2283,0.996,0.10589
2026-08-28T14:55:52Z,XRPUSDT,COOLING,NONE,0.0,0.0,0.0,3.49,0.7,78205.12,59654.98,True,False,0.0175,79533.23,0.0097,0.947,1.4308
2026-08-28T14:55:54Z,HBARUSDT,COOLING,SELL,49.62,0.0,49.62,1.29,0.0,26858.49,19238.91,True,False,0.0,79533.23,0.0097,1.124,0.0776
2026-08-28T14:55:56Z,QAITUSDT,IMPULSE,NONE,0.0,0.0,0.0,162.43,0.0,400.0,967.05,True,False,0.0,79533.23,0.0097,1.003,0.00191
2026-08-28T14:55:59Z,WUSDT,COOLING,NONE,0.0,0.0,0.0,12.72,0.0,11333.69,3427.19,True,False,0.0,79533.23,0.0097,0.993,0.009434
2026-08-28T14:56:01Z,REDUSDT,COOLING,NONE,0.0,0.0,0.0,10.37,0.0,6554.67,5093.76,True,False,0.0,79533.23,0.0097,0.937,0.10605
2026-08-28T14:56:33Z,XRPUSDT,COOLING,BUY,0.0,0.86,0.86,4.19,1.4,56288.03,99587.13,True,False,-0.0,79520.36,-0.0162,0.931,1.4306
2026-08-28T14:56:35Z,HBARUSDT,COOLING,NONE,0.0,0.0,0.0,1.29,0.0,33148.62,18869.57,True,False,0.0,79520.36,-0.0162,1.027,0.0776
2026-08-28T14:56:36Z,QAITUSDT,IMPULSE,NONE,0.0,0.0,0.0,250.39,5.28,400.0,967.05,True,False,-0.0261,79520.36,-0.0162,0.929,0.001935
2026-08-28T14:56:39Z,WUSDT,COOLING,NONE,0.0,0.0,0.0,12.72,0.0,11333.69,3963.86,True,False,0.0,79520.36,-0.0162,0.986,0.00944
2026-08-28T14:56:41Z,REDUSDT,COOLING,NONE,0.0,0.0,0.0,10.37,0.0,6554.67,5093.76,True,False,0.0,79520.36,-0.0162,1.026,0.10605
2026-08-28T15:00:29Z,XRPUSDT,COOLING,SELL,53.05,0.0,53.05,1.39,-2.79,99420.78,72582.56,True,False,0.1046,79786.14,0.3342,0.907,1.4333
2026-08-28T15:01:10Z,HBARUSDT,COOLING,SELL,49.65,0.0,49.65,1.29,0.0,19379.98,14017.12,True,False,-0.0129,79786.14,0.3342,0.979,0.07767
2026-08-28T15:01:13Z,QAITUSDT,IMPULSE,NONE,0.0,0.0,0.0,467.92,0.0,260.0,378.2,True,False,0.0,79786.14,0.3342,1.895,0.00194
2026-08-28T15:01:16Z,WUSDT,COOLING,BUY,0.0,17.44,17.44,14.82,0.0,9769.72,5249.78,True,False,0.0,79786.14,0.3342,0.902,0.009445
2026-08-28T15:01:18Z,REDUSDT,COOLING,NONE,0.0,0.0,0.0,12.25,0.0,6351.77,5579.27,True,False,0.0,79786.14,0.3342,0.952,0.10607
2026-08-28T15:02:31Z,XRPUSDT,COOLING,NONE,0.0,0.0,0.0,2.8,0.0,78236.09,47799.22,True,False,0.0,79540.01,-0.3085,0.915,1.4286
2026-08-28T15:02:33Z,HBARUSDT,COOLING,NONE,0.0,0.0,0.0,1.29,0.0,28506.13,20310.42,True,False,0.0,79540.01,-0.3085,0.932,0.07754
2026-08-28T15:02:36Z,QAITUSDT,IMPULSE,NONE,0.0,0.0,0.0,349.13,-9.8,2648.39,205.81,True,False,-0.0499,79540.01,-0.3085,1.999,0.001947
2026-08-28T15:03:18Z,WUSDT,COOLING,NONE,0.0,0.0,0.0,7.45,-4.24,9716.22,3030.66,True,False,-0.17,79540.01,-0.3085,40.917,0.009409
2026-08-28T15:03:20Z,REDUSDT,COOLING,NONE,0.0,0.0,0.0,10.41,0.0,5913.44,5321.14,True,False,0.0,79540.01,-0.3085,1.028,0.10589
2026-08-28T15:04:30Z,XRPUSDT,COOLING,NONE,0.0,0.0,0.0,2.8,0.7,76683.14,32737.73,True,False,0.0175,79445.0,-0.1194,1.037,1.4276
2026-08-28T15:04:33Z,HBARUSDT,COOLING,NONE,0.0,0.0,0.0,1.29,0.0,29733.22,38097.45,True,False,0.0,79445.0,-0.1194,2.095,0.07741
2026-08-28T15:04:35Z,QAITUSDT,IMPULSE,NONE,0.0,0.0,0.0,856.18,87.32,2599.27,388.2,True,False,1.1679,79445.0,-0.1194,1.07,0.002167
2026-08-28T15:04:37Z,WUSDT,COOLING,NONE,0.0,0.0,0.0,19.12,0.0,12569.93,3322.78,True,False,0.0,79445.0,-0.1194,0.898,0.009405
2026-08-28T15:04:39Z,REDUSDT,COOLING,NONE,0.0,0.0,0.0,20.81,0.0,6287.87,1350.78,True,False,0.0,79445.0,-0.1194,0.993,0.10578
2026-08-28T15:07:41Z,XRPUSDT,COOLING,NONE,0.0,0.0,0.0,1.4,0.0,113444.22,108747.08,True,False,0.0,79402.05,-0.0541,1.073,1.4246
2026-08-28T15:07:44Z,HBARUSDT,COOLING,NONE,0.0,0.0,0.0,1.29,0.0,38244.39,36315.84,True,False,0.0,79402.05,-0.0541,1.036,0.07733
2026-08-28T15:07:46Z,QAITUSDT,IMPULSE,NONE,0.0,0.0,0.0,46.6,-25.79,655.96,945.83,True,False,-0.1293,79402.05,-0.0541,1.125,0.001933
2026-08-28T15:08:28Z,WUSDT,COOLING,NONE,0.0,0.0,0.0,2.13,0.0,8292.23,3936.55,True,False,0.0,79402.05,-0.0541,41.162,0.009381
2026-08-28T15:08:30Z,REDUSDT,COOLING,NONE,0.0,0.0,0.0,12.29,0.0,7243.24,1476.65,True,False,0.0,79402.05,-0.0541,1.062,0.10567
2026-08-28T15:09:44Z,XRPUSDT,COOLING,SELL,1.13,0.0,1.13,2.11,1.41,103583.2,93373.87,True,False,0.0,79355.89,-0.0581,0.932,1.4209
2026-08-28T15:09:47Z,HBARUSDT,COOLING,NONE,0.0,0.0,0.0,1.3,0.0,36209.52,34654.84,True,False,-0.013,79355.89,-0.0581,1.009,0.07709
2026-08-28T15:09:50Z,QAITUSDT,IMPULSE,NONE,0.0,0.0,0.0,67.41,0.0,1024.52,945.83,True,False,0.0,79355.89,-0.0581,1.04,0.001911
2026-08-28T15:09:53Z,WUSDT,COOLING,NONE,0.0,0.0,0.0,2.13,0.0,8292.23,3124.77,True,False,0.0,79355.89,-0.0581,1.967,0.00938
2026-08-28T15:09:54Z,REDUSDT,COOLING,NONE,0.0,0.0,0.0,12.29,0.0,4634.08,5846.27,True,False,0.0,79355.89,-0.0581,0.94,0.10573
2026-08-28T15:10:28Z,XRPUSDT,COOLING,SELL,5.58,0.0,5.58,2.82,0.0,130308.28,85974.85,True,False,-0.007,79333.26,-0.0285,0.952,1.421
2026-08-28T15:10:29Z,HBARUSDT,COOLING,NONE,0.0,0.0,0.0,1.3,0.0,35216.31,24896.02,True,False,0.0,79333.26,-0.0285,0.974,0.07703
2026-08-28T15:10:31Z,QAITUSDT,IMPULSE,NONE,0.0,0.0,0.0,67.41,0.0,1035.44,945.83,True,False,0.0,79333.26,-0.0285,0.962,0.001911
2026-08-28T15:10:33Z,WUSDT,COOLING,NONE,0.0,0.0,0.0,2.13,0.0,9290.23,3526.39,True,False,0.0,79333.26,-0.0285,0.973,0.00938
2026-08-28T15:10:35Z,REDUSDT,COOLING,NONE,0.0,0.0,0.0,22.73,12.32,4629.67,5990.13,True,False,-0.0615,79333.26,-0.0285,0.931,0.10576
2026-08-28T15:12:52Z,XRPUSDT,COOLING,SELL,10.94,0.0,10.94,1.41,0.0,91986.01,79473.31,True,False,-0.0281,79360.53,0.0344,1.915,1.4221
2026-08-28T15:12:54Z,HBARUSDT,COOLING,NONE,0.0,0.0,0.0,1.3,0.0,35983.31,28768.37,True,False,0.0,79360.53,0.0344,1.329,0.07704
2026-08-28T15:12:57Z,QAITUSDT,IMPULSE,NONE,0.0,0.0,0.0,41.54,-25.87,1024.52,945.83,True,False,-0.1296,79360.53,0.0344,0.942,0.001911
2026-08-28T15:13:38Z,WUSDT,COOLING,BUY,0.0,0.14,0.14,2.13,0.0,9580.3,3597.32,True,False,0.0,79360.53,0.0344,40.94,0.009381
2026-08-28T15:13:40Z,REDUSDT,COOLING,NONE,0.0,0.0,0.0,12.32,0.0,3945.4,5745.93,True,False,0.0,79360.53,0.0344,1.024,0.10553
