ts,pair,regime,asp_side,drop_bid_pct_per_s,drop_ask_pct_per_s,max_drop_pct_per_s,spread_bps,spread_delta_bps,wall_bid_usdt,wall_ask_usdt,notional_ok,spoof,price_delta_pct,btc_price,btc_delta_pct,delay_s,price
2026-08-27T17:27:32Z,XRPUSDT,COOLING,SELL,4.73,0.0,4.73,3.41,0.0,107137.49,76923.8,True,False,0.0,80777.49,0.0,1.002,1.4675
2026-08-27T17:27:36Z,HBARUSDT,COOLING,NONE,0.0,0.0,0.0,1.26,0.0,46706.05,40251.63,True,False,0.0,80777.49,0.0,1.981,0.07957
2026-08-27T17:27:38Z,RIZEUSDT,IMPULSE,NONE,0.0,0.0,0.0,45.1,0.0,202.08,752.68,True,False,0.0,80777.49,0.0,0.984,0.004878
2026-08-27T17:27:40Z,REDUSDT,COOLING,NONE,0.0,0.0,0.0,14.67,0.0,5591.35,5615.63,True,False,0.0,80777.49,0.0,1.046,0.10906
2026-08-27T17:27:42Z,CCUSDT,COOLING,NONE,0.0,0.0,0.0,6.88,-0.86,1556.94,15534.75,True,False,-0.0043,80777.49,0.0,0.909,0.1164
2026-08-27T17:28:18Z,XRPUSDT,COOLING,BUY,17.03,48.07,48.07,1.36,-0.68,89717.23,93369.27,True,False,-0.0443,80740.12,-0.0463,1.074,1.4675
2026-08-27T17:28:22Z,HBARUSDT,COOLING,BUY,0.0,8.78,8.78,1.26,0.0,44137.57,17625.71,True,False,0.0,80740.12,-0.0463,1.977,0.07955
2026-08-27T17:28:24Z,RIZEUSDT,IMPULSE,NONE,0.0,0.0,0.0,45.0,0.0,201.11,750.68,True,False,0.0,80740.12,-0.0463,1.008,0.004915
2026-08-27T17:28:28Z,REDUSDT,COOLING,BUY,0.0,4.7,4.7,22.93,11.91,5451.97,6389.52,True,False,0.1424,80740.12,-0.0463,2.024,0.10895
2026-08-27T17:28:31Z,CCUSDT,COOLING,BUY,7.73,38.46,38.46,7.73,0.86,1857.52,9480.65,True,False,0.0473,80740.12,-0.0463,2.09,0.11631
2026-08-27T17:29:03Z,XRPUSDT,COOLING,SELL,12.18,0.0,12.18,2.73,-0.0,64982.45,70263.32,True,False,0.0204,80777.77,0.0466,1.024,1.467
2026-08-27T17:29:05Z,HBARUSDT,COOLING,NONE,0.0,0.0,0.0,1.26,0.0,45756.94,18571.03,True,False,0.0,80777.77,0.0466,0.937,0.07953
2026-08-27T17:29:06Z,RIZEUSDT,IMPULSE,NONE,0.0,0.0,0.0,8.2,-36.8,201.11,750.68,True,False,-0.1841,80777.77,0.0466,0.911,0.004882
2026-08-27T17:29:08Z,REDUSDT,COOLING,NONE,0.0,0.0,0.0,32.16,11.96,8448.19,5591.14,True,False,-0.0597,80777.77,0.0466,0.992,0.10893
2026-08-27T17:29:10Z,CCUSDT,COOLING,NONE,0.0,0.0,0.0,9.47,0.0,1654.76,1558.69,True,False,0.0,80777.77,0.0466,1.025,0.11621
2026-08-27T17:30:11Z,XRPUSDT,COOLING,NONE,0.0,0.0,0.0,2.73,0.0,72016.41,93596.36,True,False,0.0,80709.33,-0.0847,1.01,1.4645
2026-08-27T17:30:13Z,HBARUSDT,COOLING,NONE,0.0,0.0,0.0,1.26,0.0,40209.93,32301.02,True,False,0.0,80709.33,-0.0847,0.974,0.0795
2026-08-27T17:30:15Z,RIZEUSDT,IMPULSE,NONE,0.0,0.0,0.0,45.0,0.0,201.11,750.68,True,False,0.0,80709.33,-0.0847,0.962,0.004882
2026-08-27T17:30:18Z,REDUSDT,COOLING,SELL,66.81,3.95,66.81,11.93,1.83,8282.71,6022.58,True,True,0.0919,80709.33,-0.0847,0.957,0.10875
2026-08-27T17:30:21Z,CCUSDT,COOLING,SELL,85.0,0.0,85.0,4.31,-0.86,9053.97,1558.28,True,False,-0.0043,80709.33,-0.0847,0.936,0.11606
2026-08-27T17:30:53Z,XRPUSDT,COOLING,NONE,0.0,0.0,0.0,3.42,1.37,95895.02,73340.43,True,False,0.0,80727.77,0.0228,0.954,1.463
2026-08-27T17:30:55Z,HBARUSDT,COOLING,SELL,9.33,6.82,9.33,1.26,-0.0,54189.42,11325.18,True,False,0.0251,80727.77,0.0228,0.997,0.07962
2026-08-27T17:30:58Z,RIZEUSDT,IMPULSE,NONE,0.0,0.0,0.0,45.0,0.0,201.11,750.68,True,False,0.0,80727.77,0.0228,0.983,0.004882
2026-08-27T17:31:01Z,REDUSDT,COOLING,NONE,0.0,0.0,0.0,11.93,0.0,7544.32,5815.5,True,False,0.0,80727.77,0.0228,0.971,0.10898
2026-08-27T17:31:03Z,CCUSDT,COOLING,NONE,0.0,0.0,0.0,6.9,-0.86,859.61,15472.98,True,False,-0.0043,80727.77,0.0228,1.018,0.1159
2026-08-27T17:31:35Z,XRPUSDT,COOLING,NONE,0.0,0.0,0.0,2.73,0.0,63897.83,77733.17,True,False,0.0,80759.99,0.0399,0.944,1.465
2026-08-27T17:31:37Z,HBARUSDT,COOLING,NONE,0.0,0.0,0.0,1.26,0.0,44006.42,14629.13,True,False,0.0,80759.99,0.0399,1.058,0.07962
2026-08-27T17:31:40Z,RIZEUSDT,IMPULSE,NONE,0.0,0.0,0.0,45.0,0.0,200.93,750.01,True,False,0.0,80759.99,0.0399,1.989,0.00489
2026-08-27T17:31:42Z,REDUSDT,COOLING,NONE,0.0,0.0,0.0,13.75,0.0,7982.4,5080.12,True,False,0.0,80759.99,0.0399,1.031,0.10893
2026-08-27T17:31:43Z,CCUSDT,COOLING,NONE,0.0,0.0,0.0,5.17,0.0,862.5,9312.8,True,False,0.0,80759.99,0.0399,0.935,0.116
2026-08-27T17:32:45Z,XRPUSDT,COOLING,BUY,0.0,22.69,22.69,3.42,1.37,52921.1,84738.71,True,True,0.0205,80765.0,0.0062,0.959,1.4635
2026-08-27T17:32:47Z,HBARUSDT,COOLING,NONE,0.0,0.0,0.0,1.26,0.0,47917.66,18356.65,True,False,0.0,80765.0,0.0062,0.952,0.07958
2026-08-27T17:32:49Z,RIZEUSDT,IMPULSE,NONE,0.0,0.0,0.0,45.0,0.0,202.46,755.74,True,False,0.0,80765.0,0.0062,0.947,0.004892
2026-08-27T17:32:52Z,REDUSDT,COOLING,NONE,0.0,0.0,0.0,10.11,0.0,5456.69,6000.54,True,False,0.0,80765.0,0.0062,2.173,0.10895
2026-08-27T17:32:55Z,CCUSDT,COOLING,NONE,0.0,0.0,0.0,10.37,0.0,1547.83,9292.8,True,False,0.0,80765.0,0.0062,0.963,0.11579
2026-08-27T17:33:27Z,XRPUSDT,COOLING,NONE,0.0,0.0,0.0,2.73,0.0,86276.74,81597.15,True,False,0.0,80769.79,0.0059,1.001,1.4629
2026-08-27T17:33:29Z,HBARUSDT,COOLING,NONE,0.0,0.0,0.0,1.26,-1.26,40813.0,14412.36,True,False,0.0063,80769.79,0.0059,0.953,0.07958
2026-08-27T17:33:31Z,RIZEUSDT,IMPULSE,NONE,0.0,0.0,0.0,45.0,0.0,201.21,751.06,True,False,0.0,80769.79,0.0059,1.005,0.004894
2026-08-27T17:33:34Z,REDUSDT,COOLING,NONE,0.0,0.0,0.0,10.11,0.0,5619.42,6000.54,True,False,0.0,80769.79,0.0059,1.161,0.10888
2026-08-27T17:33:36Z,CCUSDT,COOLING,NONE,0.0,0.0,0.0,8.64,0.0,1550.33,9152.5,True,False,0.0,80769.79,0.0059,1.916,0.11579
2026-08-27T17:34:06Z,XRPUSDT,COOLING,NONE,0.0,0.0,0.0,2.73,0.68,90864.78,107266.98,True,False,0.0034,80699.99,-0.0864,1.074,1.4629
2026-08-27T17:34:09Z,HBARUSDT,COOLING,NONE,0.0,0.0,0.0,1.26,0.0,44760.87,15292.86,True,False,0.0,80699.99,-0.0864,1.074,0.0796
2026-08-27T17:34:11Z,RIZEUSDT,IMPULSE,NONE,0.0,0.0,0.0,44.9,0.0,203.86,761.94,True,False,0.0,80699.99,-0.0864,1.06,0.0049
2026-08-27T17:34:13Z,REDUSDT,COOLING,NONE,0.0,0.0,0.0,21.12,0.0,5180.46,6122.92,True,False,0.0,80699.99,-0.0864,0.957,0.10913
2026-08-27T17:34:16Z,CCUSDT,COOLING,BUY,0.0,85.72,85.72,8.64,-0.86,1721.15,9292.8,True,True,-0.0043,80699.99,-0.0864,0.953,0.11576
2026-08-27T17:35:24Z,XRPUSDT,COOLING,NONE,0.0,0.0,0.0,2.05,0.0,45149.88,106464.86,True,False,0.0,80601.56,-0.122,1.995,1.4598
2026-08-27T17:35:26Z,HBARUSDT,COOLING,NONE,0.0,0.0,0.0,1.26,0.0,17901.41,22063.02,True,False,0.0,80601.56,-0.122,1.127,0.07948
2026-08-27T17:35:30Z,RIZEUSDT,IMPULSE,NONE,0.0,0.0,0.0,44.9,0.0,203.73,762.11,True,False,0.0,80601.56,-0.122,2.152,0.0049
2026-08-27T17:35:32Z,REDUSDT,COOLING,NONE,0.0,0.0,0.0,12.85,0.0,4776.0,6122.92,True,False,0.0,80601.56,-0.122,1.025,0.1089
2026-08-27T17:35:34Z,CCUSDT,COOLING,NONE,0.0,0.0,0.0,6.92,0.0,1548.39,24575.4,True,False,0.0,80601.56,-0.122,0.986,0.11568
2026-08-27T17:36:03Z,XRPUSDT,COOLING,BUY,0.0,22.0,22.0,4.1,0.68,57650.61,98192.47,True,True,-0.0034,80693.67,0.1143,1.136,1.462
2026-08-27T17:36:05Z,HBARUSDT,COOLING,NONE,0.0,0.0,0.0,1.26,0.0,16803.83,24146.44,True,False,0.0,80693.67,0.1143,0.962,0.07948
2026-08-27T17:36:08Z,RIZEUSDT,IMPULSE,NONE,0.0,0.0,0.0,44.9,0.0,203.73,762.11,True,False,0.0,80693.67,0.1143,1.07,0.004898
2026-08-27T17:36:11Z,REDUSDT,COOLING,NONE,0.0,0.0,0.0,10.07,0.0,7015.82,1531.04,True,False,0.0,80693.67,0.1143,1.075,0.10896
2026-08-27T17:36:14Z,CCUSDT,COOLING,BUY,0.0,44.19,44.19,9.5,-0.86,1848.2,15437.22,True,False,-0.0043,80693.67,0.1143,0.93,0.1158
2026-08-27T17:36:45Z,XRPUSDT,COOLING,NONE,0.0,0.0,0.0,2.05,0.0,60529.18,116798.83,True,False,0.0,80687.71,-0.0074,1.172,1.4615
2026-08-27T17:36:48Z,HBARUSDT,COOLING,BUY,0.0,29.09,29.09,1.26,0.0,16833.3,34146.37,True,False,-0.0251,80687.71,-0.0074,1.16,0.07958
2026-08-27T17:36:50Z,RIZEUSDT,IMPULSE,NONE,0.0,0.0,0.0,44.9,0.0,203.73,762.11,True,False,0.0,80687.71,-0.0074,0.993,0.004898
2026-08-27T17:36:52Z,REDUSDT,COOLING,NONE,0.0,0.0,0.0,11.89,0.0,5810.34,1104.33,True,False,0.0,80687.71,-0.0074,0.918,0.10934
2026-08-27T17:36:54Z,CCUSDT,COOLING,NONE,0.0,0.0,0.0,8.64,0.0,1849.4,9294.8,True,False,0.0,80687.71,-0.0074,1.028,0.11582
2026-08-27T17:37:55Z,XRPUSDT,COOLING,NONE,0.0,0.0,0.0,2.06,0.0,36416.0,100249.2,True,False,0.0,80648.19,-0.049,2.023,1.4601
2026-08-27T17:37:57Z,HBARUSDT,COOLING,NONE,0.0,0.0,0.0,1.26,0.0,34130.46,17893.02,True,False,0.0,80648.19,-0.049,1.031,0.07955
2026-08-27T17:38:00Z,RIZEUSDT,IMPULSE,NONE,0.0,0.0,0.0,28.55,-16.35,203.73,762.11,True,False,0.0816,80648.19,-0.049,1.164,0.004897
2026-08-27T17:38:01Z,REDUSDT,COOLING,NONE,0.0,0.0,0.0,13.75,0.0,6590.74,7045.62,True,False,0.0,80648.19,-0.049,1.027,0.10927
2026-08-27T17:38:03Z,CCUSDT,COOLING,NONE,0.0,0.0,0.0,10.38,0.0,1846.63,1552.26,True,False,0.0,80648.19,-0.049,1.08,0.11562
2026-08-27T17:38:33Z,XRPUSDT,COOLING,NONE,0.0,0.0,0.0,2.74,0.0,73437.71,93794.12,True,False,0.0,80646.33,-0.0023,1.051,1.4599
2026-08-27T17:38:35Z,HBARUSDT,COOLING,NONE,0.0,0.0,0.0,1.26,0.0,15563.63,34365.73,True,False,0.0,80646.33,-0.0023,1.06,0.07955
2026-08-27T17:38:37Z,RIZEUSDT,IMPULSE,NONE,0.0,0.0,0.0,44.9,0.0,203.73,762.11,True,False,0.0,80646.33,-0.0023,1.11,0.004897
2026-08-27T17:38:39Z,REDUSDT,COOLING,NONE,0.0,0.0,0.0,20.17,0.0,6590.74,6207.17,True,False,0.0,80646.33,-0.0023,1.003,0.10927
2026-08-27T17:38:40Z,CCUSDT,COOLING,NONE,0.0,0.0,0.0,8.65,0.0,2389.96,24767.76,True,False,0.0,80646.33,-0.0023,1.108,0.11559
2026-08-27T17:39:14Z,XRPUSDT,COOLING,NONE,0.0,0.0,0.0,2.05,0.0,57143.65,82840.31,True,False,0.0,80642.19,-0.0051,1.015,1.4597
2026-08-27T17:39:16Z,HBARUSDT,COOLING,SELL,61.5,6.06,61.5,1.26,-0.0,43027.46,19342.72,True,False,0.0252,80642.19,-0.0051,1.034,0.07954
2026-08-27T17:39:19Z,RIZEUSDT,IMPULSE,NONE,0.0,0.0,0.0,44.9,0.0,203.73,762.11,True,False,0.0,80642.19,-0.0051,0.956,0.004897
2026-08-27T17:39:23Z,REDUSDT,COOLING,SELL,4.91,0.0,4.91,11.91,-8.25,6590.74,6207.17,True,False,0.0413,80642.19,-0.0051,2.079,0.10907
2026-08-27T17:39:26Z,CCUSDT,COOLING,NONE,0.0,0.0,0.0,9.53,0.0,1784.29,15428.03,True,False,0.0,80642.19,-0.0051,1.063,0.1154
2026-08-27T17:40:30Z,XRPUSDT,COOLING,BUY,0.0,33.42,33.42,2.74,0.68,55941.64,98819.83,True,False,-0.0034,80687.72,0.0565,0.999,1.4619
2026-08-27T17:40:33Z,HBARUSDT,COOLING,NONE,0.0,0.0,0.0,1.26,0.0,20220.03,15929.57,True,False,0.0,80687.72,0.0565,2.073,0.07952
2026-08-27T17:40:37Z,RIZEUSDT,IMPULSE,NONE,0.0,0.0,0.0,44.9,0.0,203.73,762.11,True,False,0.0,80687.72,0.0565,0.93,0.004898
2026-08-27T17:40:40Z,REDUSDT,COOLING,NONE,0.0,0.0,0.0,13.75,0.0,6590.74,7510.25,True,False,0.0,80687.72,0.0565,1.046,0.10906
2026-08-27T17:40:42Z,CCUSDT,COOLING,NONE,0.0,0.0,0.0,8.67,0.0,1554.9,1548.69,True,False,0.0,80687.72,0.0565,0.924,0.1153
2026-08-27T17:41:16Z,XRPUSDT,COOLING,SELL,28.05,0.0,28.05,2.74,0.0,89752.74,86648.53,True,False,-0.0205,80662.12,-0.0317,1.078,1.4617
2026-08-27T17:41:19Z,HBARUSDT,COOLING,NONE,0.0,0.0,0.0,1.26,0.0,53735.51,15856.03,True,False,0.0,80662.12,-0.0317,1.11,0.07957
2026-08-27T17:41:21Z,RIZEUSDT,IMPULSE,NONE,0.0,0.0,0.0,44.7,0.0,209.65,772.79,True,False,0.0,80662.12,-0.0317,0.982,0.004933
2026-08-27T17:41:22Z,REDUSDT,COOLING,NONE,0.0,0.0,0.0,11.93,0.0,5715.83,6987.97,True,False,0.0,80662.12,-0.0317,0.943,0.10906
2026-08-27T17:41:25Z,CCUSDT,COOLING,NONE,0.0,0.0,0.0,6.94,-0.87,1545.41,9254.0,True,False,-0.0043,80662.12,-0.0317,0.973,0.11533
2026-08-27T17:41:58Z,XRPUSDT,COOLING,BUY,0.0,0.39,0.39,0.68,0.0,61614.93,96930.99,True,False,0.0,80591.26,-0.0878,1.968,1.4607
2026-08-27T17:42:00Z,HBARUSDT,COOLING,NONE,0.0,0.0,0.0,1.26,0.0,47770.89,16054.17,True,False,0.0,80591.26,-0.0878,0.976,0.07957
2026-08-27T17:42:03Z,RIZEUSDT,IMPULSE,NONE,0.0,0.0,0.0,52.8,4.05,209.65,772.79,True,False,0.0203,80591.26,-0.0878,1.988,0.004935
2026-08-27T17:42:04Z,REDUSDT,COOLING,NONE,0.0,0.0,0.0,11.93,0.0,5693.11,6452.71,True,False,0.0,80591.26,-0.0878,0.948,0.10895
2026-08-27T17:42:07Z,CCUSDT,COOLING,BUY,0.0,0.01,0.01,6.08,1.74,1543.41,13344.52,True,False,0.0,80591.26,-0.0878,1.965,0.11558
2026-08-27T17:43:10Z,XRPUSDT,COOLING,NONE,0.0,0.0,0.0,1.37,0.69,65156.66,132417.78,True,False,-0.0034,80531.64,-0.074,1.025,1.4591
2026-08-27T17:43:14Z,HBARUSDT,COOLING,NONE,0.0,0.0,0.0,1.26,0.0,47450.76,18685.95,True,False,0.0,80531.64,-0.074,0.995,0.07946
2026-08-27T17:43:16Z,RIZEUSDT,IMPULSE,NONE,0.0,0.0,0.0,44.7,0.0,211.03,777.98,True,False,0.0,80531.64,-0.074,0.947,0.004924
2026-08-27T17:43:19Z,REDUSDT,COOLING,NONE,0.0,0.0,0.0,10.11,0.0,6419.35,6502.16,True,False,0.0,80531.64,-0.074,1.962,0.10889
2026-08-27T17:43:21Z,CCUSDT,COOLING,NONE,0.0,0.0,0.0,0.87,0.0,1439.47,18723.25,True,False,0.0,80531.64,-0.074,1.128,0.11518
2026-08-27T17:43:53Z,XRPUSDT,COOLING,SELL,6.16,0.0,6.16,3.43,0.69,56521.11,81925.78,True,False,-0.0034,80503.24,-0.0353,1.011,1.4582
2026-08-27T17:43:56Z,HBARUSDT,COOLING,NONE,0.0,0.0,0.0,2.52,0.0,48372.38,16098.87,True,False,0.0,80503.24,-0.0353,0.992,0.07935
2026-08-27T17:43:58Z,RIZEUSDT,IMPULSE,NONE,0.0,0.0,0.0,44.7,0.0,211.03,777.98,True,False,0.0,80503.24,-0.0353,1.128,0.004931
2026-08-27T17:44:00Z,REDUSDT,COOLING,NONE,0.0,0.0,0.0,11.96,0.0,6909.05,6205.0,True,False,0.0,80503.24,-0.0353,0.914,0.10889
2026-08-27T17:44:03Z,CCUSDT,COOLING,NONE,0.0,0.0,0.0,6.08,0.0,1541.67,13136.55,True,False,0.0,80503.24,-0.0353,1.003,0.11518
2026-08-27T17:44:33Z,XRPUSDT,COOLING,NONE,0.0,0.0,0.0,2.06,0.69,69973.06,116756.86,True,False,0.0034,80502.21,-0.0013,0.975,1.4569
2026-08-27T17:44:34Z,HBARUSDT,COOLING,SELL,4.98,0.0,4.98,2.52,1.26,35511.12,12889.68,True,False,-0.0189,80502.21,-0.0013,1.039,0.07932
2026-08-27T17:44:36Z,RIZEUSDT,IMPULSE,NONE,0.0,0.0,0.0,44.7,0.0,211.03,777.98,True,False,0.0,80502.21,-0.0013,1.074,0.004931
2026-08-27T17:44:39Z,REDUSDT,COOLING,NONE,0.0,0.0,0.0,13.81,0.0,5829.79,5452.7,True,False,0.0,80502.21,-0.0013,1.008,0.10875
2026-08-27T17:44:41Z,CCUSDT,COOLING,NONE,0.0,0.0,0.0,5.21,0.0,1541.67,9481.21,True,False,0.0,80502.21,-0.0013,0.996,0.1151
2026-08-27T17:45:49Z,XRPUSDT,COOLING,BUY,0.0,1.35,1.35,2.06,0.0,73088.99,112339.1,True,False,-0.0137,80468.56,-0.0418,1.464,1.4568
2026-08-27T17:45:52Z,HBARUSDT,COOLING,BUY,0.0,21.74,21.74,1.26,0.0,48028.96,18932.88,True,False,-0.0126,80468.56,-0.0418,2.238,0.07922
2026-08-27T17:45:55Z,RIZEUSDT,IMPULSE,NONE,0.0,0.0,0.0,44.7,0.0,211.03,777.98,True,False,0.0,80468.56,-0.0418,0.934,0.004922
2026-08-27T17:45:57Z,REDUSDT,COOLING,NONE,0.0,0.0,0.0,11.96,0.0,6586.77,5359.71,True,False,0.0,80468.56,-0.0418,0.97,0.10865
2026-08-27T17:45:58Z,CCUSDT,COOLING,NONE,0.0,0.0,0.0,13.15,0.01,23844.18,15113.82,True,False,-0.0526,80468.56,-0.0418,0.897,0.11423
2026-08-27T17:46:28Z,XRPUSDT,COOLING,NONE,0.0,0.0,0.0,0.69,-1.37,75906.79,73035.63,True,False,0.0069,80422.17,-0.0576,0.97,1.4582
2026-08-27T17:46:32Z,HBARUSDT,COOLING,SELL,10.43,0.0,10.43,1.26,-0.0,31058.18,19708.86,True,False,0.0252,80422.17,-0.0576,2.017,0.07919
2026-08-27T17:46:34Z,RIZEUSDT,IMPULSE,NONE,0.0,0.0,0.0,44.7,0.0,211.03,777.98,True,False,0.0,80422.17,-0.0576,1.004,0.004922
2026-08-27T17:46:38Z,REDUSDT,COOLING,NONE,0.0,0.0,0.0,11.96,0.0,7695.11,5441.44,True,False,0.0,80422.17,-0.0576,0.971,0.10875
2026-08-27T17:46:40Z,CCUSDT,COOLING,NONE,0.0,0.0,0.0,7.89,0.0,14935.86,15038.12,True,False,0.0,80422.17,-0.0576,0.992,0.11396
2026-08-27T17:47:16Z,XRPUSDT,COOLING,NONE,0.0,0.0,0.0,2.06,0.69,26674.23,61152.87,True,False,-0.0034,80465.04,0.0533,1.978,1.4592
2026-08-27T17:47:19Z,HBARUSDT,COOLING,BUY,0.81,25.73,25.73,1.26,0.0,35989.93,21103.27,True,True,0.0,80465.04,0.0533,1.922,0.0793
2026-08-27T17:47:22Z,RIZEUSDT,IMPULSE,NONE,0.0,0.0,0.0,30.45,0.0,200.73,754.81,True,False,0.0,80465.04,0.0533,0.995,0.004918
2026-08-27T17:47:25Z,REDUSDT,COOLING,SELL,10.48,0.0,10.48,10.11,0.0,7004.96,5237.24,True,False,0.0,80465.04,0.0533,1.964,0.10887
2026-08-27T17:47:28Z,CCUSDT,COOLING,SELL,0.51,0.02,0.51,13.16,5.27,14977.18,15044.03,True,False,-0.0526,80465.04,0.0533,1.051,0.11422
2026-08-27T17:48:27Z,XRPUSDT,COOLING,NONE,0.0,0.0,0.0,2.06,0.0,69826.59,114014.36,True,False,0.0,80471.79,0.0084,0.94,1.4583
2026-08-27T17:48:29Z,HBARUSDT,COOLING,NONE,0.0,0.0,0.0,1.26,0.0,34119.62,37224.39,True,False,0.0,80471.79,0.0084,1.041,0.0793
2026-08-27T17:48:31Z,RIZEUSDT,IMPULSE,NONE,0.0,0.0,0.0,44.7,0.0,212.12,782.05,True,False,0.0,80471.79,0.0084,0.969,0.004922
2026-08-27T17:48:33Z,ZBCNUSDT,IMPULSE,BUY,0.0,3.0,3.0,17.66,0.0,642.87,542.75,True,False,0.0,80471.79,0.0084,0.914,0.0021522
2026-08-27T17:48:35Z,REDUSDT,COOLING,NONE,0.0,0.0,0.0,10.11,0.0,7263.82,5281.15,True,False,0.0,80471.79,0.0084,0.992,0.10886
2026-08-27T17:49:07Z,XRPUSDT,COOLING,NONE,0.0,0.0,0.0,2.74,0.0,107243.03,91130.99,True,False,0.0,80458.67,-0.0163,0.96,1.458
2026-08-27T17:49:08Z,HBARUSDT,COOLING,BUY,0.0,55.77,55.77,1.26,0.0,33732.65,30431.09,True,False,0.0,80458.67,-0.0163,0.919,0.07923
2026-08-27T17:49:10Z,RIZEUSDT,IMPULSE,NONE,0.0,0.0,0.0,44.7,0.0,202.53,760.24,True,False,0.0,80458.67,-0.0163,0.954,0.004922
2026-08-27T17:49:12Z,ZBCNUSDT,IMPULSE,NONE,0.0,0.0,0.0,7.44,-0.46,641.67,210.9,True,False,0.0023,80458.67,-0.0163,0.96,0.0021519
2026-08-27T17:49:15Z,REDUSDT,COOLING,NONE,0.0,0.0,0.0,10.11,0.0,7263.82,5281.15,True,False,0.0,80458.67,-0.0163,1.98,0.10886
2026-08-27T17:49:44Z,XRPUSDT,COOLING,NONE,0.0,0.0,0.0,2.06,0.0,77446.02,118295.55,True,False,0.0,80494.3,0.0443,1.012,1.4574
2026-08-27T17:49:46Z,HBARUSDT,COOLING,NONE,0.0,0.0,0.0,1.26,0.0,21400.03,32634.23,True,False,0.0,80494.3,0.0443,0.992,0.07923
2026-08-27T17:49:50Z,RIZEUSDT,IMPULSE,BUY,0.0,0.08,0.08,44.9,0.0,201.27,754.56,True,False,0.0,80494.3,0.0443,1.919,0.004889
2026-08-27T17:49:53Z,ZBCNUSDT,IMPULSE,NONE,0.0,0.0,0.0,27.94,0.0,642.87,527.27,True,False,0.0,80494.3,0.0443,1.957,0.0021478
2026-08-27T17:49:54Z,REDUSDT,COOLING,NONE,0.0,0.0,0.0,10.11,0.0,7263.82,5237.24,True,False,0.0,80494.3,0.0443,0.932,0.10886
2026-08-27T17:50:58Z,XRPUSDT,COOLING,SELL,35.78,0.0,35.78,0.68,-0.0,69781.55,72970.65,True,True,0.0343,80525.0,0.0381,0.938,1.4594
2026-08-27T17:50:59Z,HBARUSDT,COOLING,NONE,0.0,0.0,0.0,1.26,0.0,45979.26,19688.87,True,False,0.0,80525.0,0.0381,0.923,0.0793
2026-08-27T17:51:01Z,RIZEUSDT,IMPULSE,NONE,0.0,0.0,0.0,220.97,-6.18,201.04,739.62,True,False,-0.0313,80525.0,0.0381,0.958,0.004778
2026-08-27T17:51:05Z,ZBCNUSDT,IMPULSE,SELL,31.86,27.24,31.86,29.85,4.23,641.67,547.8,True,True,-0.142,80525.0,0.0381,2.147,0.0021483
2026-08-27T17:51:08Z,REDUSDT,COOLING,NONE,0.0,0.0,0.0,13.75,0.0,6987.46,5911.52,True,False,0.0,80525.0,0.0381,1.918,0.10884
2026-08-27T17:51:40Z,XRPUSDT,COOLING,NONE,0.0,0.0,0.0,1.37,0.0,69076.69,101057.85,True,False,0.0,80500.52,-0.0304,0.922,1.4594
2026-08-27T17:51:43Z,HBARUSDT,COOLING,NONE,0.0,0.0,0.0,1.26,0.0,40883.75,16450.08,True,False,0.0,80500.52,-0.0304,1.028,0.0793
2026-08-27T17:51:46Z,RIZEUSDT,IMPULSE,NONE,0.0,0.0,0.0,45.52,0.0,201.27,742.69,True,False,0.0,80500.52,-0.0304,1.988,0.004822
2026-08-27T17:51:47Z,ZBCNUSDT,IMPULSE,NONE,0.0,0.0,0.0,69.66,0.0,501.44,148.42,True,False,0.0,80500.52,-0.0304,0.959,0.0021707
2026-08-27T17:51:50Z,REDUSDT,COOLING,NONE,0.0,0.0,0.0,11.93,0.0,6904.26,6156.09,True,False,0.0,80500.52,-0.0304,1.073,0.10893
2026-08-27T17:52:18Z,XRPUSDT,COOLING,BUY,0.0,26.63,26.63,2.74,-0.0,94353.41,91603.52,True,True,0.0137,80497.47,-0.0038,0.955,1.4587
2026-08-27T17:52:21Z,HBARUSDT,COOLING,NONE,0.0,0.0,0.0,1.26,0.0,30596.21,18698.88,True,False,0.0,80497.47,-0.0038,1.985,0.07927
2026-08-27T17:52:23Z,RIZEUSDT,IMPULSE,NONE,0.0,0.0,0.0,68.51,0.0,142.02,742.23,True,False,0.0,80497.47,-0.0038,1.03,0.0048
2026-08-27T17:52:26Z,ZBCNUSDT,IMPULSE,NONE,0.0,0.0,0.0,52.56,0.0,510.65,371.82,True,False,0.0,80497.47,-0.0038,0.981,0.0021713
2026-08-27T17:52:28Z,REDUSDT,COOLING,NONE,0.0,0.0,0.0,11.93,0.0,6904.26,6103.57,True,False,0.0,80497.47,-0.0038,0.945,0.10893
2026-08-27T17:53:30Z,XRPUSDT,COOLING,BUY,0.0,37.84,37.84,2.06,0.69,74499.58,102227.8,True,False,0.0034,80473.44,-0.0299,1.214,1.4582
2026-08-27T17:53:33Z,HBARUSDT,COOLING,NONE,0.0,0.0,0.0,1.26,0.0,11133.74,15768.83,True,False,0.0,80473.44,-0.0299,1.032,0.07921
2026-08-27T17:53:35Z,RIZEUSDT,IMPULSE,NONE,0.0,0.0,0.0,47.48,0.0,200.37,741.2,True,False,0.0,80473.44,-0.0299,1.072,0.004837
2026-08-27T17:53:37Z,REDUSDT,COOLING,NONE,0.0,0.0,0.0,10.11,0.0,4720.35,5594.45,True,False,0.0,80473.44,-0.0299,1.139,0.10898
2026-08-27T17:53:40Z,CCUSDT,COOLING,NONE,0.0,0.0,0.0,7.03,0.0,1523.58,15068.1,True,False,0.0,80473.44,-0.0299,0.986,0.11376
2026-08-27T17:54:13Z,XRPUSDT,COOLING,NONE,0.0,0.0,0.0,2.74,0.0,90306.84,100779.67,True,False,0.0,80461.31,-0.0151,1.004,1.458
2026-08-27T17:54:15Z,HBARUSDT,COOLING,NONE,0.0,0.0,0.0,1.26,0.0,40227.98,15833.38,True,False,0.0,80461.31,-0.0151,1.074,0.07914
2026-08-27T17:54:17Z,RIZEUSDT,IMPULSE,NONE,0.0,0.0,0.0,47.48,0.0,200.37,741.2,True,False,0.0,80461.31,-0.0151,1.084,0.004852
2026-08-27T17:54:20Z,REDUSDT,COOLING,NONE,0.0,0.0,0.0,10.11,0.0,4720.35,5594.45,True,False,0.0,80461.31,-0.0151,1.056,0.10885
2026-08-27T17:54:22Z,CCUSDT,COOLING,NONE,0.0,0.0,0.0,5.28,0.88,1523.58,15068.01,True,False,0.0044,80461.31,-0.0151,0.984,0.11376
2026-08-27T17:54:54Z,XRPUSDT,COOLING,NONE,0.0,0.0,0.0,1.37,0.0,72474.15,145216.4,True,False,0.0,80493.38,0.0399,0.939,1.459
2026-08-27T17:54:58Z,HBARUSDT,COOLING,NONE,0.0,0.0,0.0,2.53,0.0,27255.89,34920.61,True,False,0.0,80493.38,0.0399,1.971,0.07914
2026-08-27T17:55:00Z,RIZEUSDT,IMPULSE,NONE,0.0,0.0,0.0,45.1,0.0,143.55,756.34,True,False,0.0,80493.38,0.0399,0.968,0.00488
2026-08-27T17:55:03Z,REDUSDT,COOLING,NONE,0.0,0.0,0.0,10.11,0.0,4720.35,5594.45,True,False,0.0,80493.38,0.0399,0.917,0.10884
2026-08-27T17:55:07Z,CCUSDT,COOLING,SELL,0.0,0.0,0.0,7.04,0.0,1519.66,1525.19,True,False,0.0,80493.38,0.0399,1.956,0.11346
2026-08-27T17:56:09Z,XRPUSDT,COOLING,BUY,0.0,29.2,29.2,2.05,-0.68,53645.88,151234.81,True,True,-0.024,80488.33,-0.0063,0.933,1.4617
2026-08-27T17:56:12Z,HBARUSDT,COOLING,BUY,2.55,5.64,5.64,1.26,0.0,31240.57,17423.6,True,False,-0.0379,80488.33,-0.0063,2.015,0.07923
2026-08-27T17:56:14Z,RIZEUSDT,IMPULSE,BUY,0.0,25.23,25.23,509.03,-17.23,128.79,192.12,True,False,0.0634,80488.33,-0.0063,0.931,0.004851
2026-08-27T17:56:16Z,REDUSDT,COOLING,NONE,0.0,0.0,0.0,10.11,0.0,4720.35,5106.75,True,False,0.0,80488.33,-0.0063,0.969,0.10887
2026-08-27T17:56:18Z,CCUSDT,COOLING,BUY,0.0,39.26,39.26,8.8,-0.88,1814.86,15525.74,True,False,-0.0044,80488.33,-0.0063,0.954,0.1137
2026-08-27T17:56:53Z,XRPUSDT,COOLING,SELL,6.67,0.0,6.67,2.05,0.68,81010.08,77899.82,True,False,0.0103,80503.89,0.0193,0.991,1.4615
2026-08-27T17:56:55Z,HBARUSDT,COOLING,NONE,0.0,0.0,0.0,1.26,0.0,26609.22,22241.95,True,False,0.0,80503.89,0.0193,0.938,0.07919
2026-08-27T17:56:57Z,RIZEUSDT,IMPULSE,NONE,0.0,0.0,0.0,161.75,0.0,137.37,733.76,True,False,0.0,80503.89,0.0193,0.97,0.0048
2026-08-27T17:57:01Z,REDUSDT,COOLING,NONE,0.0,0.0,0.0,10.11,0.0,4720.35,5106.75,True,False,0.0,80503.89,0.0193,0.958,0.10884
2026-08-27T17:57:03Z,CCUSDT,COOLING,NONE,0.0,0.0,0.0,7.04,0.0,1519.43,15439.98,True,False,0.0,80503.89,0.0193,0.986,0.11349
2026-08-27T17:57:36Z,XRPUSDT,COOLING,SELL,3.7,0.0,3.7,2.05,-0.0,119532.89,84171.67,True,False,0.0068,80506.49,0.0032,0.978,1.4611
2026-08-27T17:57:38Z,HBARUSDT,COOLING,NONE,0.0,0.0,0.0,2.52,0.0,45440.49,14393.57,True,False,0.0,80506.49,0.0032,0.924,0.07918
2026-08-27T17:57:39Z,RIZEUSDT,IMPULSE,NONE,0.0,0.0,0.0,380.89,-4.34,62.07,184.6,True,False,0.0213,80506.49,0.0032,0.95,0.004789
2026-08-27T17:57:42Z,REDUSDT,COOLING,NONE,0.0,0.0,0.0,10.11,0.0,4747.7,5106.75,True,False,0.0,80506.49,0.0032,0.957,0.10889
2026-08-27T17:57:45Z,CCUSDT,COOLING,NONE,0.0,0.0,0.0,9.69,0.0,1519.43,1526.28,True,False,0.0,80506.49,0.0032,1.009,0.11349
2026-08-27T17:58:43Z,XRPUSDT,COOLING,NONE,0.0,0.0,0.0,2.74,0.0,57902.97,94695.78,True,False,0.0,80466.28,-0.0499,0.978,1.4596
2026-08-27T17:58:46Z,HBARUSDT,COOLING,NONE,0.0,0.0,0.0,1.26,0.0,26358.08,15409.1,True,False,0.0,80466.28,-0.0499,1.033,0.07915
2026-08-27T17:58:49Z,RIZEUSDT,IMPULSE,NONE,0.0,0.0,0.0,117.16,95.66,78.51,246.96,True,False,0.9353,80466.28,-0.0499,1.991,0.004634
2026-08-27T17:58:52Z,REDUSDT,COOLING,NONE,0.0,0.0,0.0,13.81,0.0,5721.67,5086.66,True,False,0.0,80466.28,-0.0499,0.976,0.10869
2026-08-27T17:58:54Z,CCUSDT,COOLING,NONE,0.0,0.0,0.0,7.92,0.0,1521.14,16006.38,True,False,0.0,80466.28,-0.0499,1.978,0.11358
2026-08-27T17:59:29Z,XRPUSDT,COOLING,SELL,6.83,0.0,6.83,0.69,-2.06,67161.76,55336.85,True,False,-0.0103,80469.07,0.0035,2.032,1.4594
2026-08-27T17:59:31Z,HBARUSDT,COOLING,BUY,0.0,13.64,13.64,1.26,0.0,9433.63,16354.9,True,False,0.0,80469.07,0.0035,0.96,0.07918
2026-08-27T17:59:33Z,RIZEUSDT,IMPULSE,SELL,75.46,0.0,75.46,217.32,-4.35,138.84,246.96,True,False,0.0215,80469.07,0.0035,0.943,0.004704
2026-08-27T17:59:35Z,REDUSDT,COOLING,NONE,0.0,0.0,0.0,20.24,0.0,6319.52,1893.17,True,False,0.0,80469.07,0.0035,0.945,0.10869
2026-08-27T17:59:37Z,CCUSDT,COOLING,NONE,0.0,0.0,0.0,7.92,0.0,1520.22,15723.71,True,False,0.0,80469.07,0.0035,0.923,0.11362
2026-08-27T18:00:07Z,XRPUSDT,COOLING,NONE,0.0,0.0,0.0,2.74,0.0,71427.88,82658.61,True,False,0.0,80436.13,-0.0409,1.026,1.4583
2026-08-27T18:00:09Z,HBARUSDT,COOLING,BUY,0.0,60.15,60.15,1.26,-0.0,11355.72,34879.12,True,False,0.0253,80436.13,-0.0409,0.992,0.07914
2026-08-27T18:00:12Z,RIZEUSDT,IMPULSE,SELL,91.13,0.0,91.13,47.49,0.0,134.07,707.98,True,True,0.0,80436.13,-0.0409,0.943,0.004633
2026-08-27T18:00:14Z,REDUSDT,COOLING,NONE,0.0,0.0,0.0,13.81,0.0,6319.52,5086.66,True,False,0.0,80436.13,-0.0409,0.928,0.10867
2026-08-27T18:00:18Z,CCUSDT,COOLING,SELL,45.14,0.0,45.14,12.34,2.65,15071.35,9419.91,True,False,-0.0484,80436.13,-0.0409,1.992,0.11362
2026-08-27T18:01:19Z,XRPUSDT,COOLING,BUY,8.37,10.88,10.88,2.75,0.0,58040.75,54282.7,True,False,-0.0069,80382.12,-0.0671,0.909,1.456
2026-08-27T18:01:23Z,HBARUSDT,COOLING,BUY,0.0,17.14,17.14,1.26,0.0,17303.45,22192.98,True,False,0.0,80382.12,-0.0671,1.965,0.07914
2026-08-27T18:01:26Z,RIZEUSDT,IMPULSE,NONE,0.0,0.0,0.0,200.87,0.0,55.0,724.94,True,False,0.0,80382.12,-0.0671,1.03,0.004676
2026-08-27T18:01:28Z,REDUSDT,COOLING,NONE,0.0,0.0,0.0,11.96,0.0,6339.37,2384.1,True,False,0.0,80382.12,-0.0671,1.109,0.10876
2026-08-27T18:01:31Z,CCUSDT,COOLING,NONE,0.0,0.0,0.0,4.43,0.0,15031.86,15077.64,True,False,0.0,80382.12,-0.0671,1.966,0.11295
2026-08-27T18:02:03Z,XRPUSDT,COOLING,SELL,1.64,0.0,1.64,2.06,0.69,68779.93,136512.15,True,False,-0.0034,80380.0,-0.0026,0.975,1.4553
2026-08-27T18:02:06Z,HBARUSDT,COOLING,SELL,13.32,0.0,13.32,1.26,0.0,17696.27,26147.7,True,False,0.0,80380.0,-0.0026,0.994,0.07914
2026-08-27T18:02:08Z,RIZEUSDT,IMPULSE,SELL,9.44,0.0,9.44,153.85,-12.71,55.0,246.96,True,False,-0.0641,80380.0,-0.0026,0.963,0.004644
2026-08-27T18:02:10Z,REDUSDT,COOLING,NONE,0.0,0.0,0.0,13.81,0.0,5582.09,5934.04,True,False,0.0,80380.0,-0.0026,0.95,0.10876
2026-08-27T18:02:12Z,CCUSDT,COOLING,SELL,88.65,0.0,88.65,8.86,-6.2,9000.0,15056.81,True,False,0.0221,80380.0,-0.0026,0.932,0.11294
2026-08-27T18:02:42Z,XRPUSDT,COOLING,NONE,0.0,0.0,0.0,2.06,0.69,62989.56,92855.27,True,False,0.0034,80356.02,-0.0298,0.958,1.4557
2026-08-27T18:02:45Z,HBARUSDT,COOLING,BUY,0.0,27.66,27.66,1.26,0.0,22711.04,32929.54,True,False,0.0,80356.02,-0.0298,2.41,0.07915
2026-08-27T18:02:48Z,RIZEUSDT,IMPULSE,NONE,0.0,0.0,0.0,41.62,19.69,50.0,703.06,True,False,0.0987,80356.02,-0.0298,0.92,0.004583
2026-08-27T18:02:50Z,REDUSDT,COOLING,NONE,0.0,0.0,0.0,22.06,0.0,8374.54,4984.81,True,False,0.0,80356.02,-0.0298,0.967,0.10866
2026-08-27T18:02:52Z,CCUSDT,COOLING,NONE,0.0,0.0,0.0,7.08,-0.88,1513.13,15080.69,True,False,-0.0044,80356.02,-0.0298,1.048,0.11294
2026-08-27T18:03:51Z,XRPUSDT,COOLING,BUY,0.0,35.07,35.07,2.75,0.0,90619.2,104649.87,True,False,0.0,80395.24,0.0488,0.98,1.455
2026-08-27T18:03:53Z,HBARUSDT,COOLING,BUY,0.0,58.63,58.63,1.26,0.0,19253.35,30232.76,True,True,-0.0252,80395.24,0.0488,0.973,0.07923
2026-08-27T18:03:57Z,RIZEUSDT,IMPULSE,NONE,0.0,0.0,0.0,43.8,0.0,24.55,706.07,True,False,0.0,80395.24,0.0488,1.956,0.004556
2026-08-27T18:03:59Z,REDUSDT,COOLING,NONE,0.0,0.0,0.0,10.11,0.0,7173.64,6088.07,True,False,0.0,80395.24,0.0488,1.044,0.10884
2026-08-27T18:04:01Z,CCUSDT,COOLING,SELL,86.59,0.0,86.59,13.28,6.2,14780.5,14845.33,True,False,0.031,80395.24,0.0488,1.026,0.11309
2026-08-27T18:04:35Z,XRPUSDT,COOLING,BUY,0.0,24.22,24.22,2.06,0.0,60822.22,111329.44,True,True,0.0,80374.99,-0.0252,2.077,1.4552
2026-08-27T18:04:37Z,HBARUSDT,COOLING,NONE,0.0,0.0,0.0,1.26,0.0,22681.03,25112.9,True,False,0.0,80374.99,-0.0252,0.957,0.0792
2026-08-27T18:04:39Z,RIZEUSDT,IMPULSE,SELL,0.19,0.0,0.19,47.83,0.0,29.34,707.65,True,False,0.0,80374.99,-0.0252,1.935,0.004611
2026-08-27T18:04:41Z,REDUSDT,COOLING,NONE,0.0,0.0,0.0,10.11,0.0,7304.92,6072.66,True,False,0.0,80374.99,-0.0252,0.966,0.10884
2026-08-27T18:04:43Z,CCUSDT,COOLING,NONE,0.0,0.0,0.0,5.31,0.0,14780.52,14845.33,True,False,0.0,80374.99,-0.0252,1.018,0.11297
2026-08-27T18:05:17Z,XRPUSDT,COOLING,BUY,0.0,20.44,20.44,1.38,-0.69,111620.14,71120.63,True,False,0.0034,80357.16,-0.0222,0.938,1.4527
2026-08-27T18:05:19Z,HBARUSDT,COOLING,NONE,0.0,0.0,0.0,1.26,0.0,15282.04,28674.34,True,False,0.0,80357.16,-0.0222,0.967,0.0792
2026-08-27T18:05:21Z,RIZEUSDT,IMPULSE,NONE,0.0,0.0,0.0,36.36,0.0,29.81,144.96,True,False,0.0,80357.16,-0.0222,0.99,0.004685
2026-08-27T18:05:25Z,REDUSDT,COOLING,NONE,0.0,0.0,0.0,20.24,0.0,4762.11,6828.87,True,False,0.0,80357.16,-0.0222,0.984,0.10884
2026-08-27T18:05:27Z,CCUSDT,COOLING,NONE,0.0,0.0,0.0,10.63,0.89,1509.51,1516.84,True,False,0.0044,80357.16,-0.0222,0.97,0.11289
2026-08-27T18:06:27Z,XRPUSDT,COOLING,NONE,0.0,0.0,0.0,1.38,0.0,48515.62,78047.58,True,False,0.0,80362.19,0.0063,1.051,1.4502
2026-08-27T18:06:30Z,HBARUSDT,COOLING,SELL,21.1,0.0,21.1,1.26,0.0,14902.91,33293.63,True,True,0.0,80362.19,0.0063,1.05,0.07915
2026-08-27T18:06:33Z,RIZEUSDT,IMPULSE,SELL,3.17,0.03,3.17,88.63,-20.05,141.35,108.97,True,False,0.0998,80362.19,0.0063,1.944,0.004533
2026-08-27T18:06:35Z,REDUSDT,COOLING,NONE,0.0,0.0,0.0,11.98,0.0,5474.83,7741.3,True,False,0.0,80362.19,0.0063,0.981,0.10866
2026-08-27T18:06:37Z,CCUSDT,COOLING,NONE,0.0,0.0,0.0,9.73,0.0,15314.76,15187.53,True,False,0.0,80362.19,0.0063,0.962,0.11306
2026-08-27T18:07:10Z,XRPUSDT,COOLING,NONE,0.0,0.0,0.0,1.38,0.69,58869.93,76216.07,True,False,0.0034,80374.02,0.0147,1.928,1.4517
2026-08-27T18:07:12Z,HBARUSDT,COOLING,NONE,0.0,0.0,0.0,2.53,0.0,37406.94,12322.55,True,False,0.0,80374.02,0.0147,1.005,0.07921
2026-08-27T18:07:14Z,RIZEUSDT,IMPULSE,NONE,0.0,0.0,0.0,42.03,2.21,138.9,98.35,True,False,0.0111,80374.02,0.0147,1.044,0.004545
2026-08-27T18:07:16Z,REDUSDT,COOLING,NONE,0.0,0.0,0.0,22.1,0.0,6158.87,5611.87,True,False,0.0,80374.02,0.0147,1.024,0.10854
2026-08-27T18:07:18Z,CCUSDT,COOLING,NONE,0.0,0.0,0.0,7.97,0.0,15024.48,1516.08,True,False,0.0,80374.02,0.0147,0.942,0.11304
2026-08-27T18:07:50Z,XRPUSDT,COOLING,SELL,0.01,0.0,0.01,2.75,0.0,52701.7,84298.19,True,False,0.0,80405.0,0.0385,0.984,1.4523
2026-08-27T18:07:53Z,HBARUSDT,COOLING,NONE,0.0,0.0,0.0,1.26,0.0,15950.53,15290.39,True,False,0.0,80405.0,0.0385,1.072,0.07925
2026-08-27T18:07:55Z,RIZEUSDT,IMPULSE,NONE,0.0,0.0,0.0,236.26,-20.71,57.98,96.49,True,False,0.1023,80405.0,0.0385,0.973,0.00447
2026-08-27T18:07:58Z,REDUSDT,COOLING,NONE,0.0,0.0,0.0,11.98,0.0,6158.87,6134.97,True,False,0.0,80405.0,0.0385,0.917,0.10854
2026-08-27T18:08:00Z,CCUSDT,COOLING,NONE,0.0,0.0,0.0,8.85,0.0,1706.51,1569.68,True,False,0.0,80405.0,0.0385,0.924,0.11293
2026-08-27T18:09:23Z,XRPUSDT,COOLING,NONE,0.0,0.0,0.0,2.07,0.69,61836.37,81552.47,True,False,-0.0034,80360.97,-0.0548,0.986,1.4511
2026-08-27T18:09:26Z,HBARUSDT,COOLING,NONE,0.0,0.0,0.0,1.26,0.0,32110.89,15302.83,True,False,0.0,80360.97,-0.0548,0.993,0.07926
2026-08-27T18:09:29Z,QAITUSDT,IMPULSE,SELL,0.0,0.0,0.0,136.0,0.0,222.54,1375.74,True,False,0.0,80360.97,-0.0548,1.071,0.002324
2026-08-27T18:09:31Z,RIZEUSDT,IMPULSE,SELL,14.46,0.0,14.46,48.17,0.0,84.45,130.25,True,False,0.0,80360.97,-0.0548,1.017,0.004578
2026-08-27T18:09:33Z,REDUSDT,COOLING,NONE,0.0,0.0,0.0,11.98,0.0,6149.74,5967.58,True,False,0.0,80360.97,-0.0548,0.982,0.10856
2026-08-27T18:10:06Z,XRPUSDT,COOLING,NONE,0.0,0.0,0.0,2.75,-0.0,76525.28,43435.51,True,False,0.0069,80381.54,0.0256,0.909,1.4524
2026-08-27T18:10:07Z,HBARUSDT,COOLING,NONE,0.0,0.0,0.0,1.26,-1.26,35151.77,26319.53,True,False,0.0063,80381.54,0.0256,0.928,0.07927
2026-08-27T18:10:09Z,QAITUSDT,IMPULSE,NONE,0.0,0.0,0.0,136.0,0.0,220.54,1375.74,True,False,0.0,80381.54,0.0256,0.908,0.002369
2026-08-27T18:10:13Z,RIZEUSDT,IMPULSE,NONE,0.0,0.0,0.0,49.52,0.0,72.01,100.93,True,False,0.0,80381.54,0.0256,0.997,0.004631
2026-08-27T18:10:14Z,REDUSDT,COOLING,NONE,0.0,0.0,0.0,20.27,0.0,5141.44,5435.15,True,False,0.0,80381.54,0.0256,0.96,0.10853
2026-08-27T18:10:46Z,XRPUSDT,COOLING,NONE,0.0,0.0,0.0,2.76,-0.69,62826.0,121755.73,True,False,0.0034,80330.11,-0.064,0.923,1.4515
2026-08-27T18:10:48Z,HBARUSDT,COOLING,SELL,4.5,0.0,4.5,1.26,0.0,40169.06,13007.0,True,False,-0.0253,80330.11,-0.064,0.963,0.07927
2026-08-27T18:10:50Z,QAITUSDT,IMPULSE,NONE,0.0,0.0,0.0,12.67,0.0,220.54,1375.74,True,False,0.0,80330.11,-0.064,0.975,0.002369
2026-08-27T18:10:52Z,RIZEUSDT,IMPULSE,NONE,0.0,0.0,0.0,47.14,0.0,78.3,95.01,True,False,0.0,80330.11,-0.064,0.99,0.004656
2026-08-27T18:10:54Z,REDUSDT,COOLING,NONE,0.0,0.0,0.0,20.27,0.0,5141.44,5435.15,True,False,0.0,80330.11,-0.064,1.031,0.10853
2026-08-27T18:12:13Z,XRPUSDT,COOLING,SELL,10.26,0.0,10.26,1.38,-0.69,80664.73,61618.56,True,False,-0.0103,80308.56,-0.0268,0.958,1.4507
2026-08-27T18:12:16Z,HBARUSDT,COOLING,NONE,0.0,0.0,0.0,2.53,0.0,35416.34,17296.37,True,False,0.0,80308.56,-0.0268,1.016,0.07918
2026-08-27T18:12:19Z,RIZEUSDT,IMPULSE,NONE,0.0,0.0,0.0,38.83,-8.65,77.72,53.07,True,False,0.0432,80308.56,-0.0268,1.017,0.004648
2026-08-27T18:12:22Z,ZBCNUSDT,IMPULSE,NONE,0.0,0.0,0.0,20.42,0.0,881.47,206.39,True,False,0.0,80308.56,-0.0268,0.915,0.0021557
2026-08-27T18:12:24Z,REDUSDT,COOLING,NONE,0.0,0.0,0.0,12.92,0.0,5971.19,6225.18,True,False,0.0,80308.56,-0.0268,1.037,0.10836
2026-08-27T18:12:55Z,XRPUSDT,COOLING,SELL,23.87,3.56,23.87,1.38,-2.07,77934.42,95186.25,True,True,0.0172,80283.66,-0.031,1.99,1.4487
2026-08-27T18:12:56Z,HBARUSDT,COOLING,NONE,0.0,0.0,0.0,1.26,0.0,42835.75,18156.49,True,False,0.0,80283.66,-0.031,0.914,0.07915
2026-08-27T18:12:58Z,RIZEUSDT,IMPULSE,SELL,52.86,0.0,52.86,32.12,0.0,151.4,153.9,True,False,0.0,80283.66,-0.031,0.911,0.004678
2026-08-27T18:13:00Z,ZBCNUSDT,IMPULSE,NONE,0.0,0.0,0.0,21.35,0.0,881.47,206.25,True,False,0.0,80283.66,-0.031,0.989,0.0021552
2026-08-27T18:13:02Z,REDUSDT,COOLING,NONE,0.0,0.0,0.0,13.86,0.0,6187.04,5016.79,True,False,0.0,80283.66,-0.031,0.934,0.10835
2026-08-27T18:13:35Z,XRPUSDT,COOLING,NONE,0.0,0.0,0.0,0.69,-2.08,88303.51,87967.87,True,False,0.0035,80207.46,-0.0949,0.945,1.4457
2026-08-27T18:13:37Z,HBARUSDT,COOLING,NONE,0.0,0.0,0.0,1.27,0.0,12898.27,32981.76,True,False,0.0,80207.46,-0.0949,0.973,0.07904
2026-08-27T18:13:40Z,RIZEUSDT,IMPULSE,NONE,0.0,0.0,0.0,81.69,-14.97,78.11,132.09,True,False,-0.0752,80207.46,-0.0949,0.986,0.004633
2026-08-27T18:13:43Z,ZBCNUSDT,IMPULSE,SELL,35.14,0.25,35.14,55.36,-13.54,106.93,206.14,True,False,0.0675,80207.46,-0.0949,0.984,0.0021417
2026-08-27T18:13:45Z,REDUSDT,COOLING,NONE,0.0,0.0,0.0,12.02,1.84,6154.57,5489.2,True,False,0.0925,80207.46,-0.0949,1.032,0.10825
2026-08-27T18:14:53Z,XRPUSDT,COOLING,BUY,36.29,40.73,40.73,2.77,0.0,124750.65,68380.67,True,False,-0.0277,80060.32,-0.1834,0.958,1.4439
2026-08-27T18:14:56Z,HBARUSDT,COOLING,NONE,0.0,0.0,0.0,1.27,0.0,35250.92,14930.55,True,False,0.0,80060.32,-0.1834,0.981,0.0788
2026-08-27T18:14:59Z,QAITUSDT,IMPULSE,NONE,0.0,0.0,0.0,63.57,0.0,220.54,1375.74,True,False,0.0,80060.32,-0.1834,0.973,0.002346
2026-08-27T18:15:03Z,RIZEUSDT,IMPULSE,BUY,0.0,17.0,17.0,101.48,-12.88,83.79,95.01,True,False,-0.0647,80060.32,-0.1834,2.566,0.004667
2026-08-27T18:15:05Z,ZBCNUSDT,IMPULSE,BUY,0.0,9.26,9.26,34.86,-2.32,356.74,255.45,True,False,-0.007,80060.32,-0.1834,1.983,0.0021531
2026-08-27T18:15:38Z,XRPUSDT,COOLING,BUY,15.28,24.55,24.55,2.77,1.38,94908.38,96511.62,True,False,0.0069,80139.99,0.0995,0.98,1.4456
2026-08-27T18:15:41Z,HBARUSDT,COOLING,NONE,0.0,0.0,0.0,2.53,0.0,35577.46,25371.11,True,False,0.0,80139.99,0.0995,0.97,0.07893
2026-08-27T18:15:43Z,QAITUSDT,IMPULSE,NONE,0.0,0.0,0.0,63.57,0.0,220.54,1375.74,True,False,0.0,80139.99,0.0995,1.023,0.002346
2026-08-27T18:15:45Z,RIZEUSDT,IMPULSE,NONE,0.0,0.0,0.0,46.48,0.0,88.06,246.86,True,False,0.0,80139.99,0.0995,0.995,0.004722
2026-08-27T18:15:47Z,ZBCNUSDT,IMPULSE,BUY,0.0,2.68,2.68,7.91,-0.46,47.09,218.36,True,False,-0.0023,80139.99,0.0995,0.934,0.0021504
2026-08-27T18:16:17Z,XRPUSDT,COOLING,BUY,29.26,53.65,53.65,2.77,0.69,89030.58,130636.12,True,False,-0.0242,80104.71,-0.044,1.001,1.4439
2026-08-27T18:16:21Z,HBARUSDT,COOLING,NONE,0.0,0.0,0.0,1.27,0.0,16567.8,11516.14,True,False,-0.0127,80104.71,-0.044,1.136,0.07893
2026-08-27T18:16:23Z,QAITUSDT,IMPULSE,NONE,0.0,0.0,0.0,63.57,0.0,220.54,1375.74,True,False,0.0,80104.71,-0.044,0.974,0.002346
2026-08-27T18:16:24Z,RIZEUSDT,IMPULSE,NONE,0.0,0.0,0.0,40.44,0.0,78.9,153.82,True,False,0.0,80104.71,-0.044,0.948,0.004678
2026-08-27T18:16:27Z,ZBCNUSDT,IMPULSE,NONE,0.0,0.0,0.0,21.83,0.0,47.09,205.87,True,False,0.0,80104.71,-0.044,0.92,0.0021544
2026-08-27T18:17:28Z,XRPUSDT,COOLING,BUY,0.0,9.97,9.97,5.55,2.08,79310.97,120183.22,True,False,0.0035,79955.31,-0.1865,0.967,1.4398
2026-08-27T18:17:31Z,HBARUSDT,COOLING,NONE,0.0,0.0,0.0,1.27,0.0,45260.3,9128.5,True,False,0.0,79955.31,-0.1865,1.966,0.0787
2026-08-27T18:17:35Z,QAITUSDT,IMPULSE,NONE,0.0,0.0,0.0,63.57,0.0,220.54,1375.74,True,False,0.0,79955.31,-0.1865,1.947,0.002346
2026-08-27T18:17:39Z,RIZEUSDT,IMPULSE,NONE,0.0,0.0,0.0,38.27,-17.02,90.0,153.82,True,False,0.0213,79955.31,-0.1865,0.986,0.0047
2026-08-27T18:17:41Z,ZBCNUSDT,IMPULSE,NONE,0.0,0.0,0.0,0.47,0.0,377.75,205.93,True,False,0.0,79955.31,-0.1865,0.996,0.0021455
2026-08-27T18:18:14Z,XRPUSDT,COOLING,SELL,13.0,0.0,13.0,0.69,-0.69,77603.34,42892.31,True,False,-0.0729,79905.72,-0.062,1.023,1.4415
2026-08-27T18:18:17Z,HBARUSDT,COOLING,NONE,0.0,0.0,0.0,1.27,0.0,15953.99,13261.91,True,False,0.0,79905.72,-0.062,0.986,0.0787
2026-08-27T18:18:18Z,QAITUSDT,IMPULSE,NONE,0.0,0.0,0.0,144.68,0.0,220.54,1375.74,True,False,0.0,79905.72,-0.062,0.964,0.002333
2026-08-27T18:18:20Z,RIZEUSDT,IMPULSE,NONE,0.0,0.0,0.0,133.55,-10.46,90.0,246.86,True,False,-0.0953,79905.72,-0.062,1.003,0.004738
2026-08-27T18:18:22Z,ZBCNUSDT,IMPULSE,NONE,0.0,0.0,0.0,26.5,-4.66,400.37,205.93,True,False,0.0186,79905.72,-0.062,0.953,0.0021519
2026-08-27T18:18:52Z,XRPUSDT,COOLING,SELL,5.56,0.0,5.56,1.39,-1.39,61528.59,89070.4,True,False,0.0139,79946.69,0.0513,0.963,1.4409
2026-08-27T18:18:54Z,HBARUSDT,COOLING,BUY,13.0,43.98,43.98,1.27,0.0,46213.6,27806.03,True,False,-0.0127,79946.69,0.0513,0.959,0.0787
2026-08-27T18:18:56Z,QAITUSDT,IMPULSE,SELL,11.76,0.0,11.76,63.76,0.0,260.0,1375.74,True,False,0.0,79946.69,0.0513,1.291,0.002333
2026-08-27T18:18:58Z,RIZEUSDT,IMPULSE,NONE,0.0,0.0,0.0,104.96,-29.7,77.49,95.01,True,False,-0.2137,79946.69,0.0513,0.952,0.004657
2026-08-27T18:19:00Z,ZBCNUSDT,IMPULSE,SELL,85.56,0.0,85.56,25.56,0.0,377.75,82.76,True,True,0.0,79946.69,0.0513,1.0,0.0021531
2026-08-27T18:20:04Z,XRPUSDT,COOLING,SELL,3.09,0.0,3.09,2.77,0.69,39748.79,67292.22,True,False,0.0104,79901.31,-0.0568,1.595,1.441
2026-08-27T18:20:07Z,HBARUSDT,COOLING,SELL,15.89,0.46,15.89,5.09,3.82,42761.65,17170.94,True,True,-0.0191,79901.31,-0.0568,1.009,0.0787
2026-08-27T18:20:09Z,QAITUSDT,IMPULSE,NONE,0.0,0.0,0.0,63.76,0.0,220.54,1375.74,True,False,0.0,79901.31,-0.0568,1.003,0.002333
2026-08-27T18:20:13Z,RIZEUSDT,IMPULSE,NONE,0.0,0.0,0.0,34.45,0.0,76.99,44.65,True,False,0.0,79901.31,-0.0568,2.012,0.004655
2026-08-27T18:20:17Z,ZBCNUSDT,IMPULSE,NONE,0.0,0.0,0.0,21.42,0.0,377.75,205.93,True,False,0.0,79901.31,-0.0568,0.965,0.0021477
2026-08-27T18:20:52Z,XRPUSDT,COOLING,SELL,2.47,0.0,2.47,2.78,-0.69,95262.68,85733.6,True,False,0.0035,79849.3,-0.0651,0.987,1.4413
2026-08-27T18:20:54Z,HBARUSDT,COOLING,SELL,16.37,0.0,16.37,1.27,0.0,49547.3,21407.29,True,False,-0.0127,79849.3,-0.0651,0.944,0.07866
2026-08-27T18:20:56Z,QAITUSDT,IMPULSE,NONE,0.0,0.0,0.0,63.76,0.0,260.0,1375.74,True,False,0.0,79849.3,-0.0651,1.07,0.002333
2026-08-27T18:20:58Z,RIZEUSDT,IMPULSE,NONE,0.0,0.0,0.0,129.42,14.94,128.07,244.1,True,False,-0.0742,79849.3,-0.0651,0.933,0.00474
2026-08-27T18:21:00Z,ZBCNUSDT,IMPULSE,BUY,0.0,73.92,73.92,20.94,0.0,377.75,217.31,True,True,0.0,79849.3,-0.0651,0.954,0.0021488
2026-08-27T18:21:35Z,XRPUSDT,COOLING,SELL,22.04,17.63,22.04,2.09,-0.0,77061.61,92268.46,True,False,0.0139,79765.76,-0.1046,0.956,1.4373
2026-08-27T18:21:37Z,HBARUSDT,COOLING,NONE,0.0,0.0,0.0,1.27,-0.0,49020.38,12893.22,True,False,0.0127,79765.76,-0.1046,0.956,0.07854
2026-08-27T18:21:40Z,QAITUSDT,IMPULSE,SELL,15.01,0.0,15.01,63.76,0.0,260.0,1375.74,True,True,0.0,79765.76,-0.1046,1.011,0.002333
2026-08-27T18:21:43Z,RIZEUSDT,IMPULSE,SELL,0.0,0.0,0.0,194.89,-65.64,77.15,244.1,True,False,0.2605,79765.76,-0.1046,0.974,0.004644
2026-08-27T18:21:45Z,ZBCNUSDT,IMPULSE,NONE,0.0,0.0,0.0,15.37,-1.86,377.75,64.12,True,False,-0.0093,79765.76,-0.1046,0.968,0.0021506
2026-08-27T18:22:51Z,XRPUSDT,COOLING,BUY,0.0,24.92,24.92,2.08,-0.69,87300.39,109483.71,True,False,0.0174,79891.3,0.1574,1.177,1.4399
2026-08-27T18:22:54Z,HBARUSDT,COOLING,NONE,0.0,0.0,0.0,1.27,0.0,44780.32,14467.66,True,False,0.0,79891.3,0.1574,1.006,0.07854
2026-08-27T18:22:57Z,QAITUSDT,IMPULSE,NONE,0.0,0.0,0.0,63.76,0.0,260.0,1375.74,True,False,0.0,79891.3,0.1574,0.973,0.00236
2026-08-27T18:23:01Z,RIZEUSDT,IMPULSE,SELL,0.04,0.0,0.04,120.17,-41.1,137.43,244.1,True,False,0.2043,79891.3,0.1574,2.037,0.004696
2026-08-27T18:23:04Z,ZBCNUSDT,IMPULSE,NONE,0.0,0.0,0.0,16.74,0.0,377.75,63.99,True,False,0.0,79891.3,0.1574,0.945,0.0021513
2026-08-27T18:23:38Z,XRPUSDT,COOLING,SELL,8.56,0.0,8.56,2.77,0.0,75727.49,82708.34,True,False,-0.0069,79966.87,0.0946,1.947,1.4433
2026-08-27T18:23:40Z,HBARUSDT,COOLING,NONE,0.0,0.0,0.0,1.27,0.0,38754.51,13874.08,True,False,0.0,79966.87,0.0946,0.956,0.0786
2026-08-27T18:23:42Z,QAITUSDT,IMPULSE,NONE,0.0,0.0,0.0,63.57,0.0,220.54,1001.1,True,False,0.0,79966.87,0.0946,0.956,0.002367
2026-08-27T18:23:44Z,RIZEUSDT,IMPULSE,NONE,0.0,0.0,0.0,38.46,0.0,110.0,244.1,True,False,0.0,79966.87,0.0946,0.991,0.004722
2026-08-27T18:23:46Z,ZBCNUSDT,IMPULSE,SELL,0.01,0.0,0.01,29.28,13.93,32.17,205.86,True,False,0.0465,79966.87,0.0946,0.983,0.0021507
2026-08-27T18:24:19Z,XRPUSDT,COOLING,BUY,35.64,71.19,71.19,2.08,-0.69,91262.22,122969.14,True,False,0.0312,79907.73,-0.074,0.982,1.4421
2026-08-27T18:24:21Z,HBARUSDT,COOLING,NONE,0.0,0.0,0.0,1.27,0.0,45987.03,36401.93,True,False,0.0,79907.73,-0.074,0.919,0.07863
2026-08-27T18:24:23Z,QAITUSDT,IMPULSE,NONE,0.0,0.0,0.0,63.57,0.0,220.54,1375.74,True,False,0.0,79907.73,-0.074,1.012,0.002367
2026-08-27T18:24:26Z,RIZEUSDT,IMPULSE,SELL,43.53,0.0,43.53,115.15,-6.48,247.13,53.19,True,False,-0.0326,79907.73,-0.074,1.026,0.00464
2026-08-27T18:24:29Z,ZBCNUSDT,IMPULSE,BUY,0.0,0.04,0.04,17.19,0.0,32.14,205.9,True,False,0.0,79907.73,-0.074,2.1,0.0021539
2026-08-27T18:25:28Z,XRPUSDT,COOLING,NONE,0.0,0.0,0.0,2.08,0.0,95321.0,134016.63,True,False,0.0,79943.92,0.0453,0.92,1.4444
2026-08-27T18:25:30Z,HBARUSDT,COOLING,SELL,25.44,0.0,25.44,1.27,-1.27,37839.56,31310.73,True,False,0.0318,79943.92,0.0453,1.996,0.07872
2026-08-27T18:25:32Z,RIZEUSDT,IMPULSE,NONE,0.0,0.0,0.0,113.69,-26.08,77.86,241.2,True,False,-0.1092,79943.92,0.0453,0.978,0.004533
2026-08-27T18:25:34Z,WUSDT,COOLING,NONE,0.0,0.0,0.0,14.62,0.0,14447.62,63632.99,True,False,0.0,79943.92,0.0453,0.982,0.009585
2026-08-27T18:25:36Z,REDUSDT,COOLING,NONE,0.0,0.0,0.0,21.32,-0.93,6358.51,1926.93,True,False,-0.0046,79943.92,0.0453,0.965,0.10764
2026-08-27T18:26:12Z,XRPUSDT,COOLING,NONE,0.0,0.0,0.0,2.08,-0.69,54804.17,80433.51,True,False,-0.0104,79928.68,-0.0191,0.95,1.4429
2026-08-27T18:26:15Z,HBARUSDT,COOLING,NONE,0.0,0.0,0.0,1.27,0.0,31256.02,19460.09,True,False,0.0,79928.68,-0.0191,0.968,0.07872
2026-08-27T18:26:19Z,RIZEUSDT,IMPULSE,SELL,10.65,0.0,10.65,74.45,0.0,97.84,241.2,True,False,0.0,79928.68,-0.0191,1.943,0.004544
2026-08-27T18:26:21Z,WUSDT,COOLING,NONE,0.0,0.0,0.0,13.58,0.0,9032.5,63632.99,True,False,0.0,79928.68,-0.0191,0.966,0.00958
2026-08-27T18:26:24Z,REDUSDT,COOLING,NONE,0.0,0.0,0.0,26.9,0.0,6953.19,6531.65,True,False,0.0,79928.68,-0.0191,2.017,0.10792
2026-08-27T18:27:01Z,XRPUSDT,COOLING,SELL,66.36,0.0,66.36,2.77,0.69,117889.67,84862.44,True,False,0.052,79909.08,-0.0245,0.966,1.4432
2026-08-27T18:27:03Z,HBARUSDT,COOLING,NONE,0.0,0.0,0.0,1.27,0.0,44804.15,33020.91,True,False,0.0,79909.08,-0.0245,1.137,0.07863
2026-08-27T18:27:05Z,RIZEUSDT,IMPULSE,NONE,0.0,0.0,0.0,155.75,-4.42,133.23,241.2,True,False,0.0219,79909.08,-0.0245,0.916,0.00461
2026-08-27T18:27:07Z,WUSDT,COOLING,NONE,0.0,0.0,0.0,14.61,0.0,17142.06,63023.77,True,False,0.0,79909.08,-0.0245,0.993,0.00958
2026-08-27T18:27:11Z,REDUSDT,COOLING,NONE,0.0,0.0,0.0,15.76,0.0,6487.79,6023.86,True,False,0.0,79909.08,-0.0245,1.967,0.10777
2026-08-27T18:28:22Z,XRPUSDT,COOLING,NONE,0.0,0.0,0.0,2.08,-0.69,85103.38,103078.68,True,False,-0.0104,79925.01,0.0199,1.983,1.4426
2026-08-27T18:28:24Z,HBARUSDT,COOLING,NONE,0.0,0.0,0.0,1.27,0.0,49759.21,11122.89,True,False,0.0,79925.01,0.0199,0.933,0.07859
2026-08-27T18:28:26Z,RIZEUSDT,IMPULSE,NONE,0.0,0.0,0.0,241.07,-13.14,134.94,238.86,True,False,0.0435,79925.01,0.0199,1.016,0.004557
2026-08-27T18:28:28Z,ZBCNUSDT,IMPULSE,NONE,0.0,0.0,0.0,14.42,-3.72,63.59,78.0,True,False,-0.0093,79925.01,0.0199,0.941,0.0021501
2026-08-27T18:28:30Z,WUSDT,COOLING,NONE,0.0,0.0,0.0,11.49,0.0,10646.62,63588.82,True,False,0.0,79925.01,0.0199,1.0,0.009576
2026-08-27T18:29:04Z,XRPUSDT,COOLING,NONE,0.0,0.0,0.0,2.08,0.0,77286.31,50400.75,True,False,-0.0069,79940.0,0.0188,0.935,1.4435
2026-08-27T18:29:06Z,HBARUSDT,COOLING,NONE,0.0,0.0,0.0,1.27,0.0,47297.13,18315.78,True,False,0.0,79940.0,0.0188,1.022,0.0786
2026-08-27T18:29:09Z,RIZEUSDT,IMPULSE,NONE,0.0,0.0,0.0,56.52,0.0,134.91,238.86,True,False,0.0,79940.0,0.0188,1.97,0.0046
2026-08-27T18:29:12Z,ZBCNUSDT,IMPULSE,BUY,0.0,3.05,3.05,14.89,0.0,63.59,182.45,True,False,0.0,79940.0,0.0188,2.006,0.0021497
2026-08-27T18:29:14Z,WUSDT,COOLING,NONE,0.0,0.0,0.0,13.58,0.0,16478.29,63632.99,True,False,0.0,79940.0,0.0188,0.968,0.009576
2026-08-27T18:29:47Z,XRPUSDT,COOLING,NONE,0.0,0.0,0.0,0.69,-0.69,101774.79,86119.5,True,False,-0.0035,79900.0,-0.05,0.944,1.4426
2026-08-27T18:29:49Z,HBARUSDT,COOLING,NONE,0.0,0.0,0.0,1.27,0.0,49421.44,17959.97,True,False,0.0,79900.0,-0.05,0.953,0.07856
2026-08-27T18:29:52Z,RIZEUSDT,IMPULSE,NONE,0.0,0.0,0.0,116.81,0.0,165.11,238.86,True,False,0.0,79900.0,-0.05,0.978,0.004574
2026-08-27T18:29:54Z,ZBCNUSDT,IMPULSE,SELL,99.04,0.0,99.04,47.69,-1.4,2135.4,86.31,True,False,0.0023,79900.0,-0.05,0.96,0.0021408
2026-08-27T18:29:57Z,WUSDT,COOLING,NONE,0.0,0.0,0.0,9.4,0.0,16478.29,63632.99,True,False,0.0,79900.0,-0.05,1.13,0.009574
2026-08-27T18:31:00Z,XRPUSDT,COOLING,NONE,0.0,0.0,0.0,2.77,-0.0,80951.65,62908.48,True,False,0.0069,79933.93,0.0425,2.029,1.4443
2026-08-27T18:31:03Z,HBARUSDT,COOLING,NONE,0.0,0.0,0.0,1.27,-1.27,47096.52,12750.23,True,False,0.0064,79933.93,0.0425,1.126,0.07855
2026-08-27T18:31:06Z,RIZEUSDT,IMPULSE,NONE,0.0,0.0,0.0,55.24,0.0,138.54,157.1,True,False,0.0,79933.93,0.0425,2.005,0.004708
2026-08-27T18:31:10Z,ZBCNUSDT,IMPULSE,SELL,4.87,0.0,4.87,39.75,-0.94,69.31,143.06,True,False,0.0047,79933.93,0.0425,0.955,0.0021394
2026-08-27T18:31:13Z,WUSDT,COOLING,NONE,0.0,0.0,0.0,13.58,0.0,16061.74,63023.77,True,False,0.0,79933.93,0.0425,2.396,0.009579
2026-08-27T18:31:45Z,XRPUSDT,COOLING,NONE,0.0,0.0,0.0,1.39,-0.69,74995.0,112755.92,True,False,0.0104,79940.0,0.0076,1.013,1.4438
2026-08-27T18:31:47Z,HBARUSDT,COOLING,SELL,28.84,0.0,28.84,1.27,0.0,33867.42,12672.26,True,False,0.0,79940.0,0.0076,1.101,0.0786
2026-08-27T18:31:51Z,RIZEUSDT,IMPULSE,NONE,0.0,0.0,0.0,54.77,0.0,140.07,144.78,True,False,0.0,79940.0,0.0076,1.497,0.004759
2026-08-27T18:31:56Z,ZBCNUSDT,IMPULSE,NONE,0.0,0.0,0.0,26.18,-0.94,2135.4,42.27,True,False,0.0047,79940.0,0.0076,4.339,0.00214
2026-08-27T18:31:58Z,WUSDT,COOLING,NONE,0.0,0.0,0.0,11.48,3.13,18240.81,63067.9,True,False,0.0157,79940.0,0.0076,0.967,0.00958
2026-08-27T18:32:28Z,XRPUSDT,COOLING,NONE,0.0,0.0,0.0,2.77,0.69,84186.58,88739.51,True,False,-0.0035,79939.99,-0.0,0.955,1.4448
2026-08-27T18:32:30Z,HBARUSDT,COOLING,NONE,0.0,0.0,0.0,1.27,0.0,18333.48,12016.52,True,False,0.0,79939.99,-0.0,0.991,0.0786
2026-08-27T18:32:33Z,RIZEUSDT,IMPULSE,NONE,0.0,0.0,0.0,56.88,4.22,140.04,145.56,True,False,-0.0211,79939.99,-0.0,1.01,0.004759
2026-08-27T18:32:35Z,ZBCNUSDT,IMPULSE,BUY,0.0,5.44,5.44,21.93,-0.93,69.65,150.8,True,False,0.0,79939.99,-0.0,0.943,0.0021439
2026-08-27T18:32:36Z,WUSDT,COOLING,NONE,0.0,0.0,0.0,11.49,-6.26,16469.16,63023.77,True,False,-0.0313,79939.99,-0.0,0.964,0.009581
2026-08-27T18:33:43Z,XRPUSDT,COOLING,NONE,0.0,0.0,0.0,3.47,0.0,87329.69,48685.67,True,False,0.0,79870.84,-0.0865,0.928,1.443
2026-08-27T18:33:45Z,HBARUSDT,COOLING,NONE,0.0,0.0,0.0,1.27,0.0,40283.44,14829.22,True,False,0.0,79870.84,-0.0865,0.973,0.07858
2026-08-27T18:33:48Z,RIZEUSDT,IMPULSE,SELL,43.03,0.0,43.03,54.77,0.0,139.62,145.17,True,True,0.0,79870.84,-0.0865,0.979,0.004746
2026-08-27T18:33:50Z,ZBCNUSDT,IMPULSE,NONE,0.0,0.0,0.0,6.55,0.0,2136.65,71.85,True,False,0.0,79870.84,-0.0865,1.099,0.0021378
2026-08-27T18:33:53Z,WUSDT,COOLING,NONE,0.0,0.0,0.0,11.51,0.0,8881.54,64057.03,True,False,0.0,79870.84,-0.0865,0.97,0.00956
2026-08-27T18:34:29Z,XRPUSDT,COOLING,NONE,0.0,0.0,0.0,2.08,-0.0,81022.95,82560.32,True,False,0.0139,79841.17,-0.0371,0.994,1.4411
2026-08-27T18:34:31Z,HBARUSDT,COOLING,SELL,23.4,0.0,23.4,1.27,-0.0,34637.19,17557.82,True,False,0.0127,79841.17,-0.0371,1.044,0.07846
2026-08-27T18:34:33Z,RIZEUSDT,IMPULSE,SELL,0.94,0.0,0.94,56.56,0.0,140.16,145.95,True,False,0.0,79841.17,-0.0371,1.006,0.00476
2026-08-27T18:34:35Z,ZBCNUSDT,IMPULSE,SELL,0.0,0.0,0.0,2.81,-0.47,2135.4,58.09,True,False,-0.0023,79841.17,-0.0371,0.93,0.0021388
2026-08-27T18:34:38Z,WUSDT,COOLING,NONE,0.0,0.0,0.0,9.41,0.0,9687.47,63494.5,True,False,0.0,79841.17,-0.0371,2.033,0.009558
2026-08-27T18:35:11Z,XRPUSDT,COOLING,NONE,0.0,0.0,0.0,2.08,0.0,55995.14,58511.04,True,False,0.0,79859.68,0.0232,0.931,1.4411
2026-08-27T18:35:14Z,HBARUSDT,COOLING,NONE,0.0,0.0,0.0,1.27,0.0,13882.8,21306.58,True,False,0.0,79859.68,0.0232,1.132,0.0785
2026-08-27T18:35:17Z,RIZEUSDT,IMPULSE,BUY,0.01,0.13,0.13,39.95,-14.68,139.77,145.95,True,False,-0.0735,79859.68,0.0232,2.0,0.00476
2026-08-27T18:35:19Z,ZBCNUSDT,IMPULSE,NONE,0.0,0.0,0.0,24.83,0.0,2135.4,61.8,True,False,0.0,79859.68,0.0232,0.994,0.002137
2026-08-27T18:35:21Z,WUSDT,COOLING,NONE,0.0,0.0,0.0,11.5,0.0,9687.47,63494.5,True,False,0.0,79859.68,0.0232,1.036,0.009558
2026-08-27T18:36:22Z,XRPUSDT,COOLING,BUY,0.0,0.2,0.2,2.08,0.0,74340.82,98070.57,True,False,0.0,79954.13,0.1183,0.957,1.444
2026-08-27T18:36:24Z,HBARUSDT,COOLING,NONE,0.0,0.0,0.0,1.27,0.0,44466.54,21363.54,True,False,0.0,79954.13,0.1183,0.989,0.07856
2026-08-27T18:36:27Z,RIZEUSDT,IMPULSE,SELL,18.56,0.0,18.56,37.85,0.0,220.76,145.56,True,False,0.0,79954.13,0.1183,1.977,0.004759
2026-08-27T18:36:32Z,ZBCNUSDT,IMPULSE,BUY,0.0,14.31,14.31,15.89,0.0,314.65,71.7,True,False,0.0,79954.13,0.1183,1.921,0.0021387
2026-08-27T18:36:35Z,WUSDT,COOLING,NONE,0.0,0.0,0.0,11.49,0.0,11054.04,63798.88,True,False,0.0,79954.13,0.1183,0.944,0.009565
2026-08-27T18:37:05Z,XRPUSDT,COOLING,BUY,0.0,8.47,8.47,2.77,0.69,30856.45,93825.29,True,False,0.0035,79960.45,0.0079,0.97,1.4435
2026-08-27T18:37:08Z,HBARUSDT,COOLING,NONE,0.0,0.0,0.0,1.27,0.0,14085.28,25322.47,True,False,0.0,79960.45,0.0079,2.036,0.0786
2026-08-27T18:37:09Z,RIZEUSDT,IMPULSE,NONE,0.0,0.0,0.0,39.95,0.0,139.71,145.56,True,False,0.0,79960.45,0.0079,0.952,0.00476
2026-08-27T18:37:11Z,ZBCNUSDT,IMPULSE,NONE,0.0,0.0,0.0,30.92,3.27,72.71,71.58,True,False,0.0258,79960.45,0.0079,0.938,0.002135
2026-08-27T18:37:13Z,WUSDT,COOLING,NONE,0.0,0.0,0.0,13.58,0.0,16886.14,63798.88,True,False,0.0,79960.45,0.0079,0.977,0.00957
2026-08-27T18:37:46Z,XRPUSDT,COOLING,NONE,0.0,0.0,0.0,2.08,-0.69,109396.26,116351.81,True,False,0.0035,79969.67,0.0115,1.918,1.4436
2026-08-27T18:37:48Z,HBARUSDT,COOLING,NONE,0.0,0.0,0.0,1.27,0.0,28370.68,34590.32,True,False,0.0,79969.67,0.0115,0.997,0.0786
2026-08-27T18:37:51Z,RIZEUSDT,IMPULSE,NONE,0.0,0.0,0.0,48.07,-10.42,140.82,87.36,True,False,-0.0522,79969.67,0.0115,1.948,0.004801
2026-08-27T18:37:59Z,ZBCNUSDT,IMPULSE,BUY,0.0,21.11,21.11,29.51,0.47,72.71,124.89,True,False,-0.0023,79969.67,0.0115,2.024,0.0021353
2026-08-27T18:38:02Z,WUSDT,COOLING,NONE,0.0,0.0,0.0,13.58,0.0,16886.14,63798.88,True,False,0.0,79969.67,0.0115,0.946,0.009574
2026-08-27T18:39:13Z,XRPUSDT,COOLING,SELL,19.29,7.98,19.29,2.77,0.0,95289.36,102109.81,True,False,-0.0138,79990.69,0.0263,0.953,1.4441
2026-08-27T18:39:17Z,HBARUSDT,COOLING,BUY,0.0,31.84,31.84,1.27,0.0,12803.7,35798.33,True,True,-0.0254,79990.69,0.0263,1.946,0.07865
2026-08-27T18:39:19Z,RIZEUSDT,IMPULSE,BUY,0.05,18.3,18.3,37.57,0.0,141.03,180.13,True,False,0.0,79990.69,0.0263,0.944,0.004783
2026-08-27T18:39:21Z,ZBCNUSDT,IMPULSE,NONE,0.0,0.0,0.0,23.83,-5.13,72.71,142.66,True,False,-0.0257,79990.69,0.0263,0.947,0.0021411
2026-08-27T18:39:23Z,WUSDT,COOLING,NONE,0.0,0.0,0.0,12.53,0.0,16061.74,63633.21,True,False,0.0,79990.69,0.0263,0.952,0.00958
2026-08-27T18:39:59Z,XRPUSDT,COOLING,BUY,0.0,15.69,15.69,0.69,0.0,63713.17,106440.84,True,True,0.0,79999.92,0.0115,1.04,1.4439
2026-08-27T18:40:02Z,HBARUSDT,COOLING,BUY,0.0,1.52,1.52,1.27,-0.0,12410.11,35194.07,True,False,0.0127,79999.92,0.0115,1.058,0.07862
2026-08-27T18:40:04Z,RIZEUSDT,IMPULSE,NONE,0.0,0.0,0.0,37.57,0.0,140.04,31.13,True,False,0.0,79999.92,0.0115,1.166,0.004783
2026-08-27T18:40:07Z,ZBCNUSDT,IMPULSE,BUY,0.0,1.06,1.06,21.49,0.0,72.71,207.31,True,False,0.0,79999.92,0.0115,2.035,0.0021418
2026-08-27T18:40:09Z,WUSDT,COOLING,NONE,0.0,0.0,0.0,13.58,0.0,16061.74,63633.21,True,False,0.0,79999.92,0.0115,0.959,0.009579
2026-08-27T18:40:42Z,XRPUSDT,COOLING,NONE,0.0,0.0,0.0,1.39,-0.69,91254.7,76008.42,True,False,-0.0173,80012.04,0.0152,0.998,1.4437
2026-08-27T18:40:44Z,HBARUSDT,COOLING,NONE,0.0,0.0,0.0,1.27,0.0,18406.33,16744.37,True,False,0.0,80012.04,0.0152,1.014,0.0787
2026-08-27T18:40:46Z,RIZEUSDT,IMPULSE,BUY,0.0,15.94,15.94,8.35,-18.77,140.43,180.02,True,False,-0.0939,80012.04,0.0152,1.086,0.004783
2026-08-27T18:40:50Z,ZBCNUSDT,IMPULSE,NONE,0.0,0.0,0.0,21.49,1.86,72.71,207.14,True,False,0.0187,80012.04,0.0152,0.94,0.0021418
2026-08-27T18:40:53Z,WUSDT,COOLING,NONE,0.0,0.0,0.0,12.53,0.0,16061.74,63633.21,True,False,0.0,80012.04,0.0152,1.113,0.009577
2026-08-27T18:41:54Z,XRPUSDT,COOLING,NONE,0.0,0.0,0.0,2.08,0.0,62781.49,64554.53,True,False,0.0,79980.75,-0.0391,0.961,1.4429
2026-08-27T18:41:57Z,HBARUSDT,COOLING,NONE,0.0,0.0,0.0,1.27,0.0,38632.5,27938.27,True,False,0.0,79980.75,-0.0391,2.117,0.07868
2026-08-27T18:42:00Z,RIZEUSDT,IMPULSE,BUY,0.0,0.13,0.13,47.61,-2.1,141.24,149.97,True,False,0.0518,79980.75,-0.0391,2.013,0.004814
2026-08-27T18:42:03Z,ZBCNUSDT,IMPULSE,SELL,8.02,0.0,8.02,16.81,-3.25,72.71,142.62,True,False,-0.0863,79980.75,-0.0391,0.973,0.0021457
2026-08-27T18:42:05Z,WUSDT,COOLING,NONE,0.0,0.0,0.0,12.53,4.18,16478.29,64705.87,True,False,-0.0209,79980.75,-0.0391,1.251,0.009579
2026-08-27T18:42:37Z,XRPUSDT,COOLING,BUY,0.0,33.6,33.6,0.69,0.0,82965.1,185699.31,True,False,-0.0069,79955.01,-0.0322,0.983,1.4422
2026-08-27T18:42:39Z,HBARUSDT,COOLING,NONE,0.0,0.0,0.0,1.27,0.0,31280.79,8928.96,True,False,0.0,79955.01,-0.0322,0.993,0.07866
2026-08-27T18:42:41Z,RIZEUSDT,IMPULSE,NONE,0.0,0.0,0.0,55.94,0.0,141.81,30.87,True,False,0.0,79955.01,-0.0322,1.036,0.004813
2026-08-27T18:42:43Z,ZBCNUSDT,IMPULSE,BUY,0.0,39.82,39.82,7.96,-0.47,72.71,142.77,True,True,-0.0023,79955.01,-0.0322,0.994,0.0021377
2026-08-27T18:42:47Z,WUSDT,COOLING,NONE,0.0,0.0,0.0,10.45,0.0,16061.74,63633.21,True,False,0.0,79955.01,-0.0322,1.993,0.009571
2026-08-27T18:43:24Z,XRPUSDT,COOLING,NONE,0.0,0.0,0.0,1.39,-0.69,127533.52,80444.13,True,False,0.0035,79889.48,-0.082,0.94,1.4405
2026-08-27T18:43:25Z,HBARUSDT,COOLING,BUY,0.0,54.98,54.98,1.27,0.0,12368.85,23009.14,True,False,-0.0255,79889.48,-0.082,1.098,0.07866
2026-08-27T18:43:27Z,RIZEUSDT,IMPULSE,BUY,67.04,82.7,82.7,29.05,0.0,220.35,149.49,True,False,0.0,79889.48,-0.082,0.96,0.004826
2026-08-27T18:43:30Z,ZBCNUSDT,IMPULSE,SELL,98.37,0.0,98.37,11.19,-0.47,2208.11,143.0,True,False,-0.0023,79889.48,-0.082,0.977,0.0021436
2026-08-27T18:43:32Z,WUSDT,COOLING,NONE,0.0,0.0,0.0,11.49,0.0,10646.62,63633.21,True,False,0.0,79889.48,-0.082,0.936,0.009579
2026-08-27T18:44:41Z,XRPUSDT,COOLING,BUY,0.0,8.12,8.12,1.38,-0.69,56851.08,109891.77,True,False,0.0035,79932.89,0.0543,1.974,1.4438
2026-08-27T18:44:43Z,HBARUSDT,COOLING,NONE,0.0,0.0,0.0,1.27,0.0,29741.06,33854.61,True,False,0.0,79932.89,0.0543,0.94,0.07855
2026-08-27T18:44:46Z,RIZEUSDT,IMPULSE,SELL,20.45,0.0,20.45,54.02,-2.07,233.56,164.99,True,True,-0.0104,79932.89,0.0543,1.924,0.004819
2026-08-27T18:44:48Z,ZBCNUSDT,IMPULSE,SELL,0.03,0.0,0.03,39.12,6.07,2136.64,143.22,True,False,-0.0535,79932.89,0.0543,1.973,0.002148
2026-08-27T18:44:51Z,WUSDT,COOLING,NONE,0.0,0.0,0.0,11.49,0.0,10646.62,63633.21,True,False,0.0,79932.89,0.0543,2.009,0.009577
2026-08-27T18:45:25Z,XRPUSDT,COOLING,SELL,29.52,0.0,29.52,2.77,0.69,111074.95,115581.62,True,False,-0.0035,79935.01,0.0027,1.035,1.4425
2026-08-27T18:45:26Z,HBARUSDT,COOLING,SELL,18.28,0.0,18.28,1.27,0.0,16305.73,12816.1,True,False,0.0,79935.01,0.0027,0.936,0.07855
2026-08-27T18:45:28Z,RIZEUSDT,IMPULSE,BUY,0.0,5.71,5.71,33.2,0.0,141.72,175.06,True,False,0.0,79935.01,0.0027,1.006,0.004811
2026-08-27T18:45:31Z,ZBCNUSDT,IMPULSE,NONE,0.0,0.0,0.0,32.15,-0.93,683.52,143.46,True,False,-0.0047,79935.01,0.0027,1.006,0.0021492
2026-08-27T18:45:34Z,WUSDT,COOLING,NONE,0.0,0.0,0.0,13.58,0.0,10646.62,63633.21,True,False,0.0,79935.01,0.0027,1.107,0.009575
2026-08-27T18:46:08Z,XRPUSDT,COOLING,SELL,43.68,0.0,43.68,2.77,0.0,118524.42,49563.06,True,True,-0.0069,79925.01,-0.0125,1.027,1.4413
2026-08-27T18:46:11Z,HBARUSDT,COOLING,NONE,0.0,0.0,0.0,1.27,-0.0,13796.04,10410.53,True,False,0.0255,79925.01,-0.0125,1.979,0.07856
2026-08-27T18:46:13Z,RIZEUSDT,IMPULSE,NONE,0.0,0.0,0.0,54.02,0.0,141.24,175.06,True,False,0.0,79925.01,-0.0125,0.996,0.004813
2026-08-27T18:46:15Z,ZBCNUSDT,IMPULSE,SELL,0.0,0.0,0.0,28.43,-0.93,2135.4,82.87,True,False,0.0,79925.01,-0.0125,0.957,0.0021467
2026-08-27T18:46:17Z,WUSDT,COOLING,NONE,0.0,0.0,0.0,10.44,0.0,10646.62,63633.21,True,False,0.0,79925.01,-0.0125,0.929,0.009577
2026-08-27T18:47:16Z,XRPUSDT,COOLING,NONE,0.0,0.0,0.0,2.77,1.39,70400.65,87532.11,True,False,-0.0069,79981.15,0.0702,1.236,1.4429
2026-08-27T18:47:18Z,HBARUSDT,COOLING,BUY,0.0,69.58,69.58,1.27,0.0,20332.9,34019.03,True,False,0.0,79981.15,0.0702,0.981,0.07856
2026-08-27T18:47:20Z,RIZEUSDT,IMPULSE,NONE,0.0,0.0,0.0,54.02,0.0,141.48,175.06,True,False,0.0,79981.15,0.0702,0.986,0.004813
2026-08-27T18:47:22Z,ZBCNUSDT,IMPULSE,NONE,0.0,0.0,0.0,23.29,0.0,2135.4,82.87,True,False,0.0,79981.15,0.0702,1.032,0.0021469
2026-08-27T18:47:24Z,WUSDT,COOLING,NONE,0.0,0.0,0.0,14.6,0.0,17851.83,63067.24,True,False,0.0,79981.15,0.0702,1.035,0.009585
2026-08-27T18:47:56Z,XRPUSDT,COOLING,SELL,12.72,0.0,12.72,2.08,0.0,63111.37,115818.69,True,False,-0.0277,79977.12,-0.005,1.021,1.4431
2026-08-27T18:47:58Z,HBARUSDT,COOLING,NONE,0.0,0.0,0.0,1.27,0.0,29649.16,12852.69,True,False,0.0,79977.12,-0.005,0.949,0.0786
2026-08-27T18:48:01Z,RIZEUSDT,IMPULSE,NONE,0.0,0.0,0.0,54.02,16.59,141.27,175.06,True,False,0.0832,79977.12,-0.005,0.974,0.004818
2026-08-27T18:48:04Z,ZBCNUSDT,IMPULSE,SELL,72.34,0.0,72.34,19.11,-1.87,2137.46,86.51,True,True,0.0326,79977.12,-0.005,0.94,0.0021461
2026-08-27T18:48:07Z,WUSDT,COOLING,BUY,0.0,0.02,0.02,11.47,-4.17,16536.29,62562.22,True,False,-0.0208,79977.12,-0.005,1.999,0.009587
2026-08-27T18:48:41Z,XRPUSDT,COOLING,SELL,9.55,0.0,9.55,0.69,-1.38,90311.68,93871.55,True,False,0.0,80025.79,0.0609,2.011,1.4441
2026-08-27T18:48:44Z,HBARUSDT,COOLING,NONE,0.0,0.0,0.0,1.27,0.0,25645.77,15340.03,True,False,0.0,80025.79,0.0609,0.943,0.07862
2026-08-27T18:48:47Z,RIZEUSDT,IMPULSE,NONE,0.0,0.0,0.0,54.02,0.0,141.45,175.06,True,False,0.0,80025.79,0.0609,1.562,0.004818
2026-08-27T18:48:50Z,ZBCNUSDT,IMPULSE,NONE,0.0,0.0,0.0,20.51,0.0,2144.43,86.51,True,False,0.0,80025.79,0.0609,2.006,0.0021454
2026-08-27T18:48:53Z,WUSDT,COOLING,NONE,0.0,0.0,0.0,11.47,0.0,16536.29,62562.22,True,False,0.0,80025.79,0.0609,0.957,0.009594
2026-08-27T18:49:58Z,XRPUSDT,COOLING,SELL,28.24,0.0,28.24,2.08,0.0,73720.52,105028.36,True,False,0.0,80010.69,-0.0189,0.937,1.4429
2026-08-27T18:50:00Z,HBARUSDT,COOLING,BUY,0.0,5.62,5.62,1.27,0.0,27534.27,15310.81,True,False,0.0,80010.69,-0.0189,1.002,0.07868
2026-08-27T18:50:03Z,RIZEUSDT,IMPULSE,NONE,0.0,0.0,0.0,54.02,0.0,141.48,175.06,True,False,0.0,80010.69,-0.0189,2.104,0.004817
2026-08-27T18:50:07Z,ZBCNUSDT,IMPULSE,NONE,0.0,0.0,0.0,24.26,9.32,2135.4,86.35,True,False,0.0467,80010.69,-0.0189,2.002,0.0021444
2026-08-27T18:50:12Z,WUSDT,COOLING,NONE,0.0,0.0,0.0,14.61,0.0,9686.04,63093.07,True,False,0.0,80010.69,-0.0189,1.955,0.009596
2026-08-27T18:50:48Z,XRPUSDT,COOLING,NONE,0.0,0.0,0.0,2.08,-0.69,77088.67,124984.33,True,False,-0.0035,79915.0,-0.1196,1.002,1.4421
2026-08-27T18:50:50Z,HBARUSDT,COOLING,NONE,0.0,0.0,0.0,1.27,0.0,22046.47,26735.67,True,False,0.0,79915.0,-0.1196,1.008,0.0786
2026-08-27T18:50:52Z,RIZEUSDT,IMPULSE,NONE,0.0,0.0,0.0,54.02,0.0,141.45,147.27,True,False,0.0,79915.0,-0.1196,0.993,0.004815
2026-08-27T18:50:54Z,ZBCNUSDT,IMPULSE,BUY,0.0,13.26,13.26,13.07,0.0,45.21,163.61,True,False,0.0,79915.0,-0.1196,0.949,0.0021424
2026-08-27T18:50:56Z,WUSDT,COOLING,NONE,0.0,0.0,0.0,13.56,0.0,11604.17,63093.07,True,False,0.0,79915.0,-0.1196,1.034,0.009591
2026-08-27T18:51:26Z,XRPUSDT,COOLING,BUY,26.88,42.93,42.93,2.08,-0.69,108439.56,103082.46,True,False,0.0173,79984.99,0.0876,0.969,1.4438
2026-08-27T18:51:30Z,HBARUSDT,COOLING,NONE,0.0,0.0,0.0,1.27,0.0,20851.2,24774.15,True,False,0.0,79984.99,0.0876,0.989,0.07856
2026-08-27T18:51:32Z,RIZEUSDT,IMPULSE,SELL,29.63,0.0,29.63,54.02,0.0,219.83,147.27,True,False,0.0,79984.99,0.0876,1.045,0.00481
2026-08-27T18:51:34Z,ZBCNUSDT,IMPULSE,NONE,0.0,0.0,0.0,9.79,0.0,41.62,143.1,True,False,0.0,79984.99,0.0876,0.955,0.0021451
2026-08-27T18:51:36Z,WUSDT,COOLING,NONE,0.0,0.0,0.0,14.6,0.0,11604.17,63093.07,True,False,0.0,79984.99,0.0876,0.983,0.009587
2026-08-27T18:52:40Z,XRPUSDT,COOLING,NONE,0.0,0.0,0.0,1.38,0.0,110682.25,108701.76,True,False,0.0,79999.58,0.0182,1.73,1.4434
2026-08-27T18:52:43Z,HBARUSDT,COOLING,NONE,0.0,0.0,0.0,2.54,1.27,28430.75,16610.08,True,False,-0.0064,79999.58,0.0182,0.935,0.07862
2026-08-27T18:52:45Z,RIZEUSDT,IMPULSE,NONE,0.0,0.0,0.0,54.02,0.0,141.39,147.27,True,False,0.0,79999.58,0.0182,0.962,0.004816
2026-08-27T18:52:47Z,ZBCNUSDT,IMPULSE,NONE,0.0,0.0,0.0,1.4,-0.47,62.25,86.35,True,False,0.0023,79999.58,0.0182,0.976,0.0021437
2026-08-27T18:52:51Z,WUSDT,COOLING,NONE,0.0,0.0,0.0,14.6,0.0,15525.72,63093.07,True,False,0.0,79999.58,0.0182,1.958,0.009585
2026-08-27T18:53:26Z,XRPUSDT,COOLING,SELL,1.01,0.0,1.01,3.46,0.69,88441.46,128229.38,True,False,0.0035,80020.66,0.0264,1.938,1.4455
2026-08-27T18:53:30Z,HBARUSDT,COOLING,NONE,0.0,0.0,0.0,1.27,0.0,29560.48,36265.25,True,False,0.0,80020.66,0.0264,1.011,0.0786
2026-08-27T18:53:31Z,RIZEUSDT,IMPULSE,SELL,0.21,0.0,0.21,54.02,0.0,141.63,147.27,True,False,0.0,80020.66,0.0264,0.923,0.004816
2026-08-27T18:53:33Z,ZBCNUSDT,IMPULSE,NONE,0.0,0.0,0.0,9.79,0.0,61.9,143.13,True,False,0.0,80020.66,0.0264,0.978,0.0021445
2026-08-27T18:53:35Z,WUSDT,COOLING,NONE,0.0,0.0,0.0,11.47,0.0,17361.66,62562.22,True,False,0.0,80020.66,0.0264,0.945,0.009588
2026-08-27T18:54:08Z,XRPUSDT,COOLING,NONE,0.0,0.0,0.0,2.08,0.69,78665.36,141911.44,True,False,0.0104,80026.34,0.0071,0.905,1.4453
2026-08-27T18:54:10Z,HBARUSDT,COOLING,SELL,41.08,0.0,41.08,1.27,0.0,24415.36,17167.05,True,False,0.0,80026.34,0.0071,1.115,0.07863
2026-08-27T18:54:12Z,RIZEUSDT,IMPULSE,NONE,0.0,0.0,0.0,54.02,0.0,141.63,147.27,True,False,0.0,80026.34,0.0071,0.929,0.004816
2026-08-27T18:54:14Z,ZBCNUSDT,IMPULSE,NONE,0.0,0.0,0.0,9.8,-0.47,41.31,86.35,True,False,-0.0023,80026.34,0.0071,0.982,0.0021444
2026-08-27T18:54:16Z,WUSDT,COOLING,NONE,0.0,0.0,0.0,14.59,1.03,9686.04,63093.07,True,False,0.0887,80026.34,0.0071,0.998,0.009592
2026-08-27T18:55:14Z,XRPUSDT,COOLING,SELL,0.01,0.0,0.01,2.07,1.38,105636.26,76006.21,True,False,-0.0069,80020.69,-0.0071,0.991,1.4461
2026-08-27T18:55:17Z,HBARUSDT,COOLING,NONE,0.0,0.0,0.0,1.27,0.0,31390.02,35498.2,True,False,0.0,80020.69,-0.0071,1.944,0.07864
2026-08-27T18:55:20Z,RIZEUSDT,IMPULSE,NONE,0.0,0.0,0.0,54.02,0.0,141.63,147.27,True,False,0.0,80020.69,-0.0071,0.966,0.004816
2026-08-27T18:55:22Z,ZBCNUSDT,IMPULSE,NONE,0.0,0.0,0.0,14.43,0.0,41.29,143.12,True,False,0.0,80020.69,-0.0071,0.951,0.0021465
2026-08-27T18:55:25Z,WUSDT,COOLING,BUY,0.0,0.03,0.03,11.47,3.12,9694.21,62562.22,True,False,0.0261,80020.69,-0.0071,0.987,0.009592
2026-08-27T18:55:58Z,XRPUSDT,COOLING,NONE,0.0,0.0,0.0,1.38,-0.69,82767.36,72026.74,True,False,0.0035,80008.42,-0.0153,1.104,1.4473
2026-08-27T18:56:01Z,HBARUSDT,COOLING,NONE,0.0,0.0,0.0,1.27,0.0,25429.62,40113.29,True,False,0.0,80008.42,-0.0153,0.939,0.07866
2026-08-27T18:56:03Z,RIZEUSDT,IMPULSE,NONE,0.0,0.0,0.0,54.02,0.0,141.39,147.27,True,False,0.0,80008.42,-0.0153,0.999,0.004816
2026-08-27T18:56:05Z,ZBCNUSDT,IMPULSE,NONE,0.0,0.0,0.0,8.85,0.0,64.69,143.25,True,False,0.0,80008.42,-0.0153,1.428,0.0021495
2026-08-27T18:56:07Z,WUSDT,COOLING,NONE,0.0,0.0,0.0,11.47,0.0,9694.21,62562.22,True,False,0.0,80008.42,-0.0153,0.989,0.009593
2026-08-27T18:56:42Z,XRPUSDT,COOLING,NONE,0.0,0.0,0.0,2.07,0.0,64743.63,128468.23,True,False,0.0,80027.75,0.0242,1.057,1.4471
2026-08-27T18:56:44Z,HBARUSDT,COOLING,NONE,0.0,0.0,0.0,1.27,0.0,19833.87,35094.64,True,False,0.0,80027.75,0.0242,1.004,0.07867
2026-08-27T18:56:47Z,RIZEUSDT,IMPULSE,NONE,0.0,0.0,0.0,54.02,0.0,219.51,147.27,True,False,0.0,80027.75,0.0242,2.037,0.004818
2026-08-27T18:56:49Z,ZBCNUSDT,IMPULSE,NONE,0.0,0.0,0.0,7.91,0.0,56.4,143.12,True,False,0.0,80027.75,0.0242,0.948,0.0021488
2026-08-27T18:56:51Z,WUSDT,COOLING,NONE,0.0,0.0,0.0,15.63,0.0,9694.21,62562.22,True,False,0.0,80027.75,0.0242,0.913,0.009597
2026-08-27T18:57:52Z,XRPUSDT,COOLING,NONE,0.0,0.0,0.0,3.45,0.69,93245.03,63425.01,True,False,0.0104,80096.2,0.0855,1.01,1.4495
2026-08-27T18:57:54Z,HBARUSDT,COOLING,NONE,0.0,0.0,0.0,5.07,-1.27,33736.46,32916.12,True,False,-0.0063,80096.2,0.0855,0.937,0.07883
2026-08-27T18:57:57Z,RIZEUSDT,IMPULSE,SELL,0.29,0.0,0.29,54.02,0.0,142.02,147.27,True,False,0.0,80096.2,0.0855,0.961,0.004815
2026-08-27T18:58:00Z,ZBCNUSDT,IMPULSE,SELL,7.2,0.0,7.2,16.27,0.46,35.36,143.21,True,False,0.007,80096.2,0.0855,0.986,0.0021508
2026-08-27T18:58:02Z,WUSDT,COOLING,NONE,0.0,0.0,0.0,10.41,0.0,5837.69,61652.98,True,False,0.0,80096.2,0.0855,1.007,0.0096
2026-08-27T18:58:34Z,XRPUSDT,COOLING,BUY,0.0,0.06,0.06,1.38,-1.38,94456.17,88857.51,True,False,-0.0138,80111.02,0.0185,0.915,1.451
2026-08-27T18:58:35Z,HBARUSDT,COOLING,NONE,0.0,0.0,0.0,1.27,0.0,19156.83,19896.41,True,False,0.0,80111.02,0.0185,0.974,0.07887
2026-08-27T18:58:39Z,RIZEUSDT,IMPULSE,SELL,0.22,0.0,0.22,54.02,29.05,142.02,147.27,True,False,0.1457,80111.02,0.0185,1.975,0.004815
2026-08-27T18:58:42Z,ZBCNUSDT,IMPULSE,NONE,0.0,0.0,0.0,13.94,0.0,32.85,143.24,True,False,0.0,80111.02,0.0185,0.945,0.0021509
2026-08-27T18:58:45Z,WUSDT,COOLING,NONE,0.0,0.0,0.0,13.54,0.0,15757.28,61652.98,True,False,0.0,80111.02,0.0185,0.907,0.009608
2026-08-27T18:59:20Z,XRPUSDT,COOLING,BUY,0.0,28.29,28.29,1.38,0.0,121496.46,142444.47,True,False,0.0,80120.0,0.0112,0.997,1.4509
2026-08-27T18:59:23Z,HBARUSDT,COOLING,NONE,0.0,0.0,0.0,2.53,1.27,36658.78,39257.34,True,False,-0.0063,80120.0,0.0112,0.967,0.07893
2026-08-27T18:59:25Z,RIZEUSDT,IMPULSE,NONE,0.0,0.0,0.0,54.02,0.0,141.63,147.27,True,False,0.0,80120.0,0.0112,0.999,0.004812
2026-08-27T18:59:27Z,ZBCNUSDT,IMPULSE,NONE,0.0,0.0,0.0,12.07,0.0,43.15,143.37,True,False,0.0,80120.0,0.0112,0.997,0.0021544
2026-08-27T18:59:31Z,WUSDT,COOLING,NONE,0.0,0.0,0.0,11.44,0.0,17832.73,61608.85,True,False,0.0,80120.0,0.0112,1.015,0.009607
2026-08-27T19:00:37Z,XRPUSDT,COOLING,NONE,0.0,0.0,0.0,3.44,1.37,89439.12,64556.45,True,False,0.0,80151.63,0.0395,1.0,1.4537
2026-08-27T19:00:39Z,HBARUSDT,COOLING,BUY,0.0,51.71,51.71,1.27,0.0,15233.07,30496.63,True,False,0.0,80151.63,0.0395,1.013,0.07899
2026-08-27T19:00:42Z,RIZEUSDT,IMPULSE,NONE,0.0,0.0,0.0,54.02,0.0,239.85,147.27,True,False,0.0,80151.63,0.0395,1.938,0.004817
2026-08-27T19:00:45Z,ZBCNUSDT,IMPULSE,NONE,0.0,0.0,0.0,12.51,-0.46,76.83,74.78,True,False,-0.0023,80151.63,0.0395,1.021,0.0021574
2026-08-27T19:00:48Z,WUSDT,COOLING,NONE,0.0,0.0,0.0,14.54,0.0,16766.44,61637.83,True,False,0.0,80151.63,0.0395,1.987,0.009623
2026-08-27T19:01:22Z,XRPUSDT,COOLING,NONE,0.0,0.0,0.0,2.06,-0.69,79273.37,106947.6,True,False,0.0034,80169.66,0.0225,1.014,1.4551
2026-08-27T19:01:24Z,HBARUSDT,COOLING,NONE,0.0,0.0,0.0,1.27,0.0,46998.9,27629.96,True,False,0.0,80169.66,0.0225,0.964,0.07899
2026-08-27T19:01:26Z,RIZEUSDT,IMPULSE,NONE,0.0,0.0,0.0,54.02,0.0,142.95,147.27,True,False,0.0,80169.66,0.0225,0.951,0.004817
2026-08-27T19:01:30Z,ZBCNUSDT,IMPULSE,NONE,0.0,0.0,0.0,10.65,0.46,65.54,74.78,True,False,0.0023,80169.66,0.0225,1.998,0.0021584
2026-08-27T19:01:33Z,WUSDT,COOLING,NONE,0.0,0.0,0.0,6.24,0.0,9705.71,61637.83,True,False,0.0,80169.66,0.0225,0.98,0.009623
2026-08-27T19:02:05Z,XRPUSDT,COOLING,NONE,0.0,0.0,0.0,2.07,0.0,41109.43,62701.63,True,False,-0.0138,80124.4,-0.0565,1.005,1.4531
2026-08-27T19:02:07Z,HBARUSDT,COOLING,NONE,0.0,0.0,0.0,1.27,-2.53,14045.34,12206.74,True,False,-0.0,80124.4,-0.0565,0.939,0.079
2026-08-27T19:02:09Z,RIZEUSDT,IMPULSE,NONE,0.0,0.0,0.0,54.02,0.0,239.85,147.27,True,False,0.0,80124.4,-0.0565,0.964,0.004826
2026-08-27T19:02:11Z,ZBCNUSDT,IMPULSE,NONE,0.0,0.0,0.0,28.31,0.0,514.19,74.78,True,False,0.0,80124.4,-0.0565,1.061,0.0021581
2026-08-27T19:02:13Z,WUSDT,COOLING,NONE,0.0,0.0,0.0,11.43,0.0,17375.21,62367.8,True,False,0.0,80124.4,-0.0565,0.918,0.009622
2026-08-27T19:03:13Z,XRPUSDT,COOLING,SELL,24.74,7.22,24.74,3.44,0.69,67319.76,81612.68,True,False,0.031,80133.08,0.0108,1.025,1.4529
2026-08-27T19:03:14Z,HBARUSDT,COOLING,NONE,0.0,0.0,0.0,1.27,0.0,35531.0,25653.35,True,False,0.0,80133.08,0.0108,0.977,0.079
2026-08-27T19:03:16Z,RIZEUSDT,IMPULSE,SELL,0.0,0.0,0.0,54.02,0.0,239.85,147.27,True,False,0.0,80133.08,0.0108,0.984,0.004826
2026-08-27T19:03:19Z,ZBCNUSDT,IMPULSE,NONE,0.0,0.0,0.0,11.12,0.0,74.53,74.86,True,False,0.0,80133.08,0.0108,0.942,0.0021589
2026-08-27T19:03:22Z,WUSDT,COOLING,NONE,0.0,0.0,0.0,13.54,0.0,9608.78,61576.88,True,False,0.0,80133.08,0.0108,2.117,0.009619
2026-08-27T19:03:54Z,XRPUSDT,COOLING,NONE,0.0,0.0,0.0,2.75,0.69,88207.12,91172.05,True,False,0.0034,80192.48,0.0741,0.989,1.4543
2026-08-27T19:03:55Z,HBARUSDT,COOLING,NONE,0.0,0.0,0.0,1.27,0.0,36411.38,33491.61,True,False,0.0,80192.48,0.0741,0.966,0.07891
2026-08-27T19:03:57Z,RIZEUSDT,IMPULSE,BUY,0.0,9.33,9.33,45.31,0.0,239.85,164.99,True,False,0.0,80192.48,0.0741,1.059,0.004843
2026-08-27T19:03:59Z,ZBCNUSDT,IMPULSE,NONE,0.0,0.0,0.0,9.26,0.0,86.29,74.86,True,False,0.0,80192.48,0.0741,1.099,0.0021594
2026-08-27T19:04:02Z,WUSDT,COOLING,SELL,4.93,0.0,4.93,9.37,0.0,9608.78,61576.88,True,False,0.0,80192.48,0.0741,1.946,0.009619
2026-08-27T19:04:36Z,XRPUSDT,COOLING,BUY,0.0,0.89,0.89,1.37,0.69,67638.44,115380.33,True,False,0.0034,80222.55,0.0375,0.959,1.4553
2026-08-27T19:04:38Z,HBARUSDT,COOLING,NONE,0.0,0.0,0.0,1.27,0.0,32905.87,19037.79,True,False,0.0,80222.55,0.0375,0.939,0.07896
2026-08-27T19:04:40Z,RIZEUSDT,IMPULSE,NONE,0.0,0.0,0.0,45.35,-8.22,239.85,164.99,True,False,-0.0412,80222.55,0.0375,1.045,0.004843
2026-08-27T19:04:42Z,ZBCNUSDT,IMPULSE,SELL,49.43,0.0,49.43,9.72,-0.46,83.73,72.73,True,True,0.0069,80222.55,0.0375,1.019,0.0021605
2026-08-27T19:04:44Z,WUSDT,COOLING,NONE,0.0,0.0,0.0,13.52,0.0,17329.54,61576.88,True,False,0.0,80222.55,0.0375,0.956,0.009615
2026-08-27T19:05:49Z,XRPUSDT,COOLING,BUY,0.0,3.65,3.65,2.75,0.0,87577.43,118697.78,True,False,0.0,80229.97,0.0092,1.942,1.4543
2026-08-27T19:05:52Z,HBARUSDT,COOLING,NONE,0.0,0.0,0.0,1.27,0.0,33082.34,33180.67,True,False,0.0,80229.97,0.0092,1.967,0.07889
2026-08-27T19:05:53Z,RIZEUSDT,IMPULSE,NONE,0.0,0.0,0.0,32.96,0.0,239.85,164.99,True,False,0.0,80229.97,0.0092,0.927,0.004856
2026-08-27T19:05:56Z,WUSDT,COOLING,NONE,0.0,0.0,0.0,14.56,0.0,17329.54,61576.88,True,False,0.0,80229.97,0.0092,1.043,0.009617
2026-08-27T19:05:59Z,REDUSDT,COOLING,NONE,0.0,0.0,0.0,10.22,0.0,6267.19,1155.44,True,False,0.0,80229.97,0.0092,0.94,0.10767
2026-08-27T19:06:31Z,XRPUSDT,COOLING,BUY,0.0,55.15,55.15,2.75,1.37,74965.92,120759.5,True,True,0.0343,80232.48,0.0031,0.991,1.4558
2026-08-27T19:06:33Z,HBARUSDT,COOLING,NONE,0.0,0.0,0.0,1.27,0.0,38686.24,16246.49,True,False,0.0,80232.48,0.0031,0.945,0.07889
2026-08-27T19:06:34Z,RIZEUSDT,IMPULSE,NONE,0.0,0.0,0.0,45.31,8.22,239.85,164.99,True,False,0.0412,80232.48,0.0031,0.943,0.004856
2026-08-27T19:06:36Z,WUSDT,COOLING,NONE,0.0,0.0,0.0,14.56,0.0,17329.54,61576.88,True,False,0.0,80232.48,0.0031,1.057,0.009618
2026-08-27T19:06:39Z,REDUSDT,COOLING,NONE,0.0,0.0,0.0,10.22,0.0,6267.19,1819.65,True,False,0.0,80232.48,0.0031,2.067,0.10767
2026-08-27T19:07:12Z,XRPUSDT,COOLING,BUY,3.59,25.01,25.01,2.74,0.69,74328.51,127224.48,True,True,-0.024,80265.69,0.0414,0.952,1.4572
2026-08-27T19:07:14Z,HBARUSDT,COOLING,SELL,54.53,0.0,54.53,1.27,0.0,44908.23,26446.71,True,False,0.0,80265.69,0.0414,1.027,0.07888
2026-08-27T19:07:17Z,RIZEUSDT,IMPULSE,BUY,0.0,0.35,0.35,33.34,-16.67,142.29,147.27,True,False,0.0,80265.69,0.0414,0.995,0.004792
2026-08-27T19:07:20Z,WUSDT,COOLING,SELL,42.53,0.0,42.53,14.58,0.0,9609.79,61297.66,True,False,0.0,80265.69,0.0414,0.975,0.009618
2026-08-27T19:07:22Z,REDUSDT,COOLING,NONE,0.0,0.0,0.0,10.22,0.0,6269.17,1819.65,True,False,0.0,80265.69,0.0414,0.949,0.10771
2026-08-27T19:08:24Z,XRPUSDT,COOLING,NONE,0.0,0.0,0.0,2.75,1.37,96833.14,90744.65,True,False,-0.0069,80238.01,-0.0345,0.948,1.4555
2026-08-27T19:08:25Z,HBARUSDT,COOLING,NONE,0.0,0.0,0.0,1.27,0.0,35255.43,28465.1,True,False,0.0,80238.01,-0.0345,0.966,0.07887
2026-08-27T19:08:28Z,RIZEUSDT,IMPULSE,SELL,0.0,0.0,0.0,37.5,0.0,211.99,147.27,True,False,0.0,80238.01,-0.0345,1.92,0.004813
2026-08-27T19:08:30Z,WUSDT,COOLING,NONE,0.0,0.0,0.0,13.54,0.0,9609.79,61297.66,True,False,0.0,80238.01,-0.0345,0.902,0.009607
2026-08-27T19:08:33Z,REDUSDT,COOLING,NONE,0.0,0.0,0.0,12.09,0.0,5082.18,1870.73,True,False,0.0,80238.01,-0.0345,2.004,0.10766
2026-08-27T19:09:06Z,XRPUSDT,COOLING,NONE,0.0,0.0,0.0,2.06,-0.69,96424.37,97086.55,True,False,0.0034,80280.86,0.0534,0.956,1.4562
2026-08-27T19:09:08Z,HBARUSDT,COOLING,NONE,0.0,0.0,0.0,1.27,0.0,39795.8,34859.63,True,False,0.0,80280.86,0.0534,1.131,0.07889
2026-08-27T19:09:12Z,RIZEUSDT,IMPULSE,NONE,0.0,0.0,0.0,39.47,0.0,211.99,147.27,True,False,0.0,80280.86,0.0534,1.993,0.004822
2026-08-27T19:09:14Z,WUSDT,COOLING,NONE,0.0,0.0,0.0,11.45,0.0,9609.79,61297.66,True,False,0.0,80280.86,0.0534,2.013,0.009602
2026-08-27T19:09:17Z,REDUSDT,COOLING,NONE,0.0,0.0,0.0,12.09,0.0,5082.18,1870.73,True,False,0.0,80280.86,0.0534,0.939,0.10756
2026-08-27T19:09:51Z,XRPUSDT,COOLING,NONE,0.0,0.0,0.0,1.38,0.0,66469.38,54375.55,True,False,0.0,80280.57,-0.0004,1.958,1.4546
2026-08-27T19:09:54Z,HBARUSDT,COOLING,SELL,16.5,9.12,16.5,1.27,-0.0,50395.51,16744.16,True,False,0.0127,80280.57,-0.0004,0.943,0.07883
2026-08-27T19:09:57Z,RIZEUSDT,IMPULSE,NONE,0.0,0.0,0.0,55.94,0.0,141.66,147.57,True,False,0.0,80280.57,-0.0004,1.653,0.004813
2026-08-27T19:10:02Z,WUSDT,COOLING,NONE,0.0,0.0,0.0,14.59,-4.16,9599.67,62250.7,True,False,-0.0417,80280.57,-0.0004,1.97,0.009604
2026-08-27T19:10:05Z,REDUSDT,COOLING,NONE,0.0,0.0,0.0,14.89,0.0,5051.06,2454.99,True,False,0.0,80280.57,-0.0004,2.001,0.10754
2026-08-27T19:11:19Z,XRPUSDT,COOLING,NONE,0.0,0.0,0.0,2.75,-0.69,82464.94,64654.36,True,False,-0.0034,80225.01,-0.0692,1.023,1.4543
2026-08-27T19:11:23Z,HBARUSDT,COOLING,NONE,0.0,0.0,0.0,1.27,-1.27,46155.16,28275.33,True,False,0.0063,80225.01,-0.0692,1.959,0.07885
2026-08-27T19:11:26Z,RIZEUSDT,IMPULSE,NONE,0.0,0.0,0.0,25.19,8.41,141.03,104.68,True,False,-0.1048,80225.01,-0.0692,1.014,0.004794
2026-08-27T19:11:31Z,WUSDT,COOLING,NONE,0.0,0.0,0.0,12.49,0.0,15460.56,61341.78,True,False,0.0,80225.01,-0.0692,2.012,0.009594
2026-08-27T19:11:33Z,REDUSDT,COOLING,NONE,0.0,0.0,0.0,12.09,0.0,4871.93,2255.66,True,False,0.0,80225.01,-0.0692,0.985,0.10751
2026-08-27T19:12:10Z,XRPUSDT,COOLING,NONE,0.0,0.0,0.0,0.69,-0.69,94329.59,84881.67,True,False,-0.0034,80228.84,0.0048,0.928,1.453
2026-08-27T19:12:14Z,HBARUSDT,COOLING,BUY,0.0,18.01,18.01,1.27,-0.0,48481.68,28271.75,True,True,0.0127,80228.84,0.0048,1.969,0.07885
2026-08-27T19:12:16Z,RIZEUSDT,IMPULSE,NONE,0.0,0.0,0.0,23.01,8.37,242.14,99.18,True,False,-0.0,80228.84,0.0048,1.012,0.004773
2026-08-27T19:12:18Z,WUSDT,COOLING,NONE,0.0,0.0,0.0,12.49,0.0,15460.56,61341.78,True,False,0.0,80228.84,0.0048,1.003,0.009603
2026-08-27T19:12:20Z,REDUSDT,COOLING,NONE,0.0,0.0,0.0,10.22,0.0,5927.97,1829.18,True,False,0.0,80228.84,0.0048,1.002,0.10757
2026-08-27T19:12:53Z,XRPUSDT,COOLING,BUY,0.0,11.23,11.23,1.38,-1.38,77227.25,82293.97,True,False,-0.0275,80232.21,0.0042,1.977,1.4528
2026-08-27T19:12:55Z,HBARUSDT,COOLING,NONE,0.0,0.0,0.0,1.27,0.0,45707.68,15610.15,True,False,0.0,80232.21,0.0042,1.944,0.07886
2026-08-27T19:12:57Z,RIZEUSDT,IMPULSE,NONE,0.0,0.0,0.0,16.73,8.37,242.14,99.18,True,False,-0.0418,80232.21,0.0042,0.958,0.004773
2026-08-27T19:12:59Z,WUSDT,COOLING,NONE,0.0,0.0,0.0,13.54,0.0,15460.56,61341.78,True,False,0.0,80232.21,0.0042,0.96,0.009608
2026-08-27T19:13:02Z,REDUSDT,COOLING,NONE,0.0,0.0,0.0,10.22,0.0,5927.97,6021.17,True,False,0.0,80232.21,0.0042,1.059,0.10765
2026-08-27T19:14:04Z,XRPUSDT,COOLING,SELL,7.37,0.0,7.37,2.07,-0.0,88968.52,94904.74,True,False,0.0138,80154.15,-0.0973,0.989,1.4516
2026-08-27T19:14:07Z,HBARUSDT,COOLING,NONE,0.0,0.0,0.0,1.27,0.0,18723.23,15170.64,True,False,0.0,80154.15,-0.0973,1.938,0.0788
2026-08-27T19:14:10Z,RIZEUSDT,IMPULSE,NONE,0.0,0.0,0.0,10.37,0.0,242.14,99.65,True,False,-0.0415,80154.15,-0.0973,1.963,0.004826
2026-08-27T19:14:13Z,WUSDT,COOLING,NONE,0.0,0.0,0.0,14.59,3.12,15444.28,62250.7,True,False,0.0156,80154.15,-0.0973,0.945,0.009606
2026-08-27T19:14:15Z,REDUSDT,COOLING,NONE,0.0,0.0,0.0,12.09,0.0,4904.29,2863.66,True,False,0.0,80154.15,-0.0973,0.987,0.10765
2026-08-27T19:14:50Z,XRPUSDT,COOLING,BUY,0.0,12.01,12.01,2.75,-0.69,47509.76,107491.02,True,False,0.0103,80185.08,0.0386,0.976,1.4518
2026-08-27T19:14:53Z,HBARUSDT,COOLING,NONE,0.0,0.0,0.0,3.81,0.0,17928.46,44293.48,True,False,0.0,80185.08,0.0386,1.007,0.0788
2026-08-27T19:14:55Z,RIZEUSDT,IMPULSE,NONE,0.0,0.0,0.0,37.4,4.17,242.14,99.65,True,False,-0.0415,80185.08,0.0386,1.119,0.004824
2026-08-27T19:14:57Z,WUSDT,COOLING,NONE,0.0,0.0,0.0,10.42,-7.29,15444.28,62250.7,True,False,-0.0365,80185.08,0.0386,0.938,0.0096
2026-08-27T19:14:59Z,REDUSDT,COOLING,NONE,0.0,0.0,0.0,10.22,0.0,6045.17,2863.66,True,False,0.0,80185.08,0.0386,0.956,0.10757
2026-08-27T19:15:30Z,XRPUSDT,COOLING,NONE,0.0,0.0,0.0,2.07,0.0,76195.26,133170.47,True,False,0.0,80118.74,-0.0827,0.941,1.4506
2026-08-27T19:15:33Z,HBARUSDT,COOLING,SELL,3.19,0.0,3.19,1.27,0.0,46660.78,48886.6,True,False,-0.0127,80118.74,-0.0827,2.013,0.0788
2026-08-27T19:15:35Z,RIZEUSDT,IMPULSE,NONE,0.0,0.0,0.0,31.15,-12.49,242.14,99.65,True,False,0.0623,80118.74,-0.0827,0.96,0.004824
2026-08-27T19:15:37Z,WUSDT,COOLING,BUY,0.0,0.03,0.03,10.42,-1.04,15444.28,62250.7,True,False,0.0052,80118.74,-0.0827,1.178,0.0096
2026-08-27T19:15:40Z,REDUSDT,COOLING,NONE,0.0,0.0,0.0,10.22,0.0,6045.17,2863.66,True,False,0.0,80118.74,-0.0827,1.061,0.10763
2026-08-27T19:16:38Z,XRPUSDT,COOLING,NONE,0.0,0.0,0.0,2.07,0.0,99237.07,112361.2,True,False,0.0,80123.94,0.0065,0.928,1.4504
2026-08-27T19:16:41Z,HBARUSDT,COOLING,NONE,0.0,0.0,0.0,2.54,1.27,45740.58,50332.8,True,False,-0.0064,80123.94,0.0065,0.987,0.07868
2026-08-27T19:16:43Z,RIZEUSDT,IMPULSE,NONE,0.0,0.0,0.0,33.23,-4.16,242.14,99.65,True,False,0.0208,80123.94,0.0065,1.126,0.00482
2026-08-27T19:16:46Z,ZBCNUSDT,IMPULSE,BUY,0.0,0.13,0.13,21.82,0.0,691.5,85.04,True,False,0.0,80123.94,0.0065,1.005,0.0021542
2026-08-27T19:16:48Z,WUSDT,COOLING,NONE,0.0,0.0,0.0,10.4,0.0,18019.07,61341.78,True,False,0.0,80123.94,0.0065,0.918,0.009616
2026-08-27T19:17:21Z,XRPUSDT,COOLING,NONE,0.0,0.0,0.0,2.07,0.0,69078.05,87520.48,True,False,0.0,80163.54,0.0494,1.047,1.4492
2026-08-27T19:17:24Z,HBARUSDT,COOLING,SELL,3.14,0.0,3.14,1.27,0.0,47363.69,49729.91,True,False,0.0,80163.54,0.0494,1.921,0.07867
2026-08-27T19:17:26Z,RIZEUSDT,IMPULSE,NONE,0.0,0.0,0.0,35.31,-2.08,242.14,99.65,True,False,0.0104,80163.54,0.0494,0.976,0.004815
2026-08-27T19:17:28Z,ZBCNUSDT,IMPULSE,NONE,0.0,0.0,0.0,35.1,2.78,688.3,80.13,True,False,-0.0139,80163.54,0.0494,1.011,0.0021589
2026-08-27T19:17:31Z,WUSDT,COOLING,NONE,0.0,0.0,0.0,12.48,0.0,18019.07,61341.78,True,False,0.0,80163.54,0.0494,1.014,0.009619
2026-08-27T19:18:08Z,XRPUSDT,COOLING,BUY,0.0,18.52,18.52,3.45,0.69,106986.77,93371.62,True,True,-0.0172,80162.55,-0.0012,1.94,1.4502
2026-08-27T19:18:11Z,HBARUSDT,COOLING,NONE,0.0,0.0,0.0,1.27,0.0,39052.14,11782.39,True,False,0.0,80162.55,-0.0012,1.008,0.07867
2026-08-27T19:18:13Z,RIZEUSDT,IMPULSE,NONE,0.0,0.0,0.0,37.39,0.0,242.14,99.65,True,False,0.0,80162.55,-0.0012,0.968,0.004815
2026-08-27T19:18:15Z,ZBCNUSDT,IMPULSE,NONE,0.0,0.0,0.0,38.86,5.1,35.37,87.0,True,False,-0.0208,80162.55,-0.0012,1.005,0.0021621
2026-08-27T19:18:17Z,WUSDT,COOLING,NONE,0.0,0.0,0.0,14.58,0.0,9609.79,61297.66,True,False,0.0,80162.55,-0.0012,1.03,0.009615
2026-08-27T19:19:27Z,XRPUSDT,COOLING,NONE,0.0,0.0,0.0,2.06,1.38,41660.86,71971.96,True,False,-0.0069,80206.35,0.0546,1.171,1.4523
2026-08-27T19:19:30Z,HBARUSDT,COOLING,NONE,0.0,0.0,0.0,1.27,-0.0,28619.8,49154.07,True,False,0.0127,80206.35,0.0546,2.054,0.07863
2026-08-27T19:19:32Z,RIZEUSDT,IMPULSE,BUY,0.0,22.07,22.07,41.24,0.0,242.14,127.21,True,False,0.0,80206.35,0.0546,0.966,0.00484
2026-08-27T19:19:34Z,WUSDT,COOLING,NONE,0.0,0.0,0.0,9.36,0.0,17329.54,61297.66,True,False,0.0,80206.35,0.0546,0.941,0.009606
2026-08-27T19:19:35Z,REDUSDT,COOLING,NONE,0.0,0.0,0.0,13.94,0.0,6112.38,6052.34,True,False,0.0,80206.35,0.0546,0.995,0.10747
2026-08-27T19:20:08Z,XRPUSDT,COOLING,BUY,0.0,0.41,0.41,2.07,0.69,80501.31,73626.87,True,False,0.0034,80163.41,-0.0535,1.105,1.4519
2026-08-27T19:20:12Z,HBARUSDT,COOLING,BUY,0.0,38.43,38.43,1.27,0.0,33248.9,49154.07,True,True,0.0,80163.41,-0.0535,2.046,0.07866
2026-08-27T19:20:14Z,RIZEUSDT,IMPULSE,NONE,0.0,0.0,0.0,41.24,0.0,242.14,100.1,True,False,0.0,80163.41,-0.0535,1.073,0.00484
2026-08-27T19:20:17Z,WUSDT,COOLING,SELL,0.01,0.0,0.01,18.75,6.25,9609.79,61297.66,True,False,-0.0312,80163.41,-0.0535,0.964,0.009614
2026-08-27T19:20:20Z,REDUSDT,COOLING,NONE,0.0,0.0,0.0,22.31,0.0,6718.97,5272.57,True,False,0.0,80163.41,-0.0535,0.993,0.10749
2026-08-27T19:20:54Z,XRPUSDT,COOLING,NONE,0.0,0.0,0.0,0.69,0.0,63985.05,81914.45,True,False,0.0,80151.62,-0.0147,0.963,1.4513
2026-08-27T19:20:56Z,HBARUSDT,COOLING,BUY,0.0,0.12,0.12,2.54,1.27,28859.52,25287.67,True,False,0.0064,80151.62,-0.0147,0.93,0.0786
2026-08-27T19:20:59Z,RIZEUSDT,IMPULSE,NONE,0.0,0.0,0.0,41.24,0.0,247.32,100.1,True,False,0.0,80151.62,-0.0147,1.1,0.00484
2026-08-27T19:21:01Z,WUSDT,COOLING,NONE,0.0,0.0,0.0,15.63,0.0,7628.56,62276.56,True,False,0.0,80151.62,-0.0147,1.133,0.009605
2026-08-27T19:21:03Z,REDUSDT,COOLING,NONE,0.0,0.0,0.0,12.09,0.0,4910.58,6142.21,True,False,0.0,80151.62,-0.0147,1.985,0.10753
2026-08-27T19:22:08Z,XRPUSDT,COOLING,NONE,0.0,0.0,0.0,2.06,0.69,55527.07,92370.64,True,False,0.0034,80175.0,0.0292,0.987,1.4538
2026-08-27T19:22:11Z,HBARUSDT,COOLING,NONE,0.0,0.0,0.0,1.27,0.0,26170.44,55228.6,True,False,0.0,80175.0,0.0292,0.957,0.07861
2026-08-27T19:22:13Z,RIZEUSDT,IMPULSE,BUY,0.0,0.04,0.04,53.72,0.0,247.32,100.1,True,False,0.0,80175.0,0.0292,1.136,0.00485
2026-08-27T19:22:15Z,ZBCNUSDT,IMPULSE,NONE,0.0,0.0,0.0,14.39,0.0,84.85,73.97,True,False,0.0,80175.0,0.0292,1.042,0.0021539
2026-08-27T19:22:17Z,WUSDT,COOLING,NONE,0.0,0.0,0.0,11.45,-2.08,13423.24,61341.78,True,False,0.0104,80175.0,0.0292,1.07,0.009608
2026-08-27T19:22:48Z,XRPUSDT,COOLING,NONE,0.0,0.0,0.0,1.38,-0.69,100593.06,45802.1,True,False,-0.0241,80184.68,0.0121,0.987,1.4529
2026-08-27T19:22:50Z,HBARUSDT,COOLING,NONE,0.0,0.0,0.0,1.27,0.0,42900.13,50483.32,True,False,0.0,80184.68,0.0121,0.973,0.07865
2026-08-27T19:22:53Z,RIZEUSDT,IMPULSE,NONE,0.0,0.0,0.0,53.72,0.0,143.25,100.06,True,False,0.0,80184.68,0.0121,1.037,0.004846
2026-08-27T19:22:55Z,ZBCNUSDT,IMPULSE,NONE,0.0,0.0,0.0,14.4,0.0,94.07,67.3,True,False,0.0,80184.68,0.0121,0.954,0.0021535
2026-08-27T19:22:59Z,WUSDT,COOLING,NONE,0.0,0.0,0.0,13.54,0.0,9609.79,61341.78,True,False,0.0,80184.68,0.0121,0.975,0.009608
2026-08-27T19:23:34Z,XRPUSDT,COOLING,BUY,0.15,11.9,11.9,1.38,-0.69,118901.87,111813.49,True,False,-0.0104,80132.53,-0.065,1.951,1.4491
2026-08-27T19:23:36Z,HBARUSDT,COOLING,NONE,0.0,0.0,0.0,1.27,0.0,32528.95,47894.55,True,False,0.0,80132.53,-0.065,1.005,0.07855
2026-08-27T19:23:40Z,RIZEUSDT,IMPULSE,SELL,20.99,0.0,20.99,53.72,0.0,247.32,100.06,True,False,0.0,80132.53,-0.065,2.021,0.004836
2026-08-27T19:23:43Z,ZBCNUSDT,IMPULSE,NONE,0.0,0.0,0.0,14.83,-1.85,84.85,64.61,True,False,0.0093,80132.53,-0.065,1.994,0.0021567
2026-08-27T19:23:45Z,WUSDT,COOLING,NONE,0.0,0.0,0.0,14.6,0.0,15585.8,63067.24,True,False,0.0,80132.53,-0.065,1.032,0.009593
2026-08-27T19:24:49Z,XRPUSDT,COOLING,NONE,0.0,0.0,0.0,2.07,-0.69,76569.16,81130.49,True,False,0.0034,80117.63,-0.0186,2.068,1.4503
2026-08-27T19:24:51Z,HBARUSDT,COOLING,NONE,0.0,0.0,0.0,1.27,0.0,27972.86,24829.98,True,False,0.0,80117.63,-0.0186,1.05,0.07853
2026-08-27T19:24:53Z,RIZEUSDT,IMPULSE,NONE,0.0,0.0,0.0,51.65,0.0,247.32,100.1,True,False,0.0,80117.63,-0.0186,1.154,0.004841
2026-08-27T19:24:56Z,WUSDT,COOLING,NONE,0.0,0.0,0.0,13.56,0.0,15767.82,63067.24,True,False,0.0,80117.63,-0.0186,1.048,0.009589
2026-08-27T19:24:58Z,REDUSDT,COOLING,NONE,0.0,0.0,0.0,13.04,0.0,5527.43,5680.46,True,False,0.0,80117.63,-0.0186,1.084,0.10736
2026-08-27T19:25:27Z,XRPUSDT,COOLING,BUY,4.92,20.75,20.75,2.76,0.0,79139.37,95917.03,True,False,0.0,80114.17,-0.0043,1.053,1.4508
2026-08-27T19:25:30Z,HBARUSDT,COOLING,NONE,0.0,0.0,0.0,1.27,-1.27,20576.72,19476.09,True,False,0.0064,80114.17,-0.0043,1.041,0.07853
2026-08-27T19:25:32Z,RIZEUSDT,IMPULSE,NONE,0.0,0.0,0.0,53.72,2.07,142.44,100.1,True,False,-0.0103,80114.17,-0.0043,1.041,0.00484
2026-08-27T19:25:35Z,WUSDT,COOLING,NONE,0.0,0.0,0.0,15.65,0.0,15767.82,63067.24,True,False,0.0,80114.17,-0.0043,1.057,0.009586
2026-08-27T19:25:37Z,REDUSDT,COOLING,NONE,0.0,0.0,0.0,7.45,0.0,5527.43,5660.57,True,False,0.0,80114.17,-0.0043,1.063,0.10736
2026-08-27T19:26:07Z,XRPUSDT,COOLING,NONE,0.0,0.0,0.0,2.76,0.69,48968.44,75031.9,True,False,-0.0034,80122.89,0.0109,1.111,1.4504
2026-08-27T19:26:08Z,HBARUSDT,COOLING,NONE,0.0,0.0,0.0,1.27,0.0,34484.01,14149.26,True,False,0.0,80122.89,0.0109,0.959,0.07854
2026-08-27T19:26:10Z,RIZEUSDT,IMPULSE,SELL,44.24,0.0,44.24,51.65,4.14,242.14,100.06,True,False,-0.0207,80122.89,0.0109,0.931,0.004841
2026-08-27T19:26:12Z,WUSDT,COOLING,NONE,0.0,0.0,0.0,14.6,0.0,15767.82,63067.24,True,False,0.0,80122.89,0.0109,1.009,0.009586
2026-08-27T19:26:16Z,REDUSDT,COOLING,NONE,0.0,0.0,0.0,7.45,0.0,5527.43,5660.57,True,False,0.0,80122.89,0.0109,2.003,0.10733
2026-08-27T19:27:28Z,XRPUSDT,COOLING,SELL,6.89,3.01,6.89,2.07,-0.69,86531.28,104026.0,True,False,0.0034,80087.95,-0.0436,2.201,1.4509
2026-08-27T19:27:32Z,HBARUSDT,COOLING,SELL,0.01,0.0,0.01,1.27,0.0,41298.92,15327.04,True,False,-0.0127,80087.95,-0.0436,1.43,0.07855
2026-08-27T19:27:35Z,RIZEUSDT,IMPULSE,NONE,0.0,0.0,0.0,53.72,0.0,247.32,99.89,True,False,0.0,80087.95,-0.0436,1.428,0.004847
2026-08-27T19:27:39Z,ZBCNUSDT,IMPULSE,NONE,0.0,0.0,0.0,15.34,0.46,669.01,92.35,True,False,0.0209,80087.95,-0.0436,1.585,0.0021519
2026-08-27T19:27:42Z,WUSDT,COOLING,NONE,0.0,0.0,0.0,14.6,0.0,15767.82,63067.24,True,False,0.0,80087.95,-0.0436,2.154,0.009583
2026-08-27T19:28:21Z,XRPUSDT,COOLING,SELL,0.01,0.0,0.01,2.07,-0.69,97421.92,76857.42,True,False,0.0034,80069.98,-0.0224,1.003,1.4515
2026-08-27T19:28:23Z,HBARUSDT,COOLING,NONE,0.0,0.0,0.0,1.27,0.0,39396.37,14920.59,True,False,0.0,80069.98,-0.0224,0.972,0.07849
2026-08-27T19:28:25Z,RIZEUSDT,IMPULSE,NONE,0.0,0.0,0.0,20.7,-26.81,247.32,99.85,True,False,-0.1962,80069.98,-0.0224,1.93,0.004844
2026-08-27T19:28:27Z,ZBCNUSDT,IMPULSE,NONE,0.0,0.0,0.0,13.48,0.0,669.01,81.27,True,False,0.0,80069.98,-0.0224,0.964,0.0021512
2026-08-27T19:28:30Z,WUSDT,COOLING,NONE,0.0,0.0,0.0,14.6,0.0,15767.82,63067.24,True,False,0.0,80069.98,-0.0224,0.981,0.009586
2026-08-27T19:29:04Z,XRPUSDT,COOLING,SELL,42.35,0.0,42.35,2.07,-0.69,107966.0,70577.8,True,False,-0.0172,80120.8,0.0635,1.074,1.4518
2026-08-27T19:29:07Z,HBARUSDT,COOLING,NONE,0.0,0.0,0.0,1.27,0.0,25568.78,13838.45,True,False,0.0,80120.8,0.0635,1.072,0.07857
2026-08-27T19:29:09Z,RIZEUSDT,IMPULSE,NONE,0.0,0.0,0.0,47.51,-2.07,247.32,99.85,True,False,0.0103,80120.8,0.0635,1.019,0.004843
2026-08-27T19:29:11Z,ZBCNUSDT,IMPULSE,NONE,0.0,0.0,0.0,14.36,-0.46,698.66,81.27,True,False,0.0023,80120.8,0.0635,1.191,0.002157
2026-08-27T19:29:13Z,WUSDT,COOLING,NONE,0.0,0.0,0.0,14.59,0.0,15457.59,62689.97,True,False,0.0,80120.8,0.0635,0.982,0.009591
2026-08-27T19:30:12Z,XRPUSDT,COOLING,NONE,0.0,0.0,0.0,0.69,-2.06,97711.39,130055.55,True,False,-0.0103,80184.55,0.0796,0.954,1.4531
2026-08-27T19:30:15Z,HBARUSDT,COOLING,NONE,0.0,0.0,0.0,1.27,0.0,42908.86,13263.0,True,False,0.0,80184.55,0.0796,0.992,0.07861
2026-08-27T19:30:17Z,RIZEUSDT,IMPULSE,NONE,0.0,0.0,0.0,53.72,0.0,242.14,99.85,True,False,0.0,80184.55,0.0796,0.964,0.004837
2026-08-27T19:30:19Z,ZBCNUSDT,IMPULSE,BUY,0.0,12.07,12.07,16.22,-0.47,687.37,73.41,True,False,0.0209,80184.55,0.0796,0.993,0.0021579
2026-08-27T19:30:22Z,WUSDT,COOLING,NONE,0.0,0.0,0.0,14.6,1.04,9604.87,63052.09,True,False,0.0052,80184.55,0.0796,0.989,0.009588
2026-08-27T19:30:53Z,XRPUSDT,COOLING,BUY,16.3,16.68,16.68,2.06,-1.38,100662.37,143305.03,True,False,0.0138,80194.66,0.0126,2.102,1.4534
2026-08-27T19:30:55Z,HBARUSDT,COOLING,SELL,22.29,0.0,22.29,1.27,-0.0,46107.18,17734.69,True,True,0.0127,80194.66,0.0126,1.017,0.07861
2026-08-27T19:30:57Z,RIZEUSDT,IMPULSE,NONE,0.0,0.0,0.0,53.72,2.07,242.14,99.85,True,False,-0.0103,80194.66,0.0126,1.058,0.004837
2026-08-27T19:31:00Z,ZBCNUSDT,IMPULSE,SELL,4.41,0.0,4.41,56.26,-0.47,421.19,70.66,True,False,0.0023,80194.66,0.0126,2.083,0.0021483
2026-08-27T19:31:04Z,WUSDT,COOLING,BUY,0.0,0.03,0.03,10.42,-2.08,9733.8,62689.97,True,False,-0.0104,80194.66,0.0126,1.079,0.009596
2026-08-27T19:31:38Z,XRPUSDT,COOLING,NONE,0.0,0.0,0.0,2.06,0.0,92024.57,101913.14,True,False,0.0,80192.08,-0.0032,0.935,1.4531
2026-08-27T19:31:40Z,HBARUSDT,COOLING,NONE,0.0,0.0,0.0,1.27,0.0,45799.07,16025.43,True,False,0.0,80192.08,-0.0032,1.926,0.0786
2026-08-27T19:31:44Z,RIZEUSDT,IMPULSE,SELL,1.02,0.0,1.02,51.65,6.21,247.32,99.85,True,False,-0.031,80192.08,-0.0032,2.06,0.004837
2026-08-27T19:31:47Z,ZBCNUSDT,IMPULSE,NONE,0.0,0.0,0.0,41.39,0.0,56.38,77.34,True,False,0.0,80192.08,-0.0032,1.036,0.0021488
2026-08-27T19:31:50Z,WUSDT,COOLING,NONE,0.0,0.0,0.0,14.59,0.0,9733.8,62689.97,True,False,0.0,80192.08,-0.0032,2.051,0.009597
2026-08-27T19:32:57Z,XRPUSDT,COOLING,SELL,14.79,0.0,14.79,0.69,-0.0,91247.22,124597.32,True,False,0.0069,80201.44,0.0117,2.017,1.454
2026-08-27T19:33:00Z,HBARUSDT,COOLING,BUY,0.0,17.52,17.52,1.27,0.0,33071.1,16123.29,True,True,-0.0636,80201.44,0.0117,1.053,0.07859
2026-08-27T19:33:04Z,RIZEUSDT,IMPULSE,NONE,0.0,0.0,0.0,53.72,18.63,247.32,99.85,True,False,-0.0929,80201.44,0.0117,2.02,0.004836
2026-08-27T19:33:06Z,ZBCNUSDT,IMPULSE,NONE,0.0,0.0,0.0,29.75,-2.79,382.65,73.68,True,False,-0.0093,80201.44,0.0117,2.007,0.0021528
2026-08-27T19:33:08Z,WUSDT,COOLING,NONE,0.0,0.0,0.0,15.65,0.0,9928.14,63096.22,True,False,0.0,80201.44,0.0117,0.976,0.009605
2026-08-27T19:33:41Z,XRPUSDT,COOLING,NONE,0.0,0.0,0.0,0.69,-0.69,100092.59,103448.26,True,False,0.0034,80135.0,-0.0828,2.005,1.4516
2026-08-27T19:33:44Z,HBARUSDT,COOLING,NONE,0.0,0.0,0.0,1.27,0.0,34357.44,34125.24,True,False,0.0,80135.0,-0.0828,2.013,0.07865
2026-08-27T19:33:46Z,RIZEUSDT,IMPULSE,NONE,0.0,0.0,0.0,53.72,0.0,143.16,99.85,True,False,0.0,80135.0,-0.0828,0.962,0.004836
2026-08-27T19:33:49Z,ZBCNUSDT,IMPULSE,BUY,8.52,27.57,27.57,26.04,-0.93,62.71,143.52,True,False,0.0046,80135.0,-0.0828,2.108,0.0021514
2026-08-27T19:33:52Z,WUSDT,COOLING,NONE,0.0,0.0,0.0,17.71,0.0,9733.8,62670.54,True,False,0.0,80135.0,-0.0828,1.052,0.009605
2026-08-27T19:34:23Z,XRPUSDT,COOLING,BUY,1.58,29.32,29.32,1.38,0.0,90764.08,69557.28,True,False,-0.0275,80128.45,-0.0082,0.986,1.4517
2026-08-27T19:34:25Z,HBARUSDT,COOLING,NONE,0.0,0.0,0.0,1.27,0.0,34052.84,37778.68,True,False,0.0,80128.45,-0.0082,1.066,0.07861
2026-08-27T19:34:27Z,RIZEUSDT,IMPULSE,NONE,0.0,0.0,0.0,53.72,4.14,247.32,99.85,True,False,-0.0207,80128.45,-0.0082,0.949,0.004842
2026-08-27T19:34:29Z,ZBCNUSDT,IMPULSE,BUY,0.0,36.58,36.58,20.93,-1.39,382.31,143.52,True,True,-0.007,80128.45,-0.0082,1.06,0.0021497
2026-08-27T19:34:31Z,WUSDT,COOLING,NONE,0.0,0.0,0.0,14.59,0.0,9733.8,62689.97,True,False,0.0,80128.45,-0.0082,1.127,0.009597
2026-08-27T19:35:35Z,XRPUSDT,COOLING,BUY,2.19,18.58,18.58,2.76,0.0,91760.16,124467.52,True,False,0.0,80109.83,-0.0232,1.161,1.4513
2026-08-27T19:35:37Z,HBARUSDT,COOLING,BUY,0.0,9.65,9.65,1.27,0.0,44130.32,18276.1,True,False,0.0,80109.83,-0.0232,1.072,0.07857
2026-08-27T19:35:41Z,RIZEUSDT,IMPULSE,NONE,0.0,0.0,0.0,53.72,0.0,242.14,99.85,True,False,0.0,80109.83,-0.0232,1.056,0.004846
2026-08-27T19:35:46Z,ZBCNUSDT,IMPULSE,BUY,0.0,0.28,0.28,16.75,0.0,382.31,87.87,True,False,0.0,80109.83,-0.0232,2.835,0.0021496
2026-08-27T19:35:49Z,WUSDT,COOLING,NONE,0.0,0.0,0.0,13.55,0.0,9733.8,62689.97,True,False,0.0,80109.83,-0.0232,1.015,0.009596
2026-08-27T19:36:26Z,XRPUSDT,COOLING,NONE,0.0,0.0,0.0,2.07,0.0,82794.83,105044.44,True,False,0.0,80093.07,-0.0209,0.956,1.4508
2026-08-27T19:36:28Z,HBARUSDT,COOLING,NONE,0.0,0.0,0.0,1.27,0.0,35396.29,26028.84,True,False,0.0,80093.07,-0.0209,1.075,0.07855
2026-08-27T19:36:30Z,RIZEUSDT,IMPULSE,NONE,0.0,0.0,0.0,53.72,0.0,247.32,89.99,True,False,0.0,80093.07,-0.0209,0.973,0.004848
2026-08-27T19:36:33Z,ZBCNUSDT,IMPULSE,BUY,0.0,5.79,5.79,14.43,-1.85,382.31,99.2,True,False,-0.0465,80093.07,-0.0209,1.971,0.0021488
2026-08-27T19:36:35Z,WUSDT,COOLING,NONE,0.0,0.0,0.0,13.56,0.0,10146.82,63096.22,True,False,0.0,80093.07,-0.0209,1.03,0.009594
2026-08-27T19:37:06Z,XRPUSDT,COOLING,BUY,0.0,11.1,11.1,2.07,0.0,76022.49,96896.84,True,False,0.0,80026.31,-0.0834,1.021,1.4489
2026-08-27T19:37:10Z,HBARUSDT,COOLING,NONE,0.0,0.0,0.0,1.27,0.0,36147.37,13130.04,True,False,-0.0127,80026.31,-0.0834,0.924,0.0785
2026-08-27T19:37:14Z,RIZEUSDT,IMPULSE,NONE,0.0,0.0,0.0,53.72,0.0,242.14,89.92,True,False,0.0,80026.31,-0.0834,1.15,0.004848
2026-08-27T19:37:16Z,ZBCNUSDT,IMPULSE,NONE,0.0,0.0,0.0,15.85,1.87,56.32,81.6,True,False,-0.0186,80026.31,-0.0834,1.027,0.0021456
2026-08-27T19:37:18Z,WUSDT,COOLING,NONE,0.0,0.0,0.0,15.65,1.04,15565.27,62625.22,True,False,0.0052,80026.31,-0.0834,0.975,0.009585
2026-08-27T19:38:26Z,XRPUSDT,COOLING,BUY,0.0,12.6,12.6,1.38,0.0,63816.54,92738.79,True,False,0.0,80026.16,-0.0002,1.163,1.4503
2026-08-27T19:38:30Z,HBARUSDT,COOLING,NONE,0.0,0.0,0.0,2.55,1.27,38888.08,25874.61,True,False,-0.0064,80026.16,-0.0002,1.116,0.07849
2026-08-27T19:38:33Z,RIZEUSDT,IMPULSE,SELL,0.0,0.0,0.0,53.72,0.0,242.14,120.23,True,False,0.0,80026.16,-0.0002,2.083,0.004848
2026-08-27T19:38:35Z,ZBCNUSDT,IMPULSE,NONE,0.0,0.0,0.0,14.91,0.46,56.32,82.46,True,False,0.007,80026.16,-0.0002,1.098,0.0021464
2026-08-27T19:38:36Z,WUSDT,COOLING,NONE,0.0,0.0,0.0,16.67,0.0,9733.8,62689.97,True,False,0.0,80026.16,-0.0002,0.966,0.009597
2026-08-27T19:39:10Z,XRPUSDT,COOLING,NONE,0.0,0.0,0.0,2.76,0.0,63083.79,80989.33,True,False,0.0,80033.17,0.0088,2.158,1.4499
2026-08-27T19:39:14Z,HBARUSDT,COOLING,BUY,0.0,10.52,10.52,1.27,-0.0,23434.18,37296.53,True,False,0.0127,80033.17,0.0088,3.079,0.07848
2026-08-27T19:39:16Z,RIZEUSDT,IMPULSE,NONE,0.0,0.0,0.0,53.72,0.0,242.14,89.87,True,False,0.0,80033.17,0.0088,1.017,0.004844
2026-08-27T19:39:20Z,ZBCNUSDT,IMPULSE,NONE,0.0,0.0,0.0,13.97,0.0,103.12,95.57,True,False,0.0,80033.17,0.0088,2.106,0.0021472
2026-08-27T19:39:23Z,WUSDT,COOLING,NONE,0.0,0.0,0.0,11.45,0.0,16457.11,61598.89,True,False,0.0,80033.17,0.0088,1.077,0.009605
2026-08-27T19:39:56Z,XRPUSDT,COOLING,NONE,0.0,0.0,0.0,2.07,-0.69,106317.51,95404.61,True,False,0.0034,80006.5,-0.0333,1.027,1.4494
2026-08-27T19:39:59Z,HBARUSDT,COOLING,NONE,0.0,0.0,0.0,1.27,0.0,55483.38,36932.11,True,False,0.0,80006.5,-0.0333,1.13,0.07852
2026-08-27T19:40:02Z,RIZEUSDT,IMPULSE,BUY,0.0,0.05,0.05,35.16,-18.56,242.14,89.92,True,False,-0.093,80006.5,-0.0333,1.123,0.004844
2026-08-27T19:40:04Z,ZBCNUSDT,IMPULSE,NONE,0.0,0.0,0.0,12.58,0.0,55.9,142.95,True,False,0.0,80006.5,-0.0333,0.941,0.0021461
2026-08-27T19:40:07Z,WUSDT,COOLING,NONE,0.0,0.0,0.0,12.49,0.0,15360.71,61598.89,True,False,0.0,80006.5,-0.0333,1.931,0.009604
2026-08-27T19:41:08Z,XRPUSDT,COOLING,NONE,0.0,0.0,0.0,2.07,0.0,107905.93,94679.79,True,False,0.0,79989.82,-0.0208,1.054,1.4489
2026-08-27T19:41:11Z,HBARUSDT,COOLING,NONE,0.0,0.0,0.0,1.27,0.0,25296.58,36311.47,True,False,0.0,79989.82,-0.0208,0.995,0.07851
2026-08-27T19:41:14Z,RIZEUSDT,IMPULSE,NONE,0.0,0.0,0.0,26.82,0.0,242.14,89.92,True,False,0.0,79989.82,-0.0208,1.039,0.004853
2026-08-27T19:41:17Z,ZBCNUSDT,IMPULSE,NONE,0.0,0.0,0.0,11.18,-0.47,55.9,87.66,True,False,0.007,79989.82,-0.0208,2.395,0.0021455
2026-08-27T19:41:20Z,WUSDT,COOLING,NONE,0.0,0.0,0.0,9.36,0.0,16226.64,61598.89,True,False,0.0,79989.82,-0.0208,1.943,0.009615
2026-08-27T19:41:54Z,XRPUSDT,COOLING,BUY,0.0,1.86,1.86,1.38,0.0,98199.54,128538.59,True,False,-0.0069,79983.62,-0.0078,1.071,1.4487
2026-08-27T19:41:56Z,HBARUSDT,COOLING,BUY,0.0,19.73,19.73,1.27,0.0,43722.05,25592.4,True,False,0.0,79983.62,-0.0078,1.538,0.0785
2026-08-27T19:41:58Z,RIZEUSDT,IMPULSE,SELL,0.0,0.0,0.0,26.82,0.0,242.14,89.92,True,False,0.0,79983.62,-0.0078,0.955,0.004853
2026-08-27T19:42:00Z,ZBCNUSDT,IMPULSE,NONE,0.0,0.0,0.0,12.11,0.0,56.14,80.85,True,False,0.0,79983.62,-0.0078,0.945,0.0021472
2026-08-27T19:42:03Z,WUSDT,COOLING,NONE,0.0,0.0,0.0,13.54,2.08,7965.9,62389.81,True,False,-0.0208,79983.62,-0.0078,1.933,0.009608
2026-08-27T19:42:38Z,XRPUSDT,COOLING,NONE,0.0,0.0,0.0,1.38,-0.69,72227.83,85593.6,True,False,-0.0035,79989.99,0.008,1.943,1.449
2026-08-27T19:42:41Z,HBARUSDT,COOLING,NONE,0.0,0.0,0.0,1.27,0.0,21179.48,20767.05,True,False,0.0,79989.99,0.008,1.031,0.0785
2026-08-27T19:42:43Z,RIZEUSDT,IMPULSE,NONE,0.0,0.0,0.0,39.18,-2.06,142.53,89.92,True,False,-0.0103,79989.99,0.008,1.09,0.004855
2026-08-27T19:42:45Z,ZBCNUSDT,IMPULSE,SELL,2.67,0.0,2.67,22.3,-0.47,393.3,52.16,True,False,0.0023,79989.99,0.008,1.07,0.0021531
2026-08-27T19:42:47Z,WUSDT,COOLING,SELL,16.28,0.0,16.28,18.75,11.46,11109.7,2908.67,True,False,-0.0365,79989.99,0.008,0.957,0.009603
2026-08-27T19:43:53Z,XRPUSDT,COOLING,NONE,0.0,0.0,0.0,0.69,0.0,99361.78,69035.63,True,False,0.0,79999.07,0.0114,1.009,1.4484
2026-08-27T19:43:56Z,HBARUSDT,COOLING,NONE,0.0,0.0,0.0,1.27,0.0,40577.25,16242.89,True,False,0.0,79999.07,0.0114,0.973,0.07848
2026-08-27T19:43:59Z,RIZEUSDT,IMPULSE,NONE,0.0,0.0,0.0,39.18,0.0,242.14,90.32,True,False,0.0,79999.07,0.0114,0.961,0.004841
2026-08-27T19:44:01Z,ZBCNUSDT,IMPULSE,NONE,0.0,0.0,0.0,18.57,0.93,382.04,143.26,True,False,0.0093,79999.07,0.0114,1.147,0.0021524
2026-08-27T19:44:03Z,WUSDT,COOLING,NONE,0.0,0.0,0.0,9.37,0.0,9993.21,3072.86,True,False,0.0,79999.07,0.0114,0.996,0.009594
2026-08-27T19:44:40Z,XRPUSDT,COOLING,NONE,0.0,0.0,0.0,2.07,0.69,57815.81,129536.0,True,False,-0.0035,79999.33,0.0003,3.324,1.4488
2026-08-27T19:44:44Z,HBARUSDT,COOLING,NONE,0.0,0.0,0.0,1.27,0.0,40577.25,17244.99,True,False,0.0,79999.33,0.0003,0.984,0.07848
2026-08-27T19:44:46Z,RIZEUSDT,IMPULSE,NONE,0.0,0.0,0.0,39.18,2.06,156.56,90.32,True,False,0.0103,79999.33,0.0003,1.319,0.004841
2026-08-27T19:44:48Z,ZBCNUSDT,IMPULSE,NONE,0.0,0.0,0.0,20.93,0.0,382.04,143.34,True,False,0.0,79999.33,0.0003,0.952,0.0021489
2026-08-27T19:44:51Z,WUSDT,COOLING,NONE,0.0,0.0,0.0,10.41,0.0,9993.21,3072.86,True,False,0.0,79999.33,0.0003,1.612,0.009597
2026-08-27T19:45:26Z,XRPUSDT,COOLING,NONE,0.0,0.0,0.0,0.69,0.0,44566.69,73902.58,True,False,0.0,80021.38,0.0276,0.976,1.4511
2026-08-27T19:45:28Z,HBARUSDT,COOLING,NONE,0.0,0.0,0.0,1.27,-1.27,17934.37,16399.91,True,False,-0.0064,80021.38,0.0276,0.925,0.0786
2026-08-27T19:45:30Z,RIZEUSDT,IMPULSE,SELL,33.1,0.0,33.1,51.51,0.0,242.14,90.32,True,False,0.0,80021.38,0.0276,1.068,0.004841
2026-08-27T19:45:32Z,ZBCNUSDT,IMPULSE,BUY,0.0,65.55,65.55,18.59,-0.92,382.04,143.37,True,True,-0.0232,80021.38,0.0276,0.988,0.0021498
2026-08-27T19:45:35Z,WUSDT,COOLING,NONE,0.0,0.0,0.0,14.53,0.0,17604.33,3780.65,True,False,0.0,80021.38,0.0276,0.965,0.009614
2026-08-27T19:46:41Z,XRPUSDT,COOLING,BUY,0.0,7.93,7.93,3.45,0.69,27703.65,94787.39,True,False,-0.0034,80000.0,-0.0267,0.948,1.4503
2026-08-27T19:46:42Z,HBARUSDT,COOLING,BUY,0.0,54.6,54.6,2.55,0.0,14172.24,42493.43,True,False,-0.0127,80000.0,-0.0267,1.012,0.07855
2026-08-27T19:46:45Z,RIZEUSDT,IMPULSE,NONE,0.0,0.0,0.0,55.48,0.0,242.14,117.44,True,False,0.0,80000.0,-0.0267,0.962,0.004845
2026-08-27T19:46:47Z,ZBCNUSDT,IMPULSE,SELL,0.02,0.0,0.02,18.61,-0.93,98.21,87.8,True,False,-0.0047,80000.0,-0.0267,1.064,0.0021479
2026-08-27T19:46:50Z,WUSDT,COOLING,NONE,0.0,0.0,0.0,13.49,0.0,9746.66,2397.36,True,False,0.0,80000.0,-0.0267,1.999,0.009631
2026-08-27T19:47:22Z,XRPUSDT,COOLING,SELL,22.23,0.0,22.23,1.38,0.0,88866.89,84858.8,True,False,0.0,80000.93,0.0012,0.996,1.4526
2026-08-27T19:47:24Z,HBARUSDT,COOLING,NONE,0.0,0.0,0.0,1.27,0.0,20125.13,23253.9,True,False,0.0,80000.93,0.0012,1.002,0.07858
2026-08-27T19:47:26Z,RIZEUSDT,IMPULSE,NONE,0.0,0.0,0.0,43.18,0.0,253.35,117.44,True,False,0.0,80000.93,0.0012,0.939,0.004853
2026-08-27T19:47:29Z,ZBCNUSDT,IMPULSE,SELL,0.31,0.0,0.31,19.55,1.86,470.98,87.77,True,False,-0.0047,80000.93,0.0012,0.946,0.0021473
2026-08-27T19:47:31Z,WUSDT,COOLING,NONE,0.0,0.0,0.0,15.57,0.0,9746.66,1952.16,True,False,0.0,80000.93,0.0012,0.998,0.009634
2026-08-27T19:48:05Z,XRPUSDT,COOLING,SELL,14.34,8.71,14.34,2.07,0.0,117738.45,103284.88,True,False,0.0,79986.12,-0.0185,1.958,1.4516
2026-08-27T19:48:07Z,HBARUSDT,COOLING,SELL,32.59,4.74,32.59,1.27,-0.0,46261.37,36147.2,True,False,0.0127,79986.12,-0.0185,0.932,0.07857
2026-08-27T19:48:09Z,RIZEUSDT,IMPULSE,NONE,0.0,0.0,0.0,28.81,0.0,242.14,117.44,True,False,0.0,79986.12,-0.0185,1.037,0.004853
2026-08-27T19:48:11Z,ZBCNUSDT,IMPULSE,NONE,0.0,0.0,0.0,26.59,-0.47,381.71,87.74,True,False,-0.0023,79986.12,-0.0185,0.941,0.0021425
2026-08-27T19:48:14Z,WUSDT,COOLING,NONE,0.0,0.0,0.0,14.53,0.0,9746.66,2303.38,True,False,0.0,79986.12,-0.0185,0.951,0.009633
2026-08-27T19:49:14Z,XRPUSDT,COOLING,NONE,0.0,0.0,0.0,2.75,0.0,81865.29,122661.55,True,False,0.0,79996.91,0.0135,0.916,1.4523
2026-08-27T19:49:17Z,HBARUSDT,COOLING,NONE,0.0,0.0,0.0,1.27,0.0,50867.87,17604.37,True,False,0.0,79996.91,0.0135,1.021,0.07856
2026-08-27T19:49:22Z,ZBCNUSDT,IMPULSE,BUY,0.0,12.49,12.49,20.51,-2.32,311.79,190.58,True,False,-0.0256,79996.91,0.0135,1.984,0.0021454
2026-08-27T19:49:24Z,WUSDT,COOLING,SELL,7.22,0.0,7.22,13.52,2.09,10458.68,2380.0,True,False,-0.0831,79996.91,0.0135,1.925,0.009636
2026-08-27T19:49:26Z,REDUSDT,COOLING,NONE,0.0,0.0,0.0,13.04,0.0,6428.32,1970.95,True,False,0.0,79996.91,0.0135,0.942,0.10765
2026-08-27T19:50:02Z,XRPUSDT,COOLING,BUY,0.0,6.73,6.73,2.07,0.0,81407.61,91173.35,True,False,-0.0138,79986.65,-0.0128,1.96,1.452
2026-08-27T19:50:04Z,HBARUSDT,COOLING,NONE,0.0,0.0,0.0,1.27,0.0,17266.57,13865.89,True,False,0.0,79986.65,-0.0128,0.925,0.07856
2026-08-27T19:50:06Z,ZBCNUSDT,IMPULSE,BUY,0.0,1.63,1.63,18.65,-1.39,311.79,89.33,True,False,-0.021,79986.65,-0.0128,0.993,0.0021449
2026-08-27T19:50:07Z,WUSDT,COOLING,NONE,0.0,0.0,0.0,13.51,0.0,11224.0,3135.36,True,False,0.0,79986.65,-0.0128,1.015,0.009623
2026-08-27T19:50:11Z,REDUSDT,COOLING,NONE,0.0,0.0,0.0,20.5,0.0,6422.89,1970.95,True,False,0.0,79986.65,-0.0128,1.001,0.10733
2026-08-27T19:50:44Z,XRPUSDT,COOLING,BUY,0.0,13.01,13.01,2.76,0.0,35970.82,567257.74,True,False,0.0,80009.49,0.0286,0.924,1.4481
2026-08-27T19:50:47Z,HBARUSDT,COOLING,NONE,0.0,0.0,0.0,1.27,0.0,30686.08,30946.48,True,False,0.0,80009.49,0.0286,1.974,0.07847
2026-08-27T19:50:50Z,ZBCNUSDT,IMPULSE,NONE,0.0,0.0,0.0,17.72,0.93,43.81,143.26,True,False,0.0047,80009.49,0.0286,0.978,0.0021438
2026-08-27T19:50:53Z,WUSDT,COOLING,NONE,0.0,0.0,0.0,13.51,0.0,10816.0,3135.36,True,False,0.0,80009.49,0.0286,1.072,0.009628
2026-08-27T19:50:56Z,REDUSDT,COOLING,NONE,0.0,0.0,0.0,13.04,0.0,6428.32,3192.17,True,False,0.0,80009.49,0.0286,1.951,0.10736
2026-08-27T19:51:57Z,XRPUSDT,COOLING,NONE,0.0,0.0,0.0,1.38,0.0,38572.46,541106.47,True,False,0.0,79966.39,-0.0539,1.054,1.4462
2026-08-27T19:52:00Z,HBARUSDT,COOLING,NONE,0.0,0.0,0.0,1.27,0.0,40082.0,18690.34,True,False,0.0,79966.39,-0.0539,2.014,0.07847
2026-08-27T19:52:03Z,ZBCNUSDT,IMPULSE,NONE,0.0,0.0,0.0,13.07,-1.86,43.81,87.84,True,False,-0.042,79966.39,-0.0539,1.928,0.0021424
2026-08-27T19:52:05Z,WUSDT,COOLING,BUY,0.0,3.36,3.36,13.51,3.11,9186.69,3131.81,True,False,0.0884,79966.39,-0.0539,0.95,0.009624
2026-08-27T19:52:08Z,REDUSDT,COOLING,NONE,0.0,0.0,0.0,13.04,0.0,6592.29,2995.96,True,False,0.0,79966.39,-0.0539,0.976,0.10733
2026-08-27T19:52:44Z,XRPUSDT,COOLING,SELL,22.72,0.0,22.72,2.76,0.0,49027.22,101399.22,True,False,0.0,80029.99,0.0795,0.984,1.4492
2026-08-27T19:52:46Z,HBARUSDT,COOLING,BUY,0.0,5.95,5.95,2.55,0.0,30397.78,21394.83,True,False,-0.0127,80029.99,0.0795,1.038,0.07849
2026-08-27T19:52:49Z,ZBCNUSDT,IMPULSE,BUY,0.0,60.36,60.36,17.7,0.48,31.76,176.78,True,False,-0.0907,80029.99,0.0795,0.97,0.0021452
2026-08-27T19:52:52Z,WUSDT,COOLING,NONE,0.0,0.0,0.0,14.54,0.0,9192.84,3041.99,True,False,0.0,80029.99,0.0795,1.073,0.009623
2026-08-27T19:52:54Z,REDUSDT,COOLING,NONE,0.0,0.0,0.0,14.89,0.0,6597.86,5475.05,True,False,0.0,80029.99,0.0795,1.111,0.10735
2026-08-27T19:53:30Z,XRPUSDT,COOLING,NONE,0.0,0.0,0.0,1.38,0.0,41518.89,81671.63,True,False,0.0,80018.85,-0.0139,1.036,1.4495
2026-08-27T19:53:33Z,HBARUSDT,COOLING,NONE,0.0,0.0,0.0,1.27,0.0,43446.98,34432.67,True,False,0.0,80018.85,-0.0139,0.937,0.0785
2026-08-27T19:53:35Z,ZBCNUSDT,IMPULSE,NONE,0.0,0.0,0.0,13.97,0.93,37.09,143.31,True,False,-0.0186,80018.85,-0.0139,1.028,0.0021464
2026-08-27T19:53:38Z,WUSDT,COOLING,NONE,0.0,0.0,0.0,12.46,0.0,8892.69,3041.99,True,False,0.0,80018.85,-0.0139,0.979,0.009627
2026-08-27T19:53:40Z,REDUSDT,COOLING,NONE,0.0,0.0,0.0,14.89,0.0,6597.86,5475.05,True,False,0.0,80018.85,-0.0139,1.004,0.10744
2026-08-27T19:54:45Z,XRPUSDT,COOLING,NONE,0.0,0.0,0.0,2.07,0.0,30826.2,84547.35,True,False,0.0,80024.99,0.0077,1.987,1.4525
2026-08-27T19:54:48Z,HBARUSDT,COOLING,NONE,0.0,0.0,0.0,1.27,0.0,41117.85,34727.64,True,False,0.0,80024.99,0.0077,1.939,0.07852
2026-08-27T19:54:50Z,ZBCNUSDT,IMPULSE,NONE,0.0,0.0,0.0,16.32,0.0,76.39,143.2,True,False,0.0,80024.99,0.0077,0.929,0.0021451
2026-08-27T19:54:53Z,WUSDT,COOLING,NONE,0.0,0.0,0.0,12.43,0.0,15607.58,6922.08,True,False,0.0,80024.99,0.0077,0.925,0.009654
2026-08-27T19:54:55Z,REDUSDT,COOLING,NONE,0.0,0.0,0.0,12.09,0.0,5868.47,2682.56,True,False,0.0,80024.99,0.0077,0.967,0.10737
2026-08-27T19:55:32Z,XRPUSDT,COOLING,NONE,0.0,0.0,0.0,2.76,-0.69,53252.96,533616.02,True,False,0.0034,80014.05,-0.0137,0.988,1.4511
2026-08-27T19:55:34Z,HBARUSDT,COOLING,NONE,0.0,0.0,0.0,1.27,0.0,36846.65,39626.99,True,False,0.0,80014.05,-0.0137,1.023,0.07853
2026-08-27T19:55:38Z,ZBCNUSDT,IMPULSE,NONE,0.0,0.0,0.0,14.9,1.86,31.76,143.02,True,False,0.0559,80014.05,-0.0137,1.953,0.0021441
2026-08-27T19:55:40Z,WUSDT,COOLING,NONE,0.0,0.0,0.0,14.52,0.0,11344.91,2697.05,True,False,0.0,80014.05,-0.0137,0.954,0.009649
2026-08-27T19:55:43Z,REDUSDT,COOLING,NONE,0.0,0.0,0.0,14.89,0.0,6445.66,6635.03,True,False,0.0,80014.05,-0.0137,0.925,0.10752
2026-08-27T19:56:14Z,XRPUSDT,COOLING,NONE,0.0,0.0,0.0,2.76,0.0,60850.64,522837.6,True,False,0.0,80016.83,0.0035,0.959,1.4515
2026-08-27T19:56:18Z,HBARUSDT,COOLING,NONE,0.0,0.0,0.0,1.27,0.0,42471.31,21024.08,True,False,0.0,80016.83,0.0035,0.968,0.07852
2026-08-27T19:56:21Z,ZBCNUSDT,IMPULSE,NONE,0.0,0.0,0.0,14.91,0.94,49.5,87.73,True,False,-0.0466,80016.83,0.0035,0.972,0.0021471
2026-08-27T19:56:22Z,WUSDT,COOLING,NONE,0.0,0.0,0.0,16.61,0.0,11637.64,2697.05,True,False,0.0,80016.83,0.0035,1.011,0.009649
2026-08-27T19:56:24Z,REDUSDT,COOLING,NONE,0.0,0.0,0.0,13.04,0.0,5490.05,5401.94,True,False,0.0,80016.83,0.0035,1.005,0.10746
2026-08-27T19:57:24Z,XRPUSDT,COOLING,BUY,0.0,25.95,25.95,2.07,0.0,52559.03,110234.53,True,False,0.0,79981.61,-0.044,0.916,1.4496
2026-08-27T19:57:27Z,HBARUSDT,COOLING,NONE,0.0,0.0,0.0,1.27,0.0,38031.4,24859.58,True,False,0.0,79981.61,-0.044,2.043,0.07845
2026-08-27T19:57:32Z,ZBCNUSDT,IMPULSE,BUY,0.0,19.24,19.24,16.31,2.78,51.48,143.22,True,False,0.0933,79981.61,-0.044,2.014,0.0021452
2026-08-27T19:57:35Z,WUSDT,COOLING,NONE,0.0,0.0,0.0,13.48,0.0,8104.0,2703.64,True,False,0.0,79981.61,-0.044,0.993,0.009644
2026-08-27T19:57:38Z,REDUSDT,COOLING,NONE,0.0,0.0,0.0,13.04,0.0,5329.65,2782.09,True,False,0.0,79981.61,-0.044,1.909,0.1073
2026-08-27T19:58:12Z,XRPUSDT,COOLING,NONE,0.0,0.0,0.0,2.76,0.0,47202.95,519566.37,True,False,0.0,79961.88,-0.0247,1.094,1.4486
2026-08-27T19:58:15Z,HBARUSDT,COOLING,NONE,0.0,0.0,0.0,2.55,1.27,31688.94,34232.95,True,False,-0.0064,79961.88,-0.0247,0.996,0.07845
2026-08-27T19:58:17Z,ZBCNUSDT,IMPULSE,NONE,0.0,0.0,0.0,14.45,0.0,52.76,143.22,True,False,0.0,79961.88,-0.0247,0.938,0.0021445
2026-08-27T19:58:20Z,WUSDT,COOLING,NONE,0.0,0.0,0.0,16.61,0.0,8723.11,2878.2,True,False,0.0,79961.88,-0.0247,1.948,0.009637
2026-08-27T19:58:22Z,REDUSDT,COOLING,NONE,0.0,0.0,0.0,13.04,0.0,5329.65,2782.09,True,False,0.0,79961.88,-0.0247,1.15,0.10736
2026-08-27T19:58:54Z,XRPUSDT,COOLING,NONE,0.0,0.0,0.0,2.76,0.0,72291.66,86260.26,True,False,0.0,79950.77,-0.0139,1.143,1.4499
2026-08-27T19:58:56Z,HBARUSDT,COOLING,NONE,0.0,0.0,0.0,1.27,0.0,21579.02,33302.49,True,False,0.0,79950.77,-0.0139,1.002,0.07845
2026-08-27T19:58:57Z,ZBCNUSDT,IMPULSE,NONE,0.0,0.0,0.0,13.53,0.47,51.48,143.1,True,False,-0.0163,79950.77,-0.0139,0.955,0.0021445
2026-08-27T19:59:00Z,WUSDT,COOLING,NONE,0.0,0.0,0.0,7.26,-3.11,8948.65,2703.64,True,False,-0.0156,79950.77,-0.0139,0.973,0.009637
2026-08-27T19:59:03Z,REDUSDT,COOLING,NONE,0.0,0.0,0.0,13.04,0.0,5329.65,2782.09,True,False,0.0,79950.77,-0.0139,1.122,0.10738
2026-08-27T20:00:06Z,XRPUSDT,COOLING,SELL,15.6,0.0,15.6,2.75,0.0,57501.37,27006.9,True,False,-0.0344,79910.85,-0.0499,1.969,1.4559
2026-08-27T20:00:08Z,HBARUSDT,COOLING,SELL,63.62,0.0,63.62,1.27,-0.0,43801.48,18967.53,True,False,0.0127,79910.85,-0.0499,0.954,0.07849
2026-08-27T20:00:11Z,ZBCNUSDT,IMPULSE,NONE,0.0,0.0,0.0,11.21,0.0,43.81,87.56,True,False,0.0,79910.85,-0.0499,0.995,0.0021411
2026-08-27T20:00:13Z,WUSDT,COOLING,SELL,22.48,5.54,22.48,10.37,0.0,5393.84,2878.2,True,False,0.0,79910.85,-0.0499,1.094,0.009634
2026-08-27T20:00:17Z,REDUSDT,COOLING,BUY,0.0,12.63,12.63,12.13,-2.81,5308.91,4304.93,True,False,0.0794,79910.85,-0.0499,2.029,0.1072
2026-08-27T20:00:52Z,XRPUSDT,COOLING,SELL,27.2,0.0,27.2,2.75,0.69,79474.11,34931.34,True,False,0.0241,79898.47,-0.0155,0.999,1.455
2026-08-27T20:00:54Z,HBARUSDT,COOLING,NONE,0.0,0.0,0.0,1.27,0.0,38183.15,15927.58,True,False,0.0,79898.47,-0.0155,0.96,0.07851
2026-08-27T20:00:57Z,ZBCNUSDT,IMPULSE,BUY,0.0,46.53,46.53,69.56,2.81,90.74,242.26,True,False,0.0141,79898.47,-0.0155,1.196,0.0021287
2026-08-27T20:00:59Z,WUSDT,COOLING,NONE,0.0,0.0,0.0,16.6,0.0,3134.75,2878.2,True,False,0.0,79898.47,-0.0155,0.924,0.009637
2026-08-27T20:01:02Z,REDUSDT,COOLING,NONE,0.0,0.0,0.0,14.95,0.0,5308.91,5783.37,True,False,0.0,79898.47,-0.0155,1.467,0.10708
2026-08-27T20:01:33Z,XRPUSDT,COOLING,NONE,0.0,0.0,0.0,2.06,0.0,33313.09,559834.19,True,False,0.0,79887.17,-0.0141,1.004,1.4541
2026-08-27T20:01:35Z,HBARUSDT,COOLING,NONE,0.0,0.0,0.0,1.27,0.0,44091.81,18397.02,True,False,0.0,79887.17,-0.0141,0.98,0.07851
2026-08-27T20:01:37Z,ZBCNUSDT,IMPULSE,NONE,0.0,0.0,0.0,57.37,0.0,81.32,102.96,True,False,0.0,79887.17,-0.0141,1.041,0.0021235
2026-08-27T20:01:39Z,WUSDT,COOLING,NONE,0.0,0.0,0.0,15.57,0.0,9251.22,2920.82,True,False,0.0,79887.17,-0.0141,0.976,0.009632
2026-08-27T20:01:41Z,REDUSDT,COOLING,NONE,0.0,0.0,0.0,14.95,0.0,5308.91,7855.47,True,False,0.0,79887.17,-0.0141,1.114,0.10703
2026-08-27T20:02:47Z,XRPUSDT,COOLING,SELL,15.59,0.0,15.59,2.76,0.69,54253.51,164800.98,True,False,-0.0034,79876.57,-0.0133,0.943,1.4508
2026-08-27T20:02:51Z,HBARUSDT,COOLING,NONE,0.0,0.0,0.0,1.27,0.0,44669.84,29831.51,True,False,0.0,79876.57,-0.0133,2.005,0.07843
2026-08-27T20:02:53Z,ZBCNUSDT,IMPULSE,NONE,0.0,0.0,0.0,2.82,0.0,96.73,106.92,True,False,0.0,79876.57,-0.0133,0.944,0.0021231
2026-08-27T20:02:56Z,WUSDT,COOLING,SELL,14.05,0.0,14.05,11.42,-4.16,12319.86,3728.41,True,False,0.0727,79876.57,-0.0133,1.974,0.00963
2026-08-27T20:02:59Z,REDUSDT,COOLING,NONE,0.0,0.0,0.0,22.56,0.0,6711.5,1263.84,True,False,0.0,79876.57,-0.0133,0.99,0.10649
2026-08-27T20:03:34Z,XRPUSDT,COOLING,NONE,0.0,0.0,0.0,3.44,2.07,41538.94,102113.25,True,False,0.0448,79925.0,0.0606,0.938,1.4506
2026-08-27T20:03:38Z,HBARUSDT,COOLING,NONE,0.0,0.0,0.0,1.27,0.0,44839.65,34824.49,True,False,0.0,79925.0,0.0606,1.969,0.07844
2026-08-27T20:03:40Z,ZBCNUSDT,IMPULSE,BUY,0.0,11.59,11.59,28.26,0.0,165.89,272.01,True,False,0.0,79925.0,0.0606,0.966,0.0021275
2026-08-27T20:03:42Z,WUSDT,COOLING,NONE,0.0,0.0,0.0,11.42,0.0,9251.22,3060.26,True,False,0.0,79925.0,0.0606,0.976,0.00963
2026-08-27T20:03:44Z,REDUSDT,COOLING,NONE,0.0,0.0,0.0,22.56,0.0,4779.3,2045.5,True,False,0.0,79925.0,0.0606,0.962,0.10664
2026-08-27T20:04:15Z,XRPUSDT,COOLING,SELL,18.61,0.0,18.61,2.76,0.0,46815.6,96123.14,True,False,0.0,79895.06,-0.0375,0.957,1.451
2026-08-27T20:04:17Z,HBARUSDT,COOLING,NONE,0.0,0.0,0.0,1.28,0.0,36888.86,20269.36,True,False,0.0,79895.06,-0.0375,0.918,0.07839
2026-08-27T20:04:19Z,ZBCNUSDT,IMPULSE,NONE,0.0,0.0,0.0,16.02,0.0,165.89,106.97,True,False,0.0,79895.06,-0.0375,1.038,0.0021218
2026-08-27T20:04:21Z,WUSDT,COOLING,NONE,0.0,0.0,0.0,15.58,0.0,12319.86,3910.25,True,False,0.0,79895.06,-0.0375,1.037,0.009625
2026-08-27T20:04:24Z,REDUSDT,COOLING,NONE,0.0,0.0,0.0,21.62,0.0,4816.9,1997.94,True,False,0.0,79895.06,-0.0375,0.944,0.10647
2026-08-27T20:05:30Z,XRPUSDT,COOLING,NONE,0.0,0.0,0.0,2.76,-0.69,46017.87,94086.19,True,False,0.0034,79905.53,0.0131,0.985,1.4499
2026-08-27T20:05:32Z,HBARUSDT,COOLING,BUY,37.19,64.18,64.18,2.55,-1.28,28381.31,33016.39,True,False,0.0191,79905.53,0.0131,0.95,0.07835
2026-08-27T20:05:35Z,ZBCNUSDT,IMPULSE,NONE,0.0,0.0,0.0,23.57,-0.47,207.55,230.3,True,False,-0.0024,79905.53,0.0131,1.964,0.0021217
2026-08-27T20:05:37Z,WUSDT,COOLING,NONE,0.0,0.0,0.0,13.52,0.0,8452.0,3497.54,True,False,0.0,79905.53,0.0131,1.002,0.009625
2026-08-27T20:05:39Z,REDUSDT,COOLING,NONE,0.0,0.0,0.0,10.33,0.0,11125.09,1821.41,True,False,0.0,79905.53,0.0131,0.982,0.10631
2026-08-27T20:06:11Z,XRPUSDT,COOLING,BUY,0.0,14.16,14.16,2.75,-0.0,35999.75,96416.22,True,False,0.0413,79995.01,0.112,2.007,1.453
2026-08-27T20:06:14Z,HBARUSDT,COOLING,NONE,0.0,0.0,0.0,1.27,0.0,35187.39,32364.51,True,False,0.0,79995.01,0.112,0.925,0.07842
2026-08-27T20:06:16Z,ZBCNUSDT,IMPULSE,NONE,0.0,0.0,0.0,25.38,1.85,586.66,86.03,True,False,0.1224,79995.01,0.112,1.006,0.0021245
2026-08-27T20:06:19Z,WUSDT,COOLING,NONE,0.0,0.0,0.0,11.42,0.0,15815.48,3113.74,True,False,0.0,79995.01,0.112,1.274,0.009627
2026-08-27T20:06:21Z,REDUSDT,COOLING,NONE,0.0,0.0,0.0,11.26,0.0,8655.23,1871.14,True,False,0.0,79995.01,0.112,0.995,0.10631
2026-08-27T20:06:55Z,XRPUSDT,COOLING,BUY,0.0,16.75,16.75,2.06,0.0,44763.22,67145.47,True,False,-0.0138,80034.41,0.0493,1.033,1.4548
2026-08-27T20:06:58Z,HBARUSDT,COOLING,BUY,9.13,15.03,15.03,1.28,0.0,42480.87,11393.74,True,False,-0.0255,80034.41,0.0493,1.04,0.07842
2026-08-27T20:07:01Z,ZBCNUSDT,IMPULSE,NONE,0.0,0.0,0.0,24.94,0.0,586.66,107.02,True,False,0.0,80034.41,0.0493,0.981,0.0021247
2026-08-27T20:07:03Z,WUSDT,COOLING,NONE,0.0,0.0,0.0,8.31,0.0,15815.48,3113.74,True,False,0.0,80034.41,0.0493,0.956,0.009626
2026-08-27T20:07:07Z,REDUSDT,COOLING,SELL,25.09,0.0,25.09,11.26,0.0,6474.36,1871.14,True,False,0.0,80034.41,0.0493,2.042,0.10633
2026-08-27T20:08:19Z,XRPUSDT,COOLING,NONE,0.0,0.0,0.0,2.07,0.0,54755.47,142856.72,True,False,0.0,79966.13,-0.0853,0.997,1.4521
2026-08-27T20:08:21Z,HBARUSDT,COOLING,NONE,0.0,0.0,0.0,1.28,0.0,49641.71,19214.32,True,False,0.0,79966.13,-0.0853,0.955,0.07835
2026-08-27T20:08:24Z,ZBCNUSDT,IMPULSE,BUY,0.0,0.13,0.13,12.22,-0.47,56.03,230.3,True,False,-0.0211,79966.13,-0.0853,0.951,0.0021268
2026-08-27T20:08:27Z,WUSDT,COOLING,NONE,0.0,0.0,0.0,9.35,3.12,10640.58,3910.73,True,False,0.0156,79966.13,-0.0853,1.315,0.009615
2026-08-27T20:08:32Z,REDUSDT,COOLING,NONE,0.0,0.0,0.0,19.76,7.53,4794.87,1434.19,True,False,-0.047,79966.13,-0.0853,1.974,0.10633
2026-08-27T20:09:06Z,XRPUSDT,COOLING,BUY,0.0,2.2,2.2,2.76,0.0,56394.48,93532.79,True,False,-0.0758,79975.72,0.012,2.103,1.4524
2026-08-27T20:09:08Z,HBARUSDT,COOLING,BUY,0.0,40.16,40.16,1.28,0.0,43921.82,15361.85,True,False,0.0,79975.72,0.012,1.012,0.07836
2026-08-27T20:09:11Z,ZBCNUSDT,IMPULSE,NONE,0.0,0.0,0.0,48.54,-0.94,591.65,98.37,True,False,-0.0,79975.72,0.012,1.017,0.0021278
2026-08-27T20:09:13Z,WUSDT,COOLING,NONE,0.0,0.0,0.0,9.35,-4.17,10093.53,3497.54,True,False,0.0728,79975.72,0.012,0.947,0.009613
2026-08-27T20:09:15Z,REDUSDT,COOLING,NONE,0.0,0.0,0.0,19.76,0.0,6570.05,1848.24,True,False,0.0,79975.72,0.012,0.971,0.10629
2026-08-27T20:09:49Z,XRPUSDT,COOLING,NONE,0.0,0.0,0.0,2.07,-0.69,42850.8,82546.51,True,False,-0.0034,80015.0,0.0491,2.057,1.4513
2026-08-27T20:09:51Z,HBARUSDT,COOLING,NONE,0.0,0.0,0.0,1.28,0.0,30189.4,26144.47,True,False,0.0,80015.0,0.0491,1.054,0.0784
2026-08-27T20:09:53Z,ZBCNUSDT,IMPULSE,NONE,0.0,0.0,0.0,40.46,0.0,136.65,230.04,True,False,0.0,80015.0,0.0491,1.061,0.002121
2026-08-27T20:09:55Z,WUSDT,COOLING,NONE,0.0,0.0,0.0,11.42,0.0,16653.83,3102.16,True,False,0.0,80015.0,0.0491,0.954,0.009622
2026-08-27T20:09:57Z,REDUSDT,COOLING,NONE,0.0,0.0,0.0,21.62,0.0,6181.82,1590.12,True,False,0.0,80015.0,0.0491,1.08,0.10629
2026-08-27T20:10:59Z,XRPUSDT,COOLING,SELL,20.7,0.0,20.7,4.14,2.07,43277.33,75713.15,True,True,-0.0172,79985.35,-0.0371,1.002,1.4506
2026-08-27T20:11:01Z,HBARUSDT,COOLING,NONE,0.0,0.0,0.0,1.28,0.0,36541.9,12908.16,True,False,0.0,79985.35,-0.0371,0.95,0.07839
2026-08-27T20:11:05Z,ZBCNUSDT,IMPULSE,SELL,29.83,0.0,29.83,28.28,-0.94,174.75,95.28,True,False,0.0047,79985.35,-0.0371,1.988,0.0021209
2026-08-27T20:11:10Z,WUSDT,COOLING,NONE,0.0,0.0,0.0,11.43,0.0,10640.58,3904.92,True,False,0.0,79985.35,-0.0371,1.309,0.009627
2026-08-27T20:11:15Z,REDUSDT,COOLING,NONE,0.0,0.0,0.0,11.29,0.0,6181.82,1742.04,True,False,0.0,79985.35,-0.0371,1.96,0.10627
2026-08-27T20:11:51Z,XRPUSDT,COOLING,NONE,0.0,0.0,0.0,1.38,0.0,40897.46,114323.69,True,False,0.0,79985.0,-0.0004,0.995,1.4505
2026-08-27T20:11:53Z,HBARUSDT,COOLING,NONE,0.0,0.0,0.0,1.28,0.0,45219.45,13732.11,True,False,0.0,79985.0,-0.0004,2.004,0.07839
2026-08-27T20:11:57Z,ZBCNUSDT,IMPULSE,BUY,0.0,28.48,28.48,22.62,0.0,62.44,229.86,True,False,0.0,79985.0,-0.0004,1.94,0.0021212
2026-08-27T20:12:00Z,WUSDT,COOLING,NONE,0.0,0.0,0.0,13.52,0.0,8985.4,3497.54,True,False,0.0,79985.0,-0.0004,1.042,0.009627
2026-08-27T20:12:03Z,REDUSDT,COOLING,NONE,0.0,0.0,0.0,14.12,0.94,6570.05,1228.16,True,False,0.0047,79985.0,-0.0004,1.978,0.10623
2026-08-27T20:12:41Z,XRPUSDT,COOLING,NONE,0.0,0.0,0.0,2.07,-0.0,43119.88,85170.7,True,False,0.0069,79984.71,-0.0004,0.958,1.4503
2026-08-27T20:12:44Z,HBARUSDT,COOLING,SELL,22.29,0.0,22.29,1.28,-0.0,41393.3,14969.73,True,True,0.0255,79984.71,-0.0004,0.997,0.07841
2026-08-27T20:12:49Z,ZBCNUSDT,IMPULSE,NONE,0.0,0.0,0.0,19.75,0.94,51.44,58.24,True,False,0.0235,79984.71,-0.0004,1.975,0.0021265
2026-08-27T20:12:54Z,WUSDT,COOLING,NONE,0.0,0.0,0.0,13.52,0.0,10313.82,3497.54,True,False,0.0,79984.71,-0.0004,0.994,0.009623
2026-08-27T20:12:56Z,REDUSDT,COOLING,NONE,0.0,0.0,0.0,11.29,0.0,7365.48,1458.16,True,False,0.0,79984.71,-0.0004,1.156,0.10623
2026-08-27T20:14:05Z,XRPUSDT,COOLING,BUY,0.0,27.29,27.29,2.76,0.0,40325.5,132777.66,True,False,-0.0207,79961.42,-0.0291,0.954,1.4503
2026-08-27T20:14:09Z,HBARUSDT,COOLING,NONE,0.0,0.0,0.0,1.28,0.0,42331.95,13102.2,True,False,0.0,79961.42,-0.0291,0.965,0.07842
2026-08-27T20:14:13Z,ZBCNUSDT,IMPULSE,BUY,0.0,13.79,13.79,15.51,-0.47,113.69,71.08,True,False,-0.0117,79961.42,-0.0291,0.948,0.0021275
2026-08-27T20:14:15Z,WUSDT,COOLING,NONE,0.0,0.0,0.0,12.48,0.0,10313.82,3497.54,True,False,0.0,79961.42,-0.0291,0.952,0.009618
2026-08-27T20:14:17Z,REDUSDT,COOLING,NONE,0.0,0.0,0.0,21.66,0.0,5574.94,1643.04,True,False,0.0,79961.42,-0.0291,0.971,0.10632
2026-08-27T20:14:53Z,XRPUSDT,COOLING,NONE,0.0,0.0,0.0,2.07,0.69,41127.07,113960.72,True,False,0.0034,79962.49,0.0013,1.256,1.4501
2026-08-27T20:14:56Z,HBARUSDT,COOLING,BUY,0.0,6.32,6.32,1.28,0.0,48221.22,14156.66,True,False,0.0,79962.49,0.0013,1.178,0.0784
2026-08-27T20:14:58Z,ZBCNUSDT,IMPULSE,BUY,0.0,0.09,0.09,14.57,0.0,51.44,230.11,True,False,0.0,79962.49,0.0013,1.029,0.0021277
2026-08-27T20:15:00Z,WUSDT,COOLING,NONE,0.0,0.0,0.0,12.48,0.0,10313.82,3679.15,True,False,0.0,79962.49,0.0013,0.975,0.009613
2026-08-27T20:15:02Z,REDUSDT,COOLING,BUY,0.0,6.97,6.97,9.43,-1.88,5574.94,2278.91,True,False,-0.0942,79962.49,0.0013,0.947,0.1062
2026-08-27T20:15:40Z,XRPUSDT,COOLING,NONE,0.0,0.0,0.0,2.76,0.0,74472.31,95937.75,True,False,0.0,79948.62,-0.0173,0.91,1.4511
2026-08-27T20:15:43Z,HBARUSDT,COOLING,SELL,10.77,0.0,10.77,1.28,-0.0,29964.81,33156.82,True,False,0.0128,79948.62,-0.0173,1.936,0.0784
2026-08-27T20:15:45Z,ZBCNUSDT,IMPULSE,BUY,0.0,40.23,40.23,13.63,0.0,51.44,229.66,True,True,0.0,79948.62,-0.0173,0.978,0.0021272
2026-08-27T20:15:48Z,WUSDT,COOLING,NONE,0.0,0.0,0.0,10.39,0.0,16505.75,4075.03,True,False,0.0,79948.62,-0.0173,2.124,0.009617
2026-08-27T20:15:50Z,REDUSDT,COOLING,NONE,0.0,0.0,0.0,19.79,0.0,5756.54,5037.92,True,False,0.0,79948.62,-0.0173,0.952,0.1061
2026-08-27T20:16:48Z,XRPUSDT,COOLING,BUY,15.8,27.8,27.8,2.06,0.0,65359.92,117138.12,True,False,-0.0069,79946.63,-0.0025,1.009,1.4532
2026-08-27T20:16:50Z,HBARUSDT,COOLING,NONE,0.0,0.0,0.0,1.27,0.0,31749.01,27857.04,True,False,0.0,79946.63,-0.0025,0.976,0.07845
2026-08-27T20:16:53Z,ZBCNUSDT,IMPULSE,SELL,10.46,0.0,10.46,17.34,0.0,51.44,230.22,True,False,0.0,79946.63,-0.0025,1.204,0.0021316
2026-08-27T20:16:57Z,WUSDT,COOLING,NONE,0.0,0.0,0.0,9.33,0.0,14811.37,3410.22,True,False,0.0,79946.63,-0.0025,2.008,0.00964
2026-08-27T20:16:59Z,REDUSDT,COOLING,SELL,81.18,0.0,81.18,14.12,0.0,13668.75,2139.05,True,False,0.0,79946.63,-0.0025,0.977,0.10617
2026-08-27T20:17:29Z,XRPUSDT,COOLING,BUY,0.0,24.85,24.85,2.06,-0.0,99787.43,111945.16,True,True,0.0275,79975.0,0.0355,1.034,1.4544
2026-08-27T20:17:31Z,HBARUSDT,COOLING,NONE,0.0,0.0,0.0,1.27,0.0,29807.83,18040.42,True,False,0.0,79975.0,0.0355,0.944,0.07849
2026-08-27T20:17:33Z,ZBCNUSDT,IMPULSE,NONE,0.0,0.0,0.0,14.52,0.0,44.96,230.34,True,False,0.0,79975.0,0.0355,0.967,0.0021341
2026-08-27T20:17:35Z,WUSDT,COOLING,NONE,0.0,0.0,0.0,13.48,0.0,12022.37,3410.22,True,False,0.0,79975.0,0.0355,1.138,0.009649
2026-08-27T20:17:39Z,REDUSDT,COOLING,NONE,0.0,0.0,0.0,12.23,0.0,6589.6,6916.08,True,False,0.0,79975.0,0.0355,2.026,0.1063
2026-08-27T20:18:13Z,XRPUSDT,COOLING,NONE,0.0,0.0,0.0,2.06,0.0,49702.59,106361.37,True,False,0.0,79984.5,0.0119,2.041,1.4541
2026-08-27T20:18:16Z,HBARUSDT,COOLING,NONE,0.0,0.0,0.0,1.27,0.0,43983.39,37664.77,True,False,0.0,79984.5,0.0119,1.145,0.07852
2026-08-27T20:18:19Z,ZBCNUSDT,IMPULSE,NONE,0.0,0.0,0.0,11.71,0.0,671.01,230.86,True,False,0.0,79984.5,0.0119,2.013,0.0021339
2026-08-27T20:18:22Z,WUSDT,COOLING,NONE,0.0,0.0,0.0,13.48,0.0,12021.12,3410.22,True,False,0.0,79984.5,0.0119,2.0,0.009646
2026-08-27T20:18:24Z,REDUSDT,COOLING,NONE,0.0,0.0,0.0,18.75,-0.94,5915.59,5569.75,True,False,-0.0047,79984.5,0.0119,1.008,0.10633
2026-08-27T20:19:37Z,XRPUSDT,COOLING,NONE,0.0,0.0,0.0,2.75,1.38,39786.03,126980.33,True,False,0.0,79975.93,-0.0107,1.096,1.4529
2026-08-27T20:19:41Z,HBARUSDT,COOLING,NONE,0.0,0.0,0.0,1.27,-0.0,36117.57,24933.06,True,False,0.0127,79975.93,-0.0107,2.074,0.07851
2026-08-27T20:19:45Z,ZBCNUSDT,IMPULSE,NONE,0.0,0.0,0.0,12.19,0.0,671.08,242.33,True,False,0.0,79975.93,-0.0107,2.153,0.0021325
2026-08-27T20:19:47Z,WUSDT,COOLING,NONE,0.0,0.0,0.0,13.48,3.11,8104.0,3410.22,True,False,0.0156,79975.93,-0.0107,1.003,0.009644
2026-08-27T20:19:50Z,REDUSDT,COOLING,NONE,0.0,0.0,0.0,23.45,0.0,5757.81,5484.89,True,False,0.0,79975.93,-0.0107,1.018,0.10662
2026-08-27T20:20:25Z,XRPUSDT,COOLING,SELL,1.38,0.0,1.38,2.75,0.0,38949.89,124707.41,True,False,0.0,80022.77,0.0586,0.933,1.4536
2026-08-27T20:20:28Z,HBARUSDT,COOLING,BUY,11.32,29.43,29.43,1.27,-0.0,29253.69,37781.68,True,False,0.0255,80022.77,0.0586,1.0,0.07858
2026-08-27T20:20:31Z,ZBCNUSDT,IMPULSE,NONE,0.0,0.0,0.0,30.5,19.72,669.77,230.87,True,False,-0.0984,80022.77,0.0586,1.147,0.002133
2026-08-27T20:20:33Z,WUSDT,COOLING,NONE,0.0,0.0,0.0,13.46,0.0,16436.15,6246.9,True,False,0.0,80022.77,0.0586,0.941,0.009641
2026-08-27T20:20:35Z,REDUSDT,COOLING,BUY,0.0,0.01,0.01,16.84,0.0,6114.31,5317.94,True,False,0.0,80022.77,0.0586,1.297,0.10675
2026-08-27T20:21:12Z,XRPUSDT,COOLING,SELL,0.94,0.0,0.94,2.06,-0.69,55727.16,114027.99,True,False,-0.0034,80034.0,0.014,0.959,1.4539
2026-08-27T20:21:16Z,HBARUSDT,COOLING,NONE,0.0,0.0,0.0,1.27,0.0,34392.01,23662.41,True,False,0.0,80034.0,0.014,0.953,0.07858
2026-08-27T20:21:19Z,ZBCNUSDT,IMPULSE,NONE,0.0,0.0,0.0,11.72,0.0,44.96,230.71,True,False,0.0,80034.0,0.014,1.042,0.0021335
2026-08-27T20:21:22Z,WUSDT,COOLING,NONE,0.0,0.0,0.0,14.48,0.0,13802.46,8903.26,True,False,0.0,80034.0,0.014,0.982,0.00966
2026-08-27T20:21:24Z,REDUSDT,COOLING,NONE,0.0,0.0,0.0,14.02,0.0,4724.78,3085.36,True,False,0.0,80034.0,0.014,0.961,0.10685
2026-08-27T20:22:30Z,XRPUSDT,COOLING,NONE,0.0,0.0,0.0,2.05,-0.68,36019.26,60196.45,True,False,0.0034,80096.15,0.0777,0.959,1.4603
2026-08-27T20:22:35Z,HBARUSDT,COOLING,BUY,0.0,5.58,5.58,1.27,0.0,22054.38,30440.12,True,False,-0.0127,80096.15,0.0777,1.94,0.07876
2026-08-27T20:22:38Z,ZBCNUSDT,IMPULSE,NONE,0.0,0.0,0.0,15.92,-0.94,44.96,230.73,True,False,-0.0047,80096.15,0.0777,1.947,0.0021359
2026-08-27T20:22:41Z,REDUSDT,COOLING,NONE,0.0,0.0,0.0,13.97,0.0,5136.79,5842.16,True,False,0.0,80096.15,0.0777,1.066,0.10731
2026-08-27T20:22:44Z,CCUSDT,COOLING,NONE,0.0,0.0,0.0,8.95,0.0,2464.38,1501.33,True,False,0.0,80096.15,0.0777,2.336,0.11176
2026-08-27T20:23:20Z,XRPUSDT,COOLING,SELL,23.29,0.0,23.29,1.37,0.0,60243.88,95678.46,True,False,0.0,80050.01,-0.0576,0.963,1.4572
2026-08-27T20:23:22Z,HBARUSDT,COOLING,NONE,0.0,0.0,0.0,1.27,0.0,14480.3,12611.8,True,False,0.0,80050.01,-0.0576,0.976,0.07876
2026-08-27T20:23:24Z,ZBCNUSDT,IMPULSE,BUY,0.0,27.81,27.81,14.54,-0.47,44.96,338.09,True,False,0.0023,80050.01,-0.0576,1.142,0.0021338
2026-08-27T20:23:26Z,REDUSDT,COOLING,NONE,0.0,0.0,0.0,13.04,0.0,5011.65,5544.85,True,False,0.0,80050.01,-0.0576,1.042,0.10731
2026-08-27T20:23:28Z,CCUSDT,COOLING,NONE,0.0,0.0,0.0,10.73,0.0,1496.38,14807.04,True,False,0.0,80050.01,-0.0576,1.228,0.11179
2026-08-27T20:24:03Z,XRPUSDT,COOLING,SELL,13.47,0.0,13.47,2.74,0.0,86326.48,108137.67,True,False,-0.0069,80052.24,0.0028,1.961,1.4579
2026-08-27T20:24:06Z,HBARUSDT,COOLING,BUY,0.0,34.28,34.28,1.27,-0.0,19640.46,29739.93,True,False,0.0127,80052.24,0.0028,1.027,0.07875
2026-08-27T20:24:08Z,ZBCNUSDT,IMPULSE,NONE,0.0,0.0,0.0,13.6,-1.87,44.96,230.68,True,False,-0.0094,80052.24,0.0028,0.996,0.0021323
2026-08-27T20:24:11Z,REDUSDT,COOLING,NONE,0.0,0.0,0.0,20.5,0.0,5005.55,5544.33,True,False,0.0,80052.24,0.0028,1.058,0.10731
2026-08-27T20:24:14Z,CCUSDT,COOLING,NONE,0.0,0.0,0.0,8.94,0.0,1495.57,9277.77,True,False,0.0,80052.24,0.0028,1.243,0.11196
2026-08-27T20:25:17Z,XRPUSDT,COOLING,NONE,0.0,0.0,0.0,2.06,0.69,44842.96,110222.33,True,False,0.0034,80017.89,-0.0429,1.023,1.4568
2026-08-27T20:25:20Z,HBARUSDT,COOLING,NONE,0.0,0.0,0.0,1.27,0.0,35481.73,23190.85,True,False,0.0,80017.89,-0.0429,0.937,0.07876
2026-08-27T20:25:22Z,ZBCNUSDT,IMPULSE,NONE,0.0,0.0,0.0,8.44,-0.94,99.44,230.82,True,False,0.0,80017.89,-0.0429,0.999,0.0021322
2026-08-27T20:25:24Z,REDUSDT,COOLING,NONE,0.0,0.0,0.0,19.57,0.0,5005.55,5544.33,True,False,0.0,80017.89,-0.0429,0.976,0.10736
2026-08-27T20:25:27Z,CCUSDT,COOLING,NONE,0.0,0.0,0.0,6.26,0.0,1496.91,1502.01,True,False,0.0,80017.89,-0.0429,1.023,0.11193
2026-08-27T20:26:03Z,XRPUSDT,COOLING,BUY,0.0,12.29,12.29,2.06,0.0,42561.61,118386.49,True,False,0.0,80012.47,-0.0068,1.946,1.4578
2026-08-27T20:26:05Z,HBARUSDT,COOLING,NONE,0.0,0.0,0.0,1.27,0.0,20301.97,31177.74,True,False,0.0,80012.47,-0.0068,0.983,0.07873
2026-08-27T20:26:08Z,ZBCNUSDT,IMPULSE,NONE,0.0,0.0,0.0,11.24,0.47,44.96,230.67,True,False,-0.0164,80012.47,-0.0068,0.992,0.0021357
2026-08-27T20:26:12Z,REDUSDT,COOLING,NONE,0.0,0.0,0.0,19.57,0.0,5005.55,5544.33,True,False,0.0,80012.47,-0.0068,1.987,0.1073
2026-08-27T20:26:15Z,CCUSDT,COOLING,NONE,0.0,0.0,0.0,6.23,-0.91,2345.88,1513.12,True,False,0.308,80012.47,-0.0068,1.992,0.11196
2026-08-27T20:26:47Z,XRPUSDT,COOLING,NONE,0.0,0.0,0.0,3.43,0.0,49600.81,118511.36,True,False,0.0,79994.97,-0.0219,0.931,1.4566
2026-08-27T20:26:49Z,HBARUSDT,COOLING,SELL,55.91,0.0,55.91,1.27,-1.27,32729.73,35715.21,True,False,0.0063,79994.97,-0.0219,1.017,0.07877
2026-08-27T20:26:51Z,ZBCNUSDT,IMPULSE,NONE,0.0,0.0,0.0,12.65,0.47,35.42,230.67,True,False,0.007,79994.97,-0.0219,0.96,0.0021344
2026-08-27T20:26:53Z,REDUSDT,COOLING,NONE,0.0,0.0,0.0,12.11,0.0,5005.55,5544.33,True,False,0.0,79994.97,-0.0219,1.029,0.10733
2026-08-27T20:26:55Z,CCUSDT,COOLING,BUY,0.0,0.36,0.36,11.6,1.79,23808.75,14791.47,True,False,-0.0357,79994.97,-0.0219,1.003,0.1121
2026-08-27T20:28:03Z,XRPUSDT,COOLING,NONE,0.0,0.0,0.0,2.75,0.69,56211.75,103117.81,True,False,0.0034,80019.54,0.0307,0.971,1.4569
2026-08-27T20:28:05Z,HBARUSDT,COOLING,NONE,0.0,0.0,0.0,1.27,0.0,25873.13,18405.12,True,False,0.0,80019.54,0.0307,0.985,0.07876
2026-08-27T20:28:06Z,ZBCNUSDT,IMPULSE,NONE,0.0,0.0,0.0,10.77,0.0,46.16,230.67,True,False,0.0,80019.54,0.0307,0.948,0.0021354
2026-08-27T20:28:09Z,REDUSDT,COOLING,NONE,0.0,0.0,0.0,22.34,0.0,6482.99,5526.44,True,False,0.0,80019.54,0.0307,1.009,0.10732
2026-08-27T20:28:11Z,CCUSDT,COOLING,NONE,0.0,0.0,0.0,8.91,0.0,15339.98,14750.17,True,False,0.0,80019.54,0.0307,1.05,0.11229
2026-08-27T20:28:45Z,XRPUSDT,COOLING,NONE,0.0,0.0,0.0,3.44,0.0,42005.07,78163.55,True,False,0.0,80002.91,-0.0208,1.994,1.4554
2026-08-27T20:28:47Z,HBARUSDT,COOLING,BUY,0.0,15.78,15.78,1.27,-0.0,36003.28,17797.05,True,True,0.0127,80002.91,-0.0208,1.062,0.07876
2026-08-27T20:28:50Z,ZBCNUSDT,IMPULSE,NONE,0.0,0.0,0.0,10.77,1.87,679.71,230.67,True,False,0.014,80002.91,-0.0208,0.972,0.0021351
2026-08-27T20:28:52Z,REDUSDT,COOLING,NONE,0.0,0.0,0.0,19.57,0.0,5985.82,7285.58,True,False,0.0,80002.91,-0.0208,1.081,0.10732
2026-08-27T20:28:54Z,CCUSDT,COOLING,NONE,0.0,0.0,0.0,9.81,0.0,1519.91,14945.25,True,False,0.0,80002.91,-0.0208,0.941,0.11227
2026-08-27T20:29:27Z,XRPUSDT,COOLING,SELL,19.85,0.25,19.85,2.75,-0.0,95878.8,95755.19,True,False,0.0069,79986.34,-0.0207,2.113,1.4546
2026-08-27T20:29:30Z,HBARUSDT,COOLING,SELL,54.53,0.0,54.53,1.27,0.0,38232.17,19329.92,True,True,0.0,79986.34,-0.0207,1.007,0.07878
2026-08-27T20:29:32Z,ZBCNUSDT,IMPULSE,NONE,0.0,0.0,0.0,15.92,-0.47,679.71,230.92,True,False,0.0211,79986.34,-0.0207,0.989,0.0021344
2026-08-27T20:29:34Z,REDUSDT,COOLING,NONE,0.0,0.0,0.0,19.57,0.0,5985.82,7232.86,True,False,0.0,79986.34,-0.0207,0.982,0.10731
2026-08-27T20:29:36Z,CCUSDT,COOLING,NONE,0.0,0.0,0.0,8.01,0.0,1504.15,15105.57,True,False,0.0,79986.34,-0.0207,0.992,0.11222
2026-08-27T20:30:42Z,XRPUSDT,COOLING,NONE,0.0,0.0,0.0,1.38,-0.69,31642.18,96475.75,True,False,-0.0034,79982.1,-0.0053,1.148,1.4543
2026-08-27T20:30:44Z,HBARUSDT,COOLING,NONE,0.0,0.0,0.0,1.27,0.0,44003.47,35912.45,True,False,0.0,79982.1,-0.0053,0.948,0.07877
2026-08-27T20:30:47Z,ZBCNUSDT,IMPULSE,NONE,0.0,0.0,0.0,13.11,0.0,679.71,230.67,True,False,0.0,79982.1,-0.0053,0.961,0.002135
2026-08-27T20:30:50Z,REDUSDT,COOLING,NONE,0.0,0.0,0.0,10.26,0.0,5985.82,5677.54,True,False,0.0,79982.1,-0.0053,1.076,0.10724
2026-08-27T20:30:52Z,CCUSDT,COOLING,NONE,0.0,0.0,0.0,7.14,0.0,1500.26,1503.61,True,False,0.0,79982.1,-0.0053,1.113,0.1121
2026-08-27T20:31:28Z,XRPUSDT,COOLING,NONE,0.0,0.0,0.0,2.75,1.38,46778.69,105911.8,True,False,0.0206,79990.93,0.011,0.97,1.454
2026-08-27T20:31:30Z,HBARUSDT,COOLING,BUY,5.15,66.58,66.58,1.27,-1.27,46628.41,35662.66,True,True,0.0063,79990.93,0.011,1.098,0.07877
2026-08-27T20:31:33Z,ZBCNUSDT,IMPULSE,NONE,0.0,0.0,0.0,31.55,0.47,53.51,230.13,True,False,0.0024,79990.93,0.011,0.937,0.0021237
2026-08-27T20:31:36Z,REDUSDT,COOLING,NONE,0.0,0.0,0.0,12.13,0.0,5985.82,3264.39,True,False,0.0,79990.93,0.011,0.973,0.10724
2026-08-27T20:31:37Z,CCUSDT,COOLING,NONE,0.0,0.0,0.0,9.82,0.0,1502.26,1504.42,True,False,0.0,79990.93,0.011,1.078,0.1121
2026-08-27T20:32:15Z,XRPUSDT,COOLING,BUY,2.04,31.24,31.24,2.75,1.37,53841.81,99369.17,True,True,0.0137,79986.4,-0.0057,0.993,1.4546
2026-08-27T20:32:18Z,HBARUSDT,COOLING,NONE,0.0,0.0,0.0,1.27,-1.27,14746.98,23835.59,True,False,-0.0063,79986.4,-0.0057,0.964,0.07877
2026-08-27T20:32:20Z,ZBCNUSDT,IMPULSE,NONE,0.0,0.0,0.0,24.45,-0.47,53.51,231.8,True,False,0.0024,79986.4,-0.0057,1.032,0.002127
2026-08-27T20:32:23Z,REDUSDT,COOLING,NONE,0.0,0.0,0.0,12.13,0.0,7009.26,3676.34,True,False,0.0,79986.4,-0.0057,1.026,0.10712
2026-08-27T20:32:26Z,CCUSDT,COOLING,NONE,0.0,0.0,0.0,10.71,0.0,1500.53,1505.62,True,False,0.0,79986.4,-0.0057,0.969,0.11206
2026-08-27T20:33:32Z,XRPUSDT,COOLING,NONE,0.0,0.0,0.0,2.75,0.0,53624.65,118757.89,True,False,-0.0069,79990.71,0.0054,0.959,1.4539
2026-08-27T20:33:36Z,HBARUSDT,COOLING,NONE,0.0,0.0,0.0,1.27,0.0,25904.37,30468.89,True,False,0.0,79990.71,0.0054,0.989,0.07878
2026-08-27T20:33:39Z,ZBCNUSDT,IMPULSE,NONE,0.0,0.0,0.0,24.86,1.41,254.23,230.67,True,False,-0.007,79990.71,0.0054,1.04,0.0021323
2026-08-27T20:33:42Z,REDUSDT,COOLING,NONE,0.0,0.0,0.0,14.01,0.0,4980.56,3676.34,True,False,0.0,79990.71,0.0054,0.991,0.10711
2026-08-27T20:33:45Z,CCUSDT,COOLING,SELL,8.32,0.0,8.32,8.06,0.0,1798.44,1551.78,True,False,0.0,79990.71,0.0054,2.031,0.11176
2026-08-27T20:34:15Z,XRPUSDT,COOLING,NONE,0.0,0.0,0.0,2.75,0.69,46712.28,96287.79,True,False,0.0034,79991.33,0.0008,1.078,1.454
2026-08-27T20:34:18Z,HBARUSDT,COOLING,SELL,63.82,0.0,63.82,1.27,0.0,38040.04,30302.97,True,False,0.0,79991.33,0.0008,1.023,0.07877
2026-08-27T20:34:21Z,ZBCNUSDT,IMPULSE,BUY,0.0,0.01,0.01,17.82,0.0,286.65,230.67,True,False,0.0,79991.33,0.0008,1.932,0.0021325
2026-08-27T20:34:24Z,REDUSDT,COOLING,NONE,0.0,0.0,0.0,14.01,0.0,7692.89,5627.81,True,False,0.0,79991.33,0.0008,1.94,0.10713
2026-08-27T20:34:26Z,CCUSDT,COOLING,BUY,0.0,85.64,85.64,6.27,0.0,1494.63,9790.44,True,False,0.0,79991.33,0.0008,0.97,0.11168
2026-08-27T20:34:59Z,XRPUSDT,COOLING,NONE,0.0,0.0,0.0,2.75,0.0,65357.38,121404.59,True,False,0.0,79990.75,-0.0007,1.091,1.4535
2026-08-27T20:35:02Z,HBARUSDT,COOLING,SELL,64.13,0.0,64.13,1.27,-0.0,42896.38,30302.97,True,False,0.0127,79990.75,-0.0007,0.937,0.07876
2026-08-27T20:35:05Z,ZBCNUSDT,IMPULSE,NONE,0.0,0.0,0.0,17.84,0.0,286.65,230.64,True,False,0.0,79990.75,-0.0007,1.005,0.0021291
2026-08-27T20:35:07Z,REDUSDT,COOLING,NONE,0.0,0.0,0.0,11.22,0.0,6943.08,5944.92,True,False,0.0,79990.75,-0.0007,0.989,0.107
2026-08-27T20:35:10Z,CCUSDT,COOLING,NONE,0.0,0.0,0.0,6.27,0.0,1650.53,9790.44,True,False,0.0,79990.75,-0.0007,0.954,0.11168
2026-08-27T20:36:08Z,XRPUSDT,COOLING,NONE,0.0,0.0,0.0,2.75,-0.69,38450.74,117152.85,True,False,0.0034,79982.92,-0.0098,1.034,1.455
2026-08-27T20:36:11Z,HBARUSDT,COOLING,NONE,0.0,0.0,0.0,1.27,0.0,16730.3,25290.3,True,False,0.0,79982.92,-0.0098,0.985,0.0788
2026-08-27T20:36:13Z,ZBCNUSDT,IMPULSE,BUY,0.0,34.09,34.09,14.07,-1.42,254.23,81.38,True,False,0.0821,79982.92,-0.0098,0.985,0.0021305
2026-08-27T20:36:15Z,REDUSDT,COOLING,NONE,0.0,0.0,0.0,11.22,0.0,6943.08,5901.77,True,False,0.0,79982.92,-0.0098,0.986,0.10693
2026-08-27T20:36:17Z,CCUSDT,COOLING,NONE,0.0,0.0,0.0,7.17,0.0,1492.63,1499.96,True,False,0.0,79982.92,-0.0098,1.021,0.11162
2026-08-27T20:36:49Z,XRPUSDT,COOLING,SELL,13.58,0.0,13.58,1.37,-1.37,53597.11,97713.63,True,False,0.0,79982.92,0.0,0.995,1.4547
2026-08-27T20:36:52Z,HBARUSDT,COOLING,NONE,0.0,0.0,0.0,1.27,0.0,24151.38,14693.32,True,False,0.0,79982.92,0.0,2.077,0.07882
2026-08-27T20:36:54Z,ZBCNUSDT,IMPULSE,NONE,0.0,0.0,0.0,17.35,0.0,254.23,230.82,True,False,0.0,79982.92,0.0,0.94,0.0021331
2026-08-27T20:36:58Z,REDUSDT,COOLING,NONE,0.0,0.0,0.0,11.22,0.0,6943.08,5901.77,True,False,0.0,79982.92,0.0,0.96,0.10695
2026-08-27T20:37:02Z,CCUSDT,COOLING,BUY,0.0,0.32,0.32,7.16,0.0,2082.21,1509.38,True,False,0.0,79982.92,0.0,2.033,0.11166
2026-08-27T20:37:33Z,XRPUSDT,COOLING,NONE,0.0,0.0,0.0,2.75,-0.69,38672.44,78439.56,True,False,-0.0034,79992.91,0.0125,1.016,1.4548
2026-08-27T20:37:34Z,HBARUSDT,COOLING,SELL,2.11,0.0,2.11,1.27,0.0,38045.01,15759.45,True,False,0.0,79992.91,0.0125,1.024,0.07885
2026-08-27T20:37:38Z,ZBCNUSDT,IMPULSE,NONE,0.0,0.0,0.0,14.06,0.0,32.45,230.82,True,False,0.0,79992.91,0.0125,1.04,0.0021346
2026-08-27T20:37:40Z,REDUSDT,COOLING,NONE,0.0,0.0,0.0,11.22,0.0,6117.0,5901.77,True,False,0.0,79992.91,0.0125,1.083,0.10695
2026-08-27T20:37:43Z,CCUSDT,COOLING,NONE,0.0,0.0,0.0,7.16,0.0,1793.25,1499.46,True,False,0.0,79992.91,0.0125,1.023,0.11167
2026-08-27T20:38:46Z,XRPUSDT,COOLING,NONE,0.0,0.0,0.0,2.75,0.0,69182.13,94413.68,True,False,0.0,79995.59,0.0034,1.012,1.4541
2026-08-27T20:38:47Z,HBARUSDT,COOLING,BUY,0.0,20.93,20.93,2.54,1.27,9765.24,18172.91,True,False,0.019,79995.59,0.0034,0.943,0.07879
2026-08-27T20:38:49Z,ZBCNUSDT,IMPULSE,NONE,0.0,0.0,0.0,15.0,-0.94,32.43,262.56,True,False,0.0141,79995.59,0.0034,1.015,0.0021316
2026-08-27T20:38:51Z,REDUSDT,COOLING,NONE,0.0,0.0,0.0,13.13,0.0,7292.51,6462.46,True,False,0.0,79995.59,0.0034,0.96,0.10685
2026-08-27T20:38:53Z,CCUSDT,COOLING,NONE,0.0,0.0,0.0,7.16,0.0,1859.39,1500.89,True,False,0.0,79995.59,0.0034,0.963,0.11168
2026-08-27T20:39:24Z,XRPUSDT,COOLING,SELL,13.77,0.0,13.77,2.75,0.0,56968.35,113342.93,True,False,0.0,79995.6,0.0,0.959,1.4533
2026-08-27T20:39:27Z,HBARUSDT,COOLING,NONE,0.0,0.0,0.0,1.27,0.0,34313.29,11830.5,True,False,-0.0127,79995.6,0.0,2.007,0.07879
2026-08-27T20:39:30Z,ZBCNUSDT,IMPULSE,NONE,0.0,0.0,0.0,14.53,-0.0,43.43,230.73,True,False,0.0047,79995.6,0.0,1.945,0.0021341
2026-08-27T20:39:34Z,REDUSDT,COOLING,NONE,0.0,0.0,0.0,10.33,0.0,6774.79,6264.79,True,False,0.0,79995.6,0.0,2.441,0.10645
2026-08-27T20:39:36Z,CCUSDT,COOLING,NONE,0.0,0.0,0.0,8.93,-0.89,1498.52,14796.79,True,False,0.0134,79995.6,0.0,1.009,0.11173
2026-08-27T20:40:08Z,XRPUSDT,COOLING,NONE,0.0,0.0,0.0,3.44,1.37,53069.13,77540.83,True,False,0.0069,79992.99,-0.0033,0.963,1.4548
2026-08-27T20:40:09Z,HBARUSDT,COOLING,NONE,0.0,0.0,0.0,1.27,0.0,23930.41,29315.13,True,False,0.0,79992.99,-0.0033,0.928,0.07884
2026-08-27T20:40:12Z,ZBCNUSDT,IMPULSE,BUY,0.0,55.05,55.05,19.23,0.0,67.95,230.71,True,True,0.0,79992.99,-0.0033,0.942,0.0021303
2026-08-27T20:40:14Z,REDUSDT,COOLING,NONE,0.0,0.0,0.0,11.26,-0.94,6781.22,5677.49,True,False,-0.0047,79992.99,-0.0033,1.018,0.10645
2026-08-27T20:40:16Z,CCUSDT,COOLING,BUY,0.0,0.25,0.25,15.21,4.49,14768.28,1503.97,True,False,-0.1296,79992.99,-0.0033,0.956,0.11195
2026-08-27T20:41:20Z,XRPUSDT,COOLING,NONE,0.0,0.0,0.0,2.75,0.0,138074.18,97238.8,True,False,0.0,79994.62,0.002,1.05,1.4553
2026-08-27T20:41:21Z,HBARUSDT,COOLING,NONE,0.0,0.0,0.0,1.27,0.0,27566.12,17932.32,True,False,0.0,79994.62,0.002,0.996,0.07889
2026-08-27T20:41:24Z,ZBCNUSDT,IMPULSE,NONE,0.0,0.0,0.0,15.94,1.41,56.13,230.62,True,False,-0.0023,79994.62,0.002,0.957,0.0021327
2026-08-27T20:41:27Z,REDUSDT,COOLING,NONE,0.0,0.0,0.0,11.26,0.0,6781.22,5677.49,True,False,0.0,79994.62,0.002,0.952,0.10655
2026-08-27T20:41:30Z,CCUSDT,COOLING,BUY,0.0,89.69,89.69,5.37,-0.89,1497.44,14664.19,True,False,-0.0045,79994.62,0.002,1.001,0.11184
2026-08-27T20:42:11Z,XRPUSDT,COOLING,NONE,0.0,0.0,0.0,2.75,0.0,56448.09,66258.63,True,False,0.0,79995.61,0.0012,0.93,1.4543
2026-08-27T20:42:14Z,HBARUSDT,COOLING,NONE,0.0,0.0,0.0,1.27,0.0,30834.54,38327.83,True,False,0.0,79995.61,0.0012,1.284,0.07885
2026-08-27T20:42:17Z,ZBCNUSDT,IMPULSE,NONE,0.0,0.0,0.0,14.55,-1.41,56.13,230.67,True,False,0.007,79995.61,0.0012,0.938,0.0021313
2026-08-27T20:42:19Z,REDUSDT,COOLING,NONE,0.0,0.0,0.0,11.26,0.0,6708.0,5677.49,True,False,0.0,79995.61,0.0012,0.922,0.10654
2026-08-27T20:42:21Z,CCUSDT,COOLING,NONE,0.0,0.0,0.0,7.15,-0.89,1497.44,1502.69,True,False,-0.0045,79995.61,0.0012,1.019,0.11181
2026-08-27T20:42:52Z,XRPUSDT,COOLING,BUY,8.93,18.99,18.99,2.75,0.0,45317.53,94993.14,True,False,-0.0412,80030.0,0.043,0.972,1.4559
2026-08-27T20:42:54Z,HBARUSDT,COOLING,BUY,0.0,4.79,4.79,1.27,0.0,14296.1,14372.53,True,False,0.0,80030.0,0.043,0.928,0.07888
2026-08-27T20:42:57Z,ZBCNUSDT,IMPULSE,BUY,0.0,58.0,58.0,14.07,0.0,47.15,230.57,True,True,0.0,80030.0,0.043,0.978,0.002132
2026-08-27T20:42:59Z,REDUSDT,COOLING,NONE,0.0,0.0,0.0,9.39,0.0,6234.03,6035.46,True,False,0.0,80030.0,0.043,0.972,0.10648
2026-08-27T20:43:01Z,CCUSDT,COOLING,NONE,0.0,0.0,0.0,7.15,0.0,2085.1,1502.14,True,False,0.0,80030.0,0.043,1.094,0.11195
2026-08-27T20:44:01Z,XRPUSDT,COOLING,NONE,0.0,0.0,0.0,0.69,0.0,62780.81,61824.7,True,False,-0.0137,80014.68,-0.0191,1.123,1.4549
2026-08-27T20:44:04Z,HBARUSDT,COOLING,NONE,0.0,0.0,0.0,1.27,0.0,47051.41,17723.11,True,False,0.0,80014.68,-0.0191,1.019,0.07887
2026-08-27T20:44:08Z,ZBCNUSDT,IMPULSE,NONE,0.0,0.0,0.0,22.93,0.0,47.15,230.95,True,False,0.0,80014.68,-0.0191,2.033,0.0021388
2026-08-27T20:44:10Z,REDUSDT,COOLING,NONE,0.0,0.0,0.0,9.39,0.0,6234.03,6035.46,True,False,0.0,80014.68,-0.0191,0.961,0.10643
2026-08-27T20:44:13Z,CCUSDT,COOLING,NONE,0.0,0.0,0.0,9.81,0.0,2100.59,1515.39,True,False,0.0,80014.68,-0.0191,1.138,0.11208
2026-08-27T20:44:45Z,XRPUSDT,COOLING,NONE,0.0,0.0,0.0,2.06,0.0,37408.13,125908.53,True,False,0.0,80020.05,0.0067,0.977,1.4555
2026-08-27T20:44:48Z,HBARUSDT,COOLING,NONE,0.0,0.0,0.0,1.27,0.0,35599.53,35006.66,True,False,0.0,80020.05,0.0067,2.047,0.07888
2026-08-27T20:44:50Z,ZBCNUSDT,IMPULSE,NONE,0.0,0.0,0.0,21.08,0.0,47.15,231.24,True,False,0.0,80020.05,0.0067,0.952,0.0021367
2026-08-27T20:44:52Z,REDUSDT,COOLING,NONE,0.0,0.0,0.0,10.33,0.0,6234.03,5992.43,True,False,0.0,80020.05,0.0067,0.978,0.10643
2026-08-27T20:44:58Z,CCUSDT,COOLING,NONE,0.0,0.0,0.0,9.8,0.0,2037.61,14902.14,True,False,0.0,80020.05,0.0067,2.002,0.11219
2026-08-27T20:45:30Z,XRPUSDT,COOLING,NONE,0.0,0.0,0.0,2.75,0.69,52328.99,78576.79,True,False,-0.0172,80014.88,-0.0065,1.082,1.4555
2026-08-27T20:45:32Z,HBARUSDT,COOLING,BUY,0.0,27.57,27.57,1.27,0.0,34524.85,21146.62,True,False,-0.0127,80014.88,-0.0065,1.04,0.07888
2026-08-27T20:45:34Z,ZBCNUSDT,IMPULSE,NONE,0.0,0.0,0.0,21.09,0.0,64.7,230.98,True,False,0.0,80014.88,-0.0065,1.082,0.0021348
2026-08-27T20:45:35Z,REDUSDT,COOLING,NONE,0.0,0.0,0.0,12.2,0.0,6348.8,5998.55,True,False,0.0,80014.88,-0.0065,0.978,0.10649
2026-08-27T20:45:37Z,CCUSDT,COOLING,SELL,85.37,17.01,85.37,8.9,1.78,14837.57,18056.11,True,False,0.0534,80014.88,-0.0065,1.015,0.11219
2026-08-27T20:46:42Z,XRPUSDT,COOLING,NONE,0.0,0.0,0.0,2.06,0.0,57549.86,84060.21,True,False,0.0,80034.66,0.0247,1.054,1.4561
2026-08-27T20:46:44Z,HBARUSDT,COOLING,NONE,0.0,0.0,0.0,1.27,0.0,44488.37,31393.03,True,False,0.0,80034.66,0.0247,0.994,0.07897
2026-08-27T20:46:46Z,ZBCNUSDT,IMPULSE,NONE,0.0,0.0,0.0,16.35,0.0,29.84,231.01,True,False,0.0,80034.66,0.0247,1.15,0.0021386
2026-08-27T20:46:49Z,REDUSDT,COOLING,BUY,0.0,1.66,1.66,21.54,9.36,6858.35,6638.4,True,False,0.0468,80034.66,0.0247,1.961,0.10668
2026-08-27T20:46:51Z,CCUSDT,COOLING,NONE,0.0,0.0,0.0,10.65,0.0,1506.96,1889.09,True,False,0.0,80034.66,0.0247,1.04,0.11259
2026-08-27T20:47:21Z,XRPUSDT,COOLING,SELL,21.68,0.0,21.68,0.69,0.0,76345.32,98125.72,True,False,0.0,80024.02,-0.0133,1.091,1.4558
2026-08-27T20:47:24Z,HBARUSDT,COOLING,NONE,0.0,0.0,0.0,1.27,0.0,19066.37,15628.93,True,False,0.0,80024.02,-0.0133,0.985,0.07897
2026-08-27T20:47:26Z,ZBCNUSDT,IMPULSE,NONE,0.0,0.0,0.0,17.29,0.0,66.12,230.8,True,False,0.0,80024.02,-0.0133,0.959,0.002141
2026-08-27T20:47:29Z,REDUSDT,COOLING,NONE,0.0,0.0,0.0,10.29,0.0,7605.52,3483.12,True,False,0.0,80024.02,-0.0133,0.99,0.10682
2026-08-27T20:47:32Z,CCUSDT,COOLING,NONE,0.0,0.0,0.0,5.32,0.0,14902.42,15441.33,True,False,0.0,80024.02,-0.0133,1.031,0.11266
2026-08-27T20:48:03Z,XRPUSDT,COOLING,SELL,26.48,0.0,26.48,1.37,0.0,82636.63,106152.74,True,True,0.0,80015.46,-0.0107,0.92,1.4551
2026-08-27T20:48:06Z,HBARUSDT,COOLING,NONE,0.0,0.0,0.0,1.27,0.0,49972.61,17348.26,True,False,0.0,80015.46,-0.0107,0.965,0.07899
2026-08-27T20:48:07Z,ZBCNUSDT,IMPULSE,NONE,0.0,0.0,0.0,14.03,-0.93,56.16,86.15,True,False,-0.028,80015.46,-0.0107,0.924,0.0021398
2026-08-27T20:48:10Z,REDUSDT,COOLING,NONE,0.0,0.0,0.0,9.36,0.0,7605.52,6236.4,True,False,0.0,80015.46,-0.0107,1.087,0.10687
2026-08-27T20:48:14Z,CCUSDT,COOLING,NONE,0.0,0.0,0.0,9.76,0.0,14779.01,1513.4,True,False,0.0,80015.46,-0.0107,0.973,0.11278
2026-08-27T20:49:17Z,XRPUSDT,COOLING,BUY,5.59,22.3,22.3,2.75,0.0,61952.23,169893.41,True,False,-0.0069,79967.55,-0.0599,2.108,1.4537
2026-08-27T20:49:20Z,HBARUSDT,COOLING,NONE,0.0,0.0,0.0,1.27,0.0,37739.26,22014.47,True,False,0.0,79967.55,-0.0599,2.065,0.0789
2026-08-27T20:49:22Z,ZBCNUSDT,IMPULSE,SELL,19.43,0.0,19.43,18.69,0.0,61.5,230.58,True,True,0.0,79967.55,-0.0599,0.958,0.002138
2026-08-27T20:49:25Z,REDUSDT,COOLING,NONE,0.0,0.0,0.0,9.36,0.0,6895.48,6376.55,True,False,0.0,79967.55,-0.0599,0.923,0.10673
2026-08-27T20:49:27Z,CCUSDT,COOLING,SELL,0.4,0.0,0.4,9.76,0.0,14866.07,1514.6,True,False,0.0,79967.55,-0.0599,1.486,0.11274
2026-08-27T20:50:01Z,XRPUSDT,COOLING,NONE,0.0,0.0,0.0,2.06,0.0,51436.57,132748.85,True,False,0.0,79980.72,0.0165,1.002,1.4544
2026-08-27T20:50:05Z,HBARUSDT,COOLING,NONE,0.0,0.0,0.0,1.27,0.0,37331.21,16310.67,True,False,0.0,79980.72,0.0165,0.994,0.0789
2026-08-27T20:50:07Z,ZBCNUSDT,IMPULSE,NONE,0.0,0.0,0.0,16.82,0.0,74.02,231.01,True,False,0.0,79980.72,0.0165,0.933,0.0021409
2026-08-27T20:50:10Z,REDUSDT,COOLING,NONE,0.0,0.0,0.0,12.18,0.0,5668.35,6435.56,True,False,0.0,79980.72,0.0165,2.044,0.10686
2026-08-27T20:50:13Z,CCUSDT,COOLING,NONE,0.0,0.0,0.0,11.52,0.89,1892.41,1516.08,True,False,-0.0753,79980.72,0.0165,2.44,0.11272
2026-08-27T20:50:50Z,XRPUSDT,COOLING,NONE,0.0,0.0,0.0,2.06,0.0,84809.44,211272.76,True,False,0.0,79998.19,0.0218,0.988,1.454
2026-08-27T20:50:52Z,HBARUSDT,COOLING,SELL,23.8,0.0,23.8,1.27,-0.0,30208.71,12774.44,True,False,0.0254,79998.19,0.0218,0.951,0.07888
2026-08-27T20:50:54Z,ZBCNUSDT,IMPULSE,SELL,4.79,0.0,4.79,13.53,0.0,86.43,70.17,True,False,0.0,79998.19,0.0218,0.94,0.002145
2026-08-27T20:50:56Z,REDUSDT,COOLING,NONE,0.0,0.0,0.0,12.13,0.0,5940.14,5693.88,True,False,0.0,79998.19,0.0218,1.01,0.10701
2026-08-27T20:50:58Z,CCUSDT,COOLING,NONE,0.0,0.0,0.0,7.98,0.0,1807.66,15443.76,True,False,0.0,79998.19,0.0218,0.946,0.1127
2026-08-27T20:51:58Z,XRPUSDT,COOLING,NONE,0.0,0.0,0.0,2.75,0.69,62530.88,115318.4,True,False,0.0034,80000.0,0.0023,0.979,1.4533
2026-08-27T20:52:01Z,HBARUSDT,COOLING,NONE,0.0,0.0,0.0,1.27,0.0,32344.35,29072.19,True,False,0.0,80000.0,0.0023,2.0,0.07887
2026-08-27T20:52:04Z,ZBCNUSDT,IMPULSE,NONE,0.0,0.0,0.0,19.07,0.0,592.31,65.19,True,False,0.0,80000.0,0.0023,0.995,0.002151
2026-08-27T20:52:07Z,REDUSDT,COOLING,NONE,0.0,0.0,0.0,12.99,0.0,6503.48,3654.93,True,False,0.0,80000.0,0.0023,1.017,0.10726
2026-08-27T20:52:09Z,CCUSDT,COOLING,NONE,0.0,0.0,0.0,7.09,-2.66,1508.17,14892.78,True,False,0.0044,80000.0,0.0023,0.957,0.11285
2026-08-27T20:52:43Z,XRPUSDT,COOLING,SELL,51.73,0.0,51.73,3.44,2.07,143722.43,98251.91,True,False,0.0103,79971.31,-0.0359,0.993,1.452
2026-08-27T20:52:46Z,HBARUSDT,COOLING,BUY,0.0,5.0,5.0,10.16,8.89,23790.19,36912.58,True,False,-0.1332,79971.31,-0.0359,1.004,0.07885
2026-08-27T20:52:49Z,ZBCNUSDT,IMPULSE,NONE,0.0,0.0,0.0,17.67,0.0,592.31,73.54,True,False,0.0,79971.31,-0.0359,2.023,0.0021512
2026-08-27T20:52:52Z,REDUSDT,COOLING,BUY,0.0,18.04,18.04,21.24,0.0,6179.88,1357.8,True,False,0.0,79971.31,-0.0359,1.127,0.10818
2026-08-27T20:52:55Z,CCUSDT,COOLING,NONE,0.0,0.0,0.0,7.97,-1.77,1510.72,15367.94,True,False,-0.0089,79971.31,-0.0359,2.146,0.11282
2026-08-27T20:53:30Z,XRPUSDT,COOLING,NONE,0.0,0.0,0.0,1.38,0.0,83386.69,65469.53,True,False,0.0,79972.16,0.0011,1.052,1.4506
2026-08-27T20:53:33Z,HBARUSDT,COOLING,NONE,0.0,0.0,0.0,1.27,0.0,37168.77,34121.55,True,False,0.0,79972.16,0.0011,2.081,0.0787
2026-08-27T20:53:35Z,ZBCNUSDT,IMPULSE,NONE,0.0,0.0,0.0,12.09,0.0,592.31,61.4,True,False,0.0,79972.16,0.0011,0.98,0.0021506
2026-08-27T20:53:38Z,REDUSDT,COOLING,NONE,0.0,0.0,0.0,12.97,0.0,5147.1,5292.62,True,False,0.0,79972.16,0.0011,0.999,0.10818
2026-08-27T20:53:40Z,CCUSDT,COOLING,BUY,0.0,90.49,90.49,11.49,3.53,1512.86,15487.09,True,True,0.0531,79972.16,0.0011,0.996,0.113
2026-08-27T20:54:39Z,XRPUSDT,COOLING,NONE,0.0,0.0,0.0,1.38,-0.69,44906.02,71077.84,True,False,-0.0103,80000.0,0.0348,0.984,1.4507
2026-08-27T20:54:42Z,HBARUSDT,COOLING,SELL,16.27,0.0,16.27,2.54,0.0,31717.16,34384.69,True,False,-0.0127,80000.0,0.0348,2.002,0.07879
2026-08-27T20:54:45Z,ZBCNUSDT,IMPULSE,BUY,0.0,27.58,27.58,45.95,-0.47,87.74,242.85,True,False,0.0023,80000.0,0.0348,2.147,0.0021349
2026-08-27T20:54:47Z,WUSDT,COOLING,NONE,0.0,0.0,0.0,15.56,3.11,8875.02,3569.96,True,False,0.0156,80000.0,0.0348,1.126,0.00964
2026-08-27T20:54:49Z,REDUSDT,COOLING,NONE,0.0,0.0,0.0,12.09,0.0,4772.01,5745.26,True,False,0.0,80000.0,0.0348,0.995,0.10757
2026-08-27T20:55:26Z,XRPUSDT,COOLING,SELL,1.24,0.0,1.24,2.07,0.0,37211.39,78922.37,True,False,0.0,80000.0,0.0,0.974,1.4514
2026-08-27T20:55:28Z,HBARUSDT,COOLING,NONE,0.0,0.0,0.0,1.27,0.0,30961.94,19485.42,True,False,0.0,80000.0,0.0,1.018,0.07876
2026-08-27T20:55:30Z,ZBCNUSDT,IMPULSE,NONE,0.0,0.0,0.0,36.6,-0.47,69.95,72.16,True,False,0.0023,80000.0,0.0,0.995,0.0021349
2026-08-27T20:55:32Z,WUSDT,COOLING,NONE,0.0,0.0,0.0,10.38,-1.04,16202.01,3569.96,True,False,0.0052,80000.0,0.0,1.134,0.009637
2026-08-27T20:55:34Z,REDUSDT,COOLING,NONE,0.0,0.0,0.0,79.92,1.9,1660.72,507.34,True,False,-0.0826,80000.0,0.0,1.016,0.10977
2026-08-27T20:56:06Z,XRPUSDT,COOLING,NONE,0.0,0.0,0.0,2.07,0.0,28999.32,92691.15,True,False,0.0,79980.82,-0.024,1.056,1.4515
2026-08-27T20:56:08Z,HBARUSDT,COOLING,BUY,0.0,66.14,66.14,1.27,0.0,40809.55,35397.55,True,False,-0.0127,79980.82,-0.024,0.958,0.07881
2026-08-27T20:56:11Z,ZBCNUSDT,IMPULSE,BUY,0.0,76.62,76.62,27.67,0.0,118.02,282.42,True,False,0.0,79980.82,-0.024,0.996,0.0021331
2026-08-27T20:56:13Z,WUSDT,COOLING,NONE,0.0,0.0,0.0,14.54,0.0,17584.6,2853.16,True,False,0.0,79980.82,-0.024,1.022,0.009625
2026-08-27T20:56:15Z,REDUSDT,COOLING,SELL,1.8,0.0,1.8,26.75,2.8,2053.13,1862.65,True,False,-0.1152,79980.82,-0.024,1.029,0.10856
2026-08-27T20:57:15Z,XRPUSDT,COOLING,SELL,15.11,0.0,15.11,0.69,0.0,71014.71,77834.3,True,False,0.0,80000.0,0.024,1.056,1.4504
2026-08-27T20:57:17Z,HBARUSDT,COOLING,SELL,43.84,0.65,43.84,1.27,-0.0,38487.8,20489.43,True,True,0.0127,80000.0,0.024,1.053,0.07875
2026-08-27T20:57:19Z,ZBCNUSDT,IMPULSE,NONE,0.0,0.0,0.0,33.21,-1.41,58.02,231.72,True,False,0.007,80000.0,0.024,0.966,0.0021334
2026-08-27T20:57:21Z,WUSDT,COOLING,NONE,0.0,0.0,0.0,13.5,0.0,17584.6,2853.16,True,False,0.0,80000.0,0.024,1.083,0.009623
2026-08-27T20:57:25Z,REDUSDT,COOLING,NONE,0.0,0.0,0.0,28.61,6.45,6224.91,5529.65,True,False,0.0323,80000.0,0.024,2.077,0.10845
2026-08-27T20:58:01Z,XRPUSDT,COOLING,NONE,0.0,0.0,0.0,2.06,0.0,33427.23,80228.91,True,False,0.0,80044.99,0.0562,1.046,1.4534
2026-08-27T20:58:03Z,HBARUSDT,COOLING,NONE,0.0,0.0,0.0,1.27,0.0,23186.85,34594.4,True,False,0.0,80044.99,0.0562,0.986,0.07883
2026-08-27T20:58:06Z,ZBCNUSDT,IMPULSE,NONE,0.0,0.0,0.0,27.57,0.0,69.2,243.18,True,False,0.0,80044.99,0.0562,1.067,0.0021398
2026-08-27T20:58:09Z,WUSDT,COOLING,NONE,0.0,0.0,0.0,11.41,-2.08,10829.53,2853.16,True,False,0.083,80044.99,0.0562,1.047,0.009632
2026-08-27T20:58:11Z,REDUSDT,COOLING,NONE,0.0,0.0,0.0,24.95,8.32,6224.91,5616.58,True,False,-0.0416,80044.99,0.0562,1.094,0.10831
2026-08-27T20:58:47Z,XRPUSDT,COOLING,NONE,0.0,0.0,0.0,2.75,0.69,58329.14,85139.24,True,False,-0.0034,80069.2,0.0302,1.016,1.4544
2026-08-27T20:58:49Z,HBARUSDT,COOLING,BUY,0.0,50.26,50.26,1.27,0.0,23186.85,33800.6,True,True,0.0,80069.2,0.0302,1.124,0.07883
2026-08-27T20:58:53Z,ZBCNUSDT,IMPULSE,NONE,0.0,0.0,0.0,23.8,0.0,42.66,231.86,True,False,0.0,80069.2,0.0302,1.186,0.0021442
2026-08-27T20:58:55Z,WUSDT,COOLING,NONE,0.0,0.0,0.0,13.48,0.0,18062.99,2853.16,True,False,0.0,80069.2,0.0302,1.071,0.009641
2026-08-27T20:58:57Z,REDUSDT,COOLING,NONE,0.0,0.0,0.0,11.99,0.0,6474.08,5302.98,True,False,0.0,80069.2,0.0302,1.101,0.10831
2026-08-27T20:59:59Z,XRPUSDT,COOLING,NONE,0.0,0.0,0.0,2.06,-0.69,40842.58,60768.66,True,False,0.0034,80074.31,0.0064,1.11,1.4547
2026-08-27T21:00:01Z,HBARUSDT,COOLING,NONE,0.0,0.0,0.0,1.27,0.0,30852.22,15724.85,True,False,0.0,80074.31,0.0064,1.026,0.07887
2026-08-27T21:00:05Z,ZBCNUSDT,IMPULSE,NONE,0.0,0.0,0.0,18.65,-2.33,42.66,231.8,True,False,0.0117,80074.31,0.0064,2.435,0.0021449
2026-08-27T21:00:07Z,WUSDT,COOLING,NONE,0.0,0.0,0.0,13.46,0.0,18092.5,2853.16,True,False,0.0,80074.31,0.0064,1.076,0.009645
2026-08-27T21:00:09Z,REDUSDT,COOLING,NONE,0.0,0.0,0.0,31.26,-0.92,6429.76,3452.42,True,False,0.0046,80074.31,0.0064,1.053,0.10835
2026-08-27T21:00:44Z,XRPUSDT,COOLING,NONE,0.0,0.0,0.0,1.38,-1.38,43289.03,70247.69,True,False,-0.0069,80060.64,-0.0171,2.089,1.4532
2026-08-27T21:00:47Z,HBARUSDT,COOLING,BUY,12.35,23.64,23.64,2.54,0.0,46776.41,13960.49,True,False,-0.0127,80060.64,-0.0171,0.941,0.0788
2026-08-27T21:00:49Z,ZBCNUSDT,IMPULSE,NONE,0.0,0.0,0.0,25.77,-0.47,70.21,71.19,True,False,0.0023,80060.64,-0.0171,1.01,0.0021357
2026-08-27T21:00:52Z,WUSDT,COOLING,NONE,0.0,0.0,0.0,13.48,0.0,9411.41,2853.16,True,False,0.0,80060.64,-0.0171,1.061,0.009649
2026-08-27T21:00:55Z,REDUSDT,COOLING,BUY,0.0,28.61,28.61,20.24,-1.84,4920.39,6383.65,True,False,-0.0092,80060.64,-0.0171,1.983,0.10859
2026-08-27T21:01:25Z,XRPUSDT,COOLING,NONE,0.0,0.0,0.0,1.38,0.0,50898.71,67476.12,True,False,-0.0138,80037.59,-0.0288,0.941,1.4521
2026-08-27T21:01:27Z,HBARUSDT,COOLING,NONE,0.0,0.0,0.0,1.27,0.0,45925.06,11094.58,True,False,0.0,80037.59,-0.0288,1.096,0.0788
2026-08-27T21:01:29Z,ZBCNUSDT,IMPULSE,NONE,0.0,0.0,0.0,24.86,0.0,136.63,86.15,True,False,0.0,80037.59,-0.0288,1.045,0.0021333
2026-08-27T21:01:31Z,WUSDT,COOLING,NONE,0.0,0.0,0.0,14.52,0.0,9411.41,2853.16,True,False,0.0,80037.59,-0.0288,1.163,0.009643
2026-08-27T21:01:33Z,REDUSDT,COOLING,NONE,0.0,0.0,0.0,15.61,0.0,4868.0,3554.34,True,False,0.0,80037.59,-0.0288,1.077,0.10867
2026-08-27T21:02:37Z,XRPUSDT,COOLING,NONE,0.0,0.0,0.0,2.07,0.0,123021.67,108080.3,True,False,0.0,80024.75,-0.016,2.165,1.451
2026-08-27T21:02:39Z,HBARUSDT,COOLING,NONE,0.0,0.0,0.0,1.27,0.0,44572.06,12798.79,True,False,0.0,80024.75,-0.016,0.997,0.0787
2026-08-27T21:02:41Z,ZBCNUSDT,IMPULSE,NONE,0.0,0.0,0.0,21.57,0.0,136.63,85.95,True,False,0.0,80024.75,-0.016,1.201,0.0021337
2026-08-27T21:02:44Z,WUSDT,COOLING,NONE,0.0,0.0,0.0,12.44,0.0,8290.6,3952.95,True,False,0.0,80024.75,-0.016,1.072,0.009647
2026-08-27T21:02:48Z,REDUSDT,COOLING,NONE,0.0,0.0,0.0,13.74,1.85,5233.78,1293.1,True,False,-0.1098,80024.75,-0.016,2.039,0.10897
2026-08-27T21:03:18Z,XRPUSDT,COOLING,NONE,0.0,0.0,0.0,2.75,0.69,61945.8,125372.94,True,False,0.0034,80042.71,0.0224,1.018,1.452
2026-08-27T21:03:21Z,HBARUSDT,COOLING,NONE,0.0,0.0,0.0,2.54,-1.27,43885.13,15007.29,True,False,-0.0064,80042.71,0.0224,1.001,0.07869
2026-08-27T21:03:23Z,ZBCNUSDT,IMPULSE,NONE,0.0,0.0,0.0,13.14,0.0,58.52,85.95,True,False,0.0,80042.71,0.0224,1.052,0.0021348
2026-08-27T21:03:25Z,WUSDT,COOLING,NONE,0.0,0.0,0.0,13.46,0.0,9889.43,3952.95,True,False,0.0,80042.71,0.0224,1.002,0.009645
2026-08-27T21:03:28Z,REDUSDT,COOLING,NONE,0.0,0.0,0.0,20.13,0.0,9013.73,5286.02,True,False,0.0,80042.71,0.0224,1.0,0.10912
2026-08-27T21:03:58Z,XRPUSDT,COOLING,NONE,0.0,0.0,0.0,2.07,-0.69,63904.94,83591.52,True,False,0.0034,80063.96,0.0265,1.097,1.4526
2026-08-27T21:04:00Z,HBARUSDT,COOLING,NONE,0.0,0.0,0.0,1.27,0.0,40959.9,31280.18,True,False,0.0,80063.96,0.0265,1.116,0.07869
2026-08-27T21:04:03Z,ZBCNUSDT,IMPULSE,NONE,0.0,0.0,0.0,20.68,0.0,60.63,85.95,True,False,0.0,80063.96,0.0265,1.999,0.0021292
2026-08-27T21:04:06Z,WUSDT,COOLING,NONE,0.0,0.0,0.0,13.45,0.0,15799.81,4605.48,True,False,0.0,80063.96,0.0265,2.052,0.009657
2026-08-27T21:04:08Z,REDUSDT,COOLING,NONE,0.0,0.0,0.0,11.89,0.0,5552.88,5208.43,True,False,0.0,80063.96,0.0265,0.971,0.10931
2026-08-27T21:05:05Z,XRPUSDT,COOLING,NONE,0.0,0.0,0.0,3.44,1.38,93249.15,79490.63,True,False,-0.0069,80064.99,0.0013,1.068,1.4527
2026-08-27T21:05:09Z,HBARUSDT,COOLING,NONE,0.0,0.0,0.0,1.27,0.0,45458.16,14088.97,True,False,0.0,80064.99,0.0013,1.054,0.07875
2026-08-27T21:05:11Z,ZBCNUSDT,IMPULSE,SELL,1.16,0.0,1.16,18.78,-2.82,59.38,85.95,True,False,0.0141,80064.99,0.0013,1.237,0.002131
2026-08-27T21:05:14Z,REDUSDT,COOLING,NONE,0.0,0.0,0.0,10.97,0.0,3162.75,5813.69,True,False,0.0,80064.99,0.0013,1.055,0.10926
2026-08-27T21:05:16Z,CCUSDT,COOLING,NONE,0.0,0.0,0.0,9.77,0.0,1505.49,1511.38,True,False,0.0,80064.99,0.0013,1.067,0.11254
2026-08-27T21:05:47Z,XRPUSDT,COOLING,NONE,0.0,0.0,0.0,2.07,-0.69,60510.5,85264.96,True,False,0.0034,80038.69,-0.0328,1.013,1.4514
2026-08-27T21:05:50Z,HBARUSDT,COOLING,NONE,0.0,0.0,0.0,1.27,0.0,37323.16,13511.91,True,False,0.0,80038.69,-0.0328,1.991,0.07875
2026-08-27T21:05:52Z,ZBCNUSDT,IMPULSE,NONE,0.0,0.0,0.0,16.92,-1.88,69.05,56.05,True,False,0.0188,80038.69,-0.0328,1.047,0.0021285
2026-08-27T21:05:55Z,REDUSDT,COOLING,NONE,0.0,0.0,0.0,10.07,0.0,5888.58,5116.12,True,False,0.0,80038.69,-0.0328,1.591,0.10935
2026-08-27T21:05:58Z,CCUSDT,COOLING,NONE,0.0,0.0,0.0,8.89,0.0,1506.71,1696.4,True,False,0.0,80038.69,-0.0328,1.028,0.11253
2026-08-27T21:06:29Z,XRPUSDT,COOLING,NONE,0.0,0.0,0.0,2.07,-0.69,67771.97,61078.69,True,False,-0.0034,80064.99,0.0329,0.983,1.4521
2026-08-27T21:06:31Z,HBARUSDT,COOLING,NONE,0.0,0.0,0.0,1.27,0.0,22758.38,41290.98,True,False,0.0,80064.99,0.0329,0.968,0.07868
2026-08-27T21:06:34Z,ZBCNUSDT,IMPULSE,NONE,0.0,0.0,0.0,17.39,0.0,86.74,86.7,True,False,0.0,80064.99,0.0329,0.997,0.0021283
2026-08-27T21:06:35Z,REDUSDT,COOLING,NONE,0.0,0.0,0.0,14.62,0.0,5840.41,3085.46,True,False,0.0,80064.99,0.0329,0.96,0.10935
2026-08-27T21:06:37Z,CCUSDT,COOLING,NONE,0.0,0.0,0.0,9.75,0.0,1741.81,14887.58,True,False,0.0,80064.99,0.0329,0.971,0.11272
2026-08-27T21:07:34Z,XRPUSDT,COOLING,NONE,0.0,0.0,0.0,3.44,0.69,59928.64,87770.57,True,False,-0.0034,80090.0,0.0312,0.991,1.4538
2026-08-27T21:07:35Z,HBARUSDT,COOLING,NONE,0.0,0.0,0.0,1.27,0.0,39786.71,23002.36,True,False,0.0,80090.0,0.0312,0.928,0.07875
2026-08-27T21:07:38Z,ZBCNUSDT,IMPULSE,NONE,0.0,0.0,0.0,16.92,0.0,678.42,83.41,True,False,0.0,80090.0,0.0312,0.996,0.0021286
2026-08-27T21:07:41Z,REDUSDT,COOLING,NONE,0.0,0.0,0.0,60.35,0.0,2298.09,1014.66,True,False,0.0,80090.0,0.0312,0.999,0.1112
2026-08-27T21:07:43Z,CCUSDT,COOLING,NONE,0.0,0.0,0.0,7.09,0.0,2206.41,1525.69,True,False,0.0,80090.0,0.0312,0.973,0.11282
