ts,pair,regime,asp_side,drop_bid_pct_per_s,drop_ask_pct_per_s,max_drop_pct_per_s,spread_bps,spread_delta_bps,wall_bid_usdt,wall_ask_usdt,notional_ok,spoof,price_delta_pct,btc_price,btc_delta_pct,delay_s,price
2026-08-30T20:43:23Z,BTCUSDT,COOLING,SELL,35.07,0.0,35.07,0.0,-0.0,890033.16,23228.59,True,False,0.0127,78596.82,0.0,0.92,78596.82
2026-08-30T20:43:24Z,XRPUSDT,COOLING,BUY,12.97,40.97,40.97,2.15,0.0,69468.45,65584.89,True,False,0.0,78596.82,0.0,1.014,1.396
2026-08-30T20:43:26Z,HBARUSDT,COOLING,BUY,0.0,41.9,41.9,1.33,0.0,28702.99,21537.87,True,False,-0.0133,78596.82,0.0,0.906,0.07527
2026-08-30T20:43:28Z,ZBCNUSDT,COOLING,NONE,0.0,0.0,0.0,0.54,0.0,928.94,1373.0,True,False,0.0,78596.82,0.0,0.932,0.0018413
2026-08-30T20:43:30Z,WUSDT,COOLING,NONE,0.0,0.0,0.0,14.97,0.0,11010.04,1987.43,True,False,0.0,78596.82,0.0,0.891,0.00935
2026-08-30T20:44:39Z,BTCUSDT,COOLING,BUY,0.0,46.5,46.5,0.0,0.0,23210.13,1108721.61,True,False,0.0,78610.13,0.0169,0.891,78610.13
2026-08-30T20:44:41Z,XRPUSDT,COOLING,SELL,19.71,0.0,19.71,2.87,1.43,64315.34,61279.49,True,True,0.0215,78610.13,0.0169,0.906,1.3954
2026-08-30T20:44:42Z,HBARUSDT,COOLING,NONE,0.0,0.0,0.0,1.33,0.0,28957.38,29849.95,True,False,0.0,78610.13,0.0169,0.926,0.07523
2026-08-30T20:44:44Z,ZBCNUSDT,COOLING,NONE,0.0,0.0,0.0,14.66,0.0,893.41,1372.26,True,False,0.0,78610.13,0.0169,0.955,0.001842
2026-08-30T20:44:45Z,WUSDT,COOLING,NONE,0.0,0.0,0.0,10.71,0.0,8654.55,2529.17,True,False,0.0,78610.13,0.0169,0.904,0.009339
2026-08-30T20:47:19Z,BTCUSDT,COOLING,BUY,0.0,103.66,103.66,0.0,-0.0,493195.38,535688.58,True,False,0.0017,78614.39,0.0054,0.957,78614.39
2026-08-30T20:47:20Z,XRPUSDT,COOLING,NONE,0.0,0.0,0.0,1.43,0.0,83418.03,47841.86,True,False,0.0,78614.39,0.0054,0.933,1.3977
2026-08-30T20:47:21Z,HBARUSDT,COOLING,SELL,56.16,0.0,56.16,1.33,-1.33,39464.93,13751.09,True,False,0.0066,78614.39,0.0054,0.899,0.07521
2026-08-30T20:47:23Z,ZBCNUSDT,COOLING,NONE,0.0,0.0,0.0,9.78,0.0,593.56,1370.26,True,False,0.0,78614.39,0.0054,0.869,0.0018408
2026-08-30T20:47:25Z,WUSDT,COOLING,NONE,0.0,0.0,0.0,14.98,1.07,15868.54,2381.05,True,False,-0.0053,78614.39,0.0054,0.966,0.009345
2026-08-30T20:49:00Z,BTCUSDT,COOLING,BUY,0.0,101.23,101.23,0.0,0.0,594046.46,492397.56,True,True,0.0,78653.4,0.0496,0.98,78653.4
2026-08-30T20:49:02Z,XRPUSDT,COOLING,SELL,44.59,0.0,44.59,2.15,0.0,91580.66,75359.51,True,True,0.0,78653.4,0.0496,1.024,1.3982
2026-08-30T20:49:04Z,HBARUSDT,COOLING,SELL,5.34,3.42,5.34,1.33,0.0,41888.4,29937.48,True,False,0.0,78653.4,0.0496,2.003,0.07529
2026-08-30T20:49:09Z,ZBCNUSDT,COOLING,NONE,0.0,0.0,0.0,15.19,0.0,593.56,1371.44,True,False,-0.0163,78653.4,0.0496,0.919,0.0018434
2026-08-30T20:49:11Z,WUSDT,COOLING,NONE,0.0,0.0,0.0,13.9,0.0,16067.23,2381.05,True,False,0.0,78653.4,0.0496,1.031,0.009356
2026-08-30T20:50:22Z,BTCUSDT,COOLING,BUY,0.01,0.52,0.52,0.0,0.0,824083.44,517898.63,True,False,0.0,78679.85,0.0336,1.019,78679.85
2026-08-30T20:50:23Z,XRPUSDT,COOLING,NONE,0.0,0.0,0.0,2.14,0.0,78477.0,64933.91,True,False,0.0,78679.85,0.0336,1.015,1.3988
2026-08-30T20:50:25Z,HBARUSDT,COOLING,NONE,0.0,0.0,0.0,1.33,0.0,17505.15,12424.77,True,False,0.0,78679.85,0.0336,1.012,0.07535
2026-08-30T20:50:27Z,ZBCNUSDT,COOLING,SELL,0.2,0.0,0.2,11.38,-0.54,594.76,876.89,True,False,0.019,78679.85,0.0336,0.986,0.0018457
2026-08-30T20:50:29Z,WUSDT,COOLING,NONE,0.0,0.0,0.0,10.68,0.0,18520.39,1687.21,True,False,0.0,78679.85,0.0336,1.01,0.009355
2026-08-30T20:50:58Z,BTCUSDT,COOLING,BUY,0.0,98.08,98.08,0.0,-0.11,394948.35,507873.11,True,True,0.0034,78714.15,0.0436,1.011,78714.15
2026-08-30T20:50:59Z,XRPUSDT,COOLING,NONE,0.0,0.0,0.0,2.14,0.0,54358.81,57468.58,True,False,0.0,78714.15,0.0436,0.93,1.3995
2026-08-30T20:51:01Z,HBARUSDT,COOLING,NONE,0.0,0.0,0.0,1.33,0.0,30156.59,9788.28,True,False,0.0,78714.15,0.0436,0.984,0.07535
2026-08-30T20:51:02Z,ZBCNUSDT,COOLING,BUY,0.0,6.72,6.72,10.84,-0.54,593.56,1493.22,True,False,-0.0027,78714.15,0.0436,1.045,0.0018456
2026-08-30T20:51:04Z,WUSDT,COOLING,NONE,0.0,0.0,0.0,13.87,0.0,13524.3,3650.21,True,False,0.0,78714.15,0.0436,0.983,0.009375
2026-08-30T20:53:59Z,BTCUSDT,COOLING,BUY,0.0,4.7,4.7,0.0,0.0,454203.6,500486.32,True,False,0.0,78696.75,-0.0221,0.972,78696.75
2026-08-30T20:54:01Z,XRPUSDT,COOLING,NONE,0.0,0.0,0.0,2.14,-0.71,52068.36,57535.43,True,False,-0.0036,78696.75,-0.0221,0.91,1.3998
2026-08-30T20:54:02Z,HBARUSDT,COOLING,NONE,0.0,0.0,0.0,1.33,0.0,34601.61,33872.31,True,False,0.0,78696.75,-0.0221,1.05,0.0754
2026-08-30T20:54:05Z,ZBCNUSDT,COOLING,NONE,0.0,0.0,0.0,25.5,-0.54,502.79,567.56,True,False,-0.0027,78696.75,-0.0221,0.964,0.0018435
2026-08-30T20:54:07Z,WUSDT,COOLING,NONE,0.0,0.0,0.0,11.75,0.0,9122.63,3071.88,True,False,0.0,78696.75,-0.0221,0.95,0.009379
2026-08-30T20:54:36Z,BTCUSDT,COOLING,NONE,0.0,0.0,0.0,0.0,0.0,497490.07,465401.83,True,False,0.0,78695.01,-0.0022,0.927,78695.01
2026-08-30T20:54:38Z,XRPUSDT,COOLING,NONE,0.0,0.0,0.0,2.14,0.0,102953.08,55528.2,True,False,0.0,78695.01,-0.0022,0.944,1.3992
2026-08-30T20:54:39Z,HBARUSDT,COOLING,NONE,0.0,0.0,0.0,1.33,0.0,45923.5,32238.96,True,False,0.0,78695.01,-0.0022,0.992,0.07537
2026-08-30T20:54:42Z,ZBCNUSDT,COOLING,SELL,28.52,0.11,28.52,24.4,-3.8,538.31,1373.29,True,True,0.0081,78695.01,-0.0022,1.883,0.0018442
2026-08-30T20:54:44Z,WUSDT,COOLING,NONE,0.0,0.0,0.0,11.75,0.0,11814.57,3071.88,True,False,0.0,78695.01,-0.0022,1.069,0.009357
2026-08-30T20:55:14Z,BTCUSDT,COOLING,NONE,0.0,0.0,0.0,0.04,-0.03,547832.54,639049.18,True,False,0.0001,78695.0,-0.0,1.005,78695.0
2026-08-30T20:55:16Z,XRPUSDT,COOLING,NONE,0.0,0.0,0.0,1.43,0.0,95967.32,74179.22,True,False,0.0,78695.0,-0.0,1.009,1.3987
2026-08-30T20:55:18Z,HBARUSDT,COOLING,NONE,0.0,0.0,0.0,1.33,0.0,52814.78,34102.73,True,False,0.0,78695.0,-0.0,1.011,0.07536
2026-08-30T20:55:20Z,ZBCNUSDT,COOLING,NONE,0.0,0.0,0.0,22.79,-0.54,528.35,1371.0,True,False,0.0027,78695.0,-0.0,0.999,0.0018438
2026-08-30T20:55:21Z,WUSDT,COOLING,NONE,0.0,0.0,0.0,11.75,0.0,11814.57,3071.88,True,False,0.0,78695.0,-0.0,1.006,0.009359
2026-08-30T20:57:36Z,BTCUSDT,COOLING,SELL,7.51,0.0,7.51,0.0,0.0,535740.09,504214.37,True,False,0.0,78656.86,-0.0485,1.007,78656.86
2026-08-30T20:57:38Z,XRPUSDT,COOLING,NONE,0.0,0.0,0.0,2.15,0.0,59082.0,42997.84,True,False,0.0,78656.86,-0.0485,2.053,1.398
2026-08-30T20:57:40Z,HBARUSDT,COOLING,NONE,0.0,0.0,0.0,1.33,0.0,41616.86,27095.06,True,False,0.0,78656.86,-0.0485,1.022,0.07531
2026-08-30T20:57:42Z,ZBCNUSDT,COOLING,NONE,0.0,0.0,0.0,16.31,-0.0,520.7,1367.52,True,False,0.0054,78656.86,-0.0485,0.966,0.0018392
2026-08-30T20:57:45Z,WUSDT,COOLING,NONE,0.0,0.0,0.0,14.97,1.06,15583.05,2532.02,True,False,0.0695,78656.86,-0.0485,1.015,0.00935
2026-08-30T20:58:14Z,BTCUSDT,COOLING,SELL,75.25,4.75,75.25,0.0,0.0,466927.81,638995.14,True,False,0.0,78653.38,-0.0044,0.991,78653.38
2026-08-30T20:58:15Z,XRPUSDT,COOLING,NONE,0.0,0.0,0.0,1.43,0.0,113210.14,74626.42,True,False,0.0,78653.38,-0.0044,0.962,1.3975
2026-08-30T20:58:17Z,HBARUSDT,COOLING,NONE,0.0,0.0,0.0,1.33,0.0,49136.12,22910.32,True,False,0.0,78653.38,-0.0044,1.0,0.07531
2026-08-30T20:58:20Z,ZBCNUSDT,COOLING,NONE,0.0,0.0,0.0,14.68,0.0,526.54,550.07,True,False,0.0,78653.38,-0.0044,0.99,0.0018393
2026-08-30T20:58:22Z,WUSDT,COOLING,NONE,0.0,0.0,0.0,9.61,0.0,12289.95,2492.11,True,False,0.0,78653.38,-0.0044,1.136,0.009369
2026-08-30T20:58:51Z,BTCUSDT,COOLING,NONE,0.0,0.0,0.0,0.0,0.0,5516.91,1091002.16,True,False,0.0,78631.02,-0.0284,0.923,78631.02
2026-08-30T20:58:53Z,XRPUSDT,COOLING,BUY,0.0,7.96,7.96,1.43,0.0,89070.97,102676.62,True,False,0.0,78631.02,-0.0284,1.088,1.3968
2026-08-30T20:58:54Z,HBARUSDT,COOLING,NONE,0.0,0.0,0.0,1.33,0.0,31673.79,28848.25,True,False,0.0,78631.02,-0.0284,0.899,0.07533
2026-08-30T20:59:36Z,ZBCNUSDT,COOLING,NONE,0.0,0.0,0.0,40.69,-0.55,508.12,1357.59,True,False,-0.0027,78631.02,-0.0284,1.001,0.0018246
2026-08-30T20:59:38Z,WUSDT,COOLING,NONE,0.0,0.0,0.0,14.97,0.0,8693.76,2113.27,True,False,0.0,78631.02,-0.0284,0.984,0.009365
2026-08-30T21:00:33Z,BTCUSDT,COOLING,BUY,0.0,8.06,8.06,0.0,0.0,4062.25,973539.09,True,False,0.0,78570.64,-0.0768,2.075,78570.64
2026-08-30T21:00:35Z,XRPUSDT,COOLING,NONE,0.0,0.0,0.0,1.43,0.72,54136.87,51984.01,True,False,0.0036,78570.64,-0.0768,0.969,1.3955
2026-08-30T21:00:37Z,HBARUSDT,COOLING,SELL,63.73,0.0,63.73,1.33,0.0,44421.84,31798.75,True,False,0.0,78570.64,-0.0768,0.976,0.07524
2026-08-30T21:00:39Z,ZBCNUSDT,COOLING,NONE,0.0,0.0,0.0,6.04,0.0,562.56,542.44,True,False,0.0,78570.64,-0.0768,0.978,0.0018212
2026-08-30T21:00:43Z,WUSDT,COOLING,NONE,0.0,0.0,0.0,11.77,-1.07,6095.07,2208.59,True,False,0.0054,78570.64,-0.0768,1.014,0.009356
2026-08-30T21:01:13Z,BTCUSDT,COOLING,BUY,0.0,8.72,8.72,0.08,0.08,23195.65,527981.75,True,False,-0.0049,78521.05,-0.0631,0.912,78521.05
2026-08-30T21:01:14Z,XRPUSDT,COOLING,NONE,0.0,0.0,0.0,2.15,-0.0,22292.8,22397.19,True,False,0.0072,78521.05,-0.0631,0.909,1.3951
2026-08-30T21:01:16Z,HBARUSDT,COOLING,NONE,0.0,0.0,0.0,5.32,-2.66,31512.09,11389.71,True,False,0.0266,78521.05,-0.0631,0.879,0.07519
2026-08-30T21:01:18Z,ZBCNUSDT,COOLING,NONE,0.0,0.0,0.0,31.9,30.26,527.53,542.44,True,False,-0.151,78521.05,-0.0631,0.981,0.0018214
2026-08-30T21:01:19Z,WUSDT,COOLING,NONE,0.0,0.0,0.0,6.42,-5.34,10338.44,2113.27,True,False,-0.0267,78521.05,-0.0631,0.967,0.009353
2026-08-30T21:01:50Z,BTCUSDT,COOLING,BUY,0.01,0.07,0.07,0.46,-1.9,23137.37,23159.6,True,False,-0.0383,78330.32,-0.2429,0.977,78330.32
2026-08-30T21:01:52Z,XRPUSDT,COOLING,BUY,46.56,52.94,52.94,1.44,-5.77,22152.0,74386.5,True,False,-0.0577,78330.32,-0.2429,0.905,1.3883
2026-08-30T21:01:54Z,HBARUSDT,COOLING,BUY,0.0,2.79,2.79,13.36,8.01,3746.85,12338.83,True,False,0.0401,78330.32,-0.2429,0.923,0.07483
2026-08-30T21:01:56Z,ZBCNUSDT,COOLING,NONE,0.0,0.0,0.0,9.91,0.0,542.95,1357.59,True,False,0.0,78330.32,-0.2429,1.028,0.0018163
2026-08-30T21:01:58Z,WUSDT,COOLING,NONE,0.0,0.0,0.0,18.34,-6.48,2958.94,1855.45,True,False,0.0324,78330.32,-0.2429,1.266,0.009256
2026-08-30T21:04:13Z,BTCUSDT,COOLING,SELL,99.38,39.72,99.38,0.03,-0.02,518549.41,360105.73,True,False,-0.0118,78464.28,0.171,0.961,78464.28
2026-08-30T21:04:15Z,ETHUSDT,COOLING,BUY,0.0,98.43,98.43,0.04,-0.57,149220.3,157457.25,True,False,0.0028,78464.28,0.171,0.935,2474.41
2026-08-30T21:04:16Z,XRPUSDT,COOLING,NONE,0.0,0.0,0.0,1.44,-1.44,172069.12,55487.44,True,False,0.0072,78464.28,0.171,0.931,1.3917
2026-08-30T21:04:18Z,HBARUSDT,COOLING,NONE,0.0,0.0,0.0,1.33,0.0,5377.15,15348.4,True,False,0.0,78464.28,0.171,0.883,0.07503
2026-08-30T21:04:20Z,ZBCNUSDT,COOLING,NONE,0.0,0.0,0.0,23.65,0.0,544.03,1357.59,True,False,0.0,78464.28,0.171,0.87,0.0018189
2026-08-30T21:04:50Z,BTCUSDT,COOLING,NONE,0.0,0.0,0.0,0.0,0.0,38232.19,476784.03,True,False,0.0,78484.05,0.0252,1.005,78484.05
2026-08-30T21:04:52Z,ETHUSDT,COOLING,SELL,9.78,7.37,9.78,0.04,0.0,165716.59,156036.88,True,False,0.0,78484.05,0.0252,1.043,2474.55
2026-08-30T21:05:33Z,XRPUSDT,COOLING,BUY,0.0,0.39,0.39,2.16,0.0,97797.65,59031.19,True,False,-0.0575,78484.05,0.0252,40.9,1.3918
2026-08-30T21:05:34Z,HBARUSDT,COOLING,NONE,0.0,0.0,0.0,1.33,0.0,19222.9,18592.73,True,False,0.0,78484.05,0.0252,0.877,0.07505
2026-08-30T21:05:36Z,ZBCNUSDT,COOLING,SELL,2.0,0.0,2.0,25.26,-0.0,544.88,1357.59,True,False,0.0165,78484.05,0.0252,0.889,0.0018213
2026-08-30T21:06:05Z,BTCUSDT,COOLING,SELL,66.05,0.0,66.05,0.04,0.04,501996.98,462603.24,True,False,-0.0042,78456.56,-0.035,0.891,78456.56
2026-08-30T21:06:07Z,ETHUSDT,COOLING,SELL,2.36,0.0,2.36,0.04,0.0,154227.74,150238.88,True,False,0.0,78456.56,-0.035,0.883,2471.29
2026-08-30T21:06:08Z,XRPUSDT,COOLING,NONE,0.0,0.0,0.0,2.16,0.0,135088.13,55612.01,True,False,-0.0072,78456.56,-0.035,0.892,1.3914
2026-08-30T21:06:10Z,HBARUSDT,COOLING,NONE,0.0,0.0,0.0,1.33,0.0,16208.48,20559.05,True,False,0.0,78456.56,-0.035,0.973,0.07505
2026-08-30T21:06:12Z,ZBCNUSDT,COOLING,BUY,0.0,33.91,33.91,24.17,-1.64,516.4,1357.59,True,True,-0.0467,78456.56,-0.035,0.933,0.0018216
2026-08-30T21:07:43Z,BTCUSDT,COOLING,BUY,0.0,1.61,1.61,0.0,0.0,436539.17,536790.59,True,False,0.0,78463.2,0.0085,0.898,78463.2
2026-08-30T21:07:45Z,ETHUSDT,COOLING,SELL,4.76,0.0,4.76,0.04,0.0,166011.97,151308.02,True,False,0.0,78463.2,0.0085,0.861,2473.09
2026-08-30T21:07:46Z,XRPUSDT,COOLING,NONE,0.0,0.0,0.0,2.15,-0.0,57050.88,63794.25,True,False,0.0072,78463.2,0.0085,0.935,1.392
2026-08-30T21:07:48Z,HBARUSDT,COOLING,NONE,0.0,0.0,0.0,1.33,0.0,46719.37,30914.99,True,False,0.0,78463.2,0.0085,0.891,0.07507
2026-08-30T21:07:49Z,ZBCNUSDT,COOLING,SELL,102.32,0.0,102.32,18.1,-0.55,522.86,1357.59,True,True,-0.0027,78463.2,0.0085,0.885,0.0018233
2026-08-30T21:08:19Z,BTCUSDT,COOLING,BUY,0.0,86.01,86.01,0.0,-0.0,85479.26,464311.14,True,False,0.0006,78483.43,0.0258,1.055,78483.43
2026-08-30T21:08:22Z,ETHUSDT,COOLING,BUY,0.0,41.44,41.44,0.97,-0.28,150957.13,154453.37,True,True,0.018,78483.43,0.0258,2.14,2474.2
2026-08-30T21:09:05Z,XRPUSDT,COOLING,NONE,0.0,0.0,0.0,0.72,-0.72,58719.07,75230.4,True,False,0.0036,78483.43,0.0258,1.079,1.3923
2026-08-30T21:09:47Z,HBARUSDT,COOLING,NONE,0.0,0.0,0.0,1.33,0.0,26181.39,27187.86,True,False,0.0,78483.43,0.0258,0.956,0.0751
2026-08-30T21:09:49Z,ZBCNUSDT,COOLING,NONE,0.0,0.0,0.0,12.61,-0.55,517.1,1357.07,True,False,0.0027,78483.43,0.0258,1.024,0.0018245
2026-08-30T21:10:59Z,BTCUSDT,COOLING,NONE,0.0,0.0,0.0,0.0,0.0,4052.63,454551.05,True,False,0.0,78380.8,-0.1308,0.875,78380.8
2026-08-30T21:11:01Z,ETHUSDT,COOLING,SELL,31.21,4.48,31.21,1.74,0.12,125203.31,160090.68,True,False,0.0034,78380.8,-0.1308,0.975,2467.59
2026-08-30T21:11:03Z,XRPUSDT,COOLING,NONE,0.0,0.0,0.0,2.16,-0.0,43728.1,63087.15,True,False,0.0144,78380.8,-0.1308,1.027,1.3895
2026-08-30T21:11:04Z,HBARUSDT,COOLING,NONE,0.0,0.0,0.0,1.33,0.0,31816.07,25748.63,True,False,0.0,78380.8,-0.1308,0.96,0.07514
2026-08-30T21:11:06Z,ZBCNUSDT,COOLING,NONE,0.0,0.0,0.0,13.16,0.0,541.07,1356.4,True,False,0.0,78380.8,-0.1308,0.934,0.0018244
2026-08-30T21:12:02Z,BTCUSDT,COOLING,SELL,9.7,8.98,9.7,0.0,0.0,545466.18,502796.3,True,False,0.0,78460.76,0.102,0.992,78460.76
2026-08-30T21:12:03Z,ETHUSDT,COOLING,NONE,0.0,0.0,0.0,1.21,0.2,153110.5,92019.38,True,False,0.0018,78460.76,0.102,0.932,2472.89
2026-08-30T21:12:05Z,XRPUSDT,COOLING,BUY,0.0,31.93,31.93,1.44,-0.72,76219.6,99400.81,True,False,0.0108,78460.76,0.102,0.993,1.3914
2026-08-30T21:12:07Z,HBARUSDT,COOLING,SELL,21.07,0.0,21.07,1.33,-0.0,31713.54,19868.95,True,True,0.0266,78460.76,0.102,1.486,0.075
2026-08-30T21:12:09Z,ZBCNUSDT,COOLING,NONE,0.0,0.0,0.0,15.31,0.0,594.73,1359.81,True,False,0.0,78460.76,0.102,0.956,0.0018299
2026-08-30T21:12:38Z,BTCUSDT,COOLING,BUY,0.0,0.33,0.33,0.0,0.0,458646.45,526030.37,True,False,0.0,78504.7,0.056,0.993,78504.7
2026-08-30T21:12:40Z,ETHUSDT,COOLING,BUY,0.0,103.31,103.31,0.04,-0.0,234809.51,159889.26,True,False,0.0311,78504.7,0.056,0.892,2473.73
2026-08-30T21:12:43Z,XRPUSDT,COOLING,NONE,0.0,0.0,0.0,1.44,0.72,94407.74,67479.8,True,False,-0.0036,78504.7,0.056,2.014,1.3922
2026-08-30T21:12:45Z,HBARUSDT,COOLING,NONE,0.0,0.0,0.0,1.33,0.0,36424.37,21406.65,True,False,0.0,78504.7,0.056,0.986,0.07513
2026-08-30T21:12:46Z,ZBCNUSDT,COOLING,SELL,0.54,0.0,0.54,15.31,-0.55,510.13,1359.88,True,False,-0.0027,78504.7,0.056,1.011,0.0018299
2026-08-30T21:13:17Z,BTCUSDT,COOLING,BUY,0.0,6.26,6.26,0.0,-0.23,41994.11,510471.14,True,False,-0.0006,78508.04,0.0043,0.935,78508.04
2026-08-30T21:13:19Z,ETHUSDT,COOLING,SELL,55.01,0.0,55.01,0.24,0.2,372770.3,59918.53,True,False,0.0269,78508.04,0.0043,1.054,2475.0
2026-08-30T21:13:20Z,XRPUSDT,COOLING,BUY,9.37,15.48,15.48,1.44,0.72,83147.74,92603.66,True,False,0.018,78508.04,0.0043,0.969,1.392
2026-08-30T21:13:22Z,HBARUSDT,COOLING,NONE,0.0,0.0,0.0,1.33,0.0,45502.9,26527.41,True,False,0.0,78508.04,0.0043,1.041,0.07516
2026-08-30T21:13:24Z,ZBCNUSDT,COOLING,NONE,0.0,0.0,0.0,16.4,0.0,510.21,1359.88,True,False,0.0,78508.04,0.0043,1.026,0.0018299
2026-08-30T21:16:25Z,BTCUSDT,COOLING,BUY,0.6,9.91,9.91,0.04,-0.02,116670.1,506421.38,True,False,0.0001,78535.01,0.0344,0.92,78535.01
2026-08-30T21:16:27Z,XRPUSDT,COOLING,BUY,12.04,35.61,35.61,2.16,0.0,75959.2,66697.51,True,False,0.0,78535.01,0.0344,0.872,1.3908
2026-08-30T21:16:29Z,HBARUSDT,COOLING,BUY,0.0,13.54,13.54,1.33,0.0,45643.03,16309.35,True,False,0.0,78535.01,0.0344,0.983,0.07509
2026-08-30T21:16:30Z,ZBCNUSDT,COOLING,SELL,88.32,0.0,88.32,14.17,-1.09,527.83,1360.85,True,True,0.0,78535.01,0.0344,1.023,0.0018323
2026-08-30T21:16:32Z,WUSDT,COOLING,NONE,0.0,0.0,0.0,10.72,0.0,8950.81,4719.18,True,False,0.0,78535.01,0.0344,0.91,0.009329
2026-08-30T21:17:02Z,BTCUSDT,COOLING,BUY,0.0,2.75,2.75,0.04,0.0,588468.54,481365.6,True,False,0.0,78541.13,0.0078,1.476,78541.13
2026-08-30T21:17:04Z,XRPUSDT,COOLING,SELL,1.99,0.0,1.99,1.44,-0.0,72406.93,44712.0,True,False,0.0072,78541.13,0.0078,1.045,1.3915
2026-08-30T21:17:05Z,HBARUSDT,COOLING,NONE,0.0,0.0,0.0,2.66,1.33,15996.89,32692.11,True,False,-0.0067,78541.13,0.0078,0.92,0.07507
2026-08-30T21:17:07Z,ZBCNUSDT,COOLING,NONE,0.0,0.0,0.0,15.82,10.37,516.55,1361.81,True,False,-0.0573,78541.13,0.0078,0.999,0.0018351
2026-08-30T21:17:09Z,WUSDT,COOLING,NONE,0.0,0.0,0.0,20.36,0.0,14132.2,4719.18,True,False,0.0,78541.13,0.0078,1.025,0.009329
2026-08-30T21:17:38Z,BTCUSDT,COOLING,NONE,0.0,0.0,0.0,0.0,0.0,635550.03,4064.01,True,False,0.0,78577.0,0.0457,0.943,78578.72
2026-08-30T21:17:39Z,XRPUSDT,COOLING,BUY,0.0,9.68,9.68,1.44,0.72,59997.83,70247.28,True,False,0.0108,78577.0,0.0457,0.976,1.3918
2026-08-30T21:17:41Z,HBARUSDT,COOLING,NONE,0.0,0.0,0.0,1.33,0.0,26549.18,29046.46,True,False,0.0,78577.0,0.0457,0.883,0.07507
2026-08-30T21:17:42Z,ZBCNUSDT,COOLING,BUY,0.0,67.13,67.13,14.2,0.0,524.36,1362.18,True,True,0.0,78577.0,0.0457,0.912,0.0018301
2026-08-30T21:17:44Z,WUSDT,COOLING,NONE,0.0,0.0,0.0,12.85,0.0,10792.31,2240.05,True,False,0.0,78577.0,0.0457,1.048,0.009324
2026-08-30T21:19:19Z,BTCUSDT,COOLING,SELL,39.26,0.0,39.26,0.0,0.0,51244.01,712658.13,True,False,-0.0064,78590.0,0.0165,1.394,78590.0
2026-08-30T21:19:21Z,XRPUSDT,COOLING,NONE,0.0,0.0,0.0,2.16,-0.72,86932.94,80558.86,True,False,-0.0036,78590.0,0.0165,1.378,1.3904
2026-08-30T21:19:22Z,HBARUSDT,COOLING,BUY,0.0,58.23,58.23,1.33,0.0,21320.4,32584.29,True,False,-0.0266,78590.0,0.0165,0.876,0.07512
2026-08-30T21:19:24Z,ZBCNUSDT,COOLING,NONE,0.0,0.0,0.0,17.98,11.99,544.87,1365.44,True,False,-0.0599,78590.0,0.0165,0.866,0.0018361
2026-08-30T21:19:25Z,WUSDT,COOLING,NONE,0.0,0.0,0.0,8.59,-3.22,12864.37,2240.05,True,False,0.0161,78590.0,0.0165,0.889,0.009325
2026-08-30T21:19:54Z,BTCUSDT,COOLING,NONE,0.0,0.0,0.0,0.0,0.0,541104.66,22470.41,True,False,0.0,78593.93,0.005,0.906,78593.93
2026-08-30T21:19:56Z,XRPUSDT,COOLING,NONE,0.0,0.0,0.0,2.16,-0.72,113933.0,83507.31,True,False,0.0036,78593.93,0.005,0.926,1.3912
2026-08-30T21:19:57Z,HBARUSDT,COOLING,NONE,0.0,0.0,0.0,2.66,1.33,22921.61,32477.42,True,False,-0.0067,78593.93,0.005,0.914,0.07507
2026-08-30T21:19:59Z,ZBCNUSDT,COOLING,BUY,0.0,0.14,0.14,15.26,0.0,506.77,1365.44,True,False,0.0,78593.93,0.005,0.922,0.0018358
2026-08-30T21:20:00Z,WUSDT,COOLING,NONE,0.0,0.0,0.0,11.8,0.0,11798.24,2240.05,True,False,0.0,78593.93,0.005,0.913,0.009328
2026-08-30T21:20:31Z,BTCUSDT,COOLING,BUY,0.0,5.18,5.18,0.0,0.0,501397.24,545647.69,True,False,0.0,78611.79,0.0227,0.979,78611.79
2026-08-30T21:20:32Z,XRPUSDT,COOLING,NONE,0.0,0.0,0.0,2.16,0.0,97461.17,73582.18,True,False,0.0,78611.79,0.0227,0.937,1.3916
2026-08-30T21:20:33Z,HBARUSDT,COOLING,NONE,0.0,0.0,0.0,1.33,0.0,42584.06,24679.43,True,False,0.0,78611.79,0.0227,0.935,0.07509
2026-08-30T21:20:35Z,ZBCNUSDT,COOLING,NONE,0.0,0.0,0.0,13.62,0.0,517.58,1378.73,True,False,0.0,78611.79,0.0227,0.952,0.0018358
2026-08-30T21:20:37Z,WUSDT,COOLING,NONE,0.0,0.0,0.0,11.8,0.0,11798.24,2240.05,True,False,0.0,78611.79,0.0227,0.882,0.009327
2026-08-30T21:21:30Z,BTCUSDT,COOLING,SELL,102.51,0.0,102.51,0.0,0.0,547637.33,759507.47,True,True,-0.0105,78614.74,0.0038,0.934,78614.74
2026-08-30T21:21:31Z,XRPUSDT,COOLING,BUY,0.0,30.93,30.93,2.88,2.16,90856.72,77251.96,True,True,0.0036,78614.74,0.0038,0.901,1.3909
2026-08-30T21:21:33Z,HBARUSDT,COOLING,NONE,0.0,0.0,0.0,1.33,0.0,46317.31,31306.32,True,False,0.0,78614.74,0.0038,0.975,0.07511
2026-08-30T21:21:34Z,ZBCNUSDT,COOLING,BUY,0.0,2.14,2.14,64.01,15.96,522.08,1380.26,True,False,0.0801,78614.74,0.0038,0.88,0.0018153
2026-08-30T21:21:36Z,WUSDT,COOLING,NONE,0.0,0.0,0.0,17.15,0.0,11798.24,2240.05,True,False,0.0,78614.74,0.0038,0.888,0.009331
2026-08-30T21:22:45Z,BTCUSDT,COOLING,SELL,12.41,0.0,12.41,0.0,0.0,530263.64,532067.24,True,False,0.0,78593.61,-0.0269,0.966,78590.01
2026-08-30T21:22:47Z,XRPUSDT,COOLING,NONE,0.0,0.0,0.0,2.16,0.0,116630.16,82693.67,True,False,0.0,78593.61,-0.0269,0.996,1.3903
2026-08-30T21:22:48Z,HBARUSDT,COOLING,NONE,0.0,0.0,0.0,1.33,0.0,41800.13,33297.03,True,False,0.0,78593.61,-0.0269,0.928,0.07508
2026-08-30T21:22:52Z,ZBCNUSDT,COOLING,NONE,0.0,0.0,0.0,62.13,0.0,524.78,1349.66,True,False,0.0,78593.61,-0.0269,0.963,0.0018053
2026-08-30T21:22:54Z,WUSDT,COOLING,NONE,0.0,0.0,0.0,17.12,0.0,11010.04,2469.78,True,False,0.0,78593.61,-0.0269,1.013,0.00934
2026-08-30T21:24:04Z,BTCUSDT,COOLING,SELL,22.05,0.0,22.05,0.0,0.0,82182.8,695255.37,True,False,0.0,78499.04,-0.1203,1.362,78499.04
2026-08-30T21:24:05Z,XRPUSDT,COOLING,NONE,0.0,0.0,0.0,1.44,0.0,80005.64,72494.8,True,False,0.0,78499.04,-0.1203,0.876,1.3884
2026-08-30T21:24:07Z,HBARUSDT,COOLING,NONE,0.0,0.0,0.0,1.33,0.0,40546.06,29401.01,True,False,0.0,78499.04,-0.1203,0.873,0.07502
2026-08-30T21:24:08Z,ZBCNUSDT,COOLING,NONE,0.0,0.0,0.0,69.94,0.0,520.86,542.12,True,False,0.0,78499.04,-0.1203,0.896,0.0018208
2026-08-30T21:24:10Z,WUSDT,COOLING,NONE,0.0,0.0,0.0,14.98,0.0,17132.88,3345.47,True,False,0.0,78499.04,-0.1203,0.95,0.009342
2026-08-30T21:25:08Z,BTCUSDT,COOLING,BUY,0.0,6.78,6.78,0.02,-0.04,466965.03,540019.31,True,False,0.0002,78586.41,0.1113,0.941,78586.41
2026-08-30T21:25:10Z,ETHUSDT,COOLING,BUY,0.0,10.19,10.19,0.04,0.0,202040.0,97243.11,True,False,0.0,78586.41,0.1113,0.995,2476.49
2026-08-30T21:25:11Z,XRPUSDT,COOLING,NONE,0.0,0.0,0.0,2.88,0.72,115514.98,72335.29,True,False,0.0036,78586.41,0.1113,0.912,1.3911
2026-08-30T21:25:13Z,HBARUSDT,COOLING,SELL,63.71,0.0,63.71,1.33,0.0,40731.4,29543.42,True,True,0.0,78586.41,0.1113,0.932,0.07505
2026-08-30T21:25:15Z,ZBCNUSDT,IMPULSE,NONE,0.0,0.0,0.0,46.81,3.32,649.48,1351.58,True,False,-0.044,78586.41,0.1113,0.872,0.0018208
2026-08-30T21:25:44Z,BTCUSDT,COOLING,NONE,0.0,0.0,0.0,0.04,-0.11,529599.98,467608.97,True,False,-0.0004,78576.16,-0.013,0.934,78576.16
2026-08-30T21:25:46Z,ETHUSDT,COOLING,SELL,2.05,0.0,2.05,0.12,0.0,153796.48,163838.86,True,False,0.0,78576.16,-0.013,1.061,2476.35
2026-08-30T21:25:48Z,XRPUSDT,COOLING,SELL,44.23,4.07,44.23,1.44,-1.44,119670.46,66162.86,True,True,-0.0216,78576.16,-0.013,0.917,1.3911
2026-08-30T21:25:50Z,HBARUSDT,COOLING,SELL,29.42,0.0,29.42,1.33,0.0,43766.35,15594.18,True,True,0.0,78576.16,-0.013,2.088,0.0751
2026-08-30T21:25:52Z,ZBCNUSDT,IMPULSE,BUY,0.0,39.75,39.75,52.81,-1.1,546.51,1351.06,True,True,0.0055,78576.16,-0.013,1.025,0.0018196
2026-08-30T21:26:23Z,BTCUSDT,COOLING,SELL,5.48,5.16,5.48,0.0,0.0,512390.88,482938.18,True,False,0.0,78598.34,0.0282,0.919,78598.34
2026-08-30T21:26:24Z,ETHUSDT,COOLING,SELL,4.12,2.67,4.12,0.04,0.0,158339.64,228693.62,True,False,0.0,78598.34,0.0282,0.962,2476.49
2026-08-30T21:26:26Z,XRPUSDT,COOLING,NONE,0.0,0.0,0.0,1.44,0.0,100619.64,59981.05,True,False,0.0,78598.34,0.0282,0.947,1.3913
2026-08-30T21:27:48Z,HBARUSDT,COOLING,SELL,0.06,0.0,0.06,1.33,0.0,49776.36,29194.12,True,False,0.0,78598.34,0.0282,40.961,0.07511
2026-08-30T21:28:30Z,ZBCNUSDT,IMPULSE,NONE,0.0,0.0,0.0,88.69,7.27,507.32,1349.43,True,False,-0.0748,78598.34,0.0282,1.012,0.0018046
2026-08-30T21:30:14Z,BTCUSDT,COOLING,SELL,0.73,0.0,0.73,0.0,-0.0,546260.72,2052.09,True,False,0.0063,78646.47,0.0612,1.451,78646.47
2026-08-30T21:30:16Z,XRPUSDT,COOLING,SELL,6.18,0.0,6.18,1.44,-0.72,110228.37,88594.76,True,False,0.0036,78646.47,0.0612,1.101,1.393
2026-08-30T21:30:18Z,HBARUSDT,COOLING,NONE,0.0,0.0,0.0,1.33,0.0,37938.61,27077.95,True,False,0.0,78646.47,0.0612,1.079,0.07518
2026-08-30T21:30:21Z,ZBCNUSDT,IMPULSE,NONE,0.0,0.0,0.0,24.33,6.08,585.9,600.68,True,False,0.0304,78646.47,0.0612,2.027,0.0018087
2026-08-30T21:30:23Z,WUSDT,COOLING,NONE,0.0,0.0,0.0,15.98,0.0,17124.61,6666.0,True,False,0.0,78646.47,0.0612,1.204,0.009381
2026-08-30T21:32:17Z,BTCUSDT,COOLING,SELL,84.76,0.38,84.76,0.0,0.0,467383.07,1122758.14,True,False,0.0,78704.88,0.0743,0.961,78704.88
2026-08-30T21:32:19Z,XRPUSDT,COOLING,SELL,51.71,0.0,51.71,2.15,0.72,111089.53,52426.86,True,True,0.0251,78704.88,0.0743,0.923,1.394
2026-08-30T21:32:20Z,HBARUSDT,COOLING,NONE,0.0,0.0,0.0,1.33,0.0,36938.65,29628.38,True,False,0.0,78704.88,0.0743,0.906,0.07524
2026-08-30T21:32:22Z,ZBCNUSDT,IMPULSE,NONE,0.0,0.0,0.0,47.22,0.0,5072.88,996.91,True,False,0.0,78704.88,0.0743,0.929,0.0018226
2026-08-30T21:32:24Z,WUSDT,COOLING,NONE,0.0,0.0,0.0,14.92,0.0,14668.54,6368.5,True,False,0.0,78704.88,0.0743,0.935,0.009384
2026-08-30T21:32:53Z,BTCUSDT,COOLING,BUY,0.0,9.63,9.63,0.0,0.0,525420.33,524094.26,True,False,0.0,78705.14,0.0003,0.968,78705.14
2026-08-30T21:32:55Z,XRPUSDT,COOLING,NONE,0.0,0.0,0.0,2.15,0.0,96417.75,124050.66,True,False,0.0,78705.14,0.0003,0.903,1.3953
2026-08-30T21:32:56Z,HBARUSDT,COOLING,NONE,0.0,0.0,0.0,1.33,0.0,43335.97,21658.79,True,False,0.0,78705.14,0.0003,0.903,0.07525
2026-08-30T21:32:58Z,ZBCNUSDT,IMPULSE,NONE,0.0,0.0,0.0,9.86,0.0,5092.7,996.91,True,False,0.0,78705.14,0.0003,0.898,0.0018257
2026-08-30T21:33:00Z,WUSDT,COOLING,NONE,0.0,0.0,0.0,8.52,0.0,14668.54,6368.5,True,False,0.0,78705.14,0.0003,0.89,0.009384
2026-08-30T21:33:51Z,BTCUSDT,COOLING,NONE,0.0,0.0,0.0,0.0,0.0,493782.56,507245.44,True,False,-0.0,78702.17,-0.0038,0.954,78702.17
2026-08-30T21:33:52Z,XRPUSDT,COOLING,BUY,0.0,26.13,26.13,2.15,0.0,85185.95,112531.34,True,True,-0.0143,78702.17,-0.0038,0.987,1.3953
2026-08-30T21:33:54Z,HBARUSDT,COOLING,NONE,0.0,0.0,0.0,1.33,0.0,54693.1,32951.36,True,False,0.0,78702.17,-0.0038,0.95,0.07529
2026-08-30T21:33:55Z,ZBCNUSDT,IMPULSE,NONE,0.0,0.0,0.0,0.55,0.0,3989.15,996.91,True,False,0.0,78702.17,-0.0038,0.975,0.0018241
2026-08-30T21:33:57Z,WUSDT,COOLING,NONE,0.0,0.0,0.0,10.65,0.0,9458.93,6349.47,True,False,0.0,78702.17,-0.0038,0.904,0.009389
2026-08-30T21:34:27Z,BTCUSDT,COOLING,NONE,0.0,0.0,0.0,0.0,0.0,473078.7,85543.15,True,False,0.0,78720.0,0.0227,0.901,78720.0
2026-08-30T21:34:29Z,XRPUSDT,COOLING,BUY,0.0,1.26,1.26,2.15,0.0,106895.45,62746.8,True,False,0.0,78720.0,0.0227,1.006,1.3972
2026-08-30T21:34:30Z,HBARUSDT,COOLING,NONE,0.0,0.0,0.0,1.33,0.0,38075.89,22994.01,True,False,0.0,78720.0,0.0227,0.912,0.07533
2026-08-30T21:34:32Z,ZBCNUSDT,IMPULSE,NONE,0.0,0.0,0.0,0.55,0.0,3774.92,996.91,True,False,0.0,78720.0,0.0227,0.929,0.0018241
2026-08-30T21:34:34Z,WUSDT,COOLING,NONE,0.0,0.0,0.0,11.71,0.0,9219.48,6349.47,True,False,0.0,78720.0,0.0227,0.959,0.009396
2026-08-30T21:35:02Z,BTCUSDT,COOLING,NONE,0.0,0.0,0.0,0.0,0.0,456655.67,488151.32,True,False,0.0,78717.61,-0.003,0.949,78717.61
2026-08-30T21:35:04Z,XRPUSDT,COOLING,NONE,0.0,0.0,0.0,1.43,0.0,95688.83,71388.52,True,False,0.0,78717.61,-0.003,0.921,1.397
2026-08-30T21:35:05Z,HBARUSDT,COOLING,NONE,0.0,0.0,0.0,1.33,0.0,38075.89,22994.01,True,False,0.0,78717.61,-0.003,0.899,0.07533
2026-08-30T21:35:07Z,ZBCNUSDT,IMPULSE,NONE,0.0,0.0,0.0,14.79,-3.83,2287.25,996.91,True,False,-0.0192,78717.61,-0.003,0.968,0.0018262
2026-08-30T21:35:10Z,WUSDT,COOLING,NONE,0.0,0.0,0.0,11.71,0.0,9219.48,5392.46,True,False,0.0,78717.61,-0.003,1.977,0.009396
2026-08-30T21:36:45Z,BTCUSDT,COOLING,NONE,0.0,0.0,0.0,0.02,-0.01,40542.0,482983.0,True,False,0.0,78693.84,-0.0302,0.877,78693.84
2026-08-30T21:36:47Z,XRPUSDT,COOLING,BUY,0.0,0.12,0.12,2.87,0.0,92677.34,69062.46,True,False,0.0,78693.84,-0.0302,0.976,1.3956
2026-08-30T21:36:49Z,HBARUSDT,COOLING,NONE,0.0,0.0,0.0,1.33,0.0,42448.28,19086.1,True,False,-0.0133,78693.84,-0.0302,0.897,0.07526
2026-08-30T21:36:50Z,ZBCNUSDT,IMPULSE,NONE,0.0,0.0,0.0,21.36,0.0,2287.25,996.91,True,False,0.0,78693.84,-0.0302,0.869,0.001825
2026-08-30T21:36:52Z,WUSDT,COOLING,NONE,0.0,0.0,0.0,11.71,0.0,15187.11,5392.46,True,False,0.0,78693.84,-0.0302,0.928,0.009393
2026-08-30T21:37:22Z,BTCUSDT,COOLING,NONE,0.0,0.0,0.0,0.34,0.21,23236.72,543784.68,True,False,-0.001,78684.33,-0.0121,0.933,78684.33
2026-08-30T21:37:23Z,XRPUSDT,COOLING,NONE,0.0,0.0,0.0,2.15,-1.43,63781.1,79032.11,True,False,0.0215,78684.33,-0.0121,0.899,1.3946
2026-08-30T21:37:25Z,HBARUSDT,COOLING,NONE,0.0,0.0,0.0,1.33,0.0,41117.6,18050.05,True,False,0.0,78684.33,-0.0121,0.972,0.07525
2026-08-30T21:37:27Z,ZBCNUSDT,IMPULSE,NONE,0.0,0.0,0.0,10.41,0.0,2287.25,996.91,True,False,0.0,78684.33,-0.0121,0.926,0.001826
2026-08-30T21:37:29Z,WUSDT,COOLING,NONE,0.0,0.0,0.0,14.91,0.0,15187.11,5392.46,True,False,0.0,78684.33,-0.0121,0.921,0.009393
2026-08-30T21:38:39Z,BTCUSDT,COOLING,NONE,0.0,0.0,0.0,0.0,0.0,284243.56,467440.53,True,False,0.0,78659.37,-0.0317,1.06,78659.37
2026-08-30T21:38:40Z,XRPUSDT,COOLING,NONE,0.0,0.0,0.0,1.43,0.0,105554.94,115890.32,True,False,0.0,78659.37,-0.0317,0.906,1.3951
2026-08-30T21:38:42Z,HBARUSDT,COOLING,NONE,0.0,0.0,0.0,2.66,0.0,41590.53,26180.65,True,False,0.0,78659.37,-0.0317,0.979,0.07519
2026-08-30T21:38:44Z,ZBCNUSDT,IMPULSE,NONE,0.0,0.0,0.0,35.57,0.0,2287.25,1006.43,True,False,0.0,78659.37,-0.0317,0.94,0.001829
2026-08-30T21:38:46Z,WUSDT,COOLING,NONE,0.0,0.0,0.0,6.39,0.0,15198.55,5858.01,True,False,0.0,78659.37,-0.0317,0.986,0.009391
2026-08-30T21:40:20Z,BTCUSDT,COOLING,BUY,0.23,5.83,5.83,0.0,0.0,88295.97,485868.39,True,False,0.0,78651.93,-0.0095,1.126,78651.93
2026-08-30T21:40:23Z,XRPUSDT,COOLING,NONE,0.0,0.0,0.0,2.87,0.0,114897.04,81721.21,True,False,0.0,78651.93,-0.0095,0.909,1.3944
2026-08-30T21:41:04Z,HBARUSDT,COOLING,NONE,0.0,0.0,0.0,1.33,0.0,49671.23,15776.76,True,False,0.0,78651.93,-0.0095,0.906,0.07511
2026-08-30T21:41:06Z,ZBCNUSDT,IMPULSE,SELL,59.13,0.0,59.13,16.94,-0.55,2287.25,550.41,True,True,-0.0027,78651.93,-0.0095,0.888,0.0018308
2026-08-30T21:41:08Z,WUSDT,COOLING,NONE,0.0,0.0,0.0,13.78,0.0,15493.8,5835.12,True,False,0.0,78651.93,-0.0095,1.061,0.009436
2026-08-30T21:41:38Z,BTCUSDT,COOLING,NONE,0.0,0.0,0.0,0.0,-0.06,107130.32,457488.89,True,False,-0.0003,78635.01,-0.0215,1.127,78635.01
2026-08-30T21:41:39Z,XRPUSDT,COOLING,NONE,0.0,0.0,0.0,2.15,0.0,91064.99,113921.25,True,False,0.0,78635.01,-0.0215,0.979,1.3944
2026-08-30T21:41:41Z,HBARUSDT,COOLING,NONE,0.0,0.0,0.0,1.33,0.0,37433.96,20710.39,True,False,0.0,78635.01,-0.0215,0.904,0.07511
2026-08-30T21:41:44Z,ZBCNUSDT,IMPULSE,BUY,0.0,2.03,2.03,0.55,0.0,1086.0,419.41,True,False,0.0,78635.01,-0.0215,0.962,0.0018313
2026-08-30T21:43:06Z,WUSDT,COOLING,NONE,0.0,0.0,0.0,12.74,0.0,9084.64,5648.61,True,False,0.0,78635.01,-0.0215,1.008,0.009437
2026-08-30T21:43:35Z,BTCUSDT,COOLING,BUY,0.0,7.14,7.14,0.0,0.0,116626.06,488743.98,True,False,0.0,78614.4,-0.0262,1.019,78614.4
2026-08-30T21:43:37Z,XRPUSDT,COOLING,BUY,16.8,24.82,24.82,0.72,-1.43,111089.71,110472.91,True,True,-0.0072,78614.4,-0.0262,0.99,1.3938
2026-08-30T21:43:38Z,HBARUSDT,COOLING,NONE,0.0,0.0,0.0,2.67,0.0,45961.84,29190.16,True,False,0.0,78614.4,-0.0262,0.879,0.07507
2026-08-30T21:43:40Z,ZBCNUSDT,IMPULSE,NONE,0.0,0.0,0.0,51.36,0.0,2287.25,462.59,True,False,0.0,78614.4,-0.0262,1.081,0.0018295
2026-08-30T21:43:42Z,WUSDT,COOLING,NONE,0.0,0.0,0.0,12.75,0.0,11646.47,5313.45,True,False,0.0,78614.4,-0.0262,0.973,0.009417
2026-08-30T21:44:35Z,BTCUSDT,COOLING,NONE,0.0,0.0,0.0,0.6,0.6,244328.93,13118.36,True,False,0.0094,78627.93,0.0172,0.949,78627.93
2026-08-30T21:44:36Z,XRPUSDT,COOLING,BUY,0.0,19.7,19.7,2.87,1.44,111696.84,125549.11,True,False,0.0072,78627.93,0.0172,1.005,1.393
2026-08-30T21:44:38Z,HBARUSDT,COOLING,NONE,0.0,0.0,0.0,2.67,1.33,44720.1,24621.81,True,False,-0.0067,78627.93,0.0172,1.022,0.07505
2026-08-30T21:44:40Z,ZBCNUSDT,IMPULSE,NONE,0.0,0.0,0.0,47.58,4.94,2287.25,442.72,True,False,-0.0355,78627.93,0.0172,0.981,0.0018304
2026-08-30T21:44:42Z,WUSDT,COOLING,NONE,0.0,0.0,0.0,12.75,0.0,11646.47,5313.45,True,False,0.0,78627.93,0.0172,1.386,0.009414
2026-08-30T21:45:11Z,BTCUSDT,COOLING,NONE,0.0,0.0,0.0,0.0,0.0,155248.85,455299.79,True,False,0.0,78641.77,0.0176,0.984,78641.77
2026-08-30T21:45:13Z,XRPUSDT,COOLING,NONE,0.0,0.0,0.0,2.15,0.0,86565.61,69758.75,True,False,0.0,78641.77,0.0176,1.055,1.3942
2026-08-30T21:45:15Z,HBARUSDT,COOLING,NONE,0.0,0.0,0.0,2.67,0.0,42575.03,24621.81,True,False,0.0,78641.77,0.0176,0.971,0.07501
2026-08-30T21:45:17Z,ZBCNUSDT,IMPULSE,NONE,0.0,0.0,0.0,44.3,0.0,2287.25,563.74,True,False,0.0,78641.77,0.0176,1.067,0.0018288
2026-08-30T21:45:19Z,WUSDT,COOLING,NONE,0.0,0.0,0.0,12.75,0.0,11646.47,5313.45,True,False,0.0,78641.77,0.0176,1.031,0.009415
2026-08-30T21:45:48Z,BTCUSDT,COOLING,SELL,0.0,0.0,0.0,0.0,0.0,23216.6,478076.93,True,False,0.0,78615.0,-0.034,0.924,78615.0
2026-08-30T21:45:50Z,XRPUSDT,COOLING,BUY,0.78,19.31,19.31,1.44,0.0,104535.94,97733.75,True,False,0.0,78615.0,-0.034,0.986,1.3929
2026-08-30T21:45:51Z,HBARUSDT,COOLING,NONE,0.0,0.0,0.0,1.33,0.0,45844.64,24289.43,True,False,0.0,78615.0,-0.034,0.885,0.07501
2026-08-30T21:45:53Z,ZBCNUSDT,IMPULSE,SELL,0.0,0.0,0.0,43.21,0.55,2287.25,532.45,True,False,0.0027,78615.0,-0.034,1.001,0.0018288
2026-08-30T21:45:55Z,WUSDT,COOLING,NONE,0.0,0.0,0.0,12.75,0.0,11646.47,5313.45,True,False,0.0,78615.0,-0.034,0.914,0.009414
2026-08-30T21:46:48Z,BTCUSDT,COOLING,SELL,0.0,0.0,0.0,0.0,0.0,4062.07,542103.58,True,False,0.0,78569.63,-0.0577,0.931,78569.63
2026-08-30T21:46:50Z,XRPUSDT,COOLING,NONE,0.0,0.0,0.0,0.72,0.0,91424.71,110808.53,True,False,0.0,78569.63,-0.0577,0.929,1.3927
2026-08-30T21:46:52Z,HBARUSDT,COOLING,NONE,0.0,0.0,0.0,1.33,0.0,39492.82,27960.75,True,False,0.0,78569.63,-0.0577,1.018,0.07497
2026-08-30T21:46:54Z,ZBCNUSDT,IMPULSE,SELL,50.2,0.0,50.2,46.49,-0.55,2287.25,442.72,True,True,-0.0027,78569.63,-0.0577,1.046,0.0018299
2026-08-30T21:46:55Z,WUSDT,COOLING,NONE,0.0,0.0,0.0,11.68,0.0,11646.47,5313.45,True,False,0.0,78569.63,-0.0577,1.012,0.009414
2026-08-30T21:47:24Z,BTCUSDT,COOLING,NONE,0.0,0.0,0.0,0.0,0.0,294427.55,517081.49,True,False,0.0,78579.58,0.0127,0.975,78579.58
2026-08-30T21:47:25Z,XRPUSDT,COOLING,NONE,0.0,0.0,0.0,1.44,-0.72,67067.92,54269.56,True,False,0.0108,78579.58,0.0127,0.998,1.3924
2026-08-30T21:47:27Z,HBARUSDT,COOLING,BUY,0.0,0.01,0.01,2.67,-1.33,43021.17,29917.3,True,False,0.0067,78579.58,0.0127,0.902,0.07489
2026-08-30T21:47:29Z,ZBCNUSDT,IMPULSE,NONE,0.0,0.0,0.0,90.57,0.0,2287.25,556.85,True,False,0.0,78579.58,0.0127,1.035,0.001829
2026-08-30T21:47:31Z,WUSDT,COOLING,NONE,0.0,0.0,0.0,13.84,0.0,11922.88,4332.44,True,False,0.0,78579.58,0.0127,0.985,0.009409
2026-08-30T21:48:01Z,BTCUSDT,COOLING,SELL,0.0,0.0,0.0,0.0,0.0,23205.12,505177.01,True,False,0.0,78594.38,0.0188,1.998,78594.38
2026-08-30T21:48:03Z,XRPUSDT,COOLING,BUY,0.0,1.11,1.11,2.16,1.44,63423.28,77590.85,True,False,-0.0144,78594.38,0.0188,0.943,1.3917
2026-08-30T21:48:05Z,HBARUSDT,COOLING,NONE,0.0,0.0,0.0,2.67,0.0,51342.21,29362.1,True,False,0.0,78594.38,0.0188,1.067,0.07489
2026-08-30T21:48:07Z,ZBCNUSDT,IMPULSE,NONE,0.0,0.0,0.0,64.48,-2.72,2287.25,442.72,True,False,-0.0137,78594.38,0.0188,1.025,0.0018343
2026-08-30T21:48:09Z,WUSDT,COOLING,NONE,0.0,0.0,0.0,10.65,0.0,8240.22,2954.53,True,False,0.0,78594.38,0.0188,0.898,0.009395
2026-08-30T21:51:44Z,BTCUSDT,COOLING,NONE,0.0,0.0,0.0,0.0,0.0,134659.22,455103.78,True,False,0.0,78573.31,-0.0268,0.993,78573.31
2026-08-30T21:51:45Z,XRPUSDT,COOLING,NONE,0.0,0.0,0.0,0.72,0.0,71749.09,95589.33,True,False,0.0,78573.31,-0.0268,0.907,1.3916
2026-08-30T21:51:47Z,HBARUSDT,COOLING,NONE,0.0,0.0,0.0,1.34,0.0,43701.87,25366.77,True,False,0.0,78573.31,-0.0268,0.901,0.07487
2026-08-30T21:51:48Z,ZBCNUSDT,IMPULSE,BUY,0.0,34.06,34.06,2.73,-0.55,2287.25,551.93,True,False,-0.0027,78573.31,-0.0268,0.969,0.0018298
2026-08-30T21:51:50Z,WUSDT,COOLING,SELL,5.35,0.0,5.35,5.32,0.0,9926.08,4332.44,True,False,0.0,78573.31,-0.0268,0.985,0.009388
2026-08-30T21:52:20Z,BTCUSDT,COOLING,NONE,0.0,0.0,0.0,0.0,0.0,515315.35,4064.89,True,False,0.0,78602.29,0.0369,0.94,78602.29
2026-08-30T21:52:21Z,XRPUSDT,COOLING,SELL,18.02,0.0,18.02,0.72,0.0,109331.16,80315.0,True,False,0.0,78602.29,0.0369,0.945,1.3932
2026-08-30T21:52:23Z,HBARUSDT,COOLING,NONE,0.0,0.0,0.0,1.33,0.0,48448.32,27225.84,True,False,0.0,78602.29,0.0369,1.006,0.07487
2026-08-30T21:52:25Z,ZBCNUSDT,IMPULSE,NONE,0.0,0.0,0.0,43.08,42.53,2287.25,414.79,True,False,0.2241,78602.29,0.0369,0.998,0.0018298
2026-08-30T21:52:26Z,WUSDT,COOLING,NONE,0.0,0.0,0.0,11.7,0.0,17182.63,7170.69,True,False,0.0,78602.29,0.0369,0.921,0.009404
2026-08-30T21:52:56Z,BTCUSDT,COOLING,NONE,0.0,0.0,0.0,0.0,0.0,23213.67,464653.96,True,False,0.0,78598.71,-0.0046,1.028,78598.71
2026-08-30T21:52:58Z,XRPUSDT,COOLING,NONE,0.0,0.0,0.0,2.15,-0.72,123595.67,118440.81,True,False,0.0036,78598.71,-0.0046,1.019,1.3934
2026-08-30T21:53:00Z,HBARUSDT,COOLING,NONE,0.0,0.0,0.0,1.33,0.0,49861.37,25011.9,True,False,0.0,78598.71,-0.0046,1.037,0.07496
2026-08-30T21:53:02Z,ZBCNUSDT,IMPULSE,NONE,0.0,0.0,0.0,23.47,0.55,2287.25,404.78,True,False,0.0027,78598.71,-0.0046,0.945,0.0018339
2026-08-30T21:53:03Z,WUSDT,COOLING,NONE,0.0,0.0,0.0,11.7,0.0,17182.63,4332.44,True,False,0.0,78598.71,-0.0046,0.89,0.009404
2026-08-30T21:54:41Z,BTCUSDT,COOLING,NONE,0.0,0.0,0.0,0.0,0.0,23220.26,457170.12,True,False,0.0,78623.36,0.0314,1.016,78623.36
2026-08-30T21:54:42Z,XRPUSDT,COOLING,BUY,0.0,2.75,2.75,1.44,0.0,224977.32,83249.7,True,False,0.0,78623.36,0.0314,1.01,1.3933
2026-08-30T21:54:44Z,HBARUSDT,COOLING,NONE,0.0,0.0,0.0,1.33,0.0,36427.18,30867.44,True,False,0.0,78623.36,0.0314,0.91,0.07504
2026-08-30T21:54:45Z,ZBCNUSDT,IMPULSE,BUY,0.0,33.74,33.74,10.38,0.0,2287.25,537.88,True,False,0.0,78623.36,0.0314,0.926,0.001831
2026-08-30T21:54:48Z,WUSDT,COOLING,NONE,0.0,0.0,0.0,10.64,-9.57,10857.33,2866.14,True,False,-0.0479,78623.36,0.0314,1.003,0.009409
2026-08-30T21:55:16Z,BTCUSDT,COOLING,SELL,0.42,0.0,0.42,0.0,0.0,96983.22,515860.64,True,False,0.0,78608.43,-0.019,0.91,78608.43
2026-08-30T21:55:19Z,XRPUSDT,COOLING,SELL,14.17,0.0,14.17,0.72,-0.0,97275.85,80683.3,True,False,0.0072,78608.43,-0.019,0.93,1.3935
2026-08-30T21:55:21Z,HBARUSDT,COOLING,NONE,0.0,0.0,0.0,1.33,0.0,23844.34,35215.51,True,False,0.0,78608.43,-0.019,1.031,0.07499
2026-08-30T21:55:22Z,ZBCNUSDT,IMPULSE,BUY,0.0,12.07,12.07,10.38,0.0,2287.25,414.79,True,False,0.0,78608.43,-0.019,0.9,0.0018298
2026-08-30T21:55:24Z,WUSDT,COOLING,NONE,0.0,0.0,0.0,11.7,0.0,16776.08,7170.69,True,False,0.0,78608.43,-0.019,0.951,0.009398
2026-08-30T21:55:55Z,BTCUSDT,COOLING,SELL,0.6,0.0,0.6,0.0,0.0,481451.38,463989.57,True,False,0.0,78659.61,0.0651,0.983,78659.61
2026-08-30T21:55:57Z,XRPUSDT,COOLING,NONE,0.0,0.0,0.0,2.15,-0.72,57824.18,52370.15,True,False,0.0036,78659.61,0.0651,0.897,1.3948
2026-08-30T21:55:59Z,HBARUSDT,COOLING,NONE,0.0,0.0,0.0,1.33,0.0,41308.01,29020.6,True,False,0.0,78659.61,0.0651,1.016,0.07504
2026-08-30T21:56:01Z,ZBCNUSDT,IMPULSE,BUY,0.0,31.42,31.42,8.74,0.0,2287.25,543.69,True,False,0.0,78659.61,0.0651,1.018,0.0018308
2026-08-30T21:56:02Z,WUSDT,COOLING,NONE,0.0,0.0,0.0,1.06,0.0,10857.33,4332.44,True,False,0.0,78659.61,0.0651,0.872,0.009399
2026-08-30T21:56:57Z,BTCUSDT,COOLING,NONE,0.0,0.0,0.0,0.0,0.0,481944.35,467633.77,True,False,0.0,78673.05,0.0171,1.025,78673.05
2026-08-30T21:56:58Z,XRPUSDT,COOLING,NONE,0.0,0.0,0.0,2.15,0.0,85426.3,94747.22,True,False,0.0,78673.05,0.0171,1.083,1.3953
2026-08-30T21:57:40Z,HBARUSDT,COOLING,NONE,0.0,0.0,0.0,2.66,1.33,11404.02,22852.47,True,False,0.0067,78673.05,0.0171,0.998,0.07507
2026-08-30T21:57:42Z,ZBCNUSDT,IMPULSE,NONE,0.0,0.0,0.0,19.65,0.0,2287.25,497.77,True,False,0.0,78673.05,0.0171,0.906,0.0018332
2026-08-30T21:57:43Z,WUSDT,COOLING,NONE,0.0,0.0,0.0,8.5,0.0,10312.11,7170.69,True,False,0.0,78673.05,0.0171,0.897,0.009406
2026-08-30T21:59:00Z,BTCUSDT,COOLING,NONE,0.0,0.0,0.0,0.0,0.0,272371.27,469125.37,True,False,0.0,78650.01,-0.0293,2.108,78650.01
2026-08-30T21:59:02Z,XRPUSDT,COOLING,BUY,0.0,17.52,17.52,1.43,-0.72,125955.24,75427.82,True,False,0.0036,78650.01,-0.0293,0.99,1.395
2026-08-30T21:59:06Z,HBARUSDT,COOLING,NONE,0.0,0.0,0.0,1.33,0.0,19853.98,26699.85,True,False,0.0,78650.01,-0.0293,0.962,0.07506
2026-08-30T21:59:08Z,ZBCNUSDT,IMPULSE,NONE,0.0,0.0,0.0,0.55,0.0,2287.25,414.54,True,False,0.0,78650.01,-0.0293,0.912,0.0018298
2026-08-30T21:59:11Z,WUSDT,COOLING,NONE,0.0,0.0,0.0,13.78,0.0,5473.28,8326.69,True,False,0.0,78650.01,-0.0293,0.981,0.009436
2026-08-30T22:01:01Z,BTCUSDT,COOLING,SELL,81.47,0.99,81.47,0.0,-0.02,466976.83,543389.27,True,False,0.0051,78585.81,-0.0816,0.944,78585.81
2026-08-30T22:01:43Z,XRPUSDT,COOLING,SELL,14.65,0.0,14.65,2.14,0.0,107388.49,95340.7,True,False,-0.0429,78585.81,-0.0816,0.897,1.3989
2026-08-30T22:01:45Z,HBARUSDT,COOLING,BUY,0.0,12.25,12.25,1.33,0.0,16202.26,17982.5,True,False,0.0,78585.81,-0.0816,0.963,0.07525
2026-08-30T22:01:47Z,ZBCNUSDT,IMPULSE,NONE,0.0,0.0,0.0,11.47,0.0,2287.25,415.06,True,False,0.0,78585.81,-0.0816,1.537,0.001831
2026-08-30T22:01:49Z,WUSDT,COOLING,NONE,0.0,0.0,0.0,10.59,0.0,5560.89,6672.56,True,False,0.0,78585.81,-0.0816,0.953,0.009415
2026-08-30T22:02:43Z,BTCUSDT,COOLING,BUY,0.0,110.03,110.03,0.0,-0.44,513035.5,521379.36,True,True,0.004,78799.99,0.2725,0.902,78799.99
2026-08-30T22:02:44Z,XRPUSDT,COOLING,NONE,0.0,0.0,0.0,2.14,0.0,83297.43,82093.57,True,False,0.0,78799.99,0.2725,0.907,1.403
2026-08-30T22:02:47Z,HBARUSDT,COOLING,NONE,0.0,0.0,0.0,1.33,0.0,16809.37,21096.51,True,False,0.0,78799.99,0.2725,0.891,0.07527
2026-08-30T22:02:49Z,WUSDT,COOLING,NONE,0.0,0.0,0.0,11.65,0.0,5560.89,6003.82,True,False,0.0,78799.99,0.2725,0.951,0.009446
2026-08-30T22:02:50Z,REDUSDT,COOLING,NONE,0.0,0.0,0.0,20.2,0.0,5667.64,5342.94,True,False,0.0,78799.99,0.2725,0.891,0.10885
2026-08-30T22:03:21Z,BTCUSDT,COOLING,NONE,0.0,0.0,0.0,0.0,0.0,23259.02,23264.25,True,False,0.0,78769.5,-0.0387,1.474,78769.5
2026-08-30T22:03:22Z,XRPUSDT,COOLING,BUY,0.0,45.35,45.35,3.56,0.71,66949.2,102682.26,True,False,0.0464,78769.5,-0.0387,0.879,1.402
2026-08-30T22:03:24Z,HBARUSDT,COOLING,SELL,47.75,4.28,47.75,1.33,0.0,13121.41,39586.43,True,False,0.0,78769.5,-0.0387,1.0,0.07526
2026-08-30T22:03:26Z,WUSDT,COOLING,NONE,0.0,0.0,0.0,12.74,0.0,4739.97,5319.12,True,False,0.0,78769.5,-0.0387,0.932,0.009428
2026-08-30T22:03:29Z,REDUSDT,COOLING,NONE,0.0,0.0,0.0,22.06,0.0,5667.64,5393.74,True,False,0.0,78769.5,-0.0387,2.495,0.10892
2026-08-30T22:04:40Z,BTCUSDT,COOLING,BUY,0.0,9.5,9.5,0.05,0.05,95675.8,547382.33,True,False,-0.0014,78740.01,-0.0374,1.056,78740.01
2026-08-30T22:04:42Z,XRPUSDT,COOLING,NONE,0.0,0.0,0.0,2.14,0.71,85757.04,46541.31,True,False,0.0036,78740.01,-0.0374,0.919,1.4006
2026-08-30T22:04:45Z,HBARUSDT,COOLING,NONE,0.0,0.0,0.0,1.33,0.0,39877.79,30146.1,True,False,0.0,78740.01,-0.0374,1.016,0.07529
2026-08-30T22:04:46Z,WUSDT,COOLING,NONE,0.0,0.0,0.0,12.74,0.0,8492.74,5319.12,True,False,0.0,78740.01,-0.0374,1.053,0.009415
2026-08-30T22:04:49Z,REDUSDT,COOLING,NONE,0.0,0.0,0.0,22.06,0.0,5502.25,5393.74,True,False,0.0,78740.01,-0.0374,1.017,0.10878
2026-08-30T22:06:23Z,BTCUSDT,COOLING,SELL,68.72,0.0,68.72,0.0,-0.58,505799.17,538288.78,True,False,0.0039,78720.27,-0.0251,0.866,78720.27
2026-08-30T22:06:24Z,XRPUSDT,COOLING,BUY,0.0,18.51,18.51,2.86,0.71,97228.52,98009.37,True,False,-0.0036,78720.27,-0.0251,0.855,1.3998
2026-08-30T22:06:26Z,HBARUSDT,COOLING,SELL,32.43,0.0,32.43,1.33,0.0,40896.91,23350.11,True,True,0.0,78720.27,-0.0251,0.877,0.07518
2026-08-30T22:06:28Z,WUSDT,COOLING,NONE,0.0,0.0,0.0,13.81,0.0,8492.74,5319.12,True,False,0.0,78720.27,-0.0251,0.938,0.009418
2026-08-30T22:06:29Z,REDUSDT,COOLING,NONE,0.0,0.0,0.0,22.06,0.0,5714.26,5274.88,True,False,0.0,78720.27,-0.0251,0.895,0.10873
2026-08-30T22:06:58Z,BTCUSDT,COOLING,NONE,0.0,0.0,0.0,0.0,0.0,14142.38,646391.8,True,False,0.0,78682.85,-0.0475,0.926,78682.85
2026-08-30T22:07:00Z,XRPUSDT,COOLING,NONE,0.0,0.0,0.0,2.14,-0.71,102751.9,68532.82,True,False,-0.0036,78682.85,-0.0475,1.034,1.3987
2026-08-30T22:07:01Z,HBARUSDT,COOLING,NONE,0.0,0.0,0.0,1.33,0.0,40011.34,21019.72,True,False,0.0,78682.85,-0.0475,0.984,0.07516
2026-08-30T22:07:04Z,WUSDT,COOLING,NONE,0.0,0.0,0.0,13.81,0.0,8492.74,5319.12,True,False,0.0,78682.85,-0.0475,0.902,0.009416
2026-08-30T22:07:06Z,REDUSDT,COOLING,NONE,0.0,0.0,0.0,11.96,0.0,5714.26,6384.59,True,False,0.0,78682.85,-0.0475,0.973,0.10875
2026-08-30T22:08:19Z,BTCUSDT,COOLING,BUY,0.0,45.62,45.62,0.0,0.0,51361.4,796911.87,True,False,0.0,78694.87,0.0153,0.899,78694.87
2026-08-30T22:08:20Z,XRPUSDT,COOLING,NONE,0.0,0.0,0.0,2.14,0.0,49013.23,81822.27,True,False,-0.0071,78694.87,0.0153,0.919,1.3985
2026-08-30T22:08:22Z,HBARUSDT,COOLING,NONE,0.0,0.0,0.0,1.33,0.0,39459.11,29894.48,True,False,0.0,78694.87,0.0153,0.876,0.07512
2026-08-30T22:08:23Z,WUSDT,COOLING,NONE,0.0,0.0,0.0,13.81,0.0,8492.74,5319.12,True,False,0.0,78694.87,0.0153,0.926,0.009416
2026-08-30T22:08:25Z,REDUSDT,COOLING,NONE,0.0,0.0,0.0,22.06,0.0,5714.26,5274.88,True,False,0.0,78694.87,0.0153,0.901,0.10875
2026-08-30T22:09:18Z,BTCUSDT,COOLING,SELL,0.01,0.0,0.01,0.0,0.0,148617.61,736630.75,True,False,0.0,78649.46,-0.0577,0.978,78649.46
2026-08-30T22:09:19Z,XRPUSDT,COOLING,BUY,0.0,36.29,36.29,1.43,0.72,68372.18,99245.5,True,False,-0.0036,78649.46,-0.0577,0.889,1.3975
2026-08-30T22:09:21Z,HBARUSDT,COOLING,NONE,0.0,0.0,0.0,1.33,0.0,38416.4,33366.61,True,False,0.0,78649.46,-0.0577,0.884,0.07508
2026-08-30T22:09:22Z,WUSDT,COOLING,NONE,0.0,0.0,0.0,12.75,0.0,8492.74,5319.12,True,False,0.0,78649.46,-0.0577,0.927,0.009414
2026-08-30T22:09:24Z,REDUSDT,COOLING,NONE,0.0,0.0,0.0,20.24,0.0,5893.43,5269.59,True,False,0.0,78649.46,-0.0577,0.906,0.10882
2026-08-30T22:11:14Z,BTCUSDT,COOLING,BUY,0.97,15.15,15.15,0.02,0.02,47617.55,537458.8,True,False,-0.001,78594.6,-0.0698,0.944,78594.6
2026-08-30T22:11:16Z,XRPUSDT,COOLING,SELL,23.07,0.0,23.07,0.72,-1.43,74671.45,122356.05,True,True,-0.0072,78594.6,-0.0698,1.0,1.3961
2026-08-30T22:11:18Z,HBARUSDT,COOLING,SELL,2.76,0.0,2.76,1.33,0.0,51441.63,15593.83,True,False,-0.0133,78594.6,-0.0698,1.419,0.07503
2026-08-30T22:11:20Z,WUSDT,COOLING,NONE,0.0,0.0,0.0,13.84,0.0,8970.47,2180.43,True,False,0.0,78594.6,-0.0698,1.968,0.009396
2026-08-30T22:11:22Z,REDUSDT,COOLING,NONE,0.0,0.0,0.0,20.27,0.0,4635.24,6075.15,True,False,0.0,78594.6,-0.0698,1.043,0.10854
2026-08-30T22:11:53Z,BTCUSDT,COOLING,BUY,0.0,3.71,3.71,0.0,0.0,23210.05,473961.53,True,False,0.0,78597.02,0.0031,1.007,78597.02
2026-08-30T22:11:54Z,XRPUSDT,COOLING,SELL,45.6,0.0,45.6,2.15,-0.72,106582.79,129709.71,True,False,-0.0036,78597.02,0.0031,0.985,1.3953
2026-08-30T22:11:56Z,HBARUSDT,COOLING,NONE,0.0,0.0,0.0,1.33,0.0,43699.86,22290.47,True,False,0.0,78597.02,0.0031,0.896,0.07495
2026-08-30T22:11:58Z,WUSDT,COOLING,NONE,0.0,0.0,0.0,14.9,0.0,8970.47,2180.43,True,False,0.0,78597.02,0.0031,1.026,0.009394
2026-08-30T22:12:00Z,REDUSDT,COOLING,NONE,0.0,0.0,0.0,10.14,0.0,4635.24,5892.81,True,False,0.0,78597.02,0.0031,0.956,0.10852
2026-08-30T22:13:33Z,BTCUSDT,COOLING,BUY,0.0,10.55,10.55,0.14,-0.03,9118.01,503155.29,True,False,-0.0002,78592.4,-0.0059,0.993,78592.4
2026-08-30T22:13:35Z,XRPUSDT,COOLING,SELL,18.37,9.8,18.37,1.43,-0.72,130812.17,117231.85,True,False,-0.0036,78592.4,-0.0059,1.394,1.3951
2026-08-30T22:13:36Z,HBARUSDT,COOLING,NONE,0.0,0.0,0.0,1.34,0.0,24953.14,20091.44,True,False,0.0,78592.4,-0.0059,0.967,0.07491
2026-08-30T22:13:38Z,WUSDT,COOLING,NONE,0.0,0.0,0.0,10.64,0.0,9572.62,4337.09,True,False,0.0,78592.4,-0.0059,0.926,0.009396
2026-08-30T22:13:40Z,REDUSDT,COOLING,NONE,0.0,0.0,0.0,10.14,0.0,4799.09,6902.92,True,False,0.0,78592.4,-0.0059,1.06,0.10859
2026-08-30T22:14:49Z,BTCUSDT,COOLING,NONE,0.0,0.0,0.0,0.0,-0.0,51182.14,520992.19,True,False,0.001,78581.77,-0.0135,0.921,78581.77
2026-08-30T22:14:50Z,XRPUSDT,COOLING,NONE,0.0,0.0,0.0,1.43,0.0,91194.64,78427.66,True,False,0.0,78581.77,-0.0135,0.934,1.3944
2026-08-30T22:14:52Z,HBARUSDT,COOLING,NONE,0.0,0.0,0.0,1.34,0.0,37408.83,17971.35,True,False,0.0,78581.77,-0.0135,0.982,0.07481
2026-08-30T22:14:54Z,WUSDT,COOLING,NONE,0.0,0.0,0.0,13.87,0.0,10408.06,2409.39,True,False,0.0,78581.77,-0.0135,1.0,0.009379
2026-08-30T22:14:55Z,REDUSDT,COOLING,NONE,0.0,0.0,0.0,10.14,0.0,4799.09,5984.11,True,False,0.0,78581.77,-0.0135,0.924,0.10849
2026-08-30T22:16:05Z,BTCUSDT,COOLING,SELL,0.0,0.0,0.0,0.0,0.0,23192.12,912222.65,True,False,0.0,78562.5,-0.0245,0.996,78562.5
2026-08-30T22:16:07Z,XRPUSDT,COOLING,BUY,0.0,52.55,52.55,1.44,0.0,74175.64,109166.25,True,False,-0.0072,78562.5,-0.0245,0.91,1.3928
2026-08-30T22:16:08Z,HBARUSDT,COOLING,SELL,0.28,0.0,0.28,2.68,0.0,47359.7,33446.9,True,False,0.0,78562.5,-0.0245,1.02,0.07478
2026-08-30T22:16:10Z,WUSDT,COOLING,NONE,0.0,0.0,0.0,11.75,0.0,11040.62,2409.39,True,False,0.0,78562.5,-0.0245,0.977,0.00937
2026-08-30T22:16:12Z,REDUSDT,COOLING,NONE,0.0,0.0,0.0,12.92,0.0,7161.4,6356.83,True,False,0.0,78562.5,-0.0245,1.024,0.10843
2026-08-30T22:17:04Z,BTCUSDT,COOLING,SELL,101.26,0.0,101.26,0.0,0.0,49644.89,1081883.35,True,False,0.0,78520.55,-0.0534,0.888,78520.55
2026-08-30T22:17:05Z,ETHUSDT,COOLING,SELL,4.95,0.0,4.95,0.04,0.0,155690.9,159164.33,True,False,0.0,78520.55,-0.0534,0.893,2471.0
2026-08-30T22:17:07Z,XRPUSDT,COOLING,NONE,0.0,0.0,0.0,2.16,0.0,73037.14,83843.51,True,False,0.0,78520.55,-0.0534,1.006,1.3906
2026-08-30T22:17:10Z,HBARUSDT,COOLING,BUY,13.91,19.77,19.77,1.34,0.0,34962.05,31977.04,True,True,-0.0134,78520.55,-0.0534,1.966,0.07478
2026-08-30T22:17:11Z,WUSDT,COOLING,NONE,0.0,0.0,0.0,8.56,0.0,10934.98,2421.93,True,False,0.0,78520.55,-0.0534,0.91,0.009354
2026-08-30T22:17:41Z,BTCUSDT,COOLING,BUY,0.0,5.55,5.55,0.0,0.0,77346.13,534668.19,True,False,0.0,78451.8,-0.0876,1.025,78451.8
2026-08-30T22:17:43Z,ETHUSDT,COOLING,NONE,0.0,0.0,0.0,0.04,-0.61,147426.67,159336.19,True,False,-0.0034,78451.8,-0.0876,1.073,2469.88
2026-08-30T22:17:45Z,XRPUSDT,COOLING,NONE,0.0,0.0,0.0,2.16,-0.0,89219.11,74085.84,True,False,0.0072,78451.8,-0.0876,1.925,1.3904
2026-08-30T22:17:47Z,HBARUSDT,COOLING,SELL,36.95,0.0,36.95,1.34,-0.0,30611.25,13898.02,True,False,0.0134,78451.8,-0.0876,0.907,0.07466
2026-08-30T22:17:49Z,WUSDT,COOLING,NONE,0.0,0.0,0.0,11.76,0.0,17039.32,2421.93,True,False,0.0,78451.8,-0.0876,0.941,0.009354
2026-08-30T22:18:19Z,BTCUSDT,COOLING,NONE,0.0,0.0,0.0,0.01,-0.32,495701.22,23175.32,True,False,0.0016,78432.01,-0.0252,0.982,78432.01
2026-08-30T22:18:20Z,ETHUSDT,COOLING,BUY,0.0,3.64,3.64,0.2,0.0,213969.5,151393.66,True,False,0.0,78432.01,-0.0252,0.949,2470.66
2026-08-30T22:18:22Z,XRPUSDT,COOLING,SELL,7.12,0.23,7.12,0.72,0.0,105967.98,69022.56,True,False,0.0,78432.01,-0.0252,1.029,1.3908
2026-08-30T22:18:24Z,HBARUSDT,COOLING,NONE,0.0,0.0,0.0,1.34,0.0,32995.04,19627.42,True,False,0.0,78432.01,-0.0252,0.933,0.07466
2026-08-30T22:18:26Z,WUSDT,COOLING,NONE,0.0,0.0,0.0,13.9,0.0,11557.03,1892.64,True,False,0.0,78432.01,-0.0252,1.024,0.009346
2026-08-30T22:20:02Z,BTCUSDT,COOLING,BUY,0.0,0.27,0.27,0.0,0.0,4060.7,700103.33,True,False,0.0,78540.42,0.1382,1.035,78540.42
2026-08-30T22:20:03Z,ETHUSDT,COOLING,BUY,0.0,3.8,3.8,0.36,-0.08,158749.83,149631.99,True,False,0.0,78540.42,0.1382,0.972,2475.28
2026-08-30T22:20:05Z,XRPUSDT,COOLING,SELL,25.18,0.0,25.18,2.16,0.0,112873.23,63860.44,True,True,0.0,78540.42,0.1382,0.993,1.3919
2026-08-30T22:20:06Z,HBARUSDT,COOLING,NONE,0.0,0.0,0.0,1.34,0.0,46791.02,16425.92,True,False,0.0,78540.42,0.1382,0.979,0.07475
2026-08-30T22:20:08Z,WUSDT,COOLING,NONE,0.0,0.0,0.0,9.63,0.0,10312.68,10408.61,True,False,0.0,78540.42,0.1382,1.131,0.009348
2026-08-30T22:20:37Z,BTCUSDT,COOLING,BUY,0.0,0.0,0.0,0.0,0.0,45921.89,835048.36,True,False,0.0,78508.05,-0.0412,0.984,78508.05
2026-08-30T22:20:39Z,ETHUSDT,COOLING,NONE,0.0,0.0,0.0,0.04,-0.12,154385.4,157976.76,True,False,0.0091,78508.05,-0.0412,0.908,2474.17
2026-08-30T22:20:40Z,XRPUSDT,COOLING,NONE,0.0,0.0,0.0,2.16,0.0,100880.21,96868.23,True,False,-0.0072,78508.05,-0.0412,0.974,1.3905
2026-08-30T22:20:42Z,HBARUSDT,COOLING,SELL,15.65,0.0,15.65,1.34,0.0,33258.86,19629.46,True,False,0.0,78508.05,-0.0412,1.059,0.07468
2026-08-30T22:20:44Z,WUSDT,COOLING,NONE,0.0,0.0,0.0,8.57,0.0,12270.97,10408.61,True,False,0.0,78508.05,-0.0412,0.966,0.009336
2026-08-30T22:21:13Z,BTCUSDT,COOLING,NONE,0.0,0.0,0.0,0.0,0.0,80568.84,533120.75,True,False,0.0,78517.03,0.0114,1.019,78517.03
2026-08-30T22:21:14Z,ETHUSDT,COOLING,SELL,9.54,0.0,9.54,0.61,0.57,168047.09,154651.31,True,False,-0.0186,78517.03,0.0114,0.967,2475.09
2026-08-30T22:21:16Z,XRPUSDT,COOLING,BUY,2.32,20.91,20.91,1.44,0.72,101205.93,93496.55,True,True,-0.0036,78517.03,0.0114,0.957,1.3912
2026-08-30T22:21:18Z,HBARUSDT,COOLING,BUY,9.54,61.33,61.33,1.34,0.0,47211.91,33637.5,True,False,0.0,78517.03,0.0114,0.953,0.07468
2026-08-30T22:21:19Z,WUSDT,COOLING,NONE,0.0,0.0,0.0,11.78,0.0,12270.97,10408.61,True,False,0.0,78517.03,0.0114,0.948,0.009339
2026-08-30T22:22:16Z,BTCUSDT,COOLING,BUY,0.0,0.68,0.68,0.0,0.0,429031.69,529793.54,True,False,0.0,78463.62,-0.068,1.026,78463.62
2026-08-30T22:22:17Z,ETHUSDT,COOLING,SELL,17.81,0.0,17.81,0.36,-0.04,184102.59,157455.8,True,True,-0.0022,78463.62,-0.068,0.906,2472.32
2026-08-30T22:22:20Z,XRPUSDT,COOLING,BUY,4.29,19.19,19.19,2.16,0.0,100416.61,121668.54,True,False,-0.0288,78463.62,-0.068,0.919,1.3891
2026-08-30T22:22:21Z,HBARUSDT,COOLING,SELL,15.92,0.0,15.92,1.34,0.0,36953.21,33809.65,True,False,0.0,78463.62,-0.068,0.948,0.07463
2026-08-30T22:22:23Z,WUSDT,COOLING,NONE,0.0,0.0,0.0,12.85,0.0,11133.38,10408.61,True,False,0.0,78463.62,-0.068,0.91,0.009337
2026-08-30T22:22:53Z,BTCUSDT,COOLING,NONE,0.0,0.0,0.0,0.22,0.21,237164.13,455836.01,True,False,-0.0057,78455.0,-0.011,0.913,78455.0
2026-08-30T22:24:15Z,ETHUSDT,COOLING,SELL,2.81,0.0,2.81,0.04,0.0,156048.44,156309.0,True,False,0.0,78455.0,-0.011,2.001,2470.56
2026-08-30T22:24:17Z,XRPUSDT,COOLING,NONE,0.0,0.0,0.0,2.16,0.0,121427.52,67220.1,True,False,0.0,78455.0,-0.011,0.894,1.3888
2026-08-30T22:24:18Z,HBARUSDT,COOLING,NONE,0.0,0.0,0.0,1.34,0.0,46695.75,32241.05,True,False,0.0,78455.0,-0.011,0.935,0.07457
2026-08-30T22:24:22Z,WUSDT,COOLING,NONE,0.0,0.0,0.0,5.35,0.0,17309.06,7886.73,True,False,0.0,78455.0,-0.011,0.919,0.009349
2026-08-30T22:24:55Z,BTCUSDT,COOLING,NONE,0.0,0.0,0.0,0.0,0.0,26653.88,962468.54,True,False,0.0,78400.01,-0.0701,0.924,78400.01
2026-08-30T22:24:56Z,ETHUSDT,COOLING,SELL,7.25,0.0,7.25,0.04,0.0,158714.93,227189.66,True,False,0.0,78400.01,-0.0701,0.89,2469.14
2026-08-30T22:24:57Z,XRPUSDT,COOLING,BUY,8.03,10.13,10.13,2.88,0.72,102263.63,97240.68,True,False,-0.0036,78400.01,-0.0701,0.985,1.3874
2026-08-30T22:24:59Z,HBARUSDT,COOLING,NONE,0.0,0.0,0.0,1.34,0.0,40262.44,13589.36,True,False,0.0,78400.01,-0.0701,0.972,0.07456
2026-08-30T22:25:01Z,WUSDT,COOLING,NONE,0.0,0.0,0.0,6.44,0.0,10112.96,8240.13,True,False,0.0,78400.01,-0.0701,0.872,0.009326
2026-08-30T22:27:19Z,BTCUSDT,COOLING,NONE,0.0,0.0,0.0,0.0,0.0,142211.47,578991.04,True,False,0.0,78339.99,-0.0766,0.987,78339.99
2026-08-30T22:27:20Z,ETHUSDT,COOLING,SELL,5.22,0.0,5.22,0.04,0.0,156958.66,159845.09,True,False,0.0,78339.99,-0.0766,0.974,2466.84
2026-08-30T22:27:22Z,XRPUSDT,COOLING,NONE,0.0,0.0,0.0,1.44,0.0,117634.34,74685.65,True,False,0.0,78339.99,-0.0766,0.876,1.3855
2026-08-30T22:27:24Z,HBARUSDT,COOLING,NONE,0.0,0.0,0.0,1.34,0.0,31367.3,32244.41,True,False,0.0,78339.99,-0.0766,2.001,0.07445
2026-08-30T22:27:26Z,WUSDT,COOLING,NONE,0.0,0.0,0.0,11.81,0.0,12258.4,2144.17,True,False,0.0,78339.99,-0.0766,0.965,0.009313
2026-08-30T22:27:57Z,BTCUSDT,COOLING,BUY,0.0,5.21,5.21,0.04,-0.1,172393.45,542777.46,True,False,-0.0001,78331.87,-0.0104,1.014,78331.87
2026-08-30T22:27:59Z,ETHUSDT,COOLING,SELL,27.3,0.0,27.3,0.77,0.73,233066.84,155061.35,True,False,0.0069,78331.87,-0.0104,0.998,2466.0
2026-08-30T22:28:00Z,XRPUSDT,COOLING,NONE,0.0,0.0,0.0,2.17,0.0,103300.74,101994.92,True,False,0.0,78331.87,-0.0104,0.907,1.3848
2026-08-30T22:28:02Z,HBARUSDT,COOLING,NONE,0.0,0.0,0.0,1.34,0.0,45936.69,31624.95,True,False,0.0,78331.87,-0.0104,0.987,0.07444
2026-08-30T22:28:43Z,WUSDT,COOLING,NONE,0.0,0.0,0.0,8.59,0.0,4154.91,2223.0,True,False,0.0,78331.87,-0.0104,1.024,0.009316
2026-08-30T22:29:13Z,BTCUSDT,COOLING,SELL,30.08,2.63,30.08,0.11,0.11,131506.72,488792.39,True,False,-0.0103,78366.88,0.0447,0.994,78366.88
2026-08-30T22:29:14Z,ETHUSDT,COOLING,BUY,1.03,4.07,4.07,0.16,0.12,158368.48,219549.8,True,False,0.0026,78366.88,0.0447,0.97,2466.53
2026-08-30T22:29:16Z,XRPUSDT,COOLING,SELL,33.39,0.0,33.39,2.16,-0.0,102243.5,65924.66,True,True,0.0072,78366.88,0.0447,0.893,1.3866
2026-08-30T22:29:17Z,HBARUSDT,COOLING,NONE,0.0,0.0,0.0,1.34,0.0,42932.23,33918.53,True,False,0.0,78366.88,0.0447,0.943,0.07448
2026-08-30T22:29:19Z,WUSDT,COOLING,NONE,0.0,0.0,0.0,12.89,0.0,11531.7,2144.17,True,False,0.0,78366.88,0.0447,1.003,0.009314
2026-08-30T22:30:14Z,BTCUSDT,COOLING,SELL,65.05,0.0,65.05,0.0,0.0,549001.49,467731.22,True,False,0.0,78343.38,-0.03,1.031,78343.38
2026-08-30T22:30:16Z,ETHUSDT,COOLING,SELL,34.54,0.0,34.54,0.37,-0.61,142441.53,146834.73,True,False,-0.0099,78343.38,-0.03,0.926,2465.28
2026-08-30T22:30:17Z,XRPUSDT,COOLING,BUY,0.01,42.01,42.01,2.16,0.0,97166.38,78368.41,True,False,-0.0072,78343.38,-0.03,1.005,1.3865
2026-08-30T22:30:19Z,HBARUSDT,COOLING,NONE,0.0,0.0,0.0,1.34,0.0,45433.05,35112.21,True,False,0.0,78343.38,-0.03,0.964,0.07448
2026-08-30T22:30:21Z,WUSDT,COOLING,SELL,1.7,0.0,1.7,11.82,0.0,10444.42,2144.17,True,False,0.0,78343.38,-0.03,0.994,0.009311
2026-08-30T22:30:50Z,BTCUSDT,COOLING,SELL,4.46,2.33,4.46,0.0,0.0,103682.01,510915.12,True,False,0.0,78350.94,0.0096,0.895,78350.94
2026-08-30T22:30:51Z,ETHUSDT,COOLING,SELL,1.65,0.43,1.65,0.89,-0.45,137463.84,159528.71,True,False,0.001,78350.94,0.0096,0.916,2463.88
2026-08-30T22:30:53Z,XRPUSDT,COOLING,BUY,0.0,0.53,0.53,2.17,0.0,112211.22,94011.55,True,False,0.0,78350.94,0.0096,0.899,1.3849
2026-08-30T22:30:54Z,HBARUSDT,COOLING,NONE,0.0,0.0,0.0,1.34,0.0,13616.5,18827.58,True,False,0.0,78350.94,0.0096,0.923,0.07439
2026-08-30T22:30:56Z,WUSDT,COOLING,NONE,0.0,0.0,0.0,14.0,0.0,9034.64,2280.93,True,False,0.0,78350.94,0.0096,1.073,0.009274
2026-08-30T22:31:26Z,BTCUSDT,COOLING,NONE,0.0,0.0,0.0,0.0,0.0,310406.24,523318.67,True,False,0.0,78370.99,0.0256,0.965,78370.99
2026-08-30T22:31:27Z,ETHUSDT,COOLING,NONE,0.0,0.0,0.0,0.04,0.0,226271.01,56542.62,True,False,0.0,78370.99,0.0256,1.038,2464.49
2026-08-30T22:31:29Z,XRPUSDT,COOLING,NONE,0.0,0.0,0.0,1.44,0.0,90669.24,99431.91,True,False,0.0,78370.99,0.0256,1.012,1.3854
2026-08-30T22:31:30Z,HBARUSDT,COOLING,SELL,37.66,2.7,37.66,2.69,-0.0,42507.74,32356.44,True,False,0.0269,78370.99,0.0256,0.938,0.07441
2026-08-30T22:31:32Z,WUSDT,COOLING,NONE,0.0,0.0,0.0,7.53,0.0,17580.46,2198.79,True,False,0.0,78370.99,0.0256,1.387,0.009294
2026-08-30T22:32:29Z,BTCUSDT,COOLING,BUY,0.0,7.68,7.68,0.0,0.0,64813.8,490293.85,True,False,0.0,78437.54,0.0849,0.948,78437.54
2026-08-30T22:32:30Z,ETHUSDT,COOLING,BUY,0.0,2.87,2.87,0.04,0.0,153157.44,159595.64,True,False,0.0,78437.54,0.0849,0.992,2467.34
2026-08-30T22:33:12Z,XRPUSDT,COOLING,NONE,0.0,0.0,0.0,2.89,-0.72,87770.77,82238.65,True,False,0.0036,78437.54,0.0849,0.906,1.387
2026-08-30T22:33:13Z,HBARUSDT,COOLING,BUY,0.0,72.73,72.73,1.34,0.0,35415.33,36045.51,True,False,0.0,78437.54,0.0849,1.001,0.07441
2026-08-30T22:33:16Z,WUSDT,COOLING,NONE,0.0,0.0,0.0,12.89,0.0,17017.87,2226.7,True,False,0.0,78437.54,0.0849,0.921,0.009312
2026-08-30T22:33:45Z,BTCUSDT,COOLING,SELL,99.15,0.0,99.15,0.0,0.0,61649.85,518780.19,True,True,0.0,78382.81,-0.0698,0.942,78382.81
2026-08-30T22:33:46Z,ETHUSDT,COOLING,SELL,0.79,0.0,0.79,1.3,1.14,154681.5,148893.51,True,False,0.0037,78382.81,-0.0698,0.947,2464.0
2026-08-30T22:33:48Z,XRPUSDT,COOLING,BUY,0.0,20.06,20.06,2.17,-0.0,136463.54,60270.86,True,False,0.0072,78382.81,-0.0698,0.911,1.3851
2026-08-30T22:33:49Z,HBARUSDT,COOLING,NONE,0.0,0.0,0.0,1.34,0.0,28308.92,24395.07,True,False,0.0,78382.81,-0.0698,0.958,0.07442
2026-08-30T22:33:51Z,WUSDT,COOLING,NONE,0.0,0.0,0.0,11.83,-1.08,10746.68,2186.26,True,False,-0.0054,78382.81,-0.0698,1.417,0.009297
2026-08-30T22:34:19Z,BTCUSDT,COOLING,NONE,0.0,0.0,0.0,0.0,0.0,537153.78,505876.84,True,False,0.0,78394.1,0.0144,0.919,78394.1
2026-08-30T22:34:21Z,ETHUSDT,COOLING,NONE,0.0,0.0,0.0,0.57,-0.12,143864.54,152608.74,True,False,-0.0014,78394.1,0.0144,0.929,2465.7
2026-08-30T22:34:22Z,XRPUSDT,COOLING,NONE,0.0,0.0,0.0,2.89,0.72,86471.47,74885.66,True,False,-0.0036,78394.1,0.0144,1.036,1.3863
2026-08-30T22:34:24Z,HBARUSDT,COOLING,SELL,11.4,0.0,11.4,1.34,0.0,44710.1,31494.92,True,False,0.0,78394.1,0.0144,0.924,0.07442
2026-08-30T22:34:25Z,WUSDT,COOLING,NONE,0.0,0.0,0.0,11.83,0.0,14056.39,2186.03,True,False,0.0,78394.1,0.0144,0.881,0.009297
2026-08-30T22:37:21Z,BTCUSDT,COOLING,SELL,12.67,5.18,12.67,0.0,-0.0,575923.68,521617.96,True,False,0.0043,78356.87,-0.0475,0.849,78356.87
2026-08-30T22:37:22Z,ETHUSDT,COOLING,SELL,60.87,0.0,60.87,0.77,0.73,384150.59,141328.57,True,False,0.0243,78356.87,-0.0475,0.884,2465.39
2026-08-30T22:37:23Z,XRPUSDT,COOLING,NONE,0.0,0.0,0.0,2.17,-0.72,80482.02,77831.43,True,False,-0.0181,78356.87,-0.0475,0.916,1.3851
2026-08-30T22:37:25Z,HBARUSDT,COOLING,BUY,0.0,82.02,82.02,1.34,0.0,46793.45,34360.07,True,True,0.0,78356.87,-0.0475,0.871,0.07444
2026-08-30T22:37:27Z,WUSDT,COOLING,NONE,0.0,0.0,0.0,11.82,0.0,11289.7,2265.41,True,False,0.0,78356.87,-0.0475,1.877,0.009308
2026-08-30T22:37:55Z,BTCUSDT,COOLING,SELL,11.82,0.0,11.82,0.07,-0.0,526772.33,516554.0,True,False,0.0,78369.08,0.0156,0.943,78369.08
2026-08-30T22:37:57Z,ETHUSDT,COOLING,BUY,6.31,9.05,9.05,0.04,-0.24,165265.07,174813.89,True,False,0.0012,78369.08,0.0156,0.953,2466.0
2026-08-30T22:37:58Z,XRPUSDT,COOLING,NONE,0.0,0.0,0.0,2.17,0.0,88180.25,103595.74,True,False,0.0,78369.08,0.0156,0.897,1.3835
2026-08-30T22:38:00Z,HBARUSDT,COOLING,SELL,43.03,0.0,43.03,1.34,-0.0,39587.15,17016.78,True,False,0.0403,78369.08,0.0156,0.98,0.0744
2026-08-30T22:38:01Z,WUSDT,COOLING,NONE,0.0,0.0,0.0,15.04,0.0,10901.83,2822.61,True,False,0.0,78369.08,0.0156,0.926,0.009308
2026-08-30T22:39:10Z,BTCUSDT,COOLING,BUY,0.0,4.77,4.77,0.0,0.0,1106761.32,496784.07,True,False,0.0,78447.54,0.1001,0.952,78447.54
2026-08-30T22:39:11Z,ETHUSDT,COOLING,BUY,0.03,1.01,1.01,0.04,0.0,318276.71,147095.01,True,False,0.0,78447.54,0.1001,0.932,2469.49
2026-08-30T22:39:13Z,XRPUSDT,COOLING,NONE,0.0,0.0,0.0,2.16,0.0,89150.21,79741.26,True,False,0.0,78447.54,0.1001,0.894,1.3862
2026-08-30T22:39:14Z,HBARUSDT,COOLING,NONE,0.0,0.0,0.0,1.34,0.0,42419.52,14342.35,True,False,0.0,78447.54,0.1001,0.942,0.07442
2026-08-30T22:39:16Z,WUSDT,COOLING,NONE,0.0,0.0,0.0,15.02,0.0,9484.29,3005.57,True,False,0.0,78447.54,0.1001,0.879,0.009312
2026-08-30T22:42:11Z,BTCUSDT,COOLING,NONE,0.0,0.0,0.0,0.0,0.0,519862.16,458927.69,True,False,-0.0003,78530.54,0.1058,0.883,78530.54
2026-08-30T22:42:13Z,ETHUSDT,COOLING,BUY,1.5,7.38,7.38,0.24,0.2,157861.67,153456.76,True,False,-0.001,78530.54,0.1058,0.911,2473.98
2026-08-30T22:42:14Z,XRPUSDT,COOLING,NONE,0.0,0.0,0.0,2.16,0.0,84379.82,101931.08,True,False,0.0,78530.54,0.1058,0.944,1.3881
2026-08-30T22:42:56Z,HBARUSDT,COOLING,NONE,0.0,0.0,0.0,1.34,0.0,25028.21,22852.61,True,False,0.0,78530.54,0.1058,0.942,0.07464
2026-08-30T22:42:59Z,WUSDT,COOLING,NONE,0.0,0.0,0.0,10.74,0.0,10748.75,2137.63,True,False,0.0,78530.54,0.1058,0.927,0.009326
2026-08-30T22:43:29Z,BTCUSDT,COOLING,NONE,0.0,0.0,0.0,0.0,0.0,505401.72,462180.17,True,False,0.0,78473.44,-0.0727,0.871,78473.44
2026-08-30T22:43:30Z,ETHUSDT,COOLING,BUY,0.0,0.07,0.07,0.04,0.0,154366.06,199077.04,True,False,0.0,78473.44,-0.0727,0.896,2471.21
2026-08-30T22:43:32Z,XRPUSDT,COOLING,NONE,0.0,0.0,0.0,1.44,0.0,113519.71,80195.69,True,False,0.0,78473.44,-0.0727,0.882,1.387
2026-08-30T22:43:33Z,HBARUSDT,COOLING,NONE,0.0,0.0,0.0,1.34,0.0,44749.94,16947.06,True,False,0.0,78473.44,-0.0727,0.869,0.07457
2026-08-30T22:43:35Z,WUSDT,COOLING,NONE,0.0,0.0,0.0,13.96,0.0,9140.89,2137.63,True,False,0.0,78473.44,-0.0727,0.888,0.009315
2026-08-30T22:44:03Z,BTCUSDT,COOLING,NONE,0.0,0.0,0.0,0.0,0.0,45590.33,241095.21,True,False,0.0,78493.85,0.026,0.894,78493.85
2026-08-30T22:44:05Z,ETHUSDT,COOLING,NONE,0.0,0.0,0.0,0.65,0.61,154246.55,146029.66,True,False,0.0301,78493.85,0.026,0.982,2472.13
2026-08-30T22:44:07Z,XRPUSDT,COOLING,NONE,0.0,0.0,0.0,2.16,0.72,105429.47,83952.47,True,False,-0.0108,78493.85,0.026,1.178,1.388
2026-08-30T22:44:08Z,HBARUSDT,COOLING,NONE,0.0,0.0,0.0,1.34,0.0,42084.66,36610.74,True,False,0.0,78493.85,0.026,0.91,0.07452
2026-08-30T22:44:10Z,WUSDT,COOLING,NONE,0.0,0.0,0.0,12.89,0.0,10691.79,1860.77,True,False,0.0,78493.85,0.026,0.885,0.009316
2026-08-30T22:45:06Z,BTCUSDT,COOLING,BUY,0.0,1.45,1.45,0.36,0.36,496244.32,534696.33,True,False,0.012,78455.01,-0.0495,0.924,78455.01
2026-08-30T22:45:07Z,ETHUSDT,COOLING,BUY,0.0,4.48,4.48,0.45,0.08,145341.27,153367.31,True,False,-0.002,78455.01,-0.0495,0.932,2471.22
2026-08-30T22:45:49Z,XRPUSDT,COOLING,NONE,0.0,0.0,0.0,1.44,-1.44,107827.56,76742.95,True,False,-0.0793,78455.01,-0.0495,40.941,1.3874
2026-08-30T22:45:51Z,HBARUSDT,COOLING,BUY,0.0,24.5,24.5,1.34,-1.34,29740.78,26307.29,True,False,0.0067,78455.01,-0.0495,1.022,0.07449
2026-08-30T22:45:53Z,WUSDT,COOLING,BUY,0.0,12.75,12.75,9.68,0.0,11314.07,2069.15,True,False,0.0,78455.01,-0.0495,0.934,0.009297
2026-08-30T22:46:22Z,BTCUSDT,COOLING,NONE,0.0,0.0,0.0,0.0,0.0,735149.93,495388.91,True,False,0.0,78470.58,0.0198,0.925,78470.58
2026-08-30T22:46:24Z,ETHUSDT,COOLING,SELL,1.77,0.0,1.77,1.29,1.09,153534.77,160163.02,True,False,-0.0346,78470.58,0.0198,0.928,2473.13
2026-08-30T22:46:25Z,XRPUSDT,COOLING,NONE,0.0,0.0,0.0,0.72,-1.44,99279.94,40588.28,True,False,-0.0216,78470.58,0.0198,0.903,1.3874
2026-08-30T22:46:27Z,HBARUSDT,COOLING,NONE,0.0,0.0,0.0,1.34,0.0,47999.53,18438.35,True,False,-0.0268,78470.58,0.0198,0.874,0.07449
2026-08-30T22:46:28Z,WUSDT,COOLING,NONE,0.0,0.0,0.0,12.9,-1.08,11487.22,1919.04,True,False,0.0054,78470.58,0.0198,0.93,0.009304
2026-08-30T22:47:39Z,BTCUSDT,COOLING,NONE,0.0,0.0,0.0,0.0,0.0,459809.0,543768.25,True,False,0.0,78432.33,-0.0487,0.946,78432.33
2026-08-30T22:48:20Z,ETHUSDT,COOLING,SELL,4.06,0.0,4.06,0.04,0.0,158566.89,233820.84,True,False,0.0,78432.33,-0.0487,0.888,2469.5
2026-08-30T22:48:21Z,XRPUSDT,COOLING,NONE,0.0,0.0,0.0,2.89,1.44,64134.96,76517.0,True,False,0.0433,78432.33,-0.0487,0.903,1.3849
2026-08-30T22:48:23Z,HBARUSDT,COOLING,NONE,0.0,0.0,0.0,1.34,0.0,53015.79,35086.26,True,False,0.0,78432.33,-0.0487,0.874,0.07451
2026-08-30T22:48:25Z,WUSDT,COOLING,NONE,0.0,0.0,0.0,12.91,0.0,9392.51,2014.69,True,False,0.0,78432.33,-0.0487,0.876,0.009296
2026-08-30T22:49:55Z,BTCUSDT,COOLING,NONE,0.0,0.0,0.0,0.0,0.0,474160.11,479701.17,True,False,0.0,78422.33,-0.0127,0.913,78422.33
2026-08-30T22:49:56Z,ETHUSDT,COOLING,BUY,0.89,1.87,1.87,0.53,-0.2,157347.38,158021.42,True,False,-0.0002,78422.33,-0.0127,0.889,2469.8
2026-08-30T22:49:59Z,XRPUSDT,COOLING,NONE,0.0,0.0,0.0,1.44,0.0,76932.85,141214.25,True,False,0.0,78422.33,-0.0127,0.888,1.3852
2026-08-30T22:50:00Z,HBARUSDT,COOLING,NONE,0.0,0.0,0.0,1.34,0.0,40519.33,40154.78,True,False,0.0,78422.33,-0.0127,0.886,0.07444
2026-08-30T22:50:02Z,WUSDT,COOLING,NONE,0.0,0.0,0.0,10.76,0.0,17925.04,2068.88,True,False,0.0,78422.33,-0.0127,0.935,0.009299
2026-08-30T22:51:12Z,BTCUSDT,COOLING,BUY,0.0,0.16,0.16,0.0,0.0,49249.64,518739.96,True,False,-0.0017,78417.88,-0.0057,40.869,78417.88
2026-08-30T22:51:13Z,ETHUSDT,COOLING,NONE,0.0,0.0,0.0,1.01,0.2,157982.07,154643.04,True,False,-0.0014,78417.88,-0.0057,0.965,2467.25
2026-08-30T22:51:15Z,XRPUSDT,COOLING,NONE,0.0,0.0,0.0,2.17,0.0,89735.76,54637.46,True,False,0.0,78417.88,-0.0057,0.904,1.3833
2026-08-30T22:51:16Z,HBARUSDT,COOLING,NONE,0.0,0.0,0.0,1.34,0.0,48073.36,35393.79,True,False,0.0,78417.88,-0.0057,0.952,0.07443
2026-08-30T22:51:17Z,WUSDT,COOLING,NONE,0.0,0.0,0.0,10.78,0.0,15781.41,2627.73,True,False,0.0,78417.88,-0.0057,0.852,0.009298
2026-08-30T22:51:45Z,BTCUSDT,COOLING,SELL,11.55,0.0,11.55,0.0,0.0,545423.39,484832.65,True,False,0.0,78410.27,-0.0097,0.938,78410.27
2026-08-30T22:51:47Z,ETHUSDT,COOLING,SELL,5.11,0.0,5.11,0.2,-0.04,163571.56,156612.91,True,False,0.0002,78410.27,-0.0097,0.937,2467.26
2026-08-30T22:51:48Z,XRPUSDT,COOLING,NONE,0.0,0.0,0.0,1.45,0.0,72682.74,72259.05,True,False,0.0,78410.27,-0.0097,0.923,1.3834
2026-08-30T22:53:10Z,HBARUSDT,COOLING,SELL,0.66,0.0,0.66,1.34,-0.0,43495.63,14611.68,True,False,0.0134,78410.27,-0.0097,40.907,0.07443
2026-08-30T22:53:11Z,WUSDT,COOLING,NONE,0.0,0.0,0.0,8.63,0.0,9559.88,3115.18,True,False,0.0,78410.27,-0.0097,0.885,0.009265
2026-08-30T22:55:23Z,BTCUSDT,COOLING,NONE,0.0,0.0,0.0,0.01,-0.09,161638.79,531693.78,True,False,-0.0005,78422.83,0.016,0.928,78422.83
2026-08-30T22:55:24Z,ETHUSDT,COOLING,SELL,41.59,0.0,41.59,0.12,0.08,242598.41,150169.3,True,False,0.0227,78422.83,0.016,0.913,2467.9
2026-08-30T22:55:25Z,XRPUSDT,COOLING,NONE,0.0,0.0,0.0,1.44,0.0,116772.91,71550.39,True,False,0.0,78422.83,0.016,0.899,1.3858
2026-08-30T22:55:27Z,HBARUSDT,COOLING,NONE,0.0,0.0,0.0,1.34,0.0,44971.52,25658.1,True,False,0.0,78422.83,0.016,0.941,0.0745
2026-08-30T22:55:28Z,WUSDT,COOLING,NONE,0.0,0.0,0.0,14.03,0.0,9398.93,2194.87,True,False,0.0,78422.83,0.016,0.86,0.009271
2026-08-30T22:55:56Z,BTCUSDT,COOLING,SELL,6.32,0.0,6.32,0.0,0.0,503801.32,597248.1,True,False,-0.0028,78450.0,0.0346,0.889,78450.0
2026-08-30T22:55:58Z,ETHUSDT,COOLING,NONE,0.0,0.0,0.0,0.04,-0.08,150939.11,239328.59,True,False,-0.0045,78450.0,0.0346,0.947,2468.68
2026-08-30T22:56:00Z,XRPUSDT,COOLING,NONE,0.0,0.0,0.0,2.17,0.0,99798.12,111692.09,True,False,0.0,78450.0,0.0346,0.904,1.3861
2026-08-30T22:56:01Z,HBARUSDT,COOLING,NONE,0.0,0.0,0.0,1.34,0.0,44200.55,31811.42,True,False,0.0,78450.0,0.0346,0.902,0.07449
2026-08-30T22:56:03Z,WUSDT,COOLING,NONE,0.0,0.0,0.0,16.19,3.24,11098.65,2569.05,True,False,-0.0162,78450.0,0.0346,0.949,0.009259
2026-08-30T22:57:16Z,BTCUSDT,COOLING,BUY,52.08,105.2,105.2,0.0,-0.0,1130213.03,464823.39,True,False,0.0067,78480.64,0.0391,0.942,78480.64
2026-08-30T22:57:18Z,ETHUSDT,COOLING,NONE,0.0,0.0,0.0,0.04,0.0,167465.7,159963.01,True,False,0.0,78480.64,0.0391,2.028,2470.72
2026-08-30T22:57:20Z,XRPUSDT,COOLING,BUY,0.0,14.48,14.48,2.16,0.0,95642.69,94659.96,True,False,-0.0072,78480.64,0.0391,1.077,1.3878
2026-08-30T22:57:22Z,HBARUSDT,COOLING,NONE,0.0,0.0,0.0,1.34,-0.0,41371.06,31817.91,True,False,0.0134,78480.64,0.0391,0.969,0.0745
2026-08-30T22:57:25Z,WUSDT,COOLING,NONE,0.0,0.0,0.0,12.91,-1.08,13514.59,2265.15,True,False,-0.0054,78480.64,0.0391,1.86,0.009283
2026-08-30T22:58:59Z,BTCUSDT,COOLING,BUY,0.0,50.78,50.78,0.0,0.0,75238.74,936524.51,True,False,0.0,78470.18,-0.0133,0.903,78470.18
2026-08-30T22:59:00Z,ETHUSDT,COOLING,NONE,0.0,0.0,0.0,0.04,0.0,153397.24,229642.47,True,False,0.0,78470.18,-0.0133,0.974,2471.41
2026-08-30T22:59:01Z,XRPUSDT,COOLING,BUY,0.0,0.56,0.56,1.44,0.0,73030.62,91353.66,True,False,0.0,78470.18,-0.0133,0.879,1.3868
2026-08-30T22:59:03Z,HBARUSDT,COOLING,NONE,0.0,0.0,0.0,1.34,0.0,43262.13,14506.16,True,False,0.0,78470.18,-0.0133,0.919,0.0745
2026-08-30T22:59:05Z,WUSDT,COOLING,NONE,0.0,0.0,0.0,10.76,0.0,11273.04,2265.15,True,False,0.0,78470.18,-0.0133,0.916,0.0093
2026-08-30T22:59:33Z,BTCUSDT,COOLING,NONE,0.0,0.0,0.0,0.0,0.0,504104.86,626987.92,True,False,0.0,78445.0,-0.0321,0.887,78445.0
2026-08-30T22:59:34Z,ETHUSDT,COOLING,SELL,7.85,0.0,7.85,0.04,0.0,156735.03,159742.22,True,False,-0.002,78445.0,-0.0321,0.916,2470.06
2026-08-30T22:59:36Z,XRPUSDT,COOLING,SELL,0.07,0.0,0.07,3.61,1.44,85005.26,117211.12,True,False,-0.0072,78445.0,-0.0321,0.899,1.3865
2026-08-30T22:59:37Z,HBARUSDT,COOLING,NONE,0.0,0.0,0.0,1.34,0.0,40493.28,13232.85,True,False,0.0,78445.0,-0.0321,0.911,0.0745
2026-08-30T22:59:39Z,WUSDT,COOLING,NONE,0.0,0.0,0.0,12.91,0.0,11273.04,3895.71,True,False,0.0,78445.0,-0.0321,0.9,0.009293
2026-08-30T23:00:47Z,BTCUSDT,COOLING,BUY,0.0,15.12,15.12,0.0,0.0,482691.35,1218313.85,True,False,-0.0121,78369.46,-0.0963,0.949,78369.46
2026-08-30T23:00:49Z,ETHUSDT,COOLING,BUY,0.0,0.33,0.33,0.08,-0.65,149476.11,147813.07,True,False,0.0028,78369.46,-0.0963,1.027,2467.0
2026-08-30T23:00:50Z,XRPUSDT,COOLING,NONE,0.0,0.0,0.0,1.45,0.72,99617.82,91568.58,True,False,0.0036,78369.46,-0.0963,0.913,1.3838
2026-08-30T23:00:52Z,HBARUSDT,COOLING,NONE,0.0,0.0,0.0,1.34,0.0,43924.25,17193.58,True,False,0.0,78369.46,-0.0963,1.23,0.07447
2026-08-30T23:00:54Z,WUSDT,COOLING,SELL,0.95,0.0,0.95,7.56,-1.08,9875.51,2994.19,True,False,0.0054,78369.46,-0.0963,0.939,0.009279
2026-08-30T23:03:03Z,BTCUSDT,COOLING,BUY,0.0,2.19,2.19,0.0,0.0,457400.31,487376.14,True,False,-0.0106,78373.96,0.0057,0.912,78373.96
2026-08-30T23:03:06Z,ETHUSDT,COOLING,BUY,0.0,13.85,13.85,0.16,0.12,145965.15,189124.35,True,False,-0.0322,78373.96,0.0057,0.9,2467.9
2026-08-30T23:03:07Z,XRPUSDT,COOLING,BUY,0.0,42.2,42.2,1.45,-1.44,62871.28,132870.68,True,False,-0.0217,78373.96,0.0057,0.943,1.3844
2026-08-30T23:03:09Z,HBARUSDT,COOLING,NONE,0.0,0.0,0.0,1.34,0.0,46089.79,34467.26,True,False,0.0,78373.96,0.0057,0.891,0.07444
2026-08-30T23:03:11Z,WUSDT,COOLING,NONE,0.0,0.0,0.0,11.86,0.0,17377.26,2265.15,True,False,0.0,78373.96,0.0057,1.061,0.009286
2026-08-30T23:03:39Z,BTCUSDT,COOLING,NONE,0.0,0.0,0.0,0.0,-0.0,490733.14,549120.45,True,False,0.0,78338.8,-0.0449,0.918,78338.8
2026-08-30T23:03:40Z,ETHUSDT,COOLING,BUY,0.0,3.43,3.43,0.61,-0.2,152691.24,144553.8,True,False,-0.0002,78338.8,-0.0449,0.902,2467.02
2026-08-30T23:03:42Z,XRPUSDT,COOLING,NONE,0.0,0.0,0.0,2.89,0.0,108190.33,118139.51,True,False,0.0,78338.8,-0.0449,0.901,1.3837
2026-08-30T23:03:43Z,HBARUSDT,COOLING,NONE,0.0,0.0,0.0,1.34,0.0,28576.28,34638.91,True,False,0.0,78338.8,-0.0449,0.918,0.07441
2026-08-30T23:03:45Z,WUSDT,COOLING,NONE,0.0,0.0,0.0,11.85,0.0,17401.85,2265.15,True,False,0.0,78338.8,-0.0449,0.853,0.009273
2026-08-30T23:04:13Z,BTCUSDT,COOLING,NONE,0.0,0.0,0.0,0.0,0.0,467291.09,515812.88,True,False,0.0,78353.96,0.0194,1.006,78353.96
2026-08-30T23:04:15Z,ETHUSDT,COOLING,SELL,9.68,0.03,9.68,0.04,0.0,158601.48,386791.52,True,False,0.0,78353.96,0.0194,1.002,2466.66
2026-08-30T23:04:16Z,XRPUSDT,COOLING,SELL,4.74,0.0,4.74,2.17,0.0,88985.27,76408.37,True,False,0.0,78353.96,0.0194,0.883,1.3833
2026-08-30T23:04:19Z,HBARUSDT,COOLING,NONE,0.0,0.0,0.0,1.34,0.0,41696.52,21015.46,True,False,0.0,78353.96,0.0194,0.912,0.07441
2026-08-30T23:04:20Z,WUSDT,COOLING,NONE,0.0,0.0,0.0,11.83,0.0,11003.43,2265.15,True,False,0.0,78353.96,0.0194,0.929,0.009295
2026-08-30T23:06:33Z,BTCUSDT,COOLING,NONE,0.0,0.0,0.0,0.0,0.0,487547.33,486514.64,True,False,0.0,78375.67,0.0277,0.876,78379.99
2026-08-30T23:06:34Z,ETHUSDT,COOLING,NONE,0.0,0.0,0.0,0.04,0.0,157242.53,159219.52,True,False,0.0,78375.67,0.0277,0.931,2466.49
2026-08-30T23:06:36Z,XRPUSDT,COOLING,NONE,0.0,0.0,0.0,2.89,1.44,93621.43,82126.81,True,False,0.0072,78375.67,0.0277,0.904,1.3845
2026-08-30T23:06:37Z,HBARUSDT,COOLING,NONE,0.0,0.0,0.0,1.34,0.0,32081.99,20458.12,True,False,0.0,78375.67,0.0277,0.916,0.07449
2026-08-30T23:06:39Z,WUSDT,COOLING,NONE,0.0,0.0,0.0,12.91,0.0,18602.78,2645.74,True,False,0.0,78375.67,0.0277,0.883,0.009284
2026-08-30T23:07:08Z,BTCUSDT,COOLING,NONE,0.0,0.0,0.0,0.0,0.0,667726.91,453740.46,True,False,0.0,78402.62,0.0344,0.906,78402.62
2026-08-30T23:07:09Z,ETHUSDT,COOLING,BUY,2.2,12.33,12.33,0.65,0.28,157992.23,272196.72,True,False,-0.0136,78402.62,0.0344,1.4,2467.49
2026-08-30T23:07:11Z,XRPUSDT,COOLING,BUY,0.0,19.32,19.32,2.17,0.0,71162.14,133308.71,True,False,-0.0289,78402.62,0.0344,0.938,1.3848
2026-08-30T23:07:13Z,HBARUSDT,COOLING,NONE,0.0,0.0,0.0,1.34,0.0,39613.56,13129.15,True,False,0.0,78402.62,0.0344,0.882,0.07449
2026-08-30T23:07:14Z,WUSDT,COOLING,NONE,0.0,0.0,0.0,7.53,0.0,18602.78,2645.74,True,False,0.0,78402.62,0.0344,0.877,0.009284
2026-08-30T23:07:43Z,BTCUSDT,COOLING,BUY,0.0,101.68,101.68,0.0,0.0,514739.11,537668.85,True,False,0.0,78350.0,-0.0671,0.941,78350.0
2026-08-30T23:07:44Z,ETHUSDT,COOLING,SELL,18.34,0.0,18.34,0.85,0.16,203509.13,142791.26,True,False,-0.0182,78350.0,-0.0671,0.902,2465.01
2026-08-30T23:07:46Z,XRPUSDT,COOLING,NONE,0.0,0.0,0.0,2.17,0.72,87444.74,75496.84,True,False,0.0036,78350.0,-0.0671,1.044,1.3832
2026-08-30T23:07:47Z,HBARUSDT,COOLING,NONE,0.0,0.0,0.0,1.34,0.0,42199.31,35270.47,True,False,0.0,78350.0,-0.0671,0.991,0.0745
2026-08-30T23:07:49Z,WUSDT,COOLING,NONE,0.0,0.0,0.0,10.77,0.0,18584.56,2649.08,True,False,0.0,78350.0,-0.0671,1.012,0.009295
2026-08-30T23:09:21Z,BTCUSDT,COOLING,SELL,75.79,0.0,75.79,0.0,0.0,462925.14,517592.67,True,False,0.0,78350.0,0.0,0.912,78350.0
2026-08-30T23:09:23Z,ETHUSDT,COOLING,SELL,6.93,0.0,6.93,0.04,0.0,158122.66,274106.18,True,False,0.0,78350.0,0.0,0.886,2466.82
2026-08-30T23:09:24Z,XRPUSDT,COOLING,SELL,15.67,0.0,15.67,2.17,0.0,103049.24,93251.61,True,False,-0.0289,78350.0,0.0,0.873,1.3829
2026-08-30T23:09:26Z,HBARUSDT,COOLING,NONE,0.0,0.0,0.0,1.34,0.0,23496.65,29978.15,True,False,0.0,78350.0,0.0,0.969,0.07437
2026-08-30T23:09:27Z,WUSDT,COOLING,NONE,0.0,0.0,0.0,12.91,0.0,18602.78,2589.11,True,False,0.0,78350.0,0.0,0.916,0.009297
2026-08-30T23:09:56Z,BTCUSDT,COOLING,SELL,0.01,0.0,0.01,0.0,0.0,82070.2,639626.71,True,False,0.0,78350.0,0.0,0.852,78350.0
2026-08-30T23:09:58Z,ETHUSDT,COOLING,SELL,9.16,0.0,9.16,0.08,0.0,160727.14,156369.53,True,False,0.0,78350.0,0.0,0.944,2466.43
2026-08-30T23:09:59Z,XRPUSDT,COOLING,NONE,0.0,0.0,0.0,2.17,-0.0,90951.49,130696.92,True,False,0.0072,78350.0,0.0,0.933,1.3833
2026-08-30T23:10:01Z,HBARUSDT,COOLING,NONE,0.0,0.0,0.0,1.34,0.0,28811.01,30683.01,True,False,0.0,78350.0,0.0,0.936,0.07437
2026-08-30T23:10:02Z,WUSDT,COOLING,NONE,0.0,0.0,0.0,12.91,-4.3,18602.78,2589.11,True,False,-0.0215,78350.0,0.0,0.928,0.009297
2026-08-30T23:10:30Z,BTCUSDT,COOLING,NONE,0.0,0.0,0.0,0.0,0.0,691830.4,528594.96,True,False,-0.0076,78348.71,-0.0016,0.878,78348.71
2026-08-30T23:10:32Z,ETHUSDT,COOLING,BUY,0.0,2.21,2.21,0.57,0.53,143544.1,154289.87,True,False,-0.0107,78348.71,-0.0016,0.949,2466.57
2026-08-30T23:10:33Z,XRPUSDT,COOLING,NONE,0.0,0.0,0.0,2.17,-0.72,90237.85,75635.59,True,False,0.0036,78348.71,-0.0016,0.89,1.3835
2026-08-30T23:10:35Z,HBARUSDT,COOLING,SELL,9.44,0.0,9.44,1.34,-0.0,44774.87,27960.5,True,False,0.0134,78348.71,-0.0016,0.906,0.07444
2026-08-30T23:10:37Z,WUSDT,COOLING,NONE,0.0,0.0,0.0,12.91,0.0,18602.78,2589.11,True,False,0.0,78348.71,-0.0016,0.965,0.009293
2026-08-30T23:11:26Z,BTCUSDT,COOLING,NONE,0.0,0.0,0.0,0.0,0.0,415294.37,512861.93,True,False,0.0,78349.13,0.0005,0.893,78349.13
2026-08-30T23:11:28Z,ETHUSDT,COOLING,NONE,0.0,0.0,0.0,0.04,0.0,183054.92,151749.97,True,False,0.0,78349.13,0.0005,0.861,2466.26
2026-08-30T23:12:09Z,XRPUSDT,COOLING,SELL,10.9,0.0,10.9,2.89,0.72,66788.81,92348.96,True,False,-0.0036,78349.13,0.0005,0.949,1.3853
2026-08-30T23:12:11Z,HBARUSDT,COOLING,NONE,0.0,0.0,0.0,1.34,0.0,44945.16,12061.67,True,False,0.0,78349.13,0.0005,0.867,0.07447
2026-08-30T23:12:12Z,WUSDT,COOLING,NONE,0.0,0.0,0.0,11.81,0.0,20930.17,2589.11,True,False,0.0,78349.13,0.0005,0.931,0.009309
2026-08-30T23:13:21Z,BTCUSDT,COOLING,SELL,0.0,0.0,0.0,0.0,0.0,23154.6,1137752.33,True,False,0.0,78410.01,0.0777,0.954,78410.01
2026-08-30T23:13:22Z,ETHUSDT,COOLING,SELL,5.46,0.0,5.46,0.04,-0.24,169423.64,156432.68,True,False,-0.0012,78410.01,0.0777,0.905,2466.6
2026-08-30T23:13:24Z,XRPUSDT,COOLING,NONE,0.0,0.0,0.0,2.17,0.0,63298.75,122709.25,True,False,0.0,78410.01,0.0777,0.924,1.3843
2026-08-30T23:13:25Z,HBARUSDT,COOLING,NONE,0.0,0.0,0.0,1.34,0.0,40617.55,21287.29,True,False,0.0,78410.01,0.0777,0.903,0.07454
2026-08-30T23:13:27Z,WUSDT,COOLING,NONE,0.0,0.0,0.0,9.67,0.0,13096.72,2589.11,True,False,0.0,78410.01,0.0777,0.881,0.009312
2026-08-30T23:13:56Z,BTCUSDT,COOLING,SELL,2.65,0.0,2.65,0.0,0.0,538300.16,473208.14,True,False,0.0,78380.01,-0.0383,1.537,78380.01
2026-08-30T23:13:57Z,ETHUSDT,COOLING,SELL,6.99,0.0,6.99,0.04,0.0,157059.29,250899.32,True,False,0.0,78380.01,-0.0383,0.944,2465.36
2026-08-30T23:13:59Z,XRPUSDT,COOLING,NONE,0.0,0.0,0.0,1.45,0.0,88755.46,118660.37,True,False,0.0,78380.01,-0.0383,1.022,1.3839
2026-08-30T23:14:42Z,HBARUSDT,COOLING,SELL,0.03,0.03,0.03,1.34,0.0,45337.02,20833.23,True,False,-0.0805,78380.01,-0.0383,40.891,0.07454
2026-08-30T23:14:43Z,WUSDT,COOLING,NONE,0.0,0.0,0.0,10.77,0.0,14314.64,2768.49,True,False,0.0,78380.01,-0.0383,0.9,0.0093
2026-08-30T23:15:37Z,BTCUSDT,COOLING,SELL,7.39,1.68,7.39,0.0,-0.26,491702.01,533718.09,True,False,-0.001,78368.67,-0.0145,0.98,78368.67
2026-08-30T23:15:38Z,ETHUSDT,COOLING,BUY,1.47,53.52,53.52,0.04,0.0,145586.23,350306.57,True,False,0.0,78368.67,-0.0145,0.923,2464.43
2026-08-30T23:15:40Z,XRPUSDT,COOLING,NONE,0.0,0.0,0.0,2.17,0.0,80275.56,121457.74,True,False,0.0,78368.67,-0.0145,0.89,1.3832
2026-08-30T23:15:41Z,HBARUSDT,COOLING,SELL,4.88,0.0,4.88,1.34,-0.0,47102.14,34256.89,True,False,0.0134,78368.67,-0.0145,0.947,0.07444
2026-08-30T23:15:43Z,WUSDT,COOLING,NONE,0.0,0.0,0.0,10.78,0.0,10210.17,2589.11,True,False,0.0,78368.67,-0.0145,0.939,0.009276
2026-08-30T23:16:17Z,BTCUSDT,COOLING,BUY,0.0,9.29,9.29,0.0,0.0,524666.03,822611.78,True,False,0.0,78360.17,-0.0108,0.951,78360.17
2026-08-30T23:16:20Z,ETHUSDT,COOLING,BUY,2.48,15.09,15.09,0.04,0.0,151713.21,273726.68,True,False,-0.0004,78360.17,-0.0108,0.951,2464.46
2026-08-30T23:16:21Z,XRPUSDT,COOLING,NONE,0.0,0.0,0.0,2.89,0.0,122395.75,88285.22,True,False,0.0,78360.17,-0.0108,0.893,1.384
2026-08-30T23:16:23Z,HBARUSDT,COOLING,NONE,0.0,0.0,0.0,1.34,0.0,48151.97,40037.14,True,False,0.0,78360.17,-0.0108,0.906,0.07444
2026-08-30T23:17:05Z,WUSDT,COOLING,SELL,32.08,0.0,32.08,11.89,9.73,10650.92,2189.86,True,True,-0.0702,78360.17,-0.0108,0.903,0.009276
2026-08-30T23:18:56Z,BTCUSDT,COOLING,BUY,4.5,12.67,12.67,0.0,0.0,487419.9,519672.84,True,False,0.0,78257.61,-0.1309,0.924,78283.88
2026-08-30T23:18:58Z,ETHUSDT,COOLING,SELL,4.55,0.0,4.55,1.02,-0.45,163304.64,153891.69,True,False,0.0051,78257.61,-0.1309,0.923,2458.49
2026-08-30T23:18:59Z,XRPUSDT,COOLING,BUY,0.0,11.31,11.31,0.72,-1.45,113395.94,92132.7,True,False,0.0,78257.61,-0.1309,0.935,1.381
2026-08-30T23:19:01Z,HBARUSDT,COOLING,BUY,0.0,12.87,12.87,1.35,0.0,39959.55,16151.11,True,False,-0.0135,78257.61,-0.1309,0.914,0.07417
2026-08-30T23:19:02Z,WUSDT,COOLING,NONE,0.0,0.0,0.0,11.9,0.0,17093.9,2837.43,True,False,0.0,78257.61,-0.1309,0.9,0.009244
2026-08-30T23:20:34Z,BTCUSDT,COOLING,BUY,0.3,1.02,1.02,0.0,0.0,479668.52,464495.54,True,False,0.0,78398.62,0.1802,1.016,78398.62
2026-08-30T23:20:36Z,ETHUSDT,COOLING,SELL,60.58,0.0,60.58,0.04,-1.01,351228.67,147042.68,True,False,0.0043,78398.62,0.1802,0.963,2463.23
2026-08-30T23:20:37Z,XRPUSDT,COOLING,BUY,0.0,8.98,8.98,0.72,0.0,110791.95,93703.63,True,False,0.0,78398.62,0.1802,0.973,1.3836
2026-08-30T23:20:39Z,HBARUSDT,COOLING,NONE,0.0,0.0,0.0,2.69,0.0,28837.06,18558.58,True,False,0.0,78398.62,0.1802,1.021,0.07435
2026-08-30T23:20:41Z,WUSDT,COOLING,NONE,0.0,0.0,0.0,10.79,0.0,10900.97,2406.98,True,False,0.0,78398.62,0.1802,0.927,0.009266
2026-08-30T23:21:10Z,BTCUSDT,COOLING,BUY,0.0,4.21,4.21,0.0,0.0,4279.75,500570.76,True,False,0.0,78372.84,-0.0329,0.933,78372.84
2026-08-30T23:21:11Z,ETHUSDT,COOLING,BUY,10.06,45.88,45.88,0.04,-0.49,156482.0,285125.46,True,False,-0.0028,78372.84,-0.0329,0.876,2460.78
2026-08-30T23:21:13Z,XRPUSDT,COOLING,SELL,84.02,3.95,84.02,1.45,-0.72,128321.72,70124.72,True,False,0.0326,78372.84,-0.0329,0.886,1.3817
2026-08-30T23:21:14Z,HBARUSDT,COOLING,NONE,0.0,0.0,0.0,1.35,0.0,26271.48,16988.81,True,False,0.0,78372.84,-0.0329,0.964,0.07435
2026-08-30T23:21:16Z,WUSDT,COOLING,NONE,0.0,0.0,0.0,11.88,-1.08,14212.15,2406.98,True,False,0.0054,78372.84,-0.0329,0.889,0.00927
2026-08-30T23:21:44Z,BTCUSDT,COOLING,NONE,0.0,0.0,0.0,0.0,0.0,522753.86,535780.16,True,False,0.0,78386.75,0.0177,1.041,78386.75
2026-08-30T23:21:46Z,ETHUSDT,COOLING,BUY,1.36,4.19,4.19,0.04,0.0,157410.44,157974.25,True,False,0.0,78386.75,0.0177,0.99,2461.16
2026-08-30T23:21:47Z,XRPUSDT,COOLING,NONE,0.0,0.0,0.0,1.45,0.0,139005.84,95544.06,True,False,0.0,78386.75,0.0177,0.957,1.3822
2026-08-30T23:21:49Z,HBARUSDT,COOLING,NONE,0.0,0.0,0.0,1.35,0.0,47493.05,13145.93,True,False,0.0,78386.75,0.0177,0.996,0.07435
2026-08-30T23:21:51Z,WUSDT,COOLING,NONE,0.0,0.0,0.0,12.94,0.0,18471.82,2406.98,True,False,0.0,78386.75,0.0177,1.008,0.009254
2026-08-30T23:22:43Z,BTCUSDT,COOLING,NONE,0.0,0.0,0.0,0.0,0.0,473560.08,479507.6,True,False,0.0,78369.45,-0.0221,0.952,78369.45
2026-08-30T23:23:24Z,ETHUSDT,COOLING,NONE,0.0,0.0,0.0,3.11,2.78,14366.94,157708.29,True,False,0.0106,78369.45,-0.0221,1.05,2459.26
2026-08-30T23:23:26Z,XRPUSDT,COOLING,BUY,0.0,12.71,12.71,3.64,-8.02,16800.79,22631.19,True,False,0.0182,78369.45,-0.0221,0.892,1.3738
2026-08-30T23:23:27Z,HBARUSDT,COOLING,SELL,30.07,0.0,30.07,13.55,0.0,10434.54,32103.57,True,False,0.0,78369.45,-0.0221,0.893,0.07384
2026-08-30T23:23:29Z,WUSDT,COOLING,NONE,0.0,0.0,0.0,19.64,-1.1,6735.37,2187.53,True,False,0.0491,78369.45,-0.0221,0.944,0.009181
2026-08-30T23:23:57Z,BTCUSDT,COOLING,BUY,0.0,35.72,35.72,0.05,-0.01,23035.02,35589.71,True,False,0.0012,77980.0,-0.4969,0.987,77980.0
2026-08-30T23:23:59Z,ETHUSDT,COOLING,BUY,0.0,40.54,40.54,1.39,1.23,22192.77,9784.55,True,False,0.0217,77980.0,-0.4969,0.947,2441.42
2026-08-30T23:24:01Z,XRPUSDT,COOLING,NONE,0.0,0.0,0.0,2.19,1.46,71140.97,35017.74,True,False,-0.0073,77980.0,-0.4969,0.942,1.372
2026-08-30T23:24:02Z,HBARUSDT,COOLING,BUY,0.0,33.99,33.99,10.82,1.35,10297.65,17430.95,True,False,-0.0203,77980.0,-0.4969,0.87,0.07387
2026-08-30T23:24:04Z,WUSDT,COOLING,NONE,0.0,0.0,0.0,20.7,1.1,10472.93,2020.62,True,False,-0.0599,77980.0,-0.4969,0.94,0.009172
2026-08-30T23:24:34Z,BTCUSDT,COOLING,SELL,0.61,0.0,0.61,0.04,-0.05,130589.39,453952.6,True,False,-0.0001,78005.0,0.0321,0.881,78005.0
2026-08-30T23:24:36Z,ETHUSDT,COOLING,NONE,0.0,0.0,0.0,2.21,2.17,18373.72,142579.48,True,False,0.0203,78005.0,0.0321,0.876,2440.07
2026-08-30T23:24:38Z,XRPUSDT,COOLING,BUY,0.0,9.59,9.59,5.83,-0.73,14597.0,36457.3,True,False,0.0255,78005.0,0.0321,0.84,1.3712
2026-08-30T23:24:39Z,HBARUSDT,COOLING,SELL,9.48,0.0,9.48,9.47,8.12,19012.67,15075.56,True,False,-0.0541,78005.0,0.0321,0.895,0.07395
2026-08-30T23:24:41Z,WUSDT,COOLING,NONE,0.0,0.0,0.0,11.99,-1.09,11347.29,2255.43,True,False,-0.0054,78005.0,0.0321,0.982,0.009184
2026-08-30T23:26:11Z,BTCUSDT,COOLING,BUY,65.58,103.06,103.06,0.0,-0.0,516096.84,520763.93,True,False,0.0083,78048.74,0.0561,0.858,78048.74
2026-08-30T23:26:13Z,ETHUSDT,COOLING,BUY,0.0,2.6,2.6,0.04,-0.0,272076.38,91478.37,True,False,0.0193,78048.74,0.0561,0.859,2439.0
2026-08-30T23:26:14Z,XRPUSDT,COOLING,NONE,0.0,0.0,0.0,2.91,0.0,87927.72,76161.4,True,False,0.0,78048.74,0.0561,0.898,1.373
2026-08-30T23:26:56Z,HBARUSDT,COOLING,SELL,9.54,0.0,9.54,2.7,1.35,39006.0,19634.54,True,False,-0.0068,78048.74,0.0561,0.905,0.07397
2026-08-30T23:26:57Z,WUSDT,COOLING,NONE,0.0,0.0,0.0,14.15,0.0,9223.17,2197.47,True,False,0.0,78048.74,0.0561,0.943,0.009189
2026-08-30T23:28:07Z,BTCUSDT,COOLING,SELL,2.02,0.61,2.02,0.0,0.0,23039.4,693916.2,True,False,-0.0654,78064.61,0.0203,40.93,78064.61
2026-08-30T23:28:09Z,ETHUSDT,COOLING,SELL,26.16,0.0,26.16,1.35,-0.2,120139.81,141474.11,True,False,-0.0043,78064.61,0.0203,0.926,2438.57
2026-08-30T23:28:10Z,XRPUSDT,COOLING,NONE,0.0,0.0,0.0,2.19,0.0,115357.17,91044.54,True,False,0.0,78064.61,0.0203,0.857,1.3718
2026-08-30T23:28:11Z,HBARUSDT,COOLING,SELL,6.45,0.0,6.45,2.71,0.0,29297.86,16836.26,True,False,-0.0135,78064.61,0.0203,0.849,0.07393
2026-08-30T23:28:13Z,WUSDT,COOLING,NONE,0.0,0.0,0.0,14.2,0.0,14201.54,2821.3,True,False,0.0,78064.61,0.0203,0.965,0.009169
2026-08-30T23:28:42Z,BTCUSDT,COOLING,SELL,92.95,0.0,92.95,0.0,-0.0,22976.9,22987.49,True,True,0.0066,77817.27,-0.3168,0.888,77817.27
2026-08-30T23:28:43Z,ETHUSDT,COOLING,SELL,8.19,0.0,8.19,0.04,-0.33,93636.15,72372.57,True,False,0.0016,77817.27,-0.3168,0.912,2435.13
2026-08-30T23:28:44Z,XRPUSDT,COOLING,BUY,1.35,10.13,10.13,2.92,-0.0,44167.71,72039.29,True,False,0.0146,77817.27,-0.3168,0.919,1.3688
2026-08-30T23:28:46Z,HBARUSDT,COOLING,NONE,0.0,0.0,0.0,1.35,0.0,39919.58,28129.52,True,False,0.0,77817.27,-0.3168,0.92,0.07381
2026-08-30T23:28:48Z,WUSDT,COOLING,NONE,0.0,0.0,0.0,18.58,-1.09,18498.78,2111.74,True,False,-0.0055,77817.27,-0.3168,1.008,0.00915
2026-08-30T23:29:36Z,BTCUSDT,COOLING,SELL,106.02,0.0,106.02,0.58,-0.07,27193.04,478063.95,True,False,-0.0345,77715.07,-0.1313,0.924,77707.54
2026-08-30T23:29:39Z,ETHUSDT,COOLING,SELL,24.64,0.0,24.64,3.38,1.2,23705.54,11990.51,True,False,-0.0324,77715.07,-0.1313,0.917,2428.0
2026-08-30T23:29:40Z,XRPUSDT,COOLING,BUY,0.0,27.5,27.5,3.67,-0.0,12392.35,60400.78,True,False,0.0441,77715.07,-0.1313,0.874,1.3617
2026-08-30T23:29:42Z,HBARUSDT,COOLING,NONE,0.0,0.0,0.0,6.81,-6.81,2136.17,13028.61,True,False,0.034,77715.07,-0.1313,0.913,0.0735
2026-08-30T23:29:43Z,WUSDT,COOLING,NONE,0.0,0.0,0.0,6.59,0.0,3247.2,1956.67,True,False,0.0,77715.07,-0.1313,0.862,0.0091
2026-08-30T23:30:12Z,BTCUSDT,COOLING,BUY,0.01,5.8,5.8,0.0,0.0,22929.15,517105.56,True,False,-0.0258,77684.54,-0.0393,1.024,77684.54
2026-08-30T23:30:13Z,ETHUSDT,COOLING,BUY,0.0,1.88,1.88,0.04,0.0,5801.86,152921.82,True,False,-0.0128,77684.54,-0.0393,0.986,2424.18
2026-08-30T23:30:15Z,XRPUSDT,COOLING,BUY,0.0,25.45,25.45,4.41,-0.0,12397.95,63558.11,True,True,0.0661,77684.54,-0.0393,1.015,1.3623
2026-08-30T23:30:16Z,HBARUSDT,COOLING,NONE,0.0,0.0,0.0,6.79,-2.72,7727.16,6305.71,True,False,0.0544,77684.54,-0.0393,0.961,0.07355
2026-08-30T23:30:19Z,WUSDT,COOLING,NONE,0.0,0.0,0.0,23.16,-3.29,2303.15,2629.15,True,False,-0.0606,77684.54,-0.0393,0.935,0.009064
2026-08-30T23:30:50Z,BTCUSDT,COOLING,BUY,0.0,40.8,40.8,0.27,0.27,86450.08,101271.59,True,False,0.0022,77792.37,0.1388,1.895,77792.37
2026-08-30T23:30:53Z,ETHUSDT,COOLING,BUY,0.0,2.07,2.07,1.69,0.49,95142.01,95419.7,True,False,0.0074,77792.37,0.1388,1.015,2430.77
2026-08-30T23:30:56Z,XRPUSDT,COOLING,SELL,2.63,0.0,2.63,2.93,0.73,93050.39,88789.81,True,False,0.011,77792.37,0.1388,0.931,1.3652
2026-08-30T23:30:58Z,HBARUSDT,COOLING,BUY,26.66,37.1,37.1,5.42,-1.35,19141.94,12466.58,True,False,0.0068,77792.37,0.1388,1.015,0.07384
2026-08-30T23:31:00Z,WUSDT,COOLING,NONE,0.0,0.0,0.0,19.77,0.0,2074.26,3004.83,True,False,0.0,77792.37,0.1388,0.973,0.009099
2026-08-30T23:34:34Z,BTCUSDT,COOLING,BUY,4.74,78.22,78.22,0.63,0.62,102837.01,454488.28,True,False,-0.0031,77750.89,-0.0533,1.012,77750.89
2026-08-30T23:35:17Z,ETHUSDT,IMPULSE,SELL,2.13,0.0,2.13,1.78,1.07,150017.69,156273.93,True,False,-0.1748,77750.89,-0.0533,40.949,2425.29
2026-08-30T23:35:59Z,XRPUSDT,COOLING,SELL,12.45,0.0,12.45,1.47,-0.0,120600.84,81908.34,True,False,0.0514,77750.89,-0.0533,2.019,1.362
2026-08-30T23:36:03Z,HBARUSDT,COOLING,NONE,0.0,0.0,0.0,1.36,0.0,40920.05,9162.01,True,False,-0.0542,77750.89,-0.0533,1.985,0.07375
2026-08-30T23:36:05Z,WUSDT,COOLING,SELL,11.35,0.0,11.35,16.55,-3.31,8940.52,1986.74,True,False,0.0165,77750.89,-0.0533,0.992,0.009072
2026-08-30T23:37:52Z,BTCUSDT,COOLING,NONE,0.0,0.0,0.0,0.0,0.0,20631.06,537306.43,True,False,0.0,77685.86,-0.0836,0.89,77685.86
2026-08-30T23:37:54Z,ETHUSDT,IMPULSE,SELL,3.13,0.0,3.13,0.37,0.04,87753.38,153726.7,True,False,0.0097,77685.86,-0.0836,0.896,2419.43
2026-08-30T23:37:55Z,XRPUSDT,COOLING,NONE,0.0,0.0,0.0,2.94,0.74,92349.78,68712.11,True,False,0.0037,77685.86,-0.0836,0.906,1.3591
2026-08-30T23:37:57Z,HBARUSDT,COOLING,NONE,0.0,0.0,0.0,1.36,-0.0,40865.3,14007.86,True,False,0.0136,77685.86,-0.0836,1.023,0.07377
2026-08-30T23:38:00Z,WUSDT,COOLING,NONE,0.0,0.0,0.0,16.53,0.0,15773.79,5470.09,True,False,0.0,77685.86,-0.0836,0.992,0.009068
2026-08-30T23:38:28Z,BTCUSDT,COOLING,SELL,96.15,7.02,96.15,0.0,0.0,123553.45,531235.5,True,False,0.0,77645.0,-0.0526,1.006,77645.0
2026-08-30T23:38:29Z,ETHUSDT,IMPULSE,BUY,0.0,4.84,4.84,0.04,0.0,12491.12,152476.51,True,False,-0.0401,77645.0,-0.0526,0.961,2416.44
2026-08-30T23:38:31Z,XRPUSDT,COOLING,NONE,0.0,0.0,0.0,3.69,1.47,68107.34,31648.55,True,False,-0.0147,77645.0,-0.0526,1.019,1.3579
2026-08-30T23:38:32Z,HBARUSDT,COOLING,SELL,47.71,19.86,47.71,1.36,-1.36,39064.49,12935.13,True,True,0.0204,77645.0,-0.0526,1.027,0.0738
2026-08-30T23:39:14Z,WUSDT,COOLING,SELL,35.35,0.0,35.35,15.5,-3.32,14578.05,3706.88,True,True,0.0166,77645.0,-0.0526,0.979,0.009058
2026-08-30T23:41:26Z,BTCUSDT,COOLING,BUY,0.34,3.85,3.85,0.0,0.0,93776.51,511914.5,True,False,0.0,77469.43,-0.2261,0.877,77469.43
2026-08-30T23:41:28Z,ETHUSDT,IMPULSE,BUY,0.0,0.38,0.38,1.49,-0.29,141463.15,147894.95,True,False,0.0097,77469.43,-0.2261,1.01,2410.98
2026-08-30T23:41:32Z,XRPUSDT,COOLING,SELL,7.46,0.0,7.46,2.96,0.74,284654.07,40859.76,True,False,-0.0037,77469.43,-0.2261,1.867,1.3506
2026-08-30T23:41:34Z,HBARUSDT,COOLING,BUY,4.11,14.47,14.47,1.36,0.0,36957.98,11031.66,True,False,0.0,77469.43,-0.2261,0.982,0.07362
2026-08-30T23:41:36Z,WUSDT,COOLING,NONE,0.0,0.0,0.0,3.34,-12.24,8897.59,3158.01,True,False,-0.0612,77469.43,-0.2261,0.96,0.009028
2026-08-30T23:42:45Z,BTCUSDT,COOLING,BUY,0.0,2.78,2.78,0.0,0.0,75660.17,533333.24,True,False,0.0,77379.01,-0.1167,1.002,77379.01
2026-08-30T23:42:47Z,ETHUSDT,IMPULSE,NONE,0.0,0.0,0.0,1.37,0.37,157732.03,152261.77,True,False,-0.0019,77379.01,-0.1167,0.937,2408.86
2026-08-30T23:42:48Z,XRPUSDT,COOLING,NONE,0.0,0.0,0.0,1.48,0.74,64813.7,88319.92,True,False,0.0037,77379.01,-0.1167,0.888,1.3472
2026-08-30T23:42:50Z,HBARUSDT,COOLING,NONE,0.0,0.0,0.0,1.36,0.0,34128.51,11506.29,True,False,0.0,77379.01,-0.1167,0.897,0.07352
2026-08-30T23:42:51Z,WUSDT,COOLING,NONE,0.0,0.0,0.0,4.44,0.0,16943.44,4694.88,True,False,0.0,77379.01,-0.1167,0.965,0.009
2026-08-30T23:43:19Z,BTCUSDT,COOLING,SELL,70.06,6.25,70.06,0.46,0.35,66100.3,1889147.97,True,False,0.0011,77432.47,0.0691,0.933,77432.47
2026-08-30T23:43:21Z,ETHUSDT,IMPULSE,NONE,0.0,0.0,0.0,0.54,-0.12,150777.23,87156.14,True,False,0.0006,77432.47,0.0691,0.861,2412.39
2026-08-30T23:43:22Z,XRPUSDT,COOLING,SELL,1.56,0.0,1.56,2.22,0.74,94134.16,86617.06,True,False,0.0111,77432.47,0.0691,0.993,1.35
2026-08-30T23:43:24Z,HBARUSDT,COOLING,BUY,0.0,11.8,11.8,2.72,-1.36,23418.56,27275.33,True,False,-0.0068,77432.47,0.0691,1.04,0.07351
2026-08-30T23:43:25Z,WUSDT,COOLING,NONE,0.0,0.0,0.0,7.77,0.0,17456.99,2821.44,True,False,0.0,77432.47,0.0691,1.031,0.009003
2026-08-30T23:44:21Z,BTCUSDT,COOLING,SELL,68.56,0.0,68.56,0.0,0.0,336259.15,457735.5,True,False,0.0,77510.0,0.1001,0.878,77510.0
2026-08-30T23:44:22Z,ETHUSDT,IMPULSE,BUY,0.0,63.82,63.82,0.75,-0.41,149987.39,92329.28,True,True,0.0203,77510.0,0.1001,0.977,2413.42
2026-08-30T23:44:24Z,XRPUSDT,COOLING,SELL,14.47,0.0,14.47,2.22,0.74,121623.27,87486.91,True,False,-0.0481,77510.0,0.1001,1.002,1.3513
2026-08-30T23:44:25Z,HBARUSDT,COOLING,SELL,2.77,0.0,2.77,1.36,0.0,36851.19,19578.93,True,False,0.0,77510.0,0.1001,1.01,0.07358
2026-08-30T23:44:27Z,WUSDT,COOLING,NONE,0.0,0.0,0.0,18.84,12.18,15359.54,2101.49,True,False,0.061,77510.0,0.1001,0.931,0.009014
2026-08-30T23:44:56Z,BTCUSDT,COOLING,SELL,90.44,83.86,90.44,0.4,0.4,436611.81,482617.87,True,False,-0.0069,77493.8,-0.0209,0.943,77493.8
2026-08-30T23:44:57Z,ETHUSDT,IMPULSE,SELL,2.55,0.0,2.55,1.29,-0.21,276869.18,85817.62,True,False,0.0118,77493.8,-0.0209,1.0,2411.07
2026-08-30T23:44:59Z,XRPUSDT,COOLING,BUY,0.0,4.35,4.35,2.22,-0.0,86028.14,82435.18,True,False,0.0074,77493.8,-0.0209,1.006,1.3484
2026-08-30T23:45:00Z,HBARUSDT,COOLING,NONE,0.0,0.0,0.0,1.36,0.0,52948.9,34579.38,True,False,0.0,77493.8,-0.0209,1.021,0.07355
2026-08-30T23:45:02Z,WUSDT,COOLING,NONE,0.0,0.0,0.0,13.32,5.55,4949.72,3680.86,True,False,-0.0278,77493.8,-0.0209,1.032,0.00901
2026-08-30T23:45:33Z,BTCUSDT,COOLING,BUY,0.0,91.94,91.94,0.83,0.83,22852.62,488020.67,True,True,0.0236,77390.0,-0.1339,0.983,77390.0
2026-08-30T23:45:34Z,ETHUSDT,IMPULSE,BUY,0.01,35.13,35.13,0.54,-0.66,18373.32,223915.02,True,False,-0.0183,77390.0,-0.1339,0.975,2407.23
2026-08-30T23:45:37Z,XRPUSDT,COOLING,NONE,0.0,0.0,0.0,2.23,-1.49,70465.95,91454.77,True,False,0.0,77390.0,-0.1339,1.019,1.3459
2026-08-30T23:45:38Z,HBARUSDT,COOLING,SELL,5.36,0.0,5.36,4.09,1.36,45006.92,11224.92,True,False,-0.0068,77390.0,-0.1339,0.949,0.07355
2026-08-30T23:45:40Z,WUSDT,COOLING,BUY,0.0,33.49,33.49,15.63,-2.24,4849.57,4114.71,True,False,0.0223,77390.0,-0.1339,0.882,0.00897
2026-08-30T23:46:34Z,BTCUSDT,IMPULSE,NONE,0.0,0.0,0.0,0.63,0.63,22840.11,85514.52,True,False,-0.0062,77332.24,-0.0746,0.974,77332.24
2026-08-30T23:46:36Z,ETHUSDT,IMPULSE,SELL,79.31,40.21,79.31,0.62,-2.62,176215.12,155189.2,True,False,0.016,77332.24,-0.0746,0.985,2401.06
2026-08-30T23:46:38Z,XRPUSDT,COOLING,BUY,11.86,56.31,56.31,2.23,0.0,70977.17,49596.59,True,False,-0.0074,77332.24,-0.0746,0.924,1.3433
2026-08-30T23:46:40Z,HBARUSDT,COOLING,SELL,31.59,0.3,31.59,2.73,0.0,41451.77,9451.91,True,True,-0.0273,77332.24,-0.0746,2.007,0.07335
2026-08-30T23:46:42Z,WUSDT,COOLING,NONE,0.0,0.0,0.0,19.04,0.0,8965.49,3842.73,True,False,0.0,77332.24,-0.0746,1.085,0.008932
2026-08-30T23:47:11Z,BTCUSDT,IMPULSE,BUY,0.06,64.78,64.78,1.23,1.23,22803.94,542951.4,True,False,-0.0604,77286.43,-0.0592,1.009,77286.43
2026-08-30T23:47:13Z,ETHUSDT,IMPULSE,SELL,0.05,0.0,0.05,0.04,-1.21,18370.63,38953.69,True,False,-0.0061,77286.43,-0.0592,0.978,2397.68
2026-08-30T23:47:14Z,XRPUSDT,COOLING,NONE,0.0,0.0,0.0,2.99,-0.75,83041.82,58519.4,True,False,0.0336,77286.43,-0.0592,0.954,1.3405
2026-08-30T23:47:16Z,HBARUSDT,COOLING,NONE,0.0,0.0,0.0,4.1,2.74,9487.48,5304.24,True,False,-0.0,77286.43,-0.0592,0.904,0.07312
2026-08-30T23:47:17Z,WUSDT,COOLING,SELL,9.06,0.0,9.06,15.73,0.0,5870.35,2853.53,True,False,0.0,77286.43,-0.0592,0.901,0.008942
2026-08-30T23:48:26Z,BTCUSDT,IMPULSE,NONE,0.0,0.0,0.0,0.0,-0.0,22772.68,208425.56,True,False,0.0116,77188.92,-0.1262,0.962,77188.92
2026-08-30T23:48:27Z,ETHUSDT,IMPULSE,SELL,33.46,0.0,33.46,0.04,-0.08,36414.25,147234.88,True,False,-0.0004,77188.92,-0.1262,0.981,2393.82
2026-08-30T23:48:29Z,XRPUSDT,COOLING,NONE,0.0,0.0,0.0,2.24,-1.5,69340.67,62937.48,True,False,0.0299,77188.92,-0.1262,0.909,1.3389
2026-08-30T23:48:31Z,HBARUSDT,COOLING,NONE,0.0,0.0,0.0,1.37,0.0,16698.3,4162.83,True,False,0.0,77188.92,-0.1262,1.035,0.07316
2026-08-30T23:48:33Z,WUSDT,COOLING,NONE,0.0,0.0,0.0,6.75,-5.63,8774.27,3173.91,True,False,0.0281,77188.92,-0.1262,1.003,0.008887
2026-08-30T23:50:04Z,BTCUSDT,IMPULSE,BUY,0.0,54.51,54.51,0.0,-0.0,478126.76,22865.95,True,False,0.0123,77369.5,0.2339,1.384,77369.5
2026-08-30T23:50:06Z,ETHUSDT,IMPULSE,SELL,6.16,0.0,6.16,0.04,0.0,159245.19,12505.67,True,False,0.0,77369.5,0.2339,0.926,2402.64
2026-08-30T23:50:07Z,XRPUSDT,COOLING,BUY,50.75,53.94,53.94,3.72,-0.74,158864.58,106018.86,True,False,-0.0483,77369.5,0.2339,1.012,1.3452
2026-08-30T23:50:09Z,HBARUSDT,COOLING,NONE,0.0,0.0,0.0,1.36,0.0,15491.63,17782.36,True,False,0.0,77369.5,0.2339,1.017,0.07332
2026-08-30T23:50:10Z,WUSDT,COOLING,NONE,0.0,0.0,0.0,14.55,0.0,16807.23,1791.95,True,False,0.0,77369.5,0.2339,0.877,0.008911
2026-08-30T23:50:39Z,BTCUSDT,IMPULSE,SELL,38.3,7.69,38.3,0.0,0.0,511284.58,497496.03,True,True,0.0,77432.22,0.0811,1.008,77432.22
2026-08-30T23:50:41Z,ETHUSDT,IMPULSE,NONE,0.0,0.0,0.0,0.04,0.0,167506.28,149545.33,True,False,0.0,77432.22,0.0811,0.925,2404.69
2026-08-30T23:50:42Z,XRPUSDT,COOLING,SELL,4.32,0.0,4.32,2.22,0.74,82483.88,90365.96,True,False,0.0185,77432.22,0.0811,0.962,1.3477
2026-08-30T23:50:44Z,HBARUSDT,COOLING,NONE,0.0,0.0,0.0,1.36,0.0,7590.71,29799.45,True,False,0.0,77432.22,0.0811,1.046,0.07336
2026-08-30T23:50:45Z,WUSDT,COOLING,NONE,0.0,0.0,0.0,13.41,-10.05,18073.1,1755.24,True,False,-0.0503,77432.22,0.0811,0.983,0.008939
2026-08-30T23:52:02Z,BTCUSDT,IMPULSE,NONE,0.0,0.0,0.0,0.0,-1.29,22888.63,22897.16,True,False,0.0102,77509.63,0.1,0.932,77509.63
2026-08-30T23:52:04Z,ETHUSDT,IMPULSE,BUY,18.53,34.37,34.37,0.08,0.04,230971.79,18432.67,True,False,0.0122,77509.63,0.1,0.936,2407.87
2026-08-30T23:52:05Z,XRPUSDT,COOLING,SELL,23.72,0.0,23.72,2.22,-0.0,80390.0,41723.7,True,True,0.0148,77509.63,0.1,0.898,1.3499
2026-08-30T23:52:07Z,HBARUSDT,COOLING,SELL,68.68,0.0,68.68,1.36,0.0,34972.23,10073.27,True,False,0.0,77509.63,0.1,0.869,0.07334
2026-08-30T23:52:08Z,WUSDT,COOLING,SELL,0.01,0.0,0.01,11.15,-3.35,10076.4,2216.97,True,False,0.0167,77509.63,0.1,0.994,0.008941
2026-08-30T23:53:00Z,BTCUSDT,IMPULSE,BUY,0.0,1.51,1.51,0.18,-0.11,516621.98,537560.19,True,False,0.0001,77595.83,0.1112,0.992,77595.83
2026-08-30T23:53:02Z,ETHUSDT,IMPULSE,BUY,0.0,93.65,93.65,0.04,0.0,151647.8,140083.23,True,False,0.0,77595.83,0.1112,0.905,2415.64
2026-08-30T23:53:03Z,XRPUSDT,COOLING,NONE,0.0,0.0,0.0,2.21,1.47,91817.44,79002.88,True,False,-0.0074,77595.83,0.1112,0.945,1.3556
2026-08-30T23:53:05Z,HBARUSDT,COOLING,BUY,0.0,34.45,34.45,1.36,0.0,36149.54,26971.04,True,False,-0.0272,77595.83,0.1112,0.982,0.07339
2026-08-30T23:53:06Z,WUSDT,COOLING,NONE,0.0,0.0,0.0,17.8,-3.33,14596.53,1324.55,True,False,-0.0167,77595.83,0.1112,0.904,0.00898
2026-08-30T23:53:36Z,BTCUSDT,IMPULSE,SELL,17.28,8.33,17.28,0.08,-0.23,536949.15,532688.38,True,True,-0.0062,77563.63,-0.0415,0.91,77563.63
2026-08-30T23:53:37Z,ETHUSDT,IMPULSE,NONE,0.0,0.0,0.0,0.66,-0.62,79755.94,146041.58,True,False,-0.0035,77563.63,-0.0415,0.991,2413.18
2026-08-30T23:53:39Z,XRPUSDT,COOLING,NONE,0.0,0.0,0.0,2.21,-0.0,85675.71,71079.94,True,False,0.0148,77563.63,-0.0415,0.859,1.3547
2026-08-30T23:53:41Z,HBARUSDT,COOLING,BUY,32.5,67.2,67.2,1.36,0.0,47139.45,36093.14,True,False,-0.0136,77563.63,-0.0415,1.011,0.07341
2026-08-30T23:53:42Z,WUSDT,COOLING,NONE,0.0,0.0,0.0,15.57,0.0,24993.39,1426.69,True,False,0.0,77563.63,-0.0415,0.926,0.008991
2026-08-30T23:54:11Z,BTCUSDT,IMPULSE,SELL,0.01,0.0,0.01,0.0,0.0,22900.14,450923.18,True,False,0.0,77543.35,-0.0261,0.894,77543.35
2026-08-30T23:54:12Z,ETHUSDT,IMPULSE,SELL,2.55,0.0,2.55,0.41,-0.75,95774.3,144593.16,True,False,-0.0079,77543.35,-0.0261,0.949,2411.18
2026-08-30T23:54:14Z,XRPUSDT,COOLING,NONE,0.0,0.0,0.0,2.96,0.74,67709.35,47366.51,True,False,0.0037,77543.35,-0.0261,0.921,1.3524
2026-08-30T23:54:16Z,HBARUSDT,COOLING,NONE,0.0,0.0,0.0,4.1,0.0,36544.72,13857.77,True,False,0.0,77543.35,-0.0261,0.988,0.07328
2026-08-30T23:54:18Z,WUSDT,COOLING,NONE,0.0,0.0,0.0,16.74,0.0,10062.89,2284.01,True,False,0.0,77543.35,-0.0261,1.102,0.008965
2026-08-30T23:55:15Z,BTCUSDT,IMPULSE,BUY,0.0,8.15,8.15,0.25,-0.17,22905.18,491493.76,True,False,-0.0031,77566.89,0.0304,1.015,77566.89
2026-08-30T23:55:16Z,ETHUSDT,IMPULSE,BUY,0.0,9.19,9.19,0.41,-0.17,151984.02,171478.56,True,False,-0.0008,77566.89,0.0304,0.988,2413.85
2026-08-30T23:55:19Z,XRPUSDT,COOLING,BUY,0.0,6.78,6.78,1.47,0.0,82544.21,38102.03,True,False,0.0,77566.89,0.0304,0.997,1.3548
2026-08-30T23:55:20Z,HBARUSDT,COOLING,NONE,0.0,0.0,0.0,2.72,0.0,35052.2,32231.6,True,False,0.0,77566.89,0.0304,1.018,0.07335
2026-08-30T23:55:23Z,WUSDT,COOLING,NONE,0.0,0.0,0.0,16.68,-5.57,16780.19,2380.07,True,False,0.0278,77566.89,0.0304,0.974,0.008978
2026-08-30T23:55:51Z,BTCUSDT,IMPULSE,NONE,0.0,0.0,0.0,0.0,0.0,22918.46,22924.93,True,False,0.0,77605.03,0.0492,1.043,77605.03
2026-08-30T23:55:54Z,ETHUSDT,IMPULSE,SELL,2.96,0.13,2.96,0.04,-0.12,156663.9,157984.08,True,False,-0.0072,77605.03,0.0492,1.932,2416.71
2026-08-30T23:55:55Z,XRPUSDT,COOLING,NONE,0.0,0.0,0.0,2.95,0.0,94875.97,57552.17,True,False,0.0,77605.03,0.0492,0.943,1.3568
2026-08-30T23:55:57Z,HBARUSDT,COOLING,NONE,0.0,0.0,0.0,1.36,0.0,41764.46,18415.48,True,False,0.0,77605.03,0.0492,0.9,0.07342
2026-08-30T23:55:59Z,WUSDT,COOLING,NONE,0.0,0.0,0.0,15.58,3.34,11310.11,2423.24,True,False,-0.0167,77605.03,0.0492,0.915,0.008978
2026-08-30T23:56:28Z,BTCUSDT,IMPULSE,SELL,3.42,0.0,3.42,0.0,-0.0,549049.71,4014.59,True,False,0.0025,77622.99,0.0231,0.894,77622.99
2026-08-30T23:56:30Z,ETHUSDT,IMPULSE,BUY,0.0,27.7,27.7,0.21,0.17,156522.41,220203.89,True,False,-0.0008,77622.99,0.0231,1.007,2415.95
2026-08-30T23:56:31Z,XRPUSDT,COOLING,NONE,0.0,0.0,0.0,2.21,0.74,55799.51,38528.15,True,False,-0.0479,77622.99,0.0231,1.045,1.3581
2026-08-30T23:56:33Z,HBARUSDT,COOLING,NONE,0.0,0.0,0.0,1.36,0.0,40430.11,29367.36,True,False,0.0,77622.99,0.0231,0.98,0.07334
2026-08-30T23:56:35Z,WUSDT,COOLING,NONE,0.0,0.0,0.0,17.78,0.0,17872.98,5376.09,True,False,0.0,77622.99,0.0231,0.924,0.008988
2026-08-30T23:57:27Z,BTCUSDT,IMPULSE,SELL,0.02,0.0,0.02,0.0,0.0,22943.93,456742.04,True,False,-0.0208,77717.7,0.122,1.004,77717.7
2026-08-30T23:58:08Z,ETHUSDT,IMPULSE,SELL,6.28,0.41,6.28,0.04,-0.0,158294.67,157257.94,True,False,0.0037,77717.7,0.122,0.97,2419.41
2026-08-30T23:58:11Z,XRPUSDT,COOLING,NONE,0.0,0.0,0.0,2.21,-0.73,80530.51,39241.44,True,False,-0.0404,77717.7,0.122,1.96,1.3614
2026-08-30T23:58:12Z,HBARUSDT,COOLING,NONE,0.0,0.0,0.0,1.36,0.0,36926.32,16581.75,True,False,0.0,77717.7,0.122,1.019,0.07352
2026-08-30T23:58:14Z,WUSDT,COOLING,NONE,0.0,0.0,0.0,16.6,0.0,16614.99,3133.64,True,False,0.0,77717.7,0.122,0.966,0.009018
2026-08-30T23:58:45Z,BTCUSDT,IMPULSE,SELL,9.74,5.05,9.74,0.01,-0.02,539942.79,520669.59,True,False,-0.0016,77679.16,-0.0496,0.851,77679.16
2026-08-30T23:58:47Z,ETHUSDT,IMPULSE,SELL,12.62,3.09,12.62,0.62,-0.21,178402.99,147287.19,True,False,-0.0151,77679.16,-0.0496,0.901,2418.43
2026-08-30T23:58:49Z,XRPUSDT,COOLING,SELL,2.79,0.0,2.79,2.21,-0.0,83450.44,47752.54,True,False,0.0074,77679.16,-0.0496,1.875,1.3602
2026-08-30T23:58:51Z,HBARUSDT,COOLING,NONE,0.0,0.0,0.0,1.36,0.0,33567.76,15245.0,True,False,0.0,77679.16,-0.0496,0.902,0.07352
2026-08-30T23:58:52Z,WUSDT,COOLING,NONE,0.0,0.0,0.0,15.51,0.0,16171.89,2067.64,True,False,0.0,77679.16,-0.0496,0.921,0.009018
2026-08-30T23:59:21Z,BTCUSDT,IMPULSE,SELL,98.56,86.96,98.56,0.0,0.0,502446.92,471027.01,True,True,-0.0166,77712.9,0.0434,0.927,77712.9
2026-08-30T23:59:22Z,ETHUSDT,IMPULSE,BUY,0.0,7.99,7.99,0.66,0.41,156442.28,158497.67,True,False,-0.0017,77712.9,0.0434,0.883,2419.41
2026-08-30T23:59:24Z,XRPUSDT,COOLING,NONE,0.0,0.0,0.0,1.47,-0.74,75197.7,74756.59,True,False,0.0037,77712.9,0.0434,0.905,1.3596
2026-08-30T23:59:25Z,HBARUSDT,COOLING,NONE,0.0,0.0,0.0,1.36,0.0,50158.8,28668.87,True,False,0.0,77712.9,0.0434,0.902,0.07355
2026-08-30T23:59:27Z,WUSDT,COOLING,NONE,0.0,0.0,0.0,15.51,0.0,16610.65,2970.18,True,False,0.0,77712.9,0.0434,0.863,0.009035
2026-08-31T00:01:40Z,BTCUSDT,IMPULSE,SELL,83.92,0.0,83.92,0.14,0.14,329544.85,503788.25,True,False,-0.0022,77616.14,-0.1245,0.875,77616.14
2026-08-31T00:01:43Z,ETHUSDT,IMPULSE,NONE,0.0,0.0,0.0,0.66,-0.46,149948.12,98375.42,True,False,-0.0197,77616.14,-0.1245,1.918,2414.28
2026-08-31T00:02:25Z,XRPUSDT,COOLING,SELL,10.62,0.0,10.62,2.21,-1.47,122754.63,57995.53,True,False,-0.0221,77616.14,-0.1245,0.877,1.3551
2026-08-31T00:02:26Z,HBARUSDT,COOLING,NONE,0.0,0.0,0.0,1.36,-0.0,13751.66,15713.9,True,False,0.0272,77616.14,-0.1245,0.906,0.07352
2026-08-31T00:02:28Z,WUSDT,COOLING,NONE,0.0,0.0,0.0,17.7,0.0,16037.46,4033.94,True,False,0.0,77616.14,-0.1245,0.889,0.00903
2026-08-31T00:02:58Z,BTCUSDT,IMPULSE,NONE,0.0,0.0,0.0,0.0,0.0,22953.03,22960.72,True,False,0.0,77730.8,0.1477,0.879,77730.8
2026-08-31T00:02:59Z,ETHUSDT,IMPULSE,SELL,72.03,0.0,72.03,0.74,0.58,152732.42,147324.11,True,True,-0.0546,77730.8,0.1477,0.914,2418.34
2026-08-31T00:03:01Z,XRPUSDT,COOLING,BUY,4.76,27.35,27.35,2.95,-0.0,55095.31,76690.96,True,False,0.0147,77730.8,0.1477,0.9,1.3583
2026-08-31T00:03:02Z,HBARUSDT,COOLING,BUY,0.0,30.5,30.5,1.36,0.0,16237.54,33541.14,True,False,0.0,77730.8,0.1477,0.874,0.07361
2026-08-31T00:03:03Z,WUSDT,COOLING,BUY,0.0,25.95,25.95,17.65,3.31,5427.59,3852.05,True,True,-0.0165,77730.8,0.1477,0.882,0.00903
2026-08-31T00:03:32Z,BTCUSDT,IMPULSE,NONE,0.0,0.0,0.0,0.0,-0.29,78863.16,452928.39,True,False,-0.0035,77773.17,0.0545,0.912,77773.17
2026-08-31T00:04:13Z,ETHUSDT,IMPULSE,SELL,2.28,0.0,2.28,0.83,0.79,159639.51,153567.59,True,False,0.0362,77773.17,0.0545,0.928,2419.68
2026-08-31T00:04:15Z,XRPUSDT,COOLING,NONE,0.0,0.0,0.0,3.67,1.47,82185.78,38346.83,True,False,0.0073,77773.17,0.0545,0.886,1.3608
2026-08-31T00:04:16Z,HBARUSDT,COOLING,NONE,0.0,0.0,0.0,1.36,0.0,38228.68,14502.31,True,False,0.0,77773.17,0.0545,0.843,0.07371
2026-08-31T00:04:18Z,WUSDT,COOLING,NONE,0.0,0.0,0.0,15.44,0.0,16479.69,3852.05,True,False,0.0,77773.17,0.0545,0.917,0.009057
2026-08-31T00:05:09Z,ETHUSDT,IMPULSE,BUY,0.0,0.49,0.49,0.12,-0.37,165938.84,151918.68,True,False,0.0039,77804.18,0.0399,0.888,2421.78
2026-08-31T00:05:10Z,XRPUSDT,COOLING,SELL,19.82,0.0,19.82,2.94,0.74,93394.91,75943.35,True,False,-0.0184,77804.18,0.0399,0.905,1.3614
2026-08-31T00:05:12Z,HBARUSDT,COOLING,BUY,0.0,68.02,68.02,1.35,0.0,34302.49,34040.51,True,False,0.0,77804.18,0.0399,0.921,0.07368
2026-08-31T00:05:13Z,WUSDT,COOLING,NONE,0.0,0.0,0.0,11.01,-1.1,16209.08,2275.12,True,False,0.0055,77804.18,0.0399,0.883,0.009073
2026-08-31T00:05:15Z,REDUSDT,COOLING,NONE,0.0,0.0,0.0,20.27,0.0,6286.7,5385.81,True,False,0.0,77804.18,0.0399,0.927,0.10844
2026-08-31T00:05:47Z,ETHUSDT,IMPULSE,NONE,0.0,0.0,0.0,0.04,0.0,157741.25,148287.96,True,False,-0.0165,77770.25,-0.0436,1.926,2420.59
2026-08-31T00:05:50Z,XRPUSDT,COOLING,BUY,0.0,36.45,36.45,2.2,0.0,84806.51,95856.41,True,False,0.0,77770.25,-0.0436,0.976,1.3607
2026-08-31T00:05:52Z,HBARUSDT,COOLING,NONE,0.0,0.0,0.0,1.35,0.0,40212.81,32685.56,True,False,0.0,77770.25,-0.0436,0.981,0.0738
2026-08-31T00:06:33Z,WUSDT,COOLING,BUY,0.0,4.04,4.04,9.92,-11.01,8755.29,3551.29,True,False,-0.0551,77770.25,-0.0436,0.878,0.009091
2026-08-31T00:06:35Z,REDUSDT,COOLING,NONE,0.0,0.0,0.0,20.32,0.0,5428.46,5505.69,True,False,0.0,77770.25,-0.0436,0.862,0.10845
2026-08-31T00:07:03Z,ETHUSDT,IMPULSE,NONE,0.0,0.0,0.0,1.49,1.32,154157.29,152229.64,True,False,-0.0074,77590.9,-0.2306,0.902,2417.03
2026-08-31T00:07:05Z,XRPUSDT,COOLING,NONE,0.0,0.0,0.0,2.21,-0.74,56422.32,89807.74,True,False,-0.0037,77590.9,-0.2306,0.929,1.3587
2026-08-31T00:07:06Z,HBARUSDT,COOLING,NONE,0.0,0.0,0.0,1.36,0.0,48832.48,14380.31,True,False,0.0,77590.9,-0.2306,0.918,0.07377
2026-08-31T00:07:08Z,WUSDT,COOLING,NONE,0.0,0.0,0.0,19.87,0.0,8875.68,2298.64,True,False,0.0,77590.9,-0.2306,0.921,0.00907
2026-08-31T00:07:10Z,REDUSDT,COOLING,NONE,0.0,0.0,0.0,12.02,0.0,6429.75,5601.47,True,False,0.0,77590.9,-0.2306,0.879,0.10838
2026-08-31T00:08:07Z,BTCUSDT,IMPULSE,SELL,96.0,0.0,96.0,0.0,0.0,517749.81,22902.52,True,False,-0.0253,77538.41,-0.0676,0.996,77538.41
2026-08-31T00:08:09Z,ETHUSDT,IMPULSE,BUY,0.0,4.49,4.49,1.74,0.91,36460.67,154464.75,True,False,-0.0087,77538.41,-0.0676,1.042,2412.65
2026-08-31T00:08:51Z,XRPUSDT,COOLING,SELL,17.51,0.0,17.51,2.21,0.0,106204.28,72709.72,True,False,0.0,77538.41,-0.0676,0.99,1.3537
2026-08-31T00:08:52Z,HBARUSDT,COOLING,SELL,3.98,0.0,3.98,2.72,1.36,35887.76,37216.59,True,False,0.0204,77538.41,-0.0676,0.884,0.07359
2026-08-31T00:09:34Z,WUSDT,COOLING,NONE,0.0,0.0,0.0,14.42,0.0,11380.34,2719.05,True,False,0.0,77538.41,-0.0676,1.024,0.009021
2026-08-31T00:10:43Z,BTCUSDT,IMPULSE,BUY,0.0,0.98,0.98,0.0,0.0,43731.25,502228.45,True,False,0.0,77459.87,-0.1013,0.994,77459.87
2026-08-31T00:10:46Z,ETHUSDT,IMPULSE,BUY,0.0,0.6,0.6,0.42,-0.41,150130.15,152704.76,True,False,-0.0224,77459.87,-0.1013,2.058,2408.96
2026-08-31T00:11:27Z,XRPUSDT,COOLING,BUY,0.0,0.51,0.51,2.21,1.47,86997.13,93442.11,True,False,0.2882,77459.87,-0.1013,40.995,1.3536
2026-08-31T00:11:29Z,HBARUSDT,COOLING,NONE,0.0,0.0,0.0,1.36,0.0,40069.51,12834.86,True,False,0.0,77459.87,-0.1013,0.932,0.0735
2026-08-31T00:11:30Z,WUSDT,COOLING,NONE,0.0,0.0,0.0,12.15,0.0,10545.9,2224.81,True,False,0.0,77459.87,-0.1013,1.056,0.009041
2026-08-31T00:12:00Z,BTCUSDT,IMPULSE,SELL,13.14,3.67,13.14,0.0,0.0,600981.34,531026.5,True,False,0.0,77639.99,0.2325,0.981,77639.99
2026-08-31T00:12:02Z,ETHUSDT,IMPULSE,SELL,18.65,13.15,18.65,0.04,0.0,313201.04,90210.3,True,False,0.0,77639.99,0.2325,1.369,2416.42
2026-08-31T00:12:03Z,XRPUSDT,COOLING,NONE,0.0,0.0,0.0,2.21,0.0,51430.01,57739.23,True,False,0.0,77639.99,0.2325,0.945,1.3573
2026-08-31T00:12:05Z,HBARUSDT,COOLING,SELL,8.56,0.0,8.56,1.36,0.0,42241.93,31517.86,True,False,-0.0136,77639.99,0.2325,0.999,0.0735
2026-08-31T00:12:06Z,WUSDT,COOLING,NONE,0.0,0.0,0.0,13.25,-1.1,10545.9,2289.68,True,False,-0.0055,77639.99,0.2325,0.964,0.009053
2026-08-31T00:14:17Z,BTCUSDT,IMPULSE,NONE,0.0,0.0,0.0,0.0,0.0,498964.38,154681.43,True,False,0.0,77746.06,0.1366,1.088,77746.06
2026-08-31T00:14:19Z,ETHUSDT,IMPULSE,BUY,0.0,5.72,5.72,0.04,-0.12,140290.51,147924.73,True,False,0.0002,77746.06,0.1366,0.877,2421.17
2026-08-31T00:14:20Z,XRPUSDT,COOLING,NONE,0.0,0.0,0.0,2.21,-0.74,79034.48,109244.38,True,False,0.011,77746.06,0.1366,1.023,1.3587
2026-08-31T00:14:22Z,HBARUSDT,COOLING,NONE,0.0,0.0,0.0,1.35,0.0,31069.14,40884.48,True,False,0.0,77746.06,0.1366,0.937,0.07374
2026-08-31T00:15:04Z,WUSDT,COOLING,NONE,0.0,0.0,0.0,14.29,0.0,15058.08,3260.34,True,False,0.0,77746.06,0.1366,1.008,0.009087
2026-08-31T00:15:34Z,BTCUSDT,IMPULSE,NONE,0.0,0.0,0.0,0.0,-0.16,5568.41,481565.37,True,False,0.0001,77732.33,-0.0177,2.081,77732.33
2026-08-31T00:15:35Z,ETHUSDT,IMPULSE,BUY,0.79,6.54,6.54,1.16,-0.74,157257.52,165324.32,True,False,-0.0037,77732.33,-0.0177,1.016,2419.38
2026-08-31T00:15:36Z,XRPUSDT,COOLING,SELL,46.65,43.02,46.65,0.74,-1.47,81081.31,77206.58,True,True,0.0294,77732.33,-0.0177,0.862,1.3578
2026-08-31T00:15:38Z,HBARUSDT,COOLING,NONE,0.0,0.0,0.0,5.42,4.06,39206.97,34700.25,True,False,0.0203,77732.33,-0.0177,1.05,0.07381
2026-08-31T00:15:40Z,WUSDT,COOLING,NONE,0.0,0.0,0.0,7.7,-2.2,9695.06,2512.09,True,False,0.011,77732.33,-0.0177,0.881,0.00909
2026-08-31T00:16:08Z,BTCUSDT,IMPULSE,SELL,109.14,30.68,109.14,0.84,0.5,543352.91,540097.48,True,False,-0.0148,77810.0,0.0999,0.878,77810.0
2026-08-31T00:16:10Z,ETHUSDT,IMPULSE,BUY,0.0,7.08,7.08,1.44,-0.25,141569.49,106963.34,True,False,0.021,77810.0,0.0999,1.962,2423.3
2026-08-31T00:16:12Z,XRPUSDT,COOLING,SELL,20.6,0.0,20.6,2.94,0.73,78750.47,110133.99,True,True,0.0037,77810.0,0.0999,1.025,1.3607
2026-08-31T00:16:14Z,HBARUSDT,COOLING,NONE,0.0,0.0,0.0,1.35,0.0,33762.25,18502.82,True,False,0.0,77810.0,0.0999,1.99,0.07384
2026-08-31T00:16:17Z,WUSDT,COOLING,NONE,0.0,0.0,0.0,10.99,0.0,16718.87,2528.92,True,False,0.0,77810.0,0.0999,1.898,0.00909
2026-08-31T00:17:46Z,ETHUSDT,IMPULSE,BUY,0.0,25.62,25.62,0.04,0.0,155707.39,307763.89,True,False,0.0,77896.69,0.1114,1.007,2428.13
2026-08-31T00:17:48Z,XRPUSDT,COOLING,BUY,0.0,0.11,0.11,2.94,0.0,69967.3,74527.77,True,False,0.0,77896.69,0.1114,0.878,1.3623
2026-08-31T00:17:49Z,HBARUSDT,COOLING,NONE,0.0,0.0,0.0,1.35,0.0,41675.55,17706.55,True,False,0.0,77896.69,0.1114,0.881,0.07392
2026-08-31T00:17:51Z,WUSDT,COOLING,NONE,0.0,0.0,0.0,14.28,0.0,15113.82,2537.78,True,False,0.0,77896.69,0.1114,0.91,0.009112
2026-08-31T00:17:53Z,REDUSDT,COOLING,NONE,0.0,0.0,0.0,11.87,0.0,6516.85,3179.2,True,False,0.0,77896.69,0.1114,0.865,0.10962
2026-08-31T00:18:24Z,ETHUSDT,IMPULSE,NONE,0.0,0.0,0.0,0.04,0.0,145746.95,145376.17,True,False,0.0,77875.12,-0.0277,0.899,2428.26
2026-08-31T00:18:25Z,XRPUSDT,COOLING,NONE,0.0,0.0,0.0,2.93,0.73,50933.82,70205.31,True,False,0.0183,77875.12,-0.0277,0.917,1.3624
2026-08-31T00:18:27Z,HBARUSDT,COOLING,NONE,0.0,0.0,0.0,2.71,1.35,39880.48,19259.79,True,False,0.0068,77875.12,-0.0277,0.933,0.07388
2026-08-31T00:18:28Z,WUSDT,COOLING,NONE,0.0,0.0,0.0,10.98,0.0,15113.82,2537.78,True,False,0.0,77875.12,-0.0277,1.002,0.009109
2026-08-31T00:18:30Z,REDUSDT,COOLING,NONE,0.0,0.0,0.0,11.87,0.0,6516.85,3179.2,True,False,0.0,77875.12,-0.0277,0.863,0.10953
2026-08-31T00:18:58Z,ETHUSDT,IMPULSE,BUY,0.0,34.67,34.67,0.95,0.91,159456.71,217568.75,True,False,0.0045,77886.21,0.0142,1.0,2427.47
2026-08-31T00:19:00Z,XRPUSDT,COOLING,NONE,0.0,0.0,0.0,0.73,-1.47,78484.22,90426.86,True,False,-0.0073,77886.21,0.0142,0.942,1.3631
2026-08-31T00:19:01Z,HBARUSDT,COOLING,NONE,0.0,0.0,0.0,1.35,0.0,37568.38,24420.84,True,False,0.0,77886.21,0.0142,0.993,0.07388
2026-08-31T00:19:03Z,WUSDT,COOLING,NONE,0.0,0.0,0.0,13.17,0.0,16636.3,2996.02,True,False,0.0,77886.21,0.0142,0.891,0.009109
2026-08-31T00:19:05Z,REDUSDT,COOLING,NONE,0.0,0.0,0.0,11.89,-0.92,5261.06,7308.29,True,False,0.0046,77886.21,0.0142,0.911,0.10949
2026-08-31T00:22:02Z,ETHUSDT,IMPULSE,SELL,20.81,0.0,20.81,0.86,-0.25,184774.95,144932.7,True,False,-0.0037,77920.3,0.0438,1.005,2429.21
2026-08-31T00:22:05Z,XRPUSDT,COOLING,SELL,21.0,10.26,21.0,2.93,0.73,79453.32,97371.56,True,True,-0.0183,77920.3,0.0438,1.101,1.3632
2026-08-31T00:22:08Z,HBARUSDT,COOLING,BUY,8.84,55.3,55.3,1.35,0.0,41775.01,39285.01,True,False,-0.0135,77920.3,0.0438,1.06,0.07395
2026-08-31T00:22:11Z,WUSDT,COOLING,NONE,0.0,0.0,0.0,15.39,0.0,8371.11,2747.62,True,False,0.0,77920.3,0.0438,1.92,0.009093
2026-08-31T00:22:13Z,REDUSDT,COOLING,NONE,0.0,0.0,0.0,11.83,0.0,6802.58,2417.1,True,False,0.0,77920.3,0.0438,0.846,0.10988
2026-08-31T00:23:26Z,ETHUSDT,IMPULSE,NONE,0.0,0.0,0.0,0.04,-0.82,148564.82,156340.5,True,False,-0.0062,77960.0,0.0509,2.012,2429.56
2026-08-31T00:23:28Z,XRPUSDT,COOLING,BUY,0.0,12.9,12.9,2.2,-0.0,82419.56,92098.29,True,False,0.0147,77960.0,0.0509,1.366,1.3635
2026-08-31T00:23:30Z,HBARUSDT,COOLING,NONE,0.0,0.0,0.0,1.35,0.0,42885.31,29307.31,True,False,0.0,77960.0,0.0509,0.904,0.07394
2026-08-31T00:23:34Z,WUSDT,COOLING,NONE,0.0,0.0,0.0,13.18,4.39,11155.14,2747.62,True,False,0.022,77960.0,0.0509,2.018,0.009095
2026-08-31T00:23:35Z,REDUSDT,COOLING,NONE,0.0,0.0,0.0,20.93,0.0,6183.97,5435.6,True,False,0.0,77960.0,0.0509,0.926,0.1099
2026-08-31T00:24:03Z,ETHUSDT,IMPULSE,SELL,9.44,0.0,9.44,0.04,-0.16,157018.62,193204.31,True,False,-0.0008,77966.0,0.0077,0.906,2431.69
2026-08-31T00:24:05Z,XRPUSDT,COOLING,NONE,0.0,0.0,0.0,1.47,0.73,70849.39,80894.29,True,False,-0.0037,77966.0,0.0077,0.994,1.365
2026-08-31T00:24:06Z,HBARUSDT,COOLING,NONE,0.0,0.0,0.0,1.35,0.0,44098.78,26560.64,True,False,0.0,77966.0,0.0077,0.944,0.07395
2026-08-31T00:24:08Z,WUSDT,COOLING,SELL,12.45,0.0,12.45,23.08,0.0,11142.74,2733.39,True,False,0.0,77966.0,0.0077,0.855,0.009102
2026-08-31T00:24:10Z,REDUSDT,COOLING,NONE,0.0,0.0,0.0,11.83,0.0,6734.86,5435.6,True,False,0.0,77966.0,0.0077,1.032,0.10991
2026-08-31T00:26:30Z,ETHUSDT,IMPULSE,BUY,0.0,2.73,2.73,0.82,0.04,142527.29,157829.52,True,False,0.0027,77901.7,-0.0825,0.977,2429.92
2026-08-31T00:26:31Z,XRPUSDT,COOLING,NONE,0.0,0.0,0.0,1.47,0.73,97132.73,87381.4,True,False,0.0037,77901.7,-0.0825,1.065,1.3628
2026-08-31T00:26:33Z,HBARUSDT,COOLING,SELL,14.26,0.0,14.26,1.35,0.0,45353.7,25028.47,True,False,-0.0135,77901.7,-0.0825,0.931,0.07399
2026-08-31T00:26:34Z,WUSDT,COOLING,SELL,4.93,0.0,4.93,20.88,1.1,10439.93,2509.41,True,False,-0.0055,77901.7,-0.0825,0.938,0.009111
2026-08-31T00:26:36Z,REDUSDT,COOLING,NONE,0.0,0.0,0.0,12.76,0.0,6154.17,7364.62,True,False,0.0,77901.7,-0.0825,0.999,0.10987
2026-08-31T00:27:45Z,ETHUSDT,IMPULSE,BUY,0.0,8.33,8.33,0.04,0.0,143425.03,157354.51,True,False,0.0,77910.4,0.0112,0.96,2429.98
2026-08-31T00:27:47Z,XRPUSDT,COOLING,BUY,0.0,0.07,0.07,2.2,0.0,99278.85,85407.64,True,False,-0.0073,77910.4,0.0112,0.901,1.3631
2026-08-31T00:27:48Z,HBARUSDT,COOLING,NONE,0.0,0.0,0.0,1.35,0.0,42790.16,30118.54,True,False,0.0,77910.4,0.0112,0.933,0.074
2026-08-31T00:27:50Z,WUSDT,COOLING,NONE,0.0,0.0,0.0,14.28,0.0,11155.14,2595.65,True,False,0.0,77910.4,0.0112,0.989,0.009108
2026-08-31T00:27:52Z,REDUSDT,COOLING,NONE,0.0,0.0,0.0,12.76,0.0,6154.17,7152.63,True,False,0.0,77910.4,0.0112,0.938,0.10978
2026-08-31T00:28:20Z,ETHUSDT,IMPULSE,NONE,0.0,0.0,0.0,0.29,0.25,150933.17,149363.59,True,False,-0.0111,77896.67,-0.0176,0.883,2429.81
2026-08-31T00:28:21Z,XRPUSDT,COOLING,NONE,0.0,0.0,0.0,2.2,0.0,100877.57,111002.72,True,False,0.0,77896.67,-0.0176,0.918,1.3625
2026-08-31T00:28:23Z,HBARUSDT,COOLING,NONE,0.0,0.0,0.0,1.35,0.0,45505.37,32232.25,True,False,0.0,77896.67,-0.0176,0.94,0.074
2026-08-31T00:28:25Z,WUSDT,COOLING,NONE,0.0,0.0,0.0,13.18,0.0,10451.57,3053.94,True,False,0.0,77896.67,-0.0176,1.011,0.009097
2026-08-31T00:28:26Z,REDUSDT,COOLING,NONE,0.0,0.0,0.0,10.03,0.0,5985.89,2590.86,True,False,0.0,77896.67,-0.0176,0.923,0.10974
2026-08-31T00:29:58Z,ETHUSDT,IMPULSE,NONE,0.0,0.0,0.0,0.04,0.0,193129.51,148020.91,True,False,0.0,77902.21,0.0071,0.925,2430.62
2026-08-31T00:29:59Z,XRPUSDT,COOLING,NONE,0.0,0.0,0.0,2.2,-0.73,111151.06,98653.94,True,False,0.0037,77902.21,0.0071,0.996,1.3625
2026-08-31T00:30:01Z,HBARUSDT,COOLING,NONE,0.0,0.0,0.0,1.35,0.0,44756.29,28187.55,True,False,0.0,77902.21,0.0071,1.003,0.07398
2026-08-31T00:30:03Z,WUSDT,COOLING,NONE,0.0,0.0,0.0,15.37,0.0,11330.41,2939.97,True,False,0.0,77902.21,0.0071,0.955,0.009115
2026-08-31T00:30:06Z,REDUSDT,COOLING,NONE,0.0,0.0,0.0,10.03,0.0,5985.89,6010.34,True,False,0.0,77902.21,0.0071,1.001,0.10968
2026-08-31T00:30:35Z,ETHUSDT,IMPULSE,BUY,0.0,1.95,1.95,0.49,0.45,145826.17,154560.7,True,False,-0.0039,77896.91,-0.0068,0.98,2429.32
2026-08-31T00:30:37Z,XRPUSDT,COOLING,NONE,0.0,0.0,0.0,1.47,0.0,74933.76,83719.67,True,False,0.0,77896.91,-0.0068,0.959,1.3624
2026-08-31T00:30:38Z,HBARUSDT,COOLING,NONE,0.0,0.0,0.0,1.35,0.0,39442.07,18962.95,True,False,0.0,77896.91,-0.0068,0.927,0.07395
2026-08-31T00:30:40Z,WUSDT,COOLING,NONE,0.0,0.0,0.0,15.38,0.0,11330.41,2939.97,True,False,0.0,77896.91,-0.0068,0.892,0.009115
2026-08-31T00:30:41Z,REDUSDT,COOLING,NONE,0.0,0.0,0.0,14.62,0.0,5970.64,5902.1,True,False,0.0,77896.91,-0.0068,0.88,0.10968
2026-08-31T00:31:11Z,ETHUSDT,IMPULSE,SELL,5.05,4.78,5.05,0.08,-0.29,159138.0,158115.78,True,False,0.0068,77901.53,0.0059,0.985,2429.0
2026-08-31T00:31:13Z,XRPUSDT,COOLING,NONE,0.0,0.0,0.0,1.47,-0.73,90931.11,88015.87,True,False,-0.0037,77901.53,0.0059,0.924,1.3623
2026-08-31T00:31:14Z,HBARUSDT,COOLING,NONE,0.0,0.0,0.0,1.35,0.0,49286.09,28711.76,True,False,0.0,77901.53,0.0059,0.925,0.07394
2026-08-31T00:31:16Z,WUSDT,COOLING,NONE,0.0,0.0,0.0,16.47,0.0,11330.41,2939.97,True,False,0.0,77901.53,0.0059,0.939,0.009106
2026-08-31T00:31:18Z,REDUSDT,COOLING,NONE,0.0,0.0,0.0,11.87,0.0,6209.25,2461.07,True,False,0.0,77901.53,0.0059,0.972,0.10968
2026-08-31T00:32:14Z,ETHUSDT,IMPULSE,NONE,0.0,0.0,0.0,0.37,0.0,147015.8,144554.73,True,False,-0.0004,77956.96,0.0712,0.898,2431.31
2026-08-31T00:32:16Z,XRPUSDT,COOLING,SELL,35.61,0.0,35.61,2.2,-1.47,102677.6,97901.28,True,False,-0.0147,77956.96,0.0712,0.905,1.3639
2026-08-31T00:32:17Z,HBARUSDT,COOLING,BUY,0.0,9.83,9.83,4.05,1.35,30716.62,36949.47,True,False,-0.0068,77956.96,0.0712,0.995,0.07404
2026-08-31T00:32:20Z,WUSDT,COOLING,NONE,0.0,0.0,0.0,10.93,0.0,10492.85,7535.27,True,False,0.0,77956.96,0.0712,0.868,0.009135
2026-08-31T00:32:22Z,REDUSDT,COOLING,NONE,0.0,0.0,0.0,10.03,0.0,6418.22,1339.13,True,False,0.0,77956.96,0.0712,0.863,0.10965
2026-08-31T00:32:50Z,ETHUSDT,IMPULSE,SELL,6.88,0.0,6.88,0.86,-0.16,163939.37,155691.05,True,False,-0.0025,77944.99,-0.0154,0.989,2430.5
2026-08-31T00:32:52Z,XRPUSDT,COOLING,SELL,27.88,0.0,27.88,2.2,-0.73,102903.28,96721.88,True,True,-0.011,77944.99,-0.0154,0.994,1.364
2026-08-31T00:32:54Z,HBARUSDT,COOLING,NONE,0.0,0.0,0.0,1.35,0.0,42837.23,31960.23,True,False,0.0,77944.99,-0.0154,0.986,0.07398
2026-08-31T00:32:55Z,WUSDT,COOLING,NONE,0.0,0.0,0.0,17.48,0.0,23310.49,3017.91,True,False,0.0,77944.99,-0.0154,0.9,0.009143
2026-08-31T00:32:57Z,REDUSDT,COOLING,NONE,0.0,0.0,0.0,10.03,0.0,6396.55,2929.29,True,False,0.0,77944.99,-0.0154,0.993,0.10964
2026-08-31T00:33:25Z,ETHUSDT,IMPULSE,NONE,0.0,0.0,0.0,0.04,-0.66,175532.59,143152.8,True,False,0.0049,77946.66,0.0021,0.947,2430.5
2026-08-31T00:33:27Z,XRPUSDT,COOLING,NONE,0.0,0.0,0.0,1.47,0.0,96918.37,108833.72,True,False,0.0,77946.66,0.0021,0.889,1.3635
2026-08-31T00:33:28Z,HBARUSDT,COOLING,NONE,0.0,0.0,0.0,1.35,0.0,33536.42,29859.88,True,False,0.0,77946.66,0.0021,0.876,0.07398
2026-08-31T00:33:30Z,WUSDT,COOLING,BUY,0.0,37.95,37.95,17.5,1.09,21547.11,4524.09,True,False,-0.0055,77946.66,0.0021,0.877,0.009143
2026-08-31T00:33:32Z,REDUSDT,COOLING,NONE,0.0,0.0,0.0,10.03,0.0,2371.81,2929.29,True,False,0.0,77946.66,0.0021,0.973,0.10965
2026-08-31T00:35:46Z,ETHUSDT,IMPULSE,SELL,2.73,0.0,2.73,0.04,0.0,153131.45,234429.2,True,False,0.0,78092.38,0.1869,1.014,2435.0
2026-08-31T00:35:48Z,XRPUSDT,COOLING,SELL,27.85,0.0,27.85,1.46,-0.73,108564.05,56841.07,True,False,-0.0037,78092.38,0.1869,0.968,1.3663
2026-08-31T00:35:49Z,HBARUSDT,COOLING,NONE,0.0,0.0,0.0,2.7,0.0,39540.73,24710.48,True,False,0.0,78092.38,0.1869,0.938,0.07415
2026-08-31T00:35:51Z,WUSDT,COOLING,NONE,0.0,0.0,0.0,11.99,0.0,15319.78,4992.93,True,False,0.0,78092.38,0.1869,0.969,0.009183
2026-08-31T00:35:52Z,REDUSDT,COOLING,NONE,0.0,0.0,0.0,10.0,0.0,7283.06,4740.1,True,False,0.0,78092.38,0.1869,1.007,0.11005
2026-08-31T00:36:25Z,ETHUSDT,IMPULSE,BUY,0.0,0.61,0.61,0.04,0.0,214886.7,150622.34,True,False,0.0,78092.38,0.0,0.929,2435.86
2026-08-31T00:36:26Z,XRPUSDT,COOLING,SELL,12.96,0.55,12.96,0.73,-0.0,70077.91,109638.64,True,False,0.0073,78092.38,0.0,0.92,1.3686
2026-08-31T00:36:28Z,HBARUSDT,COOLING,NONE,0.0,0.0,0.0,1.35,0.0,17265.22,36062.52,True,False,0.0,78092.38,0.0,0.992,0.07416
2026-08-31T00:36:30Z,WUSDT,COOLING,NONE,0.0,0.0,0.0,5.45,0.0,12164.19,4464.15,True,False,0.0,78092.38,0.0,1.056,0.009173
2026-08-31T00:36:32Z,REDUSDT,COOLING,NONE,0.0,0.0,0.0,10.0,0.0,7288.63,6511.45,True,False,0.0,78092.38,0.0,0.892,0.11009
2026-08-31T00:37:43Z,ETHUSDT,IMPULSE,BUY,4.51,5.5,5.5,0.37,0.33,91981.27,156860.12,True,False,0.0012,78062.27,-0.0386,0.952,2434.53
2026-08-31T00:37:44Z,XRPUSDT,COOLING,SELL,13.13,0.0,13.13,2.19,-0.0,112819.28,75602.75,True,False,0.0073,78062.27,-0.0386,0.948,1.3683
2026-08-31T00:37:46Z,HBARUSDT,COOLING,NONE,0.0,0.0,0.0,1.35,0.0,26134.2,26624.91,True,False,0.0,78062.27,-0.0386,0.893,0.07418
2026-08-31T00:37:47Z,WUSDT,COOLING,NONE,0.0,0.0,0.0,10.91,2.18,10558.35,4634.37,True,False,0.0109,78062.27,-0.0386,0.986,0.009175
2026-08-31T00:37:49Z,REDUSDT,COOLING,NONE,0.0,0.0,0.0,11.83,0.0,5371.23,6939.68,True,False,0.0,78062.27,-0.0386,0.967,0.11017
2026-08-31T00:39:25Z,ETHUSDT,IMPULSE,BUY,4.75,12.82,12.82,0.04,-0.12,118733.82,159884.15,True,False,-0.0006,78025.4,-0.0472,0.856,2433.4
2026-08-31T00:39:28Z,XRPUSDT,COOLING,NONE,0.0,0.0,0.0,1.46,-0.73,59837.95,80949.6,True,False,-0.0183,78025.4,-0.0472,1.981,1.3668
2026-08-31T00:39:29Z,HBARUSDT,COOLING,SELL,11.44,0.0,11.44,1.35,0.0,36069.96,28224.07,True,False,0.0,78025.4,-0.0472,0.932,0.07404
2026-08-31T00:39:31Z,WUSDT,COOLING,NONE,0.0,0.0,0.0,12.02,0.0,11372.26,3981.94,True,False,0.0,78025.4,-0.0472,0.867,0.009155
2026-08-31T00:39:32Z,REDUSDT,COOLING,NONE,0.0,0.0,0.0,21.82,0.0,5469.99,6804.86,True,False,0.0,78025.4,-0.0472,0.978,0.11016
2026-08-31T00:40:01Z,ETHUSDT,IMPULSE,SELL,38.13,0.0,38.13,1.68,1.64,241580.07,146934.35,True,False,0.023,78014.34,-0.0142,0.859,2432.94
2026-08-31T00:40:03Z,XRPUSDT,COOLING,BUY,0.6,10.86,10.86,1.46,-0.73,117199.51,120916.68,True,False,0.0037,78014.34,-0.0142,1.973,1.3671
2026-08-31T00:40:05Z,HBARUSDT,COOLING,NONE,0.0,0.0,0.0,1.35,0.0,31407.26,19125.84,True,False,0.0,78014.34,-0.0142,0.989,0.07396
2026-08-31T00:40:07Z,WUSDT,COOLING,BUY,0.0,4.47,4.47,19.66,5.46,9789.77,4306.74,True,False,0.0273,78014.34,-0.0142,0.935,0.009155
2026-08-31T00:40:08Z,REDUSDT,COOLING,SELL,1.98,0.0,1.98,10.0,-11.83,5469.99,6804.86,True,False,0.0591,78014.34,-0.0142,1.067,0.11003
2026-08-31T00:40:37Z,ETHUSDT,IMPULSE,BUY,0.53,5.86,5.86,0.04,-0.08,156824.6,155568.85,True,False,-0.0008,78041.84,0.0352,0.877,2434.33
2026-08-31T00:40:40Z,XRPUSDT,COOLING,NONE,0.0,0.0,0.0,2.19,-0.73,85650.36,74571.1,True,False,0.0037,78041.84,0.0352,1.956,1.3675
2026-08-31T00:40:41Z,HBARUSDT,COOLING,NONE,0.0,0.0,0.0,1.35,-0.0,31402.46,23225.34,True,False,0.0135,78041.84,0.0352,0.981,0.07396
2026-08-31T00:40:43Z,WUSDT,COOLING,NONE,0.0,0.0,0.0,22.93,8.73,9795.59,4306.74,True,False,0.0437,78041.84,0.0352,0.964,0.009162
2026-08-31T00:40:44Z,REDUSDT,COOLING,NONE,0.0,0.0,0.0,12.71,0.0,5936.43,6797.9,True,False,0.0,78041.84,0.0352,0.877,0.11003
2026-08-31T00:41:39Z,ETHUSDT,IMPULSE,NONE,0.0,0.0,0.0,0.04,0.0,191078.16,147808.31,True,False,0.0,78012.0,-0.0382,1.384,2432.17
2026-08-31T00:42:20Z,XRPUSDT,COOLING,SELL,0.75,0.22,0.75,2.19,0.73,131841.08,74103.91,True,False,-0.0037,78012.0,-0.0382,40.89,1.369
2026-08-31T00:42:23Z,HBARUSDT,COOLING,NONE,0.0,0.0,0.0,1.35,0.0,38228.42,40195.95,True,False,0.0,78012.0,-0.0382,0.984,0.07398
2026-08-31T00:42:25Z,WUSDT,COOLING,NONE,0.0,0.0,0.0,12.02,0.0,9795.59,3981.94,True,False,0.0,78012.0,-0.0382,0.981,0.009158
2026-08-31T00:42:26Z,REDUSDT,COOLING,NONE,0.0,0.0,0.0,12.71,0.0,5936.43,6384.66,True,False,0.0,78012.0,-0.0382,0.924,0.11013
2026-08-31T00:43:35Z,ETHUSDT,IMPULSE,NONE,0.0,0.0,0.0,0.08,0.04,154398.45,158601.44,True,False,0.001,78060.9,0.0627,0.981,2433.68
2026-08-31T00:43:37Z,XRPUSDT,COOLING,NONE,0.0,0.0,0.0,2.19,0.0,67087.03,88397.3,True,False,0.0,78060.9,0.0627,0.927,1.3688
2026-08-31T00:43:40Z,HBARUSDT,COOLING,NONE,0.0,0.0,0.0,1.35,0.0,39140.91,22311.82,True,False,0.0,78060.9,0.0627,1.857,0.07395
2026-08-31T00:43:41Z,WUSDT,COOLING,NONE,0.0,0.0,0.0,13.12,0.0,11901.55,3994.16,True,False,0.0,78060.9,0.0627,0.916,0.009151
2026-08-31T00:43:44Z,REDUSDT,COOLING,NONE,0.0,0.0,0.0,13.6,0.0,7027.9,5371.53,True,False,0.0,78060.9,0.0627,0.958,0.11023
2026-08-31T00:44:13Z,ETHUSDT,IMPULSE,SELL,13.11,0.0,13.11,0.12,0.04,165008.4,152430.45,True,False,0.001,78043.95,-0.0217,1.025,2432.47
2026-08-31T00:44:14Z,XRPUSDT,COOLING,NONE,0.0,0.0,0.0,2.92,1.46,82873.17,78686.16,True,False,-0.0073,78043.95,-0.0217,0.978,1.3677
2026-08-31T00:44:16Z,HBARUSDT,COOLING,NONE,0.0,0.0,0.0,1.35,0.0,36759.37,29474.15,True,False,0.0,78043.95,-0.0217,0.997,0.07397
2026-08-31T00:44:17Z,WUSDT,COOLING,NONE,0.0,0.0,0.0,13.12,0.0,11901.55,3994.16,True,False,0.0,78043.95,-0.0217,0.987,0.009147
2026-08-31T00:44:19Z,REDUSDT,COOLING,NONE,0.0,0.0,0.0,21.78,0.0,6213.47,5371.53,True,False,0.0,78043.95,-0.0217,1.044,0.11028
2026-08-31T00:45:11Z,ETHUSDT,IMPULSE,NONE,0.0,0.0,0.0,0.04,0.0,147516.31,232536.12,True,False,0.0,78029.11,-0.019,0.864,2432.35
2026-08-31T00:45:13Z,XRPUSDT,COOLING,NONE,0.0,0.0,0.0,1.46,0.0,72390.2,96305.32,True,False,0.0,78029.11,-0.019,0.902,1.3672
2026-08-31T00:45:14Z,HBARUSDT,COOLING,NONE,0.0,0.0,0.0,1.35,0.0,35496.8,14546.05,True,False,0.0,78029.11,-0.019,0.917,0.07392
2026-08-31T00:45:16Z,WUSDT,COOLING,NONE,0.0,0.0,0.0,10.95,0.0,10154.0,3892.03,True,False,0.0,78029.11,-0.019,0.96,0.009148
2026-08-31T00:45:18Z,REDUSDT,COOLING,NONE,0.0,0.0,0.0,10.0,0.0,7143.34,6480.13,True,False,0.0,78029.11,-0.019,0.977,0.11009
2026-08-31T00:47:12Z,ETHUSDT,IMPULSE,BUY,0.0,0.03,0.03,0.04,0.0,124593.2,268940.34,True,False,0.0,77980.01,-0.0629,0.967,2429.95
2026-08-31T00:47:14Z,XRPUSDT,COOLING,BUY,27.47,44.08,44.08,2.2,0.73,160712.43,218852.13,True,False,0.011,77980.01,-0.0629,0.872,1.3657
2026-08-31T00:47:55Z,HBARUSDT,COOLING,BUY,0.0,30.91,30.91,1.35,0.0,37779.73,20553.71,True,False,0.0,77980.01,-0.0629,1.009,0.07396
2026-08-31T00:47:57Z,WUSDT,COOLING,NONE,0.0,0.0,0.0,18.59,0.0,14987.49,3981.94,True,False,0.0,77980.01,-0.0629,1.023,0.009148
2026-08-31T00:47:58Z,REDUSDT,COOLING,NONE,0.0,0.0,0.0,11.83,0.0,4924.94,6963.16,True,False,0.0,77980.01,-0.0629,0.907,0.10996
2026-08-31T00:48:27Z,ETHUSDT,IMPULSE,NONE,0.0,0.0,0.0,0.04,0.0,149777.18,159217.34,True,False,0.0,77955.01,-0.0321,1.031,2428.44
2026-08-31T00:48:30Z,XRPUSDT,COOLING,BUY,0.0,25.84,25.84,1.46,0.0,79350.97,77604.78,True,False,0.0,77955.01,-0.0321,0.898,1.3659
2026-08-31T00:48:31Z,HBARUSDT,COOLING,NONE,0.0,0.0,0.0,1.35,0.0,29860.13,30244.29,True,False,0.0,77955.01,-0.0321,0.958,0.07388
2026-08-31T00:48:33Z,WUSDT,COOLING,NONE,0.0,0.0,0.0,13.12,0.0,14987.49,5616.66,True,False,0.0,77955.01,-0.0321,0.932,0.009148
2026-08-31T00:48:34Z,REDUSDT,COOLING,NONE,0.0,0.0,0.0,13.67,0.0,6402.16,5750.63,True,False,0.0,77955.01,-0.0321,0.943,0.10982
2026-08-31T00:50:10Z,ETHUSDT,IMPULSE,NONE,0.0,0.0,0.0,0.49,-0.12,159025.62,150282.16,True,False,-0.0002,77983.13,0.0361,0.908,2429.96
2026-08-31T00:50:12Z,XRPUSDT,COOLING,NONE,0.0,0.0,0.0,1.46,0.0,95374.16,80353.24,True,False,0.0,77983.13,0.0361,2.116,1.366
2026-08-31T00:50:14Z,HBARUSDT,COOLING,SELL,14.15,5.87,14.15,1.35,-0.0,47065.06,23889.72,True,False,0.0135,77983.13,0.0361,0.89,0.07388
2026-08-31T00:50:16Z,WUSDT,COOLING,NONE,0.0,0.0,0.0,12.04,0.0,10573.45,3882.49,True,False,0.0,77983.13,0.0361,1.023,0.009134
2026-08-31T00:50:57Z,REDUSDT,COOLING,NONE,0.0,0.0,0.0,10.03,0.0,6319.93,5057.48,True,False,0.0,77983.13,0.0361,0.896,0.10978
2026-08-31T00:51:27Z,ETHUSDT,IMPULSE,SELL,2.71,0.0,2.71,0.04,0.0,146827.06,168440.98,True,False,0.0,78012.21,0.0373,0.915,2431.17
2026-08-31T00:51:29Z,XRPUSDT,COOLING,BUY,0.0,0.54,0.54,2.93,0.73,89334.1,90006.0,True,False,-0.0256,78012.21,0.0373,0.932,1.3669
2026-08-31T00:51:30Z,HBARUSDT,COOLING,BUY,0.0,47.02,47.02,1.35,0.0,38147.9,28377.42,True,False,-0.0271,78012.21,0.0373,0.991,0.07397
2026-08-31T00:51:32Z,WUSDT,COOLING,NONE,0.0,0.0,0.0,16.42,3.29,10573.45,3882.49,True,False,-0.0164,78012.21,0.0373,0.986,0.009139
2026-08-31T00:51:34Z,REDUSDT,COOLING,NONE,0.0,0.0,0.0,10.03,0.0,6319.93,6418.23,True,False,0.0,78012.21,0.0373,1.004,0.10966
2026-08-31T00:52:03Z,ETHUSDT,IMPULSE,NONE,0.0,0.0,0.0,0.45,0.41,159949.72,97301.08,True,False,0.0037,77982.15,-0.0385,0.908,2430.0
2026-08-31T00:52:06Z,XRPUSDT,COOLING,NONE,0.0,0.0,0.0,2.2,-0.73,88325.27,68768.04,True,False,-0.0037,77982.15,-0.0385,1.016,1.3662
2026-08-31T00:52:08Z,HBARUSDT,COOLING,NONE,0.0,0.0,0.0,1.35,0.0,48755.84,32556.93,True,False,0.0,77982.15,-0.0385,1.019,0.07393
2026-08-31T00:52:11Z,WUSDT,COOLING,NONE,0.0,0.0,0.0,13.13,0.0,10573.45,3882.49,True,False,0.0,77982.15,-0.0385,0.948,0.009136
2026-08-31T00:52:12Z,REDUSDT,COOLING,NONE,0.0,0.0,0.0,14.57,0.0,5929.89,2592.83,True,False,0.0,77982.15,-0.0385,1.016,0.10966
2026-08-31T00:54:24Z,ETHUSDT,IMPULSE,SELL,6.21,5.86,6.21,0.37,0.04,159185.28,159942.47,True,False,0.0002,78029.99,0.0613,0.875,2433.09
2026-08-31T00:54:26Z,XRPUSDT,COOLING,NONE,0.0,0.0,0.0,2.93,-0.0,99083.47,120315.64,True,False,0.0073,78029.99,0.0613,1.016,1.3671
2026-08-31T00:54:28Z,HBARUSDT,COOLING,BUY,0.72,20.96,20.96,1.35,0.0,43658.54,29644.02,True,True,-0.0135,78029.99,0.0613,2.009,0.07399
2026-08-31T00:54:30Z,WUSDT,COOLING,NONE,0.0,0.0,0.0,13.12,0.0,10613.59,3022.56,True,False,0.0,78029.99,0.0613,0.886,0.009151
2026-08-31T00:54:32Z,REDUSDT,COOLING,NONE,0.0,0.0,0.0,12.69,0.0,5563.87,5796.83,True,False,0.0,78029.99,0.0613,0.88,0.11026
2026-08-31T00:55:01Z,ETHUSDT,IMPULSE,BUY,0.0,4.27,4.27,0.58,-0.16,160313.38,155023.69,True,False,-0.0004,78029.99,0.0,0.948,2432.46
2026-08-31T00:55:04Z,XRPUSDT,COOLING,NONE,0.0,0.0,0.0,2.19,0.0,133677.59,71741.02,True,False,0.0,78029.99,0.0,0.963,1.3678
2026-08-31T00:55:06Z,HBARUSDT,COOLING,NONE,0.0,0.0,0.0,1.35,0.0,37376.49,32849.06,True,False,0.0,78029.99,0.0,0.994,0.07397
2026-08-31T00:55:08Z,WUSDT,COOLING,NONE,0.0,0.0,0.0,8.74,0.0,17585.52,3981.94,True,False,0.0,78029.99,0.0,0.855,0.009151
2026-08-31T00:55:10Z,REDUSDT,COOLING,SELL,0.08,0.0,0.08,19.95,7.26,6947.16,5796.83,True,False,-0.0363,78029.99,0.0,1.077,0.11028
2026-08-31T00:55:38Z,ETHUSDT,IMPULSE,NONE,0.0,0.0,0.0,0.21,-0.29,155053.29,222876.5,True,False,0.0014,77998.78,-0.04,0.976,2431.33
2026-08-31T00:55:39Z,XRPUSDT,COOLING,NONE,0.0,0.0,0.0,2.19,0.73,82993.89,116695.29,True,False,-0.0037,77998.78,-0.04,0.914,1.367
2026-08-31T00:55:41Z,HBARUSDT,COOLING,NONE,0.0,0.0,0.0,1.35,0.0,34083.1,34240.56,True,False,0.0,77998.78,-0.04,1.018,0.07399
2026-08-31T00:55:44Z,WUSDT,COOLING,NONE,0.0,0.0,0.0,12.02,0.0,17983.63,3981.94,True,False,0.0,77998.78,-0.04,2.031,0.009149
2026-08-31T00:55:45Z,REDUSDT,COOLING,NONE,0.0,0.0,0.0,19.91,0.0,6300.33,5233.07,True,False,0.0,77998.78,-0.04,0.898,0.11032
2026-08-31T00:57:18Z,ETHUSDT,IMPULSE,NONE,0.0,0.0,0.0,0.04,0.0,157322.42,183044.66,True,False,0.0,77959.65,-0.0502,0.962,2431.15
2026-08-31T00:57:19Z,XRPUSDT,COOLING,SELL,31.26,0.0,31.26,2.2,0.0,87941.09,137353.23,True,True,-0.0073,77959.65,-0.0502,0.899,1.3666
2026-08-31T00:57:21Z,HBARUSDT,COOLING,NONE,0.0,0.0,0.0,1.35,0.0,46008.64,19043.99,True,False,0.0,77959.65,-0.0502,0.893,0.07398
2026-08-31T00:57:23Z,WUSDT,COOLING,NONE,0.0,0.0,0.0,8.75,0.0,11011.21,3984.61,True,False,0.0,77959.65,-0.0502,0.893,0.009146
2026-08-31T00:57:24Z,REDUSDT,COOLING,NONE,0.0,0.0,0.0,13.56,0.0,5016.16,5613.51,True,False,0.0,77959.65,-0.0502,0.909,0.11069
2026-08-31T00:57:57Z,ETHUSDT,IMPULSE,NONE,0.0,0.0,0.0,0.04,0.0,18381.94,247114.98,True,False,0.0,77955.07,-0.0059,1.044,2430.79
2026-08-31T00:57:59Z,XRPUSDT,COOLING,NONE,0.0,0.0,0.0,0.73,-2.2,68408.68,104531.07,True,False,-0.0183,77955.07,-0.0059,1.044,1.3657
2026-08-31T00:58:00Z,HBARUSDT,COOLING,BUY,0.0,0.67,0.67,1.35,0.0,23337.46,34639.4,True,False,0.0,77955.07,-0.0059,0.915,0.07398
2026-08-31T00:58:02Z,WUSDT,COOLING,BUY,0.0,28.0,28.0,10.96,-8.76,12620.23,3882.49,True,True,-0.0438,77955.07,-0.0059,0.898,0.009142
2026-08-31T00:58:03Z,REDUSDT,COOLING,NONE,0.0,0.0,0.0,13.6,0.0,5083.57,5542.83,True,False,0.0,77955.07,-0.0059,1.003,0.11065
2026-08-31T00:59:54Z,ETHUSDT,IMPULSE,BUY,0.0,4.31,4.31,0.86,-0.21,174534.45,158535.78,True,False,-0.0002,77948.75,-0.0081,0.991,2427.34
2026-08-31T00:59:55Z,XRPUSDT,COOLING,NONE,0.0,0.0,0.0,1.46,0.0,130594.83,73085.59,True,False,0.0,77948.75,-0.0081,1.004,1.3652
2026-08-31T00:59:57Z,HBARUSDT,COOLING,NONE,0.0,0.0,0.0,1.35,0.0,34747.33,22127.32,True,False,0.0,77948.75,-0.0081,0.996,0.0739
2026-08-31T00:59:59Z,WUSDT,COOLING,NONE,0.0,0.0,0.0,8.76,0.0,10687.97,5512.43,True,False,0.0,77948.75,-0.0081,1.004,0.009132
2026-08-31T01:00:01Z,REDUSDT,COOLING,NONE,0.0,0.0,0.0,12.69,0.0,5491.74,6018.36,True,False,0.0,77948.75,-0.0081,0.92,0.11032
2026-08-31T01:02:14Z,ETHUSDT,IMPULSE,SELL,5.2,0.09,5.2,0.58,0.45,169409.16,154081.32,True,False,0.0142,77985.35,0.047,1.964,2430.18
2026-08-31T01:02:15Z,XRPUSDT,COOLING,BUY,0.0,0.06,0.06,2.2,0.0,99127.93,86088.15,True,False,0.0,77985.35,0.047,1.014,1.3663
2026-08-31T01:02:57Z,HBARUSDT,COOLING,SELL,0.78,0.0,0.78,1.35,0.0,43018.88,17758.94,True,False,-0.0676,77985.35,0.047,40.957,0.07393
2026-08-31T01:02:59Z,WUSDT,COOLING,NONE,0.0,0.0,0.0,16.42,8.76,17639.22,3984.61,True,False,-0.0438,77985.35,0.047,0.975,0.009138
2026-08-31T01:03:00Z,REDUSDT,COOLING,NONE,0.0,0.0,0.0,11.83,0.0,4604.3,6611.89,True,False,0.0,77985.35,0.047,0.945,0.10983
2026-08-31T01:03:30Z,ETHUSDT,IMPULSE,SELL,91.67,0.0,91.67,0.04,0.0,147471.9,170393.5,True,False,-0.0054,77875.01,-0.1415,0.859,2426.67
2026-08-31T01:04:11Z,XRPUSDT,COOLING,SELL,1.24,0.26,1.24,2.2,0.0,103627.38,96097.03,True,False,-0.0807,77875.01,-0.1415,40.949,1.3632
2026-08-31T01:04:14Z,HBARUSDT,COOLING,BUY,0.0,55.13,55.13,1.35,-1.35,35321.74,31641.2,True,False,-0.0068,77875.01,-0.1415,0.967,0.07387
2026-08-31T01:04:15Z,WUSDT,COOLING,NONE,0.0,0.0,0.0,15.38,0.0,10154.92,3165.86,True,False,0.0,77875.01,-0.1415,0.921,0.009124
2026-08-31T01:04:17Z,REDUSDT,COOLING,NONE,0.0,0.0,0.0,21.94,-8.24,4695.54,6729.83,True,False,0.0411,77875.01,-0.1415,0.865,0.10991
2026-08-31T01:04:46Z,ETHUSDT,IMPULSE,SELL,21.73,1.41,21.73,0.04,-0.08,155276.34,152500.87,True,True,-0.0573,77833.21,-0.0537,2.01,2425.06
2026-08-31T01:04:49Z,XRPUSDT,COOLING,SELL,13.09,5.06,13.09,2.2,1.47,92457.4,97065.03,True,False,-0.0147,77833.21,-0.0537,0.888,1.362
2026-08-31T01:05:32Z,HBARUSDT,COOLING,SELL,1.27,0.01,1.27,1.36,0.0,32864.92,20050.47,True,False,-0.0948,77833.21,-0.0537,40.983,0.07387
2026-08-31T01:05:33Z,WUSDT,COOLING,NONE,0.0,0.0,0.0,18.72,0.0,8098.64,3104.18,True,False,0.0,77833.21,-0.0537,0.969,0.009095
2026-08-31T01:05:35Z,REDUSDT,COOLING,NONE,0.0,0.0,0.0,15.53,0.0,4760.95,6206.52,True,False,0.0,77833.21,-0.0537,0.89,0.1094
2026-08-31T01:08:26Z,ETHUSDT,IMPULSE,SELL,3.44,0.0,3.44,1.03,0.25,164632.73,149952.71,True,False,0.0012,77659.52,-0.2232,0.993,2416.67
2026-08-31T01:08:27Z,XRPUSDT,COOLING,NONE,0.0,0.0,0.0,2.22,0.0,178520.54,81784.07,True,False,0.0,77659.52,-0.2232,0.916,1.3542
2026-08-31T01:08:29Z,HBARUSDT,COOLING,SELL,64.23,0.0,64.23,2.72,1.36,35204.37,30852.85,True,True,0.0204,77659.52,-0.2232,0.952,0.07368
2026-08-31T01:08:31Z,WUSDT,COOLING,NONE,0.0,0.0,0.0,15.46,0.0,8676.16,2317.81,True,False,0.0,77659.52,-0.2232,0.986,0.009053
2026-08-31T01:08:34Z,REDUSDT,COOLING,NONE,0.0,0.0,0.0,20.13,8.24,4761.39,6250.0,True,False,-0.0412,77659.52,-0.2232,0.996,0.10939
2026-08-31T01:09:03Z,ETHUSDT,IMPULSE,SELL,0.09,0.0,0.09,0.04,-0.29,150848.65,159282.06,True,False,-0.0064,77666.19,0.0086,1.94,2416.8
2026-08-31T01:09:05Z,XRPUSDT,COOLING,NONE,0.0,0.0,0.0,2.22,0.0,161758.4,99753.44,True,False,0.0,77666.19,0.0086,0.889,1.3538
2026-08-31T01:09:46Z,HBARUSDT,COOLING,BUY,0.04,0.5,0.5,1.36,-0.0,32458.42,18973.93,True,False,0.0272,77666.19,0.0086,40.939,0.07361
2026-08-31T01:10:28Z,WUSDT,COOLING,NONE,0.0,0.0,0.0,13.22,0.0,16639.33,2317.81,True,False,0.0,77666.19,0.0086,0.984,0.009062
2026-08-31T01:10:30Z,REDUSDT,COOLING,NONE,0.0,0.0,0.0,21.9,0.0,5987.36,5221.32,True,False,0.0,77666.19,0.0086,1.084,0.10931
2026-08-31T01:11:40Z,ETHUSDT,IMPULSE,NONE,0.0,0.0,0.0,0.04,0.0,149179.97,141075.54,True,False,0.0,77651.38,-0.0191,2.012,2417.67
2026-08-31T01:11:43Z,XRPUSDT,COOLING,NONE,0.0,0.0,0.0,1.48,-0.74,189586.27,89898.58,True,False,0.0111,77651.38,-0.0191,0.932,1.3543
2026-08-31T01:11:45Z,HBARUSDT,COOLING,NONE,0.0,0.0,0.0,1.36,0.0,40374.43,20543.11,True,False,0.0,77651.38,-0.0191,0.997,0.07362
2026-08-31T01:11:47Z,WUSDT,COOLING,NONE,0.0,0.0,0.0,12.14,0.0,10076.7,2687.09,True,False,0.0,77651.38,-0.0191,1.007,0.009063
2026-08-31T01:11:48Z,REDUSDT,COOLING,NONE,0.0,0.0,0.0,21.9,10.03,5709.37,5235.44,True,False,0.0502,77651.38,-0.0191,0.986,0.10957
2026-08-31T01:14:03Z,ETHUSDT,IMPULSE,SELL,0.09,0.0,0.09,0.37,-0.08,153776.14,159392.16,True,False,0.0004,77612.74,-0.0498,0.982,2415.97
2026-08-31T01:14:04Z,XRPUSDT,COOLING,NONE,0.0,0.0,0.0,2.22,-0.74,127587.2,78383.24,True,False,-0.0037,77612.74,-0.0498,1.003,1.3515
2026-08-31T01:14:46Z,HBARUSDT,COOLING,BUY,0.28,1.73,1.73,1.36,-0.0,40843.27,38998.05,True,False,0.1494,77612.74,-0.0498,40.933,0.07358
2026-08-31T01:14:47Z,WUSDT,COOLING,NONE,0.0,0.0,0.0,9.92,0.0,16260.38,2317.81,True,False,0.0,77612.74,-0.0498,1.005,0.009062
2026-08-31T01:14:49Z,REDUSDT,COOLING,NONE,0.0,0.0,0.0,21.9,0.0,6024.41,4721.14,True,False,0.0,77612.74,-0.0498,0.951,0.10964
2026-08-31T01:15:17Z,ETHUSDT,IMPULSE,BUY,0.0,18.89,18.89,0.04,0.0,154150.29,182450.75,True,False,0.0,77641.46,0.037,0.891,2417.27
2026-08-31T01:15:19Z,XRPUSDT,COOLING,NONE,0.0,0.0,0.0,1.48,-0.74,89886.26,96101.78,True,False,0.0111,77641.46,0.037,0.854,1.353
2026-08-31T01:15:22Z,HBARUSDT,COOLING,BUY,0.0,4.89,4.89,1.36,0.0,35889.28,15310.36,True,False,0.0,77641.46,0.037,1.376,0.07367
2026-08-31T01:15:24Z,WUSDT,COOLING,NONE,0.0,0.0,0.0,13.22,-3.29,16914.58,2317.81,True,False,-0.0826,77641.46,0.037,0.96,0.009068
2026-08-31T01:15:25Z,REDUSDT,COOLING,NONE,0.0,0.0,0.0,11.87,0.0,5796.69,4721.14,True,False,0.0,77641.46,0.037,0.931,0.10964
2026-08-31T01:16:34Z,ETHUSDT,IMPULSE,BUY,0.0,1.13,1.13,1.03,-0.21,145378.27,158022.11,True,False,-0.0014,77625.2,-0.0209,0.969,2416.77
2026-08-31T01:16:36Z,XRPUSDT,COOLING,NONE,0.0,0.0,0.0,1.48,-0.74,84205.79,61599.46,True,False,-0.0037,77625.2,-0.0209,0.864,1.3537
2026-08-31T01:16:38Z,HBARUSDT,COOLING,BUY,0.0,41.42,41.42,2.71,0.0,32367.58,33597.49,True,False,-0.0136,77625.2,-0.0209,0.974,0.07371
2026-08-31T01:16:39Z,WUSDT,COOLING,NONE,0.0,0.0,0.0,14.29,0.0,16110.47,2973.63,True,False,0.0,77625.2,-0.0209,0.882,0.009075
2026-08-31T01:16:41Z,REDUSDT,COOLING,BUY,0.0,33.67,33.67,21.01,-0.93,6605.92,6872.63,True,False,0.0685,77625.2,-0.0209,0.882,0.10956
2026-08-31T01:17:32Z,ETHUSDT,IMPULSE,NONE,0.0,0.0,0.0,1.08,1.03,152907.8,145680.06,True,False,0.0139,77631.82,0.0085,0.893,2417.88
2026-08-31T01:17:34Z,XRPUSDT,COOLING,BUY,0.0,45.99,45.99,1.48,-0.74,77570.87,123268.81,True,False,-0.0185,77631.82,0.0085,0.881,1.3514
2026-08-31T01:17:35Z,HBARUSDT,COOLING,NONE,0.0,0.0,0.0,1.36,0.0,26511.19,15034.12,True,False,0.0,77631.82,0.0085,0.94,0.07366
2026-08-31T01:17:37Z,WUSDT,COOLING,NONE,0.0,0.0,0.0,15.41,0.0,15699.3,2973.63,True,False,0.0,77631.82,0.0085,0.914,0.009088
2026-08-31T01:17:38Z,REDUSDT,COOLING,NONE,0.0,0.0,0.0,21.01,6.39,4808.95,6785.0,True,False,0.032,77631.82,0.0085,1.021,0.10956
2026-08-31T01:18:06Z,ETHUSDT,IMPULSE,BUY,0.0,2.18,2.18,0.08,0.04,167047.63,147107.85,True,False,0.0064,77617.76,-0.0181,0.913,2415.35
2026-08-31T01:18:08Z,XRPUSDT,COOLING,BUY,0.0,42.65,42.65,1.48,-0.74,132937.86,101466.99,True,False,0.0185,77617.76,-0.0181,0.861,1.3508
2026-08-31T01:18:09Z,HBARUSDT,COOLING,BUY,0.0,5.34,5.34,2.71,0.0,43045.74,31480.9,True,False,0.0,77617.76,-0.0181,1.009,0.07366
2026-08-31T01:18:52Z,WUSDT,COOLING,NONE,0.0,0.0,0.0,12.13,0.0,11189.96,2973.63,True,False,0.0,77617.76,-0.0181,1.023,0.009067
2026-08-31T01:18:54Z,REDUSDT,COOLING,NONE,0.0,0.0,0.0,11.87,0.0,4808.95,6470.37,True,False,0.0,77617.76,-0.0181,1.494,0.10948
2026-08-31T01:19:23Z,ETHUSDT,IMPULSE,BUY,0.0,9.21,9.21,0.21,0.04,151382.2,168532.3,True,False,0.006,77685.85,0.0877,0.985,2417.5
2026-08-31T01:19:24Z,XRPUSDT,COOLING,NONE,0.0,0.0,0.0,1.48,-0.74,99982.94,79675.48,True,False,0.0037,77685.85,0.0877,0.946,1.3517
2026-08-31T01:19:26Z,HBARUSDT,COOLING,NONE,0.0,0.0,0.0,1.36,0.0,43998.28,32603.27,True,False,0.0,77685.85,0.0877,1.009,0.07363
2026-08-31T01:19:27Z,WUSDT,COOLING,NONE,0.0,0.0,0.0,5.51,-3.31,15906.31,2973.63,True,False,0.0165,77685.85,0.0877,0.994,0.009067
2026-08-31T01:19:29Z,REDUSDT,COOLING,NONE,0.0,0.0,0.0,14.62,0.0,6330.18,6840.35,True,False,0.0,77685.85,0.0877,0.879,0.10951
2026-08-31T01:20:21Z,ETHUSDT,IMPULSE,SELL,1.96,0.8,1.96,0.04,-0.04,157508.23,153023.41,True,False,0.0068,77806.66,0.1555,0.866,2420.64
2026-08-31T01:20:22Z,XRPUSDT,COOLING,SELL,18.95,8.33,18.95,2.95,1.48,63767.15,153526.16,True,False,0.0,77806.66,0.1555,0.898,1.3543
2026-08-31T01:20:24Z,HBARUSDT,COOLING,NONE,0.0,0.0,0.0,1.35,0.0,38667.39,24470.62,True,False,0.0,77806.66,0.1555,0.86,0.07379
2026-08-31T01:20:25Z,WUSDT,COOLING,NONE,0.0,0.0,0.0,17.53,0.0,18075.51,3251.39,True,False,0.0,77806.66,0.1555,0.927,0.009119
2026-08-31T01:20:27Z,REDUSDT,COOLING,SELL,0.1,0.0,0.1,22.77,8.2,6429.49,4777.78,True,False,-0.041,77806.66,0.1555,0.958,0.10978
2026-08-31T01:20:56Z,ETHUSDT,IMPULSE,NONE,0.0,0.0,0.0,0.7,0.0,159696.23,151173.01,True,False,-0.0008,77800.01,-0.0085,0.995,2421.01
2026-08-31T01:20:57Z,XRPUSDT,COOLING,NONE,0.0,0.0,0.0,1.48,-0.74,68709.28,107119.58,True,False,-0.0037,77800.01,-0.0085,1.015,1.3538
2026-08-31T01:21:39Z,HBARUSDT,COOLING,SELL,17.41,12.7,17.41,1.36,0.0,50765.31,32959.16,True,False,-0.0271,77800.01,-0.0085,0.94,0.07379
2026-08-31T01:21:41Z,WUSDT,COOLING,NONE,0.0,0.0,0.0,18.69,0.0,8564.28,4029.44,True,False,0.0,77800.01,-0.0085,0.997,0.009103
2026-08-31T01:21:42Z,REDUSDT,COOLING,NONE,0.0,0.0,0.0,11.87,0.0,6205.77,5037.36,True,False,0.0,77800.01,-0.0085,0.898,0.10977
2026-08-31T01:22:12Z,ETHUSDT,IMPULSE,NONE,0.0,0.0,0.0,0.37,0.0,157913.17,188119.48,True,False,0.0,77736.2,-0.082,1.019,2418.72
2026-08-31T01:22:14Z,XRPUSDT,COOLING,SELL,21.35,14.78,21.35,2.22,-0.0,110585.95,138122.87,True,False,0.0148,77736.2,-0.082,0.97,1.3506
2026-08-31T01:22:15Z,HBARUSDT,COOLING,NONE,0.0,0.0,0.0,1.36,0.0,47524.16,33664.23,True,False,0.0,77736.2,-0.082,0.873,0.07362
2026-08-31T01:22:17Z,WUSDT,COOLING,SELL,32.89,0.0,32.89,20.88,2.19,17207.11,2454.12,True,False,0.044,77736.2,-0.082,0.921,0.009103
2026-08-31T01:22:18Z,REDUSDT,COOLING,NONE,0.0,0.0,0.0,11.87,0.0,3693.21,5037.36,True,False,0.0,77736.2,-0.082,0.932,0.10957
2026-08-31T01:23:11Z,ETHUSDT,IMPULSE,SELL,18.97,0.0,18.97,0.04,0.0,199713.82,147439.24,True,False,0.0,77795.0,0.0756,0.863,2418.91
2026-08-31T01:23:13Z,XRPUSDT,COOLING,BUY,0.0,0.55,0.55,2.22,-0.74,64280.56,93096.82,True,False,-0.0037,77795.0,0.0756,0.965,1.3517
2026-08-31T01:23:14Z,HBARUSDT,COOLING,NONE,0.0,0.0,0.0,1.36,0.0,37118.89,30496.93,True,False,0.0,77795.0,0.0756,1.007,0.07364
2026-08-31T01:23:16Z,WUSDT,COOLING,NONE,0.0,0.0,0.0,14.26,0.0,19206.47,3251.39,True,False,0.0,77795.0,0.0756,0.901,0.009108
2026-08-31T01:23:19Z,REDUSDT,COOLING,NONE,0.0,0.0,0.0,12.71,0.0,8011.79,3630.39,True,False,0.0,77795.0,0.0756,0.908,0.11001
2026-08-31T01:23:50Z,ETHUSDT,IMPULSE,BUY,0.0,19.15,19.15,1.03,0.78,159461.48,208760.52,True,False,-0.0076,77849.99,0.0707,1.012,2422.5
2026-08-31T01:23:52Z,XRPUSDT,COOLING,SELL,3.47,0.0,3.47,1.48,-1.48,68380.9,39695.67,True,False,-0.037,77849.99,0.0707,1.024,1.3535
2026-08-31T01:25:14Z,HBARUSDT,COOLING,SELL,0.42,0.0,0.42,1.36,0.0,45012.83,13272.97,True,False,-0.0272,77849.99,0.0707,40.898,0.07364
2026-08-31T01:25:17Z,WUSDT,COOLING,NONE,0.0,0.0,0.0,14.28,-0.01,11393.04,2454.12,True,False,0.099,77849.99,0.0707,2.047,0.009103
2026-08-31T01:25:19Z,REDUSDT,COOLING,NONE,0.0,0.0,0.0,9.96,0.0,7137.94,7834.99,True,False,0.0,77849.99,0.0707,1.082,0.11032
2026-08-31T01:25:53Z,ETHUSDT,IMPULSE,NONE,0.0,0.0,0.0,0.33,-0.29,160266.1,149608.12,True,False,0.0014,77830.12,-0.0255,0.978,2421.35
2026-08-31T01:25:54Z,XRPUSDT,COOLING,BUY,0.0,29.26,29.26,2.22,-0.0,68979.42,114280.74,True,False,0.0222,77830.12,-0.0255,0.942,1.3514
2026-08-31T01:25:56Z,HBARUSDT,COOLING,NONE,0.0,0.0,0.0,1.36,0.0,51786.58,33789.37,True,False,0.0,77830.12,-0.0255,0.998,0.0736
2026-08-31T01:25:59Z,WUSDT,COOLING,NONE,0.0,0.0,0.0,13.18,1.1,11887.45,2454.12,True,False,0.0055,77830.12,-0.0255,0.915,0.009105
2026-08-31T01:26:00Z,REDUSDT,COOLING,BUY,0.0,0.11,0.11,13.6,0.92,5169.24,5086.46,True,False,-0.068,77830.12,-0.0255,0.866,0.11031
2026-08-31T01:27:32Z,ETHUSDT,IMPULSE,BUY,0.0,80.7,80.7,0.21,0.17,153288.2,774380.57,True,False,0.0326,77777.23,-0.068,1.002,2420.83
2026-08-31T01:27:34Z,XRPUSDT,COOLING,NONE,0.0,0.0,0.0,1.48,0.0,111745.48,136906.16,True,False,0.0,77777.23,-0.068,0.863,1.3521
2026-08-31T01:28:15Z,HBARUSDT,COOLING,BUY,0.15,0.34,0.34,2.71,1.36,39551.32,39201.5,True,False,0.1019,77777.23,-0.068,40.982,0.07368
2026-08-31T01:28:17Z,WUSDT,COOLING,NONE,0.0,0.0,0.0,9.92,0.0,10725.79,2915.89,True,False,0.0,77777.23,-0.068,0.981,0.009077
2026-08-31T01:28:18Z,REDUSDT,COOLING,NONE,0.0,0.0,0.0,12.71,0.0,6082.51,5608.37,True,False,0.0,77777.23,-0.068,0.994,0.11028
2026-08-31T01:28:47Z,ETHUSDT,IMPULSE,NONE,0.0,0.0,0.0,0.37,-0.17,155012.23,174896.21,True,False,-0.0107,77833.79,0.0727,1.019,2423.32
2026-08-31T01:28:49Z,XRPUSDT,COOLING,NONE,0.0,0.0,0.0,2.22,0.0,131043.94,105713.64,True,False,0.0,77833.79,0.0727,0.996,1.3537
2026-08-31T01:28:50Z,HBARUSDT,COOLING,NONE,0.0,0.0,0.0,1.36,0.0,34075.47,41389.58,True,False,0.0,77833.79,0.0727,0.965,0.07369
2026-08-31T01:28:52Z,WUSDT,COOLING,NONE,0.0,0.0,0.0,9.92,0.0,10725.79,2891.28,True,False,0.0,77833.79,0.0727,0.877,0.009085
2026-08-31T01:28:53Z,REDUSDT,COOLING,NONE,0.0,0.0,0.0,12.71,0.0,6082.51,5608.37,True,False,0.0,77833.79,0.0727,0.957,0.11016
2026-08-31T01:29:24Z,ETHUSDT,IMPULSE,BUY,0.0,33.21,33.21,0.08,-0.7,157214.13,225879.55,True,False,-0.006,77818.6,-0.0195,0.959,2421.48
2026-08-31T01:30:05Z,XRPUSDT,COOLING,NONE,0.0,0.0,0.0,2.22,0.0,90534.36,135947.15,True,False,0.0,77818.6,-0.0195,1.011,1.3522
2026-08-31T01:30:07Z,HBARUSDT,COOLING,NONE,0.0,0.0,0.0,1.36,0.0,40307.82,17600.52,True,False,0.0,77818.6,-0.0195,0.962,0.07368
2026-08-31T01:30:08Z,WUSDT,COOLING,NONE,0.0,0.0,0.0,9.92,0.0,10439.58,1863.14,True,False,0.0,77818.6,-0.0195,0.986,0.009073
2026-08-31T01:30:10Z,REDUSDT,COOLING,NONE,0.0,0.0,0.0,11.83,0.0,6063.19,6475.86,True,False,0.0,77818.6,-0.0195,0.981,0.10999
2026-08-31T01:31:00Z,ETHUSDT,IMPULSE,NONE,0.0,0.0,0.0,0.04,0.0,152848.91,150679.41,True,False,0.0,77775.02,-0.056,0.952,2420.99
2026-08-31T01:31:02Z,XRPUSDT,COOLING,SELL,7.12,0.0,7.12,1.48,0.0,84848.99,49967.08,True,False,-0.0074,77775.02,-0.056,0.984,1.3513
2026-08-31T01:31:03Z,HBARUSDT,COOLING,NONE,0.0,0.0,0.0,1.36,0.0,31740.21,16754.38,True,False,-0.0272,77775.02,-0.056,0.95,0.07367
2026-08-31T01:31:05Z,WUSDT,COOLING,NONE,0.0,0.0,0.0,4.41,0.0,10439.58,2123.55,True,False,0.0,77775.02,-0.056,0.966,0.009082
2026-08-31T01:31:07Z,REDUSDT,COOLING,NONE,0.0,0.0,0.0,28.22,13.66,5543.97,6471.77,True,False,-0.0046,77775.02,-0.056,0.961,0.10995
2026-08-31T01:31:35Z,ETHUSDT,IMPULSE,SELL,10.66,9.3,10.66,1.86,1.61,179252.8,166365.15,True,False,-0.0039,77775.02,0.0,0.894,2419.57
2026-08-31T01:31:36Z,XRPUSDT,COOLING,SELL,30.3,0.0,30.3,2.22,0.0,150052.66,97413.85,True,False,-0.0444,77775.02,0.0,1.024,1.3501
2026-08-31T01:31:39Z,HBARUSDT,COOLING,NONE,0.0,0.0,0.0,1.36,-2.72,36803.68,34654.96,True,False,-0.0136,77775.02,0.0,1.932,0.07361
2026-08-31T01:31:40Z,WUSDT,COOLING,NONE,0.0,0.0,0.0,3.3,0.0,10018.96,2123.55,True,False,0.0,77775.02,0.0,0.854,0.009076
2026-08-31T01:31:42Z,REDUSDT,COOLING,NONE,0.0,0.0,0.0,14.57,0.0,5544.47,6471.77,True,False,0.0,77775.02,0.0,0.947,0.10992
2026-08-31T01:32:11Z,ETHUSDT,IMPULSE,NONE,0.0,0.0,0.0,0.04,-0.54,152067.66,156924.55,True,False,-0.0279,77750.0,-0.0322,0.998,2417.03
2026-08-31T01:32:13Z,XRPUSDT,COOLING,BUY,8.98,41.71,41.71,3.71,1.48,124359.82,64397.79,True,False,-0.0297,77750.0,-0.0322,0.97,1.3485
2026-08-31T01:32:14Z,HBARUSDT,COOLING,BUY,18.16,58.1,58.1,1.36,-0.0,41937.2,36599.28,True,True,0.0272,77750.0,-0.0322,1.056,0.07361
2026-08-31T01:32:16Z,WUSDT,COOLING,NONE,0.0,0.0,0.0,7.73,0.0,8892.62,2123.55,True,False,0.0,77750.0,-0.0322,1.016,0.00906
2026-08-31T01:32:18Z,REDUSDT,COOLING,NONE,0.0,0.0,0.0,10.03,0.0,6174.09,6842.58,True,False,0.0,77750.0,-0.0322,1.085,0.10992
2026-08-31T01:34:32Z,ETHUSDT,IMPULSE,SELL,2.96,0.0,2.96,0.04,-0.0,156987.27,189688.59,True,False,0.0029,77750.0,0.0,0.918,2417.21
2026-08-31T01:34:33Z,XRPUSDT,COOLING,NONE,0.0,0.0,0.0,3.71,0.74,92488.98,93374.48,True,False,0.0111,77750.0,0.0,0.908,1.3462
2026-08-31T01:34:36Z,HBARUSDT,COOLING,NONE,0.0,0.0,0.0,1.36,0.0,43354.96,34248.01,True,False,0.0,77750.0,0.0,1.989,0.07356
2026-08-31T01:34:38Z,WUSDT,COOLING,NONE,0.0,0.0,0.0,12.13,0.0,8902.56,2123.55,True,False,0.0,77750.0,0.0,0.881,0.00906
2026-08-31T01:34:39Z,REDUSDT,COOLING,NONE,0.0,0.0,0.0,11.89,0.0,6235.5,5690.06,True,False,0.0,77750.0,0.0,0.976,0.10939
2026-08-31T01:35:12Z,ETHUSDT,IMPULSE,SELL,43.46,6.62,43.46,0.04,0.0,347425.1,155786.36,True,False,0.0,77750.0,0.0,1.004,2417.22
2026-08-31T01:35:13Z,XRPUSDT,COOLING,NONE,0.0,0.0,0.0,1.49,-0.74,95030.21,95430.48,True,False,0.0111,77750.0,0.0,0.972,1.3466
2026-08-31T01:35:15Z,HBARUSDT,COOLING,NONE,0.0,0.0,0.0,1.36,-0.0,27933.95,13709.8,True,False,0.0136,77750.0,0.0,1.009,0.07348
2026-08-31T01:35:17Z,WUSDT,COOLING,NONE,0.0,0.0,0.0,8.82,0.0,8902.56,2123.55,True,False,0.0,77750.0,0.0,0.965,0.009069
2026-08-31T01:35:19Z,REDUSDT,COOLING,NONE,0.0,0.0,0.0,11.87,0.0,5832.37,3150.36,True,False,0.0,77750.0,0.0,1.048,0.10944
2026-08-31T01:35:48Z,ETHUSDT,IMPULSE,BUY,0.91,4.52,4.52,0.12,0.08,156136.13,159738.0,True,False,-0.0004,77750.0,0.0,0.961,2416.27
2026-08-31T01:35:49Z,XRPUSDT,COOLING,BUY,0.0,6.36,6.36,0.74,-1.49,117584.91,106442.94,True,False,-0.0149,77750.0,0.0,0.974,1.3459
2026-08-31T01:35:51Z,HBARUSDT,COOLING,NONE,0.0,0.0,0.0,1.36,0.0,34712.99,35661.17,True,False,0.0,77750.0,0.0,0.966,0.07348
2026-08-31T01:35:52Z,WUSDT,COOLING,NONE,0.0,0.0,0.0,15.44,0.0,8902.56,2123.55,True,False,0.0,77750.0,0.0,0.991,0.009069
2026-08-31T01:35:54Z,REDUSDT,COOLING,NONE,0.0,0.0,0.0,11.87,0.0,5951.52,5410.63,True,False,0.0,77750.0,0.0,0.933,0.10944
2026-08-31T01:37:33Z,ETHUSDT,IMPULSE,BUY,0.0,1.79,1.79,0.04,-0.0,157845.48,157570.23,True,False,0.0054,77760.38,0.0134,0.858,2419.48
2026-08-31T01:37:35Z,XRPUSDT,COOLING,SELL,15.24,0.0,15.24,2.22,-0.0,143637.35,84983.88,True,False,0.0371,77760.38,0.0134,0.99,1.3483
2026-08-31T01:37:36Z,HBARUSDT,COOLING,NONE,0.0,0.0,0.0,4.08,-0.0,27407.55,28162.17,True,False,0.0136,77760.38,0.0134,0.983,0.07353
2026-08-31T01:37:38Z,WUSDT,COOLING,NONE,0.0,0.0,0.0,9.9,0.0,8476.06,2543.5,True,False,0.0,77760.38,0.0134,0.922,0.009082
2026-08-31T01:37:40Z,REDUSDT,COOLING,SELL,32.82,0.0,32.82,21.94,0.0,6719.07,6058.37,True,False,0.0,77760.38,0.0134,0.895,0.10951
2026-08-31T01:38:50Z,ETHUSDT,IMPULSE,BUY,0.0,1.1,1.1,0.04,0.0,157168.39,206229.25,True,False,-0.0223,77755.0,-0.0069,2.028,2418.57
2026-08-31T01:38:53Z,XRPUSDT,COOLING,NONE,0.0,0.0,0.0,1.49,-1.48,83677.34,104584.24,True,False,-0.0074,77755.0,-0.0069,1.967,1.3468
2026-08-31T01:38:54Z,HBARUSDT,COOLING,BUY,0.0,42.96,42.96,1.36,0.0,32832.43,29003.93,True,True,0.0,77755.0,-0.0069,0.972,0.07353
2026-08-31T01:38:56Z,WUSDT,COOLING,NONE,0.0,0.0,0.0,8.81,0.0,8861.21,4098.2,True,False,0.0,77755.0,-0.0069,1.175,0.009079
2026-08-31T01:38:59Z,REDUSDT,COOLING,NONE,0.0,0.0,0.0,13.75,0.0,4937.73,6226.33,True,False,0.0,77755.0,-0.0069,2.005,0.1094
2026-08-31T01:40:10Z,ETHUSDT,IMPULSE,BUY,0.0,20.76,20.76,0.04,0.0,149605.88,108394.48,True,False,0.0,77865.36,0.1419,0.974,2422.02
2026-08-31T01:40:11Z,XRPUSDT,COOLING,NONE,0.0,0.0,0.0,2.22,-0.74,86438.02,54027.84,True,False,0.0259,77865.36,0.1419,0.986,1.3517
2026-08-31T01:40:13Z,HBARUSDT,COOLING,NONE,0.0,0.0,0.0,2.72,-1.36,38043.47,30077.55,True,False,-0.0068,77865.36,0.1419,0.88,0.07366
2026-08-31T01:40:14Z,WUSDT,COOLING,NONE,0.0,0.0,0.0,14.26,0.0,22077.11,3251.39,True,False,0.0,77865.36,0.1419,0.997,0.009123
2026-08-31T01:40:16Z,REDUSDT,COOLING,NONE,0.0,0.0,0.0,20.17,0.0,4873.33,5438.94,True,False,0.0,77865.36,0.1419,1.177,0.10924
2026-08-31T01:41:11Z,ETHUSDT,IMPULSE,BUY,0.0,5.33,5.33,0.74,-0.17,161431.29,154788.61,True,False,-0.0004,77858.29,-0.0091,0.992,2422.01
2026-08-31T01:41:12Z,XRPUSDT,COOLING,SELL,10.89,0.0,10.89,2.22,0.0,105446.6,89712.83,True,False,-0.0444,77858.29,-0.0091,0.992,1.3511
2026-08-31T01:41:14Z,HBARUSDT,COOLING,NONE,0.0,0.0,0.0,1.36,0.0,42916.59,23655.43,True,False,0.0,77858.29,-0.0091,0.888,0.0736
2026-08-31T01:41:16Z,WUSDT,COOLING,NONE,0.0,0.0,0.0,13.18,3.29,11857.5,2124.25,True,False,0.0714,77858.29,-0.0091,0.991,0.009108
2026-08-31T01:41:18Z,REDUSDT,COOLING,NONE,0.0,0.0,0.0,13.75,0.0,4990.29,5295.93,True,False,0.0,77858.29,-0.0091,0.979,0.10904
2026-08-31T01:41:47Z,ETHUSDT,IMPULSE,BUY,0.0,31.33,31.33,0.25,-0.04,157876.83,233624.24,True,False,0.0002,77835.01,-0.0299,0.871,2421.57
2026-08-31T01:41:49Z,XRPUSDT,COOLING,NONE,0.0,0.0,0.0,0.74,-1.48,92498.25,103031.05,True,False,0.0,77835.01,-0.0299,0.93,1.3494
2026-08-31T01:41:52Z,HBARUSDT,COOLING,NONE,0.0,0.0,0.0,4.08,0.0,41312.8,13157.38,True,False,0.0,77835.01,-0.0299,2.084,0.07359
2026-08-31T01:41:53Z,WUSDT,COOLING,NONE,0.0,0.0,0.0,8.78,0.0,17545.73,2100.04,True,False,0.0,77835.01,-0.0299,0.997,0.009106
2026-08-31T01:42:35Z,REDUSDT,COOLING,NONE,0.0,0.0,0.0,11.93,0.0,4990.29,6340.87,True,False,0.0,77835.01,-0.0299,1.021,0.10908
2026-08-31T01:43:45Z,ETHUSDT,IMPULSE,SELL,39.54,2.94,39.54,0.29,0.17,228106.17,154361.77,True,False,0.0058,77762.0,-0.0938,0.897,2418.95
2026-08-31T01:43:47Z,XRPUSDT,COOLING,SELL,53.02,0.0,53.02,2.23,-1.48,102987.08,68339.93,True,False,0.0148,77762.0,-0.0938,0.98,1.3466
2026-08-31T01:43:48Z,HBARUSDT,COOLING,NONE,0.0,0.0,0.0,1.36,0.0,41722.9,28183.92,True,False,0.0,77762.0,-0.0938,1.033,0.07346
2026-08-31T01:43:51Z,WUSDT,COOLING,NONE,0.0,0.0,0.0,9.88,-3.3,11582.49,2071.55,True,False,0.0165,77762.0,-0.0938,0.898,0.009114
2026-08-31T01:43:54Z,REDUSDT,COOLING,NONE,0.0,0.0,0.0,11.93,0.0,5902.8,7522.01,True,False,0.0,77762.0,-0.0938,0.889,0.10899
2026-08-31T01:46:07Z,ETHUSDT,IMPULSE,SELL,8.63,0.0,8.63,0.04,0.0,171995.36,187704.2,True,False,0.0,77847.44,0.1099,0.924,2421.14
2026-08-31T01:46:08Z,XRPUSDT,COOLING,SELL,2.07,0.74,2.07,2.96,0.74,79143.34,68721.18,True,False,0.0037,77847.44,0.1099,0.889,1.3499
2026-08-31T01:46:10Z,HBARUSDT,COOLING,NONE,0.0,0.0,0.0,1.36,0.0,48587.98,12026.35,True,False,0.0,77847.44,0.1099,0.945,0.07356
2026-08-31T01:46:11Z,WUSDT,COOLING,SELL,74.01,0.0,74.01,7.66,-3.28,16707.39,4161.51,True,False,0.0164,77847.44,0.1099,0.873,0.009131
2026-08-31T01:46:13Z,REDUSDT,COOLING,NONE,0.0,0.0,0.0,13.75,0.0,6116.9,4644.22,True,False,0.0,77847.44,0.1099,0.947,0.10908
2026-08-31T01:47:22Z,ETHUSDT,IMPULSE,SELL,28.83,1.73,28.83,0.41,-0.62,200183.17,161809.59,True,False,-0.0043,77827.4,-0.0257,0.882,2418.01
2026-08-31T01:48:03Z,XRPUSDT,COOLING,NONE,0.0,0.0,0.0,1.49,0.0,95710.73,80835.08,True,False,0.0,77827.4,-0.0257,0.952,1.347
2026-08-31T01:48:05Z,HBARUSDT,COOLING,NONE,0.0,0.0,0.0,2.72,0.0,44569.02,29400.91,True,False,0.0,77827.4,-0.0257,1.003,0.07343
2026-08-31T01:48:07Z,WUSDT,COOLING,NONE,0.0,0.0,0.0,13.19,0.0,10721.93,2252.01,True,False,0.0,77827.4,-0.0257,1.035,0.0091
2026-08-31T01:48:08Z,REDUSDT,COOLING,NONE,0.0,0.0,0.0,22.06,0.0,6785.22,5211.15,True,False,0.0,77827.4,-0.0257,0.929,0.10898
2026-08-31T01:49:16Z,ETHUSDT,IMPULSE,SELL,8.12,3.91,8.12,0.08,0.04,165665.4,155213.58,True,False,-0.0006,77750.0,-0.0995,0.989,2417.8
2026-08-31T01:49:18Z,XRPUSDT,COOLING,NONE,0.0,0.0,0.0,1.49,-1.49,99365.98,80446.94,True,False,0.0074,77750.0,-0.0995,0.855,1.3465
2026-08-31T01:49:19Z,HBARUSDT,COOLING,NONE,0.0,0.0,0.0,1.36,0.0,47274.08,14385.83,True,False,0.0,77750.0,-0.0995,0.986,0.07337
2026-08-31T01:49:21Z,WUSDT,COOLING,NONE,0.0,0.0,0.0,12.13,0.0,9768.1,2447.03,True,False,0.0,77750.0,-0.0995,0.872,0.009069
2026-08-31T01:49:23Z,REDUSDT,COOLING,NONE,0.0,0.0,0.0,10.14,0.0,5467.73,6264.54,True,False,0.0,77750.0,-0.0995,0.934,0.10871
2026-08-31T01:50:13Z,ETHUSDT,IMPULSE,SELL,5.79,0.0,5.79,0.41,-0.66,159584.52,145136.87,True,False,0.0116,77762.49,0.0161,0.939,2419.25
2026-08-31T01:50:15Z,XRPUSDT,COOLING,SELL,0.01,0.0,0.01,2.22,0.74,107374.16,73365.04,True,False,0.0037,77762.49,0.0161,0.944,1.3483
2026-08-31T01:50:17Z,HBARUSDT,COOLING,NONE,0.0,0.0,0.0,1.36,-1.36,15288.62,34251.02,True,False,-0.0068,77762.49,0.0161,1.004,0.07338
2026-08-31T01:50:18Z,WUSDT,COOLING,NONE,0.0,0.0,0.0,9.92,0.0,10021.24,2447.03,True,False,0.0,77762.49,0.0161,0.976,0.009069
2026-08-31T01:50:20Z,REDUSDT,COOLING,NONE,0.0,0.0,0.0,10.14,0.0,5661.2,6264.54,True,False,0.0,77762.49,0.0161,0.909,0.10849
2026-08-31T01:50:48Z,ETHUSDT,IMPULSE,NONE,0.0,0.0,0.0,0.41,0.08,153037.01,158353.38,True,False,0.0008,77778.51,0.0206,0.883,2419.5
2026-08-31T01:50:49Z,XRPUSDT,COOLING,NONE,0.0,0.0,0.0,2.23,-0.74,86416.7,68253.69,True,False,0.0037,77778.51,0.0206,1.011,1.3481
2026-08-31T01:50:51Z,HBARUSDT,COOLING,SELL,14.13,0.0,14.13,1.36,0.0,46233.34,34246.36,True,False,-0.0136,77778.51,0.0206,0.926,0.07338
2026-08-31T01:50:52Z,WUSDT,COOLING,SELL,17.26,0.0,17.26,17.62,0.0,10021.24,2436.66,True,True,0.0,77778.51,0.0206,0.903,0.009076
2026-08-31T01:50:55Z,REDUSDT,COOLING,NONE,0.0,0.0,0.0,10.14,0.0,6949.26,6264.54,True,False,0.0,77778.51,0.0206,1.584,0.10849
2026-08-31T01:51:23Z,ETHUSDT,IMPULSE,SELL,1.67,0.0,1.67,0.37,-0.04,157887.61,158509.24,True,False,-0.0002,77770.08,-0.0108,0.876,2419.25
2026-08-31T01:52:04Z,XRPUSDT,COOLING,NONE,0.0,0.0,0.0,2.23,0.0,93507.64,89418.01,True,False,0.0,77770.08,-0.0108,0.943,1.3484
2026-08-31T01:52:06Z,HBARUSDT,COOLING,NONE,0.0,0.0,0.0,1.36,0.0,49632.3,38401.71,True,False,0.0,77770.08,-0.0108,0.883,0.07337
2026-08-31T01:52:08Z,WUSDT,COOLING,NONE,0.0,0.0,0.0,13.22,3.31,9102.57,2435.95,True,False,-0.0165,77770.08,-0.0108,1.04,0.009078
2026-08-31T01:52:09Z,REDUSDT,COOLING,NONE,0.0,0.0,0.0,10.14,-10.13,6757.16,5348.69,True,False,-0.0507,77770.08,-0.0108,0.867,0.10845
2026-08-31T01:53:03Z,ETHUSDT,IMPULSE,BUY,0.0,7.47,7.47,0.04,-0.04,148517.44,170259.79,True,False,-0.0006,77750.01,-0.0258,0.957,2417.07
2026-08-31T01:53:04Z,XRPUSDT,COOLING,NONE,0.0,0.0,0.0,2.23,-1.48,85718.16,57185.74,True,False,0.0,77750.01,-0.0258,0.959,1.3468
2026-08-31T01:53:06Z,HBARUSDT,COOLING,NONE,0.0,0.0,0.0,1.36,0.0,44379.12,14487.34,True,False,0.0,77750.01,-0.0258,0.917,0.07337
2026-08-31T01:53:08Z,WUSDT,COOLING,NONE,0.0,0.0,0.0,5.51,0.0,15973.12,3272.06,True,False,0.0,77750.01,-0.0258,0.986,0.009091
2026-08-31T01:53:09Z,REDUSDT,COOLING,SELL,23.25,0.0,23.25,20.32,7.39,4876.52,6615.63,True,False,-0.0369,77750.01,-0.0258,0.982,0.10835
2026-08-31T01:53:38Z,ETHUSDT,IMPULSE,NONE,0.0,0.0,0.0,0.17,-0.08,155001.25,157717.56,True,False,-0.0012,77732.95,-0.0219,1.015,2416.49
2026-08-31T01:53:40Z,XRPUSDT,COOLING,BUY,0.0,22.34,22.34,1.48,-0.0,82551.88,100280.26,True,False,0.0223,77732.95,-0.0219,0.96,1.3471
2026-08-31T01:53:41Z,HBARUSDT,COOLING,BUY,0.0,71.5,71.5,1.36,0.0,39575.48,36657.72,True,False,0.0,77732.95,-0.0219,1.009,0.07337
2026-08-31T01:53:43Z,WUSDT,COOLING,NONE,0.0,0.0,0.0,8.81,0.0,8855.42,3591.42,True,False,0.0,77732.95,-0.0219,0.936,0.009075
2026-08-31T01:53:45Z,REDUSDT,COOLING,NONE,0.0,0.0,0.0,10.14,0.0,4882.42,6187.98,True,False,0.0,77732.95,-0.0219,0.958,0.10834
2026-08-31T01:54:12Z,ETHUSDT,IMPULSE,SELL,13.13,4.55,13.13,1.03,-0.25,176302.34,159963.98,True,False,-0.0008,77717.44,-0.02,0.906,2416.99
2026-08-31T01:54:14Z,XRPUSDT,COOLING,SELL,2.84,0.0,2.84,2.23,0.0,101720.75,55253.03,True,False,0.0,77717.44,-0.02,0.978,1.3456
2026-08-31T01:54:15Z,HBARUSDT,COOLING,NONE,0.0,0.0,0.0,1.36,0.0,41733.54,10197.36,True,False,0.0,77717.44,-0.02,0.853,0.0733
2026-08-31T01:54:17Z,WUSDT,COOLING,NONE,0.0,0.0,0.0,6.61,0.0,9635.0,2095.35,True,False,0.0,77717.44,-0.02,0.914,0.009075
2026-08-31T01:54:18Z,REDUSDT,COOLING,NONE,0.0,0.0,0.0,12.92,0.0,4876.52,6450.88,True,False,0.0,77717.44,-0.02,0.863,0.10835
2026-08-31T01:55:14Z,ETHUSDT,IMPULSE,BUY,5.5,8.71,8.71,0.04,0.0,167879.8,274595.63,True,False,-0.0087,77712.11,-0.0069,1.912,2416.01
2026-08-31T01:55:16Z,XRPUSDT,COOLING,SELL,18.95,0.0,18.95,0.74,-0.74,104549.05,83581.66,True,True,-0.0335,77712.11,-0.0069,0.943,1.3444
2026-08-31T01:55:17Z,HBARUSDT,COOLING,BUY,0.0,71.26,71.26,1.37,0.0,28321.27,29281.02,True,False,0.0,77712.11,-0.0069,0.935,0.07329
2026-08-31T01:55:19Z,WUSDT,COOLING,NONE,0.0,0.0,0.0,12.12,0.0,9614.72,2091.03,True,False,0.0,77712.11,-0.0069,1.009,0.009078
2026-08-31T01:55:21Z,REDUSDT,COOLING,NONE,0.0,0.0,0.0,20.32,0.0,4458.22,7585.81,True,False,0.0,77712.11,-0.0069,1.075,0.10838
2026-08-31T01:56:32Z,ETHUSDT,IMPULSE,NONE,0.0,0.0,0.0,0.37,0.25,150222.92,144310.13,True,False,0.0021,77738.66,0.0342,1.014,2416.64
2026-08-31T01:56:33Z,XRPUSDT,COOLING,NONE,0.0,0.0,0.0,2.23,0.0,91358.83,106668.73,True,False,0.0,77738.66,0.0342,0.98,1.3472
2026-08-31T01:56:34Z,HBARUSDT,COOLING,NONE,0.0,0.0,0.0,1.37,0.0,34822.28,13738.2,True,False,0.0,77738.66,0.0342,0.918,0.07327
2026-08-31T01:56:36Z,WUSDT,COOLING,NONE,0.0,0.0,0.0,7.71,0.0,9614.72,2598.5,True,False,0.0,77738.66,0.0342,0.872,0.00908
2026-08-31T01:56:37Z,REDUSDT,COOLING,NONE,0.0,0.0,0.0,10.14,0.0,6114.25,6122.39,True,False,0.0,77738.66,0.0342,0.872,0.10836
2026-08-31T01:57:05Z,ETHUSDT,IMPULSE,BUY,1.41,11.96,11.96,0.04,0.0,158970.39,185408.5,True,False,0.0,77733.94,-0.0061,0.915,2415.01
2026-08-31T01:57:07Z,XRPUSDT,COOLING,NONE,0.0,0.0,0.0,0.74,0.0,97495.87,104227.42,True,False,0.0,77733.94,-0.0061,0.951,1.3458
2026-08-31T01:57:08Z,HBARUSDT,COOLING,BUY,0.0,64.93,64.93,1.37,0.0,38330.61,34342.98,True,False,0.0,77733.94,-0.0061,1.004,0.07324
2026-08-31T01:57:10Z,WUSDT,COOLING,NONE,0.0,0.0,0.0,12.13,0.0,7779.96,2598.22,True,False,0.0,77733.94,-0.0061,0.976,0.009071
2026-08-31T01:57:11Z,REDUSDT,COOLING,NONE,0.0,0.0,0.0,12.92,0.0,4876.52,6360.74,True,False,0.0,77733.94,-0.0061,0.912,0.10843
2026-08-31T01:58:45Z,ETHUSDT,IMPULSE,SELL,1.65,0.0,1.65,0.12,-0.58,167864.34,152022.86,True,False,-0.0,77691.29,-0.0549,1.945,2414.26
2026-08-31T01:58:46Z,XRPUSDT,COOLING,BUY,0.46,32.34,32.34,1.49,-0.74,102234.94,121831.89,True,False,-0.0037,77691.29,-0.0549,0.991,1.3439
2026-08-31T01:58:48Z,HBARUSDT,COOLING,NONE,0.0,0.0,0.0,1.37,0.0,43308.12,32992.12,True,False,0.0,77691.29,-0.0549,0.986,0.07325
2026-08-31T01:58:50Z,WUSDT,COOLING,NONE,0.0,0.0,0.0,18.74,0.0,7779.96,2509.19,True,False,0.0,77691.29,-0.0549,0.91,0.009066
2026-08-31T01:58:52Z,REDUSDT,COOLING,NONE,0.0,0.0,0.0,12.02,0.0,6542.57,5737.5,True,False,0.0,77691.29,-0.0549,1.006,0.10826
2026-08-31T01:59:20Z,ETHUSDT,IMPULSE,SELL,0.07,0.0,0.07,0.04,0.0,152171.86,201827.69,True,False,-0.0108,77667.06,-0.0312,0.927,2413.17
2026-08-31T01:59:22Z,XRPUSDT,COOLING,BUY,0.0,21.08,21.08,2.23,0.0,100520.71,152263.11,True,False,-0.0074,77667.06,-0.0312,0.935,1.3429
2026-08-31T01:59:23Z,HBARUSDT,COOLING,NONE,0.0,0.0,0.0,1.37,0.0,43308.12,32358.09,True,False,0.0,77667.06,-0.0312,0.86,0.07325
2026-08-31T02:00:04Z,WUSDT,COOLING,BUY,0.0,0.17,0.17,18.74,6.61,8071.9,3325.69,True,False,0.0331,77667.06,-0.0312,40.89,0.009073
2026-08-31T02:00:06Z,REDUSDT,COOLING,NONE,0.0,0.0,0.0,10.18,0.0,6950.98,5143.46,True,False,0.0,77667.06,-0.0312,0.971,0.10808
2026-08-31T02:00:35Z,ETHUSDT,IMPULSE,BUY,4.82,6.06,6.06,0.17,-0.75,153744.99,149978.75,True,False,-0.0046,77615.01,-0.067,0.979,2410.75
2026-08-31T02:00:36Z,XRPUSDT,COOLING,SELL,30.97,0.0,30.97,2.23,-0.75,155529.11,74729.39,True,False,0.0037,77615.01,-0.067,1.001,1.3422
2026-08-31T02:00:38Z,HBARUSDT,COOLING,NONE,0.0,0.0,0.0,1.37,0.0,43370.78,30562.71,True,False,0.0,77615.01,-0.067,0.99,0.07322
2026-08-31T02:00:39Z,WUSDT,COOLING,NONE,0.0,0.0,0.0,15.44,0.0,8964.31,2509.19,True,False,0.0,77615.01,-0.067,0.996,0.009069
2026-08-31T02:00:41Z,REDUSDT,COOLING,NONE,0.0,0.0,0.0,20.39,0.0,6658.53,6528.69,True,False,0.0,77615.01,-0.067,0.922,0.10807
2026-08-31T02:02:55Z,ETHUSDT,IMPULSE,SELL,1.4,0.0,1.4,0.25,-0.21,144107.76,143214.77,True,False,0.0006,77595.01,-0.0258,0.91,2412.21
2026-08-31T02:02:57Z,XRPUSDT,COOLING,NONE,0.0,0.0,0.0,2.24,0.0,94006.86,61639.46,True,False,0.0,77595.01,-0.0258,1.002,1.3416
2026-08-31T02:02:58Z,HBARUSDT,COOLING,NONE,0.0,0.0,0.0,1.37,0.0,36305.74,31855.56,True,False,0.0,77595.01,-0.0258,0.975,0.07328
2026-08-31T02:03:00Z,RIZEUSDT,COOLING,SELL,60.2,0.0,60.2,50.64,0.0,303.14,672.95,True,False,0.0,77595.01,-0.0258,1.003,0.004348
2026-08-31T02:03:01Z,WUSDT,COOLING,NONE,0.0,0.0,0.0,16.55,1.1,13277.3,2264.5,True,False,-0.0055,77595.01,-0.0258,0.935,0.009071
2026-08-31T02:03:32Z,ETHUSDT,IMPULSE,NONE,0.0,0.0,0.0,0.17,-0.58,158075.02,153420.3,True,False,0.0008,77539.12,-0.072,0.935,2408.83
2026-08-31T02:03:33Z,XRPUSDT,COOLING,NONE,0.0,0.0,0.0,1.49,0.0,94494.04,96393.92,True,False,0.0,77539.12,-0.072,0.937,1.3398
2026-08-31T02:03:35Z,HBARUSDT,COOLING,NONE,0.0,0.0,0.0,1.37,0.0,29985.96,12202.76,True,False,0.0,77539.12,-0.072,0.89,0.07322
2026-08-31T02:03:36Z,RIZEUSDT,COOLING,NONE,0.0,0.0,0.0,50.64,0.0,303.14,672.95,True,False,0.0,77539.12,-0.072,0.906,0.004348
2026-08-31T02:03:38Z,WUSDT,COOLING,NONE,0.0,0.0,0.0,4.42,-4.43,9316.12,4013.31,True,False,0.1105,77539.12,-0.072,1.022,0.009055
2026-08-31T02:04:11Z,ETHUSDT,IMPULSE,SELL,0.16,0.0,0.16,0.87,-0.21,155529.86,94095.3,True,False,0.0073,77604.7,0.0846,1.022,2412.72
2026-08-31T02:04:53Z,XRPUSDT,COOLING,NONE,0.0,0.0,0.0,1.49,-0.75,59633.42,69433.94,True,False,0.1154,77604.7,0.0846,40.895,1.3428
2026-08-31T02:04:55Z,HBARUSDT,COOLING,SELL,3.47,0.0,3.47,1.36,0.0,47026.8,31276.07,True,False,0.0,77604.7,0.0846,0.899,0.07329
2026-08-31T02:04:56Z,RIZEUSDT,COOLING,SELL,68.35,0.0,68.35,50.64,0.0,303.14,663.35,True,True,0.0,77604.7,0.0846,0.88,0.004343
2026-08-31T02:04:58Z,WUSDT,COOLING,NONE,0.0,0.0,0.0,7.72,0.0,29988.09,2123.12,True,False,0.0,77604.7,0.0846,0.962,0.00907
2026-08-31T02:06:31Z,ETHUSDT,IMPULSE,NONE,0.0,0.0,0.0,0.46,0.17,158774.45,152874.06,True,False,-0.0017,77748.72,0.1856,0.872,2417.38
2026-08-31T02:06:33Z,XRPUSDT,COOLING,NONE,0.0,0.0,0.0,1.49,-0.74,88715.25,44000.79,True,False,0.0037,77748.72,0.1856,0.876,1.3465
2026-08-31T02:06:35Z,HBARUSDT,COOLING,NONE,0.0,0.0,0.0,1.36,0.0,41905.47,29142.33,True,False,0.0,77748.72,0.1856,0.866,0.07332
2026-08-31T02:06:37Z,RIZEUSDT,COOLING,SELL,70.6,0.0,70.6,50.64,0.0,303.14,672.74,True,True,0.0,77748.72,0.1856,0.857,0.004353
2026-08-31T02:06:39Z,WUSDT,COOLING,NONE,0.0,0.0,0.0,12.11,-3.31,29988.09,2055.66,True,False,0.0275,77748.72,0.1856,0.98,0.009075
2026-08-31T02:07:08Z,ETHUSDT,IMPULSE,SELL,4.37,0.07,4.37,0.04,-0.04,153168.5,155122.03,True,False,0.0093,77762.51,0.0177,0.859,2417.36
2026-08-31T02:07:10Z,XRPUSDT,COOLING,NONE,0.0,0.0,0.0,1.48,0.0,100346.12,75412.37,True,False,0.0,77762.51,0.0177,0.923,1.3469
2026-08-31T02:07:12Z,HBARUSDT,COOLING,BUY,15.45,17.26,17.26,2.73,1.36,44934.55,29553.59,True,True,0.0204,77762.51,0.0177,0.91,0.07337
2026-08-31T02:07:15Z,RIZEUSDT,COOLING,NONE,0.0,0.0,0.0,50.64,0.0,121.18,672.74,True,False,0.0,77762.51,0.0177,1.904,0.004353
2026-08-31T02:07:17Z,WUSDT,COOLING,NONE,0.0,0.0,0.0,11.01,0.0,29988.09,2403.1,True,False,0.0,77762.51,0.0177,0.879,0.009081
2026-08-31T02:09:05Z,ETHUSDT,IMPULSE,NONE,0.0,0.0,0.0,0.04,0.0,149901.99,153288.51,True,False,0.0,77719.47,-0.0553,0.998,2416.13
2026-08-31T02:09:07Z,XRPUSDT,COOLING,NONE,0.0,0.0,0.0,2.23,0.0,93927.43,72486.47,True,False,-0.0074,77719.47,-0.0553,0.962,1.3466
2026-08-31T02:09:09Z,HBARUSDT,COOLING,SELL,26.52,0.0,26.52,1.36,-0.0,42908.63,39210.99,True,True,0.0136,77719.47,-0.0553,0.931,0.07336
2026-08-31T02:09:11Z,RIZEUSDT,COOLING,NONE,0.0,0.0,0.0,50.64,0.0,303.14,672.74,True,False,0.0,77719.47,-0.0553,0.974,0.004342
2026-08-31T02:09:14Z,WUSDT,COOLING,NONE,0.0,0.0,0.0,14.29,0.0,29988.09,2546.49,True,False,0.0,77719.47,-0.0553,1.007,0.009088
2026-08-31T02:11:32Z,ETHUSDT,IMPULSE,BUY,0.48,4.44,4.44,0.04,0.0,142984.88,160709.8,True,False,0.0,77798.89,0.1022,0.944,2420.45
2026-08-31T02:11:34Z,XRPUSDT,COOLING,NONE,0.0,0.0,0.0,2.22,0.0,78735.71,74928.12,True,False,0.0,77798.89,0.1022,1.032,1.3522
2026-08-31T02:11:35Z,HBARUSDT,COOLING,SELL,4.07,0.0,4.07,1.36,0.0,43713.57,28759.37,True,False,-0.0136,77798.89,0.1022,1.016,0.07358
2026-08-31T02:11:38Z,RIZEUSDT,COOLING,NONE,0.0,0.0,0.0,29.9,0.0,261.13,684.17,True,False,0.0,77798.89,0.1022,1.009,0.004342
2026-08-31T02:11:40Z,WUSDT,COOLING,NONE,0.0,0.0,0.0,9.86,0.0,29988.09,3251.39,True,False,0.0,77798.89,0.1022,1.013,0.009118
2026-08-31T02:12:08Z,ETHUSDT,IMPULSE,SELL,0.55,0.0,0.55,0.04,-0.04,158071.72,156849.06,True,False,0.0076,77815.81,0.0217,0.978,2420.46
2026-08-31T02:12:09Z,XRPUSDT,COOLING,NONE,0.0,0.0,0.0,2.22,-0.74,60590.52,65131.36,True,False,0.0037,77815.81,0.0217,0.914,1.3531
2026-08-31T02:12:11Z,HBARUSDT,COOLING,BUY,0.0,29.09,29.09,1.36,0.0,16085.3,27862.91,True,True,0.0,77815.81,0.0217,0.886,0.07358
2026-08-31T02:12:12Z,RIZEUSDT,COOLING,NONE,0.0,0.0,0.0,50.64,0.0,261.13,676.14,True,False,0.0,77815.81,0.0217,0.94,0.00434
2026-08-31T02:12:14Z,WUSDT,COOLING,BUY,0.0,32.57,32.57,9.86,0.0,29988.09,3251.39,True,True,0.0,77815.81,0.0217,0.998,0.009118
2026-08-31T02:12:42Z,ETHUSDT,IMPULSE,SELL,6.32,0.0,6.32,0.83,0.78,156147.48,152242.48,True,False,0.0043,77866.33,0.0649,0.943,2421.99
2026-08-31T02:12:43Z,XRPUSDT,COOLING,NONE,0.0,0.0,0.0,1.48,-0.74,76249.63,73794.47,True,False,-0.0037,77866.33,0.0649,0.964,1.3545
2026-08-31T02:12:45Z,HBARUSDT,COOLING,NONE,0.0,0.0,0.0,1.36,0.0,49017.33,41111.23,True,False,0.0,77866.33,0.0649,0.895,0.07363
2026-08-31T02:12:46Z,RIZEUSDT,COOLING,NONE,0.0,0.0,0.0,50.64,0.0,261.13,676.14,True,False,0.0,77866.33,0.0649,0.897,0.00434
2026-08-31T02:12:48Z,WUSDT,COOLING,NONE,0.0,0.0,0.0,6.57,0.0,29988.09,3562.08,True,False,0.0,77866.33,0.0649,0.893,0.009125
2026-08-31T02:14:20Z,ETHUSDT,IMPULSE,NONE,0.0,0.0,0.0,0.04,-0.21,149896.33,151997.94,True,False,0.0254,77983.52,0.1505,0.891,2424.79
2026-08-31T02:14:22Z,XRPUSDT,COOLING,NONE,0.0,0.0,0.0,1.47,0.0,68165.99,56074.32,True,False,0.0,77983.52,0.1505,0.944,1.3564
2026-08-31T02:14:24Z,HBARUSDT,COOLING,BUY,0.0,20.44,20.44,2.71,1.36,15300.87,30885.44,True,False,0.0068,77983.52,0.1505,1.88,0.07373
2026-08-31T02:14:26Z,RIZEUSDT,COOLING,NONE,0.0,0.0,0.0,50.64,0.0,261.13,664.79,True,False,0.0,77983.52,0.1505,0.915,0.004349
2026-08-31T02:14:29Z,WUSDT,COOLING,BUY,0.0,42.1,42.1,6.57,-12.04,29988.09,4161.51,True,False,-0.0602,77983.52,0.1505,0.951,0.009141
2026-08-31T02:14:56Z,ETHUSDT,IMPULSE,BUY,0.0,2.17,2.17,0.33,-0.04,153749.04,151726.53,True,False,0.0002,77980.99,-0.0032,0.911,2423.9
2026-08-31T02:14:58Z,XRPUSDT,COOLING,NONE,0.0,0.0,0.0,1.48,0.0,75193.81,62454.74,True,False,0.0,77980.99,-0.0032,0.871,1.3553
2026-08-31T02:14:59Z,HBARUSDT,COOLING,SELL,24.2,0.0,24.2,1.36,-1.36,55105.58,16468.46,True,False,0.0068,77980.99,-0.0032,0.899,0.07373
2026-08-31T02:15:01Z,RIZEUSDT,COOLING,NONE,0.0,0.0,0.0,36.81,-13.84,261.13,664.79,True,False,0.0691,77980.99,-0.0032,0.959,0.004342
2026-08-31T02:15:02Z,WUSDT,COOLING,NONE,0.0,0.0,0.0,12.04,0.0,29988.09,4161.51,True,False,0.0,77980.99,-0.0032,0.9,0.009141
2026-08-31T02:15:32Z,ETHUSDT,IMPULSE,NONE,0.0,0.0,0.0,0.04,0.0,155365.66,257557.36,True,False,0.0,77917.42,-0.0815,0.882,2422.32
2026-08-31T02:15:33Z,XRPUSDT,COOLING,SELL,38.21,1.57,38.21,1.48,0.0,71373.85,108262.98,True,True,-0.0074,77917.42,-0.0815,0.865,1.354
2026-08-31T02:15:35Z,HBARUSDT,COOLING,BUY,0.0,62.75,62.75,2.72,1.36,50431.19,27553.23,True,False,-0.0068,77917.42,-0.0815,0.919,0.07368
2026-08-31T02:15:37Z,RIZEUSDT,COOLING,NONE,0.0,0.0,0.0,50.64,0.0,261.13,663.54,True,False,0.0,77917.42,-0.0815,0.978,0.004342
2026-08-31T02:15:39Z,WUSDT,COOLING,NONE,0.0,0.0,0.0,12.04,0.0,29988.09,4161.51,True,False,0.0,77917.42,-0.0815,1.024,0.009126
2026-08-31T02:16:31Z,ETHUSDT,IMPULSE,NONE,0.0,0.0,0.0,0.21,-0.04,154236.92,156041.98,True,False,0.0002,77942.18,0.0318,0.951,2422.66
2026-08-31T02:16:32Z,XRPUSDT,COOLING,NONE,0.0,0.0,0.0,2.21,0.0,58978.85,104001.89,True,False,0.0,77942.18,0.0318,0.894,1.355
2026-08-31T02:16:33Z,HBARUSDT,COOLING,NONE,0.0,0.0,0.0,1.36,0.0,43050.69,24600.33,True,False,0.0,77942.18,0.0318,0.907,0.07354
2026-08-31T02:16:35Z,RIZEUSDT,COOLING,NONE,0.0,0.0,0.0,50.64,0.0,261.13,663.54,True,False,0.0,77942.18,0.0318,0.958,0.004341
2026-08-31T02:16:37Z,WUSDT,COOLING,NONE,0.0,0.0,0.0,8.75,0.0,29988.09,4161.51,True,False,0.0,77942.18,0.0318,0.875,0.009142
2026-08-31T02:17:06Z,ETHUSDT,IMPULSE,BUY,0.0,0.87,0.87,0.04,-0.04,145274.87,156195.01,True,False,-0.0002,77934.26,-0.0102,0.987,2421.93
2026-08-31T02:17:07Z,XRPUSDT,COOLING,NONE,0.0,0.0,0.0,2.21,0.0,96457.85,79166.86,True,False,0.0,77934.26,-0.0102,0.993,1.3558
2026-08-31T02:17:49Z,HBARUSDT,COOLING,NONE,0.0,0.0,0.0,1.36,0.0,40463.86,27323.83,True,False,0.0,77934.26,-0.0102,0.925,0.07362
2026-08-31T02:17:51Z,RIZEUSDT,COOLING,NONE,0.0,0.0,0.0,50.64,0.0,261.13,663.54,True,False,0.0,77934.26,-0.0102,0.958,0.004342
2026-08-31T02:17:52Z,WUSDT,COOLING,NONE,0.0,0.0,0.0,16.32,2.18,11496.87,3942.39,True,False,-0.0109,77934.26,-0.0102,1.077,0.009205
2026-08-31T02:18:24Z,ETHUSDT,IMPULSE,NONE,0.0,0.0,0.0,0.58,0.54,164280.39,148099.82,True,False,0.006,77895.0,-0.0504,1.018,2421.55
2026-08-31T02:19:05Z,XRPUSDT,COOLING,NONE,0.0,0.0,0.0,1.48,-1.48,56717.26,59986.85,True,False,-0.0222,77895.0,-0.0504,0.868,1.3547
2026-08-31T02:19:06Z,HBARUSDT,COOLING,NONE,0.0,0.0,0.0,1.36,0.0,29360.87,16267.52,True,False,0.0,77895.0,-0.0504,0.855,0.07366
2026-08-31T02:19:08Z,RIZEUSDT,COOLING,NONE,0.0,0.0,0.0,32.26,-18.39,261.13,663.54,True,False,-0.0921,77895.0,-0.0504,0.941,0.004346
2026-08-31T02:19:10Z,WUSDT,COOLING,NONE,0.0,0.0,0.0,14.11,0.0,13829.38,4920.68,True,False,0.0,77895.0,-0.0504,0.993,0.009208
2026-08-31T02:20:00Z,ETHUSDT,IMPULSE,NONE,0.0,0.0,0.0,0.37,0.33,152716.14,154025.89,True,False,0.0054,77855.01,-0.0513,0.867,2418.23
2026-08-31T02:20:02Z,XRPUSDT,COOLING,NONE,0.0,0.0,0.0,1.48,-0.74,42279.81,59705.99,True,False,-0.0037,77855.01,-0.0513,0.964,1.3512
2026-08-31T02:20:03Z,HBARUSDT,COOLING,NONE,0.0,0.0,0.0,1.36,0.0,46670.8,9436.23,True,False,0.0,77855.01,-0.0513,0.98,0.07361
2026-08-31T02:20:05Z,RIZEUSDT,COOLING,NONE,0.0,0.0,0.0,20.69,-29.96,261.13,663.54,True,False,0.1496,77855.01,-0.0513,0.988,0.004345
2026-08-31T02:20:06Z,WUSDT,COOLING,NONE,0.0,0.0,0.0,14.14,0.0,16322.66,4702.72,True,False,0.0,77855.01,-0.0513,0.99,0.009218
2026-08-31T02:20:36Z,ETHUSDT,IMPULSE,BUY,0.0,1.08,1.08,0.04,-0.45,153215.64,156924.01,True,False,-0.0043,77886.34,0.0402,0.945,2419.54
2026-08-31T02:20:38Z,XRPUSDT,COOLING,NONE,0.0,0.0,0.0,2.22,0.0,81916.11,59896.89,True,False,0.0,77886.34,0.0402,1.021,1.3517
2026-08-31T02:21:20Z,HBARUSDT,COOLING,NONE,0.0,0.0,0.0,1.36,0.0,41442.39,35461.02,True,False,0.0,77886.34,0.0402,0.979,0.07361
2026-08-31T02:21:22Z,RIZEUSDT,COOLING,NONE,0.0,0.0,0.0,50.64,0.0,261.13,663.54,True,False,0.0,77886.34,0.0402,0.913,0.004346
2026-08-31T02:21:25Z,WUSDT,COOLING,NONE,0.0,0.0,0.0,15.24,0.0,9997.0,2673.24,True,False,0.0,77886.34,0.0402,0.954,0.00919
2026-08-31T02:23:14Z,ETHUSDT,IMPULSE,SELL,34.64,0.0,34.64,0.04,-0.58,215100.89,150762.04,True,False,-0.0025,77835.0,-0.0659,0.867,2416.5
2026-08-31T02:23:15Z,XRPUSDT,COOLING,SELL,17.98,0.0,17.98,2.96,0.74,94727.08,109952.82,True,False,0.0037,77835.0,-0.0659,0.902,1.3524
2026-08-31T02:23:17Z,HBARUSDT,COOLING,NONE,0.0,0.0,0.0,1.36,0.0,42980.72,11343.09,True,False,0.0,77835.0,-0.0659,1.052,0.07359
2026-08-31T02:23:19Z,RIZEUSDT,COOLING,NONE,0.0,0.0,0.0,50.64,0.0,120.87,667.46,True,False,0.0,77835.0,-0.0659,0.887,0.00435
2026-08-31T02:24:00Z,WUSDT,COOLING,BUY,0.0,1.21,1.21,14.09,3.24,8889.22,5696.78,True,False,0.1031,77835.0,-0.0659,40.915,0.00921
2026-08-31T02:26:14Z,ETHUSDT,IMPULSE,NONE,0.0,0.0,0.0,0.04,0.0,177134.0,149504.37,True,False,0.0,77850.16,0.0195,0.938,2415.77
2026-08-31T02:26:16Z,XRPUSDT,COOLING,NONE,0.0,0.0,0.0,2.22,0.0,76176.68,84176.33,True,False,0.0,77850.16,0.0195,1.053,1.3525
2026-08-31T02:26:17Z,HBARUSDT,COOLING,NONE,0.0,0.0,0.0,1.36,0.0,47941.34,18193.25,True,False,0.0,77850.16,0.0195,1.021,0.07358
2026-08-31T02:26:19Z,RIZEUSDT,COOLING,NONE,0.0,0.0,0.0,30.05,0.0,119.85,672.56,True,False,0.0,77850.16,0.0195,0.992,0.004333
2026-08-31T02:26:21Z,WUSDT,COOLING,NONE,0.0,0.0,0.0,16.17,0.0,21138.68,3313.9,True,False,0.0,77850.16,0.0195,0.847,0.009278
2026-08-31T02:27:29Z,ETHUSDT,IMPULSE,SELL,2.8,0.0,2.8,0.04,0.0,144398.77,154108.63,True,False,0.0,77850.16,0.0,1.002,2416.18
2026-08-31T02:27:31Z,XRPUSDT,COOLING,SELL,32.61,0.0,32.61,1.48,0.74,83139.63,114241.89,True,True,-0.0037,77850.16,0.0,0.945,1.3515
2026-08-31T02:27:33Z,HBARUSDT,COOLING,NONE,0.0,0.0,0.0,1.36,0.0,50067.17,14825.24,True,False,0.0,77850.16,0.0,0.992,0.07355
2026-08-31T02:27:34Z,RIZEUSDT,COOLING,NONE,0.0,0.0,0.0,60.19,0.0,200.3,664.47,True,False,0.0,77850.16,0.0,0.919,0.004316
2026-08-31T02:27:36Z,WUSDT,COOLING,NONE,0.0,0.0,0.0,14.05,0.0,10463.91,2572.88,True,False,0.0,77850.16,0.0,1.052,0.009255
2026-08-31T02:28:04Z,ETHUSDT,IMPULSE,BUY,6.58,7.9,7.9,0.04,0.0,163777.42,153730.47,True,False,0.0,77881.14,0.0398,1.005,2416.56
2026-08-31T02:28:06Z,XRPUSDT,COOLING,NONE,0.0,0.0,0.0,2.22,0.0,54792.87,64152.79,True,False,0.0,77881.14,0.0398,0.942,1.3518
2026-08-31T02:28:07Z,HBARUSDT,COOLING,NONE,0.0,0.0,0.0,1.36,0.0,45206.99,36687.4,True,False,0.0,77881.14,0.0398,1.08,0.07351
2026-08-31T02:28:49Z,RIZEUSDT,COOLING,NONE,0.0,0.0,0.0,60.19,0.0,119.4,664.47,True,False,0.0,77881.14,0.0398,0.905,0.004316
2026-08-31T02:28:51Z,WUSDT,COOLING,NONE,0.0,0.0,0.0,12.95,0.0,17644.92,4065.28,True,False,0.0,77881.14,0.0398,0.907,0.009254
2026-08-31T02:31:06Z,ETHUSDT,IMPULSE,NONE,0.0,0.0,0.0,0.17,0.08,142632.0,141226.38,True,False,0.1114,77871.92,-0.0118,40.968,2415.61
2026-08-31T02:31:07Z,XRPUSDT,COOLING,NONE,0.0,0.0,0.0,1.48,0.74,84952.04,100431.33,True,False,0.0037,77871.92,-0.0118,0.894,1.3533
2026-08-31T02:31:09Z,HBARUSDT,COOLING,NONE,0.0,0.0,0.0,1.36,0.0,41523.2,26447.87,True,False,0.0,77871.92,-0.0118,0.89,0.07354
2026-08-31T02:31:10Z,RIZEUSDT,COOLING,NONE,0.0,0.0,0.0,30.14,0.0,200.3,667.83,True,False,0.0,77871.92,-0.0118,0.901,0.004307
2026-08-31T02:31:12Z,WUSDT,COOLING,NONE,0.0,0.0,0.0,15.04,0.0,10137.93,4747.63,True,False,0.0,77871.92,-0.0118,0.968,0.009312
2026-08-31T02:31:41Z,ETHUSDT,IMPULSE,NONE,0.0,0.0,0.0,1.2,1.16,143971.86,144528.72,True,False,-0.0261,77909.84,0.0487,0.993,2418.43
2026-08-31T02:31:42Z,XRPUSDT,COOLING,SELL,0.09,0.0,0.09,1.48,-0.74,55988.58,65626.66,True,False,0.0037,77909.84,0.0487,0.945,1.3536
2026-08-31T02:31:44Z,HBARUSDT,COOLING,NONE,0.0,0.0,0.0,1.36,0.0,37798.39,27460.36,True,False,0.0,77909.84,0.0487,0.946,0.07356
2026-08-31T02:31:45Z,RIZEUSDT,COOLING,NONE,0.0,0.0,0.0,30.14,0.0,200.3,661.6,True,False,0.0,77909.84,0.0487,0.902,0.004316
2026-08-31T02:31:47Z,WUSDT,COOLING,BUY,17.18,51.01,51.01,9.68,-2.16,9742.39,4993.97,True,True,0.0862,77909.84,0.0487,0.947,0.009298
2026-08-31T02:32:15Z,ETHUSDT,IMPULSE,SELL,0.57,0.0,0.57,0.99,0.95,152487.12,147402.05,True,False,-0.0052,77881.44,-0.0365,0.972,2417.02
2026-08-31T02:32:16Z,XRPUSDT,COOLING,NONE,0.0,0.0,0.0,2.22,0.0,80738.15,86819.87,True,False,0.0,77881.44,-0.0365,1.0,1.3535
2026-08-31T02:32:18Z,HBARUSDT,COOLING,SELL,54.18,0.0,54.18,1.36,0.0,32737.37,17936.06,True,False,-0.0272,77881.44,-0.0365,0.903,0.07356
2026-08-31T02:32:19Z,RIZEUSDT,COOLING,NONE,0.0,0.0,0.0,62.7,0.0,200.3,658.61,True,False,0.0,77881.44,-0.0365,0.925,0.004318
2026-08-31T02:32:21Z,WUSDT,COOLING,NONE,0.0,0.0,0.0,14.02,-5.4,5577.73,5165.72,True,False,0.027,77881.44,-0.0365,0.867,0.009288
2026-08-31T02:33:11Z,ETHUSDT,IMPULSE,SELL,0.27,0.0,0.27,0.08,0.0,160183.92,154850.05,True,False,0.0,77889.26,0.01,0.885,2417.23
2026-08-31T02:33:13Z,XRPUSDT,COOLING,BUY,0.0,38.7,38.7,1.48,0.0,85469.36,82441.39,True,True,0.0,77889.26,0.01,0.995,1.3526
2026-08-31T02:33:14Z,HBARUSDT,COOLING,NONE,0.0,0.0,0.0,1.36,0.0,47134.44,10308.61,True,False,0.0,77889.26,0.01,0.97,0.07352
2026-08-31T02:33:16Z,RIZEUSDT,COOLING,NONE,0.0,0.0,0.0,62.7,0.0,200.3,664.14,True,False,0.0,77889.26,0.01,0.847,0.004318
2026-08-31T02:33:19Z,WUSDT,COOLING,NONE,0.0,0.0,0.0,18.36,0.0,10281.46,3763.8,True,False,0.0,77889.26,0.01,0.915,0.009272
2026-08-31T02:33:46Z,ETHUSDT,IMPULSE,BUY,0.0,8.01,8.01,0.21,0.0,154185.93,160999.13,True,False,-0.0045,77889.26,0.0,0.923,2418.18
2026-08-31T02:33:48Z,XRPUSDT,COOLING,NONE,0.0,0.0,0.0,1.48,-0.74,64628.26,64074.37,True,False,-0.0111,77889.26,0.0,1.063,1.3536
2026-08-31T02:33:49Z,HBARUSDT,COOLING,BUY,0.0,81.68,81.68,1.36,0.0,45025.46,36452.74,True,False,-0.0136,77889.26,0.0,0.966,0.07353
2026-08-31T02:33:51Z,RIZEUSDT,COOLING,NONE,0.0,0.0,0.0,62.7,0.0,200.3,661.9,True,False,0.0,77889.26,0.0,0.926,0.004318
2026-08-31T02:33:53Z,WUSDT,COOLING,NONE,0.0,0.0,0.0,19.44,0.0,10281.46,3763.8,True,False,0.0,77889.26,0.0,0.961,0.009257
2026-08-31T02:34:21Z,ETHUSDT,IMPULSE,SELL,1.92,0.0,1.92,0.25,0.08,159734.69,149573.23,True,False,-0.0012,77856.04,-0.0427,0.964,2416.02
2026-08-31T02:34:22Z,XRPUSDT,COOLING,BUY,0.0,0.1,0.1,2.22,0.0,66555.27,52651.7,True,False,0.0,77856.04,-0.0427,0.891,1.3522
2026-08-31T02:34:24Z,HBARUSDT,COOLING,SELL,22.54,0.0,22.54,2.72,-0.0,56408.47,7682.03,True,False,0.0136,77856.04,-0.0427,0.986,0.07353
2026-08-31T02:34:26Z,RIZEUSDT,COOLING,NONE,0.0,0.0,0.0,62.7,0.0,200.3,661.9,True,False,0.0,77856.04,-0.0427,0.933,0.004309
2026-08-31T02:34:27Z,WUSDT,COOLING,NONE,0.0,0.0,0.0,11.88,0.0,10281.46,3279.1,True,False,0.0,77856.04,-0.0427,0.938,0.009259
2026-08-31T02:35:18Z,ETHUSDT,IMPULSE,SELL,4.57,0.0,4.57,0.04,0.0,156005.21,143582.67,True,False,0.0,77835.01,-0.027,0.876,2415.16
2026-08-31T02:35:20Z,XRPUSDT,COOLING,NONE,0.0,0.0,0.0,2.22,0.0,118693.26,68464.16,True,False,0.0,77835.01,-0.027,0.94,1.3517
2026-08-31T02:35:21Z,HBARUSDT,COOLING,NONE,0.0,0.0,0.0,2.72,0.0,46817.86,17094.55,True,False,0.0,77835.01,-0.027,0.939,0.07352
2026-08-31T02:35:23Z,RIZEUSDT,COOLING,NONE,0.0,0.0,0.0,62.7,0.0,200.3,669.43,True,False,0.0,77835.01,-0.027,0.923,0.004309
2026-08-31T02:35:25Z,WUSDT,COOLING,NONE,0.0,0.0,0.0,11.89,0.0,11500.52,3146.58,True,False,0.0,77835.01,-0.027,1.012,0.009269
2026-08-31T02:36:34Z,ETHUSDT,IMPULSE,BUY,0.0,7.09,7.09,0.04,0.0,147479.67,157349.47,True,False,0.0,77761.61,-0.0943,0.913,2413.59
2026-08-31T02:36:37Z,XRPUSDT,COOLING,BUY,0.0,19.17,19.17,2.22,0.0,83606.34,103998.21,True,False,0.0,77761.61,-0.0943,2.036,1.3504
2026-08-31T02:36:39Z,HBARUSDT,COOLING,NONE,0.0,0.0,0.0,1.36,-4.08,16159.26,16980.92,True,False,0.0204,77761.61,-0.0943,1.017,0.0735
2026-08-31T02:36:40Z,RIZEUSDT,COOLING,NONE,0.0,0.0,0.0,62.7,0.0,200.3,669.43,True,False,0.0,77761.61,-0.0943,0.924,0.004304
2026-08-31T02:36:42Z,WUSDT,COOLING,BUY,0.0,32.58,32.58,12.97,-1.08,10463.82,3262.79,True,True,-0.0054,77761.61,-0.0943,1.009,0.009246
2026-08-31T02:37:50Z,ETHUSDT,IMPULSE,BUY,0.0,52.32,52.32,0.08,0.04,18384.14,285434.59,True,False,0.0006,77781.3,0.0253,0.874,2415.36
2026-08-31T02:37:51Z,XRPUSDT,COOLING,BUY,0.0,11.19,11.19,2.96,0.74,69188.71,83412.2,True,False,0.0333,77781.3,0.0253,0.936,1.3516
2026-08-31T02:37:53Z,HBARUSDT,COOLING,NONE,0.0,0.0,0.0,1.36,0.0,14035.42,23124.76,True,False,0.0,77781.3,0.0253,0.94,0.0735
2026-08-31T02:37:54Z,RIZEUSDT,COOLING,NONE,0.0,0.0,0.0,62.7,0.0,200.3,660.98,True,False,0.0,77781.3,0.0253,0.917,0.004303
2026-08-31T02:37:56Z,WUSDT,COOLING,BUY,0.0,10.56,10.56,12.97,5.4,8188.28,2516.88,True,False,0.0811,77781.3,0.0253,1.071,0.00926
2026-08-31T02:38:46Z,ETHUSDT,IMPULSE,SELL,3.01,0.0,3.01,0.29,0.25,155806.96,146959.46,True,False,-0.0017,77782.6,0.0017,0.906,2415.37
2026-08-31T02:38:48Z,XRPUSDT,COOLING,NONE,0.0,0.0,0.0,2.22,0.0,102331.94,80621.72,True,False,0.0,77782.6,0.0017,0.972,1.3527
2026-08-31T02:38:49Z,HBARUSDT,COOLING,NONE,0.0,0.0,0.0,1.36,0.0,39322.78,12052.56,True,False,0.0,77782.6,0.0017,0.953,0.07356
2026-08-31T02:38:51Z,RIZEUSDT,COOLING,NONE,0.0,0.0,0.0,62.7,0.0,200.3,660.98,True,False,0.0,77782.6,0.0017,0.878,0.004304
2026-08-31T02:38:53Z,WUSDT,COOLING,NONE,0.0,0.0,0.0,19.44,0.0,10137.67,3659.74,True,False,0.0,77782.6,0.0017,1.028,0.009258
2026-08-31T02:39:21Z,ETHUSDT,IMPULSE,SELL,9.86,0.0,9.86,0.04,0.0,172000.13,148425.78,True,False,0.0,77791.24,0.0111,1.08,2414.01
2026-08-31T02:39:24Z,XRPUSDT,COOLING,BUY,0.01,21.35,21.35,1.48,-1.48,78412.32,61030.39,True,False,0.0074,77791.24,0.0111,1.024,1.3511
2026-08-31T02:39:27Z,HBARUSDT,COOLING,BUY,0.0,38.05,38.05,1.36,-0.0,31697.38,23378.36,True,False,0.0272,77791.24,0.0111,1.12,0.0736
2026-08-31T02:39:29Z,RIZEUSDT,COOLING,NONE,0.0,0.0,0.0,62.7,0.0,200.3,660.98,True,False,0.0,77791.24,0.0111,1.163,0.004309
2026-08-31T02:39:32Z,WUSDT,COOLING,NONE,0.0,0.0,0.0,10.79,-7.55,5826.97,3643.06,True,False,-0.0378,77791.24,0.0111,2.045,0.00926
2026-08-31T02:41:20Z,ETHUSDT,IMPULSE,SELL,6.25,0.0,6.25,0.04,0.0,167426.9,147556.98,True,False,0.0,77760.02,-0.0401,0.88,2414.31
2026-08-31T02:41:22Z,XRPUSDT,COOLING,NONE,0.0,0.0,0.0,2.22,0.0,108285.8,70431.48,True,False,0.0,77760.02,-0.0401,0.868,1.3509
2026-08-31T02:41:23Z,HBARUSDT,COOLING,SELL,20.18,0.0,20.18,1.36,-1.36,52460.26,42359.1,True,False,0.0068,77760.02,-0.0401,0.876,0.07347
2026-08-31T02:41:25Z,RIZEUSDT,COOLING,NONE,0.0,0.0,0.0,62.7,0.0,200.3,660.98,True,False,0.0,77760.02,-0.0401,0.936,0.004302
2026-08-31T02:41:26Z,WUSDT,COOLING,NONE,0.0,0.0,0.0,10.82,0.0,9560.86,2101.13,True,False,0.0,77760.02,-0.0401,0.92,0.009256
2026-08-31T02:43:00Z,ETHUSDT,IMPULSE,NONE,0.0,0.0,0.0,0.04,0.0,158898.09,150350.41,True,False,0.0,77748.13,-0.0153,0.998,2413.57
2026-08-31T02:43:02Z,XRPUSDT,COOLING,NONE,0.0,0.0,0.0,1.48,0.0,93999.25,112015.76,True,False,0.0,77748.13,-0.0153,0.975,1.3508
2026-08-31T02:43:04Z,HBARUSDT,COOLING,NONE,0.0,0.0,0.0,1.36,0.0,47295.29,39925.14,True,False,0.0,77748.13,-0.0153,0.989,0.07343
2026-08-31T02:43:06Z,RIZEUSDT,COOLING,NONE,0.0,0.0,0.0,34.77,-32.56,200.3,659.74,True,False,0.1625,77748.13,-0.0153,0.87,0.004322
2026-08-31T02:43:48Z,WUSDT,COOLING,NONE,0.0,0.0,0.0,14.08,0.0,10586.52,5050.93,True,False,0.0,77748.13,-0.0153,0.871,0.009236
2026-08-31T02:44:15Z,ETHUSDT,IMPULSE,SELL,8.71,0.0,8.71,0.04,-0.0,160477.08,152735.16,True,False,0.0046,77737.45,-0.0137,0.894,2413.41
2026-08-31T02:44:17Z,XRPUSDT,COOLING,NONE,0.0,0.0,0.0,1.48,0.0,96119.85,90999.08,True,False,0.0,77737.45,-0.0137,0.89,1.3504
2026-08-31T02:44:18Z,HBARUSDT,COOLING,NONE,0.0,0.0,0.0,1.36,0.0,41075.92,30763.15,True,False,0.0,77737.45,-0.0137,0.98,0.07335
2026-08-31T02:44:20Z,RIZEUSDT,COOLING,NONE,0.0,0.0,0.0,60.19,0.0,200.3,670.75,True,False,0.0,77737.45,-0.0137,0.885,0.004314
2026-08-31T02:44:22Z,WUSDT,COOLING,NONE,0.0,0.0,0.0,14.08,0.0,15487.5,5305.73,True,False,0.0,77737.45,-0.0137,1.006,0.009232
2026-08-31T02:44:49Z,ETHUSDT,IMPULSE,SELL,9.35,5.13,9.35,0.12,-0.08,171554.88,157169.64,True,False,0.0008,77735.01,-0.0031,0.941,2413.8
2026-08-31T02:44:50Z,XRPUSDT,COOLING,NONE,0.0,0.0,0.0,1.48,0.0,92460.11,67345.18,True,False,0.0,77735.01,-0.0031,0.967,1.3503
2026-08-31T02:44:52Z,HBARUSDT,COOLING,NONE,0.0,0.0,0.0,1.36,0.0,50565.23,14197.11,True,False,0.0,77735.01,-0.0031,0.873,0.07335
2026-08-31T02:44:54Z,RIZEUSDT,COOLING,NONE,0.0,0.0,0.0,60.19,0.0,200.3,670.75,True,False,0.0,77735.01,-0.0031,0.937,0.004314
2026-08-31T02:44:55Z,WUSDT,COOLING,SELL,79.0,0.0,79.0,14.08,0.0,15487.5,5031.12,True,True,0.0,77735.01,-0.0031,0.842,0.009235
2026-08-31T02:47:55Z,ETHUSDT,IMPULSE,SELL,5.68,4.96,5.68,0.04,0.0,148453.68,164059.54,True,False,0.0,77710.35,-0.0317,1.04,2411.12
2026-08-31T02:47:57Z,XRPUSDT,COOLING,BUY,0.0,0.05,0.05,0.74,-0.74,116524.61,95153.79,True,False,0.0037,77710.35,-0.0317,1.016,1.3493
2026-08-31T02:47:59Z,HBARUSDT,COOLING,SELL,0.12,0.0,0.12,1.36,0.0,41862.06,11596.46,True,False,-0.0136,77710.35,-0.0317,0.931,0.07344
2026-08-31T02:48:01Z,RIZEUSDT,COOLING,NONE,0.0,0.0,0.0,30.14,-30.05,200.3,667.5,True,False,-0.1505,77710.35,-0.0317,1.038,0.004319
2026-08-31T02:48:03Z,WUSDT,COOLING,NONE,0.0,0.0,0.0,6.49,0.0,15847.07,3488.38,True,False,0.0,77710.35,-0.0317,0.988,0.009244
2026-08-31T02:49:16Z,ETHUSDT,IMPULSE,SELL,2.63,0.0,2.63,0.04,0.0,159044.86,174813.93,True,False,0.0,77655.0,-0.0712,0.943,2410.0
2026-08-31T02:49:17Z,XRPUSDT,COOLING,NONE,0.0,0.0,0.0,2.23,0.0,89406.08,97272.62,True,False,0.0,77655.0,-0.0712,0.943,1.3475
2026-08-31T02:49:19Z,HBARUSDT,COOLING,NONE,0.0,0.0,0.0,1.36,0.0,42221.16,16559.94,True,False,0.0,77655.0,-0.0712,0.902,0.07333
2026-08-31T02:49:20Z,RIZEUSDT,COOLING,NONE,0.0,0.0,0.0,60.19,25.42,200.3,662.2,True,False,0.1275,77655.0,-0.0712,0.969,0.004318
2026-08-31T02:49:22Z,WUSDT,COOLING,NONE,0.0,0.0,0.0,14.02,0.0,18896.39,5919.07,True,False,0.0,77655.0,-0.0712,0.944,0.009263
2026-08-31T02:49:50Z,ETHUSDT,IMPULSE,BUY,0.0,1.92,1.92,0.04,0.0,141729.79,157914.52,True,False,0.0,77623.33,-0.0408,0.918,2409.1
2026-08-31T02:49:51Z,XRPUSDT,COOLING,BUY,0.0,0.01,0.01,3.71,0.74,91111.58,99768.44,True,False,-0.0037,77623.33,-0.0408,0.926,1.3467
2026-08-31T02:50:33Z,HBARUSDT,COOLING,BUY,0.36,0.65,0.65,1.36,0.0,49328.94,24194.85,True,False,-0.0682,77623.33,-0.0408,40.94,0.07333
2026-08-31T02:50:35Z,RIZEUSDT,COOLING,NONE,0.0,0.0,0.0,60.19,0.0,200.3,662.2,True,False,0.0,77623.33,-0.0408,1.028,0.004324
2026-08-31T02:50:36Z,WUSDT,COOLING,NONE,0.0,0.0,0.0,12.97,0.0,11669.42,3594.59,True,False,0.0,77623.33,-0.0408,0.858,0.009268
2026-08-31T02:51:26Z,ETHUSDT,IMPULSE,NONE,0.0,0.0,0.0,3.08,2.99,146564.06,157481.59,True,False,-0.0195,77531.74,-0.118,0.862,2404.87
2026-08-31T02:51:28Z,XRPUSDT,COOLING,NONE,0.0,0.0,0.0,2.97,0.74,57312.65,73233.48,True,False,0.0112,77531.74,-0.118,0.862,1.3448
2026-08-31T02:51:29Z,HBARUSDT,COOLING,SELL,5.87,0.0,5.87,1.37,-0.0,42700.99,28396.93,True,False,0.0137,77531.74,-0.118,1.004,0.07328
2026-08-31T02:51:31Z,RIZEUSDT,COOLING,SELL,46.85,0.0,46.85,60.19,0.0,200.3,662.2,True,True,0.0,77531.74,-0.118,0.862,0.004324
2026-08-31T02:51:33Z,WUSDT,COOLING,NONE,0.0,0.0,0.0,11.87,0.0,17722.91,5844.85,True,False,0.0,77531.74,-0.118,0.896,0.009254
2026-08-31T02:52:01Z,ETHUSDT,IMPULSE,NONE,0.0,0.0,0.0,0.37,0.33,145021.25,34310.09,True,False,-0.0254,77524.4,-0.0095,0.92,2405.35
2026-08-31T02:52:03Z,XRPUSDT,COOLING,SELL,77.3,54.5,77.3,2.23,0.74,98220.44,72301.19,True,False,0.1079,77524.4,-0.0095,0.941,1.3443
2026-08-31T02:52:04Z,HBARUSDT,COOLING,NONE,0.0,0.0,0.0,1.37,0.0,25131.41,27628.45,True,False,0.0,77524.4,-0.0095,1.007,0.07321
2026-08-31T02:52:06Z,RIZEUSDT,COOLING,NONE,0.0,0.0,0.0,60.19,0.0,200.3,662.2,True,False,0.0,77524.4,-0.0095,1.0,0.004318
2026-08-31T02:52:08Z,WUSDT,COOLING,NONE,0.0,0.0,0.0,8.64,-1.08,7099.62,7494.15,True,False,0.0054,77524.4,-0.0095,0.949,0.009259
2026-08-31T02:52:36Z,ETHUSDT,IMPULSE,BUY,11.43,50.41,50.41,0.25,0.21,171084.09,275784.58,True,False,-0.0135,77520.0,-0.0057,0.925,2405.02
2026-08-31T02:52:38Z,XRPUSDT,COOLING,NONE,0.0,0.0,0.0,1.49,-0.74,89822.98,85737.51,True,False,0.0112,77520.0,-0.0057,0.968,1.3445
2026-08-31T02:52:39Z,HBARUSDT,COOLING,BUY,0.0,4.02,4.02,1.37,0.0,42753.9,34504.61,True,False,0.0,77520.0,-0.0057,0.972,0.0732
2026-08-31T02:52:41Z,RIZEUSDT,COOLING,NONE,0.0,0.0,0.0,60.19,0.0,200.3,662.2,True,False,0.0,77520.0,-0.0057,0.977,0.004318
2026-08-31T02:52:43Z,WUSDT,COOLING,NONE,0.0,0.0,0.0,8.64,0.0,10281.09,4958.22,True,False,0.0,77520.0,-0.0057,0.976,0.00926
2026-08-31T02:53:36Z,ETHUSDT,IMPULSE,NONE,0.0,0.0,0.0,0.04,0.0,154858.49,155504.02,True,False,0.0,77504.82,-0.0196,0.998,2404.54
2026-08-31T02:53:38Z,XRPUSDT,COOLING,SELL,9.46,0.0,9.46,1.49,-1.49,74456.85,100876.26,True,False,-0.0074,77504.82,-0.0196,0.978,1.3445
2026-08-31T02:53:39Z,HBARUSDT,COOLING,SELL,21.8,11.15,21.8,1.37,0.0,50572.33,31879.57,True,False,-0.0137,77504.82,-0.0196,0.991,0.07324
2026-08-31T02:53:41Z,RIZEUSDT,COOLING,NONE,0.0,0.0,0.0,39.39,0.0,200.3,661.16,True,False,0.0,77504.82,-0.0196,0.941,0.004324
2026-08-31T02:53:43Z,WUSDT,COOLING,NONE,0.0,0.0,0.0,5.39,0.0,16051.2,4964.03,True,False,0.0,77504.82,-0.0196,0.934,0.009303
2026-08-31T02:54:51Z,ETHUSDT,IMPULSE,NONE,0.0,0.0,0.0,0.04,0.0,151818.43,142796.97,True,False,0.0,77463.93,-0.0528,1.011,2403.53
2026-08-31T02:54:53Z,XRPUSDT,COOLING,NONE,0.0,0.0,0.0,2.23,-0.0,108705.37,88699.7,True,False,0.0074,77463.93,-0.0528,0.945,1.3439
2026-08-31T02:54:56Z,HBARUSDT,COOLING,SELL,7.15,0.0,7.15,1.37,0.0,42884.15,15000.38,True,False,-0.0137,77463.93,-0.0528,1.903,0.0732
2026-08-31T02:54:58Z,RIZEUSDT,COOLING,NONE,0.0,0.0,0.0,60.19,0.0,200.3,670.95,True,False,0.0,77463.93,-0.0528,0.971,0.004324
2026-08-31T02:55:01Z,WUSDT,COOLING,SELL,62.77,0.0,62.77,15.03,2.15,14754.32,4179.67,True,True,0.0107,77463.93,-0.0528,0.998,0.009314
2026-08-31T02:56:09Z,ETHUSDT,IMPULSE,SELL,10.02,3.44,10.02,0.25,-0.37,155256.13,158458.01,True,False,0.0098,77425.55,-0.0495,0.981,2402.61
2026-08-31T02:56:10Z,XRPUSDT,COOLING,NONE,0.0,0.0,0.0,2.24,0.75,125228.21,55030.11,True,False,0.0037,77425.55,-0.0495,0.88,1.3422
2026-08-31T02:56:11Z,HBARUSDT,COOLING,NONE,0.0,0.0,0.0,1.37,0.0,50085.38,14417.92,True,False,0.0,77425.55,-0.0495,0.861,0.07318
2026-08-31T02:56:13Z,RIZEUSDT,COOLING,SELL,40.26,0.0,40.26,60.19,0.0,200.3,670.95,True,True,0.0,77425.55,-0.0495,1.002,0.00432
2026-08-31T02:56:15Z,WUSDT,COOLING,NONE,0.0,0.0,0.0,7.53,0.0,10699.88,7766.34,True,False,0.0,77425.55,-0.0495,0.919,0.009268
2026-08-31T02:57:47Z,BTCUSDT,IMPULSE,SELL,0.0,0.0,0.0,0.0,0.0,22885.1,756133.78,True,False,0.0,77504.56,0.102,0.848,77504.56
2026-08-31T02:57:50Z,ETHUSDT,IMPULSE,NONE,0.0,0.0,0.0,0.17,-0.79,155166.42,148548.94,True,False,-0.0048,77504.56,0.102,1.924,2408.03
2026-08-31T02:57:51Z,XRPUSDT,COOLING,NONE,0.0,0.0,0.0,2.23,0.0,104718.2,70763.41,True,False,0.0,77504.56,0.102,0.942,1.3449
2026-08-31T02:58:33Z,HBARUSDT,COOLING,SELL,1.36,0.07,1.36,1.36,-0.0,46544.89,31354.9,True,False,0.0546,77504.56,0.102,41.025,0.07323
2026-08-31T02:58:35Z,RIZEUSDT,COOLING,NONE,0.0,0.0,0.0,60.19,0.0,200.3,670.95,True,False,0.0,77504.56,0.102,0.978,0.00432
2026-08-31T02:59:06Z,BTCUSDT,IMPULSE,NONE,0.0,0.0,0.0,0.06,0.06,39390.07,531724.36,True,False,0.0012,77469.84,-0.0448,0.945,77469.84
2026-08-31T02:59:07Z,ETHUSDT,IMPULSE,NONE,0.0,0.0,0.0,0.29,0.17,152442.35,142553.31,True,False,-0.0233,77469.84,-0.0448,1.04,2407.13
2026-08-31T02:59:10Z,XRPUSDT,COOLING,NONE,0.0,0.0,0.0,2.23,0.74,112552.71,71940.1,True,False,0.0112,77469.84,-0.0448,0.984,1.3447
2026-08-31T02:59:15Z,HBARUSDT,COOLING,NONE,0.0,0.0,0.0,1.36,0.0,36951.06,23883.77,True,False,0.0,77469.84,-0.0448,2.117,0.07323
2026-08-31T02:59:17Z,RIZEUSDT,COOLING,NONE,0.0,0.0,0.0,60.19,0.0,200.3,670.95,True,False,0.0,77469.84,-0.0448,2.012,0.004323
2026-08-31T02:59:49Z,BTCUSDT,IMPULSE,BUY,0.0,1.43,1.43,0.0,0.0,43319.19,501238.87,True,False,0.0,77478.13,0.0107,1.016,77478.13
2026-08-31T02:59:50Z,ETHUSDT,IMPULSE,BUY,0.0,10.53,10.53,0.04,0.0,154024.59,193948.3,True,False,0.0,77478.13,0.0107,0.872,2407.99
2026-08-31T02:59:52Z,XRPUSDT,COOLING,NONE,0.0,0.0,0.0,2.23,0.0,83305.62,95006.11,True,False,0.0,77478.13,0.0107,0.997,1.345
2026-08-31T02:59:54Z,HBARUSDT,COOLING,NONE,0.0,0.0,0.0,1.36,0.0,43240.55,18276.62,True,False,0.0,77478.13,0.0107,1.005,0.07323
2026-08-31T02:59:55Z,RIZEUSDT,COOLING,NONE,0.0,0.0,0.0,60.19,0.0,200.3,670.95,True,False,0.0,77478.13,0.0107,0.921,0.004323
2026-08-31T03:01:31Z,ETHUSDT,IMPULSE,SELL,6.18,2.62,6.18,0.04,0.0,164307.8,153511.3,True,False,0.0,77453.1,-0.0323,0.908,2406.78
2026-08-31T03:01:32Z,XRPUSDT,COOLING,SELL,0.75,0.0,0.75,2.23,0.0,79710.16,107000.71,True,False,-0.0074,77453.1,-0.0323,0.895,1.3448
2026-08-31T03:01:34Z,HBARUSDT,COOLING,NONE,0.0,0.0,0.0,1.36,0.0,29571.11,29198.91,True,False,0.0,77453.1,-0.0323,0.869,0.0732
2026-08-31T03:01:35Z,RIZEUSDT,COOLING,NONE,0.0,0.0,0.0,60.19,0.0,200.3,670.95,True,False,0.0,77453.1,-0.0323,1.041,0.004322
2026-08-31T03:01:37Z,WUSDT,COOLING,NONE,0.0,0.0,0.0,11.8,0.0,18641.44,4674.73,True,False,0.0,77453.1,-0.0323,0.939,0.009308
2026-08-31T03:02:04Z,ETHUSDT,IMPULSE,NONE,0.0,0.0,0.0,0.04,-0.04,159501.28,144755.05,True,False,-0.0002,77495.0,0.0541,0.967,2407.44
2026-08-31T03:02:06Z,XRPUSDT,COOLING,NONE,0.0,0.0,0.0,2.23,0.74,78498.83,129100.91,True,False,-0.0037,77495.0,0.0541,0.987,1.3458
2026-08-31T03:02:07Z,HBARUSDT,COOLING,NONE,0.0,0.0,0.0,1.36,-0.0,12207.61,29536.35,True,False,0.0136,77495.0,0.0541,0.946,0.07328
2026-08-31T03:02:09Z,RIZEUSDT,COOLING,NONE,0.0,0.0,0.0,60.19,0.0,200.3,670.95,True,False,0.0,77495.0,0.0541,1.024,0.004322
2026-08-31T03:02:11Z,WUSDT,COOLING,NONE,0.0,0.0,0.0,11.8,0.0,16148.13,5368.67,True,False,0.0,77495.0,0.0541,0.951,0.009325
2026-08-31T03:02:42Z,ETHUSDT,IMPULSE,SELL,17.1,6.26,17.1,0.04,0.0,203602.98,157084.89,True,False,0.0,77525.47,0.0393,0.912,2408.18
2026-08-31T03:02:44Z,XRPUSDT,COOLING,BUY,0.0,12.91,12.91,1.49,0.0,69775.4,79908.9,True,False,0.0,77525.47,0.0393,0.982,1.3463
2026-08-31T03:02:45Z,HBARUSDT,COOLING,NONE,0.0,0.0,0.0,1.36,0.0,37187.21,13844.63,True,False,0.0,77525.47,0.0393,0.985,0.07334
2026-08-31T03:02:47Z,RIZEUSDT,COOLING,NONE,0.0,0.0,0.0,60.19,0.0,200.3,670.95,True,False,0.0,77525.47,0.0393,0.985,0.004322
2026-08-31T03:02:48Z,WUSDT,COOLING,NONE,0.0,0.0,0.0,11.78,0.0,11129.48,6733.26,True,False,0.0,77525.47,0.0393,0.924,0.009331
2026-08-31T03:03:40Z,ETHUSDT,IMPULSE,SELL,7.62,0.0,7.62,0.04,-0.0,201375.74,149102.54,True,False,0.0025,77579.46,0.0696,1.002,2411.04
2026-08-31T03:03:41Z,XRPUSDT,COOLING,SELL,13.18,0.0,13.18,2.22,-0.74,80297.04,118361.93,True,False,-0.0185,77579.46,0.0696,0.961,1.3487
2026-08-31T03:03:43Z,HBARUSDT,COOLING,NONE,0.0,0.0,0.0,1.36,0.0,36886.26,16576.65,True,False,0.0,77579.46,0.0696,0.931,0.07343
2026-08-31T03:03:44Z,RIZEUSDT,COOLING,NONE,0.0,0.0,0.0,60.19,0.0,200.3,670.95,True,False,0.0,77579.46,0.0696,0.962,0.004322
2026-08-31T03:03:46Z,WUSDT,COOLING,NONE,0.0,0.0,0.0,12.85,0.0,15350.18,6733.26,True,False,0.0,77579.46,0.0696,0.963,0.009336
2026-08-31T03:04:14Z,ETHUSDT,IMPULSE,BUY,0.0,1.91,1.91,0.04,0.0,371493.86,160317.06,True,False,0.0,77600.87,0.0276,0.968,2411.98
2026-08-31T03:04:16Z,XRPUSDT,COOLING,NONE,0.0,0.0,0.0,2.22,0.74,69981.12,95855.32,True,False,-0.0037,77600.87,0.0276,0.88,1.3491
2026-08-31T03:04:17Z,HBARUSDT,COOLING,NONE,0.0,0.0,0.0,1.36,-0.0,36980.37,10509.46,True,False,0.0136,77600.87,0.0276,0.985,0.07343
2026-08-31T03:04:19Z,RIZEUSDT,COOLING,NONE,0.0,0.0,0.0,60.19,0.0,200.3,670.95,True,False,0.0,77600.87,0.0276,0.967,0.004322
2026-08-31T03:04:21Z,WUSDT,COOLING,NONE,0.0,0.0,0.0,12.84,0.0,16454.43,4757.87,True,False,0.0,77600.87,0.0276,0.996,0.009336
2026-08-31T03:04:51Z,ETHUSDT,IMPULSE,SELL,3.13,0.0,3.13,0.21,-0.91,157349.05,164287.16,True,False,0.0025,77570.12,-0.0396,0.92,2410.84
2026-08-31T03:04:52Z,XRPUSDT,COOLING,NONE,0.0,0.0,0.0,2.23,0.0,57328.95,104895.94,True,False,0.0,77570.12,-0.0396,0.97,1.3476
2026-08-31T03:04:54Z,HBARUSDT,COOLING,NONE,0.0,0.0,0.0,1.36,0.0,42287.56,32064.77,True,False,0.0,77570.12,-0.0396,0.974,0.07345
2026-08-31T03:04:55Z,RIZEUSDT,COOLING,NONE,0.0,0.0,0.0,60.19,0.0,200.3,670.95,True,False,0.0,77570.12,-0.0396,0.938,0.004322
2026-08-31T03:04:57Z,WUSDT,COOLING,NONE,0.0,0.0,0.0,11.8,0.0,15388.48,4357.16,True,False,0.0,77570.12,-0.0396,0.933,0.009333
2026-08-31T03:05:48Z,ETHUSDT,IMPULSE,SELL,4.42,0.0,4.42,0.5,0.41,154150.85,159975.82,True,False,-0.0021,77550.01,-0.0259,0.915,2410.47
2026-08-31T03:05:50Z,XRPUSDT,COOLING,NONE,0.0,0.0,0.0,0.74,0.0,144464.68,86278.55,True,False,0.0,77550.01,-0.0259,0.936,1.3473
2026-08-31T03:05:52Z,HBARUSDT,COOLING,NONE,0.0,0.0,0.0,1.36,0.0,40593.89,23249.6,True,False,0.0,77550.01,-0.0259,0.97,0.07343
2026-08-31T03:06:34Z,RIZEUSDT,COOLING,NONE,0.0,0.0,0.0,60.19,0.0,200.3,670.95,True,False,0.0,77550.01,-0.0259,1.897,0.004319
2026-08-31T03:06:36Z,WUSDT,COOLING,NONE,0.0,0.0,0.0,12.85,0.0,10798.7,4743.86,True,False,0.0,77550.01,-0.0259,0.915,0.009333
2026-08-31T03:07:07Z,ETHUSDT,IMPULSE,SELL,1.02,0.79,1.02,0.04,0.0,151782.15,157871.01,True,False,0.0,77561.12,0.0143,1.956,2411.5
2026-08-31T03:07:09Z,XRPUSDT,COOLING,SELL,23.57,0.0,23.57,2.97,0.0,101182.04,109287.97,True,False,0.0,77561.12,0.0143,1.128,1.3486
2026-08-31T03:07:11Z,HBARUSDT,COOLING,NONE,0.0,0.0,0.0,1.36,0.0,44275.89,20580.34,True,False,0.0,77561.12,0.0143,1.007,0.07344
2026-08-31T03:07:54Z,RIZEUSDT,COOLING,NONE,0.0,0.0,0.0,60.19,0.0,200.3,670.95,True,False,0.0,77561.12,0.0143,40.917,0.004319
2026-08-31T03:07:56Z,WUSDT,COOLING,NONE,0.0,0.0,0.0,7.47,0.0,15397.5,6284.11,True,False,0.0,77561.12,0.0143,1.014,0.009377
2026-08-31T03:08:24Z,ETHUSDT,IMPULSE,BUY,0.0,11.6,11.6,0.04,-0.08,159453.48,158788.4,True,False,0.0,77544.35,-0.0216,0.923,2410.95
2026-08-31T03:08:25Z,XRPUSDT,COOLING,NONE,0.0,0.0,0.0,2.23,0.0,59773.14,102735.86,True,False,-0.0074,77544.35,-0.0216,0.915,1.3481
2026-08-31T03:08:27Z,HBARUSDT,COOLING,NONE,0.0,0.0,0.0,1.36,0.0,47203.13,18869.93,True,False,0.0,77544.35,-0.0216,0.881,0.07344
2026-08-31T03:08:28Z,RIZEUSDT,COOLING,NONE,0.0,0.0,0.0,60.19,0.0,119.45,669.91,True,False,0.0,77544.35,-0.0216,0.975,0.00433
2026-08-31T03:08:30Z,WUSDT,COOLING,NONE,0.0,0.0,0.0,10.68,0.0,11416.56,6242.98,True,False,0.0,77544.35,-0.0216,0.885,0.009377
2026-08-31T03:10:07Z,ETHUSDT,IMPULSE,BUY,3.64,4.61,4.61,0.12,-0.0,151773.92,152941.77,True,False,0.0025,77615.0,0.0911,1.019,2414.72
2026-08-31T03:10:09Z,XRPUSDT,COOLING,NONE,0.0,0.0,0.0,2.22,0.74,72592.75,84436.43,True,False,0.0037,77615.0,0.0911,0.977,1.3517
2026-08-31T03:10:11Z,HBARUSDT,COOLING,NONE,0.0,0.0,0.0,1.36,0.0,42489.75,28585.76,True,False,0.0,77615.0,0.0911,1.153,0.07343
2026-08-31T03:10:12Z,RIZEUSDT,COOLING,NONE,0.0,0.0,0.0,60.19,0.0,200.3,669.91,True,False,0.0,77615.0,0.0911,0.878,0.004323
2026-08-31T03:10:15Z,WUSDT,COOLING,NONE,0.0,0.0,0.0,13.9,0.0,17906.93,5398.65,True,False,0.0,77615.0,0.0911,0.956,0.009364
2026-08-31T03:11:23Z,ETHUSDT,IMPULSE,SELL,0.34,0.0,0.34,0.04,0.0,156835.28,151330.78,True,False,0.0,77626.54,0.0149,0.861,2415.6
2026-08-31T03:11:24Z,XRPUSDT,COOLING,NONE,0.0,0.0,0.0,1.48,-0.74,91333.39,79023.11,True,False,-0.0037,77626.54,0.0149,1.015,1.3514
2026-08-31T03:11:26Z,HBARUSDT,COOLING,BUY,0.0,17.65,17.65,1.36,0.0,33536.65,19673.24,True,False,0.0,77626.54,0.0149,1.006,0.0735
2026-08-31T03:11:27Z,RIZEUSDT,COOLING,SELL,39.4,0.0,39.4,60.19,0.0,200.3,669.91,True,True,0.0,77626.54,0.0149,1.024,0.00432
2026-08-31T03:11:29Z,WUSDT,COOLING,NONE,0.0,0.0,0.0,11.71,0.0,10456.18,8147.44,True,False,0.0,77626.54,0.0149,0.965,0.009387
2026-08-31T03:11:57Z,ETHUSDT,IMPULSE,SELL,7.02,2.39,7.02,0.46,0.41,170161.0,151440.53,True,False,0.0021,77629.98,0.0044,1.055,2415.79
2026-08-31T03:11:58Z,XRPUSDT,COOLING,BUY,0.0,7.56,7.56,2.96,0.0,107213.55,84195.32,True,False,0.0,77629.98,0.0044,1.022,1.3509
2026-08-31T03:12:00Z,HBARUSDT,COOLING,NONE,0.0,0.0,0.0,1.36,0.0,40580.81,28537.28,True,False,0.0,77629.98,0.0044,0.9,0.07348
2026-08-31T03:12:02Z,RIZEUSDT,COOLING,NONE,0.0,0.0,0.0,60.19,0.0,200.3,669.91,True,False,0.0,77629.98,0.0044,0.928,0.00432
2026-08-31T03:12:44Z,WUSDT,COOLING,NONE,0.0,0.0,0.0,13.84,0.0,16178.2,6512.78,True,False,0.0,77629.98,0.0044,1.993,0.009396
2026-08-31T03:13:43Z,ETHUSDT,IMPULSE,BUY,0.41,11.53,11.53,0.5,0.46,159843.24,159672.91,True,False,-0.0039,77653.24,0.03,0.896,2415.46
2026-08-31T03:13:45Z,XRPUSDT,COOLING,NONE,0.0,0.0,0.0,2.22,0.0,133903.64,95836.76,True,False,0.0,77653.24,0.03,0.958,1.3506
2026-08-31T03:13:46Z,HBARUSDT,COOLING,NONE,0.0,0.0,0.0,1.36,0.0,36355.32,30603.03,True,False,0.0,77653.24,0.03,0.868,0.07352
2026-08-31T03:13:48Z,RIZEUSDT,COOLING,SELL,0.05,0.0,0.05,60.19,0.0,119.45,664.51,True,False,0.0,77653.24,0.03,0.947,0.00432
2026-08-31T03:14:30Z,WUSDT,COOLING,NONE,0.0,0.0,0.0,13.87,-1.08,12258.7,4161.91,True,False,0.1228,77653.24,0.03,40.972,0.00936
2026-08-31T03:14:57Z,ETHUSDT,IMPULSE,SELL,5.55,2.43,5.55,0.41,0.04,152703.04,152623.12,True,False,-0.0035,77671.99,0.0241,0.879,2416.28
2026-08-31T03:14:59Z,XRPUSDT,COOLING,SELL,28.57,21.03,28.57,2.22,0.0,106971.36,133369.22,True,False,-0.0074,77671.99,0.0241,0.929,1.351
2026-08-31T03:15:00Z,HBARUSDT,COOLING,NONE,0.0,0.0,0.0,1.36,0.0,38988.13,13806.46,True,False,-0.0136,77671.99,0.0241,1.044,0.07348
2026-08-31T03:15:02Z,RIZEUSDT,COOLING,NONE,0.0,0.0,0.0,60.19,0.0,200.3,664.51,True,False,0.0,77671.99,0.0241,0.983,0.004318
2026-08-31T03:15:04Z,WUSDT,COOLING,SELL,31.37,0.0,31.37,5.34,-6.4,15810.88,3811.8,True,False,-0.0854,77671.99,0.0241,0.921,0.009353
2026-08-31T03:15:34Z,ETHUSDT,IMPULSE,SELL,4.05,0.0,4.05,0.04,-0.04,158348.3,142009.77,True,False,-0.0006,77644.36,-0.0356,1.971,2415.84
2026-08-31T03:15:36Z,XRPUSDT,COOLING,NONE,0.0,0.0,0.0,1.48,0.0,86607.06,116182.8,True,False,0.0,77644.36,-0.0356,0.984,1.3508
2026-08-31T03:15:37Z,HBARUSDT,COOLING,NONE,0.0,0.0,0.0,1.36,0.0,42954.87,31831.45,True,False,0.0,77644.36,-0.0356,0.998,0.07339
2026-08-31T03:15:39Z,RIZEUSDT,COOLING,NONE,0.0,0.0,0.0,60.19,0.0,200.3,664.51,True,False,0.0,77644.36,-0.0356,0.973,0.004318
2026-08-31T03:15:41Z,WUSDT,COOLING,NONE,0.0,0.0,0.0,7.47,0.0,11252.52,4304.01,True,False,0.0,77644.36,-0.0356,0.914,0.009353
2026-08-31T03:16:34Z,ETHUSDT,IMPULSE,BUY,0.0,6.51,6.51,0.04,0.0,156190.57,194115.92,True,False,0.0,77679.49,0.0452,0.981,2416.9
2026-08-31T03:16:36Z,XRPUSDT,COOLING,SELL,17.14,0.0,17.14,2.22,0.74,107239.49,100439.87,True,False,-0.0111,77679.49,0.0452,0.936,1.3517
2026-08-31T03:16:37Z,HBARUSDT,COOLING,NONE,0.0,0.0,0.0,1.36,0.0,50933.82,20324.75,True,False,0.0,77679.49,0.0452,1.023,0.07346
2026-08-31T03:16:39Z,RIZEUSDT,COOLING,NONE,0.0,0.0,0.0,60.19,0.0,200.3,664.51,True,False,0.0,77679.49,0.0452,1.0,0.004319
2026-08-31T03:16:40Z,WUSDT,COOLING,NONE,0.0,0.0,0.0,14.92,0.0,17917.74,4286.39,True,False,0.0,77679.49,0.0452,0.889,0.009382
2026-08-31T03:17:10Z,ETHUSDT,IMPULSE,NONE,0.0,0.0,0.0,0.04,0.0,144916.93,154275.88,True,False,0.0,77653.51,-0.0334,0.994,2415.49
2026-08-31T03:17:11Z,XRPUSDT,COOLING,SELL,5.76,1.66,5.76,2.22,0.0,120653.06,93189.85,True,False,-0.0074,77653.51,-0.0334,0.945,1.3505
2026-08-31T03:17:13Z,HBARUSDT,COOLING,NONE,0.0,0.0,0.0,1.36,0.0,47628.43,15406.91,True,False,0.0,77653.51,-0.0334,0.882,0.07344
2026-08-31T03:17:14Z,RIZEUSDT,COOLING,NONE,0.0,0.0,0.0,60.19,0.0,119.62,664.51,True,False,0.0,77653.51,-0.0334,1.048,0.004319
2026-08-31T03:17:16Z,WUSDT,COOLING,NONE,0.0,0.0,0.0,13.87,0.0,11551.83,3558.97,True,False,0.0,77653.51,-0.0334,0.889,0.009374
2026-08-31T03:17:44Z,ETHUSDT,IMPULSE,BUY,0.0,1.17,1.17,0.04,0.0,154279.63,143605.33,True,False,0.0,77616.08,-0.0482,0.983,2414.24
2026-08-31T03:17:46Z,XRPUSDT,COOLING,NONE,0.0,0.0,0.0,2.22,0.0,108598.07,86365.72,True,False,0.0,77616.08,-0.0482,0.9,1.349
2026-08-31T03:17:47Z,HBARUSDT,COOLING,NONE,0.0,0.0,0.0,1.36,0.0,31815.32,17154.45,True,False,0.0,77616.08,-0.0482,0.93,0.07344
2026-08-31T03:17:49Z,RIZEUSDT,COOLING,NONE,0.0,0.0,0.0,60.19,0.0,200.3,664.51,True,False,0.0,77616.08,-0.0482,0.943,0.004322
2026-08-31T03:17:51Z,WUSDT,COOLING,NONE,0.0,0.0,0.0,11.75,0.0,9040.21,3134.21,True,False,0.0,77616.08,-0.0482,1.001,0.009358
2026-08-31T03:19:22Z,ETHUSDT,IMPULSE,BUY,0.0,0.93,0.93,0.04,0.0,159496.87,157451.13,True,False,0.0,77616.62,0.0007,1.018,2415.06
2026-08-31T03:19:24Z,XRPUSDT,COOLING,BUY,0.0,2.32,2.32,2.22,-0.0,107047.0,77344.99,True,False,0.0074,77616.62,0.0007,0.891,1.3492
2026-08-31T03:19:26Z,HBARUSDT,COOLING,NONE,0.0,0.0,0.0,1.36,0.0,50972.23,32875.3,True,False,0.0,77616.62,0.0007,1.066,0.07344
2026-08-31T03:19:27Z,RIZEUSDT,COOLING,SELL,41.93,0.0,41.93,60.19,0.0,200.3,670.54,True,True,0.0,77616.62,0.0007,0.963,0.004322
2026-08-31T03:19:29Z,WUSDT,COOLING,NONE,0.0,0.0,0.0,13.85,0.0,9453.0,3951.57,True,False,0.0,77616.62,0.0007,1.016,0.009386
2026-08-31T03:19:59Z,ETHUSDT,IMPULSE,SELL,8.78,0.0,8.78,0.12,0.08,160688.68,157101.16,True,False,0.0004,77586.97,-0.0382,0.905,2414.97
2026-08-31T03:20:00Z,XRPUSDT,COOLING,NONE,0.0,0.0,0.0,2.97,0.74,80035.01,105072.27,True,False,0.0037,77586.97,-0.0382,0.968,1.3481
2026-08-31T03:20:01Z,HBARUSDT,COOLING,NONE,0.0,0.0,0.0,1.36,0.0,49867.44,20056.82,True,False,0.0,77586.97,-0.0382,0.986,0.07338
2026-08-31T03:20:03Z,RIZEUSDT,COOLING,NONE,0.0,0.0,0.0,60.19,0.0,200.3,670.54,True,False,0.0,77586.97,-0.0382,0.925,0.004321
2026-08-31T03:20:05Z,WUSDT,COOLING,NONE,0.0,0.0,0.0,11.73,0.0,10074.15,2806.64,True,False,0.0,77586.97,-0.0382,0.885,0.009381
2026-08-31T03:20:33Z,ETHUSDT,IMPULSE,NONE,0.0,0.0,0.0,0.29,0.25,147593.73,156704.77,True,False,-0.0046,77603.33,0.0211,1.062,2415.79
2026-08-31T03:20:37Z,XRPUSDT,COOLING,NONE,0.0,0.0,0.0,2.22,0.0,96320.92,73898.71,True,False,0.0,77603.33,0.0211,0.998,1.3491
2026-08-31T03:20:41Z,HBARUSDT,COOLING,NONE,0.0,0.0,0.0,1.36,0.0,44128.45,34534.99,True,False,0.0,77603.33,0.0211,2.053,0.07337
2026-08-31T03:20:43Z,RIZEUSDT,COOLING,NONE,0.0,0.0,0.0,60.19,0.0,200.3,670.54,True,False,0.0,77603.33,0.0211,1.086,0.004321
2026-08-31T03:20:45Z,WUSDT,COOLING,NONE,0.0,0.0,0.0,11.73,0.0,10570.91,2806.64,True,False,0.0,77603.33,0.0211,0.895,0.009381
2026-08-31T03:23:01Z,ETHUSDT,IMPULSE,SELL,1.2,0.0,1.2,0.33,0.29,155952.02,146090.32,True,False,0.0093,77700.0,0.1246,0.943,2419.42
2026-08-31T03:23:02Z,XRPUSDT,COOLING,NONE,0.0,0.0,0.0,2.96,0.74,97108.88,73638.41,True,False,-0.0037,77700.0,0.1246,0.928,1.3502
2026-08-31T03:23:44Z,HBARUSDT,COOLING,BUY,0.0,0.6,0.6,1.36,-0.0,24420.08,34611.25,True,False,0.0136,77700.0,0.1246,40.877,0.0734
2026-08-31T03:23:45Z,RIZEUSDT,COOLING,NONE,0.0,0.0,0.0,60.19,0.0,200.3,678.52,True,False,0.0,77700.0,0.1246,0.919,0.004323
2026-08-31T03:23:47Z,WUSDT,COOLING,NONE,0.0,0.0,0.0,10.68,0.0,9683.74,3812.09,True,False,0.0,77700.0,0.1246,0.986,0.009355
2026-08-31T03:24:15Z,ETHUSDT,IMPULSE,SELL,10.27,3.21,10.27,0.04,0.0,181447.36,158983.15,True,False,-0.0021,77717.44,0.0224,0.97,2420.17
2026-08-31T03:24:18Z,XRPUSDT,COOLING,NONE,0.0,0.0,0.0,2.22,1.48,102715.76,73632.88,True,False,-0.0222,77717.44,0.0224,1.886,1.3507
2026-08-31T03:24:20Z,HBARUSDT,COOLING,NONE,0.0,0.0,0.0,1.36,0.0,48045.59,22216.3,True,False,0.0,77717.44,0.0224,1.003,0.07343
2026-08-31T03:24:21Z,RIZEUSDT,COOLING,NONE,0.0,0.0,0.0,60.19,0.0,200.3,678.52,True,False,0.0,77717.44,0.0224,1.023,0.004323
2026-08-31T03:24:23Z,WUSDT,COOLING,NONE,0.0,0.0,0.0,9.63,0.0,7713.48,3110.4,True,False,0.0,77717.44,0.0224,1.021,0.009355
2026-08-31T03:24:52Z,ETHUSDT,IMPULSE,SELL,21.34,3.29,21.34,0.95,0.91,192623.82,156985.08,True,True,-0.0045,77741.6,0.0311,0.991,2421.4
2026-08-31T03:24:53Z,XRPUSDT,COOLING,SELL,47.41,0.0,47.41,1.48,-0.74,101735.21,97937.59,True,True,0.0111,77741.6,0.0311,0.997,1.3508
2026-08-31T03:24:56Z,HBARUSDT,COOLING,NONE,0.0,0.0,0.0,1.36,0.0,45098.9,29733.83,True,False,0.0,77741.6,0.0311,1.87,0.07346
2026-08-31T03:24:58Z,RIZEUSDT,COOLING,NONE,0.0,0.0,0.0,60.19,0.0,200.3,678.52,True,False,0.0,77741.6,0.0311,0.937,0.004323
2026-08-31T03:24:59Z,WUSDT,COOLING,NONE,0.0,0.0,0.0,13.9,0.0,9602.7,2794.42,True,False,0.0,77741.6,0.0311,1.042,0.009351
2026-08-31T03:26:32Z,ETHUSDT,IMPULSE,SELL,0.24,0.04,0.24,0.04,0.0,166200.14,324009.69,True,False,0.0,77744.82,0.0041,0.881,2420.29
2026-08-31T03:26:33Z,XRPUSDT,COOLING,NONE,0.0,0.0,0.0,1.48,-0.74,103070.28,80509.26,True,False,-0.0111,77744.82,0.0041,0.94,1.3503
2026-08-31T03:26:35Z,HBARUSDT,COOLING,NONE,0.0,0.0,0.0,1.36,0.0,45311.34,18549.48,True,False,0.0,77744.82,0.0041,0.894,0.07345
2026-08-31T03:26:37Z,RIZEUSDT,COOLING,NONE,0.0,0.0,0.0,60.19,0.0,200.3,678.52,True,False,0.0,77744.82,0.0041,0.852,0.004318
2026-08-31T03:26:38Z,WUSDT,COOLING,NONE,0.0,0.0,0.0,10.68,0.0,10009.65,3885.64,True,False,0.0,77744.82,0.0041,0.997,0.009369
2026-08-31T03:27:06Z,ETHUSDT,IMPULSE,NONE,0.0,0.0,0.0,0.17,0.12,144274.17,156915.42,True,False,-0.0006,77720.0,-0.0319,0.918,2420.26
2026-08-31T03:27:08Z,XRPUSDT,COOLING,NONE,0.0,0.0,0.0,0.74,0.0,86233.63,112154.01,True,False,0.0,77720.0,-0.0319,0.936,1.3496
2026-08-31T03:27:09Z,HBARUSDT,COOLING,NONE,0.0,0.0,0.0,1.36,0.0,40376.02,36181.89,True,False,0.0,77720.0,-0.0319,0.912,0.07343
2026-08-31T03:27:11Z,RIZEUSDT,COOLING,NONE,0.0,0.0,0.0,60.19,0.0,200.3,663.63,True,False,0.0,77720.0,-0.0319,1.061,0.004323
2026-08-31T03:27:13Z,WUSDT,COOLING,NONE,0.0,0.0,0.0,11.75,0.0,10009.65,3885.64,True,False,0.0,77720.0,-0.0319,0.926,0.009356
2026-08-31T03:28:21Z,ETHUSDT,IMPULSE,BUY,0.0,0.1,0.1,0.04,0.0,169705.88,151443.91,True,False,-0.0074,77712.98,-0.009,40.941,2420.84
2026-08-31T03:28:22Z,XRPUSDT,COOLING,SELL,16.65,0.0,16.65,2.22,0.0,83162.98,89429.46,True,True,0.0,77712.98,-0.009,0.959,1.351
2026-08-31T03:28:24Z,HBARUSDT,COOLING,NONE,0.0,0.0,0.0,1.36,0.0,46658.8,31622.93,True,False,0.0,77712.98,-0.009,0.977,0.07346
2026-08-31T03:28:25Z,RIZEUSDT,COOLING,BUY,0.0,70.29,70.29,60.19,25.42,200.3,675.3,True,True,0.1275,77712.98,-0.009,0.931,0.004319
2026-08-31T03:28:27Z,WUSDT,COOLING,NONE,0.0,0.0,0.0,11.71,0.0,18252.07,6765.8,True,False,0.0,77712.98,-0.009,0.921,0.009389
2026-08-31T03:29:17Z,ETHUSDT,IMPULSE,NONE,0.0,0.0,0.0,0.04,0.0,155539.69,145219.4,True,False,0.0,77733.61,0.0265,1.01,2420.3
2026-08-31T03:29:19Z,XRPUSDT,COOLING,SELL,24.34,2.08,24.34,2.22,0.0,120342.95,70766.91,True,False,0.0,77733.61,0.0265,0.994,1.3511
2026-08-31T03:29:20Z,HBARUSDT,COOLING,NONE,0.0,0.0,0.0,1.36,0.0,41437.23,34695.68,True,False,0.0,77733.61,0.0265,0.88,0.07349
2026-08-31T03:29:22Z,RIZEUSDT,COOLING,NONE,0.0,0.0,0.0,60.19,0.0,200.3,678.37,True,False,0.0,77733.61,0.0265,0.881,0.004321
2026-08-31T03:29:24Z,WUSDT,COOLING,NONE,0.0,0.0,0.0,14.92,0.0,9424.63,4104.33,True,False,0.0,77733.61,0.0265,0.893,0.009396
2026-08-31T03:29:53Z,ETHUSDT,IMPULSE,BUY,2.06,7.21,7.21,0.04,0.0,155360.01,159841.78,True,False,0.0,77731.89,-0.0022,0.999,2419.58
2026-08-31T03:29:55Z,XRPUSDT,COOLING,NONE,0.0,0.0,0.0,2.22,0.0,152887.44,90997.5,True,False,0.0,77731.89,-0.0022,0.993,1.3507
2026-08-31T03:29:56Z,HBARUSDT,COOLING,NONE,0.0,0.0,0.0,1.36,0.0,44750.51,30160.47,True,False,0.0,77731.89,-0.0022,0.971,0.07349
2026-08-31T03:29:58Z,RIZEUSDT,COOLING,NONE,0.0,0.0,0.0,60.19,0.0,200.3,678.37,True,False,0.0,77731.89,-0.0022,1.04,0.004321
2026-08-31T03:30:00Z,WUSDT,COOLING,NONE,0.0,0.0,0.0,11.72,0.0,9424.63,4104.33,True,False,0.0,77731.89,-0.0022,0.918,0.009384
2026-08-31T03:30:28Z,ETHUSDT,IMPULSE,SELL,4.55,0.0,4.55,0.04,-0.04,154464.32,143809.01,True,False,-0.0043,77711.89,-0.0257,1.013,2419.47
2026-08-31T03:30:29Z,XRPUSDT,COOLING,BUY,0.0,16.89,16.89,2.22,-0.74,81007.87,124333.83,True,False,0.0037,77711.89,-0.0257,1.075,1.3506
2026-08-31T03:30:31Z,HBARUSDT,COOLING,NONE,0.0,0.0,0.0,1.36,0.0,40002.6,20015.44,True,False,0.0,77711.89,-0.0257,0.918,0.07346
2026-08-31T03:30:33Z,RIZEUSDT,COOLING,NONE,0.0,0.0,0.0,60.19,0.0,200.3,678.37,True,False,0.0,77711.89,-0.0257,1.165,0.004322
2026-08-31T03:30:35Z,WUSDT,COOLING,NONE,0.0,0.0,0.0,11.73,0.0,10810.29,2940.19,True,False,0.0,77711.89,-0.0257,0.984,0.009384
2026-08-31T03:32:51Z,ETHUSDT,IMPULSE,NONE,0.0,0.0,0.0,0.04,0.0,188868.75,165408.08,True,False,0.0,77699.93,-0.0154,0.976,2419.49
2026-08-31T03:32:52Z,XRPUSDT,COOLING,BUY,0.0,1.84,1.84,1.48,-0.74,74545.5,86853.96,True,False,-0.0259,77699.93,-0.0154,0.883,1.3507
2026-08-31T03:32:54Z,HBARUSDT,COOLING,NONE,0.0,0.0,0.0,1.36,0.0,12545.71,28532.59,True,False,0.0,77699.93,-0.0154,0.982,0.07344
2026-08-31T03:32:55Z,RIZEUSDT,COOLING,NONE,0.0,0.0,0.0,62.7,0.0,200.3,660.4,True,False,0.0,77699.93,-0.0154,0.933,0.004307
2026-08-31T03:32:57Z,WUSDT,COOLING,NONE,0.0,0.0,0.0,8.54,0.0,9600.39,3133.85,True,False,0.0,77699.93,-0.0154,1.359,0.009366
2026-08-31T03:33:28Z,ETHUSDT,IMPULSE,NONE,0.0,0.0,0.0,0.04,0.0,161759.11,168962.32,True,False,0.0,77713.25,0.0171,0.921,2420.01
2026-08-31T03:33:30Z,XRPUSDT,COOLING,NONE,0.0,0.0,0.0,2.22,0.0,128442.66,106723.34,True,False,0.0,77713.25,0.0171,1.016,1.3508
2026-08-31T03:33:32Z,HBARUSDT,COOLING,BUY,0.0,30.08,30.08,1.36,0.0,46300.49,27615.53,True,True,0.0,77713.25,0.0171,0.954,0.07343
2026-08-31T03:34:15Z,RIZEUSDT,COOLING,NONE,0.0,0.0,0.0,62.7,0.0,200.3,660.4,True,False,0.0,77713.25,0.0171,40.956,0.004316
2026-08-31T03:34:16Z,WUSDT,COOLING,NONE,0.0,0.0,0.0,12.8,0.0,8772.12,3140.69,True,False,0.0,77713.25,0.0171,0.914,0.009372
2026-08-31T03:34:44Z,ETHUSDT,IMPULSE,SELL,1.78,0.0,1.78,0.95,0.37,150143.33,158000.35,True,False,-0.0019,77710.95,-0.003,0.933,2419.49
2026-08-31T03:34:45Z,XRPUSDT,COOLING,NONE,0.0,0.0,0.0,2.22,0.74,89701.99,84583.9,True,False,0.0037,77710.95,-0.003,0.884,1.3502
2026-08-31T03:34:47Z,HBARUSDT,COOLING,NONE,0.0,0.0,0.0,1.36,0.0,45315.95,17323.85,True,False,0.0,77710.95,-0.003,0.995,0.07343
2026-08-31T03:34:49Z,RIZEUSDT,COOLING,NONE,0.0,0.0,0.0,62.7,0.0,200.3,660.4,True,False,0.0,77710.95,-0.003,0.937,0.004316
2026-08-31T03:34:58Z,WUSDT,COOLING,NONE,0.0,0.0,0.0,10.66,2.13,17483.3,3557.81,True,False,-0.0107,77710.95,-0.003,8.285,0.009372
2026-08-31T03:35:51Z,ETHUSDT,IMPULSE,SELL,10.92,0.0,10.92,0.04,0.0,163389.79,154214.58,True,False,0.0,77723.85,0.0166,0.967,2419.91
2026-08-31T03:35:52Z,XRPUSDT,COOLING,NONE,0.0,0.0,0.0,2.96,0.0,97098.55,82380.13,True,False,0.0,77723.85,0.0166,0.946,1.3498
2026-08-31T03:35:54Z,HBARUSDT,COOLING,NONE,0.0,0.0,0.0,1.36,0.0,41893.5,22036.25,True,False,0.0,77723.85,0.0166,1.002,0.07344
2026-08-31T03:35:55Z,RIZEUSDT,COOLING,NONE,0.0,0.0,0.0,62.7,0.0,200.3,664.88,True,False,0.0,77723.85,0.0166,0.885,0.004309
2026-08-31T03:35:57Z,WUSDT,COOLING,NONE,0.0,0.0,0.0,10.65,-2.13,15142.16,3957.25,True,False,0.0213,77723.85,0.0166,0.895,0.009396
2026-08-31T03:36:24Z,ETHUSDT,IMPULSE,BUY,9.96,14.85,14.85,0.04,-0.0,166338.0,165053.88,True,False,0.0008,77734.99,0.0143,0.939,2420.41
2026-08-31T03:36:26Z,XRPUSDT,COOLING,SELL,18.54,0.0,18.54,2.22,0.0,112370.07,87168.58,True,False,0.0,77734.99,0.0143,0.979,1.3501
2026-08-31T03:36:28Z,HBARUSDT,COOLING,NONE,0.0,0.0,0.0,1.36,0.0,40190.49,32511.02,True,False,0.0,77734.99,0.0143,1.004,0.07343
2026-08-31T03:36:29Z,RIZEUSDT,COOLING,NONE,0.0,0.0,0.0,62.7,0.0,200.3,660.82,True,False,0.0,77734.99,0.0143,0.867,0.004309
2026-08-31T03:36:31Z,WUSDT,COOLING,NONE,0.0,0.0,0.0,6.39,0.0,17540.6,6838.73,True,False,0.0,77734.99,0.0143,0.954,0.009396
2026-08-31T03:36:59Z,ETHUSDT,IMPULSE,NONE,0.0,0.0,0.0,0.04,0.0,321166.01,144440.79,True,False,0.0,77744.44,0.0122,0.984,2420.49
2026-08-31T03:37:00Z,XRPUSDT,COOLING,BUY,0.0,41.0,41.0,2.96,0.74,76783.31,138592.75,True,False,0.0111,77744.44,0.0122,0.942,1.3507
2026-08-31T03:37:02Z,HBARUSDT,COOLING,NONE,0.0,0.0,0.0,1.36,0.0,25007.47,33824.08,True,False,0.0,77744.44,0.0122,0.906,0.07344
2026-08-31T03:37:03Z,RIZEUSDT,COOLING,SELL,41.73,0.0,41.73,11.58,0.0,200.3,660.82,True,True,0.0,77744.44,0.0122,0.972,0.004313
2026-08-31T03:37:05Z,WUSDT,COOLING,NONE,0.0,0.0,0.0,5.31,-3.19,18271.72,13191.19,True,False,0.0159,77744.44,0.0122,0.911,0.009398
2026-08-31T03:38:36Z,ETHUSDT,IMPULSE,NONE,0.0,0.0,0.0,0.37,0.33,147325.85,141781.47,True,False,-0.0017,77768.62,0.0311,1.057,2422.0
2026-08-31T03:38:37Z,XRPUSDT,COOLING,NONE,0.0,0.0,0.0,2.22,0.0,78665.67,79208.38,True,False,0.0,77768.62,0.0311,0.97,1.3526
2026-08-31T03:38:39Z,HBARUSDT,COOLING,NONE,0.0,0.0,0.0,1.36,0.0,44499.27,20458.12,True,False,0.0,77768.62,0.0311,1.046,0.07355
2026-08-31T03:38:41Z,RIZEUSDT,COOLING,NONE,0.0,0.0,0.0,62.7,0.0,200.3,668.38,True,False,0.0,77768.62,0.0311,0.923,0.004303
2026-08-31T03:38:43Z,WUSDT,COOLING,NONE,0.0,0.0,0.0,13.85,0.0,9381.19,4603.51,True,False,0.0,77768.62,0.0311,0.984,0.009397
2026-08-31T03:39:13Z,ETHUSDT,IMPULSE,SELL,5.47,4.3,5.47,0.21,-0.08,152765.91,150833.79,True,False,-0.0004,77771.68,0.0039,0.986,2421.64
2026-08-31T03:39:14Z,XRPUSDT,COOLING,NONE,0.0,0.0,0.0,1.48,-0.74,105587.57,198273.5,True,False,0.0037,77771.68,0.0039,1.011,1.3526
2026-08-31T03:39:17Z,HBARUSDT,COOLING,NONE,0.0,0.0,0.0,1.36,0.0,47252.22,23259.89,True,False,0.0,77771.68,0.0039,1.91,0.07348
2026-08-31T03:39:18Z,RIZEUSDT,COOLING,NONE,0.0,0.0,0.0,62.7,0.0,200.3,670.72,True,False,0.0,77771.68,0.0039,0.889,0.004309
2026-08-31T03:39:20Z,WUSDT,COOLING,NONE,0.0,0.0,0.0,14.92,0.0,11871.83,4603.51,True,False,0.0,77771.68,0.0039,0.976,0.009397
2026-08-31T03:40:28Z,ETHUSDT,IMPULSE,SELL,9.0,0.0,9.0,0.04,0.0,152938.78,152132.01,True,False,0.0,77773.86,0.0028,0.919,2421.69
2026-08-31T03:40:29Z,XRPUSDT,COOLING,BUY,0.0,72.75,72.75,2.22,0.0,94648.28,167753.53,True,False,-0.0074,77773.86,0.0028,0.882,1.3527
2026-08-31T03:40:31Z,HBARUSDT,COOLING,NONE,0.0,0.0,0.0,1.36,0.0,44906.55,18416.51,True,False,0.0,77773.86,0.0028,0.874,0.07354
2026-08-31T03:40:33Z,RIZEUSDT,COOLING,NONE,0.0,0.0,0.0,62.7,0.0,200.3,670.72,True,False,0.0,77773.86,0.0028,0.889,0.004309
2026-08-31T03:40:35Z,WUSDT,COOLING,NONE,0.0,0.0,0.0,13.84,0.0,17209.86,6420.3,True,False,0.0,77773.86,0.0028,0.878,0.009396
2026-08-31T03:41:27Z,ETHUSDT,IMPULSE,SELL,5.84,0.0,5.84,0.08,0.0,159837.37,149510.18,True,False,0.0,77737.72,-0.0465,1.001,2420.68
2026-08-31T03:41:28Z,XRPUSDT,COOLING,NONE,0.0,0.0,0.0,2.22,0.0,123710.14,87003.41,True,False,0.0,77737.72,-0.0465,0.903,1.352
2026-08-31T03:41:30Z,HBARUSDT,COOLING,NONE,0.0,0.0,0.0,1.36,0.0,45608.28,22989.44,True,False,0.0,77737.72,-0.0465,1.034,0.07351
2026-08-31T03:41:32Z,RIZEUSDT,COOLING,NONE,0.0,0.0,0.0,62.7,0.0,200.3,667.92,True,False,0.0,77737.72,-0.0465,0.993,0.004309
2026-08-31T03:41:33Z,WUSDT,COOLING,NONE,0.0,0.0,0.0,13.84,0.0,17209.86,6420.3,True,False,0.0,77737.72,-0.0465,0.882,0.009391
2026-08-31T03:42:03Z,ETHUSDT,IMPULSE,NONE,0.0,0.0,0.0,0.04,0.0,212889.88,142528.61,True,False,0.0,77757.53,0.0255,1.013,2420.72
2026-08-31T03:42:05Z,XRPUSDT,COOLING,NONE,0.0,0.0,0.0,2.22,0.0,96426.05,97022.48,True,False,0.0,77757.53,0.0255,0.947,1.3522
2026-08-31T03:42:06Z,HBARUSDT,COOLING,NONE,0.0,0.0,0.0,1.36,0.0,36240.26,16210.45,True,False,0.0,77757.53,0.0255,0.995,0.07347
2026-08-31T03:42:08Z,RIZEUSDT,COOLING,NONE,0.0,0.0,0.0,62.7,0.0,200.3,667.92,True,False,0.0,77757.53,0.0255,0.937,0.004302
2026-08-31T03:42:09Z,WUSDT,COOLING,NONE,0.0,0.0,0.0,12.75,0.0,17414.19,8573.6,True,False,0.0,77757.53,0.0255,0.985,0.009393
2026-08-31T03:42:37Z,ETHUSDT,IMPULSE,BUY,0.0,8.52,8.52,0.04,0.0,158630.19,155499.92,True,False,-0.0033,77752.78,-0.0061,0.933,2420.72
2026-08-31T03:42:38Z,XRPUSDT,COOLING,NONE,0.0,0.0,0.0,1.48,0.0,103299.67,73184.58,True,False,0.0,77752.78,-0.0061,0.875,1.3524
2026-08-31T03:42:40Z,HBARUSDT,COOLING,NONE,0.0,0.0,0.0,1.36,0.0,34926.55,13378.32,True,False,0.0,77752.78,-0.0061,0.932,0.07347
2026-08-31T03:42:42Z,RIZEUSDT,COOLING,NONE,0.0,0.0,0.0,62.7,0.0,200.3,667.92,True,False,0.0,77752.78,-0.0061,0.915,0.004302
2026-08-31T03:42:43Z,WUSDT,COOLING,NONE,0.0,0.0,0.0,11.7,1.06,11832.93,11453.49,True,False,0.0053,77752.78,-0.0061,0.958,0.009406
2026-08-31T03:44:58Z,ETHUSDT,IMPULSE,NONE,0.0,0.0,0.0,0.04,0.0,161295.52,158407.96,True,False,0.0,77819.45,0.0857,1.007,2423.45
2026-08-31T03:45:41Z,XRPUSDT,COOLING,BUY,0.0,0.13,0.13,1.48,-0.0,96449.19,113780.0,True,False,0.0591,77819.45,0.0857,40.97,1.3539
2026-08-31T03:45:43Z,HBARUSDT,COOLING,NONE,0.0,0.0,0.0,1.36,0.0,37982.72,34469.98,True,False,0.0,77819.45,0.0857,1.885,0.07356
2026-08-31T03:46:25Z,RIZEUSDT,COOLING,NONE,0.0,0.0,0.0,60.19,0.0,200.3,666.22,True,False,0.0,77819.45,0.0857,0.903,0.004324
2026-08-31T03:46:26Z,WUSDT,COOLING,NONE,0.0,0.0,0.0,10.63,0.0,17230.1,7145.3,True,False,0.0,77819.45,0.0857,0.906,0.009407
2026-08-31T03:47:36Z,ETHUSDT,IMPULSE,NONE,0.0,0.0,0.0,0.04,0.0,155545.98,154388.32,True,False,0.0,77840.36,0.0269,1.071,2423.83
2026-08-31T03:47:38Z,XRPUSDT,COOLING,BUY,25.28,49.14,49.14,1.48,-0.0,78819.54,185331.22,True,False,0.0221,77840.36,0.0269,0.993,1.3549
2026-08-31T03:47:40Z,HBARUSDT,COOLING,NONE,0.0,0.0,0.0,1.36,0.0,42137.91,17901.54,True,False,0.0,77840.36,0.0269,0.981,0.07358
2026-08-31T03:47:41Z,RIZEUSDT,COOLING,NONE,0.0,0.0,0.0,60.19,0.0,200.3,666.22,True,False,0.0,77840.36,0.0269,0.91,0.004323
2026-08-31T03:47:43Z,WUSDT,COOLING,NONE,0.0,0.0,0.0,11.7,0.0,17230.1,11440.44,True,False,0.0,77840.36,0.0269,1.049,0.009406
2026-08-31T03:48:12Z,ETHUSDT,IMPULSE,BUY,0.18,3.55,3.55,0.04,0.0,169305.95,159203.97,True,False,0.0,77836.31,-0.0052,1.005,2423.4
2026-08-31T03:48:14Z,XRPUSDT,COOLING,SELL,17.15,0.0,17.15,0.74,-0.0,74320.68,76085.28,True,True,0.0074,77836.31,-0.0052,0.972,1.3568
2026-08-31T03:48:56Z,HBARUSDT,COOLING,NONE,0.0,0.0,0.0,1.36,0.0,38692.57,30310.51,True,False,0.0,77836.31,-0.0052,0.97,0.0736
2026-08-31T03:48:59Z,RIZEUSDT,COOLING,SELL,37.62,0.0,37.62,25.42,-34.77,200.3,663.21,True,True,0.1736,77836.31,-0.0052,1.078,0.004323
2026-08-31T03:49:42Z,WUSDT,COOLING,NONE,0.0,0.0,0.0,11.7,1.06,17230.1,11440.44,True,False,-0.0053,77836.31,-0.0052,40.981,0.009407
2026-08-31T03:52:34Z,ETHUSDT,IMPULSE,NONE,0.0,0.0,0.0,0.04,0.0,158303.8,156260.5,True,False,0.0,77804.57,-0.0408,0.879,2422.41
2026-08-31T03:52:35Z,XRPUSDT,COOLING,NONE,0.0,0.0,0.0,2.21,0.74,169342.24,103901.44,True,False,0.0037,77804.57,-0.0408,0.851,1.3553
2026-08-31T03:52:37Z,HBARUSDT,COOLING,NONE,0.0,0.0,0.0,1.36,0.0,45555.54,35902.78,True,False,0.0,77804.57,-0.0408,0.926,0.07363
2026-08-31T03:52:38Z,RIZEUSDT,COOLING,NONE,0.0,0.0,0.0,60.19,0.0,119.74,663.21,True,False,0.0,77804.57,-0.0408,0.849,0.004324
2026-08-31T03:52:40Z,WUSDT,COOLING,NONE,0.0,0.0,0.0,9.6,0.0,11007.63,2693.78,True,False,0.0,77804.57,-0.0408,0.881,0.009373
2026-08-31T03:53:09Z,ETHUSDT,IMPULSE,BUY,0.39,17.05,17.05,0.04,0.0,156568.93,182583.56,True,False,0.0,77788.6,-0.0205,0.909,2422.0
2026-08-31T03:53:11Z,XRPUSDT,COOLING,NONE,0.0,0.0,0.0,2.22,0.0,179001.12,220287.96,True,False,-0.0074,77788.6,-0.0205,1.063,1.3542
2026-08-31T03:53:52Z,HBARUSDT,COOLING,NONE,0.0,0.0,0.0,1.36,0.0,48366.68,26230.3,True,False,0.0,77788.6,-0.0205,1.027,0.07359
2026-08-31T03:53:55Z,RIZEUSDT,COOLING,NONE,0.0,0.0,0.0,60.19,0.0,200.3,663.21,True,False,0.0,77788.6,-0.0205,1.026,0.004324
2026-08-31T03:53:58Z,WUSDT,COOLING,NONE,0.0,0.0,0.0,6.39,0.0,16306.4,4548.07,True,False,0.0,77788.6,-0.0205,2.066,0.009381
2026-08-31T03:54:30Z,ETHUSDT,IMPULSE,BUY,7.59,11.52,11.52,0.04,0.0,153031.27,159880.11,True,False,0.0,77795.93,0.0094,0.827,2422.28
2026-08-31T03:54:32Z,XRPUSDT,COOLING,NONE,0.0,0.0,0.0,1.48,0.0,97247.67,242792.48,True,False,0.0,77795.93,0.0094,1.034,1.3555
2026-08-31T03:54:33Z,HBARUSDT,COOLING,NONE,0.0,0.0,0.0,1.36,0.0,46336.91,30447.55,True,False,0.0,77795.93,0.0094,0.903,0.07362
2026-08-31T03:55:15Z,RIZEUSDT,COOLING,SELL,0.99,0.0,0.99,60.19,0.0,200.3,663.21,True,False,0.0,77795.93,0.0094,40.885,0.004319
2026-08-31T03:55:19Z,WUSDT,COOLING,NONE,0.0,0.0,0.0,10.64,0.0,16330.5,6719.86,True,False,0.0,77795.93,0.0094,0.921,0.009393
2026-08-31T03:57:35Z,ETHUSDT,IMPULSE,NONE,0.0,0.0,0.0,0.04,0.0,142609.58,203665.7,True,False,0.0,77762.32,-0.0432,0.992,2421.0
2026-08-31T03:57:36Z,XRPUSDT,COOLING,NONE,0.0,0.0,0.0,1.48,-0.74,172135.57,87527.18,True,False,-0.0037,77762.32,-0.0432,1.003,1.3541
2026-08-31T03:57:39Z,HBARUSDT,COOLING,NONE,0.0,0.0,0.0,1.36,0.0,42370.24,27623.72,True,False,0.0,77762.32,-0.0432,1.008,0.07361
2026-08-31T03:57:42Z,RIZEUSDT,COOLING,SELL,41.06,0.0,41.06,60.19,0.0,200.3,663.21,True,True,0.0,77762.32,-0.0432,0.979,0.004318
2026-08-31T03:57:43Z,WUSDT,COOLING,NONE,0.0,0.0,0.0,13.84,0.0,10200.63,6385.12,True,False,0.0,77762.32,-0.0432,0.868,0.009396
2026-08-31T03:58:12Z,ETHUSDT,IMPULSE,BUY,0.0,0.65,0.65,0.04,0.0,154051.84,157364.01,True,False,0.0,77757.61,-0.0061,0.912,2420.9
2026-08-31T03:58:14Z,XRPUSDT,COOLING,NONE,0.0,0.0,0.0,2.21,0.0,84774.55,95680.46,True,False,0.0,77757.61,-0.0061,0.998,1.3543
2026-08-31T03:58:16Z,HBARUSDT,COOLING,NONE,0.0,0.0,0.0,1.36,0.0,45969.49,14935.61,True,False,0.0,77757.61,-0.0061,0.961,0.07361
2026-08-31T03:58:17Z,RIZEUSDT,COOLING,NONE,0.0,0.0,0.0,60.19,0.0,200.3,663.21,True,False,0.0,77757.61,-0.0061,0.892,0.004319
2026-08-31T03:58:19Z,WUSDT,COOLING,NONE,0.0,0.0,0.0,13.84,0.0,10200.63,6385.12,True,False,0.0,77757.61,-0.0061,0.853,0.009393
2026-08-31T03:58:47Z,ETHUSDT,IMPULSE,SELL,1.73,1.31,1.73,0.04,0.0,160124.34,155112.61,True,False,0.0,77757.61,0.0,1.067,2420.93
2026-08-31T03:58:48Z,XRPUSDT,COOLING,NONE,0.0,0.0,0.0,2.21,0.0,73366.54,249653.64,True,False,0.0,77757.61,0.0,0.932,1.3551
2026-08-31T03:58:50Z,HBARUSDT,COOLING,NONE,0.0,0.0,0.0,1.36,0.0,40087.12,40513.9,True,False,0.0,77757.61,0.0,1.016,0.07362
2026-08-31T03:58:51Z,RIZEUSDT,COOLING,NONE,0.0,0.0,0.0,60.19,0.0,200.3,663.21,True,False,0.0,77757.61,0.0,0.902,0.004319
2026-08-31T03:58:53Z,WUSDT,COOLING,NONE,0.0,0.0,0.0,13.84,0.0,10200.63,6385.12,True,False,0.0,77757.61,0.0,1.021,0.009393
2026-08-31T04:01:07Z,XRPUSDT,COOLING,NONE,0.0,0.0,0.0,2.22,0.0,91343.9,151517.73,True,False,0.0,77741.07,-0.0213,0.882,1.3544
2026-08-31T04:01:08Z,HBARUSDT,COOLING,SELL,44.37,0.0,44.37,2.72,0.0,43597.55,26892.09,True,True,-0.0136,77741.07,-0.0213,0.906,0.07362
2026-08-31T04:01:10Z,RIZEUSDT,COOLING,NONE,0.0,0.0,0.0,60.19,0.0,200.3,663.21,True,False,0.0,77741.07,-0.0213,0.983,0.004318
2026-08-31T04:01:12Z,WUSDT,COOLING,NONE,0.0,0.0,0.0,11.7,0.0,10630.2,11440.44,True,False,0.0,77741.07,-0.0213,0.879,0.009402
2026-08-31T04:01:13Z,REDUSDT,COOLING,NONE,0.0,0.0,0.0,13.75,0.0,6817.23,5994.2,True,False,0.0,77741.07,-0.0213,0.967,0.10905
2026-08-31T04:01:48Z,XRPUSDT,COOLING,NONE,0.0,0.0,0.0,1.48,0.0,61338.59,94916.79,True,False,0.0,77720.32,-0.0267,0.921,1.3527
2026-08-31T04:01:49Z,HBARUSDT,COOLING,NONE,0.0,0.0,0.0,1.36,0.0,42012.97,15881.79,True,False,0.0,77720.32,-0.0267,0.853,0.07362
2026-08-31T04:01:51Z,RIZEUSDT,COOLING,NONE,0.0,0.0,0.0,60.19,0.0,200.3,663.21,True,False,0.0,77720.32,-0.0267,0.876,0.00432
2026-08-31T04:01:52Z,WUSDT,COOLING,NONE,0.0,0.0,0.0,10.63,0.0,10630.2,11440.44,True,False,0.0,77720.32,-0.0267,1.03,0.009402
2026-08-31T04:01:54Z,REDUSDT,COOLING,NONE,0.0,0.0,0.0,13.75,0.0,6817.23,5994.2,True,False,0.0,77720.32,-0.0267,0.884,0.10904
2026-08-31T04:02:22Z,XRPUSDT,COOLING,NONE,0.0,0.0,0.0,1.48,0.0,74791.12,103311.32,True,False,0.0,77695.0,-0.0326,0.916,1.352
2026-08-31T04:02:24Z,HBARUSDT,COOLING,NONE,0.0,0.0,0.0,1.36,0.0,43206.16,17516.0,True,False,0.0,77695.0,-0.0326,0.931,0.07359
2026-08-31T04:02:25Z,RIZEUSDT,COOLING,NONE,0.0,0.0,0.0,60.19,0.0,200.3,662.14,True,False,0.0,77695.0,-0.0326,1.119,0.004322
2026-08-31T04:02:27Z,WUSDT,COOLING,NONE,0.0,0.0,0.0,11.71,0.0,10190.11,2993.69,True,False,0.0,77695.0,-0.0326,0.998,0.009398
2026-08-31T04:02:29Z,REDUSDT,COOLING,SELL,7.23,0.0,7.23,11.96,0.0,6080.52,6048.51,True,False,0.0,77695.0,-0.0326,0.962,0.10909
2026-08-31T04:04:01Z,ETHUSDT,IMPULSE,BUY,0.0,11.83,11.83,0.04,-0.12,155757.03,170625.19,True,False,0.0052,77625.0,-0.0901,0.986,2415.42
2026-08-31T04:04:02Z,XRPUSDT,COOLING,BUY,6.07,65.17,65.17,2.22,0.0,125374.18,234380.5,True,False,-0.0222,77625.0,-0.0901,0.944,1.3502
2026-08-31T04:04:05Z,HBARUSDT,COOLING,NONE,0.0,0.0,0.0,1.36,0.0,39684.5,32901.94,True,False,0.0,77625.0,-0.0901,2.104,0.07358
2026-08-31T04:04:07Z,RIZEUSDT,COOLING,NONE,0.0,0.0,0.0,60.19,0.0,200.3,665.74,True,False,0.0,77625.0,-0.0901,1.036,0.004322
2026-08-31T04:04:10Z,WUSDT,COOLING,NONE,0.0,0.0,0.0,10.62,0.0,15966.53,8644.75,True,False,0.0,77625.0,-0.0901,1.025,0.009417
2026-08-31T04:04:44Z,ETHUSDT,IMPULSE,BUY,0.0,1.41,1.41,0.04,0.0,163288.05,158763.32,True,False,0.0,77602.49,-0.029,0.944,2414.56
2026-08-31T04:04:46Z,XRPUSDT,COOLING,SELL,22.77,0.0,22.77,2.96,0.74,106346.3,135498.67,True,False,-0.0111,77602.49,-0.029,0.966,1.3491
2026-08-31T04:04:48Z,HBARUSDT,COOLING,NONE,0.0,0.0,0.0,1.36,0.0,22065.81,27098.16,True,False,0.0,77602.49,-0.029,0.966,0.07359
2026-08-31T04:04:50Z,RIZEUSDT,COOLING,NONE,0.0,0.0,0.0,60.19,0.0,200.3,665.74,True,False,0.0,77602.49,-0.029,0.945,0.004312
2026-08-31T04:04:52Z,WUSDT,COOLING,NONE,0.0,0.0,0.0,10.64,0.0,8563.28,6405.53,True,False,0.0,77602.49,-0.029,0.928,0.009395
2026-08-31T04:05:20Z,ETHUSDT,IMPULSE,SELL,9.0,0.0,9.0,0.04,-0.04,171759.55,158297.75,True,False,0.0002,77590.89,-0.0149,0.902,2414.13
2026-08-31T04:05:22Z,XRPUSDT,COOLING,BUY,0.0,6.96,6.96,2.22,0.74,183758.28,125876.61,True,False,0.0185,77590.89,-0.0149,1.002,1.349
2026-08-31T04:05:23Z,HBARUSDT,COOLING,SELL,13.55,0.0,13.55,1.36,-0.0,27463.22,20584.62,True,False,0.0272,77590.89,-0.0149,0.896,0.07355
2026-08-31T04:05:25Z,RIZEUSDT,COOLING,SELL,45.21,0.0,45.21,60.19,0.0,200.3,666.17,True,True,0.0,77590.89,-0.0149,0.893,0.004322
2026-08-31T04:05:27Z,WUSDT,COOLING,NONE,0.0,0.0,0.0,12.8,0.0,15855.33,2943.88,True,False,0.0,77590.89,-0.0149,0.923,0.009379
2026-08-31T04:07:00Z,ETHUSDT,IMPULSE,NONE,0.0,0.0,0.0,0.41,0.17,157878.42,159234.68,True,False,0.0008,77663.78,0.0939,0.91,2416.84
2026-08-31T04:07:02Z,XRPUSDT,COOLING,NONE,0.0,0.0,0.0,2.22,1.48,85874.52,321122.68,True,False,0.0,77663.78,0.0939,1.072,1.3514
2026-08-31T04:07:43Z,HBARUSDT,COOLING,BUY,0.0,24.29,24.29,1.36,0.0,46033.47,38842.93,True,False,0.0,77663.78,0.0939,0.892,0.07372
2026-08-31T04:07:45Z,RIZEUSDT,COOLING,NONE,0.0,0.0,0.0,60.19,0.0,119.57,664.32,True,False,0.0,77663.78,0.0939,0.863,0.004322
2026-08-31T04:07:47Z,WUSDT,COOLING,NONE,0.0,0.0,0.0,11.7,0.0,7865.33,11460.88,True,False,0.0,77663.78,0.0939,0.988,0.00941
2026-08-31T04:08:15Z,ETHUSDT,IMPULSE,SELL,0.55,0.0,0.55,0.21,0.12,159536.9,158990.26,True,False,0.001,77673.2,0.0121,0.969,2417.53
2026-08-31T04:08:18Z,XRPUSDT,COOLING,NONE,0.0,0.0,0.0,1.48,-0.74,84719.79,120303.15,True,False,0.0037,77673.2,0.0121,1.951,1.3509
2026-08-31T04:08:21Z,HBARUSDT,COOLING,NONE,0.0,0.0,0.0,1.36,0.0,40553.89,21467.13,True,False,0.0,77673.2,0.0121,1.024,0.07369
2026-08-31T04:08:23Z,RIZEUSDT,COOLING,SELL,0.02,0.0,0.02,60.19,0.0,200.35,664.32,True,False,0.0,77673.2,0.0121,0.984,0.004322
2026-08-31T04:08:25Z,WUSDT,COOLING,NONE,0.0,0.0,0.0,11.7,0.0,15528.15,11460.88,True,False,0.0,77673.2,0.0121,0.933,0.009397
2026-08-31T04:09:35Z,ETHUSDT,IMPULSE,BUY,0.0,11.58,11.58,0.17,-0.04,177101.09,163120.24,True,False,-0.0002,77613.94,-0.0763,0.982,2414.46
2026-08-31T04:09:37Z,XRPUSDT,COOLING,SELL,63.99,0.0,63.99,2.96,0.74,173050.0,130071.23,True,False,0.0185,77613.94,-0.0763,0.96,1.3498
2026-08-31T04:09:38Z,HBARUSDT,COOLING,NONE,0.0,0.0,0.0,1.36,0.0,51462.15,17113.7,True,False,0.0,77613.94,-0.0763,0.893,0.07358
2026-08-31T04:09:40Z,RIZEUSDT,COOLING,NONE,0.0,0.0,0.0,92.74,0.0,117.92,661.19,True,False,0.0,77613.94,-0.0763,0.875,0.004293
2026-08-31T04:09:42Z,WUSDT,COOLING,NONE,0.0,0.0,0.0,13.84,0.0,15898.92,6737.35,True,False,0.0,77613.94,-0.0763,0.976,0.009383
2026-08-31T04:10:32Z,ETHUSDT,IMPULSE,SELL,27.64,0.0,27.64,0.04,0.0,205432.86,141802.1,True,False,-0.0066,77615.63,0.0022,1.008,2414.54
2026-08-31T04:10:33Z,XRPUSDT,COOLING,NONE,0.0,0.0,0.0,2.22,0.0,97156.87,88151.1,True,False,0.0,77615.63,0.0022,0.926,1.3492
2026-08-31T04:10:35Z,HBARUSDT,COOLING,NONE,0.0,0.0,0.0,1.36,0.0,38517.16,33035.28,True,False,0.0,77615.63,0.0022,1.041,0.07359
2026-08-31T04:10:38Z,RIZEUSDT,COOLING,SELL,6.08,0.0,6.08,62.89,0.0,132.39,661.12,True,False,0.0,77615.63,0.0022,1.901,0.00428
2026-08-31T04:10:40Z,WUSDT,COOLING,NONE,0.0,0.0,0.0,15.98,0.0,15877.16,4265.12,True,False,0.0,77615.63,0.0022,1.039,0.009389
2026-08-31T04:11:53Z,ETHUSDT,IMPULSE,NONE,0.0,0.0,0.0,0.04,0.0,154023.0,211390.05,True,False,0.0,77608.76,-0.0089,0.912,2415.36
2026-08-31T04:12:34Z,XRPUSDT,COOLING,BUY,0.0,3.25,3.25,2.23,0.0,95410.07,162847.7,True,False,-0.0074,77608.76,-0.0089,0.961,1.3492
2026-08-31T04:12:37Z,HBARUSDT,COOLING,NONE,0.0,0.0,0.0,1.36,0.0,35592.58,24045.15,True,False,0.0,77608.76,-0.0089,0.838,0.07361
2026-08-31T04:12:38Z,RIZEUSDT,COOLING,NONE,0.0,0.0,0.0,62.89,0.0,117.08,665.47,True,False,0.0,77608.76,-0.0089,0.963,0.004293
2026-08-31T04:12:40Z,WUSDT,COOLING,NONE,0.0,0.0,0.0,14.97,3.21,7785.51,2728.66,True,False,-0.016,77608.76,-0.0089,1.118,0.009353
2026-08-31T04:13:10Z,ETHUSDT,IMPULSE,BUY,0.0,2.78,2.78,0.08,-0.04,147868.97,160607.2,True,False,0.0002,77580.35,-0.0366,1.011,2414.01
2026-08-31T04:13:12Z,XRPUSDT,COOLING,NONE,0.0,0.0,0.0,2.22,0.0,120309.1,103843.88,True,False,0.0,77580.35,-0.0366,1.019,1.3485
2026-08-31T04:13:14Z,HBARUSDT,COOLING,NONE,0.0,0.0,0.0,1.36,0.0,33331.61,33847.24,True,False,0.0,77580.35,-0.0366,1.008,0.07361
2026-08-31T04:13:15Z,RIZEUSDT,COOLING,NONE,0.0,0.0,0.0,62.89,0.0,117.17,665.47,True,False,0.0,77580.35,-0.0366,0.997,0.004291
2026-08-31T04:13:18Z,WUSDT,COOLING,NONE,0.0,0.0,0.0,6.41,0.0,7785.51,2728.66,True,False,0.0,77580.35,-0.0366,0.881,0.009353
2026-08-31T04:14:52Z,ETHUSDT,IMPULSE,BUY,0.0,0.11,0.11,0.12,0.08,183305.55,150815.21,True,False,0.0004,77581.68,0.0017,0.954,2414.25
2026-08-31T04:14:53Z,XRPUSDT,COOLING,NONE,0.0,0.0,0.0,2.23,0.0,88098.25,138127.73,True,False,0.0,77581.68,0.0017,0.951,1.3482
2026-08-31T04:14:56Z,HBARUSDT,COOLING,BUY,1.28,2.04,2.04,1.36,0.0,32802.16,36730.62,True,False,-0.0136,77581.68,0.0017,2.107,0.0735
2026-08-31T04:14:59Z,RIZEUSDT,COOLING,NONE,0.0,0.0,0.0,62.89,0.0,117.08,657.4,True,False,0.0,77581.68,0.0017,1.125,0.004293
2026-08-31T04:15:41Z,WUSDT,COOLING,SELL,1.2,0.45,1.2,6.41,0.0,15338.21,3441.37,True,False,-0.0107,77581.68,0.0017,40.993,0.009356
2026-08-31T04:16:09Z,ETHUSDT,IMPULSE,SELL,23.01,0.0,23.01,0.04,0.0,213554.83,144276.34,True,False,0.0,77560.08,-0.0278,0.962,2413.43
2026-08-31T04:16:11Z,XRPUSDT,COOLING,NONE,0.0,0.0,0.0,2.23,-0.74,178643.89,95673.03,True,False,-0.0037,77560.08,-0.0278,0.874,1.3478
2026-08-31T04:16:12Z,HBARUSDT,COOLING,NONE,0.0,0.0,0.0,1.36,0.0,48120.67,27130.75,True,False,0.0,77560.08,-0.0278,0.984,0.07349
2026-08-31T04:16:14Z,RIZEUSDT,COOLING,BUY,0.0,1.11,1.11,62.89,0.0,261.13,664.52,True,False,0.0,77560.08,-0.0278,0.907,0.004304
2026-08-31T04:16:16Z,WUSDT,COOLING,NONE,0.0,0.0,0.0,7.48,0.0,8155.43,4033.03,True,False,0.0,77560.08,-0.0278,1.052,0.009357
2026-08-31T04:16:45Z,ETHUSDT,IMPULSE,NONE,0.0,0.0,0.0,0.04,0.0,184731.9,149898.86,True,False,0.0,77570.25,0.0131,0.917,2414.45
2026-08-31T04:16:46Z,XRPUSDT,COOLING,NONE,0.0,0.0,0.0,2.97,0.0,82461.59,108249.81,True,False,0.0,77570.25,0.0131,0.896,1.3477
2026-08-31T04:16:48Z,HBARUSDT,COOLING,NONE,0.0,0.0,0.0,1.36,0.0,40418.17,34895.36,True,False,0.0,77570.25,0.0131,0.918,0.07349
2026-08-31T04:16:49Z,RIZEUSDT,COOLING,SELL,0.07,0.0,0.07,62.89,0.0,117.17,657.84,True,False,0.0,77570.25,0.0131,1.022,0.004304
2026-08-31T04:16:51Z,WUSDT,COOLING,NONE,0.0,0.0,0.0,7.48,0.0,11780.03,4450.24,True,False,0.0,77570.25,0.0131,1.024,0.009356
2026-08-31T04:17:43Z,ETHUSDT,IMPULSE,NONE,0.0,0.0,0.0,0.04,-0.0,151919.72,153336.76,True,False,0.0004,77545.11,-0.0324,0.956,2413.89
2026-08-31T04:17:45Z,XRPUSDT,COOLING,NONE,0.0,0.0,0.0,2.23,0.0,85399.22,87471.55,True,False,0.0,77545.11,-0.0324,0.928,1.3475
2026-08-31T04:17:46Z,HBARUSDT,COOLING,NONE,0.0,0.0,0.0,1.36,0.0,28984.72,28493.67,True,False,0.0,77545.11,-0.0324,0.899,0.07358
2026-08-31T04:17:48Z,RIZEUSDT,COOLING,NONE,0.0,0.0,0.0,62.89,0.0,261.13,656.27,True,False,0.0,77545.11,-0.0324,1.003,0.004304
2026-08-31T04:17:50Z,WUSDT,COOLING,NONE,0.0,0.0,0.0,6.4,0.0,16701.47,3545.75,True,False,0.0,77545.11,-0.0324,0.953,0.009382
2026-08-31T04:18:19Z,ETHUSDT,IMPULSE,BUY,0.0,0.14,0.14,0.04,0.0,149629.14,321378.59,True,False,0.0,77535.0,-0.013,1.008,2413.16
2026-08-31T04:18:21Z,XRPUSDT,COOLING,NONE,0.0,0.0,0.0,2.97,0.0,96189.08,136765.76,True,False,0.0,77535.0,-0.013,0.94,1.3465
2026-08-31T04:19:02Z,HBARUSDT,COOLING,SELL,21.98,0.0,21.98,1.36,0.0,41403.57,29364.89,True,False,0.0,77535.0,-0.013,0.964,0.07359
2026-08-31T04:19:05Z,RIZEUSDT,COOLING,SELL,0.17,0.0,0.17,62.89,25.57,117.47,656.27,True,False,0.1283,77535.0,-0.013,1.997,0.004296
2026-08-31T04:19:07Z,WUSDT,COOLING,NONE,0.0,0.0,0.0,7.48,0.0,10355.21,4450.69,True,False,0.0,77535.0,-0.013,1.05,0.009379
2026-08-31T04:19:35Z,ETHUSDT,IMPULSE,SELL,6.39,0.0,6.39,0.29,0.17,148250.14,153119.52,True,False,-0.0012,77539.97,0.0064,0.859,2413.07
2026-08-31T04:19:36Z,XRPUSDT,COOLING,BUY,0.0,1.16,1.16,1.49,-1.49,86635.39,124823.38,True,False,0.0,77539.97,0.0064,1.003,1.3473
2026-08-31T04:19:38Z,HBARUSDT,COOLING,NONE,0.0,0.0,0.0,1.36,0.0,35569.16,36784.35,True,False,0.0,77539.97,0.0064,0.971,0.07356
2026-08-31T04:19:39Z,RIZEUSDT,COOLING,NONE,0.0,0.0,0.0,62.89,0.0,100.0,657.77,True,False,0.0,77539.97,0.0064,0.864,0.004296
2026-08-31T04:19:41Z,WUSDT,COOLING,NONE,0.0,0.0,0.0,5.34,0.0,9460.81,3369.57,True,False,0.0,77539.97,0.0064,1.029,0.009358
2026-08-31T04:21:16Z,ETHUSDT,IMPULSE,NONE,0.0,0.0,0.0,0.62,-0.29,144013.7,158440.2,True,False,0.0006,77565.9,0.0334,0.913,2413.19
2026-08-31T04:21:17Z,XRPUSDT,COOLING,SELL,12.21,0.0,12.21,1.49,0.0,100704.89,58006.52,True,False,0.0,77565.9,0.0334,0.943,1.3464
2026-08-31T04:21:19Z,HBARUSDT,COOLING,NONE,0.0,0.0,0.0,1.36,0.0,43334.04,16417.75,True,False,0.0,77565.9,0.0334,0.992,0.07352
2026-08-31T04:21:21Z,RIZEUSDT,COOLING,NONE,0.0,0.0,0.0,62.89,0.0,117.08,657.77,True,False,0.0,77565.9,0.0334,0.922,0.004284
2026-08-31T04:21:22Z,WUSDT,COOLING,NONE,0.0,0.0,0.0,6.43,3.22,9245.61,3089.47,True,False,-0.0161,77565.9,0.0334,0.888,0.009339
2026-08-31T04:22:34Z,ETHUSDT,IMPULSE,BUY,0.0,0.19,0.19,0.17,-0.12,167799.24,155415.76,True,False,-0.0006,77525.63,-0.0519,1.982,2413.9
2026-08-31T04:22:35Z,XRPUSDT,COOLING,SELL,77.59,38.01,77.59,2.23,0.74,166854.71,137769.85,True,False,-0.026,77525.63,-0.0519,0.879,1.3459
2026-08-31T04:22:37Z,HBARUSDT,COOLING,NONE,0.0,0.0,0.0,2.72,0.0,39342.3,31982.07,True,False,0.0,77525.63,-0.0519,1.021,0.07353
2026-08-31T04:22:38Z,RIZEUSDT,COOLING,SELL,0.24,0.0,0.24,62.89,0.0,117.42,661.03,True,False,0.0,77525.63,-0.0519,0.987,0.004292
2026-08-31T04:22:40Z,WUSDT,COOLING,NONE,0.0,0.0,0.0,10.77,0.0,10834.07,2624.85,True,False,0.0,77525.63,-0.0519,0.871,0.00929
2026-08-31T04:23:08Z,ETHUSDT,IMPULSE,SELL,2.52,0.0,2.52,1.28,1.2,163781.11,174118.75,True,False,-0.006,77528.48,0.0037,0.976,2414.13
2026-08-31T04:23:09Z,XRPUSDT,COOLING,NONE,0.0,0.0,0.0,1.49,-0.74,81160.39,114398.74,True,False,0.0037,77528.48,0.0037,0.899,1.3459
2026-08-31T04:23:11Z,HBARUSDT,COOLING,NONE,0.0,0.0,0.0,1.36,0.0,33373.61,38820.44,True,False,0.0,77528.48,0.0037,1.076,0.07353
2026-08-31T04:23:13Z,RIZEUSDT,COOLING,NONE,0.0,0.0,0.0,62.89,0.0,117.08,661.03,True,False,0.0,77528.48,0.0037,1.174,0.004292
2026-08-31T04:23:15Z,WUSDT,COOLING,NONE,0.0,0.0,0.0,16.16,0.0,9947.06,2624.85,True,False,0.0,77528.48,0.0037,1.139,0.009286
2026-08-31T04:24:07Z,ETHUSDT,IMPULSE,NONE,0.0,0.0,0.0,0.54,0.5,253334.07,169255.72,True,False,0.0253,77500.0,-0.0367,1.026,2412.04
2026-08-31T04:24:49Z,XRPUSDT,COOLING,BUY,0.0,0.69,0.69,2.23,-0.0,40746.32,112327.34,True,False,0.0743,77500.0,-0.0367,41.001,1.3452
2026-08-31T04:24:50Z,HBARUSDT,COOLING,NONE,0.0,0.0,0.0,1.36,0.0,44435.41,38664.83,True,False,0.0,77500.0,-0.0367,0.938,0.07349
2026-08-31T04:24:53Z,RIZEUSDT,COOLING,NONE,0.0,0.0,0.0,62.89,0.0,117.08,661.03,True,False,0.0,77500.0,-0.0367,1.922,0.004292
2026-08-31T04:24:55Z,WUSDT,COOLING,NONE,0.0,0.0,0.0,17.27,0.0,14991.77,2807.4,True,False,0.0,77500.0,-0.0367,1.03,0.009258
2026-08-31T04:25:23Z,ETHUSDT,IMPULSE,NONE,0.0,0.0,0.0,0.08,0.04,145794.42,149688.85,True,False,0.0048,77528.38,0.0366,0.885,2413.97
2026-08-31T04:25:24Z,XRPUSDT,COOLING,NONE,0.0,0.0,0.0,2.97,0.74,74223.58,93030.61,True,False,-0.0037,77528.38,0.0366,0.964,1.3471
2026-08-31T04:25:25Z,HBARUSDT,COOLING,SELL,74.6,5.03,74.6,1.36,-0.0,41423.36,35436.27,True,True,0.0136,77528.38,0.0366,0.867,0.0735
2026-08-31T04:25:27Z,RIZEUSDT,COOLING,NONE,0.0,0.0,0.0,62.89,0.0,117.08,661.03,True,False,0.0,77528.38,0.0366,0.887,0.004292
2026-08-31T04:25:29Z,WUSDT,COOLING,NONE,0.0,0.0,0.0,12.96,0.0,14991.77,2562.93,True,False,0.0,77528.38,0.0366,0.948,0.009256
2026-08-31T04:25:58Z,ETHUSDT,IMPULSE,NONE,0.0,0.0,0.0,0.04,0.0,145338.39,151862.91,True,False,-0.0041,77516.83,-0.0149,1.031,2412.72
2026-08-31T04:26:00Z,XRPUSDT,COOLING,NONE,0.0,0.0,0.0,2.23,-0.74,187365.63,126064.17,True,False,-0.0037,77516.83,-0.0149,0.934,1.3476
2026-08-31T04:26:02Z,HBARUSDT,COOLING,NONE,0.0,0.0,0.0,1.36,0.0,25829.5,37515.66,True,False,0.0,77516.83,-0.0149,0.924,0.07356
2026-08-31T04:26:04Z,RIZEUSDT,COOLING,SELL,0.28,0.0,0.28,62.89,0.0,117.42,661.03,True,False,0.0,77516.83,-0.0149,0.996,0.004292
2026-08-31T04:26:05Z,WUSDT,COOLING,NONE,0.0,0.0,0.0,5.41,0.0,8174.77,4493.55,True,False,0.0,77516.83,-0.0149,0.927,0.009251
2026-08-31T04:26:58Z,ETHUSDT,IMPULSE,NONE,0.0,0.0,0.0,0.04,0.0,142643.5,158074.42,True,False,0.0,77504.54,-0.0159,0.938,2413.08
2026-08-31T04:26:59Z,XRPUSDT,COOLING,NONE,0.0,0.0,0.0,2.97,0.0,93789.66,122179.27,True,False,0.0,77504.54,-0.0159,0.991,1.3474
2026-08-31T04:27:01Z,HBARUSDT,COOLING,NONE,0.0,0.0,0.0,1.36,0.0,33995.37,32631.62,True,False,0.0,77504.54,-0.0159,0.88,0.07357
2026-08-31T04:27:02Z,RIZEUSDT,COOLING,NONE,0.0,0.0,0.0,62.89,0.0,117.08,661.03,True,False,0.0,77504.54,-0.0159,0.929,0.004292
2026-08-31T04:27:04Z,WUSDT,COOLING,NONE,0.0,0.0,0.0,10.82,0.0,12149.68,2715.94,True,False,0.0,77504.54,-0.0159,0.993,0.009247
2026-08-31T04:27:32Z,ETHUSDT,IMPULSE,BUY,0.0,1.22,1.22,0.04,0.0,45369.22,160308.56,True,False,0.0,77530.3,0.0332,0.931,2412.15
2026-08-31T04:27:33Z,XRPUSDT,COOLING,NONE,0.0,0.0,0.0,2.97,0.74,83641.09,134725.8,True,False,0.0037,77530.3,0.0332,0.894,1.3472
2026-08-31T04:27:35Z,HBARUSDT,COOLING,NONE,0.0,0.0,0.0,1.36,0.0,30281.4,15714.23,True,False,0.0,77530.3,0.0332,0.899,0.07357
2026-08-31T04:27:36Z,RIZEUSDT,COOLING,NONE,0.0,0.0,0.0,62.89,0.0,261.13,661.03,True,False,0.0,77530.3,0.0332,0.861,0.004292
2026-08-31T04:27:38Z,WUSDT,COOLING,NONE,0.0,0.0,0.0,12.97,0.0,12142.85,2088.51,True,False,0.0,77530.3,0.0332,0.968,0.009255
2026-08-31T04:28:08Z,ETHUSDT,IMPULSE,BUY,0.0,2.1,2.1,1.04,0.99,158826.97,157078.68,True,False,0.0319,77506.09,-0.0312,1.996,2413.26
2026-08-31T04:28:10Z,XRPUSDT,COOLING,NONE,0.0,0.0,0.0,2.97,0.74,68141.22,72038.68,True,False,-0.0111,77506.09,-0.0312,0.987,1.348
2026-08-31T04:28:12Z,HBARUSDT,COOLING,NONE,0.0,0.0,0.0,1.36,0.0,42664.36,13262.68,True,False,0.0,77506.09,-0.0312,0.924,0.07353
2026-08-31T04:28:13Z,RIZEUSDT,COOLING,SELL,0.05,0.0,0.05,62.89,0.0,117.14,661.03,True,False,0.0,77506.09,-0.0312,1.0,0.004292
2026-08-31T04:28:15Z,WUSDT,COOLING,NONE,0.0,0.0,0.0,17.26,1.06,12142.85,2555.4,True,False,0.1458,77506.09,-0.0312,0.942,0.009258
2026-08-31T04:29:08Z,ETHUSDT,IMPULSE,NONE,0.0,0.0,0.0,0.04,0.0,154206.66,187133.49,True,False,0.0,77532.66,0.0343,0.995,2414.05
2026-08-31T04:29:09Z,XRPUSDT,COOLING,NONE,0.0,0.0,0.0,2.22,0.0,103494.6,104671.39,True,False,0.0,77532.66,0.0343,1.011,1.3486
2026-08-31T04:29:11Z,HBARUSDT,COOLING,NONE,0.0,0.0,0.0,1.36,0.0,48500.88,37259.26,True,False,0.0,77532.66,0.0343,0.932,0.07357
2026-08-31T04:29:13Z,RIZEUSDT,COOLING,NONE,0.0,0.0,0.0,62.89,0.0,261.13,661.03,True,False,0.0,77532.66,0.0343,0.962,0.004292
2026-08-31T04:29:14Z,WUSDT,COOLING,NONE,0.0,0.0,0.0,15.11,0.0,11203.73,2987.25,True,False,0.0,77532.66,0.0343,0.892,0.009268
2026-08-31T04:30:23Z,ETHUSDT,IMPULSE,NONE,0.0,0.0,0.0,0.04,0.0,201036.34,148031.14,True,False,0.0,77514.81,-0.023,0.884,2413.15
2026-08-31T04:30:24Z,XRPUSDT,COOLING,NONE,0.0,0.0,0.0,2.23,0.0,69280.52,139772.34,True,False,0.0,77514.81,-0.023,1.002,1.3477
2026-08-31T04:30:26Z,HBARUSDT,COOLING,NONE,0.0,0.0,0.0,1.36,0.0,46764.86,17915.48,True,False,0.0,77514.81,-0.023,0.999,0.07356
2026-08-31T04:30:28Z,RIZEUSDT,COOLING,NONE,0.0,0.0,0.0,62.89,0.0,261.13,661.03,True,False,0.0,77514.81,-0.023,1.004,0.004292
2026-08-31T04:30:30Z,WUSDT,COOLING,NONE,0.0,0.0,0.0,12.97,0.0,8876.69,2138.22,True,False,0.0,77514.81,-0.023,1.028,0.009255
2026-08-31T04:32:20Z,ETHUSDT,IMPULSE,BUY,0.0,7.39,7.39,0.04,0.0,159492.61,159094.19,True,False,0.0,77490.0,-0.032,0.942,2414.49
2026-08-31T04:32:22Z,XRPUSDT,COOLING,NONE,0.0,0.0,0.0,1.48,-2.23,67517.38,40810.99,True,False,-0.0037,77490.0,-0.032,0.959,1.3481
2026-08-31T04:32:23Z,HBARUSDT,COOLING,NONE,0.0,0.0,0.0,1.36,0.0,43369.19,14742.57,True,False,0.0,77490.0,-0.032,0.902,0.07351
2026-08-31T04:32:25Z,RIZEUSDT,COOLING,NONE,0.0,0.0,0.0,62.89,0.0,261.13,661.03,True,False,0.0,77490.0,-0.032,1.023,0.004292
2026-08-31T04:32:27Z,WUSDT,COOLING,NONE,0.0,0.0,0.0,15.1,0.0,11165.0,2760.77,True,False,0.0,77490.0,-0.032,1.0,0.009267
2026-08-31T04:33:19Z,ETHUSDT,IMPULSE,BUY,0.0,4.05,4.05,0.21,-0.12,157493.94,166531.25,True,False,-0.0002,77501.4,0.0147,0.956,2414.21
2026-08-31T04:33:21Z,XRPUSDT,COOLING,SELL,11.67,0.0,11.67,2.23,0.0,89097.69,125555.3,True,False,0.0,77501.4,0.0147,0.953,1.3481
2026-08-31T04:34:02Z,HBARUSDT,COOLING,SELL,24.33,0.0,24.33,1.36,0.0,38179.01,39043.86,True,False,0.0,77501.4,0.0147,0.922,0.07352
2026-08-31T04:34:04Z,RIZEUSDT,COOLING,NONE,0.0,0.0,0.0,62.89,0.0,261.13,661.03,True,False,0.0,77501.4,0.0147,0.912,0.004292
2026-08-31T04:34:05Z,WUSDT,COOLING,NONE,0.0,0.0,0.0,19.4,0.0,9055.08,2883.48,True,False,0.0,77501.4,0.0147,1.042,0.00929
2026-08-31T04:34:34Z,ETHUSDT,IMPULSE,NONE,0.0,0.0,0.0,0.04,0.0,161427.76,150633.45,True,False,0.0,77482.92,-0.0238,1.034,2413.15
2026-08-31T04:34:35Z,XRPUSDT,COOLING,NONE,0.0,0.0,0.0,1.48,0.0,64461.07,143168.97,True,False,0.0,77482.92,-0.0238,0.886,1.3479
2026-08-31T04:34:37Z,HBARUSDT,COOLING,NONE,0.0,0.0,0.0,1.36,0.0,33281.12,22385.91,True,False,0.0,77482.92,-0.0238,0.957,0.07356
2026-08-31T04:34:40Z,RIZEUSDT,COOLING,NONE,0.0,0.0,0.0,62.89,0.0,261.13,661.03,True,False,0.0,77482.92,-0.0238,0.902,0.004292
2026-08-31T04:34:41Z,WUSDT,COOLING,NONE,0.0,0.0,0.0,10.77,0.0,10412.89,2883.48,True,False,0.0,77482.92,-0.0238,0.999,0.009275
2026-08-31T04:35:09Z,ETHUSDT,IMPULSE,BUY,0.0,15.75,15.75,0.04,0.0,156023.6,171080.45,True,False,0.0,77482.91,-0.0,0.873,2413.75
2026-08-31T04:35:11Z,XRPUSDT,COOLING,NONE,0.0,0.0,0.0,2.23,0.0,64989.01,194663.58,True,False,0.0,77482.91,-0.0,0.986,1.3472
2026-08-31T04:35:12Z,HBARUSDT,COOLING,BUY,0.0,53.51,53.51,2.72,1.36,38938.84,35375.5,True,False,-0.0204,77482.91,-0.0,1.017,0.07354
2026-08-31T04:35:14Z,RIZEUSDT,COOLING,NONE,0.0,0.0,0.0,62.89,0.0,261.13,661.03,True,False,0.0,77482.91,-0.0,0.957,0.004292
2026-08-31T04:35:16Z,WUSDT,COOLING,NONE,0.0,0.0,0.0,14.03,0.0,8225.81,3451.16,True,False,0.0,77482.91,-0.0,0.974,0.009279
2026-08-31T04:38:54Z,ETHUSDT,IMPULSE,NONE,0.0,0.0,0.0,0.04,0.0,144342.26,216270.7,True,False,0.0,77493.73,0.014,0.965,2413.34
2026-08-31T04:38:57Z,XRPUSDT,COOLING,NONE,0.0,0.0,0.0,2.97,0.0,79807.41,124684.0,True,False,0.0,77493.73,0.014,1.005,1.3489
2026-08-31T04:38:58Z,HBARUSDT,COOLING,NONE,0.0,0.0,0.0,1.36,0.0,34743.75,23145.06,True,False,0.0,77493.73,0.014,0.963,0.07361
2026-08-31T04:39:01Z,RIZEUSDT,COOLING,SELL,61.4,0.0,61.4,62.89,0.0,261.13,661.03,True,True,0.0,77493.73,0.014,0.898,0.004292
2026-08-31T04:39:02Z,WUSDT,COOLING,BUY,0.0,13.65,13.65,8.65,0.0,8773.91,2814.03,True,False,0.0,77493.73,0.014,0.938,0.009252
2026-08-31T04:39:32Z,ETHUSDT,IMPULSE,NONE,0.0,0.0,0.0,0.99,-0.04,186853.34,150716.44,True,False,-0.001,77478.59,-0.0195,0.936,2413.04
2026-08-31T04:39:34Z,XRPUSDT,COOLING,NONE,0.0,0.0,0.0,2.96,-0.0,76804.77,96761.17,True,False,0.0074,77478.59,-0.0195,0.919,1.3503
2026-08-31T04:39:35Z,HBARUSDT,COOLING,NONE,0.0,0.0,0.0,1.36,0.0,46289.7,33889.39,True,False,0.0,77478.59,-0.0195,0.903,0.07362
2026-08-31T04:39:37Z,RIZEUSDT,COOLING,NONE,0.0,0.0,0.0,62.89,0.0,261.13,661.03,True,False,0.0,77478.59,-0.0195,0.906,0.004292
2026-08-31T04:39:39Z,WUSDT,COOLING,BUY,0.0,0.09,0.09,12.94,4.31,8543.25,2816.13,True,False,0.0216,77478.59,-0.0195,0.981,0.009257
2026-08-31T04:40:07Z,ETHUSDT,IMPULSE,NONE,0.0,0.0,0.0,0.04,0.0,152414.68,148855.79,True,False,0.0,77574.99,0.1244,0.878,2415.23
2026-08-31T04:40:08Z,XRPUSDT,COOLING,NONE,0.0,0.0,0.0,2.96,0.74,79408.22,108696.14,True,False,0.0037,77574.99,0.1244,0.982,1.3515
2026-08-31T04:40:10Z,HBARUSDT,COOLING,NONE,0.0,0.0,0.0,1.36,0.0,40299.07,16363.6,True,False,0.0,77574.99,0.1244,1.049,0.07362
2026-08-31T04:40:11Z,RIZEUSDT,COOLING,NONE,0.0,0.0,0.0,62.89,0.0,261.13,661.03,True,False,0.0,77574.99,0.1244,1.024,0.004292
2026-08-31T04:40:14Z,WUSDT,COOLING,NONE,0.0,0.0,0.0,14.03,0.0,10158.58,2814.03,True,False,0.0,77574.99,0.1244,1.529,0.00928
2026-08-31T04:41:44Z,ETHUSDT,IMPULSE,NONE,0.0,0.0,0.0,0.04,0.0,194794.61,148868.77,True,False,0.0,77500.0,-0.0967,1.024,2413.14
2026-08-31T04:41:46Z,XRPUSDT,COOLING,SELL,4.88,0.0,4.88,2.22,0.0,88242.28,107917.87,True,False,0.0,77500.0,-0.0967,0.965,1.3486
2026-08-31T04:41:47Z,HBARUSDT,COOLING,NONE,0.0,0.0,0.0,1.36,0.0,20341.97,8084.55,True,False,0.0,77500.0,-0.0967,0.924,0.07366
2026-08-31T04:41:49Z,RIZEUSDT,COOLING,NONE,0.0,0.0,0.0,62.89,0.0,261.13,661.03,True,False,0.0,77500.0,-0.0967,0.933,0.004292
2026-08-31T04:41:51Z,WUSDT,COOLING,BUY,0.0,10.13,10.13,11.85,0.0,14456.45,2564.27,True,False,0.0,77500.0,-0.0967,1.03,0.009272
2026-08-31T04:42:19Z,ETHUSDT,IMPULSE,SELL,4.47,0.0,4.47,0.04,0.0,154394.63,159012.97,True,False,0.0,77519.4,0.025,0.925,2414.04
2026-08-31T04:42:21Z,XRPUSDT,COOLING,NONE,0.0,0.0,0.0,2.22,-0.74,72568.54,128121.98,True,False,0.0037,77519.4,0.025,0.901,1.3493
2026-08-31T04:42:22Z,HBARUSDT,COOLING,NONE,0.0,0.0,0.0,1.36,0.0,18574.15,8349.1,True,False,0.0,77519.4,0.025,1.382,0.07366
2026-08-31T04:42:24Z,RIZEUSDT,COOLING,NONE,0.0,0.0,0.0,62.89,0.0,261.13,661.03,True,False,0.0,77519.4,0.025,1.128,0.004307
2026-08-31T04:42:26Z,WUSDT,COOLING,SELL,25.79,0.0,25.79,9.68,-2.16,14456.45,2564.27,True,True,0.0862,77519.4,0.025,1.064,0.009282
2026-08-31T04:42:56Z,ETHUSDT,IMPULSE,BUY,0.0,0.01,0.01,0.04,0.0,155501.63,158034.56,True,False,0.0,77507.95,-0.0148,0.969,2413.59
2026-08-31T04:42:57Z,XRPUSDT,COOLING,NONE,0.0,0.0,0.0,2.96,0.0,76639.84,169258.02,True,False,0.0,77507.95,-0.0148,0.933,1.3495
2026-08-31T04:42:59Z,HBARUSDT,COOLING,NONE,0.0,0.0,0.0,1.36,0.0,46221.28,10642.54,True,False,0.0,77507.95,-0.0148,1.364,0.07365
2026-08-31T04:43:00Z,RIZEUSDT,COOLING,NONE,0.0,0.0,0.0,62.89,0.0,261.13,661.03,True,False,0.0,77507.95,-0.0148,0.952,0.004307
2026-08-31T04:43:02Z,WUSDT,COOLING,NONE,0.0,0.0,0.0,11.85,0.0,10572.12,4045.16,True,False,0.0,77507.95,-0.0148,0.984,0.009293
2026-08-31T04:43:54Z,ETHUSDT,IMPULSE,NONE,0.0,0.0,0.0,1.04,0.99,176028.35,155675.92,True,False,0.0124,77525.91,0.0232,0.902,2414.05
2026-08-31T04:43:55Z,XRPUSDT,COOLING,NONE,0.0,0.0,0.0,2.22,0.0,85054.65,216408.27,True,False,0.0,77525.91,0.0232,0.922,1.3502
2026-08-31T04:43:57Z,HBARUSDT,COOLING,NONE,0.0,0.0,0.0,1.36,0.0,40528.27,8548.32,True,False,0.0,77525.91,0.0232,1.025,0.07364
2026-08-31T04:43:59Z,RIZEUSDT,COOLING,NONE,0.0,0.0,0.0,60.37,0.0,117.42,670.54,True,False,0.0,77525.91,0.0232,0.956,0.004294
2026-08-31T04:44:01Z,WUSDT,COOLING,NONE,0.0,0.0,0.0,8.61,0.0,12206.69,4791.68,True,False,0.0,77525.91,0.0232,0.897,0.009288
2026-08-31T04:44:33Z,ETHUSDT,IMPULSE,SELL,5.66,0.0,5.66,0.04,0.0,152102.28,150893.7,True,False,0.0,77573.97,0.062,1.002,2415.97
2026-08-31T04:45:15Z,XRPUSDT,COOLING,BUY,0.0,0.02,0.02,2.22,0.0,116709.19,119182.84,True,False,-0.1036,77573.97,0.062,40.881,1.352
2026-08-31T04:45:16Z,HBARUSDT,COOLING,NONE,0.0,0.0,0.0,1.36,0.0,40017.73,9309.03,True,False,0.0,77573.97,0.062,0.874,0.07363
2026-08-31T04:45:18Z,RIZEUSDT,COOLING,SELL,57.26,0.0,57.26,62.7,0.0,261.13,667.56,True,False,0.0,77573.97,0.062,0.961,0.004293
2026-08-31T04:45:19Z,WUSDT,COOLING,NONE,0.0,0.0,0.0,11.85,0.0,16239.32,4539.81,True,False,0.0,77573.97,0.062,0.97,0.009289
2026-08-31T04:45:50Z,ETHUSDT,IMPULSE,NONE,0.0,0.0,0.0,0.08,-0.0,150034.75,157643.95,True,False,0.0008,77569.66,-0.0056,2.032,2415.0
2026-08-31T04:45:53Z,XRPUSDT,COOLING,SELL,20.25,0.0,20.25,2.22,0.0,117466.97,124059.7,True,True,0.0,77569.66,-0.0056,0.98,1.3507
2026-08-31T04:45:55Z,HBARUSDT,COOLING,NONE,0.0,0.0,0.0,1.36,0.0,43937.08,32327.21,True,False,0.0,77569.66,-0.0056,1.068,0.07363
2026-08-31T04:45:56Z,RIZEUSDT,COOLING,NONE,0.0,0.0,0.0,62.7,0.0,261.13,667.56,True,False,0.0,77569.66,-0.0056,1.039,0.004293
2026-08-31T04:45:58Z,WUSDT,COOLING,NONE,0.0,0.0,0.0,11.85,0.0,16239.32,2883.48,True,False,0.0,77569.66,-0.0056,1.056,0.009288
2026-08-31T04:48:16Z,ETHUSDT,IMPULSE,SELL,1.63,0.0,1.63,0.04,-0.29,159463.74,155313.74,True,False,-0.0014,77542.98,-0.0344,0.902,2413.93
2026-08-31T04:48:18Z,XRPUSDT,COOLING,BUY,0.0,0.05,0.05,1.48,-0.74,89669.83,105168.65,True,False,-0.0037,77542.98,-0.0344,1.024,1.3496
2026-08-31T04:48:20Z,HBARUSDT,COOLING,NONE,0.0,0.0,0.0,1.36,0.0,45974.21,10043.97,True,False,0.0,77542.98,-0.0344,0.981,0.07364
2026-08-31T04:48:21Z,RIZEUSDT,COOLING,NONE,0.0,0.0,0.0,62.7,0.0,117.08,667.56,True,False,0.0,77542.98,-0.0344,0.916,0.004309
2026-08-31T04:48:23Z,WUSDT,COOLING,SELL,0.01,0.0,0.01,17.19,0.0,12419.13,6982.58,True,False,0.0,77542.98,-0.0344,1.014,0.009306
2026-08-31T04:48:52Z,ETHUSDT,IMPULSE,BUY,0.0,8.26,8.26,0.04,0.0,152675.99,184559.37,True,False,-0.0054,77523.96,-0.0245,0.993,2413.76
2026-08-31T04:48:53Z,XRPUSDT,COOLING,NONE,0.0,0.0,0.0,2.22,0.0,108386.94,85000.96,True,False,-0.0074,77523.96,-0.0245,0.876,1.3488
2026-08-31T04:48:55Z,HBARUSDT,COOLING,NONE,0.0,0.0,0.0,1.36,0.0,47309.37,22624.67,True,False,0.0,77523.96,-0.0245,0.92,0.07364
2026-08-31T04:48:56Z,RIZEUSDT,COOLING,SELL,54.97,0.0,54.97,62.7,0.0,261.13,667.56,True,False,0.0,77523.96,-0.0245,1.001,0.004309
2026-08-31T04:48:58Z,WUSDT,COOLING,NONE,0.0,0.0,0.0,9.67,0.0,12419.13,7648.47,True,False,0.0,77523.96,-0.0245,0.984,0.009306
2026-08-31T04:49:28Z,ETHUSDT,IMPULSE,SELL,1.66,0.0,1.66,0.04,-0.21,155427.26,148474.76,True,False,-0.0048,77500.0,-0.0309,1.027,2412.42
2026-08-31T04:49:29Z,XRPUSDT,COOLING,NONE,0.0,0.0,0.0,0.74,-1.48,91908.96,76384.59,True,False,-0.0074,77500.0,-0.0309,0.878,1.3474
2026-08-31T04:49:31Z,HBARUSDT,COOLING,BUY,0.0,0.07,0.07,1.36,0.0,29816.87,23432.15,True,False,0.0,77500.0,-0.0309,1.005,0.07364
2026-08-31T04:49:33Z,RIZEUSDT,COOLING,NONE,0.0,0.0,0.0,62.7,0.0,261.13,667.56,True,False,0.0,77500.0,-0.0309,0.93,0.004309
2026-08-31T04:49:34Z,WUSDT,COOLING,NONE,0.0,0.0,0.0,10.77,0.0,9776.96,2143.14,True,False,0.0,77500.0,-0.0309,0.872,0.009302
2026-08-31T04:52:26Z,ETHUSDT,IMPULSE,SELL,4.26,3.86,4.26,0.04,0.0,152295.04,163534.94,True,False,0.0,77491.46,-0.011,1.084,2414.09
2026-08-31T04:52:28Z,XRPUSDT,COOLING,NONE,0.0,0.0,0.0,0.74,0.0,59095.47,63486.81,True,False,0.0,77491.46,-0.011,0.979,1.3489
2026-08-31T04:52:30Z,HBARUSDT,COOLING,NONE,0.0,0.0,0.0,1.36,0.0,37350.85,22740.73,True,False,0.0,77491.46,-0.011,1.126,0.07366
2026-08-31T04:53:11Z,RIZEUSDT,COOLING,NONE,0.0,0.0,0.0,62.7,0.0,261.13,667.56,True,False,0.0,77491.46,-0.011,0.982,0.004309
2026-08-31T04:53:13Z,WUSDT,COOLING,NONE,0.0,0.0,0.0,10.72,0.0,12593.92,6823.72,True,False,0.0,77491.46,-0.011,0.939,0.009308
2026-08-31T04:53:42Z,ETHUSDT,IMPULSE,SELL,36.11,7.98,36.11,0.04,-0.0,326631.29,156154.57,True,False,0.0207,77575.0,0.1078,0.908,2416.0
2026-08-31T04:53:46Z,XRPUSDT,COOLING,BUY,0.0,0.15,0.15,1.48,0.0,76103.25,111126.01,True,False,0.0,77575.0,0.1078,2.026,1.3515
2026-08-31T04:53:47Z,HBARUSDT,COOLING,NONE,0.0,0.0,0.0,1.36,0.0,41845.92,20601.24,True,False,0.0,77575.0,0.1078,1.013,0.07368
2026-08-31T04:53:50Z,RIZEUSDT,COOLING,NONE,0.0,0.0,0.0,62.7,0.0,117.17,667.56,True,False,0.0,77575.0,0.1078,1.918,0.004309
2026-08-31T04:53:53Z,WUSDT,COOLING,NONE,0.0,0.0,0.0,8.56,0.0,15548.66,8224.59,True,False,0.0,77575.0,0.1078,0.97,0.009323
2026-08-31T04:55:15Z,ETHUSDT,IMPULSE,SELL,18.5,0.45,18.5,0.04,-0.04,189397.05,167748.78,True,False,-0.0068,77626.62,0.0665,0.945,2418.1
2026-08-31T04:55:56Z,XRPUSDT,COOLING,NONE,0.0,0.0,0.0,0.74,0.0,68878.78,141915.12,True,False,0.0,77626.62,0.0665,0.947,1.3533
2026-08-31T04:55:59Z,HBARUSDT,COOLING,NONE,0.0,0.0,0.0,1.35,0.0,40904.43,22130.84,True,False,0.0,77626.62,0.0665,2.017,0.07392
2026-08-31T04:56:01Z,RIZEUSDT,COOLING,NONE,0.0,0.0,0.0,62.7,0.0,117.17,667.56,True,False,0.0,77626.62,0.0665,0.918,0.004309
2026-08-31T04:56:02Z,WUSDT,COOLING,NONE,0.0,0.0,0.0,13.91,0.0,15548.66,5607.32,True,False,0.0,77626.62,0.0665,0.913,0.009342
2026-08-31T04:57:43Z,XRPUSDT,COOLING,NONE,0.0,0.0,0.0,1.48,0.0,84062.34,74649.7,True,False,0.0,77603.72,-0.0295,0.85,1.3513
2026-08-31T04:57:44Z,HBARUSDT,COOLING,NONE,0.0,0.0,0.0,1.35,0.0,47862.61,19688.45,True,False,0.0,77603.72,-0.0295,1.023,0.07385
2026-08-31T04:57:46Z,RIZEUSDT,COOLING,SELL,0.05,0.0,0.05,62.7,0.0,117.17,667.56,True,False,0.0,77603.72,-0.0295,0.934,0.004309
2026-08-31T04:57:49Z,WUSDT,COOLING,NONE,0.0,0.0,0.0,8.57,0.0,13771.15,3320.96,True,False,0.0,77603.72,-0.0295,1.02,0.00933
2026-08-31T04:57:50Z,REDUSDT,COOLING,NONE,0.0,0.0,0.0,13.86,0.0,6656.96,5953.04,True,False,0.0,77603.72,-0.0295,0.897,0.10816
2026-08-31T04:59:00Z,XRPUSDT,COOLING,NONE,0.0,0.0,0.0,1.48,0.0,93834.18,70862.86,True,False,0.0,77633.32,0.0381,0.941,1.3519
2026-08-31T04:59:02Z,HBARUSDT,COOLING,NONE,0.0,0.0,0.0,1.35,0.0,41144.22,12470.84,True,False,0.0,77633.32,0.0381,0.918,0.07384
2026-08-31T04:59:04Z,RIZEUSDT,COOLING,NONE,0.0,0.0,0.0,93.02,0.0,261.13,667.54,True,False,0.0,77633.32,0.0381,0.999,0.00428
2026-08-31T04:59:06Z,WUSDT,COOLING,NONE,0.0,0.0,0.0,10.72,0.0,13757.69,3317.1,True,False,0.0,77633.32,0.0381,1.023,0.009333
2026-08-31T04:59:08Z,REDUSDT,COOLING,NONE,0.0,0.0,0.0,13.86,0.0,5911.69,3261.01,True,False,0.0,77633.32,0.0381,0.993,0.10825
2026-08-31T05:00:20Z,XRPUSDT,COOLING,NONE,0.0,0.0,0.0,2.22,0.0,136659.0,85155.89,True,False,0.0,77605.57,-0.0357,0.909,1.3502
2026-08-31T05:00:23Z,HBARUSDT,COOLING,SELL,18.37,0.0,18.37,1.36,-0.0,35915.2,9115.3,True,False,0.0271,77605.57,-0.0357,2.018,0.07382
2026-08-31T05:01:04Z,RIZEUSDT,COOLING,NONE,0.0,0.0,0.0,62.89,0.0,261.13,672.37,True,False,0.0,77605.57,-0.0357,41.041,0.00428
2026-08-31T05:01:06Z,WUSDT,COOLING,NONE,0.0,0.0,0.0,18.27,0.0,10747.05,1858.66,True,False,0.0,77605.57,-0.0357,0.922,0.00932
2026-08-31T05:01:09Z,REDUSDT,COOLING,NONE,0.0,0.0,0.0,20.32,0.0,5127.38,4949.9,True,False,0.0,77605.57,-0.0357,1.927,0.10813
2026-08-31T05:02:45Z,XRPUSDT,COOLING,NONE,0.0,0.0,0.0,2.22,0.0,100525.5,79326.47,True,False,0.0,77520.01,-0.1102,0.966,1.3501
2026-08-31T05:02:47Z,HBARUSDT,COOLING,NONE,0.0,0.0,0.0,1.36,0.0,42718.13,31566.99,True,False,0.0,77520.01,-0.1102,1.064,0.07372
2026-08-31T05:03:29Z,RIZEUSDT,COOLING,NONE,0.0,0.0,0.0,60.75,0.0,261.13,659.45,True,False,0.0,77520.01,-0.1102,1.02,0.004293
2026-08-31T05:03:31Z,WUSDT,COOLING,NONE,0.0,0.0,0.0,11.77,0.0,13906.56,2944.66,True,False,0.0,77520.01,-0.1102,1.022,0.009341
2026-08-31T05:03:33Z,REDUSDT,COOLING,NONE,0.0,0.0,0.0,10.14,0.0,6580.14,5557.02,True,False,0.0,77520.01,-0.1102,0.895,0.10832
2026-08-31T05:04:45Z,XRPUSDT,COOLING,BUY,0.0,12.95,12.95,1.48,0.0,112913.9,93376.61,True,False,0.0,77640.0,0.1548,0.929,1.3542
2026-08-31T05:04:46Z,HBARUSDT,COOLING,NONE,0.0,0.0,0.0,1.35,0.0,40172.99,21287.37,True,False,0.0,77640.0,0.1548,0.864,0.07377
2026-08-31T05:04:50Z,RIZEUSDT,COOLING,NONE,0.0,0.0,0.0,60.75,0.0,261.13,660.77,True,False,0.0,77640.0,0.1548,0.884,0.004285
2026-08-31T05:04:51Z,WUSDT,COOLING,NONE,0.0,0.0,0.0,8.54,0.0,15817.82,5722.98,True,False,0.0,77640.0,0.1548,0.956,0.009374
2026-08-31T05:04:53Z,REDUSDT,COOLING,NONE,0.0,0.0,0.0,10.14,0.0,8705.3,5810.17,True,False,0.0,77640.0,0.1548,0.967,0.10848
2026-08-31T05:05:21Z,XRPUSDT,COOLING,NONE,0.0,0.0,0.0,1.48,0.0,87472.59,73985.8,True,False,0.0,77679.99,0.0515,0.884,1.355
2026-08-31T05:05:22Z,HBARUSDT,COOLING,NONE,0.0,0.0,0.0,1.35,0.0,36956.9,13984.76,True,False,0.0,77679.99,0.0515,0.979,0.07377
2026-08-31T05:05:24Z,RIZEUSDT,COOLING,NONE,0.0,0.0,0.0,60.75,0.0,261.13,660.77,True,False,0.0,77679.99,0.0515,0.892,0.004285
2026-08-31T05:05:26Z,WUSDT,COOLING,NONE,0.0,0.0,0.0,9.59,0.0,13569.69,8187.05,True,False,0.0,77679.99,0.0515,0.985,0.009391
2026-08-31T05:05:28Z,REDUSDT,COOLING,NONE,0.0,0.0,0.0,11.98,0.0,7817.27,7571.28,True,False,0.0,77679.99,0.0515,0.985,0.10846
2026-08-31T05:06:23Z,XRPUSDT,COOLING,NONE,0.0,0.0,0.0,2.21,0.0,85033.04,90670.47,True,False,-0.0074,77655.5,-0.0315,0.997,1.3547
2026-08-31T05:06:24Z,HBARUSDT,COOLING,NONE,0.0,0.0,0.0,1.35,0.0,40050.95,30474.21,True,False,0.0,77655.5,-0.0315,0.969,0.07389
2026-08-31T05:06:26Z,RIZEUSDT,COOLING,NONE,0.0,0.0,0.0,60.75,0.0,261.13,654.41,True,False,0.0,77655.5,-0.0315,1.103,0.004278
2026-08-31T05:06:28Z,ZBCNUSDT,IMPULSE,NONE,0.0,0.0,0.0,82.78,-2.29,109.09,536.42,True,False,0.0057,77655.5,-0.0315,0.952,0.0017462
2026-08-31T05:06:29Z,WUSDT,COOLING,NONE,0.0,0.0,0.0,10.69,0.0,11041.1,2942.85,True,False,0.0,77655.5,-0.0315,0.987,0.009369
2026-08-31T05:06:58Z,XRPUSDT,COOLING,NONE,0.0,0.0,0.0,2.22,-0.0,84241.28,107195.44,True,False,0.0074,77650.0,-0.0071,0.934,1.3543
2026-08-31T05:06:59Z,HBARUSDT,COOLING,NONE,0.0,0.0,0.0,1.36,0.0,44470.82,11371.73,True,False,0.0,77650.0,-0.0071,0.995,0.07384
2026-08-31T05:07:01Z,RIZEUSDT,COOLING,NONE,0.0,0.0,0.0,60.75,0.0,261.13,654.41,True,False,0.0,77650.0,-0.0071,1.004,0.004278
2026-08-31T05:07:03Z,ZBCNUSDT,IMPULSE,BUY,0.0,1.7,1.7,51.35,-0.57,139.68,530.21,True,False,0.0029,77650.0,-0.0071,0.97,0.00175
2026-08-31T05:07:04Z,WUSDT,COOLING,NONE,0.0,0.0,0.0,13.9,0.0,10410.41,3116.2,True,False,0.0,77650.0,-0.0071,0.887,0.009346
2026-08-31T05:07:35Z,XRPUSDT,COOLING,SELL,28.02,0.0,28.02,2.21,0.74,91248.13,63377.85,True,True,-0.0111,77657.29,0.0094,1.066,1.355
2026-08-31T05:07:38Z,HBARUSDT,COOLING,NONE,0.0,0.0,0.0,1.35,0.0,32139.85,30378.09,True,False,0.0,77657.29,0.0094,1.073,0.07384
2026-08-31T05:07:42Z,RIZEUSDT,COOLING,NONE,0.0,0.0,0.0,60.75,0.0,261.13,662.2,True,False,0.0,77657.29,0.0094,2.174,0.004276
2026-08-31T05:07:45Z,ZBCNUSDT,IMPULSE,SELL,0.99,0.0,0.99,33.64,-0.57,543.45,517.99,True,False,-0.0029,77657.29,0.0094,0.926,0.0017522
2026-08-31T05:07:47Z,WUSDT,COOLING,NONE,0.0,0.0,0.0,13.87,0.0,16956.26,3158.59,True,False,0.0,77657.29,0.0094,2.021,0.009355
2026-08-31T05:08:47Z,XRPUSDT,COOLING,NONE,0.0,0.0,0.0,2.21,0.0,80653.34,64347.95,True,False,0.0,77659.99,0.0035,0.896,1.3554
2026-08-31T05:08:50Z,HBARUSDT,COOLING,BUY,0.0,28.63,28.63,1.35,0.0,42515.57,21924.47,True,False,0.0,77659.99,0.0035,1.913,0.07379
2026-08-31T05:08:52Z,RIZEUSDT,COOLING,NONE,0.0,0.0,0.0,60.75,0.0,261.13,664.02,True,False,0.0,77659.99,0.0035,0.998,0.004276
2026-08-31T05:08:53Z,WUSDT,COOLING,BUY,0.0,38.2,38.2,9.6,0.0,14929.61,3158.59,True,True,0.0,77659.99,0.0035,0.908,0.009377
2026-08-31T05:08:55Z,REDUSDT,COOLING,NONE,0.0,0.0,0.0,11.98,0.0,5732.17,5284.23,True,False,0.0,77659.99,0.0035,1.014,0.10851
2026-08-31T05:09:26Z,XRPUSDT,COOLING,BUY,18.33,48.28,48.28,2.21,-0.0,65703.93,137173.53,True,False,0.0148,77675.72,0.0203,1.012,1.3557
2026-08-31T05:09:27Z,HBARUSDT,COOLING,SELL,60.84,0.0,60.84,1.35,0.0,51682.3,13062.21,True,False,0.0,77675.72,0.0203,0.885,0.07379
2026-08-31T05:09:30Z,RIZEUSDT,COOLING,NONE,0.0,0.0,0.0,60.75,0.0,261.13,664.02,True,False,0.0,77675.72,0.0203,1.959,0.004283
2026-08-31T05:09:31Z,WUSDT,COOLING,NONE,0.0,0.0,0.0,9.6,0.0,9943.75,3158.59,True,False,0.0,77675.72,0.0203,0.86,0.009375
2026-08-31T05:09:34Z,REDUSDT,COOLING,NONE,0.0,0.0,0.0,27.63,0.0,6214.43,6018.89,True,False,0.0,77675.72,0.0203,1.991,0.10818
2026-08-31T05:10:03Z,XRPUSDT,COOLING,NONE,0.0,0.0,0.0,0.74,-0.74,51653.17,79355.57,True,False,-0.0037,77651.51,-0.0312,0.977,1.3553
2026-08-31T05:10:04Z,HBARUSDT,COOLING,SELL,18.49,0.0,18.49,1.35,0.0,46330.77,10034.41,True,False,-0.0135,77651.51,-0.0312,0.947,0.07387
2026-08-31T05:10:07Z,RIZEUSDT,COOLING,NONE,0.0,0.0,0.0,60.75,0.0,261.13,664.02,True,False,0.0,77651.51,-0.0312,0.986,0.004283
2026-08-31T05:10:09Z,WUSDT,COOLING,NONE,0.0,0.0,0.0,12.75,0.0,14201.24,9123.48,True,False,0.0,77651.51,-0.0312,0.993,0.009387
2026-08-31T05:10:10Z,REDUSDT,COOLING,NONE,0.0,0.0,0.0,20.25,-0.92,6395.88,7508.43,True,False,0.0046,77651.51,-0.0312,0.889,0.10818
2026-08-31T05:12:24Z,XRPUSDT,COOLING,NONE,0.0,0.0,0.0,1.48,-0.74,96257.61,105635.06,True,False,0.0111,77694.47,0.0553,1.965,1.3551
2026-08-31T05:12:25Z,HBARUSDT,COOLING,NONE,0.0,0.0,0.0,1.35,0.0,43490.95,9797.6,True,False,0.0,77694.47,0.0553,0.93,0.0738
2026-08-31T05:12:27Z,RIZEUSDT,COOLING,NONE,0.0,0.0,0.0,60.75,0.0,261.13,664.02,True,False,0.0,77694.47,0.0553,1.11,0.004284
2026-08-31T05:12:30Z,WUSDT,COOLING,NONE,0.0,0.0,0.0,10.59,-0.0,16593.06,9428.39,True,False,0.0106,77694.47,0.0553,1.495,0.009445
2026-08-31T05:12:32Z,REDUSDT,COOLING,NONE,0.0,0.0,0.0,32.89,0.0,6290.62,8024.21,True,False,0.0,77694.47,0.0553,1.972,0.10943
2026-08-31T05:13:01Z,XRPUSDT,COOLING,BUY,0.0,0.39,0.39,1.48,-0.74,103570.83,71129.89,True,False,0.0037,77691.7,-0.0036,0.981,1.3552
2026-08-31T05:13:04Z,HBARUSDT,COOLING,BUY,0.0,3.95,3.95,1.35,-0.0,48229.38,30046.86,True,False,0.0271,77691.7,-0.0036,1.945,0.07382
2026-08-31T05:13:06Z,RIZEUSDT,COOLING,NONE,0.0,0.0,0.0,60.75,0.0,261.13,664.02,True,False,0.0,77691.7,-0.0036,1.005,0.004276
2026-08-31T05:13:07Z,WUSDT,COOLING,NONE,0.0,0.0,0.0,13.73,0.0,9826.95,6731.07,True,False,0.0,77691.7,-0.0036,0.909,0.009453
2026-08-31T05:13:09Z,REDUSDT,COOLING,NONE,0.0,0.0,0.0,28.33,0.0,6429.29,5419.86,True,False,0.0,77691.7,-0.0036,1.004,0.10951
2026-08-31T05:13:37Z,XRPUSDT,COOLING,BUY,0.0,66.29,66.29,2.21,0.0,66212.22,123190.67,True,False,0.0,77794.06,0.1318,0.971,1.3568
2026-08-31T05:13:39Z,HBARUSDT,COOLING,NONE,0.0,0.0,0.0,6.75,0.0,37311.79,9485.45,True,False,0.0,77794.06,0.1318,0.904,0.07411
2026-08-31T05:13:41Z,RIZEUSDT,COOLING,NONE,0.0,0.0,0.0,60.75,0.0,261.13,664.02,True,False,0.0,77794.06,0.1318,1.075,0.004282
2026-08-31T05:13:42Z,WUSDT,COOLING,NONE,0.0,0.0,0.0,14.79,0.0,15592.71,8783.15,True,False,0.0,77794.06,0.1318,0.893,0.009475
2026-08-31T05:13:44Z,REDUSDT,COOLING,NONE,0.0,0.0,0.0,17.36,0.0,6429.88,5418.38,True,False,0.0,77794.06,0.1318,1.039,0.10941
2026-08-31T05:15:19Z,XRPUSDT,COOLING,NONE,0.0,0.0,0.0,2.21,0.0,151240.97,107285.63,True,False,-0.0074,77761.7,-0.0416,0.976,1.3562
2026-08-31T05:15:20Z,HBARUSDT,COOLING,NONE,0.0,0.0,0.0,1.35,0.0,43687.08,13488.34,True,False,0.0,77761.7,-0.0416,0.993,0.07403
2026-08-31T05:15:22Z,RIZEUSDT,COOLING,NONE,0.0,0.0,0.0,60.75,0.0,261.13,664.02,True,False,0.0,77761.7,-0.0416,0.969,0.00428
2026-08-31T05:15:24Z,WUSDT,COOLING,NONE,0.0,0.0,0.0,13.79,0.0,16835.28,6661.2,True,False,0.0,77761.7,-0.0416,1.096,0.009439
2026-08-31T05:15:26Z,REDUSDT,COOLING,NONE,0.0,0.0,0.0,14.59,0.0,5826.55,8117.02,True,False,0.0,77761.7,-0.0416,0.925,0.10955
2026-08-31T05:16:35Z,XRPUSDT,COOLING,NONE,0.0,0.0,0.0,1.47,0.74,86783.74,76727.95,True,False,0.0037,77799.47,0.0486,0.972,1.3572
2026-08-31T05:16:37Z,HBARUSDT,COOLING,NONE,0.0,0.0,0.0,1.35,0.0,27291.61,9720.26,True,False,0.0,77799.47,0.0486,0.988,0.074
2026-08-31T05:16:39Z,RIZEUSDT,COOLING,NONE,0.0,0.0,0.0,60.75,0.0,261.13,659.76,True,False,0.0,77799.47,0.0486,0.971,0.00428
2026-08-31T05:16:40Z,WUSDT,COOLING,NONE,0.0,0.0,0.0,13.79,0.0,11922.22,6661.2,True,False,0.0,77799.47,0.0486,0.954,0.009434
2026-08-31T05:16:42Z,REDUSDT,COOLING,NONE,0.0,0.0,0.0,11.87,0.0,5047.09,8044.76,True,False,0.0,77799.47,0.0486,1.141,0.10964
2026-08-31T05:17:10Z,XRPUSDT,COOLING,NONE,0.0,0.0,0.0,1.47,-1.47,54983.3,48508.66,True,False,-0.0074,77832.75,0.0428,0.94,1.3602
2026-08-31T05:17:12Z,HBARUSDT,COOLING,NONE,0.0,0.0,0.0,1.35,0.0,38238.02,9021.88,True,False,0.0,77832.75,0.0428,1.008,0.07405
2026-08-31T05:17:14Z,RIZEUSDT,COOLING,NONE,0.0,0.0,0.0,60.75,0.0,261.13,654.43,True,False,0.0,77832.75,0.0428,0.983,0.00428
2026-08-31T05:17:15Z,WUSDT,COOLING,SELL,29.57,0.0,29.57,19.09,7.43,15330.22,10602.07,True,False,-0.0371,77832.75,0.0428,1.067,0.009427
2026-08-31T05:17:17Z,REDUSDT,COOLING,NONE,0.0,0.0,0.0,10.03,0.0,5100.75,8528.76,True,False,0.0,77832.75,0.0428,1.054,0.10967
2026-08-31T05:20:52Z,XRPUSDT,COOLING,NONE,0.0,0.0,0.0,2.2,-0.73,99808.48,39329.25,True,False,0.0183,78055.81,0.2866,0.888,1.3668
2026-08-31T05:20:53Z,HBARUSDT,COOLING,SELL,75.57,0.0,75.57,1.35,-0.0,42670.41,20092.5,True,False,0.0135,78055.81,0.2866,0.954,0.07426
2026-08-31T05:20:56Z,RIZEUSDT,COOLING,NONE,0.0,0.0,0.0,60.75,0.0,261.13,663.22,True,False,0.0,78055.81,0.2866,1.885,0.00428
2026-08-31T05:21:37Z,WUSDT,COOLING,NONE,0.0,0.0,0.0,11.65,2.12,16852.47,9398.54,True,False,0.0106,78055.81,0.2866,0.891,0.009444
2026-08-31T05:21:39Z,REDUSDT,COOLING,NONE,0.0,0.0,0.0,11.87,0.0,5517.88,5019.49,True,False,0.0,78055.81,0.2866,0.863,0.10959
2026-08-31T05:22:08Z,XRPUSDT,COOLING,SELL,7.07,0.0,7.07,2.2,-0.0,69407.57,32505.98,True,False,0.0147,77940.0,-0.1484,1.031,1.3617
2026-08-31T05:22:09Z,HBARUSDT,COOLING,BUY,0.0,68.94,68.94,1.35,0.0,49422.54,28722.17,True,False,0.0,77940.0,-0.1484,0.967,0.07419
2026-08-31T05:22:11Z,RIZEUSDT,COOLING,NONE,0.0,0.0,0.0,60.75,0.0,261.13,663.22,True,False,0.0,77940.0,-0.1484,0.946,0.004285
2026-08-31T05:22:13Z,WUSDT,COOLING,SELL,55.01,0.0,55.01,9.54,5.3,15839.91,5251.72,True,True,0.0583,77940.0,-0.1484,0.887,0.009435
2026-08-31T05:22:15Z,REDUSDT,COOLING,NONE,0.0,0.0,0.0,11.87,0.0,5513.32,5019.49,True,False,0.0,77940.0,-0.1484,1.029,0.10952
2026-08-31T05:23:24Z,XRPUSDT,COOLING,SELL,2.42,0.0,2.42,2.2,-1.47,72920.68,43848.56,True,False,0.0,77994.99,0.0706,1.037,1.3638
2026-08-31T05:23:26Z,HBARUSDT,COOLING,BUY,0.0,68.03,68.03,1.35,-1.35,45360.91,29353.93,True,True,0.0067,77994.99,0.0706,0.937,0.07416
2026-08-31T05:23:29Z,RIZEUSDT,COOLING,NONE,0.0,0.0,0.0,60.75,0.0,261.13,663.22,True,False,0.0,77994.99,0.0706,0.979,0.004284
2026-08-31T05:24:11Z,WUSDT,COOLING,NONE,0.0,0.0,0.0,14.84,0.0,5271.85,8078.4,True,False,0.0,77994.99,0.0706,0.938,0.009431
2026-08-31T05:24:13Z,REDUSDT,COOLING,NONE,0.0,0.0,0.0,10.03,0.0,6440.35,7981.5,True,False,0.0,77994.99,0.0706,0.897,0.10951
2026-08-31T05:26:30Z,XRPUSDT,COOLING,BUY,9.79,32.31,32.31,2.93,0.0,105183.58,108515.23,True,False,-0.0146,78112.48,0.1506,0.971,1.3673
2026-08-31T05:26:32Z,HBARUSDT,COOLING,NONE,0.0,0.0,0.0,1.34,0.0,39562.1,24084.37,True,False,0.0,78112.48,0.1506,0.918,0.07437
2026-08-31T05:26:33Z,RIZEUSDT,COOLING,NONE,0.0,0.0,0.0,60.75,0.0,117.08,663.22,True,False,0.0,78112.48,0.1506,0.968,0.004279
2026-08-31T05:26:35Z,WUSDT,COOLING,NONE,0.0,0.0,0.0,5.3,0.0,9492.98,8077.95,True,False,0.0,78112.48,0.1506,0.923,0.009435
2026-08-31T05:26:36Z,REDUSDT,COOLING,NONE,0.0,0.0,0.0,10.94,0.0,5825.56,8734.86,True,False,0.0,78112.48,0.1506,0.907,0.1097
2026-08-31T05:27:45Z,XRPUSDT,COOLING,NONE,0.0,0.0,0.0,0.73,-2.2,84796.21,74688.84,True,False,0.011,77959.49,-0.1959,1.049,1.3631
2026-08-31T05:28:27Z,HBARUSDT,COOLING,NONE,0.0,0.0,0.0,1.35,-1.35,40626.24,12316.85,True,False,0.0875,77959.49,-0.1959,41.025,0.07427
2026-08-31T05:29:08Z,RIZEUSDT,COOLING,NONE,0.0,0.0,0.0,60.75,0.0,117.08,663.22,True,False,0.0,77959.49,-0.1959,40.865,0.004281
2026-08-31T05:29:10Z,WUSDT,COOLING,NONE,0.0,0.0,0.0,11.68,0.0,9816.2,8002.3,True,False,0.0,77959.49,-0.1959,0.946,0.009414
2026-08-31T05:29:12Z,REDUSDT,COOLING,BUY,0.0,0.01,0.01,19.93,-0.91,11117.87,4772.81,True,False,0.0045,77959.49,-0.1959,1.126,0.10985
2026-08-31T05:29:40Z,XRPUSDT,COOLING,BUY,0.0,28.61,28.61,2.2,0.0,67221.95,61648.06,True,False,0.0,78004.53,0.0578,0.974,1.3649
2026-08-31T05:29:42Z,HBARUSDT,COOLING,NONE,0.0,0.0,0.0,2.69,1.35,43291.26,24008.73,True,False,-0.0067,78004.53,0.0578,0.926,0.07428
2026-08-31T05:29:44Z,RIZEUSDT,COOLING,NONE,0.0,0.0,0.0,60.75,0.0,117.08,663.22,True,False,0.0,78004.53,0.0578,0.983,0.004277
2026-08-31T05:29:45Z,WUSDT,COOLING,NONE,0.0,0.0,0.0,11.68,0.0,9816.2,8002.3,True,False,0.0,78004.53,0.0578,0.934,0.009415
2026-08-31T05:29:47Z,REDUSDT,COOLING,NONE,0.0,0.0,0.0,18.14,0.0,11329.51,5042.25,True,False,0.0,78004.53,0.0578,0.938,0.11028
2026-08-31T05:32:02Z,XRPUSDT,COOLING,BUY,28.73,30.21,30.21,0.73,0.0,78880.69,105798.32,True,False,0.0,78035.0,0.0391,0.963,1.3656
2026-08-31T05:32:04Z,HBARUSDT,COOLING,NONE,0.0,0.0,0.0,1.35,0.0,45056.52,20627.03,True,False,0.0,78035.0,0.0391,1.007,0.0743
2026-08-31T05:32:05Z,RIZEUSDT,COOLING,NONE,0.0,0.0,0.0,60.75,0.0,117.08,654.54,True,False,0.0,78035.0,0.0391,1.007,0.004278
2026-08-31T05:32:07Z,WUSDT,COOLING,NONE,0.0,0.0,0.0,9.58,0.0,9075.91,2807.24,True,False,0.0,78035.0,0.0391,0.995,0.009414
2026-08-31T05:32:09Z,REDUSDT,COOLING,NONE,0.0,0.0,0.0,18.07,0.0,2576.36,988.23,True,False,0.0,78035.0,0.0391,0.889,0.11063
2026-08-31T05:32:37Z,XRPUSDT,COOLING,NONE,0.0,0.0,0.0,1.47,0.0,72305.05,110592.37,True,False,0.0,78025.69,-0.0119,0.987,1.3649
2026-08-31T05:32:39Z,HBARUSDT,COOLING,NONE,0.0,0.0,0.0,1.35,0.0,46167.78,10790.58,True,False,0.0,78025.69,-0.0119,0.97,0.07431
2026-08-31T05:32:41Z,RIZEUSDT,COOLING,NONE,0.0,0.0,0.0,60.75,0.0,117.03,654.54,True,False,0.0,78025.69,-0.0119,0.916,0.004284
2026-08-31T05:32:42Z,WUSDT,COOLING,NONE,0.0,0.0,0.0,11.71,0.0,16734.29,4636.65,True,False,0.0,78025.69,-0.0119,1.005,0.009394
2026-08-31T05:32:44Z,REDUSDT,COOLING,NONE,0.0,0.0,0.0,24.41,0.0,5016.04,4758.8,True,False,0.0,78025.69,-0.0119,1.01,0.11057
2026-08-31T05:33:55Z,XRPUSDT,COOLING,SELL,3.34,1.5,3.34,1.47,-0.73,80683.39,101237.36,True,False,-0.011,78024.99,-0.0009,0.971,1.3653
2026-08-31T05:33:57Z,HBARUSDT,COOLING,NONE,0.0,0.0,0.0,1.35,0.0,43041.17,24264.77,True,False,0.0,78024.99,-0.0009,1.001,0.0743
2026-08-31T05:34:00Z,RIZEUSDT,COOLING,NONE,0.0,0.0,0.0,60.75,0.0,117.08,654.54,True,False,0.0,78024.99,-0.0009,0.92,0.004284
2026-08-31T05:34:02Z,WUSDT,COOLING,NONE,0.0,0.0,0.0,9.57,0.0,16857.49,3378.2,True,False,0.0,78024.99,-0.0009,0.907,0.009412
2026-08-31T05:34:04Z,REDUSDT,COOLING,NONE,0.0,0.0,0.0,10.82,0.0,4925.54,5200.82,True,False,0.0,78024.99,-0.0009,1.023,0.11071
2026-08-31T05:36:18Z,XRPUSDT,COOLING,SELL,2.26,0.0,2.26,2.2,0.0,67071.74,115101.03,True,False,0.0,78010.0,-0.0192,0.971,1.3643
2026-08-31T05:36:20Z,HBARUSDT,COOLING,NONE,0.0,0.0,0.0,1.35,0.0,49871.27,15222.08,True,False,0.0,78010.0,-0.0192,1.05,0.07432
2026-08-31T05:36:22Z,RIZEUSDT,COOLING,NONE,0.0,0.0,0.0,60.75,0.0,117.08,665.8,True,False,0.0,78010.0,-0.0192,0.85,0.004276
2026-08-31T05:36:23Z,WUSDT,COOLING,NONE,0.0,0.0,0.0,10.63,0.0,9121.59,7980.56,True,False,0.0,78010.0,-0.0192,1.006,0.009399
2026-08-31T05:36:25Z,REDUSDT,COOLING,NONE,0.0,0.0,0.0,11.7,0.0,4940.63,4623.36,True,False,0.0,78010.0,-0.0192,0.889,0.11107
2026-08-31T05:37:34Z,XRPUSDT,COOLING,NONE,0.0,0.0,0.0,2.2,0.0,89714.2,137162.83,True,False,-0.0073,77941.24,-0.0881,0.875,1.3627
2026-08-31T05:38:57Z,HBARUSDT,COOLING,BUY,0.86,1.32,1.32,1.35,0.0,44941.49,47154.26,True,False,-0.0809,77941.24,-0.0881,40.975,0.07424
2026-08-31T05:38:58Z,RIZEUSDT,COOLING,NONE,0.0,0.0,0.0,60.75,0.0,117.08,660.03,True,False,0.0,77941.24,-0.0881,0.881,0.004281
2026-08-31T05:39:00Z,WUSDT,COOLING,NONE,0.0,0.0,0.0,11.75,0.0,16700.64,1873.26,True,False,0.0,77941.24,-0.0881,0.896,0.009382
2026-08-31T05:39:02Z,REDUSDT,COOLING,NONE,0.0,0.0,0.0,11.7,0.0,6387.41,4836.21,True,False,0.0,77941.24,-0.0881,1.068,0.11114
2026-08-31T05:39:31Z,XRPUSDT,COOLING,NONE,0.0,0.0,0.0,1.47,0.0,97887.95,120643.54,True,False,0.0,77881.96,-0.0761,1.016,1.361
2026-08-31T05:39:33Z,HBARUSDT,COOLING,NONE,0.0,0.0,0.0,1.35,0.0,34114.57,21693.29,True,False,0.0,77881.96,-0.0761,0.974,0.07412
2026-08-31T05:39:35Z,RIZEUSDT,COOLING,SELL,0.05,0.0,0.05,60.75,0.0,117.08,660.03,True,False,0.0,77881.96,-0.0761,0.873,0.004282
2026-08-31T05:39:37Z,WUSDT,COOLING,NONE,0.0,0.0,0.0,11.75,0.0,16700.64,1873.26,True,False,0.0,77881.96,-0.0761,1.04,0.009367
2026-08-31T05:39:38Z,REDUSDT,COOLING,NONE,0.0,0.0,0.0,13.51,0.0,5029.58,6409.76,True,False,0.0,77881.96,-0.0761,0.899,0.11114
2026-08-31T05:40:30Z,XRPUSDT,COOLING,NONE,0.0,0.0,0.0,1.47,0.0,63179.69,48021.36,True,False,0.0,77901.91,0.0256,0.852,1.3624
2026-08-31T05:40:32Z,HBARUSDT,COOLING,NONE,0.0,0.0,0.0,1.35,0.0,45025.16,20969.23,True,False,0.0,77901.91,0.0256,0.99,0.0741
2026-08-31T05:40:33Z,RIZEUSDT,COOLING,SELL,0.06,0.0,0.06,60.75,0.0,117.14,660.03,True,False,0.0,77901.91,0.0256,0.849,0.004284
2026-08-31T05:40:35Z,WUSDT,COOLING,NONE,0.0,0.0,0.0,13.87,0.0,10618.16,3298.1,True,False,0.0,77901.91,0.0256,0.977,0.009369
2026-08-31T05:40:37Z,REDUSDT,COOLING,NONE,0.0,0.0,0.0,13.51,1.81,4768.59,3130.34,True,False,-0.072,77901.91,0.0256,0.986,0.11107
2026-08-31T05:41:05Z,XRPUSDT,COOLING,NONE,0.0,0.0,0.0,2.2,-0.0,85517.91,65967.26,True,False,0.0073,77914.99,0.0168,0.94,1.3633
2026-08-31T05:41:07Z,HBARUSDT,COOLING,BUY,0.0,54.99,54.99,1.35,0.0,21833.53,22469.33,True,True,0.0,77914.99,0.0168,0.915,0.07413
2026-08-31T05:41:08Z,RIZEUSDT,COOLING,NONE,0.0,0.0,0.0,60.75,0.0,117.08,660.03,True,False,0.0,77914.99,0.0168,0.996,0.004284
2026-08-31T05:41:10Z,WUSDT,COOLING,NONE,0.0,0.0,0.0,14.93,0.0,16961.61,3298.1,True,False,0.0,77914.99,0.0168,0.934,0.009376
2026-08-31T05:41:12Z,REDUSDT,COOLING,NONE,0.0,0.0,0.0,13.51,0.0,4768.59,6455.24,True,False,0.0,77914.99,0.0168,0.982,0.1111
2026-08-31T05:42:20Z,XRPUSDT,COOLING,SELL,9.21,0.0,9.21,2.93,0.0,102864.73,35792.24,True,False,0.0,77940.23,0.0324,0.976,1.3644
2026-08-31T05:42:21Z,HBARUSDT,COOLING,NONE,0.0,0.0,0.0,1.35,0.0,41858.44,32733.39,True,False,0.0,77940.23,0.0324,0.952,0.07418
2026-08-31T05:43:03Z,RIZEUSDT,COOLING,NONE,0.0,0.0,0.0,62.89,0.0,117.08,665.7,True,False,0.0,77940.23,0.0324,1.086,0.004299
2026-08-31T05:43:05Z,WUSDT,COOLING,NONE,0.0,0.0,0.0,15.98,0.0,11270.75,2751.26,True,False,0.0,77940.23,0.0324,0.931,0.009376
2026-08-31T05:43:07Z,REDUSDT,COOLING,NONE,0.0,0.0,0.0,13.51,0.0,4967.76,4504.18,True,False,0.0,77940.23,0.0324,1.052,0.11104
2026-08-31T05:44:02Z,XRPUSDT,COOLING,BUY,0.0,17.47,17.47,2.2,0.73,84075.56,84468.77,True,False,-0.011,77960.02,0.0254,0.957,1.3645
2026-08-31T05:44:04Z,HBARUSDT,COOLING,NONE,0.0,0.0,0.0,1.35,0.0,45411.61,28056.43,True,False,0.0,77960.02,0.0254,0.894,0.07418
2026-08-31T05:44:05Z,RIZEUSDT,COOLING,NONE,0.0,0.0,0.0,62.89,27.9,117.08,665.7,True,False,0.1399,77960.02,0.0254,0.976,0.004295
2026-08-31T05:44:07Z,WUSDT,COOLING,NONE,0.0,0.0,0.0,11.7,0.0,15412.54,7942.96,True,False,0.0,77960.02,0.0254,0.965,0.009411
2026-08-31T05:44:10Z,REDUSDT,COOLING,NONE,0.0,0.0,0.0,11.7,0.0,6530.6,4383.52,True,False,0.0,77960.02,0.0254,0.96,0.11106
2026-08-31T05:44:38Z,XRPUSDT,COOLING,NONE,0.0,0.0,0.0,2.2,0.0,74370.58,77597.12,True,False,0.0,77978.0,0.0231,0.939,1.3653
2026-08-31T05:45:21Z,HBARUSDT,COOLING,BUY,0.0,0.02,0.02,1.35,0.0,35822.0,22522.48,True,False,0.0,77978.0,0.0231,1.987,0.07418
2026-08-31T05:45:24Z,RIZEUSDT,COOLING,NONE,0.0,0.0,0.0,62.89,0.0,117.08,665.7,True,False,0.0,77978.0,0.0231,2.533,0.004299
2026-08-31T05:45:27Z,WUSDT,COOLING,NONE,0.0,0.0,0.0,13.85,0.0,9168.86,2985.67,True,False,0.0,77978.0,0.0231,1.085,0.009395
2026-08-31T05:45:29Z,REDUSDT,COOLING,NONE,0.0,0.0,0.0,21.54,0.0,6218.79,4511.3,True,False,0.0,77978.0,0.0231,0.927,0.11116
2026-08-31T05:48:42Z,XRPUSDT,COOLING,BUY,0.19,24.16,24.16,1.47,-0.73,74435.92,105748.43,True,False,0.0183,77987.38,0.012,2.027,1.3637
2026-08-31T05:48:44Z,HBARUSDT,COOLING,NONE,0.0,0.0,0.0,1.35,0.0,43405.43,25152.47,True,False,0.0,77987.38,0.012,1.415,0.07423
2026-08-31T05:48:46Z,RIZEUSDT,COOLING,NONE,0.0,0.0,0.0,62.89,0.0,117.08,661.96,True,False,0.0,77987.38,0.012,0.979,0.004292
2026-08-31T05:48:47Z,WUSDT,COOLING,NONE,0.0,0.0,0.0,11.75,0.0,10574.97,4588.0,True,False,0.0,77987.38,0.012,0.921,0.009364
2026-08-31T05:48:49Z,REDUSDT,COOLING,NONE,0.0,0.0,0.0,11.63,0.0,6655.1,6817.66,True,False,0.0,77987.38,0.012,0.895,0.11162
2026-08-31T05:50:24Z,XRPUSDT,COOLING,SELL,21.37,0.0,21.37,1.47,0.0,72752.2,113263.66,True,True,0.0,78014.99,0.0354,0.891,1.3642
2026-08-31T05:50:25Z,HBARUSDT,COOLING,NONE,0.0,0.0,0.0,1.35,0.0,43199.15,25757.98,True,False,0.0,78014.99,0.0354,0.998,0.0742
2026-08-31T05:51:07Z,RIZEUSDT,COOLING,SELL,0.35,0.0,0.35,62.89,0.0,117.78,666.15,True,False,0.0,78014.99,0.0354,0.868,0.004287
2026-08-31T05:51:10Z,WUSDT,COOLING,NONE,0.0,0.0,0.0,12.84,0.0,9253.64,3727.43,True,False,0.0,78014.99,0.0354,1.031,0.009348
2026-08-31T05:51:12Z,REDUSDT,COOLING,NONE,0.0,0.0,0.0,11.67,0.0,4744.15,3344.14,True,False,0.0,78014.99,0.0354,1.006,0.11142
2026-08-31T05:51:46Z,XRPUSDT,COOLING,NONE,0.0,0.0,0.0,2.2,0.0,65821.77,72303.82,True,False,0.0,78004.41,-0.0136,0.922,1.365
2026-08-31T05:51:48Z,HBARUSDT,COOLING,NONE,0.0,0.0,0.0,1.35,0.0,29009.82,25116.45,True,False,0.0,78004.41,-0.0136,0.949,0.07424
2026-08-31T05:52:29Z,RIZEUSDT,COOLING,SELL,0.43,0.0,0.43,62.89,0.0,117.53,666.15,True,False,0.0,78004.41,-0.0136,0.882,0.004297
2026-08-31T05:52:31Z,WUSDT,COOLING,NONE,0.0,0.0,0.0,10.68,0.0,16488.12,2588.67,True,False,0.0,78004.41,-0.0136,0.953,0.009357
2026-08-31T05:52:33Z,REDUSDT,COOLING,NONE,0.0,0.0,0.0,11.67,0.0,2620.46,3344.14,True,False,0.0,78004.41,-0.0136,0.891,0.11122
2026-08-31T05:53:44Z,XRPUSDT,COOLING,NONE,0.0,0.0,0.0,2.2,1.47,78417.53,94031.35,True,False,-0.0073,78038.39,0.0436,0.954,1.3647
2026-08-31T05:53:45Z,HBARUSDT,COOLING,NONE,0.0,0.0,0.0,1.35,0.0,31395.34,22038.24,True,False,0.0,78038.39,0.0436,0.932,0.07431
2026-08-31T05:53:47Z,RIZEUSDT,COOLING,SELL,0.05,0.0,0.05,62.89,0.0,117.14,666.15,True,False,0.0,78038.39,0.0436,0.867,0.004295
2026-08-31T05:53:49Z,WUSDT,COOLING,NONE,0.0,0.0,0.0,4.27,0.0,16488.12,4192.92,True,False,0.0,78038.39,0.0436,0.991,0.009367
2026-08-31T05:53:50Z,REDUSDT,COOLING,NONE,0.0,0.0,0.0,14.36,0.0,2875.42,2573.26,True,False,0.0,78038.39,0.0436,0.97,0.11144
2026-08-31T05:56:06Z,XRPUSDT,COOLING,NONE,0.0,0.0,0.0,2.2,0.0,111635.42,60731.69,True,False,0.0,77999.99,-0.0492,0.948,1.364
2026-08-31T05:56:08Z,HBARUSDT,COOLING,NONE,0.0,0.0,0.0,1.35,0.0,38058.84,22357.66,True,False,0.0,77999.99,-0.0492,1.005,0.07427
2026-08-31T05:56:10Z,RIZEUSDT,COOLING,NONE,0.0,0.0,0.0,62.89,0.0,117.08,667.33,True,False,0.0,77999.99,-0.0492,0.889,0.00429
2026-08-31T05:56:12Z,WUSDT,COOLING,NONE,0.0,0.0,0.0,12.83,0.0,10096.07,4069.2,True,False,0.0,77999.99,-0.0492,0.944,0.009357
2026-08-31T05:56:13Z,REDUSDT,COOLING,NONE,0.0,0.0,0.0,13.44,0.0,5083.93,2898.7,True,False,0.0,77999.99,-0.0492,0.919,0.11151
2026-08-31T05:56:43Z,XRPUSDT,COOLING,NONE,0.0,0.0,0.0,2.93,0.73,83473.95,86373.97,True,False,0.0037,77975.01,-0.032,1.015,1.3629
2026-08-31T05:56:45Z,HBARUSDT,COOLING,NONE,0.0,0.0,0.0,1.35,0.0,37921.27,28466.92,True,False,0.0,77975.01,-0.032,1.001,0.07427
2026-08-31T05:57:27Z,RIZEUSDT,COOLING,NONE,0.0,0.0,0.0,62.89,0.0,117.08,656.51,True,False,0.0,77975.01,-0.032,1.073,0.00429
2026-08-31T05:57:30Z,WUSDT,COOLING,NONE,0.0,0.0,0.0,11.75,0.0,10922.65,4069.2,True,False,0.0,77975.01,-0.032,1.063,0.009362
2026-08-31T05:57:32Z,REDUSDT,COOLING,BUY,0.0,48.56,48.56,11.63,0.0,6249.45,6448.49,True,False,0.0,77975.01,-0.032,0.986,0.11161
2026-08-31T05:59:21Z,XRPUSDT,COOLING,NONE,0.0,0.0,0.0,2.2,0.0,175756.79,69614.2,True,False,0.0,77999.99,0.032,0.982,1.365
2026-08-31T05:59:22Z,HBARUSDT,COOLING,NONE,0.0,0.0,0.0,1.35,0.0,47470.02,24273.46,True,False,0.0,77999.99,0.032,1.074,0.07426
2026-08-31T05:59:24Z,RIZEUSDT,COOLING,NONE,0.0,0.0,0.0,62.89,0.0,117.08,665.31,True,False,0.0,77999.99,0.032,0.952,0.004295
2026-08-31T05:59:26Z,WUSDT,COOLING,NONE,0.0,0.0,0.0,9.62,0.0,8875.2,4069.2,True,False,0.0,77999.99,0.032,1.367,0.009356
2026-08-31T05:59:28Z,REDUSDT,COOLING,NONE,0.0,0.0,0.0,14.3,0.0,7597.45,4099.6,True,False,0.0,77999.99,0.032,0.894,0.11188
2026-08-31T06:00:59Z,XRPUSDT,COOLING,NONE,0.0,0.0,0.0,2.2,0.0,76219.2,68970.19,True,False,0.0,77989.28,-0.0137,0.881,1.3635
2026-08-31T06:01:01Z,HBARUSDT,COOLING,NONE,0.0,0.0,0.0,1.35,0.0,42181.44,31082.45,True,False,0.0,77989.28,-0.0137,0.974,0.0742
2026-08-31T06:01:03Z,RIZEUSDT,COOLING,NONE,0.0,0.0,0.0,62.89,0.0,117.08,665.31,True,False,0.0,77989.28,-0.0137,0.978,0.004298
2026-08-31T06:01:04Z,WUSDT,COOLING,NONE,0.0,0.0,0.0,9.63,0.0,10162.2,5179.33,True,False,0.0,77989.28,-0.0137,0.975,0.009353
2026-08-31T06:01:06Z,REDUSDT,COOLING,NONE,0.0,0.0,0.0,21.46,0.0,5143.99,3253.38,True,False,0.0,77989.28,-0.0137,0.981,0.11155
2026-08-31T06:01:36Z,XRPUSDT,COOLING,BUY,0.0,8.21,8.21,1.47,0.0,73664.71,74712.18,True,False,0.0,77999.27,0.0128,0.944,1.3632
2026-08-31T06:01:38Z,HBARUSDT,COOLING,NONE,0.0,0.0,0.0,1.35,0.0,32817.22,12821.2,True,False,0.0,77999.27,0.0128,0.964,0.07425
2026-08-31T06:01:40Z,RIZEUSDT,COOLING,NONE,0.0,0.0,0.0,62.89,0.0,117.08,664.52,True,False,0.0,77999.27,0.0128,1.052,0.004298
2026-08-31T06:01:42Z,WUSDT,COOLING,NONE,0.0,0.0,0.0,13.91,0.0,10162.2,5179.33,True,False,0.0,77999.27,0.0128,1.024,0.009348
2026-08-31T06:01:44Z,REDUSDT,COOLING,NONE,0.0,0.0,0.0,11.63,0.0,5143.99,7606.71,True,False,0.0,77999.27,0.0128,0.897,0.11173
2026-08-31T06:02:52Z,XRPUSDT,COOLING,NONE,0.0,0.0,0.0,1.46,0.0,81759.33,177447.8,True,False,0.0,78065.0,0.0843,0.911,1.3662
2026-08-31T06:03:34Z,HBARUSDT,COOLING,BUY,0.07,0.08,0.08,1.35,0.0,41829.18,27024.67,True,False,-0.0538,78065.0,0.0843,40.892,0.07431
2026-08-31T06:03:35Z,RIZEUSDT,COOLING,SELL,0.32,0.0,0.32,39.55,0.0,117.42,658.73,True,False,0.0,78065.0,0.0843,0.886,0.00429
2026-08-31T06:03:37Z,WUSDT,COOLING,NONE,0.0,0.0,0.0,9.65,0.0,9901.17,5693.48,True,False,0.0,78065.0,0.0843,0.91,0.00933
2026-08-31T06:03:39Z,REDUSDT,COOLING,NONE,0.0,0.0,0.0,9.85,0.0,5969.04,3323.08,True,False,0.0,78065.0,0.0843,0.993,0.11184
2026-08-31T06:04:31Z,XRPUSDT,COOLING,NONE,0.0,0.0,0.0,1.47,0.0,114999.05,65491.65,True,False,0.0,78042.71,-0.0286,0.991,1.3647
2026-08-31T06:04:33Z,HBARUSDT,COOLING,NONE,0.0,0.0,0.0,1.35,0.0,41219.91,17537.85,True,False,0.0,78042.71,-0.0286,0.987,0.0743
2026-08-31T06:04:35Z,RIZEUSDT,COOLING,NONE,0.0,0.0,0.0,62.7,0.0,117.42,664.87,True,False,0.0,78042.71,-0.0286,1.001,0.004295
2026-08-31T06:04:36Z,WUSDT,COOLING,NONE,0.0,0.0,0.0,12.89,0.0,16791.57,6082.75,True,False,0.0,78042.71,-0.0286,0.915,0.009309
2026-08-31T06:04:38Z,REDUSDT,COOLING,NONE,0.0,0.0,0.0,9.85,0.0,1849.48,3323.08,True,False,0.0,78042.71,-0.0286,0.872,0.11168
2026-08-31T06:05:08Z,XRPUSDT,COOLING,NONE,0.0,0.0,0.0,2.2,0.0,92778.42,113180.98,True,False,0.0,78043.17,0.0006,0.867,1.3643
2026-08-31T06:05:10Z,HBARUSDT,COOLING,NONE,0.0,0.0,0.0,1.35,0.0,37903.74,17537.85,True,False,0.0,78043.17,0.0006,0.918,0.07427
2026-08-31T06:05:11Z,RIZEUSDT,COOLING,SELL,0.37,0.0,0.37,58.04,0.0,117.55,660.69,True,False,0.0,78043.17,0.0006,1.022,0.004295
2026-08-31T06:05:13Z,WUSDT,COOLING,NONE,0.0,0.0,0.0,13.97,0.0,16618.01,3846.94,True,False,0.0,78043.17,0.0006,0.936,0.009305
2026-08-31T06:05:15Z,REDUSDT,COOLING,NONE,0.0,0.0,0.0,11.66,0.0,5951.13,3319.84,True,False,0.0,78043.17,0.0006,0.99,0.11169
2026-08-31T06:05:45Z,XRPUSDT,COOLING,NONE,0.0,0.0,0.0,1.47,0.0,78503.6,80850.32,True,False,0.0,78015.0,-0.0361,0.954,1.3633
2026-08-31T06:06:26Z,HBARUSDT,COOLING,NONE,0.0,0.0,0.0,2.69,1.35,45992.41,24811.9,True,False,-0.0067,78015.0,-0.0361,0.909,0.07427
2026-08-31T06:06:28Z,RIZEUSDT,COOLING,SELL,43.57,0.0,43.57,62.7,0.0,188.51,659.11,True,False,0.0,78015.0,-0.0361,0.87,0.004314
2026-08-31T06:06:29Z,WUSDT,COOLING,NONE,0.0,0.0,0.0,4.3,0.0,16602.14,4724.95,True,False,0.0,78015.0,-0.0361,1.003,0.0093
2026-08-31T06:06:31Z,REDUSDT,COOLING,NONE,0.0,0.0,0.0,11.66,0.0,6039.99,5447.95,True,False,0.0,78015.0,-0.0361,1.01,0.11151
2026-08-31T06:07:24Z,XRPUSDT,COOLING,BUY,0.0,4.32,4.32,2.2,0.0,70004.33,99328.17,True,False,-0.022,77924.58,-0.1159,2.019,1.3624
2026-08-31T06:07:25Z,HBARUSDT,COOLING,NONE,0.0,0.0,0.0,1.35,0.0,43553.19,25594.66,True,False,0.0,77924.58,-0.1159,0.929,0.07418
2026-08-31T06:07:28Z,RIZEUSDT,COOLING,SELL,0.06,0.0,0.06,62.7,0.0,117.17,659.11,True,False,0.0,77924.58,-0.1159,0.859,0.004314
2026-08-31T06:07:29Z,WUSDT,COOLING,NONE,0.0,0.0,0.0,9.69,0.0,9946.88,3253.61,True,False,0.0,77924.58,-0.1159,0.88,0.009296
2026-08-31T06:07:31Z,REDUSDT,COOLING,NONE,0.0,0.0,0.0,9.89,0.0,6873.01,4826.96,True,False,0.0,77924.58,-0.1159,0.918,0.1114
2026-08-31T06:08:01Z,XRPUSDT,COOLING,NONE,0.0,0.0,0.0,0.73,0.0,84660.11,103337.63,True,False,0.0,77902.57,-0.0282,0.875,1.3612
2026-08-31T06:08:02Z,HBARUSDT,COOLING,NONE,0.0,0.0,0.0,2.7,0.0,46364.98,24180.47,True,False,0.0,77902.57,-0.0282,0.936,0.07418
2026-08-31T06:08:05Z,RIZEUSDT,COOLING,SELL,0.4,0.0,0.4,62.7,37.2,117.22,659.11,True,False,-0.1854,77902.57,-0.0282,1.945,0.004314
2026-08-31T06:08:08Z,WUSDT,COOLING,NONE,0.0,0.0,0.0,6.45,0.0,9962.59,3983.9,True,False,0.0,77902.57,-0.0282,1.044,0.009295
2026-08-31T06:08:10Z,REDUSDT,COOLING,NONE,0.0,0.0,0.0,11.7,0.0,5180.32,5172.61,True,False,0.0,77902.57,-0.0282,0.914,0.11125
2026-08-31T06:08:41Z,XRPUSDT,COOLING,SELL,2.22,0.0,2.22,2.21,0.0,77486.06,109468.67,True,False,0.0,77863.74,-0.0498,0.923,1.36
2026-08-31T06:08:42Z,HBARUSDT,COOLING,NONE,0.0,0.0,0.0,1.35,0.0,41937.63,14583.77,True,False,0.0,77863.74,-0.0498,0.916,0.07419
2026-08-31T06:09:24Z,RIZEUSDT,COOLING,NONE,0.0,0.0,0.0,62.7,0.0,117.42,660.69,True,False,0.0,77863.74,-0.0498,1.073,0.004309
2026-08-31T06:09:26Z,WUSDT,COOLING,NONE,0.0,0.0,0.0,7.51,0.0,17391.76,3361.18,True,False,0.0,77863.74,-0.0498,1.044,0.009311
2026-08-31T06:09:28Z,REDUSDT,COOLING,NONE,0.0,0.0,0.0,19.76,0.0,5179.85,4695.17,True,False,0.0,77863.74,-0.0498,0.943,0.11132
2026-08-31T06:10:22Z,XRPUSDT,COOLING,BUY,0.0,10.94,10.94,1.47,-1.47,65010.21,61960.0,True,False,0.0,77975.0,0.1429,1.02,1.3626
2026-08-31T06:10:24Z,HBARUSDT,COOLING,NONE,0.0,0.0,0.0,1.35,0.0,37983.91,20186.97,True,False,0.0,77975.0,0.1429,1.443,0.07424
2026-08-31T06:10:25Z,RIZEUSDT,COOLING,NONE,0.0,0.0,0.0,62.7,0.0,117.42,661.34,True,False,0.0,77975.0,0.1429,1.023,0.00431
2026-08-31T06:10:27Z,WUSDT,COOLING,NONE,0.0,0.0,0.0,10.74,0.0,17391.76,4398.12,True,False,0.0,77975.0,0.1429,0.881,0.009317
2026-08-31T06:10:29Z,REDUSDT,COOLING,NONE,0.0,0.0,0.0,9.89,0.0,5180.32,3811.51,True,False,0.0,77975.0,0.1429,1.039,0.1113
2026-08-31T06:11:38Z,XRPUSDT,COOLING,NONE,0.0,0.0,0.0,1.47,0.0,82801.66,116157.67,True,False,0.0,77967.93,-0.0091,0.923,1.3625
2026-08-31T06:12:21Z,HBARUSDT,COOLING,NONE,0.0,0.0,0.0,1.35,0.0,37763.44,23952.19,True,False,0.0,77967.93,-0.0091,1.995,0.07421
2026-08-31T06:12:22Z,RIZEUSDT,COOLING,SELL,14.1,0.0,14.1,62.7,0.0,135.46,661.34,True,False,0.0,77967.93,-0.0091,0.913,0.004309
2026-08-31T06:12:24Z,WUSDT,COOLING,NONE,0.0,0.0,0.0,8.59,0.0,17390.89,4398.12,True,False,0.0,77967.93,-0.0091,0.953,0.009314
2026-08-31T06:12:26Z,REDUSDT,COOLING,NONE,0.0,0.0,0.0,11.7,0.0,6573.68,5688.21,True,False,0.0,77967.93,-0.0091,0.989,0.11118
2026-08-31T06:12:54Z,XRPUSDT,COOLING,NONE,0.0,0.0,0.0,1.47,-1.47,61771.9,84454.37,True,False,-0.0073,77977.88,0.0128,0.99,1.3632
2026-08-31T06:12:56Z,HBARUSDT,COOLING,NONE,0.0,0.0,0.0,1.35,0.0,49725.6,14279.31,True,False,0.0,77977.88,0.0128,1.003,0.0743
2026-08-31T06:12:59Z,RIZEUSDT,COOLING,SELL,19.95,0.0,19.95,62.7,0.0,146.85,661.34,True,True,0.0,77977.88,0.0128,1.004,0.004309
2026-08-31T06:13:00Z,WUSDT,COOLING,NONE,0.0,0.0,0.0,6.44,0.0,15754.69,4398.12,True,False,0.0,77977.88,0.0128,0.941,0.009314
2026-08-31T06:13:02Z,REDUSDT,COOLING,NONE,0.0,0.0,0.0,9.89,0.0,6345.64,7085.8,True,False,0.0,77977.88,0.0128,0.957,0.11112
2026-08-31T06:14:35Z,XRPUSDT,COOLING,NONE,0.0,0.0,0.0,1.47,0.0,57974.54,72239.21,True,False,0.0,77999.97,0.0283,0.921,1.3629
2026-08-31T06:14:37Z,HBARUSDT,COOLING,BUY,0.0,70.43,70.43,1.35,0.0,45239.81,31941.77,True,False,0.0,77999.97,0.0283,0.917,0.07432
2026-08-31T06:14:39Z,RIZEUSDT,COOLING,SELL,0.04,0.0,0.04,62.7,0.0,117.47,661.34,True,False,0.0,77999.97,0.0283,1.083,0.004309
2026-08-31T06:14:40Z,WUSDT,COOLING,NONE,0.0,0.0,0.0,7.51,0.0,8265.24,4398.12,True,False,0.0,77999.97,0.0283,0.995,0.009316
2026-08-31T06:14:42Z,REDUSDT,COOLING,NONE,0.0,0.0,0.0,9.89,0.0,6676.42,2780.46,True,False,0.0,77999.97,0.0283,0.978,0.11125
2026-08-31T06:15:50Z,XRPUSDT,COOLING,NONE,0.0,0.0,0.0,1.46,0.73,84374.92,46542.91,True,False,-0.0037,78019.99,0.0257,1.057,1.3653
2026-08-31T06:15:52Z,HBARUSDT,COOLING,NONE,0.0,0.0,0.0,1.34,0.0,29094.64,27952.25,True,False,0.0,78019.99,0.0257,0.968,0.07431
2026-08-31T06:15:53Z,RIZEUSDT,COOLING,NONE,0.0,0.0,0.0,62.7,0.0,117.11,661.34,True,False,0.0,78019.99,0.0257,0.928,0.004309
2026-08-31T06:15:56Z,WUSDT,COOLING,NONE,0.0,0.0,0.0,8.57,0.0,13507.57,4488.75,True,False,0.0,78019.99,0.0257,0.901,0.009336
2026-08-31T06:15:59Z,REDUSDT,COOLING,NONE,0.0,0.0,0.0,11.67,0.0,6210.34,6202.45,True,False,0.0,78019.99,0.0257,0.972,0.11129
2026-08-31T06:17:10Z,XRPUSDT,COOLING,NONE,0.0,0.0,0.0,1.46,0.0,48368.28,80757.18,True,False,-0.0146,78085.95,0.0845,1.01,1.367
2026-08-31T06:17:11Z,HBARUSDT,COOLING,NONE,0.0,0.0,0.0,1.34,0.0,39364.43,9764.77,True,False,0.0,78085.95,0.0845,1.002,0.07438
2026-08-31T06:17:13Z,RIZEUSDT,COOLING,NONE,0.0,0.0,0.0,62.7,0.0,117.14,661.34,True,False,0.0,78085.95,0.0845,0.906,0.004309
2026-08-31T06:17:15Z,WUSDT,COOLING,NONE,0.0,0.0,0.0,8.58,0.0,12019.77,5496.5,True,False,0.0,78085.95,0.0845,1.01,0.009328
2026-08-31T06:17:16Z,REDUSDT,COOLING,NONE,0.0,0.0,0.0,11.67,0.0,6259.25,2606.47,True,False,0.0,78085.95,0.0845,0.966,0.11142
2026-08-31T06:18:14Z,XRPUSDT,COOLING,NONE,0.0,0.0,0.0,0.73,-1.46,71594.83,78413.65,True,False,-0.0073,78068.48,-0.0224,1.971,1.3653
2026-08-31T06:18:55Z,HBARUSDT,COOLING,SELL,0.26,0.0,0.26,1.34,-0.0,42066.28,9942.83,True,False,0.0807,78068.48,-0.0224,40.904,0.07436
2026-08-31T06:18:57Z,RIZEUSDT,COOLING,NONE,0.0,0.0,0.0,39.43,0.0,117.44,659.24,True,False,0.0,78068.48,-0.0224,0.846,0.004303
2026-08-31T06:18:59Z,WUSDT,COOLING,NONE,0.0,0.0,0.0,11.78,0.0,9038.84,4452.25,True,False,0.0,78068.48,-0.0224,0.877,0.009324
2026-08-31T06:19:00Z,REDUSDT,COOLING,NONE,0.0,0.0,0.0,14.36,0.0,6636.18,2609.02,True,False,0.0,78068.48,-0.0224,0.938,0.11141
2026-08-31T06:19:32Z,XRPUSDT,COOLING,SELL,70.05,0.0,70.05,2.19,0.73,178371.15,71516.83,True,False,0.0256,78101.95,0.0429,1.02,1.3671
2026-08-31T06:19:34Z,HBARUSDT,COOLING,BUY,0.0,68.53,68.53,1.35,0.0,29999.27,31554.31,True,False,0.0,78101.95,0.0429,0.917,0.07438
2026-08-31T06:19:35Z,RIZEUSDT,COOLING,NONE,0.0,0.0,0.0,62.7,0.0,117.64,668.89,True,False,0.0,78101.95,0.0429,0.936,0.004307
2026-08-31T06:19:37Z,WUSDT,COOLING,NONE,0.0,0.0,0.0,7.5,0.0,12331.81,5176.59,True,False,0.0,78101.95,0.0429,0.987,0.009329
2026-08-31T06:19:39Z,REDUSDT,COOLING,NONE,0.0,0.0,0.0,14.36,0.0,6489.13,5448.68,True,False,0.0,78101.95,0.0429,0.988,0.11144
2026-08-31T06:20:08Z,XRPUSDT,COOLING,NONE,0.0,0.0,0.0,1.46,-0.73,45720.64,77934.36,True,False,-0.011,78072.0,-0.0383,1.506,1.3656
2026-08-31T06:20:09Z,HBARUSDT,COOLING,NONE,0.0,0.0,0.0,1.35,0.0,49170.43,12770.17,True,False,0.0,78072.0,-0.0383,0.88,0.07433
2026-08-31T06:20:11Z,RIZEUSDT,COOLING,NONE,0.0,0.0,0.0,62.7,0.0,117.11,668.89,True,False,0.0,78072.0,-0.0383,0.924,0.004307
2026-08-31T06:20:13Z,WUSDT,COOLING,NONE,0.0,0.0,0.0,10.72,0.0,12331.81,5176.59,True,False,0.0,78072.0,-0.0383,0.892,0.009325
2026-08-31T06:20:14Z,REDUSDT,COOLING,SELL,35.08,0.0,35.08,9.89,-0.9,5100.96,4091.0,True,False,0.0045,78072.0,-0.0383,1.074,0.11147
2026-08-31T06:22:26Z,XRPUSDT,COOLING,SELL,38.52,0.0,38.52,2.2,-0.0,67099.83,85175.25,True,False,0.0073,78017.82,-0.0694,0.977,1.3633
2026-08-31T06:22:28Z,HBARUSDT,COOLING,NONE,0.0,0.0,0.0,2.69,0.0,47823.41,28645.42,True,False,0.0,78017.82,-0.0694,1.001,0.07424
2026-08-31T06:22:30Z,RIZEUSDT,COOLING,NONE,0.0,0.0,0.0,62.7,0.0,117.11,668.89,True,False,0.0,78017.82,-0.0694,0.981,0.004309
2026-08-31T06:22:31Z,WUSDT,COOLING,NONE,0.0,0.0,0.0,11.78,0.0,7020.72,4022.56,True,False,0.0,78017.82,-0.0694,1.044,0.009339
2026-08-31T06:22:33Z,REDUSDT,COOLING,NONE,0.0,0.0,0.0,11.7,-9.89,6001.31,8000.5,True,False,-0.0495,78017.82,-0.0694,0.99,0.11126
2026-08-31T06:23:42Z,XRPUSDT,COOLING,NONE,0.0,0.0,0.0,2.2,0.0,70794.83,94818.75,True,False,0.0,77982.07,-0.0458,0.902,1.3625
2026-08-31T06:23:44Z,HBARUSDT,COOLING,NONE,0.0,0.0,0.0,1.35,0.0,41849.05,15290.14,True,False,0.0,77982.07,-0.0458,0.969,0.07421
2026-08-31T06:24:26Z,RIZEUSDT,COOLING,SELL,0.0,0.0,0.0,62.7,20.94,117.17,660.7,True,False,-0.1044,77982.07,-0.0458,40.98,0.004302
2026-08-31T06:24:28Z,WUSDT,COOLING,NONE,0.0,0.0,0.0,8.55,2.13,11712.69,4443.21,True,False,0.0749,77982.07,-0.0458,1.057,0.009347
2026-08-31T06:24:30Z,REDUSDT,COOLING,NONE,0.0,0.0,0.0,21.62,0.0,6763.6,5139.22,True,False,0.0,77982.07,-0.0458,0.905,0.11103
2026-08-31T06:24:57Z,XRPUSDT,COOLING,SELL,14.39,0.0,14.39,1.47,0.0,65755.93,77677.64,True,False,0.0,77982.13,0.0001,0.887,1.3629
2026-08-31T06:24:59Z,HBARUSDT,COOLING,NONE,0.0,0.0,0.0,1.35,0.0,40230.54,12083.82,True,False,0.0,77982.13,0.0001,0.941,0.0742
2026-08-31T06:25:02Z,RIZEUSDT,COOLING,SELL,0.37,0.0,0.37,62.7,0.0,117.83,669.29,True,False,0.0,77982.13,0.0001,0.963,0.004316
2026-08-31T06:25:03Z,WUSDT,COOLING,NONE,0.0,0.0,0.0,6.41,0.0,10475.55,4616.53,True,False,0.0,77982.13,0.0001,0.941,0.00936
2026-08-31T06:25:05Z,REDUSDT,COOLING,NONE,0.0,0.0,0.0,13.51,0.0,6763.6,5150.06,True,False,0.0,77982.13,0.0001,0.933,0.11105
2026-08-31T06:26:41Z,XRPUSDT,COOLING,NONE,0.0,0.0,0.0,2.2,0.0,73982.53,57116.87,True,False,0.0,78036.67,0.0699,1.011,1.366
2026-08-31T06:26:44Z,HBARUSDT,COOLING,NONE,0.0,0.0,0.0,1.35,0.0,43204.43,13992.66,True,False,0.0,78036.67,0.0699,1.881,0.07427
2026-08-31T06:26:45Z,RIZEUSDT,COOLING,NONE,0.0,0.0,0.0,62.7,0.0,117.11,666.52,True,False,0.0,78036.67,0.0699,1.056,0.00431
2026-08-31T06:26:47Z,WUSDT,COOLING,NONE,0.0,0.0,0.0,9.61,0.0,10916.98,5051.04,True,False,0.0,78036.67,0.0699,1.006,0.009365
2026-08-31T06:26:49Z,REDUSDT,COOLING,NONE,0.0,0.0,0.0,9.89,0.0,6303.91,4921.17,True,False,0.0,78036.67,0.0699,0.88,0.11112
2026-08-31T06:27:59Z,XRPUSDT,COOLING,NONE,0.0,0.0,0.0,2.19,0.0,167500.44,90214.24,True,False,0.0,78091.95,0.0708,1.004,1.3675
2026-08-31T06:28:01Z,HBARUSDT,COOLING,NONE,0.0,0.0,0.0,1.35,0.0,42409.39,32746.74,True,False,0.0,78091.95,0.0708,0.886,0.07432
2026-08-31T06:28:02Z,RIZEUSDT,COOLING,NONE,0.0,0.0,0.0,62.7,0.0,117.11,666.52,True,False,0.0,78091.95,0.0708,0.977,0.00431
2026-08-31T06:28:44Z,WUSDT,COOLING,SELL,0.85,0.0,0.85,12.8,2.13,15127.08,5660.58,True,False,-0.0107,78091.95,0.0708,40.874,0.009387
2026-08-31T06:28:46Z,REDUSDT,COOLING,NONE,0.0,0.0,0.0,9.89,0.0,6213.7,4742.35,True,False,0.0,78091.95,0.0708,0.986,0.11108
2026-08-31T06:29:15Z,XRPUSDT,COOLING,NONE,0.0,0.0,0.0,1.46,0.0,51242.62,63807.2,True,False,0.0,77996.04,-0.1228,1.017,1.3658
2026-08-31T06:29:17Z,HBARUSDT,COOLING,SELL,11.14,0.0,11.14,1.35,-0.0,48523.62,13128.13,True,False,0.0135,77996.04,-0.1228,0.976,0.07427
2026-08-31T06:29:19Z,RIZEUSDT,COOLING,NONE,0.0,0.0,0.0,62.7,0.0,117.14,666.52,True,False,0.0,77996.04,-0.1228,1.106,0.00431
2026-08-31T06:29:23Z,WUSDT,COOLING,NONE,0.0,0.0,0.0,12.8,0.0,9867.52,5660.58,True,False,0.0,77996.04,-0.1228,2.023,0.009374
2026-08-31T06:29:26Z,REDUSDT,COOLING,NONE,0.0,0.0,0.0,21.58,0.0,6433.7,4742.35,True,False,0.0,77996.04,-0.1228,1.055,0.11116
2026-08-31T06:31:43Z,XRPUSDT,COOLING,NONE,0.0,0.0,0.0,1.47,-0.73,57375.04,73374.48,True,False,-0.0037,77931.33,-0.083,0.877,1.3631
2026-08-31T06:31:44Z,HBARUSDT,COOLING,SELL,13.45,0.0,13.45,1.35,0.0,45138.49,12243.69,True,False,-0.0135,77931.33,-0.083,0.884,0.07421
2026-08-31T06:31:46Z,RIZEUSDT,COOLING,SELL,0.05,0.0,0.05,62.7,0.0,117.17,668.65,True,False,0.0,77931.33,-0.083,0.93,0.004306
2026-08-31T06:31:49Z,WUSDT,COOLING,NONE,0.0,0.0,0.0,13.91,0.0,8270.96,4907.22,True,False,0.0,77931.33,-0.083,0.979,0.009352
2026-08-31T06:31:51Z,REDUSDT,COOLING,NONE,0.0,0.0,0.0,9.89,0.0,6413.4,7040.95,True,False,0.0,77931.33,-0.083,1.0,0.11123
2026-08-31T06:33:00Z,XRPUSDT,COOLING,NONE,0.0,0.0,0.0,2.2,-0.0,64479.03,75519.43,True,False,0.0073,77974.99,0.056,0.9,1.3646
2026-08-31T06:33:02Z,HBARUSDT,COOLING,NONE,0.0,0.0,0.0,1.35,0.0,48288.23,21260.78,True,False,0.0,77974.99,0.056,1.022,0.07428
2026-08-31T06:33:04Z,RIZEUSDT,COOLING,SELL,0.28,0.0,0.28,39.52,-23.17,117.42,664.7,True,False,-0.1161,77974.99,0.056,1.025,0.00431
2026-08-31T06:33:05Z,WUSDT,COOLING,NONE,0.0,0.0,0.0,6.41,0.0,9282.37,4118.3,True,False,0.0,77974.99,0.056,0.905,0.009349
2026-08-31T06:33:07Z,REDUSDT,COOLING,BUY,0.0,56.64,56.64,19.8,0.0,5020.74,7176.18,True,True,0.0,77974.99,0.056,1.02,0.11115
2026-08-31T06:33:37Z,XRPUSDT,COOLING,BUY,0.0,25.04,25.04,2.2,0.0,41867.31,103963.65,True,False,0.0,77979.1,0.0053,0.935,1.364
2026-08-31T06:33:38Z,HBARUSDT,COOLING,NONE,0.0,0.0,0.0,1.35,0.0,48378.81,11745.87,True,False,0.0,77979.1,0.0053,0.956,0.07428
2026-08-31T06:33:40Z,RIZEUSDT,COOLING,NONE,0.0,0.0,0.0,62.7,0.0,117.17,664.7,True,False,0.0,77979.1,0.0053,0.881,0.00431
2026-08-31T06:33:42Z,WUSDT,COOLING,NONE,0.0,0.0,0.0,5.34,0.0,9664.39,3318.55,True,False,0.0,77979.1,0.0053,0.928,0.009358
2026-08-31T06:33:44Z,REDUSDT,COOLING,NONE,0.0,0.0,0.0,13.51,0.0,5020.74,6299.32,True,False,0.0,77979.1,0.0053,1.009,0.11113
2026-08-31T06:35:19Z,XRPUSDT,COOLING,NONE,0.0,0.0,0.0,0.73,0.0,90677.06,117127.61,True,False,0.0,77951.43,-0.0355,0.941,1.363
2026-08-31T06:35:21Z,HBARUSDT,COOLING,NONE,0.0,0.0,0.0,1.35,0.0,49555.02,14313.05,True,False,0.0,77951.43,-0.0355,1.029,0.07422
2026-08-31T06:35:24Z,RIZEUSDT,COOLING,NONE,0.0,0.0,0.0,62.7,0.0,117.11,669.23,True,False,0.0,77951.43,-0.0355,2.149,0.004308
2026-08-31T06:35:26Z,WUSDT,COOLING,NONE,0.0,0.0,0.0,11.72,0.0,11295.06,9978.64,True,False,0.0,77951.43,-0.0355,1.039,0.009381
2026-08-31T06:35:28Z,REDUSDT,COOLING,NONE,0.0,0.0,0.0,11.74,0.0,5630.06,1834.02,True,False,0.0,77951.43,-0.0355,1.017,0.11076
2026-08-31T06:36:04Z,XRPUSDT,COOLING,NONE,0.0,0.0,0.0,2.2,0.73,65272.93,99674.33,True,False,0.0037,77930.61,-0.0267,0.962,1.3618
2026-08-31T06:36:06Z,HBARUSDT,COOLING,NONE,0.0,0.0,0.0,1.35,0.0,36266.34,11919.8,True,False,0.0,77930.61,-0.0267,2.001,0.0742
2026-08-31T06:36:08Z,RIZEUSDT,COOLING,NONE,0.0,0.0,0.0,62.7,0.0,171.43,664.65,True,False,0.0,77930.61,-0.0267,1.082,0.004302
2026-08-31T06:36:11Z,WUSDT,COOLING,NONE,0.0,0.0,0.0,13.87,0.0,11366.93,6401.41,True,False,0.0,77930.61,-0.0267,0.974,0.009383
2026-08-31T06:36:13Z,REDUSDT,COOLING,BUY,0.0,3.08,3.08,19.84,0.0,1806.24,3121.1,True,False,0.0,77930.61,-0.0267,1.136,0.11077
2026-08-31T06:36:46Z,XRPUSDT,COOLING,NONE,0.0,0.0,0.0,2.2,0.0,93509.66,76753.45,True,False,0.0,77927.08,-0.0045,1.101,1.3619
2026-08-31T06:36:48Z,HBARUSDT,COOLING,SELL,68.83,22.81,68.83,4.04,2.7,36266.34,11919.8,True,True,0.0,77927.08,-0.0045,1.031,0.07419
2026-08-31T06:36:49Z,RIZEUSDT,COOLING,SELL,21.22,0.0,21.22,62.7,0.0,146.86,662.14,True,False,0.0,77927.08,-0.0045,0.955,0.004302
2026-08-31T06:36:51Z,WUSDT,COOLING,NONE,0.0,0.0,0.0,12.8,0.0,11366.93,6457.51,True,False,0.0,77927.08,-0.0045,1.014,0.009383
2026-08-31T06:36:54Z,REDUSDT,COOLING,NONE,0.0,0.0,0.0,21.66,0.0,6144.54,2035.41,True,False,0.0,77927.08,-0.0045,1.955,0.11085
2026-08-31T06:37:57Z,XRPUSDT,COOLING,BUY,16.35,30.31,30.31,1.47,0.0,63844.96,67170.92,True,False,-0.0073,77967.64,0.052,1.056,1.3636
2026-08-31T06:37:59Z,HBARUSDT,COOLING,SELL,9.44,0.0,9.44,2.69,-0.0,47525.9,11987.22,True,False,0.0135,77967.64,0.052,1.016,0.07422
2026-08-31T06:38:01Z,RIZEUSDT,COOLING,NONE,0.0,0.0,0.0,27.82,-13.94,117.42,658.98,True,False,0.0696,77967.64,0.052,0.915,0.004303
2026-08-31T06:38:03Z,WUSDT,COOLING,NONE,0.0,0.0,0.0,11.75,0.0,9461.8,3787.96,True,False,0.0,77967.64,0.052,1.057,0.009369
2026-08-31T06:38:05Z,REDUSDT,COOLING,NONE,0.0,0.0,0.0,13.53,0.0,6770.84,5722.61,True,False,0.0,77967.64,0.052,0.949,0.11093
2026-08-31T06:38:37Z,XRPUSDT,COOLING,NONE,0.0,0.0,0.0,1.47,0.0,85542.09,70625.36,True,False,0.0,78059.99,0.1184,0.935,1.365
2026-08-31T06:38:39Z,HBARUSDT,COOLING,BUY,0.0,36.76,36.76,1.35,0.0,46565.38,26771.71,True,False,0.0,78059.99,0.1184,0.989,0.07432
2026-08-31T06:38:41Z,RIZEUSDT,COOLING,SELL,0.07,0.0,0.07,62.7,0.0,117.17,663.12,True,False,0.0,78059.99,0.1184,0.96,0.004308
2026-08-31T06:38:42Z,WUSDT,COOLING,NONE,0.0,0.0,0.0,11.73,-1.07,9323.79,6135.22,True,False,-0.0053,78059.99,0.1184,0.957,0.009371
2026-08-31T06:38:44Z,REDUSDT,COOLING,NONE,0.0,0.0,0.0,23.42,0.0,7286.12,5226.97,True,False,0.0,78059.99,0.1184,1.037,0.1109
2026-08-31T06:39:18Z,XRPUSDT,COOLING,NONE,0.0,0.0,0.0,2.2,0.0,45526.24,59898.35,True,False,0.0,78033.33,-0.0342,2.058,1.3634
2026-08-31T06:39:20Z,HBARUSDT,COOLING,BUY,0.0,56.32,56.32,4.04,0.0,34721.43,30017.83,True,False,-0.0135,78033.33,-0.0342,1.07,0.07432
2026-08-31T06:39:23Z,RIZEUSDT,COOLING,NONE,0.0,0.0,0.0,62.7,0.0,117.19,663.12,True,False,0.0,78033.33,-0.0342,1.02,0.004308
2026-08-31T06:39:25Z,WUSDT,COOLING,NONE,0.0,0.0,0.0,13.9,0.0,9824.24,3739.89,True,False,0.0,78033.33,-0.0342,0.978,0.009356
2026-08-31T06:39:27Z,REDUSDT,COOLING,NONE,0.0,0.0,0.0,12.62,0.0,7286.12,5110.45,True,False,0.0,78033.33,-0.0342,1.007,0.11098
2026-08-31T06:40:34Z,XRPUSDT,COOLING,NONE,0.0,0.0,0.0,1.46,-0.73,57464.33,55947.87,True,False,-0.0037,78081.86,0.0622,1.256,1.3652
2026-08-31T06:40:36Z,HBARUSDT,COOLING,NONE,0.0,0.0,0.0,1.35,0.0,26635.59,32558.04,True,False,0.0,78081.86,0.0622,0.932,0.07425
2026-08-31T06:40:37Z,RIZEUSDT,COOLING,NONE,0.0,0.0,0.0,62.7,0.0,117.11,667.54,True,False,0.0,78081.86,0.0622,1.034,0.004309
2026-08-31T06:40:39Z,WUSDT,COOLING,NONE,0.0,0.0,0.0,10.69,0.0,9824.24,4361.25,True,False,0.0,78081.86,0.0622,0.886,0.009356
2026-08-31T06:40:42Z,REDUSDT,COOLING,NONE,0.0,0.0,0.0,14.41,0.0,7792.58,5609.47,True,False,0.0,78081.86,0.0622,1.037,0.11099
2026-08-31T06:41:18Z,XRPUSDT,COOLING,BUY,0.0,5.83,5.83,2.2,0.0,60004.87,64906.46,True,False,0.0,78131.94,0.0641,0.92,1.365
2026-08-31T06:41:19Z,HBARUSDT,COOLING,NONE,0.0,0.0,0.0,1.35,0.0,42199.0,34152.2,True,False,0.0,78131.94,0.0641,1.013,0.07426
2026-08-31T06:41:21Z,RIZEUSDT,COOLING,SELL,0.02,0.0,0.02,62.7,0.0,117.47,665.4,True,False,0.0,78131.94,0.0641,1.0,0.00431
2026-08-31T06:41:23Z,WUSDT,COOLING,NONE,0.0,0.0,0.0,12.83,0.0,9824.24,4361.25,True,False,0.0,78131.94,0.0641,1.097,0.009353
2026-08-31T06:41:25Z,REDUSDT,COOLING,NONE,0.0,0.0,0.0,13.51,0.0,7792.58,5608.97,True,False,0.0,78131.94,0.0641,0.921,0.11108
2026-08-31T06:41:56Z,XRPUSDT,COOLING,NONE,0.0,0.0,0.0,2.2,0.0,62288.71,91467.24,True,False,0.0,78137.9,0.0076,0.947,1.3651
2026-08-31T06:41:58Z,HBARUSDT,COOLING,NONE,0.0,0.0,0.0,1.35,0.0,42199.0,32245.0,True,False,0.0,78137.9,0.0076,0.988,0.07426
2026-08-31T06:42:01Z,RIZEUSDT,COOLING,SELL,0.02,0.0,0.02,62.7,0.0,117.14,665.4,True,False,0.0,78137.9,0.0076,1.019,0.00431
2026-08-31T06:42:02Z,WUSDT,COOLING,NONE,0.0,0.0,0.0,11.76,0.0,9824.24,4361.25,True,False,0.0,78137.9,0.0076,0.947,0.009353
2026-08-31T06:42:04Z,REDUSDT,COOLING,NONE,0.0,0.0,0.0,13.51,0.0,7792.58,5608.97,True,False,0.0,78137.9,0.0076,1.005,0.11106
2026-08-31T06:43:18Z,XRPUSDT,COOLING,BUY,0.0,42.0,42.0,2.2,0.0,193627.16,96801.48,True,True,0.0,78097.25,-0.052,1.134,1.3646
2026-08-31T06:43:20Z,HBARUSDT,COOLING,NONE,0.0,0.0,0.0,1.35,0.0,37398.67,26614.19,True,False,0.0,78097.25,-0.052,1.013,0.07425
2026-08-31T06:43:22Z,RIZEUSDT,COOLING,NONE,0.0,0.0,0.0,27.8,0.0,117.8,667.58,True,False,0.0,78097.25,-0.052,1.127,0.004322
2026-08-31T06:43:25Z,WUSDT,COOLING,NONE,0.0,0.0,0.0,12.85,0.0,8650.71,3809.4,True,False,0.0,78097.25,-0.052,1.951,0.009339
2026-08-31T06:43:29Z,REDUSDT,COOLING,BUY,0.0,18.75,18.75,11.74,1.81,5837.52,3146.86,True,False,-0.009,78097.25,-0.052,2.048,0.11096
2026-08-31T06:44:04Z,XRPUSDT,COOLING,SELL,0.0,0.0,0.0,2.2,0.0,167098.69,72202.13,True,False,0.0,78095.0,-0.0029,0.918,1.3647
2026-08-31T06:44:06Z,HBARUSDT,COOLING,NONE,0.0,0.0,0.0,1.35,0.0,34048.01,13523.61,True,False,0.0,78095.0,-0.0029,1.012,0.07423
2026-08-31T06:44:08Z,RIZEUSDT,COOLING,BUY,0.28,70.58,70.58,34.77,0.0,117.42,667.58,True,True,0.0,78095.0,-0.0029,0.926,0.004309
2026-08-31T06:44:10Z,WUSDT,COOLING,NONE,0.0,0.0,0.0,10.72,0.0,11270.18,3794.16,True,False,0.0,78095.0,-0.0029,1.093,0.00933
2026-08-31T06:44:12Z,REDUSDT,COOLING,NONE,0.0,0.0,0.0,11.74,0.0,6330.0,1970.97,True,False,0.0,78095.0,-0.0029,0.997,0.11079
2026-08-31T06:44:41Z,XRPUSDT,COOLING,NONE,0.0,0.0,0.0,2.93,0.0,86739.62,88261.59,True,False,0.0,78095.01,0.0,1.062,1.3641
2026-08-31T06:44:43Z,HBARUSDT,COOLING,BUY,0.97,78.67,78.67,1.35,0.0,29678.06,31606.84,True,False,-0.0135,78095.01,0.0,1.0,0.07423
2026-08-31T06:44:45Z,RIZEUSDT,COOLING,NONE,0.0,0.0,0.0,60.19,0.0,117.44,664.3,True,False,0.0,78095.01,0.0,0.95,0.004309
2026-08-31T06:44:49Z,WUSDT,COOLING,NONE,0.0,0.0,0.0,18.26,0.0,9868.96,3236.1,True,False,0.0,78095.01,0.0,0.926,0.009316
2026-08-31T06:44:50Z,REDUSDT,COOLING,NONE,0.0,0.0,0.0,11.74,0.0,6330.0,1970.97,True,False,0.0,78095.01,0.0,1.0,0.11073
2026-08-31T06:45:58Z,XRPUSDT,COOLING,NONE,0.0,0.0,0.0,2.2,0.0,203155.99,78643.86,True,False,0.0,78069.38,-0.0328,1.938,1.3649
2026-08-31T06:46:01Z,HBARUSDT,COOLING,NONE,0.0,0.0,0.0,1.35,0.0,40677.57,30757.94,True,False,0.0,78069.38,-0.0328,1.958,0.07419
2026-08-31T06:46:03Z,RIZEUSDT,COOLING,BUY,0.05,73.91,73.91,60.19,0.0,117.58,713.05,True,True,0.0,78069.38,-0.0328,0.911,0.004313
2026-08-31T06:46:05Z,WUSDT,COOLING,NONE,0.0,0.0,0.0,12.88,0.0,10333.7,3323.65,True,False,0.0,78069.38,-0.0328,1.065,0.009307
2026-08-31T06:46:07Z,REDUSDT,COOLING,NONE,0.0,0.0,0.0,19.84,0.0,6620.7,2588.89,True,False,0.0,78069.38,-0.0328,0.952,0.11068
2026-08-31T06:46:36Z,XRPUSDT,COOLING,BUY,0.0,1.25,1.25,1.46,-0.73,150213.39,70992.87,True,False,0.0037,78082.32,0.0166,1.027,1.365
2026-08-31T06:46:38Z,HBARUSDT,COOLING,SELL,21.01,17.77,21.01,1.35,-0.0,42795.13,32919.16,True,True,0.0135,78082.32,0.0166,1.038,0.07421
2026-08-31T06:46:39Z,RIZEUSDT,COOLING,NONE,0.0,0.0,0.0,60.19,0.0,117.44,661.6,True,False,0.0,78082.32,0.0166,0.982,0.004309
2026-08-31T06:46:41Z,WUSDT,COOLING,NONE,0.0,0.0,0.0,10.72,0.0,16307.84,3791.58,True,False,0.0,78082.32,0.0166,0.903,0.009325
2026-08-31T06:46:43Z,REDUSDT,COOLING,NONE,0.0,0.0,0.0,19.84,0.0,6451.56,5067.97,True,False,0.0,78082.32,0.0166,0.961,0.11094
2026-08-31T06:47:13Z,XRPUSDT,COOLING,NONE,0.0,0.0,0.0,2.93,1.46,56432.64,64979.07,True,False,0.0073,78092.26,0.0127,1.048,1.3657
2026-08-31T06:47:15Z,HBARUSDT,COOLING,NONE,0.0,0.0,0.0,1.35,0.0,35852.71,19676.47,True,False,0.0,78092.26,0.0127,0.894,0.07421
2026-08-31T06:47:18Z,RIZEUSDT,COOLING,NONE,0.0,0.0,0.0,60.19,0.0,117.53,662.45,True,False,0.0,78092.26,0.0127,1.936,0.00432
2026-08-31T06:47:21Z,WUSDT,COOLING,NONE,0.0,0.0,0.0,11.8,0.0,11593.13,3750.3,True,False,0.0,78092.26,0.0127,0.91,0.009325
2026-08-31T06:47:22Z,REDUSDT,COOLING,NONE,0.0,0.0,0.0,11.72,0.0,7329.31,5235.79,True,False,0.0,78092.26,0.0127,0.93,0.11099
2026-08-31T06:48:25Z,XRPUSDT,COOLING,NONE,0.0,0.0,0.0,2.2,0.0,214643.64,82502.63,True,False,0.0,78107.24,0.0192,1.934,1.3652
2026-08-31T06:48:27Z,HBARUSDT,COOLING,BUY,0.0,70.43,70.43,1.35,0.0,36689.69,32763.78,True,False,0.0,78107.24,0.0192,0.956,0.07427
2026-08-31T06:48:31Z,RIZEUSDT,COOLING,SELL,19.22,0.0,19.22,60.19,0.0,189.11,665.89,True,False,0.0,78107.24,0.0192,1.971,0.00432
2026-08-31T06:48:32Z,WUSDT,COOLING,BUY,0.0,0.11,0.11,12.83,3.22,9182.95,4825.42,True,False,-0.1228,78107.24,0.0192,1.025,0.009362
2026-08-31T06:48:34Z,REDUSDT,COOLING,NONE,0.0,0.0,0.0,11.7,0.0,6112.03,4724.45,True,False,0.0,78107.24,0.0192,0.887,0.11094
2026-08-31T06:49:06Z,XRPUSDT,COOLING,NONE,0.0,0.0,0.0,2.93,0.0,134020.78,71582.13,True,False,0.0,78087.25,-0.0256,1.054,1.3651
2026-08-31T06:49:08Z,HBARUSDT,COOLING,NONE,0.0,0.0,0.0,1.35,0.0,42038.75,29481.83,True,False,0.0,78087.25,-0.0256,1.067,0.07427
2026-08-31T06:49:10Z,RIZEUSDT,COOLING,SELL,0.26,0.0,0.26,60.19,0.0,117.42,665.89,True,False,0.0,78087.25,-0.0256,0.983,0.004315
2026-08-31T06:49:12Z,WUSDT,COOLING,NONE,0.0,0.0,0.0,13.91,0.0,9720.08,3722.8,True,False,0.0,78087.25,-0.0256,1.03,0.009352
2026-08-31T06:49:15Z,REDUSDT,COOLING,NONE,0.0,0.0,0.0,21.58,0.0,6112.03,5095.59,True,False,0.0,78087.25,-0.0256,1.003,0.11109
2026-08-31T06:49:44Z,XRPUSDT,COOLING,NONE,0.0,0.0,0.0,2.2,0.0,95352.24,68523.24,True,False,0.0,78083.94,-0.0042,0.965,1.3652
2026-08-31T06:49:47Z,HBARUSDT,COOLING,NONE,0.0,0.0,0.0,1.35,0.0,44782.94,29481.83,True,False,0.0,78083.94,-0.0042,1.028,0.07429
2026-08-31T06:49:48Z,RIZEUSDT,COOLING,NONE,0.0,0.0,0.0,60.19,0.0,117.67,665.89,True,False,0.0,78083.94,-0.0042,1.016,0.004323
2026-08-31T06:49:51Z,WUSDT,COOLING,NONE,0.0,0.0,0.0,14.97,0.0,15616.17,3660.88,True,False,0.0,78083.94,-0.0042,0.976,0.00935
2026-08-31T06:49:55Z,REDUSDT,COOLING,NONE,0.0,0.0,0.0,9.89,0.0,6553.52,5095.59,True,False,0.0,78083.94,-0.0042,1.892,0.11114
2026-08-31T06:50:58Z,XRPUSDT,COOLING,NONE,0.0,0.0,0.0,1.47,0.0,68050.98,58026.24,True,False,0.0,78033.41,-0.0647,0.928,1.3639
2026-08-31T06:51:01Z,HBARUSDT,COOLING,NONE,0.0,0.0,0.0,1.35,0.0,48440.53,25885.53,True,False,0.0,78033.41,-0.0647,1.919,0.07424
2026-08-31T06:51:02Z,RIZEUSDT,COOLING,SELL,0.05,0.0,0.05,39.31,-20.87,117.5,665.89,True,False,0.1042,78033.41,-0.0647,0.956,0.004323
2026-08-31T06:51:04Z,WUSDT,COOLING,NONE,0.0,0.0,0.0,13.9,0.0,10401.77,3327.81,True,False,0.0,78033.41,-0.0647,1.043,0.009355
2026-08-31T06:51:07Z,REDUSDT,COOLING,NONE,0.0,0.0,0.0,9.89,0.0,6125.25,5186.55,True,False,0.0,78033.41,-0.0647,0.971,0.11115
2026-08-31T06:51:40Z,XRPUSDT,COOLING,SELL,23.38,0.0,23.38,2.2,0.73,180118.82,74025.27,True,False,0.055,78014.93,-0.0237,3.149,1.3638
2026-08-31T06:51:42Z,HBARUSDT,COOLING,SELL,11.26,0.0,11.26,1.35,0.0,49844.45,15210.81,True,False,0.0,78014.93,-0.0237,1.132,0.07424
2026-08-31T06:51:44Z,RIZEUSDT,COOLING,SELL,0.07,0.0,0.07,60.19,0.0,117.53,665.89,True,False,0.0,78014.93,-0.0237,1.055,0.004323
2026-08-31T06:51:47Z,WUSDT,COOLING,NONE,0.0,0.0,0.0,14.97,0.0,10401.77,3347.45,True,False,0.0,78014.93,-0.0237,1.056,0.009352
2026-08-31T06:51:49Z,REDUSDT,COOLING,NONE,0.0,0.0,0.0,9.89,0.0,6125.25,5186.55,True,False,0.0,78014.93,-0.0237,0.976,0.11129
2026-08-31T06:52:19Z,XRPUSDT,COOLING,NONE,0.0,0.0,0.0,2.2,0.0,189334.18,74960.73,True,False,0.0,78057.91,0.0551,1.027,1.3638
2026-08-31T06:52:21Z,HBARUSDT,COOLING,NONE,0.0,0.0,0.0,1.35,0.0,48848.54,33793.65,True,False,0.0,78057.91,0.0551,0.936,0.07423
2026-08-31T06:52:23Z,RIZEUSDT,COOLING,SELL,0.14,0.0,0.14,60.19,0.0,117.61,665.89,True,False,0.0,78057.91,0.0551,1.007,0.00432
2026-08-31T06:52:24Z,WUSDT,COOLING,NONE,0.0,0.0,0.0,13.91,0.0,10127.47,3762.62,True,False,0.0,78057.91,0.0551,0.913,0.009346
2026-08-31T06:52:26Z,REDUSDT,COOLING,SELL,45.88,0.0,45.88,10.79,-9.9,6219.85,5186.55,True,True,0.0495,78057.91,0.0551,1.023,0.11122
2026-08-31T06:53:25Z,XRPUSDT,COOLING,NONE,0.0,0.0,0.0,2.2,0.73,201593.04,85569.48,True,False,0.0037,78115.0,0.0731,0.985,1.3649
2026-08-31T06:53:26Z,HBARUSDT,COOLING,NONE,0.0,0.0,0.0,1.35,0.0,48055.29,26091.11,True,False,0.0,78115.0,0.0731,0.968,0.07427
2026-08-31T06:53:29Z,RIZEUSDT,COOLING,NONE,0.0,0.0,0.0,60.19,0.0,117.44,665.89,True,False,0.0,78115.0,0.0731,1.027,0.004323
2026-08-31T06:53:32Z,WUSDT,COOLING,NONE,0.0,0.0,0.0,11.76,0.0,10135.13,2768.47,True,False,0.0,78115.0,0.0731,0.978,0.009354
2026-08-31T06:53:36Z,REDUSDT,COOLING,NONE,0.0,0.0,0.0,11.67,0.0,5386.82,4729.04,True,False,0.0,78115.0,0.0731,2.465,0.11124
2026-08-31T06:54:08Z,XRPUSDT,COOLING,SELL,26.51,0.0,26.51,2.2,-0.73,45431.48,70943.54,True,False,-0.0037,78107.9,-0.0091,0.905,1.365
2026-08-31T06:54:10Z,HBARUSDT,COOLING,NONE,0.0,0.0,0.0,1.35,0.0,48055.29,26091.11,True,False,0.0,78107.9,-0.0091,0.997,0.07429
2026-08-31T06:54:12Z,RIZEUSDT,COOLING,SELL,0.05,0.0,0.05,60.19,0.0,117.5,665.89,True,False,0.0,78107.9,-0.0091,0.971,0.004319
2026-08-31T06:54:14Z,WUSDT,COOLING,NONE,0.0,0.0,0.0,11.76,0.0,10135.13,2768.47,True,False,0.0,78107.9,-0.0091,0.962,0.009357
2026-08-31T06:54:16Z,REDUSDT,COOLING,NONE,0.0,0.0,0.0,11.67,0.0,6055.63,8144.26,True,False,0.0,78107.9,-0.0091,1.048,0.11133
2026-08-31T06:54:51Z,XRPUSDT,COOLING,SELL,7.47,0.0,7.47,1.47,-0.73,199097.83,84068.93,True,False,-0.011,78113.44,0.0071,1.133,1.3651
2026-08-31T06:54:54Z,HBARUSDT,COOLING,NONE,0.0,0.0,0.0,1.35,0.0,48055.29,26091.11,True,False,0.0,78113.44,0.0071,1.034,0.07428
2026-08-31T06:54:57Z,RIZEUSDT,COOLING,NONE,0.0,0.0,0.0,60.19,0.0,117.5,665.89,True,False,0.0,78113.44,0.0071,0.997,0.004319
2026-08-31T06:54:58Z,WUSDT,COOLING,NONE,0.0,0.0,0.0,10.7,0.0,10393.92,4094.63,True,False,0.0,78113.44,0.0071,0.988,0.009347
2026-08-31T06:55:00Z,REDUSDT,COOLING,NONE,0.0,0.0,0.0,11.67,0.0,6055.63,5347.45,True,False,0.0,78113.44,0.0071,1.068,0.11136
2026-08-31T06:56:07Z,XRPUSDT,COOLING,NONE,0.0,0.0,0.0,2.2,0.0,159406.15,94126.92,True,False,0.0,78096.3,-0.0219,0.924,1.3648
2026-08-31T06:56:09Z,HBARUSDT,COOLING,NONE,0.0,0.0,0.0,1.35,0.0,43220.15,18310.02,True,False,0.0,78096.3,-0.0219,1.038,0.07425
2026-08-31T06:56:11Z,RIZEUSDT,COOLING,NONE,0.0,0.0,0.0,60.19,0.0,117.47,667.58,True,False,0.0,78096.3,-0.0219,1.077,0.004321
2026-08-31T06:56:12Z,WUSDT,COOLING,NONE,0.0,0.0,0.0,11.78,0.0,9463.58,4079.85,True,False,0.0,78096.3,-0.0219,1.037,0.009339
2026-08-31T06:56:15Z,REDUSDT,COOLING,NONE,0.0,0.0,0.0,11.67,0.0,6055.63,5347.45,True,False,0.0,78096.3,-0.0219,1.969,0.11134
2026-08-31T06:56:46Z,XRPUSDT,COOLING,SELL,19.28,0.0,19.28,1.47,-0.73,89934.75,75126.74,True,False,-0.011,78055.0,-0.0529,1.357,1.3642
2026-08-31T06:56:48Z,HBARUSDT,COOLING,NONE,0.0,0.0,0.0,1.35,0.0,52633.33,14981.32,True,False,0.0,78055.0,-0.0529,1.117,0.07425
2026-08-31T06:56:50Z,RIZEUSDT,COOLING,NONE,0.0,0.0,0.0,60.19,0.0,117.8,667.58,True,False,0.0,78055.0,-0.0529,1.053,0.004321
2026-08-31T06:56:53Z,WUSDT,COOLING,NONE,0.0,0.0,0.0,10.7,0.0,8497.89,3346.73,True,False,0.0,78055.0,-0.0529,1.99,0.009341
2026-08-31T06:56:56Z,REDUSDT,COOLING,NONE,0.0,0.0,0.0,11.67,0.0,6055.63,5313.29,True,False,0.0,78055.0,-0.0529,1.156,0.11136
2026-08-31T06:57:31Z,XRPUSDT,COOLING,SELL,1.88,0.0,1.88,2.93,-0.73,93868.53,97222.21,True,False,0.0037,78055.0,0.0,2.12,1.3641
2026-08-31T06:57:34Z,HBARUSDT,COOLING,NONE,0.0,0.0,0.0,4.04,2.69,22641.67,16484.25,True,False,0.0673,78055.0,0.0,0.916,0.07425
2026-08-31T06:57:37Z,RIZEUSDT,COOLING,NONE,0.0,0.0,0.0,60.19,0.0,117.44,667.58,True,False,0.0,78055.0,0.0,2.027,0.004321
2026-08-31T06:57:39Z,WUSDT,COOLING,NONE,0.0,0.0,0.0,10.68,0.0,8299.05,3556.06,True,False,0.0,78055.0,0.0,1.041,0.009346
2026-08-31T06:57:42Z,REDUSDT,COOLING,NONE,0.0,0.0,0.0,14.36,0.0,6266.19,5685.95,True,False,0.0,78055.0,0.0,1.984,0.11136
2026-08-31T06:58:45Z,XRPUSDT,COOLING,NONE,0.0,0.0,0.0,2.2,0.0,64550.48,84743.57,True,False,-0.0073,78099.65,0.0572,1.048,1.3649
2026-08-31T06:58:48Z,HBARUSDT,COOLING,NONE,0.0,0.0,0.0,1.35,0.0,51612.17,17686.45,True,False,0.0,78099.65,0.0572,1.054,0.07432
2026-08-31T06:58:50Z,RIZEUSDT,COOLING,NONE,0.0,0.0,0.0,60.19,0.0,117.42,672.22,True,False,0.0,78099.65,0.0572,0.997,0.004326
2026-08-31T06:58:52Z,WUSDT,COOLING,NONE,0.0,0.0,0.0,10.66,0.0,16378.16,3442.43,True,False,0.0,78099.65,0.0572,0.948,0.00937
2026-08-31T06:58:53Z,REDUSDT,COOLING,NONE,0.0,0.0,0.0,14.36,0.0,6266.19,5685.95,True,False,0.0,78099.65,0.0572,1.11,0.11143
2026-08-31T06:59:26Z,XRPUSDT,COOLING,NONE,0.0,0.0,0.0,2.2,-0.0,70924.12,82601.8,True,False,0.0073,78074.99,-0.0316,1.047,1.364
2026-08-31T06:59:27Z,HBARUSDT,COOLING,NONE,0.0,0.0,0.0,1.35,0.0,40061.5,37194.86,True,False,0.0,78074.99,-0.0316,1.059,0.07432
2026-08-31T06:59:29Z,RIZEUSDT,COOLING,SELL,0.17,0.0,0.17,60.19,0.0,117.64,672.22,True,False,0.0,78074.99,-0.0316,0.975,0.004315
2026-08-31T06:59:31Z,WUSDT,COOLING,NONE,0.0,0.0,0.0,10.68,0.0,10186.88,3876.89,True,False,0.0,78074.99,-0.0316,0.949,0.009375
2026-08-31T06:59:32Z,REDUSDT,COOLING,NONE,0.0,0.0,0.0,11.67,0.0,6055.63,5824.98,True,False,0.0,78074.99,-0.0316,0.94,0.11142
2026-08-31T07:00:06Z,XRPUSDT,COOLING,NONE,0.0,0.0,0.0,2.2,1.47,66658.26,73688.14,True,False,0.0073,78061.37,-0.0174,1.482,1.364
2026-08-31T07:00:08Z,HBARUSDT,COOLING,BUY,0.0,6.49,6.49,1.35,-0.0,44155.4,27542.44,True,False,0.0135,78061.37,-0.0174,0.894,0.07431
2026-08-31T07:00:11Z,RIZEUSDT,COOLING,SELL,0.09,0.0,0.09,60.19,0.0,117.55,672.22,True,False,0.0,78061.37,-0.0174,1.089,0.004326
2026-08-31T07:00:14Z,WUSDT,COOLING,NONE,0.0,0.0,0.0,9.62,0.0,10428.08,4065.96,True,False,0.0,78061.37,-0.0174,1.053,0.009355
2026-08-31T07:00:16Z,REDUSDT,COOLING,NONE,0.0,0.0,0.0,9.89,0.0,6183.46,4470.22,True,False,0.0,78061.37,-0.0174,0.928,0.11134
2026-08-31T07:01:23Z,XRPUSDT,COOLING,NONE,0.0,0.0,0.0,0.73,-0.73,107103.87,43763.43,True,False,0.0037,78100.35,0.0499,1.649,1.3651
2026-08-31T07:01:26Z,HBARUSDT,COOLING,NONE,0.0,0.0,0.0,1.34,0.0,33953.32,24952.15,True,False,0.0,78100.35,0.0499,1.067,0.07429
2026-08-31T07:01:30Z,RIZEUSDT,COOLING,SELL,0.26,0.0,0.26,60.19,0.0,117.8,672.22,True,False,0.0,78100.35,0.0499,1.01,0.004324
2026-08-31T07:01:32Z,WUSDT,COOLING,NONE,0.0,0.0,0.0,13.9,0.0,9926.39,2733.71,True,False,0.0,78100.35,0.0499,1.005,0.009361
2026-08-31T07:01:34Z,REDUSDT,COOLING,NONE,0.0,0.0,0.0,11.67,0.0,6188.5,5649.9,True,False,0.0,78100.35,0.0499,1.018,0.11132
2026-08-31T07:02:03Z,XRPUSDT,COOLING,NONE,0.0,0.0,0.0,1.46,0.0,50571.17,81708.93,True,False,0.0,78138.9,0.0494,0.917,1.3663
2026-08-31T07:02:06Z,HBARUSDT,COOLING,NONE,0.0,0.0,0.0,1.34,0.0,44250.12,19587.53,True,False,0.0,78138.9,0.0494,0.909,0.07438
2026-08-31T07:02:08Z,RIZEUSDT,COOLING,NONE,0.0,0.0,0.0,60.19,0.0,117.78,673.48,True,False,0.0,78138.9,0.0494,0.999,0.004324
2026-08-31T07:02:10Z,WUSDT,COOLING,NONE,0.0,0.0,0.0,13.9,0.0,9926.39,2733.71,True,False,0.0,78138.9,0.0494,0.976,0.009355
2026-08-31T07:02:12Z,REDUSDT,COOLING,NONE,0.0,0.0,0.0,14.36,0.0,6365.89,5569.28,True,False,0.0,78138.9,0.0494,1.011,0.11135
2026-08-31T07:02:45Z,XRPUSDT,COOLING,NONE,0.0,0.0,0.0,0.73,-2.2,156489.95,54935.02,True,False,-0.011,78114.63,-0.0311,0.956,1.3661
2026-08-31T07:02:48Z,HBARUSDT,COOLING,BUY,0.0,3.96,3.96,2.69,1.34,43287.02,26946.59,True,False,-0.0336,78114.63,-0.0311,2.031,0.0744
2026-08-31T07:02:51Z,RIZEUSDT,COOLING,NONE,0.0,0.0,0.0,60.19,0.0,117.44,668.52,True,False,0.0,78114.63,-0.0311,1.92,0.004324
2026-08-31T07:02:54Z,WUSDT,COOLING,NONE,0.0,0.0,0.0,13.91,0.0,8497.02,4645.84,True,False,0.0,78114.63,-0.0311,0.951,0.009357
2026-08-31T07:02:57Z,REDUSDT,COOLING,NONE,0.0,0.0,0.0,21.66,0.0,5111.88,5080.33,True,False,0.0,78114.63,-0.0311,1.045,0.11088
2026-08-31T07:04:06Z,XRPUSDT,COOLING,NONE,0.0,0.0,0.0,1.47,-0.73,89875.58,70831.82,True,False,-0.0037,78058.91,-0.0713,2.518,1.3645
2026-08-31T07:04:09Z,HBARUSDT,COOLING,NONE,0.0,0.0,0.0,1.35,0.0,47842.58,39674.21,True,False,0.0,78058.91,-0.0713,1.938,0.07433
2026-08-31T07:04:12Z,RIZEUSDT,COOLING,SELL,0.06,0.0,0.06,60.19,0.0,117.5,660.97,True,False,0.0,78058.91,-0.0713,1.289,0.004327
2026-08-31T07:04:15Z,WUSDT,COOLING,NONE,0.0,0.0,0.0,13.9,-1.07,10633.05,3834.26,True,False,0.0053,78058.91,-0.0713,0.929,0.009347
2026-08-31T07:04:17Z,REDUSDT,COOLING,NONE,0.0,0.0,0.0,11.72,0.0,6694.64,5525.15,True,False,0.0,78058.91,-0.0713,0.901,0.11079
2026-08-31T07:04:49Z,XRPUSDT,COOLING,NONE,0.0,0.0,0.0,2.2,0.0,154787.27,39062.28,True,False,0.0,78034.46,-0.0313,1.118,1.3636
2026-08-31T07:04:51Z,HBARUSDT,COOLING,NONE,0.0,0.0,0.0,1.35,0.0,36947.02,12966.94,True,False,0.0,78034.46,-0.0313,1.142,0.07429
2026-08-31T07:04:53Z,RIZEUSDT,COOLING,SELL,0.07,0.0,0.07,60.19,0.0,117.53,660.97,True,False,0.0,78034.46,-0.0313,0.959,0.004327
2026-08-31T07:04:55Z,WUSDT,COOLING,NONE,0.0,0.0,0.0,13.9,-0.0,10633.05,3834.26,True,False,0.0107,78034.46,-0.0313,1.093,0.009356
2026-08-31T07:04:57Z,REDUSDT,COOLING,NONE,0.0,0.0,0.0,11.72,0.0,6685.78,5525.15,True,False,0.0,78034.46,-0.0313,0.935,0.11091
2026-08-31T07:05:30Z,XRPUSDT,COOLING,SELL,0.07,0.0,0.07,2.93,0.0,75269.28,50394.09,True,False,0.0,78068.13,0.0431,0.896,1.3657
2026-08-31T07:05:32Z,HBARUSDT,COOLING,NONE,0.0,0.0,0.0,1.35,0.0,50009.23,35708.35,True,False,0.0,78068.13,0.0431,1.044,0.07428
2026-08-31T07:05:34Z,RIZEUSDT,COOLING,NONE,0.0,0.0,0.0,60.19,0.0,117.44,667.74,True,False,0.0,78068.13,0.0431,0.968,0.004328
2026-08-31T07:05:37Z,WUSDT,COOLING,NONE,0.0,0.0,0.0,12.8,0.0,18143.75,5997.9,True,False,0.0,78068.13,0.0431,1.008,0.009368
2026-08-31T07:05:39Z,REDUSDT,COOLING,SELL,0.12,0.0,0.12,21.58,11.7,5425.4,5361.08,True,False,-0.0584,78068.13,0.0431,0.946,0.11111
2026-08-31T07:06:44Z,XRPUSDT,COOLING,NONE,0.0,0.0,0.0,2.93,0.73,84764.62,73686.85,True,False,0.0037,78064.04,-0.0052,1.09,1.3645
2026-08-31T07:06:46Z,HBARUSDT,COOLING,NONE,0.0,0.0,0.0,1.35,0.0,44088.63,12702.58,True,False,0.0,78064.04,-0.0052,0.955,0.0743
2026-08-31T07:06:50Z,RIZEUSDT,COOLING,SELL,0.34,0.0,0.34,60.19,0.0,117.89,664.66,True,False,0.0,78064.04,-0.0052,1.098,0.004328
2026-08-31T07:06:52Z,WUSDT,COOLING,NONE,0.0,0.0,0.0,11.73,0.0,17735.61,5997.9,True,False,0.0,78064.04,-0.0052,0.966,0.009369
2026-08-31T07:06:54Z,REDUSDT,COOLING,NONE,0.0,0.0,0.0,9.89,0.0,5425.4,5361.08,True,False,0.0,78064.04,-0.0052,1.004,0.11117
2026-08-31T07:07:24Z,XRPUSDT,COOLING,NONE,0.0,0.0,0.0,1.47,-0.73,79777.66,54906.6,True,False,0.0037,78039.49,-0.0314,1.079,1.364
2026-08-31T07:07:26Z,HBARUSDT,COOLING,NONE,0.0,0.0,0.0,1.35,0.0,36885.61,32983.89,True,False,0.0,78039.49,-0.0314,0.964,0.07427
2026-08-31T07:07:28Z,RIZEUSDT,COOLING,SELL,0.31,0.0,0.31,60.19,0.0,117.83,664.66,True,False,0.0,78039.49,-0.0314,1.05,0.004324
2026-08-31T07:07:31Z,WUSDT,COOLING,NONE,0.0,0.0,0.0,11.73,0.0,17735.61,5997.9,True,False,0.0,78039.49,-0.0314,0.983,0.009375
2026-08-31T07:07:33Z,REDUSDT,COOLING,NONE,0.0,0.0,0.0,9.89,0.0,5398.41,1165.97,True,False,0.0,78039.49,-0.0314,1.065,0.11125
2026-08-31T07:08:05Z,XRPUSDT,COOLING,NONE,0.0,0.0,0.0,2.93,0.73,125111.64,69452.98,True,False,0.0037,78035.83,-0.0047,0.951,1.3653
2026-08-31T07:08:07Z,HBARUSDT,COOLING,SELL,17.89,0.0,17.89,2.69,1.35,46072.61,17429.49,True,False,-0.0067,78035.83,-0.0047,1.052,0.07427
2026-08-31T07:08:10Z,RIZEUSDT,COOLING,SELL,0.09,0.0,0.09,60.19,0.0,117.55,664.66,True,False,0.0,78035.83,-0.0047,1.065,0.004323
2026-08-31T07:08:12Z,WUSDT,COOLING,NONE,0.0,0.0,0.0,10.68,0.0,9982.63,3978.49,True,False,0.0,78035.83,-0.0047,1.131,0.009371
2026-08-31T07:08:14Z,REDUSDT,COOLING,NONE,0.0,0.0,0.0,11.67,0.0,3844.97,2927.73,True,False,0.0,78035.83,-0.0047,1.57,0.11123
2026-08-31T07:09:23Z,XRPUSDT,COOLING,NONE,0.0,0.0,0.0,2.2,0.0,49840.91,81367.81,True,False,0.0,78083.88,0.0616,1.351,1.3652
2026-08-31T07:09:26Z,HBARUSDT,COOLING,NONE,0.0,0.0,0.0,1.35,0.0,25320.5,32977.43,True,False,0.0,78083.88,0.0616,0.991,0.0743
2026-08-31T07:09:29Z,RIZEUSDT,COOLING,SELL,0.07,0.0,0.07,60.19,0.0,117.53,662.13,True,False,0.0,78083.88,0.0616,0.969,0.004323
2026-08-31T07:09:30Z,WUSDT,COOLING,NONE,0.0,0.0,0.0,8.54,0.0,8883.81,3978.07,True,False,0.0,78083.88,0.0616,1.06,0.009367
2026-08-31T07:09:33Z,REDUSDT,COOLING,NONE,0.0,0.0,0.0,11.7,0.0,5773.33,1690.8,True,False,0.0,78083.88,0.0616,1.953,0.11126
2026-08-31T07:10:04Z,XRPUSDT,COOLING,NONE,0.0,0.0,0.0,2.2,0.0,395312.19,80525.05,True,False,0.0,78082.02,-0.0024,1.062,1.3651
2026-08-31T07:10:06Z,HBARUSDT,COOLING,NONE,0.0,0.0,0.0,2.69,0.0,40842.01,40677.27,True,False,0.0,78082.02,-0.0024,1.045,0.07429
2026-08-31T07:10:08Z,RIZEUSDT,COOLING,NONE,0.0,0.0,0.0,60.19,0.0,117.44,662.13,True,False,0.0,78082.02,-0.0024,0.961,0.004323
2026-08-31T07:10:11Z,WUSDT,COOLING,NONE,0.0,0.0,0.0,10.67,0.0,12435.46,4325.55,True,False,0.0,78082.02,-0.0024,1.918,0.009365
2026-08-31T07:10:12Z,REDUSDT,COOLING,BUY,0.0,34.6,34.6,21.58,0.0,5773.33,2501.31,True,False,0.0,78082.02,-0.0024,0.936,0.11124
2026-08-31T07:10:43Z,XRPUSDT,COOLING,NONE,0.0,0.0,0.0,0.73,0.0,75115.19,126986.71,True,False,0.0,78103.88,0.028,2.059,1.3657
2026-08-31T07:10:47Z,HBARUSDT,COOLING,NONE,0.0,0.0,0.0,1.34,0.0,26062.66,29902.41,True,False,0.0,78103.88,0.028,2.006,0.07435
2026-08-31T07:10:48Z,RIZEUSDT,COOLING,NONE,0.0,0.0,0.0,20.87,-39.31,117.47,662.13,True,False,-0.1968,78103.88,0.028,0.971,0.004323
2026-08-31T07:10:50Z,WUSDT,COOLING,NONE,0.0,0.0,0.0,10.67,0.0,12435.46,5997.9,True,False,0.0,78103.88,0.028,0.993,0.009373
2026-08-31T07:10:52Z,REDUSDT,COOLING,NONE,0.0,0.0,0.0,11.7,0.0,5773.33,2544.81,True,False,0.0,78103.88,0.028,0.935,0.11117
2026-08-31T07:12:01Z,XRPUSDT,COOLING,NONE,0.0,0.0,0.0,2.19,0.0,92521.33,52117.66,True,False,0.0,78135.0,0.0398,1.398,1.3664
2026-08-31T07:12:05Z,HBARUSDT,COOLING,SELL,14.36,0.0,14.36,1.34,0.0,44014.15,34782.58,True,False,-0.0269,78135.0,0.0398,1.608,0.07438
2026-08-31T07:12:07Z,RIZEUSDT,COOLING,SELL,0.34,0.0,0.34,60.19,0.0,117.83,664.82,True,False,0.0,78135.0,0.0398,0.975,0.004316
2026-08-31T07:12:09Z,WUSDT,COOLING,NONE,0.0,0.0,0.0,10.66,0.0,12435.46,6320.19,True,False,0.0,78135.0,0.0398,0.974,0.00938
2026-08-31T07:12:11Z,REDUSDT,COOLING,NONE,0.0,0.0,0.0,19.76,0.0,5773.33,5727.41,True,False,0.0,78135.0,0.0398,1.013,0.1112
2026-08-31T07:12:44Z,XRPUSDT,COOLING,SELL,14.31,8.21,14.31,2.19,0.0,52745.83,64972.19,True,False,0.0,78153.28,0.0234,1.084,1.3671
2026-08-31T07:12:46Z,HBARUSDT,COOLING,NONE,0.0,0.0,0.0,1.34,0.0,40928.48,22722.54,True,False,0.0,78153.28,0.0234,1.218,0.07437
2026-08-31T07:12:48Z,RIZEUSDT,COOLING,NONE,0.0,0.0,0.0,60.19,0.0,117.53,664.82,True,False,0.0,78153.28,0.0234,0.993,0.004316
2026-08-31T07:12:52Z,WUSDT,COOLING,NONE,0.0,0.0,0.0,7.47,0.0,9778.6,4145.32,True,False,0.0,78153.28,0.0234,2.11,0.009367
2026-08-31T07:12:54Z,REDUSDT,COOLING,NONE,0.0,0.0,0.0,11.67,0.0,7522.05,5727.41,True,False,0.0,78153.28,0.0234,0.97,0.11132
2026-08-31T07:13:27Z,XRPUSDT,COOLING,NONE,0.0,0.0,0.0,2.2,0.0,27455.72,55206.32,True,False,0.0,78129.96,-0.0298,1.22,1.3663
2026-08-31T07:13:30Z,HBARUSDT,COOLING,NONE,0.0,0.0,0.0,1.34,0.0,35439.74,37763.87,True,False,0.0,78129.96,-0.0298,2.071,0.07442
2026-08-31T07:13:32Z,RIZEUSDT,COOLING,SELL,35.87,0.0,35.87,60.19,0.0,188.97,669.05,True,False,0.0,78129.96,-0.0298,1.054,0.004318
2026-08-31T07:13:34Z,WUSDT,COOLING,NONE,0.0,0.0,0.0,10.69,0.0,11242.05,4161.36,True,False,0.0,78129.96,-0.0298,1.042,0.009366
2026-08-31T07:13:36Z,REDUSDT,COOLING,NONE,0.0,0.0,0.0,13.51,0.0,6753.8,1916.73,True,False,0.0,78129.96,-0.0298,1.097,0.11115
2026-08-31T07:14:42Z,XRPUSDT,COOLING,BUY,0.0,28.94,28.94,2.93,0.73,72752.58,80271.52,True,False,-0.0037,78117.98,-0.0153,1.044,1.3664
2026-08-31T07:14:44Z,HBARUSDT,COOLING,NONE,0.0,0.0,0.0,1.34,0.0,37329.93,37719.38,True,False,0.0,78117.98,-0.0153,1.09,0.07438
2026-08-31T07:14:47Z,RIZEUSDT,COOLING,SELL,37.44,0.0,37.44,60.19,0.0,188.97,671.05,True,True,0.0,78117.98,-0.0153,1.01,0.004319
2026-08-31T07:14:49Z,WUSDT,COOLING,NONE,0.0,0.0,0.0,10.68,0.0,9779.48,3555.17,True,False,0.0,78117.98,-0.0153,1.0,0.009365
2026-08-31T07:14:51Z,REDUSDT,COOLING,SELL,0.1,0.0,0.1,13.51,0.0,6664.31,5873.34,True,False,0.0,78117.98,-0.0153,0.951,0.11109
2026-08-31T07:15:25Z,XRPUSDT,COOLING,NONE,0.0,0.0,0.0,0.73,0.0,82697.46,153471.77,True,False,0.0,78128.15,0.013,0.936,1.3667
2026-08-31T07:15:27Z,HBARUSDT,COOLING,NONE,0.0,0.0,0.0,1.34,0.0,28195.02,37295.05,True,False,0.0,78128.15,0.013,1.045,0.07439
2026-08-31T07:15:29Z,RIZEUSDT,COOLING,SELL,36.22,0.0,36.22,60.19,0.0,188.3,671.05,True,True,0.0,78128.15,0.013,1.039,0.004319
2026-08-31T07:15:30Z,WUSDT,COOLING,NONE,0.0,0.0,0.0,18.1,0.0,16155.4,3985.38,True,False,0.0,78128.15,0.013,1.056,0.00938
2026-08-31T07:15:33Z,REDUSDT,COOLING,NONE,0.0,0.0,0.0,13.51,0.0,6664.31,5873.34,True,False,0.0,78128.15,0.013,1.088,0.11109
2026-08-31T07:16:08Z,XRPUSDT,COOLING,NONE,0.0,0.0,0.0,2.19,-0.0,75646.37,42532.62,True,False,0.0073,78165.38,0.0477,0.989,1.3677
2026-08-31T07:16:10Z,HBARUSDT,COOLING,NONE,0.0,0.0,0.0,1.34,0.0,43701.19,36027.76,True,False,0.0,78165.38,0.0477,1.04,0.07441
2026-08-31T07:16:13Z,RIZEUSDT,COOLING,SELL,17.21,0.0,17.21,60.19,0.0,181.1,668.66,True,True,0.0,78165.38,0.0477,2.049,0.004319
2026-08-31T07:16:16Z,WUSDT,COOLING,NONE,0.0,0.0,0.0,14.92,0.0,10932.41,9913.9,True,False,0.0,78165.38,0.0477,1.039,0.009392
2026-08-31T07:16:18Z,REDUSDT,COOLING,NONE,0.0,0.0,0.0,3.6,0.0,6310.46,6030.43,True,False,0.0,78165.38,0.0477,1.041,0.11101
2026-08-31T07:17:25Z,XRPUSDT,COOLING,NONE,0.0,0.0,0.0,0.73,-0.73,68841.07,65834.99,True,False,-0.0037,78230.0,0.0827,1.119,1.3684
2026-08-31T07:17:27Z,HBARUSDT,COOLING,NONE,0.0,0.0,0.0,2.69,0.0,22717.32,26438.57,True,False,0.0,78230.0,0.0827,1.099,0.07442
2026-08-31T07:17:29Z,RIZEUSDT,COOLING,NONE,0.0,0.0,0.0,60.19,0.0,117.44,668.66,True,False,0.0,78230.0,0.0827,1.017,0.004325
2026-08-31T07:17:31Z,WUSDT,COOLING,NONE,0.0,0.0,0.0,9.59,0.0,10197.4,9913.9,True,False,0.0,78230.0,0.0827,1.05,0.009386
2026-08-31T07:17:33Z,REDUSDT,COOLING,NONE,0.0,0.0,0.0,19.89,0.0,4617.65,3121.4,True,False,0.0,78230.0,0.0827,1.077,0.11098
2026-08-31T07:18:03Z,XRPUSDT,COOLING,BUY,0.0,17.53,17.53,2.92,0.73,88307.93,74879.33,True,False,0.0256,78227.69,-0.003,0.942,1.3679
2026-08-31T07:18:06Z,HBARUSDT,COOLING,NONE,0.0,0.0,0.0,1.34,0.0,33869.89,18678.69,True,False,0.0,78227.69,-0.003,1.955,0.07442
2026-08-31T07:18:08Z,RIZEUSDT,COOLING,NONE,0.0,0.0,0.0,60.19,0.0,116.3,668.66,True,False,0.0,78227.69,-0.003,1.016,0.004325
2026-08-31T07:18:09Z,WUSDT,COOLING,NONE,0.0,0.0,0.0,13.85,0.0,10197.4,9913.9,True,False,0.0,78227.69,-0.003,0.983,0.009383
2026-08-31T07:18:11Z,REDUSDT,COOLING,NONE,0.0,0.0,0.0,16.27,0.0,4619.33,6863.24,True,False,0.0,78227.69,-0.003,1.035,0.11065
2026-08-31T07:18:41Z,XRPUSDT,COOLING,SELL,42.93,4.65,42.93,2.19,-0.73,103711.02,86943.94,True,False,0.0037,78212.04,-0.02,0.945,1.3674
2026-08-31T07:18:44Z,HBARUSDT,COOLING,BUY,7.44,53.24,53.24,1.34,0.0,44817.25,36653.28,True,False,0.0,78212.04,-0.02,0.978,0.07444
2026-08-31T07:18:46Z,RIZEUSDT,COOLING,NONE,0.0,0.0,0.0,60.19,0.0,117.42,668.66,True,False,0.0,78212.04,-0.02,1.049,0.004325
2026-08-31T07:18:48Z,WUSDT,COOLING,NONE,0.0,0.0,0.0,12.78,0.0,10197.4,8192.39,True,False,0.0,78212.04,-0.02,1.016,0.009386
2026-08-31T07:18:50Z,REDUSDT,COOLING,NONE,0.0,0.0,0.0,14.46,-0.9,6652.75,6570.52,True,False,0.0045,78212.04,-0.02,1.011,0.11057
2026-08-31T07:19:52Z,XRPUSDT,COOLING,BUY,0.0,0.06,0.06,2.19,0.0,98389.95,79843.77,True,False,0.0,78190.0,-0.0282,1.12,1.3671
2026-08-31T07:19:54Z,HBARUSDT,COOLING,NONE,0.0,0.0,0.0,1.34,0.0,39155.62,26670.82,True,False,0.0,78190.0,-0.0282,1.084,0.0744
2026-08-31T07:19:56Z,RIZEUSDT,COOLING,SELL,0.23,0.0,0.23,34.68,0.0,117.78,660.7,True,False,0.0,78190.0,-0.0282,1.047,0.004318
2026-08-31T07:19:59Z,WUSDT,COOLING,NONE,0.0,0.0,0.0,14.92,0.0,10197.4,8192.39,True,False,0.0,78190.0,-0.0282,1.085,0.009389
2026-08-31T07:20:00Z,REDUSDT,COOLING,NONE,0.0,0.0,0.0,13.56,0.0,3677.02,3135.94,True,False,0.0,78190.0,-0.0282,0.935,0.11064
2026-08-31T07:20:34Z,XRPUSDT,COOLING,SELL,21.55,0.0,21.55,1.46,-0.73,48880.64,28146.5,True,False,0.011,78168.47,-0.0275,0.908,1.3664
2026-08-31T07:20:36Z,HBARUSDT,COOLING,SELL,36.28,11.15,36.28,1.34,0.0,44165.15,38867.53,True,False,0.0,78168.47,-0.0275,1.042,0.07441
2026-08-31T07:20:38Z,RIZEUSDT,COOLING,NONE,0.0,0.0,0.0,60.19,0.0,117.08,665.09,True,False,0.0,78168.47,-0.0275,1.011,0.004318
2026-08-31T07:20:39Z,WUSDT,COOLING,BUY,0.0,74.44,74.44,8.51,0.0,16164.97,11814.9,True,False,0.0,78168.47,-0.0275,0.906,0.009394
2026-08-31T07:20:41Z,REDUSDT,COOLING,NONE,0.0,0.0,0.0,11.74,0.0,6292.52,6623.9,True,False,0.0,78168.47,-0.0275,0.975,0.11065
2026-08-31T07:21:12Z,XRPUSDT,COOLING,SELL,14.1,0.52,14.1,2.19,-0.73,112717.87,87904.53,True,False,0.0037,78203.79,0.0452,0.985,1.3675
2026-08-31T07:21:13Z,HBARUSDT,COOLING,BUY,0.0,46.11,46.11,1.34,0.0,46396.79,35227.86,True,True,0.0,78203.79,0.0452,0.932,0.07443
2026-08-31T07:21:15Z,RIZEUSDT,COOLING,NONE,0.0,0.0,0.0,60.19,0.0,117.44,664.61,True,False,0.0,78203.79,0.0452,0.991,0.004326
2026-08-31T07:21:17Z,WUSDT,COOLING,NONE,0.0,0.0,0.0,9.59,0.0,9778.1,8610.03,True,False,0.0,78203.79,0.0452,0.908,0.009394
2026-08-31T07:21:19Z,REDUSDT,COOLING,NONE,0.0,0.0,0.0,19.88,0.0,7398.64,6623.9,True,False,0.0,78203.79,0.0452,1.009,0.1107
2026-08-31T07:22:18Z,XRPUSDT,COOLING,SELL,18.84,0.0,18.84,1.46,-0.73,62792.16,74773.37,True,False,0.0037,78171.97,-0.0407,0.911,1.3665
2026-08-31T07:22:21Z,HBARUSDT,COOLING,NONE,0.0,0.0,0.0,1.34,0.0,52158.22,14707.98,True,False,0.0,78171.97,-0.0407,1.925,0.07438
2026-08-31T07:22:23Z,RIZEUSDT,COOLING,NONE,0.0,0.0,0.0,60.19,0.0,117.42,664.61,True,False,0.0,78171.97,-0.0407,0.948,0.004326
2026-08-31T07:22:24Z,WUSDT,COOLING,NONE,0.0,0.0,0.0,11.73,0.0,9707.86,5675.61,True,False,0.0,78171.97,-0.0407,0.983,0.009375
2026-08-31T07:22:26Z,REDUSDT,COOLING,NONE,0.0,0.0,0.0,13.56,0.0,6560.84,6541.45,True,False,0.0,78171.97,-0.0407,0.913,0.11072
2026-08-31T07:22:57Z,XRPUSDT,COOLING,NONE,0.0,0.0,0.0,1.46,0.0,62136.36,81437.89,True,False,0.0,78190.81,0.0241,0.951,1.367
2026-08-31T07:22:58Z,HBARUSDT,COOLING,NONE,0.0,0.0,0.0,1.34,0.0,52158.22,14707.98,True,False,0.0,78190.81,0.0241,1.017,0.07438
2026-08-31T07:23:02Z,RIZEUSDT,COOLING,NONE,0.0,0.0,0.0,57.88,-2.31,117.42,664.61,True,False,-0.0116,78190.81,0.0241,1.125,0.004326
2026-08-31T07:23:03Z,WUSDT,COOLING,NONE,0.0,0.0,0.0,12.8,0.0,9707.86,5675.61,True,False,0.0,78190.81,0.0241,1.003,0.009376
2026-08-31T07:23:05Z,REDUSDT,COOLING,NONE,0.0,0.0,0.0,9.92,0.0,7004.58,5804.1,True,False,0.0,78190.81,0.0241,0.961,0.11069
2026-08-31T07:23:40Z,XRPUSDT,COOLING,NONE,0.0,0.0,0.0,2.2,0.0,75574.94,59570.68,True,False,0.0,78182.4,-0.0108,0.982,1.3667
2026-08-31T07:23:41Z,HBARUSDT,COOLING,NONE,0.0,0.0,0.0,1.34,0.0,52158.22,14707.98,True,False,0.0,78182.4,-0.0108,1.003,0.07439
2026-08-31T07:23:43Z,RIZEUSDT,COOLING,SELL,0.02,0.0,0.02,62.7,0.0,117.14,662.16,True,False,0.0,78182.4,-0.0108,0.985,0.004293
2026-08-31T07:23:45Z,WUSDT,COOLING,NONE,0.0,0.0,0.0,12.8,0.0,9707.86,5675.61,True,False,0.0,78182.4,-0.0108,1.028,0.009374
2026-08-31T07:23:48Z,REDUSDT,COOLING,NONE,0.0,0.0,0.0,11.74,0.0,6529.66,5940.77,True,False,0.0,78182.4,-0.0108,0.973,0.11075
2026-08-31T07:24:47Z,XRPUSDT,COOLING,BUY,1.06,13.47,13.47,2.19,-0.73,47835.43,64143.22,True,False,-0.011,78240.0,0.0737,0.981,1.3681
2026-08-31T07:24:49Z,HBARUSDT,COOLING,NONE,0.0,0.0,0.0,1.34,0.0,49032.73,28373.77,True,False,0.0,78240.0,0.0737,1.05,0.07442
2026-08-31T07:24:52Z,RIZEUSDT,COOLING,NONE,0.0,0.0,0.0,62.7,0.0,117.08,662.16,True,False,0.0,78240.0,0.0737,1.984,0.004316
2026-08-31T07:24:54Z,WUSDT,COOLING,NONE,0.0,0.0,0.0,8.51,0.0,14888.88,11814.9,True,False,0.0,78240.0,0.0737,0.924,0.00938
2026-08-31T07:24:56Z,REDUSDT,COOLING,NONE,0.0,0.0,0.0,9.92,0.0,7004.58,1535.8,True,False,0.0,78240.0,0.0737,0.991,0.11088
2026-08-31T07:25:28Z,XRPUSDT,COOLING,BUY,0.0,15.98,15.98,2.19,0.0,166679.04,173752.26,True,False,-0.0073,78295.0,0.0703,0.947,1.3702
2026-08-31T07:25:30Z,HBARUSDT,COOLING,SELL,12.38,0.0,12.38,1.34,-0.0,47437.85,10940.75,True,False,0.0134,78295.0,0.0703,0.904,0.07442
2026-08-31T07:25:32Z,RIZEUSDT,COOLING,NONE,0.0,0.0,0.0,62.7,0.0,117.11,662.16,True,False,0.0,78295.0,0.0703,0.931,0.004316
2026-08-31T07:25:34Z,WUSDT,COOLING,NONE,0.0,0.0,0.0,8.51,0.0,14888.88,11814.9,True,False,0.0,78295.0,0.0703,0.971,0.009395
2026-08-31T07:25:36Z,REDUSDT,COOLING,NONE,0.0,0.0,0.0,9.92,0.0,7004.58,1675.26,True,False,0.0,78295.0,0.0703,1.264,0.11089
2026-08-31T07:26:06Z,XRPUSDT,COOLING,BUY,0.0,10.56,10.56,1.46,-0.0,46067.95,96037.59,True,False,0.0073,78256.61,-0.049,1.025,1.3703
2026-08-31T07:26:09Z,HBARUSDT,COOLING,SELL,46.06,0.0,46.06,2.69,1.34,40112.97,23759.09,True,False,0.0067,78256.61,-0.049,0.972,0.07446
2026-08-31T07:26:10Z,RIZEUSDT,COOLING,NONE,0.0,0.0,0.0,62.7,0.0,117.42,662.16,True,False,0.0,78256.61,-0.049,0.943,0.004304
2026-08-31T07:26:13Z,WUSDT,COOLING,NONE,0.0,0.0,0.0,9.59,0.0,15543.72,8610.47,True,False,0.0,78256.61,-0.049,0.914,0.00939
2026-08-31T07:26:15Z,REDUSDT,COOLING,NONE,0.0,0.0,0.0,13.56,0.0,7597.96,2472.42,True,False,0.0,78256.61,-0.049,0.957,0.11089
2026-08-31T07:27:21Z,XRPUSDT,COOLING,SELL,14.26,1.69,14.26,2.19,-0.0,94812.08,50121.77,True,False,0.0146,78241.4,-0.0194,1.502,1.3724
2026-08-31T07:27:23Z,HBARUSDT,COOLING,NONE,0.0,0.0,0.0,1.34,0.0,41980.51,23929.43,True,False,0.0,78241.4,-0.0194,0.98,0.07446
2026-08-31T07:27:25Z,RIZEUSDT,COOLING,NONE,0.0,0.0,0.0,62.7,0.0,117.44,660.2,True,False,0.0,78241.4,-0.0194,1.102,0.00431
2026-08-31T07:27:28Z,WUSDT,COOLING,NONE,0.0,0.0,0.0,9.57,-1.06,13768.18,14301.67,True,False,0.0053,78241.4,-0.0194,1.98,0.009414
2026-08-31T07:27:30Z,REDUSDT,COOLING,SELL,25.65,0.0,25.65,13.56,1.8,8107.75,2736.23,True,True,0.0905,78241.4,-0.0194,0.986,0.11069
2026-08-31T07:28:02Z,XRPUSDT,COOLING,BUY,0.0,10.88,10.88,0.73,0.0,47113.6,57691.48,True,False,0.0,78240.04,-0.0017,0.931,1.3723
2026-08-31T07:28:06Z,HBARUSDT,COOLING,BUY,0.0,33.03,33.03,1.34,0.0,20677.98,27615.18,True,False,-0.0269,78240.04,-0.0017,0.96,0.07446
2026-08-31T07:28:09Z,RIZEUSDT,COOLING,NONE,0.0,0.0,0.0,62.7,0.0,117.11,660.2,True,False,0.0,78240.04,-0.0017,0.946,0.00431
2026-08-31T07:28:10Z,WUSDT,COOLING,NONE,0.0,0.0,0.0,6.38,0.0,13768.18,14128.67,True,False,0.0,78240.04,-0.0017,0.926,0.009414
2026-08-31T07:28:12Z,REDUSDT,COOLING,BUY,0.0,34.07,34.07,20.76,0.0,6523.29,2459.39,True,False,0.0,78240.04,-0.0017,0.991,0.11065
2026-08-31T07:28:47Z,XRPUSDT,COOLING,BUY,6.75,7.08,7.08,1.46,0.73,100645.11,62468.24,True,False,-0.0036,78223.13,-0.0216,1.901,1.371
2026-08-31T07:28:48Z,HBARUSDT,COOLING,NONE,0.0,0.0,0.0,1.34,0.0,51119.91,32684.53,True,False,0.0,78223.13,-0.0216,0.957,0.07446
2026-08-31T07:28:50Z,RIZEUSDT,COOLING,SELL,14.78,0.0,14.78,62.7,0.0,188.35,660.2,True,False,0.0,78223.13,-0.0216,1.503,0.00431
2026-08-31T07:28:52Z,WUSDT,COOLING,NONE,0.0,0.0,0.0,10.63,4.25,13768.18,14128.67,True,False,-0.0213,78223.13,-0.0216,0.931,0.009409
2026-08-31T07:28:54Z,REDUSDT,COOLING,BUY,0.0,45.98,45.98,26.17,0.0,6503.41,2921.7,True,False,0.0,78223.13,-0.0216,1.024,0.11058
2026-08-31T07:29:58Z,XRPUSDT,COOLING,NONE,0.0,0.0,0.0,0.73,0.0,67363.17,58817.68,True,False,0.0,78213.75,-0.012,0.989,1.3703
2026-08-31T07:30:00Z,HBARUSDT,COOLING,NONE,0.0,0.0,0.0,1.34,0.0,42925.22,35568.49,True,False,0.0,78213.75,-0.012,0.997,0.07438
2026-08-31T07:30:02Z,RIZEUSDT,COOLING,BUY,0.0,0.09,0.09,62.7,32.56,117.28,660.2,True,False,-0.1623,78213.75,-0.012,0.99,0.004309
2026-08-31T07:30:04Z,WUSDT,COOLING,SELL,14.06,0.0,14.06,8.5,0.0,13768.18,14128.67,True,False,0.0,78213.75,-0.012,0.958,0.009405
2026-08-31T07:30:06Z,REDUSDT,COOLING,NONE,0.0,0.0,0.0,12.64,0.0,6070.94,5996.03,True,False,0.0,78213.75,-0.012,0.992,0.11078
2026-08-31T07:30:35Z,XRPUSDT,COOLING,SELL,38.88,0.0,38.88,2.19,0.0,91568.95,57022.41,True,False,-0.0292,78205.33,-0.0108,0.99,1.3698
2026-08-31T07:30:37Z,HBARUSDT,COOLING,NONE,0.0,0.0,0.0,1.34,0.0,47629.3,17494.17,True,False,0.0,78205.33,-0.0108,0.965,0.07436
2026-08-31T07:30:40Z,RIZEUSDT,COOLING,NONE,0.0,0.0,0.0,62.7,0.0,117.17,667.59,True,False,0.0,78205.33,-0.0108,1.018,0.004309
2026-08-31T07:30:42Z,WUSDT,COOLING,NONE,0.0,0.0,0.0,10.63,0.0,11913.09,14184.95,True,False,0.0,78205.33,-0.0108,1.18,0.009408
2026-08-31T07:30:44Z,REDUSDT,COOLING,NONE,0.0,0.0,0.0,12.64,0.0,5235.39,1767.12,True,False,0.0,78205.33,-0.0108,1.372,0.11074
2026-08-31T07:31:20Z,XRPUSDT,COOLING,SELL,7.18,0.0,7.18,0.73,0.0,69727.31,59528.86,True,False,0.0,78180.49,-0.0318,1.452,1.3685
2026-08-31T07:31:22Z,HBARUSDT,COOLING,NONE,0.0,0.0,0.0,2.69,0.0,47917.09,34491.81,True,False,0.0,78180.49,-0.0318,0.933,0.07435
2026-08-31T07:31:25Z,RIZEUSDT,COOLING,NONE,0.0,0.0,0.0,62.7,0.0,117.11,667.59,True,False,0.0,78180.49,-0.0318,1.489,0.00431
2026-08-31T07:31:28Z,WUSDT,COOLING,NONE,0.0,0.0,0.0,11.68,0.0,10354.03,7893.42,True,False,0.0,78180.49,-0.0318,2.033,0.009412
2026-08-31T07:31:30Z,REDUSDT,COOLING,NONE,0.0,0.0,0.0,12.64,0.0,5235.39,5850.35,True,False,0.0,78180.49,-0.0318,1.116,0.11073
2026-08-31T07:32:35Z,XRPUSDT,COOLING,NONE,0.0,0.0,0.0,1.46,0.0,82906.92,43294.29,True,False,0.0,78154.97,-0.0326,0.97,1.3689
2026-08-31T07:32:38Z,HBARUSDT,COOLING,NONE,0.0,0.0,0.0,1.34,0.0,49170.66,37267.33,True,False,0.0,78154.97,-0.0326,1.135,0.07436
2026-08-31T07:32:40Z,RIZEUSDT,COOLING,NONE,0.0,0.0,0.0,62.7,0.0,117.55,667.59,True,False,0.0,78154.97,-0.0326,0.984,0.00431
2026-08-31T07:32:42Z,WUSDT,COOLING,NONE,0.0,0.0,0.0,13.79,0.0,15582.83,10044.31,True,False,0.0,78154.97,-0.0326,1.011,0.009417
2026-08-31T07:32:44Z,REDUSDT,COOLING,NONE,0.0,0.0,0.0,9.96,0.0,7512.38,6136.17,True,False,0.0,78154.97,-0.0326,0.987,0.11049
2026-08-31T07:33:19Z,XRPUSDT,COOLING,NONE,0.0,0.0,0.0,1.46,0.0,123943.83,48188.39,True,False,0.0,78150.98,-0.0051,0.979,1.3686
2026-08-31T07:33:21Z,HBARUSDT,COOLING,SELL,20.79,0.0,20.79,1.34,0.0,46146.47,31753.83,True,True,0.0,78150.98,-0.0051,0.982,0.07437
2026-08-31T07:33:23Z,RIZEUSDT,COOLING,NONE,0.0,0.0,0.0,62.7,0.0,171.2,667.59,True,False,0.0,78150.98,-0.0051,1.001,0.004303
2026-08-31T07:33:25Z,WUSDT,COOLING,NONE,0.0,0.0,0.0,18.05,0.0,13132.38,6183.4,True,False,0.0,78150.98,-0.0051,0.993,0.009427
2026-08-31T07:33:27Z,REDUSDT,COOLING,NONE,0.0,0.0,0.0,12.69,0.0,4928.21,3140.69,True,False,0.0,78150.98,-0.0051,1.086,0.11046
2026-08-31T07:34:03Z,XRPUSDT,COOLING,NONE,0.0,0.0,0.0,1.46,0.0,85186.96,85021.76,True,False,0.0,78150.79,-0.0002,0.987,1.3678
2026-08-31T07:34:06Z,HBARUSDT,COOLING,SELL,1.45,0.0,1.45,1.34,-1.34,40412.31,17959.56,True,False,0.0067,78150.79,-0.0002,0.959,0.0744
2026-08-31T07:34:08Z,RIZEUSDT,COOLING,SELL,9.49,0.0,9.49,62.7,0.0,188.3,667.59,True,False,0.0,78150.79,-0.0002,0.957,0.004307
2026-08-31T07:34:10Z,WUSDT,COOLING,NONE,0.0,0.0,0.0,7.43,0.0,13132.38,13409.63,True,False,0.0,78150.79,-0.0002,0.917,0.00942
2026-08-31T07:34:13Z,REDUSDT,COOLING,NONE,0.0,0.0,0.0,12.69,0.0,4928.21,5641.97,True,False,0.0,78150.79,-0.0002,0.979,0.11036
2026-08-31T07:35:15Z,XRPUSDT,COOLING,NONE,0.0,0.0,0.0,2.92,0.0,191409.62,60638.73,True,False,-0.0073,78180.48,0.038,0.969,1.3691
2026-08-31T07:35:16Z,HBARUSDT,COOLING,NONE,0.0,0.0,0.0,1.34,0.0,47487.35,25664.61,True,False,0.0,78180.48,0.038,0.948,0.07439
2026-08-31T07:35:19Z,RIZEUSDT,COOLING,NONE,0.0,0.0,0.0,39.43,0.0,117.22,664.59,True,False,0.0,78180.48,0.038,0.92,0.004303
2026-08-31T07:35:21Z,WUSDT,COOLING,NONE,0.0,0.0,0.0,13.79,0.0,10559.61,11215.22,True,False,0.0,78180.48,0.038,0.993,0.009429
2026-08-31T07:35:24Z,REDUSDT,COOLING,NONE,0.0,0.0,0.0,12.69,0.0,4928.21,1591.14,True,False,0.0,78180.48,0.038,1.042,0.11033
2026-08-31T07:35:57Z,XRPUSDT,COOLING,NONE,0.0,0.0,0.0,1.46,0.0,62804.18,122491.26,True,False,0.0,78195.0,0.0186,0.968,1.37
2026-08-31T07:35:59Z,HBARUSDT,COOLING,NONE,0.0,0.0,0.0,1.34,0.0,48440.0,26066.94,True,False,0.0,78195.0,0.0186,0.933,0.07441
2026-08-31T07:36:02Z,RIZEUSDT,COOLING,SELL,18.78,0.0,18.78,39.43,0.0,188.58,664.59,True,False,0.0,78195.0,0.0186,1.999,0.004303
2026-08-31T07:36:04Z,WUSDT,COOLING,NONE,0.0,0.0,0.0,13.79,0.0,10559.61,9871.1,True,False,0.0,78195.0,0.0186,0.976,0.009424
2026-08-31T07:36:06Z,REDUSDT,COOLING,NONE,0.0,0.0,0.0,12.69,0.0,2161.64,1591.14,True,False,0.0,78195.0,0.0186,0.97,0.11034
2026-08-31T07:36:37Z,XRPUSDT,COOLING,NONE,0.0,0.0,0.0,2.19,0.0,71117.27,116403.71,True,False,0.0,78212.46,0.0223,1.424,1.3703
2026-08-31T07:36:38Z,HBARUSDT,COOLING,SELL,10.04,7.03,10.04,1.34,0.0,53076.23,29840.0,True,False,0.0,78212.46,0.0223,0.93,0.07441
2026-08-31T07:36:40Z,RIZEUSDT,COOLING,NONE,0.0,0.0,0.0,62.7,0.0,117.11,664.88,True,False,0.0,78212.46,0.0223,1.044,0.004307
2026-08-31T07:36:42Z,WUSDT,COOLING,NONE,0.0,0.0,0.0,2.13,0.0,9591.08,14128.67,True,False,0.0,78212.46,0.0223,1.022,0.009409
2026-08-31T07:36:44Z,REDUSDT,COOLING,NONE,0.0,0.0,0.0,12.69,0.0,2215.37,1477.36,True,False,0.0,78212.46,0.0223,0.977,0.11031
2026-08-31T07:37:48Z,XRPUSDT,COOLING,NONE,0.0,0.0,0.0,2.19,-0.73,57132.69,81516.75,True,False,0.011,78192.48,-0.0255,0.949,1.3684
2026-08-31T07:37:49Z,HBARUSDT,COOLING,NONE,0.0,0.0,0.0,1.34,0.0,45442.21,19490.35,True,False,0.0,78192.48,-0.0255,0.98,0.07446
2026-08-31T07:37:51Z,RIZEUSDT,COOLING,NONE,0.0,0.0,0.0,62.7,0.0,117.5,664.88,True,False,0.0,78192.48,-0.0255,1.022,0.00431
2026-08-31T07:37:53Z,WUSDT,COOLING,SELL,11.59,0.0,11.59,3.19,0.0,10972.23,8753.9,True,False,0.0,78192.48,-0.0255,0.938,0.009411
2026-08-31T07:37:55Z,REDUSDT,COOLING,NONE,0.0,0.0,0.0,12.69,0.0,5578.69,5690.08,True,False,0.0,78192.48,-0.0255,0.993,0.11033
2026-08-31T07:38:27Z,XRPUSDT,COOLING,NONE,0.0,0.0,0.0,2.19,0.0,76299.48,68826.0,True,False,0.0,78210.02,0.0224,1.101,1.3687
2026-08-31T07:38:28Z,HBARUSDT,COOLING,NONE,0.0,0.0,0.0,1.34,0.0,42314.04,19958.39,True,False,0.0,78210.02,0.0224,1.031,0.0744
2026-08-31T07:38:31Z,RIZEUSDT,COOLING,SELL,0.05,0.0,0.05,62.7,0.0,117.19,662.55,True,False,0.0,78210.02,0.0224,0.96,0.004312
2026-08-31T07:38:33Z,WUSDT,COOLING,NONE,0.0,0.0,0.0,2.13,0.0,3416.05,14301.67,True,False,0.0,78210.02,0.0224,0.997,0.00941
2026-08-31T07:38:35Z,REDUSDT,COOLING,NONE,0.0,0.0,0.0,12.69,0.0,2161.64,1477.36,True,False,0.0,78210.02,0.0224,0.939,0.11034
2026-08-31T07:39:07Z,XRPUSDT,COOLING,NONE,0.0,0.0,0.0,2.19,0.0,214175.09,51033.81,True,False,0.0,78202.47,-0.0097,1.045,1.368
2026-08-31T07:39:09Z,HBARUSDT,COOLING,NONE,0.0,0.0,0.0,1.34,0.0,46306.94,15627.67,True,False,0.0,78202.47,-0.0097,1.043,0.0744
2026-08-31T07:39:11Z,RIZEUSDT,COOLING,NONE,0.0,0.0,0.0,62.7,0.0,117.11,662.55,True,False,0.0,78202.47,-0.0097,1.082,0.004306
2026-08-31T07:39:13Z,WUSDT,COOLING,NONE,0.0,0.0,0.0,2.13,0.0,17205.4,4807.34,True,False,0.0,78202.47,-0.0097,0.954,0.00941
2026-08-31T07:39:15Z,REDUSDT,COOLING,NONE,0.0,0.0,0.0,12.69,0.0,2161.64,1477.36,True,False,0.0,78202.47,-0.0097,1.101,0.11033
2026-08-31T07:40:21Z,XRPUSDT,COOLING,NONE,0.0,0.0,0.0,2.19,0.0,132744.97,80806.74,True,False,0.0,78242.42,0.0511,1.037,1.3696
2026-08-31T07:40:22Z,HBARUSDT,COOLING,NONE,0.0,0.0,0.0,1.34,0.0,44117.65,32749.05,True,False,0.0,78242.42,0.0511,1.042,0.07441
2026-08-31T07:40:24Z,RIZEUSDT,COOLING,NONE,0.0,0.0,0.0,62.7,0.0,117.08,662.55,True,False,0.0,78242.42,0.0511,1.109,0.004306
2026-08-31T07:40:26Z,WUSDT,COOLING,NONE,0.0,0.0,0.0,10.64,0.0,9143.41,9066.7,True,False,0.0,78242.42,0.0511,1.038,0.009409
2026-08-31T07:40:28Z,REDUSDT,COOLING,NONE,0.0,0.0,0.0,12.69,0.0,5538.34,1477.36,True,False,0.0,78242.42,0.0511,1.059,0.11036
2026-08-31T07:41:01Z,XRPUSDT,COOLING,NONE,0.0,0.0,0.0,1.46,0.0,84866.96,47391.37,True,False,0.0,78208.51,-0.0433,1.022,1.3686
2026-08-31T07:41:02Z,HBARUSDT,COOLING,NONE,0.0,0.0,0.0,1.34,0.0,43966.18,36788.52,True,False,0.0,78208.51,-0.0433,0.994,0.07442
2026-08-31T07:41:04Z,RIZEUSDT,COOLING,NONE,0.0,0.0,0.0,62.7,0.0,117.11,662.55,True,False,0.0,78208.51,-0.0433,1.09,0.00431
2026-08-31T07:41:07Z,WUSDT,COOLING,NONE,0.0,0.0,0.0,19.2,0.0,6615.94,4634.74,True,False,0.0,78208.51,-0.0433,0.997,0.009358
2026-08-31T07:41:09Z,REDUSDT,COOLING,NONE,0.0,0.0,0.0,12.69,0.0,5538.34,1477.36,True,False,0.0,78208.51,-0.0433,0.959,0.11034
2026-08-31T07:41:44Z,XRPUSDT,COOLING,BUY,0.0,33.26,33.26,1.46,0.0,86272.19,63540.26,True,False,0.0,78218.29,0.0125,0.977,1.3689
2026-08-31T07:41:45Z,HBARUSDT,COOLING,NONE,0.0,0.0,0.0,1.34,0.0,45116.77,31852.29,True,False,0.0,78218.29,0.0125,0.94,0.07439
2026-08-31T07:41:47Z,RIZEUSDT,COOLING,NONE,0.0,0.0,0.0,62.7,0.0,117.14,662.55,True,False,0.0,78218.29,0.0125,1.048,0.00431
2026-08-31T07:41:49Z,WUSDT,COOLING,NONE,0.0,0.0,0.0,5.34,0.0,10513.64,4117.02,True,False,0.0,78218.29,0.0125,0.982,0.00937
2026-08-31T07:41:51Z,REDUSDT,COOLING,NONE,0.0,0.0,0.0,12.69,0.0,5538.34,5665.62,True,False,0.0,78218.29,0.0125,1.051,0.11032
2026-08-31T07:42:52Z,XRPUSDT,COOLING,BUY,0.79,61.74,61.74,1.46,-1.46,59065.99,224049.27,True,False,-0.0073,78239.99,0.0277,0.97,1.3693
2026-08-31T07:42:55Z,HBARUSDT,COOLING,NONE,0.0,0.0,0.0,1.34,0.0,35982.2,30963.94,True,False,0.0,78239.99,0.0277,1.004,0.07438
2026-08-31T07:42:57Z,RIZEUSDT,COOLING,NONE,0.0,0.0,0.0,62.7,0.0,117.11,662.55,True,False,0.0,78239.99,0.0277,0.968,0.004306
2026-08-31T07:43:00Z,WUSDT,COOLING,NONE,0.0,0.0,0.0,8.55,0.0,12228.29,4083.86,True,False,0.0,78239.99,0.0277,1.028,0.00936
2026-08-31T07:43:03Z,REDUSDT,COOLING,NONE,0.0,0.0,0.0,12.69,0.0,2161.64,1477.36,True,False,0.0,78239.99,0.0277,1.016,0.11034
2026-08-31T07:43:38Z,XRPUSDT,COOLING,SELL,78.44,10.7,78.44,1.46,0.0,182822.24,58459.03,True,False,-0.0219,78259.63,0.0251,0.983,1.3693
2026-08-31T07:43:40Z,HBARUSDT,COOLING,NONE,0.0,0.0,0.0,1.34,0.0,44409.77,28431.71,True,False,0.0,78259.63,0.0251,0.979,0.07445
2026-08-31T07:43:42Z,RIZEUSDT,COOLING,NONE,0.0,0.0,0.0,60.19,0.0,117.44,669.58,True,False,0.0,78259.63,0.0251,1.409,0.004324
2026-08-31T07:43:45Z,WUSDT,COOLING,NONE,0.0,0.0,0.0,8.55,0.0,5385.81,4416.49,True,False,0.0,78259.63,0.0251,1.944,0.009357
2026-08-31T07:43:47Z,REDUSDT,COOLING,NONE,0.0,0.0,0.0,12.69,0.0,2161.64,1477.36,True,False,0.0,78259.63,0.0251,0.977,0.11032
2026-08-31T07:44:18Z,XRPUSDT,COOLING,NONE,0.0,0.0,0.0,1.46,0.0,83528.8,67498.48,True,False,0.0,78280.0,0.026,0.973,1.3698
2026-08-31T07:44:20Z,HBARUSDT,COOLING,NONE,0.0,0.0,0.0,1.34,0.0,43645.26,27740.74,True,False,0.0,78280.0,0.026,1.081,0.07444
2026-08-31T07:44:23Z,RIZEUSDT,COOLING,NONE,0.0,0.0,0.0,60.19,0.0,117.44,669.58,True,False,0.0,78280.0,0.026,0.958,0.004307
2026-08-31T07:44:24Z,WUSDT,COOLING,NONE,0.0,0.0,0.0,8.55,0.0,5385.81,4416.49,True,False,0.0,78280.0,0.026,0.957,0.009356
2026-08-31T07:44:27Z,REDUSDT,COOLING,NONE,0.0,0.0,0.0,12.69,0.0,2161.64,1477.36,True,False,0.0,78280.0,0.026,0.972,0.11035
2026-08-31T07:45:26Z,XRPUSDT,COOLING,NONE,0.0,0.0,0.0,2.19,0.0,181102.16,99203.52,True,False,-0.0073,78272.41,-0.0097,1.909,1.3698
2026-08-31T07:45:29Z,HBARUSDT,COOLING,NONE,0.0,0.0,0.0,1.34,0.0,49991.09,19078.17,True,False,0.0,78272.41,-0.0097,0.96,0.07446
2026-08-31T07:45:30Z,RIZEUSDT,COOLING,NONE,0.0,0.0,0.0,62.7,0.0,171.34,664.17,True,False,0.0,78272.41,-0.0097,0.96,0.004308
2026-08-31T07:45:32Z,WUSDT,COOLING,NONE,0.0,0.0,0.0,13.9,0.0,12948.11,4416.94,True,False,0.0,78272.41,-0.0097,0.978,0.009351
2026-08-31T07:45:34Z,REDUSDT,COOLING,NONE,0.0,0.0,0.0,12.69,0.0,2161.64,1477.36,True,False,0.0,78272.41,-0.0097,0.964,0.11035
2026-08-31T07:46:07Z,XRPUSDT,COOLING,NONE,0.0,0.0,0.0,2.19,0.0,80143.28,83321.11,True,False,0.0,78279.12,0.0086,0.968,1.3702
2026-08-31T07:46:09Z,HBARUSDT,COOLING,NONE,0.0,0.0,0.0,1.34,0.0,41636.85,12934.01,True,False,0.0,78279.12,0.0086,0.981,0.07445
2026-08-31T07:46:12Z,RIZEUSDT,COOLING,NONE,0.0,0.0,0.0,62.7,0.0,117.11,664.17,True,False,0.0,78279.12,0.0086,1.953,0.004315
2026-08-31T07:46:14Z,WUSDT,COOLING,NONE,0.0,0.0,0.0,4.28,0.0,12948.11,4416.94,True,False,0.0,78279.12,0.0086,0.924,0.009347
2026-08-31T07:46:15Z,REDUSDT,COOLING,NONE,0.0,0.0,0.0,12.69,0.0,5566.5,5720.21,True,False,0.0,78279.12,0.0086,0.889,0.11033
2026-08-31T07:46:48Z,XRPUSDT,COOLING,NONE,0.0,0.0,0.0,2.19,0.0,96324.17,144703.24,True,False,0.0,78265.71,-0.0171,0.947,1.3703
2026-08-31T07:46:49Z,HBARUSDT,COOLING,NONE,0.0,0.0,0.0,1.34,0.0,45131.0,16376.44,True,False,0.0,78265.71,-0.0171,0.955,0.07445
2026-08-31T07:46:51Z,RIZEUSDT,COOLING,NONE,0.0,0.0,0.0,62.7,0.0,117.17,664.17,True,False,0.0,78265.71,-0.0171,0.895,0.004315
2026-08-31T07:46:53Z,WUSDT,COOLING,SELL,23.34,0.0,23.34,4.28,0.0,12635.15,4416.94,True,True,0.0,78265.71,-0.0171,0.982,0.009348
2026-08-31T07:46:55Z,REDUSDT,COOLING,NONE,0.0,0.0,0.0,12.69,0.0,5400.77,5193.44,True,False,0.0,78265.71,-0.0171,0.937,0.11036
2026-08-31T07:47:55Z,XRPUSDT,COOLING,SELL,0.07,0.0,0.07,1.46,0.0,83977.41,151138.45,True,False,0.0,78247.13,-0.0237,0.965,1.3696
2026-08-31T07:47:57Z,HBARUSDT,COOLING,NONE,0.0,0.0,0.0,1.34,0.0,45180.79,28271.47,True,False,0.0,78247.13,-0.0237,0.954,0.07443
2026-08-31T07:47:59Z,RIZEUSDT,COOLING,SELL,0.07,0.0,0.07,62.7,0.0,117.28,669.37,True,False,0.0,78247.13,-0.0237,0.973,0.004308
2026-08-31T07:48:00Z,WUSDT,COOLING,NONE,0.0,0.0,0.0,1.07,0.0,12635.15,3698.79,True,False,0.0,78247.13,-0.0237,0.9,0.009349
2026-08-31T07:48:02Z,REDUSDT,COOLING,NONE,0.0,0.0,0.0,12.69,0.0,5400.77,5193.44,True,False,0.0,78247.13,-0.0237,0.969,0.11034
2026-08-31T07:48:33Z,XRPUSDT,COOLING,NONE,0.0,0.0,0.0,0.73,-0.73,101709.74,129897.47,True,False,0.0037,78231.5,-0.02,0.987,1.3696
2026-08-31T07:48:35Z,HBARUSDT,COOLING,NONE,0.0,0.0,0.0,1.34,0.0,41302.14,25500.72,True,False,0.0,78231.5,-0.02,0.904,0.07443
2026-08-31T07:48:38Z,RIZEUSDT,COOLING,NONE,0.0,0.0,0.0,62.7,0.0,171.34,667.72,True,False,0.0,78231.5,-0.02,0.988,0.004308
2026-08-31T07:48:40Z,WUSDT,COOLING,NONE,0.0,0.0,0.0,1.07,0.0,12635.15,3698.79,True,False,0.0,78231.5,-0.02,0.934,0.009349
2026-08-31T07:48:41Z,REDUSDT,COOLING,NONE,0.0,0.0,0.0,12.69,0.0,5400.77,5193.44,True,False,0.0,78231.5,-0.02,0.959,0.11036
2026-08-31T07:49:14Z,XRPUSDT,COOLING,BUY,25.23,29.31,29.31,1.46,0.0,141855.79,96940.64,True,False,-0.0073,78228.13,-0.0043,0.948,1.3698
2026-08-31T07:49:15Z,HBARUSDT,COOLING,NONE,0.0,0.0,0.0,1.34,0.0,45815.74,25500.72,True,False,0.0,78228.13,-0.0043,0.918,0.07444
2026-08-31T07:49:17Z,RIZEUSDT,COOLING,NONE,0.0,0.0,0.0,62.7,0.0,117.42,664.39,True,False,0.0,78228.13,-0.0043,0.922,0.004317
2026-08-31T07:49:19Z,WUSDT,COOLING,NONE,0.0,0.0,0.0,8.56,0.0,11043.17,3150.13,True,False,0.0,78228.13,-0.0043,0.948,0.009349
2026-08-31T07:49:21Z,REDUSDT,COOLING,NONE,0.0,0.0,0.0,12.69,0.0,5400.77,5193.44,True,False,0.0,78228.13,-0.0043,0.974,0.11033
2026-08-31T07:50:27Z,XRPUSDT,COOLING,SELL,0.31,0.0,0.31,1.46,0.0,74073.03,141435.56,True,False,0.0,78207.54,-0.0263,1.956,1.3694
2026-08-31T07:50:31Z,HBARUSDT,COOLING,NONE,0.0,0.0,0.0,1.34,0.0,44334.92,38095.51,True,False,0.0,78207.54,-0.0263,1.984,0.07437
2026-08-31T07:50:33Z,RIZEUSDT,COOLING,NONE,0.0,0.0,0.0,48.8,-13.9,100.0,657.67,True,False,-0.0697,78207.54,-0.0263,0.918,0.004308
2026-08-31T07:50:34Z,WUSDT,COOLING,NONE,0.0,0.0,0.0,7.49,0.0,11043.17,3150.13,True,False,0.0,78207.54,-0.0263,1.007,0.009348
2026-08-31T07:50:36Z,REDUSDT,COOLING,NONE,0.0,0.0,0.0,12.69,0.0,2161.64,1516.83,True,False,0.0,78207.54,-0.0263,0.963,0.11032
2026-08-31T07:51:08Z,XRPUSDT,COOLING,NONE,0.0,0.0,0.0,2.19,0.73,99010.64,136040.28,True,False,0.0037,78207.08,-0.0006,0.968,1.3697
2026-08-31T07:51:10Z,HBARUSDT,COOLING,NONE,0.0,0.0,0.0,1.34,0.0,46057.03,23539.2,True,False,0.0,78207.08,-0.0006,0.998,0.07442
2026-08-31T07:51:12Z,RIZEUSDT,COOLING,NONE,0.0,0.0,0.0,62.7,0.0,117.17,668.41,True,False,0.0,78207.08,-0.0006,0.937,0.004314
2026-08-31T07:51:13Z,WUSDT,COOLING,NONE,0.0,0.0,0.0,11.78,0.0,8497.51,4149.31,True,False,0.0,78207.08,-0.0006,0.954,0.009335
2026-08-31T07:51:15Z,REDUSDT,COOLING,NONE,0.0,0.0,0.0,12.69,0.0,2161.64,1516.83,True,False,0.0,78207.08,-0.0006,0.954,0.11036
2026-08-31T07:51:45Z,XRPUSDT,COOLING,NONE,0.0,0.0,0.0,2.19,0.0,221975.33,102260.9,True,False,0.0,78236.96,0.0382,1.124,1.3703
2026-08-31T07:51:47Z,HBARUSDT,COOLING,NONE,0.0,0.0,0.0,1.34,0.0,26827.95,30390.81,True,False,0.0,78236.96,0.0382,0.957,0.07441
2026-08-31T07:51:49Z,RIZEUSDT,COOLING,NONE,0.0,0.0,0.0,62.7,0.0,117.08,668.41,True,False,0.0,78236.96,0.0382,0.988,0.004306
2026-08-31T07:51:52Z,WUSDT,COOLING,NONE,0.0,0.0,0.0,11.78,0.0,8497.51,4149.31,True,False,0.0,78236.96,0.0382,0.952,0.009335
2026-08-31T07:51:54Z,REDUSDT,COOLING,NONE,0.0,0.0,0.0,12.69,0.0,2161.64,1516.83,True,False,0.0,78236.96,0.0382,1.187,0.11031
2026-08-31T07:52:55Z,XRPUSDT,COOLING,NONE,0.0,0.0,0.0,2.19,0.73,99831.14,162362.01,True,False,0.0036,78216.96,-0.0256,0.981,1.3701
2026-08-31T07:52:57Z,HBARUSDT,COOLING,NONE,0.0,0.0,0.0,1.34,0.0,43740.42,37777.15,True,False,0.0,78216.96,-0.0256,0.978,0.0744
2026-08-31T07:53:01Z,RIZEUSDT,COOLING,NONE,0.0,0.0,0.0,62.7,0.0,117.22,668.41,True,False,0.0,78216.96,-0.0256,1.92,0.004306
2026-08-31T07:53:02Z,WUSDT,COOLING,NONE,0.0,0.0,0.0,10.72,0.0,15502.28,4341.62,True,False,0.0,78216.96,-0.0256,0.942,0.009314
2026-08-31T07:53:05Z,REDUSDT,COOLING,NONE,0.0,0.0,0.0,12.69,0.0,5505.74,1516.83,True,False,0.0,78216.96,-0.0256,0.967,0.11033
2026-08-31T07:53:39Z,XRPUSDT,COOLING,BUY,0.0,13.0,13.0,0.73,0.0,78350.92,170845.89,True,False,0.0,78207.53,-0.0121,0.969,1.3707
2026-08-31T07:53:40Z,HBARUSDT,COOLING,NONE,0.0,0.0,0.0,1.34,0.0,43740.42,36636.32,True,False,0.0,78207.53,-0.0121,0.989,0.0744
2026-08-31T07:53:42Z,RIZEUSDT,COOLING,SELL,0.07,0.0,0.07,62.7,0.0,117.17,668.41,True,False,0.0,78207.53,-0.0121,1.024,0.004306
2026-08-31T07:53:46Z,WUSDT,COOLING,NONE,0.0,0.0,0.0,11.8,0.0,15502.28,4341.62,True,False,0.0,78207.53,-0.0121,1.954,0.009321
2026-08-31T07:53:48Z,REDUSDT,COOLING,NONE,0.0,0.0,0.0,10.0,0.0,5931.41,2187.83,True,False,0.0,78207.53,-0.0121,0.989,0.11031
2026-08-31T07:54:18Z,XRPUSDT,COOLING,NONE,0.0,0.0,0.0,1.46,0.0,231203.26,149968.62,True,False,0.0,78192.5,-0.0192,0.915,1.3712
2026-08-31T07:54:20Z,HBARUSDT,COOLING,NONE,0.0,0.0,0.0,2.69,0.0,42321.27,36636.32,True,False,0.0,78192.5,-0.0192,0.958,0.07441
2026-08-31T07:54:22Z,RIZEUSDT,COOLING,SELL,40.07,0.0,40.07,62.7,0.0,188.52,668.41,True,False,0.0,78192.5,-0.0192,0.945,0.004303
2026-08-31T07:54:23Z,WUSDT,COOLING,NONE,0.0,0.0,0.0,10.72,0.0,15096.68,3284.64,True,False,0.0,78192.5,-0.0192,1.0,0.009319
2026-08-31T07:54:26Z,REDUSDT,COOLING,BUY,0.0,19.67,19.67,10.0,0.0,5931.41,3070.66,True,False,0.0,78192.5,-0.0192,1.462,0.1101
2026-08-31T07:55:31Z,XRPUSDT,COOLING,NONE,0.0,0.0,0.0,1.46,0.0,212974.34,128179.99,True,False,0.0,78217.89,0.0325,0.981,1.3718
2026-08-31T07:55:33Z,HBARUSDT,COOLING,SELL,76.73,0.0,76.73,1.34,-1.34,45845.82,36832.71,True,True,0.0067,78217.89,0.0325,0.924,0.07441
2026-08-31T07:55:35Z,RIZEUSDT,COOLING,NONE,0.0,0.0,0.0,39.43,0.0,118.03,669.78,True,False,0.0,78217.89,0.0325,0.994,0.004303
2026-08-31T07:55:37Z,WUSDT,COOLING,NONE,0.0,0.0,0.0,9.66,0.0,8771.89,4543.55,True,False,0.0,78217.89,0.0325,1.05,0.009328
2026-08-31T07:55:38Z,REDUSDT,COOLING,NONE,0.0,0.0,0.0,13.6,0.0,6507.3,6131.04,True,False,0.0,78217.89,0.0325,0.975,0.11023
2026-08-31T07:56:10Z,XRPUSDT,COOLING,NONE,0.0,0.0,0.0,2.19,0.0,155241.4,52963.34,True,False,0.0,78195.83,-0.0282,0.978,1.3709
2026-08-31T07:56:12Z,HBARUSDT,COOLING,NONE,0.0,0.0,0.0,1.34,0.0,44254.1,38062.45,True,False,0.0,78195.83,-0.0282,0.942,0.0744
2026-08-31T07:56:14Z,RIZEUSDT,COOLING,NONE,0.0,0.0,0.0,62.7,0.0,117.11,669.49,True,False,0.0,78195.83,-0.0282,0.937,0.004302
2026-08-31T07:56:16Z,WUSDT,COOLING,NONE,0.0,0.0,0.0,12.88,0.0,8771.89,4543.55,True,False,0.0,78195.83,-0.0282,0.956,0.009315
2026-08-31T07:56:17Z,REDUSDT,COOLING,NONE,0.0,0.0,0.0,13.6,0.0,6783.39,3219.83,True,False,0.0,78195.83,-0.0282,0.974,0.11026
2026-08-31T07:56:49Z,XRPUSDT,COOLING,SELL,10.2,0.0,10.2,2.19,0.73,87330.85,63059.38,True,False,0.0036,78206.23,0.0133,2.077,1.3711
2026-08-31T07:56:50Z,HBARUSDT,COOLING,NONE,0.0,0.0,0.0,1.34,0.0,15678.14,40579.07,True,False,0.0,78206.23,0.0133,0.952,0.0744
2026-08-31T07:56:54Z,RIZEUSDT,COOLING,NONE,0.0,0.0,0.0,62.7,0.0,100.0,669.49,True,False,0.0,78206.23,0.0133,1.056,0.004302
2026-08-31T07:56:57Z,WUSDT,COOLING,NONE,0.0,0.0,0.0,15.03,0.0,9047.88,4543.55,True,False,0.0,78206.23,0.0133,0.968,0.009315
2026-08-31T07:56:59Z,REDUSDT,COOLING,BUY,0.0,37.34,37.34,13.6,0.0,6783.39,3235.03,True,True,0.0,78206.23,0.0133,1.054,0.11025
2026-08-31T07:58:02Z,XRPUSDT,COOLING,BUY,0.0,13.49,13.49,0.73,-1.46,202279.67,63664.44,True,False,0.0,78227.47,0.0272,1.94,1.3721
2026-08-31T07:58:03Z,HBARUSDT,COOLING,NONE,0.0,0.0,0.0,2.69,0.0,35691.33,24098.4,True,False,0.0,78227.47,0.0272,0.985,0.07444
2026-08-31T07:58:07Z,RIZEUSDT,COOLING,SELL,15.65,0.0,15.65,62.7,18.54,171.43,670.48,True,False,0.093,78227.47,0.0272,2.024,0.004312
2026-08-31T07:58:09Z,WUSDT,COOLING,NONE,0.0,0.0,0.0,13.96,0.0,9489.44,4202.14,True,False,0.0,78227.47,0.0272,0.941,0.009314
2026-08-31T07:58:11Z,REDUSDT,COOLING,NONE,0.0,0.0,0.0,13.6,0.0,6783.39,6233.95,True,False,0.0,78227.47,0.0272,0.986,0.11029
2026-08-31T07:58:42Z,XRPUSDT,COOLING,SELL,25.15,0.0,25.15,1.46,0.0,83382.14,41748.53,True,False,0.0,78227.23,-0.0003,1.223,1.3725
2026-08-31T07:58:44Z,HBARUSDT,COOLING,NONE,0.0,0.0,0.0,1.34,0.0,51354.11,33944.77,True,False,0.0,78227.23,-0.0003,0.944,0.07445
2026-08-31T07:58:48Z,RIZEUSDT,COOLING,SELL,0.07,0.0,0.07,62.7,0.0,117.19,670.48,True,False,0.0,78227.23,-0.0003,0.989,0.00431
2026-08-31T07:58:51Z,WUSDT,COOLING,NONE,0.0,0.0,0.0,15.03,0.0,9664.81,4202.14,True,False,0.0,78227.23,-0.0003,0.957,0.009313
2026-08-31T07:58:52Z,REDUSDT,COOLING,NONE,0.0,0.0,0.0,13.6,0.0,6334.16,1961.96,True,False,0.0,78227.23,-0.0003,1.015,0.11029
2026-08-31T07:59:24Z,XRPUSDT,COOLING,NONE,0.0,0.0,0.0,0.73,0.0,87684.24,56667.72,True,False,0.0,78200.01,-0.0348,1.974,1.3728
2026-08-31T07:59:29Z,HBARUSDT,COOLING,NONE,0.0,0.0,0.0,1.34,0.0,51354.11,33944.77,True,False,0.0,78200.01,-0.0348,1.441,0.07444
2026-08-31T07:59:32Z,RIZEUSDT,COOLING,SELL,0.64,0.0,0.64,62.7,0.0,117.86,670.48,True,False,0.0,78200.01,-0.0348,0.99,0.00431
2026-08-31T07:59:34Z,WUSDT,COOLING,NONE,0.0,0.0,0.0,13.97,0.0,9410.84,4296.81,True,False,0.0,78200.01,-0.0348,1.947,0.009308
2026-08-31T07:59:37Z,REDUSDT,COOLING,NONE,0.0,0.0,0.0,13.6,0.0,6334.16,1645.8,True,False,0.0,78200.01,-0.0348,2.022,0.11029
2026-08-31T08:00:36Z,XRPUSDT,COOLING,BUY,0.0,23.46,23.46,0.73,-0.73,36930.54,58385.06,True,True,0.0036,78189.17,-0.0139,0.94,1.3725
2026-08-31T08:00:38Z,HBARUSDT,COOLING,NONE,0.0,0.0,0.0,1.34,0.0,31022.05,33480.18,True,False,0.0,78189.17,-0.0139,0.998,0.0744
2026-08-31T08:00:40Z,RIZEUSDT,COOLING,NONE,0.0,0.0,0.0,62.7,0.0,117.11,670.48,True,False,0.0,78189.17,-0.0139,0.97,0.004307
2026-08-31T08:00:42Z,WUSDT,COOLING,NONE,0.0,0.0,0.0,12.89,0.0,4079.7,4230.24,True,False,0.0,78189.17,-0.0139,0.986,0.009309
2026-08-31T08:00:44Z,REDUSDT,COOLING,NONE,0.0,0.0,0.0,12.69,0.0,5679.77,5907.13,True,False,0.0,78189.17,-0.0139,0.978,0.11026
2026-08-31T08:01:16Z,XRPUSDT,COOLING,NONE,0.0,0.0,0.0,1.46,0.0,32158.03,35742.65,True,False,0.0,78186.97,-0.0028,0.932,1.3719
2026-08-31T08:01:18Z,HBARUSDT,COOLING,BUY,0.0,1.52,1.52,1.34,-0.0,21798.65,29615.16,True,False,0.0134,78186.97,-0.0028,0.965,0.0744
2026-08-31T08:01:19Z,RIZEUSDT,COOLING,NONE,0.0,0.0,0.0,62.7,0.0,117.11,670.48,True,False,0.0,78186.97,-0.0028,0.957,0.004307
2026-08-31T08:01:22Z,WUSDT,COOLING,NONE,0.0,0.0,0.0,11.8,4.28,16165.55,3980.75,True,False,0.0966,78186.97,-0.0028,1.988,0.009311
2026-08-31T08:01:24Z,REDUSDT,COOLING,NONE,0.0,0.0,0.0,12.69,0.0,5592.01,1393.87,True,False,0.0,78186.97,-0.0028,0.94,0.1104
2026-08-31T08:01:56Z,XRPUSDT,COOLING,NONE,0.0,0.0,0.0,1.46,-0.73,38318.19,44290.29,True,False,0.0036,78233.51,0.0595,1.935,1.3725
2026-08-31T08:01:59Z,HBARUSDT,COOLING,NONE,0.0,0.0,0.0,1.34,0.0,41312.62,19603.24,True,False,0.0,78233.51,0.0595,2.018,0.07441
2026-08-31T08:02:01Z,RIZEUSDT,COOLING,NONE,0.0,0.0,0.0,62.7,0.0,117.11,670.48,True,False,0.0,78233.51,0.0595,0.929,0.004306
2026-08-31T08:02:03Z,WUSDT,COOLING,NONE,0.0,0.0,0.0,16.09,7.5,10785.89,3174.48,True,False,0.0698,78233.51,0.0595,0.991,0.009316
2026-08-31T08:02:04Z,REDUSDT,COOLING,NONE,0.0,0.0,0.0,11.76,0.0,6752.78,5408.12,True,False,0.0,78233.51,0.0595,0.932,0.1105
2026-08-31T08:03:06Z,XRPUSDT,COOLING,NONE,0.0,0.0,0.0,2.19,0.0,51359.6,49388.08,True,False,0.0,78156.37,-0.0986,0.921,1.3695
2026-08-31T08:03:09Z,HBARUSDT,COOLING,SELL,12.49,0.0,12.49,4.04,0.0,46855.86,18941.85,True,False,0.0,78156.37,-0.0986,1.052,0.07438
2026-08-31T08:03:10Z,RIZEUSDT,COOLING,NONE,0.0,0.0,0.0,62.7,0.0,117.83,670.48,True,False,0.0,78156.37,-0.0986,0.965,0.004305
2026-08-31T08:03:13Z,WUSDT,COOLING,NONE,0.0,0.0,0.0,10.74,0.0,10493.24,4097.09,True,False,0.0,78156.37,-0.0986,1.17,0.009328
2026-08-31T08:03:14Z,REDUSDT,COOLING,NONE,0.0,0.0,0.0,19.04,0.0,7417.24,5960.54,True,False,0.0,78156.37,-0.0986,0.989,0.11039
2026-08-31T08:03:45Z,XRPUSDT,COOLING,NONE,0.0,0.0,0.0,1.46,0.0,76631.8,80770.67,True,False,0.0,78128.89,-0.0352,1.043,1.3699
2026-08-31T08:03:46Z,HBARUSDT,COOLING,NONE,0.0,0.0,0.0,1.35,0.0,43415.91,28829.99,True,False,0.0,78128.89,-0.0352,0.952,0.07438
2026-08-31T08:03:51Z,RIZEUSDT,COOLING,NONE,0.0,0.0,0.0,62.7,0.0,117.78,670.48,True,False,0.0,78128.89,-0.0352,2.403,0.004305
2026-08-31T08:03:53Z,WUSDT,COOLING,NONE,0.0,0.0,0.0,10.74,0.0,7779.09,3401.58,True,False,0.0,78128.89,-0.0352,0.965,0.009308
2026-08-31T08:03:56Z,REDUSDT,COOLING,SELL,27.2,0.0,27.2,12.69,-7.26,7411.12,1945.39,True,True,0.0363,78128.89,-0.0352,0.949,0.11033
2026-08-31T08:04:31Z,XRPUSDT,COOLING,BUY,0.0,0.88,0.88,2.92,0.73,72755.04,53197.09,True,False,-0.0036,78135.12,0.008,0.962,1.37
2026-08-31T08:04:33Z,HBARUSDT,COOLING,NONE,0.0,0.0,0.0,1.35,0.0,41288.72,26391.15,True,False,0.0,78135.12,0.008,1.761,0.07432
2026-08-31T08:04:35Z,RIZEUSDT,COOLING,NONE,0.0,0.0,0.0,62.7,0.0,117.47,1026.78,True,False,0.0,78135.12,0.008,1.356,0.004305
2026-08-31T08:04:39Z,WUSDT,COOLING,NONE,0.0,0.0,0.0,13.97,0.0,7779.09,4028.43,True,False,0.0,78135.12,0.008,2.543,0.009308
2026-08-31T08:04:45Z,REDUSDT,COOLING,NONE,0.0,0.0,0.0,13.6,0.0,7411.12,1800.02,True,False,0.0,78135.12,0.008,2.035,0.11034
2026-08-31T08:05:52Z,XRPUSDT,COOLING,BUY,0.0,18.57,18.57,2.19,-0.73,74855.91,66791.83,True,False,-0.0037,78113.03,-0.0283,0.935,1.3693
2026-08-31T08:05:55Z,HBARUSDT,COOLING,BUY,0.0,64.89,64.89,1.35,0.0,40666.33,33029.21,True,False,-0.0135,78113.03,-0.0283,1.005,0.07431
2026-08-31T08:05:57Z,RIZEUSDT,COOLING,NONE,0.0,0.0,0.0,62.7,0.0,117.53,1029.46,True,False,0.0,78113.03,-0.0283,1.109,0.004305
2026-08-31T08:06:00Z,WUSDT,COOLING,NONE,0.0,0.0,0.0,11.85,1.08,14434.1,4677.99,True,False,-0.0054,78113.03,-0.0283,1.997,0.00929
2026-08-31T08:06:04Z,REDUSDT,COOLING,NONE,0.0,0.0,0.0,13.6,0.0,5936.47,1854.86,True,False,0.0,78113.03,-0.0283,1.959,0.11023
2026-08-31T08:06:36Z,XRPUSDT,COOLING,BUY,0.0,15.38,15.38,2.19,-0.0,62763.78,94287.89,True,False,0.0073,78081.76,-0.04,0.929,1.3684
2026-08-31T08:06:37Z,HBARUSDT,COOLING,NONE,0.0,0.0,0.0,1.35,0.0,48109.42,28485.2,True,False,0.0,78081.76,-0.04,0.93,0.07431
2026-08-31T08:06:39Z,RIZEUSDT,COOLING,NONE,0.0,0.0,0.0,62.7,0.0,117.47,1029.46,True,False,0.0,78081.76,-0.04,0.987,0.004305
2026-08-31T08:06:41Z,WUSDT,COOLING,NONE,0.0,0.0,0.0,9.7,0.0,7367.19,4819.41,True,False,0.0,78081.76,-0.04,0.968,0.009284
2026-08-31T08:06:43Z,REDUSDT,COOLING,NONE,0.0,0.0,0.0,10.0,0.0,6010.65,1815.54,True,False,0.0,78081.76,-0.04,0.978,0.11013
2026-08-31T08:07:16Z,XRPUSDT,COOLING,NONE,0.0,0.0,0.0,1.46,0.0,52021.11,52804.54,True,False,0.0,78060.01,-0.0279,0.985,1.3673
2026-08-31T08:07:19Z,HBARUSDT,COOLING,NONE,0.0,0.0,0.0,1.35,0.0,43636.74,33894.0,True,False,0.0,78060.01,-0.0279,2.016,0.07426
2026-08-31T08:07:21Z,RIZEUSDT,COOLING,NONE,0.0,0.0,0.0,41.75,0.0,117.53,1030.35,True,False,0.0,78060.01,-0.0279,1.067,0.004305
2026-08-31T08:07:23Z,WUSDT,COOLING,BUY,0.0,3.18,3.18,12.94,0.0,15291.52,5115.52,True,False,0.0,78060.01,-0.0279,1.992,0.009269
2026-08-31T08:07:26Z,REDUSDT,COOLING,NONE,0.0,0.0,0.0,19.95,0.0,5269.34,6099.01,True,False,0.0,78060.01,-0.0279,0.945,0.11019
2026-08-31T08:08:32Z,XRPUSDT,COOLING,NONE,0.0,0.0,0.0,2.19,-0.73,64190.14,45302.98,True,False,0.0037,78108.83,0.0625,1.962,1.3694
2026-08-31T08:08:34Z,HBARUSDT,COOLING,NONE,0.0,0.0,0.0,1.35,0.0,38167.04,24847.71,True,False,0.0,78108.83,0.0625,0.972,0.07423
2026-08-31T08:08:36Z,RIZEUSDT,COOLING,NONE,0.0,0.0,0.0,62.7,0.0,117.5,1019.16,True,False,0.0,78108.83,0.0625,0.94,0.004305
2026-08-31T08:08:39Z,WUSDT,COOLING,NONE,0.0,0.0,0.0,8.61,0.0,13377.95,5194.44,True,False,0.0,78108.83,0.0625,1.972,0.009281
2026-08-31T08:08:41Z,REDUSDT,COOLING,NONE,0.0,0.0,0.0,19.91,0.0,6695.87,4937.8,True,False,0.0,78108.83,0.0625,0.911,0.1103
2026-08-31T08:09:11Z,XRPUSDT,COOLING,NONE,0.0,0.0,0.0,2.19,-0.0,64558.56,58536.34,True,False,0.0073,78148.6,0.0509,0.951,1.3709
2026-08-31T08:09:13Z,HBARUSDT,COOLING,NONE,0.0,0.0,0.0,1.35,0.0,42755.75,28412.05,True,False,0.0,78148.6,0.0509,0.92,0.0743
2026-08-31T08:09:15Z,RIZEUSDT,COOLING,NONE,0.0,0.0,0.0,62.7,0.0,118.55,1034.45,True,False,0.0,78148.6,0.0509,0.911,0.004315
2026-08-31T08:09:16Z,WUSDT,COOLING,NONE,0.0,0.0,0.0,11.85,0.0,13377.95,5194.44,True,False,0.0,78148.6,0.0509,0.973,0.009281
2026-08-31T08:09:20Z,REDUSDT,COOLING,NONE,0.0,0.0,0.0,12.69,0.0,5250.52,10763.18,True,False,0.0,78148.6,0.0509,1.379,0.11051
2026-08-31T08:09:52Z,XRPUSDT,COOLING,NONE,0.0,0.0,0.0,2.19,0.0,103284.63,37147.38,True,False,0.0,78180.34,0.0406,0.948,1.3708
2026-08-31T08:09:53Z,HBARUSDT,COOLING,NONE,0.0,0.0,0.0,1.34,0.0,44845.16,26976.64,True,False,0.0,78180.34,0.0406,0.922,0.0743
2026-08-31T08:09:55Z,RIZEUSDT,COOLING,NONE,0.0,0.0,0.0,62.7,0.0,117.47,1036.39,True,False,0.0,78180.34,0.0406,0.973,0.004315
2026-08-31T08:09:57Z,WUSDT,COOLING,NONE,0.0,0.0,0.0,16.16,0.0,6906.1,4878.77,True,False,0.0,78180.34,0.0406,0.912,0.009281
2026-08-31T08:10:00Z,REDUSDT,COOLING,NONE,0.0,0.0,0.0,12.69,0.0,5250.52,10763.18,True,False,0.0,78180.34,0.0406,0.977,0.11034
2026-08-31T08:11:12Z,XRPUSDT,COOLING,NONE,0.0,0.0,0.0,2.19,0.73,87483.43,62971.7,True,False,0.0036,78194.38,0.018,1.981,1.371
2026-08-31T08:11:14Z,HBARUSDT,COOLING,NONE,0.0,0.0,0.0,1.35,0.0,40561.91,27307.64,True,False,0.0,78194.38,0.018,0.935,0.07436
2026-08-31T08:11:17Z,RIZEUSDT,COOLING,SELL,0.27,0.0,0.27,62.7,0.0,117.78,1036.39,True,False,0.0,78194.38,0.018,0.97,0.004303
2026-08-31T08:11:19Z,WUSDT,COOLING,BUY,0.0,40.15,40.15,6.46,1.08,10821.56,5686.62,True,False,-0.0054,78194.38,0.018,1.1,0.009287
2026-08-31T08:11:23Z,REDUSDT,COOLING,NONE,0.0,0.0,0.0,9.96,0.0,5785.87,1328.31,True,False,0.0,78194.38,0.018,2.012,0.11025
2026-08-31T08:12:02Z,XRPUSDT,COOLING,NONE,0.0,0.0,0.0,2.18,0.0,88934.83,57930.66,True,False,0.0,78294.99,0.1287,0.966,1.3738
2026-08-31T08:12:04Z,HBARUSDT,COOLING,NONE,0.0,0.0,0.0,1.34,0.0,41712.49,16581.8,True,False,0.0,78294.99,0.1287,2.024,0.0744
2026-08-31T08:12:08Z,RIZEUSDT,COOLING,SELL,0.01,0.0,0.01,62.7,0.0,117.55,1036.39,True,False,0.0,78294.99,0.1287,1.973,0.00431
2026-08-31T08:12:10Z,WUSDT,COOLING,NONE,0.0,0.0,0.0,12.91,0.0,14751.35,3779.82,True,False,0.0,78294.99,0.1287,0.961,0.009287
2026-08-31T08:12:12Z,REDUSDT,COOLING,NONE,0.0,0.0,0.0,11.74,0.0,3110.1,5179.78,True,False,0.0,78294.99,0.1287,1.021,0.11049
2026-08-31T08:12:48Z,XRPUSDT,COOLING,NONE,0.0,0.0,0.0,2.19,0.73,74912.85,52125.72,True,False,-0.0109,78257.97,-0.0473,0.925,1.3728
2026-08-31T08:12:49Z,HBARUSDT,COOLING,NONE,0.0,0.0,0.0,1.34,0.0,30316.88,18337.58,True,False,0.0,78257.97,-0.0473,0.935,0.07446
2026-08-31T08:12:51Z,RIZEUSDT,COOLING,NONE,0.0,0.0,0.0,41.75,0.0,117.58,1030.65,True,False,0.0,78257.97,-0.0473,0.946,0.004302
2026-08-31T08:12:53Z,WUSDT,COOLING,NONE,0.0,0.0,0.0,10.76,0.0,12328.19,4710.18,True,False,0.0,78257.97,-0.0473,0.96,0.0093
2026-08-31T08:12:55Z,REDUSDT,COOLING,NONE,0.0,0.0,0.0,19.88,0.0,6314.34,6135.66,True,False,0.0,78257.97,-0.0473,0.94,0.11068
2026-08-31T08:13:57Z,XRPUSDT,COOLING,NONE,0.0,0.0,0.0,1.46,0.0,60476.59,58991.51,True,False,0.0,78218.78,-0.0501,0.971,1.3729
2026-08-31T08:13:59Z,HBARUSDT,COOLING,NONE,0.0,0.0,0.0,1.34,0.0,36482.6,18789.95,True,False,0.0,78218.78,-0.0501,1.077,0.07443
2026-08-31T08:14:01Z,RIZEUSDT,COOLING,NONE,0.0,0.0,0.0,62.7,0.0,117.47,1033.91,True,False,0.0,78218.78,-0.0501,1.144,0.004308
2026-08-31T08:14:04Z,WUSDT,COOLING,NONE,0.0,0.0,0.0,7.53,0.0,12328.19,3866.1,True,False,0.0,78218.78,-0.0501,0.966,0.009299
2026-08-31T08:14:06Z,REDUSDT,COOLING,NONE,0.0,0.0,0.0,13.56,0.0,6270.91,4843.44,True,False,0.0,78218.78,-0.0501,0.984,0.11072
2026-08-31T08:14:40Z,XRPUSDT,COOLING,BUY,5.07,12.46,12.46,1.46,-0.73,88919.88,46900.82,True,False,0.0182,78167.63,-0.0654,1.917,1.372
2026-08-31T08:14:41Z,HBARUSDT,COOLING,NONE,0.0,0.0,0.0,1.34,0.0,41676.28,20124.3,True,False,0.0,78167.63,-0.0654,0.926,0.07436
2026-08-31T08:14:44Z,RIZEUSDT,COOLING,NONE,0.0,0.0,0.0,62.7,0.0,117.47,1033.91,True,False,0.0,78167.63,-0.0654,0.996,0.004308
2026-08-31T08:14:47Z,WUSDT,COOLING,NONE,0.0,0.0,0.0,5.38,1.08,12328.19,3866.1,True,False,0.0054,78167.63,-0.0654,1.963,0.009291
2026-08-31T08:14:49Z,REDUSDT,COOLING,NONE,0.0,0.0,0.0,13.56,0.0,6270.91,4843.44,True,False,0.0,78167.63,-0.0654,0.908,0.11064
2026-08-31T08:15:22Z,XRPUSDT,COOLING,NONE,0.0,0.0,0.0,2.19,-0.0,62194.68,44996.56,True,False,0.0073,78142.72,-0.0319,0.986,1.3711
2026-08-31T08:15:24Z,HBARUSDT,COOLING,NONE,0.0,0.0,0.0,1.35,0.0,45075.4,34445.57,True,False,0.0,78142.72,-0.0319,0.962,0.07435
2026-08-31T08:15:27Z,RIZEUSDT,COOLING,NONE,0.0,0.0,0.0,62.7,0.0,117.47,1033.91,True,False,0.0,78142.72,-0.0319,0.97,0.004307
2026-08-31T08:15:28Z,WUSDT,COOLING,NONE,0.0,0.0,0.0,7.53,0.0,12328.19,3866.1,True,False,0.0,78142.72,-0.0319,0.988,0.009298
2026-08-31T08:15:30Z,REDUSDT,COOLING,NONE,0.0,0.0,0.0,11.76,0.0,6270.91,5861.27,True,False,0.0,78142.72,-0.0319,0.946,0.11064
2026-08-31T08:16:35Z,XRPUSDT,COOLING,NONE,0.0,0.0,0.0,2.19,1.46,64664.92,68344.01,True,False,-0.0365,78142.57,-0.0002,0.911,1.3716
2026-08-31T08:16:38Z,HBARUSDT,COOLING,SELL,5.62,0.0,5.62,1.35,0.0,38183.59,13211.79,True,False,0.0,78142.57,-0.0002,1.919,0.07436
2026-08-31T08:16:40Z,RIZEUSDT,COOLING,NONE,0.0,0.0,0.0,62.7,0.0,117.47,1033.91,True,False,0.0,78142.57,-0.0002,0.95,0.00431
2026-08-31T08:16:42Z,WUSDT,COOLING,NONE,0.0,0.0,0.0,5.37,-3.22,10808.25,4639.88,True,False,0.0161,78142.57,-0.0002,0.965,0.009324
2026-08-31T08:16:43Z,REDUSDT,COOLING,NONE,0.0,0.0,0.0,13.6,0.0,5678.49,3071.29,True,False,0.0,78142.57,-0.0002,0.96,0.11046
2026-08-31T08:17:17Z,XRPUSDT,COOLING,SELL,2.29,0.0,2.29,2.92,0.73,88861.43,63142.2,True,False,-0.0255,78115.28,-0.0349,1.927,1.3712
2026-08-31T08:17:20Z,HBARUSDT,COOLING,NONE,0.0,0.0,0.0,1.35,0.0,40618.6,32833.37,True,False,0.0,78115.28,-0.0349,1.961,0.07434
2026-08-31T08:17:22Z,RIZEUSDT,COOLING,NONE,0.0,0.0,0.0,62.7,0.0,117.47,1033.91,True,False,0.0,78115.28,-0.0349,0.949,0.00431
2026-08-31T08:17:24Z,WUSDT,COOLING,NONE,0.0,0.0,0.0,10.74,0.0,10808.25,4063.47,True,False,0.0,78115.28,-0.0349,1.904,0.009317
2026-08-31T08:17:26Z,REDUSDT,COOLING,NONE,0.0,0.0,0.0,12.71,0.0,6631.5,3145.26,True,False,0.0,78115.28,-0.0349,0.964,0.11028
2026-08-31T08:17:57Z,XRPUSDT,COOLING,NONE,0.0,0.0,0.0,2.19,0.0,177742.71,103107.14,True,False,0.0,78075.0,-0.0516,0.935,1.37
2026-08-31T08:17:59Z,HBARUSDT,COOLING,NONE,0.0,0.0,0.0,1.35,0.0,36418.67,35894.54,True,False,0.0,78075.0,-0.0516,0.957,0.07429
2026-08-31T08:18:01Z,RIZEUSDT,COOLING,NONE,0.0,0.0,0.0,62.7,0.0,117.58,1033.91,True,False,0.0,78075.0,-0.0516,0.964,0.00431
2026-08-31T08:18:02Z,WUSDT,COOLING,NONE,0.0,0.0,0.0,9.66,0.0,15274.11,3645.33,True,False,0.0,78075.0,-0.0516,0.982,0.009316
2026-08-31T08:18:04Z,REDUSDT,COOLING,NONE,0.0,0.0,0.0,26.33,0.91,7534.82,1255.41,True,False,-0.0045,78075.0,-0.0516,0.953,0.11008
2026-08-31T08:19:08Z,XRPUSDT,COOLING,NONE,0.0,0.0,0.0,2.92,0.0,95682.03,45020.18,True,False,-0.0073,78080.38,0.0069,0.952,1.3701
2026-08-31T08:19:10Z,HBARUSDT,COOLING,NONE,0.0,0.0,0.0,1.35,0.0,45021.07,30223.19,True,False,0.0,78080.38,0.0069,0.92,0.07426
2026-08-31T08:19:11Z,RIZEUSDT,COOLING,NONE,0.0,0.0,0.0,62.7,0.0,117.47,1034.06,True,False,0.0,78080.38,0.0069,0.923,0.004311
2026-08-31T08:19:14Z,WUSDT,COOLING,NONE,0.0,0.0,0.0,10.72,0.0,9603.79,4398.89,True,False,0.0,78080.38,0.0069,0.966,0.009328
2026-08-31T08:19:16Z,REDUSDT,COOLING,NONE,0.0,0.0,0.0,11.81,0.0,7149.71,5849.09,True,False,0.0,78080.38,0.0069,1.006,0.11007
2026-08-31T08:19:46Z,XRPUSDT,COOLING,SELL,51.38,0.0,51.38,2.92,0.0,224530.35,65216.33,True,False,0.0,78089.04,0.0111,1.057,1.3691
2026-08-31T08:19:48Z,HBARUSDT,COOLING,NONE,0.0,0.0,0.0,1.35,0.0,43888.69,25235.25,True,False,0.0,78089.04,0.0111,1.186,0.07426
2026-08-31T08:19:50Z,RIZEUSDT,COOLING,NONE,0.0,0.0,0.0,62.7,0.0,117.47,1034.06,True,False,0.0,78089.04,0.0111,1.093,0.004311
2026-08-31T08:19:52Z,WUSDT,COOLING,NONE,0.0,0.0,0.0,10.72,0.0,9603.79,4398.89,True,False,0.0,78089.04,0.0111,0.982,0.009327
2026-08-31T08:19:54Z,REDUSDT,COOLING,NONE,0.0,0.0,0.0,15.47,0.0,5975.49,2965.45,True,False,0.0,78089.04,0.0111,1.105,0.11007
2026-08-31T08:20:27Z,XRPUSDT,COOLING,SELL,78.64,17.85,78.64,0.73,-0.73,186632.25,72527.59,True,False,-0.011,78023.68,-0.0837,0.908,1.3667
2026-08-31T08:20:29Z,HBARUSDT,COOLING,NONE,0.0,0.0,0.0,1.35,0.0,34729.52,9990.99,True,False,0.0,78023.68,-0.0837,0.969,0.07417
2026-08-31T08:20:31Z,RIZEUSDT,COOLING,NONE,0.0,0.0,0.0,62.7,0.0,117.47,1034.06,True,False,0.0,78023.68,-0.0837,1.915,0.004311
2026-08-31T08:20:33Z,WUSDT,COOLING,NONE,0.0,0.0,0.0,9.67,0.0,9003.83,4129.0,True,False,0.0,78023.68,-0.0837,0.93,0.009325
2026-08-31T08:20:35Z,REDUSDT,COOLING,NONE,0.0,0.0,0.0,20.96,0.0,5283.08,3127.88,True,False,0.0,78023.68,-0.0837,0.954,0.10991
2026-08-31T08:21:36Z,XRPUSDT,COOLING,BUY,12.76,26.07,26.07,1.46,-0.0,103943.15,67859.48,True,True,0.0073,77993.24,-0.039,0.926,1.368
2026-08-31T08:21:39Z,HBARUSDT,COOLING,NONE,0.0,0.0,0.0,1.35,0.0,39088.38,33300.0,True,False,0.0,77993.24,-0.039,0.91,0.07415
2026-08-31T08:21:42Z,RIZEUSDT,COOLING,NONE,0.0,0.0,0.0,62.7,0.0,117.47,1034.06,True,False,0.0,77993.24,-0.039,0.961,0.004308
2026-08-31T08:21:43Z,WUSDT,COOLING,NONE,0.0,0.0,0.0,15.03,0.0,10226.27,3349.36,True,False,0.0,77993.24,-0.039,0.945,0.009298
2026-08-31T08:21:46Z,REDUSDT,COOLING,NONE,0.0,0.0,0.0,10.94,0.0,5552.22,6274.01,True,False,0.0,77993.24,-0.039,0.926,0.10972
2026-08-31T08:22:19Z,XRPUSDT,COOLING,NONE,0.0,0.0,0.0,2.19,-0.73,186399.96,69852.32,True,False,0.0037,78014.14,0.0268,1.461,1.3679
2026-08-31T08:22:21Z,HBARUSDT,COOLING,NONE,0.0,0.0,0.0,1.35,0.0,40509.27,27061.72,True,False,0.0,78014.14,0.0268,0.967,0.07415
2026-08-31T08:22:23Z,RIZEUSDT,COOLING,NONE,0.0,0.0,0.0,62.7,0.0,117.47,1034.22,True,False,0.0,78014.14,0.0268,1.344,0.004306
2026-08-31T08:22:26Z,WUSDT,COOLING,NONE,0.0,0.0,0.0,11.81,0.0,3080.52,2567.55,True,False,0.0,78014.14,0.0268,0.998,0.009315
2026-08-31T08:22:28Z,REDUSDT,COOLING,NONE,0.0,0.0,0.0,13.67,0.0,5090.49,5919.76,True,False,0.0,78014.14,0.0268,0.978,0.10972
2026-08-31T08:23:01Z,XRPUSDT,COOLING,NONE,0.0,0.0,0.0,2.19,-0.0,336757.42,84476.78,True,False,0.0073,78018.76,0.0059,0.95,1.3676
2026-08-31T08:23:03Z,HBARUSDT,COOLING,SELL,24.49,0.0,24.49,1.35,-0.0,34223.91,30975.93,True,False,0.027,78018.76,0.0059,0.982,0.07413
2026-08-31T08:23:06Z,RIZEUSDT,COOLING,NONE,0.0,0.0,0.0,62.7,0.0,117.47,1034.22,True,False,0.0,78018.76,0.0059,1.931,0.004306
2026-08-31T08:23:07Z,WUSDT,COOLING,NONE,0.0,0.0,0.0,10.74,0.0,9725.13,4122.45,True,False,0.0,78018.76,0.0059,0.964,0.009306
2026-08-31T08:23:09Z,REDUSDT,COOLING,NONE,0.0,0.0,0.0,12.76,0.0,5090.49,5983.58,True,False,0.0,78018.76,0.0059,0.932,0.10978
2026-08-31T08:24:11Z,XRPUSDT,COOLING,SELL,9.29,6.79,9.29,1.46,-0.73,117456.18,66944.38,True,False,-0.011,77985.17,-0.0431,1.916,1.3671
2026-08-31T08:24:14Z,HBARUSDT,COOLING,BUY,13.99,60.7,60.7,1.35,0.0,45395.51,32622.62,True,True,-0.0135,77985.17,-0.0431,0.923,0.07406
2026-08-31T08:24:16Z,RIZEUSDT,COOLING,NONE,0.0,0.0,0.0,62.7,0.0,117.47,1030.21,True,False,0.0,77985.17,-0.0431,0.986,0.004303
2026-08-31T08:24:19Z,WUSDT,COOLING,NONE,0.0,0.0,0.0,11.83,-9.67,11749.73,3162.63,True,False,-0.0484,77985.17,-0.0431,0.946,0.009301
2026-08-31T08:24:21Z,REDUSDT,COOLING,NONE,0.0,0.0,0.0,10.03,0.0,5090.49,6247.25,True,False,0.0,77985.17,-0.0431,0.955,0.10966
2026-08-31T08:24:52Z,XRPUSDT,COOLING,NONE,0.0,0.0,0.0,1.46,0.0,66691.64,66133.82,True,False,0.0,77995.51,0.0133,0.983,1.3669
2026-08-31T08:24:53Z,HBARUSDT,COOLING,BUY,0.0,65.74,65.74,2.7,0.0,50453.47,34436.4,True,True,0.0,77995.51,0.0133,0.929,0.07406
2026-08-31T08:24:55Z,RIZEUSDT,COOLING,NONE,0.0,0.0,0.0,62.7,0.0,117.47,1030.21,True,False,0.0,77995.51,0.0133,0.989,0.004303
2026-08-31T08:24:57Z,WUSDT,COOLING,NONE,0.0,0.0,0.0,11.83,1.08,9923.98,4071.28,True,False,0.0054,77995.51,0.0133,0.959,0.009304
2026-08-31T08:24:59Z,REDUSDT,COOLING,NONE,0.0,0.0,0.0,10.03,0.0,5090.49,6247.25,True,False,0.0,77995.51,0.0133,0.943,0.10967
2026-08-31T08:25:31Z,XRPUSDT,COOLING,BUY,0.0,16.64,16.64,2.93,0.0,94285.22,48906.04,True,False,0.0,77993.41,-0.0027,0.998,1.3666
2026-08-31T08:25:32Z,HBARUSDT,COOLING,BUY,0.0,32.49,32.49,2.7,-0.0,17600.29,38155.19,True,False,0.027,77993.41,-0.0027,1.004,0.07405
2026-08-31T08:25:34Z,RIZEUSDT,COOLING,SELL,0.05,0.0,0.05,62.7,0.0,117.53,1030.21,True,False,0.0,77993.41,-0.0027,0.94,0.00431
2026-08-31T08:25:36Z,WUSDT,COOLING,NONE,0.0,0.0,0.0,10.77,0.0,16368.84,3129.58,True,False,0.0,77993.41,-0.0027,0.985,0.009287
2026-08-31T08:25:39Z,REDUSDT,COOLING,NONE,0.0,0.0,0.0,12.76,0.0,5373.4,6023.43,True,False,0.0,77993.41,-0.0027,0.953,0.10967
2026-08-31T08:26:45Z,XRPUSDT,COOLING,BUY,0.0,19.05,19.05,1.46,0.0,134338.2,106245.21,True,False,-0.0293,78061.51,0.0873,1.99,1.3676
2026-08-31T08:26:46Z,HBARUSDT,COOLING,NONE,0.0,0.0,0.0,1.35,0.0,17914.92,7142.79,True,False,0.0,78061.51,0.0873,1.058,0.07411
2026-08-31T08:26:50Z,RIZEUSDT,COOLING,NONE,0.0,0.0,0.0,62.7,0.0,117.47,1030.59,True,False,0.0,78061.51,0.0873,1.93,0.004309
2026-08-31T08:26:52Z,WUSDT,COOLING,NONE,0.0,0.0,0.0,6.46,0.0,14942.22,4781.85,True,False,0.0,78061.51,0.0873,0.928,0.00929
2026-08-31T08:26:54Z,REDUSDT,COOLING,NONE,0.0,0.0,0.0,22.77,0.0,5373.4,4824.28,True,False,0.0,78061.51,0.0873,0.966,0.10976
2026-08-31T08:27:27Z,XRPUSDT,COOLING,NONE,0.0,0.0,0.0,2.2,0.73,149986.68,54926.75,True,False,0.0037,78020.04,-0.0531,0.942,1.3662
2026-08-31T08:27:29Z,HBARUSDT,COOLING,NONE,0.0,0.0,0.0,1.35,0.0,48476.78,35347.54,True,False,0.0,78020.04,-0.0531,0.913,0.07408
2026-08-31T08:27:31Z,RIZEUSDT,COOLING,NONE,0.0,0.0,0.0,62.7,0.0,117.47,1037.65,True,False,0.0,78020.04,-0.0531,0.92,0.004308
2026-08-31T08:27:34Z,WUSDT,COOLING,NONE,0.0,0.0,0.0,6.46,0.0,9904.49,4782.07,True,False,0.0,78020.04,-0.0531,0.974,0.00929
2026-08-31T08:27:35Z,REDUSDT,COOLING,NONE,0.0,0.0,0.0,20.05,0.0,5373.4,6133.41,True,False,0.0,78020.04,-0.0531,0.926,0.10982
2026-08-31T08:28:07Z,XRPUSDT,COOLING,NONE,0.0,0.0,0.0,2.19,0.0,65935.42,53200.53,True,False,0.0,78066.6,0.0597,0.997,1.3671
2026-08-31T08:28:08Z,HBARUSDT,COOLING,NONE,0.0,0.0,0.0,1.35,0.0,47152.01,32719.66,True,False,0.0,78066.6,0.0597,1.054,0.07408
2026-08-31T08:28:10Z,RIZEUSDT,COOLING,NONE,0.0,0.0,0.0,62.7,0.0,117.47,1037.65,True,False,0.0,78066.6,0.0597,1.042,0.004307
2026-08-31T08:28:12Z,WUSDT,COOLING,NONE,0.0,0.0,0.0,11.83,0.0,8297.29,3152.58,True,False,0.0,78066.6,0.0597,0.994,0.009289
2026-08-31T08:28:14Z,REDUSDT,COOLING,NONE,0.0,0.0,0.0,12.76,0.0,5373.4,6133.41,True,False,0.0,78066.6,0.0597,0.991,0.10982
2026-08-31T08:29:16Z,XRPUSDT,COOLING,NONE,0.0,0.0,0.0,0.73,0.0,73916.71,67583.75,True,False,0.0,78084.2,0.0225,0.891,1.3683
2026-08-31T08:29:18Z,HBARUSDT,COOLING,NONE,0.0,0.0,0.0,1.35,0.0,36116.8,30738.0,True,False,0.0,78084.2,0.0225,0.921,0.07412
2026-08-31T08:29:22Z,RIZEUSDT,COOLING,NONE,0.0,0.0,0.0,62.7,0.0,117.47,1037.65,True,False,0.0,78084.2,0.0225,1.909,0.004308
2026-08-31T08:29:24Z,WUSDT,COOLING,NONE,0.0,0.0,0.0,10.74,0.0,13340.17,4135.18,True,False,0.0,78084.2,0.0225,0.912,0.009293
2026-08-31T08:29:26Z,REDUSDT,COOLING,NONE,0.0,0.0,0.0,12.76,0.0,5373.4,6322.39,True,False,0.0,78084.2,0.0225,0.952,0.10976
2026-08-31T08:29:58Z,XRPUSDT,COOLING,NONE,0.0,0.0,0.0,2.19,0.0,149508.64,89153.21,True,False,0.0,78090.67,0.0083,0.947,1.3679
2026-08-31T08:30:00Z,HBARUSDT,COOLING,NONE,0.0,0.0,0.0,1.35,0.0,38954.28,33532.06,True,False,-0.0135,78090.67,0.0083,0.934,0.07413
2026-08-31T08:30:02Z,RIZEUSDT,COOLING,NONE,0.0,0.0,0.0,62.7,0.0,117.47,1037.65,True,False,0.0,78090.67,0.0083,0.974,0.004304
2026-08-31T08:30:06Z,WUSDT,COOLING,NONE,0.0,0.0,0.0,10.74,0.0,10681.64,3800.37,True,False,0.0,78090.67,0.0083,1.973,0.009308
2026-08-31T08:30:09Z,REDUSDT,COOLING,NONE,0.0,0.0,0.0,14.57,0.0,6151.49,1674.43,True,False,0.0,78090.67,0.0083,1.928,0.10976
2026-08-31T08:30:43Z,XRPUSDT,COOLING,SELL,54.53,0.0,54.53,1.46,-0.73,114828.74,69895.63,True,False,0.0037,78096.75,0.0078,0.882,1.3687
2026-08-31T08:30:46Z,HBARUSDT,COOLING,NONE,0.0,0.0,0.0,1.35,0.0,36715.52,28655.24,True,False,0.0,78096.75,0.0078,0.89,0.07411
2026-08-31T08:30:50Z,RIZEUSDT,COOLING,NONE,0.0,0.0,0.0,62.7,0.0,117.47,1038.15,True,False,0.0,78096.75,0.0078,3.105,0.004304
2026-08-31T08:30:51Z,WUSDT,COOLING,NONE,0.0,0.0,0.0,15.04,0.0,8123.77,3800.37,True,False,0.0,78096.75,0.0078,0.927,0.009304
2026-08-31T08:30:54Z,REDUSDT,COOLING,NONE,0.0,0.0,0.0,14.57,-8.2,4911.52,1674.43,True,False,0.041,78096.75,0.0078,0.939,0.10985
2026-08-31T08:31:52Z,XRPUSDT,COOLING,NONE,0.0,0.0,0.0,2.19,0.0,62336.42,48741.35,True,False,0.0,78111.05,0.0183,0.92,1.3695
2026-08-31T08:31:54Z,HBARUSDT,COOLING,NONE,0.0,0.0,0.0,1.35,0.0,45667.85,25723.21,True,False,0.0,78111.05,0.0183,0.893,0.07413
2026-08-31T08:31:56Z,RIZEUSDT,COOLING,NONE,0.0,0.0,0.0,62.7,0.0,117.42,1038.15,True,False,0.0,78111.05,0.0183,0.926,0.004304
2026-08-31T08:31:59Z,WUSDT,COOLING,NONE,0.0,0.0,0.0,13.97,0.0,11709.49,3705.47,True,False,0.0,78111.05,0.0183,2.271,0.009311
2026-08-31T08:32:01Z,REDUSDT,COOLING,NONE,0.0,0.0,0.0,14.57,0.0,6151.01,5987.56,True,False,0.0,78111.05,0.0183,0.912,0.10978
2026-08-31T08:32:33Z,XRPUSDT,COOLING,NONE,0.0,0.0,0.0,2.92,0.0,95090.57,33329.31,True,False,0.0,78125.5,0.0185,1.0,1.3701
2026-08-31T08:32:35Z,HBARUSDT,COOLING,SELL,10.21,0.0,10.21,2.7,1.35,49949.65,13855.8,True,False,0.0067,78125.5,0.0185,0.941,0.07414
2026-08-31T08:32:38Z,RIZEUSDT,COOLING,SELL,0.07,0.0,0.07,62.7,0.0,117.55,1038.15,True,False,0.0,78125.5,0.0185,1.017,0.004306
2026-08-31T08:32:42Z,WUSDT,COOLING,NONE,0.0,0.0,0.0,15.03,0.0,11708.22,3426.99,True,False,0.0,78125.5,0.0185,1.043,0.009309
2026-08-31T08:32:45Z,REDUSDT,COOLING,NONE,0.0,0.0,0.0,14.57,0.0,6068.3,2891.98,True,False,0.0,78125.5,0.0185,0.987,0.10985
2026-08-31T08:33:17Z,XRPUSDT,COOLING,SELL,31.02,0.0,31.02,1.46,-0.73,92866.21,42489.19,True,True,0.0037,78125.01,-0.0006,1.04,1.3691
2026-08-31T08:33:18Z,HBARUSDT,COOLING,NONE,0.0,0.0,0.0,1.35,0.0,37755.3,11170.71,True,False,0.0,78125.01,-0.0006,0.991,0.07414
2026-08-31T08:33:21Z,RIZEUSDT,COOLING,NONE,0.0,0.0,0.0,62.7,0.0,117.47,1038.15,True,False,0.0,78125.01,-0.0006,0.955,0.004306
2026-08-31T08:33:23Z,WUSDT,COOLING,NONE,0.0,0.0,0.0,9.68,0.0,10267.12,3896.67,True,False,0.0,78125.01,-0.0006,0.968,0.009298
2026-08-31T08:33:26Z,REDUSDT,COOLING,NONE,0.0,0.0,0.0,10.03,0.0,5548.23,5873.91,True,False,0.0,78125.01,-0.0006,0.997,0.10986
2026-08-31T08:34:31Z,XRPUSDT,COOLING,NONE,0.0,0.0,0.0,1.46,0.0,74160.62,53839.86,True,False,0.0,78136.91,0.0152,1.024,1.3691
2026-08-31T08:34:33Z,HBARUSDT,COOLING,NONE,0.0,0.0,0.0,1.35,0.0,39009.93,12991.57,True,False,0.0,78136.91,0.0152,1.061,0.07411
2026-08-31T08:34:36Z,RIZEUSDT,COOLING,NONE,0.0,0.0,0.0,62.7,0.0,117.47,1038.15,True,False,0.0,78136.91,0.0152,1.096,0.004306
2026-08-31T08:34:38Z,WUSDT,COOLING,NONE,0.0,0.0,0.0,10.77,0.0,9309.25,4997.12,True,False,0.0,78136.91,0.0152,0.958,0.009291
2026-08-31T08:34:40Z,REDUSDT,COOLING,NONE,0.0,0.0,0.0,11.87,0.0,5789.0,5664.48,True,False,0.0,78136.91,0.0152,0.974,0.10961
2026-08-31T08:35:14Z,XRPUSDT,COOLING,NONE,0.0,0.0,0.0,2.19,0.0,93716.28,63124.74,True,False,0.0,78154.75,0.0228,0.935,1.3698
2026-08-31T08:35:16Z,HBARUSDT,COOLING,NONE,0.0,0.0,0.0,1.35,0.0,15693.51,12892.62,True,False,0.0,78154.75,0.0228,1.064,0.07414
2026-08-31T08:35:18Z,RIZEUSDT,COOLING,SELL,0.05,0.0,0.05,62.7,0.0,117.58,1038.15,True,False,0.0,78154.75,0.0228,1.003,0.004306
2026-08-31T08:35:21Z,WUSDT,COOLING,NONE,0.0,0.0,0.0,11.83,0.0,10202.03,3483.93,True,False,0.0,78154.75,0.0228,0.979,0.009299
2026-08-31T08:35:24Z,REDUSDT,COOLING,NONE,0.0,0.0,0.0,11.87,0.0,7367.46,5723.07,True,False,0.0,78154.75,0.0228,1.993,0.10957
2026-08-31T08:35:56Z,XRPUSDT,COOLING,NONE,0.0,0.0,0.0,2.19,0.0,89903.91,83263.88,True,False,0.0,78153.96,-0.001,0.945,1.3701
2026-08-31T08:35:57Z,HBARUSDT,COOLING,BUY,0.0,8.42,8.42,1.35,-0.0,15693.51,31853.44,True,False,0.0135,78153.96,-0.001,0.949,0.07414
2026-08-31T08:35:59Z,RIZEUSDT,COOLING,SELL,0.05,0.0,0.05,62.7,0.0,117.53,1038.15,True,False,0.0,78153.96,-0.001,0.94,0.004306
2026-08-31T08:36:02Z,WUSDT,COOLING,NONE,0.0,0.0,0.0,12.91,-5.37,9850.77,3871.4,True,False,-0.0269,78153.96,-0.001,1.998,0.009299
2026-08-31T08:36:04Z,REDUSDT,COOLING,NONE,0.0,0.0,0.0,11.87,0.0,7367.46,5723.07,True,False,0.0,78153.96,-0.001,0.986,0.10957
2026-08-31T08:37:07Z,XRPUSDT,COOLING,NONE,0.0,0.0,0.0,2.92,0.0,90648.99,81326.69,True,False,0.0,78142.05,-0.0152,0.969,1.3692
2026-08-31T08:37:09Z,HBARUSDT,COOLING,BUY,0.0,72.89,72.89,1.35,0.0,40131.65,33722.17,True,True,0.0,78142.05,-0.0152,0.921,0.07416
2026-08-31T08:37:12Z,RIZEUSDT,COOLING,BUY,0.12,40.34,40.34,32.46,0.0,117.8,1029.25,True,True,0.0,78142.05,-0.0152,1.922,0.004306
2026-08-31T08:37:15Z,WUSDT,COOLING,NONE,0.0,0.0,0.0,17.15,0.0,16267.47,2336.15,True,False,0.0,78142.05,-0.0152,1.95,0.009332
2026-08-31T08:37:17Z,REDUSDT,COOLING,NONE,0.0,0.0,0.0,11.87,0.0,5873.7,5769.09,True,False,0.0,78142.05,-0.0152,0.955,0.10951
2026-08-31T08:37:50Z,XRPUSDT,COOLING,NONE,0.0,0.0,0.0,2.19,0.0,118185.69,52262.02,True,False,0.0,78143.82,0.0023,1.012,1.3685
2026-08-31T08:37:53Z,HBARUSDT,COOLING,SELL,1.65,0.0,1.65,1.35,0.0,39159.09,29542.17,True,False,0.0,78143.82,0.0023,1.123,0.07412
2026-08-31T08:37:54Z,RIZEUSDT,COOLING,SELL,0.11,0.0,0.11,32.46,0.0,117.78,1023.37,True,False,0.0,78143.82,0.0023,1.032,0.004306
2026-08-31T08:37:56Z,WUSDT,COOLING,NONE,0.0,0.0,0.0,18.18,0.0,12332.67,2181.91,True,False,0.0,78143.82,0.0023,0.931,0.009369
2026-08-31T08:37:58Z,REDUSDT,COOLING,NONE,0.0,0.0,0.0,11.87,0.0,5873.7,5769.09,True,False,0.0,78143.82,0.0023,0.95,0.10951
2026-08-31T08:38:30Z,XRPUSDT,COOLING,BUY,0.0,12.79,12.79,2.19,0.73,207053.93,75954.33,True,False,0.0037,78152.34,0.0109,0.905,1.3679
2026-08-31T08:38:32Z,HBARUSDT,COOLING,BUY,0.0,19.02,19.02,4.05,0.0,44479.7,21398.62,True,False,0.0,78152.34,0.0109,0.998,0.07416
2026-08-31T08:38:33Z,RIZEUSDT,COOLING,NONE,0.0,0.0,0.0,62.7,0.0,117.47,1021.97,True,False,0.0,78152.34,0.0109,0.982,0.004316
2026-08-31T08:38:35Z,WUSDT,COOLING,NONE,0.0,0.0,0.0,16.04,0.0,15761.35,2147.67,True,False,0.0,78152.34,0.0109,0.96,0.009352
2026-08-31T08:38:37Z,REDUSDT,COOLING,NONE,0.0,0.0,0.0,11.87,0.0,2781.98,2047.14,True,False,0.0,78152.34,0.0109,0.984,0.10951
2026-08-31T08:39:44Z,XRPUSDT,COOLING,SELL,25.42,0.0,25.42,1.46,-1.46,74016.28,37644.73,True,False,-0.0073,78164.17,0.0151,1.902,1.3694
2026-08-31T08:39:46Z,HBARUSDT,COOLING,BUY,0.0,21.37,21.37,1.35,0.0,46411.52,12160.88,True,False,0.0,78164.17,0.0151,0.914,0.07412
2026-08-31T08:39:48Z,RIZEUSDT,COOLING,NONE,0.0,0.0,0.0,62.7,0.0,117.47,1021.97,True,False,0.0,78164.17,0.0151,0.953,0.004315
2026-08-31T08:39:52Z,WUSDT,COOLING,NONE,0.0,0.0,0.0,11.72,0.0,8480.38,8284.39,True,False,0.0,78164.17,0.0151,0.99,0.009384
2026-08-31T08:39:54Z,REDUSDT,COOLING,NONE,0.0,0.0,0.0,12.76,0.0,7306.15,1949.13,True,False,0.0,78164.17,0.0151,0.942,0.10957
2026-08-31T08:40:27Z,XRPUSDT,COOLING,SELL,68.35,0.0,68.35,2.19,-0.73,110559.15,51792.95,True,False,0.0037,78155.01,-0.0117,0.92,1.3685
2026-08-31T08:40:29Z,HBARUSDT,COOLING,BUY,0.0,45.39,45.39,1.35,0.0,43665.95,30780.39,True,False,0.0,78155.01,-0.0117,0.942,0.07412
2026-08-31T08:40:32Z,RIZEUSDT,COOLING,NONE,0.0,0.0,0.0,62.7,0.0,117.47,1021.97,True,False,0.0,78155.01,-0.0117,1.082,0.004311
2026-08-31T08:40:34Z,WUSDT,COOLING,NONE,0.0,0.0,0.0,19.23,8.55,9163.46,3981.84,True,False,-0.0427,78155.01,-0.0117,2.002,0.009379
2026-08-31T08:40:36Z,REDUSDT,COOLING,NONE,0.0,0.0,0.0,20.05,0.0,4500.74,1949.13,True,False,0.0,78155.01,-0.0117,0.917,0.10957
2026-08-31T08:41:09Z,XRPUSDT,COOLING,BUY,0.0,13.44,13.44,2.19,0.0,58432.21,48525.34,True,False,0.0,78170.51,0.0198,1.912,1.3695
2026-08-31T08:41:10Z,HBARUSDT,COOLING,NONE,0.0,0.0,0.0,1.35,0.0,45358.77,31346.44,True,False,0.0,78170.51,0.0198,0.971,0.07415
2026-08-31T08:41:12Z,RIZEUSDT,COOLING,SELL,0.18,0.0,0.18,41.75,0.0,117.78,1033.41,True,False,0.0,78170.51,0.0198,0.905,0.004302
2026-08-31T08:41:15Z,WUSDT,COOLING,NONE,0.0,0.0,0.0,6.42,-1.07,11049.45,3851.07,True,False,0.0053,78170.51,0.0198,1.025,0.009379
2026-08-31T08:41:16Z,REDUSDT,COOLING,NONE,0.0,0.0,0.0,10.03,0.0,4470.77,2283.5,True,False,0.0,78170.51,0.0198,0.913,0.10974
2026-08-31T08:42:17Z,XRPUSDT,COOLING,NONE,0.0,0.0,0.0,2.18,0.0,57196.46,38870.61,True,False,0.0,78305.83,0.1731,0.92,1.3731
2026-08-31T08:42:20Z,HBARUSDT,COOLING,NONE,0.0,0.0,0.0,1.35,0.0,36004.83,32354.24,True,False,0.0,78305.83,0.1731,1.926,0.07418
2026-08-31T08:42:22Z,RIZEUSDT,COOLING,NONE,0.0,0.0,0.0,30.14,0.0,117.67,1040.04,True,False,0.0,78305.83,0.1731,0.992,0.00432
2026-08-31T08:42:24Z,WUSDT,COOLING,NONE,0.0,0.0,0.0,11.73,-5.34,17636.81,5780.6,True,False,0.0267,78305.83,0.1731,0.92,0.00935
2026-08-31T08:42:26Z,REDUSDT,COOLING,NONE,0.0,0.0,0.0,19.95,6.34,6851.99,1489.15,True,False,0.0317,78305.83,0.1731,1.018,0.11023
2026-08-31T08:43:00Z,XRPUSDT,COOLING,SELL,52.18,0.0,52.18,2.91,1.45,106546.76,77368.9,True,False,-0.0145,78365.58,0.0763,0.998,1.3763
2026-08-31T08:43:04Z,HBARUSDT,COOLING,NONE,0.0,0.0,0.0,1.35,-1.35,46920.08,18919.73,True,False,-0.0067,78365.58,0.0763,2.497,0.07428
2026-08-31T08:43:06Z,RIZEUSDT,COOLING,NONE,0.0,0.0,0.0,60.19,0.0,117.67,1040.04,True,False,0.0,78365.58,0.0763,1.111,0.004322
2026-08-31T08:43:08Z,WUSDT,COOLING,NONE,0.0,0.0,0.0,9.61,0.0,11456.02,3798.63,True,False,0.0,78365.58,0.0763,0.991,0.009378
2026-08-31T08:43:11Z,REDUSDT,COOLING,NONE,0.0,0.0,0.0,12.71,0.0,6420.53,2874.24,True,False,0.0,78365.58,0.0763,1.079,0.1102
2026-08-31T08:43:50Z,XRPUSDT,COOLING,NONE,0.0,0.0,0.0,1.45,0.0,104978.44,52109.61,True,False,-0.0291,78370.72,0.0066,0.93,1.3764
2026-08-31T08:43:51Z,HBARUSDT,COOLING,NONE,0.0,0.0,0.0,1.35,0.0,44690.29,32526.05,True,False,0.0,78370.72,0.0066,0.893,0.07435
2026-08-31T08:43:53Z,RIZEUSDT,COOLING,NONE,0.0,0.0,0.0,60.19,0.0,117.83,1036.61,True,False,0.0,78370.72,0.0066,0.94,0.004308
2026-08-31T08:43:55Z,WUSDT,COOLING,NONE,0.0,0.0,0.0,11.77,2.14,10328.0,4348.24,True,False,-0.0107,78370.72,0.0066,0.993,0.009357
2026-08-31T08:43:57Z,REDUSDT,COOLING,NONE,0.0,0.0,0.0,10.0,0.0,6558.19,2156.61,True,False,0.0,78370.72,0.0066,1.028,0.11012
2026-08-31T08:45:06Z,XRPUSDT,COOLING,NONE,0.0,0.0,0.0,2.91,0.73,52751.58,36369.32,True,False,-0.0327,78323.89,-0.0598,1.959,1.3742
2026-08-31T08:45:08Z,HBARUSDT,COOLING,SELL,55.18,3.88,55.18,4.04,0.0,51190.59,36871.97,True,False,0.0,78323.89,-0.0598,0.987,0.0742
2026-08-31T08:45:11Z,RIZEUSDT,COOLING,NONE,0.0,0.0,0.0,60.19,0.0,117.69,1032.92,True,False,0.0,78323.89,-0.0598,0.967,0.004322
2026-08-31T08:45:12Z,WUSDT,COOLING,NONE,0.0,0.0,0.0,8.56,-3.21,10870.42,4468.62,True,False,0.016,78323.89,-0.0598,0.962,0.009352
2026-08-31T08:45:14Z,REDUSDT,COOLING,SELL,7.51,0.0,7.51,14.57,-8.2,6468.41,1947.03,True,False,0.041,78323.89,-0.0598,1.042,0.10995
2026-08-31T08:45:47Z,XRPUSDT,COOLING,NONE,0.0,0.0,0.0,2.18,0.0,69255.19,74231.13,True,False,0.0,78374.64,0.0648,0.953,1.3748
2026-08-31T08:45:50Z,HBARUSDT,COOLING,NONE,0.0,0.0,0.0,1.35,0.0,46726.33,13154.8,True,False,0.0,78374.64,0.0648,0.935,0.0742
2026-08-31T08:45:52Z,RIZEUSDT,COOLING,SELL,0.02,0.0,0.02,60.19,0.0,117.89,1035.76,True,False,0.0,78374.64,0.0648,1.917,0.00432
2026-08-31T08:45:55Z,WUSDT,COOLING,NONE,0.0,0.0,0.0,19.23,0.0,18189.72,3746.43,True,False,0.0,78374.64,0.0648,0.928,0.009356
2026-08-31T08:45:56Z,REDUSDT,COOLING,NONE,0.0,0.0,0.0,14.57,0.0,6056.52,6610.93,True,False,0.0,78374.64,0.0648,1.022,0.10988
2026-08-31T08:46:28Z,XRPUSDT,COOLING,NONE,0.0,0.0,0.0,2.18,0.0,68796.73,73732.13,True,False,-0.0146,78395.0,0.026,1.954,1.3747
2026-08-31T08:46:29Z,HBARUSDT,COOLING,SELL,11.85,0.0,11.85,1.35,-1.35,41805.87,13652.54,True,False,0.0067,78395.0,0.026,0.927,0.07428
2026-08-31T08:46:33Z,RIZEUSDT,COOLING,SELL,0.01,0.0,0.01,60.19,0.0,117.92,1035.76,True,False,0.0,78395.0,0.026,1.948,0.00432
2026-08-31T08:46:35Z,WUSDT,COOLING,NONE,0.0,0.0,0.0,11.77,0.0,10999.83,3967.74,True,False,0.0,78395.0,0.026,0.935,0.009352
2026-08-31T08:46:37Z,REDUSDT,COOLING,NONE,0.0,0.0,0.0,14.57,0.0,6056.52,6610.93,True,False,0.0,78395.0,0.026,0.928,0.10983
2026-08-31T08:47:39Z,XRPUSDT,COOLING,NONE,0.0,0.0,0.0,2.19,0.0,56641.73,59228.71,True,False,0.0,78325.0,-0.0893,0.985,1.3719
2026-08-31T08:47:42Z,HBARUSDT,COOLING,NONE,0.0,0.0,0.0,1.35,0.0,35256.87,24090.77,True,False,0.0,78325.0,-0.0893,1.086,0.07412
2026-08-31T08:47:44Z,RIZEUSDT,COOLING,NONE,0.0,0.0,0.0,60.19,0.0,117.83,1035.76,True,False,0.0,78325.0,-0.0893,0.988,0.00432
2026-08-31T08:47:48Z,WUSDT,COOLING,NONE,0.0,0.0,0.0,14.98,0.0,10870.42,3519.3,True,False,0.0,78325.0,-0.0893,1.931,0.009344
2026-08-31T08:47:51Z,REDUSDT,COOLING,NONE,0.0,0.0,0.0,12.76,0.0,5756.67,6605.13,True,False,0.0,78325.0,-0.0893,0.96,0.10977
2026-08-31T08:48:26Z,XRPUSDT,COOLING,NONE,0.0,0.0,0.0,1.46,-0.73,89766.52,65114.02,True,False,0.0036,78352.74,0.0354,1.406,1.3727
2026-08-31T08:48:28Z,HBARUSDT,COOLING,NONE,0.0,0.0,0.0,1.35,-1.35,48832.18,31699.91,True,False,0.0067,78352.74,0.0354,0.964,0.07414
2026-08-31T08:48:29Z,RIZEUSDT,COOLING,NONE,0.0,0.0,0.0,60.19,0.0,117.83,1039.92,True,False,0.0,78352.74,0.0354,1.016,0.00432
2026-08-31T08:48:32Z,WUSDT,COOLING,NONE,0.0,0.0,0.0,13.91,0.0,10870.42,3519.3,True,False,0.0,78352.74,0.0354,1.99,0.009344
2026-08-31T08:48:34Z,REDUSDT,COOLING,NONE,0.0,0.0,0.0,12.76,0.0,5756.67,6605.13,True,False,0.0,78352.74,0.0354,0.914,0.10975
2026-08-31T08:49:03Z,XRPUSDT,COOLING,NONE,0.0,0.0,0.0,2.18,0.0,87295.16,61022.72,True,False,0.0,78400.0,0.0603,0.963,1.3735
2026-08-31T08:49:05Z,HBARUSDT,COOLING,NONE,0.0,0.0,0.0,1.35,0.0,47631.99,32077.84,True,False,0.0,78400.0,0.0603,0.938,0.07414
2026-08-31T08:49:07Z,RIZEUSDT,COOLING,NONE,0.0,0.0,0.0,30.05,-30.14,117.83,1039.92,True,False,0.1505,78400.0,0.0603,0.997,0.004321
2026-08-31T08:49:08Z,WUSDT,COOLING,NONE,0.0,0.0,0.0,13.9,0.0,17600.34,3346.68,True,False,0.0,78400.0,0.0603,0.972,0.009349
2026-08-31T08:49:11Z,REDUSDT,COOLING,BUY,0.0,2.19,2.19,14.57,-7.29,5760.88,5965.29,True,False,0.0364,78400.0,0.0603,1.996,0.10975
2026-08-31T08:50:10Z,XRPUSDT,COOLING,BUY,0.0,2.08,2.08,2.19,0.0,58800.35,68799.1,True,False,0.0,78388.29,-0.0149,1.899,1.3732
2026-08-31T08:50:11Z,HBARUSDT,COOLING,NONE,0.0,0.0,0.0,1.35,0.0,33972.85,15113.89,True,False,0.0,78388.29,-0.0149,0.936,0.07416
2026-08-31T08:50:13Z,RIZEUSDT,COOLING,NONE,0.0,0.0,0.0,30.05,0.0,118.03,1035.48,True,False,0.0,78388.29,-0.0149,1.234,0.004333
2026-08-31T08:50:16Z,WUSDT,COOLING,NONE,0.0,0.0,0.0,14.98,0.0,9036.12,2647.4,True,False,0.0,78388.29,-0.0149,1.004,0.009345
2026-08-31T08:50:19Z,REDUSDT,COOLING,NONE,0.0,0.0,0.0,12.76,0.0,5756.67,6109.09,True,False,0.0,78388.29,-0.0149,0.977,0.10981
2026-08-31T08:50:51Z,XRPUSDT,COOLING,BUY,0.0,24.89,24.89,4.37,2.19,44656.84,36645.32,True,False,-0.0182,78355.01,-0.0425,0.909,1.3725
2026-08-31T08:50:53Z,HBARUSDT,COOLING,NONE,0.0,0.0,0.0,1.35,0.0,53540.14,30386.01,True,False,0.0,78355.01,-0.0425,0.972,0.07416
2026-08-31T08:50:55Z,RIZEUSDT,COOLING,NONE,0.0,0.0,0.0,30.05,0.0,118.03,1035.48,True,False,0.0,78355.01,-0.0425,0.951,0.004333
2026-08-31T08:50:56Z,WUSDT,COOLING,NONE,0.0,0.0,0.0,14.98,0.0,10611.54,3614.21,True,False,0.0,78355.01,-0.0425,1.008,0.00934
2026-08-31T08:51:00Z,REDUSDT,COOLING,NONE,0.0,0.0,0.0,20.05,0.0,6487.09,6109.09,True,False,0.0,78355.01,-0.0425,0.942,0.10974
2026-08-31T08:51:31Z,XRPUSDT,COOLING,NONE,0.0,0.0,0.0,2.19,0.0,73424.98,55827.64,True,False,0.0,78382.73,0.0354,0.947,1.3723
2026-08-31T08:51:32Z,HBARUSDT,COOLING,NONE,0.0,0.0,0.0,1.35,0.0,53540.14,30386.01,True,False,0.0,78382.73,0.0354,0.953,0.07409
2026-08-31T08:51:34Z,RIZEUSDT,COOLING,NONE,0.0,0.0,0.0,30.05,0.0,118.03,1027.72,True,False,0.0,78382.73,0.0354,0.908,0.004333
2026-08-31T08:51:36Z,WUSDT,COOLING,NONE,0.0,0.0,0.0,10.71,0.0,10030.9,3501.67,True,False,0.0,78382.73,0.0354,0.956,0.009338
2026-08-31T08:51:38Z,REDUSDT,COOLING,NONE,0.0,0.0,0.0,12.76,0.0,6487.09,6109.09,True,False,0.0,78382.73,0.0354,0.903,0.10971
2026-08-31T08:52:40Z,XRPUSDT,COOLING,SELL,31.94,29.67,31.94,1.46,-1.46,72433.17,71218.79,True,True,0.0219,78397.35,0.0187,0.934,1.3723
2026-08-31T08:52:41Z,HBARUSDT,COOLING,NONE,0.0,0.0,0.0,1.35,-1.35,21622.4,32312.53,True,False,0.0067,78397.35,0.0187,0.966,0.07408
2026-08-31T08:52:43Z,RIZEUSDT,COOLING,SELL,35.14,0.0,35.14,62.31,0.0,178.71,1033.92,True,False,0.0,78397.35,0.0187,0.964,0.004328
2026-08-31T08:52:45Z,WUSDT,COOLING,NONE,0.0,0.0,0.0,19.26,0.0,10611.54,3558.72,True,False,0.0,78397.35,0.0187,0.924,0.009347
2026-08-31T08:52:48Z,REDUSDT,COOLING,NONE,0.0,0.0,0.0,10.03,0.0,6236.67,5110.76,True,False,0.0,78397.35,0.0187,1.903,0.1097
2026-08-31T08:53:16Z,XRPUSDT,COOLING,NONE,0.0,0.0,0.0,2.19,0.0,68725.13,55710.64,True,False,0.0,78416.8,0.0248,1.009,1.3729
2026-08-31T08:53:19Z,HBARUSDT,COOLING,NONE,0.0,0.0,0.0,1.35,0.0,42868.25,36833.4,True,False,0.0,78416.8,0.0248,0.951,0.07412
2026-08-31T08:53:21Z,RIZEUSDT,COOLING,NONE,0.0,0.0,0.0,62.31,0.0,118.19,1033.92,True,False,0.0,78416.8,0.0248,0.988,0.004333
2026-08-31T08:53:22Z,WUSDT,COOLING,NONE,0.0,0.0,0.0,20.34,8.55,10030.9,3558.72,True,False,0.075,78416.8,0.0248,0.93,0.009337
2026-08-31T08:53:24Z,REDUSDT,COOLING,NONE,0.0,0.0,0.0,10.03,0.0,6236.67,5110.76,True,False,0.0,78416.8,0.0248,0.917,0.10964
2026-08-31T08:53:57Z,XRPUSDT,COOLING,NONE,0.0,0.0,0.0,2.18,-0.73,60907.03,39710.32,True,False,-0.0109,78459.32,0.0542,1.922,1.3749
2026-08-31T08:53:59Z,HBARUSDT,COOLING,NONE,0.0,0.0,0.0,1.35,0.0,17210.75,12550.35,True,False,0.0,78459.32,0.0542,0.996,0.07412
2026-08-31T08:54:03Z,RIZEUSDT,COOLING,SELL,0.1,0.0,0.1,62.31,0.0,118.3,1033.92,True,False,0.0,78459.32,0.0542,0.959,0.004328
2026-08-31T08:54:04Z,WUSDT,COOLING,NONE,0.0,0.0,0.0,11.78,0.0,10106.39,3503.39,True,False,0.0,78459.32,0.0542,0.908,0.009339
2026-08-31T08:54:06Z,REDUSDT,COOLING,NONE,0.0,0.0,0.0,10.03,0.0,6236.67,5110.76,True,False,0.0,78459.32,0.0542,0.966,0.10968
2026-08-31T08:55:10Z,XRPUSDT,COOLING,NONE,0.0,0.0,0.0,2.18,0.0,105114.35,62974.15,True,False,0.0,78430.61,-0.0366,1.544,1.374
2026-08-31T08:55:12Z,HBARUSDT,COOLING,NONE,0.0,0.0,0.0,1.35,0.0,46189.21,34118.27,True,False,0.0,78430.61,-0.0366,0.966,0.07416
2026-08-31T08:55:14Z,RIZEUSDT,COOLING,NONE,0.0,0.0,0.0,62.31,0.0,118.19,1042.71,True,False,0.0,78430.61,-0.0366,0.997,0.004335
2026-08-31T08:55:17Z,WUSDT,COOLING,NONE,0.0,0.0,0.0,10.74,0.0,3618.62,4711.71,True,False,0.0,78430.61,-0.0366,0.926,0.009311
2026-08-31T08:55:19Z,REDUSDT,COOLING,NONE,0.0,0.0,0.0,11.87,0.0,5819.8,5340.87,True,False,0.0,78430.61,-0.0366,1.411,0.1096
2026-08-31T08:55:57Z,XRPUSDT,COOLING,NONE,0.0,0.0,0.0,2.91,0.0,70501.76,54946.13,True,False,0.0,78438.03,0.0095,1.059,1.3741
2026-08-31T08:55:58Z,HBARUSDT,COOLING,BUY,21.47,29.0,29.0,2.7,1.35,40308.41,33420.81,True,True,0.0202,78438.03,0.0095,0.984,0.07412
2026-08-31T08:56:00Z,RIZEUSDT,COOLING,NONE,0.0,0.0,0.0,62.31,0.0,118.19,1042.71,True,False,0.0,78438.03,0.0095,0.954,0.004335
2026-08-31T08:56:02Z,WUSDT,COOLING,NONE,0.0,0.0,0.0,12.91,3.23,3482.18,2541.96,True,False,-0.0161,78438.03,0.0095,0.933,0.009298
2026-08-31T08:56:04Z,REDUSDT,COOLING,NONE,0.0,0.0,0.0,11.87,0.0,6312.08,2424.98,True,False,0.0,78438.03,0.0095,0.994,0.10954
2026-08-31T08:56:38Z,XRPUSDT,COOLING,NONE,0.0,0.0,0.0,2.18,0.0,182596.31,41043.45,True,False,0.0,78452.74,0.0188,0.923,1.3745
2026-08-31T08:56:40Z,HBARUSDT,COOLING,NONE,0.0,0.0,0.0,1.35,0.0,33338.37,33420.81,True,False,0.0,78452.74,0.0188,1.447,0.07413
2026-08-31T08:56:42Z,RIZEUSDT,COOLING,NONE,0.0,0.0,0.0,62.31,0.0,118.19,1042.71,True,False,0.0,78452.74,0.0188,0.915,0.004337
2026-08-31T08:56:44Z,WUSDT,COOLING,NONE,0.0,0.0,0.0,9.69,0.0,4900.44,4318.68,True,False,0.0,78452.74,0.0188,0.931,0.009297
2026-08-31T08:56:45Z,REDUSDT,COOLING,NONE,0.0,0.0,0.0,11.87,0.0,6277.57,2424.98,True,False,0.0,78452.74,0.0188,0.943,0.10956
2026-08-31T08:57:50Z,XRPUSDT,COOLING,NONE,0.0,0.0,0.0,1.46,0.0,165029.43,54439.28,True,False,0.0,78478.26,0.0325,0.984,1.3744
2026-08-31T08:57:52Z,HBARUSDT,COOLING,NONE,0.0,0.0,0.0,1.35,-0.0,42695.96,37517.52,True,False,0.0135,78478.26,0.0325,0.944,0.07413
2026-08-31T08:57:54Z,RIZEUSDT,COOLING,NONE,0.0,0.0,0.0,62.31,0.0,118.19,1028.38,True,False,0.0,78478.26,0.0325,0.943,0.004334
2026-08-31T08:57:56Z,WUSDT,COOLING,BUY,0.0,13.24,13.24,12.91,0.0,4621.98,3668.61,True,False,0.0,78478.26,0.0325,1.011,0.009286
2026-08-31T08:57:58Z,REDUSDT,COOLING,NONE,0.0,0.0,0.0,11.87,0.0,6277.57,2424.98,True,False,0.0,78478.26,0.0325,0.974,0.10954
2026-08-31T08:58:28Z,XRPUSDT,COOLING,BUY,0.0,60.31,60.31,2.18,0.0,34494.79,127586.56,True,False,0.0,78499.49,0.0271,0.961,1.3745
2026-08-31T08:58:30Z,HBARUSDT,COOLING,NONE,0.0,0.0,0.0,1.35,0.0,43981.22,25650.26,True,False,0.0,78499.49,0.0271,1.941,0.07413
2026-08-31T08:58:32Z,RIZEUSDT,COOLING,NONE,0.0,0.0,0.0,62.31,0.0,118.19,1028.38,True,False,0.0,78499.49,0.0271,0.967,0.004334
2026-08-31T08:58:34Z,WUSDT,COOLING,BUY,0.0,23.67,23.67,8.61,0.0,5511.76,4318.68,True,False,0.0,78499.49,0.0271,0.953,0.009287
2026-08-31T08:58:37Z,REDUSDT,COOLING,BUY,0.0,55.98,55.98,11.87,0.0,6277.57,5374.16,True,False,0.0,78499.49,0.0271,0.98,0.10956
2026-08-31T08:59:11Z,XRPUSDT,COOLING,SELL,20.76,9.76,20.76,0.73,-2.18,76900.29,71668.26,True,False,-0.0109,78507.55,0.0103,2.054,1.3742
2026-08-31T08:59:12Z,HBARUSDT,COOLING,NONE,0.0,0.0,0.0,1.35,0.0,41227.45,31908.9,True,False,0.0,78507.55,0.0103,0.93,0.07417
2026-08-31T08:59:14Z,RIZEUSDT,COOLING,NONE,0.0,0.0,0.0,29.95,0.0,118.39,1029.91,True,False,0.0,78507.55,0.0103,0.984,0.004334
2026-08-31T08:59:16Z,WUSDT,COOLING,SELL,0.14,0.0,0.14,20.42,5.38,18349.64,3781.15,True,False,-0.0376,78507.55,0.0103,1.024,0.009293
2026-08-31T08:59:18Z,REDUSDT,COOLING,NONE,0.0,0.0,0.0,14.62,0.0,2113.92,2437.05,True,False,0.0,78507.55,0.0103,0.902,0.10954
2026-08-31T09:00:18Z,XRPUSDT,COOLING,NONE,0.0,0.0,0.0,0.73,-1.46,52570.15,54661.12,True,False,-0.0073,78478.46,-0.0371,0.96,1.3733
2026-08-31T09:00:20Z,HBARUSDT,COOLING,NONE,0.0,0.0,0.0,1.35,0.0,46586.89,14893.73,True,False,0.0,78478.46,-0.0371,0.989,0.07414
2026-08-31T09:00:23Z,RIZEUSDT,COOLING,NONE,0.0,0.0,0.0,62.31,0.0,118.19,1031.48,True,False,0.0,78478.46,-0.0371,0.996,0.004338
2026-08-31T09:00:26Z,WUSDT,COOLING,NONE,0.0,0.0,0.0,12.91,-1.08,18323.71,3551.13,True,False,-0.0054,78478.46,-0.0371,1.918,0.009296
2026-08-31T09:00:28Z,REDUSDT,COOLING,NONE,0.0,0.0,0.0,14.62,0.0,2276.18,2274.31,True,False,0.0,78478.46,-0.0371,1.037,0.10945
2026-08-31T09:00:58Z,XRPUSDT,COOLING,NONE,0.0,0.0,0.0,2.18,0.0,74694.25,47026.88,True,False,0.0,78486.73,0.0105,0.994,1.373
2026-08-31T09:01:00Z,HBARUSDT,COOLING,NONE,0.0,0.0,0.0,1.35,0.0,41664.22,29985.66,True,False,0.0,78486.73,0.0105,1.019,0.07411
2026-08-31T09:01:02Z,RIZEUSDT,COOLING,NONE,0.0,0.0,0.0,62.31,0.0,118.19,1031.48,True,False,0.0,78486.73,0.0105,0.986,0.004338
2026-08-31T09:01:04Z,WUSDT,COOLING,BUY,0.0,28.51,28.51,20.45,0.0,11931.08,3551.13,True,True,0.0,78486.73,0.0105,1.012,0.009294
2026-08-31T09:01:05Z,REDUSDT,COOLING,NONE,0.0,0.0,0.0,14.62,0.0,2685.53,2274.31,True,False,0.0,78486.73,0.0105,0.994,0.10944
2026-08-31T09:01:37Z,XRPUSDT,COOLING,SELL,0.73,0.0,0.73,0.73,-1.46,69918.5,67732.33,True,False,0.0073,78443.61,-0.0549,0.985,1.3729
2026-08-31T09:01:39Z,HBARUSDT,COOLING,NONE,0.0,0.0,0.0,1.35,0.0,44805.15,28116.6,True,False,0.0,78443.61,-0.0549,0.907,0.07412
2026-08-31T09:01:41Z,RIZEUSDT,COOLING,NONE,0.0,0.0,0.0,62.31,0.0,118.19,1031.48,True,False,0.0,78443.61,-0.0549,0.955,0.004334
2026-08-31T09:01:44Z,WUSDT,COOLING,NONE,0.0,0.0,0.0,19.35,0.0,18593.27,3145.96,True,False,0.0,78443.61,-0.0549,1.937,0.0093
2026-08-31T09:01:45Z,REDUSDT,COOLING,NONE,0.0,0.0,0.0,10.03,0.0,4363.19,1699.65,True,False,0.0,78443.61,-0.0549,0.958,0.10952
2026-08-31T09:02:49Z,XRPUSDT,COOLING,NONE,0.0,0.0,0.0,2.19,0.0,92123.48,75175.55,True,False,0.0,78435.0,-0.011,0.941,1.372
2026-08-31T09:02:51Z,HBARUSDT,COOLING,NONE,0.0,0.0,0.0,1.35,0.0,50905.64,28557.83,True,False,0.0,78435.0,-0.011,0.962,0.07413
2026-08-31T09:02:53Z,RIZEUSDT,COOLING,NONE,0.0,0.0,0.0,62.31,0.0,118.19,1026.96,True,False,0.0,78435.0,-0.011,0.959,0.004332
2026-08-31T09:02:56Z,WUSDT,COOLING,NONE,0.0,0.0,0.0,8.6,0.0,16857.27,3775.79,True,False,0.0,78435.0,-0.011,1.04,0.009311
2026-08-31T09:02:58Z,REDUSDT,COOLING,NONE,0.0,0.0,0.0,11.87,0.0,5291.38,1627.02,True,False,0.0,78435.0,-0.011,0.996,0.10956
2026-08-31T09:03:30Z,XRPUSDT,COOLING,NONE,0.0,0.0,0.0,2.19,0.0,45495.64,32445.22,True,False,0.0,78405.16,-0.038,0.914,1.3705
2026-08-31T09:03:32Z,HBARUSDT,COOLING,NONE,0.0,0.0,0.0,2.7,1.35,49444.4,16088.98,True,False,-0.0067,78405.16,-0.038,1.098,0.07412
2026-08-31T09:03:34Z,RIZEUSDT,COOLING,SELL,0.05,0.0,0.05,23.06,-11.51,118.42,1027.43,True,False,-0.0576,78405.16,-0.038,0.959,0.004332
2026-08-31T09:03:36Z,WUSDT,COOLING,NONE,0.0,0.0,0.0,10.74,0.0,12952.38,3093.41,True,False,0.0,78405.16,-0.038,0.936,0.009294
2026-08-31T09:03:39Z,REDUSDT,COOLING,NONE,0.0,0.0,0.0,14.62,0.0,5286.99,2204.44,True,False,0.0,78405.16,-0.038,0.983,0.10948
2026-08-31T09:04:08Z,XRPUSDT,COOLING,NONE,0.0,0.0,0.0,2.19,0.0,74106.57,131197.08,True,False,0.0,78400.16,-0.0064,0.952,1.3715
2026-08-31T09:04:10Z,HBARUSDT,COOLING,NONE,0.0,0.0,0.0,1.35,0.0,40527.12,30959.5,True,False,0.0,78400.16,-0.0064,1.996,0.07409
2026-08-31T09:04:13Z,RIZEUSDT,COOLING,NONE,0.0,0.0,0.0,62.31,0.0,118.19,1042.08,True,False,0.0,78400.16,-0.0064,1.99,0.004342
2026-08-31T09:04:16Z,WUSDT,COOLING,SELL,0.01,0.0,0.01,15.04,0.0,12952.38,3093.41,True,False,0.0,78400.16,-0.0064,1.012,0.009302
2026-08-31T09:04:17Z,REDUSDT,COOLING,NONE,0.0,0.0,0.0,14.62,0.0,5996.67,2204.44,True,False,0.0,78400.16,-0.0064,0.998,0.10947
2026-08-31T09:05:22Z,XRPUSDT,COOLING,NONE,0.0,0.0,0.0,2.19,-0.73,59879.31,34908.6,True,False,0.0036,78395.0,-0.0066,1.027,1.3701
2026-08-31T09:05:24Z,HBARUSDT,COOLING,NONE,0.0,0.0,0.0,1.35,0.0,34273.74,37894.69,True,False,0.0,78395.0,-0.0066,1.007,0.07409
2026-08-31T09:05:26Z,RIZEUSDT,COOLING,NONE,0.0,0.0,0.0,50.8,0.0,118.14,1023.96,True,False,0.0,78395.0,-0.0066,0.976,0.004335
2026-08-31T09:05:29Z,WUSDT,COOLING,NONE,0.0,0.0,0.0,12.91,0.0,11589.72,2035.88,True,False,0.0,78395.0,-0.0066,1.071,0.009306
2026-08-31T09:05:31Z,REDUSDT,COOLING,NONE,0.0,0.0,0.0,14.62,0.0,7087.9,1542.93,True,False,0.0,78395.0,-0.0066,2.017,0.10945
2026-08-31T09:06:06Z,XRPUSDT,COOLING,BUY,0.0,10.11,10.11,2.91,0.73,61995.62,76950.28,True,False,0.0036,78525.31,0.1662,0.957,1.3732
2026-08-31T09:06:09Z,HBARUSDT,COOLING,NONE,0.0,0.0,0.0,1.35,-0.0,43745.16,20612.07,True,False,0.0135,78525.31,0.1662,0.899,0.07407
2026-08-31T09:06:11Z,RIZEUSDT,COOLING,NONE,0.0,0.0,0.0,62.31,0.0,118.19,1036.25,True,False,0.0,78525.31,0.1662,0.961,0.004335
2026-08-31T09:06:13Z,WUSDT,COOLING,NONE,0.0,0.0,0.0,8.6,0.0,12973.58,3093.41,True,False,0.0,78525.31,0.1662,0.967,0.009295
2026-08-31T09:06:15Z,REDUSDT,COOLING,NONE,0.0,0.0,0.0,10.03,0.0,7280.82,1588.45,True,False,0.0,78525.31,0.1662,0.941,0.10952
2026-08-31T09:06:46Z,XRPUSDT,COOLING,BUY,0.0,12.45,12.45,1.46,0.0,55933.75,62521.4,True,False,0.0,78470.16,-0.0702,0.951,1.3718
2026-08-31T09:06:49Z,HBARUSDT,COOLING,SELL,3.15,0.0,3.15,1.35,0.0,44365.51,17888.47,True,False,0.0,78470.16,-0.0702,1.94,0.07415
2026-08-31T09:06:51Z,RIZEUSDT,COOLING,NONE,0.0,0.0,0.0,62.31,0.0,101.12,1036.25,True,False,0.0,78470.16,-0.0702,0.933,0.004335
2026-08-31T09:06:53Z,WUSDT,COOLING,BUY,0.0,58.74,58.74,8.6,-11.82,16952.32,4127.65,True,False,-0.0591,78470.16,-0.0702,0.951,0.0093
2026-08-31T09:06:54Z,REDUSDT,COOLING,BUY,0.0,8.56,8.56,21.9,10.03,5784.8,5287.97,True,False,0.0502,78470.16,-0.0702,0.962,0.10964
2026-08-31T09:07:54Z,XRPUSDT,COOLING,NONE,0.0,0.0,0.0,2.18,-0.73,57689.42,59835.94,True,False,0.0036,78486.88,0.0213,0.942,1.373
2026-08-31T09:07:56Z,HBARUSDT,COOLING,NONE,0.0,0.0,0.0,1.35,0.0,33953.16,29513.56,True,False,0.0,78486.88,0.0213,0.999,0.07411
2026-08-31T09:07:58Z,RIZEUSDT,COOLING,NONE,0.0,0.0,0.0,62.31,0.0,118.19,1036.25,True,False,0.0,78486.88,0.0213,0.969,0.004335
2026-08-31T09:07:59Z,WUSDT,COOLING,BUY,0.0,16.41,16.41,20.45,-1.08,10265.41,2864.12,True,False,-0.0054,78486.88,0.0213,0.985,0.009285
2026-08-31T09:08:01Z,REDUSDT,COOLING,NONE,0.0,0.0,0.0,14.62,0.0,4801.69,3466.81,True,False,0.0,78486.88,0.0213,0.991,0.10944
2026-08-31T09:08:33Z,XRPUSDT,COOLING,NONE,0.0,0.0,0.0,1.46,-0.73,55570.32,72452.47,True,False,0.0036,78540.9,0.0688,1.047,1.3734
2026-08-31T09:08:35Z,HBARUSDT,COOLING,NONE,0.0,0.0,0.0,1.35,0.0,18421.1,24354.1,True,False,0.0,78540.9,0.0688,0.959,0.07411
2026-08-31T09:08:37Z,RIZEUSDT,COOLING,NONE,0.0,0.0,0.0,62.31,0.0,118.19,1040.32,True,False,0.0,78540.9,0.0688,1.046,0.004343
2026-08-31T09:08:39Z,WUSDT,COOLING,NONE,0.0,0.0,0.0,13.97,1.08,5881.26,3617.93,True,False,-0.0054,78540.9,0.0688,0.985,0.009292
2026-08-31T09:08:40Z,REDUSDT,COOLING,BUY,0.0,4.23,4.23,22.77,10.01,4397.13,6011.4,True,False,0.0501,78540.9,0.0688,0.94,0.10946
2026-08-31T09:09:13Z,XRPUSDT,COOLING,BUY,35.7,39.02,39.02,2.9,2.18,73962.33,82291.3,True,False,-0.0036,78762.12,0.2817,1.127,1.378
2026-08-31T09:09:15Z,HBARUSDT,COOLING,SELL,4.56,0.0,4.56,1.34,0.0,39447.44,25611.11,True,False,-0.0269,78762.12,0.2817,0.977,0.07427
2026-08-31T09:09:17Z,RIZEUSDT,COOLING,NONE,0.0,0.0,0.0,62.31,0.0,118.19,1027.48,True,False,0.0,78762.12,0.2817,0.969,0.004339
2026-08-31T09:09:19Z,WUSDT,COOLING,NONE,0.0,0.0,0.0,11.81,3.22,16557.31,4052.24,True,False,-0.0161,78762.12,0.2817,0.988,0.009321
2026-08-31T09:09:21Z,REDUSDT,COOLING,NONE,0.0,0.0,0.0,14.57,0.0,6552.1,2088.78,True,False,0.0,78762.12,0.2817,0.979,0.1098
2026-08-31T09:10:22Z,XRPUSDT,COOLING,BUY,2.4,8.33,8.33,2.18,0.0,43482.0,61898.81,True,False,-0.0073,78720.7,-0.0526,1.987,1.376
2026-08-31T09:10:23Z,HBARUSDT,COOLING,BUY,0.0,0.01,0.01,1.35,0.0,37148.57,20317.41,True,False,-0.0135,78720.7,-0.0526,0.979,0.07435
2026-08-31T09:10:27Z,RIZEUSDT,COOLING,SELL,7.86,0.0,7.86,62.31,0.0,118.19,1027.48,True,False,0.0,78720.7,-0.0526,1.931,0.004339
2026-08-31T09:10:29Z,WUSDT,COOLING,NONE,0.0,0.0,0.0,15.03,0.0,12454.7,4053.96,True,False,0.0,78720.7,-0.0526,0.992,0.009317
2026-08-31T09:10:30Z,REDUSDT,COOLING,NONE,0.0,0.0,0.0,12.76,0.0,6329.03,2838.42,True,False,0.0,78720.7,-0.0526,0.919,0.10984
2026-08-31T09:11:04Z,XRPUSDT,COOLING,NONE,0.0,0.0,0.0,2.18,0.0,54427.54,41581.54,True,False,0.0,78666.97,-0.0683,0.936,1.3747
2026-08-31T09:11:06Z,HBARUSDT,COOLING,NONE,0.0,0.0,0.0,1.35,0.0,20805.91,12585.82,True,False,0.0,78666.97,-0.0683,0.976,0.07435
2026-08-31T09:11:08Z,RIZEUSDT,COOLING,BUY,0.0,82.8,82.8,62.31,0.0,118.55,1045.1,True,True,0.0,78666.97,-0.0683,0.939,0.004346
2026-08-31T09:11:10Z,WUSDT,COOLING,SELL,6.69,0.0,6.69,22.58,9.67,9762.58,3587.89,True,False,0.0592,78666.97,-0.0683,0.983,0.009304
2026-08-31T09:11:12Z,REDUSDT,COOLING,NONE,0.0,0.0,0.0,10.03,0.0,6329.03,2228.8,True,False,0.0,78666.97,-0.0683,0.966,0.10981
2026-08-31T09:11:46Z,XRPUSDT,COOLING,NONE,0.0,0.0,0.0,2.19,0.0,84826.7,34476.04,True,False,0.0,78615.83,-0.065,0.915,1.3728
2026-08-31T09:11:48Z,HBARUSDT,COOLING,NONE,0.0,0.0,0.0,1.35,0.0,40309.18,33445.95,True,False,0.0,78615.83,-0.065,1.295,0.07424
2026-08-31T09:11:50Z,RIZEUSDT,COOLING,NONE,0.0,0.0,0.0,62.31,0.0,118.19,1032.74,True,False,0.0,78615.83,-0.065,0.925,0.004346
2026-08-31T09:11:51Z,WUSDT,COOLING,NONE,0.0,0.0,0.0,12.91,0.0,10686.9,2276.91,True,False,0.0,78615.83,-0.065,0.925,0.009299
2026-08-31T09:11:53Z,REDUSDT,COOLING,NONE,0.0,0.0,0.0,10.03,0.0,6329.03,5216.17,True,False,0.0,78615.83,-0.065,0.924,0.1097
2026-08-31T09:12:51Z,XRPUSDT,COOLING,NONE,0.0,0.0,0.0,0.73,0.0,31685.96,31252.92,True,False,0.0,78625.39,0.0122,1.042,1.372
2026-08-31T09:12:54Z,HBARUSDT,COOLING,BUY,14.8,20.57,20.57,1.35,0.0,41349.9,18306.72,True,False,-0.027,78625.39,0.0122,2.014,0.07422
2026-08-31T09:12:56Z,RIZEUSDT,COOLING,NONE,0.0,0.0,0.0,62.31,0.0,118.19,1032.74,True,False,0.0,78625.39,0.0122,0.949,0.004346
2026-08-31T09:12:58Z,WUSDT,COOLING,NONE,0.0,0.0,0.0,10.76,0.0,5254.77,3440.54,True,False,0.0,78625.39,0.0122,0.96,0.009295
2026-08-31T09:13:00Z,REDUSDT,COOLING,NONE,0.0,0.0,0.0,12.76,0.0,6163.35,6867.82,True,False,0.0,78625.39,0.0122,0.923,0.10983
2026-08-31T09:13:33Z,XRPUSDT,COOLING,BUY,0.0,9.66,9.66,2.19,0.0,67629.9,59469.75,True,False,0.0,78613.5,-0.0151,1.088,1.3719
2026-08-31T09:13:35Z,HBARUSDT,COOLING,NONE,0.0,0.0,0.0,1.35,0.0,36528.29,30659.82,True,False,0.0,78613.5,-0.0151,0.994,0.07422
2026-08-31T09:13:36Z,RIZEUSDT,COOLING,NONE,0.0,0.0,0.0,62.31,0.0,118.19,1045.07,True,False,0.0,78613.5,-0.0151,0.992,0.004346
2026-08-31T09:13:38Z,WUSDT,COOLING,NONE,0.0,0.0,0.0,9.69,0.0,4618.95,3632.47,True,False,0.0,78613.5,-0.0151,1.001,0.009288
2026-08-31T09:13:42Z,REDUSDT,COOLING,NONE,0.0,0.0,0.0,12.76,0.0,6163.35,2371.57,True,False,0.0,78613.5,-0.0151,1.931,0.10979
2026-08-31T09:14:18Z,XRPUSDT,COOLING,BUY,0.0,10.09,10.09,1.46,-0.73,77413.7,45976.22,True,False,0.0036,78665.57,0.0662,1.887,1.3722
2026-08-31T09:14:20Z,HBARUSDT,COOLING,BUY,0.0,28.45,28.45,1.35,0.0,40057.72,36129.65,True,False,-0.0135,78665.57,0.0662,0.943,0.07417
2026-08-31T09:14:23Z,RIZEUSDT,COOLING,NONE,0.0,0.0,0.0,62.31,0.0,118.19,1044.86,True,False,0.0,78665.57,0.0662,1.97,0.004346
2026-08-31T09:14:24Z,WUSDT,COOLING,NONE,0.0,0.0,0.0,10.77,0.0,4618.95,3632.47,True,False,0.0,78665.57,0.0662,0.929,0.009285
2026-08-31T09:14:26Z,REDUSDT,COOLING,NONE,0.0,0.0,0.0,20.05,0.0,6163.35,2599.15,True,False,0.0,78665.57,0.0662,1.015,0.10973
2026-08-31T09:15:29Z,XRPUSDT,COOLING,NONE,0.0,0.0,0.0,1.46,-0.73,137265.93,68797.25,True,False,0.0036,78616.7,-0.0621,0.937,1.3712
2026-08-31T09:15:31Z,HBARUSDT,COOLING,SELL,6.32,0.0,6.32,1.35,0.0,40534.18,13740.44,True,False,-0.0135,78616.7,-0.0621,0.919,0.07415
2026-08-31T09:15:32Z,RIZEUSDT,COOLING,SELL,0.16,0.0,0.16,62.31,0.0,118.36,1044.86,True,False,0.0,78616.7,-0.0621,0.891,0.004336
2026-08-31T09:15:35Z,WUSDT,COOLING,NONE,0.0,0.0,0.0,19.4,0.0,10091.86,3805.65,True,False,0.0,78616.7,-0.0621,0.968,0.009287
2026-08-31T09:15:38Z,REDUSDT,COOLING,NONE,0.0,0.0,0.0,11.87,0.0,7250.48,5831.06,True,False,0.0,78616.7,-0.0621,1.386,0.10964
2026-08-31T09:16:12Z,XRPUSDT,COOLING,BUY,0.0,17.64,17.64,2.19,-0.0,77520.65,58040.9,True,False,0.0073,78589.21,-0.035,0.968,1.3709
2026-08-31T09:16:13Z,HBARUSDT,COOLING,SELL,73.25,0.0,73.25,2.7,1.35,27220.1,15300.57,True,False,0.0472,78589.21,-0.035,0.912,0.07409
2026-08-31T09:16:15Z,RIZEUSDT,COOLING,NONE,0.0,0.0,0.0,62.31,0.0,118.19,1031.02,True,False,0.0,78589.21,-0.035,1.036,0.004346
2026-08-31T09:16:17Z,WUSDT,COOLING,BUY,0.0,53.74,53.74,8.6,0.0,17065.85,3440.54,True,True,0.0,78589.21,-0.035,0.921,0.00928
2026-08-31T09:16:18Z,REDUSDT,COOLING,NONE,0.0,0.0,0.0,10.03,0.0,6675.42,5836.87,True,False,0.0,78589.21,-0.035,0.957,0.10954
2026-08-31T09:16:49Z,XRPUSDT,COOLING,SELL,31.09,0.78,31.09,1.46,-0.73,89256.35,59994.88,True,False,-0.0182,78676.97,0.1117,0.967,1.3742
2026-08-31T09:16:51Z,HBARUSDT,COOLING,NONE,0.0,0.0,0.0,1.35,0.0,34941.33,12992.62,True,False,0.0,78676.97,0.1117,1.002,0.07414
2026-08-31T09:16:54Z,RIZEUSDT,COOLING,SELL,0.03,0.0,0.03,62.31,0.0,118.28,1031.02,True,False,0.0,78676.97,0.1117,2.045,0.004336
2026-08-31T09:16:58Z,WUSDT,COOLING,NONE,0.0,0.0,0.0,10.77,3.23,11933.65,2719.6,True,False,-0.0162,78676.97,0.1117,2.037,0.009295
2026-08-31T09:17:01Z,REDUSDT,COOLING,NONE,0.0,0.0,0.0,12.76,0.0,7019.21,4899.61,True,False,0.0,78676.97,0.1117,2.059,0.10972
2026-08-31T09:18:11Z,XRPUSDT,COOLING,NONE,0.0,0.0,0.0,2.18,0.73,68913.26,51519.44,True,False,0.0036,78710.92,0.0432,0.992,1.3746
2026-08-31T09:18:14Z,HBARUSDT,COOLING,NONE,0.0,0.0,0.0,1.35,0.0,36011.77,26980.01,True,False,0.0,78710.92,0.0432,0.973,0.07423
2026-08-31T09:18:17Z,RIZEUSDT,COOLING,NONE,0.0,0.0,0.0,62.31,0.0,118.19,1031.02,True,False,0.0,78710.92,0.0432,1.985,0.004336
2026-08-31T09:18:20Z,WUSDT,COOLING,NONE,0.0,0.0,0.0,10.77,0.0,11933.65,3805.65,True,False,0.0,78710.92,0.0432,0.974,0.009285
2026-08-31T09:18:25Z,REDUSDT,COOLING,NONE,0.0,0.0,0.0,10.03,0.0,7307.49,5408.29,True,False,0.0,78710.92,0.0432,1.974,0.10972
2026-08-31T09:18:55Z,XRPUSDT,COOLING,NONE,0.0,0.0,0.0,1.46,0.0,65234.02,71190.69,True,False,0.0,78689.41,-0.0273,0.918,1.3744
2026-08-31T09:18:56Z,HBARUSDT,COOLING,NONE,0.0,0.0,0.0,1.35,0.0,35175.76,31651.09,True,False,0.0,78689.41,-0.0273,0.929,0.07418
2026-08-31T09:18:58Z,RIZEUSDT,COOLING,NONE,0.0,0.0,0.0,62.31,0.0,118.19,1031.02,True,False,0.0,78689.41,-0.0273,0.941,0.004337
2026-08-31T09:19:00Z,WUSDT,COOLING,BUY,0.0,36.85,36.85,15.08,3.23,11933.65,3805.65,True,True,-0.0162,78689.41,-0.0273,0.905,0.009288
2026-08-31T09:19:02Z,REDUSDT,COOLING,NONE,0.0,0.0,0.0,21.9,0.0,6496.37,5267.18,True,False,0.0,78689.41,-0.0273,0.977,0.10964
2026-08-31T09:19:38Z,XRPUSDT,COOLING,NONE,0.0,0.0,0.0,2.18,0.0,57215.86,41460.77,True,False,0.0,78685.07,-0.0055,0.954,1.3744
2026-08-31T09:19:40Z,HBARUSDT,COOLING,NONE,0.0,0.0,0.0,1.35,0.0,28357.97,36477.17,True,False,0.0,78685.07,-0.0055,1.991,0.07419
2026-08-31T09:19:44Z,RIZEUSDT,COOLING,NONE,0.0,0.0,0.0,62.31,0.0,118.19,1033.35,True,False,0.0,78685.07,-0.0055,0.982,0.004343
2026-08-31T09:19:47Z,WUSDT,COOLING,NONE,0.0,0.0,0.0,10.78,0.0,8608.57,3698.2,True,False,0.0,78685.07,-0.0055,0.994,0.009277
2026-08-31T09:19:50Z,REDUSDT,COOLING,NONE,0.0,0.0,0.0,10.03,0.0,7307.49,5267.18,True,False,0.0,78685.07,-0.0055,0.936,0.10965
2026-08-31T09:20:52Z,XRPUSDT,COOLING,NONE,0.0,0.0,0.0,2.18,-0.73,31416.29,65577.88,True,False,0.0036,78673.8,-0.0143,0.941,1.3732
2026-08-31T09:20:55Z,HBARUSDT,COOLING,NONE,0.0,0.0,0.0,1.35,0.0,36383.43,33474.01,True,False,0.0,78673.8,-0.0143,0.98,0.07419
2026-08-31T09:20:57Z,RIZEUSDT,COOLING,NONE,0.0,0.0,0.0,62.31,0.0,118.19,1033.35,True,False,0.0,78673.8,-0.0143,1.244,0.004338
2026-08-31T09:20:59Z,WUSDT,COOLING,NONE,0.0,0.0,0.0,15.11,0.0,9938.76,4829.26,True,False,0.0,78673.8,-0.0143,0.962,0.00927
2026-08-31T09:21:01Z,REDUSDT,COOLING,NONE,0.0,0.0,0.0,11.87,0.0,7250.48,5403.68,True,False,0.0,78673.8,-0.0143,0.95,0.10966
2026-08-31T09:21:31Z,XRPUSDT,COOLING,BUY,0.0,36.27,36.27,1.46,-0.73,63715.77,76044.19,True,False,-0.0036,78678.36,0.0058,0.999,1.3736
2026-08-31T09:21:33Z,HBARUSDT,COOLING,NONE,0.0,0.0,0.0,1.35,0.0,41278.63,30150.41,True,False,0.0,78678.36,0.0058,1.986,0.07418
2026-08-31T09:21:35Z,RIZEUSDT,COOLING,NONE,0.0,0.0,0.0,62.31,0.0,118.19,1033.35,True,False,0.0,78678.36,0.0058,0.913,0.004338
2026-08-31T09:21:37Z,WUSDT,COOLING,NONE,0.0,0.0,0.0,14.03,0.0,10141.51,4457.18,True,False,0.0,78678.36,0.0058,0.96,0.009264
2026-08-31T09:21:38Z,REDUSDT,COOLING,NONE,0.0,0.0,0.0,14.62,0.0,6496.37,6284.13,True,False,0.0,78678.36,0.0058,0.938,0.10949
2026-08-31T09:22:09Z,XRPUSDT,COOLING,SELL,15.77,0.0,15.77,2.18,0.73,80761.94,52686.25,True,False,0.0036,78705.44,0.0344,0.93,1.3748
2026-08-31T09:22:10Z,HBARUSDT,COOLING,SELL,24.22,1.03,24.22,1.35,-0.0,43953.73,30270.38,True,True,0.0135,78705.44,0.0344,0.929,0.07418
2026-08-31T09:22:13Z,RIZEUSDT,COOLING,NONE,0.0,0.0,0.0,62.31,0.0,118.19,1033.35,True,False,0.0,78705.44,0.0344,0.935,0.004338
2026-08-31T09:22:16Z,WUSDT,COOLING,NONE,0.0,0.0,0.0,7.55,0.0,16445.94,3675.63,True,False,0.0,78705.44,0.0344,1.404,0.009273
2026-08-31T09:22:19Z,REDUSDT,COOLING,NONE,0.0,0.0,0.0,11.87,0.0,6496.37,6288.11,True,False,0.0,78705.44,0.0344,0.982,0.10948
2026-08-31T09:23:27Z,XRPUSDT,COOLING,NONE,0.0,0.0,0.0,1.45,-0.73,83279.48,52952.27,True,False,0.0109,78752.88,0.0603,0.958,1.3758
2026-08-31T09:23:28Z,HBARUSDT,COOLING,NONE,0.0,0.0,0.0,1.35,0.0,44049.45,35489.58,True,False,0.0,78752.88,0.0603,0.968,0.07424
2026-08-31T09:23:30Z,RIZEUSDT,COOLING,NONE,0.0,0.0,0.0,62.31,0.0,118.19,1033.35,True,False,0.0,78752.88,0.0603,0.942,0.004336
2026-08-31T09:23:32Z,WUSDT,COOLING,NONE,0.0,0.0,0.0,14.02,6.47,10393.74,3355.7,True,False,-0.0323,78752.88,0.0603,1.004,0.009278
2026-08-31T09:23:34Z,REDUSDT,COOLING,NONE,0.0,0.0,0.0,14.62,0.0,6111.32,6669.96,True,False,0.0,78752.88,0.0603,1.021,0.10945
2026-08-31T09:24:05Z,XRPUSDT,COOLING,NONE,0.0,0.0,0.0,1.45,-0.73,46149.88,89411.37,True,False,0.0182,78738.47,-0.0183,1.943,1.3758
2026-08-31T09:24:08Z,HBARUSDT,COOLING,BUY,7.45,7.83,7.83,1.35,-0.0,37379.41,17251.84,True,False,0.0269,78738.47,-0.0183,0.979,0.07424
2026-08-31T09:24:11Z,RIZEUSDT,COOLING,NONE,0.0,0.0,0.0,62.31,0.0,118.19,1033.35,True,False,0.0,78738.47,-0.0183,1.971,0.004331
2026-08-31T09:24:13Z,WUSDT,COOLING,NONE,0.0,0.0,0.0,14.02,0.0,10393.74,3355.7,True,False,0.0,78738.47,-0.0183,0.96,0.009271
2026-08-31T09:24:15Z,REDUSDT,COOLING,NONE,0.0,0.0,0.0,11.87,0.0,5829.48,5458.0,True,False,0.0,78738.47,-0.0183,0.938,0.10953
2026-08-31T09:24:47Z,XRPUSDT,COOLING,BUY,0.0,14.88,14.88,2.18,0.0,84128.45,40667.56,True,False,0.0,78786.95,0.0616,1.089,1.3771
2026-08-31T09:24:51Z,HBARUSDT,COOLING,NONE,0.0,0.0,0.0,1.35,0.0,35829.21,17105.31,True,False,0.0,78786.95,0.0616,1.016,0.07426
2026-08-31T09:24:53Z,RIZEUSDT,COOLING,NONE,0.0,0.0,0.0,62.31,0.0,118.19,1033.35,True,False,0.0,78786.95,0.0616,1.115,0.004331
2026-08-31T09:24:55Z,WUSDT,COOLING,NONE,0.0,0.0,0.0,10.78,0.0,10393.74,3355.7,True,False,0.0,78786.95,0.0616,1.01,0.009277
2026-08-31T09:24:58Z,REDUSDT,COOLING,NONE,0.0,0.0,0.0,14.62,0.0,5620.33,6051.75,True,False,0.0,78786.95,0.0616,0.979,0.10953
2026-08-31T09:26:07Z,XRPUSDT,COOLING,BUY,16.98,17.71,17.71,2.91,0.73,54494.35,62737.73,True,False,0.0109,78679.78,-0.136,0.978,1.373
2026-08-31T09:26:09Z,HBARUSDT,COOLING,NONE,0.0,0.0,0.0,1.35,0.0,41515.99,29949.22,True,False,0.0,78679.78,-0.136,0.962,0.0743
2026-08-31T09:26:11Z,RIZEUSDT,COOLING,SELL,4.74,0.0,4.74,34.57,0.0,124.25,233.0,True,False,0.0,78679.78,-0.136,0.971,0.004332
2026-08-31T09:26:13Z,WUSDT,COOLING,NONE,0.0,0.0,0.0,15.1,0.0,9233.74,3355.7,True,False,0.0,78679.78,-0.136,0.993,0.009274
2026-08-31T09:26:15Z,REDUSDT,COOLING,NONE,0.0,0.0,0.0,11.89,0.0,5832.09,5472.67,True,False,0.0,78679.78,-0.136,0.949,0.10942
2026-08-31T09:26:49Z,XRPUSDT,COOLING,BUY,0.0,1.33,1.33,2.18,0.0,93675.86,56818.39,True,False,0.0,78686.19,0.0081,0.927,1.374
2026-08-31T09:26:50Z,HBARUSDT,COOLING,NONE,0.0,0.0,0.0,1.35,0.0,37421.6,27292.51,True,False,0.0,78686.19,0.0081,1.007,0.07427
2026-08-31T09:26:54Z,RIZEUSDT,COOLING,NONE,0.0,0.0,0.0,34.57,0.0,118.36,1039.98,True,False,0.0,78686.19,0.0081,0.924,0.004332
2026-08-31T09:26:57Z,WUSDT,COOLING,NONE,0.0,0.0,0.0,14.02,0.0,9233.74,4774.11,True,False,0.0,78686.19,0.0081,0.925,0.009276
2026-08-31T09:27:00Z,REDUSDT,COOLING,NONE,0.0,0.0,0.0,11.89,0.0,5832.09,3107.34,True,False,0.0,78686.19,0.0081,0.988,0.10939
2026-08-31T09:27:31Z,XRPUSDT,COOLING,BUY,0.0,12.93,12.93,2.18,0.0,51289.54,52669.26,True,False,0.0,78693.81,0.0097,1.963,1.374
2026-08-31T09:27:33Z,HBARUSDT,COOLING,NONE,0.0,0.0,0.0,1.35,0.0,42545.22,33664.33,True,False,0.0,78693.81,0.0097,0.945,0.07428
2026-08-31T09:27:35Z,RIZEUSDT,COOLING,NONE,0.0,0.0,0.0,62.31,0.0,124.25,1033.67,True,False,0.0,78693.81,0.0097,0.946,0.004332
2026-08-31T09:27:37Z,WUSDT,COOLING,NONE,0.0,0.0,0.0,7.55,0.0,9982.44,4655.24,True,False,0.0,78693.81,0.0097,0.984,0.009282
2026-08-31T09:27:38Z,REDUSDT,COOLING,NONE,0.0,0.0,0.0,11.89,0.0,5832.09,1832.45,True,False,0.0,78693.81,0.0097,0.973,0.10935
2026-08-31T09:28:34Z,XRPUSDT,COOLING,NONE,0.0,0.0,0.0,2.18,0.0,54268.97,43706.27,True,False,0.0,78726.02,0.0409,0.974,1.3755
2026-08-31T09:28:36Z,HBARUSDT,COOLING,NONE,0.0,0.0,0.0,1.35,0.0,41496.8,19827.72,True,False,0.0,78726.02,0.0409,0.964,0.07432
2026-08-31T09:28:38Z,RIZEUSDT,COOLING,SELL,0.25,0.0,0.25,62.31,0.0,118.53,1028.9,True,False,0.0,78726.02,0.0409,0.948,0.004332
2026-08-31T09:28:41Z,WUSDT,COOLING,NONE,0.0,0.0,0.0,7.55,0.0,9982.44,4655.24,True,False,0.0,78726.02,0.0409,0.992,0.009276
2026-08-31T09:28:43Z,REDUSDT,COOLING,NONE,0.0,0.0,0.0,11.87,0.0,5828.22,5475.26,True,False,0.0,78726.02,0.0409,0.945,0.1095
2026-08-31T09:29:20Z,XRPUSDT,COOLING,NONE,0.0,0.0,0.0,2.18,1.46,101033.71,70924.09,True,False,-0.0146,78682.14,-0.0557,1.946,1.3747
2026-08-31T09:29:22Z,HBARUSDT,COOLING,NONE,0.0,0.0,0.0,1.35,0.0,37218.48,19093.33,True,False,0.0,78682.14,-0.0557,0.985,0.07432
2026-08-31T09:29:25Z,RIZEUSDT,COOLING,NONE,0.0,0.0,0.0,62.31,0.0,118.19,1028.9,True,False,0.0,78682.14,-0.0557,1.993,0.004331
2026-08-31T09:29:28Z,WUSDT,COOLING,NONE,0.0,0.0,0.0,6.46,0.0,15730.91,4297.27,True,False,0.0,78682.14,-0.0557,0.975,0.009277
2026-08-31T09:29:30Z,REDUSDT,COOLING,SELL,10.93,0.0,10.93,21.01,0.0,5918.49,5169.9,True,False,0.0,78682.14,-0.0557,0.966,0.10954
2026-08-31T09:30:05Z,XRPUSDT,COOLING,SELL,9.38,3.01,9.38,1.46,0.0,53126.07,119357.85,True,False,-0.0073,78655.01,-0.0345,1.042,1.3736
2026-08-31T09:30:08Z,HBARUSDT,COOLING,NONE,0.0,0.0,0.0,1.35,0.0,36518.34,14990.1,True,False,-0.0135,78655.01,-0.0345,1.991,0.0743
2026-08-31T09:30:10Z,RIZEUSDT,COOLING,NONE,0.0,0.0,0.0,62.31,0.0,118.19,1028.9,True,False,0.0,78655.01,-0.0345,0.997,0.004337
2026-08-31T09:30:14Z,WUSDT,COOLING,NONE,0.0,0.0,0.0,14.02,0.0,8594.16,3872.0,True,False,0.0,78655.01,-0.0345,1.021,0.009284
2026-08-31T09:30:17Z,REDUSDT,COOLING,NONE,0.0,0.0,0.0,14.62,0.0,5293.63,6718.5,True,False,0.0,78655.01,-0.0345,1.107,0.10946
2026-08-31T09:31:22Z,XRPUSDT,COOLING,NONE,0.0,0.0,0.0,1.46,0.0,74395.85,67230.72,True,False,-0.0146,78682.07,0.0344,1.383,1.3747
2026-08-31T09:31:23Z,HBARUSDT,COOLING,SELL,45.83,0.0,45.83,1.35,-1.35,52026.36,27679.28,True,False,-0.0067,78682.07,0.0344,1.008,0.07427
2026-08-31T09:31:25Z,RIZEUSDT,COOLING,NONE,0.0,0.0,0.0,62.31,0.0,118.19,1028.9,True,False,0.0,78682.07,0.0344,0.959,0.004337
2026-08-31T09:31:27Z,WUSDT,COOLING,NONE,0.0,0.0,0.0,15.1,0.0,8594.16,3872.0,True,False,0.0,78682.07,0.0344,1.447,0.009271
2026-08-31T09:31:30Z,REDUSDT,COOLING,NONE,0.0,0.0,0.0,11.89,-2.73,5930.24,6718.5,True,False,-0.0868,78682.07,0.0344,1.12,0.10947
2026-08-31T09:32:03Z,XRPUSDT,COOLING,NONE,0.0,0.0,0.0,0.73,0.0,60462.51,46466.47,True,False,0.0,78662.13,-0.0253,0.973,1.3741
2026-08-31T09:32:06Z,HBARUSDT,COOLING,BUY,0.0,1.77,1.77,1.35,0.0,46456.25,38849.81,True,False,-0.0135,78662.13,-0.0253,2.059,0.07428
2026-08-31T09:32:09Z,RIZEUSDT,COOLING,NONE,0.0,0.0,0.0,62.31,0.0,118.19,1028.9,True,False,0.0,78662.13,-0.0253,0.952,0.004335
2026-08-31T09:32:11Z,WUSDT,COOLING,NONE,0.0,0.0,0.0,14.02,0.0,7997.04,4656.95,True,False,0.0,78662.13,-0.0253,1.99,0.009267
2026-08-31T09:32:13Z,REDUSDT,COOLING,NONE,0.0,0.0,0.0,21.94,0.0,5930.24,6645.41,True,False,0.0,78662.13,-0.0253,0.963,0.10934
2026-08-31T09:32:51Z,XRPUSDT,COOLING,BUY,0.0,68.69,68.69,0.73,-0.73,65804.3,131073.43,True,False,0.0036,78671.74,0.0122,0.976,1.375
2026-08-31T09:32:53Z,HBARUSDT,COOLING,BUY,0.0,37.52,37.52,1.35,0.0,45180.53,44222.99,True,False,0.0,78671.74,0.0122,0.944,0.07429
2026-08-31T09:32:55Z,RIZEUSDT,COOLING,NONE,0.0,0.0,0.0,62.31,0.0,118.19,1028.9,True,False,0.0,78671.74,0.0122,0.963,0.004335
2026-08-31T09:32:57Z,WUSDT,COOLING,NONE,0.0,0.0,0.0,14.02,0.0,7997.04,4656.95,True,False,0.0,78671.74,0.0122,0.981,0.009271
2026-08-31T09:32:58Z,REDUSDT,COOLING,NONE,0.0,0.0,0.0,11.89,0.0,7036.75,6203.78,True,False,0.0,78671.74,0.0122,0.944,0.10939
2026-08-31T09:34:02Z,XRPUSDT,COOLING,NONE,0.0,0.0,0.0,0.73,-0.73,64503.56,57808.17,True,False,-0.0182,78692.13,0.0259,2.026,1.3754
2026-08-31T09:34:04Z,HBARUSDT,COOLING,NONE,0.0,0.0,0.0,1.35,0.0,24452.94,27186.34,True,False,0.0,78692.13,0.0259,1.912,0.07433
2026-08-31T09:34:07Z,RIZEUSDT,COOLING,NONE,0.0,0.0,0.0,62.31,0.0,118.19,1028.9,True,False,0.0,78692.13,0.0259,1.982,0.004335
2026-08-31T09:34:09Z,WUSDT,COOLING,NONE,0.0,0.0,0.0,14.03,0.0,8209.54,5045.93,True,False,0.0,78692.13,0.0259,0.929,0.009282
2026-08-31T09:34:11Z,REDUSDT,COOLING,NONE,0.0,0.0,0.0,11.89,0.0,7036.75,6037.5,True,False,0.0,78692.13,0.0259,1.004,0.10935
2026-08-31T09:34:40Z,XRPUSDT,COOLING,BUY,0.0,48.9,48.9,0.73,0.0,66062.5,101611.3,True,False,-0.0145,78658.25,-0.0431,1.012,1.375
2026-08-31T09:34:43Z,HBARUSDT,COOLING,SELL,48.21,0.0,48.21,2.69,1.35,50817.96,32212.46,True,False,-0.0067,78658.25,-0.0431,1.021,0.07431
2026-08-31T09:34:46Z,RIZEUSDT,COOLING,NONE,0.0,0.0,0.0,62.31,0.0,118.19,1028.9,True,False,0.0,78658.25,-0.0431,0.963,0.004335
2026-08-31T09:34:48Z,WUSDT,COOLING,NONE,0.0,0.0,0.0,14.03,0.0,8209.54,5045.93,True,False,0.0,78658.25,-0.0431,0.95,0.009266
2026-08-31T09:34:51Z,REDUSDT,COOLING,NONE,0.0,0.0,0.0,11.89,0.0,7036.75,6037.5,True,False,0.0,78658.25,-0.0431,0.958,0.10934
2026-08-31T09:35:22Z,XRPUSDT,COOLING,NONE,0.0,0.0,0.0,2.18,0.0,70079.51,55456.71,True,False,0.0,78655.0,-0.0041,0.97,1.3746
2026-08-31T09:35:24Z,HBARUSDT,COOLING,NONE,0.0,0.0,0.0,1.35,0.0,24452.94,30606.09,True,False,0.0,78655.0,-0.0041,0.949,0.07431
2026-08-31T09:35:26Z,RIZEUSDT,COOLING,NONE,0.0,0.0,0.0,62.31,0.0,118.19,1028.9,True,False,0.0,78655.0,-0.0041,0.979,0.004332
2026-08-31T09:35:28Z,WUSDT,COOLING,NONE,0.0,0.0,0.0,14.02,0.0,9560.53,4656.95,True,False,0.0,78655.0,-0.0041,1.941,0.009266
2026-08-31T09:35:31Z,REDUSDT,COOLING,NONE,0.0,0.0,0.0,11.89,0.0,7036.75,6037.5,True,False,0.0,78655.0,-0.0041,1.932,0.10936
2026-08-31T09:36:33Z,XRPUSDT,COOLING,BUY,0.0,6.07,6.07,2.18,-0.0,181385.74,63533.7,True,False,0.0146,78635.0,-0.0254,1.138,1.374
2026-08-31T09:36:35Z,HBARUSDT,COOLING,NONE,0.0,0.0,0.0,1.35,0.0,34606.26,28356.09,True,False,0.0,78635.0,-0.0254,1.011,0.07428
2026-08-31T09:36:38Z,RIZEUSDT,COOLING,SELL,0.14,0.0,0.14,62.31,0.0,118.36,1028.9,True,False,0.0,78635.0,-0.0254,0.988,0.004337
2026-08-31T09:36:41Z,WUSDT,COOLING,NONE,0.0,0.0,0.0,14.02,0.0,9560.53,4655.24,True,False,0.0,78635.0,-0.0254,2.461,0.009275
2026-08-31T09:36:43Z,REDUSDT,COOLING,NONE,0.0,0.0,0.0,11.89,0.0,7036.75,5867.97,True,False,0.0,78635.0,-0.0254,0.991,0.10935
2026-08-31T09:37:15Z,XRPUSDT,COOLING,BUY,28.08,28.41,28.41,2.18,0.0,53996.21,91774.48,True,False,0.0,78645.19,0.013,0.925,1.3745
2026-08-31T09:37:17Z,HBARUSDT,COOLING,NONE,0.0,0.0,0.0,1.35,0.0,33624.21,10939.36,True,False,0.0,78645.19,0.013,1.046,0.07427
2026-08-31T09:37:18Z,RIZEUSDT,COOLING,NONE,0.0,0.0,0.0,62.31,0.0,118.19,1028.9,True,False,0.0,78645.19,0.013,0.995,0.00433
2026-08-31T09:37:20Z,WUSDT,COOLING,NONE,0.0,0.0,0.0,15.1,0.0,8209.54,4993.41,True,False,0.0,78645.19,0.013,0.904,0.00927
2026-08-31T09:37:23Z,REDUSDT,COOLING,BUY,0.0,0.05,0.05,10.07,-1.82,2801.46,1653.93,True,False,-0.0914,78645.19,0.013,2.051,0.10938
2026-08-31T09:37:54Z,XRPUSDT,COOLING,NONE,0.0,0.0,0.0,2.18,0.0,86713.83,58011.73,True,False,0.0,78600.0,-0.0575,1.426,1.3734
2026-08-31T09:37:55Z,HBARUSDT,COOLING,NONE,0.0,0.0,0.0,1.35,0.0,47996.34,14532.6,True,False,0.0,78600.0,-0.0575,1.069,0.07424
2026-08-31T09:37:58Z,RIZEUSDT,COOLING,NONE,0.0,0.0,0.0,62.31,0.0,118.19,1028.9,True,False,0.0,78600.0,-0.0575,0.985,0.00433
2026-08-31T09:38:00Z,WUSDT,COOLING,NONE,0.0,0.0,0.0,15.1,0.0,9968.36,4240.67,True,False,0.0,78600.0,-0.0575,0.984,0.009275
2026-08-31T09:38:02Z,REDUSDT,COOLING,NONE,0.0,0.0,0.0,10.07,0.0,6573.01,1920.36,True,False,0.0,78600.0,-0.0575,1.028,0.10926
2026-08-31T09:39:06Z,XRPUSDT,COOLING,NONE,0.0,0.0,0.0,2.18,0.0,140187.77,78937.07,True,False,0.0,78625.0,0.0318,0.951,1.3744
2026-08-31T09:39:07Z,HBARUSDT,COOLING,SELL,6.51,0.0,6.51,1.35,0.0,41596.54,35595.49,True,False,0.0,78625.0,0.0318,0.95,0.07425
2026-08-31T09:39:10Z,RIZEUSDT,COOLING,NONE,0.0,0.0,0.0,62.31,0.0,118.19,1032.0,True,False,0.0,78625.0,0.0318,1.091,0.004335
2026-08-31T09:39:13Z,WUSDT,COOLING,SELL,4.7,0.0,4.7,14.02,0.0,8814.97,2882.28,True,False,0.0,78625.0,0.0318,0.99,0.009284
2026-08-31T09:39:16Z,REDUSDT,COOLING,NONE,0.0,0.0,0.0,10.07,0.0,6573.01,1920.36,True,False,0.0,78625.0,0.0318,0.969,0.10929
2026-08-31T09:39:53Z,XRPUSDT,COOLING,BUY,42.06,44.41,44.41,1.46,-0.0,116775.05,66628.15,True,False,0.0146,78630.78,0.0074,1.003,1.3742
2026-08-31T09:39:57Z,HBARUSDT,COOLING,NONE,0.0,0.0,0.0,1.35,0.0,38877.55,13463.27,True,False,0.0,78630.78,0.0074,1.005,0.07423
2026-08-31T09:39:59Z,RIZEUSDT,COOLING,NONE,0.0,0.0,0.0,50.8,-11.51,118.19,1032.0,True,False,-0.0577,78630.78,0.0074,0.93,0.004335
2026-08-31T09:40:01Z,WUSDT,COOLING,NONE,0.0,0.0,0.0,12.95,0.0,8209.54,3672.46,True,False,0.0,78630.78,0.0074,0.966,0.00927
2026-08-31T09:40:03Z,REDUSDT,COOLING,NONE,0.0,0.0,0.0,10.07,0.0,6573.01,1920.36,True,False,0.0,78630.78,0.0074,1.406,0.10927
2026-08-31T09:40:38Z,XRPUSDT,COOLING,NONE,0.0,0.0,0.0,1.46,0.0,168723.92,81135.29,True,False,0.0,78630.78,0.0,0.907,1.374
2026-08-31T09:40:39Z,HBARUSDT,COOLING,NONE,0.0,0.0,0.0,1.35,0.0,33906.95,27676.09,True,False,0.0,78630.78,0.0,0.996,0.07424
2026-08-31T09:40:41Z,RIZEUSDT,COOLING,NONE,0.0,0.0,0.0,62.31,0.0,118.19,1026.52,True,False,0.0,78630.78,0.0,0.929,0.004328
2026-08-31T09:40:43Z,WUSDT,COOLING,NONE,0.0,0.0,0.0,8.62,0.0,11297.84,3953.95,True,False,0.0,78630.78,0.0,1.046,0.009269
2026-08-31T09:40:45Z,REDUSDT,COOLING,NONE,0.0,0.0,0.0,10.07,0.0,2898.03,1920.36,True,False,0.0,78630.78,0.0,0.924,0.10929
2026-08-31T09:41:47Z,XRPUSDT,COOLING,SELL,8.28,0.0,8.28,1.46,-0.73,69141.07,59125.82,True,False,0.0036,78613.72,-0.0217,1.992,1.3734
2026-08-31T09:41:51Z,HBARUSDT,COOLING,NONE,0.0,0.0,0.0,1.35,0.0,46278.64,16620.75,True,False,0.0,78613.72,-0.0217,2.015,0.0742
2026-08-31T09:41:54Z,RIZEUSDT,COOLING,NONE,0.0,0.0,0.0,62.31,0.0,118.19,1026.52,True,False,0.0,78613.72,-0.0217,0.967,0.004327
2026-08-31T09:41:59Z,WUSDT,COOLING,NONE,0.0,0.0,0.0,8.62,0.0,16547.66,2812.44,True,False,0.0,78613.72,-0.0217,2.072,0.009278
2026-08-31T09:42:01Z,REDUSDT,COOLING,NONE,0.0,0.0,0.0,10.07,0.0,2898.03,1920.36,True,False,0.0,78613.72,-0.0217,0.938,0.10926
2026-08-31T09:42:38Z,XRPUSDT,COOLING,BUY,0.0,0.09,0.09,2.18,0.0,60853.3,60501.61,True,False,-0.0146,78635.0,0.0271,0.971,1.3743
2026-08-31T09:42:41Z,HBARUSDT,COOLING,NONE,0.0,0.0,0.0,1.35,0.0,16842.54,31373.27,True,False,0.0,78635.0,0.0271,1.977,0.0742
2026-08-31T09:42:43Z,RIZEUSDT,COOLING,NONE,0.0,0.0,0.0,62.31,0.0,118.19,1026.52,True,False,0.0,78635.0,0.0271,0.94,0.004328
2026-08-31T09:42:45Z,WUSDT,COOLING,NONE,0.0,0.0,0.0,10.77,0.0,11969.49,3141.47,True,False,0.0,78635.0,0.0271,0.908,0.009298
2026-08-31T09:42:47Z,REDUSDT,COOLING,NONE,0.0,0.0,0.0,10.07,0.0,5472.55,2199.64,True,False,0.0,78635.0,0.0271,0.947,0.10928
2026-08-31T09:43:18Z,XRPUSDT,COOLING,NONE,0.0,0.0,0.0,1.46,-0.73,100004.48,43151.68,True,False,0.0109,78634.99,-0.0,0.909,1.3741
2026-08-31T09:43:20Z,HBARUSDT,COOLING,NONE,0.0,0.0,0.0,1.35,0.0,36680.49,14513.45,True,False,0.0,78634.99,-0.0,0.959,0.07426
2026-08-31T09:43:23Z,RIZEUSDT,COOLING,NONE,0.0,0.0,0.0,57.5,0.0,118.58,1040.44,True,False,0.0,78634.99,-0.0,2.047,0.004335
2026-08-31T09:43:25Z,WUSDT,COOLING,NONE,0.0,0.0,0.0,9.7,-3.24,11709.93,3355.7,True,False,0.0162,78634.99,-0.0,1.072,0.009285
2026-08-31T09:43:28Z,REDUSDT,COOLING,BUY,0.0,63.0,63.0,10.07,0.0,5472.55,5599.41,True,False,0.0,78634.99,-0.0,0.964,0.10928
